timestamp,node_id,parent_id,rank,buf_occupancy,dio_sent,dao_sent,dis_sent,nbr_count,tx_slot_count,parent_switch_count,rssi,route_count,delta_tx,delta_rx,app_packet_count,forward_ratio,bcast_tx,is_attacker,attack_type
8,1,0,256,0,1,0,0,1,0,0,0,0,614,4017,0,100,15,0,0
13,1,0,256,0,2,0,0,2,0,0,0,2,660,4231,0,100,5,0,0
17,1,0,256,0,2,0,0,2,0,0,0,2,513,3956,0,100,3,0,0
6,4,1,512,10,0,0,1,1,0,1,-61,0,270,23352,0,100,3,0,0
12,4,1,640,70,2,1,1,2,0,1,-61,0,533,5845,1,100,5,0,0
21,4,1,640,60,2,2,1,2,0,1,-61,0,1254,8733,1,100,8,0,0
26,1,0,256,0,3,0,0,3,0,0,0,3,1448,10460,2,100,7,0,0
8,5,1,512,20,1,1,1,1,0,1,-76,0,790,7015,0,100,7,0,0
13,5,1,640,30,2,2,1,2,0,1,-76,0,666,4695,1,100,4,0,0
18,5,1,640,50,2,2,1,2,0,1,-76,0,457,4380,1,100,3,0,0
30,5,1,512,10,4,2,1,2,1,1,-76,0,1725,12323,2,100,8,0,0
9,3,1,640,30,1,1,1,2,0,1,-76,0,1215,7737,0,100,12,0,0
15,3,1,640,80,2,1,1,3,0,1,-76,0,852,5676,1,100,8,0,0
21,3,1,640,80,2,2,1,3,0,1,-76,0,395,3889,1,100,3,0,0
33,4,1,512,0,4,2,1,3,1,1,-61,0,1739,12835,2,100,8,0,0
30,3,1,640,80,3,2,1,3,0,1,-76,0,1038,9020,2,100,6,0,0
35,1,0,256,0,3,0,0,3,0,0,0,3,1696,16043,6,100,4,0,0
35,5,1,512,10,4,2,1,3,1,1,-76,0,664,6334,2,100,4,0,0
39,4,1,512,0,5,2,1,3,1,1,-61,0,639,6664,2,100,4,0,0
39,3,1,512,0,4,2,1,3,1,1,-76,0,1629,10781,2,100,7,0,0
41,5,1,512,10,5,2,1,3,1,1,-76,0,647,6233,3,100,4,0,0
45,1,0,256,0,3,0,0,3,0,0,0,3,1225,16607,9,100,5,0,0
47,5,1,512,0,5,2,1,3,1,1,-76,0,277,4501,3,100,1,0,0
46,4,1,512,0,5,2,1,3,1,1,-61,0,545,6471,3,100,3,0,0
48,3,1,512,0,5,3,1,3,1,1,-76,0,946,9349,3,100,6,0,0
49,1,0,256,0,4,0,0,3,0,0,0,3,680,7775,9,100,3,0,0
50,5,1,512,0,6,3,1,3,1,1,-76,0,596,4273,3,100,3,0,0
54,3,1,512,0,6,3,1,3,1,1,-76,0,433,4610,3,100,2,0,0
55,4,1,512,0,7,3,1,3,1,1,-61,0,1020,8677,3,100,4,0,0
57,1,0,256,0,4,0,0,3,0,0,0,3,847,12406,11,100,2,0,0
58,5,1,512,0,8,3,1,4,1,1,-76,0,991,8525,4,100,4,0,0
58,3,1,512,0,7,3,1,4,1,1,-76,0,525,5064,4,100,3,0,0
60,4,1,512,0,8,3,1,4,1,1,-61,1,756,5719,4,100,3,0,0
53,9,4,768,10,0,0,1,1,0,1,-52,0,290,4682,0,100,2,0,0
62,1,0,256,0,4,0,0,3,0,0,0,4,774,9888,13,100,2,0,0
64,9,4,768,0,1,1,1,3,1,1,-52,0,1826,11542,1,100,10,0,0
67,5,1,512,0,9,3,1,4,1,1,-76,0,763,11094,4,100,4,0,0
68,3,1,512,0,8,3,1,4,1,1,-76,0,782,9242,4,100,5,0,0
71,4,1,512,0,9,3,1,4,1,1,-61,1,1696,16058,4,100,5,0,0
73,1,0,256,0,4,0,0,3,0,0,0,4,1455,19962,17,100,4,0,0
74,9,4,768,0,3,1,1,3,1,1,-52,0,1098,10380,2,100,8,0,0
76,5,1,512,0,10,3,1,4,1,1,-76,0,671,10063,5,100,4,0,0
75,4,1,512,0,10,3,1,4,1,1,-61,1,803,7219,5,100,2,0,0
78,3,1,512,0,8,3,1,4,1,1,-76,0,593,10249,5,100,3,0,0
81,1,0,256,0,4,0,0,3,0,0,0,4,860,12602,17,100,3,0,0
82,5,1,512,0,10,3,1,4,1,1,-76,0,375,7345,5,100,2,0,0
81,9,4,768,0,4,1,1,3,1,1,-52,0,694,6599,2,100,5,0,0
82,4,1,512,0,11,3,1,4,1,1,-61,1,704,9601,5,100,3,0,0
83,3,1,512,0,9,3,1,4,1,1,-76,0,549,5212,5,100,3,0,0
86,4,1,512,20,11,3,1,4,1,1,-61,1,309,6987,6,100,1,0,0
88,5,1,512,10,11,3,1,4,1,1,-76,0,663,7944,6,100,3,0,0
89,3,1,512,0,11,3,1,4,1,1,-76,0,727,8626,6,100,3,0,0
91,1,0,256,0,4,0,0,3,0,0,0,4,1259,18542,21,100,3,0,0
92,9,4,768,0,5,1,2,3,1,1,-52,0,949,11807,3,100,7,0,0
95,4,1,512,0,12,3,1,5,1,1,-61,1,1335,14036,6,100,4,0,0
97,3,1,512,0,11,3,1,5,1,1,-76,0,468,9712,6,100,2,0,0
97,5,1,512,0,11,3,1,4,1,1,-76,0,674,11144,6,100,3,0,0
98,1,0,256,0,4,0,0,3,0,0,0,5,620,10987,21,100,2,0,0
98,9,4,768,0,5,1,2,4,1,1,-52,0,378,4956,3,100,2,0,0
102,1,0,256,0,4,0,0,3,0,0,0,5,546,7060,23,100,2,0,0
103,4,1,512,0,12,3,1,5,1,1,-61,2,1026,13071,7,100,2,0,0
105,9,4,768,0,7,1,2,6,1,1,-52,1,1108,8083,4,100,4,0,0
107,5,1,512,0,11,3,1,6,1,1,-76,0,498,11986,7,100,2,0,0
107,4,1,512,0,14,3,1,5,1,1,-61,5,1139,7830,7,100,2,0,0
108,3,1,512,0,12,3,1,5,1,1,-76,0,747,13429,7,100,4,0,0
110,1,0,256,0,5,0,0,3,0,0,0,8,1024,14153,25,100,3,0,0
113,5,1,512,0,12,4,1,6,1,1,-76,0,563,8130,7,100,2,0,0
115,9,4,768,0,7,1,2,6,1,1,-52,2,1191,11498,4,100,4,0,0
116,4,1,512,10,14,4,1,5,1,1,-61,5,1375,14749,7,100,3,0,0
117,1,0,256,0,5,0,0,3,0,0,0,8,753,11651,26,100,2,0,0
117,5,1,512,10,13,4,1,6,1,1,-76,0,552,6551,8,100,2,0,0
118,3,1,512,0,12,4,1,5,1,1,-76,0,732,13883,8,100,3,0,0
105,11,15,1408,40,1,2,2,2,0,1,-70,0,1254,9571,0,100,10,0,0
114,11,15,1536,80,2,3,2,2,0,1,-70,0,1327,7863,0,100,9,0,0
121,4,1,512,10,14,4,1,5,1,1,-61,5,913,9015,8,100,1,0,0
121,5,1,512,0,13,4,1,6,1,1,-76,0,792,6874,8,100,1,0,0
104,15,9,1152,40,1,1,2,2,0,1,-70,0,1288,9320,0,100,12,0,0
117,15,9,1152,90,2,1,2,3,0,1,-70,1,1670,11224,1,100,10,0,0
124,11,5,768,0,4,5,2,3,1,2,-70,0,1743,11740,0,100,7,0,0
126,3,1,512,0,12,4,1,5,1,1,-76,0,400,7565,8,100,2,0,0
126,4,1,512,0,14,4,1,5,1,1,-61,5,850,7051,8,100,1,0,0
126,1,0,256,0,5,0,0,3,0,0,0,8,1314,17062,30,100,2,0,0
126,5,1,512,0,13,4,1,6,1,1,-76,1,692,8307,8,100,2,0,0
127,9,4,768,0,9,1,2,6,1,1,-52,2,1832,18110,5,100,6,0,0
127,15,9,1024,0,4,1,2,3,1,1,-70,1,1485,10394,1,100,8,0,0
131,1,0,256,0,5,0,0,3,0,0,0,8,467,7801,31,100,1,0,0
132,5,1,512,10,13,4,1,6,1,1,-76,1,386,7143,9,100,1,0,0
131,15,9,1024,0,5,1,2,3,1,1,-70,1,564,4654,2,100,3,0,0
133,11,5,768,0,6,5,2,3,1,2,-70,0,1002,8839,1,100,7,0,0
135,3,1,512,0,13,4,1,5,1,1,-76,0,581,11406,9,100,2,0,0
137,4,1,512,0,15,4,1,5,1,1,-61,5,1767,18700,9,100,4,0,0
138,5,1,512,0,13,4,1,6,1,1,-76,1,681,9118,9,100,1,0,0
139,9,4,768,0,10,1,2,6,1,1,-52,2,1547,17267,6,100,4,0,0
138,1,0,256,0,5,0,0,3,0,0,0,8,1103,13978,36,100,2,0,0
138,11,5,768,0,6,5,2,4,1,2,-70,0,352,4890,1,100,2,0,0
140,15,9,1024,0,7,1,2,4,1,1,-70,2,1291,9934,2,100,4,0,0
142,3,1,512,0,14,4,1,5,1,1,-76,0,501,7824,9,100,3,0,0
135,21,15,1280,30,1,0,3,1,0,1,-70,0,1094,150864,0,100,11,0,0
139,21,15,1280,40,1,1,3,1,0,1,-70,0,934,4412,0,100,6,0,0
144,4,1,512,10,15,4,1,5,1,1,-61,6,1245,12391,9,100,1,0,0
145,1,0,256,0,5,0,0,3,0,0,0,9,767,11416,37,100,2,0,0
146,5,1,512,10,13,4,1,6,1,1,-76,1,714,12329,9,100,2,0,0
147,9,4,768,0,10,1,2,6,1,1,-52,3,1252,13630,6,100,2,0,0
147,3,1,512,0,14,4,1,5,1,1,-76,0,254,5964,9,100,1,0,0
147,11,5,768,0,7,5,2,4,1,2,-70,0,778,7933,2,100,5,0,0
147,21,15,1280,0,3,1,3,2,1,1,-70,0,1102,6476,0,100,7,0,0
108,8,4,896,80,3,2,2,4,0,2,-70,1,1195,10064,2,100,7,0,0
150,1,0,256,0,5,0,0,3,0,0,0,9,978,10581,43,100,1,0,0
121,8,4,896,90,3,2,2,4,0,2,-70,1,1038,10786,3,100,6,0,0
129,8,4,896,90,3,2,2,4,0,2,-70,1,596,7374,3,100,4,0,0
152,11,5,768,0,7,5,2,4,1,2,-70,0,278,4611,2,100,1,0,0
133,8,4,896,100,3,2,2,4,0,2,-70,1,346,3590,4,100,2,0,0
152,3,1,512,0,14,4,1,5,1,1,-76,0,353,6540,10,100,1,0,0
139,8,4,896,90,4,2,2,4,0,2,-70,1,575,5825,4,100,3,0,0
153,4,1,512,20,15,4,1,5,1,1,-61,6,2929,18978,10,100,2,0,0
153,15,9,1024,0,7,1,2,4,1,1,-70,2,1917,15407,3,100,6,0,0
151,8,4,768,60,4,2,2,4,1,2,-70,1,1213,11038,5,100,5,0,0
155,9,4,768,0,10,1,2,6,1,1,-52,3,1301,13863,7,100,2,0,0
155,3,1,512,0,14,4,1,5,1,1,-76,0,255,5021,10,100,1,0,0
157,21,15,1280,0,4,1,3,2,1,1,-70,0,903,8866,1,100,6,0,0
157,5,1,512,0,13,4,1,6,1,1,-76,1,1404,18703,10,100,3,0,0
158,8,4,768,0,5,2,2,4,1,2,-70,1,1162,7820,5,100,3,0,0
159,11,5,768,0,8,5,2,4,1,2,-70,0,671,7891,2,100,4,0,0
159,9,4,768,0,10,1,2,6,1,1,-52,3,558,6652,7,100,2,0,0
159,4,1,512,0,15,4,1,5,1,1,-61,6,1384,11947,10,100,2,0,0
160,1,0,256,0,5,0,0,3,0,0,0,9,1452,18573,47,100,2,0,0
160,3,1,512,0,14,4,1,5,1,1,-76,0,283,5249,10,100,1,0,0
162,5,1,512,10,14,4,1,6,1,1,-76,1,790,9793,11,100,1,0,0
164,15,9,1024,0,10,1,2,4,1,1,-70,2,1574,16986,4,100,7,0,0
166,8,4,768,0,6,2,2,4,1,2,-70,1,793,8089,6,100,4,0,0
166,21,15,1280,0,4,1,3,2,1,1,-70,0,800,9314,2,100,5,0,0
168,9,4,768,0,11,1,2,6,1,1,-52,3,1386,15237,8,100,3,0,0
168,11,5,768,0,9,5,2,4,1,2,-70,0,705,11493,3,100,4,0,0
168,1,0,256,0,5,0,0,3,0,0,0,9,1331,15943,54,100,2,0,0
169,4,1,512,0,15,4,1,5,1,1,-61,6,2073,20403,11,100,2,0,0
169,5,1,512,10,14,4,1,6,1,1,-76,1,740,10471,11,100,2,0,0
170,3,1,512,0,15,4,1,5,1,1,-76,0,703,12430,11,100,3,0,0
171,15,9,1024,0,10,1,2,4,1,1,-70,2,763,10703,4,100,3,0,0
172,8,4,768,0,7,2,2,4,1,2,-70,1,468,5549,6,100,1,0,0
172,21,15,1280,0,5,1,3,2,1,1,-70,0,575,5444,2,100,4,0,0
174,5,1,512,0,14,4,1,6,1,1,-76,1,338,7021,11,100,1,0,0
176,9,4,768,0,12,1,2,6,1,1,-52,3,1096,12801,8,100,2,0,0
176,15,9,1024,0,10,1,2,4,1,1,-70,2,617,7893,5,100,2,0,0
177,4,1,512,0,15,4,1,5,1,1,-61,6,1612,17157,12,100,1,0,0
177,1,0,256,0,5,0,0,3,0,0,0,9,1179,16198,58,100,2,0,0
177,3,1,512,0,15,4,1,5,1,1,-76,0,429,9035,11,100,2,0,0
177,21,15,1280,0,6,1,3,2,1,1,-70,0,516,5026,3,100,2,0,0
178,8,4,768,0,8,2,2,4,1,2,-70,1,615,6112,7,100,3,0,0
178,11,5,768,0,11,5,2,4,1,2,-70,0,841,12715,4,100,4,0,0
179,5,1,512,0,14,4,1,6,1,1,-76,1,757,9422,12,100,1,0,0
181,15,9,1024,0,11,1,2,4,1,1,-70,1,1118,8726,5,100,2,0,0
183,8,4,768,0,8,2,2,4,1,2,-70,1,462,4324,7,100,2,0,0
183,4,1,512,0,16,4,1,5,1,1,-61,5,1804,12659,12,100,1,0,0
185,9,4,768,0,12,1,2,6,1,1,-52,2,1449,16350,9,100,2,0,0
185,21,15,1280,0,7,1,3,2,1,1,-70,0,725,8493,3,100,4,0,0
185,3,1,512,0,16,4,1,5,1,1,-76,0,507,9413,12,100,2,0,0
186,1,0,256,0,5,0,0,3,0,0,0,9,1227,16226,62,100,2,0,0
186,11,5,768,0,11,5,2,4,1,2,-70,0,498,9612,4,100,3,0,0
187,4,1,512,10,16,4,1,5,1,1,-61,5,793,9803,12,100,2,0,0
188,5,1,512,0,14,4,1,6,1,1,-76,1,661,12954,12,100,2,0,0
150,18,8,1536,100,4,1,2,1,0,1,-95,0,349,3754,4,100,2,0,0
191,1,0,256,0,5,0,0,3,0,0,0,9,580,8879,64,100,1,0,0
159,18,8,1408,80,5,1,2,1,0,1,-95,0,681,8462,4,100,5,0,0
192,3,1,512,0,16,4,1,5,1,1,-76,0,376,7993,12,100,2,0,0
191,15,9,1024,0,11,1,2,4,1,1,-70,1,1087,16783,6,100,4,0,0
169,18,8,1408,80,5,1,2,1,0,1,-95,0,435,7566,5,100,3,0,0
179,18,8,1408,100,5,1,2,1,0,1,-95,0,459,8762,6,100,3,0,0
192,21,15,1280,0,8,1,3,2,1,1,-70,0,725,8929,4,100,4,0,0
184,18,8,1408,90,5,1,2,1,0,1,-95,0,290,4785,6,100,2,0,0
188,18,8,1408,100,6,1,2,1,0,1,-95,0,252,3415,6,100,1,0,0
196,11,5,768,10,11,5,2,4,1,2,-70,0,651,11032,5,100,3,0,0
193,8,4,768,10,8,2,2,4,1,2,-70,1,2225,15445,8,100,3,0,0
194,9,4,768,0,12,1,2,6,1,1,-52,2,1437,15891,10,100,2,0,0
197,4,1,512,10,16,4,1,5,1,1,-61,5,3465,21850,13,100,1,0,0
197,1,0,256,0,6,0,0,3,0,0,0,9,1502,13286,73,100,2,0,0
197,21,15,1280,0,8,1,3,2,1,1,-70,0,381,5265,4,100,2,0,0
199,18,8,1038,0,7,1,2,1,1,1,-95,0,1510,10679,7,100,4,0,0
200,5,1,512,0,15,4,1,6,1,1,-76,1,1537,18559,13,100,3,0,0
201,1,0,256,0,6,0,0,3,0,0,0,10,524,7457,73,100,1,0,0
200,15,9,1024,0,11,1,2,4,1,1,-70,1,1048,15365,6,100,3,0,0
197,12,18,1328,10,0,0,4,1,0,1,-70,0,270,45092,0,100,3,0,0
202,3,1,512,0,16,5,1,5,1,1,-76,0,607,12910,13,100,2,0,0
201,18,8,1024,0,8,1,2,2,1,1,-95,1,834,5223,7,100,2,0,0
202,8,4,768,0,10,2,2,5,1,2,-70,2,1925,15616,8,100,5,0,0
203,9,4,768,0,12,2,2,6,1,1,-52,2,1076,14576,10,100,3,0,0
205,4,1,512,10,17,5,1,5,1,1,-61,6,2431,18663,13,100,3,0,0
204,12,8,1152,10,1,2,4,2,1,2,-70,0,1505,9046,0,100,7,0,0
206,1,0,256,0,6,0,0,3,0,0,0,10,700,8864,74,100,1,0,0
206,11,5,768,0,12,5,2,4,1,2,-70,0,869,13052,5,100,3,0,0
206,5,1,512,0,15,5,1,6,1,1,-76,1,623,9216,13,100,1,0,0
205,21,15,1280,0,9,1,3,2,1,1,-70,0,679,12079,5,100,4,0,0
207,8,4,768,10,10,3,2,6,1,2,-70,3,1203,10643,9,100,1,0,0
209,3,1,512,0,16,5,1,6,1,1,-76,0,409,9996,14,100,1,0,0
210,4,1,512,40,17,5,1,6,1,1,-61,7,2020,13372,14,100,0,0,0
206,2,8,1152,50,1,2,4,3,0,1,-70,0,1314,10763,0,100,10,0,0
208,18,8,1024,0,8,2,2,2,1,1,-95,1,621,8560,8,100,2,0,0
211,12,8,1024,0,2,3,4,3,1,2,-70,0,1001,7208,1,100,6,0,0
212,2,8,1024,0,2,2,4,3,1,1,-70,0,1027,6609,1,100,5,0,0
212,9,4,768,10,14,2,2,6,1,1,-52,2,1374,14828,11,100,3,0,0
212,15,9,1024,0,13,2,2,4,1,1,-70,1,1526,18353,7,100,4,0,0
214,3,1,512,0,16,5,1,6,1,1,-76,0,255,5119,14,100,1,0,0
213,8,4,768,0,10,3,2,6,1,2,-70,3,1817,13588,9,100,2,0,0
215,5,1,512,10,15,5,1,6,1,1,-76,1,785,13482,14,100,2,0,0
215,18,8,1024,0,8,2,2,2,1,1,-95,1,428,7706,8,100,2,0,0
217,1,0,256,0,6,0,0,3,0,0,0,10,1984,21368,84,100,2,0,0
216,11,5,768,0,14,5,2,4,1,2,-70,0,711,12593,6,100,4,0,0
215,21,15,1280,0,11,1,3,2,1,1,-70,0,754,10571,5,100,5,0,0
217,4,1,512,0,17,5,1,6,1,1,-61,7,2326,15706,14,100,2,0,0
217,9,4,768,0,14,2,2,6,1,1,-52,2,725,7704,11,100,1,0,0
217,15,9,1024,0,14,2,2,4,1,1,-70,1,619,7143,7,100,2,0,0
218,12,8,1024,0,3,3,4,3,1,2,-70,0,627,7051,1,100,4,0,0
218,2,8,1024,0,3,2,4,3,1,1,-70,0,574,5427,1,100,4,0,0
219,3,1,512,0,16,5,1,6,1,1,-76,0,279,5879,14,100,1,0,0
221,5,1,512,0,15,5,1,6,1,1,-76,1,487,8483,14,100,1,0,0
219,8,4,768,0,11,3,2,6,1,2,-70,3,1133,13730,9,100,2,0,0
220,18,8,1024,0,9,2,2,2,1,1,-95,1,356,5871,8,100,2,0,0
223,1,0,256,0,6,0,0,3,0,0,0,10,1124,11692,90,100,1,0,0
224,15,9,1024,0,14,2,2,5,1,1,-70,1,832,10318,8,100,2,0,0
223,12,8,1024,0,3,3,4,3,1,2,-70,0,505,4978,2,100,3,0,0
225,21,15,1280,0,11,2,3,3,1,1,-70,0,917,11285,6,100,3,0,0
226,11,5,768,0,14,5,2,5,1,2,-70,1,967,12926,7,100,3,0,0
226,2,8,1024,10,3,2,4,3,1,1,-70,0,722,6846,2,100,5,0,0
213,16,21,1536,20,1,0,4,1,0,1,-52,0,415,17720,0,100,4,0,0
227,4,1,512,0,17,5,1,6,1,1,-61,7,3602,23865,15,100,2,0,0
223,16,11,1152,70,2,2,4,3,0,2,-52,0,986,7739,0,100,8,0,0
228,3,1,512,0,16,5,1,6,1,1,-76,0,545,10311,15,100,2,0,0
228,1,0,256,0,6,0,0,3,0,0,0,10,1107,10720,95,100,1,0,0
227,9,4,768,0,14,2,2,6,1,1,-52,2,1649,16856,12,100,2,0,0
229,8,4,768,0,11,3,2,6,1,2,-70,3,1840,18650,10,100,3,0,0
230,21,15,1280,0,11,2,3,3,1,1,-70,0,283,5329,6,100,1,0,0
231,18,8,1024,0,9,2,2,2,1,1,-95,1,606,13309,9,100,2,0,0
233,5,1,512,0,15,5,1,6,1,1,-76,2,1534,18684,15,100,2,0,0
233,4,1,512,0,17,5,1,6,1,1,-61,7,1049,11537,15,100,1,0,0
232,11,5,768,0,15,5,2,5,1,2,-70,1,1134,10559,7,100,3,0,0
233,16,11,1024,10,4,2,4,3,1,2,-52,0,1712,10864,1,100,9,0,0
233,2,8,1024,0,4,2,4,3,1,1,-70,0,599,7080,2,100,4,0,0
235,12,8,1024,0,4,3,4,3,1,2,-70,0,799,10148,2,100,5,0,0
234,15,9,1024,0,15,2,2,5,1,1,-70,1,1025,15705,9,100,3,0,0
235,1,0,256,0,6,0,0,3,0,0,0,10,836,13177,97,100,1,0,0
236,21,15,1280,0,12,2,3,3,1,1,-70,0,536,8226,7,100,3,0,0
238,3,1,512,0,17,5,1,6,1,1,-76,0,607,13147,16,100,2,0,0
239,4,1,512,20,17,5,1,6,1,1,-61,7,1705,13424,16,100,1,0,0
239,9,4,768,0,14,2,2,6,1,1,-52,2,1490,18132,13,100,2,0,0
240,18,8,1024,0,12,2,2,2,1,1,-95,1,710,9931,9,100,4,0,0
240,16,11,1024,0,5,2,4,3,1,2,-52,0,659,6972,2,100,4,0,0
240,8,4,768,10,12,3,2,6,1,2,-70,3,2243,25512,11,100,2,0,0
241,11,5,768,0,15,5,2,5,1,2,-70,1,1046,13726,8,100,2,0,0
242,3,1,512,0,17,5,1,6,1,1,-76,0,256,5190,16,100,1,0,0
243,12,8,1024,0,4,3,4,3,1,2,-70,0,851,9193,3,100,4,0,0
243,5,1,512,0,15,5,1,6,1,1,-76,2,1499,16778,16,100,2,0,0
243,4,1,512,0,17,5,1,6,1,1,-61,7,1427,10419,16,100,0,0,0
243,2,8,1024,0,4,2,4,3,1,1,-70,0,770,9077,3,100,5,0,0
244,15,9,1024,0,15,2,2,5,1,1,-70,1,1021,14357,9,100,3,0,0
245,1,0,256,0,6,0,0,3,0,0,0,10,1842,19993,108,100,2,0,0
245,16,11,1024,0,5,2,4,3,1,2,-52,0,377,4546,2,100,2,0,0
245,21,15,1280,0,12,2,3,3,1,1,-70,0,528,9998,7,100,3,0,0
246,8,4,768,0,13,3,2,6,1,2,-70,4,1413,13373,11,100,3,0,0
246,9,4,768,0,14,2,2,6,1,1,-52,2,898,10953,13,100,2,0,0
244,28,18,1664,10,1,0,4,1,0,1,-95,0,1243,11603,0,100,12,0,0
248,11,5,768,0,15,5,2,5,1,2,-70,1,515,9731,8,100,1,0,0
249,12,8,1024,10,5,3,4,3,1,2,-70,0,551,7449,3,100,3,0,0
249,18,8,1024,0,13,2,2,3,1,1,-95,2,1343,16328,10,100,3,0,0
250,4,1,512,0,17,5,1,6,1,1,-61,8,1970,14108,16,100,2,0,0
250,5,1,512,0,15,5,1,6,1,1,-76,2,785,10841,16,100,1,0,0
252,28,18,1486,0,2,1,4,1,1,1,-95,0,1216,6976,0,100,8,0,0
251,16,11,1024,10,5,2,4,3,1,2,-52,0,450,4895,2,100,3,0,0
253,1,0,256,0,6,0,0,3,0,0,0,10,1321,15111,116,100,1,0,0
255,3,1,512,0,17,5,1,6,1,1,-76,0,523,13529,17,100,2,0,0
255,4,1,512,40,17,5,1,6,1,1,-61,8,1720,12756,17,100,1,0,0
254,9,4,768,0,14,2,2,6,1,1,-52,2,914,12849,14,100,1,0,0
253,2,8,1024,10,4,2,4,3,1,1,-70,0,617,9619,4,100,4,0,0
256,5,1,512,10,16,5,1,6,1,1,-76,2,929,9294,17,100,1,0,0
254,15,9,1024,0,16,2,2,5,1,1,-70,1,1081,15277,10,100,3,0,0
255,21,15,1280,0,14,2,3,3,1,1,-70,0,850,12511,8,100,3,0,0
257,28,18,1348,0,2,1,4,1,1,1,-95,0,629,4723,1,100,4,0,0
257,18,8,1024,0,13,2,2,3,1,1,-95,2,993,14270,11,100,2,0,0
257,8,4,768,0,13,3,2,6,1,2,-70,4,2497,24814,12,100,2,0,0
260,11,5,768,0,15,5,2,5,1,2,-70,1,1068,16941,9,100,3,0,0
261,28,18,1294,0,3,1,4,1,1,1,-95,0,551,3834,1,100,4,0,0
259,12,8,1024,10,7,3,4,3,1,2,-70,0,935,16686,4,100,5,0,0
260,8,4,768,0,13,3,2,6,1,2,-70,4,810,9835,12,100,1,0,0
261,3,1,512,0,17,5,1,6,1,1,-76,0,332,8971,17,100,1,0,0
261,16,11,1024,0,7,2,4,4,1,2,-52,0,973,10381,3,100,6,0,0
263,5,1,512,0,16,5,1,6,1,1,-76,2,689,11638,17,100,1,0,0
263,15,9,1024,0,16,2,2,5,1,1,-70,2,1004,13661,10,100,2,0,0
264,1,0,256,0,6,0,0,3,0,0,0,10,1533,19656,121,100,2,0,0
261,26,21,1664,10,1,1,5,2,0,1,-52,0,1437,9841,0,100,11,0,0
265,11,5,768,0,16,5,2,5,1,2,-70,1,565,7610,9,100,2,0,0
264,9,4,768,0,14,2,2,6,1,1,-52,3,1335,16222,14,100,2,0,0
265,2,8,1024,0,5,2,4,3,1,1,-70,0,827,10170,4,100,5,0,0
264,21,15,1280,0,15,2,3,4,1,1,-70,1,1301,13060,8,100,4,0,0
265,4,1,512,20,17,5,1,6,1,1,-61,9,3235,23883,17,100,1,0,0
264,12,8,1024,0,8,3,4,3,1,2,-70,0,383,8201,4,100,2,0,0
267,18,8,1024,0,14,2,2,3,1,1,-95,1,898,16756,11,100,3,0,0
268,15,9,1024,0,16,2,2,6,1,1,-70,2,850,9231,11,100,1,0,0
270,28,18,1280,0,3,1,4,1,1,1,-95,0,692,7837,1,100,5,0,0
271,11,5,768,0,16,5,2,5,1,2,-70,1,666,9658,10,100,2,0,0
271,5,1,512,0,16,5,1,6,1,1,-76,2,1194,13901,18,100,2,0,0
271,16,11,1024,0,7,2,4,5,1,2,-52,0,646,10154,4,100,3,0,0
271,4,1,512,10,18,5,1,7,1,1,-61,10,2749,16636,18,100,1,0,0
273,1,0,256,0,6,0,0,3,0,0,0,10,1955,18729,135,100,2,0,0
271,26,21,1536,0,2,1,5,2,1,1,-52,0,1239,9141,1,100,8,0,0
272,3,1,512,0,17,5,1,6,1,1,-76,0,527,13193,18,100,2,0,0
271,21,15,1280,10,15,2,3,4,1,1,-70,1,695,10032,9,100,1,0,0
272,8,4,768,0,14,3,2,7,1,2,-70,5,2549,26996,13,100,3,0,0
273,9,4,768,0,14,2,2,7,1,1,-52,3,1564,15809,15,100,1,0,0
272,12,8,1024,0,9,3,5,4,1,2,-70,0,816,12019,5,100,5,0,0
265,14,18,1408,20,0,1,5,2,0,1,-70,0,736,64254,0,100,5,0,0
273,2,8,1024,0,7,2,4,3,1,1,-70,0,999,9738,5,100,4,0,0
276,28,18,1280,0,4,1,4,1,1,1,-95,0,631,5772,2,100,4,0,0
277,14,8,1152,10,2,3,5,3,1,2,-70,0,2125,10253,1,100,11,0,0
278,18,8,1024,0,15,2,2,4,1,1,-95,2,1443,19466,12,100,3,0,0
276,12,8,1024,0,9,3,5,4,1,2,-70,0,256,6021,5,100,1,0,0
278,15,9,1024,0,16,2,2,6,1,1,-70,2,1047,14917,11,100,2,0,0
279,3,1,512,0,17,5,1,6,1,1,-76,0,280,6976,18,100,1,0,0
280,1,0,256,0,6,0,0,3,0,0,0,10,964,12769,137,100,1,0,0
280,4,1,512,20,18,5,1,7,1,1,-61,10,3048,20674,18,100,2,0,0
281,5,1,512,0,17,5,1,7,1,1,-76,3,949,14268,19,100,3,0,0
281,11,5,768,0,16,5,2,6,1,2,-70,2,1077,16548,10,100,2,0,0
280,8,4,768,10,15,3,2,7,1,2,-70,6,2636,22181,14,100,3,0,0
281,14,8,1024,0,2,4,5,3,1,2,-70,1,638,4935,1,100,3,0,0
282,16,11,1024,0,9,2,4,5,1,2,-52,0,1257,10608,4,100,5,0,0
282,18,8,1024,0,16,2,2,4,1,1,-95,2,445,8121,12,100,2,0,0
277,25,26,1792,20,1,0,5,1,0,1,-52,0,512,135414,0,100,5,0,0
280,26,21,1536,0,3,1,5,3,1,1,-52,1,1440,11273,1,100,7,0,0
283,9,4,768,0,14,2,2,7,1,1,-52,4,1497,16606,15,100,2,0,0
277,20,14,1408,20,0,0,5,1,0,1,-70,0,270,135423,0,100,3,0,0
286,4,1,512,80,19,5,1,7,1,1,-61,10,2384,12749,19,100,2,0,0
283,21,15,1280,0,16,2,3,4,1,1,-70,2,1339,18905,10,100,4,0,0
287,5,1,512,0,17,5,1,7,1,1,-76,3,824,8916,19,100,0,0,0
284,20,14,1408,0,1,1,5,2,1,1,-70,0,1313,8030,0,100,7,0,0
287,11,5,768,0,16,5,2,6,1,2,-70,2,705,9904,11,100,1,0,0
265,6,11,1024,10,0,0,5,1,0,1,-52,0,391,70377,0,100,4,0,0
288,3,1,512,0,17,5,1,6,1,1,-76,0,499,9990,19,100,2,0,0
275,6,11,1024,70,2,1,5,1,0,1,-52,0,1102,7673,1,100,10,0,0
283,6,11,1024,90,2,1,5,1,0,1,-52,0,857,7099,1,100,5,0,0
284,2,8,1024,0,8,2,4,3,1,1,-70,0,743,9848,6,100,4,0,0
285,8,4,768,30,16,3,2,7,1,2,-70,6,1891,13996,14,100,1,0,0
287,28,18,1280,0,4,1,4,1,1,1,-95,0,796,9526,3,100,5,0,0
290,1,0,256,0,6,0,0,3,0,0,0,10,2217,21182,154,100,2,0,0
287,14,8,1024,10,3,4,5,4,1,2,-70,1,1398,7289,2,100,5,0,0
288,18,8,1024,0,16,2,2,5,1,1,-95,2,720,11093,13,100,1,0,0
286,12,8,1024,0,9,3,5,4,1,2,-70,0,647,14277,6,100,3,0,0
290,16,11,1024,0,9,2,4,5,1,2,-52,0,460,8234,5,100,2,0,0
288,15,9,1024,10,16,2,2,6,1,1,-70,3,1609,18247,12,100,2,0,0
287,25,26,1792,0,2,1,5,2,1,1,-52,0,1856,10438,1,100,13,0,0
290,9,4,768,20,15,2,2,7,1,1,-52,4,1437,13047,16,100,2,0,0
292,5,1,512,0,17,5,1,7,1,1,-76,3,1309,11027,19,100,1,0,0
290,21,15,1280,0,16,2,3,5,1,1,-70,2,804,10062,10,100,2,0,0
294,14,8,1024,0,4,4,5,4,1,2,-70,1,685,8281,2,100,4,0,0
291,26,21,1536,20,5,1,5,4,1,1,-52,1,1628,13858,2,100,7,0,0
294,6,11,1024,0,3,1,5,2,1,1,-52,0,1353,10832,2,100,7,0,0
291,25,26,1792,0,2,1,5,2,1,1,-52,0,454,4322,1,100,3,0,0
294,3,1,512,0,17,5,1,6,1,1,-76,0,307,8096,19,100,1,0,0
293,2,8,1024,0,9,2,4,3,1,1,-70,0,597,7920,6,100,4,0,0
295,4,1,512,30,19,5,1,7,1,1,-61,10,3666,23309,19,100,1,0,0
295,1,0,256,0,6,0,0,3,0,0,0,10,890,10807,155,100,1,0,0
295,28,18,1280,0,6,1,4,1,1,1,-95,0,734,7930,3,100,4,0,0
294,20,14,1408,0,3,1,5,4,1,1,-70,0,1073,9438,1,100,8,0,0
297,11,5,768,0,17,5,2,6,1,2,-70,2,1859,20204,11,100,2,0,0
296,8,4,768,0,17,3,2,7,1,2,-70,6,2653,26529,15,100,3,0,0
298,18,8,1024,0,18,2,2,5,1,1,-95,2,953,15939,14,100,3,0,0
298,12,8,1024,0,10,3,5,4,1,2,-70,0,651,14488,6,100,4,0,0
297,2,8,1024,0,9,2,4,3,1,1,-70,0,254,3798,6,100,1,0,0
301,3,1,512,0,17,5,1,6,1,1,-76,0,354,7324,20,100,1,0,0
301,16,11,1024,0,10,2,4,6,1,2,-52,0,707,9717,6,100,4,0,0
300,9,4,768,10,15,2,2,7,1,1,-52,4,1602,16392,17,100,1,0,0
300,15,9,1024,0,17,2,2,6,1,1,-70,3,1868,18872,13,100,3,0,0
302,5,1,512,0,17,5,1,7,1,1,-76,3,1433,17037,20,100,2,0,0
300,21,15,1280,0,17,2,3,5,1,1,-70,2,1330,16093,11,100,3,0,0
303,1,0,256,0,6,0,0,3,0,0,0,10,1728,16400,171,100,1,0,0
302,8,4,768,0,17,3,2,7,1,2,-70,7,1734,14888,15,100,1,0,0
303,18,8,1024,10,18,2,2,5,1,1,-95,3,572,9042,14,100,1,0,0
304,14,8,1024,0,4,4,5,5,1,2,-70,1,1154,12926,3,100,5,0,0
305,3,1,512,0,17,5,1,6,1,1,-76,0,255,4922,20,100,1,0,0
303,26,21,1536,0,7,1,5,5,1,1,-52,1,1261,13951,3,100,6,0,0
306,6,11,1024,0,4,1,5,3,1,1,-52,0,996,10204,3,100,7,0,0
306,28,18,1280,0,7,1,4,2,1,1,-95,1,1408,12111,4,100,5,0,0
292,30,28,1920,0,0,0,5,1,0,1,-95,0,125,149322,0,100,2,0,0
305,11,5,768,20,17,5,2,6,1,2,-70,2,1253,15702,12,100,2,0,0
305,20,14,1408,0,3,1,5,6,1,1,-70,0,937,10364,2,100,6,0,0
306,16,11,1024,0,10,2,4,6,1,2,-52,0,282,4120,6,100,1,0,0
304,2,8,1024,0,9,2,4,3,1,1,-70,0,483,6940,7,100,2,0,0
303,30,26,1920,30,1,2,6,3,0,2,-70,0,1976,8803,1,100,15,0,0
307,4,1,512,20,19,5,1,7,1,1,-61,10,5264,30100,20,100,3,0,0
307,18,8,1024,0,18,2,2,5,1,1,-95,3,598,8663,14,100,1,0,0
307,30,26,1792,10,2,3,6,3,1,2,-70,0,1193,5795,1,100,4,0,0
309,9,4,768,0,15,2,2,7,1,1,-52,5,1854,15982,17,100,2,0,0
310,6,11,1024,0,4,1,5,3,1,1,-52,0,474,5293,3,100,3,0,0
310,15,9,1024,10,17,2,2,6,1,1,-70,4,1717,17367,14,100,1,0,0
309,12,8,1024,0,11,3,5,4,1,2,-70,0,739,16695,7,100,3,0,0
310,21,15,1280,0,17,2,3,5,1,1,-70,3,1540,15661,12,100,2,0,0
313,28,18,1280,0,7,1,4,2,1,1,-95,1,567,8416,4,100,3,0,0
313,5,1,512,0,17,5,1,7,1,1,-76,3,1270,15438,21,100,2,0,0
313,16,11,1024,0,10,2,4,7,1,2,-52,0,379,6840,6,100,2,0,0
312,8,4,768,0,17,3,2,7,1,2,-70,7,2518,26304,16,100,2,0,0
313,14,8,1024,10,4,4,5,5,1,2,-70,1,888,10968,3,100,4,0,0
313,4,1,512,30,20,5,1,7,1,1,-61,10,2552,16180,20,100,1,0,0
314,3,1,512,0,18,5,1,6,1,1,-76,0,635,10650,21,100,2,0,0
313,26,21,1536,0,8,1,5,5,1,1,-52,2,1560,14478,3,100,5,0,0
315,1,0,256,0,6,0,0,3,0,0,0,10,2281,23796,181,100,3,0,0
313,9,4,768,0,15,2,2,7,1,1,-52,5,1043,7895,17,100,1,0,0
314,20,14,1408,10,4,1,5,6,1,1,-70,0,601,7990,2,100,4,0,0
316,5,1,512,0,17,5,1,7,1,1,-76,3,804,8034,21,100,1,0,0
317,11,5,768,10,17,5,2,6,1,2,-70,2,1604,22270,13,100,3,0,0
315,21,15,1280,10,17,2,3,6,1,1,-70,3,682,8197,12,100,1,0,0
318,3,1,512,0,18,5,1,6,1,1,-76,0,256,5487,21,100,1,0,0
315,2,8,1024,0,9,2,4,3,1,1,-70,0,576,9405,8,100,3,0,0
316,15,9,1024,0,18,2,2,7,1,1,-70,4,1198,10172,14,100,2,0,0
317,14,8,1024,0,4,4,5,6,1,2,-70,1,804,7269,4,100,2,0,0
318,18,8,1024,0,19,2,2,5,1,1,-95,3,1046,20993,15,100,3,0,0
319,12,8,1024,0,12,3,5,4,1,2,-70,0,612,13163,8,100,3,0,0
319,30,26,1792,0,3,3,6,4,1,2,-70,0,1095,10677,2,100,8,0,0
319,9,4,768,0,15,2,2,7,1,1,-52,5,1119,10627,18,100,1,0,0
321,1,0,256,0,6,0,0,3,0,0,0,10,1177,12454,189,100,1,0,0
321,5,1,512,0,17,5,1,7,1,1,-76,3,463,6583,21,100,1,0,0
320,20,14,1408,0,4,1,5,7,1,1,-70,0,622,6586,3,100,3,0,0
321,2,8,1024,0,10,2,4,3,1,1,-70,0,379,4796,8,100,2,0,0
322,6,11,1024,0,5,1,5,3,1,1,-52,0,942,10600,4,100,6,0,0
322,15,9,1024,0,18,2,2,7,1,1,-70,4,616,9126,14,100,2,0,0
323,8,4,768,0,18,3,2,7,1,2,-70,7,3071,28162,16,100,3,0,0
323,4,1,512,20,20,5,1,7,1,1,-61,10,3977,25225,21,100,1,0,0
323,21,15,1280,0,18,2,3,6,1,1,-70,3,804,11981,12,100,2,0,0
323,14,8,1024,0,5,4,5,6,1,2,-70,1,710,7617,4,100,3,0,0
324,16,11,1024,0,11,2,4,7,1,2,-52,0,818,11442,7,100,3,0,0
323,26,21,1536,0,8,1,5,5,1,1,-52,2,1156,16088,4,100,4,0,0
323,28,18,1280,10,8,1,4,2,1,1,-95,1,776,13569,5,100,5,0,0
326,3,1,512,0,18,5,1,6,1,1,-76,0,331,9645,21,100,1,0,0
327,11,5,768,0,19,5,2,6,1,2,-70,2,1138,16685,13,100,3,0,0
326,20,14,1280,0,4,1,5,7,1,1,-70,0,474,5869,3,100,3,0,0
326,30,26,1792,0,4,3,6,4,1,2,-70,0,712,7491,2,100,5,0,0
327,15,9,1024,0,18,2,2,7,1,1,-70,4,1029,9922,15,100,1,0,0
328,5,1,512,0,19,5,1,7,1,1,-76,3,1620,12920,22,100,2,0,0
329,9,4,768,10,16,2,2,7,1,1,-52,5,1843,16554,19,100,3,0,0
329,12,8,1024,0,12,3,5,4,1,2,-70,0,524,14104,8,100,3,0,0
330,3,1,512,0,18,5,1,6,1,1,-76,0,330,4899,22,100,1,0,0
330,1,0,256,0,6,0,0,3,0,0,0,10,1984,19379,200,100,2,0,0
329,18,8,1024,0,19,2,2,5,1,1,-95,3,804,18233,16,100,2,0,0
329,26,21,1536,0,8,1,5,5,1,1,-52,2,645,8401,5,100,2,0,0
331,2,8,1024,0,10,2,4,3,1,1,-70,0,577,9077,9,100,3,0,0
330,30,26,1792,0,5,3,6,5,1,2,-70,0,655,4786,3,100,3,0,0
333,16,11,1024,10,11,2,4,7,1,2,-52,0,765,9286,8,100,3,0,0
334,4,1,512,60,22,5,1,7,1,1,-61,10,4617,27274,22,100,4,0,0
299,25,21,1664,10,3,2,5,4,0,2,-70,0,1049,6735,1,100,6,0,0
335,1,0,256,0,6,0,0,3,0,0,0,10,744,8726,206,100,0,0,0
333,28,18,1280,0,11,1,4,3,1,1,-95,2,1195,12588,6,100,4,0,0
308,25,21,1664,70,4,3,5,4,0,2,-70,0,799,7577,1,100,5,0,0
316,25,21,1664,90,5,3,5,5,0,2,-70,0,555,7050,2,100,5,0,0
334,8,4,768,0,20,3,2,7,1,2,-70,8,3360,29677,17,100,4,0,0
333,26,21,1536,0,8,1,5,5,1,1,-52,2,578,7012,5,100,1,0,0
338,5,1,512,0,20,5,1,7,1,1,-76,4,1646,16472,22,100,3,0,0
335,9,4,768,0,17,2,2,7,1,1,-52,5,2045,13075,19,100,2,0,0
337,11,5,768,0,21,6,2,7,1,2,-70,2,1505,19116,14,100,3,0,0
334,29,28,1664,40,1,2,6,3,0,1,-52,0,1740,9458,1,100,10,0,0
335,15,9,1024,10,18,2,2,7,1,1,-70,4,2092,15626,15,100,1,0,0
337,14,8,1024,0,5,4,5,6,1,2,-70,1,409,5763,5,100,2,0,0
337,25,21,1536,0,7,3,5,6,1,2,-70,0,1330,10999,3,100,5,0,0
339,3,1,512,0,18,5,1,6,1,1,-76,0,303,10465,22,100,1,0,0
337,28,18,1280,0,11,1,4,3,1,1,-95,2,986,7304,6,100,2,0,0
338,20,14,1280,0,6,1,5,7,1,1,-70,0,907,10942,4,100,5,0,0
338,21,15,1280,0,18,2,3,6,1,1,-70,3,1718,13544,13,100,2,0,0
338,18,8,1024,10,19,2,2,5,1,1,-95,3,1372,17127,16,100,2,0,0
334,10,5,896,10,2,1,6,2,0,1,-52,0,1349,10252,0,100,9,0,0
340,16,11,1024,0,12,2,4,7,1,2,-52,0,421,6846,8,100,2,0,0
339,2,8,1024,0,10,2,4,3,1,1,-70,0,400,7711,9,100,2,0,0
342,5,1,512,0,21,5,1,7,1,1,-76,4,1194,10059,23,100,1,0,0
340,30,26,1792,0,6,3,6,5,1,2,-70,0,889,9917,3,100,5,0,0
343,4,1,512,40,23,5,1,7,1,1,-61,10,4748,25475,23,100,3,0,0
342,8,4,768,10,21,3,2,7,1,2,-70,8,2155,20012,18,100,2,0,0
344,10,5,768,0,2,1,7,4,1,1,-52,0,1092,9924,0,100,8,0,0
334,6,5,896,80,7,3,5,5,0,2,-52,0,1024,10734,5,100,5,0,0
343,28,18,1280,0,11,1,4,3,1,1,-95,2,314,7397,6,100,1,0,0
343,6,5,896,90,8,3,5,5,0,2,-52,0,721,7884,5,100,5,0,0
343,29,28,1536,0,2,2,6,3,1,1,-52,0,1148,9811,1,100,7,0,0
343,26,21,1536,0,8,1,5,5,1,1,-52,2,992,15089,6,100,4,0,0
346,1,0,256,0,6,0,0,3,0,0,0,10,2652,24745,224,100,3,0,0
346,11,5,768,0,22,6,2,7,1,2,-70,2,1076,15432,15,100,3,0,0
345,12,8,1024,0,13,3,5,4,1,2,-70,0,746,14330,9,100,2,0,0
344,25,21,1536,0,8,3,5,6,1,2,-70,0,658,6666,4,100,4,0,0
345,21,15,1280,0,18,2,3,6,1,1,-70,3,1292,13350,14,100,1,0,0
349,5,1,512,0,22,5,1,7,1,1,-76,4,2123,15862,23,100,3,0,0
345,14,8,1024,0,6,4,5,6,1,2,-70,1,912,9473,6,100,3,0,0
348,16,11,1024,0,13,2,4,7,1,2,-52,0,560,7936,9,100,3,0,0
346,20,14,1280,0,7,1,6,7,1,1,-70,0,588,7544,5,100,4,0,0
350,3,1,512,0,18,5,1,6,1,1,-76,0,552,12545,23,100,2,0,0
346,15,9,1024,0,19,2,2,7,1,1,-70,4,2220,19370,16,100,3,0,0
350,10,5,768,0,3,1,7,5,1,1,-52,0,630,6760,1,100,4,0,0
348,18,8,1024,0,20,2,2,5,1,1,-95,3,1116,15977,17,100,2,0,0
347,9,4,768,0,19,2,2,7,1,1,-52,5,2832,21870,20,100,4,0,0
351,6,5,768,10,9,3,5,5,1,2,-52,0,988,9168,6,100,3,0,0
348,8,4,768,0,22,3,2,7,1,2,-70,8,2410,18312,18,100,2,0,0
349,28,18,1280,0,12,1,4,3,1,1,-95,2,891,9784,7,100,3,0,0
351,1,0,256,0,6,0,0,3,0,0,0,10,767,10119,228,100,0,0,0
352,2,8,1024,0,10,2,4,3,1,1,-70,0,629,10957,10,100,3,0,0
351,26,21,1536,0,9,1,5,5,1,1,-52,2,823,10268,6,100,3,0,0
352,4,1,512,20,25,5,1,7,1,1,-61,10,4241,24192,23,100,3,0,0
352,12,8,1024,0,13,3,5,4,1,2,-70,0,459,11143,10,100,2,0,0
351,30,26,1792,0,7,3,6,5,1,2,-70,0,1010,10690,4,100,5,0,0
352,29,28,1536,0,3,2,6,3,1,1,-52,0,754,8616,2,100,5,0,0
354,3,1,512,0,18,5,1,6,1,1,-76,0,256,5529,23,100,1,0,0
353,16,11,1024,0,14,3,4,7,1,2,-52,0,560,5010,9,100,3,0,0
353,21,15,1280,10,20,2,3,6,1,1,-70,3,1133,14397,14,100,4,0,0
354,15,9,1024,10,20,2,2,7,1,1,-70,4,1101,11915,16,100,3,0,0
355,14,8,1024,0,8,4,5,6,1,2,-70,1,1125,12328,6,100,4,0,0
356,11,5,768,0,23,6,2,7,1,2,-70,2,1105,18136,15,100,3,0,0
354,25,21,1536,0,9,3,5,6,1,2,-70,0,599,8125,4,100,4,0,0
355,20,14,1280,0,8,1,6,7,1,1,-70,0,766,8697,5,100,5,0,0
356,9,4,768,10,19,2,2,7,1,1,-52,5,1392,15065,20,100,1,0,0
359,5,1,512,0,22,5,1,7,1,1,-76,4,1764,22248,24,100,1,0,0
358,18,8,1024,0,22,2,2,5,1,1,-95,3,1481,18813,18,100,3,0,0
357,30,26,1792,10,8,3,6,5,1,2,-70,0,457,5071,4,100,3,0,0
360,3,1,512,0,18,5,1,6,1,1,-76,0,383,7608,24,100,1,0,0
361,10,5,768,0,4,1,7,6,1,1,-52,0,968,10484,2,100,7,0,0
361,4,1,512,80,26,5,1,7,1,1,-61,10,3759,22394,24,100,2,0,0
359,8,4,768,0,22,3,2,7,1,2,-70,8,2571,28345,19,100,2,0,0
359,15,9,1024,0,22,2,2,7,1,1,-70,4,1365,8916,17,100,2,0,0
361,6,5,768,0,11,3,5,5,1,2,-52,0,1119,11641,7,100,5,0,0
362,16,11,1024,0,14,3,4,7,1,2,-52,0,390,8383,10,100,1,0,0
363,1,0,256,0,6,0,0,3,0,0,0,10,2599,24491,247,100,3,0,0
364,5,1,512,0,24,5,1,7,1,1,-76,4,1451,12291,24,100,2,0,0
361,28,18,1280,0,13,1,4,4,1,1,-95,2,1115,17912,8,100,4,0,0
363,2,8,1024,0,11,2,4,3,1,1,-70,0,1008,9966,11,100,3,0,0
362,25,21,1536,0,11,3,5,7,1,2,-70,0,715,7907,5,100,4,0,0
362,26,21,1536,0,11,1,5,6,1,1,-52,1,1448,17869,7,100,5,0,0
363,12,8,1024,10,13,3,5,4,1,2,-70,0,512,14802,11,100,2,0,0
364,14,8,1024,0,10,4,5,7,1,2,-70,1,1433,11533,7,100,5,0,0
362,21,15,1280,0,20,2,3,6,1,1,-70,3,1579,17848,15,100,1,0,0
363,30,26,1792,0,9,3,6,6,1,2,-70,0,536,5929,5,100,3,0,0
365,18,8,1024,0,23,2,2,6,1,1,-95,2,943,12099,18,100,2,0,0
367,11,5,768,0,24,6,2,7,1,2,-70,2,1026,20433,16,100,3,0,0
363,29,28,1536,0,5,2,6,4,1,1,-52,0,1207,11263,3,100,8,0,0
364,15,9,1024,0,23,2,2,7,1,1,-70,4,1372,10617,17,100,1,0,0
367,10,5,768,0,5,1,7,6,1,1,-52,0,640,7452,2,100,4,0,0
366,28,18,1280,0,14,1,4,4,1,1,-95,1,797,8925,8,100,3,0,0
366,20,14,1280,0,10,1,6,7,1,1,-70,0,804,11759,6,100,5,0,0
369,1,0,256,0,6,0,0,3,0,0,0,10,869,10594,249,100,1,0,0
368,4,1,512,50,26,5,1,7,1,1,-61,10,3379,20352,24,100,2,0,0
367,8,4,768,0,23,3,2,7,1,2,-70,7,2728,21230,19,100,3,0,0
368,12,8,1024,0,14,3,5,4,1,2,-70,0,385,6968,11,100,2,0,0
367,9,4,768,0,20,2,2,7,1,1,-52,5,2321,20380,21,100,3,0,0
369,3,1,512,0,18,5,1,6,1,1,-76,0,425,11536,24,100,2,0,0
370,5,1,512,0,24,5,1,7,1,1,-76,4,1085,14287,25,100,2,0,0
368,14,8,1024,0,10,4,5,7,1,2,-70,1,518,7112,7,100,1,0,0
370,16,11,1024,0,15,3,4,7,1,2,-52,0,505,7323,10,100,3,0,0
369,30,26,1792,0,9,3,6,6,1,2,-70,0,486,5458,5,100,1,0,0
371,6,5,768,0,12,3,5,5,1,2,-52,0,693,9099,7,100,4,0,0
370,21,15,1280,0,21,2,3,6,1,1,-70,3,1029,13971,15,100,3,0,0
371,2,8,1024,0,11,2,4,3,1,1,-70,0,534,8407,11,100,2,0,0
372,12,8,1024,0,14,3,5,4,1,2,-70,0,258,5958,11,100,1,0,0
372,15,9,1024,0,23,2,2,7,1,1,-70,4,1000,11482,18,100,2,0,0
371,20,14,1280,0,10,1,6,7,1,1,-70,0,283,5091,6,100,1,0,0
372,26,21,1536,0,12,1,5,6,1,1,-52,1,1392,15617,7,100,3,0,0
374,3,1,512,0,18,5,1,6,1,1,-76,0,331,5884,25,100,1,0,0
373,9,4,768,10,20,2,2,7,1,1,-52,5,1120,9226,21,100,1,0,0
374,25,21,1536,0,12,3,5,7,1,2,-70,0,1334,11861,5,100,4,0,0
374,30,26,1792,0,9,3,6,6,1,2,-70,0,415,5362,5,100,2,0,0
374,29,28,1536,0,5,2,6,4,1,1,-52,0,646,9956,3,100,4,0,0
376,4,1,512,50,26,5,1,7,2,1,-61,10,4614,24300,25,100,1,0,0
377,11,5,768,0,24,6,2,7,1,2,-70,2,771,17165,17,100,1,0,0
375,14,8,1024,0,11,4,5,7,1,2,-70,1,861,9239,8,100,3,0,0
375,8,4,768,10,24,3,2,7,1,2,-70,8,3089,26162,20,100,1,0,0
377,10,5,768,0,6,1,7,6,1,1,-52,0,808,9485,3,100,4,0,0
376,9,4,768,0,21,2,2,7,1,1,-52,5,1411,8446,22,100,1,0,0
377,26,21,1536,0,12,1,5,6,1,1,-52,1,745,7978,8,100,1,0,0
377,28,18,1280,0,14,1,4,4,1,1,-95,1,1015,16598,9,100,3,0,0
378,6,5,768,0,12,3,5,5,1,2,-52,0,431,6201,8,100,2,0,0
379,12,8,1024,0,14,3,5,4,1,2,-70,0,487,10431,12,100,2,0,0
378,21,15,1280,0,21,2,3,6,1,1,-70,3,1500,15926,16,100,1,0,0
380,1,0,256,0,6,0,0,3,0,0,0,10,2857,26402,270,100,2,0,0
379,15,9,1024,10,23,2,2,7,1,1,-70,4,1516,13341,18,100,1,0,0
380,5,1,512,0,24,5,1,7,1,1,-76,4,1918,22875,25,100,1,0,0
380,20,14,1280,0,12,1,6,7,1,1,-70,0,978,8496,7,100,4,0,0
379,8,4,768,20,24,3,2,7,1,2,-70,8,1115,11177,20,100,1,0,0
379,2,8,1024,10,12,2,4,3,1,1,-70,0,558,8475,12,100,3,0,0
380,18,8,1024,0,24,2,2,6,1,1,-95,3,1256,16855,19,100,2,0,0
381,16,11,1024,0,15,3,4,7,1,2,-52,0,633,10874,11,100,3,0,0
381,9,4,768,0,21,2,2,7,1,1,-52,5,798,7830,22,100,1,0,0
381,10,5,768,0,6,1,7,6,1,1,-52,0,351,3994,3,100,2,0,0
383,3,1,512,0,18,5,1,6,1,1,-76,0,355,10759,25,100,1,0,0
384,29,28,1536,0,6,2,6,4,1,1,-52,0,655,8410,4,100,4,0,0
384,11,5,768,0,24,6,2,7,1,2,-70,1,747,12720,17,100,2,0,0
384,14,8,1024,0,11,4,5,7,1,2,-70,1,812,10950,8,100,3,0,0
384,2,8,1024,0,12,2,4,3,1,1,-70,0,282,4569,12,100,1,0,0
385,5,1,512,10,24,5,1,7,1,1,-76,4,934,9760,26,100,1,0,0
384,26,21,1536,0,13,1,5,6,1,1,-52,1,592,10502,8,100,3,0,0
384,25,21,1536,0,13,3,5,7,1,2,-70,0,707,10898,6,100,4,0,0
386,30,26,1792,0,10,3,6,6,1,2,-70,0,800,11172,6,100,5,0,0
387,12,8,1024,10,14,3,5,4,1,2,-70,0,283,10515,12,100,1,0,0
387,6,5,768,0,12,3,5,5,1,2,-52,0,423,8283,8,100,2,0,0
388,4,1,512,0,28,5,1,7,2,1,-61,10,4900,28091,26,100,4,0,0
388,18,8,1024,0,24,2,2,6,1,1,-95,3,782,12503,20,100,2,0,0
388,28,18,1280,0,15,1,4,4,1,1,-95,1,819,15327,9,100,3,0,0
389,1,0,256,0,6,0,0,3,0,0,0,10,1805,21207,281,100,1,0,0
388,2,8,1024,0,12,2,4,3,1,1,-70,0,256,3755,12,100,1,0,0
388,29,28,1536,0,6,2,6,4,1,1,-52,0,353,4144,4,100,2,0,0
390,11,5,768,10,25,6,2,7,1,2,-70,1,536,9093,17,100,2,0,0
390,21,15,1280,0,21,2,3,6,1,1,-70,3,1420,21061,17,100,2,0,0
390,15,9,1024,0,24,2,2,7,1,1,-70,4,1657,17648,19,100,3,0,0
390,14,8,1024,10,11,4,5,7,1,2,-70,1,399,7169,9,100,1,0,0
392,5,1,512,0,24,5,1,7,1,1,-76,4,1273,14797,26,100,1,0,0
392,8,4,768,10,24,3,2,7,1,2,-70,8,3453,29991,21,100,2,0,0
391,20,14,1280,0,12,1,6,7,1,1,-70,0,604,10793,8,100,3,0,0
392,30,26,1792,0,10,3,6,6,1,2,-70,0,339,5921,7,100,1,0,0
392,16,11,1024,0,16,3,4,7,1,2,-52,0,614,10002,12,100,3,0,0
393,10,5,768,0,7,1,7,7,1,1,-52,0,798,11068,4,100,5,0,0
393,4,1,512,0,28,5,1,7,2,1,-61,10,2875,15065,26,100,1,0,0
393,9,4,768,0,22,2,2,7,1,1,-52,5,2354,21124,23,100,3,0,0
395,12,8,1024,0,14,3,5,4,1,2,-70,0,489,11102,13,100,2,0,0
395,3,1,512,0,19,5,1,6,1,1,-76,0,714,13295,26,100,2,0,0
393,26,21,1536,0,13,1,5,6,1,1,-52,1,1018,14437,9,100,2,0,0
394,25,21,1536,0,13,3,5,7,1,2,-70,0,609,8852,7,100,3,0,0
395,6,5,768,0,14,3,5,5,1,2,-52,0,760,7871,9,100,4,0,0
396,1,0,256,0,6,0,0,3,0,0,0,10,1507,16033,291,100,2,0,0
396,8,4,768,0,24,3,2,7,1,2,-70,8,851,10103,21,100,1,0,0
396,2,8,1024,0,12,2,4,3,1,1,-70,0,457,7230,13,100,2,0,0
396,29,28,1536,10,6,2,6,4,1,1,-52,0,457,7534,5,100,2,0,0
399,18,8,1024,10,24,2,2,6,1,1,-95,3,1480,19091,20,100,2,0,0
398,28,18,1280,0,15,1,4,4,1,1,-95,1,1113,14952,10,100,3,0,0
399,9,4,768,10,22,2,2,7,1,1,-52,5,668,7927,23,100,1,0,0
398,15,9,1024,0,24,2,2,7,1,1,-70,4,1155,13238,19,100,2,0,0
399,21,15,1280,0,23,2,3,6,1,1,-70,3,1476,15825,17,100,3,0,0
399,16,11,1024,0,17,3,4,7,1,2,-52,0,512,6853,12,100,2,0,0
401,14,8,1024,0,11,4,5,7,1,2,-70,1,908,12531,9,100,3,0,0
401,4,1,512,0,30,5,1,7,2,1,-61,10,2871,17270,26,100,2,0,0
400,20,14,1280,0,12,1,6,7,1,1,-70,0,501,8402,8,100,3,0,0
401,10,5,768,10,7,1,7,7,1,1,-52,0,376,7154,4,100,2,0,0
402,8,4,768,0,25,3,2,7,1,2,-70,8,1683,14394,22,100,2,0,0
401,11,5,768,0,25,6,2,7,1,2,-70,1,1006,20162,18,100,2,0,0
402,5,1,512,10,25,5,1,7,1,1,-76,4,2036,23459,27,100,3,0,0
402,12,8,1024,0,14,3,5,4,1,2,-70,0,307,10792,13,100,1,0,0
402,3,1,512,10,19,5,1,6,1,1,-76,0,429,8894,27,100,2,0,0
401,30,26,1792,0,11,3,6,6,1,2,-70,0,607,8167,7,100,3,0,0
401,25,21,1536,0,13,3,5,7,1,2,-70,0,449,6413,7,100,2,0,0
403,15,9,1024,0,24,2,2,7,1,1,-70,4,947,7582,20,100,1,0,0
404,21,15,1280,10,23,2,3,6,1,1,-70,3,815,9237,18,100,1,0,0
404,26,21,1536,0,13,1,5,6,1,1,-52,1,882,12406,9,100,3,0,0
405,18,8,1024,0,25,2,2,6,1,1,-95,3,856,12285,21,100,2,0,0
406,11,5,768,0,25,6,2,7,1,2,-70,1,544,9222,19,100,1,0,0
405,29,28,1536,0,6,2,6,4,1,1,-52,0,524,7691,5,100,3,0,0
407,1,0,256,0,6,0,0,3,0,0,0,10,2446,25720,309,100,2,0,0
406,2,8,1024,0,12,2,4,3,1,1,-70,0,481,9144,14,100,2,0,0
407,3,1,512,0,19,5,1,6,1,1,-76,0,234,6031,27,100,0,0,0
407,6,5,768,0,14,3,5,5,1,2,-52,0,447,10985,9,100,2,0,0
409,9,4,768,0,22,2,2,7,1,1,-52,5,2304,17446,24,100,2,0,0
408,16,11,1024,0,17,3,4,7,1,2,-52,0,363,8143,13,100,1,0,0
410,10,5,768,0,7,1,7,7,1,1,-52,0,577,8531,5,100,3,0,0
410,8,4,768,10,25,3,2,7,1,2,-70,8,2176,21590,22,100,1,0,0
410,26,21,1536,0,13,1,5,6,1,1,-52,1,489,7335,10,100,1,0,0
410,28,18,1280,10,16,1,4,4,1,1,-95,1,1110,17125,11,100,2,0,0
411,4,1,512,10,30,5,1,7,2,1,-61,10,4634,26768,27,100,2,0,0
409,14,8,1024,0,12,4,5,7,1,2,-70,1,968,12630,10,100,3,0,0
411,5,1,512,0,25,5,1,7,1,1,-76,4,1840,20149,27,100,2,0,0
411,12,8,1024,0,14,3,5,4,1,2,-70,0,488,11814,14,100,2,0,0
411,3,1,512,0,19,5,1,6,1,1,-76,0,255,5021,27,100,1,0,0
410,20,14,1280,0,13,1,6,7,1,1,-70,0,584,8776,9,100,3,0,0
411,11,5,768,0,26,6,2,7,1,2,-70,1,502,9371,19,100,0,0,0
412,1,0,256,0,6,0,0,3,0,0,0,10,739,10790,312,100,0,0,0
412,15,9,1024,0,25,2,2,7,1,1,-70,4,1718,15533,20,100,1,0,0
411,30,26,1792,0,12,3,6,6,1,2,-70,0,733,10241,8,100,4,0,0
412,25,21,1536,0,14,3,5,7,1,2,-70,0,705,10999,8,100,4,0,0
414,8,4,768,10,25,3,2,7,1,2,-70,8,1198,11810,23,100,1,0,0
414,18,8,1024,0,25,2,2,6,1,1,-95,3,1020,16267,21,100,2,0,0
414,16,11,1024,0,17,3,4,7,1,2,-52,0,380,6036,13,100,2,0,0
415,2,8,1024,0,12,2,4,3,1,1,-70,0,304,7586,14,100,1,0,0
416,6,5,768,0,14,3,5,5,1,2,-52,0,456,7668,10,100,2,0,0
416,10,5,768,0,7,1,7,7,1,1,-52,0,375,5967,5,100,2,0,0
416,29,28,1536,0,8,2,6,4,1,1,-52,0,1000,9856,6,100,4,0,0
414,21,15,1280,0,23,2,3,6,1,1,-70,3,1672,21966,18,100,2,0,0
416,12,8,1024,0,16,3,5,4,1,2,-70,0,491,8365,14,100,2,0,0
416,28,18,1280,0,17,1,4,4,1,1,-95,1,742,10444,11,100,3,0,0
416,14,8,1024,0,12,4,5,7,1,2,-70,1,638,9031,10,100,2,0,0
417,11,5,768,0,26,6,2,7,1,2,-70,1,516,10557,19,100,1,0,0
417,20,14,1280,0,13,1,6,7,1,1,-70,0,379,6955,9,100,2,0,0
418,4,1,512,10,30,5,1,7,2,1,-61,10,3760,20579,28,100,2,0,0
419,1,0,256,0,6,0,0,3,0,0,0,10,1640,17149,322,100,2,0,0
420,9,4,768,0,22,2,2,7,1,1,-52,5,1744,18585,24,100,2,0,0
419,26,21,1536,0,14,1,5,6,1,1,-52,1,796,11225,10,100,3,0,0
419,21,15,1280,10,23,2,3,6,1,1,-70,3,801,8697,19,100,1,0,0
421,3,1,512,0,19,5,1,6,1,1,-76,0,527,11386,28,100,2,0,0
421,28,18,1280,0,17,1,4,4,1,1,-95,1,400,7519,12,100,1,0,0
421,30,26,1792,0,12,3,6,6,1,2,-70,0,460,8548,9,100,2,0,0
422,5,1,512,10,26,5,1,7,1,1,-76,4,2143,23865,28,100,2,0,0
422,8,4,768,10,25,3,2,7,1,2,-70,8,2664,20540,23,100,1,0,0
422,29,28,1536,0,8,2,6,4,1,1,-52,0,379,5651,6,100,2,0,0
422,15,9,1024,10,25,2,2,7,1,1,-70,4,2158,18709,21,100,2,0,0
423,12,8,1024,0,17,3,5,4,1,2,-70,0,491,9652,15,100,2,0,0
423,10,5,768,0,7,1,7,7,1,1,-52,0,455,7134,6,100,2,0,0
421,25,21,1536,0,15,3,5,7,1,2,-70,0,809,8224,9,100,2,0,0
423,6,5,768,0,14,3,5,5,1,2,-52,0,456,7540,11,100,2,0,0
424,4,1,512,0,30,5,1,7,2,1,-61,10,2825,14433,28,100,1,0,0
425,18,8,1024,0,26,2,2,6,1,1,-95,3,1505,18494,22,100,2,0,0
423,11,5,768,10,26,6,2,7,1,2,-70,1,543,10703,20,100,1,0,0
425,1,0,256,0,6,0,0,3,0,0,0,10,1321,14537,333,100,1,0,0
426,5,1,512,0,26,5,1,7,1,1,-76,4,1011,10092,28,100,1,0,0
426,20,14,1280,0,15,1,6,7,1,1,-70,0,798,8735,10,100,3,0,0
426,16,11,1024,0,18,3,4,7,1,2,-52,0,951,11485,14,100,3,0,0
426,2,8,1024,0,12,2,4,3,1,1,-70,0,630,11155,15,100,3,0,0
426,21,15,1280,0,23,2,3,6,1,1,-70,3,963,12978,19,100,1,0,0
428,14,8,1024,0,12,4,6,7,1,2,-70,1,1045,13685,11,100,3,0,0
428,3,1,512,0,19,5,1,6,1,1,-76,0,528,8663,28,100,1,0,0
427,28,18,1280,0,18,1,4,5,1,1,-95,1,710,9449,12,100,2,0,0
427,26,21,1536,0,14,1,5,6,1,1,-52,1,841,11064,11,100,2,0,0
394,24,18,1408,80,4,3,6,7,0,1,-70,0,290,4754,3,100,2,0,0
401,24,18,1408,100,4,3,6,7,0,1,-70,0,242,4014,3,100,2,0,0
430,11,5,768,0,26,6,2,7,1,2,-70,1,700,10121,20,100,2,0,0
410,24,18,1408,90,5,3,6,7,0,1,-70,0,633,8087,4,100,5,0,0
429,15,9,1024,0,26,2,2,7,1,1,-70,4,948,11647,21,100,2,0,0
415,24,18,1408,80,6,3,6,7,0,1,-70,0,391,5675,4,100,3,0,0
431,8,4,768,30,27,3,2,7,1,2,-70,9,3421,25379,24,100,4,0,0
431,9,4,768,10,23,2,2,7,1,1,-52,5,2329,20725,25,100,3,0,0
429,12,8,1024,0,18,3,5,5,1,2,-70,0,489,11147,15,100,2,0,0
432,6,5,768,0,14,3,5,5,1,2,-52,0,400,7249,11,100,2,0,0
430,25,21,1536,0,15,3,5,7,1,2,-70,0,641,8316,9,100,2,0,0
422,24,18,1408,90,7,3,7,7,0,1,-70,0,391,6191,5,100,3,0,0
430,20,14,1280,0,15,1,6,7,1,1,-70,0,259,4507,10,100,1,0,0
431,14,8,1024,0,12,4,6,7,1,2,-70,1,467,5543,11,100,1,0,0
431,18,8,1024,0,28,2,2,7,1,1,-95,4,2282,16986,22,100,4,0,0
433,4,1,512,0,31,5,1,7,2,1,-61,10,4508,25312,29,100,2,0,0
433,30,26,1792,0,12,3,6,6,1,2,-70,0,548,10383,9,100,3,0,0
432,29,28,1536,0,8,2,6,4,1,1,-52,0,578,9417,7,100,3,0,0
432,2,8,1024,0,12,2,4,3,1,1,-70,0,282,5367,15,100,1,0,0
434,10,5,768,0,9,1,7,7,1,1,-52,0,778,10458,7,100,5,0,0
432,24,18,1280,0,9,3,7,7,1,1,-70,0,1659,10909,5,100,7,0,0
435,1,0,256,0,6,0,0,3,0,0,0,10,2333,24719,349,100,2,0,0
435,21,15,1280,10,23,2,3,6,1,1,-70,3,1191,15033,20,100,1,0,0
434,26,21,1536,0,15,1,5,6,1,1,-52,1,700,8881,12,100,2,0,0
433,28,18,1280,10,18,1,4,5,1,1,-95,1,516,8645,13,100,1,0,0
435,25,21,1536,0,15,3,5,7,1,2,-70,0,258,4456,9,100,1,0,0
437,5,1,512,0,26,5,1,7,1,1,-76,4,1833,22060,29,100,2,0,0
436,11,5,768,0,27,6,2,7,1,2,-70,1,697,12705,21,100,2,0,0
436,6,5,768,10,14,3,5,5,1,2,-52,0,255,4563,11,100,1,0,0
437,3,1,512,0,20,5,1,6,1,1,-76,0,582,11269,29,100,2,0,0
436,16,11,1024,0,19,3,4,7,1,2,-52,0,652,10335,15,100,3,0,0
435,12,8,1024,0,19,3,5,5,1,2,-70,0,537,8778,16,100,3,0,0
437,29,28,1536,10,8,2,6,4,1,1,-52,0,256,4374,7,100,1,0,0
437,2,8,1024,0,12,2,4,3,1,1,-70,0,312,4789,16,100,1,0,0
438,18,8,1024,0,28,2,2,7,1,1,-95,4,1554,16793,23,100,1,0,0
439,20,14,1280,0,16,1,6,7,1,1,-70,0,561,8196,11,100,3,0,0
440,8,4,768,20,28,3,2,7,1,2,-70,9,4074,27502,24,100,2,0,0
439,14,8,1024,10,13,4,6,7,1,2,-70,1,906,10214,12,100,2,0,0
440,16,11,1024,0,20,3,4,7,1,2,-52,0,474,4451,15,100,1,0,0
441,15,9,1024,0,27,2,2,7,1,1,-70,4,2199,20156,22,100,4,0,0
442,11,5,768,10,27,6,2,7,1,2,-70,1,645,9932,21,100,1,0,0
440,29,28,1536,0,8,2,6,4,1,1,-52,0,338,4172,8,100,1,0,0
443,18,8,1024,0,30,2,2,7,1,1,-95,4,813,9129,23,100,2,0,0
442,9,4,768,0,24,2,2,7,1,1,-52,5,2468,22063,26,100,3,0,0
443,28,18,1280,0,19,1,4,5,1,1,-95,1,1118,15264,13,100,3,0,0
442,25,21,1536,0,15,3,5,7,1,2,-70,0,459,7482,10,100,2,0,0
445,10,5,768,0,9,1,7,7,1,1,-52,0,521,10300,7,100,3,0,0
444,4,1,512,10,33,5,1,7,2,1,-61,10,5509,30851,29,100,4,0,0
443,8,4,768,0,29,3,2,7,1,2,-70,9,1184,11077,24,100,2,0,0
444,24,18,1280,0,10,3,7,7,1,1,-70,0,772,11936,6,100,4,0,0
445,3,1,512,0,20,5,1,6,1,1,-76,0,374,9586,29,100,1,0,0
444,26,21,1536,0,15,1,5,6,1,1,-52,1,1220,13084,12,100,2,0,0
446,1,0,256,0,6,0,0,3,0,0,0,10,2132,24098,359,100,2,0,0
445,12,8,1024,0,20,3,5,6,1,2,-70,1,623,14781,16,100,2,0,0
447,5,1,512,0,26,5,1,7,1,1,-76,4,1867,22566,30,100,1,0,0
445,29,28,1536,0,9,2,6,4,1,1,-52,0,709,5250,8,100,2,0,0
448,6,5,768,0,14,3,5,5,1,2,-52,0,672,10308,12,100,3,0,0
445,21,15,1280,0,23,2,3,6,1,1,-70,3,1843,22325,21,100,3,0,0
446,2,8,1024,0,13,2,4,3,1,1,-70,0,863,9205,16,100,1,0,0
447,18,8,1024,0,31,2,2,7,1,1,-95,5,1400,11728,23,100,2,0,0
449,24,18,1280,0,12,3,7,7,1,1,-70,1,972,5829,6,100,2,0,0
449,9,4,768,10,25,2,2,7,1,1,-52,5,1404,12643,27,100,2,0,0
449,16,11,1024,0,21,3,4,7,1,2,-52,0,488,8811,16,100,2,0,0
451,11,5,768,0,27,6,2,7,1,2,-70,1,790,13982,21,100,1,0,0
450,14,8,1024,10,14,4,6,7,1,2,-70,1,1291,14534,13,100,3,0,0
450,3,1,512,0,20,5,1,6,1,1,-76,0,354,7376,30,100,1,0,0
450,20,14,1280,0,17,1,6,7,1,1,-70,0,706,11391,12,100,4,0,0
451,1,0,256,0,6,0,0,3,0,0,0,10,1611,14291,375,100,1,0,0
450,25,21,1536,0,16,3,5,7,1,2,-70,0,464,7017,11,100,2,0,0
450,21,15,1280,0,23,2,3,6,1,1,-70,3,669,9051,21,100,0,0,0
452,4,1,512,10,33,5,1,7,2,1,-61,10,4447,22290,30,100,2,0,0
450,29,28,1536,10,9,2,6,5,1,1,-52,0,363,4741,8,100,1,0,0
451,12,8,1024,0,21,3,5,6,1,2,-70,1,724,9692,17,100,2,0,0
453,6,5,768,0,16,3,5,5,1,2,-52,0,651,5622,13,100,2,0,0
450,26,21,1536,0,15,1,5,6,1,1,-52,1,365,8109,13,100,1,0,0
452,15,9,1024,0,28,2,2,7,1,1,-70,4,1955,19025,23,100,2,0,0
455,28,18,1280,0,20,1,4,6,1,1,-95,1,1367,20738,14,100,4,0,0
454,9,4,768,10,26,2,2,7,1,1,-52,5,1428,8641,27,100,1,0,0
454,10,5,768,10,10,1,7,7,1,1,-52,0,678,10360,8,100,4,0,0
454,8,4,768,10,29,3,2,7,1,2,-70,10,3925,31960,25,100,2,0,0
454,2,8,1024,0,13,2,4,3,1,1,-70,0,457,7337,17,100,2,0,0
456,11,5,768,0,27,6,2,7,1,2,-70,1,478,8835,22,100,1,0,0
456,3,1,512,0,20,5,1,6,1,1,-76,0,307,7303,30,100,1,0,0
456,14,8,1024,0,14,4,6,7,1,2,-70,1,545,8485,13,100,1,0,0
456,21,15,1280,0,25,2,3,6,1,1,-70,3,907,10368,21,100,3,0,0
458,5,1,512,0,26,5,1,7,1,1,-76,4,2349,26956,30,100,2,0,0
457,25,21,1536,10,16,3,5,7,1,2,-70,0,408,6487,11,100,2,0,0
457,18,8,1024,10,31,2,2,7,1,1,-95,5,1482,21867,24,100,1,0,0
440,30,24,1664,10,12,4,6,6,0,3,-70,0,670,8512,10,100,2,0,0
459,4,1,512,0,33,5,1,7,2,1,-61,10,2531,17248,30,100,1,0,0
459,15,9,1024,0,28,2,2,7,1,1,-70,4,769,10283,23,100,2,0,0
459,8,4,768,30,29,3,2,7,1,2,-70,10,1116,11272,26,100,1,0,0
459,16,11,1024,0,21,3,4,7,1,2,-52,0,456,9396,16,100,2,0,0
447,30,24,1664,40,13,5,6,6,0,3,-70,0,723,6298,10,100,3,0,0
458,26,21,1536,10,15,1,5,6,1,1,-52,1,380,8721,13,100,2,0,0
453,30,24,1664,60,14,5,6,6,0,3,-70,0,318,4812,11,100,2,0,0
460,20,14,1280,0,17,1,6,7,1,1,-70,0,571,9940,12,100,2,0,0
459,30,24,1536,60,14,5,6,6,1,3,-70,0,661,6025,11,100,1,0,0
460,29,28,1536,0,9,2,6,5,1,1,-52,0,590,8984,9,100,2,0,0
461,12,8,1024,0,21,3,5,6,1,2,-70,1,477,13115,17,100,2,0,0
460,24,18,1280,0,12,3,7,7,1,1,-70,1,1900,14257,7,100,4,0,0
462,6,5,768,0,16,3,5,5,1,2,-52,0,424,9306,13,100,2,0,0
463,1,0,256,0,6,0,0,3,0,0,0,10,2301,27479,386,100,2,0,0
462,18,8,1024,0,32,2,2,7,1,1,-95,6,1786,12909,25,100,2,0,0
464,11,5,768,10,27,6,2,7,1,2,-70,1,766,12248,22,100,2,0,0
463,3,1,512,0,20,5,1,6,1,1,-76,0,475,8652,31,100,2,0,0
464,9,4,768,0,26,2,2,7,1,1,-52,5,1540,16281,27,100,2,0,0
464,8,4,768,40,29,3,2,7,1,2,-70,10,2551,16777,26,100,1,0,0
464,28,18,1280,0,22,1,4,6,1,1,-95,1,1197,17547,15,100,3,0,0
463,2,8,1024,0,13,2,4,3,1,1,-70,0,509,9132,18,100,2,0,0
464,30,24,1536,0,16,5,6,6,1,3,-70,0,1001,6731,11,100,2,0,0
466,10,5,768,0,11,1,7,7,1,1,-52,0,711,11028,9,100,3,0,0
467,4,1,512,10,33,5,1,7,2,1,-61,10,4740,23455,31,100,1,0,0
466,6,5,768,0,16,3,5,5,1,2,-52,0,311,3822,14,100,1,0,0
465,21,15,1280,0,25,2,3,6,1,1,-70,3,1158,16623,22,100,1,0,0
466,12,8,1024,0,23,3,5,6,1,2,-70,1,631,8873,18,100,2,0,0
468,5,1,512,0,27,5,1,7,1,1,-76,4,2196,22673,31,100,3,0,0
467,20,14,1280,0,17,1,6,7,1,1,-70,0,339,6303,13,100,1,0,0
468,16,11,1024,0,21,3,4,7,1,2,-52,0,460,7814,17,100,2,0,0
468,14,8,1024,0,14,4,6,7,1,2,-70,1,1143,14066,14,100,3,0,0
469,3,1,512,0,20,5,1,6,1,1,-76,0,280,6355,31,100,1,0,0
467,25,21,1536,0,17,3,5,7,1,2,-70,0,970,10943,12,100,2,0,0
468,29,28,1536,0,9,2,6,5,1,1,-52,0,457,7802,10,100,2,0,0
469,24,18,1280,0,12,3,7,7,1,1,-70,1,999,10931,8,100,3,0,0
470,11,5,768,0,27,6,2,7,1,2,-70,1,667,9631,23,100,1,0,0
470,26,21,1536,0,16,1,5,6,1,1,-52,1,610,14020,14,100,3,0,0
471,6,5,768,0,16,3,5,5,1,2,-52,0,255,4059,14,100,1,0,0
471,15,9,1024,0,28,2,2,7,1,1,-70,4,1678,19486,24,100,2,0,0
470,8,4,768,0,30,3,2,7,1,2,-70,10,2481,17556,26,100,1,0,0
470,2,8,1024,0,13,2,4,3,1,1,-70,0,280,6062,18,100,1,0,0
471,21,15,1280,0,25,2,3,6,1,1,-70,3,757,9873,22,100,1,0,0
471,18,8,1024,0,32,2,2,7,1,1,-95,6,1696,19449,25,100,2,0,0
444,17,12,1408,0,1,1,8,2,0,1,-52,0,886,34784,0,100,7,0,0
472,28,18,1280,0,22,1,4,6,1,1,-95,1,742,13306,15,100,1,0,0
472,12,8,1024,20,23,3,5,6,1,2,-70,1,676,9548,18,100,1,0,0
474,1,0,256,0,6,0,0,3,0,0,0,10,2186,23839,401,100,2,0,0
473,9,4,768,0,26,2,2,7,1,1,-52,5,1603,15767,28,100,2,0,0
455,17,12,1408,60,2,1,8,4,0,1,-52,0,1036,9438,1,100,8,0,0
460,17,12,1408,80,2,1,8,4,0,1,-52,0,451,4529,1,100,3,0,0
474,15,9,1024,0,29,2,2,7,1,1,-70,4,990,7002,24,100,1,0,0
474,20,14,1280,0,18,1,6,7,1,1,-70,0,505,6705,13,100,3,0,0
465,17,12,1408,80,3,1,8,4,0,1,-52,0,506,4838,2,100,4,0,0
475,5,1,512,0,27,5,1,7,1,1,-76,4,1234,16173,32,100,2,0,0
475,3,1,512,10,20,5,1,6,1,1,-76,0,307,7781,32,100,1,0,0
475,17,12,1280,0,4,1,8,4,1,1,-52,0,1487,10754,2,100,6,0,0
476,24,18,1280,0,12,3,7,7,1,1,-70,1,492,8672,8,100,2,0,0
476,30,24,1536,0,17,5,6,6,1,3,-70,0,749,11243,12,100,4,0,0
477,9,4,768,0,26,2,2,7,1,1,-52,5,759,7951,28,100,0,0,0
477,10,5,768,0,11,1,7,7,1,1,-52,0,602,11361,10,100,3,0,0
478,6,5,768,10,16,3,5,5,1,2,-52,0,376,6296,14,100,2,0,0
478,4,1,512,10,34,5,1,7,2,1,-61,10,6112,31131,31,100,3,0,0
477,28,18,1280,0,23,1,4,6,1,1,-95,1,469,9559,15,100,2,0,0
479,1,0,256,0,6,0,0,3,0,0,0,10,1458,13594,412,100,1,0,0
477,29,28,1536,0,10,2,6,5,1,1,-52,0,528,8502,10,100,3,0,0
479,11,5,768,0,27,6,2,7,1,2,-70,1,634,13516,23,100,2,0,0
477,25,21,1536,0,17,3,5,7,1,2,-70,0,643,9206,12,100,2,0,0
479,8,4,768,20,30,3,2,7,1,2,-70,10,3624,25000,27,100,1,0,0
478,26,21,1536,0,16,1,5,6,1,1,-52,1,429,10195,14,100,2,0,0
479,16,11,1024,10,22,3,4,7,1,2,-52,0,613,10529,18,100,3,0,0
479,14,8,1024,0,14,4,6,7,1,2,-70,1,800,14789,15,100,2,0,0
480,12,8,1024,10,23,3,5,6,1,2,-70,1,1239,14049,19,100,1,0,0
479,21,15,1280,0,25,2,3,6,1,1,-70,3,1137,17219,23,100,2,0,0
479,18,8,1024,0,33,2,2,7,1,1,-95,6,1775,19287,26,100,1,0,0
482,3,1,512,0,20,5,1,6,1,1,-76,0,355,7701,32,100,1,0,0
483,4,1,512,0,35,5,1,7,2,1,-61,10,2849,13885,32,100,1,0,0
482,9,4,768,10,27,2,2,7,1,1,-52,5,1167,8943,29,100,2,0,0
481,30,24,1536,10,18,5,6,6,1,3,-70,0,417,4535,13,100,2,0,0
481,15,9,1024,0,30,2,2,7,1,1,-70,4,1438,13046,25,100,2,0,0
482,28,18,1280,0,23,1,4,6,1,1,-95,1,522,8552,16,100,1,0,0
483,2,8,1024,0,13,2,4,3,1,1,-70,0,505,10685,19,100,2,0,0
484,24,18,1280,0,13,3,7,7,1,1,-70,1,1069,10816,9,100,3,0,0
484,21,15,1280,0,25,2,3,6,1,1,-70,3,467,7333,23,100,1,0,0
485,6,5,768,0,16,3,5,5,1,2,-52,0,360,7471,15,100,1,0,0
485,8,4,768,0,31,3,2,7,1,2,-70,10,2422,18300,27,100,2,0,0
440,22,18,1408,90,3,3,7,4,0,1,-70,0,778,9861,1,100,6,0,0
487,5,1,512,0,27,5,1,7,1,1,-76,4,1954,23411,32,100,1,0,0
486,20,14,1280,0,19,1,6,7,1,1,-70,0,615,11624,14,100,2,0,0
450,22,18,1408,90,4,3,7,6,0,1,-70,1,858,9161,2,100,6,0,0
487,9,4,768,0,27,2,2,7,1,1,-52,5,641,7614,29,100,1,0,0
455,22,18,1408,90,4,3,7,6,0,1,-70,1,490,4594,2,100,2,0,0
488,11,5,768,0,28,6,2,7,1,2,-70,1,1000,13184,24,100,1,0,0
486,26,21,1536,10,16,1,5,6,1,1,-52,1,340,9117,15,100,1,0,0
488,10,5,768,0,12,1,7,7,1,1,-52,0,528,9836,10,100,3,0,0
487,2,8,1024,0,13,2,4,3,1,1,-70,0,258,4015,19,100,1,0,0
461,22,18,1408,80,5,3,7,6,0,1,-70,1,603,4870,2,100,3,0,0
489,1,0,256,0,6,0,0,3,0,0,0,10,2133,22864,427,100,2,0,0
487,17,12,1280,0,5,1,8,4,1,1,-52,0,928,10526,3,100,6,0,0
488,16,11,1024,0,22,3,4,7,1,2,-52,0,333,9077,18,100,1,0,0
487,25,21,1536,0,17,3,5,7,1,2,-70,0,484,9183,13,100,2,0,0
487,29,28,1536,0,10,2,6,5,1,1,-52,0,581,9030,11,100,3,0,0
472,22,18,1408,80,5,3,7,6,0,1,-70,1,830,10403,3,100,4,0,0
490,4,1,512,20,35,5,1,7,2,1,-61,10,3875,19280,32,100,2,0,0
488,14,8,1024,0,15,4,6,7,1,2,-70,1,1376,12323,15,100,2,0,0
489,21,15,1280,10,25,2,3,6,1,1,-70,3,758,7954,24,100,1,0,0
491,6,5,768,0,16,3,5,5,1,2,-52,0,279,4643,15,100,1,0,0
483,22,18,1408,80,5,3,7,6,0,1,-70,1,713,9480,4,100,4,0,0
490,8,4,768,50,31,3,2,7,1,2,-70,10,2703,17266,28,100,1,0,0
489,18,8,1024,10,34,2,2,7,1,1,-95,6,3025,23968,26,100,3,0,0
492,3,1,512,0,20,5,1,6,1,1,-76,0,499,11523,33,100,2,0,0
488,28,18,1280,0,23,1,4,6,1,1,-95,1,611,10911,16,100,1,0,0
490,30,24,1536,0,18,5,6,6,1,3,-70,0,429,8250,13,100,2,0,0
492,9,4,768,10,27,2,2,7,1,1,-52,5,1126,9630,29,100,1,0,0
490,22,18,1280,0,6,3,7,6,1,1,-70,1,1454,9011,4,100,3,0,0
491,15,9,1024,10,30,2,2,7,1,1,-70,4,1437,16194,26,100,2,0,0
491,12,8,1024,0,23,3,5,6,1,2,-70,1,992,20196,19,100,3,0,0
491,26,21,1536,0,16,1,5,6,1,1,-52,1,284,6052,15,100,1,0,0
494,5,1,512,0,27,5,1,7,1,1,-76,4,1613,17508,33,100,2,0,0
493,20,14,1280,0,19,1,6,7,1,1,-70,0,308,7011,14,100,1,0,0
494,29,28,1536,0,10,2,6,5,1,1,-52,0,349,6006,11,100,1,0,0
494,18,8,1024,20,34,2,2,7,1,1,-95,6,1185,11891,27,100,1,0,0
495,8,4,768,90,31,3,2,7,1,2,-70,10,2291,14986,28,100,1,0,0
496,10,5,768,0,12,1,7,7,1,1,-52,0,457,7570,11,100,2,0,0
495,21,15,1280,0,25,2,3,6,1,1,-70,3,748,11983,24,100,1,0,0
494,17,12,1280,0,5,1,8,4,1,1,-52,0,476,6413,3,100,3,0,0
495,25,21,1536,0,17,3,5,7,1,2,-70,0,460,7380,14,100,2,0,0
497,15,9,1024,10,30,2,2,7,1,1,-70,4,892,7659,26,100,1,0,0
494,24,18,1280,0,13,3,7,7,1,1,-70,1,869,13122,9,100,3,0,0
498,3,1,512,0,21,5,1,6,1,1,-76,0,387,7340,33,100,1,0,0
498,16,11,1024,0,22,3,4,7,1,2,-52,0,484,8890,19,100,2,0,0
498,4,1,512,10,35,5,1,7,2,1,-61,10,5662,26906,33,100,1,0,0
499,11,5,768,0,28,6,2,7,1,2,-70,1,1048,16338,25,100,2,0,0
496,2,8,1024,0,14,2,4,3,1,1,-70,0,812,9042,20,100,1,0,0
497,26,21,1536,0,16,1,5,6,1,1,-52,1,436,7409,16,100,2,0,0
496,28,18,1280,0,24,1,4,6,1,1,-95,1,798,13738,17,100,2,0,0
500,1,0,256,0,6,0,0,3,0,0,0,10,2982,27939,451,100,2,0,0
498,12,8,1024,0,24,3,5,6,1,2,-70,1,944,12578,20,100,2,0,0
500,9,4,768,0,28,2,2,7,1,1,-52,4,1938,13969,30,100,3,0,0
500,14,8,1024,0,15,4,7,7,1,2,-70,1,925,13964,16,100,3,0,0
501,22,18,1280,0,8,3,7,6,1,1,-70,1,876,9259,5,100,4,0,0
500,24,18,1280,10,13,3,7,7,1,1,-70,1,492,7027,10,100,1,0,0
501,6,5,768,0,16,3,5,5,1,2,-52,0,480,9766,16,100,2,0,0
501,5,1,512,10,27,5,1,7,1,1,-76,4,1472,17370,33,100,1,0,0
501,17,12,1280,0,7,1,8,4,1,1,-52,0,773,6774,4,100,3,0,0
501,2,8,1024,0,14,2,4,3,1,1,-70,0,363,4697,20,100,1,0,0
502,10,5,768,0,14,1,7,7,1,1,-52,0,934,6285,11,100,3,0,0
502,29,28,1536,0,10,2,6,5,1,1,-52,0,460,7167,12,100,2,0,0
501,30,24,1536,10,18,5,6,6,1,3,-70,0,512,10065,14,100,2,0,0
504,11,5,768,0,28,6,2,7,1,2,-70,1,367,8244,25,100,1,0,0
504,28,18,1280,0,25,1,4,6,1,1,-95,1,868,14009,17,100,2,0,0
504,18,8,1024,0,35,2,2,7,1,1,-95,6,2494,26535,27,100,3,0,0
505,4,1,512,0,36,5,2,7,2,1,-61,10,3293,17863,33,100,3,0,0
503,26,21,1536,0,16,1,5,6,1,1,-52,0,447,7372,16,100,1,0,0
505,20,14,1280,0,20,1,7,7,1,1,-70,0,710,10837,15,100,5,0,0
504,21,15,1280,0,25,2,3,6,1,1,-70,2,1243,15892,25,100,1,0,0
505,12,8,1024,0,25,3,5,6,1,2,-70,1,729,12396,20,100,2,0,0
505,14,8,1024,0,15,4,7,7,1,2,-70,1,603,8094,16,100,1,0,0
507,3,1,512,0,21,5,1,6,1,1,-76,0,406,10771,34,100,1,0,0
506,6,5,768,0,16,3,5,5,1,2,-52,0,279,5054,16,100,1,0,0
506,15,9,1024,0,31,2,2,7,1,1,-70,3,1435,16078,27,100,2,0,0
506,8,4,768,10,32,3,2,7,1,2,-70,10,4446,32451,29,100,3,0,0
507,9,4,768,0,28,2,2,7,1,1,-52,4,1211,12643,30,100,1,0,0
506,2,8,1024,0,14,2,4,3,1,1,-70,0,434,5388,21,100,2,0,0
508,1,0,256,0,6,0,0,3,0,0,0,10,1730,20225,460,100,1,0,0
508,16,11,1024,0,23,3,4,7,1,2,-52,0,529,9274,19,100,3,0,0
509,22,18,1280,0,8,3,7,6,1,1,-70,1,513,7965,5,100,2,0,0
507,25,21,1536,0,17,3,5,7,1,2,-70,0,452,10673,14,100,2,0,0
508,17,12,1280,0,7,1,8,4,1,1,-52,0,498,7029,4,100,3,0,0
511,11,5,768,10,28,6,2,7,1,2,-70,1,609,10196,26,100,1,0,0
509,26,21,1536,0,16,1,5,6,1,1,-52,0,409,7290,16,100,1,0,0
510,24,18,1280,0,15,3,7,7,1,1,-70,1,952,11661,10,100,4,0,0
512,5,1,512,10,28,5,1,7,1,1,-76,4,2177,23131,34,100,2,0,0
511,18,8,1024,10,36,2,2,7,1,1,-95,6,1330,15009,28,100,2,0,0
512,1,0,256,0,6,0,0,3,0,0,0,10,1227,10583,474,100,1,0,0
511,21,15,1280,0,25,2,3,6,1,1,-70,2,1148,13929,25,100,2,0,0
513,4,1,512,0,37,5,2,7,2,1,-61,10,4932,24138,34,100,3,0,0
511,14,8,1024,0,15,4,7,7,1,2,-70,1,641,8076,17,100,1,0,0
513,8,4,768,40,33,3,2,7,1,2,-70,10,2808,18996,29,100,2,0,0
511,28,18,1280,10,25,1,4,6,1,1,-95,1,545,12215,18,100,1,0,0
515,10,5,768,0,15,1,7,7,1,1,-52,0,789,11995,12,100,3,0,0
511,12,8,1024,0,26,3,5,6,1,2,-70,1,796,11435,21,100,2,0,0
512,29,28,1536,0,10,2,6,5,1,1,-52,0,484,9445,13,100,2,0,0
514,16,11,1024,0,25,3,4,7,1,2,-52,0,789,6506,20,100,2,0,0
513,30,24,1536,0,19,5,6,6,1,3,-70,0,611,10931,15,100,3,0,0
514,24,18,1280,0,15,3,7,7,1,1,-70,1,618,5734,11,100,1,0,0
516,3,1,512,0,21,5,1,6,1,1,-76,0,425,10899,34,100,2,0,0
515,17,12,1280,0,7,1,8,4,1,1,-52,0,530,6190,5,100,3,0,0
516,20,14,1280,0,22,1,7,7,1,1,-70,0,824,11374,16,100,3,0,0
517,9,4,768,10,29,2,2,7,1,1,-52,4,1579,15738,31,100,3,0,0
517,28,18,1280,0,25,1,4,6,1,1,-95,1,492,9417,18,100,1,0,0
516,15,9,1024,0,32,2,2,7,1,1,-70,3,1340,15931,27,100,3,0,0
517,11,5,768,0,28,6,2,7,1,2,-70,1,630,10257,26,100,2,0,0
516,2,8,1024,0,14,2,4,3,1,1,-70,0,328,9248,21,100,1,0,0
518,22,18,1280,0,9,3,7,6,1,1,-70,1,791,8383,6,100,4,0,0
518,6,5,768,0,17,3,5,5,1,2,-52,0,587,10578,17,100,2,0,0
517,30,24,1536,0,20,5,6,6,1,3,-70,0,385,4672,15,100,2,0,0
519,21,15,1280,10,25,2,3,6,1,1,-70,2,494,10581,26,100,1,0,0
519,18,8,1024,0,36,2,2,7,1,1,-95,6,1862,20700,28,100,1,0,0
520,29,28,1536,0,11,2,6,5,1,1,-52,0,414,7049,13,100,1,0,0
520,24,18,1280,0,15,3,7,7,1,1,-70,1,615,7394,11,100,2,0,0
519,25,21,1536,10,17,3,5,7,1,2,-70,0,513,10782,15,100,2,0,0
520,5,1,512,0,28,5,1,7,1,1,-76,4,1552,19032,35,100,2,0,0
521,4,1,512,10,38,5,2,7,2,1,-61,10,4012,20430,34,100,2,0,0
521,1,0,256,0,6,0,0,3,0,0,0,10,1771,19612,481,100,2,0,0
520,12,8,1024,10,27,3,5,6,1,2,-70,1,794,14266,21,100,3,0,0
519,17,12,1280,0,7,1,8,4,1,1,-52,0,256,3749,5,100,1,0,0
522,9,4,768,0,31,2,2,7,1,1,-52,4,1043,7909,31,100,1,0,0
521,8,4,768,0,34,3,2,7,1,2,-70,10,3342,22456,30,100,3,0,0
521,14,8,1024,0,15,4,7,7,1,2,-70,1,719,12579,17,100,2,0,0
521,11,5,768,0,28,6,2,7,1,2,-70,1,338,7016,26,100,0,0,0
520,26,21,1536,10,17,1,5,6,1,1,-52,0,1019,13508,17,100,2,0,0
521,20,14,1280,0,23,1,7,7,1,1,-70,0,385,4843,16,100,2,0,0
523,21,15,1280,0,25,2,3,6,1,1,-70,2,765,8119,26,100,1,0,0
522,22,18,1280,0,9,3,7,6,1,1,-70,1,284,4304,6,100,1,0,0
525,3,1,512,0,21,5,1,6,1,1,-76,0,407,10362,35,100,1,0,0
524,16,11,1024,0,26,3,4,7,1,2,-52,0,585,9598,21,100,3,0,0
525,1,0,256,0,6,0,0,3,0,0,0,10,966,9979,489,100,0,0,0
524,24,18,1280,0,16,3,7,7,1,1,-70,1,486,5372,11,100,2,0,0
524,10,5,768,0,16,1,7,7,1,1,-52,0,771,11428,13,100,4,0,0
526,9,4,768,0,31,2,2,7,1,1,-52,4,1001,8041,32,100,1,0,0
526,4,1,512,10,38,5,2,7,2,1,-61,10,3349,16364,35,100,1,0,0
526,6,5,768,0,17,3,5,5,1,2,-52,0,425,7807,17,100,2,0,0
526,25,21,1536,0,17,3,5,7,1,2,-70,0,490,6412,16,100,2,0,0
525,18,8,1024,0,37,2,2,7,1,1,-95,6,1821,16382,29,100,3,0,0
527,15,9,1024,10,33,2,2,7,1,1,-70,3,1817,17665,28,100,3,0,0
527,5,1,512,20,28,5,1,7,1,1,-76,4,1443,15891,35,100,1,0,0
525,30,24,1536,0,21,5,6,6,1,3,-70,0,934,7342,16,100,2,0,0
526,21,15,1280,10,25,2,3,6,1,1,-70,2,547,7870,26,100,0,0,0
525,2,8,1024,10,14,2,4,3,1,1,-70,0,457,8008,22,100,2,0,0
527,28,18,1280,0,25,1,4,6,1,1,-95,1,896,17916,19,100,2,0,0
490,27,22,1664,90,3,1,8,3,0,1,-52,0,290,5536,3,100,2,0,0
500,27,22,1664,100,4,1,8,3,0,1,-52,0,633,8785,4,100,5,0,0
530,3,1,512,0,21,5,1,6,1,1,-76,0,280,6431,35,100,1,0,0
530,9,4,768,0,31,2,2,7,1,1,-52,4,861,7148,32,100,1,0,0
529,16,11,1024,0,26,3,4,7,1,2,-52,0,283,5174,21,100,1,0,0
528,29,28,1536,0,11,2,6,5,1,1,-52,0,460,7699,14,100,2,0,0
528,14,8,1024,0,15,4,7,7,1,2,-70,1,691,9324,18,100,1,0,0
505,27,22,1664,90,4,1,8,3,0,1,-52,0,290,4872,4,100,2,0,0
530,11,5,768,0,28,6,2,7,1,2,-70,1,1020,13957,27,100,2,0,0
529,22,18,1280,10,9,3,7,6,1,1,-70,1,1248,8510,7,100,2,0,0
514,27,22,1664,80,4,1,8,3,0,1,-52,0,435,6206,5,100,3,0,0
529,20,14,1280,10,23,1,7,7,1,1,-70,0,339,7681,17,100,1,0,0
531,26,21,1536,0,17,1,5,6,1,1,-52,0,511,13128,18,100,2,0,0
532,8,4,768,70,34,3,2,7,1,2,-70,10,5034,33810,30,100,2,0,0
522,27,22,1664,80,5,1,8,3,0,1,-52,0,411,7250,5,100,3,0,0
532,25,21,1536,0,18,3,5,7,1,2,-70,0,604,5907,16,100,1,0,0
534,15,9,1024,0,33,2,2,7,1,1,-70,3,982,10830,28,100,1,0,0
533,10,5,768,0,16,1,7,7,1,1,-52,0,372,7833,13,100,1,0,0
530,17,12,1280,0,7,1,8,4,1,1,-52,0,644,9921,6,100,3,0,0
530,27,22,1536,0,5,1,8,3,1,1,-52,0,1383,8899,6,100,2,0,0
531,12,8,1024,0,27,3,5,6,1,2,-70,1,1069,19550,22,100,2,0,0
534,16,11,1024,0,26,3,4,7,1,2,-52,0,325,4483,21,100,1,0,0
531,2,8,1024,0,14,2,4,3,1,1,-70,0,310,5324,22,100,1,0,0
535,21,15,1280,0,26,2,3,6,1,1,-70,2,1188,14807,27,100,2,0,0
535,11,5,768,0,28,6,2,7,1,2,-70,1,494,7063,27,100,1,0,0
532,18,8,1024,0,37,2,2,7,1,1,-95,6,2466,19779,29,100,1,0,0
536,1,0,256,0,6,0,0,3,0,0,0,10,2645,26890,508,100,2,0,0
534,24,18,1280,0,17,3,7,7,1,1,-70,1,976,12891,12,100,2,0,0
535,22,18,1280,0,9,3,7,6,1,1,-70,1,910,8029,7,100,1,0,0
535,27,22,1536,0,6,1,8,3,1,1,-52,0,480,4774,6,100,3,0,0
536,5,1,512,0,28,5,1,7,1,1,-76,4,1817,20439,36,100,2,0,0
536,30,24,1536,0,22,5,6,6,1,3,-70,0,550,10408,16,100,2,0,0
537,4,1,512,0,38,5,2,7,2,1,-61,10,6477,31781,35,100,2,0,0
538,9,4,768,0,31,2,2,7,1,1,-52,4,1182,12435,32,100,1,0,0
536,20,14,1280,0,23,1,7,7,1,1,-70,0,308,6518,17,100,1,0,0
538,6,5,768,0,17,3,5,5,1,2,-52,0,550,10609,18,100,2,0,0
536,12,8,1024,0,28,3,5,6,1,2,-70,1,447,8821,22,100,1,0,0
536,28,18,1280,0,25,1,4,6,1,1,-95,1,748,16763,19,100,2,0,0
538,15,9,1024,0,33,2,2,7,1,1,-70,3,731,8605,29,100,1,0,0
539,16,11,1024,0,26,3,4,7,1,2,-52,0,218,4121,22,100,0,0,0
539,29,28,1536,10,11,2,6,5,1,1,-52,0,428,10336,14,100,2,0,0
540,10,5,768,0,16,1,7,7,1,1,-52,0,504,6335,14,100,2,0,0
540,26,21,1536,0,17,1,5,6,1,1,-52,0,374,8115,18,100,1,0,0
539,14,8,1024,0,15,4,7,7,1,2,-70,1,963,13737,18,100,2,0,0
541,25,21,1536,0,18,3,5,7,1,2,-70,0,577,7623,17,100,1,0,0
542,3,1,512,0,21,5,1,6,1,1,-76,0,620,13956,36,100,3,0,0
541,8,4,768,80,34,3,2,7,1,2,-70,10,3920,26938,31,100,1,0,0
540,17,12,1280,0,8,1,8,4,1,1,-52,0,679,9318,7,100,4,0,0
541,20,14,1280,0,23,1,7,7,1,1,-70,0,315,4527,18,100,1,0,0
543,4,1,512,20,38,5,2,7,2,1,-61,10,3666,17596,36,100,1,0,0
542,21,15,1280,0,26,2,3,6,1,1,-70,2,1021,13702,27,100,1,0,0
540,22,18,1280,10,10,3,7,6,1,1,-70,1,711,7368,8,100,3,0,0
540,2,8,1024,0,14,2,4,3,1,1,-70,0,481,8744,23,100,2,0,0
543,6,5,768,10,17,3,5,5,1,2,-52,0,336,5863,19,100,1,0,0
542,18,8,1024,10,37,2,2,7,1,1,-95,6,2337,23715,30,100,1,0,0
543,30,24,1536,0,22,5,6,6,1,3,-70,0,465,6417,17,100,2,0,0
543,27,22,1536,0,7,1,8,3,1,1,-52,0,558,7252,7,100,3,0,0
545,5,1,512,0,28,5,1,7,1,1,-76,4,1660,19936,36,100,1,0,0
545,3,1,512,0,22,5,1,6,1,1,-76,0,266,5581,36,100,0,0,0
544,14,8,1024,0,15,4,7,7,1,2,-70,1,574,6894,19,100,1,0,0
544,17,12,1280,0,8,1,8,4,1,1,-52,0,377,4536,7,100,2,0,0
546,26,21,1536,0,17,1,5,6,1,1,-52,0,339,5853,19,100,1,0,0
546,24,18,1280,0,17,3,7,7,1,1,-70,1,1171,14747,13,100,3,0,0
547,1,0,256,0,6,0,0,3,0,0,0,10,2457,26624,526,100,2,0,0
547,11,5,768,0,28,6,2,7,1,2,-70,1,918,16917,28,100,2,0,0
546,21,15,1280,0,26,2,3,6,1,1,-70,2,524,7329,27,100,1,0,0
546,28,18,1280,0,26,1,4,6,1,1,-95,1,881,16292,20,100,1,0,0
547,25,21,1536,0,18,3,5,7,1,2,-70,0,283,5884,17,100,1,0,0
546,20,14,1280,0,23,1,7,7,1,1,-70,0,283,4664,18,100,1,0,0
547,22,18,1280,0,10,3,7,6,1,1,-70,1,665,8426,8,100,1,0,0
548,9,4,768,0,31,2,2,7,1,1,-52,4,2133,19480,33,100,2,0,0
547,12,8,1024,0,29,3,5,6,1,2,-70,1,1143,19012,23,100,3,0,0
548,16,11,1024,0,26,3,4,7,1,2,-52,0,428,8859,22,100,2,0,0
547,2,8,1024,0,14,2,4,3,1,1,-70,0,374,6822,23,100,1,0,0
549,14,8,1024,0,15,4,7,7,1,2,-70,1,494,6720,19,100,1,0,0
550,10,5,768,0,17,1,7,7,1,1,-52,0,485,10098,15,100,2,0,0
550,15,9,1024,0,34,2,2,7,1,1,-70,3,2240,19550,29,100,2,0,0
550,3,1,512,0,22,5,1,6,1,1,-76,0,358,5851,37,100,1,0,0
551,18,8,1024,20,37,2,2,7,1,1,-95,6,1671,22056,31,100,2,0,0
551,11,5,768,0,29,6,2,7,1,2,-70,1,600,6877,28,100,1,0,0
550,17,12,1280,0,8,1,8,4,1,1,-52,0,377,5538,7,100,2,0,0
551,6,5,768,0,17,3,5,5,1,2,-52,0,304,7026,19,100,1,0,0
551,29,28,1536,0,11,2,6,5,1,1,-52,0,510,10912,15,100,2,0,0
553,22,18,1280,0,10,3,7,6,1,1,-70,1,463,7209,8,100,2,0,0
552,5,1,512,0,28,5,1,7,1,1,-76,4,1654,16006,37,100,2,0,0
551,26,21,1536,0,17,1,5,6,1,1,-52,0,283,5816,19,100,1,0,0
553,4,1,512,0,40,5,2,7,2,1,-61,10,5711,28137,36,100,3,0,0
552,8,4,768,0,35,3,2,7,1,2,-70,10,4932,34366,32,100,2,0,0
553,27,22,1536,0,8,1,8,3,1,1,-52,0,623,9495,7,100,4,0,0
554,30,24,1536,0,23,5,6,6,1,3,-70,0,462,10008,17,100,1,0,0
554,21,15,1280,10,27,2,3,6,1,1,-70,2,1046,15261,28,100,2,0,0
554,20,14,1280,0,25,1,7,7,1,1,-70,0,1096,9030,19,100,3,0,0
555,10,5,768,0,17,1,7,7,1,1,-52,0,379,5836,15,100,2,0,0
555,28,18,1280,0,27,1,4,6,1,1,-95,1,826,15937,21,100,3,0,0
557,9,4,768,10,32,2,2,7,1,1,-52,4,1694,16158,34,100,3,0,0
558,1,0,256,0,6,0,0,3,0,0,0,10,2696,26621,547,100,2,0,0
556,14,8,1024,0,15,4,7,7,1,2,-70,1,692,9102,20,100,1,0,0
556,25,21,1536,0,19,3,5,7,1,2,-70,0,613,10054,18,100,3,0,0
557,22,18,1280,0,10,3,7,6,1,1,-70,1,519,5389,9,100,1,0,0
557,24,18,1280,0,18,3,7,7,1,1,-70,1,996,14802,14,100,3,0,0
559,15,9,1024,0,35,2,2,7,1,1,-70,3,1587,15687,30,100,3,0,0
558,11,5,768,0,29,6,2,7,1,2,-70,1,617,12871,29,100,1,0,0
558,29,28,1536,0,12,2,6,5,1,1,-52,0,465,7022,16,100,2,0,0
559,3,1,512,0,22,5,1,6,1,1,-76,0,452,11447,37,100,2,0,0
558,12,8,1024,0,29,3,5,6,1,2,-70,1,919,20067,24,100,2,0,0
560,16,11,1024,0,27,3,4,7,1,2,-52,0,637,11167,23,100,3,0,0
559,20,14,1280,0,25,1,7,7,1,1,-70,0,260,4252,19,100,1,0,0
559,30,24,1536,0,24,5,6,7,1,3,-70,0,514,5604,18,100,3,0,0
559,2,8,1024,0,14,2,4,3,1,1,-70,0,505,10958,24,100,2,0,0
562,5,1,512,0,28,5,1,7,1,1,-76,4,1377,19098,37,100,1,0,0
561,18,8,1024,0,39,2,2,7,1,1,-95,6,2976,25365,31,100,3,0,0
562,4,1,512,10,40,5,2,7,2,1,-61,10,4744,25197,37,100,2,0,0
561,9,4,768,0,33,2,2,7,1,1,-52,4,819,7068,34,100,1,0,0
561,24,18,1280,0,18,3,8,7,1,1,-70,1,523,6204,14,100,2,0,0
560,26,21,1536,0,19,1,5,7,1,1,-52,0,686,10313,20,100,4,0,0
562,6,5,768,0,17,3,5,5,1,2,-52,0,504,10639,20,100,2,0,0
564,8,4,768,20,36,3,2,7,1,2,-70,10,4334,30452,33,100,3,0,0
562,17,12,1280,0,8,1,8,4,1,1,-52,0,578,10461,8,100,3,0,0
564,1,0,256,0,6,0,0,3,0,0,0,10,1253,14298,553,100,1,0,0
562,21,15,1280,0,28,2,3,7,1,1,-70,2,1428,16409,28,100,3,0,0
563,29,28,1536,10,12,2,6,6,1,1,-52,0,427,5034,16,100,1,0,0
563,28,18,1280,0,27,1,4,6,1,1,-95,1,965,15983,21,100,2,0,0
564,20,14,1280,0,25,1,7,7,1,1,-70,0,283,5650,19,100,1,0,0
564,15,9,1024,0,35,2,2,7,1,1,-70,3,738,8779,30,100,1,0,0
564,27,22,1536,0,8,1,8,4,1,1,-52,0,699,10592,8,100,4,0,0
566,10,5,768,0,17,1,7,7,1,1,-52,0,384,9220,16,100,1,0,0
565,14,8,1024,0,15,4,7,7,1,2,-70,1,873,11100,20,100,2,0,0
568,11,5,768,0,29,6,2,7,1,2,-70,1,615,10548,29,100,2,0,0
566,12,8,1024,0,29,3,5,6,1,2,-70,1,666,13800,24,100,2,0,0
566,22,18,1280,0,11,3,7,6,1,1,-70,1,935,12876,9,100,3,0,0
567,17,12,1280,0,8,1,8,4,1,1,-52,0,282,4600,8,100,1,0,0
569,3,1,512,0,22,5,1,6,1,1,-76,0,379,10367,38,100,1,0,0
566,26,21,1536,0,19,1,5,7,1,1,-52,0,284,5988,20,100,1,0,0
569,16,11,1024,0,27,3,4,7,1,2,-52,0,461,8194,24,100,2,0,0
570,18,8,1024,10,39,2,3,7,1,1,-95,6,1689,21208,32,100,2,0,0
569,9,4,768,10,33,2,2,7,1,1,-52,4,1387,13026,34,100,1,0,0
568,25,21,1536,0,21,3,6,7,1,2,-70,0,982,11282,18,100,3,0,0
570,4,1,512,0,40,5,2,7,2,1,-61,10,4367,22017,37,100,1,0,0
569,21,15,1280,0,28,2,3,7,1,1,-70,2,985,13352,29,100,1,0,0
569,29,28,1536,0,13,2,6,6,1,1,-52,0,615,6575,16,100,3,0,0
569,28,18,1280,0,27,1,4,6,1,1,-95,1,576,11115,22,100,1,0,0
570,30,24,1536,0,25,5,6,7,1,3,-70,0,777,11960,19,100,3,0,0
573,5,1,512,0,28,5,1,7,1,1,-76,4,1772,22783,38,100,2,0,0
572,1,0,256,0,6,0,0,3,0,0,0,10,2085,20303,569,100,2,0,0
571,12,8,1024,0,29,3,5,6,1,2,-70,1,574,8551,25,100,0,0,0
574,6,5,768,0,17,3,5,5,1,2,-52,0,425,8690,20,100,2,0,0
573,3,1,512,0,22,5,1,6,1,1,-76,0,256,4953,38,100,1,0,0
573,15,9,1024,0,35,2,2,7,1,1,-70,3,1325,13931,31,100,2,0,0
572,2,8,1024,0,15,2,4,3,1,1,-70,0,1042,11141,25,100,2,0,0
575,16,11,1024,0,27,3,4,7,1,2,-52,0,283,4897,24,100,1,0,0
575,8,4,768,20,36,3,2,7,1,2,-70,10,4656,32630,33,100,2,0,0
572,24,18,1280,0,18,3,8,7,1,1,-70,1,921,14657,15,100,2,0,0
574,9,4,768,10,33,2,2,7,1,1,-52,4,1043,9172,35,100,1,0,0
575,4,1,512,0,40,5,2,7,2,1,-61,10,3129,16337,38,100,1,0,0
574,14,8,1024,0,16,4,7,7,1,2,-70,1,1224,11538,21,100,2,0,0
575,21,15,1280,0,28,2,3,7,1,1,-70,2,494,8265,29,100,1,0,0
574,27,22,1536,0,9,1,8,4,1,1,-52,0,584,9274,9,100,3,0,0
577,11,5,768,0,29,6,2,7,1,2,-70,1,949,13859,30,100,1,0,0
575,17,12,1280,0,9,1,8,4,1,1,-52,0,564,7293,9,100,2,0,0
574,28,18,1280,0,27,1,4,6,1,1,-95,1,461,9172,22,100,1,0,0
577,10,5,768,0,18,1,7,7,1,1,-52,0,746,10257,16,100,2,0,0
576,20,14,1280,0,25,1,7,7,1,1,-70,0,718,12093,20,100,2,0,0
578,18,8,1024,0,39,2,3,7,1,1,-95,6,2115,21236,32,100,2,0,0
578,3,1,512,0,23,5,1,6,1,1,-76,0,628,6152,38,100,1,0,0
575,26,21,1536,0,20,1,5,7,1,1,-52,0,585,8680,21,100,3,0,0
577,2,8,1024,0,15,2,4,3,1,1,-70,0,259,4920,25,100,1,0,0
577,25,21,1536,0,22,3,6,7,1,2,-70,1,801,9637,19,100,4,0,0
578,22,18,1280,0,13,3,7,6,1,1,-70,1,1199,14408,10,100,4,0,0
579,12,8,1024,0,29,3,5,6,1,2,-70,1,664,13475,25,100,2,0,0
580,5,1,512,0,29,5,1,7,1,1,-76,4,1551,16009,38,100,1,0,0
579,24,18,1280,0,18,3,8,7,1,1,-70,1,493,7807,15,100,2,0,0
580,11,5,768,0,29,6,2,7,1,2,-70,1,314,6073,30,100,1,0,0
580,1,0,256,0,6,0,0,3,0,0,0,10,1872,20016,582,100,1,0,0
580,27,22,1536,0,9,1,8,4,1,1,-52,0,377,5271,9,100,2,0,0
581,4,1,512,10,40,5,2,7,2,1,-61,10,3263,16777,38,100,1,0,0
580,28,18,1280,0,27,1,4,6,1,1,-95,1,343,8899,22,100,1,0,0
579,29,28,1536,0,14,2,6,6,1,1,-52,0,609,11180,17,100,3,0,0
581,15,9,1024,0,36,2,2,7,1,1,-70,4,1317,13864,32,100,2,0,0
582,30,24,1536,0,26,5,6,7,1,3,-70,0,620,10691,19,100,3,0,0
583,6,5,768,0,18,3,5,5,1,2,-52,0,587,9336,21,100,2,0,0
584,10,5,768,0,18,1,7,7,1,1,-52,0,362,6838,17,100,1,0,0
584,2,8,1024,0,15,2,4,3,1,1,-70,0,336,5717,26,100,1,0,0
584,16,11,1024,10,27,3,4,7,1,2,-52,0,391,8877,25,100,1,0,0
585,18,8,1024,10,39,2,3,7,1,1,-95,6,1649,17469,33,100,1,0,0
585,8,4,768,0,37,3,2,7,1,2,-70,10,4107,29459,34,100,2,0,0
586,5,1,512,0,29,5,1,7,1,1,-76,4,1377,13735,39,100,1,0,0
585,9,4,768,0,33,2,2,7,1,1,-52,5,2000,19151,36,100,3,0,0
586,25,21,1536,0,22,3,6,7,1,2,-70,1,610,7291,20,100,2,0,0
584,17,12,1280,0,10,1,8,4,1,1,-52,0,623,8879,9,100,4,0,0
586,26,21,1536,0,21,1,5,7,1,1,-52,0,408,8048,21,100,2,0,0
585,14,8,1024,0,16,4,7,7,1,2,-70,1,815,13547,21,100,2,0,0
587,1,0,256,0,6,0,0,3,0,0,0,10,1399,15320,593,100,1,0,0
586,21,15,1280,0,30,2,3,7,1,1,-70,3,1851,21443,30,100,4,0,0
587,11,5,768,0,30,6,2,7,1,2,-70,1,800,11337,31,100,1,0,0
588,3,1,512,0,23,5,1,6,1,1,-76,0,499,12015,39,100,2,0,0
586,27,22,1536,0,9,1,8,4,1,1,-52,0,433,6716,10,100,2,0,0
589,20,14,1280,0,25,1,7,7,1,1,-70,0,509,10600,21,100,2,0,0
589,6,5,768,0,18,3,5,5,1,2,-52,0,335,6194,22,100,1,0,0
589,12,8,1024,0,29,3,5,6,1,2,-70,1,895,17393,26,100,2,0,0
590,4,1,512,20,40,5,2,7,2,1,-61,10,4645,24990,39,100,2,0,0
589,15,9,1024,10,37,2,2,7,1,1,-70,4,1316,13444,32,100,3,0,0
589,30,24,1536,0,26,5,6,7,1,3,-70,0,340,6793,20,100,1,0,0
588,22,18,1280,0,14,3,7,6,1,1,-70,1,1213,13643,11,100,3,0,0
588,28,18,1280,0,27,1,4,6,1,1,-95,1,773,15274,23,100,1,0,0
592,10,5,768,0,18,1,7,7,1,1,-52,0,401,7225,17,100,2,0,0
589,24,18,1280,0,19,3,8,7,1,1,-70,1,1100,13235,16,100,1,0,0
592,16,11,1024,0,28,3,4,7,1,2,-52,0,726,7624,25,100,2,0,0
590,14,8,1024,0,16,4,7,7,1,2,-70,1,603,6885,22,100,1,0,0
558,31,25,1920,50,1,2,10,3,0,1,-70,0,1056,37935,0,100,7,0,0
592,8,4,768,40,37,3,2,7,1,2,-70,10,3447,23003,34,100,2,0,0
567,31,25,1920,80,2,2,11,4,0,1,-70,0,1074,7710,0,100,9,0,0
593,1,0,256,0,6,0,0,3,0,0,0,10,1417,14614,602,100,2,0,0
592,25,21,1536,0,22,3,6,7,1,2,-70,1,607,7638,20,100,1,0,0
594,11,5,768,0,30,6,2,7,1,2,-70,1,545,8820,31,100,1,0,0
589,29,28,1536,10,14,2,6,6,1,1,-52,0,364,8822,18,100,1,0,0
592,2,8,1024,0,15,2,4,3,1,1,-70,0,401,7667,26,100,2,0,0
590,27,22,1536,0,9,1,8,4,1,1,-52,0,258,3762,10,100,1,0,0
595,4,1,512,0,40,5,2,7,2,1,-61,10,2598,12339,39,100,1,0,0
574,31,25,1920,100,2,2,11,4,0,1,-70,0,417,5098,1,100,3,0,0
593,12,8,1024,0,29,3,5,6,1,2,-70,1,218,6973,26,100,0,0,0
595,3,1,512,10,23,5,1,6,1,1,-76,0,355,8520,40,100,1,0,0
581,31,25,1920,80,3,2,11,5,0,1,-70,0,739,6628,1,100,5,0,0
595,21,15,1280,0,31,2,3,7,1,1,-70,3,1230,16021,31,100,2,0,0
595,9,4,768,10,33,2,2,7,1,1,-52,5,1582,17312,36,100,1,0,0
596,16,11,1024,10,28,3,4,7,1,2,-52,0,259,3904,25,100,1,0,0
595,26,21,1536,0,21,1,5,7,1,1,-52,0,484,9262,22,100,2,0,0
596,5,1,512,0,29,5,1,7,1,1,-76,4,2368,25548,40,100,3,0,0
587,31,25,1920,90,4,2,11,5,0,1,-70,0,526,5022,2,100,4,0,0
592,28,18,1280,0,27,1,4,6,1,1,-95,1,468,7099,23,100,1,0,0
597,15,9,1024,0,37,2,2,7,1,1,-70,4,1191,12599,33,100,1,0,0
597,10,5,768,0,18,1,7,7,1,1,-52,0,336,5890,18,100,1,0,0
594,30,24,1536,0,26,5,6,7,1,3,-70,1,1547,8669,20,100,1,0,0
594,31,30,1792,0,6,4,11,5,1,2,-52,0,1659,9072,2,100,4,0,0
598,1,0,256,0,6,0,0,3,0,0,0,10,1472,13315,611,100,1,0,0
597,11,5,768,10,30,6,2,7,1,2,-70,1,544,8118,31,100,1,0,0
595,17,12,1280,0,10,1,8,4,1,1,-52,0,483,9586,10,100,2,0,0
594,22,18,1280,10,14,3,7,6,1,1,-70,1,495,7167,11,100,1,0,0
599,8,4,768,70,37,3,2,7,1,2,-70,10,3051,19439,35,100,1,0,0
596,18,8,1024,20,40,2,3,7,1,1,-95,7,4214,32957,34,100,2,0,0
599,3,1,512,0,23,5,1,6,1,1,-76,0,280,5119,40,100,1,0,0
594,24,18,1280,0,19,3,8,7,1,1,-70,2,1700,9369,16,100,1,0,0
597,14,8,1024,0,16,4,7,7,1,2,-70,1,395,7796,22,100,1,0,0
599,6,5,768,0,18,3,5,5,1,2,-52,0,448,10247,22,100,2,0,0
599,12,8,1024,0,29,3,5,6,1,2,-70,1,614,10758,26,100,2,0,0
602,16,11,1024,0,28,3,4,7,1,2,-52,0,340,5734,26,100,1,0,0
600,2,8,1024,0,15,2,4,3,1,1,-70,0,360,7176,27,100,1,0,0
602,4,1,512,0,40,5,2,7,2,1,-61,10,4480,21360,40,100,1,0,0
603,9,4,768,0,33,2,2,7,1,1,-52,5,1343,11204,37,100,2,0,0
600,20,14,1280,10,25,1,7,7,1,1,-70,0,453,11262,22,100,2,0,0
603,21,15,1280,0,33,2,3,7,1,1,-70,3,1232,14697,31,100,2,0,0
603,10,5,768,0,19,1,7,7,1,1,-52,0,381,5756,18,100,2,0,0
604,1,0,256,0,6,0,0,3,0,0,0,10,1189,12595,621,100,0,0,0
603,25,21,1536,0,23,3,6,7,1,2,-70,1,591,9777,21,100,2,0,0
600,29,28,1536,10,14,2,6,6,1,1,-52,0,429,9446,18,100,2,0,0
605,8,4,768,70,38,3,2,7,1,2,-70,10,2642,17482,35,100,1,0,0
605,3,1,512,0,24,5,1,6,1,1,-76,0,362,6657,40,100,1,0,0
601,27,22,1536,0,11,1,8,4,1,1,-52,0,641,9056,10,100,2,0,0
605,15,9,1024,0,38,2,2,7,1,1,-70,4,1192,13527,33,100,3,0,0
602,17,12,1280,0,11,1,8,4,1,1,-52,0,567,7437,11,100,2,0,0
605,11,5,768,0,31,6,2,7,1,2,-70,1,978,11960,32,100,2,0,0
603,30,24,1536,0,27,5,6,7,1,3,-70,1,821,11344,21,100,2,0,0
607,4,1,512,20,41,5,2,7,2,1,-61,10,2902,15320,40,100,1,0,0
606,26,21,1536,0,25,1,5,7,1,1,-52,0,972,11102,23,100,3,0,0
604,18,8,1024,20,42,2,3,7,1,1,-95,7,2561,23112,34,100,2,0,0
603,28,18,1280,0,30,1,4,6,1,1,-95,1,1246,18746,24,100,2,0,0
604,22,18,1280,0,14,3,7,6,1,1,-70,1,897,12144,12,100,2,0,0
604,24,18,1280,10,21,3,8,7,1,1,-70,2,1234,13026,17,100,2,0,0
609,5,1,512,0,30,5,1,7,1,1,-76,4,2470,26759,40,100,2,0,0
608,25,21,1536,0,25,3,6,7,1,2,-70,1,497,5154,21,100,1,0,0
603,31,30,1792,0,7,4,11,5,1,2,-52,0,682,8571,3,100,4,0,0
609,10,5,768,0,21,1,7,7,1,1,-52,0,494,5960,18,100,1,0,0
607,14,8,1024,0,19,4,7,7,1,2,-70,1,1121,13114,23,100,1,0,0
607,2,8,1024,0,16,2,4,3,1,1,-70,0,508,6792,27,100,2,0,0
610,16,11,1024,0,30,3,4,7,1,2,-52,0,545,8461,26,100,1,0,0
611,6,5,768,10,21,3,5,5,1,2,-52,0,778,9250,23,100,2,0,0
607,20,14,1280,0,28,1,7,7,1,1,-70,0,680,7962,22,100,2,0,0
611,3,1,512,0,27,5,1,6,1,1,-76,0,801,8409,41,100,1,0,0
612,9,4,768,10,37,2,2,7,1,1,-52,5,2101,16841,37,100,1,0,0
611,1,0,256,0,6,0,0,3,0,0,0,10,1919,19053,631,100,2,0,0
607,29,28,1536,0,16,2,6,6,1,1,-52,0,572,7190,19,100,2,0,0
608,12,8,1024,10,32,3,5,6,1,2,-70,1,1118,16047,27,100,2,0,0
611,21,15,1280,0,34,2,3,7,1,1,-70,3,1501,16274,32,100,2,0,0
608,22,18,1280,0,15,3,7,6,1,1,-70,1,503,6203,12,100,1,0,0
610,27,22,1536,0,13,1,8,4,1,1,-52,0,698,8728,11,100,2,0,0
613,5,1,512,0,31,5,1,7,1,1,-76,4,1200,10605,41,100,1,0,0
613,4,1,512,20,42,5,2,7,2,1,-61,10,3907,18410,40,100,1,0,0
611,18,8,1024,0,43,2,3,7,1,1,-95,7,1916,16961,35,100,1,0,0
613,8,4,768,40,40,3,2,7,2,2,-70,10,4585,27622,36,100,2,0,0
611,14,8,1024,0,20,4,7,7,1,2,-70,1,603,5559,23,100,1,0,0
611,17,12,1280,0,14,1,8,4,1,1,-52,0,725,8118,11,100,2,0,0
611,30,24,1536,0,29,5,6,7,1,3,-70,1,1017,11352,21,100,2,0,0
616,16,11,1024,0,32,3,4,7,1,2,-52,0,529,4637,27,100,1,0,0
612,28,18,1280,20,33,1,4,6,1,1,-95,1,1047,16499,24,100,2,0,0
612,24,18,1280,0,22,3,8,7,1,1,-70,2,986,11138,17,100,2,0,0
611,29,28,1536,10,16,2,6,6,1,1,-52,0,259,4004,19,100,1,0,0
615,14,8,1024,0,20,4,7,7,1,2,-70,1,533,5928,23,100,1,0,0
615,15,9,1024,0,41,2,2,7,1,1,-70,4,1633,16809,34,100,1,0,0
615,3,1,512,0,28,5,1,6,1,1,-76,0,470,6268,41,100,1,0,0
615,26,21,1536,10,28,1,5,7,1,1,-52,0,726,8288,23,100,2,0,0
616,18,8,1024,20,46,2,3,7,1,1,-95,7,1768,14311,35,100,0,0,0
614,31,30,1792,0,12,4,11,5,1,2,-52,0,1150,10498,3,100,5,0,0
617,21,15,1280,0,35,2,3,7,1,1,-70,3,918,10549,32,100,1,0,0
618,6,5,768,0,22,3,5,5,1,2,-52,0,411,7069,23,100,1,0,0
617,25,21,1536,0,31,3,6,7,1,2,-70,1,999,9041,22,100,2,0,0
617,20,14,1280,10,32,1,7,7,1,1,-70,0,888,9657,23,100,2,0,0
618,11,5,768,10,33,6,2,7,1,2,-70,1,1260,17675,33,100,2,0,0
617,12,8,1024,0,35,3,5,6,1,2,-70,1,1360,18013,28,100,2,0,0
618,2,8,1024,0,19,2,5,3,1,1,-70,0,920,11337,28,100,3,0,0
619,5,1,512,10,33,5,1,7,1,1,-76,4,1821,16068,41,100,1,0,0
618,30,24,1536,0,33,5,6,7,1,3,-70,1,1127,10198,22,100,1,0,0
620,10,5,768,0,25,1,7,7,1,1,-52,0,909,10581,19,100,2,0,0
622,9,4,768,0,40,2,2,7,1,1,-52,5,2095,17300,38,100,3,0,0
620,22,18,1280,0,16,3,7,6,1,1,-70,1,1055,14579,13,100,2,0,0
621,8,4,768,0,41,3,2,7,2,2,-70,10,4628,26998,36,100,3,0,0
622,1,0,256,0,6,0,0,3,0,0,0,10,2752,26005,652,100,2,0,0
622,25,21,1536,0,31,3,6,7,1,2,-70,1,259,3882,22,100,1,0,0
621,27,22,1536,0,15,1,8,4,1,1,-52,0,795,10577,12,100,3,0,0
622,17,12,1280,0,16,1,8,4,1,1,-52,0,698,9617,12,100,2,0,0
622,21,15,1280,10,36,2,3,7,1,1,-70,3,987,9725,32,100,1,0,0
622,14,8,1024,10,22,4,7,7,1,2,-70,1,873,9109,24,100,1,0,0
621,31,30,1792,0,12,4,11,5,1,2,-52,0,438,6224,4,100,2,0,0
623,28,18,1280,0,35,1,4,6,1,1,-95,1,1017,16906,25,100,1,0,0
623,2,8,1024,0,20,2,5,3,1,1,-70,0,365,4703,28,100,1,0,0
624,3,1,512,0,28,5,1,6,1,1,-76,0,378,9956,42,100,1,0,0
623,12,8,1024,0,37,3,5,6,1,2,-70,1,761,10896,28,100,1,0,0
624,11,5,768,10,35,6,2,7,1,2,-70,1,722,9282,33,100,1,0,0
624,4,1,512,20,45,5,2,7,2,1,-61,10,7816,38146,41,100,2,0,0
624,18,8,1024,30,46,2,3,7,1,1,-95,7,2254,21843,36,100,2,0,0
623,30,24,1536,0,35,5,6,7,1,3,-70,1,735,5849,22,100,1,0,0
627,16,11,1024,0,36,3,4,7,1,2,-52,0,850,10234,27,100,3,0,0
624,15,9,1024,10,42,2,2,7,1,1,-70,4,1583,15148,34,100,2,0,0
624,26,21,1536,0,33,1,5,7,1,1,-52,0,923,9804,24,100,1,0,0
626,6,5,768,0,24,3,5,5,1,2,-52,0,670,7408,24,100,2,0,0
624,24,18,1280,0,26,3,8,7,1,1,-70,2,1989,15611,18,100,2,0,0
624,29,28,1536,10,20,2,6,6,1,1,-52,0,937,11817,20,100,2,0,0
626,10,5,768,0,25,1,7,7,1,1,-52,0,338,5594,20,100,1,0,0
627,8,4,768,10,44,3,2,7,2,2,-70,10,3065,18363,37,100,2,0,0
626,27,22,1536,0,18,1,8,4,1,1,-52,0,599,4524,12,100,2,0,0
628,5,1,512,0,36,5,1,7,1,1,-76,4,1873,18016,42,100,1,0,0
627,28,18,1280,0,36,1,4,6,1,1,-95,1,661,7878,25,100,1,0,0
627,30,24,1536,0,35,5,6,7,1,3,-70,1,315,5090,22,100,1,0,0
627,31,30,1792,0,13,4,11,5,1,2,-52,0,487,5661,4,100,2,0,0
631,16,11,1024,0,36,3,4,7,1,2,-52,0,316,3967,28,100,1,0,0
629,1,0,256,0,6,0,0,3,0,0,0,10,2073,19797,664,100,1,0,0
629,4,1,512,0,45,5,2,7,2,1,-61,10,2853,15619,41,100,1,0,0
629,25,21,1536,0,33,3,6,7,1,2,-70,1,577,7365,23,100,1,0,0
629,20,14,1280,0,35,1,7,7,1,1,-70,0,854,11866,24,100,2,0,0
630,2,8,1024,0,22,2,5,3,1,1,-70,0,550,6506,29,100,1,0,0
629,29,28,1536,0,21,2,6,6,1,1,-52,0,392,4650,20,100,1,0,0
630,14,8,1024,10,24,4,7,7,1,2,-70,1,1032,10504,24,100,2,0,0
630,9,4,768,10,45,2,2,7,1,1,-52,5,2437,17686,39,100,2,0,0
632,11,5,768,0,35,6,2,7,1,2,-70,1,950,13779,34,100,1,0,0
631,22,18,1280,0,19,3,7,6,1,1,-70,1,1356,13668,14,100,3,0,0
632,24,18,1280,0,27,3,8,7,1,1,-70,2,1073,10967,19,100,1,0,0
633,3,1,512,0,30,5,1,6,1,1,-76,0,614,10333,42,100,2,0,0
634,5,1,512,0,38,5,1,7,1,1,-76,4,1334,13272,42,100,1,0,0
632,17,12,1280,0,19,1,8,4,1,1,-52,0,805,10339,13,100,2,0,0
631,31,30,1792,0,13,4,11,5,1,2,-52,0,436,4267,5,100,2,0,0
633,21,15,1280,0,38,2,3,7,1,1,-70,3,1832,21645,33,100,2,0,0
632,27,22,1536,0,19,1,8,4,1,1,-52,0,390,5721,12,100,1,0,0
634,2,8,1024,0,24,2,5,3,1,1,-70,0,470,4149,29,100,1,0,0
634,15,9,1024,0,45,2,2,7,1,1,-70,4,1816,16243,35,100,3,0,0
634,25,21,1536,0,35,3,6,7,1,2,-70,1,497,5333,23,100,1,0,0
634,6,5,768,0,26,3,5,5,1,2,-52,0,663,9307,25,100,1,0,0
634,12,8,1024,0,39,3,5,6,1,2,-70,1,1219,19490,29,100,2,0,0
634,26,21,1536,0,38,1,5,7,1,1,-52,0,1013,9748,25,100,3,0,0
635,10,5,768,0,26,1,7,7,1,1,-52,0,532,9148,20,100,2,0,0
634,14,8,1024,0,25,4,7,7,1,2,-70,1,463,6429,25,100,0,0,0
636,18,8,1024,10,51,2,3,7,1,1,-95,7,4192,33121,36,100,2,0,0
637,8,4,768,0,45,3,2,7,2,2,-70,10,5089,31291,37,100,1,0,0
638,1,0,256,0,6,0,0,3,0,0,0,10,2069,20541,678,100,2,0,0
638,3,1,512,10,32,5,1,6,1,1,-76,0,494,7066,43,100,1,0,0
638,28,18,1280,10,39,1,4,6,1,1,-95,1,1163,19191,26,100,2,0,0
638,9,4,768,0,45,2,2,7,1,1,-52,5,1202,13982,39,100,1,0,0
638,24,18,1280,10,31,3,8,7,1,1,-70,2,1004,8522,19,100,1,0,0
640,6,5,768,0,27,3,5,5,1,2,-52,0,428,4412,25,100,0,0,0
638,30,24,1536,0,36,5,6,7,1,3,-70,1,1210,13794,23,100,2,0,0
639,12,8,1024,0,39,3,5,6,1,2,-70,1,400,7951,29,100,1,0,0
638,27,22,1536,0,21,1,8,4,1,1,-52,0,553,6135,13,100,1,0,0
640,4,1,512,20,48,5,2,7,2,1,-61,10,6541,34910,42,100,2,0,0
640,5,1,512,0,41,5,1,7,1,1,-76,4,1886,17617,42,100,2,0,0
639,17,12,1280,0,21,1,8,4,1,1,-52,0,619,7149,13,100,2,0,0
639,31,30,1792,0,15,4,11,5,1,2,-52,0,594,6880,5,100,2,0,0
641,8,4,768,0,46,3,2,7,2,2,-70,10,2030,13178,38,100,1,0,0
640,20,14,1280,0,39,1,7,7,1,1,-70,0,857,10312,24,100,2,0,0
641,15,9,1024,0,47,2,3,7,1,1,-70,4,1090,11904,35,100,2,0,0
641,16,11,1024,0,40,3,4,7,1,2,-52,0,950,11378,28,100,2,0,0
641,22,18,1280,0,21,3,7,6,1,1,-70,1,1235,13458,14,100,2,0,0
641,29,28,1536,10,23,2,6,6,1,1,-52,0,698,10623,21,100,2,0,0
641,11,5,768,10,39,6,2,7,1,2,-70,1,1152,14757,34,100,2,0,0
643,6,5,768,0,29,3,5,5,1,2,-52,0,469,4213,25,100,1,0,0
643,21,15,1280,20,41,2,3,7,1,1,-70,3,1462,19511,34,100,1,0,0
643,30,24,1536,0,37,5,6,7,1,3,-70,1,576,6837,23,100,0,0,0
644,10,5,768,0,26,1,7,7,1,1,-52,0,457,8842,21,100,2,0,0
644,2,8,1024,0,27,2,5,3,1,1,-70,0,705,9953,30,100,1,0,0
646,16,11,1024,0,41,3,4,7,1,2,-52,0,423,4402,29,100,1,0,0
645,18,8,1024,0,54,2,3,7,1,1,-95,7,2859,23873,37,100,2,0,0
645,14,8,1024,0,29,4,7,7,1,2,-70,1,1324,13810,25,100,2,0,0
644,25,21,1536,10,37,3,6,7,1,2,-70,1,828,9309,24,100,2,0,0
644,26,21,1536,0,40,1,5,7,1,1,-52,0,643,9770,25,100,2,0,0
646,24,18,1280,20,35,3,8,7,1,1,-70,2,1550,11043,20,100,2,0,0
646,20,14,1280,0,40,1,7,7,1,1,-70,0,447,5449,25,100,1,0,0
647,3,1,512,0,35,5,1,6,1,1,-76,0,821,11168,43,100,2,0,0
647,17,12,1280,0,21,1,8,4,1,1,-52,0,283,5674,13,100,1,0,0
646,28,18,1280,10,41,1,4,6,1,1,-95,1,1077,15791,27,100,2,0,0
647,11,5,768,10,41,6,2,7,1,2,-70,1,1077,9895,35,100,1,0,0
648,25,21,1536,0,38,3,6,7,1,2,-70,1,423,4162,24,100,1,0,0
648,12,8,1024,10,42,3,5,6,1,2,-70,1,1302,16596,30,100,2,0,0
649,9,4,768,10,47,2,2,7,1,1,-52,5,2265,17808,40,100,2,0,0
650,16,11,1024,0,43,3,4,7,1,2,-52,0,473,4039,29,100,1,0,0
650,1,0,256,0,6,0,0,3,0,0,0,10,3437,31003,704,100,2,0,0
650,4,1,512,0,50,5,2,7,2,1,-61,10,6176,30999,43,100,2,0,0
650,27,22,1536,10,24,1,8,4,1,1,-52,0,902,10667,14,100,3,0,0
650,21,15,1280,0,42,2,3,7,1,1,-70,2,1516,13687,34,100,2,0,0
650,15,9,1024,10,51,2,3,7,1,1,-70,3,2278,17504,36,100,2,0,0
651,6,5,768,0,30,3,5,5,1,2,-52,0,466,7574,26,100,1,0,0
650,31,30,1792,0,18,4,11,5,1,2,-52,0,990,11032,6,100,4,0,0
651,26,21,1536,0,41,1,5,7,1,1,-52,0,446,6111,26,100,1,0,0
650,22,18,1280,20,24,3,7,6,1,1,-70,1,1050,12379,15,100,1,0,0
652,8,4,768,0,48,3,2,7,2,2,-70,10,4939,32972,38,100,2,0,0
652,5,1,512,10,46,5,1,7,1,1,-76,4,3143,26356,43,100,3,0,0
651,30,24,1536,0,38,5,6,7,1,3,-70,1,1000,11064,24,100,2,0,0
652,29,28,1536,0,26,2,6,6,1,1,-52,0,831,10812,22,100,2,0,0
652,14,8,1024,0,30,4,7,7,1,2,-70,1,944,9542,26,100,2,0,0
652,2,8,1024,0,28,2,5,3,1,1,-70,0,532,7682,30,100,2,0,0
652,20,14,1280,0,44,1,7,7,1,1,-70,0,711,7026,25,100,1,0,0
653,18,8,1024,0,55,2,3,7,1,1,-95,7,2514,23441,37,100,1,0,0
655,3,1,512,0,36,5,1,6,1,1,-76,0,462,8541,44,100,1,0,0
654,27,22,1536,0,24,1,8,4,1,1,-52,0,285,4046,14,100,1,0,0
655,28,18,1280,0,41,1,4,6,1,1,-95,1,751,14143,27,100,1,0,0
656,10,5,768,10,27,1,7,7,1,1,-52,0,556,10306,22,100,2,0,0
656,4,1,512,10,52,5,2,7,2,1,-61,10,3560,18779,43,100,1,0,0
655,12,8,1024,0,42,3,5,6,1,2,-70,1,518,12238,30,100,1,0,0
656,9,4,768,0,48,2,2,7,1,1,-52,4,1403,12524,40,100,2,0,0
656,17,12,1280,0,24,1,8,4,1,1,-52,0,708,9182,14,100,1,0,0
656,29,28,1536,0,28,2,6,6,1,1,-52,0,474,4020,22,100,1,0,0
655,24,18,1280,0,38,3,8,7,1,1,-70,2,1249,13476,20,100,1,0,0
658,5,1,512,0,47,5,1,7,1,1,-76,4,1219,13289,44,100,2,0,0
656,31,30,1792,0,20,4,11,5,1,2,-52,0,595,5919,6,100,2,0,0
658,25,21,1536,10,42,3,6,7,1,2,-70,0,829,9900,24,100,2,0,0
658,11,5,768,0,43,6,2,7,1,2,-70,1,1078,16638,35,100,2,0,0
657,22,18,1280,0,25,3,7,6,1,1,-70,1,884,9322,15,100,2,0,0
659,8,4,768,10,50,3,2,7,2,2,-70,10,3506,21657,39,100,1,0,0
659,1,0,256,0,6,0,0,3,0,0,0,10,2259,23384,714,100,2,0,0
658,21,15,1280,10,44,2,3,7,1,1,-70,2,1304,15660,35,100,1,0,0
658,20,14,1280,0,47,1,7,7,1,1,-70,0,701,6171,25,100,2,0,0
660,3,1,512,0,37,5,1,6,1,1,-76,0,386,6659,44,100,1,0,0
659,6,5,768,0,34,3,5,5,1,2,-52,0,721,8153,26,100,2,0,0
658,30,24,1536,10,39,5,6,7,1,3,-70,1,767,9611,25,100,1,0,0
660,16,11,1024,10,44,3,4,7,1,2,-52,0,615,9854,30,100,2,0,0
660,12,8,1024,0,43,3,5,6,1,2,-70,1,573,7890,30,100,1,0,0
659,24,18,1280,0,40,3,8,7,1,1,-70,2,927,6382,20,100,1,0,0
660,15,9,1024,0,54,2,3,7,1,1,-70,3,1634,16354,37,100,1,0,0
661,29,28,1536,10,30,2,6,6,1,1,-52,0,467,4595,22,100,2,0,0
662,26,21,1536,0,45,1,5,7,1,1,-52,0,880,11382,26,100,2,0,0
664,4,1,512,10,52,5,2,7,2,1,-61,10,4682,25233,44,100,1,0,0
663,22,18,1280,10,27,3,7,6,1,1,-70,1,641,6002,16,100,1,0,0
664,1,0,256,0,6,0,0,3,0,0,0,10,1313,11751,727,100,1,0,0
663,14,8,1024,0,31,4,7,7,1,2,-70,1,1265,14770,27,100,2,0,0
664,6,5,768,10,35,3,5,5,1,2,-52,0,485,4670,27,100,1,0,0
662,27,22,1536,0,25,1,8,4,1,1,-52,0,414,7552,14,100,1,0,0
664,2,8,1024,0,30,2,5,3,1,1,-70,0,689,10529,31,100,3,0,0
665,9,4,768,0,49,2,2,7,1,1,-52,4,1670,14837,41,100,1,0,0
662,31,30,1792,0,24,4,11,5,1,2,-52,0,767,6618,7,100,1,0,0
665,18,8,1024,0,58,2,3,7,1,1,-95,7,4240,32502,38,100,3,0,0
665,5,1,512,0,48,5,1,7,1,1,-76,4,1831,18595,44,100,1,0,0
665,28,18,1280,10,46,1,4,6,1,1,-95,1,1589,19736,28,100,2,0,0
665,17,12,1280,0,28,1,8,4,1,1,-52,0,912,9395,15,100,2,0,0
666,16,11,1024,0,45,3,4,7,1,2,-52,0,391,6194,30,100,1,0,0
665,21,15,1280,10,45,2,3,7,1,1,-70,2,1161,14264,35,100,2,0,0
667,8,4,768,10,52,3,2,7,2,2,-70,10,4323,25791,39,100,2,0,0
665,30,24,1536,0,41,5,6,7,1,3,-70,1,1223,10422,25,100,2,0,0
666,10,5,768,0,32,1,7,7,1,1,-52,0,1043,12108,22,100,2,0,0
665,25,21,1536,0,42,3,6,7,1,2,-70,0,495,8341,25,100,1,0,0
667,22,18,1280,0,29,3,7,6,1,1,-70,1,673,6173,16,100,0,0,0
669,3,1,512,0,38,5,1,6,1,1,-76,0,485,10692,45,100,1,0,0
669,11,5,768,0,46,6,2,7,1,2,-70,1,1374,16454,36,100,2,0,0
668,20,14,1280,10,51,1,7,7,1,1,-70,0,708,9396,26,100,1,0,0
670,29,28,1536,0,36,2,6,6,1,1,-52,0,1031,9361,23,100,1,0,0
670,12,8,1024,0,49,3,5,6,1,2,-70,1,1554,19028,31,100,1,0,0
670,6,5,768,10,38,3,5,5,1,2,-52,0,625,6278,27,100,1,0,0
670,15,9,1024,0,55,2,3,7,1,1,-70,3,1375,15255,37,100,2,0,0
669,24,18,1280,0,43,3,8,7,1,1,-70,2,1398,13090,21,100,2,0,0
670,30,24,1536,10,41,5,6,7,1,3,-70,1,317,5665,25,100,1,0,0
672,14,8,1024,0,34,4,7,7,1,2,-70,1,1029,11499,27,100,1,0,0
670,26,21,1536,10,48,1,5,7,1,1,-52,0,782,8520,27,100,2,0,0
672,5,1,512,0,50,5,1,7,1,1,-76,4,1903,17622,45,100,1,0,0
672,2,8,1024,10,30,2,5,3,1,1,-70,0,362,7718,32,100,1,0,0
673,4,1,512,0,54,5,2,7,2,1,-61,10,5694,29797,44,100,2,0,0
672,31,30,1792,0,25,4,11,5,1,2,-52,0,632,9298,7,100,3,0,0
674,16,11,1024,0,47,3,4,7,1,2,-52,0,577,7794,31,100,1,0,0
673,27,22,1536,0,26,1,8,4,1,1,-52,0,591,10004,15,100,2,0,0
675,1,0,256,0,6,0,0,3,0,0,0,10,2609,26393,742,100,2,0,0
675,8,4,768,20,56,3,2,7,2,2,-70,10,3756,24695,40,100,1,0,0
676,9,4,768,0,52,2,2,7,1,1,-52,4,2035,18967,42,100,2,0,0
674,17,12,1280,0,29,1,8,4,1,1,-52,0,511,8004,15,100,2,0,0
674,20,14,1280,0,53,1,7,7,1,1,-70,0,758,6581,27,100,2,0,0
675,10,5,768,0,32,1,7,7,1,1,-52,0,363,8310,23,100,1,0,0
676,3,1,512,0,39,5,1,6,1,1,-76,0,508,9059,45,100,2,0,0
677,18,8,1024,40,61,2,3,7,1,1,-95,7,3419,30834,39,100,2,0,0
677,12,8,1024,10,49,3,5,6,1,2,-70,1,644,10470,31,100,2,0,0
676,28,18,1280,0,48,1,4,6,1,1,-95,1,1236,18914,29,100,2,0,0
677,5,1,512,0,52,5,1,7,1,1,-76,4,1167,10765,45,100,1,0,0
676,21,15,1280,0,47,2,3,7,1,1,-70,2,1478,19726,36,100,1,0,0
675,30,24,1536,10,42,5,6,7,1,3,-70,1,779,6298,26,100,1,0,0
675,25,21,1536,0,47,3,6,7,1,2,-70,0,1013,10872,26,100,3,0,0
679,2,8,1024,0,30,2,5,3,1,1,-70,0,282,5184,32,100,1,0,0
675,29,28,1536,0,36,2,6,6,1,1,-52,0,381,5797,23,100,2,0,0
678,22,18,1280,0,34,3,7,6,1,1,-70,1,1371,12539,17,100,2,0,0
678,6,5,768,0,38,3,5,5,1,2,-52,0,401,7625,27,100,2,0,0
678,17,12,1280,0,29,1,8,4,1,1,-52,0,315,4082,16,100,1,0,0
679,1,0,256,0,6,0,0,3,0,0,0,10,1334,11867,754,100,0,0,0
679,11,5,768,0,47,6,2,7,1,2,-70,1,1087,15723,37,100,2,0,0
679,4,1,512,0,55,5,2,7,2,1,-61,10,4458,21974,45,100,1,0,0
679,9,4,768,10,54,2,2,7,1,1,-52,4,892,7176,42,100,1,0,0
677,31,30,1792,0,28,4,11,5,1,2,-52,0,660,5382,8,100,1,0,0
680,15,9,1024,0,55,2,3,7,1,1,-70,3,1438,16764,38,100,2,0,0
681,16,11,1024,0,49,3,4,7,1,2,-52,0,594,6906,31,100,2,0,0
679,26,21,1536,0,50,1,5,7,1,1,-52,0,602,8981,28,100,1,0,0
679,24,18,1280,10,44,3,8,7,1,1,-70,2,1585,14850,22,100,2,0,0
681,28,18,1280,0,49,1,4,6,1,1,-95,1,748,10584,29,100,1,0,0
683,3,1,512,0,39,5,1,6,1,1,-76,0,354,7299,46,100,1,0,0
681,21,15,1280,0,48,2,3,7,1,1,-70,2,1013,9668,36,100,1,0,0
682,20,14,1280,0,54,1,7,7,1,1,-70,0,414,6676,27,100,1,0,0
685,27,22,1536,0,28,1,8,4,1,1,-52,0,699,9258,16,100,2,0,0
683,10,5,768,0,35,1,7,7,1,1,-52,0,722,7523,23,100,2,0,0
684,14,8,1024,0,37,4,7,7,1,2,-70,1,1537,15190,28,100,2,0,0
682,31,30,1792,0,29,4,11,5,1,2,-52,0,366,4438,8,100,1,0,0
686,22,18,1280,0,37,3,7,6,1,1,-70,1,1085,10480,17,100,2,0,0
684,5,1,512,10,53,5,1,7,1,1,-76,4,1829,17405,46,100,2,0,0
685,1,0,256,0,6,0,0,3,0,0,0,10,1328,14207,760,100,1,0,0
685,4,1,512,0,57,5,2,7,2,1,-61,10,2892,16319,45,100,1,0,0
683,30,24,1536,0,43,5,6,7,1,3,-70,1,1088,11850,26,100,1,0,0
685,9,4,768,0,54,2,2,7,1,1,-52,4,1034,10257,42,100,1,0,0
685,11,5,768,0,50,6,2,7,1,2,-70,1,923,9983,37,100,1,0,0
684,17,12,1280,10,29,1,8,4,1,1,-52,0,283,5337,16,100,1,0,0
685,29,28,1536,0,38,2,6,6,1,1,-52,0,601,8668,24,100,1,0,0
684,25,21,1536,0,49,3,6,7,1,2,-70,0,620,7395,26,100,2,0,0
684,24,18,1280,0,47,3,8,7,1,1,-70,2,1051,7393,22,100,1,0,0
686,6,5,768,0,41,3,5,5,1,2,-52,0,656,7339,28,100,1,0,0
686,8,4,768,0,62,3,2,7,2,2,-70,10,6650,37389,41,100,3,0,0
687,3,1,512,0,41,5,1,6,1,1,-76,0,469,5480,46,100,1,0,0
686,16,11,1024,0,51,3,4,7,1,2,-52,0,497,5288,31,100,1,0,0
686,2,8,1024,0,33,2,5,3,1,1,-70,0,722,7172,32,100,2,0,0
686,18,8,1024,10,65,2,3,7,1,1,-95,7,3698,27581,40,100,1,0,0
688,12,8,1024,0,50,3,5,6,1,2,-70,1,1209,19467,32,100,2,0,0
689,10,5,768,0,36,1,7,7,1,1,-52,0,443,6094,24,100,1,0,0
689,20,14,1280,10,54,1,7,7,1,1,-70,0,283,6543,27,100,1,0,0
689,11,5,768,0,52,6,2,7,1,2,-70,1,924,8428,37,100,1,0,0
691,3,1,512,0,42,5,1,6,1,1,-76,0,362,5484,46,100,1,0,0
690,17,12,1280,10,31,1,8,4,1,1,-52,0,391,4454,16,100,1,0,0
689,26,21,1536,0,53,1,5,7,1,1,-52,0,743,8917,28,100,3,0,0
690,29,28,1536,0,39,2,6,6,1,1,-52,0,390,5568,24,100,1,0,0
691,9,4,768,10,55,2,2,7,1,1,-52,4,1349,11247,43,100,1,0,0
691,15,9,1024,0,58,2,3,7,1,1,-70,3,2016,18675,39,100,2,0,0
691,25,21,1536,0,52,3,6,7,1,2,-70,0,660,6482,27,100,1,0,0
691,6,5,768,0,42,3,5,5,1,2,-52,0,410,6273,28,100,1,0,0
691,24,18,1280,10,49,3,8,7,1,1,-70,2,1048,9383,23,100,1,0,0
693,1,0,256,0,6,0,0,3,0,0,0,10,2204,19757,778,100,2,0,0
691,31,30,1792,10,32,4,11,5,1,2,-52,0,781,8694,9,100,2,0,0
694,14,8,1024,0,41,4,8,7,1,2,-70,1,1397,13832,29,100,3,0,0
692,21,15,1280,0,52,2,3,7,1,1,-70,2,1966,22145,37,100,2,0,0
693,16,11,1024,0,52,3,4,7,1,2,-52,0,470,7479,32,100,1,0,0
693,28,18,1280,0,52,1,4,6,1,1,-95,1,1523,21539,30,100,2,0,0
694,4,1,512,10,59,5,2,7,2,1,-61,10,6171,30174,46,100,4,0,0
693,27,22,1536,0,31,1,8,4,1,1,-52,0,805,9815,17,100,2,0,0
694,20,14,1280,0,56,1,7,7,1,1,-70,0,554,5639,28,100,1,0,0
695,18,8,1024,0,67,2,3,7,1,1,-95,7,2647,24016,40,100,2,0,0
696,2,8,1024,0,38,2,5,3,1,1,-70,0,1016,10113,33,100,2,0,0
695,5,1,512,10,57,5,1,7,1,1,-76,4,2972,25533,46,100,2,0,0
693,30,24,1536,0,46,5,6,7,1,3,-70,1,1249,13422,27,100,2,0,0
693,10,5,768,0,37,1,7,7,1,1,-52,0,387,5398,24,100,1,0,0
695,15,9,1024,0,59,2,3,7,1,1,-70,3,876,7568,39,100,1,0,0
695,22,18,1280,0,41,3,7,6,1,1,-70,1,1434,15314,18,100,2,0,0
698,3,1,512,0,44,5,1,6,1,1,-76,0,592,8825,47,100,1,0,0
698,29,28,1536,0,40,2,6,6,1,1,-52,0,543,6732,25,100,2,0,0
698,8,4,768,20,64,3,2,7,2,2,-70,10,5521,37236,41,100,2,0,0
697,11,5,768,0,55,6,2,7,1,2,-70,1,1069,12191,38,100,2,0,0
699,14,8,1024,0,42,4,8,7,1,2,-70,1,630,6138,29,100,1,0,0
699,12,8,1024,0,53,3,5,6,1,2,-70,1,1401,19473,33,100,2,0,0
697,26,21,1536,0,55,1,5,7,1,1,-52,0,674,8495,29,100,2,0,0
699,17,12,1280,0,33,1,8,4,1,1,-52,0,685,9073,17,100,1,0,0
697,30,24,1536,0,47,5,6,7,1,3,-70,1,480,5191,27,100,1,0,0
698,6,5,768,0,43,3,5,5,1,2,-52,0,442,6827,29,100,1,0,0
700,4,1,512,0,60,5,2,7,2,1,-61,10,3174,17553,46,100,1,0,0
700,9,4,768,10,56,2,2,7,1,1,-52,4,1587,14836,43,100,2,0,0
700,27,22,1536,0,32,1,8,4,1,1,-52,0,390,6352,17,100,1,0,0
699,15,9,1024,10,61,2,3,7,1,1,-70,3,679,6701,39,100,1,0,0
699,31,30,1792,0,34,4,11,5,1,2,-52,0,643,7685,9,100,2,0,0
701,25,21,1536,0,54,3,6,7,1,2,-70,0,642,9238,27,100,2,0,0
702,10,5,768,0,38,1,7,7,1,1,-52,0,443,7368,25,100,1,0,0
702,20,14,1280,0,58,1,7,7,1,1,-70,0,618,7236,28,100,2,0,0
701,24,18,1280,0,53,3,8,7,1,1,-70,2,1771,14987,23,100,2,0,0
703,1,0,256,0,6,0,0,3,0,0,0,10,2533,25269,791,100,2,0,0
702,16,11,1024,0,53,3,4,7,1,2,-52,0,567,8553,33,100,2,0,0
703,18,8,1024,10,67,2,3,7,1,1,-95,7,2025,21326,41,100,1,0,0
703,22,18,1280,0,42,3,7,6,1,1,-70,1,749,9104,18,100,1,0,0
704,2,8,1024,0,41,2,5,3,1,1,-70,0,708,8968,34,100,1,0,0
705,4,1,512,0,61,5,2,7,2,1,-61,10,2963,15393,46,100,2,0,0
706,5,1,512,0,59,5,1,7,1,1,-76,4,2098,22457,47,100,1,0,0
705,28,18,1280,0,54,1,4,6,1,1,-95,1,1071,20781,31,100,2,0,0
704,21,15,1280,0,52,2,3,7,1,1,-70,2,1504,21301,38,100,2,0,0
705,29,28,1536,0,41,2,6,6,1,1,-52,0,414,6739,25,100,1,0,0
706,14,8,1024,0,42,4,8,7,1,2,-70,1,742,10653,29,100,1,0,0
706,24,18,1280,10,54,3,8,7,1,1,-70,2,639,5614,23,100,1,0,0
705,30,24,1536,10,48,5,6,7,1,3,-70,1,854,10179,28,100,1,0,0
707,9,4,768,0,59,2,2,7,1,1,-52,4,1737,13272,44,100,1,0,0
707,17,12,1280,0,35,1,8,4,1,1,-52,0,642,8277,17,100,2,0,0
705,31,30,1792,0,34,4,11,5,1,2,-52,0,436,5827,10,100,2,0,0
708,1,0,256,0,6,0,0,3,0,0,0,10,1509,13722,805,100,1,0,0
709,3,1,512,0,45,5,1,6,1,1,-76,0,531,12678,47,100,2,0,0
708,8,4,768,10,69,3,2,7,2,2,-70,10,5593,32399,42,100,2,0,0
710,11,5,768,0,56,6,2,7,1,2,-70,1,1031,16152,39,100,2,0,0
705,26,21,1536,0,57,1,5,7,1,1,-52,0,545,8559,29,100,1,0,0
708,12,8,1024,10,54,3,5,6,1,2,-70,1,1073,19104,34,100,1,0,0
710,15,9,1024,0,65,2,3,7,1,1,-70,3,1951,18730,40,100,2,0,0
711,27,22,1536,0,34,1,8,4,1,1,-52,0,722,10330,18,100,2,0,0
712,6,5,768,0,47,3,5,5,1,2,-52,0,1029,11332,30,100,3,0,0
711,25,21,1536,0,55,3,6,7,1,2,-70,0,591,9832,28,100,2,0,0
711,10,5,768,0,40,1,7,7,1,1,-52,0,639,8197,25,100,2,0,0
712,20,14,1280,0,60,1,7,7,1,1,-70,0,698,9566,29,100,2,0,0
712,18,8,1024,0,70,2,3,7,1,1,-95,7,2880,24648,41,100,2,0,0
712,29,28,1536,0,43,2,6,6,1,1,-52,0,552,6926,26,100,1,0,0
712,16,11,1024,0,53,3,4,7,1,2,-52,0,331,8889,33,100,1,0,0
713,12,8,1024,0,55,3,5,6,1,2,-70,1,573,8098,34,100,1,0,0
714,5,1,512,0,64,5,1,7,1,1,-76,4,2271,18810,47,100,2,0,0
713,4,1,512,10,63,5,2,7,2,1,-61,10,4903,26739,47,100,1,0,0
712,30,24,1536,0,50,5,6,7,1,3,-70,1,916,8498,28,100,2,0,0
712,24,18,1280,0,56,3,8,7,1,1,-70,2,1150,9663,24,100,1,0,0
714,22,18,1280,0,43,3,7,6,1,1,-70,1,1073,12912,19,100,2,0,0
713,17,12,1280,0,37,1,8,4,1,1,-52,0,553,6382,18,100,1,0,0
713,21,15,1280,0,55,2,3,7,1,1,-70,2,1510,17487,38,100,2,0,0
714,14,8,1024,10,46,4,8,7,1,2,-70,1,1100,11052,30,100,2,0,0
714,28,18,1280,0,57,1,4,6,1,1,-95,1,1393,17037,31,100,2,0,0
715,2,8,1024,0,43,2,5,3,1,1,-70,0,639,10309,34,100,2,0,0
716,27,22,1536,0,35,1,8,4,1,1,-52,0,437,4446,18,100,1,0,0
715,26,21,1536,0,60,1,5,7,1,1,-52,0,781,8504,30,100,2,0,0
716,15,9,1024,0,66,2,3,7,1,1,-70,3,1173,10431,40,100,1,0,0
717,18,8,1024,0,70,2,3,7,1,1,-95,7,1621,13610,42,100,1,0,0
718,3,1,512,0,49,5,1,6,1,1,-76,0,831,11787,48,100,1,0,0
717,31,30,1792,0,41,4,11,5,1,2,-52,0,1172,10746,10,100,3,0,0
718,1,0,256,0,6,0,0,3,0,0,0,10,2662,25163,819,100,2,0,0
718,16,11,1024,0,55,3,4,7,1,2,-52,0,553,5664,34,100,1,0,0
719,8,4,768,10,73,3,2,7,2,2,-70,10,4901,31196,43,100,1,0,0
717,24,18,1280,0,56,3,8,7,1,1,-70,2,499,5633,24,100,1,0,0
718,17,12,1280,0,39,1,8,4,1,1,-52,0,473,4158,18,100,1,0,0
718,9,4,768,10,63,2,2,7,1,1,-52,4,2537,20548,44,100,2,0,0
718,25,21,1536,0,55,3,6,7,1,2,-70,0,363,6386,29,100,1,0,0
721,5,1,512,20,68,5,1,7,1,1,-76,4,1720,16774,48,100,1,0,0
721,11,5,768,0,60,6,2,7,1,2,-70,1,1499,17955,39,100,2,0,0
721,6,5,768,10,49,3,5,5,1,2,-52,0,520,8309,30,100,1,0,0
720,28,18,1280,10,58,1,4,6,1,1,-95,1,504,9435,32,100,1,0,0
722,10,5,768,0,43,1,7,7,1,1,-52,0,802,10533,26,100,2,0,0
722,4,1,512,20,68,5,2,7,2,1,-61,10,6117,30035,48,100,2,0,0
721,29,28,1536,0,46,2,6,6,1,1,-52,0,805,8943,27,100,2,0,0
721,20,14,1280,0,61,1,7,7,1,1,-70,0,494,9057,30,100,1,0,0
721,30,24,1536,10,52,5,6,7,1,3,-70,1,1062,11457,29,100,1,0,0
722,15,9,1024,0,66,2,3,7,1,1,-70,3,688,9032,41,100,1,0,0
723,3,1,512,0,51,5,1,6,1,1,-76,0,470,6459,48,100,1,0,0
722,21,15,1280,0,55,2,3,7,1,1,-70,2,1249,15963,39,100,2,0,0
723,27,22,1536,0,37,1,8,4,1,1,-52,0,577,7737,19,100,2,0,0
725,6,5,768,0,49,3,5,5,1,2,-52,0,336,4445,31,100,1,0,0
724,14,8,1024,0,50,4,8,7,1,2,-70,1,1313,12707,31,100,1,0,0
724,12,8,1024,0,60,3,5,6,1,2,-70,1,1660,20090,35,100,3,0,0
725,22,18,1280,0,47,3,7,6,1,1,-70,1,1558,15292,20,100,2,0,0
725,8,4,768,10,77,3,2,7,2,2,-70,10,3854,22875,43,100,3,0,0
725,9,4,768,10,65,2,2,7,1,1,-52,4,1348,12092,45,100,2,0,0
724,26,21,1536,0,63,1,5,7,1,1,-52,0,754,8794,31,100,1,0,0
726,18,8,1024,0,73,2,3,7,1,1,-95,7,2878,23872,42,100,2,0,0
727,1,0,256,0,6,0,0,3,0,0,0,10,2169,21496,834,100,1,0,0
726,25,21,1536,0,57,3,6,7,1,2,-70,0,618,8050,29,100,2,0,0
728,3,1,512,0,53,5,1,7,1,1,-76,0,487,6636,48,100,2,0,0
727,20,14,1280,0,61,1,7,7,1,1,-70,0,283,5541,30,100,1,0,0
727,30,24,1536,10,54,5,6,7,1,3,-70,1,584,7239,29,100,1,0,0
728,12,8,1024,10,61,3,5,7,1,2,-70,1,476,8733,35,100,1,0,0
729,5,1,512,0,71,5,1,7,1,1,-76,4,2026,19006,48,100,2,0,0
730,11,5,768,0,62,6,2,7,1,2,-70,1,773,13538,40,100,1,0,0
728,17,12,1280,0,41,1,9,5,1,1,-52,0,692,9832,19,100,3,0,0
728,29,28,1536,0,48,2,6,6,1,1,-52,0,497,6634,27,100,1,0,0
727,24,18,1280,10,59,3,8,7,1,1,-70,2,1414,14143,25,100,2,0,0
728,31,30,1792,0,41,4,11,5,1,2,-52,0,511,10646,11,100,2,0,0
730,10,5,768,0,47,1,7,7,1,1,-52,0,881,8302,27,100,3,0,0
730,4,1,512,20,70,5,3,7,2,1,-61,10,4972,26306,48,100,2,0,0
729,16,11,1024,0,57,3,4,7,1,2,-52,0,763,10879,34,100,3,0,0
730,15,9,1024,0,69,2,3,7,1,1,-70,3,1281,12869,41,100,2,0,0
731,28,18,1280,10,61,1,4,6,1,1,-95,1,1481,21112,32,100,2,0,0
732,1,0,256,0,7,0,0,3,0,0,0,10,1498,12994,841,100,2,0,0
733,3,1,512,0,55,5,1,7,1,1,-76,0,539,5838,49,100,2,0,0
733,14,8,1024,0,56,4,8,7,1,2,-70,1,1407,12685,31,100,4,0,0
732,17,12,1280,0,41,1,9,5,1,1,-52,0,353,4669,19,100,2,0,0
733,18,8,1024,10,76,2,3,7,1,1,-95,7,2060,18603,43,100,3,0,0
734,6,5,768,0,53,3,5,5,1,2,-52,0,822,8765,31,100,3,0,0
734,8,4,768,10,79,3,2,7,2,2,-70,10,3472,25049,44,100,2,0,0
733,24,18,1280,0,59,3,8,7,1,1,-70,2,631,6940,25,100,1,0,0
734,22,18,1280,0,52,3,7,6,1,1,-70,1,1188,11918,21,100,3,0,0
734,21,15,1280,0,56,2,3,7,1,1,-70,2,1640,21977,40,100,2,0,0
735,9,4,768,10,68,2,2,7,1,1,-52,4,2003,17748,46,100,3,0,0
733,26,21,1536,0,67,1,5,7,1,1,-52,0,856,9980,31,100,2,0,0
736,27,22,1536,0,41,1,8,4,1,1,-52,0,971,11242,19,100,3,0,0
736,20,14,1280,0,65,1,7,7,1,1,-70,0,888,9224,31,100,2,0,0
735,29,28,1536,10,50,2,6,6,1,1,-52,0,567,7334,28,100,2,0,0
738,11,5,768,10,63,6,2,7,1,2,-70,1,1020,13362,41,100,2,0,0
739,5,1,512,20,75,5,1,7,1,1,-76,4,2673,24025,49,100,3,0,0
737,25,21,1536,0,58,3,6,7,1,2,-70,0,591,9643,30,100,2,0,0
738,16,11,1024,0,60,3,4,7,1,2,-52,0,685,8128,35,100,1,0,0
735,30,24,1536,10,56,5,6,7,1,3,-70,1,1133,12152,30,100,2,0,0
735,31,30,1792,0,43,4,11,5,1,2,-52,0,676,7347,12,100,2,0,0
739,10,5,768,0,50,1,7,7,1,1,-52,0,661,8708,27,100,2,0,0
737,28,18,1280,0,63,1,4,6,1,1,-95,1,966,12591,33,100,1,0,0
738,21,15,1280,0,57,2,3,7,1,1,-70,2,903,8586,40,100,1,0,0
739,12,8,1024,0,68,3,5,7,1,2,-70,1,2074,21793,36,100,3,0,0
738,24,18,1280,0,61,3,8,7,1,1,-70,2,1187,8595,26,100,1,0,0
740,8,4,768,0,83,3,2,7,2,2,-70,10,3848,22460,44,100,3,0,0
740,4,1,512,20,75,5,3,7,2,1,-61,10,6595,33847,49,100,2,0,0
740,22,18,1280,0,55,3,7,6,1,1,-70,1,935,8207,21,100,1,0,0
739,17,12,1280,0,43,1,9,6,1,1,-52,0,599,7912,20,100,2,0,0
741,15,9,1024,0,70,2,3,7,1,1,-70,3,1893,18997,42,100,3,0,0
742,3,1,512,0,61,5,2,7,1,1,-76,0,992,13101,49,100,3,0,0
740,31,30,1792,0,46,4,11,5,1,2,-52,0,605,5705,12,100,1,0,0
743,11,5,768,0,64,6,2,7,1,2,-70,1,910,8488,41,100,1,0,0
743,6,5,768,0,57,3,5,5,1,2,-52,0,902,9011,32,100,3,0,0
743,27,22,1536,0,43,1,8,4,1,1,-52,0,572,6944,20,100,2,0,0
744,1,0,256,0,9,0,0,3,0,0,0,10,3143,29461,863,100,3,0,0
744,18,8,1024,0,81,2,3,7,1,1,-95,7,4081,33075,44,100,3,0,0
744,12,8,1024,0,68,3,5,7,1,2,-70,1,923,10117,36,100,2,0,0
744,14,8,1024,0,59,4,8,7,1,2,-70,1,1390,16265,32,100,3,0,0
745,16,11,1024,0,62,3,4,7,1,2,-52,0,563,7141,35,100,1,0,0
745,22,18,1280,10,56,3,7,6,1,1,-70,1,651,6196,21,100,2,0,0
746,8,4,768,0,87,3,2,7,2,2,-70,10,2407,16295,45,100,2,0,0
744,25,21,1536,0,60,3,6,7,1,2,-70,0,521,7355,30,100,1,0,0
745,17,12,1280,0,45,1,9,6,1,1,-52,0,497,5455,20,100,1,0,0
746,20,14,1280,0,68,1,7,7,1,1,-70,0,813,9178,31,100,3,0,0
745,24,18,1280,0,63,3,8,7,1,1,-70,2,819,9015,26,100,1,0,0
746,9,4,768,30,72,2,3,7,1,1,-52,4,1974,18871,46,100,5,0,0
748,5,1,512,10,78,5,1,7,1,1,-76,4,2189,19810,50,100,3,0,0
745,29,28,1536,0,54,2,6,6,1,1,-52,0,958,10313,28,100,3,0,0
744,26,21,1536,0,70,1,5,7,1,1,-52,0,896,11109,32,100,2,0,0
748,27,22,1536,0,44,1,8,4,1,1,-52,0,366,5164,20,100,1,0,0
749,10,5,768,0,52,1,7,7,1,1,-52,0,695,9509,28,100,2,0,0
748,1,0,256,0,9,0,0,3,0,0,0,10,1273,11303,867,100,2,0,0
749,11,5,768,0,67,6,2,7,1,2,-70,1,1031,10370,41,100,1,0,0
746,30,24,1536,0,60,5,6,7,1,3,-70,1,1546,14640,30,100,2,0,0
748,15,9,1024,0,73,2,3,7,1,1,-70,3,1450,13408,42,100,2,0,0
748,28,18,1280,0,66,1,4,6,1,1,-95,1,1154,19506,33,100,2,0,0
724,2,3,896,20,48,3,5,4,0,2,-52,0,1152,9338,35,100,3,0,0
750,4,1,512,0,79,5,3,7,2,1,-61,10,5451,29749,49,100,4,0,0
734,2,3,896,80,53,4,5,5,0,2,-52,0,463,8252,36,100,3,0,0
749,21,15,1280,0,63,2,3,7,1,1,-70,2,2134,21266,41,100,2,0,0
746,2,3,896,60,57,4,5,5,0,2,-52,0,1242,11096,36,100,4,0,0
750,17,12,1280,0,49,1,9,6,1,1,-52,0,681,5410,20,100,2,0,0
750,31,30,1792,0,50,4,11,5,1,2,-52,0,889,9024,13,100,2,0,0
752,16,11,1024,0,65,3,4,7,1,2,-52,0,781,7200,36,100,2,0,0
749,29,28,1536,20,55,2,6,6,1,1,-52,0,340,4174,29,100,0,0,0
753,6,5,768,0,60,3,5,5,1,2,-52,0,768,10365,33,100,2,0,0
753,9,4,768,0,74,2,3,7,1,1,-52,4,1599,12656,47,100,2,0,0
753,10,5,768,0,55,1,7,7,1,1,-52,0,571,4808,28,100,2,0,0
754,8,4,768,0,90,3,4,7,2,2,-70,10,3608,24504,45,100,4,0,0
754,3,1,512,0,65,5,2,7,1,1,-76,1,2039,19233,50,100,3,0,0
751,26,21,1536,20,73,1,5,7,1,1,-52,0,702,6719,33,100,2,0,0
753,24,18,1280,0,67,3,8,7,1,1,-70,2,1576,11338,27,100,2,0,0
752,25,21,1536,0,61,3,6,7,1,2,-70,0,567,7586,31,100,2,0,0
754,14,8,1024,0,61,4,8,7,1,2,-70,1,1190,13165,33,100,3,0,0
754,12,8,1024,0,70,3,5,7,1,2,-70,1,1424,18896,37,100,3,0,0
755,4,1,512,10,80,5,3,7,2,1,-61,10,3392,17066,50,100,1,0,0
755,22,18,1280,0,59,3,7,6,1,1,-70,1,1320,13433,22,100,3,0,0
756,1,0,256,0,10,0,0,3,0,0,0,10,2206,19390,886,100,2,0,0
756,5,1,512,0,81,5,1,7,1,1,-76,4,2451,20875,50,100,3,0,0
756,2,3,768,0,58,4,5,5,1,2,-52,0,1041,10956,37,100,3,0,0
756,20,14,1280,0,72,1,7,7,1,1,-70,0,815,9713,32,100,1,0,0
756,18,8,1024,10,86,2,3,7,1,1,-95,7,3919,32197,44,100,3,0,0
756,15,9,1024,0,74,2,3,7,1,1,-70,3,1314,13513,43,100,2,0,0
754,30,24,1536,10,63,5,6,7,1,3,-70,1,1174,11444,31,100,2,0,0
757,27,22,1536,10,45,1,8,4,1,1,-52,0,627,7584,21,100,3,0,0
756,29,28,1536,0,57,2,6,6,1,1,-52,0,676,6437,29,100,2,0,0
760,11,5,768,0,70,6,2,7,1,2,-70,1,1152,16118,42,100,2,0,0
758,25,21,1536,0,63,3,6,7,1,2,-70,0,400,4798,31,100,0,0,0
759,8,4,768,0,90,3,5,7,2,2,-70,10,2461,16569,46,100,2,0,0
760,6,5,768,0,62,3,5,5,1,2,-52,0,494,6007,33,100,1,0,0
759,9,4,768,10,75,2,3,7,1,1,-52,4,1550,11034,47,100,3,0,0
758,26,21,1536,0,74,1,5,7,1,1,-52,0,447,5269,33,100,1,0,0
760,12,8,1024,0,72,3,5,7,1,2,-70,1,455,8906,37,100,1,0,0
759,28,18,1280,0,66,1,4,6,1,1,-95,1,1208,20345,34,100,2,0,0
761,4,1,512,10,82,5,3,7,2,1,-61,10,3101,16537,50,100,2,0,0
759,30,24,1536,0,64,5,6,7,1,3,-70,1,435,5511,31,100,0,0,0
760,14,8,1024,10,64,4,8,7,1,2,-70,1,755,8030,33,100,2,0,0
761,20,14,1280,10,73,1,7,7,1,1,-70,0,366,5008,32,100,1,0,0
739,13,8,1152,50,5,3,13,6,0,1,-52,0,577,4241,1,100,5,0,0
749,13,8,1152,90,8,3,13,6,0,1,-52,0,1333,10139,1,100,7,0,0
762,1,0,256,0,10,0,0,3,0,0,0,10,1829,16960,896,100,2,0,0
762,21,15,1280,10,65,2,3,7,1,1,-70,2,1997,22146,42,100,2,0,0
763,5,1,512,0,85,5,1,7,1,1,-76,4,1669,15832,51,100,2,0,0
763,22,18,1280,0,63,3,7,6,1,1,-70,1,1061,10110,23,100,1,0,0
761,17,12,1280,0,51,1,9,6,1,1,-52,0,722,11299,21,100,2,0,0
764,16,11,1024,0,68,3,4,7,1,2,-52,0,805,10649,37,100,2,0,0
758,13,8,1152,90,10,3,13,6,0,1,-52,0,657,7566,2,100,5,0,0
764,3,1,512,10,69,5,2,7,1,1,-76,1,1304,15979,51,100,3,0,0
761,31,30,1792,0,52,4,11,5,1,2,-52,0,667,10943,13,100,2,0,0
765,10,5,768,0,57,1,7,7,1,1,-52,0,713,11196,29,100,3,0,0
764,2,3,768,10,60,4,5,5,1,2,-52,0,570,8156,38,100,2,0,0
764,6,5,768,0,64,3,5,5,1,2,-52,0,493,5478,33,100,1,0,0
764,24,18,1280,0,70,3,8,7,1,1,-70,2,1453,14778,27,100,1,0,0
766,12,8,1024,0,72,3,5,7,1,2,-70,1,698,10756,37,100,2,0,0
766,27,22,1536,0,46,1,8,4,1,1,-52,0,439,8628,21,100,1,0,0
766,14,8,1024,10,65,4,8,7,1,2,-70,1,709,7294,33,100,1,0,0
766,18,8,1024,30,90,2,3,7,1,1,-95,7,3325,28076,45,100,3,0,0
767,9,4,768,0,76,2,3,7,1,1,-52,4,1422,14500,48,100,1,0,0
767,15,9,1024,0,76,2,3,7,1,1,-70,3,1710,18323,44,100,2,0,0
764,29,28,1536,0,59,2,6,6,1,1,-52,0,577,8656,30,100,1,0,0
768,25,21,1536,0,65,3,6,7,1,2,-70,0,674,9162,32,100,2,0,0
769,4,1,512,10,86,5,3,7,2,1,-61,10,5730,28197,51,100,1,0,0
767,22,18,1280,0,64,3,7,6,1,1,-70,1,627,7026,23,100,1,0,0
769,28,18,1280,0,69,1,4,6,1,1,-95,1,1251,16043,35,100,2,0,0
770,3,1,512,0,71,5,2,7,1,1,-76,1,810,10006,51,100,1,0,0
768,21,15,1280,0,69,2,3,7,1,1,-70,2,1263,14082,42,100,1,0,0
770,1,0,256,0,10,0,0,3,0,0,0,10,2138,18809,915,100,1,0,0
770,8,4,768,0,93,3,6,7,2,2,-70,10,6154,39651,46,100,3,0,0
767,26,21,1536,0,76,1,5,7,1,1,-52,0,722,10576,34,100,2,0,0
770,13,8,1024,0,13,3,13,6,1,1,-52,0,1950,13276,3,100,7,0,0
771,10,5,768,0,60,1,7,7,1,1,-52,0,603,6189,29,100,1,0,0
770,17,12,1280,0,51,1,9,6,1,1,-52,0,434,8109,22,100,1,0,0
770,5,1,512,10,87,5,1,7,1,1,-76,4,1906,18757,51,100,1,0,0
769,31,30,1792,0,53,4,11,5,1,2,-52,0,472,6900,14,100,1,0,0
770,11,5,768,0,72,6,2,7,1,2,-70,1,1331,18267,43,100,2,0,0
771,2,3,768,0,63,4,5,5,1,2,-52,0,625,7354,38,100,1,0,0
771,20,14,1280,0,73,1,7,7,1,1,-70,0,509,10110,33,100,2,0,0
772,12,8,1024,0,75,3,5,7,1,2,-70,1,1010,11436,38,100,2,0,0
771,30,24,1536,0,66,5,6,7,1,3,-70,1,1344,15227,32,100,2,0,0
773,24,18,1280,0,71,3,8,7,1,1,-70,2,1108,10791,28,100,2,0,0
773,4,1,512,0,87,5,3,7,2,1,-61,10,2557,13829,51,100,2,0,0
774,16,11,1024,10,72,3,4,7,1,2,-52,0,774,10530,37,100,2,0,0
774,1,0,256,0,10,0,0,3,0,0,0,10,1082,11142,918,100,1,0,0
772,29,28,1536,0,61,2,6,6,1,1,-52,0,521,7209,30,100,1,0,0
775,11,5,768,0,72,6,2,7,1,2,-70,1,524,6727,43,100,1,0,0
774,18,8,1024,20,92,2,3,7,1,1,-95,7,2481,22120,46,100,2,0,0
774,15,9,1024,0,76,2,3,7,1,1,-70,3,1053,12486,44,100,1,0,0
774,27,22,1536,0,47,1,8,4,1,1,-52,0,591,8599,22,100,2,0,0
773,31,30,1792,0,55,4,11,5,1,2,-52,0,474,4608,14,100,1,0,0
776,10,5,768,0,63,1,7,7,1,1,-52,0,651,5855,30,100,2,0,0
775,14,8,1024,0,69,4,8,7,1,2,-70,1,1341,12795,34,100,4,0,0
774,22,18,1280,10,66,3,7,6,1,1,-70,1,853,8846,23,100,1,0,0
776,6,5,768,0,66,3,5,5,1,2,-52,0,718,11250,34,100,2,0,0
777,9,4,768,0,78,2,3,7,1,1,-52,4,1820,15743,48,100,3,0,0
777,3,1,512,0,75,5,2,7,1,1,-76,2,1430,12056,52,100,3,0,0
774,26,21,1536,0,77,1,5,7,1,1,-52,0,391,6436,34,100,1,0,0
777,8,4,768,0,93,3,7,7,2,2,-70,10,3178,23153,47,100,2,0,0
779,16,11,1024,0,75,3,4,7,1,2,-52,0,745,5218,38,100,1,0,0
778,20,14,1280,0,75,1,7,7,1,1,-70,0,595,6355,33,100,2,0,0
778,21,15,1280,10,72,2,3,7,1,1,-70,2,1599,17513,43,100,2,0,0
779,11,5,768,0,74,6,2,7,1,2,-70,1,826,7608,43,100,1,0,0
778,17,12,1280,0,53,1,9,6,1,1,-52,0,618,8055,22,100,2,0,0
778,25,21,1536,0,66,3,6,7,1,2,-70,0,615,10019,33,100,2,0,0
780,12,8,1024,0,79,3,5,7,1,2,-70,1,1078,14963,38,100,2,0,0
781,9,4,768,0,79,2,4,7,1,1,-52,4,1109,8255,49,100,1,0,0
781,5,1,512,0,90,5,1,7,1,1,-76,4,2691,24606,52,100,2,0,0
781,28,18,1280,0,73,1,4,6,1,1,-95,1,1407,21544,36,100,2,0,0
781,29,28,1536,20,63,2,6,6,1,1,-52,0,594,6900,31,100,2,0,0
781,15,9,1024,0,78,2,3,7,1,1,-70,3,1603,12423,45,100,2,0,0
782,18,8,1024,0,92,2,3,7,1,1,-95,7,2132,19967,46,100,1,0,0
781,30,24,1536,0,68,5,6,7,1,3,-70,1,1198,13025,33,100,1,0,0
783,6,5,768,0,71,3,5,5,1,2,-52,0,962,7020,35,100,3,0,0
782,27,22,1536,10,49,1,8,4,1,1,-52,0,497,7278,22,100,1,0,0
784,16,11,1024,0,75,3,4,7,1,2,-52,0,259,4214,38,100,1,0,0
783,14,8,1024,0,71,4,8,7,1,2,-70,1,1053,10001,35,100,3,0,0
784,2,3,768,0,66,4,5,5,1,2,-52,0,883,11636,39,100,4,0,0
784,24,18,1280,0,73,3,8,7,1,1,-70,2,1444,14884,29,100,2,0,0
783,17,12,1280,0,57,1,9,6,1,1,-52,0,762,5801,23,100,2,0,0
785,1,0,256,0,11,0,0,3,0,0,0,10,3008,26647,941,100,3,0,0
785,4,1,512,10,91,5,3,7,2,1,-61,9,7163,37020,52,100,3,0,0
785,8,4,768,0,95,3,7,7,2,2,-70,9,4105,25214,47,100,3,0,0
785,25,21,1536,0,68,3,6,7,1,2,-70,0,498,6220,33,100,1,0,0
785,31,30,1792,0,60,4,11,5,1,2,-52,0,1020,10377,15,100,2,0,0
785,3,1,512,0,77,5,3,7,1,1,-76,2,1110,15200,52,100,3,0,0
785,22,18,1280,0,69,3,7,6,1,1,-70,1,1265,14057,24,100,3,0,0
786,28,18,1280,0,74,1,4,6,1,1,-95,1,628,8931,36,100,1,0,0
786,20,14,1280,0,77,1,7,7,1,1,-70,0,577,7928,34,100,1,0,0
784,26,21,1536,0,81,1,5,7,1,1,-52,0,912,9682,35,100,2,0,0
787,12,8,1024,0,81,3,5,7,1,2,-70,1,1015,13604,39,100,2,0,0
786,27,22,1536,0,51,1,8,4,1,1,-52,0,548,4843,23,100,2,0,0
787,21,15,1280,0,76,2,3,7,1,1,-70,2,1622,17234,43,100,1,0,0
788,10,5,768,0,66,1,7,7,1,1,-52,0,764,10821,30,100,3,0,0
787,30,24,1536,0,71,5,6,7,1,3,-70,1,1007,8127,33,100,1,0,0
788,11,5,768,0,77,6,2,7,1,2,-70,1,1025,13527,44,100,1,0,0
789,9,4,768,0,83,2,4,7,1,1,-52,4,1832,14402,49,100,3,0,0
789,14,8,1024,0,74,4,8,7,1,2,-70,1,868,8133,35,100,1,0,0
788,24,18,1280,0,74,3,8,7,1,1,-70,2,810,6634,29,100,1,0,0
789,18,8,1024,0,95,2,3,7,1,1,-95,7,2749,21297,47,100,3,0,0
790,5,1,512,20,93,5,1,7,1,1,-76,4,2281,21975,52,100,3,0,0
790,15,9,1024,0,84,2,3,7,1,1,-70,3,1811,15668,45,100,1,0,0
791,8,4,768,0,97,3,7,7,2,2,-70,9,2741,18412,48,100,1,0,0
790,6,5,768,0,74,3,5,5,1,2,-52,0,624,7336,35,100,1,0,0
792,29,28,1536,0,63,2,6,6,1,1,-52,0,509,9891,31,100,2,0,0
791,27,22,1536,0,52,1,8,4,1,1,-52,0,366,4356,23,100,1,0,0
792,16,11,1024,0,76,3,4,7,1,2,-52,0,438,7705,38,100,1,0,0
791,17,12,1280,0,60,1,9,6,1,1,-52,0,628,8218,23,100,1,0,0
793,12,8,1024,0,82,3,5,7,1,2,-70,1,781,10934,39,100,2,0,0
792,30,24,1536,0,71,5,6,7,1,3,-70,1,344,5911,33,100,1,0,0
794,2,3,768,0,70,4,5,5,1,2,-52,0,903,9867,40,100,3,0,0
793,21,15,1280,0,78,2,3,7,1,1,-70,2,900,11431,44,100,1,0,0
794,25,21,1536,0,70,3,6,7,1,2,-70,0,668,8199,34,100,3,0,0
794,20,14,1280,0,81,1,7,7,1,1,-70,0,735,8171,34,100,1,0,0
794,18,8,1024,0,97,2,3,7,1,1,-95,7,1384,12635,47,100,2,0,0
795,4,1,512,10,94,6,3,7,2,1,-61,10,6495,33425,52,100,3,0,0
794,15,9,1024,10,84,2,3,7,1,1,-70,3,826,7465,46,100,1,0,0
796,1,0,256,0,12,0,0,3,0,0,0,10,2982,28119,958,100,3,0,0
766,7,3,896,70,13,6,13,7,0,3,-70,0,400,4317,3,100,2,0,0
776,7,3,896,60,15,6,13,7,0,3,-70,0,1025,7683,3,100,6,0,0
797,6,5,768,0,76,3,5,5,1,2,-52,0,493,6246,35,100,1,0,0
796,3,1,512,20,80,6,3,7,1,1,-76,2,2381,20592,53,100,4,0,0
798,16,11,1024,0,78,3,4,7,1,2,-52,0,529,5639,39,100,1,0,0
797,14,8,1024,10,78,4,8,7,1,2,-70,1,1089,10833,35,100,2,0,0
782,7,3,896,70,17,6,13,7,0,3,-70,0,504,5812,4,100,2,0,0
795,31,30,1792,0,62,4,11,5,1,2,-52,0,725,10366,16,100,2,0,0
792,7,3,896,70,18,6,13,7,0,3,-70,0,890,9320,4,100,4,0,0
797,28,18,1280,0,76,1,4,6,1,1,-95,1,1166,19722,37,100,2,0,0
798,11,5,768,0,80,6,2,7,1,2,-70,1,1373,16383,45,100,2,0,0
797,7,3,768,60,21,6,13,7,1,3,-70,0,1277,6013,5,100,3,0,0
796,22,18,1280,10,72,3,7,6,1,1,-70,1,1361,14398,25,100,2,0,0
799,5,1,512,0,98,6,1,7,1,1,-76,4,2874,21022,53,100,3,0,0
797,21,15,1280,10,78,2,3,7,1,1,-70,2,696,8982,44,100,1,0,0
797,27,22,1536,10,54,1,8,4,1,1,-52,0,390,5621,23,100,1,0,0
800,10,5,768,0,73,1,7,7,1,1,-52,0,1250,12124,31,100,3,0,0
800,18,8,1024,20,99,2,3,7,1,1,-95,7,1742,13347,47,100,1,0,0
800,9,4,768,20,88,2,4,7,1,1,-52,5,2797,20829,50,100,3,0,0
797,29,28,1536,0,66,2,6,6,1,1,-52,0,660,6669,32,100,1,0,0
795,26,21,1536,10,83,1,5,7,1,1,-52,0,660,10500,36,100,3,0,0
801,24,18,1280,0,75,3,8,7,1,1,-70,2,1277,15091,30,100,2,0,0
801,25,21,1536,0,70,3,6,7,1,2,-70,0,307,6771,34,100,1,0,0
802,1,0,256,0,12,0,0,3,0,0,0,10,1634,15711,970,100,1,0,0
802,4,1,512,10,94,6,3,7,2,1,-61,10,3771,21629,53,100,1,0,0
802,8,4,768,0,101,3,7,7,2,2,-70,9,5075,34800,48,100,3,0,0
801,7,3,768,0,22,6,13,7,1,3,-70,0,863,6871,5,100,3,0,0
802,6,5,768,0,78,3,5,5,1,2,-52,0,549,5955,36,100,1,0,0
802,15,9,1024,0,85,2,3,7,1,1,-70,3,1159,12766,46,100,1,0,0
802,17,12,1280,0,62,1,9,6,1,1,-52,0,698,10191,24,100,2,0,0
803,12,8,1024,10,87,3,5,7,1,2,-70,1,1362,18148,40,100,2,0,0
802,3,1,512,10,80,6,3,7,1,1,-76,2,1327,11788,53,100,1,0,0
803,22,18,1280,0,75,3,7,6,1,1,-70,1,992,8103,25,100,1,0,0
802,30,24,1536,0,72,5,6,7,1,3,-70,1,1114,13150,34,100,2,0,0
801,31,30,1792,20,64,4,11,5,1,2,-52,0,368,5311,16,100,1,0,0
803,2,3,768,0,72,5,5,5,1,2,-52,0,718,10432,40,100,2,0,0
803,20,14,1280,0,83,1,7,7,1,1,-70,0,698,9166,35,100,2,0,0
801,26,21,1536,0,84,1,5,7,1,1,-52,0,448,5706,36,100,1,0,0
805,24,18,1280,0,76,3,8,7,1,1,-70,2,755,6226,30,100,1,0,0
806,18,8,1024,0,100,2,3,7,1,1,-95,7,1820,15779,48,100,1,0,0
806,28,18,1280,10,77,1,4,6,1,1,-95,1,763,14712,37,100,1,0,0
806,14,8,1024,10,80,4,8,7,1,2,-70,1,1158,12255,36,100,2,0,0
806,11,5,768,0,82,6,2,7,1,2,-70,1,786,12285,45,100,2,0,0
807,1,0,256,0,12,0,0,3,0,0,0,10,1475,12606,979,100,1,0,0
808,16,11,1024,0,81,3,4,7,1,2,-52,0,805,9646,40,100,2,0,0
807,7,3,768,0,23,7,13,7,1,3,-70,0,589,5311,6,100,3,0,0
808,3,1,512,0,80,6,3,7,1,1,-76,2,1045,11257,54,100,1,0,0
808,20,14,1280,0,85,1,7,7,1,1,-70,0,473,4691,35,100,1,0,0
809,10,5,768,10,76,1,7,7,1,1,-52,0,674,8335,32,100,2,0,0
808,30,24,1536,0,73,5,6,7,1,3,-70,1,713,7531,34,100,1,0,0
807,2,3,768,10,73,5,5,5,1,2,-52,0,381,4222,41,100,2,0,0
809,9,4,768,20,92,3,4,7,1,1,-52,5,2124,16989,50,100,2,0,0
809,12,8,1024,0,88,3,5,7,1,2,-70,1,626,11137,40,100,2,0,0
810,27,22,1536,0,57,1,8,4,1,1,-52,0,937,11418,24,100,2,0,0
808,21,15,1280,0,79,2,3,7,1,1,-70,2,1602,19089,45,100,2,0,0
810,8,4,768,10,102,4,7,7,2,2,-70,9,3495,23698,49,100,1,0,0
810,5,1,512,0,98,6,1,7,1,1,-76,4,2315,26191,54,100,2,0,0
810,22,18,1280,0,76,3,7,6,1,1,-70,1,763,9254,26,100,1,0,0
811,11,5,768,0,82,6,2,7,1,2,-70,1,642,6819,46,100,1,0,0
811,17,12,1280,0,62,1,9,6,1,1,-52,0,405,7650,24,100,2,0,0
809,29,28,1536,0,68,2,6,6,1,1,-52,0,666,10633,32,100,2,0,0
808,26,21,1536,0,86,1,5,7,1,1,-52,0,497,6305,36,100,1,0,0
812,24,18,1280,0,78,3,8,7,1,1,-70,2,947,8718,30,100,1,0,0
810,25,21,1536,10,71,3,7,7,1,2,-70,0,661,8278,35,100,3,0,0
813,4,1,512,20,98,6,3,7,2,1,-61,10,7459,36358,54,100,3,0,0
812,31,30,1792,0,70,4,11,5,1,2,-52,0,1320,11402,17,100,2,0,0
813,6,5,768,0,83,3,5,5,1,2,-52,0,1015,10661,37,100,2,0,0
814,28,18,1280,0,79,1,4,6,1,1,-95,1,1089,14124,38,100,2,0,0
813,14,8,1024,0,82,4,8,7,1,2,-70,1,851,9356,36,100,1,0,0
815,12,8,1024,0,89,3,5,7,1,2,-70,1,722,9776,41,100,1,0,0
814,15,9,1024,30,87,3,3,7,1,1,-70,3,1937,19476,47,100,2,0,0
814,5,1,512,0,99,6,1,7,1,1,-76,4,1103,9969,54,100,0,0,0
815,10,5,768,30,79,1,7,7,1,1,-52,0,631,6636,32,100,1,0,0
816,8,4,768,0,104,4,7,7,2,2,-70,9,2947,17702,49,100,1,0,0
812,25,21,1536,0,71,3,7,7,1,2,-70,0,284,4210,35,100,1,0,0
815,3,1,512,10,84,6,3,7,1,1,-76,2,1146,13233,54,100,1,0,0
817,18,8,1024,10,103,2,3,7,1,1,-95,7,3372,30160,48,100,2,0,0
817,29,28,1536,0,72,2,6,6,1,1,-52,0,768,6854,33,100,1,0,0
816,2,3,768,10,75,5,5,5,1,2,-52,0,550,7347,41,100,1,0,0
816,17,12,1280,0,62,1,9,6,1,1,-52,0,339,5357,25,100,1,0,0
817,7,3,768,0,26,7,13,7,1,3,-70,0,746,8752,6,100,2,0,0
817,30,24,1536,0,73,5,6,7,1,3,-70,1,875,10481,35,100,2,0,0
818,11,5,768,10,84,6,2,7,1,2,-70,1,742,10946,46,100,1,0,0
818,1,0,256,0,12,0,0,3,0,0,0,10,3114,28665,1000,100,2,0,0
818,16,11,1024,0,84,3,4,7,1,2,-52,0,843,10321,40,100,2,0,0
818,20,14,1280,0,88,1,7,7,1,1,-70,0,947,10437,36,100,2,0,0
819,12,8,1024,10,91,3,5,7,1,2,-70,1,610,7831,41,100,0,0,0
817,31,30,1792,0,71,4,11,5,1,2,-52,0,512,4997,17,100,2,0,0
819,22,18,1280,0,79,3,7,6,1,1,-70,1,1038,12010,26,100,2,0,0
820,28,18,1280,0,79,1,4,6,1,1,-95,1,628,11315,38,100,1,0,0
820,9,4,768,20,94,3,4,7,1,1,-52,5,2297,19767,51,100,2,0,0
821,27,22,1536,0,59,1,8,4,1,1,-52,0,723,10363,25,100,2,0,0
821,3,1,512,0,85,6,3,7,1,1,-76,2,958,10986,55,100,1,0,0
819,21,15,1280,10,81,2,3,7,1,1,-70,2,1641,19813,46,100,2,0,0
820,6,5,768,0,85,3,5,5,1,2,-52,0,617,6829,37,100,2,0,0
821,26,21,1536,0,89,1,5,7,1,1,-52,0,829,11126,37,100,2,0,0
823,24,18,1280,0,81,3,8,7,1,1,-70,2,1516,14961,31,100,2,0,0
822,15,9,1024,10,88,3,3,7,1,1,-70,3,1447,13705,47,100,2,0,0
824,11,5,768,0,85,6,2,7,1,2,-70,1,547,7298,46,100,1,0,0
822,17,12,1280,0,62,1,9,6,1,1,-52,0,283,5045,25,100,1,0,0
824,12,8,1024,0,93,3,5,7,1,2,-70,1,788,10222,41,100,1,0,0
824,5,1,512,10,103,6,1,7,1,1,-76,4,2493,21758,55,100,2,0,0
825,30,24,1536,0,76,5,6,7,1,3,-70,1,894,9211,35,100,1,0,0
824,10,5,768,0,81,1,7,7,1,1,-52,0,836,9090,33,100,3,0,0
824,14,8,1024,10,91,4,8,7,1,2,-70,1,1790,15487,37,100,3,0,0
825,18,8,1024,20,106,2,3,7,1,1,-95,7,2482,22029,49,100,1,0,0
826,3,1,512,0,86,6,3,7,1,1,-76,2,730,8278,55,100,1,0,0
824,20,14,1280,0,88,1,7,7,1,1,-70,0,284,5470,36,100,1,0,0
825,4,1,512,10,101,6,3,7,2,1,-61,10,6913,36848,54,100,2,0,0
826,9,4,768,40,99,3,4,7,1,1,-52,5,1677,10627,52,100,1,0,0
826,8,4,768,0,105,4,7,7,2,2,-70,9,4415,30433,50,100,2,0,0
826,2,3,768,0,78,5,5,5,1,2,-52,0,914,10214,42,100,2,0,0
826,29,28,1536,10,74,2,6,6,1,1,-52,0,618,8242,33,100,2,0,0
826,7,3,768,0,28,7,13,7,1,3,-70,0,761,8851,7,100,4,0,0
824,25,21,1536,0,75,3,7,7,1,2,-70,0,815,9823,36,100,1,0,0
827,6,5,768,0,87,3,5,5,1,2,-52,0,493,5957,37,100,1,0,0
827,16,11,1024,0,85,3,4,7,1,2,-52,0,471,8429,41,100,1,0,0
827,1,0,256,0,12,0,0,3,0,0,0,10,2391,22608,1016,100,1,0,0
827,21,15,1280,0,81,2,3,7,1,1,-70,2,1098,13712,46,100,1,0,0
828,15,9,1024,0,90,3,3,7,1,1,-70,3,909,8305,48,100,2,0,0
829,24,18,1280,0,82,3,8,7,1,1,-70,2,925,8024,32,100,1,0,0
829,5,1,512,10,103,6,1,7,1,1,-76,4,1192,10136,55,100,1,0,0
828,26,21,1536,0,90,1,5,7,1,1,-52,0,502,5965,37,100,2,0,0
828,14,8,1024,0,92,4,8,7,1,2,-70,1,696,5777,38,100,1,0,0
829,12,8,1024,20,94,3,5,7,1,2,-70,1,599,8056,42,100,1,0,0
830,28,18,1280,0,82,1,4,6,1,1,-95,1,1251,17825,39,100,2,0,0
831,30,24,1536,0,78,5,6,7,1,3,-70,1,762,7735,36,100,1,0,0
830,9,4,768,10,101,3,4,7,1,1,-52,5,1686,9258,52,100,2,0,0
831,10,5,768,0,82,1,7,7,1,1,-52,0,387,6016,33,100,1,0,0
831,27,22,1536,10,62,1,8,4,1,1,-52,0,720,8332,26,100,3,0,0
831,29,28,1536,0,77,2,6,6,1,1,-52,0,661,5670,34,100,1,0,0
831,17,12,1280,0,68,1,9,6,1,1,-52,0,1102,9531,26,100,2,0,0
832,22,18,1280,0,86,3,7,6,1,1,-70,1,1884,15642,27,100,2,0,0
832,3,1,512,10,88,6,3,7,1,1,-76,2,1070,12167,55,100,1,0,0
831,31,30,1792,0,74,4,11,5,1,2,-52,0,830,11438,18,100,2,0,0
831,2,3,768,0,80,5,5,5,1,2,-52,0,488,5026,42,100,2,0,0
832,8,4,768,0,105,4,7,7,2,2,-70,9,3268,20897,50,100,1,0,0
834,11,5,768,0,88,6,2,7,1,2,-70,1,1244,16114,47,100,2,0,0
833,4,1,512,0,102,6,3,7,2,1,-61,10,5236,26548,55,100,2,0,0
834,1,0,256,0,12,0,0,3,0,0,0,10,1748,16307,1027,100,2,0,0
834,7,3,768,0,31,7,13,7,1,3,-70,0,721,7951,7,100,2,0,0
835,16,11,1024,0,85,3,4,7,1,2,-52,0,404,7374,41,100,2,0,0
836,21,15,1280,0,83,3,3,7,1,1,-70,2,1366,15304,47,100,2,0,0
835,14,8,1024,0,92,4,8,7,1,2,-70,1,507,7984,38,100,1,0,0
836,9,4,768,10,102,3,4,7,1,1,-52,5,990,9821,52,100,1,0,0
835,20,14,1280,0,93,1,7,7,1,1,-70,0,1043,11217,37,100,2,0,0
837,22,18,1280,0,87,3,7,6,1,1,-70,1,476,6217,27,100,1,0,0
837,5,1,512,0,103,6,1,7,1,1,-76,4,1422,18228,56,100,1,0,0
836,15,9,1024,10,92,3,3,7,1,1,-70,3,1574,15562,48,100,1,0,0
836,18,8,1024,10,109,2,3,7,1,1,-95,7,3622,31899,50,100,2,0,0
837,25,21,1536,0,79,3,7,7,1,2,-70,0,1103,11754,37,100,3,0,0
836,12,8,1024,0,98,3,5,7,1,2,-70,1,1232,15815,42,100,2,0,0
838,24,18,1280,0,84,3,8,7,1,1,-70,2,990,11587,32,100,1,0,0
838,10,5,768,0,83,1,7,7,1,1,-52,0,467,7149,34,100,1,0,0
838,26,21,1536,0,92,1,5,7,1,1,-52,0,577,8951,38,100,1,0,0
839,29,28,1536,0,80,2,6,6,1,1,-52,0,694,7230,34,100,1,0,0
838,6,5,768,0,92,3,5,5,1,2,-52,0,1009,10825,38,100,3,0,0
838,17,12,1280,0,69,1,9,6,1,1,-52,0,409,6817,26,100,2,0,0
840,27,22,1536,0,64,1,8,4,1,1,-52,0,602,8781,26,100,1,0,0
839,31,30,1792,0,76,4,11,5,1,2,-52,0,644,8373,18,100,2,0,0
839,2,3,768,10,83,5,5,5,1,2,-52,0,614,7892,42,100,2,0,0
840,4,1,512,10,103,6,3,7,2,1,-61,10,3825,21453,55,100,1,0,0
840,7,3,768,10,33,7,13,7,1,3,-70,0,646,6067,8,100,2,0,0
841,8,4,768,10,105,4,7,7,2,2,-70,9,3139,24444,51,100,2,0,0
842,16,11,1024,0,90,3,4,7,1,2,-52,0,874,6946,42,100,1,0,0
842,28,18,1280,0,84,1,4,6,1,1,-95,1,1306,21074,40,100,2,0,0
841,14,8,1024,0,94,4,8,7,1,2,-70,1,789,7695,38,100,1,0,0
841,30,24,1536,0,79,5,6,7,1,3,-70,1,1289,14914,37,100,2,0,0
842,11,5,768,10,89,6,2,7,1,2,-70,1,1173,14374,48,100,1,0,0
841,9,4,768,0,102,3,4,7,1,1,-52,5,1234,10003,53,100,1,0,0
842,3,1,512,0,90,6,3,7,1,1,-76,2,1982,21538,56,100,2,0,0
843,21,15,1280,0,85,3,3,7,1,1,-70,2,1228,14652,47,100,1,0,0
843,24,18,1280,10,87,3,8,7,1,1,-70,2,1212,8967,33,100,1,0,0
844,26,21,1536,10,94,1,5,7,1,1,-52,0,594,5852,38,100,2,0,0
844,29,28,1536,0,81,2,6,7,1,1,-52,0,459,6524,35,100,1,0,0
845,1,0,256,0,12,0,0,3,0,0,0,10,2850,27142,1049,100,2,0,0
844,15,9,1024,0,94,3,3,7,1,1,-70,3,1454,13576,49,100,2,0,0
845,28,18,1280,0,84,1,4,6,1,1,-95,1,613,8290,40,100,1,0,0
847,25,21,1536,0,79,3,7,7,1,2,-70,0,309,8463,37,100,1,0,0
845,16,11,1024,10,91,3,4,7,1,2,-52,0,366,4110,42,100,1,0,0
846,8,4,768,20,108,4,7,7,2,2,-70,10,2550,16298,51,100,1,0,0
846,18,8,1024,0,111,2,3,7,1,1,-95,7,3288,26727,50,100,2,0,0
846,14,8,1024,0,95,4,8,7,1,2,-70,1,654,6799,39,100,1,0,0
847,5,1,512,0,105,6,1,7,1,1,-76,4,2381,23567,56,100,2,0,0
846,12,8,1024,0,100,3,5,7,1,2,-70,2,1178,17615,43,100,1,0,0
846,20,14,1280,0,97,1,7,7,1,1,-70,0,914,10780,38,100,2,0,0
847,22,18,1280,10,91,3,7,6,1,1,-70,1,1436,14839,28,100,2,0,0
848,10,5,768,0,86,1,7,7,1,1,-52,0,746,9285,34,100,2,0,0
848,9,4,768,0,104,3,4,7,1,1,-52,5,1577,11685,53,100,2,0,0
847,17,12,1280,10,71,1,9,7,1,1,-52,1,1110,10547,27,100,2,0,0
847,27,22,1536,10,68,1,8,4,1,1,-52,0,781,7980,27,100,2,0,0
848,7,3,768,0,35,7,13,7,1,3,-70,0,609,7351,8,100,3,0,0
848,19,17,1536,0,4,1,14,1,1,1,-95,0,2183,11476,0,100,15,0,0
849,4,1,512,0,106,6,3,7,2,1,-61,10,5899,28826,56,100,2,0,0
849,31,30,1792,0,77,4,11,5,1,2,-52,0,592,9099,19,100,2,0,0
849,6,5,768,0,93,3,5,5,1,2,-52,0,614,10672,39,100,2,0,0
849,3,1,512,0,92,6,3,7,1,1,-76,2,1051,13931,57,100,1,0,0
850,2,3,768,0,87,5,5,5,1,2,-52,0,1016,10305,43,100,2,0,0
849,30,24,1536,0,84,5,6,7,1,3,-70,1,1257,12177,37,100,2,0,0
850,24,18,1280,0,90,3,8,7,1,1,-70,2,1408,11739,33,100,2,0,0
852,21,15,1280,0,87,3,3,7,1,1,-70,2,1435,16680,48,100,1,0,0
852,1,0,256,0,12,0,0,3,0,0,0,10,1755,17568,1058,100,1,0,0
852,9,4,768,0,104,3,4,7,1,1,-52,5,734,7567,53,100,0,0,0
852,11,5,768,10,92,6,2,7,1,2,-70,1,1127,15276,48,100,2,0,0
852,15,9,1024,0,95,3,3,7,1,1,-70,3,1251,13471,49,100,1,0,0
853,5,1,512,10,107,6,1,7,1,1,-76,4,1500,14407,57,100,1,0,0
853,10,5,768,0,86,1,7,7,1,1,-52,0,312,4839,35,100,1,0,0
853,14,8,1024,0,96,4,8,7,1,2,-70,1,705,9264,39,100,1,0,0
853,17,12,1280,0,75,1,9,7,1,1,-52,1,900,8080,27,100,1,0,0
853,12,8,1024,0,101,3,5,7,1,2,-70,2,1144,13400,43,100,2,0,0
854,18,8,1024,10,113,2,3,7,1,1,-95,7,2344,21515,51,100,2,0,0
853,22,18,1280,0,93,3,7,6,1,1,-70,1,872,9301,29,100,1,0,0
855,26,21,1536,0,97,1,5,7,1,1,-52,0,733,10364,39,100,1,0,0
855,16,11,1024,0,94,3,4,7,1,2,-52,0,806,9419,43,100,2,0,0
854,28,18,1280,0,87,1,4,6,1,1,-95,1,824,15989,41,100,1,0,0
855,19,17,1536,0,7,1,14,1,1,1,-95,0,1068,7762,1,100,6,0,0
855,6,5,768,0,95,3,5,5,1,2,-52,0,494,6069,39,100,1,0,0
855,29,28,1536,10,82,2,6,7,1,1,-52,0,535,10002,35,100,2,0,0
856,11,5,768,0,93,6,2,7,1,2,-70,1,803,7246,49,100,1,0,0
855,7,3,768,10,37,7,13,7,1,3,-70,0,670,8325,9,100,2,0,0
856,20,14,1280,0,100,1,7,7,1,1,-70,0,806,9379,39,100,2,0,0
856,27,22,1536,0,70,1,8,4,1,1,-52,0,750,9419,27,100,2,0,0
858,25,21,1536,0,82,3,7,7,1,2,-70,0,829,11161,38,100,2,0,0
858,8,4,768,0,110,4,7,7,2,2,-70,10,5686,36833,52,100,2,0,0
857,3,1,512,10,93,6,3,7,1,1,-76,2,1399,16077,57,100,2,0,0
857,2,3,768,0,91,5,5,5,1,2,-52,0,790,8096,44,100,1,0,0
859,26,21,1536,0,97,1,5,7,1,1,-52,0,260,3937,39,100,1,0,0
860,21,15,1280,0,89,3,3,7,1,1,-70,2,1356,14462,48,100,2,0,0
859,4,1,512,0,108,6,3,7,2,1,-61,10,5711,31553,57,100,2,0,0
860,6,5,768,0,96,3,5,5,1,2,-52,0,418,4428,40,100,1,0,0
860,1,0,256,0,12,0,0,3,0,0,0,10,2132,20447,1076,100,1,0,0
860,10,5,768,0,88,1,7,7,1,1,-52,0,518,7346,35,100,1,0,0
859,12,8,1024,10,101,3,5,7,1,2,-70,2,762,11151,44,100,1,0,0
860,17,12,1280,0,77,1,9,7,1,1,-52,1,933,9758,28,100,1,0,0
858,31,30,1792,0,81,4,11,5,1,2,-52,0,913,10986,20,100,2,0,0
860,28,18,1280,0,88,1,4,6,1,1,-95,1,890,11189,41,100,1,0,0
861,15,9,1024,0,97,3,3,7,1,1,-70,3,1573,15414,50,100,2,0,0
860,24,18,1280,0,93,3,8,7,1,1,-70,2,1398,13900,34,100,2,0,0
860,30,24,1536,0,88,5,6,7,1,3,-70,1,1436,14741,38,100,2,0,0
862,5,1,512,0,110,6,1,7,1,1,-76,4,2489,22178,57,100,2,0,0
862,3,1,512,0,94,6,3,7,1,1,-76,2,738,8671,57,100,1,0,0
862,9,4,768,0,104,3,4,7,1,1,-52,5,2116,18823,54,100,2,0,0
864,29,28,1536,0,88,2,6,7,1,1,-52,0,1128,9257,36,100,2,0,0
865,10,5,768,0,89,1,7,7,1,1,-52,0,363,4231,35,100,1,0,0
865,25,21,1536,0,84,3,7,7,1,2,-70,0,595,5919,38,100,2,0,0
864,11,5,768,20,96,6,2,7,1,2,-70,1,715,12335,49,100,1,0,0
864,14,8,1024,0,98,4,8,7,1,2,-70,1,1223,14257,40,100,2,0,0
864,18,8,1024,10,118,2,3,7,1,1,-95,7,3421,29295,52,100,2,0,0
864,6,5,768,0,96,3,5,5,1,2,-52,0,279,4272,40,100,1,0,0
864,20,14,1280,0,103,1,7,7,1,1,-70,0,695,8374,39,100,1,0,0
864,2,3,768,0,93,5,5,5,1,2,-52,0,587,7242,44,100,1,0,0
865,22,18,1280,0,95,3,7,6,1,1,-70,1,1218,15032,29,100,2,0,0
863,16,11,1024,10,96,3,4,7,1,2,-52,0,521,7974,43,100,1,0,0
865,19,17,1536,0,8,1,14,1,1,1,-95,0,923,8992,1,100,6,0,0
866,4,1,512,0,111,6,3,7,2,1,-61,10,4101,22126,57,100,1,0,0
865,7,3,768,0,39,7,13,7,1,3,-70,0,760,9628,9,100,3,0,0
867,1,0,256,0,12,0,0,3,0,0,0,10,1996,19074,1086,100,2,0,0
867,17,12,1280,0,80,1,9,7,1,1,-52,1,1015,9920,28,100,2,0,0
867,16,11,1024,0,97,3,4,7,1,2,-52,0,391,4327,43,100,1,0,0
868,8,4,768,0,111,4,7,7,2,2,-70,10,4274,29074,53,100,2,0,0
869,26,21,1536,0,100,1,5,7,1,1,-52,0,805,9195,40,100,2,0,0
866,31,30,1792,10,83,4,11,5,1,2,-52,0,523,7427,20,100,1,0,0
868,6,5,768,0,97,3,5,5,1,2,-52,0,362,4014,40,100,1,0,0
868,27,22,1536,0,76,1,8,4,1,1,-52,0,1151,11900,28,100,2,0,0
868,10,5,768,0,91,1,7,7,1,1,-52,0,419,4528,36,100,1,0,0
869,3,1,512,10,95,6,3,7,1,1,-76,2,1096,12703,58,100,1,0,0
868,15,9,1024,0,99,3,3,7,1,1,-70,3,1208,12336,50,100,1,0,0
869,20,14,1280,0,106,1,7,7,1,1,-70,0,605,5309,39,100,1,0,0
869,11,5,768,10,97,6,2,7,1,2,-70,1,818,8194,49,100,1,0,0
871,25,21,1536,0,84,3,7,7,1,2,-70,0,339,5834,39,100,1,0,0
871,5,1,512,0,111,6,1,7,1,1,-76,4,2488,20643,58,100,2,0,0
870,22,18,1280,0,96,3,7,6,1,1,-70,1,745,6814,30,100,1,0,0
870,12,8,1024,10,103,3,5,7,1,2,-70,2,1621,20693,44,100,2,0,0
871,9,4,768,10,106,3,4,7,1,1,-52,5,2156,16355,55,100,2,0,0
871,28,18,1280,0,89,1,4,6,1,1,-95,1,940,18122,42,100,2,0,0
870,21,15,1280,0,89,3,3,7,1,1,-70,2,1742,22174,49,100,2,0,0
870,24,18,1280,10,94,3,8,7,1,1,-70,2,1065,12891,34,100,1,0,0
870,30,24,1536,10,90,5,6,7,1,3,-70,1,1118,12324,39,100,2,0,0
872,15,9,1024,0,101,3,3,7,1,1,-70,3,947,7276,51,100,1,0,0
873,4,1,512,0,112,6,3,7,2,1,-61,10,4250,21691,58,100,1,0,0
873,14,8,1024,0,101,4,8,7,1,2,-70,1,1400,12989,40,100,2,0,0
873,6,5,768,0,98,3,5,5,1,2,-52,0,321,4878,41,100,0,0,0
873,27,22,1536,0,78,1,8,4,1,1,-52,0,475,4623,28,100,1,0,0
873,10,5,768,0,92,1,7,7,1,1,-52,0,387,4817,36,100,1,0,0
874,18,8,1024,0,120,2,3,7,1,1,-95,7,2890,25230,52,100,1,0,0
873,7,3,768,0,40,7,13,7,1,3,-70,0,442,7323,10,100,1,0,0
874,11,5,768,0,98,6,2,7,1,2,-70,1,720,8456,50,100,1,0,0
874,29,28,1536,0,90,2,6,7,1,1,-52,0,699,9840,37,100,2,0,0
874,2,3,768,0,96,5,5,5,1,2,-52,0,801,10122,45,100,2,0,0
876,26,21,1536,0,104,1,5,7,1,1,-52,0,712,7141,40,100,1,0,0
873,19,17,1536,0,14,1,14,1,1,1,-95,0,1410,9986,2,100,6,0,0
875,21,15,1280,20,91,3,3,7,1,1,-70,2,1002,10153,49,100,1,0,0
876,20,14,1280,0,108,1,7,7,1,1,-70,0,651,6496,40,100,2,0,0
877,9,4,768,20,108,3,4,7,1,1,-52,5,1320,9902,55,100,1,0,0
877,25,21,1536,0,87,3,7,7,1,2,-70,0,604,5886,39,100,1,0,0
876,17,12,1280,0,82,1,9,7,1,1,-52,1,1105,12203,29,100,1,0,0
877,24,18,1280,0,95,3,8,7,1,1,-70,2,920,7824,35,100,2,0,0
879,5,1,512,0,113,6,1,7,1,1,-76,4,1642,16617,58,100,1,0,0
879,8,4,768,0,114,4,7,7,2,2,-70,10,4877,29670,54,100,1,0,0
878,3,1,512,0,98,6,3,7,1,1,-76,2,1447,18249,59,100,1,0,0
879,1,0,256,0,12,0,0,3,0,0,0,10,3348,30420,1110,100,2,0,0
879,15,9,1024,0,101,3,3,7,1,1,-70,3,1134,11177,51,100,1,0,0
878,31,30,1792,0,85,4,11,5,1,2,-52,0,724,10923,21,100,2,0,0
880,22,18,1280,0,97,3,7,6,1,1,-70,1,975,12375,30,100,2,0,0
880,16,11,1024,0,100,3,4,7,1,2,-52,0,829,11426,44,100,2,0,0
880,4,1,512,10,114,6,3,7,2,1,-61,10,4626,23667,58,100,2,0,0
880,12,8,1024,0,106,3,5,7,1,2,-70,2,1504,19021,45,100,2,0,0
881,6,5,768,0,98,3,5,5,1,2,-52,0,400,7018,41,100,2,0,0
882,25,21,1536,0,88,3,7,7,1,2,-70,0,446,5649,40,100,1,0,0
881,20,14,1280,10,111,1,7,7,1,1,-70,0,377,5035,40,100,0,0,0
880,30,24,1536,0,92,5,6,7,1,3,-70,1,1046,12748,39,100,2,0,0
881,2,3,768,10,99,5,5,5,1,2,-52,0,591,6361,45,100,2,0,0
882,14,8,1024,0,103,4,8,7,1,2,-70,1,1342,13044,41,100,1,0,0
882,5,1,512,0,113,6,1,7,1,1,-76,4,946,9805,59,100,1,0,0
882,27,22,1536,0,82,1,8,4,1,1,-52,0,815,9147,29,100,1,0,0
884,9,4,768,10,110,3,4,7,1,1,-52,5,1452,11913,56,100,1,0,0
882,28,18,1280,0,92,1,4,6,1,1,-95,1,1242,20297,42,100,2,0,0
883,3,1,512,10,98,6,3,7,1,1,-76,2,797,9325,59,100,1,0,0
882,7,3,768,0,42,7,13,7,1,3,-70,0,792,9012,11,100,3,0,0
883,15,9,1024,20,104,3,3,7,1,1,-70,3,902,7479,52,100,1,0,0
885,1,0,256,0,12,0,0,3,0,0,0,10,1430,13996,1120,100,1,0,0
885,26,21,1536,0,105,1,5,7,1,1,-52,0,592,8139,41,100,2,0,0
885,10,5,768,0,96,1,8,7,1,1,-52,0,961,11658,37,100,3,0,0
885,18,8,1024,20,123,2,3,7,1,1,-95,7,3073,27401,53,100,3,0,0
884,21,15,1280,0,92,3,3,7,1,1,-70,2,1380,16310,50,100,1,0,0
885,29,28,1536,10,93,2,6,7,1,1,-52,0,749,10004,37,100,2,0,0
886,11,5,768,0,98,6,2,7,1,2,-70,1,947,16821,50,100,2,0,0
885,30,24,1536,0,93,5,6,7,1,3,-70,1,560,6338,40,100,0,0,0
885,19,17,1536,0,16,1,14,1,1,1,-95,0,1014,11131,3,100,5,0,0
887,14,8,1024,0,104,4,8,7,1,2,-70,1,601,6960,41,100,1,0,0
887,20,14,1280,10,113,1,7,7,1,1,-70,0,662,6375,41,100,1,0,0
886,27,22,1536,0,83,1,8,4,1,1,-52,0,366,4160,29,100,1,0,0
888,24,18,1280,0,97,3,9,7,1,1,-70,2,1497,14838,36,100,2,0,0
888,17,12,1280,0,84,1,9,7,1,1,-52,1,1291,14994,30,100,3,0,0
889,12,8,1024,0,106,3,5,7,1,2,-70,2,1025,16347,46,100,1,0,0
890,4,1,512,10,115,6,3,7,2,1,-61,10,5497,30839,59,100,1,0,0
888,31,30,1792,10,90,4,11,5,1,2,-52,0,1021,10115,22,100,2,0,0
891,8,4,768,0,117,4,7,7,2,2,-70,10,5782,34620,54,100,3,0,0
891,16,11,1024,0,103,3,4,7,1,2,-52,0,807,10818,45,100,2,0,0
891,26,21,1536,0,105,1,5,7,1,1,-52,0,494,6441,41,100,1,0,0
890,2,3,768,0,101,5,5,5,1,2,-52,0,705,9277,46,100,1,0,0
891,29,28,1536,0,93,2,6,7,1,1,-52,0,341,5377,38,100,1,0,0
892,9,4,768,10,111,3,4,7,1,1,-52,5,1720,14543,56,100,2,0,0
889,30,24,1536,0,94,5,6,7,1,3,-70,1,633,5519,40,100,1,0,0
891,18,8,1024,0,127,2,3,7,1,1,-95,7,2586,16397,53,100,1,0,0
892,25,21,1536,0,91,3,7,7,1,2,-70,0,749,9326,40,100,2,0,0
892,7,3,768,0,43,7,13,7,1,3,-70,0,508,8114,11,100,2,0,0
892,22,18,1280,0,101,3,7,6,1,1,-70,1,1606,15620,31,100,3,0,0
893,28,18,1280,0,94,1,4,6,1,1,-95,1,1265,18108,43,100,2,0,0
893,6,5,768,0,101,3,5,5,1,2,-52,0,825,11551,42,100,2,0,0
894,3,1,512,0,103,6,3,7,1,1,-76,2,1829,19733,59,100,2,0,0
893,5,1,512,0,115,6,1,7,1,1,-76,4,2338,26228,59,100,2,0,0
894,15,9,1024,10,106,3,3,7,1,1,-70,3,1855,18099,52,100,2,0,0
894,27,22,1536,0,85,1,8,4,1,1,-52,0,674,7794,30,100,2,0,0
893,19,17,1536,0,19,1,14,1,1,1,-95,0,824,8122,3,100,3,0,0
895,21,15,1280,0,93,3,3,7,1,1,-70,2,1503,20105,51,100,2,0,0
895,10,5,768,0,101,1,8,7,1,1,-52,0,1078,10801,38,100,3,0,0
896,29,28,1536,0,93,2,6,7,1,1,-52,0,283,4978,38,100,1,0,0
896,12,8,1024,0,109,3,5,7,1,2,-70,2,898,12044,46,100,1,0,0
896,18,8,1024,0,129,2,3,7,1,1,-95,7,1501,11651,54,100,1,0,0
897,1,0,256,0,12,0,0,3,0,0,0,10,3154,29811,1142,100,2,0,0
898,8,4,768,0,118,4,7,7,2,2,-70,10,2844,18825,55,100,1,0,0
895,31,30,1792,0,92,4,11,5,1,2,-52,0,525,6911,22,100,1,0,0
898,7,3,768,0,43,7,13,7,1,3,-70,0,336,5644,12,100,1,0,0
897,11,5,768,10,101,6,2,7,1,2,-70,1,1279,18493,51,100,2,0,0
897,2,3,768,0,102,5,5,5,1,2,-52,0,502,6472,46,100,3,0,0
896,30,24,1536,0,97,5,6,7,1,3,-70,1,1216,10446,41,100,2,0,0
898,14,8,1024,0,106,4,8,7,1,2,-70,1,1072,13862,42,100,2,0,0
899,24,18,1280,0,99,3,9,7,1,1,-70,2,1722,15213,36,100,3,0,0
899,20,14,1280,0,115,1,7,7,1,1,-70,0,669,11282,41,100,2,0,0
899,17,12,1280,0,86,1,9,7,1,1,-52,1,1194,14267,30,100,2,0,0
900,26,21,1536,0,110,1,5,7,1,1,-52,0,1020,9974,42,100,2,0,0
899,6,5,768,0,105,3,5,5,1,2,-52,0,831,7678,42,100,2,0,0
900,12,8,1024,0,109,3,5,7,1,2,-70,2,590,7500,46,100,1,0,0
900,16,11,1024,0,104,3,4,7,1,2,-52,0,593,9529,46,100,2,0,0
902,22,18,1280,0,104,3,7,6,1,1,-70,1,1149,12232,32,100,3,0,0
902,4,1,512,0,122,6,3,7,2,1,-61,10,7621,37964,60,100,3,0,0
903,9,4,768,0,112,3,4,7,1,1,-52,5,2121,19255,57,100,2,0,0
900,19,17,1536,0,22,1,14,1,1,1,-95,0,757,6846,4,100,2,0,0
902,28,18,1280,0,98,1,4,6,1,1,-95,1,1205,16965,44,100,2,0,0
902,25,21,1536,10,93,3,7,7,1,2,-70,0,698,10260,41,100,2,0,0
903,8,4,768,0,119,4,7,7,2,2,-70,10,2907,16234,55,100,1,0,0
901,30,24,1536,0,99,5,6,7,1,3,-70,1,652,6109,41,100,1,0,0
905,29,28,1536,0,93,2,6,7,1,1,-52,0,460,7984,39,100,2,0,0
903,2,3,768,10,103,5,5,5,1,2,-52,0,419,5640,47,100,1,0,0
905,18,8,1024,10,130,2,3,7,1,1,-95,7,2716,21977,54,100,1,0,0
905,5,1,512,0,118,6,1,7,1,1,-76,4,2640,26853,60,100,2,0,0
905,3,1,512,0,104,6,3,7,1,1,-76,2,1701,22355,60,100,2,0,0
906,1,0,256,0,12,0,0,3,0,0,0,10,2435,22885,1161,100,2,0,0
903,31,30,1792,0,94,4,11,5,1,2,-52,0,675,7794,23,100,2,0,0
905,15,9,1024,10,109,3,3,7,1,1,-70,3,1421,17613,53,100,2,0,0
905,16,11,1024,0,104,3,4,7,1,2,-52,0,284,4816,46,100,1,0,0
905,11,5,768,0,102,6,2,7,1,2,-70,1,1130,13729,52,100,2,0,0
906,28,18,1280,0,100,1,4,6,1,1,-95,1,678,8029,44,100,0,0,0
907,24,18,1280,0,101,3,9,7,1,1,-70,2,1174,10978,37,100,1,0,0
907,10,5,768,0,105,1,8,7,1,1,-52,0,881,10984,38,100,2,0,0
906,21,15,1280,0,94,3,3,7,1,1,-70,2,1704,21908,51,100,3,0,0
907,27,22,1536,0,89,1,8,4,1,1,-52,0,937,11467,31,100,2,0,0
905,19,17,1536,0,24,1,14,1,1,1,-95,0,588,5111,4,100,3,0,0
907,14,8,1024,0,106,4,8,7,1,2,-70,1,876,11874,43,100,2,0,0
909,9,4,768,0,112,3,4,7,1,1,-52,5,1154,10451,57,100,1,0,0
908,20,14,1280,0,117,1,7,7,1,1,-70,0,700,9380,42,100,2,0,0
907,17,12,1280,0,87,1,9,7,1,1,-52,1,943,11180,31,100,1,0,0
909,12,8,1024,0,113,3,5,7,1,2,-70,2,1657,18465,47,100,2,0,0
908,6,5,768,0,106,3,5,5,1,2,-52,0,467,8538,43,100,1,0,0
909,22,18,1280,0,106,3,7,6,1,1,-70,1,937,10612,32,100,1,0,0
910,3,1,512,10,107,6,3,7,1,1,-76,2,879,9366,61,100,1,0,0
910,7,3,768,0,46,7,13,7,1,3,-70,0,867,11199,12,100,3,0,0
910,2,3,768,0,105,5,5,5,1,2,-52,0,520,6717,47,100,1,0,0
911,26,21,1536,10,114,1,5,7,1,1,-52,0,914,10853,43,100,2,0,0
912,25,21,1536,10,98,3,7,7,1,2,-70,0,924,10353,42,100,1,0,0
913,24,18,1280,20,104,3,9,7,1,1,-70,2,747,8403,37,100,1,0,0
913,4,1,512,0,124,6,3,7,2,1,-61,10,6053,33976,60,100,2,0,0
913,19,17,1536,0,27,1,14,1,1,1,-95,0,701,6291,4,100,2,0,0
913,10,5,768,0,106,1,8,7,1,1,-52,0,446,6600,39,100,1,0,0
914,8,4,768,30,122,4,7,7,2,2,-70,10,4438,28612,56,100,2,0,0
914,1,0,256,0,12,0,0,3,0,0,0,10,2044,20486,1173,100,1,0,0
914,27,22,1536,0,90,1,8,4,1,1,-52,0,391,5912,31,100,1,0,0
913,28,18,1280,10,100,1,4,6,1,1,-95,1,627,11815,44,100,2,0,0
914,9,4,768,0,113,3,5,7,1,1,-52,5,1287,11030,58,100,2,0,0
912,30,24,1536,0,101,5,6,7,1,3,-70,1,1089,13801,42,100,1,0,0
915,18,8,1024,20,133,2,3,7,1,1,-95,7,3032,23667,55,100,2,0,0
915,12,8,1024,10,113,3,5,7,1,2,-70,2,590,9699,47,100,1,0,0
915,5,1,512,0,119,6,1,7,1,1,-76,4,2207,22787,61,100,2,0,0
914,29,28,1536,0,95,2,6,7,1,1,-52,0,545,9602,39,100,1,0,0
914,21,15,1280,0,94,3,3,7,1,1,-70,2,1185,15780,52,100,1,0,0
915,6,5,768,0,109,3,5,5,1,2,-52,0,625,6728,43,100,1,0,0
914,16,11,1024,0,107,3,4,7,1,2,-52,0,806,9358,47,100,2,0,0
913,31,30,1792,10,97,4,11,5,1,2,-52,0,750,9540,24,100,2,0,0
915,22,18,1280,0,109,3,7,6,1,1,-70,1,919,7927,33,100,2,0,0
916,15,9,1024,0,112,3,3,7,1,1,-70,3,2112,18703,54,100,2,0,0
917,25,21,1536,0,99,3,7,7,1,2,-70,0,392,4989,42,100,1,0,0
917,14,8,1024,0,106,4,8,7,1,2,-70,1,1011,12539,44,100,2,0,0
917,2,3,768,0,107,5,5,5,1,2,-52,0,550,6435,48,100,1,0,0
918,24,18,1280,0,104,3,9,7,1,1,-70,2,895,7250,38,100,1,0,0
917,11,5,768,10,108,6,2,7,1,2,-70,1,1675,18276,53,100,3,0,0
918,17,12,1280,0,87,1,9,7,1,1,-52,1,955,12777,32,100,2,0,0
918,26,21,1536,0,117,1,5,7,1,1,-52,0,631,7562,43,100,1,0,0
919,20,14,1280,0,123,1,7,7,1,1,-70,0,1127,10886,43,100,2,0,0
919,30,24,1536,0,102,5,6,7,1,3,-70,1,751,7844,42,100,1,0,0
920,1,0,256,0,12,0,0,3,0,0,0,10,1678,14594,1188,100,1,0,0
920,3,1,512,0,110,6,3,7,1,1,-76,2,1788,18601,61,100,2,0,0
918,10,5,768,0,108,1,8,7,1,1,-52,0,496,6026,39,100,1,0,0
920,7,3,768,0,51,7,13,7,1,3,-70,0,1222,10462,13,100,3,0,0
919,16,11,1024,0,109,3,4,7,1,2,-52,0,474,4848,47,100,1,0,0
920,12,8,1024,20,115,3,5,7,1,2,-70,2,767,9508,48,100,1,0,0
920,19,17,1536,10,28,1,14,1,1,1,-95,0,557,7131,5,100,3,0,0
920,29,28,1536,10,98,2,6,7,1,1,-52,0,660,6508,40,100,1,0,0
921,15,9,1024,10,112,3,3,7,1,1,-70,3,705,8032,54,100,1,0,0
922,8,4,768,0,123,4,7,7,2,2,-70,10,4346,25206,56,100,1,0,0
921,6,5,768,0,110,3,5,5,1,2,-52,0,443,6100,44,100,1,0,0
921,2,3,768,10,111,5,5,5,1,2,-52,0,577,4385,48,100,1,0,0
921,25,21,1536,0,99,3,7,7,1,2,-70,0,259,4014,42,100,1,0,0
922,14,8,1024,0,108,4,8,7,1,2,-70,1,821,7314,44,100,1,0,0
923,4,1,512,20,127,6,3,7,2,1,-61,10,7268,35037,61,100,2,0,0
923,9,4,768,0,117,3,5,7,1,1,-52,5,2259,16412,58,100,1,0,0
923,28,18,1280,0,101,1,4,6,1,1,-95,1,1187,18075,45,100,1,0,0
923,20,14,1280,0,125,1,7,7,1,1,-70,0,500,4986,43,100,1,0,0
922,31,30,1792,0,98,4,11,5,1,2,-52,0,472,7839,24,100,1,0,0
921,27,22,1536,10,92,1,8,4,1,1,-52,0,545,8562,32,100,1,0,0
923,30,24,1536,10,103,5,6,7,1,3,-70,1,603,5754,42,100,1,0,0
922,26,21,1536,0,119,1,5,7,1,1,-52,0,554,5483,44,100,1,0,0
925,5,1,512,0,119,6,1,7,1,1,-76,4,2451,22728,62,100,2,0,0
924,21,15,1280,10,96,3,3,7,1,1,-70,2,1820,18519,53,100,2,0,0
924,11,5,768,10,112,6,2,7,1,2,-70,1,944,11375,53,100,2,0,0
926,18,8,1024,10,134,2,3,7,1,1,-95,7,3196,26576,56,100,2,0,0
926,24,18,1280,0,104,3,9,7,1,1,-70,2,933,10337,38,100,1,0,0
927,1,0,256,0,12,0,0,3,0,0,0,10,1873,17816,1198,100,1,0,0
926,7,3,768,10,51,7,13,7,1,3,-70,0,283,5786,13,100,1,0,0
926,15,9,1024,0,112,3,3,7,1,1,-70,3,1161,9766,54,100,1,0,0
926,22,18,1280,0,112,3,7,6,1,1,-70,1,1475,15409,33,100,3,0,0
925,25,21,1536,0,100,3,7,7,1,2,-70,0,446,5373,43,100,1,0,0
926,10,5,768,0,109,1,8,7,1,1,-52,0,566,7567,40,100,2,0,0
928,8,4,768,0,125,4,7,7,2,2,-70,10,2579,15257,57,100,1,0,0
926,27,22,1536,10,95,1,8,4,1,1,-52,0,684,5304,32,100,1,0,0
927,19,17,1536,0,29,1,14,1,1,1,-95,0,589,6618,5,100,3,0,0
928,20,14,1280,0,126,1,7,7,1,1,-70,0,367,4614,43,100,1,0,0
928,12,8,1024,10,118,3,5,7,1,2,-70,2,1235,15857,48,100,1,0,0
928,9,4,768,10,120,3,5,7,1,1,-52,5,1639,10711,58,100,1,0,0
928,16,11,1024,10,114,3,4,7,1,2,-52,0,899,9193,48,100,1,0,0
928,30,24,1536,0,104,5,6,7,1,3,-70,1,561,6737,43,100,1,0,0
928,17,12,1280,10,92,1,9,7,1,1,-52,1,1458,13977,33,100,3,0,0
929,31,30,1792,0,99,4,11,5,1,2,-52,0,391,5898,24,100,1,0,0
931,3,1,512,0,112,6,3,7,1,1,-76,2,1729,19629,62,100,2,0,0
929,29,28,1536,0,99,2,6,7,1,1,-52,0,596,8786,40,100,3,0,0
931,2,3,768,0,113,5,5,5,1,2,-52,0,544,8276,48,100,1,0,0
930,21,15,1280,10,98,3,3,7,1,1,-70,2,863,10131,53,100,1,0,0
930,6,5,768,0,114,3,5,5,1,2,-52,0,829,8797,44,100,2,0,0
931,28,18,1280,10,103,1,4,7,1,1,-95,1,934,15207,46,100,3,0,0
932,14,8,1024,0,109,4,8,7,1,2,-70,1,1143,13217,45,100,1,0,0
933,24,18,1280,0,107,3,9,7,1,1,-70,2,1352,10306,39,100,3,0,0
933,4,1,512,10,127,6,3,7,2,1,-61,10,6571,33284,62,100,1,0,0
931,26,21,1536,0,121,1,5,7,1,1,-52,0,619,8063,44,100,2,0,0
932,27,22,1536,0,98,1,8,5,1,1,-52,0,797,6650,32,100,4,0,0
934,8,4,768,0,127,4,7,7,2,2,-70,10,3709,20132,57,100,2,0,0
932,25,21,1536,0,103,3,7,7,1,2,-70,0,599,6671,43,100,2,0,0
934,18,8,1024,10,136,2,3,7,1,1,-95,7,2751,20634,56,100,2,0,0
933,22,18,1280,0,113,3,7,7,1,1,-70,1,1087,9921,34,100,2,0,0
936,7,3,768,0,55,7,13,7,1,3,-70,0,911,9809,14,100,2,0,0
935,19,17,1536,0,32,1,14,1,1,1,-95,0,775,7846,6,100,3,0,0
935,5,1,512,10,123,6,1,7,1,1,-76,4,2593,24610,62,100,2,0,0
935,11,5,768,0,115,6,2,7,1,2,-70,1,1486,17974,54,100,3,0,0
936,12,8,1024,20,120,3,5,7,1,2,-70,2,1308,15172,49,100,2,0,0
937,1,0,256,0,12,0,0,3,0,0,0,10,2747,26277,1219,100,2,0,0
938,29,28,1536,0,102,2,6,7,1,1,-52,0,678,7472,41,100,2,0,0
938,2,3,768,0,115,5,5,5,1,2,-52,0,647,6786,49,100,2,0,0
936,10,5,768,0,111,1,8,7,1,1,-52,0,795,9847,40,100,2,0,0
937,15,9,1024,20,116,3,3,7,1,1,-70,3,2088,19352,55,100,2,0,0
937,21,15,1280,10,102,3,3,7,1,1,-70,2,1525,14580,53,100,1,0,0
937,17,12,1280,0,93,1,9,7,1,1,-52,1,1000,12303,33,100,3,0,0
937,6,5,768,0,119,3,5,5,1,2,-52,0,788,7508,45,100,1,0,0
938,20,14,1280,0,131,1,7,7,1,1,-70,0,1216,10696,44,100,2,0,0
939,9,4,768,10,122,3,5,7,1,1,-52,5,2211,18620,59,100,2,0,0
938,22,18,1280,0,114,3,7,7,1,1,-70,1,511,5587,34,100,2,0,0
937,27,22,1536,10,99,1,8,5,1,1,-52,0,339,5267,33,100,1,0,0
936,25,21,1536,0,107,3,7,7,1,2,-70,0,682,4616,43,100,2,0,0
939,16,11,1024,0,116,3,4,7,1,2,-52,0,734,10447,48,100,2,0,0
939,14,8,1024,10,111,4,8,7,1,2,-70,1,811,9041,45,100,2,0,0
939,28,18,1280,0,104,1,4,7,1,1,-95,1,1184,15008,46,100,2,0,0
941,3,1,512,0,115,6,3,7,1,1,-76,2,1889,20301,63,100,2,0,0
941,18,8,1024,10,139,2,4,7,1,1,-95,7,2121,16625,57,100,4,0,0
940,30,24,1536,0,105,5,6,7,1,3,-70,1,1029,14427,43,100,2,0,0
940,31,30,1792,0,101,4,11,5,1,2,-52,0,723,10366,25,100,2,0,0
940,26,21,1536,10,121,1,5,7,1,1,-52,0,364,7808,45,100,1,0,0
942,29,28,1536,0,106,2,6,7,1,1,-52,0,581,5187,41,100,1,0,0
941,10,5,768,0,113,1,9,7,1,1,-52,0,459,5101,41,100,1,0,0
941,25,21,1536,0,110,3,7,7,1,2,-70,0,637,4506,44,100,1,0,0
943,5,1,512,10,128,6,1,7,1,1,-76,4,2207,18407,63,100,2,0,0
944,7,3,768,0,58,7,13,7,1,3,-70,0,778,8094,15,100,2,0,0
944,24,18,1280,0,108,3,9,7,1,1,-70,2,1130,14188,39,100,3,0,0
944,11,5,768,0,116,6,2,7,1,2,-70,1,851,13176,55,100,2,0,0
945,3,1,512,0,117,6,3,7,1,1,-76,2,847,8584,63,100,1,0,0
907,13,9,1152,90,32,6,13,7,0,2,-70,0,373,5877,11,100,2,0,0
945,4,1,512,10,130,6,3,7,2,1,-61,10,7148,37374,62,100,3,0,0
945,8,4,768,0,130,4,7,7,2,2,-70,10,4862,30203,58,100,3,0,0
911,13,9,1152,90,32,6,13,7,0,2,-70,0,169,4025,11,100,1,0,0
944,27,22,1536,0,101,1,8,5,1,1,-52,0,605,6178,33,100,1,0,0
944,19,17,1536,0,33,1,14,1,1,1,-95,0,632,8389,6,100,3,0,0
945,22,18,1280,0,114,3,7,7,1,1,-70,1,864,9533,35,100,1,0,0
922,13,9,1152,90,33,6,13,7,0,2,-70,0,421,8496,12,100,2,0,0
946,15,9,1024,30,119,3,3,7,1,1,-70,3,1814,14652,56,100,2,0,0
946,9,4,768,40,123,3,5,7,1,1,-52,5,2909,17103,60,100,3,0,0
947,20,14,1280,0,134,1,7,7,1,1,-70,0,681,8132,45,100,2,0,0
948,1,0,256,0,12,0,0,3,0,0,0,10,3154,27891,1243,100,2,0,0
932,13,9,1152,80,34,6,13,7,0,2,-70,0,463,8999,12,100,3,0,0
947,14,8,1024,10,114,4,8,7,1,2,-70,1,1048,9803,46,100,2,0,0
947,12,8,1024,0,126,3,5,7,1,2,-70,2,1926,21853,49,100,2,0,0
945,21,15,1280,10,105,3,3,7,1,1,-70,2,1835,16217,54,100,2,0,0
947,16,11,1024,0,120,3,4,7,1,2,-52,0,878,8549,49,100,4,0,0
948,28,18,1280,0,107,1,4,7,1,1,-95,1,1126,15270,47,100,3,0,0
949,2,3,768,0,119,5,5,5,1,2,-52,0,933,11194,50,100,2,0,0
941,13,9,1152,100,35,6,13,7,0,2,-70,0,553,9126,13,100,3,0,0
945,26,21,1536,0,121,1,5,7,1,1,-52,0,285,4178,45,100,1,0,0
950,5,1,512,10,130,6,1,7,1,1,-76,4,1686,81545,63,100,2,0,0
949,6,5,768,0,124,3,5,5,1,2,-52,0,1004,10683,46,100,4,0,0
949,17,12,1280,0,101,1,9,7,1,1,-52,1,1856,16237,34,100,3,0,0
951,29,28,1536,10,110,2,6,7,1,1,-52,0,827,8190,42,100,3,0,0
950,25,21,1536,0,113,3,7,7,1,2,-70,0,744,8738,44,100,3,0,0
950,10,5,768,0,118,1,9,7,1,1,-52,0,855,9669,41,100,2,0,0
951,18,8,1024,10,141,2,4,7,1,1,-95,8,3121,25369,57,100,3,0,0
950,19,17,1536,0,36,1,14,3,1,1,-95,0,654,6611,7,100,2,0,0
951,30,24,1536,0,107,5,6,7,1,3,-70,1,1145,13945,44,100,2,0,0
951,31,30,1792,0,103,4,11,5,1,2,-52,0,701,10058,26,100,1,0,0
953,13,9,1024,0,38,6,13,7,1,2,-70,0,1561,12545,14,100,3,0,0
953,11,5,768,0,118,6,2,7,1,2,-70,1,988,12883,55,100,3,0,0
955,3,1,512,0,119,6,3,7,1,1,-76,2,1143,17413,63,100,1,0,0
954,21,15,1280,10,106,3,3,7,1,1,-70,2,1330,16014,55,100,1,0,0
954,20,14,1280,0,136,1,7,7,1,1,-70,0,516,6756,45,100,2,0,0
954,12,8,1024,0,127,3,5,7,1,2,-70,2,945,12835,50,100,1,0,0
954,6,5,768,10,125,3,5,5,1,2,-52,0,283,4985,46,100,1,0,0
955,7,3,768,10,60,7,13,7,1,3,-70,0,556,9887,15,100,2,0,0
954,15,9,1024,0,121,3,3,7,1,1,-70,3,1837,15881,56,100,3,0,0
954,27,22,1536,10,107,1,8,5,1,1,-52,0,1014,9918,34,100,3,0,0
954,24,18,1280,0,112,3,9,7,1,1,-70,2,1559,15896,40,100,3,0,0
956,8,4,768,0,133,4,7,7,2,2,-70,10,5040,30432,59,100,2,0,0
956,4,1,512,0,134,6,3,7,2,1,-61,10,7877,37657,63,100,3,0,0
954,26,21,1536,10,124,1,5,7,1,1,-52,0,782,9412,46,100,2,0,0
956,22,18,1280,0,117,3,7,7,1,1,-70,1,1426,14746,35,100,3,0,0
956,9,4,768,0,128,3,5,7,1,1,-52,5,3229,22626,60,100,3,0,0
957,5,1,512,0,132,6,1,7,1,1,-76,4,1722,16496,64,100,2,0,0
956,14,8,1024,10,119,4,8,7,1,2,-70,1,1297,12594,46,100,3,0,0
957,2,3,768,0,121,5,5,5,1,2,-52,0,520,7338,50,100,1,0,0
956,28,18,1280,0,110,1,4,7,1,1,-95,1,1251,17695,47,100,2,0,0
957,17,12,1280,0,102,1,9,7,1,1,-52,1,891,9963,34,100,1,0,0
957,19,17,1536,0,38,1,15,3,1,1,-95,0,622,6543,7,100,3,0,0
958,27,22,1536,0,108,1,8,5,1,1,-52,0,379,4220,34,100,0,0,0
959,1,0,256,0,12,0,0,3,0,0,0,10,3022,28418,1263,100,2,0,0
958,25,21,1536,0,116,3,7,7,1,2,-70,0,685,8441,45,100,1,0,0
961,8,4,768,10,135,4,7,7,2,2,-70,10,2249,14331,59,100,1,0,0
960,10,5,768,0,121,1,9,7,1,1,-52,0,804,9599,42,100,2,0,0
932,23,18,1408,80,2,2,16,4,0,1,-52,0,1163,6509,1,100,7,0,0
959,26,21,1536,10,127,1,5,7,1,1,-52,0,500,5122,46,100,1,0,0
960,16,11,1024,0,121,3,4,7,1,2,-52,0,616,11615,50,100,2,0,0
961,15,9,1024,0,123,3,4,7,1,1,-70,3,1147,11051,57,100,3,0,0
942,23,18,1408,100,4,2,16,5,0,1,-52,0,1049,9010,1,100,8,0,0
960,29,28,1536,10,114,2,6,7,1,1,-52,0,1082,10728,42,100,2,0,0
962,5,1,512,0,136,6,1,7,1,1,-76,4,1627,13155,64,100,2,0,0
962,18,8,1024,30,144,2,4,7,1,1,-95,8,4154,32123,58,100,2,0,0
963,2,3,768,10,122,5,5,5,1,2,-52,0,363,4811,50,100,1,0,0
962,21,15,1280,10,106,3,3,7,1,1,-70,2,1314,15195,55,100,2,0,0
963,1,0,256,0,12,0,0,3,0,0,0,10,1227,10605,1275,100,1,0,0
949,23,18,1408,90,5,2,16,6,0,1,-52,0,712,6417,2,100,4,0,0
963,11,5,768,0,120,6,2,7,1,2,-70,1,1142,15399,56,100,2,0,0
964,3,1,512,10,119,6,3,7,1,1,-76,2,1577,17328,64,100,2,0,0
964,4,1,512,20,135,6,3,7,2,1,-61,10,4851,24739,64,100,2,0,0
963,6,5,768,0,127,3,5,5,1,2,-52,0,774,8106,47,100,3,0,0
963,13,9,1024,10,41,6,13,7,1,2,-70,0,662,10196,14,100,3,0,0
961,30,24,1536,10,109,5,6,7,1,3,-70,1,1214,14142,45,100,2,0,0
963,24,18,1280,10,115,3,9,7,1,1,-70,2,1226,10904,41,100,1,0,0
963,22,18,1280,10,119,3,7,7,1,1,-70,1,848,8330,36,100,1,0,0
962,23,18,1280,70,6,2,16,6,1,1,-52,0,1357,11008,3,100,7,0,0
965,12,8,1024,0,129,3,5,7,1,2,-70,2,1534,21331,51,100,2,0,0
962,31,30,1792,0,106,4,11,5,1,2,-52,0,929,11144,27,100,3,0,0
966,20,14,1280,0,139,1,7,7,1,1,-70,0,921,11627,46,100,4,0,0
967,7,3,768,0,66,7,13,7,1,3,-70,0,1256,12546,16,100,2,0,0
966,9,4,768,0,133,3,5,7,1,1,-52,5,2403,20617,61,100,2,0,0
967,14,8,1024,0,121,4,8,7,1,2,-70,1,1272,14540,47,100,3,0,0
966,10,5,768,0,122,1,9,7,1,1,-52,0,365,5718,42,100,1,0,0
966,27,22,1536,0,111,1,8,5,1,1,-52,0,782,8242,35,100,2,0,0
967,25,21,1536,0,119,3,8,7,1,2,-70,0,778,9091,45,100,3,0,0
968,16,11,1024,0,123,4,4,7,1,2,-52,0,597,7523,50,100,2,0,0
967,29,28,1536,10,116,2,6,7,1,1,-52,0,599,6069,43,100,1,0,0
968,22,18,1280,0,119,3,7,7,1,1,-70,1,713,7069,36,100,1,0,0
969,1,0,256,0,12,0,0,3,0,0,0,10,1837,15961,1286,100,1,0,0
968,28,18,1280,10,112,1,4,7,1,1,-95,1,1437,17172,48,100,1,0,0
968,17,12,1280,0,105,1,9,7,1,1,-52,1,1145,14888,35,100,2,0,0
971,2,3,768,0,126,5,5,5,1,2,-52,0,887,8036,51,100,2,0,0
969,18,8,1024,0,144,3,4,7,2,1,-95,8,3546,22689,59,100,1,0,0
969,21,15,1280,0,107,3,3,7,1,1,-70,2,1092,14384,56,100,1,0,0
969,23,18,1280,0,10,2,16,6,1,1,-52,0,1379,9466,3,100,4,0,0
969,5,1,512,10,139,6,1,7,1,1,-76,4,2254,18448,65,100,1,0,0
970,8,4,768,0,137,4,7,7,2,2,-70,10,5936,30814,60,100,3,0,0
970,15,9,1024,0,125,3,4,7,1,1,-70,3,1569,15241,57,100,1,0,0
970,9,4,768,10,134,3,6,7,1,1,-52,5,1394,9322,61,100,3,0,0
971,30,24,1536,0,114,5,6,7,1,3,-70,1,1400,12410,45,100,2,0,0
971,3,1,512,0,120,6,3,7,1,1,-76,2,1321,16686,65,100,1,0,0
972,4,1,512,10,137,6,3,7,2,1,-61,10,5952,28193,64,100,2,0,0
972,28,18,1280,0,113,1,4,7,1,1,-95,1,426,6128,48,100,1,0,0
971,26,21,1536,0,132,1,5,7,1,1,-52,0,1146,11174,47,100,3,0,0
973,13,9,1024,0,46,6,13,7,1,2,-70,0,1129,10517,15,100,4,0,0
973,11,5,768,0,123,7,2,7,1,2,-70,1,1396,16616,56,100,4,0,0
974,12,8,1024,0,129,4,5,7,1,2,-70,2,711,13278,51,100,1,0,0
973,24,18,1280,0,119,3,9,7,1,1,-70,2,1513,14132,41,100,2,0,0
973,20,14,1280,0,142,1,7,7,1,1,-70,0,748,7567,46,100,1,0,0
974,6,5,768,0,128,4,5,5,1,2,-52,0,612,10124,47,100,2,0,0
973,31,30,1792,0,110,4,11,5,1,2,-52,0,655,9540,27,100,1,0,0
974,29,28,1536,0,116,2,6,7,1,1,-52,0,309,6309,43,100,1,0,0
974,10,5,768,0,127,2,9,7,1,1,-52,0,1099,9496,43,100,2,0,0
975,23,18,1280,10,13,2,16,6,1,1,-52,0,769,5160,3,100,4,0,0
974,17,12,1280,0,108,1,9,7,1,1,-52,1,657,7795,36,100,2,0,0
975,27,22,1536,0,115,1,8,5,1,1,-52,0,730,8300,35,100,2,0,0
976,22,18,1280,0,121,3,7,7,1,1,-70,1,922,10613,37,100,2,0,0
975,30,24,1536,0,116,5,6,7,1,3,-70,1,942,7002,46,100,1,0,0
977,3,1,512,30,123,6,3,7,1,1,-76,2,917,10639,65,100,2,0,0
978,14,8,1024,10,126,5,8,7,1,2,-70,1,1457,13846,48,100,3,0,0
978,24,18,1280,0,119,3,9,7,1,1,-70,2,828,6828,42,100,1,0,0
977,7,3,768,10,72,7,13,7,1,3,-70,0,1096,10335,17,100,3,0,0
977,5,1,512,10,142,6,1,7,1,1,-76,4,1752,17774,65,100,2,0,0
978,16,11,1024,0,127,4,4,7,1,2,-52,0,1025,10689,51,100,2,0,0
978,15,9,1024,0,129,3,4,7,1,1,-70,4,1286,13483,58,100,3,0,0
978,8,4,768,0,138,4,7,7,2,2,-70,10,4134,27070,60,100,3,0,0
979,26,21,1536,0,133,1,5,7,1,1,-52,0,393,6700,47,100,1,0,0
980,1,0,256,0,12,0,0,3,0,0,0,10,2899,26522,1308,100,2,0,0
978,25,21,1536,0,123,3,8,7,1,2,-70,0,907,10881,46,100,3,0,0
981,12,8,1024,0,132,4,5,7,1,2,-70,2,1143,13088,52,100,2,0,0
980,29,28,1536,0,119,2,6,7,1,1,-52,0,655,6734,44,100,2,0,0
980,9,4,768,10,136,3,6,7,1,1,-52,6,2265,20631,62,100,2,0,0
981,18,8,1024,10,150,3,4,7,2,1,-95,8,4395,31831,59,100,4,0,0
979,21,15,1280,10,109,3,3,7,1,1,-70,2,1653,20163,56,100,2,0,0
982,2,3,768,0,131,5,5,5,1,2,-52,0,1040,11670,52,100,2,0,0
981,6,5,768,0,130,4,5,5,1,2,-52,0,576,7635,48,100,1,0,0
982,4,1,512,10,141,6,3,7,2,1,-61,10,7030,34843,65,100,3,0,0
982,30,24,1536,0,118,5,6,7,1,3,-70,1,638,7393,46,100,1,0,0
982,3,1,512,0,125,6,3,7,1,1,-76,2,1182,11175,65,100,2,0,0
981,17,12,1280,0,109,1,9,7,1,1,-52,1,488,8607,36,100,2,0,0
981,28,18,1280,20,117,2,4,7,1,1,-95,1,1477,15579,49,100,3,0,0
983,20,14,1280,10,144,2,7,7,1,1,-70,0,495,9016,47,100,1,0,0
982,31,30,1792,0,114,4,11,5,1,2,-52,0,914,9082,28,100,2,0,0
982,27,22,1536,0,116,1,8,5,1,1,-52,0,471,7347,36,100,1,0,0
983,13,9,1024,0,49,6,13,7,1,2,-70,0,704,10316,16,100,2,0,0
983,15,9,1024,0,131,3,4,7,1,1,-70,4,1519,9709,58,100,2,0,0
984,24,18,1280,0,121,4,9,7,1,1,-70,2,1052,8818,42,100,1,0,0
985,1,0,256,0,12,0,0,3,0,0,0,10,1453,13124,1317,100,1,0,0
985,12,8,1024,0,132,4,5,7,1,2,-70,2,428,7585,52,100,0,0,0
984,11,5,768,20,126,7,2,7,1,2,-70,1,1002,15981,57,100,2,0,0
985,18,8,1024,0,150,3,4,7,2,1,-95,8,2077,13421,60,100,1,0,0
986,7,3,768,0,78,7,13,7,1,3,-70,0,1065,8890,17,100,3,0,0
984,10,5,768,0,130,2,9,7,1,1,-52,0,775,9248,44,100,3,0,0
986,22,18,1280,0,123,4,7,7,1,1,-70,1,1165,12634,37,100,2,0,0
986,23,18,1280,0,16,3,16,6,1,1,-52,0,1105,11478,4,100,4,0,0
987,14,8,1024,0,131,5,8,7,1,2,-70,1,1371,13099,48,100,2,0,0
987,20,14,1280,0,144,2,7,7,1,1,-70,0,341,4406,47,100,1,0,0
986,5,1,512,0,144,6,1,7,1,1,-76,4,2215,21275,66,100,2,0,0
986,30,24,1536,0,119,5,6,7,1,3,-70,1,688,6556,46,100,1,0,0
987,9,4,768,0,137,3,6,7,1,1,-52,6,1555,14447,62,100,1,0,0
989,2,3,768,0,133,5,5,5,1,2,-52,0,497,6522,52,100,1,0,0
987,8,4,768,0,138,4,7,7,2,2,-70,10,4668,28522,61,100,1,0,0
988,16,11,1024,0,130,4,4,7,1,2,-52,0,808,9904,52,100,2,0,0
987,27,22,1536,0,117,1,8,5,1,1,-52,0,367,4924,36,100,1,0,0
986,28,18,1280,10,119,2,4,7,1,1,-95,1,745,7706,49,100,1,0,0
988,26,21,1536,0,135,1,5,7,1,1,-52,0,699,8721,48,100,2,0,0
989,1,0,256,0,12,0,0,3,0,0,0,10,1258,11666,1325,100,1,0,0
989,17,12,1280,0,112,1,9,7,1,1,-52,1,685,9787,37,100,1,0,0
989,31,30,1792,10,118,4,11,5,1,2,-52,0,662,6924,29,100,1,0,0
989,3,1,512,0,126,6,3,7,1,1,-76,2,1328,14012,66,100,3,0,0
990,6,5,768,0,133,4,5,5,1,2,-52,0,746,8608,48,100,2,0,0
989,13,9,1024,10,51,6,14,7,1,2,-70,1,679,7010,16,100,3,0,0
990,24,18,1280,0,125,4,9,7,1,1,-70,2,1182,9612,42,100,1,0,0
990,21,15,1280,10,112,3,3,7,1,1,-70,2,1597,19374,57,100,2,0,0
990,25,21,1536,0,124,3,8,7,1,2,-70,0,617,11485,47,100,2,0,0
991,29,28,1536,10,123,2,6,7,1,1,-52,0,857,10816,44,100,2,0,0
992,12,8,1024,0,136,4,5,7,1,2,-70,2,1246,13514,52,100,2,0,0
993,20,14,1280,0,147,2,7,7,1,1,-70,0,655,6273,48,100,2,0,0
992,11,5,768,0,130,7,2,7,1,2,-70,1,1484,14430,58,100,3,0,0
993,4,1,512,10,147,6,3,7,2,1,-61,10,7618,35774,66,100,3,0,0
993,7,3,768,0,80,7,13,7,1,3,-70,0,576,7693,18,100,1,0,0
993,23,18,1280,0,19,3,16,6,1,1,-52,0,847,7852,5,100,3,0,0
994,22,18,1280,0,124,4,7,7,1,1,-70,1,849,10743,38,100,1,0,0
993,15,9,1024,10,136,3,4,7,1,1,-70,4,1968,22458,59,100,2,0,0
994,28,18,1280,0,119,2,4,7,1,1,-95,1,1292,13746,50,100,1,0,0
994,10,5,768,0,133,2,9,7,1,1,-52,0,766,10436,44,100,3,0,0
994,13,9,1024,20,53,6,14,7,1,2,-70,1,485,5033,17,100,1,0,0
996,14,8,1024,10,133,5,8,7,1,2,-70,1,1128,12041,49,100,3,0,0
995,5,1,512,0,146,6,1,7,1,1,-76,4,1886,20180,66,100,1,0,0
994,17,12,1280,0,112,1,9,7,1,1,-52,1,284,6807,37,100,1,0,0
995,9,4,768,0,138,3,6,7,1,1,-52,6,2326,19162,63,100,1,0,0
996,18,8,1024,0,152,3,4,7,2,1,-95,8,3950,31608,60,100,2,0,0
995,2,3,768,0,136,5,5,5,1,2,-52,0,681,8152,53,100,1,0,0
995,29,28,1536,0,124,2,6,7,1,1,-52,0,449,4663,45,100,1,0,0
996,30,24,1536,0,120,5,6,7,1,3,-70,1,938,11883,47,100,1,0,0
998,12,8,1024,0,139,4,5,7,1,2,-70,2,926,11533,53,100,1,0,0
998,24,18,1280,0,126,4,9,7,1,1,-70,2,834,9750,43,100,2,0,0
997,21,15,1280,10,114,3,3,7,1,1,-70,2,1052,13699,58,100,1,0,0
997,16,11,1024,0,133,4,4,7,1,2,-52,0,744,9071,52,100,3,0,0
998,20,14,1280,0,148,2,7,7,1,1,-70,0,391,5711,48,100,1,0,0
998,26,21,1536,0,137,1,5,7,1,1,-52,0,699,10058,49,100,2,0,0
998,8,4,768,0,142,4,7,7,2,2,-70,10,5967,36592,62,100,3,0,0
999,27,22,1536,10,124,1,8,5,1,1,-52,0,1151,11407,37,100,2,0,0
998,6,5,768,0,135,4,5,5,1,2,-52,0,568,8914,49,100,2,0,0
999,3,1,512,0,129,6,3,7,1,1,-76,2,1427,18254,66,100,1,0,0
1001,1,0,256,0,12,0,0,3,0,0,0,10,3051,28753,1346,100,2,0,0
1000,31,30,1792,0,123,4,11,5,1,2,-52,0,1097,11344,29,100,2,0,0
1001,15,9,1024,10,139,3,4,7,1,1,-70,4,1437,17120,59,100,2,0,0
1001,21,15,1280,0,114,3,4,7,1,1,-70,2,789,7798,58,100,2,0,0
1002,14,8,1024,0,135,5,8,7,1,2,-70,1,955,9130,49,100,1,0,0
1003,18,8,1024,0,155,3,4,7,2,1,-95,8,2059,17372,61,100,1,0,0
1001,11,5,768,0,130,7,2,7,1,2,-70,1,805,14849,58,100,2,0,0
1000,25,21,1536,0,128,3,8,7,1,2,-70,0,914,10382,48,100,2,0,0
1001,7,3,768,0,82,7,13,7,1,3,-70,0,609,8785,18,100,3,0,0
1001,29,28,1536,10,128,2,6,7,1,1,-52,0,581,5710,45,100,1,0,0
1003,22,18,1280,0,126,4,7,7,1,1,-70,1,1121,11990,38,100,2,0,0
1003,4,1,512,0,149,6,3,7,2,1,-61,10,6476,33626,66,100,2,0,0
1005,30,24,1536,0,121,5,6,7,1,3,-70,1,898,9793,48,100,2,0,0
1003,23,18,1280,0,20,3,16,6,1,1,-52,0,730,10172,5,100,4,0,0
1003,9,4,768,10,140,3,6,7,1,1,-52,6,2220,17844,63,100,2,0,0
1003,26,21,1536,0,138,1,5,7,1,1,-52,0,368,4558,49,100,1,0,0
1004,8,4,768,20,142,4,7,7,2,2,-70,10,2310,16193,62,100,1,0,0
1003,10,5,768,0,133,2,9,7,1,1,-52,0,460,8139,45,100,2,0,0
1005,12,8,1024,0,141,4,5,7,1,2,-70,2,675,11849,53,100,1,0,0
1005,24,18,1280,20,128,4,9,7,1,1,-70,2,1068,9725,43,100,1,0,0
1005,1,0,256,0,12,0,0,3,0,0,0,10,1367,11883,1355,100,1,0,0
1005,13,9,1024,0,56,6,14,7,1,2,-70,1,1202,11217,17,100,3,0,0
1007,28,18,1280,0,120,2,4,7,1,1,-95,1,1149,17828,50,100,2,0,0
1005,21,15,1280,0,114,3,4,7,1,1,-70,2,697,8457,58,100,0,0,0
1006,17,12,1280,0,112,1,9,7,1,1,-52,1,485,12576,38,100,2,0,0
1006,5,1,512,10,154,6,1,7,1,1,-76,4,3001,26053,67,100,2,0,0
1007,20,14,1280,0,150,2,7,7,1,1,-70,0,675,8452,49,100,2,0,0
1007,27,22,1536,0,126,1,8,5,1,1,-52,0,729,7453,37,100,2,0,0
1005,11,5,768,0,132,7,2,7,1,2,-70,1,729,6638,59,100,2,0,0
1006,16,11,1024,0,136,4,4,7,1,2,-52,0,685,8507,53,100,1,0,0
1007,3,1,512,10,132,6,3,7,1,1,-76,2,1376,14504,67,100,2,0,0
1007,6,5,768,10,139,4,5,5,1,2,-52,0,955,8882,50,100,2,0,0
1007,2,3,768,0,138,5,5,5,1,2,-52,0,816,11237,54,100,3,0,0
1008,9,4,768,0,141,3,6,7,1,1,-52,6,1338,11026,64,100,1,0,0
1009,23,18,1280,0,22,3,16,6,1,1,-52,0,555,5604,6,100,1,0,0
1010,18,8,1024,0,156,3,4,7,2,1,-95,8,2916,22206,61,100,1,0,0
1010,29,28,1536,0,129,2,6,7,1,1,-52,0,497,8735,46,100,1,0,0
1011,8,4,768,0,142,4,7,7,2,2,-70,10,2787,18357,62,100,2,0,0
1010,10,5,768,0,134,2,9,7,1,1,-52,0,390,6373,45,100,1,0,0
1011,22,18,1280,0,129,4,7,7,1,1,-70,1,1079,10596,39,100,2,0,0
1012,24,18,1280,0,130,4,9,7,1,1,-70,2,786,8540,44,100,1,0,0
1011,17,12,1280,10,114,1,9,7,1,1,-52,1,369,5682,38,100,1,0,0
1011,27,22,1536,0,126,1,8,5,1,1,-52,0,261,4079,37,100,1,0,0
1012,3,1,512,10,134,6,3,7,1,1,-76,2,902,9407,67,100,1,0,0
1012,15,9,1024,10,143,3,4,7,1,1,-70,4,1846,23296,60,100,2,0,0
1013,31,30,1792,0,125,4,11,5,1,2,-52,0,913,10779,30,100,2,0,0
1011,7,3,768,0,85,7,13,7,1,3,-70,0,707,9530,19,100,1,0,0
1013,28,18,1280,0,121,2,4,7,1,1,-95,1,877,10223,51,100,2,0,0
1012,21,15,1280,10,116,3,4,7,1,1,-70,2,932,11612,59,100,2,0,0
1013,1,0,256,0,12,0,0,3,0,0,0,10,2439,21292,1371,100,1,0,0
1014,14,8,1024,0,136,5,8,7,1,2,-70,1,1030,14267,50,100,2,0,0
1011,25,21,1536,10,131,3,8,7,1,2,-70,0,752,10204,48,100,2,0,0
1013,5,1,512,0,158,6,1,7,1,1,-76,4,1970,16450,68,100,2,0,0
1014,13,9,1024,0,59,6,14,7,1,2,-70,1,799,8245,18,100,1,0,0
1013,26,21,1536,0,142,1,5,7,1,1,-52,0,914,9709,50,100,2,0,0
1015,30,24,1536,0,125,5,6,7,1,3,-70,1,1382,14730,48,100,2,0,0
1015,4,1,512,0,152,6,3,7,2,1,-61,10,8089,39542,67,100,2,0,0
1016,20,14,1280,0,151,2,7,7,1,1,-70,0,440,8666,49,100,1,0,0
1015,2,3,768,0,141,5,5,5,1,2,-52,0,628,7649,54,100,1,0,0
1016,12,8,1024,0,145,4,5,7,1,2,-70,2,1526,20721,54,100,2,0,0
1016,27,22,1536,0,127,1,8,5,1,1,-52,0,327,4510,38,100,0,0,0
1016,6,5,768,10,141,4,5,5,1,2,-52,0,521,7537,50,100,1,0,0
1016,23,18,1280,0,24,3,16,6,1,1,-52,0,595,6641,6,100,2,0,0
1017,22,18,1280,0,132,4,7,7,1,1,-70,1,1119,8829,39,100,1,0,0
1016,16,11,1024,0,140,4,4,7,1,2,-52,0,955,10099,53,100,3,0,0
1017,9,4,768,0,141,3,6,7,1,1,-52,6,1789,16677,64,100,1,0,0
1017,11,5,768,0,136,7,2,7,1,2,-70,1,1511,17549,59,100,3,0,0
1017,7,3,768,0,88,7,13,7,1,3,-70,0,756,6303,20,100,2,0,0
1019,14,8,1024,10,137,5,8,7,1,2,-70,1,606,6495,50,100,1,0,0
1020,24,18,1280,0,132,4,9,7,1,1,-70,2,1094,10855,44,100,1,0,0
1018,21,15,1280,10,118,3,4,7,1,1,-70,2,1332,12616,59,100,1,0,0
1019,10,5,768,0,135,2,9,7,1,1,-52,0,494,8161,46,100,1,0,0
1019,5,1,512,0,160,6,1,7,1,1,-76,4,1786,14627,68,100,1,0,0
1018,25,21,1536,0,133,3,8,7,1,2,-70,0,581,6559,49,100,1,0,0
1019,13,9,1024,0,62,6,14,7,1,2,-70,1,711,5731,18,100,2,0,0
1020,8,4,768,10,144,4,7,7,2,2,-70,10,4231,29221,63,100,1,0,0
1021,28,18,1280,0,123,2,4,7,1,1,-95,1,720,11664,51,100,1,0,0
977,19,15,1408,90,45,3,15,5,0,2,-70,0,979,10605,9,100,5,0,0
1019,2,3,768,0,142,5,5,5,1,2,-52,0,389,4565,54,100,1,0,0
1020,30,24,1536,10,125,5,6,7,1,3,-70,1,511,6649,49,100,1,0,0
1021,20,14,1280,0,151,2,7,7,1,1,-70,0,317,4362,50,100,1,0,0
1021,18,8,1024,0,158,3,4,7,2,1,-95,8,3965,30957,62,100,2,0,0
1022,1,0,256,0,12,0,0,3,0,0,0,10,2504,22348,1388,100,2,0,0
1021,9,4,768,20,142,3,6,7,1,1,-52,6,1624,10234,65,100,1,0,0
1022,3,1,512,10,137,6,3,7,1,1,-76,2,1933,19563,68,100,2,0,0
1020,26,21,1536,0,145,1,5,7,1,1,-52,0,630,7382,50,100,1,0,0
1021,17,12,1280,0,116,1,9,7,1,1,-52,0,888,12720,39,100,2,0,0
1022,12,8,1024,0,147,4,5,7,1,2,-70,1,995,11639,54,100,1,0,0
1022,22,18,1280,0,133,4,7,7,1,1,-70,1,618,6891,40,100,1,0,0
1023,29,28,1536,0,133,2,6,7,1,1,-52,0,876,11314,46,100,3,0,0
1023,31,30,1792,0,130,4,11,5,1,2,-52,0,1047,10696,31,100,2,0,0
993,19,13,1408,90,51,5,15,5,0,3,-70,0,1319,10819,10,100,3,0,0
1023,27,22,1536,0,131,1,8,5,1,1,-52,0,834,7221,38,100,2,0,0
1023,23,18,1280,0,28,3,16,6,1,1,-52,0,883,7368,7,100,3,0,0
1002,19,13,1408,90,54,5,15,5,0,3,-70,0,760,7671,10,100,3,0,0
1023,7,3,768,0,88,7,13,7,1,3,-70,0,282,5669,20,100,1,0,0
1024,14,8,1024,0,139,5,8,7,1,2,-70,1,913,7428,51,100,1,0,0
1022,15,9,1024,10,148,3,4,7,1,1,-70,4,2277,23255,61,100,3,0,0
1022,21,15,1280,0,119,3,4,7,1,1,-70,2,772,8442,59,100,0,0,0
1025,4,1,512,40,156,6,3,7,2,1,-61,10,7932,37036,68,100,2,0,0
1025,24,18,1280,10,133,4,10,7,1,1,-70,2,998,8375,45,100,2,0,0
1012,19,13,1408,80,55,5,15,5,0,3,-70,0,415,8831,11,100,3,0,0
1026,6,5,768,10,144,4,5,5,1,2,-52,0,805,9860,51,100,2,0,0
1024,19,13,1280,10,58,5,15,5,1,3,-70,0,1564,12742,12,100,3,0,0
1027,28,18,1280,0,123,2,4,7,1,1,-95,1,673,9040,52,100,1,0,0
1026,16,11,1024,0,143,4,4,7,1,2,-52,0,711,9970,54,100,1,0,0
1027,12,8,1024,0,148,4,5,7,1,2,-70,1,536,7848,55,100,1,0,0
1027,1,0,256,0,12,0,0,3,0,0,0,10,1410,12903,1399,100,1,0,0
1027,18,8,1024,0,159,3,4,7,2,1,-95,8,2387,16528,62,100,1,0,0
1027,20,14,1280,0,154,2,7,7,1,1,-70,0,606,6679,50,100,1,0,0
1026,25,21,1536,0,136,3,8,7,1,2,-70,0,792,8481,49,100,2,0,0
1027,17,12,1280,10,119,1,9,7,1,1,-52,0,607,8098,39,100,1,0,0
1027,21,15,1280,0,120,3,4,7,1,1,-70,2,838,9320,60,100,1,0,0
1027,13,9,1024,10,64,6,14,7,1,2,-70,1,2090,12670,19,100,1,0,0
1027,11,5,768,0,139,7,2,7,1,2,-70,1,1299,15891,60,100,3,0,0
1029,31,30,1792,0,134,4,11,5,1,2,-52,0,706,6892,31,100,2,0,0
1029,3,1,512,10,139,6,3,7,1,1,-76,2,986,13234,68,100,1,0,0
1030,24,18,1280,0,134,4,10,7,1,1,-70,2,660,6461,45,100,1,0,0
1029,10,5,768,0,139,2,9,7,1,1,-52,0,850,10453,46,100,3,0,0
1029,9,4,768,0,144,3,6,7,1,1,-52,6,3401,21294,65,100,2,0,0
1031,29,28,1536,0,134,2,6,7,1,1,-52,0,570,7531,47,100,2,0,0
1028,7,3,768,0,90,7,13,7,1,3,-70,0,491,4997,20,100,2,0,0
1030,5,1,512,10,162,6,1,7,1,1,-76,4,2249,24762,69,100,2,0,0
1031,21,15,1280,0,123,3,4,7,1,1,-70,2,843,8134,60,100,1,0,0
1032,12,8,1024,0,148,4,5,7,1,2,-70,1,578,9543,55,100,1,0,0
1032,8,4,768,20,146,4,7,7,2,2,-70,9,5720,36057,64,100,2,0,0
1032,30,24,1536,0,129,5,6,7,1,3,-70,1,1515,15242,49,100,2,0,0
1032,19,13,1280,0,59,5,15,5,1,3,-70,0,510,6395,12,100,3,0,0
1031,6,5,768,0,147,4,5,5,1,2,-52,0,604,5844,51,100,1,0,0
1032,15,9,1024,0,149,3,4,7,1,1,-70,4,1874,22490,61,100,2,0,0
1031,16,11,1024,0,143,4,4,7,1,2,-52,0,285,5010,54,100,1,0,0
1032,22,18,1280,0,135,4,7,7,1,1,-70,1,1058,12860,40,100,2,0,0
1033,14,8,1024,10,141,5,8,7,1,2,-70,1,997,11949,51,100,2,0,0
1031,2,3,768,10,145,5,5,5,1,2,-52,0,798,10967,55,100,3,0,0
1032,27,22,1536,20,134,1,8,5,1,1,-52,0,574,8723,39,100,2,0,0
1033,28,18,1280,0,124,2,4,7,1,1,-95,1,686,10113,52,100,1,0,0
1032,23,18,1280,0,30,3,16,6,1,1,-52,0,716,9202,7,100,3,0,0
1032,26,21,1536,0,146,1,5,7,1,1,-52,0,617,10883,51,100,2,0,0
1034,18,8,1024,0,159,3,5,7,2,1,-95,8,2653,21274,63,100,3,0,0
1033,25,21,1536,0,137,3,8,7,1,2,-70,0,587,6900,50,100,2,0,0
1033,11,5,768,0,142,7,2,7,1,2,-70,1,988,10836,60,100,1,0,0
1034,20,14,1280,10,157,2,7,7,1,1,-70,0,620,7317,50,100,2,0,0
1035,5,1,512,10,162,6,1,7,1,1,-76,4,1252,11540,69,100,1,0,0
1036,30,24,1536,0,129,5,6,7,1,3,-70,1,423,5649,50,100,0,0,0
1035,4,1,512,10,157,6,3,7,2,1,-61,10,7449,35510,69,100,2,0,0
1037,12,8,1024,0,150,4,5,7,1,2,-70,1,652,8754,55,100,1,0,0
1036,3,1,512,0,141,6,3,7,1,1,-76,2,1320,14595,69,100,1,0,0
1036,9,4,768,10,145,3,6,7,1,1,-52,6,1674,14503,66,100,1,0,0
1036,6,5,768,0,150,4,5,5,1,2,-52,0,603,5193,51,100,1,0,0
1037,17,12,1280,0,122,1,9,7,1,1,-52,0,916,9734,40,100,2,0,0
1037,21,15,1280,0,125,3,4,7,1,1,-70,2,1060,11284,60,100,1,0,0
1037,23,18,1280,10,30,3,16,6,1,1,-52,0,316,3988,8,100,1,0,0
1037,10,5,768,0,140,2,9,7,1,1,-52,0,569,7576,47,100,2,0,0
1038,24,18,1280,0,136,4,10,7,1,1,-70,2,1356,11024,46,100,2,0,0
1038,7,3,768,0,93,7,13,7,1,3,-70,0,683,8782,21,100,1,0,0
1038,1,0,256,0,12,0,0,3,0,0,0,10,3416,29540,1425,100,2,0,0
1038,14,8,1024,0,144,5,8,7,1,2,-70,1,1022,7791,52,100,1,0,0
1038,13,9,1024,0,68,6,14,7,1,2,-70,1,1415,15453,20,100,3,0,0
1038,16,11,1024,0,145,4,4,7,1,2,-52,0,555,6340,55,100,1,0,0
1038,22,18,1280,0,135,4,7,7,1,1,-70,1,638,7770,41,100,1,0,0
1040,29,28,1536,0,136,2,6,7,1,1,-52,0,700,10092,48,100,2,0,0
1040,28,18,1280,0,125,2,4,7,1,1,-95,1,1031,11987,53,100,2,0,0
1039,11,5,768,0,144,7,2,7,1,2,-70,1,875,9652,61,100,1,0,0
1040,2,3,768,0,145,5,5,5,1,2,-52,0,485,7855,56,100,2,0,0
1041,17,12,1280,0,123,1,9,7,1,1,-52,0,368,4174,40,100,1,0,0
1041,31,30,1792,0,135,4,11,5,1,2,-52,0,618,10573,32,100,2,0,0
1040,25,21,1536,0,139,3,8,7,1,2,-70,0,523,7124,50,100,1,0,0
1042,15,9,1024,10,150,3,4,7,1,1,-70,4,1733,22260,62,100,2,0,0
1042,4,1,512,20,157,6,3,7,2,1,-61,10,4118,21673,69,100,1,0,0
1041,26,21,1536,0,150,1,5,7,1,1,-52,0,915,9182,52,100,2,0,0
1043,8,4,768,0,149,4,7,7,2,2,-70,9,5884,35744,64,100,2,0,0
1043,23,18,1280,10,33,3,16,6,1,1,-52,0,703,6126,8,100,2,0,0
1043,16,11,1024,0,147,4,4,7,1,2,-52,0,499,5173,55,100,1,0,0
1043,19,13,1280,0,63,5,15,5,1,3,-70,0,938,11775,13,100,2,0,0
1043,21,15,1280,0,125,3,4,7,1,1,-70,2,1116,11802,61,100,1,0,0
1045,24,18,1280,10,137,4,10,7,1,1,-70,2,719,8579,46,100,1,0,0
1043,27,22,1536,0,136,1,8,5,1,1,-52,0,832,11363,40,100,2,0,0
1045,30,24,1536,0,130,5,6,7,1,3,-70,1,780,9984,50,100,2,0,0
1044,5,1,512,0,166,6,1,7,1,1,-76,4,2564,22756,70,100,2,0,0
1045,18,8,1024,0,161,3,5,7,2,1,-95,8,3877,30963,64,100,2,0,0
1045,14,8,1024,0,145,5,8,7,1,2,-70,1,528,9782,52,100,1,0,0
1045,3,1,512,0,142,6,3,7,1,1,-76,2,1304,16927,70,100,2,0,0
1046,20,14,1280,10,158,2,7,7,1,1,-70,0,701,10877,51,100,2,0,0
1046,9,4,768,0,146,3,6,7,1,1,-52,6,2571,21023,66,100,2,0,0
1046,10,5,768,0,143,2,9,7,1,1,-52,0,684,8789,48,100,1,0,0
1047,28,18,1280,0,125,2,4,7,1,1,-95,1,399,9369,53,100,1,0,0
1047,12,8,1024,0,151,4,5,7,1,2,-70,1,1203,19802,56,100,2,0,0
1047,2,3,768,0,148,5,5,5,1,2,-52,0,603,6786,56,100,1,0,0
1047,7,3,768,0,93,7,13,7,1,3,-70,0,483,8887,22,100,2,0,0
1047,16,11,1024,10,148,4,4,7,1,2,-52,0,368,4409,56,100,1,0,0
1048,13,9,1024,0,72,6,14,7,1,2,-70,1,1233,13299,20,100,1,0,0
1047,26,21,1536,0,151,1,5,7,1,1,-52,0,392,5435,52,100,1,0,0
1048,22,18,1280,0,138,4,7,7,1,1,-70,1,1195,13418,41,100,2,0,0
1048,6,5,768,0,152,4,5,5,1,2,-52,0,721,11067,52,100,2,0,0
1049,24,18,1280,10,139,4,10,7,1,1,-70,2,751,6189,46,100,1,0,0
1049,23,18,1280,10,36,3,16,6,1,1,-52,0,703,6240,8,100,2,0,0
1049,5,1,512,10,168,6,1,7,1,1,-76,4,1093,10434,70,100,0,0,0
1049,1,0,256,0,12,0,0,3,0,0,0,10,3024,28883,1443,100,2,0,0
1049,29,28,1536,0,137,2,6,7,1,1,-52,0,441,8589,48,100,1,0,0
1050,15,9,1024,0,151,3,4,7,1,1,-70,3,1276,16817,63,100,1,0,0
1051,31,30,1792,0,136,4,11,5,1,2,-52,0,595,8940,33,100,2,0,0
1050,11,5,768,0,145,7,2,7,1,2,-70,1,1215,16584,62,100,2,0,0
1051,17,12,1280,10,126,1,9,7,1,1,-52,0,807,10008,41,100,2,0,0
1051,19,13,1280,0,67,5,15,5,1,3,-70,0,829,7958,13,100,3,0,0
1051,27,22,1536,0,138,1,8,5,1,1,-52,0,621,7320,40,100,2,0,0
1052,8,4,768,10,150,4,7,7,2,2,-70,9,4247,28596,65,100,2,0,0
1051,4,1,512,0,160,6,3,7,2,1,-61,10,6292,30706,70,100,2,0,0
1051,25,21,1536,0,141,3,8,7,1,2,-70,0,724,10229,51,100,2,0,0
1053,2,3,768,0,151,5,5,5,1,2,-52,0,659,5817,57,100,1,0,0
1052,26,21,1536,0,153,1,5,7,1,1,-52,0,475,4837,52,100,1,0,0
1053,18,8,1024,0,166,3,5,7,2,1,-95,8,3175,23732,64,100,1,0,0
1054,7,3,768,0,95,7,13,7,1,3,-70,0,496,6443,22,100,1,0,0
1054,23,18,1280,0,38,3,16,6,1,1,-52,0,555,5635,9,100,1,0,0
1054,20,14,1280,0,162,2,7,7,1,1,-70,0,819,9206,52,100,1,0,0
1054,30,24,1536,0,132,5,6,7,1,3,-70,1,1144,13354,51,100,2,0,0
1053,21,15,1280,0,128,3,4,7,1,1,-70,2,1830,21805,61,100,2,0,0
1054,29,28,1536,0,138,2,6,7,1,1,-52,0,424,4525,49,100,1,0,0
1055,16,11,1024,0,151,4,4,7,1,2,-52,0,657,7046,56,100,2,0,0
1055,15,9,1024,0,153,3,4,7,1,1,-70,3,1023,9812,63,100,1,0,0
1055,10,5,768,0,145,2,9,7,1,1,-52,0,642,8768,48,100,2,0,0
1056,14,8,1024,0,146,5,8,7,1,2,-70,1,1371,14245,53,100,2,0,0
1056,28,18,1280,0,129,2,4,7,1,1,-95,1,1481,15203,54,100,2,0,0
1056,3,1,512,0,145,6,3,7,1,1,-76,2,1999,20435,70,100,2,0,0
1056,11,5,768,0,148,7,2,7,1,2,-70,1,893,9320,62,100,2,0,0
1057,13,9,1024,10,76,6,14,7,1,2,-70,1,1361,12266,21,100,2,0,0
1056,22,18,1280,10,139,4,7,7,1,1,-70,1,916,11342,42,100,1,0,0
1058,1,0,256,0,12,0,0,3,0,0,0,10,2396,21105,1463,100,1,0,0
1058,9,4,768,10,147,3,6,7,1,1,-52,6,3320,26186,67,100,2,0,0
1058,4,1,512,10,163,6,3,7,2,1,-61,10,4228,21208,70,100,1,0,0
1058,7,3,768,10,96,7,13,7,1,3,-70,0,365,4254,22,100,1,0,0
1058,12,8,1024,0,153,4,5,7,1,2,-70,1,1197,20817,57,100,2,0,0
1058,6,5,768,0,157,4,5,5,1,2,-52,0,1013,10270,53,100,3,0,0
1059,5,1,512,0,170,6,1,7,1,1,-76,4,2602,24655,71,100,2,0,0
1060,24,18,1280,10,142,4,10,7,1,1,-70,2,1381,14704,47,100,2,0,0
1059,26,21,1536,0,159,1,5,7,1,1,-52,0,1007,8512,53,100,1,0,0
1061,21,15,1280,0,130,3,4,7,1,1,-70,2,1233,12582,62,100,1,0,0
1061,31,30,1792,10,140,4,11,5,1,2,-52,0,649,9669,33,100,2,0,0
1060,28,18,1280,0,130,2,4,7,1,1,-95,1,413,7639,54,100,0,0,0
1062,3,1,512,10,146,6,3,7,1,1,-76,2,875,9523,71,100,1,0,0
1061,15,9,1024,0,155,3,4,7,1,1,-70,3,1340,11606,63,100,1,0,0
1061,27,22,1536,0,141,1,8,5,1,1,-52,0,807,9508,41,100,2,0,0
1062,19,13,1280,0,71,5,15,5,1,3,-70,0,914,10768,14,100,2,0,0
1061,29,28,1536,0,140,2,6,7,1,1,-52,0,620,7356,49,100,2,0,0
1063,8,4,768,0,152,4,7,7,2,2,-70,9,4560,30000,66,100,2,0,0
1062,23,18,1280,0,38,3,16,6,1,1,-52,0,405,6735,9,100,2,0,0
1062,17,12,1280,0,127,1,9,7,1,1,-52,0,563,10673,41,100,2,0,0
1064,1,0,256,0,12,0,0,3,0,0,0,10,1505,14854,1473,100,1,0,0
1062,25,21,1536,0,144,3,8,7,1,2,-70,0,808,10589,52,100,2,0,0
1063,20,14,1280,10,168,2,7,7,1,1,-70,0,1104,9694,53,100,2,0,0
1064,2,3,768,0,156,5,5,5,1,2,-52,0,962,10867,57,100,2,0,0
1063,6,5,768,0,160,4,5,5,1,2,-52,0,581,4755,53,100,1,0,0
1064,18,8,1024,10,170,3,5,7,1,1,-95,8,4024,31182,65,100,3,0,0
1065,30,24,1536,0,135,5,6,7,1,3,-70,1,1309,14177,52,100,2,0,0
1065,5,1,512,0,170,6,1,7,1,1,-76,4,996,12357,71,100,1,0,0
1066,16,11,1024,0,152,4,4,7,1,2,-52,0,617,10973,57,100,2,0,0
1066,23,18,1280,0,39,3,16,6,1,1,-52,0,367,4331,9,100,1,0,0
1066,11,5,768,0,151,7,2,7,1,2,-70,1,1249,15978,63,100,2,0,0
1066,21,15,1280,0,130,3,4,7,1,1,-70,2,642,8766,62,100,1,0,0
1067,7,3,768,0,98,7,13,7,1,3,-70,0,698,8468,23,100,2,0,0
1066,10,5,768,0,147,2,9,7,1,1,-52,0,698,10576,49,100,2,0,0
1068,4,1,512,50,166,6,3,7,2,1,-61,10,5469,28948,71,100,2,0,0
1065,26,21,1536,0,161,1,5,7,1,1,-52,0,500,6274,53,100,1,0,0
1066,22,18,1280,0,139,4,7,7,1,1,-70,1,917,13117,43,100,2,0,0
1066,13,9,1024,10,79,6,14,7,1,2,-70,1,1131,12880,21,100,2,0,0
1067,14,8,1024,0,149,5,8,7,1,2,-70,1,1418,15718,54,100,2,0,0
1066,29,28,1536,10,140,2,6,7,1,1,-52,0,261,5124,49,100,1,0,0
1069,1,0,256,0,12,0,0,3,0,0,0,10,1394,12753,1484,100,1,0,0
1068,24,18,1280,0,146,4,10,7,1,1,-70,2,1569,11417,48,100,1,0,0
1067,17,12,1280,0,130,1,9,7,1,1,-52,0,663,5808,42,100,1,0,0
1067,15,9,1024,10,156,3,4,7,1,1,-70,3,1050,10043,64,100,1,0,0
1068,19,13,1280,10,72,5,15,5,1,3,-70,0,393,5610,15,100,1,0,0
1068,12,8,1024,0,155,4,5,7,1,2,-70,1,1271,18192,57,100,2,0,0
1067,28,18,1280,10,131,2,4,7,1,1,-95,1,904,10948,55,100,2,0,0
1069,6,5,768,0,164,4,5,5,1,2,-52,0,790,6909,54,100,1,0,0
1071,3,1,512,0,149,6,3,7,1,1,-76,2,1641,17474,71,100,2,0,0
1070,25,21,1536,0,145,3,8,7,1,2,-70,0,393,6093,52,100,1,0,0
1069,9,4,768,0,152,3,7,7,1,1,-52,6,3679,26160,68,100,3,0,0
1071,20,14,1280,0,171,2,7,7,1,1,-70,0,626,7594,53,100,2,0,0
1071,31,30,1792,10,144,4,11,5,1,2,-52,0,1013,10250,34,100,3,0,0
1070,27,22,1536,0,144,1,8,5,1,1,-52,0,654,9772,41,100,1,0,0
1072,5,1,512,0,174,6,1,7,1,1,-76,4,2203,17140,71,100,2,0,0
1072,19,13,1280,0,75,5,15,5,1,3,-70,0,633,4541,15,100,2,0,0
1071,23,18,1280,0,41,3,16,6,1,1,-52,0,554,5934,10,100,1,0,0
1073,8,4,768,0,153,4,7,7,2,2,-70,9,4949,29089,66,100,2,0,0
1073,18,8,1024,10,172,3,5,7,1,1,-95,8,3515,25512,66,100,3,0,0
1073,10,5,768,0,152,2,9,7,1,1,-52,0,899,7914,50,100,1,0,0
1072,30,24,1536,10,137,5,6,7,1,3,-70,1,826,8674,52,100,1,0,0
1073,22,18,1280,0,140,4,7,7,1,1,-70,1,751,8390,43,100,1,0,0
1074,2,3,768,10,160,5,5,5,1,2,-52,0,912,9939,58,100,2,0,0
1074,12,8,1024,0,155,4,5,7,1,2,-70,1,510,10004,58,100,1,0,0
1072,16,11,1024,0,153,4,4,7,1,2,-52,0,514,6649,57,100,2,0,0
1074,28,18,1280,0,133,2,4,7,1,1,-95,1,762,10056,55,100,1,0,0
1074,14,8,1024,0,150,5,8,7,1,2,-70,1,1073,10182,54,100,2,0,0
1075,17,12,1280,0,132,1,9,7,1,1,-52,0,499,6699,42,100,1,0,0
1074,6,5,768,0,165,4,5,5,1,2,-52,0,365,4193,54,100,1,0,0
1076,13,9,1024,0,79,6,14,7,1,2,-70,1,1113,13035,22,100,2,0,0
1076,5,1,512,0,176,6,1,7,1,1,-76,4,1384,11312,72,100,0,0,0
1076,20,14,1280,0,174,2,7,7,1,1,-70,0,606,5248,53,100,1,0,0
1077,7,3,768,10,102,7,13,7,1,3,-70,0,707,9414,24,100,1,0,0
1077,4,1,512,0,168,6,3,7,2,1,-61,10,6681,31508,71,100,2,0,0
1076,21,15,1280,0,133,3,4,7,1,1,-70,2,1856,22190,63,100,2,0,0
1078,3,1,512,0,149,6,3,7,1,1,-76,2,1108,14172,72,100,1,0,0
1077,15,9,1024,10,157,3,4,7,1,1,-70,3,1464,16651,65,100,2,0,0
1077,29,28,1536,0,144,2,6,7,1,1,-52,0,940,10600,50,100,2,0,0
1078,8,4,768,20,156,4,7,7,2,2,-70,9,2413,15146,67,100,1,0,0
1078,25,21,1536,0,148,3,8,7,1,2,-70,0,783,8047,53,100,2,0,0
1077,24,18,1280,0,149,4,10,7,1,1,-70,2,1410,14644,48,100,2,0,0
1079,11,5,768,0,155,7,2,7,1,2,-70,1,1408,18191,63,100,2,0,0
1078,26,21,1536,0,164,1,5,7,1,1,-52,0,999,11357,54,100,3,0,0
1080,30,24,1536,0,140,5,6,7,1,3,-70,1,1041,9975,53,100,2,0,0
1079,19,13,1280,0,77,5,15,5,1,3,-70,0,523,7116,15,100,1,0,0
1078,10,5,768,10,155,2,9,7,1,1,-52,0,581,5332,50,100,1,0,0
1077,16,11,1024,0,156,4,4,7,1,2,-52,0,541,5651,58,100,0,0,0
1080,1,0,256,0,12,0,0,3,0,0,0,10,3277,29677,1505,100,2,0,0
1080,12,8,1024,10,156,4,5,7,1,2,-70,1,690,10203,58,100,1,0,0
1079,28,18,1280,0,134,2,4,7,1,1,-95,1,715,8354,55,100,1,0,0
1080,9,4,768,0,156,3,7,7,1,1,-52,6,2851,22144,68,100,2,0,0
1080,2,3,768,10,162,5,5,5,1,2,-52,0,497,5819,58,100,1,0,0
1080,31,30,1792,10,145,4,11,5,1,2,-52,0,649,8349,35,100,1,0,0
1081,18,8,1024,20,173,3,5,7,1,1,-95,8,2697,23022,66,100,1,0,0
1079,27,22,1536,0,146,1,8,5,1,1,-52,0,701,9241,42,100,2,0,0
1082,23,18,1280,10,45,3,16,6,1,1,-52,0,1005,10069,11,100,4,0,0
1083,20,14,1280,0,175,2,7,7,1,1,-70,0,569,7602,54,100,2,0,0
1084,17,12,1280,0,134,1,9,7,1,1,-52,0,700,8563,43,100,2,0,0
1084,7,3,768,0,102,7,13,7,1,3,-70,0,488,6759,24,100,2,0,0
1083,22,18,1280,0,142,4,7,7,1,1,-70,1,1049,13243,44,100,2,0,0
1084,6,5,768,0,167,4,5,5,1,2,-52,0,673,8894,55,100,2,0,0
1085,5,1,512,0,179,6,1,7,1,1,-76,4,2361,21232,72,100,2,0,0
1085,15,9,1024,10,158,3,4,7,1,1,-70,3,951,12345,65,100,1,0,0
1085,14,8,1024,0,151,5,8,7,1,2,-70,1,1189,14392,55,100,2,0,0
1085,24,18,1280,0,150,4,10,7,1,1,-70,2,1075,10646,49,100,1,0,0
1086,16,11,1024,0,158,4,4,7,1,2,-52,0,620,6943,58,100,2,0,0
1083,26,21,1536,0,165,1,5,7,1,1,-52,0,393,6484,54,100,1,0,0
1086,4,1,512,20,170,6,3,7,2,1,-61,10,6067,30451,72,100,1,0,0
1085,13,9,1024,0,82,6,14,7,1,2,-70,1,1126,13419,23,100,1,0,0
1084,21,15,1280,0,136,3,4,7,1,1,-70,2,1497,15556,63,100,2,0,0
1086,29,28,1536,0,146,2,6,7,1,1,-52,0,580,8377,51,100,1,0,0
1084,30,24,1536,0,142,5,6,7,1,3,-70,1,913,8892,53,100,1,0,0
1084,25,21,1536,0,150,3,8,7,1,2,-70,0,547,8393,53,100,1,0,0
1088,1,0,256,0,12,0,0,3,0,0,0,10,2080,19011,1521,100,1,0,0
1088,8,4,768,10,159,4,7,7,2,2,-70,9,4775,27589,67,100,2,0,0
1086,31,30,1792,0,146,4,11,5,1,2,-52,0,418,6839,35,100,1,0,0
1088,19,13,1280,10,79,5,15,5,1,3,-70,0,579,8852,16,100,1,0,0
1088,22,18,1280,0,143,4,7,7,1,1,-70,1,627,6797,44,100,1,0,0
1090,3,1,512,0,153,6,3,7,1,1,-76,2,1817,20987,73,100,2,0,0
1088,27,22,1536,0,148,1,8,5,1,1,-52,0,789,8426,43,100,1,0,0
1089,6,5,768,0,168,4,5,5,1,2,-52,0,389,5569,55,100,1,0,0
1089,18,8,1024,0,174,3,5,7,1,1,-95,8,2980,22776,67,100,2,0,0
1090,14,8,1024,0,152,5,8,7,1,2,-70,1,481,5936,55,100,1,0,0
1089,17,12,1280,0,136,1,9,7,1,1,-52,0,499,5964,43,100,1,0,0
1089,9,4,768,10,159,3,7,7,1,1,-52,6,2574,21244,69,100,2,0,0
1090,11,5,768,0,160,7,2,7,1,2,-70,1,1632,18649,64,100,2,0,0
1090,2,3,768,10,164,5,5,5,1,2,-52,0,698,9779,59,100,2,0,0
1090,15,9,1024,0,159,3,5,7,1,1,-70,3,1332,9335,65,100,2,0,0
1090,10,5,768,0,160,2,9,7,1,1,-52,0,1038,12145,51,100,3,0,0
1090,12,8,1024,0,157,4,5,7,1,2,-70,1,1213,19204,59,100,2,0,0
1091,7,3,768,0,105,7,13,7,1,3,-70,0,749,7521,25,100,2,0,0
1090,28,18,1280,20,135,2,4,7,1,1,-95,1,1119,17575,56,100,2,0,0
1092,4,1,512,10,172,6,3,7,2,1,-61,10,4362,20724,72,100,1,0,0
1091,29,28,1536,0,147,2,6,7,1,1,-52,0,392,4760,51,100,1,0,0
1093,1,0,256,0,12,0,0,3,0,0,0,10,1914,15433,1533,100,2,0,0
1091,25,21,1536,0,154,3,8,7,1,2,-70,0,866,7238,54,100,2,0,0
1093,20,14,1280,0,178,2,7,7,1,1,-70,0,812,9895,55,100,1,0,0
1092,23,18,1280,0,48,3,17,6,1,1,-52,0,806,10276,11,100,3,0,0
1092,24,18,1280,0,153,4,10,7,1,1,-70,2,1191,10692,49,100,2,0,0
1095,16,11,1024,0,159,4,4,7,1,2,-52,0,472,8121,59,100,1,0,0
1094,14,8,1024,0,153,5,8,7,1,2,-70,1,721,6694,55,100,1,0,0
1094,11,5,768,0,160,7,2,7,1,2,-70,1,563,6825,64,100,1,0,0
1094,19,13,1280,10,83,5,15,5,1,3,-70,0,728,6885,16,100,2,0,0
1092,30,24,1536,10,145,5,6,7,1,3,-70,1,1044,10210,54,100,1,0,0
1094,17,12,1280,10,138,1,9,7,1,1,-52,0,531,5730,44,100,1,0,0
1096,7,3,768,0,106,7,13,7,1,3,-70,0,366,4583,25,100,1,0,0
1094,21,15,1280,0,138,3,4,7,1,1,-70,2,1700,18870,64,100,2,0,0
1095,22,18,1280,0,144,4,7,7,1,1,-70,1,685,7797,45,100,1,0,0
1095,5,1,512,10,183,6,1,7,1,1,-76,4,2662,24732,73,100,2,0,0
1096,12,8,1024,0,159,4,5,7,1,2,-70,1,887,10985,59,100,1,0,0
1094,31,30,1792,0,150,4,11,5,1,2,-52,0,915,8956,36,100,2,0,0
1094,26,21,1536,0,169,1,5,7,1,1,-52,0,938,10872,55,100,2,0,0
1097,1,0,256,0,12,0,0,3,0,0,0,10,1146,10778,1542,100,0,0,0
1097,9,4,768,20,161,3,7,7,1,1,-52,6,2003,16698,70,100,1,0,0
1096,13,9,1024,0,83,6,14,7,1,2,-70,1,1206,14471,23,100,2,0,0
1097,29,28,1536,0,150,2,6,7,1,1,-52,0,606,6310,51,100,1,0,0
1098,8,4,768,0,162,4,7,7,2,2,-70,9,5280,32068,68,100,2,0,0
1099,22,18,1280,0,144,4,7,7,1,1,-70,1,345,5688,45,100,1,0,0
1101,2,3,768,0,165,5,5,5,1,2,-52,0,657,9368,60,100,2,0,0
1099,21,15,1280,10,139,3,4,7,1,1,-70,2,679,8574,64,100,0,0,0
1100,27,22,1536,0,149,1,8,5,1,1,-52,0,634,9565,43,100,3,0,0
1100,15,9,1024,10,161,3,5,7,1,1,-70,3,1570,16882,66,100,2,0,0
1100,6,5,768,0,170,4,5,5,1,2,-52,0,721,10608,56,100,2,0,0
1099,31,30,1792,0,151,4,11,5,1,2,-52,0,369,3918,36,100,1,0,0
1101,17,12,1280,0,139,1,9,7,1,1,-52,0,393,5387,44,100,1,0,0
1101,18,8,1024,10,176,3,5,7,1,1,-95,8,3852,31462,67,100,2,0,0
1102,3,1,512,0,156,6,3,7,1,1,-76,2,2150,23475,73,100,2,0,0
1098,25,21,1536,0,157,3,8,7,1,2,-70,0,606,6541,54,100,1,0,0
1101,10,5,768,0,163,2,9,7,1,1,-52,0,845,11201,51,100,2,0,0
1102,13,9,1024,0,83,6,14,7,1,2,-70,1,552,6285,24,100,1,0,0
1101,28,18,1280,0,135,2,4,7,1,1,-95,1,1108,15927,57,100,2,0,0
1103,4,1,512,10,174,6,3,7,2,1,-61,10,7151,35179,73,100,2,0,0
1102,9,4,768,20,162,3,7,7,1,1,-52,6,1668,11675,70,100,1,0,0
1102,20,14,1280,0,182,2,7,7,1,1,-70,0,942,9098,55,100,2,0,0
1102,24,18,1280,0,155,4,10,7,1,1,-70,2,1457,13197,50,100,2,0,0
1102,30,24,1536,0,147,5,6,7,1,3,-70,1,1354,12773,54,100,2,0,0
1103,19,13,1280,0,87,5,15,5,1,3,-70,0,901,9141,17,100,1,0,0
1104,11,5,768,20,163,7,2,7,1,2,-70,1,881,14715,65,100,1,0,0
1103,23,18,1280,0,53,3,17,6,1,1,-52,0,1119,10721,12,100,3,0,0
1104,14,8,1024,0,155,5,8,7,1,2,-70,1,1007,13217,56,100,1,0,0
1104,16,11,1024,0,161,4,4,7,1,2,-52,0,644,9127,59,100,2,0,0
1102,25,21,1536,0,157,3,8,7,1,2,-70,0,341,4619,55,100,1,0,0
1105,18,8,1024,0,176,3,5,7,1,1,-95,8,1519,11949,68,100,1,0,0
1106,3,1,512,0,158,6,3,7,1,1,-76,2,797,8837,74,100,1,0,0
1105,12,8,1024,0,160,4,5,7,1,2,-70,1,899,15964,60,100,1,0,0
1106,7,3,768,0,110,7,13,7,1,3,-70,0,856,9864,25,100,2,0,0
1105,5,1,512,10,184,6,1,7,1,1,-76,4,2125,22862,74,100,2,0,0
1104,26,21,1536,0,171,1,5,7,1,1,-52,0,701,9239,56,100,2,0,0
1106,2,3,768,0,168,5,5,5,1,2,-52,0,627,6800,60,100,1,0,0
1105,31,30,1792,0,152,4,11,5,1,2,-52,0,393,5496,36,100,1,0,0
1105,21,15,1280,0,139,3,4,7,1,1,-70,2,1360,12984,65,100,2,0,0
1107,1,0,256,0,12,0,0,3,0,0,0,10,2736,24756,1561,100,2,0,0
1106,20,14,1280,10,182,2,7,7,1,1,-70,0,261,3808,56,100,1,0,0
1105,29,28,1536,0,153,2,6,7,1,1,-52,0,783,8533,52,100,2,0,0
1108,13,9,1024,10,86,6,14,7,1,2,-70,1,940,8760,24,100,1,0,0
1107,19,13,1280,0,87,5,15,5,1,3,-70,0,261,3846,17,100,1,0,0
1109,16,11,1024,10,165,4,4,7,1,2,-52,0,689,4721,60,100,1,0,0
1107,17,12,1280,0,140,1,9,7,1,1,-52,0,416,6850,44,100,1,0,0
1109,8,4,768,0,165,4,7,7,2,2,-70,9,4713,27913,69,100,2,0,0
1108,22,18,1280,0,146,4,7,7,1,1,-70,1,1170,12120,45,100,2,0,0
1109,10,5,768,0,163,2,9,7,1,1,-52,0,461,7147,52,100,2,0,0
1108,28,18,1280,0,138,2,4,7,1,1,-95,1,1055,11731,57,100,1,0,0
1108,25,21,1536,0,158,3,9,7,1,2,-70,0,420,5478,55,100,2,0,0
1110,24,18,1280,0,156,4,10,7,1,1,-70,2,1002,9530,50,100,1,0,0
1109,21,15,1280,0,143,3,4,7,1,1,-70,2,916,8139,65,100,0,0,0
1111,4,1,512,10,174,6,3,7,2,1,-61,10,5648,27780,73,100,2,0,0
1111,6,5,768,0,172,4,5,5,1,2,-52,0,545,9762,56,100,1,0,0
1112,1,0,256,0,12,0,0,3,0,0,0,10,1133,11367,1568,100,1,0,0
1111,12,8,1024,0,161,4,5,7,1,2,-70,1,953,11430,60,100,2,0,0
1111,15,9,1024,0,164,3,5,7,1,1,-70,3,2375,19771,67,100,2,0,0
1111,20,14,1280,0,182,2,7,7,1,1,-70,0,342,4920,56,100,1,0,0
1110,30,24,1536,10,148,5,6,7,1,3,-70,1,992,10523,55,100,1,0,0
1112,27,22,1536,0,155,1,8,5,1,1,-52,0,1219,12218,44,100,2,0,0
1113,29,28,1536,0,154,2,6,7,1,1,-52,0,392,5832,52,100,1,0,0
1112,9,4,768,20,164,3,7,7,1,1,-52,6,2854,21863,71,100,2,0,0
1114,18,8,1024,0,179,3,5,7,1,1,-95,8,3098,24504,68,100,1,0,0
1114,10,5,768,0,163,2,9,7,1,1,-52,0,259,4466,52,100,1,0,0
1111,26,21,1536,10,172,1,5,7,1,1,-52,0,392,6588,56,100,1,0,0
1114,14,8,1024,0,157,5,8,7,1,2,-70,1,1297,13132,57,100,2,0,0
1115,11,5,768,0,165,7,2,7,1,2,-70,1,1488,16967,66,100,2,0,0
1116,3,1,512,0,158,6,3,7,1,1,-76,2,1372,17925,74,100,2,0,0
1114,13,9,1024,0,89,6,14,7,1,2,-70,1,1117,8690,25,100,2,0,0
1114,28,18,1280,0,139,2,4,7,1,1,-95,1,659,7680,58,100,1,0,0
1113,22,18,1280,0,148,4,7,7,1,1,-70,1,772,7133,46,100,1,0,0
1115,24,18,1280,0,157,4,10,7,1,1,-70,2,717,6404,51,100,1,0,0
1115,19,13,1280,10,89,5,15,5,1,3,-70,0,555,6317,18,100,1,0,0
1116,5,1,512,0,189,6,1,7,1,1,-76,4,2678,23943,74,100,2,0,0
1114,23,18,1280,0,57,3,17,6,1,1,-52,0,940,10852,13,100,2,0,0
1113,21,15,1280,0,144,3,4,7,1,1,-70,2,691,7617,65,100,1,0,0
1116,4,1,512,0,174,6,3,7,2,1,-61,10,3954,17731,74,100,1,0,0
1116,15,9,1024,0,164,3,5,7,1,1,-70,3,678,7613,67,100,1,0,0
1117,29,28,1536,10,154,2,6,7,1,1,-52,0,317,3848,53,100,1,0,0
1116,31,30,1792,0,155,4,11,5,1,2,-52,0,808,10412,37,100,2,0,0
1118,8,4,768,0,168,4,7,7,2,2,-70,9,4733,26525,69,100,1,0,0
1118,7,3,768,0,113,7,13,7,1,3,-70,0,829,11573,26,100,2,0,0
1118,16,11,1024,0,168,4,4,7,1,2,-52,0,711,9784,60,100,1,0,0
1118,2,3,768,0,171,5,5,5,1,2,-52,0,874,11195,61,100,2,0,0
1117,17,12,1280,0,141,1,9,7,1,1,-52,0,593,9229,45,100,2,0,0
1118,18,8,1024,0,180,3,5,7,1,1,-95,8,2066,13765,69,100,1,0,0
1118,23,18,1280,0,58,3,17,6,1,1,-52,0,369,3904,13,100,1,0,0
1118,28,18,1280,0,140,2,4,7,1,1,-95,1,751,8602,58,100,1,0,0
1119,19,13,1280,0,91,5,15,5,1,3,-70,0,500,5687,18,100,1,0,0
1120,4,1,512,10,177,6,3,7,2,1,-61,10,2823,14146,74,100,0,0,0
1121,1,0,256,0,12,0,0,3,0,0,0,10,2787,23684,1588,100,2,0,0
1121,5,1,512,0,191,6,1,7,1,1,-76,4,943,10642,75,100,0,0,0
1120,9,4,768,0,166,3,7,7,1,1,-52,6,2479,17390,71,100,1,0,0
1118,25,21,1536,0,160,3,9,7,1,2,-70,0,700,9743,56,100,2,0,0
1120,20,14,1280,10,186,2,7,7,1,1,-70,0,630,8415,56,100,1,0,0
1120,30,24,1536,0,149,5,6,7,1,3,-70,1,1083,12635,56,100,2,0,0
1120,21,15,1280,0,146,3,4,7,1,1,-70,2,1203,13530,66,100,1,0,0
1122,15,9,1024,10,166,3,5,7,1,1,-70,3,1287,10152,67,100,1,0,0
1120,31,30,1792,10,157,4,11,5,1,2,-52,0,477,4609,37,100,1,0,0
1123,11,5,768,0,166,7,2,7,1,2,-70,1,834,12136,66,100,2,0,0
1123,8,4,768,10,171,4,7,7,2,2,-70,9,2304,14574,70,100,1,0,0
1122,6,5,768,0,175,4,5,5,1,2,-52,0,925,11118,57,100,3,0,0
1122,10,5,768,0,165,2,9,7,1,1,-52,0,601,9020,53,100,1,0,0
1124,27,22,1536,0,157,1,8,5,1,1,-52,0,726,10784,45,100,2,0,0
1123,12,8,1024,10,164,4,5,7,1,2,-70,1,1103,20533,61,100,2,0,0
1125,3,1,512,0,158,6,3,7,1,1,-76,2,1159,17300,75,100,1,0,0
1124,26,21,1536,0,175,1,5,7,1,1,-52,0,832,11138,57,100,2,0,0
1124,20,14,1280,0,186,2,7,7,1,1,-70,0,425,4316,57,100,1,0,0
1124,13,9,1024,10,92,6,14,7,1,2,-70,1,1244,14015,25,100,1,0,0
1125,2,3,768,0,173,5,5,5,1,2,-52,0,521,7165,61,100,1,0,0
1124,22,18,1280,10,152,4,7,7,1,1,-70,1,1385,14342,47,100,2,0,0
1126,1,0,256,0,12,0,0,3,0,0,0,10,1238,12642,1595,100,1,0,0
1125,14,8,1024,0,161,5,8,7,1,2,-70,1,1540,15513,58,100,2,0,0
1125,21,15,1280,0,147,3,4,7,1,1,-70,2,688,8237,66,100,1,0,0
1127,7,3,768,0,115,7,13,7,1,3,-70,0,602,9374,27,100,1,0,0
1125,17,12,1280,0,143,1,9,7,1,1,-52,0,573,7857,46,100,2,0,0
1126,6,5,768,0,176,4,5,5,1,2,-52,0,269,3863,57,100,0,0,0
1125,24,18,1280,0,159,4,10,7,1,1,-70,2,1466,14728,51,100,2,0,0
1125,28,18,1280,0,141,2,4,7,1,1,-95,1,504,9862,58,100,1,0,0
1126,23,18,1280,0,59,3,18,6,1,1,-52,0,597,7689,14,100,3,0,0
1128,4,1,512,10,178,6,3,7,2,1,-61,10,5324,26371,75,100,2,0,0
1128,29,28,1536,0,156,2,6,7,1,1,-52,0,795,10668,53,100,2,0,0
1129,11,5,768,0,169,7,2,7,1,2,-70,1,866,9570,67,100,1,0,0
1127,19,13,1280,0,95,5,15,5,1,3,-70,0,854,8362,19,100,1,0,0
1127,31,30,1792,0,159,4,11,5,1,2,-52,0,581,6846,38,100,1,0,0
1129,20,14,1280,10,186,2,7,7,1,1,-70,0,261,4295,57,100,1,0,0
1129,16,11,1024,0,169,4,4,7,1,2,-52,0,714,10989,61,100,3,0,0
1130,18,8,1024,0,181,3,6,7,1,1,-95,8,3952,32800,69,100,3,0,0
1130,9,4,768,0,166,3,7,7,1,1,-52,6,2350,20951,72,100,2,0,0
1131,2,3,768,0,174,5,5,5,1,2,-52,0,445,5357,62,100,1,0,0
1129,25,21,1536,10,160,3,9,7,1,2,-70,0,309,8496,56,100,1,0,0
1132,8,4,768,0,177,4,7,7,2,2,-70,9,4679,26796,70,100,2,0,0
1131,15,9,1024,10,166,3,5,7,1,1,-70,3,1174,15409,68,100,2,0,0
1133,5,1,512,0,193,6,1,7,1,1,-76,4,2673,27013,75,100,2,0,0
1130,30,24,1536,10,153,5,6,7,1,3,-70,1,1244,12887,56,100,2,0,0
1132,14,8,1024,10,162,5,8,7,1,2,-70,1,631,8156,58,100,1,0,0
1133,1,0,256,0,12,0,0,3,0,0,0,10,1979,18217,1611,100,1,0,0
1131,27,22,1536,0,160,1,8,5,1,1,-52,0,631,8030,45,100,1,0,0
1131,28,18,1280,0,145,2,4,7,1,1,-95,1,1100,9450,59,100,1,0,0
1133,6,5,768,0,176,4,5,5,1,2,-52,0,435,6484,58,100,2,0,0
1133,12,8,1024,0,165,4,5,7,1,2,-70,1,1271,18645,62,100,2,0,0
1133,23,18,1280,0,62,3,18,6,1,1,-52,0,606,6750,14,100,1,0,0
1133,13,9,1024,0,94,6,14,7,1,2,-70,1,1089,11745,26,100,2,0,0
1134,10,5,768,0,170,2,9,7,1,1,-52,0,1019,11456,54,100,2,0,0
1132,26,21,1536,10,176,1,5,7,1,1,-52,0,570,8007,58,100,2,0,0
1135,20,14,1280,0,187,2,7,7,1,1,-70,0,393,5524,57,100,1,0,0
1134,24,18,1280,0,160,4,10,7,1,1,-70,2,1005,11940,52,100,1,0,0
1134,21,15,1280,0,151,3,4,7,1,1,-70,2,1875,18544,67,100,2,0,0
1135,17,12,1280,0,146,1,9,7,1,1,-52,0,751,9382,46,100,2,0,0
1136,3,1,512,0,162,6,3,7,1,1,-76,2,1958,21915,76,100,3,0,0
1135,22,18,1280,0,155,4,7,7,1,1,-70,1,1332,14471,47,100,2,0,0
1135,16,11,1024,0,171,4,4,7,1,2,-52,0,500,6113,61,100,1,0,0
1136,4,1,512,0,179,6,3,7,2,1,-61,10,5310,26569,75,100,1,0,0
1136,19,13,1280,10,96,5,16,5,1,3,-70,0,684,7935,19,100,4,0,0
1137,11,5,768,0,170,7,2,7,1,2,-70,1,889,13273,67,100,1,0,0
1136,28,18,1280,0,146,2,4,7,1,1,-95,1,509,7419,59,100,1,0,0
1137,7,3,768,10,119,7,13,7,1,3,-70,0,856,10102,28,100,2,0,0
1137,15,9,1024,10,166,3,5,7,1,1,-70,3,1130,10283,69,100,1,0,0
1138,5,1,512,10,194,6,1,7,1,1,-76,4,1541,12532,76,100,2,0,0
1138,2,3,768,10,175,5,5,5,1,2,-52,0,389,6635,62,100,1,0,0
1138,18,8,1024,10,182,3,6,7,1,1,-95,8,2466,21055,70,100,2,0,0
1138,13,9,1024,0,94,6,14,7,1,2,-70,1,552,6510,26,100,1,0,0
1138,30,24,1536,0,153,5,6,7,1,3,-70,1,615,9941,57,100,1,0,0
1137,25,21,1536,0,164,3,9,7,1,2,-70,0,915,9185,57,100,2,0,0
1140,12,8,1024,20,165,4,5,7,1,2,-70,1,579,11678,62,100,1,0,0
1140,29,28,1536,0,160,2,6,7,1,1,-52,0,1023,11466,54,100,2,0,0
1140,10,5,768,0,172,2,9,7,1,1,-52,0,499,6166,54,100,1,0,0
1138,26,21,1536,0,177,1,5,7,1,1,-52,0,417,6981,58,100,1,0,0
1141,6,5,768,0,178,4,5,5,1,2,-52,0,514,7046,58,100,2,0,0
1139,24,18,1280,10,161,4,10,7,1,1,-70,2,701,6501,52,100,1,0,0
1140,20,14,1280,0,189,2,7,7,1,1,-70,0,555,5843,58,100,1,0,0
1142,9,4,768,0,168,3,7,7,1,1,-52,6,3124,23801,72,100,2,0,0
1139,31,30,1792,0,161,4,11,5,1,2,-52,0,669,10722,38,100,2,0,0
1140,22,18,1280,0,156,4,7,7,1,1,-70,1,510,5918,48,100,1,0,0
1142,3,1,512,0,162,6,3,7,1,1,-76,2,1038,11643,76,100,1,0,0
1142,11,5,768,0,171,7,2,7,1,2,-70,1,680,7445,68,100,1,0,0
1141,14,8,1024,0,165,5,8,7,1,2,-70,1,1430,13350,59,100,2,0,0
1140,27,22,1536,0,163,1,8,5,1,1,-52,0,807,9387,46,100,2,0,0
1143,1,0,256,0,12,0,0,3,0,0,0,10,2936,26836,1633,100,2,0,0
1143,4,1,512,10,181,6,3,7,2,1,-61,10,4426,22558,76,100,2,0,0
1143,8,4,768,0,178,4,7,7,2,2,-70,9,5474,32139,71,100,2,0,0
1142,23,18,1280,0,64,3,18,6,1,1,-52,0,676,8543,15,100,2,0,0
1142,28,18,1280,0,146,2,4,7,1,1,-95,1,636,9641,60,100,1,0,0
1145,2,3,768,0,177,5,5,5,1,2,-52,0,674,6556,63,100,2,0,0
1144,17,12,1280,0,150,1,9,7,1,1,-52,0,902,9060,47,100,4,0,0
1146,11,5,768,0,172,7,2,7,1,2,-70,1,534,6842,68,100,1,0,0
1145,27,22,1536,0,165,1,8,5,1,1,-52,0,475,4707,46,100,1,0,0
1146,16,11,1024,10,176,4,4,7,1,2,-52,0,914,10404,62,100,2,0,0
1147,5,1,512,0,198,6,1,7,1,1,-76,4,2423,21252,76,100,1,0,0
1146,10,5,768,0,174,2,9,7,1,1,-52,0,497,6056,54,100,1,0,0
1147,9,4,768,0,169,3,7,7,1,1,-52,6,918,9989,73,100,1,0,0
1147,18,8,1024,10,186,3,6,7,1,1,-95,8,3491,25568,70,100,1,0,0
1146,15,9,1024,10,170,3,5,7,1,1,-70,3,1476,15327,69,100,2,0,0
1146,19,13,1280,0,99,5,16,5,1,3,-70,0,832,10315,20,100,2,0,0
1147,12,8,1024,0,169,4,5,7,1,2,-70,1,1209,13706,63,100,1,0,0
1148,7,3,768,0,121,7,13,7,1,3,-70,0,700,10483,28,100,2,0,0
1146,28,18,1280,0,148,2,4,7,1,1,-95,1,652,6396,60,100,1,0,0
1145,25,21,1536,0,166,3,9,7,1,2,-70,0,517,7669,57,100,2,0,0
1148,3,1,512,0,163,6,3,7,1,1,-76,2,1049,12504,77,100,1,0,0
1146,21,15,1280,0,154,3,4,7,1,1,-70,2,1889,22426,67,100,2,0,0
1149,1,0,256,0,12,0,0,3,0,0,0,10,1599,14775,1643,100,1,0,0
1146,31,30,1792,0,163,4,11,5,1,2,-52,0,557,6864,39,100,1,0,0
1148,29,28,1536,0,163,2,6,7,1,1,-52,0,779,7762,55,100,3,0,0
1149,6,5,768,0,180,4,5,5,1,2,-52,0,576,8303,59,100,1,0,0
1148,24,18,1280,0,162,4,10,7,1,1,-70,2,1222,12653,53,100,2,0,0
1148,26,21,1536,0,179,1,5,7,1,1,-52,0,700,9199,59,100,2,0,0
1148,30,24,1536,0,157,5,6,7,1,3,-70,1,1509,13876,57,100,2,0,0
1149,13,9,1024,0,100,6,14,7,1,2,-70,1,1521,14927,27,100,2,0,0
1149,17,12,1280,0,151,1,9,7,1,1,-52,0,368,4854,47,100,1,0,0
1151,8,4,768,20,181,4,7,7,2,2,-70,9,3812,22479,72,100,2,0,0
1151,20,14,1280,0,194,2,7,7,1,1,-70,0,959,10391,58,100,3,0,0
1150,21,15,1280,0,155,3,4,7,1,1,-70,2,899,8782,68,100,1,0,0
1151,22,18,1280,0,160,4,7,7,1,1,-70,1,1603,15655,48,100,2,0,0
1152,15,9,1024,0,172,3,5,7,1,1,-70,3,1773,11498,69,100,1,0,0
1153,4,1,512,10,185,6,3,7,2,1,-61,10,6644,32686,76,100,1,0,0
1153,29,28,1536,0,163,2,6,7,1,1,-52,0,164,4326,55,100,0,0,0
1153,14,8,1024,0,166,5,8,7,1,2,-70,1,1089,15000,59,100,2,0,0
1153,18,8,1024,20,188,3,6,7,1,1,-95,8,2500,18006,71,100,1,0,0
1153,7,3,768,0,122,7,13,7,1,3,-70,0,447,5780,29,100,1,0,0
1154,9,4,768,0,169,3,7,7,1,1,-52,6,2399,16511,73,100,1,0,0
1151,27,22,1536,10,166,1,8,5,1,1,-52,0,514,6423,47,100,1,0,0
1152,19,13,1280,0,102,5,17,5,1,3,-70,0,635,7213,20,100,2,0,0
1152,28,18,1280,0,151,2,4,7,1,1,-95,1,1052,9929,60,100,1,0,0
1153,23,18,1280,0,67,3,18,6,1,1,-52,0,775,11021,15,100,2,0,0
1154,2,3,768,0,179,5,5,5,1,2,-52,0,544,9324,63,100,1,0,0
1155,5,1,512,10,201,6,1,7,1,1,-76,4,1834,19513,77,100,2,0,0
1153,31,30,1792,0,165,4,11,5,1,2,-52,0,524,6831,39,100,1,0,0
1154,17,12,1280,0,152,1,9,7,1,1,-52,0,424,4392,48,100,1,0,0
1155,10,5,768,0,174,2,9,7,1,1,-52,0,484,8436,55,100,2,0,0
1155,12,8,1024,0,173,4,5,7,1,2,-70,1,1374,14905,63,100,2,0,0
1156,24,18,1280,0,166,4,10,7,1,1,-70,2,1449,11584,53,100,2,0,0
1157,6,5,768,0,182,4,5,5,1,2,-52,0,617,7209,59,100,2,0,0
1156,15,9,1024,0,174,3,5,7,1,1,-70,3,575,7238,70,100,0,0,0
1157,16,11,1024,10,180,4,4,7,1,2,-52,0,1023,11285,63,100,2,0,0
1158,11,5,768,20,175,7,2,7,1,2,-70,1,1389,18346,69,100,2,0,0
1158,3,1,512,0,164,6,3,7,1,1,-76,2,1399,17885,77,100,2,0,0
1155,26,21,1536,10,183,1,5,7,1,1,-52,0,713,7439,59,100,1,0,0
1159,4,1,512,10,186,6,3,7,2,1,-61,10,3852,19087,77,100,1,0,0
1159,1,0,256,0,12,0,0,3,0,0,0,10,2747,25312,1665,100,1,0,0
1158,18,8,1024,0,188,3,6,7,1,1,-95,8,1807,14658,71,100,1,0,0
1159,8,4,768,0,181,4,7,7,2,2,-70,9,3736,22511,72,100,1,0,0
1156,25,21,1536,10,168,3,9,7,1,2,-70,0,700,10577,58,100,2,0,0
1157,30,24,1536,0,162,5,6,7,1,3,-70,1,1495,13314,58,100,2,0,0
1160,10,5,768,0,175,2,9,7,1,1,-52,0,366,4560,55,100,1,0,0
1161,9,4,768,0,173,3,7,7,1,1,-52,6,1993,14680,74,100,1,0,0
1158,17,12,1280,10,153,1,9,7,1,1,-52,0,362,4061,48,100,2,0,0
1160,23,18,1280,0,67,3,18,6,1,1,-52,0,463,6614,16,100,2,0,0
1160,21,15,1280,0,158,3,4,7,1,1,-70,2,1327,17051,68,100,1,0,0
1160,22,18,1280,0,161,4,7,7,1,1,-70,1,848,11589,49,100,1,0,0
1162,12,8,1024,0,175,4,5,7,1,2,-70,1,823,10776,64,100,1,0,0
1160,27,22,1536,0,170,1,8,5,1,1,-52,0,655,8716,47,100,1,0,0
1161,13,9,1024,10,104,6,14,7,1,2,-70,1,1523,16080,28,100,2,0,0
1160,19,13,1280,0,105,5,17,5,1,3,-70,0,784,7872,21,100,2,0,0
1161,20,14,1280,10,197,2,7,7,1,1,-70,0,808,10241,59,100,2,0,0
1161,24,18,1280,10,168,4,10,7,1,1,-70,2,760,7003,54,100,0,0,0
1163,4,1,512,10,187,6,3,7,2,1,-61,10,3721,16778,77,100,1,0,0
1163,3,1,512,0,165,6,3,7,1,1,-76,2,662,9771,78,100,1,0,0
1162,29,28,1536,0,166,2,6,7,1,1,-52,0,807,9965,56,100,2,0,0
1163,14,8,1024,0,170,5,8,7,1,2,-70,1,1322,13845,60,100,2,0,0
1164,10,5,768,0,175,2,9,7,1,1,-52,0,259,3822,55,100,1,0,0
1163,28,18,1280,0,153,2,4,7,1,1,-95,1,1167,17631,61,100,2,0,0
1164,2,3,768,0,180,5,5,5,1,2,-52,0,590,9498,64,100,2,0,0
1166,17,12,1280,0,155,1,9,7,1,1,-52,0,500,5646,48,100,1,0,0
1164,5,1,512,20,203,6,1,7,1,1,-76,4,2421,22862,78,100,2,0,0
1164,7,3,768,0,126,7,13,7,1,3,-70,0,880,11099,29,100,2,0,0
1165,27,22,1536,0,171,1,8,5,1,1,-52,0,525,4173,48,100,2,0,0
1164,16,11,1024,0,182,4,4,7,1,2,-52,0,526,7315,63,100,1,0,0
1166,12,8,1024,0,178,4,5,7,1,2,-70,1,847,8364,64,100,1,0,0
1165,13,9,1024,0,106,6,14,7,1,2,-70,1,660,5580,28,100,1,0,0
1166,6,5,768,0,184,4,5,5,1,2,-52,0,576,8606,60,100,1,0,0
1164,31,30,1792,0,169,4,11,5,1,2,-52,0,929,11165,40,100,3,0,0
1165,26,21,1536,0,185,1,5,7,1,1,-52,0,701,9061,60,100,2,0,0
1168,3,1,512,0,165,6,3,7,1,1,-76,2,758,7822,78,100,1,0,0
1166,19,13,1280,0,105,5,17,5,1,3,-70,0,286,5033,21,100,1,0,0
1166,23,18,1280,0,68,3,18,6,1,1,-52,0,368,5362,16,100,1,0,0
1168,11,5,768,0,178,7,2,7,1,2,-70,1,1374,16871,69,100,2,0,0
1168,1,0,256,0,12,0,0,3,0,0,0,10,2571,23919,1682,100,2,0,0
1168,24,18,1280,0,170,4,10,7,1,1,-70,2,959,8296,54,100,2,0,0
1167,15,9,1024,20,179,3,5,7,1,1,-70,3,2159,18735,70,100,3,0,0
1169,8,4,768,0,185,4,7,7,2,2,-70,9,5015,28615,73,100,2,0,0
1169,18,8,1024,0,193,3,6,7,1,1,-95,8,4205,30591,72,100,2,0,0
1169,20,14,1280,0,201,2,7,7,1,1,-70,0,795,8068,60,100,1,0,0
1169,10,5,768,0,177,2,9,7,1,1,-52,0,552,5313,56,100,1,0,0
1169,29,28,1536,10,166,2,6,7,1,1,-52,0,285,5961,56,100,1,0,0
1170,6,5,768,0,185,4,5,5,1,2,-52,0,365,3685,60,100,1,0,0
1167,25,21,1536,0,169,3,9,7,1,2,-70,0,619,10169,59,100,2,0,0
1169,21,15,1280,0,159,3,4,7,1,1,-70,2,1400,15791,69,100,2,0,0
1171,23,18,1280,0,71,3,18,6,1,1,-52,0,509,4959,16,100,0,0,0
1171,9,4,768,0,178,3,7,7,1,1,-52,6,3440,25088,74,100,2,0,0
1169,30,24,1536,10,167,5,6,7,1,3,-70,1,1440,15731,59,100,2,0,0
1172,4,1,512,20,188,6,3,7,2,1,-61,10,5307,26635,77,100,2,0,0
1170,13,9,1024,0,106,6,14,7,1,2,-70,1,551,6465,28,100,1,0,0
1169,26,21,1536,10,186,1,5,7,1,1,-52,0,261,3778,60,100,1,0,0
1170,2,3,768,0,181,5,5,5,1,2,-52,0,445,6375,65,100,1,0,0
1171,22,18,1280,0,165,4,7,7,1,1,-70,1,1482,14144,50,100,2,0,0
1173,11,5,768,0,179,7,2,7,1,2,-70,1,536,6556,70,100,1,0,0
1172,24,18,1280,10,172,4,10,7,1,1,-70,2,768,6571,54,100,0,0,0
1173,14,8,1024,0,173,5,8,7,1,2,-70,1,1250,12671,61,100,2,0,0
1174,1,0,256,0,12,0,0,3,0,0,0,10,1539,13638,1694,100,1,0,0
1173,7,3,768,0,128,7,13,7,1,3,-70,0,675,8374,30,100,2,0,0
1173,28,18,1280,0,158,2,4,7,1,1,-95,1,1373,14657,62,100,2,0,0
1175,27,22,1536,10,171,1,8,5,1,1,-52,0,406,8028,48,100,2,0,0
1175,8,4,768,0,185,4,7,7,2,2,-70,9,2995,17015,73,100,1,0,0
1173,31,30,1792,0,173,4,11,5,1,2,-52,0,688,8389,41,100,1,0,0
1176,17,12,1280,0,159,1,9,7,1,1,-52,0,938,10566,49,100,2,0,0
1176,6,5,768,0,188,4,5,5,1,2,-52,0,659,6377,61,100,1,0,0
1175,30,24,1536,0,168,5,6,7,1,3,-70,1,797,7148,59,100,1,0,0
1176,5,1,512,30,206,6,1,7,1,1,-76,4,3079,27190,78,100,2,0,0
1175,22,18,1280,0,165,4,7,7,1,1,-70,1,501,5892,50,100,1,0,0
1176,10,5,768,0,180,2,9,7,1,1,-52,0,598,6547,56,100,2,0,0
1177,16,11,1024,0,185,4,4,7,1,2,-52,0,901,11403,64,100,2,0,0
1176,3,1,512,0,167,6,3,7,1,1,-76,2,1355,17767,78,100,1,0,0
1177,12,8,1024,0,181,4,5,7,1,2,-70,1,1480,21024,65,100,2,0,0
1177,4,1,512,0,190,6,3,7,2,1,-61,10,3826,19758,78,100,1,0,0
1178,9,4,768,10,180,3,7,7,1,1,-52,6,1558,14315,75,100,1,0,0
1177,19,13,1280,0,109,5,17,5,1,3,-70,0,818,10227,22,100,1,0,0
1179,11,5,768,0,180,7,2,7,1,2,-70,1,730,9489,70,100,1,0,0
1177,7,3,768,0,130,7,13,7,1,3,-70,0,497,4870,30,100,1,0,0
1178,20,14,1280,0,202,2,7,7,1,1,-70,0,537,8837,60,100,2,0,0
1178,24,18,1280,0,172,4,10,7,1,1,-70,2,735,7543,55,100,1,0,0
1179,18,8,1024,20,195,3,6,7,1,1,-95,8,3681,28307,73,100,2,0,0
1179,15,9,1024,0,182,3,5,7,1,1,-70,3,2002,19775,71,100,1,0,0
1179,21,15,1280,10,161,3,4,7,1,1,-70,2,1711,19776,70,100,2,0,0
1179,23,18,1280,0,74,3,18,6,1,1,-52,0,777,8213,17,100,3,0,0
1180,5,1,512,0,206,6,1,7,1,1,-76,4,974,9967,79,100,0,0,0
1178,25,21,1536,0,172,3,9,7,1,2,-70,0,808,10329,60,100,2,0,0
1181,17,12,1280,0,160,1,9,7,1,1,-52,0,272,4981,49,100,0,0,0
1179,29,28,1536,10,172,2,6,7,1,1,-52,0,1046,10945,57,100,2,0,0
1180,26,21,1536,0,190,2,5,7,1,1,-52,0,1005,9857,61,100,1,0,0
1181,10,5,768,0,181,2,9,7,1,1,-52,0,446,5592,57,100,1,0,0
1181,13,9,1024,0,108,6,14,7,1,2,-70,1,1257,14376,29,100,2,0,0
1182,12,8,1024,0,181,4,5,7,1,2,-70,1,523,7549,65,100,1,0,0
1182,2,3,768,0,184,5,5,5,1,2,-52,0,869,10851,65,100,3,0,0
1183,1,0,256,0,12,0,0,3,0,0,0,10,2736,25169,1713,100,2,0,0
1182,31,30,1792,0,174,4,11,5,1,2,-52,0,514,7622,41,100,2,0,0
1183,6,5,768,0,191,4,5,5,1,2,-52,0,724,7650,61,100,2,0,0
1183,14,8,1024,0,176,5,8,7,1,2,-70,1,1222,14070,61,100,2,0,0
1184,3,1,512,0,167,6,3,7,1,1,-76,2,1255,14323,79,100,2,0,0
1183,25,21,1536,0,172,3,9,7,1,2,-70,0,262,4049,60,100,1,0,0
1184,20,14,1280,0,204,2,7,7,1,1,-70,0,555,6323,61,100,1,0,0
1185,22,18,1280,10,167,4,7,7,1,1,-70,1,840,10767,51,100,1,0,0
1184,29,28,1536,0,173,2,6,7,1,1,-52,0,478,4852,57,100,1,0,0
1182,27,22,1536,0,172,1,8,5,1,1,-52,0,497,9262,49,100,1,0,0
1184,19,13,1280,0,113,5,17,5,1,3,-70,0,836,8090,22,100,2,0,0
1184,7,3,768,0,131,7,13,7,1,3,-70,0,446,6435,31,100,1,0,0
1186,17,12,1280,10,162,1,9,7,1,1,-52,0,448,5060,50,100,1,0,0
1185,28,18,1280,0,163,2,4,7,1,1,-95,1,1678,18672,62,100,2,0,0
1187,8,4,768,0,186,4,7,7,2,2,-70,9,5471,33723,74,100,2,0,0
1187,10,5,768,0,181,2,9,7,1,1,-52,0,283,5621,57,100,1,0,0
1186,30,24,1536,0,168,5,6,7,1,3,-70,1,929,12942,60,100,2,0,0
1187,31,30,1792,0,175,4,11,5,1,2,-52,0,425,4435,42,100,1,0,0
1188,24,18,1280,0,175,4,10,7,1,1,-70,2,1540,13462,55,100,2,0,0
1187,5,1,512,10,209,6,1,7,1,1,-76,4,1887,16749,79,100,2,0,0
1187,9,4,768,20,184,3,7,7,1,1,-52,6,3050,21892,75,100,2,0,0
1187,11,5,768,0,180,7,2,7,1,2,-70,1,789,14576,71,100,1,0,0
1188,4,1,512,10,193,6,3,7,2,1,-61,10,7288,35662,78,100,2,0,0
1189,1,0,256,0,12,0,0,3,0,0,0,10,1412,13246,1721,100,1,0,0
1189,16,11,1024,0,189,4,4,7,1,2,-52,0,939,11626,65,100,2,0,0
1186,15,9,1024,20,187,3,5,7,1,1,-70,3,1869,14876,72,100,2,0,0
1190,18,8,1024,0,196,3,6,7,1,1,-95,8,3713,28186,73,100,2,0,0
1188,26,21,1536,0,193,2,5,7,1,1,-52,0,728,7406,61,100,2,0,0
1190,12,8,1024,0,182,4,5,7,1,2,-70,1,862,11355,66,100,1,0,0
1187,21,15,1280,0,165,3,4,7,1,1,-70,2,1840,17550,70,100,2,0,0
1190,22,18,1280,0,168,4,7,7,1,1,-70,1,575,6864,51,100,1,0,0
1190,28,18,1280,0,166,2,4,7,1,1,-95,1,720,7908,63,100,1,0,0
1190,7,3,768,0,134,7,13,7,1,3,-70,0,604,5825,31,100,1,0,0
1191,14,8,1024,0,178,5,8,7,1,2,-70,1,902,9849,62,100,1,0,0
1190,23,18,1280,0,74,3,18,6,1,1,-52,0,486,9987,18,100,2,0,0
1188,13,9,1024,10,112,6,14,7,1,2,-70,1,1104,10033,30,100,1,0,0
1192,3,1,512,0,171,6,3,7,1,1,-76,2,1487,15218,79,100,1,0,0
1192,17,12,1280,0,164,1,9,7,1,1,-52,0,704,6642,50,100,2,0,0
1193,16,11,1024,0,192,4,4,7,1,2,-52,0,577,4832,65,100,2,0,0
1193,8,4,768,0,186,4,7,7,2,2,-70,9,2884,18123,75,100,1,0,0
1193,11,5,768,0,183,7,2,7,1,2,-70,1,972,8267,71,100,1,0,0
1191,15,9,1024,10,188,3,5,7,1,1,-70,3,1028,8921,72,100,1,0,0
1192,31,30,1792,0,176,4,11,5,1,2,-52,0,296,5017,42,100,0,0,0
1192,27,22,1536,0,172,1,8,5,1,1,-52,0,486,9016,50,100,2,0,0
1192,26,21,1536,10,194,2,5,7,1,1,-52,0,368,3978,62,100,1,0,0
1193,29,28,1536,0,174,2,6,7,1,1,-52,0,593,8726,58,100,2,0,0
1194,6,5,768,0,193,4,5,5,1,2,-52,0,624,10345,62,100,1,0,0
1192,21,15,1280,0,166,3,4,7,1,1,-70,2,829,9116,71,100,0,0,0
1194,2,3,768,0,188,5,5,5,1,2,-52,0,936,11535,66,100,2,0,0
1195,1,0,256,0,12,0,0,3,0,0,0,10,2077,17942,1738,100,1,0,0
1194,30,24,1536,10,173,5,6,7,1,3,-70,1,1186,11304,60,100,1,0,0
1196,28,18,1280,0,166,2,4,7,1,1,-95,1,643,8841,63,100,1,0,0
1195,25,21,1536,0,176,3,9,7,1,2,-70,0,938,11657,61,100,2,0,0
1196,10,5,768,0,184,2,9,7,1,1,-52,0,684,8857,58,100,1,0,0
1196,23,18,1280,0,76,3,18,6,1,1,-52,0,709,6163,18,100,1,0,0
1195,20,14,1280,10,207,2,7,7,1,1,-70,0,775,10505,62,100,2,0,0
1197,17,12,1280,0,166,1,9,7,1,1,-52,0,372,4214,50,100,1,0,0
1196,13,9,1024,0,113,6,15,7,1,2,-70,1,722,9703,30,100,2,0,0
1198,12,8,1024,0,184,4,5,7,1,2,-70,1,1027,11669,66,100,1,0,0
1196,19,13,1280,0,116,5,17,5,1,3,-70,0,832,11281,23,100,2,0,0
1198,24,18,1280,0,178,4,10,7,1,1,-70,2,1493,13330,56,100,2,0,0
1197,5,1,512,10,211,6,1,7,1,1,-76,4,2606,24337,80,100,1,0,0
1198,3,1,512,0,172,6,3,7,1,1,-76,2,1032,12121,80,100,2,0,0
1198,9,4,768,10,189,3,7,7,1,1,-52,6,3911,25816,76,100,2,0,0
1197,15,9,1024,0,189,3,5,7,1,1,-70,3,1201,10440,73,100,1,0,0
1199,1,0,256,0,12,0,0,3,0,0,0,10,1082,10298,1744,100,1,0,0
1200,14,8,1024,0,178,5,8,7,1,2,-70,1,793,10337,62,100,2,0,0
1200,18,8,1024,10,200,3,6,7,1,1,-95,8,3670,28352,74,100,2,0,0
1198,31,30,1792,0,177,4,11,5,1,2,-52,0,490,5113,42,100,2,0,0
1199,4,1,512,10,197,6,3,7,2,1,-61,10,8508,40108,79,100,2,0,0
1200,8,4,768,0,188,4,7,7,2,2,-70,9,3468,20162,75,100,1,0,0
1200,26,21,1536,0,197,2,5,7,1,1,-52,0,687,8061,62,100,1,0,0
1202,22,18,1280,0,171,4,7,7,1,1,-70,1,1277,13994,52,100,2,0,0
1201,11,5,768,0,184,7,2,7,1,2,-70,1,926,12877,72,100,2,0,0
1202,30,24,1536,0,174,5,6,7,1,3,-70,1,949,8379,61,100,2,0,0
1200,7,3,768,0,136,7,13,7,1,3,-70,0,698,10152,32,100,2,0,0
1201,27,22,1536,0,174,1,8,5,1,1,-52,0,644,8499,50,100,2,0,0
1202,25,21,1536,0,178,4,9,7,1,2,-70,0,604,7052,61,100,1,0,0
1203,17,12,1280,10,168,1,9,7,1,1,-52,0,653,6435,51,100,2,0,0
1204,23,18,1280,0,77,3,18,6,1,1,-52,0,472,7164,19,100,1,0,0
1203,20,14,1280,10,211,2,7,7,1,1,-70,0,771,7898,62,100,1,0,0
1203,4,1,512,20,198,6,3,7,2,1,-61,10,2649,13632,80,100,1,0,0
1202,21,15,1280,0,168,3,4,7,1,1,-70,2,1812,19833,71,100,2,0,0
1203,2,3,768,0,191,5,5,5,1,2,-52,0,708,9368,67,100,1,0,0
1204,24,18,1280,0,178,4,10,7,1,1,-70,2,772,8082,56,100,1,0,0
1205,16,11,1024,0,193,4,4,7,1,2,-52,0,617,11300,66,100,2,0,0
1205,29,28,1536,0,175,2,6,7,1,1,-52,0,537,9157,58,100,2,0,0
1205,6,5,768,0,199,4,5,5,1,2,-52,0,1223,11094,63,100,3,0,0
1202,15,9,1024,10,190,3,5,7,1,1,-70,3,1051,8339,73,100,1,0,0
1205,28,18,1280,0,166,2,4,7,1,1,-95,1,658,12162,64,100,1,0,0
1205,10,5,768,0,188,2,9,7,1,1,-52,0,856,9465,58,100,2,0,0
1206,18,8,1024,0,200,3,6,7,1,1,-95,8,2312,17337,74,100,1,0,0
1206,8,4,768,0,189,4,7,7,2,2,-70,9,2773,15686,75,100,1,0,0
1205,13,9,1024,0,114,6,15,7,1,2,-70,1,1014,11711,31,100,2,0,0
1206,30,24,1536,0,175,5,6,7,1,3,-70,1,448,5414,61,100,0,0,0
1207,14,8,1024,0,178,5,8,7,1,2,-70,1,772,9623,63,100,1,0,0
1207,22,18,1280,0,173,4,7,7,1,1,-70,1,738,7716,52,100,1,0,0
1206,3,1,512,10,177,6,3,7,1,1,-76,2,1494,15126,80,100,3,0,0
1207,5,1,512,0,212,6,1,7,1,1,-76,4,2048,21258,80,100,2,0,0
1207,26,21,1536,10,199,2,5,7,1,1,-52,0,448,6569,63,100,1,0,0
1206,19,13,1280,0,119,5,17,5,1,3,-70,0,809,10373,24,100,2,0,0
1208,4,1,512,10,200,6,3,7,2,1,-61,10,3680,16344,80,100,1,0,0
1209,12,8,1024,0,185,4,5,7,1,2,-70,1,1188,17432,67,100,3,0,0
1209,31,30,1792,0,180,4,11,5,1,2,-52,0,808,10084,43,100,2,0,0
1209,9,4,768,0,189,3,7,7,1,1,-52,6,2689,21834,77,100,2,0,0
1208,2,3,768,0,194,5,5,5,1,2,-52,0,573,5026,67,100,2,0,0
1209,24,18,1280,0,178,4,10,7,1,1,-70,2,819,8238,57,100,1,0,0
1210,1,0,256,0,12,0,0,3,0,0,0,10,3124,28023,1767,100,2,0,0
1211,7,3,768,0,139,7,13,7,1,3,-70,0,750,9207,32,100,2,0,0
1211,23,18,1280,0,79,3,18,6,1,1,-52,0,620,7334,19,100,2,0,0
1212,11,5,768,10,186,7,2,7,1,2,-70,1,1114,15647,72,100,2,0,0
1210,21,15,1280,30,174,3,4,7,1,1,-70,2,1897,17549,72,100,2,0,0
1212,5,1,512,0,212,6,1,7,1,1,-76,4,1103,12183,81,100,1,0,0
1213,17,12,1280,0,171,1,9,7,1,1,-52,0,655,9122,51,100,1,0,0
1213,8,4,768,0,191,4,7,7,2,2,-70,9,3069,19846,76,100,2,0,0
1214,18,8,1024,0,203,3,6,7,1,1,-95,8,2383,20716,75,100,1,0,0
1213,9,4,768,30,191,3,7,7,1,1,-52,6,1071,8791,77,100,1,0,0
1214,29,28,1536,10,176,2,6,7,1,1,-52,0,472,8581,59,100,1,0,0
1211,25,21,1536,0,181,4,9,7,1,2,-70,0,783,8781,62,100,2,0,0
1214,28,18,1280,10,167,2,4,7,1,1,-95,1,828,14533,64,100,2,0,0
1212,13,9,1024,0,116,6,15,7,1,2,-70,1,821,9064,31,100,1,0,0
1214,6,5,768,0,201,4,5,5,1,2,-52,0,546,8320,63,100,1,0,0
1211,26,21,1536,10,199,2,5,7,1,1,-52,0,369,3978,63,100,1,0,0
1215,16,11,1024,0,197,4,4,7,1,2,-52,0,915,9985,67,100,2,0,0
1214,20,14,1280,0,215,2,7,7,1,1,-70,0,939,10934,63,100,2,0,0
1214,24,18,1280,0,179,4,10,7,1,1,-70,2,574,6117,57,100,1,0,0
1214,10,5,768,10,194,2,9,7,1,1,-52,0,1102,9384,59,100,2,0,0
1212,27,22,1536,0,177,1,8,5,1,1,-52,0,807,11007,51,100,2,0,0
1216,12,8,1024,0,188,4,5,7,1,2,-70,1,984,10638,67,100,1,0,0
1214,15,9,1024,0,192,3,5,7,1,1,-70,3,2098,19989,74,100,2,0,0
1215,30,24,1536,0,178,5,6,7,1,3,-70,1,1130,12005,62,100,2,0,0
1216,23,18,1280,0,80,3,18,6,1,1,-52,0,271,4312,19,100,0,0,0
1217,3,1,512,0,177,6,3,7,1,1,-76,2,1503,18297,81,100,2,0,0
1217,1,0,256,0,12,0,0,3,0,0,0,10,1627,15910,1778,100,1,0,0
1217,8,4,768,0,192,4,7,7,2,2,-70,9,2499,12697,76,100,1,0,0
1217,4,1,512,10,202,6,3,7,2,1,-61,10,5443,27500,80,100,1,0,0
1216,13,9,1024,0,117,6,15,7,1,2,-70,1,452,5518,31,100,1,0,0
1217,14,8,1024,0,183,5,8,7,1,2,-70,1,1491,14552,64,100,2,0,0
1217,17,12,1280,0,172,1,9,7,1,1,-52,0,448,4821,52,100,1,0,0
1217,2,3,768,0,196,5,5,5,1,2,-52,0,673,8020,68,100,2,0,0
1218,22,18,1280,0,176,4,7,7,1,1,-70,1,1358,14924,53,100,2,0,0
1218,6,5,768,0,204,4,5,5,1,2,-52,0,579,4284,63,100,1,0,0
1218,9,4,768,10,192,3,7,7,1,1,-52,6,1482,11054,77,100,1,0,0
1219,10,5,768,0,195,2,9,7,1,1,-52,0,392,4895,59,100,1,0,0
1218,19,13,1280,0,123,5,17,5,1,3,-70,0,940,11109,25,100,2,0,0
1218,27,22,1536,0,179,1,8,5,1,1,-52,0,500,5829,51,100,1,0,0
1221,7,3,768,0,144,7,13,7,1,3,-70,0,916,9805,33,100,2,0,0
1221,30,24,1536,20,180,5,6,7,1,3,-70,1,628,7542,62,100,1,0,0
1221,5,1,512,0,215,6,1,7,1,1,-76,4,2384,20813,81,100,2,0,0
1221,31,30,1792,0,181,4,11,5,1,2,-52,0,787,10956,44,100,2,0,0
1221,2,3,768,0,198,5,5,5,1,2,-52,0,472,4367,68,100,1,0,0
1219,26,21,1536,0,200,2,5,7,1,1,-52,0,684,10314,64,100,2,0,0
1222,18,8,1024,0,204,3,6,7,1,1,-95,8,3483,26810,75,100,2,0,0
1222,12,8,1024,10,191,4,5,7,1,2,-70,1,1049,12164,68,100,1,0,0
1221,21,15,1280,0,177,3,4,7,1,1,-70,2,1725,19700,72,100,2,0,0
1223,11,5,768,0,190,7,2,7,1,2,-70,1,1372,83053,73,100,2,0,0
1223,15,9,1024,10,195,3,5,7,1,1,-70,3,1299,12680,74,100,2,0,0
1224,16,11,1024,0,200,4,4,7,1,2,-52,0,751,8871,67,100,2,0,0
1223,29,28,1536,0,177,2,7,7,1,1,-52,0,646,10277,60,100,3,0,0
1221,25,21,1536,0,187,4,9,7,1,2,-70,0,1167,11734,62,100,2,0,0
1223,17,12,1280,0,176,1,9,7,1,1,-52,0,713,6662,52,100,1,0,0
1224,3,1,512,0,179,6,3,7,1,1,-76,2,1554,16758,82,100,1,0,0
1224,24,18,1280,0,185,4,10,7,1,1,-70,2,1906,15021,58,100,2,0,0
1224,9,4,768,10,192,3,7,7,1,1,-52,6,1734,13608,78,100,1,0,0
1224,20,14,1280,0,217,2,7,7,1,1,-70,0,701,9303,64,100,2,0,0
1224,28,18,1280,0,172,2,4,7,1,1,-95,1,1592,17892,65,100,2,0,0
1224,27,22,1536,0,182,1,8,5,1,1,-52,0,656,5392,52,100,2,0,0
1226,7,3,768,0,146,7,13,7,1,3,-70,0,473,5114,33,100,1,0,0
1226,5,1,512,0,216,6,1,7,1,1,-76,4,1251,12034,82,100,1,0,0
1226,4,1,512,10,204,6,3,7,2,1,-61,10,6045,30133,81,100,2,0,0
1225,2,3,768,10,199,5,5,5,1,2,-52,0,268,3966,68,100,0,0,0
1227,18,8,1024,20,206,3,6,7,1,1,-95,8,1816,13270,76,100,1,0,0
1227,31,30,1792,0,182,4,11,5,1,2,-52,0,436,5734,44,100,1,0,0
1227,15,9,1024,10,197,3,5,7,1,1,-70,3,728,7188,74,100,0,0,0
1227,10,5,768,0,197,2,9,7,1,1,-52,0,577,7687,60,100,1,0,0
1228,1,0,256,0,12,0,0,3,0,0,0,10,3256,29680,1802,100,2,0,0
1228,8,4,768,10,195,4,7,7,2,2,-70,9,5087,31252,77,100,2,0,0
1226,23,18,1280,10,83,3,18,6,1,1,-52,0,807,10368,20,100,2,0,0
1228,29,28,1536,0,180,2,7,7,1,1,-52,0,583,4677,60,100,1,0,0
1229,14,8,1024,0,189,5,8,7,1,2,-70,1,1596,15401,64,100,2,0,0
1229,6,5,768,0,207,4,5,5,1,2,-52,0,874,10487,64,100,2,0,0
1228,17,12,1280,0,177,1,9,7,1,1,-52,0,438,4585,52,100,1,0,0
1228,22,18,1280,0,178,4,7,7,1,1,-70,1,1391,14615,53,100,2,0,0
1226,26,21,1536,0,201,2,5,7,1,1,-52,0,393,6224,64,100,1,0,0
1228,13,9,1024,10,118,6,15,7,1,2,-70,1,1094,14471,32,100,2,0,0
1230,16,11,1024,0,200,4,4,7,1,2,-52,0,341,5428,68,100,1,0,0
1229,19,13,1280,0,125,5,17,5,1,3,-70,0,664,9636,25,100,3,0,0
1231,30,24,1536,0,181,5,6,7,1,3,-70,1,1295,12643,63,100,2,0,0
1228,25,21,1536,0,189,4,9,7,1,2,-70,0,678,7411,63,100,2,0,0
1231,31,30,1792,0,183,4,11,5,1,2,-52,0,369,4078,44,100,1,0,0
1232,20,14,1280,0,218,2,7,7,1,1,-70,0,416,7172,64,100,1,0,0
1230,27,22,1536,0,184,1,8,5,1,1,-52,0,493,5294,52,100,2,0,0
1231,21,15,1280,10,177,3,4,7,1,1,-70,2,1412,16885,73,100,2,0,0
1233,5,1,512,0,218,6,1,7,1,1,-76,4,1517,13933,82,100,1,0,0
1232,28,18,1280,0,173,2,4,7,1,1,-95,1,920,10604,66,100,2,0,0
1232,3,1,512,0,183,6,3,7,1,1,-76,2,1642,15634,82,100,2,0,0
1232,11,5,768,0,191,7,2,7,1,2,-70,1,1063,14853,74,100,1,0,0
1232,12,8,1024,0,193,4,5,7,1,2,-70,1,1376,15653,68,100,2,0,0
1233,18,8,1024,20,209,3,6,7,1,1,-95,8,2656,18126,76,100,1,0,0
1232,17,12,1280,10,179,1,9,7,1,1,-52,0,531,4499,53,100,1,0,0
1232,24,18,1280,10,186,4,10,7,1,1,-70,2,1240,10819,58,100,2,0,0
1234,6,5,768,10,207,4,5,5,1,2,-52,0,315,4828,65,100,1,0,0
1234,9,4,768,0,194,3,7,7,1,1,-52,6,2540,20728,79,100,2,0,0
1234,16,11,1024,10,201,4,4,7,1,2,-52,0,164,4331,68,100,0,0,0
1234,10,5,768,0,200,2,9,7,1,1,-52,0,628,7698,60,100,1,0,0
1235,30,24,1536,0,181,5,6,7,1,3,-70,1,594,5606,63,100,1,0,0
1234,19,13,1280,0,125,5,17,5,1,3,-70,0,318,4896,26,100,1,0,0
1234,23,18,1280,0,85,3,18,6,1,1,-52,0,702,8355,21,100,2,0,0
1235,29,28,1536,0,182,2,7,7,1,1,-52,0,523,6557,60,100,1,0,0
1236,20,14,1280,0,219,2,7,7,1,1,-70,0,368,4017,64,100,1,0,0
1236,11,5,768,0,192,7,2,7,1,2,-70,1,606,6580,74,100,1,0,0
1237,4,1,512,10,206,6,3,7,2,1,-61,10,7316,35908,82,100,2,0,0
1236,2,3,768,0,201,5,5,5,1,2,-52,0,722,10634,69,100,2,0,0
1237,14,8,1024,0,190,5,8,7,1,2,-70,1,920,10726,65,100,1,0,0
1236,24,18,1280,0,187,4,10,7,1,1,-70,2,605,6301,59,100,0,0,0
1238,8,4,768,10,198,4,7,7,2,2,-70,9,5387,29458,78,100,1,0,0
1239,5,1,512,0,218,6,1,7,1,1,-76,4,1521,13455,82,100,1,0,0
1239,1,0,256,0,12,0,0,3,0,0,0,10,3074,27119,1825,100,2,0,0
1238,7,3,768,0,153,7,13,7,1,3,-70,0,1354,12061,34,100,3,0,0
1239,15,9,1024,0,200,3,5,7,1,1,-70,3,1689,17823,75,100,2,0,0
1238,17,12,1280,0,181,1,9,7,1,1,-52,0,518,6136,53,100,2,0,0
1239,22,18,1280,0,182,4,7,7,1,1,-70,1,1415,14311,54,100,2,0,0
1239,27,22,1536,10,189,1,8,5,1,1,-52,0,884,8290,53,100,3,0,0
1242,13,9,1024,10,121,6,15,7,1,2,-70,1,1488,16024,33,100,2,0,0
1239,23,18,1280,0,86,3,18,6,1,1,-52,0,368,4555,21,100,1,0,0
1240,26,21,1536,0,205,2,5,7,1,1,-52,0,1035,11321,65,100,3,0,0
1242,9,4,768,0,195,3,7,7,1,1,-52,6,1690,14493,79,100,1,0,0
1241,20,14,1280,0,219,2,7,7,1,1,-70,0,317,4809,65,100,1,0,0
1241,31,30,1792,0,187,4,11,5,1,2,-52,0,915,9652,45,100,2,0,0
1241,11,5,768,0,195,7,2,7,1,2,-70,1,785,7828,74,100,1,0,0
1242,30,24,1536,0,182,5,6,7,1,3,-70,1,770,8312,64,100,1,0,0
1242,12,8,1024,0,196,4,5,7,1,2,-70,1,1344,15056,69,100,2,0,0
1242,8,4,768,0,200,4,7,7,2,2,-70,9,2387,12764,78,100,1,0,0
1241,10,5,768,0,202,2,9,7,1,1,-52,0,650,6796,61,100,2,0,0
1241,24,18,1280,0,188,4,10,7,1,1,-70,2,965,6714,59,100,1,0,0
1242,6,5,768,0,208,4,5,5,1,2,-52,0,438,7976,65,100,1,0,0
1242,25,21,1536,0,191,4,9,7,1,2,-70,0,724,11113,64,100,2,0,0
1242,29,28,1536,0,184,2,7,7,1,1,-52,0,652,6808,61,100,2,0,0
1241,19,13,1280,0,128,5,17,5,1,3,-70,0,631,7290,26,100,1,0,0
1243,28,18,1280,0,174,2,4,7,1,1,-95,1,1161,16638,66,100,2,0,0
1243,3,1,512,10,186,6,3,7,1,1,-76,2,1594,20219,83,100,1,0,0
1244,1,0,256,0,12,0,0,3,0,0,0,10,1573,14285,1834,100,1,0,0
1244,15,9,1024,0,203,3,5,7,1,1,-70,3,1249,8615,75,100,1,0,0
1243,21,15,1280,0,178,3,4,7,1,1,-70,2,1648,21410,74,100,2,0,0
1244,18,8,1024,20,213,3,6,7,1,1,-95,8,4319,31714,77,100,2,0,0
1243,23,18,1280,0,89,3,19,6,1,1,-52,0,513,4297,21,100,1,0,0
1245,16,11,1024,0,203,4,4,7,1,2,-52,0,808,10322,69,100,2,0,0
1244,2,3,768,0,203,5,5,5,1,2,-52,0,618,7406,69,100,2,0,0
1246,4,1,512,10,208,6,3,7,2,1,-61,10,5928,28169,82,100,1,0,0
1244,27,22,1536,0,191,1,8,5,1,1,-52,0,510,5183,53,100,0,0,0
1246,14,8,1024,0,191,5,8,7,1,2,-70,1,955,11218,65,100,2,0,0
1246,31,30,1792,10,188,4,11,5,1,2,-52,0,165,4146,45,100,0,0,0
1247,5,1,512,0,221,6,1,7,1,1,-76,4,2268,21350,83,100,1,0,0
1246,12,8,1024,10,196,4,5,7,1,2,-70,1,367,6534,69,100,0,0,0
1247,8,4,768,0,200,4,7,7,2,2,-70,9,2419,13682,78,100,1,0,0
1249,13,9,1024,0,122,6,15,7,1,2,-70,1,714,8935,33,100,1,0,0
1246,24,18,1280,10,188,4,10,7,1,1,-70,2,694,7191,59,100,1,0,0
1247,25,21,1536,0,192,4,9,7,1,2,-70,0,369,4582,64,100,1,0,0
1247,17,12,1280,0,184,1,9,7,1,1,-52,0,783,8512,54,100,2,0,0
1247,7,3,768,0,156,7,13,7,1,3,-70,0,734,10606,35,100,1,0,0
1248,3,1,512,0,187,6,3,7,1,1,-76,2,1031,10672,83,100,1,0,0
1248,10,5,768,10,204,2,9,7,1,1,-52,0,390,6301,61,100,1,0,0
1249,27,22,1536,0,192,1,8,5,1,1,-52,0,368,4738,53,100,1,0,0
1250,9,4,768,10,198,3,7,7,1,1,-52,6,2548,18863,80,100,2,0,0
1250,1,0,256,0,12,0,0,3,0,0,0,10,1658,15719,1847,100,1,0,0
1249,21,15,1280,0,182,3,4,7,1,1,-70,2,1148,11298,74,100,1,0,0
1251,30,24,1536,0,185,5,6,7,1,3,-70,1,1167,11872,64,100,2,0,0
1250,26,21,1536,10,208,2,5,7,1,1,-52,0,549,9039,65,100,1,0,0
1251,28,18,1280,0,176,2,4,7,1,1,-95,1,777,12228,67,100,1,0,0
1251,12,8,1024,0,196,4,5,7,1,2,-70,1,610,7959,70,100,1,0,0
1250,22,18,1280,0,187,4,7,7,1,1,-70,1,1759,15738,55,100,2,0,0
1251,25,21,1536,0,195,4,9,7,1,2,-70,0,582,4284,64,100,1,0,0
1250,19,13,1280,0,131,5,17,5,1,3,-70,0,784,8875,27,100,2,0,0
1252,16,11,1024,0,207,4,4,7,1,2,-52,0,835,7407,69,100,2,0,0
1251,2,3,768,0,205,5,5,5,1,2,-52,0,576,7146,70,100,1,0,0
1252,8,4,768,30,203,4,7,7,2,2,-70,9,2191,13831,79,100,1,0,0
1250,29,28,1536,0,186,2,7,7,1,1,-52,0,547,8106,61,100,1,0,0
1253,11,5,768,0,202,7,2,7,1,2,-70,1,1872,18987,75,100,2,0,0
1252,20,14,1280,10,225,2,7,7,1,1,-70,0,989,10697,65,100,2,0,0
1253,5,1,512,0,221,6,1,7,1,1,-76,4,1385,15543,83,100,1,0,0
1253,14,8,1024,0,193,5,8,7,1,2,-70,1,987,10672,66,100,1,0,0
1254,15,9,1024,0,207,3,5,7,1,1,-70,3,2085,17606,76,100,2,0,0
1254,6,5,768,0,210,4,5,5,1,2,-52,0,721,11172,66,100,2,0,0
1252,23,18,1280,0,90,3,19,6,1,1,-52,0,594,8213,22,100,2,0,0
1253,3,1,512,10,189,6,3,7,1,1,-76,2,900,10095,84,100,1,0,0
1253,31,30,1792,0,188,4,11,5,1,2,-52,0,571,6945,46,100,2,0,0
1254,4,1,512,20,211,6,3,7,2,1,-61,10,6860,31465,83,100,2,0,0
1253,17,12,1280,0,185,1,9,7,1,1,-52,0,392,5408,54,100,1,0,0
1255,10,5,768,0,205,2,9,7,1,1,-52,0,578,6773,62,100,1,0,0
1253,24,18,1280,0,192,4,10,7,1,1,-70,2,1396,9382,60,100,2,0,0
1255,1,0,256,0,12,0,0,3,0,0,0,10,1587,13930,1857,100,1,0,0
1254,7,3,768,0,159,7,13,7,1,3,-70,0,702,6929,35,100,2,0,0
1257,13,9,1024,0,124,6,15,7,1,2,-70,1,1063,10577,34,100,2,0,0
1255,21,15,1280,0,183,3,4,7,1,1,-70,2,1197,12143,75,100,1,0,0
1256,18,8,1024,0,215,3,6,7,1,1,-95,8,4325,32426,78,100,2,0,0
1256,12,8,1024,0,199,4,5,7,1,2,-70,1,790,7298,70,100,1,0,0
1256,16,11,1024,0,208,4,4,7,1,2,-52,0,327,4263,70,100,0,0,0
1256,20,14,1280,0,226,2,7,7,1,1,-70,0,533,5022,66,100,1,0,0
1256,29,28,1536,10,190,2,7,7,1,1,-52,0,745,5974,62,100,1,0,0
1255,19,13,1280,0,132,5,17,5,1,3,-70,0,393,4737,27,100,1,0,0
1256,27,22,1536,0,195,1,8,5,1,1,-52,0,783,7511,54,100,2,0,0
1258,8,4,768,0,206,4,7,7,2,2,-70,9,3679,18527,79,100,1,0,0
1259,9,4,768,0,201,3,7,7,1,1,-52,6,2726,19174,80,100,1,0,0
1259,26,21,1536,0,208,2,5,7,1,1,-52,0,570,7744,66,100,2,0,0
1259,24,18,1280,10,193,4,10,7,1,1,-70,2,424,6499,60,100,0,0,0
1260,15,9,1024,0,209,3,5,7,1,1,-70,3,1275,10749,77,100,1,0,0
1260,18,8,1024,0,217,3,6,7,1,1,-95,8,1591,11772,78,100,1,0,0
1259,17,12,1280,0,185,1,9,7,1,1,-52,0,341,5939,55,100,1,0,0
1261,12,8,1024,0,200,4,5,7,1,2,-70,1,721,8130,70,100,1,0,0
1261,11,5,768,0,204,7,2,7,1,2,-70,1,1146,13370,76,100,2,0,0
1259,30,24,1536,0,188,5,6,7,1,3,-70,1,1090,12972,65,100,1,0,0
1260,2,3,768,0,207,5,5,5,1,2,-52,0,617,8797,70,100,2,0,0
1260,22,18,1280,10,189,4,7,7,1,1,-70,1,1177,12696,56,100,2,0,0
1261,6,5,768,0,213,4,5,5,1,2,-52,0,701,7253,66,100,2,0,0
1262,5,1,512,10,223,6,1,7,1,1,-76,4,2189,19340,84,100,2,0,0
1262,23,18,1280,0,95,3,19,6,1,1,-52,0,997,9122,23,100,2,0,0
1262,25,21,1536,0,198,4,9,7,1,2,-70,0,831,10895,65,100,2,0,0
1263,14,8,1024,0,194,5,8,7,1,2,-70,1,1049,12595,67,100,1,0,0
1263,28,18,1280,0,178,2,4,7,1,1,-95,1,1461,18718,68,100,2,0,0
1263,3,1,512,0,191,6,3,7,1,1,-76,2,1638,18371,84,100,2,0,0
1264,4,1,512,20,213,6,3,7,2,1,-61,10,5940,30087,83,100,2,0,0
1264,13,9,1024,10,129,6,15,7,1,2,-70,1,1173,9978,34,100,1,0,0
1263,31,30,1792,0,192,4,11,5,1,2,-52,0,939,11484,47,100,2,0,0
1264,21,15,1280,0,185,3,4,7,1,1,-70,2,1374,16943,75,100,2,0,0
1266,8,4,768,0,208,4,7,7,2,2,-70,9,3411,21457,79,100,2,0,0
1265,7,3,768,0,164,7,13,7,1,3,-70,0,1019,10423,36,100,2,0,0
1266,18,8,1024,0,219,3,6,7,1,1,-95,8,2146,16613,78,100,1,0,0
1267,1,0,256,0,12,0,0,3,0,0,0,10,2935,28113,1878,100,2,0,0
1266,22,18,1280,0,190,4,7,7,1,1,-70,1,479,6552,56,100,1,0,0
1266,16,11,1024,0,211,4,4,7,1,2,-52,0,751,10165,70,100,2,0,0
1267,15,9,1024,0,210,3,5,7,1,1,-70,3,1023,11724,77,100,2,0,0
1266,10,5,768,0,207,2,9,7,1,1,-52,0,666,11272,62,100,2,0,0
1266,20,14,1280,0,228,2,7,7,1,1,-70,0,644,9634,66,100,2,0,0
1265,27,22,1536,10,197,1,8,5,1,1,-52,0,524,8506,54,100,1,0,0
1268,14,8,1024,10,196,5,8,7,1,2,-70,1,741,6923,67,100,1,0,0
1270,19,13,1280,0,136,5,17,5,1,3,-70,0,939,11530,28,100,2,0,0
1269,9,4,768,10,204,3,7,7,1,1,-52,6,2809,23467,81,100,2,0,0
1268,17,12,1280,10,188,1,9,7,1,1,-52,0,727,8479,55,100,2,0,0
1270,11,5,768,0,205,7,2,7,1,2,-70,1,794,12718,76,100,1,0,0
1269,26,21,1536,0,212,2,5,7,1,1,-52,0,984,10416,67,100,2,0,0
1267,28,18,1280,20,182,2,4,7,1,1,-95,1,761,7469,68,100,1,0,0
1270,12,8,1024,0,202,4,5,7,1,2,-70,1,957,13280,71,100,1,0,0
1268,29,28,1536,0,193,2,7,7,1,1,-52,0,832,10873,63,100,2,0,0
1270,24,18,1280,0,199,4,10,7,1,1,-70,2,1962,15738,61,100,2,0,0
1272,13,9,1024,20,132,6,15,7,1,2,-70,1,1026,10649,35,100,1,0,0
1271,6,5,768,0,217,4,5,5,1,2,-52,0,911,9897,67,100,2,0,0
1271,8,4,768,0,209,4,7,7,2,2,-70,9,2916,16253,80,100,0,0,0
1271,30,24,1536,0,191,5,6,7,1,3,-70,1,1283,12618,66,100,2,0,0
1271,2,3,768,0,211,5,5,5,1,2,-52,0,911,10033,71,100,2,0,0
1271,5,1,512,10,224,6,1,7,1,1,-76,4,2154,22231,85,100,2,0,0
1271,27,22,1536,0,197,1,8,5,1,1,-52,0,464,6127,55,100,2,0,0
1271,10,5,768,0,207,2,9,7,1,1,-52,0,316,4306,63,100,1,0,0
1273,14,8,1024,0,197,5,8,7,1,2,-70,1,570,6180,67,100,1,0,0
1273,23,18,1280,0,96,3,19,6,1,1,-52,0,561,10306,23,100,2,0,0
1273,18,8,1024,10,225,3,6,7,1,1,-95,8,3168,21768,79,100,1,0,0
1273,4,1,512,0,217,6,3,7,2,1,-61,10,6881,33578,84,100,1,0,0
1273,31,30,1792,0,195,4,11,5,1,2,-52,0,632,7989,47,100,1,0,0
1273,25,21,1536,10,200,4,9,7,1,2,-70,0,497,10163,66,100,1,0,0
1274,16,11,1024,0,215,4,4,7,1,2,-52,0,892,8092,71,100,2,0,0
1274,7,3,768,0,167,7,13,7,1,3,-70,0,603,8705,37,100,1,0,0
1275,12,8,1024,10,203,4,5,7,1,2,-70,1,597,7663,71,100,1,0,0
1274,17,12,1280,0,190,1,9,7,1,1,-52,0,556,5704,56,100,1,0,0
1275,3,1,512,0,192,6,3,7,1,1,-76,2,1779,22091,85,100,2,0,0
1275,29,28,1536,0,193,2,7,7,1,1,-52,0,286,5779,63,100,1,0,0
1276,1,0,256,0,12,0,0,3,0,0,0,10,2707,24853,1898,100,2,0,0
1276,21,15,1280,10,189,3,4,7,1,1,-70,2,2023,22451,76,100,2,0,0
1277,11,5,768,0,205,7,2,7,1,2,-70,1,834,11504,77,100,1,0,0
1276,20,14,1280,0,231,2,7,7,1,1,-70,0,807,9330,67,100,2,0,0
1276,22,18,1280,0,191,4,7,7,1,1,-70,1,1133,12547,57,100,2,0,0
1276,8,4,768,0,211,4,7,7,2,2,-70,9,3075,16871,80,100,1,0,0
1277,5,1,512,0,225,6,1,7,1,1,-76,4,1369,12682,85,100,1,0,0
1276,28,18,1280,0,183,2,4,7,1,1,-95,1,1051,13554,69,100,1,0,0
1279,19,13,1280,0,138,5,17,5,1,3,-70,0,622,8321,28,100,2,0,0
1278,14,8,1024,0,198,5,8,7,1,2,-70,1,716,6776,68,100,1,0,0
1278,24,18,1280,0,200,4,10,7,1,1,-70,2,1152,10774,61,100,2,0,0
1279,15,9,1024,0,212,3,5,7,1,1,-70,3,1807,18768,78,100,2,0,0
1278,18,8,1024,10,229,3,6,7,1,1,-95,8,2145,14587,79,100,1,0,0
1279,12,8,1024,0,205,4,5,7,1,2,-70,1,684,6691,71,100,1,0,0
1278,7,3,768,0,168,7,13,7,1,3,-70,0,366,4195,37,100,1,0,0
1278,30,24,1536,0,192,5,6,7,1,3,-70,1,902,11099,66,100,2,0,0
1279,4,1,512,30,220,6,3,7,2,1,-61,10,4627,21535,84,100,1,0,0
1279,9,4,768,20,208,3,7,7,1,1,-52,6,2927,22026,82,100,2,0,0
1279,2,3,768,0,214,5,5,5,1,2,-52,0,684,8228,72,100,1,0,0
1279,17,12,1280,10,190,1,9,7,1,1,-52,0,164,3958,56,100,0,0,0
1280,29,28,1536,0,194,2,7,7,1,1,-52,0,392,5453,63,100,1,0,0
1280,16,11,1024,0,217,4,4,7,1,2,-52,0,499,5558,71,100,1,0,0
1280,6,5,768,10,219,4,5,5,1,2,-52,0,544,8410,68,100,1,0,0
1279,26,21,1536,0,217,2,5,7,1,1,-52,0,869,10139,67,100,1,0,0
1280,3,1,512,0,195,6,3,7,1,1,-76,2,1275,11121,85,100,1,0,0
1280,10,5,768,0,209,2,9,7,1,1,-52,0,521,8413,63,100,1,0,0
1282,13,9,1024,10,136,6,15,7,1,2,-70,1,1385,13911,36,100,2,0,0
1282,22,18,1280,0,192,4,7,7,1,1,-70,1,534,7576,57,100,1,0,0
1281,27,22,1536,10,200,1,8,5,1,1,-52,0,517,8208,55,100,2,0,0
1282,31,30,1792,10,195,4,11,5,1,2,-52,0,463,8368,48,100,2,0,0
1283,23,18,1280,0,98,3,19,6,1,1,-52,0,701,10137,24,100,2,0,0
1284,21,15,1280,0,191,3,4,7,1,1,-70,2,1194,14806,76,100,1,0,0
1284,5,1,512,0,225,6,1,7,1,1,-76,4,1356,15894,85,100,1,0,0
1284,11,5,768,0,207,7,2,7,1,2,-70,1,1033,12977,77,100,2,0,0
1286,4,1,512,30,223,6,3,7,2,1,-61,10,3628,18855,85,100,1,0,0
1284,18,8,1024,0,232,3,6,7,1,1,-95,8,2603,19623,80,100,1,0,0
1285,28,18,1280,10,186,2,4,7,1,1,-95,1,1199,14652,69,100,2,0,0
1285,7,3,768,0,170,7,13,7,1,3,-70,0,497,6710,37,100,1,0,0
1283,25,21,1536,10,205,4,9,7,1,2,-70,0,1098,10724,67,100,2,0,0
1285,8,4,768,10,216,4,7,7,2,2,-70,9,4889,27090,81,100,2,0,0
1285,20,14,1280,10,233,2,7,7,1,1,-70,0,579,8792,68,100,1,0,0
1285,26,21,1536,0,218,2,5,7,1,1,-52,0,546,6060,68,100,2,0,0
1287,19,13,1280,0,141,5,17,5,1,3,-70,0,687,8273,29,100,1,0,0
1286,24,18,1280,0,202,4,10,7,1,1,-70,2,1176,11632,62,100,1,0,0
1288,29,28,1536,0,198,2,7,7,1,1,-52,0,890,7558,64,100,2,0,0
1288,3,1,512,0,198,6,3,7,1,1,-76,2,1052,13439,86,100,1,0,0
1288,1,0,256,0,12,0,0,3,0,0,0,10,3670,31672,1923,100,2,0,0
1288,21,15,1280,0,191,3,4,7,1,1,-70,2,998,9238,77,100,1,0,0
1288,17,12,1280,0,191,1,9,7,1,1,-52,0,538,8280,56,100,2,0,0
1287,15,9,1024,0,214,3,5,7,1,1,-70,3,2060,18477,79,100,2,0,0
1288,22,18,1280,0,194,4,7,7,1,1,-70,1,1105,9922,57,100,2,0,0
1289,31,30,1792,0,197,4,11,5,1,2,-52,0,525,6771,48,100,1,0,0
1289,13,9,1024,0,138,6,15,7,1,2,-70,1,1080,10599,36,100,2,0,0
1289,2,3,768,0,215,5,5,5,1,2,-52,0,534,8745,72,100,2,0,0
1288,14,8,1024,0,202,5,8,7,1,2,-70,1,1352,14995,68,100,2,0,0
1289,12,8,1024,10,206,4,5,7,1,2,-70,1,1153,16842,72,100,2,0,0
1289,30,24,1536,0,195,5,6,7,1,3,-70,1,1440,13661,67,100,2,0,0
1290,6,5,768,10,221,4,5,5,1,2,-52,0,674,9108,68,100,2,0,0
1291,16,11,1024,0,218,4,4,7,1,2,-52,0,593,9949,72,100,2,0,0
1291,9,4,768,0,212,3,7,7,1,1,-52,6,3311,25146,82,100,2,0,0
1290,23,18,1280,0,100,3,19,6,1,1,-52,0,580,7428,25,100,1,0,0
1292,10,5,768,0,212,2,9,7,1,1,-52,0,926,11112,64,100,3,0,0
1291,25,21,1536,0,208,4,9,7,1,2,-70,0,762,7525,67,100,2,0,0
1291,28,18,1280,0,187,2,4,7,1,1,-95,1,797,10622,70,100,1,0,0
1292,11,5,768,0,209,7,2,7,1,2,-70,1,844,11710,78,100,1,0,0
1294,19,13,1280,0,143,5,17,5,1,3,-70,0,525,6264,29,100,1,0,0
1293,20,14,1280,0,233,2,7,7,1,1,-70,0,407,6937,68,100,2,0,0
1293,8,4,768,0,218,4,7,7,2,2,-70,9,3365,20996,81,100,1,0,0
1292,27,22,1536,0,203,1,8,5,1,1,-52,0,1009,11143,56,100,2,0,0
1295,3,1,512,0,203,6,3,7,1,1,-76,2,1572,13288,86,100,2,0,0
1293,29,28,1536,10,200,2,7,7,1,1,-52,0,475,5263,64,100,1,0,0
1294,22,18,1280,0,195,4,7,7,1,1,-70,1,692,7046,58,100,1,0,0
1294,26,21,1536,0,220,2,5,7,1,1,-52,0,547,8728,68,100,1,0,0
1296,5,1,512,0,229,6,1,7,1,1,-76,4,2650,24742,86,100,2,0,0
1295,4,1,512,20,225,6,3,7,2,1,-61,10,6638,31958,85,100,2,0,0
1294,31,30,1792,10,200,4,11,5,1,2,-52,0,663,5541,49,100,1,0,0
1295,21,15,1280,0,194,3,4,7,1,1,-70,2,1165,13505,77,100,1,0,0
1295,28,18,1280,0,188,2,4,7,1,1,-95,1,607,6519,70,100,1,0,0
1296,18,8,1024,0,233,3,6,7,1,1,-95,8,4019,31486,80,100,2,0,0
1296,7,3,768,10,173,7,13,7,1,3,-70,0,875,10572,38,100,2,0,0
1296,6,5,768,10,224,4,5,5,1,2,-52,0,660,6088,69,100,1,0,0
1298,19,13,1280,0,145,5,17,5,1,3,-70,0,532,4587,30,100,1,0,0
1296,10,5,768,0,212,2,9,7,1,1,-52,0,163,3906,64,100,0,0,0
1296,15,9,1024,10,216,3,5,7,1,1,-70,3,1195,13288,79,100,1,0,0
1298,17,12,1280,0,193,1,9,7,1,1,-52,0,700,8873,57,100,2,0,0
1298,9,4,768,0,215,3,7,7,1,1,-52,6,2258,15829,83,100,1,0,0
1297,16,11,1024,10,219,4,4,7,1,2,-52,0,392,5853,72,100,1,0,0
1298,8,4,768,0,219,4,7,7,2,2,-70,9,2047,12869,82,100,1,0,0
1299,1,0,256,0,12,0,0,3,0,0,0,10,2945,27674,1943,100,2,0,0
1297,24,18,1280,0,205,4,10,7,1,1,-70,2,1718,15756,63,100,3,0,0
1298,30,24,1536,0,197,5,6,7,1,3,-70,1,1079,12262,67,100,1,0,0
1299,4,1,512,20,226,6,3,7,2,1,-61,10,3525,16722,86,100,1,0,0
1298,13,9,1024,0,139,6,15,7,1,2,-70,1,1290,12907,37,100,2,0,0
1298,23,18,1280,0,102,3,19,6,1,1,-52,0,621,7977,25,100,2,0,0
1300,6,5,768,10,225,4,5,5,1,2,-52,0,366,4151,69,100,1,0,0
1300,21,15,1280,0,196,3,4,7,1,1,-70,2,939,9366,78,100,1,0,0
1299,29,28,1536,0,202,2,7,7,1,1,-52,0,580,6857,65,100,1,0,0
1300,14,8,1024,0,203,5,8,7,1,2,-70,1,1116,14523,69,100,2,0,0
1299,12,8,1024,0,206,4,5,7,1,2,-70,1,1011,16692,73,100,2,0,0
1301,2,3,768,0,215,5,5,5,1,2,-52,0,507,10477,73,100,2,0,0
1301,25,21,1536,0,209,4,9,7,1,2,-70,0,496,8544,68,100,1,0,0
1301,19,13,1280,0,145,5,17,5,1,3,-70,0,262,4351,30,100,1,0,0
1302,17,12,1280,0,195,1,9,7,1,1,-52,0,475,4679,57,100,1,0,0
1301,5,1,512,10,231,6,1,7,1,1,-76,4,1834,16594,87,100,1,0,0
1302,3,1,512,0,206,6,3,7,1,1,-76,2,1233,15374,87,100,1,0,0
1301,18,8,1024,0,233,3,6,7,1,1,-95,8,1715,15790,81,100,1,0,0
1302,20,14,1280,0,238,2,7,7,1,1,-70,0,924,9765,69,100,1,0,0
1302,11,5,768,0,211,7,2,7,1,2,-70,1,1198,15821,79,100,2,0,0
1302,27,22,1536,0,205,1,8,5,1,1,-52,0,702,10103,57,100,2,0,0
1303,10,5,768,0,214,2,9,7,1,1,-52,0,674,7148,65,100,2,0,0
1303,24,18,1280,0,205,4,10,7,1,1,-70,2,650,7374,63,100,1,0,0
1304,4,1,512,20,227,6,3,7,2,1,-61,10,2955,14777,86,100,1,0,0
1303,15,9,1024,0,216,3,5,7,1,1,-70,3,1275,12307,80,100,1,0,0
1303,31,30,1792,0,205,4,11,5,1,2,-52,0,967,9639,49,100,2,0,0
1305,26,21,1536,0,221,2,5,7,1,1,-52,0,593,9972,69,100,2,0,0
1303,29,28,1536,0,203,2,7,7,1,1,-52,0,368,4419,65,100,1,0,0
1306,1,0,256,0,12,0,0,3,0,0,0,10,2014,18247,1957,100,1,0,0
1304,30,24,1536,0,198,5,6,7,1,3,-70,1,773,7939,68,100,1,0,0
1305,19,13,1280,0,146,5,17,5,1,3,-70,0,369,4288,30,100,1,0,0
1304,28,18,1280,0,191,2,4,7,1,1,-95,1,1281,14097,71,100,2,0,0
1304,22,18,1280,0,197,4,7,7,1,1,-70,1,1168,14168,59,100,2,0,0
1306,3,1,512,0,207,6,3,7,1,1,-76,2,648,7621,87,100,1,0,0
1306,12,8,1024,0,208,4,5,7,1,2,-70,1,915,10426,73,100,1,0,0
1307,2,3,768,0,216,5,5,5,1,2,-52,0,446,6008,74,100,1,0,0
1307,13,9,1024,0,139,6,15,7,1,2,-70,1,787,11187,37,100,1,0,0
1307,7,3,768,0,175,7,13,7,1,3,-70,0,725,10551,39,100,2,0,0
1308,20,14,1280,0,239,2,8,7,1,1,-70,0,420,5407,69,100,2,0,0
1309,17,12,1280,0,198,1,9,7,1,1,-52,0,662,6725,58,100,1,0,0
1309,21,15,1280,0,199,3,4,7,1,1,-70,2,1467,16395,78,100,2,0,0
1307,24,18,1280,10,206,4,10,7,1,1,-70,2,909,6820,64,100,1,0,0
1309,5,1,512,0,232,6,1,7,1,1,-76,4,1404,16477,87,100,2,0,0
1308,18,8,1024,0,234,3,6,7,1,1,-95,8,2668,18963,81,100,2,0,0
1309,9,4,768,0,218,3,7,7,1,1,-52,6,3095,24419,84,100,2,0,0
1308,14,8,1024,0,205,5,8,7,1,2,-70,1,1152,11192,70,100,2,0,0
1309,8,4,768,0,220,4,8,7,2,2,-70,9,5706,32475,82,100,3,0,0
1309,16,11,1024,10,223,4,4,7,1,2,-52,0,939,11528,73,100,2,0,0
1308,23,18,1280,0,103,3,19,6,1,1,-52,0,497,9480,26,100,1,0,0
1309,30,24,1536,0,199,5,6,7,1,3,-70,1,713,6402,68,100,1,0,0
1310,6,5,768,0,227,4,5,5,1,2,-52,0,722,10240,70,100,2,0,0
1307,27,22,1536,0,205,1,8,5,1,1,-52,0,286,5637,57,100,1,0,0
1309,29,28,1536,0,205,2,7,7,1,1,-52,0,499,5215,65,100,1,0,0
1311,19,13,1280,0,148,5,17,5,1,3,-70,0,556,5481,31,100,1,0,0
1308,22,18,1280,0,197,4,7,7,1,1,-70,1,472,5627,59,100,1,0,0
1311,25,21,1536,0,213,4,9,7,1,2,-70,0,858,10170,68,100,2,0,0
1312,26,21,1536,0,223,2,5,7,1,1,-52,0,523,6838,69,100,1,0,0
1310,31,30,1792,0,206,4,11,5,1,2,-52,0,449,6308,50,100,1,0,0
1312,24,18,1280,0,206,4,10,7,1,1,-70,2,553,5821,64,100,0,0,0
1312,15,9,1024,10,219,3,5,7,1,1,-70,3,1683,15220,80,100,2,0,0
1313,20,14,1280,0,240,2,8,7,1,1,-70,0,392,4941,69,100,1,0,0
1313,10,5,768,10,216,2,9,7,1,1,-52,0,804,9842,66,100,3,0,0
1314,3,1,512,0,208,6,3,7,1,1,-76,2,1082,14452,87,100,1,0,0
1313,11,5,768,0,212,7,2,7,1,2,-70,1,997,17002,79,100,2,0,0
1315,7,3,768,0,177,7,13,7,1,3,-70,0,522,7104,39,100,1,0,0
1314,4,1,512,0,231,6,3,7,2,1,-61,10,8066,37454,87,100,2,0,0
1314,29,28,1536,0,205,2,7,7,1,1,-52,0,317,5035,66,100,1,0,0
1314,14,8,1024,0,206,5,8,7,1,2,-70,1,751,7775,70,100,1,0,0
1314,12,8,1024,0,210,4,5,7,1,2,-70,1,1053,12912,74,100,2,0,0
1314,28,18,1280,0,192,2,4,7,1,1,-95,1,1106,15131,71,100,1,0,0
1316,5,1,512,0,233,6,1,7,1,1,-76,4,1644,15386,87,100,1,0,0
1314,31,30,1792,0,208,4,11,5,1,2,-52,0,476,4166,50,100,1,0,0
1315,30,24,1536,0,200,5,6,7,1,3,-70,1,962,8833,69,100,1,0,0
1316,18,8,1024,10,236,3,6,7,1,1,-95,8,3253,23053,82,100,1,0,0
1317,2,3,768,0,218,5,5,5,1,2,-52,0,641,9091,74,100,2,0,0
1315,27,22,1536,0,207,1,8,5,1,1,-52,0,676,6927,58,100,2,0,0
1316,13,9,1024,0,141,6,15,7,1,2,-70,1,1259,11933,38,100,2,0,0
1317,6,5,768,0,230,4,5,5,1,2,-52,0,604,6452,70,100,1,0,0
1316,23,18,1280,0,105,3,19,6,1,1,-52,0,621,7490,26,100,2,0,0
1318,1,0,256,0,12,0,0,3,0,0,0,10,3581,31641,1983,100,2,0,0
1317,25,21,1536,0,216,4,9,7,1,2,-70,0,760,6686,69,100,2,0,0
1317,15,9,1024,0,219,3,5,7,1,1,-70,3,879,9160,81,100,1,0,0
1318,11,5,768,0,212,7,2,7,1,2,-70,1,521,7599,80,100,1,0,0
1319,16,11,1024,0,226,4,4,7,1,2,-52,0,833,10206,74,100,2,0,0
1319,9,4,768,0,220,3,7,7,1,1,-52,6,2850,21824,84,100,1,0,0
1319,8,4,768,0,222,4,9,7,2,2,-70,9,4718,27530,83,100,3,0,0
1320,10,5,768,0,220,2,9,7,1,1,-52,0,798,6480,66,100,3,0,0
1320,21,15,1280,0,200,3,4,7,1,1,-70,2,1747,20589,79,100,2,0,0
1319,19,13,1280,10,152,5,17,5,1,3,-70,0,728,7935,31,100,2,0,0
1320,17,12,1280,0,201,1,9,7,1,1,-52,0,831,10743,59,100,2,0,0
1319,26,21,1536,0,224,2,5,7,1,1,-52,0,569,8044,70,100,2,0,0
1320,31,30,1792,0,211,4,11,5,1,2,-52,0,607,6123,50,100,1,0,0
1319,22,18,1280,0,198,4,7,7,1,1,-70,1,1088,13973,60,100,2,0,0
1320,12,8,1024,0,212,4,5,7,1,2,-70,1,854,9575,74,100,2,0,0
1322,18,8,1024,10,237,3,6,7,1,1,-95,8,1677,14814,82,100,2,0,0
1322,13,9,1024,0,145,6,15,7,1,2,-70,1,1130,8643,38,100,2,0,0
1323,3,1,512,10,212,6,4,7,1,1,-76,2,1794,18135,88,100,4,0,0
1322,24,18,1280,0,208,4,10,7,1,1,-70,2,1545,14353,64,100,2,0,0
1323,11,5,768,0,213,7,2,7,1,2,-70,1,628,8434,80,100,1,0,0
1324,4,1,512,20,234,6,3,7,2,1,-61,10,5862,29972,87,100,2,0,0
1323,29,28,1536,0,207,2,7,7,1,1,-52,0,547,8706,66,100,1,0,0
1323,30,24,1536,0,203,5,6,7,1,3,-70,1,1198,10975,69,100,2,0,0
1325,5,1,512,0,234,6,1,7,1,1,-76,4,2217,21643,88,100,2,0,0
1325,2,3,768,0,221,5,5,5,1,2,-52,0,677,8024,75,100,2,0,0
1324,25,21,1536,0,217,4,9,7,1,2,-70,0,416,6861,69,100,1,0,0
1325,31,30,1792,0,211,4,11,5,1,2,-52,0,318,4169,51,100,1,0,0
1325,14,8,1024,0,211,5,8,7,1,2,-70,1,1188,13588,71,100,3,0,0
1326,7,3,768,10,181,7,13,7,1,3,-70,0,799,10358,40,100,3,0,0
1326,21,15,1280,10,204,3,4,7,1,1,-70,2,1168,11535,79,100,1,0,0
1326,6,5,768,10,233,4,5,5,1,2,-52,0,627,8342,71,100,1,0,0
1324,20,14,1280,10,244,2,8,7,1,1,-70,0,1011,11687,70,100,3,0,0
1326,19,13,1280,0,153,5,17,5,1,3,-70,0,582,7268,32,100,1,0,0
1326,28,18,1280,0,194,2,4,7,1,1,-95,1,1299,18269,72,100,3,0,0
1325,26,21,1536,0,226,2,5,7,1,1,-52,0,499,5554,70,100,1,0,0
1327,13,9,1024,0,146,6,15,7,1,2,-70,1,751,6212,39,100,2,0,0
1326,18,8,1024,10,239,3,6,7,1,1,-95,8,1768,12970,82,100,2,0,0
1326,15,9,1024,0,223,3,5,7,1,1,-70,3,1827,15890,81,100,2,0,0
1326,23,18,1280,0,110,3,19,6,1,1,-52,0,1088,10738,27,100,2,0,0
1327,8,4,768,10,226,4,9,7,2,2,-70,9,4378,25766,84,100,2,0,0
1328,11,5,768,0,214,7,2,7,1,2,-70,1,450,6145,80,100,1,0,0
1328,3,1,512,0,214,6,4,7,1,1,-76,2,1026,9826,88,100,1,0,0
1329,16,11,1024,0,227,4,4,7,1,2,-52,0,417,8833,74,100,1,0,0
1329,9,4,768,10,224,3,7,7,1,1,-52,6,3350,22537,85,100,4,0,0
1325,27,22,1536,0,209,1,8,5,1,1,-52,0,645,10535,58,100,2,0,0
1330,1,0,256,0,12,0,0,3,0,0,0,10,3308,30492,2006,100,3,0,0
1330,17,12,1280,0,204,1,9,7,1,1,-52,0,752,9832,59,100,2,0,0
1329,10,5,768,0,224,2,9,7,1,1,-52,0,809,9681,67,100,2,0,0
1329,30,24,1536,0,205,5,6,7,1,3,-70,1,702,7177,70,100,0,0,0
1328,22,18,1280,0,198,4,7,7,1,1,-70,1,726,10846,60,100,1,0,0
1331,26,21,1536,0,228,2,5,7,1,1,-52,0,531,5025,71,100,1,0,0
1330,29,28,1536,0,210,2,7,7,1,1,-52,0,759,7162,67,100,2,0,0
1330,12,8,1024,0,216,4,5,7,1,2,-70,1,1421,15107,75,100,3,0,0
1331,6,5,768,0,234,4,5,5,1,2,-52,0,446,5646,71,100,1,0,0
1331,5,1,512,20,235,6,1,7,1,1,-76,4,1798,15633,88,100,1,0,0
1331,23,18,1280,0,111,3,19,6,1,1,-52,0,371,4662,27,100,1,0,0
1332,7,3,768,0,183,7,13,7,1,3,-70,0,721,6865,40,100,3,0,0
1331,15,9,1024,10,224,3,5,7,1,1,-70,3,994,8660,82,100,1,0,0
1332,31,30,1792,0,214,4,11,5,1,2,-52,0,631,7387,51,100,1,0,0
1333,4,1,512,0,236,6,3,7,2,1,-61,10,6598,30932,88,100,3,0,0
1332,20,14,1280,0,248,2,8,7,1,1,-70,0,862,8738,71,100,1,0,0
1333,9,4,768,10,225,3,7,7,1,1,-52,6,1237,9973,85,100,1,0,0
1333,18,8,1024,0,241,3,6,7,1,1,-95,8,2430,18514,83,100,1,0,0
1333,25,21,1536,0,219,4,9,7,1,2,-70,0,579,7727,70,100,1,0,0
1334,13,9,1024,0,148,6,15,7,1,2,-70,1,667,8709,39,100,1,0,0
1333,14,8,1024,0,213,5,8,7,1,2,-70,1,1168,11908,71,100,2,0,0
1333,28,18,1280,0,195,2,4,7,1,1,-95,1,916,12011,73,100,1,0,0
1334,24,18,1280,0,209,4,10,7,1,1,-70,2,1582,16031,65,100,2,0,0
1333,22,18,1280,0,198,4,7,7,1,1,-70,1,444,5700,60,100,1,0,0
1334,19,13,1280,0,155,5,17,5,1,3,-70,0,524,7615,32,100,1,0,0
1336,21,15,1280,0,204,3,4,7,1,1,-70,2,1717,19278,80,100,2,0,0
1335,11,5,768,0,216,7,2,7,1,2,-70,1,1048,12103,81,100,1,0,0
1334,12,8,1024,0,218,4,5,7,1,2,-70,1,681,7698,75,100,1,0,0
1336,2,3,768,0,224,5,5,5,1,2,-52,0,742,9818,75,100,3,0,0
1336,29,28,1536,10,213,2,7,7,1,1,-52,0,499,5891,67,100,1,0,0
1338,5,1,512,10,237,6,1,7,1,1,-76,4,1314,14471,89,100,1,0,0
1338,8,4,768,0,227,4,9,7,2,2,-70,9,5041,30129,84,100,2,0,0
1338,6,5,768,0,236,4,5,5,1,2,-52,0,617,6644,71,100,2,0,0
1338,15,9,1024,0,227,3,5,7,1,1,-70,3,1110,10445,82,100,1,0,0
1338,10,5,768,10,226,2,10,7,1,1,-52,0,539,7933,67,100,3,0,0
1338,23,18,1280,0,112,3,19,6,1,1,-52,0,539,6874,28,100,1,0,0
1339,26,21,1536,0,231,2,5,7,1,1,-52,0,631,7822,71,100,1,0,0
1339,16,11,1024,10,232,4,4,7,1,2,-52,0,1021,10190,75,100,2,0,0
1338,24,18,1280,0,209,4,10,7,1,1,-70,2,469,5670,66,100,1,0,0
1338,22,18,1280,20,199,4,7,7,1,1,-70,1,564,6247,61,100,1,0,0
1338,27,22,1536,0,212,1,8,5,1,1,-52,0,832,10537,59,100,2,0,0
1340,1,0,256,0,12,0,0,3,0,0,0,10,2587,25494,2024,100,1,0,0
1340,3,1,512,0,216,6,4,7,1,1,-76,2,1683,22079,89,100,3,0,0
1340,17,12,1280,0,207,2,9,7,1,1,-52,0,790,9608,60,100,1,0,0
1339,14,8,1024,0,216,5,8,7,1,2,-70,1,803,7943,72,100,1,0,0
1340,20,14,1280,0,250,2,8,7,1,1,-70,0,625,7327,71,100,1,0,0
1340,30,24,1536,0,206,5,6,7,1,3,-70,1,1032,13823,70,100,2,0,0
1341,9,4,768,0,226,3,7,7,1,1,-52,6,2015,15912,86,100,2,0,0
1340,12,8,1024,10,222,4,5,7,1,2,-70,1,949,8882,76,100,2,0,0
1341,19,13,1280,0,157,5,17,5,1,3,-70,0,677,7921,33,100,2,0,0
1343,10,5,768,0,227,2,10,7,1,1,-52,0,493,4997,67,100,2,0,0
1342,31,30,1792,0,215,4,11,5,1,2,-52,0,594,8871,52,100,2,0,0
1342,24,18,1280,0,210,4,10,7,1,1,-70,2,762,6173,66,100,1,0,0
1343,7,3,768,0,186,7,13,7,1,3,-70,0,702,10360,41,100,2,0,0
1342,25,21,1536,0,221,4,9,7,1,2,-70,0,700,9810,71,100,2,0,0
1343,2,3,768,0,228,5,5,5,1,2,-52,0,905,8575,76,100,3,0,0
1342,29,28,1536,0,217,2,7,7,1,1,-52,0,864,8239,68,100,1,0,0
1345,4,1,512,10,240,6,3,7,2,1,-61,10,7799,37275,89,100,3,0,0
1344,13,9,1024,10,150,6,15,7,1,2,-70,1,1325,13691,40,100,2,0,0
1344,20,14,1280,0,252,2,8,7,1,1,-70,0,517,4266,71,100,1,0,0
1345,18,8,1024,20,246,3,6,7,1,1,-95,8,4321,31173,84,100,3,0,0
1345,3,1,512,10,218,6,4,7,1,1,-76,2,938,9654,89,100,2,0,0
1345,21,15,1280,0,206,3,4,7,1,1,-70,2,1546,17992,81,100,1,0,0
1343,22,18,1280,0,199,4,7,7,1,1,-70,1,617,7202,61,100,1,0,0
1344,27,22,1536,0,214,1,8,5,1,1,-52,0,550,6271,60,100,2,0,0
1346,11,5,768,0,216,7,2,7,1,2,-70,1,959,16247,82,100,2,0,0
1347,17,12,1280,0,209,2,9,7,1,1,-52,0,596,6896,60,100,2,0,0
1346,9,4,768,10,227,3,7,7,1,1,-52,6,1402,11273,86,100,0,0,0
1345,28,18,1280,0,197,2,4,7,1,1,-95,1,1498,18151,73,100,2,0,0
1347,8,4,768,10,229,4,9,7,2,2,-70,9,4649,26111,85,100,1,0,0
1346,23,18,1280,0,115,3,19,6,1,1,-52,0,524,7913,28,100,1,0,0
1347,6,5,768,0,240,4,5,5,1,2,-52,0,790,9275,72,100,1,0,0
1346,19,13,1280,0,159,5,17,5,1,3,-70,0,476,4940,33,100,1,0,0
1348,5,1,512,0,237,6,1,7,1,1,-76,4,2406,24107,90,100,2,0,0
1347,26,21,1536,0,235,2,5,7,1,1,-52,0,914,9543,72,100,2,0,0
1348,12,8,1024,10,223,4,5,7,1,2,-70,1,933,11007,76,100,1,0,0
1349,1,0,256,0,12,0,0,3,0,0,0,10,2760,23560,2045,100,2,0,0
1347,29,28,1536,0,218,2,7,7,1,1,-52,0,368,4329,68,100,1,0,0
1348,24,18,1280,0,212,4,10,7,1,1,-70,2,705,7414,66,100,1,0,0
1348,2,3,768,0,228,5,5,5,1,2,-52,0,324,4846,76,100,1,0,0
1349,15,9,1024,0,228,3,5,7,1,1,-70,3,1799,18075,83,100,2,1,3
1349,3,1,512,10,218,6,4,7,1,1,-76,2,761,8731,90,100,1,0,0
1349,7,3,768,10,187,7,13,7,1,3,-70,0,437,5649,42,100,2,0,0
1349,10,5,768,0,229,2,10,7,1,1,-52,0,554,6628,68,100,1,0,0
1350,21,15,1280,10,207,3,4,7,1,1,-70,2,719,8702,81,100,1,0,0
1349,16,11,1024,0,234,4,4,7,1,2,-52,0,727,10202,76,100,2,0,0
1352,14,8,1024,0,221,5,8,7,1,2,-70,1,1553,14250,72,100,3,0,0
1351,13,9,1024,0,152,6,15,7,1,2,-70,1,786,8882,40,100,2,0,0
1351,23,18,1280,0,117,3,19,6,1,1,-52,0,476,4725,28,100,1,0,0
1351,22,18,1280,0,203,4,7,7,1,1,-70,1,1059,10097,62,100,1,0,0
1351,11,5,768,0,218,7,2,7,1,2,-70,1,822,9162,82,100,1,0,0
1352,8,4,768,0,230,4,9,7,2,2,-70,9,2193,13784,85,100,1,0,0
1351,30,24,1536,0,210,5,6,7,1,3,-70,1,1514,15017,71,100,3,0,0
1353,1,0,256,0,12,0,0,3,0,0,0,10,1123,10823,2051,100,1,0,0
1353,4,1,512,10,244,6,3,7,2,1,-61,10,6084,29108,89,100,2,0,0
1353,17,12,1280,10,213,2,9,7,1,1,-52,0,769,7067,61,100,1,0,0
1352,19,13,1280,0,159,5,17,5,1,3,-70,0,286,5275,33,100,1,0,0
1355,18,8,1024,10,248,3,6,7,1,1,-95,8,3299,24930,84,100,2,0,0
1354,9,4,768,0,227,3,7,7,1,1,-52,6,1900,16447,87,100,2,0,0
1352,31,30,1792,0,217,4,11,5,1,2,-52,0,701,10000,53,100,2,0,0
1352,29,28,1536,0,218,2,7,7,1,1,-52,0,285,5203,68,100,1,0,0
1355,21,15,1280,20,209,3,4,7,1,1,-70,2,838,10475,81,100,1,0,0
1355,26,21,1536,0,238,2,5,7,1,1,-52,0,606,6828,72,100,1,0,0
1354,27,22,1536,0,217,1,8,5,1,1,-52,0,751,8876,60,100,2,0,0
1356,11,5,768,0,221,7,2,7,1,2,-70,1,664,6736,82,100,1,0,0
1354,20,14,1280,10,255,2,8,7,1,1,-70,0,807,10108,72,100,2,0,0
1355,13,9,1024,0,152,6,15,7,1,2,-70,1,649,6291,41,100,1,0,0
1355,28,18,1280,0,199,2,4,7,1,1,-95,1,1176,16272,74,100,2,0,0
1356,2,3,768,0,229,5,5,5,1,2,-52,0,469,7246,77,100,1,0,0
1354,25,21,1536,0,223,4,9,7,1,2,-70,0,668,11122,71,100,2,0,0
1358,8,4,768,0,231,4,9,7,2,2,-70,9,2600,14699,86,100,1,0,0
1358,6,5,768,0,242,4,5,5,1,2,-52,0,697,9927,73,100,2,0,0
1359,12,8,1024,0,225,4,5,7,1,2,-70,1,1159,15760,77,100,1,0,0
1357,16,11,1024,0,236,4,4,7,1,2,-52,0,621,7774,76,100,2,0,0
1358,5,1,512,0,238,6,1,7,1,1,-76,4,2375,23556,90,100,2,0,0
1358,7,3,768,10,189,7,13,7,1,3,-70,0,546,8806,42,100,1,0,0
1359,24,18,1280,20,213,4,10,7,1,1,-70,2,1119,12329,67,100,2,0,0
1359,15,9,1024,0,230,3,5,7,1,1,-70,3,1668,16392,83,100,1,1,3
1359,26,21,1536,0,239,2,5,7,1,1,-52,0,448,4869,73,100,1,0,0
1360,22,18,1280,0,205,4,7,7,1,1,-70,1,939,10521,62,100,1,0,0
1361,17,12,1280,0,218,2,9,7,1,1,-52,0,839,7525,61,100,2,0,0
1361,4,1,512,0,245,6,3,7,2,1,-61,10,5358,26161,90,100,1,0,0
1361,10,5,768,0,235,2,10,7,1,1,-52,0,1151,11925,69,100,2,0,0
1362,18,8,1024,0,252,3,6,7,1,1,-95,8,2679,20243,85,100,1,0,0
1361,3,1,512,0,222,6,4,7,1,1,-76,2,1897,21948,90,100,2,0,0
1362,23,18,1280,10,120,3,19,6,1,1,-52,0,743,9540,29,100,2,0,0
1362,21,15,1280,10,211,3,4,7,1,1,-70,2,1583,13267,82,100,2,0,0
1362,6,5,768,10,243,4,5,5,1,2,-52,0,365,4056,73,100,1,0,0
1363,1,0,256,0,12,0,0,3,0,0,0,10,2543,24181,2070,100,2,0,0
1362,2,3,768,0,233,5,5,5,1,2,-52,0,710,6282,77,100,1,0,0
1364,14,8,1024,0,223,5,8,7,1,2,-70,1,1281,15742,73,100,2,0,0
1363,5,1,512,0,238,6,1,7,1,1,-76,4,1118,10480,90,100,0,0,0
1363,31,30,1792,0,221,4,11,5,1,2,-52,0,860,9781,53,100,2,0,0
1364,30,24,1536,0,213,5,6,7,1,3,-70,1,1519,15498,72,100,2,0,0
1362,20,14,1280,0,257,2,8,7,1,1,-70,0,702,8217,73,100,2,0,0
1362,29,28,1536,10,222,2,7,7,1,1,-52,0,710,8944,69,100,1,0,0
1363,11,5,768,0,224,7,2,7,1,2,-70,1,1098,12582,83,100,1,0,0
1364,7,3,768,0,190,7,13,7,1,3,-70,0,530,5359,43,100,1,0,0
1365,12,8,1024,0,228,4,5,7,1,2,-70,1,1053,10069,77,100,2,0,0
1363,19,13,1280,0,163,5,17,5,1,3,-70,0,939,11334,34,100,2,0,0
1365,22,18,1280,0,207,4,7,7,1,1,-70,1,588,5983,62,100,1,0,0
1365,13,9,1024,10,154,6,15,7,1,2,-70,1,1019,11796,41,100,3,0,0
1365,15,9,1024,10,233,3,6,7,1,1,-70,3,1379,11465,84,100,3,1,3
1365,10,5,768,0,239,2,10,7,1,1,-52,0,684,4826,69,100,2,0,0
1367,18,8,1024,10,252,3,6,7,1,1,-95,8,1754,13924,85,100,1,0,0
1366,27,22,1536,0,218,1,8,5,1,1,-52,0,593,9771,61,100,2,0,0
1367,8,4,768,0,232,4,9,7,2,2,-70,9,4175,25634,86,100,2,0,0
1366,9,4,768,20,232,3,7,7,1,1,-52,6,3610,26329,87,100,3,0,0
1366,25,21,1536,0,227,4,9,7,1,2,-70,0,915,10323,72,100,2,0,0
1368,24,18,1280,10,218,4,10,7,1,1,-70,2,1618,12025,67,100,1,0,0
1368,28,18,1280,0,202,2,4,7,1,1,-95,1,1336,16410,75,100,2,0,0
1368,1,0,256,0,12,0,0,3,0,0,0,10,1264,12066,2079,100,0,0,0
1367,16,11,1024,0,240,4,4,7,1,2,-52,0,908,9967,77,100,3,0,0
1368,4,1,512,0,246,6,3,7,2,1,-61,10,4651,23359,90,100,1,0,0
1369,17,12,1280,0,221,2,9,7,1,1,-52,0,849,8480,62,100,2,0,0
1367,29,28,1536,0,222,2,7,7,1,1,-52,0,369,4669,69,100,1,0,0
1370,30,24,1536,0,214,5,6,7,1,3,-70,1,655,7814,72,100,1,0,0
1371,14,8,1024,0,225,5,8,7,1,2,-70,1,968,9212,74,100,3,0,0
1369,13,9,1024,0,156,6,15,7,1,2,-70,1,618,6051,42,100,1,0,0
1371,3,1,512,0,222,6,4,7,1,1,-76,2,1315,17154,91,100,2,0,0
1370,5,1,512,0,239,6,1,7,1,1,-76,4,1629,16965,91,100,3,0,0
1371,6,5,768,0,245,4,5,5,1,2,-52,0,601,8742,74,100,1,0,0
1371,26,21,1536,0,242,2,5,7,1,1,-52,0,745,10740,73,100,3,0,0
1372,12,8,1024,10,231,4,5,7,1,2,-70,1,1046,11555,78,100,1,0,0
1372,15,9,1024,0,234,3,8,7,1,1,-70,3,922,10653,84,100,3,1,3
1370,20,14,1280,0,260,2,8,7,1,1,-70,0,624,7957,73,100,2,0,0
1372,4,1,512,10,246,6,3,7,2,1,-61,10,2535,13837,91,100,1,0,0
1372,11,5,768,0,228,7,2,7,1,2,-70,1,1199,13071,83,100,4,0,0
1372,2,3,768,0,236,5,5,5,1,2,-52,0,798,9582,78,100,3,0,0
1373,8,4,768,0,233,4,9,7,2,2,-70,10,2843,17784,87,100,1,0,0
1373,1,0,256,0,12,0,0,3,0,0,0,10,1465,13650,2090,100,2,0,0
1374,18,8,1024,30,254,3,6,7,1,1,-95,8,2356,19450,85,100,1,0,0
1373,21,15,1280,10,217,3,4,7,1,1,-70,2,2127,22225,83,100,4,0,0
1374,23,18,1280,0,122,3,19,6,1,1,-52,0,861,11406,30,100,2,0,0
1373,9,4,768,10,239,3,7,7,1,1,-52,6,2818,18035,88,100,2,0,0
1374,25,21,1536,0,232,4,9,7,1,2,-70,0,986,8419,73,100,4,0,0
1374,24,18,1280,0,219,4,10,7,1,1,-70,2,741,8958,68,100,1,0,0
1375,17,12,1280,10,226,2,9,7,1,1,-52,0,820,7068,62,100,1,0,0
1374,28,18,1280,0,203,2,4,7,1,1,-95,1,724,9783,75,100,1,0,0
1374,31,30,1792,0,225,4,11,5,1,2,-52,0,915,10754,54,100,2,0,0
1375,7,3,768,0,192,7,13,7,1,3,-70,0,757,11044,43,100,4,0,0
1375,22,18,1280,0,212,4,7,7,1,1,-70,1,1572,13351,63,100,2,0,0
1375,30,24,1536,0,215,5,6,7,1,3,-70,1,659,6879,72,100,1,0,0
1376,10,5,768,0,247,2,10,7,1,1,-52,0,1329,11665,70,100,4,0,0
1375,19,13,1280,20,169,5,17,5,1,3,-70,0,1005,10909,35,100,5,0,0
1376,20,14,1280,0,262,2,8,7,1,1,-70,0,519,5489,74,100,3,0,0
1376,27,22,1536,0,220,2,8,5,1,1,-52,0,684,10023,62,100,1,0,0
1377,12,8,1024,0,233,4,5,7,1,2,-70,1,1039,11261,78,100,1,0,0
1376,29,28,1536,0,223,2,7,7,1,1,-52,0,593,8921,70,100,2,0,0
1380,18,8,1024,0,255,3,6,7,2,1,-95,8,3167,20256,86,100,1,0,0
1379,6,5,768,0,250,4,5,5,1,2,-52,0,938,8846,74,100,2,0,0
1379,9,4,768,0,243,3,7,7,1,1,-52,6,1626,12700,88,100,2,0,0
1378,16,11,1024,0,245,4,4,7,1,2,-52,0,1103,12073,78,100,4,0,0
1380,3,1,512,0,224,6,4,7,1,1,-76,2,1344,17854,92,100,1,0,0
1380,4,1,512,10,247,6,3,7,2,1,-61,10,5264,25928,91,100,2,0,0
1380,5,1,512,10,243,6,1,7,1,1,-76,4,2756,22958,92,100,4,0,0
1381,23,18,1280,0,125,3,19,6,1,1,-52,0,674,7029,30,100,1,0,0
1381,14,8,1024,0,229,5,8,7,1,2,-70,1,1381,14269,74,100,3,0,0
1380,2,3,768,0,236,5,5,5,1,2,-52,0,306,6774,78,100,1,0,0
1381,1,0,256,0,12,0,0,3,0,0,0,10,2162,19718,2107,100,1,0,0
1380,13,9,1024,0,165,6,15,7,1,2,-70,1,1964,15974,42,100,4,0,0
1381,30,24,1536,10,216,6,6,7,1,3,-70,1,560,7910,73,100,1,0,0
1380,26,21,1536,0,243,2,5,7,1,1,-52,0,618,10312,74,100,2,0,0
1381,11,5,768,0,231,7,2,7,1,2,-70,1,1273,15399,84,100,3,0,0
1383,28,18,1280,0,206,2,4,7,1,1,-95,1,1203,14727,76,100,2,0,0
1381,19,13,1280,0,173,5,17,5,1,3,-70,0,819,6125,35,100,2,0,0
1384,24,18,1280,10,224,4,10,7,1,1,-70,2,1867,14083,68,100,2,0,0
1381,21,15,1280,10,218,3,4,7,1,1,-70,2,1206,15914,83,100,2,0,0
1384,12,8,1024,0,236,4,5,7,1,2,-70,1,812,9525,78,100,1,0,0
1384,8,4,768,10,236,4,9,7,2,2,-70,10,5713,34861,87,100,2,0,0
1384,3,1,512,10,225,6,4,7,1,1,-76,2,692,7931,92,100,1,0,0
1383,15,9,1024,10,237,3,10,7,1,1,-70,3,2043,20490,85,100,4,1,3
1384,18,8,1024,0,256,3,6,7,2,1,-95,8,1819,13236,86,100,2,0,0
1383,31,30,1792,0,227,4,11,5,1,2,-52,0,702,9676,55,100,2,0,0
1382,29,28,1536,0,225,2,7,7,1,1,-52,0,499,6469,70,100,1,0,0
1385,20,14,1280,0,265,2,8,7,1,1,-70,0,624,7358,74,100,2,0,0
1386,14,8,1024,0,231,5,8,7,1,2,-70,1,791,6769,75,100,2,0,0
1385,22,18,1280,10,213,4,7,7,1,1,-70,1,1067,14470,64,100,2,0,0
1385,25,21,1536,0,238,4,9,7,1,2,-70,0,1210,11337,73,100,4,0,0
1386,1,0,256,0,12,0,0,3,0,0,0,10,1210,12347,2116,100,1,0,0
1386,27,22,1536,0,222,2,8,5,1,1,-52,0,645,9034,62,100,2,0,0
1385,23,18,1280,0,128,3,19,6,1,1,-52,0,760,6619,31,100,2,0,0
1386,7,3,768,0,196,7,13,7,1,3,-70,0,1003,11303,44,100,2,0,0
1386,9,4,768,0,246,3,7,7,1,1,-52,6,2307,15309,89,100,3,0,0
1386,17,12,1280,0,230,2,9,7,1,1,-52,0,933,10773,63,100,3,0,0
1387,10,5,768,0,251,2,10,7,1,1,-52,0,877,10772,70,100,3,0,0
1387,21,15,1280,0,222,3,4,7,1,1,-70,2,1034,9770,83,100,2,0,0
1387,28,18,1280,10,206,2,4,7,1,1,-95,1,580,8295,76,100,1,0,0
1387,13,9,1024,0,168,6,15,7,1,2,-70,1,1017,8936,43,100,2,0,0
1388,5,1,512,0,245,6,1,7,1,1,-76,4,1458,17201,92,100,3,0,0
1388,31,30,1792,0,228,4,11,5,1,2,-52,0,369,3822,55,100,1,0,0
1389,4,1,512,10,248,6,3,7,2,1,-61,10,6625,31582,92,100,1,0,0
1390,3,1,512,0,227,6,4,7,1,1,-76,2,1115,10317,92,100,1,0,0
1389,30,24,1536,0,216,6,6,7,1,3,-70,1,931,10185,73,100,1,0,0
1388,27,22,1536,0,223,2,8,5,1,1,-52,0,424,4222,63,100,1,0,0
1388,26,21,1536,10,243,3,5,7,1,1,-52,0,488,7848,75,100,1,0,0
1389,2,3,768,0,239,5,5,5,1,2,-52,0,874,9585,79,100,2,0,0
1390,6,5,768,0,254,4,5,5,1,2,-52,0,935,11072,75,100,2,0,0
1389,16,11,1024,0,248,4,4,7,1,2,-52,0,803,10213,79,100,3,0,0
1391,1,0,256,0,12,0,0,3,0,0,0,10,1684,13679,2128,100,1,0,0
1391,15,9,1024,0,239,3,12,7,1,1,-70,3,1872,13791,85,100,4,1,3
1392,14,8,1024,0,235,5,8,7,1,2,-70,1,967,8729,75,100,2,0,0
1390,11,5,768,0,234,7,2,7,1,2,-70,1,1089,13800,85,100,3,0,0
1391,18,8,1024,0,262,3,6,7,2,1,-95,8,3647,23495,87,100,3,0,0
1389,29,28,1536,10,227,2,7,7,1,1,-52,0,549,6788,71,100,2,0,0
1392,5,1,512,0,246,6,1,7,1,1,-76,4,1420,11041,92,100,1,0,0
1393,12,8,1024,0,239,4,5,7,1,2,-70,1,1157,14558,79,100,2,0,0
1392,24,18,1280,0,229,4,10,7,1,1,-70,2,1733,14269,69,100,4,0,0
1392,19,13,1280,0,176,5,18,6,1,3,-70,0,854,10516,36,100,4,0,0
1392,21,15,1280,0,226,3,4,7,1,1,-70,2,1600,12245,84,100,2,0,0
1393,25,21,1536,0,243,5,9,7,1,2,-70,0,1060,8723,74,100,2,0,0
1393,13,9,1024,0,169,6,15,7,1,2,-70,1,655,7891,43,100,2,0,0
1393,23,18,1280,0,134,3,19,7,1,1,-52,0,940,8374,31,100,3,0,0
1394,11,5,768,0,235,7,2,7,1,2,-70,1,502,6957,85,100,2,0,0
1395,9,4,768,0,250,3,7,7,1,1,-52,6,3034,21105,89,100,3,0,0
1395,22,18,1280,0,214,4,7,7,1,1,-70,1,1164,13237,65,100,2,0,0
1395,28,18,1280,0,208,2,4,7,1,1,-95,1,968,12763,77,100,1,0,0
1396,8,4,768,20,237,4,9,7,2,2,-70,10,5803,37311,88,100,2,0,0
1395,18,8,1024,0,262,3,6,7,2,1,-95,8,1376,11462,87,100,0,0,0
1396,4,1,512,10,249,6,3,7,2,1,-61,10,4602,23261,92,100,2,0,0
1397,14,8,1024,0,237,5,8,7,1,2,-70,1,525,5731,75,100,2,0,0
1395,16,11,1024,0,252,4,4,7,1,2,-52,0,702,6470,79,100,3,0,0
1395,29,28,1536,0,229,2,7,7,1,1,-52,0,494,5303,71,100,2,0,0
1397,31,30,1792,0,228,4,11,5,1,2,-52,0,404,8004,55,100,1,0,0
1397,10,5,768,0,255,2,10,7,1,1,-52,0,902,9983,71,100,4,0,0
1397,20,14,1280,0,269,2,8,7,1,1,-70,0,1023,11626,75,100,5,0,0
1396,27,22,1536,0,224,2,8,5,1,1,-52,0,416,7423,63,100,1,0,0
1398,17,12,1280,0,233,2,9,7,1,1,-52,0,826,11393,64,100,3,0,0
1397,7,3,768,0,198,7,13,7,1,3,-70,0,700,10381,45,100,2,0,0
1399,1,0,256,0,12,0,0,3,0,0,0,10,2019,19409,2142,100,1,0,0
1398,15,9,1024,10,241,3,14,7,1,1,-70,3,1346,12550,86,100,5,1,3
1399,30,24,1536,0,217,7,6,7,1,3,-70,1,1117,12568,74,100,2,0,0
1397,26,21,1536,0,245,3,5,7,1,1,-52,0,645,8342,75,100,2,0,0
1398,23,18,1280,0,137,3,19,7,1,1,-52,0,663,5639,32,100,1,0,0
1398,19,13,1280,10,179,5,18,6,1,3,-70,0,495,5585,36,100,2,0,0
1401,3,1,512,0,231,6,4,7,1,1,-76,2,1877,20939,93,100,2,0,0
1399,22,18,1280,0,215,4,7,7,1,1,-70,1,579,5518,65,100,1,0,0
1400,5,1,512,0,249,6,1,7,1,1,-76,4,1634,17433,93,100,2,0,0
1399,21,15,1280,10,231,3,4,7,1,1,-70,2,1512,14911,84,100,2,0,0
1401,12,8,1024,0,239,4,5,7,1,2,-70,1,697,12225,79,100,1,0,0
1401,2,3,768,0,243,5,5,5,1,2,-52,0,911,10442,80,100,2,0,0
1401,20,14,1280,0,270,2,8,7,1,1,-70,0,273,4034,75,100,0,0,0
1401,6,5,768,0,255,4,5,5,1,2,-52,0,591,9925,76,100,2,0,0
1401,9,4,768,20,253,3,7,7,1,1,-52,6,1632,11594,90,100,2,0,0
1400,25,21,1536,10,247,5,9,7,1,2,-70,0,708,7111,74,100,2,0,0
1400,24,18,1280,0,230,4,10,7,1,1,-70,2,1251,12119,70,100,2,0,0
1402,11,5,768,0,237,7,2,7,1,2,-70,1,815,11189,85,100,1,0,0
1403,31,30,1792,0,231,4,11,5,1,2,-52,0,663,6158,56,100,1,0,0
1404,4,1,512,20,251,6,3,7,2,1,-61,10,5269,25118,93,100,1,0,0
1403,14,8,1024,0,240,5,8,7,1,2,-70,1,1105,9457,76,100,1,0,0
1401,15,9,1024,0,242,3,15,7,1,1,-70,3,1077,7924,86,100,2,1,3
1402,27,22,1536,0,225,2,8,5,1,1,-52,0,545,6067,64,100,2,0,0
1404,13,9,1024,0,171,6,15,7,1,2,-70,1,1161,13744,44,100,4,0,0
1404,17,12,1280,10,236,2,9,7,1,1,-52,0,500,6258,64,100,1,0,0
1403,28,18,1280,0,211,2,4,7,1,1,-95,1,1086,13284,77,100,2,0,0
1403,26,21,1536,0,247,3,5,7,1,1,-52,0,499,5888,75,100,1,0,0
1405,5,1,512,20,250,6,1,7,1,1,-76,4,1112,11324,93,100,2,0,0
1405,8,4,768,0,240,4,9,7,2,2,-70,10,5005,29340,89,100,1,0,0
1404,19,13,1280,0,181,5,18,6,1,3,-70,0,658,6477,37,100,2,0,0
1405,22,18,1280,0,216,4,7,7,1,1,-70,1,751,7385,65,100,1,0,0
1404,16,11,1024,0,255,4,4,7,1,2,-52,0,801,8610,80,100,3,0,0
1405,23,18,1280,0,140,3,19,7,1,1,-52,0,607,7017,32,100,1,0,0
1407,20,14,1280,20,274,2,8,7,1,1,-70,0,632,5880,76,100,2,0,0
1407,2,3,768,0,245,5,5,5,1,2,-52,0,497,5602,80,100,1,0,0
1404,21,15,1280,0,233,3,4,7,1,1,-70,2,1423,12193,85,100,3,0,0
1407,18,8,1024,0,267,3,6,7,2,1,-95,8,4567,32990,88,100,2,0,0
1408,30,24,1536,0,220,7,6,7,1,3,-70,1,1117,11350,75,100,1,0,0
1406,25,21,1536,0,249,5,9,7,1,2,-70,0,671,6563,75,100,3,0,0
1408,1,0,256,0,12,0,0,3,0,0,0,10,2851,24221,2162,100,2,0,0
1407,7,3,768,0,202,7,13,7,1,3,-70,0,760,9575,45,100,1,0,0
1406,29,28,1536,0,230,2,7,7,1,1,-52,0,617,10765,72,100,2,0,0
1407,15,9,1024,0,244,3,16,7,1,1,-70,3,1268,10257,87,100,1,1,3
1409,17,12,1280,0,238,2,9,7,1,1,-52,0,583,4886,64,100,1,0,0
1408,10,5,768,10,260,2,10,7,1,1,-52,0,907,10982,72,100,3,0,0
1408,24,18,1280,0,231,4,10,7,1,1,-70,2,989,10120,70,100,1,0,0
1407,27,22,1536,10,226,2,8,5,1,1,-52,0,273,4200,64,100,0,0,0
1408,6,5,768,0,257,4,5,5,1,2,-52,0,520,7755,76,100,1,0,0
1410,4,1,512,0,254,6,3,7,2,1,-61,10,4943,22383,93,100,1,0,0
1410,5,1,512,0,252,6,1,7,1,1,-76,4,1534,11347,94,100,2,0,0
1411,12,8,1024,0,240,4,5,7,1,2,-70,1,1277,15095,80,100,2,0,0
1412,3,1,512,0,232,6,4,7,1,1,-76,2,1766,21391,94,100,2,0,0
1411,9,4,768,0,255,3,7,7,1,1,-52,6,2878,22659,90,100,2,0,0
1412,14,8,1024,0,244,5,8,7,1,2,-70,1,1266,12037,76,100,4,0,0
1412,1,0,256,0,12,0,0,3,0,0,0,10,915,9545,2167,100,1,0,0
1409,21,15,1280,0,233,3,4,7,1,1,-70,2,616,9525,85,100,1,0,0
1410,23,18,1280,10,142,3,19,7,1,1,-52,0,387,5128,32,100,2,0,0
1413,20,14,1280,0,276,2,8,7,1,1,-70,0,626,6598,76,100,2,0,0
1413,31,30,1792,0,234,4,11,5,1,2,-52,0,808,10523,57,100,2,0,0
1412,19,13,1280,0,184,5,18,6,1,3,-70,0,722,8188,37,100,3,0,0
1412,27,22,1536,0,228,2,8,5,1,1,-52,0,501,5363,64,100,1,0,0
1413,11,5,768,0,241,7,2,7,1,2,-70,1,1548,18211,86,100,5,0,0
1414,7,3,768,0,206,7,13,7,1,3,-70,0,888,8104,46,100,2,0,0
1414,24,18,1280,0,233,4,10,7,1,1,-70,2,941,8212,71,100,2,0,0
1414,28,18,1280,0,218,2,4,7,1,1,-95,1,1615,16962,78,100,2,0,0
1414,2,3,768,10,248,5,5,5,1,2,-52,0,659,7206,81,100,1,0,0
1413,6,5,768,10,258,4,5,5,1,2,-52,0,390,4963,77,100,1,0,0
1413,15,9,1024,10,245,3,18,7,1,1,-70,3,806,10324,87,100,5,1,3
1415,8,4,768,0,243,4,9,7,2,2,-70,10,4887,32113,89,100,2,0,0
1414,26,21,1536,0,251,3,5,7,1,1,-52,0,915,10854,76,100,2,0,0
1414,25,21,1536,0,251,5,9,7,1,2,-70,0,517,7685,75,100,2,0,0
1413,16,11,1024,0,260,4,4,7,1,2,-52,0,838,9302,80,100,2,0,0
1415,13,9,1024,0,174,6,15,7,1,2,-70,1,1303,14938,44,100,3,0,0
1415,22,18,1280,0,221,4,7,7,1,1,-70,1,1701,14874,66,100,2,0,0
1416,10,5,768,10,265,2,10,7,1,1,-52,0,940,9041,72,100,3,0,0
1417,3,1,512,0,236,6,4,7,1,1,-76,2,1352,12018,94,100,1,0,0
1417,18,8,1024,0,267,3,6,7,2,1,-95,8,3643,29454,88,100,2,0,0
1418,19,13,1280,0,187,5,18,7,1,3,-70,0,657,5857,38,100,2,0,0
1419,30,24,1536,0,223,7,6,7,1,3,-70,1,1277,14671,75,100,2,0,0
1419,7,3,768,0,206,7,13,7,1,3,-70,0,162,4123,46,100,0,0,0
1418,24,18,1280,10,234,4,10,7,1,1,-70,2,584,5519,71,100,1,0,0
1418,9,4,768,10,259,3,7,7,1,1,-52,6,2586,16423,91,100,4,0,0
1419,5,1,512,0,256,6,1,7,1,1,-76,4,2197,21227,94,100,3,0,0
1420,12,8,1024,0,242,4,5,7,1,2,-70,1,898,13571,81,100,2,0,0
1420,17,12,1280,0,241,2,9,7,1,1,-52,0,825,11009,65,100,3,0,0
1417,21,15,1280,0,235,3,4,7,1,1,-70,2,1303,14767,86,100,3,0,0
1419,31,30,1792,0,235,4,11,5,1,2,-52,0,394,5595,57,100,1,0,0
1418,29,28,1536,0,234,2,7,7,1,1,-52,0,1030,11577,73,100,4,0,0
1421,8,4,768,20,243,4,9,7,2,2,-70,10,2428,16426,90,100,1,0,0
1419,28,18,1280,0,219,2,4,7,1,1,-95,1,754,9328,78,100,1,0,0
1422,1,0,256,0,12,0,0,3,0,0,0,10,2823,25721,2190,100,1,0,0
1421,4,1,512,20,258,6,3,7,2,1,-61,10,8087,40366,94,100,2,0,0
1421,18,8,1024,0,268,3,6,7,2,1,-95,8,1575,11578,89,100,1,0,0
1420,23,18,1280,0,143,3,19,7,1,1,-52,0,703,9658,33,100,2,0,0
1420,16,11,1024,0,263,4,4,7,1,2,-52,0,656,6209,81,100,2,0,0
1422,22,18,1280,0,221,4,7,7,1,1,-70,1,399,7378,66,100,1,0,0
1420,26,21,1536,0,253,3,5,7,1,1,-52,0,580,7662,77,100,1,0,0
1423,14,8,1024,10,248,5,8,7,1,2,-70,1,1409,14715,77,100,3,0,0
1423,10,5,768,0,265,2,10,7,1,1,-52,0,462,6694,73,100,2,0,0
1422,21,15,1280,0,236,3,4,7,1,1,-70,2,890,8341,86,100,2,0,0
1423,27,22,1536,0,231,2,8,5,1,1,-52,0,807,10113,65,100,2,0,0
1423,11,5,768,0,245,7,2,7,1,2,-70,1,1553,16572,87,100,4,0,0
1423,15,9,1024,20,248,3,20,7,1,1,-70,3,1935,16645,88,100,3,1,3
1424,20,14,1280,10,281,2,8,7,1,1,-70,0,1009,10954,77,100,4,0,0
1424,7,3,768,0,207,7,13,7,1,3,-70,0,609,6171,47,100,2,0,0
1422,25,21,1536,0,257,5,9,7,1,2,-70,0,1015,9684,76,100,3,0,0
1425,2,3,768,0,252,5,5,5,1,2,-52,0,874,10718,81,100,3,0,0
1424,6,5,768,0,262,4,5,5,1,2,-52,0,912,11401,77,100,2,0,0
1424,19,13,1280,0,189,5,18,7,1,3,-70,0,494,6943,38,100,2,0,0
1423,29,28,1536,10,234,2,7,7,1,1,-52,0,263,4778,73,100,1,0,0
1425,13,9,1024,0,178,6,15,7,1,2,-70,1,1529,14047,45,100,4,0,0
1426,17,12,1280,0,244,2,9,7,1,1,-52,0,733,6971,66,100,1,0,0
1426,24,18,1280,0,235,4,10,7,1,1,-70,2,979,11428,71,100,1,0,0
1427,3,1,512,0,238,6,4,7,1,1,-76,2,1705,19858,95,100,2,0,0
1427,18,8,1024,10,268,3,6,7,2,1,-95,8,1840,16046,89,100,1,0,0
1426,23,18,1280,10,146,3,19,7,1,1,-52,0,500,6027,33,100,1,0,0
1425,26,21,1536,10,255,3,5,7,1,1,-52,0,475,4972,77,100,1,0,0
1428,5,1,512,0,257,6,1,7,1,1,-76,4,1907,20253,95,100,2,0,0
1428,28,18,1280,0,221,2,4,7,1,1,-95,1,873,12501,79,100,1,0,0
1429,9,4,768,0,264,3,7,7,1,1,-52,6,3193,23061,92,100,4,0,0
1428,11,5,768,0,247,7,2,7,1,2,-70,1,553,7830,87,100,2,0,0
1430,8,4,768,0,248,4,9,7,2,2,-70,10,4295,28262,90,100,2,0,0
1429,10,5,768,0,270,2,10,7,1,1,-52,0,807,6811,73,100,3,0,0
1429,12,8,1024,0,242,4,5,7,1,2,-70,1,1041,16918,81,100,1,0,0
1430,7,3,768,0,210,7,13,7,1,3,-70,0,580,5628,47,100,1,0,0
1428,30,24,1536,0,227,7,6,7,1,3,-70,1,1663,15438,76,100,3,0,0
1430,21,15,1280,0,238,3,4,7,1,1,-70,2,1059,11826,86,100,1,0,0
1429,31,30,1792,0,238,4,11,5,1,2,-52,0,832,11190,58,100,2,0,0
1430,4,1,512,30,260,6,3,7,2,1,-61,10,5853,29530,94,100,2,0,0
1431,14,8,1024,0,253,5,8,7,1,2,-70,1,1211,11802,78,100,3,0,0
1432,20,14,1280,0,283,2,8,7,1,1,-70,0,617,7683,77,100,3,0,0
1431,16,11,1024,0,266,4,4,7,1,2,-52,0,763,10866,81,100,4,0,0
1432,1,0,256,0,12,0,0,3,0,0,0,10,2918,27383,2211,100,2,0,0
1432,24,18,1280,0,236,4,10,7,1,1,-70,2,849,7198,72,100,1,0,0
1432,23,18,1280,0,147,3,19,7,1,1,-52,0,533,5025,34,100,1,0,0
1432,13,9,1024,0,179,6,15,7,1,2,-70,1,771,9091,46,100,2,0,0
1432,2,3,768,0,253,5,5,5,1,2,-52,0,567,7567,82,100,2,0,0
1433,17,12,1280,0,246,2,9,7,1,1,-52,0,499,6130,66,100,1,0,0
1434,22,18,1280,0,224,4,7,7,1,1,-70,1,1330,14161,67,100,2,0,0
1433,15,9,1024,0,251,3,22,7,1,1,-70,3,1840,17150,88,100,4,1,3
1433,5,1,512,0,259,6,1,7,1,1,-76,4,1460,13073,95,100,2,0,0
1433,27,22,1536,0,234,2,8,5,1,1,-52,0,832,9969,66,100,2,0,0
1433,29,28,1536,0,236,2,7,7,1,1,-52,0,604,8985,74,100,1,0,0
1433,19,13,1280,0,193,5,18,7,1,3,-70,0,979,9528,39,100,3,0,0
1434,7,3,768,0,212,7,13,7,1,3,-70,0,400,4876,47,100,0,0,0
1435,10,5,768,0,272,2,10,7,1,1,-52,0,554,5928,74,100,1,0,0
1435,8,4,768,30,250,4,9,7,2,2,-70,10,2955,17986,91,100,1,0,0
1435,9,4,768,0,268,3,7,7,1,1,-52,6,1884,14134,92,100,1,0,0
1436,3,1,512,0,238,6,4,7,1,1,-76,2,1178,16305,95,100,1,0,0
1433,26,21,1536,0,255,3,5,7,1,1,-52,0,431,7823,77,100,2,0,0
1434,30,24,1536,0,228,7,6,7,1,3,-70,1,689,7459,77,100,1,0,0
1433,25,21,1536,0,262,5,9,7,1,2,-70,0,1111,11209,77,100,4,0,0
1436,6,5,768,10,265,4,5,5,1,2,-52,0,805,10413,78,100,2,0,0
1436,28,18,1280,0,223,2,4,7,1,1,-95,1,1007,12410,79,100,2,0,0
1434,31,30,1792,10,239,4,11,5,1,2,-52,0,370,5181,58,100,1,0,0
1437,24,18,1280,0,237,4,10,7,1,1,-70,2,935,8244,72,100,1,0,0
1438,18,8,1024,10,271,3,6,7,2,1,-95,8,4204,31663,90,100,2,0,0
1437,16,11,1024,0,269,4,4,7,1,2,-52,0,657,6425,82,100,2,0,0
1440,20,14,1280,0,286,2,8,7,1,1,-70,0,680,7789,78,100,2,0,0
1438,23,18,1280,10,149,3,19,7,1,1,-52,0,494,5883,34,100,2,0,0
1439,1,0,256,0,12,0,0,3,0,0,0,10,2142,18325,2224,100,2,0,0
1438,21,15,1280,0,244,3,4,7,1,1,-70,2,1977,18691,87,100,4,0,0
1439,10,5,768,0,273,2,10,7,1,1,-52,0,264,4062,74,100,1,0,0
1439,3,1,512,0,239,6,4,7,1,1,-76,2,724,8194,96,100,1,0,0
1437,26,21,1536,0,256,3,5,7,1,1,-52,0,327,4213,78,100,0,0,0
1440,11,5,768,10,250,7,2,7,1,2,-70,1,1354,16844,88,100,2,0,0
1439,27,22,1536,10,236,2,8,5,1,1,-52,0,475,5543,66,100,1,0,0
1440,2,3,768,0,255,5,5,5,1,2,-52,0,520,7284,82,100,1,0,0
1442,9,4,768,0,271,3,7,7,1,1,-52,6,1839,12917,92,100,3,0,0
1441,4,1,512,20,262,6,3,7,2,1,-61,10,6730,34492,95,100,2,0,0
1439,31,30,1792,0,243,4,11,5,1,2,-52,0,715,5400,58,100,1,0,0
1441,22,18,1280,0,225,4,7,7,1,1,-70,1,921,10444,67,100,1,0,0
1442,8,4,768,20,251,4,9,7,2,2,-70,10,2961,19429,91,100,1,0,0
1441,12,8,1024,0,246,4,5,7,1,2,-70,1,1507,18468,82,100,3,0,0
1442,14,8,1024,0,256,5,8,7,1,2,-70,1,1448,14403,78,100,4,0,0
1442,5,1,512,0,266,6,1,7,1,1,-76,4,2849,21792,96,100,4,0,0
1441,29,28,1536,0,237,2,7,7,1,1,-52,0,507,6852,74,100,3,0,0
1443,15,9,1024,0,253,3,23,7,1,1,-70,3,1750,16478,89,100,3,1,3
1443,13,9,1024,10,184,6,15,7,1,2,-70,1,1254,13223,46,100,4,0,0
1442,6,5,768,0,268,4,5,5,1,2,-52,0,726,7589,78,100,2,0,0
1443,17,12,1280,0,248,2,9,7,1,1,-52,0,718,10571,67,100,3,0,0
1443,24,18,1280,0,237,4,10,7,1,1,-70,2,617,7405,72,100,1,0,0
1443,26,21,1536,0,257,3,5,7,1,1,-52,0,368,4391,78,100,1,0,0
1445,20,14,1280,0,290,2,8,7,1,1,-70,0,707,5667,78,100,2,0,0
1445,1,0,256,0,12,0,0,3,0,0,0,10,1329,13643,2233,100,0,0,0
1444,23,18,1280,10,149,3,19,7,1,1,-52,0,343,5606,35,100,1,0,0
1443,30,24,1536,0,229,7,6,7,1,3,-70,1,1070,12064,77,100,1,0,0
1446,18,8,1024,10,273,3,6,7,2,1,-95,8,2855,21587,90,100,1,0,0
1447,3,1,512,0,240,6,4,7,1,1,-76,2,876,11716,96,100,1,0,0
1444,31,30,1792,0,243,4,11,5,1,2,-52,0,318,4423,59,100,1,0,0
1445,7,3,768,0,213,7,13,7,1,3,-70,0,591,10736,48,100,2,0,0
1447,16,11,1024,0,271,4,5,7,1,2,-52,0,608,8244,82,100,4,0,0
1445,19,13,1280,0,198,5,18,7,1,3,-70,0,1035,11743,40,100,4,0,0
1446,11,5,768,0,254,7,2,7,1,2,-70,1,1088,11667,88,100,4,0,0
1448,5,1,512,0,268,6,1,7,1,1,-76,4,1346,11784,96,100,2,0,0
1446,27,22,1536,0,240,2,8,5,1,1,-52,0,891,7717,67,100,2,0,0
1447,28,18,1280,20,223,2,4,7,1,1,-95,1,893,15590,80,100,2,0,0
1445,25,21,1536,10,266,5,9,7,1,2,-70,0,872,11090,78,100,4,0,0
1447,13,9,1024,0,185,6,15,7,1,2,-70,1,890,6556,47,100,2,0,0
1448,14,8,1024,0,258,5,8,7,1,2,-70,1,896,8975,79,100,2,0,0
1449,4,1,512,0,264,6,3,7,2,1,-61,10,5951,27959,96,100,1,0,0
1450,29,28,1536,0,240,2,7,7,1,1,-52,0,686,7901,75,100,1,0,0
1449,22,18,1280,0,228,4,7,7,1,1,-70,1,1227,11538,68,100,2,0,0
1452,2,3,768,0,259,5,5,5,1,2,-52,0,911,9912,83,100,2,0,0
1451,8,4,768,10,254,4,9,7,2,2,-70,10,4636,29084,92,100,2,0,0
1449,24,18,1280,10,237,4,10,7,1,1,-70,2,969,9281,73,100,1,0,0
1450,21,15,1280,0,246,3,4,7,1,1,-70,2,1716,21121,88,100,4,0,0
1450,10,5,768,0,279,2,10,7,1,1,-52,0,1236,11908,75,100,5,0,0
1449,19,13,1280,10,201,5,19,7,1,3,-70,0,500,4038,40,100,3,0,0
1451,12,8,1024,0,249,4,5,7,1,2,-70,1,1148,15584,83,100,1,0,0
1451,27,22,1536,0,240,2,8,5,1,1,-52,0,164,4042,67,100,0,0,0
1452,15,9,1024,10,253,3,26,7,1,1,-70,3,1414,15663,89,100,4,1,3
1451,6,5,768,10,271,4,5,5,1,2,-52,0,683,8367,79,100,1,0,0
1452,13,9,1024,0,190,6,15,7,1,2,-70,1,1057,6488,47,100,2,0,0
1454,7,3,768,0,213,7,13,7,1,3,-70,0,405,6529,48,100,2,0,0
1451,17,12,1280,0,253,2,9,7,1,1,-52,0,942,8731,67,100,2,0,0
1453,1,0,256,0,12,0,0,3,0,0,0,10,2633,22406,2253,100,2,0,0
1453,28,18,1280,10,224,2,4,7,1,1,-95,1,752,8523,81,100,1,0,0
1454,9,4,768,20,274,3,7,7,1,1,-52,6,3559,25837,93,100,4,0,0
1453,16,11,1024,0,274,4,5,7,1,2,-52,0,708,7169,83,100,3,0,0
1452,23,18,1280,0,151,3,19,7,1,1,-52,0,646,8545,35,100,2,0,0
1451,26,21,1536,0,259,3,5,7,1,1,-52,0,886,8289,79,100,2,0,0
1453,18,8,1024,20,274,3,6,7,2,1,-95,8,2911,21956,91,100,2,0,0
1455,5,1,512,0,270,6,1,7,1,1,-76,4,2009,17595,97,100,2,0,0
1455,4,1,512,0,265,6,3,7,2,1,-61,10,3841,18955,96,100,1,0,0
1456,20,14,1280,0,295,2,8,7,1,1,-70,0,1022,10499,79,100,4,0,0
1455,30,24,1536,0,232,7,6,7,1,3,-70,1,1308,14822,78,100,3,0,0
1455,10,5,768,0,281,2,10,7,1,1,-52,0,373,4875,75,100,2,0,0
1456,11,5,768,0,260,7,2,7,1,2,-70,1,1487,15242,89,100,2,0,0
1456,14,8,1024,10,261,5,8,7,1,2,-70,1,1108,10820,80,100,3,0,0
1456,17,12,1280,0,254,2,9,7,1,1,-52,0,424,4478,68,100,1,0,0
1456,24,18,1280,10,241,4,10,7,1,1,-70,2,1257,9206,73,100,2,0,0
1455,31,30,1792,0,245,4,11,5,1,2,-52,0,669,10540,59,100,2,0,0
1458,3,1,512,0,242,6,4,7,1,1,-76,2,1783,22094,97,100,2,0,0
1458,9,4,768,0,275,3,7,7,1,1,-52,6,798,9666,93,100,1,0,0
1457,23,18,1280,0,152,3,19,7,1,1,-52,0,425,5080,36,100,1,0,0
1459,1,0,256,0,12,0,0,3,0,0,0,10,1231,12835,2261,100,1,0,0
1459,27,22,1536,0,241,2,8,5,1,1,-52,0,513,7009,67,100,2,0,0
1460,2,3,768,0,262,5,5,5,1,2,-52,0,627,7808,83,100,1,0,0
1458,25,21,1536,0,270,5,9,7,1,2,-70,0,934,11728,78,100,3,0,0
1460,8,4,768,10,256,4,9,7,2,2,-70,10,4261,27481,92,100,1,0,0
1458,19,13,1280,0,205,5,19,7,1,3,-70,0,834,8554,40,100,3,0,0
1459,12,8,1024,0,250,4,5,7,1,2,-70,1,1084,12571,83,100,2,0,0
1460,18,8,1024,10,279,3,6,7,2,1,-95,8,2383,17660,91,100,1,0,0
1460,21,15,1280,0,250,3,4,7,1,1,-70,2,1688,18434,88,100,3,0,0
1460,29,28,1536,0,245,2,7,7,1,1,-52,0,965,10645,75,100,2,0,0
1460,14,8,1024,0,263,5,8,7,1,2,-70,1,514,5409,80,100,1,0,0
1461,6,5,768,10,274,4,5,5,1,2,-52,0,698,8999,80,100,2,0,0
1463,7,3,768,0,215,7,13,7,1,3,-70,0,577,8533,49,100,1,0,0
1460,24,18,1280,0,243,4,10,7,1,1,-70,2,742,6760,74,100,0,0,0
1463,5,1,512,0,272,6,1,7,1,1,-76,4,1645,16903,97,100,2,0,0
1461,22,18,1280,0,229,4,7,7,1,1,-70,1,1214,14891,69,100,2,0,0
1463,9,4,768,0,278,3,7,7,1,1,-52,6,1421,9664,94,100,2,0,0
1461,28,18,1280,10,226,2,4,7,1,1,-95,1,1010,13985,81,100,1,0,0
1462,15,9,1024,10,254,3,29,7,1,1,-70,3,1446,17443,90,100,5,1,3
1461,31,30,1792,0,245,4,11,5,1,2,-52,0,343,5572,60,100,1,0,0
1463,26,21,1536,0,265,3,5,7,1,1,-52,0,1072,11475,79,100,2,0,0
1463,27,22,1536,0,241,2,8,5,1,1,-52,0,220,4265,68,100,0,0,0
1464,13,9,1024,0,192,6,15,7,1,2,-70,1,1218,15158,48,100,3,0,0
1464,16,11,1024,0,281,4,5,7,1,2,-52,0,1295,11479,84,100,3,0,0
1465,8,4,768,10,259,4,9,7,2,2,-70,10,2936,17270,93,100,1,0,0
1465,11,5,768,0,266,7,2,7,1,2,-70,1,1514,14343,89,100,3,0,0
1466,2,3,768,0,265,5,5,5,1,2,-52,0,659,6321,84,100,1,0,0
1464,21,15,1280,0,250,3,4,7,1,1,-70,2,763,8202,89,100,1,0,0
1465,30,24,1536,0,234,7,6,7,1,3,-70,1,1152,12254,79,100,1,0,0
1464,10,5,768,0,285,2,10,7,1,1,-52,0,901,9697,76,100,3,0,0
1466,22,18,1280,0,232,4,7,7,1,1,-70,1,821,6811,69,100,1,0,0
1467,9,4,768,10,280,3,7,7,1,1,-52,6,1540,10198,94,100,1,0,0
1467,4,1,512,20,268,6,3,7,2,1,-61,10,7919,39303,97,100,3,0,0
1467,20,14,1280,0,300,2,8,7,1,1,-70,0,1041,11555,80,100,3,0,0
1467,15,9,1024,10,254,3,29,7,1,1,-70,3,899,7325,90,100,1,1,3
1466,12,8,1024,10,252,4,5,7,1,2,-70,1,726,11216,84,100,1,0,0
1466,17,12,1280,0,256,2,9,7,1,1,-52,0,547,9460,68,100,1,0,0
1467,28,18,1280,20,228,2,4,7,1,1,-95,1,604,9019,82,100,1,0,0
1468,24,18,1280,0,245,4,10,7,1,1,-70,2,1192,10433,74,100,2,0,0
1468,23,18,1280,0,153,3,19,7,1,1,-52,0,563,10560,36,100,2,0,0
1470,3,1,512,0,246,6,4,7,1,1,-76,2,2007,22989,97,100,2,0,0
1469,25,21,1536,0,274,5,9,7,1,2,-70,0,909,10233,79,100,3,0,0
1468,19,13,1280,0,208,5,19,7,1,3,-70,0,802,9985,41,100,3,0,0
1470,1,0,256,0,12,0,0,3,0,0,0,10,3271,30153,2284,100,2,0,0
1470,14,8,1024,0,267,5,8,7,1,2,-70,1,1300,12683,80,100,3,0,0
1470,26,21,1536,0,268,3,5,7,1,1,-52,0,688,7300,80,100,1,0,0
1470,18,8,1024,0,281,3,6,7,2,1,-95,8,3683,29803,92,100,2,0,0
1469,27,22,1536,0,243,2,8,5,1,1,-52,0,620,6812,68,100,2,0,0
1470,29,28,1536,0,247,2,7,7,1,1,-52,0,701,10036,76,100,2,0,0
1471,11,5,768,0,269,7,2,7,1,2,-70,1,852,9368,90,100,2,0,0
1469,31,30,1792,0,247,4,11,5,1,2,-52,0,621,7602,60,100,2,0,0
1473,7,3,768,0,217,7,13,7,1,3,-70,0,698,10180,50,100,2,0,0
1471,30,24,1536,0,236,7,6,7,1,3,-70,1,916,9488,79,100,2,0,0
1473,5,1,512,20,277,6,1,7,1,1,-76,4,2628,24516,98,100,4,0,0
1472,6,5,768,0,278,4,5,5,1,2,-52,0,1057,11444,80,100,2,0,0
1474,2,3,768,0,266,5,5,5,1,2,-52,0,510,7513,84,100,2,0,0
1474,15,9,1024,0,255,3,32,7,1,1,-70,3,1074,10961,91,100,4,1,3
1472,23,18,1280,0,155,3,19,7,1,1,-52,0,436,4480,37,100,0,0,0
1475,13,9,1024,0,199,6,15,7,1,2,-70,1,1491,12593,48,100,4,0,0
1473,20,14,1280,10,304,2,8,7,1,1,-70,0,800,7153,80,100,4,0,0
1473,21,15,1280,0,254,3,4,7,1,1,-70,2,1696,18364,89,100,4,0,0
1473,25,21,1536,0,275,5,9,7,1,2,-70,0,387,4368,79,100,2,0,0
1475,4,1,512,10,268,6,3,7,2,1,-61,10,5342,27146,97,100,1,0,0
1475,18,8,1024,30,282,3,6,7,1,1,-95,8,2123,14043,92,100,1,0,0
1475,1,0,256,0,12,0,0,3,0,0,0,10,1284,12322,2293,100,1,0,0
1476,9,4,768,10,283,3,7,7,1,1,-52,6,2625,19480,95,100,3,0,0
1473,19,13,1280,0,210,5,19,7,1,3,-70,0,494,5564,41,100,2,0,0
1476,16,11,1024,10,288,4,5,7,1,2,-52,0,1169,11098,84,100,4,0,0
1474,24,18,1280,0,247,4,10,7,1,1,-70,2,1071,8630,75,100,1,0,0
1476,8,4,768,0,262,4,9,7,2,2,-70,10,5175,33453,93,100,2,0,0
1477,10,5,768,0,292,2,10,7,1,1,-52,0,1172,11272,76,100,3,0,0
1474,22,18,1280,10,232,4,7,7,1,1,-70,1,891,11124,70,100,2,0,0
1476,14,8,1024,0,271,5,8,7,1,2,-70,1,1128,9026,81,100,2,0,0
1477,3,1,512,0,246,6,4,7,1,1,-76,2,1152,13548,98,100,2,0,0
1476,12,8,1024,10,252,4,5,7,1,2,-70,1,986,15578,84,100,2,0,0
1475,28,18,1280,10,230,2,4,7,1,1,-95,1,995,12691,82,100,2,0,0
1476,29,28,1536,0,249,2,7,7,1,1,-52,0,500,5962,76,100,1,0,0
1479,5,1,512,10,279,6,1,7,1,1,-76,4,1412,12991,98,100,2,0,0
1478,17,12,1280,0,263,2,10,7,1,1,-52,0,1287,11842,69,100,3,0,0
1477,21,15,1280,10,256,3,4,7,1,1,-70,2,747,7950,89,100,1,0,0
1479,11,5,768,0,270,7,2,7,1,2,-70,1,853,12942,90,100,2,0,0
1478,20,14,1280,0,305,2,8,7,1,1,-70,0,296,4965,80,100,0,0,0
1478,23,18,1280,0,157,3,19,7,1,1,-52,0,500,5912,37,100,1,0,0
1477,30,24,1536,0,238,7,6,7,1,3,-70,1,774,8377,79,100,1,0,0
1479,27,22,1536,0,246,2,8,5,1,1,-52,0,854,9482,69,100,1,0,0
1481,7,3,768,0,222,7,13,7,1,3,-70,0,940,8132,50,100,2,0,0
1479,31,30,1792,0,249,4,11,5,1,2,-52,0,604,9431,61,100,1,0,0
1480,8,4,768,0,264,4,9,7,2,2,-70,10,3287,16903,94,100,1,0,0
1480,6,5,768,0,281,4,5,5,1,2,-52,0,685,8838,81,100,1,0,0
1481,14,8,1024,0,273,5,8,7,1,2,-70,1,758,7199,81,100,2,0,0
1482,4,1,512,10,270,6,3,7,2,1,-61,10,5154,24372,98,100,1,0,0
1482,15,9,1024,20,258,3,34,7,1,1,-70,3,1863,16381,91,100,4,1,3
1480,26,21,1536,10,271,3,5,7,1,1,-52,0,807,11322,81,100,2,0,0
1481,19,13,1280,10,213,5,19,7,1,3,-70,0,754,7331,42,100,3,0,0
1482,24,18,1280,0,248,4,10,7,1,1,-70,2,1044,11135,75,100,1,0,0
1482,9,4,768,20,284,3,7,7,1,1,-52,6,2238,16757,95,100,3,0,0
1482,22,18,1280,0,234,4,7,7,1,1,-70,1,859,9861,70,100,1,0,0
1484,1,0,256,0,12,0,0,3,0,0,0,10,2591,22119,2312,100,2,0,0
1483,2,3,768,0,268,5,5,5,1,2,-52,0,697,9749,85,100,2,0,0
1486,13,9,1024,0,205,6,15,7,1,2,-70,1,1722,14634,49,100,3,0,0
1485,29,28,1536,0,253,2,7,7,1,1,-52,0,950,8009,77,100,3,0,0
1484,28,18,1280,0,231,2,4,7,1,1,-95,1,1273,14662,83,100,2,0,0
1485,20,14,1280,0,309,2,8,7,1,1,-70,0,854,6608,81,100,4,0,0
1486,3,1,512,0,248,6,4,7,1,1,-76,2,1324,17038,98,100,1,0,0
1485,12,8,1024,0,254,4,5,7,1,2,-70,1,1167,14032,85,100,2,0,0
1483,31,30,1792,0,252,4,11,5,1,2,-52,0,583,4963,61,100,1,0,0
1485,18,8,1024,0,286,3,6,7,1,1,-95,8,4218,30297,93,100,4,0,0
1484,25,21,1536,10,282,5,9,7,1,2,-70,0,1223,11938,80,100,4,0,0
1487,16,11,1024,0,291,4,5,7,1,2,-52,0,822,10872,85,100,4,0,0
1486,23,18,1280,0,160,3,19,7,1,1,-52,0,722,7606,37,100,3,0,0
1487,5,1,512,0,282,6,1,7,1,1,-76,4,2309,20854,99,100,3,0,0
1488,9,4,768,0,285,3,7,7,1,1,-52,6,988,8887,95,100,2,0,0
1487,6,5,768,0,285,4,5,5,1,2,-52,0,807,6892,81,100,2,0,0
1486,24,18,1280,0,249,4,10,7,1,1,-70,2,581,5370,75,100,1,0,0
1488,10,5,768,0,299,2,10,7,1,1,-52,0,1248,12198,77,100,4,0,0
1488,2,3,768,0,271,5,5,5,1,2,-52,0,603,5041,85,100,1,0,0
1489,15,9,1024,0,259,3,35,7,1,1,-70,3,898,10266,92,100,2,1,3
1488,22,18,1280,0,236,4,7,7,1,1,-70,1,695,7713,71,100,1,0,0
1489,14,8,1024,0,275,5,8,7,1,2,-70,1,1056,9942,82,100,3,0,0
1489,17,12,1280,0,267,2,10,7,1,1,-52,0,918,11346,70,100,2,0,0
1488,21,15,1280,0,260,3,4,7,1,1,-70,2,2029,20917,90,100,4,0,0
1490,28,18,1280,0,234,2,4,7,1,1,-95,1,596,7891,83,100,0,0,0
1490,3,1,512,0,250,6,4,7,1,1,-76,2,1051,9343,99,100,1,0,0
1490,4,1,512,20,271,6,3,7,2,1,-61,10,5446,26726,98,100,2,0,0
1490,11,5,768,10,274,7,2,7,1,2,-70,1,1339,16618,91,100,4,0,0
1488,19,13,1280,0,215,5,19,7,1,3,-70,0,514,6992,42,100,3,0,0
1488,30,24,1536,10,241,7,6,7,1,3,-70,1,1574,14914,80,100,2,0,0
1489,25,21,1536,10,284,5,9,7,1,2,-70,0,472,4147,80,100,2,0,0
1489,29,28,1536,0,253,2,7,7,1,1,-52,0,188,5267,77,100,0,0,0
1491,7,3,768,0,225,7,13,7,1,3,-70,0,829,10744,51,100,2,0,0
1489,31,30,1792,0,255,4,11,5,1,2,-52,0,663,5628,62,100,1,0,0
1491,12,8,1024,0,254,4,5,7,1,2,-70,1,647,9389,85,100,1,0,0
1491,27,22,1536,0,249,2,8,5,1,1,-52,0,873,11223,70,100,2,0,0
1492,20,14,1280,0,310,2,8,7,1,1,-70,0,410,6575,81,100,2,0,0
1493,8,4,768,0,266,4,9,7,2,2,-70,10,5523,32937,95,100,2,0,0
1492,23,18,1280,10,161,3,19,7,1,1,-52,0,355,6322,38,100,1,0,0
1494,1,0,256,0,12,0,0,3,0,0,0,10,2881,26935,2331,100,2,0,0
1493,14,8,1024,0,279,5,8,7,1,2,-70,1,823,6422,82,100,1,0,0
1495,5,1,512,20,286,6,1,7,1,1,-76,4,2187,17530,99,100,2,0,0
1495,13,9,1024,0,210,6,15,7,1,2,-70,1,1338,12126,50,100,4,0,0
1494,22,18,1280,0,237,4,7,7,1,1,-70,1,764,7649,71,100,1,0,0
1493,24,18,1280,10,251,4,10,7,1,1,-70,2,1289,10566,76,100,2,0,0
1494,11,5,768,0,277,7,2,7,1,2,-70,1,857,7828,91,100,2,0,0
1492,26,21,1536,10,273,3,5,7,1,1,-52,0,670,10751,81,100,2,0,0
1496,16,11,1024,0,294,4,5,7,1,2,-52,0,796,8616,86,100,4,0,0
1495,12,8,1024,0,254,4,5,7,1,2,-70,1,359,6472,86,100,0,0,0
1494,29,28,1536,10,253,2,7,7,1,1,-52,0,317,4866,78,100,1,0,0
1496,17,12,1280,0,270,2,10,7,1,1,-52,0,729,6865,70,100,2,0,0
1497,15,9,1024,10,263,3,37,7,1,1,-70,3,1726,14482,92,100,3,1,3
1496,9,4,768,10,291,3,7,7,1,1,-52,6,3077,21302,96,100,3,0,0
1498,2,3,768,0,273,5,5,5,1,2,-52,0,576,8359,86,100,1,0,0
1497,18,8,1024,0,286,3,7,7,1,1,-95,8,4201,33371,94,100,3,0,0
1495,19,13,1280,0,216,5,19,7,1,3,-70,0,467,6808,43,100,2,0,0
1497,28,18,1280,10,237,2,4,7,1,1,-95,1,1215,11910,84,100,2,0,0
1497,21,15,1280,10,264,3,4,7,1,1,-70,2,1756,16648,91,100,3,0,0
1498,6,5,768,10,287,4,5,5,1,2,-52,0,697,10395,82,100,2,0,0
1498,14,8,1024,0,281,5,8,7,1,2,-70,1,673,6036,82,100,2,0,0
1497,25,21,1536,0,290,5,9,7,1,2,-70,0,1002,8155,81,100,2,0,0
1499,8,4,768,0,267,4,9,7,2,2,-70,10,2998,17860,95,100,1,0,0
1498,10,5,768,10,306,2,10,7,1,1,-52,0,1294,11335,78,100,4,0,0
1498,24,18,1280,10,253,4,10,7,1,1,-70,2,355,5853,76,100,0,0,0
1500,3,1,512,20,252,6,4,7,1,1,-76,2,1450,18210,99,100,2,0,0
1499,29,28,1536,0,255,2,7,7,1,1,-52,0,500,4609,78,100,1,0,0
1499,26,21,1536,0,274,3,5,7,1,1,-52,0,474,6355,82,100,1,0,0
1499,31,30,1792,10,256,4,11,5,1,2,-52,0,514,9039,62,100,2,0,0
1500,7,3,768,0,228,7,13,7,1,3,-70,0,685,8525,52,100,1,0,0
1500,23,18,1280,0,163,3,19,7,1,1,-52,0,632,7531,38,100,1,0,0
1501,4,1,512,0,276,6,3,7,2,1,-61,10,8223,38719,99,100,2,0,0
1502,2,3,768,0,274,5,5,5,1,2,-52,0,365,4409,86,100,1,0,0
1501,12,8,1024,0,256,4,5,7,1,2,-70,1,862,8989,86,100,2,0,0
1499,30,24,1536,0,241,7,6,7,1,3,-70,1,1018,14155,81,100,2,0,0
1502,1,0,256,0,12,0,0,3,0,0,0,10,2268,21363,2345,100,1,0,0
1500,27,22,1536,0,252,2,8,5,1,1,-52,0,752,8814,70,100,2,0,0
1502,16,11,1024,0,297,4,5,7,1,2,-52,0,600,6929,86,100,2,0,0
1503,18,8,1024,30,289,3,7,7,1,1,-95,8,2120,14824,94,100,1,0,0
1504,9,4,768,0,294,3,7,7,1,1,-52,6,1892,14902,97,100,3,0,0
1504,17,12,1280,0,271,2,10,7,1,1,-52,0,473,7541,71,100,1,0,0
1504,15,9,1024,0,265,3,39,7,1,1,-70,3,1489,14351,93,100,4,1,3
1504,20,14,1280,0,314,2,8,7,1,1,-70,0,926,11580,82,100,4,0,0
1505,3,1,512,20,254,6,4,7,1,1,-76,2,1081,10295,100,100,1,0,0
1505,5,1,512,10,290,6,1,7,1,1,-76,4,2722,25713,100,100,4,0,0
1504,21,15,1280,0,267,3,4,7,1,1,-70,2,1284,13813,91,100,3,0,0
1505,11,5,768,0,282,7,2,7,1,2,-70,1,1566,16852,92,100,4,0,0
1505,13,9,1024,0,211,6,15,7,1,2,-70,1,1321,15015,50,100,4,0,0
1504,22,18,1280,10,238,4,7,7,1,1,-70,1,999,12812,72,100,2,0,0
1505,19,13,1280,0,220,5,19,7,1,3,-70,0,885,8826,44,100,3,0,0
1503,30,24,1536,0,242,7,6,7,1,3,-70,1,422,5329,81,100,0,0,0
1506,14,8,1024,0,284,5,8,7,1,2,-70,1,1094,10985,83,100,3,0,0
1507,10,5,768,0,310,2,10,7,1,1,-52,0,854,8839,78,100,3,0,0
1505,23,18,1280,0,166,3,19,7,1,1,-52,0,639,5314,39,100,1,0,0
1506,26,21,1536,0,275,3,5,7,1,1,-52,0,489,6772,82,100,2,0,0
1507,16,11,1024,10,299,4,5,7,1,2,-52,0,475,4554,86,100,1,0,0
1506,28,18,1280,0,240,2,4,7,1,1,-95,1,1118,14692,84,100,1,0,0
1507,18,8,1024,30,291,3,7,7,1,1,-95,8,1951,14515,94,100,1,0,0
1508,12,8,1024,0,258,4,5,7,1,2,-70,1,829,10292,86,100,1,0,0
1506,24,18,1280,0,253,4,10,7,1,1,-70,2,1269,11194,77,100,2,0,0
1509,2,3,768,0,275,5,5,5,1,2,-52,0,445,6014,87,100,1,0,0
1506,31,30,1792,0,256,4,11,5,1,2,-52,0,367,6838,63,100,1,0,0
1507,27,22,1536,0,253,2,8,5,1,1,-52,0,448,6444,71,100,1,0,0
1507,25,21,1536,0,294,5,9,7,1,2,-70,0,877,10739,81,100,3,0,0
1510,9,4,768,20,296,3,7,7,1,1,-52,6,1835,12677,97,100,2,0,0
1509,5,1,512,10,292,6,1,7,1,1,-76,4,1467,11039,100,100,2,0,0
1510,1,0,256,0,12,0,0,3,0,0,0,10,2228,20006,2364,100,1,0,0
1509,6,5,768,0,288,4,5,5,1,2,-52,0,616,11239,83,100,2,0,0
1511,7,3,768,0,233,7,13,7,1,3,-70,0,962,10433,52,100,2,0,0
1510,8,4,768,10,270,4,9,7,2,2,-70,10,5750,33102,96,100,2,0,0
1508,29,28,1536,10,258,2,7,7,1,1,-52,0,783,9531,79,100,2,0,0
1510,15,9,1024,0,266,3,40,7,1,1,-70,3,1211,10711,93,100,2,1,3
1512,4,1,512,10,277,6,3,7,2,1,-61,10,7209,36774,100,100,2,0,0
1511,27,22,1536,0,253,2,8,5,1,1,-52,0,261,3864,71,100,1,0,0
1511,21,15,1280,10,270,3,4,7,1,1,-70,2,1623,15683,92,100,2,0,0
1513,13,9,1024,10,213,6,15,7,1,2,-70,1,898,10068,51,100,2,0,0
1513,17,12,1280,10,271,2,10,7,1,1,-52,0,407,8532,71,100,2,0,0
1512,24,18,1280,20,254,4,10,7,1,1,-70,2,758,7515,77,100,1,0,0
1511,26,21,1536,0,278,3,5,7,1,1,-52,0,662,6193,83,100,1,0,0
1514,3,1,512,0,258,6,4,7,1,1,-76,2,1676,18091,100,100,1,0,0
1511,30,24,1536,0,243,7,6,7,1,3,-70,1,863,9443,82,100,2,0,0
1512,19,13,1280,0,223,5,19,7,1,3,-70,0,619,6734,44,100,3,0,0
1512,29,28,1536,0,261,2,7,7,1,1,-52,0,607,4551,79,100,1,0,0
1514,10,5,768,0,312,2,10,7,1,1,-52,0,542,6964,79,100,3,0,0
1514,28,18,1280,10,243,2,4,7,1,1,-95,1,1302,12843,85,100,2,0,0
1515,14,8,1024,0,286,5,9,7,1,2,-70,1,829,11020,83,100,4,0,0
1516,12,8,1024,0,262,4,5,7,1,2,-70,1,1292,12123,87,100,2,0,0
1514,20,14,1280,0,320,2,8,7,1,1,-70,0,1117,10651,83,100,4,0,0
1515,22,18,1280,0,240,4,7,7,1,1,-70,1,1293,14935,72,100,2,0,0
1516,11,5,768,0,285,7,2,7,1,2,-70,1,1290,17551,93,100,4,0,0
1516,18,8,1024,10,294,3,7,7,1,1,-95,8,3150,24259,95,100,2,0,0
1517,1,0,256,0,12,0,0,3,0,0,0,10,1917,17445,2375,100,2,0,0
1513,31,30,1792,10,258,4,11,5,1,2,-52,0,621,8232,63,100,2,0,0
1516,19,13,1280,0,224,5,19,7,1,3,-70,0,369,4347,44,100,1,0,0
1518,9,4,768,0,299,3,7,7,1,1,-52,6,2381,18240,97,100,2,0,0
1516,24,18,1280,10,256,4,10,7,1,1,-70,2,863,6329,77,100,2,0,0
1518,5,1,512,10,295,6,1,7,1,1,-76,4,1880,19539,101,100,3,0,0
1516,23,18,1280,10,171,3,19,7,1,1,-52,0,1087,11713,40,100,3,0,0
1517,16,11,1024,10,302,4,5,7,1,2,-52,0,713,10107,87,100,4,0,0
1520,7,3,768,0,237,7,13,7,1,3,-70,0,913,9116,53,100,2,0,0
1518,6,5,768,10,288,4,5,5,1,2,-52,0,307,7422,83,100,1,0,0
1520,13,9,1024,0,214,6,15,7,1,2,-70,1,903,8496,51,100,2,0,0
1520,3,1,512,10,259,6,4,7,1,1,-76,2,1009,10453,101,100,1,0,0
1519,2,3,768,0,279,5,5,5,1,2,-52,0,879,11330,87,100,2,0,0
1520,12,8,1024,0,264,4,5,7,1,2,-70,1,625,7207,87,100,1,0,0
1519,25,21,1536,0,298,5,9,7,1,2,-70,0,903,10586,82,100,4,0,0
1521,17,12,1280,0,271,2,10,7,1,1,-52,0,367,7175,72,100,1,0,0
1521,11,5,768,0,286,7,2,7,1,2,-70,1,601,7251,93,100,2,0,0
1521,8,4,768,10,274,4,9,7,2,2,-70,10,5151,30471,97,100,4,0,0
1520,30,24,1536,0,245,7,6,7,1,3,-70,1,911,11581,82,100,1,0,0
1521,15,9,1024,0,271,3,43,7,1,1,-70,3,1992,19733,94,100,6,1,3
1521,21,15,1280,20,274,3,4,7,1,1,-70,2,1418,16909,92,100,4,0,0
1521,31,30,1792,0,258,4,11,5,1,2,-52,0,367,6107,64,100,1,0,0
1521,26,21,1536,0,283,3,5,7,1,1,-52,0,965,10151,83,100,2,0,0
1522,27,22,1536,0,258,2,8,5,1,1,-52,0,1045,10870,72,100,2,0,0
1523,28,18,1280,0,248,2,4,7,1,1,-95,1,1287,15451,85,100,1,0,0
1522,6,5,768,0,289,4,5,5,1,2,-52,0,446,5706,84,100,1,0,0
1524,4,1,512,10,282,6,3,7,2,1,-61,10,8225,39826,101,100,4,0,0
1523,29,28,1536,0,268,2,7,7,1,1,-52,0,1082,11046,79,100,1,0,0
1524,16,11,1024,0,304,4,5,7,1,2,-52,0,755,7725,88,100,3,0,0
1525,8,4,768,10,275,4,9,7,2,2,-70,10,1879,12016,97,100,1,0,0
1526,3,1,512,0,261,6,4,7,1,1,-76,2,1015,11817,101,100,1,0,0
1524,20,14,1280,10,324,2,8,7,1,1,-70,0,747,9940,83,100,3,0,0
1525,10,5,768,0,318,2,10,7,1,1,-52,0,1139,11773,80,100,4,0,0
1524,22,18,1280,0,242,4,7,7,1,1,-70,1,1150,11395,73,100,2,0,0
1525,14,8,1024,0,289,5,9,7,1,2,-70,1,1334,14168,84,100,3,0,0
1524,30,24,1536,0,245,7,6,7,1,3,-70,1,580,5875,83,100,1,0,0
1526,13,9,1024,0,217,6,15,7,1,2,-70,1,740,8506,52,100,2,0,0
1527,1,0,256,0,12,0,0,3,0,0,0,10,2872,26602,2400,100,1,0,0
1527,2,3,768,0,281,5,5,5,1,2,-52,0,674,7361,88,100,2,0,0
1527,15,9,1024,0,275,3,44,7,1,1,-70,3,1500,9690,94,100,3,1,3
1527,12,8,1024,0,267,4,5,7,1,2,-70,1,1031,11099,88,100,2,0,0
1526,24,18,1280,0,258,4,10,7,1,1,-70,2,1538,14051,78,100,3,0,0
1528,9,4,768,10,303,3,7,7,1,1,-52,6,3132,22625,98,100,4,0,0
1527,27,22,1536,0,260,2,8,5,1,1,-52,0,477,4433,72,100,1,0,0
1526,19,13,1280,0,227,5,19,7,1,3,-70,0,796,9891,45,100,4,0,0
1528,18,8,1024,30,297,3,7,7,1,1,-95,8,4713,34501,96,100,3,0,0
1526,31,30,1792,0,259,4,11,5,1,2,-52,0,369,4831,64,100,1,0,0
1527,23,18,1280,0,173,3,19,7,1,1,-52,0,704,10161,40,100,2,0,0
1528,5,1,512,0,299,6,1,7,1,1,-76,4,2908,25095,102,100,4,0,0
1529,17,12,1280,0,274,2,10,7,1,1,-52,0,728,8267,72,100,2,0,0
1529,11,5,768,0,290,7,2,7,1,2,-70,1,1227,13391,94,100,2,0,0
1530,8,4,768,0,275,4,9,7,2,2,-70,10,2548,13926,97,100,1,0,0
1531,7,3,768,0,239,7,13,7,1,3,-70,0,698,10909,54,100,2,0,0
1532,15,9,1024,10,277,3,46,7,1,1,-70,3,621,7400,95,100,3,1,3
1533,3,1,512,0,264,6,4,7,1,1,-76,2,1575,13982,102,100,2,0,0
1530,25,21,1536,0,300,5,9,7,1,2,-70,0,713,10994,83,100,4,0,0
1533,1,0,256,0,12,0,0,3,0,0,0,10,1521,15335,2408,100,2,0,0
1531,26,21,1536,0,285,3,5,7,1,1,-52,0,701,9032,84,100,2,0,0
1534,4,1,512,20,282,6,3,7,2,1,-61,10,5481,29500,101,100,2,0,0
1534,2,3,768,0,282,5,5,5,1,2,-52,0,383,5769,88,100,2,0,0
1531,31,30,1792,0,260,4,11,5,1,2,-52,0,393,4905,64,100,1,0,0
1533,21,15,1280,0,279,3,4,7,1,1,-70,2,2240,22841,93,100,4,0,0
1534,10,5,768,0,323,2,10,7,1,1,-52,0,936,8996,80,100,3,0,0
1535,28,18,1280,0,252,2,4,7,1,1,-95,1,1333,16878,86,100,2,0,0
1535,14,8,1024,0,293,5,9,7,1,2,-70,1,1221,13123,85,100,4,0,0
1534,16,11,1024,0,309,4,5,7,1,2,-52,0,977,10377,88,100,4,0,0
1535,6,5,768,0,292,4,5,5,1,2,-52,0,828,11680,85,100,2,0,0
1537,3,1,512,0,265,6,4,7,1,1,-76,2,743,7783,102,100,1,0,0
1535,19,13,1280,0,229,5,19,7,1,3,-70,0,574,8340,46,100,2,0,0
1537,8,4,768,30,277,4,9,7,2,2,-70,10,2052,16232,98,100,2,0,0
1537,12,8,1024,0,272,4,5,7,1,2,-70,1,1358,14794,88,100,2,0,0
1536,22,18,1280,0,247,4,7,7,1,1,-70,1,1397,14818,74,100,2,0,0
1538,7,3,768,0,241,7,13,7,1,3,-70,0,592,6780,54,100,1,0,0
1536,20,14,1280,0,328,2,8,7,1,1,-70,0,1104,11448,84,100,4,0,0
1535,29,28,1536,0,269,2,7,7,1,1,-52,0,716,10899,80,100,3,0,0
1538,15,9,1024,10,279,3,47,7,1,1,-70,3,1231,9552,95,100,3,1,3
1538,17,12,1280,0,276,2,10,7,1,1,-52,0,604,8468,73,100,1,0,0
1537,13,9,1024,0,221,6,15,7,1,2,-70,1,1523,14773,53,100,4,0,0
1535,30,24,1536,0,250,7,6,7,1,3,-70,1,1646,14580,84,100,2,0,0
1536,25,21,1536,0,302,5,9,7,1,2,-70,0,494,5355,83,100,2,0,0
1538,18,8,1024,30,301,3,7,7,1,1,-95,8,3269,27506,96,100,2,0,0
1537,27,22,1536,0,261,2,8,5,1,1,-52,0,593,9278,73,100,2,0,0
1538,23,18,1280,0,175,3,19,7,1,1,-52,0,605,9613,41,100,1,0,0
1539,9,4,768,10,307,3,7,7,1,1,-52,6,3081,23570,99,100,3,0,0
1539,5,1,512,0,302,6,1,7,1,1,-76,4,2170,23804,102,100,3,0,0
1538,26,21,1536,0,287,3,5,7,1,1,-52,0,499,6468,84,100,1,0,0
1539,24,18,1280,10,261,4,10,7,1,1,-70,2,1883,16778,79,100,3,0,0
1537,31,30,1792,0,261,4,11,5,1,2,-52,0,449,6170,65,100,1,0,0
1540,11,5,768,0,295,7,2,7,1,2,-70,1,1337,16081,94,100,3,0,0
1540,1,0,256,0,12,0,0,3,0,0,0,10,1994,18618,2422,100,1,0,0
1539,21,15,1280,20,280,3,4,7,1,1,-70,2,1065,11341,94,100,1,0,0
1542,8,4,768,0,279,4,9,7,2,2,-70,10,3290,17192,98,100,1,0,0
1541,10,5,768,0,327,2,10,7,1,1,-52,0,786,7586,81,100,2,0,0
1541,25,21,1536,0,305,5,9,7,1,2,-70,0,656,5755,84,100,2,0,0
1541,16,11,1024,0,310,4,5,7,1,2,-52,0,443,6740,89,100,2,0,0
1544,22,18,1280,0,248,4,7,7,1,1,-70,1,874,9885,74,100,1,0,0
1543,17,12,1280,10,276,2,10,7,1,1,-52,0,262,5077,73,100,1,0,0
1543,29,28,1536,0,272,2,7,7,1,1,-52,0,687,7927,81,100,1,0,0
1542,26,21,1536,0,288,3,5,7,1,1,-52,0,448,5011,85,100,1,0,0
1544,23,18,1280,0,177,3,19,7,1,1,-52,0,500,5728,41,100,1,0,0
1543,30,24,1536,0,254,7,6,7,1,3,-70,1,1061,10385,84,100,1,0,0
1545,4,1,512,0,284,6,3,7,2,1,-61,10,7797,37644,102,100,3,0,0
1545,5,1,512,10,305,6,1,7,1,1,-76,4,1868,13975,103,100,2,0,0
1546,14,8,1024,0,295,5,9,7,1,2,-70,1,1055,12109,85,100,3,0,0
1545,11,5,768,0,296,7,2,7,1,2,-70,1,772,9112,95,100,2,0,0
1546,19,13,1280,0,233,5,19,7,1,3,-70,0,853,9080,46,100,3,0,0
1546,2,3,768,0,284,5,5,5,1,2,-52,0,721,11230,89,100,2,0,0
1545,18,8,1024,10,302,3,7,7,1,1,-95,8,2673,20297,97,100,2,0,0
1545,20,14,1280,10,331,2,8,7,1,1,-70,0,779,8949,85,100,3,0,0
1545,27,22,1536,0,263,2,8,5,1,1,-52,0,523,7526,73,100,1,0,0
1547,9,4,768,0,309,3,7,7,1,1,-52,6,2175,16599,99,100,2,0,0
1546,6,5,768,0,296,4,5,5,1,2,-52,0,880,10508,85,100,2,0,0
1546,28,18,1280,0,254,2,4,7,1,1,-95,1,1378,17700,87,100,2,0,0
1547,7,3,768,0,245,7,13,7,1,3,-70,0,912,10201,55,100,2,0,0
1547,15,9,1024,0,280,3,49,7,1,1,-70,3,1981,17113,96,100,4,1,3
1548,3,1,512,0,266,6,4,7,1,1,-76,2,1650,21749,103,100,2,0,0
1548,12,8,1024,10,279,4,5,7,1,2,-70,1,1775,18497,89,100,3,0,0
1548,29,28,1536,0,273,2,7,7,1,1,-52,0,368,4787,81,100,1,0,0
1550,13,9,1024,0,227,6,15,7,1,2,-70,1,1617,15397,53,100,5,0,0
1549,21,15,1280,0,286,3,4,7,1,1,-70,2,1947,18353,94,100,4,0,0
1549,25,21,1536,0,308,5,9,7,1,2,-70,0,823,6846,84,100,3,0,0
1550,1,0,256,0,12,0,0,3,0,0,0,10,2624,24825,2443,100,2,0,0
1549,26,21,1536,0,290,3,5,7,1,1,-52,0,499,6252,85,100,1,0,0
1548,31,30,1792,0,265,4,11,5,1,2,-52,0,915,10750,66,100,2,0,0
1551,24,18,1280,10,263,4,10,7,1,1,-70,2,1504,15919,80,100,3,0,0
1551,10,5,768,0,330,2,10,7,1,1,-52,0,744,10185,81,100,3,0,0
1552,8,4,768,0,281,4,9,7,2,2,-70,10,4282,27416,99,100,2,0,0
1553,15,9,1024,0,282,3,50,7,1,1,-70,3,1131,9937,96,100,2,1,3
1551,16,11,1024,0,313,4,5,7,1,2,-52,0,648,8958,89,100,2,0,0
1553,17,12,1280,0,278,2,10,7,1,1,-52,0,696,9560,74,100,3,0,0
1554,14,8,1024,0,299,5,9,7,1,2,-70,1,1077,11476,86,100,3,0,0
1554,22,18,1280,0,251,4,7,7,1,1,-70,1,1243,13530,75,100,3,0,0
1552,29,28,1536,10,276,3,7,7,1,1,-52,0,600,4717,81,100,2,0,0
1555,9,4,768,10,311,3,7,7,1,1,-52,6,2112,16566,100,100,4,0,0
1555,19,13,1280,0,238,5,19,7,1,3,-70,0,1052,9310,47,100,4,0,0
1555,4,1,512,20,286,6,3,7,2,1,-61,10,6221,32440,103,100,2,0,0
1555,2,3,768,0,287,5,5,5,1,2,-52,0,805,9640,90,100,2,0,0
1554,18,8,1024,10,303,3,7,7,1,1,-95,8,2832,24879,97,100,2,0,0
1554,23,18,1280,0,179,3,20,7,1,1,-52,0,799,10828,42,100,3,0,0
1553,30,24,1536,0,257,7,6,7,1,3,-70,1,1281,12928,85,100,2,0,0
1555,20,14,1280,0,334,2,8,7,1,1,-70,0,643,9332,85,100,3,0,0
1555,28,18,1280,10,257,2,4,7,1,1,-95,1,1419,15225,88,100,3,0,0
1557,5,1,512,10,308,6,1,7,1,1,-76,4,2502,26413,103,100,4,0,0
1556,27,22,1536,0,266,2,8,5,1,1,-52,0,801,10050,74,100,3,0,0
1557,15,9,1024,10,283,3,52,7,1,1,-70,3,804,8150,96,100,2,1,3
1557,8,4,768,0,281,4,9,7,2,2,-70,10,2736,15138,99,100,1,0,0
1556,11,5,768,10,302,7,2,7,1,2,-70,1,1528,17249,96,100,4,0,0
1558,13,9,1024,10,230,6,15,7,1,2,-70,1,1074,10551,54,100,2,0,0
1556,6,5,768,0,298,4,5,5,1,2,-52,0,698,10473,86,100,2,0,0
1558,12,8,1024,0,281,4,5,7,1,2,-70,1,1187,15497,90,100,2,0,0
1556,21,15,1280,10,287,3,4,7,1,1,-70,2,1217,13280,95,100,2,0,0
1557,7,3,768,0,246,7,13,7,1,3,-70,0,536,10302,55,100,2,0,0
1558,1,0,256,0,12,0,0,3,0,0,0,10,2440,21283,2463,100,1,0,0
1558,24,18,1280,0,265,4,10,7,1,1,-70,2,913,8963,80,100,2,0,0
1559,17,12,1280,0,280,2,10,7,1,1,-52,0,494,5386,74,100,2,0,0
1559,3,1,512,0,271,6,4,7,1,1,-76,2,1801,21245,103,100,2,0,0
1560,9,4,768,10,312,3,7,7,1,1,-52,6,1791,12261,100,100,1,0,0
1559,18,8,1024,10,305,3,7,7,1,1,-95,8,2074,14453,98,100,2,0,0
1559,10,5,768,0,333,2,10,7,1,1,-52,0,674,8085,82,100,3,0,0
1558,26,21,1536,0,292,3,5,7,1,1,-52,0,676,8680,86,100,2,0,0
1560,23,18,1280,0,182,3,20,7,1,1,-52,0,608,5722,42,100,1,0,0
1560,11,5,768,0,306,7,2,7,1,2,-70,1,876,7585,96,100,2,0,0
1558,31,30,1792,0,269,4,11,5,1,2,-52,0,884,10119,66,100,2,0,0
1561,22,18,1280,0,252,4,7,7,1,1,-70,1,818,8973,75,100,2,0,0
1560,25,21,1536,0,312,5,9,7,1,2,-70,0,1011,11487,85,100,4,0,0
1561,29,28,1536,0,278,3,7,7,1,1,-52,0,724,8523,82,100,2,0,0
1562,13,9,1024,0,232,6,15,7,1,2,-70,1,580,6161,54,100,2,0,0
1562,4,1,512,0,286,6,3,7,2,1,-61,10,4951,24680,103,100,1,0,0
1564,5,1,512,0,309,6,1,7,1,1,-76,4,1493,14308,104,100,2,0,0
1563,28,18,1280,0,259,2,4,7,1,1,-95,1,878,11548,88,100,2,0,0
1564,14,8,1024,0,302,5,9,7,1,2,-70,1,1216,13405,87,100,3,0,0
1563,27,22,1536,0,268,3,8,5,1,1,-52,0,598,6783,74,100,2,0,0
1563,12,8,1024,20,283,4,5,7,1,2,-70,1,747,8393,90,100,2,0,0
1564,10,5,768,0,335,2,10,7,1,1,-52,0,468,4262,82,100,2,0,0
1564,21,15,1280,0,293,3,4,7,1,1,-70,2,1673,15861,95,100,2,0,0
1562,16,11,1024,0,316,4,5,7,1,2,-52,0,916,11040,90,100,5,0,0
1566,9,4,768,20,317,3,7,7,1,1,-52,6,1683,11941,101,100,3,0,0
1565,18,8,1024,0,306,3,7,7,1,1,-95,8,2227,16256,98,100,2,0,0
1564,30,24,1536,0,258,7,6,7,1,3,-70,1,1298,14468,85,100,2,0,0
1566,2,3,768,0,290,5,5,5,1,2,-52,0,804,10253,91,100,2,0,0
1567,20,14,1280,10,340,2,8,7,1,1,-70,0,1116,11071,86,100,4,0,0
1567,19,13,1280,0,242,5,19,7,1,3,-70,0,929,11796,48,100,4,0,0
1566,15,9,1024,0,283,3,54,7,1,1,-70,3,1443,16093,97,100,4,1,3
1567,6,5,768,0,300,4,5,5,1,2,-52,0,698,9975,87,100,2,0,0
1568,7,3,768,0,248,7,13,7,1,3,-70,0,699,9088,56,100,2,0,0
1568,14,8,1024,0,303,5,9,7,1,2,-70,1,687,5766,87,100,2,0,0
1569,11,5,768,0,311,7,2,7,1,2,-70,1,1102,12989,96,100,2,0,0
1569,8,4,768,0,285,4,9,7,2,2,-70,10,5467,33250,100,100,2,0,0
1569,3,1,512,0,276,6,4,7,1,1,-76,2,1836,19070,104,100,1,0,0
1568,24,18,1280,0,270,4,10,7,1,1,-70,2,1687,14622,81,100,2,0,0
1568,22,18,1280,20,255,4,7,7,1,1,-70,1,1170,11173,76,100,2,0,0
1569,17,12,1280,0,283,2,10,7,1,1,-52,0,808,10090,75,100,2,0,0
1568,27,22,1536,0,268,3,8,5,1,1,-52,0,341,5683,75,100,1,0,0
1570,12,8,1024,0,286,4,5,7,1,2,-70,1,1092,11297,91,100,1,0,0
1570,1,0,256,0,12,0,0,3,0,0,0,10,2904,29073,2482,100,2,0,0
1568,16,11,1024,10,317,4,5,7,1,2,-52,0,363,5224,90,100,2,0,0
1571,5,1,512,0,311,6,1,7,1,1,-76,4,1899,18172,104,100,2,0,0
1571,4,1,512,20,288,6,3,7,2,1,-61,10,5531,28501,104,100,1,0,0
1570,23,18,1280,0,185,3,20,7,1,1,-52,0,809,10144,43,100,2,0,0
1570,30,24,1536,10,259,7,6,7,1,3,-70,1,590,6794,86,100,1,0,0
1571,13,9,1024,10,236,6,15,7,1,2,-70,1,1288,12511,55,100,2,0,0
1569,25,21,1536,0,315,5,9,7,1,2,-70,0,706,8870,86,100,2,0,0
1568,31,30,1792,0,272,4,11,5,1,2,-52,0,785,9126,67,100,2,0,0
1569,26,21,1536,0,294,3,5,7,1,1,-52,0,724,10974,87,100,2,0,0
1570,29,28,1536,0,281,3,7,7,1,1,-52,0,801,8877,83,100,3,0,0
1574,7,3,768,0,249,7,13,7,1,3,-70,0,390,5913,56,100,1,0,0
1573,28,18,1280,0,263,2,4,7,1,1,-95,1,1379,16161,89,100,3,0,0
1573,21,15,1280,0,298,3,4,7,1,1,-70,2,1846,17662,96,100,4,0,0
1573,27,22,1536,0,271,3,8,5,1,1,-52,0,576,5243,75,100,2,0,0
1575,20,14,1280,0,343,2,8,7,1,1,-70,0,804,8408,87,100,3,0,0
1575,11,5,768,0,313,7,2,7,1,2,-70,1,1061,9992,97,100,3,0,0
1574,9,4,768,0,318,3,7,7,1,1,-52,6,2550,21137,101,100,2,0,0
1574,10,5,768,0,339,2,10,7,1,1,-52,0,931,10816,83,100,3,0,0
1574,15,9,1024,0,286,3,56,7,1,1,-70,3,1865,15411,98,100,3,1,3
1575,18,8,1024,0,309,3,7,7,1,1,-95,8,3593,28825,99,100,1,0,0
1576,14,8,1024,0,305,5,9,7,1,2,-70,1,930,10587,87,100,2,0,0
1577,2,3,768,0,293,5,5,5,1,2,-52,0,749,9547,91,100,2,0,0
1576,13,9,1024,0,240,6,15,7,1,2,-70,1,822,7176,55,100,2,0,0
1576,5,1,512,0,313,6,1,7,1,1,-76,4,1493,12774,105,100,2,0,0
1576,22,18,1280,0,260,4,7,7,1,1,-70,1,1315,10320,76,100,2,0,0
1577,23,18,1280,0,187,3,20,7,1,1,-52,0,525,6958,43,100,1,0,0
1578,19,13,1280,0,248,5,19,7,1,3,-70,0,1092,11153,48,100,3,0,0
1576,31,30,1792,10,277,4,11,5,1,2,-52,0,845,7699,68,100,1,0,0
1577,26,21,1536,0,295,3,5,7,1,1,-52,0,417,6822,87,100,1,0,0
1578,6,5,768,0,302,4,5,5,1,2,-52,0,665,11133,87,100,2,0,0
1579,4,1,512,10,290,6,3,7,2,1,-61,10,5379,26585,104,100,2,0,0
1577,25,21,1536,0,318,5,9,7,1,2,-70,0,721,7888,86,100,3,0,0
1579,30,24,1536,0,260,7,6,7,1,3,-70,1,1141,12089,86,100,2,0,0
1579,3,1,512,0,280,6,4,7,1,1,-76,2,1796,20313,105,100,2,0,0
1579,24,18,1280,0,272,4,10,7,1,1,-70,2,1600,15411,81,100,3,0,0
1579,11,5,768,0,315,7,2,7,1,2,-70,1,511,7590,97,100,1,0,0
1580,8,4,768,10,289,4,9,7,2,2,-70,10,5456,32404,100,100,2,0,0
1580,9,4,768,0,320,3,7,7,1,1,-52,6,1627,11678,102,100,2,0,0
1580,15,9,1024,0,287,3,58,7,1,1,-70,3,868,8965,98,100,4,1,3
1580,5,1,512,0,317,6,1,7,1,1,-76,4,1294,10401,105,100,2,0,0
1581,1,0,256,0,12,0,0,3,0,0,0,10,3144,27731,2505,100,2,0,0
1581,12,8,1024,20,292,4,5,7,1,2,-70,1,1476,16956,91,100,2,0,0
1581,7,3,768,10,251,7,13,7,1,3,-70,0,553,6966,57,100,1,0,0
1579,29,28,1536,0,283,3,7,7,1,1,-52,0,620,8620,83,100,2,0,0
1579,16,11,1024,0,323,4,5,7,1,2,-52,0,1044,11313,91,100,3,0,0
1580,17,12,1280,0,288,2,10,7,1,1,-52,0,1041,11240,76,100,3,0,0
1582,18,8,1024,0,309,3,7,7,1,1,-95,8,2272,17786,99,100,1,0,0
1580,27,22,1536,0,274,3,8,5,1,1,-52,0,783,7931,76,100,2,0,0
1583,20,14,1280,0,346,2,8,7,1,1,-70,0,624,8335,87,100,2,0,0
1583,13,9,1024,10,245,6,15,7,1,2,-70,1,1259,9582,56,100,2,0,0
1582,25,21,1536,10,320,5,9,7,1,2,-70,0,469,4314,87,100,2,0,0
1584,6,5,768,0,303,4,5,5,1,2,-52,0,446,5627,88,100,1,0,0
1582,31,30,1792,0,281,4,11,5,1,2,-52,0,865,7580,68,100,1,0,0
1585,11,5,768,0,316,7,2,7,1,2,-70,1,651,8598,97,100,2,0,0
1584,28,18,1280,0,266,2,4,7,1,1,-95,1,1127,17225,89,100,2,0,0
1585,21,15,1280,0,301,3,4,7,1,1,-70,2,1798,21560,96,100,4,0,0
1585,23,18,1280,0,188,3,20,7,1,1,-52,0,570,8275,44,100,2,0,0
1586,17,12,1280,0,291,2,10,7,1,1,-52,0,609,6049,76,100,1,0,0
1585,30,24,1536,0,260,7,6,7,1,3,-70,1,793,8231,87,100,1,0,0
1586,18,8,1024,10,309,3,7,7,1,1,-95,8,1519,11951,99,100,1,0,0
1586,10,5,768,0,342,2,10,7,1,1,-52,0,739,10549,83,100,4,0,0
1587,2,3,768,10,295,5,5,5,1,2,-52,0,600,9690,92,100,1,0,0
1585,26,21,1536,0,297,3,5,7,1,1,-52,0,677,7996,88,100,2,0,0
1587,8,4,768,20,291,4,9,7,2,2,-70,10,3653,20866,101,100,2,0,0
1587,15,9,1024,0,288,3,60,7,1,1,-70,3,1273,11691,98,100,3,1,3
1588,14,8,1024,0,309,5,9,7,1,2,-70,1,1424,15423,88,100,4,0,0
1585,22,18,1280,10,265,4,7,7,1,1,-70,1,1493,13909,77,100,2,0,0
1589,12,8,1024,0,293,4,5,7,1,2,-70,1,952,12074,92,100,1,0,0
1584,27,22,1536,0,276,3,8,5,1,1,-52,0,271,4000,76,100,0,0,0
1588,5,1,512,10,320,6,1,7,1,1,-76,4,2307,19712,106,100,3,0,0
1589,29,28,1536,0,285,3,7,7,1,1,-52,0,579,8291,84,100,1,0,0
1589,6,5,768,0,303,4,5,5,1,2,-52,0,258,4167,88,100,1,0,0
1590,19,13,1280,10,256,5,19,7,1,3,-70,0,1333,11644,49,100,4,0,0
1589,4,1,512,0,291,6,3,7,2,1,-61,10,7434,35877,105,100,2,0,0
1590,7,3,768,0,252,7,13,7,1,3,-70,0,537,8545,57,100,2,0,0
1589,9,4,768,10,323,3,7,7,1,1,-52,6,2981,21797,102,100,4,0,0
1590,21,15,1280,0,302,3,4,7,1,1,-70,2,896,9182,97,100,1,0,0
1591,1,0,256,0,12,0,0,3,0,0,0,10,2711,25224,2524,100,2,0,0
1588,27,22,1536,0,277,3,8,5,1,1,-52,0,368,3851,76,100,1,0,0
1590,17,12,1280,10,292,2,10,7,1,1,-52,0,262,4079,76,100,1,0,0
1591,3,1,512,0,282,6,4,7,1,1,-76,2,1787,22784,106,100,2,0,0
1590,30,24,1536,0,261,7,6,7,1,3,-70,1,560,6564,87,100,1,0,0
1590,25,21,1536,0,326,5,9,7,1,2,-70,0,996,8069,87,100,3,0,0
1591,24,18,1280,10,274,4,10,7,1,1,-70,2,1425,15082,82,100,2,0,0
1591,11,5,768,0,320,7,2,7,1,2,-70,1,1052,10795,98,100,2,0,0
1591,28,18,1280,0,268,2,4,7,1,1,-95,1,1093,11474,90,100,2,0,0
1592,8,4,768,10,295,4,9,7,2,2,-70,10,2598,14217,101,100,0,0,0
1592,16,11,1024,0,329,4,5,7,1,2,-52,0,1309,11626,92,100,5,0,0
1592,18,8,1024,10,309,3,7,7,1,1,-95,8,2386,18166,100,100,1,0,0
1593,6,5,768,0,304,4,5,5,1,2,-52,0,365,4339,88,100,1,0,0
1594,20,14,1280,0,355,2,8,7,1,1,-70,0,1438,11404,88,100,4,0,0
1593,23,18,1280,10,190,3,20,7,1,1,-52,0,524,7365,45,100,1,0,0
1595,14,8,1024,0,313,5,9,7,1,2,-70,1,1161,9763,89,100,3,0,0
1595,2,3,768,10,298,5,5,5,1,2,-52,0,725,7864,92,100,2,0,0
1595,13,9,1024,0,253,6,15,7,1,2,-70,1,1946,16171,56,100,5,0,0
1595,31,30,1792,0,285,4,11,5,1,2,-52,0,915,10708,69,100,2,0,0
1595,15,9,1024,0,289,3,61,7,1,1,-70,3,1264,13750,99,100,3,1,3
1596,16,11,1024,0,332,4,5,7,1,2,-52,0,578,4804,92,100,2,0,0
1597,29,28,1536,0,286,3,7,7,1,1,-52,0,513,7820,84,100,2,0,0
1597,9,4,768,10,326,3,7,7,1,1,-52,6,2003,15675,103,100,3,0,0
1597,10,5,768,0,349,2,10,7,1,1,-52,0,1247,11666,84,100,4,0,0
1597,8,4,768,10,297,4,9,7,2,2,-70,10,2458,15274,102,100,1,0,0
1598,11,5,768,0,324,7,2,7,1,2,-70,1,1280,10493,98,100,3,0,0
1598,1,0,256,0,12,0,0,3,0,0,0,10,1985,18180,2540,100,1,0,0
1596,21,15,1280,10,305,3,4,7,1,1,-70,2,1192,13646,97,100,3,0,0
1596,22,18,1280,0,269,4,7,7,1,1,-70,1,1536,14777,78,100,2,0,0
1595,26,21,1536,10,302,3,5,7,1,1,-52,0,654,10032,88,100,1,0,0
1598,28,18,1280,0,272,2,4,7,1,1,-95,1,974,10225,90,100,2,0,0
1598,3,1,512,0,284,6,4,7,1,1,-76,2,1220,14397,106,100,2,0,0
1598,12,8,1024,0,296,4,5,7,1,2,-70,1,1303,17120,93,100,2,0,0
1599,5,1,512,0,322,6,1,7,1,1,-76,4,2462,23770,106,100,4,0,0
1600,7,3,768,0,254,7,13,7,1,3,-70,0,601,9367,58,100,1,0,0
1600,19,13,1280,0,263,5,19,7,1,3,-70,0,1251,11506,50,100,4,0,0
1600,4,1,512,0,294,6,3,7,2,1,-61,10,6746,35257,106,100,2,0,0
1600,23,18,1280,0,193,3,20,7,1,1,-52,0,664,7445,45,100,1,0,0
1599,25,21,1536,0,330,5,9,7,1,2,-70,0,908,9375,88,100,3,0,0
1601,17,12,1280,0,294,2,10,7,1,1,-52,0,827,10885,77,100,3,0,0
1601,30,24,1536,0,263,7,6,7,1,3,-70,1,1019,12965,88,100,1,0,0
1601,14,8,1024,0,317,5,9,7,1,2,-70,1,1093,10534,89,100,3,0,0
1602,9,4,768,0,328,3,7,7,1,1,-52,6,1538,11093,103,100,2,0,0
1599,27,22,1536,0,282,3,8,5,1,1,-52,0,1039,10927,77,100,3,0,0
1602,15,9,1024,10,291,3,63,7,1,1,-70,3,1429,12556,100,100,3,1,3
1603,6,5,768,0,309,4,5,5,1,2,-52,0,1018,10101,89,100,2,0,0
1601,29,28,1536,0,286,3,7,7,1,1,-52,0,244,4615,85,100,0,0,0
1603,13,9,1024,0,256,6,15,7,1,2,-70,1,1121,10729,57,100,3,0,0
1604,2,3,768,0,301,5,5,5,1,2,-52,0,805,8760,93,100,2,0,0
1603,18,8,1024,30,313,3,7,7,1,1,-95,8,3906,30417,101,100,2,0,0
1603,3,1,512,10,285,6,4,7,1,1,-76,2,740,8954,106,100,0,0,0
1603,10,5,768,0,351,2,10,7,1,1,-52,0,550,6392,85,100,2,0,0
1600,31,30,1792,0,286,4,11,5,1,2,-52,0,394,5321,69,100,1,0,0
1602,24,18,1280,0,280,4,10,7,1,1,-70,2,1946,16282,83,100,3,0,0
1601,21,15,1280,10,307,3,4,7,1,1,-70,2,1331,11573,98,100,2,0,0
1602,22,18,1280,10,272,4,7,7,1,1,-70,1,901,7795,78,100,2,0,0
1606,20,14,1280,0,359,2,8,7,1,1,-70,0,1025,11546,89,100,5,0,0
1605,11,5,768,0,328,7,2,7,1,2,-70,1,1070,12203,99,100,3,0,0
1605,29,28,1536,0,289,3,7,7,1,1,-52,0,475,4387,85,100,1,0,0
1606,1,0,256,0,12,0,0,3,0,0,0,10,2240,20884,2553,100,2,0,0
1605,12,8,1024,0,297,4,5,7,1,2,-70,1,814,10637,93,100,2,0,0
1606,16,11,1024,0,338,4,5,7,1,2,-52,0,1019,9982,93,100,3,0,0
1606,24,18,1280,0,282,4,10,7,1,1,-70,2,656,5650,83,100,1,0,0
1607,5,1,512,0,325,6,1,7,1,1,-76,4,2290,20064,107,100,3,0,0
1606,15,9,1024,0,292,3,63,7,1,1,-70,3,819,8011,100,100,1,1,3
1607,18,8,1024,40,315,3,7,7,1,1,-95,8,1853,13718,101,100,1,0,0
1608,4,1,512,0,296,6,3,7,2,1,-61,10,5103,25193,106,100,1,0,0
1608,8,4,768,10,299,4,9,7,2,2,-70,10,5232,31463,102,100,2,0,0
1606,31,30,1792,10,286,4,11,5,1,2,-52,0,318,4816,70,100,1,0,0
1606,28,18,1280,0,273,2,4,7,1,1,-95,1,1137,13615,91,100,2,0,0
1608,9,4,768,10,330,3,7,7,1,1,-52,6,1725,13481,104,100,2,0,0
1608,30,24,1536,0,265,7,6,7,1,3,-70,1,1112,9157,88,100,2,0,0
1610,7,3,768,0,256,7,13,7,1,3,-70,0,698,9674,59,100,2,0,0
1607,26,21,1536,0,307,3,5,7,1,1,-52,0,1251,11841,89,100,3,0,0
1609,23,18,1280,10,194,3,20,7,1,1,-52,0,487,8537,46,100,2,0,0
1608,25,21,1536,0,337,5,9,7,1,2,-70,0,1143,9250,88,100,4,0,0
1610,17,12,1280,0,296,2,10,7,1,1,-52,0,581,7971,78,100,1,0,0
1609,21,15,1280,0,310,3,4,7,1,1,-70,2,1421,14616,98,100,3,0,0
1610,14,8,1024,10,320,5,9,7,1,2,-70,1,1101,11594,90,100,3,0,0
1612,2,3,768,0,301,5,5,5,1,2,-52,0,362,6919,94,100,1,0,0
1611,6,5,768,0,313,4,5,5,1,2,-52,0,792,8496,90,100,1,0,0
1611,22,18,1280,20,273,4,7,7,1,1,-70,1,506,9664,79,100,1,0,0
1611,19,13,1280,10,268,5,19,7,1,3,-70,0,950,10357,50,100,5,0,0
1611,10,5,768,0,356,2,10,7,1,1,-52,0,928,7852,85,100,4,0,0
1612,24,18,1280,0,282,4,10,7,1,1,-70,2,765,7472,84,100,1,0,0
1612,1,0,256,0,12,0,0,3,0,0,0,10,1826,16174,2568,100,1,0,0
1612,11,5,768,0,331,7,2,7,1,2,-70,1,947,10698,99,100,2,0,0
1613,8,4,768,0,299,4,9,7,2,2,-70,10,2432,12872,103,100,1,0,0
1612,27,22,1536,10,283,3,8,5,1,1,-52,0,595,10426,78,100,2,0,0
1612,13,9,1024,0,259,6,15,7,1,2,-70,1,1239,13784,58,100,4,0,0
1612,29,28,1536,0,290,3,7,7,1,1,-52,0,590,6515,85,100,3,0,0
1613,16,11,1024,10,341,4,5,7,1,2,-52,0,698,6676,93,100,3,0,0
1613,3,1,512,0,287,6,4,7,1,1,-76,2,1578,19349,107,100,2,0,0
1613,5,1,512,10,329,6,1,7,1,1,-76,4,1822,15182,107,100,2,0,0
1614,14,8,1024,0,321,5,9,7,1,2,-70,1,375,5263,90,100,1,0,0
1615,17,12,1280,0,299,2,10,7,1,1,-52,0,607,5941,78,100,1,0,0
1615,18,8,1024,10,319,3,7,7,1,1,-95,8,3199,22599,101,100,2,0,0
1615,12,8,1024,0,299,4,5,7,1,2,-70,1,1331,15973,94,100,1,0,0
1615,9,4,768,0,335,3,7,7,1,1,-52,6,2477,16660,104,100,2,0,0
1617,2,3,768,0,302,5,5,5,1,2,-52,0,365,4897,94,100,1,0,0
1615,15,9,1024,10,294,3,65,7,1,1,-70,3,1401,14983,100,100,3,1,3
1617,11,5,768,0,335,7,2,7,1,2,-70,1,1069,8918,100,100,2,0,0
1616,20,14,1280,0,365,2,8,7,1,1,-70,0,1136,11705,90,100,5,0,0
1616,22,18,1280,0,274,4,7,7,1,1,-70,1,804,6991,79,100,1,0,0
1617,10,5,768,0,358,2,10,7,1,1,-52,0,548,6213,86,100,2,0,0
1618,19,13,1280,10,271,5,19,7,1,3,-70,0,576,6799,51,100,2,0,0
1616,24,18,1280,0,283,4,10,7,1,1,-70,2,711,6553,84,100,1,0,0
1618,23,18,1280,0,197,3,20,7,1,1,-52,0,836,9101,46,100,2,0,0
1618,1,0,256,0,12,0,0,3,0,0,0,10,1782,16246,2583,100,1,0,0
1616,25,21,1536,0,343,5,9,7,1,2,-70,0,1062,8482,89,100,3,0,0
1618,31,30,1792,0,292,5,11,5,1,2,-52,0,1178,11719,70,100,2,0,0
1618,28,18,1280,0,279,2,4,7,1,1,-95,1,1596,18435,92,100,2,0,0
1619,6,5,768,0,316,4,5,5,1,2,-52,0,724,8041,90,100,2,0,0
1618,30,24,1536,0,270,7,6,7,1,3,-70,1,1643,15964,89,100,2,0,0
1620,4,1,512,0,297,6,3,7,2,1,-61,10,8415,40717,107,100,2,0,0
1620,7,3,768,0,259,7,13,7,1,3,-70,0,749,10370,59,100,2,0,0
1620,8,4,768,0,303,4,10,7,2,2,-70,10,3960,21868,103,100,3,0,0
1618,29,28,1536,10,290,3,7,7,1,1,-52,0,341,6338,86,100,1,0,0
1619,21,15,1280,20,313,3,4,7,1,1,-70,2,1590,18230,99,100,4,0,0
1620,5,1,512,10,334,6,1,7,1,1,-76,4,2075,16546,108,100,3,0,0
1619,26,21,1536,0,308,3,5,7,1,1,-52,0,773,11616,90,100,2,0,0
1621,22,18,1280,10,276,4,7,7,1,1,-70,1,587,5966,80,100,1,0,0
1621,27,22,1536,0,284,3,8,5,1,1,-52,0,539,8584,78,100,2,0,0
1621,3,1,512,0,289,6,4,7,1,1,-76,2,1362,16049,108,100,2,0,0
1622,11,5,768,0,337,7,2,7,1,2,-70,1,607,7517,100,100,2,0,0
1621,13,9,1024,0,263,6,15,7,1,2,-70,1,1265,12320,58,100,3,0,0
1622,14,8,1024,10,324,5,9,7,1,2,-70,1,1056,10583,90,100,3,0,0
1622,20,14,1280,0,366,2,8,7,1,1,-70,0,388,5790,90,100,2,0,0
1623,16,11,1024,0,344,4,5,7,1,2,-52,0,796,9335,94,100,4,0,0
1623,6,5,768,0,317,4,5,5,1,2,-52,0,268,4301,90,100,0,0,0
1623,24,18,1280,0,286,4,10,7,1,1,-70,2,1147,10230,84,100,1,0,0
1621,19,13,1280,0,275,5,19,7,1,3,-70,0,822,6688,51,100,1,0,0
1623,9,4,768,0,340,3,7,7,1,1,-52,6,2777,18416,105,100,4,0,0
1624,23,18,1280,0,197,3,20,7,1,1,-52,0,342,5464,47,100,1,0,0
1624,29,28,1536,0,290,3,7,7,1,1,-52,0,286,5061,86,100,1,0,0
1624,15,9,1024,10,297,3,67,7,1,1,-70,3,1600,15215,101,100,4,1,3
1624,12,8,1024,10,302,4,5,7,1,2,-70,1,1046,13708,94,100,2,0,0
1625,5,1,512,0,335,6,1,7,1,1,-76,4,1291,11011,108,100,2,0,0
1625,30,24,1536,0,270,7,6,7,1,3,-70,1,492,6952,89,100,1,0,0
1624,25,21,1536,0,345,5,9,7,1,2,-70,0,615,7186,89,100,3,0,0
1625,28,18,1280,0,282,2,4,7,1,1,-95,1,1027,11079,92,100,1,0,0
1626,22,18,1280,0,277,4,7,7,1,1,-70,1,714,7484,80,100,1,0,0
1626,17,12,1280,0,303,2,10,7,1,1,-52,0,915,10899,79,100,2,0,0
1628,18,8,1024,20,323,3,7,7,1,1,-95,8,4861,34087,102,100,2,0,0
1627,10,5,768,0,362,2,10,7,1,1,-52,0,754,9945,86,100,2,0,0
1628,7,3,768,0,260,7,13,7,1,3,-70,0,568,7732,60,100,2,0,0
1627,8,4,768,0,306,4,10,7,2,2,-70,10,4038,22891,104,100,1,0,0
1629,2,3,768,0,303,5,5,5,1,2,-52,0,614,10900,95,100,2,0,0
1627,24,18,1280,0,286,4,10,7,1,1,-70,2,557,5567,85,100,1,0,0
1627,26,21,1536,0,310,3,5,7,1,1,-52,0,524,7906,90,100,1,0,0
1628,31,30,1792,10,294,5,11,5,1,2,-52,0,596,9367,71,100,2,0,0
1629,6,5,768,0,319,4,5,5,1,2,-52,0,552,5526,91,100,1,0,0
1627,21,15,1280,0,316,3,4,7,1,1,-70,2,1570,16618,99,100,2,0,0
1630,1,0,256,0,12,0,0,3,0,0,0,10,3057,28710,2602,100,2,0,0
1628,27,22,1536,0,285,3,8,5,1,1,-52,0,473,7048,79,100,1,0,0
1630,5,1,512,0,335,6,1,7,1,1,-76,4,815,9758,108,100,1,0,0
1629,23,18,1280,0,199,3,20,7,1,1,-52,0,501,5461,47,100,1,0,0
1628,19,13,1280,0,278,5,19,7,1,3,-70,0,754,6661,52,100,3,0,0
1630,16,11,1024,0,350,4,5,7,1,2,-52,0,945,8132,94,100,2,0,0
1631,4,1,512,0,302,6,3,7,2,1,-61,10,7955,38420,108,100,2,0,0
1630,9,4,768,0,343,3,7,7,1,1,-52,6,2026,15214,105,100,2,0,0
1631,17,12,1280,0,305,2,10,7,1,1,-52,0,477,4860,79,100,1,0,0
1631,18,8,1024,0,324,3,7,7,1,1,-95,8,1858,14276,102,100,0,0,0
1632,20,14,1280,10,368,2,8,7,1,1,-70,0,573,8580,91,100,2,0,0
1631,29,28,1536,0,294,3,7,7,1,1,-52,0,793,7505,87,100,1,0,0
1633,3,1,512,0,292,6,4,7,1,1,-76,2,1586,19501,108,100,2,0,0
1633,10,5,768,0,362,2,10,7,1,1,-52,0,316,5451,87,100,1,0,0
1632,13,9,1024,0,265,6,15,7,1,2,-70,1,1293,13607,59,100,3,0,0
1633,11,5,768,0,339,7,2,7,1,2,-70,1,1423,17669,101,100,4,0,0
1634,14,8,1024,0,328,5,9,7,1,2,-70,1,1496,14670,91,100,4,0,0
1633,28,18,1280,0,289,2,4,7,1,1,-95,1,1549,13484,93,100,1,0,0
1632,25,21,1536,0,350,5,9,7,1,2,-70,0,894,8497,90,100,2,0,0
1633,15,9,1024,0,298,3,70,7,1,1,-70,3,1899,17169,102,100,4,1,3
1635,7,3,768,0,260,7,13,7,1,3,-70,0,283,5959,60,100,1,0,0
1635,8,4,768,0,307,4,10,7,2,2,-70,10,2997,19587,104,100,1,0,0
1634,30,24,1536,0,272,7,6,7,1,3,-70,1,1234,13088,90,100,2,0,0
1635,22,18,1280,0,279,4,7,7,1,1,-70,1,1030,11571,80,100,2,0,0
1634,19,13,1280,0,279,5,19,7,1,3,-70,0,387,5621,52,100,2,0,0
1636,5,1,512,0,337,6,1,7,1,1,-76,4,1731,14565,109,100,2,0,0
1635,24,18,1280,20,290,4,10,7,1,1,-70,2,1338,11123,85,100,1,0,0
1636,12,8,1024,0,303,4,5,7,1,2,-70,1,1274,17973,95,100,2,0,0
1636,18,8,1024,20,325,3,7,7,1,1,-95,8,1815,13539,103,100,1,0,0
1637,2,3,768,10,308,5,5,5,1,2,-52,0,939,8541,95,100,2,0,0
1634,26,21,1536,0,311,3,5,7,1,1,-52,0,569,7767,91,100,2,0,0
1637,17,12,1280,0,305,2,10,7,1,1,-52,0,468,5942,80,100,1,0,0
1638,10,5,768,10,365,2,10,7,1,1,-52,0,492,4596,87,100,2,0,0
1637,27,22,1536,0,287,3,8,5,1,1,-52,0,620,7833,79,100,2,0,0
1638,20,14,1280,0,371,2,8,7,1,1,-70,0,698,6049,91,100,3,0,0
1637,16,11,1024,10,352,4,5,7,1,2,-52,0,549,6651,95,100,2,0,0
1637,29,28,1536,0,295,3,7,7,1,1,-52,0,392,5738,87,100,1,0,0
1637,21,15,1280,0,322,3,4,7,1,1,-70,2,1949,17706,100,100,3,0,0
1638,13,9,1024,0,268,6,16,7,1,2,-70,1,925,7951,59,100,3,0,0
1638,23,18,1280,10,203,3,20,7,1,1,-52,0,738,8451,48,100,1,0,0
1638,6,5,768,10,321,4,5,5,1,2,-52,0,617,8606,91,100,2,0,0
1639,31,30,1792,0,298,5,11,5,1,2,-52,0,1047,11258,72,100,2,0,0
1639,1,0,256,0,12,0,0,3,0,0,0,10,2964,25513,2622,100,2,0,0
1638,11,5,768,0,341,7,2,7,1,2,-70,1,858,8499,101,100,2,0,0
1640,8,4,768,0,307,4,10,7,2,2,-70,10,2880,15767,105,100,1,0,0
1641,3,1,512,0,293,6,4,7,1,1,-76,2,1300,15572,109,100,1,0,0
1640,4,1,512,10,304,6,3,7,2,1,-61,10,6569,32336,108,100,2,0,0
1638,25,21,1536,0,353,5,9,7,1,2,-70,0,600,6708,90,100,2,0,0
1640,19,13,1280,0,281,5,19,7,1,3,-70,0,550,5966,53,100,2,0,0
1641,28,18,1280,0,290,2,4,7,1,1,-95,1,808,12222,93,100,2,0,0
1641,9,4,768,0,346,3,8,7,1,1,-52,6,3173,24101,106,100,5,0,0
1641,22,18,1280,10,281,4,7,7,1,1,-70,1,943,9364,81,100,1,0,0
1643,5,1,512,0,341,6,1,7,1,1,-76,4,1875,16064,109,100,2,0,0
1642,15,9,1024,0,300,3,72,7,1,1,-70,3,1417,14184,102,100,4,1,3
1644,7,3,768,0,263,7,13,7,1,3,-70,0,799,9188,61,100,3,0,0
1643,12,8,1024,10,304,4,5,7,1,2,-70,1,743,10036,96,100,1,0,0
1643,6,5,768,0,321,4,5,5,1,2,-52,0,339,5162,92,100,1,0,0
1644,20,14,1280,0,373,2,8,7,1,1,-70,0,493,5432,91,100,2,0,0
1642,30,24,1536,0,273,7,6,7,1,3,-70,1,807,10354,90,100,1,0,0
1644,11,5,768,0,345,7,2,7,1,2,-70,1,941,9018,101,100,1,0,0
1643,27,22,1536,0,289,3,8,5,1,1,-52,0,549,5534,80,100,2,0,0
1643,16,11,1024,0,356,4,5,7,1,2,-52,0,732,6948,95,100,2,0,0
1644,14,8,1024,0,331,5,9,7,1,2,-70,1,1453,14763,92,100,3,0,0
1645,10,5,768,0,368,2,10,7,1,1,-52,0,804,7215,87,100,3,0,0
1645,8,4,768,10,308,4,10,7,2,2,-70,10,2385,14477,105,100,1,0,0
1645,24,18,1280,10,291,4,10,7,1,1,-70,2,1379,12921,86,100,2,0,0
1645,18,8,1024,10,327,3,7,7,1,1,-95,8,3656,26457,103,100,2,0,0
1644,29,28,1536,0,296,3,7,7,1,1,-52,0,513,7348,87,100,2,0,0
1646,5,1,512,20,343,6,1,7,1,1,-76,4,1658,11081,110,100,2,0,0
1644,31,30,1792,0,298,5,11,5,1,2,-52,0,264,4306,72,100,1,0,0
1647,2,3,768,10,313,5,5,5,1,2,-52,0,937,10353,96,100,2,0,0
1643,26,21,1536,10,314,3,5,7,1,1,-52,0,686,9215,92,100,1,0,0
1645,25,21,1536,0,354,5,9,7,1,2,-70,0,466,6651,91,100,2,0,0
1648,4,1,512,10,304,6,3,7,2,1,-61,10,4749,24512,109,100,1,0,0
1647,17,12,1280,0,308,2,10,7,1,1,-52,0,860,10560,80,100,2,0,0
1647,23,18,1280,0,207,3,20,7,1,1,-52,0,916,10062,48,100,2,0,0
1648,16,11,1024,0,359,4,5,7,1,2,-52,0,698,5292,96,100,2,0,0
1649,7,3,768,0,265,7,13,7,1,3,-70,0,467,4855,61,100,2,0,0
1647,19,13,1280,0,284,5,19,7,1,3,-70,0,625,7219,53,100,2,0,0
1647,27,22,1536,0,290,3,8,5,1,1,-52,0,368,4404,80,100,1,0,0
1649,1,0,256,0,12,0,0,3,0,0,0,10,2876,26017,2644,100,2,0,0
1648,21,15,1280,0,329,3,4,7,1,1,-70,2,2389,22243,101,100,4,0,0
1649,3,1,512,10,297,6,4,7,1,1,-76,2,1546,18412,109,100,2,0,0
1650,14,8,1024,0,334,5,9,7,1,2,-70,1,741,8013,92,100,2,0,0
1649,13,9,1024,0,272,6,16,7,1,2,-70,1,1524,15926,60,100,4,0,0
1649,20,14,1280,0,376,2,8,7,1,1,-70,0,680,7323,92,100,2,0,0
1650,15,9,1024,0,302,3,74,7,1,1,-70,3,1786,15088,103,100,4,1,3
1651,5,1,512,0,346,6,1,7,1,1,-76,4,1102,10134,110,100,1,0,0
1651,31,30,1792,0,301,5,11,5,1,2,-52,0,687,7375,73,100,1,0,0
1651,12,8,1024,0,305,4,5,7,1,2,-70,1,983,14209,96,100,2,0,0
1651,28,18,1280,0,295,2,4,7,1,1,-95,1,1493,16120,94,100,2,0,0
1653,2,3,768,0,315,5,5,5,1,2,-52,0,605,5719,96,100,1,0,0
1653,6,5,768,0,322,4,5,5,1,2,-52,0,534,8971,92,100,2,0,0
1653,17,12,1280,0,308,2,10,7,1,1,-52,0,319,4976,81,100,1,0,0
1652,22,18,1280,0,283,4,7,7,1,1,-70,1,1231,13587,82,100,2,0,0
1652,10,5,768,0,370,2,10,7,1,1,-52,0,596,8730,88,100,2,0,0
1652,9,4,768,20,350,3,8,7,1,1,-52,6,3114,24357,107,100,3,0,0
1652,24,18,1280,10,294,4,10,7,1,1,-70,2,1301,10845,86,100,2,0,0
1652,27,22,1536,0,291,3,8,5,1,1,-52,0,392,4760,80,100,1,0,0
1653,30,24,1536,0,278,7,6,7,1,3,-70,1,1675,14646,91,100,2,0,0
1654,11,5,768,0,351,7,2,7,1,2,-70,1,1611,17908,102,100,3,0,0
1654,18,8,1024,10,330,3,7,7,1,1,-95,8,3451,25848,104,100,1,0,0
1654,16,11,1024,0,361,4,5,7,1,2,-52,0,499,6181,96,100,1,0,0
1655,5,1,512,0,347,6,1,7,1,1,-76,4,1180,10036,110,100,2,0,0
1653,19,13,1280,0,284,5,19,7,1,3,-70,0,342,5931,54,100,1,0,0
1655,31,30,1792,0,302,5,11,5,1,2,-52,0,369,4002,73,100,1,0,0
1656,1,0,256,0,12,0,0,3,0,0,0,10,1796,16814,2655,100,1,0,0
1655,29,28,1536,0,301,3,7,7,1,1,-52,0,1021,10522,88,100,2,0,0
1653,26,21,1536,10,318,3,5,7,1,1,-52,0,859,9573,92,100,2,0,0
1656,23,18,1280,0,213,3,20,7,1,1,-52,0,1106,8985,49,100,2,0,0
1657,4,1,512,10,308,6,3,7,2,1,-61,10,6075,29749,110,100,2,0,0
1657,7,3,768,0,268,7,13,7,1,3,-70,0,708,8945,62,100,1,0,0
1657,8,4,768,10,313,4,10,7,2,2,-70,10,5975,34754,106,100,2,0,0
1657,28,18,1280,0,295,2,4,7,1,1,-95,1,582,8325,94,100,1,0,0
1657,10,5,768,0,371,2,10,7,1,1,-52,0,361,4376,88,100,2,0,0
1657,12,8,1024,0,306,4,5,7,1,2,-70,1,686,8823,97,100,1,0,0
1657,24,18,1280,0,295,4,10,7,1,1,-70,2,804,7063,87,100,0,0,0
1657,6,5,768,0,322,4,5,5,1,2,-52,0,217,4667,93,100,0,0,0
1658,15,9,1024,0,308,3,76,7,1,1,-70,3,1430,13452,103,100,3,1,3
1659,9,4,768,20,351,3,8,7,1,1,-52,6,1458,12518,107,100,2,0,0
1657,25,21,1536,10,361,5,9,7,1,2,-70,0,1173,11207,91,100,3,0,0
1658,30,24,1536,0,280,7,6,7,1,3,-70,1,795,7478,91,100,1,0,0
1659,14,8,1024,0,337,5,9,7,1,2,-70,1,1145,12853,93,100,2,0,0
1658,21,15,1280,0,333,3,4,7,1,1,-70,2,1791,19004,101,100,3,0,0
1659,11,5,768,10,355,7,2,7,1,2,-70,1,981,9129,102,100,2,0,0
1659,19,13,1280,0,286,5,19,7,1,3,-70,0,494,5491,54,100,2,0,0
1660,20,14,1280,0,381,2,8,7,1,1,-70,0,1009,10003,93,100,4,0,0
1661,5,1,512,0,349,6,1,7,1,1,-76,4,1584,13697,110,100,2,0,0
1660,13,9,1024,10,279,6,16,7,1,2,-70,1,1822,14474,61,100,4,0,0
1661,17,12,1280,0,308,2,10,7,1,1,-52,0,407,7335,81,100,2,0,0
1662,3,1,512,0,301,6,4,7,1,1,-76,2,2202,24043,110,100,2,0,0
1662,18,8,1024,0,331,3,7,7,1,1,-95,8,2747,22766,104,100,2,0,0
1661,26,21,1536,0,319,3,5,7,1,1,-52,0,473,6621,93,100,1,0,0
1662,22,18,1280,0,287,4,7,7,1,1,-70,1,1268,13031,82,100,3,0,0
1664,2,3,768,0,317,5,5,5,1,2,-52,0,767,10702,97,100,2,0,0
1664,23,18,1280,0,216,3,20,7,1,1,-52,0,632,7643,49,100,1,0,0
1664,1,0,256,0,12,0,0,3,0,0,0,10,2378,21479,2674,100,1,0,0
1663,12,8,1024,0,308,4,5,7,1,2,-70,1,914,10622,97,100,1,0,0
1663,25,21,1536,0,363,5,9,7,1,2,-70,0,552,5720,92,100,2,0,0
1663,29,28,1536,0,304,3,7,7,1,1,-52,0,688,8549,89,100,1,0,0
1664,10,5,768,0,372,2,10,7,1,1,-52,0,507,6840,89,100,2,0,0
1666,7,3,768,0,273,7,13,7,1,3,-70,0,836,8412,62,100,2,0,0
1664,24,18,1280,0,300,4,10,7,1,1,-70,2,1453,10166,87,100,2,0,0
1666,9,4,768,0,352,3,8,7,1,1,-52,6,2143,15827,107,100,2,0,0
1664,27,22,1536,10,292,3,8,5,1,1,-52,0,663,10677,81,100,2,0,0
1665,31,30,1792,0,306,5,11,5,1,2,-52,0,915,10214,74,100,2,0,0
1666,5,1,512,20,352,6,1,7,1,1,-76,4,1175,11953,111,100,1,0,0
1665,11,5,768,10,357,7,2,7,1,2,-70,1,876,9708,103,100,2,0,0
1665,21,15,1280,10,336,3,4,7,1,1,-70,2,1285,14434,102,100,2,0,0
1665,16,11,1024,0,365,4,5,7,1,2,-52,0,926,10914,97,100,4,0,0
1667,8,4,768,0,316,4,10,7,2,2,-70,10,4784,29218,106,100,2,0,0
1668,2,3,768,0,318,5,5,5,1,2,-52,0,366,4099,97,100,1,0,0
1666,6,5,768,0,323,4,5,5,1,2,-52,0,534,8272,93,100,2,0,0
1668,4,1,512,10,311,6,3,7,2,1,-61,10,7297,36687,110,100,2,0,0
1667,13,9,1024,0,281,6,16,7,1,2,-70,1,660,8402,61,100,2,0,0
1665,30,24,1536,10,283,7,6,7,1,3,-70,1,1078,10011,92,100,1,0,0
1667,15,9,1024,10,310,3,78,7,1,1,-70,3,2098,17879,104,100,4,1,3
1668,1,0,256,0,12,0,0,3,0,0,0,10,1254,11580,2680,100,1,0,0
1668,28,18,1280,0,299,2,4,7,1,1,-95,1,1569,18856,95,100,2,0,0
1668,26,21,1536,0,320,3,5,7,1,1,-52,0,392,6361,93,100,1,0,0
1669,23,18,1280,0,217,3,20,7,1,1,-52,0,449,5477,50,100,1,0,0
1669,18,8,1024,0,335,3,7,7,1,1,-95,8,3147,21058,105,100,1,0,0
1667,19,13,1280,10,290,5,19,7,1,3,-70,0,829,8510,55,100,3,0,0
1670,14,8,1024,0,340,5,9,7,1,2,-70,1,1327,14393,94,100,5,0,0
1670,20,14,1280,0,386,2,8,7,1,1,-70,0,955,10175,93,100,4,0,0
1671,24,18,1280,10,303,4,10,7,1,1,-70,2,1085,9800,87,100,1,0,0
1671,6,5,768,0,324,4,5,5,1,2,-52,0,421,4875,94,100,1,0,0
1671,22,18,1280,0,290,4,7,7,1,1,-70,1,1188,12164,83,100,2,0,0
1672,4,1,512,0,311,6,3,7,2,1,-61,10,2881,14149,111,100,1,0,0
1672,2,3,768,10,319,5,5,5,1,2,-52,0,421,4757,98,100,1,0,0
1671,30,24,1536,0,284,7,6,7,1,3,-70,1,479,6837,92,100,1,0,0
1673,3,1,512,0,304,6,4,7,1,1,-76,2,2075,21845,111,100,2,0,0
1672,17,12,1280,0,311,2,10,7,1,1,-52,0,832,11515,82,100,2,0,0
1673,5,1,512,0,353,6,1,7,1,1,-76,4,1579,15886,111,100,2,0,0
1673,8,4,768,0,316,4,10,7,2,2,-70,10,2835,17351,107,100,1,0,0
1671,29,28,1536,0,308,3,7,7,1,1,-52,0,834,8277,89,100,2,0,0
1672,13,9,1024,0,286,6,16,7,1,2,-70,1,1286,8780,62,100,2,0,0
1673,12,8,1024,0,313,4,5,7,1,2,-70,1,1344,15221,98,100,2,0,0
1674,7,3,768,0,275,7,13,7,1,3,-70,0,674,8329,63,100,2,0,0
1671,25,21,1536,0,365,5,9,7,1,2,-70,0,688,8766,93,100,4,0,0
1672,27,22,1536,10,296,3,8,5,1,1,-52,0,763,8406,82,100,1,0,0
1676,9,4,768,10,354,3,8,7,1,1,-52,6,2592,21262,108,100,3,0,0
1675,10,5,768,10,377,2,10,7,1,1,-52,0,1014,10988,90,100,3,0,0
1674,15,9,1024,10,312,3,79,7,1,1,-70,3,932,11411,104,100,2,1,3
1675,31,30,1792,0,307,5,11,5,1,2,-52,0,539,9405,74,100,2,0,0
1675,28,18,1280,0,301,2,4,7,1,1,-95,1,930,11623,96,100,1,0,0
1676,14,8,1024,0,341,5,9,7,1,2,-70,1,747,7789,94,100,2,0,0
1677,11,5,768,0,362,7,2,7,1,2,-70,1,1424,17063,103,100,4,0,0
1677,6,5,768,0,326,4,5,5,1,2,-52,0,496,6027,94,100,1,0,0
1676,19,13,1280,0,295,5,19,7,1,3,-70,0,961,9072,55,100,3,0,0
1676,16,11,1024,0,371,4,5,7,1,2,-52,0,1117,11099,98,100,4,0,0
1678,2,3,768,0,320,5,5,5,1,2,-52,0,414,6017,98,100,1,0,0
1677,30,24,1536,0,287,7,6,7,1,3,-70,1,1171,10113,93,100,2,0,0
1676,21,15,1280,10,338,3,4,7,1,1,-70,2,1683,20851,103,100,4,0,0
1675,26,21,1536,0,320,3,5,7,1,1,-52,0,486,8429,94,100,2,0,0
1679,12,8,1024,0,317,4,5,7,1,2,-70,1,975,10173,98,100,1,0,0
1679,23,18,1280,0,218,3,20,7,1,1,-52,0,604,9991,50,100,2,0,0
1680,1,0,256,0,12,0,0,3,0,0,0,10,3379,30801,2707,100,2,0,0
1680,10,5,768,0,379,2,10,7,1,1,-52,0,495,5375,90,100,2,0,0
1678,25,21,1536,0,369,5,9,7,1,2,-70,0,731,7237,93,100,2,0,0
1680,20,14,1280,0,388,2,8,7,1,1,-70,0,598,9189,94,100,2,0,0
1681,7,3,768,0,276,7,13,7,1,3,-70,0,470,6971,64,100,1,0,0
1681,18,8,1024,10,337,3,7,7,1,1,-95,8,3720,31587,106,100,2,0,0
1680,22,18,1280,10,293,4,7,7,1,1,-70,1,1131,12179,84,100,1,0,0
1680,28,18,1280,10,303,2,4,7,1,1,-95,1,602,7349,96,100,1,0,0
1682,13,9,1024,10,290,6,16,7,1,2,-70,1,969,10826,62,100,3,0,0
1680,24,18,1280,0,303,4,10,7,1,1,-70,2,1333,13610,88,100,2,0,0
1683,3,1,512,0,306,6,4,7,1,1,-76,2,1620,18753,112,100,2,0,0
1682,5,1,512,0,359,6,1,7,1,1,-76,4,2849,22701,112,100,3,0,0
1683,4,1,512,10,317,6,3,7,2,1,-61,10,7362,36208,111,100,2,0,0
1682,27,22,1536,0,299,3,8,5,1,1,-52,0,808,9821,82,100,2,0,0
1684,8,4,768,0,318,4,10,7,2,2,-70,10,4525,28291,107,100,2,0,0
1683,11,5,768,10,365,7,2,7,1,2,-70,1,1060,12058,104,100,2,0,0
1684,17,12,1280,0,314,2,10,7,1,1,-52,0,900,11574,83,100,2,0,0
1685,15,9,1024,10,315,3,82,7,1,1,-70,3,1936,16697,105,100,5,1,3
1682,29,28,1536,10,313,3,7,7,1,1,-52,0,938,11212,90,100,2,0,0
1683,16,11,1024,10,374,4,5,7,1,2,-52,0,519,6554,98,100,2,0,0
1681,26,21,1536,10,321,3,5,7,1,1,-52,0,368,5460,94,100,1,0,0
1684,12,8,1024,10,318,4,5,7,1,2,-70,1,678,7737,98,100,1,0,0
1683,30,24,1536,0,288,7,6,7,1,3,-70,1,711,8471,93,100,1,0,0
1683,19,13,1280,10,298,5,19,7,1,3,-70,0,657,6831,56,100,2,0,0
1685,18,8,1024,0,338,3,7,7,1,1,-95,8,1898,13918,106,100,1,0,0
1683,25,21,1536,0,372,5,9,7,1,2,-70,0,576,4820,93,100,2,0,0
1685,21,15,1280,10,343,3,4,7,1,1,-70,2,1783,16186,103,100,3,0,0
1685,14,8,1024,10,343,5,9,7,1,2,-70,1,884,11648,95,100,2,0,0
1687,9,4,768,20,363,3,8,7,1,1,-52,6,3984,25953,109,100,4,0,0
1686,6,5,768,0,329,4,5,5,1,2,-52,0,804,9689,95,100,2,0,0
1687,4,1,512,10,317,6,3,7,2,1,-61,10,3293,14952,112,100,1,0,0
1687,3,1,512,0,307,6,4,7,1,1,-76,2,552,8360,112,100,0,0,0
1686,28,18,1280,0,305,2,4,7,1,1,-95,1,930,9996,96,100,1,0,0
1688,7,3,768,0,277,7,13,7,1,3,-70,0,487,5889,64,100,2,0,0
1686,13,9,1024,0,291,6,16,7,1,2,-70,1,781,6300,62,100,1,0,0
1687,2,3,768,0,323,5,5,5,1,2,-52,0,683,8809,99,100,1,0,0
1688,10,5,768,0,384,2,10,7,1,1,-52,0,831,8330,90,100,3,0,0
1685,31,30,1792,0,313,5,11,5,1,2,-52,0,1219,11937,75,100,2,0,0
1687,22,18,1280,0,296,4,7,7,1,1,-70,1,1047,9271,84,100,1,0,0
1687,29,28,1536,0,314,3,7,7,1,1,-52,0,380,4625,90,100,0,0,0
1687,23,18,1280,0,224,3,20,7,1,1,-52,0,1008,9030,51,100,1,0,0
1687,26,21,1536,0,323,3,5,7,1,1,-52,0,500,5714,94,100,1,0,0
1689,20,14,1280,0,394,2,8,7,1,1,-70,0,1158,9732,95,100,4,0,0
1690,1,0,256,0,12,0,0,3,0,0,0,10,2605,24089,2723,100,2,0,0
1687,27,22,1536,10,301,3,8,5,1,1,-52,0,531,5212,83,100,1,0,0
1687,19,13,1280,0,301,5,19,7,1,3,-70,0,602,4783,56,100,2,0,0
1691,15,9,1024,0,316,3,84,7,1,1,-70,3,1357,11133,105,100,3,1,3
1689,16,11,1024,10,375,4,5,7,1,2,-52,0,591,5828,99,100,3,0,0
1689,30,24,1536,0,289,7,6,7,1,3,-70,1,689,7060,94,100,1,0,0
1689,24,18,1280,20,304,4,10,7,1,1,-70,2,1104,12451,89,100,1,0,0
1692,5,1,512,10,362,6,1,7,1,1,-76,4,2270,22349,113,100,3,0,0
1692,17,12,1280,0,318,2,10,7,1,1,-52,0,739,8348,83,100,1,0,0
1691,6,5,768,0,329,4,5,5,1,2,-52,0,258,4610,95,100,1,0,0
1692,14,8,1024,0,344,5,9,7,1,2,-70,1,1003,9494,95,100,3,0,0
1693,8,4,768,10,320,4,10,7,2,2,-70,10,4806,28322,108,100,2,0,0
1692,21,15,1280,0,346,3,4,7,1,1,-70,2,1438,14596,104,100,2,0,0
1693,12,8,1024,10,321,4,5,7,1,2,-70,1,1273,14236,99,100,2,0,0
1692,23,18,1280,0,224,3,20,7,1,1,-52,0,287,4729,51,100,1,0,0
1692,19,13,1280,0,303,5,19,7,1,3,-70,0,470,4842,56,100,2,0,0
1692,16,11,1024,0,378,4,5,7,1,2,-52,0,536,4544,99,100,1,0,0
1695,3,1,512,0,309,6,4,7,1,1,-76,2,1145,13652,112,100,2,0,0
1693,22,18,1280,0,300,4,7,7,1,1,-70,1,1036,8180,84,100,1,0,0
1693,11,5,768,20,371,7,2,7,1,2,-70,1,1844,16497,105,100,4,0,0
1693,29,28,1536,0,314,3,7,7,1,1,-52,0,438,5855,91,100,2,0,0
1694,20,14,1280,0,395,2,8,7,1,1,-70,0,387,4667,95,100,2,0,0
1695,18,8,1024,20,339,3,7,7,1,1,-95,8,3866,27986,107,100,2,0,0
1693,31,30,1792,0,313,5,11,5,1,2,-52,0,368,7023,76,100,1,0,0
1696,4,1,512,0,319,6,3,7,2,1,-61,10,6308,29691,112,100,2,0,0
1696,1,0,256,0,12,0,0,3,0,0,0,10,1843,16004,2736,100,1,0,0
1696,7,3,768,10,278,7,13,7,1,3,-70,0,414,7738,65,100,1,0,0
1697,9,4,768,0,367,3,8,7,1,1,-52,6,3025,21156,109,100,4,0,0
1695,27,22,1536,0,304,3,8,5,1,1,-52,0,728,7243,83,100,2,0,0
1696,13,9,1024,0,294,6,16,7,1,2,-70,1,1453,13466,63,100,4,0,0
1694,30,24,1536,0,291,7,6,7,1,3,-70,1,806,7010,94,100,1,0,0
1696,2,3,768,0,325,5,5,5,1,2,-52,0,641,8155,99,100,2,0,0
1694,25,21,1536,0,374,5,9,7,1,2,-70,0,712,10410,94,100,4,0,0
1697,10,5,768,0,386,2,10,7,1,1,-52,0,693,9286,91,100,3,0,0
1697,22,18,1280,0,302,4,7,7,1,1,-70,1,741,5671,85,100,1,0,0
1697,5,1,512,0,363,6,1,7,1,1,-76,4,1586,13165,113,100,2,0,0
1697,28,18,1280,0,307,2,4,7,1,1,-95,1,1263,16980,97,100,2,0,0
1699,8,4,768,0,320,4,10,7,2,2,-70,10,2898,15733,108,100,1,0,0
1698,24,18,1280,0,306,4,10,7,1,1,-70,2,1453,12001,89,100,2,0,0
1698,23,18,1280,0,226,3,20,7,1,1,-52,0,653,6273,52,100,2,0,0
1701,7,3,768,0,280,7,13,7,1,3,-70,0,524,4527,65,100,2,0,0
1700,15,9,1024,10,318,3,87,7,1,1,-70,3,1596,16968,106,100,5,1,3
1699,6,5,768,0,330,4,5,5,1,2,-52,0,493,8185,96,100,1,0,0
1700,3,1,512,0,309,6,4,7,1,1,-76,2,1263,12251,113,100,1,0,0
1698,21,15,1280,0,348,3,4,7,1,1,-70,2,1028,11564,104,100,3,0,0
1700,11,5,768,0,374,7,2,7,1,2,-70,1,738,10217,105,100,2,0,0
1700,12,8,1024,0,324,4,5,7,1,2,-70,1,786,10720,99,100,1,0,0
1699,26,21,1536,0,326,3,5,7,1,1,-52,0,831,11318,95,100,2,0,0
1702,9,4,768,0,368,3,8,7,1,1,-52,6,1511,11502,110,100,2,0,0
1701,18,8,1024,20,341,3,7,7,1,1,-95,8,2275,17466,107,100,1,0,0
1700,25,21,1536,0,376,5,9,7,1,2,-70,0,470,4833,94,100,2,0,0
1700,27,22,1536,10,306,3,8,5,1,1,-52,0,392,4977,83,100,1,0,0
1701,29,28,1536,0,314,3,7,7,1,1,-52,0,309,7576,91,100,1,0,0
1702,2,3,768,10,327,5,5,5,1,2,-52,0,528,5685,100,100,1,0,0
1701,17,12,1280,0,320,2,10,7,1,1,-52,0,701,9948,84,100,2,0,0
1701,19,13,1280,0,309,5,19,7,1,3,-70,0,1123,9528,57,100,3,0,0
1700,30,24,1536,0,295,7,6,7,1,3,-70,1,877,8593,94,100,1,0,0
1703,10,5,768,0,389,2,10,7,1,1,-52,0,599,6378,91,100,2,0,0
1702,22,18,1280,0,304,4,7,7,1,1,-70,1,886,7930,85,100,1,0,0
1704,1,0,256,0,12,0,0,3,0,0,0,10,2335,21312,2752,100,2,0,0
1704,14,8,1024,10,351,5,9,7,1,2,-70,1,1752,15656,96,100,4,0,0
1703,20,14,1280,0,399,2,8,7,1,1,-70,0,884,9017,96,100,3,0,0
1705,15,9,1024,0,319,3,88,7,1,1,-70,3,1064,8070,106,100,2,1,3
1704,16,11,1024,0,381,4,5,7,1,2,-52,0,745,10706,99,100,3,0,0
1705,28,18,1280,0,310,2,4,7,1,1,-95,1,1050,12479,98,100,2,0,0
1704,31,30,1792,0,319,5,11,5,1,2,-52,0,1073,11452,76,100,2,0,0
1704,27,22,1536,0,306,3,8,5,1,1,-52,0,425,5363,84,100,1,0,0
1707,4,1,512,10,320,6,3,7,2,1,-61,10,7294,38073,113,100,2,0,0
1705,23,18,1280,0,227,3,20,7,1,1,-52,0,393,6846,52,100,1,0,0
1707,3,1,512,0,309,6,4,7,1,1,-76,2,769,13188,113,100,1,0,0
1707,5,1,512,0,368,6,1,7,1,1,-76,4,2735,24187,114,100,4,0,0
1705,24,18,1280,10,308,4,10,7,1,1,-70,2,1129,10790,90,100,1,0,0
1708,13,9,1024,0,298,6,16,7,1,2,-70,1,1456,14896,64,100,4,0,0
1708,8,4,768,0,322,4,10,7,2,2,-70,10,4648,28074,109,100,1,0,0
1708,2,3,768,10,328,5,5,5,1,2,-52,0,391,5507,100,100,1,0,0
1708,12,8,1024,0,326,4,6,7,1,2,-70,1,1055,12186,100,100,3,0,0
1707,21,15,1280,10,354,3,4,7,1,1,-70,2,1857,17031,105,100,3,0,0
1706,29,28,1536,0,314,3,7,7,1,1,-52,0,317,4194,92,100,1,0,0
1708,6,5,768,0,333,4,5,5,1,2,-52,0,790,8618,96,100,2,0,0
1706,22,18,1280,0,305,4,7,7,1,1,-70,1,661,5501,85,100,1,0,0
1708,16,11,1024,0,384,4,5,7,1,2,-52,0,657,5011,100,100,2,0,0
1708,14,8,1024,10,354,5,9,7,1,2,-70,1,867,6624,96,100,2,0,0
1708,20,14,1280,0,402,2,8,7,1,1,-70,0,600,5236,96,100,2,0,0
1711,7,3,768,0,282,7,13,7,1,3,-70,0,698,9693,66,100,2,0,0
1708,19,13,1280,10,313,5,19,7,1,3,-70,0,602,6637,57,100,2,0,0
1710,11,5,768,0,378,7,2,7,1,2,-70,1,1618,17113,106,100,3,0,0
1710,9,4,768,0,370,3,8,7,1,1,-52,6,2459,19645,110,100,2,0,0
1711,17,12,1280,0,321,2,10,7,1,1,-52,0,594,8566,85,100,2,0,0
1709,31,30,1792,0,320,5,11,5,1,2,-52,0,451,5202,77,100,1,0,0
1712,1,0,256,0,12,0,0,3,0,0,0,10,2187,20251,2768,100,1,0,0
1711,28,18,1280,10,311,2,4,7,1,1,-95,1,756,8876,98,100,1,0,0
1712,18,8,1024,0,342,3,7,7,1,1,-95,8,4324,32533,108,100,2,0,0
1711,25,21,1536,0,381,5,9,7,1,2,-70,0,1039,10586,95,100,3,0,0
1713,4,1,512,20,321,6,3,7,2,1,-61,10,4223,20184,113,100,1,0,0
1712,24,18,1280,20,310,4,10,7,1,1,-70,2,942,8654,90,100,1,0,0
1713,20,14,1280,0,405,2,8,7,1,1,-70,0,479,5084,96,100,1,0,0
1711,26,21,1536,0,330,3,5,7,1,1,-52,0,1036,11623,96,100,3,0,0
1712,30,24,1536,0,299,7,6,7,1,3,-70,1,1599,14513,95,100,2,0,0
1714,13,9,1024,0,300,6,16,7,1,2,-70,1,921,7881,64,100,2,0,0
1713,27,22,1536,0,308,3,8,5,1,1,-52,0,523,7312,84,100,1,0,0
1714,14,8,1024,10,357,5,9,7,1,2,-70,1,1028,8012,96,100,1,0,0
1713,6,5,768,10,335,4,5,5,1,2,-52,0,566,5821,97,100,1,0,0
1714,12,8,1024,0,327,4,6,7,1,2,-70,1,779,10051,100,100,1,0,0
1714,10,5,768,10,397,2,10,7,1,1,-52,0,1275,11878,92,100,4,0,0
1715,15,9,1024,0,320,3,90,7,1,1,-70,3,1601,17923,107,100,3,1,3
1715,3,1,512,0,311,6,4,7,1,1,-76,2,1447,15650,114,100,2,0,0
1714,8,4,768,0,325,4,10,7,2,2,-70,10,4102,21113,110,100,2,0,0
1716,7,3,768,0,282,7,13,7,1,3,-70,0,283,5235,66,100,1,0,0
1715,9,4,768,0,372,3,8,7,1,1,-52,6,1459,10893,111,100,2,0,0
1715,11,5,768,10,380,7,2,7,1,2,-70,1,606,7588,106,100,2,0,0
1716,28,18,1280,0,311,2,4,7,1,1,-95,1,273,6700,98,100,0,0,0
1714,16,11,1024,10,387,4,5,7,1,2,-52,0,494,5983,100,100,2,0,0
1717,23,18,1280,0,230,3,20,7,1,1,-52,0,832,10942,53,100,2,0,0
1716,29,28,1536,10,317,3,7,7,1,1,-52,0,751,10067,92,100,2,0,0
1718,2,3,768,0,330,5,5,5,1,2,-52,0,699,9075,101,100,2,0,0
1717,24,18,1280,0,311,4,10,7,1,1,-70,2,666,6457,91,100,1,0,0
1719,21,15,1280,0,359,3,4,7,1,1,-70,2,1866,19318,105,100,3,0,0
1718,22,18,1280,0,311,4,7,7,1,1,-70,1,1805,16181,86,100,2,0,0
1720,5,1,512,0,372,6,1,7,1,1,-76,4,2793,26492,114,100,3,0,0
1720,19,13,1280,0,318,5,19,7,1,3,-70,0,1124,10557,58,100,3,0,0
1720,26,21,1536,0,332,3,5,7,1,1,-52,0,501,6660,96,100,1,0,0
1719,14,8,1024,0,359,5,9,7,1,2,-70,1,727,7473,97,100,2,0,0
1718,17,12,1280,10,323,2,10,7,1,1,-52,0,500,7566,85,100,1,0,0
1719,25,21,1536,0,384,5,9,7,1,2,-70,0,755,7665,96,100,3,0,0
1719,6,5,768,10,336,4,5,5,1,2,-52,0,339,5332,97,100,1,0,0
1721,13,9,1024,0,301,6,16,7,1,2,-70,1,888,9339,65,100,2,0,0
1722,1,0,256,0,12,0,0,3,0,0,0,10,2460,23684,2786,100,2,0,0
1720,28,18,1280,0,312,2,4,7,1,1,-95,1,635,7088,99,100,1,0,0
1721,9,4,768,30,375,3,8,7,1,1,-52,6,1796,12551,111,100,1,0,0
1721,20,14,1280,0,407,2,8,7,1,1,-70,0,694,8394,97,100,3,0,0
1721,12,8,1024,0,331,4,6,7,1,2,-70,1,1122,11629,101,100,1,0,0
1722,18,8,1024,20,345,3,7,7,1,1,-95,8,3269,26246,108,100,1,0,0
1719,31,30,1792,0,322,5,11,5,1,2,-52,0,645,9206,77,100,2,0,0
1722,15,9,1024,0,321,3,92,7,1,1,-70,3,1365,11598,107,100,4,1,3
1724,7,3,768,0,284,7,13,7,1,3,-70,0,521,7099,66,100,1,0,0
1721,29,28,1536,0,317,3,7,7,1,1,-52,0,287,4196,92,100,1,0,0
1723,4,1,512,30,322,6,3,7,2,1,-61,10,7445,34951,114,100,2,0,0
1724,5,1,512,0,375,6,1,7,1,1,-76,4,1422,10436,115,100,2,0,0
1723,3,1,512,10,312,6,4,7,1,1,-76,2,1266,14787,114,100,1,0,0
1724,10,5,768,10,400,2,10,7,1,1,-52,0,779,8292,93,100,3,0,0
1723,8,4,768,0,327,4,10,7,2,2,-70,10,3949,23697,110,100,1,0,0
1722,30,24,1536,0,302,7,6,7,1,3,-70,1,1062,12690,96,100,1,0,0
1724,21,15,1280,0,363,3,4,7,1,1,-70,2,1365,10109,105,100,2,0,0
1725,11,5,768,10,383,7,2,7,1,2,-70,1,1125,13427,107,100,2,0,0
1722,27,22,1536,0,310,3,8,5,1,1,-52,0,700,8480,85,100,2,0,0
1724,16,11,1024,0,390,4,5,7,1,2,-52,0,886,8568,101,100,3,0,0
1725,6,5,768,0,336,4,5,5,1,2,-52,0,366,5148,97,100,1,0,0
1724,23,18,1280,0,231,3,20,7,1,1,-52,0,394,7200,53,100,1,0,0
1726,20,14,1280,0,408,2,8,7,1,1,-70,0,368,4763,97,100,1,0,0
1726,18,8,1024,30,349,3,7,7,1,1,-95,8,2124,13846,109,100,1,0,0
1727,15,9,1024,10,324,3,94,7,1,1,-70,3,1273,9982,108,100,4,1,3
1727,13,9,1024,10,303,6,16,7,1,2,-70,1,633,7601,65,100,2,0,0
1728,3,1,512,10,313,6,4,7,1,1,-76,2,722,9298,115,100,1,0,0
1728,10,5,768,0,402,2,10,7,1,1,-52,0,479,4387,93,100,1,0,0
1728,8,4,768,0,327,4,10,7,2,2,-70,10,1935,13492,110,100,1,0,0
1725,25,21,1536,10,389,5,10,7,1,2,-70,0,759,6657,96,100,3,0,0
1728,2,3,768,10,335,5,5,5,1,2,-52,0,1019,10521,102,100,2,0,0
1727,24,18,1280,0,314,4,10,7,1,1,-70,2,1465,13208,91,100,3,0,0
1728,17,12,1280,0,325,2,10,7,1,1,-52,0,702,9382,86,100,2,0,0
1730,7,3,768,0,285,7,13,7,1,3,-70,0,446,5970,67,100,1,0,0
1728,23,18,1280,0,232,3,20,7,1,1,-52,0,419,3904,54,100,2,0,0
1729,12,8,1024,0,333,4,6,7,1,2,-70,1,912,11770,101,100,1,0,0
1728,27,22,1536,10,313,3,8,5,1,1,-52,0,582,5746,85,100,1,0,0
1731,5,1,512,0,377,6,1,7,1,1,-76,4,1733,15766,115,100,2,0,0
1729,30,24,1536,0,305,7,6,7,1,3,-70,1,928,9906,96,100,3,0,0
1731,21,15,1280,0,367,3,4,7,1,1,-70,2,1337,14604,106,100,2,0,0
1730,6,5,768,20,338,4,5,5,1,2,-52,0,268,4256,97,100,0,0,0
1730,14,8,1024,0,362,5,9,7,1,2,-70,1,1195,14584,98,100,3,0,0
1730,28,18,1280,0,316,2,4,7,1,1,-95,1,1272,15371,99,100,2,0,0
1731,1,0,256,0,12,0,0,3,0,0,0,10,3040,26362,2806,100,2,0,0
1732,19,13,1280,0,323,5,19,7,1,3,-70,0,1036,11891,59,100,4,0,0
1731,22,18,1280,0,315,4,7,7,1,1,-70,1,1475,15143,87,100,2,0,0
1732,26,21,1536,10,339,3,5,7,1,1,-52,0,1146,12107,97,100,3,0,0
1733,10,5,768,0,403,2,10,7,1,1,-52,0,367,4301,93,100,1,0,0
1732,20,14,1280,0,409,2,8,7,1,1,-70,0,386,5222,97,100,2,0,0
1731,31,30,1792,0,325,6,11,5,1,2,-52,0,900,11308,78,100,4,0,0
1733,9,4,768,20,383,3,8,7,1,1,-52,6,3759,26630,112,100,4,0,0
1734,29,28,1536,0,319,3,7,7,1,1,-52,0,928,12277,93,100,3,0,0
1733,13,9,1024,0,305,6,16,7,1,2,-70,1,964,8579,66,100,2,0,0
1734,4,1,512,0,324,6,3,7,2,1,-61,10,7141,35085,115,100,2,0,0
1733,30,24,1536,0,309,7,6,7,1,3,-70,1,1030,6295,96,100,2,0,0
1733,17,12,1280,0,327,2,10,7,1,1,-52,0,500,5340,86,100,1,0,0
1734,3,1,512,0,313,6,4,7,1,1,-76,2,1039,13178,115,100,1,0,0
1735,18,8,1024,20,353,3,7,7,1,1,-95,8,3411,24332,109,100,2,0,0
1736,5,1,512,0,380,6,1,7,1,1,-76,4,1363,12623,115,100,1,0,0
1736,15,9,1024,10,328,3,96,7,1,1,-70,3,1639,15327,108,100,4,1,3
1735,27,22,1536,0,317,3,8,5,1,1,-52,0,794,7290,86,100,1,0,0
1735,2,3,768,0,337,5,5,5,1,2,-52,0,525,7205,102,100,1,0,0
1736,11,5,768,10,389,7,2,7,1,2,-70,1,1565,17558,107,100,5,0,0
1736,23,18,1280,0,235,3,20,7,1,1,-52,0,625,7469,54,100,2,0,0
1737,7,3,768,0,289,7,13,7,1,3,-70,0,735,7907,67,100,1,0,0
1737,6,5,768,0,340,4,5,5,1,2,-52,0,781,7208,98,100,2,0,0
1736,12,8,1024,0,334,4,6,7,1,2,-70,1,949,11784,102,100,2,0,0
1736,22,18,1280,0,315,4,7,7,1,1,-70,1,729,8427,87,100,1,0,0
1736,16,11,1024,0,396,4,5,7,1,2,-52,0,1085,12204,101,100,4,0,0
1738,21,15,1280,0,371,3,4,7,1,1,-70,2,1486,14136,106,100,3,0,0
1737,25,21,1536,0,393,5,10,7,1,2,-70,0,1011,11588,97,100,4,0,0
1737,8,4,768,10,328,4,10,7,2,2,-70,10,4895,28132,111,100,2,0,0
1738,20,14,1280,0,412,2,8,7,1,1,-70,0,656,6764,98,100,2,0,0
1739,24,18,1280,0,318,4,10,7,1,1,-70,2,1948,16896,92,100,3,0,0
1739,14,8,1024,0,364,5,9,7,1,2,-70,1,1182,11264,98,100,3,0,0
1739,28,18,1280,0,318,2,4,7,1,1,-95,1,1145,15317,100,100,2,0,0
1741,5,1,512,0,381,6,1,7,1,1,-76,4,1513,12070,116,100,2,0,0
1740,1,0,256,0,12,0,0,3,0,0,0,10,2588,23796,2828,100,1,0,0
1740,9,4,768,0,385,3,8,7,1,1,-52,6,2087,16488,112,100,3,0,0
1741,10,5,768,10,406,2,10,7,1,1,-52,0,776,9074,94,100,3,0,0
1740,2,3,768,0,338,5,5,5,1,2,-52,0,390,5144,102,100,1,0,0
1742,19,13,1280,0,328,5,19,7,1,3,-70,0,855,10003,59,100,3,0,0
1741,18,8,1024,0,353,3,7,7,1,1,-95,8,2150,18224,110,100,1,0,0
1741,31,30,1792,0,328,6,11,5,1,2,-52,0,785,9036,79,100,2,0,0
1742,26,21,1536,10,343,3,5,7,1,1,-52,0,1018,10697,98,100,3,0,0
1743,7,3,768,0,290,7,13,7,1,3,-70,0,416,5543,68,100,2,0,0
1743,3,1,512,10,315,6,4,7,1,1,-76,2,1611,15032,116,100,2,0,0
1743,29,28,1536,0,323,3,7,7,1,1,-52,0,812,9524,94,100,2,0,0
1743,4,1,512,0,326,6,3,7,2,1,-61,10,5792,30935,115,100,1,0,0
1744,11,5,768,0,392,7,2,7,1,2,-70,1,1156,12407,108,100,2,0,0
1743,30,24,1536,10,312,7,6,7,1,3,-70,1,1131,12543,97,100,1,0,0
1743,17,12,1280,0,329,2,10,7,1,1,-52,0,701,9560,87,100,2,0,0
1744,27,22,1536,0,319,3,8,5,1,1,-52,0,523,7777,86,100,1,0,0
1745,13,9,1024,0,310,6,16,7,1,2,-70,1,1426,15102,66,100,4,0,0
1744,23,18,1280,0,236,3,20,7,1,1,-52,0,682,8248,55,100,2,0,0
1746,15,9,1024,0,329,3,98,7,1,1,-70,3,1495,16430,109,100,4,1,3
1745,12,8,1024,0,336,4,6,7,1,2,-70,1,939,13492,102,100,1,0,0
1745,8,4,768,10,332,4,10,7,2,2,-70,10,3595,21730,112,100,1,0,0
1745,2,3,768,0,338,5,5,5,1,2,-52,0,315,4847,103,100,1,0,0
1747,6,5,768,10,343,4,5,5,1,2,-52,0,652,9449,99,100,1,0,0
1745,25,21,1536,10,397,5,10,7,1,2,-70,0,627,8325,97,100,2,0,0
1747,20,14,1280,0,417,2,8,7,1,1,-70,0,935,8298,98,100,3,0,0
1746,22,18,1280,10,316,4,7,7,1,1,-70,1,1022,13702,88,100,2,0,0
1748,5,1,512,0,385,6,1,7,1,1,-76,4,1671,16558,116,100,2,0,0
1747,24,18,1280,0,321,4,10,7,1,1,-70,2,1250,11655,93,100,2,0,0
1748,26,21,1536,0,344,3,5,7,1,1,-52,0,389,5216,98,100,2,0,0
1747,16,11,1024,0,401,4,5,7,1,2,-52,0,1042,11547,102,100,3,0,0
1747,31,30,1792,10,330,6,11,5,1,2,-52,0,387,5457,79,100,2,0,0
1748,19,13,1280,0,329,5,19,7,1,3,-70,0,551,6036,60,100,2,0,0
1748,28,18,1280,0,319,2,4,7,1,1,-95,1,712,12564,100,100,1,0,0
1748,21,15,1280,0,374,3,4,7,1,1,-70,2,1990,21585,107,100,3,0,0
1749,23,18,1280,10,237,3,20,7,1,1,-52,0,363,4115,55,100,2,0,0
1750,3,1,512,0,318,6,4,7,1,1,-76,2,1193,12956,116,100,1,0,0
1748,27,22,1536,0,320,3,8,5,1,1,-52,0,448,5877,87,100,1,0,0
1751,4,1,512,0,327,6,3,7,2,1,-61,10,4739,23604,116,100,2,0,0
1751,11,5,768,0,394,7,2,7,1,2,-70,1,815,10854,108,100,2,0,0
1750,9,4,768,10,389,3,8,7,1,1,-52,6,2954,22003,113,100,4,0,0
1751,14,8,1024,0,366,5,9,7,1,2,-70,1,1267,15427,99,100,4,0,0
1749,30,24,1536,10,315,7,6,7,1,3,-70,1,967,8369,97,100,3,0,0
1751,7,3,768,0,294,7,13,7,1,3,-70,0,857,9048,68,100,2,0,0
1750,18,8,1024,10,356,3,7,7,1,1,-95,8,3678,28308,110,100,2,0,0
1752,1,0,256,0,12,0,0,3,0,0,0,10,3175,30176,2848,100,2,0,0
1752,24,18,1280,0,326,4,10,7,1,1,-70,2,1257,7524,93,100,2,0,0
1753,10,5,768,0,409,2,10,7,1,1,-52,0,819,11515,95,100,4,0,0
1752,25,21,1536,0,399,5,10,7,1,2,-70,0,672,7064,98,100,3,0,0
1754,5,1,512,0,390,6,1,7,1,1,-76,4,2006,15393,117,100,2,0,0
1753,19,13,1280,0,330,5,19,7,1,3,-70,0,387,5248,60,100,2,0,0
1753,17,12,1280,0,333,2,10,7,1,1,-52,0,762,10334,87,100,1,0,0
1753,21,15,1280,0,375,3,4,7,1,1,-70,2,712,8597,108,100,1,0,0
1754,8,4,768,20,334,4,10,7,2,2,-70,10,4130,25174,112,100,2,0,0
1754,29,28,1536,0,325,3,7,7,1,1,-52,0,694,10049,95,100,3,0,0
1752,27,22,1536,0,320,3,8,5,1,1,-52,0,261,3967,87,100,1,0,0
1755,2,3,768,0,341,5,5,5,1,2,-52,0,749,8888,103,100,2,0,0
1755,9,4,768,0,391,3,8,7,1,1,-52,6,1465,10466,113,100,0,0,0
1757,11,5,768,0,395,7,2,7,1,2,-70,1,657,8078,109,100,1,0,0
1754,22,18,1280,0,318,4,7,7,1,1,-70,1,1162,11239,89,100,2,0,0
1756,13,9,1024,0,314,6,16,7,1,2,-70,1,1432,15316,67,100,4,0,0
1757,4,1,512,20,329,6,3,7,2,1,-61,10,4345,21290,116,100,1,0,0
1758,6,5,768,0,348,4,5,5,1,2,-52,0,1019,10501,99,100,2,0,0
1756,12,8,1024,0,338,4,6,7,1,2,-70,1,1253,17997,103,100,2,0,0
1758,15,9,1024,0,333,3,101,7,1,1,-70,3,2380,21064,110,100,6,1,3
1758,1,0,256,0,12,0,0,3,0,0,0,10,1739,14325,2860,100,2,0,0
1757,20,14,1280,0,424,2,8,7,1,1,-70,0,1126,10945,99,100,3,0,0
1757,26,21,1536,10,347,3,5,7,1,1,-52,0,807,10061,99,100,2,0,0
1757,16,11,1024,0,405,4,5,7,1,2,-52,0,905,9630,103,100,4,0,0
1757,18,8,1024,10,357,3,7,7,1,1,-95,8,2173,19161,111,100,1,0,0
1758,14,8,1024,0,367,5,9,7,1,2,-70,1,791,9844,99,100,2,0,0
1757,28,18,1280,0,320,2,4,7,1,1,-95,1,1122,15887,101,100,2,0,0
1756,23,18,1280,0,240,3,20,7,1,1,-52,0,712,9666,56,100,1,0,0
1759,19,13,1280,0,333,5,19,7,1,3,-70,0,657,6181,61,100,2,0,0
1757,27,22,1536,0,320,3,8,5,1,1,-52,0,285,4458,87,100,1,0,0
1759,29,28,1536,0,329,3,7,7,1,1,-52,0,690,5464,95,100,1,0,0
1761,2,3,768,0,342,5,5,5,1,2,-52,0,422,4521,104,100,1,0,0
1758,31,30,1792,0,331,6,11,5,1,2,-52,0,726,10730,80,100,2,0,0
1759,30,24,1536,10,318,7,6,7,1,3,-70,1,1151,13364,98,100,1,0,0
1761,3,1,512,0,324,6,4,7,1,1,-76,2,2355,23393,117,100,2,0,0
1759,24,18,1280,10,329,4,10,7,1,1,-70,2,1204,11642,93,100,1,0,0
1762,1,0,256,0,12,0,0,3,0,0,0,10,1044,11171,2868,100,0,0,0
1761,26,21,1536,0,349,3,5,7,1,1,-52,0,501,4817,99,100,1,0,0
1763,13,9,1024,0,316,6,16,7,1,2,-70,1,966,8773,68,100,2,0,0
1763,10,5,768,0,412,2,10,7,1,1,-52,0,745,9048,95,100,3,0,0
1764,7,3,768,0,297,7,13,7,1,3,-70,0,829,11429,69,100,2,0,0
1764,5,1,512,10,392,6,1,7,1,1,-76,4,2007,21168,117,100,3,0,0
1762,8,4,768,10,334,4,10,7,2,2,-70,10,3772,24233,113,100,1,0,0
1764,6,5,768,0,350,4,5,5,1,2,-52,0,554,6080,100,100,1,0,0
1763,17,12,1280,0,338,2,10,7,1,1,-52,0,1036,10190,88,100,2,0,0
1764,25,21,1536,0,403,5,10,7,1,2,-70,0,909,10508,99,100,3,0,0
1764,31,30,1792,0,332,6,11,5,1,2,-52,0,394,5435,80,100,1,0,0
1766,21,15,1280,0,377,3,4,7,1,1,-70,2,1963,21934,108,100,4,0,0
1765,9,4,768,20,396,3,8,7,1,1,-52,6,2928,21455,114,100,4,0,0
1766,11,5,768,0,399,7,2,7,1,2,-70,1,1195,14887,109,100,4,0,0
1764,18,8,1024,0,359,3,7,7,1,1,-95,8,2518,19380,111,100,1,0,0
1765,19,13,1280,0,336,5,19,7,1,3,-70,0,601,6398,61,100,2,0,0
1767,15,9,1024,0,335,3,103,7,1,1,-70,3,1615,15305,110,100,4,1,3
1766,12,8,1024,0,342,4,6,7,1,2,-70,1,1353,16049,104,100,2,0,0
1766,29,28,1536,0,331,3,7,7,1,1,-52,0,523,6737,95,100,1,0,0
1766,22,18,1280,0,322,4,7,7,1,1,-70,1,1298,14585,89,100,2,0,0
1766,26,21,1536,0,352,3,5,7,1,1,-52,0,638,4983,100,100,1,0,0
1768,5,1,512,10,393,6,1,7,1,1,-76,4,1247,9897,118,100,2,0,0
1767,24,18,1280,0,330,4,10,7,1,1,-70,2,960,9457,94,100,2,0,0
1766,28,18,1280,0,321,2,4,7,1,1,-95,1,1098,14412,102,100,2,0,0
1768,4,1,512,0,331,6,3,7,2,1,-61,10,7760,38336,117,100,2,0,0
1768,20,14,1280,0,427,2,8,7,1,1,-70,0,827,10909,100,100,3,0,0
1767,16,11,1024,0,409,4,5,7,1,2,-52,0,909,9796,104,100,3,0,0
1767,23,18,1280,0,244,3,20,7,1,1,-52,0,859,9550,56,100,2,0,0
1767,30,24,1536,0,319,7,6,7,1,3,-70,1,974,11841,99,100,2,0,0
1769,8,4,768,0,335,4,10,7,2,2,-70,10,3203,18403,113,100,1,0,0
1771,7,3,768,0,300,7,13,7,1,3,-70,0,870,7232,70,100,2,0,0
1771,25,21,1536,0,406,5,11,7,1,2,-70,0,654,6693,99,100,3,0,0
1771,11,5,768,0,399,7,2,7,1,2,-70,1,730,9068,110,100,1,0,0
1770,14,8,1024,0,372,5,9,7,1,2,-70,1,1629,16014,100,100,5,0,0
1769,27,22,1536,0,320,3,8,5,1,1,-52,0,510,10801,88,100,2,0,0
1772,21,15,1280,0,380,3,4,7,1,1,-70,2,1312,12771,109,100,2,0,0
1770,31,30,1792,0,334,6,11,5,1,2,-52,0,766,7116,81,100,1,0,0
1772,3,1,512,10,327,6,4,7,1,1,-76,2,1832,21718,118,100,2,0,0
1771,18,8,1024,0,359,3,7,7,1,1,-95,8,2851,19309,112,100,2,0,0
1771,2,3,768,10,348,5,5,5,1,2,-52,0,987,11470,104,100,2,0,0
1772,13,9,1024,0,320,6,16,7,1,2,-70,1,1067,12534,68,100,3,0,0
1772,1,0,256,0,12,0,0,3,0,0,0,10,2962,26716,2890,100,2,0,0
1773,10,5,768,0,415,2,10,7,1,1,-52,0,703,10358,96,100,2,0,0
1775,6,5,768,10,353,4,5,5,1,2,-52,0,739,10632,100,100,3,0,0
1775,19,13,1280,10,339,5,19,7,1,3,-70,0,695,9122,62,100,3,0,0
1774,17,12,1280,0,339,2,10,7,1,1,-52,0,596,10720,89,100,2,0,0
1775,9,4,768,10,398,3,8,7,1,1,-52,6,2946,23456,115,100,3,0,0
1776,2,3,768,0,349,5,5,5,1,2,-52,0,531,4282,105,100,1,0,0
1774,28,18,1280,10,323,2,4,7,1,1,-95,1,684,11360,102,100,1,0,0
1776,4,1,512,20,334,6,3,7,2,1,-61,10,4455,24636,118,100,1,0,0
1776,15,9,1024,10,337,3,106,7,1,1,-70,3,1696,16144,111,100,5,1,3
1774,31,30,1792,0,335,6,11,5,1,2,-52,0,369,4158,81,100,1,0,0
1776,16,11,1024,0,411,4,5,7,1,2,-52,0,518,8557,104,100,2,0,0
1775,26,21,1536,10,354,3,5,7,1,1,-52,0,417,8181,100,100,1,0,0
1776,22,18,1280,0,325,4,7,7,1,1,-70,1,1038,12301,90,100,1,0,0
1777,21,15,1280,0,381,3,4,7,1,1,-70,2,891,9849,109,100,2,0,0
1778,11,5,768,0,402,7,2,7,1,2,-70,1,865,10210,110,100,2,0,0
1777,14,8,1024,0,373,5,9,7,1,2,-70,1,618,8786,101,100,1,0,0
1776,18,8,1024,30,361,3,7,7,1,1,-95,8,1459,14229,112,100,1,0,0
1779,5,1,512,0,400,6,1,7,1,1,-76,4,2951,25964,118,100,4,0,0
1777,12,8,1024,0,344,4,6,7,1,2,-70,1,1148,16865,105,100,2,0,0
1775,30,24,1536,0,321,7,6,7,1,3,-70,1,1066,10215,99,100,1,0,0
1778,25,21,1536,0,408,5,11,7,1,2,-70,0,645,8169,100,100,2,0,0
1776,24,18,1280,0,332,4,10,7,1,1,-70,2,1482,13899,95,100,1,0,0
1778,29,28,1536,0,335,3,7,7,1,1,-52,0,1035,11669,96,100,3,0,0
1777,23,18,1280,0,248,3,20,7,1,1,-52,0,909,10561,57,100,3,0,0
1780,19,13,1280,0,340,5,19,7,1,3,-70,0,374,4912,62,100,1,0,0
1779,20,14,1280,0,434,2,8,7,1,1,-70,0,1249,12031,101,100,4,0,0
1778,28,18,1280,0,325,2,4,7,1,1,-95,1,825,6919,102,100,1,0,0
1781,6,5,768,0,353,4,5,5,1,2,-52,0,472,6358,101,100,1,0,0
1780,8,4,768,10,340,4,10,7,2,2,-70,10,5338,31504,114,100,2,0,0
1780,7,3,768,10,304,7,13,7,1,3,-70,0,783,10629,70,100,1,0,0
1781,24,18,1280,0,333,4,10,7,1,1,-70,2,576,5864,95,100,1,0,0
1782,3,1,512,10,330,6,4,7,1,1,-76,2,1747,19269,118,100,2,0,0
1782,14,8,1024,0,377,5,9,7,1,2,-70,1,1045,6697,101,100,2,0,0
1780,27,22,1536,0,324,3,8,5,1,1,-52,0,909,10790,89,100,3,0,0
1781,13,9,1024,10,327,6,16,7,1,2,-70,1,1852,14124,69,100,4,0,0
1780,30,24,1536,0,322,7,6,7,1,3,-70,1,562,7064,100,100,1,0,0
1783,4,1,512,20,337,6,3,7,2,1,-61,10,5493,24564,118,100,2,0,0
1783,1,0,256,0,12,0,0,3,0,0,0,10,3057,28019,2912,100,2,0,0
1784,10,5,768,0,420,2,10,7,1,1,-52,0,1027,10535,97,100,5,0,0
1782,12,8,1024,0,345,4,6,7,1,2,-70,1,478,7592,105,100,1,0,0
1783,29,28,1536,0,338,3,7,7,1,1,-52,0,602,5865,96,100,2,0,0
1782,31,30,1792,0,338,6,11,5,1,2,-52,0,625,7320,81,100,2,0,0
1782,21,15,1280,0,383,3,4,7,1,1,-70,2,1049,12694,110,100,2,0,0
1782,22,18,1280,0,326,4,7,7,1,1,-70,1,902,9566,90,100,2,0,0
1784,16,11,1024,0,415,4,5,7,1,2,-52,0,879,7912,105,100,4,0,0
1786,2,3,768,0,354,5,5,5,1,2,-52,0,753,8963,105,100,2,0,0
1786,19,13,1280,0,343,5,19,7,1,3,-70,0,698,5828,62,100,3,0,0
1785,9,4,768,0,405,3,8,7,1,1,-52,6,3506,22701,115,100,4,0,0
1785,17,12,1280,0,340,2,10,7,1,1,-52,0,563,10225,89,100,2,0,0
1783,23,18,1280,0,249,3,20,7,1,1,-52,0,474,6421,58,100,1,0,0
1786,20,14,1280,0,436,2,8,7,1,1,-70,0,496,5958,101,100,2,0,0
1786,15,9,1024,10,339,3,108,7,1,1,-70,3,1942,18180,112,100,4,1,3
1785,28,18,1280,0,327,2,4,7,1,1,-95,1,995,11408,103,100,1,0,0
1787,6,5,768,0,353,4,5,5,1,2,-52,0,283,6276,101,100,1,0,0
1786,8,4,768,10,341,4,10,7,2,2,-70,10,3582,20260,114,100,2,0,0
1787,26,21,1536,0,356,3,5,7,1,1,-52,0,827,11324,101,100,3,0,0
1787,12,8,1024,0,347,4,6,7,1,2,-70,1,891,8053,105,100,1,0,0
1788,29,28,1536,10,340,3,7,7,1,1,-52,0,424,4423,97,100,1,0,0
1788,5,1,512,0,403,6,1,7,1,1,-76,4,2180,22204,119,100,2,0,0
1788,25,21,1536,10,415,5,11,7,1,2,-70,0,1145,9925,100,100,4,0,0
1787,23,18,1280,0,249,3,20,7,1,1,-52,0,262,4071,58,100,1,0,0
1789,11,5,768,0,408,7,2,7,1,2,-70,1,1730,18620,111,100,6,0,0
1789,2,3,768,0,354,5,5,5,1,2,-52,0,259,3879,105,100,1,0,0
1789,18,8,1024,0,365,3,7,7,1,1,-95,8,4968,35180,113,100,2,0,0
1788,22,18,1280,0,328,4,7,7,1,1,-70,1,667,7814,91,100,1,0,0
1791,9,4,768,0,407,3,8,7,1,1,-52,6,1314,10166,116,100,2,0,0
1790,14,8,1024,0,383,5,10,7,1,2,-70,1,1398,12348,102,100,4,0,0
1791,7,3,768,0,310,7,13,7,1,3,-70,0,1225,11461,71,100,3,0,0
1791,17,12,1280,0,345,2,10,7,1,1,-52,0,771,6451,90,100,1,0,0
1793,3,1,512,0,330,6,4,7,1,1,-76,2,1576,20175,119,100,2,0,0
1791,27,22,1536,0,327,3,8,5,1,1,-52,0,752,9000,89,100,2,0,0
1792,15,9,1024,10,342,3,109,7,1,1,-70,3,1210,11238,112,100,2,1,3
1792,13,9,1024,0,331,6,16,7,1,2,-70,1,1483,14011,70,100,4,0,0
1793,1,0,256,0,12,0,0,3,0,0,0,10,2504,24451,2930,100,2,0,0
1793,20,14,1280,0,440,2,8,7,1,1,-70,0,855,7077,102,100,4,0,0
1793,6,5,768,0,355,4,5,5,1,2,-52,0,553,6166,102,100,1,0,0
1790,30,24,1536,0,323,7,6,7,1,3,-70,1,1121,13628,100,100,2,0,0
1791,24,18,1280,0,337,4,10,7,1,1,-70,2,1658,15468,96,100,3,0,0
1793,10,5,768,0,426,2,10,7,1,1,-52,0,1067,10607,97,100,3,0,0
1794,8,4,768,0,344,4,10,7,2,2,-70,10,3252,18349,115,100,2,0,0
1791,21,15,1280,0,385,3,4,7,1,1,-70,2,1505,17302,110,100,2,0,0
1792,28,18,1280,0,329,2,4,7,1,1,-95,1,795,10401,103,100,1,0,0
1794,11,5,768,0,409,7,2,7,1,2,-70,1,471,7651,111,100,2,0,0
1794,4,1,512,0,338,6,3,7,2,1,-61,10,7977,38790,119,100,3,0,0
1791,31,30,1792,0,344,6,11,5,1,2,-52,0,1129,10158,82,100,2,0,0
1794,16,11,1024,0,418,4,5,7,1,2,-52,0,807,9582,105,100,3,0,0
1795,25,21,1536,0,419,5,11,7,1,2,-70,0,791,7164,101,100,2,0,0
1795,12,8,1024,0,349,4,6,7,1,2,-70,1,924,12137,106,100,2,0,0
1796,29,28,1536,0,342,3,7,7,1,1,-52,0,631,8354,97,100,1,0,0
1797,19,13,1280,0,348,5,19,7,1,3,-70,0,1034,11227,63,100,4,0,0
1795,22,18,1280,10,331,4,7,7,1,1,-70,1,942,9071,91,100,1,0,0
1797,9,4,768,10,410,3,8,7,1,1,-52,6,1941,14279,116,100,2,0,0
1795,23,18,1280,0,251,3,20,7,1,1,-52,0,524,7655,58,100,1,0,0
1799,3,1,512,0,330,6,4,7,1,1,-76,2,736,11356,119,100,1,0,0
1799,11,5,768,0,409,7,2,7,1,2,-70,1,579,7016,112,100,0,0,0
1798,26,21,1536,0,360,3,5,7,1,1,-52,0,940,10912,102,100,2,0,0
1798,6,5,768,0,357,4,5,5,1,2,-52,0,497,5554,102,100,1,0,0
1797,31,30,1792,0,344,6,11,5,1,2,-52,0,288,4907,82,100,1,0,0
1799,7,3,768,0,313,7,13,7,1,3,-70,0,686,7810,72,100,1,0,0
1799,15,9,1024,0,345,3,111,7,1,1,-70,3,1419,11001,113,100,5,1,3
1797,24,18,1280,0,340,4,10,7,1,1,-70,2,1152,8717,96,100,1,0,0
1799,17,12,1280,0,346,2,10,7,1,1,-52,0,514,7266,90,100,2,0,0
1799,5,1,512,20,409,7,1,7,1,1,-76,4,3364,28703,120,100,4,0,0
1800,1,0,256,0,12,0,0,3,0,0,0,10,2109,19088,2946,100,1,0,0
1800,12,8,1024,0,351,4,6,7,1,2,-70,1,708,7296,106,100,2,0,0
1800,2,3,768,0,357,5,5,5,1,2,-52,0,805,10646,106,100,2,0,0
1799,16,11,1024,0,420,4,5,7,1,2,-52,0,693,5669,106,100,3,0,0
1800,10,5,768,0,429,2,10,7,1,1,-52,0,657,7206,98,100,2,0,0
1801,18,8,1024,0,369,3,7,7,1,1,-95,8,4497,33903,114,100,4,0,0
1802,8,4,768,0,346,4,10,7,2,2,-70,10,3635,22301,115,100,2,0,0
1801,14,8,1024,0,390,5,10,7,1,2,-70,1,1506,14726,102,100,4,0,0
1802,4,1,512,20,341,6,3,7,2,1,-61,10,4702,24719,119,100,2,0,0
1799,30,24,1536,0,325,7,6,7,1,3,-70,1,1264,11261,101,100,2,0,0
1801,21,15,1280,0,386,3,4,7,1,1,-70,2,1474,17927,111,100,3,0,0
1800,27,22,1536,10,331,3,8,5,1,1,-52,0,807,9724,90,100,2,0,0
1803,9,4,768,0,412,3,8,7,1,1,-52,6,1580,12040,116,100,2,0,0
1801,13,9,1024,10,336,6,16,7,1,2,-70,1,1234,12936,70,100,3,0,0
1801,24,18,1280,0,342,4,10,7,1,1,-70,2,805,5868,96,100,2,0,0
1802,28,18,1280,0,333,2,4,7,1,1,-95,1,1456,16511,104,100,2,0,0
1803,29,28,1536,10,343,3,7,7,1,1,-52,0,448,6844,98,100,1,0,0
1804,20,14,1280,0,445,2,8,7,1,1,-70,0,1054,11302,102,100,3,0,0
1805,1,0,256,0,12,0,0,3,0,0,0,10,1217,11617,2953,100,1,0,0
1802,31,30,1792,0,346,6,11,5,1,2,-52,0,556,6053,83,100,1,0,0
1804,2,3,768,10,357,5,5,5,1,2,-52,0,316,4182,107,100,1,0,0
1803,22,18,1280,0,332,4,7,7,1,1,-70,1,1051,11486,92,100,2,0,0
1806,15,9,1024,0,348,3,112,7,1,1,-70,3,1048,10668,113,100,2,1,3
1805,25,21,1536,0,423,5,11,7,1,2,-70,0,848,9930,101,100,4,0,0
1806,19,13,1280,0,353,5,19,7,1,3,-70,0,891,9119,64,100,3,0,0
1806,16,11,1024,0,422,4,5,7,1,2,-52,0,494,6676,106,100,2,0,0
1806,7,3,768,10,314,7,13,7,1,3,-70,0,390,7115,72,100,1,0,0
1806,18,8,1024,20,370,3,7,7,1,1,-95,8,1847,14449,114,100,1,0,0
1807,17,12,1280,0,347,2,10,7,1,1,-52,0,449,7151,91,100,1,0,0
1804,27,22,1536,0,332,3,8,5,1,1,-52,0,500,4798,90,100,1,0,0
1807,5,1,512,0,410,7,1,7,1,1,-76,4,1612,17219,120,100,3,0,0
1804,30,24,1536,10,327,7,6,7,1,3,-70,1,854,7246,101,100,1,0,0
1808,3,1,512,0,331,7,4,7,1,1,-76,2,1596,18467,120,100,1,0,0
1806,26,21,1536,0,363,3,5,7,1,1,-52,0,729,8847,102,100,2,0,0
1807,21,15,1280,0,390,3,4,7,1,1,-70,2,1309,11630,111,100,2,0,0
1808,10,5,768,10,433,2,10,7,1,1,-52,0,720,8030,98,100,3,0,0
1806,23,18,1280,0,253,3,20,7,1,1,-52,0,798,10795,59,100,3,0,0
1806,31,30,1792,0,350,6,11,5,1,2,-52,0,690,4580,83,100,1,0,0
1808,6,5,768,0,358,4,5,5,1,2,-52,0,591,9647,103,100,2,0,0
1809,9,4,768,20,417,3,8,7,1,1,-52,6,2394,15383,117,100,2,0,0
1808,13,9,1024,0,337,6,16,7,1,2,-70,1,991,9463,71,100,2,0,0
1810,11,5,768,10,415,7,2,7,1,2,-70,1,1563,17848,112,100,4,0,0
1810,2,3,768,0,358,5,5,5,1,2,-52,0,391,5464,107,100,1,0,0
1810,12,8,1024,0,354,4,6,7,1,2,-70,1,1200,15976,107,100,2,0,0
1811,15,9,1024,0,349,3,114,7,1,1,-70,3,1151,9593,113,100,3,1,3
1809,27,22,1536,0,334,3,8,5,1,1,-52,0,434,4477,91,100,0,0,0
1810,25,21,1536,10,424,5,11,7,1,2,-70,0,426,4702,102,100,1,0,0
1811,7,3,768,0,315,7,13,7,1,3,-70,0,391,5035,72,100,1,0,0
1811,29,28,1536,10,345,3,7,7,1,1,-52,0,514,6960,98,100,2,0,0
1812,8,4,768,10,346,4,10,7,2,2,-70,10,4781,29918,116,100,2,0,0
1811,19,13,1280,0,358,5,19,7,1,3,-70,0,815,5673,64,100,2,0,0
1809,24,18,1280,0,343,4,10,7,1,1,-70,2,1170,11278,97,100,1,0,0
1812,14,8,1024,0,396,5,10,7,1,2,-70,1,1719,15185,103,100,4,0,0
1813,3,1,512,0,333,7,4,7,1,1,-76,2,1030,10056,120,100,1,0,0
1811,28,18,1280,0,334,2,4,7,1,1,-95,1,1100,14329,105,100,2,0,0
1813,4,1,512,20,343,6,3,7,2,1,-61,10,7848,37472,120,100,2,0,0
1813,1,0,256,0,12,0,0,3,0,0,0,10,2336,21321,2967,100,2,0,0
1813,10,5,768,0,434,2,10,7,1,1,-52,0,549,5372,99,100,2,0,0
1815,18,8,1024,0,372,3,7,7,1,1,-95,8,2870,21954,115,100,2,0,0
1814,17,12,1280,0,349,2,10,7,1,1,-52,0,524,7137,91,100,1,0,0
1812,26,21,1536,10,368,3,5,7,1,1,-52,0,1004,7493,103,100,1,0,0
1814,16,11,1024,10,427,4,5,7,1,2,-52,0,788,8119,107,100,2,0,0
1814,6,5,768,0,359,4,5,5,1,2,-52,0,390,6090,103,100,1,0,0
1816,9,4,768,0,422,3,8,7,1,1,-52,6,2324,15724,117,100,2,0,0
1815,20,14,1280,0,450,2,9,7,1,1,-70,0,1064,11231,103,100,5,0,0
1814,30,24,1536,0,328,7,6,7,1,3,-70,1,906,11976,102,100,1,0,0
1816,8,4,768,10,346,4,10,7,2,2,-70,10,2062,11788,116,100,1,0,0
1816,13,9,1024,0,340,6,16,7,1,2,-70,1,978,9975,71,100,2,0,0
1814,23,18,1280,0,253,3,20,7,1,1,-52,0,367,7285,60,100,1,0,0
1814,22,18,1280,0,336,4,7,7,1,1,-70,1,1539,14941,93,100,2,0,0
1814,24,18,1280,0,345,4,10,7,1,1,-70,2,745,6713,97,100,1,0,0
1817,5,1,512,0,414,7,1,7,1,1,-76,4,2747,23524,121,100,3,0,0
1818,4,1,512,0,343,6,3,7,2,1,-61,10,3232,15491,120,100,1,0,0
1818,12,8,1024,0,356,4,6,7,1,2,-70,1,906,11431,107,100,2,0,0
1817,7,3,768,0,315,7,13,7,1,3,-70,0,339,6184,73,100,1,0,0
1818,11,5,768,0,418,7,2,7,1,2,-70,1,1298,13861,113,100,3,0,0
1818,19,13,1280,0,361,5,19,7,1,3,-70,0,663,7382,65,100,1,0,0
1817,27,22,1536,0,336,3,8,5,1,1,-52,0,620,7710,91,100,2,0,0
1819,2,3,768,0,359,5,5,5,1,2,-52,0,536,8409,107,100,2,0,0
1816,31,30,1792,10,356,6,11,5,1,2,-52,0,915,9588,84,100,2,0,0
1819,15,9,1024,10,351,3,116,7,1,1,-70,3,1570,15138,114,100,4,1,3
1818,21,15,1280,0,396,3,4,7,1,1,-70,2,2237,21458,112,100,4,0,0
1820,16,11,1024,0,428,4,5,7,1,2,-52,0,495,5426,107,100,2,0,0
1821,6,5,768,0,360,4,5,5,1,2,-52,0,390,5443,103,100,1,0,0
1822,9,4,768,0,426,3,8,7,1,1,-52,6,1827,12978,118,100,3,0,0
1821,29,28,1536,10,349,3,7,7,1,1,-52,0,1022,10699,99,100,2,0,0
1823,28,18,1280,10,337,2,4,7,1,1,-95,1,1106,14822,105,100,1,0,0
1823,18,8,1024,0,374,3,7,7,1,1,-95,8,3101,24974,115,100,2,0,0
1822,10,5,768,10,436,2,10,7,1,1,-52,0,607,8596,99,100,4,0,0
1821,13,9,1024,0,342,6,16,7,1,2,-70,1,965,8139,72,100,2,0,0
1821,27,22,1536,0,336,3,8,5,1,1,-52,0,261,3827,91,100,1,0,0
1822,25,21,1536,10,431,5,11,7,1,2,-70,0,1250,12147,103,100,4,0,0
1824,14,8,1024,0,401,5,10,7,1,2,-70,1,1472,15215,104,100,4,0,0
1820,31,30,1792,0,358,6,11,5,1,2,-52,0,588,4704,84,100,1,0,0
1822,26,21,1536,0,371,3,5,7,1,1,-52,0,903,9513,103,100,2,0,0
1824,4,1,512,30,344,6,3,7,2,1,-61,10,4255,22583,121,100,1,0,0
1825,3,1,512,0,336,7,4,7,1,1,-76,2,1799,22441,121,100,2,0,0
1823,21,15,1280,0,396,3,4,7,1,1,-70,2,1001,9540,112,100,1,0,0
1825,1,0,256,0,12,0,0,3,0,0,0,10,3157,29466,2990,100,2,0,0
1825,2,3,768,0,360,5,5,5,1,2,-52,0,453,5837,108,100,0,0,0
1822,22,18,1280,0,337,4,7,7,1,1,-70,1,957,10599,93,100,1,0,0
1824,17,12,1280,0,352,2,10,7,1,1,-52,0,808,10275,92,100,2,0,0
1823,23,18,1280,0,258,3,20,7,1,1,-52,0,869,9419,60,100,1,0,0
1826,8,4,768,0,351,4,10,7,2,2,-70,10,4953,28652,117,100,2,0,0
1824,24,18,1280,0,349,4,10,7,1,1,-70,2,1601,13664,98,100,3,0,0
1826,15,9,1024,0,352,3,118,7,1,1,-70,3,1253,11950,114,100,3,1,3
1824,30,24,1536,10,330,7,6,7,1,3,-70,1,1385,14310,103,100,2,0,0
1827,5,1,512,0,419,7,1,7,1,1,-76,4,2144,21168,121,100,3,0,0
1828,20,14,1280,0,456,2,9,7,1,1,-70,0,1119,11725,104,100,4,0,0
1828,29,28,1536,0,349,3,7,7,1,1,-52,0,312,5784,99,100,1,0,0
1826,25,21,1536,0,433,5,11,7,1,2,-70,0,498,4749,103,100,2,0,0
1828,7,3,768,0,321,7,13,7,1,3,-70,0,1126,10951,74,100,2,0,0
1828,11,5,768,10,420,7,2,7,1,2,-70,1,1240,14605,114,100,3,0,0
1827,13,9,1024,10,343,6,16,7,1,2,-70,1,526,7275,72,100,2,0,0
1828,16,11,1024,0,433,4,5,7,1,2,-52,0,992,8545,108,100,3,0,0
1829,12,8,1024,0,360,4,6,7,1,2,-70,1,1375,17516,108,100,2,0,0
1827,19,13,1280,0,367,5,19,7,1,3,-70,0,1158,10330,65,100,5,0,0
1827,27,22,1536,0,338,3,8,5,1,1,-52,0,556,5720,92,100,1,0,0
1829,2,3,768,0,360,5,5,5,1,2,-52,0,259,4428,108,100,1,0,0
1826,31,30,1792,0,359,6,11,5,1,2,-52,0,393,5719,84,100,1,0,0
1830,26,21,1536,0,374,3,5,7,1,1,-52,0,687,7242,104,100,1,0,0
1830,21,15,1280,10,400,3,4,7,1,1,-70,2,1504,13744,113,100,2,0,0
1831,18,8,1024,20,374,3,7,7,1,1,-95,8,2938,22353,116,100,1,0,0
1831,28,18,1280,0,340,2,4,7,1,1,-95,1,1197,13597,106,100,2,0,0
1832,3,1,512,10,340,7,4,7,1,1,-76,2,1621,14144,122,100,2,0,0
1832,14,8,1024,0,403,5,10,7,1,2,-70,1,1008,10589,104,100,3,0,0
1832,8,4,768,10,354,4,10,7,2,2,-70,10,3105,18194,117,100,1,0,0
1830,22,18,1280,0,338,4,7,7,1,1,-70,1,822,10410,94,100,1,0,0
1833,5,1,512,10,420,7,1,7,1,1,-76,4,1503,13793,122,100,2,0,0
1831,30,24,1536,10,331,7,6,7,1,3,-70,1,931,8921,103,100,2,0,0
1832,6,5,768,0,363,4,5,5,1,2,-52,0,829,11074,104,100,2,0,0
1833,4,1,512,10,345,6,3,7,2,1,-61,10,6322,30272,121,100,2,0,0
1832,10,5,768,10,440,2,10,7,1,1,-52,0,811,9878,100,100,2,0,0
1834,20,14,1280,0,457,2,9,7,1,1,-70,0,389,5440,104,100,2,0,0
1833,12,8,1024,10,363,4,6,7,1,2,-70,1,683,7240,108,100,1,0,0
1833,17,12,1280,10,356,2,10,7,1,1,-52,0,892,9275,93,100,2,0,0
1834,23,18,1280,0,261,3,20,7,1,1,-52,0,778,8759,61,100,3,0,0
1834,9,4,768,20,432,3,8,7,1,1,-52,6,3844,27049,119,100,4,0,0
1835,29,28,1536,0,351,3,7,7,1,1,-52,0,555,6731,100,100,1,0,0
1835,11,5,768,0,424,7,2,7,1,2,-70,1,1111,11201,114,100,2,0,0
1834,15,9,1024,0,354,3,120,7,1,1,-70,3,1699,13850,115,100,4,1,3
1834,7,3,768,10,321,7,13,7,1,3,-70,0,285,5770,74,100,1,0,0
1835,21,15,1280,0,403,3,4,7,1,1,-70,2,801,8587,113,100,2,0,0
1835,24,18,1280,0,350,4,10,7,1,1,-70,2,1268,12646,98,100,2,0,0
1834,13,9,1024,10,345,6,16,7,1,2,-70,1,897,9058,72,100,3,0,0
1833,27,22,1536,10,340,3,8,5,1,1,-52,0,392,6141,92,100,1,0,0
1837,1,0,256,0,12,0,0,3,0,0,0,10,3468,31164,3016,100,2,0,0
1838,2,3,768,0,363,5,5,5,1,2,-52,0,847,7719,109,100,2,0,0
1834,31,30,1792,0,359,6,11,5,1,2,-52,0,463,7486,85,100,2,0,0
1838,3,1,512,0,340,7,4,7,1,1,-76,2,1007,12290,122,100,1,0,0
1838,22,18,1280,0,340,4,7,7,1,1,-70,1,766,7582,94,100,1,0,0
1836,19,13,1280,0,371,5,19,7,1,3,-70,0,808,9945,66,100,3,0,0
1839,9,4,768,10,434,3,8,7,1,1,-52,6,1566,10742,119,100,2,0,0
1838,6,5,768,0,365,4,5,5,1,2,-52,0,554,6208,105,100,1,0,0
1837,25,21,1536,10,437,5,11,7,1,2,-70,0,854,10082,104,100,3,0,0
1839,7,3,768,0,322,7,13,7,1,3,-70,0,391,4902,74,100,1,0,0
1839,26,21,1536,0,377,3,5,7,1,1,-52,0,728,8819,104,100,2,0,0
1840,16,11,1024,0,439,4,5,7,1,2,-52,0,1085,11206,108,100,4,0,0
1840,14,8,1024,0,406,5,10,7,1,2,-70,1,1042,10828,105,100,2,0,0
1838,27,22,1536,0,340,3,8,5,1,1,-52,0,369,4549,92,100,1,0,0
1840,4,1,512,10,346,6,3,7,2,1,-61,10,4543,22994,122,100,1,0,0
1840,11,5,768,10,430,7,2,7,1,2,-70,1,1166,9287,114,100,2,0,0
1841,28,18,1280,0,345,2,4,7,1,1,-95,1,1319,15007,106,100,2,0,0
1840,24,18,1280,10,354,4,10,7,1,1,-70,2,930,6657,99,100,2,0,0
1841,20,14,1280,0,459,2,9,7,1,1,-70,0,574,7076,105,100,2,0,0
1840,10,5,768,10,445,2,10,7,1,1,-52,0,936,8478,100,100,3,0,0
1842,18,8,1024,40,378,3,7,7,1,1,-95,8,4119,30725,116,100,2,0,0
1842,8,4,768,0,356,4,10,7,2,2,-70,10,4716,27518,118,100,2,0,0
1842,15,9,1024,0,356,3,122,7,1,1,-70,3,1338,13056,115,100,3,1,3
1842,12,8,1024,0,366,4,6,7,1,2,-70,1,1265,13586,109,100,3,0,0
1839,30,24,1536,10,333,7,6,7,1,3,-70,1,860,9126,103,100,1,0,0
1843,5,1,512,10,424,7,1,7,1,1,-76,4,2918,23107,122,100,3,0,0
1843,17,12,1280,0,359,2,10,7,1,1,-52,0,778,9897,93,100,2,0,0
1843,23,18,1280,0,265,3,20,7,1,1,-52,0,859,9507,61,100,2,0,0
1842,13,9,1024,0,348,6,16,7,1,2,-70,1,1054,11182,73,100,2,0,0
1844,3,1,512,0,342,7,4,7,1,1,-76,2,987,11869,122,100,1,0,0
1845,9,4,768,20,437,3,8,7,1,1,-52,6,1751,12863,119,100,2,0,0
1846,29,28,1536,0,354,3,7,7,1,1,-52,0,818,10252,100,100,2,0,0
1843,26,21,1536,0,380,3,5,7,1,1,-52,0,639,4605,105,100,1,0,0
1845,28,18,1280,0,346,2,4,7,1,1,-95,1,694,7678,107,100,1,0,0
1843,19,13,1280,0,372,5,19,7,1,3,-70,0,411,6541,66,100,2,0,0
1846,18,8,1024,20,380,3,7,7,1,1,-95,8,1686,12232,117,100,1,0,0
1843,25,21,1536,20,444,5,11,7,1,2,-70,0,975,7233,104,100,3,0,0
1846,14,8,1024,0,408,5,10,7,1,2,-70,1,762,8173,105,100,2,0,0
1845,21,15,1280,0,408,3,4,7,1,1,-70,2,2437,21094,114,100,4,0,0
1846,22,18,1280,0,343,4,7,7,1,1,-70,1,1142,11153,95,100,2,0,0
1847,4,1,512,10,347,6,3,7,2,1,-61,10,5032,23145,122,100,1,0,0
1847,1,0,256,0,12,0,0,3,0,0,0,10,3088,26925,3037,100,2,0,0
1847,7,3,768,0,324,7,13,7,1,3,-70,0,674,8344,75,100,2,0,0
1849,17,12,1280,0,359,2,10,7,1,1,-52,0,318,4842,94,100,1,0,0
1849,2,3,768,0,367,5,5,5,1,2,-52,0,880,11093,109,100,2,0,0
1849,28,18,1280,0,349,2,4,7,1,1,-95,1,719,6987,107,100,0,0,0
1849,6,5,768,0,369,4,5,5,1,2,-52,0,856,9934,105,100,2,0,0
1850,29,28,1536,0,357,3,7,7,1,1,-52,0,664,5485,101,100,1,0,0
1848,31,30,1792,10,363,6,11,5,1,2,-52,0,883,11114,86,100,2,0,0
1850,9,4,768,0,438,3,8,7,1,1,-52,6,1558,11883,120,100,1,0,0
1847,27,22,1536,0,340,3,8,5,1,1,-52,0,459,8568,93,100,1,0,0
1849,30,24,1536,10,339,7,6,7,1,3,-70,1,1697,14722,104,100,2,0,0
1850,21,15,1280,20,410,3,4,7,1,1,-70,2,752,8868,114,100,2,0,0
1850,11,5,768,20,433,7,2,7,1,2,-70,1,1175,15359,115,100,3,0,0
1851,14,8,1024,0,409,5,10,7,1,2,-70,1,645,6732,105,100,1,0,0
1850,16,11,1024,0,445,4,5,7,1,2,-52,0,1119,10704,109,100,4,0,0
1850,26,21,1536,0,381,3,5,7,1,1,-52,0,417,6724,105,100,1,0,0
1850,25,21,1536,0,446,5,11,7,1,2,-70,0,633,6496,104,100,1,0,0
1851,10,5,768,0,451,2,10,7,1,1,-52,0,1147,11235,101,100,3,0,0
1852,20,14,1280,10,461,2,9,7,1,1,-70,0,736,10530,105,100,4,0,0
1852,8,4,768,30,358,4,10,7,2,2,-70,10,4834,30189,119,100,2,0,0
1851,13,9,1024,0,351,6,16,7,1,2,-70,1,1188,10974,74,100,4,0,0
1852,24,18,1280,0,359,4,10,7,1,1,-70,2,2080,17389,100,100,2,0,0
1853,15,9,1024,0,358,3,124,7,1,1,-70,3,2317,20228,116,100,4,1,3
1853,12,8,1024,0,370,4,6,7,1,2,-70,1,1430,17073,109,100,1,0,0
1852,22,18,1280,0,345,4,7,7,1,1,-70,1,794,8021,95,100,1,0,0
1854,5,1,512,0,433,7,1,7,1,1,-76,4,3140,27829,123,100,4,0,0
1852,23,18,1280,0,268,3,20,7,1,1,-52,0,784,8949,62,100,2,0,0
1854,18,8,1024,0,380,3,7,7,1,1,-95,8,3059,24103,117,100,1,0,0
1854,9,4,768,10,440,3,8,7,1,1,-52,6,1525,9355,120,100,1,0,0
1852,19,13,1280,0,375,5,19,7,1,3,-70,0,778,8581,67,100,3,0,0
1855,3,1,512,0,347,7,4,7,1,1,-76,2,1926,21096,123,100,3,0,0
1855,13,9,1024,0,352,6,16,7,1,2,-70,1,483,5436,74,100,0,0,0
1857,20,14,1280,0,464,2,9,7,1,1,-70,0,562,4853,106,100,1,0,0
1856,26,21,1536,10,382,3,5,7,1,1,-52,0,286,5478,105,100,1,0,0
1856,31,30,1792,0,365,6,11,5,1,2,-52,0,679,8057,86,100,2,0,0
1857,25,21,1536,0,448,5,11,7,1,2,-70,0,648,6296,105,100,3,0,0
1857,17,12,1280,0,360,2,10,7,1,1,-52,0,487,8070,94,100,1,0,0
1858,1,0,256,0,13,0,0,3,0,0,0,10,3150,27646,3059,100,3,0,0
1857,7,3,768,0,327,7,13,7,1,3,-70,0,756,9744,75,100,1,0,0
1858,4,1,512,10,351,7,5,7,2,1,-61,10,7674,38073,123,100,4,0,0
1859,9,4,768,10,442,3,8,7,1,1,-52,6,1420,10478,120,100,1,0,0
1858,10,5,768,0,455,2,10,7,1,1,-52,0,765,6865,102,100,2,0,0
1858,23,18,1280,0,268,3,20,7,1,1,-52,0,352,5929,62,100,1,0,0
1858,21,15,1280,10,411,3,4,7,1,1,-70,2,1475,15197,114,100,1,0,0
1859,6,5,768,10,373,4,5,5,1,2,-52,0,882,9097,106,100,3,0,0
1858,2,3,768,10,370,5,5,5,1,2,-52,0,776,9388,110,100,3,0,0
1859,27,22,1536,10,343,3,8,5,1,1,-52,0,783,9170,94,100,2,0,0
1858,16,11,1024,0,449,4,5,7,1,2,-52,0,796,9482,110,100,1,0,0
1860,14,8,1024,0,413,5,10,7,1,2,-70,1,1554,12370,106,100,3,0,0
1858,28,18,1280,0,352,2,4,7,1,1,-95,1,1186,15660,108,100,2,0,0
1859,8,4,768,0,362,4,10,7,2,2,-70,10,4045,22727,119,100,3,0,0
1859,29,28,1536,0,360,3,7,7,1,1,-52,0,728,9049,101,100,2,0,0
1859,22,18,1280,10,346,4,7,7,1,1,-70,1,835,9085,96,100,1,0,0
1860,30,24,1536,0,340,7,6,7,1,3,-70,1,1027,12969,105,100,2,0,0
1861,24,18,1280,0,361,4,10,7,1,1,-70,2,1096,11973,100,100,1,0,0
1862,11,5,768,0,438,7,2,7,1,2,-70,1,1747,19053,116,100,4,0,0
1862,1,0,256,0,14,0,0,3,0,0,0,10,1471,12305,3068,100,1,0,0
1862,15,9,1024,0,361,4,127,7,1,1,-70,3,2032,18636,117,100,5,1,3
1863,21,15,1280,0,413,3,4,7,1,1,-70,2,778,9008,115,100,2,0,0
1864,3,1,512,0,351,8,4,7,1,1,-76,2,1732,17528,124,100,3,0,0
1864,20,14,1280,0,469,2,9,7,1,1,-70,0,912,7265,106,100,3,0,0
1865,18,8,1024,10,382,3,7,7,1,1,-95,8,3343,28344,118,100,2,0,0
1861,19,13,1280,10,380,5,19,7,1,3,-70,0,960,9843,68,100,3,0,0
1865,12,8,1024,0,371,4,6,7,1,2,-70,1,1243,18166,110,100,3,0,0
1865,5,1,512,10,437,8,1,7,1,1,-76,4,2827,25271,124,100,3,0,0
1863,8,4,768,10,363,4,10,7,2,2,-70,10,2040,12589,119,100,1,0,0
1864,2,3,768,0,375,5,5,5,1,2,-52,0,837,6782,110,100,2,0,0
1864,27,22,1536,0,345,3,8,5,1,1,-52,0,500,5232,94,100,1,0,0
1864,30,24,1536,10,340,7,6,7,1,3,-70,1,348,5025,105,100,1,0,0
1865,4,1,512,10,353,7,5,7,2,1,-61,10,5183,24703,124,100,2,0,0
1865,25,21,1536,0,452,5,11,7,1,2,-70,0,733,8273,105,100,2,0,0
1866,10,5,768,10,458,2,10,7,1,1,-52,0,600,7315,102,100,2,0,0
1865,7,3,768,0,327,7,13,7,1,3,-70,0,460,7370,76,100,2,0,0
1865,26,21,1536,0,384,3,5,7,1,1,-52,0,809,9732,106,100,2,0,0
1865,16,11,1024,10,453,4,5,7,1,2,-52,0,799,6415,110,100,4,0,0
1866,13,9,1024,0,355,6,16,7,1,2,-70,1,1269,13656,74,100,4,0,0
1865,31,30,1792,0,369,6,11,5,1,2,-52,0,794,9011,87,100,1,0,0
1867,17,12,1280,0,365,2,10,7,1,1,-52,0,1022,10357,95,100,2,0,0
1867,22,18,1280,0,348,4,7,7,1,1,-70,1,994,10613,96,100,2,0,0
1867,6,5,768,0,378,5,5,5,1,2,-52,0,1088,9709,107,100,4,0,0
1867,21,15,1280,10,416,3,4,7,1,1,-70,2,1111,9122,115,100,2,0,0
1867,24,18,1280,0,362,4,10,7,1,1,-70,2,966,8840,101,100,1,0,0
1868,23,18,1280,0,271,3,20,7,1,1,-52,0,711,8925,63,100,1,0,0
1868,9,4,768,10,445,3,8,7,1,1,-52,6,3065,22020,121,100,4,0,0
1868,27,22,1536,0,346,3,8,5,1,1,-52,0,368,4137,94,100,1,0,0
1869,3,1,512,0,354,8,4,7,1,1,-76,2,1244,10217,124,100,2,0,0
1868,15,9,1024,10,362,4,129,7,1,1,-70,3,1281,10328,117,100,3,1,3
1870,18,8,1024,30,382,3,7,7,1,1,-95,8,1978,14206,118,100,1,0,0
1869,28,18,1280,0,354,2,4,7,1,1,-95,1,1062,14639,108,100,2,0,0
1869,29,28,1536,0,361,3,7,7,1,1,-52,0,594,9160,102,100,2,0,0
1871,14,8,1024,0,417,5,10,7,1,2,-70,1,1404,14014,107,100,4,0,0
1868,19,13,1280,0,384,5,19,7,1,3,-70,0,658,6562,68,100,2,0,0
1870,8,4,768,20,365,4,10,7,2,2,-70,10,3064,16876,120,100,2,0,0
1872,13,9,1024,0,355,6,16,7,1,2,-70,1,637,7393,75,100,1,0,0
1871,25,21,1536,0,456,5,11,7,1,2,-70,0,759,5869,106,100,3,0,0
1872,1,0,256,0,15,0,0,3,0,0,0,10,3001,25991,3087,100,3,0,0
1873,12,8,1024,0,373,4,6,7,1,2,-70,1,990,12793,111,100,1,0,0
1873,5,1,512,0,439,8,1,7,1,1,-76,4,1908,18949,125,100,3,0,0
1872,11,5,768,0,439,8,2,7,1,2,-70,1,1160,16498,116,100,3,0,0
1872,7,3,768,0,330,8,13,7,1,3,-70,0,740,7231,77,100,1,0,0
1874,24,18,1280,10,363,4,10,7,1,1,-70,2,627,7574,101,100,1,0,0
1873,10,5,768,0,459,2,10,7,1,1,-52,0,588,8011,103,100,3,0,0
1872,31,30,1792,0,369,6,11,5,1,2,-52,0,310,6226,87,100,1,0,0
1874,26,21,1536,0,385,3,5,7,1,1,-52,0,473,7698,107,100,1,0,0
1875,3,1,512,20,356,8,4,7,1,1,-76,2,1096,12117,124,100,1,0,0
1875,4,1,512,20,357,7,5,7,2,1,-61,10,6703,33231,124,100,1,0,0
1874,2,3,768,0,378,7,5,5,1,2,-52,0,959,10122,111,100,3,0,0
1875,20,14,1280,0,474,2,9,7,1,1,-70,0,1034,11245,107,100,4,0,0
1877,23,18,1280,0,274,3,20,7,1,1,-52,0,729,7868,63,100,2,0,0
1876,17,12,1280,0,367,2,10,7,1,1,-52,0,606,8875,96,100,1,0,0
1875,16,11,1024,10,454,5,5,7,1,2,-52,0,572,9433,111,100,2,0,0
1875,30,24,1536,0,342,7,6,7,1,3,-70,1,1348,14769,106,100,2,0,0
1877,18,8,1024,0,386,3,7,7,1,1,-95,8,2934,21925,119,100,2,0,0
1877,7,3,768,10,332,8,13,7,1,3,-70,0,390,5002,77,100,1,0,0
1877,6,5,768,0,383,5,5,5,1,2,-52,0,867,9673,107,100,1,0,0
1876,21,15,1280,0,422,3,4,7,1,1,-70,2,2034,19087,116,100,4,0,0
1878,11,5,768,0,441,8,2,7,1,2,-70,1,793,8617,117,100,2,0,0
1879,22,18,1280,0,352,4,7,7,1,1,-70,1,1232,13871,97,100,1,0,0
1877,29,28,1536,10,363,3,7,7,1,1,-52,0,497,8379,103,100,1,0,0
1877,15,9,1024,10,364,4,131,7,1,1,-70,3,1644,16228,118,100,4,1,3
1879,5,1,512,0,441,8,1,7,1,1,-76,4,2054,15757,125,100,3,0,0
1879,24,18,1280,0,366,4,10,7,1,1,-70,2,951,6752,101,100,1,0,0
1878,27,22,1536,0,347,3,8,5,1,1,-52,0,496,9114,95,100,1,0,0
1877,19,13,1280,10,389,5,19,7,1,3,-70,0,1093,9194,69,100,4,0,0
1880,1,0,256,0,15,0,0,3,0,0,0,10,2256,20069,3102,100,2,0,0
1879,25,21,1536,0,458,5,11,7,1,2,-70,0,616,7515,106,100,3,0,0
1880,12,8,1024,0,374,4,6,7,1,2,-70,1,930,12209,111,100,2,0,0
1880,9,4,768,10,452,3,8,7,1,1,-52,6,3886,27183,122,100,4,0,0
1880,3,1,512,10,359,8,5,7,1,1,-76,2,1367,11313,125,100,3,0,0
1881,28,18,1280,0,356,2,4,7,1,1,-95,1,1353,17948,109,100,2,0,0
1880,13,9,1024,0,362,6,16,7,1,2,-70,1,1655,12137,75,100,3,0,0
1881,2,3,768,0,383,7,5,5,1,2,-52,0,869,6867,112,100,2,0,0
1882,8,4,768,0,367,4,10,7,2,2,-70,10,4765,31558,120,100,2,0,0
1882,10,5,768,0,462,3,10,7,1,1,-52,0,597,8458,103,100,2,0,0
1883,14,8,1024,0,421,5,10,7,1,2,-70,1,1337,15422,108,100,4,0,0
1881,16,11,1024,0,456,5,5,7,1,2,-52,0,412,6104,111,100,2,0,0
1882,26,21,1536,0,387,3,5,7,1,1,-52,0,621,7788,107,100,2,0,0
1882,31,30,1792,0,372,6,11,5,1,2,-52,0,808,10095,88,100,2,0,0
1882,7,3,768,0,333,8,13,7,1,3,-70,0,498,5793,77,100,1,0,0
1883,20,14,1280,0,478,2,9,7,1,1,-70,0,728,7476,107,100,3,0,0
1882,30,24,1536,0,343,7,6,7,1,3,-70,1,812,9456,106,100,1,0,0
1884,6,5,768,0,386,5,5,5,1,2,-52,0,775,7744,108,100,3,0,0
1885,3,1,512,0,360,8,5,7,1,1,-76,2,1059,10048,125,100,1,0,0
1886,5,1,512,0,443,8,1,7,1,1,-76,4,1487,14773,125,100,2,0,0
1885,4,1,512,20,361,7,5,7,2,1,-61,10,6590,33769,125,100,2,0,0
1884,21,15,1280,0,425,3,4,7,1,1,-70,2,1337,14724,116,100,2,0,0
1886,24,18,1280,0,368,4,10,7,1,1,-70,2,1343,10446,102,100,2,0,0
1886,27,22,1536,10,348,3,8,5,1,1,-52,0,513,6303,96,100,2,0,0
1886,23,18,1280,0,277,3,20,7,1,1,-52,0,711,9517,64,100,1,0,0
1886,11,5,768,0,444,8,2,7,1,2,-70,1,1062,13940,117,100,2,0,0
1886,29,28,1536,0,364,3,7,7,1,1,-52,0,622,7936,103,100,2,0,0
1887,12,8,1024,10,376,4,6,7,1,2,-70,1,748,11321,112,100,1,0,0
1887,28,18,1280,0,357,2,4,7,1,1,-95,1,717,9596,110,100,1,0,0
1887,17,12,1280,0,371,2,10,7,1,1,-52,0,859,10658,96,100,2,0,0
1888,18,8,1024,0,388,3,7,7,1,1,-95,8,4077,30602,120,100,2,0,0
1887,7,3,768,0,334,8,13,7,1,3,-70,0,422,4482,78,100,1,0,0
1888,13,9,1024,10,366,6,16,7,1,2,-70,1,993,10281,76,100,3,0,0
1888,8,4,768,10,367,4,10,7,2,2,-70,10,3505,19601,121,100,1,0,0
1888,14,8,1024,0,424,5,10,7,1,2,-70,1,991,8311,108,100,2,0,0
1887,15,9,1024,10,366,4,134,7,1,1,-70,3,1622,16589,118,100,5,1,3
1889,22,18,1280,0,354,4,7,7,1,1,-70,1,1242,12882,97,100,2,0,0
1888,9,4,768,20,457,3,8,7,1,1,-52,6,2260,17866,122,100,4,0,0
1887,31,30,1792,10,375,6,11,5,1,2,-52,0,477,5233,88,100,1,0,0
1889,6,5,768,0,388,5,5,5,1,2,-52,0,473,4865,108,100,1,0,0
1890,2,3,768,0,384,7,5,5,1,2,-52,0,511,8154,112,100,2,0,0
1888,25,21,1536,0,461,5,11,7,1,2,-70,0,803,9133,107,100,3,0,0
1890,1,0,256,0,15,0,0,3,0,0,0,10,3182,28122,3124,100,2,0,0
1891,3,1,512,0,360,8,5,7,1,1,-76,2,868,10357,125,100,1,0,0
1888,19,13,1280,0,393,5,19,7,1,3,-70,0,873,10334,69,100,4,0,0
1891,20,14,1280,0,481,2,9,7,1,1,-70,0,778,8015,108,100,3,0,0
1891,16,11,1024,0,461,5,5,7,1,2,-52,0,1093,9695,112,100,4,0,0
1892,12,8,1024,0,379,4,6,7,1,2,-70,1,823,7052,112,100,1,0,0
1892,28,18,1280,0,358,2,4,7,1,1,-95,1,574,7014,110,100,1,0,0
1891,15,9,1024,0,367,4,135,7,1,1,-70,3,899,7762,119,100,1,1,3
1893,8,4,768,0,368,4,10,7,2,2,-70,10,2138,13388,121,100,1,0,0
1893,10,5,768,0,464,3,10,7,1,1,-52,0,865,10841,104,100,4,0,0
1894,29,28,1536,0,367,3,7,7,1,1,-52,0,663,7115,104,100,1,0,0
1891,26,21,1536,0,390,3,5,7,1,1,-52,0,808,10474,108,100,2,0,0
1894,14,8,1024,0,426,5,10,7,1,2,-70,1,732,7071,108,100,2,0,0
1894,23,18,1280,0,279,3,20,7,1,1,-52,0,677,8001,65,100,2,0,0
1894,9,4,768,10,460,3,8,7,1,1,-52,6,2141,13546,123,100,2,0,0
1893,21,15,1280,0,429,3,4,7,1,1,-70,2,1711,16940,117,100,3,0,0
1894,30,24,1536,10,345,7,6,7,1,3,-70,1,1306,15119,107,100,2,0,0
1894,13,9,1024,0,369,6,16,7,1,2,-70,1,1097,9177,76,100,2,0,0
1896,3,1,512,20,360,8,5,7,1,1,-76,2,758,9934,126,100,1,0,0
1894,31,30,1792,0,377,6,11,5,1,2,-52,0,678,6635,89,100,2,0,0
1897,27,22,1536,0,351,3,8,5,1,1,-52,0,711,10329,96,100,1,0,0
1895,2,3,768,0,387,7,5,5,1,2,-52,0,661,5969,113,100,1,0,0
1896,4,1,512,0,362,7,5,7,2,1,-61,10,7850,37896,126,100,2,0,0
1896,12,8,1024,10,380,4,6,7,1,2,-70,1,466,7259,112,100,1,0,0
1896,15,9,1024,0,369,4,136,7,1,1,-70,3,981,8492,119,100,2,1,3
1897,18,8,1024,30,391,4,7,7,1,1,-95,8,3055,24150,120,100,1,0,0
1898,5,1,512,0,448,8,1,7,1,1,-76,4,2794,27128,126,100,4,0,0
1896,20,14,1280,0,482,2,9,7,1,1,-70,0,387,5251,108,100,2,0,0
1896,24,18,1280,0,370,4,10,7,1,1,-70,2,1250,13705,102,100,1,0,0
1897,17,12,1280,0,373,2,10,7,1,1,-52,0,702,9725,97,100,2,0,0
1898,11,5,768,0,450,8,2,7,1,2,-70,1,1553,17286,118,100,4,0,0
1897,28,18,1280,0,358,2,4,7,1,1,-95,1,608,7953,110,100,1,0,0
1897,22,18,1280,0,354,4,7,7,1,1,-70,1,814,10962,98,100,2,0,0
1898,1,0,256,0,15,0,0,3,0,0,0,10,2069,20210,3137,100,1,0,0
1899,10,5,768,0,467,3,10,7,1,1,-52,0,601,5691,104,100,2,0,0
1898,23,18,1280,0,281,3,20,7,1,1,-52,0,476,4177,65,100,1,0,0
1896,25,21,1536,10,467,5,11,7,1,2,-70,0,997,9070,108,100,3,0,0
1898,16,11,1024,0,463,5,5,7,1,2,-52,0,616,7366,112,100,3,0,0
1899,7,3,768,0,341,8,13,7,1,3,-70,0,1201,12184,78,100,2,0,0
1898,19,13,1280,0,399,5,19,7,1,3,-70,0,1118,10361,70,100,4,0,0
1898,30,24,1536,0,345,7,6,7,1,3,-70,1,475,5282,107,100,1,0,0
1901,6,5,768,0,391,5,5,5,1,2,-52,0,829,11292,109,100,2,0,0
1900,13,9,1024,0,373,6,16,7,1,2,-70,1,1231,9811,77,100,4,0,0
1902,20,14,1280,0,484,2,9,7,1,1,-70,0,526,5011,109,100,2,0,0
1900,31,30,1792,0,379,6,11,5,1,2,-52,0,500,6037,89,100,1,0,0
1903,28,18,1280,0,359,2,4,7,1,1,-95,1,562,8719,111,100,1,0,0
1901,21,15,1280,0,433,3,4,7,1,1,-70,2,1314,14560,117,100,3,0,0
1903,23,18,1280,0,282,3,20,7,1,1,-52,0,369,4389,65,100,1,0,0
1902,4,1,512,10,363,7,5,7,2,1,-61,10,4421,21282,126,100,1,0,0
1901,15,9,1024,10,370,4,138,7,1,1,-70,3,943,9228,119,100,3,1,3
1904,5,1,512,0,449,8,1,7,1,1,-76,4,1695,14405,127,100,2,0,0
1904,18,8,1024,10,395,4,7,7,1,1,-95,8,2956,20236,121,100,2,0,0
1903,2,3,768,0,388,7,5,5,1,2,-52,0,414,7338,113,100,1,0,0
1904,8,4,768,0,369,4,10,7,2,2,-70,10,5577,31672,122,100,2,0,0
1904,14,8,1024,0,431,5,10,7,1,2,-70,1,1635,14169,109,100,4,0,0
1903,22,18,1280,0,354,4,7,7,1,1,-70,1,571,8687,99,100,1,0,0
1900,26,21,1536,10,392,3,5,7,1,1,-52,0,549,8845,109,100,1,0,0
1903,30,24,1536,0,345,7,6,7,1,3,-70,1,584,6053,108,100,1,0,0
1904,10,5,768,0,468,3,10,7,1,1,-52,0,539,6259,105,100,3,0,0
1904,9,4,768,10,463,3,8,7,1,1,-52,6,3020,21730,123,100,4,0,0
1905,27,22,1536,0,352,3,8,5,1,1,-52,0,570,7638,97,100,2,0,0
1902,25,21,1536,0,469,5,11,7,1,2,-70,0,520,6010,108,100,2,0,0
1906,29,28,1536,0,371,3,7,7,1,1,-52,0,883,11318,104,100,2,0,0
1906,3,1,512,0,364,8,5,7,1,1,-76,2,1777,19457,126,100,1,0,0
1904,31,30,1792,0,380,6,11,5,1,2,-52,0,272,3879,89,100,0,0,0
1905,7,3,768,0,343,8,13,7,1,3,-70,0,555,6669,79,100,1,0,0
1906,17,12,1280,0,375,2,10,7,1,1,-52,0,702,8800,98,100,2,0,0
1906,24,18,1280,0,374,4,10,7,1,1,-70,2,1795,14331,103,100,2,0,0
1907,28,18,1280,0,359,2,4,7,1,1,-95,1,622,7441,111,100,1,0,0
1907,16,11,1024,0,467,5,5,7,1,2,-52,0,782,8299,113,100,3,0,0
1908,12,8,1024,0,383,4,6,7,1,2,-70,1,1593,18429,113,100,2,0,0
1908,1,0,256,0,15,0,0,3,0,0,0,10,2712,24414,3158,100,2,0,0
1908,8,4,768,0,370,4,10,7,2,2,-70,10,2363,12945,122,100,1,0,0
1908,11,5,768,0,452,8,2,7,1,2,-70,1,1339,16903,119,100,4,0,0
1908,5,1,512,0,451,8,2,7,1,1,-76,4,1376,12107,127,100,3,0,0
1909,14,8,1024,10,433,5,10,7,1,2,-70,1,449,5522,109,100,2,0,0
1906,26,21,1536,0,393,3,5,7,1,1,-52,0,450,6137,109,100,1,0,0
1910,29,28,1536,0,372,3,7,7,1,1,-52,0,426,4406,105,100,1,0,0
1910,23,18,1280,0,284,3,20,7,1,1,-52,0,580,7204,66,100,1,0,0
1909,6,5,768,0,394,5,5,5,1,2,-52,0,623,7737,109,100,2,0,0
1909,13,9,1024,0,376,6,16,7,1,2,-70,1,858,10595,77,100,2,0,0
1909,30,24,1536,0,348,7,6,7,1,3,-70,1,1036,9083,108,100,1,0,0
1910,20,14,1280,10,489,2,9,7,1,1,-70,0,833,8488,109,100,3,0,0
1910,22,18,1280,0,357,4,7,7,1,1,-70,1,927,8693,99,100,1,0,0
1909,19,13,1280,0,403,5,19,7,1,3,-70,0,808,10114,71,100,3,0,0
1910,3,1,512,0,365,8,5,7,1,1,-76,2,955,10402,127,100,1,0,0
1910,10,5,768,0,471,3,10,7,1,1,-52,0,493,6626,105,100,2,0,0
1911,4,1,512,20,364,7,5,7,2,1,-61,10,6030,28853,127,100,2,0,0
1912,18,8,1024,0,395,4,7,7,1,1,-95,8,3136,22911,121,100,1,0,0
1911,7,3,768,0,343,8,13,7,1,3,-70,0,283,5561,79,100,1,0,0
1911,17,12,1280,0,375,2,10,7,1,1,-52,0,262,4692,98,100,1,0,0
1912,24,18,1280,10,374,4,10,7,1,1,-70,2,789,7806,104,100,1,0,0
1911,9,4,768,10,465,3,8,7,1,1,-52,6,1846,16453,124,100,2,0,0
1910,21,15,1280,0,437,3,4,7,1,1,-70,2,1911,19169,118,100,4,0,0
1912,2,3,768,0,395,7,5,5,1,2,-52,0,1227,9725,114,100,3,0,0
1912,12,8,1024,10,386,4,6,7,1,2,-70,1,795,8241,113,100,1,0,0
1911,25,21,1536,0,473,5,11,7,1,2,-70,0,880,8562,109,100,4,0,0
1913,1,0,256,0,15,0,0,3,0,0,0,10,1613,14983,3168,100,1,0,0
1913,14,8,1024,0,436,5,10,7,1,2,-70,1,1097,7895,110,100,2,0,0
1914,8,4,768,0,373,4,10,7,2,2,-70,10,3217,17292,123,100,1,0,0
1913,15,9,1024,0,371,4,140,7,1,1,-70,3,2251,20035,120,100,4,1,3
1914,3,1,512,0,367,8,5,7,1,1,-76,2,917,8342,127,100,1,0,0
1915,5,1,512,0,454,8,2,7,1,1,-76,4,1411,15278,127,100,2,0,0
1914,31,30,1792,0,382,6,11,5,1,2,-52,0,701,9429,90,100,2,0,0
1917,27,22,1536,0,357,3,8,5,1,1,-52,0,1046,11454,98,100,2,0,0
1917,29,28,1536,10,375,3,7,7,1,1,-52,0,524,6650,105,100,1,0,0
1916,7,3,768,0,344,8,13,7,1,3,-70,0,422,4377,80,100,1,0,0
1913,26,21,1536,10,396,3,5,7,1,1,-52,0,597,6471,109,100,2,0,0
1915,16,11,1024,10,470,5,5,7,1,2,-52,0,695,8988,114,100,3,0,0
1917,17,12,1280,0,375,2,10,7,1,1,-52,0,310,5833,98,100,1,0,0
1918,8,4,768,0,374,4,10,7,2,2,-70,10,1968,11771,123,100,1,0,0
1918,9,4,768,10,466,3,8,7,1,1,-52,6,1433,12667,124,100,1,0,0
1918,30,24,1536,0,348,7,6,7,1,3,-70,1,713,10754,109,100,1,0,0
1917,6,5,768,0,396,5,5,5,1,2,-52,0,698,8811,110,100,2,0,0
1919,28,18,1280,0,362,2,4,7,1,1,-95,1,1421,18327,112,100,2,0,0
1918,11,5,768,0,457,8,2,7,1,2,-70,1,1482,16876,120,100,4,0,0
1919,15,9,1024,0,374,4,142,7,1,1,-70,3,1082,9846,121,100,3,1,3
1919,5,1,512,20,457,8,2,7,1,1,-76,4,1521,11212,128,100,2,0,0
1919,22,18,1280,20,359,4,7,7,1,1,-70,1,1014,11425,100,100,2,0,0
1920,20,14,1280,0,493,2,9,7,1,1,-70,0,910,9346,110,100,3,0,0
1920,29,28,1536,0,376,3,7,7,1,1,-52,0,477,4161,105,100,1,0,0
1917,25,21,1536,0,474,5,11,7,1,2,-70,0,388,5513,109,100,2,0,0
1920,4,1,512,20,367,7,5,7,2,1,-61,10,6730,32618,127,100,2,0,0
1918,10,5,768,0,474,3,10,7,1,1,-52,0,805,9200,106,100,3,0,0
1921,23,18,1280,0,288,3,20,7,1,1,-52,0,859,10184,66,100,2,0,0
1920,18,8,1024,20,397,4,7,7,1,1,-95,8,3414,27070,122,100,2,0,0
1919,31,30,1792,0,382,6,11,5,1,2,-52,0,262,4347,90,100,1,0,0
1920,19,13,1280,0,409,5,19,7,1,3,-70,0,1092,10241,71,100,3,0,0
1920,13,9,1024,0,382,6,16,7,1,2,-70,1,1760,15702,78,100,4,0,0
1921,14,8,1024,0,439,6,10,7,1,2,-70,1,1056,11120,110,100,2,0,0
1922,24,18,1280,0,377,4,10,7,1,1,-70,2,1506,13354,104,100,2,0,0
1919,26,21,1536,0,398,3,5,7,1,1,-52,0,581,6391,110,100,1,0,0
1922,12,8,1024,0,387,4,6,7,1,2,-70,1,942,14749,114,100,1,0,0
1922,7,3,768,0,347,8,13,7,1,3,-70,0,604,6319,80,100,1,0,0
1922,2,3,768,0,399,7,5,5,1,2,-52,0,760,9601,114,100,1,0,0
1922,9,4,768,0,469,3,8,7,1,1,-52,6,2043,12049,125,100,3,0,0
1923,1,0,256,0,15,0,0,3,0,0,0,10,3071,26818,3189,100,2,0,0
1923,30,24,1536,10,349,7,6,7,1,3,-70,1,608,6480,109,100,1,0,0
1922,21,15,1280,0,440,3,4,7,1,1,-70,2,2110,22216,119,100,3,0,0
1923,11,5,768,0,459,8,2,7,1,2,-70,1,584,8182,120,100,1,0,0
1925,23,18,1280,0,289,3,20,7,1,1,-52,0,427,4403,67,100,1,0,0
1925,5,1,512,0,458,8,2,7,1,1,-76,4,1302,12687,128,100,1,0,0
1925,8,4,768,0,376,4,10,7,2,2,-70,10,3477,21358,123,100,1,0,0
1924,19,13,1280,0,410,5,19,7,1,3,-70,0,511,4471,72,100,1,0,0
1924,10,5,768,0,476,3,10,7,1,1,-52,0,499,5539,106,100,1,0,0
1924,27,22,1536,10,358,3,8,5,1,1,-52,0,515,8074,98,100,2,0,0
1927,3,1,512,0,371,8,5,7,1,1,-76,2,2110,23636,128,100,2,0,0
1925,28,18,1280,10,364,2,4,7,1,1,-95,1,917,10930,112,100,1,0,0
1925,6,5,768,0,400,5,5,5,1,2,-52,0,735,8439,110,100,1,0,0
1926,17,12,1280,0,377,2,10,7,1,1,-52,0,580,8785,99,100,1,0,0
1926,18,8,1024,20,400,4,7,7,1,1,-95,8,2528,18158,122,100,1,0,0
1928,4,1,512,40,369,7,5,7,2,1,-61,10,4810,23801,128,100,1,0,0
1926,16,11,1024,10,474,5,5,7,1,2,-52,0,955,10908,114,100,4,0,0
1926,24,18,1280,0,377,4,11,7,1,1,-70,2,709,7465,105,100,2,0,0
1926,22,18,1280,0,364,4,7,7,1,1,-70,1,1375,10739,100,100,1,0,0
1928,2,3,768,0,400,7,5,5,1,2,-52,0,519,5332,115,100,2,0,0
1927,15,9,1024,0,374,4,144,7,1,1,-70,3,1425,14355,121,100,4,1,3
1926,13,9,1024,0,384,6,16,7,1,2,-70,1,938,8516,79,100,2,0,0
1926,25,21,1536,0,477,5,11,7,1,2,-70,0,779,8019,110,100,3,0,0
1930,20,14,1280,0,499,2,9,7,1,1,-70,0,1123,10271,111,100,3,0,0
1929,9,4,768,0,471,3,9,7,1,1,-52,6,1883,15364,125,100,3,0,0
1931,29,28,1536,0,378,3,7,7,1,1,-52,0,701,10124,106,100,2,0,0
1929,21,15,1280,0,444,3,4,7,1,1,-70,2,1332,13786,119,100,3,0,0
1930,6,5,768,0,402,5,5,5,1,2,-52,0,529,5247,111,100,1,0,0
1931,31,30,1792,0,383,6,11,5,1,2,-52,0,619,11149,91,100,2,0,0
1932,1,0,256,0,15,0,0,3,0,0,0,10,2369,21893,3209,100,2,0,0
1931,27,22,1536,0,360,3,8,5,1,1,-52,0,580,7247,99,100,1,0,0
1932,7,3,768,0,350,8,13,7,1,3,-70,0,805,9765,81,100,2,0,0
1932,17,12,1280,0,380,2,10,7,1,1,-52,0,704,5967,99,100,2,0,0
1931,10,5,768,0,477,3,10,7,1,1,-52,0,483,6771,106,100,3,0,0
1932,12,8,1024,10,387,4,6,7,1,2,-70,1,1077,16088,115,100,2,0,0
1933,28,18,1280,0,366,2,4,7,1,1,-95,1,849,11265,113,100,1,0,0
1930,16,11,1024,20,476,5,5,7,1,2,-52,0,382,4132,115,100,0,0,0
1932,26,21,1536,0,401,3,5,7,1,1,-52,0,802,10922,111,100,3,0,0
1933,14,8,1024,10,441,6,10,7,1,2,-70,1,1227,15584,111,100,3,0,0
1933,5,1,512,0,460,8,2,7,1,1,-76,4,2381,21514,129,100,3,0,0
1934,9,4,768,0,471,3,9,7,1,1,-52,6,929,8520,125,100,1,0,0
1934,23,18,1280,0,291,3,20,7,1,1,-52,0,548,9583,67,100,1,0,0
1933,15,9,1024,10,376,4,145,7,1,1,-70,3,1314,12054,122,100,2,1,3
1933,11,5,768,0,464,8,2,7,1,2,-70,1,1591,16952,121,100,3,0,0
1934,20,14,1280,0,502,2,9,7,1,1,-70,0,603,5579,111,100,2,0,0
1934,3,1,512,0,375,8,5,7,1,1,-76,2,1642,16001,128,100,2,0,0
1935,30,24,1536,0,351,7,6,7,1,3,-70,1,1172,14625,110,100,2,0,0
1935,2,3,768,0,403,7,5,5,1,2,-52,0,628,7352,115,100,1,0,0
1934,22,18,1280,0,366,4,7,7,1,1,-70,1,1187,11420,101,100,2,0,0
1936,8,4,768,0,378,4,10,7,2,2,-70,10,5251,30456,124,100,2,0,0
1934,21,15,1280,0,446,3,4,7,1,1,-70,2,819,9071,120,100,1,0,0
1935,10,5,768,0,479,3,10,7,1,1,-52,0,429,4413,107,100,1,0,0
1935,19,13,1280,0,415,5,19,7,1,3,-70,0,1080,11034,72,100,4,0,0
1937,24,18,1280,0,378,4,11,7,1,1,-70,2,1192,14378,105,100,2,0,0
1938,18,8,1024,0,402,4,7,7,1,1,-95,8,3715,30689,123,100,2,0,0
1935,25,21,1536,0,480,5,11,7,1,2,-70,0,650,9546,110,100,2,0,0
1937,13,9,1024,10,389,6,16,7,1,2,-70,1,1339,13766,79,100,3,0,0
1938,3,1,512,0,376,8,5,7,1,1,-76,2,734,8240,129,100,1,0,0
1939,17,12,1280,0,380,2,10,7,1,1,-52,0,342,6300,100,100,1,0,0
1939,1,0,256,0,15,0,0,3,0,0,0,10,2097,18815,3222,100,1,0,0
1939,4,1,512,30,371,7,5,7,2,1,-61,10,8040,39974,129,100,2,0,0
1939,29,28,1536,0,379,3,7,7,1,1,-52,0,474,7387,107,100,1,0,0
1939,20,14,1280,0,504,2,9,7,1,1,-70,0,373,4631,111,100,1,0,0
1939,27,22,1536,0,362,3,8,5,1,1,-52,0,523,7296,99,100,1,0,0
1940,15,9,1024,10,378,4,147,7,1,1,-70,3,1240,11299,122,100,3,1,3
1940,7,3,768,20,351,8,13,7,1,3,-70,0,511,7686,81,100,2,0,0
1940,19,13,1280,10,417,5,19,7,1,3,-70,0,528,4580,73,100,2,0,0
1941,30,24,1536,0,352,7,6,7,1,3,-70,1,685,7768,110,100,1,0,0
1939,16,11,1024,10,480,5,5,7,1,2,-52,0,797,9002,115,100,4,0,0
1939,26,21,1536,0,404,3,5,7,1,1,-52,0,626,6765,111,100,2,0,0
1941,2,3,768,0,403,7,5,5,1,2,-52,0,339,5505,116,100,1,0,0
1941,12,8,1024,0,389,4,6,7,1,2,-70,1,1035,13165,115,100,2,0,0
1942,28,18,1280,0,368,2,4,7,1,1,-95,1,1061,13995,113,100,2,0,0
1942,31,30,1792,0,389,6,11,5,1,2,-52,0,1130,10546,92,100,2,0,0
1942,23,18,1280,0,293,3,20,7,1,1,-52,0,677,8154,68,100,2,0,0
1941,6,5,768,10,405,5,5,5,1,2,-52,0,749,10552,111,100,2,0,0
1941,11,5,768,0,469,8,2,7,1,2,-70,1,1291,12752,121,100,3,0,0
1942,22,18,1280,0,368,4,7,7,1,1,-70,1,861,10078,101,100,1,0,0
1943,20,14,1280,0,505,2,9,7,1,1,-70,0,369,4168,111,100,0,0,0
1943,29,28,1536,0,381,3,7,7,1,1,-52,0,662,5271,107,100,2,0,0
1941,25,21,1536,0,482,5,11,7,1,2,-70,0,551,5807,111,100,1,0,0
1943,9,4,768,0,476,4,9,7,1,1,-52,6,3548,23061,126,100,4,0,0
1944,5,1,512,10,466,8,2,7,1,1,-76,4,2731,23965,129,100,4,0,0
1945,4,1,512,10,372,7,5,7,2,1,-61,10,3727,18266,129,100,1,0,0
1945,8,4,768,10,380,4,10,7,2,2,-70,10,3890,24967,125,100,1,0,0
1945,14,8,1024,0,445,6,10,7,1,2,-70,1,1907,15887,112,100,6,0,0
1946,1,0,256,0,15,0,0,3,0,0,0,10,1605,15887,3233,100,1,0,0
1945,10,5,768,0,483,3,10,7,1,1,-52,0,846,9123,107,100,4,0,0
1946,2,3,768,0,403,7,5,5,1,2,-52,0,259,4094,116,100,1,0,0
1945,18,8,1024,10,402,4,7,7,1,1,-95,8,2453,20108,123,100,1,0,0
1945,13,9,1024,0,392,6,16,7,1,2,-70,1,1162,9891,80,100,4,0,0
1946,24,18,1280,0,379,4,12,7,1,1,-70,2,1322,12185,106,100,3,0,0
1945,16,11,1024,0,482,5,5,7,1,2,-52,0,602,5471,115,100,2,0,0
1947,3,1,512,0,377,8,5,7,1,1,-76,2,1469,17669,129,100,1,0,0
1947,21,15,1280,10,452,3,4,7,1,1,-70,2,2342,23139,120,100,5,0,0
1948,17,12,1280,0,381,2,10,7,1,1,-52,0,442,8352,100,100,1,0,0
1946,26,21,1536,0,406,3,5,7,1,1,-52,0,556,6742,112,100,1,0,0
1948,7,3,768,0,354,8,13,7,1,3,-70,0,685,7740,82,100,1,0,0
1949,6,5,768,0,405,5,5,5,1,2,-52,0,462,6529,112,100,2,0,0
1949,5,1,512,0,467,8,2,7,1,1,-76,4,1408,12278,130,100,1,0,0
1949,28,18,1280,0,370,2,4,7,1,1,-95,1,949,10514,114,100,2,0,0
1949,30,24,1536,0,356,7,6,7,1,3,-70,1,1243,10576,111,100,2,0,0
1948,25,21,1536,0,485,5,11,7,1,2,-70,0,699,5987,111,100,3,0,0
1950,8,4,768,20,382,4,10,7,2,2,-70,10,2518,14902,125,100,0,0,0
1949,27,22,1536,0,362,3,8,5,1,1,-52,0,486,9042,100,100,2,0,0
1949,19,13,1280,0,420,5,19,7,1,3,-70,0,640,9030,73,100,3,0,0
1950,29,28,1536,0,385,3,7,7,1,1,-52,0,756,6753,107,100,1,0,0
1949,15,9,1024,10,380,4,150,7,1,1,-70,3,1923,17009,123,100,5,1,3
1950,31,30,1792,10,392,6,11,5,1,2,-52,0,623,7382,92,100,2,0,0
1950,16,11,1024,0,485,5,5,7,1,2,-52,0,639,4900,116,100,1,0,0
1951,2,3,768,0,404,7,5,5,1,2,-52,0,390,4780,116,100,1,0,0
1951,11,5,768,0,472,8,2,7,1,2,-70,1,1403,14024,122,100,3,0,0
1950,13,9,1024,10,394,6,16,7,1,2,-70,1,738,7382,80,100,1,0,0
1952,23,18,1280,0,296,3,20,7,1,1,-52,0,808,9259,69,100,2,0,0
1951,10,5,768,0,485,3,10,7,1,1,-52,0,555,6132,108,100,1,0,0
1952,4,1,512,20,373,7,5,7,2,1,-61,10,4935,24546,129,100,1,0,0
1952,12,8,1024,0,391,4,6,7,1,2,-70,1,1202,17576,116,100,2,0,0
1952,14,8,1024,0,447,6,10,7,1,2,-70,1,688,9820,112,100,2,0,0
1954,1,0,256,0,15,0,0,3,0,0,0,10,2436,21200,3251,100,1,0,0
1953,22,18,1280,0,369,4,7,7,1,1,-70,1,1056,12417,102,100,2,0,0
1953,20,14,1280,0,509,2,10,7,1,1,-70,0,830,10050,112,100,4,0,0
1953,9,4,768,10,480,4,9,7,1,1,-52,6,2850,21508,127,100,4,0,0
1954,17,12,1280,0,383,2,10,7,1,1,-52,0,557,6356,101,100,1,0,0
1956,30,24,1536,0,358,7,6,7,1,3,-70,1,890,9130,111,100,1,0,0
1954,6,5,768,0,406,5,5,5,1,2,-52,0,390,6083,112,100,1,0,0
1955,3,1,512,0,380,8,5,7,1,1,-76,2,1430,16232,130,100,1,0,0
1956,18,8,1024,10,405,4,7,7,1,1,-95,8,3697,30472,124,100,2,0,0
1955,21,15,1280,0,454,3,5,7,1,1,-70,2,1330,17206,121,100,3,0,0
1954,25,21,1536,0,488,5,11,7,1,2,-70,0,836,7438,111,100,2,0,0
1957,24,18,1280,0,383,4,12,7,1,1,-70,2,1645,15054,107,100,2,0,0
1957,7,3,768,0,358,8,13,7,1,3,-70,0,856,9471,82,100,2,0,0
1957,4,1,512,20,374,7,5,7,2,1,-61,10,2951,15965,130,100,1,0,0
1957,28,18,1280,0,372,2,4,7,1,1,-95,1,996,13349,114,100,1,0,0
1957,13,9,1024,0,398,6,16,7,1,2,-70,1,997,9330,81,100,2,0,0
1958,5,1,512,10,473,8,2,7,1,1,-76,4,2521,21042,130,100,4,0,0
1957,11,5,768,10,477,8,2,7,1,2,-70,1,949,11159,122,100,3,0,0
1957,15,9,1024,10,382,4,151,7,1,1,-70,3,1423,14754,123,100,4,1,3
1957,26,21,1536,0,409,3,5,7,1,1,-52,0,770,10315,112,100,3,0,0
1959,20,14,1280,0,511,2,10,7,1,1,-70,0,653,5821,113,100,3,0,0
1959,16,11,1024,0,488,5,5,7,1,2,-52,0,740,8792,116,100,4,0,0
1958,12,8,1024,10,393,4,6,7,1,2,-70,1,851,10601,116,100,1,0,0
1960,1,0,256,0,15,0,0,3,0,0,0,10,1540,15934,3261,100,1,0,0
1958,17,12,1280,10,385,2,10,7,1,1,-52,0,370,4646,101,100,1,0,0
1958,19,13,1280,10,424,5,19,7,1,3,-70,0,883,8606,74,100,4,0,0
1960,27,22,1536,0,364,3,8,5,1,1,-52,0,645,9358,100,100,2,0,0
1959,10,5,768,0,492,3,10,7,1,1,-52,0,1143,9209,108,100,4,0,0
1960,8,4,768,10,386,4,10,7,2,2,-70,10,5184,30849,126,100,2,0,0
1960,29,28,1536,0,386,3,7,7,1,1,-52,0,594,9522,108,100,2,0,0
1960,6,5,768,0,408,5,5,5,1,2,-52,0,553,5915,113,100,1,0,0
1961,9,4,768,10,481,4,9,7,1,1,-52,6,1950,16021,127,100,2,0,0
1961,18,8,1024,40,407,4,7,7,1,1,-95,8,2047,15792,125,100,1,0,0
1961,14,8,1024,0,449,6,10,7,1,2,-70,1,1216,12179,113,100,3,0,0
1961,23,18,1280,0,299,3,20,7,1,1,-52,0,655,9543,69,100,1,0,0
1961,31,30,1792,0,395,6,11,5,1,2,-52,0,1145,11624,93,100,3,0,0
1962,2,3,768,0,405,7,5,5,1,2,-52,0,615,10839,117,100,2,0,0
1962,22,18,1280,0,372,4,7,7,1,1,-70,1,1141,11514,102,100,2,0,0
1961,21,15,1280,10,458,3,5,7,1,1,-70,2,1533,13045,121,100,3,0,0
1961,25,21,1536,10,493,5,11,7,1,2,-70,0,848,6551,112,100,2,0,0
1963,12,8,1024,0,394,4,6,7,1,2,-70,1,695,7242,117,100,1,0,0
1963,30,24,1536,0,362,7,6,7,1,3,-70,1,1188,10219,112,100,2,0,0
1964,7,3,768,0,359,8,13,7,1,3,-70,0,447,6653,83,100,1,0,0
1963,10,5,768,0,496,3,10,7,1,1,-52,0,481,4509,108,100,1,0,0
1963,11,5,768,10,480,8,2,7,1,2,-70,1,933,10631,123,100,2,0,0
1965,5,1,512,10,475,8,2,7,1,1,-76,4,2302,18415,131,100,2,0,0
1965,19,13,1280,0,425,5,19,7,1,3,-70,0,412,6753,74,100,2,0,0
1965,13,9,1024,0,401,6,16,7,1,2,-70,1,1039,11056,81,100,3,0,0
1966,8,4,768,0,386,4,10,7,2,2,-70,10,2609,16496,126,100,1,0,0
1966,3,1,512,0,381,8,5,7,1,1,-76,2,1629,20751,131,100,2,0,0
1967,28,18,1280,0,376,2,4,7,1,1,-95,1,1275,14697,115,100,2,0,0
1967,17,12,1280,0,388,2,10,7,1,1,-52,0,917,9065,102,100,2,0,0
1967,22,18,1280,0,373,5,7,7,1,1,-70,1,671,7810,103,100,1,0,0
1967,9,4,768,20,486,4,9,7,1,1,-52,6,2172,15362,127,100,3,0,0
1967,23,18,1280,0,299,3,20,7,1,1,-52,0,342,5941,70,100,1,0,0
1968,7,3,768,0,361,8,13,7,1,3,-70,0,473,4381,83,100,1,0,0
1968,31,30,1792,0,396,6,11,5,1,2,-52,0,445,5816,94,100,2,0,0
1965,25,21,1536,0,494,5,11,7,1,2,-70,0,389,4008,112,100,2,0,0
1969,4,1,512,40,379,7,5,7,2,1,-61,10,8405,40552,131,100,2,0,0
1968,20,14,1280,0,515,2,10,7,1,1,-70,0,848,9464,113,100,4,0,0
1966,26,21,1536,0,415,3,5,7,1,1,-52,0,1100,9271,113,100,3,0,0
1968,24,18,1280,0,385,4,12,7,1,1,-70,2,1581,15853,107,100,2,0,0
1970,2,3,768,0,405,7,5,5,1,2,-52,0,284,6319,117,100,1,0,0
1970,1,0,256,0,15,0,0,3,0,0,0,10,2990,26257,3282,100,2,0,0
1968,15,9,1024,10,386,4,154,7,1,1,-70,3,2330,18670,124,100,6,1,3
1969,29,28,1536,0,386,3,7,7,1,1,-52,0,487,9538,109,100,2,0,0
1969,6,5,768,0,409,5,5,5,1,2,-52,0,508,9367,113,100,1,0,0
1971,27,22,1536,0,368,3,8,5,1,1,-52,0,933,10995,101,100,3,0,0
1971,17,12,1280,0,388,2,10,7,1,1,-52,0,263,3784,102,100,1,0,0
1971,5,1,512,0,479,8,2,7,1,1,-76,4,1395,14127,131,100,2,0,0
1971,8,4,768,0,387,4,10,7,2,2,-70,10,2400,14194,126,100,1,0,0
1971,16,11,1024,0,492,5,5,7,1,2,-52,0,927,11680,117,100,4,0,0
1972,14,8,1024,0,453,6,10,7,1,2,-70,1,1272,14141,114,100,3,0,0
1972,15,9,1024,0,389,4,155,7,1,1,-70,3,592,6489,124,100,2,1,3
1971,10,5,768,10,501,3,10,7,1,1,-52,0,991,9055,109,100,3,0,0
1972,18,8,1024,10,407,4,7,7,1,1,-95,8,3723,30454,125,100,2,0,0
1973,30,24,1536,0,364,7,6,7,1,3,-70,1,965,13295,112,100,1,0,0
1973,20,14,1280,0,518,2,10,7,1,1,-70,0,584,4865,113,100,1,0,0
1974,7,3,768,0,362,8,13,7,1,3,-70,0,390,5588,83,100,1,0,0
1973,11,5,768,0,482,8,2,7,1,2,-70,1,1073,14220,123,100,3,0,0
1973,21,15,1280,0,464,3,5,7,1,1,-70,2,2400,23153,122,100,4,0,0
1974,3,1,512,0,381,8,5,7,1,1,-76,2,1281,15174,131,100,2,0,0
1974,31,30,1792,0,398,6,11,5,1,2,-52,0,518,6933,94,100,2,0,0
1976,1,0,256,0,15,0,0,3,0,0,0,10,1432,13925,3295,100,1,0,0
1975,12,8,1024,0,395,4,6,7,1,2,-70,1,1244,18429,118,100,2,0,0
1976,2,3,768,0,410,7,5,5,1,2,-52,0,868,6566,118,100,2,0,0
1975,22,18,1280,0,377,5,7,7,1,1,-70,1,1210,11920,103,100,1,0,0
1974,25,21,1536,0,500,5,11,7,1,2,-70,0,896,8939,113,100,2,0,0
1976,13,9,1024,0,405,6,16,7,1,2,-70,1,1249,13509,82,100,4,0,0
1976,8,4,768,0,387,4,10,7,2,2,-70,10,2644,16053,127,100,1,0,0
1977,9,4,768,10,488,4,9,7,1,1,-52,6,2633,20753,128,100,3,0,0
1977,17,12,1280,0,388,2,10,7,1,1,-52,0,287,5409,102,100,1,0,0
1976,19,13,1280,0,430,5,19,7,1,3,-70,0,1035,11501,75,100,4,0,0
1977,29,28,1536,0,390,3,7,7,1,1,-52,0,738,8532,109,100,1,0,0
1978,28,18,1280,0,378,2,4,7,1,1,-95,1,1315,17923,116,100,2,0,0
1979,4,1,512,20,381,7,5,7,2,1,-61,10,6525,32952,131,100,2,0,0
1976,26,21,1536,10,420,3,5,7,1,1,-52,0,1017,10623,114,100,3,0,0
1978,23,18,1280,0,303,3,20,7,1,1,-52,0,929,11221,70,100,2,0,0
1978,16,11,1024,0,494,5,5,7,1,2,-52,0,551,7219,118,100,2,0,0
1979,12,8,1024,0,395,4,6,7,1,2,-70,1,559,6302,118,100,1,0,0
1979,5,1,512,10,481,8,2,7,1,1,-76,4,2223,19423,132,100,3,0,0
1979,24,18,1280,0,387,4,12,7,1,1,-70,2,1326,14527,108,100,2,0,0
1979,14,8,1024,0,456,6,10,7,1,2,-70,1,1084,10330,114,100,3,0,0
1978,6,5,768,0,410,5,5,5,1,2,-52,0,567,8695,114,100,2,0,0
1979,15,9,1024,0,391,4,157,7,1,1,-70,3,1409,12453,124,100,3,1,3
1981,1,0,256,0,15,0,0,3,0,0,0,10,1535,13635,3305,100,1,0,0
1980,11,5,768,10,487,8,2,7,1,2,-70,1,1347,12188,124,100,3,0,0
1980,13,9,1024,10,405,7,16,7,1,2,-70,1,555,5389,82,100,1,0,0
1982,8,4,768,0,388,4,10,7,2,2,-70,10,1839,11240,127,100,1,0,0
1981,20,14,1280,0,520,2,10,7,1,1,-70,0,569,7860,114,100,3,0,0
1981,27,22,1536,0,372,3,8,5,1,1,-52,0,916,10144,102,100,2,0,0
1981,10,5,768,0,505,3,10,7,1,1,-52,0,802,9536,110,100,3,0,0
1978,25,21,1536,0,501,5,11,7,1,2,-70,0,495,4467,113,100,2,0,0
1982,7,3,768,0,364,8,13,7,1,3,-70,0,577,8049,84,100,1,0,0
1982,3,1,512,10,382,8,5,7,1,1,-76,2,1272,15613,132,100,1,0,0
1982,2,3,768,10,412,7,5,5,1,2,-52,0,497,6129,118,100,1,0,0
1983,4,1,512,30,383,7,5,7,2,1,-61,10,2982,13733,132,100,1,0,0
1981,21,15,1280,0,467,3,5,7,1,1,-70,2,1557,14834,123,100,2,0,0
1982,18,8,1024,10,409,4,7,7,1,1,-95,8,3404,27607,126,100,2,0,0
1981,31,30,1792,0,399,6,11,5,1,2,-52,0,514,7169,94,100,2,0,0
1982,26,21,1536,0,421,3,5,7,1,1,-52,0,396,5600,114,100,1,0,0
1983,6,5,768,0,410,5,5,5,1,2,-52,0,259,4118,114,100,1,0,0
1983,23,18,1280,0,304,3,20,7,1,1,-52,0,450,4982,71,100,1,0,0
1982,29,28,1536,10,390,3,7,7,1,1,-52,0,318,4477,110,100,1,0,0
1985,30,24,1536,0,365,7,6,7,1,3,-70,1,1341,15351,113,100,3,0,0
1985,15,9,1024,10,394,4,158,7,1,1,-70,3,1548,10592,125,100,3,1,3
1985,22,18,1280,0,380,5,7,7,1,1,-70,1,1189,12562,104,100,2,0,0
1983,25,21,1536,0,502,5,11,7,1,2,-70,0,364,4680,113,100,2,0,0
1986,27,22,1536,0,374,3,8,5,1,1,-52,0,477,4903,102,100,1,0,0
1987,5,1,512,0,483,8,2,7,1,1,-76,4,1684,17286,132,100,3,0,0
1987,29,28,1536,0,391,3,7,7,1,1,-52,0,394,4450,110,100,1,0,0
1986,17,12,1280,10,393,2,10,7,1,1,-52,0,819,10044,103,100,1,0,0
1987,9,4,768,0,493,4,9,7,1,1,-52,6,3606,24091,129,100,4,0,0
1988,4,1,512,20,387,7,5,7,2,1,-61,10,3771,18234,132,100,1,0,0
1986,19,13,1280,0,433,5,19,7,1,3,-70,0,798,9448,76,100,4,0,0
1988,24,18,1280,0,389,4,12,7,1,1,-70,2,1128,11851,109,100,1,0,0
1989,16,11,1024,0,500,5,5,7,1,2,-52,0,1061,9935,118,100,4,0,0
1989,1,0,256,0,15,0,0,3,0,0,0,10,2264,21424,3320,100,2,0,0
1989,7,3,768,0,364,8,13,7,1,3,-70,0,377,6484,84,100,1,0,0
1988,14,8,1024,0,461,6,10,7,1,2,-70,1,1457,12664,115,100,4,0,0
1989,13,9,1024,0,411,7,16,7,1,2,-70,1,1437,12241,83,100,3,0,0
1988,12,8,1024,0,399,4,6,7,1,2,-70,1,1281,15318,118,100,1,0,0
1988,31,30,1792,0,402,6,11,5,1,2,-52,0,663,6798,95,100,1,0,0
1990,28,18,1280,0,381,2,4,7,1,1,-95,1,1432,17865,117,100,2,0,0
1989,20,14,1280,10,524,2,10,7,1,1,-70,0,886,8243,115,100,3,0,0
1989,30,24,1536,10,365,7,6,7,1,3,-70,1,582,6377,114,100,1,0,0
1990,6,5,768,0,413,5,5,5,1,2,-52,0,684,7724,115,100,1,0,0
1991,27,22,1536,0,377,3,8,5,1,1,-52,0,663,6014,103,100,1,0,0
1992,8,4,768,0,393,4,10,7,2,2,-70,10,5790,31359,128,100,2,0,0
1991,11,5,768,10,490,8,2,7,1,2,-70,1,1363,17015,125,100,3,0,0
1992,17,12,1280,0,393,2,10,7,1,1,-52,0,372,5218,103,100,1,0,0
1993,18,8,1024,0,410,4,7,7,1,1,-95,8,4023,30912,127,100,2,0,0
1993,13,9,1024,0,413,7,16,7,1,2,-70,1,555,5484,83,100,2,0,0
1992,29,28,1536,10,392,3,7,7,1,1,-52,0,369,5277,110,100,1,0,0
1993,3,1,512,0,383,8,5,7,1,1,-76,2,1428,20095,132,100,2,0,0
1994,2,3,768,0,416,7,5,5,1,2,-52,0,1104,11277,119,100,3,0,0
1994,9,4,768,10,495,4,9,7,1,1,-52,6,1337,12414,129,100,2,0,0
1992,21,15,1280,10,470,3,5,7,1,1,-70,2,1787,22255,123,100,5,0,0
1994,23,18,1280,0,308,3,20,7,1,1,-52,0,859,10794,71,100,2,0,0
1994,5,1,512,10,485,8,2,7,1,1,-76,4,1845,17128,133,100,2,0,0
1993,31,30,1792,10,403,6,11,5,1,2,-52,0,369,4979,95,100,1,0,0
1992,10,5,768,0,510,3,10,7,1,1,-52,0,1078,11824,110,100,5,0,0
1995,19,13,1280,0,436,5,19,7,1,3,-70,0,722,8196,76,100,3,0,0
1995,12,8,1024,0,400,4,6,7,1,2,-70,1,745,10072,119,100,1,0,0
1991,26,21,1536,10,423,3,5,7,1,1,-52,0,701,9798,115,100,2,0,0
1995,28,18,1280,0,382,2,4,7,1,1,-95,1,662,8923,117,100,1,0,0
1994,6,5,768,0,414,5,5,5,1,2,-52,0,366,4272,115,100,1,0,0
1992,25,21,1536,0,507,5,11,7,1,2,-70,0,987,8428,114,100,4,0,0
1996,22,18,1280,0,382,5,7,7,1,1,-70,1,1356,14406,105,100,2,0,0
1996,20,14,1280,0,526,2,10,7,1,1,-70,0,520,6863,115,100,2,0,0
1996,15,9,1024,0,397,4,162,7,1,1,-70,3,1856,19866,126,100,5,1,3
1997,7,3,768,0,366,8,13,7,1,3,-70,0,675,7835,85,100,2,0,0
1999,4,1,512,0,388,7,5,7,2,1,-61,10,7235,35466,133,100,2,0,0
1997,26,21,1536,0,424,3,5,7,1,1,-52,0,394,4856,115,100,1,0,0
1998,27,22,1536,0,379,3,8,5,1,1,-52,0,524,6911,103,100,1,0,0
2000,24,18,1280,0,389,4,12,7,1,1,-70,2,1360,15676,109,100,2,0,0
1999,5,1,512,0,488,8,2,7,1,1,-76,4,1220,12055,133,100,2,0,0
1998,21,15,1280,0,472,3,5,7,1,1,-70,2,1186,10665,124,100,2,0,0
2000,14,8,1024,0,465,6,10,7,1,2,-70,1,1385,14718,115,100,4,0,0
1999,8,4,768,10,399,4,10,7,2,2,-70,10,3736,23456,128,100,1,0,0
2000,16,11,1024,0,504,5,5,7,1,2,-52,0,928,11285,119,100,4,0,0
1999,2,3,768,10,418,7,5,5,1,2,-52,0,499,6142,119,100,1,0,0
2001,1,0,256,0,15,0,0,3,0,0,0,10,3376,30943,3345,100,2,0,0
2000,10,5,768,0,512,3,10,7,1,1,-52,0,575,7426,111,100,2,0,0
2000,30,24,1536,0,368,7,6,7,1,3,-70,1,1128,14476,114,100,1,0,0
2002,22,18,1280,0,384,5,7,7,1,1,-70,1,853,7895,105,100,1,0,0
2001,15,9,1024,0,397,4,162,7,1,1,-70,3,810,8455,126,100,1,1,3
2001,29,28,1536,0,393,3,7,7,1,1,-52,0,595,8404,111,100,2,0,0
2001,13,9,1024,10,416,7,16,7,1,2,-70,1,1136,10883,84,100,3,0,0
2001,17,12,1280,10,394,2,10,7,1,1,-52,0,488,8812,104,100,2,0,0
2001,26,21,1536,0,425,3,5,7,1,1,-52,0,272,4112,115,100,0,0,0
2002,31,30,1792,0,405,6,11,5,1,2,-52,0,599,8151,96,100,2,0,0
2002,3,1,512,0,384,8,5,7,1,1,-76,2,1578,17996,133,100,2,0,0
2003,18,8,1024,20,411,4,7,7,1,1,-95,8,3551,28515,127,100,2,0,0
2001,25,21,1536,10,510,5,11,7,1,2,-70,0,626,8184,114,100,2,0,0
2003,11,5,768,0,493,8,2,7,1,2,-70,1,1269,18176,125,100,5,0,0
2004,4,1,512,10,389,7,5,7,2,1,-61,10,3649,16826,133,100,1,0,0
2003,23,18,1280,10,311,3,20,7,1,1,-52,0,785,8646,72,100,2,0,0
2002,12,8,1024,0,404,4,6,7,1,2,-70,1,1226,13262,119,100,2,0,0
2003,19,13,1280,0,440,5,19,7,1,3,-70,0,788,8269,77,100,2,0,0
2003,28,18,1280,0,382,2,4,7,1,1,-95,1,701,11134,118,100,1,0,0
2004,24,18,1280,10,389,4,12,7,1,1,-70,2,715,5727,110,100,1,0,0
2005,9,4,768,20,502,4,9,7,1,1,-52,6,4146,25919,130,100,4,0,0
2005,17,12,1280,0,395,2,10,7,1,1,-52,0,478,4085,104,100,1,0,0
2006,1,0,256,0,15,0,0,3,0,0,0,10,1575,13893,3358,100,1,0,0
2006,16,11,1024,0,506,5,5,7,1,2,-52,0,621,5847,120,100,2,0,0
2006,2,3,768,0,420,7,5,5,1,2,-52,0,578,6654,120,100,1,0,0
2006,20,14,1280,0,531,3,10,7,1,1,-70,0,1091,10711,116,100,4,0,0
2006,6,5,768,0,417,5,5,5,1,2,-52,0,895,11707,116,100,2,0,0
2007,27,22,1536,0,384,3,8,5,1,1,-52,0,901,8731,104,100,1,0,0
2007,14,8,1024,0,469,6,10,7,1,2,-70,1,1288,10374,116,100,2,0,0
2006,26,21,1536,20,426,3,5,7,1,1,-52,0,318,4905,116,100,1,0,0
2007,31,30,1792,0,405,6,11,5,1,2,-52,0,262,4326,96,100,1,0,0
2008,18,8,1024,10,413,4,7,7,1,1,-95,8,2060,15248,128,100,1,0,0
2009,7,3,768,10,370,8,13,7,1,3,-70,0,912,11334,86,100,2,0,0
2009,5,1,512,0,491,8,2,7,1,1,-76,4,2546,22455,134,100,3,0,0
2008,21,15,1280,0,476,3,5,7,1,1,-70,2,1955,19312,124,100,3,0,0
2008,10,5,768,0,515,3,10,7,1,1,-52,0,721,8158,111,100,3,0,0
2010,8,4,768,0,400,4,10,7,2,2,-70,10,4986,28167,129,100,2,0,0
2008,12,8,1024,10,407,4,6,7,1,2,-70,1,880,9535,120,100,1,0,0
2010,4,1,512,10,391,7,5,7,2,1,-61,10,4314,22241,133,100,1,0,0
2009,17,12,1280,0,396,2,10,7,1,1,-52,0,370,3962,104,100,1,0,0
2009,13,9,1024,0,418,7,16,7,1,2,-70,1,926,10952,84,100,2,0,0
2010,30,24,1536,0,369,7,6,7,1,3,-70,1,1074,12068,115,100,2,0,0
2011,24,18,1280,10,389,4,12,7,1,1,-70,2,973,9586,110,100,1,0,0
2011,3,1,512,10,387,8,5,7,1,1,-76,2,1528,17164,134,100,2,0,0
2010,6,5,768,0,418,5,5,5,1,2,-52,0,367,4527,116,100,1,0,0
2010,22,18,1280,10,386,5,7,7,1,1,-70,1,1079,12120,106,100,1,0,0
2012,14,8,1024,0,471,6,11,7,1,2,-70,1,618,6367,116,100,2,0,0
2012,29,28,1536,10,394,3,7,7,1,1,-52,0,660,10869,112,100,2,0,0
2014,23,18,1280,0,313,4,20,7,1,1,-52,0,806,10881,73,100,2,0,0
2014,18,8,1024,0,414,4,7,7,1,1,-95,8,1848,14630,128,100,1,0,0
2013,31,30,1792,0,405,6,11,5,1,2,-52,0,342,6344,97,100,1,0,0
2013,11,5,768,10,499,8,2,7,1,2,-70,1,1644,17335,126,100,4,0,0
2014,28,18,1280,0,385,2,4,7,1,1,-95,1,1320,17362,118,100,2,0,0
2013,15,9,1024,10,398,4,165,7,1,1,-70,3,1913,19690,127,100,5,1,3
2015,20,14,1280,0,535,3,10,7,1,1,-70,0,735,8204,116,100,2,0,0
2015,9,4,768,40,507,5,9,7,1,1,-52,6,3003,23217,131,100,3,0,0
2012,25,21,1536,0,513,5,11,7,1,2,-70,0,828,10298,115,100,3,0,0
2012,21,15,1280,10,478,3,5,7,1,1,-70,2,802,8097,125,100,2,0,0
2013,19,13,1280,0,446,6,19,7,1,3,-70,0,1197,10815,78,100,4,0,0
2017,1,0,256,0,15,0,0,3,0,0,0,10,2753,26479,3375,100,2,0,0
2017,8,4,768,10,401,4,10,7,2,2,-70,10,3214,20310,129,100,1,0,0
2017,2,3,768,0,423,7,5,5,1,2,-52,0,805,10020,121,100,2,0,0
2015,27,22,1536,0,388,3,8,5,1,1,-52,0,859,9181,104,100,2,0,0
2017,5,1,512,10,492,8,2,7,1,1,-76,4,1584,18704,134,100,3,0,0
2016,30,24,1536,0,371,7,6,7,1,3,-70,1,861,8156,115,100,1,0,0
2017,6,5,768,0,421,5,5,5,1,2,-52,0,604,6281,116,100,1,0,0
2016,13,9,1024,10,421,7,16,7,1,2,-70,1,1182,9772,84,100,2,0,0
2017,17,12,1280,0,398,2,10,7,1,1,-52,0,474,7485,105,100,1,0,0
2016,16,11,1024,10,513,5,5,7,1,2,-52,0,1092,11683,120,100,3,0,0
2018,18,8,1024,0,415,4,7,7,1,1,-95,8,1472,11871,128,100,0,0,0
2019,4,1,512,20,395,7,5,7,2,1,-61,10,6497,30120,134,100,3,0,0
2019,29,28,1536,0,395,3,7,7,1,1,-52,0,395,5351,112,100,1,0,0
2018,10,5,768,0,517,3,10,7,1,1,-52,0,573,9383,112,100,2,0,0
2019,22,18,1280,0,390,5,7,7,1,1,-70,1,1160,10432,106,100,2,0,0
2019,26,21,1536,0,429,3,5,7,1,1,-52,0,878,11199,116,100,3,0,0
2019,7,3,768,0,370,8,13,7,1,3,-70,0,454,9998,86,100,2,0,0
2018,31,30,1792,0,407,6,11,5,1,2,-52,0,500,4630,97,100,1,0,0
2019,14,8,1024,0,475,6,11,7,1,2,-70,1,1298,11435,117,100,3,0,0
2020,3,1,512,10,388,8,5,7,1,1,-76,2,1195,16466,134,100,1,0,0
2020,28,18,1280,0,386,2,4,7,1,1,-95,1,717,9225,119,100,1,0,0
2020,11,5,768,10,500,8,2,7,1,2,-70,1,806,9680,126,100,2,0,0
2019,21,15,1280,20,480,3,5,7,1,1,-70,2,887,11890,125,100,1,0,0
2020,20,14,1280,0,537,3,10,7,1,1,-70,0,551,5762,117,100,2,0,0
2019,19,13,1280,0,450,6,19,7,1,3,-70,0,710,6735,78,100,2,0,0
2020,15,9,1024,10,398,5,168,7,1,1,-70,3,1528,13578,127,100,5,1,3
2022,1,0,256,0,15,0,0,3,0,0,0,10,1603,13359,3386,100,1,0,0
2020,16,11,1024,0,516,5,5,7,1,2,-52,0,743,4797,121,100,2,0,0
2021,12,8,1024,0,411,4,6,7,1,2,-70,1,1673,18892,121,100,2,0,0
2020,23,18,1280,0,316,4,20,7,1,1,-52,0,608,6914,73,100,1,0,0
2021,30,24,1536,0,373,7,6,7,1,3,-70,1,798,6107,116,100,1,0,0
2020,25,21,1536,0,519,5,11,7,1,2,-70,0,1095,8262,116,100,4,0,0
2021,17,12,1280,0,399,2,10,7,1,1,-52,0,370,4085,105,100,1,0,0
2021,13,9,1024,0,423,8,16,7,1,2,-70,1,897,6910,85,100,2,0,0
2020,27,22,1536,0,388,3,8,5,1,1,-52,0,318,4630,105,100,1,0,0
2023,24,18,1280,0,391,4,12,7,1,1,-70,2,1946,17402,111,100,3,0,0
2023,10,5,768,0,520,3,10,7,1,1,-52,0,594,5136,112,100,3,0,0
2024,8,4,768,0,401,5,10,7,2,2,-70,10,4255,22589,130,100,2,0,0
2024,2,3,768,0,425,7,5,5,1,2,-52,0,522,7392,121,100,1,0,0
2025,5,1,512,0,495,8,2,7,1,1,-76,4,2406,18593,135,100,3,0,0
2025,3,1,512,0,391,8,5,7,1,1,-76,2,1034,9902,135,100,1,0,0
2025,4,1,512,20,395,7,5,7,2,1,-61,10,5028,23603,134,100,2,0,0
2024,21,15,1280,0,482,3,5,7,1,1,-70,2,1159,9906,125,100,3,0,0
2025,29,28,1536,0,398,3,7,7,1,1,-52,0,607,6100,112,100,1,0,0
2025,14,8,1024,0,476,6,11,7,1,2,-70,1,656,7221,117,100,2,0,0
2025,19,13,1280,0,453,7,19,7,1,3,-70,0,681,5540,78,100,2,0,0
2025,31,30,1792,0,409,6,11,5,1,2,-52,0,500,6231,97,100,1,0,0
2026,18,8,1024,0,416,4,7,7,1,1,-95,8,3250,23708,129,100,2,0,0
2026,9,4,768,0,513,5,9,7,1,1,-52,6,4234,26806,131,100,4,0,0
2027,1,0,256,0,15,0,0,3,0,0,0,10,1643,14493,3398,100,1,0,0
2025,27,22,1536,0,389,3,8,5,1,1,-52,0,393,4781,105,100,1,0,0
2028,11,5,768,0,506,8,2,7,1,2,-70,1,1351,12638,127,100,2,0,0
2027,20,14,1280,10,541,3,10,7,1,1,-70,0,806,7358,117,100,3,0,0
2028,2,3,768,0,426,7,5,5,1,2,-52,0,366,3965,121,100,1,0,0
2029,8,4,768,10,402,5,10,7,2,2,-70,10,2056,13852,130,100,0,0,0
2028,6,5,768,0,422,5,5,5,1,2,-52,0,615,10709,117,100,2,0,0
2029,29,28,1536,0,400,3,7,7,1,1,-52,0,435,4391,113,100,0,0,0
2028,30,24,1536,0,376,7,6,7,1,3,-70,1,1214,11053,116,100,1,0,0
2029,7,3,768,0,372,8,13,7,1,3,-70,0,698,9811,87,100,2,0,0
2029,15,9,1024,10,398,5,171,7,1,1,-70,3,1353,15634,128,100,4,1,3
2029,26,21,1536,0,431,3,5,7,1,1,-52,0,797,10653,117,100,2,0,0
2030,5,1,512,10,500,8,2,7,1,1,-76,4,1518,11808,135,100,2,0,0
2030,22,18,1280,0,395,5,7,7,1,1,-70,1,1617,15448,107,100,2,0,0
2029,16,11,1024,0,520,5,5,7,1,2,-52,0,726,8333,121,100,3,0,0
2030,13,9,1024,0,428,8,17,7,1,2,-70,1,1509,12226,85,100,5,0,0
2030,28,18,1280,0,390,2,4,7,1,1,-95,1,1540,16373,119,100,2,0,0
2030,25,21,1536,0,522,5,11,7,1,2,-70,0,711,9350,116,100,3,0,0
2031,10,5,768,0,522,3,10,7,1,1,-52,0,812,8605,113,100,3,0,0
2032,17,12,1280,0,404,2,10,7,1,1,-52,0,1023,9943,106,100,2,0,0
2032,24,18,1280,0,393,4,12,7,1,1,-70,2,1240,12424,112,100,1,0,0
2032,11,5,768,10,509,8,2,7,1,2,-70,1,843,7612,127,100,2,0,0
2032,12,8,1024,10,413,4,6,7,1,2,-70,1,1526,18216,121,100,2,0,0
2033,1,0,256,0,15,0,0,3,0,0,0,10,1451,14926,3406,100,1,0,0
2033,14,8,1024,0,480,6,11,7,1,2,-70,1,1182,10404,118,100,3,0,0
2032,23,18,1280,0,322,4,20,7,1,1,-52,0,1250,12058,74,100,3,0,0
2032,19,13,1280,0,458,7,19,7,1,3,-70,0,992,8180,79,100,3,0,0
2033,31,30,1792,0,410,6,11,5,1,2,-52,0,570,7345,98,100,2,0,0
2035,30,24,1536,0,378,7,6,7,1,3,-70,1,893,8213,116,100,2,0,0
2035,13,9,1024,0,431,8,17,7,1,2,-70,1,1037,8141,86,100,2,0,0
2036,4,1,512,10,400,7,5,7,2,1,-61,10,7250,35904,135,100,3,0,0
2036,18,8,1024,10,420,4,8,7,1,1,-95,8,3738,28280,129,100,3,0,0
2036,26,21,1536,0,431,3,5,7,1,1,-52,0,440,6227,118,100,2,0,0
2036,6,5,768,0,423,5,5,5,1,2,-52,0,471,7923,118,100,1,0,0
2036,3,1,512,0,392,8,5,7,1,1,-76,2,1592,22196,135,100,2,0,0
2035,21,15,1280,10,490,3,5,7,1,1,-70,2,2501,23586,126,100,4,0,0
2037,11,5,768,0,512,8,2,7,1,2,-70,1,861,7636,128,100,2,0,0
2036,2,3,768,0,430,7,5,5,1,2,-52,0,888,8789,122,100,2,0,0
2036,22,18,1280,0,396,5,7,7,1,1,-70,1,684,8305,107,100,1,0,0
2037,9,4,768,0,518,5,9,7,1,1,-52,6,3127,24401,132,100,4,0,0
2038,24,18,1280,0,395,4,12,7,1,1,-70,2,1045,8778,112,100,1,0,0
2038,7,3,768,0,374,8,13,7,1,3,-70,0,577,8519,88,100,1,0,0
2039,8,4,768,10,406,5,10,7,2,2,-70,10,4602,27437,131,100,2,0,0
2038,27,22,1536,0,392,3,8,5,1,1,-52,0,808,11144,106,100,2,0,0
2038,20,14,1280,0,546,3,10,7,1,1,-70,0,1246,11736,118,100,4,0,0
2038,10,5,768,0,524,3,10,7,1,1,-52,0,493,6953,113,100,2,0,0
2038,12,8,1024,0,415,4,6,7,1,2,-70,1,759,10121,122,100,2,0,0
2039,29,28,1536,0,404,3,7,7,1,1,-52,0,859,9554,113,100,2,0,0
2039,5,1,512,0,502,8,2,7,1,1,-76,4,2380,22797,136,100,2,0,0
2037,19,13,1280,10,462,7,19,7,1,3,-70,0,587,5428,79,100,1,0,0
2040,15,9,1024,0,400,5,173,7,1,1,-70,3,1846,18240,129,100,4,1,3
2040,23,18,1280,0,327,4,20,7,1,1,-52,0,897,8322,75,100,2,0,0
2039,16,11,1024,0,524,5,5,7,1,2,-52,0,909,10115,122,100,3,0,0
2040,31,30,1792,0,412,6,11,5,1,2,-52,0,500,6661,98,100,1,0,0
2041,4,1,512,0,401,7,5,7,2,1,-61,10,3828,17621,135,100,1,0,0
2040,14,8,1024,10,484,6,11,7,1,2,-70,1,1096,10841,118,100,3,0,0
2040,28,18,1280,0,392,2,4,7,1,1,-95,1,1078,15295,120,100,3,0,0
2042,18,8,1024,10,421,4,8,7,1,1,-95,8,2461,18078,130,100,1,0,0
2042,1,0,256,0,15,0,0,3,0,0,0,10,2779,24674,3429,100,1,0,0
2041,22,18,1280,0,399,5,7,7,1,1,-70,1,896,7165,108,100,2,0,0
2042,13,9,1024,0,432,8,17,7,1,2,-70,1,781,8560,86,100,1,0,0
2042,11,5,768,0,515,8,2,7,1,2,-70,1,866,8573,128,100,2,0,0
2042,25,21,1536,0,526,5,11,7,1,2,-70,0,1031,11424,117,100,4,0,0
2042,6,5,768,0,423,5,5,5,1,2,-52,0,356,4939,118,100,2,0,0
2042,29,28,1536,0,405,3,7,7,1,1,-52,0,369,3958,113,100,1,0,0
2044,8,4,768,20,407,5,10,7,2,2,-70,10,2695,15017,131,100,1,0,0
2043,17,12,1280,10,407,2,10,7,1,1,-52,0,805,11193,107,100,3,0,0
2042,19,13,1280,0,463,7,19,7,1,3,-70,0,450,5469,80,100,1,0,0
2043,24,18,1280,10,399,4,12,7,1,1,-70,2,969,7889,112,100,1,0,0
2044,30,24,1536,10,381,7,6,7,1,3,-70,1,1103,11373,117,100,1,0,0
2043,2,3,768,10,431,7,5,5,1,2,-52,0,446,6574,123,100,1,0,0
2044,21,15,1280,0,496,3,5,7,1,1,-70,2,1641,16159,127,100,4,0,0
2045,3,1,512,0,393,8,5,7,1,1,-76,2,1515,17685,136,100,2,0,0
2046,23,18,1280,0,329,4,21,7,1,1,-52,0,421,5808,75,100,2,0,0
2045,20,14,1280,10,552,3,10,7,1,1,-70,0,949,7416,118,100,2,0,0
2046,11,5,768,0,516,8,2,7,1,2,-70,1,376,6376,128,100,1,0,0
2046,9,4,768,10,524,5,9,7,1,1,-52,6,3017,20680,133,100,4,0,0
2046,7,3,768,10,377,8,13,7,1,3,-70,0,725,8227,88,100,2,0,0
2046,26,21,1536,0,433,3,5,7,1,1,-52,0,645,9627,118,100,2,0,0
2047,14,8,1024,0,485,6,11,7,1,2,-70,1,1003,8949,119,100,2,0,0
2048,4,1,512,20,403,7,5,7,2,1,-61,10,4650,23182,136,100,1,0,0
2047,17,12,1280,0,408,2,10,7,1,1,-52,0,293,4256,107,100,1,0,0
2048,10,5,768,0,527,3,10,7,1,1,-52,0,795,9355,114,100,4,0,0
2046,27,22,1536,0,395,3,8,5,1,1,-52,0,837,9763,106,100,2,0,0
2047,15,9,1024,0,403,5,175,7,1,1,-70,3,1633,12500,129,100,4,1,3
2049,5,1,512,0,508,8,2,7,1,1,-76,4,2694,23306,136,100,4,0,0
2049,25,21,1536,10,530,5,11,7,1,2,-70,0,743,6478,118,100,2,0,0
2049,31,30,1792,0,414,6,11,5,1,2,-52,0,701,8848,99,100,2,0,0
2049,28,18,1280,0,398,2,4,7,1,1,-95,1,1517,14696,121,100,3,0,0
2051,12,8,1024,0,419,4,6,7,1,2,-70,1,1456,17738,122,100,3,0,0
2050,1,0,256,0,15,0,0,3,0,0,0,10,2211,20549,3442,100,2,0,0
2050,18,8,1024,0,423,4,8,7,1,1,-95,8,2871,22941,130,100,1,0,0
2048,16,11,1024,20,529,5,5,7,1,2,-52,0,931,8844,123,100,4,0,0
2050,20,14,1280,0,554,3,10,7,1,1,-70,0,534,4911,119,100,1,0,0
2051,2,3,768,0,433,7,5,5,1,2,-52,0,522,6843,123,100,1,0,0
2051,13,9,1024,10,436,8,17,7,1,2,-70,1,1179,12306,87,100,3,0,0
2051,21,15,1280,0,498,4,5,7,1,1,-70,2,1359,13368,127,100,1,0,0
2053,8,4,768,0,408,5,10,7,2,2,-70,10,4234,25510,132,100,2,0,0
2052,9,4,768,10,527,5,9,7,1,1,-52,6,1914,12443,133,100,2,0,0
2050,19,13,1280,0,468,7,19,7,1,3,-70,0,936,8649,80,100,3,0,0
2052,22,18,1280,0,402,5,7,7,1,1,-70,1,1269,14421,108,100,3,0,0
2053,6,5,768,0,429,5,5,5,1,2,-52,0,1150,11767,119,100,2,0,0
2053,29,28,1536,0,406,3,7,7,1,1,-52,0,618,10673,114,100,2,0,0
2054,18,8,1024,0,424,4,8,7,1,1,-95,8,1381,11283,131,100,1,0,0
2053,16,11,1024,0,531,5,5,7,1,2,-52,0,617,5287,123,100,2,0,0
2054,17,12,1280,0,410,2,10,7,1,1,-52,0,598,6772,107,100,2,0,0
2054,24,18,1280,10,403,4,12,7,1,1,-70,2,1710,15250,113,100,2,0,0
2054,10,5,768,0,530,3,10,7,1,1,-52,0,601,6199,114,100,2,0,0
2053,30,24,1536,10,384,7,6,7,1,3,-70,1,1185,13201,118,100,2,0,0
2056,7,3,768,0,379,8,13,7,1,3,-70,0,699,9449,89,100,2,0,0
2054,28,18,1280,0,399,2,4,7,1,1,-95,1,634,8045,121,100,1,0,0
2053,27,22,1536,0,397,3,8,5,1,1,-52,0,706,7475,107,100,1,0,0
2055,15,9,1024,0,409,5,177,7,1,1,-70,3,1870,15269,130,100,3,1,3
2055,23,18,1280,0,330,4,21,7,1,1,-52,0,689,8846,76,100,4,0,0
2056,26,21,1536,0,434,3,5,7,1,1,-52,0,497,9654,119,100,1,0,0
2058,11,5,768,0,518,8,2,7,1,2,-70,1,1473,17601,129,100,3,0,0
2058,4,1,512,0,406,7,5,7,2,1,-61,10,6969,32889,136,100,2,0,0
2058,3,1,512,10,395,8,5,7,1,1,-76,2,1793,22076,137,100,2,0,0
2058,25,21,1536,0,532,5,11,7,1,2,-70,0,635,8427,118,100,4,0,0
2058,2,3,768,0,436,7,5,5,1,2,-52,0,604,6648,123,100,1,0,0
2058,14,8,1024,0,487,6,11,7,1,2,-70,1,1062,13928,119,100,3,0,0
2059,5,1,512,10,512,8,2,7,1,1,-76,4,2514,20480,137,100,4,0,0
2057,31,30,1792,0,416,6,11,5,1,2,-52,0,701,9193,100,100,2,0,0
2058,20,14,1280,0,559,3,10,7,1,1,-70,0,834,8501,119,100,3,0,0
2060,12,8,1024,0,423,4,6,7,1,2,-70,1,1354,14392,123,100,3,0,0
2058,22,18,1280,0,405,5,7,7,1,1,-70,1,907,8144,109,100,1,0,0
2060,17,12,1280,0,411,2,10,7,1,1,-52,0,444,5260,108,100,2,0,0
2060,18,8,1024,10,427,4,8,7,1,1,-95,8,2565,17840,131,100,1,0,0
2060,9,4,768,20,530,5,9,7,1,1,-52,6,2151,17994,134,100,2,0,0
2062,6,5,768,0,431,5,5,5,1,2,-52,0,523,7239,119,100,1,0,0
2059,19,13,1280,0,471,7,19,7,1,3,-70,0,700,8309,81,100,3,0,0
2062,1,0,256,0,15,0,0,3,0,0,0,10,3212,29682,3466,100,2,0,0
2062,4,1,512,10,407,7,5,7,2,1,-61,10,2649,14444,137,100,1,0,0
2061,29,28,1536,0,406,3,7,7,1,1,-52,0,367,7714,115,100,1,0,0
2062,15,9,1024,10,409,5,180,7,1,1,-70,3,1081,11896,130,100,4,1,3
2061,16,11,1024,0,536,5,5,7,1,2,-52,0,833,8421,123,100,3,0,0
2062,30,24,1536,10,386,7,6,7,1,3,-70,1,1013,11663,118,100,2,0,0
2064,10,5,768,0,534,3,10,7,1,1,-52,0,805,8579,115,100,3,0,0
2062,13,9,1024,0,441,8,17,7,1,2,-70,1,1678,15754,87,100,5,0,0
2062,25,21,1536,0,534,5,11,7,1,2,-70,0,398,4594,118,100,1,0,0
2064,8,4,768,20,413,5,10,7,2,2,-70,10,5436,33175,133,100,2,0,0
2063,7,3,768,0,381,8,13,7,1,3,-70,0,521,8259,89,100,1,0,0
2063,20,14,1280,0,562,3,10,7,1,1,-70,0,602,5184,119,100,2,0,0
2064,23,18,1280,0,331,4,21,7,1,1,-52,0,417,8123,76,100,1,0,0
2062,21,15,1280,10,503,4,5,7,1,1,-70,2,1942,20680,128,100,5,0,0
2064,3,1,512,0,397,8,5,7,1,1,-76,2,1276,14130,137,100,1,0,0
2064,28,18,1280,0,402,2,4,7,1,1,-95,1,1148,14947,122,100,2,0,0
2066,11,5,768,0,520,8,2,7,1,2,-70,1,1052,12830,129,100,4,0,0
2063,19,13,1280,0,472,7,19,7,1,3,-70,0,363,3872,81,100,2,0,0
2065,24,18,1280,0,406,4,12,7,1,1,-70,2,1567,15720,114,100,2,0,0
2067,6,5,768,0,432,5,5,5,1,2,-52,0,422,5169,120,100,1,0,0
2066,1,0,256,0,15,0,0,3,0,0,0,10,1180,11159,3475,100,1,0,0
2066,26,21,1536,0,435,3,5,7,1,1,-52,0,594,9288,120,100,2,0,0
2066,5,1,512,10,515,8,2,7,1,1,-76,4,2083,19711,137,100,3,0,0
2068,14,8,1024,0,493,6,11,7,1,2,-70,1,1847,13811,120,100,5,0,0
2069,8,4,768,20,414,5,10,7,2,2,-70,10,2174,13179,133,100,1,0,0
2068,18,8,1024,10,431,4,8,7,1,1,-95,8,2592,22166,132,100,1,0,0
2068,17,12,1280,0,411,2,10,7,1,1,-52,0,311,7925,108,100,1,0,0
2066,27,22,1536,10,399,3,8,5,1,1,-52,0,715,11160,108,100,3,0,0
2067,29,28,1536,0,408,3,7,7,1,1,-52,0,597,6321,115,100,2,0,0
2069,10,5,768,0,536,3,10,7,1,1,-52,0,590,6083,115,100,3,0,0
2068,22,18,1280,0,411,5,7,7,1,1,-70,1,1564,13870,109,100,3,0,0
2069,9,4,768,0,534,5,9,7,1,1,-52,6,2660,19573,134,100,4,0,0
2068,2,3,768,10,441,7,5,5,1,2,-52,0,1027,11429,124,100,4,0,0
2069,28,18,1280,10,405,2,4,7,1,1,-95,1,688,7566,122,100,1,0,0
2070,12,8,1024,0,426,4,6,7,1,2,-70,1,1409,17485,124,100,2,0,0
2069,31,30,1792,0,419,6,11,5,1,2,-52,0,753,11070,100,100,2,0,0
2071,4,1,512,0,409,7,5,7,2,1,-61,10,6205,31118,137,100,1,0,0
2071,20,14,1280,0,565,3,10,7,1,1,-70,0,658,7317,120,100,2,0,0
2071,5,1,512,0,516,8,2,7,1,1,-76,4,992,11393,138,100,1,0,0
2070,21,15,1280,0,505,4,5,7,1,1,-70,2,1141,15231,128,100,2,0,0
2072,6,5,768,0,434,5,5,5,1,2,-52,0,521,6210,120,100,1,0,0
2071,7,3,768,0,381,8,13,7,1,3,-70,0,460,7569,90,100,2,0,0
2071,19,13,1280,0,474,7,19,7,1,3,-70,0,671,7926,82,100,3,0,0
2074,11,5,768,0,522,8,2,7,1,2,-70,1,770,12447,130,100,2,0,0
2074,13,9,1024,0,447,8,17,7,1,2,-70,1,1715,15513,88,100,4,0,0
2074,16,11,1024,0,541,5,5,7,1,2,-52,0,1040,11017,124,100,3,0,0
2074,15,9,1024,0,411,5,184,7,1,1,-70,3,2178,20672,131,100,7,1,3
2074,30,24,1536,10,389,7,6,7,1,3,-70,1,1472,15501,119,100,2,0,0
2074,27,22,1536,0,402,3,8,5,1,1,-52,0,740,7498,108,100,1,0,0
2074,25,21,1536,10,538,5,11,7,1,2,-70,0,1001,10860,119,100,5,0,0
2075,5,1,512,0,517,8,2,7,1,1,-76,4,1132,9580,138,100,2,0,0
2074,23,18,1280,10,333,4,21,7,1,1,-52,0,701,10218,77,100,2,0,0
2076,8,4,768,10,418,5,10,7,2,2,-70,10,3678,22337,133,100,1,0,0
2076,1,0,256,0,15,0,0,3,0,0,0,10,2657,25419,3495,100,1,0,0
2074,29,28,1536,0,410,3,7,7,1,1,-52,0,580,7102,116,100,1,0,0
2076,14,8,1024,0,494,6,11,7,1,2,-70,1,914,11194,121,100,3,0,0
2074,24,18,1280,20,407,4,12,7,1,1,-70,2,1244,13393,115,100,2,0,0
2076,3,1,512,10,400,8,5,7,1,1,-76,2,1858,22900,138,100,2,0,0
2076,20,14,1280,0,567,3,10,7,1,1,-70,0,495,5437,120,100,2,0,0
2076,2,3,768,0,445,7,5,5,1,2,-52,0,901,7647,125,100,1,0,0
2076,26,21,1536,0,439,3,5,7,1,1,-52,0,752,10080,120,100,2,0,0
2074,31,30,1792,0,421,6,11,5,1,2,-52,0,558,4641,101,100,1,0,0
2077,10,5,768,0,539,3,10,7,1,1,-52,0,680,8046,116,100,2,0,0
2076,28,18,1280,0,408,2,4,7,1,1,-95,1,1363,13780,123,100,2,0,0
2077,22,18,1280,0,413,5,7,7,1,1,-70,1,904,11651,110,100,1,0,0
2076,19,13,1280,0,476,7,19,7,1,3,-70,0,470,5009,82,100,2,0,0
2079,12,8,1024,10,427,4,6,7,1,2,-70,1,695,13474,124,100,1,0,0
2079,18,8,1024,0,433,4,8,7,1,1,-95,8,4208,30857,132,100,2,0,0
2080,9,4,768,0,540,5,9,7,1,1,-52,6,3208,22441,135,100,2,0,0
2078,17,12,1280,10,415,2,10,7,1,1,-52,0,809,10008,109,100,2,0,0
2079,27,22,1536,0,403,3,8,5,1,1,-52,0,369,4851,108,100,1,0,0
2079,23,18,1280,0,335,4,21,7,1,1,-52,0,502,5578,77,100,1,0,0
2079,29,28,1536,0,413,3,7,7,1,1,-52,0,583,5439,116,100,1,0,0
2081,14,8,1024,0,495,6,11,7,1,2,-70,1,605,6668,121,100,0,0,0
2081,2,3,768,0,445,7,5,5,1,2,-52,0,259,4466,125,100,1,0,0
2081,7,3,768,0,382,8,13,7,1,3,-70,0,494,9254,91,100,1,0,0
2082,4,1,512,20,411,7,5,7,2,1,-61,10,7291,36638,138,100,2,0,0
2081,10,5,768,0,540,3,10,7,1,1,-52,0,362,4361,116,100,2,0,0
2082,1,0,256,0,15,0,0,3,0,0,0,10,1816,15672,3509,100,2,0,0
2081,13,9,1024,0,452,8,17,7,1,2,-70,1,1162,10346,89,100,2,0,0
2082,3,1,512,0,403,8,5,7,1,1,-76,2,1313,11968,138,100,1,0,0
2081,30,24,1536,0,391,7,6,7,1,3,-70,1,906,9929,120,100,1,0,0
2083,11,5,768,0,524,8,2,7,1,2,-70,1,1189,14191,131,100,4,0,0
2081,20,14,1280,10,568,3,10,7,1,1,-70,0,426,4851,121,100,1,0,0
2082,21,15,1280,0,511,4,5,7,1,1,-70,2,2126,22399,129,100,3,0,0
2083,8,4,768,0,420,5,10,7,2,2,-70,10,4031,20242,134,100,1,0,0
2083,6,5,768,0,436,5,5,5,1,2,-52,0,698,10984,121,100,2,0,0
2083,31,30,1792,0,425,6,11,5,1,2,-52,0,739,9056,101,100,1,0,0
2084,15,9,1024,0,414,5,186,7,1,1,-70,3,1719,16906,131,100,4,1,3
2084,16,11,1024,0,547,5,5,7,1,2,-52,0,1119,10235,125,100,4,0,0
2084,27,22,1536,0,403,3,8,5,1,1,-52,0,343,4755,109,100,1,0,0
2085,25,21,1536,0,542,5,11,7,1,2,-70,0,937,10560,120,100,3,0,0
2085,9,4,768,0,543,5,9,7,1,1,-52,6,1903,13772,135,100,3,0,0
2085,14,8,1024,0,500,6,11,7,1,2,-70,1,1089,6351,121,100,2,0,0
2084,23,18,1280,10,336,4,21,7,1,1,-52,0,393,4693,78,100,1,0,0
2084,28,18,1280,0,412,2,4,7,1,1,-95,1,1142,13115,123,100,1,0,0
2084,24,18,1280,0,408,4,12,7,1,1,-70,2,1403,13647,115,100,2,0,0
2086,5,1,512,0,519,8,2,7,1,1,-76,4,2435,24441,139,100,3,0,0
2086,30,24,1536,0,391,7,6,7,1,3,-70,1,558,5730,120,100,1,0,0
2086,22,18,1280,0,414,5,7,7,1,1,-70,1,1168,11269,111,100,2,0,0
2085,19,13,1280,20,478,7,19,7,1,3,-70,0,468,8219,83,100,2,0,0
2088,18,8,1024,0,434,4,8,7,1,1,-95,8,3446,25825,133,100,2,0,0
2087,26,21,1536,0,441,3,5,7,1,1,-52,0,726,10777,121,100,2,0,0
2089,12,8,1024,0,432,4,6,7,1,2,-70,1,1446,15648,125,100,2,0,0
2088,2,3,768,10,448,7,5,5,1,2,-52,0,577,7222,126,100,1,0,0
2089,17,12,1280,0,418,2,10,7,1,1,-52,0,912,10049,110,100,3,0,0
2089,10,5,768,10,544,3,10,7,1,1,-52,0,682,7747,117,100,2,0,0
2090,8,4,768,0,422,5,10,7,2,2,-70,10,3283,19487,134,100,2,0,0
2089,20,14,1280,0,573,3,10,7,1,1,-70,0,956,8250,121,100,4,0,0
2090,1,0,256,0,15,0,0,3,0,0,0,10,2260,20096,3523,100,1,0,0
2090,27,22,1536,0,404,3,8,5,1,1,-52,0,393,5622,109,100,1,0,0
2090,13,9,1024,0,454,8,17,7,1,2,-70,1,1266,12162,89,100,3,0,0
2089,29,28,1536,0,416,3,7,7,1,1,-52,0,808,9674,117,100,2,0,0
2090,22,18,1280,10,414,5,7,7,1,1,-70,1,502,5461,111,100,1,0,0
2091,3,1,512,10,405,8,5,7,1,1,-76,2,1213,17584,139,100,2,0,0
2092,15,9,1024,10,416,5,187,7,1,1,-70,3,1297,14481,132,100,2,1,3
2092,6,5,768,0,438,5,5,5,1,2,-52,0,643,8891,121,100,2,0,0
2092,14,8,1024,0,502,6,11,7,1,2,-70,1,864,8892,122,100,3,0,0
2092,9,4,768,20,548,5,9,7,1,1,-52,6,2134,16083,136,100,3,0,0
2093,4,1,512,10,417,7,5,7,2,1,-61,10,7541,36788,139,100,2,0,0
2092,21,15,1280,10,516,4,5,7,1,1,-70,2,1798,17904,130,100,5,0,0
2093,31,30,1792,0,429,6,11,5,1,2,-52,0,916,9960,102,100,2,0,0
2093,7,3,768,0,385,8,13,7,1,3,-70,0,936,11506,91,100,3,0,0
2094,11,5,768,20,528,8,2,7,1,2,-70,1,1335,18675,131,100,4,0,0
2094,1,0,256,0,15,0,0,3,0,0,0,10,1011,10735,3528,100,1,0,0
2094,18,8,1024,0,435,4,8,7,1,1,-95,8,1877,18370,133,100,1,0,0
2095,16,11,1024,0,552,5,5,7,1,2,-52,0,1012,10771,126,100,4,0,0
2094,23,18,1280,0,338,4,21,7,1,1,-52,0,702,9925,78,100,2,0,0
2095,28,18,1280,0,414,2,4,7,1,1,-95,1,1116,14636,124,100,3,0,0
2095,19,13,1280,0,482,7,19,7,1,3,-70,0,956,9630,83,100,4,0,0
2094,2,3,768,0,449,7,5,5,1,2,-52,0,498,6144,126,100,1,0,0
2095,24,18,1280,0,412,4,12,7,1,1,-70,2,1610,15133,116,100,2,0,0
2096,5,1,512,0,524,8,2,7,1,1,-76,4,2697,24653,139,100,4,0,0
2096,20,14,1280,0,578,3,10,7,1,1,-70,0,872,7809,122,100,2,0,0
2095,30,24,1536,0,393,7,6,7,1,3,-70,1,1175,13957,121,100,2,0,0
2096,26,21,1536,10,446,3,5,7,1,1,-52,0,943,9414,122,100,2,0,0
2097,25,21,1536,0,546,5,11,7,1,2,-70,0,929,11460,121,100,4,0,0
2097,21,15,1280,0,517,4,5,7,1,1,-70,2,1120,11304,130,100,1,0,0
2099,16,11,1024,0,556,5,5,7,1,2,-52,0,686,5054,126,100,2,0,0
2100,12,8,1024,0,433,4,6,7,1,2,-70,1,1055,16613,126,100,2,0,0
2099,10,5,768,0,550,3,10,7,1,1,-52,0,1168,10919,117,100,4,0,0
2100,8,4,768,0,425,5,10,7,2,2,-70,10,4329,27568,135,100,1,0,0
2099,22,18,1280,0,417,5,7,7,1,1,-70,1,996,11327,112,100,2,0,0
2100,14,8,1024,0,504,6,11,7,1,2,-70,1,1035,9906,122,100,3,0,0
2100,6,5,768,0,440,5,5,5,1,2,-52,0,553,7435,122,100,1,0,0
2099,29,28,1536,0,418,3,7,7,1,1,-52,0,645,8789,117,100,2,0,0
2101,17,12,1280,0,421,2,10,7,1,1,-52,0,1002,12069,111,100,2,0,0
2100,31,30,1792,0,430,6,11,5,1,2,-52,0,418,6924,102,100,1,0,0
2102,27,22,1536,0,409,3,8,5,1,1,-52,0,1022,11097,110,100,2,0,0
2101,23,18,1280,0,340,4,21,7,1,1,-52,0,550,6217,79,100,2,0,0
2101,25,21,1536,0,547,5,11,7,1,2,-70,0,365,4099,121,100,2,0,0
2102,11,5,768,0,531,8,2,7,1,2,-70,1,1453,13851,132,100,3,0,0
2101,13,9,1024,0,458,8,17,7,1,2,-70,1,1347,14057,90,100,4,0,0
2102,3,1,512,0,410,8,5,7,1,1,-76,2,2013,21546,140,100,2,0,0
2101,24,18,1280,0,415,4,12,7,1,1,-70,2,1126,8633,116,100,1,0,0
2103,4,1,512,30,420,7,5,7,2,1,-61,10,7019,34288,140,100,2,0,0
2102,19,13,1280,10,486,7,20,7,1,3,-70,0,709,6976,84,100,3,0,0
2103,18,8,1024,0,437,4,8,7,1,1,-95,8,3520,25315,134,100,2,0,0
2103,15,9,1024,10,420,5,190,7,1,1,-70,3,2123,18638,133,100,5,1,3
2104,1,0,256,0,15,0,0,3,0,0,0,10,3118,26632,3553,100,2,0,0
2104,22,18,1280,0,417,5,7,7,1,1,-70,1,560,5678,112,100,1,0,0
2104,9,4,768,0,554,5,9,7,1,1,-52,6,3732,25991,137,100,4,0,0
2103,2,3,768,0,453,7,5,5,1,2,-52,0,888,8331,127,100,2,0,0
2103,7,3,768,10,386,8,13,7,1,3,-70,0,495,10275,92,100,1,0,0
2106,16,11,1024,0,559,5,5,7,1,2,-52,0,625,7355,126,100,2,0,0
2106,14,8,1024,0,507,6,11,7,1,2,-70,1,822,9114,123,100,2,0,0
2106,5,1,512,0,528,8,2,7,1,1,-76,4,2327,22843,140,100,3,0,0
2106,29,28,1536,0,418,3,7,7,1,1,-52,0,342,6220,118,100,1,0,0
2105,26,21,1536,0,447,3,5,7,1,1,-52,0,498,9531,122,100,1,0,0
2107,28,18,1280,0,415,2,4,7,1,1,-95,1,1356,18037,125,100,2,0,0
2107,23,18,1280,0,341,4,21,7,1,1,-52,0,393,5711,79,100,1,0,0
2107,15,9,1024,10,421,5,191,7,1,1,-70,3,859,7868,133,100,2,1,3
2108,20,14,1280,0,582,3,10,7,1,1,-70,0,872,10849,122,100,4,0,0
2108,21,15,1280,0,520,4,5,7,1,1,-70,2,1623,19214,131,100,4,0,0
2108,6,5,768,0,443,5,5,5,1,2,-52,0,805,8963,123,100,2,0,0
2108,11,5,768,0,534,8,2,7,1,2,-70,1,896,9557,132,100,2,0,0
2107,25,21,1536,0,551,5,11,7,1,2,-70,0,789,7182,122,100,2,0,0
2109,8,4,768,0,427,5,10,7,2,2,-70,10,4385,26600,136,100,2,0,0
2107,30,24,1536,0,395,7,6,7,1,3,-70,1,1251,14807,121,100,2,0,0
2109,31,30,1792,0,432,6,11,5,1,2,-52,0,678,7946,103,100,2,0,0
2110,12,8,1024,0,438,4,6,7,1,2,-70,1,1414,16129,126,100,2,0,0
2109,18,8,1024,0,440,4,8,7,1,1,-95,8,2205,17019,134,100,1,0,0
2109,13,9,1024,0,460,8,17,7,1,2,-70,1,927,10107,91,100,2,0,0
2111,27,22,1536,0,411,3,8,5,1,1,-52,0,550,8511,110,100,1,0,0
2110,7,3,768,0,388,8,13,7,1,3,-70,0,676,6698,93,100,2,0,0
2111,26,21,1536,0,448,3,5,7,1,1,-52,0,369,4185,122,100,1,0,0
2111,10,5,768,0,553,3,10,7,1,1,-52,0,897,12020,118,100,3,0,0
2112,22,18,1280,0,420,5,7,7,1,1,-70,1,1060,10589,112,100,1,0,0
2111,19,13,1280,0,489,7,20,7,1,3,-70,0,830,8453,84,100,3,0,0
2111,29,28,1536,0,419,3,7,7,1,1,-52,0,393,5224,118,100,1,0,0
2112,9,4,768,10,557,5,9,7,1,1,-52,6,2300,16636,137,100,3,0,0
2112,17,12,1280,0,423,2,10,7,1,1,-52,0,714,10977,111,100,2,0,0
2111,16,11,1024,0,561,5,5,7,1,2,-52,0,556,6218,127,100,1,0,0
2112,14,8,1024,10,507,6,11,7,1,2,-70,1,595,7443,123,100,1,0,0
2113,25,21,1536,0,552,5,11,7,1,2,-70,0,364,3906,122,100,2,0,0
2114,5,1,512,0,530,8,2,7,1,1,-76,4,2040,16597,141,100,3,0,0
2112,2,3,768,0,456,7,5,5,1,2,-52,0,749,8843,127,100,2,0,0
2112,24,18,1280,0,419,4,12,7,1,1,-70,2,1570,15312,117,100,2,0,0
2114,6,5,768,0,446,5,5,5,1,2,-52,0,580,5384,123,100,1,0,0
2114,3,1,512,20,418,8,5,7,1,1,-76,2,2513,21992,140,100,2,0,0
2114,11,5,768,0,535,8,2,7,1,2,-70,1,805,8360,133,100,2,0,0
2114,8,4,768,20,427,5,10,7,2,2,-70,10,2854,15761,136,100,1,0,0
2114,28,18,1280,0,417,2,4,7,1,1,-95,1,848,11185,125,100,1,0,0
2114,18,8,1024,10,440,4,8,7,1,1,-95,8,1907,14776,135,100,1,0,0
2115,4,1,512,0,422,7,5,7,2,1,-61,10,7987,39205,140,100,2,0,0
2115,27,22,1536,0,412,3,8,5,1,1,-52,0,425,4102,111,100,1,0,0
2115,13,9,1024,0,462,8,17,7,1,2,-70,1,825,7834,91,100,2,0,0
2116,1,0,256,0,15,0,0,3,0,0,0,10,3383,30534,3575,100,2,0,0
2115,19,13,1280,0,490,7,20,7,1,3,-70,0,419,4567,85,100,2,0,0
2116,30,24,1536,0,398,7,6,7,1,3,-70,1,1230,11704,122,100,2,0,0
2118,21,15,1280,10,522,4,5,7,1,1,-70,2,1593,18174,132,100,3,0,0
2118,10,5,768,0,555,3,10,7,1,1,-52,0,647,6674,119,100,3,0,0
2117,23,18,1280,0,342,4,21,7,1,1,-52,0,594,9559,80,100,2,0,0
2118,6,5,768,0,446,5,5,5,1,2,-52,0,186,4556,123,100,0,0,0
2118,20,14,1280,0,587,3,10,7,1,1,-70,0,1018,10212,123,100,3,0,0
2119,8,4,768,0,427,5,10,7,2,2,-70,10,1902,13232,136,100,1,0,0
2119,15,9,1024,0,422,5,194,7,1,1,-70,3,2044,19882,134,100,5,1,3
2120,12,8,1024,0,440,4,6,7,1,2,-70,1,1175,15378,127,100,2,0,0
2118,31,30,1792,0,436,6,11,5,1,2,-52,0,1126,10814,104,100,2,0,0
2119,26,21,1536,0,453,3,5,7,1,1,-52,0,1022,9361,123,100,2,0,0
2120,25,21,1536,0,553,5,11,7,1,2,-70,0,394,6458,122,100,1,0,0
2121,11,5,768,0,537,8,2,7,1,2,-70,1,656,9607,133,100,2,0,0
2121,4,1,512,10,423,7,5,7,2,1,-61,10,3668,19241,141,100,1,0,0
2120,16,11,1024,0,565,5,5,7,1,2,-52,0,823,8241,127,100,4,0,0
2121,28,18,1280,0,419,2,4,7,1,1,-95,1,945,11386,126,100,2,0,0
2122,5,1,512,10,537,8,2,7,1,1,-76,4,2530,19703,141,100,2,0,0
2122,7,3,768,0,390,8,13,7,1,3,-70,0,545,9814,93,100,1,0,0
2121,9,4,768,0,562,5,9,7,1,1,-52,6,2987,21809,138,100,2,0,0
2122,14,8,1024,0,512,6,11,7,1,2,-70,1,1420,12982,124,100,4,0,0
2122,17,12,1280,0,426,2,10,7,1,1,-52,0,810,9620,112,100,2,0,0
2122,21,15,1280,0,523,4,5,7,1,1,-70,2,1009,8827,132,100,1,0,0
2123,22,18,1280,0,421,5,7,7,1,1,-70,1,1002,13251,113,100,2,0,0
2122,20,14,1280,0,588,3,10,7,1,1,-70,0,366,4325,123,100,2,0,0
2123,6,5,768,0,448,5,5,5,1,2,-52,0,529,4537,124,100,1,0,0
2122,29,28,1536,0,424,3,8,7,1,1,-52,0,1050,10589,119,100,3,0,0
2124,2,3,768,0,459,7,5,5,1,2,-52,0,708,9661,128,100,1,0,0
2122,13,9,1024,0,464,8,17,7,1,2,-70,1,908,9222,91,100,3,0,0
2122,23,18,1280,0,344,4,21,7,1,1,-52,0,500,5692,80,100,1,0,0
2124,8,4,768,10,428,5,10,7,2,2,-70,10,2472,13820,137,100,1,0,0
2125,27,22,1536,0,418,3,8,5,1,1,-52,0,1061,9741,111,100,4,0,0
2125,3,1,512,0,421,8,5,7,1,1,-76,2,1828,21228,141,100,2,0,0
2124,24,18,1280,0,422,4,12,7,1,1,-70,2,1590,15298,118,100,3,0,0
2126,18,8,1024,0,446,4,8,7,1,1,-95,8,4086,31826,135,100,2,0,0
2127,12,8,1024,0,443,4,6,7,1,2,-70,1,1012,12221,128,100,1,0,0
2127,1,0,256,0,15,0,0,3,0,0,0,10,3147,28674,3598,100,2,0,0
2126,16,11,1024,0,567,5,5,7,1,2,-52,0,550,6631,128,100,2,0,0
2126,19,13,1280,0,495,7,20,7,1,3,-70,0,871,10824,85,100,4,0,0
2127,10,5,768,0,561,3,10,7,1,1,-52,0,1060,9888,119,100,4,0,0
2129,11,5,768,0,540,8,2,7,1,2,-70,1,1224,13005,134,100,2,0,0
2128,4,1,512,20,426,7,5,7,2,1,-61,10,4601,23922,141,100,2,0,0
2127,23,18,1280,0,344,4,21,7,1,1,-52,0,262,4184,80,100,1,0,0
2128,20,14,1280,0,589,3,10,7,1,1,-70,0,444,5661,124,100,2,0,0
2128,31,30,1792,10,439,6,11,5,1,2,-52,0,648,8880,104,100,2,0,0
2129,13,9,1024,0,466,8,17,7,1,2,-70,1,817,8171,92,100,2,0,0
2128,30,24,1536,0,400,7,6,7,1,3,-70,1,1320,15439,123,100,2,0,0
2129,15,9,1024,20,428,5,197,7,1,1,-70,3,2231,19599,135,100,5,1,3
2129,22,18,1280,20,423,5,7,7,1,1,-70,1,1071,9139,114,100,2,0,0
2130,3,1,512,10,423,8,5,7,1,1,-76,2,504,9302,141,100,1,0,0
2129,21,15,1280,10,528,4,5,7,1,1,-70,2,1342,13575,132,100,3,0,0
2130,6,5,768,0,451,5,5,5,1,2,-52,0,725,7994,124,100,2,0,0
2132,2,3,768,10,460,7,5,5,1,2,-52,0,404,6539,128,100,2,0,0
2131,27,22,1536,10,422,3,8,5,1,1,-52,0,664,6265,112,100,1,0,0
2128,26,21,1536,0,457,3,5,7,1,1,-52,0,795,9338,124,100,1,0,0
2131,17,12,1280,0,428,2,10,7,1,1,-52,0,678,8769,113,100,2,0,0
2130,25,21,1536,10,557,5,11,7,1,2,-70,0,904,10010,123,100,4,0,0
2131,28,18,1280,20,422,2,4,7,1,1,-95,1,1055,15399,126,100,2,0,0
2133,16,11,1024,0,569,5,5,7,1,2,-52,0,494,5050,128,100,2,0,0
2132,9,4,768,10,565,5,9,7,1,1,-52,6,2932,22426,139,100,4,0,0
2133,18,8,1024,20,447,4,8,7,1,1,-95,8,2542,20038,136,100,1,0,0
2133,5,1,512,0,542,8,2,7,1,1,-76,4,3267,27006,142,100,4,0,0
2133,7,3,768,10,393,8,13,7,1,3,-70,0,805,10483,94,100,2,0,0
2132,19,13,1280,0,499,7,20,7,1,3,-70,0,765,6254,86,100,2,0,0
2133,14,8,1024,0,514,6,11,7,1,2,-70,1,1258,14548,124,100,4,0,0
2131,29,28,1536,10,427,3,8,7,1,1,-52,0,657,9642,120,100,1,0,0
2134,8,4,768,0,430,5,10,7,2,2,-70,10,4697,28990,137,100,2,0,0
2134,10,5,768,0,563,3,10,7,1,1,-52,0,550,6425,120,100,2,0,0
2132,24,18,1280,0,427,4,12,7,1,1,-70,2,1515,12269,118,100,1,0,0
2134,20,14,1280,0,592,3,10,7,1,1,-70,0,602,6167,124,100,2,0,0
2135,26,21,1536,0,457,3,5,7,1,1,-52,0,286,5753,124,100,1,0,0
2136,11,5,768,0,544,8,2,7,1,2,-70,1,1179,12410,134,100,3,0,0
2136,12,8,1024,0,446,4,6,7,1,2,-70,1,1176,13856,128,100,2,0,0
2133,30,24,1536,0,402,7,6,7,1,3,-70,1,735,7633,123,100,1,0,0
2134,31,30,1792,0,441,6,11,5,1,2,-52,0,665,6906,105,100,1,0,0
2138,7,3,768,0,395,8,13,7,1,3,-70,0,499,5040,94,100,1,0,0
2136,23,18,1280,0,348,4,21,7,1,1,-52,0,819,9495,81,100,1,0,0
2136,24,18,1280,0,428,4,12,7,1,1,-70,2,795,6097,119,100,1,0,0
2137,27,22,1536,0,423,3,8,5,1,1,-52,0,501,6463,112,100,1,0,0
2138,15,9,1024,0,431,5,200,7,1,1,-70,3,1833,15347,135,100,4,1,3
2137,28,18,1280,0,426,2,4,7,1,1,-95,1,1264,11250,127,100,1,0,0
2139,3,1,512,10,426,8,5,7,1,1,-76,2,1955,17745,142,100,2,0,0
2140,6,5,768,0,455,5,5,5,1,2,-52,0,791,8639,125,100,1,0,0
2139,1,0,256,0,15,0,0,3,0,0,0,10,3254,30468,3619,100,2,0,0
2139,4,1,512,20,428,7,5,7,2,1,-61,10,7577,37091,142,100,2,0,0
2139,16,11,1024,0,573,5,5,7,1,2,-52,0,708,6309,128,100,2,0,0
2139,22,18,1280,0,424,5,7,7,1,1,-70,1,1028,13369,114,100,1,0,0
2139,25,21,1536,0,559,5,11,7,1,2,-70,0,595,8524,124,100,3,0,0
2140,17,12,1280,0,431,2,10,7,1,1,-52,0,656,8620,113,100,1,0,0
2139,13,9,1024,0,469,8,17,7,1,2,-70,1,1322,13980,93,100,4,0,0
2140,21,15,1280,0,535,4,5,7,1,1,-70,2,2357,22731,133,100,4,0,0
2140,29,28,1536,0,429,3,8,7,1,1,-52,0,748,8444,120,100,2,0,0
2141,12,8,1024,0,448,4,6,7,1,2,-70,1,853,8910,129,100,1,0,0
2142,2,3,768,0,461,7,5,5,1,2,-52,0,699,9938,129,100,2,0,0
2142,11,5,768,0,546,8,2,7,1,2,-70,1,989,11091,135,100,2,0,0
2141,27,22,1536,0,425,3,8,5,1,1,-52,0,435,4481,112,100,1,0,0
2141,23,18,1280,0,349,4,21,7,1,1,-52,0,369,5349,81,100,1,0,0
2143,10,5,768,10,567,3,10,7,1,1,-52,0,731,8695,120,100,2,0,0
2144,5,1,512,0,546,8,2,7,1,1,-76,4,2833,24569,143,100,3,0,0
2143,18,8,1024,20,451,4,8,7,1,1,-95,8,4106,29909,137,100,2,0,0
2140,31,30,1792,0,442,6,11,5,1,2,-52,0,418,6303,105,100,1,0,0
2144,9,4,768,0,568,5,9,7,1,1,-52,6,2838,24533,139,100,3,0,0
2144,6,5,768,0,456,5,5,5,1,2,-52,0,390,5408,125,100,1,0,0
2143,28,18,1280,0,426,2,4,7,1,1,-95,1,554,9180,127,100,1,0,0
2143,19,13,1280,0,502,7,20,7,1,3,-70,0,746,10306,86,100,3,0,0
2144,25,21,1536,10,562,5,11,7,1,2,-70,0,584,4974,124,100,1,0,0
2145,17,12,1280,0,434,2,10,7,1,1,-52,0,640,5227,114,100,1,0,0
2144,13,9,1024,0,469,8,17,7,1,2,-70,1,526,6109,93,100,1,0,0
2145,8,4,768,20,435,5,10,7,2,2,-70,10,5909,33039,138,100,2,0,0
2146,7,3,768,0,398,8,13,7,1,3,-70,0,781,8416,95,100,2,0,0
2146,4,1,512,50,428,7,5,7,2,1,-61,10,4543,22410,142,100,1,0,0
2145,14,8,1024,0,518,6,11,7,1,2,-70,1,1408,15384,125,100,3,0,0
2146,16,11,1024,0,575,5,5,7,1,2,-52,0,580,7348,129,100,1,0,0
2147,3,1,512,10,426,8,5,7,1,1,-76,2,977,13663,143,100,1,0,0
2144,24,18,1280,0,431,4,12,7,1,1,-70,2,1077,10699,119,100,1,0,0
2144,30,24,1536,0,405,7,6,7,1,3,-70,1,1338,13881,124,100,2,0,0
2146,20,14,1280,10,597,3,10,7,1,1,-70,0,929,11256,125,100,4,0,0
2148,10,5,768,0,569,3,10,7,1,1,-52,0,550,5155,121,100,2,0,0
2145,21,15,1280,10,538,4,5,7,1,1,-70,2,1244,11372,133,100,2,0,0
2146,26,21,1536,0,461,3,5,7,1,1,-52,0,1036,11279,125,100,3,0,0
2148,11,5,768,0,548,8,2,7,1,2,-70,1,759,9203,135,100,2,0,0
2147,22,18,1280,0,427,5,7,7,1,1,-70,1,1231,11077,115,100,2,0,0
2149,5,1,512,0,547,8,2,7,1,1,-76,4,1364,11772,143,100,2,0,0
2148,15,9,1024,0,432,5,202,7,1,1,-70,3,1779,17074,136,100,4,1,3
2148,18,8,1024,0,451,4,8,7,1,1,-95,8,1897,14947,137,100,1,0,0
2149,27,22,1536,0,427,3,8,5,1,1,-52,0,779,7263,113,100,3,0,0
2151,1,0,256,0,15,0,0,3,0,0,0,10,3278,29564,3644,100,2,0,0
2150,20,14,1280,0,597,3,10,7,1,1,-70,0,372,4197,125,100,1,0,0
2151,12,8,1024,10,449,4,6,7,1,2,-70,1,1014,14701,129,100,2,0,0
2150,24,18,1280,10,432,4,12,7,1,1,-70,2,761,7648,120,100,1,0,0
2151,17,12,1280,0,435,2,10,7,1,1,-52,0,394,5829,114,100,1,0,0
2150,13,9,1024,0,472,8,17,7,1,2,-70,1,827,8146,93,100,3,0,0
2152,2,3,768,0,464,7,5,5,1,2,-52,0,708,10131,130,100,1,0,0
2151,25,21,1536,0,565,5,11,7,1,2,-70,0,718,7177,124,100,4,0,0
2153,6,5,768,0,458,5,5,5,1,2,-52,0,594,7440,125,100,2,0,0
2151,19,13,1280,0,505,7,20,7,1,3,-70,0,682,7362,87,100,2,0,0
2150,21,15,1280,0,541,4,5,7,1,1,-70,2,1156,10327,134,100,2,0,0
2151,29,28,1536,0,430,3,8,7,1,1,-52,0,618,10727,121,100,2,0,0
2153,18,8,1024,20,453,4,8,7,1,1,-95,8,1526,11746,137,100,1,0,0
2152,26,21,1536,0,463,3,5,7,1,1,-52,0,502,6271,125,100,1,0,0
2153,7,3,768,0,399,8,13,7,1,3,-70,0,414,7183,95,100,1,0,0
2151,22,18,1280,0,428,5,7,7,1,1,-70,1,651,6005,115,100,1,0,0
2153,9,4,768,10,571,5,9,7,1,1,-52,6,3246,21203,140,100,4,0,0
2153,14,8,1024,0,520,6,11,7,1,2,-70,1,1148,11071,126,100,4,0,0
2152,23,18,1280,0,353,4,21,7,1,1,-52,0,1003,10787,82,100,3,0,0
2153,31,30,1792,0,443,6,11,5,1,2,-52,0,595,10230,106,100,2,0,0
2155,1,0,256,0,15,0,0,3,0,0,0,10,1084,10481,3651,100,0,0,0
2153,28,18,1280,10,428,2,4,7,1,1,-95,1,1093,14379,128,100,2,0,0
2154,3,1,512,0,431,8,5,7,1,1,-76,2,1731,16951,143,100,1,0,0
2154,27,22,1536,10,427,3,8,5,1,1,-52,0,165,4240,113,100,0,0,0
2154,30,24,1536,0,405,7,6,7,1,3,-70,1,822,11448,124,100,2,0,0
2155,13,9,1024,0,472,8,17,7,1,2,-70,1,583,6535,94,100,1,0,0
2156,8,4,768,10,440,5,10,7,2,2,-70,10,5567,31195,139,100,2,0,0
2154,24,18,1280,10,434,4,12,7,1,1,-70,2,846,6400,120,100,1,0,0
2156,11,5,768,10,551,8,2,7,1,2,-70,1,1125,12727,136,100,3,0,0
2157,4,1,512,10,431,7,5,7,2,1,-61,10,7987,38135,143,100,2,0,0
2158,16,11,1024,0,582,5,5,7,1,2,-52,0,1224,11163,130,100,4,0,0
2157,5,1,512,0,550,8,2,7,1,1,-76,4,2159,20866,144,100,3,0,0
2157,29,28,1536,10,433,3,8,7,1,1,-52,0,501,5157,121,100,1,0,0
2157,20,14,1280,10,600,3,10,7,1,1,-70,0,658,7539,126,100,2,0,0
2159,12,8,1024,0,452,4,6,7,1,2,-70,1,1121,13600,130,100,1,0,0
2159,6,5,768,0,458,5,5,5,1,2,-52,0,363,6519,126,100,1,0,0
2158,27,22,1536,10,427,3,8,5,1,1,-52,0,319,4014,114,100,1,0,0
2159,28,18,1280,0,430,2,4,7,1,1,-95,1,882,9292,128,100,1,0,0
2159,10,5,768,10,575,3,10,7,1,1,-52,0,977,11762,121,100,4,0,0
2157,21,15,1280,0,542,4,5,7,1,1,-70,2,1062,13064,134,100,2,0,0
2160,2,3,768,0,467,7,5,5,1,2,-52,0,726,7687,130,100,2,0,0
2159,15,9,1024,10,434,5,205,7,1,1,-70,3,1998,19885,137,100,5,1,3
2160,9,4,768,10,574,5,9,7,1,1,-52,6,1824,14842,140,100,2,0,0
2160,17,12,1280,10,439,2,10,7,1,1,-52,0,860,8922,115,100,2,0,0
2158,26,21,1536,0,466,3,5,7,1,1,-52,0,663,6549,126,100,1,0,0
2161,14,8,1024,0,523,6,11,7,1,2,-70,1,1045,10088,126,100,2,0,0
2161,1,0,256,0,15,0,0,3,0,0,0,10,1864,16901,3664,100,2,0,0
2161,25,21,1536,0,567,5,11,7,1,2,-70,0,599,9019,125,100,2,0,0
2160,30,24,1536,10,408,7,6,7,1,3,-70,1,862,9164,125,100,1,0,0
2161,23,18,1280,0,356,4,21,7,1,1,-52,0,786,8659,83,100,2,0,0
2162,29,28,1536,0,436,3,8,7,1,1,-52,0,747,5544,122,100,1,0,0
2162,3,1,512,10,433,8,5,7,1,1,-76,2,1266,15342,144,100,2,0,0
2161,19,13,1280,10,511,7,20,7,1,3,-70,0,1061,9854,88,100,4,0,0
2163,24,18,1280,10,437,4,12,7,1,1,-70,2,1170,10891,120,100,1,0,0
2163,18,8,1024,0,455,4,8,7,1,1,-95,8,4386,31397,138,100,2,0,0
2163,15,9,1024,10,435,5,205,7,1,1,-70,3,864,7048,137,100,1,1,3
2164,22,18,1280,0,431,5,7,7,1,1,-70,1,1432,15684,116,100,2,0,0
2164,5,1,512,0,552,8,2,7,1,1,-76,4,1386,14928,144,100,2,0,0
2164,4,1,512,10,433,7,5,7,2,1,-61,10,5113,24567,144,100,1,0,0
2164,6,5,768,0,460,5,5,5,1,2,-52,0,497,5644,126,100,1,0,0
2164,28,18,1280,0,430,2,4,7,1,1,-95,1,645,7501,128,100,1,0,0
2164,9,4,768,0,575,5,9,7,1,1,-52,6,1401,9337,141,100,1,0,0
2164,31,30,1792,0,447,6,11,5,1,2,-52,0,941,10892,107,100,2,0,0
2166,16,11,1024,0,585,5,5,7,1,2,-52,0,788,7796,130,100,4,0,0
2165,7,3,768,0,405,8,13,7,1,3,-70,0,1043,11884,96,100,2,0,0
2166,8,4,768,0,442,5,10,7,2,2,-70,10,4735,27406,139,100,2,0,0
2165,20,14,1280,0,605,3,10,7,1,1,-70,0,1022,8407,126,100,4,0,0
2166,25,21,1536,0,570,5,11,7,1,2,-70,0,578,4634,125,100,2,0,0
2166,10,5,768,0,578,3,10,7,1,1,-52,0,862,7600,122,100,3,0,0
2166,11,5,768,0,557,8,2,7,1,2,-70,1,1564,16597,136,100,4,0,0
2166,13,9,1024,0,479,8,17,7,1,2,-70,1,1668,14338,94,100,4,0,0
2167,23,18,1280,10,357,4,21,7,1,1,-52,0,369,5019,83,100,1,0,0
2168,12,8,1024,0,454,4,6,7,1,2,-70,1,1042,13933,130,100,2,0,0
2169,29,28,1536,0,438,3,8,7,1,1,-52,0,500,6053,122,100,1,0,0
2169,4,1,512,0,434,7,5,7,2,1,-61,10,2831,16169,144,100,1,0,0
2170,14,8,1024,0,526,6,11,7,1,2,-70,1,1132,11457,127,100,3,0,0
2170,2,3,768,0,470,7,5,5,1,2,-52,0,805,9710,131,100,2,0,0
2168,26,21,1536,0,468,3,5,7,1,1,-52,0,669,10310,126,100,2,0,0
2170,8,4,768,10,444,5,10,7,2,2,-70,10,1735,12094,140,100,0,0,0
2170,5,1,512,10,553,8,2,7,1,1,-76,4,1625,14350,144,100,1,0,0
2170,7,3,768,0,406,8,13,7,1,3,-70,0,424,4785,97,100,1,0,0
2170,18,8,1024,0,456,4,8,7,1,1,-95,8,1888,16628,138,100,1,0,0
2170,20,14,1280,10,606,3,10,7,1,1,-70,0,274,4340,127,100,0,0,0
2169,19,13,1280,0,515,7,20,7,1,3,-70,0,887,8585,88,100,3,0,0
2170,16,11,1024,10,586,5,5,7,1,2,-52,0,272,4210,130,100,0,0,0
2170,27,22,1536,0,431,3,8,5,1,1,-52,0,879,10936,114,100,3,0,0
2170,17,12,1280,0,440,2,10,7,1,1,-52,0,596,9967,115,100,2,0,0
2171,1,0,256,0,15,0,0,3,0,0,0,10,2857,26142,3684,100,1,0,0
2169,21,15,1280,0,546,4,5,7,1,1,-70,2,2231,23259,135,100,3,0,0
2172,28,18,1280,10,431,2,4,7,1,1,-95,1,801,11685,129,100,1,0,0
2171,10,5,768,0,582,3,10,7,1,1,-52,0,707,6270,122,100,2,0,0
2173,30,24,1536,0,410,7,6,7,1,3,-70,1,1241,14845,126,100,2,0,0
2172,3,1,512,0,436,8,5,7,1,1,-76,2,1827,20364,144,100,2,0,0
2172,13,9,1024,0,481,8,17,7,1,2,-70,1,869,8682,95,100,2,0,0
2172,31,30,1792,0,449,6,11,5,1,2,-52,0,623,8638,107,100,2,0,0
2174,16,11,1024,10,587,5,5,7,1,2,-52,0,420,4167,131,100,2,0,0
2173,9,4,768,0,579,5,9,7,1,1,-52,6,2512,20283,141,100,4,0,0
2174,22,18,1280,0,433,5,7,7,1,1,-70,1,1147,12601,116,100,2,0,0
2175,8,4,768,10,444,5,10,7,2,2,-70,10,2382,13041,140,100,1,0,0
2174,14,8,1024,0,527,6,11,7,1,2,-70,1,653,6836,127,100,1,0,0
2174,15,9,1024,0,437,5,210,7,1,1,-70,3,1838,19216,138,100,6,1,3
2175,24,18,1280,0,438,4,12,7,1,1,-70,2,1504,15380,121,100,3,0,0
2175,2,3,768,0,472,7,5,5,1,2,-52,0,497,5293,131,100,1,0,0
2175,4,1,512,0,434,7,5,7,2,1,-61,10,4593,21221,144,100,1,0,0
2176,11,5,768,0,559,8,2,7,1,2,-70,1,1276,14562,137,100,2,0,0
2175,23,18,1280,0,362,4,21,7,1,1,-52,0,926,8608,84,100,1,0,0
2175,6,5,768,0,463,5,5,5,1,2,-52,0,875,11155,127,100,2,0,0
2174,25,21,1536,10,572,5,11,7,1,2,-70,0,907,10310,126,100,3,0,0
2178,28,18,1280,0,433,2,4,7,1,1,-95,1,679,8099,129,100,1,0,0
2178,1,0,256,0,15,0,0,3,0,0,0,10,1890,16734,3701,100,2,0,0
2178,20,14,1280,0,609,3,10,7,1,1,-70,0,774,7997,127,100,4,0,0
2177,10,5,768,10,586,3,10,7,1,1,-52,0,600,6125,122,100,2,0,0
2178,12,8,1024,0,457,5,6,7,1,2,-70,1,1363,16989,131,100,2,0,0
2178,19,13,1280,10,519,7,20,7,1,3,-70,0,782,8529,89,100,3,0,0
2179,7,3,768,0,410,8,13,7,1,3,-70,0,856,9266,97,100,2,0,0
2179,9,4,768,10,581,5,9,7,1,1,-52,6,1668,12366,142,100,2,0,0
2179,30,24,1536,0,411,7,6,7,1,3,-70,1,798,8427,126,100,1,0,0
2179,5,1,512,0,556,8,2,7,1,1,-76,4,2463,22194,145,100,3,0,0
2179,13,9,1024,0,485,8,17,7,1,2,-70,1,1095,9303,95,100,2,0,0
2180,3,1,512,0,436,8,5,7,1,1,-76,2,1136,14225,145,100,1,0,0
2180,22,18,1280,0,434,5,7,7,1,1,-70,1,591,7344,117,100,1,0,0
2179,21,15,1280,0,550,4,5,7,1,1,-70,2,1467,17209,136,100,4,0,0
2180,17,12,1280,0,442,2,10,7,1,1,-52,0,702,9498,116,100,2,0,0
2180,16,11,1024,10,590,5,5,7,1,2,-52,0,519,6480,131,100,2,0,0
2180,29,28,1536,0,442,3,8,7,1,1,-52,0,939,11293,123,100,2,0,0
2181,2,3,768,0,473,7,5,5,1,2,-52,0,516,5573,132,100,1,0,0
2181,6,5,768,0,464,5,5,5,1,2,-52,0,391,5146,127,100,1,0,0
2181,27,22,1536,10,435,3,8,5,1,1,-52,0,916,9829,115,100,2,0,0
2182,24,18,1280,10,439,4,12,7,1,1,-70,2,882,8878,121,100,1,0,0
2180,26,21,1536,0,470,3,5,7,1,1,-52,0,768,11086,127,100,2,0,0
2181,18,8,1024,20,460,4,8,7,1,1,-95,8,4534,34666,139,100,2,0,0
2182,1,0,256,0,15,0,0,3,0,0,0,10,1272,12081,3706,100,0,0,0
2182,23,18,1280,0,366,4,21,7,1,1,-52,0,811,7315,84,100,2,0,0
2184,30,24,1536,0,413,7,6,7,1,3,-70,1,560,5320,126,100,1,0,0
2184,8,4,768,0,446,5,10,7,2,2,-70,10,4367,26280,141,100,2,0,0
2183,14,8,1024,0,531,6,11,7,1,2,-70,1,1269,12293,128,100,3,0,0
2183,11,5,768,0,561,8,2,7,1,2,-70,1,966,11905,137,100,3,0,0
2181,31,30,1792,0,450,6,11,5,1,2,-52,0,498,9089,108,100,1,0,0
2183,15,9,1024,10,438,5,212,7,1,1,-70,3,1510,15854,138,100,4,1,3
2184,5,1,512,10,558,8,2,7,1,1,-76,4,1353,11510,145,100,1,0,0
2184,21,15,1280,0,551,4,5,7,1,1,-70,2,805,9004,136,100,2,0,0
2184,12,8,1024,10,458,5,6,7,1,2,-70,1,690,9624,131,100,1,0,0
2185,7,3,768,0,412,8,13,7,1,3,-70,0,553,6306,98,100,1,0,0
2185,28,18,1280,10,438,2,4,7,1,1,-95,1,1258,12446,130,100,1,0,0
2185,29,28,1536,0,444,3,8,7,1,1,-52,0,501,5109,123,100,1,0,0
2185,9,4,768,10,583,5,9,7,1,1,-52,6,1799,14347,142,100,2,0,0
2184,13,9,1024,10,485,8,17,7,1,2,-70,1,398,6697,96,100,1,0,0
2186,2,3,768,0,473,7,5,5,1,2,-52,0,259,4788,132,100,1,0,0
2184,26,21,1536,10,471,3,5,7,1,1,-52,0,370,4201,127,100,1,0,0
2187,4,1,512,0,437,7,5,7,2,1,-61,10,7664,37895,145,100,2,0,0
2185,19,13,1280,0,521,7,20,7,1,3,-70,0,418,6932,89,100,1,0,0
2184,25,21,1536,0,574,5,11,7,1,2,-70,0,722,9907,127,100,3,0,0
2187,10,5,768,0,589,3,11,7,1,1,-52,0,840,10363,123,100,3,0,0
2188,24,18,1280,0,440,4,12,7,1,1,-70,2,962,9389,122,100,1,0,0
2186,6,5,768,0,464,5,5,5,1,2,-52,0,339,6422,128,100,1,0,0
2188,30,24,1536,0,413,7,6,7,1,3,-70,1,462,5824,127,100,0,0,0
2188,3,1,512,0,441,8,5,7,1,1,-76,2,1817,16340,145,100,2,0,0
2188,16,11,1024,0,593,5,5,7,1,2,-52,0,886,9639,132,100,3,0,0
2188,27,22,1536,0,436,3,8,5,1,1,-52,0,595,7928,116,100,2,0,0
2189,14,8,1024,0,534,6,11,7,1,2,-70,1,923,7786,128,100,3,0,0
2189,13,9,1024,0,487,8,17,7,1,2,-70,1,820,6065,96,100,2,0,0
2189,22,18,1280,0,435,5,7,7,1,1,-70,1,987,11364,117,100,1,0,0
2189,20,14,1280,0,612,3,10,7,1,1,-70,0,803,11112,128,100,3,0,0
2188,31,30,1792,0,451,6,11,5,1,2,-52,0,491,5975,108,100,2,0,0
2189,26,21,1536,0,473,3,5,7,1,1,-52,0,557,5359,128,100,1,0,0
2190,23,18,1280,0,368,4,21,7,1,1,-52,0,647,7944,85,100,1,0,0
2191,8,4,768,0,448,5,10,7,2,2,-70,10,3838,22415,141,100,1,0,0
2192,1,0,256,0,15,0,0,3,0,0,0,10,2745,25004,3725,100,2,0,0
2191,17,12,1280,10,446,2,10,7,1,1,-52,0,916,11056,117,100,2,0,0
2192,5,1,512,0,563,8,2,7,1,1,-76,4,2169,18139,146,100,4,0,0
2191,19,13,1280,0,526,7,20,7,1,3,-70,0,972,6760,90,100,3,0,0
2191,15,9,1024,10,440,5,214,7,1,1,-70,3,1635,14865,139,100,3,1,3
2192,21,15,1280,0,558,4,5,7,1,1,-70,2,1999,16579,136,100,3,0,0
2193,16,11,1024,0,595,5,5,7,1,2,-52,0,470,4165,132,100,2,0,0
2192,2,3,768,10,477,7,5,5,1,2,-52,0,801,7480,133,100,1,0,0
2193,18,8,1024,0,464,4,8,7,1,1,-95,8,4577,33823,140,100,2,0,0
2194,30,24,1536,0,414,7,6,7,1,3,-70,1,850,7852,127,100,2,0,0
2193,9,4,768,10,585,5,9,7,1,1,-52,6,2726,18550,143,100,2,0,0
2194,29,28,1536,0,444,3,8,7,1,1,-52,0,463,8322,124,100,2,0,0
2194,14,8,1024,0,536,6,11,7,1,2,-70,1,734,6898,128,100,2,0,0
2195,6,5,768,0,466,5,5,5,1,2,-52,0,521,7146,128,100,1,0,0
2195,11,5,768,0,566,8,2,7,1,2,-70,1,1630,18962,138,100,4,0,0
2197,28,18,1280,0,442,2,4,7,1,1,-95,1,1562,18556,130,100,2,0,0
2195,7,3,768,0,413,8,13,7,1,3,-70,0,535,9558,98,100,2,0,0
2196,8,4,768,10,448,5,10,7,2,2,-70,10,2020,13527,141,100,1,0,0
2194,26,21,1536,0,475,3,5,7,1,1,-52,0,668,6291,128,100,1,0,0
2196,12,8,1024,10,460,5,6,7,1,2,-70,1,1257,18685,132,100,2,0,0
2197,4,1,512,20,438,7,5,7,2,1,-61,10,6851,35196,146,100,2,0,0
2196,27,22,1536,0,439,3,8,5,1,1,-52,0,631,8322,116,100,1,0,0
2197,3,1,512,20,447,8,5,7,1,1,-76,2,1686,18013,146,100,1,0,0
2195,25,21,1536,0,582,5,11,7,1,2,-70,0,1326,10963,128,100,5,0,0
2197,19,13,1280,0,529,7,20,7,1,3,-70,0,601,5890,90,100,2,0,0
2199,24,18,1280,0,443,4,13,7,1,1,-70,2,1646,15246,123,100,3,0,0
2198,10,5,768,0,594,3,11,7,1,1,-52,0,1010,10978,124,100,4,0,0
2197,15,9,1024,10,442,5,215,7,1,1,-70,3,1354,11130,139,100,2,1,3
2198,9,4,768,0,586,5,9,7,1,1,-52,6,1438,10689,143,100,2,0,0
2200,22,18,1280,0,440,5,7,7,1,1,-70,1,1419,14769,118,100,3,0,0
2200,1,0,256,0,15,0,0,3,0,0,0,10,2532,22208,3744,100,2,0,0
2200,13,9,1024,0,492,8,17,7,1,2,-70,1,1634,14858,97,100,4,0,0
2200,18,8,1024,0,466,4,8,7,1,1,-95,8,2320,19604,141,100,1,0,0
2200,16,11,1024,0,596,5,5,7,1,2,-52,0,411,7210,132,100,2,0,0
2201,17,12,1280,0,449,2,10,7,1,1,-52,0,658,9466,117,100,1,0,0
2200,20,14,1280,0,616,3,10,7,1,1,-70,0,929,11149,129,100,4,0,0
2201,12,8,1024,10,460,5,6,7,1,2,-70,1,456,7350,132,100,1,0,0
2198,31,30,1792,10,456,6,11,5,1,2,-52,0,926,10502,109,100,1,0,0
2201,5,1,512,0,568,8,2,7,1,1,-76,4,2816,23101,147,100,4,0,0
2201,30,24,1536,10,416,7,6,7,1,3,-70,1,833,10370,127,100,1,0,0
2201,2,3,768,0,479,7,5,5,1,2,-52,0,675,8463,133,100,2,0,0
2202,23,18,1280,0,370,4,21,7,1,1,-52,0,669,11182,85,100,2,0,0
2202,7,3,768,0,414,8,13,7,1,3,-70,0,470,7026,99,100,1,0,0
2203,9,4,768,10,588,5,9,7,1,1,-52,6,1063,9388,143,100,2,0,0
2204,29,28,1536,0,445,3,8,7,1,1,-52,0,441,8998,124,100,1,0,0
2203,15,9,1024,10,444,5,217,7,1,1,-70,3,821,9028,139,100,3,1,3
2201,25,21,1536,0,585,5,11,7,1,2,-70,0,604,6010,128,100,2,0,0
2204,6,5,768,0,468,5,5,5,1,2,-52,0,698,9573,129,100,2,0,0
2205,11,5,768,0,571,8,2,7,1,2,-70,1,1453,15650,139,100,4,0,0
2205,24,18,1280,0,446,4,13,7,1,1,-70,2,1100,9328,123,100,1,0,0
2204,21,15,1280,0,563,4,5,7,1,1,-70,2,2375,23261,137,100,5,0,0
2206,3,1,512,0,448,8,5,7,1,1,-76,2,1368,15836,146,100,2,0,0
2205,14,8,1024,0,544,6,12,7,1,2,-70,1,1804,14740,129,100,5,0,0
2206,30,24,1536,10,416,7,6,7,1,3,-70,1,654,6398,128,100,1,0,0
2207,4,1,512,20,441,7,5,7,2,1,-61,10,6203,30822,146,100,2,0,0
2206,22,18,1280,0,442,5,7,7,1,1,-70,1,786,8105,119,100,2,0,0
2207,8,4,768,10,451,5,10,7,2,2,-70,10,5050,30281,142,100,2,0,0
2206,10,5,768,0,600,3,11,7,1,1,-52,0,961,9507,124,100,3,0,0
2207,20,14,1280,0,618,3,10,7,1,1,-70,0,496,6346,129,100,2,0,0
2205,31,30,1792,0,460,6,11,5,1,2,-52,0,894,7272,110,100,2,0,0
2207,13,9,1024,0,497,8,17,7,1,2,-70,1,1158,9959,97,100,2,0,0
2208,28,18,1280,0,444,2,4,7,1,1,-95,1,1176,16934,131,100,2,0,0
2207,27,22,1536,0,440,3,8,5,1,1,-52,0,594,9728,117,100,2,0,0
2206,26,21,1536,0,477,3,5,7,1,1,-52,0,767,11362,129,100,2,0,0
2209,1,0,256,0,15,0,0,3,0,0,0,10,2262,21133,3762,100,1,0,0
2208,16,11,1024,0,599,5,5,7,1,2,-52,0,681,7885,133,100,2,0,0
2207,17,12,1280,0,453,2,10,7,1,1,-52,0,892,7848,118,100,2,0,0
2207,2,3,768,10,482,7,5,5,1,2,-52,0,577,6486,134,100,1,0,0
2209,5,1,512,0,569,8,2,7,1,1,-76,4,1596,16732,147,100,1,0,0
2208,7,3,768,0,415,8,13,7,1,3,-70,0,390,6080,99,100,1,0,0
2209,19,13,1280,0,536,7,20,7,1,3,-70,0,1556,12594,91,100,5,0,0
2210,9,4,768,10,590,5,9,7,1,1,-52,6,2427,15562,144,100,3,0,0
2211,24,18,1280,0,446,4,13,7,1,1,-70,2,859,8058,124,100,1,0,0
2209,15,9,1024,0,447,5,219,7,1,1,-70,3,1545,12057,140,100,4,1,3
2211,18,8,1024,0,468,4,8,7,1,1,-95,8,3904,30192,141,100,2,0,0
2211,12,8,1024,10,463,5,6,7,1,2,-70,1,1357,15788,133,100,2,0,0
2211,21,15,1280,10,566,4,5,7,1,1,-70,2,1206,13506,138,100,2,0,0
2213,28,18,1280,0,447,2,4,7,1,1,-95,1,721,8997,132,100,1,0,0
2212,23,18,1280,0,372,4,21,7,1,1,-52,0,726,10896,86,100,2,0,0
2213,1,0,256,0,15,0,0,3,0,0,0,10,980,10510,3768,100,1,0,0
2211,25,21,1536,0,591,5,11,7,1,2,-70,0,1124,10047,129,100,3,0,0
2213,4,1,512,10,442,7,5,7,2,1,-61,10,4729,22898,147,100,1,0,0
2214,30,24,1536,0,417,7,6,7,1,3,-70,1,798,9743,128,100,1,0,0
2215,29,28,1536,0,446,3,8,7,1,1,-52,0,594,9205,125,100,2,0,0
2213,14,8,1024,0,550,6,12,7,1,2,-70,1,1355,12002,130,100,2,0,0
2214,11,5,768,0,574,8,2,7,1,2,-70,1,896,12928,139,100,2,0,0
2215,3,1,512,0,448,8,5,7,1,1,-76,2,1221,15968,147,100,1,0,0
2213,13,9,1024,10,500,8,17,7,1,2,-70,1,943,8606,98,100,3,0,0
2213,19,13,1280,0,536,7,20,7,1,3,-70,0,167,4338,91,100,0,0,0
2214,15,9,1024,0,450,5,220,7,1,1,-70,3,1135,9096,140,100,2,1,3
2215,18,8,1024,0,469,4,8,7,1,1,-95,8,1475,11951,142,100,1,0,0
2214,27,22,1536,0,442,3,8,5,1,1,-52,0,622,7088,117,100,2,0,0
2215,16,11,1024,0,603,5,5,7,1,2,-52,0,823,7275,133,100,4,0,0
2216,6,5,768,0,471,5,5,5,1,2,-52,0,968,11219,130,100,3,0,0
2215,17,12,1280,0,455,2,10,7,1,1,-52,0,525,7550,118,100,1,0,0
2215,10,5,768,0,603,3,11,7,1,1,-52,0,771,8462,125,100,4,0,0
2216,2,3,768,0,485,7,5,5,1,2,-52,0,833,8239,134,100,2,0,0
2216,22,18,1280,0,443,5,7,7,1,1,-70,1,1187,14300,119,100,2,0,0
2216,7,3,768,0,415,8,13,7,1,3,-70,0,530,7347,100,100,2,0,0
2216,26,21,1536,0,483,3,5,7,1,1,-52,0,999,9892,130,100,2,0,0
2217,20,14,1280,0,623,3,10,7,1,1,-70,0,1035,10688,130,100,4,0,0
2217,24,18,1280,0,450,4,13,7,1,1,-70,2,1130,10431,124,100,2,0,0
2218,4,1,512,20,443,7,5,7,2,1,-61,10,3256,15804,147,100,1,0,0
2218,8,4,768,0,453,5,10,7,2,2,-70,10,5465,32348,143,100,2,0,0
2216,31,30,1792,0,465,6,11,5,1,2,-52,0,967,10762,110,100,2,0,0
2219,12,8,1024,0,467,5,6,7,1,2,-70,1,1283,13594,134,100,1,0,0
2219,9,4,768,0,593,5,9,7,1,1,-52,6,2437,19859,144,100,3,0,0
2219,5,1,512,0,571,8,2,7,1,1,-76,4,2399,23209,148,100,4,0,0
2219,13,9,1024,0,503,8,17,7,1,2,-70,1,811,6997,98,100,2,0,0
2221,11,5,768,0,578,8,2,7,1,2,-70,1,1276,12134,140,100,2,0,0
2221,6,5,768,0,472,5,5,5,1,2,-52,0,391,5122,130,100,1,0,0
2221,2,3,768,0,486,7,5,5,1,2,-52,0,366,4309,134,100,1,0,0
2220,19,13,1280,0,538,7,20,7,1,3,-70,0,609,6698,91,100,4,0,0
2222,14,8,1024,0,555,6,12,7,1,2,-70,1,1350,11477,130,100,4,0,0
2222,30,24,1536,0,419,7,6,7,1,3,-70,1,1147,12216,129,100,2,0,0
2221,21,15,1280,0,570,4,5,7,1,1,-70,2,1796,18954,138,100,4,0,0
2223,3,1,512,0,453,8,5,7,1,1,-76,2,1947,17695,148,100,2,0,0
2221,25,21,1536,0,595,5,11,7,1,2,-70,0,851,9194,129,100,4,0,0
2222,23,18,1280,20,375,4,21,7,1,1,-52,0,678,9671,87,100,2,0,0
2222,26,21,1536,0,484,3,5,7,1,1,-52,0,417,6468,130,100,1,0,0
2224,16,11,1024,0,606,5,5,7,1,2,-52,0,681,8529,134,100,2,0,0
2224,13,9,1024,0,504,8,17,7,1,2,-70,1,703,6616,98,100,1,0,0
2224,18,8,1024,0,471,4,8,7,1,1,-95,8,2932,25260,142,100,2,0,0
2224,10,5,768,0,604,3,11,7,1,1,-52,0,466,7998,126,100,2,0,0
2223,7,3,768,10,416,8,13,7,1,3,-70,0,391,6797,100,100,1,0,0
2224,15,9,1024,10,452,5,222,7,1,1,-70,3,1628,17040,141,100,3,1,3
2225,1,0,256,0,15,0,0,3,0,0,0,10,3467,31263,3793,100,2,0,0
2224,28,18,1280,0,452,2,4,7,1,1,-95,1,1615,18744,132,100,3,0,0
2225,5,1,512,0,576,8,2,7,1,1,-76,4,1926,13698,148,100,3,0,0
2225,22,18,1280,10,445,5,7,7,1,1,-70,1,761,9704,120,100,3,0,0
2224,29,28,1536,0,450,3,8,7,1,1,-52,0,915,11225,126,100,2,0,0
2226,9,4,768,0,595,5,9,7,1,1,-52,6,2378,16404,145,100,1,0,0
2226,27,22,1536,0,443,3,8,5,1,1,-52,0,594,10410,118,100,2,0,0
2226,20,14,1280,0,626,3,10,7,1,1,-70,0,719,8496,130,100,4,0,0
2225,31,30,1792,0,467,6,11,5,1,2,-52,0,606,8524,111,100,1,0,0
2226,24,18,1280,0,451,4,13,7,1,1,-70,2,1323,13533,125,100,1,0,0
2227,6,5,768,0,473,5,5,5,1,2,-52,0,446,6382,131,100,1,0,0
2227,17,12,1280,0,457,2,10,7,1,1,-52,0,792,11552,119,100,2,0,0
2229,28,18,1280,0,453,2,4,7,1,1,-95,1,597,6904,133,100,0,0,0
2228,2,3,768,0,487,7,5,5,1,2,-52,0,470,7015,135,100,1,0,0
2230,8,4,768,10,456,5,10,7,2,2,-70,10,5072,31944,144,100,2,0,0
2229,18,8,1024,20,471,4,8,7,1,1,-95,8,2207,16218,143,100,1,0,0
2230,3,1,512,10,454,8,5,7,1,1,-76,2,1005,12532,148,100,1,0,0
2229,12,8,1024,0,470,5,6,7,1,2,-70,1,1240,16689,134,100,2,0,0
2230,4,1,512,10,446,7,5,7,2,1,-61,10,7608,38841,148,100,2,0,0
2229,7,3,768,0,418,8,13,7,1,3,-70,0,621,5718,101,100,1,0,0
2228,23,18,1280,0,376,4,21,7,1,1,-52,0,525,6305,87,100,1,0,0
2230,10,5,768,0,608,3,11,7,1,1,-52,0,707,6197,126,100,2,0,0
2229,22,18,1280,10,447,5,7,7,1,1,-70,1,536,5491,120,100,0,0,0
2229,25,21,1536,0,600,5,11,7,1,2,-70,0,890,8107,130,100,3,0,0
2229,29,28,1536,0,452,3,8,7,1,1,-52,0,501,5031,126,100,1,0,0
2231,9,4,768,10,597,5,9,7,1,1,-52,6,978,8752,145,100,2,0,0
2232,11,5,768,10,587,8,2,7,1,2,-70,1,1810,16988,141,100,5,0,0
2229,30,24,1536,0,421,7,6,7,1,3,-70,1,821,11056,129,100,1,0,0
2231,16,11,1024,0,607,5,5,7,1,2,-52,0,387,6071,134,100,2,0,0
2230,21,15,1280,0,573,4,5,7,1,1,-70,2,1841,18737,139,100,2,0,0
2230,26,21,1536,10,487,3,5,7,1,1,-52,0,607,7503,130,100,1,0,0
2231,19,13,1280,0,543,7,20,7,1,3,-70,0,1016,11172,92,100,3,0,0
2232,15,9,1024,20,453,5,224,7,1,1,-70,3,1400,13003,141,100,4,1,3
2233,1,0,256,0,15,0,0,3,0,0,0,10,2297,20675,3807,100,2,0,0
2231,31,30,1792,0,467,6,11,5,1,2,-52,0,287,5415,111,100,1,0,0
2232,17,12,1280,0,459,2,10,7,1,1,-52,0,503,5424,119,100,1,0,0
2233,27,22,1536,0,444,3,8,5,1,1,-52,0,474,6612,119,100,1,0,0
2234,8,4,768,20,457,5,10,7,2,2,-70,10,2624,13845,144,100,1,0,0
2233,14,8,1024,0,560,6,12,7,1,2,-70,1,1480,15087,131,100,4,0,0
2234,22,18,1280,0,448,5,7,7,1,1,-70,1,780,6296,120,100,1,0,0
2234,2,3,768,10,487,7,5,5,1,2,-52,0,259,4444,135,100,1,0,0
2234,13,9,1024,0,507,8,17,7,1,2,-70,1,1203,12790,99,100,4,0,0
2236,3,1,512,0,455,8,5,7,1,1,-76,2,866,10250,148,100,1,0,0
2235,9,4,768,10,598,5,9,7,1,1,-52,6,1407,9023,145,100,2,0,0
2233,30,24,1536,0,422,7,6,7,1,3,-70,1,796,5958,130,100,1,0,0
2236,29,28,1536,0,455,3,8,7,1,1,-52,0,663,6729,127,100,1,0,0
2237,15,9,1024,0,455,5,226,7,1,1,-70,3,766,7800,142,100,3,1,3
2237,5,1,512,0,580,8,2,7,1,1,-76,4,2884,27597,149,100,4,0,0
2237,10,5,768,0,612,3,11,7,1,1,-52,0,731,7384,126,100,2,0,0
2237,28,18,1280,0,454,2,4,7,1,1,-95,1,1163,13713,133,100,2,0,0
2237,16,11,1024,0,611,5,5,7,1,2,-52,0,879,6624,135,100,4,0,0
2237,20,14,1280,10,630,3,10,7,1,1,-70,0,964,10391,131,100,5,0,0
2238,19,13,1280,10,544,7,20,7,1,3,-70,0,445,6000,93,100,2,0,0
2237,23,18,1280,0,379,4,21,7,1,1,-52,0,687,8980,88,100,1,0,0
2239,12,8,1024,0,473,5,6,7,1,2,-70,1,1338,15015,135,100,2,0,0
2239,6,5,768,0,478,5,5,5,1,2,-52,0,987,11647,131,100,2,0,0
2237,24,18,1280,0,455,4,13,7,1,1,-70,2,1736,15444,125,100,2,0,0
2240,1,0,256,0,15,0,0,3,0,0,0,10,1842,17085,3822,100,1,0,0
2239,11,5,768,0,591,8,2,7,1,2,-70,1,1371,12657,141,100,3,0,0
2239,14,8,1024,0,561,6,12,7,1,2,-70,1,770,8379,132,100,2,0,0
2241,7,3,768,0,419,8,13,7,1,3,-70,0,536,9507,101,100,2,0,0
2238,25,21,1536,0,604,5,11,7,1,2,-70,0,824,8342,130,100,4,0,0
2240,4,1,512,0,446,7,5,7,2,1,-61,10,6809,33895,149,100,2,0,0
2240,13,9,1024,0,511,8,17,7,1,2,-70,1,1041,8524,99,100,2,0,0
2240,18,8,1024,0,475,4,8,7,1,1,-95,8,4259,30829,143,100,2,0,0
2238,31,30,1792,0,468,6,11,5,1,2,-52,0,571,7407,112,100,2,0,0
2240,21,15,1280,0,575,4,5,7,1,1,-70,2,1486,17998,140,100,4,0,0
2240,29,28,1536,0,457,3,8,7,1,1,-52,0,476,4502,127,100,1,0,0
2242,5,1,512,0,582,8,2,7,1,1,-76,4,1502,12478,149,100,2,0,0
2243,8,4,768,0,458,5,10,7,2,2,-70,10,4084,25893,145,100,2,0,0
2242,26,21,1536,0,490,3,5,7,1,1,-52,0,833,11495,131,100,2,0,0
2243,20,14,1280,0,633,3,10,7,1,1,-70,0,610,6086,131,100,1,0,0
2242,22,18,1280,0,449,5,7,7,1,1,-70,1,874,12152,121,100,2,0,0
2242,23,18,1280,0,382,4,21,7,1,1,-52,0,607,5800,88,100,1,0,0
2243,12,8,1024,0,474,5,6,7,1,2,-70,1,483,7370,135,100,1,0,0
2244,27,22,1536,10,450,3,8,5,1,1,-52,0,960,10163,119,100,3,0,0
2245,2,3,768,0,489,7,5,5,1,2,-52,0,723,10133,136,100,2,0,0
2244,9,4,768,0,600,5,9,7,1,1,-52,6,2680,21723,146,100,3,0,0
2244,17,12,1280,10,464,2,10,7,1,1,-52,0,916,10889,120,100,2,0,0
2244,18,8,1024,10,476,4,8,7,1,1,-95,8,1697,11825,144,100,1,0,0
2246,3,1,512,0,459,8,5,7,1,1,-76,2,1801,19963,149,100,2,0,0
2244,30,24,1536,0,422,7,6,7,1,3,-70,1,782,12317,130,100,2,0,0
2245,29,28,1536,0,458,3,8,7,1,1,-52,0,393,4915,127,100,1,0,0
2243,25,21,1536,0,605,5,11,7,1,2,-70,0,450,5723,131,100,1,0,0
2246,15,9,1024,10,458,5,227,7,1,1,-70,3,1723,16363,142,100,2,1,3
2245,6,5,768,10,482,5,5,5,1,2,-52,0,685,7749,132,100,1,0,0
2247,10,5,768,0,615,3,11,7,1,1,-52,0,795,10210,127,100,4,0,0
2247,14,8,1024,0,563,6,12,7,1,2,-70,1,813,10066,132,100,2,0,0
2247,28,18,1280,0,456,2,4,7,1,1,-95,1,1263,15812,134,100,2,0,0
2247,20,14,1280,10,635,3,10,7,1,1,-70,0,471,4353,132,100,2,0,0
2248,24,18,1280,0,457,5,13,7,1,1,-70,2,1379,14303,126,100,2,0,0
2249,4,1,512,0,449,7,5,7,2,1,-61,10,6069,30254,149,100,1,0,0
2249,16,11,1024,0,613,5,5,7,1,2,-52,0,761,11301,136,100,3,0,0
2249,1,0,256,0,15,0,0,3,0,0,0,10,2750,25437,3841,100,2,0,0
2249,23,18,1280,0,384,4,21,7,1,1,-52,0,653,6492,89,100,2,0,0
2250,9,4,768,10,605,5,9,7,1,1,-52,6,1376,11187,146,100,2,0,0
2250,5,1,512,10,586,8,2,7,1,1,-76,4,2150,19338,150,100,2,0,0
2249,11,5,768,0,597,8,2,7,1,2,-70,1,1649,18685,142,100,3,0,0
2250,19,13,1280,0,550,7,20,7,1,3,-70,0,1086,12006,93,100,4,0,0
2250,12,8,1024,0,474,5,6,7,1,2,-70,1,755,10579,136,100,1,0,0
2250,13,9,1024,0,513,8,17,7,1,2,-70,1,1103,13265,100,100,3,0,0
2249,25,21,1536,0,606,5,11,7,1,2,-70,0,388,5220,131,100,2,0,0
2250,31,30,1792,0,470,6,11,5,1,2,-52,0,702,10709,113,100,2,0,0
2252,7,3,768,0,420,8,13,7,1,3,-70,0,616,11343,102,100,2,0,0
2252,10,5,768,0,618,3,11,7,1,1,-52,0,577,4987,127,100,2,0,0
2251,21,15,1280,10,577,4,5,7,1,1,-70,2,1740,20878,140,100,3,0,0
2253,16,11,1024,0,614,5,5,7,1,2,-52,0,370,3873,136,100,1,0,0
2253,20,14,1280,10,636,3,10,7,1,1,-70,0,629,6316,132,100,1,0,0
2254,17,12,1280,0,464,2,10,7,1,1,-52,0,597,9134,121,100,2,0,0
2254,3,1,512,0,461,8,5,7,1,1,-76,2,1377,16807,150,100,2,0,0
2254,27,22,1536,0,451,3,8,5,1,1,-52,0,774,10203,120,100,2,0,0
2254,2,3,768,10,495,7,5,5,1,2,-52,0,1006,9958,137,100,1,0,0
2253,22,18,1280,0,456,5,7,7,1,1,-70,1,1874,15143,122,100,3,0,0
2254,8,4,768,0,459,5,10,7,2,2,-70,10,5419,32857,145,100,2,0,0
2255,5,1,512,0,589,8,2,7,1,1,-76,4,1433,11544,150,100,1,0,0
2255,18,8,1024,10,477,4,8,7,1,1,-95,8,3409,28897,144,100,2,0,0
2253,26,21,1536,0,492,3,5,7,1,1,-52,0,726,11133,132,100,2,0,0
2254,15,9,1024,0,462,5,230,7,1,1,-70,3,1733,16034,143,100,5,1,3
2254,29,28,1536,0,461,3,8,7,1,1,-52,0,808,10067,128,100,2,0,0
2254,30,24,1536,10,423,7,6,7,1,3,-70,1,1133,13992,131,100,2,0,0
2256,9,4,768,0,609,5,9,7,1,1,-52,6,2419,14986,147,100,2,0,0
2256,14,8,1024,0,567,6,12,7,1,2,-70,1,1511,13563,133,100,3,0,0
2257,6,5,768,0,485,5,5,5,1,2,-52,0,857,10634,132,100,2,0,0
2257,4,1,512,30,450,7,5,7,2,1,-61,10,5525,27416,150,100,2,0,0
2254,31,30,1792,10,474,6,11,5,1,2,-52,0,585,4634,113,100,1,0,0
2256,28,18,1280,0,458,2,4,7,1,1,-95,1,1123,14715,135,100,2,0,0
2255,25,21,1536,10,608,5,11,7,1,2,-70,0,495,5612,132,100,2,0,0
2256,24,18,1280,0,459,5,13,7,1,1,-70,2,1468,12091,127,100,2,0,0
2259,3,1,512,0,462,8,5,7,1,1,-76,2,661,7992,150,100,1,0,0
2256,13,9,1024,0,515,8,17,7,1,2,-70,1,754,8381,100,100,2,0,0
2256,23,18,1280,0,386,4,21,7,1,1,-52,0,524,7852,89,100,1,0,0
2258,8,4,768,10,462,5,10,7,2,2,-70,10,2378,12282,146,100,1,0,0
2258,17,12,1280,0,465,2,10,7,1,1,-52,0,370,4796,121,100,1,0,0
2261,7,3,768,0,421,8,13,7,1,3,-70,0,472,7740,103,100,1,0,0
2260,16,11,1024,0,616,5,5,7,1,2,-52,0,494,6094,136,100,2,0,0
2260,12,8,1024,0,476,5,6,7,1,2,-70,1,1128,14464,136,100,2,0,0
2260,1,0,256,0,15,0,0,3,0,0,0,10,3158,28561,3862,100,2,0,0
2260,27,22,1536,0,452,3,8,5,1,1,-52,0,394,5972,120,100,1,0,0
2261,11,5,768,0,601,8,2,7,1,2,-70,1,1407,16117,143,100,4,0,0
2261,2,3,768,0,497,7,5,5,1,2,-52,0,620,6841,137,100,2,0,0
2261,20,14,1280,10,638,3,10,7,1,1,-70,0,520,7486,132,100,2,0,0
2261,13,9,1024,10,517,8,17,7,1,2,-70,1,812,6992,101,100,1,0,0
2262,19,13,1280,0,554,7,20,7,1,3,-70,0,935,11529,94,100,3,0,0
2262,5,1,512,0,593,8,2,7,1,1,-76,4,1886,17271,151,100,2,0,0
2262,21,15,1280,0,579,4,5,7,1,1,-70,2,1612,20039,141,100,3,0,0
2262,6,5,768,0,486,5,5,5,1,2,-52,0,447,5932,133,100,1,0,0
2263,9,4,768,0,613,5,9,7,1,1,-52,6,2210,16091,147,100,1,0,0
2263,10,5,768,0,621,3,11,7,1,1,-52,0,718,10950,128,100,3,0,0
2262,28,18,1280,0,461,2,4,7,1,1,-95,1,586,8980,135,100,1,0,0
2262,15,9,1024,0,465,5,232,7,1,1,-70,3,1400,14234,143,100,3,1,3
2263,24,18,1280,0,461,5,13,7,1,1,-70,2,736,8945,127,100,1,0,0
2265,7,3,768,0,423,8,13,7,1,3,-70,0,498,5247,103,100,1,0,0
2265,16,11,1024,0,618,5,5,7,1,2,-52,0,550,5490,137,100,2,0,0
2265,4,1,512,0,453,7,5,7,2,1,-61,10,4909,25195,150,100,2,0,0
2264,29,28,1536,0,461,3,8,7,1,1,-52,0,311,7428,128,100,1,0,0
2266,1,0,256,0,15,0,0,3,0,0,0,10,1461,14616,3873,100,1,0,0
2266,20,14,1280,0,639,3,10,7,1,1,-70,0,445,4631,133,100,2,0,0
2266,18,8,1024,50,479,4,8,7,1,1,-95,8,3968,32372,145,100,2,0,0
2266,12,8,1024,10,477,5,6,7,1,2,-70,1,739,9944,137,100,1,0,0
2265,26,21,1536,0,494,3,5,7,1,1,-52,0,823,11230,133,100,3,0,0
2268,3,1,512,0,465,8,5,7,1,1,-76,2,1744,18326,151,100,1,0,0
2264,22,18,1280,20,462,5,7,7,1,1,-70,1,1546,14671,123,100,2,0,0
2267,14,8,1024,0,571,6,13,7,1,2,-70,1,1456,13939,133,100,4,0,0
2265,23,18,1280,0,388,4,21,7,1,1,-52,0,677,8206,90,100,2,0,0
2267,6,5,768,0,487,5,5,5,1,2,-52,0,390,4867,133,100,1,0,0
2266,25,21,1536,0,611,5,11,7,1,2,-70,0,804,10382,132,100,3,0,0
2264,31,30,1792,0,477,6,11,5,1,2,-52,0,713,9599,114,100,1,0,0
2268,19,13,1280,0,556,7,20,7,1,3,-70,0,551,6042,95,100,2,0,0
2265,30,24,1536,0,424,7,6,7,1,3,-70,1,1306,14089,132,100,2,0,0
2266,27,22,1536,0,454,3,8,5,1,1,-52,0,580,7760,121,100,1,0,0
2269,8,4,768,0,466,5,10,7,2,2,-70,10,5037,30914,146,100,1,0,0
2271,7,3,768,0,424,8,13,7,1,3,-70,0,367,4900,103,100,1,0,0
2270,11,5,768,10,606,8,2,7,1,2,-70,1,1283,14593,143,100,2,0,0
2269,17,12,1280,0,471,2,10,7,1,1,-52,0,1154,11519,122,100,2,0,0
2269,24,18,1280,0,461,5,13,7,1,1,-70,2,833,7826,127,100,1,0,0
2270,20,14,1280,0,642,3,10,7,1,1,-70,0,578,4740,133,100,2,0,0
2270,21,15,1280,0,585,4,5,7,1,1,-70,2,1516,15147,141,100,2,0,0
2272,29,28,1536,0,465,3,8,7,1,1,-52,0,794,7406,129,100,1,0,0
2272,5,1,512,10,598,8,2,7,1,1,-76,4,2680,23387,151,100,4,0,0
2270,25,21,1536,0,614,5,11,7,1,2,-70,0,659,4755,133,100,2,0,0
2273,2,3,768,0,500,7,5,5,1,2,-52,0,823,10837,138,100,3,0,0
2272,28,18,1280,0,463,2,4,7,1,1,-95,1,1355,15896,136,100,2,0,0
2272,13,9,1024,20,521,8,17,7,1,2,-70,1,1409,13801,101,100,4,0,0
2274,4,1,512,0,454,7,5,7,2,1,-61,10,5855,29731,151,100,1,0,0
2273,6,5,768,0,489,5,5,5,1,2,-52,0,553,6124,134,100,1,0,0
2273,14,8,1024,0,573,6,13,7,1,2,-70,1,899,9391,134,100,2,0,0
2273,18,8,1024,0,481,4,8,7,1,1,-95,8,2698,22501,146,100,1,0,0
2274,24,18,1280,10,462,5,13,7,1,1,-70,2,510,6084,128,100,1,0,0
2274,10,5,768,10,625,3,11,7,1,1,-52,0,1010,10961,129,100,3,0,0
2275,16,11,1024,0,620,5,5,7,1,2,-52,0,639,9703,137,100,3,0,0
2274,8,4,768,0,469,5,10,7,2,2,-70,10,2701,15690,147,100,1,0,0
2275,9,4,768,10,616,5,9,7,1,1,-52,6,3240,25507,148,100,4,0,0
2274,23,18,1280,0,390,4,21,7,1,1,-52,0,645,8983,90,100,2,0,0
2275,15,9,1024,0,466,5,235,7,1,1,-70,3,2094,20086,144,100,6,1,3
2276,1,0,256,0,15,0,0,3,0,0,0,10,3074,26431,3894,100,2,0,0
2274,30,24,1536,0,428,7,6,7,1,3,-70,1,1005,11063,132,100,2,0,0
2275,22,18,1280,0,464,5,7,7,1,1,-70,1,1135,13440,123,100,2,0,0
2277,19,13,1280,0,560,7,20,7,1,3,-70,0,848,8491,95,100,4,0,0
2275,12,8,1024,10,478,5,6,7,1,2,-70,1,1004,15200,137,100,2,0,0
2275,31,30,1792,0,480,6,11,5,1,2,-52,0,874,10745,114,100,3,0,0
2279,7,3,768,0,427,8,13,7,1,3,-70,0,782,8150,104,100,2,0,0
2277,26,21,1536,0,496,3,5,7,1,1,-52,0,726,11149,134,100,2,0,0
2276,27,22,1536,10,457,3,8,5,1,1,-52,0,752,9212,122,100,2,0,0
2278,17,12,1280,0,475,2,10,7,1,1,-52,0,741,8568,122,100,1,0,0
2278,29,28,1536,0,465,3,8,7,1,1,-52,0,286,5978,129,100,1,0,0
2278,21,15,1280,0,590,4,5,7,1,1,-70,2,1873,15981,142,100,4,0,0
2279,3,1,512,10,473,8,5,7,1,1,-76,2,2225,23067,151,100,2,0,0
2279,13,9,1024,0,524,8,17,7,1,2,-70,1,1127,9664,102,100,2,0,0
2279,10,5,768,0,627,3,11,7,1,1,-52,0,496,5164,129,100,2,0,0
2279,14,8,1024,0,575,6,13,7,1,2,-70,1,675,7002,134,100,2,0,0
2280,11,5,768,0,610,8,2,7,1,2,-70,1,1450,16420,144,100,5,0,0
2278,24,18,1280,0,462,5,13,7,1,1,-70,2,862,7395,128,100,1,0,0
2280,28,18,1280,0,464,2,4,7,1,1,-95,1,866,12171,136,100,2,0,0
2279,25,21,1536,0,616,5,11,7,1,2,-70,0,610,8199,133,100,4,0,0
2282,16,11,1024,0,626,5,5,7,1,2,-52,0,996,7898,138,100,3,0,0
2282,8,4,768,0,470,5,10,7,2,2,-70,10,3624,21092,147,100,2,0,0
2283,2,3,768,0,501,7,5,5,1,2,-52,0,495,9021,139,100,1,0,0
2282,19,13,1280,0,562,7,20,7,1,3,-70,0,526,5032,96,100,2,0,0
2281,18,8,1024,10,484,4,8,7,1,1,-95,8,3330,23622,146,100,1,0,0
2282,9,4,768,30,619,5,9,7,1,1,-52,6,2553,16488,149,100,3,0,0
2282,20,14,1280,0,646,3,10,7,1,1,-70,0,928,11556,134,100,4,0,0
2282,22,18,1280,0,466,5,7,7,1,1,-70,1,946,9291,124,100,1,0,0
2280,15,9,1024,10,471,5,237,7,1,1,-70,3,1501,11681,145,100,3,1,3
2283,5,1,512,0,602,8,2,7,1,1,-76,4,2884,26357,152,100,4,0,0
2281,26,21,1536,0,497,3,5,7,1,1,-52,0,273,4553,134,100,0,0,0
2282,12,8,1024,0,480,5,6,7,1,2,-70,1,1026,11921,138,100,1,0,0
2285,4,1,512,0,455,7,5,7,2,1,-61,10,7413,35899,152,100,2,0,0
2285,1,0,256,0,15,0,0,3,0,0,0,10,2513,22921,3914,100,2,0,0
2283,30,24,1536,0,432,7,6,7,1,3,-70,1,1445,13808,133,100,2,0,0
2284,6,5,768,0,493,5,5,5,1,2,-52,0,856,10728,134,100,2,0,0
2284,13,9,1024,0,527,8,17,7,1,2,-70,1,989,7471,102,100,2,0,0
2283,27,22,1536,0,459,3,8,5,1,1,-52,0,581,6935,122,100,1,0,0
2286,10,5,768,0,629,3,11,7,1,1,-52,0,549,6546,130,100,2,0,0
2288,7,3,768,0,428,8,13,7,1,3,-70,0,439,8197,104,100,1,0,0
2285,21,15,1280,0,592,4,5,7,1,1,-70,2,1224,14346,142,100,3,0,0
2286,23,18,1280,0,392,4,21,7,1,1,-52,0,725,11607,91,100,2,0,0
2285,31,30,1792,0,484,6,11,5,1,2,-52,0,820,10099,115,100,1,0,0
2287,9,4,768,10,621,5,9,7,1,1,-52,6,1380,10614,149,100,2,0,0
2286,25,21,1536,0,620,5,11,7,1,2,-70,0,765,7031,134,100,2,0,0
2289,11,5,768,0,613,8,2,7,1,2,-70,1,1044,13014,144,100,3,0,0
2288,19,13,1280,10,566,7,20,7,1,3,-70,0,601,6490,96,100,2,0,0
2288,18,8,1024,0,485,4,8,7,1,1,-95,8,1931,16852,146,100,2,0,0
2288,20,14,1280,0,649,3,10,7,1,1,-70,0,603,6063,134,100,2,0,0
2290,1,0,256,0,15,0,0,3,0,0,0,10,1244,12037,3922,100,0,0,0
2289,3,1,512,10,478,8,5,7,1,1,-76,2,2094,20529,152,100,2,0,0
2289,17,12,1280,0,479,2,10,7,1,1,-52,0,940,10783,123,100,2,0,0
2289,24,18,1280,0,464,5,13,7,1,1,-70,2,1237,13875,129,100,1,0,0
2290,2,3,768,0,505,7,5,5,1,2,-52,0,808,6797,139,100,2,0,0
2289,14,8,1024,0,579,6,13,7,1,2,-70,1,1438,13573,135,100,4,0,0
2288,12,8,1024,10,480,5,6,7,1,2,-70,1,456,9034,138,100,1,0,0
2289,15,9,1024,10,474,5,239,7,1,1,-70,3,1759,15441,145,100,3,1,3
2288,29,28,1536,10,468,3,8,7,1,1,-52,0,808,10629,130,100,2,0,0
2291,26,21,1536,0,501,3,5,7,1,1,-52,0,915,9860,135,100,2,0,0
2292,16,11,1024,0,631,5,5,7,1,2,-52,0,954,9852,138,100,4,0,0
2293,8,4,768,0,471,5,10,7,2,2,-70,10,4157,27682,148,100,2,0,0
2292,27,22,1536,0,463,3,8,5,1,1,-52,0,835,7918,122,100,2,0,0
2292,6,5,768,0,493,5,5,5,1,2,-52,0,430,7720,135,100,1,0,0
2293,4,1,512,0,457,7,5,7,2,1,-61,10,5077,25830,152,100,2,0,0
2292,28,18,1280,0,470,2,4,7,1,1,-95,1,1616,15225,137,100,3,0,0
2293,13,9,1024,0,531,8,17,7,1,2,-70,1,1202,11072,103,100,4,0,0
2294,1,0,256,0,15,0,0,3,0,0,0,10,1013,10079,3927,100,1,0,0
2292,18,8,1024,10,487,4,8,7,1,1,-95,8,1658,13368,147,100,0,0,0
2294,20,14,1280,0,652,3,10,7,1,1,-70,0,658,5914,135,100,2,0,0
2293,15,9,1024,0,476,5,240,7,1,1,-70,3,863,7871,145,100,2,1,3
2294,5,1,512,10,607,8,2,7,1,1,-76,4,2723,25407,153,100,4,0,0
2293,22,18,1280,0,468,5,7,7,1,1,-70,1,1350,15222,124,100,2,0,0
2294,30,24,1536,10,433,7,6,7,1,3,-70,1,948,12611,134,100,2,0,0
2296,10,5,768,0,635,3,11,7,1,1,-52,0,1130,10436,130,100,4,0,0
2296,23,18,1280,10,394,4,21,7,1,1,-52,0,581,9057,92,100,1,0,0
2297,9,4,768,10,623,5,9,7,1,1,-52,6,2778,20935,150,100,3,0,0
2296,21,15,1280,0,596,4,5,7,1,1,-70,2,1927,20367,143,100,3,0,0
2296,6,5,768,0,497,5,5,5,1,2,-52,0,687,4883,135,100,1,0,0
2297,7,3,768,0,429,8,13,7,1,3,-70,0,593,9913,105,100,2,0,0
2298,19,13,1280,0,568,7,20,7,1,3,-70,0,803,9373,97,100,3,0,0
2298,1,0,256,0,15,0,0,3,0,0,0,10,1415,11477,3941,100,1,0,0
2297,28,18,1280,0,472,2,4,7,1,1,-95,1,707,6655,137,100,1,0,0
2298,2,3,768,0,506,7,5,5,1,2,-52,0,494,8317,140,100,1,0,0
2297,26,21,1536,0,502,3,5,7,1,1,-52,0,393,6194,135,100,1,0,0
2298,13,9,1024,0,534,8,17,7,1,2,-70,1,934,7048,103,100,2,0,0
2299,11,5,768,0,617,8,2,7,1,2,-70,1,1416,16328,145,100,4,0,0
2298,31,30,1792,0,485,6,11,5,1,2,-52,0,717,10928,116,100,3,0,0
2296,25,21,1536,0,622,6,11,7,1,2,-70,0,744,10116,134,100,3,0,0
2300,3,1,512,10,481,8,5,7,1,1,-76,2,1679,19015,153,100,2,0,0
2298,30,24,1536,0,433,7,6,7,1,3,-70,1,537,5900,134,100,0,0,0
2299,27,22,1536,0,464,3,8,5,1,1,-52,0,449,6176,123,100,1,0,0
2299,24,18,1280,0,467,5,13,7,1,1,-70,2,1548,13858,129,100,2,0,0
2299,29,28,1536,0,473,3,8,7,1,1,-52,0,1048,11027,131,100,2,0,0
2301,4,1,512,10,461,7,5,7,2,1,-61,10,5783,27742,153,100,1,0,0
2301,10,5,768,0,638,3,11,7,1,1,-52,0,658,6000,131,100,2,0,0
2300,17,12,1280,0,480,2,10,7,1,1,-52,0,596,10139,124,100,2,0,0
2300,23,18,1280,10,396,4,21,7,1,1,-52,0,394,4318,92,100,1,0,0
2300,14,8,1024,0,583,6,13,7,1,2,-70,1,1345,14952,136,100,4,0,0
2300,12,8,1024,0,485,5,6,7,1,2,-70,1,1647,18517,139,100,2,0,0
2301,22,18,1280,0,468,5,7,7,1,1,-70,1,759,9347,125,100,2,0,0
2302,9,4,768,10,625,5,9,7,1,1,-52,6,1827,12478,150,100,2,0,0
2302,16,11,1024,0,636,5,5,7,1,2,-52,0,878,10091,139,100,2,0,0
2301,26,21,1536,0,502,3,5,7,1,1,-52,0,262,3918,135,100,1,0,0
2303,1,0,256,0,15,0,0,3,0,0,0,10,1409,13072,3949,100,1,0,0
2304,8,4,768,0,474,5,10,7,2,2,-70,10,5360,30659,149,100,2,0,0
2303,30,24,1536,10,433,7,6,7,1,3,-70,1,318,5261,134,100,1,0,0
2303,18,8,1024,10,489,4,8,7,1,1,-95,8,4102,30802,148,100,3,0,0
2305,3,1,512,10,483,8,5,7,1,1,-76,2,758,9649,153,100,1,0,0
2305,19,13,1280,0,570,7,20,7,1,3,-70,0,518,7214,97,100,2,0,0
2304,21,15,1280,10,602,4,5,7,1,1,-70,2,1960,16351,144,100,4,0,0
2305,28,18,1280,0,476,2,4,7,1,1,-95,1,1181,10709,138,100,3,0,0
2306,6,5,768,10,501,5,5,5,1,2,-52,0,781,8485,136,100,2,0,0
2306,20,14,1280,0,655,3,10,7,1,1,-70,0,862,11194,135,100,5,0,0
2306,5,1,512,10,612,8,2,7,1,1,-76,4,3238,27742,154,100,4,0,0
2306,15,9,1024,20,479,5,242,7,1,1,-70,3,2423,21061,146,100,4,1,3
2305,25,21,1536,0,624,6,11,7,1,2,-70,0,565,7519,135,100,2,0,0
2306,24,18,1280,0,467,5,13,7,1,1,-70,2,701,9723,130,100,1,0,0
2308,8,4,768,10,474,5,10,7,2,2,-70,10,1577,11659,149,100,0,0,0
2306,31,30,1792,0,486,6,11,5,1,2,-52,0,419,7735,116,100,1,0,0
2307,29,28,1536,0,474,3,8,7,1,1,-52,0,516,7390,131,100,2,0,0
2307,12,8,1024,10,486,5,6,7,1,2,-70,1,603,9244,140,100,2,0,0
2308,2,3,768,0,508,7,5,5,1,2,-52,0,642,9091,140,100,2,0,0
2309,11,5,768,0,620,8,2,7,1,2,-70,1,1233,15618,146,100,2,0,0
2307,26,21,1536,0,503,3,5,7,1,1,-52,0,449,6162,136,100,1,0,0
2309,7,3,768,0,434,8,13,7,1,3,-70,0,1141,11677,106,100,3,0,0
2307,14,8,1024,0,585,6,13,7,1,2,-70,1,1034,10059,136,100,3,0,0
2309,16,11,1024,0,638,5,5,7,1,2,-52,0,672,6972,140,100,3,0,0
2307,27,22,1536,10,466,3,8,5,1,1,-52,0,658,8274,124,100,2,0,0
2308,21,15,1280,0,602,4,5,7,1,1,-70,2,835,8105,144,100,1,0,0
2307,17,12,1280,10,481,2,10,7,1,1,-52,0,516,7803,124,100,2,0,0
2308,23,18,1280,0,397,4,21,7,1,1,-52,0,571,8179,93,100,2,0,0
2309,25,21,1536,0,627,6,11,7,1,2,-70,0,572,4025,135,100,3,0,0
2310,18,8,1024,40,489,4,8,7,1,1,-95,8,2534,19019,148,100,1,0,0
2312,1,0,256,0,15,0,0,3,0,0,0,10,2425,22534,3966,100,1,0,0
2309,13,9,1024,0,538,8,17,7,1,2,-70,1,1281,14288,104,100,4,0,0
2312,4,1,512,30,466,7,5,7,2,1,-61,10,7971,37891,153,100,2,0,0
2309,28,18,1280,0,477,3,4,7,1,1,-95,1,782,6188,138,100,1,0,0
2312,10,5,768,0,641,3,11,7,1,1,-52,0,739,10589,131,100,4,0,0
2309,30,24,1536,0,433,7,6,7,1,3,-70,1,807,9224,135,100,1,0,0
2309,22,18,1280,0,470,5,7,7,1,1,-70,1,1024,11579,126,100,1,0,0
2311,29,28,1536,0,476,3,8,7,1,1,-52,0,435,4819,132,100,0,0,0
2312,14,8,1024,10,587,6,13,7,1,2,-70,1,449,4931,136,100,2,0,0
2313,6,5,768,0,502,5,5,5,1,2,-52,0,522,7294,136,100,1,0,0
2314,3,1,512,0,487,8,5,7,1,1,-76,2,1765,18198,154,100,2,0,0
2310,31,30,1792,10,487,6,11,5,1,2,-52,0,426,4748,117,100,1,0,0
2312,19,13,1280,0,574,7,20,7,1,3,-70,0,782,8459,98,100,3,0,0
2313,9,4,768,0,629,5,9,7,1,1,-52,6,3395,23865,151,100,4,0,0
2312,24,18,1280,0,470,5,13,7,1,1,-70,2,1406,9476,130,100,2,0,0
2314,5,1,512,0,613,8,2,7,1,1,-76,4,1737,17699,154,100,3,0,0
2312,27,22,1536,0,467,3,8,5,1,1,-52,0,329,4686,124,100,0,0,0
2315,11,5,768,0,621,8,2,7,1,2,-70,1,681,10103,146,100,2,0,0
2315,20,14,1280,0,659,3,10,7,1,1,-70,0,790,9538,136,100,2,0,0
2314,21,15,1280,0,605,4,5,7,1,1,-70,2,980,10850,144,100,2,0,0
2314,12,8,1024,0,486,5,6,7,1,2,-70,1,840,12057,140,100,1,0,0
2315,23,18,1280,0,400,4,21,7,1,1,-52,0,607,6594,93,100,1,0,0
2318,8,4,768,10,476,5,10,7,2,2,-70,10,5252,28302,150,100,2,0,0
2316,13,9,1024,0,539,8,17,7,1,2,-70,1,778,8572,104,100,1,0,0
2317,2,3,768,10,512,7,5,5,1,2,-52,0,781,8188,141,100,2,0,0
2316,15,9,1024,0,483,5,246,7,1,1,-70,3,2323,20453,147,100,6,1,3
2316,22,18,1280,0,471,5,7,7,1,1,-70,1,783,8928,126,100,1,0,0
2317,28,18,1280,0,479,3,4,7,1,1,-95,1,930,10118,139,100,1,0,0
2316,30,24,1536,10,435,7,6,7,1,3,-70,1,866,9318,135,100,2,0,0
2318,19,13,1280,10,576,7,20,7,1,3,-70,0,470,5199,98,100,2,0,0
2317,17,12,1280,0,485,2,10,7,1,1,-52,0,886,9490,125,100,1,0,0
2318,7,3,768,10,435,8,13,7,1,3,-70,0,441,8666,107,100,1,0,0
2319,16,11,1024,0,642,5,5,7,1,2,-52,0,726,8129,140,100,3,0,0
2320,4,1,512,0,467,7,5,7,2,1,-61,10,5373,25752,154,100,1,0,0
2318,18,8,1024,0,491,4,8,7,1,1,-95,8,3143,24050,149,100,1,0,0
2318,25,21,1536,0,631,6,11,7,1,2,-70,0,813,9830,136,100,2,0,0
2320,1,0,256,0,15,0,0,3,0,0,0,10,2499,22349,3982,100,2,0,0
2320,6,5,768,0,502,5,5,5,1,2,-52,0,460,6789,137,100,2,0,0
2319,26,21,1536,0,505,3,5,7,1,1,-52,0,669,11364,136,100,2,0,0
2320,24,18,1280,10,471,5,13,7,1,1,-70,2,747,9651,131,100,1,0,0
2321,10,5,768,10,645,3,11,7,1,1,-52,0,802,8957,132,100,3,0,0
2320,31,30,1792,0,488,6,11,5,1,2,-52,0,540,8847,117,100,2,0,0
2320,27,22,1536,0,470,3,8,5,1,1,-52,0,728,8108,124,100,2,0,0
2321,14,8,1024,0,591,6,13,7,1,2,-70,1,1275,12723,137,100,2,0,0
2320,29,28,1536,0,479,3,8,7,1,1,-52,0,920,9631,132,100,2,0,0
2323,8,4,768,0,479,5,10,7,2,2,-70,10,2806,15197,150,100,1,0,0
2323,7,3,768,0,436,8,13,7,1,3,-70,0,424,4096,107,100,1,0,0
2322,13,9,1024,0,542,8,17,7,1,2,-70,1,918,8287,105,100,3,0,0
2322,20,14,1280,0,663,3,10,7,1,1,-70,0,727,8093,136,100,3,0,0
2322,23,18,1280,0,402,4,21,7,1,1,-52,0,518,6703,93,100,2,0,0
2324,3,1,512,0,489,8,5,7,1,1,-76,2,1510,18970,154,100,1,0,0
2322,30,24,1536,0,436,7,6,7,1,3,-70,1,689,7031,136,100,1,0,0
2323,5,1,512,10,617,8,2,7,1,1,-76,4,2216,21107,155,100,2,0,0
2323,18,8,1024,10,493,4,8,7,1,1,-95,8,2071,13668,149,100,2,0,0
2324,9,4,768,0,633,5,9,7,1,1,-52,6,2820,22511,151,100,4,0,0
2325,2,3,768,0,513,7,5,5,1,2,-52,0,522,7072,141,100,1,0,0
2324,12,8,1024,0,493,5,6,7,1,2,-70,1,1681,15867,141,100,2,0,0
2324,29,28,1536,0,480,3,8,7,1,1,-52,0,461,4411,133,100,2,0,0
2325,31,30,1792,0,488,6,11,5,1,2,-52,0,343,5172,118,100,1,0,0
2325,15,9,1024,10,484,5,248,7,1,1,-70,3,1275,14462,148,100,5,1,3
2326,6,5,768,0,503,5,5,5,1,2,-52,0,390,6045,137,100,1,0,0
2327,11,5,768,0,629,8,2,7,1,2,-70,1,1922,19264,147,100,5,0,0
2326,13,9,1024,0,542,8,17,7,1,2,-70,1,439,5122,105,100,1,0,0
2326,14,8,1024,0,594,6,13,7,1,2,-70,1,907,7021,137,100,2,0,0
2325,17,12,1280,0,486,2,10,7,1,1,-52,0,635,7933,126,100,3,0,0
2326,21,15,1280,0,611,5,5,7,1,1,-70,2,2273,23052,145,100,5,0,0
2327,10,5,768,0,648,3,11,7,1,1,-52,0,601,6680,132,100,2,0,0
2326,22,18,1280,0,473,5,7,7,1,1,-70,1,1200,13363,127,100,2,0,0
2326,25,21,1536,0,635,6,11,7,1,2,-70,0,824,7761,136,100,4,0,0
2327,28,18,1280,0,480,3,4,7,1,1,-95,1,1108,13180,139,100,2,0,0
2329,8,4,768,0,479,5,10,7,2,2,-70,10,3416,18999,150,100,1,0,0
2329,4,1,512,10,469,7,5,7,2,1,-61,10,6913,33107,155,100,2,0,0
2330,16,11,1024,0,645,5,5,7,1,2,-52,0,826,11610,141,100,3,0,0
2330,7,3,768,0,437,8,13,7,1,3,-70,0,391,6273,107,100,1,0,0
2329,20,14,1280,0,664,3,10,7,1,1,-70,0,565,7040,137,100,3,0,0
2331,1,0,256,0,15,0,0,3,0,0,0,10,2962,26461,4003,100,2,0,0
2329,19,13,1280,0,579,7,21,7,1,3,-70,0,946,11834,99,100,6,0,0
2331,6,5,768,0,504,5,5,5,1,2,-52,0,269,3966,137,100,0,0,0
2329,18,8,1024,10,494,4,8,7,1,1,-95,8,1769,17520,149,100,1,0,0
2329,30,24,1536,0,437,7,6,7,1,3,-70,1,997,10243,136,100,1,0,0
2330,24,18,1280,0,476,5,13,7,1,1,-70,2,1956,15401,131,100,4,0,0
2332,3,1,512,10,491,8,5,7,1,1,-76,2,1341,14678,155,100,2,0,0
2330,31,30,1792,0,492,6,11,5,1,2,-52,0,691,5619,118,100,1,0,0
2330,15,9,1024,0,484,5,249,7,1,1,-70,3,918,8515,148,100,2,1,3
2332,9,4,768,10,638,5,9,7,1,1,-52,6,2936,19104,152,100,3,0,0
2331,27,22,1536,0,473,3,8,5,1,1,-52,0,832,11247,125,100,2,0,0
2331,13,9,1024,0,544,8,17,7,1,2,-70,1,681,6892,105,100,2,0,0
2333,22,18,1280,0,473,5,7,7,1,1,-70,1,555,7210,127,100,1,0,0
2331,26,21,1536,0,508,3,5,7,1,1,-52,0,833,11693,137,100,2,0,0
2334,8,4,768,0,480,5,10,7,2,2,-70,10,2075,13837,151,100,1,0,0
2331,25,21,1536,0,637,7,11,7,1,2,-70,0,637,6368,137,100,1,0,0
2333,12,8,1024,10,496,5,6,7,1,2,-70,1,895,13443,141,100,1,0,0
2336,5,1,512,0,623,8,2,7,1,1,-76,4,2957,26855,156,100,4,0,0
2334,23,18,1280,10,405,4,21,7,1,1,-52,0,719,11645,94,100,3,0,0
2334,10,5,768,10,651,3,11,7,1,1,-52,0,656,7054,133,100,2,0,0
2334,30,24,1536,0,438,7,6,7,1,3,-70,1,694,6467,136,100,1,0,0
2335,15,9,1024,0,487,5,250,7,1,1,-70,3,1456,9148,148,100,2,1,3
2335,28,18,1280,10,481,3,4,7,1,1,-95,1,591,8960,140,100,1,0,0
2334,17,12,1280,0,489,2,10,7,1,1,-52,0,650,8814,126,100,2,0,0
2336,11,5,768,0,634,8,2,7,1,2,-70,1,1298,15139,147,100,2,0,0
2338,2,3,768,0,517,7,5,5,1,2,-52,0,936,11566,142,100,2,0,0
2337,1,0,256,0,15,0,0,3,0,0,0,10,1659,15911,4014,100,1,0,0
2335,21,15,1280,20,616,5,5,7,1,1,-70,2,2189,18864,146,100,3,0,0
2336,14,8,1024,0,601,6,13,7,1,2,-70,1,1575,13624,138,100,4,0,0
2336,18,8,1024,0,495,4,8,7,1,1,-95,8,2625,18042,150,100,3,0,0
2336,19,13,1280,10,579,7,21,7,1,3,-70,0,287,6060,99,100,1,0,0
2335,31,30,1792,0,497,6,11,5,1,2,-52,0,822,5546,118,100,1,0,0
2339,7,3,768,0,440,8,13,7,1,3,-70,0,783,8291,108,100,2,0,0
2338,9,4,768,0,639,5,9,7,1,1,-52,6,1894,12991,152,100,1,0,0
2339,16,11,1024,0,650,5,5,7,1,2,-52,0,993,9284,142,100,3,0,0
2338,10,5,768,0,653,3,11,7,1,1,-52,0,500,4589,133,100,1,0,0
2336,29,28,1536,10,482,3,8,7,1,1,-52,0,663,10893,134,100,3,0,0
2338,24,18,1280,10,478,5,13,7,1,1,-70,2,1257,10584,132,100,1,0,0
2340,8,4,768,0,481,5,10,7,2,2,-70,10,3042,17267,151,100,1,0,0
2340,3,1,512,0,492,8,5,7,1,1,-76,2,1279,15677,155,100,1,0,0
2337,27,22,1536,0,473,3,8,5,1,1,-52,0,343,5561,126,100,1,0,0
2340,4,1,512,0,471,7,5,7,2,1,-61,10,7519,36800,155,100,2,0,0
2339,21,15,1280,0,618,5,5,7,1,1,-70,2,759,8055,146,100,2,0,0
2339,23,18,1280,0,407,4,21,7,1,1,-52,0,641,5444,95,100,1,0,0
2342,6,5,768,0,506,5,5,5,1,2,-52,0,698,10063,138,100,2,0,0
2341,15,9,1024,10,488,5,252,7,1,1,-70,3,1051,10540,149,100,3,1,3
2341,11,5,768,0,637,8,2,7,1,2,-70,1,992,8567,148,100,2,0,0
2340,20,14,1280,10,668,3,10,7,1,1,-70,0,904,11063,138,100,4,0,0
2341,13,9,1024,10,550,8,17,7,1,2,-70,1,1305,12527,106,100,4,0,0
2340,30,24,1536,10,440,7,6,7,1,3,-70,1,996,9476,137,100,1,0,0
2342,2,3,768,0,519,7,5,5,1,2,-52,0,474,4645,142,100,1,0,0
2342,9,4,768,20,641,5,9,7,1,1,-52,6,1425,9560,153,100,2,0,0
2340,26,21,1536,10,511,4,5,7,1,1,-52,0,865,9463,138,100,2,0,0
2343,1,0,256,0,15,0,0,3,0,0,0,10,1879,16272,4029,100,1,0,0
2342,16,11,1024,0,651,5,5,7,1,2,-52,0,363,4049,142,100,2,0,0
2342,22,18,1280,10,474,5,7,7,1,1,-70,1,878,11255,128,100,2,0,0
2341,19,13,1280,0,580,7,21,7,1,3,-70,0,389,5204,99,100,2,0,0
2341,17,12,1280,0,490,2,10,7,1,1,-52,0,547,6454,127,100,2,0,0
2341,31,30,1792,0,499,6,11,5,1,2,-52,0,557,5920,119,100,1,0,0
2344,8,4,768,0,482,5,10,7,2,2,-70,10,2194,12731,152,100,1,0,0
2345,5,1,512,0,624,8,2,7,1,1,-76,4,2623,22905,156,100,3,0,0
2344,12,8,1024,0,498,5,6,7,1,2,-70,1,1490,17821,142,100,2,0,0
2344,21,15,1280,10,621,5,5,7,1,1,-70,2,946,9563,146,100,1,0,0
2345,18,8,1024,0,500,4,8,7,1,1,-95,8,3345,25771,150,100,1,0,0
2346,13,9,1024,10,553,8,17,7,1,2,-70,1,939,6757,106,100,2,0,0
2346,10,5,768,0,656,3,11,7,1,1,-52,0,747,7573,134,100,4,0,0
2347,1,0,256,0,15,0,0,3,0,0,0,10,1025,10471,4036,100,1,0,0
2347,4,1,512,30,472,7,5,7,2,1,-61,10,4753,23762,156,100,2,0,0
2343,25,21,1536,0,644,7,11,7,1,2,-70,0,1193,12205,137,100,4,0,0
2345,29,28,1536,0,483,3,8,7,1,1,-52,0,572,7758,134,100,2,0,0
2348,7,3,768,0,442,8,13,7,1,3,-70,0,643,9635,108,100,2,0,0
2348,14,8,1024,0,603,6,13,7,1,2,-70,1,1082,13495,139,100,4,0,0
2349,2,3,768,0,520,7,5,5,1,2,-52,0,446,6012,143,100,1,0,0
2346,28,18,1280,0,486,3,4,7,1,1,-95,1,1744,16170,141,100,2,0,0
2346,27,22,1536,0,475,3,8,5,1,1,-52,0,621,8215,126,100,2,0,0
2347,20,14,1280,0,669,3,10,7,1,1,-70,0,414,6543,138,100,2,0,0
2347,24,18,1280,0,482,5,13,7,1,1,-70,2,1486,13391,132,100,3,0,0
2346,17,12,1280,0,492,2,10,7,1,1,-52,0,495,5473,127,100,2,0,0
2348,23,18,1280,0,411,4,21,7,1,1,-52,0,923,9469,95,100,3,0,0
2350,3,1,512,10,495,8,5,7,1,1,-76,2,1791,19125,156,100,2,0,0
2349,16,11,1024,0,654,5,5,7,1,2,-52,0,625,6977,142,100,2,0,0
2350,15,9,1024,10,489,5,253,7,1,1,-70,3,1440,15088,149,100,2,1,3
2351,6,5,768,0,508,5,5,5,1,2,-52,0,699,9081,139,100,2,0,0
2349,21,15,1280,0,623,5,5,7,1,1,-70,2,1059,10001,147,100,1,0,0
2351,8,4,768,0,483,5,10,7,2,2,-70,10,3016,20075,152,100,1,0,0
2350,31,30,1792,0,501,6,11,5,1,2,-52,0,595,8256,119,100,1,0,0
2352,5,1,512,0,628,8,2,7,1,1,-76,4,1824,16972,157,100,3,0,0
2350,19,13,1280,0,582,7,21,7,1,3,-70,0,598,9412,100,100,2,0,0
2352,14,8,1024,0,607,6,13,7,1,2,-70,1,925,6453,139,100,2,0,0
2349,25,21,1536,0,649,7,11,7,1,2,-70,0,869,6106,138,100,3,0,0
2351,11,5,768,20,640,8,2,7,1,2,-70,1,1163,15500,149,100,4,0,0
2352,9,4,768,10,644,5,9,7,1,1,-52,6,2973,22055,153,100,4,0,0
2352,12,8,1024,0,501,5,6,7,1,2,-70,1,1052,12358,142,100,2,0,0
2352,28,18,1280,0,486,3,4,7,1,1,-95,1,465,6729,141,100,1,0,0
2352,24,18,1280,10,483,5,13,7,1,1,-70,2,813,6923,133,100,1,0,0
2352,26,21,1536,0,513,4,5,7,1,1,-52,0,792,12018,139,100,2,0,0
2355,7,3,768,0,442,8,13,7,1,3,-70,0,340,6123,109,100,1,0,0
2352,30,24,1536,20,443,7,6,7,1,3,-70,1,1452,15882,138,100,2,0,0
2354,10,5,768,0,658,3,11,7,1,1,-52,0,517,7409,134,100,2,0,0
2354,13,9,1024,0,555,8,17,7,1,2,-70,1,949,10216,107,100,2,0,0
2355,18,8,1024,20,503,4,8,7,1,1,-95,8,3356,24446,151,100,2,0,0
2354,16,11,1024,0,657,5,5,7,1,2,-52,0,633,5284,143,100,2,0,0
2354,22,18,1280,20,476,5,7,7,1,1,-70,1,1156,14725,129,100,2,0,0
2355,1,0,256,0,15,0,0,3,0,0,0,10,2369,21736,4053,100,1,0,0
2354,20,14,1280,0,671,3,10,7,1,1,-70,0,551,6720,139,100,2,0,0
2356,6,5,768,0,509,5,5,5,1,2,-52,0,366,4805,139,100,1,0,0
2356,4,1,512,10,476,7,5,7,2,1,-61,10,6532,30925,156,100,1,0,0
2355,15,9,1024,0,489,5,255,7,1,1,-70,3,962,8929,149,100,3,1,3
2357,14,8,1024,0,611,6,13,7,1,2,-70,1,920,6264,139,100,1,0,0
2356,5,1,512,0,631,8,2,7,1,1,-76,4,1665,11805,157,100,2,0,0
2356,29,28,1536,0,487,3,8,7,1,1,-52,0,909,10796,135,100,3,0,0
2356,21,15,1280,0,625,5,5,7,1,1,-70,2,1242,11954,147,100,4,0,0
2356,19,13,1280,0,585,7,21,7,1,3,-70,0,658,6527,101,100,2,0,0
2356,26,21,1536,10,515,4,5,7,1,1,-52,0,477,4279,139,100,1,0,0
2358,8,4,768,20,487,5,10,7,2,2,-70,10,4114,22079,153,100,2,0,0
2359,23,18,1280,0,413,4,21,7,1,1,-52,0,580,8638,96,100,1,0,0
2359,2,3,768,0,526,7,5,5,1,2,-52,0,1113,11072,144,100,2,0,0
2357,25,21,1536,0,651,7,11,7,1,2,-70,0,519,6820,138,100,2,0,0
2357,27,22,1536,10,476,3,8,5,1,1,-52,0,594,9802,127,100,2,0,0
2358,30,24,1536,0,443,7,6,7,1,3,-70,1,518,7205,138,100,1,0,0
2359,15,9,1024,0,490,5,256,7,1,1,-70,3,1004,7738,150,100,2,1,3
2358,17,12,1280,0,493,3,10,7,1,1,-52,0,699,10838,128,100,2,0,0
2361,24,18,1280,0,487,5,13,7,1,1,-70,2,1232,9871,133,100,1,0,0
2360,3,1,512,10,497,8,5,7,1,1,-76,2,1670,21575,157,100,2,0,0
2361,7,3,768,0,443,8,13,7,1,3,-70,0,415,6485,109,100,1,0,0
2360,9,4,768,20,647,5,9,7,1,1,-52,6,2643,18247,154,100,3,0,0
2360,28,18,1280,0,487,3,4,7,1,1,-95,1,809,9877,141,100,2,0,0
2360,10,5,768,10,662,3,11,7,1,1,-52,0,757,7004,135,100,3,0,0
2360,31,30,1792,0,506,6,11,5,1,2,-52,0,1023,10268,120,100,2,0,0
2362,4,1,512,20,477,7,5,7,2,1,-61,10,4169,20288,157,100,1,0,0
2362,13,9,1024,0,559,8,17,7,1,2,-70,1,1200,11051,107,100,3,0,0
2361,20,14,1280,0,676,3,10,7,1,1,-70,0,931,7404,139,100,4,0,0
2362,21,15,1280,0,627,5,5,7,1,1,-70,2,1182,11918,148,100,2,0,0
2363,11,5,768,0,645,8,2,7,1,2,-70,1,1699,18662,149,100,4,0,0
2364,12,8,1024,0,502,5,6,7,1,2,-70,1,1222,15734,143,100,2,0,0
2363,18,8,1024,0,505,4,8,7,1,1,-95,8,3083,24892,151,100,1,0,0
2363,19,13,1280,0,589,7,21,7,1,3,-70,0,800,6403,101,100,4,0,0
2362,22,18,1280,10,479,5,7,7,1,1,-70,1,1231,12024,129,100,2,0,0
2363,29,28,1536,0,488,3,8,7,1,1,-52,0,418,6433,135,100,1,0,0
2363,16,11,1024,10,664,5,5,7,1,2,-52,0,1061,8913,143,100,4,0,0
2365,2,3,768,10,528,7,5,5,1,2,-52,0,475,5479,144,100,1,0,0
2364,5,1,512,0,634,8,2,7,1,1,-76,4,1966,18895,158,100,3,0,0
2365,23,18,1280,10,414,4,21,7,1,1,-52,0,393,6258,96,100,1,0,0
2366,8,4,768,0,487,5,10,7,2,2,-70,10,3334,19894,153,100,1,0,0
2367,4,1,512,0,477,7,5,7,2,1,-61,10,2628,13994,157,100,1,0,0
2366,10,5,768,0,666,3,11,7,1,1,-52,0,708,6387,135,100,2,0,0
2367,1,0,256,0,15,0,0,3,0,0,0,10,3300,30190,4075,100,2,0,0
2367,14,8,1024,0,617,6,13,7,1,2,-70,1,1576,14795,140,100,4,0,0
2366,6,5,768,0,510,5,5,5,1,2,-52,0,615,10723,140,100,2,0,0
2366,9,4,768,10,651,5,9,7,1,1,-52,6,1738,13057,154,100,3,0,0
2367,22,18,1280,0,482,5,7,7,1,1,-70,1,625,5807,129,100,0,0,0
2365,17,12,1280,10,495,3,10,7,1,1,-52,0,527,7227,128,100,1,0,0
2369,30,24,1536,0,443,7,6,7,1,3,-70,1,788,10111,139,100,2,0,0
2367,19,13,1280,0,591,7,21,7,1,3,-70,0,374,4253,101,100,1,0,0
2366,27,22,1536,0,481,3,8,5,1,1,-52,0,967,9734,127,100,2,0,0
2367,26,21,1536,0,519,4,5,7,1,1,-52,0,940,11111,140,100,2,0,0
2369,28,18,1280,0,489,3,4,7,1,1,-95,1,1024,10948,142,100,1,0,0
2369,3,1,512,10,502,8,5,7,1,1,-76,2,1735,17407,157,100,2,0,0
2367,25,21,1536,0,655,7,11,7,1,2,-70,0,904,10687,139,100,4,0,0
2370,18,8,1024,30,505,4,8,7,1,1,-95,8,2596,19130,152,100,1,0,0
2370,20,14,1280,10,679,3,10,7,1,1,-70,0,626,7263,140,100,2,0,0
2369,21,15,1280,0,630,5,5,7,1,1,-70,2,1399,13737,148,100,2,0,0
2370,16,11,1024,0,668,5,5,7,1,2,-52,0,873,7870,144,100,2,0,0
2370,24,18,1280,10,492,5,13,7,1,1,-70,2,1686,13877,134,100,3,0,0
2368,31,30,1792,0,507,6,11,5,1,2,-52,0,573,7470,121,100,2,0,0
2371,15,9,1024,0,492,5,260,7,1,1,-70,3,2107,21035,151,100,6,1,3
2371,23,18,1280,0,416,4,21,7,1,1,-52,0,672,6177,97,100,3,0,0
2372,13,9,1024,0,563,8,17,7,1,2,-70,1,1355,12181,108,100,4,0,0
2371,10,5,768,0,668,3,11,7,1,1,-52,0,565,5499,135,100,1,0,0
2371,7,3,768,0,447,8,13,7,1,3,-70,0,979,11780,110,100,2,0,0
2372,2,3,768,0,530,7,5,5,1,2,-52,0,699,8078,145,100,2,0,0
2372,29,28,1536,0,489,3,8,7,1,1,-52,0,583,8447,136,100,2,0,0
2374,8,4,768,0,490,5,10,7,2,2,-70,10,3956,23710,154,100,1,0,0
2374,14,8,1024,0,620,6,13,7,1,2,-70,1,964,8845,140,100,2,0,0
2374,28,18,1280,0,490,3,4,7,1,1,-95,1,661,6871,142,100,1,0,0
2374,1,0,256,0,15,0,0,3,0,0,0,10,2310,19094,4093,100,2,0,0
2374,5,1,512,0,638,8,2,7,1,1,-76,4,2630,22892,158,100,4,0,0
2374,18,8,1024,10,505,4,8,7,1,1,-95,8,1407,11923,152,100,1,0,0
2374,9,4,768,0,653,5,9,7,1,1,-52,6,2321,17176,155,100,2,0,0
2373,11,5,768,10,650,8,2,7,1,2,-70,1,1721,18221,150,100,4,0,0
2374,12,8,1024,10,504,5,6,7,1,2,-70,1,1204,17633,144,100,2,0,0
2375,4,1,512,10,478,7,5,7,2,1,-61,10,6367,30384,158,100,2,0,0
2373,27,22,1536,0,483,3,8,5,1,1,-52,0,580,6626,128,100,1,0,0
2373,25,21,1536,0,656,7,11,7,1,2,-70,0,389,5285,139,100,2,0,0
2374,31,30,1792,0,508,6,11,5,1,2,-52,0,394,6365,121,100,1,0,0
2374,26,21,1536,0,521,4,5,7,1,1,-52,0,622,7234,140,100,2,0,0
2376,21,15,1280,10,634,5,5,7,1,1,-70,2,1345,13308,149,100,3,0,0
2377,6,5,768,0,514,5,5,5,1,2,-52,0,857,10351,140,100,2,0,0
2378,30,24,1536,0,445,7,6,7,1,3,-70,1,1144,13081,139,100,1,0,0
2376,7,3,768,0,448,8,13,7,1,3,-70,0,392,5040,110,100,1,0,0
2377,22,18,1280,0,487,5,7,7,1,1,-70,1,1647,13853,130,100,2,0,0
2377,23,18,1280,0,418,4,21,7,1,1,-52,0,500,6343,97,100,1,0,0
2378,3,1,512,10,506,8,5,7,1,1,-76,2,1774,17284,158,100,1,0,0
2378,14,8,1024,0,621,6,13,7,1,2,-70,1,531,5987,141,100,2,0,0
2378,10,5,768,0,675,3,11,7,1,1,-52,0,1182,8269,136,100,3,0,0
2379,8,4,768,0,491,5,10,7,2,2,-70,10,2384,14136,154,100,1,0,0
2378,29,28,1536,0,494,3,8,7,1,1,-52,0,815,6645,136,100,2,0,0
2378,19,13,1280,0,595,7,21,7,1,3,-70,0,928,10987,102,100,4,0,0
2377,17,12,1280,0,499,3,10,7,1,1,-52,0,917,11257,129,100,2,0,0
2379,2,3,768,0,532,7,5,5,1,2,-52,0,497,6788,145,100,1,0,0
2381,13,9,1024,0,568,8,17,7,1,2,-70,1,1463,13168,108,100,3,0,0
2380,11,5,768,0,651,8,2,7,1,2,-70,1,524,9432,150,100,2,0,0
2381,4,1,512,0,479,7,5,7,2,1,-61,10,3466,18238,158,100,1,0,0
2379,16,11,1024,0,671,5,5,7,1,2,-52,0,894,9604,144,100,4,0,0
2381,24,18,1280,10,493,5,13,7,1,1,-70,2,1354,15397,135,100,2,0,0
2382,1,0,256,0,15,0,0,3,0,0,0,10,2054,19945,4106,100,1,0,0
2382,20,14,1280,10,684,3,10,7,1,1,-70,0,929,11743,140,100,4,0,0
2382,28,18,1280,0,491,3,4,7,1,1,-95,1,824,10651,143,100,1,0,0
2382,15,9,1024,0,495,5,264,7,1,1,-70,3,2003,20181,151,100,6,1,3
2383,6,5,768,0,517,5,5,5,1,2,-52,0,661,6150,141,100,1,0,0
2383,12,8,1024,0,505,5,6,7,1,2,-70,1,881,14119,145,100,1,0,0
2382,7,3,768,0,449,8,13,7,1,3,-70,0,447,5905,111,100,1,0,0
2382,26,21,1536,0,523,4,5,7,1,1,-52,0,580,7912,141,100,1,0,0
2383,22,18,1280,20,488,5,7,7,1,1,-70,1,483,7150,131,100,1,0,0
2384,3,1,512,0,507,8,5,7,1,1,-76,2,1104,11432,158,100,2,0,0
2384,18,8,1024,10,507,4,8,7,1,1,-95,8,3507,28094,153,100,2,0,0
2384,30,24,1536,0,449,7,6,7,1,3,-70,1,1009,8557,140,100,2,0,0
2385,9,4,768,20,657,5,9,7,1,1,-52,6,3019,23764,156,100,4,0,0
2385,5,1,512,0,645,8,2,7,1,1,-76,4,3153,27149,159,100,4,0,0
2384,21,15,1280,0,638,5,5,7,1,1,-70,2,1480,15760,149,100,3,0,0
2386,20,14,1280,10,686,3,10,7,1,1,-70,0,612,4250,141,100,2,0,0
2385,31,30,1792,0,510,6,11,5,1,2,-52,0,605,8716,122,100,1,0,0
2385,27,22,1536,10,487,3,8,5,1,1,-52,0,915,11301,129,100,2,0,0
2387,13,9,1024,10,573,8,17,7,1,2,-70,1,933,7259,109,100,2,0,0
2387,23,18,1280,0,420,4,21,7,1,1,-52,0,701,9321,98,100,2,0,0
2385,17,12,1280,0,501,3,10,7,1,1,-52,0,697,8479,130,100,3,0,0
2387,24,18,1280,0,494,5,13,7,1,1,-70,2,1049,8763,135,100,1,0,0
2386,19,13,1280,0,598,7,21,7,1,3,-70,0,700,7165,102,100,3,0,0
2387,14,8,1024,0,628,6,13,7,1,2,-70,1,1770,13273,141,100,4,0,0
2384,25,21,1536,0,660,7,11,7,1,2,-70,0,1025,10826,140,100,5,0,0
2388,10,5,768,0,680,3,11,7,1,1,-52,0,960,10303,136,100,3,0,0
2388,8,4,768,0,492,5,10,7,2,2,-70,10,4792,27740,154,100,2,0,0
2387,15,9,1024,0,497,5,265,7,1,1,-70,3,1145,8954,152,100,2,1,3
2389,28,18,1280,0,493,3,4,7,1,1,-95,1,762,8333,143,100,1,0,0
2388,11,5,768,0,653,8,2,7,1,2,-70,1,1225,14913,151,100,3,0,0
2389,18,8,1024,0,507,4,8,7,1,1,-95,8,1918,15018,153,100,1,0,0
2388,26,21,1536,0,525,4,5,7,1,1,-52,0,500,6385,141,100,1,0,0
2390,29,28,1536,0,498,3,8,7,1,1,-52,0,939,11435,137,100,2,0,0
2391,23,18,1280,0,420,4,21,7,1,1,-52,0,165,4177,98,100,0,0,0
2390,16,11,1024,10,678,5,5,7,1,2,-52,0,1123,11131,145,100,3,0,0
2391,1,0,256,0,15,0,0,3,0,0,0,10,2563,24318,4124,100,2,0,0
2391,9,4,768,20,660,5,9,7,1,1,-52,6,2321,14838,156,100,2,0,0
2391,19,13,1280,0,601,7,21,7,1,3,-70,0,652,5395,103,100,3,0,0
2391,2,3,768,0,535,7,5,5,1,2,-52,0,829,11237,146,100,2,0,0
2389,25,21,1536,0,665,7,11,7,1,2,-70,0,831,5843,141,100,2,0,0
2393,4,1,512,0,483,7,5,7,2,1,-61,10,8271,39728,159,100,2,0,0
2392,15,9,1024,0,498,5,266,7,1,1,-70,3,1145,8927,152,100,2,1,3
2393,20,14,1280,0,689,3,10,7,1,1,-70,0,627,7271,141,100,2,0,0
2392,30,24,1536,0,453,7,6,7,1,3,-70,1,1279,11647,140,100,1,0,0
2392,7,3,768,0,451,8,13,7,1,3,-70,0,643,9170,111,100,2,0,0
2393,22,18,1280,0,490,5,7,7,1,1,-70,1,1147,12441,131,100,2,0,0
2392,6,5,768,0,520,5,5,5,1,2,-52,0,805,10026,142,100,2,0,0
2394,12,8,1024,0,508,5,6,7,1,2,-70,1,1305,17514,145,100,2,0,0
2394,21,15,1280,0,643,5,5,7,1,1,-70,2,2075,19268,150,100,4,0,0
2394,17,12,1280,0,505,3,10,7,1,1,-52,0,739,8114,130,100,1,0,0
2394,16,11,1024,0,682,5,5,7,1,2,-52,0,697,4787,145,100,1,0,0
2396,31,30,1792,0,512,6,11,5,1,2,-52,0,809,9959,122,100,3,0,0
2395,3,1,512,0,509,8,5,7,1,1,-76,2,1723,22500,159,100,2,0,0
2397,13,9,1024,0,580,8,17,7,1,2,-70,1,1824,14198,109,100,4,0,0
2396,24,18,1280,10,498,5,14,7,1,1,-70,2,1551,13282,136,100,3,0,0
2397,15,9,1024,0,498,5,267,7,1,1,-70,3,653,7680,152,100,2,1,3
2398,20,14,1280,0,690,3,10,7,1,1,-70,0,364,4069,141,100,2,0,0
2396,2,3,768,0,537,7,5,5,1,2,-52,0,498,5193,146,100,1,0,0
2397,5,1,512,10,650,8,2,7,1,1,-76,4,2875,27358,160,100,4,0,0
2397,14,8,1024,0,631,6,13,7,1,2,-70,1,1276,12939,142,100,4,0,0
2398,1,0,256,0,15,0,0,3,0,0,0,10,1791,16699,4136,100,1,0,0
2397,7,3,768,0,451,8,13,7,1,3,-70,0,442,4952,112,100,1,0,0
2398,22,18,1280,20,491,5,7,7,1,1,-70,1,508,6354,132,100,1,0,0
2398,8,4,768,10,492,5,10,7,2,2,-70,10,4021,26712,155,100,2,0,0
2398,19,13,1280,0,606,7,21,7,1,3,-70,0,816,7278,103,100,2,0,0
2395,27,22,1536,0,488,3,8,5,1,1,-52,0,564,9882,129,100,2,0,0
2399,11,5,768,0,657,8,2,7,1,2,-70,1,1490,15383,152,100,3,0,0
2399,18,8,1024,20,508,4,8,7,1,1,-95,8,3115,25940,154,100,2,0,0
2399,4,1,512,20,484,7,5,7,2,1,-61,10,4346,21835,159,100,1,0,0
2399,10,5,768,0,686,3,11,7,1,1,-52,0,1141,11713,137,100,4,0,0
2397,28,18,1280,0,495,3,4,7,1,1,-95,1,1108,12274,144,100,2,0,0
2401,9,4,768,10,663,5,10,7,1,1,-52,6,2606,19212,157,100,4,0,0
2400,23,18,1280,0,422,4,21,7,1,1,-52,0,621,8185,98,100,2,0,0
2399,21,15,1280,0,646,5,5,7,1,1,-70,2,789,9000,150,100,2,0,0
2399,29,28,1536,0,502,3,8,7,1,1,-52,0,819,9620,138,100,1,0,0
2398,25,21,1536,10,668,7,11,7,1,2,-70,0,862,8518,141,100,3,0,0
2400,2,3,768,0,537,7,5,5,1,2,-52,0,259,3779,146,100,1,0,0
2401,16,11,1024,0,685,5,5,7,1,2,-52,0,772,6690,146,100,4,0,0
2402,12,8,1024,0,509,5,6,7,1,2,-70,1,1019,11177,146,100,2,0,0
2402,24,18,1280,0,500,5,14,7,1,1,-70,2,738,6994,136,100,1,0,0
2399,26,21,1536,0,529,4,5,7,1,1,-52,0,1009,11473,142,100,2,0,0
2401,30,24,1536,0,456,7,6,7,1,3,-70,1,1390,13451,141,100,2,0,0
2403,3,1,512,0,511,8,5,7,1,1,-76,2,1387,13889,160,100,2,0,0
2403,21,15,1280,0,647,5,5,7,1,1,-70,2,718,7737,150,100,1,0,0
2403,6,5,768,10,525,5,5,5,1,2,-52,0,964,10767,142,100,2,0,0
2404,20,14,1280,10,693,3,10,7,1,1,-70,0,575,6602,142,100,2,0,0
2404,22,18,1280,0,491,5,7,7,1,1,-70,1,674,8465,132,100,1,0,0
2405,5,1,512,0,651,8,2,7,1,1,-76,4,1753,17918,160,100,2,0,0
2405,4,1,512,10,487,7,5,7,2,1,-61,10,3993,19771,160,100,3,0,0
2404,27,22,1536,0,489,3,8,5,1,1,-52,0,473,8111,130,100,1,0,0
2406,11,5,768,10,658,8,2,7,1,2,-70,1,778,10834,152,100,3,0,0
2404,17,12,1280,0,508,3,10,7,1,1,-52,0,809,10268,131,100,2,0,0
2405,25,21,1536,0,670,7,11,7,1,2,-70,0,576,6549,142,100,2,0,0
2407,23,18,1280,0,424,4,21,7,1,1,-52,0,580,7539,99,100,1,0,0
2407,10,5,768,0,689,3,11,7,1,1,-52,0,773,7875,138,100,4,0,0
2407,15,9,1024,0,501,5,270,7,1,1,-70,3,2103,17945,153,100,6,1,3
2408,14,8,1024,0,638,6,13,7,1,2,-70,1,1699,13946,143,100,4,0,0
2408,13,9,1024,0,583,8,17,7,1,2,-70,1,1378,15096,110,100,4,0,0
2407,31,30,1792,0,514,6,11,5,1,2,-52,0,726,11034,123,100,2,0,0
2408,1,0,256,0,15,0,0,3,0,0,0,10,2896,26941,4159,100,2,0,0
2409,12,8,1024,0,512,5,6,7,1,2,-70,1,918,10139,146,100,1,0,0
2407,24,18,1280,0,502,5,14,7,1,1,-70,2,899,7938,136,100,1,0,0
2408,7,3,768,0,459,8,13,7,1,3,-70,0,1437,12095,113,100,4,0,0
2409,19,13,1280,0,613,7,21,7,1,3,-70,0,1249,11483,104,100,4,0,0
2409,5,1,512,0,652,8,2,7,1,1,-76,4,1054,9959,161,100,2,0,0
2410,8,4,768,0,495,5,10,7,2,2,-70,10,5320,32308,156,100,3,0,0
2409,28,18,1280,0,501,3,4,7,1,1,-95,1,1603,14515,145,100,2,0,0
2410,9,4,768,0,665,5,10,7,1,1,-52,6,2645,20537,157,100,3,0,0
2410,3,1,512,20,513,8,5,7,1,1,-76,2,1150,13190,160,100,2,0,0
2410,18,8,1024,10,513,4,8,7,1,1,-95,8,4182,30933,155,100,2,0,0
2409,2,3,768,0,540,7,5,5,1,2,-52,0,781,8632,147,100,2,0,0
2409,29,28,1536,10,505,3,8,7,1,1,-52,0,645,8976,138,100,2,0,0
2409,16,11,1024,0,687,5,5,7,1,2,-52,0,518,7960,146,100,2,0,0
2409,21,15,1280,10,648,5,5,7,1,1,-70,2,1177,13373,151,100,3,0,0
2408,26,21,1536,0,531,4,5,7,1,1,-52,0,623,8443,142,100,2,0,0
2409,30,24,1536,10,457,7,6,7,1,3,-70,1,663,9666,141,100,1,0,0
2411,10,5,768,0,690,3,11,7,1,1,-52,0,271,4674,138,100,0,0,0
2412,20,14,1280,0,696,3,10,7,1,1,-70,0,831,7915,142,100,3,0,0
2410,27,22,1536,0,490,3,8,5,1,1,-52,0,393,5332,130,100,1,0,0
2412,23,18,1280,10,424,4,21,7,1,1,-52,0,262,5053,99,100,1,0,0
2413,11,5,768,20,662,8,2,7,1,2,-70,1,1026,11196,153,100,3,0,0
2411,25,21,1536,0,673,7,11,7,1,2,-70,0,596,6016,142,100,3,0,0
2413,12,8,1024,0,515,5,6,7,1,2,-70,1,832,9554,147,100,1,0,0
2415,9,4,768,0,666,5,10,7,1,1,-52,6,1155,9066,157,100,2,0,0
2413,24,18,1280,0,502,5,14,7,1,1,-70,2,824,8187,137,100,1,0,0
2414,5,1,512,20,654,8,2,7,1,1,-76,4,1522,11813,161,100,2,0,0
2414,6,5,768,0,526,5,5,5,1,2,-52,0,617,10035,143,100,2,0,0
2415,8,4,768,30,497,5,10,7,2,2,-70,10,3224,17421,156,100,1,0,0
2415,4,1,512,30,490,7,5,7,2,1,-61,10,6948,33555,160,100,2,0,0
2412,28,18,1280,0,502,3,4,7,1,1,-95,1,723,5685,145,100,1,0,0
2415,13,9,1024,0,584,8,17,7,1,2,-70,1,794,8806,111,100,2,0,0
2415,17,12,1280,0,511,3,10,7,1,1,-52,0,786,8577,132,100,2,0,0
2414,22,18,1280,0,493,5,7,7,1,1,-70,1,1397,14152,133,100,2,0,0
2417,1,0,256,0,15,0,0,3,0,0,0,10,2345,21130,4175,100,2,0,0
2415,19,13,1280,0,616,7,21,7,1,3,-70,0,604,6148,104,100,2,0,0
2418,3,1,512,10,513,8,5,7,1,1,-76,2,985,13518,160,100,2,0,0
2417,14,8,1024,0,643,6,13,7,1,2,-70,1,1411,11921,143,100,2,0,0
2416,7,3,768,0,462,8,13,7,1,3,-70,0,631,7704,113,100,1,0,0
2416,31,30,1792,10,515,6,11,5,1,2,-52,0,475,8434,124,100,1,0,0
2417,11,5,768,10,664,8,2,7,1,2,-70,1,626,6752,153,100,1,0,0
2416,30,24,1536,0,461,7,6,7,1,3,-70,1,1281,10064,142,100,2,0,0
2416,28,18,1280,10,504,3,4,7,1,1,-95,1,779,6172,145,100,1,0,0
2417,10,5,768,0,694,3,11,7,1,1,-52,0,757,6277,139,100,3,0,0
2417,2,3,768,0,542,7,5,5,1,2,-52,0,577,7675,148,100,1,0,0
2418,15,9,1024,0,502,5,272,7,1,1,-70,3,1608,19055,154,100,5,1,3
2419,24,18,1280,10,502,5,14,7,1,1,-70,2,716,7285,137,100,1,0,0
2419,20,14,1280,10,702,3,10,7,1,1,-70,0,866,7003,143,100,3,0,0
2420,13,9,1024,0,586,8,17,7,1,2,-70,1,774,6969,111,100,2,0,0
2420,18,8,1024,0,516,4,8,7,1,1,-95,8,3804,29051,155,100,1,0,0
2418,26,21,1536,0,534,4,5,7,1,1,-52,0,808,9443,143,100,2,0,0
2420,21,15,1280,20,652,5,5,7,1,1,-70,2,1706,18087,151,100,3,0,0
2420,16,11,1024,0,693,5,5,7,1,2,-52,0,1117,11077,147,100,4,0,0
2421,31,30,1792,0,515,6,11,5,1,2,-52,0,288,4428,124,100,1,0,0
2420,29,28,1536,10,511,3,8,7,1,1,-52,0,1130,11899,139,100,2,0,0
2421,27,22,1536,0,494,3,8,5,1,1,-52,0,916,10395,131,100,2,0,0
2422,4,1,512,0,493,7,5,7,2,1,-61,10,5174,24703,161,100,1,0,0
2422,30,24,1536,0,463,7,6,7,1,3,-70,1,741,7254,142,100,1,0,0
2422,23,18,1280,10,427,4,21,7,1,1,-52,0,803,9630,100,100,3,0,0
2423,24,18,1280,0,504,5,14,7,1,1,-70,2,925,6633,137,100,1,0,0
2423,10,5,768,0,696,3,11,7,1,1,-52,0,590,6328,139,100,3,0,0
2424,3,1,512,10,514,8,5,7,1,1,-76,2,1041,13220,161,100,2,0,0
2423,12,8,1024,0,516,5,6,7,1,2,-70,1,1039,15688,147,100,2,0,0
2424,19,13,1280,0,618,7,21,7,1,3,-70,0,672,8444,105,100,3,0,0
2423,6,5,768,0,528,5,5,5,1,2,-52,0,602,9843,144,100,1,0,0
2425,8,4,768,20,500,5,10,7,2,2,-70,10,4599,27439,157,100,2,0,0
2424,15,9,1024,10,504,5,273,7,1,1,-70,3,1249,10148,154,100,3,1,3
2425,14,8,1024,0,648,6,13,7,1,2,-70,1,1364,12078,144,100,4,0,0
2422,25,21,1536,0,677,7,11,7,1,2,-70,0,1031,11158,143,100,4,0,0
2425,1,0,256,0,15,0,0,3,0,0,0,10,2347,22412,4192,100,1,0,0
2425,17,12,1280,0,514,3,10,7,1,1,-52,0,753,9784,132,100,2,0,0
2425,5,1,512,0,657,8,2,7,1,1,-76,4,2629,25560,162,100,4,0,0
2425,20,14,1280,0,705,3,10,7,1,1,-70,0,710,6436,143,100,2,0,0
2425,21,15,1280,20,654,5,5,7,1,1,-70,2,949,10100,152,100,2,0,0
2426,28,18,1280,0,506,3,4,7,1,1,-95,1,930,11144,146,100,1,0,0
2426,9,4,768,10,671,5,10,7,1,1,-52,6,3468,26463,158,100,4,0,0
2427,22,18,1280,0,496,5,7,7,1,1,-70,1,1213,14902,133,100,2,0,0
2424,26,21,1536,0,536,4,5,7,1,1,-52,0,556,6482,144,100,1,0,0
2427,10,5,768,0,697,3,11,7,1,1,-52,0,271,4159,139,100,0,0,0
2429,2,3,768,0,544,7,5,5,1,2,-52,0,642,9453,148,100,2,0,0
2427,11,5,768,0,670,8,2,7,1,2,-70,1,1631,16963,154,100,4,0,0
2426,7,3,768,10,465,8,13,7,1,3,-70,0,693,9955,114,100,3,0,0
2428,29,28,1536,0,512,3,8,7,1,1,-52,0,517,7514,139,100,2,0,0
2428,16,11,1024,0,694,5,5,7,1,2,-52,0,419,6959,147,100,1,0,0
2430,19,13,1280,0,621,7,21,7,1,3,-70,0,596,5282,105,100,3,0,0
2429,23,18,1280,0,430,4,21,7,1,1,-52,0,633,7200,100,100,1,0,0
2430,27,22,1536,0,496,3,8,5,1,1,-52,0,678,7555,132,100,2,0,0
2430,6,5,768,0,529,5,5,5,1,2,-52,0,487,6189,144,100,2,0,0
2431,12,8,1024,0,518,5,6,7,1,2,-70,1,943,11514,148,100,1,0,0
2432,8,4,768,10,502,5,10,7,2,2,-70,10,3526,21455,157,100,1,0,0
2431,5,1,512,0,661,8,2,7,1,1,-76,4,1966,15870,162,100,2,0,0
2432,14,8,1024,0,652,6,13,7,1,2,-70,1,1196,9673,144,100,2,0,0
2431,13,9,1024,0,590,8,17,7,1,2,-70,1,1495,15346,112,100,3,0,0
2432,18,8,1024,30,519,4,8,7,1,1,-95,8,4466,34494,156,100,2,0,0
2430,31,30,1792,0,516,6,11,5,1,2,-52,0,595,9044,125,100,2,0,0
2431,22,18,1280,0,497,5,7,7,1,1,-70,1,758,6304,134,100,1,0,0
2431,30,24,1536,0,463,7,6,7,1,3,-70,1,754,10983,143,100,1,0,0
2432,10,5,768,10,700,3,11,7,1,1,-52,0,632,5334,140,100,2,0,0
2433,11,5,768,0,674,8,2,7,1,2,-70,1,1061,9626,154,100,3,0,0
2431,25,21,1536,0,682,7,11,7,1,2,-70,0,836,8493,143,100,3,0,0
2434,4,1,512,0,494,7,5,7,2,1,-61,10,7235,38178,162,100,2,0,0
2433,15,9,1024,0,508,5,276,7,1,1,-70,3,1836,16400,155,100,5,1,3
2434,24,18,1280,0,508,5,14,7,1,1,-70,2,1581,15109,138,100,2,0,0
2432,26,21,1536,0,539,4,5,7,1,1,-52,0,728,7694,144,100,2,0,0
2435,20,14,1280,0,709,3,10,7,1,1,-70,0,904,9873,144,100,4,0,0
2435,17,12,1280,0,515,3,10,7,1,1,-52,0,498,9752,133,100,1,0,0
2435,1,0,256,0,15,0,0,3,0,0,0,10,2741,25725,4212,100,2,0,0
2436,2,3,768,0,546,7,5,5,1,2,-52,0,577,7769,149,100,1,0,0
2434,29,28,1536,20,514,3,8,7,1,1,-52,0,449,6064,140,100,1,0,0
2436,3,1,512,0,516,8,5,7,1,1,-76,2,1818,23042,162,100,2,0,0
2435,19,13,1280,0,623,7,21,7,1,3,-70,0,551,5604,106,100,2,0,0
2436,9,4,768,20,677,5,11,7,1,1,-52,6,3539,24498,159,100,5,0,0
2437,8,4,768,0,503,5,10,7,2,2,-70,10,2279,14358,158,100,1,0,0
2437,23,18,1280,0,431,4,21,7,1,1,-52,0,571,7424,101,100,2,0,0
2436,21,15,1280,10,657,5,5,7,1,1,-70,2,2031,20695,153,100,4,0,0
2437,10,5,768,10,702,3,11,7,1,1,-52,0,387,4057,140,100,2,0,0
2437,22,18,1280,20,500,5,7,7,1,1,-70,1,664,8258,134,100,1,0,0
2438,7,3,768,10,469,8,13,7,1,3,-70,0,858,10333,114,100,2,0,0
2438,6,5,768,0,531,5,5,5,1,2,-52,0,553,7057,145,100,1,0,0
2438,28,18,1280,0,508,3,4,7,1,1,-95,1,1449,15500,147,100,3,0,0
2437,27,22,1536,0,497,3,8,5,1,1,-52,0,417,6816,132,100,1,0,0
2438,24,18,1280,10,508,5,14,7,1,1,-70,2,349,5184,138,100,1,0,0
2438,16,11,1024,0,697,5,5,7,1,2,-52,0,796,9841,148,100,4,0,0
2439,12,8,1024,0,520,5,6,7,1,2,-70,1,972,12441,148,100,2,0,0
2439,11,5,768,0,675,8,2,7,1,2,-70,1,630,9099,154,100,1,0,0
2437,26,21,1536,0,541,4,5,7,1,1,-52,0,379,4472,144,100,0,0,0
2437,30,24,1536,10,463,7,6,7,1,3,-70,1,427,7677,143,100,1,0,0
2440,13,9,1024,10,595,8,17,7,1,2,-70,1,1251,11681,112,100,3,0,0
2440,19,13,1280,0,624,7,21,7,1,3,-70,0,370,4646,106,100,1,0,0
2439,31,30,1792,0,518,6,11,5,1,2,-52,0,622,8184,125,100,2,0,0
2442,20,14,1280,0,710,3,10,7,1,1,-70,0,388,5969,144,100,2,0,0
2439,25,21,1536,0,685,7,11,7,1,2,-70,0,676,7183,144,100,3,0,0
2443,5,1,512,0,664,8,2,7,1,1,-76,4,2748,24626,163,100,4,0,0
2441,17,12,1280,10,516,3,10,7,1,1,-52,0,491,6158,133,100,2,0,0
2441,23,18,1280,10,434,4,21,7,1,1,-52,0,380,4122,101,100,0,0,0
2443,7,3,768,0,469,8,13,7,1,3,-70,0,425,5033,115,100,1,0,0
2443,18,8,1024,0,523,4,8,7,1,1,-95,8,4000,29416,157,100,2,0,0
2443,2,3,768,10,547,7,5,5,1,2,-52,0,404,6579,149,100,2,0,0
2443,8,4,768,0,503,5,10,7,2,2,-70,10,3030,17616,158,100,1,0,0
2443,4,1,512,30,496,7,5,7,2,1,-61,10,6801,32818,162,100,2,0,0
2443,14,8,1024,0,654,6,13,7,1,2,-70,1,1304,14820,145,100,4,0,0
2442,15,9,1024,0,512,5,278,7,1,1,-70,3,2030,16520,155,100,3,1,3
2443,27,22,1536,0,501,3,8,5,1,1,-52,0,714,6368,132,100,1,0,0
2445,3,1,512,0,517,8,5,7,1,1,-76,2,1449,16504,162,100,2,0,0
2444,13,9,1024,0,595,8,17,7,1,2,-70,1,532,5412,113,100,1,0,0
2444,10,5,768,10,705,3,11,7,1,1,-52,0,601,7372,140,100,2,0,0
2445,11,5,768,0,678,8,2,7,1,2,-70,1,882,9355,155,100,3,0,0
2445,1,0,256,0,15,0,0,3,0,0,0,10,2920,26020,4235,100,2,0,0
2445,16,11,1024,0,701,5,5,7,1,2,-52,0,879,7352,149,100,4,0,0
2446,28,18,1280,0,509,3,4,7,1,1,-95,1,656,9355,147,100,1,0,0
2446,9,4,768,0,684,5,11,7,1,1,-52,6,3109,21085,160,100,4,0,0
2447,23,18,1280,0,434,4,21,7,1,1,-52,0,427,4448,102,100,1,0,0
2444,29,28,1536,10,516,3,8,7,1,1,-52,0,809,10050,141,100,2,0,0
2445,30,24,1536,20,466,8,6,7,1,3,-70,1,1407,11515,144,100,2,0,0
2447,8,4,768,0,504,5,10,7,2,2,-70,10,2360,12856,158,100,1,0,0
2447,21,15,1280,0,663,5,5,7,1,1,-70,2,1939,20489,153,100,4,0,0
2445,31,30,1792,0,521,6,11,5,1,2,-52,0,664,6550,126,100,1,0,0
2448,17,12,1280,0,518,3,10,7,1,1,-52,0,582,6869,134,100,1,0,0
2449,24,18,1280,0,511,5,14,7,1,1,-70,2,1855,14432,139,100,1,0,0
2445,26,21,1536,0,542,4,5,7,1,1,-52,0,594,8225,145,100,2,0,0
2448,6,5,768,0,531,5,5,5,1,2,-52,0,428,9187,145,100,2,0,0
2450,22,18,1280,0,504,5,7,7,1,1,-70,1,1704,15889,135,100,2,0,0
2450,12,8,1024,0,525,5,6,7,1,2,-70,1,1553,16554,149,100,1,0,0
2449,10,5,768,0,707,3,11,7,1,1,-52,0,657,5617,141,100,2,0,0
2450,19,13,1280,0,630,7,21,7,1,3,-70,0,1056,10121,106,100,5,0,0
2448,25,21,1536,10,690,7,11,7,1,2,-70,0,779,9094,145,100,3,0,0
2451,13,9,1024,10,598,8,17,7,1,2,-70,1,1070,9452,113,100,4,0,0
2452,23,18,1280,10,436,4,21,7,1,1,-52,0,477,4897,102,100,1,0,0
2452,1,0,256,0,15,0,0,3,0,0,0,10,1562,16332,4245,100,1,0,0
2453,24,18,1280,0,511,5,14,7,1,1,-70,2,351,5209,139,100,1,0,0
2451,2,3,768,0,551,7,5,5,1,2,-52,0,893,9101,150,100,2,0,0
2452,18,8,1024,10,525,4,8,7,1,1,-95,8,3770,29120,157,100,2,0,0
2451,21,15,1280,20,665,5,5,7,1,1,-70,2,992,8677,154,100,2,0,0
2452,27,22,1536,0,503,3,8,5,1,1,-52,0,677,8450,133,100,2,0,0
2454,5,1,512,0,668,8,2,7,1,1,-76,4,2478,24813,163,100,4,0,0
2453,15,9,1024,0,514,5,281,7,1,1,-70,3,1848,17636,156,100,5,1,3
2454,4,1,512,20,496,7,6,7,2,1,-61,10,6881,34465,163,100,3,0,0
2454,20,14,1280,0,714,3,10,7,1,1,-70,0,928,11459,145,100,4,0,0
2454,12,8,1024,10,525,5,6,7,1,2,-70,1,319,6268,149,100,1,0,0
2453,17,12,1280,0,518,3,10,7,1,1,-52,0,263,4731,134,100,1,0,0
2454,29,28,1536,0,518,3,8,7,1,1,-52,0,526,7413,141,100,1,0,0
2454,28,18,1280,0,512,3,4,7,1,1,-95,1,1170,10892,148,100,1,0,0
2454,7,3,768,10,472,8,13,7,1,3,-70,0,717,11310,116,100,3,0,0
2454,11,5,768,0,680,8,2,7,1,2,-70,1,1015,14294,155,100,3,0,0
2453,31,30,1792,0,522,6,11,5,1,2,-52,0,418,7455,126,100,1,0,0
2454,9,4,768,10,688,5,11,7,1,1,-52,6,2755,18812,160,100,3,0,0
2454,14,8,1024,0,661,6,13,7,1,2,-70,1,1700,15285,146,100,4,0,0
2455,3,1,512,10,521,8,5,7,1,1,-76,2,1723,19880,163,100,2,0,0
2455,22,18,1280,0,505,5,7,7,1,1,-70,1,633,6671,135,100,1,0,0
2452,26,21,1536,0,544,4,5,7,1,1,-52,0,500,6397,145,100,1,0,0
2455,16,11,1024,0,705,5,5,7,1,2,-52,0,756,9841,149,100,2,0,0
2455,8,4,768,0,505,5,10,7,2,2,-70,10,4195,24483,159,100,1,0,0
2456,2,3,768,0,552,7,5,5,1,2,-52,0,366,4253,150,100,1,0,0
2455,25,21,1536,0,693,7,11,7,1,2,-70,0,734,6885,145,100,2,0,0
2458,20,14,1280,10,716,3,10,7,1,1,-70,0,371,3951,145,100,1,0,0
2458,30,24,1536,0,469,8,6,7,1,3,-70,1,1463,15416,145,100,2,0,0
2459,23,18,1280,0,438,4,21,7,1,1,-52,0,526,7008,102,100,1,0,0
2458,9,4,768,10,689,5,11,7,1,1,-52,6,1255,9416,161,100,2,0,0
2459,6,5,768,0,535,5,5,5,1,2,-52,0,1146,11335,146,100,2,0,0
2456,26,21,1536,0,546,4,5,7,1,1,-52,0,533,4613,146,100,1,0,0
2459,24,18,1280,0,513,5,14,7,1,1,-70,2,1166,9403,140,100,1,0,0
2460,5,1,512,0,672,8,2,7,1,1,-76,4,1920,16333,164,100,2,0,0
2460,19,13,1280,0,632,7,21,7,1,3,-70,0,667,8888,107,100,2,0,0
2459,10,5,768,0,709,3,11,7,1,1,-52,0,786,9717,141,100,4,0,0
2460,4,1,512,10,499,7,6,7,2,1,-61,10,4756,22149,163,100,1,0,0
2460,14,8,1024,0,663,6,13,7,1,2,-70,1,942,8309,146,100,2,0,0
2462,2,3,768,0,555,7,5,5,1,2,-52,0,598,4831,150,100,2,0,0
2461,1,0,256,0,15,0,0,3,0,0,0,10,2923,24159,4266,100,2,0,0
2461,13,9,1024,0,600,8,17,7,1,2,-70,1,1059,12885,114,100,2,0,0
2462,29,28,1536,10,521,3,8,7,1,1,-52,0,677,7843,142,100,2,0,0
2459,25,21,1536,0,697,7,11,7,1,2,-70,0,685,4421,145,100,2,0,0
2463,28,18,1280,0,513,3,4,7,1,1,-95,1,985,11470,148,100,2,0,0
2461,21,15,1280,0,669,5,5,7,1,1,-70,2,2402,21053,154,100,3,0,0
2462,16,11,1024,0,707,5,5,7,1,2,-52,0,647,6399,150,100,3,0,0
2462,30,24,1536,0,470,8,6,7,1,3,-70,1,507,5676,145,100,1,0,0
2460,26,21,1536,0,548,4,5,7,1,1,-52,0,476,4041,146,100,1,0,0
2464,7,3,768,0,475,8,13,7,1,3,-70,0,860,8769,116,100,2,0,0
2463,11,5,768,0,685,8,2,7,1,2,-70,1,1464,13851,156,100,2,0,0
2463,27,22,1536,10,507,3,8,5,1,1,-52,0,915,10268,134,100,2,0,0
2463,18,8,1024,10,528,4,8,7,1,1,-95,8,4362,31973,158,100,2,0,0
2464,24,18,1280,0,515,5,14,7,1,1,-70,2,741,6375,140,100,1,0,0
2464,3,1,512,0,525,8,5,7,1,1,-76,2,1877,18676,164,100,1,0,0
2464,17,12,1280,0,519,3,10,7,1,1,-52,0,619,10372,135,100,2,0,0
2465,22,18,1280,0,508,5,7,7,1,1,-70,1,1241,13181,136,100,1,0,0
2464,5,1,512,0,674,8,2,7,1,1,-76,4,1354,11642,164,100,1,0,0
2464,15,9,1024,20,517,5,284,7,1,1,-70,3,2290,19084,157,100,5,1,3
2463,31,30,1792,10,527,6,11,5,1,2,-52,0,916,9212,127,100,2,0,0
2465,12,8,1024,0,525,5,6,7,1,2,-70,1,1112,17750,150,100,2,0,0
2464,9,4,768,20,691,5,11,7,1,1,-52,6,1868,13658,161,100,1,0,0
2465,19,13,1280,10,634,7,22,7,1,3,-70,0,505,4913,107,100,2,0,0
2466,8,4,768,20,507,5,10,7,2,2,-70,10,4696,29666,160,100,2,0,0
2465,14,8,1024,0,667,6,13,7,1,2,-70,1,792,7225,146,100,2,0,0
2466,10,5,768,0,711,3,11,7,1,1,-52,0,549,6434,142,100,2,0,0
2468,1,0,256,0,15,0,0,3,0,0,0,10,1896,17257,4278,100,1,0,0
2468,20,14,1280,0,721,3,10,7,1,1,-70,0,1287,10710,146,100,4,0,0
2465,26,21,1536,0,550,4,5,7,1,1,-52,0,403,4956,146,100,0,0,0
2468,22,18,1280,0,508,5,7,7,1,1,-70,1,376,5337,136,100,1,0,0
2468,3,1,512,0,527,8,5,7,1,1,-76,2,756,8265,164,100,1,0,0
2468,18,8,1024,0,531,4,8,7,1,1,-95,8,1667,13318,158,100,1,0,0
2466,25,21,1536,0,700,7,11,7,1,2,-70,0,682,7477,146,100,2,0,0
2470,2,3,768,0,558,7,5,5,1,2,-52,0,781,8421,151,100,2,0,0
2469,4,1,512,20,504,7,6,7,2,1,-61,10,6409,30831,164,100,2,0,0
2469,16,11,1024,0,709,5,5,7,1,2,-52,0,518,7376,150,100,2,0,0
2470,23,18,1280,10,441,4,21,7,1,1,-52,0,810,10587,103,100,2,0,0
2470,30,24,1536,0,471,8,6,7,1,3,-70,1,717,9309,145,100,1,0,0
2470,13,9,1024,0,603,8,17,7,1,2,-70,1,1141,11261,114,100,3,0,0
2469,15,9,1024,0,518,5,285,7,1,1,-70,3,1080,9728,157,100,2,1,3
2469,6,5,768,0,536,5,5,5,1,2,-52,0,617,11359,147,100,2,0,0
2471,19,13,1280,0,636,7,22,7,1,3,-70,0,576,6581,108,100,2,0,0
2473,29,28,1536,0,526,3,8,7,1,1,-52,0,1098,11272,142,100,2,0,0
2472,5,1,512,0,675,8,2,7,1,1,-76,4,1654,17161,165,100,2,0,0
2472,12,8,1024,10,527,5,6,7,1,2,-70,1,698,10343,150,100,1,0,0
2470,24,18,1280,20,520,5,14,7,1,1,-70,2,1618,12010,141,100,2,0,0
2472,17,12,1280,10,522,3,10,7,1,1,-52,0,520,6953,135,100,2,0,0
2472,28,18,1280,0,515,3,4,7,1,1,-95,1,1321,13650,149,100,2,0,0
2473,7,3,768,10,476,8,13,7,1,3,-70,0,471,8873,117,100,1,0,0
2472,27,22,1536,0,512,3,8,5,1,1,-52,0,969,9749,134,100,2,0,0
2473,14,8,1024,0,671,6,13,7,1,2,-70,1,1178,10273,147,100,4,0,0
2474,11,5,768,0,692,8,2,7,1,2,-70,1,1631,17554,157,100,4,0,0
2473,9,4,768,10,695,5,11,7,1,1,-52,6,2709,19274,162,100,3,0,0
2473,31,30,1792,0,529,6,11,5,1,2,-52,0,810,9287,128,100,2,0,0
2473,21,15,1280,0,673,5,5,7,1,1,-70,2,2333,22175,155,100,4,0,0
2475,20,14,1280,0,723,3,10,7,1,1,-70,0,619,6962,147,100,2,0,0
2475,16,11,1024,0,713,5,5,7,1,2,-52,0,764,6910,151,100,2,0,0
2476,19,13,1280,0,637,7,22,7,1,3,-70,0,364,4750,108,100,2,0,0
2474,23,18,1280,0,441,4,21,7,1,1,-52,0,369,6687,104,100,1,0,0
2475,15,9,1024,10,519,5,286,7,1,1,-70,3,705,9824,157,100,2,1,3
2474,26,21,1536,0,555,4,5,7,1,1,-52,0,998,9451,147,100,2,0,0
2476,10,5,768,10,713,3,11,7,1,1,-52,0,695,10668,143,100,3,0,0
2477,8,4,768,0,509,5,10,7,2,2,-70,10,5240,32132,160,100,2,0,0
2477,31,30,1792,0,530,6,11,5,1,2,-52,0,370,4208,128,100,1,0,0
2477,22,18,1280,0,511,5,7,7,1,1,-70,1,1252,12746,137,100,2,0,0
2476,25,21,1536,0,707,7,11,7,1,2,-70,0,1145,9514,146,100,4,0,0
2478,18,8,1024,0,532,4,8,7,1,1,-95,8,3676,27555,159,100,2,0,0
2478,1,0,256,0,15,0,0,3,0,0,0,10,2982,27692,4300,100,2,0,0
2478,3,1,512,0,527,8,5,7,1,1,-76,2,1342,18505,165,100,2,0,0
2478,4,1,512,0,507,7,6,7,2,1,-61,10,6424,31090,165,100,1,0,0
2478,24,18,1280,0,523,5,14,7,1,1,-70,2,1341,11250,141,100,1,0,0
2479,9,4,768,20,696,5,11,7,1,1,-52,6,1546,12170,162,100,2,0,0
2479,14,8,1024,0,673,6,13,7,1,2,-70,1,912,8147,147,100,2,0,0
2480,2,3,768,0,563,7,5,5,1,2,-52,0,1013,9943,152,100,3,0,0
2479,17,12,1280,0,525,3,10,7,1,1,-52,0,887,7943,136,100,3,0,0
2481,29,28,1536,0,529,3,8,7,1,1,-52,0,689,8532,143,100,1,0,0
2480,13,9,1024,0,607,8,17,7,1,2,-70,1,1411,13357,115,100,4,0,0
2479,27,22,1536,0,514,3,8,5,1,1,-52,0,670,8462,135,100,1,0,0
2479,15,9,1024,0,520,5,287,7,1,1,-70,3,1021,7718,158,100,2,1,3
2481,12,8,1024,0,529,5,6,7,1,2,-70,1,1302,14552,151,100,2,0,0
2482,7,3,768,10,480,8,13,7,1,3,-70,0,751,8484,117,100,2,0,0
2481,28,18,1280,0,516,3,4,7,1,1,-95,1,890,11268,150,100,1,0,0
2481,30,24,1536,10,476,8,6,7,1,3,-70,1,1619,16261,146,100,2,0,0
2483,20,14,1280,0,727,3,10,7,1,1,-70,0,733,7628,147,100,2,0,0
2482,5,1,512,10,682,8,2,7,1,1,-76,4,2577,24608,165,100,5,0,0
2480,26,21,1536,0,558,4,5,7,1,1,-52,0,607,6070,147,100,1,0,0
2481,6,5,768,0,540,5,5,5,1,2,-52,0,937,11709,148,100,2,0,0
2483,9,4,768,10,697,5,11,7,1,1,-52,6,1565,10181,162,100,2,0,0
2483,21,15,1280,0,676,5,5,7,1,1,-70,2,1832,19142,156,100,4,0,0
2484,18,8,1024,10,534,4,8,7,1,1,-95,8,1989,16823,160,100,1,0,0
2484,8,4,768,20,511,5,10,7,2,2,-70,10,3365,19663,161,100,2,0,0
2483,31,30,1792,0,532,6,11,5,1,2,-52,0,501,5493,128,100,1,0,0
2484,15,9,1024,10,522,5,287,7,1,1,-70,3,1050,7885,158,100,1,1,3
2485,1,0,256,0,15,0,0,3,0,0,0,10,1807,16536,4310,100,1,0,0
2485,14,8,1024,10,677,6,13,7,1,2,-70,1,947,7865,148,100,2,0,0
2485,11,5,768,0,697,8,2,7,1,2,-70,1,1505,17985,158,100,4,0,0
2486,2,3,768,0,565,7,5,5,1,2,-52,0,498,5702,152,100,1,0,0
2486,13,9,1024,10,613,8,17,7,1,2,-70,1,1050,8222,115,100,2,0,0
2485,7,3,768,0,481,8,13,7,1,3,-70,0,555,5962,118,100,1,0,0
2486,30,24,1536,0,477,8,6,7,1,3,-70,1,977,8462,147,100,1,0,0
2486,10,5,768,10,718,3,11,7,1,1,-52,0,955,9840,143,100,4,0,0
2487,23,18,1280,0,444,4,21,7,1,1,-52,0,777,11639,104,100,3,0,0
2487,5,1,512,0,683,8,2,7,1,1,-76,4,1350,11778,166,100,2,0,0
2488,4,1,512,10,513,7,6,7,2,1,-61,10,6492,31522,165,100,2,0,0
2488,22,18,1280,0,512,5,7,7,1,1,-70,1,960,12238,137,100,2,0,0
2487,16,11,1024,0,716,5,5,7,1,2,-52,0,764,11273,151,100,4,0,0
2487,19,13,1280,0,643,7,22,7,1,3,-70,0,1142,11358,109,100,4,0,0
2487,28,18,1280,0,517,3,4,7,1,1,-95,1,631,8196,150,100,2,0,0
2487,25,21,1536,0,710,7,11,7,1,2,-70,0,828,10385,147,100,3,0,0
2489,3,1,512,0,529,8,5,7,1,1,-76,2,1844,20721,165,100,2,0,0
2489,8,4,768,0,511,5,10,7,2,2,-70,10,2262,13883,161,100,1,0,0
2489,21,15,1280,0,678,5,5,7,1,1,-70,2,969,11152,156,100,2,0,0
2489,24,18,1280,0,526,5,14,7,1,1,-70,2,1687,14512,142,100,2,0,0
2490,13,9,1024,0,616,8,17,7,1,2,-70,1,1039,6479,116,100,2,0,0
2490,20,14,1280,10,730,3,10,7,1,1,-70,0,749,7389,148,100,4,0,0
2490,17,12,1280,0,528,3,10,7,1,1,-52,0,803,10302,137,100,3,0,0
2490,18,8,1024,10,536,4,8,7,1,1,-95,8,2338,17917,160,100,1,0,0
2491,29,28,1536,0,530,3,8,7,1,1,-52,0,538,8918,143,100,2,0,0
2492,12,8,1024,0,531,5,6,7,1,2,-70,1,1176,16350,152,100,2,0,0
2492,11,5,768,0,698,8,2,7,1,2,-70,1,831,10537,158,100,2,0,0
2491,23,18,1280,0,446,4,21,7,1,1,-52,0,534,4412,105,100,0,0,0
2491,27,22,1536,0,515,3,8,5,1,1,-52,0,618,11078,136,100,2,0,0
2490,26,21,1536,0,558,4,5,7,1,1,-52,0,487,9089,148,100,2,0,0
2492,14,8,1024,10,679,6,13,7,1,2,-70,1,969,10104,148,100,2,0,0
2493,1,0,256,0,15,0,0,3,0,0,0,10,2349,21444,4330,100,1,0,0
2492,2,3,768,10,569,7,5,5,1,2,-52,0,684,7335,153,100,1,0,0
2492,15,9,1024,10,526,5,290,7,1,1,-70,3,1701,15607,158,100,4,1,3
2493,28,18,1280,0,518,3,4,7,1,1,-95,1,753,7497,150,100,1,0,0
2494,3,1,512,0,529,8,5,7,1,1,-76,2,854,8379,166,100,1,0,0
2494,6,5,768,0,543,5,5,5,1,2,-52,0,750,11100,148,100,2,0,0
2494,4,1,512,10,516,7,6,7,2,1,-61,10,4953,22828,166,100,1,0,0
2493,30,24,1536,0,479,8,6,7,1,3,-70,1,636,8053,147,100,1,0,0
2494,31,30,1792,0,536,6,11,5,1,2,-52,0,809,10224,129,100,2,0,0
2494,9,4,768,0,701,5,11,7,1,1,-52,6,3389,24874,163,100,4,0,0
2495,22,18,1280,10,515,5,7,7,1,1,-70,1,1081,10390,138,100,1,0,0
2496,5,1,512,10,686,8,2,7,1,1,-76,4,1703,18632,166,100,2,0,0
2495,10,5,768,0,720,3,11,7,1,1,-52,0,689,8835,144,100,4,0,0
2497,8,4,768,0,512,5,10,7,2,2,-70,10,3443,21045,161,100,1,0,0
2497,29,28,1536,0,531,3,8,7,1,1,-52,0,449,5983,144,100,1,0,0
2497,19,13,1280,0,649,7,22,7,1,3,-70,0,1246,10329,110,100,4,0,0
2497,23,18,1280,10,447,4,21,7,1,1,-52,0,370,4982,105,100,1,0,0
2498,7,3,768,0,484,8,13,7,1,3,-70,0,750,10645,118,100,2,0,0
2497,25,21,1536,0,714,7,11,7,1,2,-70,0,881,8257,148,100,4,0,0
2498,27,22,1536,0,516,3,8,5,1,1,-52,0,538,5623,136,100,1,0,0
2498,13,9,1024,0,619,8,17,7,1,2,-70,1,1045,10621,116,100,2,0,0
2499,20,14,1280,0,734,3,10,7,1,1,-70,0,758,9066,148,100,2,0,0
2499,6,5,768,20,545,5,5,5,1,2,-52,0,423,4443,149,100,1,0,0
2499,1,0,256,0,15,0,0,3,0,0,0,10,1671,15061,4339,100,2,0,0
2498,15,9,1024,0,527,5,291,7,1,1,-70,3,1018,10218,159,100,3,1,3
2498,16,11,1024,0,722,5,5,7,1,2,-52,0,1118,11149,152,100,4,0,0
2499,21,15,1280,0,682,5,5,7,1,1,-70,2,1636,19145,157,100,2,0,0
2499,14,8,1024,10,683,6,13,7,1,2,-70,1,922,8976,148,100,2,0,0
2501,11,5,768,0,701,8,2,7,1,2,-70,1,1129,12992,159,100,3,0,0
2499,26,21,1536,0,559,4,5,7,1,1,-52,0,417,6861,148,100,1,0,0
2499,29,28,1536,0,531,3,8,7,1,1,-52,0,262,3884,144,100,1,0,0
2500,18,8,1024,0,539,4,9,7,1,1,-95,8,3910,28565,161,100,3,0,0
2501,12,8,1024,0,534,5,6,7,1,2,-70,1,921,14141,152,100,2,0,0
2501,24,18,1280,0,528,5,14,7,1,1,-70,2,1560,16287,143,100,2,0,0
2501,2,3,768,0,570,7,5,5,1,2,-52,0,522,8332,153,100,1,0,0
2501,9,4,768,10,703,5,11,7,1,1,-52,6,1880,14837,163,100,2,0,0
2502,17,12,1280,0,530,3,11,7,1,1,-52,0,699,10894,137,100,3,0,0
2503,3,1,512,0,530,8,5,7,1,1,-76,2,1079,16777,166,100,1,0,0
2502,22,18,1280,10,518,5,7,7,1,1,-70,1,872,8909,139,100,1,0,0
2503,5,1,512,10,689,8,2,7,1,1,-76,4,1995,15615,167,100,2,0,0
2503,1,0,256,0,15,0,0,3,0,0,0,10,1045,10275,4348,100,0,0,0
2502,28,18,1280,0,521,3,4,7,1,1,-95,1,1159,11898,151,100,1,0,0
2502,30,24,1536,10,485,8,6,7,1,3,-70,1,1411,12175,148,100,2,0,0
2504,4,1,512,10,517,7,6,7,2,1,-61,10,6209,30946,166,100,2,0,0
2504,8,4,768,10,514,5,10,7,2,2,-70,10,3915,22042,162,100,1,0,0
2503,27,22,1536,0,517,3,8,5,1,1,-52,0,435,4806,136,100,1,0,0
2505,31,30,1792,0,536,6,11,5,1,2,-52,0,513,10201,130,100,2,0,0
2505,13,9,1024,0,622,8,17,7,1,2,-70,1,845,9262,117,100,3,0,0
2505,25,21,1536,0,721,7,11,7,1,2,-70,0,1048,8527,148,100,3,0,0
2506,10,5,768,0,727,3,11,7,1,1,-52,0,1070,10362,144,100,3,0,0
2505,14,8,1024,0,687,6,13,7,1,2,-70,1,1155,9558,149,100,3,0,0
2506,7,3,768,0,484,8,13,7,1,3,-70,0,365,7553,119,100,1,0,0
2506,21,15,1280,0,686,5,5,7,1,1,-70,2,1564,14234,157,100,4,0,0
2507,2,3,768,0,574,7,5,5,1,2,-52,0,761,5437,154,100,2,0,0
2508,20,14,1280,0,739,3,10,7,1,1,-70,0,987,8909,149,100,4,0,0
2507,24,18,1280,0,530,5,14,7,1,1,-70,2,985,7750,143,100,1,0,0
2508,12,8,1024,0,538,5,6,7,1,2,-70,1,1187,11590,153,100,1,0,0
2507,28,18,1280,0,523,3,4,7,1,1,-95,1,655,6834,151,100,1,0,0
2508,23,18,1280,0,453,4,21,7,1,1,-52,0,1155,11354,106,100,2,0,0
2507,15,9,1024,0,528,5,293,7,1,1,-70,3,1510,15747,159,100,3,1,3
2508,29,28,1536,0,532,3,8,7,1,1,-52,0,473,7994,145,100,1,0,0
2509,6,5,768,0,548,5,5,5,1,2,-52,0,881,10747,149,100,2,0,0
2509,19,13,1280,10,655,7,22,7,1,3,-70,0,1148,11472,110,100,4,0,0
2510,17,12,1280,0,532,3,11,7,1,1,-52,0,582,8156,138,100,1,0,0
2511,4,1,512,10,518,7,6,7,2,1,-61,10,4336,22487,167,100,1,0,0
2510,30,24,1536,0,487,8,6,7,1,3,-70,1,1055,10346,148,100,2,0,0
2511,8,4,768,0,515,5,10,7,2,2,-70,10,3213,19598,162,100,2,0,0
2510,26,21,1536,0,561,4,5,7,1,1,-52,0,701,10419,149,100,2,0,0
2512,16,11,1024,0,728,5,5,7,1,2,-52,0,1143,11696,153,100,4,0,0
2511,13,9,1024,0,623,8,17,7,1,2,-70,1,817,8097,117,100,2,0,0
2511,5,1,512,0,693,8,2,7,1,1,-76,4,2125,20942,167,100,4,0,0
2511,14,8,1024,0,689,6,13,7,1,2,-70,1,712,7211,149,100,1,0,0
2513,11,5,768,0,706,8,2,7,1,2,-70,1,1507,18432,159,100,4,0,0
2512,9,4,768,20,710,5,11,7,1,1,-52,6,3279,22464,164,100,4,0,0
2511,25,21,1536,0,722,7,11,7,1,2,-70,0,451,5352,149,100,1,0,0
2512,18,8,1024,0,541,4,9,7,1,1,-95,8,4099,33478,161,100,2,0,0
2512,3,1,512,0,533,8,5,7,1,1,-76,2,1662,19351,167,100,2,0,0
2513,1,0,256,0,15,0,0,3,0,0,0,10,2627,25032,4364,100,2,0,0
2513,22,18,1280,10,521,5,7,7,1,1,-70,1,1280,14236,139,100,2,0,0
2513,15,9,1024,10,531,5,295,7,1,1,-70,3,1160,9726,160,100,3,1,3
2514,2,3,768,0,575,7,5,5,1,2,-52,0,487,6628,154,100,2,0,0
2512,27,22,1536,0,518,3,8,5,1,1,-52,0,594,9509,137,100,2,0,0
2514,7,3,768,20,486,8,13,7,1,3,-70,0,512,7050,120,100,2,0,0
2514,19,13,1280,0,657,7,22,7,1,3,-70,0,554,5287,111,100,2,0,0
2514,28,18,1280,10,525,3,4,7,1,1,-95,1,740,9108,152,100,1,0,0
2514,6,5,768,10,550,5,5,5,1,2,-52,0,530,5544,150,100,1,0,0
2514,20,14,1280,0,741,3,10,7,1,1,-70,0,519,6751,149,100,2,0,0
2515,21,15,1280,0,688,5,5,7,1,1,-70,2,1427,16564,158,100,2,0,0
2516,10,5,768,0,730,3,11,7,1,1,-52,0,803,9624,145,100,3,0,0
2514,31,30,1792,0,538,6,11,5,1,2,-52,0,647,9811,130,100,2,0,0
2515,26,21,1536,10,564,4,5,7,1,1,-52,0,584,5363,149,100,1,0,0
2516,29,28,1536,0,533,3,8,7,1,1,-52,0,417,7276,145,100,1,0,0
2516,25,21,1536,0,724,7,11,7,1,2,-70,0,495,5321,149,100,2,0,0
2516,23,18,1280,0,457,4,21,7,1,1,-52,0,838,8427,106,100,2,0,0
2516,24,18,1280,0,533,5,14,7,1,1,-70,2,1357,12797,144,100,2,0,0
2517,1,0,256,0,15,0,0,3,0,0,0,10,1368,11939,4374,100,1,0,0
2518,9,4,768,10,712,5,11,7,1,1,-52,6,1968,12981,164,100,1,0,0
2518,5,1,512,0,696,8,2,7,1,1,-76,4,1792,16054,168,100,1,0,0
2516,30,24,1536,10,488,8,6,7,1,3,-70,1,718,8575,149,100,1,0,0
2519,19,13,1280,0,658,7,22,7,1,3,-70,0,394,4653,111,100,1,0,0
2519,15,9,1024,0,533,5,296,7,1,1,-70,3,1366,9910,160,100,2,1,3
2519,14,8,1024,0,694,6,13,7,1,2,-70,1,1329,11483,150,100,3,0,0
2518,6,5,768,0,554,5,5,5,1,2,-52,0,712,4971,150,100,1,0,0
2520,4,1,512,10,522,7,6,7,2,1,-61,10,6964,32766,167,100,2,0,0
2519,17,12,1280,0,533,3,11,7,1,1,-52,0,515,8393,138,100,2,0,0
2520,16,11,1024,0,730,5,5,7,1,2,-52,0,673,8163,154,100,3,0,0
2521,7,3,768,0,486,8,13,7,1,3,-70,0,448,6755,120,100,1,0,0
2520,12,8,1024,0,542,5,6,7,1,2,-70,1,1503,18756,154,100,2,0,0
2520,11,5,768,0,710,8,2,7,1,2,-70,1,1175,12143,160,100,2,0,0
2520,18,8,1024,0,542,4,9,7,1,1,-95,8,3128,22920,162,100,2,0,0
2521,13,9,1024,0,630,8,17,7,1,2,-70,1,1772,13481,118,100,4,0,0
2519,31,30,1792,0,539,6,11,5,1,2,-52,0,450,5158,131,100,1,0,0
2520,20,14,1280,0,745,3,10,7,1,1,-70,0,765,6863,150,100,2,0,0
2522,8,4,768,0,519,5,10,7,2,2,-70,10,5729,33427,163,100,2,0,0
2521,29,28,1536,10,534,3,8,7,1,1,-52,0,425,5051,146,100,1,0,0
2522,3,1,512,0,534,8,5,7,1,1,-76,2,1680,19743,168,100,2,0,0
2521,23,18,1280,0,459,4,21,7,1,1,-52,0,557,6236,107,100,1,0,0
2522,25,21,1536,0,726,7,11,7,1,2,-70,0,495,5893,149,100,2,0,0
2524,11,5,768,0,713,8,2,7,1,2,-70,1,689,6709,160,100,2,0,0
2521,24,18,1280,0,536,5,14,7,1,1,-70,2,1125,8244,144,100,1,0,0
2522,28,18,1280,0,528,3,4,7,1,1,-95,1,1406,11289,152,100,2,0,0
2524,6,5,768,0,556,5,5,5,1,2,-52,0,376,5007,150,100,0,0,0
2524,10,5,768,0,733,3,11,7,1,1,-52,0,777,8556,146,100,3,0,0
2525,1,0,256,0,15,0,0,3,0,0,0,10,2212,20026,4392,100,1,0,0
2525,12,8,1024,10,544,5,6,7,1,2,-70,1,626,7423,154,100,1,0,0
2524,27,22,1536,0,520,3,8,5,1,1,-52,0,725,10770,138,100,2,0,0
2525,2,3,768,0,578,7,5,5,1,2,-52,0,829,10773,155,100,2,0,0
2524,30,24,1536,0,490,8,6,7,1,3,-70,1,914,10548,149,100,1,0,0
2526,7,3,768,0,486,8,13,7,1,3,-70,0,284,5126,120,100,1,0,0
2524,22,18,1280,10,524,5,7,7,1,1,-70,1,1558,15840,140,100,3,0,0
2526,4,1,512,0,523,7,6,7,2,1,-61,10,4029,20669,168,100,1,0,0
2526,5,1,512,0,702,8,2,7,1,1,-76,4,2823,21914,168,100,4,0,0
2526,21,15,1280,10,696,5,5,7,1,1,-70,2,2353,21846,158,100,5,0,0
2528,16,11,1024,0,734,5,5,7,1,2,-52,0,726,8281,154,100,3,0,0
2527,15,9,1024,10,538,5,298,7,1,1,-70,3,1674,15556,161,100,3,1,3
2527,14,8,1024,0,697,6,13,7,1,2,-70,1,1107,10770,150,100,3,0,0
2526,6,5,768,0,558,5,5,5,1,2,-52,0,529,4839,151,100,1,0,0
2527,17,12,1280,10,535,3,11,7,1,1,-52,0,468,7702,139,100,2,0,0
2527,3,1,512,20,536,8,5,7,1,1,-76,2,975,9878,168,100,1,0,0
2527,26,21,1536,0,565,4,5,7,1,1,-52,0,716,11027,150,100,3,0,0
2528,8,4,768,0,519,5,10,7,2,2,-70,10,2413,15160,164,100,1,0,0
2527,23,18,1280,0,462,4,21,7,1,1,-52,0,608,6082,107,100,1,0,0
2529,9,4,768,0,717,5,11,7,1,1,-52,6,3326,25000,165,100,4,0,0
2527,31,30,1792,0,541,6,11,5,1,2,-52,0,501,6957,131,100,1,0,0
2528,20,14,1280,0,749,3,10,7,1,1,-70,0,830,7833,150,100,3,0,0
2529,2,3,768,0,578,7,5,5,1,2,-52,0,260,3803,155,100,1,0,0
2529,18,8,1024,20,546,4,9,7,1,1,-95,8,3680,25783,162,100,1,0,0
2529,13,9,1024,0,632,8,17,7,1,2,-70,1,890,11214,118,100,2,0,0
2529,11,5,768,0,716,8,2,7,1,2,-70,1,865,10542,160,100,2,0,0
2530,19,13,1280,0,665,7,22,7,1,3,-70,0,1225,11993,112,100,4,0,0
2528,27,22,1536,0,521,3,8,5,1,1,-52,0,370,4192,138,100,1,0,0
2530,25,21,1536,0,728,7,11,7,1,2,-70,0,648,7459,150,100,3,0,0
2529,30,24,1536,0,490,8,6,7,1,3,-70,1,503,5892,149,100,1,0,0
2530,29,28,1536,0,537,3,8,7,1,1,-52,0,753,8887,146,100,2,0,0
2533,16,11,1024,0,736,5,5,7,1,2,-52,0,470,4310,154,100,2,0,0
2532,28,18,1280,0,533,3,4,7,1,1,-95,1,1305,13196,153,100,1,0,0
2533,24,18,1280,20,542,5,14,7,1,1,-70,2,1887,16156,145,100,2,0,0
2533,10,5,768,0,741,3,11,7,1,1,-52,0,1177,10767,146,100,3,0,0
2533,21,15,1280,0,700,5,5,7,1,1,-70,2,1517,14317,159,100,2,0,0
2532,22,18,1280,10,529,5,7,7,1,1,-70,1,1198,10935,141,100,1,0,0
2534,8,4,768,0,521,5,10,7,2,2,-70,10,3336,18761,164,100,1,0,0
2533,11,5,768,10,720,8,2,7,1,2,-70,1,1098,7979,161,100,2,0,0
2534,12,8,1024,0,547,5,6,7,1,2,-70,1,1262,14837,155,100,2,0,0
2535,4,1,512,10,523,7,6,7,2,1,-61,10,5830,28721,168,100,2,0,0
2533,23,18,1280,0,465,4,21,7,1,1,-52,0,608,5829,107,100,1,0,0
2534,31,30,1792,0,543,6,11,5,1,2,-52,0,581,7288,132,100,1,0,0
2534,6,5,768,0,560,5,5,5,1,2,-52,0,618,7809,151,100,2,0,0
2534,19,13,1280,0,669,7,22,7,1,3,-70,0,711,5494,112,100,2,0,0
2536,1,0,256,0,15,0,0,3,0,0,0,10,3126,29023,4414,100,2,0,0
2535,30,24,1536,0,490,8,6,7,1,3,-70,1,730,7894,150,100,1,0,0
2537,17,12,1280,0,539,3,11,7,1,1,-52,0,1024,9286,140,100,2,0,0
2535,27,22,1536,0,523,3,8,5,1,1,-52,0,556,6548,139,100,1,0,0
2536,7,3,768,0,488,8,13,7,1,3,-70,0,724,10978,121,100,2,0,0
2536,20,14,1280,0,754,3,10,7,1,1,-70,0,896,8649,151,100,2,0,0
2537,18,8,1024,10,548,4,9,7,1,1,-95,8,3790,24762,163,100,2,0,0
2536,25,21,1536,0,730,7,11,7,1,2,-70,0,519,5914,150,100,2,0,0
2538,5,1,512,0,708,8,2,7,1,1,-76,4,3394,27009,169,100,4,0,0
2538,15,9,1024,10,543,5,301,7,1,1,-70,3,2256,20110,162,100,5,1,3
2538,14,8,1024,0,703,6,13,7,1,2,-70,1,1803,15346,151,100,4,0,0
2538,10,5,768,0,745,3,11,7,1,1,-52,0,741,5694,147,100,2,0,0
2538,26,21,1536,0,569,4,5,7,1,1,-52,0,940,11158,151,100,2,0,0
2541,16,11,1024,0,738,5,5,7,1,2,-52,0,671,7625,155,100,3,0,0
2539,29,28,1536,0,540,3,8,7,1,1,-52,0,808,9331,147,100,2,0,0
2540,3,1,512,0,537,8,5,7,1,1,-76,2,1534,21974,169,100,2,0,0
2540,12,8,1024,0,547,5,6,7,1,2,-70,1,704,8469,155,100,1,0,0
2540,13,9,1024,0,635,8,17,7,1,2,-70,1,1334,13966,119,100,4,0,0
2539,30,24,1536,0,490,8,6,7,1,3,-70,1,398,5264,150,100,1,0,0
2541,9,4,768,0,719,5,11,7,1,1,-52,6,3296,26257,166,100,4,0,0
2540,2,3,768,0,580,7,5,5,1,2,-52,0,722,10677,156,100,2,0,0
2542,17,12,1280,0,540,3,11,7,1,1,-52,0,371,4631,140,100,1,0,0
2541,8,4,768,10,522,5,10,7,2,2,-70,10,3431,20543,164,100,1,0,0
2540,28,18,1280,0,536,3,4,7,1,1,-95,1,1201,11042,154,100,2,0,0
2541,1,0,256,0,15,0,0,3,0,0,0,10,1401,13507,4423,100,1,0,0
2540,22,18,1280,0,529,5,7,7,1,1,-70,1,757,9531,141,100,1,0,0
2541,27,22,1536,0,524,3,8,5,1,1,-52,0,393,5115,139,100,1,0,0
2542,24,18,1280,10,545,5,14,7,1,1,-70,2,1425,12483,146,100,2,0,0
2543,15,9,1024,0,545,5,302,7,1,1,-70,3,864,8002,162,100,2,1,3
2542,14,8,1024,0,705,6,13,7,1,2,-70,1,614,6340,151,100,1,0,0
2543,4,1,512,0,525,7,6,7,2,1,-61,10,5828,28610,169,100,1,0,0
2544,29,28,1536,0,542,3,8,7,1,1,-52,0,476,4426,147,100,1,0,0
2543,21,15,1280,0,703,5,5,7,1,1,-70,2,1593,18635,160,100,4,0,0
2543,31,30,1792,0,544,6,11,5,1,2,-52,0,515,8273,132,100,2,0,0
2545,3,1,512,0,540,8,5,7,1,1,-76,2,1067,10467,169,100,1,0,0
2544,20,14,1280,0,758,3,10,7,1,1,-70,0,824,7962,151,100,4,0,0
2544,10,5,768,10,747,3,11,7,1,1,-52,0,590,6187,147,100,3,0,0
2544,30,24,1536,0,491,8,6,7,1,3,-70,1,580,6158,150,100,1,0,0
2545,18,8,1024,10,550,4,9,7,1,1,-95,8,2921,23454,164,100,1,0,0
2545,7,3,768,10,489,8,13,7,1,3,-70,0,365,7710,122,100,1,0,0
2545,11,5,768,0,723,8,2,7,1,2,-70,1,1114,17375,161,100,4,0,0
2544,19,13,1280,0,673,7,22,7,1,3,-70,0,807,9518,113,100,3,0,0
2545,23,18,1280,0,469,4,21,7,1,1,-52,0,940,11707,108,100,2,0,0
2547,5,1,512,10,709,8,2,7,1,1,-76,4,1921,20914,170,100,2,0,0
2546,6,5,768,0,563,5,5,5,1,2,-52,0,829,11583,152,100,2,0,0
2546,25,21,1536,0,735,7,11,7,1,2,-70,0,914,9581,151,100,3,0,0
2548,1,0,256,0,15,0,0,3,0,0,0,10,2082,18416,4439,100,1,0,0
2547,22,18,1280,0,530,5,7,7,1,1,-70,1,836,8738,142,100,2,0,0
2548,28,18,1280,0,538,3,4,7,1,1,-95,1,904,9865,154,100,1,0,0
2549,9,4,768,20,723,5,11,7,1,1,-52,6,2363,17704,166,100,4,0,0
2548,24,18,1280,0,545,5,14,7,1,1,-70,2,1037,9289,146,100,1,0,0
2549,10,5,768,0,751,3,11,7,1,1,-52,0,612,5030,147,100,1,0,0
2548,21,15,1280,0,704,5,5,7,1,1,-70,2,894,8642,160,100,2,0,0
2549,13,9,1024,0,639,8,18,7,1,2,-70,1,1331,11214,120,100,4,0,0
2549,8,4,768,0,522,5,10,7,2,2,-70,10,4066,23786,165,100,2,0,0
2550,2,3,768,0,583,7,5,5,1,2,-52,0,629,8778,156,100,1,0,0
2552,16,11,1024,0,742,5,5,7,1,2,-52,0,830,10891,156,100,3,0,0
2551,17,12,1280,0,545,3,11,7,1,1,-52,0,870,9194,140,100,1,0,0
2547,26,21,1536,0,571,4,5,7,1,1,-52,0,605,10037,152,100,1,0,0
2551,12,8,1024,0,549,5,6,7,1,2,-70,1,1348,17240,156,100,2,0,0
2551,14,8,1024,0,708,6,13,7,1,2,-70,1,1160,11538,152,100,4,0,0
2551,18,8,1024,20,551,4,9,7,1,1,-95,8,2056,18122,164,100,1,0,0
2553,13,9,1024,0,641,8,18,7,1,2,-70,1,556,5020,120,100,2,0,0
2551,27,22,1536,0,525,3,8,5,1,1,-52,0,594,9511,140,100,2,0,0
2553,29,28,1536,0,545,3,8,7,1,1,-52,0,855,9103,148,100,1,0,0
2553,3,1,512,0,545,8,5,7,1,1,-76,2,1770,16377,170,100,2,0,0
2552,19,13,1280,0,675,7,22,7,1,3,-70,0,616,7393,113,100,3,0,0
2554,4,1,512,10,532,7,6,7,2,1,-61,10,7520,36395,170,100,2,0,0
2553,23,18,1280,0,473,4,22,7,1,1,-52,0,964,9264,109,100,1,0,0
2553,31,30,1792,0,548,6,11,5,1,2,-52,0,809,9343,133,100,2,0,0
2555,12,8,1024,0,549,5,6,7,1,2,-70,1,400,6530,156,100,0,0,0
2554,22,18,1280,0,531,5,7,7,1,1,-70,1,724,8384,142,100,1,0,0
2556,2,3,768,0,584,7,5,5,1,2,-52,0,446,4818,157,100,1,0,0
2555,15,9,1024,10,547,5,304,7,1,1,-70,3,2118,20807,163,100,5,1,3
2556,16,11,1024,0,743,5,5,7,1,2,-52,0,364,4245,156,100,2,0,0
2554,21,15,1280,10,706,5,5,7,1,1,-70,2,995,11696,160,100,2,0,0
2553,6,5,768,0,566,5,5,5,1,2,-52,0,629,7765,152,100,1,0,0
2556,5,1,512,10,714,8,2,7,1,1,-76,4,2663,21329,170,100,4,0,0
2555,10,5,768,0,755,3,11,7,1,1,-52,0,764,6474,148,100,2,0,0
2555,30,24,1536,0,495,8,6,7,1,3,-70,1,1387,14086,151,100,2,0,0
2556,9,4,768,10,726,5,11,7,1,1,-52,6,2416,17197,167,100,2,0,0
2555,28,18,1280,10,539,3,4,7,1,1,-95,1,961,9850,155,100,2,0,0
2554,26,21,1536,0,571,4,5,7,1,1,-52,0,408,6627,152,100,2,0,0
2556,8,4,768,10,523,5,10,7,2,2,-70,10,3021,19034,165,100,1,0,0
2556,20,14,1280,0,761,3,10,7,1,1,-70,0,821,11053,152,100,4,0,0
2557,7,3,768,10,491,8,13,7,1,3,-70,0,848,10988,122,100,2,0,0
2556,18,8,1024,0,552,4,9,7,1,1,-95,8,1987,13839,164,100,1,0,0
2556,11,5,768,0,726,8,2,7,1,2,-70,1,1475,17920,162,100,4,0,0
2558,1,0,256,0,15,0,0,3,0,0,0,10,2977,25358,4457,100,2,0,0
2557,14,8,1024,0,710,6,13,7,1,2,-70,1,629,7299,152,100,2,0,0
2557,25,21,1536,0,743,7,11,7,1,2,-70,0,1429,11877,152,100,5,0,0
2558,6,5,768,0,567,5,5,5,1,2,-52,0,422,4235,153,100,1,0,0
2560,15,9,1024,0,548,5,306,7,1,1,-70,3,949,8667,163,100,2,1,3
2560,24,18,1280,0,550,5,14,7,1,1,-70,2,1672,16178,147,100,3,0,0
2560,27,22,1536,0,525,3,8,5,1,1,-52,0,310,7372,140,100,1,0,0
2561,9,4,768,10,729,5,11,7,1,1,-52,6,1426,10616,167,100,2,0,0
2561,29,28,1536,0,549,3,8,7,1,1,-52,0,895,8826,148,100,3,0,0
2561,3,1,512,0,548,8,5,7,1,1,-76,2,1300,15562,170,100,1,0,0
2561,17,12,1280,10,551,3,11,7,1,1,-52,0,1221,11523,141,100,4,0,0
2562,5,1,512,20,717,8,2,7,1,1,-76,4,1648,15364,171,100,2,0,0
2563,13,9,1024,0,645,8,18,7,1,2,-70,1,1223,12854,120,100,3,0,0
2562,14,8,1024,0,710,6,13,7,1,2,-70,1,652,6260,153,100,2,0,0
2563,16,11,1024,0,745,5,5,7,1,2,-52,0,518,6981,156,100,2,0,0
2562,20,14,1280,0,764,3,10,7,1,1,-70,0,659,6455,153,100,2,0,0
2564,21,15,1280,0,709,5,5,7,1,1,-70,2,1475,16824,161,100,2,0,0
2562,23,18,1280,10,477,4,22,7,1,1,-52,0,799,8870,109,100,3,0,0
2564,7,3,768,0,493,8,13,7,1,3,-70,0,580,7085,123,100,1,0,0
2564,1,0,256,0,15,0,0,3,0,0,0,10,1677,15543,4470,100,1,0,0
2564,22,18,1280,0,532,5,7,7,1,1,-70,1,1031,12113,143,100,3,0,0
2563,2,3,768,0,586,7,5,5,1,2,-52,0,612,7989,157,100,3,0,0
2564,12,8,1024,0,552,5,6,7,1,2,-70,1,1161,14722,157,100,2,0,0
2563,10,5,768,0,759,3,11,7,1,1,-52,0,856,8383,148,100,3,0,0
2562,25,21,1536,0,745,7,11,7,1,2,-70,0,497,5519,152,100,2,0,0
2565,4,1,512,10,536,7,6,7,2,1,-61,10,7696,36862,170,100,2,0,0
2563,19,13,1280,0,681,7,22,7,1,3,-70,0,1119,10647,114,100,4,0,0
2565,15,9,1024,10,548,5,307,7,1,1,-70,3,865,7661,163,100,2,1,3
2565,28,18,1280,0,542,3,4,7,1,1,-95,1,1028,12261,155,100,2,0,0
2564,26,21,1536,0,573,4,5,7,1,1,-52,0,677,8607,153,100,2,0,0
2566,8,4,768,10,527,5,10,7,2,2,-70,10,4660,27097,166,100,2,0,0
2564,31,30,1792,0,551,6,11,5,1,2,-52,0,833,11186,134,100,2,0,0
2565,11,5,768,0,729,8,2,7,1,2,-70,1,1263,14229,163,100,3,0,0
2566,24,18,1280,0,553,5,14,7,1,1,-70,2,944,8296,147,100,1,0,0
2566,18,8,1024,0,555,4,9,7,1,1,-95,8,3426,27380,165,100,3,0,0
2568,9,4,768,0,731,5,11,7,1,1,-52,6,1936,13769,168,100,2,0,0
2567,23,18,1280,10,477,4,22,7,1,1,-52,0,427,4612,110,100,1,0,0
2567,30,24,1536,0,496,8,6,7,1,3,-70,1,1122,15172,152,100,2,0,0
2569,14,8,1024,0,712,6,13,7,1,2,-70,1,842,9385,153,100,2,0,0
2570,7,3,768,0,495,8,13,7,1,3,-70,0,498,5607,123,100,1,0,0
2569,4,1,512,0,536,7,6,7,2,1,-61,10,2994,15198,171,100,1,0,0
2569,2,3,768,0,588,7,5,5,1,2,-52,0,553,6150,158,100,1,0,0
2570,21,15,1280,10,711,5,5,7,1,1,-70,2,1262,12941,161,100,2,0,0
2570,6,5,768,0,569,5,5,5,1,2,-52,0,642,10292,153,100,2,0,0
2570,12,8,1024,0,553,5,6,7,1,2,-70,1,628,9267,157,100,1,0,0
2569,28,18,1280,10,544,3,4,7,1,1,-95,1,677,6032,156,100,2,0,0
2568,26,21,1536,0,574,4,5,7,1,1,-52,0,273,4504,153,100,0,0,0
2568,25,21,1536,10,750,7,11,7,1,2,-70,0,765,6267,153,100,2,0,0
2570,27,22,1536,0,529,3,8,5,1,1,-52,0,903,9756,141,100,4,0,0
2571,17,12,1280,0,553,3,11,7,1,1,-52,0,603,9068,142,100,2,0,0
2572,16,11,1024,0,746,5,5,7,1,2,-52,0,564,8410,157,100,3,0,0
2570,31,30,1792,0,552,6,11,5,1,2,-52,0,395,5783,134,100,1,0,0
2571,10,5,768,0,761,3,11,7,1,1,-52,0,611,7678,149,100,2,0,0
2571,13,9,1024,0,646,8,18,7,1,2,-70,1,943,11744,121,100,3,0,0
2571,11,5,768,0,730,8,2,7,1,2,-70,1,654,8970,163,100,2,0,0
2572,3,1,512,10,551,8,5,7,1,1,-76,2,2052,21425,171,100,2,0,0
2572,5,1,512,10,723,8,2,7,1,1,-76,4,3005,24130,171,100,3,0,0
2572,1,0,256,0,15,0,0,3,0,0,0,10,2568,23061,4488,100,2,0,0
2572,19,13,1280,0,683,7,22,7,1,3,-70,0,698,8685,115,100,3,0,0
2573,8,4,768,10,528,5,10,7,2,2,-70,10,3031,19942,167,100,1,0,0
2573,29,28,1536,0,554,3,8,7,1,1,-52,0,909,11042,149,100,3,0,0
2573,22,18,1280,10,536,5,7,7,1,1,-70,1,945,12218,143,100,2,0,0
2575,21,15,1280,0,713,5,5,7,1,1,-70,2,962,8928,162,100,1,0,0
2573,23,18,1280,0,479,4,22,7,1,1,-52,0,526,6829,110,100,1,0,0
2574,20,14,1280,0,771,3,10,7,1,1,-70,0,1193,11786,153,100,4,0,0
2575,26,21,1536,0,576,4,5,7,1,1,-52,0,566,5614,153,100,1,0,0
2575,14,8,1024,0,715,6,13,7,1,2,-70,1,926,8473,153,100,2,0,0
2575,18,8,1024,0,557,4,9,7,1,1,-95,8,3132,25352,166,100,2,0,0
2576,2,3,768,10,589,7,5,5,1,2,-52,0,390,6403,158,100,1,0,0
2577,15,9,1024,10,551,5,310,7,1,1,-70,3,2592,21884,164,100,6,1,3
2578,16,11,1024,0,749,5,5,7,1,2,-52,0,601,6223,157,100,2,0,0
2577,9,4,768,10,737,5,11,7,1,1,-52,6,3225,22161,168,100,3,0,0
2576,28,18,1280,0,544,3,4,7,1,1,-95,1,731,9312,156,100,2,0,0
2576,24,18,1280,0,556,5,14,7,1,1,-70,2,1430,14619,148,100,3,0,0
2576,30,24,1536,0,497,8,6,7,1,3,-70,1,948,12000,153,100,2,0,0
2578,1,0,256,0,15,0,0,3,0,0,0,10,1401,14356,4496,100,1,0,0
2577,23,18,1280,0,480,4,22,7,1,1,-52,0,370,4146,110,100,1,0,0
2578,10,5,768,10,762,3,11,7,1,1,-52,0,483,7352,149,100,3,0,0
2578,11,5,768,0,731,8,2,7,1,2,-70,1,760,11228,164,100,2,0,0
2580,21,15,1280,10,715,5,5,7,1,1,-70,2,1044,9565,162,100,2,0,0
2579,13,9,1024,20,651,8,18,7,1,2,-70,1,1205,10635,122,100,2,0,0
2581,6,5,768,0,572,5,5,5,1,2,-52,0,806,10047,154,100,2,0,0
2580,4,1,512,20,539,7,6,7,2,1,-61,10,7155,36484,171,100,2,0,0
2578,27,22,1536,0,531,3,8,5,1,1,-52,0,621,7203,141,100,2,0,0
2579,25,21,1536,0,753,7,11,7,1,2,-70,0,925,9173,153,100,3,0,0
2581,26,21,1536,0,576,4,5,7,1,1,-52,0,342,5257,154,100,1,0,0
2581,7,3,768,10,500,8,13,7,1,3,-70,0,1020,11649,124,100,2,0,0
2581,15,9,1024,0,552,5,311,7,1,1,-70,3,905,8493,164,100,1,1,3
2582,5,1,512,0,725,8,2,7,1,1,-76,4,2196,21791,172,100,4,0,0
2580,31,30,1792,0,554,6,11,5,1,2,-52,0,605,9045,135,100,1,0,0
2582,12,8,1024,0,553,5,6,7,1,2,-70,1,1011,17930,158,100,2,0,0
2584,16,11,1024,0,751,5,5,7,1,2,-52,0,550,6258,158,100,2,0,0
2583,17,12,1280,0,556,3,11,7,1,1,-52,0,827,11714,143,100,3,0,0
2583,3,1,512,0,553,8,5,7,1,1,-76,2,1643,21250,172,100,2,0,0
2583,29,28,1536,0,558,3,8,7,1,1,-52,0,910,10055,150,100,3,0,0
2584,8,4,768,10,528,5,10,7,2,2,-70,10,4663,30203,167,100,2,0,0
2583,14,8,1024,0,720,6,13,7,1,2,-70,1,1226,11794,154,100,3,0,0
2583,23,18,1280,0,482,4,22,7,1,1,-52,0,557,6445,111,100,1,0,0
2583,19,13,1280,0,688,7,22,7,1,3,-70,0,956,10975,115,100,4,0,0
2585,2,3,768,10,589,7,5,5,1,2,-52,0,461,7303,159,100,2,0,0
2584,20,14,1280,0,773,3,10,7,1,1,-70,0,698,10502,154,100,3,0,0
2584,9,4,768,0,740,5,11,7,1,1,-52,6,2564,18685,169,100,2,0,0
2584,22,18,1280,0,541,5,7,7,1,1,-70,1,1745,16019,144,100,4,0,0
2586,4,1,512,0,539,7,6,7,2,1,-61,10,3607,18279,172,100,1,0,0
2587,15,9,1024,10,553,5,313,7,1,1,-70,3,689,8960,165,100,3,1,3
2588,12,8,1024,0,555,5,6,7,1,2,-70,1,742,8835,158,100,1,0,0
2587,11,5,768,0,737,8,2,7,1,2,-70,1,1479,14803,164,100,4,0,0
2587,26,21,1536,0,578,4,5,7,1,1,-52,0,597,6511,154,100,2,0,0
2588,1,0,256,0,15,0,0,3,0,0,0,10,2555,24916,4518,100,1,0,0
2587,18,8,1024,20,562,4,9,7,1,1,-95,8,4084,33325,166,100,2,0,0
2586,31,30,1792,0,554,6,11,5,1,2,-52,0,385,5656,135,100,2,0,0
2588,25,21,1536,0,757,7,11,7,1,2,-70,0,789,8741,154,100,2,0,0
2587,6,5,768,0,575,5,5,5,1,2,-52,0,709,9121,155,100,1,0,0
2588,27,22,1536,0,534,3,8,5,1,1,-52,0,705,9547,142,100,2,0,0
2588,13,9,1024,0,657,8,18,7,1,2,-70,1,1650,13348,122,100,4,0,0
2588,10,5,768,0,765,3,11,7,1,1,-52,0,699,9662,150,100,3,0,0
2587,28,18,1280,10,547,3,4,7,1,1,-95,1,1302,14124,157,100,3,0,0
2589,24,18,1280,20,560,5,14,7,1,1,-70,2,1697,16674,149,100,3,0,0
2587,30,24,1536,0,499,8,6,7,1,3,-70,1,1396,15782,153,100,2,0,0
2589,17,12,1280,0,556,3,11,7,1,1,-52,0,409,6030,143,100,2,0,0
2590,21,15,1280,0,718,5,5,7,1,1,-70,2,2053,20815,163,100,4,0,0
2589,19,13,1280,0,693,7,22,7,1,3,-70,0,873,7097,116,100,2,0,0
2590,5,1,512,10,730,8,2,7,1,1,-76,4,2331,21900,173,100,3,0,0
2590,29,28,1536,0,559,3,8,7,1,1,-52,0,418,6579,150,100,1,0,0
2589,23,18,1280,0,484,4,22,7,1,1,-52,0,501,6447,111,100,1,0,0
2591,7,3,768,0,504,8,13,7,1,3,-70,0,940,10989,125,100,2,0,0
2591,9,4,768,0,744,5,11,7,1,1,-52,6,2371,15661,169,100,3,0,0
2592,8,4,768,10,530,5,10,7,2,2,-70,10,3993,25006,168,100,1,0,0
2593,13,9,1024,0,660,8,18,7,1,2,-70,1,790,6104,122,100,2,0,0
2594,15,9,1024,0,557,5,315,7,1,1,-70,3,1714,13225,165,100,3,1,3
2594,16,11,1024,0,756,5,5,7,1,2,-52,0,954,10317,158,100,4,0,0
2593,2,3,768,0,592,7,5,5,1,2,-52,0,653,9235,159,100,1,0,0
2593,3,1,512,0,555,8,5,7,1,1,-76,2,1942,21809,172,100,2,0,0
2594,18,8,1024,0,563,4,9,7,1,1,-95,8,2382,19226,167,100,1,0,0
2594,4,1,512,0,542,7,6,7,2,1,-61,10,5975,29172,172,100,2,0,0
2594,14,8,1024,0,726,6,13,7,1,2,-70,1,1580,15097,155,100,3,0,0
2595,26,21,1536,0,580,4,5,7,1,1,-52,0,650,8703,155,100,1,0,0
2596,25,21,1536,10,763,7,11,7,1,2,-70,0,931,8298,154,100,4,0,0
2595,24,18,1280,0,564,5,14,7,1,1,-70,2,1265,9821,149,100,2,0,0
2595,20,14,1280,10,781,3,10,7,1,1,-70,0,1333,11546,155,100,4,0,0
2596,1,0,256,0,15,0,0,3,0,0,0,10,2512,21424,4535,100,2,0,0
2596,8,4,768,10,530,5,10,7,2,2,-70,10,1858,11394,168,100,1,0,0
2597,27,22,1536,0,539,3,8,5,1,1,-52,0,1023,9376,143,100,2,0,0
2596,22,18,1280,0,544,5,7,7,1,1,-70,1,1577,15637,145,100,2,0,0
2597,5,1,512,0,734,8,2,7,1,1,-76,4,1666,14914,173,100,3,0,0
2597,11,5,768,0,742,8,2,7,1,2,-70,1,1387,15568,165,100,3,0,0
2598,6,5,768,10,579,5,5,5,1,2,-52,0,832,9373,155,100,2,0,0
2597,31,30,1792,10,559,6,11,5,1,2,-52,0,940,11889,136,100,2,0,0
2599,21,15,1280,10,721,5,5,7,1,1,-70,2,1704,17018,163,100,4,0,0
2601,16,11,1024,0,758,5,5,7,1,2,-52,0,575,6732,159,100,2,0,0
2599,28,18,1280,0,551,3,4,7,1,1,-95,1,1386,14905,158,100,2,0,0
2600,7,3,768,0,507,8,13,7,1,3,-70,0,727,8469,125,100,2,0,0
2600,15,9,1024,0,558,5,316,7,1,1,-70,3,1238,11552,166,100,3,1,3
2600,12,8,1024,10,558,5,6,7,1,2,-70,1,1462,18781,159,100,3,0,0
2600,29,28,1536,0,560,3,8,7,1,1,-52,0,594,9977,151,100,2,0,0
2600,10,5,768,0,769,3,11,7,1,1,-52,0,926,11539,151,100,4,0,0
2599,17,12,1280,0,563,3,11,7,1,1,-52,0,1140,10676,144,100,1,0,0
2598,30,24,1536,10,503,8,6,7,1,3,-70,1,1340,14707,154,100,2,0,0
2600,9,4,768,0,746,5,11,7,1,1,-52,6,2367,18602,170,100,3,0,0
2600,23,18,1280,20,486,4,22,7,1,1,-52,0,595,10006,112,100,2,0,0
2601,19,13,1280,0,698,7,22,7,1,3,-70,0,1035,11368,117,100,4,0,0
2602,27,22,1536,0,542,3,8,5,1,1,-52,0,584,4839,143,100,1,0,0
2602,13,9,1024,0,664,8,18,7,1,2,-70,1,1378,12604,123,100,4,0,0
2601,20,14,1280,10,783,3,10,7,1,1,-70,0,498,5859,155,100,2,0,0
2602,2,3,768,0,597,7,5,5,1,2,-52,0,1061,9853,160,100,2,0,0
2603,26,21,1536,0,583,4,5,7,1,1,-52,0,728,7792,155,100,2,0,0
2602,18,8,1024,10,565,4,10,7,1,1,-95,8,3240,24391,167,100,2,0,0
2603,25,21,1536,10,766,7,11,7,1,2,-70,0,766,7046,155,100,2,0,0
2604,8,4,768,0,531,5,10,7,2,2,-70,10,3105,19690,169,100,1,0,0
2603,14,8,1024,0,729,6,13,7,1,2,-70,1,1203,11799,155,100,3,0,0
2604,4,1,512,10,544,7,6,7,2,1,-61,10,6307,31276,173,100,2,0,0
2603,7,3,768,0,508,8,13,7,1,3,-70,0,468,4765,126,100,0,0,0
2604,21,15,1280,10,724,5,5,7,1,1,-70,2,1065,10326,164,100,1,0,0
2603,30,24,1536,10,504,8,6,7,1,3,-70,1,587,5810,154,100,1,0,0
2605,24,18,1280,10,564,5,14,7,1,1,-70,2,1141,12396,150,100,1,0,0
2604,3,1,512,0,557,8,5,7,1,1,-76,2,2003,21898,173,100,2,0,0
2605,29,28,1536,0,560,3,8,7,1,1,-52,0,262,4425,151,100,1,0,0
2605,23,18,1280,0,489,4,22,7,1,1,-52,0,718,5373,112,100,1,0,0
2606,9,4,768,0,746,5,11,7,1,1,-52,6,1696,13759,170,100,1,0,0
2607,1,0,256,0,15,0,0,3,0,0,0,10,2852,26819,4555,100,2,0,0
2605,6,5,768,0,582,5,5,5,1,2,-52,0,806,8746,156,100,2,0,0
2607,15,9,1024,0,560,5,318,7,1,1,-70,3,1574,13589,166,100,3,1,3
2606,20,14,1280,0,784,3,10,7,1,1,-70,0,445,5265,156,100,2,0,0
2608,17,12,1280,0,564,3,11,7,1,1,-52,0,703,7608,144,100,2,0,0
2606,11,5,768,10,744,8,2,7,1,2,-70,1,910,14846,166,100,3,0,0
2607,13,9,1024,0,666,8,18,7,1,2,-70,1,636,6942,123,100,2,0,0
2608,5,1,512,0,738,8,2,7,1,1,-76,4,2797,25687,174,100,4,0,0
2606,31,30,1792,0,560,6,11,5,1,2,-52,0,607,9224,137,100,1,0,0
2609,21,15,1280,0,728,5,5,7,1,1,-70,2,1168,9398,164,100,2,0,0
2608,10,5,768,0,771,3,11,7,1,1,-52,0,615,8204,151,100,3,0,0
2608,22,18,1280,0,548,5,7,7,1,1,-70,1,1347,14939,146,100,2,0,0
2607,16,11,1024,0,760,5,5,7,1,2,-52,0,615,8347,159,100,3,0,0
2610,25,21,1536,0,768,7,11,7,1,2,-70,0,520,6805,155,100,2,0,0
2609,18,8,1024,40,567,4,10,7,1,1,-95,8,2419,18773,168,100,1,0,0
2610,12,8,1024,0,560,5,6,7,1,2,-70,1,1318,16852,160,100,2,0,0
2609,28,18,1280,0,554,3,4,7,1,1,-95,1,1196,12318,158,100,3,0,0
2609,2,3,768,0,600,7,5,5,1,2,-52,0,633,7036,160,100,1,0,0
2609,27,22,1536,0,545,3,8,5,1,1,-52,0,631,7623,143,100,1,0,0
2610,7,3,768,0,509,8,13,7,1,3,-70,0,512,6694,126,100,2,0,0
2609,30,24,1536,0,506,8,6,7,1,3,-70,1,917,8227,155,100,1,0,0
2612,4,1,512,0,545,7,6,7,2,1,-61,10,5125,25939,173,100,1,0,0
2611,20,14,1280,0,786,3,10,7,1,1,-70,0,495,5199,156,100,2,0,0
2611,11,5,768,0,746,8,2,7,1,2,-70,1,964,7583,166,100,2,0,0
2613,1,0,256,0,15,0,0,3,0,0,0,10,1813,15694,4569,100,1,0,0
2613,19,13,1280,0,705,7,22,7,1,3,-70,0,1171,11055,117,100,4,0,0
2612,17,12,1280,0,565,3,11,7,1,1,-52,0,450,5516,145,100,1,0,0
2611,24,18,1280,0,565,5,14,7,1,1,-70,2,1004,9500,150,100,1,0,0
2613,26,21,1536,0,588,4,5,7,1,1,-52,0,925,10536,156,100,1,0,0
2611,14,8,1024,20,734,6,13,7,1,2,-70,1,1458,12812,156,100,3,0,0
2613,10,5,768,0,773,3,11,7,1,1,-52,0,499,5350,151,100,1,0,0
2613,31,30,1792,0,563,6,11,5,1,2,-52,0,584,5305,137,100,1,0,0
2614,13,9,1024,0,667,8,18,7,1,2,-70,1,802,9715,124,100,1,0,0
2614,9,4,768,0,749,5,11,7,1,1,-52,6,2570,18432,171,100,3,0,0
2615,8,4,768,0,533,5,10,7,2,2,-70,10,5728,34168,169,100,2,0,0
2615,3,1,512,0,559,8,5,7,1,1,-76,2,1500,19750,174,100,2,0,0
2615,15,9,1024,0,562,5,320,7,1,1,-70,3,1659,14338,167,100,4,1,3
2615,29,28,1536,10,563,3,8,7,1,1,-52,0,808,10131,152,100,2,0,0
2614,16,11,1024,10,763,5,5,7,1,2,-52,0,657,7687,160,100,2,0,0
2614,23,18,1280,0,492,4,22,7,1,1,-52,0,809,9626,113,100,2,0,0
2616,11,5,768,10,748,8,2,7,1,2,-70,1,580,6865,166,100,2,0,0
2616,18,8,1024,10,568,4,10,7,1,1,-95,8,2548,20206,168,100,2,0,0
2618,25,21,1536,0,770,7,11,7,1,2,-70,0,672,7973,156,100,3,0,0
2616,27,22,1536,0,549,3,8,5,1,1,-52,0,885,7669,144,100,3,0,0
2616,2,3,768,0,600,7,5,5,1,2,-52,0,460,7285,161,100,2,0,0
2618,19,13,1280,0,710,7,22,7,1,3,-70,0,874,6582,118,100,2,0,0
2618,22,18,1280,0,550,5,7,7,1,1,-70,1,1328,13131,146,100,2,0,0
2619,21,15,1280,10,734,5,5,7,1,1,-70,2,2040,19963,164,100,4,0,0
2618,6,5,768,0,583,5,5,5,1,2,-52,0,615,11527,157,100,2,0,0
2619,28,18,1280,0,556,3,4,7,1,1,-95,1,1052,12887,159,100,1,0,0
2620,12,8,1024,0,562,5,6,7,1,2,-70,1,993,14628,160,100,1,0,0
2619,5,1,512,0,743,8,2,7,1,1,-76,4,3089,27788,175,100,3,0,0
2618,16,11,1024,10,766,5,5,7,1,2,-52,0,578,4640,160,100,2,0,0
2620,4,1,512,0,545,7,6,7,2,1,-61,10,5423,27736,174,100,2,0,0
2621,1,0,256,0,15,0,0,3,0,0,0,10,2001,20488,4583,100,1,0,0
2621,15,9,1024,10,564,5,322,7,1,1,-70,3,1287,10782,167,100,3,1,3
2620,20,14,1280,0,789,3,10,7,1,1,-70,0,626,8594,156,100,2,0,0
2619,7,3,768,10,512,8,13,7,1,3,-70,0,685,9105,127,100,1,0,0
2621,11,5,768,0,751,8,2,7,1,2,-70,1,1001,9141,166,100,1,0,0
2621,30,24,1536,0,507,8,6,7,1,3,-70,1,1029,13977,156,100,2,0,0
2621,18,8,1024,0,568,4,10,7,1,1,-95,8,1652,13594,169,100,1,0,0
2621,2,3,768,0,602,7,5,5,1,2,-52,0,442,4388,161,100,0,0,0
2622,10,5,768,0,776,3,12,7,1,1,-52,0,708,9474,152,100,3,0,0
2622,17,12,1280,0,567,3,11,7,1,1,-52,0,543,9017,145,100,2,0,0
2622,24,18,1280,10,572,5,14,7,1,1,-70,2,1961,15651,151,100,2,0,0
2623,19,13,1280,10,710,7,22,7,1,3,-70,0,263,3898,118,100,1,0,0
2621,31,30,1792,10,565,6,11,5,1,2,-52,0,622,8186,138,100,2,0,0
2622,27,22,1536,0,549,3,8,5,1,1,-52,0,286,5429,144,100,1,0,0
2623,14,8,1024,0,738,6,13,7,1,2,-70,1,1515,14887,157,100,3,0,0
2623,29,28,1536,10,565,3,8,7,1,1,-52,0,520,7568,152,100,2,0,0
2623,9,4,768,0,752,5,11,7,1,1,-52,6,2581,20806,172,100,3,0,0
2624,13,9,1024,0,672,8,18,7,1,2,-70,1,1694,14248,125,100,4,0,0
2625,8,4,768,10,534,5,10,7,2,2,-70,10,4399,26392,170,100,2,0,0
2625,3,1,512,0,560,8,5,7,1,1,-76,2,1442,18590,174,100,2,0,0
2625,1,0,256,0,15,0,0,3,0,0,0,10,1408,11646,4593,100,1,0,0
2625,26,21,1536,0,591,4,5,7,1,1,-52,0,930,11942,157,100,3,0,0
2624,23,18,1280,10,495,4,22,7,1,1,-52,0,785,8988,114,100,2,0,0
2626,12,8,1024,0,562,5,6,7,1,2,-70,1,679,9925,161,100,1,0,0
2627,21,15,1280,0,738,5,5,7,1,1,-70,2,1432,15027,165,100,2,0,0
2626,17,12,1280,0,567,3,11,7,1,1,-52,0,263,3765,145,100,1,0,0
2625,22,18,1280,0,553,5,7,7,1,1,-70,1,1048,10478,147,100,1,0,0
2627,6,5,768,0,586,5,5,5,1,2,-52,0,629,8122,157,100,1,0,0
2625,31,30,1792,10,566,6,11,5,1,2,-52,0,427,4201,138,100,1,0,0
2627,25,21,1536,0,775,7,11,7,1,2,-70,0,864,9442,156,100,2,0,0
2627,24,18,1280,10,573,5,14,7,1,1,-70,2,714,6052,151,100,1,0,0
2627,11,5,768,0,755,8,2,7,1,2,-70,1,1024,10040,167,100,2,0,0
2628,15,9,1024,0,566,5,324,7,1,1,-70,3,1232,11321,167,100,3,1,3
2627,18,8,1024,0,569,4,10,7,1,1,-95,8,2645,18054,169,100,1,0,0
2629,4,1,512,20,548,7,6,7,2,1,-61,10,6177,29201,175,100,1,0,0
2628,28,18,1280,0,557,3,4,7,1,1,-95,1,1012,11972,159,100,2,0,0
2629,5,1,512,0,746,8,2,7,1,1,-76,4,2460,22196,175,100,2,0,0
2628,27,22,1536,0,550,3,8,5,1,1,-52,0,449,5524,145,100,1,0,0
2628,16,11,1024,0,769,5,5,7,1,2,-52,0,803,9373,161,100,3,0,0
2629,10,5,768,0,780,3,12,7,1,1,-52,0,878,7142,153,100,4,0,0
2628,30,24,1536,0,507,8,6,7,1,3,-70,1,885,10002,156,100,1,0,0
2630,12,8,1024,0,562,5,6,7,1,2,-70,1,565,6502,161,100,1,0,0
2631,26,21,1536,0,592,4,5,7,1,1,-52,0,394,5282,157,100,1,0,0
2630,20,14,1280,0,793,3,10,7,1,1,-70,0,1030,9763,157,100,4,0,0
2630,13,9,1024,0,673,8,18,7,1,2,-70,1,429,7405,125,100,1,0,0
2631,8,4,768,10,534,5,10,7,2,2,-70,10,3091,18098,170,100,1,0,0
2630,9,4,768,0,754,5,11,7,1,1,-52,6,2176,14899,172,100,3,0,0
2633,3,1,512,20,561,8,5,7,1,1,-76,2,997,13931,175,100,1,0,0
2632,18,8,1024,0,571,4,10,7,1,1,-95,8,1497,12815,169,100,1,0,0
2632,1,0,256,0,15,0,0,3,0,0,0,10,1900,18146,4607,100,1,0,0
2631,7,3,768,0,514,8,13,7,1,3,-70,0,724,11071,128,100,2,0,0
2632,24,18,1280,0,575,5,14,7,1,1,-70,2,825,7481,152,100,1,0,0
2632,2,3,768,0,604,7,5,5,1,2,-52,0,698,9581,162,100,2,0,0
2632,28,18,1280,0,557,3,4,7,1,1,-95,1,376,4989,160,100,1,0,0
2633,15,9,1024,0,567,5,327,7,1,1,-70,3,924,9388,168,100,4,1,3
2632,22,18,1280,10,555,5,7,7,1,1,-70,1,852,8928,147,100,1,0,0
2633,31,30,1792,0,569,6,11,5,1,2,-52,0,633,7277,138,100,1,0,0
2634,14,8,1024,0,744,6,13,7,1,2,-70,1,1556,14445,158,100,4,0,0
2635,19,13,1280,0,717,7,22,7,1,3,-70,0,1250,11987,119,100,4,0,0
2635,11,5,768,0,758,8,2,7,1,2,-70,1,1004,11743,167,100,2,0,0
2636,21,15,1280,0,740,5,5,7,1,1,-70,2,1463,17007,166,100,3,0,0
2635,6,5,768,0,589,5,5,5,1,2,-52,0,781,7988,158,100,2,0,0
2633,29,28,1536,0,568,3,8,7,1,1,-52,0,833,11065,153,100,2,0,0
2636,23,18,1280,0,498,4,22,7,1,1,-52,0,778,10656,114,100,2,0,0
2637,4,1,512,10,549,7,6,7,2,1,-61,10,5184,26284,175,100,2,0,0
2635,30,24,1536,10,510,8,6,7,1,3,-70,1,1108,10008,157,100,2,0,0
2636,25,21,1536,0,780,7,11,7,1,2,-70,0,886,9284,157,100,3,0,0
2637,17,12,1280,0,569,3,11,7,1,1,-52,0,702,9856,146,100,2,0,0
2636,27,22,1536,0,553,3,8,5,1,1,-52,0,632,7679,145,100,1,0,0
2636,20,14,1280,0,799,3,10,7,1,1,-70,0,1064,7355,158,100,2,0,0
2637,12,8,1024,10,563,5,6,7,1,2,-70,1,689,10930,161,100,1,0,0
2637,13,9,1024,0,677,8,18,7,1,2,-70,1,1223,9487,125,100,2,0,0
2638,5,1,512,0,752,8,2,7,1,1,-76,4,2510,21502,176,100,4,0,0
2638,8,4,768,0,536,5,10,7,2,2,-70,10,3766,21618,171,100,1,0,0
2639,2,3,768,0,605,7,5,5,1,2,-52,0,414,6132,162,100,1,0,0
2637,9,4,768,30,759,5,11,7,1,1,-52,6,2170,15174,173,100,2,0,0
2638,24,18,1280,0,578,5,14,7,1,1,-70,2,1274,9195,152,100,1,0,0
2640,15,9,1024,0,568,5,328,7,1,1,-70,3,1118,11165,168,100,2,1,3
2638,16,11,1024,0,775,5,5,7,1,2,-52,0,1183,11180,162,100,4,0,0
2640,21,15,1280,0,742,5,5,7,1,1,-70,2,848,9035,166,100,1,0,0
2640,10,5,768,0,783,3,12,7,1,1,-52,0,745,10902,153,100,3,0,0
2639,19,13,1280,0,719,7,22,7,1,3,-70,0,497,4848,119,100,2,0,0
2640,20,14,1280,0,800,3,10,7,1,1,-70,0,371,4394,158,100,1,0,0
2642,7,3,768,0,516,8,13,7,1,3,-70,0,714,9209,128,100,2,0,0
2640,22,18,1280,10,555,5,7,7,1,1,-70,1,758,9851,148,100,2,0,0
2641,26,21,1536,10,595,4,5,7,1,1,-52,0,808,11445,158,100,2,0,0
2643,12,8,1024,10,565,5,6,7,1,2,-70,1,819,8490,162,100,1,0,0
2642,17,12,1280,0,570,3,11,7,1,1,-52,0,450,5485,147,100,1,0,0
2642,14,8,1024,0,750,6,13,7,1,2,-70,1,1387,12534,158,100,2,0,0
2642,18,8,1024,10,573,4,10,7,1,1,-95,8,3800,29573,170,100,2,0,0
2644,2,3,768,0,607,7,5,5,1,2,-52,0,595,5307,163,100,1,0,0
2643,23,18,1280,0,501,4,22,7,1,1,-52,0,689,7491,115,100,1,0,0
2644,1,0,256,0,15,0,0,3,0,0,0,10,3381,29918,4631,100,2,0,0
2643,28,18,1280,0,562,3,4,7,1,1,-95,1,1438,14347,160,100,2,0,0
2644,3,1,512,0,570,8,5,7,1,1,-76,2,2786,24288,176,100,2,0,0
2643,9,4,768,10,763,5,11,7,1,1,-52,6,2108,14361,173,100,2,0,0
2644,15,9,1024,10,569,5,329,7,1,1,-70,3,889,7241,169,100,2,1,3
2643,31,30,1792,0,571,6,11,5,1,2,-52,0,772,10193,139,100,2,0,0
2644,30,24,1536,0,513,8,6,7,1,3,-70,1,1150,11401,157,100,1,0,0
2645,24,18,1280,0,578,5,14,7,1,1,-70,2,889,9374,152,100,2,0,0
2646,25,21,1536,0,782,7,11,7,1,2,-70,0,797,9507,158,100,3,0,0
2645,29,28,1536,0,569,3,8,7,1,1,-52,0,619,10638,154,100,2,0,0
2646,11,5,768,0,764,8,2,7,1,2,-70,1,1716,18807,168,100,4,0,0
2646,8,4,768,10,539,5,10,7,2,2,-70,10,4063,24718,172,100,2,0,0
2645,16,11,1024,0,778,5,5,7,1,2,-52,0,631,6596,162,100,2,0,0
2646,6,5,768,0,592,5,5,5,1,2,-52,0,773,11444,158,100,2,0,0
2648,21,15,1280,0,744,5,5,7,1,1,-70,2,1299,14031,166,100,3,0,0
2648,23,18,1280,0,503,4,22,7,1,1,-52,0,477,4493,115,100,1,0,0
2647,26,21,1536,0,597,4,5,7,1,1,-52,0,526,6122,158,100,1,0,0
2648,4,1,512,10,550,7,6,7,2,1,-61,10,8090,39204,176,100,2,0,0
2647,27,22,1536,0,554,3,8,5,1,1,-52,0,594,10384,146,100,2,0,0
2648,13,9,1024,0,681,8,18,7,1,2,-70,1,1662,14955,126,100,3,0,0
2648,14,8,1024,0,751,6,13,7,1,2,-70,1,668,6788,159,100,2,0,0
2648,10,5,768,0,785,3,12,7,1,1,-52,0,574,7349,154,100,2,0,0
2648,28,18,1280,0,564,3,4,7,1,1,-95,1,672,6334,161,100,0,0,0
2650,5,1,512,10,757,8,2,7,1,1,-76,4,2865,26145,177,100,3,0,0
2650,19,13,1280,0,727,7,22,7,1,3,-70,0,1332,11205,120,100,4,0,0
2650,24,18,1280,0,578,5,14,7,1,1,-70,2,432,5823,153,100,1,0,0
2649,31,30,1792,10,574,6,11,5,1,2,-52,0,502,5790,139,100,1,0,0
2651,11,5,768,0,766,8,2,7,1,2,-70,1,680,7412,168,100,2,0,0
2651,1,0,256,0,15,0,0,3,0,0,0,10,2116,19504,4643,100,2,0,0
2652,15,9,1024,0,572,5,332,7,1,1,-70,3,1586,14134,169,100,4,1,3
2652,9,4,768,10,764,5,11,7,1,1,-52,6,2295,18032,173,100,2,0,0
2652,23,18,1280,0,505,4,22,7,1,1,-52,0,374,4775,115,100,1,0,0
2653,2,3,768,0,609,7,5,5,1,2,-52,0,618,7917,163,100,2,0,0
2652,17,12,1280,0,575,3,11,7,1,1,-52,0,961,10299,147,100,3,0,0
2653,7,3,768,0,517,8,13,7,1,3,-70,0,616,10768,129,100,2,0,0
2651,27,22,1536,0,554,3,8,5,1,1,-52,0,263,4172,146,100,1,0,0
2652,22,18,1280,0,558,5,7,7,1,1,-70,1,1342,14852,148,100,3,0,0
2652,20,14,1280,0,806,3,10,7,1,1,-70,0,1142,11606,159,100,4,0,0
2654,12,8,1024,0,568,5,6,7,1,2,-70,1,1333,17493,162,100,3,0,0
2653,18,8,1024,0,575,4,11,7,1,1,-95,8,4440,32287,171,100,3,0,0
2653,26,21,1536,0,598,4,5,7,1,1,-52,0,449,5958,159,100,1,0,0
2653,31,30,1792,0,574,6,11,5,1,2,-52,0,427,4206,140,100,1,0,0
2654,28,18,1280,0,568,3,4,7,1,1,-95,1,945,8279,161,100,3,0,0
2655,25,21,1536,0,785,7,11,7,1,2,-70,0,747,8578,158,100,3,0,0
2654,16,11,1024,0,780,5,5,7,1,2,-52,0,671,7735,163,100,3,0,0
2656,4,1,512,0,554,7,6,7,2,1,-61,10,5407,25747,176,100,1,0,0
2656,3,1,512,10,576,8,5,7,1,1,-76,2,1882,21942,176,100,2,0,0
2655,6,5,768,0,593,5,5,5,1,2,-52,0,471,7888,159,100,1,0,0
2656,8,4,768,0,542,5,10,7,2,2,-70,10,4687,26659,172,100,3,0,0
2655,30,24,1536,0,515,8,6,7,1,3,-70,1,1331,13968,158,100,2,0,0
2656,19,13,1280,0,729,7,22,7,1,3,-70,0,503,5972,120,100,1,0,0
2654,29,28,1536,0,571,3,8,7,1,1,-52,0,702,9488,155,100,2,0,0
2657,10,5,768,0,790,3,12,7,1,1,-52,0,838,8728,154,100,2,0,0
2657,21,15,1280,0,748,5,5,7,1,1,-70,2,1982,19939,167,100,3,0,0
2658,12,8,1024,0,571,5,6,7,1,2,-70,1,839,7177,163,100,2,0,0
2657,23,18,1280,0,507,4,22,7,1,1,-52,0,714,5637,116,100,3,0,0
2656,27,22,1536,0,558,3,8,5,1,1,-52,0,770,6445,147,100,1,0,0
2658,1,0,256,0,15,0,0,3,0,0,0,10,2084,17908,4659,100,1,0,0
2659,5,1,512,0,760,8,2,7,1,1,-76,4,2328,20912,177,100,4,0,0
2658,14,8,1024,0,757,6,13,7,1,2,-70,1,1536,13647,159,100,4,0,0
2658,28,18,1280,0,569,3,4,7,1,1,-95,1,597,5779,161,100,1,0,0
2659,7,3,768,0,518,8,13,7,1,3,-70,0,392,5749,129,100,1,0,0
2658,9,4,768,10,766,5,11,7,1,1,-52,6,1663,13703,174,100,2,0,0
2660,2,3,768,0,610,7,5,5,1,2,-52,0,470,6786,164,100,1,0,0
2658,22,18,1280,0,560,5,7,7,1,1,-70,1,1107,8814,149,100,2,0,0
2660,13,9,1024,0,686,8,18,7,1,2,-70,1,1642,15583,127,100,4,0,0
2660,4,1,512,10,554,7,6,7,2,1,-61,10,3156,14876,177,100,1,0,0
2659,20,14,1280,10,810,3,10,7,1,1,-70,0,711,7018,159,100,2,0,0
2660,24,18,1280,0,582,5,14,7,1,1,-70,2,1545,13589,153,100,3,0,0
2661,15,9,1024,0,573,5,334,7,1,1,-70,3,1559,15563,170,100,4,1,3
2661,18,8,1024,0,576,4,11,7,1,1,-95,8,2692,21672,171,100,1,0,0
2662,11,5,768,0,772,8,2,7,1,2,-70,1,1620,16799,169,100,3,0,0
2662,17,12,1280,0,577,3,11,7,1,1,-52,0,600,9497,148,100,2,0,0
2663,8,4,768,20,545,5,11,7,2,2,-70,10,3564,20386,173,100,3,0,0
2662,6,5,768,0,595,5,5,5,1,2,-52,0,674,7598,160,100,2,0,0
2662,31,30,1792,0,576,6,11,5,1,2,-52,0,646,8573,140,100,2,0,0
2662,16,11,1024,0,782,5,5,7,1,2,-52,0,518,7366,163,100,2,0,0
2662,29,28,1536,0,573,3,8,7,1,1,-52,0,500,6953,155,100,1,0,0
2663,1,0,256,0,15,0,0,3,0,0,0,10,1501,14030,4670,100,1,0,0
2663,26,21,1536,0,600,4,5,7,1,1,-52,0,621,9053,159,100,2,0,0
2664,3,1,512,10,578,8,5,7,1,1,-76,2,1396,16348,177,100,2,0,0
2665,5,1,512,0,764,8,2,7,1,1,-76,4,1971,16355,178,100,2,0,0
2666,7,3,768,0,520,8,13,7,1,3,-70,0,554,6255,130,100,1,0,0
2664,30,24,1536,0,516,8,6,7,1,3,-70,1,915,11844,158,100,2,0,0
2665,25,21,1536,0,789,7,11,7,1,2,-70,0,808,9649,159,100,3,0,0
2666,15,9,1024,10,575,5,336,7,1,1,-70,3,1050,8320,170,100,3,1,3
2665,14,8,1024,0,761,6,13,7,1,2,-70,1,1058,9679,160,100,2,0,0
2667,2,3,768,0,610,7,5,5,1,2,-52,0,283,6094,164,100,1,0,0
2665,21,15,1280,0,752,5,5,7,1,1,-70,2,1401,14844,168,100,3,0,0
2665,24,18,1280,20,584,5,14,7,1,1,-70,2,876,7711,154,100,1,0,0
2667,20,14,1280,0,812,3,10,7,1,1,-70,0,673,7396,160,100,3,0,0
2668,10,5,768,0,797,3,12,7,1,1,-52,0,1457,12120,155,100,4,0,0
2668,19,13,1280,0,734,7,22,7,1,3,-70,0,1035,11847,121,100,4,0,0
2668,11,5,768,10,774,8,2,7,1,2,-70,1,760,8943,170,100,2,0,0
2665,27,22,1536,0,561,3,8,5,1,1,-52,0,747,8361,147,100,3,0,0
2667,9,4,768,0,768,5,11,7,1,1,-52,6,2528,19856,174,100,3,0,0
2668,8,4,768,0,547,5,11,7,2,2,-70,10,2395,14515,173,100,1,0,0
2667,16,11,1024,0,786,5,5,7,1,2,-52,0,702,5698,163,100,3,0,0
2668,22,18,1280,0,562,5,7,7,1,1,-70,1,968,12085,149,100,2,0,0
2669,25,21,1536,0,790,7,11,7,1,2,-70,0,370,4025,159,100,1,0,0
2668,12,8,1024,10,575,5,6,7,1,2,-70,1,1368,18403,164,100,3,0,0
2669,23,18,1280,10,512,4,22,7,1,1,-52,0,870,11115,116,100,1,0,0
2669,17,12,1280,0,580,3,11,7,1,1,-52,0,705,6806,148,100,2,0,0
2670,4,1,512,20,556,7,6,7,2,1,-61,10,6492,32799,177,100,2,0,0
2670,13,9,1024,0,688,8,18,7,1,2,-70,1,1081,12913,127,100,4,0,0
2670,6,5,768,10,598,5,5,5,1,2,-52,0,604,7426,160,100,1,0,0
2670,18,8,1024,10,578,4,11,7,1,1,-95,8,3101,25066,172,100,2,0,0
2670,28,18,1280,0,574,3,4,7,1,1,-95,1,1452,15631,162,100,2,0,0
2672,7,3,768,0,520,8,13,7,1,3,-70,0,381,5903,130,100,2,0,0
2670,29,28,1536,10,576,3,8,7,1,1,-52,0,687,8560,156,100,1,0,0
2672,10,5,768,0,799,3,12,7,1,1,-52,0,471,4029,155,100,2,0,0
2673,5,1,512,0,766,8,2,7,1,1,-76,4,2017,18614,178,100,2,0,0
2673,1,0,256,0,15,0,0,3,0,0,0,10,2689,24110,4689,100,2,0,0
2672,30,24,1536,0,516,8,6,7,1,3,-70,1,600,9937,159,100,1,0,0
2674,11,5,768,0,777,8,2,7,1,2,-70,1,1099,10543,170,100,2,0,0
2673,31,30,1792,0,578,6,11,5,1,2,-52,0,606,9921,141,100,1,0,0
2673,25,21,1536,0,791,7,11,7,1,2,-70,0,420,4451,160,100,2,0,0
2673,19,13,1280,0,735,7,22,7,1,3,-70,0,390,5063,121,100,2,0,0
2674,27,22,1536,10,562,3,8,5,1,1,-52,0,343,6903,148,100,1,0,0
2674,3,1,512,0,581,8,5,7,1,1,-76,2,1713,20228,178,100,1,0,0
2675,26,21,1536,0,603,4,5,7,1,1,-52,0,832,11393,160,100,2,0,0
2675,28,18,1280,0,574,3,4,7,1,1,-95,1,680,6962,163,100,1,0,0
2675,18,8,1024,10,581,4,11,7,1,1,-95,8,2268,15706,172,100,1,0,0
2675,14,8,1024,0,769,6,13,7,1,2,-70,1,1826,14944,160,100,3,0,0
2676,22,18,1280,0,563,5,7,7,1,1,-70,1,857,9534,150,100,2,0,0
2675,21,15,1280,0,758,5,5,7,1,1,-70,2,2163,20075,168,100,4,0,0
2676,16,11,1024,0,790,5,5,7,1,2,-52,0,885,8131,164,100,3,0,0
2676,9,4,768,10,772,5,11,7,1,1,-52,6,2733,19023,175,100,3,0,0
2675,13,9,1024,10,693,8,18,7,1,2,-70,1,1168,9433,128,100,2,0,0
2676,6,5,768,0,599,5,5,5,1,2,-52,0,416,6215,160,100,1,0,0
2677,4,1,512,10,556,7,6,7,2,1,-61,10,4238,21780,178,100,1,0,0
2677,8,4,768,10,549,5,11,7,2,2,-70,10,4337,25931,174,100,2,0,0
2676,24,18,1280,0,589,5,14,7,1,1,-70,2,1859,16004,154,100,3,0,0
2676,15,9,1024,0,577,5,339,7,1,1,-70,3,2140,20595,171,100,5,1,3
2677,2,3,768,0,611,7,5,5,1,2,-52,0,609,11078,165,100,3,0,0
2677,23,18,1280,0,515,4,22,7,1,1,-52,0,871,9059,117,100,3,0,0
2677,30,24,1536,0,520,8,6,7,1,3,-70,1,957,6539,159,100,1,0,0
2678,20,14,1280,10,817,3,10,7,1,1,-70,0,872,11301,160,100,4,0,0
2679,12,8,1024,10,579,5,6,7,1,2,-70,1,1199,16033,164,100,2,0,0
2679,3,1,512,0,583,8,5,7,1,1,-76,2,909,9084,178,100,1,0,0
2679,31,30,1792,0,581,6,11,5,1,2,-52,0,705,6138,141,100,2,0,0
2681,7,3,768,0,523,8,13,7,1,3,-70,0,685,9639,131,100,1,0,0
2680,11,5,768,10,781,8,2,7,1,2,-70,1,996,10052,170,100,3,0,0
2681,10,5,768,10,804,3,12,7,1,1,-52,0,878,8795,156,100,4,0,0
2681,17,12,1280,0,583,3,11,7,1,1,-52,0,827,11710,149,100,3,0,0
2681,22,18,1280,0,564,5,7,7,1,1,-70,1,482,6183,150,100,1,0,0
2681,1,0,256,0,15,0,0,3,0,0,0,10,2228,21552,4703,100,1,0,0
2682,6,5,768,0,599,5,5,5,1,2,-52,0,315,4455,161,100,1,0,0
2680,19,13,1280,0,740,7,22,7,1,3,-70,0,890,8640,122,100,3,0,0
2682,5,1,512,0,769,8,2,7,1,1,-76,4,2413,20407,179,100,4,0,0
2681,8,4,768,0,551,5,11,7,2,2,-70,10,2499,13747,174,100,0,0,0
2679,29,28,1536,0,576,3,8,7,1,1,-52,0,432,8405,156,100,2,0,0
2682,9,4,768,10,774,5,11,7,1,1,-52,6,1416,11510,175,100,2,0,0
2681,27,22,1536,0,563,3,8,5,1,1,-52,0,629,6906,148,100,1,0,0
2682,14,8,1024,0,772,6,13,7,1,2,-70,1,1071,9700,161,100,3,0,0
2683,12,8,1024,0,581,5,6,7,1,2,-70,1,881,7467,165,100,1,0,0
2683,21,15,1280,10,760,5,5,7,1,1,-70,2,1187,14833,169,100,3,0,0
2684,24,18,1280,10,591,5,14,7,1,1,-70,2,1315,10411,155,100,2,0,0
2682,25,21,1536,0,796,7,11,7,1,2,-70,0,955,9670,160,100,4,0,0
2684,28,18,1280,10,578,3,4,7,1,1,-95,1,1245,11920,163,100,3,0,0
2686,6,5,768,0,599,5,5,5,1,2,-52,0,259,3790,161,100,1,0,0
2685,15,9,1024,0,582,5,341,7,1,1,-70,3,1656,15687,171,100,3,1,3
2686,4,1,512,10,557,7,6,7,2,1,-61,10,5973,31328,178,100,2,0,0
2685,2,3,768,10,612,7,5,5,1,2,-52,0,512,7101,166,100,2,0,0
2685,23,18,1280,10,516,4,22,7,1,1,-52,0,450,6985,118,100,1,0,0
2686,16,11,1024,0,795,5,5,7,1,2,-52,0,913,10309,165,100,3,0,0
2687,8,4,768,0,551,5,11,7,2,2,-70,10,2373,15185,174,100,1,0,0
2686,20,14,1280,0,819,3,10,7,1,1,-70,0,781,7940,161,100,3,0,0
2686,26,21,1536,0,606,4,5,7,1,1,-52,0,833,11693,161,100,2,0,0
2686,18,8,1024,50,587,4,11,7,1,1,-95,8,4347,32548,173,100,2,0,0
2686,13,9,1024,10,696,8,18,7,1,2,-70,1,1276,14075,129,100,3,0,0
2689,7,3,768,0,524,8,13,7,1,3,-70,0,512,6991,131,100,2,0,0
2684,31,30,1792,0,583,6,11,5,1,2,-52,0,460,5150,142,100,0,0,0
2688,5,1,512,0,772,8,2,7,1,1,-76,4,1585,15533,179,100,2,0,0
2687,27,22,1536,0,565,3,8,5,1,1,-52,0,476,5167,148,100,1,0,0
2688,1,0,256,0,15,0,0,3,0,0,0,10,2146,18739,4717,100,2,0,0
2686,19,13,1280,0,741,7,22,7,1,3,-70,0,394,5913,122,100,1,0,0
2688,14,8,1024,10,776,6,13,7,1,2,-70,1,948,8456,161,100,2,0,0
2686,30,24,1536,0,521,8,6,7,1,3,-70,1,1348,13097,160,100,2,0,0
2687,22,18,1280,0,565,5,7,7,1,1,-70,1,1015,9359,151,100,1,0,0
2691,10,5,768,0,807,3,12,7,1,1,-52,0,812,10176,157,100,2,0,0
2689,3,1,512,0,586,8,5,7,1,1,-76,2,1832,21084,179,100,2,0,0
2690,15,9,1024,0,583,5,342,7,1,1,-70,3,868,8055,172,100,2,1,3
2692,11,5,768,0,786,8,2,7,1,2,-70,1,1540,17479,171,100,3,0,0
2688,29,28,1536,0,580,3,8,7,1,1,-52,0,891,8670,157,100,2,0,0
2690,24,18,1280,0,594,5,14,7,1,1,-70,2,1144,9200,155,100,1,0,0
2691,4,1,512,0,558,7,6,7,2,1,-61,10,3581,17042,179,100,1,0,0
2692,17,12,1280,0,588,3,11,7,1,1,-52,0,1048,11428,150,100,2,0,0
2692,2,3,768,0,612,7,5,5,1,2,-52,0,364,6543,166,100,1,0,0
2692,21,15,1280,10,764,5,5,7,1,1,-70,2,1502,16754,169,100,2,0,0
2693,27,22,1536,0,566,3,8,5,1,1,-52,0,570,6184,149,100,2,0,0
2693,9,4,768,0,780,5,11,7,1,1,-52,6,3376,25131,176,100,3,0,0
2693,23,18,1280,0,518,4,22,7,1,1,-52,0,647,7803,118,100,2,0,0
2694,6,5,768,0,601,5,5,5,1,2,-52,0,674,8513,162,100,2,0,0
2693,31,30,1792,0,585,7,11,5,1,2,-52,0,702,8654,142,100,2,0,0
2693,25,21,1536,0,801,7,11,7,1,2,-70,0,1017,10200,161,100,3,0,0
2694,18,8,1024,0,588,4,11,7,1,1,-95,8,2881,21972,173,100,1,0,0
2695,5,1,512,0,774,8,2,7,1,1,-76,4,1643,15421,180,100,2,0,0
2695,1,0,256,0,15,0,0,3,0,0,0,10,1677,16103,4731,100,1,0,0
2694,19,13,1280,10,744,7,22,7,1,3,-70,0,749,7058,123,100,4,0,0
2695,12,8,1024,0,583,5,6,7,1,2,-70,1,1255,18186,165,100,2,0,0
2694,28,18,1280,0,583,3,4,7,1,1,-95,1,1546,14238,164,100,3,0,0
2696,16,11,1024,10,798,5,5,7,1,2,-52,0,616,8679,165,100,3,0,0
2696,3,1,512,20,588,8,5,7,1,1,-76,2,744,10298,179,100,1,0,0
2694,13,9,1024,0,700,8,18,7,1,2,-70,1,1394,11422,129,100,4,0,0
2695,20,14,1280,0,823,3,10,7,1,1,-70,0,727,8796,161,100,3,0,0
2695,15,9,1024,10,584,5,343,7,1,1,-70,3,1003,9495,172,100,2,1,3
2696,7,3,768,0,524,8,13,7,1,3,-70,0,364,7492,132,100,1,0,0
2696,14,8,1024,0,779,6,13,7,1,2,-70,1,1103,10093,162,100,3,0,0
2696,26,21,1536,0,607,4,5,7,1,1,-52,0,595,9194,162,100,2,0,0
2696,30,24,1536,0,525,8,6,7,1,3,-70,1,1498,13590,161,100,2,0,0
2698,4,1,512,10,558,7,6,7,2,1,-61,10,4397,21777,179,100,1,0,0
2698,22,18,1280,0,566,5,7,7,1,1,-70,1,970,12673,151,100,2,0,0
2699,10,5,768,0,811,3,12,7,1,1,-52,0,829,8306,157,100,3,0,0
2699,8,4,768,10,553,5,11,7,2,2,-70,10,5996,34607,175,100,3,0,0
2699,17,12,1280,0,589,3,11,7,1,1,-52,0,396,6110,150,100,1,0,0
2699,18,8,1024,10,589,4,11,7,1,1,-95,8,1676,13211,174,100,1,0,0
2700,11,5,768,10,789,8,2,7,1,2,-70,1,995,12814,172,100,3,0,0
2700,12,8,1024,0,583,5,6,7,1,2,-70,1,586,7310,166,100,1,0,0
2699,29,28,1536,10,585,3,8,7,1,1,-52,0,883,10793,157,100,2,0,0
2699,19,13,1280,0,745,7,22,7,1,3,-70,0,395,5296,123,100,1,0,0
2701,6,5,768,0,602,5,5,5,1,2,-52,0,414,6641,162,100,1,0,0
2700,2,3,768,0,612,7,5,5,1,2,-52,0,404,7284,166,100,2,0,0
2700,31,30,1792,0,588,7,11,5,1,2,-52,0,688,6987,143,100,1,0,0
2701,15,9,1024,0,585,5,345,7,1,1,-70,3,870,9360,173,100,3,1,3
2701,27,22,1536,0,567,4,8,5,1,1,-52,0,553,8384,150,100,1,0,0
2703,9,4,768,0,784,5,11,7,1,1,-52,6,2977,21175,177,100,3,0,0
2701,24,18,1280,10,596,5,14,7,1,1,-70,2,1552,15614,156,100,2,0,0
2703,21,15,1280,10,768,5,5,7,1,1,-70,2,1811,20284,170,100,4,0,0
2704,10,5,768,0,813,3,12,7,1,1,-52,0,493,4807,157,100,2,0,0
2703,23,18,1280,0,522,4,22,7,1,1,-52,0,910,10238,119,100,3,0,0
2702,25,21,1536,10,805,7,11,7,1,2,-70,0,729,8405,161,100,3,0,0
2703,20,14,1280,0,827,3,10,7,1,1,-70,0,886,8214,162,100,3,0,0
2703,14,8,1024,0,784,6,13,7,1,2,-70,1,1257,10820,162,100,2,0,0
2705,11,5,768,0,791,8,2,7,1,2,-70,1,754,7722,172,100,2,0,0
2705,16,11,1024,0,799,5,5,7,1,2,-52,0,696,8981,166,100,3,0,0
2703,13,9,1024,0,704,8,18,7,1,2,-70,1,1113,11850,130,100,2,0,0
2705,3,1,512,10,591,8,5,7,1,1,-76,2,1801,19109,180,100,2,0,0
2704,26,21,1536,0,609,4,5,7,1,1,-52,0,621,7677,162,100,2,0,0
2704,2,3,768,10,616,7,5,5,1,2,-52,0,622,4662,167,100,0,0,0
2705,7,3,768,0,526,8,13,7,1,3,-70,0,644,9316,132,100,2,0,0
2706,1,0,256,0,15,0,0,3,0,0,0,10,3103,28320,4753,100,2,0,0
2706,18,8,1024,0,590,4,11,7,1,1,-95,8,2110,18821,174,100,1,0,0
2706,28,18,1280,0,585,3,4,7,1,1,-95,1,1257,14690,165,100,2,0,0
2707,5,1,512,10,779,8,2,7,1,1,-76,4,3101,27300,180,100,3,0,0
2706,15,9,1024,10,586,5,347,7,1,1,-70,3,1057,9326,173,100,3,1,3
2707,4,1,512,10,559,7,6,7,2,1,-61,10,5735,31111,180,100,2,0,0
2706,24,18,1280,10,598,5,14,7,1,1,-70,2,784,6890,156,100,1,0,0
2707,6,5,768,0,603,5,5,5,1,2,-52,0,446,5944,163,100,1,0,0
2706,30,24,1536,10,529,8,6,7,1,3,-70,1,1171,12477,161,100,1,0,0
2705,31,30,1792,0,589,7,11,5,1,2,-52,0,370,5133,143,100,1,0,0
2708,8,4,768,0,553,5,11,7,2,2,-70,10,4001,27048,176,100,1,0,0
2708,12,8,1024,0,584,5,6,7,1,2,-70,1,678,12851,166,100,1,0,0
2709,27,22,1536,10,570,4,8,5,1,1,-52,0,621,6985,150,100,2,0,0
2709,22,18,1280,10,570,5,7,7,1,1,-70,1,1593,15808,152,100,3,0,0
2708,29,28,1536,0,588,3,8,7,1,1,-52,0,820,9652,158,100,1,0,0
2711,9,4,768,10,787,5,11,7,1,1,-52,6,2241,17915,177,100,3,0,0
2711,5,1,512,0,780,8,2,7,1,1,-76,4,1035,10639,181,100,2,0,0
2711,17,12,1280,0,594,3,11,7,1,1,-52,0,1041,11952,151,100,3,0,0
2712,2,3,768,0,617,7,5,5,1,2,-52,0,512,6296,167,100,2,0,0
2710,13,9,1024,0,705,8,18,7,1,2,-70,1,748,7918,130,100,3,0,0
2712,7,3,768,0,528,8,13,7,1,3,-70,0,554,6470,133,100,1,0,0
2712,1,0,256,0,15,0,0,3,0,0,0,10,1512,15252,4764,100,1,0,0
2711,14,8,1024,0,786,6,13,7,1,2,-70,1,716,10066,163,100,2,0,0
2710,21,15,1280,20,770,5,5,7,1,1,-70,2,1493,15467,171,100,2,0,0
2711,20,14,1280,0,829,3,10,7,1,1,-70,0,519,7659,162,100,2,0,0
2710,26,21,1536,10,610,4,5,7,1,1,-52,0,393,5834,163,100,1,0,0
2712,24,18,1280,0,600,5,14,7,1,1,-70,2,1142,8171,157,100,1,0,0
2713,16,11,1024,0,802,5,5,7,1,2,-52,0,625,7643,166,100,2,0,0
2711,19,13,1280,0,752,7,22,7,1,3,-70,0,1249,11738,124,100,4,0,0
2714,6,5,768,0,605,5,5,5,1,2,-52,0,497,6588,163,100,1,0,0
2713,25,21,1536,0,811,7,12,7,1,2,-70,0,1177,11107,162,100,4,0,0
2714,10,5,768,0,817,3,12,7,1,1,-52,0,902,10662,158,100,4,0,0
2714,8,4,768,20,559,5,11,7,2,2,-70,10,3402,18674,176,100,1,0,0
2713,28,18,1280,20,586,3,4,7,1,1,-95,1,582,8840,165,100,1,0,0
2713,23,18,1280,0,524,4,22,7,1,1,-52,0,703,10601,120,100,2,0,0
2715,11,5,768,0,797,8,2,7,1,2,-70,1,1672,16907,173,100,4,0,0
2716,3,1,512,0,594,8,5,7,1,1,-76,2,1884,19725,181,100,2,0,0
2714,30,24,1536,0,531,8,6,7,1,3,-70,1,1306,11822,162,100,2,0,0
2715,26,21,1536,0,611,4,5,7,1,1,-52,0,426,4820,163,100,1,0,0
2716,12,8,1024,0,585,5,6,7,1,2,-70,1,924,11089,167,100,2,0,0
2716,4,1,512,20,560,7,6,7,2,1,-61,10,6158,29500,180,100,1,0,0
2716,1,0,256,0,15,0,0,3,0,0,0,10,1474,11897,4775,100,1,0,0
2717,7,3,768,0,529,8,13,7,1,3,-70,0,367,4565,133,100,1,0,0
2716,20,14,1280,0,831,3,10,7,1,1,-70,0,551,5394,163,100,2,0,0
2716,15,9,1024,0,589,5,349,7,1,1,-70,3,2012,17812,174,100,4,1,3
2718,18,8,1024,0,593,4,11,7,1,1,-95,8,4208,33473,175,100,2,0,0
2717,31,30,1792,0,592,7,11,5,1,2,-52,0,833,11617,144,100,2,0,0
2719,8,4,768,10,559,5,11,7,2,2,-70,10,1924,12191,176,100,1,0,0
2720,16,11,1024,0,804,5,5,7,1,2,-52,0,550,6486,167,100,2,0,0
2718,17,12,1280,10,596,3,11,7,1,1,-52,0,680,7441,152,100,2,0,0
2718,22,18,1280,10,574,5,7,7,1,1,-70,1,1259,13254,153,100,2,0,0
2718,29,28,1536,0,589,3,8,7,1,1,-52,0,594,9679,159,100,2,0,0
2719,27,22,1536,10,572,4,8,5,1,1,-52,0,605,9655,151,100,1,0,0
2720,9,4,768,0,791,5,11,7,1,1,-52,6,2959,21757,178,100,4,0,0
2719,24,18,1280,0,601,5,14,7,1,1,-70,2,901,11168,157,100,1,0,0
2721,2,3,768,0,620,7,5,5,1,2,-52,0,708,9752,168,100,1,0,0
2720,30,24,1536,0,533,8,6,7,1,3,-70,1,742,7345,162,100,1,0,0
2722,4,1,512,20,563,7,6,7,2,1,-61,10,3503,18980,181,100,1,0,0
2721,13,9,1024,20,711,8,18,7,1,2,-70,1,1634,15517,131,100,4,0,0
2722,10,5,768,0,821,3,12,7,1,1,-52,0,788,8240,159,100,2,0,0
2720,19,13,1280,10,757,7,22,7,1,3,-70,0,933,9137,124,100,4,0,0
2722,12,8,1024,0,587,5,6,7,1,2,-70,1,890,10768,167,100,1,0,0
2722,21,15,1280,0,773,5,5,7,1,1,-70,2,1849,20944,171,100,5,0,0
2723,5,1,512,0,787,8,2,7,1,1,-76,4,3371,28720,182,100,4,0,0
2722,18,8,1024,0,594,4,11,7,1,1,-95,8,1980,13137,175,100,1,0,0
2724,7,3,768,0,530,8,13,7,1,3,-70,0,471,6620,134,100,1,0,0
2724,11,5,768,0,800,8,2,7,1,2,-70,1,905,13113,173,100,2,0,0
2723,8,4,768,0,559,5,11,7,2,2,-70,10,2123,12012,177,100,1,0,0
2723,3,1,512,0,597,8,5,7,1,1,-76,2,1620,16003,181,100,1,0,0
2723,14,8,1024,0,791,6,13,7,1,2,-70,1,1676,15725,163,100,5,0,0
2724,16,11,1024,0,805,5,5,7,1,2,-52,0,387,4936,167,100,2,0,0
2723,15,9,1024,10,591,5,350,7,1,1,-70,3,949,11879,174,100,2,1,3
2724,25,21,1536,0,815,7,12,7,1,2,-70,0,930,10544,163,100,4,0,0
2724,26,21,1536,0,613,4,5,7,1,1,-52,0,561,8985,163,100,1,0,0
2726,6,5,768,0,608,5,5,5,1,2,-52,0,829,11787,164,100,2,0,0
2724,20,14,1280,0,833,3,10,7,1,1,-70,0,610,7687,163,100,4,0,0
2725,22,18,1280,0,576,5,7,7,1,1,-70,1,742,8385,153,100,1,0,0
2725,23,18,1280,0,527,4,22,7,1,1,-52,0,778,10818,120,100,2,0,0
2725,19,13,1280,0,759,7,22,7,1,3,-70,0,552,5503,125,100,2,0,0
2727,5,1,512,0,789,8,2,7,1,1,-76,4,1125,9363,182,100,2,0,0
2725,31,30,1792,0,595,7,11,5,1,2,-52,0,786,7821,145,100,2,0,0
2727,1,0,256,0,15,0,0,3,0,0,0,10,3058,28305,4795,100,2,0,0
2726,27,22,1536,0,573,4,8,5,1,1,-52,0,598,6583,151,100,2,0,0
2726,13,9,1024,10,713,8,18,7,1,2,-70,1,933,6892,131,100,2,0,0
2724,28,18,1280,10,589,3,4,7,1,1,-95,1,1551,15888,166,100,2,0,0
2728,7,3,768,0,532,8,13,7,1,3,-70,0,474,4868,134,100,1,0,0
2728,17,12,1280,10,600,3,11,7,1,1,-52,0,754,9370,152,100,2,0,0
2729,3,1,512,0,599,8,5,7,1,1,-76,2,876,9967,181,100,1,0,0
2729,4,1,512,10,565,7,6,7,2,1,-61,10,5535,25996,181,100,2,0,0
2728,24,18,1280,10,602,5,14,7,1,1,-70,2,1235,11734,158,100,2,0,0
2729,9,4,768,10,795,5,11,7,1,1,-52,6,2742,18988,179,100,3,0,0
2728,20,14,1280,0,835,3,10,7,1,1,-70,0,430,4070,164,100,1,0,0
2730,12,8,1024,0,588,5,6,7,1,2,-70,1,853,11606,168,100,1,0,0
2729,21,15,1280,0,776,5,5,7,1,1,-70,2,1433,14121,172,100,3,0,0
2729,30,24,1536,10,534,8,6,7,1,3,-70,1,1070,12155,163,100,2,0,0
2731,11,5,768,0,801,8,2,7,1,2,-70,1,1042,11733,174,100,4,0,0
2729,28,18,1280,0,590,3,4,7,1,1,-95,1,522,5896,166,100,1,0,0
2730,15,9,1024,0,593,5,352,7,1,1,-70,3,1663,12884,175,100,4,1,3
2731,16,11,1024,0,810,5,5,7,1,2,-52,0,906,6600,167,100,4,0,0
2730,14,8,1024,10,794,6,13,7,1,2,-70,1,1224,9727,164,100,3,0,0
2730,22,18,1280,10,577,5,7,7,1,1,-70,1,720,6951,154,100,1,0,0
2729,29,28,1536,10,590,3,8,7,1,1,-52,0,608,10923,159,100,2,0,0
2732,8,4,768,0,564,5,11,7,2,2,-70,10,4771,26766,177,100,2,0,0
2732,18,8,1024,10,595,4,11,7,1,1,-95,8,3407,27793,176,100,2,0,0
2733,10,5,768,0,825,3,12,7,1,1,-52,0,846,10398,159,100,4,0,0
2731,26,21,1536,0,614,4,5,7,1,1,-52,0,570,7338,164,100,2,0,0
2733,5,1,512,10,793,8,2,7,1,1,-76,4,1784,15006,182,100,3,0,0
2733,2,3,768,0,624,7,5,5,1,2,-52,0,1033,11760,169,100,3,0,0
2733,27,22,1536,10,575,4,8,5,1,1,-52,0,626,6154,152,100,1,0,0
2734,4,1,512,0,567,7,6,7,2,1,-61,10,3544,15960,182,100,1,0,0
2735,9,4,768,0,799,5,11,7,1,1,-52,6,1757,13011,179,100,2,0,0
2735,12,8,1024,20,590,5,6,7,1,2,-70,1,682,8962,168,100,1,0,0
2735,21,15,1280,10,778,5,5,7,1,1,-70,2,874,9946,172,100,2,0,0
2734,17,12,1280,10,601,3,11,7,1,1,-52,0,568,6573,153,100,1,0,0
2734,31,30,1792,0,598,7,11,5,1,2,-52,0,656,9240,145,100,1,0,0
2736,6,5,768,0,611,5,5,5,1,2,-52,0,876,10498,165,100,2,0,0
2735,22,18,1280,0,578,5,7,7,1,1,-70,1,726,6761,154,100,1,0,0
2735,25,21,1536,0,821,7,12,7,1,2,-70,0,1113,10199,164,100,5,0,0
2736,20,14,1280,0,839,3,10,7,1,1,-70,0,831,7422,164,100,3,0,0
2737,1,0,256,0,15,0,0,3,0,0,0,10,2990,26404,4818,100,2,0,0
2736,19,13,1280,10,762,7,22,7,1,3,-70,0,700,9873,126,100,3,0,0
2735,24,18,1280,10,604,5,14,7,1,1,-70,2,952,10302,159,100,1,0,0
2736,23,18,1280,0,528,4,22,7,1,1,-52,0,732,10801,121,100,2,0,0
2737,13,9,1024,0,718,8,18,7,1,2,-70,1,1355,14346,132,100,3,0,0
2736,27,22,1536,0,577,4,8,5,1,1,-52,0,501,5035,152,100,1,0,0
2737,30,24,1536,0,535,8,6,7,1,3,-70,1,716,9178,163,100,1,0,0
2738,14,8,1024,10,798,6,13,7,1,2,-70,1,950,9973,164,100,2,0,0
2739,7,3,768,0,535,8,13,7,1,3,-70,0,830,10985,135,100,2,0,0
2740,11,5,768,0,803,8,2,7,1,2,-70,1,989,13310,174,100,2,0,0
2739,31,30,1792,0,599,7,11,5,1,2,-52,0,370,4240,145,100,1,0,0
2740,10,5,768,0,826,3,12,7,1,1,-52,0,467,6727,160,100,2,0,0
2738,25,21,1536,0,823,7,12,7,1,2,-70,0,479,4424,164,100,1,0,0
2740,16,11,1024,10,816,5,5,7,1,2,-52,0,1068,9600,168,100,2,0,0
2739,3,1,512,10,604,8,5,7,1,1,-76,2,1938,22523,182,100,2,0,0
2740,2,3,768,0,626,7,5,5,1,2,-52,0,523,7063,169,100,1,0,0
2740,28,18,1280,0,591,3,4,7,1,1,-95,1,1096,13598,167,100,2,0,0
2742,9,4,768,0,803,5,11,7,1,1,-52,6,2206,14802,179,100,2,0,0
2741,12,8,1024,0,592,5,6,7,1,2,-70,1,820,10463,168,100,1,0,0
2741,21,15,1280,0,781,5,5,7,1,1,-70,2,1492,13186,173,100,2,0,0
2741,26,21,1536,10,617,4,5,7,1,1,-52,0,784,9409,165,100,2,0,0
2741,20,14,1280,10,840,3,10,7,1,1,-70,0,364,5002,164,100,2,0,0
2743,4,1,512,20,568,7,6,7,2,1,-61,10,5679,29314,182,100,1,0,0
2743,8,4,768,30,568,5,11,7,2,2,-70,10,5169,30727,178,100,2,0,0
2742,15,9,1024,0,596,5,355,7,1,1,-70,3,2335,21205,175,100,5,1,3
2741,23,18,1280,0,528,4,22,7,1,1,-52,0,264,4390,121,100,1,0,0
2741,29,28,1536,0,594,3,8,7,1,1,-52,0,941,11228,160,100,2,0,0
2742,19,13,1280,10,766,7,22,7,1,3,-70,0,710,6293,126,100,2,0,0
2743,18,8,1024,20,597,4,11,7,1,1,-95,8,3746,30374,177,100,2,0,0
2744,5,1,512,0,798,8,2,7,1,1,-76,4,2635,25380,183,100,3,0,0
2745,1,0,256,0,15,0,0,3,0,0,0,10,2127,19464,4831,100,1,0,0
2743,13,9,1024,0,720,8,18,7,1,2,-70,1,917,8524,132,100,3,0,0
2745,16,11,1024,0,818,5,5,7,1,2,-52,0,496,5018,168,100,2,0,0
2744,3,1,512,0,604,8,5,7,1,1,-76,2,819,10045,183,100,1,0,0
2744,25,21,1536,0,827,7,12,7,1,2,-70,0,709,5775,164,100,2,0,0
2744,30,24,1536,0,535,8,6,7,1,3,-70,1,907,10417,164,100,2,0,0
2746,7,3,768,10,537,8,13,7,1,3,-70,0,392,6425,135,100,1,0,0
2745,17,12,1280,10,604,3,11,7,1,1,-52,0,810,10490,153,100,2,0,0
2745,27,22,1536,0,579,4,8,5,1,1,-52,0,677,8255,153,100,2,0,0
2747,9,4,768,10,804,5,11,7,1,1,-52,6,1815,11985,180,100,1,0,0
2747,6,5,768,0,614,5,5,5,1,2,-52,0,774,10550,165,100,2,0,0
2747,8,4,768,0,568,5,11,7,2,2,-70,10,1956,12119,178,100,0,0,0
2746,26,21,1536,0,619,4,5,7,1,1,-52,0,404,5100,165,100,0,0,0
2747,20,14,1280,0,840,3,10,7,1,1,-70,0,344,5263,165,100,1,0,0
2749,11,5,768,20,809,8,2,7,1,2,-70,1,1682,15371,175,100,4,0,0
2747,24,18,1280,0,606,5,14,7,1,1,-70,2,1604,15318,159,100,2,0,0
2747,22,18,1280,0,580,5,7,7,1,1,-70,1,1435,15696,155,100,2,0,0
2747,28,18,1280,0,595,3,4,7,1,1,-95,1,1182,9403,167,100,3,0,0
2748,18,8,1024,20,598,4,11,7,1,1,-95,8,1824,14773,177,100,1,0,0
2750,10,5,768,0,831,3,12,7,1,1,-52,0,1009,10290,161,100,4,0,0
2747,31,30,1792,0,603,7,11,5,1,2,-52,0,916,9586,146,100,2,0,0
2749,14,8,1024,0,804,6,13,7,1,2,-70,1,1821,15789,165,100,4,0,0
2750,2,3,768,0,629,7,5,5,1,2,-52,0,781,9329,170,100,2,0,0
2749,29,28,1536,0,598,3,8,7,1,1,-52,0,785,7636,161,100,2,0,0
2751,1,0,256,0,15,0,0,3,0,0,0,10,1600,15405,4845,100,1,0,0
2750,3,1,512,0,605,8,5,7,1,1,-76,2,1201,12373,183,100,1,0,0
2750,19,13,1280,10,769,7,22,7,1,3,-70,0,780,7895,127,100,3,0,0
2752,12,8,1024,10,594,5,6,7,1,2,-70,1,1177,15122,169,100,2,0,0
2751,17,12,1280,0,605,3,11,7,1,1,-52,0,452,5647,154,100,1,0,0
2750,30,24,1536,0,536,8,6,7,1,3,-70,1,689,8125,164,100,1,0,0
2753,4,1,512,0,569,7,6,7,2,1,-61,10,6805,33626,183,100,2,0,0
2753,5,1,512,0,802,8,2,7,1,1,-76,4,2354,20629,184,100,4,0,0
2752,15,9,1024,0,602,5,357,7,1,1,-70,3,1936,17740,176,100,4,1,3
2754,16,11,1024,0,823,5,5,7,1,2,-52,0,992,8866,169,100,3,0,0
2753,18,8,1024,0,599,4,11,7,1,1,-95,8,1617,12755,177,100,1,0,0
2754,6,5,768,0,616,5,5,5,1,2,-52,0,554,6622,166,100,1,0,0
2753,21,15,1280,0,785,5,5,7,1,1,-70,2,2110,22801,174,100,3,0,0
2752,23,18,1280,0,530,4,22,7,1,1,-52,0,726,10802,122,100,2,0,0
2753,27,22,1536,0,581,4,8,5,1,1,-52,0,524,7758,153,100,1,0,0
2755,9,4,768,0,806,5,11,7,1,1,-52,6,2070,16835,180,100,3,0,0
2752,28,18,1280,10,597,3,4,7,1,1,-95,1,851,7990,168,100,0,0,0
2754,19,13,1280,10,774,7,23,7,1,3,-70,0,821,4759,127,100,3,0,0
2756,13,9,1024,0,722,8,18,7,1,2,-70,1,1461,15121,133,100,3,0,0
2756,8,4,768,0,569,5,11,7,2,2,-70,10,4203,25951,179,100,2,0,0
2757,7,3,768,0,539,8,13,7,1,3,-70,0,807,10889,136,100,2,0,0
2754,25,21,1536,0,831,7,12,7,1,2,-70,0,1078,10701,165,100,3,0,0
2754,31,30,1792,0,604,7,11,5,1,2,-52,0,450,6891,147,100,1,0,0
2757,10,5,768,0,832,3,12,7,1,1,-52,0,388,6804,161,100,2,0,0
2757,1,0,256,0,15,0,0,3,0,0,0,10,1808,16581,4855,100,2,0,0
2758,11,5,768,0,811,8,2,7,1,2,-70,1,1015,13878,175,100,2,0,0
2758,3,1,512,0,605,8,5,7,1,1,-76,2,783,11931,183,100,2,0,0
2757,20,14,1280,0,846,3,10,7,1,1,-70,0,965,10182,165,100,3,0,0
2755,30,24,1536,0,536,8,6,7,1,3,-70,1,702,7352,165,100,1,0,0
2757,29,28,1536,0,602,3,8,7,1,1,-52,0,738,8376,161,100,1,0,0
2757,26,21,1536,0,622,4,5,7,1,1,-52,0,930,11774,166,100,3,0,0
2758,24,18,1280,0,608,5,14,7,1,1,-70,2,1673,15442,160,100,2,0,0
2760,9,4,768,0,811,5,11,7,1,1,-52,6,1763,11871,181,100,2,0,0
2758,23,18,1280,10,533,4,22,7,1,1,-52,0,558,6278,123,100,1,0,0
2760,14,8,1024,0,811,6,13,7,1,2,-70,1,1728,14580,166,100,4,0,0
2759,22,18,1280,10,585,5,7,7,1,1,-70,1,1483,15627,156,100,2,0,0
2760,2,3,768,0,632,7,5,5,1,2,-52,0,749,9281,170,100,2,0,0
2762,12,8,1024,0,597,5,6,7,1,2,-70,1,1192,16080,170,100,2,0,0
2761,19,13,1280,0,776,7,23,7,1,3,-70,0,520,6508,127,100,2,0,0
2762,4,1,512,10,572,7,6,7,2,1,-61,10,6382,31923,183,100,2,0,0
2762,8,4,768,0,572,5,11,7,2,2,-70,10,3073,18276,179,100,1,0,0
2762,1,0,256,0,15,0,0,3,0,0,0,10,1419,13039,4866,100,1,0,0
2763,18,8,1024,0,600,4,11,7,1,1,-95,8,3100,25734,178,100,1,0,0
2762,21,15,1280,10,791,5,5,7,1,1,-70,2,1782,17540,174,100,4,0,0
2763,15,9,1024,0,605,5,359,7,1,1,-70,3,1951,17766,177,100,4,1,3
2761,30,24,1536,0,537,8,6,7,1,3,-70,1,477,6932,165,100,1,0,0
2764,5,1,512,20,806,8,2,7,1,1,-76,4,2621,24911,184,100,3,0,0
2763,17,12,1280,10,608,3,11,7,1,1,-52,0,771,10842,155,100,3,0,0
2764,11,5,768,0,814,8,2,7,1,2,-70,1,959,9974,176,100,3,0,0
2764,28,18,1280,0,599,3,4,7,1,1,-95,1,1077,12874,168,100,2,0,0
2763,29,28,1536,0,605,3,8,7,1,1,-52,0,607,5717,161,100,1,0,0
2763,6,5,768,0,620,5,5,5,1,2,-52,0,856,10095,166,100,2,0,0
2763,25,21,1536,0,834,7,12,7,1,2,-70,0,767,8230,165,100,3,0,0
2764,16,11,1024,0,828,5,5,7,1,2,-52,0,1034,11213,170,100,4,0,0
2763,27,22,1536,10,586,4,8,5,1,1,-52,0,1017,10392,154,100,3,0,0
2763,31,30,1792,0,605,7,11,5,1,2,-52,0,540,8188,147,100,2,0,0
2765,13,9,1024,10,725,8,18,7,1,2,-70,1,924,12510,134,100,2,0,0
2766,7,3,768,0,539,8,13,7,1,3,-70,0,430,8782,136,100,2,0,0
2765,19,13,1280,0,776,7,23,7,1,3,-70,0,263,3845,127,100,1,0,0
2766,20,14,1280,0,849,3,10,7,1,1,-70,0,804,9227,166,100,3,0,0
2767,3,1,512,10,607,8,5,7,1,1,-76,2,1323,16730,184,100,1,0,0
2767,12,8,1024,0,597,5,6,7,1,2,-70,1,599,7656,170,100,1,0,0
2766,26,21,1536,0,623,4,5,7,1,1,-52,0,502,7368,166,100,1,0,0
2767,21,15,1280,0,792,5,5,7,1,1,-70,2,1025,9420,174,100,1,0,0
2768,8,4,768,0,576,5,11,7,2,2,-70,10,2820,15668,180,100,1,0,0
2769,18,8,1024,0,600,4,11,7,1,1,-95,8,1820,15632,178,100,1,0,0
2769,4,1,512,10,573,7,6,7,2,1,-61,10,4626,22165,184,100,1,0,0
2769,10,5,768,0,840,3,12,7,1,1,-52,0,1452,12793,162,100,5,0,0
2769,9,4,768,0,814,5,11,7,1,1,-52,6,2867,20748,181,100,3,0,0
2768,2,3,768,10,633,7,5,5,1,2,-52,0,470,7948,171,100,1,0,0
2769,22,18,1280,0,586,5,7,7,1,1,-70,1,909,11004,156,100,2,0,0
2768,30,24,1536,0,539,8,6,7,1,3,-70,1,795,8612,165,100,1,0,0
2770,5,1,512,0,808,8,2,7,1,1,-76,4,1608,14782,185,100,2,0,0
2770,1,0,256,0,15,0,0,3,0,0,0,10,2186,20456,4882,100,1,0,0
2771,24,18,1280,10,610,5,14,7,1,1,-70,2,1448,15058,161,100,2,0,0
2771,17,12,1280,0,610,3,11,7,1,1,-52,0,705,8884,155,100,2,0,0
2770,25,21,1536,0,838,7,12,7,1,2,-70,0,783,7604,166,100,3,0,0
2772,6,5,768,0,625,5,5,5,1,2,-52,0,990,8682,167,100,3,0,0
2772,23,18,1280,10,538,4,22,7,1,1,-52,0,1069,11483,123,100,3,0,0
2772,14,8,1024,10,818,6,13,7,1,2,-70,1,1556,16090,166,100,3,0,0
2772,16,11,1024,0,831,5,6,7,1,2,-52,0,649,7589,170,100,4,0,0
2774,11,5,768,0,816,8,2,7,1,2,-70,1,1124,16440,177,100,3,0,0
2773,13,9,1024,0,726,8,18,7,1,2,-70,1,1005,10280,134,100,3,0,0
2773,28,18,1280,0,600,3,4,7,1,1,-95,1,959,10559,169,100,2,0,0
2772,20,14,1280,10,854,3,10,7,1,1,-70,0,709,6482,166,100,2,0,0
2774,10,5,768,0,841,3,12,7,1,1,-52,0,287,5274,162,100,1,0,0
2771,29,28,1536,0,606,3,8,7,1,1,-52,0,570,7836,162,100,2,0,0
2774,3,1,512,20,611,8,5,7,1,1,-76,2,1195,13844,184,100,2,0,0
2772,19,13,1280,10,778,7,23,7,1,3,-70,0,468,7650,128,100,2,0,0
2774,12,8,1024,0,601,5,6,7,1,2,-70,1,1144,12353,171,100,1,0,0
2775,5,1,512,0,809,8,2,7,1,1,-76,4,1395,11364,185,100,2,0,0
2774,15,9,1024,10,607,5,362,7,1,1,-70,3,1969,19438,178,100,5,1,3
2773,31,30,1792,0,609,7,11,5,1,2,-52,0,916,9977,148,100,2,0,0
2776,23,18,1280,0,538,4,22,7,1,1,-52,0,346,4182,124,100,1,0,0
2777,28,18,1280,10,601,3,4,7,1,1,-95,1,501,5242,169,100,1,0,0
2777,8,4,768,0,579,5,11,7,2,2,-70,10,4620,26718,180,100,2,0,0
2776,9,4,768,30,819,5,11,7,1,1,-52,6,2348,17521,182,100,3,0,0
2778,7,3,768,0,542,8,13,7,1,3,-70,0,830,11225,137,100,2,0,0
2775,27,22,1536,10,587,4,8,5,1,1,-52,0,621,10799,155,100,2,0,0
2776,21,15,1280,10,799,5,5,7,1,1,-70,2,1773,17062,175,100,3,0,0
2778,14,8,1024,0,819,6,13,7,1,2,-70,1,886,7744,167,100,2,0,0
2778,18,8,1024,10,601,4,11,7,1,1,-95,8,3491,26142,179,100,2,0,0
2778,2,3,768,0,637,7,5,5,1,2,-52,0,913,9522,172,100,2,0,0
2778,22,18,1280,10,588,5,7,7,1,1,-70,1,1096,11055,157,100,2,0,0
2776,26,21,1536,0,625,4,5,7,1,1,-52,0,827,9905,167,100,2,0,0
2779,1,0,256,0,15,0,0,3,0,0,0,10,2285,21691,4900,100,1,0,0
2779,24,18,1280,0,614,5,14,7,1,1,-70,2,1292,11392,161,100,2,0,0
2780,15,9,1024,10,607,5,364,7,1,1,-70,3,965,9034,178,100,3,1,3
2779,4,1,512,20,577,7,6,7,2,1,-61,10,7423,36506,185,100,2,0,0
2779,17,12,1280,10,613,3,11,7,1,1,-52,0,608,7087,156,100,1,0,0
2781,5,1,512,0,809,8,2,7,1,1,-76,4,826,11788,185,100,1,0,0
2778,30,24,1536,10,540,8,6,7,1,3,-70,1,1150,13425,166,100,2,0,0
2781,12,8,1024,0,603,5,6,7,1,2,-70,1,918,10186,171,100,1,0,0
2781,13,9,1024,10,730,8,18,7,1,2,-70,1,1035,9822,135,100,2,0,0
2781,23,18,1280,0,541,4,22,7,1,1,-52,0,584,5236,124,100,1,0,0
2780,25,21,1536,0,842,7,12,7,1,2,-70,0,910,9120,167,100,3,0,0
2781,16,11,1024,0,833,5,6,7,1,2,-52,0,671,7976,171,100,3,0,0
2781,21,15,1280,0,803,5,5,7,1,1,-70,2,1281,10677,175,100,2,0,0
2780,10,5,768,10,843,3,12,7,1,1,-52,0,656,7273,163,100,2,0,0
2782,28,18,1280,0,602,3,4,7,1,1,-95,1,738,6662,170,100,1,0,0
2781,20,14,1280,0,859,3,10,7,1,1,-70,0,1119,9507,167,100,4,0,0
2779,31,30,1792,0,612,7,11,5,1,2,-52,0,608,5829,148,100,1,0,0
2783,22,18,1280,0,591,5,7,7,1,1,-70,1,569,5949,157,100,0,0,0
2782,6,5,768,0,629,5,5,5,1,2,-52,0,930,10718,168,100,3,0,0
2784,3,1,512,0,612,8,5,7,1,1,-76,2,1546,18929,185,100,1,0,0
2783,26,21,1536,0,626,4,5,7,1,1,-52,0,393,6559,167,100,1,0,0
2784,24,18,1280,0,614,5,14,7,1,1,-70,2,770,7180,162,100,1,0,0
2784,1,0,256,0,15,0,0,3,0,0,0,10,1303,12630,4909,100,1,0,0
2784,8,4,768,0,580,5,11,7,2,2,-70,10,3565,20834,181,100,1,0,0
2784,2,3,768,0,639,7,5,5,1,2,-52,0,497,5816,172,100,1,0,0
2784,29,28,1536,0,609,3,8,7,1,1,-52,0,832,11479,163,100,2,0,0
2784,9,4,768,10,820,5,11,7,1,1,-52,6,2128,16367,182,100,2,0,0
2785,15,9,1024,10,608,5,365,7,1,1,-70,3,1252,9965,178,100,2,1,3
2785,11,5,768,10,819,9,2,7,1,2,-70,1,1474,18297,177,100,4,0,0
2784,19,13,1280,0,780,7,23,7,1,3,-70,0,822,10862,129,100,4,0,0
2785,16,11,1024,0,836,5,6,7,1,2,-52,0,480,4562,171,100,1,0,0
2785,27,22,1536,0,589,4,8,5,1,1,-52,0,647,8077,155,100,2,0,0
2784,30,24,1536,0,542,8,6,7,1,3,-70,1,742,7397,166,100,1,0,0
2787,7,3,768,0,543,8,13,7,1,3,-70,0,569,8551,138,100,2,0,0
2787,14,8,1024,10,825,6,13,7,1,2,-70,1,1345,12216,167,100,3,0,0
2788,22,18,1280,0,591,5,7,7,1,1,-70,1,556,6071,157,100,1,0,0
2787,5,1,512,10,812,8,2,7,1,1,-76,4,2086,15687,186,100,2,0,0
2785,31,30,1792,0,612,7,11,5,1,2,-52,0,287,5735,148,100,1,0,0
2788,17,12,1280,0,615,3,11,7,1,1,-52,0,606,9045,156,100,1,0,0
2788,10,5,768,0,849,3,12,7,1,1,-52,0,1037,8575,163,100,4,0,0
2789,18,8,1024,0,605,4,11,7,1,1,-95,8,4516,32441,180,100,2,0,0
2788,15,9,1024,0,609,5,367,7,1,1,-70,3,528,7278,178,100,2,1,3
2789,11,5,768,0,820,9,2,7,1,2,-70,1,590,7258,178,100,1,0,0
2789,20,14,1280,0,861,3,10,7,1,1,-70,0,552,7316,168,100,2,0,0
2791,23,18,1280,0,545,4,22,7,1,1,-52,0,819,9370,125,100,1,0,0
2791,12,8,1024,0,608,5,6,7,1,2,-70,1,1373,15729,172,100,2,0,0
2788,25,21,1536,0,848,7,12,7,1,2,-70,0,941,8831,167,100,3,0,0
2790,29,28,1536,0,612,3,8,7,1,1,-52,0,608,6269,163,100,1,0,0
2791,26,21,1536,0,626,4,5,7,1,1,-52,0,463,7316,168,100,2,0,0
2792,3,1,512,10,614,8,5,7,1,1,-76,2,1421,15438,186,100,2,0,0
2791,24,18,1280,0,615,5,14,7,1,1,-70,2,1030,9306,162,100,1,0,0
2791,2,3,768,0,641,7,5,5,1,2,-52,0,577,7162,173,100,1,0,0
2791,4,1,512,10,580,7,6,7,2,1,-61,10,8545,41118,185,100,2,0,0
2791,13,9,1024,0,735,8,18,7,1,2,-70,1,1482,14703,136,100,4,0,0
2792,28,18,1280,0,604,3,4,7,1,1,-95,1,1133,14151,170,100,1,0,0
2792,17,12,1280,0,615,3,11,7,1,1,-52,0,333,4132,156,100,1,0,0
2793,5,1,512,10,816,8,2,7,1,1,-76,4,1555,14508,186,100,2,0,0
2793,16,11,1024,0,839,5,6,7,1,2,-52,0,722,7925,171,100,3,0,0
2793,21,15,1280,0,806,5,5,7,1,1,-70,2,2014,22044,176,100,4,0,0
2791,31,30,1792,0,613,7,11,5,1,2,-52,0,451,6094,149,100,1,0,0
2794,1,0,256,0,15,0,0,3,0,0,0,10,2999,25907,4928,100,2,0,0
2793,6,5,768,0,633,5,5,5,1,2,-52,0,754,10303,168,100,2,0,0
2794,22,18,1280,0,592,5,7,7,1,1,-70,1,878,8284,158,100,2,0,0
2793,9,4,768,10,823,5,11,7,1,1,-52,6,2832,20534,183,100,3,0,0
2793,25,21,1536,0,849,7,12,7,1,2,-70,0,370,4217,167,100,1,0,0
2792,30,24,1536,0,543,8,6,7,1,3,-70,1,1137,11454,167,100,2,0,0
2794,27,22,1536,0,594,4,8,5,1,1,-52,0,901,9322,156,100,1,0,0
2796,3,1,512,0,615,8,5,7,1,1,-76,2,620,7828,186,100,0,0,0
2796,8,4,768,0,585,5,11,7,2,2,-70,10,6249,35757,182,100,2,0,0
2795,19,13,1280,0,786,7,23,7,1,3,-70,0,1273,11658,129,100,4,0,0
2797,10,5,768,0,852,3,12,7,1,1,-52,0,681,7799,164,100,2,0,0
2797,14,8,1024,0,831,6,13,7,1,2,-70,1,1695,14816,168,100,4,0,0
2796,12,8,1024,10,610,5,6,7,1,2,-70,1,833,10372,172,100,1,0,0
2795,31,30,1792,0,613,7,11,5,1,2,-52,0,263,4030,149,100,1,0,0
2797,7,3,768,0,545,8,13,7,1,3,-70,0,723,11181,139,100,2,0,0
2799,22,18,1280,0,593,5,7,7,1,1,-70,1,562,5997,158,100,0,0,0
2798,17,12,1280,0,616,3,11,7,1,1,-52,0,450,5735,157,100,1,0,0
2798,18,8,1024,10,607,4,11,7,1,1,-95,8,3330,27589,180,100,2,0,0
2799,20,14,1280,0,865,3,10,7,1,1,-70,0,848,9175,168,100,4,0,0
2799,2,3,768,0,646,7,5,5,1,2,-52,0,939,8509,173,100,2,0,0
2799,26,21,1536,0,630,4,5,7,1,1,-52,0,738,8501,168,100,1,0,0
2798,28,18,1280,0,604,3,4,7,1,1,-95,1,646,7854,171,100,2,0,0
2800,11,5,768,0,824,9,2,7,1,2,-70,1,1260,16086,178,100,4,0,0
2800,23,18,1280,0,545,4,22,7,1,1,-52,0,432,8720,125,100,2,0,0
2800,29,28,1536,0,613,3,8,7,1,1,-52,0,594,8816,164,100,2,0,0
2800,21,15,1280,0,809,5,5,7,1,1,-70,2,1491,14254,177,100,2,0,0
2800,13,9,1024,0,738,8,18,7,1,2,-70,1,1164,11246,136,100,4,0,0
2801,4,1,512,0,581,7,6,7,2,1,-61,10,6257,31223,186,100,2,0,0
2800,15,9,1024,10,612,5,370,7,1,1,-70,3,2539,20968,179,100,6,1,3
2802,5,1,512,0,820,8,2,7,1,1,-76,4,2450,20307,187,100,4,0,0
2801,6,5,768,0,634,5,5,5,1,2,-52,0,568,7714,169,100,2,0,0
2799,25,21,1536,0,852,7,12,7,1,2,-70,0,773,6580,168,100,4,0,0
2802,10,5,768,0,853,3,12,7,1,1,-52,0,386,5597,164,100,2,0,0
2802,3,1,512,10,617,8,5,7,1,1,-76,2,1263,12737,186,100,2,0,0
2803,24,18,1280,0,617,5,14,7,1,1,-70,2,1511,15736,163,100,2,0,0
2802,7,3,768,0,546,8,13,7,1,3,-70,0,271,4311,139,100,0,0,0
2801,19,13,1280,0,788,7,23,7,1,3,-70,0,553,5438,130,100,2,0,0
2803,22,18,1280,0,594,5,7,7,1,1,-70,1,453,5667,158,100,1,0,0
2802,9,4,768,0,828,5,11,7,1,1,-52,6,3091,21423,184,100,4,0,0
2803,17,12,1280,0,618,3,11,7,1,1,-52,0,477,4553,157,100,1,0,0
2804,1,0,256,0,15,0,0,3,0,0,0,10,2908,26537,4950,100,2,0,0
2804,16,11,1024,0,842,5,6,7,1,2,-52,0,820,10900,172,100,4,0,0
2805,27,22,1536,0,596,4,8,5,1,1,-52,0,645,9229,156,100,2,0,0
2803,12,8,1024,10,612,5,6,7,1,2,-70,1,1185,12408,173,100,1,0,0
2803,31,30,1792,0,615,7,11,5,1,2,-52,0,581,7356,150,100,1,0,0
2804,14,8,1024,10,834,6,14,7,1,2,-70,1,1076,10352,169,100,3,0,0
2805,21,15,1280,0,810,5,5,7,1,1,-70,2,712,9095,177,100,2,0,0
2806,5,1,512,0,821,8,2,7,1,1,-76,4,1231,10711,187,100,1,0,0
2804,30,24,1536,10,548,8,6,7,1,3,-70,1,1681,16137,168,100,2,0,0
2807,23,18,1280,0,546,4,22,7,1,1,-52,0,547,6940,126,100,2,0,0
2805,28,18,1280,20,609,3,4,7,1,1,-95,1,1009,9423,171,100,1,0,0
2808,6,5,768,0,635,5,5,5,1,2,-52,0,390,5556,169,100,1,0,0
2807,8,4,768,10,588,5,11,7,2,2,-70,10,5721,32808,182,100,3,0,0
2807,15,9,1024,0,612,5,371,7,1,1,-70,3,820,11001,180,100,2,1,3
2808,18,8,1024,0,608,4,11,7,1,1,-95,8,3385,26237,181,100,1,0,0
2808,4,1,512,10,583,7,6,7,2,1,-61,10,4734,23941,186,100,1,0,0
2806,25,21,1536,0,854,7,12,7,1,2,-70,0,501,6571,168,100,1,0,0
2808,12,8,1024,20,612,5,6,7,1,2,-70,1,516,7135,173,100,1,0,0
2809,11,5,768,0,830,9,2,7,1,2,-70,1,1595,15328,179,100,3,0,0
2810,3,1,512,0,619,8,5,7,1,1,-76,2,1144,14562,187,100,1,0,0
2810,22,18,1280,0,595,5,7,7,1,1,-70,1,989,9227,159,100,2,0,0
2808,31,30,1792,0,616,7,11,5,1,2,-52,0,370,4688,150,100,1,0,0
2810,2,3,768,0,649,7,5,5,1,2,-52,0,708,10004,174,100,1,0,0
2809,13,9,1024,0,741,8,18,7,1,2,-70,1,1058,12251,137,100,2,0,0
2810,16,11,1024,10,846,5,6,7,1,2,-52,0,658,6420,173,100,2,0,0
2810,7,3,768,0,547,8,13,7,1,3,-70,0,512,7308,139,100,2,0,0
2810,9,4,768,10,829,5,11,7,1,1,-52,6,1643,15088,184,100,2,0,0
2811,20,14,1280,0,867,3,10,7,1,1,-70,0,804,11138,169,100,3,0,0
2810,14,8,1024,10,836,6,14,7,1,2,-70,1,737,7779,169,100,2,0,0
2811,29,28,1536,0,616,3,8,7,1,1,-52,0,808,10622,165,100,2,0,0
2810,26,21,1536,0,632,4,5,7,1,1,-52,0,725,11088,169,100,2,0,0
2811,17,12,1280,0,619,3,11,7,1,1,-52,0,474,7791,158,100,1,0,0
2812,24,18,1280,0,620,5,14,7,1,1,-70,2,1596,13668,164,100,2,0,0
2813,10,5,768,0,857,3,13,7,1,1,-52,0,937,10660,165,100,4,0,0
2813,23,18,1280,0,549,4,22,7,1,1,-52,0,511,5667,126,100,0,0,0
2810,19,13,1280,10,791,7,23,7,1,3,-70,0,747,9254,131,100,3,0,0
2811,25,21,1536,0,855,7,12,7,1,2,-70,0,420,4080,169,100,2,0,0
2813,1,0,256,0,15,0,0,3,0,0,0,10,2748,24874,4970,100,2,0,0
2814,5,1,512,0,822,8,2,7,1,1,-76,4,1844,18262,188,100,3,0,0
2815,27,22,1536,0,599,4,8,5,1,1,-52,0,808,9575,157,100,2,0,0
2813,13,9,1024,0,742,8,18,7,1,2,-70,1,670,5752,137,100,2,0,0
2815,21,15,1280,0,813,5,5,7,1,1,-70,2,1800,19364,178,100,3,0,0
2816,3,1,512,0,622,8,5,7,1,1,-76,2,1247,12435,187,100,1,0,0
2815,12,8,1024,0,612,5,6,7,1,2,-70,1,739,10463,173,100,2,0,0
2816,29,28,1536,0,620,3,8,7,1,1,-52,0,715,5320,165,100,1,0,0
2814,31,30,1792,0,617,7,11,5,1,2,-52,0,394,5927,150,100,1,0,0
2817,23,18,1280,0,551,4,22,7,1,1,-52,0,477,4369,126,100,1,0,0
2816,11,5,768,0,834,9,2,7,1,2,-70,1,1004,12179,179,100,2,0,0
2817,2,3,768,0,651,7,5,5,1,2,-52,0,619,6880,174,100,2,0,0
2817,30,24,1536,0,551,8,6,7,1,3,-70,1,1246,13851,169,100,1,0,0
2818,7,3,768,0,549,8,13,7,1,3,-70,0,578,7499,140,100,1,0,0
2816,15,9,1024,10,617,5,374,7,1,1,-70,3,2072,17473,180,100,4,1,3
2818,6,5,768,0,637,5,5,5,1,2,-52,0,698,10185,170,100,2,0,0
2817,9,4,768,20,830,5,11,7,1,1,-52,6,2156,16577,185,100,2,0,0
2819,10,5,768,0,860,3,13,7,1,1,-52,0,601,6162,165,100,2,0,0
2818,22,18,1280,10,597,5,7,7,1,1,-70,1,818,10344,159,100,1,0,0
2818,4,1,512,40,588,7,6,7,2,1,-61,10,7113,35206,187,100,2,0,0
2816,19,13,1280,0,793,7,23,7,1,3,-70,0,546,6031,131,100,3,0,0
2819,5,1,512,10,823,8,2,7,1,1,-76,4,1385,12448,188,100,2,0,0
2818,18,8,1024,10,608,4,11,7,1,1,-95,8,3920,31033,182,100,2,0,0
2818,14,8,1024,10,839,6,14,7,1,2,-70,1,979,10345,170,100,4,0,0
2817,28,18,1280,10,612,3,4,7,1,1,-95,1,1679,16250,172,100,2,0,0
2819,8,4,768,0,589,5,11,7,2,2,-70,10,5444,33630,183,100,2,0,0
2819,20,14,1280,0,869,3,10,7,1,1,-70,0,793,8330,170,100,4,0,0
2821,3,1,512,0,623,8,5,7,1,1,-76,2,919,9814,187,100,1,0,0
2820,17,12,1280,0,621,3,11,7,1,1,-52,0,646,8704,158,100,2,0,0
2820,26,21,1536,0,635,4,5,7,1,1,-52,0,809,9229,170,100,2,0,0
2819,24,18,1280,0,624,5,14,7,1,1,-70,2,1464,12879,164,100,1,0,0
2821,15,9,1024,0,620,5,374,7,1,1,-70,3,948,7785,181,100,1,1,3
2822,16,11,1024,10,854,5,6,7,1,2,-52,0,1276,11898,173,100,4,0,0
2821,25,21,1536,0,862,7,12,7,1,2,-70,0,1072,10644,169,100,3,0,0
2821,30,24,1536,0,552,8,6,7,1,3,-70,1,725,8058,169,100,2,0,0
2823,7,3,768,0,550,8,13,7,1,3,-70,0,391,6125,140,100,1,0,0
2823,18,8,1024,0,611,4,11,7,1,1,-95,8,1660,13241,182,100,1,0,0
2824,5,1,512,10,825,8,2,7,1,1,-76,4,1079,11454,188,100,1,0,0
2824,28,18,1280,0,614,3,4,7,1,1,-95,1,788,8701,172,100,1,0,0
2824,21,15,1280,0,815,5,5,7,1,1,-70,2,1376,16525,178,100,3,0,0
2824,29,28,1536,0,623,3,8,7,1,1,-52,0,687,8741,166,100,1,0,0
2823,13,9,1024,0,745,8,18,7,1,2,-70,1,1182,13265,138,100,3,0,0
2824,14,8,1024,0,842,6,14,7,1,2,-70,1,894,8535,170,100,2,0,0
2825,3,1,512,0,623,8,5,7,1,1,-76,2,825,8172,188,100,1,0,0
2825,1,0,256,0,15,0,0,3,0,0,0,10,3302,30461,4994,100,2,0,0
2825,15,9,1024,10,622,5,375,7,1,1,-70,3,823,7192,181,100,2,1,3
2825,8,4,768,0,590,5,11,7,2,2,-70,10,2745,17759,184,100,1,0,0
2826,27,22,1536,0,603,4,8,5,1,1,-52,0,939,11096,158,100,2,0,0
2826,11,5,768,0,836,9,2,7,1,2,-70,1,1274,14553,180,100,4,0,0
2826,12,8,1024,0,615,5,6,7,1,2,-70,1,1394,16802,174,100,2,0,0
2825,22,18,1280,0,599,5,7,7,1,1,-70,1,1147,11345,160,100,2,0,0
2827,6,5,768,0,639,5,5,5,1,2,-52,0,602,8645,171,100,1,0,0
2826,2,3,768,0,653,7,5,5,1,2,-52,0,601,9396,175,100,1,0,0
2826,23,18,1280,0,551,4,22,7,1,1,-52,0,512,10867,127,100,2,0,0
2827,19,13,1280,0,797,7,23,7,1,3,-70,0,910,10387,132,100,3,0,0
2826,31,30,1792,0,621,7,11,5,1,2,-52,0,940,11698,151,100,2,0,0
2828,9,4,768,0,836,5,11,7,1,1,-52,6,3298,23132,185,100,4,0,0
2828,4,1,512,10,590,7,6,7,2,1,-61,10,6755,33059,188,100,2,0,0
2828,20,14,1280,0,872,3,10,7,1,1,-70,0,650,9299,170,100,2,0,0
2829,10,5,768,0,862,3,13,7,1,1,-52,0,688,9720,166,100,4,0,0
2829,3,1,512,0,624,8,5,7,1,1,-76,2,713,8177,188,100,1,0,0
2830,16,11,1024,10,858,5,6,7,1,2,-52,0,888,8247,174,100,3,0,0
2829,7,3,768,0,553,8,13,7,1,3,-70,0,758,6449,141,100,2,0,0
2828,25,21,1536,0,863,7,12,7,1,2,-70,0,567,6455,170,100,3,0,0
2830,26,21,1536,0,638,4,5,7,1,1,-52,0,808,10226,171,100,2,0,0
2830,1,0,256,0,15,0,0,3,0,0,0,10,1365,13163,5003,100,1,0,0
2830,12,8,1024,0,616,5,6,7,1,2,-70,1,357,6415,174,100,0,0,0
2830,24,18,1280,0,627,5,14,7,1,1,-70,2,1382,13419,165,100,2,0,0
2830,17,12,1280,0,626,3,11,7,1,1,-52,0,1023,10833,159,100,2,0,0
2831,22,18,1280,0,602,5,7,7,1,1,-70,1,697,6926,160,100,1,0,0
2831,29,28,1536,0,625,3,8,7,1,1,-52,0,500,6340,166,100,1,0,0
2831,23,18,1280,0,553,4,22,7,1,1,-52,0,534,4597,128,100,1,0,0
2830,30,24,1536,10,553,8,6,7,1,3,-70,1,826,11762,170,100,1,0,0
2833,20,14,1280,0,876,3,10,7,1,1,-70,0,685,5136,170,100,2,0,0
2832,19,13,1280,10,798,7,23,7,1,3,-70,0,365,4698,132,100,2,0,0
2833,9,4,768,10,838,5,11,7,1,1,-52,6,1553,10906,186,100,2,0,0
2834,6,5,768,0,640,5,5,5,1,2,-52,0,487,6177,171,100,2,0,0
2833,21,15,1280,0,821,5,5,7,1,1,-70,2,1952,17989,179,100,4,0,0
2833,14,8,1024,0,847,6,14,7,1,2,-70,1,1430,12364,171,100,2,0,0
2834,8,4,768,0,593,5,11,7,2,2,-70,10,4291,24950,184,100,1,0,0
2835,5,1,512,10,831,8,2,7,1,1,-76,4,2889,25144,189,100,4,0,0
2835,4,1,512,30,592,7,6,7,2,1,-61,10,4629,22226,188,100,1,0,0
2834,28,18,1280,0,616,3,4,7,1,1,-95,1,1289,13510,173,100,2,0,0
2833,13,9,1024,0,750,8,18,7,1,2,-70,1,1502,12383,138,100,4,0,0
2834,18,8,1024,0,613,4,11,7,1,1,-95,8,4140,31506,183,100,2,0,0
2835,15,9,1024,0,623,5,378,7,1,1,-70,3,1706,17063,182,100,5,1,3
2836,3,1,512,30,626,8,5,7,1,1,-76,2,874,12633,189,100,1,0,0
2837,27,22,1536,0,605,4,8,5,1,1,-52,0,702,9699,159,100,2,0,0
2835,24,18,1280,0,629,5,14,7,1,1,-70,2,892,8620,165,100,1,0,0
2837,29,28,1536,0,628,3,8,7,1,1,-52,0,704,6063,166,100,2,0,0
2837,11,5,768,0,840,9,2,7,1,2,-70,1,1405,17547,181,100,4,0,0
2836,2,3,768,0,653,7,5,5,1,2,-52,0,460,8684,176,100,2,0,0
2837,26,21,1536,0,639,4,5,7,1,1,-52,0,394,6863,171,100,1,0,0
2835,31,30,1792,0,623,7,11,5,1,2,-52,0,703,9531,152,100,2,0,0
2838,10,5,768,0,864,3,13,7,1,1,-52,0,591,8624,167,100,3,0,0
2837,17,12,1280,0,628,3,11,7,1,1,-52,0,527,6888,159,100,1,0,0
2837,25,21,1536,0,866,7,12,7,1,2,-70,0,620,8060,170,100,3,0,0
2838,7,3,768,0,554,8,13,7,1,3,-70,0,415,8138,141,100,1,0,0
2837,30,24,1536,0,556,8,6,7,1,3,-70,1,1021,9639,170,100,2,0,0
2839,6,5,768,10,640,5,5,5,1,2,-52,0,283,5038,172,100,1,0,0
2839,1,0,256,0,15,0,0,3,0,0,0,10,2565,22852,5021,100,1,0,0
2840,20,14,1280,0,879,3,10,7,1,1,-70,0,658,6540,171,100,2,0,0
2839,14,8,1024,0,849,6,14,7,1,2,-70,1,981,8307,171,100,3,0,0
2839,22,18,1280,0,605,5,7,7,1,1,-70,1,1098,12311,161,100,1,0,0
2840,28,18,1280,0,617,3,4,7,1,1,-95,1,782,7671,173,100,1,0,0
2841,16,11,1024,0,862,5,6,7,1,2,-52,0,922,10435,175,100,5,0,0
2838,27,22,1536,0,605,4,8,5,1,1,-52,0,262,4226,159,100,1,0,0
2841,4,1,512,10,595,7,6,7,2,1,-61,10,4213,20735,189,100,1,0,0
2841,11,5,768,0,841,9,2,7,1,2,-70,1,695,7165,181,100,2,0,0
2841,12,8,1024,0,618,5,6,7,1,2,-70,1,1411,18015,175,100,2,0,0
2841,17,12,1280,0,629,3,11,7,1,1,-52,0,426,4178,160,100,1,0,0
2841,19,13,1280,0,804,7,23,7,1,3,-70,0,1022,9649,133,100,3,0,0
2841,23,18,1280,0,556,4,22,7,1,1,-52,0,646,10215,128,100,2,0,0
2842,15,9,1024,0,624,5,379,7,1,1,-70,3,1018,12246,182,100,2,1,3
2844,5,1,512,0,836,8,2,7,1,1,-76,4,2374,21621,190,100,3,0,0
2844,9,4,768,10,842,5,11,7,1,1,-52,6,2976,23805,186,100,4,0,0
2844,21,15,1280,10,824,5,5,7,1,1,-70,2,1677,20261,180,100,4,0,0
2843,13,9,1024,0,754,8,18,7,1,2,-70,1,1476,14361,139,100,4,0,0
2846,6,5,768,0,642,5,5,5,1,2,-52,0,554,6656,172,100,1,0,0
2844,28,18,1280,0,618,3,4,7,1,1,-95,1,589,6045,174,100,1,0,0
2845,2,3,768,0,654,7,5,5,1,2,-52,0,535,8081,176,100,2,0,0
2845,18,8,1024,0,616,4,11,7,1,1,-95,8,3803,30408,184,100,2,0,0
2845,8,4,768,0,596,5,12,7,2,2,-70,10,5527,33287,185,100,3,0,0
2845,14,8,1024,0,852,6,14,7,1,2,-70,1,713,7699,171,100,2,0,0
2845,24,18,1280,10,629,5,14,7,1,1,-70,2,1115,13291,166,100,2,0,0
2847,3,1,512,10,629,9,5,7,1,1,-76,2,2003,21674,189,100,2,0,0
2846,26,21,1536,0,642,4,5,7,1,1,-52,0,808,9011,172,100,2,0,0
2846,7,3,768,10,557,8,13,7,1,3,-70,0,782,8091,142,100,2,0,0
2845,31,30,1792,0,626,7,11,5,1,2,-52,0,753,9115,152,100,2,0,0
2847,19,13,1280,0,806,7,23,7,1,3,-70,0,593,5575,133,100,3,0,0
2847,25,21,1536,0,870,7,12,7,1,2,-70,0,904,9307,171,100,4,0,0
2848,20,14,1280,0,882,3,10,7,1,1,-70,0,741,8351,171,100,4,0,0
2848,29,28,1536,0,631,4,8,7,1,1,-52,0,912,11391,167,100,2,0,0
2849,1,0,256,0,15,0,0,3,0,0,0,10,2650,24277,5039,100,2,0,0
2847,30,24,1536,0,557,8,6,7,1,3,-70,1,1067,12015,171,100,1,0,0
2849,10,5,768,0,868,3,13,7,1,1,-52,0,870,10996,167,100,4,0,0
2849,2,3,768,0,654,7,5,5,1,2,-52,0,259,3860,176,100,1,0,0
2848,17,12,1280,0,631,3,11,7,1,1,-52,0,502,7009,160,100,1,0,0
2848,22,18,1280,0,607,5,7,7,1,1,-70,1,1146,12166,162,100,2,0,0
2849,27,22,1536,10,608,4,8,5,1,1,-52,0,701,8767,160,100,2,0,0
2849,15,9,1024,0,624,5,381,7,1,1,-70,3,1460,12651,183,100,4,1,3
2850,9,4,768,10,844,5,11,7,1,1,-52,6,2009,13839,187,100,2,0,0
2850,13,9,1024,10,757,8,18,7,1,2,-70,1,931,8467,139,100,2,0,0
2851,11,5,768,0,845,9,2,7,1,2,-70,1,1103,15038,182,100,3,0,0
2851,18,8,1024,0,617,4,11,7,1,1,-95,8,2153,15982,184,100,1,0,0
2850,24,18,1280,0,630,5,14,7,1,1,-70,2,857,6683,166,100,1,0,0
2851,21,15,1280,0,830,5,5,7,1,1,-70,2,1659,14389,180,100,2,0,0
2851,12,8,1024,0,622,5,6,7,1,2,-70,1,1452,15684,176,100,2,0,0
2853,16,11,1024,0,866,5,6,7,1,2,-52,0,878,11728,175,100,3,0,0
2852,4,1,512,0,597,7,6,7,2,1,-61,10,7725,37475,189,100,2,0,0
2852,14,8,1024,0,853,6,14,7,1,2,-70,1,831,8619,172,100,2,0,0
2853,7,3,768,0,559,9,13,7,1,3,-70,0,603,6295,142,100,1,0,0
2853,8,4,768,0,599,5,12,7,2,2,-70,10,4059,22828,185,100,2,0,0
2853,23,18,1280,0,560,4,22,7,1,1,-52,0,941,11174,129,100,2,0,0
2854,1,0,256,0,15,0,0,3,0,0,0,10,1590,13999,5053,100,1,0,0
2854,3,1,512,0,630,9,5,7,1,1,-76,2,1452,14526,190,100,1,0,0
2854,26,21,1536,0,644,4,5,7,1,1,-52,0,524,7411,172,100,1,0,0
2855,5,1,512,20,841,8,2,7,1,1,-76,4,2632,24874,190,100,5,0,0
2854,25,21,1536,0,872,7,12,7,1,2,-70,0,501,6449,171,100,1,0,0
2855,6,5,768,10,645,5,5,5,1,2,-52,0,781,9023,173,100,2,0,0
2855,28,18,1280,0,621,3,4,7,1,1,-95,1,1252,13545,174,100,2,0,0
2854,27,22,1536,0,608,4,8,5,1,1,-52,0,297,5183,160,100,0,0,0
2856,22,18,1280,0,608,5,7,7,1,1,-70,1,872,9285,162,100,1,0,0
2855,13,9,1024,0,757,8,18,7,1,2,-70,1,590,6744,140,100,1,0,0
2856,12,8,1024,20,623,5,6,7,1,2,-70,1,547,8245,176,100,1,0,0
2856,19,13,1280,0,809,7,24,7,1,3,-70,0,734,9417,134,100,3,0,0
2856,17,12,1280,0,631,3,11,7,1,1,-52,0,464,7043,161,100,2,0,0
2858,2,3,768,0,656,7,5,5,1,2,-52,0,577,7971,177,100,1,0,0
2855,31,30,1792,0,629,7,11,5,1,2,-52,0,809,10265,153,100,2,0,0
2858,7,3,768,0,560,9,13,7,1,3,-70,0,493,5373,143,100,1,0,0
2857,30,24,1536,0,560,8,6,7,1,3,-70,1,1135,12753,171,100,2,0,0
2859,10,5,768,0,870,3,13,7,1,1,-52,0,671,9267,168,100,3,0,0
2859,21,15,1280,10,833,5,5,7,1,1,-70,2,1546,15118,181,100,3,0,0
2860,5,1,512,0,843,8,2,7,1,1,-76,4,1132,9951,191,100,1,0,0
2858,20,14,1280,0,888,3,10,7,1,1,-70,0,1124,10910,172,100,3,0,0
2860,6,5,768,0,647,5,5,5,1,2,-52,0,498,5250,173,100,1,0,0
2859,4,1,512,30,598,7,6,7,2,1,-61,10,4410,22813,190,100,2,0,0
2859,14,8,1024,0,857,6,14,7,1,2,-70,1,1108,10328,172,100,3,0,0
2860,9,4,768,10,848,5,11,7,1,1,-52,6,2887,21353,187,100,4,0,0
2858,24,18,1280,0,633,5,14,7,1,1,-70,2,1354,11287,167,100,1,0,0
2859,15,9,1024,0,626,5,383,7,1,1,-70,3,1859,17387,183,100,4,1,3
2859,28,18,1280,0,623,3,4,7,1,1,-95,1,590,5448,175,100,1,0,0
2859,13,9,1024,0,759,8,18,7,1,2,-70,1,929,6985,140,100,1,0,0
2860,29,28,1536,0,634,4,8,7,1,1,-52,0,833,11572,168,100,2,0,0
2862,16,11,1024,0,870,5,6,7,1,2,-52,0,813,9538,176,100,2,0,0
2862,3,1,512,0,631,9,5,7,1,1,-76,2,1027,14150,190,100,1,0,0
2862,18,8,1024,40,619,5,11,7,1,1,-95,8,3929,32119,185,100,2,0,0
2862,11,5,768,0,847,9,2,7,1,2,-70,1,1401,18095,183,100,3,0,0
2860,31,30,1792,0,630,7,11,5,1,2,-52,0,371,4153,153,100,1,0,0
2862,26,21,1536,0,647,4,5,7,1,1,-52,0,784,8591,173,100,2,0,0
2863,8,4,768,10,602,5,12,7,2,2,-70,10,4765,29057,186,100,2,0,0
2862,19,13,1280,10,814,7,24,7,1,3,-70,0,691,5625,134,100,1,0,0
2860,27,22,1536,0,610,4,8,5,1,1,-52,0,500,5525,160,100,1,0,0
2863,25,21,1536,0,876,7,12,7,1,2,-70,0,910,9235,172,100,3,0,0
2862,22,18,1280,10,608,5,7,7,1,1,-70,1,762,8472,163,100,2,0,0
2864,21,15,1280,0,836,5,5,7,1,1,-70,2,1262,10261,181,100,2,0,0
2863,23,18,1280,0,563,4,22,7,1,1,-52,0,810,10003,130,100,2,0,0
2865,1,0,256,0,15,0,0,3,0,0,0,10,3119,28922,5074,100,2,0,0
2865,9,4,768,0,849,5,11,7,1,1,-52,6,1782,12475,188,100,2,0,0
2865,17,12,1280,10,635,3,11,7,1,1,-52,0,739,8780,161,100,1,0,0
2867,7,3,768,0,562,9,13,7,1,3,-70,0,522,7981,143,100,1,0,0
2867,10,5,768,0,873,3,13,7,1,1,-52,0,680,8066,169,100,2,0,0
2866,12,8,1024,10,628,5,6,7,1,2,-70,1,1531,16485,177,100,2,0,0
2868,2,3,768,0,659,7,5,5,1,2,-52,0,805,9846,178,100,2,0,0
2868,3,1,512,20,632,9,5,7,1,1,-76,2,1238,12020,191,100,2,0,0
2867,20,14,1280,0,891,3,10,7,1,1,-70,0,684,8646,173,100,2,0,0
2867,19,13,1280,0,815,7,24,7,1,3,-70,0,496,4750,134,100,2,0,0
2868,14,8,1024,0,858,6,14,7,1,2,-70,1,982,11301,173,100,3,0,0
2868,4,1,512,0,600,7,6,7,2,1,-61,10,6160,30927,191,100,1,0,0
2869,23,18,1280,0,565,4,22,7,1,1,-52,0,478,5082,130,100,1,0,0
2870,5,1,512,0,848,8,2,7,1,1,-76,4,2610,24352,191,100,4,0,0
2869,18,8,1024,10,621,5,11,7,1,1,-95,8,2237,18500,185,100,2,0,0
2870,16,11,1024,10,874,5,6,7,1,2,-52,0,925,7693,177,100,4,0,0
2868,30,24,1536,0,563,8,6,7,1,3,-70,1,1306,14785,172,100,2,0,0
2869,6,5,768,10,650,5,5,5,1,2,-52,0,698,10148,174,100,2,0,0
2870,24,18,1280,0,635,5,14,7,1,1,-70,2,1422,15156,167,100,2,0,0
2870,15,9,1024,10,630,5,386,7,1,1,-70,3,1601,18030,184,100,4,1,3
2870,28,18,1280,0,630,3,4,7,1,1,-95,1,1676,15165,175,100,2,0,0
2870,13,9,1024,0,764,8,18,7,1,2,-70,1,1625,14629,141,100,4,0,0
2869,31,30,1792,0,632,7,11,5,1,2,-52,0,605,8634,154,100,1,0,0
2871,21,15,1280,0,839,5,5,7,1,1,-70,2,1156,13531,181,100,2,0,0
2871,27,22,1536,0,612,4,8,5,1,1,-52,0,798,10377,161,100,3,0,0
2872,12,8,1024,10,629,5,6,7,1,2,-70,1,683,8261,177,100,1,0,0
2873,8,4,768,20,605,5,12,7,2,2,-70,10,4389,26024,187,100,2,0,0
2874,11,5,768,0,852,9,2,7,1,2,-70,1,1330,16393,183,100,3,0,0
2872,29,28,1536,0,637,4,8,7,1,1,-52,0,833,11164,169,100,2,0,0
2871,17,12,1280,0,636,3,11,7,1,1,-52,0,475,6674,162,100,1,0,0
2873,26,21,1536,0,651,4,5,7,1,1,-52,0,859,9891,173,100,2,0,0
2873,14,8,1024,0,862,6,14,7,1,2,-70,1,765,6672,173,100,2,0,0
2873,22,18,1280,0,611,5,7,7,1,1,-70,1,1165,13319,163,100,2,0,0
2873,9,4,768,10,851,5,11,7,1,1,-52,6,1942,17296,188,100,2,0,0
2875,7,3,768,0,565,9,13,7,1,3,-70,0,782,8510,144,100,2,0,0
2874,18,8,1024,0,623,5,11,7,1,1,-95,8,2427,16174,186,100,1,0,0
2876,2,3,768,0,661,7,5,5,1,2,-52,0,521,6991,178,100,1,0,0
2876,6,5,768,0,650,5,5,5,1,2,-52,0,295,5398,174,100,0,0,0
2874,25,21,1536,0,880,7,12,7,1,2,-70,0,928,10887,173,100,4,0,0
2875,1,0,256,0,15,0,0,3,0,0,0,10,2723,25830,5093,100,2,0,0
2875,28,18,1280,0,631,3,4,7,1,1,-95,1,694,5942,176,100,1,0,0
2876,10,5,768,0,875,3,13,7,1,1,-52,0,632,9230,169,100,4,0,0
2876,16,11,1024,0,876,5,6,7,1,2,-52,0,547,6567,177,100,2,0,0
2873,30,24,1536,10,566,8,6,7,1,3,-70,1,960,7993,173,100,1,0,0
2875,21,15,1280,0,840,5,5,7,1,1,-70,2,1049,9646,182,100,2,0,0
2873,31,30,1792,0,633,7,11,5,1,2,-52,0,370,4383,154,100,1,0,0
2875,19,13,1280,0,821,7,24,7,1,3,-70,0,1094,9376,135,100,4,0,0
2875,17,12,1280,0,636,3,11,7,1,1,-52,0,263,3854,162,100,1,0,0
2876,24,18,1280,0,635,5,14,7,1,1,-70,2,1072,9226,168,100,1,0,0
2877,8,4,768,0,606,5,12,7,2,2,-70,10,3099,16267,187,100,1,0,0
2876,26,21,1536,0,651,4,5,7,1,1,-52,0,221,4112,174,100,0,0,0
2879,7,3,768,0,567,9,13,7,1,3,-70,0,377,4292,144,100,0,0,0
2879,11,5,768,0,855,9,2,7,1,2,-70,1,979,9627,184,100,2,0,0
2879,4,1,512,10,602,7,6,7,2,1,-61,10,7225,35498,191,100,2,0,0
2878,13,9,1024,10,766,8,18,7,1,2,-70,1,1038,10545,141,100,3,0,0
2879,3,1,512,0,634,9,5,7,1,1,-76,2,1743,21620,191,100,2,0,0
2878,12,8,1024,10,631,5,6,7,1,2,-70,1,867,10187,177,100,1,0,0
2879,28,18,1280,0,634,3,4,7,1,1,-95,1,696,5730,176,100,1,0,0
2879,15,9,1024,0,632,5,390,7,1,1,-70,3,2274,18015,185,100,6,1,3
2880,5,1,512,0,853,8,2,7,1,1,-76,4,2918,24737,192,100,4,0,0
2879,20,14,1280,0,896,3,10,7,1,1,-70,0,1132,12035,174,100,5,0,0
2879,27,22,1536,0,613,4,8,5,1,1,-52,0,474,7556,162,100,1,0,0
2880,23,18,1280,0,565,4,22,7,1,1,-52,0,512,10621,131,100,2,0,0
2880,29,28,1536,0,639,4,8,7,1,1,-52,0,622,8460,169,100,2,0,0
2880,25,21,1536,0,883,7,12,7,1,2,-70,0,597,5914,173,100,3,0,0
2879,31,30,1792,0,636,7,11,5,1,2,-52,0,664,6209,155,100,1,0,0
2882,1,0,256,0,15,0,0,3,0,0,0,10,1818,16522,5106,100,1,0,0
2881,9,4,768,0,855,5,11,7,1,1,-52,6,2767,18289,189,100,4,0,0
2881,14,8,1024,0,865,6,14,7,1,2,-70,1,1123,11841,174,100,3,0,0
2881,19,13,1280,0,825,7,24,7,1,3,-70,0,710,5799,135,100,2,0,0
2881,26,21,1536,0,652,4,5,7,1,1,-52,0,393,5068,174,100,1,0,0
2882,8,4,768,10,609,5,12,7,2,2,-70,10,2470,14551,188,100,0,0,0
2883,18,8,1024,0,624,5,11,7,1,1,-95,8,3091,24497,186,100,1,0,0
2884,2,3,768,0,663,7,5,5,1,2,-52,0,674,8113,179,100,2,0,0
2882,22,18,1280,0,615,5,7,7,1,1,-70,1,1263,13133,164,100,1,0,0
2882,17,12,1280,10,637,3,11,7,1,1,-52,0,491,6396,162,100,2,0,0
2885,3,1,512,0,635,9,5,7,1,1,-76,2,1042,11168,192,100,1,0,0
2884,4,1,512,10,603,7,6,7,2,1,-61,10,4131,19332,192,100,1,0,0
2883,21,15,1280,10,842,5,5,7,1,1,-70,2,1290,15512,182,100,2,0,0
2885,6,5,768,10,654,5,5,5,1,2,-52,0,856,9848,175,100,2,0,0
2885,24,18,1280,10,636,5,14,7,1,1,-70,2,1012,12204,168,100,2,0,0
2886,20,14,1280,0,898,3,10,7,1,1,-70,0,515,6373,174,100,3,0,0
2886,16,11,1024,0,881,5,6,7,1,2,-52,0,1054,10184,178,100,3,0,0
2885,30,24,1536,0,569,8,6,7,1,3,-70,1,1558,13823,173,100,2,0,0
2888,10,5,768,0,879,3,13,7,1,1,-52,0,996,12171,170,100,4,0,0
2887,14,8,1024,0,866,6,14,7,1,2,-70,1,684,7825,174,100,2,0,0
2887,12,8,1024,10,636,5,6,7,1,2,-70,1,1362,13938,178,100,2,0,0
2887,13,9,1024,10,773,8,18,7,1,2,-70,1,1467,12076,142,100,3,0,0
2888,15,9,1024,0,633,5,392,7,1,1,-70,3,1330,14279,185,100,4,1,3
2888,1,0,256,0,15,0,0,3,0,0,0,10,1698,16915,5119,100,1,0,0
2887,31,30,1792,0,637,7,11,5,1,2,-52,0,515,7183,155,100,2,0,0
2890,11,5,768,0,860,9,2,7,1,2,-70,1,1426,16756,184,100,4,0,0
2889,23,18,1280,10,567,4,22,7,1,1,-52,0,592,8519,131,100,1,0,0
2890,3,1,512,0,636,9,5,7,1,1,-76,2,491,9838,192,100,0,0,0
2891,7,3,768,0,569,9,13,7,1,3,-70,0,821,11365,145,100,3,0,0
2891,5,1,512,10,856,8,2,7,1,1,-76,4,2452,24240,193,100,3,0,0
2890,25,21,1536,0,887,7,12,7,1,2,-70,0,910,9845,174,100,3,0,0
2890,27,22,1536,0,618,4,8,5,1,1,-52,0,990,10749,162,100,2,0,0
2891,28,18,1280,0,636,3,4,7,1,1,-95,1,1210,15012,177,100,2,0,0
2891,9,4,768,10,858,5,11,7,1,1,-52,6,2597,20912,190,100,2,0,0
2891,22,18,1280,0,617,5,7,7,1,1,-70,1,1058,11512,165,100,2,0,0
2891,19,13,1280,0,828,7,24,7,1,3,-70,0,706,9729,136,100,2,0,0
2893,10,5,768,0,880,3,13,7,1,1,-52,0,369,4471,170,100,1,0,0
2891,29,28,1536,0,640,4,8,7,1,1,-52,0,688,10891,170,100,2,0,0
2893,1,0,256,0,15,0,0,3,0,0,0,10,1094,10459,5127,100,1,0,0
2894,6,5,768,0,656,5,5,5,1,2,-52,0,675,8150,175,100,2,0,0
2893,4,1,512,10,603,7,6,7,2,1,-61,10,4998,27195,192,100,2,0,0
2894,16,11,1024,0,883,5,6,7,1,2,-52,0,490,6848,178,100,3,0,0
2893,17,12,1280,0,639,3,11,7,1,1,-52,0,606,9501,163,100,1,0,0
2892,8,4,768,10,609,5,12,7,2,2,-70,10,4535,29928,188,100,2,0,0
2892,26,21,1536,10,656,4,5,7,1,1,-52,0,808,10567,175,100,2,0,0
2893,18,8,1024,0,626,5,11,7,1,1,-95,8,3506,28248,187,100,2,0,0
2894,31,30,1792,0,638,7,11,5,1,2,-52,0,353,5710,156,100,0,0,0
2894,2,3,768,10,667,7,5,5,1,2,-52,0,850,10295,179,100,3,0,0
2894,12,8,1024,10,638,5,6,7,1,2,-70,1,1016,12147,179,100,1,0,0
2895,30,24,1536,0,570,8,6,7,1,3,-70,1,1168,12774,174,100,2,0,0
2895,15,9,1024,10,633,5,394,7,1,1,-70,3,1204,12768,186,100,3,1,3
2896,23,18,1280,0,570,4,22,7,1,1,-52,0,786,7352,132,100,2,0,0
2895,13,9,1024,0,775,8,18,7,1,2,-70,1,1078,10668,142,100,3,0,0
2895,21,15,1280,0,846,5,5,7,1,1,-70,2,2085,21235,183,100,5,0,0
2897,24,18,1280,0,638,5,14,7,1,1,-70,2,1705,15959,169,100,2,0,0
2896,19,13,1280,0,831,7,24,7,1,3,-70,0,602,5604,136,100,2,0,0
2897,14,8,1024,0,869,6,14,7,1,2,-70,1,1162,13075,175,100,3,0,0
2898,9,4,768,10,862,5,11,7,1,1,-52,6,2253,15371,190,100,2,0,0
2898,1,0,256,0,15,0,0,3,0,0,0,10,1559,14210,5140,100,1,0,0
2897,20,14,1280,0,902,3,10,7,1,1,-70,0,934,11693,175,100,3,0,0
2896,25,21,1536,0,890,7,12,7,1,2,-70,0,602,6444,174,100,2,0,0
2898,17,12,1280,10,642,3,11,7,1,1,-52,0,501,4975,163,100,1,0,0
2898,27,22,1536,10,619,4,8,5,1,1,-52,0,450,7259,163,100,1,0,0
2898,28,18,1280,0,637,3,4,7,1,1,-95,1,863,9994,177,100,1,0,0
2900,10,5,768,0,882,3,13,7,1,1,-52,0,670,7288,171,100,3,0,0
2900,11,5,768,0,862,9,2,7,1,2,-70,1,1017,15686,185,100,3,0,0
2901,7,3,768,0,572,9,13,7,1,3,-70,0,710,9536,146,100,1,0,0
2899,15,9,1024,0,636,5,395,7,1,1,-70,3,1076,7693,186,100,2,1,3
2899,8,4,768,0,610,5,12,7,2,2,-70,10,3205,18626,189,100,2,0,0
2900,18,8,1024,0,629,5,11,7,1,1,-95,8,2353,18952,187,100,1,0,0
2899,31,30,1792,0,639,7,11,5,1,2,-52,0,491,5605,156,100,2,0,0
2900,21,15,1280,10,848,5,5,7,1,1,-70,2,819,9307,183,100,1,0,0
2901,5,1,512,10,858,8,2,7,1,1,-76,4,2528,24121,193,100,4,0,0
2902,3,1,512,0,636,9,5,7,1,1,-76,2,1828,22682,193,100,2,0,0
2899,26,21,1536,0,657,4,5,7,1,1,-52,0,623,7554,175,100,2,0,0
2901,22,18,1280,0,618,5,7,7,1,1,-70,1,1041,12497,165,100,2,0,0
2902,4,1,512,0,607,7,6,7,2,1,-61,10,6720,31498,193,100,2,0,0
2902,29,28,1536,0,643,4,8,7,1,1,-52,0,809,10363,171,100,2,0,0
2904,6,5,768,0,659,5,5,5,1,2,-52,0,805,10148,176,100,2,0,0
2903,28,18,1280,0,638,3,4,7,1,1,-95,1,664,6277,178,100,1,0,0
2903,2,3,768,0,669,7,5,5,1,2,-52,0,700,8972,180,100,2,0,0
2903,23,18,1280,0,570,4,22,7,1,1,-52,0,311,7318,132,100,1,0,0
2904,16,11,1024,0,885,5,6,7,1,2,-52,0,719,10352,179,100,3,0,0
2904,15,9,1024,0,638,5,396,7,1,1,-70,3,955,8109,186,100,2,1,3
2904,13,9,1024,0,778,8,18,7,1,2,-70,1,1168,11382,143,100,3,0,0
2904,20,14,1280,0,906,3,10,7,1,1,-70,0,704,6741,175,100,3,0,0
2905,14,8,1024,0,872,6,14,7,1,2,-70,1,1169,9825,175,100,4,0,0
2904,12,8,1024,10,641,5,6,7,1,2,-70,1,1255,15393,179,100,2,0,0
2904,27,22,1536,0,623,4,8,5,1,1,-52,0,739,6720,163,100,1,0,0
2904,31,30,1792,0,639,7,11,5,1,2,-52,0,347,4453,156,100,1,0,0
2906,9,4,768,0,865,5,11,7,1,1,-52,6,2536,18429,191,100,4,0,0
2906,19,13,1280,0,835,7,24,7,1,3,-70,0,880,9030,137,100,4,0,0
2907,17,12,1280,0,644,3,11,7,1,1,-52,0,786,8937,164,100,2,0,0
2906,30,24,1536,0,571,8,6,7,1,3,-70,1,1151,14612,175,100,2,0,0
2906,21,15,1280,0,853,5,5,7,1,1,-70,2,1549,13497,184,100,3,0,0
2909,11,5,768,0,868,9,2,7,1,2,-70,1,1453,13250,185,100,4,0,0
2907,18,8,1024,0,630,5,11,7,1,1,-95,8,2899,20863,188,100,2,0,0
2906,26,21,1536,0,660,4,5,7,1,1,-52,0,663,6507,176,100,1,0,0
2908,16,11,1024,0,886,5,6,7,1,2,-52,0,364,3754,179,100,2,0,0
2908,8,4,768,0,611,5,12,7,2,2,-70,10,3928,22494,189,100,1,0,0
2909,5,1,512,20,860,8,2,7,1,1,-76,4,1772,17893,194,100,2,0,0
2909,6,5,768,10,662,5,5,5,1,2,-52,0,581,5484,176,100,1,0,0
2908,24,18,1280,10,642,5,14,7,1,1,-70,2,1731,15913,170,100,2,0,0
2909,7,3,768,0,576,9,13,7,1,3,-70,0,857,8880,146,100,2,0,0
2908,25,21,1536,0,895,7,13,7,1,2,-70,0,1063,11602,175,100,5,0,0
2910,1,0,256,0,15,0,0,3,0,0,0,10,3349,30337,5164,100,2,0,0
2910,9,4,768,0,866,5,11,7,1,1,-52,6,1233,9484,191,100,1,0,0
2912,10,5,768,0,887,3,13,7,1,1,-52,0,1027,12101,172,100,5,0,0
2910,29,28,1536,0,645,4,8,7,1,1,-52,0,519,8008,171,100,2,0,0
2911,15,9,1024,0,639,5,399,7,1,1,-70,3,1459,12746,187,100,5,1,3
2911,23,18,1280,0,572,4,22,7,1,1,-52,0,575,7583,133,100,2,0,0
2910,19,13,1280,0,836,7,24,7,1,3,-70,0,388,4597,137,100,2,0,0
2911,3,1,512,10,640,9,5,7,1,1,-76,2,1664,20134,194,100,2,0,0
2911,22,18,1280,0,622,5,7,7,1,1,-70,1,1264,13534,166,100,1,0,0
2913,2,3,768,0,673,7,5,5,1,2,-52,0,815,9787,181,100,1,0,0
2913,4,1,512,20,610,7,6,7,2,1,-61,10,7260,37238,194,100,2,0,0
2913,12,8,1024,0,645,5,6,7,1,2,-70,1,1325,14549,180,100,2,0,0
2914,6,5,768,0,664,5,5,5,1,2,-52,0,498,5723,176,100,1,0,0
2913,28,18,1280,20,643,3,4,7,1,1,-95,1,1302,13647,178,100,2,0,0
2913,27,22,1536,0,626,4,8,5,1,1,-52,0,784,9117,164,100,2,0,0
2915,11,5,768,10,870,9,2,7,1,2,-70,1,872,10450,186,100,2,0,0
2914,20,14,1280,0,911,3,10,7,1,1,-70,0,1011,10181,176,100,4,0,0
2914,30,24,1536,0,578,8,6,7,1,3,-70,1,1394,11933,175,100,3,0,0
2916,7,3,768,0,578,9,13,7,1,3,-70,0,554,6931,147,100,1,0,0
2914,13,9,1024,0,783,8,18,7,1,2,-70,1,1468,14595,144,100,4,0,0
2914,21,15,1280,0,856,5,5,7,1,1,-70,2,1395,16522,184,100,2,0,0
2914,31,30,1792,10,646,7,11,5,1,2,-52,0,1153,10762,157,100,2,0,0
2915,8,4,768,0,613,5,12,7,2,2,-70,10,3380,23238,190,100,2,0,0
2916,22,18,1280,0,624,5,7,7,1,1,-70,1,800,6909,166,100,1,0,0
2916,5,1,512,10,863,8,2,7,1,1,-76,4,2335,19476,195,100,4,0,0
2916,14,8,1024,20,879,6,14,7,1,2,-70,1,1652,15570,176,100,4,0,0
2917,9,4,768,0,870,5,11,7,1,1,-52,6,2022,14387,191,100,3,0,0
2918,29,28,1536,0,648,4,8,7,1,1,-52,0,687,6895,172,100,1,0,0
2917,25,21,1536,0,897,7,13,7,1,2,-70,0,668,8261,176,100,4,0,0
2918,18,8,1024,0,632,5,11,7,1,1,-95,8,3540,30047,188,100,2,0,0
2917,19,13,1280,0,838,7,24,7,1,3,-70,0,551,7081,138,100,2,0,0
2917,17,12,1280,0,648,3,11,7,1,1,-52,0,940,11703,165,100,2,0,0
2919,16,11,1024,10,892,5,6,7,1,2,-52,0,806,10451,180,100,3,0,0
2917,26,21,1536,10,666,4,5,7,1,1,-52,0,1085,11680,177,100,4,0,0
2919,23,18,1280,0,574,4,22,7,1,1,-52,0,616,7765,133,100,3,0,0
2920,3,1,512,0,642,9,5,7,1,1,-76,2,1484,15493,194,100,2,0,0
2919,24,18,1280,0,644,5,14,7,1,1,-70,2,1379,14833,171,100,4,0,0
2921,10,5,768,10,892,3,13,7,1,1,-52,0,831,9542,172,100,3,0,0
2920,2,3,768,0,674,7,5,5,1,2,-52,0,511,7303,181,100,2,0,0
2920,4,1,512,10,612,7,6,7,2,1,-61,10,4966,24807,194,100,1,0,0
2922,7,3,768,0,578,9,13,7,1,3,-70,0,381,5756,147,100,2,0,0
2921,15,9,1024,0,642,5,401,7,1,1,-70,3,1918,17389,187,100,5,1,3
2922,1,0,256,0,15,0,0,3,0,0,0,10,2982,29701,5184,100,2,0,0
2921,28,18,1280,0,644,3,4,7,1,1,-95,1,877,9797,179,100,1,0,0
2922,12,8,1024,0,647,5,6,7,1,2,-70,1,942,13472,180,100,1,0,0
2921,13,9,1024,0,785,8,18,7,1,2,-70,1,954,8685,144,100,3,0,0
2921,27,22,1536,0,628,4,8,5,1,1,-52,0,621,7343,164,100,2,0,0
2922,14,8,1024,10,881,6,14,7,1,2,-70,1,746,8405,176,100,1,0,0
2923,6,5,768,0,665,5,5,5,1,2,-52,0,494,9319,177,100,1,0,0
2922,30,24,1536,0,580,8,6,7,1,3,-70,1,1034,10935,176,100,2,0,0
2923,17,12,1280,0,649,3,11,7,1,1,-52,0,395,5304,165,100,1,0,0
2923,19,13,1280,0,840,7,24,7,1,3,-70,0,501,5814,138,100,1,0,0
2925,11,5,768,10,873,9,2,7,1,2,-70,1,1411,16506,187,100,3,0,0
2924,25,21,1536,0,899,7,13,7,1,2,-70,0,525,6717,176,100,1,0,0
2925,9,4,768,10,873,5,11,7,1,1,-52,6,2510,17470,192,100,2,0,0
2925,21,15,1280,0,863,5,5,7,1,1,-70,2,2178,18869,185,100,4,0,0
2925,5,1,512,20,865,8,2,7,1,1,-76,4,2057,21145,195,100,2,0,0
2925,20,14,1280,0,915,3,10,7,1,1,-70,0,906,10444,177,100,4,0,0
2927,16,11,1024,0,895,6,6,7,1,2,-52,0,887,6909,180,100,3,0,0
2925,24,18,1280,0,647,5,14,7,1,1,-70,2,1094,8460,171,100,1,0,0
2925,10,5,768,10,893,3,13,7,1,1,-52,0,328,4319,173,100,0,0,0
2925,3,1,512,10,645,9,5,7,1,1,-76,2,1133,11321,195,100,1,0,0
2926,27,22,1536,0,628,4,8,5,1,1,-52,0,342,4782,165,100,1,0,0
2926,18,8,1024,10,637,5,11,7,1,1,-95,8,3272,24684,189,100,1,0,0
2925,31,30,1792,10,649,7,11,5,1,2,-52,0,913,10526,158,100,3,0,0
2927,8,4,768,20,616,5,12,7,2,2,-70,10,5726,33800,191,100,2,0,0
2927,22,18,1280,0,625,5,7,7,1,1,-70,1,1163,13125,167,100,2,0,0
2927,29,28,1536,0,652,4,8,7,1,1,-52,0,853,9866,172,100,3,0,0
2929,11,5,768,0,875,9,2,7,1,2,-70,1,705,7000,187,100,2,0,0
2928,4,1,512,0,617,7,6,7,2,1,-61,10,5835,28285,195,100,1,0,0
2928,26,21,1536,0,667,4,5,7,1,1,-52,0,667,10161,177,100,2,0,0
2929,23,18,1280,0,578,4,22,7,1,1,-52,0,910,9923,134,100,3,0,0
2930,9,4,768,0,876,5,11,7,1,1,-52,6,1174,10306,192,100,2,0,0
2930,14,8,1024,10,885,7,14,7,1,2,-70,1,1176,9999,177,100,3,0,0
2930,12,8,1024,0,650,5,6,7,1,2,-70,1,1201,13027,181,100,2,0,0
2930,21,15,1280,10,864,5,5,7,1,1,-70,2,717,8742,185,100,2,0,0
2931,28,18,1280,0,648,3,4,7,1,1,-95,1,1387,13813,179,100,2,0,0
2931,7,3,768,0,582,9,13,7,1,3,-70,0,816,9799,148,100,1,0,0
2931,3,1,512,10,647,9,5,7,1,1,-76,2,1183,11479,195,100,1,0,0
2931,17,12,1280,0,650,3,11,7,1,1,-52,0,474,7754,166,100,1,0,0
2932,1,0,256,0,15,0,0,3,0,0,0,10,3187,26960,5208,100,2,0,0
2931,16,11,1024,0,898,6,6,7,1,2,-52,0,675,6761,181,100,3,0,0
2930,2,3,768,0,676,7,5,5,1,2,-52,0,698,9680,182,100,2,0,0
2930,25,21,1536,0,903,7,13,7,1,2,-70,0,825,7117,177,100,3,0,0
2931,13,9,1024,0,788,8,18,7,1,2,-70,1,1171,12903,145,100,3,0,0
2932,24,18,1280,10,649,5,14,7,1,1,-70,2,947,9786,172,100,3,0,0
2931,19,13,1280,0,843,7,24,7,1,3,-70,0,773,7695,139,100,4,0,0
2932,15,9,1024,0,644,5,403,7,1,1,-70,3,1990,20311,188,100,4,1,3
2931,31,30,1792,0,650,7,11,5,1,2,-52,0,420,5912,158,100,1,0,0
2933,10,5,768,0,897,3,13,7,1,1,-52,0,847,8701,173,100,4,0,0
2933,4,1,512,0,617,7,6,7,2,1,-61,10,3285,16076,195,100,1,0,0
2934,14,8,1024,0,885,7,14,7,1,2,-70,1,456,5668,177,100,1,0,0
2934,6,5,768,10,667,5,5,5,1,2,-52,0,768,10587,178,100,2,0,0
2933,27,22,1536,10,630,4,8,5,1,1,-52,0,476,5947,165,100,1,0,0
2932,30,24,1536,0,581,8,6,7,1,3,-70,1,1114,12713,176,100,2,0,0
2934,22,18,1280,0,625,5,7,7,1,1,-70,1,607,8820,167,100,1,0,0
2932,29,28,1536,20,654,4,8,7,1,1,-52,0,425,5449,173,100,1,0,0
2934,2,3,768,0,678,7,5,5,1,2,-52,0,376,4008,182,100,0,0,0
2936,7,3,768,0,583,9,13,7,1,3,-70,0,367,4555,148,100,1,0,0
2935,25,21,1536,0,904,7,13,7,1,2,-70,0,370,4485,177,100,1,0,0
2936,5,1,512,0,871,8,2,7,1,1,-76,4,2872,24817,196,100,4,0,0
2936,18,8,1024,30,641,5,11,7,1,1,-95,8,3761,27484,190,100,2,0,0
2936,20,14,1280,0,922,3,10,7,1,1,-70,0,1195,11901,177,100,4,0,0
2936,23,18,1280,0,579,4,22,7,1,1,-52,0,450,6294,135,100,1,0,0
2936,13,9,1024,0,790,8,18,7,1,2,-70,1,739,6380,145,100,2,0,0
2936,28,18,1280,0,648,3,4,7,1,1,-95,1,611,6560,180,100,1,0,0
2938,16,11,1024,0,902,6,6,7,1,2,-52,0,708,6561,181,100,2,0,0
2937,24,18,1280,0,649,5,14,7,1,1,-70,2,651,6431,172,100,0,0,0
2937,12,8,1024,0,650,5,6,7,1,2,-70,1,662,11831,181,100,1,0,0
2938,11,5,768,0,880,9,2,7,1,2,-70,1,1592,17561,188,100,3,0,0
2938,8,4,768,10,618,5,12,7,2,2,-70,10,5679,31855,191,100,2,0,0
2938,30,24,1536,0,583,8,6,7,1,3,-70,1,757,7814,177,100,2,0,0
2938,26,21,1536,10,671,4,5,7,1,1,-52,0,910,10407,178,100,3,0,0
2940,14,8,1024,0,886,7,14,7,1,2,-70,1,806,7801,178,100,2,0,0
2939,2,3,768,0,680,7,5,5,1,2,-52,0,473,4161,182,100,1,0,0
2940,17,12,1280,0,654,3,11,7,1,1,-52,0,836,8235,166,100,2,0,0
2940,15,9,1024,0,645,5,405,7,1,1,-70,3,1286,13140,189,100,3,1,3
2940,5,1,512,10,873,8,2,7,1,1,-76,4,1236,10633,196,100,1,0,0
2940,31,30,1792,0,652,7,11,5,1,2,-52,0,672,8127,159,100,3,0,0
2941,9,4,768,10,879,5,11,7,1,1,-52,6,3296,24245,193,100,3,0,0
2941,21,15,1280,10,872,5,5,7,1,1,-70,2,2520,22875,186,100,3,0,0
2940,6,5,768,0,670,5,5,5,1,2,-52,0,727,7270,178,100,2,0,0
2940,29,28,1536,0,660,4,8,7,1,1,-52,0,1078,8521,173,100,2,0,0
2940,25,21,1536,0,905,7,13,7,1,2,-70,0,388,4715,177,100,2,0,0
2942,3,1,512,0,648,9,5,7,1,1,-76,2,1862,21079,196,100,2,0,0
2943,1,0,256,0,15,0,0,3,0,0,0,10,3112,27959,5227,100,2,0,0
2941,23,18,1280,10,581,4,22,7,1,1,-52,0,394,5089,135,100,1,0,0
2942,27,22,1536,0,630,4,8,5,1,1,-52,0,391,8568,166,100,1,0,0
2942,28,18,1280,10,651,3,4,7,1,1,-95,1,935,7670,180,100,1,0,0
2942,20,14,1280,0,924,3,10,7,1,1,-70,0,553,6011,178,100,2,0,0
2943,10,5,768,0,899,3,13,7,1,1,-52,0,760,10237,174,100,3,0,0
2941,13,9,1024,20,791,8,18,7,1,2,-70,1,477,6655,146,100,1,0,0
2942,11,5,768,0,882,9,2,7,1,2,-70,1,582,6434,188,100,2,0,0
2941,7,3,768,10,586,9,13,7,1,3,-70,0,758,6509,149,100,2,0,0
2941,19,13,1280,0,847,7,24,7,1,3,-70,0,848,9845,139,100,4,0,0
2943,8,4,768,0,620,5,12,7,2,2,-70,10,2615,14419,192,100,1,0,0
2943,12,8,1024,10,651,5,6,7,1,2,-70,1,800,9058,182,100,1,0,0
2944,22,18,1280,0,628,6,7,7,1,1,-70,1,1170,12732,168,100,2,0,0
2944,18,8,1024,0,641,5,11,7,1,1,-95,8,3126,22774,190,100,2,0,0
2945,4,1,512,10,622,7,6,7,2,1,-61,10,9092,42698,196,100,2,0,0
2946,24,18,1280,0,650,5,14,7,1,1,-70,2,1143,11676,173,100,2,0,0
2946,14,8,1024,0,888,7,14,7,1,2,-70,1,871,8367,178,100,2,0,0
2946,3,1,512,0,650,9,5,7,1,1,-76,2,967,8804,196,100,1,0,0
2945,6,5,768,20,671,5,5,5,1,2,-52,0,366,4716,179,100,1,0,0
2946,28,18,1280,0,652,3,4,7,1,1,-95,1,599,6105,180,100,1,0,0
2946,31,30,1792,0,653,7,11,5,1,2,-52,0,394,5091,159,100,1,0,0
2945,19,13,1280,10,848,7,24,7,1,3,-70,0,329,5022,140,100,0,0,0
2948,1,0,256,0,15,0,0,3,0,0,0,10,1555,13774,5239,100,1,0,0
2947,16,11,1024,0,905,6,6,7,1,2,-52,0,802,9634,182,100,3,0,0
2948,9,4,768,10,882,5,11,7,1,1,-52,6,2242,16374,193,100,3,0,0
2947,2,3,768,10,684,7,5,5,1,2,-52,0,888,8891,183,100,2,0,0
2947,26,21,1536,0,673,4,5,7,1,1,-52,0,606,8842,179,100,1,0,0
2949,17,12,1280,0,656,3,11,7,1,1,-52,0,678,8827,167,100,2,0,0
2949,18,8,1024,0,644,5,11,7,1,1,-95,8,1772,13953,191,100,1,0,0
2947,25,21,1536,0,908,7,13,7,1,2,-70,0,682,7543,178,100,2,0,0
2949,20,14,1280,0,928,4,10,7,1,1,-70,0,682,6514,178,100,2,0,0
2950,29,28,1536,0,662,4,8,7,1,1,-52,0,679,7976,174,100,2,0,0
2949,12,8,1024,0,653,5,6,7,1,2,-70,1,832,10162,182,100,1,0,0
2950,27,22,1536,0,631,4,8,5,1,1,-52,0,514,7578,166,100,2,0,0
2950,23,18,1280,0,585,4,22,7,1,1,-52,0,944,9336,135,100,2,0,0
2950,15,9,1024,20,651,5,407,7,1,1,-70,3,2193,18637,189,100,4,1,3
2950,30,24,1536,10,584,8,6,7,1,3,-70,1,1125,14667,178,100,2,0,0
2951,5,1,512,0,875,8,2,7,1,1,-76,4,2400,24479,197,100,3,0,0
2952,3,1,512,0,652,9,5,7,1,1,-76,2,905,9892,196,100,1,0,0
2951,10,5,768,0,903,3,13,7,1,1,-52,0,726,8081,174,100,3,0,0
2953,22,18,1280,0,632,6,7,7,1,1,-70,1,1187,11440,168,100,2,0,0
2951,11,5,768,10,885,9,2,7,1,2,-70,1,1187,14337,188,100,3,0,0
2953,4,1,512,10,624,7,6,7,2,1,-61,10,4396,21550,196,100,1,0,0
2951,7,3,768,10,591,9,13,7,1,3,-70,0,868,10394,149,100,1,0,0
2951,28,18,1280,0,653,3,4,7,1,1,-95,1,687,8012,181,100,1,0,0
2953,1,0,256,0,15,0,0,3,0,0,0,10,1379,13229,5246,100,1,0,0
2951,6,5,768,0,672,5,5,5,1,2,-52,0,471,6369,179,100,1,0,0
2953,14,8,1024,0,891,7,14,7,1,2,-70,1,1032,9387,179,100,2,0,0
2952,16,11,1024,0,907,6,6,7,1,2,-52,0,373,4390,182,100,1,0,0
2951,19,13,1280,0,851,7,24,7,1,3,-70,0,603,5906,140,100,2,0,0
2953,21,15,1280,0,875,5,5,7,1,1,-70,2,1951,21880,187,100,4,0,0
2952,17,12,1280,10,657,3,11,7,1,1,-52,0,370,4087,167,100,1,0,0
2952,13,9,1024,10,798,8,18,7,1,2,-70,1,2010,15298,146,100,4,0,0
2952,31,30,1792,0,655,7,11,5,1,2,-52,0,557,6384,160,100,1,0,0
2954,24,18,1280,0,651,5,14,7,1,1,-70,2,1367,12081,173,100,2,0,0
2954,8,4,768,0,620,5,12,7,2,2,-70,10,6005,34329,192,100,2,0,0
2955,26,21,1536,0,675,4,5,7,1,1,-52,0,597,6508,179,100,2,0,0
2955,30,24,1536,10,588,8,6,7,1,3,-70,1,974,7377,178,100,1,0,0
2956,29,28,1536,0,664,4,8,7,1,1,-52,0,494,6386,174,100,2,0,0
2956,10,5,768,10,904,3,13,7,1,1,-52,0,418,4874,175,100,2,0,0
2958,20,14,1280,0,933,4,10,7,1,1,-70,0,1017,9257,179,100,3,0,0
2958,7,3,768,0,592,9,13,7,1,3,-70,0,473,6302,150,100,1,0,0
2959,27,22,1536,10,633,4,8,5,1,1,-52,0,580,8162,167,100,1,0,0
2959,15,9,1024,10,651,5,410,7,1,1,-70,3,1163,14033,190,100,4,1,3
2959,12,8,1024,0,655,5,6,7,1,2,-70,1,1202,14768,183,100,2,0,0
2959,2,3,768,0,689,7,5,5,1,2,-52,0,1045,10867,184,100,2,0,0
2958,23,18,1280,10,587,4,23,7,1,1,-52,0,502,7762,136,100,2,0,0
2959,9,4,768,20,887,5,11,7,1,1,-52,6,3284,23669,194,100,4,0,0
2959,6,5,768,0,674,5,5,5,1,2,-52,0,497,6736,179,100,1,0,0
2958,25,21,1536,10,915,7,13,7,1,2,-70,0,1188,10105,178,100,4,0,0
2960,18,8,1024,0,647,5,11,7,1,1,-95,8,4193,32206,191,100,2,0,0
2958,19,13,1280,10,855,7,24,7,1,3,-70,0,806,6354,140,100,3,0,0
2960,21,15,1280,0,879,5,5,7,1,1,-70,2,1387,14298,187,100,2,0,0
2961,1,0,256,0,15,0,0,3,0,0,0,10,2219,21025,5263,100,1,0,0
2962,3,1,512,0,655,9,5,7,1,1,-76,2,1751,18866,197,100,1,0,0
2960,8,4,768,0,622,5,12,7,2,2,-70,10,2345,16292,193,100,1,0,0
2961,24,18,1280,10,654,5,14,7,1,1,-70,2,985,9881,174,100,1,0,0
2962,4,1,512,20,627,7,6,7,2,1,-61,10,6372,31437,197,100,2,0,0
2961,31,30,1792,0,658,7,11,5,1,2,-52,0,729,8360,160,100,2,0,0
2961,16,11,1024,0,910,6,6,7,1,2,-52,0,802,9157,183,100,3,0,0
2961,17,12,1280,10,660,3,11,7,1,1,-52,0,606,8641,168,100,1,0,0
2962,5,1,512,10,879,8,2,7,1,1,-76,4,3179,26730,198,100,4,0,0
2961,28,18,1280,0,653,3,4,7,1,1,-95,1,904,11855,181,100,2,0,0
2962,11,5,768,0,889,9,2,7,1,2,-70,1,1501,17148,189,100,4,0,0
2962,13,9,1024,0,803,8,18,7,1,2,-70,1,1539,13770,147,100,4,0,0
2964,22,18,1280,0,635,6,7,7,1,1,-70,1,1278,14100,169,100,2,0,0
2962,25,21,1536,0,917,7,13,7,1,2,-70,0,721,5488,179,100,2,0,0
2963,30,24,1536,10,590,8,6,7,1,3,-70,1,956,11123,178,100,1,0,0
2964,18,8,1024,0,648,5,11,7,1,1,-95,8,1604,11592,192,100,0,0,0
2964,14,8,1024,10,895,7,14,7,1,2,-70,1,1406,14794,179,100,4,0,0
2965,10,5,768,10,910,3,13,7,1,1,-52,0,960,8697,175,100,3,0,0
2965,12,8,1024,0,656,5,6,7,1,2,-70,1,690,9261,183,100,1,0,0
2965,29,28,1536,0,666,4,8,7,1,1,-52,0,677,8044,175,100,2,0,0
2965,26,21,1536,0,677,4,5,7,1,1,-52,0,598,9644,180,100,2,0,0
2967,3,1,512,0,655,9,5,7,1,1,-76,2,587,9531,197,100,1,0,0
2966,23,18,1280,0,589,4,23,7,1,1,-52,0,780,7129,137,100,3,0,0
2965,19,13,1280,0,857,7,24,7,1,3,-70,0,576,7260,141,100,2,0,0
2965,17,12,1280,0,661,3,11,7,1,1,-52,0,478,4399,168,100,1,0,0
2966,27,22,1536,0,635,4,8,5,1,1,-52,0,525,7228,167,100,1,0,0
2966,20,14,1280,0,938,4,10,7,1,1,-70,0,841,7961,179,100,2,0,0
2966,25,21,1536,0,917,7,13,7,1,2,-70,0,263,3814,179,100,1,0,0
2968,7,3,768,0,593,9,13,7,1,3,-70,0,512,8424,150,100,2,0,0
2967,24,18,1280,10,656,5,14,7,1,1,-70,2,1005,8544,174,100,1,0,0
2968,6,5,768,0,677,5,5,5,1,2,-52,0,805,8695,180,100,2,0,0
2968,15,9,1024,10,653,5,412,7,1,1,-70,3,2047,16870,191,100,4,1,3
2970,2,3,768,0,691,7,5,5,1,2,-52,0,644,9117,184,100,2,0,0
2969,5,1,512,10,883,8,2,7,1,1,-76,4,1837,16495,198,100,2,0,0
2969,21,15,1280,0,881,5,5,7,1,1,-70,2,1712,17850,188,100,3,0,0
2970,8,4,768,0,624,5,12,7,2,2,-70,10,4350,25180,193,100,1,0,0
2969,12,8,1024,0,659,5,6,7,1,2,-70,1,851,7692,184,100,1,0,0
2970,1,0,256,0,15,0,0,3,0,0,0,10,2858,24142,5284,100,2,0,0
2970,4,1,512,10,632,7,6,7,2,1,-61,10,6601,29767,197,100,2,0,0
2970,29,28,1536,0,668,4,8,7,1,1,-52,0,500,5258,175,100,1,0,0
2970,18,8,1024,10,648,5,11,7,1,1,-95,8,2143,17655,192,100,1,0,0
2971,9,4,768,0,894,5,11,7,1,1,-52,6,4085,27046,195,100,4,0,0
2970,11,5,768,0,892,9,2,7,1,2,-70,1,1018,13047,190,100,2,0,0
2972,27,22,1536,0,638,4,8,5,1,1,-52,0,663,5631,168,100,1,0,0
2971,19,13,1280,0,858,7,24,7,1,3,-70,0,388,5301,141,100,2,0,0
2971,31,30,1792,0,659,7,11,5,1,2,-52,0,589,9362,161,100,3,0,0
2972,16,11,1024,0,918,6,6,7,1,2,-52,0,1275,10777,183,100,4,0,0
2972,28,18,1280,0,659,3,4,7,1,1,-95,1,1755,15021,182,100,2,0,0
2972,6,5,768,0,678,5,5,5,1,2,-52,0,366,5183,180,100,1,0,0
2974,26,21,1536,0,679,4,5,7,1,1,-52,0,645,8307,180,100,2,0,0
2974,23,18,1280,0,591,4,23,7,1,1,-52,0,525,8031,137,100,1,0,0
2975,2,3,768,0,692,7,5,5,1,2,-52,0,325,4549,185,100,0,0,0
2974,25,21,1536,0,918,7,13,7,1,2,-70,0,388,5917,179,100,2,0,0
2973,24,18,1280,0,659,5,14,7,1,1,-70,2,1062,8642,174,100,2,0,0
2974,13,9,1024,0,809,8,18,7,1,2,-70,1,1597,14939,148,100,4,0,0
2974,30,24,1536,0,595,8,6,7,1,3,-70,1,1702,15101,179,100,2,0,0
2975,22,18,1280,10,638,6,7,7,1,1,-70,1,1519,15198,170,100,2,0,0
2976,4,1,512,20,633,7,6,7,2,1,-61,10,3499,18873,198,100,1,0,0
2976,20,14,1280,0,943,4,11,7,1,1,-70,0,1045,10335,180,100,4,0,0
2976,5,1,512,10,884,8,2,7,1,1,-76,4,1442,15636,198,100,1,0,0
2975,17,12,1280,0,662,3,11,7,1,1,-52,0,595,9293,169,100,2,0,0
2976,10,5,768,0,914,3,13,7,1,1,-52,0,1010,11141,176,100,4,0,0
2977,18,8,1024,10,649,5,11,7,1,1,-95,8,2406,17192,192,100,3,0,0
2976,19,13,1280,0,860,7,24,7,1,3,-70,0,551,5542,142,100,2,0,0
2976,14,8,1024,10,898,7,14,7,1,2,-70,1,1633,15882,180,100,5,0,0
2978,9,4,768,20,894,5,11,7,1,1,-52,6,1622,13997,195,100,1,0,0
2977,27,22,1536,0,640,4,8,5,1,1,-52,0,667,6095,168,100,2,0,0
2978,3,1,512,10,657,9,5,7,1,1,-76,2,1818,21961,198,100,2,0,0
2978,8,4,768,0,625,5,12,7,2,2,-70,10,3869,23421,194,100,2,0,0
2978,23,18,1280,0,594,4,23,7,1,1,-52,0,584,4624,137,100,1,0,0
2978,16,11,1024,0,923,6,6,7,1,2,-52,0,867,6652,184,100,3,0,0
2980,13,9,1024,0,810,8,18,7,1,2,-70,1,749,7494,148,100,2,0,0
2981,7,3,768,0,597,9,13,7,1,3,-70,0,937,11907,151,100,2,0,0
2979,15,9,1024,0,658,5,415,7,1,1,-70,3,1920,18925,191,100,6,1,3
2980,12,8,1024,10,663,5,6,7,1,2,-70,1,1330,16618,184,100,2,0,0
2981,1,0,256,0,15,0,0,3,0,0,0,10,2729,26817,5303,100,2,0,0
2980,11,5,768,0,895,9,2,7,1,2,-70,1,1373,15154,190,100,3,0,0
2981,21,15,1280,0,885,5,5,7,1,1,-70,2,1784,21746,188,100,5,0,0
2981,24,18,1280,10,662,5,14,7,1,1,-70,2,1055,10458,175,100,1,0,0
2981,2,3,768,0,694,7,5,5,1,2,-52,0,618,7402,185,100,2,0,0
2981,31,30,1792,0,664,7,11,5,1,2,-52,0,967,10321,161,100,2,0,0
2982,22,18,1280,0,638,6,7,7,1,1,-70,1,607,8318,170,100,1,0,0
2982,4,1,512,10,635,7,6,7,2,1,-61,10,3967,19670,198,100,1,0,0
2982,29,28,1536,10,671,4,8,7,1,1,-52,0,791,11444,176,100,2,0,0
2981,17,12,1280,0,663,3,11,7,1,1,-52,0,394,6402,169,100,1,0,0
2982,5,1,512,0,887,8,2,7,1,1,-76,4,1800,14940,199,100,3,0,0
2983,16,11,1024,0,925,6,6,7,1,2,-52,0,476,4510,184,100,1,0,0
2982,28,18,1280,0,662,3,4,7,1,1,-95,1,1162,13206,183,100,2,0,0
2983,10,5,768,10,917,3,13,7,1,1,-52,0,627,7456,177,100,2,0,0
2982,25,21,1536,10,924,7,13,7,1,2,-70,0,1011,9492,180,100,4,0,0
2983,30,24,1536,0,597,8,6,7,1,3,-70,1,1247,11606,180,100,4,0,0
2983,26,21,1536,0,682,4,5,7,1,1,-52,0,699,10073,181,100,3,0,0
2984,11,5,768,0,896,9,2,7,1,2,-70,1,686,7181,191,100,2,0,0
2984,15,9,1024,10,662,5,417,7,1,1,-70,3,1587,10080,192,100,4,1,3
2985,14,8,1024,0,901,7,14,7,1,2,-70,1,998,11539,181,100,2,0,0
2985,6,5,768,0,680,5,5,5,1,2,-52,0,722,11195,181,100,2,0,0
2986,8,4,768,0,625,5,12,7,2,2,-70,10,3536,21937,194,100,1,0,0
2985,3,1,512,0,659,9,5,7,1,1,-76,2,1233,14713,198,100,2,0,0
2985,12,8,1024,0,665,5,6,7,1,2,-70,1,899,9165,185,100,1,0,0
2986,27,22,1536,0,641,4,8,5,1,1,-52,0,473,7659,169,100,1,0,0
2986,18,8,1024,0,656,5,11,7,1,1,-95,8,3860,27283,193,100,2,0,0
2986,20,14,1280,0,948,4,11,7,1,1,-70,0,1013,10793,181,100,4,0,0
2985,7,3,768,0,598,9,13,7,1,3,-70,0,416,6687,151,100,1,0,0
2987,9,4,768,0,898,5,11,7,1,1,-52,6,2932,21127,196,100,4,0,0
2986,5,1,512,0,889,8,2,7,1,1,-76,4,1411,10175,199,100,1,0,0
2987,22,18,1280,0,638,6,7,7,1,1,-70,1,649,6848,171,100,1,0,0
2986,28,18,1280,0,665,3,4,7,1,1,-95,1,572,5687,183,100,0,0,0
2988,19,13,1280,0,866,7,24,7,1,3,-70,0,1167,10864,142,100,4,0,0
2988,4,1,512,0,638,7,6,7,2,1,-61,10,4642,21012,198,100,1,0,0
2987,2,3,768,0,696,7,5,5,1,2,-52,0,553,6480,186,100,1,0,0
2988,30,24,1536,0,598,8,6,7,1,3,-70,1,615,6857,180,100,1,0,0
2989,23,18,1280,0,594,4,23,7,1,1,-52,0,624,10571,138,100,2,0,0
2989,24,18,1280,10,666,5,14,7,1,1,-70,2,1561,11882,175,100,3,0,0
2990,13,9,1024,0,817,8,18,7,1,2,-70,1,1611,13563,149,100,3,0,0
2991,3,1,512,0,659,9,5,7,1,1,-76,2,1086,11170,199,100,1,0,0
2990,25,21,1536,0,926,7,13,7,1,2,-70,0,628,7338,180,100,2,0,0
2991,22,18,1280,10,639,6,7,7,1,1,-70,1,481,5113,171,100,1,0,0
2992,1,0,256,0,15,0,0,3,0,0,0,10,3293,28875,5327,100,2,0,0
2991,29,28,1536,0,671,4,8,7,1,1,-52,0,596,9244,177,100,2,0,0
2993,9,4,768,10,899,5,11,7,1,1,-52,6,1296,11407,196,100,2,0,0
2991,31,30,1792,0,669,7,11,5,1,2,-52,0,1024,10545,162,100,2,0,0
2993,15,9,1024,10,665,5,419,7,1,1,-70,3,1201,14407,192,100,3,1,3
2993,5,1,512,0,890,8,2,7,1,1,-76,4,997,13067,200,100,2,0,0
2992,28,18,1280,0,666,3,4,7,1,1,-95,1,780,7817,184,100,1,0,0
2992,21,15,1280,10,892,5,5,7,1,1,-70,2,2524,22764,189,100,4,0,0
2993,16,11,1024,10,930,6,6,7,1,2,-52,0,1010,10427,185,100,4,0,0
2994,27,22,1536,0,643,4,8,5,1,1,-52,0,524,7241,169,100,1,0,0
2994,10,5,768,0,922,3,13,7,1,1,-52,0,1010,10643,177,100,4,0,0
2993,23,18,1280,0,595,4,23,7,1,1,-52,0,371,4117,138,100,1,0,0
2993,17,12,1280,0,665,3,11,7,1,1,-52,0,726,10982,170,100,2,0,0
2994,7,3,768,0,599,9,13,7,1,3,-70,0,544,7272,152,100,2,0,0
2994,11,5,768,0,899,9,2,7,1,2,-70,1,1195,15427,191,100,2,0,0
2995,13,9,1024,0,820,8,18,7,1,2,-70,1,868,7325,149,100,2,0,0
2995,8,4,768,0,628,5,12,7,2,2,-70,10,4555,26985,195,100,2,0,0
2995,6,5,768,0,682,5,5,5,1,2,-52,0,602,9577,182,100,1,0,0
2994,26,21,1536,0,687,4,5,7,1,1,-52,0,1017,10612,182,100,3,0,0
2996,3,1,512,0,660,9,5,7,1,1,-76,2,563,7696,199,100,0,0,0
2995,14,8,1024,10,906,7,14,7,1,2,-70,1,1477,14660,182,100,4,0,0
2995,12,8,1024,0,668,5,6,7,1,2,-70,1,1196,15700,185,100,2,0,0
2995,20,14,1280,0,954,4,11,7,1,1,-70,0,949,9229,181,100,2,0,0
2996,30,24,1536,0,602,8,6,7,1,3,-70,1,1176,10839,181,100,1,0,0
2997,19,13,1280,0,871,7,24,7,1,3,-70,0,898,9268,143,100,2,0,0
2997,4,1,512,0,643,7,6,7,2,1,-61,10,6289,30771,199,100,2,0,0
2997,2,3,768,0,699,7,5,5,1,2,-52,0,749,8837,186,100,2,0,0
2997,18,8,1024,0,657,5,11,7,1,1,-95,8,3997,32118,194,100,2,0,0
2998,25,21,1536,0,929,7,13,7,1,2,-70,0,652,6959,181,100,3,0,0
2998,24,18,1280,0,668,5,14,7,1,1,-70,2,1328,12719,176,100,2,0,0
2998,7,3,768,0,600,9,13,7,1,3,-70,0,271,4134,152,100,0,0,0
2998,11,5,768,0,901,9,2,7,1,2,-70,1,672,6800,192,100,1,0,0
2998,26,21,1536,0,687,4,5,7,1,1,-52,0,264,3911,182,100,1,0,0
3000,3,1,512,0,662,9,5,7,1,1,-76,2,945,8231,199,100,1,0,0
3000,9,4,768,0,902,5,11,7,1,1,-52,6,2423,16099,197,100,2,0,0
2999,13,9,1024,0,823,8,18,7,1,2,-70,1,750,6616,149,100,0,0,0
3000,16,11,1024,0,932,6,6,7,1,2,-52,0,527,6988,185,100,1,0,0
2999,31,30,1792,0,674,7,11,5,1,2,-52,0,904,7856,163,100,1,0,0
2999,12,8,1024,0,669,5,6,7,1,2,-70,1,510,6846,186,100,1,0,0
2999,27,22,1536,10,646,4,8,5,1,1,-52,0,607,5747,170,100,1,0,0
2999,29,28,1536,0,674,4,8,7,1,1,-52,0,631,8205,177,100,1,0,0
3000,6,5,768,0,683,5,5,5,1,2,-52,0,390,5289,182,100,1,0,0
3001,22,18,1280,0,643,6,7,7,1,1,-70,1,1542,13356,172,100,2,0,0
3002,1,0,256,0,15,0,0,3,0,0,0,10,2890,25844,5345,100,2,0,0
3002,8,4,768,0,630,5,12,7,2,2,-70,10,3429,20090,195,100,1,0,0
3001,28,18,1280,0,667,3,4,7,1,1,-95,1,865,10008,184,100,2,0,0
3002,23,18,1280,0,596,4,23,7,1,1,-52,0,468,7606,139,100,2,0,0
3002,4,1,512,0,643,7,6,7,2,1,-61,10,3608,17553,199,100,1,0,0
3002,20,14,1280,0,960,4,11,7,1,1,-70,0,1100,8344,182,100,3,0,0
3004,5,1,512,0,895,8,2,7,1,1,-76,4,3041,25045,200,100,4,0,0
3003,24,18,1280,10,670,5,14,7,1,1,-70,2,826,7643,176,100,1,0,0
3004,15,9,1024,0,670,5,421,7,1,1,-70,3,2051,19156,193,100,4,1,3
3005,21,15,1280,0,894,5,5,7,1,1,-70,2,1663,21719,190,100,3,0,0
3004,10,5,768,0,928,3,13,7,1,1,-52,0,1118,10773,178,100,4,0,0
3003,31,30,1792,0,676,7,11,5,1,2,-52,0,477,4367,163,100,1,0,0
3005,9,4,768,0,905,5,11,7,1,1,-52,6,1565,11747,197,100,2,0,0
3004,11,5,768,10,906,9,2,7,1,2,-70,1,1065,9684,192,100,2,0,0
3005,17,12,1280,0,668,3,11,7,1,1,-52,0,834,11436,171,100,2,0,0
3005,12,8,1024,0,669,5,6,7,1,2,-70,1,703,9372,186,100,1,0,0
3006,27,22,1536,0,648,4,8,5,1,1,-52,0,654,6649,170,100,2,0,0
3006,19,13,1280,0,875,7,24,7,1,3,-70,0,904,10032,144,100,4,0,0
3007,25,21,1536,0,932,7,13,7,1,2,-70,0,723,8078,181,100,3,0,0
3006,14,8,1024,0,914,7,14,7,1,2,-70,1,1937,16249,182,100,4,0,0
3007,4,1,512,10,643,7,6,7,2,1,-61,10,2718,14716,200,100,0,0,0
3006,30,24,1536,0,605,8,6,7,1,3,-70,1,1410,13814,181,100,2,0,0
3007,6,5,768,0,684,5,5,5,1,2,-52,0,543,6521,183,100,2,0,0
3007,26,21,1536,10,689,4,5,7,1,1,-52,0,417,7384,182,100,1,0,0
3006,2,3,768,0,701,7,5,5,1,2,-52,0,698,9921,187,100,2,0,0
3006,29,28,1536,0,675,4,8,7,1,1,-52,0,473,7009,178,100,1,0,0
3008,8,4,768,0,631,5,12,7,2,2,-70,10,2839,16834,196,100,1,0,0
3007,3,1,512,20,664,9,5,7,1,1,-76,2,1488,16857,200,100,2,0,0
3007,18,8,1024,0,658,5,11,7,1,1,-95,8,3684,28363,194,100,2,0,0
3008,7,3,768,0,604,9,13,7,1,3,-70,0,937,11304,153,100,2,0,0
3010,13,9,1024,0,827,8,18,7,1,2,-70,1,1348,13582,150,100,4,0,0
3010,21,15,1280,0,897,5,5,7,1,1,-70,2,1382,11882,190,100,2,0,0
3010,23,18,1280,0,597,4,23,7,1,1,-52,0,515,7978,139,100,2,0,0
3011,20,14,1280,0,966,4,11,7,1,1,-70,0,948,8840,182,100,2,0,0
3011,27,22,1536,10,649,4,8,5,1,1,-52,0,272,4204,170,100,0,0,0
3011,16,11,1024,0,936,6,6,7,1,2,-52,0,927,11160,186,100,4,0,0
3012,1,0,256,0,15,0,0,3,0,0,0,10,2611,25226,5363,100,2,0,0
3013,6,5,768,0,686,5,5,5,1,2,-52,0,376,4723,183,100,0,0,0
3011,28,18,1280,0,667,3,4,7,1,1,-95,1,875,12275,185,100,2,0,0
3012,14,8,1024,0,915,7,14,7,1,2,-70,1,768,7856,183,100,2,0,0
3012,22,18,1280,0,644,6,7,7,1,1,-70,1,1097,14002,172,100,2,0,0
3014,10,5,768,0,932,3,13,7,1,1,-52,0,751,8924,178,100,3,0,0
3014,15,9,1024,10,671,5,423,7,1,1,-70,3,1838,17777,193,100,4,1,3
3012,29,28,1536,0,676,4,8,7,1,1,-52,0,490,5789,178,100,2,0,0
3014,19,13,1280,0,878,7,24,7,1,3,-70,0,730,7872,144,100,2,0,0
3015,5,1,512,10,899,8,2,7,1,1,-76,4,3037,26125,201,100,4,0,0
3013,26,21,1536,10,692,4,5,7,1,1,-52,0,761,6997,183,100,2,0,0
3013,17,12,1280,0,671,3,11,7,1,1,-52,0,814,8422,171,100,2,0,0
3013,31,30,1792,0,678,7,11,5,1,2,-52,0,702,9553,164,100,2,0,0
3016,1,0,256,0,15,0,0,3,0,0,0,10,1190,11032,5374,100,0,0,0
3017,11,5,768,0,911,9,2,7,1,2,-70,1,1524,18108,193,100,4,0,0
3016,9,4,768,10,909,5,11,7,1,1,-52,6,3226,24548,198,100,4,0,0
3015,12,8,1024,0,671,5,6,7,1,2,-70,1,1139,15407,187,100,2,0,0
3015,24,18,1280,0,676,5,14,7,1,1,-70,2,2116,16821,177,100,2,0,0
3016,25,21,1536,0,936,7,13,7,1,2,-70,0,904,9780,182,100,4,0,0
3016,30,24,1536,0,611,8,6,7,1,3,-70,1,1604,13799,182,100,2,0,0
3017,13,9,1024,0,829,8,18,7,1,2,-70,1,1024,9848,151,100,3,0,0
3019,10,5,768,0,933,3,13,7,1,1,-52,0,521,5188,179,100,2,0,0
3018,4,1,512,10,649,7,6,7,2,1,-61,10,7521,37443,201,100,2,0,0
3017,18,8,1024,0,663,5,11,7,1,1,-95,8,3451,27828,195,100,2,0,0
3019,27,22,1536,10,649,4,8,5,1,1,-52,0,464,7273,171,100,2,0,0
3018,20,14,1280,0,967,4,11,7,1,1,-70,0,565,6869,183,100,3,0,0
3019,8,4,768,10,633,5,12,7,2,2,-70,10,5053,32155,196,100,2,0,0
3018,2,3,768,0,705,7,5,5,1,2,-52,0,936,11052,188,100,2,0,0
3018,28,18,1280,10,668,3,4,7,1,1,-95,1,755,9528,185,100,1,0,0
3019,3,1,512,0,666,9,5,7,1,1,-76,2,1724,21771,201,100,2,0,0
3019,23,18,1280,0,598,4,23,7,1,1,-52,0,498,8706,140,100,1,0,0
3019,31,30,1792,0,680,7,11,5,1,2,-52,0,501,6040,164,100,1,0,0
3020,9,4,768,0,910,5,11,7,1,1,-52,6,895,8298,198,100,2,0,0
3020,1,0,256,0,15,0,0,3,0,0,0,10,1387,11716,5383,100,1,0,0
3020,19,13,1280,0,881,7,24,7,1,3,-70,0,596,5882,144,100,3,0,0
3021,21,15,1280,0,903,5,5,7,1,1,-70,2,2015,20872,191,100,4,0,0
3020,5,1,512,10,900,8,2,7,1,1,-76,4,1232,14532,201,100,1,0,0
3021,15,9,1024,10,671,5,425,7,1,1,-70,3,1118,11764,194,100,3,1,3
3021,16,11,1024,0,940,6,6,7,1,2,-52,0,880,9199,187,100,4,0,0
3020,17,12,1280,0,672,3,11,7,1,1,-52,0,520,6872,172,100,1,0,0
3020,7,3,768,0,607,9,13,7,1,3,-70,0,935,11812,154,100,2,0,0
3021,24,18,1280,10,679,5,14,7,1,1,-70,2,1061,8775,178,100,1,0,0
3020,26,21,1536,0,696,4,5,7,1,1,-52,0,846,8062,183,100,1,0,0
3020,29,28,1536,10,678,4,8,7,1,1,-52,0,580,7543,179,100,1,0,0
3022,25,21,1536,0,939,7,13,7,1,2,-70,0,682,6561,183,100,2,0,0
3022,14,8,1024,0,915,7,14,7,1,2,-70,1,819,12634,183,100,2,0,0
3024,6,5,768,0,689,5,5,5,1,2,-52,0,829,11259,184,100,2,0,0
3022,30,24,1536,0,612,8,6,7,1,3,-70,1,662,7935,182,100,1,0,0
3022,2,3,768,0,707,8,5,5,1,2,-52,0,624,4990,188,100,1,0,0
3023,28,18,1280,0,668,3,4,7,1,1,-95,1,665,6310,186,100,1,0,0
3024,22,18,1280,0,647,6,7,7,1,1,-70,1,1278,14753,173,100,2,0,0
3024,13,9,1024,0,831,8,18,7,1,2,-70,1,805,9227,151,100,2,0,0
3024,10,5,768,0,935,3,13,7,1,1,-52,0,493,5404,179,100,2,0,0
3024,27,22,1536,0,650,4,8,5,1,1,-52,0,394,5016,171,100,1,0,0
3025,9,4,768,0,914,5,11,7,1,1,-52,6,1861,11230,198,100,1,0,0
3025,18,8,1024,0,663,5,11,7,1,1,-95,8,3124,22966,196,100,2,0,0
3025,5,1,512,0,903,8,2,7,1,1,-76,4,1506,11889,202,100,2,0,0
3025,12,8,1024,10,673,5,6,7,1,2,-70,1,1147,15859,187,100,2,0,0
3025,17,12,1280,0,675,3,11,7,1,1,-52,0,609,5339,172,100,1,0,0
3027,1,0,256,0,15,0,0,3,0,0,0,10,1619,15979,5393,100,1,0,0
3026,3,1,512,0,668,9,5,7,1,1,-76,2,1322,14686,201,100,1,0,0
3026,29,28,1536,0,680,4,8,7,1,1,-52,0,501,6162,179,100,1,0,0
3027,4,1,512,10,652,7,6,7,2,1,-61,10,6317,30066,201,100,2,0,0
3028,11,5,768,10,915,9,2,7,1,2,-70,1,1343,17308,194,100,4,0,0
3027,30,24,1536,10,615,8,6,7,1,3,-70,1,780,6021,183,100,1,0,0
3028,16,11,1024,10,943,6,6,7,1,2,-52,0,601,6609,187,100,2,0,0
3027,7,3,768,0,607,9,13,7,1,3,-70,0,382,6572,154,100,2,0,0
3028,20,14,1280,0,969,4,11,7,1,1,-70,0,543,9308,183,100,2,0,0
3028,25,21,1536,0,942,7,13,7,1,2,-70,0,602,6065,183,100,2,0,0
3029,22,18,1280,10,648,6,7,7,1,1,-70,1,815,7652,174,100,1,0,0
3030,8,4,768,10,636,5,12,7,2,2,-70,10,5180,30713,197,100,2,0,0
3029,14,8,1024,0,917,7,14,7,1,2,-70,1,813,8657,184,100,3,0,0
3030,28,18,1280,0,668,3,4,7,1,1,-95,1,660,8888,186,100,1,0,0
3030,23,18,1280,0,600,4,23,7,1,1,-52,0,702,10281,141,100,2,0,0
3030,12,8,1024,0,676,5,6,7,1,2,-70,1,932,8587,188,100,1,0,0
3032,15,9,1024,0,672,5,427,7,1,1,-70,3,1681,17881,195,100,4,1,3
3032,6,5,768,0,692,5,5,5,1,2,-52,0,726,8152,184,100,2,0,0
3030,31,30,1792,0,683,7,11,5,1,2,-52,0,833,11050,165,100,2,0,0
3032,19,13,1280,0,889,7,24,7,1,3,-70,0,1356,11648,145,100,4,0,0
3032,21,15,1280,0,908,5,5,7,1,1,-70,2,2194,21242,192,100,4,0,0
3033,26,21,1536,0,700,4,5,7,1,1,-52,0,939,11313,184,100,2,0,0
3031,17,12,1280,0,677,3,11,7,1,1,-52,0,557,6659,173,100,1,0,0
3033,24,18,1280,0,684,5,14,7,1,1,-70,2,2054,16754,178,100,3,0,0
3034,8,4,768,0,637,5,12,7,2,2,-70,10,1989,11485,197,100,1,0,0
3033,3,1,512,10,669,9,5,7,1,1,-76,2,906,12306,202,100,1,0,0
3034,13,9,1024,0,833,8,18,7,1,2,-70,1,1207,12016,152,100,4,0,0
3035,16,11,1024,0,946,6,6,7,1,2,-52,0,626,6764,187,100,2,0,0
3034,27,22,1536,0,653,4,8,5,1,1,-52,0,808,10039,172,100,2,0,0
3034,1,0,256,0,15,0,0,3,0,0,0,10,2304,19895,5412,100,2,0,0
3034,10,5,768,0,940,3,13,7,1,1,-52,0,1015,10615,180,100,3,0,0
3034,18,8,1024,0,663,5,11,7,1,1,-95,8,2548,22886,196,100,1,0,0
3034,20,14,1280,0,971,4,11,7,1,1,-70,0,648,6681,184,100,3,0,0
3033,11,5,768,10,918,9,2,7,1,2,-70,1,1261,11613,194,100,3,0,0
3036,25,21,1536,0,945,7,13,7,1,2,-70,0,602,6415,183,100,2,0,0
3034,2,3,768,0,708,8,5,5,1,2,-52,0,615,11217,189,100,2,0,0
3035,30,24,1536,0,618,8,6,7,1,3,-70,1,1021,10765,183,100,1,0,0
3034,6,5,768,0,693,5,5,5,1,2,-52,0,366,4071,184,100,1,0,0
3034,7,3,768,0,608,9,13,7,1,3,-70,0,471,6860,155,100,1,0,0
3036,9,4,768,10,917,5,11,7,1,1,-52,6,2720,22570,199,100,3,0,0
3036,4,1,512,10,652,7,6,7,2,1,-61,10,6253,30304,202,100,2,0,0
3036,14,8,1024,0,918,7,14,7,1,2,-70,1,878,8623,184,100,2,0,0
3035,29,28,1536,0,683,4,8,7,1,1,-52,0,784,9202,180,100,2,0,0
3036,5,1,512,0,905,8,2,7,1,1,-76,4,2888,25924,202,100,4,0,0
3037,23,18,1280,0,602,4,23,7,1,1,-52,0,623,7179,141,100,2,0,0
3037,17,12,1280,0,679,3,11,7,1,1,-52,0,501,5064,173,100,1,0,0
3037,31,30,1792,0,685,7,11,5,1,2,-52,0,502,6207,165,100,1,0,0
3037,19,13,1280,0,890,7,24,7,1,3,-70,0,452,5708,146,100,1,0,0
3037,28,18,1280,10,670,3,4,7,1,1,-95,1,1040,10211,187,100,2,0,0
3037,11,5,768,0,919,9,2,7,1,2,-70,1,537,6768,194,100,2,0,0
3038,24,18,1280,0,686,5,14,7,1,1,-70,2,984,7566,179,100,1,0,0
3038,22,18,1280,0,650,6,7,7,1,1,-70,1,969,12161,174,100,2,0,0
3040,8,4,768,0,637,5,12,7,2,2,-70,10,2935,17154,198,100,1,0,0
3040,16,11,1024,0,947,6,6,7,1,2,-52,0,443,5606,188,100,2,0,0
3039,26,21,1536,0,702,4,5,7,1,1,-52,0,678,7884,185,100,2,0,0
3040,20,14,1280,0,973,4,11,7,1,1,-70,0,495,5149,184,100,2,0,0
3040,3,1,512,0,672,9,5,7,1,1,-76,2,1322,14100,202,100,1,0,0
3040,10,5,768,0,943,3,13,7,1,1,-52,0,596,6249,180,100,3,0,0
3042,15,9,1024,10,673,5,429,7,1,1,-70,3,1786,17188,195,100,4,1,3
3041,12,8,1024,0,679,5,6,7,1,2,-70,1,1520,17144,188,100,1,0,0
3042,1,0,256,0,15,0,0,3,0,0,0,10,1972,19450,5423,100,1,0,0
3041,23,18,1280,0,604,4,23,7,1,1,-52,0,533,4635,142,100,1,0,0
3041,25,21,1536,0,948,7,13,7,1,2,-70,0,658,6505,184,100,2,0,0
3042,29,28,1536,0,683,4,8,7,1,1,-52,0,286,5112,180,100,1,0,0
3042,2,3,768,0,710,8,5,5,1,2,-52,0,522,7518,189,100,1,0,0
3043,5,1,512,10,911,8,2,7,1,1,-76,4,1877,15412,203,100,2,0,0
3043,18,8,1024,30,666,5,11,7,1,1,-95,8,3675,26209,197,100,2,0,0
3044,21,15,1280,0,912,5,5,7,1,1,-70,2,2183,22351,192,100,4,0,0
3042,6,5,768,0,695,5,5,5,1,2,-52,0,577,8333,185,100,1,0,0
3044,13,9,1024,0,836,8,18,7,1,2,-70,1,1062,12965,152,100,3,0,0
3042,31,30,1792,10,686,7,11,5,1,2,-52,0,394,5023,166,100,1,0,0
3043,7,3,768,0,609,9,13,7,1,3,-70,0,512,8363,155,100,2,0,0
3043,17,12,1280,0,682,3,11,7,1,1,-52,0,674,7046,173,100,1,0,0
3043,22,18,1280,10,652,6,7,7,1,1,-70,1,763,7432,175,100,1,0,0
3044,27,22,1536,0,654,4,8,5,1,1,-52,0,498,9031,173,100,1,0,0
3045,30,24,1536,0,619,8,6,7,1,3,-70,1,1226,13430,184,100,2,0,0
3045,14,8,1024,0,923,7,14,7,1,2,-70,1,1232,12418,185,100,4,0,0
3046,4,1,512,0,654,7,6,7,2,1,-61,10,6795,34236,202,100,2,0,0
3047,15,9,1024,0,673,5,431,7,1,1,-70,3,1004,9663,196,100,3,1,3
3046,20,14,1280,0,975,4,11,7,1,1,-70,0,545,6338,185,100,3,0,0
3047,19,13,1280,10,893,7,24,7,1,3,-70,0,717,9083,146,100,4,0,0
3047,1,0,256,0,15,0,0,3,0,0,0,10,1707,14289,5437,100,1,0,0
3047,8,4,768,10,638,5,12,7,2,2,-70,10,3770,22707,198,100,1,0,0
3046,31,30,1792,0,687,7,11,5,1,2,-52,0,427,4417,166,100,1,0,0
3048,9,4,768,0,921,5,11,7,1,1,-52,6,3426,26166,200,100,6,0,0
3048,18,8,1024,10,666,5,11,7,1,1,-95,8,1752,13368,197,100,1,0,0
3048,24,18,1280,0,690,5,14,7,1,1,-70,2,1587,14272,179,100,1,0,0
3048,21,15,1280,10,913,5,5,7,1,1,-70,2,673,8962,193,100,2,0,0
3048,28,18,1280,0,673,3,4,7,1,1,-95,1,1166,13538,187,100,2,0,0
3047,11,5,768,0,923,9,2,7,1,2,-70,1,1224,15751,195,100,3,0,0
3048,12,8,1024,0,680,5,6,7,1,2,-70,1,959,12203,189,100,2,0,0
3047,26,21,1536,10,704,4,5,7,1,1,-52,0,500,7714,185,100,1,0,0
3049,10,5,768,10,949,3,13,7,1,1,-52,0,918,9039,181,100,2,0,0
3049,16,11,1024,20,951,6,6,7,1,2,-52,0,786,9028,189,100,4,0,0
3050,23,18,1280,0,609,4,23,7,1,1,-52,0,846,8654,142,100,1,0,0
3050,27,22,1536,10,658,4,8,5,1,1,-52,0,708,6437,173,100,2,0,0
3051,3,1,512,0,674,9,5,7,1,1,-76,2,1584,19387,203,100,2,0,0
3050,6,5,768,0,697,5,5,5,1,2,-52,0,521,6675,185,100,1,0,0
3051,4,1,512,10,655,7,6,7,2,1,-61,10,3365,16222,203,100,1,0,0
3051,14,8,1024,0,923,7,14,7,1,2,-70,1,648,7355,185,100,1,0,0
3052,29,28,1536,0,685,4,8,7,1,1,-52,0,701,10122,181,100,2,0,0
3052,26,21,1536,0,706,4,5,7,1,1,-52,0,501,4423,185,100,1,0,0
3053,5,1,512,0,916,8,2,7,1,1,-76,4,2817,22455,203,100,4,0,0
3052,13,9,1024,20,839,8,18,7,1,2,-70,1,1025,11294,153,100,3,0,0
3054,8,4,768,0,638,5,12,7,2,2,-70,10,2576,16574,199,100,2,0,0
3052,2,3,768,0,713,8,5,5,1,2,-52,0,805,10243,190,100,2,0,0
3052,31,30,1792,0,688,7,11,5,1,2,-52,0,394,5581,166,100,1,0,0
3054,1,0,256,0,15,0,0,3,0,0,0,10,1865,17654,5451,100,1,0,0
3054,19,13,1280,0,898,7,24,7,1,3,-70,0,891,7216,147,100,3,0,0
3054,10,5,768,0,952,3,13,7,1,1,-52,0,684,5121,181,100,2,0,0
3055,9,4,768,30,924,5,11,7,1,1,-52,6,1948,15497,200,100,2,0,0
3053,7,3,768,10,611,9,13,7,1,3,-70,0,699,10001,156,100,2,0,0
3053,25,21,1536,0,952,7,13,7,1,2,-70,0,928,11215,185,100,4,0,0
3054,12,8,1024,10,682,5,6,7,1,2,-70,1,588,8457,189,100,1,0,0
3054,15,9,1024,0,676,5,433,7,1,1,-70,3,1680,12881,196,100,4,1,3
3055,17,12,1280,0,684,3,11,7,1,1,-52,0,703,10586,174,100,2,0,0
3054,22,18,1280,10,656,6,7,7,1,1,-70,1,1449,14250,175,100,2,0,0
3056,30,24,1536,0,622,8,6,7,1,3,-70,1,1233,13236,184,100,2,0,0
3056,18,8,1024,10,668,5,11,7,1,1,-95,8,2830,22919,198,100,1,0,0
3055,20,14,1280,10,980,4,11,7,1,1,-70,0,924,9463,185,100,3,0,0
3057,3,1,512,0,677,9,5,7,1,1,-76,2,1165,12532,203,100,1,0,0
3057,13,9,1024,0,841,8,18,7,1,2,-70,1,959,6752,153,100,3,0,0
3056,11,5,768,0,928,9,2,7,1,2,-70,1,1402,13711,196,100,4,0,0
3058,4,1,512,10,656,7,6,7,2,1,-61,10,4043,20038,203,100,1,0,0
3056,31,30,1792,0,689,7,11,5,1,2,-52,0,370,4292,166,100,1,0,0
3058,24,18,1280,0,692,5,14,7,1,1,-70,2,1641,14424,180,100,2,0,0
3059,1,0,256,0,15,0,0,3,0,0,0,10,1296,12107,5458,100,1,0,0
3058,29,28,1536,0,686,4,8,7,1,1,-52,0,394,5643,181,100,1,0,0
3059,12,8,1024,0,682,5,6,7,1,2,-70,1,639,8199,190,100,1,0,0
3059,28,18,1280,0,676,3,4,7,1,1,-95,1,1371,14752,188,100,2,0,0
3059,21,15,1280,0,919,5,5,7,1,1,-70,2,2271,22181,194,100,4,0,0
3061,16,11,1024,0,956,6,6,7,1,2,-52,0,1142,11324,189,100,4,0,0
3060,25,21,1536,0,956,7,13,7,1,2,-70,0,801,6914,185,100,4,0,0
3060,14,8,1024,0,927,7,14,7,1,2,-70,1,1353,12954,186,100,4,0,0
3060,6,5,768,0,699,5,5,5,1,2,-52,0,764,10022,186,100,2,0,0
3061,26,21,1536,0,710,4,5,7,1,1,-52,0,784,9195,186,100,2,0,0
3061,9,4,768,20,927,5,11,7,1,1,-52,6,2455,16633,201,100,2,0,0
3063,2,3,768,0,715,8,5,5,1,2,-52,0,675,8331,191,100,2,0,0
3061,27,22,1536,10,663,4,8,5,1,1,-52,0,940,10858,174,100,2,0,0
3062,23,18,1280,0,613,4,23,7,1,1,-52,0,940,12017,143,100,2,0,0
3062,19,13,1280,0,901,7,24,7,1,3,-70,0,752,8095,147,100,2,0,0
3063,5,1,512,10,919,8,2,7,1,1,-76,4,2228,22098,204,100,3,0,0
3062,13,9,1024,0,841,8,18,7,1,2,-70,1,557,6287,154,100,1,0,0
3063,29,28,1536,0,687,4,8,7,1,1,-52,0,328,4376,182,100,0,0,0
3063,8,4,768,10,643,5,12,7,2,2,-70,10,5052,29243,199,100,1,0,0
3063,18,8,1024,0,670,5,11,7,1,1,-95,8,2964,21072,198,100,2,0,0
3065,3,1,512,0,678,9,5,7,1,1,-76,2,1189,13809,204,100,2,0,0
3064,15,9,1024,0,679,5,435,7,1,1,-70,3,1725,16696,197,100,3,1,3
3062,22,18,1280,20,659,6,7,7,1,1,-70,1,1029,10905,176,100,1,0,0
3064,28,18,1280,0,678,3,4,7,1,1,-95,1,833,7016,188,100,1,0,0
3065,30,24,1536,10,622,8,6,7,1,3,-70,1,989,11870,185,100,2,0,0
3064,10,5,768,10,955,3,13,7,1,1,-52,0,865,10358,182,100,4,0,0
3066,7,3,768,0,613,9,13,7,1,3,-70,0,726,10567,157,100,2,0,0
3065,20,14,1280,10,984,4,12,7,1,1,-70,0,812,9000,186,100,4,0,0
3064,31,30,1792,0,691,7,11,5,1,2,-52,0,581,7243,167,100,1,0,0
3067,13,9,1024,0,842,8,18,7,1,2,-70,1,475,5627,154,100,2,0,0
3067,5,1,512,10,922,8,2,7,1,1,-76,4,1087,10028,204,100,1,0,0
3067,24,18,1280,0,694,5,14,7,1,1,-70,2,1118,11669,181,100,2,0,0
3067,1,0,256,0,15,0,0,3,0,0,0,10,2426,21275,5477,100,2,0,0
3066,17,12,1280,0,689,3,11,7,1,1,-52,0,1048,11988,175,100,2,0,0
3067,27,22,1536,0,665,4,8,5,1,1,-52,0,706,6547,174,100,2,0,0
3069,3,1,512,0,679,9,5,7,1,1,-76,2,745,8390,204,100,1,0,0
3069,4,1,512,10,659,7,6,7,2,1,-61,10,7318,37054,204,100,2,0,0
3069,16,11,1024,0,960,6,6,7,1,2,-52,0,887,8264,190,100,3,0,0
3069,9,4,768,10,930,5,11,7,1,1,-52,6,2040,16707,201,100,3,0,0
3069,11,5,768,0,932,9,2,7,1,2,-70,1,1616,18807,196,100,3,0,0
3070,25,21,1536,0,962,7,14,7,1,2,-70,0,1055,10050,186,100,3,0,0
3070,10,5,768,0,956,3,13,7,1,1,-52,0,394,5214,182,100,1,0,0
3069,31,30,1792,0,694,7,11,5,1,2,-52,0,578,5097,167,100,2,0,0
3070,21,15,1280,0,924,5,5,7,1,1,-70,2,2148,20651,194,100,3,0,0
3071,30,24,1536,0,624,8,6,7,1,3,-70,1,919,7842,185,100,2,0,0
3071,19,13,1280,0,906,7,24,7,1,3,-70,0,1077,9369,148,100,3,0,0
3071,13,9,1024,0,844,8,18,7,1,2,-70,1,862,7124,154,100,0,0,0
3071,6,5,768,0,703,5,5,5,1,2,-52,0,913,10025,187,100,2,0,0
3070,20,14,1280,0,986,4,12,7,1,1,-70,0,609,5659,186,100,1,0,0
3070,22,18,1280,0,661,6,7,7,1,1,-70,1,984,10166,176,100,1,0,0
3070,26,21,1536,0,714,4,5,7,1,1,-52,0,812,10360,187,100,2,0,0
3071,12,8,1024,0,685,5,6,7,1,2,-70,1,1335,18587,190,100,2,0,0
3072,23,18,1280,10,615,4,23,7,1,1,-52,0,641,9342,144,100,3,0,0
3072,14,8,1024,0,930,7,14,7,1,2,-70,1,1478,15551,187,100,4,0,0
3074,7,3,768,0,614,9,13,7,1,3,-70,0,416,7603,157,100,1,0,0
3074,2,3,768,10,720,8,5,5,1,2,-52,0,880,10814,191,100,2,0,0
3074,18,8,1024,10,675,5,11,7,1,1,-95,8,4097,30889,199,100,2,0,0
3075,3,1,512,0,679,9,5,7,1,1,-76,2,813,10546,204,100,1,0,0
3073,27,22,1536,0,666,4,8,5,1,1,-52,0,393,5533,174,100,1,0,0
3075,5,1,512,20,927,8,2,7,1,1,-76,4,2329,19522,205,100,3,0,0
3075,15,9,1024,30,682,5,438,7,1,1,-70,3,1830,18359,198,100,7,1,3
3075,29,28,1536,0,693,4,8,7,1,1,-52,0,1392,11998,182,100,5,0,0
3075,16,11,1024,0,962,6,6,7,1,2,-52,0,494,6120,190,100,2,0,0
3075,8,4,768,0,643,5,12,7,2,2,-70,10,5482,33737,200,100,3,0,0
3074,17,12,1280,0,691,3,11,7,1,1,-52,0,624,7816,175,100,2,0,0
3076,1,0,256,0,15,0,0,3,0,0,0,10,2357,22184,5493,100,1,0,0
3076,4,1,512,20,660,7,6,7,2,1,-61,10,5203,24187,204,100,1,0,0
3074,25,21,1536,10,966,7,14,7,1,2,-70,0,580,4661,186,100,2,0,0
3075,24,18,1280,10,696,5,14,7,1,1,-70,2,1229,11178,181,100,3,0,0
3076,28,18,1280,0,679,3,4,7,1,1,-95,1,1082,14671,189,100,2,0,0
3075,21,15,1280,0,927,5,5,7,1,1,-70,2,1280,11421,195,100,2,0,0
3076,26,21,1536,0,715,4,5,7,1,1,-52,0,388,4667,187,100,2,0,0
3076,11,5,768,10,937,9,2,7,1,2,-70,1,1110,11794,197,100,2,0,0
3076,13,9,1024,0,846,8,18,7,1,2,-70,1,632,6636,155,100,3,0,0
3076,30,24,1536,0,625,8,6,7,1,3,-70,1,704,8476,186,100,2,0,0
3076,12,8,1024,10,690,5,6,7,1,2,-70,1,1066,9651,191,100,1,0,0
3078,7,3,768,0,615,9,13,7,1,3,-70,0,423,4432,158,100,1,0,0
3077,14,8,1024,10,934,7,14,7,1,2,-70,1,728,6839,187,100,2,0,0
3078,31,30,1792,0,699,7,11,5,1,2,-52,0,1124,9680,168,100,3,0,0
3078,17,12,1280,0,692,3,11,7,1,1,-52,0,329,4499,176,100,0,0,0
3079,5,1,512,0,930,8,2,7,1,1,-76,4,1305,11141,205,100,2,0,0
3079,9,4,768,20,934,5,11,7,1,1,-52,6,3136,22038,202,100,3,0,0
3079,3,1,512,10,681,9,5,7,1,1,-76,2,1124,11116,205,100,1,0,0
3080,15,9,1024,0,684,5,439,7,1,1,-70,3,1339,9929,198,100,3,1,3
3080,19,13,1280,0,911,7,24,7,1,3,-70,0,956,9719,148,100,4,0,0
3081,4,1,512,10,660,7,6,7,2,1,-61,10,3307,17358,205,100,1,0,0
3081,6,5,768,0,705,5,5,5,1,2,-52,0,643,9480,187,100,2,0,0
3080,25,21,1536,0,967,7,14,7,1,2,-70,0,576,6554,187,100,2,0,0
3082,2,3,768,0,723,8,5,5,1,2,-52,0,793,8214,192,100,1,0,0
3081,23,18,1280,0,618,4,23,7,1,1,-52,0,804,9103,144,100,3,0,0
3080,10,5,768,10,959,3,13,7,1,1,-52,0,795,10577,183,100,4,0,0
3081,22,18,1280,0,665,6,7,7,1,1,-70,1,1425,14949,177,100,2,0,0
3082,20,14,1280,0,989,4,12,7,1,1,-70,0,821,11733,187,100,4,0,0
3083,18,8,1024,0,676,5,11,7,1,1,-95,8,2881,25412,199,100,1,0,0
3083,14,8,1024,0,935,7,14,7,1,2,-70,1,769,7924,187,100,1,0,0
3084,1,0,256,0,15,0,0,3,0,0,0,10,2249,21354,5510,100,2,0,0
3085,7,3,768,0,616,9,13,7,1,3,-70,0,391,6108,158,100,1,0,0
3085,16,11,1024,0,968,6,6,7,1,2,-52,0,1123,10382,191,100,3,0,0
3085,3,1,512,0,681,9,5,7,1,1,-76,2,842,9965,205,100,1,0,0
3085,21,15,1280,0,928,5,6,7,1,1,-70,2,1370,15948,195,100,4,0,0
3085,12,8,1024,0,693,5,6,7,1,2,-70,1,1239,13429,191,100,1,0,0
3084,27,22,1536,10,667,4,8,5,1,1,-52,0,594,9584,175,100,2,0,0
3086,26,21,1536,0,717,4,5,7,1,1,-52,0,671,9050,188,100,3,0,0
3085,24,18,1280,20,700,5,14,7,1,1,-70,2,1450,13616,182,100,3,0,0
3086,13,9,1024,0,848,8,18,7,1,2,-70,1,1055,12341,155,100,3,0,0
3087,11,5,768,0,943,9,2,7,1,2,-70,1,1698,16816,197,100,4,0,0
3084,30,24,1536,0,627,8,6,7,1,3,-70,1,876,10375,186,100,1,0,0
3086,9,4,768,0,935,5,11,7,1,1,-52,6,1946,15036,202,100,3,0,0
3085,28,18,1280,0,683,3,4,7,1,1,-95,1,1197,13260,190,100,1,0,0
3087,8,4,768,10,645,5,12,7,2,2,-70,10,5139,32575,201,100,2,0,0
3085,29,28,1536,0,700,4,8,7,1,1,-52,0,1262,12056,183,100,2,0,0
3087,10,5,768,0,960,3,13,7,1,1,-52,0,412,6321,183,100,2,0,0
3087,19,13,1280,0,912,7,24,7,1,3,-70,0,468,7209,149,100,2,0,0
3089,6,5,768,0,707,5,5,5,1,2,-52,0,577,7832,188,100,1,0,0
3087,23,18,1280,0,620,4,23,7,1,1,-52,0,551,5911,145,100,2,0,0
3088,20,14,1280,0,992,4,12,7,1,1,-70,0,603,5917,187,100,2,0,0
3090,2,3,768,0,725,8,5,5,1,2,-52,0,618,7182,192,100,2,0,0
3090,5,1,512,0,932,8,2,7,1,1,-76,4,2592,23474,206,100,3,0,0
3087,31,30,1792,0,703,7,11,5,1,2,-52,0,855,9440,168,100,3,0,0
3088,17,12,1280,10,698,3,11,7,1,1,-52,0,1074,10513,176,100,2,0,0
3089,24,18,1280,10,700,5,14,7,1,1,-70,2,842,6681,182,100,1,0,0
3090,9,4,768,0,938,5,11,7,1,1,-52,6,1343,10068,203,100,1,0,0
3091,1,0,256,0,15,0,0,3,0,0,0,10,2047,18479,5524,100,1,0,0
3088,30,24,1536,0,627,8,6,7,1,3,-70,1,623,6149,187,100,1,0,0
3091,18,8,1024,20,678,5,11,7,1,1,-95,8,3167,22512,200,100,2,0,0
3091,4,1,512,30,662,7,6,7,2,1,-61,10,7050,34763,205,100,2,0,0
3091,15,9,1024,0,688,5,442,7,1,1,-70,3,1981,19589,199,100,6,1,3
3092,11,5,768,0,945,9,2,7,1,2,-70,1,666,7939,198,100,2,0,0
3089,22,18,1280,0,666,6,7,7,1,1,-70,1,989,10517,178,100,2,0,0
3092,19,13,1280,0,916,7,24,7,1,3,-70,0,685,4680,149,100,2,0,0
3092,13,9,1024,0,852,8,18,7,1,2,-70,1,1244,8864,156,100,2,0,0
3091,23,18,1280,0,623,4,23,7,1,1,-52,0,584,4726,145,100,1,0,0
3092,12,8,1024,0,695,6,6,7,1,2,-70,1,1090,11889,192,100,2,0,0
3091,27,22,1536,0,670,4,8,5,1,1,-52,0,688,7636,176,100,1,0,0
3091,21,15,1280,0,933,5,6,7,1,1,-70,2,1246,14334,196,100,3,0,0
3093,25,21,1536,10,971,7,14,7,1,2,-70,0,849,11281,187,100,4,0,0
3094,3,1,512,10,685,9,5,7,1,1,-76,2,1496,16970,206,100,1,0,0
3093,14,8,1024,0,939,7,14,7,1,2,-70,1,1347,13019,188,100,4,0,0
3094,7,3,768,0,618,9,13,7,1,3,-70,0,699,9072,159,100,2,0,0
3093,20,14,1280,0,993,4,12,7,1,1,-70,0,420,4524,188,100,2,0,0
3092,28,18,1280,10,685,3,4,7,1,1,-95,1,989,8674,190,100,2,0,0
3095,5,1,512,10,936,8,2,7,1,1,-76,4,1195,11630,206,100,3,0,0
3093,31,30,1792,0,706,7,11,5,1,2,-52,0,640,5432,169,100,1,0,0
3094,26,21,1536,10,722,4,5,7,1,1,-52,0,839,8466,188,100,2,0,0
3095,18,8,1024,10,679,5,11,7,1,1,-95,8,1890,14020,200,100,1,0,0
3096,8,4,768,0,649,5,12,7,2,2,-70,10,5101,28023,202,100,1,0,0
3096,23,18,1280,0,624,4,23,7,1,1,-52,0,370,4102,145,100,1,0,0
3096,19,13,1280,0,917,7,24,7,1,3,-70,0,364,4751,149,100,2,0,0
3096,22,18,1280,0,667,6,7,7,1,1,-70,1,688,8455,178,100,1,0,0
3097,24,18,1280,0,701,5,14,7,1,1,-70,2,788,9578,182,100,1,0,0
3097,16,11,1024,0,974,6,6,7,1,2,-52,0,1137,12161,192,100,5,0,0
3097,2,3,768,0,728,8,5,5,1,2,-52,0,684,8076,193,100,1,0,0
3098,15,9,1024,10,690,5,444,7,1,1,-70,3,1455,11509,199,100,4,1,3
3096,29,28,1536,0,707,4,8,7,1,1,-52,0,1125,10852,184,100,3,0,0
3098,25,21,1536,0,972,7,14,7,1,2,-70,0,446,4878,188,100,2,0,0
3097,17,12,1280,0,699,3,11,7,1,1,-52,0,598,8582,177,100,2,0,0
3097,30,24,1536,20,628,8,6,7,1,3,-70,1,915,11203,187,100,3,0,0
3097,31,30,1792,0,707,7,11,5,1,2,-52,0,370,4123,169,100,1,0,0
3099,5,1,512,10,937,8,2,7,1,1,-76,4,850,9494,206,100,0,0,0
3100,7,3,768,0,619,9,13,7,1,3,-70,0,391,5572,159,100,1,0,0
3100,9,4,768,0,940,5,11,7,1,1,-52,6,2876,19254,203,100,3,0,0
3098,10,5,768,0,963,3,13,7,1,1,-52,0,795,11594,184,100,4,0,0
3100,11,5,768,0,949,9,2,7,1,2,-70,1,1244,12705,198,100,3,0,0
3100,18,8,1024,0,681,5,11,7,1,1,-95,8,1687,11885,200,100,0,0,0
3100,3,1,512,0,686,9,5,7,1,1,-76,2,1124,12785,206,100,1,0,0
3099,14,8,1024,0,942,7,14,7,1,2,-70,1,926,9424,188,100,2,0,0
3101,6,5,768,0,710,5,5,5,1,2,-52,0,829,11684,189,100,2,0,0
3100,12,8,1024,0,695,6,6,7,1,2,-70,1,699,12034,192,100,1,0,0
3099,20,14,1280,10,996,4,12,7,1,1,-70,0,602,6468,188,100,2,0,0
3101,24,18,1280,0,701,5,14,7,1,1,-70,2,805,6771,183,100,1,0,0
3102,4,1,512,10,664,7,6,7,2,1,-61,10,7372,35151,206,100,2,0,0
3102,21,15,1280,0,938,5,6,7,1,1,-70,2,2057,20148,196,100,4,0,0
3103,1,0,256,0,15,0,0,3,0,0,0,10,3250,30345,5545,100,2,0,0
3103,13,9,1024,10,858,8,18,7,1,2,-70,1,1642,15125,156,100,4,0,0
3103,23,18,1280,0,625,4,23,7,1,1,-52,0,474,7418,146,100,1,0,0
3103,26,21,1536,0,725,4,5,7,1,1,-52,0,809,9949,189,100,2,0,0
3104,30,24,1536,0,628,8,6,7,1,3,-70,1,611,7141,188,100,1,0,0
3105,7,3,768,0,621,9,13,7,1,3,-70,0,474,5508,159,100,1,0,0
3104,14,8,1024,0,947,7,14,7,1,2,-70,1,1144,7258,189,100,2,0,0
3103,17,12,1280,0,701,3,11,7,1,1,-52,0,501,6360,177,100,1,0,0
3104,25,21,1536,0,975,7,14,7,1,2,-70,0,699,6516,188,100,3,0,0
3104,18,8,1024,40,684,5,11,7,1,1,-95,8,1899,13733,201,100,1,0,0
3103,28,18,1280,0,691,3,4,7,1,1,-95,1,1563,15558,191,100,2,0,0
3104,20,14,1280,0,1000,4,12,7,1,1,-70,0,710,5701,188,100,2,0,0
3105,19,13,1280,0,923,8,24,7,1,3,-70,0,1107,9744,150,100,2,0,0
3104,22,18,1280,10,668,6,7,7,1,1,-70,1,734,9698,179,100,1,0,0
3103,27,22,1536,0,672,4,8,5,1,1,-52,0,725,10860,177,100,2,0,0
3108,16,11,1024,0,978,6,6,7,1,2,-52,0,855,9874,192,100,3,0,0
3107,2,3,768,0,732,8,5,5,1,2,-52,0,856,9730,193,100,2,0,0
3108,5,1,512,0,940,8,2,7,1,1,-76,4,2245,20350,207,100,4,0,0
3107,8,4,768,0,651,5,12,7,2,2,-70,10,5861,32599,202,100,2,0,0
3108,15,9,1024,0,695,5,446,7,1,1,-70,3,2159,18840,200,100,3,1,3
3107,31,30,1792,0,713,7,11,5,1,2,-52,0,1017,9873,170,100,3,0,0
3108,29,28,1536,0,707,4,8,7,1,1,-52,0,416,10620,185,100,1,0,0
3110,11,5,768,0,954,9,2,7,1,2,-70,1,1319,15289,199,100,3,0,0
3109,22,18,1280,0,669,6,7,7,1,1,-70,1,609,6380,179,100,1,0,0
3110,9,4,768,10,945,6,11,7,1,1,-52,6,3114,22290,204,100,4,0,0
3109,21,15,1280,0,942,5,6,7,1,1,-70,2,1435,13986,197,100,2,0,0
3109,10,5,768,0,967,3,13,7,1,1,-52,0,927,10946,185,100,4,0,0
3110,18,8,1024,0,685,5,11,7,1,1,-95,8,2001,15805,201,100,1,0,0
3110,24,18,1280,10,704,5,14,7,1,1,-70,2,1379,12305,183,100,3,0,0
3111,19,13,1280,0,925,8,24,7,1,3,-70,0,472,5109,150,100,2,0,0
3111,27,22,1536,0,673,4,8,5,1,1,-52,0,418,7128,177,100,1,0,0
3111,3,1,512,0,690,9,5,7,1,1,-76,2,1883,21090,207,100,2,0,0
3112,6,5,768,0,711,5,5,5,1,2,-52,0,592,10119,190,100,2,0,0
3110,12,8,1024,10,695,6,6,7,1,2,-70,1,988,15857,193,100,2,0,0
3111,30,24,1536,0,631,8,6,7,1,3,-70,1,1239,10214,188,100,1,0,0
3111,17,12,1280,0,703,3,11,7,1,1,-52,0,581,7569,178,100,1,0,0
3112,4,1,512,10,666,7,6,7,2,1,-61,10,7337,35856,207,100,2,0,0
3112,23,18,1280,0,628,4,23,7,1,1,-52,0,632,8171,146,100,1,0,0
3113,16,11,1024,0,980,6,6,7,1,2,-52,0,550,6144,193,100,2,0,0
3113,8,4,768,10,652,5,12,7,2,2,-70,10,2758,17705,203,100,1,0,0
3113,14,8,1024,0,951,7,14,7,1,2,-70,1,1321,11772,189,100,4,0,0
3113,22,18,1280,0,670,6,7,7,1,1,-70,1,632,6462,179,100,1,0,0
3114,1,0,256,0,15,0,0,3,0,0,0,10,3079,28423,5568,100,2,0,0
3114,13,9,1024,0,861,8,18,7,1,2,-70,1,1513,14916,157,100,3,0,0
3115,7,3,768,0,623,9,13,7,1,3,-70,0,602,9031,160,100,1,0,0
3115,9,4,768,20,949,6,11,7,1,1,-52,6,1590,11291,204,100,2,0,0
3113,31,30,1792,0,716,7,11,5,1,2,-52,0,609,6441,170,100,1,0,0
3114,10,5,768,0,969,3,13,7,1,1,-52,0,476,5035,185,100,1,0,0
3114,28,18,1280,0,692,3,4,7,1,1,-95,1,1008,14062,192,100,2,0,0
3113,26,21,1536,10,728,4,5,7,1,1,-52,0,808,10220,190,100,2,0,0
3116,6,5,768,0,711,5,5,5,1,2,-52,0,260,3745,190,100,1,0,0
3116,3,1,512,0,690,9,5,7,1,1,-76,2,609,8123,207,100,1,0,0
3114,25,21,1536,0,982,7,14,7,1,2,-70,0,1255,11880,189,100,3,0,0
3115,18,8,1024,10,686,5,11,7,1,1,-95,8,2030,15502,201,100,1,0,0
3116,15,9,1024,0,697,5,448,7,1,1,-70,3,1448,14087,200,100,4,1,3
3117,5,1,512,0,944,9,2,7,1,1,-76,4,2447,20851,208,100,3,0,0
3115,20,14,1280,10,1006,4,12,7,1,1,-70,0,1149,11254,189,100,3,0,0
3116,19,13,1280,0,928,8,24,7,1,3,-70,0,658,5522,151,100,2,0,0
3118,11,5,768,10,958,9,2,7,1,2,-70,1,1210,12380,199,100,4,0,0
3117,21,15,1280,0,943,5,6,7,1,1,-70,2,1373,15967,197,100,3,0,0
3118,16,11,1024,0,981,6,6,7,1,2,-52,0,266,3982,193,100,1,0,0
3116,27,22,1536,0,675,4,8,5,1,1,-52,0,556,6998,178,100,1,0,0
3118,2,3,768,0,735,8,5,5,1,2,-52,0,829,11333,194,100,2,0,0
3119,4,1,512,10,666,7,6,7,2,1,-61,10,4154,21074,207,100,1,0,0
3119,8,4,768,20,656,5,12,7,2,2,-70,10,2887,16696,203,100,1,0,0
3119,9,4,768,10,951,6,11,7,1,1,-52,6,1637,10754,205,100,2,0,0
3118,24,18,1280,0,705,5,14,7,1,1,-70,2,1143,11736,184,100,1,0,0
3118,12,8,1024,10,698,6,6,7,1,2,-70,1,955,12410,193,100,1,0,0
3119,13,9,1024,0,863,8,18,7,1,2,-70,1,768,6595,158,100,2,0,0
3118,29,28,1536,0,707,4,8,7,1,1,-52,0,529,9814,185,100,3,0,0
3118,17,12,1280,0,705,3,11,7,1,1,-52,0,622,7306,178,100,2,0,0
3118,23,18,1280,0,630,4,23,7,1,1,-52,0,654,6903,147,100,2,0,0
3118,30,24,1536,0,634,8,6,7,1,3,-70,1,1202,11513,189,100,2,0,0
3121,5,1,512,0,945,9,2,7,1,1,-76,4,1321,11908,208,100,0,0,0
3122,7,3,768,0,626,9,13,7,1,3,-70,0,726,7409,160,100,2,0,0
3120,20,14,1280,0,1009,4,12,7,1,1,-70,0,582,4531,189,100,2,0,0
3120,25,21,1536,0,983,7,14,7,1,2,-70,0,390,5231,189,100,2,0,0
3120,31,30,1792,0,718,7,11,5,1,2,-52,0,581,6985,171,100,1,0,0
3121,26,21,1536,0,728,4,5,7,1,1,-52,0,409,7077,190,100,2,0,0
3123,19,13,1280,0,932,8,24,7,1,3,-70,0,703,6634,151,100,3,0,0
3123,24,18,1280,10,705,5,14,7,1,1,-70,2,661,5775,184,100,1,0,0
3123,14,8,1024,0,955,7,14,7,1,2,-70,1,1600,14182,190,100,3,0,0
3124,11,5,768,0,960,9,2,7,1,2,-70,1,817,10463,200,100,2,0,0
3124,22,18,1280,0,671,6,7,7,1,1,-70,1,1065,13610,180,100,2,0,0
3125,9,4,768,0,955,6,11,7,1,1,-52,6,1915,13130,205,100,2,0,0
3125,2,3,768,0,736,8,5,5,1,2,-52,0,447,6257,195,100,1,0,0
3125,1,0,256,0,15,0,0,3,0,0,0,10,3410,30095,5594,100,2,0,0
3126,3,1,512,0,694,9,5,7,1,1,-76,2,2006,19715,208,100,2,0,0
3124,18,8,1024,10,687,5,11,7,1,1,-95,8,3038,25202,202,100,2,0,0
3124,10,5,768,0,974,3,13,7,1,1,-52,0,912,10442,186,100,3,0,0
3125,4,1,512,0,667,7,6,7,2,1,-61,10,4894,23393,208,100,1,0,0
3126,21,15,1280,10,945,5,6,7,1,1,-70,2,1333,15934,198,100,2,0,0
3127,15,9,1024,10,699,5,451,7,1,1,-70,3,1813,17403,201,100,5,1,3
3127,6,5,768,0,715,5,5,5,1,2,-52,0,936,11359,191,100,2,0,0
3126,28,18,1280,0,693,3,4,7,1,1,-95,1,1036,14609,193,100,2,0,0
3129,16,11,1024,0,983,6,6,7,1,2,-52,0,792,10335,194,100,3,0,0
3125,30,24,1536,10,636,8,6,7,1,3,-70,1,769,8896,189,100,1,0,0
3129,7,3,768,0,630,9,13,7,1,3,-70,0,768,7720,161,100,1,0,0
3129,8,4,768,0,658,5,12,7,2,2,-70,10,4172,27103,204,100,2,0,0
3130,26,21,1536,0,731,4,5,7,1,1,-52,0,687,8215,191,100,1,0,0
3130,5,1,512,0,949,9,2,7,1,1,-76,4,2142,19638,208,100,4,0,0
3127,27,22,1536,0,676,4,8,5,1,1,-52,0,659,10573,178,100,3,0,0
3129,19,13,1280,0,934,8,24,7,1,3,-70,0,575,6579,152,100,2,0,0
3128,29,28,1536,10,710,4,8,7,1,1,-52,0,622,10006,186,100,2,0,0
3130,20,14,1280,0,1014,4,12,7,1,1,-70,0,1013,9966,190,100,4,0,0
3130,24,18,1280,0,708,5,14,7,1,1,-70,2,1012,9914,185,100,1,0,0
3130,13,9,1024,0,868,8,18,7,1,2,-70,1,1633,15253,158,100,4,0,0
3130,14,8,1024,10,958,7,14,7,1,2,-70,1,894,9148,191,100,3,0,0
3130,12,8,1024,0,701,6,6,7,1,2,-70,1,1459,18627,194,100,3,0,0
3131,25,21,1536,0,990,7,14,7,1,2,-70,0,1128,9869,190,100,3,0,0
3130,18,8,1024,40,690,5,11,7,1,1,-95,8,2299,17394,202,100,1,0,0
3131,17,12,1280,0,708,3,11,7,1,1,-52,0,833,11370,179,100,2,0,0
3130,23,18,1280,10,636,4,23,7,1,1,-52,0,1092,11638,148,100,3,0,0
3133,6,5,768,0,716,5,5,5,1,2,-52,0,367,5498,191,100,1,0,0
3130,30,24,1536,0,637,8,6,7,1,3,-70,1,534,6164,190,100,1,0,0
3133,3,1,512,0,695,9,5,7,1,1,-76,2,961,14043,208,100,1,0,0
3131,28,18,1280,0,695,3,4,7,1,1,-95,1,774,6966,193,100,1,0,0
3133,21,15,1280,10,948,5,6,7,1,1,-70,2,1352,13056,198,100,2,0,0
3134,10,5,768,0,979,3,13,7,1,1,-52,0,954,9031,186,100,4,0,0
3134,9,4,768,20,957,6,11,7,1,1,-52,6,2607,20162,206,100,2,0,0
3134,11,5,768,10,965,9,2,7,1,2,-70,1,1397,15736,201,100,4,0,0
3132,31,30,1792,10,720,7,11,5,1,2,-52,0,670,11132,172,100,2,0,0
3132,27,22,1536,0,677,4,8,5,1,1,-52,0,329,4162,179,100,0,0,0
3135,19,13,1280,10,935,8,24,7,1,3,-70,0,461,5037,152,100,3,0,0
3136,16,11,1024,0,986,6,6,7,1,2,-52,0,620,6918,194,100,3,0,0
3133,22,18,1280,0,673,6,7,7,1,1,-70,1,1245,12637,181,100,2,0,0
3136,8,4,768,0,660,5,13,7,2,2,-70,10,3986,21763,204,100,2,0,0
3136,1,0,256,0,15,0,0,3,0,0,0,10,3123,28758,5616,100,2,0,0
3136,24,18,1280,0,708,5,14,7,1,1,-70,2,925,8687,185,100,1,0,0
3137,2,3,768,10,741,8,5,5,1,2,-52,0,856,10894,195,100,2,0,0
3136,26,21,1536,10,734,4,5,7,1,1,-52,0,518,6298,191,100,2,0,0
3137,4,1,512,0,670,7,6,7,2,1,-61,10,7646,37965,209,100,2,0,0
3136,30,24,1536,0,639,8,6,7,1,3,-70,1,890,8441,190,100,1,0,0
3138,15,9,1024,0,705,5,454,7,1,1,-70,3,2373,20155,202,100,5,1,3
3137,29,28,1536,0,712,4,8,7,1,1,-52,0,730,8115,186,100,2,0,0
3138,12,8,1024,0,704,6,6,7,1,2,-70,1,1077,12607,195,100,1,0,0
3138,9,4,768,0,959,6,11,7,1,1,-52,6,1453,10657,206,100,1,0,0
3139,6,5,768,10,718,5,5,5,1,2,-52,0,414,6171,191,100,1,0,0
3138,18,8,1024,0,691,5,11,7,1,1,-95,8,3092,22965,203,100,2,0,0
3140,7,3,768,0,635,9,13,7,1,3,-70,0,1045,11230,162,100,2,0,0
3140,21,15,1280,0,951,5,6,7,1,1,-70,2,1322,13396,199,100,4,0,0
3139,10,5,768,10,981,3,13,7,1,1,-52,0,525,5531,187,100,2,0,0
3138,22,18,1280,0,673,6,7,7,1,1,-70,1,372,6496,181,100,1,0,0
3141,11,5,768,0,967,9,2,7,1,2,-70,1,938,10282,201,100,2,0,0
3140,1,0,256,0,15,0,0,3,0,0,0,10,1068,10139,5624,100,1,0,0
3140,23,18,1280,0,636,4,23,7,1,1,-52,0,491,9381,148,100,2,0,0
3141,5,1,512,20,955,9,2,7,1,1,-76,4,3277,26254,209,100,4,0,0
3141,4,1,512,0,670,7,6,7,2,1,-61,10,2368,13117,209,100,1,0,0
3141,13,9,1024,0,873,8,18,7,1,2,-70,1,1388,14986,159,100,4,0,0
3141,8,4,768,10,660,5,14,7,2,2,-70,10,2484,16137,205,100,2,0,0
3140,14,8,1024,0,962,7,14,7,1,2,-70,1,1288,14186,191,100,4,0,0
3142,25,21,1536,0,996,7,14,7,1,2,-70,0,1119,11025,191,100,4,0,0
3141,17,12,1280,10,709,3,11,7,1,1,-52,0,572,9237,180,100,2,0,0
3141,28,18,1280,0,700,3,4,7,1,1,-95,1,1465,13176,194,100,2,0,0
3141,20,14,1280,10,1019,4,12,7,1,1,-70,0,1079,11447,191,100,4,0,0
3144,16,11,1024,0,988,6,6,7,1,2,-52,0,574,7708,195,100,2,0,0
3140,27,22,1536,0,677,4,8,5,1,1,-52,0,408,7625,179,100,2,0,0
3141,29,28,1536,0,712,4,8,7,1,1,-52,0,318,4289,187,100,1,0,0
3144,3,1,512,0,699,9,5,7,1,1,-76,2,2021,21911,209,100,3,0,0
3142,19,13,1280,0,937,8,24,7,1,3,-70,0,576,7718,153,100,2,0,0
3142,31,30,1792,0,724,7,11,5,1,2,-52,0,912,10123,172,100,3,0,0
3144,2,3,768,0,744,8,5,5,1,2,-52,0,884,7618,196,100,3,0,0
3144,7,3,768,0,639,9,13,7,1,3,-70,0,684,5040,162,100,2,0,0
3143,24,18,1280,10,711,5,14,7,1,1,-70,2,1100,10017,186,100,2,0,0
3144,30,24,1536,0,640,8,6,7,1,3,-70,1,859,10274,190,100,1,0,0
3145,21,15,1280,0,952,5,6,7,1,1,-70,2,964,10095,199,100,1,0,0
3144,9,4,768,0,961,6,11,7,1,1,-52,6,1978,14673,206,100,3,0,0
3145,4,1,512,20,673,7,6,7,2,1,-61,10,3401,15156,209,100,2,0,0
3145,12,8,1024,10,707,6,6,7,1,2,-70,1,872,10382,195,100,2,0,0
3146,18,8,1024,10,693,5,11,7,1,1,-95,8,2479,17853,203,100,2,0,0
3144,22,18,1280,0,676,6,7,7,1,1,-70,1,752,7444,181,100,0,0,0
3147,1,0,256,0,15,0,0,3,0,0,0,10,1601,15821,5633,100,1,0,0
3146,28,18,1280,0,700,3,4,7,1,1,-95,1,554,6232,194,100,1,0,0
3147,6,5,768,0,721,5,5,5,1,2,-52,0,959,9244,192,100,2,0,0
3147,15,9,1024,0,707,5,457,7,1,1,-70,3,1556,16573,202,100,5,1,3
3147,10,5,768,0,983,3,13,7,1,1,-52,0,518,8159,187,100,2,0,0
3147,13,9,1024,0,876,8,18,7,1,2,-70,1,1061,8391,159,100,3,0,0
3148,14,8,1024,0,964,7,14,7,1,2,-70,1,852,9213,192,100,2,0,0
3147,29,28,1536,0,714,4,8,7,1,1,-52,0,500,5361,187,100,1,0,0
3148,26,21,1536,0,739,4,5,7,1,1,-52,0,1238,12595,192,100,2,0,0
3148,20,14,1280,0,1021,4,13,7,1,1,-70,0,648,6702,191,100,4,0,0
3149,12,8,1024,10,708,6,6,7,1,2,-70,1,371,6378,195,100,1,0,0
3150,3,1,512,10,699,9,5,7,1,1,-76,2,812,11461,210,100,1,0,0
3150,17,12,1280,0,710,3,11,7,1,1,-52,0,443,8372,180,100,1,0,0
3151,19,13,1280,0,940,8,24,7,1,3,-70,0,620,7763,153,100,3,0,0
3151,5,1,512,0,958,9,2,7,1,1,-76,4,2396,22992,210,100,4,0,0
3151,2,3,768,0,745,8,5,5,1,2,-52,0,390,6129,196,100,1,0,0
3152,10,5,768,10,985,3,13,7,1,1,-52,0,525,4593,188,100,2,0,0
3152,4,1,512,20,677,7,6,7,2,1,-61,10,4533,21935,210,100,1,0,0
3151,24,18,1280,10,712,5,14,7,1,1,-70,2,986,9943,186,100,1,0,0
3150,22,18,1280,0,678,6,7,7,1,1,-70,1,882,8389,182,100,2,0,0
3150,27,22,1536,0,679,4,8,5,1,1,-52,0,827,9581,180,100,2,0,0
3151,11,5,768,0,973,9,2,7,1,2,-70,1,1462,18045,202,100,4,0,0
3152,23,18,1280,0,640,4,24,7,1,1,-52,0,968,11343,149,100,3,0,0
3151,28,18,1280,0,701,3,4,7,1,1,-95,1,659,7184,194,100,1,0,0
3152,16,11,1024,10,990,6,6,7,1,2,-52,0,609,8738,195,100,4,0,0
3153,15,9,1024,0,707,5,459,7,1,1,-70,3,877,10120,203,100,3,1,3
3153,9,4,768,10,965,6,11,7,1,1,-52,6,2431,18220,207,100,3,0,0
3153,8,4,768,0,665,5,14,7,2,2,-70,10,6446,35716,205,100,3,0,0
3154,7,3,768,0,643,9,13,7,1,3,-70,0,810,9849,163,100,2,0,0
3154,18,8,1024,40,695,5,11,7,1,1,-95,8,3031,23514,204,100,2,0,0
3152,30,24,1536,0,641,8,6,7,1,3,-70,1,804,10040,191,100,2,0,0
3153,21,15,1280,20,953,5,6,7,1,1,-70,2,1105,14844,200,100,2,0,0
3155,3,1,512,0,702,9,5,7,1,1,-76,2,1375,10810,210,100,2,0,0
3153,13,9,1024,0,877,8,18,7,1,2,-70,1,683,7928,160,100,2,0,0
3154,20,14,1280,0,1023,4,13,7,1,1,-70,0,552,5903,192,100,2,0,0
3155,1,0,256,0,15,0,0,3,0,0,0,10,2749,22947,5654,100,1,0,0
3153,25,21,1536,0,1001,7,14,7,1,2,-70,0,987,10730,191,100,3,0,0
3153,29,28,1536,10,717,4,8,7,1,1,-52,0,639,5761,188,100,1,0,0
3152,31,30,1792,10,726,7,11,5,1,2,-52,0,596,9265,173,100,2,0,0
3156,5,1,512,0,960,9,2,7,1,1,-76,4,1521,12074,210,100,2,0,0
3156,26,21,1536,0,742,4,5,7,1,1,-52,0,832,7458,192,100,2,0,0
3154,27,22,1536,0,681,4,8,5,1,1,-52,0,560,4770,180,100,1,0,0
3157,23,18,1280,0,640,4,24,7,1,1,-52,0,264,4482,149,100,1,0,0
3158,14,8,1024,0,970,7,14,7,1,2,-70,1,1636,13258,192,100,4,0,0
3158,24,18,1280,0,715,5,14,7,1,1,-70,2,1171,10174,187,100,1,0,0
3158,21,15,1280,0,955,5,6,7,1,1,-70,2,1190,11157,200,100,2,0,0
3159,6,5,768,0,726,6,5,5,1,2,-52,0,1123,12021,193,100,2,0,0
3159,12,8,1024,0,711,6,6,7,1,2,-70,1,1329,15387,196,100,3,0,0
3159,15,9,1024,0,708,5,461,7,1,1,-70,3,1374,11300,203,100,3,1,3
3160,3,1,512,0,702,9,5,7,1,1,-76,2,402,8187,210,100,1,0,0
3159,22,18,1280,0,680,6,7,7,1,1,-70,1,1057,11550,182,100,1,0,0
3160,17,12,1280,0,712,3,11,7,1,1,-52,0,702,9551,181,100,2,0,0
3160,11,5,768,0,976,9,2,7,1,2,-70,1,1218,14309,202,100,3,0,0
3160,28,18,1280,10,703,3,4,7,1,1,-95,1,945,10852,195,100,1,0,0
3161,19,13,1280,0,942,8,24,7,1,3,-70,0,696,9628,154,100,3,0,0
3162,2,3,768,0,747,8,5,5,1,2,-52,0,716,10469,197,100,3,0,0
3162,18,8,1024,10,700,5,11,7,1,1,-95,8,3093,22355,204,100,3,0,0
3161,4,1,512,10,680,8,6,7,2,1,-61,10,6741,32405,210,100,3,0,0
3162,25,21,1536,0,1002,7,14,7,1,2,-70,0,567,7747,192,100,3,0,0
3162,7,3,768,0,644,9,13,7,1,3,-70,0,512,7670,163,100,2,0,0
3162,14,8,1024,10,971,7,14,7,1,2,-70,1,455,5204,193,100,1,0,0
3160,30,24,1536,0,644,8,6,7,1,3,-70,1,1012,11204,191,100,1,0,0
3163,10,5,768,0,990,3,13,7,1,1,-52,0,943,10908,188,100,3,0,0
3161,13,9,1024,0,878,8,18,7,1,2,-70,1,799,10509,160,100,2,0,0
3163,5,1,512,20,962,9,2,7,1,1,-76,4,1648,17226,211,100,2,0,0
3161,31,30,1792,0,729,7,11,5,1,2,-52,0,740,8469,173,100,1,0,0
3163,20,14,1280,0,1027,4,13,7,1,1,-70,0,728,8643,192,100,3,0,0
3162,16,11,1024,0,995,6,6,7,1,2,-52,0,1035,10172,196,100,4,0,0
3164,29,28,1536,0,720,4,8,7,1,1,-52,0,777,9594,188,100,2,0,0
3163,15,9,1024,10,709,5,462,7,1,1,-70,3,847,8269,204,100,2,1,3
3165,12,8,1024,0,713,6,6,7,1,2,-70,1,790,9171,196,100,2,0,0
3163,24,18,1280,0,717,5,14,7,1,1,-70,2,1114,8429,187,100,1,0,0
3164,9,4,768,10,971,6,11,7,1,1,-52,6,3773,26125,208,100,4,0,0
3165,11,5,768,0,981,9,2,7,1,2,-70,1,1143,8811,203,100,2,0,0
3164,21,15,1280,0,959,5,6,7,1,1,-70,2,1147,10902,201,100,2,0,0
3166,2,3,768,0,748,8,5,5,1,2,-52,0,367,4162,197,100,1,0,0
3166,1,0,256,0,15,0,0,3,0,0,0,10,2854,27645,5675,100,2,0,0
3161,27,22,1536,0,683,4,8,5,1,1,-52,0,580,6911,181,100,1,0,0
3165,8,4,768,0,669,5,14,7,2,2,-70,10,6190,35682,206,100,2,0,0
3166,16,11,1024,0,996,6,6,7,1,2,-52,0,371,4206,196,100,1,0,0
3166,26,21,1536,0,745,4,5,7,1,1,-52,0,832,10247,193,100,2,0,0
3165,23,18,1280,0,642,4,24,7,1,1,-52,0,605,8686,150,100,1,0,0
3167,10,5,768,10,992,3,13,7,1,1,-52,0,526,4421,189,100,1,0,0
3167,28,18,1280,0,705,3,4,7,1,1,-95,1,875,9215,195,100,1,0,0
3168,14,8,1024,0,973,7,14,7,1,2,-70,1,968,8781,193,100,2,0,0
3166,31,30,1792,0,731,7,11,5,1,2,-52,0,557,5525,174,100,1,0,0
3169,3,1,512,0,703,9,5,7,1,1,-76,2,1650,18084,211,100,3,0,0
3168,15,9,1024,0,710,5,464,7,1,1,-70,3,935,7725,204,100,3,1,3
3169,6,5,768,0,728,6,5,5,1,2,-52,0,644,10103,193,100,2,0,0
3170,5,1,512,0,964,9,2,7,1,1,-76,4,2161,17826,211,100,2,0,0
3170,17,12,1280,0,716,3,11,7,1,1,-52,0,916,10338,182,100,2,0,0
3170,11,5,768,0,985,9,2,7,1,2,-70,1,986,7265,203,100,2,0,0
3171,7,3,768,0,647,9,13,7,1,3,-70,0,777,8729,164,100,3,0,0
3171,13,9,1024,10,883,8,18,7,1,2,-70,1,1211,11611,161,100,4,0,0
3169,30,24,1536,10,648,8,6,7,1,3,-70,1,1591,12239,192,100,2,0,0
3170,19,13,1280,0,946,8,24,7,1,3,-70,0,849,9213,154,100,4,0,0
3172,4,1,512,10,682,8,6,7,2,1,-61,10,7056,34954,211,100,2,0,0
3171,23,18,1280,20,646,4,24,7,1,1,-52,0,584,5553,150,100,1,0,0
3172,22,18,1280,10,684,6,7,7,1,1,-70,1,1305,15385,183,100,2,0,0
3172,16,11,1024,0,997,6,6,7,1,2,-52,0,443,6483,197,100,2,0,0
3174,18,8,1024,20,702,5,11,7,1,1,-95,8,4423,33720,205,100,2,0,0
3173,2,3,768,0,750,8,5,5,1,2,-52,0,637,7272,198,100,2,0,0
3172,24,18,1280,10,721,5,14,7,1,1,-70,2,1352,12267,188,100,2,0,0
3173,25,21,1536,10,1007,7,14,7,1,2,-70,0,1012,10800,193,100,4,0,0
3173,6,5,768,10,730,6,5,5,1,2,-52,0,423,4152,194,100,1,0,0
3173,21,15,1280,10,964,5,6,7,1,1,-70,2,1882,18124,201,100,3,0,0
3174,12,8,1024,0,717,6,6,7,1,2,-70,1,1444,15406,197,100,2,0,0
3173,28,18,1280,0,706,3,4,7,1,1,-95,1,752,7653,196,100,2,0,0
3174,8,4,768,10,672,5,14,7,2,2,-70,10,3739,23947,207,100,2,0,0
3174,20,14,1280,0,1032,4,13,7,1,1,-70,0,1042,11073,193,100,3,0,0
3173,26,21,1536,0,746,4,5,7,1,1,-52,0,450,7131,194,100,1,0,0
3173,31,30,1792,0,733,7,11,5,1,2,-52,0,598,6301,174,100,2,0,0
3175,13,9,1024,0,884,8,18,7,1,2,-70,1,676,5729,161,100,1,0,0
3176,7,3,768,0,648,9,13,7,1,3,-70,0,391,4879,164,100,1,0,0
3175,1,0,256,0,15,0,0,3,0,0,0,10,2441,23820,5690,100,2,0,0
3173,30,24,1536,10,649,8,6,7,1,3,-70,1,668,5727,192,100,1,0,0
3174,29,28,1536,0,721,4,8,7,1,1,-52,0,594,9478,189,100,2,0,0
3176,9,4,768,0,975,6,11,7,1,1,-52,6,3020,22898,208,100,4,0,0
3173,27,22,1536,10,686,4,8,5,1,1,-52,0,752,10440,181,100,2,0,0
3176,15,9,1024,0,710,5,465,7,1,1,-70,3,1220,12580,204,100,2,1,3
3176,17,12,1280,0,718,3,11,7,1,1,-52,0,502,5541,182,100,1,0,0
3177,10,5,768,0,998,3,13,7,1,1,-52,0,1168,10652,189,100,4,0,0
3176,23,18,1280,0,647,4,24,7,1,1,-52,0,558,5685,151,100,1,0,0
3176,25,21,1536,0,1009,7,14,7,1,2,-70,0,499,4531,193,100,2,0,0
3178,5,1,512,10,966,9,2,7,1,1,-76,4,2029,18839,212,100,3,0,0
3178,14,8,1024,0,976,7,14,7,1,2,-70,1,1152,13186,194,100,4,0,0
3177,11,5,768,0,986,9,2,7,1,2,-70,1,759,11869,204,100,2,0,0
3179,18,8,1024,20,703,5,11,7,1,1,-95,8,2123,14675,206,100,1,0,0
3177,16,11,1024,0,999,6,6,7,1,2,-52,0,494,5451,197,100,2,0,0
3177,26,21,1536,0,746,4,5,7,1,1,-52,0,286,4310,194,100,1,0,0
3179,3,1,512,0,705,9,5,7,1,1,-76,2,1571,19599,211,100,2,0,0
3180,4,1,512,0,685,8,6,7,2,1,-61,10,6182,28973,211,100,1,0,0
3179,31,30,1792,0,736,7,11,5,1,2,-52,0,665,6407,175,100,1,0,0
3181,9,4,768,0,975,6,11,7,1,1,-52,6,1457,11428,209,100,1,0,0
3180,29,28,1536,10,723,4,8,7,1,1,-52,0,387,5443,189,100,2,0,0
3181,19,13,1280,0,949,8,24,7,1,3,-70,0,803,10273,155,100,3,0,0
3181,20,14,1280,0,1034,4,13,7,1,1,-70,0,498,6293,193,100,2,0,0
3181,2,3,768,0,753,8,5,5,1,2,-52,0,604,7349,198,100,1,0,0
3181,21,15,1280,0,970,5,6,7,1,1,-70,2,1665,15171,202,100,2,0,0
3181,23,18,1280,0,647,4,24,7,1,1,-52,0,263,3858,151,100,1,0,0
3182,15,9,1024,0,713,5,467,7,1,1,-70,3,1563,11258,205,100,3,1,3
3181,24,18,1280,0,723,5,14,7,1,1,-70,2,1482,12132,188,100,1,0,0
3180,28,18,1280,10,709,3,4,7,1,1,-95,1,1004,9985,196,100,1,0,0
3183,6,5,768,0,731,6,5,5,1,2,-52,0,546,9583,194,100,1,0,0
3181,22,18,1280,10,686,6,7,7,1,1,-70,1,1341,12960,184,100,2,0,0
3182,1,0,256,0,15,0,0,3,0,0,0,10,2459,20192,5707,100,1,0,0
3179,27,22,1536,0,689,4,8,5,1,1,-52,0,689,6838,182,100,1,0,0
3181,30,24,1536,0,652,8,6,7,1,3,-70,1,1130,11287,193,100,1,0,0
3184,14,8,1024,0,978,7,14,7,1,2,-70,1,858,7619,194,100,2,0,0
3183,7,3,768,0,648,9,13,7,1,3,-70,0,410,6631,165,100,1,0,0
3184,12,8,1024,0,721,6,6,7,1,2,-70,1,1199,15110,198,100,1,0,0
3183,25,21,1536,0,1011,7,14,7,1,2,-70,0,496,5831,193,100,2,0,0
3184,11,5,768,10,989,9,2,7,1,2,-70,1,1100,11090,204,100,2,0,0
3184,17,12,1280,0,719,3,11,7,1,1,-52,0,418,7903,182,100,1,0,0
3185,13,9,1024,0,887,8,18,7,1,2,-70,1,995,11884,162,100,3,0,0
3185,10,5,768,0,1000,4,13,7,1,1,-52,0,752,8584,190,100,3,0,0
3186,2,3,768,0,754,8,5,5,1,2,-52,0,446,5052,199,100,0,0,0
3186,8,4,768,0,675,5,14,7,2,2,-70,10,6395,35144,208,100,2,0,0
3185,24,18,1280,10,725,5,14,7,1,1,-70,2,715,6371,189,100,1,0,0
3186,4,1,512,10,686,8,6,7,2,1,-61,10,4645,21028,212,100,1,0,0
3186,9,4,768,0,978,6,11,7,1,1,-52,6,1645,12029,209,100,2,0,0
3186,28,18,1280,0,709,3,4,7,1,1,-95,1,754,7454,197,100,1,0,0
3186,26,21,1536,0,750,4,5,7,1,1,-52,0,738,8529,194,100,1,0,0
3188,18,8,1024,0,706,5,11,7,1,1,-95,8,3481,26119,206,100,1,0,0
3187,19,13,1280,10,951,8,24,7,1,3,-70,0,552,6330,156,100,2,0,0
3188,5,1,512,0,968,9,2,7,1,1,-76,4,2185,22128,212,100,2,0,0
3188,22,18,1280,0,687,6,7,7,1,1,-70,1,663,8346,184,100,1,0,0
3188,23,18,1280,0,647,4,24,7,1,1,-52,0,311,6614,151,100,1,0,0
3187,16,11,1024,10,1005,6,6,7,1,2,-52,0,1068,9923,198,100,2,0,0
3189,3,1,512,0,712,9,5,7,1,1,-76,2,2239,19482,212,100,2,0,0
3190,6,5,768,0,732,6,5,5,1,2,-52,0,543,6450,195,100,2,0,0
3189,15,9,1024,0,715,5,469,7,1,1,-70,3,1331,13229,205,100,3,1,3
3189,11,5,768,0,990,9,2,7,1,2,-70,1,635,7992,204,100,1,0,0
3190,7,3,768,0,650,9,13,7,1,3,-70,0,522,7414,165,100,1,0,0
3189,25,21,1536,0,1013,7,14,7,1,2,-70,0,552,6409,194,100,2,0,0
3190,1,0,256,0,15,0,0,3,0,0,0,10,2035,19708,5720,100,2,0,0
3191,14,8,1024,10,981,7,14,7,1,2,-70,1,719,9361,194,100,2,0,0
3190,12,8,1024,10,725,6,6,7,1,2,-70,1,1166,11892,198,100,3,0,0
3191,29,28,1536,10,726,4,8,7,1,1,-52,0,916,11342,190,100,2,0,0
3192,2,3,768,0,756,8,5,5,1,2,-52,0,706,6708,199,100,2,0,0
3192,10,5,768,0,1003,4,13,7,1,1,-52,0,625,7224,190,100,2,0,0
3192,21,15,1280,0,978,5,6,7,1,1,-70,2,2532,21843,202,100,4,0,0
3191,30,24,1536,10,653,8,6,7,1,3,-70,1,768,11392,193,100,2,0,0
3192,17,12,1280,0,722,3,11,7,1,1,-52,0,785,8238,183,100,2,0,0
3192,24,18,1280,0,727,5,14,7,1,1,-70,2,924,8663,189,100,1,0,0
3193,20,14,1280,0,1041,4,13,7,1,1,-70,0,1347,12099,194,100,5,0,0
3193,11,5,768,10,993,9,2,7,1,2,-70,1,743,6625,205,100,2,0,0
3194,3,1,512,0,715,9,5,7,1,1,-76,2,1082,10516,212,100,1,0,0
3191,31,30,1792,0,740,7,11,5,1,2,-52,0,878,10988,175,100,3,0,0
3192,16,11,1024,0,1008,6,6,7,1,2,-52,0,604,5629,198,100,2,0,0
3193,18,8,1024,30,706,5,11,7,1,1,-95,8,2118,17111,207,100,1,0,0
3195,4,1,512,60,690,8,6,7,2,1,-61,10,5777,29526,212,100,2,0,0
3196,6,5,768,0,734,6,5,5,1,2,-52,0,497,5973,195,100,1,0,0
3194,13,9,1024,0,892,9,18,7,1,2,-70,1,1598,14393,163,100,3,0,0
3193,22,18,1280,20,690,6,7,7,1,1,-70,1,873,7462,185,100,1,0,0
3194,12,8,1024,10,727,6,6,7,1,2,-70,1,790,7472,199,100,0,0,0
3191,27,22,1536,0,692,4,8,5,1,1,-52,0,832,11253,183,100,2,0,0
3197,5,1,512,0,971,9,2,7,1,1,-76,4,2770,21431,213,100,3,0,0
3193,28,18,1280,10,710,3,4,7,1,1,-95,1,661,9419,197,100,1,0,0
3196,19,13,1280,0,956,8,24,7,1,3,-70,0,962,8878,156,100,3,0,0
3197,2,3,768,10,756,8,5,5,1,2,-52,0,162,4372,199,100,1,0,0
3196,23,18,1280,0,649,4,24,7,1,1,-52,0,571,7578,152,100,2,0,0
3196,24,18,1280,0,729,5,14,7,1,1,-70,2,903,6544,189,100,1,0,0
3196,26,21,1536,0,751,4,5,7,1,1,-52,0,594,9059,195,100,2,0,0
3196,8,4,768,0,677,5,14,7,2,2,-70,10,5643,33188,208,100,2,0,0
3198,10,5,768,0,1004,4,13,7,1,1,-52,0,443,5627,191,100,2,0,0
3196,30,24,1536,10,655,8,6,7,1,3,-70,1,868,6558,194,100,1,0,0
3197,9,4,768,0,984,6,11,7,1,1,-52,6,3855,26378,210,100,4,0,0
3198,1,0,256,0,15,0,0,3,0,0,0,10,2523,21291,5739,100,1,0,0
3198,21,15,1280,0,980,5,6,7,1,1,-70,2,1016,11445,203,100,2,0,0
3198,20,14,1280,0,1044,4,13,7,1,1,-70,0,661,5826,195,100,2,0,0
3200,7,3,768,0,656,9,13,7,1,3,-70,0,1121,9834,166,100,3,0,0
3198,17,12,1280,0,725,3,11,7,1,1,-52,0,608,6316,183,100,1,0,0
3197,14,8,1024,0,984,7,14,7,1,2,-70,1,1515,12361,195,100,3,0,0
3199,25,21,1536,0,1017,7,14,7,1,2,-70,0,855,9251,194,100,3,0,0
3200,3,1,512,0,716,9,5,7,1,1,-76,2,1195,12019,213,100,1,0,0
3199,22,18,1280,20,692,6,7,7,1,1,-70,1,661,7605,185,100,1,0,0
3200,13,9,1024,0,895,9,18,7,1,2,-70,1,898,7517,163,100,2,0,0
3199,31,30,1792,0,741,7,11,5,1,2,-52,0,475,7678,176,100,1,0,0
3200,29,28,1536,0,726,4,8,7,1,1,-52,0,392,8111,191,100,1,0,0
3201,15,9,1024,10,716,5,472,7,1,1,-70,3,2039,19805,206,100,6,1,3
3200,26,21,1536,0,752,4,5,7,1,1,-52,0,369,4540,195,100,1,0,0
3201,4,1,512,10,691,8,6,7,2,1,-61,10,5224,23162,213,100,1,0,0
3201,24,18,1280,10,731,5,14,7,1,1,-70,2,951,7360,190,100,1,0,0
3201,9,4,768,10,986,6,11,7,1,1,-52,6,1461,10553,210,100,1,0,0
3201,18,8,1024,10,707,5,11,7,1,1,-95,8,3474,25708,207,100,2,0,0
3201,19,13,1280,0,958,8,24,7,1,3,-70,0,495,5177,156,100,2,0,0
3204,10,5,768,10,1006,4,13,7,1,1,-52,0,470,5486,191,100,2,0,0
3203,11,5,768,0,998,9,2,7,1,2,-70,1,1398,15601,205,100,4,0,0
3203,28,18,1280,0,716,3,4,7,1,1,-95,1,1517,12545,198,100,2,0,0
3204,7,3,768,0,657,9,13,7,1,3,-70,0,368,4463,166,100,1,0,0
3202,30,24,1536,0,657,8,6,7,1,3,-70,1,966,9291,194,100,1,0,0
3203,16,11,1024,0,1012,6,6,7,1,2,-52,0,904,10103,199,100,4,0,0
3202,20,14,1280,10,1046,4,13,7,1,1,-70,0,268,4995,195,100,1,0,0
3205,2,3,768,0,757,8,5,5,1,2,-52,0,562,7334,200,100,2,0,0
3205,22,18,1280,0,693,6,7,7,1,1,-70,1,613,6748,185,100,1,0,0
3205,27,22,1536,10,695,4,8,5,1,1,-52,0,753,10809,183,100,2,0,0
3205,5,1,512,0,977,9,2,7,1,1,-76,4,2426,21150,213,100,3,0,0
3205,12,8,1024,0,729,6,6,7,1,2,-70,1,1141,17140,199,100,2,0,0
3205,8,4,768,10,680,5,14,7,2,2,-70,10,4253,26759,209,100,1,0,0
3206,1,0,256,0,15,0,0,3,0,0,0,10,2125,20526,5752,100,2,0,0
3205,14,8,1024,0,988,7,14,7,1,2,-70,1,1007,9648,195,100,2,0,0
3208,6,5,768,0,738,6,5,5,1,2,-52,0,936,11797,196,100,2,0,0
3207,24,18,1280,10,735,5,14,7,1,1,-70,2,1066,8574,190,100,1,0,0
3207,23,18,1280,0,653,4,24,7,1,1,-52,0,940,11853,153,100,2,0,0
3206,15,9,1024,0,717,5,474,7,1,1,-70,3,962,12606,206,100,3,1,3
3207,13,9,1024,10,900,9,18,7,1,2,-70,1,1240,10935,163,100,4,0,0
3209,17,12,1280,0,726,3,11,7,1,1,-52,0,595,9637,184,100,2,0,0
3208,9,4,768,30,990,6,11,7,1,1,-52,6,1831,14720,210,100,3,0,0
3208,28,18,1280,0,718,3,4,7,1,1,-95,1,614,6428,198,100,1,0,0
3210,2,3,768,0,758,8,5,5,1,2,-52,0,390,4914,200,100,1,0,0
3209,4,1,512,10,691,8,6,7,2,1,-61,10,4669,25854,213,100,1,0,0
3210,3,1,512,0,717,9,5,7,1,1,-76,2,1432,18892,214,100,2,0,0
3210,22,18,1280,0,694,6,7,7,1,1,-70,1,782,7666,186,100,1,0,0
3207,26,21,1536,10,753,4,5,7,1,1,-52,0,366,6892,196,100,1,0,0
3211,1,0,256,0,15,0,0,3,0,0,0,10,1242,11276,5763,100,0,0,0
3209,31,30,1792,0,746,7,11,5,1,2,-52,0,1047,10943,177,100,2,0,0
3209,21,15,1280,10,986,5,6,7,1,1,-70,2,2236,22288,203,100,4,0,0
3211,29,28,1536,0,729,4,8,7,1,1,-52,0,752,10598,191,100,2,0,0
3209,25,21,1536,0,1020,7,14,7,1,2,-70,0,868,9745,195,100,4,0,0
3211,12,8,1024,0,730,6,6,7,1,2,-70,1,773,9027,200,100,1,0,0
3211,16,11,1024,0,1016,6,6,7,1,2,-52,0,855,8867,199,100,3,0,0
3212,19,13,1280,0,962,8,24,7,1,3,-70,0,904,10579,157,100,4,0,0
3214,5,1,512,10,980,9,2,7,1,1,-76,4,2003,19172,214,100,3,0,0
3212,18,8,1024,20,710,5,11,7,1,1,-95,8,4101,31176,208,100,2,0,0
3212,14,8,1024,0,990,7,14,7,1,2,-70,1,752,8787,196,100,2,0,0
3213,10,5,768,10,1009,4,13,7,1,1,-52,0,803,9873,192,100,3,0,0
3212,30,24,1536,0,661,8,6,7,1,3,-70,1,1431,13053,195,100,2,0,0
3212,20,14,1280,0,1047,4,13,7,1,1,-70,0,698,9397,196,100,3,0,0
3214,6,5,768,0,741,6,5,5,1,2,-52,0,605,6605,196,100,1,0,0
3213,8,4,768,10,684,5,14,7,2,2,-70,10,4307,23177,210,100,2,0,0
3214,13,9,1024,0,902,9,18,7,1,2,-70,1,928,8734,164,100,2,0,0
3214,26,21,1536,0,753,4,5,7,1,1,-52,0,394,6119,196,100,1,0,0
3214,11,5,768,10,1001,9,2,7,1,2,-70,1,1487,17617,206,100,3,0,0
3215,4,1,512,0,691,8,6,7,2,1,-61,10,4406,20356,214,100,1,0,0
3215,27,22,1536,0,698,4,8,5,1,1,-52,0,834,9958,184,100,2,0,0
3216,7,3,768,10,661,9,13,7,1,3,-70,0,830,11121,167,100,2,0,0
3215,17,12,1280,0,729,3,11,7,1,1,-52,0,664,6356,185,100,1,0,0
3215,21,15,1280,0,988,5,6,7,1,1,-70,2,1087,11396,204,100,2,0,0
3216,28,18,1280,10,722,3,4,7,1,1,-95,1,1294,11436,199,100,1,0,0
3216,29,28,1536,0,732,4,8,7,1,1,-52,0,730,5531,192,100,1,0,0
3215,15,9,1024,10,721,5,476,7,1,1,-70,3,2194,16283,207,100,4,1,3
3217,23,18,1280,0,654,4,24,7,1,1,-52,0,694,9565,153,100,2,0,0
3218,6,5,768,0,741,6,5,5,1,2,-52,0,315,4156,197,100,1,0,0
3218,24,18,1280,0,738,5,14,7,1,1,-70,2,1688,15598,191,100,2,0,0
3219,3,1,512,0,721,9,5,7,1,1,-76,2,1636,18144,214,100,2,0,0
3217,19,13,1280,10,968,8,24,7,1,3,-70,0,1004,7575,158,100,2,0,0
3220,7,3,768,0,663,9,13,7,1,3,-70,0,577,4376,167,100,2,0,0
3221,2,3,768,0,764,8,5,5,1,2,-52,0,1126,10999,201,100,2,0,0
3220,12,8,1024,0,732,6,6,7,1,2,-70,1,1037,13333,200,100,2,0,0
3220,30,24,1536,0,664,8,6,7,1,3,-70,1,885,9801,195,100,1,0,0
3220,9,4,768,20,993,6,12,7,1,1,-52,6,3284,25098,211,100,4,0,0
3221,4,1,512,20,694,8,6,7,2,1,-61,10,3401,17998,214,100,3,0,0
3222,5,1,512,10,983,9,2,7,1,1,-76,4,1847,18245,215,100,2,0,0
3220,21,15,1280,0,989,5,6,7,1,1,-70,2,753,9188,204,100,1,0,0
3221,25,21,1536,0,1022,7,14,7,1,2,-70,0,721,10800,196,100,3,0,0
3220,16,11,1024,0,1019,6,6,7,1,2,-52,0,682,8570,200,100,2,0,0
3220,28,18,1280,0,723,3,4,7,1,1,-95,1,639,6045,199,100,1,0,0
3221,18,8,1024,0,711,5,11,7,1,1,-95,8,2850,24473,209,100,2,0,0
3222,1,0,256,0,15,0,0,3,0,0,0,10,3007,29349,5783,100,2,0,0
3221,31,30,1792,0,752,7,11,5,1,2,-52,0,1076,11003,177,100,2,0,0
3222,22,18,1280,10,698,6,7,7,1,1,-70,1,1294,15467,186,100,2,0,0
3223,26,21,1536,0,757,4,5,7,1,1,-52,0,891,9051,197,100,2,0,0
3223,11,5,768,10,1005,9,2,7,1,2,-70,1,1313,14411,207,100,3,0,0
3224,10,5,768,0,1013,4,13,7,1,1,-52,0,775,10483,192,100,3,0,0
3223,14,8,1024,0,995,7,14,7,1,2,-70,1,1474,14261,197,100,4,0,0
3222,27,22,1536,0,702,4,8,5,1,1,-52,0,811,7023,184,100,2,0,0
3222,19,13,1280,0,969,8,24,7,1,3,-70,0,366,4433,158,100,2,0,0
3225,6,5,768,0,743,6,5,5,1,2,-52,0,521,6764,197,100,1,0,0
3224,8,4,768,10,684,5,14,7,2,2,-70,10,4094,28399,210,100,2,0,0
3222,15,9,1024,10,723,5,478,7,1,1,-70,3,1175,11847,208,100,3,1,3
3225,29,28,1536,0,736,4,8,7,1,1,-52,0,835,8365,192,100,2,0,0
3223,20,14,1280,0,1054,4,13,7,1,1,-70,0,1250,11808,197,100,4,0,0
3225,9,4,768,10,994,6,12,7,1,1,-52,6,1745,11692,212,100,2,0,0
3225,12,8,1024,10,733,6,6,7,1,2,-70,1,607,8122,200,100,1,0,0
3227,7,3,768,0,665,9,13,7,1,3,-70,0,614,6917,168,100,2,0,0
3225,17,12,1280,0,733,3,11,7,1,1,-52,0,860,10079,185,100,2,0,0
3226,16,11,1024,0,1021,6,6,7,1,2,-52,0,495,5742,200,100,2,0,0
3228,2,3,768,0,768,8,5,5,1,2,-52,0,737,7422,201,100,1,0,0
3225,31,30,1792,0,753,7,11,5,1,2,-52,0,428,4284,178,100,1,0,0
3225,13,9,1024,0,904,9,18,7,1,2,-70,1,1461,15834,165,100,3,0,0
3227,22,18,1280,0,699,6,7,7,1,1,-70,1,866,6443,187,100,1,0,0
3227,26,21,1536,0,758,4,5,7,1,1,-52,0,369,3923,197,100,1,0,0
3228,10,5,768,0,1015,4,13,7,1,1,-52,0,533,5007,193,100,1,0,0
3227,24,18,1280,0,738,5,14,7,1,1,-70,2,1255,12294,191,100,2,0,0
3228,21,15,1280,0,993,5,6,7,1,1,-70,2,1632,14662,205,100,3,0,0
3227,19,13,1280,0,971,8,24,7,1,3,-70,0,477,4700,158,100,1,0,0
3228,25,21,1536,0,1024,7,14,7,1,2,-70,0,521,6751,196,100,2,0,0
3229,11,5,768,0,1006,9,2,7,1,2,-70,1,839,9291,207,100,1,0,0
3229,3,1,512,0,726,9,5,7,1,1,-76,2,2362,21515,215,100,4,0,0
3228,8,4,768,0,684,5,14,7,2,2,-70,10,2330,13918,211,100,1,0,0
3229,23,18,1280,10,660,4,24,7,1,1,-52,0,1130,11290,154,100,2,0,0
3229,9,4,768,10,996,6,12,7,1,1,-52,6,1535,10523,212,100,1,0,0
3229,12,8,1024,0,734,6,6,7,1,2,-70,1,786,7779,201,100,1,0,0
3230,29,28,1536,0,739,4,8,7,1,1,-52,0,663,5952,193,100,1,0,0
3231,1,0,256,0,15,0,0,3,0,0,0,10,2904,23353,5805,100,2,0,0
3230,28,18,1280,0,725,3,4,7,1,1,-95,1,1354,12965,200,100,2,0,0
3230,13,9,1024,0,905,9,18,7,1,2,-70,1,656,6197,165,100,2,0,0
3232,4,1,512,0,699,8,6,7,2,1,-61,10,8170,37329,215,100,3,0,0
3230,15,9,1024,0,724,5,480,7,1,1,-70,3,1460,13691,208,100,3,1,3
3231,5,1,512,0,988,9,2,7,1,1,-76,4,3054,25202,215,100,4,0,0
3232,14,8,1024,0,996,7,14,7,1,2,-70,1,930,10688,197,100,3,0,0
3232,27,22,1536,0,704,4,8,5,1,1,-52,0,604,8771,185,100,1,0,0
3232,16,11,1024,0,1024,6,6,7,1,2,-52,0,658,6478,201,100,2,0,0
3230,31,30,1792,0,755,7,11,5,1,2,-52,0,501,5383,178,100,1,0,0
3232,22,18,1280,0,700,6,7,7,1,1,-70,1,631,6131,187,100,1,0,0
3231,20,14,1280,0,1058,4,13,7,1,1,-70,0,833,7844,197,100,3,0,0
3231,30,24,1536,10,669,8,6,7,1,3,-70,1,1752,15923,196,100,2,0,0
3232,24,18,1280,0,738,5,14,7,1,1,-70,2,803,7052,192,100,1,0,0
3234,18,8,1024,0,713,5,11,7,1,1,-95,8,4729,34418,209,100,2,0,0
3235,7,3,768,0,666,9,13,7,1,3,-70,0,415,7146,168,100,1,0,0
3233,25,21,1536,0,1025,7,14,7,1,2,-70,0,421,4163,197,100,2,0,0
3233,19,13,1280,0,973,8,24,7,1,3,-70,0,551,5978,159,100,2,0,0
3235,17,12,1280,0,734,3,11,7,1,1,-52,0,596,9238,186,100,2,0,0
3236,29,28,1536,0,740,4,8,7,1,1,-52,0,393,5013,193,100,1,0,0
3237,6,5,768,10,746,6,5,5,1,2,-52,0,805,11193,198,100,2,0,0
3235,15,9,1024,0,727,5,481,7,1,1,-70,3,1123,9590,208,100,2,1,3
3236,12,8,1024,10,735,6,6,7,1,2,-70,1,687,10263,201,100,1,0,0
3236,8,4,768,0,688,5,14,7,2,2,-70,10,4067,23394,211,100,1,0,0
3237,9,4,768,10,999,6,12,7,1,1,-52,6,2179,16681,212,100,3,0,0
3237,5,1,512,0,990,9,2,7,1,1,-76,4,1185,13283,216,100,2,0,0
3237,31,30,1792,10,758,7,11,5,1,2,-52,0,608,6353,179,100,1,0,0
3239,2,3,768,0,773,8,5,5,1,2,-52,0,1014,10667,202,100,3,0,0
3237,21,15,1280,0,1000,5,6,7,1,1,-70,2,2023,18976,205,100,3,0,0
3238,4,1,512,0,701,8,6,7,2,1,-61,10,4654,22564,215,100,1,0,0
3239,10,5,768,0,1018,4,13,7,1,1,-52,0,741,9774,193,100,4,0,0
3237,20,14,1280,0,1059,4,13,7,1,1,-70,0,389,5414,197,100,2,0,0
3238,26,21,1536,0,761,4,5,7,1,1,-52,0,832,11220,198,100,2,0,0
3239,1,0,256,0,15,0,0,3,0,0,0,10,2182,21463,5818,100,2,0,0
3239,11,5,768,0,1008,9,2,7,1,2,-70,1,1040,15458,208,100,4,0,0
3239,23,18,1280,0,664,4,24,7,1,1,-52,0,943,10556,155,100,2,0,0
3240,16,11,1024,0,1026,6,6,7,1,2,-52,0,616,7474,201,100,3,0,0
3240,28,18,1280,0,728,4,4,7,1,1,-95,1,1250,12636,200,100,2,0,0
3240,3,1,512,20,729,9,5,7,1,1,-76,2,1518,20816,216,100,3,0,0
3241,7,3,768,0,668,9,13,7,1,3,-70,0,492,6277,168,100,2,0,0
3240,25,21,1536,0,1031,7,14,7,1,2,-70,0,924,7167,197,100,2,0,0
3242,29,28,1536,0,740,4,8,7,1,1,-52,0,342,5480,194,100,1,0,0
3242,24,18,1280,0,742,5,14,7,1,1,-70,2,1303,12494,192,100,1,0,0
3241,13,9,1024,10,908,9,18,7,1,2,-70,1,1111,13208,166,100,3,0,0
3243,22,18,1280,0,701,6,7,7,1,1,-70,1,884,13571,188,100,2,0,0
3242,30,24,1536,0,672,8,6,7,1,3,-70,1,1592,14905,197,100,3,0,0
3242,12,8,1024,10,737,6,6,7,1,2,-70,1,871,10940,202,100,1,0,0
3243,4,1,512,0,701,8,6,7,2,1,-61,10,3798,18255,216,100,1,0,0
3243,27,22,1536,0,705,4,8,5,1,1,-52,0,618,10660,186,100,2,0,0
3243,14,8,1024,0,999,7,14,7,1,2,-70,1,1457,15287,198,100,3,0,0
3243,17,12,1280,0,737,3,11,7,1,1,-52,0,688,8384,187,100,1,0,0
3244,1,0,256,0,15,0,0,3,0,0,0,10,1724,13701,5834,100,1,0,0
3244,8,4,768,0,688,5,14,7,2,2,-70,10,3598,20517,212,100,1,0,0
3243,15,9,1024,0,728,5,484,7,1,1,-70,3,1431,13195,209,100,4,1,3
3243,18,8,1024,0,715,5,11,7,1,1,-95,8,3734,29700,210,100,2,0,0
3245,7,3,768,0,670,9,13,7,1,3,-70,0,530,4289,169,100,1,0,0
3244,9,4,768,0,1002,6,12,7,1,1,-52,6,2258,15973,213,100,2,0,0
3244,19,13,1280,10,978,8,24,7,1,3,-70,0,955,10251,159,100,4,0,0
3244,2,3,768,0,775,8,5,5,1,2,-52,0,579,7284,203,100,1,0,0
3245,5,1,512,10,993,9,2,7,1,1,-76,4,2087,18627,216,100,3,0,0
3246,23,18,1280,0,666,4,24,7,1,1,-52,0,502,6322,155,100,1,0,0
3246,29,28,1536,0,740,4,8,7,1,1,-52,0,262,4271,194,100,1,0,0
3246,6,5,768,10,750,6,5,5,1,2,-52,0,858,9454,199,100,2,0,0
3246,10,5,768,0,1022,4,13,7,1,1,-52,0,885,7847,194,100,3,0,0
3245,31,30,1792,10,762,7,11,5,1,2,-52,0,786,8574,179,100,2,0,0
3246,28,18,1280,0,731,4,4,7,1,1,-95,1,1057,8376,201,100,1,0,0
3247,21,15,1280,20,1004,6,6,7,1,1,-70,2,1675,18306,206,100,3,0,0
3247,22,18,1280,0,702,6,7,7,1,1,-70,1,637,5746,188,100,1,0,0
3247,3,1,512,0,730,9,5,7,1,1,-76,2,1461,13919,216,100,1,0,0
3248,24,18,1280,0,742,5,14,7,1,1,-70,2,867,8403,193,100,2,0,0
3248,11,5,768,0,1009,9,2,7,1,2,-70,1,953,13108,208,100,3,0,0
3246,26,21,1536,0,763,4,5,7,1,1,-52,0,525,7712,198,100,1,0,0
3247,12,8,1024,0,738,6,6,7,1,2,-70,1,609,7274,202,100,1,0,0
3247,13,9,1024,0,909,9,18,7,1,2,-70,1,887,8125,166,100,2,0,0
3249,8,4,768,0,688,5,14,7,2,2,-70,10,1874,11591,212,100,1,0,0
3247,20,14,1280,0,1064,4,13,7,1,1,-70,0,921,10212,198,100,2,0,0
3249,27,22,1536,0,707,4,8,5,1,1,-52,0,501,5998,186,100,1,0,0
3250,4,1,512,10,701,8,6,7,2,1,-61,10,4327,21001,216,100,1,0,0
3250,25,21,1536,0,1033,7,14,7,1,2,-70,0,697,9396,198,100,3,0,0
3250,16,11,1024,10,1029,6,6,7,1,2,-52,0,696,9269,202,100,3,0,0
3250,14,8,1024,0,1002,7,14,7,1,2,-70,1,928,8553,198,100,2,0,0
3249,19,13,1280,0,978,8,24,7,1,3,-70,0,345,5346,160,100,1,0,0
3251,7,3,768,0,674,9,13,7,1,3,-70,0,736,6695,169,100,1,0,0
3249,18,8,1024,20,716,5,11,7,1,1,-95,8,2286,17867,211,100,1,0,0
3251,5,1,512,20,993,9,2,7,1,1,-76,4,1119,11516,217,100,0,0,0
3249,15,9,1024,10,730,5,485,7,1,1,-70,3,1479,11198,209,100,3,1,3
3251,29,28,1536,0,740,4,8,7,1,1,-52,0,262,4275,194,100,1,0,0
3251,10,5,768,10,1023,4,13,7,1,1,-52,0,369,4911,194,100,1,0,0
3253,3,1,512,0,730,9,5,7,1,1,-76,2,663,8681,216,100,1,0,0
3251,31,30,1792,0,762,7,11,5,1,2,-52,0,451,5729,180,100,1,0,0
3251,20,14,1280,0,1066,4,13,7,1,1,-70,0,473,4204,198,100,2,0,0
3253,28,18,1280,0,731,4,4,7,1,1,-95,1,525,7796,201,100,1,0,0
3254,17,12,1280,0,740,3,11,7,1,1,-52,0,777,10107,187,100,2,0,0
3254,22,18,1280,0,705,6,7,7,1,1,-70,1,1046,9782,189,100,1,0,0
3254,1,0,256,0,15,0,0,3,0,0,0,10,2505,25251,5851,100,1,0,0
3254,13,9,1024,0,911,9,18,7,1,2,-70,1,817,9034,167,100,2,0,0
3253,30,24,1536,10,675,8,6,7,1,3,-70,1,1462,15123,198,100,2,0,0
3254,26,21,1536,0,765,4,5,7,1,1,-52,0,677,7521,199,100,2,0,0
3254,15,9,1024,0,730,5,486,7,1,1,-70,3,696,8266,210,100,2,1,3
3256,6,5,768,0,751,6,5,5,1,2,-52,0,592,9312,199,100,2,0,0
3255,27,22,1536,0,708,4,8,5,1,1,-52,0,546,6006,187,100,2,0,0
3256,4,1,512,10,702,8,6,7,2,1,-61,10,4230,20230,216,100,1,0,0
3255,9,4,768,20,1004,6,12,7,1,1,-52,6,3236,23822,213,100,3,0,0
3255,18,8,1024,10,717,5,11,7,1,1,-95,8,2240,15504,211,100,1,0,0
3256,23,18,1280,0,669,4,24,7,1,1,-52,0,809,9974,156,100,2,0,0
3256,21,15,1280,20,1010,6,6,7,1,1,-70,2,2202,18265,207,100,3,0,0
3255,31,30,1792,10,763,7,11,5,1,2,-52,0,370,4319,180,100,1,0,0
3255,25,21,1536,0,1038,7,14,7,1,2,-70,0,817,6037,198,100,2,0,0
3256,2,3,768,10,777,8,5,5,1,2,-52,0,559,10558,203,100,2,0,0
3258,8,4,768,0,688,5,14,7,2,2,-70,10,4410,25660,212,100,2,0,0
3256,12,8,1024,0,739,6,6,7,1,2,-70,1,1002,14552,203,100,2,0,0
3256,20,14,1280,10,1067,4,13,7,1,1,-70,0,427,4946,199,100,1,0,0
3259,11,5,768,0,1011,9,2,7,1,2,-70,1,1121,16084,209,100,4,0,0
3258,13,9,1024,0,912,9,18,7,1,2,-70,1,499,5432,167,100,2,0,0
3260,3,1,512,10,730,9,5,7,1,1,-76,2,1017,13481,217,100,1,0,0
3258,30,24,1536,10,678,8,6,7,1,3,-70,1,799,6533,198,100,1,0,0
3260,10,5,768,0,1029,4,13,7,1,1,-52,0,1021,8868,195,100,3,0,0
3260,7,3,768,0,676,9,13,7,1,3,-70,0,675,7933,170,100,2,0,0
3260,24,18,1280,0,743,5,14,7,1,1,-70,2,1710,16433,193,100,2,0,0
3260,5,1,512,0,997,9,2,7,1,1,-76,4,2299,20793,217,100,4,0,0
3260,21,15,1280,0,1011,6,6,7,1,1,-70,2,785,8323,207,100,1,0,0
3260,29,28,1536,0,741,4,8,7,1,1,-52,0,497,8551,195,100,1,0,0
3261,22,18,1280,0,705,6,7,7,1,1,-70,1,553,7907,189,100,1,0,0
3259,15,9,1024,0,731,5,487,7,1,1,-70,3,1085,9911,210,100,1,1,3
3260,19,13,1280,10,982,8,24,7,1,3,-70,0,848,9851,160,100,4,0,0
3261,1,0,256,0,15,0,0,3,0,0,0,10,2141,18448,5865,100,2,0,0
3259,16,11,1024,10,1033,6,6,7,1,2,-52,0,859,9485,203,100,3,0,0
3262,8,4,768,0,688,5,14,7,2,2,-70,10,1651,11237,213,100,0,0,0
3260,27,22,1536,0,708,4,8,5,1,1,-52,0,286,5440,187,100,1,0,0
3261,9,4,768,0,1007,6,12,7,1,1,-52,6,2113,14030,214,100,4,0,0
3262,14,8,1024,0,1005,7,14,7,1,2,-70,1,1480,15525,199,100,4,0,0
3261,17,12,1280,0,741,3,11,7,1,1,-52,0,475,8492,188,100,1,0,0
3263,2,3,768,0,778,8,5,5,1,2,-52,0,555,5725,204,100,1,0,0
3263,28,18,1280,0,732,4,4,7,1,1,-95,1,1009,12566,202,100,2,0,0
3263,23,18,1280,10,671,4,24,7,1,1,-52,0,501,6705,156,100,1,0,0
3262,31,30,1792,0,765,7,11,5,1,2,-52,0,526,6929,180,100,1,0,0
3263,18,8,1024,0,719,5,11,7,1,1,-95,8,2799,21815,211,100,1,0,0
3264,4,1,512,0,703,8,6,7,2,1,-61,10,6056,28591,217,100,3,0,0
3264,24,18,1280,0,743,5,14,7,1,1,-70,2,532,6247,194,100,1,0,0
3265,25,21,1536,0,1044,7,14,7,1,2,-70,0,1119,9459,199,100,4,0,0
3263,20,14,1280,0,1070,4,13,7,1,1,-70,0,622,6623,199,100,3,0,0
3266,6,5,768,0,754,6,5,5,1,2,-52,0,708,9978,200,100,1,0,0
3264,12,8,1024,0,741,6,6,7,1,2,-70,1,915,12802,203,100,1,0,0
3267,10,5,768,0,1030,4,13,7,1,1,-52,0,388,6278,195,100,2,0,0
3266,9,4,768,0,1010,6,12,7,1,1,-52,6,1085,8969,214,100,1,0,0
3266,21,15,1280,0,1014,6,6,7,1,1,-70,2,1326,11587,207,100,3,0,0
3266,11,5,768,0,1014,9,2,7,1,2,-70,1,1015,12015,209,100,2,0,0
3266,26,21,1536,0,769,4,5,7,1,1,-52,0,939,11467,200,100,2,0,0
3266,19,13,1280,0,986,8,24,7,1,3,-70,0,784,6920,161,100,3,0,0
3268,3,1,512,10,734,9,5,7,1,1,-76,2,1475,16252,217,100,2,0,0
3269,2,3,768,10,781,8,5,5,1,2,-52,0,497,5792,204,100,1,0,0
3269,4,1,512,0,705,8,6,7,2,1,-61,10,2950,15427,217,100,1,0,0
3270,5,1,512,0,1000,9,2,7,1,1,-76,4,2333,21960,218,100,4,0,0
3268,18,8,1024,20,721,5,11,7,1,1,-95,8,1655,15485,212,100,1,0,0
3268,31,30,1792,10,766,7,11,5,1,2,-52,0,343,5089,181,100,1,0,0
3271,7,3,768,0,680,9,13,7,1,3,-70,0,851,10870,170,100,3,0,0
3269,17,12,1280,0,743,3,11,7,1,1,-52,0,622,7218,188,100,2,0,0
3270,22,18,1280,0,707,6,7,7,1,1,-70,1,1088,11644,190,100,2,0,0
3269,30,24,1536,0,679,8,6,7,1,3,-70,1,1207,13745,199,100,1,0,0
3270,16,11,1024,0,1038,6,6,7,1,2,-52,0,1012,10812,203,100,4,0,0
3270,13,9,1024,10,918,9,18,7,1,2,-70,1,1611,15034,168,100,4,0,0
3271,1,0,256,0,15,0,0,3,0,0,0,10,2557,24458,5884,100,1,0,0
3270,27,22,1536,0,709,4,8,5,1,1,-52,0,473,8240,188,100,1,0,0
3270,28,18,1280,0,733,4,4,7,1,1,-95,1,587,9715,202,100,1,0,0
3271,23,18,1280,0,673,4,24,7,1,1,-52,0,673,7660,157,100,3,0,0
3271,8,4,768,0,690,5,14,7,2,2,-70,10,5070,29772,213,100,2,0,0
3272,9,4,768,10,1011,6,12,7,1,1,-52,6,1920,13719,215,100,1,0,0
3270,20,14,1280,10,1074,4,13,7,1,1,-70,0,863,7117,200,100,3,0,0
3273,2,3,768,0,783,8,5,5,1,2,-52,0,581,4230,204,100,1,0,0
3270,15,9,1024,0,733,6,489,7,1,1,-70,3,1896,18503,211,100,4,1,3
3274,6,5,768,0,756,6,5,5,1,2,-52,0,618,7538,200,100,2,0,0
3271,29,28,1536,0,743,4,8,7,1,1,-52,0,669,10587,195,100,2,0,0
3272,14,8,1024,0,1009,7,14,7,1,2,-70,1,1537,13785,200,100,4,0,0
3272,19,13,1280,0,987,8,24,7,1,3,-70,0,394,5501,161,100,1,0,0
3273,21,15,1280,0,1017,6,6,7,1,1,-70,2,1204,13819,208,100,2,0,0
3273,26,21,1536,10,773,4,5,7,1,1,-52,0,715,7470,200,100,1,0,0
3273,12,8,1024,0,743,6,6,7,1,2,-70,1,1122,13770,204,100,2,0,0
3273,31,30,1792,0,767,7,11,5,1,2,-52,0,502,5809,181,100,1,0,0
3275,4,1,512,10,705,8,6,7,2,1,-61,10,4507,20315,218,100,1,0,0
3275,28,18,1280,10,734,4,4,7,1,1,-95,1,757,6734,203,100,1,0,0
3276,3,1,512,0,737,9,5,7,1,1,-76,2,1777,16824,218,100,1,0,0
3276,25,21,1536,0,1048,7,14,7,1,2,-70,0,850,10165,199,100,4,0,0
3276,10,5,768,0,1034,4,13,7,1,1,-52,0,987,10094,196,100,4,0,0
3276,14,8,1024,0,1012,7,14,7,1,2,-70,1,664,5436,200,100,2,0,0
3276,24,18,1280,10,747,5,15,7,1,1,-70,2,1791,16092,195,100,3,0,0
3276,9,4,768,0,1012,6,12,7,1,1,-52,6,1288,9248,215,100,2,0,0
3277,11,5,768,0,1016,9,2,7,1,2,-70,1,1238,16568,210,100,4,0,0
3278,1,0,256,0,15,0,0,3,0,0,0,10,2049,17711,5898,100,2,0,0
3279,7,3,768,0,683,9,13,7,1,3,-70,0,686,7889,171,100,1,0,0
3278,30,24,1536,0,681,8,6,7,1,3,-70,1,998,11313,199,100,2,0,0
3278,23,18,1280,10,676,4,24,7,1,1,-52,0,525,7401,157,100,1,0,0
3278,8,4,768,10,691,5,14,7,2,2,-70,10,3150,19892,214,100,2,0,0
3277,17,12,1280,10,746,3,11,7,1,1,-52,0,581,8751,189,100,1,0,0
3279,5,1,512,0,1006,9,2,7,1,1,-76,4,2533,22582,218,100,3,0,0
3278,15,9,1024,10,735,6,491,7,1,1,-70,3,1632,13618,211,100,4,1,3
3277,31,30,1792,0,768,7,11,5,1,2,-52,0,370,4112,181,100,1,0,0
3279,21,15,1280,0,1019,6,6,7,1,1,-70,2,1220,11192,208,100,2,0,0
3279,18,8,1024,10,723,5,11,7,1,1,-95,8,3882,29261,213,100,2,0,0
3281,6,5,768,10,759,6,5,5,1,2,-52,0,660,7214,201,100,1,0,0
3279,29,28,1536,10,745,4,8,7,1,1,-52,0,739,7986,196,100,2,0,0
3279,19,13,1280,0,989,8,24,7,1,3,-70,0,551,6890,162,100,2,0,0
3280,20,14,1280,0,1077,4,13,7,1,1,-70,0,652,9179,200,100,2,0,0
3281,22,18,1280,10,709,6,7,7,1,1,-70,1,891,13617,190,100,2,0,0
3281,14,8,1024,0,1015,7,14,7,1,2,-70,1,842,6947,200,100,2,0,0
3282,10,5,768,0,1036,4,13,7,1,1,-52,0,524,5430,196,100,2,0,0
3281,27,22,1536,10,711,4,8,5,1,1,-52,0,562,9966,188,100,2,0,0
3282,9,4,768,10,1015,6,12,7,1,1,-52,6,1387,10199,215,100,2,0,0
3281,16,11,1024,10,1041,6,6,7,1,2,-52,0,896,10225,204,100,5,0,0
3282,28,18,1280,0,735,4,4,7,1,1,-95,1,713,8519,203,100,1,0,0
3281,13,9,1024,0,921,9,18,7,1,2,-70,1,1670,15512,168,100,4,0,0
3282,3,1,512,0,737,9,6,7,1,1,-76,2,776,11625,218,100,2,0,0
3283,4,1,512,20,706,8,6,7,2,1,-61,10,5327,26271,218,100,1,0,0
3282,2,3,768,10,787,8,5,5,1,2,-52,0,805,9645,205,100,2,0,0
3281,12,8,1024,0,747,6,6,7,1,2,-70,1,1160,12808,204,100,2,0,0
3282,26,21,1536,0,775,4,5,7,1,1,-52,0,702,8884,201,100,2,0,0
3284,1,0,256,0,15,0,0,3,0,0,0,10,1710,16648,5910,100,1,0,0
3284,8,4,768,0,692,6,14,7,2,2,-70,10,2936,15506,214,100,0,0,0
3283,29,28,1536,0,745,4,8,7,1,1,-52,0,412,4769,196,100,1,0,0
3284,30,24,1536,0,681,8,6,7,1,3,-70,1,732,8554,200,100,1,0,0
3285,24,18,1280,10,748,5,15,7,1,1,-70,2,1267,12036,195,100,1,0,0
3286,5,1,512,0,1010,9,2,7,1,1,-76,4,1761,16167,219,100,2,0,0
3286,22,18,1280,0,712,6,7,7,1,1,-70,1,1105,8081,191,100,1,0,0
3284,19,13,1280,0,991,8,24,7,1,3,-70,0,388,4581,162,100,2,0,0
3286,25,21,1536,10,1053,7,14,7,1,2,-70,0,1019,10063,200,100,3,0,0
3287,10,5,768,0,1038,4,13,7,1,1,-52,0,526,5422,197,100,2,0,0
3287,4,1,512,10,706,8,6,7,2,1,-61,10,3151,15267,219,100,1,0,0
3285,31,30,1792,0,771,7,11,5,1,2,-52,0,664,7163,182,100,1,0,0
3287,27,22,1536,0,712,4,8,5,1,1,-52,0,557,6194,189,100,1,0,0
3287,28,18,1280,0,736,4,4,7,1,1,-95,1,663,6463,204,100,1,0,0
3288,21,15,1280,0,1022,6,6,7,1,1,-70,2,1453,16350,209,100,4,0,0
3288,11,5,768,0,1020,9,2,7,1,2,-70,1,1393,17327,211,100,4,0,0
3287,13,9,1024,0,923,9,18,7,1,2,-70,1,861,7565,169,100,2,0,0
3288,18,8,1024,0,723,5,11,7,1,1,-95,8,3585,25134,213,100,2,0,0
3290,7,3,768,0,687,9,13,7,1,3,-70,0,937,11039,172,100,2,0,0
3288,12,8,1024,10,748,6,6,7,1,2,-70,1,739,9959,205,100,1,0,0
3290,9,4,768,0,1018,6,12,7,1,1,-52,6,2521,18175,216,100,2,0,0
3290,8,4,768,0,692,6,14,7,2,2,-70,10,2560,15907,215,100,1,0,0
3288,15,9,1024,0,736,6,493,7,1,1,-70,3,1628,17444,212,100,4,1,3
3290,6,5,768,0,761,6,5,5,1,2,-52,0,643,9399,201,100,2,0,0
3288,20,14,1280,0,1079,4,13,7,1,1,-70,0,691,8202,201,100,4,0,0
3290,23,18,1280,0,682,4,24,7,1,1,-52,0,1262,12316,158,100,2,0,0
3290,24,18,1280,0,750,5,15,7,1,1,-70,2,771,7187,195,100,1,0,0
3289,17,12,1280,0,749,3,11,7,1,1,-52,0,941,11580,190,100,2,0,0
3292,2,3,768,0,790,8,5,5,1,2,-52,0,889,8496,206,100,2,0,0
3291,1,0,256,0,15,0,0,3,0,0,0,10,2124,18764,5924,100,1,0,0
3292,14,8,1024,0,1019,7,14,7,1,2,-70,1,1224,13725,201,100,3,0,0
3292,5,1,512,10,1012,9,2,7,1,1,-76,4,1590,13581,219,100,3,0,0
3294,11,5,768,0,1022,9,2,7,1,2,-70,1,620,6843,211,100,2,0,0
3292,19,13,1280,10,996,8,24,7,1,3,-70,0,1084,7932,162,100,4,0,0
3293,16,11,1024,0,1046,6,6,7,1,2,-52,0,1037,11453,205,100,4,0,0
3292,31,30,1792,0,773,7,11,5,1,2,-52,0,622,6769,182,100,2,0,0
3294,28,18,1280,0,737,4,4,7,1,1,-95,1,650,8421,204,100,1,0,0
3294,3,1,512,10,737,9,6,7,1,1,-76,2,1720,21986,219,100,2,0,0
3293,26,21,1536,0,776,4,5,7,1,1,-52,0,497,9904,202,100,1,0,0
3294,4,1,512,10,710,8,6,7,2,1,-61,10,4661,23602,219,100,1,0,0
3294,22,18,1280,0,714,6,7,7,1,1,-70,1,796,10276,191,100,1,0,0
3295,8,4,768,10,694,6,14,7,2,2,-70,10,2271,14584,215,100,1,0,0
3294,30,24,1536,0,683,8,6,7,1,3,-70,1,1306,12877,200,100,2,0,0
3293,20,14,1280,0,1082,4,13,7,1,1,-70,0,579,4989,201,100,2,0,0
3295,25,21,1536,0,1057,7,14,7,1,2,-70,0,811,8628,201,100,3,0,0
3295,17,12,1280,0,751,3,11,7,1,1,-52,0,478,4421,190,100,1,0,0
3295,23,18,1280,0,682,4,24,7,1,1,-52,0,289,4708,158,100,1,0,0
3295,18,8,1024,20,723,5,11,7,1,1,-95,8,2195,19964,214,100,1,0,0
3295,13,9,1024,0,930,9,18,7,1,2,-70,1,1620,11662,169,100,3,0,0
3295,27,22,1536,0,715,4,8,5,1,1,-52,0,728,7668,189,100,2,0,0
3295,29,28,1536,0,747,4,8,7,1,1,-52,0,725,11087,197,100,2,0,0
3297,7,3,768,0,691,9,13,7,1,3,-70,0,834,8132,172,100,2,0,0
3297,12,8,1024,10,751,6,6,7,1,2,-70,1,1004,12301,205,100,1,0,0
3297,19,13,1280,0,999,8,24,7,1,3,-70,0,564,5331,163,100,1,0,0
3299,5,1,512,0,1015,9,2,7,1,1,-76,4,1582,15062,220,100,2,0,0
3299,10,5,768,0,1045,4,13,7,1,1,-52,0,1192,12138,197,100,4,0,0
3297,31,30,1792,0,773,7,11,5,1,2,-52,0,222,4406,183,100,0,0,0
3299,9,4,768,10,1021,6,12,7,1,1,-52,6,2679,21221,216,100,4,0,0
3300,1,0,256,0,15,0,0,3,0,0,0,10,2238,20820,5941,100,2,0,0
3299,6,5,768,0,762,6,5,5,1,2,-52,0,591,9457,202,100,2,0,0
3296,21,15,1280,0,1026,6,6,7,1,1,-70,2,1875,20627,209,100,4,0,0
3300,4,1,512,10,711,8,6,7,2,1,-61,10,4251,19645,219,100,1,0,0
3298,15,9,1024,10,740,6,495,7,1,1,-70,3,1755,17211,213,100,3,1,3
3299,24,18,1280,10,752,5,15,7,1,1,-70,2,1471,12001,196,100,2,0,0
3299,22,18,1280,20,716,6,7,7,1,1,-70,1,785,6601,192,100,1,0,0
3299,26,21,1536,0,777,4,5,7,1,1,-52,0,490,5655,202,100,2,0,0
3301,14,8,1024,10,1025,7,15,7,1,2,-70,1,1631,12902,202,100,4,0,0
3302,3,1,512,0,741,9,6,7,1,1,-76,2,1401,14274,220,100,2,0,0
3301,12,8,1024,10,754,6,6,7,1,2,-70,1,860,7428,206,100,1,0,0
3299,30,24,1536,0,683,8,6,7,1,3,-70,1,624,6639,201,100,1,0,0
3302,2,3,768,0,793,8,5,5,1,2,-52,0,652,9823,206,100,1,0,0
3300,27,22,1536,0,717,4,8,5,1,1,-52,0,532,5128,190,100,1,0,0
3301,19,13,1280,0,999,8,24,7,1,3,-70,0,263,4101,163,100,1,0,0
3303,11,5,768,10,1027,9,2,7,1,2,-70,1,1390,15868,212,100,4,0,0
3301,23,18,1280,10,683,4,24,7,1,1,-52,0,426,5752,159,100,1,0,0
3302,7,3,768,0,692,9,13,7,1,3,-70,0,367,4588,172,100,1,0,0
3302,25,21,1536,0,1062,7,14,7,1,2,-70,0,914,7011,201,100,3,0,0
3303,16,11,1024,0,1049,6,6,7,1,2,-52,0,814,9468,205,100,3,0,0
3302,28,18,1280,0,739,4,4,7,1,1,-95,1,888,9748,204,100,2,0,0
3302,15,9,1024,0,742,6,496,7,1,1,-70,3,1080,8015,213,100,2,1,3
3303,31,30,1792,10,775,7,11,5,1,2,-52,0,394,5481,183,100,1,0,0
3304,1,0,256,0,15,0,0,3,0,0,0,10,1607,13089,5952,100,0,0,0
3304,17,12,1280,0,752,3,11,7,1,1,-52,0,763,9189,191,100,2,0,0
3305,8,4,768,0,695,6,14,7,2,2,-70,10,5454,29459,216,100,2,0,0
3306,6,5,768,0,764,6,5,5,1,2,-52,0,497,6079,202,100,1,0,0
3305,12,8,1024,10,756,6,6,7,1,2,-70,1,677,6682,206,100,1,0,0
3305,29,28,1536,0,749,4,8,7,1,1,-52,0,702,9805,198,100,2,0,0
3305,20,14,1280,0,1088,4,13,7,1,1,-70,0,1036,11857,202,100,4,0,0
3306,18,8,1024,20,727,5,11,7,1,1,-95,8,4177,31079,214,100,2,0,0
3307,4,1,512,20,713,8,6,7,2,1,-61,10,4858,23712,220,100,1,0,0
3307,9,4,768,10,1023,6,12,7,1,1,-52,6,2297,17154,217,100,3,0,0
3306,27,22,1536,0,718,4,8,5,1,1,-52,0,393,5539,190,100,1,0,0
3305,13,9,1024,0,936,9,19,7,1,2,-70,1,1625,14238,170,100,5,0,0
3306,25,21,1536,0,1065,7,14,7,1,2,-70,0,603,5123,201,100,2,0,0
3309,10,5,768,0,1048,4,13,7,1,1,-52,0,798,9761,198,100,4,0,0
3307,23,18,1280,10,684,4,24,7,1,1,-52,0,395,5836,159,100,1,0,0
3307,22,18,1280,0,719,6,7,7,1,1,-70,1,1337,11220,192,100,2,0,0
3309,16,11,1024,0,1051,6,6,7,1,2,-52,0,593,6292,206,100,2,0,0
3308,24,18,1280,0,757,5,15,7,1,1,-70,2,1436,13071,197,100,1,0,0
3307,26,21,1536,0,778,4,5,7,1,1,-52,0,498,8813,203,100,1,0,0
3309,17,12,1280,0,752,3,11,7,1,1,-52,0,263,4363,191,100,1,0,0
3310,5,1,512,0,1020,9,2,7,1,1,-76,4,3091,26683,221,100,4,0,0
3310,3,1,512,10,744,9,6,7,1,1,-76,2,1467,17548,220,100,1,0,0
3308,21,15,1280,0,1030,6,6,7,1,1,-70,2,2190,21693,210,100,4,0,0
3309,31,30,1792,0,776,7,11,5,1,2,-52,0,599,6200,183,100,2,0,0
3312,11,5,768,0,1032,9,2,7,1,2,-70,1,1378,14704,212,100,3,0,0
3312,9,4,768,10,1024,6,12,7,1,1,-52,6,1403,10280,217,100,2,0,0
3311,30,24,1536,0,687,8,6,7,1,3,-70,1,1516,15696,201,100,2,0,0
3310,15,9,1024,0,744,6,498,7,1,1,-70,3,1473,13867,213,100,4,1,3
3313,1,0,256,0,15,0,0,3,0,0,0,10,2089,21147,5966,100,2,0,0
3313,6,5,768,0,764,6,5,5,1,2,-52,0,363,7489,203,100,1,0,0
3313,8,4,768,20,696,6,14,7,2,2,-70,10,3376,22110,216,100,2,0,0
3313,2,3,768,10,798,8,5,5,1,2,-52,0,1019,11168,207,100,2,0,0
3313,14,8,1024,0,1032,7,15,7,1,2,-70,1,1721,15938,203,100,5,0,0
3312,28,18,1280,0,741,4,4,7,1,1,-95,1,1144,13213,205,100,2,0,0
3313,7,3,768,10,694,9,13,7,1,3,-70,0,699,10566,173,100,2,0,0
3313,22,18,1280,0,722,6,7,7,1,1,-70,1,847,7251,193,100,1,0,0
3313,17,12,1280,0,753,3,11,7,1,1,-52,0,436,4765,191,100,1,0,0
3313,23,18,1280,0,686,5,24,7,1,1,-52,0,606,6288,159,100,1,0,0
3312,13,9,1024,0,939,9,19,7,1,2,-70,1,1019,9548,171,100,2,0,0
3313,19,13,1280,0,1004,8,24,7,1,3,-70,0,928,11352,164,100,4,0,0
3315,12,8,1024,10,758,6,6,7,1,2,-70,1,1011,14260,206,100,3,0,0
3314,18,8,1024,10,727,5,11,7,1,1,-95,8,3102,22848,215,100,1,0,0
3313,24,18,1280,0,759,5,15,7,1,1,-70,2,1050,8415,197,100,1,0,0
3314,20,14,1280,0,1092,4,13,7,1,1,-70,0,990,8852,203,100,4,0,0
3316,16,11,1024,10,1054,6,6,7,1,2,-52,0,699,7325,206,100,3,0,0
3314,25,21,1536,0,1068,7,14,7,1,2,-70,0,683,7666,202,100,2,0,0
3316,3,1,512,10,744,9,6,7,1,1,-76,2,950,10978,221,100,1,0,0
3315,27,22,1536,0,720,4,8,5,1,1,-52,0,701,9579,191,100,2,0,0
3317,14,8,1024,0,1035,7,15,7,1,2,-70,1,821,5846,203,100,2,0,0
3315,26,21,1536,10,781,4,5,7,1,1,-52,0,691,7574,203,100,2,0,0
3317,28,18,1280,0,744,4,4,7,1,1,-95,1,641,6128,205,100,1,0,0
3318,5,1,512,0,1023,9,2,7,1,1,-76,4,1911,18557,221,100,4,0,0
3316,29,28,1536,0,749,4,9,7,1,1,-52,0,459,9717,198,100,3,0,0
3318,1,0,256,0,15,0,0,3,0,0,0,10,1815,14318,5981,100,1,0,0
3318,10,5,768,0,1052,4,13,7,1,1,-52,0,903,10087,199,100,4,0,0
3316,15,9,1024,0,746,6,499,7,1,1,-70,3,1188,11614,214,100,2,1,3
3317,19,13,1280,0,1007,8,24,7,1,3,-70,0,580,4605,164,100,2,0,0
3319,4,1,512,10,717,8,6,7,2,1,-61,10,8775,41282,221,100,2,0,0
3318,13,9,1024,0,940,9,19,7,1,2,-70,1,841,7970,171,100,2,0,0
3317,21,15,1280,0,1031,6,6,7,1,1,-70,2,1198,16749,211,100,2,0,0
3319,24,18,1280,0,761,5,15,7,1,1,-70,2,860,7962,197,100,2,0,0
3321,12,8,1024,10,759,6,6,7,1,2,-70,1,764,10457,207,100,1,0,0
3322,11,5,768,10,1034,9,2,7,1,2,-70,1,1190,15910,213,100,3,0,0
3321,7,3,768,0,695,9,13,7,1,3,-70,0,497,8639,174,100,1,0,0
3321,28,18,1280,0,744,4,4,7,1,1,-95,1,580,5733,206,100,0,0,0
3321,16,11,1024,0,1058,6,6,7,1,2,-52,0,710,5529,206,100,2,0,0
3321,23,18,1280,0,686,5,24,7,1,1,-52,0,464,7597,160,100,2,0,0
3321,31,30,1792,0,779,7,11,5,1,2,-52,0,1001,11549,184,100,2,0,0
3322,2,3,768,0,802,8,5,5,1,2,-52,0,915,9163,208,100,2,0,0
3323,22,18,1280,0,724,6,7,7,1,1,-70,1,926,12556,193,100,1,0,0
3322,29,28,1536,0,751,4,9,7,1,1,-52,0,556,5720,199,100,1,0,0
3323,17,12,1280,0,753,3,11,7,1,1,-52,0,367,8641,192,100,1,0,0
3324,3,1,512,0,745,9,6,7,1,1,-76,2,1294,14853,221,100,2,0,0
3324,9,4,768,0,1029,6,12,7,1,1,-52,6,3618,26644,218,100,4,0,0
3324,14,8,1024,0,1036,7,15,7,1,2,-70,1,552,8743,203,100,2,0,0
3323,25,21,1536,0,1073,7,14,7,1,2,-70,0,825,8202,202,100,4,0,0
3324,6,5,768,0,770,6,5,5,1,2,-52,0,1223,11813,204,100,3,0,0
3323,30,24,1536,0,693,8,6,7,1,3,-70,1,1658,16195,202,100,2,0,0
3324,8,4,768,0,699,6,14,7,2,2,-70,10,6061,33734,217,100,2,0,0
3323,21,15,1280,0,1034,6,6,7,1,1,-70,2,1081,10183,211,100,2,0,0
3325,4,1,512,10,720,8,6,7,2,1,-61,10,3882,19144,221,100,2,0,0
3326,16,11,1024,0,1063,6,6,7,1,2,-52,0,752,5096,207,100,1,0,0
3324,26,21,1536,0,783,4,5,7,1,1,-52,0,688,9189,204,100,1,0,0
3326,20,14,1280,0,1096,4,13,7,1,1,-70,0,752,9740,203,100,3,0,0
3325,27,22,1536,0,725,4,8,5,1,1,-52,0,857,9121,191,100,3,0,0
3325,23,18,1280,0,687,5,24,7,1,1,-52,0,370,4262,160,100,1,0,0
3326,11,5,768,10,1036,9,2,7,1,2,-70,1,1099,8894,214,100,2,0,0
3326,12,8,1024,0,762,6,6,7,1,2,-70,1,847,8536,207,100,1,0,0
3326,18,8,1024,0,730,5,11,7,1,1,-95,8,4244,32901,216,100,3,0,0
3327,1,0,256,0,15,0,0,3,0,0,0,10,2323,22777,5995,100,2,0,0
3328,5,1,512,0,1027,9,2,7,1,1,-76,4,2771,23640,222,100,3,0,0
3326,31,30,1792,0,780,7,11,5,1,2,-52,0,438,4993,184,100,1,0,0
3326,15,9,1024,0,749,6,501,7,1,1,-70,3,1723,17402,214,100,3,1,3
3327,14,8,1024,0,1039,7,15,7,1,2,-70,1,996,7002,204,100,2,0,0
3327,19,13,1280,0,1012,8,24,7,1,3,-70,0,1012,9723,165,100,4,0,0
3328,6,5,768,0,770,6,5,5,1,2,-52,0,188,4746,204,100,0,0,0
3330,10,5,768,0,1058,4,13,7,1,1,-52,0,1086,12063,199,100,4,0,0
3329,24,18,1280,0,762,5,15,7,1,1,-70,2,1341,13698,198,100,1,0,0
3330,20,14,1280,0,1100,4,13,7,1,1,-70,0,742,5147,204,100,2,0,0
3329,28,18,1280,0,749,4,4,7,1,1,-95,1,1264,11283,206,100,2,0,0
3330,18,8,1024,0,733,5,11,7,1,1,-95,8,1665,12364,216,100,0,0,0
3329,25,21,1536,0,1076,7,14,7,1,2,-70,0,659,6075,203,100,2,0,0
3329,17,12,1280,0,755,3,11,7,1,1,-52,0,623,7309,192,100,2,0,0
3329,13,9,1024,10,946,9,19,7,1,2,-70,1,1485,14350,172,100,4,0,0
3331,2,3,768,0,803,8,5,5,1,2,-52,0,535,8966,208,100,2,0,0
3330,23,18,1280,0,687,5,24,7,1,1,-52,0,319,4786,161,100,1,0,0
3332,27,22,1536,0,726,4,8,5,1,1,-52,0,546,5908,192,100,2,0,0
3331,30,24,1536,0,696,8,6,7,1,3,-70,1,1230,11425,203,100,2,0,0
3332,8,4,768,0,702,6,14,7,2,2,-70,10,4671,25227,218,100,1,0,0
3330,21,15,1280,0,1036,6,6,7,1,1,-70,2,1414,15092,212,100,3,0,0
3332,7,3,768,0,697,9,13,7,1,3,-70,0,820,10878,175,100,3,0,0
3332,12,8,1024,0,767,6,6,7,1,2,-70,1,1287,10425,208,100,2,0,0
3332,16,11,1024,0,1068,6,6,7,1,2,-52,0,937,7772,207,100,3,0,0
3331,19,13,1280,0,1013,8,24,7,1,3,-70,0,372,4030,165,100,1,0,0
3331,22,18,1280,0,724,6,7,7,1,1,-70,1,1085,12678,194,100,2,0,0
3331,29,28,1536,0,752,4,9,7,1,1,-52,0,441,8934,199,100,1,0,0
3332,15,9,1024,0,752,6,503,7,1,1,-70,3,1509,10540,215,100,4,1,3
3334,4,1,512,20,720,8,6,7,2,1,-61,10,6776,31827,222,100,1,0,0
3333,31,30,1792,10,782,7,11,5,1,2,-52,0,557,7309,185,100,1,0,0
3334,6,5,768,10,773,6,5,5,1,2,-52,0,580,5519,204,100,1,0,0
3335,9,4,768,0,1034,6,12,7,1,1,-52,6,3788,25472,219,100,5,0,0
3336,3,1,512,0,746,9,6,7,1,1,-76,2,1558,22109,222,100,2,0,0
3335,24,18,1280,0,764,5,15,7,1,1,-70,2,992,8277,198,100,1,0,0
3335,11,5,768,0,1040,9,2,7,1,2,-70,1,1257,14105,214,100,4,0,0
3334,27,22,1536,0,728,4,8,5,1,1,-52,0,379,4529,192,100,0,0,0
3336,10,5,768,0,1061,4,13,7,1,1,-52,0,659,6856,200,100,2,0,0
3335,30,24,1536,10,696,8,6,7,1,3,-70,1,435,5329,203,100,0,0,0
3336,14,8,1024,10,1041,7,15,7,1,2,-70,1,941,11485,204,100,2,0,0
3337,16,11,1024,0,1070,6,6,7,1,2,-52,0,527,4741,208,100,2,0,0
3334,26,21,1536,0,785,4,5,7,1,1,-52,0,725,11356,205,100,2,0,0
3338,5,1,512,0,1030,9,2,7,1,1,-76,4,2754,23949,222,100,3,0,0
3338,20,14,1280,0,1103,4,13,7,1,1,-70,0,724,7341,204,100,3,0,0
3337,22,18,1280,0,725,6,7,7,1,1,-70,1,661,7071,194,100,1,0,0
3338,1,0,256,0,15,0,0,3,0,0,0,10,3164,29222,6018,100,2,0,0
3336,21,15,1280,0,1040,6,6,7,1,1,-70,2,1239,11511,212,100,2,0,0
3338,19,13,1280,0,1016,8,24,7,1,3,-70,0,659,6729,166,100,2,0,0
3338,28,18,1280,0,753,4,4,7,1,1,-95,1,1304,13004,207,100,2,0,0
3338,17,12,1280,10,756,3,11,7,1,1,-52,0,474,8666,193,100,1,0,0
3340,3,1,512,0,746,9,6,7,1,1,-76,2,481,8631,222,100,1,0,0
3339,23,18,1280,0,690,5,24,7,1,1,-52,0,656,9110,161,100,1,0,0
3340,13,9,1024,0,950,9,19,7,1,2,-70,1,1620,13679,172,100,3,0,0
3339,12,8,1024,0,770,6,6,7,1,2,-70,1,1025,12085,208,100,2,0,0
3341,8,4,768,10,704,6,14,7,2,2,-70,10,3868,24416,218,100,2,0,0
3340,7,3,768,10,699,9,13,7,1,3,-70,0,499,7343,175,100,1,0,0
3338,25,21,1536,0,1081,7,14,7,1,2,-70,0,1018,10260,204,100,3,0,0
3340,30,24,1536,0,697,8,6,7,1,3,-70,1,507,6188,203,100,1,0,0
3341,18,8,1024,20,733,5,11,7,1,1,-95,8,3983,31284,217,100,2,0,0
3341,29,28,1536,0,752,4,9,7,1,1,-52,0,487,8761,200,100,2,0,0
3340,21,15,1280,0,1042,6,6,7,1,1,-70,2,898,8012,212,100,1,0,0
3342,11,5,768,0,1041,9,2,7,1,2,-70,1,894,10998,215,100,1,0,0
3342,2,3,768,0,807,8,5,5,1,2,-52,0,930,10786,209,100,3,0,0
3343,4,1,512,0,723,8,7,7,2,1,-61,10,5827,29693,222,100,3,0,0
3343,27,22,1536,0,733,4,8,5,1,1,-52,0,992,7587,193,100,3,0,0
3344,6,5,768,0,776,6,5,5,1,2,-52,0,830,10406,205,100,2,0,0
3343,31,30,1792,0,786,7,11,5,1,2,-52,0,917,9780,186,100,2,0,0
3345,15,9,1024,0,755,6,505,7,1,1,-70,3,1913,20001,216,100,3,1,3
3345,20,14,1280,0,1105,4,13,7,1,1,-70,0,576,8047,205,100,2,0,0
3344,22,18,1280,0,726,6,7,7,1,1,-70,1,948,9659,195,100,1,0,0
3346,9,4,768,10,1040,6,12,7,1,1,-52,6,3163,23862,219,100,3,0,0
3346,1,0,256,0,15,0,0,3,0,0,0,10,2115,19934,6035,100,1,0,0
3346,8,4,768,0,705,6,14,7,2,2,-70,10,2567,14852,219,100,1,0,0
3347,10,5,768,0,1063,4,13,7,1,1,-52,0,695,10377,201,100,3,0,0
3345,28,18,1280,0,755,4,4,7,1,1,-95,1,740,7623,207,100,1,0,0
3346,16,11,1024,0,1073,6,6,7,1,2,-52,0,650,8773,208,100,2,0,0
3347,14,8,1024,0,1044,7,15,7,1,2,-70,1,1570,13936,205,100,3,0,0
3344,26,21,1536,0,788,4,5,7,1,1,-52,0,753,9020,205,100,2,0,0
3348,18,8,1024,20,734,5,11,7,1,1,-95,8,2099,16182,217,100,1,0,0
3347,24,18,1280,0,765,5,15,7,1,1,-70,2,1493,15874,199,100,2,0,0
3348,5,1,512,0,1035,9,2,7,1,1,-76,4,2608,24846,223,100,3,0,0
3346,23,18,1280,0,692,5,24,7,1,1,-52,0,678,7919,162,100,2,0,0
3349,13,9,1024,0,952,9,19,7,1,2,-70,1,878,11005,173,100,3,0,0
3348,29,28,1536,0,754,4,9,7,1,1,-52,0,556,7136,201,100,1,0,0
3350,3,1,512,0,747,9,6,7,1,1,-76,2,1440,18070,223,100,1,0,0
3350,12,8,1024,0,772,6,6,7,1,2,-70,1,986,14410,209,100,3,0,0
3347,30,24,1536,0,700,8,6,7,1,3,-70,1,1286,11177,204,100,2,0,0
3350,19,13,1280,0,1026,8,24,7,1,3,-70,0,1515,12512,166,100,4,0,0
3351,11,5,768,10,1047,9,2,7,1,2,-70,1,1278,13666,215,100,4,0,0
3350,7,3,768,10,702,9,13,7,1,3,-70,0,808,9880,176,100,2,0,0
3351,15,9,1024,10,757,6,507,7,1,1,-70,3,1207,10684,216,100,4,1,3
3351,28,18,1280,0,757,4,4,7,1,1,-95,1,916,8092,208,100,1,0,0
3350,17,12,1280,0,759,3,11,7,1,1,-52,0,834,11619,194,100,2,0,0
3352,6,5,768,0,778,6,5,5,1,2,-52,0,651,7300,206,100,2,0,0
3353,5,1,512,0,1036,9,2,7,1,1,-76,4,1065,9368,223,100,2,0,0
3349,25,21,1536,0,1084,7,14,7,1,2,-70,0,768,10341,204,100,4,0,0
3352,8,4,768,0,709,6,14,7,2,2,-70,10,3037,17825,219,100,1,0,0
3350,21,15,1280,0,1046,6,6,7,1,1,-70,2,1688,19229,213,100,3,0,0
3352,24,18,1280,0,766,5,15,7,1,1,-70,2,850,7495,200,100,2,0,0
3353,10,5,768,0,1066,4,13,7,1,1,-52,0,626,6583,201,100,2,0,0
3354,9,4,768,10,1043,6,12,7,1,1,-52,6,2310,16685,220,100,2,0,0
3353,1,0,256,0,15,0,0,3,0,0,0,10,1946,18468,6048,100,1,0,0
3354,22,18,1280,0,729,6,7,7,1,1,-70,1,948,11275,195,100,2,0,0
3353,2,3,768,10,814,8,5,5,1,2,-52,0,1127,11254,210,100,2,0,0
3353,20,14,1280,0,1109,4,13,7,1,1,-70,0,925,8858,205,100,3,0,0
3353,27,22,1536,0,737,4,8,5,1,1,-52,0,859,10392,193,100,2,0,0
3354,4,1,512,0,725,8,7,7,2,1,-61,10,7621,37780,223,100,2,0,0
3353,30,24,1536,0,701,8,6,7,1,3,-70,1,507,7158,204,100,1,0,0
3353,31,30,1792,0,791,7,11,5,1,2,-52,0,991,10741,186,100,2,0,0
3353,26,21,1536,10,791,4,5,7,1,1,-52,0,784,9073,206,100,2,0,0
3357,3,1,512,0,751,9,6,7,1,1,-76,2,1381,13701,223,100,1,0,0
3356,12,8,1024,20,775,6,6,7,1,2,-70,1,855,10153,209,100,1,0,0
3355,29,28,1536,0,756,4,9,7,1,1,-52,0,621,6685,201,100,2,0,0
3356,16,11,1024,0,1078,6,6,7,1,2,-52,0,1011,10068,209,100,4,0,0
3355,17,12,1280,0,760,3,11,7,1,1,-52,0,395,4652,194,100,1,0,0
3357,15,9,1024,0,758,6,508,7,1,1,-70,3,1171,9446,216,100,2,1,3
3357,14,8,1024,0,1047,7,15,7,1,2,-70,1,1371,13472,206,100,4,0,0
3358,18,8,1024,10,737,5,11,7,1,1,-95,8,3620,27755,218,100,2,0,0
3357,23,18,1280,0,693,5,24,7,1,1,-52,0,442,9047,162,100,1,0,0
3358,13,9,1024,10,956,9,19,7,1,2,-70,1,1250,12382,174,100,3,0,0
3359,28,18,1280,0,757,4,4,7,1,1,-95,1,688,10184,208,100,1,0,0
3359,8,4,768,0,709,6,14,7,2,2,-70,10,3640,21160,219,100,1,0,0
3358,21,15,1280,0,1050,6,6,7,1,1,-70,2,1612,15054,213,100,3,0,0
3360,22,18,1280,0,732,6,7,7,1,1,-70,1,1026,8943,196,100,1,0,0
3360,6,5,768,0,779,6,5,5,1,2,-52,0,414,7378,206,100,1,0,0
3359,19,13,1280,0,1029,8,24,7,1,3,-70,0,806,9639,167,100,3,0,0
3360,29,28,1536,0,758,4,9,7,1,1,-52,0,379,4805,201,100,0,0,0
3362,10,5,768,0,1069,4,13,7,1,1,-52,0,772,7890,202,100,4,0,0
3361,27,22,1536,0,738,4,8,5,1,1,-52,0,474,6818,194,100,1,0,0
3361,2,3,768,10,817,8,5,5,1,2,-52,0,631,7471,210,100,1,0,0
3362,11,5,768,10,1051,9,2,7,1,2,-70,1,1542,17521,216,100,4,0,0
3361,7,3,768,0,703,9,13,7,1,3,-70,0,561,10312,176,100,2,0,0
3361,16,11,1024,0,1080,6,6,7,1,2,-52,0,497,5541,209,100,2,0,0
3362,4,1,512,0,728,8,7,7,2,1,-61,10,5520,27163,224,100,1,0,0
3363,14,8,1024,0,1048,7,15,7,1,2,-70,1,534,6913,206,100,2,0,0
3361,30,24,1536,0,702,8,6,7,1,3,-70,1,970,10309,205,100,1,0,0
3364,24,18,1280,0,770,5,15,7,1,1,-70,2,1583,14805,200,100,1,0,0
3364,5,1,512,0,1040,9,2,7,1,1,-76,4,2803,26002,224,100,4,0,0
3363,9,4,768,10,1046,6,12,7,1,1,-52,6,2704,21325,221,100,4,0,0
3361,25,21,1536,0,1089,7,14,7,1,2,-70,0,1037,11468,205,100,4,0,0
3363,13,9,1024,0,957,9,19,7,1,2,-70,1,765,7248,174,100,2,0,0
3364,1,0,256,0,15,0,0,3,0,0,0,10,3093,27419,6072,100,2,0,0
3363,17,12,1280,0,762,3,11,7,1,1,-52,0,678,8189,195,100,2,0,0
3364,8,4,768,0,711,6,14,7,2,2,-70,10,2327,14308,220,100,1,0,0
3366,3,1,512,0,752,9,6,7,1,1,-76,2,1428,17139,224,100,2,0,0
3365,20,14,1280,0,1115,4,13,7,1,1,-70,0,1119,11662,206,100,4,0,0
3364,21,15,1280,0,1053,6,6,7,1,1,-70,2,1070,11355,214,100,2,0,0
3367,12,8,1024,0,778,6,6,7,1,2,-70,1,1515,16699,210,100,2,0,0
3366,6,5,768,0,780,6,5,5,1,2,-52,0,446,5883,207,100,1,0,0
3365,31,30,1792,10,796,7,11,5,1,2,-52,0,1024,11190,187,100,2,0,0
3365,19,13,1280,10,1032,8,24,7,1,3,-70,0,496,6004,167,100,2,0,0
3367,14,8,1024,10,1050,7,15,7,1,2,-70,1,585,5663,206,100,1,0,0
3367,18,8,1024,10,737,5,11,7,1,1,-95,8,3207,26711,218,100,2,0,0
3365,26,21,1536,0,794,4,5,7,1,1,-52,0,899,11766,207,100,2,0,0
3367,23,18,1280,0,698,5,24,7,1,1,-52,0,1023,10283,163,100,2,0,0
3369,10,5,768,0,1071,4,13,7,1,1,-52,0,494,6789,202,100,2,0,0
3367,15,9,1024,0,762,6,510,7,1,1,-70,3,2174,20523,217,100,4,1,3
3369,24,18,1280,0,771,5,15,7,1,1,-70,2,694,7391,201,100,1,0,0
3369,1,0,256,0,15,0,0,3,0,0,0,10,1208,12677,6079,100,1,0,0
3369,13,9,1024,0,959,9,19,7,1,2,-70,1,884,8562,174,100,2,0,0
3369,30,24,1536,0,702,8,6,7,1,3,-70,1,614,8988,205,100,1,0,0
3369,29,28,1536,0,763,4,9,7,1,1,-52,0,1022,9216,202,100,2,0,0
3369,7,3,768,0,703,9,13,7,1,3,-70,0,365,7873,177,100,1,0,0
3370,2,3,768,0,819,8,5,5,1,2,-52,0,782,8306,211,100,2,0,0
3370,27,22,1536,0,741,4,8,5,1,1,-52,0,722,8260,194,100,3,0,0
3370,5,1,512,0,1047,9,2,7,1,1,-76,4,1992,17451,225,100,3,0,0
3370,22,18,1280,10,734,6,7,7,1,1,-70,1,1193,13481,196,100,2,0,0
3371,28,18,1280,0,759,4,4,7,1,1,-95,1,1437,15441,209,100,2,0,0
3368,25,21,1536,10,1090,7,14,7,1,2,-70,0,453,6795,206,100,1,0,0
3371,17,12,1280,0,763,3,11,7,1,1,-52,0,418,7158,195,100,1,0,0
3370,21,15,1280,0,1056,6,6,7,1,1,-70,2,1348,11804,214,100,3,0,0
3372,3,1,512,0,754,9,6,7,1,1,-76,2,1078,13423,224,100,1,0,0
3372,11,5,768,0,1054,9,2,7,1,2,-70,1,1368,16937,217,100,4,0,0
3372,31,30,1792,0,798,7,11,5,1,2,-52,0,584,7014,188,100,1,0,0
3374,14,8,1024,0,1051,7,15,7,1,2,-70,1,781,9543,207,100,2,0,0
3373,16,11,1024,0,1086,6,6,7,1,2,-52,0,1142,11823,210,100,4,0,0
3374,4,1,512,10,730,8,7,7,2,1,-61,10,7379,38418,224,100,2,0,0
3373,29,28,1536,0,764,4,9,7,1,1,-52,0,370,4267,202,100,1,0,0
3374,9,4,768,0,1049,6,12,7,1,1,-52,6,3119,24820,221,100,4,0,0
3374,6,5,768,0,783,6,5,5,1,2,-52,0,819,8965,207,100,2,0,0
3375,8,4,768,0,713,6,14,7,2,2,-70,10,4881,30451,220,100,2,0,0
3376,1,0,256,0,15,0,0,3,0,0,0,10,1989,17226,6095,100,2,0,0
3376,12,8,1024,0,780,6,7,7,1,2,-70,1,984,14558,211,100,2,0,0
3376,2,3,768,0,822,8,5,5,1,2,-52,0,598,6023,211,100,2,0,0
3375,15,9,1024,0,763,6,513,7,1,1,-70,3,1230,13519,218,100,4,1,3
3377,24,18,1280,0,772,5,15,7,1,1,-70,2,1207,11401,201,100,2,0,0
3378,18,8,1024,10,738,5,11,7,1,1,-95,8,3599,28900,219,100,2,0,0
3376,26,21,1536,0,797,4,5,7,1,1,-52,0,753,9519,207,100,2,0,0
3377,10,5,768,0,1075,4,13,7,1,1,-52,0,903,9242,203,100,4,0,0
3377,20,14,1280,0,1120,4,13,7,1,1,-70,0,1033,11452,207,100,5,0,0
3377,23,18,1280,0,703,5,24,7,1,1,-52,0,1025,10504,164,100,2,0,0
3376,13,9,1024,0,961,9,19,7,1,2,-70,1,708,9533,175,100,3,0,0
3377,19,13,1280,0,1036,8,24,7,1,3,-70,0,1037,11520,168,100,4,0,0
3378,5,1,512,0,1049,9,2,7,1,1,-76,4,1886,17104,225,100,3,0,0
3377,7,3,768,10,705,9,13,7,1,3,-70,0,619,7533,178,100,2,0,0
3379,22,18,1280,0,737,6,7,7,1,1,-70,1,1245,11231,197,100,2,0,0
3377,25,21,1536,0,1094,7,14,7,1,2,-70,0,826,7556,206,100,4,0,0
3380,1,0,256,0,15,0,0,3,0,0,0,10,1133,10699,6104,100,0,0,0
3379,11,5,768,0,1056,9,2,7,1,2,-70,1,792,10815,217,100,2,0,0
3378,30,24,1536,0,705,8,6,7,1,3,-70,1,1252,12686,206,100,2,0,0
3378,21,15,1280,20,1060,6,6,7,1,1,-70,2,1511,16150,215,100,3,0,0
3381,14,8,1024,10,1055,7,15,7,1,2,-70,1,901,8358,207,100,2,0,0
3379,15,9,1024,20,764,6,514,7,1,1,-70,3,1093,8099,218,100,2,1,3
3382,27,22,1536,0,743,4,8,5,1,1,-52,0,725,10652,195,100,2,0,0
3381,13,9,1024,0,962,9,19,7,1,2,-70,1,639,5882,175,100,1,0,0
3382,2,3,768,0,824,8,5,5,1,2,-52,0,548,5593,212,100,2,0,0
3381,10,5,768,0,1076,4,13,7,1,1,-52,0,272,4638,203,100,0,0,0
3382,3,1,512,10,756,9,6,7,1,1,-76,2,1797,19588,225,100,2,0,0
3382,17,12,1280,0,764,3,11,7,1,1,-52,0,596,10405,196,100,2,0,0
3383,28,18,1280,0,765,4,4,7,1,1,-95,1,1627,15316,210,100,2,0,0
3382,9,4,768,0,1052,6,12,7,1,1,-52,6,2514,17624,222,100,3,0,0
3383,29,28,1536,0,765,4,9,7,1,1,-52,0,473,8043,203,100,1,0,0
3382,20,14,1280,0,1121,4,13,7,1,1,-70,0,391,5640,207,100,2,0,0
3382,16,11,1024,0,1090,6,6,7,1,2,-52,0,882,8902,211,100,4,0,0
3382,19,13,1280,0,1039,8,24,7,1,3,-70,0,605,4996,168,100,2,0,0
3384,18,8,1024,10,741,5,11,7,1,1,-95,8,2596,18204,220,100,1,0,0
3383,7,3,768,0,708,9,13,7,1,3,-70,0,662,6331,178,100,1,0,0
3385,1,0,256,0,15,0,0,3,0,0,0,10,1251,12066,6112,100,1,0,0
3385,12,8,1024,10,782,6,7,7,1,2,-70,1,1038,14204,211,100,2,0,0
3384,5,1,512,10,1051,9,2,7,1,1,-76,4,1596,15057,226,100,2,0,0
3384,31,30,1792,0,803,7,11,5,1,2,-52,0,991,11357,188,100,2,0,0
3386,4,1,512,10,733,8,7,7,2,1,-61,10,7484,37456,225,100,2,0,0
3386,14,8,1024,0,1056,7,15,7,1,2,-70,1,802,7194,207,100,2,0,0
3385,30,24,1536,0,706,8,6,7,1,3,-70,1,719,8147,206,100,1,0,0
3385,6,5,768,10,784,6,5,5,1,2,-52,0,591,10849,208,100,2,0,0
3386,2,3,768,0,825,8,5,5,1,2,-52,0,390,4915,212,100,1,0,0
3385,15,9,1024,10,768,6,515,7,1,1,-70,3,1071,10608,218,100,2,1,3
3387,8,4,768,0,717,6,14,7,2,2,-70,10,5343,32253,221,100,2,0,0
3388,18,8,1024,30,744,5,11,7,1,1,-95,8,1521,12067,220,100,1,0,0
3386,11,5,768,0,1060,9,2,7,1,2,-70,1,1352,12881,218,100,4,0,0
3387,24,18,1280,0,775,5,15,7,1,1,-70,2,1634,14836,202,100,2,0,0
3389,3,1,512,0,756,9,6,7,1,1,-76,2,809,10944,225,100,1,0,0
3387,19,13,1280,0,1040,8,24,7,1,3,-70,0,427,4710,169,100,1,0,0
3386,21,15,1280,0,1064,6,6,7,1,1,-70,2,1276,15315,215,100,3,0,0
3387,26,21,1536,0,798,4,5,7,1,1,-52,0,618,11186,208,100,2,0,0
3389,17,12,1280,0,766,3,11,7,1,1,-52,0,502,6304,196,100,1,0,0
3387,25,21,1536,0,1098,7,14,7,1,2,-70,0,832,10287,207,100,3,0,0
3389,23,18,1280,10,707,5,24,7,1,1,-52,0,918,11127,165,100,2,0,0
3389,30,24,1536,0,706,8,6,7,1,3,-70,1,411,5018,206,100,1,0,0
3390,20,14,1280,0,1124,4,13,7,1,1,-70,0,684,7524,208,100,2,0,0
3391,29,28,1536,0,766,4,9,7,1,1,-52,0,417,7407,203,100,1,0,0
3390,22,18,1280,0,740,6,7,7,1,1,-70,1,1334,15062,198,100,2,0,0
3391,14,8,1024,10,1057,7,15,7,1,2,-70,1,716,7064,208,100,2,0,0
3390,13,9,1024,0,964,9,19,7,1,2,-70,1,1266,12136,176,100,4,0,0
3391,8,4,768,0,717,6,14,7,2,2,-70,10,2485,13477,221,100,1,0,0
3391,10,5,768,0,1083,4,13,7,1,1,-52,0,1224,10443,204,100,4,0,0
3391,16,11,1024,0,1093,6,6,7,1,2,-52,0,747,9268,211,100,3,0,0
3392,27,22,1536,0,747,4,8,5,1,1,-52,0,916,10631,196,100,2,0,0
3393,7,3,768,0,709,9,13,7,1,3,-70,0,415,7954,178,100,1,0,0
3393,12,8,1024,0,785,6,7,7,1,2,-70,1,1231,12292,212,100,2,0,0
3393,28,18,1280,0,769,4,4,7,1,1,-95,1,1430,13617,210,100,2,0,0
3391,21,15,1280,0,1065,6,6,7,1,1,-70,2,990,10060,216,100,1,0,0
3394,1,0,256,0,15,0,0,3,0,0,0,10,2844,24887,6134,100,2,0,0
3395,5,1,512,0,1056,9,2,7,1,1,-76,4,2617,23045,226,100,3,0,0
3394,4,1,512,0,736,8,7,7,2,1,-61,10,6439,30552,226,100,2,0,0
3394,9,4,768,10,1055,6,12,7,1,1,-52,6,3373,26495,223,100,4,0,0
3393,15,9,1024,10,771,6,517,7,1,1,-70,3,1750,14632,219,100,3,1,3
3393,25,21,1536,10,1101,7,14,7,1,2,-70,0,580,5711,207,100,2,0,0
3394,31,30,1792,0,803,7,11,5,1,2,-52,0,489,9392,189,100,2,0,0
3397,29,28,1536,0,766,4,9,7,1,1,-52,0,342,5327,204,100,1,0,0
3393,26,21,1536,10,799,4,5,7,1,1,-52,0,450,6605,209,100,1,0,0
3395,20,14,1280,10,1126,4,13,7,1,1,-70,0,389,5587,208,100,2,0,0
3395,6,5,768,10,789,6,5,5,1,2,-52,0,1021,10853,209,100,2,0,0
3399,17,12,1280,0,769,3,11,7,1,1,-52,0,809,9196,197,100,2,0,0
3398,22,18,1280,0,744,6,7,7,1,1,-70,1,1063,10423,198,100,1,0,0
3399,14,8,1024,0,1061,7,15,7,1,2,-70,1,1096,10531,208,100,3,0,0
3399,18,8,1024,0,747,5,11,7,1,1,-95,8,3894,30323,221,100,2,0,0
3399,2,3,768,0,828,8,5,5,1,2,-52,0,965,11310,213,100,3,0,0
3398,24,18,1280,0,778,5,15,7,1,1,-70,2,1465,14943,203,100,2,0,0
3398,9,4,768,0,1057,6,12,7,1,1,-52,6,1167,8989,223,100,2,0,0
3399,28,18,1280,0,772,4,4,7,1,1,-95,1,931,8533,211,100,1,0,0
3398,11,5,768,0,1066,9,2,7,1,2,-70,1,1667,19283,218,100,3,0,0
3398,15,9,1024,0,771,6,518,7,1,1,-70,3,807,8686,219,100,2,1,3
3399,16,11,1024,0,1097,6,6,7,1,2,-52,0,783,7918,212,100,3,0,0
3401,7,3,768,0,710,9,13,7,1,3,-70,0,568,7287,179,100,2,0,0
3401,3,1,512,10,759,9,6,7,1,1,-76,2,1901,22997,226,100,2,0,0
3400,12,8,1024,0,787,6,7,7,1,2,-70,1,849,11731,212,100,1,0,0
3398,19,13,1280,10,1045,8,24,7,1,3,-70,0,980,11395,170,100,4,0,0
3400,23,18,1280,0,708,5,24,7,1,1,-52,0,565,10186,165,100,2,0,0
3401,30,24,1536,0,709,8,6,7,1,3,-70,1,1263,14277,207,100,2,0,0
3400,13,9,1024,0,969,9,19,7,1,2,-70,1,1286,13021,176,100,2,0,0
3401,8,4,768,0,720,6,14,7,2,2,-70,10,4774,29325,222,100,2,0,0
3400,25,21,1536,0,1105,7,14,7,1,2,-70,0,894,7169,208,100,2,0,0
3402,5,1,512,0,1057,9,2,7,1,1,-76,4,1694,17921,227,100,3,0,0
3400,21,15,1280,0,1069,6,6,7,1,1,-70,2,1979,18735,216,100,4,0,0
3404,29,28,1536,0,767,4,9,7,1,1,-52,0,490,6555,204,100,2,0,0
3402,31,30,1792,10,808,7,11,5,1,2,-52,0,795,7677,190,100,1,0,0
3403,1,0,256,0,15,0,0,3,0,0,0,10,2324,23249,6150,100,2,0,0
3402,10,5,768,10,1087,4,13,7,1,1,-52,0,742,10892,204,100,4,0,0
3403,27,22,1536,0,751,4,8,5,1,1,-52,0,940,11305,197,100,2,0,0
3404,16,11,1024,0,1099,6,6,7,1,2,-52,0,471,4754,212,100,2,0,0
3404,4,1,512,0,737,8,7,7,2,1,-61,10,6421,33073,227,100,2,0,0
3404,19,13,1280,0,1047,8,24,7,1,3,-70,0,530,5295,170,100,2,0,0
3405,17,12,1280,0,772,3,11,7,1,1,-52,0,608,6687,197,100,1,0,0
3405,2,3,768,0,831,8,5,5,1,2,-52,0,605,6538,213,100,1,0,0
3404,20,14,1280,0,1128,4,13,7,1,1,-70,0,775,8754,209,100,4,0,0
3405,12,8,1024,10,789,6,7,7,1,2,-70,1,855,8686,213,100,1,0,0
3404,11,5,768,0,1069,9,2,7,1,2,-70,1,1080,9050,219,100,2,0,0
3406,7,3,768,0,713,9,13,7,1,3,-70,0,605,5905,179,100,1,0,0
3404,25,21,1536,0,1107,7,14,7,1,2,-70,0,472,4428,208,100,2,0,0
3405,6,5,768,10,791,6,5,5,1,2,-52,0,645,9531,209,100,2,0,0
3405,15,9,1024,10,771,6,519,7,1,1,-70,3,1256,11996,220,100,3,1,3
3406,18,8,1024,0,748,5,11,7,1,1,-95,8,2734,22450,221,100,1,0,0
3408,24,18,1280,10,784,5,15,7,1,1,-70,2,1594,12340,203,100,1,0,0
3407,30,24,1536,0,709,8,6,7,1,3,-70,1,734,8717,208,100,1,0,0
3404,26,21,1536,0,803,4,5,7,1,1,-52,0,884,11232,209,100,2,0,0
3407,27,22,1536,0,752,4,8,5,1,1,-52,0,370,4406,197,100,1,0,0
3408,16,11,1024,0,1101,6,6,7,1,2,-52,0,471,3941,212,100,2,0,0
3409,28,18,1280,0,775,4,4,7,1,1,-95,1,1223,13000,212,100,2,0,0
3409,4,1,512,10,737,8,7,7,2,1,-61,10,3230,15979,227,100,1,0,0
3409,14,8,1024,0,1065,7,15,7,1,2,-70,1,1347,14014,209,100,4,0,0
3408,17,12,1280,0,772,3,11,7,1,1,-52,0,319,4195,198,100,1,0,0
3407,21,15,1280,0,1074,6,6,7,1,1,-70,2,1652,12543,217,100,2,0,0
3409,22,18,1280,10,749,6,7,7,1,1,-70,1,1707,15462,199,100,2,0,0
3409,9,4,768,20,1061,6,12,7,1,1,-52,6,3797,25562,224,100,4,0,0
3410,10,5,768,0,1093,4,13,7,1,1,-52,0,1208,8920,205,100,3,0,0
3409,13,9,1024,0,974,9,19,7,1,2,-70,1,1336,12339,177,100,4,0,0
3410,5,1,512,10,1062,9,2,7,1,1,-76,4,2776,21517,227,100,3,0,0
3409,15,9,1024,10,772,6,521,7,1,1,-70,3,1108,7968,220,100,2,1,3
3410,12,8,1024,0,790,6,7,7,1,2,-70,1,778,9665,213,100,1,0,0
3411,1,0,256,0,15,0,0,3,0,0,0,10,2213,20423,6165,100,1,0,0
3410,19,13,1280,10,1048,8,24,7,1,3,-70,0,389,5652,170,100,2,0,0
3411,3,1,512,0,761,9,6,7,1,1,-76,2,1725,21972,227,100,2,0,0
3411,20,14,1280,10,1131,4,13,7,1,1,-70,0,603,6548,209,100,2,0,0
3409,26,21,1536,0,804,4,5,7,1,1,-52,0,463,5117,210,100,1,0,0
3412,23,18,1280,0,709,5,24,7,1,1,-52,0,620,10937,166,100,2,0,0
3413,8,4,768,10,725,6,14,7,2,2,-70,10,5321,31814,223,100,2,0,0
3413,2,3,768,0,833,8,5,5,1,2,-52,0,675,7895,214,100,2,0,0
3413,24,18,1280,10,787,5,15,7,1,1,-70,2,1059,8426,204,100,2,0,0
3413,31,30,1792,0,809,7,11,5,1,2,-52,0,647,9439,190,100,2,0,0
3414,22,18,1280,0,751,6,7,7,1,1,-70,1,587,6039,199,100,1,0,0
3413,6,5,768,0,794,6,5,5,1,2,-52,0,709,8839,210,100,1,0,0
3415,29,28,1536,0,771,4,9,7,1,1,-52,0,939,11080,205,100,2,0,0
3413,27,22,1536,0,755,4,8,5,1,1,-52,0,601,5774,197,100,2,0,0
3415,5,1,512,10,1065,9,2,7,1,1,-76,4,1113,10419,228,100,2,0,0
3415,18,8,1024,20,752,5,11,7,1,1,-95,8,3728,25601,222,100,2,0,0
3416,7,3,768,0,715,9,13,7,1,3,-70,0,699,9727,180,100,2,0,0
3415,12,8,1024,0,790,6,7,7,1,2,-70,1,429,6657,213,100,1,0,0
3415,30,24,1536,0,712,8,6,7,1,3,-70,1,1023,9780,208,100,2,0,0
3415,11,5,768,0,1074,9,2,7,1,2,-70,1,1581,18147,219,100,4,0,0
3415,14,8,1024,0,1067,7,15,7,1,2,-70,1,1068,9345,210,100,3,0,0
3415,25,21,1536,0,1112,8,14,7,1,2,-70,0,1092,10638,209,100,4,0,0
3416,10,5,768,0,1095,4,13,7,1,1,-52,0,495,6112,205,100,2,0,0
3417,8,4,768,10,725,6,14,7,2,2,-70,10,2557,13656,223,100,1,0,0
3418,24,18,1280,0,790,5,15,7,1,1,-70,2,1126,7976,204,100,1,0,0
3416,16,11,1024,0,1107,6,6,7,1,2,-52,0,1124,10000,213,100,3,0,0
3418,4,1,512,0,738,8,7,7,2,1,-61,10,6065,30059,228,100,1,0,0
3418,21,15,1280,0,1078,6,6,7,1,1,-70,2,1656,17901,217,100,2,0,0
3417,6,5,768,0,796,6,5,5,1,2,-52,0,473,4210,210,100,1,0,0
3419,1,0,256,0,15,0,0,3,0,0,0,10,2017,19211,6181,100,1,0,0
3419,23,18,1280,0,710,5,24,7,1,1,-52,0,516,7049,166,100,2,0,0
3419,5,1,512,0,1065,9,2,7,1,1,-76,4,1497,10807,228,100,1,0,0
3419,15,9,1024,0,774,6,523,7,1,1,-70,3,1548,15666,221,100,4,1,3
3418,17,12,1280,0,776,3,11,7,1,1,-52,0,860,10205,198,100,2,0,0
3419,3,1,512,10,761,9,6,7,1,1,-76,2,1102,14727,228,100,2,0,0
3420,2,3,768,0,835,8,5,5,1,2,-52,0,497,6504,214,100,1,0,0
3419,28,18,1280,10,777,4,4,7,1,1,-95,1,1110,14149,212,100,2,0,0
3420,9,4,768,0,1066,6,12,7,1,1,-52,6,2928,22638,224,100,4,0,0
3420,13,9,1024,0,977,9,19,7,1,2,-70,1,1301,14405,178,100,4,0,0
3420,19,13,1280,0,1053,8,24,7,1,3,-70,0,1037,10866,171,100,4,0,0
3420,26,21,1536,0,805,4,5,7,1,1,-52,0,514,8914,210,100,2,0,0
3421,20,14,1280,0,1137,4,13,7,1,1,-70,0,1144,10720,210,100,4,0,0
3423,7,3,768,0,717,9,13,7,1,3,-70,0,554,7025,181,100,1,0,0
3422,10,5,768,0,1097,4,13,7,1,1,-52,0,550,5935,206,100,2,0,0
3423,22,18,1280,0,752,6,7,7,1,1,-70,1,986,11724,200,100,2,0,0
3422,11,5,768,0,1078,9,2,7,1,2,-70,1,1087,11992,220,100,2,0,0
3422,16,11,1024,10,1108,6,6,7,1,2,-52,0,269,4915,213,100,1,0,0
3423,31,30,1792,10,813,7,11,5,1,2,-52,0,809,9978,191,100,2,0,0
3424,8,4,768,0,726,6,14,7,2,2,-70,10,2814,19652,224,100,1,0,0
3424,27,22,1536,0,756,4,8,5,1,1,-52,0,594,8911,198,100,2,0,0
3424,21,15,1280,0,1080,6,6,7,1,1,-70,2,1081,11733,218,100,2,0,0
3424,23,18,1280,0,712,5,24,7,1,1,-52,0,436,5211,167,100,0,0,0
3424,29,28,1536,0,773,4,9,7,1,1,-52,0,702,9727,206,100,2,0,0
3424,5,1,512,10,1067,9,2,7,1,1,-76,4,1301,11833,228,100,2,0,0
3426,14,8,1024,0,1072,7,15,7,1,2,-70,1,1215,12437,210,100,3,0,0
3425,18,8,1024,20,754,5,11,7,1,1,-95,8,3629,28807,222,100,2,0,0
3425,15,9,1024,0,776,6,524,7,1,1,-70,3,1226,10632,221,100,2,1,3
3424,24,18,1280,0,792,5,15,7,1,1,-70,2,835,8928,204,100,1,0,0
3426,30,24,1536,0,713,8,6,7,1,3,-70,1,1097,14025,209,100,2,0,0
3426,4,1,512,10,740,8,7,7,2,1,-61,10,5576,27307,228,100,2,0,0
3427,3,1,512,0,763,9,6,7,1,1,-76,2,1437,15574,228,100,1,0,0
3426,25,21,1536,0,1118,8,14,7,1,2,-70,0,1089,10775,209,100,4,0,0
3426,6,5,768,0,797,6,5,5,1,2,-52,0,567,8396,211,100,2,0,0
3427,12,8,1024,10,794,6,7,7,1,2,-70,1,1361,18674,214,100,2,0,0
3428,9,4,768,10,1070,6,12,7,1,1,-52,6,2368,17088,225,100,3,0,0
3428,20,14,1280,0,1138,4,13,7,1,1,-70,0,391,5877,210,100,2,0,0
3426,26,21,1536,10,807,4,5,7,1,1,-52,0,556,6155,211,100,1,0,0
3428,2,3,768,0,836,8,5,5,1,2,-52,0,488,8082,215,100,2,0,0
3427,16,11,1024,0,1110,6,6,7,1,2,-52,0,552,5387,214,100,2,0,0
3428,17,12,1280,0,781,3,11,7,1,1,-52,0,1048,10736,199,100,2,0,0
3430,27,22,1536,0,756,4,8,5,1,1,-52,0,286,5743,198,100,1,0,0
3430,1,0,256,0,15,0,0,3,0,0,0,10,3146,29078,6202,100,3,0,0
3430,22,18,1280,0,753,6,7,7,1,1,-70,1,810,9129,200,100,1,0,0
3430,28,18,1280,0,779,4,4,7,1,1,-95,1,1143,13564,213,100,2,0,0
3430,19,13,1280,0,1055,8,24,7,1,3,-70,0,699,9192,172,100,3,0,0
3430,7,3,768,10,723,9,13,7,1,3,-70,0,1021,9331,181,100,1,0,0
3431,8,4,768,0,728,6,14,7,2,2,-70,10,3713,21084,224,100,1,0,0
3430,24,18,1280,10,792,5,15,7,1,1,-70,2,691,9318,205,100,1,0,0
3432,4,1,512,0,742,8,7,7,2,1,-61,10,3401,17782,228,100,1,0,0
3432,13,9,1024,0,982,9,19,7,1,2,-70,1,1612,15360,179,100,4,0,0
3433,2,3,768,0,838,8,5,5,1,2,-52,0,473,4464,215,100,1,0,0
3433,14,8,1024,0,1073,7,15,7,1,2,-70,1,910,9275,211,100,2,0,0
3433,10,5,768,0,1100,4,13,7,1,1,-52,0,820,10750,207,100,4,0,0
3433,20,14,1280,0,1138,4,13,7,1,1,-70,0,320,5004,211,100,1,0,0
3434,11,5,768,10,1082,9,2,7,1,2,-70,1,1427,16133,220,100,4,0,0
3433,31,30,1792,0,816,7,11,5,1,2,-52,0,917,10187,192,100,2,0,0
3434,25,21,1536,0,1120,8,14,7,1,2,-70,0,554,6358,210,100,2,0,0
3434,21,15,1280,0,1082,6,6,7,1,1,-70,2,1599,18564,218,100,3,0,0
3434,18,8,1024,10,757,5,11,7,1,1,-95,8,2823,24904,223,100,1,0,0
3434,26,21,1536,0,808,4,5,7,1,1,-52,0,515,6462,211,100,2,0,0
3434,30,24,1536,10,716,8,6,7,1,3,-70,1,1079,11070,209,100,1,0,0
3435,29,28,1536,0,775,4,9,7,1,1,-52,0,548,9635,206,100,1,0,0
3434,15,9,1024,10,776,6,527,7,1,1,-70,3,1620,15939,222,100,5,1,3
3435,5,1,512,10,1071,9,2,7,1,1,-76,4,2520,24100,229,100,4,0,0
3434,17,12,1280,0,783,3,11,7,1,1,-52,0,479,5375,199,100,1,0,0
3433,23,18,1280,10,716,5,24,7,1,1,-52,0,753,9881,167,100,2,0,0
3435,9,4,768,10,1072,6,12,7,1,1,-52,6,2306,16137,225,100,1,0,0
3435,6,5,768,0,799,6,5,5,1,2,-52,0,521,7532,211,100,1,0,0
3436,12,8,1024,10,796,6,7,7,1,2,-70,1,1244,13704,215,100,2,0,0
3434,16,11,1024,0,1114,6,6,7,1,2,-52,0,806,6720,214,100,3,0,0
3434,19,13,1280,0,1057,8,24,7,1,3,-70,0,472,4364,172,100,2,0,0
3436,7,3,768,0,724,9,13,7,1,3,-70,0,598,6011,181,100,2,0,0
3434,28,18,1280,0,779,4,4,7,1,1,-95,1,530,6431,213,100,1,0,0
3437,3,1,512,0,765,9,6,7,1,1,-76,2,1834,19204,229,100,2,0,0
3437,1,0,256,0,15,0,0,3,0,0,0,10,2266,19097,6218,100,1,0,0
3438,21,15,1280,0,1084,6,6,7,1,1,-70,2,879,8434,219,100,2,0,0
3439,4,1,512,0,744,8,7,7,2,1,-61,10,5218,25738,229,100,1,0,0
3437,26,21,1536,0,809,4,5,7,1,1,-52,0,272,4454,211,100,0,0,0
3439,18,8,1024,20,758,5,11,7,1,1,-95,8,1664,13324,223,100,1,0,0
3438,25,21,1536,0,1123,8,14,7,1,2,-70,0,603,5084,210,100,2,0,0
3440,24,18,1280,0,794,5,15,7,1,1,-70,2,1290,11300,205,100,2,0,0
3441,10,5,768,0,1103,4,13,7,1,1,-52,0,596,7085,207,100,3,0,0
3440,15,9,1024,10,778,6,529,7,1,1,-70,3,1317,10192,222,100,3,1,3
3440,17,12,1280,0,785,3,11,7,1,1,-52,0,558,5852,200,100,1,0,0
3440,16,11,1024,0,1116,6,6,7,1,2,-52,0,495,5480,214,100,2,0,0
3442,14,8,1024,0,1077,7,15,7,1,2,-70,1,1047,11868,211,100,3,0,0
3441,27,22,1536,0,759,4,8,5,1,1,-52,0,832,10936,199,100,2,0,0
3441,22,18,1280,0,753,6,7,7,1,1,-70,1,1011,14724,201,100,2,0,0
3441,8,4,768,0,733,6,14,7,2,2,-70,10,5122,30037,225,100,2,0,0
3440,13,9,1024,10,988,9,19,7,1,2,-70,1,1310,11807,179,100,4,0,0
3442,7,3,768,0,725,9,13,7,1,3,-70,0,326,5077,182,100,0,0,0
3443,31,30,1792,0,817,7,11,5,1,2,-52,0,443,8658,192,100,1,0,0
3443,12,8,1024,0,796,6,7,7,1,2,-70,1,807,11645,215,100,1,0,0
3443,6,5,768,0,801,6,5,5,1,2,-52,0,577,8030,212,100,1,0,0
3444,4,1,512,20,745,8,7,7,2,1,-61,10,3031,14786,229,100,1,0,0
3443,2,3,768,10,843,8,5,5,1,2,-52,0,912,10411,216,100,2,0,0
3443,21,15,1280,0,1086,6,6,7,1,1,-70,2,1206,10625,219,100,2,0,0
3442,30,24,1536,0,717,8,6,7,1,3,-70,1,1027,12366,210,100,2,0,0
3444,9,4,768,10,1077,6,12,7,1,1,-52,6,2865,20269,226,100,5,0,0
3442,29,28,1536,0,777,4,9,7,1,1,-52,0,701,9369,207,100,2,0,0
3444,25,21,1536,0,1126,8,14,7,1,2,-70,0,482,5167,210,100,1,0,0
3444,26,21,1536,0,812,4,5,7,1,1,-52,0,663,6199,212,100,1,0,0
3446,11,5,768,10,1088,9,2,7,1,2,-70,1,1928,18847,221,100,5,0,0
3444,19,13,1280,0,1060,8,24,7,1,3,-70,0,701,9794,173,100,3,0,0
3446,5,1,512,0,1076,9,2,7,1,1,-76,4,2799,24130,230,100,4,0,0
3445,1,0,256,0,15,0,0,3,0,0,0,10,2119,21067,6231,100,1,0,0
3447,20,14,1280,0,1144,4,13,7,1,1,-70,0,1137,11960,212,100,5,0,0
3444,16,11,1024,0,1119,6,6,7,1,2,-52,0,537,4646,215,100,1,0,0
3444,23,18,1280,0,717,5,24,7,1,1,-52,0,727,10848,168,100,2,0,0
3447,18,8,1024,10,761,5,11,7,1,1,-95,8,2800,21927,224,100,1,0,0
3446,28,18,1280,0,784,4,4,7,1,1,-95,1,1489,15257,214,100,2,0,0
3448,10,5,768,0,1106,4,13,7,1,1,-52,0,751,7771,208,100,2,0,0
3448,17,12,1280,0,785,3,11,7,1,1,-52,0,311,6622,200,100,1,0,0
3449,3,1,512,0,769,9,6,7,1,1,-76,2,1954,21853,229,100,2,0,0
3448,21,15,1280,0,1089,6,6,7,1,1,-70,2,1231,10148,219,100,2,0,0
3449,27,22,1536,0,761,4,8,5,1,1,-52,0,581,7762,200,100,1,0,0
3450,12,8,1024,10,798,6,7,7,1,2,-70,1,767,9873,216,100,1,0,0
3450,11,5,768,0,1090,9,2,7,1,2,-70,1,869,8253,222,100,2,0,0
3449,8,4,768,0,734,6,14,7,2,2,-70,10,3558,23042,225,100,2,0,0
3451,5,1,512,0,1077,9,3,7,1,1,-76,4,1389,11925,230,100,3,0,0
3451,4,1,512,0,747,8,7,7,2,1,-61,10,4613,24382,230,100,1,0,0
3452,20,14,1280,0,1146,4,14,7,1,1,-70,0,526,5466,212,100,3,0,0
3451,7,3,768,0,726,9,13,7,1,3,-70,0,592,9151,183,100,2,0,0
3450,24,18,1280,10,795,5,15,7,1,1,-70,2,1244,15125,206,100,3,0,0
3451,15,9,1024,0,784,6,532,7,1,1,-70,3,2600,21536,223,100,6,1,3
3452,6,5,768,0,805,6,5,5,1,2,-52,0,912,9560,213,100,2,0,0
3449,30,24,1536,0,719,8,6,7,1,3,-70,1,788,9171,210,100,1,0,0
3451,19,13,1280,0,1061,8,24,7,1,3,-70,0,486,6535,173,100,3,0,0
3452,13,9,1024,0,991,9,19,7,1,2,-70,1,1479,14691,180,100,4,0,0
3453,14,8,1024,10,1081,7,15,7,1,2,-70,1,1594,15191,212,100,4,0,0
3452,22,18,1280,20,758,6,7,7,1,1,-70,1,1416,15006,202,100,2,0,0
3454,16,11,1024,0,1124,6,6,7,1,2,-52,0,961,8975,215,100,3,0,0
3454,26,21,1536,0,816,4,5,7,1,1,-52,0,853,9500,212,100,3,0,0
3454,2,3,768,10,845,8,5,5,1,2,-52,0,751,10249,217,100,2,0,0
3454,9,4,768,10,1080,6,12,7,1,1,-52,6,3241,22945,227,100,4,0,0
3455,12,8,1024,0,798,6,7,7,1,2,-70,1,495,7238,216,100,1,0,0
3451,31,30,1792,0,821,7,11,5,1,2,-52,0,940,11602,193,100,2,0,0
3454,25,21,1536,0,1130,8,14,7,1,2,-70,0,1115,10379,211,100,4,0,0
3455,21,15,1280,20,1092,6,6,7,1,1,-70,2,1243,12747,220,100,2,0,0
3458,20,14,1280,0,1148,4,14,7,1,1,-70,0,502,5473,212,100,1,0,0
3456,3,1,512,0,774,9,6,7,1,1,-76,2,1642,15953,230,100,2,0,0
3454,29,28,1536,0,777,4,9,7,1,1,-52,0,511,11007,208,100,2,0,0
3457,1,0,256,0,16,0,0,3,0,0,0,10,3321,29193,6255,100,3,0,0
3455,30,24,1536,0,723,8,6,7,1,3,-70,1,1171,7971,211,100,3,0,0
3457,17,12,1280,0,786,3,11,7,1,1,-52,0,571,8727,201,100,2,0,0
3457,8,4,768,10,735,6,14,7,2,2,-70,10,3272,20949,226,100,1,0,0
3457,24,18,1280,0,797,5,15,7,1,1,-70,2,1197,8854,206,100,2,0,0
3458,7,3,768,0,727,9,13,7,1,3,-70,0,391,6140,183,100,1,0,0
3457,28,18,1280,0,787,4,4,7,1,1,-95,1,1254,13682,215,100,2,0,0
3458,18,8,1024,20,766,5,11,7,1,1,-95,8,4144,31333,225,100,5,0,0
3457,23,18,1280,0,723,5,24,7,1,1,-52,0,1155,12087,169,100,2,0,0
3457,6,5,768,0,806,6,5,5,1,2,-52,0,384,5996,213,100,2,0,0
3458,14,8,1024,10,1082,7,15,7,1,2,-70,1,715,8435,212,100,2,0,0
3459,15,9,1024,0,786,6,534,7,1,1,-70,3,1395,13141,223,100,4,1,3
3459,10,5,768,10,1110,5,13,7,1,1,-52,0,927,11730,208,100,4,0,0
3459,27,22,1536,0,765,4,8,5,1,1,-52,0,859,9405,200,100,2,0,0
3460,22,18,1280,0,759,6,7,7,1,1,-70,1,877,9464,202,100,1,0,0
3458,11,5,768,0,1095,9,2,7,1,2,-70,1,1334,15240,222,100,2,0,0
3459,19,13,1280,0,1064,8,24,7,1,3,-70,0,683,7626,174,100,2,0,0
3460,9,4,768,0,1081,7,12,7,1,1,-52,6,1459,12049,227,100,1,0,0
3460,25,21,1536,0,1132,8,14,7,1,2,-70,0,619,6402,211,100,3,0,0
3460,12,8,1024,0,800,6,7,7,1,2,-70,1,818,10845,216,100,1,0,0
3460,20,14,1280,0,1152,4,14,7,1,1,-70,0,742,5330,213,100,2,0,0
3461,5,1,512,10,1081,10,3,7,1,1,-76,4,3026,27203,231,100,3,0,0
3462,4,1,512,10,751,9,7,7,2,1,-61,10,7973,36833,230,100,4,0,0
3461,2,3,768,0,847,8,5,5,1,2,-52,0,579,7788,217,100,1,0,0
3459,16,11,1024,0,1126,6,6,7,1,2,-52,0,551,7263,216,100,2,0,0
3460,30,24,1536,0,727,8,6,7,1,3,-70,1,803,6924,211,100,1,0,0
3462,13,9,1024,0,995,9,19,7,1,2,-70,1,1378,13756,181,100,4,0,0
3462,8,4,768,0,735,7,14,7,2,2,-70,10,2849,16669,226,100,1,0,0
3464,1,0,256,0,16,0,0,3,0,0,0,10,2101,18926,6270,100,1,0,0
3463,26,21,1536,0,819,4,5,7,1,1,-52,0,803,9461,213,100,3,0,0
3464,14,8,1024,0,1083,7,15,7,1,2,-70,1,834,7842,213,100,2,0,0
3464,15,9,1024,0,787,6,535,7,1,1,-70,3,1027,8643,224,100,2,1,3
3464,19,13,1280,10,1067,8,24,7,1,3,-70,0,579,4947,174,100,2,0,0
3465,6,5,768,0,810,7,5,5,1,2,-52,0,882,7073,213,100,3,0,0
3464,3,1,512,10,780,10,6,7,1,1,-76,2,1894,17155,231,100,3,0,0
3465,12,8,1024,0,800,6,7,7,1,2,-70,1,584,7089,217,100,1,0,0
3465,29,28,1536,10,781,4,9,7,1,1,-52,0,836,9054,208,100,2,0,0
3465,9,4,768,20,1083,7,12,7,1,1,-52,6,1836,12242,227,100,3,0,0
3465,10,5,768,0,1114,5,13,7,1,1,-52,0,784,7529,209,100,3,0,0
3465,22,18,1280,0,760,6,7,7,1,1,-70,1,654,7292,203,100,1,0,0
3465,21,15,1280,10,1096,6,6,7,1,1,-70,2,1777,19526,220,100,4,0,0
3463,31,30,1792,0,823,7,11,5,1,2,-52,0,703,10822,194,100,2,0,0
3467,23,18,1280,0,726,5,24,7,1,1,-52,0,787,9065,170,100,2,0,0
3467,11,5,768,0,1098,10,2,7,1,2,-70,1,1205,12390,223,100,4,0,0
3466,25,21,1536,0,1134,8,14,7,1,2,-70,0,528,5002,212,100,2,0,0
3466,27,22,1536,0,767,4,8,5,1,1,-52,0,580,7272,201,100,1,0,0
3467,20,14,1280,0,1155,4,14,7,1,1,-70,0,597,6281,213,100,3,0,0
3466,17,12,1280,10,790,3,11,7,1,1,-52,0,860,10314,202,100,2,0,0
3468,1,0,256,0,16,0,0,3,0,0,0,10,1539,12315,6280,100,1,0,0
3468,4,1,512,20,754,9,7,7,2,1,-61,10,5026,22820,231,100,2,0,0
3468,18,8,1024,10,768,5,11,7,1,1,-95,8,3431,27743,225,100,1,0,0
3468,28,18,1280,0,791,4,4,7,1,1,-95,1,1359,13975,215,100,2,0,0
3468,16,11,1024,0,1130,6,6,7,1,2,-52,0,824,7788,216,100,4,0,0
3468,26,21,1536,0,820,4,5,7,1,1,-52,0,369,5285,213,100,1,0,0
3469,24,18,1280,0,799,5,15,7,1,1,-70,2,1573,16414,207,100,2,0,0
3469,7,3,768,0,729,10,13,7,1,3,-70,0,900,11517,184,100,3,0,0
3469,15,9,1024,10,788,6,536,7,1,1,-70,3,1182,10270,224,100,2,1,3
3469,30,24,1536,0,729,8,6,7,1,3,-70,1,1283,12089,212,100,3,0,0
3470,8,4,768,0,737,7,14,7,2,2,-70,10,3913,22917,227,100,2,0,0
3470,13,9,1024,0,997,9,20,7,1,2,-70,1,874,9969,181,100,3,0,0
3470,5,1,512,10,1085,10,3,7,1,1,-76,4,2582,21868,231,100,4,0,0
3470,12,8,1024,0,801,6,7,7,1,2,-70,1,825,9127,217,100,1,0,0
3471,23,18,1280,0,726,5,24,7,1,1,-52,0,287,4261,170,100,1,0,0
3471,6,5,768,0,814,7,5,5,1,2,-52,0,767,7008,214,100,1,0,0
3471,27,22,1536,0,768,4,8,5,1,1,-52,0,369,4839,201,100,1,0,0
3472,14,8,1024,0,1088,7,15,7,1,2,-70,1,1307,11754,213,100,4,0,0
3472,18,8,1024,0,768,5,11,7,1,1,-95,8,1625,13043,226,100,1,0,0
3473,26,21,1536,0,821,4,5,7,1,1,-52,0,419,4195,214,100,2,0,0
3472,2,3,768,0,852,9,5,5,1,2,-52,0,1123,11862,218,100,2,0,0
3474,15,9,1024,0,790,6,537,7,1,1,-70,3,841,8150,224,100,2,1,3
3474,3,1,512,0,780,10,6,7,1,1,-76,2,1573,20009,231,100,2,0,0
3474,9,4,768,0,1087,7,12,7,1,1,-52,6,2520,20140,228,100,2,0,0
3474,7,3,768,0,730,10,13,7,1,3,-70,0,393,5742,184,100,1,0,0
3475,5,1,512,0,1088,10,3,7,1,1,-76,4,1262,12069,232,100,1,0,0
3475,29,28,1536,10,783,4,9,7,1,1,-52,0,702,9684,209,100,2,0,0
3476,23,18,1280,0,728,5,24,7,1,1,-52,0,477,4852,170,100,1,0,0
3476,6,5,768,0,814,7,5,5,1,2,-52,0,162,3984,214,100,0,0,0
3474,21,15,1280,0,1101,6,6,7,1,1,-70,2,1964,19027,221,100,4,0,0
3476,10,5,768,0,1119,5,13,7,1,1,-52,0,960,10707,209,100,3,0,0
3475,17,12,1280,0,792,3,11,7,1,1,-52,0,607,8857,202,100,1,0,0
3476,22,18,1280,0,763,6,7,7,1,1,-70,1,1256,13513,203,100,2,0,0
3476,13,9,1024,10,998,9,20,7,1,2,-70,1,719,8223,181,100,2,0,0
3476,12,8,1024,0,803,6,7,7,1,2,-70,1,814,8896,217,100,1,0,0
3477,11,5,768,0,1102,10,2,7,1,2,-70,1,1379,16012,223,100,3,0,0
3476,24,18,1280,0,800,5,15,7,1,1,-70,2,776,9746,208,100,1,0,0
3476,19,13,1280,0,1073,8,24,7,1,3,-70,0,1144,11950,175,100,4,0,0
3478,4,1,512,50,756,9,7,7,2,1,-61,10,6299,32946,232,100,2,0,0
3478,18,8,1024,10,769,5,11,7,1,1,-95,8,1802,14493,226,100,1,0,0
3477,8,4,768,0,739,7,14,7,2,2,-70,10,3430,20339,227,100,1,0,0
3479,1,0,256,0,16,0,0,3,0,0,0,10,2876,27508,6299,100,2,0,0
3477,2,3,768,0,854,9,5,5,1,2,-52,0,493,4989,218,100,2,0,0
3476,30,24,1536,0,731,8,6,7,1,3,-70,1,791,8895,212,100,1,0,0
3477,25,21,1536,0,1141,8,14,7,1,2,-70,0,1250,11917,213,100,4,0,0
3475,31,30,1792,10,827,7,11,5,1,2,-52,0,886,11146,195,100,2,0,0
3479,16,11,1024,0,1133,7,6,7,1,2,-52,0,901,11264,217,100,4,0,0
3478,20,14,1280,0,1161,4,14,7,1,1,-70,0,1246,12101,214,100,4,0,0
3479,5,1,512,0,1090,10,3,7,1,1,-76,4,1399,10670,232,100,2,0,0
3478,27,22,1536,10,770,4,8,5,1,1,-52,0,556,6253,202,100,1,0,0
3479,26,21,1536,10,823,4,5,7,1,1,-52,0,604,6369,214,100,1,0,0
3479,28,18,1280,0,795,4,4,7,1,1,-95,1,1298,14504,216,100,2,0,0
3481,29,28,1536,0,783,4,9,7,1,1,-52,0,287,5222,209,100,1,0,0
3481,7,3,768,0,732,10,13,7,1,3,-70,0,621,6209,185,100,1,0,0
3480,15,9,1024,10,790,6,539,7,1,1,-70,3,1159,11002,225,100,3,1,3
3480,23,18,1280,10,730,5,24,7,1,1,-52,0,380,4648,171,100,0,0,0
3479,21,15,1280,0,1104,6,6,7,1,1,-70,2,1264,11022,221,100,2,0,0
3482,24,18,1280,0,803,5,15,7,1,1,-70,2,1096,8021,208,100,1,0,0
3482,22,18,1280,0,764,6,7,7,1,1,-70,1,936,8181,204,100,2,0,0
3481,19,13,1280,0,1077,8,24,7,1,3,-70,0,712,5701,175,100,2,0,0
3482,10,5,768,0,1122,5,13,7,1,1,-52,0,658,6956,210,100,2,0,0
3482,20,14,1280,0,1162,4,14,7,1,1,-70,0,270,3967,214,100,1,0,0
3483,14,8,1024,0,1093,7,15,7,1,2,-70,1,1623,14509,214,100,3,0,0
3483,25,21,1536,0,1143,8,14,7,1,2,-70,0,498,5793,213,100,2,0,0
3483,11,5,768,0,1105,10,2,7,1,2,-70,1,983,9374,224,100,2,0,0
3481,31,30,1792,0,831,7,11,5,1,2,-52,0,843,6099,195,100,1,0,0
3483,3,1,512,0,783,10,6,7,1,1,-76,2,1698,17874,232,100,1,0,0
3483,2,3,768,0,858,9,5,5,1,2,-52,0,687,5436,218,100,1,0,0
3484,18,8,1024,0,770,5,11,7,1,1,-95,8,2815,18781,226,100,1,0,0
3485,6,5,768,0,817,7,5,5,1,2,-52,0,799,9448,215,100,3,0,0
3485,8,4,768,0,741,7,14,7,2,2,-70,10,4071,23147,228,100,1,0,0
3486,1,0,256,0,16,0,0,3,0,0,0,10,2179,19021,6315,100,1,0,0
3485,9,4,768,10,1093,7,12,7,1,1,-52,6,4025,25959,229,100,3,0,0
3486,4,1,512,0,758,9,7,7,2,1,-61,10,6271,28454,232,100,2,0,0
3484,7,3,768,0,733,10,13,7,1,3,-70,0,368,4541,185,100,1,0,0
3485,13,9,1024,0,1006,10,20,7,1,2,-70,1,1922,13374,182,100,4,0,0
3485,17,12,1280,0,797,3,11,7,1,1,-52,0,1024,10121,203,100,2,0,0
3486,12,8,1024,0,809,6,7,7,1,2,-70,1,1661,16788,218,100,2,0,0
3486,28,18,1280,0,797,4,4,7,1,1,-95,1,970,9905,217,100,1,0,0
3486,27,22,1536,10,773,4,8,5,1,1,-52,0,799,7920,202,100,2,0,0
3487,16,11,1024,0,1136,7,6,7,1,2,-52,0,603,7175,217,100,2,0,0
3486,29,28,1536,0,785,4,9,7,1,1,-52,0,556,6197,210,100,1,0,0
3488,5,1,512,0,1093,10,3,7,1,1,-76,4,2297,19782,232,100,3,0,0
3488,24,18,1280,10,807,6,15,7,1,1,-70,2,1050,8959,208,100,1,0,0
3488,30,24,1536,0,732,8,6,7,1,3,-70,1,1443,15165,213,100,2,0,0
3490,20,14,1280,0,1165,4,14,7,1,1,-70,0,780,7893,215,100,3,0,0
3490,11,5,768,0,1110,10,2,7,1,2,-70,1,1199,12391,224,100,2,0,0
3490,25,21,1536,10,1146,8,14,7,1,2,-70,0,496,6261,213,100,2,0,0
3489,31,30,1792,0,834,7,11,5,1,2,-52,0,795,8156,195,100,2,0,0
3489,26,21,1536,0,828,4,5,7,1,1,-52,0,1085,11465,215,100,2,0,0
3490,9,4,768,0,1095,7,12,7,1,1,-52,6,1365,11111,229,100,2,0,0
3490,17,12,1280,0,797,3,11,7,1,1,-52,0,265,4585,203,100,1,0,0
3490,13,9,1024,0,1007,10,20,7,1,2,-70,1,732,7393,182,100,2,0,0
3491,6,5,768,0,818,7,5,5,1,2,-52,0,390,5417,215,100,1,0,0
3492,1,0,256,0,16,0,0,3,0,0,0,10,1368,14320,6322,100,1,0,0
3491,2,3,768,0,861,9,5,5,1,2,-52,0,684,8287,219,100,1,0,0
3491,23,18,1280,10,730,5,24,7,1,1,-52,0,489,9897,171,100,2,0,0
3491,29,28,1536,0,785,4,9,7,1,1,-52,0,286,4517,210,100,1,0,0
3491,19,13,1280,0,1081,9,24,7,1,3,-70,0,986,10241,176,100,4,0,0
3492,14,8,1024,0,1098,7,15,7,1,2,-70,1,1435,12808,215,100,4,0,0
3492,10,5,768,0,1127,5,13,7,1,1,-52,0,1010,10071,211,100,4,0,0
3491,15,9,1024,20,792,7,543,7,1,1,-70,3,2138,21064,225,100,6,1,3
3494,4,1,512,30,760,9,7,7,2,1,-61,10,4946,24883,233,100,1,0,0
3492,22,18,1280,0,766,6,7,7,1,1,-70,1,1090,12792,204,100,1,0,0
3492,21,15,1280,0,1110,6,6,7,1,1,-70,2,2394,22988,222,100,4,0,0
3493,12,8,1024,0,813,6,7,7,1,2,-70,1,1034,12211,218,100,1,0,0
3494,3,1,512,0,785,10,6,7,1,1,-76,2,1915,21583,233,100,3,0,0
3494,27,22,1536,10,775,4,8,5,1,1,-52,0,581,7665,203,100,1,0,0
3495,18,8,1024,0,773,5,11,7,1,1,-95,8,3756,31906,227,100,2,0,0
3494,17,12,1280,10,798,3,11,7,1,1,-52,0,440,4553,203,100,1,0,0
3496,23,18,1280,0,730,5,24,7,1,1,-52,0,410,5200,172,100,1,0,0
3496,8,4,768,10,744,7,14,7,2,2,-70,10,5590,33058,229,100,2,0,0
3496,11,5,768,0,1111,10,2,7,1,2,-70,1,614,9723,225,100,2,0,0
3497,5,1,512,0,1098,10,3,7,1,1,-76,4,2497,21497,233,100,3,0,0
3496,2,3,768,0,863,9,5,5,1,2,-52,0,498,5197,219,100,1,0,0
3496,7,3,768,0,737,10,13,7,1,3,-70,0,938,12037,186,100,2,0,0
3498,14,8,1024,0,1100,7,15,7,1,2,-70,1,610,7712,215,100,2,0,0
3497,15,9,1024,0,793,7,544,7,1,1,-70,3,958,10079,226,100,2,1,3
3497,24,18,1280,10,809,6,15,7,1,1,-70,2,1276,12908,209,100,2,0,0
3498,16,11,1024,0,1140,7,6,7,1,2,-52,0,934,11297,218,100,3,0,0
3497,28,18,1280,10,798,4,4,7,1,1,-95,1,1205,14169,217,100,2,0,0
3499,4,1,512,10,760,9,7,7,2,1,-61,10,3460,17898,233,100,1,0,0
3499,1,0,256,0,16,0,0,3,0,0,0,10,2360,19608,6340,100,2,0,0
3498,13,9,1024,10,1012,10,20,7,1,2,-70,1,1170,10766,183,100,2,0,0
3498,27,22,1536,0,776,4,8,5,1,1,-52,0,394,4379,203,100,1,0,0
3500,29,28,1536,0,786,4,9,7,1,1,-52,0,473,7738,211,100,1,0,0
3498,26,21,1536,20,830,4,5,7,1,1,-52,0,526,8705,216,100,1,0,0
3500,20,14,1280,0,1167,4,14,7,1,1,-70,0,641,9828,215,100,3,0,0
3500,21,15,1280,30,1113,6,6,7,1,1,-70,2,1342,15562,223,100,3,0,0
3499,30,24,1536,0,734,8,6,7,1,3,-70,1,1354,15606,214,100,2,0,0
3500,31,30,1792,0,838,7,11,5,1,2,-52,0,916,10255,196,100,2,0,0
3500,25,21,1536,0,1150,8,14,7,1,2,-70,0,1043,10851,214,100,3,0,0
3501,12,8,1024,0,818,6,7,7,1,2,-70,1,1444,12810,219,100,2,0,0
3501,9,4,768,10,1099,7,12,7,1,1,-52,6,3505,25035,230,100,3,0,0
3501,7,3,768,0,739,10,13,7,1,3,-70,0,476,4586,186,100,1,0,0
3502,22,18,1280,0,769,6,7,7,1,1,-70,1,1371,13605,205,100,2,0,0
3501,6,5,768,0,820,7,5,5,1,2,-52,0,722,11006,216,100,2,0,0
3503,1,0,256,0,16,0,0,3,0,0,0,10,945,9793,6346,100,1,0,0
3502,19,13,1280,0,1085,9,24,7,1,3,-70,0,880,11188,176,100,3,0,0
3503,28,18,1280,0,800,4,4,7,1,1,-95,1,825,7831,218,100,1,0,0
3504,5,1,512,10,1099,10,3,7,1,1,-76,4,1259,14543,233,100,2,0,0
3503,10,5,768,10,1130,5,13,7,1,1,-52,0,659,10492,211,100,4,0,0
3503,11,5,768,0,1116,10,2,7,1,2,-70,1,1353,12793,225,100,3,0,0
3504,23,18,1280,0,733,5,24,7,1,1,-52,0,799,8924,172,100,2,0,0
3504,17,12,1280,0,801,3,11,7,1,1,-52,0,810,9618,204,100,2,0,0
3505,3,1,512,0,786,10,6,7,1,1,-76,2,1617,20061,233,100,2,0,0
3505,4,1,512,20,761,9,7,7,2,1,-61,10,4065,20596,233,100,1,0,0
3505,18,8,1024,30,776,5,11,7,1,1,-95,8,3784,27949,228,100,2,0,0
3504,2,3,768,0,864,9,5,5,1,2,-52,0,567,8135,220,100,2,0,0
3505,8,4,768,10,745,7,14,7,2,2,-70,10,4040,24951,229,100,2,0,0
3505,24,18,1280,10,811,6,15,7,1,1,-70,2,1214,10793,210,100,1,0,0
3506,14,8,1024,0,1104,7,15,7,1,2,-70,1,1175,11908,216,100,2,0,0
3505,6,5,768,0,821,7,5,5,1,2,-52,0,367,4104,216,100,1,0,0
3506,30,24,1536,0,735,8,6,7,1,3,-70,1,756,8201,214,100,1,0,0
3506,21,15,1280,10,1116,6,6,7,1,1,-70,2,1187,11812,223,100,2,0,0
3507,27,22,1536,0,779,4,8,5,1,1,-52,0,728,7927,203,100,2,0,0
3508,25,21,1536,0,1152,8,14,7,1,2,-70,0,554,7007,215,100,2,0,0
3508,12,8,1024,0,820,6,7,7,1,2,-70,1,797,11073,219,100,1,0,0
3507,13,9,1024,0,1017,10,20,7,1,2,-70,1,1524,13362,184,100,3,0,0
3509,10,5,768,0,1131,5,13,7,1,1,-52,0,558,6591,212,100,1,0,0
3509,15,9,1024,10,796,7,547,7,1,1,-70,3,2090,18806,227,100,5,1,3
3508,16,11,1024,10,1144,7,6,7,1,2,-52,0,828,10403,219,100,3,0,0
3510,3,1,512,0,788,10,6,7,1,1,-76,2,967,10478,234,100,0,0,0
3508,19,13,1280,10,1089,9,24,7,1,3,-70,0,743,6103,177,100,2,0,0
3511,1,0,256,0,16,0,0,3,0,0,0,10,2148,19897,6365,100,1,0,0
3510,24,18,1280,0,812,6,15,7,1,1,-70,2,728,6840,210,100,1,0,0
3509,22,18,1280,10,773,6,7,7,1,1,-70,1,1259,10949,206,100,2,0,0
3510,29,28,1536,0,789,4,9,7,1,1,-52,0,752,10468,211,100,2,0,0
3509,26,21,1536,0,835,4,5,7,1,1,-52,0,1054,11112,216,100,3,0,0
3511,31,30,1792,0,840,7,11,5,1,2,-52,0,703,10088,197,100,2,0,0
3512,20,14,1280,0,1171,4,14,7,1,1,-70,0,929,11435,216,100,4,0,0
3512,18,8,1024,20,777,5,11,7,1,1,-95,8,2566,20047,228,100,1,0,0
3511,2,3,768,0,866,9,5,5,1,2,-52,0,521,6563,220,100,1,0,0
3513,4,1,512,20,763,9,7,7,2,1,-61,10,5342,25270,234,100,2,0,0
3513,9,4,768,0,1107,7,12,7,1,1,-52,6,3525,24296,230,100,4,0,0
3511,28,18,1280,0,802,4,4,7,1,1,-95,1,944,10374,218,100,2,0,0
3512,13,9,1024,0,1019,10,20,7,1,2,-70,1,767,6105,184,100,2,0,0
3511,27,22,1536,0,782,4,8,5,1,1,-52,0,639,5381,204,100,1,0,0
3512,7,3,768,0,744,10,13,7,1,3,-70,0,938,11458,187,100,2,0,0
3512,17,12,1280,10,804,3,11,7,1,1,-52,0,688,8166,205,100,1,0,0
3514,25,21,1536,0,1157,8,14,7,1,2,-70,0,817,6514,215,100,2,0,0
3514,5,1,512,0,1103,10,3,7,1,1,-76,4,2691,24889,234,100,3,0,0
3512,23,18,1280,0,734,5,24,7,1,1,-52,0,498,8458,173,100,1,0,0
3514,15,9,1024,10,797,7,548,7,1,1,-70,3,1079,10125,227,100,2,1,3
3514,30,24,1536,0,736,8,6,7,1,3,-70,1,894,10409,215,100,2,0,0
3514,10,5,768,0,1132,5,13,7,1,1,-52,0,363,4527,212,100,2,0,0
3515,3,1,512,0,788,10,6,7,1,1,-76,2,848,9654,234,100,1,0,0
3516,8,4,768,20,748,7,14,7,2,2,-70,10,5075,29507,230,100,2,0,0
3515,14,8,1024,0,1107,7,15,7,1,2,-70,1,1107,11604,216,100,3,0,0
3515,12,8,1024,0,822,6,7,7,1,2,-70,1,1026,11390,220,100,1,0,0
3515,6,5,768,0,824,7,5,5,1,2,-52,0,799,9495,217,100,3,0,0
3514,19,13,1280,0,1092,9,24,7,1,3,-70,0,628,6540,177,100,2,0,0
3515,11,5,768,10,1122,10,2,7,1,2,-70,1,1455,18166,226,100,3,0,0
3516,21,15,1280,0,1118,6,6,7,1,1,-70,2,1612,18468,224,100,2,0,0
3517,22,18,1280,0,778,6,7,7,1,1,-70,1,1254,9732,206,100,1,0,0
3517,27,22,1536,0,785,4,8,5,1,1,-52,0,601,5519,204,100,2,0,0
3517,17,12,1280,0,804,3,11,7,1,1,-52,0,288,4513,205,100,1,0,0
3518,7,3,768,0,744,10,13,7,1,3,-70,0,165,4466,187,100,0,0,0
3519,20,14,1280,0,1175,4,14,7,1,1,-70,0,906,7679,217,100,2,0,0
3518,29,28,1536,10,794,4,9,7,1,1,-52,0,892,8708,212,100,2,0,0
3519,24,18,1280,10,814,6,15,7,1,1,-70,2,1302,12741,211,100,2,0,0
3518,16,11,1024,0,1149,7,6,7,1,2,-52,0,1190,10628,220,100,4,0,0
3520,2,3,768,0,867,9,5,5,1,2,-52,0,446,7171,221,100,1,0,0
3520,14,8,1024,0,1108,7,15,7,1,2,-70,1,727,6531,216,100,2,0,0
3519,6,5,768,0,825,7,5,5,1,2,-52,0,335,4306,217,100,0,0,0
3520,26,21,1536,0,835,4,5,7,1,1,-52,0,489,8807,217,100,2,0,0
3519,30,24,1536,0,737,8,6,7,1,3,-70,1,426,5560,215,100,1,0,0
3519,31,30,1792,0,841,7,11,5,1,2,-52,0,419,7874,197,100,1,0,0
3520,28,18,1280,0,804,4,4,7,1,1,-95,1,1107,12010,219,100,1,0,0
3521,1,0,256,0,16,0,0,3,0,0,0,10,2758,26091,6380,100,2,0,0
3521,23,18,1280,10,738,5,24,7,1,1,-52,0,812,7808,173,100,2,0,0
3520,11,5,768,0,1123,10,2,7,1,2,-70,1,762,7759,226,100,1,0,0
3521,10,5,768,0,1136,5,13,7,1,1,-52,0,732,7804,212,100,2,0,0
3522,17,12,1280,0,806,4,11,7,1,1,-52,0,551,4573,205,100,2,0,0
3522,21,15,1280,0,1122,6,6,7,1,1,-70,2,1182,11734,224,100,2,0,0
3522,7,3,768,0,744,10,13,7,1,3,-70,0,285,4419,187,100,1,0,0
3522,15,9,1024,10,799,7,550,7,1,1,-70,3,1560,14932,227,100,4,1,3
3522,27,22,1536,10,785,4,8,5,1,1,-52,0,318,4703,205,100,1,0,0
3522,25,21,1536,10,1160,8,14,7,1,2,-70,0,780,8204,216,100,3,0,0
3523,18,8,1024,0,779,5,12,7,1,1,-95,8,4403,32505,229,100,3,0,0
3524,4,1,512,20,766,9,7,7,2,1,-61,10,8040,38095,235,100,2,0,0
3524,5,1,512,0,1105,10,3,7,1,1,-76,4,2430,22588,235,100,2,0,0
3523,13,9,1024,0,1022,10,20,7,1,2,-70,1,1221,14524,185,100,3,0,0
3523,8,4,768,0,753,7,14,7,2,2,-70,10,4754,26138,231,100,1,0,0
3523,31,30,1792,10,842,7,11,5,1,2,-52,0,319,4137,198,100,1,0,0
3524,3,1,512,0,789,10,6,7,1,1,-76,2,1517,18201,235,100,2,0,0
3524,9,4,768,0,1112,7,12,7,1,1,-52,6,3556,26646,231,100,3,0,0
3525,29,28,1536,0,796,4,9,7,1,1,-52,0,608,6007,212,100,1,0,0
3525,16,11,1024,0,1150,7,6,7,1,2,-52,0,396,5807,220,100,1,0,0
3526,20,14,1280,0,1177,4,14,7,1,1,-70,0,604,7048,217,100,2,0,0
3525,19,13,1280,0,1095,9,24,7,1,3,-70,0,798,11067,178,100,4,0,0
3526,30,24,1536,0,738,8,6,7,1,3,-70,1,962,9581,215,100,1,0,0
3526,12,8,1024,10,826,6,7,7,1,2,-70,1,1590,18870,221,100,3,0,0
3527,11,5,768,10,1126,10,2,7,1,2,-70,1,965,9441,227,100,3,0,0
3527,17,12,1280,0,808,4,11,7,1,1,-52,0,533,5101,206,100,1,0,0
3527,13,9,1024,0,1023,10,20,7,1,2,-70,1,636,5851,185,100,2,0,0
3528,14,8,1024,0,1111,7,15,7,1,2,-70,1,1006,11183,217,100,2,0,0
3528,2,3,768,10,869,9,5,5,1,2,-52,0,618,8011,221,100,2,0,0
3528,18,8,1024,10,781,5,12,7,1,1,-95,8,1536,13276,229,100,1,0,0
3528,9,4,768,0,1114,7,12,7,1,1,-52,6,1224,9136,231,100,2,0,0
3528,7,3,768,10,747,10,13,7,1,3,-70,0,638,6040,188,100,1,0,0
3528,8,4,768,20,754,7,14,7,2,2,-70,10,2463,14808,231,100,1,0,0
3529,26,21,1536,0,836,4,5,7,1,1,-52,0,527,8395,217,100,2,0,0
3529,22,18,1280,0,782,6,7,7,1,1,-70,1,1562,15824,207,100,3,0,0
3529,10,5,768,0,1137,5,13,7,1,1,-52,0,564,7868,213,100,3,0,0
3528,21,15,1280,0,1123,6,6,7,1,1,-70,2,1186,13373,225,100,3,0,0
3530,27,22,1536,0,787,4,8,5,1,1,-52,0,525,6740,205,100,1,0,0
3531,3,1,512,0,790,10,6,7,1,1,-76,2,980,10150,235,100,1,0,0
3530,4,1,512,10,767,9,7,7,2,1,-61,10,4820,23304,235,100,1,0,0
3530,28,18,1280,10,808,4,4,7,1,1,-95,1,1348,12552,220,100,4,0,0
3530,24,18,1280,0,817,6,15,7,1,1,-70,2,1785,15671,211,100,2,0,0
3531,12,8,1024,0,827,6,7,7,1,2,-70,1,739,6565,221,100,2,0,0
3530,15,9,1024,10,801,7,551,7,1,1,-70,3,1439,13161,228,100,2,1,3
3532,23,18,1280,0,742,5,24,7,1,1,-52,0,941,11061,174,100,2,0,0
3531,6,5,768,10,829,7,5,5,1,2,-52,0,912,11431,218,100,2,0,0
3533,1,0,256,0,16,0,0,3,0,0,0,10,3431,30193,6406,100,2,0,0
3531,17,12,1280,0,811,4,11,7,1,1,-52,0,602,5484,206,100,2,0,0
3531,31,30,1792,0,843,7,11,5,1,2,-52,0,526,7444,198,100,1,0,0
3531,11,5,768,20,1128,10,2,7,1,2,-70,1,730,9138,227,100,1,0,0
3532,25,21,1536,10,1165,8,14,7,1,2,-70,0,963,9932,216,100,3,0,0
3533,9,4,768,0,1114,7,12,7,1,1,-52,6,1263,9625,232,100,1,0,0
3533,5,1,512,10,1108,10,3,7,1,1,-76,4,2534,22378,235,100,3,0,0
3533,20,14,1280,0,1179,4,14,7,1,1,-70,0,599,6806,217,100,2,0,0
3533,16,11,1024,0,1154,7,6,7,1,2,-52,0,856,7300,221,100,4,0,0
3533,13,9,1024,0,1023,10,20,7,1,2,-70,1,428,6513,185,100,1,0,0
3533,10,5,768,0,1138,5,13,7,1,1,-52,0,369,4642,213,100,1,0,0
3535,29,28,1536,0,798,4,9,7,1,1,-52,0,701,9497,213,100,2,0,0
3536,30,24,1536,0,742,8,6,7,1,3,-70,1,1242,12223,216,100,2,0,0
3535,2,3,768,0,871,9,5,5,1,2,-52,0,578,6997,222,100,1,0,0
3536,18,8,1024,0,784,5,12,7,1,1,-95,8,3097,22518,230,100,2,0,0
3535,19,13,1280,0,1101,9,24,7,1,3,-70,0,1126,10373,179,100,3,0,0
3536,14,8,1024,10,1113,7,15,7,1,2,-70,1,1120,11207,218,100,3,0,0
3536,31,30,1792,20,844,7,11,5,1,2,-52,0,370,4293,199,100,1,0,0
3537,5,1,512,10,1112,10,3,7,1,1,-76,4,1357,9577,236,100,2,0,0
3536,6,5,768,0,830,7,5,5,1,2,-52,0,392,5490,218,100,1,0,0
3537,24,18,1280,0,818,6,15,7,1,1,-70,2,1207,10531,212,100,1,0,0
3537,11,5,768,0,1131,10,2,7,1,2,-70,1,934,8934,227,100,2,0,0
3539,4,1,512,30,771,9,7,7,2,1,-61,10,5323,26973,236,100,2,0,0
3537,21,15,1280,0,1127,6,6,7,1,1,-70,2,1465,15852,225,100,3,0,0
3539,27,22,1536,10,793,4,8,5,1,1,-52,0,1105,9714,206,100,2,0,0
3539,1,0,256,0,16,0,0,3,0,0,0,10,1843,17365,6421,100,1,0,0
3538,20,14,1280,0,1182,4,14,7,1,1,-70,0,659,5417,218,100,2,0,0
3539,15,9,1024,0,803,7,554,7,1,1,-70,3,1365,14464,228,100,5,1,3
3539,22,18,1280,0,788,6,7,7,1,1,-70,1,1856,15972,208,100,4,0,0
3539,12,8,1024,10,831,6,7,7,1,2,-70,1,975,13203,221,100,2,0,0
3540,7,3,768,0,750,10,13,7,1,3,-70,0,832,11335,189,100,2,0,0
3539,8,4,768,0,757,7,14,7,2,2,-70,10,5340,31605,232,100,2,0,0
3539,23,18,1280,10,745,5,24,7,1,1,-52,0,526,8033,174,100,1,0,0
3541,3,1,512,0,793,10,6,7,1,1,-76,2,1753,21064,236,100,2,0,0
3539,26,21,1536,0,838,4,5,7,1,1,-52,0,725,11058,218,100,2,0,0
3541,28,18,1280,0,811,4,4,7,1,1,-95,1,1127,14048,220,100,3,0,0
3540,25,21,1536,0,1168,8,14,7,1,2,-70,0,708,8599,217,100,2,0,0
3542,9,4,768,0,1121,7,12,7,1,1,-52,6,3004,20514,232,100,4,0,0
3542,29,28,1536,0,800,4,9,7,1,1,-52,0,524,7580,213,100,1,0,0
3543,2,3,768,0,875,9,5,5,1,2,-52,0,832,7753,222,100,2,0,0
3541,31,30,1792,0,845,7,11,5,1,2,-52,0,475,5918,199,100,1,0,0
3542,16,11,1024,0,1160,7,6,7,1,2,-52,0,965,9561,221,100,3,0,0
3542,13,9,1024,0,1025,10,20,7,1,2,-70,1,1098,12923,186,100,3,0,0
3542,17,12,1280,0,813,4,11,7,1,1,-52,0,726,10916,207,100,2,0,0
3542,14,8,1024,0,1114,7,15,7,1,2,-70,1,711,9323,218,100,2,0,0
3543,24,18,1280,0,819,6,15,7,1,1,-70,2,757,8408,212,100,1,0,0
3543,10,5,768,0,1143,5,13,7,1,1,-52,0,1010,10375,214,100,4,0,0
3543,15,9,1024,0,803,7,554,7,1,1,-70,3,798,8056,229,100,0,1,3
3544,22,18,1280,0,789,6,7,7,1,1,-70,1,484,6227,208,100,1,0,0
3545,1,0,256,0,16,0,0,3,0,0,0,10,1874,15845,6435,100,1,0,0
3545,28,18,1280,0,813,4,4,7,1,1,-95,1,893,6249,221,100,1,0,0
3544,21,15,1280,0,1130,6,6,7,1,1,-70,2,1396,14535,226,100,2,0,0
3544,18,8,1024,10,786,5,12,7,1,1,-95,8,3764,27964,230,100,1,0,0
3545,6,5,768,0,833,7,5,5,1,2,-52,0,907,8622,219,100,2,0,0
3546,5,1,512,0,1116,10,3,7,1,1,-76,4,2293,20733,236,100,2,0,0
3545,27,22,1536,0,794,4,8,5,1,1,-52,0,486,7089,206,100,1,0,0
3545,12,8,1024,0,834,6,7,7,1,2,-70,1,1257,11470,222,100,2,0,0
3546,16,11,1024,0,1162,7,6,7,1,2,-52,0,471,3977,221,100,2,0,0
3545,30,24,1536,0,744,8,6,7,1,3,-70,1,1260,14450,217,100,1,0,0
3545,19,13,1280,10,1104,9,24,7,1,3,-70,0,750,9626,179,100,3,0,0
3547,4,1,512,0,771,9,8,7,2,1,-61,10,6229,29480,236,100,2,0,0
3546,25,21,1536,0,1172,8,14,7,1,2,-70,0,710,6137,217,100,2,0,0
3546,31,30,1792,0,846,7,11,5,1,2,-52,0,370,4775,199,100,1,0,0
3547,9,4,768,10,1124,7,12,7,1,1,-52,6,1709,11459,233,100,2,0,0
3547,11,5,768,0,1135,10,2,7,1,2,-70,1,1403,16329,228,100,2,0,0
3546,17,12,1280,0,815,4,11,7,1,1,-52,0,375,4480,207,100,1,0,0
3548,2,3,768,0,876,9,5,5,1,2,-52,0,590,5594,223,100,1,0,0
3548,10,5,768,0,1145,5,13,7,1,1,-52,0,375,4427,214,100,1,0,0
3547,26,21,1536,0,839,4,5,7,1,1,-52,0,468,7825,219,100,2,0,0
3549,3,1,512,0,797,10,6,7,1,1,-76,2,1491,16025,236,100,1,0,0
3547,20,14,1280,0,1187,4,14,7,1,1,-70,0,956,10172,218,100,4,0,0
3549,28,18,1280,0,814,4,4,7,1,1,-95,1,481,5870,221,100,1,0,0
3548,13,9,1024,20,1027,10,20,7,1,2,-70,1,636,7532,186,100,2,0,0
3549,23,18,1280,0,749,5,24,7,1,1,-52,0,1090,10244,175,100,2,0,0
3549,24,18,1280,0,819,6,15,7,1,1,-70,2,766,8266,213,100,1,0,0
3549,18,8,1024,10,787,5,12,7,1,1,-95,8,1771,13773,231,100,1,0,0
3550,5,1,512,0,1117,10,3,7,1,1,-76,4,1382,11290,236,100,2,0,0
3550,16,11,1024,0,1164,7,6,7,1,2,-52,0,533,4583,222,100,1,0,0
3551,27,22,1536,0,795,4,8,5,1,1,-52,0,393,5805,206,100,1,0,0
3552,8,4,768,20,760,7,14,7,2,2,-70,10,6051,35172,232,100,2,0,0
3551,6,5,768,0,834,7,5,5,1,2,-52,0,478,6442,219,100,2,0,0
3552,7,3,768,0,753,10,13,7,1,3,-70,0,873,11901,189,100,3,0,0
3551,12,8,1024,0,835,6,7,7,1,2,-70,1,633,9328,222,100,1,0,0
3552,31,30,1792,0,847,7,11,5,1,2,-52,0,450,5601,200,100,1,0,0
3552,21,15,1280,10,1132,6,6,7,1,1,-70,2,1252,14838,226,100,3,0,0
3553,22,18,1280,0,792,6,7,7,1,1,-70,1,1294,11786,208,100,2,0,0
3553,14,8,1024,0,1120,7,15,7,1,2,-70,1,1592,14364,219,100,4,0,0
3553,30,24,1536,0,744,8,6,7,1,3,-70,1,981,10602,217,100,2,0,0
3553,26,21,1536,0,840,5,5,7,1,1,-52,0,557,5852,219,100,1,0,0
3555,1,0,256,0,16,0,0,3,0,0,0,10,2726,25164,6452,100,2,0,0
3553,29,28,1536,0,802,4,9,7,1,1,-52,0,795,11472,214,100,2,0,0
3554,15,9,1024,10,805,7,557,7,1,1,-70,3,2000,19199,229,100,5,1,3
3555,4,1,512,30,772,9,8,7,2,1,-61,10,5690,27307,237,100,2,0,0
3554,18,8,1024,0,787,5,12,7,1,1,-95,8,1979,13660,231,100,1,0,0
3555,9,4,768,10,1126,7,12,7,1,1,-52,6,1998,15873,233,100,2,0,0
3554,13,9,1024,0,1029,10,20,7,1,2,-70,1,917,8579,187,100,2,0,0
3556,28,18,1280,0,816,4,4,7,1,1,-95,1,764,8742,221,100,1,0,0
3555,27,22,1536,0,795,4,8,5,1,1,-52,0,318,4230,207,100,1,0,0
3556,11,5,768,0,1139,10,2,7,1,2,-70,1,1293,14083,228,100,4,0,0
3556,25,21,1536,0,1177,8,14,7,1,2,-70,0,1012,9711,218,100,4,0,0
3557,2,3,768,0,878,9,5,5,1,2,-52,0,587,8838,223,100,1,0,0
3556,19,13,1280,10,1110,9,24,7,1,3,-70,0,1107,10844,180,100,4,0,0
3556,20,14,1280,0,1190,4,14,7,1,1,-70,0,684,8980,219,100,2,0,0
3556,23,18,1280,0,754,5,24,7,1,1,-52,0,904,8042,176,100,1,0,0
3556,17,12,1280,0,815,4,11,7,1,1,-52,0,488,10056,208,100,2,0,0
3559,8,4,768,10,760,7,14,7,2,2,-70,10,3194,18817,233,100,2,0,0
3560,3,1,512,0,801,10,6,7,1,1,-76,2,1688,19885,237,100,2,0,0
3558,21,15,1280,0,1134,6,6,7,1,1,-70,2,1327,12125,227,100,3,0,0
3559,10,5,768,0,1150,5,13,7,1,1,-52,0,1034,11309,215,100,4,0,0
3559,22,18,1280,0,795,6,7,7,1,1,-70,1,925,8288,209,100,2,0,0
3559,16,11,1024,0,1167,7,6,7,1,2,-52,0,644,8531,222,100,3,0,0
3560,6,5,768,0,835,7,5,5,1,2,-52,0,464,7866,220,100,2,0,0
3561,28,18,1280,0,818,4,4,7,1,1,-95,1,681,6004,222,100,1,0,0
3560,29,28,1536,0,802,4,9,7,1,1,-52,0,343,6255,215,100,1,0,0
3561,15,9,1024,0,807,7,559,7,1,1,-70,3,1437,12040,230,100,4,1,3
3561,5,1,512,0,1121,10,3,7,1,1,-76,4,2666,25264,237,100,4,0,0
3561,24,18,1280,0,823,6,16,7,1,1,-70,2,1702,16179,213,100,4,0,0
3561,13,9,1024,0,1031,10,20,7,1,2,-70,1,865,8307,187,100,3,0,0
3561,23,18,1280,0,755,5,24,7,1,1,-52,0,370,4726,176,100,1,0,0
3561,19,13,1280,0,1111,9,24,7,1,3,-70,0,378,4382,180,100,1,0,0
3562,18,8,1024,0,789,5,12,7,1,1,-95,8,3048,22975,232,100,2,0,0
3563,9,4,768,0,1132,7,12,7,1,1,-52,6,3019,19323,234,100,4,0,0
3562,14,8,1024,0,1123,7,15,7,1,2,-70,1,1067,11782,219,100,4,0,0
3564,7,3,768,0,756,10,13,7,1,3,-70,0,832,11251,190,100,2,0,0
3564,1,0,256,0,16,0,0,3,0,0,0,10,2411,22839,6467,100,2,0,0
3562,20,14,1280,0,1193,4,14,7,1,1,-70,0,597,5778,219,100,3,0,0
3564,2,3,768,0,878,9,5,5,1,2,-52,0,339,6309,224,100,1,0,0
3561,31,30,1792,0,850,7,11,5,1,2,-52,0,754,9639,200,100,2,0,0
3563,27,22,1536,0,796,4,8,5,1,1,-52,0,417,6705,207,100,1,0,0
3563,12,8,1024,0,838,6,7,7,1,2,-70,1,1328,18775,223,100,3,0,0
3563,26,21,1536,0,842,5,5,7,1,1,-52,0,827,10598,220,100,2,0,0
3565,8,4,768,0,761,7,14,7,2,2,-70,10,3218,18855,233,100,1,0,0
3564,30,24,1536,0,747,8,6,7,1,3,-70,1,1240,14892,218,100,2,0,0
3566,16,11,1024,0,1170,7,6,7,1,2,-52,0,755,6510,223,100,3,0,0
3565,22,18,1280,0,797,6,7,7,1,1,-70,1,802,8017,209,100,2,0,0
3567,4,1,512,0,774,9,8,7,2,1,-61,10,7717,38331,237,100,2,0,0
3566,11,5,768,10,1142,10,2,7,1,2,-70,1,1402,15808,229,100,4,0,0
3565,25,21,1536,10,1181,8,14,7,1,2,-70,0,850,9571,219,100,4,0,0
3567,6,5,768,0,838,7,5,5,1,2,-52,0,695,7185,220,100,3,0,0
3567,10,5,768,0,1156,5,13,7,1,1,-52,0,1103,8796,216,100,3,0,0
3566,17,12,1280,0,818,4,11,7,1,1,-52,0,754,9843,208,100,2,0,0
3568,15,9,1024,0,810,7,560,7,1,1,-70,3,1207,12714,230,100,2,1,3
3568,21,15,1280,0,1137,6,6,7,1,1,-70,2,1691,18773,227,100,4,0,0
3568,12,8,1024,0,838,6,7,7,1,2,-70,1,556,7685,223,100,1,0,0
3570,3,1,512,20,801,10,6,7,1,1,-76,2,1429,20857,238,100,2,0,0
3569,24,18,1280,0,826,6,16,7,1,1,-70,2,1265,11566,214,100,1,0,0
3570,2,3,768,0,879,9,5,5,1,2,-52,0,390,5833,224,100,1,0,0
3569,18,8,1024,30,790,5,12,7,1,1,-95,8,2413,21124,232,100,1,0,0
3571,7,3,768,10,759,10,13,7,1,3,-70,0,736,7179,191,100,1,0,0
3570,5,1,512,0,1126,10,3,7,1,1,-76,4,2579,21680,238,100,4,0,0
3570,9,4,768,0,1134,7,12,7,1,1,-52,6,1881,16230,234,100,2,0,0
3569,28,18,1280,10,823,4,4,7,1,1,-95,1,1395,12331,222,100,3,0,0
3568,29,28,1536,0,806,4,9,7,1,1,-52,0,859,9110,215,100,2,0,0
3571,13,9,1024,10,1036,10,20,7,1,2,-70,1,1360,13336,188,100,3,0,0
3570,19,13,1280,0,1114,9,24,7,1,3,-70,0,798,9444,181,100,4,0,0
3570,30,24,1536,10,749,8,6,7,1,3,-70,1,679,8018,218,100,1,0,0
3571,26,21,1536,0,846,5,5,7,1,1,-52,0,836,7852,220,100,2,0,0
3573,1,0,256,0,16,0,0,3,0,0,0,10,2788,24519,6489,100,2,0,0
3571,17,12,1280,0,820,4,11,7,1,1,-52,0,527,4908,209,100,2,0,0
3573,10,5,768,0,1159,5,13,7,1,1,-52,0,602,5990,216,100,2,0,0
3574,8,4,768,0,765,7,14,7,2,2,-70,10,3928,24580,234,100,2,0,0
3573,23,18,1280,0,760,5,24,7,1,1,-52,0,1047,12192,177,100,2,0,0
3572,31,30,1792,0,852,7,11,5,1,2,-52,0,702,10471,201,100,2,0,0
3572,27,22,1536,0,799,4,8,5,1,1,-52,0,808,10203,208,100,2,0,0
3573,14,8,1024,10,1128,7,15,7,1,2,-70,1,1566,15293,220,100,4,0,0
3572,20,14,1280,0,1195,4,14,7,1,1,-70,0,721,10470,220,100,3,0,0
3573,28,18,1280,0,824,4,4,7,1,1,-95,1,787,6654,223,100,1,0,0
3574,22,18,1280,0,801,6,7,7,1,1,-70,1,1381,13087,210,100,3,0,0
3575,15,9,1024,0,810,7,562,7,1,1,-70,3,1180,12809,231,100,3,1,3
3576,16,11,1024,0,1173,7,6,7,1,2,-52,0,644,9634,223,100,3,0,0
3576,2,3,768,0,881,9,5,5,1,2,-52,0,553,5889,225,100,1,0,0
3576,6,5,768,0,842,7,5,5,1,2,-52,0,881,9598,221,100,1,0,0
3575,26,21,1536,0,847,5,5,7,1,1,-52,0,328,4495,221,100,0,0,0
3577,9,4,768,0,1136,7,12,7,1,1,-52,6,1922,14095,235,100,2,0,0
3577,11,5,768,0,1151,10,2,7,1,2,-70,1,1816,17871,230,100,4,0,0
3578,4,1,512,0,778,9,8,7,2,1,-61,10,7319,36482,238,100,2,0,0
3577,25,21,1536,0,1186,8,14,7,1,2,-70,0,1079,11137,219,100,4,0,0
3577,5,1,512,0,1129,10,3,7,1,1,-76,4,2078,17161,238,100,2,0,0
3576,12,8,1024,0,838,6,7,7,1,2,-70,1,809,13103,224,100,1,0,0
3577,18,8,1024,0,791,5,12,7,1,1,-95,8,2836,22285,233,100,2,0,0
3579,8,4,768,0,767,7,14,7,2,2,-70,10,2609,15840,234,100,1,0,0
3580,1,0,256,0,16,0,0,3,0,0,0,10,1552,15833,6498,100,1,0,0
3577,29,28,1536,10,810,4,9,7,1,1,-52,0,891,9437,216,100,2,0,0
3580,2,3,768,0,881,9,5,5,1,2,-52,0,259,4042,225,100,1,0,0
3579,15,9,1024,0,810,7,563,7,1,1,-70,3,689,6829,231,100,2,1,3
3580,3,1,512,0,805,10,6,7,1,1,-76,2,2027,20685,238,100,2,0,0
3580,10,5,768,0,1162,5,13,7,1,1,-52,0,595,6963,216,100,3,0,0
3578,30,24,1536,0,750,8,6,7,1,3,-70,1,798,9427,219,100,1,0,0
3579,28,18,1280,0,825,4,4,7,1,1,-95,1,660,7363,223,100,1,0,0
3579,21,15,1280,10,1144,6,6,7,1,1,-70,2,2389,22117,228,100,4,0,0
3581,13,9,1024,0,1040,10,20,7,1,2,-70,1,1297,13424,188,100,4,0,0
3580,16,11,1024,0,1175,7,6,7,1,2,-52,0,527,4798,224,100,2,0,0
3580,24,18,1280,0,827,6,16,7,1,1,-70,2,1432,15328,215,100,2,0,0
3580,14,8,1024,0,1131,7,15,7,1,2,-70,1,1051,9695,221,100,2,0,0
3580,17,12,1280,0,821,4,11,7,1,1,-52,0,539,8097,209,100,2,0,0
3582,7,3,768,0,761,10,13,7,1,3,-70,0,814,11639,191,100,2,0,0
3581,19,13,1280,0,1119,9,24,7,1,3,-70,0,1012,11097,182,100,4,0,0
3580,31,30,1792,20,856,7,11,5,1,2,-52,0,633,7733,202,100,1,0,0
3582,22,18,1280,0,804,6,7,7,1,1,-70,1,778,9128,210,100,1,0,0
3582,26,21,1536,0,848,5,5,7,1,1,-52,0,393,5798,221,100,1,0,0
3583,18,8,1024,0,794,5,12,7,1,1,-95,8,2327,16317,233,100,1,0,0
3585,8,4,768,0,768,7,14,7,2,2,-70,10,2623,15845,235,100,0,0,0
3583,20,14,1280,0,1205,4,14,7,1,1,-70,0,1542,11650,221,100,5,0,0
3584,10,5,768,10,1164,5,13,7,1,1,-52,0,526,4656,217,100,2,0,0
3583,27,22,1536,0,802,4,8,5,1,1,-52,0,833,10451,209,100,2,0,0
3585,9,4,768,0,1138,7,12,7,1,1,-52,6,2138,17565,235,100,3,0,0
3584,6,5,768,0,844,7,5,5,1,2,-52,0,618,8714,221,100,2,0,0
3586,4,1,512,20,781,9,8,7,2,1,-61,10,5679,28190,239,100,1,0,0
3583,29,28,1536,0,811,4,9,7,1,1,-52,0,418,5974,216,100,1,0,0
3583,23,18,1280,0,762,5,24,7,1,1,-52,0,825,11173,178,100,3,0,0
3585,15,9,1024,0,811,7,566,7,1,1,-70,3,1230,11399,232,100,4,1,3
3583,30,24,1536,0,751,8,6,7,1,3,-70,1,838,8005,219,100,1,0,0
3587,2,3,768,0,883,9,5,5,1,2,-52,0,618,6607,225,100,2,0,0
3585,28,18,1280,0,829,4,4,7,1,1,-95,1,980,8248,223,100,1,0,0
3586,13,9,1024,0,1042,10,20,7,1,2,-70,1,801,6705,189,100,2,0,0
3586,12,8,1024,0,842,6,7,7,1,2,-70,1,1303,15096,225,100,2,0,0
3587,21,15,1280,10,1148,6,6,7,1,1,-70,2,1268,13169,229,100,2,0,0
3588,5,1,512,0,1135,10,3,7,1,1,-76,4,2875,25264,239,100,5,0,0
3588,26,21,1536,0,849,5,5,7,1,1,-52,0,393,5367,221,100,1,0,0
3589,11,5,768,0,1158,10,2,7,1,2,-70,1,1746,18833,231,100,5,0,0
3587,25,21,1536,0,1192,8,14,7,1,2,-70,0,1145,10648,220,100,4,0,0
3590,3,1,512,0,810,10,6,7,1,1,-76,2,1881,19674,239,100,2,0,0
3590,28,18,1280,0,830,4,4,7,1,1,-95,1,602,6012,224,100,1,0,0
3591,1,0,256,0,16,0,0,3,0,0,0,10,3346,29236,6524,100,2,0,0
3590,16,11,1024,0,1179,7,6,7,1,2,-52,0,848,9250,224,100,4,0,0
3590,24,18,1280,0,832,6,16,7,1,1,-70,2,1531,13027,215,100,2,0,0
3591,10,5,768,0,1168,5,13,7,1,1,-52,0,733,6691,217,100,2,0,0
3591,4,1,512,0,781,9,8,7,2,1,-61,10,3197,17386,239,100,1,0,0
3591,7,3,768,0,763,10,13,7,1,3,-70,0,701,9454,192,100,2,0,0
3592,8,4,768,10,768,7,14,7,2,2,-70,10,3045,19864,235,100,2,0,0
3591,14,8,1024,0,1136,7,15,7,1,2,-70,1,1367,13437,221,100,4,0,0
3589,29,28,1536,10,813,4,9,7,1,1,-52,0,425,5447,217,100,1,0,0
3590,17,12,1280,0,823,4,11,7,1,1,-52,0,702,9939,210,100,2,0,0
3590,27,22,1536,0,806,4,8,5,1,1,-52,0,715,6756,209,100,1,0,0
3591,20,14,1280,0,1208,4,14,7,1,1,-70,0,726,7465,221,100,3,0,0
3590,30,24,1536,0,753,8,6,7,1,3,-70,1,896,8939,220,100,2,0,0
3593,18,8,1024,20,796,5,12,7,1,1,-95,8,3642,26861,234,100,1,0,0
3591,22,18,1280,0,808,6,7,7,1,1,-70,1,1597,13646,211,100,2,0,0
3592,15,9,1024,0,814,7,568,7,1,1,-70,3,1478,13087,232,100,3,1,3
3593,5,1,512,0,1136,10,3,7,1,1,-76,4,1192,12300,239,100,2,0,0
3593,6,5,768,0,848,7,5,5,1,2,-52,0,882,8816,222,100,3,0,0
3594,12,8,1024,0,844,6,7,7,1,2,-70,1,824,10590,225,100,1,0,0
3594,9,4,768,20,1142,7,12,7,1,1,-52,6,2661,19725,236,100,4,0,0
3591,31,30,1792,0,857,7,11,5,1,2,-52,0,727,10882,202,100,2,0,0
3593,19,13,1280,0,1126,9,24,7,1,3,-70,0,1190,11461,182,100,5,0,0
3594,11,5,768,0,1160,10,2,7,1,2,-70,1,763,9412,231,100,2,0,0
3594,21,15,1280,0,1150,6,6,7,1,1,-70,2,1284,12383,229,100,3,0,0
3593,23,18,1280,0,764,5,24,7,1,1,-52,0,550,9506,178,100,1,0,0
3595,13,9,1024,0,1046,10,20,7,1,2,-70,1,1203,11867,189,100,4,0,0
3596,3,1,512,0,810,10,6,7,1,1,-76,2,720,11340,239,100,1,0,0
3596,2,3,768,0,887,9,5,5,1,2,-52,0,809,9382,226,100,2,0,0
3596,26,21,1536,0,852,5,5,7,1,1,-52,0,784,8077,222,100,2,0,0
3595,29,28,1536,0,813,4,9,7,1,1,-52,0,394,5801,217,100,1,0,0
3597,7,3,768,0,763,10,13,7,1,3,-70,0,285,5035,192,100,1,0,0
3595,25,21,1536,10,1195,8,14,7,1,2,-70,0,599,7326,220,100,3,0,0
3596,15,9,1024,0,815,7,569,7,1,1,-70,3,1031,7388,232,100,2,1,3
3596,24,18,1280,10,837,6,16,7,1,1,-70,2,1449,10343,216,100,1,0,0
3598,8,4,768,0,769,7,14,7,2,2,-70,10,3389,18911,236,100,1,0,0
3596,30,24,1536,0,754,8,6,7,1,3,-70,1,702,7060,220,100,1,0,0
