timestamp,node_id,parent_id,rank,buf_occupancy,dio_sent,dao_sent,dis_sent,nbr_count,tx_slot_count,parent_switch_count,rssi,route_count,delta_tx,delta_rx,app_packet_count,forward_ratio,bcast_tx,is_attacker,attack_type
8,1,0,256,0,1,0,0,0,0,0,0,0,586,3716,0,100,15,0,0
13,1,0,256,0,2,0,0,0,0,0,0,0,489,3472,0,100,5,0,0
17,1,0,256,0,2,0,0,2,0,0,0,2,446,3480,0,100,4,0,0
25,1,0,256,0,3,0,0,3,0,0,0,2,865,7330,0,100,6,0,0
35,1,0,256,0,3,0,0,3,0,0,0,3,899,9412,0,100,5,0,0
45,1,0,256,0,3,0,0,4,0,0,0,4,753,8417,0,100,4,0,0
49,1,0,256,0,4,0,0,4,0,0,0,4,569,4175,0,100,3,0,0
31,3,1,640,40,2,1,1,4,0,1,-64,1,1679,11192,1,100,9,0,0
43,3,1,640,40,3,1,1,4,0,1,-64,1,1320,11375,2,100,8,0,0
56,1,0,256,0,4,0,0,4,0,0,0,4,1069,10090,2,100,3,0,0
50,3,1,640,70,3,1,1,4,0,1,-64,1,472,6111,2,100,2,0,0
54,3,1,512,70,4,2,1,4,1,1,-64,1,772,5655,3,100,3,0,0
63,1,0,256,0,4,0,0,4,0,0,0,4,891,8385,3,100,3,0,0
67,3,1,512,10,6,2,1,4,1,1,-64,1,1651,13391,4,100,6,0,0
47,2,3,1024,80,3,1,1,2,0,1,-52,0,642,5638,2,100,4,0,0
59,2,1,640,80,6,3,1,3,0,2,-88,0,958,9904,3,100,6,0,0
70,1,0,256,0,4,0,0,4,0,0,0,4,1053,10910,5,100,2,0,0
70,2,1,554,30,7,3,1,3,1,2,-88,0,2003,13403,3,100,7,0,0
75,3,1,512,0,6,2,1,4,1,1,-64,1,717,9095,4,100,4,0,0
80,1,0,256,0,4,0,0,4,0,0,0,6,1197,15119,6,100,3,0,0
82,2,1,518,10,8,3,1,4,1,2,-88,1,1495,13929,4,100,4,0,0
85,1,0,256,0,4,0,0,4,0,0,0,6,754,6372,7,100,2,0,0
87,3,1,512,0,7,2,1,5,1,1,-64,1,742,11007,5,100,4,0,0
88,2,1,512,0,8,3,1,4,1,2,-88,1,961,8030,5,100,2,0,0
89,1,0,256,0,4,0,0,4,0,0,0,6,495,6621,8,100,1,0,0
93,1,0,256,0,4,0,0,4,0,0,0,6,279,5458,8,100,1,0,0
94,2,1,512,20,9,3,1,4,1,2,-88,1,933,8035,5,100,3,0,0
74,7,2,768,20,1,1,2,1,0,1,-70,0,814,23672,0,100,7,0,0
78,7,2,768,60,1,1,2,1,0,1,-70,0,371,3316,0,100,3,0,0
82,7,2,768,80,2,1,2,1,0,1,-70,0,571,3900,0,100,3,0,0
92,7,2,896,80,3,1,2,3,0,1,-70,0,901,8864,1,100,6,0,0
98,3,1,512,0,8,2,1,6,1,1,-64,1,861,11118,6,100,5,0,0
100,2,1,512,0,9,3,1,5,1,2,-88,1,1770,9721,5,100,2,0,0
104,1,0,256,0,4,0,0,4,0,0,0,6,1496,17055,11,100,3,0,0
102,7,2,768,0,5,1,2,4,1,1,-70,0,1956,12518,1,100,6,0,0
107,3,1,512,0,9,2,1,6,1,1,-64,1,841,11495,6,100,3,0,0
110,2,1,724,0,9,3,1,5,1,2,-88,1,1287,13275,6,100,3,0,0
110,1,0,256,0,4,0,0,4,0,0,0,6,771,9430,11,100,2,0,0
113,3,1,512,10,11,2,1,6,1,1,-64,1,1157,8430,7,100,3,0,0
116,1,0,256,0,4,0,0,4,0,0,0,6,646,8216,12,100,2,0,0
125,3,1,512,0,12,2,1,7,1,1,-64,0,855,14955,7,100,4,0,0
125,1,0,256,0,5,0,0,4,0,0,0,6,797,11775,12,100,3,0,0
130,1,0,256,0,5,0,0,4,0,0,0,6,286,6942,13,100,1,0,0
136,3,1,512,0,12,2,1,7,1,1,-64,0,740,15027,8,100,3,0,0
141,1,0,256,0,5,0,0,4,0,0,0,8,633,14249,13,100,3,0,0
145,1,0,256,0,5,0,0,4,0,0,0,8,389,6713,14,100,1,0,0
147,3,1,512,0,12,2,1,7,1,1,-64,1,963,15029,9,100,3,0,0
155,1,0,256,0,5,0,0,4,0,0,0,8,419,13085,14,100,2,0,0
156,3,1,512,10,12,2,1,7,1,1,-64,1,534,10598,9,100,2,0,0
164,1,0,256,0,5,0,0,4,0,0,0,8,526,11814,15,100,2,0,0
167,3,1,512,0,14,2,1,7,1,1,-64,1,788,13564,10,100,3,0,0
168,1,0,256,0,5,0,0,4,0,0,0,8,211,5700,15,100,1,0,0
171,3,1,512,0,14,2,1,7,1,1,-64,2,439,5620,11,100,1,0,0
176,3,1,512,10,14,2,1,7,1,1,-64,3,484,6353,11,100,2,0,0
180,1,0,256,0,5,0,0,4,0,0,0,7,735,15742,16,100,3,0,0
187,3,1,512,0,14,2,1,7,1,1,-64,3,635,13274,12,100,2,0,0
188,1,0,256,0,5,0,0,4,0,0,0,7,315,11110,17,100,1,0,0
193,1,0,256,0,5,0,0,4,0,0,0,8,210,6865,17,100,1,0,0
195,3,1,512,0,15,2,1,7,1,1,-64,4,644,9740,12,100,2,0,0
200,1,0,256,0,5,0,0,4,0,0,0,8,459,8544,17,100,2,0,0
203,3,1,512,0,16,2,1,7,1,1,-64,4,638,10251,13,100,2,0,0
205,1,0,256,0,5,0,0,4,0,0,0,8,509,7772,18,100,1,0,0
165,4,1,640,80,10,2,2,6,0,1,-66,5,447,9745,10,100,3,0,0
175,4,1,640,80,11,2,2,7,0,1,-66,5,673,9548,11,100,3,0,0
186,4,1,640,100,11,2,2,7,0,1,-66,5,522,10061,11,100,2,0,0
194,4,1,640,100,11,2,2,7,0,1,-66,5,376,7055,12,100,2,0,0
200,4,1,640,90,11,2,2,7,0,1,-66,5,249,5050,12,100,1,0,0
210,3,1,512,0,16,2,1,7,1,1,-64,4,640,9089,13,100,2,0,0
211,4,1,512,0,13,2,2,7,1,1,-66,5,1611,12711,13,100,3,0,0
214,1,0,256,0,5,0,0,4,0,0,0,8,939,16011,21,100,1,0,0
219,3,1,512,0,16,2,1,7,1,1,-64,4,499,10915,14,100,2,0,0
178,5,4,1024,90,10,3,1,5,0,1,-52,4,554,9134,11,100,2,0,0
189,5,4,1024,80,11,3,1,5,0,1,-52,4,652,8563,11,100,4,0,0
201,5,4,1024,90,12,3,1,5,0,1,-52,4,972,10158,12,100,2,0,0
222,1,0,256,0,5,0,0,4,0,0,0,8,911,13165,25,100,2,0,0
222,4,1,512,30,14,2,2,7,1,1,-66,5,1823,14825,14,100,3,0,0
212,5,4,1024,100,12,3,1,5,0,1,-52,3,686,10577,13,100,3,0,0
219,5,4,896,40,13,3,1,5,1,1,-52,3,1309,7740,13,100,1,0,0
223,3,1,512,0,16,2,1,7,1,1,-64,4,364,5922,14,100,1,0,0
228,4,1,512,0,15,2,2,7,1,1,-66,5,907,8211,14,100,2,0,0
229,5,4,896,0,14,3,1,5,1,1,-52,3,1222,12413,14,100,3,0,0
231,1,0,256,0,6,0,0,4,0,0,0,8,1414,17062,28,100,3,0,0
193,8,5,1408,90,8,1,2,5,0,1,-70,2,314,5336,8,100,2,0,0
205,8,5,1408,100,8,1,2,5,0,1,-70,2,483,10715,8,100,3,0,0
234,5,4,896,60,14,3,1,5,1,1,-52,3,1121,7290,14,100,2,0,0
211,8,5,1408,90,8,1,2,5,0,1,-70,1,169,5857,9,100,1,0,0
235,3,1,512,0,16,2,1,7,1,1,-64,4,760,15181,15,100,2,0,0
217,8,5,1408,100,8,1,2,5,0,1,-70,1,463,4974,9,100,2,0,0
238,1,0,256,0,6,0,0,4,0,0,0,8,1388,12394,31,100,1,0,0
237,4,1,512,50,15,2,2,7,1,1,-66,5,2439,16896,15,100,2,0,0
225,8,5,1408,80,8,1,2,5,0,1,-70,1,424,7333,10,100,2,0,0
232,8,5,1280,60,8,1,2,5,1,1,-70,1,602,6421,10,100,1,0,0
239,8,5,1280,10,10,1,2,5,1,1,-70,1,1414,9139,11,100,3,0,0
241,3,1,568,0,16,2,1,7,1,1,-64,4,780,7306,15,100,1,0,0
241,4,1,512,10,16,2,2,7,1,1,-66,5,1515,8667,15,100,2,0,0
245,1,0,256,0,6,0,0,4,0,0,0,8,976,12646,34,100,1,0,0
244,8,5,1280,0,11,1,2,5,1,1,-70,1,950,6116,11,100,2,0,0
245,5,4,896,10,15,3,1,5,1,1,-52,3,2328,20463,15,100,3,0,0
251,3,1,512,0,17,2,1,7,1,1,-64,4,733,13228,16,100,2,0,0
251,1,0,256,0,6,0,0,4,0,0,0,8,457,8444,35,100,1,0,0
252,4,1,512,30,17,2,2,7,1,1,-66,5,1942,17977,16,100,3,0,0
250,8,5,1280,0,11,1,2,5,1,1,-70,1,560,6122,11,100,2,0,0
256,5,4,896,0,16,3,1,5,1,1,-52,3,1230,14075,16,100,2,0,0
260,4,1,512,0,19,2,2,7,1,1,-66,5,1499,13388,16,100,2,0,0
261,3,1,512,10,19,2,1,7,1,1,-64,4,754,12408,17,100,4,0,0
260,8,5,1280,0,13,1,2,5,1,1,-70,1,787,9679,12,100,4,0,0
263,1,0,256,0,6,0,0,4,0,0,0,8,1049,16700,38,100,3,0,0
266,3,1,512,0,19,2,1,7,1,1,-64,4,213,5751,17,100,0,0,0
265,5,4,896,10,17,3,1,5,1,1,-52,3,917,11620,16,100,2,0,0
269,4,1,512,0,19,2,2,7,1,1,-66,5,1372,14904,17,100,2,0,0
270,1,0,256,0,6,0,0,4,0,0,0,8,816,11185,40,100,1,0,0
271,8,5,1280,0,13,1,3,5,1,1,-70,1,581,10773,13,100,3,0,0
273,3,1,512,10,19,2,1,7,1,1,-64,4,452,8557,17,100,2,0,0
243,9,5,1408,90,10,1,2,4,0,1,-52,0,300,6593,11,100,1,0,0
253,9,5,1408,70,11,1,2,4,0,1,-52,0,425,8567,11,100,3,0,0
260,9,5,1408,100,11,1,2,4,0,1,-52,0,290,5895,12,100,2,0,0
267,9,5,1408,90,11,1,2,4,0,1,-52,0,245,6156,12,100,1,0,0
275,5,4,896,20,17,3,1,5,1,1,-52,3,2264,18514,17,100,2,0,0
278,1,0,256,0,6,0,0,4,0,0,0,8,1072,12867,46,100,1,0,0
279,9,5,1280,0,13,1,2,4,1,1,-52,0,1757,12989,13,100,4,0,0
281,4,1,512,0,19,2,2,7,1,1,-66,5,3497,23597,18,100,2,0,0
284,3,1,512,0,20,2,1,7,1,1,-64,4,653,13236,18,100,3,0,0
281,8,5,1280,0,14,1,3,5,1,1,-70,2,773,10183,13,100,3,0,0
284,5,4,896,0,19,3,1,5,1,1,-52,4,2184,18515,18,100,3,0,0
290,1,0,256,0,6,0,0,4,0,0,0,9,1234,17998,49,100,3,0,0
290,4,1,512,0,19,2,2,7,1,1,-66,5,1419,15432,18,100,2,0,0
290,5,4,896,0,20,3,1,5,1,1,-52,4,1173,11437,18,100,1,0,0
292,3,1,512,0,21,2,1,7,1,1,-64,4,1013,12043,19,100,1,0,0
291,9,5,1280,0,14,1,2,4,1,1,-52,0,665,10440,14,100,3,0,0
295,5,4,768,0,20,3,1,5,1,1,-52,4,1055,10019,18,100,2,0,0
297,4,1,512,0,20,2,2,7,1,1,-66,5,1808,16077,19,100,2,0,0
299,1,0,256,0,6,0,0,4,0,0,0,10,903,13244,52,100,1,0,0
277,7,6,1664,90,18,4,2,5,0,2,-52,0,573,11391,12,100,3,0,0
284,7,6,1664,80,18,4,2,5,0,2,-52,1,675,7028,12,100,1,0,0
289,7,6,1664,100,18,4,2,5,0,2,-52,1,149,4254,13,100,1,0,0
301,3,1,512,10,21,2,1,7,1,1,-64,5,563,10268,19,100,2,0,0
295,7,4,896,90,20,5,2,6,0,3,-70,1,412,5636,13,100,2,0,0
300,5,4,768,0,20,3,1,5,1,1,-52,4,480,9482,19,100,1,0,0
305,4,1,512,0,20,2,2,7,1,1,-66,6,2892,17474,19,100,2,0,0
307,1,0,256,0,6,0,0,4,0,0,0,10,1026,12751,56,100,1,0,0
309,3,1,512,0,21,2,1,7,1,1,-64,5,461,9423,20,100,1,0,0
308,5,4,768,0,21,3,1,5,1,1,-52,4,461,13103,19,100,2,0,0
313,1,0,256,0,6,0,0,4,0,0,0,10,592,9011,57,100,2,0,0
313,3,1,512,0,22,2,1,7,1,1,-64,5,380,6321,20,100,2,0,0
316,4,1,512,0,21,2,2,7,1,1,-66,6,1843,19452,20,100,1,0,0
320,5,4,768,0,21,3,1,5,1,1,-52,4,533,18042,20,100,2,0,0
320,4,1,512,20,21,2,2,7,1,1,-66,6,737,8227,20,100,1,0,0
288,2,3,896,60,17,5,1,6,0,3,-52,5,480,4451,17,100,1,0,0
293,2,3,896,60,17,5,1,6,0,3,-52,5,173,4361,17,100,1,0,0
324,1,0,256,0,6,0,0,4,0,0,0,10,1182,16668,61,100,2,0,0
298,2,3,896,40,17,5,1,6,0,3,-52,5,281,4837,17,100,1,0,0
324,3,1,512,30,22,2,1,7,1,1,-64,5,1427,15898,21,100,2,0,0
307,2,3,896,80,17,5,1,6,0,3,-52,5,680,8966,18,100,2,0,0
315,2,3,896,100,18,5,1,6,0,3,-52,5,520,8417,19,100,2,0,0
324,2,3,768,30,19,5,1,6,1,3,-52,5,1673,9890,19,100,3,0,0
326,5,4,768,0,22,3,1,5,1,1,-52,4,508,11975,20,100,2,0,0
313,7,4,1054,90,21,6,2,6,1,3,-70,3,1458,9422,14,100,1,0,0
330,4,1,512,50,21,2,2,7,1,1,-66,7,2643,21431,21,100,2,0,0
318,7,4,1054,100,22,6,2,6,0,3,-70,3,748,6464,15,100,2,0,0
330,3,1,512,0,22,2,1,7,1,1,-64,5,1545,12237,21,100,1,0,0
324,12,7,1310,0,14,2,3,6,1,1,-70,1,632,6894,13,100,3,0,0
329,7,4,928,60,22,6,2,6,1,3,-70,3,1242,15212,16,100,2,0,0
333,1,0,256,0,6,0,0,4,0,0,0,10,1348,15789,67,100,1,0,0
333,2,3,768,0,20,5,1,6,1,3,-52,5,946,8863,20,100,3,0,0
334,4,1,512,10,21,2,2,7,1,1,-66,8,1514,10537,21,100,1,0,0
335,5,4,768,0,23,3,1,5,1,1,-52,4,489,15238,21,100,2,0,0
336,7,4,768,0,23,6,3,7,1,3,-70,3,1175,11433,16,100,4,0,0
338,2,3,768,0,20,5,1,6,1,3,-52,5,303,5385,20,100,1,0,0
342,3,1,512,0,25,2,1,7,1,1,-64,5,1753,18644,22,100,4,0,0
343,4,1,512,0,22,2,2,7,1,1,-66,8,1643,17766,22,100,3,0,0
344,1,0,256,0,6,0,0,4,0,0,0,10,1058,16571,71,100,2,0,0
307,8,4,896,80,16,3,3,6,0,2,-52,2,366,7288,15,100,2,0,0
317,8,4,896,90,16,3,3,6,0,2,-52,2,278,8082,16,100,2,0,0
329,8,4,896,80,17,3,3,6,0,2,-52,2,1067,10984,16,100,3,0,0
334,8,4,896,90,18,3,3,7,0,2,-52,2,383,4449,17,100,1,0,0
345,7,4,768,10,24,6,3,7,1,3,-70,3,797,10706,17,100,2,0,0
348,4,1,512,50,23,2,2,7,1,1,-66,8,2441,14458,22,100,1,0,0
344,5,4,768,0,23,3,1,5,1,1,-52,4,557,16935,22,100,2,0,0
345,8,4,768,30,20,3,3,7,1,2,-52,2,1218,11018,17,100,4,0,0
352,3,1,512,10,25,2,1,7,1,1,-64,5,1741,20575,23,100,1,0,0
350,2,3,768,10,22,5,1,6,1,3,-52,5,843,11000,21,100,3,0,0
352,4,1,512,30,23,2,2,7,1,1,-66,8,1600,11146,23,100,0,0,0
352,7,4,768,0,25,6,3,7,1,3,-70,4,706,9609,17,100,3,0,0
310,11,7,1280,90,6,5,5,6,0,2,-52,0,194,5658,3,100,2,0,0
356,1,0,256,0,6,0,0,4,0,0,0,10,1616,18601,79,100,2,0,0
314,6,2,1280,90,15,3,2,6,0,2,-52,4,567,8095,15,100,1,0,0
317,11,7,1438,90,6,5,5,6,0,2,-52,0,588,6225,4,100,4,0,0
323,6,2,1280,90,15,3,2,6,0,2,-52,4,362,10015,15,100,2,0,0
327,11,7,1438,100,7,5,5,6,0,2,-52,0,592,8725,4,100,4,0,0
355,8,4,768,0,22,3,3,7,1,2,-52,1,918,10184,18,100,4,0,0
335,11,7,1438,90,7,5,5,7,0,2,-52,0,459,7558,5,100,3,0,0
333,6,2,1152,90,16,3,2,6,0,2,-52,4,414,8435,16,100,2,0,0
342,6,3,896,90,17,5,2,7,0,3,-70,4,1000,9231,16,100,4,0,0
343,11,7,1152,90,10,5,5,7,0,2,-52,0,816,7700,5,100,5,0,0
356,5,4,768,0,23,3,1,5,1,1,-52,2,720,19534,22,100,2,0,0
360,3,1,512,30,26,2,1,7,1,1,-64,5,2347,18498,23,100,3,0,0
354,11,7,1152,100,11,5,5,7,1,2,-52,0,630,9410,6,100,4,0,0
354,6,3,768,60,17,5,2,7,1,3,-70,3,682,10114,17,100,2,0,0
361,4,1,512,70,23,2,2,7,1,1,-66,8,3743,23397,23,100,2,0,0
359,11,7,1024,0,12,5,5,7,1,2,-52,0,1320,6464,6,100,3,0,0
362,2,3,768,10,23,5,1,6,1,3,-52,5,721,10919,22,100,3,0,0
364,6,3,768,0,19,5,2,7,1,3,-70,3,1922,13061,18,100,3,0,0
366,1,0,256,0,6,0,0,4,0,0,0,10,1855,18072,88,100,2,0,0
366,3,1,512,10,26,2,1,7,1,1,-64,5,1583,13222,24,100,1,0,0
364,7,4,768,10,27,6,3,7,1,3,-70,5,3385,25073,18,100,4,0,0
367,2,3,768,0,23,5,1,6,1,3,-52,5,492,7116,22,100,1,0,0
365,11,7,1024,0,13,5,5,7,1,2,-52,0,463,5320,7,100,2,0,0
364,5,4,768,0,23,3,1,5,1,1,-52,2,557,14581,23,100,2,0,0
367,8,4,768,0,23,3,3,7,1,2,-52,1,655,10960,19,100,3,0,0
371,1,0,256,0,6,0,0,4,0,0,0,10,983,8831,91,100,1,0,0
371,4,1,512,30,23,2,2,7,1,1,-66,9,3078,26308,24,100,2,0,0
370,7,4,768,10,27,6,3,7,1,3,-70,5,724,10693,18,100,1,0,0
371,11,7,1024,0,13,5,5,7,1,2,-52,0,536,6277,7,100,2,0,0
372,5,4,768,0,23,3,1,5,1,1,-52,2,581,12774,23,100,1,0,0
373,6,3,768,10,19,5,2,7,1,3,-70,3,435,7494,18,100,2,0,0
376,3,1,512,0,26,2,1,7,1,1,-64,5,1789,19350,24,100,2,0,0
377,11,7,1024,0,14,5,5,7,1,2,-52,0,923,7785,8,100,3,0,0
377,1,0,256,0,6,0,0,4,0,0,0,10,953,10167,97,100,1,0,0
377,8,4,768,0,24,3,3,7,1,2,-52,1,961,10278,20,100,2,0,0
378,2,3,768,0,24,5,1,6,1,3,-52,5,633,11820,23,100,3,0,0
377,7,4,768,10,29,6,3,7,1,3,-70,5,1773,14903,19,100,2,0,0
378,4,1,512,10,23,2,2,7,1,1,-66,9,2319,17418,24,100,1,0,0
381,3,1,512,0,26,2,1,7,1,1,-64,5,1004,9707,25,100,1,0,0
382,7,4,768,0,29,6,3,7,1,3,-70,5,853,9454,19,100,1,0,0
382,4,1,512,0,23,2,2,7,1,1,-66,9,792,9330,25,100,1,0,0
384,5,4,768,0,25,3,1,5,1,1,-52,2,931,17273,24,100,2,0,0
385,11,7,1024,10,14,5,5,7,1,2,-52,0,401,7354,8,100,2,0,0
385,8,4,768,0,24,3,3,7,1,2,-52,1,715,7990,20,100,1,0,0
387,1,0,256,0,6,0,0,4,0,0,0,10,991,14512,99,100,2,0,0
385,6,3,768,10,21,5,2,7,1,3,-70,3,1003,12278,19,100,3,0,0
386,7,4,768,0,29,6,3,7,1,3,-70,5,645,10148,19,100,1,0,0
389,4,1,512,0,23,2,2,7,1,1,-66,9,1784,15637,25,100,1,0,0
389,2,3,768,0,24,5,1,6,1,3,-52,5,533,13230,24,100,2,0,0
391,6,3,768,10,21,5,2,7,1,3,-70,3,475,6029,20,100,1,0,0
392,1,0,256,0,6,0,0,4,0,0,0,10,919,9045,102,100,1,0,0
392,3,1,512,0,27,2,1,7,1,1,-64,5,1902,20098,25,100,3,0,0
390,8,4,768,0,24,3,3,7,1,2,-52,1,279,4999,20,100,1,0,0
391,5,4,768,0,25,3,1,5,1,1,-52,2,721,10328,25,100,2,0,0
394,2,3,768,0,24,5,1,6,1,3,-52,5,367,5472,24,100,1,0,0
391,11,7,1024,10,14,5,5,7,1,2,-52,0,432,6638,9,100,1,0,0
394,4,1,512,20,23,2,2,7,1,1,-66,8,1773,13440,25,100,1,0,0
394,7,4,768,0,29,6,3,7,1,3,-70,4,1216,15373,20,100,1,0,0
396,6,3,768,0,21,5,2,7,1,3,-70,3,332,4988,20,100,1,0,0
397,5,4,768,10,25,3,1,5,1,1,-52,2,697,10173,25,100,1,0,0
398,8,4,768,0,24,3,3,7,1,2,-52,1,484,7932,21,100,2,0,0
399,7,4,768,0,29,6,3,7,1,3,-70,4,455,8181,20,100,1,0,0
402,2,3,768,0,24,5,1,6,1,3,-52,5,453,9818,24,100,1,0,0
402,1,0,256,0,6,0,0,4,0,0,0,10,1333,16185,107,100,2,0,0
401,3,1,512,10,27,2,1,7,1,1,-64,5,1462,18393,26,100,1,0,0
402,6,3,768,0,21,5,2,7,1,3,-70,3,497,5874,20,100,1,0,0
401,11,7,1024,0,16,5,5,7,1,2,-52,0,858,13249,9,100,5,0,0
406,1,0,256,0,6,0,0,4,0,0,0,10,636,6953,111,100,1,0,0
405,4,1,512,20,23,2,2,7,1,1,-66,8,2540,26058,26,100,2,0,0
405,7,4,768,0,30,6,3,7,1,3,-70,4,994,11410,21,100,2,0,0
407,3,1,512,0,27,2,1,7,1,1,-64,5,845,11552,26,100,1,0,0
408,2,3,768,0,24,5,1,6,1,3,-52,5,359,7865,25,100,1,0,0
409,5,4,768,0,25,3,1,5,1,1,-52,2,643,16671,26,100,2,0,0
409,8,4,768,10,25,3,3,7,1,2,-52,1,714,10275,22,100,3,0,0
410,7,4,768,0,30,6,3,7,1,3,-70,4,1038,10365,21,100,1,0,0
411,11,7,1024,0,17,5,5,7,1,2,-52,0,1011,12125,10,100,2,0,0
412,6,3,768,0,22,5,2,7,1,3,-70,3,657,9643,21,100,3,0,0
415,1,0,256,0,6,0,0,4,0,0,0,10,1079,13947,115,100,1,0,0
415,2,3,768,0,24,5,1,6,1,3,-52,5,484,7927,25,100,2,0,0
414,5,4,768,10,25,3,1,5,1,1,-52,2,280,6792,26,100,1,0,0
417,4,1,512,20,24,2,2,7,1,1,-66,9,3336,26304,27,100,2,0,0
416,8,4,768,0,25,3,3,7,1,2,-52,1,354,6717,22,100,1,0,0
417,11,7,1024,0,18,5,5,7,1,2,-52,2,879,9306,10,100,2,0,0
419,3,1,512,30,28,2,1,7,1,1,-64,5,2190,23246,27,100,2,0,0
421,1,0,256,0,6,0,0,4,0,0,0,10,669,8612,117,100,1,0,0
418,7,4,768,10,30,6,3,7,1,3,-70,5,1463,15527,21,100,2,0,0
420,2,3,768,0,24,5,1,6,1,3,-52,5,335,7797,26,100,1,0,0
421,5,4,768,0,26,3,1,5,1,1,-52,2,969,11169,27,100,2,0,0
422,6,3,768,0,22,5,2,7,1,3,-70,3,714,10606,22,100,2,0,0
425,4,1,512,0,24,2,2,7,1,1,-66,9,2727,19508,27,100,2,0,0
426,1,0,256,0,6,0,0,4,0,0,0,10,1070,9288,122,100,1,0,0
424,11,7,1024,10,18,5,5,7,1,2,-52,3,571,7779,11,100,2,0,0
426,8,4,768,0,26,3,3,7,1,2,-52,1,581,9323,23,100,3,0,0
428,6,3,768,0,22,5,2,7,1,3,-70,3,328,5411,22,100,1,0,0
430,4,1,512,0,25,2,2,7,1,1,-66,9,1073,11118,28,100,1,0,0
431,3,1,512,0,28,2,1,7,1,1,-64,5,1875,21612,28,100,3,0,0
431,2,3,768,10,25,5,1,6,1,3,-52,5,525,11367,26,100,3,0,0
431,1,0,256,0,6,0,0,4,0,0,0,10,572,8688,123,100,1,0,0
430,5,4,768,0,27,3,1,5,1,1,-52,2,380,12504,27,100,1,0,0
430,8,4,768,0,26,3,3,7,1,2,-52,1,255,3920,23,100,1,0,0
430,7,4,768,20,31,6,3,7,1,3,-70,5,1394,20031,22,100,2,0,0
430,11,7,1024,0,18,5,5,7,1,2,-52,3,449,7921,11,100,1,0,0
435,4,1,512,20,26,2,2,7,1,1,-66,9,1887,13479,28,100,3,0,0
437,2,3,768,0,26,5,1,6,1,3,-52,5,814,8125,27,100,1,0,0
437,6,3,768,0,22,5,2,7,1,3,-70,3,484,8292,23,100,2,0,0
436,5,4,768,0,28,3,1,5,1,1,-52,2,808,10227,28,100,4,0,0
437,7,4,768,0,31,6,3,7,1,3,-70,5,927,11697,23,100,1,0,0
440,3,1,512,0,28,2,1,7,1,1,-64,5,1687,17277,29,100,1,0,0
436,11,7,1024,0,18,5,5,7,1,2,-52,3,857,11143,12,100,2,0,0
439,8,4,768,0,27,3,3,7,1,2,-52,1,460,7579,24,100,2,0,0
441,4,1,512,60,26,2,2,7,1,1,-66,9,2350,15924,28,100,1,0,0
442,1,0,256,0,6,0,0,4,0,0,0,10,1605,17456,130,100,2,0,0
406,14,11,1408,70,13,5,3,7,0,3,-70,0,379,4456,16,100,1,0,0
444,2,3,768,0,26,5,1,6,1,3,-52,5,414,7217,27,100,1,0,0
446,6,3,768,10,22,5,2,7,1,3,-70,3,739,9671,23,100,1,0,0
417,14,11,1408,90,14,5,3,7,0,3,-70,0,547,10131,17,100,3,0,0
423,14,11,1408,80,15,5,3,7,0,3,-70,0,484,4983,17,100,2,0,0
442,5,4,768,0,28,3,1,5,1,1,-52,2,484,7688,28,100,1,0,0
442,7,4,768,20,31,6,3,7,1,3,-70,5,1825,10624,23,100,1,0,0
433,14,11,1408,60,15,5,3,7,0,3,-70,0,514,8643,18,100,2,0,0
449,2,3,768,0,26,5,1,6,1,3,-52,5,182,5242,27,100,0,0,0
440,14,11,1280,30,16,5,3,7,1,3,-70,0,1042,8345,18,100,2,0,0
449,3,1,512,0,29,2,1,7,1,1,-64,5,1688,19285,29,100,3,0,0
446,14,11,1280,0,16,5,3,7,1,3,-70,0,532,6345,18,100,1,0,0
448,11,7,1024,0,19,5,5,7,1,2,-52,4,3182,22954,12,100,3,0,0
449,5,4,768,0,29,3,1,5,1,1,-52,2,498,8172,29,100,2,0,0
449,8,4,768,0,29,3,3,7,1,2,-52,1,995,10342,24,100,3,0,0
449,7,4,768,0,31,6,3,7,1,3,-70,5,2092,14473,23,100,1,0,0
452,4,1,512,50,27,2,2,7,2,1,-66,9,4737,30420,29,100,3,0,0
404,16,11,1408,80,6,3,6,4,0,2,-70,2,787,6164,5,100,3,0,0
411,16,11,1408,100,7,3,6,4,0,2,-70,2,668,6293,5,100,3,0,0
453,1,0,256,0,6,0,0,4,0,0,0,10,1990,20325,139,100,2,0,0
421,16,11,1408,80,8,3,7,4,0,2,-70,2,942,8727,6,100,5,0,0
452,6,3,768,0,23,5,2,7,1,3,-70,3,770,11149,24,100,3,0,0
431,16,11,1408,90,8,3,7,5,0,2,-70,2,457,8312,6,100,3,0,0
455,8,4,768,0,29,3,3,7,1,2,-52,1,392,5955,25,100,1,0,0
422,9,4,896,90,23,3,2,5,0,2,-70,0,306,6487,23,100,2,0,0
426,9,4,896,90,23,3,3,5,0,2,-70,0,195,3627,23,100,2,0,0
456,3,1,512,0,29,2,1,7,1,1,-64,5,1000,14491,30,100,1,0,0
443,16,11,1408,90,9,3,7,6,0,2,-70,2,724,10615,7,100,4,0,0
438,9,4,896,100,24,3,3,5,0,2,-70,0,226,8221,24,100,2,0,0
450,16,11,1280,40,11,3,7,6,1,2,-70,2,1464,10261,8,100,3,0,0
444,9,4,896,100,24,3,3,5,0,2,-70,0,97,4359,24,100,1,0,0
458,2,3,768,10,26,5,1,6,1,3,-52,5,456,10481,28,100,2,0,0
451,14,11,1280,0,17,5,3,7,1,3,-70,0,464,6155,19,100,2,0,0
453,9,4,896,90,24,3,3,5,0,2,-70,0,352,7502,25,100,2,0,0
459,9,4,768,30,26,3,3,5,1,2,-70,0,1538,7417,25,100,1,0,0
459,7,4,768,50,32,6,3,7,1,3,-70,5,3150,20233,24,100,3,0,0
459,5,4,768,0,29,3,1,5,1,1,-52,2,524,12586,29,100,2,0,0
455,11,7,1024,0,19,5,5,7,1,2,-52,4,2371,16117,13,100,1,0,0
461,8,4,768,0,29,3,3,7,1,2,-52,1,391,5481,25,100,1,0,0
459,6,3,768,0,24,5,2,7,1,3,-70,3,381,7650,24,100,2,0,0
462,1,0,256,0,6,0,0,4,0,0,0,10,1709,18012,149,100,2,0,0
463,4,1,512,0,29,2,2,7,2,1,-66,9,6498,37023,30,100,4,0,0
462,3,1,512,10,29,2,1,7,1,1,-64,5,1021,10758,30,100,1,0,0
458,16,11,1280,0,12,3,7,6,1,2,-70,2,1130,7170,8,100,3,0,0
464,9,4,768,0,27,3,3,5,1,2,-70,0,723,6037,26,100,3,0,0
465,5,4,768,0,29,3,1,5,1,1,-52,2,434,6547,30,100,1,0,0
459,11,7,1024,0,19,5,5,7,1,2,-52,4,929,8926,13,100,1,0,0
459,14,11,1280,0,17,5,3,7,1,3,-70,0,408,6724,19,100,2,0,0
467,3,1,512,0,29,2,1,7,1,1,-64,5,858,10216,30,100,1,0,0
433,19,16,1792,80,7,1,6,5,0,1,-70,0,727,10637,5,100,5,0,0
468,2,3,768,10,26,5,1,6,1,3,-52,5,583,12499,29,100,2,0,0
466,16,11,1280,0,12,3,7,6,1,2,-70,2,1034,9872,9,100,2,0,0
443,19,16,1792,80,8,1,6,6,0,1,-70,0,576,9330,6,100,4,0,0
451,19,16,1792,80,8,1,6,6,0,1,-70,0,612,7260,7,100,3,0,0
471,7,4,768,50,32,6,3,7,1,3,-70,7,3370,23777,25,100,2,0,0
471,2,3,768,0,26,5,1,6,1,3,-52,5,420,6010,29,100,1,0,0
470,6,3,768,0,26,5,2,7,1,3,-70,3,1557,15307,25,100,3,0,0
469,11,7,1024,20,19,5,5,7,1,2,-52,6,2574,21488,14,100,2,0,0
472,8,4,768,0,29,3,3,7,1,2,-52,1,700,11489,26,100,2,0,0
462,19,16,1664,90,9,1,6,6,0,1,-70,0,570,8340,7,100,2,0,0
473,1,0,256,0,6,0,0,4,0,0,0,10,2013,21607,160,100,2,0,0
469,14,11,1280,0,18,5,3,7,1,3,-70,0,664,11126,20,100,2,0,0
474,4,1,512,10,29,2,2,7,2,1,-66,10,5198,34812,31,100,2,0,0
471,19,16,1536,30,10,2,6,6,1,1,-70,0,2103,10938,8,100,3,0,0
474,9,4,768,10,27,3,3,5,1,2,-70,0,480,9943,26,100,2,0,0
474,16,11,1280,0,13,3,7,6,1,2,-70,2,1806,12100,9,100,3,0,0
475,5,4,768,0,30,3,1,5,1,1,-52,2,549,11881,30,100,3,0,0
477,3,1,512,0,29,2,1,7,1,1,-64,5,1470,18687,31,100,2,0,0
475,14,11,1280,0,19,5,3,7,1,3,-70,0,937,7188,20,100,2,0,0
479,8,4,768,0,29,3,3,7,1,2,-52,1,433,6861,26,100,2,0,0
478,6,3,768,10,26,5,2,7,1,3,-70,3,605,9654,26,100,1,0,0
479,19,16,1536,0,11,2,6,6,1,1,-70,0,1145,11208,9,100,3,0,0
482,4,1,512,0,30,2,2,7,2,1,-66,10,3208,21398,31,100,2,0,0
481,3,1,512,0,29,2,1,7,1,1,-64,5,1030,9490,31,100,1,0,0
482,2,3,768,0,26,5,1,6,1,3,-52,5,608,13392,30,100,2,0,0
482,5,4,768,0,30,3,1,5,1,1,-52,2,499,8556,31,100,1,0,0
482,7,4,768,40,32,6,3,7,1,3,-70,7,2820,21736,26,100,2,0,0
480,11,7,1024,0,20,5,5,7,1,2,-52,6,3125,23516,14,100,2,0,0
437,20,16,1792,90,8,3,6,5,0,1,-52,0,457,4112,6,100,3,0,0
446,20,16,1792,90,8,3,6,5,0,1,-52,0,362,8172,6,100,2,0,0
485,1,0,256,0,6,0,0,4,0,0,0,10,1902,22676,171,100,2,0,0
484,6,3,768,0,26,5,2,7,1,3,-70,3,416,6438,26,100,1,0,0
485,9,4,768,0,28,3,3,5,1,2,-70,0,682,10276,27,100,3,0,0
487,4,1,512,0,30,2,2,7,2,1,-66,10,2017,15132,32,100,1,0,0
463,20,16,1664,80,10,4,6,5,0,1,-52,0,951,9673,7,100,4,0,0
487,2,3,768,0,27,5,1,6,1,3,-52,5,563,5983,30,100,1,0,0
468,20,16,1664,80,10,4,6,5,0,1,-52,0,370,4799,8,100,2,0,0
488,8,4,768,10,30,3,3,7,1,2,-52,1,485,7758,27,100,2,0,0
480,20,16,1664,80,10,4,6,5,0,1,-52,0,411,10130,8,100,3,0,0
485,11,7,1024,10,20,5,5,7,1,2,-52,6,1828,10885,15,100,1,0,0
489,3,1,512,0,30,2,1,7,1,1,-64,5,1248,15376,32,100,1,0,0
484,16,11,1280,20,13,3,7,6,1,2,-70,2,2515,18085,10,100,2,0,0
491,1,0,256,0,6,0,0,4,0,0,0,10,963,12037,175,100,1,0,0
490,5,4,768,0,30,3,1,5,1,1,-52,2,327,9526,31,100,1,0,0
484,14,11,1280,0,19,5,3,7,1,3,-70,0,638,8049,21,100,1,0,0
486,19,16,1536,0,11,2,6,6,1,1,-70,0,637,6165,9,100,2,0,0
492,9,4,768,0,29,3,3,5,1,2,-70,0,556,6794,28,100,2,0,0
493,8,4,768,0,30,3,3,7,1,2,-52,1,433,5897,27,100,1,0,0
493,7,4,768,80,32,6,3,7,1,3,-70,7,3218,21132,26,100,2,0,0
494,4,1,512,0,31,2,2,7,2,1,-66,10,4054,23169,32,100,1,0,0
494,3,1,512,0,30,2,1,7,1,1,-64,5,942,9038,32,100,1,0,0
489,20,16,1536,10,11,4,6,5,1,1,-52,0,1633,10880,9,100,3,0,0
490,14,11,1280,0,19,5,3,7,1,3,-70,0,339,5451,21,100,1,0,0
495,6,3,768,0,26,5,2,7,1,3,-70,3,556,14006,27,100,2,0,0
495,2,3,768,0,27,5,1,6,1,3,-52,5,624,7722,30,100,1,0,0
492,19,16,1536,0,12,2,6,6,1,1,-70,0,627,6218,9,100,2,0,0
496,11,7,1024,0,21,5,5,7,1,2,-52,6,2817,22529,15,100,3,0,0
500,1,0,256,0,6,0,0,4,0,0,0,10,1621,18110,186,100,1,0,0
500,5,4,768,0,31,3,1,5,1,1,-52,2,615,12360,32,100,2,0,0
499,6,3,768,10,28,5,2,7,1,3,-70,3,488,6184,27,100,2,0,0
500,9,4,768,10,30,3,3,5,1,2,-70,0,866,8239,28,100,1,0,0
500,3,1,512,10,30,2,1,7,1,1,-64,5,1574,14594,33,100,1,0,0
502,4,1,512,10,31,2,2,7,2,1,-66,10,2948,22742,33,100,2,0,0
501,8,4,768,0,30,3,3,7,1,2,-52,1,616,8904,28,100,2,0,0
501,2,3,768,0,27,5,1,6,1,3,-52,5,531,6788,31,100,1,0,0
497,16,11,1280,0,15,3,7,6,1,2,-70,2,1436,11939,11,100,1,0,0
502,7,4,768,70,33,6,3,7,1,3,-70,7,2726,19160,27,100,2,0,0
461,12,9,1280,70,22,4,4,7,0,2,-70,1,418,4680,23,100,1,0,0
469,12,9,1280,70,22,4,4,7,0,2,-70,1,373,6968,23,100,2,0,0
497,20,16,1536,10,13,4,6,6,1,1,-52,0,1146,8256,10,100,3,0,0
478,12,9,1280,100,22,4,4,7,0,2,-70,1,479,8373,24,100,2,0,0
487,12,9,1280,100,22,4,4,7,0,2,-70,1,217,7356,24,100,1,0,0
505,3,1,512,0,30,2,1,7,1,1,-64,5,888,8836,33,100,1,0,0
500,11,7,1024,20,21,5,5,7,1,2,-52,6,1039,8920,16,100,0,0,0
498,14,11,1280,0,20,5,3,7,1,3,-70,0,589,8105,22,100,3,0,0
499,19,16,1536,0,13,2,6,6,1,1,-70,0,1037,8456,10,100,2,0,0
503,19,16,1536,0,13,2,6,6,1,1,-70,0,474,4232,10,100,1,0,0
492,12,9,1152,100,22,4,4,7,0,2,-70,1,221,4502,25,100,1,0,0
509,4,1,512,30,32,2,2,7,2,1,-66,10,4511,24570,33,100,2,0,0
501,12,9,1152,90,22,4,4,7,0,2,-70,1,308,7087,25,100,2,0,0
508,5,4,768,0,31,3,1,6,1,1,-52,2,457,9831,33,100,2,0,0
508,7,4,768,50,33,6,3,7,1,3,-70,7,2137,13083,27,100,1,0,0
511,1,0,256,0,6,0,0,4,0,0,0,10,2014,21981,194,100,3,0,0
505,11,7,1024,0,21,5,5,7,1,2,-52,6,1401,12941,16,100,1,0,0
505,20,16,1536,0,14,4,6,6,1,1,-52,0,531,7900,10,100,3,0,0
510,2,3,768,0,27,5,1,6,1,3,-52,5,400,7350,31,100,2,0,0
512,8,4,768,0,30,3,3,7,1,2,-52,1,666,11465,29,100,2,0,0
510,9,4,768,10,31,3,3,6,1,2,-70,0,2390,16522,29,100,3,0,0
509,12,9,1024,10,23,4,4,7,1,2,-70,1,1744,10259,26,100,2,0,0
512,6,3,768,0,28,5,2,7,1,3,-70,3,867,15071,28,100,2,0,0
507,14,11,1280,0,20,5,3,7,1,3,-70,0,411,8131,23,100,1,0,0
501,10,6,1152,70,31,8,3,7,0,5,-52,1,601,8869,27,100,2,0,0
515,4,1,512,0,32,2,2,7,2,1,-66,10,3274,19040,33,100,1,0,0
507,10,6,1152,60,32,9,3,7,0,5,-52,1,350,5792,27,100,2,0,0
515,3,1,512,20,30,2,1,7,1,1,-64,5,2337,19969,34,100,2,0,0
516,1,0,256,0,6,0,0,4,0,0,0,10,1202,11540,205,100,0,0,0
514,11,7,1024,0,21,5,5,7,1,2,-52,6,2039,17903,17,100,2,0,0
515,12,9,1024,10,24,4,4,7,1,2,-70,1,574,6598,26,100,2,0,0
516,16,11,1280,0,17,3,7,7,1,2,-70,2,1726,19514,12,100,3,0,0
515,10,6,1024,0,33,9,3,7,1,5,-52,1,1022,8551,28,100,2,0,0
516,20,16,1536,0,15,4,6,6,1,1,-52,0,611,9574,11,100,3,0,0
517,6,3,768,0,28,5,2,7,1,3,-70,3,1344,10567,28,100,1,0,0
517,5,4,768,10,31,3,1,6,1,1,-52,2,428,10616,33,100,2,0,0
519,4,1,512,20,32,2,2,7,2,1,-66,10,2468,13761,34,100,1,0,0
518,2,3,768,10,27,5,1,6,1,3,-52,5,383,8167,32,100,1,0,0
517,14,11,1280,0,20,5,3,7,1,3,-70,0,768,10226,23,100,2,0,0
520,7,4,768,0,33,6,3,7,1,3,-70,7,3479,22869,28,100,2,0,0
521,11,7,1024,10,22,5,5,7,1,2,-52,6,1736,13233,17,100,1,0,0
521,9,4,768,10,32,3,3,7,1,2,-70,0,1344,14171,29,100,3,0,0
522,8,4,768,10,30,3,3,7,1,2,-52,1,304,8239,29,100,1,0,0
522,14,11,1280,0,21,5,3,7,1,3,-70,0,500,6377,23,100,2,0,0
522,20,16,1536,0,16,4,6,6,1,1,-52,0,595,5788,11,100,3,0,0
523,1,0,256,0,6,0,0,4,0,0,0,10,1277,13851,208,100,1,0,0
524,3,1,512,0,30,2,1,7,1,1,-64,5,1621,16259,34,100,1,0,0
523,16,11,1280,0,18,3,7,7,1,2,-70,2,990,11604,13,100,3,0,0
524,12,9,1024,0,25,4,4,7,1,2,-70,1,641,8462,27,100,3,0,0
524,10,6,1024,10,35,9,3,7,1,5,-52,1,692,8068,29,100,3,0,0
525,5,4,768,0,32,3,1,6,1,1,-52,2,519,9083,34,100,2,0,0
527,2,3,768,10,28,5,1,6,1,3,-52,5,578,7450,33,100,3,0,0
526,20,16,1536,0,16,4,6,6,1,1,-52,0,495,4376,12,100,1,0,0
527,6,3,768,10,28,5,2,7,1,3,-70,3,1254,15490,29,100,2,0,0
528,9,4,768,0,32,3,3,7,1,2,-70,0,888,9643,30,100,1,0,0
529,7,4,768,0,33,6,3,7,1,3,-70,7,2381,15814,29,100,2,0,0
530,14,11,1280,0,22,5,3,7,1,3,-70,0,492,8018,24,100,2,0,0
530,4,1,512,10,32,2,2,7,2,1,-66,10,5127,34617,35,100,2,0,0
530,8,4,768,0,31,3,3,7,1,2,-52,1,751,8321,30,100,2,0,0
531,16,11,1280,0,19,3,7,7,1,2,-70,2,713,10418,13,100,2,0,0
530,5,4,768,0,33,3,1,6,1,1,-52,2,404,6464,34,100,2,0,0
531,10,6,1024,0,35,9,3,7,1,5,-52,1,307,6042,29,100,1,0,0
533,20,16,1536,0,16,4,6,7,1,1,-52,0,367,5352,12,100,1,0,0
533,1,0,256,0,6,0,0,4,0,0,0,10,1910,20207,220,100,2,0,0
533,11,7,1024,0,22,5,6,7,1,2,-52,6,2549,23642,18,100,3,0,0
532,12,9,1024,0,25,4,4,7,1,2,-70,1,564,8227,27,100,1,0,0
534,2,3,768,0,28,5,1,6,1,3,-52,5,361,7066,33,100,1,0,0
534,6,3,768,0,28,5,2,7,1,3,-70,3,1223,11695,29,100,1,0,0
536,3,1,512,10,31,2,1,7,1,1,-64,5,2609,23900,35,100,2,0,0
535,10,6,1024,0,36,9,3,7,1,5,-52,1,435,4520,29,100,2,0,0
536,5,4,768,0,33,3,1,6,1,1,-52,2,279,6355,34,100,1,0,0
538,4,1,512,0,32,2,2,7,2,1,-66,10,2741,21257,35,100,1,0,0
539,14,11,1280,10,23,5,3,7,1,3,-70,0,785,10915,24,100,3,0,0
538,9,4,768,0,34,3,3,7,1,2,-70,0,1547,13898,31,100,3,0,0
540,1,0,256,0,6,0,0,4,0,0,0,10,953,12876,225,100,1,0,0
540,8,4,768,0,31,3,3,7,1,2,-52,1,449,9347,30,100,2,0,0
541,3,1,512,0,31,2,1,7,1,1,-64,5,907,9207,35,100,1,0,0
540,12,9,1024,0,26,4,4,7,1,2,-70,1,687,7472,28,100,2,0,0
541,2,3,768,10,29,5,1,6,1,3,-52,5,679,7074,33,100,1,0,0
540,7,4,768,20,33,6,3,7,1,3,-70,7,1755,19261,30,100,2,0,0
540,6,3,768,0,30,5,2,7,1,3,-70,3,1229,10369,30,100,3,0,0
542,4,1,512,10,32,2,2,7,2,1,-66,10,2093,13894,35,100,1,0,0
542,5,4,768,0,33,3,1,6,1,1,-52,2,387,7938,35,100,1,0,0
541,11,7,1024,0,22,5,6,7,1,2,-52,6,1258,16606,18,100,2,0,0
543,16,11,1280,0,19,3,7,7,1,2,-70,2,1001,18363,14,100,2,0,0
545,2,3,768,0,29,5,1,6,1,3,-52,5,558,4591,34,100,1,0,0
547,8,4,768,0,31,3,3,7,1,2,-52,1,359,6496,31,100,1,0,0
546,6,3,768,10,30,5,2,7,1,3,-70,3,664,8774,30,100,1,0,0
543,20,16,1536,0,17,4,6,7,1,1,-52,0,761,10081,13,100,3,0,0
544,10,6,1024,10,36,9,3,7,1,5,-52,1,543,8325,30,100,2,0,0
547,14,11,1280,0,23,5,3,7,1,3,-70,1,848,11641,25,100,1,0,0
548,4,1,512,0,32,2,2,7,2,1,-66,10,2356,17398,36,100,1,0,0
550,7,4,768,0,34,6,3,7,1,3,-70,8,2680,18599,30,100,2,0,0
550,2,3,768,0,29,5,1,6,1,3,-52,5,255,4899,34,100,1,0,0
550,1,0,256,0,6,0,0,4,0,0,0,10,1947,21027,235,100,2,0,0
551,16,11,1280,0,19,3,7,7,1,2,-70,3,1022,12337,14,100,2,0,0
550,9,4,768,0,34,3,3,7,1,2,-70,0,979,13541,31,100,2,0,0
550,5,4,768,0,34,3,1,6,1,1,-52,2,763,9856,35,100,3,0,0
549,10,6,1024,0,36,9,3,7,1,5,-52,1,308,5343,30,100,0,0,0
551,12,9,1024,0,26,4,4,7,1,2,-70,1,956,11204,29,100,2,0,0
552,11,7,1024,10,22,5,6,7,1,2,-52,7,2328,20704,19,100,2,0,0
551,20,16,1536,0,18,4,6,7,1,1,-52,0,940,8373,13,100,2,0,0
553,4,1,512,20,32,2,2,7,2,1,-66,10,2135,14124,36,100,1,0,0
553,14,11,1280,0,23,5,3,7,1,3,-70,1,442,8295,25,100,1,0,0
553,3,1,512,0,31,2,1,7,1,1,-64,5,2439,23976,36,100,2,0,0
554,7,4,768,30,34,6,3,7,1,3,-70,8,1252,8276,30,100,0,0,0
557,1,0,256,0,6,0,0,4,0,0,0,10,1146,12921,239,100,1,0,0
554,6,3,768,0,30,5,2,7,1,3,-70,3,1167,13308,30,100,1,0,0
556,9,4,768,0,34,3,3,7,1,2,-70,0,655,8463,32,100,1,0,0
557,8,4,768,0,33,3,3,7,1,2,-52,1,704,10101,31,100,3,0,0
556,11,7,1024,30,22,5,6,7,1,2,-52,7,1100,9331,19,100,1,0,0
558,5,4,768,0,35,3,1,6,1,1,-52,2,649,9655,36,100,1,0,0
556,16,11,1280,0,19,3,7,7,1,2,-70,3,1030,9887,15,100,1,0,0
560,4,1,512,0,32,2,2,7,2,1,-66,10,3200,21569,37,100,1,0,0
558,10,6,1024,0,38,9,3,7,1,5,-52,1,685,10658,31,100,4,0,0
527,21,16,1664,70,3,4,9,4,0,2,-70,0,792,6179,1,100,6,0,0
561,3,1,512,10,31,2,1,7,1,1,-64,5,2015,17524,37,100,2,0,0
559,2,3,768,0,29,5,1,6,1,3,-52,5,407,8433,35,100,1,0,0
538,21,16,1664,80,4,4,9,5,0,2,-70,0,1069,9581,1,100,7,0,0
562,8,4,768,0,33,3,3,7,1,2,-52,1,447,4733,32,100,1,0,0
561,12,9,1024,10,27,4,4,7,1,2,-70,1,529,9202,29,100,3,0,0
550,21,16,1664,90,5,4,9,5,0,2,-70,0,1074,9964,2,100,6,0,0
563,7,4,768,50,34,6,3,7,1,3,-70,8,2574,17716,31,100,2,0,0
564,4,1,512,20,32,2,2,7,2,1,-66,10,2366,13790,37,100,1,0,0
563,9,4,768,0,34,3,3,7,1,2,-70,0,735,9733,32,100,2,0,0
562,11,7,1024,50,22,5,6,7,1,2,-52,7,2448,14055,20,100,1,0,0
565,1,0,256,0,6,0,0,4,0,0,0,10,2041,18369,250,100,2,0,0
565,3,1,512,10,31,2,1,7,1,1,-64,5,797,8451,37,100,1,0,0
558,20,16,1536,10,18,4,6,7,1,1,-52,0,453,6149,14,100,1,0,0
566,6,3,768,10,30,5,2,7,1,3,-70,3,1640,17788,31,100,2,0,0
560,21,16,1536,0,7,4,9,5,1,2,-70,0,1917,10987,3,100,5,0,0
562,14,11,1280,0,24,5,3,7,1,3,-70,1,980,13527,26,100,2,0,0
567,16,11,1280,0,20,3,7,7,1,2,-70,3,2092,21932,15,100,3,0,0
570,1,0,256,0,6,0,0,4,0,0,0,10,487,7799,254,100,0,0,0
569,7,4,768,70,34,6,3,7,1,3,-70,9,2472,13365,31,100,1,0,0
568,9,4,768,10,34,3,3,7,1,2,-70,0,419,6810,33,100,1,0,0
569,10,6,1024,0,38,9,3,7,1,5,-52,1,690,12382,31,100,2,0,0
566,21,16,1536,10,8,4,9,5,1,2,-70,0,602,6475,3,100,4,0,0
569,5,4,768,0,36,3,1,6,1,1,-52,2,923,14643,37,100,3,0,0
571,2,3,768,0,29,5,1,6,1,3,-52,5,545,10564,35,100,3,0,0
567,14,11,1280,0,24,5,3,7,1,3,-70,1,372,5208,26,100,1,0,0
572,4,1,512,20,33,2,2,7,2,1,-66,10,4373,24376,37,100,1,0,0
573,3,1,512,0,31,2,1,7,1,1,-64,5,1880,16812,37,100,1,0,0
569,20,16,1536,0,19,4,6,7,1,1,-52,0,602,10861,14,100,3,0,0
573,8,4,768,0,33,3,3,7,1,2,-52,1,594,10495,32,100,2,0,0
570,11,7,1024,0,22,5,6,7,1,2,-52,8,2243,17952,20,100,1,0,0
571,21,16,1536,10,8,4,9,5,1,2,-70,0,467,4376,4,100,2,0,0
575,16,11,1280,0,21,3,7,7,1,2,-70,3,2330,17037,16,100,1,0,0
576,5,4,768,0,36,3,1,6,1,1,-52,2,280,7343,37,100,1,0,0
577,2,3,768,0,29,5,1,6,1,3,-52,5,336,5068,36,100,1,0,0
576,7,4,768,20,34,6,3,7,1,3,-70,9,1955,12745,32,100,1,0,0
575,20,16,1536,0,19,4,6,7,1,1,-52,0,461,6190,15,100,2,0,0
575,10,6,1024,0,38,9,3,7,1,5,-52,1,423,7514,32,100,1,0,0
575,21,16,1536,0,8,4,9,5,1,2,-70,0,508,4974,4,100,1,0,0
532,19,14,1664,70,16,4,6,6,0,2,-70,0,655,9720,12,100,3,0,0
578,6,3,768,0,30,5,2,7,1,3,-70,3,1427,18995,32,100,2,0,0
578,8,4,768,0,33,3,3,7,1,2,-52,2,416,5476,33,100,1,0,0
577,14,11,1280,10,25,5,3,7,1,3,-70,1,1102,14071,27,100,3,0,0
579,4,1,512,0,34,2,2,7,2,1,-66,10,4561,24863,38,100,3,0,0
580,9,4,768,0,34,3,3,7,1,2,-70,0,497,13910,33,100,2,0,0
580,5,4,768,0,36,3,1,6,1,1,-52,2,255,4950,37,100,1,0,0
581,1,0,256,0,6,0,0,4,0,0,0,10,2710,24914,266,100,3,0,0
580,11,7,1024,0,23,5,7,7,1,2,-52,8,2469,21254,21,100,3,0,0
544,19,14,1664,80,16,4,6,6,0,2,-70,0,979,10938,13,100,3,0,0
581,20,16,1536,0,19,4,6,7,1,1,-52,0,307,6150,15,100,1,0,0
584,2,3,768,0,29,5,1,6,1,3,-52,5,351,6852,36,100,1,0,0
583,7,4,768,80,35,6,3,7,1,3,-70,9,2720,14560,32,100,3,0,0
584,3,1,512,10,31,2,2,7,1,1,-64,5,2046,21192,38,100,3,0,0
555,19,14,1664,100,16,4,6,6,0,2,-70,0,452,9851,14,100,2,0,0
566,19,14,1664,90,17,4,6,6,0,2,-70,0,290,9168,14,100,2,0,0
582,16,11,1280,10,22,3,7,7,1,2,-70,3,1405,14394,16,100,2,0,0
585,1,0,256,0,6,0,0,4,0,0,0,10,626,8236,270,100,0,0,0
586,9,4,768,0,34,3,3,7,1,2,-70,0,336,7436,34,100,1,0,0
575,19,14,1664,80,17,4,6,6,0,2,-70,0,525,7558,15,100,3,0,0
586,10,6,1024,0,40,9,3,7,1,5,-52,1,846,13912,33,100,4,0,0
588,4,1,512,0,34,2,2,7,2,1,-66,10,4202,28436,38,100,1,0,0
585,11,7,1024,10,23,5,7,7,1,2,-52,8,1877,11693,21,100,1,0,0
588,3,1,512,20,32,2,2,7,1,1,-64,5,1880,12099,38,100,1,0,0
588,5,4,768,0,36,3,1,6,1,1,-52,2,439,10117,38,100,1,0,0
589,6,3,768,0,32,5,2,7,1,3,-70,3,1456,17230,33,100,4,0,0
589,8,4,768,0,35,3,3,7,1,2,-52,2,758,11475,34,100,4,0,0
581,19,14,1536,10,18,4,6,6,1,2,-70,0,2090,10214,15,100,2,0,0
590,7,4,768,70,36,6,3,7,1,3,-70,9,2514,15857,33,100,2,0,0
592,2,3,768,0,29,5,1,6,1,3,-52,5,582,8737,37,100,2,0,0
586,19,14,1536,0,20,4,6,6,1,2,-70,0,836,5796,16,100,2,0,0
587,21,16,1536,0,9,4,9,5,1,2,-70,0,908,12003,5,100,5,0,0
593,9,4,768,0,34,3,3,7,1,2,-70,0,303,8360,34,100,1,0,0
594,4,1,512,40,34,2,2,7,2,1,-66,10,3398,21101,39,100,1,0,0
594,3,1,512,0,32,2,2,7,1,1,-64,5,1324,12064,39,100,1,0,0
589,11,7,1024,10,23,5,7,7,1,2,-52,8,2106,12072,21,100,1,0,0
595,10,6,1024,0,41,9,3,7,1,5,-52,1,645,10129,33,100,3,0,0
596,1,0,256,0,6,0,0,4,0,0,0,10,1945,21605,282,100,2,0,0
595,8,4,768,0,35,3,3,7,1,2,-52,2,304,5369,34,100,1,0,0
597,6,3,768,0,32,5,2,7,1,3,-70,3,666,11151,33,100,2,0,0
593,16,11,1280,0,23,3,7,7,1,2,-70,3,2156,22028,17,100,3,0,0
592,21,16,1536,10,9,4,9,5,1,2,-70,0,496,5026,5,100,2,0,0
593,19,14,1536,0,20,4,6,6,1,2,-70,0,569,6684,16,100,1,0,0
595,11,7,1024,0,23,5,7,7,1,2,-52,8,1331,11135,22,100,1,0,0
596,7,4,768,20,37,6,3,7,2,3,-70,9,2777,13361,33,100,2,0,0
598,2,3,768,10,29,5,1,6,1,3,-52,5,439,5908,37,100,1,0,0
596,5,4,768,0,36,3,1,6,1,1,-52,2,457,9567,39,100,2,0,0
599,3,1,512,0,32,2,2,7,1,1,-64,5,1053,8670,39,100,1,0,0
595,14,11,1280,0,27,5,3,7,1,3,-70,1,625,9190,28,100,1,0,0
601,6,3,768,0,33,5,2,7,1,3,-70,3,824,7242,34,100,1,0,0
598,20,16,1536,10,20,4,6,7,1,1,-52,0,673,10451,16,100,2,0,0
602,4,1,512,70,36,2,3,7,3,1,-66,10,5582,29759,39,100,3,0,0
599,19,14,1536,10,20,4,6,6,1,2,-70,0,371,5507,17,100,1,0,0
598,21,16,1536,0,9,4,9,5,1,2,-70,0,427,6010,5,100,2,0,0
600,5,4,768,0,37,3,1,6,1,1,-52,2,714,5804,39,100,2,0,0
602,9,4,768,0,36,3,3,7,1,2,-70,0,905,10659,35,100,3,0,0
602,16,11,1280,0,23,3,7,7,1,2,-70,3,1553,17338,18,100,2,0,0
603,11,7,1024,10,23,5,8,7,1,2,-52,8,2254,18123,22,100,2,0,0
603,8,4,768,0,37,3,3,7,1,2,-52,2,812,9561,34,100,2,0,0
603,2,3,768,0,30,5,1,6,1,3,-52,5,396,4753,38,100,1,0,0
605,1,0,256,0,7,0,0,4,0,0,0,10,2644,21557,295,100,3,0,0
604,21,16,1536,0,11,4,9,5,1,2,-70,0,710,6094,6,100,1,0,0
604,14,11,1280,0,29,5,3,7,1,3,-70,1,1360,15543,29,100,3,0,0
607,10,6,1024,0,43,9,3,7,1,5,-52,1,744,14166,34,100,3,0,0
607,11,7,1024,10,24,5,8,7,1,2,-52,8,1176,10074,23,100,1,0,0
607,8,4,768,0,39,3,3,7,1,2,-52,2,567,5316,35,100,2,0,0
607,3,1,512,0,34,2,2,7,1,1,-64,5,2563,19679,40,100,3,0,0
608,7,4,768,0,41,6,3,7,2,3,-70,9,4386,26242,34,100,3,0,0
609,9,4,768,0,38,3,3,7,1,2,-70,0,512,8776,35,100,2,0,0
610,1,0,256,0,8,0,0,4,0,0,0,10,771,10388,297,100,2,0,0
609,14,11,1280,0,31,5,3,7,1,3,-70,1,759,8389,29,100,1,0,0
611,16,11,1280,0,28,3,7,7,1,2,-70,3,1834,17731,18,100,3,0,0
610,20,16,1536,10,22,4,6,7,1,1,-52,0,766,11659,17,100,3,0,0
611,5,4,768,0,39,3,1,6,1,1,-52,2,795,12487,40,100,3,0,0
609,19,14,1536,0,24,4,6,6,1,2,-70,0,851,9302,17,100,3,0,0
612,4,1,512,0,40,3,3,7,3,1,-66,10,6461,37435,40,100,3,0,0
610,6,3,768,10,37,5,2,7,1,3,-70,3,1772,18247,34,100,3,0,0
612,10,6,1024,0,44,9,3,7,1,5,-52,1,480,6068,34,100,1,0,0
612,8,4,768,0,41,3,3,7,1,2,-52,2,604,5090,35,100,1,0,0
614,3,1,512,0,35,3,2,7,1,1,-64,5,1116,10972,40,100,2,0,0
614,1,0,256,0,8,0,0,4,0,0,0,10,966,10220,303,100,0,0,0
595,13,16,1664,90,4,1,2,3,0,1,-70,0,391,5790,2,100,3,0,0
612,21,16,1536,10,16,4,9,5,1,2,-70,0,1244,8801,6,100,4,0,0
599,13,9,1152,90,4,2,2,5,0,2,-52,0,270,3740,2,100,2,0,0
615,2,3,768,0,34,5,1,6,1,3,-52,5,1049,12025,39,100,4,0,0
614,7,4,768,0,41,6,3,7,2,3,-70,9,2064,13028,34,100,1,0,0
614,9,4,768,50,41,3,3,7,1,2,-70,1,1767,11252,36,100,1,0,0
606,13,9,1152,80,5,3,2,5,0,2,-52,0,531,5032,2,100,3,0,0
616,6,3,768,0,38,5,2,7,1,3,-70,3,1110,9868,35,100,1,0,0
612,13,9,1152,80,7,3,2,5,0,2,-52,0,1092,5710,3,100,5,0,0
617,11,7,1024,0,28,5,8,7,1,2,-52,8,2973,23740,23,100,2,0,0
617,19,14,1536,0,25,4,6,6,1,2,-70,0,863,9666,18,100,1,0,0
617,8,4,768,20,42,4,3,7,1,2,-52,2,577,5868,35,100,1,0,0
619,21,16,1536,10,18,4,9,5,1,2,-70,0,838,6550,7,100,2,0,0
619,14,11,1280,0,34,5,3,7,1,3,-70,1,1578,16029,30,100,1,0,0
619,3,1,512,10,38,3,2,7,1,1,-64,5,1836,14128,41,100,2,0,0
620,20,16,1536,10,26,4,6,7,1,1,-52,0,1117,11403,18,100,2,0,0
622,7,4,768,20,42,7,3,7,2,3,-70,9,2298,15330,35,100,2,0,0
622,1,0,256,0,8,0,0,4,0,0,0,10,1804,19803,314,100,2,0,0
621,16,11,1280,0,29,3,7,7,1,2,-70,3,2152,21186,19,100,2,0,0
622,10,6,1024,0,46,9,3,7,1,5,-52,1,725,13316,35,100,2,0,0
622,5,4,768,0,43,4,1,6,1,1,-52,2,1004,14895,40,100,3,0,0
622,9,4,768,10,44,4,3,7,1,2,-70,1,1471,13070,36,100,3,0,0
623,13,9,1024,10,9,3,2,5,1,2,-52,0,1584,12947,4,100,6,0,0
623,4,1,512,10,44,3,3,7,3,1,-66,10,7885,43664,41,100,3,0,0
624,20,16,1536,0,26,4,6,7,1,1,-52,0,314,4176,18,100,1,0,0
591,12,8,1152,50,32,6,4,7,0,3,-52,1,446,5571,31,100,1,0,0
625,2,3,768,20,38,6,1,6,1,3,-52,5,873,9849,39,100,3,0,0
627,1,0,256,0,8,0,0,4,0,0,0,10,897,11146,317,100,1,0,0
596,12,8,1152,50,32,6,4,7,0,3,-52,1,650,5157,32,100,2,0,0
626,3,1,512,0,39,3,2,7,1,1,-64,6,1353,13042,41,100,1,0,0
624,21,16,1536,10,19,4,9,5,1,2,-70,0,576,6388,7,100,1,0,0
608,12,8,1152,80,34,6,4,7,0,3,-52,1,465,9901,32,100,3,0,0
628,11,7,1024,10,31,6,8,7,1,2,-52,8,3272,23932,24,100,2,0,0
628,8,4,768,20,46,4,3,7,1,2,-52,2,2108,17030,36,100,3,0,0
626,6,3,768,10,43,6,2,7,1,3,-70,3,2113,17387,35,100,1,0,0
629,16,11,1280,20,30,3,7,7,1,2,-70,3,1827,15778,19,100,1,0,0
620,12,8,1152,80,36,6,5,7,0,3,-52,1,602,10594,33,100,3,0,0
629,14,11,1280,10,38,5,3,7,1,3,-70,1,2210,17202,31,100,2,0,0
629,9,4,768,10,45,4,3,7,1,2,-70,1,837,11153,37,100,1,0,0
630,7,4,768,0,45,7,3,7,2,3,-70,9,2726,17984,35,100,2,0,0
627,19,14,1536,10,29,4,6,6,1,2,-70,0,984,10174,19,100,2,0,0
628,13,9,1024,10,9,3,2,5,1,2,-52,0,518,5751,4,100,2,0,0
629,12,8,1024,30,41,6,5,7,1,3,-52,1,2863,13275,34,100,5,0,0
632,3,1,512,10,43,3,2,7,1,1,-64,6,1692,14522,41,100,2,0,0
633,5,4,768,0,47,4,1,6,1,1,-52,2,1003,13010,41,100,3,0,0
631,21,16,1536,0,21,4,9,5,1,2,-70,0,974,7712,8,100,2,0,0
633,2,3,768,0,42,6,1,6,1,3,-52,5,1031,10778,40,100,3,0,0
632,10,6,1024,10,49,9,3,7,1,5,-52,1,758,12475,36,100,2,0,0
632,20,16,1536,0,29,4,6,7,1,1,-52,0,791,8154,19,100,1,0,0
635,1,0,256,0,9,0,0,4,0,0,0,10,2180,20994,331,100,2,0,0
634,4,1,512,0,46,3,4,7,3,1,-66,10,8281,46494,42,100,3,0,0
636,7,4,768,0,46,7,3,7,2,3,-70,9,1537,10465,36,100,2,0,0
635,19,14,1536,0,32,4,6,6,1,2,-70,0,885,8166,19,100,3,0,0
635,13,9,1024,0,10,3,2,6,1,2,-52,0,599,6067,4,100,4,0,0
636,8,4,768,0,49,4,4,7,1,2,-52,2,1450,11522,37,100,3,0,0
635,6,3,768,0,47,6,2,7,1,3,-70,3,2018,16801,36,100,3,0,0
636,14,11,1280,0,39,5,3,7,1,3,-70,1,991,10988,31,100,2,0,0
636,11,7,1024,10,34,6,9,7,1,2,-52,8,2946,20229,25,100,2,0,0
638,16,11,1280,10,35,3,7,7,1,2,-70,3,2472,19902,20,100,2,0,0
638,9,4,768,0,51,4,3,7,1,2,-70,1,1666,14447,37,100,2,0,0
639,21,16,1536,0,23,4,9,5,1,2,-70,0,748,8263,8,100,2,0,0
639,5,4,768,10,49,4,1,6,1,1,-52,2,538,8057,41,100,2,0,0
639,13,9,1024,0,10,3,2,6,1,2,-52,0,312,3973,5,100,1,0,0
641,20,16,1536,0,32,4,6,7,1,1,-52,0,725,8478,19,100,2,0,0
640,4,1,512,0,47,3,4,7,3,1,-66,10,3777,21387,42,100,1,0,0
640,3,1,512,30,49,3,2,7,1,1,-64,6,2283,17192,42,100,2,0,0
638,10,6,1024,0,51,9,3,7,1,5,-52,1,731,8633,36,100,2,0,0
642,9,4,768,0,52,4,3,7,1,2,-70,1,636,6953,38,100,0,0,0
642,11,7,1024,10,35,6,9,7,1,2,-52,8,1369,11555,25,100,1,0,0
643,8,4,768,0,52,4,4,7,1,2,-52,2,974,10054,37,100,3,0,0
643,7,4,768,10,52,7,3,7,2,3,-70,9,3794,19652,36,100,2,0,0
644,2,3,768,0,45,6,1,6,1,3,-52,5,822,11121,41,100,3,0,0
644,13,9,1024,0,10,3,2,6,1,2,-52,0,353,4296,5,100,2,0,0
646,1,0,256,0,10,0,0,4,0,0,0,10,2491,26014,341,100,3,0,0
645,14,11,1280,10,39,5,3,7,1,3,-70,1,987,15277,32,100,1,0,0
646,5,4,768,0,49,4,1,6,1,1,-52,2,444,8079,42,100,1,0,0
644,19,14,1536,0,35,4,6,6,1,2,-70,0,1063,10355,20,100,1,0,0
646,9,4,768,0,53,4,3,7,1,2,-70,1,885,7245,38,100,1,0,0
648,16,11,1280,0,37,3,7,7,1,2,-70,3,1787,19941,21,100,1,0,0
646,6,3,768,10,49,6,2,7,1,3,-70,3,1578,18614,37,100,2,0,0
647,11,7,1024,0,36,6,10,7,1,2,-52,8,1735,11821,25,100,2,0,0
649,21,16,1536,0,25,4,9,5,1,2,-70,0,794,8502,9,100,3,0,0
649,10,6,1024,0,55,9,3,7,1,5,-52,1,933,12673,37,100,3,0,0
649,13,9,1024,0,10,3,2,6,1,2,-52,0,350,4573,5,100,1,0,0
650,20,16,1536,0,34,4,6,7,1,1,-52,0,625,9272,20,100,1,0,0
650,3,1,512,30,49,3,2,7,1,1,-64,6,2152,20267,43,100,2,0,0
651,4,1,512,0,51,3,4,7,3,1,-66,10,5844,36567,43,100,2,0,0
651,5,4,768,0,52,4,1,6,1,1,-52,2,570,6459,42,100,2,0,0
649,2,3,768,0,48,6,1,6,1,3,-52,5,609,5378,41,100,1,0,0
652,1,0,256,0,11,0,0,4,0,0,0,10,1375,13997,348,100,2,0,0
653,9,4,768,10,56,4,3,7,1,2,-70,1,1242,11468,38,100,2,0,0
653,10,6,1024,0,55,9,3,7,1,5,-52,1,162,5575,37,100,0,0,0
653,7,4,768,0,54,7,3,7,2,3,-70,10,2924,19482,37,100,3,0,0
654,8,4,768,0,54,4,4,7,1,2,-52,2,689,13908,38,100,3,0,0
655,4,1,512,0,51,3,4,7,3,1,-66,10,1598,13882,43,100,1,0,0
655,19,14,1536,0,38,4,6,6,1,2,-70,0,1472,12501,20,100,2,0,0
656,16,11,1280,20,40,3,7,7,1,2,-70,3,1838,15387,21,100,4,0,0
658,1,0,256,0,11,0,0,4,0,0,0,10,851,13431,351,100,2,0,0
657,3,1,512,30,50,3,2,7,1,1,-64,6,1374,14623,43,100,2,0,0
657,14,11,1280,0,43,5,3,7,1,3,-70,1,1810,18989,32,100,4,0,0
658,13,9,1024,0,12,4,2,6,1,2,-52,0,860,9401,6,100,5,0,0
657,6,3,768,0,53,6,2,7,1,3,-70,3,1591,16329,37,100,4,0,0
658,11,7,1024,40,40,6,11,7,1,2,-52,8,2712,23858,26,100,5,0,0
659,5,4,768,20,55,4,1,6,1,1,-52,2,708,10706,43,100,1,0,0
657,2,3,768,0,50,6,1,6,1,3,-52,5,670,7787,42,100,2,0,0
661,9,4,768,0,60,4,3,7,1,2,-70,1,1471,14051,39,100,2,0,0
660,7,4,768,0,57,7,3,7,2,3,-70,10,2027,13832,37,100,4,0,0
658,21,16,1536,0,30,4,9,5,1,2,-70,0,1420,10653,9,100,2,0,0
663,4,1,512,10,54,3,4,7,3,1,-66,10,3609,24539,43,100,1,0,0
663,3,1,512,10,52,3,2,7,1,1,-64,6,1564,11562,43,100,3,0,0
663,8,4,768,10,59,4,4,7,1,2,-52,2,907,12020,39,100,3,0,0
660,20,16,1536,10,39,4,6,7,1,1,-52,0,1069,10146,21,100,3,0,0
664,5,4,768,0,55,4,1,6,1,1,-52,2,389,5620,43,100,1,0,0
665,1,0,256,0,11,0,0,4,0,0,0,10,1455,15142,360,100,1,0,0
664,11,7,1024,10,41,6,11,7,1,2,-52,8,1822,13246,26,100,1,0,0
659,19,14,1536,10,40,4,6,6,1,2,-70,0,531,4723,21,100,1,0,0
666,16,11,1280,20,44,3,7,7,1,2,-70,3,2520,18399,22,100,3,0,0
667,14,11,1280,0,45,5,3,7,1,3,-70,1,1874,16862,33,100,3,0,0
667,19,14,1536,0,44,4,6,6,1,2,-70,0,934,7782,21,100,1,0,0
665,20,16,1536,10,41,4,6,7,1,1,-52,0,411,4867,21,100,2,0,0
669,1,0,256,0,11,0,0,4,0,0,0,10,694,9598,364,100,0,0,0
668,2,3,768,0,54,6,1,6,1,3,-52,5,876,10677,42,100,2,0,0
669,7,4,768,0,58,7,3,7,1,3,-70,10,3417,18220,38,100,1,0,0
669,8,4,768,0,61,4,5,7,1,2,-52,2,548,8341,39,100,2,0,0
669,13,9,1024,0,13,4,2,6,1,2,-52,0,914,11112,7,100,5,0,0
670,5,4,768,0,56,4,1,6,1,1,-52,2,434,8066,43,100,1,0,0
670,9,4,768,0,61,4,3,7,1,2,-70,1,1049,14947,40,100,2,0,0
672,4,1,512,0,56,3,4,7,3,1,-66,10,5841,35012,44,100,2,0,0
672,3,1,512,20,56,3,2,7,1,1,-64,6,1415,18783,44,100,1,0,0
672,19,14,1536,10,44,4,6,6,1,2,-70,0,427,5049,22,100,1,0,0
674,13,9,1024,0,13,4,2,6,1,2,-52,0,258,4406,7,100,1,0,0
677,4,1,512,0,56,3,4,7,3,1,-66,10,1296,12849,44,100,1,0,0
677,7,4,772,50,60,7,3,7,1,3,-70,10,1765,14335,39,100,2,0,0
678,1,0,256,0,11,0,0,4,0,0,0,10,1440,19864,369,100,2,0,0
675,14,11,1280,0,48,5,3,7,1,3,-70,1,1272,13875,34,100,2,0,0
676,11,7,1024,0,45,6,11,7,1,2,-52,8,2953,24943,27,100,3,0,0
678,13,9,1024,0,13,4,2,6,1,2,-52,0,256,3969,7,100,1,0,0
678,8,4,768,20,63,4,5,7,1,2,-52,2,608,10736,40,100,3,0,0
679,2,3,768,0,57,6,1,6,1,3,-52,5,796,11062,43,100,3,0,0
678,19,14,1536,0,45,4,6,6,1,2,-70,0,669,6779,22,100,1,0,0
680,9,4,768,0,63,4,3,7,1,2,-70,1,1469,16129,40,100,1,0,0
681,11,7,1024,10,45,6,11,7,1,2,-52,8,604,8814,27,100,1,0,0
682,5,4,768,0,58,4,1,6,1,1,-52,2,837,14151,44,100,4,0,0
683,3,1,512,0,59,3,2,7,1,1,-64,6,1640,20792,45,100,3,0,0
684,7,4,768,0,62,7,3,7,1,3,-70,10,1794,13009,39,100,3,0,0
684,14,11,1280,0,51,5,3,7,1,3,-70,1,1298,13315,34,100,2,0,0
685,8,4,768,0,64,4,5,7,1,2,-52,2,552,8282,40,100,1,0,0
685,2,3,768,0,58,6,1,6,1,3,-52,5,387,6207,43,100,1,0,0
687,1,0,256,0,11,0,0,4,0,0,0,10,1545,20023,376,100,2,0,0
687,4,1,512,0,59,3,4,7,3,1,-66,10,4962,32119,45,100,2,0,0
658,15,11,1408,100,33,5,7,7,0,2,-52,1,973,10549,26,100,4,0,0
688,13,9,1024,0,14,4,2,6,1,2,-52,2,1148,11486,8,100,4,0,0
689,3,1,512,0,61,3,2,7,1,1,-64,6,983,11810,45,100,1,0,0
669,15,11,1408,80,36,5,7,7,0,2,-52,1,699,10112,27,100,4,0,0
690,11,7,1024,40,50,6,11,7,1,2,-52,8,2464,21260,28,100,2,0,0
690,5,4,768,0,60,4,1,6,1,1,-52,2,627,10144,45,100,1,0,0
674,16,13,1408,80,48,5,7,7,0,3,-70,3,1883,15896,23,100,3,0,0
693,8,4,768,10,68,4,5,7,1,2,-52,1,728,11924,40,100,1,0,0
691,9,4,768,10,65,4,3,7,1,2,-70,3,1789,18235,41,100,2,0,0
677,15,11,1408,90,39,5,7,7,0,2,-52,1,692,7620,28,100,2,0,0
688,19,14,1536,0,46,4,6,6,1,2,-70,0,591,10029,23,100,2,0,0
683,16,13,1408,80,52,5,7,7,0,3,-70,3,949,13545,23,100,2,0,0
696,4,1,512,10,60,3,4,7,3,1,-66,10,4553,27573,46,100,1,0,0
695,7,4,768,60,67,7,3,7,1,3,-70,10,3758,23817,40,100,3,0,0
694,2,3,768,0,63,6,1,6,1,3,-52,5,1146,9990,44,100,2,0,0
682,15,11,1408,90,40,5,7,7,0,2,-52,1,587,5078,28,100,1,0,0
697,1,0,256,0,11,0,0,4,0,0,0,10,1894,21968,387,100,1,0,0
690,14,11,1280,0,52,5,3,7,1,3,-70,1,849,11190,35,100,1,0,0
697,3,1,512,0,62,3,2,7,1,1,-64,6,1246,15398,46,100,2,0,0
699,8,4,768,0,71,4,5,7,1,2,-52,1,761,7571,41,100,2,0,0
691,15,11,1280,0,42,5,7,7,1,2,-52,1,1755,10199,29,100,4,0,0
695,16,13,1280,30,58,5,7,7,1,3,-70,3,3591,21805,24,100,3,0,0
691,21,16,1664,0,41,5,9,5,1,2,-70,0,720,10044,12,100,2,0,0
700,7,4,768,60,69,7,4,7,1,3,-70,10,1920,9559,40,100,3,0,0
695,15,11,1280,0,43,5,7,7,1,2,-52,1,424,4244,29,100,1,0,0
701,5,4,768,0,66,4,1,6,1,1,-52,2,1305,14394,46,100,3,0,0
701,9,4,768,70,72,4,3,7,1,2,-70,3,3100,19592,42,100,3,0,0
696,20,16,1536,0,51,4,6,7,1,1,-52,0,1169,7043,23,100,1,0,0
701,11,7,1024,0,52,6,11,7,1,2,-52,8,3301,25643,29,100,3,0,0
698,13,9,1024,10,16,4,2,6,1,2,-52,2,1747,7389,9,100,2,0,0
695,21,16,1536,20,44,5,9,5,1,2,-70,0,875,5180,12,100,1,0,0
705,7,4,768,100,71,7,4,7,1,3,-70,10,1705,10672,40,100,1,0,0
701,15,11,1280,10,45,5,7,7,1,2,-52,1,906,7506,29,100,2,0,0
706,4,1,512,0,61,4,5,7,3,1,-66,10,6740,36180,46,100,3,0,0
702,14,11,1280,20,54,5,3,7,1,3,-70,1,1279,17916,35,100,2,0,0
707,1,0,256,0,12,0,0,4,0,0,0,10,1974,23275,396,100,3,0,0
706,2,3,768,20,71,6,1,6,1,3,-52,5,1674,12619,45,100,4,0,0
708,8,4,768,0,74,4,5,7,1,2,-52,1,739,11471,41,100,3,0,0
703,16,13,1280,20,62,5,7,7,1,3,-70,3,2054,14200,24,100,3,0,0
676,18,15,1792,100,20,3,6,5,0,2,-70,0,909,9857,23,100,3,0,0
681,18,15,1792,100,20,3,6,5,0,2,-70,0,359,5258,23,100,1,0,0
708,3,1,512,0,66,4,2,7,1,1,-64,6,1956,22254,46,100,4,0,0
703,20,16,1536,0,53,4,6,7,1,1,-52,0,566,6739,24,100,3,0,0
710,7,4,768,70,71,7,4,7,1,3,-70,10,1983,11458,41,100,1,0,0
710,5,4,768,10,69,4,1,6,1,1,-52,2,812,10893,46,100,3,0,0
711,1,0,256,0,13,0,0,4,0,0,0,10,1070,9982,402,100,2,0,0
708,21,16,1536,0,46,5,9,5,1,2,-70,0,1146,11779,13,100,3,0,0
708,13,9,1024,10,17,4,2,6,1,2,-52,2,1902,14066,9,100,4,0,0
709,20,16,1536,0,54,4,6,7,1,1,-52,0,497,5478,24,100,1,0,0
709,16,13,1280,10,65,5,7,7,1,3,-70,3,2043,12421,25,100,2,0,0
708,11,7,1024,50,55,6,11,7,1,2,-52,8,2787,20378,29,100,2,0,0
711,2,3,768,20,74,6,1,6,1,3,-52,5,925,5988,45,100,1,0,0
713,9,4,768,50,75,4,3,7,1,2,-70,3,4033,22645,43,100,3,0,0
714,4,1,512,0,62,5,5,7,3,1,-66,10,5538,28094,47,100,2,0,0
690,18,15,1792,90,21,3,6,5,0,2,-70,0,314,7519,24,100,2,0,0
699,18,15,1664,100,22,3,6,5,0,2,-70,0,335,7075,24,100,1,0,0
684,6,7,1152,80,62,8,2,7,0,4,-52,3,904,10119,39,100,2,0,0
714,16,13,1280,0,65,5,7,7,1,3,-70,3,724,7501,25,100,1,0,0
689,6,7,1152,80,63,8,2,7,0,4,-52,3,666,7403,40,100,1,0,0
715,20,16,1536,10,55,4,6,7,1,1,-52,0,390,5430,24,100,1,0,0
697,6,7,1152,100,65,8,2,7,0,4,-52,3,567,10649,40,100,1,0,0
716,5,4,768,0,70,4,1,6,1,1,-52,2,497,8119,47,100,1,0,0
707,6,7,1152,100,68,8,2,7,0,4,-52,3,933,14034,41,100,2,0,0
706,18,15,1536,10,25,3,6,5,1,2,-70,0,2286,9753,25,100,2,0,0
717,3,1,512,20,70,5,2,7,1,1,-64,6,2980,22443,47,100,1,0,0
712,15,11,1280,10,47,6,7,7,1,2,-52,1,2491,17272,30,100,3,0,0
713,14,11,1280,20,58,6,3,7,1,3,-70,1,2079,19258,36,100,3,0,0
711,19,14,1586,10,53,4,6,6,1,2,-70,0,1022,12651,24,100,2,0,0
716,11,7,1024,10,57,6,12,7,1,2,-52,8,3049,20595,30,100,3,0,0
719,8,4,768,0,79,4,5,7,1,2,-52,1,1040,14498,42,100,2,0,0
720,9,4,768,20,77,4,3,7,1,2,-70,3,1611,11232,43,100,2,0,0
713,6,7,1024,90,71,8,2,7,1,4,-52,3,1349,10424,41,100,2,0,0
712,18,15,1536,0,28,3,6,5,1,2,-70,0,721,6941,25,100,2,0,0
718,6,3,768,0,74,9,2,7,4,5,-70,3,2785,12361,41,100,1,0,0
720,1,0,256,0,14,0,0,4,0,0,0,10,2434,22614,414,100,3,0,0
718,21,16,1536,10,47,5,9,5,1,2,-70,0,701,10175,14,100,2,0,0
717,2,3,768,20,77,6,1,6,1,3,-52,5,924,6914,46,100,1,0,0
719,13,9,1024,10,17,4,2,6,1,2,-52,2,2182,17313,10,100,3,0,0
721,7,4,768,50,75,7,4,7,1,3,-70,10,4361,27880,41,100,4,0,0
721,4,1,512,10,63,5,6,7,3,1,-66,10,5887,29629,47,100,2,0,0
723,5,4,768,0,72,4,1,6,1,1,-52,2,511,6814,47,100,2,0,0
717,19,14,1536,10,54,4,6,6,1,2,-70,0,524,4957,25,100,1,0,0
717,18,15,1536,0,30,3,6,5,1,2,-70,0,707,5314,26,100,2,0,0
718,14,11,1280,10,61,6,3,7,1,3,-70,1,1392,9569,36,100,2,0,0
724,6,3,768,0,76,10,2,7,4,5,-70,3,810,10328,42,100,2,0,0
726,8,4,768,10,84,4,5,7,1,2,-52,1,865,9928,43,100,2,0,0
723,16,13,1280,0,69,5,7,7,1,3,-70,3,2159,17844,26,100,3,0,0
723,15,11,1280,0,51,6,7,7,1,2,-52,1,2770,20958,31,100,4,0,0
727,2,3,768,0,80,6,1,6,1,3,-52,5,699,8324,46,100,2,0,0
724,20,16,1536,0,57,4,6,7,1,1,-52,0,791,10511,25,100,3,0,0
725,11,7,1024,20,62,6,12,7,1,2,-52,8,3538,23972,30,100,3,0,0
728,4,1,512,0,63,5,6,7,3,1,-66,10,3781,22414,48,100,1,0,0
730,5,4,768,0,74,4,1,6,1,1,-52,2,543,8874,48,100,2,0,0
730,3,1,512,0,74,5,2,7,1,1,-64,6,3512,35832,48,100,5,0,0
730,1,0,256,0,15,0,0,4,0,0,0,10,2252,23778,427,100,2,0,0
725,19,14,1536,0,55,4,6,6,1,2,-70,0,640,8108,25,100,2,0,0
728,13,9,1024,0,18,4,2,6,1,2,-52,2,1520,11666,11,100,3,0,0
731,7,4,768,30,78,7,4,7,1,3,-70,9,3236,23091,42,100,3,0,0
731,9,4,768,40,82,4,3,7,1,2,-70,3,3521,22905,44,100,4,0,0
731,16,13,1280,10,70,5,7,7,1,3,-70,3,796,8856,26,100,1,0,0
727,21,16,1536,10,50,5,9,5,1,2,-70,0,1045,10234,14,100,2,0,0
732,11,7,1024,20,65,6,12,7,1,2,-52,7,2007,17849,31,100,2,0,0
727,18,15,1536,20,34,4,6,5,1,2,-70,0,905,10572,26,100,2,0,0
730,14,11,1280,30,66,6,3,7,1,3,-70,1,1830,19319,37,100,2,0,0
729,19,14,1536,0,56,4,6,6,1,2,-70,0,366,4474,25,100,1,0,0
736,8,4,768,0,88,4,5,7,1,2,-52,1,1157,11255,43,100,2,0,0
732,21,16,1536,10,50,5,9,5,1,2,-70,0,383,5232,14,100,1,0,0
732,15,11,1280,20,55,6,7,7,1,2,-52,1,2224,16073,31,100,2,0,0
737,9,4,768,30,82,4,3,7,1,2,-70,3,1357,10699,44,100,1,0,0
737,5,4,768,0,76,4,1,6,1,1,-52,2,594,9659,48,100,1,0,0
735,2,3,768,0,84,6,1,6,1,3,-52,5,1157,10031,47,100,2,0,0
736,6,3,768,0,83,10,2,7,4,5,-70,3,1409,17993,43,100,3,0,0
738,4,1,512,10,64,6,6,7,3,1,-66,10,6945,35983,48,100,2,0,0
739,3,1,512,0,76,6,2,7,1,1,-64,6,1837,26597,48,100,1,0,0
734,20,16,1536,10,60,4,6,7,1,1,-52,0,814,9333,26,100,2,0,0
741,7,4,768,10,80,7,4,7,1,3,-70,10,3233,23178,43,100,2,0,0
739,13,9,1024,0,18,4,2,6,1,2,-52,2,1694,15234,11,100,2,0,0
740,1,0,256,0,15,0,0,4,0,0,0,10,2516,25464,440,100,2,0,0
735,18,15,1536,0,38,4,6,5,1,2,-70,0,1504,11640,27,100,3,0,0
740,8,4,768,0,88,4,5,7,1,2,-52,1,314,4126,44,100,1,0,0
719,10,11,1408,70,81,12,4,7,0,6,-52,1,1033,14909,41,100,4,0,0
736,14,11,1280,10,69,6,3,7,1,3,-70,1,1313,11185,38,100,2,0,0
741,16,13,1280,0,72,5,7,7,1,3,-70,3,1899,17573,27,100,1,0,0
728,10,11,1408,80,83,12,4,7,0,6,-52,1,505,10069,42,100,3,0,0
741,11,7,1024,20,70,6,12,7,1,2,-52,8,3938,25980,31,100,2,0,0
738,19,14,1536,0,57,4,6,6,1,2,-70,0,788,9377,26,100,1,0,0
743,9,4,768,10,85,4,3,7,1,2,-70,3,1668,11349,44,100,2,0,0
740,21,16,1536,0,52,5,9,5,1,2,-70,0,806,7695,15,100,2,0,0
740,10,6,1024,70,86,13,4,7,1,7,-52,1,1170,13139,43,100,3,0,0
741,6,3,768,0,84,10,2,7,4,5,-70,3,1539,9909,43,100,2,0,0
744,4,1,512,20,65,6,6,7,3,1,-66,10,4685,23256,49,100,1,0,0
745,3,1,512,20,77,6,2,7,1,1,-64,6,1678,15583,49,100,1,0,0
743,20,16,1536,0,61,4,6,7,1,1,-52,0,669,7399,26,100,1,0,0
742,15,11,1280,0,57,6,7,7,1,2,-52,1,1417,17199,32,100,2,0,0
743,18,15,1536,0,41,4,6,5,1,2,-70,0,842,8660,27,100,2,0,0
703,12,7,1152,70,61,8,8,7,0,4,-70,2,153,4059,39,100,1,0,0
742,19,14,1536,0,58,4,6,6,1,2,-70,0,366,4309,26,100,1,0,0
745,1,0,256,0,16,0,0,4,0,0,0,10,1776,14116,447,100,2,0,0
707,12,7,1152,70,63,8,8,7,0,4,-70,2,444,4594,39,100,1,0,0
743,2,3,768,0,85,6,1,6,1,3,-52,5,437,7381,47,100,1,0,0
747,13,9,1024,0,18,4,2,6,1,2,-52,2,1295,11432,12,100,2,0,0
715,12,7,1152,70,65,8,8,7,0,4,-70,2,751,6527,40,100,3,0,0
746,14,11,1280,0,71,6,3,7,1,3,-70,1,1721,15857,38,100,2,0,0
720,12,7,1152,70,67,8,8,7,0,4,-70,2,593,5524,40,100,1,0,0
748,16,13,1280,0,73,5,7,7,1,3,-70,3,1221,11640,27,100,2,0,0
748,3,1,512,10,77,6,2,7,1,1,-64,6,1065,13569,49,100,1,0,0
747,21,16,1536,0,52,5,9,5,1,2,-70,0,283,6039,15,100,1,0,0
750,7,4,768,50,81,7,4,7,1,3,-70,10,4274,26090,43,100,2,0,0
729,12,7,1152,100,69,8,8,7,0,4,-70,2,975,9023,41,100,2,0,0
748,5,4,768,0,81,4,1,6,1,1,-52,2,1216,14835,49,100,3,0,0
741,12,7,1152,100,71,8,8,7,0,4,-70,2,1075,11152,41,100,3,0,0
749,10,6,1024,0,90,14,4,7,1,7,-52,1,1418,13030,43,100,3,0,0
746,12,7,1024,70,73,8,8,7,1,4,-70,2,1091,5931,42,100,1,0,0
749,8,4,768,10,91,4,5,7,1,2,-52,1,846,9573,44,100,3,0,0
751,4,1,512,30,68,6,7,7,3,1,-66,10,6937,29158,49,100,3,0,0
750,20,16,1536,0,63,4,6,7,1,1,-52,0,638,7149,27,100,1,0,0
752,1,0,256,0,16,0,0,4,0,0,0,10,1806,17258,459,100,1,0,0
752,6,3,768,0,86,10,2,7,4,5,-70,3,1637,17798,44,100,2,0,0
752,2,3,768,0,88,6,1,6,1,3,-52,5,878,9221,48,100,3,0,0
750,11,7,1024,10,74,6,12,7,1,2,-52,8,3005,22325,32,100,2,0,0
753,8,4,768,20,92,4,5,7,1,2,-52,1,207,4494,45,100,0,0,0
753,9,4,768,0,88,4,3,7,1,2,-70,3,2501,20138,45,100,2,0,0
752,12,7,1024,10,74,8,8,7,1,4,-70,2,1537,7599,42,100,2,0,0
754,16,13,1280,10,74,5,7,7,1,3,-70,3,1479,12012,28,100,1,0,0
757,10,6,1024,0,94,14,4,7,1,7,-52,1,1218,9371,44,100,3,0,0
756,7,4,768,50,84,7,4,7,1,3,-70,10,2931,18650,44,100,1,0,0
757,4,1,512,30,68,6,7,7,3,1,-66,10,3574,20043,50,100,1,0,0
750,15,11,1280,0,59,6,7,7,1,2,-52,1,1439,13986,33,100,3,0,0
756,5,4,768,0,84,4,1,6,1,1,-52,2,907,10594,49,100,2,0,0
757,6,3,768,10,86,10,2,7,4,5,-70,3,1203,9896,44,100,1,0,0
758,3,1,512,0,78,6,2,7,1,1,-64,6,2127,26607,50,100,2,0,0
753,19,14,1536,0,60,4,6,6,1,2,-70,0,812,9613,27,100,2,0,0
755,14,11,1280,0,74,6,3,7,1,3,-70,1,1590,15341,39,100,2,0,0
757,11,7,1024,10,78,6,12,7,1,2,-52,8,2105,17747,32,100,1,0,0
759,2,3,768,0,89,6,1,6,1,3,-52,5,434,7150,48,100,1,0,0
756,13,9,1024,10,18,4,2,6,1,2,-52,2,2361,16124,13,100,2,0,0
761,1,0,256,0,16,0,0,4,0,0,0,10,1681,19830,468,100,2,0,0
759,15,11,1280,0,60,6,7,7,1,2,-52,1,1022,13711,33,100,1,0,0
756,21,16,1536,0,56,5,9,5,1,2,-70,0,1077,9186,16,100,1,0,0
761,19,14,1536,0,60,4,6,6,1,2,-70,0,493,8505,27,100,1,0,0
761,14,11,1280,0,77,6,3,7,1,3,-70,1,1178,10816,39,100,2,0,0
763,7,4,768,0,84,7,4,7,2,3,-70,10,3043,19885,44,100,1,0,0
761,18,15,1536,0,47,4,6,5,1,2,-70,0,1156,11200,29,100,2,0,0
762,13,9,1024,0,18,4,2,6,1,2,-52,2,846,7480,13,100,1,0,0
762,16,13,1280,10,78,5,7,7,1,3,-70,3,1674,15465,28,100,1,0,0
763,8,4,768,0,94,4,5,7,1,2,-52,1,913,10111,45,100,2,0,0
762,20,16,1536,0,69,4,6,7,1,1,-52,0,1265,11872,28,100,4,0,0
765,9,4,768,0,92,4,3,7,1,2,-70,3,2934,21369,46,100,3,0,0
765,10,6,1024,0,96,14,4,7,1,7,-52,1,546,11438,44,100,1,0,0
762,21,16,1536,0,57,5,9,5,1,2,-70,0,605,6043,16,100,1,0,0
766,5,4,768,0,86,4,1,6,1,1,-52,2,723,12199,50,100,2,0,0
767,3,1,512,0,78,6,2,7,1,1,-64,6,1951,25463,50,100,2,0,0
767,4,1,512,0,73,6,7,7,3,1,-66,10,7244,39749,50,100,2,0,0
768,6,3,768,10,89,10,2,7,4,5,-70,3,1466,17213,45,100,3,0,0
764,12,7,1024,10,78,8,8,7,1,4,-70,2,1482,13690,43,100,3,0,0
771,2,3,768,0,92,6,1,6,1,3,-52,5,946,11989,49,100,3,0,0
772,8,4,768,0,96,4,5,7,1,2,-52,1,737,8626,46,100,2,0,0
772,1,0,256,0,16,0,0,4,0,0,0,10,2338,26174,482,100,2,0,0
768,20,16,1536,10,70,4,6,7,1,1,-52,0,439,5407,28,100,0,0,0
773,5,4,768,0,90,4,1,6,1,1,-52,2,702,7672,50,100,2,0,0
767,7,3,896,40,87,8,4,7,0,4,-52,10,2143,12138,44,100,2,0,0
770,21,16,1536,0,58,5,9,5,1,2,-70,0,919,7933,17,100,2,0,0
773,6,3,768,0,90,10,2,7,4,5,-70,3,708,7658,45,100,1,0,0
764,12,7,1024,10,78,8,8,7,1,4,-70,2,1482,13690,43,100,3,0,0
770,16,13,1280,0,81,5,7,7,1,3,-70,3,2266,14982,29,100,2,0,0
766,14,11,1280,0,77,6,3,7,1,3,-70,1,762,8655,40,100,1,0,0
772,12,9,1024,0,80,10,8,7,1,5,-70,2,1518,9567,43,100,3,0,0
767,11,7,1024,10,79,6,12,7,1,2,-52,8,2933,23508,33,100,2,0,0
766,19,14,1536,0,62,5,6,6,1,2,-70,0,818,7285,28,100,1,0,0
776,4,1,512,0,74,6,7,7,3,1,-66,10,3267,26925,51,100,1,0,0
773,13,9,1024,0,18,4,2,6,1,2,-52,2,2233,15657,14,100,2,0,0
777,9,4,768,50,94,4,3,7,1,2,-70,4,3740,22870,47,100,2,0,0
774,21,16,1536,10,59,5,9,5,1,2,-70,0,497,4756,17,100,1,0,0
779,1,0,256,0,16,0,0,4,0,0,0,10,1125,14693,485,100,1,0,0
776,20,16,1536,0,71,4,6,7,1,1,-52,0,560,8212,28,100,2,0,0
779,3,1,512,90,84,6,2,7,1,1,-64,6,4915,39467,51,100,3,0,0
773,18,15,1536,0,49,4,6,5,1,2,-70,0,1171,14795,29,100,3,0,0
773,14,11,1280,0,79,6,3,7,1,3,-70,1,1002,10311,40,100,1,0,0
781,12,9,1024,0,85,10,8,7,1,5,-70,2,1085,9573,44,100,2,0,0
780,13,9,1024,20,18,4,2,6,1,2,-52,2,1044,10207,14,100,1,0,0
775,19,14,1536,0,64,5,6,6,1,2,-70,0,714,8872,28,100,2,0,0
781,8,4,768,0,99,4,5,7,1,2,-52,1,852,9764,46,100,2,0,0
778,2,3,768,0,94,6,1,6,1,3,-52,5,681,7506,50,100,1,0,0
778,10,6,1024,10,99,14,4,7,1,7,-52,1,399,5637,45,100,1,0,0
780,16,13,1280,10,82,5,7,7,1,3,-70,3,1877,16927,29,100,2,0,0
783,4,1,512,0,76,6,7,7,3,1,-66,10,3579,24237,52,100,2,0,0
782,7,3,768,20,91,9,4,7,1,4,-52,10,2029,16450,44,100,2,0,0
781,11,7,1024,0,80,6,13,7,1,2,-52,8,1934,18731,34,100,3,0,0
782,20,16,1536,0,71,4,6,7,1,1,-52,0,339,5417,29,100,1,0,0
785,5,4,768,0,94,4,1,6,1,1,-52,2,984,14576,51,100,2,0,0
781,21,16,1536,10,62,5,9,5,1,2,-70,0,918,7562,18,100,2,0,0
781,15,11,1280,10,71,6,7,7,1,2,-52,1,1769,17699,35,100,2,0,0
786,8,4,768,0,100,4,5,7,1,2,-52,1,346,4644,47,100,0,0,0
787,9,4,768,30,96,4,3,7,1,2,-70,4,2914,18397,47,100,2,0,0
786,3,1,512,30,86,6,2,7,1,1,-64,6,3270,24490,52,100,1,0,0
783,18,15,1536,10,51,4,6,5,1,2,-70,0,832,13160,30,100,2,0,0
785,13,9,1024,0,18,4,3,6,1,2,-52,2,1273,7469,14,100,2,0,0
785,2,3,768,0,96,6,1,6,1,3,-52,5,518,6494,50,100,1,0,0
787,4,1,512,0,78,6,7,7,3,1,-66,10,1963,14665,52,100,0,0,0
786,12,9,1024,10,86,10,8,7,1,5,-70,2,550,5490,44,100,1,0,0
787,16,13,1280,0,82,5,7,7,1,3,-70,3,1291,10711,30,100,1,0,0
787,7,3,768,0,94,9,4,7,1,4,-52,10,2278,16704,45,100,3,0,0
787,15,11,1280,10,71,6,7,7,1,2,-52,1,967,9807,35,100,2,0,0
789,6,3,768,0,95,10,2,7,4,5,-70,3,544,6833,46,100,1,0,0
788,10,6,1024,0,101,14,4,7,1,7,-52,1,747,12837,46,100,2,0,0
790,1,0,256,0,16,0,0,4,0,0,0,10,2691,28941,500,100,2,0,0
791,9,4,768,60,99,4,3,7,1,2,-70,4,1687,9381,48,100,1,0,0
792,8,4,768,0,102,4,5,7,1,2,-52,1,609,6393,47,100,3,0,0
789,18,15,1536,10,52,4,6,5,1,2,-70,0,593,8210,31,100,2,0,0
793,3,1,512,30,87,6,2,7,1,1,-64,7,3561,26920,52,100,2,0,0
792,14,11,1280,0,84,6,3,7,1,3,-70,1,1502,17766,41,100,2,0,0
794,10,6,1024,0,102,14,4,7,1,7,-52,1,386,6095,46,100,2,0,0
797,5,4,768,0,97,4,1,6,1,1,-52,2,934,14662,52,100,2,0,0
794,11,7,1024,0,83,7,13,7,1,2,-52,8,1986,14869,35,100,1,0,0
792,16,13,1280,20,83,5,7,7,1,3,-70,3,1327,9460,30,100,1,0,0
798,9,4,768,90,102,4,3,7,1,2,-70,4,1948,12420,48,100,1,0,0
793,13,9,1024,10,19,4,3,6,1,2,-52,2,1498,11533,15,100,2,0,0
799,4,1,512,0,79,6,8,7,2,1,-66,10,4328,35751,53,100,4,0,0
798,3,1,512,60,88,6,2,7,1,1,-64,7,1755,15794,52,100,1,0,0
792,12,9,1039,10,87,10,8,7,1,5,-70,2,900,7637,45,100,2,0,0
796,16,13,1280,0,83,5,8,7,1,3,-70,3,820,8751,30,100,1,0,0
798,6,3,768,0,96,10,2,7,4,5,-70,3,1125,15391,47,100,2,0,0
798,2,3,768,0,98,6,1,6,1,3,-52,5,281,5048,51,100,1,0,0
801,1,0,256,0,17,0,0,4,0,0,0,10,2047,21994,510,100,3,0,0
799,21,16,1536,0,67,5,9,5,1,2,-70,0,1118,9942,19,100,2,0,0
799,14,11,1280,0,84,6,3,7,1,3,-70,1,425,9906,42,100,1,0,0
802,9,4,768,40,103,4,3,7,1,2,-70,4,1329,8433,49,100,2,0,0
801,15,11,1280,0,75,6,8,7,1,2,-52,1,1384,15498,36,100,2,0,0
799,20,16,1536,0,81,4,6,7,1,1,-52,0,1498,11741,30,100,3,0,0
802,7,3,768,0,98,9,4,7,1,4,-52,9,1890,19474,46,100,2,0,0
804,8,4,768,0,106,4,5,7,1,2,-52,1,1200,12643,48,100,3,0,0
803,13,9,1024,0,19,4,3,6,1,2,-52,2,1530,13987,16,100,2,0,0
805,3,1,512,70,90,7,2,7,1,1,-64,7,3026,22997,53,100,2,0,0
804,6,3,768,0,97,11,2,7,4,5,-70,3,1035,10361,47,100,2,0,0
807,5,4,768,20,100,5,1,6,1,1,-52,2,930,12033,53,100,4,0,0
804,16,13,1280,10,84,5,8,7,1,3,-70,3,1390,12779,31,100,3,0,0
808,4,1,512,0,83,7,8,7,2,1,-66,10,4627,31615,53,100,2,0,0
804,20,16,1536,0,83,4,6,7,1,1,-52,0,499,5567,30,100,1,0,0
809,1,0,256,0,18,0,0,4,0,0,0,10,1620,15545,515,100,2,0,0
806,21,16,1536,0,71,5,9,5,1,2,-70,0,1022,8499,19,100,1,0,0
807,15,11,1280,0,78,6,8,7,1,2,-52,1,1100,9840,36,100,2,0,0
812,8,4,768,0,109,5,5,7,1,2,-52,1,840,8519,48,100,2,0,0
809,20,16,1536,10,84,5,6,7,1,1,-52,0,747,5404,31,100,1,0,0
813,4,1,512,30,85,8,8,7,2,1,-66,10,2662,17886,54,100,1,0,0
810,16,13,1280,0,87,5,8,7,1,3,-70,3,2134,13113,31,100,2,0,0
813,3,1,512,90,93,8,2,7,1,1,-64,7,3474,25563,53,100,2,0,0
814,9,4,768,10,105,5,3,7,1,2,-70,5,3219,21957,49,100,3,0,0
810,11,7,1024,20,89,7,14,7,1,2,-52,7,1637,13690,36,100,1,0,0
814,13,9,1024,0,19,4,3,6,1,2,-52,4,2483,18127,16,100,2,0,0
812,6,3,768,0,99,11,2,7,1,5,-70,3,947,12182,48,100,3,0,0
815,21,16,1536,20,73,5,9,5,1,2,-70,0,771,9040,20,100,2,0,0
812,7,3,768,0,103,10,4,7,1,4,-52,9,3106,27048,47,100,3,0,0
817,16,13,1280,20,90,5,9,7,1,3,-70,3,1690,11681,32,100,2,0,0
813,2,3,768,0,103,7,1,6,1,3,-52,5,1334,10330,52,100,1,0,0
816,5,4,768,20,105,5,1,6,1,1,-52,2,1193,13090,53,100,2,0,0
818,4,1,512,20,88,8,9,7,2,1,-66,10,2752,17255,54,100,2,0,0
816,20,16,1536,0,86,5,6,7,1,1,-52,0,810,7447,31,100,1,0,0
818,3,1,512,70,95,8,2,7,1,1,-64,7,2410,14272,54,100,2,0,0
820,13,9,1024,0,20,4,3,6,1,2,-52,4,1391,8595,17,100,1,0,0
812,10,6,1024,0,105,15,4,7,1,7,-52,1,703,10517,47,100,3,0,0
821,1,0,256,0,18,0,0,4,0,0,0,10,2480,25502,529,100,2,0,0
821,8,4,768,0,111,5,5,7,1,2,-52,1,765,9356,49,100,2,0,0
822,9,4,768,0,107,5,3,7,1,2,-70,5,1596,14373,50,100,1,0,0
816,18,15,1536,0,61,4,6,5,1,2,-70,0,565,8706,32,100,2,0,0
823,20,16,1536,0,87,5,6,7,1,1,-52,0,567,6631,32,100,2,0,0
821,6,3,768,10,103,11,2,7,1,5,-70,3,1741,16034,48,100,3,0,0
821,7,3,768,10,104,11,4,7,1,4,-52,9,2000,20773,47,100,2,0,0
825,4,1,512,0,89,8,9,7,2,1,-66,10,2241,21565,54,100,1,0,0
820,14,11,1280,10,91,6,3,7,1,3,-70,1,1332,11904,43,100,1,0,0
824,16,13,1280,0,91,5,9,7,1,3,-70,3,1539,15188,32,100,2,0,0
827,9,4,768,0,108,5,3,7,1,2,-70,5,972,8468,50,100,2,0,0
824,2,3,768,10,108,8,1,6,1,3,-52,5,1243,11105,53,100,3,0,0
822,10,6,1024,10,111,15,4,7,1,7,-52,1,1806,14333,48,100,2,0,0
827,21,16,1536,0,76,5,9,5,1,2,-70,0,961,11688,21,100,2,0,0
827,3,1,512,50,98,8,2,7,1,1,-64,8,4481,25298,54,100,2,0,0
827,5,4,768,0,107,5,1,6,1,1,-52,2,924,14174,54,100,3,0,0
823,15,11,1280,20,86,6,8,7,1,2,-52,2,1494,12843,37,100,2,0,0
830,1,0,256,0,18,0,0,4,0,0,0,10,2208,20959,542,100,2,0,0
831,20,16,1536,0,88,5,6,7,1,1,-52,0,442,7706,32,100,1,0,0
826,14,11,1280,0,93,6,3,7,1,3,-70,1,770,9851,44,100,1,0,0
826,18,15,1536,0,64,4,6,5,1,2,-70,0,1305,14912,33,100,2,0,0
832,5,4,768,0,109,5,1,6,1,1,-52,2,585,5490,54,100,1,0,0
831,3,1,512,30,99,8,2,7,1,1,-64,8,1786,11527,55,100,1,0,0
832,4,1,512,10,90,8,9,7,2,1,-66,9,2641,22529,55,100,1,0,0
833,8,4,768,0,116,5,5,7,1,2,-52,1,1052,12860,50,100,4,0,0
831,13,9,1024,10,20,4,4,6,1,2,-52,4,2273,16916,17,100,3,0,0
831,15,11,1280,0,91,6,8,7,1,2,-52,2,1371,13006,38,100,2,0,0
831,10,6,1024,0,114,15,4,7,1,7,-52,1,734,10526,49,100,2,0,0
832,21,16,1536,10,78,5,9,5,1,2,-70,0,658,6714,21,100,2,0,0
837,9,4,768,10,110,5,3,7,1,2,-70,5,2025,17443,51,100,3,0,0
833,2,3,768,0,110,8,1,6,1,3,-52,5,699,9016,53,100,2,0,0
836,13,9,1024,0,21,4,4,6,1,2,-52,4,993,7114,18,100,2,0,0
834,16,13,1374,10,96,5,10,7,1,3,-70,3,2356,18187,33,100,4,0,0
835,10,6,1024,0,114,15,4,7,1,7,-52,1,261,5268,49,100,1,0,0
838,5,4,768,0,112,5,1,6,1,1,-52,2,810,9593,55,100,2,0,0
835,14,11,1280,0,97,6,3,7,1,3,-70,1,985,12700,44,100,3,0,0
836,6,3,768,0,109,12,2,7,1,5,-70,3,1671,11919,49,100,2,0,0
835,15,11,1280,0,92,6,8,7,1,2,-52,2,695,7592,38,100,1,0,0
841,1,0,256,0,18,0,0,4,0,0,0,10,1838,21434,549,100,2,0,0
842,3,1,512,80,103,8,2,7,1,1,-64,8,4393,28150,55,100,1,0,0
811,12,13,1408,60,92,12,8,7,0,6,-52,2,1372,11171,46,100,4,0,0
842,5,4,768,0,114,5,1,6,1,1,-52,2,605,5507,55,100,1,0,0
839,11,7,1024,0,97,7,15,7,1,2,-52,7,2053,18977,38,100,2,0,0
822,12,13,1408,80,94,12,8,7,0,6,-52,2,595,9773,47,100,3,0,0
844,8,4,768,0,120,5,6,7,1,2,-52,1,1071,11683,51,100,3,0,0
832,12,13,1408,100,98,12,8,7,0,6,-52,2,1228,9526,47,100,4,0,0
844,4,1,512,0,90,8,9,7,2,1,-66,9,4524,37826,56,100,3,0,0
837,12,13,1408,90,99,12,8,7,0,6,-52,2,169,4331,48,100,1,0,0
840,7,3,768,10,110,11,4,7,1,4,-52,8,2455,23768,48,100,2,0,0
839,14,11,1280,20,99,6,3,7,1,3,-70,1,599,6501,45,100,2,0,0
847,3,1,512,90,103,8,2,7,1,1,-64,8,2117,13660,56,100,1,0,0
847,9,4,768,10,110,5,3,7,1,2,-70,5,2266,18880,52,100,2,0,0
848,4,1,512,10,94,8,9,7,2,1,-66,9,1869,14051,56,100,0,0,0
845,10,6,1024,0,115,15,4,7,1,7,-52,1,564,11643,49,100,2,0,0
847,13,9,1024,0,22,4,5,6,1,2,-52,4,2252,20573,19,100,4,0,0
848,12,13,1280,10,102,12,8,7,1,6,-52,2,2003,11716,48,100,4,0,0
815,19,15,1664,60,73,7,6,7,0,3,-52,0,589,8267,31,100,3,0,0
845,6,3,768,0,110,12,2,7,1,5,-70,3,1563,16526,50,100,2,0,0
842,18,15,1536,0,68,4,6,5,1,2,-70,0,643,7826,34,100,2,0,0
851,1,0,256,0,19,0,0,4,0,0,0,10,2326,21368,562,100,3,0,0
852,3,1,512,90,104,8,2,7,1,1,-64,9,2043,13767,56,100,1,0,0
853,9,4,768,30,114,5,3,7,1,2,-70,5,1759,10885,52,100,2,0,0
853,5,4,768,0,116,5,1,6,1,1,-52,2,717,11918,56,100,3,0,0
837,19,15,1664,90,79,7,6,7,0,3,-52,0,687,6899,32,100,2,0,0
849,2,3,768,20,111,8,1,6,1,3,-52,5,575,10460,54,100,2,0,0
846,19,15,1536,20,83,7,6,7,1,3,-52,0,1800,10176,33,100,3,0,0
855,8,4,768,0,126,5,6,7,1,2,-52,1,1189,12336,51,100,4,0,0
853,6,3,768,10,111,12,2,7,1,5,-70,3,841,12422,50,100,1,0,0
857,12,13,1280,0,104,12,9,7,1,6,-52,2,807,10315,49,100,3,0,0
852,10,6,1024,10,116,15,4,7,1,7,-52,1,393,9264,50,100,1,0,0
849,15,11,1280,0,98,6,8,7,1,2,-52,2,2968,20604,39,100,2,0,0
857,13,9,1024,0,23,5,6,6,1,2,-52,5,1346,16764,19,100,4,0,0
854,7,3,768,50,118,11,4,7,1,4,-52,9,2478,15429,49,100,3,0,0
858,9,4,768,10,115,5,3,7,1,2,-70,6,1237,10927,52,100,2,0,0
859,4,1,512,0,97,8,9,7,2,1,-66,10,3782,33732,57,100,3,0,0
851,14,11,1281,0,101,6,3,7,1,3,-70,0,864,9462,45,100,1,0,0
860,5,4,768,0,117,5,1,6,1,1,-52,2,413,9027,56,100,1,0,0
861,3,1,512,60,104,8,2,7,1,1,-64,10,3602,22151,57,100,2,0,0
861,1,0,256,0,19,0,0,4,0,0,0,10,1827,19501,570,100,2,0,0
859,2,3,768,0,113,8,1,6,1,3,-52,5,853,10911,55,100,2,0,0
853,18,15,1536,10,71,4,6,5,1,2,-70,0,1198,14025,35,100,2,0,0
864,12,13,1280,0,104,13,10,7,1,6,-52,2,592,8020,49,100,3,0,0
860,6,3,768,0,113,12,2,7,1,5,-70,3,1349,13082,51,100,2,0,0
857,15,11,1280,10,101,6,9,7,1,2,-52,2,1490,16045,40,100,2,0,0
857,14,11,1280,10,105,6,3,7,1,3,-70,0,810,8901,46,100,2,0,0
858,11,7,1024,30,101,8,15,7,1,2,-52,8,2360,17013,39,100,2,0,0
856,19,15,1536,0,86,7,6,7,1,3,-52,0,1087,10858,34,100,4,0,0
866,9,4,768,10,119,6,3,7,1,2,-70,6,1651,13755,53,100,2,0,0
867,8,4,768,0,129,6,6,7,1,2,-52,1,1172,11998,52,100,3,0,0
866,13,9,1024,0,24,5,6,6,1,2,-52,5,1412,14814,20,100,2,0,0
868,3,1,512,90,104,8,2,7,1,1,-64,10,3273,22896,57,100,1,0,0
862,14,11,1280,0,106,6,3,7,1,3,-70,0,416,7240,46,100,1,0,0
863,7,3,768,0,121,11,4,7,2,4,-52,9,3377,24262,50,100,3,0,0
868,4,1,512,10,102,8,9,7,2,1,-66,10,3216,27280,57,100,4,0,0
864,11,7,1024,10,102,8,15,7,1,2,-52,8,1508,11273,39,100,2,0,0
863,18,15,1536,0,72,4,6,5,1,2,-70,0,573,12585,36,100,1,0,0
866,2,3,768,0,114,8,1,6,1,3,-52,5,413,6740,55,100,1,0,0
869,5,4,768,0,119,6,1,6,1,1,-52,2,911,12152,57,100,2,0,0
865,15,11,1280,0,105,6,9,7,1,2,-52,2,1564,15970,40,100,3,0,0
868,12,13,1280,0,107,13,10,7,1,6,-52,2,807,5252,50,100,2,0,0
867,14,11,1280,0,106,6,3,7,1,3,-70,0,284,7360,46,100,1,0,0
872,1,0,256,0,19,0,0,4,0,0,0,10,1789,22071,579,100,2,0,0
872,8,4,768,10,130,6,6,7,1,2,-52,1,530,5105,53,100,2,0,0
873,3,1,512,90,104,8,2,7,1,1,-64,10,1887,13717,57,100,1,0,0
868,10,6,1024,0,123,15,4,7,1,7,-52,1,1191,14650,51,100,4,0,0
871,13,9,1024,0,25,5,6,6,1,2,-52,5,903,9035,20,100,2,0,0
875,4,1,512,0,105,8,9,7,2,1,-66,10,1991,19080,58,100,1,0,0
875,9,4,768,10,121,6,3,7,1,2,-70,6,1382,14765,53,100,2,0,0
870,6,3,768,10,116,12,2,7,1,5,-70,3,1461,16159,52,100,1,0,0
871,11,7,1024,0,103,8,15,7,1,2,-52,8,1829,15944,40,100,2,0,0
872,7,3,768,0,124,11,4,7,2,4,-52,9,2793,20813,51,100,2,0,0
872,15,11,1280,0,107,6,9,7,1,2,-52,2,1296,13169,41,100,2,0,0
878,1,0,256,0,19,0,0,4,0,0,0,10,1430,14010,588,100,1,0,0
871,18,15,1536,10,75,4,6,5,1,2,-70,0,1384,11105,36,100,2,0,0
878,5,4,768,0,121,6,1,6,1,1,-52,2,654,10972,58,100,2,0,0
875,10,6,1024,20,126,15,4,7,1,7,-52,1,524,8296,52,100,1,0,0
879,12,13,1280,0,109,13,10,7,1,6,-52,2,882,11507,51,100,2,0,0
880,4,1,512,10,106,8,9,7,2,1,-66,10,1746,16579,58,100,1,0,0
877,2,3,768,0,116,8,1,6,1,3,-52,5,874,10696,56,100,2,0,0
877,7,3,768,0,125,11,4,7,2,4,-52,9,1090,9596,51,100,1,0,0
882,1,0,256,0,19,0,0,4,0,0,0,10,777,8162,591,100,1,0,0
880,13,9,1024,0,25,5,6,6,1,2,-52,5,1130,13335,21,100,2,0,0
883,9,4,768,20,125,6,3,7,1,2,-70,6,2065,14423,54,100,3,0,0
883,8,4,768,0,134,6,6,7,1,2,-52,1,1028,11819,53,100,3,0,0
884,3,1,512,90,108,8,2,7,1,1,-64,10,5012,35250,58,100,2,0,0
876,18,15,1536,10,75,4,6,5,1,2,-70,0,366,5718,37,100,1,0,0
884,13,9,1024,0,26,6,6,6,1,2,-52,5,571,6540,21,100,1,0,0
882,2,3,768,20,118,8,1,6,1,3,-52,5,472,4915,57,100,1,0,0
883,11,7,1024,20,105,8,15,7,1,2,-52,8,1618,12263,41,100,1,0,0
882,15,11,1280,0,110,6,10,7,1,2,-52,3,2472,21243,41,100,3,0,0
888,5,4,768,0,122,6,1,6,1,1,-52,2,510,10392,58,100,2,0,0
884,10,6,1024,10,131,15,4,7,1,7,-52,1,1266,11415,52,100,3,0,0
887,12,13,1280,10,113,13,10,7,1,6,-52,2,816,8584,51,100,2,0,0
889,1,0,256,0,19,0,0,4,0,0,0,10,1085,12526,597,100,1,0,0
889,4,1,512,10,108,8,9,7,2,1,-66,10,2605,24736,59,100,2,0,0
860,20,15,1664,50,97,7,6,7,0,2,-70,0,912,7176,34,100,1,0,0
887,11,7,1024,20,105,8,15,7,1,2,-52,8,1133,9171,41,100,0,0,0
892,8,4,768,0,136,6,6,7,1,2,-52,1,684,8819,54,100,1,0,0
870,20,15,1664,80,100,8,6,7,0,2,-70,0,794,9929,35,100,4,0,0
888,15,11,1280,30,112,6,10,7,1,2,-52,3,2077,14933,42,100,2,0,0
893,4,1,512,0,109,8,9,7,2,1,-66,10,1213,13209,59,100,0,0,0
891,9,4,768,10,126,6,3,7,1,2,-70,6,1405,15093,55,100,1,0,0
891,12,13,1280,0,115,14,10,7,1,6,-52,2,603,4928,51,100,2,0,0
890,2,3,768,0,120,8,1,6,1,3,-52,5,680,8467,57,100,1,0,0
894,3,1,512,70,111,8,2,7,1,1,-64,10,4313,31001,59,100,2,0,0
883,20,15,1664,80,102,8,6,7,0,2,-70,0,893,7307,36,100,2,0,0
895,13,9,1024,0,28,6,6,6,1,2,-52,5,2087,19158,22,100,3,0,0
892,6,3,768,0,122,12,2,7,1,5,-70,3,863,10504,53,100,1,0,0
898,4,1,512,0,109,8,9,7,2,1,-66,10,1350,12903,59,100,1,0,0
898,1,0,256,0,19,0,0,4,0,0,0,10,1464,17903,604,100,2,0,0
898,5,4,768,0,125,6,1,6,1,1,-52,2,856,13598,59,100,2,0,0
897,12,13,1280,0,118,14,11,7,1,6,-52,2,816,7082,52,100,3,0,0
900,9,4,768,30,129,6,3,7,1,2,-70,5,1770,12839,55,100,3,0,0
895,20,15,1536,0,106,8,6,7,1,2,-70,0,2325,14105,36,100,4,0,0
896,19,15,1536,0,98,7,6,7,1,3,-52,0,768,8594,36,100,3,0,0
900,8,4,768,20,138,6,6,7,1,2,-52,1,769,9250,55,100,3,0,0
897,11,7,1024,10,108,8,15,7,1,2,-52,8,3441,23324,42,100,3,0,0
898,7,3,768,20,134,11,4,7,2,4,-52,9,3912,27334,52,100,3,0,0
901,13,9,1024,0,28,6,6,6,1,2,-52,4,845,9849,22,100,2,0,0
895,18,15,1536,10,87,4,6,5,1,2,-70,0,879,9255,38,100,2,0,0
899,10,6,1024,0,135,15,4,7,1,7,-52,1,635,6774,53,100,2,0,0
905,5,4,768,0,127,6,1,6,1,1,-52,2,496,6978,59,100,1,0,0
904,9,4,768,0,131,6,3,7,1,2,-70,5,1166,9979,55,100,2,0,0
901,20,15,1536,0,109,8,6,7,1,2,-70,0,713,6401,37,100,2,0,0
901,6,3,768,0,125,12,2,7,1,5,-70,3,1659,16620,54,100,2,0,0
905,3,1,512,80,115,8,2,7,1,1,-64,10,4883,33331,60,100,2,0,0
907,8,4,768,0,140,6,6,7,1,2,-52,1,570,7324,55,100,2,0,0
907,1,0,256,0,19,0,0,4,0,0,0,10,1611,18716,614,100,1,0,0
903,2,3,768,0,121,8,1,6,1,3,-52,5,805,11712,58,100,3,0,0
905,13,9,1024,10,29,6,6,7,1,2,-52,4,342,6184,22,100,1,0,0
903,19,15,1536,0,100,7,6,7,1,3,-52,0,678,7856,37,100,2,0,0
909,4,1,512,0,110,8,9,7,2,1,-66,9,3658,34380,60,100,2,0,0
906,12,13,1280,0,120,14,11,7,1,6,-52,2,793,8898,52,100,3,0,0
904,15,11,1280,0,116,6,11,7,1,2,-52,3,1411,13679,43,100,2,0,0
905,10,6,1024,10,138,15,4,7,1,7,-52,1,582,6733,54,100,1,0,0
906,7,3,768,0,135,11,4,7,2,4,-52,9,2340,19151,53,100,2,0,0
907,11,7,1024,10,110,8,15,7,1,2,-52,8,3040,21557,42,100,3,0,0
907,6,3,768,0,126,12,2,7,1,5,-70,3,973,9396,54,100,1,0,0
911,5,4,768,20,129,6,1,6,1,1,-52,2,814,9615,60,100,2,0,0
909,2,3,768,0,122,8,1,6,1,3,-52,5,497,6200,58,100,1,0,0
908,19,15,1536,0,102,7,6,7,1,3,-52,0,581,4545,37,100,1,0,0
914,1,0,256,0,19,0,0,4,0,0,0,10,1157,12260,620,100,1,0,0
910,10,6,1024,0,141,15,4,7,1,7,-52,1,706,7817,54,100,1,0,0
909,18,15,1536,10,88,4,6,5,1,2,-70,0,706,14290,39,100,3,0,0
915,8,4,768,10,144,6,6,7,1,2,-52,1,778,8603,56,100,2,0,0
915,9,4,768,0,134,6,3,7,1,2,-70,5,2291,15804,56,100,3,0,0
911,15,11,1280,0,118,6,12,7,1,2,-52,3,1724,16015,43,100,2,0,0
913,14,11,1280,0,119,6,3,7,1,3,-70,0,878,15732,50,100,3,0,0
917,3,1,512,90,116,8,2,7,1,1,-64,10,5232,34962,61,100,2,0,0
916,13,9,1024,0,29,6,6,7,1,2,-52,4,1084,17379,23,100,2,0,0
914,6,3,768,10,130,12,2,7,1,5,-70,3,1111,11399,54,100,1,0,0
917,5,4,768,0,130,6,1,6,1,1,-52,2,520,7822,60,100,1,0,0
915,10,6,1024,0,143,15,4,7,1,7,-52,1,468,5573,54,100,2,0,0
918,12,13,1280,0,122,14,11,7,1,6,-52,2,967,12238,53,100,3,0,0
916,20,15,1536,0,115,8,6,7,1,2,-70,0,1086,11020,38,100,3,0,0
921,4,1,512,0,114,8,9,7,1,1,-66,9,3895,36083,61,100,5,0,0
918,11,7,1024,0,113,8,15,7,1,2,-52,8,3790,24629,43,100,4,0,0
918,18,15,1536,0,93,4,6,5,1,2,-70,0,1253,12071,39,100,3,0,0
919,2,3,768,0,126,8,1,6,1,3,-52,5,1016,10368,59,100,2,0,0
919,19,15,1536,10,111,7,6,7,1,3,-52,0,1757,12584,38,100,4,0,0
920,14,11,1280,0,124,6,3,7,1,3,-70,0,1461,12146,50,100,2,0,0
922,15,11,1280,0,122,7,13,7,1,2,-52,3,3364,27757,44,100,3,0,0
923,10,6,1024,10,144,15,4,7,1,7,-52,1,743,10129,55,100,2,0,0
924,3,1,512,10,119,8,2,7,2,1,-64,10,3561,22334,61,100,2,0,0
922,9,4,768,0,135,6,3,7,1,2,-70,5,1366,9970,57,100,1,0,0
923,6,3,768,0,133,12,2,7,1,5,-70,3,1772,14741,55,100,2,0,0
924,18,15,1536,0,96,4,6,5,1,2,-70,0,894,8124,40,100,2,0,0
925,1,0,256,0,19,0,0,4,0,0,0,10,2572,23174,631,100,2,0,0
926,8,4,768,0,149,6,6,7,1,2,-52,1,1204,11148,56,100,2,0,0
890,17,13,1408,30,33,9,2,7,0,3,-52,0,825,7475,25,100,4,0,0
925,11,7,1024,30,115,8,15,7,1,2,-52,8,2429,16865,44,100,1,0,0
927,10,6,1024,0,144,15,4,7,1,7,-52,1,369,5212,55,100,1,0,0
927,7,3,768,0,142,11,4,7,2,4,-52,9,4608,26986,54,100,3,0,0
927,15,11,1280,0,122,7,13,7,1,2,-52,3,887,11144,44,100,1,0,0
928,2,3,768,0,128,8,1,6,1,3,-52,5,515,7930,59,100,2,0,0
927,20,15,1536,0,119,8,6,7,1,2,-70,0,1133,11266,38,100,4,0,0
898,17,13,1408,50,34,9,2,7,0,3,-52,0,490,7562,25,100,2,0,0
930,3,1,512,0,120,8,2,7,2,1,-64,10,3255,19296,61,100,1,0,0
931,1,0,256,0,19,0,0,4,0,0,0,10,1240,11724,639,100,2,0,0
930,6,3,768,0,134,12,2,7,1,5,-70,3,1053,12459,56,100,1,0,0
931,4,1,512,100,116,8,9,7,1,1,-66,9,3979,32983,61,100,2,0,0
930,11,7,1024,30,116,8,15,7,1,2,-52,8,1852,11706,44,100,2,0,0
927,5,4,768,0,131,6,1,6,1,1,-52,2,495,10810,61,100,1,0,0
930,14,11,1280,10,129,7,3,7,1,3,-70,1,1894,16973,51,100,2,0,0
924,17,13,1280,30,38,9,2,7,1,3,-52,0,985,9792,27,100,2,0,0
929,19,14,1536,0,115,9,6,7,1,4,-70,0,1534,12501,39,100,3,0,0
926,13,9,1024,0,31,6,6,7,1,2,-52,4,2503,19141,24,100,3,0,0
934,14,11,1280,10,130,7,3,7,1,3,-70,1,895,7036,51,100,2,0,0
928,12,13,1280,0,126,14,11,7,1,6,-52,2,910,10643,54,100,3,0,0
928,17,13,1280,0,39,9,2,7,1,3,-52,0,745,5012,27,100,2,0,0
935,18,15,1536,0,101,4,6,5,1,2,-70,0,1254,14025,40,100,3,0,0
931,13,9,1024,0,31,6,6,7,1,2,-52,4,986,9723,24,100,1,0,0
933,12,13,1280,10,128,14,11,7,1,6,-52,1,551,4568,54,100,2,0,0
934,9,4,768,0,137,6,3,7,1,2,-70,5,3595,20109,57,100,2,0,0
937,3,1,512,0,122,8,2,7,2,1,-64,10,3393,22551,62,100,3,0,0
938,2,3,768,0,133,8,1,6,1,3,-52,5,1020,10480,60,100,2,0,0
936,8,4,768,0,152,6,6,7,1,2,-52,1,1033,11686,57,100,3,0,0
937,7,3,768,0,148,11,4,7,2,4,-52,9,3655,22565,55,100,3,0,0
937,5,4,768,0,137,6,1,6,1,1,-52,2,1334,14477,62,100,2,0,0
939,1,0,256,0,19,0,0,4,0,0,0,10,2218,20999,648,100,1,0,0
937,11,7,1024,0,117,8,15,7,1,2,-52,8,2176,17052,44,100,1,0,0
935,17,13,1280,0,40,9,2,7,1,3,-52,0,590,7110,28,100,2,0,0
938,15,11,1280,0,123,7,14,7,1,2,-52,3,1608,24040,45,100,3,0,0
938,10,6,1024,0,149,15,4,7,1,7,-52,1,989,15197,56,100,2,0,0
938,20,15,1536,0,124,8,6,7,1,2,-70,0,1330,12019,39,100,3,0,0
939,6,3,768,10,136,12,2,7,1,5,-70,3,1354,15933,56,100,2,0,0
940,12,13,1280,10,130,14,11,7,1,6,-52,1,498,7348,55,100,1,0,0
940,19,14,1536,10,118,9,6,7,1,4,-70,0,926,11586,39,100,3,0,0
940,13,9,1024,10,31,6,6,7,1,2,-52,4,1747,18177,25,100,2,0,0
941,11,7,1024,0,117,8,15,7,1,2,-52,8,1485,9607,45,100,1,0,0
943,4,1,512,20,120,8,9,7,2,1,-66,9,5978,39865,62,100,3,0,0
942,14,11,1280,10,132,7,3,7,1,3,-70,1,1479,12622,51,100,1,0,0
942,9,4,768,0,138,6,3,7,1,2,-70,5,1659,11832,58,100,1,0,0
944,5,4,768,0,137,6,1,6,1,1,-52,2,311,7966,62,100,1,0,0
940,18,15,1536,0,104,4,6,5,1,2,-70,0,979,9584,41,100,2,0,0
944,7,3,768,0,150,11,4,7,2,4,-52,9,3167,15987,55,100,1,0,0
945,2,3,768,0,135,8,1,6,1,3,-52,5,699,7590,61,100,2,0,0
946,3,1,512,0,124,8,2,7,2,1,-64,10,4819,29872,63,100,1,0,0
944,20,15,1536,0,125,8,6,7,1,2,-70,0,814,7703,40,100,1,0,0
945,17,13,1280,0,40,9,2,7,1,3,-52,0,477,9292,28,100,2,0,0
948,8,4,768,10,153,6,6,7,1,2,-52,1,591,10460,58,100,2,0,0
946,13,9,1024,0,31,6,7,7,1,2,-52,4,717,10659,25,100,2,0,0
946,15,11,1280,10,127,7,14,7,1,2,-52,3,2430,22627,46,100,1,0,0
949,1,0,256,0,19,0,0,4,0,0,0,10,2582,25315,663,100,2,0,0
948,14,11,1280,10,132,7,3,7,1,3,-70,1,836,10044,52,100,1,0,0
948,19,14,1536,0,122,9,6,7,1,4,-70,0,1222,8587,40,100,1,0,0
950,7,3,768,0,151,11,4,7,2,4,-52,9,1551,9899,56,100,1,0,0
950,11,7,1024,0,120,8,15,7,1,2,-52,8,2731,19655,45,100,2,0,0
950,10,6,1024,10,154,15,4,7,1,7,-52,1,1043,13644,57,100,3,0,0
949,17,13,1280,0,41,9,2,7,1,3,-52,0,416,4134,29,100,2,0,0
952,6,3,768,0,142,12,2,7,1,5,-70,3,2033,19928,57,100,2,0,0
951,12,13,1280,0,132,14,11,7,1,6,-52,1,885,11082,55,100,2,0,0
953,4,1,512,20,124,8,9,7,2,1,-66,10,3614,32828,63,100,3,0,0
954,5,4,768,0,141,6,1,6,1,1,-52,2,931,11536,63,100,2,0,0
954,1,0,256,0,19,0,0,4,0,0,0,10,1066,12744,668,100,1,0,0
954,9,4,768,40,142,6,3,7,1,2,-70,5,2511,17218,59,100,4,0,0
952,18,15,1536,10,107,4,6,5,1,2,-70,0,1182,15438,42,100,3,0,0
955,8,4,768,10,156,6,6,7,1,2,-52,1,729,7802,58,100,2,0,0
956,2,3,768,0,140,8,1,6,1,3,-52,5,1008,10896,61,100,2,0,0
956,7,3,768,0,152,11,4,7,2,4,-52,9,1139,10791,56,100,1,0,0
958,3,1,512,0,130,8,2,7,2,1,-64,10,5077,33687,63,100,2,0,0
957,14,11,1280,0,134,7,3,7,1,3,-70,1,1018,13620,52,100,2,0,0
958,4,1,512,0,125,8,9,7,2,1,-66,10,1606,13847,63,100,1,0,0
956,20,15,1536,0,129,8,6,7,1,2,-70,0,1155,11332,40,100,3,0,0
956,15,11,1280,0,131,7,14,7,1,2,-52,3,1825,21825,46,100,2,0,0
958,10,6,1024,0,157,15,4,7,1,7,-52,1,656,10441,57,100,1,0,0
953,13,9,1024,10,31,6,7,7,1,2,-52,4,1290,12499,26,100,1,0,0
960,6,3,768,0,144,12,2,7,1,5,-70,3,1047,12812,57,100,2,0,0
958,19,14,1536,20,127,9,6,7,1,4,-70,0,1094,9977,41,100,3,0,0
961,8,4,768,0,159,6,6,7,1,2,-52,1,766,6584,59,100,1,0,0
962,5,4,768,0,143,6,1,6,1,1,-52,2,593,8721,63,100,2,0,0
962,1,0,256,0,19,0,0,4,0,0,0,10,1340,16899,676,100,1,0,0
960,11,7,1024,30,121,8,15,7,1,2,-52,8,2684,21936,46,100,1,0,0
957,18,15,1536,10,108,4,6,5,1,2,-70,0,404,5844,42,100,0,0,0
963,9,4,768,50,146,6,3,7,1,2,-70,5,1905,12560,59,100,1,0,0
955,17,13,1280,0,41,9,2,7,1,3,-52,1,613,6199,29,100,1,0,0
963,7,3,768,10,153,11,4,7,2,4,-52,9,2773,15596,57,100,2,0,0
961,14,11,1280,0,134,7,3,7,1,3,-70,1,929,7761,53,100,1,0,0
961,20,15,1536,10,130,8,6,7,1,2,-70,0,505,5566,41,100,1,0,0
958,12,13,1280,0,132,14,11,7,1,6,-52,1,419,6977,56,100,1,0,0
964,6,3,768,0,145,12,2,7,1,5,-70,3,624,7116,58,100,0,0,0
963,13,9,1024,0,31,6,7,7,1,2,-52,4,1303,17330,26,100,2,0,0
964,2,3,768,0,143,8,1,6,1,3,-52,5,684,8096,62,100,1,0,0
966,3,1,512,0,132,8,2,7,2,1,-64,10,5399,29485,64,100,2,0,0
966,4,1,512,20,127,8,9,7,2,1,-66,10,2804,26737,64,100,1,0,0
966,5,4,768,0,143,6,1,6,1,1,-52,2,448,6348,64,100,1,0,0
966,14,11,1280,0,135,7,3,7,1,3,-70,1,517,7680,53,100,1,0,0
966,9,4,768,0,148,6,3,7,2,2,-70,5,1484,7734,59,100,2,0,0
967,17,13,1280,20,41,9,2,7,1,3,-52,1,756,11106,30,100,2,0,0
966,20,15,1536,10,132,8,6,7,1,2,-70,0,592,5283,41,100,0,0,0
968,11,7,1024,10,122,8,15,7,1,2,-52,8,1732,14960,46,100,2,0,0
967,19,14,1536,0,130,9,6,7,1,4,-70,0,987,9907,41,100,2,0,0
968,10,6,1024,0,159,15,4,7,1,7,-52,1,728,12255,58,100,2,0,0
934,21,17,1664,50,113,8,9,5,0,3,-52,0,999,7726,28,100,1,0,0
967,15,11,1280,10,134,7,14,7,1,2,-52,3,2220,24126,47,100,2,0,0
943,21,17,1664,60,116,9,9,5,0,3,-52,0,546,9003,28,100,4,0,0
966,18,15,1536,10,112,4,6,5,1,2,-70,0,900,11458,43,100,3,0,0
972,1,0,256,0,19,0,0,4,0,0,0,10,2439,25113,688,100,2,0,0
972,7,3,768,0,159,11,5,7,1,4,-52,9,3210,21459,57,100,4,0,0
949,21,17,1664,70,116,9,9,5,0,3,-52,0,181,4784,29,100,1,0,0
972,8,4,768,0,160,6,6,7,1,2,-52,1,624,10757,59,100,2,0,0
957,21,17,1664,60,117,9,9,5,0,3,-52,0,590,7119,29,100,1,0,0
973,9,4,768,10,150,6,3,7,2,2,-70,5,2340,11160,60,100,1,0,0
973,6,3,768,20,149,12,2,7,1,5,-70,3,1634,15432,58,100,3,0,0
972,17,13,1280,30,41,9,2,7,1,3,-52,1,1861,8898,30,100,1,0,0
966,21,17,1536,60,118,9,9,5,1,3,-52,0,807,8406,30,100,3,0,0
972,21,17,1536,10,122,9,9,5,1,3,-52,0,1123,5886,30,100,2,0,0
975,4,1,512,10,131,8,9,7,2,1,-66,10,4919,35205,64,100,3,0,0
976,13,9,1024,0,31,6,7,7,1,2,-52,4,2981,21807,27,100,2,0,0
973,18,15,1538,10,113,4,6,5,1,2,-70,0,841,8850,43,100,1,0,0
975,11,7,1024,10,123,8,15,7,1,2,-52,8,2009,16001,47,100,2,0,0
976,2,3,768,0,146,8,1,6,1,3,-52,5,931,11610,63,100,3,0,0
978,3,1,512,0,137,8,2,7,2,1,-64,10,5270,33382,65,100,3,0,0
977,7,3,768,10,162,11,5,7,1,4,-52,9,1398,9755,57,100,2,0,0
977,5,4,768,0,148,6,1,6,1,1,-52,2,1060,14750,64,100,2,0,0
974,20,15,1536,10,135,8,6,7,1,2,-70,0,1039,8924,42,100,3,0,0
978,21,17,1536,10,123,9,9,5,1,3,-52,0,443,5941,31,100,2,0,0
977,18,15,1536,0,114,5,6,5,1,2,-70,0,555,5804,43,100,1,0,0
979,6,3,768,0,150,12,2,7,1,5,-70,3,1506,11516,59,100,1,0,0
980,1,0,256,0,19,0,0,4,0,0,0,10,2038,20642,701,100,1,0,0
979,15,11,1280,0,139,7,14,7,1,2,-52,3,3130,28486,48,100,5,0,0
981,4,1,512,10,133,8,9,7,2,1,-66,10,1927,19828,65,100,2,0,0
981,8,4,768,0,165,6,6,7,1,2,-52,1,1151,10554,60,100,3,0,0
983,5,4,768,0,150,6,1,6,1,1,-52,2,720,7086,65,100,1,0,0
980,10,6,1024,10,166,16,4,7,1,7,-52,1,1882,17354,59,100,3,0,0
982,9,4,768,20,156,6,3,7,2,2,-70,5,2615,16593,61,100,3,0,0
980,20,15,1536,10,136,9,6,7,1,2,-70,0,681,6992,42,100,1,0,0
982,17,13,1280,10,42,9,2,7,1,3,-52,1,1687,14217,31,100,3,0,0
984,2,3,768,0,150,8,1,6,1,3,-52,5,1128,8585,63,100,3,0,0
985,1,0,256,0,19,0,0,4,0,0,0,10,956,10565,705,100,1,0,0
985,11,7,1024,20,125,8,15,7,1,2,-52,8,2339,20819,47,100,3,0,0
983,18,15,1536,10,116,5,6,5,1,2,-70,0,768,7632,44,100,1,0,0
985,8,4,768,0,168,6,6,7,1,2,-52,1,574,4427,60,100,2,0,0
986,13,9,1024,0,31,6,7,7,1,2,-52,4,1407,17406,28,100,2,0,0
986,3,1,512,0,139,8,2,7,2,1,-64,10,4417,25387,65,100,2,0,0
987,6,3,768,0,151,12,2,7,1,5,-70,4,1209,12684,59,100,2,0,0
988,5,4,768,0,151,6,1,6,1,1,-52,2,360,5821,65,100,0,0,0
988,4,1,512,0,133,8,10,7,2,1,-66,10,3053,24151,65,100,2,0,0
989,7,3,768,0,165,11,5,7,1,4,-52,9,2629,23724,58,100,3,0,0
989,9,4,768,0,158,6,3,7,2,2,-70,5,1304,9501,61,100,2,0,0
988,10,6,1024,10,168,16,4,7,1,7,-52,2,832,9431,59,100,3,0,0
988,21,17,1536,0,124,9,9,5,1,3,-52,0,608,9153,31,100,1,0,0
987,15,11,1280,10,144,7,15,7,1,2,-52,2,2068,19481,48,100,2,0,0
992,1,0,256,0,20,0,0,4,0,0,0,10,1476,17121,713,100,2,0,0
993,4,1,512,10,134,8,10,7,2,1,-66,10,1247,14573,66,100,1,0,0
992,17,13,1280,0,42,9,2,7,1,3,-52,1,947,14037,31,100,1,0,0
993,2,3,768,10,152,8,1,6,1,3,-52,5,570,8185,64,100,2,0,0
994,13,9,1024,10,32,6,7,7,1,2,-52,4,1417,12102,28,100,1,0,0
993,7,3,768,30,167,11,5,7,1,4,-52,10,1258,10859,59,100,2,0,0
993,8,4,768,10,172,6,6,7,1,2,-52,1,1026,9093,61,100,1,0,0
992,11,7,1024,0,126,8,15,7,1,2,-52,8,1410,14832,48,100,1,0,0
994,9,4,768,10,159,6,3,7,2,2,-70,5,1141,7667,61,100,1,0,0
990,20,15,1536,0,140,9,6,7,1,2,-70,0,962,10574,43,100,2,0,0
996,3,1,512,0,142,8,2,7,2,1,-64,10,4754,27320,66,100,3,0,0
993,18,15,1536,10,121,5,6,5,1,2,-70,0,1181,13335,44,100,2,0,0
996,5,4,768,0,152,6,1,6,1,1,-52,2,508,9395,65,100,2,0,0
997,6,3,768,0,157,12,2,7,1,5,-70,4,2016,17220,60,100,3,0,0
997,10,6,1024,0,169,16,4,7,1,7,-52,2,851,11978,60,100,1,0,0
998,2,3,768,10,155,8,1,6,1,3,-52,5,490,5080,64,100,2,0,0
999,9,4,768,0,161,6,3,7,2,2,-70,5,1042,7637,62,100,2,0,0
998,21,17,1536,0,126,9,9,5,1,3,-52,0,783,10126,32,100,3,0,0
999,13,9,1024,0,33,6,7,7,1,2,-52,4,917,9435,29,100,2,0,0
1000,8,4,768,0,176,6,6,7,1,2,-52,1,1102,8196,61,100,2,0,0
1001,3,1,512,10,145,8,2,7,2,1,-64,10,1896,14337,66,100,2,0,0
1000,7,3,768,0,169,11,5,7,1,4,-52,9,1582,15112,59,100,2,0,0
1000,15,11,1280,0,146,7,15,7,1,2,-52,2,2058,24983,49,100,2,0,0
1002,5,4,768,0,154,6,1,6,1,1,-52,2,602,9542,66,100,1,0,0
1003,13,9,1024,10,33,6,7,7,1,2,-52,4,406,6367,29,100,1,0,0
1004,1,0,256,0,21,0,0,4,0,0,0,10,2435,26246,722,100,3,0,0
1004,11,7,1024,0,128,8,15,7,1,2,-52,7,2066,23591,49,100,2,0,0
1004,4,1,512,10,138,8,10,7,2,1,-66,10,4657,38475,66,100,2,0,0
1003,20,15,1536,0,141,9,6,7,1,2,-70,0,1044,12705,43,100,2,0,0
1005,2,3,768,10,157,8,1,6,1,3,-52,5,627,6958,64,100,1,0,0
1003,8,4,768,0,177,6,6,7,1,2,-52,1,366,4520,61,100,1,0,0
1006,3,1,512,0,146,8,2,7,2,1,-64,10,1701,11954,66,100,1,0,0
1002,18,15,1536,0,122,5,6,5,1,2,-70,0,689,10945,45,100,1,0,0
1004,17,13,1280,0,42,9,2,7,1,3,-52,1,984,14869,32,100,3,0,0
1005,10,6,1024,0,174,16,4,7,1,7,-52,2,959,10790,60,100,3,0,0
1006,7,3,768,0,169,11,5,7,1,4,-52,9,1687,12462,59,100,1,0,0
1005,21,17,1536,0,126,9,9,5,1,3,-52,0,401,5830,32,100,1,0,0
1008,13,9,1024,0,33,6,7,7,1,2,-52,4,739,7526,29,100,1,0,0
1007,6,3,768,20,161,12,2,7,1,5,-70,4,1631,17178,61,100,2,0,0
1008,1,0,256,0,21,0,0,4,0,0,0,10,1287,11889,731,100,1,0,0
1009,9,4,768,0,164,6,3,7,2,2,-70,5,2303,16033,62,100,3,0,0
1008,15,11,1280,10,149,7,16,7,1,2,-52,2,1824,16503,50,100,3,0,0
1010,17,13,1280,0,43,9,2,7,1,3,-52,1,1206,6955,32,100,0,0,0
1008,18,15,1536,0,124,5,6,5,1,2,-70,0,734,7564,45,100,1,0,0
1011,4,1,512,0,138,8,10,7,2,1,-66,10,2633,26466,67,100,1,0,0
1013,3,1,512,10,146,8,2,7,2,1,-64,10,2766,20217,67,100,1,0,0
1013,6,3,768,0,161,12,2,7,1,5,-70,4,914,9616,61,100,1,0,0
1012,8,4,768,0,180,6,6,7,1,2,-52,1,804,9177,62,100,2,0,0
1012,21,17,1536,0,128,9,9,5,1,3,-52,0,700,8127,33,100,2,0,0
1013,11,7,1024,10,133,8,15,7,1,2,-52,7,2761,20666,49,100,3,0,0
1014,2,3,768,0,160,8,1,6,1,3,-52,5,879,9502,65,100,3,0,0
1014,5,4,768,0,155,6,1,6,1,1,-52,2,797,14093,67,100,2,0,0
1012,20,15,1536,10,145,9,6,7,1,2,-70,0,1151,10238,44,100,1,0,0
1015,13,9,1024,0,33,6,7,7,1,2,-52,4,997,12107,30,100,1,0,0
1014,10,6,1024,20,176,16,4,7,1,7,-52,2,868,11465,61,100,2,0,0
1015,7,3,768,0,172,11,5,7,1,4,-52,9,2257,20027,60,100,4,0,0
1016,1,0,256,0,22,0,0,4,0,0,0,10,1318,16594,736,100,3,0,0
1015,15,11,1280,0,149,7,16,7,1,2,-52,2,1161,13020,50,100,1,0,0
980,14,10,1408,70,140,9,3,7,0,4,-52,1,1055,11459,53,100,2,0,0
1017,9,4,768,0,165,6,3,7,2,2,-70,5,1557,12257,63,100,1,0,0
990,14,10,1408,50,144,10,3,7,0,4,-52,1,1396,14732,54,100,3,0,0
1000,14,10,1408,80,147,10,3,7,0,4,-52,1,975,14348,54,100,2,0,0
1016,18,15,1536,10,126,5,6,5,1,2,-70,0,730,8697,46,100,3,0,0
1008,14,10,1408,80,148,10,3,7,0,4,-52,1,588,10824,55,100,2,0,0
1018,6,3,768,10,163,12,2,7,1,5,-70,4,2031,11905,61,100,2,0,0
1012,14,10,1408,80,151,10,3,7,0,4,-52,1,376,6197,55,100,2,0,0
1019,2,3,768,0,161,8,1,6,1,3,-52,5,389,5008,65,100,1,0,0
1019,8,4,768,10,182,6,7,7,1,2,-52,1,655,7248,62,100,2,0,0
987,12,7,1152,80,143,16,11,7,0,7,-70,1,715,8713,58,100,3,0,0
1020,4,1,512,10,140,8,10,7,2,1,-66,10,2889,28735,67,100,3,0,0
1020,5,4,768,0,157,6,1,6,1,1,-52,2,539,7533,67,100,2,0,0
1021,13,9,1024,20,34,6,7,7,1,2,-52,4,614,9343,30,100,2,0,0
998,12,7,1152,90,148,16,11,7,0,7,-70,1,977,10214,58,100,4,0,0
1021,11,7,1024,10,138,8,15,7,1,2,-52,7,2243,17220,50,100,2,0,0
1021,17,13,1280,0,44,9,2,7,1,3,-52,1,1599,16061,33,100,4,0,0
1023,1,0,256,0,22,0,0,4,0,0,0,10,2068,18669,751,100,1,0,0
1020,14,10,1280,10,152,10,3,7,1,4,-52,1,2231,15018,56,100,3,0,0
1020,19,14,1536,0,150,11,6,7,1,4,-70,0,1024,9089,45,100,2,0,0
1008,12,7,1152,90,152,16,11,7,0,7,-70,1,856,9255,59,100,3,0,0
1022,10,6,1024,0,179,16,4,7,1,7,-52,2,2989,16099,61,100,3,0,0
1022,21,17,1536,0,132,9,9,5,1,3,-52,0,1054,10571,34,100,2,0,0
1023,8,4,768,0,182,6,7,7,1,2,-52,1,429,5016,63,100,1,0,0
1025,3,1,512,0,149,8,2,7,2,1,-64,10,7804,38637,68,100,4,0,0
1025,7,3,768,60,175,11,5,7,1,4,-52,9,3424,23444,61,100,3,0,0
1014,12,7,1152,100,154,16,11,7,0,7,-70,1,425,5619,60,100,2,0,0
1025,6,3,768,30,165,12,2,7,1,5,-70,4,2242,13579,62,100,3,0,0
1021,20,15,1536,0,146,9,6,7,1,2,-70,0,822,8680,45,100,2,0,0
1022,12,7,1024,50,156,16,11,7,1,7,-70,1,998,8058,60,100,3,0,0
1027,17,13,1307,0,44,9,2,7,1,3,-52,1,762,8333,34,100,1,0,0
1026,5,4,768,0,160,6,1,6,1,1,-52,2,835,8137,67,100,2,0,0
1020,18,15,1536,0,127,5,6,5,1,2,-70,0,612,6401,46,100,2,0,0
1025,15,11,1280,0,154,7,16,7,1,2,-52,2,2303,21729,51,100,2,0,0
1027,10,6,1024,0,179,16,4,7,1,7,-52,2,644,8963,62,100,1,0,0
1028,4,1,512,20,142,8,10,7,2,1,-66,10,3512,28070,68,100,2,0,0
1027,13,9,1024,10,36,6,7,7,1,2,-52,4,1650,11937,31,100,3,0,0
1025,11,7,1024,0,140,8,15,7,1,2,-52,7,1627,11559,50,100,2,0,0
1028,21,17,1536,0,132,9,9,5,1,3,-52,0,482,5345,34,100,2,0,0
1028,9,4,768,10,170,6,3,7,2,2,-70,5,3044,17786,64,100,4,0,0
1028,8,4,768,0,184,6,8,7,1,2,-52,1,421,5181,63,100,2,0,0
1028,14,10,1280,20,157,10,3,7,1,4,-52,1,1269,12772,56,100,2,0,0
1031,1,0,256,0,22,0,0,4,0,0,0,10,2015,20781,762,100,1,0,0
1030,11,7,1024,0,141,8,15,7,1,2,-52,7,688,8451,50,100,1,0,0
1030,2,3,768,0,165,8,1,6,1,3,-52,5,911,11142,66,100,2,0,0
1029,17,13,1280,0,45,9,2,7,1,3,-52,1,480,5368,34,100,0,0,0
1031,7,3,768,0,176,11,5,7,1,4,-52,8,2463,17582,61,100,2,0,0
1030,15,11,1280,10,155,7,16,7,1,2,-52,2,1135,11737,51,100,2,0,0
1032,5,4,768,0,162,6,1,6,1,1,-52,2,580,7818,68,100,1,0,0
1031,19,14,1536,10,152,11,6,7,1,4,-70,0,857,10950,46,100,2,0,0
1032,12,7,1024,0,158,16,11,7,1,7,-70,1,1055,11959,61,100,4,0,0
1034,3,1,512,0,150,8,2,7,2,1,-64,10,5721,30945,68,100,2,0,0
1034,6,3,768,0,166,12,2,7,1,5,-70,4,1786,16231,62,100,1,0,0
1030,20,15,1536,0,147,9,6,7,1,2,-70,0,735,9786,45,100,2,0,0
1031,18,15,1536,10,131,5,6,5,1,2,-70,0,1128,13157,47,100,2,0,0
1035,10,6,1024,10,182,16,4,7,1,7,-52,2,1803,14282,62,100,2,0,0
1034,14,10,1280,0,161,10,3,7,1,4,-52,1,1350,11722,57,100,1,0,0
1037,4,1,512,10,146,8,10,7,1,1,-66,9,3044,26084,68,100,3,0,0
1034,20,15,1536,0,149,9,6,7,1,2,-70,0,676,4851,45,100,0,0,0
1038,5,4,768,0,165,6,1,6,1,1,-52,2,597,7111,68,100,2,0,0
1036,12,7,1024,0,159,16,11,7,1,7,-70,1,322,4648,61,100,0,0,0
1037,13,9,1024,0,37,6,7,7,1,2,-52,3,1222,15684,31,100,2,0,0
1040,1,0,256,0,22,0,0,4,0,0,0,10,2128,18750,774,100,2,0,0
1036,18,15,1536,10,132,5,6,5,1,2,-70,0,441,7555,47,100,2,0,0
1038,9,4,768,20,173,6,3,7,1,2,-70,4,1511,14212,64,100,3,0,0
1038,7,3,768,10,178,11,5,7,1,4,-52,8,2929,19527,62,100,2,0,0
1039,8,4,768,10,186,6,9,7,1,2,-52,1,749,10726,64,100,3,0,0
1038,11,7,1024,10,142,8,15,7,1,2,-52,6,2232,19464,51,100,1,0,0
1038,15,11,1280,0,156,7,16,7,1,2,-52,2,1595,15665,52,100,1,0,0
1040,2,3,768,0,168,8,1,6,1,3,-52,5,991,11199,67,100,2,0,0
1036,17,13,1280,10,48,9,2,7,1,3,-52,1,1066,10334,34,100,2,0,0
1041,19,14,1536,0,154,11,6,7,1,4,-70,0,987,10115,46,100,3,0,0
1037,21,17,1536,0,134,9,9,5,1,3,-52,0,903,11043,35,100,2,0,0
1043,3,1,680,0,153,8,2,7,2,1,-64,10,5682,30836,69,100,2,0,0
1043,12,7,1024,0,159,16,11,7,1,7,-70,1,604,7029,62,100,2,0,0
1043,14,10,1280,0,165,10,3,7,1,4,-52,1,1318,13507,57,100,3,0,0
1044,10,6,1291,0,185,16,4,7,1,7,-52,2,1648,15151,63,100,2,0,0
1044,6,3,1035,20,172,12,2,7,1,5,-70,4,2903,20653,63,100,3,0,0
1046,4,1,512,20,149,8,10,7,1,1,-66,9,3312,28765,69,100,3,0,0
1044,17,13,1280,0,48,9,2,7,1,3,-52,1,1058,10381,35,100,1,0,0
1045,8,4,768,10,187,6,9,7,1,2,-52,1,522,6674,64,100,1,0,0
1045,13,9,1024,0,37,6,7,7,1,2,-52,3,1367,13188,32,100,2,0,0
1045,15,11,1280,10,159,7,17,7,1,2,-52,2,866,11374,52,100,2,0,0
1047,2,3,768,0,170,8,1,6,1,3,-52,5,491,6513,67,100,2,0,0
1048,1,0,256,0,22,0,0,4,0,0,0,10,1637,18042,781,100,1,0,0
1045,21,17,1536,0,136,9,9,5,1,3,-52,0,548,8317,35,100,1,0,0
1048,7,3,1035,20,186,11,6,7,1,4,-52,8,3270,25381,62,100,2,0,0
1047,19,14,1536,10,156,11,6,7,1,4,-70,0,707,7130,47,100,1,0,0
1050,5,4,768,0,169,6,1,6,1,1,-52,2,1070,14105,69,100,2,0,0
1050,10,6,1291,0,188,16,4,7,1,7,-52,2,1254,10236,63,100,2,0,0
1050,3,1,512,0,155,8,2,7,2,1,-64,10,3629,20124,69,100,2,0,0
1048,9,4,768,10,176,6,3,7,1,2,-70,4,2406,15587,65,100,3,0,0
1050,12,7,1024,10,162,16,11,7,1,7,-70,2,1130,9439,62,100,3,0,0
1051,14,10,1547,0,168,10,3,7,1,4,-52,1,1496,14974,58,100,2,0,0
1053,8,4,768,0,190,6,10,7,1,2,-52,1,827,8907,65,100,4,0,0
1053,6,3,1035,10,175,12,2,7,1,5,-70,4,2031,16587,64,100,3,0,0
1053,17,13,1280,0,52,9,2,7,1,3,-52,1,1371,12732,35,100,3,0,0
1056,1,0,256,0,22,0,0,4,0,0,0,10,1706,15535,791,100,2,0,0
1055,10,6,1291,0,188,16,4,7,1,7,-52,2,837,9383,64,100,1,0,0
1056,14,10,1547,0,168,10,3,7,1,4,-52,1,653,8568,58,100,1,0,0
1056,4,1,512,0,152,8,10,7,1,1,-66,9,3602,31915,70,100,4,0,0
1056,2,3,768,0,172,8,1,6,1,3,-52,5,787,9954,68,100,3,0,0
1057,5,4,768,0,172,6,1,6,1,1,-52,2,726,9455,69,100,2,0,0
1056,19,14,1803,10,160,11,6,7,1,4,-70,0,1372,10799,47,100,4,0,0
1056,13,9,1024,0,39,6,7,7,1,2,-52,3,1637,17609,32,100,4,0,0
1056,12,7,1291,10,166,16,11,7,1,7,-70,2,679,6791,62,100,2,0,0
1060,3,1,512,0,160,8,2,7,2,1,-64,10,4406,27043,70,100,3,0,0
1059,7,3,1035,10,191,11,6,7,1,4,-52,8,2526,25919,63,100,2,0,0
1059,8,4,768,0,192,6,11,7,1,2,-52,1,609,4753,65,100,3,0,0
1057,9,4,768,30,179,6,3,7,1,2,-70,4,1900,13730,66,100,3,0,0
1056,21,17,1536,0,142,9,9,5,1,3,-52,0,1231,10704,36,100,3,0,0
1057,17,13,1280,0,54,9,2,7,1,3,-52,1,907,6689,36,100,1,0,0
1063,9,4,768,10,183,6,3,7,1,2,-70,4,1384,8530,66,100,2,0,0
1063,12,7,1291,0,170,16,11,7,1,7,-70,2,1292,7929,63,100,3,0,0
1063,19,14,1803,10,162,11,6,7,1,4,-70,0,889,9088,48,100,2,0,0
1065,1,0,256,0,22,0,0,4,0,0,0,10,1459,18523,799,100,1,0,0
1065,6,3,1035,10,180,12,2,7,1,5,-70,4,2431,20641,64,100,4,0,0
1065,14,10,1547,10,173,10,3,7,1,4,-52,1,1904,18765,59,100,3,0,0
1066,4,1,512,30,155,8,10,7,1,1,-66,9,3349,28640,70,100,2,0,0
1063,13,9,1024,10,40,6,7,7,1,2,-52,3,937,11073,33,100,2,0,0
1066,7,3,1035,0,193,11,6,7,1,4,-52,8,1078,14424,63,100,3,0,0
1067,10,6,1291,0,192,16,4,7,1,7,-52,2,2352,19951,64,100,3,0,0
1068,2,3,768,0,179,8,1,6,1,3,-52,5,1338,11588,69,100,3,0,0
1067,12,7,1291,0,171,16,11,7,1,7,-70,2,436,4660,63,100,0,0,0
1065,21,17,1536,0,145,9,9,5,1,3,-52,0,976,9392,37,100,3,0,0
1069,8,4,768,0,193,6,11,7,1,2,-52,1,722,9715,66,100,2,0,0
1072,3,1,512,0,160,8,2,7,2,1,-64,10,4278,31257,71,100,2,0,0
1068,5,4,768,0,174,6,1,6,1,1,-52,2,773,13640,70,100,2,0,0
1072,1,0,256,0,22,0,0,4,0,0,0,10,1379,14977,806,100,2,0,0
1068,9,4,768,0,187,6,3,7,1,2,-70,4,1310,8118,66,100,2,0,0
1073,4,1,512,40,158,8,10,7,1,1,-66,9,2899,22491,71,100,4,0,0
1072,7,3,1035,0,196,11,7,7,1,4,-52,8,1079,15127,64,100,3,0,0
1073,19,14,1803,0,170,11,6,7,1,4,-70,0,1756,13609,48,100,4,0,0
1074,10,6,1291,10,194,16,4,7,1,7,-52,2,961,11826,65,100,2,0,0
1070,17,13,1280,0,58,9,2,7,1,3,-52,1,1480,15967,37,100,2,0,0
1074,14,10,1547,0,177,10,3,7,1,4,-52,1,1446,16665,59,100,2,0,0
1074,12,7,1291,0,173,16,11,7,1,7,-70,2,764,7098,64,100,2,0,0
1074,8,4,768,0,194,6,12,7,1,2,-52,2,489,5855,66,100,2,0,0
1073,9,4,768,10,188,6,3,7,1,2,-70,4,992,6578,66,100,2,0,0
1077,4,1,512,50,158,8,10,7,1,1,-66,9,1752,14096,71,100,1,0,0
1074,6,3,1035,20,187,12,2,7,1,5,-70,4,2666,17897,65,100,4,0,0
1072,21,17,1536,0,146,9,9,5,1,3,-52,0,392,6791,37,100,1,0,0
1079,1,0,256,0,22,0,0,4,0,0,0,10,1034,12295,812,100,1,0,0
1075,13,9,1024,10,42,6,7,7,1,2,-52,3,1668,18994,34,100,4,0,0
1079,10,6,1291,0,197,16,4,7,1,7,-52,2,1080,9058,65,100,2,0,0
1078,19,14,1803,0,171,11,6,7,1,4,-70,0,501,6528,49,100,1,0,0
1080,2,3,768,0,182,8,1,6,1,3,-52,5,1046,11753,70,100,3,0,0
1080,14,10,1547,0,180,10,3,7,1,4,-52,1,1544,13383,60,100,3,0,0
1082,3,1,534,20,166,8,2,7,2,1,-64,10,4828,29165,72,100,4,0,0
1080,7,3,1035,10,199,11,7,7,1,4,-52,8,1180,16166,64,100,2,0,0
1080,12,7,1291,10,175,16,11,7,1,7,-70,2,784,6671,64,100,3,0,0
1079,9,4,768,0,189,6,3,7,1,2,-70,4,1108,9008,67,100,1,0,0
1080,5,4,768,0,180,6,1,6,1,1,-52,2,1442,15601,71,100,3,0,0
1085,1,0,256,0,22,0,0,4,0,0,0,10,1441,13404,820,100,1,0,0
1082,8,4,768,0,197,6,12,7,1,2,-52,2,917,9664,67,100,2,0,0
1085,14,10,1547,0,181,10,3,7,1,4,-52,1,531,9383,60,100,1,0,0
1082,17,13,1280,0,63,9,2,7,1,3,-52,1,1751,15557,37,100,5,0,0
1084,12,7,1291,10,178,16,11,7,1,7,-70,2,709,5899,64,100,0,0,0
1085,6,3,1035,10,190,12,2,7,1,5,-70,4,2708,20109,66,100,2,0,0
1086,19,14,1803,0,174,11,6,7,1,4,-70,0,933,10994,49,100,2,0,0
1088,3,1,512,0,168,8,2,7,2,1,-64,10,2749,17313,72,100,1,0,0
1088,4,1,512,80,163,8,10,7,1,1,-66,9,3708,32955,72,100,3,0,0
1081,21,17,1536,0,148,9,9,5,1,3,-52,0,712,8606,38,100,3,0,0
1084,13,9,1024,10,43,6,7,7,1,2,-52,3,1160,13408,34,100,3,0,0
1085,9,4,768,0,191,6,3,7,1,2,-70,4,1527,10759,67,100,2,0,0
1091,10,6,1291,0,201,16,4,7,1,7,-52,2,2413,20597,66,100,3,0,0
1086,8,4,768,0,198,6,12,7,1,2,-52,2,529,4435,67,100,1,0,0
1091,2,3,1039,0,185,8,1,6,1,3,-52,5,850,11141,70,100,2,0,0
1092,1,0,256,0,22,0,0,4,0,0,0,10,1279,14675,824,100,2,0,0
1090,12,7,1291,10,178,16,11,7,1,7,-70,2,604,5934,65,100,2,0,0
1092,6,3,1035,0,190,12,2,7,1,5,-70,4,1354,10943,66,100,2,0,0
1093,7,3,1035,0,199,11,7,7,1,4,-52,8,1622,25072,65,100,2,0,0
1091,5,4,768,20,183,6,1,6,1,1,-52,2,723,14388,72,100,2,0,0
1093,14,10,1547,0,184,10,3,7,1,4,-52,1,1181,14744,61,100,2,0,0
1096,4,1,512,70,166,8,10,7,1,1,-66,9,2959,23652,72,100,2,0,0
1098,3,1,512,0,174,8,2,7,2,1,-64,10,3502,24685,73,100,3,0,0
1090,21,17,1536,10,152,9,9,5,1,3,-52,0,989,9585,38,100,2,0,0
1097,7,3,1035,0,202,11,7,7,1,4,-52,8,738,10302,65,100,2,0,0
1093,9,4,768,10,192,6,3,7,1,2,-70,4,1377,10341,68,100,1,0,0
1097,19,14,1803,10,177,11,6,7,1,4,-70,0,971,13953,50,100,3,0,0
1095,8,4,768,0,201,6,13,7,1,2,-52,2,684,8172,67,100,2,0,0
1100,1,0,256,0,22,0,0,4,0,0,0,10,1796,16970,834,100,1,0,0
1094,13,9,1024,0,43,6,7,7,1,2,-52,3,1212,14421,35,100,2,0,0
1100,2,3,1039,0,187,8,1,6,1,3,-52,5,596,7862,71,100,2,0,0
1100,10,6,1291,0,206,16,4,7,1,7,-52,2,1942,16083,67,100,2,0,0
1102,4,1,512,100,168,8,10,7,1,1,-66,9,1913,17700,73,100,1,0,0
1101,8,4,768,0,204,6,13,7,1,2,-52,2,808,7015,68,100,2,0,0
1104,3,1,512,0,176,8,2,7,2,1,-64,10,2661,17305,73,100,2,0,0
1104,6,3,1035,0,194,12,2,7,1,5,-70,4,2653,20890,67,100,3,0,0
1079,11,8,1152,70,158,10,15,7,0,3,-70,6,1177,15274,54,100,4,0,0
1104,14,10,1547,0,187,10,3,7,1,4,-52,1,1182,18583,61,100,2,0,0
1101,12,7,1291,0,182,16,12,7,1,7,-70,3,1554,13695,65,100,3,0,0
1106,1,0,256,0,22,0,0,4,0,0,0,10,1035,11481,839,100,1,0,0
1089,11,8,1152,90,158,10,15,7,0,3,-70,6,536,17463,54,100,2,0,0
1106,7,3,1035,0,203,11,7,7,1,4,-52,8,1351,18689,66,100,3,0,0
1106,10,6,1291,10,208,16,5,7,1,7,-52,2,1008,10945,67,100,3,0,0
1095,11,8,1152,80,160,10,15,7,0,3,-70,6,121,8018,55,100,1,0,0
1099,11,8,1152,100,160,10,15,7,0,3,-70,6,248,6556,55,100,1,0,0
1106,5,4,768,0,187,6,1,6,1,1,-52,2,701,9154,73,100,2,0,0
1108,6,3,1035,10,195,12,2,7,1,5,-70,4,1048,8113,67,100,1,0,0
1104,11,8,1024,40,161,10,15,7,1,3,-70,6,1632,11332,55,100,2,0,0
1108,19,14,1803,0,183,11,6,7,1,4,-70,0,1271,14193,51,100,2,0,0
1097,18,15,1931,0,156,6,6,5,1,2,-70,0,362,5135,51,100,2,0,0
1103,15,11,1408,0,181,11,19,7,1,4,-52,2,2204,16703,56,100,2,0,0
1110,3,1,512,10,180,8,2,7,2,1,-64,10,3537,18736,73,100,2,0,0
1109,14,10,1547,0,189,10,3,7,1,4,-52,1,1142,11227,62,100,2,0,0
1111,2,3,1039,10,192,8,1,6,1,3,-52,5,1235,11729,72,100,5,0,0
1112,1,0,256,0,22,0,0,4,0,0,0,10,1401,14039,849,100,1,0,0
1111,4,1,512,50,170,8,10,7,1,1,-66,9,4404,31271,74,100,3,0,0
1110,12,7,1291,0,188,16,12,7,1,7,-70,3,1629,10241,66,100,4,0,0
1112,6,3,1035,10,197,12,2,7,1,5,-70,5,1297,7965,68,100,2,0,0
1111,8,4,768,0,207,6,13,7,1,2,-52,3,3049,16746,68,100,3,0,0
1110,21,17,1536,0,157,9,9,5,1,3,-52,0,808,11381,40,100,2,0,0
1110,11,8,1024,20,161,10,15,7,1,3,-70,5,1487,12994,56,100,1,0,0
1116,3,1,512,0,181,8,2,7,2,1,-64,9,2248,14279,74,100,2,0,0
1112,13,9,1024,10,46,6,7,7,1,2,-52,3,1376,12962,36,100,3,0,0
1114,19,14,1803,0,185,11,6,7,1,4,-70,0,542,8028,51,100,2,0,0
1115,10,6,1291,10,212,16,5,7,1,7,-52,3,2190,17216,68,100,3,0,0
1113,9,4,768,0,198,6,3,7,1,2,-70,4,1877,15359,69,100,2,0,0
1115,14,10,1547,0,192,10,3,7,1,4,-52,2,978,10514,62,100,2,0,0
1113,17,13,1280,10,71,9,2,7,1,3,-52,2,1551,16624,39,100,3,0,0
1114,15,11,1408,0,187,11,19,7,1,4,-52,2,1359,19711,57,100,5,0,0
1117,5,4,768,0,190,6,1,6,1,1,-52,2,389,7430,73,100,1,0,0
1118,7,3,768,10,208,11,7,7,1,4,-52,7,1697,23061,67,100,2,0,0
1092,20,17,1664,40,176,10,6,7,0,3,-70,0,1541,13727,49,100,2,0,0
1119,1,0,256,0,22,0,0,4,0,0,0,10,1516,15684,856,100,1,0,0
1118,8,4,768,0,210,6,14,7,1,2,-52,3,2080,12504,69,100,2,0,0
1119,19,14,1803,0,189,11,6,7,1,4,-70,0,791,6588,51,100,2,0,0
1119,12,7,1291,0,189,16,12,7,1,7,-70,3,610,8646,67,100,1,0,0
1120,6,3,768,0,197,12,2,7,1,5,-70,5,1486,13614,68,100,2,0,0
1121,2,3,768,10,193,8,1,6,1,3,-52,5,441,9125,72,100,1,0,0
1100,20,17,1664,80,177,11,6,7,0,3,-70,0,580,6945,50,100,2,0,0
1105,20,17,1664,80,179,11,6,7,0,3,-70,0,340,4402,50,100,2,0,0
1123,7,3,768,0,211,11,7,7,1,4,-52,7,1227,12180,67,100,2,0,0
1122,4,1,512,50,171,8,10,7,2,1,-66,9,5422,37918,74,100,2,0,0
1121,11,8,1024,10,167,10,15,7,1,3,-70,5,2219,22087,56,100,4,0,0
1119,13,9,1024,30,47,6,7,7,1,2,-52,3,2019,12211,37,100,3,0,0
1122,14,10,1547,0,195,10,3,7,1,4,-52,2,1395,13924,63,100,2,0,0
1111,20,17,1664,70,181,11,6,7,0,3,-70,0,659,6314,51,100,1,0,0
1119,15,11,1408,0,189,11,19,7,1,4,-52,2,503,10033,57,100,1,0,0
1120,21,17,1536,0,160,9,9,5,1,3,-52,0,932,10549,40,100,2,0,0
1123,12,7,1291,0,191,16,12,7,1,7,-70,3,560,4366,67,100,1,0,0
1123,20,17,1536,0,184,11,6,7,1,3,-70,0,2098,13819,51,100,3,0,0
1125,5,4,768,0,193,6,1,6,1,1,-52,2,824,9428,74,100,4,0,0
1125,3,1,512,0,185,8,2,7,2,1,-64,9,4407,26414,74,100,2,0,0
1125,8,4,768,0,212,6,15,7,1,2,-52,3,1345,10153,69,100,4,0,0
1124,17,13,1280,0,74,9,2,7,1,3,-52,2,3098,20753,40,100,3,0,0
1124,10,6,1291,0,216,16,5,7,1,7,-52,3,1835,15928,68,100,3,0,0
1126,13,9,1024,0,47,6,7,7,1,2,-52,3,1348,9963,37,100,1,0,0
1127,2,3,768,0,194,8,1,6,1,3,-52,5,526,5295,73,100,1,0,0
1125,19,14,1803,0,192,11,6,7,1,4,-70,0,794,7779,52,100,1,0,0
1128,4,1,512,0,172,8,10,7,2,1,-66,9,3141,19534,75,100,2,0,0
1125,21,17,1536,0,161,9,9,5,1,3,-52,0,721,5871,41,100,1,0,0
1129,6,3,768,20,201,12,2,7,1,5,-70,5,2139,15261,69,100,2,0,0
1130,9,4,768,10,203,6,3,7,1,2,-70,4,3379,19527,70,100,3,0,0
1128,15,11,1408,0,191,11,19,7,1,4,-52,2,718,13511,58,100,1,0,0
1130,1,0,256,0,22,0,0,4,0,0,0,10,2408,25489,870,100,2,0,0
1131,7,3,768,10,214,11,7,7,1,4,-52,7,1380,17987,68,100,3,0,0
1131,13,9,1024,0,47,6,7,7,1,2,-52,3,837,6915,37,100,1,0,0
1131,8,4,768,0,217,6,15,7,1,2,-52,3,1796,11108,70,100,1,0,0
1129,21,17,1536,10,163,9,9,5,1,3,-52,0,354,3798,41,100,0,0,0
1131,11,8,1024,0,172,10,15,7,1,3,-70,5,2021,20843,57,100,2,0,0
1129,19,14,1803,10,195,11,6,7,1,4,-70,0,631,7489,52,100,1,0,0
1132,12,7,1024,0,194,16,12,7,1,7,-70,3,1046,10151,67,100,3,0,0
1132,14,10,1547,0,197,10,3,7,1,4,-52,2,1838,21444,63,100,2,0,0
1132,5,4,768,10,196,6,1,6,1,1,-52,2,627,9643,74,100,1,0,0
1134,3,1,512,0,188,8,2,7,2,1,-64,9,3712,24403,75,100,1,0,0
1131,20,17,1536,0,187,11,6,7,1,3,-70,0,970,9648,52,100,3,0,0
1135,6,3,768,10,201,12,2,7,1,5,-70,5,1427,11598,69,100,1,0,0
1135,1,0,256,0,22,0,0,4,0,0,0,10,1207,12474,877,100,1,0,0
1133,17,13,1280,0,76,9,2,7,1,3,-52,2,1849,16166,41,100,3,0,0
1104,16,12,1675,60,164,10,15,7,0,5,-52,1,1158,9505,50,100,4,0,0
1136,4,1,512,0,176,8,10,7,2,1,-66,9,4551,29554,75,100,2,0,0
1116,16,12,1675,60,167,10,15,7,0,5,-52,1,463,9791,51,100,3,0,0
1127,16,12,1675,70,168,10,15,7,0,5,-52,1,1083,10801,51,100,3,0,0
1138,2,3,768,10,196,8,1,6,1,3,-52,5,659,10057,73,100,3,0,0
1135,19,14,1803,0,197,11,6,7,1,4,-70,0,816,7583,52,100,2,0,0
1137,9,4,768,0,204,6,3,7,1,2,-70,4,1807,11108,71,100,2,0,0
1136,10,6,1291,20,221,16,5,7,1,7,-52,3,1837,19096,69,100,3,0,0
1139,3,1,512,0,188,8,2,7,2,1,-64,9,2223,14345,75,100,1,0,0
1136,15,11,1280,0,193,11,19,7,1,4,-52,2,617,14062,58,100,3,0,0
1136,16,12,1547,30,171,10,15,7,1,5,-52,1,969,8324,52,100,2,0,0
1138,11,8,1024,0,174,10,15,7,1,3,-70,5,1102,12980,58,100,3,0,0
1138,14,10,1547,0,198,10,3,7,1,4,-52,2,988,11496,64,100,1,0,0
1138,20,17,1536,0,189,11,6,7,1,3,-70,0,494,6450,52,100,2,0,0
1142,9,4,768,10,205,6,3,7,1,2,-70,4,1187,8443,71,100,1,0,0
1142,7,3,768,30,217,11,7,7,1,4,-52,7,2372,25548,68,100,2,0,0
1141,13,9,1024,0,47,6,7,7,1,2,-52,3,2000,15654,38,100,2,0,0
1142,6,3,768,10,203,12,2,7,1,5,-70,5,1613,13177,69,100,1,0,0
1140,16,12,1547,0,172,10,15,7,1,5,-52,1,929,5481,52,100,2,0,0
1143,8,4,768,10,222,6,15,7,1,2,-52,3,2737,21893,71,100,4,0,0
1139,21,17,1536,0,165,9,9,5,1,3,-52,0,725,9486,42,100,2,0,0
1141,10,6,1291,0,223,16,5,7,1,7,-52,3,1175,9080,69,100,1,0,0
1140,15,11,1280,0,195,11,19,7,1,4,-52,2,562,8199,59,100,1,0,0
1143,12,7,1024,0,196,16,12,7,1,7,-70,3,2617,18173,68,100,2,0,0
1143,5,4,768,0,200,6,1,6,1,1,-52,2,1161,15860,75,100,3,0,0
1145,1,0,256,0,22,0,0,4,0,0,0,10,2640,26355,892,100,2,0,0
1143,17,13,1280,10,81,9,2,7,1,3,-52,2,2326,16975,41,100,2,0,0
1147,2,3,768,0,200,8,1,6,1,3,-52,5,913,9453,74,100,2,0,0
1144,20,17,1536,0,192,11,6,7,1,3,-70,0,975,7380,53,100,1,0,0
1146,4,1,512,0,179,8,10,7,2,1,-66,9,5901,38563,76,100,2,0,0
1146,19,14,1803,0,199,11,6,7,1,4,-70,0,1046,13648,53,100,2,0,0
1147,14,10,1547,0,201,10,3,7,1,4,-52,2,1235,16875,64,100,2,0,0
1146,15,11,1280,0,197,11,19,7,1,4,-52,2,733,10535,59,100,1,0,0
1148,3,1,512,0,190,8,2,7,2,1,-64,9,4493,28178,76,100,2,0,0
1149,7,3,768,0,218,11,7,7,1,4,-52,7,1200,14901,69,100,1,0,0
1148,8,4,768,0,223,6,15,7,1,2,-52,3,968,8511,71,100,1,0,0
1150,11,8,1024,0,179,10,15,7,1,3,-70,5,2753,26329,58,100,3,0,0
1150,10,6,1291,0,224,16,5,7,1,7,-52,3,1187,14792,70,100,2,0,0
1150,16,12,1280,0,174,10,15,7,1,5,-52,1,776,9656,53,100,3,0,0
1149,9,4,768,20,207,6,3,7,1,2,-70,4,1646,10662,72,100,1,0,0
1152,1,0,256,0,22,0,0,4,0,0,0,10,1152,15107,898,100,1,0,0
1150,13,9,1024,10,48,6,7,7,1,2,-52,3,1561,12748,39,100,1,0,0
1150,5,4,768,0,201,6,1,6,1,1,-52,2,572,8601,76,100,2,0,0
1149,21,17,1536,0,167,9,9,5,1,3,-52,0,668,8963,42,100,2,0,0
1153,12,7,1024,0,201,16,12,7,1,7,-70,3,1599,13456,69,100,2,0,0
1152,6,3,768,20,205,12,2,7,1,5,-70,5,1824,18292,70,100,2,0,0
1155,11,8,1024,20,181,10,15,7,1,3,-70,5,1087,12567,59,100,2,0,0
1155,16,12,1280,0,176,10,15,7,1,5,-52,1,501,5033,53,100,1,0,0
1151,17,13,1280,0,86,9,2,7,1,3,-52,2,1635,13644,42,100,1,0,0
1156,7,3,768,0,222,11,7,7,1,4,-52,7,1524,17161,69,100,1,0,0
1152,20,17,1536,0,193,11,6,7,1,3,-70,0,679,10325,53,100,2,0,0
1117,18,14,1931,90,162,8,6,5,0,3,-52,0,139,4352,52,100,1,0,0
1156,6,3,768,40,207,12,2,7,1,5,-70,5,1330,8724,71,100,1,0,0
1156,3,1,512,0,193,8,2,7,2,1,-64,9,3838,24288,77,100,1,0,0
1156,4,1,512,0,184,8,10,7,2,1,-66,9,4462,32733,77,100,2,0,0
1157,2,3,768,0,204,8,1,6,1,3,-52,5,1261,11810,75,100,3,0,0
1127,18,14,1931,100,165,8,6,5,0,3,-52,0,617,11460,53,100,2,0,0
1135,18,14,1931,80,167,8,6,5,0,3,-52,0,542,8740,53,100,2,0,0
1157,9,4,768,0,212,6,3,7,1,2,-70,4,2922,16384,72,100,3,0,0
1159,12,7,1024,0,202,16,12,7,1,7,-70,3,852,7678,69,100,2,0,0
1160,8,4,768,10,227,6,15,7,1,2,-52,3,2411,20023,72,100,3,0,0
1155,19,14,1803,0,201,11,6,7,1,4,-70,0,965,11561,54,100,2,0,0
1158,17,13,1280,0,89,9,2,7,1,3,-52,2,1333,12048,42,100,1,0,0
1141,18,14,1931,90,169,8,6,5,0,3,-52,0,532,7178,54,100,2,0,0
1157,15,11,1280,0,200,11,19,7,1,4,-52,1,1383,21127,60,100,2,0,0
1158,10,6,1291,10,226,16,5,7,1,7,-52,3,2129,14478,71,100,2,0,0
1161,1,0,256,0,22,0,0,4,0,0,0,10,2649,24153,913,100,2,0,0
1160,13,9,1024,0,49,6,7,7,1,2,-52,3,1801,15033,39,100,2,0,0
1150,18,14,1931,90,169,8,6,5,0,3,-52,0,410,10743,54,100,2,0,0
1161,21,17,1536,0,171,9,9,5,1,3,-52,0,938,11614,43,100,2,0,0
1161,5,4,768,0,203,6,1,6,1,1,-52,2,778,13491,76,100,2,0,0
1162,15,11,1280,0,202,11,19,7,1,4,-52,0,878,9145,60,100,2,0,0
1158,14,10,1547,0,203,10,3,7,1,4,-52,2,3013,25356,65,100,2,0,0
1162,20,17,1536,0,196,11,6,7,1,3,-70,0,1012,13146,54,100,2,0,0
1160,18,14,1803,0,172,8,6,5,1,3,-52,0,1577,14433,55,100,4,0,0
1162,10,6,1291,0,226,16,5,7,1,7,-52,3,1061,8621,71,100,1,0,0
1164,3,1,512,0,193,8,2,7,2,1,-64,8,4643,24761,77,100,2,0,0
1164,4,1,512,30,188,8,10,7,2,1,-66,9,4271,26697,77,100,1,0,0
1162,9,4,768,10,213,6,3,7,1,2,-70,4,1746,9857,73,100,1,0,0
1163,7,3,768,40,224,11,7,7,1,4,-52,6,1634,17790,70,100,1,0,0
1160,16,12,1280,0,177,10,15,7,1,5,-52,1,370,4641,53,100,1,0,0
1164,17,13,1280,10,89,9,2,7,1,3,-52,2,1232,10711,43,100,1,0,0
1165,11,8,1024,0,184,10,15,7,1,3,-70,4,1683,22898,59,100,2,0,0
1166,1,0,256,0,22,0,0,4,0,0,0,10,1297,13233,921,100,1,0,0
1164,14,10,1547,0,205,10,3,7,1,4,-52,2,1117,13000,65,100,2,0,0
1165,21,17,1536,0,174,9,9,5,1,3,-52,0,695,5001,43,100,2,0,0
1167,12,7,1024,0,204,16,12,7,1,7,-70,2,1847,13289,70,100,1,0,0
1167,6,3,768,10,211,12,2,7,2,5,-70,5,4498,24587,71,100,3,0,0
1166,13,9,1024,0,52,6,7,7,1,2,-52,3,1864,12559,40,100,1,0,0
1165,18,14,1803,0,174,8,6,5,1,3,-52,0,374,5294,55,100,1,0,0
1165,19,14,1803,0,201,11,6,7,1,4,-70,0,716,13157,54,100,2,0,0
1168,8,4,768,0,230,6,15,7,1,2,-52,3,1446,13834,72,100,1,0,0
1167,2,3,768,20,207,8,1,6,1,3,-52,5,928,9898,76,100,2,0,0
1170,7,3,768,10,225,11,7,7,1,4,-52,6,1442,14524,70,100,2,0,0
1170,16,12,1280,10,180,10,15,7,1,5,-52,1,730,9487,54,100,2,0,0
1170,11,8,1024,0,184,10,15,7,1,3,-70,4,638,9896,60,100,1,0,0
1170,15,11,1280,0,205,11,19,7,1,4,-52,0,824,14040,61,100,1,0,0
1169,14,10,1547,0,206,10,3,7,1,4,-52,2,1415,11434,66,100,1,0,0
1171,3,1,512,20,194,8,2,7,2,1,-64,8,3945,22656,78,100,1,0,0
1171,5,4,768,0,207,6,1,6,1,1,-52,2,1014,13278,77,100,3,0,0
1172,10,6,1024,10,228,16,5,7,1,7,-52,3,2217,18135,72,100,2,0,0
1173,12,7,1024,10,205,16,12,7,1,7,-70,2,806,7432,70,100,1,0,0
1171,17,13,1280,10,90,9,2,7,1,3,-52,2,1206,12588,43,100,2,0,0
1172,18,14,1803,20,177,8,6,5,1,3,-52,0,700,9356,56,100,2,0,0
1173,9,4,768,30,216,6,3,7,1,2,-70,4,2622,17096,73,100,2,0,0
1175,2,3,768,0,210,8,1,6,1,3,-52,5,820,8689,76,100,1,0,0
1175,8,4,768,0,232,6,15,7,1,2,-52,3,1651,13798,73,100,2,0,0
1176,1,0,256,0,22,0,0,4,0,0,0,10,2307,24210,935,100,2,0,0
1175,4,1,512,0,191,8,10,7,2,1,-66,9,4712,37191,78,100,2,0,0
1176,14,10,1547,0,206,10,3,7,1,4,-52,2,1133,13376,66,100,1,0,0
1172,20,17,1536,10,199,11,6,7,1,3,-70,0,1183,12225,55,100,2,0,0
1177,10,6,1024,20,229,16,5,7,1,7,-52,3,980,7762,72,100,0,0,0
1178,15,11,1280,0,208,11,21,7,1,4,-52,0,1091,14917,61,100,3,0,0
1179,6,3,768,0,219,12,2,7,2,5,-70,5,4570,24436,72,100,3,0,0
1178,11,8,1024,20,185,10,15,7,1,3,-70,4,1107,18366,60,100,2,0,0
1179,12,7,1024,0,207,16,12,7,1,7,-70,2,961,8058,71,100,2,0,0
1178,9,4,768,50,217,6,3,7,1,2,-70,4,1283,7760,74,100,0,0,0
1179,8,4,768,20,232,6,15,7,1,2,-52,3,688,7682,73,100,1,0,0
1180,7,3,768,10,230,11,7,7,1,4,-52,6,2453,24876,71,100,2,0,0
1175,13,9,1024,10,52,6,7,7,1,2,-52,3,1461,12593,40,100,2,0,0
1179,16,12,1280,0,182,10,15,7,1,5,-52,1,932,11615,55,100,2,0,0
1174,21,17,1536,0,174,9,9,5,1,3,-52,0,510,8842,44,100,2,0,0
1181,5,4,768,10,210,6,1,6,1,1,-52,2,976,12642,78,100,1,0,0
1182,3,1,512,0,201,8,2,7,2,1,-64,8,5567,36511,78,100,2,0,0
1181,13,9,1024,20,55,6,7,7,1,2,-52,3,1064,8965,41,100,1,0,0
1184,1,0,256,0,22,0,0,4,0,0,0,10,1550,18338,943,100,1,0,0
1184,12,7,1024,10,208,16,12,7,1,7,-70,2,851,8074,71,100,2,0,0
1181,20,17,1536,0,200,11,6,7,1,3,-70,0,863,11816,55,100,2,0,0
1185,7,3,768,0,231,11,7,7,1,4,-52,6,975,11583,71,100,1,0,0
1182,17,13,1280,0,93,9,2,7,1,3,-52,2,2353,19359,44,100,3,0,0
1184,11,8,1024,0,189,10,15,7,1,3,-70,4,1362,14519,61,100,3,0,0
1184,10,6,1024,10,232,16,5,7,1,7,-52,3,1375,13753,72,100,3,0,0
1183,21,17,1536,0,177,9,9,5,1,3,-52,0,630,7613,44,100,1,0,0
1184,18,14,1803,10,181,8,6,5,1,3,-52,0,1254,14637,57,100,3,0,0
1186,14,10,1280,0,211,10,3,7,1,4,-52,2,1592,20684,67,100,4,0,0
1187,6,3,768,0,220,12,2,7,2,5,-70,5,2131,15306,73,100,2,0,0
1187,4,1,512,0,193,8,10,7,2,1,-66,9,6506,41905,79,100,3,0,0
1188,1,0,256,0,22,0,0,4,0,0,0,10,1372,11932,953,100,1,0,0
1188,3,1,512,10,201,8,2,7,2,1,-64,8,2469,17740,79,100,1,0,0
1186,13,9,1024,10,57,6,8,7,1,2,-52,3,1429,8091,41,100,3,0,0
1187,2,3,768,20,215,8,1,6,1,3,-52,5,1089,12124,77,100,2,0,0
1189,16,12,1280,0,186,10,16,7,1,5,-52,1,1103,13453,55,100,3,0,0
1187,15,11,1280,0,213,11,21,7,1,4,-52,0,1235,16857,62,100,3,0,0
1189,8,4,768,10,236,6,15,7,1,2,-52,3,1929,17279,74,100,3,0,0
1186,20,17,1536,0,206,11,6,7,1,3,-70,0,1246,10297,56,100,2,0,0
1189,5,4,768,0,215,6,1,6,1,1,-52,2,1041,10401,78,100,3,0,0
1188,21,17,1536,0,180,9,9,5,1,3,-52,0,1038,7633,45,100,2,0,0
1191,12,7,1024,0,209,16,12,7,1,7,-70,2,1216,12209,71,100,1,0,0
1190,9,4,768,0,220,6,3,7,1,2,-70,5,3368,19917,74,100,4,0,0
1189,18,14,1803,0,183,8,6,5,1,3,-52,0,709,7200,57,100,2,0,0
1190,13,9,1024,0,58,6,8,7,1,2,-52,4,1071,7297,41,100,1,0,0
1192,4,1,512,10,196,8,10,7,2,1,-66,10,2938,17370,79,100,1,0,0
1193,1,0,256,0,22,0,0,4,0,0,0,10,1068,11602,957,100,1,0,0
1193,2,3,768,0,218,8,1,6,1,3,-52,5,960,6998,77,100,1,0,0
1193,7,3,768,30,233,11,7,7,1,4,-52,6,1161,17307,72,100,3,0,0
1193,10,6,1024,0,234,16,5,7,1,7,-52,3,1674,14843,73,100,2,0,0
1191,11,8,1024,10,191,10,16,7,1,3,-70,4,1093,14602,61,100,1,0,0
1191,20,17,1536,0,206,11,6,7,1,3,-70,1,428,6246,56,100,1,0,0
1195,16,12,1280,0,188,10,16,7,1,5,-52,1,815,8414,56,100,2,0,0
1195,14,10,1280,0,214,10,3,7,1,4,-52,2,1232,19745,67,100,3,0,0
1195,9,4,768,20,221,6,3,7,1,2,-70,5,856,7604,75,100,1,0,0
1196,12,7,1024,0,211,16,12,7,1,7,-70,2,1013,9109,72,100,2,0,0
1192,17,13,1280,0,100,9,2,7,1,3,-52,3,2872,21192,45,100,4,0,0
1196,6,3,768,0,225,12,2,7,2,5,-70,5,2221,16601,73,100,3,0,0
1196,21,17,1536,0,182,9,9,5,1,3,-52,0,798,8049,45,100,3,0,0
1198,7,3,768,0,236,11,7,7,1,4,-52,6,1220,10975,72,100,2,0,0
1199,3,1,512,20,205,8,2,7,2,1,-64,8,5484,33291,79,100,3,0,0
1197,8,4,768,0,241,6,15,7,1,2,-52,3,1393,15064,74,100,3,0,0
1195,18,14,1803,0,184,8,6,5,1,3,-52,0,564,7855,58,100,1,0,0
1198,15,11,1280,0,215,11,21,7,1,4,-52,0,975,17507,62,100,3,0,0
1201,16,12,1280,0,191,10,16,7,1,5,-52,1,602,7441,56,100,2,0,0
1201,2,3,768,0,220,8,1,6,1,3,-52,5,786,7835,78,100,2,0,0
1200,5,4,768,10,217,6,1,6,1,1,-52,2,793,13959,79,100,3,0,0
1201,10,6,1024,0,237,16,5,7,1,7,-52,3,1496,13425,73,100,3,0,0
1201,4,1,512,10,197,8,10,7,2,1,-66,10,3948,30829,80,100,1,0,0
1201,9,4,768,10,223,6,3,7,1,2,-70,5,1342,9135,75,100,2,0,0
1201,18,14,1536,0,185,8,6,5,1,3,-52,0,392,6657,58,100,1,0,0
1201,11,8,1024,0,197,10,16,7,1,3,-70,4,1834,24134,62,100,3,0,0
1203,3,1,512,0,206,8,2,7,2,1,-64,8,2555,14754,80,100,2,0,0
1200,13,9,1024,0,61,6,8,7,1,2,-52,4,2206,15173,42,100,3,0,0
1204,1,0,256,0,22,0,0,4,0,0,0,10,2975,28193,972,100,2,0,0
1175,19,20,1920,40,205,12,6,7,0,5,-52,0,1300,12874,55,100,2,0,0
1204,2,3,768,0,223,8,1,6,1,3,-52,5,482,4519,78,100,0,0,0
1203,8,4,768,0,243,6,15,7,1,2,-52,3,1589,12219,75,100,2,0,0
1206,16,12,1280,0,193,10,16,7,1,5,-52,1,501,6837,56,100,1,0,0
1205,14,10,1280,0,219,10,3,7,1,4,-52,2,1617,22782,68,100,2,0,0
1206,4,1,512,10,199,8,10,7,2,1,-66,10,2385,15657,80,100,1,0,0
1207,6,3,768,0,229,12,2,7,2,5,-70,5,2882,19970,74,100,3,0,0
1200,20,17,1536,30,209,11,6,7,1,3,-70,1,1689,13863,57,100,3,0,0
1205,11,8,1024,0,199,10,16,7,1,3,-70,4,788,8802,62,100,2,0,0
1206,7,3,768,10,242,11,7,7,1,4,-52,6,1901,21430,73,100,2,0,0
1208,12,7,1024,0,218,16,12,7,1,7,-70,2,1803,18587,72,100,3,0,0
1205,13,9,1024,60,65,6,8,7,1,2,-52,4,1595,9539,42,100,2,0,0
1187,19,20,1920,60,208,13,6,7,0,5,-52,0,858,12948,56,100,6,0,0
1203,17,13,1280,50,105,9,2,7,1,3,-52,3,2514,20268,46,100,3,0,0
1208,10,6,1024,10,239,16,5,7,1,7,-52,3,1086,11468,74,100,2,0,0
1209,5,4,768,0,221,6,1,6,1,1,-52,2,838,10970,80,100,2,0,0
1210,3,1,512,10,210,8,2,7,2,1,-64,8,2911,21216,80,100,1,0,0
1211,1,0,256,0,22,0,0,4,0,0,0,10,1293,15714,980,100,1,0,0
1202,21,17,1536,0,183,9,9,5,1,3,-52,0,686,6985,46,100,1,0,0
1209,15,11,1280,10,219,11,21,7,1,4,-52,0,1286,17559,63,100,3,0,0
1210,18,14,1536,0,189,8,6,5,1,3,-52,0,852,11140,58,100,3,0,0
1195,19,20,1920,60,211,13,6,7,0,5,-52,0,969,9785,56,100,2,0,0
1211,4,1,512,0,200,8,10,7,2,1,-66,10,2629,17902,80,100,1,0,0
1212,6,3,768,0,232,12,2,7,2,5,-70,5,1475,10124,74,100,1,0,0
1212,7,3,768,0,244,11,7,7,1,4,-52,6,1108,11942,73,100,1,0,0
1211,9,4,768,20,226,6,3,7,1,2,-70,5,3357,17613,76,100,3,0,0
1214,14,10,1280,10,222,10,3,7,1,4,-52,2,1336,18397,69,100,2,0,0
1214,3,1,512,10,210,8,2,7,2,1,-64,8,1594,12517,80,100,1,0,0
1212,11,8,1034,20,201,10,16,7,1,3,-70,3,913,15627,63,100,1,0,0
1215,10,6,1024,0,240,16,5,7,1,7,-52,3,1331,12118,74,100,2,0,0
1215,8,4,768,10,249,6,16,7,1,2,-52,3,2327,20687,75,100,4,0,0
1217,4,1,512,20,202,8,10,7,2,1,-66,10,2329,16221,81,100,1,0,0
1214,18,14,1536,0,189,8,6,5,1,3,-52,0,245,5523,59,100,0,0,0
1216,2,3,768,0,225,8,1,6,1,3,-52,5,794,10538,79,100,3,0,0
1206,20,17,1536,0,210,11,6,7,1,3,-70,1,1593,11320,57,100,1,0,0
1216,16,12,1280,0,194,10,16,7,1,5,-52,1,589,12449,57,100,3,0,0
1216,9,4,768,60,227,6,3,7,1,2,-70,5,1352,7532,76,100,1,0,0
1214,5,4,768,0,225,6,1,6,1,1,-52,2,776,6635,80,100,1,0,0
1210,19,20,1792,0,217,13,6,7,1,5,-52,0,1497,13742,57,100,4,0,0
1218,1,0,256,0,22,0,0,4,0,0,0,10,2002,19408,991,100,1,0,0
1215,15,11,1280,10,222,11,21,7,1,4,-52,0,1186,11714,64,100,3,0,0
1218,12,7,1024,0,224,16,12,7,1,7,-70,2,1889,18393,73,100,3,0,0
1210,17,13,1280,10,109,9,2,7,1,3,-52,3,1799,11387,46,100,2,0,0
1210,21,17,1536,0,185,9,9,5,1,3,-52,0,493,6857,46,100,2,0,0
1220,18,14,1536,0,189,8,6,5,1,3,-52,0,285,5515,59,100,1,0,0
1219,7,3,768,10,246,11,7,7,1,4,-52,6,1301,15901,74,100,3,0,0
1216,13,9,1024,10,67,6,8,7,1,2,-52,4,3398,19191,43,100,1,0,0
1221,5,4,768,0,227,6,1,6,1,1,-52,2,1036,8564,80,100,2,0,0
1219,11,8,1034,0,202,10,16,7,1,3,-70,3,1889,14525,63,100,2,0,0
1223,4,1,512,20,202,8,10,7,2,1,-66,10,3792,22570,81,100,1,0,0
1223,16,12,1280,0,197,10,16,7,1,5,-52,1,728,7772,57,100,1,0,0
1222,12,7,1024,0,226,16,12,7,1,7,-70,2,740,7339,73,100,2,0,0
1215,21,17,1536,0,187,9,9,5,1,3,-52,0,555,5325,47,100,1,0,0
1222,14,10,1280,10,225,10,3,7,1,4,-52,2,1452,17745,69,100,3,0,0
1224,1,0,256,0,22,0,0,4,0,0,0,10,1263,13317,996,100,1,0,0
1222,8,4,768,10,250,6,16,7,1,2,-52,3,1355,10495,76,100,1,0,0
1215,20,17,1536,0,214,11,6,7,1,3,-70,1,1296,14562,58,100,3,0,0
1224,6,3,768,0,234,12,2,7,2,5,-70,5,2525,20726,75,100,4,0,0
1225,2,3,768,0,227,8,1,6,1,3,-52,5,611,9145,79,100,2,0,0
1226,8,4,768,0,251,6,16,7,1,2,-52,3,584,6835,76,100,1,0,0
1227,3,1,512,10,213,8,2,7,2,1,-64,8,5069,34219,81,100,2,0,0
1225,10,6,1024,0,243,16,5,7,1,7,-52,3,1658,17429,75,100,2,0,0
1219,19,20,1792,10,219,13,6,7,1,5,-52,0,579,10814,58,100,1,0,0
1227,5,4,768,0,230,6,1,6,1,1,-52,2,706,6872,81,100,2,0,0
1223,15,11,1290,20,223,11,21,7,1,4,-52,0,529,12430,64,100,1,0,0
1227,7,3,768,0,249,11,7,7,1,4,-52,6,1565,18752,74,100,2,0,0
1228,9,4,768,40,229,6,3,7,1,2,-70,5,3076,19707,77,100,3,0,0
1228,11,8,1034,0,205,10,16,7,1,3,-70,3,1363,16411,63,100,3,0,0
1228,6,3,768,0,235,12,2,7,2,5,-70,5,1120,8224,75,100,1,0,0
1222,17,13,1280,0,112,9,2,7,1,3,-52,3,2474,20255,47,100,2,0,0
1228,16,12,1280,10,200,10,16,7,1,5,-52,1,720,7118,58,100,1,0,0
1229,4,1,512,20,203,8,10,7,2,1,-66,10,3677,22576,82,100,1,0,0
1223,21,17,1536,0,189,9,9,5,1,3,-52,0,727,7989,47,100,2,0,0
1229,2,3,768,0,228,8,1,6,1,3,-52,5,528,4663,80,100,1,0,0
1227,13,9,1024,30,69,6,8,7,1,2,-52,4,2314,15377,44,100,2,0,0
1223,20,17,1536,0,217,11,6,7,1,3,-70,1,1484,13570,58,100,1,0,0
1226,19,20,1792,0,224,13,6,7,1,5,-52,0,978,9579,58,100,1,0,0
1231,1,0,256,0,22,0,0,4,0,0,0,10,1763,17459,1006,100,1,0,0
1232,9,4,768,40,229,6,3,7,1,2,-70,5,1340,8435,77,100,1,0,0
1230,10,6,1024,10,243,16,5,7,1,7,-52,3,675,8106,75,100,1,0,0
1231,7,3,768,0,250,11,7,7,1,4,-52,6,674,9180,74,100,1,0,0
1232,17,13,1280,0,116,9,2,7,1,3,-52,3,1995,15545,47,100,2,0,0
1232,12,7,1024,0,229,16,12,7,1,7,-70,2,1678,18434,74,100,2,0,0
1230,15,11,1290,0,223,11,21,7,1,4,-52,0,761,10396,65,100,2,0,0
1233,6,3,768,40,239,12,2,7,1,5,-70,4,1453,9638,76,100,2,0,0
1232,13,9,1024,0,70,6,8,7,1,2,-52,4,1319,8370,44,100,1,0,0
1233,20,17,1536,0,219,11,6,7,1,3,-70,1,1456,14287,59,100,2,0,0
1231,18,14,1536,0,190,8,6,5,1,3,-52,0,617,13316,60,100,2,0,0
1234,11,8,1034,0,206,10,16,7,1,3,-70,3,1274,15262,64,100,1,0,0
1234,14,10,1280,0,227,10,3,7,1,4,-52,1,1262,23249,70,100,1,0,0
1236,8,4,768,0,252,6,16,7,1,2,-52,3,1965,16912,77,100,2,0,0
1234,21,17,1536,0,189,9,9,5,1,3,-52,0,469,8846,48,100,1,0,0
1237,5,4,768,0,232,6,1,6,1,1,-52,2,635,11833,81,100,3,0,0
1238,3,1,512,0,216,8,2,7,2,1,-64,7,4658,32085,82,100,2,0,0
1234,19,20,1792,0,226,13,6,7,1,5,-52,0,695,9808,59,100,3,0,0
1239,4,1,512,0,206,8,10,7,2,1,-66,10,5586,34467,82,100,2,0,0
1236,18,14,1536,0,193,8,6,5,1,3,-52,0,577,5633,60,100,2,0,0
1240,8,4,768,0,254,6,16,7,1,2,-52,3,756,7907,77,100,0,0,0
1237,7,3,768,10,251,11,7,7,1,4,-52,6,969,14002,75,100,2,0,0
1241,1,0,256,0,22,0,0,4,0,0,0,10,2146,23484,1019,100,2,0,0
1238,15,11,1290,10,226,11,21,7,1,4,-52,0,661,11319,65,100,1,0,0
1242,5,4,768,0,232,6,1,6,1,1,-52,2,343,6217,82,100,1,0,0
1239,2,3,768,20,231,8,1,6,1,3,-52,5,962,10172,80,100,2,0,0
1239,16,12,1280,0,204,10,16,7,1,5,-52,1,1099,14938,58,100,2,0,0
1238,10,6,1024,0,244,16,5,7,1,7,-52,2,1666,14575,76,100,2,0,0
1239,14,10,1280,0,228,10,3,7,1,4,-52,1,938,12151,70,100,2,0,0
1243,3,1,512,30,219,8,2,7,2,1,-64,7,2929,15732,82,100,1,0,0
1240,17,13,1280,0,119,9,2,7,1,3,-52,3,1573,15010,48,100,1,0,0
1244,9,4,768,30,233,6,3,7,1,2,-70,5,2518,21249,78,100,3,0,0
1243,11,8,1034,10,209,10,16,7,1,3,-70,3,1258,18462,64,100,2,0,0
1242,13,9,1024,10,72,6,8,7,1,2,-52,4,1951,14850,45,100,2,0,0
1245,6,3,768,20,245,12,2,7,1,5,-70,4,3384,20121,76,100,3,0,0
1241,20,17,1536,10,222,11,6,7,1,3,-70,1,1183,12207,59,100,1,0,0
1244,21,17,1536,0,192,9,9,5,1,3,-52,0,745,8784,48,100,3,0,0
1243,12,7,1024,0,232,16,12,7,1,7,-70,2,1647,18337,75,100,3,0,0
1242,18,14,1536,10,195,8,6,5,1,3,-52,0,528,8426,61,100,1,0,0
1246,2,3,768,0,233,8,1,6,1,3,-52,5,792,6704,81,100,1,0,0
1247,1,0,256,0,22,0,0,4,0,0,0,10,1586,15450,1028,100,1,0,0
1245,17,13,1280,0,120,9,2,7,1,3,-52,3,1077,7668,48,100,1,0,0
1247,16,12,1280,10,207,10,16,7,1,5,-52,1,684,9937,59,100,2,0,0
1248,4,1,512,10,207,8,10,7,2,1,-66,10,4823,32126,83,100,2,0,0
1248,9,4,768,20,235,6,3,7,1,2,-70,5,1582,9401,78,100,2,0,0
1246,19,20,1792,0,231,13,6,7,1,5,-52,0,1171,14797,60,100,3,0,0
1250,5,4,768,0,234,6,1,6,1,1,-52,2,638,10405,82,100,1,0,0
1250,14,10,1280,0,232,10,3,7,1,4,-52,1,1509,21512,71,100,1,0,0
1251,10,6,1024,0,246,16,5,7,1,7,-52,2,1719,18494,77,100,2,0,0
1251,3,1,512,20,220,8,2,7,2,1,-64,7,3998,24834,83,100,1,0,0
1252,6,3,768,0,246,12,2,7,1,5,-70,4,1805,12975,77,100,1,0,0
1249,7,3,768,0,254,11,7,7,1,4,-52,6,2142,26375,76,100,2,0,0
1250,12,7,1024,0,233,16,12,7,1,7,-70,2,869,10586,75,100,1,0,0
1252,2,3,768,0,234,8,1,6,1,3,-52,5,496,5877,81,100,1,0,0
1249,20,17,1536,0,223,11,6,7,1,3,-70,1,1095,13300,60,100,2,0,0
1250,17,13,1280,0,122,9,2,7,1,3,-52,3,1330,10667,49,100,1,0,0
1253,16,12,1280,0,208,10,16,7,1,5,-52,1,419,7080,59,100,1,0,0
1253,4,1,512,0,207,8,10,7,2,1,-66,10,1854,15748,83,100,1,0,0
1254,1,0,256,0,22,0,0,4,0,0,0,10,1613,17299,1037,100,2,0,0
1254,18,14,1536,0,197,8,6,5,1,3,-52,0,1082,13997,61,100,2,0,0
1250,19,20,1792,0,233,13,6,7,1,5,-52,0,478,5993,60,100,1,0,0
1255,3,1,512,20,220,8,3,7,2,1,-64,7,1874,11786,83,100,2,0,0
1253,13,9,1024,0,75,6,8,7,1,2,-52,4,2802,17822,45,100,2,0,0
1254,12,7,1024,0,236,16,12,7,1,7,-70,2,1025,8113,76,100,1,0,0
1257,10,6,1024,10,248,16,5,7,1,7,-52,2,1103,11391,77,100,1,0,0
1258,9,4,768,10,237,6,3,7,1,2,-70,5,2658,18436,79,100,2,0,0
1257,7,3,768,0,256,11,7,7,1,4,-52,6,1619,17800,76,100,3,0,0
1254,21,17,1536,0,197,9,9,5,1,3,-52,0,1152,10547,49,100,2,0,0
1257,20,17,1536,0,227,11,6,7,1,3,-70,1,1399,13424,60,100,1,0,0
1257,14,10,1280,0,232,10,3,7,1,4,-52,1,994,14862,72,100,2,0,0
1260,3,1,512,0,220,8,3,7,2,1,-64,9,1974,13853,83,100,1,0,0
1260,18,14,1536,0,200,8,6,5,1,3,-52,0,1007,8012,62,100,1,0,0
1258,13,9,1024,0,76,6,8,7,1,2,-52,4,1104,7610,46,100,1,0,0
1261,2,3,768,0,236,8,1,6,1,3,-52,5,570,8353,82,100,2,0,0
1261,5,4,768,0,239,6,1,6,1,1,-52,2,1240,14555,83,100,5,0,0
1259,16,12,1280,0,210,10,16,7,1,5,-52,1,855,10315,60,100,2,0,0
1262,1,0,256,0,23,0,0,4,0,0,0,10,1559,18090,1045,100,2,0,0
1262,6,3,768,10,253,12,2,7,1,5,-70,5,2890,18886,77,100,5,0,0
1259,17,13,1280,0,127,9,2,7,1,3,-52,3,2254,17771,49,100,2,0,0
1263,4,1,512,0,210,8,10,7,2,1,-66,10,3825,32088,84,100,3,0,0
1263,7,3,768,0,257,11,7,7,1,4,-52,6,858,13199,77,100,1,0,0
1267,2,3,768,0,241,8,1,6,1,3,-52,5,932,6400,82,100,3,0,0
1266,10,6,1024,0,250,16,5,7,1,7,-52,2,1325,14343,78,100,1,0,0
1265,12,7,1024,0,239,16,12,7,1,7,-70,2,1585,17764,76,100,3,0,0
1262,19,20,1792,0,235,13,6,7,1,5,-52,0,773,14276,61,100,2,0,0
1266,18,14,1536,0,201,8,6,5,1,3,-52,0,393,7062,62,100,1,0,0
1267,1,0,256,0,24,0,0,4,0,0,0,10,1335,13616,1053,100,2,0,0
1252,8,3,896,60,259,7,16,7,0,3,-70,3,2407,21699,77,100,4,0,0
1263,21,17,1536,0,199,9,9,5,1,3,-52,0,833,9557,50,100,2,0,0
1262,8,3,896,40,263,8,16,7,0,3,-70,3,1074,14649,77,100,3,0,0
1268,9,4,768,40,238,6,3,7,1,2,-70,5,2746,20563,80,100,1,0,0
1267,14,10,1280,0,237,10,3,7,1,4,-52,1,1591,19990,72,100,1,0,0
1267,5,4,768,20,242,6,1,6,1,1,-52,2,605,8548,84,100,1,0,0
1263,20,17,1536,10,229,11,6,7,1,3,-70,1,1555,11570,61,100,1,0,0
1267,16,12,1280,0,212,10,16,7,1,5,-52,1,740,10102,60,100,1,0,0
1267,13,9,1024,10,77,6,8,7,1,2,-52,4,1936,14007,46,100,1,0,0
1266,17,13,1280,0,127,9,2,7,1,3,-52,3,1412,10656,50,100,1,0,0
1270,3,1,512,10,221,9,3,7,2,1,-64,9,5120,31714,84,100,2,0,0
1272,6,3,768,10,255,12,2,7,1,5,-70,5,2315,18702,78,100,2,0,0
1269,20,17,1536,0,232,11,6,7,1,3,-70,1,1040,10194,61,100,1,0,0
1273,2,3,768,0,242,8,1,6,1,3,-52,5,496,6098,82,100,1,0,0
1269,19,20,1792,10,236,13,6,7,1,5,-52,0,418,7846,61,100,1,0,0
1273,4,1,512,10,212,9,10,7,2,1,-66,10,3697,30788,84,100,2,0,0
1274,8,3,768,0,268,8,16,7,1,3,-70,3,1867,19118,78,100,3,0,0
1272,14,10,1280,0,240,10,3,7,1,4,-52,1,1003,10791,73,100,1,0,0
1273,10,6,1024,10,251,16,5,7,1,7,-52,2,1403,12618,78,100,2,0,0
1274,1,0,256,0,24,0,0,4,0,0,0,10,1747,17609,1059,100,1,0,0
1274,13,9,1024,0,80,6,8,7,1,2,-52,4,1498,10393,47,100,2,0,0
1275,7,3,768,0,261,11,7,7,1,4,-52,6,1861,25022,77,100,3,0,0
1275,12,7,1024,0,240,16,12,7,1,7,-70,2,1149,15516,77,100,2,0,0
1273,21,17,1536,0,202,9,9,5,1,3,-52,0,877,10043,50,100,1,0,0
1276,3,1,512,0,222,9,3,7,2,1,-64,9,2990,19307,84,100,1,0,0
1275,9,4,768,20,238,6,3,7,1,2,-70,5,1977,13086,80,100,2,0,0
1273,18,14,1536,0,203,8,6,5,1,3,-52,0,824,9057,63,100,2,0,0
1277,2,3,768,0,242,8,1,6,1,3,-52,5,338,4587,83,100,1,0,0
1277,10,6,1024,20,254,16,5,7,1,7,-52,2,835,7338,79,100,0,0,0
1277,14,10,1280,10,241,10,3,7,1,4,-52,1,809,12225,73,100,1,0,0
1279,8,3,768,0,269,8,16,7,1,3,-70,3,482,8445,78,100,2,0,0
1280,1,0,256,0,25,0,0,4,0,0,0,10,1532,13570,1069,100,2,0,0
1279,18,14,1536,0,204,8,6,5,1,3,-52,0,416,6949,63,100,1,0,0
1280,4,1,512,30,214,10,10,7,2,1,-66,10,2512,22280,85,100,2,0,0
1279,5,4,768,0,242,7,1,6,1,1,-52,2,716,14675,84,100,2,0,0
1277,17,13,1280,20,129,9,2,7,1,3,-52,3,2386,19021,51,100,2,0,0
1254,11,6,1152,40,211,12,16,7,0,4,-70,3,2073,24405,65,100,3,0,0
1282,6,3,768,0,259,12,2,7,1,5,-70,5,3267,22309,79,100,3,0,0
1281,9,4,768,40,241,7,3,7,1,2,-70,5,1772,11262,80,100,1,0,0
1274,20,17,1536,20,234,11,6,7,1,3,-70,1,909,7995,62,100,1,0,0
1278,16,12,1280,0,216,10,16,7,1,5,-52,1,989,14929,61,100,2,0,0
1278,21,17,1536,0,203,9,9,5,1,3,-52,0,556,4789,51,100,1,0,0
1260,11,6,1152,80,214,12,16,7,0,4,-70,3,936,12799,66,100,2,0,0
1281,13,9,1024,0,80,6,8,7,1,2,-52,4,1463,10209,47,100,1,0,0
1267,11,6,1152,70,216,12,16,7,0,4,-70,3,537,14304,66,100,2,0,0
1283,3,1,512,10,222,10,3,7,2,1,-64,9,4132,22696,85,100,1,0,0
1283,2,3,768,0,244,8,1,6,1,3,-52,5,369,5216,83,100,1,0,0
1278,11,6,1152,100,219,12,16,7,1,4,-70,3,1017,22228,67,100,2,0,0
1284,8,3,768,20,270,8,16,7,1,3,-70,3,1865,11340,79,100,1,0,0
1280,15,11,1290,20,239,11,21,7,1,4,-52,0,717,8343,68,100,1,0,0
1284,4,1,512,0,214,10,10,7,2,1,-66,10,1923,14967,85,100,1,0,0
1278,19,20,1792,10,237,13,6,7,1,5,-52,0,656,12696,62,100,2,0,0
1285,15,11,1280,0,241,11,21,7,1,4,-52,0,633,7976,68,100,1,0,0
1284,18,14,1536,0,206,8,6,5,1,3,-52,0,493,6555,63,100,2,0,0
1287,7,3,768,0,264,11,7,7,1,4,-52,6,1922,24660,78,100,3,0,0
1286,12,7,1024,10,241,16,12,7,1,7,-70,2,1632,18035,78,100,2,0,0
1286,16,12,1280,0,217,10,16,7,1,5,-52,1,655,8335,62,100,2,0,0
1288,3,1,512,10,223,10,3,7,2,1,-64,10,3228,17746,85,100,1,0,0
1286,10,6,1024,0,255,16,5,7,1,7,-52,2,1566,15591,79,100,2,0,0
1287,14,10,1280,10,244,10,3,7,1,4,-52,1,1365,20507,74,100,2,0,0
1289,9,4,768,60,244,7,3,7,1,2,-70,5,2087,16308,81,100,1,0,0
1288,11,8,1024,0,225,14,16,7,2,5,-70,3,3917,25295,67,100,3,0,0
1290,5,4,768,0,245,7,1,6,1,1,-52,2,1101,13814,85,100,3,0,0
1285,21,17,1536,0,205,9,9,5,1,3,-52,0,596,6624,51,100,2,0,0
1291,8,3,768,0,272,8,16,7,1,3,-70,3,1824,15764,79,100,2,0,0
1286,20,17,1536,0,236,11,6,7,1,3,-70,1,1785,18729,62,100,3,0,0
1292,1,0,256,0,25,0,0,4,0,0,0,10,3406,31311,1085,100,3,0,0
1289,17,13,1280,0,132,9,2,7,1,3,-52,3,2647,20704,51,100,2,0,0
1292,4,1,512,0,215,10,10,7,2,1,-66,10,2738,24480,86,100,2,0,0
1294,2,3,768,0,248,8,1,6,1,3,-52,5,983,11140,84,100,2,0,0
1292,13,9,1024,10,82,6,8,7,1,2,-52,4,2244,17118,48,100,2,0,0
1293,6,3,768,30,263,12,2,7,1,5,-70,6,2850,22536,80,100,2,0,0
1294,3,1,512,20,225,10,3,7,2,1,-64,10,4411,23247,86,100,1,0,0
1292,21,17,1536,10,208,9,9,5,1,3,-52,0,769,6951,52,100,1,0,0
1290,19,14,1537,0,241,15,6,7,1,6,-70,0,1444,15595,62,100,4,0,0
1293,14,10,1280,0,244,10,3,7,1,4,-52,2,875,11460,74,100,1,0,0
1295,8,3,768,0,273,8,16,7,1,3,-70,3,807,8966,80,100,1,0,0
1294,20,17,1536,0,236,11,6,7,1,3,-70,1,612,10776,63,100,1,0,0
1294,18,14,1536,0,209,8,6,5,1,3,-52,0,807,12447,64,100,2,0,0
1296,12,7,1024,0,243,16,12,7,1,7,-70,2,1065,13630,78,100,1,0,0
1297,10,6,1024,0,260,16,5,7,1,7,-52,3,2363,19252,80,100,2,0,0
1298,7,3,768,10,267,11,7,7,1,4,-52,6,1706,22914,79,100,2,0,0
1298,1,0,256,0,25,0,0,4,0,0,0,10,1479,15349,1092,100,1,0,0
1296,15,11,1280,0,246,12,22,7,1,4,-52,0,1396,18296,69,100,3,0,0
1297,16,12,1280,10,221,10,16,7,1,5,-52,1,777,14047,62,100,2,0,0
1298,17,13,1280,0,136,9,2,7,1,3,-52,3,1730,14911,52,100,1,0,0
1299,9,4,768,20,245,7,3,7,1,2,-70,5,2336,18280,82,100,2,0,0
1301,11,8,1024,0,230,14,16,7,2,5,-70,3,2088,26962,68,100,3,0,0
1301,5,4,768,10,248,7,1,6,1,1,-52,2,890,12858,86,100,2,0,0
1300,21,17,1536,0,210,9,9,5,1,3,-52,0,542,7708,52,100,2,0,0
1302,1,0,256,0,25,0,0,4,0,0,0,10,628,10064,1097,100,0,0,0
1303,8,3,768,0,276,8,16,7,1,3,-70,3,1579,15456,80,100,1,0,0
1303,6,3,768,0,266,12,2,7,1,5,-70,6,2096,16564,80,100,1,0,0
1304,9,4,768,20,245,7,3,7,1,2,-70,5,741,7284,82,100,1,0,0
1303,13,9,1024,0,86,6,8,7,1,2,-52,4,1984,16529,49,100,2,0,0
1305,7,3,768,0,269,11,7,7,1,4,-52,6,1136,14722,79,100,1,0,0
1303,20,17,1536,0,237,11,6,7,1,3,-70,1,490,13511,63,100,1,0,0
1305,2,3,768,0,250,8,1,6,1,3,-52,5,763,10725,84,100,3,0,0
1303,14,10,1280,20,249,10,3,7,1,4,-52,2,2168,22655,75,100,2,0,0
1304,4,1,512,0,217,10,10,7,2,1,-66,10,4343,36791,87,100,2,0,0
1303,12,7,1024,10,246,16,12,7,1,7,-70,2,1467,13210,79,100,2,0,0
1306,3,1,512,0,230,10,3,7,2,1,-64,10,6387,37300,86,100,2,0,0
1302,19,14,1536,10,245,15,6,7,1,6,-70,0,1231,13914,62,100,3,0,0
1305,21,17,1536,0,213,9,9,5,1,3,-52,0,662,5347,53,100,1,0,0
1303,15,11,1280,0,248,12,22,7,1,4,-52,0,709,10687,70,100,1,0,0
1305,18,14,1536,0,212,8,6,5,1,3,-52,0,832,12892,65,100,2,0,0
1307,5,4,768,0,250,7,1,6,1,1,-52,2,661,8736,86,100,1,0,0
1307,17,13,1280,0,139,9,2,7,1,3,-52,3,1974,15579,52,100,2,0,0
1308,9,4,768,10,245,7,3,7,1,2,-70,5,1332,10009,82,100,0,0,0
1308,10,6,1024,0,265,16,6,7,1,7,-52,3,2247,18498,80,100,3,0,0
1308,8,3,768,10,277,8,16,7,1,3,-70,3,1301,13855,81,100,2,0,0
1308,11,8,1024,0,233,14,16,7,2,5,-70,3,1686,19722,69,100,2,0,0
1309,16,12,1280,0,224,10,16,7,1,5,-52,1,1048,13389,63,100,3,0,0
1310,7,3,768,0,272,11,7,7,1,4,-52,6,1295,13878,80,100,1,0,0
1310,6,3,768,0,267,12,2,7,1,5,-70,6,2466,15728,81,100,2,0,0
1311,13,9,1024,20,91,6,8,7,1,2,-52,4,1758,12726,49,100,1,0,0
1312,12,7,1024,10,249,16,12,7,1,7,-70,2,1727,14912,79,100,1,0,0
1311,18,14,1536,10,215,8,6,5,1,3,-52,0,882,8597,65,100,1,0,0
1312,4,1,512,0,220,10,10,7,2,1,-66,9,2390,23213,87,100,1,0,0
1311,14,10,1280,0,253,10,3,7,1,4,-52,2,2286,21498,75,100,2,0,0
1312,5,4,768,0,250,7,1,6,1,1,-52,2,338,6944,87,100,1,0,0
1314,3,1,512,10,233,10,3,7,2,1,-64,10,5005,26734,87,100,2,0,0
1314,1,0,256,0,25,0,0,4,0,0,0,10,3199,29776,1114,100,2,0,0
1314,16,12,1280,0,225,10,16,7,1,5,-52,1,396,6371,63,100,1,0,0
1313,9,4,768,30,247,7,3,7,1,2,-70,5,971,9026,83,100,1,0,0
1313,15,11,1280,0,252,12,22,7,1,4,-52,0,1147,15226,70,100,2,0,0
1314,20,17,1536,20,241,11,6,7,1,3,-70,1,1310,16189,64,100,2,0,0
1314,19,14,1536,0,248,15,6,7,1,6,-70,0,1457,15364,63,100,2,0,0
1315,2,3,768,0,253,8,1,6,1,3,-52,5,847,10734,85,100,3,0,0
1316,21,17,1536,0,216,9,9,5,1,3,-52,0,965,10105,53,100,2,0,0
1317,7,3,768,0,274,11,7,7,1,4,-52,6,1282,15606,80,100,1,0,0
1316,17,13,1280,0,142,9,2,7,1,3,-52,3,1691,16842,53,100,2,0,0
1317,13,9,1024,0,92,6,8,7,1,2,-52,4,1134,8719,50,100,1,0,0
1316,14,10,1280,20,254,10,3,7,1,4,-52,2,921,10391,76,100,1,0,0
1318,12,7,1024,10,251,16,12,7,1,7,-70,2,1023,10319,80,100,1,0,0
1318,10,6,1024,10,268,16,6,7,1,7,-52,3,2384,19523,81,100,2,0,0
1318,4,1,512,10,221,10,10,7,2,1,-66,9,2198,18798,88,100,1,0,0
1318,9,4,768,0,248,7,3,7,1,2,-70,5,1440,9578,83,100,1,0,0
1318,20,17,1536,0,242,11,6,7,1,3,-70,1,658,7465,64,100,1,0,0
1319,8,3,774,10,279,8,16,7,1,3,-70,3,1469,22675,81,100,3,0,0
1321,3,1,512,20,238,10,3,7,2,1,-64,10,4258,23522,87,100,1,0,0
1319,11,8,1024,0,235,14,16,7,2,5,-70,3,1711,24333,69,100,2,0,0
1320,5,4,768,0,252,7,1,6,1,1,-52,2,542,8851,87,100,2,0,0
1319,6,3,768,30,268,12,2,7,1,5,-70,6,2393,17556,81,100,2,0,0
1320,17,13,1280,0,143,9,2,7,1,3,-52,3,903,7580,53,100,0,0,0
1319,18,14,1536,0,216,8,6,5,1,3,-52,0,622,9483,66,100,1,0,0
1320,14,10,1280,0,254,10,3,7,1,4,-52,2,875,10249,76,100,1,0,0
1320,21,17,1536,0,217,9,9,5,1,3,-52,0,449,5594,54,100,1,0,0
1324,1,0,256,0,25,0,0,4,0,0,0,10,2941,26859,1128,100,2,0,0
1325,3,1,512,40,240,10,3,7,2,1,-64,10,3313,17356,88,100,1,0,0
1325,4,1,532,0,223,10,10,7,2,1,-66,9,3145,23247,88,100,1,0,0
1325,2,3,768,0,257,8,1,6,1,3,-52,5,913,9296,86,100,1,0,0
1325,6,3,768,10,268,12,2,7,1,5,-70,6,1331,9907,82,100,0,0,0
1325,8,3,768,0,281,8,16,7,1,3,-70,3,1498,14673,82,100,1,0,0
1326,13,9,1024,10,93,6,8,7,1,2,-52,4,1719,12927,50,100,2,0,0
1323,19,14,1536,0,252,15,6,7,1,6,-70,0,909,10571,64,100,2,0,0
1326,12,7,1024,0,254,16,12,7,1,7,-70,2,1076,12795,80,100,2,0,0
1326,16,12,1280,10,230,10,16,7,1,5,-52,1,988,14872,64,100,2,0,0
1324,15,11,1280,10,255,12,22,7,1,4,-52,0,906,16429,71,100,3,0,0
1327,11,8,1024,0,238,14,16,7,2,5,-70,3,1604,18172,70,100,3,0,0
1329,7,3,768,0,276,11,7,7,1,4,-52,6,1925,25896,81,100,3,0,0
1328,15,11,1280,0,257,12,22,7,1,4,-52,0,848,7734,71,100,1,0,0
1328,14,10,1280,10,254,10,3,7,1,4,-52,2,868,16078,76,100,1,0,0
1329,9,4,768,40,250,7,3,7,1,2,-70,5,2463,19231,84,100,2,0,0
1330,6,3,768,10,269,12,2,7,1,5,-70,6,1133,9197,82,100,2,0,0
1330,10,6,1024,0,270,16,6,7,1,7,-52,3,2142,19933,82,100,2,0,0
1329,18,14,1536,10,219,8,6,5,1,3,-52,0,644,12318,66,100,2,0,0
1332,5,4,768,10,257,7,1,6,1,1,-52,2,1438,15772,88,100,3,0,0
1327,21,17,1536,0,218,9,9,5,1,3,-52,0,416,6537,54,100,1,0,0
1328,20,17,1536,0,246,11,6,7,1,3,-70,1,1104,16770,65,100,2,0,0
1333,2,3,768,0,257,8,1,6,1,3,-52,5,451,8348,86,100,2,0,0
1329,17,13,1280,10,143,9,2,7,1,3,-52,3,1340,14049,54,100,2,0,0
1333,11,8,1024,0,239,14,16,7,2,5,-70,3,690,12422,70,100,1,0,0
1331,19,14,1536,0,254,15,6,7,1,6,-70,0,740,10339,64,100,2,0,0
1333,9,4,768,0,250,7,3,7,1,2,-70,5,1336,8737,84,100,1,0,0
1334,1,0,256,0,25,0,0,4,0,0,0,10,2443,26352,1140,100,2,0,0
1334,7,3,768,0,278,11,7,7,1,4,-52,6,1104,12760,81,100,1,0,0
1332,21,17,1536,0,220,9,9,5,1,3,-52,0,582,4943,54,100,1,0,0
1335,16,12,1280,0,234,10,16,7,1,5,-52,1,1011,11932,65,100,1,0,0
1335,3,1,512,20,244,10,3,7,3,1,-64,10,7016,37189,88,100,3,0,0
1336,4,1,512,0,225,10,10,7,2,1,-66,9,3640,31937,89,100,2,0,0
1335,12,7,1024,0,256,16,12,7,1,7,-70,2,1833,16360,81,100,2,0,0
1336,5,4,768,0,258,7,1,6,1,1,-52,2,319,5558,88,100,0,0,0
1336,13,9,1024,10,95,6,8,7,1,2,-52,4,1935,14473,51,100,2,0,0
1337,8,3,768,0,286,9,16,7,1,3,-70,3,2652,27381,82,100,3,0,0
1335,14,10,1280,10,257,10,3,7,1,4,-52,2,1695,16642,77,100,1,0,0
1337,19,14,1536,0,255,15,6,7,1,6,-70,0,394,6640,64,100,1,0,0
1337,2,3,768,0,259,9,1,6,1,3,-52,5,608,5042,87,100,1,0,0
1337,17,13,1280,0,145,9,2,7,1,3,-52,3,1406,11825,54,100,1,0,0
1337,15,11,1280,0,258,12,22,7,1,4,-52,0,1030,14115,72,100,2,0,0
1338,6,3,768,50,271,13,2,7,1,5,-70,6,2469,17130,83,100,1,0,0
1338,9,4,768,30,252,7,3,7,1,2,-70,5,1813,10273,84,100,1,0,0
1337,20,17,1536,0,248,11,6,7,1,3,-70,1,855,13350,66,100,2,0,0
1337,18,14,1536,0,220,8,6,5,1,3,-52,0,678,9917,67,100,2,0,0
1340,13,9,1024,0,96,6,8,7,1,2,-52,4,868,6957,51,100,0,0,0
1339,11,8,1024,0,242,14,16,7,2,5,-70,3,1472,13700,71,100,1,0,0
1338,10,6,1024,10,271,16,6,7,1,7,-52,3,2158,16684,83,100,2,0,0
1340,3,1,512,0,246,10,3,7,3,1,-64,10,4515,21305,89,100,2,0,0
1341,12,7,1024,0,256,16,12,7,1,7,-70,2,480,9022,81,100,1,0,0
1342,1,0,256,0,25,0,0,4,0,0,0,10,2320,22882,1154,100,2,0,0
1342,8,3,768,0,287,9,16,7,1,3,-70,3,1014,12500,83,100,1,0,0
1341,18,14,1536,0,222,8,6,5,1,3,-52,0,499,5928,67,100,1,0,0
1341,21,17,1536,0,221,9,9,5,1,3,-52,0,620,6719,55,100,1,0,0
1342,14,10,1280,10,259,10,3,7,1,4,-52,2,1517,14571,77,100,2,0,0
1344,5,4,768,10,262,7,1,6,1,1,-52,2,1111,10086,89,100,2,0,0
1344,11,8,1024,0,245,14,16,7,2,5,-70,3,697,10565,71,100,1,0,0
1345,10,6,1024,10,274,16,6,7,1,7,-52,3,1055,9571,83,100,1,0,0
1345,15,11,1280,0,259,12,22,7,1,4,-52,0,468,10941,72,100,1,0,0
1345,7,3,768,20,283,12,7,7,1,4,-52,6,1881,24227,82,100,2,0,0
1343,20,17,1536,0,249,11,6,7,1,3,-70,1,442,8490,66,100,1,0,0
1345,12,7,1024,0,256,16,12,7,1,7,-70,2,430,6628,82,100,1,0,0
1345,16,12,1280,0,236,10,16,7,1,5,-52,1,901,14019,65,100,2,0,0
1347,4,1,512,0,228,10,10,7,2,1,-66,9,4360,35666,89,100,2,0,0
1345,19,14,1536,0,259,15,6,7,1,6,-70,0,975,12188,65,100,2,0,0
1347,9,4,768,30,254,7,3,7,1,2,-70,5,2278,16723,85,100,1,0,0
1346,18,14,1536,0,223,8,6,5,1,3,-52,0,327,5839,68,100,0,0,0
1349,1,0,256,0,25,0,0,4,0,0,0,10,1167,16246,1160,100,1,0,0
1346,13,9,1024,20,97,6,8,7,1,2,-52,4,977,7738,52,100,1,0,0
1349,6,3,768,10,273,13,2,7,1,5,-70,6,2865,20076,83,100,2,0,0
1345,17,13,1280,0,148,9,2,7,1,3,-52,3,1950,15550,55,100,2,0,0
1349,2,3,768,10,262,9,1,6,1,3,-52,5,772,11297,87,100,2,0,0
1349,14,10,1280,0,260,10,3,7,1,4,-52,2,1483,13656,78,100,1,0,0
1350,16,12,1280,0,239,10,16,7,1,5,-52,1,748,6309,66,100,1,0,0
1350,10,6,1024,0,274,16,6,7,1,7,-52,3,1253,11180,83,100,1,0,0
1351,3,1,512,0,248,10,3,7,3,1,-64,10,5648,33109,89,100,2,0,0
1351,8,3,768,0,287,9,16,7,1,3,-70,3,1499,19423,83,100,2,0,0
1351,12,7,1024,10,259,16,12,7,1,7,-70,2,1356,10700,82,100,1,0,0
1351,9,4,768,30,256,7,3,7,1,2,-70,4,1023,7771,85,100,1,0,0
1351,21,17,1536,0,226,9,9,5,1,3,-52,0,1144,10313,55,100,2,0,0
1352,13,9,1024,30,101,6,8,7,1,2,-52,3,1339,8654,52,100,2,0,0
1354,6,3,768,0,274,13,2,7,1,5,-70,6,1143,9215,84,100,1,0,0
1354,5,4,768,10,266,7,1,6,1,1,-52,2,1120,13939,89,100,2,0,0
1356,11,8,1024,0,249,14,16,7,2,5,-70,3,1813,26231,72,100,2,0,0
1356,16,12,1280,0,242,10,16,7,1,5,-52,1,608,7894,66,100,1,0,0
1356,9,4,768,60,257,7,3,7,1,2,-70,4,1367,8576,85,100,1,0,0
1353,17,13,1280,10,149,9,2,7,1,3,-52,2,1562,12849,55,100,1,0,0
1358,4,1,512,10,231,10,10,7,2,1,-66,8,3916,35508,90,100,2,0,0
1359,1,0,256,0,25,0,0,4,0,0,0,10,2378,28350,1171,100,2,0,0
1359,12,7,1024,10,261,16,12,7,1,7,-70,2,974,12940,82,100,1,0,0
1354,20,17,1536,10,252,11,6,7,1,3,-70,0,1267,16495,67,100,2,0,0
1359,2,3,768,0,266,9,1,6,1,3,-52,5,1264,11706,88,100,3,0,0
1359,6,3,768,20,276,13,2,7,1,5,-70,6,1369,10946,84,100,1,0,0
1356,21,17,1536,0,227,9,9,5,1,3,-52,0,506,5017,56,100,1,0,0
1361,3,1,512,0,250,10,3,7,3,1,-64,10,3943,30476,89,60,1,1,1
1358,13,9,1024,0,101,6,8,7,1,2,-52,3,1669,10004,52,100,1,0,0
1363,9,4,768,70,260,7,3,7,1,2,-70,4,2409,14869,86,100,1,0,0
1357,17,13,1280,10,150,9,2,7,1,3,-52,2,1269,9606,56,100,1,0,0
1363,20,17,1536,0,254,11,6,7,1,3,-70,0,682,13412,67,100,1,0,0
1365,5,4,768,0,268,7,1,6,1,1,-52,2,824,14474,90,100,2,0,0
1367,1,0,256,0,25,0,0,4,0,0,0,10,1257,18411,1177,100,1,0,0
1366,3,1,512,0,252,10,3,7,3,1,-64,10,2010,16723,89,29,2,1,1
1364,21,17,1536,0,228,9,9,5,1,3,-52,0,584,8819,56,100,1,0,0
1366,15,11,1280,0,263,12,22,7,1,4,-52,0,702,13702,74,100,2,0,0
1368,7,3,768,0,287,12,8,7,1,4,-52,6,1607,23722,84,100,3,0,0
1368,4,1,512,0,235,10,10,7,2,1,-66,8,3573,30541,91,100,3,0,0
1370,18,14,1536,10,229,8,6,5,1,3,-52,0,752,8948,69,100,2,0,0
1370,8,3,768,10,295,9,16,7,1,3,-70,3,1416,10589,85,100,2,0,0
1371,6,3,768,0,283,13,2,7,1,5,-70,6,3375,21450,85,100,3,0,0
1369,11,8,1024,0,254,14,16,7,2,5,-70,3,1156,19821,73,100,2,0,0
1372,3,1,512,0,253,10,3,7,3,1,-64,10,2475,16639,90,66,1,1,1
1365,17,13,1280,10,154,9,2,7,1,3,-52,2,1574,13406,56,100,2,0,0
1373,1,0,256,0,25,0,0,4,0,0,0,10,1123,15880,1181,100,1,0,0
1371,19,14,1536,0,267,15,6,7,1,6,-70,0,1245,14096,67,100,2,0,0
1373,9,4,768,70,263,8,3,7,1,2,-70,4,3029,19046,87,100,2,0,0
1374,7,3,768,0,288,12,8,7,1,4,-52,6,832,12531,84,100,1,0,0
1376,5,4,768,0,271,8,1,6,1,1,-52,2,977,12691,91,100,3,0,0
1376,2,3,768,10,274,9,1,6,1,3,-52,5,655,7209,89,100,2,0,0
1372,20,17,1536,10,256,11,6,7,1,3,-70,0,1089,12880,68,100,2,0,0
1377,3,1,512,0,253,10,3,7,3,1,-64,10,1636,14144,90,27,1,1,1
1374,17,13,1280,0,155,9,2,7,1,3,-52,2,1431,15247,57,100,1,0,0
1379,7,3,768,0,290,12,8,7,1,4,-52,6,994,10712,84,100,1,0,0
1379,4,1,512,20,242,10,10,7,2,1,-66,9,4503,34827,92,100,3,0,0
1375,21,17,1536,0,230,9,9,5,1,3,-52,0,901,10704,57,100,3,0,0
1379,9,4,768,40,265,8,3,7,2,2,-70,4,2166,12869,87,100,1,0,0
1376,13,9,1024,0,104,6,8,7,1,2,-52,3,1165,10053,54,100,1,0,0
1383,3,1,512,0,255,10,3,7,3,1,-64,10,1417,13651,91,25,1,1,1
1381,6,2,1152,60,288,14,2,7,0,6,-52,6,2943,20539,86,100,3,0,0
1384,4,1,512,0,242,10,10,7,2,1,-66,9,1579,16130,92,100,1,0,0
1383,5,4,768,0,274,8,1,6,1,1,-52,2,842,10268,91,100,1,0,0
1381,14,11,1303,20,265,11,3,7,1,5,-70,2,1266,14596,80,100,1,0,0
1385,1,0,256,0,25,0,0,4,0,0,0,10,2018,29164,1187,100,3,0,0
1383,15,11,1280,0,268,13,22,7,1,4,-52,0,867,12173,75,100,2,0,0
1385,11,8,1024,0,258,15,16,7,2,5,-70,4,2380,23574,74,100,2,0,0
1383,10,6,1280,10,288,17,6,7,1,7,-52,3,2663,19480,86,100,2,0,0
1391,3,1,512,20,259,10,3,7,1,1,-64,10,3716,24983,91,35,4,1,1
1387,16,12,1280,10,247,10,16,7,1,5,-52,1,550,8576,68,100,1,0,0
1390,12,7,1024,0,272,16,13,7,1,7,-70,2,1250,12339,84,100,3,0,0
1386,19,14,1536,10,271,15,6,7,1,6,-70,0,568,6268,68,100,1,0,0
1393,4,1,512,0,248,10,10,7,2,1,-66,9,1888,27720,93,100,4,0,0
1393,6,2,1024,30,292,15,2,7,1,6,-52,6,3184,23307,86,100,4,0,0
1393,2,3,768,0,278,9,1,6,1,3,-52,5,1197,8339,90,100,2,0,0
1395,1,0,256,0,25,0,0,4,0,0,0,10,1324,21996,1191,100,1,0,0
1395,5,4,768,0,279,8,1,6,1,1,-52,2,1083,14324,92,100,4,0,0
1393,14,11,1280,30,273,12,3,7,1,5,-70,2,1657,12780,81,100,2,0,0
1397,4,1,512,0,249,10,10,7,2,1,-66,9,987,12987,93,100,1,0,0
1400,5,4,768,0,280,8,1,6,1,1,-52,2,391,6586,92,100,1,0,0
1401,1,0,256,0,25,0,0,4,0,0,0,10,971,11872,1193,100,2,0,0
1402,3,1,512,30,264,10,3,7,1,1,-64,10,4556,34227,92,40,4,1,1
1394,18,14,1536,10,234,9,6,5,1,3,-52,0,805,12938,71,100,2,0,0
1400,11,8,1024,0,263,15,16,7,1,5,-70,5,1316,12536,75,100,1,0,0
1386,9,8,1152,60,268,10,3,7,0,3,-52,4,1924,13359,87,100,3,0,0
1405,5,4,768,10,280,8,1,6,1,1,-52,2,455,6887,93,100,1,0,0
1393,9,8,1152,80,271,10,3,7,0,3,-52,4,882,12118,88,100,3,0,0
1407,1,0,256,0,25,0,0,4,0,0,0,10,925,10918,1197,100,1,0,0
1408,4,1,512,0,252,10,10,7,2,1,-66,9,1610,30652,93,100,2,0,0
1408,7,3,792,20,297,12,9,7,1,4,-52,7,1155,15930,86,100,2,0,0
1405,16,12,1280,10,250,10,16,7,1,5,-52,1,371,6257,69,100,1,0,0
1405,11,8,1024,0,264,15,17,7,1,5,-70,5,1617,11671,75,100,3,0,0
1411,3,1,512,10,266,10,3,7,1,1,-64,10,3958,28168,92,36,2,1,1
1414,4,1,512,0,253,10,10,7,2,1,-66,9,834,17595,94,100,2,0,0
1414,8,3,768,60,306,9,17,7,1,3,-70,8,1758,11967,88,100,1,0,0
1415,5,4,768,0,283,8,1,6,1,1,-52,2,855,12130,94,100,3,0,0
1413,9,8,1024,0,278,10,3,7,1,3,-52,4,1186,16475,89,100,4,0,0
1418,1,0,256,0,25,0,0,4,0,0,0,10,1588,20603,1204,100,2,0,0
1418,10,6,1280,0,301,18,6,7,1,7,-52,3,394,7000,88,100,1,0,0
1421,8,3,768,0,309,9,17,7,2,3,-70,9,3492,20656,88,100,2,0,0
1420,12,7,1048,10,283,17,14,7,1,7,-70,5,1777,16641,86,100,2,0,0
1421,5,4,768,0,284,8,1,6,1,1,-52,2,532,7048,94,100,1,0,0
1421,3,1,512,20,272,10,3,7,1,1,-64,10,4634,34031,93,34,3,1,1
1423,1,0,256,0,25,0,0,4,0,0,0,10,751,9338,1206,100,1,0,0
1424,2,3,768,0,287,9,1,6,1,3,-52,5,1862,15912,92,100,3,0,0
1425,7,3,768,0,307,12,9,7,1,4,-52,8,2278,23085,87,100,2,0,0
1424,4,1,512,0,255,10,10,7,2,1,-66,9,1665,29310,95,100,2,0,0
1423,10,6,1280,0,303,18,6,7,1,7,-52,3,378,7260,88,100,0,0,0
1427,8,3,768,20,311,9,17,7,2,3,-70,9,2871,16188,88,100,2,0,0
1424,9,8,1024,0,281,10,3,7,1,3,-52,4,850,17148,90,100,3,0,0
1428,15,11,1280,10,285,13,22,7,1,4,-52,1,1112,10462,78,100,1,0,0
1429,4,1,512,30,258,10,10,7,2,1,-66,9,1028,15459,95,100,1,0,0
1430,3,1,512,0,272,10,3,7,1,1,-64,10,3176,26931,94,42,2,1,1
1428,14,11,1280,10,280,12,3,7,1,5,-70,2,1166,16143,83,100,1,0,0
1430,11,7,1024,10,269,16,17,7,1,6,-52,6,2171,18330,77,100,1,0,0
1429,5,4,768,20,288,8,1,6,1,1,-52,2,914,12415,95,100,1,0,0
1429,19,14,1536,0,282,16,6,7,1,6,-70,0,857,13646,71,100,2,0,0
1431,6,2,1024,0,303,15,2,7,1,6,-52,6,1416,16113,89,100,2,0,0
1432,1,0,256,0,25,0,0,4,0,0,0,10,1807,19565,1214,100,1,0,0
1433,8,4,768,0,315,12,17,7,1,4,-52,9,2324,18086,89,100,3,0,0
1432,9,8,1024,0,285,10,3,7,1,3,-52,4,834,12411,90,100,2,0,0
1432,20,15,1553,20,269,14,6,7,1,4,-70,0,1779,15556,72,100,3,0,0
1433,7,3,768,0,309,12,9,7,1,4,-52,9,2796,23704,88,100,2,0,0
1436,18,14,1536,0,246,9,6,5,1,3,-52,0,580,7814,74,100,1,0,0
1436,10,6,1280,0,307,18,6,7,1,7,-52,3,1029,17570,89,100,4,0,0
1437,3,1,512,0,273,10,3,7,1,1,-64,10,2655,23404,94,57,1,1,1
1437,4,1,512,0,264,10,10,7,2,1,-66,10,2420,25237,95,100,3,0,0
1438,5,4,768,0,291,8,1,6,1,1,-52,2,1095,11295,95,100,3,0,0
1440,8,4,768,0,320,12,17,7,1,4,-52,9,1455,16621,89,100,2,0,0
1438,20,15,1536,0,272,14,6,7,1,4,-70,0,973,8814,72,100,2,0,0
1440,11,7,1024,20,272,17,17,7,1,6,-52,6,2545,23475,77,100,4,0,0
1442,1,0,256,0,25,0,0,4,0,0,0,10,1396,18541,1218,100,2,0,0
1443,3,1,512,30,275,10,3,7,1,1,-64,10,1532,17030,95,50,1,1,1
1443,4,1,512,10,264,10,10,7,2,1,-66,10,1676,20030,96,100,1,0,0
1439,14,11,1280,0,282,12,3,7,1,5,-70,2,2642,26714,84,100,3,0,0
1406,13,8,1152,60,114,8,8,7,0,3,-70,3,215,4901,56,100,0,0,0
1443,7,3,768,70,309,12,9,7,1,4,-52,9,2646,22906,89,100,2,0,0
1442,6,2,1024,0,304,15,2,7,1,6,-52,5,1309,18342,90,100,3,0,0
1449,1,0,256,0,25,0,0,4,0,0,0,10,1376,14567,1223,100,1,0,0
1450,3,1,512,30,276,10,3,7,1,1,-64,10,3058,22064,95,40,1,1,1
1448,2,3,768,10,296,9,1,6,1,3,-52,4,1847,14541,94,100,3,0,0
1445,16,12,1280,10,264,11,17,7,1,5,-52,1,863,13506,72,100,3,0,0
1429,13,8,1152,90,118,9,8,7,0,3,-70,3,454,6840,57,100,1,0,0
1448,20,15,1536,0,274,14,6,7,1,4,-70,0,701,12177,73,100,2,0,0
1444,13,8,1024,40,124,10,9,7,1,3,-70,3,1447,8691,58,100,3,0,0
1446,5,4,1152,20,294,8,1,6,1,1,-52,2,714,10436,96,100,1,0,0
1436,17,12,1536,90,173,12,2,7,0,4,-70,2,367,7177,61,100,2,0,0
1448,8,4,1152,20,324,12,17,7,1,4,-52,9,3313,24922,90,100,3,0,0
1450,15,11,1280,0,289,13,22,7,1,4,-52,1,1423,18055,79,100,2,0,0
1454,4,3,768,40,274,12,10,7,1,2,-52,10,2707,19753,96,100,2,0,0
1455,3,1,512,0,277,10,3,7,1,1,-64,10,3133,23508,95,39,1,1,1
1455,10,6,1280,0,310,18,6,7,1,7,-52,2,393,7624,90,100,1,0,0
1451,12,7,1024,30,289,17,14,7,1,7,-70,5,2622,21317,89,100,3,0,0
1447,17,12,1280,60,177,12,2,7,1,4,-70,2,1588,16625,62,100,2,0,0
1459,1,0,256,0,25,0,0,4,0,0,0,10,951,18672,1225,100,2,0,0
1459,3,1,512,30,279,10,3,7,1,1,-64,10,2052,15337,96,46,2,1,1
1457,5,4,1152,10,297,9,1,6,1,1,-52,3,1457,15695,96,100,3,0,0
1456,15,11,1280,10,290,13,22,7,1,4,-52,1,638,9356,79,100,2,0,0
1457,18,14,1536,0,254,9,6,5,1,3,-52,0,271,6102,75,100,0,0,0
1462,12,7,1024,10,294,17,14,7,1,7,-70,5,3265,23430,89,100,4,0,0
1461,19,14,1536,0,288,16,6,7,1,6,-70,0,828,12537,73,100,3,0,0
1462,14,11,1280,10,290,12,3,7,1,5,-70,2,1639,12129,85,100,2,0,0
1464,3,1,512,50,281,10,3,7,1,1,-64,10,2758,21374,96,52,2,1,1
1463,18,14,1536,0,257,9,6,5,1,3,-52,0,703,7478,75,100,1,0,0
1464,11,7,1024,0,278,17,18,7,1,6,-52,6,3041,22202,79,100,2,0,0
1465,2,3,768,0,299,9,1,6,1,3,-52,4,1865,14515,95,100,2,0,0
1465,4,3,768,10,279,12,10,7,1,2,-52,10,2702,35238,97,100,2,0,0
1468,1,0,256,0,25,0,0,4,0,0,0,10,1242,16380,1228,100,2,0,0
1465,15,11,1280,0,293,13,22,7,1,4,-52,1,1271,14928,80,100,4,0,0
1465,8,4,1152,0,329,13,17,7,1,4,-52,9,1005,24541,91,100,3,0,0
1466,5,4,1152,10,297,9,1,6,1,1,-52,3,474,10313,97,100,1,0,0
1472,3,1,512,80,282,10,3,7,1,1,-64,10,3324,30063,97,100,2,1,1
1472,11,7,1024,10,283,17,18,7,1,6,-52,6,2487,20899,80,100,3,0,0
1456,21,16,1688,80,253,13,9,5,0,4,-70,0,792,7365,63,100,2,0,0
1476,1,0,256,0,25,0,0,4,0,0,0,10,885,15053,1236,100,1,0,0
1468,21,16,1664,80,255,13,9,5,1,4,-70,0,640,10135,63,100,3,0,0
1474,8,4,1152,10,336,13,18,7,1,4,-52,9,1049,20025,92,100,4,0,0
1477,3,1,512,100,284,10,3,7,1,1,-64,10,2820,19899,97,100,2,1,1
1474,14,11,1280,0,295,12,3,7,1,5,-70,2,895,10124,86,100,0,0,0
1474,5,4,1152,20,300,9,1,6,1,1,-52,3,803,10669,98,100,2,0,0
1474,15,11,1280,0,296,13,22,7,1,4,-52,1,1518,16190,81,100,2,0,0
1476,18,14,1536,0,262,9,6,5,1,3,-52,0,751,11760,76,100,2,0,0
1475,21,16,1536,20,256,13,9,5,1,4,-70,0,1421,9711,64,100,2,0,0
1478,16,12,1280,0,277,11,17,7,1,5,-52,2,904,7915,74,100,0,0,0
1478,11,7,1024,10,286,17,18,7,1,6,-52,6,2208,15563,80,100,2,0,0
1479,6,2,1024,10,319,15,2,7,1,6,-52,5,1297,17799,92,100,4,0,0
1477,20,15,1536,0,282,14,6,7,1,4,-70,0,859,12484,75,100,2,0,0
1478,17,12,1280,0,185,12,2,7,1,4,-70,1,534,10033,64,100,1,0,0
1480,7,3,768,0,321,12,11,7,2,4,-52,9,5606,30629,91,100,2,0,0
1478,14,11,1280,10,297,12,3,7,1,5,-70,2,1462,11224,86,100,2,0,0
1449,9,8,1024,10,288,11,3,7,1,3,-52,3,833,11641,92,100,3,0,0
1483,2,3,768,30,306,9,1,6,1,3,-52,4,1172,12837,96,100,3,0,0
1480,10,6,1280,0,319,18,6,7,1,7,-52,2,955,15342,92,100,4,0,0
1484,16,12,1280,10,278,11,17,7,1,5,-52,2,929,10700,74,100,3,0,0
1484,1,0,256,0,25,0,0,4,0,0,0,10,1190,17864,1239,100,2,0,0
1457,9,5,1152,20,290,13,3,7,0,4,-52,3,823,12366,92,100,2,0,0
1464,9,5,1152,40,291,13,3,7,0,4,-52,3,318,9754,93,100,2,0,0
1486,7,3,768,20,326,12,11,7,2,4,-52,8,1755,13250,91,100,2,0,0
1484,8,4,1152,0,338,13,18,7,1,4,-52,9,1040,25187,92,100,3,0,0
1484,15,11,1280,0,299,13,22,7,1,4,-52,1,1101,15586,81,100,3,0,0
1486,11,7,1024,10,287,17,18,7,1,6,-52,6,1927,17871,81,100,2,0,0
1486,12,7,1024,10,300,17,14,7,1,7,-70,5,1781,17288,91,100,2,0,0
1469,9,5,1152,80,292,13,3,7,0,4,-52,3,377,7532,93,100,1,0,0
1487,17,12,1280,0,188,12,2,7,1,4,-70,1,1138,14026,65,100,2,0,0
1489,3,1,512,10,285,10,3,7,3,1,-64,10,7965,46977,98,100,3,1,1
1488,4,3,768,50,289,12,10,7,1,2,-52,10,2971,34449,99,100,3,0,0
1486,21,16,1536,10,259,13,9,5,1,4,-70,0,1031,11861,65,100,3,0,0
1488,20,15,1536,0,286,14,6,7,1,4,-70,0,1076,14180,76,100,2,0,0
1488,6,2,1024,20,321,15,2,7,1,6,-52,5,1329,17152,93,100,1,0,0
1477,9,5,1152,90,295,13,3,7,0,4,-52,3,468,9693,93,100,4,0,0
1485,5,4,1152,30,306,9,1,6,1,1,-52,3,2748,19736,98,100,2,0,0
1487,10,6,1280,0,322,18,6,7,1,7,-52,2,792,10592,92,100,1,0,0
1491,7,3,768,10,328,12,11,7,2,4,-52,8,2587,16189,92,100,1,0,0
1490,2,3,768,20,311,9,1,6,1,3,-52,4,2022,13328,97,100,2,0,0
1490,16,12,1280,0,280,11,18,7,1,5,-52,2,1086,10275,75,100,2,0,0
1491,1,0,256,0,25,0,0,4,0,0,0,10,1668,19779,1253,100,1,0,0
1485,9,5,1408,0,297,13,3,7,1,4,-52,3,1770,15285,94,100,2,0,0
1493,6,2,1024,0,323,15,2,7,1,6,-52,5,1336,12919,93,100,2,0,0
1461,13,12,1408,60,130,13,9,7,0,4,-52,2,222,5758,59,100,2,0,0
1491,17,12,1280,0,189,12,2,7,1,4,-70,1,489,6298,65,100,0,0,0
1494,8,4,1024,20,340,13,18,7,1,4,-52,8,1201,22314,93,100,3,0,0
1495,3,1,512,20,286,10,3,7,3,1,-64,10,4626,28955,98,100,1,1,1
1495,12,7,1024,0,304,17,14,7,1,7,-70,5,2677,19775,91,100,3,0,0
1495,2,3,768,0,313,9,1,6,1,3,-52,4,1234,8660,97,100,2,0,0
1495,11,7,1024,0,291,17,18,7,1,6,-52,6,1586,21120,81,100,2,0,0
1496,7,3,768,0,329,12,11,7,2,4,-52,8,1497,12032,92,100,1,0,0
1495,21,16,1536,0,261,13,9,5,1,4,-70,0,810,8926,65,100,3,0,0
1494,10,6,1280,10,326,18,6,7,1,7,-52,2,820,10335,93,100,2,0,0
1496,4,3,768,40,294,12,10,7,1,2,-52,10,3243,28715,99,100,3,0,0
1496,15,11,1280,10,305,13,22,7,1,4,-52,1,1654,18442,82,100,3,0,0
1469,13,12,1408,70,132,13,9,7,0,4,-52,2,266,8068,60,100,2,0,0
1477,13,12,1408,60,134,13,9,7,0,4,-52,2,821,10120,60,100,2,0,0
1484,13,12,1408,90,138,13,9,7,0,4,-52,2,550,7923,61,100,2,0,0
1499,6,2,1024,0,323,15,2,7,1,6,-52,5,723,11090,93,100,1,0,0
1494,13,8,1280,50,140,14,9,7,1,5,-70,2,931,12272,61,100,3,0,0
1497,5,4,1024,20,312,9,1,6,1,1,-52,3,2215,19566,99,100,3,0,0
1500,16,12,1280,0,282,11,18,7,1,5,-52,3,1432,16798,75,100,2,0,0
1497,9,5,1408,0,302,14,3,7,1,4,-52,3,1228,16563,95,100,3,0,0
1497,20,15,1536,10,288,14,6,7,1,4,-70,0,938,12350,76,100,2,0,0
1502,4,3,768,20,294,12,10,7,1,2,-52,10,1779,18021,100,100,0,0,0
1499,8,4,1024,0,341,13,18,7,1,4,-52,8,1405,12674,93,100,1,0,0
1503,3,1,512,10,289,10,3,7,3,1,-64,10,5896,33054,98,100,3,1,1
1503,1,0,256,0,25,0,0,4,0,0,0,10,2216,30076,1266,100,2,0,0
1503,15,11,1280,0,308,13,22,7,1,4,-52,1,1493,12451,83,100,2,0,0
1504,7,3,768,0,333,12,11,7,2,4,-52,8,3195,23278,93,100,2,0,0
1504,12,7,1024,40,307,17,14,7,1,7,-70,6,2303,23176,92,100,2,0,0
1503,9,5,1408,10,305,14,3,7,1,4,-52,3,942,10298,95,100,2,0,0
1504,10,6,1280,0,334,18,7,7,1,7,-52,2,1251,16290,93,100,4,0,0
1505,2,3,768,0,317,9,1,6,1,3,-52,4,1742,17011,98,100,3,0,0
1500,17,12,1280,30,191,12,2,7,1,4,-70,0,1126,11208,66,100,2,0,0
1504,8,4,1024,20,344,13,18,7,1,4,-52,8,930,12702,94,100,2,0,0
1503,21,16,1536,10,264,13,9,5,1,4,-70,0,850,8051,66,100,1,0,0
1506,5,4,1024,10,314,9,1,6,1,1,-52,3,1372,14320,100,100,2,0,0
1507,11,7,1024,0,293,17,19,7,1,6,-52,6,2128,25880,82,100,3,0,0
1508,4,3,768,20,294,12,10,7,1,2,-52,10,2003,21142,100,100,2,0,0
1508,15,11,1280,10,309,13,22,7,1,4,-52,2,986,8790,83,100,1,0,0
1507,17,12,1280,0,196,12,2,7,1,4,-70,0,1374,10576,66,100,2,0,0
1510,3,1,512,10,291,10,3,7,3,1,-64,10,5633,33499,99,100,1,1,1
1506,13,8,1280,10,142,15,9,7,1,5,-70,2,1822,15751,61,100,4,0,0
1507,20,15,1536,0,292,14,6,7,1,4,-70,0,1222,14254,77,100,2,0,0
1508,6,2,1024,0,326,15,2,7,1,6,-52,5,1577,16658,94,100,4,0,0
1512,5,4,1024,0,315,9,1,6,1,1,-52,3,982,11127,100,100,1,0,0
1513,1,0,256,0,25,0,0,4,0,0,0,9,1561,24502,1274,100,2,0,0
1513,12,7,1024,20,310,17,14,7,1,7,-70,6,2483,24246,93,100,3,0,0
1513,2,3,768,0,321,9,1,6,1,3,-52,4,1818,14012,98,100,2,0,0
1514,7,3,768,0,335,12,12,7,2,4,-52,9,3110,25645,93,100,4,0,0
1514,8,4,1024,0,347,13,18,7,1,4,-52,7,1464,24903,94,100,3,0,0
1515,4,3,768,10,296,12,10,7,1,2,-52,10,1455,19695,101,100,2,0,0
1514,10,6,1280,0,336,18,7,7,1,7,-52,2,748,14488,94,100,3,0,0
1515,15,11,1280,10,315,13,22,7,1,4,-52,2,1814,13471,84,100,3,0,0
1515,20,15,1536,10,294,14,6,7,1,4,-70,0,550,9363,77,100,1,0,0
1517,13,8,1280,0,144,15,9,7,1,5,-70,2,1063,14899,62,100,3,0,0
1509,16,12,1280,10,287,11,18,7,1,5,-52,3,1370,15434,76,100,2,0,0
1513,21,16,1536,0,268,13,9,5,1,4,-70,0,1205,10149,66,100,2,0,0
1518,3,1,512,20,292,10,3,7,3,1,-64,10,4743,33624,100,100,2,1,1
1518,11,7,1024,10,296,17,19,7,1,6,-52,6,2188,24799,83,100,2,0,0
1518,6,2,1024,0,329,15,2,7,1,6,-52,5,1255,18581,95,100,4,0,0
1517,5,4,1024,10,317,9,1,6,1,1,-52,3,475,8051,100,100,1,0,0
1520,4,3,768,40,299,12,10,7,1,2,-52,10,1096,12866,101,100,2,0,0
1520,2,3,768,0,327,9,1,6,1,3,-52,4,1631,12505,99,100,2,0,0
1519,8,4,1024,0,347,13,18,7,1,4,-52,7,499,10809,94,100,0,0,0
1516,16,12,1280,10,289,11,18,7,1,5,-52,4,1621,13023,77,100,3,0,0
1521,15,11,1280,0,317,13,22,7,1,4,-52,2,916,9158,84,100,1,0,0
1518,17,12,1280,0,200,12,2,7,1,4,-70,0,1216,15484,67,100,2,0,0
1522,12,7,1024,10,313,17,14,7,1,7,-70,7,3151,27369,93,100,1,0,0
1520,10,6,1280,20,338,18,7,7,1,7,-52,2,500,8963,95,100,1,0,0
1522,13,8,1280,10,145,15,9,7,1,5,-70,2,394,6345,62,100,1,0,0
1524,3,1,512,10,295,10,3,7,3,1,-64,10,4781,26005,100,100,1,1,1
1509,9,12,1408,20,308,15,3,7,0,5,-70,3,949,11110,95,100,2,0,0
1524,1,0,256,0,25,0,0,4,0,0,0,9,2265,29247,1288,100,2,0,0
1524,7,3,768,0,337,12,12,7,2,4,-52,10,3997,26340,94,100,3,0,0
1524,8,4,1024,0,348,13,18,7,1,4,-52,7,790,12128,95,100,2,0,0
1524,11,7,1024,0,298,17,19,7,1,6,-52,6,1189,14070,83,100,2,0,0
1524,20,15,1536,0,297,14,6,7,1,4,-70,0,922,12255,78,100,2,0,0
1525,5,4,1024,0,319,9,1,6,1,1,-52,3,904,12436,101,100,2,0,0
1526,4,3,768,0,301,12,10,7,1,2,-52,10,1997,20756,101,100,1,0,0
1514,9,12,1408,50,308,16,3,7,0,5,-70,3,632,6305,95,100,1,0,0
1524,17,12,1280,10,201,12,2,7,1,4,-70,0,371,5711,67,100,1,0,0
1528,8,4,1024,10,350,13,18,7,1,4,-52,7,574,10141,95,100,1,0,0
1528,15,11,1280,0,320,13,22,7,1,4,-52,2,974,12042,84,100,2,0,0
1530,6,2,1024,10,332,15,2,7,1,6,-52,5,1554,20048,95,100,2,0,0
1525,9,12,1280,50,311,16,3,7,1,5,-70,3,1473,15313,96,100,3,0,0
1529,13,8,1280,0,148,15,9,7,1,5,-70,2,817,9747,63,100,2,0,0
1529,20,15,1536,10,297,14,6,7,1,4,-70,0,405,5417,78,100,1,0,0
1530,2,3,768,20,329,9,1,6,1,3,-52,4,1582,16669,99,100,2,0,0
1530,4,3,768,0,301,12,10,7,1,2,-52,10,853,11061,102,100,1,0,0
1531,12,7,1024,60,318,17,14,7,1,7,-70,7,4079,27464,94,100,3,0,0
1529,10,6,1280,0,339,18,7,7,1,7,-52,2,592,12012,95,100,3,0,0
1527,16,12,1280,0,290,11,18,7,1,5,-52,4,1026,15106,77,100,1,0,0
1532,7,3,768,0,339,12,12,7,2,4,-52,10,3931,22662,94,100,2,0,0
1532,11,7,1024,0,301,17,20,7,1,6,-52,6,1741,19857,84,100,2,0,0
1528,21,16,1536,0,273,13,9,5,1,4,-70,0,755,7040,68,100,1,0,0
1532,16,12,1280,20,293,11,18,7,1,5,-52,4,1172,8595,78,100,2,0,0
1533,9,12,1280,10,314,16,3,7,1,5,-70,3,1185,14181,96,100,4,0,0
1535,3,1,512,20,299,10,3,7,3,1,-64,10,8600,51618,101,100,4,1,1
1535,1,0,256,0,25,0,0,4,0,0,0,9,2250,29670,1303,100,2,0,0
1535,13,8,1280,0,150,15,9,7,1,5,-70,2,517,7401,63,100,2,0,0
1533,17,12,1280,0,201,12,2,7,1,4,-70,0,930,12260,68,100,2,0,0
1535,5,4,1024,0,321,9,1,6,1,1,-52,3,627,14451,102,100,1,0,0
1537,6,2,1024,0,335,15,2,7,1,6,-52,5,1344,13562,96,100,2,0,0
1534,21,16,1536,0,275,13,9,5,1,4,-70,0,725,5895,68,100,1,0,0
1533,20,15,1536,10,299,14,6,7,1,4,-70,0,1018,6799,79,100,1,0,0
1536,15,11,1280,10,324,13,22,7,1,4,-52,2,1782,13532,85,100,3,0,0
1537,4,3,768,0,304,12,10,7,1,2,-52,10,1641,18369,102,100,2,0,0
1536,10,6,1280,0,342,18,7,7,1,7,-52,2,625,10977,95,100,2,0,0
1539,8,4,1024,0,356,13,18,7,1,4,-52,7,1932,25583,96,100,4,0,0
1539,9,12,1280,20,316,16,3,7,1,5,-70,3,630,10362,97,100,1,0,0
1541,13,8,1280,0,152,15,9,7,1,5,-70,2,919,6497,64,100,3,0,0
1541,4,1,512,0,305,13,10,7,2,3,-66,10,1725,13579,102,100,1,0,0
1540,21,16,1536,0,276,13,9,5,1,4,-70,0,393,5388,68,100,1,0,0
1542,12,7,1024,20,323,17,14,7,1,7,-70,7,4188,34917,95,100,4,0,0
1543,3,1,512,10,303,10,3,7,3,1,-64,10,4543,29120,101,100,2,1,1
1542,11,7,1024,0,303,17,20,7,1,6,-52,6,1459,20933,84,100,2,0,0
1543,7,3,768,0,341,12,12,7,2,4,-52,10,3736,27663,95,100,3,0,0
1543,1,0,256,0,25,0,0,4,0,0,0,9,1292,18584,1308,100,1,0,0
1540,20,15,1536,0,301,14,6,7,1,4,-70,0,1099,9976,79,100,2,0,0
1543,2,3,768,10,333,9,1,6,1,3,-52,4,2110,20834,100,100,3,0,0
1542,16,12,1280,0,298,11,18,7,1,5,-52,4,1907,17989,78,100,4,0,0
1543,5,4,1024,0,321,9,1,6,1,1,-52,3,434,11266,102,100,2,0,0
1544,8,4,1024,10,356,13,18,7,1,4,-52,7,669,9750,96,100,1,0,0
1544,17,12,1280,0,203,12,2,7,1,4,-70,0,1017,10702,68,100,3,0,0
1545,13,8,1280,0,155,15,9,7,1,5,-70,2,503,4945,64,100,1,0,0
1544,9,12,1280,0,316,16,3,7,1,5,-70,3,388,7253,97,100,0,0,0
1546,4,1,512,10,307,14,10,7,2,3,-66,10,1529,13120,103,100,2,0,0
1546,11,7,1024,0,305,17,20,7,1,6,-52,6,889,10398,85,100,2,0,0
1545,6,2,1024,10,341,15,2,7,1,6,-52,5,1759,19265,97,100,3,0,0
1546,10,6,1280,0,345,18,7,7,1,7,-52,2,947,15287,96,100,3,0,0
1549,3,1,512,0,306,10,3,7,3,1,-64,10,4144,26404,101,90,1,1,1
1548,15,11,1280,20,327,13,22,7,1,4,-52,2,1974,20742,86,100,4,0,0
1550,21,16,1536,10,282,13,9,5,1,4,-70,0,1552,11191,69,100,3,0,0
1551,1,0,256,0,25,0,0,4,0,0,0,10,1939,22058,1319,100,2,0,0
1552,2,3,768,0,335,9,1,6,1,3,-52,4,1792,15406,101,100,2,0,0
1551,8,4,768,0,359,13,18,7,1,4,-52,7,1397,17790,97,100,2,0,0
1553,5,4,768,0,322,10,1,6,1,1,-52,3,865,15905,103,100,2,0,0
1555,12,7,1024,20,326,17,14,7,1,7,-70,7,1135,13639,95,100,2,0,0
1554,4,1,512,0,312,14,10,7,2,3,-66,9,2272,24538,103,100,2,0,0
1556,3,1,512,0,307,10,3,7,3,1,-64,10,1961,24110,102,28,1,1,1
1555,21,16,1536,0,285,13,9,5,1,4,-70,0,628,5221,69,100,2,0,0
1554,13,8,1280,0,157,15,9,7,1,5,-70,2,694,9767,65,100,3,0,0
1557,8,4,768,0,362,14,18,7,1,4,-52,7,959,10220,97,100,2,0,0
1556,6,2,1024,0,345,15,2,7,1,6,-52,5,1736,20239,97,100,3,0,0
1558,1,0,256,0,25,0,0,4,0,0,0,10,926,16022,1320,100,1,0,0
1559,2,3,768,10,337,9,1,6,1,3,-52,4,1564,13313,101,100,1,0,0
1560,7,3,768,0,347,12,12,7,2,4,-52,9,2185,14820,96,100,1,0,0
1559,15,11,1280,0,331,13,22,7,1,4,-52,2,1861,18385,86,100,3,0,0
1564,5,4,768,0,325,10,1,6,1,1,-52,3,1007,17198,103,100,2,0,0
1566,13,8,1280,10,159,15,9,7,1,5,-70,2,727,8970,65,100,2,0,0
1565,4,1,512,0,317,14,10,7,2,3,-66,8,3221,33724,104,100,3,0,0
1566,3,1,512,0,311,10,3,7,3,1,-64,10,3345,39579,103,25,2,1,1
1568,1,0,256,0,25,0,0,4,0,0,0,10,1341,23866,1326,100,2,0,0
1568,11,7,1024,10,312,17,20,7,1,6,-52,6,1618,25134,86,100,3,0,0
1568,8,4,768,0,366,14,18,7,1,4,-52,7,1395,24405,98,100,3,0,0
1569,12,7,1024,0,330,17,14,7,1,7,-70,6,1680,19823,96,100,1,0,0
1570,13,8,1024,20,162,16,9,7,1,5,-70,2,737,4721,65,100,2,0,0
1571,3,1,512,0,312,10,3,7,2,1,-64,10,1648,17653,103,22,1,1,1
1570,6,2,1024,0,347,15,2,7,1,6,-52,5,933,11598,98,100,1,0,0
1572,10,6,1280,0,351,18,7,7,1,7,-52,2,369,6192,98,100,1,0,0
1573,8,4,768,10,366,14,18,7,1,4,-52,7,664,8874,98,100,1,0,0
1574,9,4,889,0,327,19,3,7,2,6,-70,3,2182,15897,98,100,3,0,0
1573,7,3,768,20,354,12,12,7,1,4,-52,9,1764,13564,97,100,2,0,0
1575,1,0,256,0,25,0,0,4,0,0,0,10,1012,15840,1329,100,1,0,0
1575,4,1,512,0,320,14,10,7,2,3,-66,8,2520,28021,105,100,2,0,0
1575,3,1,512,0,316,10,3,7,2,1,-64,10,1973,15818,103,54,2,1,1
1575,5,4,768,10,331,10,1,6,1,1,-52,2,1464,18798,104,100,2,0,0
1579,9,4,768,0,328,20,3,7,2,6,-70,3,718,7758,98,100,2,0,0
1579,13,8,1024,0,164,16,9,7,1,5,-70,2,1082,9670,66,100,2,0,0
1579,1,0,256,0,25,0,0,4,0,0,0,10,771,9518,1332,100,1,0,0
1579,11,7,1024,30,315,17,22,7,1,6,-52,6,1813,24146,87,100,5,0,0
1578,10,6,1280,0,353,18,7,7,1,7,-52,2,619,9232,98,100,2,0,0
1577,15,11,1280,10,336,13,22,7,1,4,-52,2,1129,12873,88,100,2,0,0
1579,12,7,1024,10,336,17,14,7,1,7,-70,6,3311,29794,97,100,3,0,0
1581,8,4,768,0,367,14,18,7,1,4,-52,7,957,16891,99,100,2,0,0
1584,3,1,512,0,319,10,3,7,2,1,-64,10,2664,28143,104,25,2,1,1
1586,4,1,512,0,322,14,10,7,2,3,-66,9,3387,32553,105,100,2,0,0
1585,10,6,1280,0,354,18,7,7,1,7,-52,2,550,11238,99,100,2,0,0
1587,5,4,768,0,335,10,1,6,1,1,-52,2,992,17450,105,100,2,0,0
1589,13,8,1024,0,170,16,9,7,1,5,-70,2,1483,11056,67,100,4,0,0
1587,2,3,768,0,342,9,1,6,1,3,-52,4,1036,9464,103,100,1,0,0
1589,8,4,768,0,371,14,18,7,1,4,-52,7,1451,18211,99,100,4,0,0
1590,9,4,768,0,333,20,3,7,2,6,-70,3,1641,16487,99,100,3,0,0
1590,1,0,256,0,25,0,0,4,0,0,0,10,1401,22710,1339,100,2,0,0
1592,3,1,512,10,321,10,3,7,2,1,-64,10,2132,26274,105,35,3,1,1
1593,4,1,512,10,322,14,10,7,2,3,-66,9,1597,17912,106,100,1,0,0
1592,5,4,768,10,336,10,1,6,1,1,-52,2,416,8564,105,100,1,0,0
1595,1,0,256,0,25,0,0,4,0,0,0,10,627,9812,1344,100,1,0,0
1593,20,15,1536,10,320,14,6,7,1,4,-70,0,1177,12194,83,100,1,0,0
1595,8,4,768,0,372,14,18,7,1,4,-52,7,720,13342,100,100,2,0,0
1594,21,16,1536,0,295,13,9,5,1,4,-70,0,962,10810,72,100,3,0,0
1596,9,4,768,0,334,20,3,7,2,6,-70,3,582,8528,99,100,2,0,0
1594,15,11,1280,0,343,13,22,7,1,4,-52,2,1274,12086,89,100,2,0,0
1596,10,6,1280,0,358,18,7,7,1,7,-52,2,960,14660,99,100,3,0,0
1598,2,3,768,10,347,9,1,6,1,3,-52,4,1354,15142,104,100,1,0,0
1598,3,1,512,10,323,10,3,7,2,1,-64,10,1987,19683,105,54,1,1,1
1598,6,2,1024,0,355,15,2,7,1,6,-52,5,1414,19234,100,100,4,0,0
1598,5,4,768,0,340,10,1,6,1,1,-52,2,1011,9099,106,100,1,0,0
1600,4,1,512,10,326,14,10,7,2,3,-66,9,2706,23364,106,100,2,0,0
1597,20,15,1536,10,323,14,6,7,1,4,-70,0,804,7770,83,100,2,0,0
1600,8,4,768,10,373,14,19,7,1,4,-52,7,397,9481,100,100,2,0,0
1599,15,11,1280,0,344,13,22,7,1,4,-52,2,733,8646,89,100,2,0,0
1605,9,4,946,0,336,20,3,7,2,6,-70,4,1431,12611,100,100,2,0,0
1605,1,0,256,0,25,0,0,4,0,0,0,10,1698,22403,1348,100,2,0,0
1603,5,4,768,0,342,10,1,6,1,1,-52,2,783,9304,106,100,1,0,0
1606,3,1,512,0,324,10,3,7,2,1,-64,10,1794,23924,105,25,1,1,1
1606,11,7,1024,0,323,17,23,7,1,6,-52,6,1158,11570,89,100,1,0,0
1610,8,4,768,0,376,14,20,7,1,4,-52,7,830,18952,101,100,4,0,0
1611,9,4,768,0,338,20,3,7,2,6,-70,5,917,11561,100,100,1,0,0
1611,3,1,512,0,326,10,3,7,2,1,-64,10,1452,16205,106,18,1,1,1
1609,5,4,768,0,343,10,1,6,1,1,-52,2,517,9309,107,100,1,0,0
1612,4,1,512,0,328,14,10,7,2,3,-66,10,3558,34117,107,100,2,0,0
1611,6,2,1024,0,359,15,2,7,1,6,-52,5,1137,14212,101,100,2,0,0
1615,10,6,1280,10,364,18,7,7,1,7,-52,2,491,9706,101,100,2,0,0
1616,1,0,256,0,25,0,0,4,0,0,0,10,1572,24629,1354,100,2,0,0
1616,3,1,512,0,329,10,3,7,2,1,-64,10,1515,16910,106,66,1,1,1
1606,12,9,1152,80,349,19,14,7,0,8,-70,6,1743,19415,98,100,3,0,0
1617,5,4,768,0,345,10,1,6,1,1,-52,2,629,10811,107,100,1,0,0
1619,4,1,512,10,330,14,10,7,2,3,-66,10,1704,21007,108,100,1,0,0
1617,6,2,1024,0,360,15,2,7,1,6,-52,5,862,12072,101,100,2,0,0
1614,12,9,1152,100,352,19,14,7,0,8,-70,6,1300,16857,98,100,2,0,0
1620,7,3,768,0,369,12,12,7,1,4,-52,9,1841,24248,100,100,2,0,0
1621,9,4,768,0,339,20,3,7,2,6,-70,5,1777,16006,101,100,2,0,0
1611,21,16,1536,10,299,13,9,5,1,4,-70,0,656,6246,73,100,1,0,0
1620,8,4,768,20,382,14,20,7,1,4,-52,7,1222,21459,101,100,3,0,0
1621,2,3,768,0,351,9,1,6,1,3,-52,4,1638,14209,105,100,2,0,0
1621,3,1,512,10,331,10,3,7,2,1,-64,10,2196,18616,106,83,1,1,1
1619,15,11,1280,10,355,13,22,7,1,4,-52,2,1952,17416,91,100,3,0,0
1619,16,12,1280,10,321,11,20,7,1,5,-52,4,1292,12030,84,100,1,0,0
1622,10,6,1280,10,368,18,7,7,1,7,-52,2,841,13432,101,100,2,0,0
1625,11,7,1024,0,326,17,23,7,1,6,-52,6,1427,15135,90,100,1,0,0
1624,6,2,1024,0,363,15,2,7,1,6,-52,5,1239,12398,102,100,1,0,0
1626,8,4,768,20,383,14,21,7,1,4,-52,7,596,12386,102,100,2,0,0
1624,12,9,1024,40,355,19,14,7,1,8,-70,6,2811,26076,99,100,3,0,0
1626,7,3,768,10,371,12,12,7,1,4,-52,8,1467,13323,101,100,3,0,0
1627,3,1,512,0,331,10,3,7,2,1,-64,10,1865,19604,107,100,1,1,1
1627,9,4,768,20,343,20,3,7,2,6,-70,5,2615,16436,101,100,2,0,0
1628,1,0,256,0,25,0,0,4,0,0,0,10,2364,27656,1367,100,2,0,0
1627,2,3,768,0,351,9,1,6,1,3,-52,4,846,10385,106,100,1,0,0
1627,20,15,1536,0,327,14,6,7,1,4,-70,0,775,12469,85,100,2,0,0
1621,17,12,1280,0,222,12,2,7,1,4,-70,0,1069,12677,74,100,2,0,0
1624,21,16,1536,0,303,13,9,5,1,4,-70,0,367,7248,74,100,1,0,0
1628,21,16,1536,10,304,13,9,5,1,4,-70,0,510,4381,74,100,1,0,0
1629,5,4,768,10,349,10,1,6,1,1,-52,2,1256,17051,108,100,4,0,0
1630,4,1,512,0,334,14,10,7,2,3,-66,10,5311,37741,108,100,3,0,0
1631,11,7,1024,0,330,17,24,7,1,6,-52,6,1239,12972,90,100,2,0,0
1630,12,9,1024,20,357,19,14,7,1,8,-70,4,1890,15036,100,100,2,0,0
1600,13,9,1152,80,174,18,9,7,0,6,-52,2,1729,12149,67,100,3,0,0
1631,15,11,1280,10,360,13,22,7,1,4,-52,2,1885,16548,91,100,2,0,0
1630,10,6,1280,0,373,18,7,7,1,7,-52,2,1242,13039,102,100,2,0,0
1633,3,1,512,0,332,10,3,7,2,1,-64,10,1984,16534,107,100,1,1,1
1607,13,9,1152,80,176,18,9,7,0,6,-52,2,475,6009,68,100,3,0,0
1613,13,9,1152,90,177,18,9,7,0,6,-52,2,551,6247,68,100,2,0,0
1634,20,15,1536,0,328,14,6,7,1,4,-70,0,643,7224,85,100,1,0,0
1629,16,12,1280,0,328,11,20,7,1,5,-52,3,1871,18832,84,100,4,0,0
1633,6,2,1024,10,364,15,2,7,1,6,-52,5,1266,18252,103,100,2,0,0
1623,13,9,1152,100,177,18,9,7,0,6,-52,2,438,8920,69,100,2,0,0
1636,1,0,256,0,25,0,0,4,0,0,0,10,1662,17367,1376,100,1,0,0
1636,7,3,768,0,373,12,12,7,1,4,-52,8,2322,23061,101,100,3,0,0
1627,13,9,1152,80,179,18,9,7,0,6,-52,2,594,4942,69,100,1,0,0
1631,17,12,1280,10,224,12,2,7,1,4,-70,0,854,8984,74,100,2,0,0
1637,4,1,512,60,337,14,10,7,1,3,-66,10,3169,22543,109,100,2,0,0
1636,2,3,768,0,352,9,1,6,1,3,-52,4,1800,16410,107,100,2,0,0
1638,3,1,512,10,335,10,3,7,2,1,-64,10,2263,17935,107,100,2,1,1
1635,8,4,768,0,388,14,21,7,1,4,-52,7,1084,19397,102,100,1,0,0
1636,9,4,768,0,346,20,3,7,2,6,-70,6,4798,23522,102,100,3,0,0
1640,7,3,768,0,375,12,12,7,1,4,-52,9,1124,10279,102,100,1,0,0
1636,21,16,1536,0,304,13,9,5,1,4,-70,0,415,7679,75,100,1,0,0
1641,1,0,256,0,25,0,0,4,0,0,0,10,944,10083,1383,100,1,0,0
1641,20,15,1536,0,329,14,6,7,1,4,-70,0,663,8789,86,100,1,0,0
1642,15,11,1280,0,363,14,23,7,1,4,-52,2,2207,19904,92,100,3,0,0
1642,11,7,1024,10,337,17,24,7,1,6,-52,6,3026,23519,91,100,4,0,0
1640,10,6,1280,0,377,18,7,7,1,7,-52,2,764,14778,102,100,1,0,0
1639,12,9,1024,0,360,19,14,7,1,8,-70,4,2430,20831,100,100,3,0,0
1639,16,12,1280,0,331,12,20,7,1,5,-52,3,1602,16616,85,100,3,0,0
1641,9,4,768,0,347,20,3,7,2,6,-70,6,1858,11739,102,100,2,0,0
1641,17,12,1280,0,225,13,2,7,1,4,-70,0,1079,10942,75,100,2,0,0
1645,2,3,768,10,352,9,1,6,1,3,-52,4,847,13168,107,100,1,0,0
1646,1,0,256,0,25,0,0,4,0,0,0,10,907,10768,1386,100,1,0,0
1646,7,3,768,0,377,12,12,7,1,4,-52,9,1245,13581,102,100,1,0,0
1642,21,16,1565,0,305,14,9,5,1,4,-70,0,984,7108,75,100,2,0,0
1647,4,1,512,60,341,14,10,7,1,3,-66,10,3983,30163,109,100,4,0,0
1645,6,2,1024,10,370,15,2,7,1,6,-52,5,1935,21806,103,100,2,0,0
1649,3,1,512,0,338,10,3,7,2,1,-64,10,3920,34830,108,100,3,1,1
1645,8,4,768,0,393,14,21,7,1,4,-52,7,1371,21776,103,100,3,0,0
1649,15,11,1280,10,364,14,23,7,1,4,-52,2,669,10640,92,100,1,0,0
1647,5,4,768,0,354,10,1,6,1,1,-52,2,1073,14248,109,100,2,0,0
1649,20,15,1536,0,333,14,6,7,1,4,-70,0,960,10395,86,100,3,0,0
1650,11,7,1024,0,339,17,24,7,1,6,-52,6,1343,14398,92,100,2,0,0
1648,9,4,768,10,349,20,3,7,2,6,-70,6,2166,16428,103,100,1,0,0
1648,13,9,1024,0,186,18,9,7,1,6,-52,2,1130,10790,71,100,3,0,0
1646,17,12,1280,0,228,13,2,7,1,4,-70,0,651,6821,75,100,2,0,0
1649,21,16,1536,20,307,14,9,5,1,4,-70,0,467,6504,76,100,2,0,0
1650,8,4,768,10,393,14,21,7,1,4,-52,7,287,8611,103,100,1,0,0
1650,2,3,768,20,354,9,1,6,1,3,-52,4,1497,10358,108,100,1,0,0
1653,7,3,768,10,379,12,12,7,1,4,-52,9,1763,16359,103,100,3,0,0
1654,15,11,1280,0,364,14,23,7,1,4,-52,2,845,7978,93,100,1,0,0
1655,3,1,512,0,338,10,3,7,2,1,-64,10,2600,21458,109,100,1,1,1
1651,10,6,1280,0,381,18,7,7,1,7,-52,2,962,17310,103,100,3,0,0
1656,1,0,256,0,25,0,0,4,0,0,0,10,2137,20450,1399,100,2,0,0
1656,11,7,1024,0,341,17,24,7,1,6,-52,6,1143,12058,92,100,2,0,0
1654,4,1,512,70,345,14,10,7,1,3,-66,10,3134,24619,110,100,3,0,0
1651,16,12,1280,10,334,12,20,7,1,5,-52,3,1591,18354,86,100,3,0,0
1655,2,3,768,0,355,9,1,6,1,3,-52,4,998,8816,108,100,1,0,0
1657,6,2,1024,10,375,15,2,7,1,6,-52,5,2183,22811,104,100,2,0,0
1612,19,11,1664,60,333,20,6,7,0,8,-95,1,1271,13256,83,100,3,0,0
1655,17,12,1280,0,229,13,2,7,1,4,-70,0,745,7859,76,100,1,0,0
1656,13,9,1024,0,187,18,9,7,1,6,-52,2,509,6431,71,100,3,0,0
1659,3,1,512,0,339,10,3,7,2,1,-64,10,1848,16810,109,100,1,1,1
1658,15,11,1280,10,366,14,23,7,1,4,-52,2,824,7625,93,100,1,0,0
1624,19,11,1664,80,336,20,6,7,0,8,-95,1,909,13068,84,100,3,0,0
1658,10,6,1280,0,382,18,7,7,1,7,-52,2,547,9752,104,100,2,0,0
1635,19,11,1920,70,338,20,6,7,0,8,-95,1,959,11995,84,100,2,0,0
1657,9,4,768,0,351,20,3,7,2,6,-70,6,3065,20447,104,100,2,0,0
1659,8,4,768,0,397,14,21,7,1,4,-52,6,1051,19148,104,100,2,0,0
1661,4,1,512,40,346,14,10,7,1,3,-66,10,2614,21991,110,100,1,0,0
1660,11,7,1024,20,342,17,24,7,1,6,-52,6,1441,11024,92,100,1,0,0
1658,5,4,768,0,357,10,1,6,1,1,-52,2,850,17387,110,100,3,0,0
1660,20,15,1536,10,337,14,6,7,1,4,-70,0,1272,13856,87,100,2,0,0
1644,19,11,1920,90,341,21,6,7,0,8,-95,1,891,12185,85,100,3,0,0
1656,19,11,1920,90,343,21,6,7,0,8,-95,1,877,12309,86,100,3,0,0
1663,2,3,768,0,357,9,1,6,1,3,-52,4,1391,12651,108,100,2,0,0
1664,7,3,768,30,383,12,12,7,1,4,-52,8,3412,26281,103,100,2,0,0
1662,19,11,1280,30,344,21,6,7,1,8,-95,1,1878,9298,86,100,1,0,0
1659,12,9,1024,20,365,19,14,7,1,8,-70,4,1764,20429,102,100,2,0,0
1660,21,16,1536,0,312,14,9,5,1,4,-70,0,1349,13013,76,100,2,0,0
1666,4,1,512,50,347,14,10,7,1,3,-66,10,1670,13820,111,100,0,0,0
1662,13,9,1024,0,187,18,9,7,1,6,-52,2,365,6621,72,100,1,0,0
1667,1,0,256,0,25,0,0,4,0,0,0,10,2510,24595,1415,100,2,0,0
1666,19,11,1280,100,347,21,6,7,1,8,-95,1,1159,8079,86,100,1,0,0
1660,16,12,1280,0,337,12,20,7,1,5,-52,3,1300,17200,87,100,2,0,0
1669,15,11,1280,10,368,14,23,7,1,4,-52,2,1250,16679,94,100,2,0,0
1668,6,2,1024,0,376,15,2,7,1,6,-52,5,1415,21005,105,100,2,0,0
1669,20,15,1536,0,340,14,6,7,1,4,-70,0,765,11458,87,100,1,0,0
1668,11,7,1024,30,345,17,24,7,1,6,-52,6,3146,25577,93,100,1,0,0
1671,3,1,512,10,342,10,3,7,2,1,-64,10,6453,45180,110,100,2,1,1
1671,4,1,512,80,350,14,10,7,1,3,-66,10,1980,16811,111,100,2,0,0
1667,12,9,1024,0,367,19,14,7,1,8,-70,4,2468,21245,102,100,1,0,0
1650,18,19,2048,80,295,14,6,5,0,4,-52,0,490,7358,88,100,1,0,0
1669,9,4,768,0,354,20,3,7,2,6,-70,6,3026,25479,104,100,2,0,0
1670,10,6,1280,0,386,18,7,7,1,7,-52,2,1018,17378,104,100,2,0,0
1669,21,16,1536,0,314,14,9,5,1,4,-70,0,727,8763,77,100,2,0,0
1660,18,19,1815,80,295,14,6,5,0,4,-52,0,362,10580,88,100,2,0,0
1673,2,3,768,0,359,9,1,6,1,3,-52,4,1497,15658,109,100,2,0,0
1671,18,19,1574,10,297,15,6,5,1,4,-52,0,1737,16230,89,100,3,0,0
1674,15,11,1280,10,371,14,23,7,1,4,-52,2,952,9359,94,100,1,0,0
1669,13,9,1024,10,190,18,9,7,1,6,-52,2,1008,8003,72,100,1,0,0
1675,7,3,768,20,386,12,12,7,1,4,-52,8,3690,27452,104,100,2,0,0
1670,17,12,1280,0,232,13,2,7,1,4,-70,0,559,5336,77,100,1,0,0
1674,20,15,1536,0,342,14,6,7,1,4,-70,0,913,7542,88,100,1,0,0
1675,6,2,1024,0,377,15,2,7,1,6,-52,5,808,12153,105,100,1,0,0
1670,16,12,1280,0,341,12,20,7,1,5,-52,3,875,7759,87,100,1,0,0
1676,1,0,256,0,25,0,0,4,0,0,0,10,2527,22484,1427,100,2,0,0
1673,9,4,768,0,355,20,3,7,2,6,-70,6,1261,8959,105,100,0,0,0
1674,5,4,768,10,366,10,1,6,1,1,-52,2,816,10403,111,100,2,0,0
1676,18,19,1574,20,299,15,6,5,1,4,-52,0,581,5312,90,100,2,0,0
1675,17,12,1280,0,232,13,2,7,1,4,-70,0,310,5434,77,100,1,0,0
1678,8,4,768,10,403,14,21,7,1,4,-52,6,1244,21655,105,100,2,0,0
1677,13,9,1024,0,193,18,9,7,1,6,-52,2,834,8389,73,100,2,0,0
1677,10,6,1280,0,389,18,7,7,1,7,-52,2,824,11529,105,100,1,0,0
1679,12,9,1024,0,369,19,14,7,1,8,-70,4,2188,23319,103,100,2,0,0
1676,11,7,1024,10,347,17,24,7,1,6,-52,6,2676,20623,93,100,2,0,0
1678,16,12,1280,0,345,12,20,7,1,5,-52,3,1129,13012,88,100,2,0,0
1681,4,1,512,10,355,14,10,7,2,3,-66,10,5958,35440,112,100,2,0,0
1676,19,11,1302,0,352,21,6,7,2,8,-95,1,3762,23465,87,100,3,0,0
1679,21,16,1536,10,316,14,9,5,1,4,-70,0,808,10111,78,100,2,0,0
1680,2,3,768,0,359,9,1,6,1,3,-52,4,1178,13048,109,100,1,0,0
1681,9,4,768,0,357,20,3,7,2,6,-70,6,3348,20316,105,100,2,0,0
1682,1,0,256,0,25,0,0,4,0,0,0,10,1700,15355,1438,100,1,0,0
1684,8,4,768,0,405,14,21,7,1,4,-52,6,680,10733,105,100,1,0,0
1683,3,1,512,20,346,10,3,7,2,1,-64,10,5675,43270,111,100,2,1,1
1682,7,3,768,50,389,12,12,7,1,4,-52,8,2324,18386,104,100,2,0,0
1682,16,12,1280,0,345,12,20,7,1,5,-52,3,590,6747,88,100,1,0,0
1684,21,16,1536,0,318,14,9,5,1,4,-70,0,568,4839,78,100,0,0,0
1655,14,15,1664,100,333,14,3,7,0,6,-52,0,509,16416,97,100,3,0,0
1684,6,2,1024,0,379,15,2,7,1,6,-52,5,1326,17660,106,100,2,0,0
1664,14,15,1664,100,335,14,3,7,0,6,-52,0,381,14126,98,100,1,0,0
1685,5,4,768,10,371,10,1,6,1,1,-52,2,1180,16619,112,100,2,0,0
1669,14,15,1664,100,336,14,3,7,0,6,-52,0,204,7254,98,100,1,0,0
1675,14,15,1664,80,337,14,3,7,0,6,-52,0,301,12296,98,100,2,0,0
1686,10,6,1280,0,390,18,7,7,1,7,-52,2,539,12744,105,100,2,0,0
1688,1,0,256,0,25,0,0,4,0,0,0,10,1345,13143,1445,100,1,0,0
1687,17,12,1280,10,234,13,2,7,1,4,-70,0,725,10117,78,100,2,0,0
1682,20,15,1536,0,343,14,6,7,1,4,-70,0,524,9716,88,100,1,0,0
1682,15,11,1280,20,375,14,23,7,1,4,-52,2,2711,19890,95,100,2,0,0
1684,18,19,1574,0,301,15,6,5,1,4,-52,0,710,11284,90,100,1,0,0
1686,11,7,1024,30,348,17,24,7,1,6,-52,6,3458,26631,94,100,1,0,0
1682,14,15,1536,0,339,14,3,7,1,6,-52,0,1283,13632,99,100,2,0,0
1690,8,4,768,20,406,14,21,7,1,4,-52,6,318,9733,106,100,1,0,0
1689,13,9,1024,10,196,18,9,7,1,6,-52,2,648,10237,73,100,2,0,0
1690,4,1,512,20,355,14,10,7,2,3,-66,10,3538,29854,112,100,2,0,0
1687,20,15,1536,0,345,14,6,7,1,4,-70,0,765,8655,89,100,2,0,0
1690,12,9,1024,0,370,19,14,7,1,8,-70,4,2488,25566,104,100,2,0,0
1692,3,1,512,10,348,10,3,7,1,1,-64,10,5563,33629,111,100,2,1,1
1687,14,15,1536,0,341,14,3,7,1,6,-52,0,528,8796,99,100,2,0,0
1692,2,3,768,0,363,9,1,6,1,3,-52,4,2164,16835,110,100,2,0,0
1692,9,4,768,0,362,20,3,7,2,6,-70,6,3408,23774,106,100,2,0,0
1688,15,11,1280,10,378,14,24,7,1,4,-52,2,2151,15279,95,100,2,0,0
1692,6,2,1024,10,379,15,2,7,1,6,-52,5,732,11699,106,100,1,0,0
1694,7,3,768,10,390,12,12,7,1,4,-52,8,4420,30853,105,100,2,0,0
1695,11,7,1024,20,350,17,24,7,1,6,-52,6,2599,22191,95,100,2,0,0
1696,5,4,768,0,376,10,1,6,1,1,-52,2,1131,17094,112,100,2,0,0
1696,12,9,1024,40,371,19,14,7,1,8,-70,4,1165,13418,104,100,1,0,0
1697,1,0,256,0,25,0,0,4,0,0,0,10,2031,20663,1458,100,1,0,0
1697,8,4,768,0,408,14,21,7,1,4,-52,6,894,13620,106,100,2,0,0
1698,3,1,512,50,350,10,3,7,1,1,-64,10,2651,21139,112,100,2,1,1
1695,16,12,1280,10,348,12,20,7,1,5,-52,3,1399,18315,89,100,2,0,0
1693,15,11,1280,10,378,14,24,7,1,4,-52,3,884,8819,96,100,1,0,0
1694,21,16,1536,10,318,14,9,5,1,4,-70,0,824,11485,79,100,3,0,0
1698,13,9,1024,0,198,18,9,7,1,6,-52,2,702,9463,74,100,2,0,0
1700,9,4,768,0,365,20,3,7,2,6,-70,6,2529,17164,106,100,1,0,0
1700,4,1,512,0,357,14,10,7,2,3,-66,10,3817,31468,113,100,2,0,0
1700,12,9,1024,20,372,19,14,7,1,8,-70,4,1061,10085,104,100,1,0,0
1695,10,6,1280,20,391,18,7,7,1,7,-52,2,419,14211,106,100,1,0,0
1699,17,12,1280,10,235,13,2,7,1,4,-70,0,609,11405,79,100,2,0,0
1698,11,7,1024,0,353,17,24,7,1,6,-52,6,1192,11601,95,100,0,0,0
1701,6,2,1024,0,379,15,2,7,1,6,-52,5,889,15853,107,100,2,0,0
1700,7,3,768,30,392,12,12,7,1,4,-52,8,2378,18975,106,100,1,0,0
1703,5,4,768,0,378,10,1,6,1,1,-52,2,747,11085,113,100,1,0,0
1697,20,15,1536,0,350,14,6,7,1,4,-70,0,1121,13064,89,100,2,0,0
1702,2,3,768,0,367,9,1,6,1,3,-52,4,1857,18782,111,100,2,0,0
1698,14,15,1536,0,346,14,3,7,1,6,-52,1,1413,20898,100,100,2,0,0
1706,3,1,512,60,352,10,3,7,2,1,-64,10,3504,27735,112,100,2,1,1
1705,16,12,1280,10,352,12,20,7,1,5,-52,3,1323,15525,89,100,2,0,0
1701,20,15,1536,0,351,14,6,7,1,4,-70,0,449,5356,90,100,0,0,0
1706,6,2,1024,0,379,15,2,7,1,6,-52,5,586,9362,107,100,0,0,0
1704,21,16,1536,0,321,14,9,5,1,4,-70,0,943,10556,79,100,1,0,0
1702,15,11,1280,10,380,14,24,7,1,4,-52,4,2219,19143,96,100,1,0,0
1704,11,7,1024,0,355,17,24,7,1,6,-52,6,1568,16749,95,100,2,0,0
1707,4,1,512,10,359,14,10,7,2,3,-66,10,2587,22447,113,100,1,0,0
1702,14,15,1536,0,347,14,3,7,1,6,-52,2,439,7417,100,100,0,0,0
1707,17,12,1280,0,238,13,2,7,1,4,-70,0,944,8078,79,100,2,0,0
1707,2,3,768,10,370,9,1,6,1,3,-52,4,1037,7794,111,100,2,0,0
1707,12,9,1024,0,374,19,14,7,1,8,-70,4,1821,17572,105,100,2,0,0
1709,1,0,256,0,25,0,0,4,0,0,0,10,2486,26377,1470,100,2,0,0
1708,8,4,768,10,410,14,21,7,1,4,-52,6,1090,19681,107,100,3,0,0
1708,7,3,768,30,398,12,12,7,1,4,-52,8,2828,20646,106,100,3,0,0
1706,20,15,1536,0,351,14,6,7,1,4,-70,0,403,6209,90,100,1,0,0
1707,10,6,1280,10,396,18,9,7,1,7,-52,2,1364,18002,107,100,5,0,0
1706,15,11,1280,0,382,14,24,7,1,4,-52,4,1269,8911,96,100,2,0,0
1709,13,9,1024,10,201,18,9,7,1,6,-52,2,1008,10675,75,100,2,0,0
1709,11,7,1024,0,359,17,24,7,1,6,-52,6,1380,9860,96,100,1,0,0
1710,9,4,768,0,366,20,3,7,2,6,-70,6,3393,23290,107,100,2,0,0
1710,16,12,1280,0,353,12,20,7,1,5,-52,3,813,9202,90,100,1,0,0
1711,5,4,768,0,379,10,1,6,1,1,-52,2,819,12450,113,100,2,0,0
1713,6,2,1024,0,382,15,2,7,1,6,-52,5,1311,13823,108,100,4,0,0
1709,14,15,1536,0,350,14,3,7,1,6,-52,2,742,11706,101,100,2,0,0
1713,12,9,1024,0,375,19,14,7,1,8,-70,4,1126,12549,105,100,1,0,0
1714,4,1,512,0,360,14,10,7,2,3,-66,10,2931,22053,114,100,2,0,0
1715,8,4,768,0,413,14,21,7,1,4,-52,6,927,12448,108,100,1,0,0
1713,21,16,1536,0,322,14,9,5,1,4,-70,0,627,7553,80,100,2,0,0
1713,15,11,1280,10,385,14,24,7,1,4,-52,4,1627,14454,97,100,2,0,0
1714,13,9,1024,0,202,18,9,7,1,6,-52,2,645,5902,75,100,1,0,0
1716,3,1,512,10,356,10,3,7,2,1,-64,10,5900,41083,113,100,3,1,1
1717,10,6,1280,0,398,18,9,7,1,7,-52,2,700,10928,107,100,2,0,0
1712,20,15,1536,10,354,14,6,7,1,4,-70,0,855,8992,90,100,1,0,0
1717,11,7,1024,20,364,17,24,7,1,6,-52,6,1973,17115,96,100,3,0,0
1716,16,12,1280,10,355,12,20,7,1,5,-52,3,767,9734,90,100,1,0,0
1718,7,3,768,20,402,12,12,7,1,4,-52,8,2999,24326,107,100,3,0,0
1717,2,3,768,0,374,9,1,6,1,3,-52,4,1988,19940,112,100,4,0,0
1718,5,4,768,0,382,10,1,6,1,1,-52,2,714,10372,114,100,1,0,0
1716,20,15,1536,0,355,14,6,7,1,4,-70,0,586,6075,91,100,1,0,0
1717,17,12,1280,10,240,13,2,7,1,4,-70,0,652,10441,80,100,1,0,0
1719,1,0,256,0,25,0,0,4,0,0,0,10,2613,26517,1484,100,2,0,0
1719,9,4,768,0,367,20,3,7,2,6,-70,6,2890,20031,108,100,2,0,0
1718,6,2,1024,10,382,15,2,7,1,6,-52,5,582,9368,108,100,1,0,0
1718,14,15,1536,0,352,14,3,7,1,6,-52,2,819,15807,101,100,3,0,0
1720,8,4,768,0,413,14,21,7,1,4,-52,6,286,9593,108,100,1,0,0
1696,18,14,1920,50,306,17,6,5,0,5,-52,1,1113,11454,91,100,2,0,0
1720,15,11,1280,10,386,14,24,7,1,4,-52,4,1496,11661,97,100,1,0,0
1722,10,6,1280,0,400,18,9,7,1,7,-52,2,607,8929,108,100,1,0,0
1721,11,7,1024,20,364,17,24,7,1,6,-52,6,1277,9492,96,100,1,0,0
1721,21,16,1536,10,324,14,9,5,1,4,-70,0,641,7495,80,100,1,0,0
1703,18,14,1920,60,308,17,6,5,0,5,-52,1,594,7536,92,100,3,0,0
1722,16,12,1280,10,357,12,20,7,1,5,-52,3,1032,9738,91,100,1,0,0
1722,2,3,768,0,376,9,1,6,1,3,-52,4,1191,8832,112,100,1,0,0
1724,1,0,256,0,25,0,0,4,0,0,0,10,1062,11873,1489,100,1,0,0
1724,3,1,512,10,357,10,3,7,2,1,-64,10,4740,30322,113,100,2,1,1
1723,7,3,768,30,403,12,12,7,1,4,-52,8,2010,14220,107,100,1,0,0
1714,18,14,1920,100,311,17,6,5,0,5,-52,1,1108,13886,92,100,4,0,0
1724,13,9,1024,0,206,18,9,7,1,6,-52,2,1077,10239,76,100,2,0,0
1725,8,4,768,0,414,14,21,7,1,4,-52,6,368,8933,108,100,1,0,0
1726,4,1,512,10,362,14,10,7,2,3,-66,10,5209,37382,114,100,2,0,0
1725,12,9,1024,0,381,19,14,7,1,8,-70,4,2873,26268,106,100,3,0,0
1725,6,2,1024,10,386,15,2,7,1,6,-52,5,1535,17196,108,100,1,0,0
1726,17,12,1280,10,243,13,2,7,1,4,-70,0,954,9477,81,100,2,0,0
1719,18,14,1792,70,312,17,6,5,1,5,-52,1,785,5984,93,100,1,0,0
1726,2,3,768,20,377,9,1,6,1,3,-52,4,702,7507,113,100,0,0,0
1722,20,15,1536,10,357,14,6,7,1,4,-70,0,679,7367,91,100,1,0,0
1728,9,4,768,0,368,20,3,7,2,6,-70,6,2463,18346,108,100,1,0,0
1728,5,4,768,10,387,10,1,6,1,1,-52,2,1072,14895,114,100,2,0,0
1726,15,11,1280,20,387,14,24,7,1,4,-52,4,2206,14443,98,100,1,0,0
1724,14,15,1536,20,354,14,3,7,1,6,-52,2,1963,14907,102,100,1,0,0
1730,12,9,1024,0,382,19,14,7,1,8,-70,4,1370,12014,106,100,2,0,0
1723,18,14,1792,0,314,17,6,5,1,5,-52,1,862,6423,93,100,2,0,0
1731,16,12,1280,10,360,12,20,7,1,5,-52,3,1537,13976,91,100,2,0,0
1731,10,6,1280,0,401,18,9,7,1,7,-52,2,530,12635,108,100,1,0,0
1730,6,2,1024,10,388,15,2,7,1,6,-52,5,1189,10453,109,100,2,0,0
1731,7,3,768,30,409,12,12,7,1,4,-52,8,3480,23452,108,100,2,0,0
1727,20,15,1536,10,359,14,6,7,1,4,-70,0,712,7512,92,100,1,0,0
1732,21,16,1536,0,328,14,9,5,1,4,-70,0,1261,11579,81,100,2,0,0
1733,13,9,1024,0,210,18,9,7,1,6,-52,2,739,8260,76,100,1,0,0
1733,3,1,512,0,361,10,3,7,2,1,-64,10,4808,36368,114,100,3,1,1
1732,11,7,1024,0,368,17,24,7,1,6,-52,6,3202,23850,97,100,3,0,0
1731,14,15,1536,10,356,14,3,7,1,6,-52,2,1325,15634,102,100,3,0,0
1735,1,0,256,0,25,0,0,4,0,0,0,10,2602,26657,1505,100,2,0,0
1735,4,1,512,10,364,14,10,7,2,3,-66,10,3816,29560,115,100,1,0,0
1733,17,12,1280,10,245,13,2,7,1,4,-70,0,622,6724,81,100,2,0,0
1734,8,4,768,0,417,14,21,7,1,4,-52,6,710,16951,109,100,1,0,0
1734,2,3,768,10,380,9,1,6,1,3,-52,4,1584,13409,113,100,3,0,0
1734,15,11,1280,0,391,14,24,7,1,4,-52,4,2128,16589,98,100,3,0,0
1736,9,4,768,0,370,20,3,7,2,6,-70,6,2794,19577,109,100,2,0,0
1733,18,14,1792,0,320,17,6,5,1,5,-52,1,1106,12775,94,100,2,0,0
1737,6,2,1024,0,390,15,2,7,1,6,-52,5,1120,13089,109,100,2,0,0
1738,7,3,768,0,409,12,12,7,1,4,-52,8,1716,14755,108,100,1,0,0
1738,5,4,768,0,391,10,1,6,1,1,-52,2,989,17045,115,100,1,0,0
1738,21,16,1536,0,330,14,9,5,1,4,-70,0,502,5890,81,100,1,0,0
1739,16,12,1280,10,362,12,20,7,1,5,-52,3,1407,13582,92,100,1,0,0
1740,10,6,1280,0,403,18,9,7,1,7,-52,2,730,14525,109,100,2,0,0
1740,12,9,1024,30,385,19,14,7,1,8,-70,4,2852,25446,107,100,2,0,0
1741,4,1,512,0,366,14,10,7,2,3,-66,10,2439,18409,115,100,1,0,0
1740,17,12,1280,0,247,13,2,7,1,4,-70,0,795,7140,82,100,1,0,0
1744,5,4,768,0,391,10,1,6,1,1,-52,2,261,5985,115,100,1,0,0
1744,7,3,768,50,410,12,12,7,1,4,-52,8,1810,15111,109,100,1,0,0
1744,8,4,768,0,419,14,21,7,1,4,-52,6,1138,17378,110,100,2,0,0
1745,10,6,1280,0,405,18,9,7,1,7,-52,2,477,6260,109,100,1,0,0
1745,4,1,512,10,367,14,10,7,2,3,-66,10,1776,13206,116,100,1,0,0
1740,11,7,1024,20,372,17,24,7,1,6,-52,6,2200,17554,98,100,1,0,0
1739,14,15,1536,0,358,14,3,7,1,6,-52,2,1207,17833,103,100,2,0,0
1745,1,0,256,0,25,0,0,4,0,0,0,10,2366,24931,1519,100,2,0,0
1744,3,1,512,30,364,10,3,7,2,1,-64,10,5188,40848,115,100,2,1,1
1744,13,9,1024,0,214,18,9,7,1,6,-52,2,932,11352,77,100,3,0,0
1739,20,15,1536,0,360,14,6,7,1,4,-70,0,753,13876,92,100,2,0,0
1742,15,11,1280,0,392,14,24,7,1,4,-52,4,1697,16805,99,100,1,0,0
1745,18,14,1792,0,323,17,6,5,1,5,-52,1,897,13479,94,100,4,0,0
1745,2,3,768,0,383,9,1,6,1,3,-52,4,1886,18639,114,100,2,0,0
1748,9,4,768,0,372,20,3,7,2,6,-70,6,2916,23682,109,100,2,0,0
1747,6,2,1024,10,392,15,2,7,1,6,-52,5,1316,18240,110,100,1,0,0
1748,5,4,768,0,393,10,1,6,1,1,-52,2,582,7701,116,100,1,0,0
1748,15,11,1280,10,393,14,24,7,1,4,-52,4,1055,10864,99,100,1,0,0
1748,21,16,1536,10,331,14,9,5,1,4,-70,0,749,10203,82,100,2,0,0
1749,10,6,1280,10,407,18,9,7,1,7,-52,2,556,7561,110,100,1,0,0
1751,3,1,512,0,366,10,3,7,2,1,-64,10,2680,18971,115,100,2,1,1
1749,7,3,768,10,410,12,12,7,1,4,-52,8,1265,11644,109,100,1,0,0
1750,11,7,1024,0,373,17,24,7,1,6,-52,6,2138,21178,98,100,2,0,0
1748,20,15,1536,0,364,14,6,7,1,4,-70,0,1268,13278,93,100,3,0,0
1752,8,4,768,10,422,14,21,7,1,4,-52,6,608,12949,110,100,1,0,0
1750,14,15,1536,0,363,14,3,7,1,6,-52,2,1584,25740,103,100,3,0,0
1752,12,9,1024,40,390,19,14,7,1,8,-70,4,2738,26968,108,100,2,0,0
1749,17,12,1280,0,252,13,2,7,1,4,-70,0,1273,9909,82,100,1,0,0
1750,16,12,1280,0,365,12,20,7,1,5,-52,3,1679,18362,93,100,2,0,0
1752,6,2,1024,0,394,15,2,7,1,6,-52,5,1042,9964,110,100,1,0,0
1754,4,1,512,0,370,14,10,7,2,3,-66,10,4411,31562,116,100,2,0,0
1754,5,4,768,0,394,10,1,6,1,1,-52,2,385,8977,116,100,2,0,0
1753,15,11,1280,0,394,14,24,7,1,4,-52,4,1498,12087,100,100,1,0,0
1754,11,7,1024,0,373,17,24,7,1,6,-52,6,1434,9626,99,100,1,0,0
1753,2,3,768,0,386,9,1,6,1,3,-52,4,1902,14706,114,100,1,0,0
1753,20,15,1536,0,365,14,6,7,1,4,-70,0,538,5508,93,100,1,0,0
1756,1,0,256,0,25,0,0,4,0,0,0,10,2523,26960,1532,100,2,0,0
1756,13,9,1024,10,219,18,9,7,1,6,-52,2,1094,11681,78,100,2,0,0
1753,18,14,1792,0,323,17,6,5,1,5,-52,1,395,9524,95,100,1,0,0
1756,9,4,768,10,374,20,3,7,2,6,-70,6,3008,21532,110,100,2,0,0
1758,3,1,512,30,367,10,3,7,2,1,-64,10,3967,25505,115,100,1,1,1
1757,17,12,1280,0,253,13,2,7,1,4,-70,0,595,7700,83,100,2,0,0
1758,21,16,1536,0,333,14,9,5,1,4,-70,0,890,9638,83,100,2,0,0
1759,4,1,512,10,370,14,10,7,2,3,-66,10,2076,16552,117,100,1,0,0
1759,7,3,768,0,413,12,12,7,1,4,-52,8,3151,25884,110,100,3,0,0
1760,12,9,1024,0,391,19,14,7,1,8,-70,4,1926,18248,108,100,2,0,0
1761,1,0,256,0,25,0,0,4,0,0,0,10,1151,11891,1539,100,1,0,0
1761,10,6,1280,0,413,18,9,7,1,7,-52,2,1019,17390,110,100,2,0,0
1760,16,12,1280,0,370,12,20,7,1,5,-52,3,1659,16898,93,100,2,0,0
1761,8,4,768,0,425,14,21,7,1,4,-52,6,881,17475,111,100,2,0,0
1758,14,15,1536,0,364,14,3,7,1,6,-52,2,1244,21150,104,100,2,0,0
1762,2,3,768,0,386,9,1,6,1,3,-52,4,1124,12306,115,100,2,0,0
1758,20,15,1536,20,369,14,6,7,1,4,-70,0,914,7342,94,100,1,0,0
1762,6,2,1024,0,394,15,2,7,1,6,-52,5,1036,17732,111,100,2,0,0
1762,15,11,1280,10,399,14,24,7,1,4,-52,4,2372,18174,100,100,2,0,0
1762,21,16,1536,0,335,14,9,5,1,4,-70,0,875,5489,83,100,1,0,0
1765,7,3,768,0,414,12,12,7,1,4,-52,8,1196,12801,110,100,1,0,0
1766,4,1,512,30,371,14,10,7,2,3,-66,10,2752,21417,117,100,1,0,0
1765,12,9,1024,0,391,19,14,7,1,8,-70,4,865,11642,109,100,1,0,0
1766,11,7,1024,0,375,17,24,7,1,6,-52,6,2453,23992,99,100,3,0,0
1765,8,4,768,0,426,14,21,7,1,4,-52,6,393,7454,111,100,1,0,0
1766,13,9,1024,0,220,18,9,7,1,6,-52,2,620,9786,79,100,2,0,0
1767,1,0,256,0,25,0,0,4,0,0,0,10,1294,14107,1546,100,1,0,0
1767,5,4,768,0,396,10,1,6,1,1,-52,2,848,17451,117,100,3,0,0
1766,17,12,1280,10,255,13,2,7,1,4,-70,0,548,8250,83,100,1,0,0
1768,6,2,1024,20,395,15,2,7,1,6,-52,5,568,10028,111,100,1,0,0
1768,9,4,768,0,377,20,3,7,2,6,-70,6,3817,26194,111,100,2,0,0
1767,21,16,1536,0,337,14,9,5,1,4,-70,0,714,5339,83,100,1,0,0
1769,7,3,768,40,415,12,12,7,1,4,-52,8,1158,10679,110,100,1,0,0
1769,3,1,512,0,369,10,3,7,2,1,-64,10,4452,37247,116,100,2,1,1
1770,2,3,768,0,388,9,1,6,1,3,-52,4,1270,13266,115,100,2,0,0
1764,18,14,1792,10,331,17,6,5,1,5,-52,1,1400,17253,96,100,3,0,0
1769,10,6,1280,10,416,18,9,7,1,7,-52,2,765,12958,111,100,1,0,0
1768,14,15,1536,0,368,14,3,7,1,6,-52,2,1399,21937,105,100,2,0,0
1771,16,12,1280,10,372,12,20,7,1,5,-52,3,1633,16330,94,100,2,0,0
1769,15,11,1280,10,402,14,24,7,1,4,-52,4,1683,15359,101,100,1,0,0
1772,11,7,1024,0,378,17,24,7,1,6,-52,6,1858,13676,100,100,1,0,0
1770,20,15,1559,10,371,14,6,7,1,4,-70,0,1188,15884,94,100,2,0,0
1773,4,1,512,20,374,14,10,7,2,3,-66,10,2995,23329,118,100,1,0,0
1773,5,4,768,0,398,10,1,6,1,1,-52,2,499,9177,117,100,1,0,0
1774,1,0,256,0,25,0,0,4,0,0,0,10,1617,17299,1555,100,1,0,0
1773,12,9,1024,20,393,19,14,7,1,8,-70,4,2192,18870,109,100,1,0,0
1774,3,1,512,30,371,10,3,7,2,1,-64,10,2919,17590,117,100,1,1,1
1774,6,2,1024,0,396,15,2,7,1,6,-52,5,1005,10888,112,100,1,0,0
1772,17,12,1280,0,257,13,2,7,1,4,-70,0,605,5989,84,100,1,0,0
1773,10,6,1280,0,418,18,9,7,1,7,-52,2,752,8191,111,100,1,0,0
1774,8,4,768,0,427,14,21,7,1,4,-52,6,580,14841,111,100,1,0,0
1774,7,3,768,20,417,12,12,7,1,4,-52,8,2135,13233,111,100,1,0,0
1775,13,9,1024,0,223,18,9,7,1,6,-52,2,1072,9803,79,100,2,0,0
1772,18,14,1792,10,332,17,6,5,1,5,-52,1,623,10322,96,100,3,0,0
1776,17,12,1280,10,258,13,2,7,1,4,-70,0,363,3816,84,100,2,0,0
1775,15,11,1280,0,405,14,24,7,1,4,-52,4,1427,11147,101,100,1,0,0
1777,16,12,1280,20,375,12,20,7,1,5,-52,3,844,9934,94,100,1,0,0
1778,2,3,768,0,393,9,1,6,1,3,-52,4,2005,14983,116,100,1,0,0
1779,8,4,768,0,430,14,21,7,1,4,-52,6,639,9560,112,100,0,0,0
1774,20,15,1537,30,373,14,6,7,1,4,-70,0,644,6120,95,100,0,0,0
1777,12,9,1024,20,394,19,14,7,1,8,-70,4,1090,11548,109,100,1,0,0
1779,3,1,512,10,372,10,3,7,2,1,-64,10,2775,19063,117,100,1,1,1
1779,11,7,1024,0,380,17,24,7,1,6,-52,6,1865,14133,100,100,1,0,0
1776,14,15,1536,0,371,14,3,7,1,6,-52,2,1229,20096,105,100,2,0,0
1775,21,16,1536,10,339,14,9,5,1,4,-70,0,670,8148,84,100,1,0,0
1780,13,9,1024,0,224,18,9,7,1,6,-52,2,529,5074,80,100,1,0,0
1780,9,4,768,10,382,20,3,7,2,6,-70,6,4521,28292,112,100,2,0,0
1781,1,0,256,0,25,0,0,4,0,0,0,10,1818,18891,1565,100,1,0,0
1781,7,3,768,20,420,12,13,7,1,4,-52,8,2371,18555,111,100,2,0,0
1781,6,2,1024,0,397,15,2,7,1,6,-52,5,1155,13832,112,100,1,0,0
1778,18,14,1792,0,334,17,6,5,1,5,-52,1,600,10045,97,100,2,0,0
1783,4,1,512,0,375,14,10,7,2,3,-66,10,4984,33198,118,100,2,0,0
1783,12,9,1024,10,395,19,14,7,1,8,-70,4,1293,12936,110,100,1,0,0
1784,5,4,768,10,401,10,1,6,1,1,-52,2,859,16221,118,100,2,0,0
1785,17,12,1294,10,262,13,2,7,1,4,-70,0,1333,10553,85,100,2,0,0
1783,15,11,1280,0,407,14,24,7,1,4,-52,4,2063,17535,102,100,3,0,0
1785,10,6,1280,0,420,18,9,7,1,7,-52,2,1011,18436,112,100,2,0,0
1786,2,3,768,0,394,9,1,6,1,3,-52,4,1208,13547,117,100,2,0,0
1783,20,15,1536,0,376,15,6,7,1,4,-70,0,1153,10748,95,100,3,0,0
1787,16,12,1280,0,378,12,20,7,1,5,-52,3,1703,15636,95,100,3,0,0
1787,20,15,1536,0,378,15,6,7,1,4,-70,0,758,6503,95,100,2,0,0
1789,5,4,768,0,402,10,1,6,1,1,-52,2,417,6827,118,100,1,0,0
1788,7,3,768,0,422,12,13,7,1,4,-52,9,2624,19108,111,100,2,0,0
1788,3,1,512,10,373,10,3,7,2,1,-64,10,4462,30713,117,100,2,1,1
1788,9,4,768,0,384,20,3,7,2,6,-70,6,1818,17094,112,100,1,0,0
1789,8,4,768,0,431,14,21,7,1,4,-52,6,748,17731,113,100,2,0,0
1789,11,7,1024,0,382,17,24,7,1,6,-52,6,3051,23326,101,100,2,0,0
1788,14,15,1536,10,377,15,3,7,1,6,-52,2,1829,25921,106,100,4,0,0
1790,4,1,512,20,377,14,10,7,2,3,-66,10,3250,23755,119,100,2,0,0
1791,1,0,256,0,25,0,0,4,0,0,0,10,2406,24674,1577,100,2,0,0
1787,21,16,1536,0,346,14,9,5,1,4,-70,0,1567,12236,85,100,4,0,0
1789,18,14,1792,10,337,17,6,5,1,5,-52,1,1109,15589,97,100,2,0,0
1791,13,9,1024,0,226,18,9,7,1,6,-52,2,838,11607,80,100,2,0,0
1792,6,2,1024,0,400,15,2,7,1,6,-52,5,1307,20587,113,100,2,0,0
1793,10,6,1280,10,421,18,9,7,1,7,-52,2,596,11351,113,100,2,0,0
1795,11,7,1024,10,383,17,24,7,1,6,-52,6,1444,13053,101,100,1,0,0
1794,12,9,1024,30,399,19,14,7,1,8,-70,4,2451,25282,111,100,2,0,0
1794,15,11,1280,20,411,14,24,7,1,4,-52,4,3630,26229,102,100,3,0,0
1794,16,12,1280,0,381,12,20,7,1,5,-52,3,1156,10697,96,100,2,0,0
1794,20,15,1536,0,381,15,6,7,1,4,-70,0,780,9326,96,100,1,0,0
1796,2,3,768,0,396,9,1,6,1,3,-52,4,1807,18086,117,100,2,0,0
1793,18,14,1792,10,337,18,6,5,1,5,-52,1,631,6968,98,100,1,0,0
1797,5,4,768,0,407,10,1,6,1,1,-52,2,1058,14756,119,100,1,0,0
1798,7,3,768,10,422,12,13,7,1,4,-52,9,2425,22079,112,100,1,0,0
1798,21,16,1536,0,350,14,9,5,1,4,-70,0,861,10089,85,100,2,0,0
1797,13,9,1024,0,229,18,9,7,1,6,-52,2,971,6993,81,100,1,0,0
1798,3,1,512,0,374,10,3,7,2,1,-64,10,3546,30507,118,94,1,1,1
1795,17,12,1280,10,266,13,2,7,1,4,-70,0,1289,11826,85,100,2,0,0
1796,14,15,1536,10,380,15,3,7,1,6,-52,2,1803,20531,107,100,1,0,0
1799,9,4,768,10,387,20,3,7,2,6,-70,6,3767,24529,113,100,2,0,0
1800,1,0,256,0,25,0,0,4,0,0,0,10,2048,21463,1586,100,2,0,0
1799,17,12,1280,10,269,13,2,7,1,4,-70,0,805,5005,86,100,1,0,0
1800,4,1,512,0,380,14,10,7,2,3,-66,10,4869,34183,119,100,1,0,0
1800,8,4,768,0,434,14,21,7,1,4,-52,6,800,20221,113,100,2,0,0
1801,6,2,1024,0,400,15,2,7,1,6,-52,5,977,16958,113,100,2,0,0
1802,16,12,1280,0,384,12,20,7,1,5,-52,3,1267,10393,96,100,3,0,0
1803,12,9,1024,0,400,19,14,7,1,8,-70,4,2575,21649,111,100,2,0,0
1804,5,4,768,10,408,10,1,6,1,1,-52,2,490,9184,119,100,2,0,0
1804,18,14,1792,0,341,18,6,5,1,5,-52,1,1061,15675,98,100,3,0,0
1806,17,12,1280,20,271,13,2,7,1,4,-70,0,632,6703,86,100,1,0,0
1807,3,1,512,0,378,10,3,7,2,1,-64,10,2692,26462,119,38,2,1,1
1808,21,16,1536,0,353,14,9,5,1,4,-70,0,1097,10440,86,100,3,0,0
1807,13,9,1024,0,230,18,9,7,1,6,-52,2,537,9044,81,100,2,0,0
1805,14,15,1536,20,383,15,3,7,1,6,-52,2,1461,21135,107,100,3,0,0
1807,8,4,768,0,435,14,21,7,1,4,-52,6,618,12851,114,100,2,0,0
1809,4,1,512,20,383,14,10,7,2,3,-66,10,3774,29108,120,100,2,0,0
1810,9,4,768,0,390,20,3,7,2,6,-70,6,3221,22872,114,100,2,0,0
1810,1,0,256,0,25,0,0,4,0,0,0,10,1856,22751,1597,100,2,0,0
1807,20,15,1536,10,385,15,6,7,1,4,-70,0,729,9138,97,100,2,0,0
1811,16,12,1280,10,385,12,20,7,1,5,-52,3,880,11451,97,100,1,0,0
1812,8,4,768,0,438,14,21,7,1,4,-52,6,631,8906,114,100,1,0,0
1812,12,9,1024,0,402,19,14,7,1,8,-70,4,1747,21160,112,100,1,0,0
1812,17,12,1280,20,272,13,2,7,1,4,-70,0,785,6188,86,100,1,0,0
1814,13,9,1024,0,232,18,9,7,1,6,-52,2,555,6630,82,100,1,0,0
1816,4,1,512,10,385,14,10,7,2,3,-66,10,2545,18362,120,100,1,0,0
1815,2,3,768,20,401,9,1,6,1,3,-52,4,1206,14230,119,100,2,0,0
1814,5,4,768,0,410,10,1,6,1,1,-52,2,883,16038,120,100,2,0,0
1817,1,0,256,0,25,0,0,4,0,0,0,10,1149,15124,1602,100,1,0,0
1816,21,16,1536,0,354,14,9,5,1,4,-70,0,596,7518,87,100,2,0,0
1814,20,15,1536,0,386,15,6,7,1,4,-70,0,951,9255,97,100,1,0,0
1817,12,9,1024,0,404,19,14,7,1,8,-70,4,1371,10544,112,100,1,0,0
1817,3,1,512,0,382,10,3,7,2,1,-64,10,3044,30832,119,36,2,1,1
1818,14,15,1536,0,385,15,3,7,1,6,-52,2,729,10195,108,100,1,0,0
1817,8,4,768,10,438,14,21,7,1,4,-52,6,309,8490,115,100,1,0,0
1818,7,3,768,0,429,12,13,7,1,4,-52,9,3154,26063,113,100,2,0,0
1817,18,14,1792,0,343,18,6,5,1,5,-52,1,287,6472,99,100,1,0,0
1819,9,4,768,0,392,20,3,7,1,6,-70,6,2861,20196,114,100,3,0,0
1819,17,12,1280,10,274,13,2,7,1,4,-70,0,637,6937,87,100,1,0,0
1819,20,15,1536,0,386,15,6,7,1,4,-70,0,379,5363,97,100,1,0,0
1822,11,7,1024,20,388,17,24,7,1,6,-52,6,2440,21128,103,100,2,0,0
1823,4,1,512,10,386,14,10,7,2,3,-66,10,2720,20909,121,100,1,0,0
1821,16,12,1280,0,390,12,20,7,1,5,-52,3,1650,15653,97,100,2,0,0
1823,1,0,256,0,25,0,0,4,0,0,0,10,1265,15021,1609,100,1,0,0
1822,15,11,1280,10,416,14,24,7,1,4,-52,4,1382,13487,104,100,1,0,0
1823,13,9,1024,10,233,18,9,7,1,6,-52,2,513,8190,82,100,2,0,0
1825,5,4,768,0,415,10,1,6,1,1,-52,2,1246,16774,121,100,1,0,0
1824,18,14,1792,0,347,18,6,5,1,5,-52,1,901,11863,100,100,1,0,0
1827,7,3,768,0,431,12,13,7,1,4,-52,9,2233,19841,114,100,3,0,0
1827,3,1,512,0,382,10,3,7,2,1,-64,10,2923,29461,120,64,2,1,1
1828,6,2,1024,0,404,15,2,7,1,6,-52,5,1522,22002,115,100,2,0,0
1827,9,4,768,30,395,20,3,7,1,6,-70,6,2313,17130,115,100,2,0,0
1824,12,9,1024,10,406,19,15,7,1,8,-70,4,1542,18224,113,100,2,0,0
1829,8,4,768,0,441,14,21,7,1,4,-52,6,802,19546,115,100,3,0,0
1826,14,15,1536,10,389,15,3,7,1,6,-52,2,1807,23745,109,100,3,0,0
1829,12,9,1024,0,407,19,15,7,1,8,-70,4,901,9906,113,100,1,0,0
1832,9,4,768,30,397,20,3,7,1,6,-70,6,1326,9707,115,100,1,0,0
1832,4,1,512,0,392,14,10,7,2,3,-66,10,4288,28630,122,100,4,0,0
1826,21,16,1536,0,359,14,9,5,1,4,-70,0,1433,12381,87,100,2,0,0
1829,17,12,1280,0,277,13,2,7,1,4,-70,0,1301,11177,88,100,3,0,0
1833,10,6,1280,10,433,18,9,7,1,7,-52,2,364,6993,115,100,2,0,0
1835,1,0,256,0,25,0,0,4,0,0,0,10,1965,25453,1621,100,2,0,0
1833,13,9,1024,10,237,18,9,7,1,6,-52,2,872,10114,83,100,3,0,0
1832,18,14,1792,0,349,18,6,5,1,5,-52,1,750,11544,100,100,2,0,0
1836,3,1,512,0,384,10,4,7,2,1,-64,10,2807,27050,121,42,2,1,1
1833,16,12,1280,10,396,12,20,7,1,5,-52,3,1852,16505,98,100,4,0,0
1836,7,3,768,0,436,12,13,7,1,4,-52,9,2968,23037,115,100,2,0,0
1837,4,1,512,20,394,14,10,7,2,3,-66,10,2201,14232,122,100,1,0,0
1832,21,16,1536,20,362,14,9,5,1,4,-70,0,872,6074,88,100,1,0,0
1838,2,3,768,0,410,9,1,6,1,3,-52,4,2035,19580,120,100,2,0,0
1836,18,14,1792,0,352,18,6,5,1,5,-52,1,707,8120,101,100,1,0,0
1838,5,4,768,10,419,10,1,6,1,1,-52,2,1125,18171,122,100,3,0,0
1838,8,4,768,10,444,14,21,7,1,4,-52,6,761,15662,116,100,2,0,0
1837,17,12,1280,0,279,13,2,7,1,4,-70,0,675,8096,88,100,2,0,0
1837,13,9,1024,0,237,18,9,7,1,6,-52,2,311,4770,83,100,1,0,0
1840,12,9,1024,10,407,19,15,7,1,8,-70,4,2536,26617,114,100,2,0,0
1843,9,4,768,10,400,20,3,7,1,6,-70,6,3413,22741,116,100,3,0,0
1840,21,16,1536,0,364,14,9,5,1,4,-70,0,754,8584,88,100,2,0,0
1844,1,0,256,0,26,0,0,4,0,0,0,10,1991,21015,1629,100,3,0,0
1842,13,9,1024,0,238,18,9,7,1,6,-52,2,703,5090,84,100,1,0,0
1843,10,6,1280,0,436,18,9,7,1,7,-52,2,940,14425,116,100,2,0,0
1844,16,12,1280,0,399,12,20,7,1,5,-52,3,2098,16199,99,100,2,0,0
1845,4,1,512,20,398,15,10,7,2,3,-66,10,4630,26891,122,100,3,0,0
1845,5,4,768,0,419,10,1,6,1,1,-52,2,632,10876,122,100,1,0,0
1844,17,12,1280,10,283,13,2,7,1,4,-70,0,738,7147,89,100,1,0,0
1847,3,1,512,0,387,11,4,7,2,1,-64,10,3084,34027,121,55,2,1,1
1845,11,7,1024,20,393,17,24,7,1,6,-52,6,1232,8710,105,100,2,0,0
1848,1,0,256,0,27,0,0,4,0,0,0,10,1129,11716,1636,100,2,0,0
1845,21,16,1536,10,366,14,9,5,1,4,-70,0,500,4482,89,100,1,0,0
1850,9,4,768,40,402,21,3,7,1,6,-70,6,2438,16814,116,100,2,0,0
1850,8,4,768,0,447,15,21,7,1,4,-52,6,1185,20719,117,100,3,0,0
1848,12,9,1024,10,410,19,15,7,1,8,-70,4,2360,19439,114,100,2,0,0
1851,4,1,512,20,400,15,10,7,2,3,-66,10,2896,18398,123,100,1,0,0
1847,13,9,1024,0,240,18,9,7,1,6,-52,2,493,5298,84,100,2,0,0
1854,8,4,768,0,447,15,21,7,1,4,-52,6,381,6824,117,100,1,0,0
1851,17,12,1280,0,286,13,2,7,1,4,-70,0,779,6728,89,100,3,0,0
1854,5,4,768,10,422,11,1,6,1,1,-52,2,992,13799,123,100,3,0,0
1851,21,16,1536,0,369,14,9,5,1,4,-70,0,830,7033,89,100,1,0,0
1853,16,12,1280,0,403,12,20,7,1,5,-52,3,1465,12801,99,100,2,0,0
1854,7,3,768,50,445,12,13,7,1,4,-52,9,3125,22836,116,100,2,0,0
1854,6,2,1024,10,415,15,2,7,1,6,-52,5,1441,16034,117,100,2,0,0
1854,13,9,1024,0,242,19,9,7,1,6,-52,2,752,6421,85,100,1,0,0
1857,1,0,256,0,27,0,0,4,0,0,0,10,1696,19746,1644,100,1,0,0
1857,12,9,1024,0,412,20,15,7,1,8,-70,4,2558,23742,115,100,2,0,0
1857,3,1,512,0,388,11,4,7,2,1,-64,10,2925,32007,122,31,2,1,1
1858,7,3,768,50,449,12,13,7,1,4,-52,9,1243,10324,116,100,1,0,0
1858,13,9,1024,0,245,19,9,7,1,6,-52,2,630,4999,85,100,1,0,0
1860,4,1,512,0,403,15,10,7,2,3,-66,10,3980,27113,123,100,1,0,0
1859,9,4,768,20,403,21,3,7,1,6,-70,6,3237,23298,117,100,2,0,0
1859,6,2,1024,0,416,15,2,7,1,6,-52,5,712,9567,117,100,1,0,0
1858,11,7,1024,10,396,17,24,7,1,6,-52,6,1768,17122,106,100,2,0,0
1857,20,15,1536,20,400,15,6,7,1,4,-70,0,680,8043,100,100,1,0,0
1860,21,16,1536,10,372,14,9,5,1,4,-70,0,1301,10417,89,100,2,0,0
1858,14,15,1536,0,396,15,3,7,1,6,-52,2,799,13541,111,100,1,0,0
1862,7,3,768,0,451,12,13,7,2,4,-52,9,2263,12218,116,100,1,0,0
1862,5,4,768,0,424,11,1,6,1,1,-52,2,549,13015,123,100,1,0,0
1863,15,11,1280,10,433,14,24,7,1,4,-52,4,2451,21018,107,100,1,0,0
1863,3,1,512,10,389,11,4,7,2,1,-64,10,2381,19143,122,53,1,1,1
1862,20,15,1536,0,401,15,6,7,1,4,-70,0,520,5380,100,100,2,0,0
1862,8,4,768,0,452,15,21,7,1,4,-52,6,1222,18319,118,100,2,0,0
1864,9,4,768,0,404,21,3,7,1,6,-70,6,1349,10253,117,100,1,0,0
1865,4,1,512,20,405,16,10,7,2,3,-66,10,2015,14669,124,100,1,0,0
1863,16,12,1280,10,410,12,20,7,1,5,-52,3,2001,15576,100,100,2,0,0
1866,1,0,256,0,28,0,0,4,0,0,0,10,2154,22991,1652,100,3,0,0
1866,12,9,1024,0,412,20,15,7,1,8,-70,4,1610,19873,115,100,1,0,0
1868,3,1,512,0,390,12,4,7,2,1,-64,10,1873,17635,123,30,1,1,1
1868,10,6,1280,0,450,18,9,7,1,7,-52,2,994,9675,118,100,3,0,0
1869,11,7,1024,10,399,17,24,7,1,6,-52,6,1414,12513,106,100,1,0,0
1867,13,9,1024,10,249,19,9,7,1,6,-52,2,844,9160,85,100,1,0,0
1871,5,4,768,0,426,11,1,6,1,1,-52,2,979,12870,124,100,2,0,0
1872,4,1,512,10,405,16,10,7,2,3,-66,10,2537,21413,124,100,1,0,0
1869,16,12,1280,0,413,12,20,7,1,5,-52,3,1112,8919,101,100,1,0,0
1872,13,9,1024,0,250,19,9,7,1,6,-52,2,467,4924,86,100,2,0,0
1872,8,4,768,0,454,15,21,7,1,4,-52,6,667,17318,118,100,1,0,0
1872,21,16,1536,10,377,14,9,5,1,4,-70,0,714,6584,90,100,1,0,0
1876,2,3,768,20,418,9,1,6,1,3,-52,4,1236,12869,123,100,1,0,0
1877,1,0,256,0,28,0,0,4,0,0,0,10,1438,21619,1659,100,2,0,0
1875,9,5,1024,0,405,23,3,7,1,7,-52,6,3780,24623,118,100,3,0,0
1877,5,4,768,20,427,11,1,6,1,1,-52,3,1734,12281,124,100,1,0,0
1873,18,14,1792,0,364,18,6,5,1,5,-52,1,1044,12071,103,100,2,0,0
1878,11,7,1024,10,401,17,24,7,1,6,-52,6,3441,21615,107,100,2,0,0
1877,8,4,768,10,456,15,21,7,1,4,-52,6,556,9197,119,100,1,0,0
1876,12,9,1280,0,413,20,15,7,1,8,-70,4,1775,22707,116,100,2,0,0
1879,4,1,512,10,406,16,10,7,2,3,-66,10,2624,19959,125,100,2,0,0
1880,3,1,512,0,391,12,4,7,2,1,-64,10,3147,37863,124,22,2,1,1
1880,18,14,1792,0,366,18,6,5,1,5,-52,1,527,10420,103,100,1,0,0
1881,14,15,1536,10,402,15,3,7,1,6,-52,2,1404,21907,112,100,1,0,0
1882,15,11,1280,20,436,14,24,7,1,4,-52,4,3094,23808,108,100,2,0,0
1879,6,2,1024,0,418,15,2,7,1,6,-52,5,811,14524,118,100,1,0,0
1878,13,9,1280,10,253,20,9,7,1,6,-52,2,703,6815,86,100,2,0,0
1884,4,1,512,0,407,16,10,7,2,3,-66,10,1608,12998,125,100,0,0,0
1880,21,16,1536,0,380,14,9,5,1,4,-70,0,720,7380,91,100,1,0,0
1884,5,4,768,40,432,11,1,6,1,1,-52,5,2409,14446,125,100,1,0,0
1881,16,12,1280,0,417,12,20,7,1,5,-52,3,1540,15690,101,100,2,0,0
1882,19,15,1536,0,7,1,2,7,1,1,-52,0,625,6456,7,100,3,0,0
1886,7,3,768,0,458,12,13,7,2,4,-52,9,2235,15841,118,100,1,0,0
1885,11,7,1024,0,404,17,24,7,1,6,-52,6,1866,14398,107,100,2,0,0
1886,6,2,1024,0,419,15,2,7,1,6,-52,5,795,11951,119,100,1,0,0
1883,20,15,1536,10,412,15,6,7,1,4,-70,0,561,4824,102,100,1,0,0
1884,12,9,1280,10,413,21,15,7,1,8,-70,4,938,16756,116,100,1,0,0
1887,1,0,256,0,29,0,0,4,0,0,0,10,2556,25197,1670,100,3,0,0
1886,2,3,768,20,422,9,1,6,1,3,-52,4,2337,19528,123,100,2,0,0
1887,10,6,1280,0,454,18,9,7,1,7,-52,2,622,11961,119,100,2,0,0
1886,9,5,1024,0,410,23,3,7,1,7,-52,6,2949,23955,119,100,3,0,0
1886,8,4,768,10,460,15,21,7,1,4,-52,6,1067,15421,119,100,3,0,0
1888,14,15,1536,0,404,15,3,7,1,6,-52,2,1094,15498,113,100,3,0,0
1886,16,12,1280,0,417,12,20,7,1,5,-52,3,462,6566,102,100,1,0,0
1889,12,9,1280,10,415,21,15,7,1,8,-70,4,1003,10610,117,100,2,0,0
1891,7,3,768,0,460,12,13,7,2,4,-52,9,1632,13176,118,100,2,0,0
1890,13,9,1280,0,254,20,9,7,1,6,-52,2,839,11404,87,100,2,0,0
1890,20,15,1536,0,415,15,6,7,1,4,-70,0,998,7663,102,100,3,0,0
1890,18,14,1792,0,370,18,6,5,1,5,-52,1,1040,14715,104,100,4,0,0
1891,3,1,512,10,394,13,4,7,2,1,-64,10,5924,41940,124,100,2,1,1
1891,16,12,1280,0,421,12,20,7,1,5,-52,3,969,6642,102,100,2,0,0
1892,9,5,1024,10,411,23,3,7,1,7,-52,6,1491,11321,119,100,1,0,0
1892,14,15,1536,0,405,15,3,7,1,6,-52,2,536,10091,113,100,0,0,0
1893,15,11,1280,0,439,14,25,7,1,4,-52,4,3392,26424,109,100,3,0,0
1894,4,1,512,10,411,17,10,7,2,3,-66,10,4576,31914,126,100,2,0,0
1894,1,0,256,0,29,0,0,4,0,0,0,10,1649,18376,1678,100,1,0,0
1892,19,15,1571,10,8,1,2,7,1,1,-52,0,1293,11522,8,100,4,0,0
1892,21,16,1536,0,384,14,9,5,1,4,-70,0,1108,12081,92,100,3,0,0
1895,11,7,1024,0,408,17,24,7,1,6,-52,6,2956,23286,108,100,3,0,0
1896,3,1,512,10,396,13,4,7,2,1,-64,10,2415,17092,125,100,1,1,1
1896,5,4,768,0,433,11,1,6,1,1,-52,5,2792,21487,125,100,2,0,0
1897,6,2,1024,10,420,15,2,7,1,6,-52,5,1208,20233,119,100,2,0,0
1897,2,3,768,20,424,9,1,6,1,3,-52,4,1685,19209,124,100,3,0,0
1899,7,3,768,0,463,12,13,7,2,4,-52,9,2384,19864,119,100,1,0,0
1898,8,4,768,0,464,15,21,7,1,4,-52,6,1389,21851,120,100,2,0,0
1897,21,16,1536,0,385,14,9,5,1,4,-70,0,370,5607,92,100,0,0,0
1898,10,6,1280,10,459,18,9,7,1,7,-52,2,1091,16647,120,100,4,0,0
1898,14,15,1536,0,407,15,3,7,1,6,-52,2,1041,14869,113,100,3,0,0
1900,1,0,256,0,29,0,0,4,0,0,0,10,1512,13878,1687,100,1,0,0
1900,15,11,1280,0,442,14,25,7,1,4,-52,4,1883,18400,109,100,1,0,0
1900,18,14,1792,0,372,18,6,5,1,5,-52,1,832,14775,105,100,3,0,0
1902,3,1,512,0,397,13,4,7,2,1,-64,10,3379,22193,125,100,1,1,1
1902,4,1,512,10,415,17,10,7,2,3,-66,10,3076,23467,126,100,2,0,0
1899,12,9,1280,0,419,21,15,7,1,8,-70,4,1759,21703,117,100,3,0,0
1900,9,5,1024,0,413,23,3,7,1,7,-52,6,2278,17822,120,100,2,0,0
1899,16,12,1280,0,423,12,20,7,1,5,-52,3,1508,12122,103,100,3,0,0
1901,13,9,1280,0,256,20,9,7,1,6,-52,2,856,11217,88,100,2,0,0
1900,20,15,1536,10,417,15,6,7,1,4,-70,0,885,11358,103,100,2,0,0
1904,7,3,768,10,464,12,13,7,2,4,-52,9,2019,14426,119,100,1,0,0
1903,11,7,1024,20,412,17,24,7,1,6,-52,6,2390,17852,109,100,2,0,0
1904,16,12,1280,0,423,12,21,7,1,5,-52,3,309,5396,103,100,1,0,0
1905,6,2,1024,10,420,15,2,7,1,6,-52,5,1052,15082,120,100,2,0,0
1902,19,15,1554,10,10,1,2,7,1,1,-52,0,1102,11494,9,100,3,0,0
1906,3,1,512,0,399,13,4,7,2,1,-64,10,2528,17372,125,100,1,1,1
1907,5,4,768,0,441,11,1,6,1,1,-52,5,3214,20881,126,100,2,0,0
1906,2,3,768,10,425,9,1,6,1,3,-52,4,1286,13605,125,100,1,0,0
1907,9,5,1024,0,415,23,3,7,1,7,-52,6,1590,14499,120,100,2,0,0
1907,8,4,768,10,465,15,21,7,1,4,-52,6,643,15960,121,100,2,0,0
1907,12,9,1280,0,422,21,16,7,1,8,-70,4,1574,19408,118,100,2,0,0
1909,10,6,1280,0,463,18,9,7,1,7,-52,2,914,16330,120,100,2,0,0
1909,11,7,1024,10,415,17,24,7,1,6,-52,6,1221,11219,109,100,1,0,0
1909,7,3,768,0,466,12,13,7,2,4,-52,9,1414,12765,119,100,2,0,0
1909,21,16,1536,0,392,14,9,5,1,4,-70,0,1482,12643,93,100,4,0,0
1909,16,12,1280,0,425,12,21,7,1,5,-52,3,909,8349,103,100,2,0,0
1907,15,11,1280,10,445,14,25,7,1,4,-52,4,1936,17575,110,100,2,0,0
1909,14,15,1536,0,410,15,3,7,1,6,-52,2,1360,25142,114,100,2,0,0
1911,1,0,256,0,29,0,0,4,0,0,0,10,2523,26914,1699,100,2,0,0
1911,6,2,1024,0,420,15,2,7,1,6,-52,5,608,10244,120,100,1,0,0
1911,13,9,1280,0,260,20,9,7,1,6,-52,2,853,10076,88,100,3,0,0
1910,18,14,1792,0,377,18,6,5,1,5,-52,1,949,15544,106,100,2,0,0
1913,4,1,512,20,419,17,10,7,2,3,-66,10,4092,30768,127,100,2,0,0
1913,3,1,512,10,400,13,4,7,2,1,-64,10,2669,22103,126,100,1,1,1
1914,5,4,768,0,442,11,1,6,1,1,-52,5,1638,12773,127,100,2,0,0
1914,2,3,768,0,428,9,1,6,1,3,-52,4,1772,14845,125,100,2,0,0
1914,8,4,768,0,468,15,21,7,1,4,-52,6,596,12052,121,100,3,0,0
1912,19,15,1536,10,11,1,2,7,1,1,-52,0,842,10091,9,100,4,0,0
1915,10,6,1280,0,464,18,9,7,1,7,-52,2,520,10214,121,100,2,0,0
1915,9,5,1024,10,417,23,3,7,1,7,-52,6,2155,17951,121,100,1,0,0
1913,12,9,1280,20,424,21,16,7,1,8,-70,4,1056,13244,118,100,2,0,0
1915,14,15,1536,0,411,15,3,7,1,6,-52,2,1196,14415,115,100,2,0,0
1918,11,7,1024,10,420,17,24,7,1,6,-52,6,2936,20065,109,100,3,0,0
1912,21,16,1536,0,392,14,9,5,1,4,-70,0,264,4326,93,100,1,0,0
1918,15,11,1280,20,448,14,25,7,1,4,-52,4,2367,23069,110,100,3,0,0
1919,1,0,256,0,29,0,0,4,0,0,0,10,2076,20790,1712,100,1,0,0
1914,16,12,1280,10,426,12,21,7,1,5,-52,3,716,6788,104,100,1,0,0
1918,2,3,768,0,428,9,1,6,1,3,-52,4,531,6657,125,100,0,0,0
1918,13,9,1280,10,263,20,9,7,1,6,-52,2,574,6662,89,100,2,0,0
1894,17,9,1408,80,293,15,2,7,0,5,-95,0,326,6378,91,100,2,0,0
1920,3,1,512,0,402,13,4,7,2,1,-64,10,3129,25737,126,100,2,1,1
1916,18,14,1792,0,379,18,6,5,1,5,-52,1,771,9135,106,100,2,0,0
1920,21,16,1536,0,393,14,9,5,1,4,-70,0,617,7019,93,100,1,0,0
1921,7,3,768,0,469,12,13,7,2,4,-52,9,3753,29479,120,100,3,0,0
1900,17,9,1408,80,295,15,2,7,0,5,-95,0,442,4583,91,100,1,0,0
1921,5,4,768,10,443,11,1,6,1,1,-52,6,2397,15021,127,100,1,0,0
1922,19,15,1536,10,11,1,2,7,1,1,-52,0,749,8752,10,100,2,0,0
1921,6,2,1024,0,422,15,2,7,1,6,-52,5,1527,21926,121,100,2,0,0
1921,9,5,1024,10,420,23,3,7,1,7,-52,6,2908,18485,121,100,3,0,0
1908,17,9,1408,70,296,15,2,7,0,5,-95,0,277,7192,92,100,1,0,0
1925,4,1,512,10,421,17,10,7,2,3,-66,10,4390,34434,128,100,2,0,0
1919,17,9,1142,80,302,15,2,7,1,5,-95,1,2384,12739,92,100,4,0,0
1925,10,6,1280,10,468,18,9,7,1,7,-52,2,972,14308,121,100,3,0,0
1926,11,7,1024,0,422,17,24,7,1,6,-52,6,1645,16795,110,100,2,0,0
1925,7,3,768,0,470,12,13,7,2,4,-52,9,820,10961,121,100,1,0,0
1924,12,9,1280,0,426,21,17,7,1,8,-70,3,2398,26244,119,100,4,0,0
1925,14,15,1536,0,413,15,3,7,1,6,-52,2,922,20966,115,100,2,0,0
1925,2,3,768,0,430,9,1,6,1,3,-52,4,1399,11272,126,100,2,0,0
1926,17,9,1049,20,304,15,2,7,1,5,-95,1,1546,9489,93,100,1,0,0
1927,8,4,768,0,472,15,21,7,1,4,-52,6,987,20643,122,100,2,0,0
1928,1,0,256,0,29,0,0,4,0,0,0,10,1780,19658,1721,100,2,0,0
1927,18,14,1792,0,380,18,6,5,1,5,-52,1,757,14570,107,100,1,0,0
1925,21,16,1536,0,393,14,9,5,1,4,-70,0,342,5561,94,100,1,0,0
1926,6,2,1024,10,423,15,2,7,1,6,-52,5,768,9446,121,100,1,0,0
1929,4,1,512,10,421,17,10,7,2,3,-66,10,1781,12774,128,100,1,0,0
1929,3,1,512,10,402,13,4,7,2,1,-64,10,4124,31884,127,100,1,1,1
1929,10,6,1280,10,469,18,9,7,1,7,-52,2,404,6355,122,100,1,0,0
1926,16,12,1280,0,429,12,22,7,1,5,-52,3,1701,16498,104,100,5,0,0
1930,15,11,1280,0,451,14,26,7,1,4,-52,4,2479,25998,111,100,3,0,0
1929,2,3,768,0,430,9,1,6,1,3,-52,4,1035,8425,126,100,0,0,0
1928,13,9,1280,10,267,20,9,7,1,6,-52,2,984,11195,89,100,3,0,0
1930,19,15,1536,0,12,1,2,7,1,1,-52,0,651,8936,10,100,3,0,0
1933,1,0,256,0,29,0,0,4,0,0,0,10,1380,12642,1729,100,1,0,0
1932,5,4,768,10,447,11,1,6,1,1,-52,6,2987,19368,128,100,2,0,0
1932,9,5,1024,0,421,23,3,7,1,7,-52,6,3681,26086,122,100,2,0,0
1932,12,9,1280,0,428,21,17,7,1,8,-70,3,1385,16101,120,100,3,0,0
1932,14,15,1536,0,416,15,3,7,1,6,-52,2,1530,16563,116,100,3,0,0
1933,16,12,1280,0,432,12,22,7,1,5,-52,3,825,9164,105,100,2,0,0
1934,17,9,1343,10,306,16,2,7,1,5,-95,1,1378,10154,93,100,4,0,0
1935,8,4,768,0,475,15,21,7,1,4,-52,6,722,14999,122,100,3,0,0
1932,21,16,1536,0,395,14,9,5,1,4,-70,0,659,7757,94,100,2,0,0
1932,7,3,768,20,473,12,13,7,1,4,-52,9,2086,16726,121,100,3,0,0
1935,13,9,1280,0,271,20,9,7,1,6,-52,2,1014,7446,90,100,2,0,0
1934,10,6,1280,0,471,18,9,7,1,7,-52,2,523,7623,122,100,2,0,0
1936,12,9,1280,0,429,21,17,7,1,8,-70,3,1171,10058,120,100,2,0,0
1932,18,14,1792,0,385,18,6,5,1,5,-52,1,1059,9166,107,100,2,0,0
1938,4,1,512,30,425,17,10,7,2,3,-66,10,4462,28966,129,100,1,0,0
1938,5,4,768,10,449,11,1,6,1,1,-52,7,2219,13402,128,100,1,0,0
1934,19,15,1568,0,13,1,2,7,1,1,-52,0,839,5392,11,100,2,0,0
1937,21,16,1536,30,399,14,9,5,1,4,-70,0,937,5741,95,100,2,0,0
1939,16,12,1280,10,434,12,22,7,1,5,-52,3,1253,9297,105,100,2,0,0
1940,3,1,512,80,408,13,4,7,1,1,-64,10,4589,34520,128,100,3,1,1
1941,12,9,1280,0,431,21,17,7,1,8,-70,3,900,10331,120,100,0,0,0
1938,18,14,1792,10,386,18,6,5,1,5,-52,1,633,8403,107,100,1,0,0
1936,6,2,1024,10,425,15,2,7,1,6,-52,5,1349,18161,122,100,2,0,0
1940,7,3,768,0,474,12,13,7,1,4,-52,9,2198,17559,121,100,1,0,0
1938,10,6,1280,0,473,18,9,7,1,7,-52,2,601,8367,122,100,2,0,0
1944,1,0,256,0,29,0,0,4,0,0,0,10,2605,25232,1741,100,2,0,0
1942,15,11,1280,10,455,14,26,7,1,4,-52,4,2912,28949,112,100,3,0,0
1941,19,15,1561,10,14,1,2,7,1,1,-52,0,644,7359,11,100,2,0,0
1942,9,5,1024,0,422,23,3,7,1,7,-52,6,3216,25669,123,100,2,0,0
1945,3,1,512,10,411,13,4,7,2,1,-64,10,2725,16945,128,100,1,1,1
1945,4,1,512,30,427,17,10,7,2,3,-66,10,2523,19665,129,100,2,0,0
1942,13,9,1280,0,271,20,9,7,1,6,-52,2,286,6921,90,100,1,0,0
1944,6,2,1024,0,428,15,2,7,1,6,-52,5,1502,14599,123,100,1,0,0
1944,5,4,768,10,451,11,1,6,1,1,-52,7,1995,12894,129,100,1,0,0
1945,11,7,1024,0,427,17,24,7,1,6,-52,6,2232,20228,111,100,3,0,0
1945,8,4,768,0,476,15,21,7,1,4,-52,6,618,17176,123,100,2,0,0
1943,21,16,1536,0,400,14,9,5,1,4,-70,0,605,6517,95,100,1,0,0
1947,18,14,1792,0,391,18,6,5,1,5,-52,1,1153,13865,108,100,3,0,0
1947,14,15,1536,0,422,15,3,7,1,6,-52,2,1734,25108,117,100,3,0,0
1945,10,6,1280,0,475,18,9,7,1,7,-52,2,584,10835,123,100,1,0,0
1944,17,9,1280,30,311,16,2,7,1,5,-95,1,2302,14604,94,100,2,0,0
1945,16,12,1280,20,439,12,22,7,1,5,-52,3,1404,9823,106,100,1,0,0
1948,7,3,768,0,478,12,13,7,1,4,-52,9,2596,21642,122,100,2,0,0
1949,1,0,256,0,29,0,0,4,0,0,0,10,1759,15468,1750,100,1,0,0
1948,12,9,1280,0,432,21,17,7,1,8,-70,3,1538,16923,121,100,2,0,0
1948,15,11,1280,0,456,14,26,7,1,4,-52,4,1590,17219,113,100,2,0,0
1949,2,3,768,0,432,10,1,6,1,3,-52,4,1984,19986,127,100,2,0,0
1949,9,5,1024,10,426,23,3,7,1,7,-52,6,2472,17979,123,100,2,0,0
1949,6,2,1024,10,430,15,2,7,1,6,-52,5,984,9311,123,100,1,0,0
1951,4,1,512,10,428,17,10,7,2,3,-66,10,3155,19638,130,100,1,0,0
1951,18,14,1792,0,392,18,6,5,1,5,-52,1,372,6984,108,100,1,0,0
1953,3,1,512,0,413,13,4,7,2,1,-64,10,3695,26427,128,100,4,1,1
1953,7,3,768,10,478,12,13,7,1,4,-52,9,933,10539,122,100,1,0,0
1954,15,11,1280,0,457,14,26,7,1,4,-52,4,720,12022,113,100,1,0,0
1951,13,9,1280,0,273,20,9,7,1,6,-52,2,801,9064,91,100,3,0,0
1951,21,16,1536,0,402,14,9,5,1,4,-70,0,812,8775,96,100,3,0,0
1956,14,15,1536,20,426,15,3,7,1,6,-52,2,1311,21464,117,100,3,0,0
1956,5,4,768,20,454,11,1,6,1,1,-52,9,3350,22443,129,100,2,0,0
1957,8,4,768,0,478,15,21,7,1,4,-52,6,737,19802,124,100,4,0,0
1954,9,5,1024,0,428,23,3,7,1,7,-52,6,1388,11824,123,100,2,0,0
1958,4,1,512,0,429,17,10,7,2,3,-66,10,2103,17612,130,100,2,0,0
1955,16,12,1536,10,444,13,22,7,1,5,-52,5,2089,15927,106,100,3,0,0
1957,13,9,1280,10,278,20,9,7,1,6,-52,2,707,5918,91,100,2,0,0
1959,1,0,256,0,29,0,0,4,0,0,0,10,1800,22414,1759,100,2,0,0
1958,12,9,1280,0,436,21,18,7,1,8,-70,5,2274,24337,121,100,4,0,0
1958,21,16,1536,0,404,14,9,5,1,4,-70,0,680,7069,96,100,1,0,0
1959,9,5,1024,0,431,23,3,7,1,7,-52,7,1726,13278,124,100,2,0,0
1962,4,1,512,0,432,17,10,7,2,3,-66,10,2429,14565,130,100,2,0,0
1962,2,3,768,0,438,10,1,6,1,3,-52,4,1257,9558,128,100,1,0,0
1961,14,15,1536,0,427,15,3,7,1,6,-52,2,813,12384,118,100,1,0,0
1962,16,12,1536,0,445,13,23,7,1,5,-52,5,1196,9245,107,100,3,0,0
1964,3,1,512,0,415,13,4,7,2,1,-64,9,3647,33499,129,40,2,1,1
1964,1,0,256,0,29,0,0,4,0,0,0,10,942,10242,1764,100,1,0,0
1962,13,9,1280,0,279,20,9,7,1,6,-52,2,526,5599,92,100,2,0,0
1948,17,16,1664,100,312,17,2,7,0,6,-52,1,1257,6380,94,100,0,0,0
1959,17,16,1664,90,317,18,2,7,0,6,-52,1,1599,13675,94,100,4,0,0
1964,11,7,1024,10,433,17,24,7,1,6,-52,5,1531,14825,113,100,2,0,0
1966,5,4,768,0,455,11,1,6,1,1,-52,9,3189,18923,130,100,2,0,0
1963,18,14,1792,0,399,18,6,5,1,5,-52,1,1126,12342,109,100,2,0,0
1966,8,4,768,20,482,16,21,7,1,4,-52,6,649,17102,124,100,2,0,0
1949,20,17,1536,0,433,18,6,7,1,5,-70,0,2095,12219,106,100,2,0,0
1967,6,2,1024,0,438,15,2,7,1,6,-52,5,1176,16378,124,100,1,0,0
1968,16,12,1536,0,448,13,23,7,1,5,-52,5,1079,9597,107,100,2,0,0
1968,9,5,1024,20,437,23,3,7,1,7,-52,7,3543,23867,124,100,3,0,0
1969,1,0,256,0,29,0,0,4,0,0,0,10,1460,15007,1769,100,1,0,0
1969,2,3,768,0,439,10,1,6,1,3,-52,4,895,10795,129,100,1,0,0
1970,5,4,768,10,457,12,1,6,1,1,-52,9,1157,7873,130,100,0,0,0
1968,12,9,1280,10,440,21,19,7,1,8,-70,5,2164,22436,122,100,3,0,0
1969,17,9,1280,50,320,20,2,7,1,7,-95,1,2379,14715,94,100,4,0,0
1972,4,1,512,0,436,17,10,7,2,3,-66,10,4257,29748,131,100,2,0,0
1973,8,4,768,0,485,16,21,7,1,4,-52,6,966,11993,125,100,3,0,0
1973,3,1,512,10,420,13,4,7,2,1,-64,9,4297,32266,130,47,2,1,1
1972,12,9,1280,0,442,21,19,7,1,8,-70,5,659,8333,122,100,2,0,0
1975,13,9,1280,0,283,20,10,7,1,6,-52,2,1118,12065,92,100,4,0,0
1976,9,5,1024,50,440,23,3,7,1,7,-52,7,2277,18075,125,100,2,0,0
1977,5,4,768,0,461,12,1,6,1,1,-52,10,2384,15048,131,100,2,0,0
1977,10,6,1280,0,488,18,9,7,1,7,-52,2,1118,12359,125,100,2,0,0
1978,4,1,512,10,437,17,10,7,2,3,-66,10,2034,15522,131,100,3,0,0
1978,2,3,768,0,443,10,1,6,1,3,-52,4,1584,15728,129,100,2,0,0
1978,8,4,768,10,487,16,21,7,1,4,-52,6,470,9345,125,100,2,0,0
1979,1,0,256,0,29,0,0,4,0,0,0,10,1666,21853,1777,100,2,0,0
1974,20,21,2048,60,439,22,6,7,0,7,-52,0,491,8519,107,100,3,0,0
1979,17,9,1280,0,322,20,2,7,1,7,-95,2,1841,15244,94,100,3,0,0
1978,16,12,1536,0,449,13,23,7,1,5,-52,5,832,12800,108,100,4,0,0
1982,4,1,512,0,438,17,10,7,2,3,-66,10,2151,15466,132,100,0,0,0
1983,15,11,1280,10,464,14,26,7,1,4,-52,3,1683,18168,115,100,3,0,0
1982,18,14,1792,0,404,18,6,5,1,5,-52,1,735,8426,110,100,2,0,0
1983,8,4,768,0,489,16,21,7,1,4,-52,6,617,9603,125,100,1,0,0
1983,9,5,1024,30,441,23,3,7,1,7,-52,7,2288,16930,125,100,3,0,0
1984,3,1,512,0,425,13,4,7,2,1,-64,9,3287,33853,131,50,2,1,1
1981,12,9,1280,0,445,21,19,7,1,8,-70,5,1450,18934,123,100,2,0,0
1983,13,9,1280,0,284,20,10,7,1,6,-52,2,566,8236,93,100,3,0,0
1985,5,4,768,10,463,12,1,6,1,1,-52,10,2601,16838,131,100,1,0,0
1964,21,17,1953,10,406,15,9,5,0,5,-52,0,733,6525,96,100,2,0,0
1959,19,16,1664,60,15,3,2,7,0,2,-70,0,731,7628,12,100,3,0,0
1987,1,0,256,0,29,0,0,4,0,0,0,10,1402,17840,1783,100,1,0,0
1974,19,16,1664,80,18,3,2,7,0,2,-70,0,312,4155,13,100,2,0,0
1989,11,7,1024,0,441,17,25,7,1,6,-52,5,1659,14716,114,100,3,0,0
1985,19,16,1792,30,20,4,2,7,1,2,-70,0,1310,11276,14,100,2,0,0
1986,16,12,1536,0,453,13,23,7,1,5,-52,5,1934,13635,108,100,2,0,0
1990,8,4,768,10,493,16,21,7,1,4,-52,6,986,12705,126,100,2,0,0
1970,21,17,1953,70,407,16,9,5,0,5,-52,0,181,5092,97,100,1,0,0
1992,6,2,1024,0,442,15,2,7,1,6,-52,5,1256,14267,126,100,2,0,0
1987,12,9,1280,0,447,21,19,7,1,8,-70,5,1962,15416,123,100,2,0,0
1992,9,5,1024,90,444,23,3,7,1,7,-52,7,3680,24065,126,100,1,0,0
1981,21,17,1708,70,412,16,9,5,0,5,-52,0,1476,11150,97,100,4,0,0
1993,4,1,512,10,443,17,10,7,2,3,-66,10,5929,36849,133,100,4,0,0
1995,1,0,256,0,29,0,0,4,0,0,0,10,1723,18326,1794,100,2,0,0
1991,18,14,1792,10,407,18,6,5,1,5,-52,1,977,12664,111,100,2,0,0
1995,3,1,512,0,428,13,4,7,2,1,-64,9,3152,32837,131,45,2,1,1
1996,11,7,1024,10,444,17,25,7,1,6,-52,5,1607,14362,115,100,2,0,0
1995,5,4,768,10,463,12,1,6,1,1,-52,10,2805,20590,132,100,2,0,0
1992,14,15,1536,10,439,15,3,7,1,6,-52,2,1183,23539,120,100,2,0,0
1989,17,9,1280,40,327,20,2,7,1,7,-95,2,2816,19261,95,100,3,0,0
1997,9,5,1024,70,446,23,3,7,1,7,-52,7,1704,11454,126,100,1,0,0
1998,15,11,1280,0,468,14,26,7,1,4,-52,3,1082,12671,116,100,1,0,0
1998,8,4,768,0,494,16,21,7,1,4,-52,6,595,16241,127,100,2,0,0
2001,10,6,1280,0,496,18,9,7,1,7,-52,2,370,6818,126,100,1,0,0
2000,7,3,768,0,494,12,13,7,1,4,-52,8,2102,18296,125,100,2,0,0
1993,16,12,1536,0,454,13,23,7,1,5,-52,5,863,11551,109,100,2,0,0
1996,13,9,1280,0,290,20,10,7,1,6,-52,2,1038,8594,94,100,2,0,0
2000,5,4,768,20,463,12,1,6,1,1,-52,10,1461,9615,132,100,1,0,0
1994,19,16,1792,0,21,4,2,7,1,2,-70,0,1346,11404,15,100,3,0,0
2003,1,0,256,0,29,0,0,4,0,0,0,10,1597,19085,1803,100,1,0,0
2003,3,1,512,0,428,13,4,7,2,1,-64,9,2832,25666,132,57,1,1,1
2002,9,5,1024,70,446,23,3,7,1,7,-52,7,2068,14654,126,100,1,0,0
1998,12,9,1280,0,451,21,19,7,1,8,-70,5,2331,25424,124,100,2,0,0
1990,21,17,1580,0,415,16,9,5,1,5,-52,0,1477,10744,98,100,3,0,0
2000,17,9,1829,70,328,20,2,7,1,7,-95,2,2447,19871,96,100,2,0,0
2004,4,1,512,0,446,17,10,7,2,3,-66,10,4885,32089,133,100,1,0,0
2000,16,12,1536,0,457,13,23,7,1,5,-52,5,1023,10565,109,100,2,0,0
2001,13,9,1280,0,292,20,10,7,1,6,-52,2,619,5510,94,100,1,0,0
2004,8,4,768,0,494,16,21,7,1,4,-52,6,286,10260,127,100,1,0,0
1994,20,17,1580,10,447,24,6,7,1,8,-70,0,1281,10026,108,100,2,0,0
1996,21,17,1580,0,416,16,9,5,1,5,-52,0,413,5112,98,100,2,0,0
2007,7,3,768,10,497,12,13,7,1,4,-52,7,2043,17836,126,100,1,0,0
2003,19,16,1792,0,21,4,2,7,1,2,-70,0,746,8913,15,100,3,0,0
2010,1,0,256,0,29,0,0,4,0,0,0,10,1213,15153,1809,100,1,0,0
2009,6,2,1024,0,445,15,2,7,1,6,-52,5,860,11979,127,100,1,0,0
2011,3,1,512,30,431,13,4,7,2,1,-64,9,2538,23935,132,44,1,1,1
2011,4,1,512,30,448,17,10,7,2,3,-66,10,3041,20429,134,100,2,0,0
2011,10,6,1280,0,500,18,9,7,1,7,-52,2,971,15477,127,100,2,0,0
2006,18,14,1792,0,411,18,6,5,1,5,-52,1,1021,12924,112,100,2,0,0
2011,8,4,768,0,495,16,21,7,1,4,-52,6,534,9382,127,100,1,0,0
2011,5,4,768,80,465,12,1,6,2,1,-52,10,4009,24812,133,100,2,0,0
2009,9,5,1024,10,448,23,3,7,2,7,-52,7,3396,20286,127,100,1,0,0
2008,12,9,1280,20,453,21,19,7,1,8,-70,5,1581,20103,125,100,1,0,0
2009,13,9,1280,0,293,20,10,7,1,6,-52,2,730,7847,95,100,2,0,0
2011,17,9,1282,50,328,20,2,7,1,7,-95,2,2229,18675,96,100,2,0,0
2012,18,14,1792,0,412,18,6,5,1,5,-52,1,396,6790,112,100,1,0,0
2005,20,17,1580,10,452,24,6,7,1,8,-70,0,1307,12170,109,100,3,0,0
2007,21,17,1580,0,420,16,9,5,1,5,-52,0,933,10973,99,100,3,0,0
2015,8,4,768,0,495,16,21,7,1,4,-52,6,244,7489,128,100,0,0,0
2013,19,16,1792,0,22,4,2,7,1,2,-70,0,513,8873,16,100,2,0,0
2018,9,5,1024,20,452,24,3,7,2,7,-52,7,2809,20745,128,100,4,0,0
2017,5,4,768,0,467,12,1,6,2,1,-52,10,1917,12804,133,100,2,0,0
2011,21,17,1580,0,422,16,9,5,1,5,-52,0,522,4984,99,100,0,0,0
2016,14,15,1536,0,444,15,3,7,1,6,-52,2,1602,25949,121,100,3,0,0
2018,16,12,1280,0,460,14,23,7,1,5,-52,5,1040,14591,110,100,1,0,0
2016,11,7,1024,0,451,17,25,7,1,6,-52,4,2011,19404,116,100,2,0,0
2018,13,9,1280,10,295,21,10,7,1,6,-52,2,726,9451,96,100,2,0,0
2020,12,7,1024,0,460,23,19,7,1,9,-70,5,2768,26634,125,100,4,0,0
2019,17,9,1291,70,330,20,2,7,1,7,-95,2,1887,15358,97,100,1,0,0
2019,18,14,1792,0,413,18,6,5,1,5,-52,1,780,8851,113,100,1,0,0
2014,20,17,1580,0,454,24,6,7,1,8,-70,0,756,8110,109,100,2,0,0
2021,4,1,512,0,454,17,10,7,2,3,-66,10,5579,33582,134,100,2,0,0
2021,1,0,256,0,29,0,0,4,0,0,0,10,2989,28674,1825,100,2,0,0
2019,10,6,1280,0,502,18,9,7,1,7,-52,2,956,15128,128,100,3,0,0
2022,7,3,768,20,501,12,13,7,1,4,-52,8,2465,17414,127,100,1,0,0
2022,3,1,512,0,433,13,4,7,2,1,-64,10,4653,36551,133,63,2,1,1
2021,6,2,1024,0,448,15,2,7,1,6,-52,5,1140,12492,128,100,1,0,0
2023,15,11,1280,0,475,14,26,7,1,4,-52,2,967,11054,117,100,1,0,0
2021,21,17,1580,0,423,16,9,5,1,5,-52,0,570,8273,100,100,2,0,0
2025,20,17,1536,0,456,24,6,7,1,8,-70,0,1183,10968,110,100,2,0,0
2024,8,4,768,10,496,16,21,7,1,4,-52,6,531,15798,128,100,3,0,0
2023,2,3,768,10,455,10,1,6,1,3,-52,4,2063,16938,133,100,2,0,0
2023,10,6,1280,10,503,18,9,7,1,7,-52,2,263,6081,128,100,1,0,0
2022,11,7,1024,10,452,17,25,7,1,6,-52,4,1107,10807,116,100,2,0,0
2024,14,15,1536,0,445,15,3,7,1,6,-52,2,1046,16960,122,100,1,0,0
2027,17,9,1280,10,335,20,2,7,2,7,-95,2,2647,17038,97,100,3,0,0
2026,7,3,768,30,502,12,13,7,1,4,-52,8,2125,14570,127,100,1,0,0
2027,13,9,1280,0,296,21,10,7,1,6,-52,2,716,9207,96,100,2,0,0
2027,5,4,768,0,471,12,1,6,2,1,-52,10,2994,21732,134,100,3,0,0
2025,16,12,1280,0,461,14,23,7,1,5,-52,3,1037,11626,111,100,2,0,0
2028,9,5,1024,0,452,24,3,7,2,7,-52,7,3243,28875,128,100,2,0,0
2027,12,7,1024,20,461,23,19,7,1,9,-70,3,1774,16654,126,100,3,0,0
2028,15,11,1280,0,478,14,26,7,1,4,-52,2,1456,10435,118,100,1,0,0
2029,1,0,256,0,29,0,0,4,0,0,0,10,1803,19049,1836,100,2,0,0
2029,3,1,512,0,433,13,4,7,2,1,-64,10,4001,24531,133,100,2,1,1
2023,19,16,1792,0,23,4,2,7,1,2,-70,0,939,10784,17,100,2,0,0
2028,21,17,1536,20,425,16,9,5,1,5,-52,0,568,6641,101,100,1,0,0
2029,6,2,1024,0,450,15,2,7,1,6,-52,5,1029,13329,128,100,2,0,0
2031,4,1,512,0,456,17,10,7,2,3,-66,10,3710,31217,135,100,2,0,0
2032,8,4,768,0,498,16,21,7,1,4,-52,6,702,13266,129,100,2,0,0
2031,14,15,1536,0,445,15,3,7,1,6,-52,2,481,15616,122,100,1,0,0
2032,2,3,768,0,456,10,1,6,1,3,-52,4,1046,12442,133,100,1,0,0
2032,13,9,1280,0,297,21,10,7,1,6,-52,2,497,5686,97,100,1,0,0
2029,19,16,1792,0,23,4,2,7,1,2,-70,0,663,5752,17,100,1,0,0
2029,11,7,1024,10,453,17,25,7,1,6,-52,4,1557,15307,117,100,2,0,0
2029,18,14,1792,10,417,18,6,5,1,5,-52,1,936,13453,113,100,2,0,0
2034,9,5,1024,0,456,24,3,7,2,7,-52,7,1597,14456,129,100,2,0,0
2031,10,6,1280,0,504,18,9,7,1,7,-52,2,760,12100,129,100,1,0,0
2034,20,17,1538,0,457,24,6,7,1,8,-70,0,615,9005,111,100,3,0,0
2034,1,0,256,0,29,0,0,4,0,0,0,10,1441,13116,1845,100,1,0,0
2033,16,12,1280,0,463,14,23,7,1,5,-52,3,1223,13616,111,100,2,0,0
2035,17,9,1280,0,338,20,2,7,2,7,-95,2,2376,15411,98,100,2,0,0
2035,15,11,1280,0,479,14,26,7,1,4,-52,2,993,10117,118,100,1,0,0
2036,5,4,768,0,473,12,1,6,2,1,-52,10,2503,17860,135,100,3,0,0
2036,12,7,1024,0,464,23,19,7,1,9,-70,3,2147,20123,127,100,3,0,0
2036,14,15,1536,0,447,15,3,7,1,6,-52,2,1091,14219,122,100,1,0,0
2035,2,3,768,0,457,10,1,6,1,3,-52,4,940,7552,133,100,1,0,0
2037,13,9,1280,0,297,21,10,7,1,6,-52,2,262,4530,97,100,1,0,0
2036,10,6,1280,0,505,18,9,7,1,7,-52,2,540,7537,129,100,1,0,0
2037,21,17,1538,0,427,16,9,5,1,5,-52,0,1081,9086,101,100,3,0,0
2038,4,1,512,10,456,17,10,7,2,3,-66,10,2852,23225,135,100,2,0,0
2037,18,14,1792,10,419,18,6,5,1,5,-52,1,709,9829,114,100,2,0,0
2038,8,4,768,10,501,16,21,7,1,4,-52,6,714,11209,129,100,1,0,0
2037,7,3,768,10,507,12,13,7,1,4,-52,8,4587,31812,128,100,2,0,0
2042,9,5,1024,0,459,24,3,7,2,7,-52,7,2145,21109,129,100,2,0,0
2041,3,1,512,10,436,13,4,7,2,1,-64,10,5645,40897,134,100,2,1,1
2042,17,9,1392,30,342,20,2,7,2,7,-95,2,2211,14950,99,100,2,0,0
2040,6,2,1024,0,455,15,2,7,1,6,-52,5,1883,21505,129,100,2,0,0
2040,11,7,1024,0,454,17,25,7,1,6,-52,4,2410,22018,118,100,1,0,0
2037,19,16,1792,0,23,4,2,7,1,2,-70,0,672,8314,17,100,2,0,0
2040,16,12,1280,30,464,14,23,7,1,5,-52,3,939,10156,112,100,1,0,0
2042,21,17,1538,10,428,16,9,5,1,5,-52,0,395,4613,102,100,1,0,0
2044,14,15,1536,10,450,15,3,7,1,6,-52,2,1272,18158,123,100,2,0,0
2044,4,1,512,0,456,17,10,7,2,3,-66,10,1927,17790,136,100,1,0,0
2044,20,17,1538,0,461,24,6,7,1,8,-70,0,1132,11076,111,100,1,0,0
2044,1,0,256,0,29,0,0,4,0,0,0,10,2214,24698,1857,100,1,0,0
2045,5,4,768,0,477,12,1,6,2,1,-52,10,2188,18394,135,100,1,0,0
2046,15,11,1280,0,482,14,26,7,1,4,-52,2,2026,20035,119,100,2,0,0
2044,16,12,1597,0,466,14,23,7,1,5,-52,3,805,7905,112,100,1,0,0
2044,2,3,768,10,459,10,1,6,1,3,-52,4,1648,15625,134,100,2,0,0
2046,12,7,1024,30,470,23,19,7,1,9,-70,3,2579,24833,127,100,2,0,0
2048,9,5,1024,0,460,24,3,7,2,7,-52,7,1768,16311,130,100,1,0,0
2048,13,9,1280,0,301,21,10,7,1,6,-52,2,914,11481,98,100,1,0,0
2048,8,4,768,10,505,16,21,7,1,4,-52,6,916,17419,130,100,2,0,0
2049,21,17,1537,0,431,16,9,5,1,5,-52,0,713,7671,102,100,1,0,0
2050,1,0,256,0,29,0,0,4,0,0,0,10,1223,12990,1865,100,1,0,0
2047,7,3,768,20,509,12,13,7,1,4,-52,8,3106,25471,129,100,2,0,0
2049,5,4,768,0,477,12,1,6,2,1,-52,10,1296,10790,136,100,1,0,0
2050,17,9,1280,0,345,20,2,7,2,7,-95,2,2446,15095,99,100,2,0,0
2046,10,6,1280,10,508,18,9,7,1,7,-52,2,824,15035,130,100,2,0,0
2045,19,16,1792,0,24,4,2,7,1,2,-70,0,465,7072,18,100,2,0,0
2049,14,15,1536,0,452,15,3,7,1,6,-52,2,867,12397,123,100,1,0,0
2053,3,1,512,10,440,13,4,7,1,1,-64,10,5570,39532,135,100,2,1,1
2053,4,1,512,0,456,17,10,7,2,3,-66,10,2732,27419,136,100,1,0,0
2052,6,2,1024,0,460,15,2,7,1,6,-52,5,1782,21935,130,100,2,0,0
2054,13,9,1280,10,303,21,10,7,1,6,-52,2,584,5306,98,100,1,0,0
2049,18,14,1792,0,421,18,6,5,1,5,-52,1,846,13760,115,100,2,0,0
2055,9,5,1024,0,463,24,3,7,2,7,-52,7,1539,16386,130,100,2,0,0
2053,2,3,768,0,462,10,1,6,1,3,-52,4,1820,15785,134,100,1,0,0
2056,20,17,1537,0,465,24,6,7,1,8,-70,0,1485,11885,112,100,3,0,0
2053,10,6,1280,0,511,18,9,7,1,7,-52,2,797,11243,130,100,1,0,0
2051,11,7,1024,0,457,17,25,7,1,6,-52,4,2127,22154,118,100,2,0,0
2058,1,0,256,0,29,0,0,4,0,0,0,10,1677,17883,1873,100,2,0,0
2056,8,4,768,0,506,16,21,7,1,4,-52,6,514,16412,130,100,1,0,0
2059,3,1,512,90,443,13,4,7,1,1,-64,10,2644,20146,135,100,2,1,1
2059,5,4,768,0,478,12,1,6,2,1,-52,10,1680,19594,136,100,2,0,0
2060,4,1,512,10,458,17,10,7,2,3,-66,10,2898,22112,137,100,2,0,0
2061,17,9,1280,10,346,20,2,7,2,7,-95,2,1539,17534,100,100,2,0,0
2061,21,17,1537,0,435,16,9,5,1,5,-52,0,940,11284,103,100,2,0,0
2054,16,12,1597,0,469,14,23,7,1,5,-52,3,1219,16666,113,100,2,0,0
2058,2,3,768,0,463,10,1,6,1,3,-52,4,743,7147,135,100,1,0,0
2056,19,16,1792,10,24,4,2,7,1,2,-70,0,509,9477,19,100,2,0,0
2059,14,15,1536,0,455,15,3,7,1,6,-52,2,1420,22499,124,100,1,0,0
2063,13,9,1280,0,304,21,10,7,1,6,-52,2,595,8557,99,100,2,0,0
2058,15,11,1280,10,488,14,26,7,1,4,-52,2,1120,7591,120,100,1,0,0
2059,18,14,1792,0,424,18,6,5,1,5,-52,1,1163,12766,115,100,2,0,0
2060,16,12,1597,0,471,14,23,7,1,5,-52,3,797,9065,113,100,1,0,0
2059,10,6,1280,0,514,18,9,7,1,7,-52,2,626,9865,130,100,2,0,0
2064,9,5,1024,0,464,24,3,7,2,7,-52,7,2415,24496,131,100,2,0,0
2062,6,2,1024,10,462,15,2,7,1,6,-52,5,1082,17394,130,100,1,0,0
2065,17,9,1280,0,347,20,2,7,2,7,-95,2,1146,7511,100,100,1,0,0
2065,1,0,256,0,29,0,0,4,0,0,0,10,1585,15643,1881,100,1,0,0
2064,20,17,1537,20,466,24,6,7,1,8,-70,0,425,7628,113,100,1,0,0
2063,8,4,768,0,510,16,21,7,1,4,-52,6,935,13578,131,100,1,0,0
2065,7,3,768,50,511,13,13,7,1,4,-52,8,3051,22836,130,100,2,0,0
2066,4,1,512,0,459,17,10,7,2,3,-66,10,3007,20378,137,100,1,0,0
2062,11,7,1024,10,459,17,25,7,1,6,-52,4,2538,23643,119,100,2,0,0
2063,19,16,1792,0,24,4,2,7,1,2,-70,0,309,6079,19,100,1,0,0
2066,18,14,1792,0,427,18,6,5,1,5,-52,1,773,6706,116,100,1,0,0
2067,14,15,1536,0,456,15,3,7,1,6,-52,2,1230,18654,124,100,2,0,0
2066,12,7,1024,10,474,23,19,7,1,9,-70,3,2181,24539,129,100,2,0,0
2068,9,5,1024,0,466,24,3,7,2,7,-52,7,943,11060,131,100,0,0,0
2069,3,1,512,10,449,13,4,7,2,1,-64,10,6069,35640,136,100,4,1,1
2069,5,4,768,0,479,12,1,6,2,1,-52,10,2785,21090,137,100,2,0,0
2069,2,3,768,10,466,10,1,6,1,3,-52,4,1787,18938,135,100,2,0,0
2070,13,9,1280,10,307,21,10,7,1,6,-52,2,656,7196,99,100,1,0,0
2067,10,6,1280,0,516,18,9,7,1,7,-52,2,920,12445,131,100,2,0,0
2069,16,12,1597,0,475,14,23,7,1,5,-52,3,1663,15746,114,100,2,0,0
2071,1,0,256,0,29,0,0,4,0,0,0,10,1849,16836,1892,100,1,0,0
2069,15,11,1280,0,490,14,26,7,1,4,-52,2,2076,19509,121,100,2,0,0
2073,21,17,1537,0,443,16,9,5,1,5,-52,0,1694,12522,103,100,3,0,0
2074,18,14,1792,0,430,18,6,5,1,5,-52,1,1030,10956,116,100,2,0,0
2074,3,1,512,0,450,13,4,7,2,1,-64,10,2356,16235,136,100,2,1,1
2073,11,7,1024,0,463,17,25,7,1,6,-52,4,2698,23001,120,100,2,0,0
2073,6,2,1024,0,463,15,2,7,1,6,-52,5,1334,19664,131,100,3,0,0
2074,5,4,768,0,482,12,1,6,2,1,-52,9,1328,10849,137,100,1,0,0
2073,19,16,1792,0,24,4,2,7,1,2,-70,0,672,10622,20,100,2,0,0
2073,20,17,1537,0,468,24,6,7,1,8,-70,0,1052,10054,113,100,2,0,0
2075,2,3,768,0,466,10,1,6,1,3,-52,4,921,9756,136,100,1,0,0
2075,8,4,768,0,513,16,21,7,1,4,-52,6,832,19437,132,100,2,0,0
2076,1,0,256,0,29,0,0,4,0,0,0,10,772,9943,1896,100,1,0,0
2076,12,7,1024,0,476,23,19,7,1,9,-70,3,1905,19732,129,100,2,0,0
2077,17,9,1280,10,351,20,2,7,2,7,-95,2,3040,22508,101,100,2,0,0
2073,15,11,1280,0,491,14,26,7,1,4,-52,2,821,6959,121,100,1,0,0
2072,10,6,1280,0,516,18,9,7,1,7,-52,2,429,7227,131,100,1,0,0
2077,4,1,512,10,462,17,10,7,2,3,-66,9,3692,33506,138,100,2,0,0
2076,7,3,768,10,515,13,13,7,1,4,-52,8,4111,29208,130,100,2,0,0
2074,14,15,1536,0,459,15,3,7,1,6,-52,2,1673,25502,125,100,2,0,0
2079,9,5,1024,0,468,24,3,7,2,7,-52,6,2783,27842,132,100,2,0,0
2079,13,9,1280,0,310,21,10,7,1,6,-52,2,833,9313,100,100,2,0,0
2079,18,14,1792,10,431,18,6,5,1,5,-52,1,275,5305,117,100,0,0,0
2079,20,17,1537,0,472,24,6,7,1,8,-70,0,1120,6909,114,100,1,0,0
2079,6,2,1024,0,464,15,2,7,1,6,-52,5,1286,11990,132,100,1,0,0
2081,12,7,1024,0,477,23,19,7,1,9,-70,3,615,9864,130,100,1,0,0
2082,2,3,768,0,466,10,1,6,1,3,-52,4,1315,10448,136,100,1,0,0
2079,16,12,1597,0,476,14,23,7,1,5,-52,3,859,12716,114,100,2,0,0
2081,7,3,768,10,516,13,13,7,1,4,-52,8,1917,13015,131,100,1,0,0
2081,5,4,768,0,482,12,1,6,2,1,-52,9,1913,16168,138,100,1,0,0
2082,21,17,1537,0,444,16,9,5,1,5,-52,0,500,8987,104,100,1,0,0
2078,14,15,1536,0,461,15,3,7,1,6,-52,2,919,10332,125,100,1,0,0
2081,10,6,1280,0,516,18,9,7,1,7,-52,2,511,11817,132,100,1,0,0
2083,3,1,512,0,452,13,4,7,2,1,-64,10,5065,32196,137,100,2,1,1
2085,17,9,1280,0,353,20,2,7,2,7,-95,2,1570,14313,101,100,2,0,0
2082,11,7,1024,10,464,17,25,7,1,6,-52,4,1997,18886,120,100,2,0,0
2085,20,17,1537,0,474,24,6,7,1,8,-70,0,520,5623,114,100,2,0,0
2085,8,4,768,0,517,16,21,7,1,4,-52,6,966,17876,132,100,2,0,0
2085,6,2,1024,10,466,15,2,7,1,6,-52,5,820,11822,132,100,1,0,0
2086,4,1,512,0,464,17,10,7,2,3,-66,9,3238,28226,139,100,1,0,0
2086,1,0,256,0,29,0,0,4,0,0,0,10,2509,26350,1910,100,2,0,0
2087,9,5,1034,0,468,24,3,7,2,7,-52,6,1907,20611,132,100,2,0,0
2087,3,1,512,0,454,13,4,7,2,1,-64,10,1678,13902,137,100,0,1,1
2086,18,14,1792,0,434,18,6,5,1,5,-52,1,945,9277,117,100,2,0,0
2085,12,7,1024,0,478,23,19,7,1,9,-70,3,893,10388,130,100,2,0,0
2083,14,15,1536,0,462,15,3,7,1,6,-52,2,705,10465,126,100,1,0,0
2088,13,9,1280,10,314,21,10,7,1,6,-52,2,854,9040,100,100,3,0,0
2089,21,17,1537,0,444,16,9,5,1,5,-52,0,485,6201,105,100,1,0,0
2084,15,11,1280,10,494,14,27,7,1,4,-52,2,2173,17870,122,100,3,0,0
2090,17,9,1309,10,354,20,2,7,2,7,-95,2,2102,10643,102,100,1,0,0
2089,2,3,768,0,469,10,1,6,1,3,-52,4,1394,13011,137,100,2,0,0
2089,7,3,768,10,521,13,13,7,1,4,-52,6,3544,21761,131,100,4,0,0
2089,5,4,768,10,483,12,1,6,2,1,-52,9,2057,16264,138,100,2,0,0
2087,10,6,1280,0,518,18,9,7,1,7,-52,2,519,9527,132,100,2,0,0
2084,19,16,1853,0,26,4,2,7,1,2,-70,0,1268,11539,21,100,4,0,0
2088,14,15,1536,0,465,15,3,7,1,6,-52,2,1002,12408,126,100,2,0,0
2093,9,5,1024,0,468,24,3,7,2,7,-52,6,1631,15185,133,100,1,0,0
2094,1,0,256,0,29,0,0,4,0,0,0,10,1682,18362,1921,100,1,0,0
2093,13,9,1280,20,315,21,10,7,1,6,-52,2,274,4712,101,100,0,0,0
2090,20,17,1537,0,475,24,6,7,1,8,-70,0,594,5132,115,100,1,0,0
2094,8,4,768,10,519,16,21,7,1,4,-52,6,695,14733,133,100,3,0,0
2094,7,3,768,80,523,13,13,7,1,4,-52,7,1875,13633,132,100,0,0,0
2095,4,1,512,10,468,17,10,7,2,3,-66,9,3865,28767,139,100,2,0,0
2089,19,16,1536,0,27,5,2,7,1,2,-70,0,533,5199,21,100,1,0,0
2097,3,1,512,20,456,13,4,7,2,1,-64,10,4827,32123,138,100,2,1,1
2095,6,2,1024,0,470,15,2,7,1,6,-52,5,1625,18598,133,100,2,0,0
2091,16,12,1280,0,480,14,23,7,1,5,-52,3,1864,16057,115,100,4,0,0
2098,9,5,1024,0,469,24,3,7,2,7,-52,6,992,13167,133,100,1,0,0
2098,13,9,1280,0,318,21,10,7,1,6,-52,2,772,5239,101,100,1,0,0
2098,8,4,768,0,520,16,21,7,1,4,-52,6,394,7141,133,100,1,0,0
2093,12,7,1024,10,479,24,19,7,1,9,-70,3,1628,16920,130,100,2,0,0
2092,18,14,1792,10,436,18,6,5,1,5,-52,1,726,12177,118,100,2,0,0
2099,5,4,768,0,485,12,1,6,2,1,-52,9,2265,21029,139,100,1,0,0
2099,2,3,768,10,471,10,1,6,1,3,-52,4,1833,18047,137,100,2,0,0
2096,11,7,1024,30,467,18,25,7,1,6,-52,4,1089,10076,121,100,1,0,0
2098,10,6,1280,0,522,18,9,7,1,7,-52,2,1217,15843,133,100,3,0,0
2099,12,7,1025,30,482,24,19,7,1,9,-70,4,1875,15571,131,100,1,0,0
2096,14,15,1536,0,467,15,3,7,1,6,-52,2,1196,16555,127,100,2,0,0
2102,1,0,256,0,29,0,0,4,0,0,0,10,2143,19671,1932,100,2,0,0
2102,7,3,768,40,524,13,13,7,2,4,-52,8,3560,20379,132,100,2,0,0
2096,19,16,1536,0,27,6,2,7,1,2,-70,0,576,6036,21,100,2,0,0
2102,4,1,512,0,472,17,10,7,2,3,-66,9,2328,21424,140,100,1,0,0
2099,17,12,1280,0,357,22,2,7,1,8,-70,2,1798,16552,102,100,3,0,0
2099,18,14,1792,0,438,18,6,5,1,5,-52,1,795,9111,118,100,1,0,0
2104,3,1,512,0,457,13,4,7,2,1,-64,10,4663,29441,138,100,1,1,1
2100,21,17,1537,0,447,16,9,5,1,5,-52,0,795,10180,105,100,3,0,0
2099,16,12,1280,0,481,15,23,7,1,5,-52,3,1070,11418,116,100,1,0,0
2101,20,17,1569,0,479,24,6,7,1,8,-70,0,1493,12411,115,100,3,0,0
2104,15,11,1280,0,496,14,29,7,1,4,-52,2,1401,15460,123,100,2,0,0
2105,5,4,768,0,487,12,1,6,2,1,-52,9,865,11030,139,100,1,0,0
2106,11,7,1024,0,467,18,25,7,1,6,-52,4,1737,18601,122,100,1,0,0
2105,18,14,1792,0,441,18,6,5,1,5,-52,1,750,7558,118,100,1,0,0
2103,17,12,1280,0,358,22,2,7,1,8,-70,2,1171,7908,103,100,2,0,0
2108,2,3,768,0,474,10,1,6,1,3,-52,4,1121,13452,138,100,1,0,0
2106,6,2,1024,30,473,15,2,7,1,6,-52,5,1238,20144,133,100,2,0,0
2105,14,15,1536,10,468,15,3,7,1,6,-52,2,1214,19420,127,100,3,0,0
2105,10,6,1280,0,526,18,9,7,1,7,-52,2,710,10134,133,100,2,0,0
2109,8,4,768,0,522,16,21,7,1,4,-52,6,831,18621,134,100,2,0,0
2110,9,5,1024,0,473,24,3,7,2,7,-52,6,1636,27456,134,100,2,0,0
2110,12,7,1024,80,486,24,19,7,1,9,-70,6,4052,28926,132,100,3,0,0
2109,13,9,1280,10,323,21,10,7,1,6,-52,2,1130,11409,102,100,2,0,0
2109,15,11,1280,0,498,14,29,7,1,4,-52,2,1238,9658,123,100,1,0,0
2111,3,1,512,0,457,13,4,7,2,1,-64,10,4380,28384,139,100,2,1,1
2108,20,17,1536,10,480,25,6,7,1,8,-70,0,814,8078,116,100,2,0,0
2112,1,0,256,0,29,0,0,4,0,0,0,10,2172,23638,1945,100,2,0,0
2109,18,14,1792,0,441,18,6,5,1,5,-52,1,367,5303,119,100,1,0,0
2107,19,16,1536,0,28,6,2,7,1,2,-70,0,935,11617,22,100,3,0,0
2113,7,3,768,20,527,13,13,7,2,4,-52,10,5509,31919,133,100,4,0,0
2113,4,1,512,0,473,17,10,7,2,3,-66,9,2446,29937,140,100,2,0,0
2109,17,12,1280,10,361,22,2,7,1,8,-70,2,1667,11100,103,100,1,0,0
2114,5,4,768,0,489,12,1,6,1,1,-52,9,1379,14185,140,100,2,0,0
2110,21,17,1536,0,451,17,9,5,1,5,-52,0,1247,10965,106,100,2,0,0
2115,2,3,768,0,476,10,1,6,1,3,-52,4,1554,11638,138,100,1,0,0
2113,11,7,1024,10,469,18,25,7,1,6,-52,4,2464,16634,123,100,2,0,0
2111,16,12,1280,10,486,15,23,7,1,5,-52,3,1558,15514,117,100,3,0,0
2112,20,17,1536,0,481,25,6,7,1,8,-70,0,611,4884,116,100,1,0,0
2116,12,7,1024,30,487,24,19,7,1,9,-70,6,1995,14169,132,100,1,0,0
2115,6,2,1024,0,474,15,2,7,1,6,-52,5,1295,16771,134,100,1,0,0
2117,4,1,512,0,473,17,10,7,2,3,-66,9,1118,12088,141,100,1,0,0
2118,3,1,512,50,458,13,4,7,2,1,-64,10,4241,25397,139,100,1,1,1
2117,9,5,1024,10,475,24,3,7,1,7,-52,6,911,17641,134,100,2,0,0
2114,15,11,1280,0,499,14,29,7,1,4,-52,2,1078,8913,124,100,1,0,0
2114,14,15,1536,0,470,15,3,7,1,6,-52,2,1524,19635,128,100,1,0,0
2115,17,12,1280,0,364,22,2,7,1,8,-70,2,1480,9887,103,100,2,0,0
2118,8,4,768,0,525,16,21,7,1,4,-52,6,818,15890,135,100,1,0,0
2118,2,3,768,10,478,10,1,6,1,3,-52,4,800,7383,139,100,1,0,0
2118,11,7,1024,10,469,18,25,7,1,6,-52,4,827,8642,123,100,0,0,0
2114,18,14,1792,10,442,18,6,5,1,5,-52,1,422,6199,119,100,1,0,0
2116,10,6,1280,0,529,18,9,7,1,7,-52,2,944,15691,134,100,2,0,0
2120,5,4,768,20,493,12,1,6,1,1,-52,9,1346,10201,140,100,2,0,0
2118,13,9,1280,0,323,21,10,7,1,6,-52,2,566,8237,102,100,2,0,0
2121,7,3,768,0,530,13,13,7,2,4,-52,10,4215,24640,133,100,1,0,0
2120,21,17,1536,0,453,17,9,5,1,5,-52,0,784,9941,107,100,2,0,0
2122,1,0,256,0,29,0,0,4,0,0,0,10,2110,24292,1955,100,2,0,0
2120,14,15,1536,0,470,15,3,7,1,6,-52,2,767,13056,128,100,1,0,0
2123,13,9,1280,0,326,21,10,7,1,6,-52,2,477,5055,102,100,1,0,0
2124,8,4,768,0,526,16,21,7,1,4,-52,6,417,12009,135,100,1,0,0
2122,20,17,1536,10,484,25,6,7,1,8,-70,0,809,9585,117,100,2,0,0
2127,9,5,1024,0,478,24,3,7,1,7,-52,6,1549,22391,135,100,3,0,0
2128,3,1,512,0,461,13,4,7,2,1,-64,10,4052,35771,140,48,2,1,1
2128,4,1,512,0,478,17,10,7,2,3,-66,9,3284,29825,141,100,2,0,0
2128,1,0,256,0,29,0,0,4,0,0,0,10,1320,14237,1961,100,1,0,0
2124,21,17,1536,0,454,17,9,5,1,5,-52,0,394,4471,107,100,1,0,0
2127,21,17,1536,0,454,17,9,5,1,5,-52,0,333,4228,107,100,1,0,0
2129,5,4,768,0,498,12,1,6,1,1,-52,9,2106,17694,141,100,3,0,0
2130,13,9,1280,0,327,21,10,7,1,6,-52,2,474,6741,103,100,1,0,0
2131,7,3,768,20,532,13,13,7,2,4,-52,10,5208,30499,134,100,3,0,0
2130,8,4,768,0,527,16,21,7,1,4,-52,6,602,11587,136,100,2,0,0
2133,3,1,512,0,462,13,4,7,2,1,-64,10,2161,18529,140,36,0,1,1
2132,17,12,1280,10,367,23,2,7,1,8,-70,2,2306,18049,105,100,2,0,0
2133,9,5,1024,0,479,24,3,7,1,7,-52,6,837,14493,135,100,1,0,0
2133,12,7,1024,0,493,24,19,7,2,9,-70,6,3235,20404,133,100,3,0,0
2134,21,17,1536,0,458,17,9,5,1,5,-52,0,1009,7974,108,100,1,0,0
2136,1,0,256,0,29,0,0,4,0,0,0,10,1212,17038,1967,100,1,0,0
2134,15,11,1280,0,503,14,30,7,1,4,-52,2,1454,14376,125,100,2,0,0
2137,5,4,768,10,503,12,1,6,1,1,-52,9,1211,11917,141,100,2,0,0
2136,19,16,1536,10,30,6,2,7,1,2,-70,0,873,11418,24,100,3,0,0
2137,13,9,1280,0,328,21,10,7,1,6,-52,2,394,6683,103,100,1,0,0
2139,3,1,512,0,463,13,4,7,2,1,-64,10,2596,22280,141,50,2,1,1
2139,4,1,512,0,481,17,10,7,2,3,-66,9,2610,28897,142,100,2,0,0
2137,14,15,1536,0,473,15,3,7,1,6,-52,2,1262,19971,129,100,3,0,0
2138,18,14,1792,0,451,18,6,5,1,5,-52,1,889,9610,121,100,3,0,0
2140,6,2,1024,0,483,15,2,7,1,6,-52,5,1089,10766,136,100,1,0,0
2140,8,4,768,10,529,16,21,7,1,4,-52,6,465,15842,136,100,1,0,0
2141,10,6,1280,0,539,18,9,7,1,7,-52,2,935,11551,136,100,2,0,0
2142,20,17,1536,10,489,25,6,7,1,8,-70,0,1073,12398,118,100,3,0,0
2142,17,12,1280,10,371,23,2,7,1,8,-70,2,1903,17698,105,100,2,0,0
2144,5,4,768,0,505,12,1,6,1,1,-52,9,1398,11209,142,100,1,0,0
2143,16,12,1280,0,496,15,24,7,1,5,-52,3,1269,10672,119,100,2,0,0
2144,2,3,768,0,483,10,1,6,1,3,-52,4,2003,18355,140,100,2,0,0
2144,9,5,1024,0,482,24,3,7,1,7,-52,6,1382,25704,136,100,3,0,0
2144,11,7,1024,0,478,18,25,7,1,6,-52,4,1944,17728,125,100,1,0,0
2146,1,0,256,0,29,0,0,4,0,0,0,10,1998,23411,1977,100,2,0,0
2147,7,3,768,0,538,13,14,7,2,4,-52,10,2184,15297,135,100,1,0,0
2148,4,1,512,0,483,17,10,7,2,3,-66,9,2549,23587,143,100,2,0,0
2147,16,12,1280,0,497,15,24,7,1,5,-52,3,484,5655,119,100,0,0,0
2149,3,1,512,0,464,13,4,7,2,1,-64,10,4242,33712,142,50,1,1,1
2148,13,9,1280,0,331,21,10,7,1,6,-52,2,889,10845,104,100,2,0,0
2148,2,3,768,0,485,10,1,6,1,3,-52,4,772,6956,141,100,1,0,0
2148,12,7,1024,0,499,24,19,7,2,9,-70,6,3046,25912,134,100,3,0,0
2145,21,17,1536,20,462,17,9,5,1,5,-52,0,989,11440,109,100,2,0,0
2149,8,4,768,0,531,16,21,7,1,4,-52,6,889,15685,137,100,2,0,0
2148,14,15,1536,0,475,15,3,7,1,6,-52,2,1787,24341,130,100,2,0,0
2150,1,0,256,0,29,0,0,4,0,0,0,10,659,9713,1978,100,1,0,0
2148,20,17,1536,10,493,25,6,7,1,8,-70,0,1296,7171,118,100,2,0,0
2150,19,16,1536,10,31,6,2,7,1,2,-70,0,720,5818,25,100,1,0,0
2151,18,14,1792,0,455,18,6,5,1,5,-52,1,720,6855,121,100,2,0,0
2153,3,1,512,0,464,13,4,7,2,1,-64,10,2208,15370,142,61,1,1,1
2152,13,9,1280,0,332,21,10,7,1,6,-52,2,609,4491,104,100,1,0,0
2154,20,17,1536,0,495,25,6,7,1,8,-70,0,978,7616,119,100,1,0,0
2155,5,4,768,30,507,12,1,6,1,1,-52,8,1753,17870,143,100,2,0,0
2155,1,0,256,0,29,0,0,4,0,0,0,10,865,10261,1981,100,1,0,0
2155,2,3,768,0,486,10,1,6,1,3,-52,4,1196,11656,141,100,1,0,0
2155,19,16,1536,0,31,6,2,7,1,2,-70,0,285,4359,25,100,1,0,0
2157,4,1,512,0,485,17,10,7,2,3,-66,9,2186,22843,143,100,1,0,0
2157,7,3,768,0,539,13,14,7,2,4,-52,10,4413,29399,136,100,2,0,0
2156,9,5,1024,0,487,24,3,7,1,7,-52,5,1960,28241,137,100,2,0,0
2158,8,4,768,0,533,16,21,7,1,4,-52,6,719,14077,137,100,2,0,0
2157,13,9,1280,0,333,21,10,7,1,6,-52,2,426,5082,105,100,1,0,0
2159,3,1,512,0,465,13,4,7,2,1,-64,10,2125,19596,142,38,1,1,1
2156,14,15,1536,0,476,15,3,7,1,6,-52,2,1147,17897,131,100,2,0,0
2159,1,0,256,0,29,0,0,4,0,0,0,10,914,10020,1985,100,1,0,0
2158,18,14,1792,10,457,18,6,5,1,5,-52,1,664,9088,122,100,1,0,0
2162,16,12,1280,0,501,15,24,7,1,5,-52,3,658,6367,120,100,1,0,0
2163,7,3,768,0,541,13,14,7,2,4,-52,10,2649,18669,136,100,1,0,0
2162,2,3,768,10,487,10,1,6,1,3,-52,4,1072,11857,142,100,1,0,0
2163,5,4,768,0,507,12,1,6,1,1,-52,8,1396,14601,143,100,2,0,0
2163,3,1,512,0,466,13,4,7,2,1,-64,10,1968,18817,143,46,1,1,1
2165,4,1,512,0,486,17,10,7,2,3,-66,9,1791,21572,144,100,2,0,0
2164,20,17,1536,0,497,25,6,7,1,8,-70,0,944,8885,119,100,2,0,0
2166,9,5,1024,0,490,24,3,7,1,7,-52,5,1197,23445,137,100,3,0,0
2166,8,4,768,20,536,16,21,7,1,4,-52,6,935,15377,138,100,1,0,0
2167,1,0,256,0,29,0,0,4,0,0,0,10,776,15057,1988,100,1,0,0
2167,11,7,1024,0,483,18,25,7,1,6,-52,4,1842,22021,126,100,2,0,0
2168,6,2,1024,0,490,15,2,7,1,6,-52,5,1469,18707,137,100,2,0,0
2168,13,9,1280,10,335,21,10,7,1,6,-52,2,640,9268,105,100,3,0,0
2166,21,17,1536,0,467,17,9,5,1,5,-52,0,916,9859,110,100,2,0,0
2169,2,3,768,0,488,10,1,6,1,3,-52,4,979,11334,142,100,1,0,0
2171,1,0,256,0,29,0,0,4,0,0,0,10,782,9098,1992,100,1,0,0
2170,3,1,512,0,468,13,4,7,2,1,-64,10,2297,22708,143,33,2,1,1
2170,17,12,1280,10,380,23,2,7,1,8,-70,2,1098,9262,107,100,1,0,0
2173,15,11,1280,0,515,14,30,7,1,4,-52,2,1456,13870,128,100,2,0,0
2172,13,9,1280,0,337,21,10,7,1,6,-52,2,568,5287,106,100,0,0,0
2172,21,17,1536,0,469,17,9,5,1,5,-52,0,619,5744,110,100,1,0,0
2175,5,4,768,10,510,12,1,6,1,1,-52,8,1970,18885,144,100,3,0,0
2173,19,16,1536,0,32,6,2,7,1,2,-70,0,683,10566,27,100,3,0,0
2176,9,5,1024,0,490,24,3,7,1,7,-52,5,1061,21215,138,100,2,0,0
2175,6,2,1024,0,491,15,2,7,1,6,-52,5,953,12482,138,100,1,0,0
2176,3,1,512,10,469,13,4,7,2,1,-64,10,2527,18690,144,55,1,1,1
2177,4,1,512,0,490,17,10,7,2,3,-66,9,3847,32944,145,100,2,0,0
2177,14,15,1536,0,482,15,3,7,1,6,-52,2,1660,19275,132,100,2,0,0
2178,8,4,768,0,540,16,21,7,1,4,-52,6,1244,20825,139,100,2,0,0
2178,13,9,1280,0,337,21,10,7,1,6,-52,2,311,5563,106,100,1,0,0
2178,5,4,768,0,512,12,1,6,1,1,-52,8,868,6922,144,100,1,0,0
2178,17,12,1280,10,381,23,2,7,1,8,-70,2,1611,14565,108,100,1,0,0
2178,19,16,1536,0,32,6,2,7,1,2,-70,0,261,4123,27,100,1,0,0
2178,21,17,1536,0,469,17,9,5,1,5,-52,0,343,5269,111,100,1,0,0
2180,3,1,512,0,470,13,4,7,2,1,-64,10,2020,15439,144,40,0,1,1
2179,20,17,1536,0,501,25,6,7,1,8,-70,0,660,5615,120,100,1,0,0
2183,1,0,256,0,29,0,0,4,0,0,0,10,2254,27257,2002,100,2,0,0
2183,9,5,1024,0,490,24,3,7,1,7,-52,5,667,16962,138,100,1,0,0
2185,4,1,512,0,492,17,10,7,2,3,-66,9,2206,20178,145,100,1,0,0
2185,5,4,768,0,513,12,1,6,1,1,-52,8,806,10639,144,100,1,0,0
2185,21,17,1536,0,471,17,9,5,1,5,-52,0,705,7103,111,100,2,0,0
2188,9,5,1024,20,492,24,3,7,1,7,-52,5,1079,10873,139,100,1,0,0
2187,11,7,1024,0,485,18,25,7,1,6,-52,4,1829,19410,128,100,2,0,0
2186,13,9,1280,0,341,21,10,7,1,6,-52,2,893,8385,107,100,2,0,0
2187,15,11,1280,10,520,14,30,7,1,4,-52,2,1046,8597,129,100,1,0,0
2188,12,7,1024,0,507,24,19,7,2,9,-70,6,1345,11958,137,100,0,0,0
2189,16,12,1280,0,511,15,24,7,1,5,-52,3,838,9843,122,100,2,0,0
2189,8,4,768,0,542,16,21,7,1,4,-52,6,760,20471,139,100,3,0,0
2188,20,17,1536,0,503,25,6,7,1,8,-70,0,741,8992,121,100,2,0,0
2188,7,3,768,0,547,13,14,7,2,4,-52,10,5855,34278,138,100,2,0,0
2189,6,2,1024,0,495,15,2,7,1,6,-52,5,1334,18663,139,100,2,0,0
2191,5,4,768,0,513,12,1,6,1,1,-52,8,969,10171,145,100,1,0,0
2191,3,1,512,20,473,13,4,7,2,1,-64,10,4486,35048,145,57,2,1,1
2192,19,16,1536,0,32,6,2,7,1,2,-70,0,461,7436,28,100,2,0,0
2190,2,3,768,10,490,10,1,6,1,3,-52,4,1298,14497,144,100,1,0,0
2191,15,11,1280,0,520,14,30,7,1,4,-52,2,453,6788,129,100,1,0,0
2193,4,1,512,0,493,17,10,7,2,3,-66,9,2401,22427,146,100,2,0,0
2193,1,0,256,0,29,0,0,4,0,0,0,10,1975,24055,2015,100,2,0,0
2191,18,14,1792,0,466,18,6,5,1,5,-52,1,680,9431,124,100,1,0,0
2193,13,9,1280,0,341,21,10,7,1,6,-52,2,287,6121,107,100,1,0,0
2192,14,15,1536,0,486,15,3,7,1,6,-52,2,1862,23724,133,100,2,0,0
2192,10,6,1280,0,554,18,9,7,1,7,-52,2,1272,17270,139,100,3,0,0
2193,17,12,1280,0,383,23,2,7,1,8,-70,2,1898,17394,109,100,2,0,0
2195,16,12,1280,0,513,15,24,7,1,5,-52,3,883,8987,122,100,1,0,0
2194,21,17,1536,0,473,17,9,5,1,5,-52,0,629,9030,112,100,1,0,0
2195,2,3,768,10,492,10,1,6,1,3,-52,4,813,7802,144,100,1,0,0
2196,5,4,768,0,514,12,1,6,1,1,-52,8,659,7728,145,100,1,0,0
2196,7,3,768,10,547,13,14,7,2,4,-52,10,2133,20527,138,100,2,0,0
2197,8,4,768,0,544,16,21,7,1,4,-52,6,701,13670,140,100,2,0,0
2198,12,7,1024,0,509,24,19,7,2,9,-70,6,2698,22323,137,100,2,0,0
2196,15,11,1280,0,520,14,30,7,1,4,-52,2,732,7895,129,100,1,0,0
2196,20,17,1536,0,507,25,6,7,1,8,-70,0,1237,8714,122,100,2,0,0
2200,3,1,512,50,474,13,4,7,2,1,-64,10,4156,26987,145,100,2,1,1
2199,9,5,1024,20,497,24,3,7,1,7,-52,5,1630,23655,139,100,2,0,0
2198,11,7,1024,10,489,18,25,7,1,6,-52,4,2107,20659,128,100,2,0,0
2199,6,2,1024,0,496,15,2,7,1,6,-52,5,1368,18583,140,100,2,0,0
2200,19,16,1536,0,32,6,2,7,1,2,-70,0,635,8344,28,100,2,0,0
2198,10,6,1280,0,556,18,9,7,1,7,-52,2,753,9092,140,100,2,0,0
2202,4,1,512,0,495,17,10,7,2,3,-66,9,2592,23039,146,100,1,0,0
2201,17,12,1280,0,385,23,2,7,1,8,-70,2,1678,14151,109,100,2,0,0
2202,1,0,256,0,29,0,0,4,0,0,0,10,1943,20845,2026,100,1,0,0
2201,13,9,1280,0,344,21,10,7,1,6,-52,2,809,8179,108,100,2,0,0
2203,9,5,1024,0,498,24,3,7,1,7,-52,5,895,9787,140,100,1,0,0
2201,2,3,768,0,493,10,1,6,1,3,-52,4,1164,10821,144,100,1,0,0
2200,14,15,1536,0,486,15,3,7,1,6,-52,2,1065,16784,134,100,1,0,0
2200,18,14,1792,0,468,18,6,5,1,5,-52,1,678,10398,125,100,2,0,0
2205,11,7,1024,40,493,18,25,7,1,6,-52,4,2355,16915,129,100,1,0,0
2206,16,12,1280,0,518,15,24,7,1,5,-52,3,1701,15141,123,100,2,0,0
2207,8,4,768,0,546,16,22,7,1,4,-52,6,866,16661,141,100,2,0,0
2207,1,0,256,0,29,0,0,4,0,0,0,10,986,11262,2034,100,1,0,0
2205,19,16,1536,0,32,6,2,7,1,2,-70,0,299,5296,29,100,0,0,0
2203,15,11,1280,0,523,14,30,7,1,4,-52,2,1566,12350,130,100,1,0,0
2206,17,12,1280,30,386,23,2,7,1,8,-70,2,1100,8867,110,100,1,0,0
2207,5,4,768,0,516,12,1,6,1,1,-52,8,1858,18556,146,100,2,0,0
2203,18,14,1792,0,469,18,6,5,1,5,-52,1,506,5590,125,100,1,0,0
2207,3,1,512,50,476,13,4,7,2,1,-64,10,5544,31919,146,100,1,1,1
2206,2,3,768,10,493,10,1,6,1,3,-52,4,450,6991,145,100,1,0,0
2207,9,5,1024,0,500,24,3,7,1,7,-52,5,828,10636,140,100,2,0,0
2205,6,2,1024,10,496,15,2,7,1,6,-52,5,634,11304,140,100,1,0,0
2203,20,17,1536,0,509,25,6,7,1,8,-70,0,907,7313,122,100,1,0,0
2205,10,6,1280,10,557,18,9,7,1,7,-52,2,510,7877,140,100,1,0,0
2207,12,7,1024,10,512,24,19,7,2,9,-70,6,3497,27437,138,100,2,0,0
2204,21,17,1536,0,475,17,9,5,1,5,-52,0,753,9442,112,100,2,0,0
2208,15,11,1280,20,525,14,30,7,1,4,-52,2,874,8102,130,100,1,0,0
2208,20,17,1536,0,512,25,6,7,1,8,-70,0,798,5012,122,100,1,0,0
2208,7,3,768,10,548,13,14,7,2,4,-52,10,6164,38193,139,100,2,0,0
2211,13,9,1280,10,345,21,10,7,1,6,-52,2,785,9746,108,100,1,0,0
2208,18,14,1792,0,472,18,6,5,1,5,-52,1,629,5800,125,100,0,0,0
2212,4,1,512,10,498,17,10,7,2,3,-66,9,2891,27262,147,100,2,0,0
2211,17,12,1280,20,387,23,2,7,1,8,-70,2,1159,9519,110,100,0,0,0
2213,3,1,537,90,477,13,4,7,2,1,-64,10,3668,21704,146,100,1,1,1
2211,2,3,768,0,494,10,1,6,1,3,-52,4,1047,9256,145,100,1,0,0
2211,21,17,1536,10,477,17,9,5,1,5,-52,0,688,6860,113,100,1,0,0
2214,8,4,768,20,548,16,22,7,1,4,-52,6,514,12599,141,100,2,0,0
2212,7,3,768,0,551,13,14,7,2,4,-52,10,2259,14422,140,100,1,0,0
2211,10,6,1280,0,558,18,9,7,1,7,-52,2,755,7522,141,100,1,0,0
2214,20,17,1536,0,514,25,6,7,1,8,-70,0,605,6799,123,100,1,0,0
2215,13,9,1280,0,346,21,10,7,1,6,-52,2,570,5110,109,100,1,0,0
2214,11,7,1024,10,494,18,25,7,1,6,-52,4,1953,19196,129,100,2,0,0
2216,16,12,1280,10,519,15,24,7,1,5,-52,3,904,12097,124,100,2,0,0
2216,6,2,1024,0,496,15,2,7,1,6,-52,5,1381,19790,141,100,2,0,0
2218,1,0,256,0,29,0,0,4,0,0,0,10,2950,28768,2046,100,2,0,0
2217,9,5,1024,0,502,24,3,7,1,7,-52,5,1418,21258,141,100,2,0,0
2215,18,14,1792,0,473,18,6,5,1,5,-52,1,703,9732,126,100,2,0,0
2217,19,16,1536,0,32,6,2,7,1,2,-70,0,550,10243,29,100,3,0,0
2219,5,4,768,0,519,12,1,6,1,1,-52,8,2064,19582,147,100,2,0,0
2216,10,6,1280,0,559,18,9,7,1,7,-52,2,528,7263,141,100,1,0,0
2218,7,3,768,0,552,13,14,7,2,4,-52,10,2269,16179,140,100,1,0,0
2220,4,1,512,0,501,17,10,7,2,3,-66,9,2726,22931,148,100,2,0,0
2220,3,1,512,40,478,13,4,7,2,1,-64,10,4573,25645,147,100,1,1,1
2218,12,7,1024,0,516,24,19,7,2,9,-70,6,3948,29404,139,100,2,0,0
2220,15,11,1280,0,530,14,31,7,1,4,-52,2,2381,20709,131,100,3,0,0
2220,11,7,1024,0,496,18,25,7,1,6,-52,4,1300,12135,130,100,1,0,0
2220,21,17,1536,0,480,17,9,5,1,5,-52,0,772,8239,113,100,3,0,0
2222,17,12,1280,20,391,23,2,7,1,8,-70,2,2309,18759,111,100,3,0,0
2223,8,4,768,0,550,16,22,7,1,4,-52,6,867,16465,142,100,1,0,0
2223,6,2,1024,0,498,15,2,7,1,6,-52,5,823,10553,141,100,1,0,0
2223,2,3,768,0,495,10,1,6,1,3,-52,4,1819,18532,146,100,2,0,0
2222,7,3,768,10,554,13,14,7,2,4,-52,10,1771,13706,140,100,0,0,0
2223,14,15,1536,10,491,15,3,7,1,6,-52,2,1576,24656,135,100,2,0,0
2225,4,1,512,0,501,17,10,7,2,3,-66,9,854,10653,148,100,1,0,0
2223,10,6,1280,0,560,18,9,7,1,7,-52,2,500,7713,141,100,1,0,0
2222,20,17,1536,0,516,25,6,7,1,8,-70,0,728,8709,123,100,1,0,0
2224,16,12,1280,0,520,15,24,7,1,5,-52,3,1278,13446,124,100,1,0,0
2224,18,14,1792,0,474,18,6,5,1,5,-52,1,822,9906,126,100,1,0,0
2226,1,0,256,0,29,0,0,4,0,0,0,10,1845,19956,2055,100,2,0,0
2226,19,16,1536,0,32,6,2,7,1,2,-70,0,621,8393,30,100,1,0,0
2225,15,11,1280,0,532,14,31,7,1,4,-52,2,1241,10775,131,100,2,0,0
2228,13,9,1280,0,348,21,10,7,1,6,-52,2,694,11100,109,100,2,0,0
2228,9,5,1024,0,503,24,3,7,1,7,-52,5,864,20549,141,100,2,0,0
2229,3,1,512,10,480,13,4,7,2,1,-64,10,5009,31242,147,100,2,1,1
2228,11,7,1024,20,499,18,25,7,1,6,-52,4,2045,18190,130,100,2,0,0
2228,8,4,768,0,552,16,22,7,1,4,-52,6,524,9097,142,100,1,0,0
2231,5,4,768,0,520,12,1,6,1,1,-52,8,1320,18194,147,100,2,0,0
2227,17,12,1280,0,392,23,2,7,1,8,-70,2,1432,11568,111,100,1,0,0
2228,18,14,1792,0,474,18,6,5,1,5,-52,1,361,5317,127,100,1,0,0
2229,12,7,1024,30,520,24,19,7,1,9,-70,6,3116,26593,140,100,3,0,0
2232,1,0,256,0,29,0,0,4,0,0,0,10,1599,14859,2065,100,1,0,0
2231,7,3,768,0,555,13,14,7,2,4,-52,10,3860,24739,141,100,2,0,0
2232,4,1,512,0,505,17,10,7,2,3,-66,9,2958,22200,148,100,1,0,0
2231,10,6,1280,10,564,18,9,7,1,7,-52,2,1191,10523,142,100,1,0,0
2232,6,2,1024,0,499,15,2,7,1,6,-52,5,1566,18574,142,100,2,0,0
2232,14,15,1536,0,495,15,3,7,1,6,-52,2,1927,21731,136,100,2,0,0
2232,2,3,768,10,497,10,1,6,1,3,-52,4,1589,16748,146,100,2,0,0
2233,9,5,1024,0,505,24,3,7,1,7,-52,5,841,11799,142,100,1,0,0
2229,20,17,1536,0,518,25,6,7,1,8,-70,0,902,7781,124,100,1,0,0
2230,16,12,1280,10,524,15,24,7,1,5,-52,3,987,8999,125,100,1,0,0
2234,13,9,1280,0,349,21,10,7,1,6,-52,2,596,7191,110,100,2,0,0
2235,3,1,512,10,483,13,4,7,2,1,-64,10,4406,23518,148,100,1,1,1
2236,5,4,768,0,521,12,1,6,1,1,-52,8,996,8202,148,100,1,0,0
2237,1,0,256,0,29,0,0,4,0,0,0,10,1038,11727,2071,100,0,0,0
2235,12,7,1024,80,523,24,19,7,1,9,-70,6,2087,14529,140,100,2,0,0
2236,15,11,1280,0,535,14,31,7,1,4,-52,2,1849,19073,132,100,2,0,0
2237,18,14,1792,10,477,18,6,5,1,5,-52,1,805,11031,127,100,2,0,0
2237,11,7,1024,0,501,18,25,7,1,6,-52,4,1795,17692,131,100,1,0,0
2232,19,16,1536,10,33,6,2,7,1,2,-70,0,937,8236,31,100,2,0,0
2239,8,4,768,0,555,16,23,7,1,4,-52,6,951,19036,143,100,3,0,0
2240,4,1,512,0,505,17,11,7,2,3,-66,9,2158,19905,149,100,3,0,0
2234,17,12,1280,10,394,23,2,7,1,8,-70,2,1603,11730,112,100,1,0,0
2240,3,1,512,10,486,13,4,7,2,1,-64,10,2232,16580,148,100,2,1,1
2240,7,3,768,0,560,13,14,7,2,4,-52,10,4294,24135,141,100,2,0,0
2236,16,12,1280,0,525,15,24,7,1,5,-52,3,986,8548,125,100,2,0,0
2240,9,5,1024,0,507,24,3,7,1,7,-52,5,898,14380,142,100,1,0,0
2236,21,17,1536,20,485,17,9,5,1,5,-52,0,872,5811,115,100,1,0,0
2242,13,9,1280,0,351,21,10,7,1,6,-52,2,783,8515,110,100,1,0,0
2245,1,0,256,0,30,0,0,4,0,0,0,10,1524,17765,2076,100,3,0,0
2243,18,14,1792,0,480,18,6,5,1,5,-52,1,804,8183,128,100,2,0,0
2245,5,4,768,20,524,12,1,6,1,1,-52,8,1050,13591,148,100,2,0,0
2246,4,1,512,10,505,18,11,7,2,3,-66,10,2327,17684,149,100,1,0,0
2244,15,11,1280,20,540,14,31,7,1,4,-52,2,2057,14558,132,100,1,0,0
2249,7,4,768,90,564,15,14,7,1,5,-70,10,4099,25373,142,100,3,0,0
2250,1,0,256,0,31,0,0,4,0,0,0,10,1041,12825,2083,100,2,0,0
2249,8,4,768,0,561,16,23,7,1,4,-52,6,1262,17080,143,100,4,0,0
2249,13,9,1280,10,353,21,10,7,1,6,-52,2,726,7260,111,100,2,0,0
2244,14,15,1536,0,500,15,3,7,1,6,-52,2,1204,12858,137,100,1,0,0
2251,9,5,1024,0,512,24,3,7,1,7,-52,5,1704,21797,143,100,4,0,0
2246,17,12,1280,20,395,23,2,7,1,8,-70,2,2183,20614,112,100,2,0,0
2246,16,12,1280,10,528,15,24,7,1,5,-52,3,981,11691,126,100,1,0,0
2249,11,7,1024,0,504,18,25,7,1,6,-52,4,2721,24415,132,100,2,0,0
2255,4,1,512,30,506,19,11,7,2,3,-66,10,4818,30297,150,100,1,0,0
2248,18,14,1792,0,480,18,6,5,1,5,-52,1,311,7341,128,100,1,0,0
2249,14,15,1536,0,503,15,3,7,1,6,-52,2,821,10247,137,100,1,0,0
2250,12,7,1024,30,528,24,19,7,1,9,-70,6,1943,13896,141,100,2,0,0
2255,5,4,768,0,528,12,1,6,1,1,-52,8,2261,19109,149,100,3,0,0
2250,19,16,1536,10,33,6,2,7,1,2,-70,0,656,11034,32,100,2,0,0
2251,21,17,1536,0,488,17,9,5,1,5,-52,0,477,4860,115,100,1,0,0
2256,7,4,768,30,567,15,14,7,2,5,-70,10,3513,19809,142,100,1,0,0
2254,15,11,1280,0,545,14,31,7,1,4,-52,2,2362,19421,133,100,2,0,0
2251,20,17,1536,0,521,25,6,7,1,8,-70,0,335,5052,125,100,1,0,0
2257,1,0,256,0,31,0,0,4,0,0,0,10,1298,16745,2087,100,1,0,0
2256,9,5,1024,10,512,24,3,7,1,7,-52,5,715,11721,143,100,1,0,0
2258,11,7,1024,0,507,18,25,7,1,6,-52,4,1784,17172,132,100,2,0,0
2258,8,4,768,0,564,16,23,7,1,4,-52,6,1157,14836,144,100,1,0,0
2255,16,12,1280,0,533,15,24,7,1,5,-52,3,1554,13707,126,100,2,0,0
2255,17,12,1280,0,398,23,2,7,1,8,-70,2,2530,17396,113,100,2,0,0
2258,13,9,1280,0,358,21,10,7,1,6,-52,2,1031,10244,112,100,1,0,0
2257,18,14,1792,0,483,18,6,5,1,5,-52,1,813,10644,129,100,2,0,0
2261,12,7,1024,50,531,24,19,7,1,9,-70,6,2903,21932,142,100,1,0,0
2259,14,15,1536,0,505,15,3,7,1,6,-52,2,1464,19961,138,100,1,0,0
2257,21,17,1536,0,488,17,9,5,1,5,-52,0,343,5461,116,100,1,0,0
2262,13,9,1280,0,359,21,10,7,1,6,-52,2,372,3953,112,100,1,0,0
2263,5,4,768,10,530,12,1,6,1,1,-52,8,1697,14478,150,100,3,0,0
2265,1,0,256,0,32,0,0,4,0,0,0,10,1532,17102,2098,100,2,0,0
2265,4,1,512,60,508,19,11,7,2,3,-66,10,7320,41646,151,100,2,0,0
2245,3,4,896,80,490,15,4,7,0,2,-52,10,2902,17397,148,100,1,1,1
2260,20,17,1536,10,524,25,6,7,1,8,-70,0,1045,9567,126,100,2,0,0
2262,15,11,1280,0,547,14,31,7,1,4,-52,2,1510,14030,134,100,1,0,0
2254,3,4,896,80,494,15,4,7,0,2,-52,10,1795,23838,149,100,3,1,1
2263,16,12,1280,10,534,15,24,7,1,5,-52,3,630,6986,127,100,1,0,0
2264,3,4,896,70,496,15,4,7,1,2,-52,10,1204,25997,149,100,3,1,1
2264,11,7,1024,0,507,19,25,7,1,6,-52,4,1452,12949,133,100,1,0,0
2265,8,4,768,10,569,16,23,7,1,4,-52,6,1020,11783,144,100,3,0,0
2262,19,16,1536,0,33,6,2,7,1,2,-70,0,535,10861,33,100,2,0,0
2266,9,5,1024,0,516,24,3,7,1,7,-52,5,1713,20198,144,100,3,0,0
2268,7,4,768,10,578,15,14,7,2,5,-70,10,7300,36980,143,100,4,0,0
2263,17,12,1280,10,399,23,2,7,1,8,-70,2,1448,11909,113,100,1,0,0
2267,13,9,1280,0,359,21,10,7,1,6,-52,2,287,4558,112,100,1,0,0
2269,1,0,256,0,32,0,0,4,0,0,0,10,1361,13181,2103,100,1,0,0
2269,12,7,1063,60,532,25,19,7,1,9,-70,6,2902,20391,142,100,1,0,0
2248,2,1,861,50,500,12,1,6,0,4,-88,4,1551,12241,147,100,2,0,0
2254,2,1,861,80,504,13,1,6,0,4,-88,4,791,9182,148,100,1,0,0
2269,11,7,1024,10,508,19,25,7,1,6,-52,4,768,8418,133,100,1,0,0
2264,2,1,861,90,507,13,1,6,0,4,-88,4,1291,15420,148,100,3,0,0
2263,21,17,1536,0,491,17,9,5,1,5,-52,0,763,6742,116,100,1,0,0
2266,14,15,1536,0,508,15,3,7,1,6,-52,2,872,14065,138,100,2,0,0
2267,18,14,1792,0,485,18,6,5,1,5,-52,1,550,11208,129,100,1,0,0
2271,4,1,512,20,510,20,11,7,2,3,-66,10,5332,25717,151,100,1,0,0
2269,2,1,741,60,508,14,1,6,1,4,-88,4,1117,8011,149,100,1,0,0
2270,3,4,768,0,498,15,4,7,1,2,-52,10,1342,17533,150,100,2,1,1
2271,9,5,1024,0,518,24,3,7,1,7,-52,5,750,10972,144,100,0,0,0
2272,7,4,768,40,581,15,14,7,2,5,-70,10,2270,13449,143,100,1,0,0
2267,10,6,1280,0,573,18,9,7,1,7,-52,2,987,12489,144,100,2,0,0
2269,15,11,1280,10,548,14,31,7,1,4,-52,2,1042,11636,134,100,2,0,0
2268,19,16,1536,0,33,6,2,7,1,2,-70,0,309,5657,33,100,1,0,0
2273,5,4,768,10,532,12,1,6,1,1,-52,8,1518,16883,150,100,2,0,0
2273,6,2,854,10,513,17,2,7,1,6,-52,5,1347,18578,145,100,2,0,0
2274,8,4,768,0,570,16,23,7,1,4,-52,6,499,12067,145,100,1,0,0
2270,21,17,1536,0,493,17,9,5,1,5,-52,0,581,6974,117,100,1,0,0
2273,12,7,1024,20,533,25,19,7,1,9,-70,6,1443,11222,142,100,1,0,0
2273,11,7,1024,0,510,19,25,7,1,6,-52,4,1071,9943,133,100,1,0,0
2273,16,12,1280,0,539,15,24,7,1,5,-52,3,1824,14786,127,100,2,0,0
2271,20,17,1536,0,525,25,6,7,1,8,-70,0,1078,11159,126,100,2,0,0
2274,2,1,512,20,510,14,1,6,1,4,-88,4,2102,11579,149,100,2,0,0
2277,7,4,768,20,585,15,14,7,2,5,-70,10,3667,16130,144,100,2,0,0
2274,15,11,1280,0,549,14,31,7,1,4,-52,2,724,8180,135,100,1,0,0
2275,14,15,1536,0,511,15,3,7,1,6,-52,2,1361,20819,139,100,1,0,0
2280,4,1,512,80,511,20,11,7,2,3,-66,10,5812,35338,151,100,2,0,0
2277,3,4,768,10,502,15,4,7,1,2,-52,10,1256,18144,150,100,2,1,1
2280,1,0,256,0,32,0,0,4,0,0,0,10,2721,30334,2117,100,2,0,0
2272,10,6,1280,0,575,18,9,7,1,7,-52,2,557,7602,145,100,1,0,0
2278,5,4,768,0,534,12,1,6,1,1,-52,8,772,7313,150,100,1,0,0
2276,18,14,1792,10,488,18,6,5,1,5,-52,1,1012,11538,130,100,2,0,0
2274,19,16,1536,0,33,6,2,7,1,2,-70,0,332,5308,33,100,1,0,0
2280,12,7,1024,60,534,25,19,7,1,9,-70,6,2302,17808,143,100,2,0,0
2279,13,9,1280,0,360,21,10,7,1,6,-52,2,619,10780,113,100,2,0,0
2279,16,12,1280,0,541,15,24,7,1,5,-52,3,1024,7733,128,100,1,0,0
2280,9,5,1024,0,521,24,3,7,1,7,-52,5,1305,18406,145,100,2,0,0
2278,20,17,1536,20,527,25,6,7,1,8,-70,0,738,6481,127,100,1,0,0
2280,14,15,1536,0,511,15,3,7,1,6,-52,2,835,9409,139,100,1,0,0
2279,21,17,1536,0,494,17,9,5,1,5,-52,0,744,8036,117,100,2,0,0
2281,18,14,1792,0,491,18,6,5,1,5,-52,1,760,7256,130,100,1,0,0
2282,19,16,1536,0,33,6,2,7,1,2,-70,0,476,7397,34,100,1,0,0
2283,2,1,512,10,514,14,1,6,1,4,-88,4,2079,15337,150,100,2,0,0
2285,5,4,768,0,535,12,1,6,1,1,-52,8,979,10208,151,100,1,0,0
2285,8,4,768,0,574,16,23,7,1,4,-52,6,1078,16296,146,100,2,0,0
2283,10,6,1110,0,577,18,9,7,1,7,-52,2,790,12473,145,100,2,0,0
2285,3,4,768,0,505,15,4,7,1,2,-52,10,1109,20300,151,100,1,1,1
2286,4,1,512,0,514,20,11,7,3,3,-66,10,5570,27720,152,100,2,0,0
2286,12,7,1024,30,535,25,19,7,1,9,-70,6,1699,15436,143,100,1,0,0
2285,11,7,1024,0,514,19,25,7,1,6,-52,4,2758,24245,134,100,2,0,0
2285,17,12,1280,0,404,23,2,7,1,8,-70,2,2073,18608,115,100,2,0,0
2285,6,2,768,0,517,18,2,7,1,6,-52,5,1662,21592,145,100,2,0,0
2288,7,4,768,30,592,15,14,7,2,5,-70,10,6218,32700,145,100,3,0,0
2287,16,12,1280,0,543,15,24,7,1,5,-52,3,898,10147,128,100,1,0,0
2287,9,5,1024,0,523,24,3,7,1,7,-52,5,721,14262,145,100,1,0,0
2287,15,11,1280,10,552,14,31,7,1,4,-52,2,2261,20207,135,100,2,0,0
2287,14,15,1536,0,514,15,3,7,1,6,-52,2,1163,12922,139,100,1,0,0
2289,1,0,256,0,32,0,0,4,0,0,0,10,2742,28437,2130,100,2,0,0
2288,21,17,1536,0,497,17,9,5,1,5,-52,0,809,9016,118,100,1,0,0
2291,8,4,768,0,577,16,23,7,1,4,-52,6,816,9063,146,100,2,0,0
2288,18,14,1792,10,494,18,6,5,1,5,-52,1,716,8604,131,100,1,0,0
2289,20,17,1536,0,530,25,6,7,1,8,-70,0,1062,12075,128,100,2,0,0
2291,13,9,1280,0,367,21,10,7,1,6,-52,2,1262,11710,114,100,2,0,0
2292,2,1,541,30,518,14,1,6,1,4,-88,4,2737,19803,150,100,3,0,0
2293,4,1,512,10,515,20,11,7,3,3,-66,10,5540,31123,152,100,1,0,0
2291,15,11,1280,0,552,14,31,7,1,4,-52,2,932,7875,136,100,0,0,0
2294,3,4,768,0,508,16,4,7,1,2,-52,10,1409,22147,151,100,3,1,1
2291,19,16,1536,20,33,6,2,7,1,2,-70,0,429,8573,35,100,2,0,0
2294,11,7,1024,0,515,19,25,7,1,6,-52,4,2120,19271,135,100,2,0,0
2290,6,2,768,0,518,18,2,7,1,6,-52,5,800,10264,146,100,1,0,0
2295,5,4,768,10,539,13,1,6,1,1,-52,8,2106,18222,152,100,2,0,0
2290,10,6,1024,0,579,18,9,7,1,7,-52,2,609,9338,146,100,1,0,0
2294,9,5,1024,0,525,24,3,7,1,7,-52,5,1309,13337,146,100,2,0,0
2294,16,12,1280,0,546,15,24,7,1,5,-52,3,1294,10475,129,100,2,0,0
2295,17,12,1280,0,407,23,2,7,1,8,-70,2,2069,17779,116,100,2,0,0
2294,14,15,1536,0,516,15,3,7,1,6,-52,2,1201,16347,140,100,2,0,0
2296,7,4,768,10,599,16,14,7,2,5,-70,10,5455,27510,145,100,3,0,0
2296,12,7,1024,20,537,26,19,7,1,9,-70,6,3242,26064,144,100,2,0,0
2297,1,0,256,0,32,0,0,4,0,0,0,10,2148,23773,2143,100,1,0,0
2295,20,17,1553,10,531,25,6,7,1,8,-70,0,492,6009,128,100,1,0,0
2297,13,9,1280,0,370,21,10,7,1,6,-52,2,717,6573,114,100,1,0,0
2299,15,11,1280,0,553,14,31,7,1,4,-52,2,1012,12194,136,100,2,0,0
2298,21,17,1536,10,500,17,9,5,1,5,-52,0,1189,10560,119,100,2,0,0
2301,3,4,768,0,509,16,4,7,1,2,-52,10,647,19690,152,100,1,1,1
2301,7,4,768,10,601,16,14,7,2,5,-70,10,1857,11696,145,100,2,0,0
2299,18,14,1792,0,497,18,6,5,1,5,-52,1,834,13325,132,100,2,0,0
2302,1,0,256,0,32,0,0,4,0,0,0,10,893,12887,2148,100,1,0,0
2300,19,16,1536,0,34,6,2,7,1,2,-70,0,593,8290,35,100,2,0,0
2302,8,4,768,0,579,16,23,7,1,4,-52,6,1020,17638,147,100,2,0,0
2303,5,4,768,10,540,13,1,6,1,1,-52,8,948,12488,152,100,1,0,0
2303,4,1,512,20,516,20,11,7,3,3,-66,10,6692,40725,153,100,2,0,0
2302,17,12,1280,10,411,23,2,7,1,8,-70,2,1711,12259,116,100,1,0,0
2302,9,5,1024,0,527,24,3,7,1,7,-52,5,1200,17713,146,100,2,0,0
2304,15,11,1280,0,554,14,31,7,1,4,-52,2,942,7837,136,100,1,0,0
2301,2,1,512,60,524,14,1,6,1,4,-88,4,2697,19697,151,100,3,0,0
2295,10,6,1024,0,581,18,9,7,1,7,-52,2,524,6875,146,100,1,0,0
2303,21,17,1536,0,500,17,9,5,1,5,-52,0,290,4082,119,100,1,0,0
2305,12,7,1024,50,539,26,19,7,1,9,-70,6,3035,23546,145,100,1,0,0
2306,11,7,1024,10,520,20,25,7,1,6,-52,4,2336,23601,135,100,2,0,0
2304,16,12,1280,20,547,15,24,7,1,5,-52,3,707,12060,129,100,1,0,0
2307,3,4,768,0,509,16,4,7,1,2,-52,8,587,14281,152,100,1,1,1
2305,14,15,1536,0,516,15,3,7,1,6,-52,2,1232,22362,141,100,2,0,0
2308,1,0,256,0,32,0,0,4,0,0,0,10,1660,19768,2155,100,1,0,0
2302,6,2,768,0,522,18,2,7,1,6,-52,5,1343,13862,147,100,1,0,0
2307,5,4,768,0,542,13,1,6,1,1,-52,8,882,7381,152,100,1,0,0
2308,9,5,1024,0,527,24,3,7,1,7,-52,5,493,11265,146,100,1,0,0
2308,20,17,1536,0,535,25,6,7,1,8,-70,0,1168,12287,129,100,2,0,0
2306,10,6,1024,0,583,18,9,7,1,7,-52,2,818,12469,147,100,2,0,0
2308,6,2,1142,0,523,18,2,7,1,6,-52,5,858,11530,147,100,1,0,0
2307,19,16,1536,10,36,6,2,7,1,2,-70,0,717,7131,36,100,1,0,0
2308,13,9,1280,10,372,21,10,7,1,6,-52,2,619,10223,115,100,2,0,0
2309,17,12,1280,10,413,23,2,7,1,8,-70,2,1898,12771,117,100,1,0,0
2311,11,7,1024,0,521,20,25,7,1,6,-52,4,1064,9246,136,100,1,0,0
2311,7,4,768,0,607,16,14,7,2,5,-70,10,5808,31118,146,100,2,0,0
2310,14,15,1536,10,518,15,3,7,1,6,-52,2,616,10075,141,100,1,0,0
2310,16,12,1280,10,548,15,24,7,1,5,-52,3,1357,9330,130,100,2,0,0
2310,18,14,1792,0,499,18,6,5,1,5,-52,1,699,13170,132,100,2,0,0
2313,4,1,512,0,521,20,11,7,3,3,-66,10,8323,43226,154,100,3,0,0
2312,12,7,1024,10,540,26,19,7,1,9,-70,6,2460,17666,145,100,2,0,0
2314,2,1,536,0,530,14,1,6,2,4,-88,4,3780,27238,152,100,5,0,0
2313,15,11,1280,0,556,14,31,7,1,4,-52,2,1706,16347,137,100,1,0,0
2314,8,4,768,0,581,17,23,7,1,4,-52,6,806,17662,148,100,2,0,0
2315,6,2,800,0,524,18,2,7,1,6,-52,5,850,11224,147,100,2,0,0
2315,21,17,1536,10,504,17,9,5,1,5,-52,0,1047,11367,120,100,2,0,0
2316,5,4,768,0,543,13,1,6,1,1,-52,8,1421,14647,153,100,1,0,0
2315,18,14,1792,0,501,18,6,5,1,5,-52,1,559,5506,133,100,1,0,0
2317,4,1,512,20,522,20,11,7,3,3,-66,10,2592,15317,154,100,1,0,0
2316,12,7,1024,0,542,26,19,7,1,9,-70,6,933,9718,145,100,0,0,0
2316,13,9,1280,10,374,21,10,7,1,6,-52,2,731,6789,115,100,2,0,0
2317,7,4,768,0,611,16,14,7,2,5,-70,10,4127,20166,147,100,3,0,0
2317,11,7,1024,0,521,20,25,7,1,6,-52,4,1392,14003,136,100,1,0,0
2318,1,0,256,0,32,0,0,4,0,0,0,10,3153,35135,2171,100,2,0,0
2317,15,11,1280,0,557,14,31,7,1,4,-52,2,854,7091,137,100,1,0,0
2319,3,4,768,0,512,16,4,7,1,2,-52,8,1460,31314,153,100,2,1,1
2319,9,5,1024,10,527,24,3,7,1,7,-52,5,1556,20448,147,100,2,0,0
2316,10,6,1398,0,589,18,9,7,1,7,-52,2,1202,13189,148,100,4,0,0
2317,19,16,1536,10,41,6,2,7,1,2,-70,0,1037,10678,36,100,2,0,0
2319,17,12,1280,10,418,23,2,7,1,8,-70,2,2199,17356,117,100,2,0,0
2319,18,14,1792,0,502,18,6,5,1,5,-52,1,398,5053,133,100,1,0,0
2320,8,4,768,0,583,17,23,7,1,4,-52,6,500,7696,148,100,1,0,0
2320,14,15,1536,20,521,15,3,7,1,6,-52,2,1914,21839,142,100,1,0,0
2322,7,4,768,0,614,16,14,7,2,5,-70,10,2625,13404,147,100,0,0,0
2322,12,7,1024,50,546,26,19,7,1,9,-70,6,1986,14384,146,100,1,0,0
2319,20,17,1536,0,537,25,6,7,1,8,-70,0,744,11122,129,100,2,0,0
2323,3,4,768,0,515,16,4,7,1,2,-52,8,1429,17401,153,100,1,1,1
2324,2,1,513,0,534,14,1,6,2,4,-88,4,2781,22710,152,100,2,0,0
2325,11,7,1024,0,522,20,25,7,1,6,-52,4,1664,15973,137,100,1,0,0
2324,8,4,768,20,586,17,23,7,1,4,-52,6,722,7615,148,100,1,0,0
2322,16,12,1280,20,551,15,24,7,1,5,-52,3,1336,16664,131,100,2,0,0
2324,10,6,1398,10,592,18,9,7,1,7,-52,2,852,10111,148,100,1,0,0
2326,6,2,1084,20,525,18,2,7,1,6,-52,5,1619,20953,148,100,1,0,0
2326,1,0,256,0,32,0,0,4,0,0,0,10,1859,25792,2181,100,1,0,0
2326,7,4,768,20,618,16,14,7,2,5,-70,10,2785,13856,147,100,2,0,0
2326,5,4,768,0,548,13,1,6,1,1,-52,8,2211,18482,154,100,2,0,0
2325,15,11,1280,0,560,14,31,7,1,4,-52,2,1649,14192,138,100,2,0,0
2327,4,1,512,0,522,20,11,7,3,3,-66,10,7079,41170,155,100,1,0,0
2326,12,7,1024,40,546,26,19,7,1,9,-70,6,1442,10905,146,100,1,0,0
2327,9,5,1024,10,529,24,3,7,1,7,-52,5,1147,15523,148,100,2,0,0
2327,21,17,1536,0,506,17,9,5,1,5,-52,0,769,11307,120,100,2,0,0
2326,17,12,1280,10,420,23,2,7,1,8,-70,2,2069,15430,118,100,2,0,0
2327,13,9,1280,0,376,21,10,7,1,6,-52,2,834,11054,116,100,2,0,0
2327,18,14,1792,10,502,18,6,5,1,5,-52,1,311,8752,133,100,1,0,0
2328,19,16,1536,0,43,6,2,7,1,2,-70,0,798,10540,37,100,2,0,0
2330,20,17,1536,0,539,25,6,7,1,8,-70,0,824,10531,130,100,3,0,0
2331,6,2,768,0,527,18,2,7,1,6,-52,5,835,10063,148,100,1,0,0
2331,16,12,1280,0,555,15,24,7,1,5,-52,3,1499,14051,131,100,1,0,0
2330,14,15,1536,30,524,15,3,7,1,6,-52,2,1737,19266,142,100,2,0,0
2331,5,4,768,0,550,13,1,6,1,1,-52,8,1056,8805,154,100,1,0,0
2332,18,14,1792,0,504,18,6,5,1,5,-52,1,828,6485,134,100,1,0,0
2333,8,4,768,0,586,17,23,7,1,4,-52,6,642,13589,149,100,2,0,0
2333,2,1,922,10,539,14,1,6,2,4,-88,4,2630,19882,153,100,2,0,0
2333,15,11,1280,0,563,14,31,7,1,4,-52,2,1699,14743,138,100,1,0,0
2334,4,1,512,10,522,20,11,7,3,3,-66,10,4585,28025,155,100,2,0,0
2333,3,4,768,0,518,16,4,7,1,2,-52,8,1504,29112,154,100,4,1,1
2334,11,7,1024,0,524,20,25,7,1,6,-52,4,2227,18759,137,100,2,0,0
2335,1,0,256,0,32,0,0,4,0,0,0,10,2261,29418,2192,100,2,0,0
2333,10,6,1024,0,594,18,9,7,1,7,-52,2,847,12018,149,100,3,0,0
2333,12,7,1024,60,547,26,19,7,1,9,-70,6,2076,16205,147,100,2,0,0
2337,9,5,1024,0,531,24,3,7,1,7,-52,5,1329,17636,148,100,1,0,0
2332,17,12,1280,0,425,23,2,7,1,8,-70,2,1575,13022,118,100,1,0,0
2335,21,17,1536,10,506,17,9,5,1,5,-52,0,765,9061,121,100,2,0,0
2336,20,17,1536,0,542,25,6,7,1,8,-70,0,731,6956,131,100,2,0,0
2335,19,16,1536,0,47,6,2,7,1,2,-70,0,945,7656,37,100,2,0,0
2338,7,4,768,0,619,16,14,7,2,5,-70,10,6645,36440,148,100,2,0,0
2338,8,4,768,0,586,17,23,7,1,4,-52,6,310,7703,149,100,1,0,0
2340,1,0,256,0,32,0,0,4,0,0,0,10,1148,14165,2200,100,1,0,0
2339,13,9,1280,10,381,21,11,7,1,6,-52,2,1337,12497,117,100,4,0,0
2340,16,12,1280,10,558,15,25,7,1,5,-52,3,1564,14131,132,100,3,0,0
2340,19,16,1536,10,48,6,2,7,1,2,-70,0,602,6061,38,100,1,0,0
2341,5,4,768,0,557,13,1,6,1,1,-52,8,2089,17194,155,100,3,0,0
2340,21,17,1536,0,508,17,9,5,1,5,-52,0,503,6837,121,100,1,0,0
2342,3,4,768,0,520,16,4,7,1,2,-52,8,947,25171,155,100,2,1,1
2342,15,11,1280,0,566,14,31,7,1,4,-52,2,918,13220,139,100,3,0,0
2342,6,2,1178,30,532,18,2,7,1,6,-52,6,2246,22795,149,100,2,0,0
2344,2,1,512,0,544,14,1,6,2,4,-88,6,3532,24540,154,100,2,0,0
2344,9,5,1024,0,532,25,3,7,1,7,-52,5,1062,13909,149,100,2,0,0
2340,10,6,1434,20,596,19,9,7,1,7,-52,3,806,6930,149,100,1,0,0
2343,17,12,1280,0,429,23,2,7,1,8,-70,2,2369,18562,119,100,3,0,0
2344,12,7,1024,0,551,26,19,7,2,9,-70,6,4475,30696,147,100,3,0,0
2345,10,6,1434,0,597,19,9,7,1,7,-52,3,769,8333,149,100,1,0,0
2345,4,1,512,0,525,20,11,7,3,3,-66,10,9053,47938,156,100,2,0,0
2341,20,17,1536,10,548,25,6,7,1,8,-70,0,1126,9167,131,100,2,0,0
2344,11,7,1024,10,529,20,25,7,1,6,-52,4,1766,22026,138,100,3,0,0
2345,21,17,1536,0,511,18,9,5,1,5,-52,0,913,5102,122,100,3,0,0
2347,7,4,768,10,621,16,15,7,2,5,-70,10,4333,28780,148,100,3,0,0
2346,20,17,1536,0,548,26,6,7,1,8,-70,0,767,5337,131,100,1,0,0
2348,13,9,1280,0,384,21,11,7,1,6,-52,2,1216,9532,117,100,3,0,0
2348,5,4,768,0,560,13,1,6,1,1,-52,8,1276,11658,155,100,3,0,0
2347,16,12,1280,0,560,15,25,7,1,5,-52,3,1005,9748,133,100,1,0,0
2348,6,2,1178,0,536,18,2,7,1,6,-52,6,1555,13502,150,100,1,0,0
2349,8,4,768,0,591,17,23,7,1,4,-52,6,1045,17442,150,100,2,0,0
2351,2,1,512,0,546,14,1,6,2,4,-88,6,1637,14676,154,100,2,0,0
2350,9,5,1024,0,533,25,3,7,1,7,-52,5,835,13486,149,100,1,0,0
2351,1,0,256,0,32,0,0,4,0,0,0,10,2935,36908,2211,100,2,0,0
2351,19,16,1536,0,52,6,2,7,1,2,-70,0,1129,11512,38,100,2,0,0
2350,15,11,1280,10,568,14,31,7,1,4,-52,2,582,13173,139,100,2,0,0
2352,3,4,768,0,524,16,4,7,1,2,-52,8,1233,26540,155,100,3,1,1
2353,13,9,1280,0,384,21,11,7,1,6,-52,2,223,4199,118,100,0,0,0
2351,21,17,1536,10,514,18,9,5,1,5,-52,0,608,6356,122,100,1,0,0
2354,11,7,1024,0,532,20,26,7,1,6,-52,4,1460,16460,139,100,4,0,0
2353,17,12,1280,0,431,24,2,7,1,8,-70,2,2294,17886,120,100,2,0,0
2355,2,1,512,0,547,14,1,6,2,4,-88,6,606,8559,154,100,0,0,0
2355,12,7,1024,0,554,26,19,7,2,9,-70,6,3734,27760,148,100,3,0,0
2356,5,4,768,0,561,13,1,6,1,1,-52,8,1248,12887,156,100,1,0,0
2356,7,4,768,10,624,16,15,7,2,5,-70,10,3995,27440,149,100,2,0,0
2357,4,1,512,10,526,20,11,7,3,3,-66,10,7132,45945,157,100,2,0,0
2356,16,12,1280,0,564,15,25,7,1,5,-52,3,1393,12202,133,100,2,0,0
2357,3,4,768,0,527,16,4,7,1,2,-52,8,598,13544,156,0,0,1,1
2358,8,4,768,20,592,17,23,7,1,4,-52,6,640,12534,151,100,1,0,0
2358,19,16,1536,0,55,6,2,7,1,2,-70,0,921,7777,39,100,1,0,0
2357,20,17,1536,0,551,26,6,7,1,8,-70,0,947,11477,132,100,3,0,0
2359,6,2,1178,0,540,18,2,7,1,6,-52,6,1481,20246,150,100,3,0,0
2360,15,11,1280,0,572,14,31,7,1,4,-52,2,1300,14578,140,100,2,0,0
2358,21,17,1536,0,515,18,9,5,1,5,-52,0,499,6513,123,100,1,0,0
2360,11,7,1024,0,534,20,26,7,1,6,-52,4,880,10436,139,100,2,0,0
2361,13,9,1280,0,387,21,11,7,1,6,-52,2,723,7474,118,100,3,0,0
2360,9,5,1024,0,535,25,3,7,1,7,-52,5,1279,18448,150,100,2,0,0
2361,12,7,1026,0,556,26,19,7,2,9,-70,6,2085,13660,148,100,2,0,0
2363,1,0,256,0,32,0,0,4,0,0,0,10,2120,35645,2222,100,2,0,0
2363,2,1,512,0,548,14,1,6,2,4,-88,6,1132,15598,155,100,2,0,0
2365,4,1,512,0,529,20,11,7,3,3,-66,10,4621,29444,157,100,1,0,0
2365,5,4,768,10,565,13,1,6,1,1,-52,8,1402,14397,156,100,3,0,0
2364,17,12,1280,20,435,24,2,7,1,8,-70,2,2410,20647,120,100,4,0,0
2365,13,9,1280,0,387,21,11,7,1,6,-52,2,399,4849,119,100,1,0,0
2366,8,4,768,0,595,17,23,7,1,4,-52,6,851,12592,151,100,3,0,0
2366,16,12,1280,0,566,15,25,7,1,5,-52,3,1259,13126,134,100,2,0,0
2366,12,7,1024,20,557,26,19,7,2,9,-70,6,1632,13034,149,100,1,0,0
2367,7,4,768,0,625,16,15,7,2,5,-70,10,4575,31492,150,100,2,0,0
2367,1,0,256,0,32,0,0,4,0,0,0,10,944,13981,2228,100,1,0,0
2366,19,16,1536,20,59,6,2,7,1,2,-70,0,1154,9252,40,100,2,0,0
2367,3,4,768,0,529,16,4,7,1,2,-52,8,742,29158,156,0,2,1,1
2369,9,5,1024,0,535,25,3,7,1,7,-52,5,953,15905,151,100,1,0,0
2366,20,17,1536,0,553,27,6,7,1,8,-70,0,1158,9862,133,100,3,0,0
2368,21,17,1536,0,521,19,9,5,1,5,-52,0,1244,10939,123,100,3,0,0
2370,6,2,1178,10,545,18,2,7,1,6,-52,6,959,19431,151,100,1,0,0
2370,19,16,1536,0,60,6,2,7,1,2,-70,0,505,4517,40,100,1,0,0
2372,15,11,1280,0,575,15,31,7,1,4,-52,2,1093,17530,141,100,3,0,0
2372,11,7,1024,0,539,20,27,7,1,6,-52,5,2045,20518,140,100,3,0,0
2373,2,1,631,10,550,14,1,6,2,4,-88,6,2512,20850,156,100,2,0,0
2373,4,1,512,0,531,20,11,7,3,3,-66,10,5368,33621,158,100,2,0,0
2373,12,7,1024,10,559,26,19,7,2,9,-70,6,2280,17296,149,100,2,0,0
2371,20,17,1536,10,554,27,6,7,1,8,-70,0,360,5212,133,100,1,0,0
2374,5,4,768,10,566,13,1,6,1,1,-52,8,1166,13944,157,100,1,0,0
2374,17,12,1280,0,438,24,2,7,1,8,-70,2,2132,17397,121,100,1,0,0
2376,7,4,768,10,630,16,15,7,2,5,-70,10,3864,26484,150,100,2,0,0
2376,1,0,256,0,32,0,0,4,0,0,0,10,1921,26280,2239,100,2,0,0
2375,3,4,768,10,533,16,4,7,1,2,-52,8,1095,21692,157,100,3,1,1
2375,13,9,1280,0,391,21,11,7,1,6,-52,2,878,10017,119,100,3,0,0
2376,8,4,768,10,600,17,23,7,1,4,-52,6,1211,15485,152,100,3,0,0
2376,15,11,1280,0,577,15,31,7,1,4,-52,2,581,6663,141,100,2,0,0
2377,16,12,1280,10,570,16,25,7,1,5,-52,3,1723,15375,134,100,1,0,0
2376,21,17,1536,0,523,19,9,5,1,5,-52,0,714,9139,124,100,1,0,0
2377,9,5,1024,0,537,25,3,7,1,7,-52,5,1001,14644,151,100,2,0,0
2377,19,16,1536,0,62,6,2,7,1,2,-70,0,546,7023,40,100,1,0,0
2379,12,7,1024,10,562,26,19,7,2,9,-70,6,2090,16209,150,100,2,0,0
2380,6,2,1178,0,546,18,2,7,1,6,-52,6,748,18327,152,100,3,0,0
2380,7,4,768,0,631,16,15,7,2,5,-70,10,2696,15805,151,100,2,0,0
2381,4,1,512,0,533,20,11,7,3,3,-66,10,5175,29425,158,100,1,0,0
2381,5,4,768,10,566,13,1,6,1,1,-52,8,1059,10412,157,100,1,0,0
2381,2,1,539,10,551,14,1,6,2,4,-88,6,1550,17804,156,100,1,0,0
2382,3,4,768,0,537,16,4,7,1,2,-52,8,1034,16458,157,0,2,1,1
2378,20,17,1536,0,555,27,6,7,1,8,-70,0,820,7648,134,100,1,0,0
2380,17,12,1280,10,438,24,2,7,1,8,-70,2,1072,9910,121,100,1,0,0
2379,13,9,1280,10,394,21,11,7,1,6,-52,2,724,4682,120,100,1,0,0
2383,11,7,1024,20,545,20,27,7,1,6,-52,5,2150,20072,140,100,2,0,0
2384,1,0,256,0,32,0,0,4,0,0,0,10,1888,25168,2250,100,1,0,0
2385,15,11,1280,0,580,15,31,7,1,4,-52,2,859,13953,142,100,2,0,0
2383,13,9,1280,10,397,21,11,7,1,6,-52,2,506,4329,120,100,1,0,0
2384,8,4,768,20,604,17,23,7,1,4,-52,6,735,12593,152,100,2,0,0
2385,16,12,1280,0,574,16,25,7,1,5,-52,3,1570,13021,135,100,2,0,0
2386,3,4,768,10,538,16,4,7,1,2,-52,8,479,12473,158,0,1,1,1
2387,2,1,577,10,553,14,1,6,2,4,-88,6,1136,11237,157,100,1,0,0
2387,5,4,768,0,569,13,1,6,1,1,-52,8,1759,12990,158,100,2,0,0
2387,19,16,1536,0,64,6,2,7,1,2,-70,0,747,10243,41,100,2,0,0
2388,12,7,1024,0,562,26,19,7,2,9,-70,6,2793,22598,150,100,2,0,0
2388,11,7,1024,0,549,20,27,7,1,6,-52,5,1099,9221,141,100,1,0,0
2389,1,0,256,0,32,0,0,4,0,0,0,10,1227,16203,2256,100,1,0,0
2387,9,5,1024,20,543,25,3,7,1,7,-52,5,1938,20407,152,100,1,0,0
2390,6,2,1178,0,549,18,2,7,1,6,-52,6,770,16324,152,100,3,0,0
2387,21,17,1536,0,527,19,9,5,1,5,-52,0,1130,10955,125,100,2,0,0
2390,7,4,768,0,635,16,15,7,2,5,-70,10,3996,29726,151,100,2,0,0
2389,20,17,1536,0,559,27,6,7,1,8,-70,0,854,10112,134,100,3,0,0
2392,4,1,512,0,537,20,11,7,3,3,-66,10,6909,43172,159,100,2,0,0
2391,9,5,1024,0,543,25,3,7,1,7,-52,5,475,7365,152,100,1,0,0
2391,8,4,768,10,607,17,23,7,1,4,-52,6,795,10651,153,100,1,0,0
2393,3,4,768,0,540,16,4,7,1,2,-52,8,665,18199,158,100,1,1,1
2391,13,9,1280,10,399,21,11,7,1,6,-52,2,700,6929,120,100,3,0,0
2393,11,7,1024,0,550,20,27,7,1,6,-52,5,531,7421,141,100,1,0,0
2392,17,12,1280,0,441,24,2,7,1,8,-70,2,2489,20299,122,100,2,0,0
2391,21,17,1536,0,527,19,9,5,1,5,-52,0,265,3705,125,100,1,0,0
2396,15,11,1280,10,585,15,31,7,1,4,-52,1,1246,17935,142,100,3,0,0
2395,20,17,1536,0,561,27,6,7,1,8,-70,0,689,5623,135,100,1,0,0
2397,4,1,512,0,538,20,11,7,3,3,-66,10,3072,19751,159,100,2,0,0
2398,2,1,512,0,558,14,1,6,2,4,-88,6,2027,23657,157,100,5,0,0
2398,1,0,256,0,32,0,0,4,0,0,0,10,1819,28051,2266,100,2,0,0
2397,16,12,1280,0,577,16,25,7,1,5,-52,3,1573,15999,136,100,2,0,0
2399,5,4,768,10,571,13,1,6,1,1,-52,8,1661,18900,159,100,2,0,0
2398,12,7,1024,0,564,26,20,7,2,9,-70,6,3079,25376,151,100,4,0,0
2399,19,16,1536,0,68,6,2,7,1,2,-70,0,914,11313,42,100,2,0,0
2400,8,4,768,0,611,17,23,7,1,4,-52,6,1193,13616,153,100,4,0,0
2400,6,2,768,0,555,18,2,7,1,6,-52,6,1231,20113,153,100,3,0,0
2398,21,17,1536,0,530,19,9,5,1,5,-52,0,626,6306,125,100,2,0,0
2397,13,9,1280,0,400,21,11,7,1,6,-52,2,524,6811,121,100,1,0,0
2401,9,5,1024,0,548,25,3,7,1,7,-52,5,1822,18012,153,100,4,0,0
2401,7,4,768,0,641,16,16,7,2,5,-70,10,5299,33608,152,100,5,0,0
2403,1,0,256,0,32,0,0,4,0,0,0,10,1073,15627,2271,100,0,0,0
2402,15,11,1280,0,588,15,31,7,1,4,-52,1,738,10203,143,100,2,0,0
2404,4,1,512,0,540,20,11,7,3,3,-66,10,5227,29558,160,100,1,0,0
2403,12,7,1024,0,564,26,20,7,2,9,-70,6,955,10315,151,100,1,0,0
2404,3,4,768,0,545,16,4,7,1,2,-52,8,1649,31936,159,100,4,1,1
2404,11,7,1024,0,556,20,27,7,1,6,-52,5,2255,19289,142,100,4,0,0
2403,17,12,1280,0,443,24,2,7,1,8,-70,2,2159,19388,123,100,3,0,0
2405,8,4,768,0,613,17,23,7,1,4,-52,6,575,8777,154,100,2,0,0
2406,2,1,512,0,560,14,1,6,2,4,-88,6,1117,14065,158,100,1,0,0
2404,20,17,1536,0,563,27,6,7,1,8,-70,0,615,8786,135,100,2,0,0
2406,16,12,1280,0,581,16,25,7,1,5,-52,3,1201,12539,136,100,4,0,0
2407,1,0,256,0,32,0,0,4,0,0,0,9,753,12599,2273,100,1,0,0
2408,5,4,768,10,575,13,1,6,1,1,-52,8,1708,15416,159,100,2,0,0
2407,6,2,768,30,559,18,2,7,1,6,-52,5,518,11322,154,100,2,0,0
2408,12,7,1024,0,565,26,20,7,1,9,-70,6,1548,12631,151,100,2,0,0
2407,13,9,1280,10,402,22,11,7,1,6,-52,2,803,9196,121,100,3,0,0
2409,7,4,768,20,643,16,16,7,2,5,-70,10,2994,22314,153,100,1,0,0
2407,19,16,1536,0,69,6,2,7,1,2,-70,0,464,8682,42,100,1,0,0
2409,9,5,1024,10,552,25,3,7,1,7,-52,5,1348,15546,153,100,2,0,0
2410,3,4,768,0,548,16,4,7,1,2,-52,8,635,14947,159,0,1,1,1
2410,8,4,768,0,616,17,23,7,1,4,-52,6,600,7832,154,100,2,0,0
2410,21,17,1536,0,533,19,9,5,1,5,-52,0,857,10648,126,100,2,0,0
2411,2,1,574,10,562,14,1,6,2,4,-88,5,1918,12508,158,100,1,0,0
2411,4,1,512,0,540,20,11,7,2,3,-66,10,5134,30084,160,100,2,0,0
2410,11,7,1024,10,556,20,27,7,1,6,-52,5,853,11299,142,100,1,0,0
2412,20,17,1536,0,566,27,6,7,1,8,-70,0,1146,9132,136,100,3,0,0
2413,17,12,1280,0,445,24,2,7,1,8,-70,2,2025,16775,123,100,3,0,0
2412,13,9,1280,0,406,22,11,7,1,6,-52,2,980,6026,122,100,2,0,0
2414,15,11,1280,0,592,15,31,7,1,4,-52,1,1091,18777,144,100,3,0,0
2414,5,4,768,10,577,13,1,6,1,1,-52,8,1625,11745,160,100,1,0,0
2395,10,11,1408,60,618,21,10,7,0,8,-52,3,839,11058,152,100,3,0,0
2415,1,0,256,0,32,0,0,4,0,0,0,9,2263,24895,2286,100,2,0,0
2414,21,17,1536,0,535,19,9,5,1,5,-52,0,597,4333,126,100,1,0,0
2404,10,11,1408,80,623,22,10,7,0,8,-52,3,688,10837,152,100,2,0,0
2412,10,11,1408,80,626,22,10,7,0,8,-52,3,639,8288,153,100,3,0,0
2414,16,12,1280,10,583,16,25,7,1,5,-52,3,1175,11659,137,100,2,0,0
2418,8,4,768,10,617,17,23,7,1,4,-52,6,392,10986,154,100,1,0,0
2416,19,16,1536,0,70,7,2,7,1,2,-70,0,787,9133,43,100,2,0,0
2418,2,1,771,40,565,14,1,6,1,4,-88,5,1130,13528,159,100,2,0,0
2417,20,17,1536,0,566,27,6,7,1,8,-70,0,407,4391,136,100,1,0,0
2419,7,4,768,0,646,16,16,7,2,5,-70,10,4579,27811,153,100,3,0,0
2419,3,4,768,0,552,16,4,7,1,2,-52,8,1045,23054,160,0,3,1,1
2417,6,2,802,0,566,18,2,7,1,6,-52,5,1390,19017,154,100,3,0,0
2420,4,1,512,30,542,20,11,7,2,3,-66,10,6957,39029,161,100,3,0,0
2419,12,7,1024,10,566,26,21,7,1,9,-70,6,3407,26981,152,100,3,0,0
2419,10,11,1280,0,630,22,10,7,1,8,-52,3,1502,10839,153,100,3,0,0
2418,17,12,1280,10,447,24,2,7,1,8,-70,2,1298,9340,124,100,2,0,0
2421,9,5,1024,0,555,25,3,7,1,7,-52,5,1541,21697,154,100,3,0,0
2419,11,7,1024,0,558,20,27,7,1,6,-52,5,2606,20137,143,100,2,0,0
2423,5,4,768,10,582,13,1,6,1,1,-52,8,2377,16354,160,100,2,0,0
2422,13,9,1280,0,409,22,11,7,1,6,-52,2,650,9359,122,100,2,0,0
2424,15,11,1280,0,596,15,31,7,1,4,-52,1,1013,15648,144,100,3,0,0
2424,2,1,512,10,567,14,1,6,1,4,-88,6,1635,13860,159,100,2,0,0
2424,12,7,1024,0,567,26,21,7,1,9,-70,6,920,11333,153,100,1,0,0
2425,8,4,768,0,618,17,23,7,1,4,-52,6,565,10391,155,100,3,0,0
2424,19,16,1536,0,72,7,2,7,1,2,-70,0,546,8151,43,100,1,0,0
2425,16,12,1280,0,587,16,25,7,1,5,-52,3,1733,15476,138,100,4,0,0
2427,1,0,256,0,32,0,0,4,0,0,0,10,2348,29753,2300,100,2,0,0
2426,21,17,1536,10,539,19,9,5,1,5,-52,0,1023,11115,127,100,2,0,0
2426,20,17,1536,0,570,27,6,7,1,8,-70,0,1064,10055,137,100,3,0,0
2426,6,2,1027,10,568,18,2,7,1,6,-52,6,1085,17418,155,100,2,0,0
2428,3,4,768,10,556,16,4,7,1,2,-52,8,932,20947,160,100,1,1,1
2427,17,12,1280,0,450,24,2,7,1,8,-70,2,1681,16166,124,100,3,0,0
2428,9,5,1024,0,557,25,3,7,1,7,-52,5,1093,13898,155,100,3,0,0
2426,13,9,1280,0,410,22,11,7,1,6,-52,2,420,4550,123,100,2,0,0
2429,7,4,768,0,651,16,16,7,2,5,-70,10,5732,30124,154,100,4,0,0
2393,14,10,1792,100,544,18,3,7,0,7,-52,2,950,11602,145,100,2,0,0
2430,2,1,534,40,568,14,1,6,1,4,-88,6,1545,12777,159,100,2,0,0
2430,4,1,512,0,544,20,11,7,2,3,-66,10,7176,41469,161,100,2,0,0
2431,8,4,768,0,620,17,23,7,1,4,-52,6,566,9681,155,100,2,0,0
2403,14,10,1792,80,551,18,3,7,0,7,-52,2,1030,17482,146,100,4,0,0
2431,12,7,1024,10,569,26,21,7,1,9,-70,6,2358,18675,153,100,3,0,0
2431,11,7,1024,10,562,20,27,7,1,6,-52,5,1875,22656,144,100,3,0,0
2433,5,4,768,0,584,13,1,6,1,1,-52,8,1577,16024,161,100,2,0,0
2410,14,10,1792,100,554,18,3,7,0,7,-52,2,983,11060,147,100,1,0,0
2433,3,4,768,0,557,16,4,7,1,2,-52,8,874,15055,161,0,1,1,1
2417,14,10,1792,100,556,19,3,7,0,7,-52,2,1202,11800,147,100,1,0,0
2434,1,0,256,0,32,0,0,4,0,0,0,10,1646,18788,2310,100,1,0,0
2432,19,16,1536,10,75,7,2,7,1,2,-70,0,912,9587,44,100,3,0,0
2435,15,11,1280,0,601,15,32,7,1,4,-52,1,1100,16697,145,100,4,0,0
2435,16,12,1280,10,593,16,25,7,1,5,-52,3,1729,13729,138,100,3,0,0
2431,10,6,1283,10,635,24,10,7,1,9,-52,3,2782,20015,154,100,4,0,0
2436,21,17,1536,0,542,19,9,5,1,5,-52,0,1064,10635,128,100,2,0,0
2436,13,9,1280,0,415,22,11,7,1,6,-52,2,1407,10240,123,100,2,0,0
2437,9,5,1024,0,558,25,3,7,1,7,-52,5,1090,15132,155,100,1,0,0
2434,6,2,1027,60,573,18,2,7,1,6,-52,6,2897,18787,155,100,1,0,0
2437,2,1,512,80,570,14,1,6,1,4,-88,6,2598,17518,160,100,2,0,0
2428,14,10,1664,80,561,19,3,7,1,7,-52,2,1295,18330,148,100,3,0,0
2431,18,14,1920,0,532,21,6,5,1,5,-52,1,722,12696,140,100,3,0,0
2437,20,17,1536,0,575,27,6,7,1,8,-70,0,941,10220,137,100,3,0,0
2437,11,7,1024,0,564,20,27,7,1,6,-52,5,1132,12715,144,100,3,0,0
2439,5,4,768,10,585,13,1,6,1,1,-52,8,730,9295,161,100,1,0,0
2439,7,4,768,50,655,16,16,7,2,5,-70,10,3995,26901,155,100,3,0,0
2440,8,4,768,0,623,17,23,7,1,4,-52,6,704,13803,156,100,2,0,0
2442,4,1,512,20,545,20,11,7,2,3,-66,10,5666,41122,162,100,3,0,0
2433,14,10,1539,10,563,19,3,7,1,7,-52,2,1891,12808,148,100,2,0,0
2442,1,0,256,0,32,0,0,4,0,0,0,10,1731,21385,2318,100,2,0,0
2440,12,7,1024,10,571,26,21,7,1,9,-70,6,2120,21041,154,100,2,0,0
2439,17,12,1280,10,453,24,2,7,1,8,-70,2,1909,19913,125,100,3,0,0
2441,21,17,1536,0,543,19,9,5,1,5,-52,0,396,5102,128,100,1,0,0
2443,5,4,768,0,585,13,1,6,1,1,-52,8,848,7579,162,100,1,0,0
2435,10,6,1283,10,640,24,10,7,1,9,-52,3,1914,10676,155,100,2,0,0
2444,3,4,768,0,558,16,4,7,1,2,-52,8,747,26117,162,100,2,1,1
2444,13,9,1280,0,417,22,11,7,1,6,-52,2,708,7345,124,100,2,0,0
2443,15,11,1280,10,606,15,32,7,1,4,-52,1,938,16012,146,100,3,0,0
2446,12,7,1024,50,572,26,21,7,1,9,-70,6,1589,13101,154,100,1,0,0
2444,16,12,1280,10,598,16,25,7,1,5,-52,3,1289,12762,139,100,2,0,0
2442,6,2,768,40,574,18,2,7,1,6,-52,6,2109,16696,156,100,2,0,0
2448,9,5,1024,0,560,25,3,7,1,7,-52,5,1220,18408,156,100,3,0,0
2447,2,1,512,70,575,14,1,6,2,4,-88,6,3906,25147,161,100,3,0,0
2443,19,16,1536,20,77,7,2,7,1,2,-70,0,726,9103,45,100,3,0,0
2448,8,4,768,0,627,17,23,7,1,4,-52,6,835,12368,156,100,2,0,0
2446,21,17,1536,0,544,19,9,5,1,5,-52,0,501,4658,128,100,1,0,0
2442,18,14,1795,0,537,22,6,5,1,5,-52,1,420,6137,141,100,1,0,0
2443,10,6,1283,0,642,24,10,7,1,9,-52,3,1676,14142,155,100,2,0,0
2449,3,4,768,0,559,16,4,7,1,2,-52,8,536,13117,162,100,2,1,1
2443,14,10,1539,0,567,20,3,7,1,7,-52,2,1854,21456,149,100,3,0,0
2450,4,1,512,50,547,20,11,7,2,3,-66,10,5855,33663,163,100,1,0,0
2446,20,17,1536,0,578,27,6,7,1,8,-70,0,1132,9511,138,100,2,0,0
2448,11,7,1024,0,569,20,28,7,1,6,-52,5,1675,20003,145,100,3,0,0
2450,7,4,768,10,657,16,16,7,2,5,-70,10,4754,29830,155,100,2,0,0
2447,19,16,1536,0,78,7,2,7,1,2,-70,0,720,5667,45,100,0,0,0
2451,1,0,256,0,32,0,0,4,0,0,0,10,2766,29273,2334,100,1,0,0
2448,6,2,768,10,576,18,2,7,1,6,-52,6,1893,15587,156,100,1,0,0
2450,13,9,1280,10,418,22,11,7,1,6,-52,2,512,5704,124,100,1,0,0
2448,14,10,1539,0,567,20,3,7,1,7,-52,2,494,9056,149,100,1,0,0
2451,5,4,768,0,585,13,1,6,1,1,-52,8,1154,13282,162,100,1,0,0
2452,9,5,1024,0,562,25,3,7,1,7,-52,5,1129,9483,156,100,1,0,0
2451,18,14,1795,0,541,22,6,5,1,5,-52,1,789,11381,142,100,2,0,0
2452,10,6,1024,0,647,24,10,7,1,9,-52,3,2051,16489,156,100,2,0,0
2453,2,1,512,10,578,14,1,6,2,4,-88,6,3426,16386,161,100,2,0,0
2450,17,12,1280,20,456,24,2,7,1,8,-70,2,2016,18635,126,100,3,0,0
2454,15,11,1280,0,609,15,32,7,1,4,-52,1,861,12555,146,100,3,0,0
2455,8,4,768,0,631,17,23,7,1,4,-52,6,812,10746,157,100,2,0,0
2453,20,17,1536,0,582,27,6,7,1,8,-70,0,734,7318,138,100,2,0,0
2455,14,10,1539,0,568,20,3,7,1,7,-52,2,910,12439,150,100,2,0,0
2454,17,12,1280,0,457,24,2,7,1,8,-70,2,1130,7799,126,100,1,0,0
2455,16,12,1280,0,603,16,25,7,1,5,-52,3,1598,15141,140,100,3,0,0
2457,4,1,512,40,548,20,11,7,2,3,-66,10,4724,29041,163,100,1,0,0
2457,13,9,1280,0,421,22,11,7,1,6,-52,2,780,7307,125,100,3,0,0
2456,21,17,1536,0,546,19,9,5,1,5,-52,0,702,9776,129,100,2,0,0
2457,12,7,1024,10,576,26,21,7,1,9,-70,6,3238,27119,155,100,4,0,0
2458,11,7,1024,20,572,20,28,7,1,6,-52,5,1463,18431,146,100,2,0,0
2459,7,4,768,0,660,16,16,7,2,5,-70,10,3842,24063,156,100,4,0,0
2457,19,16,1536,20,80,7,2,7,1,2,-70,0,1002,9844,46,100,3,0,0
2460,3,4,768,0,563,16,4,7,1,2,-52,8,1276,28952,163,100,2,1,1
2460,1,0,256,0,32,0,0,4,0,0,0,10,2568,27489,2347,100,2,0,0
2459,6,2,1087,0,581,18,2,7,1,6,-52,6,2430,22554,157,100,4,0,0
2461,8,4,768,10,634,17,23,7,1,4,-52,6,494,8633,157,100,2,0,0
2462,5,4,768,0,585,13,1,6,1,1,-52,8,1259,16234,163,100,2,0,0
2461,18,14,1795,0,543,22,6,5,1,5,-52,1,838,12341,143,100,2,0,0
2462,2,1,525,10,582,14,1,6,2,4,-88,6,2937,21552,162,100,2,0,0
2462,10,6,1343,0,648,24,10,7,1,9,-52,3,1376,15045,156,100,3,0,0
2464,4,1,512,40,549,20,11,7,2,3,-66,10,4247,26665,164,100,1,0,0
2462,12,7,1024,20,580,26,21,7,1,9,-70,6,2007,13794,155,100,3,0,0
2462,13,9,1280,0,424,22,11,7,1,6,-52,2,816,5813,125,100,2,0,0
2463,9,5,1024,10,564,25,3,7,1,7,-52,5,1384,19593,157,100,2,0,0
2465,3,4,768,0,565,16,4,7,1,2,-52,8,500,12396,163,100,1,1,1
2462,15,11,1280,20,612,15,32,7,1,4,-52,1,856,14163,147,100,2,0,0
2461,17,12,1280,10,458,24,2,7,1,8,-70,2,1131,11045,127,100,1,0,0
2463,20,17,1536,0,582,27,6,7,1,8,-70,0,656,9725,139,100,2,0,0
2463,16,12,1280,0,609,16,25,7,1,5,-52,3,1477,12488,140,100,2,0,0
2466,6,2,1087,0,584,18,2,7,1,6,-52,6,1647,13840,157,100,1,0,0
2467,11,7,1024,0,574,20,28,7,1,6,-52,5,1588,16988,146,100,2,0,0
2467,8,4,768,0,634,17,23,7,1,4,-52,6,449,9654,158,100,1,0,0
2465,17,12,1280,0,461,24,2,7,1,8,-70,2,1062,9345,127,100,1,0,0
2468,5,4,768,0,586,13,1,6,1,1,-52,8,1242,10431,163,100,1,0,0
2469,7,4,768,0,663,16,16,7,2,5,-70,10,3471,23905,156,100,1,0,0
2466,14,10,1539,0,573,20,3,7,1,7,-52,2,1752,20235,150,100,3,0,0
2468,12,7,1024,20,581,26,21,7,1,9,-70,6,1680,14574,156,100,0,0,0
2469,2,1,512,0,583,14,1,6,2,4,-88,6,2063,15428,162,100,2,0,0
2466,19,16,1536,10,85,7,2,7,1,2,-70,0,1337,11054,46,100,3,0,0
2470,1,0,256,0,32,0,0,4,0,0,0,10,2825,30182,2360,100,2,0,0
2468,21,17,1536,0,547,19,9,5,1,5,-52,0,737,11260,130,100,2,0,0
2469,15,11,1280,10,615,15,32,7,1,4,-52,1,1053,10877,148,100,2,0,0
2470,13,9,1280,0,428,22,11,7,1,6,-52,2,1068,9103,126,100,1,0,0
2472,3,1,512,0,567,17,4,7,2,3,-64,8,973,18551,163,100,1,1,1
2470,6,2,1087,10,585,18,2,7,1,6,-52,6,1118,9278,158,100,1,0,0
2470,10,6,1343,10,653,24,10,7,1,9,-52,3,2129,17677,157,100,3,0,0
2471,18,14,1795,0,543,22,6,5,1,5,-52,1,485,11901,143,100,2,0,0
2473,9,5,1024,0,567,25,3,7,1,7,-52,5,1485,18429,158,100,1,0,0
2471,16,12,1280,0,614,16,25,7,1,5,-52,3,1696,11745,141,100,3,0,0
2475,4,1,512,50,553,20,11,7,2,3,-66,10,7972,45275,164,100,2,0,0
2474,8,4,768,0,638,17,23,7,1,4,-52,6,996,10261,158,100,2,0,0
2474,2,1,512,0,586,14,1,6,2,4,-88,6,1866,12730,162,100,2,0,0
2472,19,16,1536,0,87,7,2,7,1,2,-70,0,781,6025,47,100,2,0,0
2470,21,17,1536,10,550,19,9,5,1,5,-52,0,942,5556,130,100,1,0,0
2474,5,4,768,10,588,13,1,6,1,1,-52,8,1456,12129,164,100,1,0,0
2473,20,17,1536,0,585,27,6,7,1,8,-70,0,1095,12433,140,100,2,0,0
2476,11,7,1024,0,581,20,28,7,1,6,-52,5,2496,19521,147,100,2,0,0
2476,7,4,768,10,665,16,16,7,2,5,-70,10,3928,24139,157,100,3,0,0
2474,10,6,1343,0,655,24,10,7,1,9,-52,3,777,7298,157,100,1,0,0
2476,12,7,1024,10,581,26,21,7,1,9,-70,6,2621,18929,156,100,2,0,0
2476,15,11,1280,10,620,15,32,7,1,4,-52,1,956,11487,148,100,2,0,0
2478,8,4,768,0,638,17,23,7,1,4,-52,6,441,5619,158,100,1,0,0
2477,14,10,1599,0,582,20,3,7,1,7,-52,2,2305,24080,151,100,3,0,0
2478,3,1,512,0,570,18,4,7,2,3,-64,8,1203,17063,164,100,3,1,1
2478,13,9,1280,10,433,22,11,7,1,6,-52,2,962,8202,126,100,3,0,0
2477,17,12,1280,0,465,24,2,7,1,8,-70,2,2417,20071,128,100,3,0,0
2479,6,2,877,0,587,18,2,7,1,6,-52,6,2050,17529,158,100,2,0,0
2480,18,14,1855,0,546,22,6,5,1,5,-52,1,940,11725,144,100,3,0,0
2482,1,0,256,0,32,0,0,4,0,0,0,10,3195,34918,2374,100,2,0,0
2481,7,4,768,10,668,16,16,7,2,5,-70,10,1951,13576,157,100,1,0,0
2480,19,16,1536,0,88,7,2,7,1,2,-70,0,530,7735,47,100,1,0,0
2481,16,12,1280,0,616,16,25,7,1,5,-52,3,1198,13281,141,100,1,0,0
2482,9,5,1024,0,568,25,3,7,1,7,-52,5,1106,17275,158,100,2,0,0
2483,13,9,1280,0,434,22,11,7,1,6,-52,2,381,4573,126,100,0,0,0
2484,5,4,768,0,590,13,1,6,1,1,-52,8,1607,16997,164,100,2,0,0
2481,21,17,1536,0,552,19,9,5,1,5,-52,0,749,9989,131,100,1,0,0
2485,4,1,513,0,554,20,11,7,2,3,-66,10,5770,37808,165,100,2,0,0
2485,8,4,768,0,640,17,23,7,1,4,-52,6,579,9836,159,100,1,0,0
2486,2,1,512,20,589,14,1,6,2,4,-88,6,4014,26892,163,100,2,0,0
2486,7,4,768,20,668,16,16,7,2,5,-70,10,1812,13526,158,100,1,0,0
2484,10,6,1343,0,660,24,10,7,1,9,-52,3,1774,16664,158,100,1,0,0
2486,14,10,1599,0,585,20,3,7,1,7,-52,2,1323,19083,152,100,3,0,0
2485,17,12,1280,20,468,24,2,7,1,8,-70,2,1353,12938,128,100,2,0,0
2487,13,9,1280,0,436,22,11,7,1,6,-52,2,664,4701,127,100,1,0,0
2487,6,2,877,10,588,18,2,7,1,6,-52,6,1582,16708,159,100,2,0,0
2487,12,7,1024,10,582,26,21,7,1,9,-70,6,3204,27258,157,100,2,0,0
2483,20,17,1536,20,587,27,6,7,1,8,-70,0,696,9591,141,100,2,0,0
2487,11,7,1024,10,585,20,28,7,1,6,-52,4,1664,21341,147,100,3,0,0
2487,15,11,1280,0,621,15,32,7,1,4,-52,1,771,16813,149,100,2,0,0
2490,3,1,512,0,571,18,4,7,2,3,-64,8,1221,30453,165,100,3,1,1
2488,16,12,1280,0,617,16,25,7,1,5,-52,3,968,10064,142,100,2,0,0
2491,9,5,1024,0,570,25,3,7,1,7,-52,5,1437,16083,159,100,2,0,0
2491,1,0,256,0,32,0,0,4,0,0,0,10,2917,29159,2387,100,2,0,0
2492,4,1,512,10,555,20,11,7,2,3,-66,10,4232,26648,166,100,1,0,0
2489,17,12,1280,10,470,24,2,7,1,8,-70,2,1076,8351,129,100,1,0,0
2492,2,1,512,10,591,14,1,6,2,4,-88,6,2043,14157,164,100,1,0,0
2492,6,2,877,30,589,18,2,7,1,6,-52,6,768,10037,159,100,1,0,0
2493,11,7,1024,0,585,20,28,7,1,6,-52,4,696,10613,148,100,1,0,0
2493,7,4,768,10,669,16,16,7,2,5,-70,10,3338,19841,158,100,1,0,0
2490,21,17,1536,0,553,19,9,5,1,5,-52,0,678,8671,132,100,2,0,0
2494,13,9,1280,10,437,22,11,7,1,6,-52,2,627,6564,127,100,1,0,0
2492,18,14,1855,0,548,22,6,5,1,5,-52,1,775,14079,145,100,2,0,0
2493,10,6,1343,0,663,24,10,7,1,9,-52,3,1645,14247,159,100,2,0,0
2494,12,7,1024,30,583,26,22,7,1,9,-70,6,1925,17257,157,100,2,0,0
2492,15,11,1280,0,621,15,32,7,1,4,-52,1,289,6850,149,100,1,0,0
2496,8,4,768,0,645,17,23,7,1,4,-52,6,1128,13032,160,100,2,0,0
2489,19,16,1536,10,92,7,2,7,1,2,-70,0,1140,11605,48,100,2,0,0
2497,5,4,768,0,593,13,1,6,1,1,-52,8,1898,20027,165,100,2,0,0
2492,20,17,1536,10,590,27,6,7,1,8,-70,0,850,8908,141,100,2,0,0
2496,15,11,1280,0,622,15,32,7,1,4,-52,1,502,6207,149,100,1,0,0
2498,13,9,1280,0,440,22,11,7,1,6,-52,2,544,5029,127,100,1,0,0
2499,1,0,256,0,32,0,0,4,0,0,0,10,1967,24240,2395,100,1,0,0
2499,7,4,768,10,674,16,16,7,2,5,-70,10,2639,14444,158,100,2,0,0
2498,2,1,512,0,592,14,1,6,2,4,-88,6,1833,14383,164,100,1,0,0
2498,6,2,877,10,590,18,2,7,1,6,-52,6,1029,10766,160,100,1,0,0
2495,21,17,1536,0,554,19,9,5,1,5,-52,0,394,5258,132,100,1,0,0
2496,14,10,1599,10,591,20,3,7,1,7,-52,2,2035,25047,152,100,3,0,0
2500,9,5,1024,10,574,25,3,7,1,7,-52,5,1405,16879,159,100,1,0,0
2501,3,1,512,0,578,18,4,7,2,3,-64,8,1738,27012,165,100,3,1,1
2497,19,16,1536,0,93,7,2,7,1,2,-70,0,729,6570,48,100,2,0,0
2497,16,12,1280,0,619,16,25,7,1,5,-52,3,1595,13464,143,100,2,0,0
2500,12,7,1024,30,585,26,22,7,1,9,-70,6,1916,15883,158,100,1,0,0
2502,4,1,512,20,558,20,11,7,2,3,-66,10,6280,40480,166,100,2,0,0
2499,18,14,1855,10,551,22,6,5,1,5,-52,1,530,8585,145,100,1,0,0
2503,6,2,768,0,592,18,2,7,1,6,-52,6,1319,11424,160,100,1,0,0
2500,17,12,1280,0,472,24,2,7,1,8,-70,2,2036,17883,129,100,2,0,0
2501,21,17,1536,0,555,19,9,5,1,5,-52,0,525,5363,132,100,1,0,0
2504,15,11,1280,0,624,15,32,7,1,4,-52,1,978,12412,150,100,2,0,0
2502,20,17,1536,0,592,27,6,7,1,8,-70,0,1238,10474,142,100,2,0,0
2507,4,1,512,80,561,20,11,7,2,3,-66,10,2839,17894,167,100,1,0,0
2505,8,4,768,0,647,17,23,7,1,4,-52,6,646,11899,160,100,2,0,0
2507,2,1,512,30,596,14,1,6,2,4,-88,6,2972,19913,165,100,3,0,0
2505,11,7,1024,0,589,20,28,7,1,6,-52,4,2206,23822,149,100,2,0,0
2505,5,4,768,0,595,13,1,6,1,1,-52,8,1640,15515,166,100,2,0,0
2504,10,6,1343,10,667,24,10,7,1,9,-52,3,2139,18484,159,100,2,0,0
2503,19,16,1536,0,94,7,2,7,1,2,-70,0,441,6510,49,100,2,0,0
2506,12,7,1024,30,585,26,23,7,1,9,-70,6,1976,14549,158,100,2,0,0
2505,16,12,1280,0,622,16,25,7,1,5,-52,3,1361,10147,143,100,2,0,0
2510,1,0,256,0,32,0,0,4,0,0,0,10,3485,34264,2413,100,2,0,0
2507,21,17,1536,0,556,19,9,5,1,5,-52,0,450,6073,133,100,1,0,0
2510,7,4,768,0,675,16,16,7,2,5,-70,10,5122,31204,159,100,2,0,0
2509,6,2,768,0,594,18,2,7,1,6,-52,6,1409,12279,160,100,1,0,0
2510,13,9,1280,0,442,22,11,7,1,6,-52,2,869,11120,128,100,3,0,0
2510,12,7,1024,10,585,26,23,7,1,9,-70,6,1104,10083,158,100,1,0,0
2511,3,1,512,10,582,18,4,7,2,3,-64,8,1354,27705,166,100,2,1,1
2509,14,10,1599,0,595,20,3,7,1,7,-52,2,1748,24942,153,100,2,0,0
2512,4,1,512,10,562,20,11,7,2,3,-66,10,3802,20606,167,100,1,0,0
2510,9,5,1024,0,577,25,3,7,1,7,-52,5,1598,21899,160,100,2,0,0
2510,10,6,1343,10,668,24,10,7,1,9,-52,3,1244,12173,160,100,1,0,0
2508,20,17,1536,20,594,27,6,7,1,8,-70,0,754,6403,142,100,1,0,0
2508,18,14,1855,0,553,22,6,5,1,5,-52,1,910,14352,146,100,2,0,0
2509,17,12,1280,0,476,24,2,7,1,8,-70,2,2273,17469,130,100,1,0,0
2513,5,4,768,0,599,13,1,6,1,1,-52,8,1325,12920,166,100,1,0,0
2513,2,1,512,0,597,14,1,6,2,4,-88,6,2436,14800,165,100,1,0,0
2513,6,2,768,10,595,18,2,7,1,6,-52,6,1074,8503,161,100,1,0,0
2510,19,16,1536,0,95,7,2,7,1,2,-70,0,415,6719,49,100,1,0,0
2515,11,7,1024,10,592,20,29,7,1,6,-52,4,1088,18047,149,100,3,0,0
2516,13,9,1280,0,444,22,11,7,1,6,-52,2,655,6140,129,100,2,0,0
2516,1,0,256,0,32,0,0,4,0,0,0,10,2086,20890,2422,100,1,0,0
2516,4,1,512,20,563,20,11,7,2,3,-66,10,2409,16954,167,100,1,0,0
2516,8,4,768,0,653,17,23,7,1,4,-52,6,1278,14438,161,100,3,0,0
2516,15,11,1280,0,629,15,32,7,1,4,-52,1,1097,18205,151,100,2,0,0
2518,7,4,768,0,677,16,16,7,2,5,-70,10,3604,23005,160,100,1,0,0
2518,9,5,1024,0,580,25,3,7,1,7,-52,5,1344,14603,161,100,2,0,0
2513,21,17,1536,0,557,19,9,5,1,5,-52,0,536,5809,133,100,1,0,0
2516,18,14,1855,0,557,22,6,5,1,5,-52,1,1182,10543,146,100,2,0,0
2519,12,7,1024,80,589,26,23,7,1,9,-70,6,3005,22786,159,100,2,0,0
2520,15,11,1280,0,629,15,32,7,1,4,-52,1,318,6118,151,100,1,0,0
2518,14,10,1599,0,597,20,3,7,1,7,-52,2,1660,19943,154,100,2,0,0
2522,8,4,768,0,656,17,23,7,1,4,-52,6,739,7768,161,100,1,0,0
2515,19,16,1536,0,96,7,2,7,1,2,-70,0,637,4790,50,100,1,0,0
2523,3,1,512,0,585,18,4,7,2,3,-64,8,1338,30381,167,100,2,1,1
2520,10,6,1343,10,669,24,10,7,1,9,-52,3,1656,16810,161,100,2,0,0
2523,4,1,512,0,563,20,11,7,2,3,-66,10,3462,26076,168,100,1,0,0
2518,17,12,1280,0,478,24,2,7,1,8,-70,2,1401,12976,130,100,2,0,0
2517,20,17,1536,0,597,27,6,7,1,8,-70,0,1131,10104,143,100,2,0,0
2525,2,1,512,0,603,14,1,6,2,4,-88,6,4156,24808,166,100,2,0,0
2524,11,7,1024,0,594,20,29,7,1,6,-52,4,1455,18413,150,100,1,0,0
2520,16,12,1280,0,626,16,25,7,1,5,-52,3,865,6370,144,100,1,0,0
2524,5,4,768,0,602,13,1,6,1,1,-52,8,1637,18685,167,100,2,0,0
2524,6,2,768,0,597,18,2,7,1,6,-52,6,2027,21477,161,100,2,0,0
2520,19,16,1536,0,98,7,2,7,1,2,-70,0,712,5646,50,100,1,0,0
2526,1,0,256,0,32,0,0,4,0,0,0,10,2560,28661,2434,100,2,0,0
2526,9,5,1024,0,582,25,3,7,1,7,-52,5,777,14121,161,100,1,0,0
2525,10,6,1343,0,669,24,10,7,1,9,-52,3,843,6946,161,100,1,0,0
2526,8,4,768,20,658,17,23,7,1,4,-52,6,721,5516,162,100,1,0,0
2521,21,17,1536,0,561,19,9,5,1,5,-52,0,999,8350,134,100,2,0,0
2524,18,14,1855,0,558,22,6,5,1,5,-52,1,611,9483,147,100,1,0,0
2527,13,9,1280,0,450,22,11,7,1,6,-52,2,1205,11909,129,100,2,0,0
2530,7,4,768,20,679,16,16,7,2,5,-70,10,4251,30473,161,100,2,0,0
2529,15,11,1280,0,632,15,32,7,1,4,-52,1,786,13854,152,100,2,0,0
2529,14,10,1599,0,597,20,3,7,1,7,-52,2,1039,22091,155,100,2,0,0
2529,12,7,1024,80,594,26,23,7,1,9,-70,6,3540,24990,160,100,2,0,0
2523,20,17,1536,0,599,27,6,7,1,8,-70,0,610,6030,143,100,1,0,0
2526,16,12,1280,0,627,16,25,7,1,5,-52,3,712,8339,144,100,1,0,0
2525,17,12,1280,10,479,24,2,7,1,8,-70,2,1711,12930,131,100,1,0,0
2531,11,7,1024,0,595,20,30,7,1,6,-52,4,1359,15007,151,100,3,0,0
2532,8,4,768,0,660,17,23,7,1,4,-52,6,655,8411,162,100,1,0,0
2534,4,1,512,20,568,20,11,7,2,3,-66,9,7523,41256,168,100,2,0,0
2533,2,1,512,0,603,14,1,6,2,4,-88,6,1982,18994,166,100,1,0,0
2534,1,0,256,0,32,0,0,4,0,0,0,10,2581,25361,2444,100,2,0,0
2535,3,1,512,10,593,18,4,7,1,3,-64,8,1851,29726,168,100,4,1,1
2533,10,6,1343,0,672,24,10,7,1,9,-52,3,1290,13248,161,100,1,0,0
2533,9,5,1024,0,584,25,3,7,1,7,-52,5,1027,13625,162,100,1,0,0
2533,15,11,1280,0,633,15,32,7,1,4,-52,1,400,6392,152,100,1,0,0
2529,21,17,1536,20,567,19,9,5,1,5,-52,0,929,7744,134,100,1,0,0
2534,14,10,1599,0,598,20,3,7,1,7,-52,2,760,10372,155,100,1,0,0
2534,13,9,1280,0,452,22,11,7,1,6,-52,2,559,6935,130,100,1,0,0
2536,5,4,768,0,604,13,1,6,1,1,-52,8,2131,19031,168,100,2,0,0
2536,6,2,768,10,600,18,2,7,1,6,-52,6,2474,23549,162,100,2,0,0
2531,19,16,1536,0,100,7,2,7,1,2,-70,0,953,10728,51,100,2,0,0
2537,8,4,768,0,660,17,24,7,1,4,-52,6,289,5079,162,100,2,0,0
2532,20,17,1536,0,601,27,6,7,1,8,-70,0,677,9199,144,100,1,0,0
2538,4,1,512,20,569,20,11,7,2,3,-66,9,2968,19300,169,100,0,0,0
2535,21,17,1536,0,568,19,9,5,1,5,-52,0,609,5698,134,100,1,0,0
2536,17,12,1280,10,483,24,2,7,1,8,-70,2,2766,20514,132,100,2,0,0
2539,3,1,512,10,594,18,4,7,1,3,-64,8,501,11871,168,100,1,1,1
2537,18,14,1855,0,561,22,6,5,1,5,-52,1,982,14613,148,100,3,0,0
2539,12,7,1024,20,596,26,23,7,1,9,-70,6,3364,25439,160,100,1,0,0
2539,7,4,768,0,681,16,16,7,2,5,-70,10,4453,27129,161,100,2,0,0
2539,9,5,1024,10,585,25,3,7,1,7,-52,5,779,11269,162,100,1,0,0
2538,16,12,1280,0,628,16,25,7,1,5,-52,3,1383,14940,145,100,3,0,0
2543,3,1,518,0,597,18,4,7,1,3,-64,8,962,11489,168,100,1,1,1
2543,2,1,512,10,606,14,1,6,2,4,-88,6,2594,21508,167,100,2,0,0
2543,11,7,1024,0,596,20,30,7,1,6,-52,4,1108,19302,151,100,2,0,0
2541,14,10,1599,10,600,20,3,7,1,7,-52,2,1018,15766,155,100,1,0,0
2543,5,4,768,0,604,13,1,6,1,1,-52,8,706,10922,168,100,2,0,0
2544,1,0,256,0,32,0,0,4,0,0,0,10,2610,28096,2456,100,1,0,0
2543,15,11,1280,10,636,15,32,7,1,4,-52,1,623,14347,152,100,1,0,0
2544,13,9,1280,0,453,22,11,7,1,6,-52,2,595,8988,131,100,2,0,0
2543,6,2,768,0,600,18,2,7,1,6,-52,6,1180,13469,163,100,1,0,0
2544,8,4,768,10,661,17,24,7,1,4,-52,6,389,9490,163,100,1,0,0
2544,18,14,1855,0,563,22,6,5,1,5,-52,1,637,8443,148,100,1,0,0
2547,4,1,512,90,571,20,12,7,2,3,-66,9,4838,30628,169,100,3,0,0
2546,7,4,768,20,681,16,16,7,2,5,-70,10,1722,14734,162,100,1,0,0
2544,17,12,1280,0,488,24,2,7,1,8,-70,2,1273,12451,132,100,1,0,0
2544,16,12,1280,10,630,16,25,7,1,5,-52,3,809,8609,146,100,1,0,0
2542,19,16,1536,0,102,7,2,7,1,2,-70,0,741,10149,51,100,2,0,0
2546,9,5,1024,0,587,25,3,7,1,7,-52,5,1043,12601,163,100,2,0,0
2545,10,6,1343,0,674,24,10,7,1,9,-52,3,2252,20394,162,100,2,0,0
2545,21,17,1536,0,570,19,9,5,1,5,-52,0,702,9295,135,100,2,0,0
2548,15,11,1280,0,637,15,32,7,1,4,-52,1,536,6296,153,100,1,0,0
2544,20,17,1536,0,603,27,6,7,1,8,-70,0,793,10251,145,100,4,0,0
2550,1,0,256,0,32,0,0,4,0,0,0,10,1591,16378,2466,100,1,0,0
2549,12,7,1024,10,600,26,23,7,1,9,-70,6,3492,27256,161,100,2,0,0
2549,2,3,768,20,610,16,1,6,1,5,-52,6,2452,12353,167,100,2,0,0
2550,5,4,768,0,604,13,1,6,1,1,-52,8,1053,11357,169,100,1,0,0
2549,13,9,1280,0,455,22,11,7,1,6,-52,2,495,5516,131,100,2,0,0
2552,3,1,512,0,599,18,4,7,1,3,-64,9,1837,23981,169,100,2,1,1
2549,19,16,1536,0,104,7,2,7,1,2,-70,0,825,8290,52,100,1,0,0
2551,9,5,1024,0,588,25,3,7,1,7,-52,5,536,9731,163,100,0,0,0
2548,18,14,1855,0,564,22,6,5,1,5,-52,1,394,5557,148,100,1,0,0
2553,4,1,512,10,572,20,12,7,2,3,-66,9,4627,27040,170,100,1,0,0
2554,8,4,768,10,663,17,24,7,1,4,-52,6,1073,12336,164,100,2,0,0
2553,16,12,1280,0,631,16,25,7,1,5,-52,3,1158,12954,146,100,1,0,0
2550,6,2,1024,0,602,18,2,7,1,6,-52,6,1367,13499,163,100,1,0,0
2554,11,7,1024,0,601,20,31,7,1,6,-52,4,2012,21890,152,100,3,0,0
2553,17,12,1280,20,492,24,2,7,1,8,-70,2,2078,16459,133,100,2,0,0
2553,13,9,1280,0,455,22,11,7,1,6,-52,2,426,4235,131,100,0,0,0
2554,20,17,1536,0,605,27,6,7,1,8,-70,0,824,9380,145,100,1,0,0
2554,2,3,768,20,610,16,1,6,1,5,-52,6,1487,11722,168,100,1,0,0
2555,5,4,768,10,606,13,1,6,1,1,-52,8,1175,9883,169,100,1,0,0
2556,7,4,768,0,683,16,16,7,2,5,-70,10,4444,29090,162,100,2,0,0
2553,10,6,1343,20,676,24,10,7,1,9,-52,3,1061,11660,163,100,3,0,0
2557,12,7,1024,30,603,26,23,7,1,9,-70,6,2203,18138,161,100,2,0,0
2558,15,11,1280,0,641,15,32,7,1,4,-52,1,907,15322,153,100,3,0,0
2558,1,0,256,0,32,0,0,4,0,0,0,10,1832,21619,2473,100,2,0,0
2552,14,10,1599,0,601,20,3,7,1,7,-52,2,1737,22197,156,100,2,0,0
2553,18,14,1855,0,564,22,6,5,1,5,-52,1,319,5308,149,100,1,0,0
2560,4,1,512,0,573,20,12,7,2,3,-66,9,3405,24495,170,100,1,0,0
2555,19,16,1536,0,105,7,2,7,1,2,-70,0,502,4699,52,100,2,0,0
2561,7,4,768,10,685,16,16,7,2,5,-70,10,1945,12439,163,100,1,0,0
2557,10,6,1343,0,678,24,10,7,1,9,-52,3,1267,8685,163,100,1,0,0
2560,8,4,768,0,666,17,24,7,1,4,-52,6,707,9581,164,100,2,0,0
2562,3,1,512,40,600,18,4,7,1,3,-64,9,3296,30047,169,100,3,1,1
2557,21,17,1536,0,573,19,9,5,1,5,-52,0,990,11714,136,100,3,0,0
2559,14,10,1599,0,602,20,3,7,1,7,-52,2,804,13145,156,100,1,0,0
2560,13,9,1280,0,456,22,11,7,1,6,-52,2,547,6349,132,100,2,0,0
2560,18,14,1855,0,568,22,6,5,1,5,-52,1,861,8898,149,100,1,0,0
2561,9,5,1024,10,591,25,3,7,1,7,-52,5,1403,18773,164,100,2,0,0
2561,6,2,1024,0,604,19,2,7,1,6,-52,6,2810,24192,164,100,2,0,0
2563,11,7,1024,10,601,20,31,7,1,6,-52,4,994,14719,153,100,1,0,0
2564,5,4,768,0,609,13,1,6,1,1,-52,8,1585,14707,170,100,2,0,0
2564,2,3,768,10,614,16,1,6,1,5,-52,6,2936,22111,168,100,3,0,0
2562,19,16,1536,10,110,7,2,7,1,2,-70,0,924,7461,53,100,1,0,0
2562,20,17,1536,0,608,27,6,7,1,8,-70,0,833,8572,146,100,2,0,0
2568,3,1,512,10,600,18,4,7,1,3,-64,9,1722,17442,170,100,1,1,1
2567,13,9,1280,10,458,22,11,7,1,6,-52,2,608,6207,132,100,1,0,0
2569,4,1,512,0,579,20,12,7,2,3,-66,9,5079,32908,171,100,2,0,0
2563,17,12,1280,0,492,24,2,7,1,8,-70,2,1861,16460,133,100,2,0,0
2569,15,11,1280,0,643,15,32,7,1,4,-52,1,756,15120,154,100,2,0,0
2569,1,0,256,0,32,0,0,4,0,0,0,10,2808,30888,2489,100,2,0,0
2563,16,12,1280,10,633,16,25,7,1,5,-52,3,1610,13883,147,100,2,0,0
2568,2,3,768,10,617,16,1,6,1,5,-52,6,939,8313,169,100,2,0,0
2565,10,6,1343,30,679,24,10,7,1,9,-52,3,1136,12388,164,100,1,0,0
2569,12,7,1024,40,610,26,23,7,2,9,-70,6,4522,30225,162,100,3,0,0
2565,18,14,1855,0,569,22,6,5,1,5,-52,1,394,5071,149,100,1,0,0
2572,5,4,768,0,612,13,1,6,1,1,-52,8,931,10663,170,100,1,0,0
2568,21,17,1536,0,574,19,9,5,1,5,-52,0,834,10664,137,100,2,0,0
2569,6,2,1024,20,606,19,2,7,1,6,-52,6,1881,14956,164,100,2,0,0
2571,7,4,768,0,688,16,16,7,2,5,-70,10,4750,31755,163,100,2,0,0
2570,20,17,1536,10,610,27,6,7,1,8,-70,0,484,7668,146,100,1,0,0
2571,8,4,768,0,672,17,24,7,1,4,-52,6,1478,14961,165,100,2,0,0
2572,9,5,1024,0,593,25,3,7,1,7,-52,5,1156,18548,164,100,2,0,0
2572,16,12,1280,0,635,16,25,7,1,5,-52,3,1009,11631,147,100,2,0,0
2573,19,16,1536,0,112,7,2,7,1,2,-70,0,931,11826,53,100,2,0,0
2575,11,7,1024,0,604,20,31,7,1,6,-52,4,1245,18236,153,100,2,0,0
2574,3,1,512,40,601,18,4,7,1,3,-64,9,1784,17819,170,100,1,1,1
2574,17,12,1280,0,495,24,2,7,1,8,-70,2,2073,19495,134,100,2,0,0
2576,1,0,256,0,32,0,0,4,0,0,0,10,1830,19672,2500,100,1,0,0
2577,4,1,512,0,580,20,12,7,2,3,-66,9,5768,35506,171,100,1,0,0
2578,3,1,512,70,602,18,4,7,1,3,-64,9,1504,12739,170,100,1,1,1
2577,16,12,1280,10,636,16,25,7,1,5,-52,3,883,7131,148,100,1,0,0
2576,13,9,1280,10,465,22,11,7,1,6,-52,2,1141,10546,133,100,1,0,0
2578,15,11,1280,10,647,15,32,7,1,4,-52,1,994,14913,155,100,2,0,0
2578,5,4,768,0,614,13,1,6,1,1,-52,8,1195,10814,171,100,1,0,0
2576,20,17,1536,0,610,27,6,7,1,8,-70,0,499,5939,147,100,1,0,0
2578,12,7,1024,0,612,26,24,7,2,9,-70,6,3701,24800,163,100,4,0,0
2572,10,6,1343,30,680,24,10,7,1,9,-52,3,1351,12514,164,100,1,0,0
2568,18,14,1855,10,571,22,6,5,1,5,-52,1,645,5573,150,100,1,0,0
2577,21,17,1536,0,575,19,9,5,1,5,-52,0,443,8594,137,100,1,0,0
2579,8,4,768,0,675,17,24,7,1,4,-52,6,846,10079,165,100,1,0,0
2579,17,12,1280,0,496,24,2,7,1,8,-70,2,1491,9191,134,100,1,0,0
2578,9,5,1024,10,594,25,3,7,1,7,-52,5,994,12649,165,100,2,0,0
2571,14,10,1599,0,603,20,3,7,1,7,-52,2,1802,24795,157,100,2,0,0
2576,6,2,1024,0,608,19,2,7,1,6,-52,6,1529,13648,165,100,1,0,0
2581,11,7,1024,0,606,20,31,7,1,6,-52,4,1113,10125,154,100,2,0,0
2578,2,3,768,0,621,16,1,6,1,5,-52,6,3078,22197,169,100,2,0,0
2582,7,4,768,0,691,16,16,7,2,5,-70,10,4559,30744,164,100,3,0,0
2582,1,0,256,0,32,0,0,4,0,0,0,10,1602,17241,2507,100,1,0,0
2582,19,16,1536,20,114,7,2,7,1,2,-70,0,853,8885,54,100,2,0,0
2582,15,11,1280,0,649,15,32,7,1,4,-52,1,377,7393,155,100,1,0,0
2582,13,9,1280,0,467,22,11,7,1,6,-52,2,702,5776,133,100,3,0,0
2584,4,1,512,0,585,20,12,7,2,3,-66,9,4995,26261,172,100,3,0,0
2585,3,1,512,0,604,18,4,7,1,3,-64,9,1756,19592,171,100,2,1,1
2584,20,17,1536,0,613,27,6,7,1,8,-70,0,830,7849,147,100,3,0,0
2584,6,2,1024,0,612,19,2,7,1,6,-52,6,767,14594,165,100,1,0,0
2585,9,5,1024,0,596,25,3,7,1,7,-52,5,882,10884,165,100,2,0,0
2584,8,4,768,0,675,17,24,7,1,4,-52,6,487,7135,166,100,2,0,0
2585,17,12,1280,0,497,24,2,7,1,8,-70,2,1014,9161,135,100,2,0,0
2587,16,12,1280,0,641,16,25,7,1,5,-52,3,1401,14015,148,100,3,0,0
2588,4,1,512,0,587,20,12,7,2,3,-66,9,2272,15336,172,100,1,0,0
2588,12,7,1024,0,616,26,24,7,2,9,-70,6,2918,26292,163,100,1,0,0
2589,5,4,768,10,617,13,1,6,1,1,-52,8,1891,19715,171,100,2,0,0
2589,19,16,1536,0,114,7,2,7,1,2,-70,0,771,8330,54,100,1,0,0
2588,21,17,1536,0,575,19,9,5,1,5,-52,0,766,10972,138,100,2,0,0
2591,3,1,512,10,605,18,4,7,1,3,-64,9,1320,17407,171,100,1,1,1
2590,13,9,1280,0,471,22,11,7,1,6,-52,2,1000,8855,134,100,2,0,0
2589,17,12,1280,0,499,24,2,7,1,8,-70,2,835,7650,135,100,1,0,0
2590,2,3,768,0,623,16,1,6,1,5,-52,6,1569,22388,170,100,2,0,0
2589,15,11,1280,0,650,15,32,7,1,4,-52,1,552,10944,155,100,3,0,0
2591,9,5,1024,10,598,25,3,7,1,7,-52,5,840,11149,165,100,2,0,0
2592,7,4,768,20,693,16,16,7,2,5,-70,10,4673,31560,165,100,3,0,0
2593,6,2,1024,0,614,19,2,7,1,6,-52,6,975,15546,166,100,2,0,0
2593,1,0,256,0,32,0,0,4,0,0,0,10,2158,28273,2519,100,2,0,0
2591,11,7,1024,0,608,20,31,7,1,6,-52,5,2005,20058,155,100,4,0,0
2591,20,17,1536,20,618,27,6,7,1,8,-70,0,816,7225,148,100,2,0,0
2595,5,4,768,0,617,13,1,6,1,1,-52,8,1210,10226,172,100,1,0,0
2596,9,5,1024,0,603,25,3,7,1,7,-52,5,1174,9611,166,100,1,0,0
2595,16,12,1280,0,643,16,25,7,1,5,-52,3,1184,11371,149,100,2,0,0
2596,21,17,1536,0,577,19,9,5,1,5,-52,0,706,6599,138,100,2,0,0
2595,8,4,768,0,677,17,24,7,1,4,-52,6,716,13563,166,100,2,0,0
2597,19,16,1536,0,115,7,2,7,1,2,-70,0,569,7363,55,100,2,0,0
2598,4,1,512,0,590,20,12,7,2,3,-66,9,6041,38478,173,100,2,0,0
2597,15,11,1280,10,651,15,32,7,1,4,-52,1,536,11117,156,100,1,0,0
2596,12,7,1024,10,618,26,24,7,2,9,-70,6,2498,19332,164,100,2,0,0
2597,13,9,1280,0,473,22,11,7,1,6,-52,2,526,6655,134,100,1,0,0
2599,6,2,1024,0,615,19,2,7,1,6,-52,6,393,9760,166,100,1,0,0
2579,10,11,1408,50,684,25,10,7,0,10,-52,3,1266,10025,164,100,1,0,0
2600,3,1,512,0,606,18,4,7,1,3,-64,9,1671,24752,172,100,2,1,1
2583,10,11,1408,90,685,26,10,7,0,10,-52,3,967,6918,165,100,2,0,0
2591,10,11,1408,90,687,26,10,7,0,10,-52,3,933,11883,165,100,3,0,0
2598,10,11,1408,100,689,26,10,7,0,10,-52,3,736,9480,166,100,2,0,0
2602,2,3,768,0,624,16,1,6,1,5,-52,6,1312,20257,171,100,2,0,0
2600,17,12,1280,0,503,24,2,7,1,8,-70,2,2074,18695,136,100,3,0,0
2591,14,10,1664,30,609,21,3,7,1,7,-52,2,1281,16998,159,100,2,0,0
2599,18,14,1855,0,581,22,6,5,1,5,-52,1,858,14339,152,100,2,0,0
2603,1,0,256,0,32,0,0,4,0,0,0,10,2251,24867,2532,100,2,0,0
2600,14,10,1664,0,613,21,3,7,1,7,-52,2,1598,17882,159,100,2,0,0
2603,12,7,1024,0,618,26,24,7,2,9,-70,6,1354,15093,164,100,1,0,0
2604,7,4,768,30,696,16,16,7,2,5,-70,10,6357,37451,165,100,3,0,0
2605,3,1,512,0,608,18,4,7,1,3,-64,9,767,13767,172,100,0,1,1
2603,20,17,1536,0,623,27,6,7,1,8,-70,0,1598,12693,148,100,3,0,0
2603,8,4,768,0,679,17,24,7,1,4,-52,6,721,10496,167,100,1,0,0
2603,16,12,1280,0,647,16,25,7,1,5,-52,3,1359,10582,149,100,3,0,0
2609,3,1,512,60,609,18,4,7,1,3,-64,9,1631,13489,173,100,1,1,1
2603,11,7,1024,0,611,20,31,7,1,6,-52,5,3305,23532,155,100,3,0,0
2608,5,4,768,10,620,13,1,6,1,1,-52,8,1971,19971,172,100,2,0,0
2610,6,2,1024,0,618,19,2,7,1,6,-52,6,1286,20196,167,100,2,0,0
2610,7,3,768,0,697,17,16,7,2,6,-52,10,2439,18797,166,100,1,0,0
2613,3,1,512,80,612,18,4,7,2,3,-64,10,2412,14890,173,100,1,1,1
2614,1,0,256,0,32,0,0,4,0,0,0,10,1473,27383,2534,100,2,0,0
2607,15,11,1280,10,655,15,32,7,1,4,-52,1,885,15111,157,100,3,0,0
2606,9,5,1024,0,607,25,3,7,1,7,-52,5,1777,21268,167,100,3,0,0
2614,2,3,768,0,626,16,1,6,1,5,-52,6,1732,22617,172,100,2,0,0
2615,10,11,1280,10,699,26,10,7,1,10,-52,3,921,9833,167,100,1,0,0
2615,7,3,768,10,699,18,16,7,2,6,-52,10,1152,12660,166,100,2,0,0
2611,9,5,1024,0,610,25,3,7,1,7,-52,5,731,8445,167,100,0,0,0
2615,8,3,768,0,685,19,26,7,1,5,-70,6,1529,16330,168,100,4,0,0
2619,1,0,256,0,32,0,0,4,0,0,0,10,1005,15060,2538,100,1,0,0
2614,11,7,1024,30,615,20,31,7,1,6,-52,6,1260,10602,156,100,1,0,0
2616,15,11,1280,0,656,15,32,7,1,4,-52,1,551,13786,157,100,1,0,0
2616,5,4,1024,10,623,14,1,6,1,1,-52,8,1634,14594,173,100,2,0,0
2621,3,1,512,20,620,18,4,7,2,3,-64,10,5834,30388,173,55,3,1,1
2625,13,9,1280,0,485,22,11,7,1,6,-52,2,1000,9790,136,100,2,0,0
2625,7,3,771,0,702,18,16,7,2,6,-52,10,1021,11229,167,100,0,0,0
2628,1,0,256,0,32,0,0,4,0,0,0,10,1153,22855,2542,100,2,0,0
2631,3,1,512,10,623,18,4,7,2,3,-64,10,3258,30217,174,23,2,1,1
2630,5,4,1024,0,624,14,1,6,1,1,-52,8,890,13858,174,100,1,0,0
2632,9,5,1024,10,613,25,3,7,1,7,-52,5,1276,21876,168,100,2,0,0
2632,15,11,1280,10,663,15,32,7,1,4,-52,1,672,16495,158,100,2,0,0
2633,13,9,1280,0,488,22,12,7,1,6,-52,2,776,8440,136,100,4,0,0
2635,6,2,1024,0,625,19,2,7,1,6,-52,5,713,13011,169,100,1,0,0
2636,4,3,771,10,603,22,13,7,1,4,-52,9,1720,27166,174,100,4,0,0
2637,7,3,771,20,707,18,16,7,2,6,-52,10,1063,16045,168,100,2,0,0
2636,11,7,1024,20,619,20,32,7,1,6,-52,6,1324,16730,158,100,3,0,0
2639,1,0,256,0,32,0,0,4,0,0,0,10,1048,27433,2544,100,2,0,0
2639,3,1,512,10,627,18,4,7,2,3,-64,10,4025,27865,174,50,4,1,1
2639,5,4,1027,10,630,14,1,6,1,1,-52,8,2305,15602,175,100,4,0,0
2638,15,11,1280,10,666,15,32,7,1,4,-52,1,768,9711,159,100,2,0,0
2643,5,4,1027,0,633,14,1,6,1,1,-52,8,1031,8774,175,100,1,0,0
2645,3,1,512,10,629,18,4,7,2,3,-64,10,2122,19274,175,33,1,1,1
2644,8,3,768,0,698,20,26,7,1,5,-70,6,879,7967,170,100,2,0,0
2645,11,7,1024,10,626,20,32,7,1,6,-52,7,2700,22404,158,100,3,0,0
2648,7,3,768,0,710,18,16,7,2,6,-52,10,2884,29892,168,100,2,0,0
2650,1,0,256,0,32,0,0,4,0,0,0,10,923,28601,2547,100,2,0,0
2651,6,2,1027,0,628,19,2,7,1,6,-52,5,846,15799,170,100,1,0,0
2653,3,1,512,0,632,18,4,7,2,3,-64,10,2913,25104,175,25,2,1,1
2653,11,7,1024,10,630,20,32,7,1,6,-52,7,1115,9957,159,100,2,0,0
2654,1,0,256,0,32,0,0,4,0,0,0,10,172,10135,2548,100,0,0,0
2653,8,3,768,10,701,20,26,7,1,5,-70,6,769,12406,170,100,3,0,0
2654,10,11,1280,0,713,26,10,7,1,10,-52,3,652,13224,169,100,2,0,0
2658,3,1,512,10,633,18,4,7,2,3,-64,10,1849,14242,176,30,1,1,1
2660,15,11,1280,10,671,15,33,7,1,4,-52,1,645,13523,160,100,3,0,0
2661,6,2,1027,0,629,19,2,7,1,6,-52,5,1475,21260,170,100,2,0,0
2661,1,0,256,0,32,0,0,4,0,0,0,10,802,16619,2550,100,2,0,0
2657,14,6,1168,80,630,23,3,7,1,8,-95,2,2010,21359,162,100,4,0,0
2656,18,14,1664,0,597,23,6,5,1,5,-52,1,892,9952,156,100,2,0,0
2664,11,7,1024,0,632,21,32,7,1,6,-52,7,2204,25678,159,100,3,0,0
2666,5,4,1027,0,639,14,1,6,1,1,-52,8,1380,17937,176,100,2,0,0
2666,15,11,1280,10,674,15,33,7,1,4,-52,1,552,8499,160,100,1,0,0
2666,1,0,256,0,32,0,0,4,0,0,0,10,409,13485,2551,100,1,0,0
2668,3,1,512,0,634,18,4,7,2,3,-64,10,4320,32647,176,40,2,1,1
2671,1,0,256,0,32,0,0,4,0,0,0,10,686,12316,2556,100,0,0,0
2667,18,14,1332,0,598,23,6,5,1,5,-52,1,515,9177,156,100,2,0,0
2676,3,1,512,0,638,18,4,7,2,3,-64,10,3577,29163,177,39,2,1,1
2676,4,3,768,10,612,22,13,7,1,4,-52,7,2543,33217,177,100,1,0,0
2676,13,9,1539,10,497,23,12,7,1,6,-52,2,1085,9243,139,100,1,0,0
2679,6,2,1024,20,631,19,2,7,1,6,-52,5,1348,18440,171,100,1,0,0
2680,1,0,256,0,32,0,0,4,0,0,0,10,964,22191,2560,100,2,0,0
2680,9,5,1283,10,630,26,3,7,1,7,-52,5,1209,16320,171,100,2,0,0
2679,14,6,1024,20,638,23,3,7,1,8,-95,2,2069,19998,163,100,2,0,0
2683,15,11,1280,0,681,15,33,7,1,4,-52,1,967,17220,162,100,2,0,0
2685,3,1,512,0,639,18,4,7,2,3,-64,10,3650,29429,177,40,1,1,1
2688,9,5,1283,0,632,26,3,7,1,7,-52,5,1294,13053,172,100,1,0,0
2690,1,0,256,0,32,0,0,4,0,0,0,10,1291,25815,2567,100,2,0,0
2692,7,3,768,0,719,18,16,7,2,6,-52,9,379,9510,171,100,0,0,0
2693,6,2,1024,10,633,19,2,7,1,6,-52,6,1919,20849,172,100,2,0,0
2693,11,7,1024,10,640,21,33,7,1,6,-52,8,1319,19067,162,100,1,0,0
2693,15,11,1280,0,686,15,33,7,1,4,-52,1,963,15220,162,100,3,0,0
2694,10,11,1280,0,724,26,10,7,1,10,-52,2,275,6500,172,100,0,0,0
2695,3,1,512,0,642,18,4,7,2,3,-64,10,4031,32565,178,47,3,1,1
2693,4,3,768,10,615,22,14,7,1,4,-52,7,733,16626,178,100,3,0,0
2694,5,4,1027,20,651,14,1,6,1,1,-52,8,1926,16156,178,100,2,0,0
2694,9,5,1283,0,635,26,3,7,1,7,-52,5,1028,9819,172,100,1,0,0
2693,13,9,1539,0,505,23,12,7,1,6,-52,2,381,4462,140,100,0,0,0
2698,6,2,1024,10,635,19,2,7,1,6,-52,6,698,9486,173,100,1,0,0
2698,8,3,768,20,713,20,27,7,1,5,-70,9,1307,17234,173,100,3,0,0
2699,14,6,1024,20,641,23,3,7,1,8,-95,3,1366,16828,165,100,1,0,0
2700,2,3,768,0,661,16,1,6,1,5,-52,7,2393,21206,177,100,1,0,0
2701,9,5,1283,10,638,26,3,7,1,7,-52,5,1195,11423,173,100,1,0,0
2701,7,3,768,0,721,18,16,7,2,6,-52,8,2261,24772,172,100,2,0,0
2702,1,0,256,0,34,0,0,4,0,0,0,10,2477,33533,2578,100,4,0,0
2701,11,7,1024,0,641,21,33,7,1,6,-52,7,1605,18102,162,100,2,0,0
2701,15,11,1280,10,686,15,33,7,1,4,-52,1,445,11700,163,100,1,0,0
2701,10,11,1280,0,728,26,10,7,1,10,-52,2,912,11381,173,100,3,0,0
2702,6,2,1024,0,637,19,2,7,1,6,-52,6,1038,9662,173,100,1,0,0
2703,3,1,512,10,645,19,4,7,2,3,-64,10,5733,31322,179,100,2,1,1
2703,5,4,1027,0,657,14,1,6,1,1,-52,8,2129,16071,179,100,3,0,0
2698,18,14,1308,0,608,23,6,5,1,5,-52,1,964,11482,159,100,2,0,0
2704,8,3,768,10,714,20,27,7,1,5,-70,9,902,9222,174,100,1,0,0
2681,12,8,1216,70,657,30,25,7,0,11,-52,5,475,13722,170,100,1,0,0
2692,12,8,1216,80,661,30,25,7,0,11,-52,3,1736,22808,170,100,4,0,0
2704,4,3,768,10,617,23,14,7,1,4,-52,7,3216,35397,179,100,2,0,0
2700,12,8,1216,60,664,30,25,7,0,11,-52,3,526,14706,171,100,2,0,0
2705,13,9,1539,0,505,23,12,7,1,6,-52,2,536,10489,141,100,2,0,0
2706,9,5,1283,10,641,26,3,7,1,7,-52,5,1009,9516,173,100,1,0,0
2707,14,6,1364,20,647,23,3,7,1,8,-95,3,2306,16630,165,100,3,0,0
2709,15,11,1280,0,687,15,33,7,1,4,-52,1,445,10317,163,100,1,0,0
2708,2,3,768,0,661,17,1,6,1,5,-52,7,1581,16400,178,100,2,0,0
2709,1,0,256,0,34,0,0,4,0,0,0,10,1095,19298,2584,100,1,0,0
2710,3,1,512,20,646,19,4,7,2,3,-64,10,4621,25120,179,100,2,1,1
2709,11,7,1024,0,642,21,33,7,1,6,-52,7,1343,16621,162,100,1,0,0
2710,5,4,1027,0,661,14,1,6,1,1,-52,8,1279,11688,179,100,1,0,0
2710,6,2,1024,0,640,19,2,7,1,6,-52,6,1878,19195,173,100,1,0,0
2710,18,14,1308,0,611,23,6,5,1,5,-52,1,871,12388,159,100,1,0,0
2710,7,3,768,20,725,18,16,7,1,6,-52,8,2132,22469,172,100,2,0,0
2710,10,11,1280,0,730,26,10,7,1,10,-52,2,528,11401,173,100,1,0,0
2711,4,3,768,0,617,23,14,7,1,4,-52,7,1269,19892,179,100,1,0,0
2710,8,3,768,10,714,20,27,7,1,5,-70,10,2071,14590,174,100,1,0,0
2711,17,12,1472,0,538,26,2,7,1,8,-70,0,1018,14513,143,100,2,0,0
2712,12,8,1027,0,668,30,25,7,1,11,-52,3,2745,27034,172,100,4,0,0
2713,2,3,768,0,662,17,1,6,1,5,-52,7,1351,12431,178,100,1,0,0
2680,21,16,1888,100,604,22,9,5,0,6,-70,1,314,8918,143,100,2,0,0
2715,9,5,1283,0,643,26,3,7,1,7,-52,5,1015,14567,174,100,2,0,0
2715,17,12,1472,10,540,26,2,7,1,8,-70,0,1064,8135,143,100,1,0,0
2716,14,6,1280,10,650,23,3,7,1,8,-95,3,1890,20272,166,100,3,0,0
2689,21,16,1888,90,606,22,9,5,0,6,-70,1,487,8009,144,100,3,0,0
2716,10,11,1280,0,731,26,10,7,1,10,-52,2,453,10675,174,100,1,0,0
2716,3,1,512,10,646,19,4,7,2,3,-64,10,5751,28532,180,100,1,1,1
2717,5,4,1027,10,664,14,1,6,1,1,-52,8,1442,12759,180,100,2,0,0
2717,8,3,768,30,717,20,27,7,1,5,-70,10,2418,15020,174,100,2,0,0
2716,13,9,1539,0,508,23,12,7,1,6,-52,2,810,10746,142,100,2,0,0
2718,6,2,1024,10,642,19,2,7,1,6,-52,6,1867,18689,174,100,1,0,0
2718,1,0,256,0,35,0,0,4,0,0,0,10,2577,28912,2598,100,3,0,0
2717,11,7,1024,10,645,21,33,7,1,6,-52,7,1792,19590,163,100,2,0,0
2718,7,3,768,0,728,18,16,7,1,6,-52,8,1950,21882,173,100,2,0,0
2717,15,11,1280,0,690,15,33,7,1,4,-52,1,863,15175,164,100,2,0,0
2698,21,16,1888,90,608,22,9,5,0,6,-70,1,1105,9875,144,100,2,0,0
2720,18,14,1536,0,613,23,6,5,1,5,-52,1,838,11903,160,100,2,0,0
2683,16,8,1408,80,670,21,28,7,0,8,-95,5,674,14105,155,100,2,0,0
2721,3,1,512,10,647,19,4,7,2,3,-64,10,2867,15721,180,100,1,1,1
2719,4,3,768,0,618,23,14,7,1,4,-52,7,1708,23896,180,100,2,0,0
2694,16,8,1408,90,671,21,28,7,0,8,-95,5,632,12638,155,100,3,0,0
2721,2,3,768,30,663,17,1,6,1,5,-52,7,2026,16932,179,100,2,0,0
2723,1,0,256,0,35,0,0,4,0,0,0,10,612,11571,2601,100,1,0,0
2722,10,11,1280,0,733,26,10,7,1,10,-52,2,504,8622,174,100,1,0,0
2723,14,6,1280,0,650,23,3,7,1,8,-95,3,1056,12131,166,100,1,0,0
2722,13,9,1539,10,510,23,12,7,1,6,-52,2,837,6577,142,100,2,0,0
2721,6,2,1024,0,642,19,2,7,1,6,-52,6,1099,11910,174,100,1,0,0
2723,11,7,1024,0,647,21,33,7,1,6,-52,7,1282,13399,163,100,1,0,0
2724,5,4,1027,0,666,14,1,6,1,1,-52,8,1024,10534,180,100,2,0,0
2720,12,8,1027,70,671,30,26,7,1,11,-52,4,2983,23229,172,100,3,0,0
2724,15,11,1280,0,693,15,33,7,1,4,-52,1,741,10448,164,100,1,0,0
2702,16,8,1408,90,674,21,28,7,0,8,-95,5,817,9665,156,100,3,0,0
2725,7,3,768,10,730,18,16,7,1,6,-52,8,1549,16426,173,100,3,0,0
2726,18,14,1536,0,614,23,6,5,1,5,-52,1,447,7577,160,100,1,0,0
2705,21,16,1888,90,609,22,9,5,0,6,-70,1,467,5816,145,100,1,0,0
2727,3,1,512,100,649,19,4,7,2,3,-64,10,4773,22167,180,100,1,1,1
2726,8,3,768,20,719,20,27,7,1,5,-70,10,2722,19807,175,100,1,0,0
2726,4,3,768,10,622,23,14,7,1,4,-52,7,1721,18572,180,100,1,0,0
2726,12,8,1027,90,672,30,26,7,1,11,-52,5,2095,18980,173,100,1,0,0
2727,9,5,1283,0,645,26,3,7,1,7,-52,5,1516,18740,175,100,2,0,0
2716,21,17,1920,30,611,23,9,5,1,7,-52,1,819,6233,145,100,1,0,0
2713,16,12,1600,80,679,22,28,7,0,9,-52,5,1606,14219,157,100,2,0,0
2719,16,12,1472,30,683,23,28,7,1,9,-52,4,1756,10150,157,100,3,0,0
2728,2,3,768,20,666,17,1,6,1,5,-52,7,1482,14103,179,100,1,0,0
2729,11,7,1024,10,649,21,33,7,1,6,-52,7,1227,14343,164,100,1,0,0
2725,16,12,1472,10,685,23,29,7,1,9,-52,4,1295,10260,158,100,3,0,0
2725,17,12,1472,0,542,26,2,7,1,8,-70,1,861,9505,144,100,1,0,0
2732,1,0,256,0,35,0,0,4,0,0,0,10,2100,26727,2613,100,2,0,0
2731,3,1,512,20,649,19,4,7,2,3,-64,10,4016,18956,181,100,1,1,1
2729,15,11,1280,0,694,15,33,7,1,4,-52,1,532,7984,165,100,1,0,0
2732,5,4,1027,10,668,14,1,6,1,1,-52,8,1082,12799,181,100,1,0,0
2733,9,5,1283,0,645,26,3,7,1,7,-52,5,489,8680,175,100,1,0,0
2732,4,3,768,0,623,23,14,7,1,4,-52,7,1386,16002,181,100,1,0,0
2734,13,9,1539,0,512,23,12,7,1,6,-52,2,1120,12004,143,100,2,0,0
2731,8,3,768,20,721,20,27,7,1,5,-70,10,1977,10824,175,100,1,0,0
2731,6,2,1024,20,644,19,2,7,1,6,-52,6,1515,20758,175,100,2,0,0
2729,14,6,1280,10,656,23,3,7,1,8,-95,3,1875,19490,167,100,3,0,0
2733,7,3,768,10,733,18,16,7,1,6,-52,8,2332,24124,174,100,2,0,0
2730,12,8,1027,30,674,30,26,7,1,11,-52,5,1951,13594,173,100,2,0,0
2734,10,11,1280,0,736,26,10,7,1,10,-52,2,956,17774,175,100,3,0,0
2726,21,17,1920,10,616,24,9,5,1,7,-52,1,1695,11351,145,100,4,0,0
2731,17,12,1283,10,545,26,2,7,1,8,-70,1,1044,8901,144,100,1,0,0
2735,14,6,1301,20,658,23,3,7,1,8,-95,3,1312,14336,167,100,1,0,0
2736,15,11,1280,10,695,15,34,7,1,4,-52,1,929,11534,165,100,3,0,0
2738,3,1,512,10,653,19,4,7,2,3,-64,10,4968,23122,181,100,1,1,1
2731,16,12,1283,0,687,23,29,7,1,9,-52,4,601,9520,158,100,1,0,0
2736,2,3,768,10,668,17,1,6,1,5,-52,7,2109,17938,180,100,1,0,0
2738,18,14,1536,0,616,23,6,5,1,5,-52,1,1016,14385,161,100,2,0,0
2738,8,3,768,30,723,20,27,7,1,5,-70,10,1892,12613,176,100,2,0,0
2738,4,3,768,0,626,23,14,7,1,4,-52,7,1187,15803,181,100,2,0,0
2733,17,12,1283,0,546,26,2,7,1,8,-70,1,861,7823,145,100,1,0,0
2738,7,3,768,0,737,18,17,7,1,6,-52,8,1432,12423,174,100,2,0,0
2737,21,17,1920,0,619,24,9,5,1,7,-52,1,1157,11124,146,100,2,0,0
2740,9,5,1283,10,648,26,3,7,1,7,-52,5,922,11416,175,100,1,0,0
2738,6,2,1024,10,645,19,2,7,1,6,-52,6,1641,17333,175,100,2,0,0
2740,1,0,256,0,35,0,0,4,0,0,0,10,1583,24623,2618,100,1,0,0
2740,5,4,1027,10,668,14,1,6,1,1,-52,8,1643,14033,181,100,2,0,0
2738,12,8,1027,0,677,30,26,7,1,11,-52,5,2365,21327,173,100,3,0,0
2739,11,7,1024,20,654,21,33,7,1,6,-52,7,2460,24403,165,100,3,0,0
2740,10,11,1280,0,737,26,10,7,1,10,-52,2,469,11774,175,100,1,0,0
2742,2,3,768,0,670,17,1,6,1,5,-52,7,1181,11667,180,100,3,0,0
2741,15,11,1280,10,699,15,34,7,1,4,-52,1,806,9730,166,100,2,0,0
2744,4,3,768,10,626,23,14,7,1,4,-52,7,1285,15302,182,100,1,0,0
2739,16,12,1283,10,689,23,29,7,1,9,-52,4,641,9444,159,100,3,0,0
2744,8,3,808,20,724,20,27,7,1,5,-70,10,2061,12806,176,100,3,0,0
2744,12,8,1027,0,678,30,26,7,1,11,-52,5,899,13250,174,100,1,0,0
2745,11,7,1024,0,654,21,33,7,1,6,-52,7,1238,13084,165,100,1,0,0
2745,14,6,1280,30,662,23,3,7,1,8,-95,3,2059,23492,168,100,2,0,0
2745,16,12,1283,0,689,23,30,7,1,9,-52,4,373,8530,159,100,2,0,0
2745,17,12,1283,0,547,26,2,7,1,8,-70,1,933,17199,145,100,3,0,0
2749,3,1,512,20,654,19,4,7,2,3,-64,10,8394,41322,182,100,4,1,1
2747,7,3,768,10,739,18,17,7,1,6,-52,8,2352,24187,175,100,2,0,0
2750,1,0,256,0,36,0,0,4,0,0,0,10,2244,28267,2633,100,3,0,0
2743,18,14,1536,20,620,23,6,5,1,5,-52,1,1140,10931,162,100,2,0,0
2749,6,2,1024,10,648,19,2,7,1,6,-52,6,2177,23881,176,100,3,0,0
2750,10,11,1280,0,738,26,10,7,1,10,-52,2,646,13285,176,100,2,0,0
2750,2,3,768,0,671,17,1,6,1,5,-52,7,1942,16627,181,100,2,0,0
2751,17,12,1283,20,549,26,2,7,1,8,-70,1,1368,8711,146,100,1,0,0
2752,5,4,1024,10,673,15,1,6,1,1,-52,8,2145,20037,182,100,3,0,0
2751,9,5,1283,0,653,26,3,7,1,7,-52,5,1694,18333,176,100,4,0,0
2753,13,9,1539,0,514,23,12,7,1,6,-52,2,605,10479,144,100,2,0,0
2750,15,11,1280,0,701,15,34,7,1,4,-52,1,680,13452,166,100,2,0,0
2752,14,6,1280,20,664,23,3,7,1,8,-95,3,1571,15366,168,100,2,0,0
2752,11,7,1024,20,658,21,33,7,1,6,-52,7,1540,16556,165,100,2,0,0
2757,3,1,512,100,656,19,4,7,2,3,-64,10,4956,26555,182,100,1,1,1
2750,12,8,1027,20,681,30,26,7,1,11,-52,6,1685,20140,174,100,2,0,0
2747,21,17,1920,0,623,24,9,5,1,7,-52,1,936,11533,147,100,3,0,0
2756,6,2,1024,10,649,19,2,7,1,6,-52,6,758,11375,176,100,1,0,0
2758,5,4,1024,0,674,15,1,6,1,1,-52,8,1364,11056,183,100,1,0,0
2756,15,11,1280,10,703,16,34,7,1,4,-52,1,526,8730,167,100,2,0,0
2759,14,6,1646,10,665,23,3,7,1,8,-95,3,1071,12719,169,100,2,0,0
2760,7,3,768,10,743,18,17,7,1,6,-52,9,2561,29319,176,100,3,0,0
2756,18,14,1536,0,623,23,6,5,1,5,-52,1,1019,15128,162,100,2,0,0
2759,10,11,1280,10,740,27,10,7,1,10,-52,2,739,13480,176,100,1,0,0
2757,17,12,1283,0,550,26,2,7,1,8,-70,1,819,10655,146,100,1,0,0
2761,1,0,256,0,36,0,0,4,0,0,0,10,2326,31912,2648,100,2,0,0
2758,16,12,1283,0,691,23,30,7,1,9,-52,4,1097,15420,160,100,2,0,0
2762,3,1,512,0,657,19,4,7,3,3,-64,10,4878,22450,183,100,2,1,1
2758,12,8,1027,10,684,30,26,7,1,11,-52,6,1676,19252,175,100,1,0,0
2762,4,3,768,10,632,23,14,7,1,4,-52,7,1790,21741,183,100,2,0,0
2763,13,9,1539,10,517,23,12,7,1,6,-52,2,703,9663,145,100,2,0,0
2764,2,3,768,0,676,17,1,6,1,5,-52,7,2991,24474,182,100,3,0,0
2758,21,17,1920,0,626,24,9,5,1,7,-52,0,1092,11226,147,100,2,0,0
2764,8,3,768,20,727,20,27,7,1,5,-70,10,2778,17215,178,100,3,0,0
2764,14,6,1286,20,668,24,3,7,1,8,-95,3,1596,12471,169,100,0,0,0
2763,11,7,1024,0,660,21,33,7,1,6,-52,7,2210,24981,166,100,3,0,0
2764,9,5,1283,0,656,26,3,7,1,7,-52,5,941,13193,177,100,3,0,0
2766,5,4,1024,10,678,15,1,6,1,1,-52,8,1083,12417,183,100,1,0,0
2767,6,2,1024,0,651,20,2,7,1,6,-52,6,2339,24943,177,100,3,0,0
2767,7,3,768,0,744,19,17,7,1,6,-52,9,1285,18540,176,100,1,0,0
2765,16,12,1283,0,693,23,30,7,1,9,-52,4,644,8375,160,100,1,0,0
2768,2,3,768,0,678,17,1,6,1,5,-52,7,1032,10506,182,100,1,0,0
2764,12,8,1024,0,685,30,26,7,1,11,-52,6,1558,15797,175,100,1,0,0
2769,4,3,768,0,634,23,14,7,1,4,-52,7,1188,18309,183,100,1,0,0
2766,15,11,1280,0,707,16,34,7,1,4,-52,1,1122,16291,167,100,3,0,0
2766,21,17,1920,0,629,24,9,5,1,7,-52,0,684,8310,148,100,2,0,0
2769,1,0,256,0,36,0,0,4,0,0,0,10,1404,24790,2652,100,1,0,0
2769,3,1,512,0,660,19,4,7,3,3,-64,10,5515,26723,183,100,2,1,1
2769,9,5,1283,0,657,26,3,7,1,7,-52,5,426,7229,177,100,1,0,0
2767,18,14,1902,0,625,23,6,5,1,5,-52,1,1048,13289,163,100,2,0,0
2768,17,12,1283,0,553,26,2,7,1,8,-70,1,1654,18430,147,100,2,0,0
2769,10,11,1280,10,743,27,10,7,1,10,-52,2,778,14650,177,100,2,0,0
2772,5,4,1024,0,678,15,1,6,1,1,-52,8,751,7846,183,100,1,0,0
2770,16,12,1283,0,696,23,30,7,1,9,-52,4,693,7314,160,100,1,0,0
2771,18,14,1902,0,625,23,6,5,1,5,-52,1,168,5335,163,100,0,0,0
2773,1,0,256,0,36,0,0,4,0,0,0,10,1172,14720,2662,100,1,0,0
2774,2,3,768,10,678,17,1,6,1,5,-52,7,1394,11797,182,100,1,0,0
2773,17,12,1283,0,555,26,2,7,1,8,-70,1,644,7377,147,100,1,0,0
2773,10,11,1280,0,744,27,10,7,1,10,-52,2,588,6897,177,100,1,0,0
2775,8,3,768,10,732,21,27,7,1,5,-70,10,3250,21205,178,100,2,0,0
2775,13,9,1539,10,517,23,12,7,1,6,-52,2,763,11094,146,100,2,0,0
2774,14,6,1280,10,675,24,3,7,1,8,-95,3,2751,24938,170,100,3,0,0
2776,12,8,1024,0,686,31,26,7,1,11,-52,6,1951,24150,176,100,2,0,0
2776,3,1,512,0,663,19,4,7,3,3,-64,10,5602,27411,184,100,3,1,1
2774,11,7,1024,10,662,21,33,7,1,6,-52,6,2050,26238,167,100,2,0,0
2776,4,3,768,10,635,23,15,7,1,4,-52,7,1773,21312,184,100,2,0,0
2777,1,0,256,0,37,0,0,4,0,0,0,10,1092,13407,2666,100,2,0,0
2776,9,5,1283,10,662,26,3,7,1,7,-52,5,1471,11205,178,100,2,0,0
2778,6,2,1024,0,655,20,2,7,1,6,-52,6,2511,24998,178,100,2,0,0
2778,7,3,768,0,746,19,17,7,1,6,-52,8,2561,29016,177,100,3,0,0
2776,15,11,1280,0,709,16,34,7,1,4,-52,1,740,14238,168,100,1,0,0
2774,16,12,1283,10,699,23,30,7,1,9,-52,4,688,6721,161,100,1,0,0
2778,10,11,1280,0,744,27,10,7,1,10,-52,2,321,6602,178,100,1,0,0
2781,8,3,768,20,733,21,27,7,1,5,-70,10,1391,10432,179,100,2,0,0
2777,21,17,1920,0,633,24,9,5,1,7,-52,0,964,10737,149,100,2,0,0
2781,5,4,1024,10,683,15,1,6,1,1,-52,8,2027,16670,184,100,3,0,0
2781,9,5,1283,0,663,26,3,7,1,7,-52,5,535,8597,178,100,1,0,0
2782,16,12,1283,0,703,23,30,7,1,9,-52,4,1020,9222,161,100,2,0,0
2784,3,1,512,10,665,20,4,7,3,3,-64,10,5056,25912,184,100,1,1,1
2784,4,3,768,10,637,23,15,7,1,4,-52,7,1722,20078,184,100,2,0,0
2783,14,6,1280,90,678,24,3,7,1,8,-95,3,2258,21676,170,100,2,0,0
2785,2,3,768,10,681,17,1,6,1,5,-52,7,2201,20848,183,100,4,0,0
2761,19,14,1664,100,158,10,2,7,0,3,-70,1,339,5444,66,100,1,0,0
2783,13,9,1539,0,521,23,12,7,1,6,-52,2,969,9075,146,100,2,0,0
2784,11,7,1024,30,667,22,33,7,1,6,-52,6,2157,19213,168,100,2,0,0
2786,12,8,1024,10,689,31,27,7,1,11,-52,5,2255,25549,177,100,3,0,0
2782,15,11,1280,0,711,16,34,7,1,4,-52,1,731,9774,168,100,1,0,0
2785,5,4,1024,0,686,15,1,6,1,1,-52,8,843,7556,184,100,1,0,0
2772,19,14,1664,90,161,10,2,7,0,3,-70,1,967,10161,66,100,3,0,0
2788,1,0,256,0,38,0,0,4,0,0,0,10,2481,33602,2679,100,3,0,0
2789,6,2,1024,0,658,20,2,7,1,6,-52,6,2083,26568,179,100,2,0,0
2784,17,12,1283,0,560,26,2,7,1,8,-70,1,1876,18938,148,100,2,0,0
2789,11,7,1024,10,668,22,33,7,1,6,-52,6,1246,10718,168,100,2,0,0
2781,19,14,1536,20,164,10,2,7,1,3,-70,1,1528,6165,67,100,2,0,0
2790,5,4,1024,10,687,15,1,6,1,1,-52,8,1283,10279,185,100,1,0,0
2792,8,3,768,60,739,21,27,7,1,5,-70,10,2872,20822,179,100,4,0,0
2793,3,1,512,0,668,21,4,7,3,3,-64,10,6822,34517,185,70,2,1,1
2786,16,12,1283,0,704,23,30,7,1,9,-52,3,447,5387,161,100,2,0,0
2788,21,17,1539,0,637,24,9,5,1,7,-52,0,861,9722,149,100,2,0,0
2795,13,9,1536,0,524,23,12,7,1,6,-52,2,790,7310,147,100,2,0,0
2796,15,11,1280,0,717,17,34,7,1,4,-52,1,1635,18317,169,100,4,0,0
2796,14,10,1536,70,681,25,3,7,1,9,-52,3,1513,12031,171,100,0,0,0
2796,9,5,1280,0,671,27,3,7,1,7,-52,5,1417,12483,179,100,3,0,0
2798,11,7,1024,20,675,22,33,7,1,6,-52,6,2417,21919,168,100,2,0,0
2798,7,3,768,20,752,19,17,7,1,6,-52,8,1096,12515,178,100,1,0,0
2799,13,9,1536,10,525,24,12,7,1,6,-52,2,461,4333,147,100,1,0,0
2800,10,11,1280,20,747,28,10,7,1,10,-52,2,1978,18362,179,100,2,0,0
2800,3,1,512,10,671,21,4,7,3,3,-64,10,4083,24557,185,44,1,1,1
2800,1,0,256,0,39,0,0,4,0,0,0,10,1506,34158,2683,100,3,0,0
2800,5,4,1024,10,691,15,1,6,1,1,-52,8,2254,19204,185,100,3,0,0
2802,17,12,1283,0,567,26,2,7,1,8,-70,1,2166,20708,149,100,3,0,0
2806,1,0,256,0,39,0,0,4,0,0,0,10,972,18836,2690,100,1,0,0
2797,18,14,1536,0,631,24,6,5,1,5,-52,1,701,9137,165,100,1,0,0
2808,3,1,512,10,674,22,4,7,3,3,-64,10,3982,26269,186,30,1,1,1
2797,19,14,1536,0,172,11,2,7,1,3,-70,1,987,8738,68,100,1,0,0
2806,13,9,1536,0,526,24,12,7,1,6,-52,2,686,8764,148,100,1,0,0
2806,9,5,1280,10,675,27,3,7,1,7,-52,5,1783,18098,180,100,2,0,0
2811,8,3,768,0,746,21,27,7,1,5,-70,10,1571,10192,181,100,4,0,0
2810,21,17,1539,0,639,25,9,5,1,7,-52,0,498,8881,151,100,1,0,0
2810,11,7,1024,0,678,22,34,7,1,6,-52,7,2419,17932,169,100,2,0,0
2812,1,0,256,0,39,0,0,4,0,0,0,10,862,16253,2692,100,1,0,0
2815,14,10,1536,0,690,26,3,7,1,9,-52,3,867,10936,172,100,0,0,0
2817,11,7,1024,0,680,22,34,7,1,6,-52,7,2447,19408,170,100,2,0,0
2817,3,1,512,0,678,22,4,7,3,3,-64,10,5028,31988,186,36,4,1,1
2818,4,3,768,0,648,23,15,7,1,4,-52,7,1076,13012,186,100,1,0,0
2815,13,9,1536,20,529,24,12,7,1,6,-52,2,800,9206,149,100,3,0,0
2820,1,0,256,0,40,0,0,4,0,0,0,10,1160,24578,2699,100,2,0,0
2821,5,4,1024,0,694,15,1,6,1,1,-52,8,1287,13213,187,100,2,0,0
2822,8,3,768,10,749,21,27,7,1,5,-70,10,2768,21042,181,100,3,0,0
2822,3,1,512,0,679,23,4,7,3,3,-64,10,3209,21032,187,52,1,1,1
2821,16,12,1283,0,719,23,30,7,1,9,-52,3,661,6458,164,100,2,0,0
2823,15,11,1280,0,727,17,35,7,1,4,-52,1,1033,18193,171,100,4,0,0
2824,2,3,768,0,689,18,1,6,1,5,-52,7,1963,22715,185,100,2,0,0
2824,4,3,768,0,651,24,15,7,1,4,-52,7,1495,16662,187,100,1,0,0
2821,21,17,1539,0,641,25,9,5,1,7,-52,0,670,10293,151,100,2,0,0
2825,7,3,768,10,768,19,17,7,2,6,-52,9,3588,30470,180,100,3,0,0
2823,9,5,1280,0,680,27,3,7,1,7,-52,5,563,7684,181,100,1,0,0
2824,14,10,1536,0,693,27,3,7,1,9,-52,2,1902,23865,173,100,3,0,0
2825,1,0,256,0,40,0,0,4,0,0,0,10,1081,14700,2704,100,1,0,0
2824,13,9,1536,0,531,24,12,7,1,6,-52,2,1028,9740,149,100,2,0,0
2825,6,2,1024,20,668,20,2,7,1,6,-52,5,1208,20236,181,100,2,0,0
2829,8,3,768,0,750,21,27,7,1,5,-70,10,1706,12183,182,100,2,0,0
2828,3,1,512,0,682,23,4,7,3,3,-64,10,4010,22819,187,87,1,1,1
2828,16,12,1283,0,721,23,30,7,1,9,-52,3,574,8813,164,100,1,0,0
2830,1,0,256,0,40,0,0,4,0,0,0,10,436,12448,2705,100,1,0,0
2830,4,3,768,10,653,24,15,7,1,4,-52,7,978,14621,187,100,1,0,0
2831,15,11,1280,0,727,17,35,7,1,4,-52,1,539,12509,172,100,2,0,0
2832,10,11,1280,0,755,28,10,7,1,10,-52,3,926,9923,181,100,1,0,0
2830,5,4,1024,0,697,15,1,6,1,1,-52,8,1852,17342,187,100,2,0,0
2831,18,14,1792,0,641,25,6,5,1,5,-52,1,779,11787,167,100,2,0,0
2833,4,3,768,20,658,24,15,7,1,4,-52,7,1644,13295,187,100,2,0,0
2835,14,10,1536,0,696,27,3,7,1,9,-52,2,1105,13337,174,100,2,0,0
2835,1,0,256,0,40,0,0,4,0,0,0,10,589,13997,2705,100,1,0,0
2830,17,12,1280,20,572,27,2,7,1,8,-70,1,2261,20509,151,100,2,0,0
2835,2,3,768,0,690,18,1,6,1,5,-52,6,817,11535,186,100,1,0,0
2835,7,3,768,0,771,19,17,7,2,6,-52,9,3166,31361,181,100,3,0,0
2837,10,11,1280,0,757,28,10,7,1,10,-52,3,1609,12226,182,100,3,0,0
2837,11,7,1024,10,686,22,35,7,1,6,-52,8,1868,14583,171,100,1,0,0
2823,20,12,1664,90,674,37,6,7,0,12,-95,0,688,10149,162,100,3,0,0
2831,20,17,1539,30,675,38,6,7,1,13,-70,0,1374,8243,162,100,1,0,0
2836,18,14,1792,0,642,26,6,5,1,5,-52,1,563,6725,168,100,1,0,0
2838,3,1,512,0,685,23,4,7,2,3,-64,10,5995,36665,188,38,3,1,1
2838,9,5,1280,0,685,27,3,7,1,7,-52,5,745,8615,182,100,1,0,0
2839,8,3,768,20,754,21,27,7,1,5,-70,10,2795,16807,183,100,2,0,0
2838,21,17,1539,10,650,25,9,5,1,7,-52,0,1052,10919,153,100,3,0,0
2841,12,8,1024,0,705,31,27,7,2,11,-52,5,4354,29042,180,100,3,0,0
2842,6,2,1024,10,674,20,2,7,1,6,-52,5,595,12502,182,100,1,0,0
2841,4,3,768,10,659,24,15,7,1,4,-52,7,1725,20441,188,100,2,0,0
2843,3,1,512,0,688,23,4,7,2,3,-64,10,2987,17115,188,56,2,1,1
2845,15,11,1280,0,734,17,35,7,1,4,-52,1,776,13834,172,100,3,0,0
2847,1,0,256,0,40,0,0,4,0,0,0,10,1469,30844,2712,100,2,0,0
2845,9,5,1280,10,687,27,3,7,1,7,-52,5,874,10900,183,100,1,0,0
2848,21,17,1539,0,650,25,9,5,1,7,-52,0,518,7737,153,100,2,0,0
2847,5,4,1024,20,699,16,1,6,1,1,-52,8,965,10764,189,100,1,0,0
2848,3,1,512,20,689,23,4,7,2,3,-64,10,2880,19953,188,42,1,1,1
2845,18,14,1792,10,644,26,6,5,1,5,-52,1,466,10854,168,100,1,0,0
2847,12,8,1024,10,707,31,27,7,2,11,-52,5,2126,17966,181,100,3,0,0
2852,7,3,768,0,775,20,17,7,2,6,-52,9,1135,11604,182,100,0,0,0
2853,3,1,512,0,690,23,4,7,2,3,-64,10,2775,18374,189,42,1,1,1
2853,4,3,768,0,660,24,15,7,1,4,-52,7,1667,27759,189,100,2,0,0
2839,19,11,1664,90,186,15,2,7,0,5,-95,0,434,5113,71,100,2,0,0
2854,13,9,1536,0,537,24,12,7,1,6,-52,2,527,7235,151,100,1,0,0
2853,10,11,1280,0,761,28,10,7,1,10,-52,3,1025,7720,183,100,1,0,0
2856,1,0,256,0,40,0,0,4,0,0,0,10,1741,26433,2721,100,2,0,0
2855,18,14,1792,0,647,26,6,5,1,5,-52,1,894,11267,169,100,2,0,0
2855,9,5,1280,0,690,27,3,7,1,7,-52,5,1556,17105,183,100,2,0,0
2855,15,11,1280,0,739,17,35,7,1,4,-52,1,914,7506,173,100,2,0,0
2855,19,14,1792,10,192,17,2,7,1,6,-70,0,1016,7316,71,100,3,0,0
2858,14,10,1536,0,703,27,3,7,1,9,-52,2,2587,28743,175,100,2,0,0
2858,2,3,768,0,696,19,1,6,1,5,-52,5,1116,12472,188,100,1,0,0
2856,16,12,1280,10,729,24,31,7,1,9,-52,3,679,9671,166,100,1,0,0
2860,3,1,512,0,690,23,4,7,2,3,-64,10,3479,24219,189,60,1,1,1
2856,17,12,1334,50,580,27,2,7,1,8,-70,2,1198,8161,153,100,1,0,0
2858,12,8,1024,10,711,31,27,7,2,11,-52,5,3452,27222,181,100,3,0,0
2862,1,0,256,0,40,0,0,4,0,0,0,10,582,14401,2723,100,1,0,0
2860,16,12,1280,0,730,24,31,7,1,9,-52,2,690,6516,166,100,1,0,0
2859,20,17,1539,0,683,39,6,7,1,13,-70,0,764,8235,163,100,3,0,0
2862,17,12,1280,0,583,27,2,7,1,8,-70,2,1871,11877,153,100,1,0,0
2861,21,17,1539,10,653,25,9,5,1,7,-52,0,843,9221,154,100,1,0,0
2864,7,3,768,20,779,20,17,7,2,6,-52,9,2502,21857,183,100,3,0,0
2865,18,14,1792,0,650,26,6,5,1,5,-52,1,968,11685,169,100,2,0,0
2865,3,1,512,10,691,23,4,7,2,3,-64,10,3936,21842,189,43,1,1,1
2864,15,11,1280,10,741,17,35,7,1,4,-52,1,675,14181,174,100,1,0,0
2866,17,12,1280,10,583,27,2,7,1,8,-70,2,847,7907,153,100,1,0,0
2866,20,17,1539,0,683,39,6,7,1,13,-70,0,528,7618,164,100,1,0,0
2867,6,2,1024,0,682,20,2,7,1,6,-52,4,449,12138,184,100,1,0,0
2870,1,0,256,0,40,0,0,4,0,0,0,10,1141,22139,2729,100,1,0,0
2870,7,3,768,0,781,20,17,7,2,6,-52,9,1964,16992,183,100,1,0,0
2870,4,3,768,0,665,24,15,7,1,4,-52,7,1876,20239,190,100,2,0,0
2871,16,12,1280,0,733,24,31,7,1,9,-52,2,852,13845,167,100,3,0,0
2871,9,5,1280,0,693,27,3,7,1,7,-52,5,1199,15477,184,100,2,0,0
2873,13,9,1536,10,542,24,12,7,1,6,-52,2,370,4906,152,100,1,0,0
2875,3,1,512,10,694,24,4,7,2,3,-64,10,4851,37911,190,36,2,1,1
2875,4,3,768,20,669,24,15,7,1,4,-52,7,1758,16060,190,100,1,0,0
2876,11,7,1024,0,699,23,35,7,2,6,-52,8,2583,23059,173,100,3,0,0
2877,6,2,1024,0,684,20,2,7,1,6,-52,4,286,10205,184,100,1,0,0
2876,14,10,1536,0,709,27,3,7,1,9,-52,2,1481,23581,176,100,2,0,0
2877,2,3,768,0,700,19,1,6,1,5,-52,5,898,9574,189,100,1,0,0
2879,1,0,256,0,41,0,0,4,0,0,0,10,1263,22696,2732,100,3,0,0
2877,10,11,1280,30,769,28,10,7,1,10,-52,3,1767,14944,184,100,2,0,0
2879,17,12,1280,20,586,27,2,7,1,8,-70,2,2011,14881,154,100,2,0,0
2877,13,9,1536,0,542,24,12,7,1,6,-52,2,344,4362,153,100,1,0,0
2878,5,4,1024,0,706,16,1,6,1,1,-52,8,1410,10059,191,100,1,0,0
2881,6,2,1024,10,686,20,2,7,1,6,-52,4,512,9293,185,100,1,0,0
2885,3,1,512,60,698,24,4,7,2,3,-64,10,6198,35173,191,58,2,1,1
2881,20,17,1539,0,688,39,6,7,1,13,-70,0,989,8462,165,100,1,0,0
2883,18,14,1792,0,655,26,6,5,1,5,-52,1,940,13863,171,100,2,0,0
2881,16,12,1280,0,734,24,31,7,1,9,-52,2,344,6738,168,100,1,0,0
2882,4,3,768,10,670,24,15,7,1,4,-52,7,1591,19257,191,100,1,0,0
2883,8,3,768,0,777,22,27,7,2,5,-70,10,1691,12359,186,100,1,0,0
2883,21,17,1539,0,658,25,9,5,1,7,-52,0,263,4532,155,100,1,0,0
2884,11,7,1024,0,701,23,35,7,2,6,-52,8,2316,18762,174,100,1,0,0
2884,7,3,768,0,784,20,17,7,2,6,-52,9,2548,24949,184,100,1,0,0
2884,15,11,1280,0,744,18,35,7,1,4,-52,1,395,6944,175,100,1,0,0
2883,13,9,1536,10,546,24,12,7,1,6,-52,2,792,5923,153,100,2,0,0
2887,1,0,256,0,41,0,0,4,0,0,0,10,1587,23829,2740,100,1,0,0
2884,19,14,1792,0,202,17,2,7,1,6,-70,0,916,9904,73,100,2,0,0
2887,13,9,1536,0,548,24,12,7,1,6,-52,2,526,4834,153,100,1,0,0
2887,14,10,1536,20,711,27,3,7,1,9,-52,2,1895,27400,177,100,2,0,0
2887,4,3,768,0,672,24,15,7,1,4,-52,7,954,12332,191,100,1,0,0
2888,2,3,768,0,702,19,1,6,1,5,-52,5,1545,20119,190,100,2,0,0
2887,12,8,1024,20,719,32,27,7,2,11,-52,5,2465,23690,183,100,2,0,0
2888,17,12,1280,0,593,27,2,7,1,8,-70,2,2495,16390,155,100,1,0,0
2887,18,14,1792,0,656,26,6,5,1,5,-52,1,399,5479,171,100,1,0,0
2888,9,5,1280,10,699,27,3,7,1,7,-52,5,1950,19444,185,100,2,0,0
2889,10,11,1280,0,772,29,10,7,1,10,-52,3,2488,20720,185,100,2,0,0
2890,16,12,1280,0,736,24,31,7,1,9,-52,2,1087,10799,168,100,2,0,0
2889,5,4,1024,0,709,16,1,6,1,1,-52,8,1678,17469,191,100,2,0,0
2891,6,2,1024,0,689,20,2,7,1,6,-52,4,986,23183,185,100,2,0,0
2892,20,17,1539,10,692,39,6,7,1,13,-70,0,903,10458,165,100,3,0,0
2892,11,7,1024,0,703,23,35,7,2,6,-52,8,2029,18338,174,100,2,0,0
2895,8,3,768,30,781,22,27,7,2,5,-70,10,2643,20329,186,100,3,0,0
2894,3,1,512,10,700,24,4,7,2,3,-64,10,7770,42660,191,100,1,1,1
2893,17,12,1280,0,594,27,2,7,1,8,-70,2,847,7737,155,100,1,0,0
2894,13,9,1536,0,548,24,12,7,1,6,-52,2,343,5963,154,100,1,0,0
2892,12,8,1024,0,720,32,27,7,2,11,-52,5,1604,12168,184,100,1,0,0
2896,4,3,768,0,673,24,15,7,1,4,-52,7,1484,16582,192,100,1,0,0
2893,21,17,1539,10,662,25,9,5,1,7,-52,0,1127,11238,156,100,2,0,0
2892,19,14,1792,20,204,17,2,7,1,6,-70,0,510,6544,74,100,1,0,0
2894,7,3,768,30,789,20,17,7,1,6,-52,9,2995,30636,184,100,3,0,0
2898,1,0,256,0,41,0,0,4,0,0,0,10,2294,30409,2756,100,2,0,0
2897,5,4,1024,0,709,16,1,6,1,1,-52,8,1250,12652,192,100,2,0,0
2898,2,3,768,0,705,19,1,6,1,5,-52,5,1714,21005,191,100,1,0,0
2899,21,17,1539,0,663,25,9,5,1,7,-52,0,751,6055,157,100,1,0,0
2894,18,14,1792,0,660,26,6,5,1,5,-52,1,819,11152,172,100,1,0,0
2899,20,17,1539,0,694,39,6,7,1,13,-70,0,798,7550,166,100,1,0,0
2896,10,11,1280,0,772,29,10,7,1,10,-52,3,1479,12885,185,100,1,0,0
2898,12,8,1024,0,722,32,27,7,2,11,-52,5,1548,15224,184,100,1,0,0
2900,3,1,512,10,700,24,4,7,2,3,-64,10,4800,24166,192,100,2,1,1
2898,13,9,1536,0,550,24,12,7,1,6,-52,2,477,4626,154,100,1,0,0
2901,7,3,768,60,792,20,17,7,1,6,-52,9,2521,17881,185,100,2,0,0
2900,9,5,1280,0,702,27,3,7,1,7,-52,5,1672,18901,186,100,3,0,0
2900,17,12,1280,20,596,27,2,7,1,8,-70,2,1903,14829,156,100,1,0,0
2898,14,10,1536,0,711,27,3,7,1,9,-52,2,585,10108,178,100,0,0,0
2902,4,3,768,0,674,24,15,7,1,4,-52,7,1323,16919,192,100,2,0,0
2901,16,12,1280,0,739,24,31,7,1,9,-52,2,967,14309,169,100,2,0,0
2898,15,11,1280,0,747,18,35,7,1,4,-52,1,289,7247,176,100,1,0,0
2899,19,14,1792,10,206,17,2,7,1,6,-70,0,599,7224,74,100,2,0,0
2902,21,17,1539,0,663,25,9,5,1,7,-52,0,287,4200,157,100,1,0,0
2902,8,3,768,0,783,22,28,7,2,5,-70,10,3188,22270,187,100,3,0,0
2903,5,4,1024,0,709,16,1,6,1,1,-52,8,977,9823,192,100,1,0,0
2902,6,2,1024,10,692,20,2,7,1,6,-52,4,1541,26836,186,100,2,0,0
2904,9,5,1280,10,703,27,3,7,1,7,-52,5,381,6329,186,100,0,0,0
2904,11,7,1024,0,705,23,35,7,2,6,-52,8,3600,30000,175,100,2,0,0
2903,12,8,1024,0,723,32,27,7,2,11,-52,5,1179,11914,185,100,1,0,0
2905,16,12,1280,0,740,24,31,7,1,9,-52,2,275,4988,169,100,0,0,0
2905,10,11,1280,10,777,29,10,7,1,10,-52,3,1618,15853,186,100,2,0,0
2908,1,0,256,0,41,0,0,4,0,0,0,10,1892,27980,2765,100,2,0,0
2907,2,3,768,0,708,19,1,6,1,5,-52,5,1387,16037,191,100,2,0,0
2907,7,3,768,20,793,20,17,7,2,6,-52,9,2124,20828,185,100,2,0,0
2902,18,14,1792,10,662,26,6,5,1,5,-52,1,758,11525,172,100,2,0,0
2907,8,3,768,10,786,22,28,7,2,5,-70,10,1518,11121,187,100,1,0,0
2907,15,11,1280,10,750,18,35,7,1,4,-52,1,776,12459,177,100,1,0,0
2907,21,17,1539,0,664,25,9,5,1,7,-52,0,370,4722,157,100,1,0,0
2909,3,1,512,50,701,24,4,7,2,3,-64,10,7376,39425,192,100,1,1,1
2908,13,9,1536,0,552,24,12,7,1,6,-52,2,726,9390,155,100,2,0,0
2908,12,8,1024,0,725,32,27,7,2,11,-52,5,1328,10357,185,100,1,0,0
2909,14,10,1536,20,715,27,3,7,1,9,-52,2,2204,26646,179,100,2,0,0
2911,11,7,1024,0,707,23,35,7,2,6,-52,8,2252,16617,176,100,1,0,0
2908,4,3,768,10,678,24,15,7,1,4,-52,7,1976,20545,193,100,1,0,0
2910,6,2,1024,10,693,20,2,7,1,6,-52,4,906,18087,187,100,2,0,0
2911,16,12,1280,10,742,24,31,7,1,9,-52,2,534,6972,170,100,1,0,0
2911,9,5,1280,0,705,27,3,7,1,7,-52,5,966,12149,187,100,1,0,0
2911,17,12,1280,20,598,27,2,7,1,8,-70,2,2194,18438,157,100,2,0,0
2907,20,17,1539,10,695,39,6,7,1,13,-70,0,787,9558,167,100,2,0,0
2913,2,3,768,10,711,19,1,6,1,5,-52,5,1190,11693,192,100,1,0,0
2911,21,17,1539,0,666,25,9,5,1,7,-52,0,460,4522,158,100,0,0,0
2913,7,3,768,10,794,20,17,7,2,6,-52,9,2417,19997,186,100,1,0,0
2915,3,1,512,60,701,24,4,7,2,3,-64,10,4852,25973,193,100,1,1,1
2911,19,14,1792,0,209,17,2,7,1,6,-70,0,1169,11894,75,100,3,0,0
2913,15,11,1280,0,751,18,35,7,1,4,-52,1,481,9464,177,100,1,0,0
2916,1,0,256,0,41,0,0,4,0,0,0,10,2249,25793,2777,100,2,0,0
2912,13,9,1536,0,552,24,12,7,1,6,-52,2,166,4102,155,100,0,0,0
2913,5,4,1024,10,712,16,1,6,1,1,-52,8,2378,19589,193,100,2,0,0
2914,8,3,768,0,789,22,28,7,2,5,-70,10,2876,16332,188,100,2,0,0
2916,20,17,1539,0,698,39,6,7,1,13,-70,0,1211,9291,167,100,1,0,0
2915,14,10,1536,10,716,27,3,7,1,9,-52,2,1015,14993,179,100,1,0,0
2915,18,14,1792,0,664,26,6,5,1,5,-52,1,867,12003,173,100,2,0,0
2917,4,3,768,10,682,24,15,7,1,4,-52,7,1780,21480,193,100,2,0,0
2918,2,3,768,0,711,19,1,6,1,5,-52,5,776,9467,192,100,1,0,0
2916,19,14,1792,20,210,17,2,7,1,6,-70,0,526,5894,75,100,1,0,0
2918,6,2,1024,0,696,20,2,7,1,6,-52,4,712,15892,187,100,1,0,0
2916,21,17,1539,10,669,25,9,5,1,7,-52,0,785,6416,158,100,1,0,0
2919,11,7,1024,10,709,23,35,7,2,6,-52,8,2884,20983,176,100,2,0,0
2920,1,0,256,0,41,0,0,4,0,0,0,10,573,11680,2779,100,0,0,0
2918,5,4,1024,0,712,16,1,6,1,1,-52,8,545,7746,193,100,1,0,0
2919,14,10,1536,0,718,28,3,7,1,9,-52,2,1161,11420,179,100,1,0,0
2920,18,14,1792,0,665,26,6,5,1,5,-52,1,395,6246,173,100,1,0,0
2919,12,8,1024,0,733,32,27,7,2,11,-52,5,3942,29629,186,100,2,0,0
2922,10,11,1280,0,781,29,10,7,1,10,-52,3,2369,20030,187,100,3,0,0
2922,8,3,768,10,791,22,28,7,2,5,-70,10,1548,15983,188,100,1,0,0
2921,16,12,1280,0,745,24,31,7,1,9,-52,2,1206,14459,171,100,2,0,0
2922,2,3,768,0,711,19,1,6,1,5,-52,5,522,7854,192,100,1,0,0
2922,9,5,1280,0,707,27,3,7,1,7,-52,5,1272,16421,188,100,2,0,0
2924,3,1,512,80,703,24,4,7,2,3,-64,10,6907,38186,193,100,2,1,1
2921,17,12,1280,10,602,27,2,7,1,8,-70,2,2564,19241,157,100,2,0,0
2924,7,3,768,0,796,20,17,7,2,6,-52,9,3487,31943,186,100,3,0,0
2924,15,11,1280,0,755,18,35,7,1,4,-52,1,917,15888,178,100,2,0,0
2924,14,10,1536,10,719,28,3,7,1,9,-52,2,1036,12034,180,100,1,0,0
2924,4,3,768,10,684,24,15,7,1,4,-52,7,1897,18746,194,100,1,0,0
2925,11,7,1024,20,712,23,35,7,2,6,-52,8,2631,18320,177,100,1,0,0
2925,18,14,1792,0,666,26,6,5,1,5,-52,1,394,6505,173,100,1,0,0
2924,19,14,1792,10,213,17,2,7,1,6,-70,0,1118,8907,76,100,1,0,0
2929,1,0,256,0,41,0,0,4,0,0,0,10,1747,24488,2792,100,2,0,0
2924,21,17,1539,0,669,25,9,5,1,7,-52,0,727,8866,159,100,2,0,0
2924,20,17,1539,0,702,39,6,7,1,13,-70,0,1049,9984,168,100,2,0,0
2927,12,8,1024,0,735,32,27,7,2,11,-52,5,2264,19077,186,100,2,0,0
2932,3,1,512,60,705,24,4,7,3,3,-64,10,4979,28263,194,100,1,1,1
2928,8,3,768,0,793,22,28,7,2,5,-70,10,2001,14476,189,100,1,0,0
2928,6,2,1024,10,700,20,2,7,1,6,-52,4,1051,21057,188,100,2,0,0
2930,10,11,1280,0,784,29,10,7,1,10,-52,3,1618,15302,188,100,2,0,0
2930,2,3,768,0,713,19,1,6,1,5,-52,5,1334,15681,193,100,1,0,0
2931,7,3,768,10,800,20,17,7,2,6,-52,9,3052,21757,187,100,3,0,0
2931,5,4,1024,0,714,16,1,6,1,1,-52,8,1511,18400,194,100,2,0,0
2931,16,12,1280,0,747,24,31,7,1,9,-52,2,827,8989,171,100,3,0,0
2932,9,5,1280,0,709,27,3,7,1,7,-52,5,1082,15017,188,100,2,0,0
2932,11,7,1024,10,716,23,35,7,2,6,-52,8,2125,15884,177,100,1,0,0
2933,4,3,768,0,686,24,15,7,1,4,-52,7,1080,19800,194,100,1,0,0
2934,14,10,1536,0,721,28,3,7,1,9,-52,2,1661,22238,180,100,2,0,0
2933,21,17,1539,0,672,25,9,5,1,7,-52,0,608,7059,159,100,1,0,0
2935,15,11,1280,0,757,18,35,7,1,4,-52,1,752,16107,178,100,2,0,0
2933,17,12,1280,0,606,27,2,7,1,8,-70,2,2574,20970,158,100,2,0,0
2934,20,17,1539,0,705,39,6,7,1,13,-70,0,987,10363,168,100,3,0,0
2934,13,9,1536,0,559,24,12,7,1,6,-52,2,1401,11328,157,100,2,0,0
2936,7,3,768,0,802,20,17,7,2,6,-52,9,1015,13683,187,100,0,0,0
2936,1,0,256,0,41,0,0,4,0,0,0,10,1281,22866,2797,100,1,0,0
2935,6,2,1024,0,703,20,2,7,1,6,-52,4,973,14694,188,100,1,0,0
2935,18,14,1792,0,669,26,6,5,1,5,-52,1,1135,12840,174,100,2,0,0
2936,8,3,768,0,795,22,28,7,2,5,-70,10,2064,16387,189,100,2,0,0
2936,5,4,1024,10,715,16,1,6,1,1,-52,8,988,8080,194,100,1,0,0
2938,3,1,512,40,706,24,4,7,3,3,-64,10,5944,28467,194,100,3,1,1
2936,2,3,768,0,715,19,1,6,1,5,-52,5,983,12565,193,100,1,0,0
2938,10,11,1280,0,786,29,10,7,1,10,-52,3,1349,15066,188,100,3,0,0
2936,19,14,1792,0,216,17,2,7,1,6,-70,0,886,11346,77,100,2,0,0
2937,11,7,1024,20,717,23,35,7,2,6,-52,8,1708,12254,177,100,1,0,0
2937,9,5,1280,0,711,27,3,7,1,7,-52,5,976,8947,189,100,1,0,0
2938,17,12,1280,20,607,27,2,7,1,8,-70,2,1037,8523,158,100,1,0,0
2938,16,12,1280,10,748,24,31,7,1,9,-52,2,679,6912,172,100,2,0,0
2938,12,8,1024,10,737,32,27,7,2,11,-52,5,2496,25161,187,100,2,0,0
2940,14,10,1536,0,722,28,3,7,1,9,-52,2,1059,13010,181,100,0,0,0
2937,21,17,1539,0,677,25,9,5,1,7,-52,0,934,5104,159,100,2,0,0
2941,15,11,1280,0,758,18,35,7,1,4,-52,1,559,9155,179,100,1,0,0
2942,7,3,768,10,803,21,17,7,2,6,-52,9,2880,19879,188,100,2,0,0
2942,18,14,1792,10,670,26,6,5,1,5,-52,1,484,7135,175,100,1,0,0
2939,20,17,1539,0,706,39,6,7,1,13,-70,0,428,4716,169,100,1,0,0
2941,21,17,1539,0,678,25,9,5,1,7,-52,0,474,5181,160,100,1,0,0
2944,1,0,256,0,41,0,0,4,0,0,0,10,2294,26097,2814,100,2,0,0
2943,4,3,768,0,688,25,15,7,1,4,-52,7,1992,23850,195,100,2,0,0
2943,9,5,1280,0,711,27,3,7,1,7,-52,5,541,8874,189,100,1,0,0
2946,19,14,1792,0,219,17,2,7,1,6,-70,0,967,8311,77,100,2,0,0
2943,13,9,1536,10,561,24,12,7,1,6,-52,2,444,7976,157,100,1,0,0
2943,16,12,1280,0,750,24,31,7,1,9,-52,2,406,4939,172,100,0,0,0
2947,10,11,1280,10,788,29,10,7,1,10,-52,3,1647,17211,189,100,1,0,0
2946,2,3,768,0,716,20,1,6,1,5,-52,5,1296,17177,194,100,2,0,0
2945,11,7,1024,0,719,23,35,7,2,6,-52,8,2878,18583,178,100,2,0,0
2947,8,3,768,0,796,23,28,7,2,5,-70,10,3200,21832,190,100,2,0,0
2946,5,4,1024,0,718,16,1,6,1,1,-52,8,1729,16776,195,100,2,0,0
2947,6,2,1024,0,704,20,2,7,1,6,-52,4,739,22411,189,100,2,0,0
2947,17,12,1280,0,609,27,2,7,1,8,-70,2,1964,16105,159,100,2,0,0
2949,3,1,512,10,710,24,4,7,3,3,-64,10,10052,50164,195,100,3,1,1
2947,20,17,1539,0,709,39,6,7,1,13,-70,0,895,8077,169,100,1,0,0
2949,14,10,1536,0,723,28,3,7,1,9,-52,2,1665,23870,181,100,2,0,0
2948,15,11,1280,10,760,18,35,7,1,4,-52,1,548,10907,179,100,2,0,0
2951,12,8,1024,0,740,32,27,7,1,11,-52,5,2721,25399,188,100,2,0,0
2951,11,7,1024,0,721,23,35,7,2,6,-52,8,1454,11460,178,100,1,0,0
2950,18,14,1792,0,674,26,6,5,1,5,-52,1,1066,10570,175,100,1,0,0
2952,5,4,1024,20,720,16,1,6,1,1,-52,8,856,10026,196,100,1,0,0
2952,6,2,1024,0,705,20,2,7,1,6,-52,4,500,10866,189,100,1,0,0
2953,7,3,768,10,803,21,17,7,2,6,-52,9,2725,31597,188,100,2,0,0
2953,4,3,768,10,691,25,15,7,1,4,-52,7,2670,26819,196,100,2,0,0
2955,3,1,512,10,710,24,4,7,3,3,-64,10,3923,23279,195,100,1,1,1
2952,9,5,1280,20,713,27,3,7,1,7,-52,5,1179,14438,190,100,2,0,0
2954,14,10,1536,0,724,28,3,7,1,9,-52,2,902,11972,181,100,1,0,0
2952,13,9,1536,0,562,24,12,7,1,6,-52,2,847,9097,158,100,2,0,0
2956,1,0,256,0,41,0,0,4,0,0,0,10,2404,36732,2826,100,2,0,0
2956,10,11,1280,0,791,29,10,7,1,10,-52,3,2123,18648,189,100,2,0,0
2957,19,14,1792,0,223,17,2,7,1,6,-70,0,1146,11866,78,100,3,0,0
2957,13,9,1536,0,563,24,12,7,1,6,-52,2,394,5094,158,100,1,0,0
2958,2,3,768,0,718,20,1,6,1,5,-52,5,1612,22543,195,100,2,0,0
2960,11,7,1024,10,723,23,35,7,2,6,-52,8,2885,20404,179,100,2,0,0
2960,15,11,1280,0,762,18,35,7,1,4,-52,1,913,18186,180,100,2,0,0
2961,3,1,512,0,712,24,4,7,3,3,-64,10,4169,25632,196,100,2,1,1
2961,14,10,1536,0,727,28,3,7,1,9,-52,2,1616,16617,182,100,1,0,0
2962,7,3,768,10,804,21,17,7,2,6,-52,9,2578,26963,189,100,2,0,0
2961,18,14,1792,0,677,26,6,5,1,5,-52,1,1053,13722,176,100,2,0,0
2962,4,3,768,20,694,25,15,7,1,4,-52,10,2373,24365,196,100,2,0,0
2961,6,2,1024,0,708,20,2,7,1,6,-52,4,1715,20971,190,100,2,0,0
2963,1,0,256,0,41,0,0,4,0,0,0,10,1201,20333,2830,100,1,0,0
2960,9,5,1280,0,716,27,3,7,1,7,-52,5,1380,14006,190,100,2,0,0
2961,5,4,1024,0,721,16,1,6,1,1,-52,8,1565,16320,196,100,1,0,0
2958,8,4,1152,60,802,25,28,7,0,6,-52,10,3521,21153,190,100,3,0,0
2964,15,11,1280,10,763,18,35,7,1,4,-52,1,372,6418,180,100,1,0,0
2956,20,17,1539,0,713,39,6,7,1,13,-70,0,1029,9214,170,100,2,0,0
2966,10,11,1280,0,796,29,10,7,1,10,-52,3,2323,20715,190,100,2,0,0
2958,16,12,1664,0,755,24,31,7,1,9,-52,2,904,7005,173,100,1,0,0
2968,2,3,768,0,720,20,1,6,1,5,-52,5,1108,15721,195,100,2,0,0
2960,17,12,1664,0,616,28,2,7,1,8,-70,2,2235,15940,160,100,1,0,0
2968,3,1,512,10,713,24,4,7,3,3,-64,10,4947,29157,196,100,1,1,1
2967,14,10,1536,10,728,28,3,7,1,9,-52,2,967,14226,182,100,2,0,0
2967,19,14,1792,10,225,17,2,7,1,6,-70,0,721,9912,79,100,1,0,0
2966,13,9,1536,0,566,24,12,7,1,6,-52,2,885,10202,159,100,1,0,0
2963,12,8,1408,10,748,33,27,7,1,11,-52,5,2841,21527,189,100,1,0,0
2971,1,0,256,0,41,0,0,4,0,0,0,10,1754,26495,2843,100,2,0,0
2967,9,5,1280,10,718,27,3,7,1,7,-52,5,1131,11623,191,100,1,0,0
2962,16,15,1664,30,756,26,31,7,0,10,-52,2,864,6764,173,100,1,0,0
2972,4,3,768,90,695,25,15,7,2,4,-52,10,3720,30115,197,100,1,0,0
2961,21,17,1920,0,686,26,9,5,1,7,-52,0,976,11273,161,100,1,0,0
2962,20,17,1920,10,715,40,6,7,1,13,-70,0,744,6557,170,100,1,0,0
2971,15,11,1280,0,764,18,35,7,1,4,-52,2,874,11795,181,100,1,0,0
2970,8,4,1024,30,806,25,28,7,1,6,-52,10,3934,23393,191,100,4,0,0
2973,11,7,1024,0,724,23,35,7,2,6,-52,9,3886,27580,180,100,2,0,0
2968,17,12,1664,0,618,28,2,7,1,8,-70,2,1971,15055,161,100,2,0,0
2967,16,15,1664,70,758,27,31,7,0,10,-52,2,674,4468,173,100,2,0,0
2973,5,4,1024,0,722,16,1,6,1,1,-52,8,1622,16497,197,100,2,0,0
2974,7,3,768,0,807,21,17,7,2,6,-52,10,3692,34537,190,100,2,0,0
2972,9,5,1280,0,719,27,3,7,1,7,-52,5,556,6218,191,100,1,0,0
2974,6,2,1024,0,711,20,2,7,1,6,-52,4,1193,22269,191,100,2,0,0
2973,14,10,1536,20,728,28,3,7,1,9,-52,2,958,14692,183,100,1,0,0
2974,10,11,1280,10,799,29,10,7,1,10,-52,3,1895,16911,191,100,2,0,0
2970,20,17,1920,0,718,40,6,7,1,13,-70,0,1232,9291,171,100,1,0,0
2973,13,9,1536,0,566,24,12,7,1,6,-52,2,409,6458,159,100,2,0,0
2972,21,17,1920,0,690,26,9,5,1,7,-52,0,917,11203,162,100,2,0,0
2973,18,14,1792,0,678,26,6,5,1,5,-52,1,752,14256,177,100,2,0,0
2974,16,11,1280,30,759,29,31,7,1,11,-70,2,1562,8168,174,100,2,0,0
2976,2,3,768,0,721,20,1,6,1,5,-52,5,1314,16981,196,100,1,0,0
2975,19,14,1792,0,227,17,2,7,1,6,-70,0,874,8310,79,100,2,0,0
2975,12,8,1280,10,752,33,27,7,1,11,-52,5,2354,26494,189,100,4,0,0
2979,6,2,1024,0,713,20,2,7,1,6,-52,4,608,9353,191,100,1,0,0
2978,8,4,1024,0,808,25,28,7,1,6,-52,10,1924,14884,192,100,2,0,0
2976,20,17,1920,0,720,40,6,7,1,13,-70,0,444,6184,171,100,1,0,0
2980,11,7,1024,0,726,23,35,7,2,6,-52,9,2948,17595,180,100,1,0,0
2980,3,1,512,10,716,24,4,7,3,3,-64,10,10751,56883,197,100,2,1,1
2980,1,0,256,0,41,0,0,4,0,0,0,10,1910,28449,2853,100,1,0,0
2981,4,3,768,0,699,25,15,7,2,4,-52,10,3931,28024,197,100,3,0,0
2981,7,3,768,0,809,21,17,7,2,6,-52,10,2437,21220,190,100,2,0,0
2979,17,12,1664,0,622,28,2,7,1,8,-70,2,2441,18956,161,100,2,0,0
2980,18,14,1792,0,679,26,6,5,1,5,-52,1,520,7595,177,100,2,0,0
2982,15,11,1280,10,767,18,35,7,1,4,-52,2,839,13100,181,100,2,0,0
2980,13,9,1536,0,569,24,12,7,1,6,-52,2,771,7197,160,100,1,0,0
2981,19,14,1792,10,229,17,2,7,1,6,-70,0,851,6187,79,100,1,0,0
2982,9,5,1280,0,719,27,3,7,1,7,-52,5,1173,15131,192,100,1,0,0
2983,16,11,1280,20,762,29,31,7,1,11,-70,2,650,7098,174,100,1,0,0
2982,10,11,1280,0,800,29,10,7,1,10,-52,3,1421,15363,191,100,2,0,0
2983,2,3,768,0,724,23,1,6,1,5,-52,5,1569,14024,196,100,3,0,0
2983,14,10,1536,0,730,28,3,7,1,9,-52,2,2003,24183,183,100,1,0,0
2983,5,4,1024,0,727,17,1,6,1,1,-52,8,2379,20659,198,100,2,0,0
2983,11,7,1024,0,731,23,36,7,2,6,-52,9,2682,14024,180,100,2,0,0
2981,20,17,1920,10,722,40,6,7,1,13,-70,0,883,6115,172,100,1,0,0
2984,6,2,768,0,715,20,2,7,1,6,-52,4,706,10953,191,100,1,0,0
2986,4,3,768,10,702,25,15,7,2,4,-52,10,2282,15376,198,100,2,0,0
2986,7,3,768,0,809,21,17,7,2,6,-52,10,2422,18038,191,100,1,0,0
2986,8,4,1024,20,811,26,28,7,1,6,-52,10,1973,15287,192,100,3,0,0
2987,19,14,1792,0,232,17,2,7,1,6,-70,0,1161,7258,80,100,1,0,0
2988,2,3,768,0,726,24,1,6,1,5,-52,5,1217,9503,196,100,1,0,0
2987,12,8,1280,0,756,33,27,7,1,11,-52,5,1876,24588,190,100,3,0,0
2989,3,1,512,10,718,24,4,7,3,3,-64,10,8585,43333,197,100,2,1,1
2988,16,11,1280,0,765,29,31,7,1,11,-70,2,768,5485,175,100,2,0,0
2989,11,7,1024,10,732,23,36,7,2,6,-52,9,1847,14595,181,100,1,0,0
2990,1,0,256,0,41,0,0,4,0,0,0,10,2402,31037,2869,100,2,0,0
2988,17,12,1541,0,624,28,2,7,1,8,-70,2,1941,16809,162,100,2,0,0
2992,15,11,1280,0,772,18,35,7,1,4,-52,2,1102,15331,182,100,2,0,0
2991,9,5,1280,0,723,28,3,7,1,7,-52,5,1106,14484,192,100,3,0,0
2991,18,14,1792,0,681,26,6,5,1,5,-52,1,896,13610,178,100,2,0,0
2992,14,10,1536,0,731,28,3,7,1,9,-52,2,2039,23015,184,100,2,0,0
2992,6,2,1024,0,719,21,2,7,1,6,-52,4,1053,16755,192,100,2,0,0
2993,10,11,1280,0,804,29,10,7,1,10,-52,3,2469,22662,192,100,2,0,0
2993,19,14,1792,0,235,17,2,7,1,6,-70,0,698,7883,80,100,1,0,0
2995,16,11,1280,0,768,29,31,7,1,11,-70,2,892,7760,175,100,2,0,0
2995,11,7,1024,0,734,23,36,7,2,6,-52,9,1763,12096,181,100,1,0,0
2994,5,4,1024,20,731,17,1,6,1,1,-52,8,1515,16857,198,100,3,0,0
2995,7,3,768,10,811,21,17,7,2,6,-52,10,3123,30525,191,100,1,0,0
2996,1,0,256,0,41,0,0,4,0,0,0,10,864,18030,2871,100,1,0,0
2995,9,5,1280,20,725,28,3,7,1,7,-52,5,840,7089,193,100,1,0,0
3000,8,4,1024,0,817,26,28,7,1,6,-52,10,1709,10963,193,100,1,0,0
3000,3,1,512,20,723,24,4,7,3,3,-64,10,7486,48002,198,55,2,1,1
2999,14,10,1536,10,734,28,3,7,1,9,-52,2,1730,18278,185,100,2,0,0
3000,9,5,1280,10,729,28,3,7,1,7,-52,5,770,7438,193,100,2,0,0
3001,16,11,1280,0,770,29,31,7,1,11,-70,2,744,6970,176,100,3,0,0
3000,12,8,1280,20,759,34,27,7,1,11,-52,5,1538,14928,191,100,3,0,0
3001,6,2,1024,0,725,22,2,7,1,6,-52,4,1359,20928,193,100,3,0,0
3002,1,0,256,0,41,0,0,4,0,0,0,10,923,18678,2874,100,1,0,0
3005,10,11,1280,0,804,29,10,7,1,10,-52,3,1798,22182,193,100,2,0,0
3006,3,1,512,0,728,24,4,7,3,3,-64,10,3999,25972,199,33,1,1,1
3006,14,10,1536,0,735,28,3,7,1,9,-52,2,1119,16101,185,100,1,0,0
3006,18,14,1792,0,686,26,6,5,1,5,-52,1,785,10645,179,100,2,0,0
3007,17,12,1536,20,628,29,2,7,1,8,-70,2,669,9677,163,100,1,0,0
3005,20,17,1792,10,727,41,6,7,1,13,-70,1,1409,12373,173,100,2,0,0
3007,8,4,1024,30,819,26,28,7,1,6,-52,10,1844,14632,194,100,2,0,0
3007,12,8,1280,0,760,34,27,7,1,11,-52,5,1064,15011,191,100,1,0,0
3009,9,5,1280,0,732,28,3,7,1,7,-52,5,838,8225,193,100,1,0,0
3011,15,11,1280,0,773,18,35,7,1,4,-52,2,434,11827,183,100,2,0,0
2984,21,20,1923,10,693,27,9,5,0,8,-52,0,1441,12598,162,100,3,0,0
3011,1,0,256,0,41,0,0,4,0,0,0,10,1219,26914,2878,100,2,0,0
3010,20,17,1792,0,727,41,6,7,1,13,-70,1,1557,8219,173,100,1,0,0
3010,13,9,1536,0,579,24,14,7,1,6,-52,2,1043,7520,162,100,1,0,0
3015,19,14,1792,0,243,17,2,7,1,6,-70,0,638,5120,82,100,1,0,0
3016,3,1,512,0,731,24,4,7,2,3,-64,10,4948,37478,199,40,3,1,1
3017,10,11,1280,20,807,29,10,7,1,10,-52,3,1956,23028,193,100,2,0,0
3017,6,2,1024,0,731,22,2,7,1,6,-52,4,909,16423,194,100,3,0,0
3015,14,10,1536,30,741,28,3,7,1,9,-52,2,2330,24232,186,100,1,0,0
3018,1,0,256,0,41,0,0,4,0,0,0,10,860,16991,2883,100,1,0,0
3014,21,20,1795,0,699,28,9,5,1,8,-52,0,1250,11930,163,100,3,0,0
3018,12,8,1280,30,766,34,27,7,1,11,-52,5,2604,25718,192,100,3,0,0
3019,15,11,1280,0,775,18,35,7,1,4,-52,2,223,6443,184,100,0,0,0
3018,17,12,1536,0,633,29,2,7,1,8,-70,2,2738,21177,164,100,4,0,0
3019,8,4,1024,10,825,26,28,7,1,6,-52,10,3189,23149,195,100,3,0,0
3020,9,5,1280,0,734,28,3,7,1,7,-52,5,1446,17780,194,100,3,0,0
3019,20,17,1792,10,729,41,6,7,1,13,-70,1,1389,12033,174,100,2,0,0
3023,5,4,1024,0,740,17,1,6,1,1,-52,8,1743,16332,200,100,3,0,0
3025,6,2,1024,10,732,22,2,7,1,6,-52,4,524,16105,194,100,1,0,0
3027,12,8,1280,0,766,34,27,7,1,11,-52,4,2224,20390,193,100,2,0,0
3027,10,11,1280,10,811,29,10,7,1,10,-52,3,2072,20412,194,100,2,0,0
3027,20,17,1792,0,730,41,6,7,1,13,-70,1,1162,12133,174,100,2,0,0
3028,3,1,512,10,735,24,4,7,2,3,-64,10,6332,44643,200,53,3,1,1
3028,7,3,768,20,823,21,17,7,1,6,-52,10,2586,27017,193,100,3,0,0
3027,9,5,1280,10,735,28,3,7,1,7,-52,5,740,10941,195,100,1,0,0
3029,1,0,256,0,41,0,0,4,0,0,0,10,1154,27944,2887,100,2,0,0
3025,18,14,1792,0,690,26,6,5,1,5,-52,1,609,7844,180,100,1,0,0
3031,13,9,1536,0,584,25,14,7,1,6,-52,2,1344,11975,163,100,2,0,0
3032,5,4,1024,0,743,17,1,6,1,1,-52,8,1759,15858,201,100,3,0,0
3029,19,14,1792,0,246,17,2,7,1,6,-70,0,1113,10376,83,100,2,0,0
3034,3,1,512,0,737,24,4,7,2,3,-64,10,3104,23660,201,39,1,1,1
3033,10,11,1280,0,812,29,10,7,1,10,-52,3,1349,11915,194,100,1,0,0
3035,1,0,256,0,41,0,0,4,0,0,0,10,796,15794,2892,100,1,0,0
3036,15,11,1280,0,779,18,35,7,1,4,-52,1,1022,16673,185,100,2,0,0
3035,19,14,1792,0,246,17,2,7,1,6,-70,0,288,5757,83,100,1,0,0
3035,17,12,1536,20,641,29,2,7,1,8,-70,2,2441,20117,165,100,2,0,0
3035,14,10,1536,0,746,28,3,7,1,9,-52,2,1733,22462,187,100,1,0,0
3037,12,8,1280,20,769,34,27,7,1,11,-52,4,989,10659,193,100,0,0,0
3037,6,2,1024,0,737,22,2,7,1,6,-52,4,572,14007,195,100,1,0,0
3037,7,3,768,10,826,21,17,7,1,6,-52,10,3869,30850,194,100,3,0,0
3037,4,3,768,0,714,25,15,7,2,4,-52,10,1906,16477,201,100,1,0,0
3039,13,9,1536,0,587,25,14,7,1,6,-52,2,998,9592,164,100,2,0,0
3041,16,11,1280,0,778,29,31,7,1,11,-70,2,886,14846,178,100,2,0,0
3041,1,0,256,0,41,0,0,4,0,0,0,10,865,17274,2894,100,1,0,0
3040,2,3,768,0,733,24,1,6,1,5,-52,5,1227,14934,200,100,1,0,0
3042,8,4,1024,0,829,26,28,7,1,6,-52,9,1130,9172,196,100,1,0,0
3043,3,1,512,0,741,24,4,7,2,3,-64,10,4853,33161,201,48,2,1,1
3042,20,17,1792,10,733,41,6,7,1,13,-70,1,550,8684,175,100,1,0,0
3046,17,12,1536,10,644,29,2,7,1,8,-70,2,2580,18417,166,100,3,0,0
3045,15,11,1280,0,785,18,36,7,1,4,-52,1,635,10548,186,100,2,0,0
3048,3,1,512,0,743,24,4,7,2,3,-64,10,3038,21895,201,26,2,1,1
3048,9,5,1280,0,739,28,3,7,1,7,-52,5,815,10754,196,100,1,0,0
3051,1,0,256,0,41,0,0,4,0,0,0,10,1259,24984,2900,100,2,0,0
3050,14,10,1536,10,751,28,3,7,1,9,-52,2,1323,17510,188,100,3,0,0
3050,5,4,1024,0,748,17,1,6,1,1,-52,8,829,9118,202,100,1,0,0
3049,13,9,1536,0,591,25,14,7,1,6,-52,2,703,6963,165,100,1,0,0
3053,8,4,1024,0,832,26,28,7,1,6,-52,9,1103,11290,197,100,1,0,0
3055,2,3,768,0,736,24,1,6,1,5,-52,5,496,8036,201,100,1,0,0
3055,16,11,1280,10,786,29,32,7,1,11,-70,3,1596,15730,179,100,5,0,0
3058,1,0,256,0,41,0,0,4,0,0,0,10,747,18521,2902,100,1,0,0
3058,6,2,1024,0,747,22,2,7,1,6,-52,4,1240,20903,197,100,3,0,0
3060,3,1,512,0,744,24,4,7,2,3,-64,10,4014,38164,202,36,3,1,1
3059,9,5,1280,10,741,28,3,7,1,7,-52,5,1254,16552,197,100,2,0,0
3061,7,3,768,50,831,21,17,7,1,6,-52,10,2865,30115,196,100,3,0,0
3061,5,4,1024,0,753,17,1,6,1,1,-52,8,2109,19144,203,100,3,0,0
3060,12,8,1280,10,780,34,27,7,1,11,-52,4,1169,24337,195,100,3,0,0
3064,1,0,256,0,41,0,0,4,0,0,0,10,801,16050,2904,100,2,0,0
3063,6,2,1024,0,749,22,2,7,1,6,-52,4,501,11299,197,100,1,0,0
3066,3,1,512,0,746,24,4,7,2,3,-64,10,2808,21495,203,28,2,1,1
3064,16,11,1280,0,787,29,32,7,1,11,-70,3,485,7131,180,100,1,0,0
3064,11,7,1024,0,757,24,38,7,2,6,-52,9,2095,16058,186,100,2,0,0
3064,14,10,1536,0,759,28,3,7,1,9,-52,2,1919,20391,189,100,2,0,0
3042,19,16,1705,30,248,18,2,7,0,7,-70,0,788,6754,84,100,1,0,0
3070,4,3,768,10,719,25,15,7,1,4,-52,10,2103,17534,203,100,1,0,0
3066,18,14,1792,0,709,27,6,5,1,5,-52,1,1447,12930,183,100,3,0,0
3070,8,4,1024,0,841,26,28,7,1,6,-52,9,1243,10205,198,100,1,0,0
3069,19,16,1536,60,258,19,2,7,1,7,-70,0,1589,11020,85,100,2,0,0
3072,7,3,768,50,833,21,17,7,1,6,-52,10,4335,34865,196,100,3,0,0
3072,2,3,768,10,743,24,1,6,1,5,-52,5,1508,15977,202,100,1,0,0
3068,14,10,1536,0,762,28,3,7,1,9,-52,2,814,10552,189,100,1,0,0
3071,12,8,1280,0,784,34,27,7,1,11,-52,4,502,11893,196,100,1,0,0
3074,3,1,512,10,748,24,4,7,2,3,-64,10,4109,31257,203,50,1,1,1
3072,5,4,1024,10,756,17,1,6,1,1,-52,8,2062,18518,204,100,2,0,0
3076,1,0,256,0,41,0,0,4,0,0,0,10,1162,28541,2907,100,2,0,0
3071,13,9,1536,10,600,25,14,7,1,6,-52,2,812,6863,166,100,1,0,0
3077,5,4,1024,10,756,17,1,6,1,1,-52,8,794,7078,204,100,1,0,0
3079,3,1,512,20,749,24,4,7,2,3,-64,10,2130,16700,204,61,1,1,1
3074,11,7,1024,10,760,24,38,7,2,6,-52,9,4252,28104,187,100,3,0,0
3078,4,3,768,10,720,25,15,7,1,4,-52,10,2522,24595,204,100,3,0,0
3076,9,5,1280,10,746,28,3,7,1,7,-52,5,1046,8055,198,100,1,0,0
3080,7,3,768,50,836,21,17,7,2,6,-52,10,1680,13568,197,100,2,0,0
3081,8,4,1024,0,846,26,28,7,1,6,-52,9,1621,16014,199,100,3,0,0
3080,13,9,1536,0,603,25,14,7,1,6,-52,2,731,9460,167,100,2,0,0
3079,12,8,1280,0,786,34,27,7,1,11,-52,4,521,13924,196,100,2,0,0
3079,19,16,1536,10,261,19,2,7,1,7,-70,0,1091,10505,86,100,4,0,0
3082,9,5,1280,0,746,28,3,7,1,7,-52,5,694,8958,198,100,1,0,0
3078,18,14,1792,0,714,27,6,5,1,5,-52,1,1370,15191,184,100,2,0,0
3080,16,11,1280,10,790,29,32,7,1,11,-70,4,1299,12930,181,100,1,0,0
3080,14,10,1536,0,764,28,3,7,1,9,-52,2,1393,24121,190,100,2,0,0
3082,2,3,768,0,748,24,1,6,1,5,-52,5,1579,19409,203,100,2,0,0
3084,12,8,1280,0,787,34,27,7,1,11,-52,4,428,9666,197,100,1,0,0
3083,6,2,1024,0,755,22,2,7,1,6,-52,4,587,10639,198,100,2,0,0
3086,4,1,512,0,726,27,15,7,2,5,-66,10,3693,25382,204,100,3,0,0
3088,1,0,256,0,41,0,0,4,0,0,0,10,2119,32967,2919,100,2,0,0
3089,3,1,512,0,754,24,4,7,2,3,-64,10,5259,37156,204,84,2,1,1
3088,2,3,768,10,749,24,1,6,1,5,-52,5,1275,12913,203,100,1,0,0
3088,5,4,768,0,758,17,1,6,1,1,-52,8,2412,21293,205,100,2,0,0
3090,4,1,512,0,728,27,15,7,2,5,-66,10,1349,12610,205,100,1,0,0
3090,8,4,768,10,848,26,29,7,1,6,-52,9,1240,15643,200,100,3,0,0
3092,6,2,1024,0,761,22,2,7,1,6,-52,4,1491,19588,199,100,3,0,0
3093,12,8,1280,0,791,34,27,7,1,11,-52,4,754,17710,197,100,2,0,0
3097,8,4,768,10,850,27,29,7,1,6,-52,9,1042,10545,200,100,1,0,0
3097,3,1,512,0,759,24,4,7,2,3,-64,10,1664,21910,205,100,2,1,1
3098,2,3,768,0,750,24,1,6,1,5,-52,7,1361,16691,204,100,2,0,0
3098,1,0,256,0,41,0,0,4,0,0,0,10,1371,27685,2923,100,2,0,0
3098,6,2,1024,0,764,22,2,7,1,6,-52,4,505,10922,199,100,1,0,0
3098,5,4,768,0,762,18,1,6,1,1,-52,8,933,13428,205,100,3,0,0
3102,12,8,1280,0,793,34,27,7,1,11,-52,4,678,16261,198,100,3,0,0
3103,4,1,512,0,732,27,15,7,2,5,-66,10,3179,34864,206,100,4,0,0
3104,1,0,256,0,41,0,0,4,0,0,0,10,768,15139,2926,100,1,0,0
3105,6,2,1024,0,766,22,2,7,1,6,-52,4,705,12903,200,100,2,0,0
3105,5,4,768,10,764,18,1,6,1,1,-52,8,647,10911,206,100,2,0,0
3107,3,1,512,10,761,24,4,7,2,3,-64,10,1928,29191,205,100,3,1,1
3106,2,3,768,0,754,24,1,6,1,5,-52,7,1779,17344,204,100,1,0,0
3107,8,4,768,0,853,27,29,7,1,6,-52,9,1285,17158,201,100,2,0,0
3111,12,8,1280,0,795,34,27,7,1,11,-52,3,728,18847,198,100,2,0,0
3112,4,1,512,10,733,27,15,7,2,5,-66,9,2302,28648,206,100,1,0,0
3113,3,1,512,0,763,24,4,7,2,3,-64,10,1088,20484,206,100,1,1,1
3089,9,4,896,60,749,30,3,7,0,8,-70,5,1367,12894,199,100,1,0,0
3114,1,0,256,0,41,0,0,4,0,0,0,10,1155,26351,2930,100,2,0,0
3100,9,4,896,80,752,30,3,7,0,8,-70,5,1041,14823,199,100,4,0,0
3085,7,2,896,80,838,22,17,7,0,7,-70,10,1629,15577,197,100,2,0,0
3091,7,2,896,90,839,23,17,7,0,7,-70,10,984,15870,198,100,1,0,0
3116,12,8,1280,0,798,34,27,7,1,11,-52,3,660,11603,199,100,2,0,0
3100,7,2,896,100,841,23,18,7,0,7,-70,10,1338,16519,198,100,3,0,0
3115,2,3,768,20,757,24,1,6,1,5,-52,7,1269,17016,205,100,2,0,0
3116,8,4,768,0,854,27,29,7,1,6,-52,8,1407,15852,201,100,1,0,0
3109,7,2,896,100,844,23,18,7,0,7,-70,10,1537,27004,199,100,3,0,0
3115,6,2,1024,0,767,22,2,7,1,6,-52,4,537,19652,200,100,1,0,0
3108,9,4,896,80,755,30,3,7,0,8,-70,5,1113,13379,200,100,1,0,0
3115,7,2,896,90,848,23,18,7,0,7,-70,10,812,14289,199,100,2,0,0
3115,5,4,768,10,768,18,1,6,1,1,-52,8,965,14979,207,100,3,0,0
3112,19,16,1536,0,271,19,2,7,1,7,-70,0,754,10210,88,100,2,0,0
3113,10,11,1408,0,835,30,10,7,1,10,-52,2,730,8893,200,100,0,0,0
3116,15,11,1408,0,812,19,37,7,1,4,-52,1,550,11706,190,100,1,0,0
3118,4,1,512,10,736,27,15,7,2,5,-66,9,3166,24407,207,100,3,0,0
3118,3,1,512,50,764,24,4,7,2,3,-64,10,3522,20473,206,100,2,1,1
3112,13,9,1536,0,621,25,14,7,1,6,-52,2,927,7725,169,100,3,0,0
3115,18,14,1792,0,724,27,6,5,1,5,-52,1,418,7808,186,100,1,0,0
3119,9,4,768,50,761,30,3,7,1,8,-70,5,2542,19938,201,100,5,0,0
3120,11,7,1024,0,774,25,38,7,2,6,-52,9,4394,30491,190,100,3,0,0
3117,14,10,1536,10,775,28,3,7,1,9,-52,1,1100,19066,192,100,2,0,0
3118,16,11,1280,0,798,29,32,7,1,11,-70,4,1426,16127,184,100,3,0,0
3117,13,9,1536,10,621,25,14,7,1,6,-52,2,405,5311,169,100,1,0,0
3118,19,16,1536,20,275,19,2,7,1,7,-70,0,979,7805,89,100,2,0,0
3122,7,3,768,20,850,25,18,7,2,8,-52,10,3634,25572,200,100,3,0,0
3122,5,4,768,0,769,18,1,6,1,1,-52,8,441,10244,207,100,1,0,0
3120,18,14,1792,0,727,27,6,5,1,5,-52,1,608,6595,186,100,1,0,0
3124,10,11,1408,10,836,30,10,7,1,10,-52,2,1421,16323,201,100,2,0,0
3124,1,0,256,0,41,0,0,4,0,0,0,10,2834,30821,2948,100,1,0,0
3124,4,1,512,0,739,27,15,7,2,5,-66,9,2361,19934,207,100,1,0,0
3125,3,1,512,10,765,24,4,7,2,3,-64,10,3967,29107,207,100,2,1,1
3125,8,4,768,0,858,27,29,7,1,6,-52,8,1448,16180,202,100,2,0,0
3123,14,10,1536,0,777,28,3,7,1,9,-52,1,1242,15708,193,100,1,0,0
3126,9,4,768,0,764,30,3,7,1,8,-70,5,1388,12618,201,100,2,0,0
3125,19,16,1536,0,277,19,2,7,1,7,-70,0,656,6204,89,100,1,0,0
3126,2,3,768,20,761,24,1,6,1,5,-52,7,1977,20667,206,100,2,0,0
3126,6,2,1024,0,770,22,2,7,1,6,-52,4,995,22213,201,100,3,0,0
3128,15,11,1408,0,817,19,37,7,1,4,-52,1,1287,18902,191,100,2,0,0
3128,7,3,768,0,855,25,18,7,2,8,-52,10,2786,18756,200,100,2,0,0
3129,11,7,1024,0,777,26,38,7,2,6,-52,9,3894,26925,190,100,2,0,0
3128,13,9,1024,0,625,26,14,7,1,6,-52,2,1128,11522,170,100,2,0,0
3130,5,4,768,0,771,18,1,6,1,1,-52,8,676,10962,208,100,2,0,0
3131,1,0,256,0,41,0,0,4,0,0,0,10,1267,19618,2952,100,2,0,0
3132,4,1,512,0,740,27,16,7,2,5,-66,9,2552,26584,208,100,2,0,0
3131,7,3,768,20,856,25,18,7,2,8,-52,10,1383,12599,200,100,1,0,0
3130,16,11,1280,0,800,29,32,7,1,11,-70,4,1713,19522,184,100,2,0,0
3133,6,2,1024,0,771,22,2,7,1,6,-52,4,719,14574,202,100,2,0,0
3133,15,11,1280,0,818,19,37,7,1,4,-52,1,486,7995,191,100,1,0,0
3135,9,4,768,0,770,30,3,7,1,8,-70,5,1438,15290,202,100,2,0,0
3135,10,11,1280,0,840,30,10,7,1,10,-52,2,1769,21019,201,100,2,0,0
3136,13,9,1024,0,625,26,14,7,1,6,-52,2,313,7335,170,100,1,0,0
3136,3,1,512,50,767,25,4,7,1,3,-64,10,4228,37484,207,100,3,1,1
3137,4,1,512,0,740,28,16,7,2,5,-66,9,1259,15440,208,100,1,0,0
3134,2,3,768,0,763,24,1,6,1,5,-52,7,1793,19233,207,100,2,0,0
3138,8,4,768,0,861,27,29,7,1,6,-52,8,827,18008,203,100,3,0,0
3138,1,0,256,0,42,0,0,4,0,0,0,10,1223,16315,2959,100,2,0,0
3133,19,16,1537,10,279,19,2,7,1,7,-70,0,856,8542,90,100,2,0,0
3133,14,10,1536,0,778,28,3,7,1,9,-52,1,822,21555,193,100,2,0,0
3136,11,7,1024,20,780,26,38,7,1,6,-52,9,2724,19948,191,100,1,0,0
3140,5,4,768,0,775,18,1,6,1,1,-52,8,1037,15425,208,100,3,0,0
3141,4,1,512,0,742,28,16,7,2,5,-66,9,1551,15384,208,100,1,0,0
3132,18,14,1792,0,728,27,6,5,1,5,-52,1,623,13001,187,100,2,0,0
3141,9,4,768,0,772,30,3,7,1,8,-70,6,1818,12009,202,100,3,0,0
3142,3,1,512,70,770,25,4,7,1,3,-64,9,2868,22035,208,100,2,1,1
3143,8,4,768,0,863,27,29,7,1,6,-52,8,494,8555,203,100,2,0,0
3141,6,2,1024,0,772,22,2,7,1,6,-52,4,493,16467,202,100,1,0,0
3143,10,11,1280,10,844,30,10,7,1,10,-52,2,1540,15824,202,100,1,0,0
3141,18,14,1792,0,730,27,6,5,1,5,-52,1,1160,12171,188,100,2,0,0
3146,13,9,1024,0,628,26,14,7,1,6,-52,2,921,10709,171,100,3,0,0
3146,3,1,512,90,770,26,4,7,1,3,-64,9,1581,14278,208,100,1,1,1
3146,5,4,768,10,777,18,1,6,1,1,-52,7,450,8807,209,100,1,0,0
3145,2,3,768,0,764,24,1,6,1,5,-52,7,1442,16896,207,100,3,0,0
3149,1,0,256,0,43,0,0,4,0,0,0,10,2609,30072,2971,100,3,0,0
3146,6,2,1024,0,773,22,2,7,1,6,-52,4,480,9414,202,100,2,0,0
3147,10,11,1280,0,845,30,10,7,1,10,-52,2,1193,9482,202,100,1,0,0
3145,16,11,1280,0,804,29,32,7,1,11,-70,4,748,8074,185,100,1,0,0
3147,11,7,1024,10,784,26,38,7,1,6,-52,9,3934,27947,191,100,4,0,0
3151,5,4,768,0,778,18,1,6,1,1,-52,7,582,7317,209,100,1,0,0
3151,9,4,768,0,774,30,3,7,1,8,-70,7,1798,17890,203,100,1,0,0
3146,18,14,1792,0,732,27,6,5,1,5,-52,1,531,6880,188,100,1,0,0
3151,15,11,1280,0,824,20,37,7,1,4,-52,1,715,11052,192,100,1,0,0
3153,4,1,512,10,746,29,16,7,2,5,-66,10,3801,36711,209,100,2,0,0
3152,3,1,512,70,770,26,4,7,2,3,-64,10,2820,21433,208,100,1,1,1
3153,1,0,256,0,43,0,0,4,0,0,0,10,823,11556,2972,100,1,0,0
3151,2,3,768,10,766,24,1,6,1,5,-52,7,1195,11948,208,100,1,0,0
3150,6,2,1024,0,773,22,2,7,1,6,-52,4,429,9410,203,100,1,0,0
3155,8,4,768,0,867,27,29,7,1,6,-52,8,986,18221,204,100,2,0,0
3151,7,3,768,10,863,25,18,7,2,8,-52,10,3087,24270,202,100,1,0,0
3155,13,9,1024,0,631,26,14,7,1,6,-52,2,1060,9984,172,100,2,0,0
3150,19,16,1536,0,283,19,2,7,1,7,-70,0,877,7449,91,100,1,0,0
3152,14,10,1536,0,782,28,3,7,1,9,-52,1,781,11182,194,100,1,0,0
3154,11,7,1024,0,785,26,38,7,1,6,-52,9,2612,19367,192,100,2,0,0
3157,4,1,512,10,747,29,16,7,2,5,-66,10,1433,15521,209,100,1,0,0
3154,19,16,1536,0,284,19,2,7,1,7,-70,0,524,4695,91,100,1,0,0
3156,6,2,1024,0,774,22,2,7,1,6,-52,4,392,10976,203,100,1,0,0
3160,5,4,768,0,780,18,1,6,1,1,-52,7,745,13740,210,100,3,0,0
3161,8,4,768,0,870,27,29,7,1,6,-52,8,619,9514,204,100,3,0,0
3161,3,1,512,0,773,26,4,7,2,3,-64,10,4174,31087,209,44,3,1,1
3163,1,0,256,0,44,0,0,4,0,0,0,10,1467,25632,2979,100,2,0,0
3163,16,11,1280,10,807,30,32,7,1,11,-70,4,950,12044,187,100,1,0,0
3163,2,3,768,10,773,25,1,6,1,5,-52,7,1457,13794,208,100,3,0,0
3163,4,1,512,20,749,29,16,7,2,5,-66,10,1577,18648,210,100,2,0,0
3163,9,4,768,0,779,30,3,7,1,8,-70,7,2785,21985,204,100,5,0,0
3165,11,7,1024,0,788,26,38,7,1,6,-52,9,2430,24307,193,100,3,0,0
3166,13,9,1024,0,633,26,14,7,1,6,-52,2,778,11369,172,100,2,0,0
3167,6,2,1024,0,776,22,2,7,1,6,-52,4,935,22252,204,100,2,0,0
3169,3,1,512,0,776,26,4,7,2,3,-64,10,2283,23860,210,53,3,1,1
3170,8,4,768,0,875,27,29,7,1,6,-52,8,1208,13876,205,100,3,0,0
3170,9,4,768,0,781,30,3,7,1,8,-70,7,1507,12268,204,100,2,0,0
3171,11,7,1024,0,791,26,38,7,1,6,-52,9,1451,15010,193,100,2,0,0
3173,1,0,256,0,44,0,0,4,0,0,0,10,1584,26481,2985,100,2,0,0
3172,5,4,768,0,783,19,1,6,1,1,-52,7,1194,17973,210,100,2,0,0
3175,4,1,512,10,754,29,16,7,2,5,-66,10,4674,39868,211,100,3,0,0
3174,6,2,1024,0,776,22,2,7,1,6,-52,4,427,14351,204,100,1,0,0
3176,11,7,1024,0,792,26,38,7,1,6,-52,9,1350,11094,193,100,1,0,0
3175,13,9,1024,10,636,26,14,7,1,6,-52,2,689,8316,173,100,1,0,0
3178,8,4,768,0,879,28,29,7,1,6,-52,8,736,12299,205,100,1,0,0
3177,9,4,768,40,785,31,3,7,1,8,-70,7,1620,12812,205,100,1,0,0
3180,3,1,512,0,780,26,4,7,2,3,-64,10,2839,35364,210,40,3,1,1
3154,17,9,1601,100,674,33,2,7,0,10,-95,2,1950,15685,172,100,4,0,0
3182,1,0,256,0,44,0,0,4,0,0,0,10,1520,24769,2993,100,2,0,0
3181,2,3,768,0,780,25,1,6,1,5,-52,6,1519,18327,210,100,3,0,0
3161,17,9,1601,80,676,33,2,7,0,10,-95,2,1144,10831,172,100,2,0,0
3182,9,4,768,70,786,31,3,7,1,8,-70,7,2570,14135,205,100,1,0,0
3184,5,4,768,0,785,19,1,6,1,1,-52,7,836,16491,211,100,2,0,0
3166,17,9,1601,90,678,33,2,7,0,10,-95,2,986,9702,173,100,2,0,0
3174,17,9,1601,80,680,33,2,7,1,10,-95,2,999,11705,173,100,2,0,0
3185,8,4,768,0,882,28,30,7,1,6,-52,7,1059,11157,206,100,4,0,0
3179,17,9,1188,80,684,33,2,7,1,10,-95,2,2084,8779,174,100,2,0,0
3185,4,1,512,10,756,29,16,7,2,5,-66,10,4122,35438,211,100,2,0,0
3174,20,17,1857,0,769,42,6,7,1,13,-70,0,847,6880,184,100,1,0,0
3176,21,17,1572,0,742,32,9,5,1,9,-52,0,833,10232,174,100,2,0,0
3187,1,0,256,0,44,0,0,4,0,0,0,10,801,14133,2996,100,1,0,0
3183,13,9,1024,10,636,26,14,7,1,6,-52,2,433,7871,173,100,2,0,0
3189,8,4,768,0,883,28,30,7,1,6,-52,7,446,6080,206,100,1,0,0
3189,5,4,768,0,788,19,1,6,1,1,-52,7,907,9569,212,100,2,0,0
3190,19,16,1536,0,292,19,2,7,1,7,-70,0,1229,10815,93,100,2,0,0
3190,3,1,512,0,784,26,4,7,2,3,-64,10,2358,30935,211,27,2,1,1
3189,9,4,768,60,789,31,3,7,1,8,-70,7,2732,16934,205,100,2,0,0
3180,20,17,1572,30,772,42,6,7,1,13,-70,0,804,7120,185,100,1,0,0
3187,13,9,1024,0,637,26,14,7,1,6,-52,2,432,4581,174,100,1,0,0
3192,4,1,512,20,759,29,16,7,2,5,-66,10,3690,24191,212,100,2,0,0
3190,6,2,1024,0,782,22,2,7,1,6,-52,4,619,12739,205,100,3,0,0
3182,21,17,1572,0,744,32,9,5,1,9,-52,0,784,6202,175,100,1,0,0
3191,11,7,1024,30,795,27,39,7,1,6,-52,9,1729,20318,194,100,4,0,0
3193,1,0,256,0,44,0,0,4,0,0,0,10,1226,17062,3003,100,1,0,0
3194,16,11,1280,0,812,30,32,7,1,11,-70,4,1456,15189,189,100,2,0,0
3194,8,4,768,0,884,28,30,7,1,6,-52,7,289,5515,206,100,1,0,0
3194,9,4,768,50,789,31,3,7,1,8,-70,7,1548,11343,206,100,1,0,0
3190,17,9,1024,30,688,33,2,7,1,10,-95,2,3594,20516,174,100,3,0,0
3197,1,0,256,0,44,0,0,4,0,0,0,10,755,11354,3007,100,1,0,0
3196,17,9,1024,80,691,33,2,7,1,10,-95,2,1590,11618,175,100,1,0,0
3198,4,1,512,0,762,29,16,7,2,5,-66,10,2686,20954,212,100,2,0,0
3197,13,9,1024,0,643,26,14,7,1,6,-52,2,1188,10261,174,100,4,0,0
3195,19,16,1536,20,293,19,2,7,1,7,-70,0,582,6767,94,100,1,0,0
3199,8,4,768,0,885,28,30,7,1,6,-52,7,466,7081,207,100,2,0,0
3193,21,17,1572,0,744,32,9,5,1,9,-52,0,383,8783,175,100,1,0,0
3200,5,4,768,0,792,19,1,6,1,1,-52,7,982,16059,212,100,3,0,0
3192,20,17,1572,0,777,42,6,7,1,13,-70,0,1250,11908,185,100,2,0,0
3201,3,1,512,0,786,26,4,7,2,3,-64,10,3355,31796,212,40,3,1,1
3201,2,3,768,0,782,25,1,6,1,5,-52,6,1142,16657,211,100,2,0,0
3204,1,0,256,0,44,0,0,4,0,0,0,10,997,17216,3011,100,1,0,0
3202,13,9,1024,0,643,26,14,7,1,6,-52,2,321,5116,175,100,1,0,0
3203,9,4,768,10,790,31,3,7,1,8,-70,7,2446,19693,206,100,2,0,0
3204,8,4,768,0,885,28,30,7,1,6,-52,7,285,6294,207,100,1,0,0
3204,17,9,1447,60,693,33,2,7,1,10,-95,2,1891,14535,175,100,1,0,0
3207,3,1,512,10,787,26,4,7,2,3,-64,10,1233,15993,212,28,1,1,1
3201,21,17,1572,0,747,32,9,5,1,9,-52,0,785,7615,176,100,2,0,0
3206,7,3,768,0,881,26,20,7,1,8,-52,10,3078,30323,205,100,3,0,0
3199,20,17,1572,20,779,42,6,7,1,13,-70,0,713,6783,186,100,2,0,0
3208,4,1,512,0,766,29,16,7,2,5,-66,10,4464,34988,213,100,2,0,0
3208,5,4,768,0,794,19,1,6,1,1,-52,7,698,11778,213,100,3,0,0
3205,20,17,1634,0,779,42,6,7,1,13,-70,0,741,6225,186,100,1,0,0
3208,13,9,1024,0,645,26,14,7,1,6,-52,2,501,5370,175,100,1,0,0
3206,21,17,1572,0,751,32,9,5,1,9,-52,0,798,5610,176,100,1,0,0
3211,6,2,1024,0,789,22,2,7,1,6,-52,4,957,18686,207,100,2,0,0
3213,7,3,768,10,884,26,20,7,1,8,-52,10,1819,18002,206,100,2,0,0
3212,13,9,1024,0,647,26,14,7,1,6,-52,2,477,4732,175,100,1,0,0
3214,8,4,768,0,886,28,30,7,1,6,-52,7,563,11062,208,100,3,0,0
3214,15,11,1280,0,850,20,38,7,1,4,-52,1,1267,16939,197,100,4,0,0
3214,4,1,512,0,769,29,16,7,2,5,-66,10,2752,22584,213,100,2,0,0
3211,20,17,1572,0,781,42,6,7,1,13,-70,0,606,6345,187,100,1,0,0
3215,1,0,256,0,44,0,0,4,0,0,0,10,2203,30587,3021,100,2,0,0
3213,17,9,1024,40,694,33,2,7,1,10,-95,2,3078,20038,176,100,2,0,0
3216,9,4,768,30,792,31,3,7,1,8,-70,7,3990,26398,207,100,2,0,0
3215,11,7,1024,0,802,27,39,7,1,6,-52,8,1603,15363,196,100,1,0,0
3217,5,4,768,0,795,19,1,6,1,1,-52,7,537,13170,213,100,2,0,0
3218,3,1,512,20,793,26,4,7,2,3,-64,10,3491,32563,213,52,2,1,1
3217,2,3,768,0,783,25,1,6,1,5,-52,6,969,17423,212,100,1,0,0
3212,21,17,1572,20,754,32,9,5,1,9,-52,0,549,7064,177,100,1,0,0
3217,16,11,1280,0,816,30,32,7,1,11,-70,4,1151,12917,190,100,1,0,0
3218,8,4,768,0,886,28,30,7,1,6,-52,7,286,5074,208,100,1,0,0
3216,20,17,1572,10,784,42,6,7,1,13,-70,0,705,6832,187,100,1,0,0
3220,11,7,1024,0,802,27,39,7,1,6,-52,8,714,9029,196,100,1,0,0
3220,6,2,1024,0,793,22,2,7,1,6,-52,4,859,18845,207,100,2,0,0
3219,21,17,1572,0,756,32,9,5,1,9,-52,0,665,6474,177,100,1,0,0
3221,13,9,1024,0,651,26,14,7,1,6,-52,2,1028,9003,176,100,3,0,0
3222,17,9,1024,20,696,33,2,7,1,10,-95,2,2601,17823,176,100,2,0,0
3223,8,4,768,0,888,28,30,7,1,6,-52,7,475,6225,208,100,1,0,0
3224,1,0,256,0,44,0,0,4,0,0,0,10,1787,25966,3032,100,1,0,0
3226,4,1,512,0,770,29,16,7,2,5,-66,10,4103,38031,214,100,2,0,0
3225,5,4,768,0,797,19,1,6,1,1,-52,7,607,12306,214,100,1,0,0
3224,2,3,768,30,786,25,1,6,1,5,-52,6,1193,14095,213,100,2,0,0
3226,16,11,1280,0,818,30,32,7,1,11,-70,4,1441,14712,191,100,2,0,0
3226,3,1,512,0,795,26,4,7,2,3,-64,10,3217,28367,213,70,2,1,1
3226,11,7,1024,0,802,27,39,7,1,6,-52,8,1311,14323,197,100,1,0,0
3226,7,3,768,0,887,26,20,7,1,8,-52,10,2148,23641,207,100,2,0,0
3228,9,4,768,30,793,31,3,7,1,8,-70,7,2868,24994,208,100,2,0,0
3224,21,17,1572,0,760,32,9,5,1,9,-52,0,822,6309,177,100,1,0,0
3225,20,17,1572,0,787,42,6,7,1,13,-70,0,866,10016,188,100,1,0,0
3230,4,1,512,20,771,29,16,7,2,5,-66,10,1669,14395,214,100,1,0,0
3229,19,16,1536,10,304,19,2,7,1,7,-70,0,502,6776,96,100,1,0,0
3229,8,4,768,0,890,28,30,7,1,6,-52,7,751,9159,209,100,1,0,0
3229,17,9,1024,0,696,33,2,7,1,10,-95,2,1389,10981,177,100,1,0,0
3231,5,4,768,0,800,19,1,6,1,1,-52,7,630,8865,214,100,1,0,0
3231,3,1,512,0,797,26,4,7,2,3,-64,10,1474,14875,214,60,1,1,1
3231,7,3,768,50,888,26,20,7,1,8,-52,10,1532,14810,207,100,1,0,0
3232,2,3,768,0,787,25,1,6,1,5,-52,6,806,13752,213,100,1,0,0
3231,13,9,1024,10,657,26,14,7,1,6,-52,2,1391,10683,177,100,1,0,0
3216,10,7,1536,80,864,34,10,7,0,11,-70,2,815,14390,207,100,2,0,0
3234,1,0,256,0,44,0,0,4,0,0,0,10,1809,27811,3039,100,2,0,0
3230,20,17,1572,10,788,42,6,7,1,13,-70,0,813,5196,188,100,1,0,0
3235,9,4,768,20,796,31,3,7,1,8,-70,7,3019,17717,208,100,2,0,0
3237,3,1,512,0,799,26,4,7,2,3,-64,10,1898,15486,214,27,1,1,1
3235,8,4,768,0,892,28,30,7,1,6,-52,7,499,7028,209,100,1,0,0
3236,6,2,1024,0,797,22,2,7,1,6,-52,4,495,9406,208,100,2,0,0
3237,4,1,512,10,773,29,16,7,2,5,-66,10,3348,26059,215,100,1,0,0
3234,14,10,1368,0,800,30,3,7,1,9,-52,1,706,13214,200,100,1,0,0
3235,16,11,1280,20,822,30,32,7,1,11,-70,4,1360,15180,191,100,2,0,0
3235,13,9,1024,10,659,26,14,7,1,6,-52,2,421,4414,177,100,1,0,0
3236,10,7,1024,20,870,34,10,7,1,11,-70,2,2783,20877,208,100,3,0,0
3240,5,4,768,0,802,19,1,6,1,1,-52,7,721,12743,215,100,3,0,0
3236,18,14,1792,10,761,28,6,5,1,5,-52,1,753,9947,194,100,2,0,0
3238,15,11,1280,10,860,20,38,7,1,4,-52,1,528,9593,198,100,1,0,0
3237,21,17,1572,0,763,32,9,5,1,9,-52,0,1165,11323,178,100,2,0,0
3238,11,7,1024,20,806,27,39,7,1,6,-52,8,1906,17836,198,100,1,0,0
3239,19,16,1536,0,308,19,2,7,1,7,-70,0,1427,10988,97,100,2,0,0
3241,9,4,768,70,798,31,3,7,1,8,-70,7,1816,14212,209,100,1,0,0
3242,2,3,768,0,792,25,1,6,1,5,-52,6,1840,18847,214,100,3,0,0
3244,3,1,512,0,802,26,4,7,2,3,-64,10,4260,29262,215,86,2,1,1
3243,6,2,1024,0,800,22,2,7,1,6,-52,4,997,15780,209,100,2,0,0
3244,7,3,768,0,892,26,21,7,2,8,-52,10,4566,32142,208,100,3,0,0
3245,19,16,1536,0,312,19,2,7,1,7,-70,0,895,6859,97,100,1,0,0
3239,13,9,1024,0,659,26,14,7,1,6,-52,2,490,4302,177,100,1,0,0
3245,1,0,256,0,44,0,0,4,0,0,0,10,2535,32841,3052,100,2,0,0
3244,8,4,768,0,895,28,30,7,1,6,-52,7,908,12443,210,100,3,0,0
3240,17,9,1024,0,699,33,2,7,1,10,-95,2,2453,19516,178,100,2,0,0
3242,18,14,1792,10,761,28,6,5,1,5,-52,1,451,7919,195,100,1,0,0
3246,4,1,512,0,777,29,16,7,2,5,-66,10,3536,31063,215,100,3,0,0
3244,14,10,1368,0,801,30,3,7,1,9,-52,1,1376,21509,201,100,2,0,0
3244,11,7,1024,30,808,27,39,7,1,6,-52,8,1817,15683,198,100,2,0,0
3245,10,7,1024,10,872,34,10,7,1,11,-70,2,2165,19526,209,100,3,0,0
3247,2,3,768,0,794,25,1,6,1,5,-52,6,859,10079,214,100,1,0,0
3245,16,11,1280,10,825,30,32,7,1,11,-70,4,1627,16588,192,100,1,0,0
3246,15,11,1280,0,863,21,38,7,1,4,-52,1,1017,14012,199,100,3,0,0
3249,5,4,768,0,803,19,1,6,1,1,-52,7,588,13298,216,100,1,0,0
3242,20,17,1572,0,791,42,6,7,1,13,-70,0,1086,11340,189,100,2,0,0
3244,13,9,1024,0,660,26,14,7,1,6,-52,2,533,5159,178,100,1,0,0
3249,16,11,1280,10,828,30,32,7,1,11,-70,4,759,7747,192,100,1,0,0
3251,3,1,512,10,804,26,4,7,1,3,-64,10,4272,28530,215,100,3,1,1
3251,9,4,768,60,802,31,3,7,1,8,-70,7,3525,23180,209,100,2,0,0
3251,7,3,768,0,894,26,21,7,2,8,-52,10,3099,22861,208,100,3,0,0
3244,21,17,1572,0,765,32,9,5,1,9,-52,0,656,6899,179,100,2,0,0
3253,8,4,768,10,899,28,30,7,1,6,-52,7,732,10925,210,100,2,0,0
3255,1,0,256,0,44,0,0,4,0,0,0,10,2238,26571,3061,100,2,0,0
3249,21,17,1572,0,765,32,9,5,1,9,-52,0,287,5201,179,100,1,0,0
3250,17,9,1024,0,700,33,2,7,1,10,-95,2,2368,19074,178,100,2,0,0
3252,14,10,1368,0,803,30,3,7,1,9,-52,1,892,16928,201,100,1,0,0
3257,4,1,512,10,781,29,16,7,2,5,-66,10,4290,35949,216,100,3,0,0
3251,13,9,1024,0,661,26,14,7,1,6,-52,2,436,6527,178,100,2,0,0
3257,9,4,768,50,802,31,3,7,1,8,-70,7,1759,12088,210,100,1,0,0
3258,5,4,768,0,807,19,1,6,1,1,-52,7,1175,12594,216,100,2,0,0
3251,15,11,1280,10,867,21,38,7,1,4,-52,1,858,8900,199,100,1,0,0
3258,8,4,768,0,900,28,30,7,1,6,-52,7,450,6738,211,100,1,0,0
3259,3,1,512,100,806,26,4,7,1,3,-64,10,3020,26265,216,100,2,1,1
3255,17,9,1024,60,701,33,2,7,1,10,-95,2,1043,8912,179,100,0,0,0
3256,19,16,1536,10,317,19,2,7,1,7,-70,0,1070,11182,98,100,2,0,0
3261,1,0,256,0,44,0,0,4,0,0,0,10,1222,16904,3066,100,2,0,0
3256,10,7,1024,10,877,34,10,7,1,11,-70,2,1830,21071,209,100,3,0,0
3254,20,17,1572,0,793,42,6,7,1,13,-70,0,673,10860,189,100,2,0,0
3258,7,3,768,20,895,26,21,7,2,8,-52,10,2831,23891,209,100,1,0,0
3262,4,1,512,0,783,29,16,7,2,5,-66,10,2377,19121,216,100,2,0,0
3258,16,11,1280,10,830,31,32,7,1,11,-70,4,1406,14777,193,100,2,0,0
3263,9,4,768,40,805,31,3,7,1,8,-70,7,1536,13135,210,100,1,0,0
3262,16,11,1280,0,830,31,32,7,1,11,-70,4,573,7408,193,100,1,0,0
3263,14,10,1368,0,805,30,3,7,1,9,-52,1,1561,22384,202,100,2,0,0
3263,10,7,1024,0,880,34,10,7,1,11,-70,2,1764,14064,210,100,1,0,0
3264,3,1,512,0,808,26,4,7,2,3,-64,10,2994,20873,216,100,2,1,1
3263,11,7,1024,10,815,27,39,7,1,6,-52,8,2075,20402,199,100,2,0,0
3263,18,14,1792,10,767,28,6,5,1,5,-52,1,1162,14633,196,100,3,0,0
3262,13,9,1024,0,665,26,14,7,1,6,-52,2,972,11501,179,100,2,0,0
3262,15,11,1280,0,871,21,38,7,1,4,-52,1,1331,13980,200,100,3,0,0
3264,8,4,768,10,904,28,30,7,1,6,-52,7,600,7778,211,100,2,0,0
3266,1,0,256,0,44,0,0,4,0,0,0,10,1367,15125,3074,100,0,0,0
3262,17,9,1487,70,703,33,2,7,1,10,-95,2,1878,13107,179,100,2,0,0
3265,2,3,768,0,801,25,1,6,1,5,-52,6,1932,21818,215,100,3,0,0
3265,6,2,1024,0,803,23,2,7,1,6,-52,4,631,18640,210,100,2,0,0
3268,7,3,768,10,897,26,21,7,2,8,-52,10,3646,29636,210,100,2,0,0
3267,19,16,1536,10,320,19,2,7,1,7,-70,0,1049,11343,99,100,2,0,0
3267,13,9,1024,0,666,26,14,7,1,6,-52,2,538,5335,179,100,1,0,0
3268,5,4,768,0,810,19,1,6,1,1,-52,7,836,12781,217,100,2,0,0
3268,18,14,1792,0,767,28,6,5,1,5,-52,1,373,5142,196,100,1,0,0
3268,15,11,1280,0,873,21,38,7,1,4,-52,1,625,6876,200,100,1,0,0
3269,14,10,1280,0,806,30,3,7,1,9,-52,1,934,12732,202,100,1,0,0
3270,9,4,768,0,806,31,3,7,1,8,-70,7,1949,15530,211,100,1,0,0
3271,4,1,512,0,784,29,16,7,2,5,-66,10,3439,29279,217,100,1,0,0
3269,11,7,1024,0,817,27,39,7,1,6,-52,8,1348,14032,200,100,1,0,0
3270,16,11,1280,0,830,31,32,7,1,11,-70,4,666,12702,194,100,1,0,0
3271,10,7,1024,0,882,34,10,7,1,11,-70,2,1650,15426,210,100,3,0,0
3272,3,1,512,20,809,26,4,7,2,3,-64,10,4144,29389,217,100,3,1,1
3271,6,2,1024,0,804,23,2,7,1,6,-52,4,527,12350,211,100,2,0,0
3273,1,0,256,0,44,0,0,4,0,0,0,10,1808,21579,3086,100,2,0,0
3273,8,4,768,0,905,28,30,7,1,6,-52,7,701,11821,212,100,2,0,0
3273,2,3,768,0,804,25,1,6,1,5,-52,6,1872,17258,216,100,2,0,0
3274,13,9,1024,0,668,26,14,7,1,6,-52,2,820,7617,180,100,2,0,0
3274,15,11,1280,0,874,21,38,7,1,4,-52,1,577,7973,201,100,2,0,0
3273,14,10,1280,0,806,30,3,7,1,9,-52,1,699,11042,203,100,1,0,0
3272,19,16,1536,0,321,19,2,7,1,7,-70,0,420,6776,99,100,1,0,0
3275,18,14,1792,0,770,28,6,5,1,5,-52,1,692,7913,197,100,1,0,0
3276,16,11,1280,10,833,31,32,7,1,11,-70,4,1003,9928,194,100,1,0,0
3279,7,3,768,10,899,26,21,7,2,8,-52,10,4094,32963,210,100,2,0,0
3277,11,7,1024,0,818,27,39,7,1,6,-52,8,1876,18822,200,100,1,0,0
3278,5,4,768,10,812,19,1,6,1,1,-52,7,998,12347,218,100,2,0,0
3280,13,9,1024,0,671,26,14,7,1,6,-52,2,715,6175,180,100,1,0,0
3280,14,10,1280,0,807,30,3,7,1,9,-52,1,844,12817,203,100,2,0,0
3282,4,1,512,0,786,29,16,7,2,5,-66,10,3522,35936,217,100,2,0,0
3280,6,2,1024,10,805,23,2,7,1,6,-52,4,631,18452,211,100,2,0,0
3281,9,4,768,0,808,31,3,7,1,8,-70,7,2310,22962,211,100,2,0,0
3280,19,16,1536,30,323,19,2,7,1,7,-70,0,1079,8170,100,100,2,0,0
3281,16,11,1280,10,835,31,32,7,1,11,-70,4,919,8374,194,100,1,0,0
3283,8,4,768,0,905,28,30,7,1,6,-52,7,431,11140,212,100,2,0,0
3281,10,7,1024,10,886,34,10,7,1,11,-70,2,2122,23079,211,100,1,0,0
3285,3,1,512,20,810,26,4,7,2,3,-64,10,4982,40792,217,100,1,1,1
3285,1,0,256,0,44,0,0,4,0,0,0,10,2316,32063,3096,100,2,0,0
3283,2,3,768,0,806,25,1,6,1,5,-52,6,1197,17777,216,100,2,0,0
3284,15,11,1280,0,876,21,38,7,1,4,-52,1,901,12848,201,100,2,0,0
3286,5,4,768,0,814,19,1,6,1,1,-52,7,715,10214,218,100,1,0,0
3286,9,4,768,20,811,31,3,7,1,8,-70,7,864,9635,212,100,1,0,0
3285,18,14,1792,0,773,28,6,5,1,5,-52,1,1020,14793,198,100,2,0,0
3288,4,1,512,0,787,29,17,7,2,5,-66,10,1926,19769,218,100,3,0,0
3286,6,2,1024,0,808,23,2,7,1,6,-52,4,710,12135,212,100,2,0,0
3288,11,7,1024,10,820,27,39,7,1,6,-52,8,1918,21505,201,100,2,0,0
3287,13,9,1024,0,672,26,14,7,1,6,-52,2,468,6681,181,100,2,0,0
3289,7,3,780,10,902,26,21,7,2,8,-52,10,3531,32464,211,100,2,0,0
3285,19,16,1552,20,324,19,2,7,1,7,-70,0,714,6140,100,100,1,0,0
3291,8,4,768,0,907,28,30,7,1,6,-52,7,581,9739,213,100,1,0,0
3292,1,0,256,0,44,0,0,4,0,0,0,10,1592,20406,3104,100,1,0,0
3289,16,11,1280,10,838,31,32,7,1,11,-70,4,1528,13423,195,100,1,0,0
3290,15,11,1280,0,879,21,38,7,1,4,-52,1,917,8122,202,100,1,0,0
3291,10,7,1024,0,889,34,10,7,1,11,-70,2,1923,20094,212,100,3,0,0
3293,2,3,780,0,808,25,1,6,1,5,-52,6,1341,15912,217,100,2,0,0
3292,6,2,1024,0,809,23,2,7,1,6,-52,4,720,11401,212,100,1,0,0
3292,14,10,1280,0,810,30,3,7,1,9,-52,1,1594,24866,204,100,2,0,0
3294,7,3,780,0,903,26,21,7,2,8,-52,10,2062,15040,211,100,1,0,0
3296,3,1,512,0,811,26,4,7,2,3,-64,10,5621,41041,218,100,3,1,1
3296,4,1,512,0,790,29,17,7,2,5,-66,10,2482,25850,218,100,1,0,0
3296,8,4,768,0,909,28,30,7,1,6,-52,7,493,6150,213,100,2,0,0
3298,5,4,768,0,815,19,1,6,1,1,-52,7,615,12633,219,100,3,0,0
3297,2,3,780,0,809,25,1,6,1,5,-52,6,785,9042,217,100,1,0,0
3297,10,7,1024,0,892,34,10,7,1,11,-70,2,874,11975,212,100,2,0,0
3296,13,9,1024,0,674,26,14,7,1,6,-52,2,525,8458,181,100,1,0,0
3298,9,4,768,10,813,31,3,7,1,8,-70,7,2102,22164,213,100,2,0,0
3296,15,11,1280,0,881,21,38,7,1,4,-52,1,524,7264,202,100,2,0,0
3299,7,3,780,0,904,26,21,7,2,8,-52,10,1476,15613,212,100,1,0,0
3271,12,9,1152,70,845,36,27,7,0,12,-70,3,1115,16607,209,100,1,0,0
3298,11,7,1024,20,822,27,39,7,1,6,-52,8,2466,24176,202,100,2,0,0
3278,12,9,1152,90,848,36,27,7,0,12,-70,4,1324,15333,210,100,2,0,0
3297,18,14,1792,0,780,28,6,5,1,5,-52,1,1235,15006,198,100,2,0,0
3296,16,11,1280,20,839,31,32,7,1,11,-70,4,1294,12824,196,100,2,0,0
3295,19,16,1536,10,327,19,2,7,1,7,-70,0,804,9551,101,100,3,0,0
3284,12,9,1152,90,849,36,27,7,0,12,-70,4,542,11503,210,100,1,0,0
3300,14,10,1280,0,811,30,3,7,1,9,-52,1,1108,16535,204,100,1,0,0
3302,1,0,256,0,44,0,0,4,0,0,0,10,2429,29710,3118,100,2,0,0
3289,12,9,1152,90,850,36,27,7,0,12,-70,4,281,9561,210,100,0,0,0
3302,2,3,780,0,809,25,1,6,1,5,-52,6,899,9392,218,100,1,0,0
3302,4,1,512,0,791,29,17,7,2,5,-66,10,3734,24563,219,100,1,0,0
3300,19,16,1536,10,329,19,2,7,1,7,-70,0,477,5686,101,100,0,0,0
3301,13,9,1024,0,675,26,14,7,1,6,-52,2,450,5374,182,100,1,0,0
3303,7,3,780,10,906,26,21,7,2,8,-52,10,2098,15713,212,100,1,0,0
3303,5,4,768,0,816,19,1,6,1,1,-52,7,392,6425,219,100,1,0,0
3300,12,8,1024,60,852,37,27,7,1,13,-52,4,2386,24690,211,100,4,0,0
3302,6,2,1024,10,811,23,2,7,1,6,-52,4,1042,21200,213,100,2,0,0
3305,8,4,768,40,912,28,30,7,1,6,-52,8,2694,16971,214,100,1,0,0
3298,20,17,1664,0,803,43,6,7,1,13,-70,0,455,8425,192,100,1,0,0
3306,3,1,512,10,813,26,4,7,2,3,-64,10,5408,36475,219,100,1,1,1
3304,11,7,1024,0,825,27,39,7,1,6,-52,8,1799,13600,202,100,1,0,0
3302,18,14,1792,0,781,28,6,5,1,5,-52,1,504,6279,199,100,1,0,0
3304,16,11,1280,0,840,31,32,7,1,11,-70,4,1191,13364,196,100,1,0,0
3306,10,7,1024,10,894,34,10,7,1,11,-70,2,1959,20046,213,100,3,0,0
3304,17,12,1280,10,713,35,2,7,1,11,-70,2,1249,12664,181,100,1,0,0
3307,7,3,780,0,908,26,21,7,2,8,-52,10,1880,13521,212,100,1,0,0
3309,9,4,768,0,815,31,3,7,1,8,-70,7,1480,17431,213,100,2,0,0
3308,15,11,1280,0,885,21,38,7,1,4,-52,1,1017,14220,203,100,2,0,0
3304,21,17,1664,0,779,33,9,5,1,9,-52,0,450,6189,183,100,1,0,0
3308,6,2,1024,0,812,23,2,7,1,6,-52,4,645,11927,213,100,1,0,0
3309,8,4,768,40,913,28,30,7,1,6,-52,9,1515,8541,214,100,1,0,0
3310,3,1,512,0,815,26,4,7,2,3,-64,10,2988,17239,219,100,2,1,1
3310,11,7,1024,0,825,27,39,7,1,6,-52,8,1251,13597,202,100,1,0,0
3309,14,10,1280,0,815,30,3,7,1,9,-52,1,1442,19297,205,100,2,0,0
3310,13,9,1024,0,676,26,14,7,1,6,-52,2,515,8205,182,100,2,0,0
3306,20,17,1664,0,804,43,6,7,1,13,-70,0,655,7125,193,100,2,0,0
3312,1,0,256,0,44,0,0,4,0,0,0,10,2557,30040,3128,100,2,0,0
3310,18,14,1792,0,783,28,6,5,1,5,-52,1,608,8857,199,100,1,0,0
3312,7,3,772,10,909,26,21,7,2,8,-52,10,1703,14300,213,100,1,0,0
3312,4,1,512,40,792,29,17,7,1,5,-66,10,4604,34932,220,100,2,0,0
3312,5,4,768,0,820,19,1,6,1,1,-52,7,1088,11115,220,100,2,0,0
3312,16,11,1280,0,841,31,32,7,1,11,-70,4,819,10139,196,100,1,0,0
3313,2,3,780,10,811,25,1,6,1,5,-52,6,1206,19875,218,100,2,0,0
3310,19,16,1536,0,331,19,2,7,1,7,-70,0,941,10000,102,100,2,0,0
3310,12,8,1024,20,856,38,27,7,1,13,-52,4,2580,21045,212,100,2,0,0
3315,3,1,512,0,816,26,4,7,2,3,-64,10,2655,17538,219,100,1,1,1
3309,17,12,1280,10,718,36,2,7,1,11,-70,2,1666,9935,181,100,1,0,0
3313,6,2,1024,10,814,23,2,7,1,6,-52,4,617,9852,214,100,1,0,0
3311,20,17,1664,0,805,43,6,7,1,13,-70,0,633,5734,193,100,1,0,0
3315,10,7,1024,0,896,34,10,7,1,11,-70,2,1380,19668,213,100,1,0,0
3313,21,17,1664,10,781,33,9,5,1,9,-52,0,549,9072,183,100,1,0,0
3317,1,0,256,0,44,0,0,4,0,0,0,10,1537,16084,3136,100,1,0,0
3314,9,4,768,20,816,31,3,7,1,8,-70,7,800,7824,214,100,1,0,0
3314,14,10,1280,0,820,30,3,7,1,9,-52,1,1087,10977,205,100,1,0,0
3320,3,1,512,20,817,26,4,7,2,3,-64,10,2295,16667,220,100,1,1,1
3319,11,7,1024,0,827,27,39,7,1,6,-52,8,1624,19568,203,100,2,0,0
3315,13,9,1024,10,676,26,14,7,1,6,-52,2,343,4818,183,100,1,0,0
3317,19,16,1536,0,332,19,2,7,1,7,-70,0,419,5916,102,100,1,0,0
3320,15,11,1280,0,887,21,38,7,1,4,-52,1,729,13000,204,100,2,0,0
3320,10,7,1032,30,898,34,10,7,1,11,-70,2,1354,10621,213,100,1,0,0
3321,16,11,1280,0,841,31,32,7,1,11,-70,4,1299,14322,197,100,2,0,0
3319,9,4,768,0,818,31,3,7,1,8,-70,7,1172,8636,214,100,1,0,0
3319,5,4,768,0,825,19,1,6,1,1,-52,7,1034,10473,220,100,1,0,0
3323,4,1,512,90,796,29,17,7,1,5,-66,10,4714,38084,220,100,4,0,0
3320,8,4,768,40,915,28,30,7,1,6,-52,9,2617,20798,215,100,2,0,0
3323,2,3,780,30,814,25,1,6,1,5,-52,6,2282,20012,219,100,2,0,0
3324,7,3,772,0,910,26,21,7,2,8,-52,10,3588,35550,213,100,2,0,0
3321,18,14,1792,0,787,28,6,5,1,5,-52,1,1117,14736,200,100,3,0,0
3323,14,10,1280,0,825,30,3,7,1,9,-52,1,1519,19161,206,100,1,0,0
3318,17,12,1280,0,724,36,2,7,1,11,-70,2,2264,17138,182,100,3,0,0
3322,19,16,1536,10,333,19,2,7,1,7,-70,0,394,4677,102,100,1,0,0
3320,6,2,1024,0,815,23,2,7,1,6,-52,4,525,14757,214,100,1,0,0
3318,21,17,1664,10,782,33,9,5,1,9,-52,0,590,5230,184,100,1,0,0
3320,20,17,1536,0,807,44,6,7,1,13,-70,0,1104,10695,194,100,1,0,0
3323,9,4,768,0,818,31,3,7,1,8,-70,7,561,6902,214,100,1,0,0
3326,3,1,512,10,817,26,4,7,2,3,-64,10,3737,24130,220,100,1,1,1
3324,12,8,1024,0,857,38,27,7,1,13,-52,4,1065,10920,213,100,1,0,0
3325,8,4,768,10,916,28,31,7,1,6,-52,9,1546,9223,215,100,2,0,0
3324,17,12,1280,10,727,36,2,7,1,11,-70,2,1478,9558,182,100,1,0,0
3326,16,11,1280,10,841,31,32,7,1,11,-70,4,749,8139,197,100,1,0,0
3326,11,7,1024,0,828,27,39,7,1,6,-52,8,1787,17216,203,100,1,0,0
3328,1,0,256,0,44,0,0,4,0,0,0,10,2885,30716,3148,100,2,0,0
3324,13,9,1024,0,678,26,14,7,1,6,-52,2,574,9035,183,100,1,0,0
3327,5,4,768,0,827,19,1,6,1,1,-52,7,847,11269,221,100,2,0,0
3328,15,11,1280,0,889,21,38,7,1,4,-52,1,579,10210,204,100,1,0,0
3327,6,2,1024,0,819,23,2,7,1,6,-52,4,1174,14929,214,100,1,0,0
3329,9,4,768,0,820,31,3,7,1,8,-70,7,1002,9887,215,100,1,0,0
3327,10,7,1024,20,902,34,10,7,1,11,-70,2,1983,17289,214,100,2,0,0
3329,4,1,512,20,799,29,17,7,2,5,-66,10,3737,22173,221,100,2,0,0
3327,21,17,1664,0,786,33,9,5,1,9,-52,0,1111,9789,184,100,2,0,0
3329,8,4,768,0,916,28,31,7,1,6,-52,9,812,8335,215,100,1,0,0
3331,7,3,772,0,911,26,21,7,2,8,-52,10,2614,21381,214,100,1,0,0
3332,11,7,1024,0,828,27,39,7,1,6,-52,8,819,11490,204,100,1,0,0
3330,14,10,1280,20,826,30,3,7,1,9,-52,1,858,15741,206,100,2,0,0
3332,17,12,1280,10,729,36,2,7,1,11,-70,2,1856,14700,183,100,1,0,0
3331,6,2,1024,0,822,23,2,7,1,6,-52,4,748,9212,215,100,1,0,0
3331,19,16,1536,0,336,19,2,7,1,7,-70,0,1021,9669,103,100,2,0,0
3328,18,14,1792,0,789,28,6,5,1,5,-52,1,611,9701,201,100,1,0,0
3333,5,4,768,0,828,19,1,6,1,1,-52,7,616,7630,221,100,1,0,0
3335,3,1,512,0,819,26,4,7,2,3,-64,10,4129,31547,221,100,1,1,1
3330,20,17,1536,10,810,44,6,7,1,13,-70,0,721,9899,194,100,2,0,0
3335,16,11,1280,0,843,31,32,7,1,11,-70,4,1306,13740,198,100,2,0,0
3335,2,3,780,0,816,25,1,6,1,5,-52,6,2077,22976,220,100,2,0,0
3333,21,17,1664,0,788,33,9,5,1,9,-52,0,559,6079,185,100,1,0,0
3334,12,8,1024,10,861,38,27,7,1,13,-52,4,2442,26738,213,100,2,0,0
3336,10,7,1024,10,905,34,10,7,1,11,-70,2,1991,21694,215,100,1,0,0
3336,13,9,1024,0,680,26,14,7,1,6,-52,2,1203,12044,184,100,3,0,0
3336,11,7,1024,10,832,27,39,7,1,6,-52,8,1514,11932,204,100,1,0,0
3337,4,1,512,0,803,29,17,7,2,5,-66,10,3205,28657,221,100,3,0,0
3338,1,0,256,0,44,0,0,4,0,0,0,10,2610,30652,3163,100,2,0,0
3338,3,1,512,0,819,26,4,7,2,3,-64,10,1925,14343,221,100,1,1,1
3339,15,11,1280,0,890,21,38,7,1,4,-52,1,697,13514,205,100,2,0,0
3337,17,12,1280,10,731,36,2,7,1,11,-70,2,1423,9596,183,100,1,0,0
3339,9,4,768,0,823,31,3,7,1,8,-70,7,1688,15587,215,100,1,0,0
3340,7,3,772,0,914,26,21,7,2,8,-52,10,3641,29181,214,100,2,0,0
3339,8,4,768,0,919,28,31,7,1,6,-52,9,2268,18122,216,100,2,0,0
3339,20,17,1536,0,815,44,6,7,1,13,-70,0,1704,10707,195,100,2,0,0
3340,14,10,1280,0,828,30,3,7,1,9,-52,1,1340,17775,207,100,1,0,0
3340,19,16,1536,0,337,19,2,7,1,7,-70,0,526,6156,103,100,1,0,0
3341,21,17,1664,0,790,33,9,5,1,9,-52,0,622,7555,185,100,2,0,0
3341,11,7,1024,10,835,27,39,7,1,6,-52,8,1352,11209,204,100,1,0,0
3340,6,2,1024,10,823,23,2,7,1,6,-52,4,606,17166,215,100,2,0,0
3340,18,14,1792,0,795,28,6,5,1,5,-52,1,1233,14087,201,100,2,0,0
3344,5,4,768,0,830,19,1,6,1,1,-52,7,1192,13472,222,100,2,0,0
3343,16,11,1280,0,845,31,32,7,1,11,-70,4,1161,13510,198,100,1,0,0
3342,2,3,780,0,818,25,1,6,1,5,-52,6,843,13665,220,100,1,0,0
3342,10,7,1024,10,908,34,10,7,1,11,-70,2,1063,12763,215,100,1,0,0
3344,4,1,512,20,806,29,17,7,2,5,-66,10,2846,21494,222,100,1,0,0
3343,17,12,1280,0,732,36,2,7,1,11,-70,2,1204,9931,184,100,1,0,0
3346,19,16,1536,0,338,19,2,7,1,7,-70,0,581,6462,104,100,1,0,0
3344,12,8,1024,20,865,38,27,7,1,13,-52,4,2112,21865,214,100,3,0,0
3347,9,4,768,0,824,31,3,7,1,8,-70,7,994,9503,216,100,2,0,0
3344,20,17,1536,0,816,44,6,7,1,13,-70,0,397,4719,195,100,1,0,0
3347,11,7,1024,0,837,27,39,7,1,6,-52,8,1256,12841,205,100,1,0,0
3347,13,9,1024,10,684,26,14,7,1,6,-52,2,1098,11296,185,100,2,0,0
3349,4,1,512,0,809,29,17,7,2,5,-66,10,2419,18580,222,100,2,0,0
3348,17,12,1280,0,732,36,2,7,1,11,-70,2,1133,8516,184,100,1,0,0
3349,3,1,512,20,824,26,4,7,2,3,-64,10,5523,40747,222,100,2,1,1
3348,7,3,772,0,915,26,21,7,2,8,-52,10,2900,27322,215,100,1,0,0
3350,1,0,256,0,44,0,0,4,0,0,0,10,3016,35700,3180,100,2,0,0
3349,8,4,768,0,920,28,31,7,1,6,-52,9,2322,17742,217,100,1,0,0
3350,16,11,1280,0,846,31,32,7,1,11,-70,4,721,10105,199,100,1,0,0
3349,10,7,1057,30,908,34,10,7,1,11,-70,2,1239,15723,216,100,2,0,0
3349,6,2,1024,0,825,23,2,7,1,6,-52,4,726,16715,216,100,1,0,0
3351,20,17,1536,0,818,44,6,7,1,13,-70,0,638,6811,196,100,1,0,0
3351,15,11,1280,0,892,21,38,7,1,4,-52,1,752,14098,206,100,2,0,0
3350,21,17,1664,0,793,33,9,5,1,9,-52,0,782,9184,186,100,1,0,0
3351,19,16,1536,0,340,19,2,7,1,7,-70,0,543,5300,104,100,1,0,0
3352,2,3,780,0,820,25,1,6,1,5,-52,6,1741,20241,221,100,2,0,0
3353,5,4,768,30,831,19,1,6,1,1,-52,7,470,11439,223,100,1,0,0
3353,9,4,768,10,825,31,3,7,1,8,-70,7,773,8226,216,100,1,0,0
3346,18,14,1792,0,797,28,6,5,1,5,-52,1,587,7853,202,100,1,0,0
3353,8,4,768,0,921,28,31,7,1,6,-52,9,1114,7408,217,100,1,0,0
3352,12,8,1024,0,867,38,27,7,1,13,-52,4,1830,18999,214,100,1,0,0
3353,11,7,1024,10,839,27,39,7,1,6,-52,8,1539,14141,205,100,1,0,0
3352,13,9,1024,0,685,26,14,7,1,6,-52,2,407,4637,185,100,0,0,0
3354,3,1,512,10,826,26,4,7,2,3,-64,10,3982,22305,222,100,1,1,1
3351,14,10,1280,0,831,30,3,7,1,9,-52,1,1649,24739,208,100,2,0,0
3356,4,1,512,0,810,29,17,7,2,5,-66,10,3345,25213,222,100,1,0,0
3356,16,11,1280,10,847,31,32,7,1,11,-70,4,1080,10243,199,100,1,0,0
3356,18,14,1792,0,797,28,6,5,1,5,-52,1,600,10042,202,100,2,0,0
3356,13,9,1024,0,685,26,14,7,1,6,-52,2,263,3989,185,100,1,0,0
3358,1,0,256,0,44,0,0,4,0,0,0,10,2235,26526,3192,100,1,0,0
3357,19,16,1536,0,342,19,2,7,1,7,-70,0,629,6553,105,100,1,0,0
3358,10,7,1024,0,908,34,10,7,1,11,-70,2,1733,19033,216,100,1,0,0
3359,9,4,768,10,825,31,3,7,1,8,-70,7,1218,8298,217,100,1,0,0
3358,6,2,1024,0,828,23,2,7,1,6,-52,4,994,18637,216,100,3,0,0
3358,17,12,1280,0,735,36,2,7,1,11,-70,2,1670,16338,185,100,2,0,0
3359,8,4,768,0,921,28,31,7,1,6,-52,9,921,9548,217,100,1,0,0
3359,7,3,772,20,918,26,21,7,2,8,-52,10,4219,34400,216,100,2,0,0
3359,14,10,1280,0,833,30,3,7,1,9,-52,1,1003,13870,208,100,2,0,0
3359,21,17,1664,10,795,33,9,5,1,9,-52,0,515,7891,186,100,2,0,0
3362,5,4,768,0,833,19,1,6,1,1,-52,7,836,11023,223,100,2,0,0
3363,15,11,1280,0,896,21,39,7,1,4,-52,1,966,14596,206,100,3,0,0
3361,12,8,1024,10,869,38,27,7,1,13,-52,4,1415,17289,215,100,2,0,0
3363,4,1,512,10,811,29,17,7,2,5,-66,10,3311,24281,223,100,1,0,0
3362,13,9,1024,0,687,26,14,7,1,6,-52,2,613,5997,186,100,1,0,0
3362,2,3,780,10,824,25,1,6,1,5,-52,6,1592,19445,222,100,2,0,0
3364,1,0,256,0,44,0,0,4,0,0,0,10,1102,14773,3198,100,1,0,0
3363,3,1,512,20,828,26,4,7,2,3,-64,10,4018,31678,223,100,2,1,1
3364,18,14,1792,0,799,28,6,5,1,5,-52,1,628,8392,203,100,1,0,0
3364,11,7,1024,0,840,27,39,7,1,6,-52,8,2111,25465,206,100,2,0,0
3362,20,17,1536,0,823,44,6,7,1,13,-70,0,1096,11464,197,100,2,0,0
3366,10,7,1024,0,911,34,10,7,1,11,-70,2,1951,18484,217,100,2,0,0
3364,17,12,1280,0,736,36,2,7,1,11,-70,2,1790,11895,185,100,1,0,0
3367,16,11,1280,0,849,31,32,7,1,11,-70,4,1555,18199,200,100,2,0,0
3367,12,8,1024,10,870,38,27,7,1,13,-52,4,1692,13160,215,100,1,0,0
3366,6,2,1024,0,831,23,2,7,1,6,-52,4,905,16352,217,100,2,0,0
3367,5,4,768,0,834,19,1,6,1,1,-52,7,448,7514,224,100,1,0,0
3368,19,16,1536,0,346,19,2,7,1,7,-70,0,1240,10890,105,100,2,0,0
3365,21,17,1664,0,796,33,9,5,1,9,-52,0,781,6339,187,100,1,0,0
3368,14,10,1280,0,836,30,3,7,1,9,-52,1,1272,19278,209,100,1,0,0
3367,7,3,772,0,919,26,21,7,2,8,-52,10,3005,27048,216,100,2,0,0
3368,9,4,768,0,829,31,3,7,1,8,-70,6,1729,14832,217,100,2,0,0
3368,2,3,780,10,824,25,1,6,1,5,-52,6,637,10836,222,100,1,0,0
3370,8,4,768,10,923,28,31,7,1,6,-52,9,2400,19545,218,100,2,0,0
3371,18,14,1792,0,800,28,6,5,1,5,-52,1,525,9103,203,100,1,0,0
3369,20,17,1536,20,825,44,6,7,1,13,-70,0,659,7345,197,100,1,0,0
3369,21,17,1664,10,796,33,9,5,1,9,-52,0,263,4014,187,100,1,0,0
3371,15,11,1280,0,899,21,39,7,1,4,-52,1,833,10914,207,100,3,0,0
3373,4,1,512,10,814,29,17,7,2,5,-66,10,4357,34093,223,100,2,0,0
3372,5,4,768,0,836,19,1,6,1,1,-52,7,526,6665,224,100,1,0,0
3372,13,9,1024,0,690,26,14,7,1,6,-52,2,777,9487,186,100,2,0,0
3371,17,12,1280,0,738,36,2,7,1,11,-70,2,1543,12005,186,100,2,0,0
3372,7,3,772,30,922,26,21,7,1,8,-52,10,1715,15329,217,100,1,0,0
3371,10,7,1024,0,911,34,10,7,1,11,-70,2,799,11965,217,100,1,0,0
3374,1,0,256,0,44,0,0,4,0,0,0,10,2654,32022,3211,100,2,0,0
3373,14,10,1280,0,837,30,3,7,1,9,-52,1,663,9784,209,100,1,0,0
3374,3,1,512,0,833,26,4,7,2,3,-64,10,5344,38348,223,100,2,1,1
3373,11,7,1028,10,844,27,39,7,1,6,-52,8,2216,22890,207,100,1,0,0
3375,12,8,1024,10,872,38,27,7,1,13,-52,4,1650,17296,216,100,1,0,0
3377,19,16,1536,0,348,19,2,7,1,7,-70,0,704,8761,106,100,2,0,0
3376,17,12,1280,10,739,36,2,7,1,11,-70,2,678,8279,186,100,0,0,0
3377,9,4,768,10,830,31,3,7,1,8,-70,6,1262,13285,218,100,2,0,0
3377,16,11,1280,10,851,31,32,7,1,11,-70,4,1463,18161,201,100,2,0,0
3378,10,7,1028,0,912,34,10,7,1,11,-70,2,808,13351,217,100,1,0,0
3378,8,4,768,10,924,28,31,7,1,6,-52,9,2309,15458,219,100,2,0,0
3378,2,3,780,0,826,25,1,6,1,5,-52,6,1402,19013,223,100,2,0,0
3377,13,9,1024,0,692,26,14,7,1,6,-52,2,557,5424,187,100,1,0,0
3378,6,2,1024,0,835,23,2,7,1,6,-52,4,1084,24147,218,100,2,0,0
3379,15,11,1280,0,900,21,39,7,1,4,-52,1,587,9564,207,100,2,0,0
3378,18,14,1792,0,801,28,6,5,1,5,-52,1,571,8659,204,100,2,0,0
3378,21,17,1664,10,798,33,9,5,1,9,-52,0,662,8726,188,100,1,0,0
3381,4,1,512,0,815,29,17,7,2,5,-66,10,3061,28330,224,100,1,0,0
3381,3,1,512,10,835,26,4,7,2,3,-64,10,3180,21449,224,100,1,1,1
3380,20,17,1536,0,827,44,6,7,1,13,-70,0,1169,11554,198,100,2,0,0
3380,11,7,1028,10,845,27,39,7,1,6,-52,8,1389,14378,207,100,2,0,0
3383,5,4,768,0,839,19,1,6,1,1,-52,7,834,13028,225,100,2,0,0
3384,18,14,1792,0,803,28,6,5,1,5,-52,1,506,6254,204,100,1,0,0
3383,6,2,1024,0,837,23,2,7,1,6,-52,4,501,9727,218,100,1,0,0
3383,17,12,1280,0,739,36,2,7,1,11,-70,2,1246,11731,186,100,2,0,0
3383,19,16,1536,20,351,19,2,7,1,7,-70,0,643,5860,106,100,1,0,0
3384,14,10,1280,0,839,30,3,7,1,9,-52,1,2031,22860,210,100,3,0,0
3384,8,4,768,0,925,28,31,7,1,6,-52,9,1197,10686,219,100,1,0,0
3383,7,3,772,10,927,26,21,7,1,8,-52,10,4329,35347,217,100,3,0,0
3383,13,9,1024,0,693,26,14,7,1,6,-52,2,394,5554,187,100,1,0,0
3384,16,11,1280,0,851,31,32,7,1,11,-70,4,860,10678,201,100,2,0,0
3385,1,0,256,0,44,0,0,4,0,0,0,10,2626,31973,3226,100,2,0,0
3386,12,8,1024,10,874,38,27,7,1,13,-52,4,1834,19776,217,100,2,0,0
3388,5,4,768,0,840,19,1,6,1,1,-52,7,417,6081,225,100,1,0,0
3389,8,4,768,10,926,28,31,7,1,6,-52,9,865,7411,219,100,1,0,0
3388,2,3,780,20,829,25,1,6,1,5,-52,6,1233,18407,224,100,2,0,0
3390,3,1,512,0,837,26,4,7,2,3,-64,10,3993,31581,224,100,2,1,1
3389,9,4,768,0,832,31,3,7,1,8,-70,6,1310,15282,219,100,2,0,0
3391,4,1,512,10,816,29,17,7,2,5,-66,10,4225,34933,225,100,2,0,0
3389,21,17,1664,0,802,33,9,5,1,9,-52,0,1149,11515,188,100,3,0,0
3384,10,7,1028,10,913,34,10,7,1,11,-70,2,1447,14816,218,100,1,0,0
3389,14,10,1280,0,840,30,3,7,1,9,-52,1,503,8402,210,100,0,0,0
3390,13,9,1024,0,695,26,14,7,1,6,-52,2,834,7441,187,100,2,0,0
3389,11,7,1028,10,847,27,39,7,1,6,-52,8,1744,21380,208,100,1,0,0
3390,19,16,1536,0,352,19,2,7,1,7,-70,0,927,8450,107,100,1,0,0
3390,10,7,1028,0,915,34,10,7,1,11,-70,2,1485,12876,218,100,1,0,0
3390,15,11,1280,0,904,21,39,7,1,4,-52,1,969,14326,208,100,2,0,0
3394,1,0,256,0,44,0,0,4,0,0,0,10,1752,24043,3238,100,2,0,0
3394,8,4,768,30,929,28,31,7,1,6,-52,9,1300,10418,220,100,1,0,0
3392,20,17,1536,0,832,44,6,7,1,13,-70,0,1074,11973,199,100,2,0,0
3394,18,14,1792,10,805,28,6,5,1,5,-52,1,702,12056,205,100,2,0,0
3394,17,12,1280,10,742,36,2,7,1,11,-70,2,2231,18540,187,100,2,0,0
3394,7,3,772,0,934,26,21,7,2,8,-52,10,4544,34312,218,100,3,0,0
3396,12,8,1024,0,875,38,27,7,1,13,-52,4,1510,20049,217,100,2,0,0
3396,3,1,512,30,838,26,4,7,2,3,-64,10,4250,25610,225,100,1,1,1
3397,5,4,768,0,842,19,1,6,1,1,-52,7,727,10879,226,100,2,0,0
3395,16,11,1280,0,852,31,32,7,1,11,-70,4,1357,17412,202,100,2,0,0
3394,6,2,1024,0,841,23,2,7,1,6,-52,4,1063,22703,219,100,2,0,0
3397,11,7,1028,0,847,27,39,7,1,6,-52,8,1396,16708,208,100,2,0,0
3399,14,10,1280,0,841,30,3,7,1,9,-52,1,1365,17974,211,100,2,0,0
3398,19,16,1536,10,354,19,2,7,1,7,-70,0,667,7647,107,100,1,0,0
3398,2,3,780,0,830,25,1,6,1,5,-52,6,1410,17689,224,100,2,0,0
3397,21,17,1664,0,803,33,9,5,1,9,-52,0,559,6933,189,100,1,0,0
3398,9,4,768,0,837,31,3,7,1,8,-70,6,1846,13709,220,100,2,0,0
3400,10,7,1028,0,915,34,10,7,1,11,-70,2,1707,21635,219,100,2,0,0
3398,15,11,1280,10,908,21,39,7,1,4,-52,1,788,11531,209,100,1,0,0
3399,13,9,1024,20,697,26,14,7,1,6,-52,2,623,8287,188,100,1,0,0
3399,8,4,768,0,929,28,31,7,1,6,-52,9,1348,11077,220,100,1,0,0
3399,17,12,1280,0,745,36,2,7,1,11,-70,2,1255,10362,188,100,1,0,0
3399,20,17,1536,10,836,44,6,7,1,13,-70,0,826,7340,199,100,2,0,0
3402,1,0,256,0,44,0,0,4,0,0,0,10,2298,26600,3250,100,1,0,0
3403,4,1,512,0,819,29,17,7,2,5,-66,10,5177,40883,225,100,2,0,0
3402,5,4,768,0,846,19,1,6,1,1,-52,7,707,7139,226,100,2,0,0
3403,13,9,1024,0,699,26,14,7,1,6,-52,2,661,5110,188,100,1,0,0
3403,21,17,1664,0,803,33,9,5,1,9,-52,0,353,6023,189,100,1,0,0
3404,12,8,1024,0,876,38,27,7,1,13,-52,4,1444,16013,218,100,1,0,0
3404,17,12,1280,0,746,36,2,7,1,11,-70,2,827,7537,188,100,1,0,0
3406,3,1,512,20,840,26,4,7,2,3,-64,10,3499,32218,225,66,2,1,1
3406,9,4,768,0,839,31,3,7,1,8,-70,6,1325,10624,220,100,1,0,0
3406,7,3,772,0,937,26,21,7,2,8,-52,10,3724,35307,219,100,3,0,0
3408,13,9,1024,0,700,26,14,7,1,6,-52,2,589,4972,189,100,1,0,0
3408,17,12,1280,0,746,36,2,7,1,11,-70,2,605,6717,188,100,0,0,0
3410,1,0,256,0,44,0,0,4,0,0,0,10,1767,22424,3260,100,2,0,0
3409,8,4,768,0,933,28,31,7,1,6,-52,9,2565,17596,221,100,2,0,0
3410,18,14,1792,0,805,28,6,5,1,5,-52,1,368,8268,206,100,1,0,0
3410,20,17,1536,0,837,44,6,7,1,13,-70,0,859,10607,200,100,2,0,0
3409,21,17,1664,10,804,33,9,5,1,9,-52,0,474,5995,190,100,1,0,0
3412,4,1,512,10,823,29,17,7,2,5,-66,10,5074,36133,226,100,2,0,0
3411,12,8,1024,0,879,38,27,7,1,13,-52,4,1658,14859,218,100,2,0,0
3413,16,11,1280,0,856,31,32,7,1,11,-70,4,1293,13785,203,100,2,0,0
3413,5,4,768,0,849,19,1,6,1,1,-52,7,1072,13800,227,100,2,0,0
3413,17,12,1280,0,747,36,2,7,1,11,-70,2,1133,8554,188,100,1,0,0
3416,14,10,1280,0,848,30,3,7,1,9,-52,1,2014,21112,212,100,2,0,0
3415,9,4,768,0,841,31,3,7,1,8,-70,6,1197,12831,221,100,2,0,0
3417,3,1,512,10,843,26,4,7,2,3,-64,10,3660,34968,226,50,2,1,1
3415,20,17,1536,10,839,44,6,7,1,13,-70,0,395,4937,200,100,0,0,0
3417,7,3,772,10,939,26,21,7,2,8,-52,10,1358,12155,220,100,1,0,0
3417,2,3,780,0,834,25,1,6,1,5,-52,6,861,14556,225,100,2,0,0
3418,16,11,1280,0,856,31,32,7,1,11,-70,4,632,9056,204,100,1,0,0
3419,13,9,1024,0,703,26,14,7,1,6,-52,2,825,11253,189,100,2,0,0
3420,19,16,1536,10,361,19,2,7,1,7,-70,0,772,7673,109,100,1,0,0
3421,3,1,512,0,843,26,4,7,2,3,-64,10,1772,15401,226,54,1,1,1
3422,1,0,256,0,44,0,0,4,0,0,0,10,2001,32106,3269,100,2,0,0
3422,4,1,512,30,824,29,17,7,2,5,-66,10,3054,30911,227,100,2,0,0
3420,8,4,768,20,935,28,31,7,1,6,-52,9,2369,20612,222,100,2,0,0
3419,21,17,1664,0,804,33,9,5,1,9,-52,0,433,8549,190,100,2,0,0
3423,9,4,768,20,842,31,3,7,1,8,-70,6,811,9527,221,100,1,0,0
3423,5,4,768,0,852,19,1,6,1,1,-52,7,679,11818,227,100,1,0,0
3423,18,14,1792,0,813,28,6,5,1,5,-52,1,1056,9695,207,100,1,0,0
3423,17,12,1280,0,750,36,2,7,1,11,-70,2,1864,16683,189,100,2,0,0
3423,12,8,1024,20,882,38,27,7,1,13,-52,4,2258,23448,219,100,2,0,0
3424,20,17,1536,0,841,44,6,7,1,13,-70,0,931,9320,201,100,2,0,0
3425,8,4,768,0,936,28,31,7,1,6,-52,9,1534,9771,222,100,1,0,0
3429,3,1,512,0,843,26,4,7,2,3,-64,10,1879,24949,227,18,1,1,1
3429,4,1,512,0,825,29,17,7,2,5,-66,10,3589,25482,227,100,1,0,0
3430,1,0,256,0,44,0,0,4,0,0,0,10,1282,20694,3276,100,1,0,0
3428,21,17,1664,0,806,33,9,5,1,9,-52,0,921,9673,191,100,2,0,0
3430,2,3,780,0,837,25,1,6,1,5,-52,6,877,10828,226,100,1,0,0
3431,13,9,1024,10,705,26,14,7,1,6,-52,2,751,10877,190,100,2,0,0
3431,11,7,1028,10,853,27,39,7,1,6,-52,8,1982,19400,211,100,2,0,0
3430,17,12,1280,40,751,36,2,7,1,11,-70,2,1587,12558,190,100,1,0,0
3432,5,4,768,10,856,19,1,6,1,1,-52,7,832,11926,228,100,2,0,0
3429,20,17,1536,0,843,44,6,7,1,13,-70,0,764,5644,201,100,1,0,0
3435,3,1,512,0,845,26,4,7,2,3,-64,10,1618,18340,227,40,1,1,1
3433,12,8,1024,0,885,38,27,7,1,13,-52,4,2259,21393,220,100,2,0,0
3435,18,14,1792,0,816,28,6,5,1,5,-52,1,909,14236,207,100,2,0,0
3435,1,0,256,0,44,0,0,4,0,0,0,10,955,15527,3280,100,1,0,0
3434,9,4,768,10,843,31,3,7,1,8,-70,6,1369,15963,222,100,2,0,0
3436,4,1,512,30,827,29,17,7,2,5,-66,10,3313,23573,228,100,1,0,0
3434,20,17,1536,20,844,44,6,7,1,13,-70,0,574,5222,201,100,1,0,0
3436,5,4,768,0,857,19,1,6,1,1,-52,7,476,5032,228,100,1,0,0
3436,8,4,768,30,939,28,31,7,1,6,-52,9,2146,18038,223,100,1,0,0
3435,21,17,1664,0,807,33,9,5,1,9,-52,0,653,7629,192,100,1,0,0
3442,3,1,512,0,847,26,4,7,2,3,-64,10,2020,23761,228,18,2,1,1
3439,20,17,1536,0,845,44,6,7,1,13,-70,0,690,6165,202,100,1,0,0
3442,1,0,256,0,44,0,0,4,0,0,0,10,1540,19632,3289,100,2,0,0
3440,13,9,1024,0,710,26,14,7,1,6,-52,2,1126,9988,191,100,3,0,0
3442,15,11,1280,0,920,21,39,7,1,4,-52,1,727,13790,212,100,2,0,0
3441,12,8,1024,20,888,38,27,7,1,13,-52,4,1942,16063,220,100,1,0,0
3443,11,7,1028,0,856,27,39,7,1,6,-52,8,1577,16682,211,100,2,0,0
3443,9,4,768,10,846,31,3,7,1,8,-70,6,1939,12675,222,100,2,0,0
3441,17,12,1280,10,755,36,2,7,1,11,-70,2,2928,20307,190,100,2,0,0
3441,21,17,1664,0,808,33,9,5,1,9,-52,0,370,4685,192,100,1,0,0
3443,8,4,768,10,940,28,31,7,1,6,-52,9,2181,14826,223,100,2,0,0
3445,13,9,1024,10,713,26,14,7,1,6,-52,2,574,5351,191,100,1,0,0
3447,3,1,512,0,848,26,4,7,2,3,-64,10,1363,15052,228,50,1,1,1
3447,14,10,1280,10,857,30,3,7,1,9,-52,1,1336,17340,214,100,2,0,0
3448,4,1,512,0,830,29,17,7,2,5,-66,10,5390,42661,228,100,2,0,0
3446,16,11,1280,10,864,31,32,7,1,11,-70,4,2102,20372,206,100,2,0,0
3448,5,4,768,0,858,19,1,6,1,1,-52,7,645,14139,229,100,2,0,0
3448,11,7,1028,30,856,27,39,7,1,6,-52,8,828,10611,212,100,1,0,0
3450,1,0,256,0,44,0,0,4,0,0,0,10,1238,20418,3293,100,1,0,0
3449,8,4,768,0,943,28,31,7,1,6,-52,9,1011,10471,223,100,1,0,0
3450,9,4,768,10,847,31,3,7,1,8,-70,6,874,9958,223,100,1,0,0
3450,6,2,1024,0,856,23,2,7,1,6,-52,4,766,22780,222,100,3,0,0
3449,19,16,1536,0,367,19,2,7,1,7,-70,0,809,10072,111,100,2,0,0
3448,12,8,1024,10,890,38,27,7,1,13,-52,4,1184,14461,221,100,1,0,0
3450,13,9,1024,0,715,26,14,7,1,6,-52,2,585,5353,191,100,1,0,0
3449,17,12,1280,30,757,36,2,7,1,11,-70,2,1542,15130,191,100,2,0,0
3452,2,3,780,20,842,25,1,6,1,5,-52,6,1404,20510,228,100,2,0,0
3449,21,17,1664,0,810,33,9,5,1,9,-52,0,622,7737,192,100,2,0,0
3449,20,17,1536,0,849,44,6,7,1,13,-70,0,896,9712,202,100,1,0,0
3454,4,1,512,0,832,29,17,7,2,5,-66,10,3467,22578,229,100,2,0,0
3455,3,1,512,0,851,26,4,7,2,3,-64,10,3214,25678,229,53,1,1,1
3453,21,17,1664,0,813,33,9,5,1,9,-52,0,599,4869,193,100,0,0,0
3457,15,11,1280,10,923,21,39,7,1,4,-52,1,703,10594,213,100,2,0,0
3458,1,0,256,0,44,0,0,4,0,0,0,10,1475,22760,3301,100,1,0,0
3457,9,4,768,0,848,31,3,7,1,8,-70,6,1136,10198,223,100,2,0,0
3458,14,10,1280,0,859,30,3,7,1,9,-52,1,1227,19016,215,100,2,0,0
3456,17,12,1280,0,758,36,2,7,1,11,-70,2,1763,11993,191,100,1,0,0
3458,5,4,768,0,862,19,1,6,1,1,-52,7,942,12795,230,100,2,0,0
3457,16,11,1280,20,867,31,32,7,1,11,-70,4,1357,15053,206,100,2,0,0
3459,4,1,512,0,834,29,17,7,2,5,-66,10,2021,18202,229,100,0,0,0
3459,10,7,1028,0,929,34,10,7,1,11,-70,2,1700,22561,223,100,2,0,0
3459,8,4,768,0,948,28,31,7,1,6,-52,9,2684,18103,224,100,1,0,0
3462,7,3,772,10,951,26,21,7,2,8,-52,10,2051,18449,222,100,1,0,0
3460,13,9,1024,0,717,26,14,7,1,6,-52,2,784,9888,192,100,1,0,0
3460,3,1,512,0,853,26,4,7,2,3,-64,10,2582,22350,229,41,1,1,1
3460,20,17,1536,20,853,44,6,7,1,13,-70,0,1269,12061,203,100,3,0,0
3461,12,8,1024,0,892,38,27,7,1,13,-52,4,2528,24086,222,100,3,0,0
3460,21,17,1664,0,814,33,9,5,1,9,-52,0,539,6882,193,100,2,0,0
3463,1,0,256,0,44,0,0,4,0,0,0,10,1036,15751,3305,100,1,0,0
3465,14,10,1280,10,860,30,3,7,1,9,-52,1,871,13391,215,100,1,0,0
3464,8,4,768,10,950,28,31,7,1,6,-52,9,1291,9910,224,100,1,0,0
3464,17,12,1280,30,758,36,2,7,1,11,-70,2,1793,14559,192,100,2,0,0
3466,2,3,780,10,847,25,1,6,1,5,-52,6,1061,12547,229,100,1,0,0
3467,5,4,768,0,865,19,1,6,1,1,-52,7,678,11343,230,100,1,0,0
3469,11,7,1028,0,861,27,39,7,1,6,-52,8,2439,23323,213,100,2,0,0
3468,13,9,1024,0,721,26,14,7,1,6,-52,2,1034,8619,193,100,2,0,0
3469,1,0,256,0,44,0,0,4,0,0,0,10,1053,16076,3313,100,2,0,0
3470,4,1,512,10,837,29,17,7,2,5,-66,10,4262,36258,230,100,2,0,0
3469,9,4,768,0,849,31,3,7,1,8,-70,6,1378,15526,224,100,2,0,0
3469,8,4,768,10,952,28,31,7,1,6,-52,9,870,7370,225,100,1,0,0
3472,7,3,772,0,958,26,21,7,2,8,-52,10,4177,32019,223,100,2,0,0
3469,17,12,1280,0,759,36,2,7,1,11,-70,2,721,7663,192,100,0,0,0
3472,3,1,512,0,854,26,4,7,2,3,-64,10,3270,35345,230,41,2,1,1
3472,18,14,1792,0,825,28,6,5,1,5,-52,1,742,7867,210,100,1,0,0
3472,12,8,1024,0,894,38,28,7,1,13,-52,4,1731,20792,222,100,3,0,0
3475,11,7,1028,0,864,27,39,7,1,6,-52,8,1794,13441,213,100,1,0,0
3473,5,4,768,0,866,19,1,6,1,1,-52,7,496,7517,231,100,1,0,0
3470,20,17,1536,0,857,44,6,7,1,13,-70,0,1183,11928,204,100,2,0,0
3471,21,17,1664,0,817,33,9,5,1,9,-52,0,827,11067,194,100,3,0,0
3476,10,7,1028,20,936,34,10,7,1,11,-70,2,1753,17062,224,100,2,0,0
3474,8,4,768,0,954,28,31,7,1,6,-52,9,1751,10910,225,100,1,0,0
3474,17,12,1280,0,759,36,2,7,1,11,-70,2,803,7872,193,100,1,0,0
3477,1,0,256,0,44,0,0,4,0,0,0,10,1516,20529,3318,100,1,0,0
3475,20,17,1536,0,858,44,6,7,1,13,-70,0,736,4859,204,100,1,0,0
3477,5,4,768,10,866,19,1,6,1,1,-52,7,403,5194,231,100,1,0,0
3478,9,4,768,0,851,31,3,7,1,8,-70,6,907,12000,225,100,1,0,0
3479,4,1,512,0,840,29,17,7,2,5,-66,10,4214,32245,230,100,2,0,0
3480,3,1,512,0,855,26,4,7,2,3,-64,10,1550,23557,230,23,1,1,1
3479,12,8,1024,20,896,38,28,7,1,13,-52,4,1390,13492,223,100,1,0,0
3479,13,9,1024,0,725,26,14,7,1,6,-52,2,885,11241,193,100,2,0,0
3475,21,17,1664,0,819,33,9,5,1,9,-52,0,524,4386,194,100,0,0,0
3481,2,3,780,10,853,25,1,6,1,5,-52,6,903,8830,230,100,1,0,0
3482,5,4,768,10,866,19,1,6,1,1,-52,7,261,4872,231,100,1,0,0
3482,11,7,1028,0,865,27,39,7,1,6,-52,8,2072,18446,214,100,1,0,0
3483,7,3,772,10,959,26,21,7,2,8,-52,10,3890,34332,224,100,2,0,0
3484,1,0,256,0,44,0,0,4,0,0,0,10,1276,19478,3323,100,1,0,0
3484,16,11,1280,0,875,31,32,7,1,11,-70,4,962,10037,208,100,1,0,0
3482,8,4,768,50,956,28,31,7,1,6,-52,9,1990,13505,226,100,2,0,0
3484,9,4,768,0,852,31,3,7,1,8,-70,6,1053,8980,225,100,1,0,0
3485,3,1,512,0,855,26,4,7,2,3,-64,10,2338,21494,231,31,2,1,1
3484,17,12,1280,0,763,36,2,7,1,11,-70,2,2638,16886,193,100,2,0,0
3484,12,8,1024,0,898,38,28,7,1,13,-52,4,1409,12525,223,100,1,0,0
3485,21,17,1664,0,822,33,9,5,1,9,-52,0,809,8951,195,100,2,0,0
3486,20,17,1536,0,860,44,6,7,1,13,-70,0,1101,10908,205,100,2,0,0
3486,13,9,1024,0,727,26,14,7,1,6,-52,2,677,6987,194,100,1,0,0
3487,6,2,1024,0,869,23,2,7,1,6,-52,4,1046,20783,225,100,2,0,0
3489,5,4,768,0,867,19,1,6,1,1,-52,7,500,8817,232,100,1,0,0
3489,4,1,512,10,840,29,17,7,2,5,-66,10,4864,36471,231,100,2,0,0
3488,2,3,780,0,853,25,1,6,1,5,-52,6,698,13900,230,100,1,0,0
3491,3,1,512,0,856,26,4,7,2,3,-64,10,1502,15703,231,42,0,1,1
3488,12,8,1024,10,899,38,28,7,1,13,-52,4,935,9083,224,100,1,0,0
3491,1,0,256,0,44,0,0,4,0,0,0,10,1419,21505,3329,100,2,0,0
3491,8,4,768,0,960,28,31,7,1,6,-52,9,2302,16672,226,100,1,0,0
3493,7,3,772,50,962,26,21,7,1,8,-52,10,4132,31780,225,100,2,0,0
3492,21,17,1664,0,825,33,9,5,1,9,-52,0,584,5397,195,100,1,0,0
3492,9,4,768,0,852,31,3,7,1,8,-70,6,958,10389,226,100,2,0,0
3490,17,12,1280,0,766,36,2,7,1,11,-70,2,1953,15122,194,100,1,0,0
3492,20,17,1536,10,862,44,6,7,1,13,-70,0,663,6103,205,100,1,0,0
3491,15,11,1280,0,929,21,39,7,1,4,-52,1,265,4827,215,100,1,0,0
3495,13,9,1024,10,729,26,14,7,1,6,-52,2,865,8720,195,100,2,0,0
3496,5,4,768,0,870,19,1,6,1,1,-52,7,865,9728,232,100,2,0,0
3498,8,4,768,10,960,28,31,7,1,6,-52,9,1341,12107,227,100,2,0,0
3499,12,8,1024,40,903,38,28,7,1,13,-52,4,1893,18905,224,100,2,0,0
3500,10,7,1028,0,941,34,10,7,1,11,-70,2,716,9285,225,100,1,0,0
3499,9,4,768,0,856,31,3,7,1,8,-70,6,1233,9731,226,100,1,0,0
3498,21,17,1664,0,828,33,9,5,1,9,-52,0,664,6362,196,100,1,0,0
3501,4,1,512,10,844,29,17,7,2,5,-66,10,5172,39834,232,100,2,0,0
3498,20,17,1536,0,864,44,6,7,1,13,-70,0,1043,6747,206,100,1,0,0
3499,13,9,1024,0,729,26,14,7,1,6,-52,2,288,4133,195,100,1,0,0
3501,3,1,512,10,859,26,4,7,2,3,-64,10,3351,34101,232,36,2,1,1
3498,17,12,1280,0,766,36,2,7,1,11,-70,2,1511,13214,194,100,2,0,0
3500,14,10,1280,0,865,30,3,7,1,9,-52,1,1502,16806,218,100,2,0,0
3501,2,3,780,10,857,25,1,6,1,5,-52,6,1546,21443,231,100,2,0,0
3503,1,0,256,0,44,0,0,4,0,0,0,10,2114,32178,3339,100,2,0,0
3502,19,16,1536,20,379,19,2,7,1,7,-70,0,853,5760,114,100,1,0,0
3505,16,11,1280,0,880,31,32,7,1,11,-70,4,1007,10447,209,100,1,0,0
3507,8,4,768,0,962,28,31,7,1,6,-52,9,1796,15252,227,100,1,0,0
3506,21,17,1664,0,829,33,9,5,1,9,-52,0,587,8824,196,100,2,0,0
3508,4,1,512,0,847,29,17,7,2,5,-66,10,2586,24752,232,100,1,0,0
3508,1,0,256,0,44,0,0,4,0,0,0,10,766,12728,3344,100,1,0,0
3507,18,14,1792,0,834,28,6,5,1,5,-52,1,396,7546,212,100,1,0,0
3507,5,4,768,0,873,19,1,6,1,1,-52,7,858,13609,233,100,2,0,0
3508,12,8,1024,0,904,38,28,7,1,13,-52,4,1754,18452,225,100,1,0,0
3508,6,2,1024,0,874,23,2,7,1,6,-52,4,740,22331,226,100,2,0,0
3510,17,12,1282,20,768,36,2,7,1,11,-70,2,2206,18165,195,100,2,0,0
3509,20,17,1536,0,868,44,6,7,1,13,-70,0,1276,12406,207,100,2,0,0
3510,11,7,1028,20,871,27,39,7,1,6,-52,8,876,9229,216,100,1,0,0
3512,3,1,512,0,861,26,4,7,2,3,-64,10,3280,32535,232,40,2,1,1
3512,7,3,772,40,972,26,21,7,1,8,-52,10,2625,21651,226,100,2,0,0
3511,9,4,768,20,862,31,3,7,1,8,-70,6,2721,18317,227,100,2,0,0
3511,19,16,1536,0,381,19,2,7,1,7,-70,0,834,8429,115,100,2,0,0
3510,13,9,1024,0,733,26,14,7,1,6,-52,2,1023,11310,196,100,2,0,0
3512,14,10,1280,0,866,30,3,7,1,9,-52,1,1385,20201,218,100,2,0,0
3514,17,12,1280,0,768,36,2,7,1,11,-70,2,667,7320,195,100,0,0,0
3515,1,0,256,0,44,0,0,4,0,0,0,10,1581,19904,3353,100,1,0,0
3514,5,4,768,0,874,19,1,6,1,1,-52,7,392,7967,233,100,1,0,0
3515,8,4,768,0,963,28,31,7,1,6,-52,9,1813,14787,228,100,1,0,0
3515,12,8,1024,0,905,38,28,7,1,13,-52,4,1387,13449,225,100,2,0,0
3515,21,17,1664,0,831,33,9,5,1,9,-52,0,581,8137,197,100,1,0,0
3513,16,11,1280,0,882,31,32,7,1,11,-70,4,1538,17058,210,100,2,0,0
3514,11,7,1028,0,873,27,39,7,1,6,-52,8,1344,13227,216,100,1,0,0
3517,3,1,512,0,863,26,4,7,2,3,-64,10,2598,19150,233,66,1,1,1
3514,10,7,1028,10,946,34,10,7,1,11,-70,2,1861,20588,226,100,2,0,0
3519,4,1,512,10,853,29,17,7,2,5,-66,10,4982,37749,233,100,2,0,0
3518,2,3,780,0,861,25,1,6,1,5,-52,6,1115,17537,232,100,1,0,0
3514,15,11,1280,0,935,21,39,7,1,4,-52,1,835,13473,217,100,1,0,0
3520,8,4,768,0,964,28,31,7,1,6,-52,9,1047,9140,228,100,1,0,0
3518,14,10,1280,0,868,30,3,7,1,9,-52,1,727,10995,219,100,1,0,0
3518,18,14,1792,0,840,28,6,5,1,5,-52,1,1335,14774,213,100,3,0,0
3520,19,16,1536,0,383,19,2,7,1,7,-70,0,616,8084,115,100,3,0,0
3520,6,2,1024,0,876,23,2,7,1,6,-52,4,499,9162,227,100,1,0,0
3521,9,4,768,0,865,31,3,7,1,8,-70,6,1347,13941,228,100,2,0,0
3521,7,3,772,10,976,26,21,7,1,8,-52,10,3331,27790,226,100,1,0,0
3523,1,0,256,0,44,0,0,4,0,0,0,10,1438,22090,3358,100,1,0,0
3521,13,9,1024,0,738,26,14,7,1,6,-52,2,1100,10654,196,100,2,0,0
3519,20,17,1536,10,869,44,6,7,1,13,-70,0,794,9846,207,100,2,0,0
3518,16,11,1280,20,882,31,32,7,1,11,-70,4,676,8654,210,100,1,0,0
3523,5,4,768,0,874,19,1,6,1,1,-52,7,464,10731,234,100,1,0,0
3523,17,12,1280,10,772,36,2,7,1,11,-70,2,1797,14775,196,100,2,0,0
3521,15,11,1280,10,936,21,39,7,1,4,-52,1,600,8824,217,100,2,0,0
3524,2,3,780,0,862,25,1,6,1,5,-52,6,793,9932,232,100,1,0,0
3525,12,8,1024,0,908,38,28,7,1,13,-52,4,1830,19179,226,100,1,0,0
3521,10,7,1028,10,948,34,10,7,1,11,-70,2,1101,13657,227,100,1,0,0
3526,4,1,512,10,853,29,17,7,2,5,-66,10,3386,25375,233,100,2,0,0
3522,21,17,1664,0,832,33,9,5,1,9,-52,0,515,7107,197,100,2,0,0
3524,20,17,1536,20,872,44,6,7,1,13,-70,0,1050,5890,208,100,1,0,0
3526,3,1,512,10,866,26,4,7,2,3,-64,10,4638,30162,233,100,2,1,1
3525,18,14,1792,0,840,28,6,5,1,5,-52,1,289,7189,213,100,1,0,0
3526,6,2,1024,0,876,23,2,7,1,6,-52,4,481,8797,228,100,1,0,0
3525,19,16,1536,0,384,19,2,7,1,7,-70,0,613,6231,116,100,1,0,0
3524,16,11,1280,10,884,31,32,7,1,11,-70,4,1261,10357,211,100,1,0,0
3527,14,10,1280,0,870,30,3,7,1,9,-52,1,1220,16953,219,100,2,0,0
3530,21,17,1664,10,835,33,9,5,1,9,-52,0,581,6993,198,100,1,0,0
3528,10,7,1028,10,949,34,11,7,1,11,-70,2,1571,15231,227,100,2,0,0
3529,18,14,1792,0,840,28,6,5,1,5,-52,1,529,5373,214,100,1,0,0
3531,12,8,1024,0,911,38,28,7,1,13,-52,4,1314,12167,226,100,1,0,0
3532,8,4,768,0,967,28,31,7,1,6,-52,9,3258,21836,229,100,3,0,0
3532,5,4,768,0,876,19,1,6,1,1,-52,7,668,10791,234,100,2,0,0
3531,9,4,768,10,867,31,3,7,1,8,-70,6,1382,13268,228,100,2,0,0
3531,15,11,1280,0,940,21,39,7,1,4,-52,1,970,13283,218,100,2,0,0
3534,3,1,512,0,868,26,4,7,2,3,-64,10,3772,25697,234,100,1,1,1
3532,7,3,772,0,980,26,21,7,2,8,-52,10,4934,37777,227,100,3,0,0
3532,14,10,1280,10,872,30,3,7,1,9,-52,1,911,11413,220,100,1,0,0
3534,1,0,256,0,44,0,0,4,0,0,0,10,3150,34806,3375,100,2,0,0
3534,4,1,512,0,854,29,17,7,2,5,-66,10,2895,27735,234,100,1,0,0
3533,11,7,1028,0,874,27,39,7,1,6,-52,8,2248,26149,217,100,2,0,0
3533,13,9,1024,0,741,26,14,7,1,6,-52,2,1047,11954,197,100,2,0,0
3533,17,12,1280,10,773,36,2,7,1,11,-70,2,2118,18229,196,100,2,0,0
3534,10,7,1028,10,950,34,11,7,1,11,-70,2,1372,14205,228,100,1,0,0
3536,2,3,780,0,866,25,1,6,1,5,-52,6,1909,21421,233,100,4,0,0
3535,6,2,1036,0,877,23,2,7,1,6,-52,4,686,13087,228,100,2,0,0
3535,16,11,1280,10,886,31,32,7,1,11,-70,4,1313,18047,212,100,2,0,0
3535,20,17,1536,10,876,44,6,7,1,13,-70,0,1304,12232,208,100,2,0,0
3539,18,14,1792,0,841,28,6,5,1,5,-52,1,591,12008,214,100,2,0,0
3537,19,16,1536,0,389,19,2,7,1,7,-70,0,1181,11738,116,100,2,0,0
3539,4,1,512,20,856,29,17,7,2,5,-66,10,1914,17887,234,100,1,0,0
3539,8,4,768,0,969,28,31,7,1,6,-52,9,1276,12170,229,100,1,0,0
3540,3,1,512,0,869,26,4,7,2,3,-64,10,3072,23657,234,100,1,1,1
3541,1,0,256,0,44,0,0,4,0,0,0,10,1500,18690,3383,100,2,0,0
3539,5,4,768,20,879,19,1,6,1,1,-52,7,583,9179,235,100,1,0,0
3539,10,7,1028,10,950,34,11,7,1,11,-70,2,795,10700,228,100,1,0,0
3540,21,17,1664,0,840,33,9,5,1,9,-52,0,1155,10749,199,100,2,0,0
3541,15,11,1280,0,941,21,39,7,1,4,-52,1,444,10346,218,100,1,0,0
3541,17,12,1280,10,776,36,2,7,1,11,-70,2,1912,15001,197,100,1,0,0
3543,2,3,780,0,867,25,1,6,1,5,-52,6,1153,12855,234,100,2,0,0
3540,13,9,1024,20,742,26,14,7,1,6,-52,2,345,6553,198,100,1,0,0
3542,12,8,1024,0,913,38,28,7,1,13,-52,4,2238,22625,227,100,2,0,0
3540,14,10,1280,0,873,30,3,7,1,9,-52,1,985,14754,220,100,1,0,0
3543,9,4,768,20,870,31,3,7,1,8,-70,6,1867,16957,229,100,2,0,0
3545,4,1,512,0,859,29,17,7,2,5,-66,10,3363,21799,235,100,1,0,0
3542,6,2,1036,0,877,23,2,7,1,6,-52,4,394,10700,229,100,1,0,0
3544,7,3,772,0,982,26,21,7,2,8,-52,10,3260,32343,228,100,3,0,0
3545,10,7,1065,30,951,34,11,7,1,11,-70,2,1531,13635,228,100,1,0,0
3545,16,11,1280,10,890,31,32,7,1,11,-70,4,1746,14865,212,100,2,0,0
3547,1,0,256,0,44,0,0,4,0,0,0,10,1694,18833,3394,100,1,0,0
3545,11,7,1028,0,875,27,39,7,1,6,-52,8,2394,26238,218,100,2,0,0
3544,18,14,1792,0,843,28,6,5,1,5,-52,1,558,7583,215,100,1,0,0
3546,8,4,768,0,972,28,31,7,1,6,-52,9,1610,13056,230,100,1,0,0
3546,17,12,1280,20,777,36,2,7,1,11,-70,2,840,8036,197,100,1,0,0
3547,19,16,1536,0,393,19,2,7,1,7,-70,0,1407,11451,117,100,2,0,0
3547,15,11,1280,0,942,21,39,7,1,4,-52,1,480,7213,219,100,1,0,0
3549,12,8,1024,10,915,38,28,7,1,13,-52,4,1038,12188,228,100,2,0,0
3545,20,17,1536,0,879,44,6,7,1,13,-70,0,1041,10591,209,100,2,0,0
3549,5,4,768,10,881,19,1,6,1,1,-52,7,751,11840,235,100,2,0,0
3550,3,1,512,40,874,26,4,7,2,3,-64,10,5801,39188,235,100,2,1,1
3548,18,14,1792,0,843,28,6,5,1,5,-52,1,291,4932,215,100,1,0,0
3549,2,3,780,10,868,25,1,6,1,5,-52,6,924,12272,234,100,2,0,0
3549,6,2,1036,0,878,23,2,7,1,6,-52,4,878,10846,229,100,2,0,0
3552,8,4,768,20,973,28,32,7,1,6,-52,9,1416,10225,230,100,1,0,0
3547,21,17,1664,10,842,33,9,5,1,9,-52,0,420,6784,199,100,1,0,0
3551,16,11,1280,0,890,31,32,7,1,11,-70,4,669,9257,213,100,1,0,0
3551,17,12,1280,10,778,36,2,7,1,11,-70,2,1030,8829,197,100,1,0,0
3551,11,7,1028,0,877,27,39,7,1,6,-52,8,1411,13129,218,100,1,0,0
3553,1,0,256,0,44,0,0,4,0,0,0,10,1488,20143,3398,100,1,0,0
3552,20,17,1536,0,881,44,6,7,1,13,-70,0,528,7091,209,100,1,0,0
3551,10,7,1028,10,953,34,11,7,1,11,-70,2,1161,14282,229,100,1,0,0
3553,7,3,772,20,982,26,21,7,2,8,-52,10,3010,25828,229,100,2,0,0
3552,15,11,1280,0,943,21,39,7,1,4,-52,1,395,5544,219,100,1,0,0
3552,14,10,1280,10,874,30,3,7,1,9,-52,1,1244,20470,221,100,2,0,0
3555,3,1,512,30,876,26,4,7,2,3,-64,10,3159,16477,235,100,2,1,1
3555,4,1,512,10,862,29,17,7,2,5,-66,10,4024,34097,235,100,2,0,0
3555,2,3,768,20,870,25,1,6,1,5,-52,6,735,11143,235,100,1,0,0
3556,18,14,1792,0,846,28,6,5,1,5,-52,1,712,9618,216,100,1,0,0
3558,7,3,768,10,985,26,22,7,2,8,-52,10,1865,15450,229,100,2,0,0
3556,17,12,1280,20,780,36,2,7,1,11,-70,2,1140,8939,198,100,1,0,0
3558,19,16,1536,0,396,19,2,7,1,7,-70,0,979,11063,118,100,2,0,0
3558,12,8,1024,10,916,38,28,7,1,13,-52,4,1709,18412,228,100,2,0,0
3557,5,4,768,10,884,19,1,6,1,1,-52,8,1120,11159,236,100,3,0,0
3560,2,3,768,0,871,25,1,6,1,5,-52,6,976,9255,235,100,1,0,0
3559,11,7,1024,10,879,27,39,7,1,6,-52,8,1815,17711,219,100,3,0,0
3558,14,10,1280,0,875,30,3,7,1,9,-52,1,1031,12281,222,100,1,0,0
3559,21,17,1664,10,843,33,9,5,1,9,-52,0,783,11302,200,100,2,0,0
3562,1,0,256,0,44,0,0,4,0,0,0,10,2292,25768,3412,100,1,0,0
3559,6,2,1036,20,879,23,2,7,1,6,-52,4,624,15456,230,100,1,0,0
3561,16,11,1280,10,893,31,32,7,1,11,-70,4,1747,17465,213,100,3,0,0
3563,4,1,512,0,865,29,17,7,2,5,-66,10,2410,24606,236,100,4,0,0
3562,10,7,1024,10,953,34,11,7,1,11,-70,2,1964,24321,230,100,2,0,0
3563,15,11,1280,0,948,21,39,7,1,4,-52,1,1368,15378,220,100,3,0,0
3563,18,14,1792,10,848,28,6,5,1,5,-52,1,557,9075,216,100,1,0,0
3564,8,4,768,0,976,28,32,7,1,6,-52,9,2375,20299,231,100,4,0,0
3564,20,17,1536,0,882,44,6,7,1,13,-70,0,644,10986,210,100,2,0,0
3564,17,12,1280,0,783,36,2,7,1,11,-70,2,1617,14289,198,100,2,0,0
3567,3,1,512,0,879,26,4,7,2,3,-64,10,5387,41459,236,100,3,1,1
3567,1,0,256,0,44,0,0,4,0,0,0,10,782,13156,3416,100,1,0,0
3567,4,1,512,0,866,29,17,7,2,5,-66,10,1338,14064,236,100,1,0,0
3567,7,3,768,0,987,26,22,7,2,8,-52,10,3214,29949,229,100,4,0,0
3566,19,16,1536,10,398,19,2,7,1,7,-70,0,502,7200,118,100,1,0,0
3567,21,17,1664,0,846,33,9,5,1,9,-52,0,838,7754,200,100,2,0,0
3568,12,8,1024,0,920,38,28,7,1,13,-52,4,2210,20469,229,100,3,0,0
3569,11,7,1024,10,886,27,39,7,1,6,-52,8,2256,21359,220,100,3,0,0
3569,5,4,768,0,887,19,1,6,1,1,-52,8,1363,15035,237,100,3,0,0
3570,10,7,1024,20,955,34,11,7,1,11,-70,2,1314,16668,230,100,2,0,0
3571,1,0,256,0,44,0,0,4,0,0,0,10,1003,12955,3422,100,1,0,0
3570,14,10,1280,0,878,30,3,7,1,9,-52,1,1513,20918,222,100,3,0,0
3571,16,11,1280,0,898,31,32,7,1,11,-70,4,1904,17288,214,100,4,0,0
3573,8,4,768,0,979,28,33,7,1,6,-52,9,2083,13940,232,100,4,0,0
3571,2,3,768,0,875,25,1,6,1,5,-52,6,1716,21248,236,100,4,0,0
3573,17,12,1280,0,784,36,2,7,1,11,-70,2,1324,13886,199,100,1,0,0
3571,6,2,1024,0,884,23,2,7,1,6,-52,4,1214,17369,231,100,4,0,0
3572,15,11,1280,10,950,21,39,7,1,4,-52,1,675,10439,221,100,3,0,0
3572,18,14,1792,10,851,28,6,5,1,5,-52,1,985,11771,217,100,2,0,0
3574,4,1,512,0,866,29,17,7,2,5,-66,10,2184,24717,237,100,2,0,0
3573,20,17,1536,0,888,44,6,7,1,13,-70,0,1239,10145,211,100,2,0,0
3575,10,7,1024,0,955,34,11,7,1,11,-70,2,1243,11829,230,100,1,0,0
3574,12,8,1024,0,924,38,29,7,1,13,-52,4,1445,12930,229,100,3,0,0
3577,3,1,512,10,883,26,4,7,2,3,-64,10,5190,36742,237,100,3,1,1
3575,11,7,1024,10,888,27,39,7,1,6,-52,8,1543,15129,220,100,3,0,0
3575,5,4,768,10,892,19,1,6,1,1,-52,8,1265,9740,237,100,2,0,0
3573,21,17,1664,0,847,33,9,5,1,9,-52,0,474,6032,201,100,1,0,0
3577,1,0,256,0,44,0,0,4,0,0,0,10,1611,19153,3430,100,1,0,0
3577,7,3,768,0,993,26,22,7,2,8,-52,10,4417,32500,230,100,3,0,0
3577,14,10,1280,0,879,30,3,7,1,9,-52,1,1044,13698,223,100,1,0,0
3578,8,4,768,0,981,28,33,7,1,6,-52,9,1377,9188,232,100,1,0,0
3576,6,2,1024,0,885,23,2,7,1,6,-52,4,519,8201,231,100,1,0,0
3578,2,3,768,0,877,25,1,6,1,5,-52,6,1612,14403,236,100,1,0,0
3578,19,16,1536,0,401,20,2,7,1,7,-70,0,1276,12046,119,100,2,0,0
3579,10,7,1024,20,956,34,11,7,1,11,-70,2,825,9103,231,100,0,0,0
3578,16,11,1280,0,900,31,32,7,1,11,-70,4,1143,11974,214,100,1,0,0
3579,17,12,1281,10,785,36,2,7,1,11,-70,2,1613,10902,199,100,1,0,0
3579,15,11,1280,0,950,21,39,7,1,4,-52,1,553,9262,221,100,1,0,0
3581,11,7,1024,10,892,27,39,7,1,6,-52,8,1752,12795,220,100,2,0,0
3578,20,17,1536,10,891,44,6,7,1,13,-70,0,587,5017,211,100,1,0,0
3583,1,0,256,0,44,0,0,4,0,0,0,10,810,14396,3433,100,1,0,0
3579,21,17,1664,0,848,33,9,5,1,9,-52,0,394,5527,201,100,1,0,0
3582,20,17,1536,0,892,44,6,7,1,13,-70,0,599,4747,211,100,1,0,0
3583,5,4,768,0,898,19,1,6,1,1,-52,8,1301,11426,238,100,2,0,0
3585,4,1,512,0,867,29,17,7,2,5,-66,10,3991,35242,237,100,2,0,0
3582,6,2,1024,10,889,23,2,7,1,6,-52,4,911,9494,231,100,3,0,0
3582,14,10,1280,0,880,30,3,7,1,9,-52,1,480,8491,223,100,1,0,0
3584,12,8,1024,0,928,38,29,7,1,13,-52,4,2784,21824,230,100,3,0,0
3585,2,3,768,0,880,25,1,6,1,5,-52,6,1107,12224,237,100,1,0,0
3586,8,4,768,10,985,28,34,7,1,6,-52,9,2454,12818,232,100,4,0,0
3587,3,1,512,70,886,26,4,7,2,3,-64,10,4918,37174,238,100,2,1,1
3583,16,11,1280,0,901,31,32,7,1,11,-70,4,681,7545,215,100,2,0,0
3584,10,7,1024,10,957,34,11,7,1,11,-70,2,1164,11923,231,100,1,0,0
3585,15,11,1280,0,951,21,39,7,1,4,-52,1,413,6432,221,100,2,0,0
3584,18,14,1792,0,853,28,6,5,1,5,-52,1,832,13821,217,100,2,0,0
3586,19,16,1536,0,402,20,2,7,1,7,-70,0,653,8195,120,100,2,0,0
3588,17,12,1280,0,788,36,2,7,1,11,-70,2,2178,17368,200,100,2,0,0
3588,7,3,768,0,997,26,22,7,2,8,-52,10,4697,35618,231,100,4,0,0
3590,1,0,256,0,44,0,0,4,0,0,0,10,2172,22866,3447,100,1,0,0
3589,21,17,1664,10,853,33,9,5,1,9,-52,0,1141,10406,202,100,2,0,0
3590,12,8,1024,0,930,38,29,7,1,13,-52,4,1048,12283,230,100,2,0,0
3591,4,1,512,0,872,29,17,7,2,5,-66,10,2347,22078,238,100,2,0,0
3592,8,4,768,0,986,28,34,7,1,6,-52,9,1188,9558,233,100,1,0,0
3590,14,10,1280,0,881,30,3,7,1,9,-52,1,1028,15540,224,100,1,0,0
3592,3,1,512,0,888,26,4,7,2,3,-64,10,3080,21683,238,100,3,1,1
3591,2,3,768,20,882,25,1,6,1,5,-52,6,990,12342,237,100,3,0,0
3590,6,2,1024,10,893,23,2,7,1,6,-52,4,1174,13116,232,100,2,0,0
3592,11,7,1024,0,896,27,39,7,1,6,-52,8,2472,26195,221,100,3,0,0
3593,7,3,768,0,999,26,23,7,2,8,-52,10,1500,13858,231,100,2,0,0
3593,20,17,1536,0,895,44,6,7,1,13,-70,0,1096,10771,212,100,2,0,0
3593,10,7,1024,0,961,34,11,7,1,11,-70,2,2210,19444,232,100,3,0,0
3594,19,16,1536,0,403,20,2,7,1,7,-70,0,442,7616,120,100,1,0,0
3594,5,4,768,0,904,19,1,6,1,1,-52,8,1504,15336,239,100,3,0,0
3593,15,11,1280,0,955,21,39,7,1,4,-52,1,939,10447,222,100,3,0,0
3593,18,14,1792,0,853,28,6,5,1,5,-52,1,565,11368,218,100,2,0,0
3596,1,0,256,0,44,0,0,4,0,0,0,10,1243,16394,3450,100,2,0,0
3593,16,11,1280,0,905,31,32,7,1,11,-70,4,1624,16359,215,100,3,0,0
3595,8,4,768,10,987,28,34,7,1,6,-52,9,941,7264,233,100,1,0,0
3597,17,12,1280,0,790,36,2,7,1,11,-70,2,1715,15238,200,100,2,0,0
3598,4,1,512,10,875,29,17,7,2,5,-66,10,2231,21706,238,100,2,0,0
3598,11,7,1024,0,899,27,39,7,1,6,-52,8,1653,13473,222,100,2,0,0
3598,10,7,1024,10,962,34,11,7,1,11,-70,2,763,11877,232,100,1,0,0
