timestamp,node_id,parent_id,rank,buf_occupancy,dio_sent,dao_sent,dis_sent,nbr_count,tx_slot_count,parent_switch_count,rssi,route_count,delta_tx,delta_rx,app_packet_count,forward_ratio,bcast_tx,is_attacker,attack_type
8,1,0,256,0,1,0,0,1,0,0,0,0,615,4016,0,100,15,0,0
13,1,0,256,0,2,0,0,2,0,0,0,2,660,4231,0,100,5,0,0
17,1,0,256,0,2,0,0,2,0,0,0,2,512,3952,0,100,3,0,0
6,4,1,512,10,0,0,1,1,0,1,-61,0,270,23353,0,100,3,0,0
12,4,1,640,70,2,1,1,2,0,1,-61,0,533,5845,1,100,5,0,0
21,4,1,640,60,2,2,1,2,0,1,-61,0,1254,8732,1,100,8,0,0
26,1,0,256,0,3,0,0,3,0,0,0,3,1449,10468,2,100,7,0,0
8,5,1,512,20,1,1,1,1,0,1,-76,0,790,7015,0,100,7,0,0
13,5,1,640,30,2,2,1,2,0,1,-76,0,666,4695,1,100,4,0,0
18,5,1,640,50,2,2,1,2,0,1,-76,0,457,4380,1,100,3,0,0
30,5,1,512,10,4,2,1,2,1,1,-76,0,1725,12322,2,100,8,0,0
9,3,1,640,30,1,1,1,2,0,1,-76,0,1215,7737,0,100,12,0,0
15,3,1,640,80,2,1,1,3,0,1,-76,0,852,5676,1,100,8,0,0
21,3,1,640,80,2,2,1,3,0,1,-76,0,395,3889,1,100,3,0,0
33,4,1,512,0,4,2,1,3,1,1,-61,0,1739,12835,2,100,8,0,0
30,3,1,640,80,3,2,1,3,0,1,-76,0,1038,9019,2,100,6,0,0
35,1,0,256,0,3,0,0,3,0,0,0,3,1696,16043,6,100,4,0,0
35,5,1,512,10,4,2,1,3,1,1,-76,0,664,6334,2,100,4,0,0
39,4,1,512,0,5,2,1,3,1,1,-61,0,639,6664,2,100,4,0,0
39,3,1,512,0,4,2,1,3,1,1,-76,0,1629,10781,2,100,7,0,0
41,5,1,512,10,5,2,1,3,1,1,-76,0,647,6233,3,100,4,0,0
45,1,0,256,0,3,0,0,3,0,0,0,3,1225,16607,9,100,5,0,0
47,5,1,512,0,5,2,1,3,1,1,-76,0,277,4501,3,100,1,0,0
46,4,1,512,0,5,2,1,3,1,1,-61,0,545,6471,3,100,3,0,0
48,3,1,512,0,5,3,1,3,1,1,-76,0,946,9349,3,100,6,0,0
49,1,0,256,0,4,0,0,3,0,0,0,3,679,7774,9,100,3,0,0
50,5,1,512,0,6,3,1,3,1,1,-76,0,596,4273,3,100,3,0,0
54,3,1,512,0,6,3,1,3,1,1,-76,0,433,4610,3,100,2,0,0
55,4,1,512,0,7,3,1,3,1,1,-61,0,1020,8677,3,100,4,0,0
57,1,0,256,0,4,0,0,3,0,0,0,3,850,12411,11,100,2,0,0
58,5,1,512,0,8,3,1,4,1,1,-76,0,991,8525,4,100,4,0,0
58,3,1,512,0,7,3,1,4,1,1,-76,0,525,5064,4,100,3,0,0
60,4,1,512,0,8,3,1,4,1,1,-61,1,756,5720,4,100,3,0,0
53,9,4,768,10,0,0,1,1,0,1,-52,0,290,4682,0,100,2,0,0
62,1,0,256,0,4,0,0,3,0,0,0,4,776,9890,13,100,2,0,0
64,9,4,768,0,1,1,1,3,1,1,-52,0,1826,11542,1,100,10,0,0
67,5,1,512,0,9,3,1,4,1,1,-76,0,763,11094,4,100,4,0,0
68,3,1,512,0,8,3,1,4,1,1,-76,0,782,9241,4,100,5,0,0
71,4,1,512,0,9,3,1,4,1,1,-61,1,1696,16059,4,100,5,0,0
73,1,0,256,0,4,0,0,3,0,0,0,4,1460,19968,17,100,4,0,0
74,9,4,768,0,3,1,1,3,1,1,-52,0,1098,10380,2,100,8,0,0
76,5,1,512,0,10,3,1,4,1,1,-76,0,671,10063,5,100,4,0,0
75,4,1,512,0,10,3,1,4,1,1,-61,1,803,7219,5,100,2,0,0
78,3,1,512,0,8,3,1,4,1,1,-76,0,593,10249,5,100,3,0,0
81,1,0,256,0,4,0,0,3,0,0,0,4,860,12602,17,100,3,0,0
82,5,1,512,0,10,3,1,4,1,1,-76,0,375,7345,5,100,2,0,0
81,9,4,768,0,4,1,1,3,1,1,-52,0,694,6599,2,100,5,0,0
82,4,1,512,0,11,3,1,4,1,1,-61,1,704,9601,5,100,3,0,0
83,3,1,512,0,9,3,1,4,1,1,-76,0,549,5212,5,100,3,0,0
86,4,1,512,20,11,3,1,4,1,1,-61,1,309,6987,6,100,1,0,0
88,5,1,512,10,11,3,1,4,1,1,-76,0,663,7944,6,100,3,0,0
89,3,1,512,0,11,3,1,4,1,1,-76,0,727,8626,6,100,3,0,0
91,1,0,256,0,4,0,0,3,0,0,0,4,1259,18541,21,100,3,0,0
92,9,4,768,0,5,1,2,3,1,1,-52,0,949,11807,3,100,7,0,0
95,4,1,512,0,12,3,1,5,1,1,-61,1,1335,14038,6,100,4,0,0
97,3,1,512,0,11,3,1,5,1,1,-76,0,468,9712,6,100,2,0,0
97,5,1,512,0,12,3,1,4,1,1,-76,0,775,11146,6,100,4,0,0
98,1,0,256,0,4,0,0,3,0,0,0,5,621,10991,21,100,2,0,0
98,9,4,768,0,6,1,2,4,1,1,-52,0,479,4953,3,100,3,0,0
102,1,0,256,0,4,0,0,3,0,0,0,5,543,7102,23,100,2,0,0
102,4,1,512,0,12,3,1,5,1,1,-61,3,1134,13672,7,100,2,0,0
104,5,1,512,0,12,3,1,4,1,1,-76,0,474,9667,7,100,2,0,0
105,9,4,768,0,8,1,2,4,1,1,-52,0,1131,8811,4,100,4,0,0
107,3,1,512,0,12,3,1,5,1,1,-76,0,775,13906,7,100,4,0,0
109,4,1,512,0,14,3,1,5,1,1,-61,3,1098,10623,7,100,3,0,0
110,1,0,256,0,5,0,0,3,0,0,0,7,998,14143,25,100,3,0,0
111,5,1,512,0,13,3,1,5,1,1,-76,1,738,8309,7,100,3,0,0
106,11,5,896,20,0,1,2,2,0,1,-70,0,354,9029,0,100,2,0,0
111,11,5,896,60,1,2,2,2,0,1,-70,0,1176,5655,0,100,6,0,0
112,9,4,768,0,8,1,2,5,1,1,-52,0,566,6840,4,100,3,0,0
117,1,0,256,0,5,0,0,3,0,0,0,7,751,11849,26,100,2,0,0
117,5,1,512,0,14,4,1,5,1,1,-76,1,1179,10582,8,100,1,0,0
118,4,1,512,0,14,4,1,5,1,1,-61,3,1243,14735,8,100,2,0,0
118,3,1,512,0,12,4,1,5,1,1,-76,0,704,13259,8,100,3,0,0
119,11,5,768,0,2,2,2,2,1,1,-70,0,1230,8059,1,100,7,0,0
123,9,4,768,0,11,1,2,5,1,1,-52,0,1004,12471,5,100,6,0,0
125,11,5,768,0,3,2,2,2,1,1,-70,0,672,5043,1,100,5,0,0
125,3,1,512,0,13,4,1,5,1,1,-76,0,501,7488,8,100,3,0,0
125,5,1,512,0,15,4,1,5,1,1,-76,1,1257,13557,8,100,4,0,0
125,4,1,512,0,15,4,1,5,1,1,-61,3,853,11187,8,100,3,0,0
126,1,0,256,0,5,0,0,3,0,0,0,7,1170,16673,30,100,2,0,0
131,1,0,256,0,5,0,0,3,0,0,0,8,327,7303,30,100,1,0,0
131,3,1,512,0,14,4,1,5,1,1,-76,0,361,6718,8,100,1,0,0
132,5,1,512,10,15,4,1,5,1,1,-76,1,312,7478,9,100,1,0,0
132,11,5,768,0,3,2,2,2,1,1,-70,0,569,5643,1,100,4,0,0
135,9,4,768,0,13,2,2,6,1,1,-52,0,1192,14847,6,100,5,0,0
138,4,1,512,0,16,4,1,6,1,1,-61,5,1836,19657,9,100,4,0,0
139,5,1,512,0,15,4,1,5,1,1,-76,1,956,13902,9,100,2,0,0
142,3,1,512,0,15,4,1,7,1,1,-76,0,748,13794,9,100,4,0,0
141,11,5,768,10,4,2,2,2,1,1,-70,0,899,9568,2,100,6,0,0
142,1,0,256,0,5,0,0,3,0,0,0,10,1543,20457,35,100,3,0,0
130,2,4,1152,10,0,0,3,1,0,1,-95,0,242,6024,0,100,2,0,0
143,9,4,768,0,14,2,2,6,1,1,-52,0,502,9090,6,100,3,0,0
140,2,4,1152,50,1,1,3,2,0,1,-95,1,1544,9959,0,100,10,0,0
146,1,0,256,0,5,0,0,3,0,0,0,10,468,7120,37,100,1,0,0
136,7,2,1408,30,1,1,3,1,0,1,-52,0,1070,5526,0,100,10,0,0
142,7,2,1536,60,2,1,3,1,0,1,-52,0,1004,5860,0,100,8,0,0
147,5,1,512,10,15,4,1,5,1,1,-76,1,881,11492,10,100,2,0,0
148,4,1,512,0,17,4,1,6,1,1,-61,6,2362,19924,10,100,3,0,0
148,7,2,1092,0,3,1,3,1,1,1,-52,0,1178,6960,1,100,6,0,0
149,3,1,512,0,15,4,1,7,1,1,-76,0,451,9328,10,100,2,0,0
149,11,5,768,0,4,2,2,2,1,1,-70,0,678,7332,3,100,4,0,0
150,9,4,768,0,15,2,2,6,1,1,-52,0,681,9618,7,100,4,0,0
151,2,4,768,0,3,1,3,3,1,1,-95,1,2611,14861,1,100,10,0,0
154,4,1,512,0,17,4,1,6,1,1,-61,6,1496,12715,10,100,2,0,0
155,9,4,768,0,15,2,2,6,1,1,-52,0,254,5688,7,100,1,0,0
156,5,1,512,10,16,4,1,5,1,1,-76,1,1027,14027,10,100,3,0,0
157,1,0,256,0,5,0,0,3,0,0,0,10,1506,19531,42,100,2,0,0
156,11,5,768,0,4,3,2,2,1,1,-70,0,674,7711,3,100,3,0,0
127,8,4,896,80,4,2,2,4,0,2,-70,1,849,9620,3,100,5,0,0
139,8,4,896,90,5,3,2,6,0,2,-70,2,1248,11617,4,100,6,0,0
150,8,4,896,90,6,3,2,6,0,2,-70,2,645,9759,5,100,4,0,0
161,3,1,512,0,16,4,1,7,1,1,-76,1,946,14709,10,100,3,0,0
156,8,4,896,70,6,3,2,6,0,2,-70,2,619,6435,5,100,3,0,0
161,5,1,512,0,16,4,1,5,1,1,-76,1,509,7224,11,100,1,0,0
161,2,4,768,0,4,1,3,4,1,1,-95,1,958,11609,2,100,6,0,0
163,1,0,256,0,5,0,0,3,0,0,0,10,1339,13455,50,100,2,0,0
164,4,1,512,20,17,4,1,6,1,1,-61,6,3055,24744,11,100,2,0,0
163,9,4,768,0,16,2,2,6,1,1,-52,0,500,9826,7,100,3,0,0
163,8,4,768,20,7,3,2,6,1,2,-70,3,1488,8978,6,100,4,0,0
165,2,4,768,0,5,1,3,4,1,1,-95,1,452,5059,2,100,3,0,0
167,11,5,768,0,6,3,2,2,1,1,-70,0,1000,12329,4,100,7,0,0
168,5,1,512,0,16,4,1,5,1,1,-76,1,831,10927,11,100,2,0,0
168,9,4,768,0,16,2,2,6,1,1,-52,0,338,5921,8,100,1,0,0
169,1,0,256,0,5,0,0,3,0,0,0,10,826,11096,52,100,1,0,0
169,3,1,512,10,17,4,1,7,1,1,-76,1,577,10721,11,100,3,0,0
153,7,3,896,20,3,2,3,3,0,2,-70,0,645,4246,1,100,3,0,0
160,7,3,896,70,4,3,3,3,0,2,-70,0,678,5816,1,100,5,0,0
167,7,3,896,90,4,3,3,3,0,2,-70,0,388,5054,2,100,4,0,0
173,4,1,512,0,17,4,1,6,1,1,-61,8,2131,21368,11,100,2,0,0
173,9,4,768,0,17,2,2,6,1,1,-52,0,724,7308,8,100,2,0,0
174,11,5,768,0,6,3,2,2,1,1,-70,0,498,8787,4,100,3,0,0
174,2,4,768,10,7,1,3,4,1,1,-95,1,1057,13654,3,100,5,0,0
174,8,4,768,0,9,3,2,6,1,2,-70,4,1286,11896,6,100,5,0,0
176,3,1,512,10,18,4,1,7,1,1,-76,1,1495,10824,11,100,2,0,0
176,1,0,256,0,5,0,0,3,0,0,0,10,924,12653,55,100,1,0,0
178,5,1,512,0,16,4,1,5,1,1,-76,1,985,15798,12,100,2,0,0
178,7,3,768,0,5,3,3,3,1,2,-70,0,1372,12872,3,100,6,0,0
179,8,4,768,0,9,3,2,6,1,2,-70,4,447,4846,7,100,1,0,0
181,1,0,256,0,5,0,0,3,0,0,0,10,892,9319,61,100,1,0,0
182,2,4,768,0,8,1,3,4,1,1,-95,1,766,10944,3,100,4,0,0
181,11,5,768,0,6,3,2,2,1,1,-70,0,483,8607,5,100,2,0,0
182,4,1,512,0,19,4,1,6,1,1,-61,8,2457,22089,12,100,3,0,0
182,3,1,512,0,18,4,1,7,1,1,-76,1,840,11899,12,100,1,0,0
183,9,4,768,0,17,2,2,6,1,1,-52,0,507,11684,9,100,2,0,0
183,7,3,768,0,6,3,3,3,1,2,-70,0,574,5245,3,100,4,0,0
187,3,1,512,0,18,4,1,7,1,1,-76,1,510,7340,12,100,1,0,0
187,8,4,768,0,10,3,2,6,1,2,-70,5,963,8366,7,100,3,0,0
188,1,0,256,0,5,0,0,3,0,0,0,10,827,12749,61,100,2,0,0
149,18,8,1536,90,7,1,2,2,0,1,-95,1,727,6845,4,100,4,0,0
158,18,8,1536,100,7,2,3,2,0,1,-95,1,902,8563,4,100,4,0,0
190,5,1,512,0,17,4,1,5,1,1,-76,1,963,17117,12,100,4,0,0
164,18,8,1536,60,7,2,3,3,0,1,-95,3,675,5371,5,100,2,0,0
173,18,8,1408,90,8,2,3,3,0,1,-95,3,758,9074,5,100,4,0,0
189,11,5,768,0,8,3,2,2,1,1,-70,0,867,9797,6,100,4,0,0
190,2,4,768,0,9,1,3,4,1,1,-95,1,774,12279,4,100,5,0,0
184,18,8,1408,90,9,2,3,3,0,1,-95,4,1176,10653,6,100,4,0,0
190,7,3,768,10,6,3,3,3,1,2,-70,0,471,6475,3,100,3,0,0
192,4,1,512,20,19,4,1,6,1,1,-61,9,3155,24793,12,100,2,0,0
193,3,1,512,0,18,4,1,7,1,1,-76,1,954,10060,12,100,2,0,0
193,18,8,1038,10,10,2,3,3,1,1,-95,4,1671,10148,7,100,3,0,0
196,9,4,768,0,17,2,2,6,1,1,-52,0,657,14001,10,100,3,0,0
196,5,1,512,0,17,4,1,5,1,1,-76,1,756,11245,13,100,1,0,0
197,8,4,768,0,10,3,2,6,1,2,-70,5,2649,15671,8,100,3,0,0
197,3,1,512,0,18,4,1,7,1,1,-76,1,425,6746,13,100,1,0,0
198,1,0,256,0,6,0,0,3,0,0,0,10,2199,20657,73,100,3,0,0
198,4,1,512,0,19,4,1,6,1,1,-61,9,1711,15044,13,100,1,0,0
198,2,4,768,0,9,1,3,4,1,1,-95,1,594,12157,4,100,3,0,0
199,11,5,768,0,8,3,2,2,1,1,-70,0,548,11340,6,100,3,0,0
202,1,0,256,0,6,0,0,3,0,0,0,10,438,7124,73,100,1,0,0
202,7,3,768,0,9,3,3,4,1,2,-70,0,1132,11468,4,100,6,0,0
202,3,1,512,0,18,5,1,7,1,1,-76,1,728,8105,13,100,1,0,0
203,18,8,1024,10,11,2,3,3,1,1,-95,4,959,9485,7,100,4,0,0
204,5,1,512,0,18,5,1,5,1,1,-76,1,1018,12228,13,100,2,0,0
206,8,4,768,0,10,3,2,6,1,2,-70,5,715,10512,8,100,2,0,0
206,9,4,768,0,18,2,2,6,1,1,-52,0,623,12151,10,100,4,0,0
205,11,5,768,0,8,3,2,2,1,1,-70,0,461,7085,7,100,2,0,0
206,7,3,768,10,9,3,3,4,1,2,-70,0,255,4954,5,100,1,0,0
207,1,0,256,0,6,0,0,3,0,0,0,10,883,9405,78,100,1,0,0
207,2,4,768,0,9,1,3,4,1,1,-95,1,580,13063,5,100,3,0,0
209,4,1,512,10,19,5,1,6,1,1,-61,8,2756,24223,14,100,3,0,0
209,3,1,512,10,18,5,1,7,1,1,-76,1,681,10864,13,100,1,0,0
210,18,8,1024,20,12,2,3,3,1,1,-95,4,847,7762,8,100,3,0,0
179,28,18,2176,80,7,2,3,2,0,1,-95,2,645,6925,4,100,5,0,0
212,1,0,256,0,6,0,0,3,0,0,0,10,903,9511,82,100,1,0,0
189,28,18,2176,90,7,2,3,2,0,1,-95,2,1489,10780,4,100,4,0,0
196,28,18,2176,70,7,2,3,2,0,1,-95,2,680,5704,5,100,2,0,0
204,28,18,2176,80,8,2,3,2,0,1,-95,2,541,6127,5,100,3,0,0
210,28,18,1486,20,8,2,3,2,1,1,-95,2,1133,7072,6,100,3,0,0
214,5,1,512,0,18,5,1,5,1,1,-76,1,692,13857,14,100,1,0,0
214,11,5,768,0,9,3,2,2,1,1,-70,0,500,8987,7,100,3,0,0
216,7,3,768,0,10,3,3,4,1,2,-70,0,751,10914,5,100,4,0,0
216,1,0,256,0,6,0,0,3,0,0,0,10,634,8003,84,100,1,0,0
216,9,4,768,0,19,2,2,6,1,1,-52,0,616,12483,11,100,2,0,0
217,3,1,512,0,18,5,1,7,1,1,-76,1,766,11872,14,100,2,0,0
217,4,1,512,10,19,5,1,6,1,1,-61,8,2354,21006,14,100,1,0,0
217,8,4,768,0,11,3,2,6,1,2,-70,5,2775,18587,9,100,4,0,0
218,2,4,768,0,10,1,3,4,1,1,-95,0,822,15673,5,100,5,0,0
218,18,8,1024,0,12,2,3,3,1,1,-95,4,1626,11494,8,100,2,0,0
181,19,18,1920,90,4,2,3,3,0,1,-52,0,622,8423,3,100,5,0,0
219,28,18,1310,0,9,2,3,2,1,1,-95,2,806,7200,6,100,3,0,0
221,11,5,768,0,9,3,2,3,1,1,-70,0,459,8210,8,100,2,0,0
221,4,1,512,30,19,5,1,7,1,1,-61,9,1618,11275,14,100,1,0,0
221,9,4,768,0,19,2,2,6,1,1,-52,0,353,5990,11,100,2,0,0
223,5,1,512,0,18,5,1,6,1,1,-76,1,1052,13657,15,100,2,0,0
223,7,3,768,0,10,3,3,4,1,2,-70,0,581,9012,6,100,3,0,0
191,19,18,1920,90,4,2,3,3,0,1,-52,0,677,9628,4,100,5,0,0
222,8,4,768,20,12,3,2,7,1,2,-70,6,1620,10254,10,100,2,0,0
200,19,18,1920,80,4,2,3,3,0,1,-52,0,556,7537,4,100,4,0,0
225,1,0,256,0,6,0,0,3,0,0,0,10,1571,17778,92,100,1,0,0
206,19,18,1920,90,5,2,3,3,0,1,-52,0,367,5208,5,100,3,0,0
223,2,4,768,0,10,1,3,4,1,1,-95,0,339,6781,6,100,1,0,0
215,19,18,1920,80,6,2,3,3,0,1,-52,0,494,7421,5,100,3,0,0
228,7,3,768,0,11,3,3,4,1,2,-70,0,355,4997,6,100,2,0,0
222,19,18,1792,10,7,2,3,3,1,1,-52,1,1458,8298,6,100,3,0,0
228,5,1,512,10,18,5,1,6,1,1,-76,1,371,7394,15,100,1,0,0
228,4,1,512,30,19,5,1,7,1,1,-61,10,3331,20769,15,100,1,0,0
226,18,8,1024,10,13,2,3,3,1,1,-95,4,2795,17077,9,100,3,0,0
229,3,1,512,0,19,5,1,7,1,1,-76,1,1334,18251,15,100,2,0,0
183,25,29,2944,70,3,1,3,1,0,1,-70,0,947,9682,2,100,7,0,0
230,1,0,256,0,6,0,0,3,0,0,0,10,1026,9722,97,100,1,0,0
230,11,5,768,0,9,3,2,3,1,1,-70,0,688,10760,8,100,3,0,0
189,25,29,2944,100,3,2,3,1,0,1,-70,0,700,6923,3,100,4,0,0
199,25,29,2944,90,3,2,3,1,0,1,-70,0,653,9409,3,100,5,0,0
230,9,4,768,0,19,2,2,6,1,1,-52,0,690,11280,12,100,2,0,0
229,28,18,1280,0,10,2,3,2,1,1,-95,2,847,9664,7,100,4,0,0
211,25,19,2304,90,4,4,3,2,0,2,-70,0,1242,10875,4,100,6,0,0
229,19,18,1792,10,8,2,3,3,1,1,-52,1,1449,9485,6,100,3,0,0
219,25,19,2304,90,5,4,3,2,0,2,-70,0,517,6147,5,100,3,0,0
232,8,4,768,20,14,3,2,7,1,2,-70,7,4219,22078,10,100,5,0,0
232,2,4,768,0,11,1,3,4,1,1,-95,0,701,13705,6,100,3,0,0
234,4,1,512,40,20,5,1,7,1,1,-61,10,2768,16616,15,100,2,0,0
226,25,19,2304,90,6,4,3,2,1,2,-70,0,622,6423,5,100,3,0,0
233,18,8,1024,0,14,2,3,3,1,1,-95,4,2421,15491,9,100,3,0,0
236,9,4,768,0,20,2,2,6,1,1,-52,0,409,7720,12,100,2,0,0
237,7,3,768,0,12,3,3,5,1,2,-70,0,711,11493,7,100,3,0,0
237,5,1,512,0,19,5,2,6,1,1,-76,1,1195,15336,16,100,4,0,0
234,25,19,2176,0,7,4,3,3,1,2,-70,0,1404,8925,6,100,3,0,0
237,1,0,256,0,6,0,0,3,0,0,0,10,1422,15554,106,100,1,0,0
237,11,5,768,10,11,4,2,3,1,1,-70,0,790,9590,9,100,3,0,0
238,28,18,1280,0,11,2,3,4,1,1,-95,2,616,7938,8,100,3,0,0
241,3,1,512,0,19,5,1,7,1,1,-76,1,938,18048,15,100,2,0,0
241,4,1,512,10,22,5,1,7,1,1,-61,10,3399,19283,16,100,3,0,0
238,19,18,1792,0,8,2,3,4,1,1,-52,2,1507,13405,7,100,3,0,0
241,2,4,768,0,11,2,3,5,1,1,-95,0,564,13008,7,100,2,0,0
241,8,4,768,0,15,4,2,7,1,2,-70,9,2271,17519,11,100,3,0,0
242,11,5,768,0,12,4,2,3,1,1,-70,0,381,6166,9,100,2,0,0
242,9,4,768,0,21,3,2,6,1,1,-52,0,641,8448,13,100,3,0,0
244,18,8,1024,10,15,2,3,5,1,1,-95,6,1888,21183,10,100,3,0,0
239,30,25,2560,40,1,1,4,1,0,1,-52,0,1143,10048,1,100,9,0,0
245,7,3,768,0,12,3,3,5,1,2,-70,0,497,10229,7,100,3,0,0
244,25,19,2176,0,8,4,3,4,1,2,-70,1,1232,10473,6,100,4,0,0
247,5,1,512,0,20,5,2,6,1,1,-76,2,1417,16402,16,100,3,0,0
247,1,0,256,0,6,0,0,3,0,0,0,10,1626,18743,113,100,2,0,0
247,28,18,1280,0,11,2,3,5,1,1,-95,2,707,10707,8,100,3,0,0
225,10,8,1408,40,1,1,4,1,0,1,-95,0,654,4611,1,100,4,0,0
232,10,5,896,70,2,2,6,3,0,2,-52,1,989,7019,1,100,8,0,0
239,10,5,896,80,3,3,6,4,0,2,-52,1,839,6541,2,100,5,0,0
245,10,5,896,70,4,3,6,4,0,2,-52,1,840,5159,2,100,4,0,0
250,3,1,512,0,19,5,1,7,1,1,-76,1,895,14334,16,100,2,0,0
249,7,3,768,10,13,3,3,5,1,2,-70,0,356,5492,7,100,2,0,0
250,8,4,768,0,17,4,2,7,1,2,-70,10,2182,16076,11,100,3,0,0
251,11,5,768,0,13,4,2,3,1,1,-70,0,585,10125,10,100,3,0,0
251,4,1,512,20,23,5,1,7,1,1,-61,10,2771,23882,16,100,2,0,0
250,2,4,768,0,11,2,3,5,1,1,-95,0,605,14125,8,100,3,0,0
251,9,4,768,0,22,3,2,6,1,1,-52,0,595,11013,13,100,3,0,0
249,19,18,1792,0,10,2,3,4,1,1,-52,3,1975,14874,7,100,4,0,0
252,10,5,768,0,5,3,6,5,1,2,-52,1,1189,8661,2,100,4,0,0
250,30,28,1920,0,3,2,4,2,0,2,-95,0,1868,11695,1,100,11,0,0
251,18,8,1024,20,16,2,3,5,1,1,-95,6,2431,16974,11,100,2,0,0
231,23,19,2176,20,0,0,4,2,0,1,-70,0,484,6575,0,100,4,0,0
255,1,0,256,0,7,0,0,3,0,0,0,10,1898,16449,125,100,3,0,0
256,5,1,512,0,21,5,3,7,1,1,-76,3,2269,18155,17,100,3,0,0
242,23,19,2176,70,2,1,4,2,0,1,-70,0,1499,9234,1,100,11,0,0
254,23,28,1536,50,3,2,4,4,1,2,-52,0,1355,9921,1,100,7,0,0
256,9,4,768,0,23,3,2,6,1,1,-52,0,316,5480,14,100,1,0,0
255,2,4,768,0,11,2,3,5,1,1,-95,0,321,6348,8,100,1,0,0
254,25,19,2176,0,9,4,3,4,1,2,-70,1,902,12687,7,100,4,0,0
258,3,1,512,10,20,5,1,7,1,1,-76,1,808,12021,17,100,2,0,0
256,28,18,1280,0,12,2,3,5,1,1,-95,4,2364,17601,9,100,3,0,0
231,12,8,1024,0,0,0,4,1,0,1,-70,0,125,283857,0,100,2,0,0
242,12,8,1024,60,2,1,4,1,0,1,-70,0,1565,9783,1,100,11,0,0
249,12,8,1024,90,2,1,4,1,0,1,-70,0,653,6052,1,100,4,0,0
261,11,5,768,0,14,4,2,4,1,1,-70,0,625,11702,10,100,4,0,0
257,12,8,1024,80,3,1,4,1,1,1,-70,0,526,6251,2,100,4,0,0
260,8,4,768,10,17,4,2,7,1,2,-70,10,3994,22931,12,100,3,0,0
262,7,3,768,0,13,3,3,5,1,2,-70,0,699,13975,8,100,3,0,0
262,4,1,512,30,24,5,1,7,1,1,-61,10,5118,32245,17,100,3,0,0
227,6,10,1664,70,1,1,4,1,0,1,-70,0,836,5842,1,100,7,0,0
260,30,28,1626,0,5,3,4,2,1,2,-95,0,1277,10371,2,100,8,0,0
237,6,5,896,80,3,3,4,4,0,2,-52,0,1230,10183,1,100,8,0,0
262,9,4,768,0,24,3,2,6,1,1,-52,0,505,7459,14,100,3,0,0
261,23,28,1536,0,4,3,4,4,1,2,-52,0,858,8340,2,100,4,0,0
244,6,5,896,80,3,3,4,4,0,2,-52,0,550,6247,2,100,4,0,0
264,1,0,256,0,8,0,0,3,0,0,0,10,1697,17847,134,100,2,0,0
249,6,5,896,80,3,3,4,4,0,2,-52,0,194,3762,2,100,3,0,0
263,18,8,1024,0,16,2,3,5,1,1,-95,7,3253,24935,11,100,3,0,0
238,27,23,2432,10,0,0,4,1,0,1,-70,0,146,5806,0,100,1,0,0
265,5,1,512,40,21,5,3,7,1,1,-76,3,1997,19409,17,100,2,0,0
264,10,5,768,0,6,3,6,6,1,2,-52,1,896,11659,3,100,6,0,0
264,28,18,1280,20,13,2,3,5,1,1,-95,5,1676,16569,9,100,3,0,0
255,6,5,896,90,4,3,4,4,0,2,-52,0,670,5427,2,100,3,0,0
243,27,23,2432,50,1,1,4,1,0,1,-70,0,997,5281,0,100,9,0,0
253,27,28,1664,80,3,3,4,2,0,2,-52,0,1266,7959,0,100,10,0,0
266,3,1,512,0,21,5,1,7,1,1,-76,1,867,12488,17,100,3,0,0
258,27,28,1664,90,3,3,4,2,0,2,-52,0,511,4490,0,100,3,0,0
260,6,5,896,90,4,3,4,4,0,2,-52,0,458,4331,3,100,2,0,0
266,2,4,768,0,11,2,3,5,1,1,-95,0,604,12825,9,100,3,0,0
268,11,5,768,0,16,4,2,4,1,1,-70,0,568,7976,11,100,3,0,0
266,12,8,1024,0,4,1,4,1,1,1,-70,0,1357,9843,2,100,6,0,0
267,8,4,768,10,17,4,2,7,1,2,-70,10,2259,15324,13,100,1,0,0
268,9,4,768,0,24,3,2,6,1,1,-52,0,279,6957,14,100,1,0,0
268,6,5,768,10,6,3,5,4,1,2,-52,0,1612,10280,3,100,7,0,0
267,27,28,1536,0,4,3,4,2,1,2,-52,0,1541,9338,1,100,5,0,0
270,3,1,512,0,21,5,1,7,1,1,-76,1,494,6820,17,100,0,0,0
270,18,8,1024,0,16,2,3,5,1,1,-95,7,1927,14377,12,100,1,0,0
272,5,1,512,0,22,5,3,7,1,1,-76,3,1789,16804,18,100,2,0,0
272,7,3,768,10,14,4,3,5,1,2,-70,0,1113,12928,9,100,3,0,0
272,4,1,512,10,26,5,1,7,1,1,-61,10,4669,28726,18,100,4,0,0
270,30,28,1536,0,5,3,4,2,1,2,-95,0,779,8761,3,100,5,0,0
273,1,0,256,0,8,0,0,3,0,0,0,10,2295,20135,150,100,2,0,0
272,23,28,1536,0,6,3,4,4,1,2,-52,0,1122,10517,3,100,6,0,0
273,28,18,1280,0,15,2,3,5,1,1,-95,4,2729,20794,10,100,3,0,0
274,10,5,768,0,7,3,6,7,1,2,-52,1,845,9724,4,100,5,0,0
275,8,4,768,0,18,4,2,7,1,2,-70,10,2323,17858,13,100,3,0,0
275,2,4,768,0,12,2,3,5,1,1,-95,0,531,11108,9,100,2,0,0
276,3,1,512,0,21,5,1,7,1,1,-76,1,685,8981,18,100,2,0,0
276,27,28,1536,10,6,3,4,2,1,2,-52,0,896,8805,1,100,7,0,0
277,9,4,768,0,24,3,2,7,1,1,-52,1,644,11760,15,100,2,0,0
278,4,1,512,20,27,5,1,7,1,1,-61,10,1745,13137,18,100,2,0,0
261,19,9,1408,10,10,3,3,5,0,2,-95,3,1225,14835,8,100,3,0,0
278,7,3,768,0,15,4,3,5,1,2,-70,0,407,7197,9,100,2,0,0
279,11,5,768,0,17,4,2,5,1,1,-70,0,675,13515,11,100,4,0,0
277,12,8,1024,10,5,2,4,3,1,1,-70,0,953,10589,3,100,6,0,0
276,23,28,1536,10,6,3,4,4,1,2,-52,0,453,4255,3,100,3,0,0
279,1,0,256,0,9,0,0,3,0,0,0,10,1110,12620,152,100,2,0,0
278,6,5,768,0,8,3,5,5,1,2,-52,0,1112,11085,4,100,5,0,0
277,30,28,1536,0,7,3,4,3,1,2,-95,0,700,6621,3,100,5,0,0
281,3,1,512,0,22,5,1,7,1,1,-76,1,462,6917,18,100,1,0,0
267,19,9,1408,60,11,4,3,5,0,2,-95,3,879,8055,9,100,3,0,0
279,18,8,1024,40,17,2,3,5,1,1,-95,7,2404,19577,12,100,3,0,0
274,19,9,1408,100,12,4,3,5,0,2,-95,3,466,5086,9,100,2,0,0
283,7,3,768,0,16,4,3,6,1,2,-70,0,412,5630,10,100,2,0,0
261,25,30,2010,20,10,5,3,4,0,3,-52,1,738,9043,7,100,3,0,0
282,5,1,512,0,24,5,3,7,1,1,-76,4,2016,23117,19,100,3,0,0
271,25,30,2010,70,12,6,3,4,0,3,-52,1,597,9458,7,100,3,0,0
282,2,4,768,10,12,2,3,5,1,1,-95,0,363,7711,10,100,1,0,0
283,6,5,768,0,8,3,5,5,1,2,-52,0,255,4515,4,100,1,0,0
281,19,18,1280,10,13,6,3,5,1,3,-52,3,1571,11073,9,100,3,0,0
281,25,19,1664,10,13,8,3,5,1,4,-70,1,1381,12325,7,100,4,0,0
285,10,5,768,0,8,3,6,7,1,2,-52,2,1028,10917,5,100,5,0,0
283,12,8,1024,0,5,2,4,4,1,1,-70,0,421,5530,3,100,2,0,0
286,4,1,512,70,27,5,1,7,1,1,-61,10,4142,25015,19,100,2,0,0
282,28,18,1280,0,15,2,3,5,1,1,-95,4,1666,20939,11,100,2,0,0
285,18,8,1024,0,17,2,3,5,1,1,-95,7,2238,15138,13,100,2,0,0
288,1,0,256,0,9,0,0,3,0,0,0,10,1986,18498,167,100,2,0,0
286,8,4,768,20,18,4,2,7,1,2,-70,10,4504,26691,14,100,2,0,0
289,11,5,768,0,18,4,2,5,1,1,-70,0,612,12218,12,100,3,0,0
289,7,3,768,0,16,4,3,6,1,2,-70,0,404,7682,10,100,2,0,0
285,27,28,1536,0,6,3,4,3,1,2,-52,0,895,10184,2,100,4,0,0
287,9,4,768,0,25,3,2,7,1,1,-52,1,621,12441,16,100,2,0,0
287,2,4,768,0,12,2,3,5,1,1,-95,0,377,6676,10,100,2,0,0
288,19,18,1280,10,13,6,3,5,1,3,-52,3,648,9040,10,100,1,0,0
287,30,28,1536,0,8,3,4,3,1,2,-95,1,1079,10312,4,100,6,0,0
290,12,8,1024,0,6,2,4,4,1,1,-70,0,682,7302,4,100,4,0,0
291,3,1,512,0,23,5,1,7,1,1,-76,1,1268,16710,19,100,2,0,0
291,5,1,512,0,25,6,3,7,1,1,-76,4,1780,18461,19,100,3,0,0
289,25,19,1664,0,14,8,3,5,1,4,-70,1,904,10254,7,100,3,0,0
289,28,18,1280,0,15,2,3,5,1,1,-95,5,1246,14267,11,100,2,0,0
292,4,1,512,30,29,5,1,7,1,1,-61,9,2543,15402,19,100,1,0,0
290,18,8,1024,10,17,2,3,6,1,1,-95,9,1430,10497,13,100,1,0,0
294,11,5,768,0,18,5,2,5,1,1,-70,0,338,5560,12,100,1,0,0
291,27,28,1536,0,8,3,4,4,1,2,-52,0,908,6552,2,100,3,0,0
292,2,4,768,10,12,2,3,5,1,1,-95,0,255,5250,10,100,1,0,0
294,7,3,768,0,16,4,3,6,1,2,-70,0,461,7311,10,100,1,0,0
294,6,5,768,0,9,4,5,5,1,2,-52,0,877,10340,5,100,5,0,0
294,25,19,1664,0,15,8,3,6,1,4,-70,1,440,6238,8,100,2,0,0
295,10,5,768,0,9,4,6,7,1,2,-52,1,867,10025,5,100,4,0,0
294,28,18,1280,10,15,2,3,6,1,1,-95,5,615,10812,11,100,1,0,0
294,9,4,768,0,26,3,2,7,1,1,-52,1,615,9802,16,100,2,0,0
295,12,8,1024,10,6,2,4,5,1,1,-70,0,352,5405,4,100,2,0,0
295,8,4,768,10,19,4,2,7,1,2,-70,9,2948,21317,15,100,2,0,0
297,19,18,1280,0,15,6,3,5,1,3,-52,3,1249,15358,11,100,4,0,0
298,11,5,768,0,19,5,2,5,1,1,-70,0,899,7424,13,100,1,0,0
299,1,0,256,0,10,0,0,3,0,0,0,10,2279,21739,177,100,3,0,0
297,30,28,1536,0,9,3,4,4,1,2,-95,1,1129,9812,5,100,5,0,0
300,10,5,768,0,9,4,6,7,1,2,-52,1,391,5821,6,100,1,0,0
278,26,30,1920,50,1,2,5,3,0,1,-70,0,1309,128839,0,100,10,0,0
299,28,18,1280,20,15,2,3,6,1,1,-95,5,991,11093,12,100,1,0,0
301,3,1,512,10,23,5,1,7,1,1,-76,1,913,15933,19,100,2,0,0
282,26,30,1920,80,1,2,5,4,0,1,-70,0,569,4258,0,100,5,0,0
302,5,1,512,0,25,7,3,7,1,1,-76,4,2270,25728,20,100,2,0,0
300,8,4,768,10,19,4,2,7,1,2,-70,10,1950,12515,15,100,1,0,0
303,1,0,256,0,10,0,0,3,0,0,0,10,874,8768,183,100,0,0,0
303,4,1,512,80,29,6,1,7,1,1,-61,10,5181,31952,20,100,3,0,0
301,2,4,768,0,12,2,3,5,1,1,-95,0,509,10625,11,100,2,0,0
303,6,5,768,0,9,4,5,5,1,2,-52,0,552,8415,6,100,3,0,0
293,26,30,1920,90,2,2,5,4,0,1,-70,0,1134,10260,1,100,8,0,0
303,7,3,768,10,17,4,3,6,1,2,-70,0,682,11449,11,100,4,0,0
302,9,4,768,0,27,3,2,7,1,1,-52,1,464,8175,17,100,2,0,0
301,18,8,1024,30,18,2,3,7,1,1,-95,10,3763,24891,14,100,2,0,0
300,25,19,1536,0,15,9,3,6,1,4,-70,1,459,7646,8,100,2,0,0
302,19,18,1280,0,16,6,3,5,1,3,-52,3,1017,7802,11,100,2,0,0
302,26,30,1792,0,3,2,5,4,1,1,-70,0,1477,9981,2,100,6,0,0
277,31,30,1920,40,1,2,5,3,0,1,-52,0,775,83513,0,100,5,0,0
283,31,30,1920,80,2,2,5,3,0,1,-52,0,847,5028,0,100,6,0,0
304,28,18,1280,20,16,2,3,6,1,1,-95,6,1698,13342,12,100,2,0,0
308,1,0,256,0,10,0,0,3,0,0,0,10,809,9427,186,100,1,0,0
307,11,5,768,10,19,5,2,5,1,1,-70,0,430,10464,13,100,2,0,0
305,18,8,1024,20,18,2,3,7,1,1,-95,10,1957,11053,14,100,1,0,0
306,12,8,1024,0,6,2,4,5,1,1,-70,0,602,9895,5,100,3,0,0
294,31,30,1920,90,2,2,5,3,0,1,-52,0,948,9373,1,100,8,0,0
288,23,18,1408,60,8,5,4,5,0,3,-52,0,1656,12012,4,100,6,0,0
304,30,28,1536,10,10,3,4,4,1,2,-95,2,2510,13458,5,100,3,0,0
310,6,5,768,0,10,4,5,5,1,2,-52,0,481,5985,6,100,2,0,0
298,23,18,1408,90,8,5,4,5,0,3,-52,0,546,8703,4,100,4,0,0
310,5,1,512,0,26,7,3,7,1,1,-76,4,1359,17980,20,100,2,0,0
311,4,1,512,90,29,6,1,7,1,1,-61,10,3544,22234,20,100,1,0,0
311,3,1,512,0,24,6,1,7,1,1,-76,1,1134,16528,20,100,3,0,0
311,10,5,768,0,10,4,6,7,1,2,-52,1,836,10577,6,100,4,0,0
302,23,18,1408,80,9,5,4,5,0,3,-52,0,294,4135,5,100,2,0,0
313,11,5,768,0,19,5,2,5,1,1,-70,0,465,7072,14,100,2,0,0
314,1,0,256,0,10,0,0,3,0,0,0,10,1599,13789,198,100,2,0,0
312,9,4,768,0,27,3,2,7,1,1,-52,1,452,12478,17,100,2,0,0
311,23,18,1280,0,10,5,4,5,1,3,-52,0,1218,9917,5,100,5,0,0
313,8,4,768,40,19,4,2,7,1,2,-70,10,2642,15501,16,100,2,0,0
278,17,18,1408,20,0,1,5,2,0,1,-52,0,382,174775,0,100,3,0,0
314,7,3,768,0,18,5,3,6,1,2,-70,0,722,13153,12,100,2,0,0
310,26,30,1792,0,4,2,5,4,1,1,-70,0,754,7555,2,100,5,0,0
285,17,18,1408,70,1,2,5,4,0,1,-52,0,1007,6598,0,100,7,0,0
312,19,18,1280,0,17,6,3,5,1,3,-52,1,1160,14756,12,100,3,0,0
311,27,28,1536,0,8,3,4,4,1,2,-52,0,578,9566,4,100,3,0,0
312,28,18,1280,0,16,2,3,6,1,1,-95,6,1918,19337,12,100,2,0,0
315,12,8,1024,0,7,2,4,5,1,1,-70,0,726,9005,5,100,4,0,0
284,22,18,1408,50,1,1,5,4,0,1,-70,0,1060,8996,1,100,8,0,0
317,2,4,768,0,12,2,3,5,1,1,-95,0,532,13659,12,100,2,0,0
314,31,30,1792,0,6,2,5,3,1,1,-52,0,1714,11909,3,100,7,0,0
317,11,5,768,0,20,6,2,5,1,1,-70,0,364,5955,14,100,1,0,0
316,18,8,1024,80,18,2,3,7,1,1,-95,10,5281,33601,15,100,2,0,0
318,10,5,768,0,10,5,6,7,1,2,-52,1,597,6455,7,100,2,0,0
304,22,18,1408,70,3,1,5,5,0,1,-70,0,777,7941,2,100,5,0,0
314,30,28,1536,10,10,3,4,4,1,2,-95,2,1682,16113,6,100,4,0,0
316,17,18,1280,0,4,2,5,6,1,1,-52,0,1594,10791,3,100,6,0,0
314,22,18,1408,60,3,1,5,5,1,1,-70,0,831,8874,3,100,5,0,0
320,6,5,768,0,11,5,5,5,1,2,-52,0,810,10481,7,100,4,0,0
318,23,18,1280,0,11,5,4,5,1,3,-52,0,631,7031,6,100,3,0,0
321,5,1,512,0,26,7,3,7,1,1,-76,4,2215,24833,21,100,2,0,0
322,4,1,512,10,30,6,1,7,2,1,-61,10,5660,32740,21,100,3,0,0
320,19,18,1280,10,17,6,3,5,1,3,-52,1,449,11470,12,100,1,0,0
321,3,1,512,0,24,6,1,7,1,1,-76,1,961,15039,21,100,2,0,0
321,11,5,768,0,20,6,2,5,1,1,-70,0,256,4793,14,100,1,0,0
320,22,18,1280,0,4,1,5,5,1,1,-70,0,1055,6424,3,100,4,0,0
320,25,19,1536,0,16,9,3,6,1,4,-70,0,529,10555,9,100,3,0,0
322,8,4,768,70,19,5,2,7,1,2,-70,10,4505,26551,16,100,2,0,0
320,28,18,1280,10,16,2,3,6,1,1,-95,6,1497,17765,13,100,2,0,0
322,9,4,768,20,27,4,2,7,1,1,-52,1,509,12769,18,100,2,0,0
324,1,0,256,0,10,0,0,3,0,0,0,10,2183,23325,209,100,1,0,0
281,29,28,1664,80,7,2,3,6,0,1,-52,0,512,8634,8,100,4,0,0
322,7,3,768,0,19,5,3,6,1,2,-70,0,526,10900,12,100,3,0,0
324,2,4,768,10,12,3,3,5,1,1,-95,0,513,8607,13,100,2,0,0
292,29,28,1664,80,7,2,3,7,0,1,-52,0,493,9753,9,100,3,0,0
321,27,28,1536,0,10,3,4,4,1,2,-52,0,888,9851,4,100,4,0,0
326,6,5,768,0,11,5,5,5,1,2,-52,0,255,4541,7,100,1,0,0
298,29,28,1664,100,7,2,3,7,0,1,-52,0,194,5208,10,100,1,0,0
307,29,28,1664,90,8,2,3,7,0,1,-52,0,373,7607,10,100,2,0,0
325,12,8,1024,0,9,2,4,5,1,1,-70,0,761,8962,6,100,4,0,0
327,5,1,512,0,26,7,3,7,1,1,-76,4,1183,13070,22,100,1,0,0
321,26,30,1792,0,5,2,5,4,1,1,-70,0,897,10109,3,100,6,0,0
327,9,4,768,0,27,4,2,7,1,1,-52,1,362,6070,18,100,1,0,0
286,16,10,1152,100,4,2,5,4,0,1,-70,0,314,4329,2,100,2,0,0
312,29,28,1664,90,8,2,3,7,0,1,-52,0,145,4229,11,100,1,0,0
297,16,10,1152,90,5,2,5,4,0,1,-70,0,629,8945,2,100,5,0,0
328,8,4,768,80,19,5,2,7,1,2,-70,10,2442,15066,17,100,1,0,0
328,10,5,768,20,11,5,6,7,1,2,-52,1,1405,12583,8,100,3,0,0
329,3,1,512,10,24,6,1,7,1,1,-76,1,711,11670,21,100,1,0,0
330,4,1,512,10,31,6,1,7,2,1,-61,10,4936,25636,22,100,3,0,0
301,16,10,1152,90,5,2,5,4,0,1,-70,0,391,4261,3,100,3,0,0
327,18,8,1024,50,20,2,3,7,1,1,-95,10,5329,36464,16,100,4,0,0
329,7,3,768,0,20,5,3,6,1,2,-70,0,465,8050,13,100,2,0,0
309,16,10,1152,100,5,2,5,4,0,1,-70,0,411,6739,3,100,3,0,0
326,30,28,1536,10,10,3,4,5,1,2,-95,2,1324,17372,6,100,4,0,0
327,23,18,1280,0,12,5,4,6,1,3,-52,0,601,8348,6,100,4,0,0
328,19,18,1280,10,17,6,3,5,1,3,-52,1,766,11495,13,100,2,0,0
319,16,10,1152,90,6,2,5,4,0,1,-70,0,760,9959,4,100,5,0,0
327,29,28,1536,0,9,2,3,7,1,1,-52,0,847,6298,12,100,3,0,0
326,16,10,1152,100,7,3,5,4,1,1,-70,0,609,6486,4,100,3,0,0
328,28,18,1280,20,16,2,3,6,1,1,-95,6,2839,22642,14,100,1,0,0
328,27,28,1536,0,10,3,4,5,1,2,-52,0,578,6328,5,100,3,0,0
332,6,5,768,0,11,5,5,5,1,2,-52,0,431,5949,8,100,2,0,0
333,11,5,768,0,20,6,2,5,1,1,-70,0,509,12706,15,100,2,0,0
333,12,8,1024,0,10,2,4,5,1,1,-70,0,557,7797,7,100,3,0,0
331,22,18,1280,0,6,1,5,5,1,1,-70,0,879,10617,4,100,6,0,0
333,1,0,256,0,10,0,0,3,0,0,0,10,3010,25508,238,100,2,0,0
331,25,19,1536,0,16,9,3,6,1,4,-70,0,508,13723,10,100,2,0,0
333,5,1,512,10,26,7,3,7,1,1,-76,4,2493,16679,22,100,2,0,0
333,19,18,1280,0,18,6,3,6,1,3,-52,1,650,8533,13,100,2,0,0
332,31,30,1792,0,7,2,5,4,1,1,-52,0,558,7466,4,100,3,0,0
334,2,4,768,0,12,3,3,5,1,1,-95,0,477,12360,13,100,2,0,0
333,23,18,1280,0,12,5,4,6,1,3,-52,0,435,5943,7,100,2,0,0
332,26,30,1792,0,5,2,5,4,1,1,-70,0,690,9733,4,100,4,0,0
333,27,28,1536,0,11,3,4,5,1,2,-52,0,383,5282,5,100,2,0,0
336,4,1,512,0,32,6,1,7,2,1,-61,10,4005,21135,22,100,1,0,0
335,8,4,768,0,20,5,2,7,2,2,-70,10,3969,19890,17,100,2,0,0
334,17,18,1280,0,6,2,6,7,1,1,-52,0,996,9854,4,100,4,0,0
336,28,18,1280,0,16,2,3,6,1,1,-95,6,1618,18307,14,100,2,0,0
336,9,4,768,0,27,4,2,7,1,1,-52,1,484,10405,19,100,2,0,0
337,16,10,1024,0,9,3,5,4,1,1,-70,0,1653,11378,5,100,6,0,0
336,31,30,1792,0,7,2,5,4,1,1,-52,0,353,3726,4,100,2,0,0
337,30,28,1536,0,11,3,4,5,1,2,-95,2,1622,16846,7,100,4,0,0
338,1,0,256,0,10,0,0,3,0,0,0,10,814,10526,239,100,1,0,0
336,29,28,1536,0,10,2,3,7,1,1,-52,0,528,8901,12,100,3,0,0
339,12,8,1024,0,10,3,4,5,1,1,-70,0,523,5620,7,100,2,0,0
338,18,8,1024,0,20,3,3,7,2,1,-95,10,5405,36472,16,100,2,0,0
339,23,18,1280,0,12,5,4,7,1,3,-52,0,352,5039,7,100,1,0,0
338,3,1,512,10,24,6,1,7,1,1,-76,1,818,14463,22,100,2,0,0
337,7,3,768,0,20,5,3,6,1,2,-70,0,400,9974,13,100,2,0,0
339,27,28,1536,0,11,3,4,5,1,2,-52,0,435,5567,6,100,2,0,0
339,17,18,1280,10,7,2,6,7,1,1,-52,0,520,4879,4,100,3,0,0
339,10,5,768,0,11,5,6,7,1,2,-52,1,1820,15890,8,100,4,0,0
340,8,4,768,10,21,5,2,7,2,2,-70,10,2541,12657,18,100,2,0,0
340,22,18,1280,0,6,1,5,6,1,1,-70,0,660,8858,4,100,3,0,0
340,25,19,1536,0,16,9,3,6,1,4,-70,0,461,10305,11,100,2,0,0
341,19,18,1280,0,19,6,3,6,1,3,-52,1,1184,12258,13,100,2,0,0
341,5,1,512,10,26,7,3,7,1,1,-76,4,1116,16162,23,100,1,0,0
340,26,30,1792,0,5,2,5,4,1,1,-70,0,498,7133,4,100,3,0,0
342,30,28,1536,0,11,3,4,5,1,2,-95,2,674,7768,7,100,2,0,0
343,4,1,512,20,33,6,1,7,2,1,-61,10,4822,25691,23,100,2,0,0
343,2,4,768,0,12,3,3,5,1,1,-95,0,388,10213,14,100,1,0,0
344,1,0,256,0,10,0,0,3,0,0,0,10,1870,15545,257,100,1,0,0
344,6,5,768,0,11,5,5,5,1,2,-52,0,544,11179,8,100,3,0,0
344,28,18,1280,20,16,2,3,6,1,1,-95,5,2138,21620,15,100,1,0,0
344,11,5,768,0,20,6,2,5,1,1,-70,0,632,13881,16,100,3,0,0
345,16,10,1024,0,9,3,5,4,1,1,-70,0,460,8070,6,100,2,0,0
345,18,8,1024,10,21,3,3,7,2,1,-95,10,3742,25815,17,100,2,0,0
346,3,1,512,0,24,6,1,7,1,1,-76,1,736,11488,22,100,1,0,0
346,17,18,1280,0,7,3,6,7,1,1,-52,0,539,6850,5,100,2,0,0
346,9,4,768,0,27,4,2,7,1,1,-52,0,614,13211,20,100,1,0,0
345,7,3,768,0,21,5,3,6,1,2,-70,0,585,9613,14,100,3,0,0
347,26,30,1792,0,6,2,5,4,1,1,-70,0,534,5638,5,100,3,0,0
348,22,18,1280,0,7,2,5,6,1,1,-70,0,711,7006,5,100,4,0,0
348,8,4,768,0,21,5,2,7,2,2,-70,10,3697,22427,18,100,1,0,0
347,29,28,1536,0,12,2,3,7,1,1,-52,0,692,9560,13,100,3,0,0
348,4,1,512,0,33,6,1,7,2,1,-61,10,2847,16729,23,100,1,0,0
348,12,8,1024,0,11,3,4,5,1,1,-70,0,582,9309,8,100,3,0,0
348,31,30,1792,0,7,2,5,4,1,1,-52,0,675,10386,5,100,4,0,0
348,10,5,768,0,11,5,6,7,1,2,-52,1,907,11165,9,100,2,0,0
349,23,18,1280,0,12,6,4,7,1,3,-52,0,660,10218,8,100,3,0,0
349,6,5,768,0,11,5,5,5,1,2,-52,0,335,5117,9,100,1,0,0
349,28,18,1280,0,18,3,3,6,1,1,-95,5,1421,13686,15,100,2,0,0
350,1,0,256,0,10,0,0,3,0,0,0,10,1199,14504,262,100,1,0,0
351,5,1,512,0,27,7,3,7,1,1,-76,4,2056,21040,23,100,2,0,0
351,25,19,1536,0,17,9,3,6,1,4,-70,0,651,13300,11,100,4,0,0
351,27,28,1536,0,12,3,4,5,1,2,-52,0,746,10898,6,100,5,0,0
352,3,1,512,10,25,6,1,7,1,1,-76,1,642,7656,23,100,1,0,0
352,19,18,1280,10,20,7,3,6,1,3,-52,1,1081,16288,14,100,3,0,0
351,30,28,1536,0,12,3,4,5,1,2,-95,2,1293,15007,8,100,3,0,0
353,4,1,512,0,33,6,1,7,2,1,-61,10,1916,15010,23,100,1,0,0
352,7,3,768,0,21,5,3,6,1,2,-70,0,279,7365,14,100,1,0,0
353,8,4,768,0,21,5,2,7,2,2,-70,10,2156,14368,18,100,1,0,0
353,31,30,1792,0,8,2,5,4,1,1,-52,0,480,5080,5,100,3,0,0
355,10,5,768,0,11,5,6,7,1,2,-52,1,340,6641,9,100,1,0,0
354,23,18,1280,0,14,6,4,7,1,3,-52,0,802,5657,8,100,3,0,0
354,17,18,1280,0,7,3,6,7,1,1,-52,0,540,7824,5,100,3,0,0
354,2,4,768,0,13,3,3,5,1,1,-95,0,854,13794,15,100,2,0,0
355,26,30,1792,0,7,2,5,4,1,1,-70,0,599,7620,5,100,4,0,0
354,29,28,1536,0,14,3,3,7,1,1,-52,0,617,7822,13,100,3,0,0
356,1,0,256,0,11,0,0,3,0,0,0,10,1276,12523,267,100,2,0,0
357,11,5,768,0,20,6,2,5,1,1,-70,0,535,13442,17,100,2,0,0
357,22,18,1280,0,9,2,5,7,1,1,-70,0,846,9553,6,100,5,0,0
356,12,8,1024,0,11,3,4,5,1,1,-70,0,498,7839,8,100,3,0,0
356,16,10,1024,0,10,3,5,4,1,1,-70,0,624,8989,6,100,4,0,0
357,18,8,1024,0,23,3,3,7,2,1,-95,10,5184,35382,18,100,4,0,0
357,25,19,1536,0,19,9,3,7,1,4,-70,0,614,6409,12,100,2,0,0
357,9,4,768,0,27,4,2,7,1,1,-52,0,578,12675,21,100,3,0,0
360,6,5,768,0,11,5,5,5,1,2,-52,0,423,8748,9,100,2,0,0
359,2,4,768,0,13,3,3,5,1,1,-95,0,256,5364,15,100,1,0,0
359,30,28,1536,10,13,4,4,7,1,2,-95,2,1355,12927,9,100,3,0,0
360,3,1,512,0,25,7,1,7,1,1,-76,1,963,12992,23,100,2,0,0
358,29,28,1536,0,14,3,3,7,1,1,-52,0,343,4186,14,100,1,0,0
360,5,1,512,10,27,8,3,7,1,1,-76,4,1761,20480,24,100,1,0,0
360,28,18,1280,20,19,3,3,7,1,1,-95,5,3150,28491,16,100,3,0,0
359,31,30,1792,0,8,2,5,4,1,1,-52,0,336,5846,6,100,1,0,0
359,7,3,768,0,21,5,3,6,1,2,-70,0,387,8605,15,100,1,0,0
360,27,28,1536,0,12,4,4,5,1,2,-52,0,564,9076,7,100,2,0,0
362,10,5,768,0,11,5,6,7,1,2,-52,1,811,9239,10,100,2,0,0
362,9,4,768,0,27,4,2,7,1,1,-52,0,187,5187,21,100,0,0,0
362,18,8,1024,0,24,3,4,7,2,1,-95,10,2515,17379,18,100,2,0,0
362,22,18,1280,0,9,2,5,7,1,1,-70,0,491,6349,6,100,2,0,0
363,26,30,1792,0,9,2,5,6,1,1,-70,0,772,8303,6,100,3,0,0
363,19,18,1280,10,21,7,3,7,1,3,-52,1,1028,17577,15,100,4,0,0
363,31,30,1792,0,8,2,5,4,1,1,-52,0,521,4067,6,100,2,0,0
363,17,18,1280,0,8,3,6,7,1,1,-52,0,679,9173,6,100,4,0,0
365,3,1,512,0,25,7,1,7,1,1,-76,1,438,7241,24,100,0,0,0
365,16,10,1024,0,10,3,5,5,1,1,-70,0,556,7934,7,100,3,0,0
363,7,3,768,0,21,5,3,6,1,2,-70,0,255,4798,15,100,1,0,0
366,11,5,768,0,20,6,2,5,1,1,-70,0,306,10115,17,100,1,0,0
365,4,1,512,0,33,7,1,7,2,1,-61,10,6591,38372,24,100,2,0,0
365,8,4,768,0,23,5,2,7,2,2,-70,10,5380,33171,19,100,4,0,0
364,23,18,1280,0,16,6,4,7,1,3,-52,0,713,10947,9,100,4,0,0
366,25,19,1536,0,19,9,3,7,1,4,-70,0,554,8730,13,100,2,0,0
366,1,0,256,0,11,0,0,3,0,0,0,10,2576,26271,287,100,2,0,0
367,5,1,512,0,27,8,3,7,1,1,-76,4,1246,15557,24,100,2,0,0
367,2,4,768,0,13,3,3,5,1,1,-95,0,400,9288,15,100,2,0,0
368,28,18,1280,0,20,3,3,7,1,1,-95,5,1610,20043,16,100,3,0,0
368,12,8,1024,0,12,3,4,5,1,1,-70,0,703,10725,9,100,4,0,0
368,30,28,1536,0,13,4,4,7,1,2,-95,2,1267,14468,9,100,3,0,0
369,18,8,1024,0,24,3,5,7,2,1,-95,10,2213,20136,18,100,2,0,0
368,19,18,1280,0,22,7,3,7,1,3,-52,1,717,8881,15,100,2,0,0
368,27,28,1536,20,14,4,4,5,1,2,-52,0,587,7230,8,100,3,0,0
370,3,1,512,0,25,7,1,7,1,1,-76,1,512,8139,24,100,1,0,0
370,4,1,512,10,34,7,1,7,2,1,-61,10,2288,14847,24,100,2,0,0
369,9,4,768,0,27,4,2,7,1,1,-52,0,400,9150,21,100,2,0,0
369,29,28,1536,0,15,3,4,7,1,1,-52,0,586,9615,14,100,4,0,0
370,6,5,768,0,11,5,5,5,1,2,-52,0,600,11029,10,100,3,0,0
369,7,3,768,0,22,5,3,6,1,2,-70,0,380,7259,15,100,2,0,0
372,10,5,768,0,12,5,6,7,1,2,-52,1,919,12523,10,100,3,0,0
373,5,1,512,20,28,8,3,7,1,1,-76,4,1132,11724,25,100,2,0,0
371,23,18,1280,0,17,6,4,7,1,3,-52,0,505,7304,9,100,3,0,0
372,25,19,1536,0,19,9,3,7,1,4,-70,0,283,6668,13,100,1,0,0
372,17,18,1280,0,9,3,6,7,1,1,-52,0,502,8303,6,100,3,0,0
373,28,18,1280,10,21,3,3,7,1,1,-95,5,1319,13050,16,100,2,0,0
374,3,1,512,0,25,7,1,7,1,1,-76,1,657,7012,24,100,1,0,0
374,16,10,1024,0,10,3,5,5,1,1,-70,0,524,9280,7,100,3,0,0
373,22,18,1280,0,12,2,5,7,1,1,-70,0,1018,11494,7,100,5,0,0
374,9,4,768,0,27,5,2,7,1,1,-52,0,294,5821,22,100,0,0,0
374,11,5,768,0,21,7,2,5,1,1,-70,0,1019,12378,18,100,2,0,0
375,1,0,256,0,11,0,0,3,0,0,0,10,2393,21192,304,100,2,0,0
374,8,4,768,0,25,6,2,7,2,2,-70,10,4230,25869,20,100,3,0,0
373,27,28,1536,0,15,4,4,5,1,2,-52,0,537,5682,8,100,3,0,0
376,4,1,512,0,34,7,1,7,2,1,-61,10,4187,22725,25,100,1,0,0
374,30,28,1536,20,14,4,4,7,1,2,-95,2,1096,10969,10,100,2,0,0
377,5,1,512,0,28,8,3,7,1,1,-76,4,1149,10392,25,100,0,0,0
373,31,30,1792,0,8,2,5,4,1,1,-52,0,523,9138,7,100,2,0,0
373,26,30,1792,0,10,3,5,6,1,1,-70,0,976,11354,7,100,5,0,0
377,25,19,1536,0,20,10,3,7,1,4,-70,0,464,4670,13,100,2,0,0
377,29,28,1536,0,15,3,4,7,1,1,-52,0,363,7804,15,100,1,0,0
376,7,3,768,10,22,5,3,6,1,2,-70,0,363,8219,16,100,1,0,0
378,31,30,1792,0,8,3,5,4,1,1,-52,0,457,5071,7,100,2,0,0
378,12,8,1024,0,13,4,4,5,1,1,-70,0,664,9695,10,100,3,0,0
379,10,5,768,10,12,5,6,7,1,2,-52,1,665,9062,11,100,1,0,0
379,2,4,768,0,13,4,3,5,1,1,-95,0,682,14136,16,100,2,0,0
379,28,18,1280,0,21,3,3,7,1,1,-95,5,2308,17121,17,100,1,0,0
378,19,18,1280,0,24,7,3,7,1,3,-52,1,1574,16102,16,100,2,0,0
380,18,8,1024,0,25,4,5,7,2,1,-95,10,5462,37717,19,100,4,0,0
380,30,28,1536,0,14,4,4,7,1,2,-95,2,990,9455,10,100,2,0,0
381,8,4,768,0,25,6,2,7,2,2,-70,10,3068,18162,20,100,1,0,0
381,26,30,1792,0,10,3,5,6,1,1,-70,0,380,6352,7,100,2,0,0
381,17,18,1280,10,9,3,6,7,1,1,-52,0,457,7648,7,100,2,0,0
382,11,5,768,0,21,7,2,5,1,1,-70,0,414,8656,18,100,1,0,0
382,6,5,768,0,11,6,5,5,1,2,-52,0,686,11091,11,100,3,0,0
360,20,18,1664,60,1,1,6,2,0,1,-95,0,1151,29169,1,100,8,0,0
382,9,4,768,0,28,5,2,7,1,1,-52,0,559,10292,22,100,2,0,0
369,20,18,1664,80,2,1,6,3,0,1,-95,0,931,8576,1,100,7,0,0
382,27,28,1536,10,15,4,4,5,1,2,-52,0,493,8108,9,100,2,0,0
373,20,19,1664,70,3,2,6,4,0,2,-52,0,375,3624,1,100,3,0,0
384,3,1,512,0,25,7,1,7,1,1,-76,1,844,14545,25,100,2,0,0
383,23,18,1280,0,18,6,4,7,1,3,-52,0,971,11007,10,100,3,0,0
384,1,0,256,0,11,0,0,3,0,0,0,10,1712,21326,314,100,1,0,0
383,22,18,1280,10,12,2,5,7,1,1,-70,0,592,9223,8,100,3,0,0
384,12,8,1024,10,13,4,4,5,1,1,-70,0,379,5757,10,100,2,0,0
385,18,8,1024,0,25,4,6,7,2,1,-95,10,2324,17206,19,100,1,0,0
386,16,10,1024,0,12,3,5,5,1,1,-70,0,919,11017,8,100,4,0,0
385,20,19,1536,0,5,3,6,4,1,2,-52,0,1788,11817,1,100,7,0,0
386,4,1,512,20,34,7,1,7,2,1,-61,10,5481,33686,25,100,2,0,0
387,10,5,768,0,13,5,6,7,1,2,-52,1,791,10544,11,100,3,0,0
386,26,30,1792,0,10,3,5,6,1,1,-70,0,282,5493,7,100,1,0,0
386,25,19,1536,0,20,10,3,7,1,4,-70,0,461,8902,14,100,2,0,0
386,29,28,1536,0,15,3,4,7,1,1,-52,0,512,9472,16,100,2,0,0
388,5,1,512,10,29,8,3,7,1,1,-76,4,2074,24416,26,100,3,0,0
387,30,28,1536,20,15,4,4,7,1,2,-95,2,939,11759,11,100,1,0,0
387,7,3,768,0,23,5,3,6,1,2,-70,0,747,13134,17,100,2,0,0
389,11,5,768,0,21,7,2,5,1,1,-70,0,489,8538,19,100,2,0,0
389,2,4,768,0,14,4,3,5,1,1,-95,0,616,12279,17,100,2,0,0
390,8,4,768,0,26,6,2,7,2,2,-70,10,4361,25565,21,100,2,0,0
389,31,30,1792,0,9,3,5,4,1,1,-52,0,899,10234,8,100,3,0,0
389,6,5,768,0,13,6,5,5,1,2,-52,0,512,7044,11,100,2,0,0
389,28,18,1280,0,22,3,3,7,2,1,-95,5,2660,27098,18,100,3,0,0
389,27,28,1536,0,16,4,4,5,1,2,-52,0,537,6799,9,100,3,0,0
389,19,18,1280,10,25,7,3,7,1,3,-52,2,2150,21200,17,100,3,0,0
392,18,8,1024,0,25,4,6,7,2,1,-95,10,3047,22149,20,100,1,0,0
392,1,0,256,0,11,0,0,3,0,0,0,10,2552,20771,336,100,2,0,0
392,4,1,512,10,34,7,1,7,2,1,-61,10,3595,21287,26,100,1,0,0
392,17,18,1280,0,10,3,6,7,1,1,-52,0,802,10549,8,100,5,0,0
392,23,18,1280,0,19,6,4,7,1,3,-52,0,586,8609,11,100,3,0,0
392,20,19,1536,0,7,3,6,4,1,2,-52,0,878,7391,2,100,3,0,0
394,16,10,1024,0,12,3,5,5,1,1,-70,0,460,7519,9,100,2,0,0
393,9,4,768,0,28,5,2,7,1,1,-52,0,509,13155,23,100,2,0,0
395,10,5,768,0,13,5,6,7,1,2,-52,1,790,9623,12,100,2,0,0
395,3,1,512,0,25,7,1,7,1,1,-76,1,959,16130,26,100,2,0,0
395,12,8,1024,0,14,4,4,5,1,1,-70,0,609,9883,11,100,3,0,0
395,22,18,1280,10,13,2,5,7,1,1,-70,0,682,11258,8,100,4,0,0
394,7,3,768,10,23,5,3,6,1,2,-70,0,280,8563,17,100,1,0,0
395,25,19,1536,0,20,10,3,7,1,4,-70,0,332,9357,14,100,1,0,0
395,29,28,1536,10,15,3,4,7,1,1,-52,0,404,8600,16,100,2,0,0
397,30,28,1536,0,16,4,4,7,1,2,-95,2,1273,16327,11,100,4,0,0
398,17,18,1280,0,10,3,6,7,1,1,-52,0,283,5100,8,100,1,0,0
399,5,1,512,0,29,8,3,7,1,1,-76,4,1655,22841,26,100,1,0,0
399,28,18,1280,0,23,3,3,7,2,1,-95,5,1253,20169,18,100,2,0,0
397,23,18,1280,0,19,6,4,7,1,3,-52,0,283,5687,11,100,1,0,0
399,16,10,1024,0,12,3,5,5,1,1,-70,0,258,5060,9,100,1,0,0
398,2,4,768,0,14,4,3,5,1,1,-95,0,328,11547,17,100,1,0,0
398,26,30,1792,0,11,3,5,6,1,1,-70,0,705,11882,8,100,4,0,0
400,18,8,1024,10,26,4,6,7,2,1,-95,10,3083,26458,20,100,3,0,0
400,8,4,768,10,26,6,2,7,2,2,-70,10,4038,26454,21,100,2,0,0
399,27,28,1536,0,16,4,4,5,1,2,-52,0,483,9820,10,100,2,0,0
400,11,5,768,0,22,7,2,5,1,1,-70,0,550,13323,19,100,3,0,0
401,6,5,768,0,13,6,5,5,1,2,-52,0,601,10896,12,100,3,0,0
401,31,30,1792,0,9,3,5,4,1,1,-52,0,763,10714,8,100,3,0,0
402,12,8,1024,0,14,4,4,5,1,1,-70,0,379,6584,11,100,2,0,0
402,1,0,256,0,11,0,0,3,0,0,0,10,2035,24063,346,100,1,0,0
402,4,1,512,10,34,7,1,7,2,1,-61,10,4912,30832,26,100,2,0,0
403,3,1,512,0,26,7,1,7,1,1,-76,1,948,12499,26,100,1,0,0
401,19,18,1280,10,25,8,3,7,1,3,-52,2,1428,21384,18,100,3,0,0
402,22,18,1280,0,14,3,5,7,1,1,-70,0,551,7196,9,100,1,0,0
402,7,3,768,0,23,5,3,6,1,2,-70,0,457,8492,18,100,2,0,0
402,20,19,1536,0,7,3,6,5,1,2,-52,0,934,9706,2,100,5,0,0
403,25,19,1536,0,21,10,3,7,1,4,-70,0,562,7370,15,100,3,0,0
404,29,28,1536,0,16,3,4,7,1,1,-52,0,517,8385,17,100,2,0,0
405,9,4,768,0,28,5,2,7,1,1,-52,0,505,13243,24,100,2,0,0
406,5,1,512,0,29,8,3,7,1,1,-76,4,1551,15980,27,100,2,0,0
406,18,8,1024,0,26,4,6,7,2,1,-95,10,3147,22646,21,100,1,0,0
406,10,5,768,0,13,5,6,7,1,2,-52,1,1013,14704,13,100,3,0,0
406,30,28,1536,10,16,4,4,7,1,2,-95,2,1229,14155,12,100,2,0,0
406,31,30,1792,0,9,3,5,4,1,1,-52,0,314,4732,9,100,1,0,0
407,11,5,768,0,22,7,2,5,1,1,-70,0,366,7885,20,100,1,0,0
408,28,18,1280,0,23,4,3,7,2,1,-95,5,2363,24240,19,100,2,0,0
408,4,1,512,10,35,7,1,7,2,1,-61,10,3237,18943,27,100,1,0,0
407,26,30,1792,0,11,3,5,6,1,1,-70,0,460,8588,9,100,2,0,0
408,27,28,1536,0,18,4,4,5,1,2,-52,0,612,7184,10,100,3,0,0
408,8,4,768,10,26,6,2,7,2,2,-70,10,4594,26532,22,100,2,0,0
407,25,19,1536,0,21,10,3,7,1,4,-70,0,163,3832,15,100,0,0,0
407,23,18,1280,10,20,7,4,7,1,3,-52,0,641,9581,12,100,3,0,0
409,17,18,1280,0,10,4,6,7,1,1,-52,0,660,10373,9,100,3,0,0
408,20,19,1536,0,8,3,6,5,1,2,-52,0,534,5351,3,100,3,0,0
409,19,18,1280,0,25,8,3,7,1,3,-52,2,1261,13907,18,100,1,0,0
410,16,10,1024,0,12,3,5,5,1,1,-70,0,604,9962,10,100,3,0,0
410,12,8,1024,0,16,4,4,5,1,1,-70,0,570,7698,12,100,2,0,0
410,2,4,768,0,14,4,3,5,1,1,-95,0,630,14084,18,100,3,0,0
411,3,1,512,0,26,7,1,7,1,1,-76,1,929,14481,27,100,2,0,0
412,6,5,768,0,13,6,5,5,1,2,-52,0,481,9695,13,100,2,0,0
412,30,28,1536,0,16,4,4,7,1,2,-95,2,725,8535,12,100,1,0,0
413,28,18,1280,10,24,4,3,7,2,1,-95,5,1048,10960,19,100,2,0,0
412,5,1,512,0,29,8,3,7,1,1,-76,4,1326,16166,27,100,1,0,0
413,22,18,1280,0,15,3,5,7,1,1,-70,0,625,9668,9,100,4,0,0
414,11,5,768,10,22,7,2,5,1,1,-70,0,280,7408,20,100,1,0,0
413,20,19,1536,0,8,3,6,5,1,2,-52,0,256,4337,3,100,1,0,0
412,7,3,768,0,23,5,3,6,1,2,-70,0,476,13207,18,100,2,0,0
414,1,0,256,0,11,0,0,3,0,0,0,10,2716,28134,363,100,3,0,0
413,4,1,512,0,36,7,1,7,2,1,-61,10,3033,19784,27,100,2,0,0
413,9,4,768,0,28,5,3,7,1,1,-52,0,509,11715,24,100,3,0,0
415,26,30,1792,0,11,3,5,6,1,1,-70,0,403,6543,9,100,2,0,0
415,10,5,768,0,13,5,6,7,1,2,-52,1,719,11779,13,100,2,0,0
413,8,4,768,0,28,6,2,7,2,2,-70,10,2764,18260,23,100,2,0,0
416,18,8,1024,10,26,4,6,7,2,1,-95,10,4050,34838,21,100,2,0,0
416,31,30,1792,0,9,3,5,4,1,1,-52,0,425,8660,9,100,2,0,0
417,29,28,1536,0,17,3,4,7,1,1,-52,0,856,10801,17,100,2,0,0
418,22,18,1280,0,15,3,5,7,1,1,-70,0,314,4487,10,100,1,0,0
418,19,18,1280,0,26,8,3,7,1,3,-52,2,1327,16792,19,100,2,0,0
418,17,18,1280,0,11,4,6,7,1,1,-52,0,535,8699,9,100,2,0,0
418,25,19,1536,0,21,11,3,7,1,4,-70,0,565,10240,16,100,2,0,0
419,20,19,1536,0,8,4,6,5,1,2,-52,0,457,5167,3,100,2,0,0
419,6,5,768,0,13,6,5,5,1,2,-52,0,532,6989,13,100,2,0,0
420,12,8,1024,0,16,4,4,5,1,1,-70,0,427,8773,12,100,2,0,0
419,3,1,512,0,26,7,1,7,1,1,-76,1,832,12470,27,100,2,0,0
421,27,28,1536,0,18,4,4,5,1,2,-52,0,508,11149,11,100,2,0,0
420,28,18,1280,0,24,4,3,7,2,1,-95,5,1770,17895,20,100,1,0,0
421,16,10,1024,0,13,3,5,5,1,1,-70,0,661,10076,11,100,2,0,0
419,2,4,768,10,14,4,3,5,1,1,-95,0,388,11588,19,100,1,0,0
420,23,18,1280,0,20,7,4,7,1,3,-52,0,718,11512,13,100,3,0,0
423,18,8,1024,20,26,4,6,7,2,1,-95,10,3257,23515,22,100,1,0,0
422,19,18,1280,0,27,8,3,7,1,3,-52,2,876,7944,19,100,1,0,0
422,11,5,768,0,22,7,2,5,1,1,-70,0,583,10459,21,100,2,0,0
421,9,4,768,0,28,5,3,7,1,1,-52,0,392,8898,25,100,1,0,0
422,1,0,256,0,11,0,0,3,0,0,0,10,2452,21935,386,100,1,0,0
422,4,1,512,20,36,7,1,7,2,1,-61,10,5517,30350,28,100,2,0,0
424,30,28,1536,0,16,4,4,7,1,2,-95,2,1301,17966,13,100,2,0,0
423,17,18,1280,0,12,4,6,7,1,1,-52,0,415,4792,10,100,2,0,0
423,10,5,768,0,13,5,6,7,1,2,-52,1,817,10348,14,100,2,0,0
423,26,30,1792,0,11,3,5,6,1,1,-70,0,459,8050,10,100,2,0,0
423,5,1,512,10,29,8,3,7,1,1,-76,4,2276,24704,28,100,2,0,0
424,31,30,1792,0,11,3,5,4,1,1,-52,0,879,7782,10,100,3,0,0
424,6,5,768,0,13,6,5,5,1,2,-52,0,363,6079,14,100,1,0,0
424,7,3,768,10,24,5,3,6,1,2,-70,0,610,13732,19,100,3,0,0
426,22,18,1280,0,15,3,5,7,1,1,-70,0,428,8111,10,100,2,0,0
425,8,4,768,10,28,6,2,7,2,2,-70,10,4748,30596,23,100,2,0,0
426,3,1,512,0,26,7,1,7,1,1,-76,1,589,10090,28,100,1,0,0
427,23,18,1280,0,20,7,4,7,1,3,-52,0,308,6420,13,100,1,0,0
427,20,19,1536,10,8,4,6,5,1,2,-52,0,600,7455,4,100,3,0,0
428,12,8,1024,0,16,4,4,5,1,1,-70,0,459,7283,13,100,2,0,0
428,11,5,768,0,22,7,2,5,1,1,-70,0,282,6229,21,100,1,0,0
429,28,18,1280,30,24,4,3,7,2,1,-95,5,1278,17800,20,100,1,0,0
428,19,18,1280,0,27,8,3,7,1,3,-52,2,772,10793,19,100,1,0,0
428,1,0,256,0,11,0,0,3,0,0,0,10,894,12666,388,100,1,0,0
427,2,4,768,0,14,4,3,5,1,1,-95,0,427,9323,19,100,2,0,0
429,30,28,1536,0,16,4,4,7,1,2,-95,2,675,7694,13,100,1,0,0
429,29,28,1536,0,17,3,4,7,1,1,-52,0,616,11392,18,100,2,0,0
429,25,19,1536,0,21,11,3,7,1,4,-70,0,486,9314,17,100,2,0,0
429,27,28,1536,0,18,4,4,5,1,2,-52,0,485,8740,12,100,2,0,0
429,16,10,1024,0,13,3,5,5,1,1,-70,0,526,8607,11,100,3,0,0
429,9,4,768,0,28,5,3,7,1,1,-52,0,373,8866,25,100,1,0,0
430,31,30,1792,0,11,3,5,4,1,1,-52,0,497,5335,10,100,1,0,0
429,18,8,1024,0,26,4,6,7,2,1,-95,10,3418,27353,22,100,1,0,0
431,5,1,512,0,29,8,3,7,1,1,-76,4,1161,15457,28,100,2,0,0
431,4,1,512,20,36,7,1,7,2,1,-61,10,4379,27740,28,100,1,0,0
431,10,5,768,0,14,5,6,7,1,2,-52,1,676,9821,14,100,1,0,0
431,7,3,768,0,24,5,3,6,1,2,-70,0,376,7973,19,100,1,0,0
433,20,19,1536,0,8,4,6,5,1,2,-52,0,403,5704,4,100,2,0,0
432,12,8,1024,0,16,4,4,5,1,1,-70,0,282,5512,13,100,1,0,0
432,6,5,768,0,13,6,5,5,1,2,-52,0,303,7442,14,100,1,0,0
432,19,18,1280,0,27,8,3,7,1,3,-52,2,809,10790,20,100,1,0,0
433,3,1,512,0,26,7,1,7,1,1,-76,1,734,11757,28,100,1,0,0
433,9,4,768,0,28,5,3,7,1,1,-52,0,255,5898,25,100,1,0,0
433,17,18,1280,10,12,4,6,7,1,1,-52,0,549,9942,11,100,3,0,0
435,11,5,768,0,22,7,2,5,1,1,-70,0,364,8419,22,100,1,0,0
433,28,18,1280,0,25,4,3,7,2,1,-95,5,1799,15016,21,100,2,0,0
435,27,28,1536,10,18,4,4,5,1,2,-52,0,259,4844,12,100,1,0,0
435,10,5,768,0,14,5,6,7,1,2,-52,1,461,5350,15,100,1,0,0
435,25,19,1536,0,21,11,3,7,1,4,-70,0,326,6024,17,100,1,0,0
435,26,30,1792,0,11,3,5,6,1,1,-70,0,605,10592,11,100,3,0,0
435,30,28,1536,0,16,4,4,7,1,2,-95,2,1173,12077,14,100,2,0,0
435,8,4,768,0,28,6,2,7,2,2,-70,10,5537,30935,24,100,2,0,0
436,4,1,512,10,36,7,1,7,2,1,-61,10,3418,17949,29,100,1,0,0
435,22,18,1280,0,16,3,5,7,1,1,-70,0,688,9969,11,100,3,0,0
437,5,1,512,0,29,8,3,7,1,1,-76,4,1630,14252,29,100,1,0,0
436,23,18,1280,0,20,7,5,7,1,3,-52,0,637,9805,14,100,4,0,0
438,16,10,1024,0,13,3,5,5,1,1,-70,0,460,8205,12,100,2,0,0
437,18,8,1024,0,27,4,6,7,2,1,-95,10,3840,29324,23,100,2,0,0
440,29,28,1536,10,17,4,4,7,1,1,-52,0,593,10417,19,100,2,0,0
438,17,18,1280,0,12,4,6,7,1,1,-52,0,316,4707,11,100,1,0,0
438,12,8,1024,0,16,4,4,5,1,1,-70,0,435,5728,14,100,2,0,0
437,2,4,768,0,14,4,3,5,1,1,-95,0,508,12935,20,100,2,0,0
439,1,0,256,0,11,0,0,3,0,0,0,10,3079,27814,411,100,2,0,0
439,31,30,1792,0,11,3,5,4,1,1,-52,0,484,9158,11,100,2,0,0
438,7,3,768,0,24,5,3,6,1,2,-70,0,387,8727,20,100,1,0,0
439,6,5,768,0,13,6,5,5,1,2,-52,0,432,5988,15,100,2,0,0
439,28,18,1280,0,26,4,3,7,2,1,-95,5,1537,13461,21,100,2,0,0
440,25,19,1536,0,22,11,3,7,1,4,-70,0,410,5617,17,100,1,0,0
439,19,18,1280,0,27,8,3,7,1,3,-52,2,1055,13032,20,100,2,0,0
442,27,28,1536,0,18,5,4,5,1,2,-52,0,485,6845,12,100,2,0,0
441,5,1,512,0,29,8,3,7,1,1,-76,4,777,9866,29,100,1,0,0
440,8,4,768,0,28,6,2,7,2,2,-70,10,2121,13850,24,100,1,0,0
442,11,5,768,0,22,7,2,5,1,1,-70,0,304,8451,22,100,1,0,0
441,23,18,1280,0,20,7,5,7,1,3,-52,0,329,4522,14,100,1,0,0
442,26,30,1792,0,12,3,5,6,1,1,-70,0,843,7393,11,100,1,0,0
442,18,8,1024,0,27,4,7,7,2,1,-95,10,2756,17439,23,100,2,0,0
443,3,1,512,0,26,7,1,7,1,1,-76,1,788,13739,29,100,2,0,0
444,30,28,1536,0,16,5,4,7,1,2,-95,2,915,13305,14,100,1,0,0
445,29,28,1536,0,17,4,4,7,1,1,-52,0,313,4772,19,100,1,0,0
443,2,4,768,0,14,4,3,5,1,1,-95,0,336,7228,21,100,1,0,0
444,19,18,1280,10,27,8,3,7,1,3,-52,2,314,7596,20,100,0,0,0
444,9,4,768,0,28,5,3,7,1,1,-52,0,532,13622,26,100,2,0,0
445,4,1,512,10,36,7,1,7,2,1,-61,10,4753,28823,29,100,2,0,0
443,12,8,1024,0,16,4,4,5,1,1,-70,0,282,6259,14,100,1,0,0
446,10,5,768,0,14,5,6,7,1,2,-52,2,824,12848,15,100,2,0,0
446,1,0,256,0,12,0,0,3,0,0,0,10,1636,16787,418,100,3,0,0
446,16,10,1024,0,14,3,5,6,1,1,-70,1,658,8265,12,100,2,0,0
446,18,8,1024,20,28,4,7,7,2,1,-95,10,1328,12957,24,100,1,0,0
447,11,5,768,0,23,7,2,5,1,1,-70,0,754,6594,22,100,1,0,0
447,25,19,1536,0,22,11,3,7,1,4,-70,0,620,7117,18,100,1,0,0
448,22,18,1280,0,16,3,5,7,1,1,-70,0,508,11034,12,100,2,0,0
447,7,3,768,0,25,5,3,6,1,2,-70,0,670,10961,21,100,2,0,0
447,6,5,768,10,13,6,5,5,1,2,-52,0,303,7593,15,100,1,0,0
450,31,30,1792,0,11,3,5,5,1,1,-52,0,484,9671,12,100,2,0,0
449,28,18,1280,0,26,4,3,7,2,1,-95,5,2401,23338,22,100,2,0,0
449,27,28,1536,0,18,5,4,5,1,2,-52,0,484,8534,13,100,2,0,0
449,17,18,1280,0,13,4,6,7,1,1,-52,0,609,11089,12,100,3,0,0
449,30,28,1536,0,16,5,4,7,1,2,-95,2,901,11104,15,100,1,0,0
449,2,4,768,0,15,4,3,5,1,1,-95,0,521,8349,21,100,1,0,0
450,19,18,1280,0,28,8,3,7,1,3,-52,2,701,11649,21,100,2,0,0
452,5,1,512,0,29,8,3,7,1,1,-76,5,2327,24305,30,100,2,0,0
452,26,30,1792,0,12,3,5,7,1,1,-70,0,497,9358,12,100,2,0,0
451,9,4,768,0,29,5,3,7,1,1,-52,0,590,8266,27,100,3,0,0
451,8,4,768,0,29,6,2,7,2,2,-70,10,5056,31101,25,100,3,0,0
452,23,18,1280,0,21,7,5,7,1,3,-52,0,609,10061,15,100,3,0,0
452,18,8,1024,0,29,4,7,7,2,1,-95,10,2912,20628,24,100,2,0,0
453,16,10,1024,0,14,3,5,6,1,1,-70,1,658,7925,13,100,2,0,0
454,11,5,768,0,23,7,2,6,1,1,-70,0,592,8643,23,100,2,0,0
454,3,1,512,0,28,7,1,7,1,1,-76,1,1274,17840,30,100,3,0,0
454,4,1,512,10,36,7,1,7,2,1,-61,10,4354,28581,30,100,2,0,0
455,25,19,1536,0,22,11,3,7,1,4,-70,0,381,6956,18,100,2,0,0
453,31,30,1792,0,11,3,5,5,1,1,-52,0,380,5628,12,100,2,0,0
454,29,28,1536,0,18,4,4,7,1,1,-52,0,638,10619,20,100,3,0,0
455,7,3,768,0,26,6,3,7,1,2,-70,1,746,9852,21,100,3,0,0
454,12,8,1024,0,19,4,4,5,1,1,-70,0,899,10848,15,100,4,0,0
457,5,1,512,0,29,8,3,7,1,1,-76,5,755,10554,30,100,1,0,0
457,6,5,768,0,14,6,5,5,1,2,-52,0,588,8752,16,100,2,0,0
455,22,18,1280,0,16,3,5,7,1,1,-70,0,461,8282,13,100,2,0,0
458,1,0,256,0,12,0,0,3,0,0,0,10,2533,26973,437,100,2,0,0
457,10,5,768,0,14,5,6,7,1,2,-52,2,1070,14998,16,100,2,0,0
456,19,18,1280,0,29,8,3,7,1,3,-52,2,811,11398,21,100,3,0,0
457,28,18,1280,10,26,4,3,7,2,1,-95,5,1322,16191,22,100,1,0,0
457,8,4,768,0,30,6,2,7,2,2,-70,10,2329,15776,25,100,2,0,0
459,3,1,512,0,29,7,1,7,1,1,-76,2,831,7997,30,100,2,0,0
457,26,30,1792,0,12,3,5,7,1,1,-70,0,380,5568,12,100,2,0,0
458,31,30,1792,0,11,3,5,5,1,1,-52,0,259,4217,12,100,1,0,0
459,2,4,768,0,15,4,3,5,1,1,-95,0,518,10630,22,100,1,0,0
459,29,28,1536,0,18,4,4,7,1,1,-52,0,260,4673,20,100,1,0,0
459,9,4,768,0,31,5,3,7,1,1,-52,0,535,10839,27,100,2,0,0
459,7,3,768,0,27,6,3,7,1,2,-70,1,412,6085,21,100,2,0,0
459,27,28,1536,0,20,5,4,5,1,2,-52,0,799,9640,14,100,3,0,0
460,30,28,1536,0,18,5,4,7,1,2,-95,2,1652,16654,15,100,3,0,0
460,25,19,1536,0,23,11,3,7,1,4,-70,0,465,6940,19,100,2,0,0
460,17,18,1280,0,14,4,6,7,1,1,-52,0,651,11248,12,100,4,0,0
460,12,8,1024,0,19,4,5,5,1,1,-70,0,311,5693,15,100,2,0,0
462,18,8,1024,30,30,4,8,7,1,1,-95,10,4260,35971,25,100,4,0,0
463,16,10,1024,0,14,3,5,6,1,1,-70,1,624,9685,14,100,2,0,0
461,26,30,1792,0,12,3,5,7,1,1,-70,0,272,4228,12,100,1,0,0
461,23,18,1280,0,24,7,5,7,1,3,-52,0,1121,10624,16,100,3,0,0
464,3,1,512,0,29,7,1,7,1,1,-76,2,657,8680,30,100,1,0,0
465,11,5,768,0,23,7,2,6,1,1,-70,0,537,12891,24,100,2,0,0
464,6,5,768,0,14,6,5,5,1,2,-52,0,410,6849,16,100,1,0,0
464,4,1,512,20,36,7,1,7,2,1,-61,10,5495,33225,31,100,2,0,0
464,31,30,1792,0,11,3,5,5,1,1,-52,0,339,5561,13,100,1,0,0
445,21,16,1408,30,1,1,8,2,0,1,-52,0,1105,81761,0,100,10,0,0
464,19,18,1280,10,30,8,3,7,1,3,-52,2,733,13301,22,100,2,0,0
467,1,0,256,0,12,0,0,3,0,0,0,10,2426,23353,459,100,1,0,0
465,28,18,1280,0,27,4,3,7,2,1,-95,5,2379,19746,23,100,2,0,0
464,22,18,1280,0,17,3,5,7,1,1,-70,0,529,8428,13,100,3,0,0
468,5,1,512,20,29,8,3,7,1,1,-76,5,2343,25056,31,100,1,0,0
456,21,16,1408,70,2,1,8,2,0,1,-52,0,1267,9153,1,100,9,0,0
467,18,8,1024,0,31,4,9,7,1,1,-95,10,2158,16364,25,100,3,0,0
461,21,16,1408,70,2,1,8,4,0,1,-52,0,477,4951,1,100,3,0,0
467,26,30,1792,0,13,3,5,7,1,1,-70,0,440,5824,13,100,2,0,0
465,21,16,1408,90,3,1,8,4,0,1,-52,0,516,4952,2,100,4,0,0
467,8,4,768,0,31,6,2,7,2,2,-70,10,4704,26295,26,100,3,0,0
468,31,30,1792,0,12,3,5,5,1,1,-52,0,483,4110,13,100,0,0,0
468,10,5,768,10,14,5,6,7,1,2,-52,2,1592,15663,17,100,2,0,0
468,30,28,1536,0,18,5,4,7,1,2,-95,2,1477,14341,16,100,2,0,0
468,11,5,768,0,23,7,2,6,1,1,-70,0,161,5090,24,100,0,0,0
468,23,18,1280,0,24,7,5,7,1,3,-52,0,386,6028,16,100,2,0,0
470,2,4,768,0,16,4,3,5,1,1,-95,0,526,12170,22,100,3,0,0
469,28,18,1280,0,27,4,3,7,2,1,-95,5,969,9910,23,100,1,0,0
469,7,3,768,0,28,6,3,7,1,2,-70,1,638,12042,22,100,2,0,0
469,25,19,1536,0,23,11,3,7,1,4,-70,0,471,8609,19,100,2,0,0
470,22,18,1280,0,18,3,5,7,1,1,-70,0,360,4628,13,100,2,0,0
470,9,4,768,0,31,5,3,7,1,1,-52,0,509,12812,28,100,2,0,0
471,29,28,1536,0,18,4,4,7,1,1,-52,0,536,10980,21,100,2,0,0
472,16,10,1024,0,14,3,5,6,1,1,-70,2,1568,11511,14,100,2,0,0
470,12,8,1024,0,21,4,5,5,1,1,-70,0,685,9105,16,100,4,0,0
471,27,28,1536,10,20,5,4,5,1,2,-52,0,428,10326,14,100,2,0,0
471,17,18,1280,0,16,4,6,7,1,1,-52,0,687,10118,13,100,4,0,0
473,3,1,512,0,30,7,1,7,1,1,-76,2,917,14088,31,100,3,0,0
472,19,18,1280,10,31,8,3,7,1,3,-52,2,864,13858,22,100,3,0,0
475,5,1,512,0,30,8,3,7,1,1,-76,6,1838,16453,31,100,2,0,0
474,4,1,512,0,36,7,1,7,2,1,-61,10,5205,32731,31,100,1,0,0
475,7,3,768,0,29,6,3,7,1,2,-70,1,437,6858,22,100,2,0,0
476,6,5,768,0,14,6,5,5,1,2,-52,0,480,10026,17,100,2,0,0
475,18,8,1024,10,31,4,9,7,1,1,-95,10,2934,27433,26,100,1,0,0
474,11,5,768,10,23,7,2,6,1,1,-70,0,280,7358,24,100,1,0,0
475,8,4,768,0,33,6,3,7,2,2,-70,10,3533,19101,27,100,3,0,0
475,22,18,1280,0,18,3,5,7,1,1,-70,0,339,5506,14,100,1,0,0
476,26,30,1792,0,13,3,5,7,1,1,-70,0,373,8008,13,100,1,0,0
477,3,1,512,0,31,7,1,7,1,1,-76,2,492,6359,31,100,1,0,0
476,31,30,1792,0,12,3,5,5,1,1,-52,0,618,7419,13,100,2,0,0
478,1,0,256,0,12,0,0,3,0,0,0,10,2580,26810,474,100,2,0,0
477,21,16,1280,0,5,1,8,5,1,1,-52,0,1538,13108,2,100,6,0,0
475,25,19,1536,0,23,11,3,7,1,4,-70,0,364,6385,20,100,1,0,0
476,29,28,1536,0,18,4,4,7,1,1,-52,0,284,5848,21,100,1,0,0
478,12,8,1024,0,22,4,5,5,1,1,-70,0,463,6787,17,100,2,0,0
478,2,4,768,0,18,4,3,5,1,1,-95,0,687,10696,23,100,4,0,0
478,9,4,768,0,33,5,3,7,1,1,-52,0,659,9952,29,100,4,0,0
479,11,5,768,0,23,7,2,6,1,1,-70,0,436,6400,25,100,1,0,0
479,10,5,768,0,15,5,6,7,1,2,-52,3,1613,15672,18,100,4,0,0
479,7,3,768,0,30,6,3,7,1,2,-70,1,496,5890,23,100,2,0,0
480,18,8,1024,50,32,4,9,7,1,1,-95,10,2155,15527,26,100,2,0,0
478,30,28,1536,0,18,5,4,7,1,2,-95,2,1362,16377,17,100,2,0,0
478,17,18,1280,0,17,4,6,7,1,1,-52,0,465,7022,14,100,2,0,0
481,16,10,1024,0,14,3,5,6,1,1,-70,2,898,13267,15,100,2,0,0
479,19,18,1280,0,32,8,3,7,1,3,-52,2,702,12843,23,100,2,0,0
483,5,1,512,0,30,8,3,7,1,1,-76,6,2131,18553,32,100,1,0,0
479,23,18,1280,0,26,7,5,7,1,3,-52,0,710,10230,17,100,4,0,0
480,28,18,1280,10,29,4,3,7,2,1,-95,5,2618,24666,24,100,4,0,0
480,31,30,1792,0,12,3,5,5,1,1,-52,0,315,4128,14,100,1,0,0
481,27,28,1536,0,20,5,4,5,1,2,-52,0,581,10197,15,100,2,0,0
453,20,16,1408,40,12,6,7,6,0,3,-70,0,236,3200,6,100,2,0,0
481,25,19,1536,0,23,11,3,7,1,4,-70,0,284,5314,20,100,1,0,0
485,4,1,512,0,38,7,1,7,2,1,-61,10,5205,30924,32,100,3,0,0
484,9,4,768,0,33,5,3,7,1,1,-52,0,307,6487,29,100,1,0,0
484,3,1,512,10,32,7,2,7,1,1,-76,2,1147,12299,32,100,4,0,0
460,20,16,1408,30,13,6,7,6,0,3,-70,0,852,6260,6,100,5,0,0
483,8,4,768,0,34,6,3,7,2,2,-70,10,3994,21943,27,100,3,0,0
484,7,3,768,0,30,6,3,7,1,2,-70,1,391,5092,23,100,1,0,0
484,19,18,1280,0,32,8,3,7,1,3,-52,2,521,8667,23,100,1,0,0
485,17,18,1280,0,17,4,6,7,1,1,-52,0,282,5314,14,100,1,0,0
483,12,8,1024,0,23,4,5,6,1,1,-70,0,449,6365,17,100,2,0,0
471,20,16,1408,60,14,6,7,6,0,3,-70,0,916,9502,7,100,3,0,0
485,6,5,768,0,15,6,5,5,1,2,-52,0,736,9701,18,100,3,0,0
476,20,16,1408,90,15,6,8,6,0,3,-70,0,323,3949,7,100,4,0,0
480,20,16,1408,90,15,6,8,6,0,3,-70,0,97,3423,7,100,1,0,0
486,10,5,768,10,16,5,6,7,1,2,-52,3,1548,10442,18,100,2,0,0
485,29,28,1536,0,19,4,4,7,1,1,-52,0,1019,9222,22,100,2,0,0
485,20,16,1280,20,16,6,8,7,1,3,-70,0,1166,7935,8,100,3,0,0
489,1,0,256,0,13,0,0,3,0,0,0,10,2501,25342,491,100,3,0,0
486,21,16,1280,0,5,1,8,6,1,1,-52,0,1005,9248,3,100,5,0,0
486,22,18,1280,10,20,3,5,7,1,1,-70,0,727,10278,15,100,3,0,0
488,11,5,768,0,24,7,2,6,1,1,-70,0,502,9339,25,100,3,0,0
489,2,4,768,0,19,4,3,5,1,1,-95,0,485,11605,24,100,2,0,0
488,27,28,1536,0,20,5,4,5,1,2,-52,0,340,6410,16,100,1,0,0
488,18,8,1024,0,33,4,9,7,1,1,-95,10,3734,28428,26,100,3,0,0
488,16,10,1024,0,14,3,5,6,1,1,-70,2,1873,13085,15,100,1,0,0
488,30,28,1536,0,18,5,4,7,1,2,-95,2,791,14537,17,100,2,0,0
492,5,1,512,0,31,8,3,7,1,1,-76,6,2757,20069,32,100,3,0,0
489,28,18,1280,0,30,4,3,7,1,1,-95,5,1915,19633,24,100,3,0,0
489,17,18,1280,0,17,4,6,7,1,1,-52,0,259,3983,14,100,1,0,0
490,31,30,1792,0,12,3,5,5,1,1,-52,0,397,9802,14,100,1,0,0
490,20,16,1280,0,17,6,8,7,1,3,-70,0,409,4535,8,100,2,0,0
490,23,18,1280,10,26,7,5,7,1,3,-52,0,485,10731,18,100,2,0,0
492,25,19,1536,0,23,11,3,7,1,4,-70,0,485,10349,21,100,2,0,0
493,21,16,1280,10,7,1,8,6,1,1,-52,0,954,6977,4,100,4,0,0
493,29,28,1536,0,19,4,4,7,1,1,-52,0,340,5979,23,100,1,0,0
494,11,5,768,0,24,7,2,6,1,1,-70,0,392,8211,26,100,1,0,0
495,4,1,512,20,40,7,1,7,2,1,-61,10,5208,32424,33,100,4,0,0
492,28,18,1280,10,30,4,3,7,1,1,-95,5,1014,9682,24,100,1,0,0
493,22,18,1280,0,21,3,5,7,1,1,-70,0,539,6628,15,100,3,0,0
494,8,4,768,0,36,6,4,7,2,2,-70,10,4470,25800,28,100,5,0,0
496,3,1,512,0,33,7,2,7,1,1,-76,2,1011,16511,32,100,3,0,0
494,18,8,1024,30,33,4,9,7,1,1,-95,10,2709,19691,27,100,1,0,0
496,1,0,256,0,14,0,0,3,0,0,0,10,2268,19184,510,100,3,0,0
492,27,28,1536,0,20,5,4,5,1,2,-52,0,283,5074,16,100,1,0,0
495,7,3,768,0,32,6,3,7,1,2,-70,1,958,14104,24,100,4,0,0
494,19,18,1280,0,34,8,3,7,1,3,-52,2,1213,18095,24,100,3,0,0
495,9,4,768,0,35,5,3,7,1,1,-52,0,734,14384,30,100,4,0,0
495,12,8,1024,0,23,4,5,7,1,1,-70,0,691,10924,18,100,2,0,0
496,6,5,768,0,15,6,5,5,1,2,-52,0,476,10836,18,100,2,0,0
495,30,28,1536,0,18,5,4,7,1,2,-95,2,696,10211,18,100,1,0,0
497,10,5,768,0,17,5,6,7,1,2,-52,3,1827,15365,19,100,3,0,0
497,20,16,1280,0,18,6,8,7,1,3,-70,0,439,6649,9,100,2,0,0
498,22,18,1280,0,21,3,5,7,1,1,-70,0,162,4187,15,100,0,0,0
499,2,4,768,0,21,4,3,5,1,1,-95,0,655,11801,24,100,4,0,0
498,18,8,1024,0,33,4,9,7,1,1,-95,10,1364,11991,27,100,1,0,0
499,29,28,1536,0,19,4,4,7,1,1,-52,0,283,5755,23,100,1,0,0
501,5,1,512,0,32,8,3,7,1,1,-76,6,2445,22565,33,100,2,0,0
498,25,19,1536,0,23,11,3,7,1,4,-70,0,285,5996,21,100,1,0,0
500,17,18,1280,0,19,4,6,7,1,1,-52,0,1120,10224,15,100,3,0,0
500,28,18,1280,0,31,4,3,7,1,1,-95,5,1228,15411,25,100,2,0,0
499,16,10,1024,0,15,3,5,6,1,1,-70,2,1802,18966,16,100,2,0,0
500,31,30,1792,0,13,3,5,5,1,1,-52,0,871,9994,15,100,2,0,0
501,10,5,768,0,18,6,6,7,1,2,-52,3,754,6740,19,100,1,0,0
499,27,28,1536,0,20,5,4,5,1,2,-52,0,283,6645,16,100,1,0,0
501,30,28,1536,0,18,5,4,7,1,2,-95,2,491,8595,18,100,1,0,0
502,19,18,1280,0,34,8,3,7,1,3,-52,1,1067,13872,24,100,1,0,0
502,23,18,1280,0,28,7,5,7,1,3,-52,0,769,10871,18,100,3,0,0
504,11,5,768,0,24,7,2,6,1,1,-70,0,425,10884,26,100,2,0,0
502,12,8,1024,0,24,4,5,7,1,1,-70,0,384,6713,18,100,2,0,0
504,21,16,1280,0,7,1,8,6,1,1,-52,0,645,9754,4,100,4,0,0
505,1,0,256,0,14,0,0,3,0,0,0,10,1597,19832,516,100,1,0,0
505,4,1,512,20,41,7,1,7,2,1,-61,10,4957,30368,33,100,3,0,0
505,2,4,768,0,21,4,3,5,1,1,-95,0,336,6701,25,100,1,0,0
504,9,4,768,0,36,5,3,7,1,1,-52,0,405,9676,30,100,2,0,0
504,8,4,768,10,36,6,5,7,2,2,-70,10,4028,24852,29,100,3,0,0
506,3,1,512,0,34,7,2,7,1,1,-76,2,892,14976,33,100,3,0,0
505,22,18,1280,0,21,3,5,7,1,1,-70,0,460,6231,16,100,2,0,0
504,27,28,1536,0,20,5,4,5,1,2,-52,0,339,4415,17,100,1,0,0
505,25,19,1536,0,23,11,3,7,1,4,-70,0,340,5928,22,100,1,0,0
506,29,28,1536,0,19,4,4,7,1,1,-52,0,404,6408,23,100,2,0,0
508,5,1,512,0,32,8,3,7,1,1,-76,6,1675,16248,34,100,2,0,0
506,7,3,768,10,33,6,3,7,1,2,-70,1,723,13048,25,100,3,0,0
507,17,18,1280,0,19,4,6,7,1,1,-52,0,309,6442,15,100,1,0,0
507,20,16,1280,0,19,6,8,7,1,3,-70,0,625,9096,9,100,4,0,0
509,11,5,768,0,24,7,2,6,1,1,-70,0,342,5070,27,100,1,0,0
507,28,18,1280,10,31,4,3,7,1,1,-95,5,1586,15973,25,100,1,0,0
506,12,8,1024,0,25,4,5,7,1,1,-70,0,383,4119,18,100,2,0,0
508,10,5,768,0,19,6,6,7,1,2,-52,3,1011,8344,20,100,3,0,0
509,1,0,256,0,15,0,0,3,0,0,0,10,1532,12133,529,100,2,0,0
509,6,5,768,0,15,6,5,5,1,2,-52,0,505,10786,19,100,2,0,0
508,18,8,1024,10,36,4,9,7,1,1,-95,10,4804,31497,28,100,4,0,0
508,19,18,1280,0,34,8,3,7,1,3,-52,1,577,11779,25,100,1,0,0
509,9,4,768,0,37,5,3,7,1,1,-52,0,464,7037,31,100,2,0,0
510,8,4,768,0,37,6,5,7,2,2,-70,10,2869,15590,29,100,2,0,0
509,30,28,1536,0,18,5,4,7,1,2,-95,2,620,12921,19,100,1,0,0
511,17,18,1280,0,19,4,6,7,1,1,-52,0,315,4122,16,100,1,0,0
513,2,4,768,0,22,4,3,5,1,1,-95,0,529,9769,25,100,3,0,0
512,7,3,768,0,34,6,3,7,1,2,-70,1,439,6639,25,100,2,0,0
511,16,10,1024,10,15,4,5,6,1,1,-70,3,1468,18115,17,100,2,0,0
512,31,30,1792,0,13,3,5,5,1,1,-52,0,722,10378,16,100,2,0,0
512,23,18,1280,0,28,7,5,7,1,3,-52,0,537,10057,19,100,2,0,0
515,11,5,768,0,24,7,2,6,1,1,-70,0,280,6998,27,100,1,0,0
513,20,16,1280,0,19,6,8,7,1,3,-70,0,432,6631,10,100,1,0,0
513,27,28,1536,0,20,5,4,5,1,2,-52,0,404,7682,17,100,2,0,0
513,12,8,1024,0,27,4,5,7,1,1,-70,0,439,5799,19,100,2,0,0
515,5,1,512,0,33,9,3,7,1,1,-76,7,2318,19226,34,100,2,0,0
515,21,16,1280,0,7,1,8,6,1,1,-52,1,919,11217,5,100,4,0,0
517,4,1,512,10,43,8,1,7,2,1,-61,10,5984,37668,34,100,4,0,0
515,22,18,1280,0,21,3,5,7,1,1,-70,0,484,10740,17,100,2,0,0
516,8,4,768,10,37,6,5,7,2,2,-70,10,1727,13579,29,100,1,0,0
517,3,1,512,0,37,8,2,7,1,1,-76,2,1549,19080,34,100,4,0,0
515,30,28,1536,0,18,5,4,7,1,2,-95,2,617,8976,19,100,2,0,0
516,16,10,1024,0,15,4,5,6,1,1,-70,3,727,8076,17,100,1,0,0
516,18,8,1024,10,37,4,9,7,1,1,-95,10,2763,24586,28,100,2,0,0
516,29,28,1536,0,19,4,4,7,1,1,-52,0,527,9980,24,100,1,0,0
518,2,4,768,0,23,4,3,5,1,1,-95,0,380,6501,25,100,2,0,0
517,10,5,768,0,21,7,6,7,1,2,-52,4,1631,13653,20,100,2,0,0
515,25,19,1536,0,24,11,3,7,1,4,-70,0,720,10728,23,100,2,0,0
517,9,4,768,10,38,6,3,7,1,1,-52,0,557,9112,31,100,3,0,0
520,1,0,256,0,15,0,0,3,0,0,0,10,2565,26187,543,100,2,0,0
519,6,5,768,0,15,7,5,5,1,2,-52,0,585,10964,20,100,2,0,0
518,19,18,1280,0,34,8,3,7,1,3,-52,1,815,17661,25,100,2,0,0
520,7,3,768,0,36,7,3,7,1,2,-70,1,782,10271,25,100,2,0,0
519,28,18,1280,0,32,4,3,7,1,1,-95,5,2277,25295,26,100,4,0,0
520,23,18,1280,0,28,7,5,7,1,3,-52,0,284,6000,19,100,1,0,0
521,11,5,768,0,24,8,2,6,1,1,-70,0,416,7837,28,100,1,0,0
521,3,1,512,10,37,8,2,7,1,1,-76,2,474,6888,34,100,0,0,0
522,5,1,512,20,33,9,3,7,1,1,-76,7,2131,17303,35,100,1,0,0
522,18,8,1024,0,37,4,9,7,1,1,-95,10,1718,15730,29,100,1,0,0
522,10,5,768,0,21,7,6,7,1,2,-52,4,707,6622,21,100,1,0,0
522,29,28,1536,0,19,4,4,7,1,1,-52,0,464,5823,25,100,2,0,0
521,17,18,1280,10,20,4,6,7,1,1,-52,0,529,10626,16,100,3,0,0
524,2,4,768,0,24,5,3,5,1,1,-95,0,526,7023,26,100,1,0,0
522,8,4,768,0,37,7,6,7,2,2,-70,10,2798,16895,30,100,2,0,0
522,27,28,1536,0,20,5,4,5,1,2,-52,0,626,9398,18,100,2,0,0
524,21,16,1280,0,7,1,8,6,1,1,-52,1,459,7431,5,100,2,0,0
522,25,19,1536,0,24,11,3,7,1,4,-70,0,309,6645,23,100,1,0,0
524,20,16,1280,0,19,6,8,7,1,3,-70,0,525,9728,10,100,3,0,0
526,1,0,256,0,15,0,0,3,0,0,0,10,1647,13936,556,100,1,0,0
524,23,18,1280,0,29,7,5,7,1,3,-52,0,416,4671,20,100,2,0,0
523,12,8,1024,0,27,4,5,7,1,1,-70,0,534,10446,19,100,2,0,0
526,4,1,512,0,44,8,1,7,2,1,-61,10,5701,32056,35,100,3,0,0
523,31,30,1792,0,14,3,5,5,1,1,-52,0,610,10680,17,100,3,0,0
525,22,18,1280,0,22,3,5,7,1,1,-70,0,616,9821,17,100,1,0,0
526,9,4,768,0,39,6,3,7,1,1,-52,0,513,10469,32,100,2,0,0
525,19,18,1280,0,34,8,3,7,1,3,-52,1,605,12114,26,100,1,0,0
527,10,5,768,10,22,7,6,7,1,2,-52,4,835,6494,21,100,2,0,0
527,7,3,768,0,37,7,3,7,1,2,-70,1,642,8920,26,100,3,0,0
526,30,28,1536,0,18,5,4,7,1,2,-95,2,869,16318,20,100,2,0,0
528,11,5,768,0,24,8,2,6,1,1,-70,0,360,8967,28,100,1,0,0
527,29,28,1536,0,19,4,4,7,1,1,-52,0,162,4609,25,100,0,0,0
528,3,1,512,0,38,8,2,7,1,1,-76,2,957,11203,35,100,3,0,0
527,16,10,1024,0,15,5,5,6,1,1,-70,3,1386,17141,18,100,2,0,0
528,18,8,1024,0,37,4,9,7,1,1,-95,10,2916,21152,29,100,1,0,0
528,21,16,1280,0,8,1,9,6,1,1,-52,1,441,4183,6,100,3,0,0
528,28,18,1280,0,33,4,3,7,1,1,-95,5,1902,20770,27,100,1,0,0
527,17,18,1280,0,20,4,6,7,1,1,-52,0,365,6518,17,100,1,0,0
529,23,18,1280,10,31,7,5,7,1,3,-52,0,886,6620,20,100,2,0,0
529,8,4,768,0,37,7,6,7,2,2,-70,10,3011,17314,30,100,1,0,0
530,6,5,768,0,16,7,5,5,1,2,-52,0,588,10603,21,100,2,0,0
530,19,18,1280,10,34,8,3,7,1,3,-52,1,437,8391,26,100,1,0,0
531,20,16,1280,0,21,6,8,7,1,3,-70,0,999,7470,11,100,2,0,0
533,5,1,512,0,35,9,3,7,1,1,-76,7,2898,26478,35,100,4,0,0
533,1,0,256,0,15,0,0,3,0,0,0,10,1478,18064,565,100,1,0,0
534,2,4,768,0,26,5,3,5,1,1,-95,0,650,12228,26,100,4,0,0
533,7,3,768,0,38,7,3,7,1,2,-70,1,437,7256,26,100,2,0,0
535,4,1,512,30,44,8,1,7,2,1,-61,10,3372,25714,35,100,1,0,0
532,12,8,1024,0,28,4,5,7,1,1,-70,0,561,8116,20,100,3,0,0
532,22,18,1280,0,23,3,5,7,1,1,-70,0,562,7095,18,100,3,0,0
533,9,4,768,0,40,6,3,7,1,1,-52,0,536,9273,32,100,2,0,0
533,25,19,1536,0,25,11,3,7,1,4,-70,0,562,9283,24,100,3,0,0
534,28,18,1280,10,33,4,3,7,1,1,-95,5,658,11139,27,100,1,0,0
534,29,28,1536,0,20,4,4,7,1,1,-52,0,725,6843,25,100,2,0,0
500,26,21,1664,60,16,5,5,7,0,2,-52,0,521,6946,15,100,1,0,0
534,27,28,1536,0,20,5,4,5,1,2,-52,0,484,10077,19,100,2,0,0
537,3,1,512,0,38,8,2,7,1,1,-76,2,790,12363,35,100,1,0,0
535,31,30,1792,0,15,3,5,5,1,1,-52,0,764,11150,17,100,3,0,0
537,10,5,768,10,22,7,6,7,1,2,-52,4,1508,13533,22,100,2,0,0
506,26,21,1664,80,17,5,5,7,0,2,-52,0,338,5728,16,100,2,0,0
515,26,21,1664,70,17,5,5,7,0,2,-52,0,596,8193,16,100,2,0,0
538,11,5,768,10,27,8,2,6,1,1,-70,0,1115,11308,29,100,4,0,0
537,30,28,1536,0,18,5,4,7,1,2,-95,2,680,16079,20,100,1,0,0
538,6,5,768,0,16,7,5,5,1,2,-52,0,308,6518,21,100,1,0,0
537,22,18,1280,0,23,3,5,7,1,1,-70,0,259,4225,18,100,1,0,0
521,26,21,1664,100,17,5,5,7,0,2,-52,0,242,6244,17,100,1,0,0
540,2,4,768,0,27,5,3,5,1,1,-95,0,441,6650,27,100,2,0,0
527,26,21,1664,100,17,5,5,7,0,2,-52,0,121,3936,17,100,1,0,0
537,12,8,1024,0,29,4,5,7,1,1,-70,0,383,4979,20,100,2,0,0
531,26,21,1664,90,18,5,5,7,0,2,-52,0,375,4263,17,100,2,0,0
538,19,18,1280,10,36,8,3,7,1,3,-52,1,830,13430,27,100,3,0,0
541,3,1,512,0,39,8,2,7,1,1,-76,2,568,6305,36,100,2,0,0
540,18,8,1024,40,38,4,9,7,1,1,-95,9,4518,36643,30,100,4,0,0
539,16,10,1024,0,18,5,5,6,1,1,-70,3,2596,20183,19,100,4,0,0
539,20,16,1280,0,22,6,8,7,1,3,-70,0,481,6864,11,100,3,0,0
538,27,28,1536,0,21,5,4,5,1,2,-52,0,270,3990,19,100,0,0,0
539,21,16,1280,0,8,1,9,7,1,1,-52,1,2022,14458,6,100,4,0,0
540,23,18,1280,0,32,7,5,7,1,3,-52,0,680,12875,21,100,3,0,0
542,5,1,512,40,35,9,3,7,1,1,-76,7,3304,23346,36,100,1,0,0
542,4,1,512,20,45,8,1,7,2,1,-61,10,4585,24953,36,100,3,0,0
541,8,4,768,0,37,7,7,7,2,2,-70,10,4284,26858,31,100,3,0,0
539,17,18,1280,0,20,4,6,7,1,1,-52,0,582,10566,17,100,2,0,0
540,31,30,1792,0,16,3,5,5,1,1,-52,0,417,4923,18,100,2,0,0
540,25,19,1536,0,26,11,3,7,1,4,-70,0,409,7250,24,100,2,0,0
542,11,5,768,0,27,8,2,6,1,1,-70,0,284,5060,29,100,1,0,0
543,29,28,1536,0,20,4,4,7,1,1,-52,0,605,8999,26,100,1,0,0
542,7,3,768,10,39,7,3,7,1,2,-70,1,792,11283,27,100,2,0,0
542,26,21,1536,0,19,5,5,7,1,2,-52,0,1565,11897,18,100,3,0,0
544,1,0,256,0,16,0,0,3,0,0,0,10,3373,28489,591,100,4,0,0
544,2,4,768,0,27,5,3,5,1,1,-95,0,279,5870,27,100,1,0,0
544,9,4,768,10,42,6,3,7,1,1,-52,0,770,11511,33,100,4,0,0
543,17,18,1280,0,20,4,6,7,1,1,-52,0,316,3719,18,100,1,0,0
542,12,8,1024,0,29,4,5,7,1,1,-70,0,338,4560,21,100,1,0,0
544,16,10,1024,10,18,5,5,6,1,1,-70,3,1071,8707,19,100,1,0,0
544,22,18,1280,0,24,3,5,7,1,1,-70,0,384,5650,18,100,2,0,0
544,28,18,1280,0,35,4,3,7,1,1,-95,4,2555,24569,28,100,4,0,0
545,8,4,768,0,37,7,7,7,2,2,-70,10,1769,10229,31,100,1,0,0
545,27,28,1536,0,21,5,4,5,1,2,-52,0,404,5963,19,100,2,0,0
546,20,16,1280,0,23,6,8,7,1,3,-70,0,464,6745,12,100,2,0,0
547,10,5,768,0,24,7,6,7,1,2,-52,4,2794,16281,22,100,4,0,0
546,19,18,1280,0,37,8,3,7,1,3,-52,1,888,14976,27,100,3,0,0
546,21,16,1280,0,8,1,9,7,1,1,-52,1,725,9801,7,100,2,0,0
546,30,28,1536,0,19,5,4,7,1,2,-95,1,994,14168,21,100,3,0,0
547,6,5,768,10,16,7,5,5,1,2,-52,0,480,9608,22,100,2,0,0
547,29,28,1536,10,21,4,4,7,1,1,-52,0,360,4089,26,100,2,0,0
549,12,8,1024,0,30,4,5,7,1,1,-70,0,359,3908,21,100,2,0,0
551,8,4,768,0,38,7,7,7,2,2,-70,10,1692,10150,31,100,1,0,0
549,22,18,1280,0,24,3,5,7,1,1,-70,0,339,5156,19,100,1,0,0
551,1,0,256,0,16,0,0,3,0,0,0,10,1292,14646,597,100,1,0,0
550,18,8,1024,0,39,4,9,7,1,1,-95,9,3780,29424,31,100,2,0,0
550,7,3,768,0,40,7,3,7,1,2,-70,1,714,9020,27,100,3,0,0
551,5,1,512,10,35,10,3,7,1,1,-76,7,2269,20853,36,100,2,0,0
549,28,18,1280,0,35,4,3,7,1,1,-95,4,1088,11956,28,100,1,0,0
549,25,19,1536,10,27,11,3,7,1,4,-70,0,563,8851,25,100,3,0,0
549,26,21,1536,0,20,5,5,7,1,2,-52,0,410,8044,18,100,2,0,0
552,4,1,512,0,46,9,1,7,2,1,-61,10,5016,30358,36,100,2,0,0
549,31,30,1792,0,16,3,5,5,1,1,-52,0,428,8985,18,100,2,0,0
551,3,1,512,0,40,9,3,7,1,1,-76,2,1351,17782,36,100,4,0,0
552,11,5,768,0,27,8,2,6,1,1,-70,0,509,12210,30,100,2,0,0
550,17,18,1280,0,21,4,6,7,1,1,-52,0,408,6527,18,100,2,0,0
553,9,4,768,0,42,6,3,7,1,1,-52,0,330,10219,33,100,1,0,0
553,6,5,768,0,16,7,5,5,1,2,-52,0,280,4113,22,100,1,0,0
552,23,18,1280,0,33,7,6,7,1,3,-52,0,582,14042,21,100,4,0,0
552,27,28,1536,0,23,5,4,5,1,2,-52,0,541,6306,20,100,3,0,0
553,19,18,1280,0,38,8,3,7,1,3,-52,1,706,12635,28,100,2,0,0
556,16,10,1024,0,19,5,5,6,1,1,-70,3,1528,17681,20,100,3,0,0
556,1,0,256,0,16,0,0,3,0,0,0,10,1724,14549,614,100,1,0,0
553,25,19,1536,10,28,11,3,7,1,4,-70,0,265,4235,25,100,1,0,0
556,11,5,768,0,28,8,2,6,1,1,-70,0,290,4945,30,100,1,0,0
556,2,4,768,10,28,5,3,5,1,1,-95,0,609,13614,28,100,3,0,0
555,18,8,1024,10,40,4,10,7,1,1,-95,10,2721,18388,31,100,3,0,0
555,20,16,1280,0,24,6,8,7,1,3,-70,0,505,8455,12,100,3,0,0
555,29,28,1536,0,22,4,4,7,1,1,-52,0,614,8480,27,100,3,0,0
557,9,4,768,0,42,6,3,7,1,1,-52,0,340,5216,34,100,1,0,0
557,5,1,512,10,35,10,3,7,1,1,-76,7,1940,15770,37,100,1,0,0
556,21,16,1280,0,9,1,9,7,1,1,-52,1,1158,12091,8,100,2,0,0
558,12,8,1024,0,31,4,5,7,1,1,-70,0,469,8042,22,100,1,0,0
555,31,30,1792,0,17,4,5,5,1,1,-52,0,521,5967,19,100,2,0,0
555,30,28,1536,0,21,5,4,7,1,2,-95,1,1659,16865,22,100,3,0,0
558,10,5,768,0,24,7,6,7,1,2,-52,4,1684,15885,23,100,2,0,0
557,27,28,1536,0,23,5,4,5,1,2,-52,0,283,5705,20,100,1,0,0
557,26,21,1536,0,22,5,5,7,1,2,-52,0,668,7306,19,100,3,0,0
560,8,4,768,0,38,7,7,7,2,2,-70,10,3966,23779,32,100,1,0,0
558,25,19,1536,0,28,11,3,7,1,4,-70,0,313,5388,25,100,0,0,0
560,4,1,512,0,47,9,1,7,2,1,-61,10,4581,28152,37,100,2,0,0
559,28,18,1280,0,36,4,3,7,1,1,-95,4,2332,22859,29,100,3,0,0
560,7,3,768,0,41,7,3,7,1,2,-70,1,569,12429,28,100,2,0,0
561,16,10,1024,10,19,5,5,6,1,1,-70,3,1136,8736,20,100,1,0,0
559,29,28,1536,0,22,4,4,7,1,1,-52,0,190,5058,27,100,0,0,0
560,22,18,1280,10,25,3,5,7,1,1,-70,0,529,10759,19,100,3,0,0
562,23,18,1280,0,34,7,6,7,1,3,-52,0,586,12450,22,100,3,0,0
562,3,1,512,0,42,9,3,7,1,1,-76,2,1027,16338,37,100,3,0,0
563,10,5,768,0,25,7,6,7,1,2,-52,4,1057,6744,23,100,2,0,0
561,19,18,1280,0,39,8,3,7,1,3,-52,1,1344,14823,28,100,2,0,0
563,5,1,512,20,35,10,3,7,1,1,-76,7,1649,14594,37,100,1,0,0
559,31,30,1792,0,18,4,5,5,1,1,-52,0,818,6116,19,100,1,0,0
563,9,4,768,0,43,6,3,7,1,1,-52,0,380,7938,34,100,2,0,0
562,6,5,768,0,16,7,5,5,1,2,-52,0,480,9909,23,100,2,0,0
562,17,18,1280,0,22,4,6,7,1,1,-52,0,609,11266,19,100,3,0,0
565,11,5,768,0,28,8,2,6,1,1,-70,0,401,9923,30,100,2,0,0
565,1,0,256,0,16,0,0,3,0,0,0,10,1870,21087,621,100,1,0,0
562,27,28,1536,0,23,5,4,5,1,2,-52,0,339,5176,21,100,1,0,0
565,12,8,1024,0,31,4,5,7,1,1,-70,0,403,7397,22,100,2,0,0
565,26,21,1536,0,22,5,5,7,1,2,-52,0,283,6491,19,100,1,0,0
566,4,1,512,10,49,9,1,7,2,1,-61,10,3166,18242,37,100,3,0,0
565,18,8,1024,10,40,4,10,7,1,1,-95,10,3717,30700,32,100,2,0,0
564,30,28,1536,0,21,5,4,7,1,2,-95,1,697,12531,22,100,2,0,0
567,8,4,768,0,38,8,8,7,2,2,-70,10,3199,18176,33,100,3,0,0
564,31,30,1792,0,18,4,5,5,1,1,-52,0,259,3965,19,100,1,0,0
566,28,18,1280,0,36,4,3,7,1,1,-95,4,1507,15113,29,100,1,0,0
568,2,4,768,10,31,6,3,5,1,1,-95,0,1031,14496,29,100,4,0,0
567,7,3,768,0,41,8,3,7,1,2,-70,1,593,8919,29,100,2,0,0
566,20,16,1280,0,25,7,8,7,1,3,-70,0,786,11133,13,100,4,0,0
568,21,16,1280,0,9,2,9,7,1,1,-52,1,1169,13708,8,100,3,0,0
569,3,1,512,0,43,9,3,7,1,1,-76,2,893,9396,37,100,2,0,0
568,6,5,768,0,17,7,5,5,1,2,-52,0,386,5371,23,100,1,0,0
568,25,19,1536,0,30,11,3,7,1,4,-70,0,693,9999,26,100,3,0,0
568,27,28,1536,10,24,5,4,5,1,2,-52,0,360,5226,21,100,2,0,0
570,16,10,1024,0,19,5,5,6,1,1,-70,3,1370,15290,21,100,2,0,0
569,19,18,1280,0,40,8,3,7,1,3,-52,1,809,13947,29,100,2,0,0
571,1,0,256,0,16,0,0,3,0,0,0,10,1937,16359,639,100,2,0,0
569,30,28,1536,0,22,5,4,7,1,2,-95,1,741,7820,23,100,2,0,0
572,18,8,1024,0,41,4,10,7,1,1,-95,10,2488,18778,32,100,2,0,0
570,26,21,1536,0,23,5,5,7,1,2,-52,0,440,5872,20,100,2,0,0
570,22,18,1280,0,27,3,5,7,1,1,-70,0,718,10567,20,100,3,0,0
572,9,4,768,0,43,7,3,7,1,1,-52,0,588,11325,35,100,2,0,0
570,31,30,1792,0,18,4,5,5,1,1,-52,0,339,5379,20,100,1,0,0
572,23,18,1280,0,35,7,6,7,1,3,-52,0,586,12388,23,100,3,0,0
574,4,1,512,10,50,9,1,7,2,1,-61,10,4186,25047,38,100,2,0,0
570,29,28,1536,0,23,4,4,7,1,1,-52,0,609,10712,28,100,3,0,0
573,17,18,1280,10,24,4,6,7,1,1,-52,0,1097,9874,20,100,3,0,0
574,10,5,768,10,25,7,6,7,1,2,-52,4,1690,15561,24,100,2,0,0
574,2,4,768,0,32,6,3,5,1,1,-95,0,478,7853,29,100,2,0,0
574,21,16,1280,0,9,2,9,7,1,1,-52,1,671,7511,9,100,2,0,0
574,19,18,1280,0,40,8,3,7,1,3,-52,1,344,7158,29,100,1,0,0
576,5,1,512,0,35,10,3,7,1,1,-76,7,3163,28640,38,100,2,0,0
575,12,8,1024,0,31,4,5,7,1,1,-70,0,549,9831,23,100,2,0,0
576,11,5,768,0,28,8,2,6,1,1,-70,0,561,13268,31,100,2,0,0
576,16,10,1024,0,19,5,5,6,1,1,-70,3,883,9329,21,100,1,0,0
577,28,18,1280,0,37,4,3,7,1,1,-95,4,1827,21281,30,100,3,0,0
576,25,19,1536,0,30,11,3,7,1,4,-70,0,430,7112,27,100,1,0,0
576,7,3,768,10,43,8,3,7,1,2,-70,1,692,11448,29,100,3,0,0
578,8,4,768,0,38,8,9,7,2,2,-70,10,4058,26852,33,100,3,0,0
578,20,16,1280,0,25,7,8,7,1,3,-70,0,509,10592,14,100,2,0,0
576,29,28,1536,0,23,4,4,7,1,1,-52,0,381,5191,28,100,2,0,0
580,3,1,512,0,45,9,3,7,1,1,-76,2,1015,16441,38,100,4,0,0
578,26,21,1536,0,23,5,5,7,1,2,-52,0,307,7060,20,100,1,0,0
578,19,18,1280,0,40,8,3,7,1,3,-52,1,630,8226,29,100,1,0,0
580,4,1,512,10,51,9,1,7,2,1,-61,10,2490,18081,38,100,2,0,0
579,10,5,768,10,26,7,6,7,1,2,-52,4,1068,8322,24,100,1,0,0
580,1,0,256,0,16,0,0,3,0,0,0,10,1623,20269,647,100,1,0,0
577,30,28,1536,0,22,5,4,7,1,2,-95,1,570,12040,23,100,1,0,0
579,6,5,768,0,17,7,5,5,1,2,-52,0,504,10860,24,100,2,0,0
579,27,28,1536,0,24,5,4,5,1,2,-52,0,453,9262,21,100,2,0,0
581,18,8,1024,10,42,4,10,7,1,1,-95,10,3268,26996,33,100,3,0,0
581,12,8,1024,0,32,4,5,7,1,1,-70,0,383,5402,23,100,2,0,0
581,23,18,1280,0,36,7,6,7,1,3,-52,0,439,11381,23,100,1,0,0
582,22,18,1280,0,27,3,5,7,1,1,-70,0,388,9480,21,100,1,0,0
582,7,3,768,0,44,8,3,7,1,2,-70,1,603,7056,30,100,2,0,0
583,16,10,1024,10,20,5,5,6,1,1,-70,3,1112,11312,22,100,2,0,0
583,21,16,1280,0,9,2,9,7,1,1,-52,1,781,10869,9,100,2,0,0
584,8,4,768,10,38,8,9,7,2,2,-70,10,2397,14277,34,100,1,0,0
584,3,1,512,10,46,9,3,7,1,1,-76,2,845,7413,38,100,2,0,0
583,26,21,1536,10,23,5,5,7,1,2,-52,0,315,4530,21,100,1,0,0
584,2,4,768,0,33,6,3,5,1,1,-95,0,609,12043,30,100,3,0,0
584,9,4,768,0,45,7,3,7,1,1,-52,0,627,14026,35,100,4,0,0
582,31,30,1792,0,18,4,5,5,1,1,-52,0,508,10698,21,100,2,0,0
582,29,28,1536,0,23,4,4,7,1,1,-52,0,396,5709,29,100,1,0,0
584,17,18,1280,10,24,4,6,7,1,1,-52,0,454,10985,20,100,2,0,0
584,20,16,1280,0,25,7,8,7,1,3,-70,0,284,6160,14,100,1,0,0
585,25,19,1536,0,30,11,3,7,1,4,-70,0,405,7134,27,100,2,0,0
586,28,18,1280,0,38,4,3,7,1,1,-95,4,2258,20733,31,100,2,0,0
586,12,8,1024,0,34,4,5,7,1,1,-70,0,629,5203,24,100,2,0,0
588,5,1,512,10,36,10,3,7,1,1,-76,7,3276,28960,39,100,2,0,0
587,4,1,512,20,52,9,1,7,2,1,-61,10,4474,25107,39,100,3,0,0
587,10,5,768,0,27,7,6,7,1,2,-52,4,1534,11039,25,100,3,0,0
586,27,28,1536,0,25,5,4,5,1,2,-52,0,446,6474,22,100,1,0,0
587,21,16,1280,0,9,2,9,7,1,1,-52,1,522,6049,10,100,1,0,0
587,11,5,768,0,29,8,2,6,1,1,-70,0,612,13601,32,100,3,0,0
587,30,28,1536,0,22,5,4,7,1,2,-95,1,818,12495,24,100,2,0,0
588,22,18,1280,0,27,3,5,7,1,1,-70,0,380,6172,21,100,2,0,0
589,26,21,1536,0,23,5,5,7,1,2,-52,0,284,5237,21,100,1,0,0
589,9,4,768,0,45,7,3,7,1,1,-52,0,364,7098,36,100,1,0,0
590,1,0,256,0,16,0,0,3,0,0,0,10,2637,24584,669,100,2,0,0
589,6,5,768,0,17,7,5,5,1,2,-52,0,457,8271,25,100,2,0,0
589,19,18,1280,0,40,8,3,7,1,3,-52,1,801,18481,30,100,2,0,0
590,16,10,1024,0,20,5,5,6,1,1,-70,3,1436,11716,22,100,1,0,0
589,25,19,1536,0,30,11,3,7,1,4,-70,0,260,4237,27,100,1,0,0
589,7,3,768,0,44,8,3,7,1,2,-70,1,387,9480,30,100,1,0,0
589,20,16,1280,0,25,7,8,7,1,3,-70,0,339,4749,15,100,1,0,0
591,2,4,768,0,34,6,3,5,1,1,-95,0,381,7961,30,100,2,0,0
591,18,8,1024,0,43,4,10,7,1,1,-95,10,3788,31136,33,100,2,0,0
591,27,28,1536,0,25,5,4,5,1,2,-52,0,259,3824,22,100,1,0,0
592,3,1,512,10,46,9,4,7,1,1,-76,2,667,11872,39,100,2,0,0
592,11,5,768,0,29,8,2,6,1,1,-70,0,352,5564,32,100,1,0,0
591,23,18,1280,0,36,7,6,7,1,3,-52,0,889,11353,24,100,2,0,0
593,8,4,768,0,39,8,10,7,2,2,-70,10,3587,22523,34,100,4,0,0
594,21,16,1280,0,9,2,9,7,1,1,-52,1,545,7758,10,100,1,0,0
595,4,1,512,10,53,9,1,7,2,1,-61,10,2916,22488,39,100,2,0,0
594,29,28,1536,0,24,4,4,7,1,1,-52,0,558,11821,29,100,2,0,0
595,28,18,1280,10,39,4,3,7,1,1,-95,4,1533,19648,31,100,3,0,0
596,12,8,1024,0,35,4,5,7,1,1,-70,0,431,8951,24,100,2,0,0
597,5,1,512,0,37,10,3,7,1,1,-76,7,2743,21778,39,100,3,0,0
596,2,4,768,0,35,6,3,5,1,1,-95,0,464,6676,31,100,2,0,0
597,11,5,768,0,29,9,2,6,1,1,-70,0,336,5343,32,100,1,0,0
596,9,4,768,0,47,7,3,7,1,1,-52,0,618,8506,36,100,2,0,0
596,31,30,1792,10,20,4,5,5,1,1,-52,0,958,11243,21,100,3,0,0
597,1,0,256,0,17,0,0,3,0,0,0,10,1837,17963,680,100,2,0,0
597,17,18,1280,0,24,4,6,7,1,1,-52,0,510,11385,21,100,2,0,0
595,20,16,1280,0,26,7,8,7,1,3,-70,0,496,5684,15,100,2,0,0
597,22,18,1280,0,27,3,5,7,1,1,-70,0,387,8622,22,100,1,0,0
598,6,5,768,0,17,8,5,5,1,2,-52,0,383,7108,25,100,1,0,0
597,19,18,1280,10,41,8,3,7,1,3,-52,1,846,12757,30,100,2,0,0
598,10,5,768,0,29,8,6,7,1,2,-52,4,2257,15531,25,100,3,0,0
598,3,1,512,0,47,9,4,7,1,1,-76,2,857,12343,39,100,2,0,0
598,26,21,1536,0,24,5,5,7,1,2,-52,0,585,8115,22,100,3,0,0
598,25,19,1536,0,31,11,3,7,1,4,-70,0,489,8924,28,100,2,0,0
599,30,28,1536,10,24,5,4,7,1,2,-95,1,1117,16585,24,100,3,0,0
600,8,4,768,10,41,8,10,7,2,2,-70,10,2875,17424,35,100,2,0,0
600,12,8,1024,0,35,4,5,7,1,1,-70,0,287,4138,24,100,1,0,0
600,23,18,1280,0,37,7,6,7,1,3,-52,0,586,11775,25,100,3,0,0
600,16,10,1024,0,21,5,5,6,1,1,-70,3,1651,17475,23,100,2,0,0
602,18,8,1024,20,45,4,10,7,1,1,-95,10,4117,32332,34,100,3,0,0
601,21,16,1280,0,9,2,9,7,1,1,-52,1,732,9148,10,100,2,0,0
602,4,1,512,10,54,9,1,7,2,1,-61,10,4086,23496,39,100,2,0,0
601,7,3,768,0,47,8,3,7,1,2,-70,1,925,14306,31,100,4,0,0
601,20,16,1280,0,26,7,8,7,1,3,-70,0,259,4864,15,100,1,0,0
601,28,18,1280,20,40,4,3,7,1,1,-95,4,1436,14504,32,100,1,0,0
603,6,5,768,0,17,8,5,5,1,2,-52,0,311,4790,26,100,1,0,0
603,9,4,768,0,48,7,3,7,1,1,-52,0,547,6951,37,100,2,0,0
601,19,18,1280,0,41,8,3,7,1,3,-52,1,549,6920,31,100,1,0,0
600,29,28,1536,0,26,4,4,7,1,1,-52,0,966,8257,30,100,3,0,0
601,31,30,1792,0,20,4,5,5,1,1,-52,0,448,5301,22,100,1,0,0
603,11,5,768,0,29,9,2,6,1,1,-70,0,364,7605,33,100,1,0,0
602,25,19,1536,0,31,11,3,7,1,4,-70,0,428,4391,28,100,1,0,0
602,27,28,1536,0,25,5,4,5,1,2,-52,0,509,10791,23,100,2,0,0
603,30,28,1536,0,25,5,4,7,1,2,-95,1,697,7674,25,100,1,0,0
605,5,1,512,10,39,11,3,7,1,1,-76,7,3552,24206,40,100,3,0,0
606,10,5,768,10,31,9,6,7,1,2,-52,4,1411,11077,26,100,2,0,0
606,4,1,512,20,56,10,1,7,2,1,-61,10,2607,14132,40,100,1,0,0
606,22,18,1280,10,29,3,5,7,1,1,-70,0,588,7096,22,100,3,0,0
605,12,8,1024,0,37,4,5,7,1,1,-70,0,546,5813,25,100,2,0,0
605,29,28,1536,10,26,4,4,7,1,1,-52,0,366,6160,30,100,1,0,0
607,1,0,256,0,18,0,0,3,0,0,0,10,2872,24993,695,100,3,0,0
609,18,8,1024,10,46,4,10,7,1,1,-95,10,2622,19969,34,100,1,0,0
608,8,4,768,0,43,9,11,7,2,2,-70,10,3599,20836,35,100,2,0,0
609,6,5,768,0,20,9,5,5,1,2,-52,0,680,6473,26,100,1,0,0
608,2,4,768,0,38,7,3,5,1,1,-95,0,955,14539,31,100,3,0,0
607,7,3,768,0,50,8,3,7,1,2,-70,1,629,7781,31,100,1,0,0
609,21,16,1280,0,11,2,9,7,1,1,-52,1,813,9212,11,100,2,0,0
607,17,18,1280,20,26,4,6,7,1,1,-52,0,586,9378,22,100,3,0,0
608,3,1,512,0,52,10,4,7,1,1,-76,2,1658,16655,40,100,3,0,0
608,23,18,1280,0,38,7,6,7,1,3,-52,0,415,9405,25,100,1,0,0
609,27,28,1536,0,26,5,4,5,1,2,-52,0,385,5976,23,100,2,0,0
610,9,4,768,0,51,8,3,7,1,1,-52,0,801,10011,37,100,2,0,0
610,10,5,768,0,31,9,6,7,1,2,-52,4,844,6692,26,100,1,0,0
609,16,10,1024,0,25,5,5,6,1,1,-70,3,1837,15104,24,100,2,0,0
609,31,30,1792,0,21,4,5,5,1,1,-52,0,511,7276,22,100,2,0,0
611,5,1,512,10,44,11,3,7,1,1,-76,7,2216,15587,41,100,1,0,0
610,26,21,1536,0,25,5,5,7,1,2,-52,0,559,10747,22,100,2,0,0
611,22,18,1280,0,30,3,5,7,1,1,-70,0,447,5621,23,100,1,0,0
610,11,5,768,0,33,10,2,6,1,1,-70,0,812,10910,33,100,1,0,0
610,20,16,1280,0,27,7,8,7,1,3,-70,0,591,9035,16,100,2,0,0
613,8,4,768,0,44,9,11,7,2,2,-70,10,1936,10937,36,100,2,0,0
611,25,19,1536,0,34,11,3,7,1,4,-70,0,824,8838,29,100,2,0,0
613,4,1,512,10,58,10,1,7,2,1,-61,10,4096,23956,40,100,3,0,0
614,18,8,1024,20,49,4,10,7,1,1,-95,10,2509,17635,35,100,2,0,0
613,28,18,1280,0,47,4,3,7,1,1,-95,4,2983,25574,32,100,2,0,0
613,10,5,768,0,33,9,6,7,1,2,-52,4,1155,6813,27,100,2,0,0
612,19,18,1280,0,43,8,3,7,1,3,-52,1,1292,17181,31,100,2,0,0
614,21,16,1280,0,11,2,9,7,1,1,-52,1,644,7199,11,100,1,0,0
612,29,28,1536,0,28,4,4,7,1,1,-52,0,578,8725,31,100,1,0,0
615,12,8,1024,0,41,5,5,7,1,1,-70,0,985,9658,26,100,3,0,0
613,30,28,1536,0,27,5,4,7,1,2,-95,1,957,14409,25,100,1,0,0
615,7,3,768,0,54,8,3,7,1,2,-70,1,1019,9809,32,100,3,0,0
615,6,5,768,10,25,9,5,5,1,2,-52,0,884,8078,27,100,2,0,0
613,23,18,1280,10,41,7,6,7,1,3,-52,0,580,6600,26,100,1,0,0
616,3,1,512,0,54,10,5,7,1,1,-76,2,1231,13505,41,100,4,0,0
615,17,18,1280,0,28,4,6,7,1,1,-52,0,750,8129,22,100,2,0,0
616,22,18,1280,0,31,3,5,7,1,1,-70,0,390,4769,23,100,1,0,0
615,20,16,1280,10,29,7,8,7,1,3,-70,0,390,4687,16,100,1,0,0
618,2,4,768,0,43,7,3,5,1,1,-95,0,1014,11780,32,100,3,0,0
616,11,5,768,0,34,10,2,6,1,1,-70,0,544,7290,34,100,1,0,0
618,9,4,768,0,53,8,3,7,1,1,-52,0,596,9681,38,100,2,0,0
618,1,0,256,0,18,0,0,3,0,0,0,10,3323,29505,719,100,2,0,0
617,16,10,1024,0,27,6,5,6,1,1,-70,3,1806,14811,24,100,1,0,0
619,8,4,768,10,48,9,12,7,2,2,-70,10,3389,20482,36,100,2,0,0
619,12,8,1024,0,43,5,5,7,1,1,-70,0,472,4386,26,100,1,0,0
620,17,18,1280,0,28,4,6,7,1,1,-52,0,315,4547,23,100,1,0,0
620,27,28,1536,0,29,5,4,5,1,2,-52,0,830,10822,24,100,2,0,0
619,7,3,768,0,55,8,3,7,1,2,-70,1,413,5365,32,100,2,0,0
620,31,30,1792,0,21,4,5,5,1,1,-52,0,508,10404,23,100,2,0,0
622,4,1,512,10,61,10,1,7,2,1,-61,10,4768,28472,41,100,2,0,0
623,18,8,1024,10,52,5,10,7,2,1,-95,10,4102,29227,35,100,3,0,0
622,5,1,512,10,45,11,3,7,1,1,-76,7,3263,27482,41,100,3,0,0
621,25,19,1536,0,36,11,3,7,1,4,-70,0,602,9127,30,100,1,0,0
620,21,16,1280,0,15,2,9,7,1,1,-52,1,1056,9967,12,100,2,0,0
621,23,18,1280,0,42,7,6,7,1,3,-52,0,541,10165,26,100,1,0,0
622,26,21,1536,10,30,5,5,7,1,2,-52,0,1020,11644,23,100,2,0,0
622,19,18,1280,0,46,8,3,7,1,3,-52,1,1220,15095,32,100,2,0,0
623,28,18,1280,10,48,4,3,7,1,1,-95,4,2141,21811,33,100,1,0,0
622,30,28,1536,0,30,5,4,7,1,2,-95,1,1047,13407,26,100,2,0,0
624,1,0,256,0,19,0,0,3,0,0,0,10,1222,13049,723,100,2,0,0
623,8,4,768,10,49,9,12,7,2,2,-70,10,2663,13518,36,100,2,0,0
624,22,18,1280,0,34,4,5,7,1,1,-70,0,708,7832,23,100,1,0,0
622,20,16,1280,0,30,7,8,7,1,3,-70,0,680,7416,17,100,1,0,0
623,29,28,1536,10,34,4,4,7,1,1,-52,0,1064,13184,31,100,3,0,0
625,9,4,768,0,56,8,3,7,1,1,-52,0,618,9950,38,100,2,0,0
625,3,1,512,10,61,10,5,7,1,1,-76,2,1340,14314,41,100,2,0,0
624,10,5,768,0,37,9,6,7,1,2,-52,4,2396,16864,27,100,4,0,0
626,12,8,1024,0,48,5,5,7,1,1,-70,0,811,7323,26,100,2,0,0
626,7,3,768,0,56,9,3,7,1,2,-70,1,523,7802,32,100,1,0,0
624,16,10,1024,0,28,6,5,6,1,1,-70,3,1486,12614,25,100,2,0,0
626,11,5,768,0,35,10,2,6,1,1,-70,0,533,11053,34,100,2,0,0
628,28,18,1280,0,50,5,3,7,1,1,-95,4,1381,12516,33,100,1,0,0
625,21,16,1280,0,17,2,9,7,1,1,-52,1,792,7585,12,100,1,0,0
628,8,4,768,0,50,9,12,7,2,2,-70,10,2103,13905,37,100,2,0,0
627,6,5,768,0,27,9,5,5,1,2,-52,0,770,11257,27,100,2,0,0
629,4,1,512,10,62,10,1,7,2,1,-61,10,4055,23900,41,100,2,0,0
630,30,28,1536,0,30,5,4,7,1,2,-95,1,626,10615,26,100,1,0,0
629,26,21,1536,0,32,5,5,7,1,2,-52,0,580,6674,24,100,1,0,0
629,2,4,768,0,47,7,3,5,1,1,-95,0,1021,14794,33,100,4,0,0
629,9,4,768,0,57,8,3,7,1,1,-52,0,356,5151,38,100,2,0,0
629,5,1,512,10,48,11,3,7,1,1,-76,7,2855,19748,42,100,2,0,0
629,18,8,1024,20,52,5,11,7,2,1,-95,10,4031,28114,36,100,2,0,0
630,17,18,1280,0,30,5,6,7,1,1,-52,0,625,9630,23,100,1,0,0
629,3,1,512,0,63,10,5,7,1,1,-76,2,1076,8680,42,100,2,0,0
631,27,28,1536,0,30,5,4,5,1,2,-52,0,568,8400,25,100,2,0,0
630,23,18,1280,0,49,8,6,7,1,3,-52,0,1207,12164,27,100,2,0,0
632,31,30,1792,0,26,4,5,5,1,1,-52,0,1020,10607,24,100,2,0,0
631,12,8,1024,0,51,5,5,7,1,1,-70,0,653,5654,27,100,2,0,0
631,7,3,768,10,59,9,3,7,1,2,-70,1,710,7398,33,100,2,0,0
630,20,16,1280,0,32,7,8,7,1,3,-70,0,702,7883,17,100,2,0,0
631,28,18,1280,0,52,5,3,7,1,1,-95,4,1533,12629,34,100,1,0,0
631,6,5,768,10,29,9,5,5,1,2,-52,0,526,4685,28,100,1,0,0
632,19,18,1280,0,49,9,3,7,1,3,-52,1,1140,16347,33,100,2,0,0
632,25,19,1536,0,39,11,3,7,1,4,-70,0,774,10778,30,100,2,0,0
634,29,28,1536,0,36,4,4,7,1,1,-52,0,598,10935,32,100,2,0,0
632,21,16,1280,0,19,2,9,7,1,1,-52,1,965,8991,13,100,1,0,0
635,22,18,1280,0,35,4,5,7,1,1,-70,0,591,10072,24,100,2,0,0
633,10,5,768,0,40,9,6,7,1,2,-52,4,1872,13934,28,100,2,0,0
635,1,0,256,0,20,0,0,3,0,0,0,10,3426,29359,746,100,3,0,0
632,16,10,1024,0,32,6,5,6,1,1,-70,3,1892,15611,25,100,1,0,0
636,31,30,1792,0,29,4,5,5,1,1,-52,0,485,4811,24,100,0,0,0
633,26,21,1536,10,35,5,5,7,1,2,-52,0,813,7366,24,100,2,0,0
635,28,18,1280,0,52,5,3,7,1,1,-95,4,788,8811,34,100,1,0,0
636,2,4,768,0,48,7,3,5,1,1,-95,0,407,8451,33,100,2,0,0
636,6,5,768,0,30,9,5,5,1,2,-52,0,290,4654,28,100,0,0,0
636,11,5,768,0,40,10,2,6,1,1,-70,0,1041,13201,35,100,3,0,0
637,7,3,768,0,62,9,3,7,1,2,-70,1,760,7718,33,100,2,0,0
638,8,4,768,10,53,9,13,7,2,2,-70,10,3924,26616,37,100,4,0,0
637,23,18,1280,10,52,8,6,7,1,3,-52,0,606,9091,27,100,1,0,0
639,17,18,1280,0,35,5,6,7,1,1,-52,0,995,9868,24,100,2,0,0
638,27,28,1536,0,35,5,4,5,1,2,-52,0,760,9371,25,100,1,0,0
639,9,4,768,0,59,8,3,7,1,1,-52,0,710,12425,39,100,4,0,0
638,30,28,1536,0,32,5,4,7,1,2,-95,1,1350,14953,27,100,2,0,0
640,5,1,512,10,51,11,3,7,1,1,-76,7,2970,24771,42,100,2,0,0
639,25,19,1536,0,41,11,3,7,1,4,-70,0,652,6451,31,100,2,0,0
641,3,1,512,0,69,10,6,7,1,1,-76,2,1742,17114,42,100,5,0,0
640,1,0,256,0,20,0,0,3,0,0,0,10,1064,12059,752,100,1,0,0
641,4,1,512,10,64,10,1,7,2,1,-61,10,6269,37409,42,100,4,0,0
641,18,8,1024,0,54,5,11,7,2,1,-95,10,4948,35679,37,100,3,0,0
640,19,18,1280,0,51,9,3,7,1,3,-52,1,1089,13354,33,100,1,0,0
641,6,5,768,0,31,9,5,5,1,2,-52,0,362,4497,28,100,1,0,0
640,16,10,1024,0,33,6,5,6,1,1,-70,3,1124,12445,26,100,2,0,0
641,20,16,1280,0,34,7,8,7,1,3,-70,0,698,9950,18,100,2,0,0
642,12,8,1024,0,56,5,5,7,1,1,-70,0,950,10937,27,100,4,0,0
643,27,28,1536,0,37,5,4,5,1,2,-52,0,529,4424,26,100,1,0,0
640,26,21,1536,0,36,5,5,7,1,2,-52,0,415,6546,24,100,1,0,0
643,9,4,768,0,60,8,3,7,1,1,-52,0,363,5518,39,100,1,0,0
644,2,4,768,10,50,7,3,5,1,1,-95,0,571,9164,34,100,2,0,0
642,21,16,1280,0,21,2,9,7,1,1,-52,1,1265,13323,13,100,2,0,0
642,31,30,1792,10,35,4,5,5,1,1,-52,0,1096,8277,25,100,3,0,0
645,11,5,768,0,42,10,2,6,1,1,-70,0,606,9321,36,100,1,0,0
644,8,4,768,0,53,9,13,7,2,2,-70,10,3005,18757,38,100,1,0,0
645,22,18,1280,0,40,4,5,7,1,1,-70,0,1020,10695,25,100,2,0,0
644,29,28,1536,0,42,4,4,7,1,1,-52,0,1263,14361,33,100,2,0,0
645,10,5,768,0,43,9,6,7,1,2,-52,4,2285,16913,29,100,4,0,0
645,23,18,1280,0,52,8,6,7,1,3,-52,0,485,10240,28,100,2,0,0
646,7,3,768,0,64,9,3,7,1,2,-70,1,871,11390,34,100,2,0,0
646,28,18,1280,0,54,5,3,7,1,1,-95,4,2645,24258,35,100,2,0,0
647,19,18,1280,0,52,9,3,7,1,3,-52,1,658,10534,34,100,1,0,0
648,4,1,512,0,66,10,1,7,2,1,-61,10,4175,24908,43,100,2,0,0
647,30,28,1536,0,33,5,4,7,1,2,-95,1,1292,12484,28,100,2,0,0
648,29,28,1536,0,43,4,4,7,1,1,-52,0,368,4894,33,100,1,0,0
648,25,19,1536,10,44,11,3,7,1,4,-70,0,540,9070,31,100,2,0,0
648,12,8,1024,0,59,5,5,7,1,1,-70,0,782,8002,28,100,2,0,0
648,20,16,1280,0,35,7,8,7,1,3,-70,0,470,6945,19,100,1,0,0
651,5,1,512,20,52,11,3,7,1,1,-76,7,3197,26460,43,100,2,0,0
647,16,10,1024,0,33,6,5,6,1,1,-70,3,1559,13649,26,100,1,0,0
649,17,18,1280,0,38,5,6,7,1,1,-52,0,829,11221,25,100,2,0,0
650,6,5,768,0,32,9,5,5,1,2,-52,0,563,7924,29,100,2,0,0
652,3,1,512,0,73,10,7,7,1,1,-76,2,1465,18319,43,100,4,0,0
652,1,0,256,0,20,0,0,3,0,0,0,10,2988,28940,774,100,2,0,0
650,18,8,1024,0,59,5,11,7,2,1,-95,10,4732,35228,37,100,3,0,0
652,7,3,768,0,65,9,3,7,1,2,-70,1,493,6977,34,100,2,0,0
652,4,1,512,10,69,10,1,7,2,1,-61,10,1856,11998,43,100,2,0,0
651,23,18,1280,0,54,8,6,7,1,3,-52,0,492,6988,28,100,2,0,0
652,2,4,768,0,54,7,3,5,1,1,-95,0,847,10269,34,100,3,0,0
653,9,4,768,0,62,8,3,7,1,1,-52,0,619,10851,40,100,2,0,0
653,8,4,768,0,56,9,14,7,2,2,-70,10,3316,22112,38,100,2,0,0
651,21,16,1280,0,27,2,9,7,1,1,-52,1,1352,12692,14,100,2,0,0
652,26,21,1536,10,41,5,5,7,1,2,-52,0,1019,10851,25,100,2,0,0
653,30,28,1536,0,34,5,4,7,1,2,-95,1,504,7029,28,100,1,0,0
655,11,5,768,0,46,10,2,6,1,1,-70,0,855,12304,36,100,2,0,0
654,25,19,1536,0,47,11,3,7,1,4,-70,0,769,6191,32,100,1,0,0
654,27,28,1536,0,42,5,4,5,1,2,-52,0,1000,11121,27,100,3,0,0
656,12,8,1024,0,61,5,5,7,1,1,-70,0,496,5755,28,100,1,0,0
653,31,30,1792,0,41,4,5,5,1,1,-52,0,1073,10577,25,100,2,0,0
657,5,1,512,20,53,11,3,7,1,1,-76,7,1657,13662,44,100,1,0,0
654,10,5,768,0,48,9,6,7,1,2,-52,4,1949,13772,29,100,2,0,0
655,28,18,1280,10,58,5,3,7,1,1,-95,4,2370,21996,35,100,2,0,0
656,22,18,1280,0,44,4,5,7,1,1,-70,0,932,11644,26,100,3,0,0
656,18,8,1024,0,60,5,12,7,2,1,-95,10,2526,19428,38,100,2,0,0
656,31,30,1792,0,43,4,5,5,1,1,-52,0,499,4431,25,100,1,0,0
658,2,4,768,0,56,7,3,5,1,1,-95,0,572,8891,35,100,2,0,0
659,6,5,768,0,36,9,5,5,1,2,-52,0,755,9455,29,100,1,0,0
659,19,18,1280,10,57,9,3,7,1,3,-52,1,1733,18360,34,100,4,0,0
656,26,21,1536,0,43,5,5,7,1,2,-52,0,556,5118,26,100,1,0,0
659,8,4,768,0,58,9,14,7,2,2,-70,10,3368,20811,39,100,3,0,0
658,21,16,1280,0,28,2,9,7,1,1,-52,1,1084,9255,14,100,2,0,0
658,29,28,1536,0,46,4,4,7,1,1,-52,0,899,14681,34,100,2,0,0
659,16,10,1024,0,36,6,5,6,1,1,-70,3,1903,17082,27,100,2,0,0
660,17,18,1280,0,44,5,6,7,1,1,-52,0,1078,10403,25,100,3,0,0
659,28,18,1280,0,58,5,3,7,1,1,-95,4,1139,10369,36,100,1,0,0
659,20,16,1280,0,36,7,8,7,1,3,-70,0,559,10533,19,100,2,0,0
661,22,18,1280,0,48,4,5,7,1,1,-70,0,706,5348,26,100,2,0,0
663,10,5,768,0,51,9,6,7,1,2,-52,4,1538,10384,30,100,2,0,0
662,7,3,768,0,71,9,3,7,1,2,-70,1,1286,13917,35,100,3,0,0
662,23,18,1280,0,55,8,6,7,1,3,-52,0,585,12676,29,100,3,0,0
663,12,8,1024,0,63,5,5,7,1,1,-70,0,540,6819,29,100,3,0,0
663,3,1,512,0,77,10,7,7,1,1,-76,2,1702,19050,44,100,3,0,0
664,9,4,768,0,64,8,4,7,1,1,-52,0,746,13390,41,100,4,0,0
663,4,1,512,10,74,10,1,7,2,1,-61,10,6649,37652,44,100,3,0,0
663,1,0,256,0,20,0,0,3,0,0,0,10,3360,30025,798,100,2,0,0
661,31,30,1792,0,43,4,5,5,1,1,-52,0,218,4654,26,100,0,0,0
665,5,1,512,0,57,11,3,7,1,1,-76,7,3084,22382,44,100,3,0,0
663,29,28,1536,0,46,5,4,7,1,1,-52,0,340,6043,34,100,1,0,0
664,27,28,1536,0,44,5,4,5,1,2,-52,0,644,10669,27,100,2,0,0
664,26,21,1536,0,47,5,5,7,1,2,-52,0,729,7379,26,100,2,0,0
666,18,8,1024,0,61,5,12,7,2,1,-95,10,3903,27678,38,100,2,0,0
665,11,5,768,0,51,10,2,6,1,1,-70,0,1059,13908,37,100,4,0,0
665,22,18,1280,0,48,4,5,7,1,1,-70,0,162,3838,26,100,0,0,0
665,19,18,1280,10,63,9,3,7,1,3,-52,1,1222,11042,35,100,2,0,0
665,25,19,1536,0,47,12,3,7,1,4,-70,0,509,9782,32,100,2,0,0
664,30,28,1536,0,35,6,4,7,1,2,-95,1,1468,15686,29,100,2,0,0
667,6,5,768,0,38,9,5,5,1,2,-52,0,712,8412,30,100,2,0,0
667,28,18,1280,10,61,5,3,7,1,1,-95,4,1862,16862,36,100,3,0,0
668,23,18,1280,0,58,8,6,7,1,3,-52,0,599,7385,29,100,2,0,0
668,3,1,512,0,80,10,7,7,1,1,-76,2,738,9238,44,100,2,0,0
666,21,16,1280,0,32,2,9,7,1,1,-52,1,1112,11096,15,100,1,0,0
669,8,4,768,10,60,9,15,7,2,2,-70,10,4139,24643,39,100,3,0,0
668,17,18,1280,0,48,5,6,7,1,1,-52,0,884,8094,26,100,3,0,0
670,9,4,768,0,65,8,4,7,1,1,-52,0,387,7636,41,100,1,0,0
668,16,10,1024,0,39,6,5,6,1,1,-70,3,1884,16537,28,100,1,0,0
669,27,28,1536,0,44,6,4,5,1,2,-52,0,340,3973,27,100,1,0,0
670,7,3,768,0,75,9,3,7,1,2,-70,1,937,9982,35,100,3,0,0
668,20,16,1280,0,41,7,8,7,1,3,-70,0,887,8612,20,100,3,0,0
671,12,8,1024,0,64,5,5,7,1,1,-70,0,504,6823,29,100,3,0,0
670,5,1,512,10,61,11,3,7,1,1,-76,7,2100,15575,44,100,1,0,0
671,2,4,768,0,59,7,3,5,1,1,-95,0,769,13892,35,100,2,0,0
670,25,19,1536,0,50,12,3,7,1,4,-70,0,749,6045,33,100,2,0,0
669,11,5,768,0,52,10,2,6,1,1,-70,0,367,5067,37,100,1,0,0
667,24,28,1664,20,0,1,2,3,0,1,-70,0,382,106450,0,100,3,0,0
668,26,21,1536,0,49,5,5,7,1,2,-52,0,467,4512,26,100,2,0,0
671,22,18,1280,0,51,4,5,7,1,1,-70,0,654,6023,27,100,2,0,0
670,31,30,1792,0,44,4,5,5,1,1,-52,0,511,7693,26,100,2,0,0
671,10,5,768,0,53,9,6,7,1,2,-52,4,1900,14863,30,100,3,0,0
672,6,5,768,0,39,9,5,5,1,2,-52,0,488,4300,30,100,1,0,0
673,3,1,512,10,80,10,7,7,1,1,-76,2,688,7509,44,100,1,0,0
674,4,1,512,0,78,10,2,7,2,1,-61,10,5939,34597,44,100,4,0,0
673,21,16,1280,0,36,2,9,7,1,1,-52,1,1190,9363,15,100,2,0,0
675,1,0,256,0,20,0,0,3,0,0,0,10,3166,29727,817,100,2,0,0
675,2,4,768,0,62,7,3,5,1,1,-95,0,655,5935,36,100,2,0,0
675,17,18,1280,0,50,5,6,7,1,1,-52,0,521,6737,26,100,1,0,0
676,18,8,1024,10,62,5,12,7,2,1,-95,10,4878,34502,39,100,2,0,0
675,28,18,1280,10,64,5,3,7,1,1,-95,5,2540,21004,37,100,3,0,0
676,19,18,1280,0,67,9,3,7,1,3,-52,1,1577,17113,36,100,3,0,0
676,7,3,768,0,78,9,3,7,1,2,-70,1,735,8186,36,100,2,0,0
675,29,28,1536,0,51,5,4,7,1,1,-52,0,1031,14381,35,100,4,0,0
676,27,28,1536,0,47,6,4,5,1,2,-52,0,684,7419,28,100,1,0,0
678,8,4,768,0,62,9,16,7,2,2,-70,10,3972,23845,40,100,4,0,0
678,12,8,1024,0,67,5,5,7,1,1,-70,0,761,7643,30,100,2,0,0
676,30,28,1536,10,41,6,4,7,1,2,-95,1,1474,15190,30,100,4,0,0
677,22,18,1280,0,55,4,5,7,1,1,-70,0,701,6459,27,100,2,0,0
678,5,1,512,0,65,11,3,7,1,1,-76,7,2613,19508,45,100,3,0,0
677,26,21,1536,0,51,5,5,7,1,2,-52,0,668,7897,27,100,3,0,0
676,24,28,1536,0,2,2,2,6,1,1,-70,0,1823,9585,0,100,12,0,0
679,9,4,768,0,71,8,4,7,1,1,-52,0,1138,11974,42,100,4,0,0
678,10,5,768,0,54,9,6,7,1,2,-52,4,1256,9801,31,100,3,0,0
679,6,5,768,0,41,9,5,5,1,2,-52,0,615,7353,31,100,1,0,0
680,2,4,768,0,64,7,3,5,1,1,-95,0,487,6094,36,100,2,0,0
677,21,16,1280,0,38,2,9,7,1,1,-52,1,794,6902,16,100,0,0,0
679,23,18,1280,0,62,8,6,7,1,3,-52,0,906,14180,30,100,3,0,0
679,16,10,1024,0,39,6,5,6,1,1,-70,3,1999,19168,28,100,2,0,0
681,4,1,512,0,82,10,2,7,2,1,-61,10,4222,24392,45,100,2,0,0
680,11,5,768,0,54,10,2,6,1,1,-70,0,719,12655,38,100,3,0,0
679,20,16,1280,0,44,7,8,7,1,3,-70,0,829,11319,21,100,2,0,0
679,31,30,1792,0,44,4,5,5,1,1,-52,0,484,9257,27,100,2,0,0
682,3,1,512,0,85,10,8,7,1,1,-76,2,1334,15475,45,100,3,0,0
682,17,18,1280,0,51,5,6,7,1,1,-52,0,440,6771,27,100,2,0,0
682,19,18,1280,0,67,9,3,7,1,3,-52,1,603,10513,36,100,1,0,0
684,9,4,768,0,72,8,5,7,1,1,-52,0,387,5442,42,100,3,0,0
681,30,28,1536,10,43,6,4,7,1,2,-95,1,818,7267,30,100,1,0,0
684,1,0,256,0,22,0,0,3,0,0,0,10,2235,20847,828,100,4,0,0
682,25,19,1536,0,55,12,4,7,1,4,-70,0,1163,12049,34,100,5,0,0
684,18,8,1024,0,65,5,12,7,2,1,-95,10,3974,26851,39,100,3,0,0
683,27,28,1536,0,49,6,4,5,1,2,-52,0,618,7053,28,100,2,0,0
682,24,28,1536,0,2,2,2,6,1,1,-70,0,630,5810,1,100,4,0,0
684,22,18,1280,0,55,4,5,7,1,1,-70,0,440,6727,28,100,1,0,0
685,7,3,768,0,81,9,3,7,1,2,-70,1,799,10472,36,100,3,0,0
684,28,18,1280,0,67,5,3,7,1,1,-95,5,2827,25203,37,100,1,0,0
684,26,21,1536,10,54,5,5,7,1,2,-52,0,604,7161,27,100,1,0,0
687,4,1,512,10,84,10,2,7,2,1,-61,10,3386,20322,45,100,2,0,0
686,10,5,768,0,56,9,6,7,1,2,-52,4,1440,11199,31,100,2,0,0
688,8,4,768,0,66,9,16,7,2,2,-70,10,4460,28487,41,100,3,0,0
686,20,16,1280,0,48,7,8,7,1,3,-70,0,803,6323,21,100,3,0,0
686,29,28,1536,0,52,5,4,7,1,1,-52,0,593,13051,36,100,2,0,0
689,12,8,1024,0,70,5,5,7,1,1,-70,0,812,10199,30,100,3,0,0
686,16,10,1024,20,44,6,5,6,1,1,-70,3,1722,12683,29,100,2,0,0
688,2,4,768,0,66,7,3,5,1,1,-95,0,595,9824,37,100,2,0,0
688,3,1,512,0,86,10,8,7,1,1,-76,2,884,9885,45,100,3,0,0
688,27,28,1536,0,50,6,4,5,1,2,-52,0,325,4475,29,100,0,0,0
689,6,5,768,0,44,9,5,5,1,2,-52,0,745,9264,31,100,2,0,0
689,5,1,512,20,67,11,3,7,1,1,-76,7,3628,28133,46,100,3,0,0
687,31,30,1792,0,45,5,5,5,1,1,-52,0,494,7011,27,100,1,0,0
687,21,16,1280,0,42,2,9,7,1,1,-52,1,1409,12792,16,100,2,0,0
689,23,18,1280,0,64,8,6,7,1,3,-52,0,699,12312,31,100,2,0,0
689,17,18,1280,0,52,5,6,7,1,1,-52,0,414,7186,27,100,1,0,0
689,28,18,1280,20,68,5,3,7,1,1,-95,5,1458,13814,38,100,1,0,0
690,25,19,1536,0,57,12,4,7,1,4,-70,0,500,7239,34,100,1,0,0
689,24,28,1536,0,2,2,2,6,1,1,-70,0,595,5913,1,100,4,0,0
692,2,4,768,0,67,7,3,5,1,1,-95,0,362,5086,37,100,1,0,0
690,7,3,768,10,86,9,3,7,1,2,-70,1,949,8735,37,100,2,0,0
692,11,5,768,0,59,10,2,6,1,1,-70,0,1177,14793,39,100,3,0,0
690,26,21,1536,0,56,5,5,7,1,2,-52,0,572,6446,28,100,2,0,0
692,16,10,1024,10,47,6,5,6,1,1,-70,3,1565,11490,29,100,1,0,0
692,27,28,1536,0,50,6,4,5,1,2,-52,0,259,4598,29,100,1,0,0
695,12,8,1024,0,71,5,5,7,1,1,-70,0,446,6279,31,100,1,0,0
693,30,28,1536,10,49,6,4,7,1,2,-95,1,1752,16150,31,100,3,0,0
692,21,16,1280,0,45,2,9,7,1,1,-52,1,867,6187,17,100,2,0,0
695,9,4,768,10,73,8,5,7,1,1,-52,0,609,13656,43,100,3,0,0
694,19,18,1280,0,74,9,4,7,1,3,-52,1,1776,18843,37,100,5,0,0
695,1,0,256,0,22,0,0,3,0,0,0,10,3182,29233,852,100,2,0,0
695,18,8,1024,0,66,5,12,7,1,1,-95,10,5089,37877,40,100,2,0,0
694,20,16,1280,0,50,7,8,7,1,3,-70,0,571,7957,22,100,2,0,0
694,24,28,1536,0,3,2,2,6,1,1,-70,0,551,4997,1,100,4,0,0
696,22,18,1280,0,64,4,5,7,1,1,-70,0,1409,11760,28,100,3,0,0
695,29,28,1536,0,58,5,4,7,1,1,-52,0,1269,11742,36,100,4,0,0
697,3,1,512,0,88,10,9,7,1,1,-76,2,1069,14069,46,100,3,0,0
698,4,1,512,10,89,10,2,7,2,1,-61,10,5890,34985,46,100,3,0,0
698,5,1,512,0,70,11,3,7,1,1,-76,7,2292,20001,46,100,2,0,0
698,8,4,768,0,71,9,17,7,2,2,-70,10,4837,28815,41,100,4,0,0
697,7,3,768,0,88,9,3,7,1,2,-70,1,574,9242,37,100,1,0,0
697,10,5,768,10,59,9,6,7,1,2,-52,4,2496,17559,32,100,3,0,0
697,16,10,1024,0,48,6,5,6,1,1,-70,3,863,8479,29,100,1,0,0
698,6,5,768,0,46,9,5,5,1,2,-52,0,597,9868,32,100,1,0,0
700,1,0,256,0,23,0,0,3,0,0,0,10,879,9552,855,100,2,0,0
699,11,5,768,0,62,10,2,6,1,1,-70,0,720,9311,39,100,3,0,0
699,17,18,1280,0,56,5,6,7,1,1,-52,0,900,9746,28,100,4,0,0
701,12,8,1024,0,71,5,5,7,1,1,-70,0,282,6333,31,100,1,0,0
699,23,18,1280,0,67,8,6,7,1,3,-52,0,762,12830,31,100,4,0,0
701,3,1,512,0,88,10,9,7,1,1,-76,2,519,7608,46,100,1,0,0
700,25,19,1536,10,62,12,4,7,1,4,-70,0,1008,10216,35,100,4,0,0
700,20,16,1280,0,52,7,8,7,1,3,-70,0,491,5984,22,100,2,0,0
699,30,28,1536,0,51,6,4,7,1,2,-95,1,640,8321,31,100,1,0,0
703,2,4,768,0,70,7,3,5,1,1,-95,0,823,12946,38,100,3,0,0
702,9,4,768,0,77,8,5,7,1,1,-52,0,752,10855,43,100,2,0,0
700,28,18,1280,30,70,5,3,7,1,1,-95,5,3177,30053,38,100,2,0,0
699,29,28,1536,0,61,5,4,7,1,1,-52,0,708,5773,37,100,1,0,0
701,26,21,1536,10,60,5,5,7,1,2,-52,0,856,10626,29,100,2,0,0
698,31,30,1792,10,49,5,5,5,1,1,-52,0,912,11228,28,100,2,0,0
699,24,28,1536,0,3,2,2,6,1,1,-70,0,530,5346,2,100,3,0,0
703,10,5,768,10,62,9,6,7,1,2,-52,4,1415,9934,33,100,1,0,0
703,22,18,1280,0,66,4,5,7,1,1,-70,0,555,7145,29,100,1,0,0
704,21,16,1280,0,48,2,9,7,1,1,-52,1,1321,15228,17,100,3,0,0
702,27,28,1536,0,52,6,4,5,1,2,-52,0,591,9068,30,100,2,0,0
704,23,18,1280,0,68,8,6,7,1,3,-52,0,326,5726,32,100,0,0,0
706,1,0,256,0,23,0,0,3,0,0,0,10,2144,18254,874,100,1,0,0
706,6,5,768,0,47,9,5,5,1,2,-52,0,539,6724,33,100,2,0,0
704,19,18,1280,0,78,9,4,7,1,3,-52,1,1297,15801,37,100,3,0,0
707,4,1,512,10,92,10,2,7,2,1,-61,10,5188,30199,47,100,3,0,0
705,7,3,768,0,93,9,3,7,1,2,-70,1,1069,10948,38,100,3,0,0
706,5,1,512,0,73,11,3,7,1,1,-76,7,3332,23422,47,100,4,0,0
707,18,8,1024,40,70,5,12,7,1,1,-95,10,5189,37817,41,100,4,0,0
708,2,4,768,0,72,7,3,5,1,1,-95,0,488,6708,38,100,2,0,0
705,25,19,1536,0,63,12,4,7,1,4,-70,0,394,4901,35,100,1,0,0
709,8,4,768,0,73,9,17,7,2,2,-70,10,4596,28396,42,100,3,0,0
707,26,21,1536,0,62,5,5,7,1,2,-52,0,555,5930,29,100,1,0,0
709,3,1,512,0,89,11,9,7,1,1,-76,2,1180,13608,47,100,2,0,0
709,11,5,768,10,65,10,2,6,1,1,-70,0,705,11764,40,100,2,0,0
710,9,4,768,10,80,9,5,7,1,1,-52,0,776,9729,44,100,3,0,0
709,16,10,1024,0,49,6,5,6,1,1,-70,3,2064,19383,30,100,2,0,0
709,28,18,1280,0,70,5,3,7,1,1,-95,5,1922,21788,39,100,2,0,0
709,30,28,1536,0,53,6,4,7,1,2,-95,1,1168,12954,32,100,2,0,0
710,23,18,1280,0,69,8,6,7,1,3,-52,0,390,7598,32,100,1,0,0
710,6,5,768,0,50,9,5,5,1,2,-52,0,600,5930,33,100,1,0,0
712,4,1,512,10,94,11,2,7,2,1,-61,10,2796,16832,47,100,2,0,0
709,31,30,1792,0,52,5,5,5,1,1,-52,0,831,10095,29,100,2,0,0
710,17,18,1280,0,58,5,6,7,1,1,-52,0,698,10690,29,100,2,0,0
713,12,8,1024,0,74,5,5,7,1,1,-70,0,822,11327,32,100,3,0,0
712,18,8,1024,40,71,5,12,7,1,1,-95,10,2122,16343,41,100,1,0,0
711,7,3,768,0,96,9,3,7,1,2,-70,1,681,7440,38,100,2,0,0
710,29,28,1536,0,65,5,4,7,1,1,-52,0,753,12235,37,100,2,0,0
710,24,28,1536,0,4,2,2,7,1,1,-70,0,720,9385,2,100,5,0,0
712,10,5,768,10,66,9,6,7,1,2,-52,4,1799,13139,33,100,3,0,0
712,21,16,1280,0,52,2,9,7,1,1,-52,1,1339,11095,18,100,3,0,0
714,5,1,512,10,73,12,3,7,1,1,-76,7,2136,18927,47,100,1,0,0
712,20,16,1280,0,55,7,8,7,1,3,-70,0,823,11344,23,100,3,0,0
712,27,28,1536,0,56,6,4,5,1,2,-52,0,856,10140,30,100,2,0,0
713,25,19,1536,0,66,12,4,7,1,4,-70,0,679,7834,36,100,2,0,0
714,26,21,1536,0,67,6,5,7,1,2,-52,0,892,7460,29,100,2,0,0
715,6,5,768,0,52,9,5,5,1,2,-52,0,493,4956,33,100,1,0,0
714,22,18,1280,10,69,4,5,7,1,1,-70,0,997,11587,30,100,2,0,0
715,28,18,1280,0,71,5,3,7,1,1,-95,5,1772,14862,39,100,1,0,0
717,1,0,256,0,24,0,0,3,0,0,0,10,2633,26784,887,100,3,0,0
715,19,18,1280,0,81,9,4,7,1,3,-52,1,1508,18508,38,100,2,0,0
717,3,1,512,10,93,11,9,7,1,1,-76,2,994,11609,47,100,2,0,0
718,2,4,768,0,77,8,3,5,1,1,-95,0,1117,12724,39,100,3,0,0
717,11,5,768,0,68,10,2,6,1,1,-70,0,699,10852,41,100,2,0,0
716,23,18,1280,0,72,8,6,7,1,3,-52,0,695,7234,32,100,3,0,0
718,16,10,1024,10,54,6,5,6,1,1,-70,3,1665,14097,31,100,1,0,0
717,29,28,1536,0,67,5,4,7,1,1,-52,0,645,8278,38,100,3,0,0
719,10,5,768,20,68,9,6,7,1,2,-52,4,1482,9881,34,100,1,0,0
719,18,8,1024,30,73,5,12,7,1,1,-95,10,3447,24669,42,100,2,0,0
719,9,4,768,10,84,9,5,7,1,1,-52,0,830,12233,45,100,2,0,0
720,8,4,768,0,79,10,18,7,2,2,-70,10,5264,28148,43,100,5,0,0
717,30,28,1536,0,56,6,4,7,1,2,-95,1,860,10004,32,100,2,0,0
718,21,16,1280,0,53,2,9,7,1,1,-52,1,777,8415,18,100,1,0,0
717,31,30,1792,0,52,5,5,5,1,1,-52,0,308,7724,29,100,1,0,0
718,27,28,1536,0,60,6,4,5,1,2,-52,0,768,6717,31,100,1,0,0
720,20,16,1280,0,57,7,8,7,1,3,-70,0,619,8158,23,100,2,0,0
720,17,18,1280,0,60,5,6,7,1,1,-52,0,661,9887,29,100,3,0,0
721,26,21,1536,0,67,6,5,7,1,2,-52,0,460,6294,30,100,2,0,0
723,4,1,512,10,98,11,2,7,2,1,-61,10,6598,38299,48,100,3,0,0
722,7,3,768,0,98,9,3,7,1,2,-70,1,772,13347,39,100,3,0,0
721,28,18,1280,0,72,5,3,7,1,1,-95,5,1880,17526,40,100,1,0,0
723,3,1,512,0,95,11,10,7,1,1,-76,2,1055,11970,48,100,1,0,0
722,22,18,1280,0,72,4,5,7,1,1,-70,0,769,7866,30,100,2,0,0
724,12,8,1024,10,80,6,5,7,1,1,-70,0,1123,12593,33,100,2,0,0
722,19,18,1280,0,82,9,4,7,1,3,-52,1,588,10141,39,100,1,0,0
721,24,28,1536,10,5,2,3,7,1,1,-70,0,901,10163,3,100,7,0,0
725,2,4,768,0,81,8,3,5,1,1,-95,0,704,9140,39,100,2,0,0
726,1,0,256,0,24,0,0,3,0,0,0,10,2620,22118,906,100,2,0,0
723,25,19,1536,0,69,12,4,7,1,4,-70,0,750,9817,36,100,2,0,0
725,5,1,512,0,77,12,3,7,1,1,-76,7,3787,29361,48,100,2,0,0
721,31,30,1792,0,52,5,5,5,1,1,-52,0,385,4146,30,100,1,0,0
725,6,5,768,0,57,9,5,5,1,2,-52,0,1015,10508,34,100,2,0,0
723,27,28,1536,0,60,6,4,5,1,2,-52,0,283,4728,31,100,1,0,0
726,10,5,768,10,70,9,6,7,1,2,-52,4,1279,10179,34,100,2,0,0
724,30,28,1536,0,56,6,4,7,1,2,-95,1,1094,10004,33,100,2,0,0
727,8,4,768,0,81,10,19,7,2,2,-70,10,3547,19586,43,100,2,0,0
725,20,16,1280,0,58,7,8,7,1,3,-70,0,446,4925,24,100,1,0,0
727,21,16,1280,0,55,2,9,7,1,1,-52,1,890,11339,19,100,2,0,0
725,23,18,1280,0,75,8,6,7,1,3,-52,0,708,12424,33,100,1,0,0
727,11,5,768,10,71,10,2,6,1,1,-70,0,753,11696,41,100,2,0,0
728,18,8,1024,50,76,6,12,7,1,1,-95,10,4426,30270,42,100,2,0,0
726,22,18,1280,0,73,4,5,7,1,1,-70,0,416,4712,31,100,2,0,0
730,12,8,1024,0,82,6,5,7,1,1,-70,0,704,5849,33,100,2,0,0
729,16,10,1024,20,56,6,5,6,1,1,-70,3,2024,18412,32,100,2,0,0
726,31,30,1792,0,54,5,5,5,1,1,-52,0,473,4680,30,100,1,0,0
728,26,21,1536,0,69,6,5,7,1,2,-52,0,521,7642,30,100,1,0,0
730,9,4,768,0,87,9,6,7,1,1,-52,0,854,13641,45,100,4,0,0
731,7,3,768,0,99,10,3,7,1,2,-70,1,597,9738,39,100,2,0,0
732,4,1,512,10,100,11,2,7,2,1,-61,10,4700,28376,48,100,2,0,0
727,19,18,1280,0,82,9,5,7,1,3,-52,1,604,8801,39,100,2,0,0
730,6,5,768,0,60,9,5,5,1,2,-52,0,482,4886,34,100,0,0,0
728,25,19,1536,0,71,12,4,7,1,4,-70,0,474,4950,36,100,1,0,0
732,5,1,512,30,81,13,3,7,1,1,-76,7,2733,16861,49,100,2,0,0
728,27,28,1536,0,62,6,4,5,1,2,-52,0,473,4629,31,100,1,0,0
729,24,28,1536,0,6,2,3,7,1,1,-70,0,725,7423,4,100,3,0,0
733,3,1,512,0,97,12,10,7,1,1,-76,2,1313,15920,48,100,4,0,0
734,2,4,768,0,83,8,3,5,1,1,-95,0,698,9911,40,100,2,0,0
734,18,8,1024,80,79,6,14,7,1,1,-95,10,2747,18412,43,100,3,0,0
733,26,21,1536,0,69,6,5,7,1,2,-52,0,315,4114,31,100,1,0,0
730,30,28,1536,0,56,6,4,7,1,2,-95,1,520,7597,33,100,1,0,0
732,17,18,1280,0,62,6,6,7,1,1,-52,0,848,11303,30,100,2,0,0
735,10,5,768,10,75,9,6,7,1,2,-52,4,2242,14451,35,100,3,0,0
736,1,0,256,0,26,0,0,3,0,0,0,10,2927,25785,922,100,3,0,0
732,29,28,1536,10,74,5,4,7,1,1,-52,0,447,5929,39,100,1,0,0
734,22,18,1280,0,74,5,5,7,1,1,-70,0,494,7363,31,100,1,0,0
735,19,18,1280,20,84,10,6,7,1,3,-52,1,1138,11768,39,100,4,0,0
735,21,16,1280,10,58,2,9,7,1,1,-52,1,1255,10165,20,100,3,0,0
734,31,30,1792,0,56,5,5,5,1,1,-52,0,577,7480,31,100,1,0,0
736,6,5,768,0,60,9,5,5,1,2,-52,0,255,4263,34,100,1,0,0
734,25,19,1536,0,73,12,4,7,1,4,-70,0,578,6493,37,100,1,0,0
735,27,28,1536,0,64,6,4,5,1,2,-52,0,577,6806,32,100,1,0,0
735,20,16,1280,0,60,7,8,7,1,3,-70,0,636,9292,24,100,3,0,0
738,12,8,1024,0,88,6,5,7,1,1,-70,0,1089,8830,34,100,4,0,0
737,23,18,1280,0,77,9,6,7,1,3,-52,0,773,13496,34,100,3,0,0
737,17,18,1280,0,64,6,6,7,1,1,-52,0,492,5028,30,100,2,0,0
738,29,28,1536,0,76,5,4,7,1,1,-52,0,605,7418,39,100,1,0,0
739,8,4,768,0,85,10,20,7,2,2,-70,10,6714,34496,44,100,4,0,0
739,11,5,768,0,79,10,2,6,1,1,-70,0,1280,14928,42,100,3,0,0
739,4,1,512,10,102,12,2,7,2,1,-61,10,5333,27560,49,100,2,0,0
739,16,10,1024,0,59,6,5,6,1,1,-70,3,2134,17760,32,100,2,0,0
740,6,5,768,10,61,9,5,5,1,2,-52,0,418,4850,35,100,1,0,0
740,19,18,1280,0,89,10,6,7,1,3,-52,1,1011,8970,40,100,1,0,0
740,22,18,1280,0,78,5,5,7,1,1,-70,0,699,6363,31,100,3,0,0
742,9,4,768,0,92,9,6,7,1,1,-52,0,1153,14890,46,100,5,0,0
742,5,1,512,10,87,13,3,7,1,1,-76,7,3736,27009,49,100,5,0,0
741,27,28,1536,10,65,6,4,5,1,2,-52,0,366,5290,32,100,1,0,0
742,3,1,512,10,102,12,11,7,1,1,-76,2,1019,13645,49,100,4,0,0
742,7,3,768,0,104,10,3,7,1,2,-70,1,1168,14514,40,100,4,0,0
742,10,5,768,0,79,9,6,7,1,2,-52,4,1430,10552,35,100,2,0,0
743,18,8,1024,0,82,6,14,7,2,1,-95,10,4644,30452,43,100,4,0,0
742,30,28,1536,0,58,6,4,7,1,2,-95,1,1302,14834,34,100,2,0,0
744,21,16,1280,0,60,2,9,7,1,1,-52,1,692,10110,20,100,1,0,0
743,28,18,1280,0,82,6,3,7,1,1,-95,5,3263,31170,41,100,4,0,0
745,2,4,768,0,88,8,3,5,1,1,-95,0,971,13668,40,100,4,0,0
743,20,16,1280,0,63,7,8,7,1,3,-70,0,678,8224,25,100,2,0,0
744,26,21,1536,0,70,6,5,7,1,2,-52,0,535,9636,31,100,2,0,0
745,11,5,768,10,81,10,2,6,1,1,-70,0,391,7138,42,100,1,0,0
746,1,0,256,0,28,0,0,3,0,0,0,10,2876,26124,938,100,4,0,0
746,7,3,768,0,106,10,3,7,1,2,-70,1,524,5043,40,100,2,0,0
747,4,1,512,30,105,13,2,7,2,1,-61,10,3637,24400,49,100,3,0,0
746,12,8,1024,10,92,6,5,7,1,1,-70,0,622,8091,34,100,2,0,0
746,25,19,1536,0,78,13,4,7,1,4,-70,0,1094,11358,38,100,3,0,0
745,23,18,1280,10,79,9,7,7,1,3,-52,0,641,10342,34,100,4,0,0
747,10,5,768,0,80,9,6,7,1,2,-52,4,1119,6900,35,100,1,0,0
746,9,4,768,0,94,10,7,7,1,1,-52,0,400,6344,46,100,1,0,0
746,22,18,1280,0,78,5,5,7,1,1,-70,0,339,5453,32,100,1,0,0
747,3,1,512,0,102,13,11,7,1,1,-76,2,1004,9069,49,100,1,0,0
745,31,30,1792,0,62,5,5,5,1,1,-52,0,1094,11482,31,100,2,0,0
747,6,5,768,0,61,9,5,5,1,2,-52,0,304,6525,35,100,1,0,0
748,16,10,1024,0,60,6,5,6,1,1,-70,3,1595,15641,33,100,2,0,0
748,17,18,1280,0,70,6,6,7,1,1,-52,0,1144,11982,31,100,3,0,0
750,5,1,512,10,90,14,3,7,1,1,-76,7,2833,19928,50,100,2,0,0
749,29,28,1536,0,78,5,4,7,1,1,-52,0,698,13516,40,100,2,0,0
750,8,4,768,0,89,11,20,7,2,2,-70,10,4678,31847,45,100,4,0,0
750,19,18,1280,0,90,10,6,7,1,3,-52,1,1200,16729,40,100,2,0,0
750,12,8,1024,0,94,6,5,7,1,1,-70,0,636,5254,35,100,1,0,0
750,27,28,1536,0,67,6,4,5,1,2,-52,0,699,8956,33,100,2,0,0
752,1,0,256,0,28,0,0,3,0,0,0,10,2179,16657,955,100,1,0,0
751,23,18,1280,0,80,9,7,7,1,3,-52,0,448,7006,35,100,1,0,0
751,25,19,1536,0,80,13,4,7,1,4,-70,0,500,4786,38,100,1,0,0
751,16,10,1024,0,61,6,5,6,1,1,-70,3,630,6632,33,100,1,0,0
753,28,18,1280,0,86,6,3,7,1,1,-95,5,2121,22033,42,100,1,0,0
753,18,8,1024,0,86,7,16,7,2,1,-95,10,5039,33657,44,100,4,0,0
751,30,28,1536,10,61,6,4,7,1,2,-95,1,1403,13369,35,100,2,0,0
752,21,16,1280,0,64,2,9,7,1,1,-52,1,1348,12403,21,100,3,0,0
751,26,21,1536,0,72,6,5,7,1,2,-52,0,647,7885,32,100,1,0,0
754,22,18,1280,0,79,5,5,7,1,1,-70,0,511,7644,32,100,2,0,0
755,2,4,768,0,90,10,3,5,1,1,-95,0,877,12311,41,100,3,0,0
755,29,28,1536,0,81,5,4,7,1,1,-52,0,599,6501,40,100,2,0,0
754,20,16,1280,0,65,7,8,7,1,3,-70,0,764,9784,26,100,2,0,0
755,19,18,1280,0,90,10,6,7,1,3,-52,1,607,7449,41,100,1,0,0
755,6,5,768,0,65,9,5,5,1,2,-52,0,884,8739,36,100,2,0,0
756,7,3,768,0,108,10,3,7,1,2,-70,1,865,12970,41,100,2,0,0
755,11,5,768,10,85,10,2,6,1,1,-70,0,1041,13119,43,100,3,0,0
755,31,30,1792,10,64,5,5,5,1,1,-52,0,676,9277,32,100,2,0,0
756,10,5,768,0,82,9,6,7,1,2,-52,4,1806,14593,36,100,3,0,0
757,17,18,1280,10,74,6,6,7,1,1,-52,0,860,7911,32,100,3,0,0
757,3,1,512,10,104,14,11,7,1,1,-76,2,1224,16869,50,100,3,0,0
758,5,1,512,20,95,15,3,7,1,1,-76,7,2830,20665,50,100,1,0,0
757,30,28,1536,0,61,6,4,7,1,2,-95,1,430,6721,35,100,0,0,0
758,9,4,768,0,100,11,7,7,1,1,-52,0,1522,15389,47,100,4,0,0
758,8,4,768,0,92,12,20,7,2,2,-70,10,3880,23501,45,100,2,0,0
756,26,21,1536,0,74,6,5,7,1,2,-52,0,473,4787,32,100,1,0,0
759,4,1,512,10,110,14,2,7,2,1,-61,10,7508,41139,50,100,3,0,0
758,27,28,1536,0,68,6,4,5,1,2,-52,0,414,6923,33,100,1,0,0
757,21,16,1280,0,66,2,9,7,1,1,-52,1,917,6885,21,100,1,0,0
759,25,19,1536,0,85,13,4,7,1,4,-70,0,899,8839,39,100,1,0,0
760,2,4,768,10,90,10,3,5,1,1,-95,0,314,6367,42,100,1,0,0
760,18,8,1024,20,88,7,17,7,2,1,-95,10,2879,23112,44,100,2,0,0
758,16,10,1024,0,62,6,5,6,1,1,-70,3,1670,13006,34,100,1,0,0
760,11,5,768,0,88,10,2,6,1,1,-70,0,670,7127,43,100,2,0,0
759,23,18,1280,0,83,9,7,7,1,3,-52,0,646,10650,35,100,2,0,0
760,12,8,1024,0,99,7,5,7,1,1,-70,0,953,10627,35,100,3,0,0
762,1,0,256,0,28,0,0,3,0,0,0,10,2438,24351,968,100,2,0,0
761,19,18,1280,10,94,10,6,7,1,3,-52,1,1095,9987,41,100,2,0,0
761,20,16,1280,10,69,7,8,7,1,3,-70,0,699,7137,26,100,3,0,0
763,28,18,1280,0,88,6,3,7,1,1,-95,5,2344,26179,43,100,4,0,0
763,9,4,768,10,103,11,7,7,1,1,-52,0,599,6550,48,100,2,0,0
763,5,1,512,10,96,15,3,7,1,1,-76,7,1741,13892,51,100,1,0,0
763,30,28,1536,0,62,6,4,7,1,2,-95,1,558,7438,35,100,1,0,0
763,22,18,1280,10,84,5,5,7,1,1,-70,0,900,9491,33,100,4,0,0
762,26,21,1536,0,75,6,5,7,1,2,-52,0,512,5542,33,100,1,0,0
764,10,5,768,0,84,9,6,7,1,2,-52,4,1635,11785,36,100,1,0,0
764,6,5,768,0,69,9,5,5,1,2,-52,0,852,9119,36,100,2,0,0
766,17,18,1280,0,78,6,6,7,1,1,-52,0,754,8625,32,100,2,0,0
766,8,4,768,0,97,12,20,7,2,2,-70,10,3748,22756,46,100,3,0,0
767,29,28,1536,0,87,5,4,7,1,1,-52,0,1150,15319,41,100,2,0,0
765,21,16,1280,10,67,2,9,7,1,1,-52,1,883,10736,22,100,1,0,0
767,27,28,1536,10,69,6,4,5,1,2,-52,0,446,7246,34,100,1,0,0
765,12,8,1024,0,100,7,5,7,1,1,-70,0,547,6653,36,100,2,0,0
766,7,3,768,0,114,10,3,7,1,2,-70,1,1288,13906,42,100,3,0,0
766,31,30,1792,0,69,5,5,5,1,1,-52,0,1044,10514,33,100,2,0,0
766,25,19,1536,10,88,13,4,7,1,4,-70,0,702,7107,39,100,2,0,0
769,4,1,512,10,113,14,2,7,2,1,-61,10,5786,33330,51,100,3,0,0
768,23,18,1280,0,85,9,7,7,1,3,-52,0,739,11529,36,100,3,0,0
769,3,1,512,10,107,14,12,7,1,1,-76,2,1538,19358,51,100,3,0,0
770,1,0,256,0,30,0,0,3,0,0,0,10,2422,19745,983,100,4,0,0
768,26,21,1536,0,76,6,5,7,1,2,-52,0,391,5045,33,100,1,0,0
768,6,5,768,0,70,9,5,5,1,2,-52,0,321,4316,37,100,0,0,0
771,2,4,768,0,95,10,3,5,1,1,-95,0,911,13295,42,100,2,0,0
769,16,10,1024,10,65,6,5,6,1,1,-70,3,1995,16781,34,100,2,0,0
768,20,16,1280,0,72,7,8,7,1,3,-70,0,776,7334,27,100,3,0,0
770,18,8,1024,0,89,8,18,7,2,1,-95,10,4642,37600,45,100,3,0,0
771,9,4,768,0,108,11,8,7,1,1,-52,0,1045,12056,48,100,4,0,0
771,21,16,1280,0,69,2,9,7,1,1,-52,1,734,7051,22,100,1,0,0
771,11,5,768,0,92,11,2,6,1,1,-70,0,1037,14250,44,100,3,0,0
772,19,18,1280,0,100,10,6,7,1,3,-52,1,1681,18933,42,100,4,0,0
772,30,28,1536,0,65,6,4,7,1,2,-95,1,1252,11963,36,100,2,0,0
772,22,18,1280,0,87,5,5,7,1,1,-70,0,786,9056,34,100,2,0,0
773,4,1,512,10,118,15,2,7,2,1,-61,10,2485,15574,51,100,1,0,0
773,17,18,1280,10,82,6,6,7,1,1,-52,0,858,8666,33,100,3,0,0
773,28,18,1280,10,90,6,3,7,1,1,-95,5,2483,26489,43,100,3,0,0
774,5,1,512,10,100,15,3,7,1,1,-76,7,3802,26792,51,100,4,0,0
773,12,8,1024,0,103,8,5,7,1,1,-70,0,775,7817,36,100,3,0,0
773,23,18,1280,0,89,9,7,7,1,3,-52,0,682,7006,36,100,2,0,0
772,10,5,768,0,86,9,6,7,1,2,-52,4,1940,13638,37,100,2,0,0
774,25,19,1536,0,88,13,4,7,1,4,-70,0,365,7058,40,100,1,0,0
773,27,28,1536,0,72,7,4,5,1,2,-52,0,806,7846,34,100,2,0,0
775,8,4,768,10,98,12,20,7,2,2,-70,10,4362,26795,46,100,3,0,0
775,7,3,768,10,119,10,3,7,1,2,-70,1,1086,13090,43,100,2,0,0
776,22,18,1280,0,90,5,5,7,1,1,-70,0,574,4241,34,100,2,0,0
777,31,30,1792,0,70,5,5,5,1,1,-52,0,538,9490,33,100,2,0,0
778,17,18,1280,0,83,6,6,7,1,1,-52,0,288,4372,33,100,1,0,0
778,2,4,768,0,98,10,3,5,1,1,-95,0,778,9089,43,100,2,0,0
779,1,0,256,0,30,0,0,3,0,0,0,10,2426,22848,999,100,1,0,0
778,29,28,1536,0,89,6,4,7,1,1,-52,0,901,14501,42,100,3,0,0
778,21,16,1280,0,69,2,9,7,1,1,-52,1,721,9149,22,100,2,0,0
779,4,1,512,0,119,15,2,7,2,1,-61,10,3842,20349,51,100,1,0,0
778,6,5,768,0,71,11,5,5,1,2,-52,0,691,9659,37,100,2,0,0
780,3,1,512,0,109,15,13,7,1,1,-76,2,1455,17839,52,100,3,0,0
778,26,21,1536,0,82,6,5,7,1,2,-52,0,1120,10842,34,100,3,0,0
780,5,1,512,20,102,16,3,7,1,1,-76,7,2100,16117,52,100,1,0,0
780,18,8,1024,0,93,8,19,7,2,1,-95,10,4810,32516,46,100,3,0,0
779,20,16,1280,10,75,7,8,7,1,3,-70,0,743,9638,27,100,3,0,0
780,16,10,1024,10,70,6,5,6,1,1,-70,3,2208,19188,35,100,2,0,0
781,30,28,1536,0,66,7,4,7,1,2,-95,1,1001,12120,36,100,2,0,0
782,9,4,768,0,111,11,8,7,1,1,-52,0,828,12830,49,100,3,0,0
781,8,4,768,0,101,12,20,7,2,2,-70,10,2640,18131,47,100,2,0,0
782,19,18,1280,0,104,10,6,7,1,3,-52,1,1332,15247,43,100,3,0,0
781,12,8,1024,0,106,8,5,7,1,1,-70,0,678,8387,37,100,2,0,0
782,28,18,1280,20,93,6,3,7,1,1,-95,5,2522,24201,44,100,3,0,0
783,2,4,768,0,99,10,3,5,1,1,-95,0,387,6087,43,100,1,0,0
782,11,5,768,0,94,11,2,6,1,1,-70,0,727,12934,45,100,2,0,0
782,23,18,1280,0,92,9,7,7,1,3,-52,0,869,11435,37,100,3,0,0
783,29,28,1536,0,90,6,4,7,1,1,-52,0,367,5044,42,100,1,0,0
783,22,18,1280,0,93,5,5,7,1,1,-70,0,628,6921,34,100,1,0,0
784,4,1,512,10,121,15,2,7,2,1,-61,10,2899,16592,52,100,2,0,0
785,27,28,1536,0,75,7,4,5,1,2,-52,0,829,10727,35,100,2,0,0
783,10,5,768,0,90,9,6,7,1,2,-52,4,1985,15888,38,100,2,0,0
785,17,18,1280,0,84,6,6,7,1,1,-52,0,543,6589,34,100,2,0,0
784,25,19,1536,10,90,13,4,7,1,4,-70,0,643,9627,40,100,2,0,0
784,7,3,768,0,120,10,3,7,1,2,-70,1,900,11333,43,100,2,0,0
784,6,5,768,0,73,11,5,5,1,2,-52,0,550,6350,38,100,1,0,0
786,1,0,256,0,31,0,0,3,0,0,0,10,2015,18051,1010,100,3,0,0
786,3,1,512,0,110,15,13,7,1,1,-76,2,655,9939,52,100,1,0,0
786,5,1,512,0,103,16,3,7,1,1,-76,7,1792,14567,52,100,2,0,0
785,31,30,1792,0,74,5,5,5,1,1,-52,0,791,8913,34,100,1,0,0
786,30,28,1536,0,68,7,4,7,1,2,-95,1,851,6632,37,100,1,0,0
787,16,10,1024,0,73,6,5,6,1,1,-70,3,1222,11392,35,100,1,0,0
788,22,18,1280,0,94,5,5,7,1,1,-70,0,416,4563,35,100,2,0,0
788,11,5,768,0,95,11,2,6,1,1,-70,0,390,6658,45,100,1,0,0
788,2,4,768,0,101,11,3,5,1,1,-95,0,568,7139,43,100,2,0,0
787,21,16,1280,0,71,2,9,7,1,1,-52,1,982,11906,23,100,1,0,0
790,17,18,1280,0,87,6,6,7,1,1,-52,0,604,5484,34,100,1,0,0
789,18,8,1024,10,96,8,19,7,2,1,-95,10,4084,29708,46,100,1,0,0
787,26,21,1536,0,86,6,5,7,1,2,-52,0,858,9042,34,100,2,0,0
790,23,18,1280,0,94,9,7,7,1,3,-52,0,522,9608,37,100,1,0,0
789,7,3,768,0,123,10,3,7,1,2,-70,1,710,6980,44,100,2,0,0
792,4,1,512,0,122,15,2,7,2,1,-61,10,3484,23262,52,100,1,0,0
790,20,16,1280,0,80,7,8,7,1,3,-70,0,1038,11140,28,100,3,0,0
792,9,4,768,0,112,12,9,7,1,1,-52,0,643,12859,49,100,3,0,0
791,19,18,1280,0,105,10,6,7,1,3,-52,1,975,15105,43,100,3,0,0
791,10,5,768,10,90,10,6,7,1,2,-52,4,1475,11659,38,100,1,0,0
792,29,28,1536,10,95,6,4,7,1,1,-52,0,922,12165,43,100,1,0,0
792,8,4,768,0,104,13,20,7,2,2,-70,10,5049,29784,47,100,3,0,0
792,6,5,768,10,75,11,5,5,1,2,-52,0,591,6664,38,100,2,0,0
792,25,19,1536,0,92,13,4,7,1,4,-70,0,579,7698,41,100,1,0,0
792,30,28,1536,10,71,7,4,7,1,2,-95,1,801,8443,37,100,1,0,0
793,28,18,1280,0,97,6,3,7,1,1,-95,4,2910,27899,45,100,3,0,0
795,3,1,512,0,113,15,13,7,1,1,-76,2,1316,13743,53,100,2,0,0
794,1,0,256,0,31,0,0,3,0,0,0,10,2360,21531,1026,100,1,0,0
792,12,8,1024,0,111,9,5,7,1,1,-70,0,1117,11746,38,100,3,0,0
793,22,18,1280,10,96,5,5,7,1,1,-70,0,390,5385,35,100,1,0,0
795,2,4,768,0,103,11,3,5,1,1,-95,0,580,7883,44,100,1,0,0
795,5,1,512,10,105,16,3,7,1,1,-76,7,2987,23480,53,100,2,0,0
796,31,30,1792,0,78,5,5,5,1,1,-52,0,912,10252,35,100,2,0,0
795,11,5,768,0,96,12,2,6,1,1,-70,0,577,9111,46,100,1,0,0
795,27,28,1536,0,77,7,4,5,1,2,-52,0,700,10790,36,100,2,0,0
797,17,18,1280,0,90,6,6,7,1,1,-52,0,592,6993,34,100,3,0,0
795,26,21,1536,0,87,6,5,7,1,2,-52,0,470,7832,35,100,1,0,0
797,18,8,1024,0,98,9,20,7,2,1,-95,10,3597,24998,47,100,3,0,0
796,10,5,768,0,92,10,6,7,1,2,-52,4,912,7781,39,100,1,0,0
798,8,4,768,0,108,13,20,7,2,2,-70,10,2842,15705,48,100,2,0,0
798,9,4,768,0,113,12,9,7,1,1,-52,0,474,7487,50,100,1,0,0
772,13,7,1152,60,68,6,8,7,0,1,-70,0,988,6848,21,100,2,0,0
799,12,8,1024,0,112,9,5,7,1,1,-70,0,362,4481,38,100,2,0,0
784,13,7,1152,60,71,6,8,7,0,1,-70,0,1356,10911,22,100,3,0,0
798,16,10,1024,0,76,6,5,6,1,1,-70,3,2215,20662,36,100,2,0,0
800,2,4,768,0,104,11,3,5,1,1,-95,0,366,5726,44,100,1,0,0
799,29,28,1536,0,96,6,4,7,1,1,-52,0,489,9347,43,100,2,0,0
793,13,7,1152,70,74,6,8,7,0,1,-70,0,941,8924,22,100,3,0,0
800,19,18,1280,0,107,10,6,7,1,3,-52,1,894,12665,44,100,2,0,0
800,30,28,1536,0,73,7,4,7,1,2,-95,1,1015,11064,38,100,1,0,0
801,7,3,768,10,127,10,3,7,1,2,-70,1,1883,15126,44,100,2,0,0
798,13,7,1152,60,76,6,8,7,1,1,-70,0,527,4580,23,100,2,0,0
801,28,18,1280,10,99,6,3,7,1,1,-95,4,1815,19998,45,100,2,0,0
802,27,28,1536,0,79,7,4,5,1,2,-52,0,498,5309,36,100,1,0,0
801,20,16,1280,0,86,7,8,7,1,3,-70,0,1122,10613,29,100,3,0,0
801,25,19,1536,0,95,13,4,7,1,4,-70,0,800,8982,42,100,3,0,0
802,18,8,1024,10,101,9,21,7,2,1,-95,10,2125,14626,47,100,3,0,0
802,23,18,1280,10,97,9,7,7,1,3,-52,0,799,14105,38,100,3,0,0
803,4,1,512,10,125,15,2,7,2,1,-61,10,6884,38479,53,100,3,0,0
803,22,18,1280,0,97,5,5,7,1,1,-70,0,669,8173,36,100,3,0,0
803,13,7,1024,0,79,6,8,7,1,1,-70,0,1051,6427,23,100,1,0,0
803,5,1,512,20,106,16,3,7,1,1,-76,7,1983,19177,53,100,1,0,0
804,1,0,256,0,31,0,0,3,0,0,0,10,2351,24322,1041,100,2,0,0
803,6,5,768,0,78,11,5,5,1,2,-52,0,828,11557,39,100,2,0,0
805,17,18,1280,0,92,6,6,7,1,1,-52,0,571,7604,35,100,2,0,0
804,16,10,1024,10,79,6,5,6,1,1,-70,3,1117,8710,37,100,2,0,0
804,29,28,1536,0,97,6,4,7,1,1,-52,0,349,6169,44,100,0,0,0
805,8,4,768,0,111,13,20,7,2,2,-70,10,3261,20617,48,100,2,0,0
806,3,1,512,0,115,15,13,7,1,1,-76,2,2412,20614,53,100,2,0,0
806,12,8,1024,0,115,9,5,7,1,1,-70,0,622,7040,38,100,2,0,0
806,19,18,1280,0,109,10,6,7,1,3,-52,1,824,8719,44,100,2,0,0
805,10,5,768,10,93,10,6,7,1,2,-52,4,1454,11833,39,100,3,0,0
806,18,8,1024,0,102,9,22,7,2,1,-95,10,2231,15467,47,100,2,0,0
806,25,19,1536,0,95,13,4,7,1,4,-70,0,284,4932,42,100,1,0,0
808,11,5,768,10,98,12,2,6,1,1,-70,0,635,13567,46,100,3,0,0
807,31,30,1792,0,82,5,5,5,1,1,-52,0,978,11239,35,100,3,0,0
808,13,7,1024,0,81,6,8,7,1,1,-70,0,616,5247,23,100,2,0,0
809,28,18,1280,0,101,6,3,7,1,1,-95,4,1691,18756,46,100,2,0,0
808,9,4,768,10,118,12,9,7,1,1,-52,0,1034,13415,51,100,4,0,0
808,20,16,1280,0,88,7,9,7,1,3,-70,1,595,6307,29,100,4,0,0
809,30,28,1536,0,74,7,4,7,1,2,-95,1,833,10264,38,100,2,0,0
810,5,1,512,0,106,16,3,7,1,1,-76,7,1961,14669,54,100,1,0,0
810,2,4,768,0,108,11,3,5,1,1,-95,0,939,12579,45,100,2,0,0
809,23,18,1280,10,103,9,7,7,1,3,-52,0,888,9337,39,100,3,0,0
810,4,1,512,20,128,15,2,7,2,1,-61,10,4561,26227,53,100,2,0,0
811,17,18,1280,0,94,7,6,7,1,1,-52,0,571,6447,35,100,2,0,0
811,7,3,768,10,133,10,3,7,1,2,-70,1,1920,17961,45,100,2,0,0
810,27,28,1536,10,81,7,4,5,1,2,-52,0,674,8647,37,100,2,0,0
811,8,4,768,0,112,13,20,7,2,2,-70,10,3184,20120,49,100,2,0,0
812,13,7,1024,0,83,6,8,7,1,1,-70,0,425,4839,24,100,1,0,0
812,1,0,256,0,31,0,0,3,0,0,0,10,2609,22051,1062,100,1,0,0
813,12,8,1024,0,117,9,5,7,1,1,-70,0,548,7059,39,100,2,0,0
813,6,5,768,0,83,11,5,5,1,2,-52,0,1018,9995,40,100,2,0,0
814,22,18,1280,0,101,6,5,7,1,1,-70,0,948,11097,36,100,4,0,0
813,25,19,1536,0,96,13,4,7,1,4,-70,0,385,6190,42,100,2,0,0
813,16,10,1024,0,80,7,5,7,1,1,-70,3,1094,14661,37,100,3,0,0
814,18,8,1024,10,106,9,22,7,2,1,-95,10,3978,27226,48,100,3,0,0
814,11,5,768,10,100,12,2,6,1,1,-70,0,582,8179,47,100,1,0,0
816,7,3,768,0,133,10,3,7,1,2,-70,1,602,6879,45,100,1,0,0
815,30,28,1536,0,77,7,4,7,1,2,-95,1,963,8272,39,100,3,0,0
815,9,4,768,0,118,12,9,7,1,1,-52,0,309,8332,51,100,1,0,0
815,27,28,1536,0,81,7,4,5,1,2,-52,0,284,4672,37,100,1,0,0
816,19,18,1280,0,112,11,6,7,1,3,-52,1,1446,16398,45,100,3,0,0
817,5,1,512,0,109,16,3,7,1,1,-76,7,1702,15138,54,100,1,0,0
816,17,18,1280,0,97,7,6,7,1,1,-52,0,654,5106,36,100,2,0,0
815,29,28,1536,0,101,6,4,7,1,1,-52,0,856,13468,44,100,2,0,0
817,3,1,512,0,118,15,13,7,1,1,-76,2,1767,18373,54,100,2,0,0
816,10,5,768,20,98,10,6,7,1,2,-52,4,1690,15243,40,100,3,0,0
817,28,18,1280,0,108,7,3,7,1,1,-95,4,2726,21888,46,100,4,0,0
816,20,16,1280,0,90,7,9,7,1,3,-70,1,778,8840,30,100,1,0,0
818,13,7,1024,0,86,6,8,7,1,1,-70,0,694,6197,24,100,3,0,0
818,31,30,1792,0,83,6,5,5,1,1,-52,0,696,11100,36,100,2,0,0
820,6,5,768,0,83,11,5,5,1,2,-52,0,282,5495,40,100,1,0,0
819,8,4,768,0,114,13,20,7,2,2,-70,10,3391,21825,49,100,3,0,0
820,1,0,256,0,31,0,0,3,0,0,0,10,1636,17786,1069,100,2,0,0
820,18,8,1024,0,107,9,22,7,2,1,-95,10,2463,19812,48,100,1,0,0
821,4,1,512,10,130,15,2,7,2,1,-61,10,4973,32797,54,100,2,0,0
820,2,4,768,0,114,11,3,5,1,1,-95,0,1047,13854,46,100,2,0,0
821,3,1,512,0,119,15,13,7,1,1,-76,2,773,7535,54,100,1,0,0
822,5,1,512,0,111,16,3,7,1,1,-76,7,1314,11783,54,100,2,0,0
821,23,18,1280,0,107,10,7,7,1,3,-52,0,1063,14576,39,100,3,0,0
821,16,10,1024,0,82,7,5,7,1,1,-70,3,957,13727,38,100,2,0,0
822,9,4,768,0,120,12,9,7,1,1,-52,0,490,8666,51,100,2,0,0
822,11,5,768,0,103,12,2,6,1,1,-70,0,870,10934,47,100,3,0,0
822,25,19,1536,0,100,13,4,7,1,4,-70,0,1054,9470,43,100,2,0,0
820,30,28,1536,10,77,7,4,7,1,2,-95,1,495,6867,39,100,1,0,0
822,17,18,1280,0,98,7,6,7,1,1,-52,0,487,6805,36,100,2,0,0
823,22,18,1280,0,104,6,5,7,1,1,-70,0,801,9518,37,100,3,0,0
823,12,8,1024,0,120,9,5,7,1,1,-70,0,920,11283,40,100,4,0,0
824,1,0,256,0,31,0,0,3,0,0,0,10,1483,11678,1079,100,1,0,0
823,27,28,1536,0,82,8,4,5,1,2,-52,0,550,8310,38,100,1,0,0
825,19,18,1280,0,116,11,7,7,1,3,-52,1,1314,15320,46,100,5,0,0
827,7,3,768,10,136,10,3,7,1,2,-70,1,1471,17822,46,100,2,0,0
825,29,28,1536,0,104,7,4,7,1,1,-52,0,888,12198,45,100,2,0,0
826,13,7,1024,0,88,6,8,7,1,1,-70,0,570,7934,25,100,2,0,0
826,20,16,1280,0,93,7,10,7,1,3,-70,1,1144,10256,30,100,6,0,0
826,9,4,768,10,124,12,9,7,1,1,-52,0,764,6571,52,100,2,0,0
826,30,28,1536,20,80,8,4,7,1,2,-95,1,910,8237,40,100,1,0,0
827,4,1,512,10,133,15,2,7,2,1,-61,10,4408,24278,55,100,1,0,0
827,23,18,1280,0,108,10,7,7,1,3,-52,0,547,7755,40,100,2,0,0
827,2,4,768,0,115,11,3,5,1,1,-95,0,516,8064,46,100,2,0,0
827,10,5,768,10,103,10,6,7,1,2,-52,4,1751,16464,41,100,4,0,0
828,28,18,1280,0,113,7,3,7,1,1,-95,4,3017,28502,47,100,2,0,0
828,8,4,768,10,118,13,20,7,2,2,-70,10,4297,24304,50,100,2,0,0
828,31,30,1792,0,86,6,5,5,1,1,-52,0,686,8856,37,100,1,0,0
829,5,1,512,0,113,16,3,7,1,1,-76,7,2176,19063,55,100,3,0,0
828,25,19,1536,0,104,13,4,7,1,4,-70,0,889,7053,43,100,3,0,0
829,27,28,1536,0,83,8,4,5,1,2,-52,0,390,5667,38,100,1,0,0
829,18,8,1024,0,109,9,22,7,2,1,-95,10,4768,32262,49,100,1,0,0
830,13,7,1024,0,89,6,8,7,1,1,-70,0,365,4528,25,100,1,0,0
830,22,18,1280,0,104,6,5,7,1,1,-70,0,284,6346,37,100,1,0,0
831,3,1,512,0,121,15,13,7,1,1,-76,2,1451,16233,55,100,2,0,0
830,29,28,1536,0,104,7,4,7,1,1,-52,0,285,6139,45,100,1,0,0
831,19,18,1280,0,118,11,7,7,1,3,-52,1,968,10366,46,100,1,0,0
831,6,5,768,0,85,11,5,5,1,2,-52,0,719,11323,41,100,2,0,0
831,9,4,768,0,125,12,10,7,1,1,-52,0,418,6364,52,100,2,0,0
833,7,3,768,0,137,10,3,7,1,2,-70,1,938,9578,46,100,1,0,0
831,20,16,1280,0,95,7,10,7,1,3,-70,1,556,6188,31,100,1,0,0
832,17,18,1280,0,102,7,6,7,1,1,-52,0,806,9525,37,100,2,0,0
834,1,0,256,0,31,0,0,3,0,0,0,10,2013,22133,1091,100,1,0,0
833,10,5,768,10,104,10,6,7,1,2,-52,4,886,8287,41,100,1,0,0
834,4,1,512,0,135,15,2,7,2,1,-61,10,3302,19811,55,100,1,0,0
834,28,18,1280,0,115,7,3,7,1,1,-95,4,1556,15426,47,100,2,0,0
833,11,5,768,0,106,12,2,6,1,1,-70,0,828,13799,48,100,3,0,0
833,16,10,1024,0,85,7,5,7,1,1,-70,3,1465,18422,38,100,3,0,0
835,18,8,1024,0,111,9,22,7,2,1,-95,10,2257,16818,49,100,1,0,0
834,31,30,1792,0,86,7,5,5,1,1,-52,0,512,6370,37,100,2,0,0
834,25,19,1536,10,105,14,4,7,1,4,-70,0,594,6664,44,100,1,0,0
836,8,4,768,30,121,13,20,7,2,2,-70,10,3860,22780,50,100,3,0,0
836,3,1,512,0,123,15,13,7,1,1,-76,2,801,8330,55,100,1,0,0
836,12,8,1024,0,127,9,5,7,1,1,-70,0,1252,12550,41,100,3,0,0
838,7,3,768,0,138,10,3,7,1,2,-70,1,527,7962,47,100,2,0,0
837,30,28,1536,0,85,8,4,7,1,2,-95,1,1682,15224,40,100,3,0,0
839,19,18,1280,0,119,11,7,7,1,3,-52,1,739,11624,46,100,1,0,0
838,23,18,1280,0,112,10,7,7,1,3,-52,0,779,13494,40,100,2,0,0
838,13,7,1024,0,89,6,8,7,1,1,-70,0,306,7589,25,100,1,0,0
839,1,0,256,0,32,0,0,3,0,0,0,10,1809,14530,1103,100,2,0,0
839,2,4,768,0,118,11,3,5,1,1,-95,0,857,13701,47,100,2,0,0
840,5,1,512,0,120,16,4,7,1,1,-76,7,2934,25146,56,100,4,0,0
839,27,28,1536,0,87,8,4,5,1,2,-52,0,912,9721,39,100,2,0,0
838,17,18,1280,0,105,7,6,7,1,1,-52,0,706,6395,37,100,2,0,0
839,16,10,1024,0,86,7,5,7,1,1,-70,3,561,9917,39,100,1,0,0
840,4,1,512,10,137,15,2,7,2,1,-61,10,4226,23089,55,100,4,0,0
840,9,4,768,0,132,12,10,7,1,1,-52,0,1134,11707,53,100,2,0,0
839,22,18,1280,0,108,6,5,7,1,1,-70,0,907,9402,38,100,3,0,0
841,20,16,1280,0,97,7,10,7,1,3,-70,1,727,9583,31,100,2,0,0
841,12,8,1024,0,128,9,5,7,1,1,-70,0,393,5890,41,100,1,0,0
841,10,5,768,0,107,10,6,7,1,2,-52,4,1369,11792,42,100,2,0,0
842,18,8,1024,0,112,9,22,7,2,1,-95,10,3263,23685,50,100,2,0,0
842,29,28,1536,20,108,7,4,7,1,1,-52,0,806,13867,46,100,2,0,0
842,6,5,768,10,88,11,5,5,1,2,-52,0,742,9560,42,100,3,0,0
844,5,1,512,20,120,17,4,7,1,1,-76,7,1443,11415,56,100,0,0,0
844,2,4,768,10,120,11,3,5,1,1,-95,0,366,5997,47,100,1,0,0
843,11,5,768,0,111,12,2,6,1,1,-70,0,1036,12745,49,100,4,0,0
844,1,0,256,0,33,0,0,3,0,0,0,10,1550,13408,1114,100,2,0,0
844,25,19,1536,0,108,14,4,7,1,4,-70,0,649,9456,44,100,2,0,0
845,3,1,512,0,127,16,13,7,1,1,-76,2,1614,15531,56,100,3,0,0
844,30,28,1536,0,88,8,4,7,1,2,-95,1,895,8845,41,100,1,0,0
845,28,18,1280,10,118,7,3,7,1,1,-95,4,2824,29449,48,100,2,0,0
845,16,10,1024,10,88,7,5,7,1,1,-70,3,858,9182,39,100,1,0,0
846,17,18,1280,0,107,7,6,7,1,1,-52,0,675,6778,38,100,2,0,0
845,31,30,1792,0,89,7,5,5,1,1,-52,0,919,11039,38,100,2,0,0
846,13,7,1024,0,92,7,8,7,1,1,-70,0,854,8479,26,100,3,0,0
847,9,4,768,0,137,12,10,7,1,1,-52,0,911,8434,53,100,3,0,0
847,8,4,768,0,126,13,20,7,2,2,-70,10,4590,29524,51,100,3,0,0
848,7,3,768,0,140,11,3,7,1,2,-70,1,1440,15924,47,100,3,0,0
848,11,5,768,0,113,12,2,6,1,1,-70,0,396,5629,49,100,1,0,0
849,5,1,512,0,122,17,4,7,1,1,-76,7,1201,9895,56,100,2,0,0
848,12,8,1024,0,128,9,5,7,1,1,-70,0,283,6095,41,100,1,0,0
849,22,18,1280,0,111,6,5,7,1,1,-70,0,685,8265,39,100,1,0,0
849,1,0,256,0,33,0,0,3,0,0,0,10,922,10176,1116,100,1,0,0
847,20,16,1280,0,99,7,10,7,1,3,-70,1,604,6578,32,100,2,0,0
849,23,18,1280,0,114,10,7,7,1,3,-52,0,701,12395,41,100,2,0,0
849,29,28,1536,0,112,7,4,7,1,1,-52,0,845,8430,46,100,1,0,0
849,4,1,512,10,143,16,2,7,2,1,-61,10,4911,29935,56,100,2,0,0
850,27,28,1536,0,90,8,4,5,1,2,-52,0,805,9905,40,100,2,0,0
851,19,18,1280,10,123,11,8,7,1,3,-52,1,1612,19457,47,100,5,0,0
850,25,19,1536,0,112,14,4,7,1,4,-70,0,769,6417,45,100,1,0,0
850,16,10,1024,0,91,7,5,7,1,1,-70,3,920,9101,40,100,2,0,0
852,10,5,768,0,111,10,7,7,1,2,-52,4,1871,15174,42,100,5,0,0
852,28,18,1280,10,119,7,3,7,1,1,-95,4,1800,18806,49,100,1,0,0
853,30,28,1536,0,91,8,4,7,1,2,-95,1,990,10094,41,100,1,0,0
852,12,8,1024,0,129,9,5,7,1,1,-70,0,422,4484,42,100,1,0,0
852,31,30,1792,10,90,7,5,5,1,1,-52,0,388,5779,38,100,1,0,0
853,2,4,768,0,124,11,3,5,1,1,-95,0,950,12016,48,100,1,0,0
853,18,8,1024,0,116,9,22,7,2,1,-95,10,5229,38084,51,100,2,0,0
853,6,5,768,0,95,11,5,5,1,2,-52,0,1244,11338,42,100,4,0,0
853,11,5,768,0,115,12,2,6,1,1,-70,0,565,6826,49,100,2,0,0
854,8,4,768,0,130,13,20,7,2,2,-70,10,3681,21120,51,100,3,0,0
854,13,7,1024,0,94,7,8,7,1,1,-70,0,520,8140,26,100,1,0,0
855,3,1,512,0,129,16,13,7,1,1,-76,2,1697,16954,57,100,3,0,0
855,16,10,1024,0,96,7,5,7,1,1,-70,3,1004,8878,40,100,2,0,0
856,4,1,512,10,146,16,2,7,2,1,-61,10,4136,24060,56,100,2,0,0
856,29,28,1536,0,113,7,4,7,1,1,-52,0,544,8433,47,100,2,0,0
856,22,18,1280,0,113,6,5,7,1,1,-70,0,516,7090,39,100,2,0,0
857,23,18,1280,0,116,10,7,7,1,3,-52,0,677,9362,42,100,2,0,0
858,17,18,1280,0,113,7,6,7,1,1,-52,0,1089,11386,38,100,3,0,0
857,12,8,1024,0,131,9,5,7,1,1,-70,0,497,5548,42,100,1,0,0
858,9,4,768,0,142,12,11,7,1,1,-52,0,1093,15272,54,100,4,0,0
856,20,16,1280,0,102,8,10,7,1,3,-70,2,1087,10209,32,100,3,0,0
857,11,5,768,0,117,13,2,6,1,1,-70,0,637,5666,50,100,1,0,0
859,1,0,256,0,34,0,0,3,0,0,0,10,3050,25878,1137,100,3,0,0
858,7,3,768,10,147,11,3,7,1,2,-70,1,1635,17432,48,100,4,0,0
860,5,1,512,30,125,18,4,7,1,1,-76,8,3898,28844,57,100,3,0,0
859,19,18,1280,0,124,11,9,7,1,3,-52,1,824,13691,48,100,2,0,0
858,25,19,1536,10,114,14,4,7,1,4,-70,0,620,8260,45,100,2,0,0
859,2,4,768,0,128,11,3,5,1,1,-95,0,878,8742,48,100,2,0,0
860,3,1,512,10,129,17,13,7,1,1,-76,2,664,6776,57,100,1,0,0
831,26,20,1664,20,99,7,5,7,0,3,-70,0,1212,11841,37,100,2,0,0
860,10,5,768,0,115,11,7,7,1,2,-52,5,2035,13330,43,100,2,0,0
861,18,8,1024,10,117,9,22,7,2,1,-95,10,2542,22592,51,100,1,0,0
861,6,5,768,10,97,12,5,5,1,2,-52,0,787,8084,43,100,1,0,0
846,26,20,1664,90,104,8,5,7,0,3,-70,0,591,6289,38,100,2,0,0
862,17,18,1280,0,114,7,6,7,1,1,-52,0,491,4584,39,100,1,0,0
863,11,5,768,10,119,13,2,6,1,1,-70,0,473,5775,50,100,1,0,0
863,8,4,768,0,133,13,20,7,2,2,-70,10,3047,22331,52,100,1,0,0
829,15,10,1152,70,4,3,14,6,0,1,-52,0,632,4711,1,100,4,0,0
862,16,10,1024,0,98,7,5,7,1,1,-70,3,1509,12617,40,100,2,0,0
837,15,10,1152,80,6,3,14,6,0,1,-52,0,931,7423,1,100,7,0,0
848,15,10,1152,90,10,3,14,6,0,1,-52,0,826,9553,2,100,6,0,0
864,4,1,512,20,147,17,3,7,2,1,-61,10,3293,24041,57,100,3,0,0
864,13,7,1024,0,98,7,8,7,1,1,-70,0,929,11255,27,100,3,0,0
866,22,18,1280,0,117,6,5,7,1,1,-70,0,889,9256,40,100,2,0,0
857,15,10,1152,90,14,3,14,6,0,1,-52,0,910,8181,3,100,6,0,0
866,23,18,1280,10,118,10,7,7,1,3,-52,0,517,11034,42,100,2,0,0
867,19,18,1280,0,124,11,9,7,1,3,-52,1,823,12467,48,100,2,0,0
866,15,10,1024,0,15,3,14,6,1,1,-52,0,1443,10642,3,100,4,0,0
868,12,8,1024,10,137,9,5,7,1,1,-70,0,1069,10173,43,100,2,0,0
868,3,1,512,10,131,17,13,7,1,1,-76,2,1005,13087,57,100,2,0,0
868,6,5,768,0,98,12,5,5,1,2,-52,0,473,6981,43,100,2,0,0
869,9,4,768,10,143,12,11,7,1,1,-52,0,537,13344,54,100,2,0,0
868,20,16,1280,10,104,8,10,7,1,3,-70,2,1535,15737,33,100,3,0,0
869,4,1,512,0,149,17,3,7,2,1,-61,10,2250,14433,57,100,2,0,0
870,5,1,512,0,126,18,4,7,1,1,-76,8,4313,28224,58,100,2,0,0
870,8,4,768,0,134,13,20,7,2,2,-70,10,2138,18466,53,100,3,0,0
870,2,4,768,0,131,11,3,5,1,1,-95,0,832,12831,49,100,2,0,0
869,7,3,768,10,149,11,3,7,1,2,-70,1,1210,17839,49,100,2,0,0
871,10,5,768,10,118,11,7,7,1,2,-52,5,3235,20278,44,100,2,0,0
871,22,18,1280,10,120,6,5,7,1,1,-70,0,871,7118,40,100,1,0,0
870,1,0,256,0,34,0,0,3,0,0,0,10,3046,29321,1158,100,2,0,0
871,18,8,1024,0,119,9,22,7,2,1,-95,10,2725,27768,52,100,2,0,0
871,25,19,1536,0,118,14,5,7,1,4,-70,0,989,11857,46,100,4,0,0
872,15,10,1024,0,17,3,14,6,1,1,-52,0,652,5381,4,100,2,0,0
872,17,18,1280,0,117,7,7,7,1,1,-52,0,675,9646,39,100,3,0,0
872,23,18,1280,10,121,10,8,7,1,3,-52,0,762,8136,43,100,2,0,0
873,3,1,512,0,132,17,13,7,1,1,-76,2,818,9223,58,100,1,0,0
872,16,10,1024,0,99,7,5,7,1,1,-70,3,1207,16142,41,100,2,0,0
874,11,5,768,0,123,13,2,6,1,1,-70,0,959,14088,51,100,3,0,0
873,4,1,512,20,152,17,3,7,2,1,-61,10,2438,13794,58,100,1,0,0
872,20,16,1280,10,105,8,10,7,1,3,-70,2,371,5234,33,100,1,0,0
874,9,4,768,0,144,12,12,7,1,1,-52,0,736,6589,55,100,3,0,0
874,5,1,512,20,126,18,4,7,1,1,-76,8,1588,12082,58,100,1,0,0
874,13,7,1024,10,101,7,8,7,1,1,-70,0,775,9281,28,100,3,0,0
875,12,8,1024,0,142,9,5,7,1,1,-70,0,960,7798,43,100,3,0,0
875,6,5,768,0,100,12,5,5,1,2,-52,0,550,6429,44,100,1,0,0
876,1,0,256,0,34,0,0,3,0,0,0,10,1201,12750,1164,100,1,0,0
875,19,18,1280,0,129,11,9,7,1,3,-52,1,1217,12800,49,100,2,0,0
875,25,19,1536,0,120,14,5,7,1,4,-70,0,646,4908,46,100,2,0,0
877,8,4,768,0,134,13,20,7,2,2,-70,10,2065,16547,53,100,1,0,0
877,2,4,768,0,132,12,3,5,1,1,-95,0,494,8724,49,100,1,0,0
877,7,3,768,0,151,11,3,7,1,2,-70,1,902,11217,49,100,2,0,0
878,18,8,1024,0,121,9,22,7,2,1,-95,10,2159,20923,52,100,2,0,0
878,4,1,512,0,155,17,3,7,2,1,-61,10,2035,14781,58,100,0,0,0
878,16,10,1024,0,100,7,5,7,1,1,-70,3,779,8679,41,100,1,0,0
879,15,10,1024,0,21,3,14,6,1,1,-52,0,899,7006,4,100,4,0,0
879,6,5,768,20,102,12,5,5,1,2,-52,0,365,4262,44,100,1,0,0
879,20,16,1280,30,109,8,10,7,1,3,-70,2,1124,10201,34,100,2,0,0
881,22,18,1280,10,122,6,5,7,1,1,-70,0,664,8778,41,100,4,0,0
854,21,20,1664,50,97,4,9,7,0,2,-52,1,888,12375,27,100,2,0,0
880,19,18,1280,10,135,11,9,7,1,3,-52,1,1152,8478,49,100,1,0,0
860,21,20,1664,80,98,4,9,7,0,2,-52,1,457,7187,28,100,2,0,0
881,3,1,512,0,134,17,13,7,1,1,-76,2,1333,12787,58,100,3,0,0
869,21,20,1664,90,100,4,9,7,0,2,-52,1,461,9611,28,100,2,0,0
881,23,18,1280,0,124,10,8,7,1,3,-52,0,740,11086,43,100,4,0,0
882,12,8,1024,0,146,9,5,7,1,1,-70,0,711,6751,43,100,1,0,0
882,10,5,768,10,120,11,7,7,1,2,-52,5,2861,20434,44,100,3,0,0
882,8,4,768,0,134,13,20,7,2,2,-70,10,1674,14213,53,100,1,0,0
882,7,3,768,0,153,12,3,7,1,2,-70,1,823,8737,50,100,2,0,0
873,21,20,1664,80,101,4,9,7,0,2,-52,1,145,4471,29,100,1,0,0
883,18,8,1024,0,123,9,22,7,2,1,-95,10,1577,14991,53,100,2,0,0
883,2,4,768,0,133,12,3,5,1,1,-95,0,473,7169,50,100,1,0,0
884,15,10,1024,0,23,3,14,6,1,1,-52,0,467,4234,4,100,2,0,0
883,17,18,1280,0,124,7,7,7,1,1,-52,0,1228,11193,40,100,3,0,0
884,9,4,768,0,146,12,12,7,1,1,-52,0,642,12403,55,100,2,0,0
882,13,7,1024,0,105,7,8,7,1,1,-70,0,754,8449,28,100,2,0,0
882,21,20,1536,0,104,4,9,7,1,2,-52,1,1527,12630,29,100,4,0,0
884,25,19,1536,0,122,14,5,7,1,4,-70,0,670,8310,47,100,3,0,0
886,11,5,768,0,125,13,2,7,1,1,-70,0,751,14465,52,100,2,0,0
886,6,5,768,0,104,12,5,5,1,2,-52,0,628,6739,44,100,1,0,0
886,1,0,256,0,34,0,0,3,0,0,0,10,2797,25637,1183,100,2,0,0
885,5,1,512,30,130,18,4,7,1,1,-76,8,4445,31149,59,100,2,0,0
884,20,16,1280,0,111,8,10,7,1,3,-70,2,1560,10621,34,100,2,0,0
887,19,18,1280,0,138,11,10,7,1,3,-52,1,1058,11096,50,100,3,0,0
886,13,7,1024,0,105,8,8,7,1,1,-70,0,395,4685,29,100,1,0,0
889,4,1,512,0,156,17,4,7,2,1,-61,10,4140,32626,59,100,3,0,0
889,15,10,1024,0,25,3,14,6,1,1,-52,0,650,5964,5,100,2,0,0
890,8,4,768,10,136,13,20,7,2,2,-70,10,1899,17476,54,100,1,0,0
890,16,10,1024,0,101,7,5,7,1,1,-70,3,2470,21138,42,100,3,0,0
891,18,8,1024,0,125,9,22,7,2,1,-95,10,2204,21944,53,100,1,0,0
891,3,1,512,10,137,17,13,7,1,1,-76,2,1695,16252,59,100,2,0,0
892,22,18,1280,0,126,6,5,7,1,1,-70,2,1484,12382,41,100,2,0,0
889,21,20,1536,0,105,4,9,7,1,2,-52,0,523,7869,30,100,2,0,0
890,7,3,768,0,155,12,3,7,1,2,-70,1,1232,12599,50,100,2,0,0
890,10,5,768,0,123,11,7,7,1,2,-52,5,2645,18847,45,100,2,0,0
890,6,5,768,0,105,12,5,5,1,2,-52,0,542,6256,45,100,2,0,0
893,23,18,1280,0,128,10,8,7,1,3,-52,0,909,12639,44,100,3,0,0
891,11,5,768,0,127,13,2,7,1,1,-70,0,516,8668,52,100,2,0,0
892,19,18,1280,10,140,11,10,7,1,3,-52,1,701,8168,50,100,2,0,0
892,5,1,512,0,134,18,4,7,1,1,-76,8,2454,17072,59,100,1,0,0
893,9,4,768,0,148,12,12,7,1,1,-52,0,606,11217,56,100,1,0,0
892,25,19,1536,0,124,14,5,7,1,4,-70,0,573,7839,48,100,2,0,0
893,12,8,1024,0,150,9,5,7,1,1,-70,0,1066,11930,44,100,4,0,0
894,2,4,768,10,137,12,3,5,1,1,-95,0,855,13621,50,100,2,0,0
877,28,22,1664,60,128,9,3,7,0,2,-70,4,568,15315,50,100,3,0,0
895,1,0,256,0,34,0,0,3,0,0,0,10,1879,21418,1192,100,1,0,0
895,8,4,768,10,137,13,20,7,2,2,-70,10,2100,14656,54,100,1,0,0
895,17,18,1280,0,129,7,8,7,1,1,-52,0,1037,11366,41,100,3,0,0
883,28,22,1664,80,128,9,3,7,0,2,-70,4,921,13003,51,100,2,0,0
895,7,3,768,0,157,12,3,7,1,2,-70,1,665,7905,51,100,2,0,0
894,6,5,768,0,107,12,5,5,1,2,-52,0,268,3885,45,100,0,0,0
888,28,22,1664,80,128,9,3,7,0,2,-70,4,711,11695,51,100,1,0,0
895,20,16,1280,0,115,8,10,7,1,3,-70,2,1487,16813,35,100,3,0,0
897,4,1,512,0,157,17,4,7,2,1,-61,10,4049,24319,59,100,2,0,0
897,15,10,1024,0,28,3,14,6,1,1,-52,0,822,7677,5,100,3,0,0
898,3,1,512,0,140,17,13,7,1,1,-76,2,1164,11591,59,100,1,0,0
897,10,5,768,10,127,11,7,7,1,2,-52,5,1556,11457,45,100,1,0,0
895,21,20,1536,0,107,5,9,7,1,2,-52,0,578,7715,30,100,1,0,0
897,13,7,1024,10,108,8,8,7,1,1,-70,0,743,10403,29,100,3,0,0
899,28,22,1536,10,132,9,3,7,1,2,-70,4,1681,25608,52,100,4,0,0
899,17,18,1280,0,132,7,8,7,1,1,-52,0,684,4744,41,100,2,0,0
899,22,18,1280,0,135,6,5,7,1,1,-70,2,2698,15187,42,100,3,0,0
900,1,0,256,0,34,0,0,3,0,0,0,10,1576,14183,1204,100,1,0,0
900,5,1,512,20,138,18,4,7,1,1,-76,8,2716,19904,60,100,2,0,0
901,12,8,1024,0,152,9,5,7,1,1,-70,0,549,7056,45,100,2,0,0
899,6,5,768,0,110,12,5,5,1,2,-52,0,573,4115,45,100,2,0,0
901,9,4,768,10,149,12,13,7,1,1,-52,0,596,9952,57,100,3,0,0
901,8,4,768,0,139,13,20,7,2,2,-70,10,2421,16230,55,100,1,0,0
900,16,10,1024,0,104,7,5,7,1,1,-70,3,1795,18508,43,100,2,0,0
902,18,8,1024,0,129,9,22,7,2,1,-95,10,5020,37514,54,100,3,0,0
902,23,18,1280,0,134,10,9,7,1,3,-52,0,1151,12841,45,100,4,0,0
902,19,18,1280,20,146,11,10,7,1,3,-52,1,1499,15544,51,100,4,0,0
901,10,5,768,0,129,11,7,7,1,2,-52,5,1002,8289,46,100,0,0,0
902,25,19,1536,0,128,14,5,7,1,4,-70,0,858,9568,48,100,2,0,0
903,2,4,768,0,139,12,3,5,1,1,-95,0,727,11584,51,100,2,0,0
903,15,10,1024,10,32,3,14,6,1,1,-52,0,648,5876,6,100,3,0,0
874,27,22,1664,50,100,9,4,5,0,3,-52,0,835,6687,41,100,3,0,0
902,11,5,768,0,130,13,2,7,1,1,-70,0,827,13311,53,100,3,0,0
904,28,22,1536,0,133,9,3,7,1,2,-70,4,298,10676,52,100,0,0,0
904,3,1,512,0,142,17,13,7,1,1,-76,2,999,11047,60,100,2,0,0
903,6,5,768,0,112,12,5,5,1,2,-52,0,552,5225,46,100,1,0,0
883,27,22,1664,80,102,10,4,5,0,3,-52,0,568,8422,42,100,2,0,0
906,17,18,1280,0,133,7,8,7,1,1,-52,0,448,6169,42,100,1,0,0
896,27,22,1664,80,105,10,4,5,0,3,-52,0,854,10257,43,100,4,0,0
905,7,3,768,0,162,12,3,7,1,2,-70,1,1295,15406,51,100,3,0,0
906,8,4,768,10,139,14,20,7,2,2,-70,10,2331,13906,55,100,2,0,0
905,13,7,1024,0,111,8,8,7,1,1,-70,0,777,7331,30,100,3,0,0
905,5,1,512,30,139,18,4,7,1,1,-76,8,2304,15244,60,100,2,0,0
907,12,8,1024,10,155,9,5,7,1,1,-70,0,604,6647,45,100,1,0,0
907,1,0,256,0,34,0,0,3,0,0,0,10,2128,18264,1218,100,2,0,0
866,26,16,1664,70,112,10,5,7,0,4,-95,0,3582,14979,40,100,3,0,0
908,27,22,1536,0,110,10,4,5,1,3,-52,0,1353,11669,43,100,4,0,0
908,2,4,768,0,140,12,3,5,1,1,-95,0,366,5523,51,100,1,0,0
908,4,1,512,10,159,17,4,7,2,1,-61,10,5672,35470,60,100,3,0,0
875,26,16,1664,70,115,10,5,7,0,4,-95,0,603,6664,40,100,4,0,0
909,19,18,1280,0,149,11,10,7,1,3,-52,1,958,10639,51,100,2,0,0
910,18,8,1024,0,129,9,22,7,2,1,-95,10,3222,25242,54,100,2,0,0
910,28,22,1536,0,136,9,3,7,1,2,-70,4,726,14320,52,100,3,0,0
910,5,1,512,70,143,18,4,7,1,1,-76,8,1935,12034,60,100,2,0,0
907,15,10,1024,0,33,3,14,6,1,1,-52,0,571,4549,6,100,2,0,0
906,16,10,1024,50,106,8,5,7,1,1,-70,3,1726,12648,44,100,1,0,0
912,22,18,1280,0,137,6,5,7,1,1,-70,2,2611,19697,43,100,3,0,0
887,26,16,1664,50,117,10,5,7,0,4,-95,0,743,10072,41,100,3,0,0
892,26,16,1664,80,117,10,5,7,0,4,-95,0,229,4725,41,100,1,0,0
905,21,20,1536,0,114,5,9,7,1,2,-52,0,1228,12095,31,100,3,0,0
912,9,4,768,0,153,13,13,7,1,1,-52,0,983,14834,57,100,3,0,0
910,13,7,1024,0,113,8,8,7,1,1,-70,0,617,5652,30,100,2,0,0
913,3,1,512,0,146,17,14,7,1,1,-76,2,1704,14477,60,100,4,0,0
913,25,19,1536,0,130,14,6,7,1,4,-70,0,728,10701,49,100,3,0,0
913,2,4,768,0,141,12,3,5,1,1,-95,0,376,6576,52,100,0,0,0
914,23,18,1280,0,137,10,10,7,1,3,-52,0,799,14213,45,100,4,0,0
909,6,5,768,0,114,13,5,5,1,2,-52,0,552,5623,46,100,1,0,0
914,17,18,1280,0,134,7,8,7,1,1,-52,0,530,8213,42,100,3,0,0
915,18,8,1024,0,130,10,22,7,2,1,-95,10,1919,14235,55,100,1,0,0
906,26,16,1280,30,120,10,5,7,1,4,-95,0,989,5955,42,100,2,0,0
915,28,22,1536,0,139,9,3,7,1,2,-70,4,541,10756,53,100,0,0,0
907,20,16,1280,0,122,8,10,7,1,3,-70,2,2074,20091,36,100,3,0,0
914,19,18,1280,0,151,11,10,7,1,3,-52,1,823,9582,52,100,1,0,0
914,7,3,768,0,166,12,3,7,1,2,-70,1,1405,15137,52,100,3,0,0
915,8,4,768,0,140,14,20,7,2,2,-70,10,3980,24986,56,100,3,0,0
910,21,20,1536,0,118,5,9,7,1,2,-52,0,708,6792,31,100,2,0,0
913,11,5,768,0,133,14,2,7,1,1,-70,0,880,12764,54,100,3,0,0
916,27,22,1536,0,113,10,4,5,1,3,-52,0,682,7726,44,100,2,0,0
916,22,18,1280,0,139,6,5,7,1,1,-70,2,1383,9146,43,100,1,0,0
912,16,10,1024,0,108,9,5,7,1,1,-70,3,2097,13670,44,100,1,0,0
916,1,0,256,0,34,0,0,3,0,0,0,10,2527,22913,1230,100,1,0,0
912,26,16,1280,0,123,10,5,7,1,4,-95,0,822,7057,43,100,2,0,0
913,20,16,1280,0,123,8,10,7,1,3,-70,2,624,9281,36,100,2,0,0
916,15,10,1024,0,37,5,15,6,1,1,-52,0,1064,8716,7,100,5,0,0
917,3,1,512,10,146,17,14,7,1,1,-76,2,372,6376,61,100,0,0,0
917,12,8,1024,0,159,10,5,7,1,1,-70,0,1011,10304,46,100,3,0,0
916,10,5,768,0,135,12,7,7,1,2,-52,5,2468,14856,47,100,1,0,0
918,25,19,1536,0,131,14,6,7,1,4,-70,0,573,5527,49,100,1,0,0
918,9,4,768,0,153,13,13,7,1,1,-52,0,368,7623,58,100,1,0,0
918,20,16,1280,0,125,8,10,7,1,3,-70,2,577,7293,36,100,2,0,0
918,6,5,768,0,115,13,5,5,1,2,-52,0,590,8387,47,100,2,0,0
919,4,1,512,0,163,17,4,7,2,1,-61,10,5626,34460,61,100,3,0,0
917,13,7,1024,0,114,8,8,7,1,1,-70,0,554,7358,31,100,1,0,0
920,18,8,1024,10,132,10,22,7,2,1,-95,10,1797,15943,55,100,1,0,0
920,17,18,1280,0,136,7,8,7,1,1,-52,0,518,5327,43,100,3,0,0
919,2,4,768,0,141,12,3,5,1,1,-95,0,379,7337,52,100,2,0,0
921,8,4,768,0,141,14,20,7,2,2,-70,10,1820,14079,56,100,1,0,0
920,16,10,1024,0,111,9,5,7,1,1,-70,4,1679,13708,44,100,1,0,0
922,27,22,1536,0,114,10,4,5,1,3,-52,0,392,5841,44,100,1,0,0
922,23,18,1280,0,140,10,10,7,1,3,-52,0,682,9939,46,100,2,0,0
921,15,10,1024,0,39,5,15,6,1,1,-52,0,589,5769,7,100,3,0,0
922,5,1,512,10,146,18,4,7,2,1,-76,9,5583,33048,61,100,3,0,0
924,22,18,1280,0,141,6,5,7,1,1,-70,2,1436,12976,44,100,3,0,0
922,26,16,1280,0,124,10,5,7,1,4,-95,1,735,9720,43,100,1,0,0
923,19,18,1280,0,153,11,11,7,1,3,-52,1,1113,13756,52,100,4,0,0
924,28,22,1536,0,145,9,3,7,1,2,-70,4,1066,21823,53,100,3,0,0
925,3,1,512,0,148,17,14,7,1,1,-76,2,1241,13012,61,100,2,0,0
925,11,5,768,0,136,14,2,7,1,1,-70,0,802,13548,54,100,2,0,0
924,10,5,768,10,137,12,7,7,1,2,-52,6,1900,14129,47,100,2,0,0
924,7,3,768,0,167,12,3,7,1,2,-70,1,1116,15651,53,100,2,0,0
925,1,0,256,0,34,0,0,3,0,0,0,10,2276,25130,1245,100,2,0,0
925,4,1,512,10,164,17,4,7,2,1,-61,10,2508,18415,61,100,2,0,0
926,8,4,768,0,144,14,20,7,2,2,-70,10,1761,12999,56,100,2,0,0
926,23,18,1280,0,142,10,10,7,1,3,-52,0,470,5963,46,100,2,0,0
926,12,8,1024,0,161,10,5,7,1,1,-70,0,621,8443,46,100,2,0,0
927,6,5,768,10,115,13,5,5,1,2,-52,0,306,7120,47,100,1,0,0
927,17,18,1280,0,139,7,8,7,1,1,-52,0,623,7607,43,100,2,0,0
926,13,7,1024,10,120,8,8,7,1,1,-70,0,927,8386,31,100,4,0,0
927,20,16,1280,10,130,8,10,7,1,3,-70,1,988,14798,37,100,3,0,0
928,25,19,1536,0,137,14,6,7,1,4,-70,0,1154,11415,50,100,4,0,0
929,5,1,512,0,147,18,4,7,2,1,-76,9,1992,17687,61,100,2,0,0
928,16,10,1024,10,112,9,5,7,1,1,-70,4,1433,14104,45,100,2,0,0
931,27,22,1536,0,118,10,4,5,1,3,-52,0,884,8883,45,100,3,0,0
930,2,4,768,0,144,12,3,5,1,1,-95,0,856,13285,53,100,2,0,0
930,9,4,768,0,157,13,13,7,1,1,-52,0,868,14684,58,100,4,0,0
931,18,8,1024,10,138,10,22,7,2,1,-95,10,4585,35043,56,100,4,0,0
932,10,5,768,0,137,12,7,7,1,2,-52,6,1213,11727,47,100,2,0,0
931,22,18,1280,0,142,7,5,7,1,1,-70,2,1442,16029,44,100,1,0,0
932,3,1,512,10,149,17,14,7,1,1,-76,2,944,11597,61,100,2,0,0
932,4,1,512,10,168,17,4,7,2,1,-61,10,3561,21440,62,100,1,0,0
933,11,5,768,0,139,14,2,7,1,1,-70,0,804,9807,55,100,3,0,0
933,19,18,1280,0,156,11,12,7,1,3,-52,1,1086,14787,53,100,3,0,0
933,15,10,1024,0,44,5,15,6,1,1,-52,1,1348,12114,8,100,5,0,0
933,1,0,256,0,34,0,0,3,0,0,0,10,2170,22055,1261,100,1,0,0
931,26,16,1280,0,128,10,5,7,1,4,-95,1,1050,9635,44,100,3,0,0
934,16,10,1024,0,113,9,5,7,1,1,-70,4,921,9390,45,100,1,0,0
936,17,18,1280,0,144,8,8,7,1,1,-52,0,1070,7958,44,100,3,0,0
935,28,22,1536,0,146,9,3,7,1,2,-70,1,984,25945,54,100,2,0,0
936,18,8,1024,0,141,10,22,7,2,1,-95,10,1890,15352,56,100,1,0,0
936,5,1,512,0,148,18,4,7,2,1,-76,9,2143,17301,62,100,1,0,0
935,7,3,768,10,169,12,3,7,1,2,-70,1,1168,17085,54,100,2,0,0
937,23,18,1280,0,149,10,10,7,1,3,-52,0,1230,13464,47,100,3,0,0
934,12,8,1024,0,165,10,5,7,1,1,-70,0,913,10185,47,100,2,0,0
936,20,16,1280,0,132,8,10,7,1,3,-70,1,853,12566,38,100,3,0,0
938,6,5,768,0,118,13,5,5,1,2,-52,0,805,10300,48,100,2,0,0
936,8,4,768,0,148,14,20,7,2,2,-70,10,4500,30513,57,100,2,0,0
936,13,7,1024,0,124,8,8,7,1,1,-70,0,917,10327,32,100,2,0,0
938,10,5,768,10,138,12,7,7,1,2,-52,6,1529,12233,48,100,1,0,0
938,2,4,768,10,147,12,3,5,1,1,-95,0,604,9644,53,100,1,0,0
939,25,19,1536,0,141,14,6,7,1,4,-70,0,910,10209,51,100,3,0,0
938,9,4,768,0,159,13,13,7,1,1,-52,0,594,10013,59,100,3,0,0
937,26,16,1280,0,131,10,5,7,1,4,-95,1,789,6254,44,100,1,0,0
940,19,18,1280,0,157,11,12,7,1,3,-52,1,880,10919,53,100,2,0,0
939,4,1,512,0,169,17,4,7,2,1,-61,10,3181,22625,62,100,1,0,0
939,11,5,768,0,143,14,2,7,1,1,-70,0,705,9697,55,100,2,0,0
939,16,10,1024,0,116,9,5,7,1,1,-70,4,1194,9590,46,100,1,0,0
940,22,18,1280,0,144,7,5,7,1,1,-70,2,1746,17225,45,100,4,0,0
940,7,3,768,0,169,12,3,7,1,2,-70,1,578,7238,54,100,1,0,0
942,6,5,768,0,119,13,5,5,1,2,-52,0,366,3953,48,100,1,0,0
941,1,0,256,0,34,0,0,3,0,0,0,10,1961,22469,1272,100,2,0,0
941,27,22,1536,0,121,10,4,5,1,3,-52,0,831,11842,46,100,2,0,0
942,3,1,512,0,153,17,14,7,1,1,-76,2,1750,17964,62,100,2,0,0
940,18,8,1024,0,143,10,22,7,2,1,-95,10,2326,19345,57,100,3,0,0
943,17,18,1280,0,148,8,8,7,1,1,-52,0,731,7689,44,100,2,0,0
943,15,10,1024,0,47,5,15,7,1,1,-52,1,992,10793,9,100,4,0,0
942,9,4,768,0,161,13,13,7,1,1,-52,0,498,6124,59,100,1,0,0
943,11,5,768,0,144,14,2,7,1,1,-70,0,423,5297,56,100,1,0,0
942,13,7,1024,0,127,8,8,7,1,1,-70,0,599,6142,32,100,2,0,0
944,4,1,512,0,172,17,4,7,2,1,-61,10,2353,14214,62,100,2,0,0
944,7,3,768,0,170,12,3,7,1,2,-70,1,628,6610,54,100,1,0,0
944,22,18,1280,0,145,7,5,7,1,1,-70,2,653,7850,45,100,0,0,0
945,5,1,512,0,152,18,4,7,2,1,-76,9,3164,22184,62,100,2,0,0
946,28,22,1536,0,150,9,3,7,1,2,-70,1,930,26288,55,100,4,0,0
948,23,18,1280,0,152,11,11,7,1,3,-52,0,936,13645,48,100,4,0,0
947,8,4,768,0,153,14,20,7,2,2,-70,10,3805,26935,58,100,3,0,0
946,27,22,1536,0,124,11,4,5,1,3,-52,0,681,5500,46,100,2,0,0
947,12,8,1024,0,168,10,5,7,1,1,-70,0,825,11193,48,100,3,0,0
948,11,5,768,0,147,14,2,7,1,1,-70,0,626,5785,56,100,2,0,0
947,17,18,1280,0,149,8,8,7,1,1,-52,0,385,5688,44,100,2,0,0
948,2,4,768,0,149,12,3,5,1,1,-95,0,750,12232,54,100,2,0,0
949,16,10,1024,0,119,9,5,7,1,1,-70,4,1110,14037,46,100,2,0,0
949,1,0,256,0,34,0,0,3,0,0,0,10,2004,20765,1286,100,1,0,0
948,20,16,1280,10,138,8,10,7,1,3,-70,1,1098,17937,38,100,4,0,0
949,3,1,512,0,154,17,14,7,1,1,-76,2,1085,11363,63,100,3,0,0
950,10,5,768,20,144,12,7,7,1,2,-52,6,2500,20548,49,100,3,0,0
949,15,10,1024,0,49,5,15,7,1,1,-52,1,520,5682,9,100,2,0,0
950,9,4,768,0,164,13,13,7,1,1,-52,0,682,9067,60,100,2,0,0
950,25,19,1536,0,147,14,6,7,1,4,-70,0,988,11077,51,100,3,0,0
948,26,16,1280,0,134,10,5,7,1,4,-95,1,1017,11418,45,100,2,0,0
911,31,26,1752,10,111,8,5,5,0,2,-52,0,1494,11685,42,100,4,0,0
952,5,1,512,0,155,18,4,7,2,1,-76,9,2404,16965,63,100,1,0,0
950,19,18,1280,0,164,12,12,7,1,3,-52,1,1958,20518,54,100,4,0,0
951,7,3,768,0,173,12,3,7,1,2,-70,1,892,11020,55,100,1,0,0
919,31,26,1664,40,115,9,5,5,0,2,-52,0,754,7826,42,100,2,0,0
926,31,26,1664,50,115,9,5,5,0,2,-52,0,546,6252,42,100,2,0,0
953,6,5,768,0,123,13,5,5,1,2,-52,0,911,11077,49,100,2,0,0
952,18,8,1024,30,149,10,22,7,2,1,-95,10,3870,33008,57,100,4,0,0
952,22,18,1280,0,146,7,5,7,1,1,-70,2,1423,16342,46,100,2,0,0
936,31,26,1664,90,116,9,5,5,0,2,-52,0,380,8533,43,100,2,0,0
951,23,18,1280,10,155,11,11,7,1,3,-52,0,578,6915,48,100,2,0,0
953,2,4,768,0,150,12,3,5,1,1,-95,0,366,6425,54,100,1,0,0
952,17,18,1280,10,150,8,8,7,1,1,-52,0,417,4921,45,100,2,0,0
945,31,26,1664,90,119,9,5,5,0,2,-52,0,671,7909,44,100,2,0,0
954,11,5,768,0,148,14,2,7,1,1,-70,0,390,7715,56,100,1,0,0
954,12,8,1024,0,170,10,5,7,1,1,-70,0,493,6385,48,100,2,0,0
954,8,4,768,0,157,14,20,7,2,2,-70,10,3092,20071,58,100,2,0,0
955,4,1,512,10,175,17,4,7,2,1,-61,10,5408,34781,63,100,2,0,0
955,10,5,768,20,146,12,7,7,1,2,-52,6,2408,12708,49,100,1,0,0
953,13,7,1024,10,133,8,8,7,1,1,-70,0,1114,11360,33,100,4,0,0
953,20,16,1280,0,139,8,10,7,1,3,-70,1,458,8075,39,100,2,0,0
955,19,18,1280,0,164,12,12,7,1,3,-52,1,387,7576,54,100,0,0,0
956,3,1,512,0,156,17,14,7,1,1,-76,2,1194,11529,63,100,1,0,0
955,15,10,1024,0,52,5,15,7,1,1,-52,1,730,6978,9,100,2,0,0
956,28,22,1536,0,153,9,3,7,1,2,-70,1,801,25080,56,100,3,0,0
954,31,26,1536,0,122,9,5,5,1,2,-52,0,1711,11457,44,100,4,0,0
921,21,15,1408,60,122,7,9,7,0,3,-70,0,1115,13084,31,100,4,0,0
930,21,15,1408,80,124,7,10,7,0,3,-70,0,901,11366,31,100,4,0,0
958,9,4,768,0,167,13,13,7,1,1,-52,0,719,10223,60,100,3,0,0
957,27,22,1536,0,127,11,4,5,1,3,-52,0,871,11033,47,100,3,0,0
940,21,15,1408,90,126,7,10,7,0,3,-70,0,729,9994,32,100,2,0,0
959,12,8,1024,0,172,10,5,7,1,1,-70,0,530,5013,49,100,1,0,0
958,23,18,1280,0,156,11,12,7,1,3,-52,0,572,8463,49,100,2,0,0
960,6,5,768,0,123,13,5,5,1,2,-52,0,307,6294,49,100,1,0,0
957,26,16,1280,0,138,11,5,7,1,4,-95,1,2492,14860,46,100,2,0,0
958,17,18,1280,0,151,8,8,7,1,1,-52,0,416,5750,45,100,1,0,0
960,1,0,256,0,34,0,0,3,0,0,0,10,2997,30346,1306,100,2,0,0
959,22,18,1280,10,149,7,5,7,1,1,-70,2,1381,14043,46,100,1,0,0
958,20,16,1280,0,142,9,10,7,1,3,-70,1,565,7755,39,100,0,0,0
960,4,1,512,10,176,17,5,7,2,1,-61,10,2831,17467,63,100,2,0,0
960,8,4,768,0,159,14,20,7,2,2,-70,10,2469,15650,58,100,1,0,0
952,21,15,1408,100,129,7,10,7,0,3,-70,0,716,13354,33,100,3,0,0
960,25,19,1536,0,151,15,6,7,1,4,-70,0,989,11069,52,100,3,0,0
962,10,5,768,30,149,12,7,7,1,2,-52,7,2750,14041,49,100,1,0,0
961,7,3,768,0,177,12,3,7,1,2,-70,1,1235,15830,55,100,2,0,0
960,16,10,1024,0,123,9,5,7,1,1,-70,4,3813,22982,47,100,3,0,0
961,28,22,1536,0,155,9,3,7,1,2,-70,1,551,17220,56,100,1,0,0
962,5,1,512,10,155,18,4,7,2,1,-76,10,5635,34378,64,100,2,0,0
961,26,16,1280,0,138,11,5,7,1,4,-95,1,347,5042,46,100,1,0,0
962,19,18,1280,0,165,12,12,7,1,3,-52,1,836,11477,55,100,2,0,0
963,15,10,1024,10,54,5,15,7,1,1,-52,1,1743,11751,10,100,2,0,0
963,18,8,1024,0,155,10,22,7,2,1,-95,10,4619,35163,58,100,2,0,0
964,9,4,768,0,170,13,13,7,1,1,-52,0,689,7724,61,100,1,0,0
964,12,8,1024,0,176,10,5,7,1,1,-70,0,706,5417,49,100,2,0,0
962,21,15,1280,0,133,7,10,7,1,3,-70,0,1789,13979,34,100,4,0,0
963,20,16,1280,0,142,9,10,7,1,3,-70,1,285,6905,39,100,1,0,0
964,13,7,1024,0,135,8,8,7,1,1,-70,0,719,10030,34,100,3,0,0
965,2,4,768,0,152,12,3,5,1,1,-95,0,743,14033,55,100,3,0,0
966,1,0,256,0,35,0,0,3,0,0,0,10,1946,17121,1319,100,3,0,0
966,8,4,768,30,160,14,20,7,2,2,-70,10,1885,14807,59,100,1,0,0
965,27,22,1536,0,129,11,4,5,1,3,-52,0,615,6985,47,100,3,0,0
965,31,26,1536,0,124,9,5,5,1,2,-52,0,598,9806,45,100,2,0,0
965,11,5,768,10,153,14,2,7,1,1,-70,0,964,14542,57,100,2,0,0
966,25,19,1536,0,153,15,6,7,1,4,-70,0,550,6088,53,100,2,0,0
966,3,1,512,0,157,18,14,7,1,1,-76,2,1713,18420,64,100,3,0,0
965,23,18,1280,10,159,11,12,7,1,3,-52,1,580,8836,49,100,1,0,0
967,16,10,1024,0,124,9,5,7,1,1,-70,4,1259,11420,47,100,3,0,0
967,21,15,1280,0,134,7,10,7,1,3,-70,0,364,4829,34,100,2,0,0
966,10,5,768,20,150,12,7,7,1,2,-52,7,2287,13151,50,100,2,0,0
966,26,16,1280,0,138,11,5,7,1,4,-95,1,498,6229,46,100,1,0,0
968,22,18,1280,10,151,7,5,7,1,1,-70,2,1653,16876,47,100,3,0,0
968,5,1,512,0,158,19,4,7,2,1,-76,10,2896,16992,64,100,2,0,0
970,12,8,1024,0,176,10,5,7,1,1,-70,0,284,5381,49,100,1,0,0
970,8,4,768,20,161,14,20,7,2,2,-70,10,1777,11950,59,100,2,0,0
969,23,18,1280,0,160,11,12,7,1,3,-52,1,477,5007,49,100,1,0,0
969,13,7,1024,0,136,8,8,7,1,1,-70,0,433,5388,34,100,1,0,0
969,17,18,1280,0,155,8,8,7,1,1,-52,0,800,10065,46,100,3,0,0
971,4,1,512,0,179,18,6,7,2,1,-61,10,5468,35150,64,100,3,0,0
970,3,1,512,0,161,18,14,7,1,1,-76,2,821,7351,64,100,1,0,0
970,6,5,768,0,129,13,5,5,1,2,-52,0,1143,12259,50,100,3,0,0
970,28,22,1536,0,159,10,3,7,1,2,-70,1,895,20505,57,100,2,0,0
969,31,26,1536,0,126,9,5,5,1,2,-52,0,498,4914,45,100,1,0,0
970,16,10,1024,10,126,9,5,7,1,1,-70,4,1002,8343,48,100,0,0,0
972,2,4,768,0,156,12,3,5,1,1,-95,0,814,8654,56,100,2,0,0
972,11,5,768,0,154,15,2,7,1,1,-70,0,579,8901,57,100,1,0,0
973,1,0,256,0,36,0,0,3,0,0,0,10,2078,20096,1329,100,2,0,0
972,27,22,1536,10,130,11,4,5,1,3,-52,0,442,6388,48,100,2,0,0
972,7,3,768,0,181,13,3,7,1,2,-70,1,1666,19023,56,100,2,0,0
973,18,8,1024,0,157,10,23,7,2,1,-95,10,3524,30932,59,100,2,0,0
973,20,16,1280,0,145,9,10,7,1,3,-70,0,881,15183,40,100,3,0,0
973,19,18,1280,10,170,12,12,7,1,3,-52,1,1459,17026,56,100,3,0,0
974,15,10,1024,0,57,5,15,7,1,1,-52,1,1437,15347,10,100,4,0,0
974,10,5,768,0,153,13,7,7,1,2,-52,7,2091,13309,50,100,2,0,0
975,8,4,768,0,162,14,21,7,2,2,-70,10,1924,12781,59,100,2,0,0
976,9,4,768,0,173,13,13,7,1,1,-52,0,761,13890,61,100,4,0,0
976,21,15,1280,10,136,7,10,7,1,3,-70,0,537,9994,34,100,2,0,0
976,25,19,1536,0,154,15,6,7,1,4,-70,0,537,8490,53,100,2,0,0
975,3,1,512,0,162,19,14,7,1,1,-76,2,734,8189,64,100,1,0,0
974,16,10,1024,0,127,9,5,7,1,1,-70,3,1000,8332,48,100,1,0,0
976,12,8,1024,0,177,10,5,7,1,1,-70,0,441,6004,50,100,2,0,0
976,22,18,1280,0,155,7,5,7,1,1,-70,2,1416,15493,47,100,2,0,0
977,5,1,512,0,159,20,4,7,2,1,-76,10,3587,23466,65,100,2,0,0
977,26,16,1280,10,142,11,5,7,1,4,-95,1,1342,14059,47,100,1,0,0
977,27,22,1536,10,131,11,4,5,1,3,-52,0,393,5818,48,100,1,0,0
979,4,1,512,10,183,19,7,7,2,1,-61,10,4011,26173,65,100,4,0,0
979,8,4,768,10,163,14,21,7,1,2,-70,10,1419,11055,60,100,2,0,0
978,28,22,1536,0,161,10,3,7,1,2,-70,1,615,19728,57,100,3,0,0
979,11,5,768,0,160,15,2,7,1,1,-70,0,1130,10645,58,100,2,0,0
979,6,5,768,10,132,14,5,5,1,2,-52,0,862,9149,51,100,2,0,0
980,7,3,768,0,183,13,3,7,1,2,-70,1,805,11724,57,100,2,0,0
981,2,4,768,0,159,12,3,5,1,1,-95,0,718,10777,56,100,3,0,0
979,31,26,1536,0,132,9,5,5,1,2,-52,0,1121,10344,46,100,3,0,0
980,18,8,1024,10,159,10,24,7,2,1,-95,10,2128,18987,59,100,3,0,0
979,17,18,1280,10,160,8,8,7,1,1,-52,0,1092,9890,47,100,4,0,0
981,21,15,1280,0,138,7,10,7,1,3,-70,0,657,7571,35,100,2,0,0
981,10,5,768,0,157,13,7,7,1,2,-52,7,2277,14980,51,100,2,0,0
981,13,7,1024,0,140,8,8,7,1,1,-70,0,924,11301,35,100,4,0,0
981,23,18,1280,10,165,11,12,7,1,3,-52,1,1010,12669,50,100,4,0,0
980,16,10,1024,0,127,9,5,7,1,1,-70,3,1067,10416,48,100,2,0,0
980,19,18,1280,0,175,12,12,7,1,3,-52,1,1149,11602,56,100,2,0,0
983,1,0,256,0,37,0,0,3,0,0,0,10,3094,28840,1347,100,3,0,0
981,25,19,1536,0,155,15,6,7,1,4,-70,0,448,5572,54,100,1,0,0
982,20,16,1280,0,150,9,10,7,1,3,-70,0,992,12777,41,100,3,0,0
983,22,18,1280,0,156,7,5,7,1,1,-70,2,975,10118,48,100,2,0,0
984,5,1,512,0,163,21,4,7,2,1,-76,10,3096,18957,65,100,2,0,0
985,4,1,512,0,184,20,7,7,2,1,-61,10,2952,16851,65,100,1,0,0
984,3,1,512,0,165,20,14,7,1,1,-76,2,1566,14552,65,100,4,0,0
984,26,16,1280,0,142,11,5,7,1,4,-95,1,787,8982,48,100,2,0,0
985,12,8,1024,0,184,10,5,7,1,1,-70,0,1046,9148,50,100,3,0,0
985,9,4,768,0,177,13,13,7,1,1,-52,0,929,13307,62,100,4,0,0
986,15,10,1024,0,59,5,15,7,1,1,-52,1,1547,15838,11,100,3,0,0
986,25,19,1536,0,156,15,6,7,1,4,-70,0,368,4213,54,100,1,0,0
987,7,3,768,10,186,14,3,7,1,2,-70,1,1067,10617,57,100,3,0,0
987,11,5,768,0,165,16,2,7,1,1,-70,0,894,9246,58,100,2,0,0
986,8,4,768,10,168,14,21,7,1,2,-70,10,3392,22391,60,100,2,0,0
987,10,5,768,20,160,14,7,7,1,2,-52,7,1772,11133,51,100,2,0,0
986,20,16,1280,0,152,9,10,7,1,3,-70,0,470,5901,41,100,2,0,0
987,16,10,1024,0,129,10,5,7,1,1,-70,3,1371,10695,49,100,1,0,0
989,17,18,1280,0,162,8,8,7,1,1,-52,0,543,8470,47,100,2,0,0
987,21,15,1280,0,139,7,10,7,1,3,-70,0,392,7571,35,100,1,0,0
989,4,1,512,10,184,20,7,7,2,1,-61,10,1700,11703,65,100,0,0,0
990,22,18,1280,0,157,7,5,7,1,1,-70,2,1064,13130,48,100,3,0,0
990,5,1,512,0,167,21,4,7,2,1,-76,10,2660,15068,65,100,1,0,0
991,27,22,1536,0,134,11,4,5,1,3,-52,0,826,10530,49,100,3,0,0
990,3,1,512,0,168,20,14,7,1,1,-76,2,951,8430,65,100,1,0,0
990,18,8,1024,10,163,10,24,7,2,1,-95,10,3515,29555,60,100,3,0,0
989,9,4,768,0,178,13,13,7,1,1,-52,0,367,5137,62,100,1,0,0
989,28,22,1536,10,165,10,3,7,1,2,-70,1,937,27552,58,100,3,0,0
991,6,5,768,0,139,15,5,5,1,2,-52,0,1269,11103,51,100,4,0,0
991,13,7,1024,0,141,9,8,7,1,1,-70,0,610,8751,35,100,3,0,0
991,7,3,768,10,187,14,3,7,1,2,-70,1,614,6876,57,100,0,0,0
991,2,4,768,0,165,12,3,5,1,1,-95,0,1148,13654,57,100,3,0,0
990,31,26,1536,0,134,9,5,5,1,2,-52,0,701,9866,47,100,2,0,0
992,19,18,1280,0,180,12,12,7,1,3,-52,1,1642,17764,57,100,3,0,0
993,23,18,1280,10,166,11,12,7,1,3,-52,1,615,13874,51,100,3,0,0
993,11,5,768,0,166,16,2,7,1,1,-70,0,474,7343,59,100,1,0,0
994,21,15,1280,0,140,7,10,7,1,3,-70,0,448,7386,36,100,1,0,0
995,22,18,1280,0,158,7,5,7,1,1,-70,2,852,10469,48,100,1,0,0
995,1,0,256,0,38,0,0,3,0,0,0,10,3477,33747,1369,100,3,0,0
995,12,8,1024,0,190,10,5,7,1,1,-70,0,1122,10607,51,100,3,0,0
994,9,4,768,10,180,13,13,7,1,1,-52,0,551,6451,63,100,2,0,0
995,5,1,512,0,169,21,4,7,2,1,-76,10,1911,15018,66,100,2,0,0
993,28,22,1536,0,167,10,3,7,1,2,-70,1,495,11130,58,100,2,0,0
995,25,19,1536,10,159,15,6,7,1,4,-70,0,783,9133,55,100,2,0,0
996,2,4,768,0,168,12,3,5,1,1,-95,0,599,6620,57,100,2,0,0
996,10,5,768,20,162,14,7,7,1,2,-52,7,2302,17105,52,100,3,0,0
996,26,16,1280,0,144,11,5,7,1,4,-95,1,1291,15026,48,100,2,0,0
996,20,16,1280,0,156,9,10,7,1,3,-70,0,835,15579,42,100,2,0,0
998,15,10,1024,0,65,5,15,7,1,1,-52,1,1742,15977,12,100,3,0,0
998,18,8,1024,0,164,10,25,7,1,1,-95,10,2679,24598,60,100,3,0,0
997,31,26,1536,0,135,9,5,5,1,2,-52,0,415,6457,47,100,1,0,0
999,8,4,768,0,172,14,21,7,1,2,-70,10,4008,29064,61,100,3,0,0
999,3,1,512,0,173,20,14,7,1,1,-76,2,1801,17384,66,100,2,0,0
999,16,10,1024,0,131,10,5,7,1,1,-70,3,1992,20050,50,100,2,0,0
1000,23,18,1280,0,170,11,12,7,1,3,-52,1,831,8454,51,100,3,0,0
999,7,3,768,0,189,14,3,7,1,2,-70,1,993,13365,58,100,2,0,0
1000,11,5,768,0,167,16,2,7,1,1,-70,0,526,8984,59,100,1,0,0
1000,17,18,1280,0,166,8,8,7,1,1,-52,0,925,11384,48,100,4,0,0
1001,4,1,512,10,185,20,8,7,2,1,-61,10,5287,34065,66,100,3,0,0
1001,12,8,1024,0,193,10,5,7,1,1,-70,0,607,6169,51,100,1,0,0
1001,13,7,1024,0,146,9,8,7,1,1,-70,0,1013,11028,36,100,3,0,0
1002,27,22,1536,10,138,11,4,5,1,3,-52,0,915,10683,50,100,2,0,0
971,14,10,1152,60,3,1,1,6,0,1,-70,0,469,4185,1,100,3,0,0
1001,26,16,1280,20,146,11,5,7,1,4,-95,1,853,6956,49,100,1,0,0
1003,9,4,768,0,181,13,13,7,1,1,-52,0,433,10000,63,100,2,0,0
1002,5,1,512,0,172,21,4,7,2,1,-76,10,2627,19565,66,100,2,0,0
1003,19,18,1280,10,186,12,12,7,1,3,-52,1,1619,17616,58,100,4,0,0
1003,6,5,768,10,145,15,5,5,1,2,-52,0,1032,11595,52,100,4,0,0
976,14,10,1152,80,3,1,1,6,0,1,-70,0,368,3844,2,100,2,0,0
1004,18,8,1024,0,168,10,25,7,1,1,-95,10,2379,18793,61,100,2,0,0
1004,2,4,768,0,172,12,3,5,1,1,-95,0,812,9687,58,100,2,0,0
985,14,10,1152,50,4,1,1,6,0,1,-70,0,892,8271,2,100,6,0,0
1004,3,1,512,0,174,20,14,7,1,1,-76,2,887,8396,66,100,2,0,0
1004,7,3,768,0,193,14,3,7,1,2,-70,1,949,8868,58,100,1,0,0
1003,25,19,1536,0,164,15,6,7,1,4,-70,0,863,8568,55,100,2,0,0
996,14,10,1152,60,6,1,1,6,0,1,-70,0,944,10395,3,100,6,0,0
1003,28,22,1536,10,171,10,3,7,1,2,-70,1,836,23830,59,100,2,0,0
1006,1,0,256,0,39,0,0,3,0,0,0,10,2852,30102,1387,100,3,0,0
1006,10,5,768,60,167,14,7,7,1,2,-52,7,4126,23248,52,100,4,0,0
1006,22,18,1280,0,165,7,5,7,1,1,-70,2,2616,23120,49,100,5,0,0
1005,27,22,1536,0,140,11,4,5,1,3,-52,0,502,5719,50,100,1,0,0
1005,15,10,1024,10,67,5,15,7,1,1,-52,1,947,10130,13,100,2,0,0
1004,21,15,1280,0,143,7,10,7,1,3,-70,0,751,12498,36,100,2,0,0
1008,23,18,1280,0,175,11,12,7,1,3,-52,1,890,11367,52,100,3,0,0
1005,20,16,1280,0,159,9,10,7,1,3,-70,0,722,13298,42,100,3,0,0
1009,8,4,768,0,177,14,22,7,1,2,-70,10,3845,23795,62,100,4,0,0
1005,31,26,1536,10,137,9,5,5,1,2,-52,0,651,7653,48,100,2,0,0
1008,13,7,1024,10,150,9,8,7,1,1,-70,0,651,6940,37,100,3,0,0
1008,14,10,1024,0,7,2,1,6,1,1,-70,0,1561,9753,4,100,4,0,0
1010,17,18,1280,10,172,8,8,7,1,1,-52,0,1105,9810,49,100,2,0,0
1010,12,8,1024,10,198,10,5,7,1,1,-70,0,1009,10512,52,100,4,0,0
1012,9,4,768,0,186,13,13,7,1,1,-52,0,1089,11863,64,100,3,0,0
1010,6,5,768,0,150,15,5,5,1,2,-52,0,1064,9122,53,100,2,0,0
1011,7,3,768,0,195,15,3,7,1,2,-70,1,1041,11114,59,100,2,0,0
1011,25,19,1536,0,166,15,6,7,1,4,-70,0,671,7942,56,100,3,0,0
1012,2,4,768,0,175,12,3,5,1,1,-95,0,690,9065,58,100,4,0,0
1011,11,5,768,0,169,16,2,7,1,1,-70,0,918,14124,60,100,3,0,0
1011,26,16,1280,0,148,11,5,7,1,4,-95,1,1187,13511,49,100,3,0,0
1012,4,1,512,20,188,21,8,7,2,1,-61,10,5668,34181,67,100,5,0,0
1012,23,18,1280,0,177,11,12,7,1,3,-52,1,478,5372,52,100,1,0,0
1012,18,8,1024,0,170,10,25,7,1,1,-95,10,3126,27735,61,100,3,0,0
1012,21,15,1280,10,146,7,10,7,1,3,-70,0,575,9463,37,100,2,0,0
1013,19,18,1280,10,191,12,12,7,1,3,-52,1,1449,15980,58,100,4,0,0
1013,5,1,512,0,173,22,4,7,2,1,-76,10,4968,30887,67,100,2,0,0
1014,8,4,768,0,177,14,22,7,1,2,-70,10,1739,11511,62,100,1,0,0
1013,15,10,1024,0,69,6,15,7,1,1,-52,1,1339,12047,13,100,2,0,0
1012,20,16,1280,0,162,9,10,7,1,3,-70,0,682,10662,43,100,2,0,0
1014,10,5,768,0,169,14,7,7,1,2,-52,7,3182,19137,53,100,2,0,0
1014,17,18,1280,0,174,8,8,7,1,1,-52,0,501,4839,49,100,1,0,0
1014,27,22,1536,0,143,11,4,5,1,3,-52,0,705,8301,51,100,2,0,0
1015,16,10,1024,0,134,10,5,7,1,1,-70,3,2046,19325,51,100,2,0,0
1014,28,22,1536,0,176,10,3,7,1,2,-70,1,1035,26628,60,100,3,0,0
1016,3,1,512,0,178,21,14,7,1,1,-76,2,2139,20687,67,100,4,0,0
1016,22,18,1280,0,167,7,5,7,1,1,-70,2,1619,18615,50,100,2,0,0
1015,25,19,1536,0,168,15,6,7,1,4,-70,0,471,4290,56,100,2,0,0
1017,4,1,512,10,189,21,8,7,2,1,-61,10,2685,14383,67,100,1,0,0
1017,1,0,256,0,40,0,0,3,0,0,0,10,3295,33270,1407,100,3,0,0
1017,19,18,1280,10,191,12,12,7,1,3,-52,1,570,7610,59,100,0,0,0
1018,14,10,1024,0,9,2,1,6,1,1,-70,0,893,9993,4,100,4,0,0
1019,9,4,768,0,190,13,13,7,1,1,-52,0,732,9499,64,100,2,0,0
1017,31,26,1536,0,140,10,5,5,1,2,-52,0,930,11309,49,100,3,0,0
1018,7,3,768,0,198,15,3,7,1,2,-70,1,736,10844,59,100,2,0,0
1018,6,5,768,0,155,15,5,5,1,2,-52,0,837,7825,53,100,2,0,0
1018,17,18,1280,0,176,8,8,7,1,1,-52,0,469,3895,49,100,2,0,0
1018,13,7,1024,0,151,9,8,7,1,1,-70,0,662,10107,37,100,3,0,0
1018,20,16,1280,10,166,9,10,7,1,3,-70,0,713,8870,43,100,2,0,0
1019,16,10,1024,10,135,10,5,7,1,1,-70,3,955,7272,51,100,1,0,0
1020,18,8,1024,0,173,10,25,7,1,1,-95,10,3016,23451,62,100,1,0,0
1019,11,5,768,0,172,16,2,7,1,1,-70,0,686,10625,61,100,1,0,0
1020,8,4,768,0,178,14,22,7,1,2,-70,10,2610,16773,62,100,1,0,0
1020,23,18,1280,10,181,11,12,7,1,3,-52,1,886,10767,53,100,3,0,0
1021,10,5,768,10,172,14,7,7,2,2,-52,7,2268,14820,53,100,3,0,0
1021,27,22,1536,0,144,11,4,5,1,3,-52,0,603,6547,51,100,2,0,0
1022,4,1,512,0,189,21,8,7,2,1,-61,10,2015,13582,67,100,0,0,0
1022,15,10,1024,0,70,6,15,7,1,1,-52,1,832,11368,14,100,2,0,0
1023,2,4,768,0,176,12,3,5,1,1,-95,0,643,13234,59,100,2,0,0
1023,26,16,1280,0,152,11,5,7,1,4,-95,1,1454,14262,50,100,3,0,0
1022,12,8,1024,10,202,10,5,7,1,1,-70,0,935,11453,53,100,3,0,0
1022,21,15,1280,0,148,7,10,7,1,3,-70,0,810,12456,38,100,2,0,0
1023,22,18,1280,0,168,7,5,7,1,1,-70,2,1148,14601,50,100,2,0,0
1024,9,4,768,0,192,13,13,7,1,1,-52,0,552,6546,65,100,2,0,0
1023,7,3,768,10,198,15,3,7,1,2,-70,1,632,7436,59,100,1,0,0
1023,13,7,1024,0,152,9,8,7,1,1,-70,0,484,5128,38,100,2,0,0
1025,5,1,512,0,178,22,4,7,1,1,-76,10,5009,34417,68,100,2,0,0
1022,28,22,1536,0,180,10,3,7,1,2,-70,1,931,19706,60,100,2,0,0
1025,14,10,1024,0,10,2,1,7,1,1,-70,0,633,6749,5,100,4,0,0
1025,25,19,1536,0,171,15,6,7,1,4,-70,0,807,8763,57,100,2,0,0
1025,19,18,1280,0,191,12,13,7,1,3,-52,1,880,12335,59,100,3,0,0
1025,11,5,768,20,174,16,2,7,1,1,-70,0,397,6117,61,100,1,0,0
1027,4,1,512,10,191,21,8,7,2,1,-61,10,2358,14533,68,100,2,0,0
1026,23,18,1280,10,183,11,13,7,1,3,-52,1,525,7388,53,100,3,0,0
1027,17,18,1280,0,179,8,8,7,1,1,-52,0,680,8222,50,100,2,0,0
1027,3,1,512,10,184,21,14,7,1,1,-76,2,2302,19493,68,100,4,0,0
1028,2,4,768,0,179,12,3,5,1,1,-95,0,575,6146,59,100,2,0,0
1027,6,5,768,0,158,15,5,5,1,2,-52,0,674,8474,54,100,2,0,0
1029,1,0,256,0,40,0,0,3,0,0,0,10,3136,30075,1427,100,2,0,0
1029,8,4,768,10,181,15,22,7,1,2,-70,10,3054,19488,63,100,2,0,0
1027,16,10,1024,20,138,10,5,7,1,1,-70,3,1353,14336,51,100,1,0,0
1028,18,8,1024,0,176,10,25,7,1,1,-95,10,2888,24947,62,100,2,0,0
1027,21,15,1280,0,151,7,10,7,1,3,-70,0,602,6685,38,100,2,0,0
1026,31,26,1536,0,140,10,5,5,1,2,-52,0,408,8027,49,100,2,0,0
1027,20,16,1280,0,170,9,10,7,1,3,-70,0,976,11489,44,100,2,0,0
1029,15,10,1024,10,73,6,15,7,1,1,-52,1,1188,9720,14,100,2,0,0
1030,7,3,768,0,199,15,3,7,1,2,-70,1,869,11153,60,100,2,0,0
1030,19,18,1280,0,193,12,13,7,1,3,-52,2,688,7616,59,100,2,0,0
1030,10,5,768,10,177,14,8,7,2,2,-52,7,3347,21511,54,100,3,0,0
1031,26,16,1280,0,156,11,5,7,1,4,-95,1,1112,11274,51,100,2,0,0
1032,3,1,512,0,185,21,14,7,1,1,-76,2,590,8197,68,100,0,0,0
1033,2,4,768,0,179,13,3,5,1,1,-95,0,350,6512,60,100,0,0,0
1032,11,5,768,0,175,16,2,7,1,1,-70,0,523,9283,61,100,1,0,0
1033,22,18,1280,10,170,7,5,7,1,1,-70,2,1577,18842,51,100,2,0,0
1034,9,4,768,0,194,14,13,7,1,1,-52,0,717,11154,65,100,3,0,0
1033,5,1,512,0,182,22,4,7,1,1,-76,10,3563,25216,68,100,3,0,0
1033,27,22,1536,0,148,11,4,5,1,3,-52,0,939,10842,52,100,2,0,0
1034,6,5,768,0,160,15,5,5,1,2,-52,0,497,5927,54,100,1,0,0
1035,28,22,1536,0,183,10,3,7,1,2,-70,1,855,23989,61,100,3,0,0
1034,14,10,1024,0,11,2,1,7,1,1,-70,0,627,8756,5,100,4,0,0
1034,12,8,1024,0,205,10,5,7,1,1,-70,0,924,11085,54,100,4,0,0
1035,1,0,256,0,40,0,0,3,0,0,0,10,1664,16482,1437,100,1,0,0
1034,21,15,1280,0,153,8,10,7,1,3,-70,0,575,8408,38,100,2,0,0
1035,18,8,1024,0,180,10,25,7,1,1,-95,10,2375,20491,63,100,2,0,0
1035,13,7,1024,0,158,9,8,7,1,1,-70,0,1090,11374,38,100,3,0,0
1036,25,19,1536,0,175,15,6,7,1,4,-70,0,961,11746,57,100,3,0,0
1036,23,18,1280,0,187,11,13,7,1,3,-52,1,911,12429,54,100,3,0,0
1036,26,16,1280,10,157,11,5,7,1,4,-95,1,520,5991,51,100,1,0,0
1036,17,18,1280,0,183,8,8,7,1,1,-52,0,852,9307,50,100,3,0,0
1038,4,1,512,0,193,21,8,7,2,1,-61,10,5291,31138,69,100,2,0,0
1038,19,18,1280,10,196,12,13,7,1,3,-52,2,1133,12367,60,100,1,0,0
1038,2,4,768,10,180,13,3,5,1,1,-95,0,366,5993,60,100,1,0,0
1038,16,10,1024,10,140,10,5,7,1,1,-70,3,1958,17672,52,100,2,0,0
1038,11,5,768,0,176,17,2,7,1,1,-70,0,555,7014,62,100,1,0,0
1039,13,7,1024,0,159,9,8,7,1,1,-70,0,425,4541,39,100,1,0,0
1041,8,4,768,0,184,15,22,7,1,2,-70,10,4269,28252,64,100,2,0,0
1039,31,26,1536,0,143,10,5,5,1,2,-52,0,808,9894,50,100,2,0,0
1038,20,16,1280,10,174,9,11,7,1,3,-70,0,882,10311,44,100,4,0,0
1041,7,3,768,0,204,15,3,7,1,2,-70,1,1560,16630,60,100,2,0,0
1042,3,1,512,30,188,21,14,7,1,1,-76,2,1418,15016,69,100,2,0,0
1039,10,5,768,0,177,15,8,7,2,2,-52,7,2678,20374,55,100,2,0,0
1039,15,10,1024,0,77,6,15,7,1,1,-52,1,1434,14145,15,100,3,0,0
1040,21,15,1280,0,156,8,10,7,1,3,-70,0,855,8927,39,100,1,0,0
1041,22,18,1280,0,171,7,5,7,1,1,-70,2,1174,17261,52,100,1,0,0
1043,4,1,512,10,193,21,8,7,2,1,-61,10,1613,13726,69,100,1,0,0
1043,11,5,768,0,177,17,2,7,1,1,-70,0,367,5110,62,100,1,0,0
1043,28,22,1536,0,184,10,3,7,1,2,-70,1,515,18611,61,100,2,0,0
1044,6,5,768,0,160,16,5,5,1,2,-52,0,537,9730,55,100,1,0,0
1045,18,8,1024,10,185,10,26,7,1,1,-95,10,3202,29695,63,100,4,0,0
1045,5,1,512,20,186,22,4,7,1,1,-76,10,5070,34372,69,100,3,0,0
1045,9,4,768,0,197,14,13,7,1,1,-52,0,853,14552,66,100,3,0,0
1045,1,0,256,0,40,0,0,3,0,0,0,10,2844,25882,1457,100,2,0,0
1045,26,16,1280,0,158,11,5,7,1,4,-95,1,917,11417,51,100,2,0,0
1044,15,10,1024,0,77,7,15,7,1,1,-52,1,666,6737,15,100,1,0,0
1045,12,8,1024,0,208,10,5,7,1,1,-70,0,847,10786,54,100,2,0,0
1044,27,22,1536,0,153,11,4,5,1,3,-52,0,1023,10810,53,100,2,0,0
1046,19,18,1280,20,197,12,13,7,1,3,-52,2,724,12231,60,100,2,0,0
1046,13,7,1024,0,160,9,8,7,1,1,-70,0,475,6711,39,100,2,0,0
1045,10,5,768,0,179,15,8,7,2,2,-52,8,1967,13649,55,100,2,0,0
1047,23,18,1280,0,190,11,13,7,1,3,-52,1,675,13006,54,100,2,0,0
1047,22,18,1280,0,173,7,5,7,1,1,-70,2,1283,11279,52,100,1,0,0
1046,14,10,1024,0,12,2,1,7,1,1,-70,0,706,10884,6,100,4,0,0
1048,8,4,768,20,186,15,22,7,1,2,-70,10,2578,17063,64,100,1,0,0
1045,21,15,1280,0,159,8,10,7,1,3,-70,0,625,6123,39,100,1,0,0
1047,17,18,1280,10,187,8,8,7,1,1,-52,0,908,10857,51,100,3,0,0
1048,25,19,1536,0,175,15,6,7,1,4,-70,0,512,11291,58,100,2,0,0
1047,16,10,1024,0,141,11,5,7,1,1,-70,4,2146,18274,53,100,2,0,0
1050,1,0,256,0,40,0,0,3,0,0,0,10,1209,11196,1464,100,1,0,0
1050,2,4,768,0,185,13,3,5,1,1,-95,0,1169,14601,61,100,3,0,0
1050,3,1,512,0,191,21,14,7,1,1,-76,2,1371,14065,69,100,2,0,0
1049,11,5,768,10,179,17,2,7,1,1,-70,0,554,8464,63,100,1,0,0
1049,31,26,1536,0,145,10,5,5,1,2,-52,0,725,10870,51,100,2,0,0
1050,6,5,768,0,164,16,5,5,1,2,-52,0,802,6446,55,100,3,0,0
1050,12,8,1024,0,209,10,5,7,1,1,-70,0,425,5329,55,100,1,0,0
1050,14,10,1024,0,12,3,1,7,1,1,-70,0,340,4154,6,100,1,0,0
1051,19,18,1280,0,199,12,13,7,1,3,-52,2,877,8900,61,100,1,0,0
1051,4,1,512,10,197,21,8,7,2,1,-61,10,4469,24813,69,100,2,0,0
1051,7,3,768,10,207,15,3,7,1,2,-70,1,1132,15851,61,100,2,0,0
1049,20,16,1280,0,181,9,12,7,1,3,-70,1,1449,12402,45,100,4,0,0
1051,23,18,1280,0,190,11,13,7,1,3,-52,1,320,6075,55,100,1,0,0
1051,13,7,1024,0,164,9,8,7,1,1,-70,0,744,5175,40,100,1,0,0
1052,27,22,1536,0,156,11,4,5,1,3,-52,0,526,8048,53,100,1,0,0
1053,9,4,768,10,198,14,13,7,1,1,-52,0,476,9305,67,100,1,0,0
1054,28,22,1536,10,191,10,3,7,1,2,-70,1,942,23159,62,100,3,0,0
1053,26,16,1280,0,162,11,5,7,1,4,-95,1,1157,11683,52,100,1,0,0
1054,22,18,1280,10,174,7,5,7,1,1,-70,2,1082,12338,52,100,2,0,0
1056,8,4,768,20,189,15,22,7,1,2,-70,10,2826,18952,65,100,2,0,0
1056,5,1,512,20,190,22,4,7,1,1,-76,10,4550,33185,70,100,3,0,0
1054,12,8,1024,0,209,10,5,7,1,1,-70,0,164,3972,55,100,0,0,0
1056,2,4,768,0,187,13,3,5,1,1,-95,0,517,7854,61,100,2,0,0
1055,25,19,1536,10,181,15,6,7,1,4,-70,0,1070,7802,59,100,4,0,0
1055,20,16,1280,0,183,9,12,7,1,3,-70,1,552,6239,46,100,2,0,0
1056,18,8,1024,0,188,10,26,7,1,1,-95,10,4294,36426,64,100,3,0,0
1057,3,1,512,0,192,21,14,7,1,1,-76,2,1194,13419,70,100,1,0,0
1056,10,5,768,10,183,15,8,7,2,2,-52,8,3530,25217,56,100,2,0,0
1058,9,4,768,0,201,14,13,7,1,1,-52,0,600,6845,67,100,2,0,0
1056,15,10,1024,10,83,7,15,7,1,1,-52,1,1617,15994,16,100,3,0,0
1059,7,3,768,0,208,15,3,7,1,2,-70,1,1091,12472,62,100,2,0,0
1059,1,0,256,0,40,0,0,3,0,0,0,10,2506,24037,1483,100,2,0,0
1055,21,15,1280,0,163,8,10,7,1,3,-70,0,903,12877,40,100,4,0,0
1059,4,1,512,10,197,21,8,7,2,1,-61,10,3214,21993,70,100,1,0,0
1058,17,18,1280,0,191,8,8,7,1,1,-52,0,1001,11246,52,100,2,0,0
1058,26,16,1280,0,164,11,5,7,1,4,-95,1,710,7055,52,100,2,0,0
1057,16,10,1024,0,143,11,5,7,1,1,-70,4,2012,17008,54,100,2,0,0
1059,6,5,768,0,167,16,5,5,1,2,-52,0,708,9069,56,100,1,0,0
1060,27,22,1536,0,159,11,4,5,1,3,-52,0,677,8107,54,100,2,0,0
1061,11,5,768,0,183,17,2,7,1,1,-70,0,910,14628,63,100,2,0,0
1060,28,22,1536,0,194,10,3,7,1,2,-70,1,983,18160,63,100,3,0,0
1062,31,26,1536,0,151,10,5,5,1,2,-52,0,1254,12450,51,100,4,0,0
1061,23,18,1280,0,195,11,13,7,1,3,-52,1,955,11867,55,100,4,0,0
1061,15,10,1024,0,84,7,15,7,1,1,-52,1,770,6903,16,100,1,0,0
1062,14,10,1024,0,13,3,1,7,1,1,-70,0,803,11283,7,100,5,0,0
1063,19,18,1280,10,202,12,14,7,1,3,-52,2,1419,19509,61,100,3,0,0
1063,13,7,1024,0,166,9,8,7,1,1,-70,0,661,11247,40,100,3,0,0
1063,18,8,1024,20,190,10,26,7,1,1,-95,10,2296,19058,65,100,3,0,0
1064,1,0,256,0,40,0,0,3,0,0,0,10,1181,11303,1490,100,1,0,0
1063,16,10,1024,0,143,11,5,7,1,1,-70,5,1026,9464,54,100,1,0,0
1064,8,4,768,20,191,15,22,7,1,2,-70,10,3054,21078,65,100,1,0,0
1064,2,4,768,0,190,13,3,5,1,1,-95,0,712,10338,62,100,1,0,0
1063,25,19,1536,0,184,15,6,7,1,4,-70,0,722,7880,59,100,2,0,0
1065,10,5,768,0,186,15,8,7,2,2,-52,9,2853,18592,56,100,2,0,0
1062,17,18,1280,0,193,8,8,7,1,1,-52,0,614,4712,52,100,3,0,0
1065,7,3,768,0,208,15,3,7,1,2,-70,1,578,9557,62,100,1,0,0
1063,22,18,1280,0,177,7,5,7,1,1,-70,2,1765,20630,53,100,1,0,0
1065,20,16,1280,0,186,9,12,7,1,3,-70,1,816,9747,46,100,3,0,0
1066,12,8,1024,0,213,10,5,7,1,1,-70,0,932,11787,56,100,3,0,0
1067,31,26,1536,0,155,10,5,5,1,2,-52,0,748,5211,52,100,1,0,0
1068,5,1,512,40,193,22,4,7,1,1,-76,10,4967,35704,71,100,2,0,0
1067,28,22,1536,0,195,10,3,7,1,2,-70,1,422,14773,63,100,1,0,0
1065,21,15,1280,0,166,9,10,7,1,3,-70,0,883,11998,41,100,3,0,0
1068,27,22,1536,0,162,11,4,5,1,3,-52,0,733,7909,54,100,1,0,0
1067,6,5,768,10,170,16,5,5,1,2,-52,0,757,7303,57,100,2,0,0
1069,9,4,768,0,203,14,13,7,1,1,-52,0,721,12652,68,100,3,0,0
1069,4,1,512,20,197,21,8,7,2,1,-61,10,4483,27835,71,100,2,0,0
1068,3,1,512,0,195,21,14,7,1,1,-76,2,1539,18258,71,100,2,0,0
1068,11,5,768,0,186,17,2,7,1,1,-70,0,812,9296,64,100,2,0,0
1069,17,18,1280,0,195,8,8,7,1,1,-52,0,579,6708,53,100,1,0,0
1070,1,0,256,0,40,0,0,3,0,0,0,10,1721,16314,1505,100,1,0,0
1068,16,10,1024,0,144,11,5,7,1,1,-70,5,847,7645,54,100,1,0,0
1069,23,18,1280,0,196,11,13,7,1,3,-52,1,596,11222,56,100,2,0,0
1070,13,7,1024,0,170,9,8,7,1,1,-70,0,764,7466,41,100,2,0,0
1069,26,16,1280,0,167,11,5,7,1,4,-95,2,2056,17129,53,100,3,0,0
1070,2,4,768,10,191,13,3,5,1,1,-95,0,367,6533,62,100,1,0,0
1071,14,10,1024,0,14,3,1,7,1,1,-70,0,562,8384,8,100,3,0,0
1054,30,25,1920,0,0,0,4,2,0,1,-52,0,250,274032,0,100,4,0,0
1072,8,4,768,0,195,15,22,7,1,2,-70,10,2636,16311,66,100,2,0,0
1072,6,5,768,0,171,16,5,5,1,2,-52,0,294,4885,57,100,0,0,0
1059,30,26,1664,50,1,2,4,4,0,2,-70,0,1460,5557,0,100,8,0,0
1072,25,19,1536,0,186,15,6,7,1,4,-70,0,701,8986,60,100,2,0,0
1071,12,8,1024,0,215,10,5,7,1,1,-70,0,500,5525,56,100,1,0,0
1064,30,26,1664,50,2,2,4,4,0,2,-70,0,781,4548,0,100,5,0,0
1073,9,4,768,10,204,14,13,7,1,1,-52,0,368,5664,68,100,1,0,0
1073,22,18,1280,0,179,7,5,7,1,1,-70,2,1380,17352,54,100,2,0,0
1073,18,8,1024,10,190,10,26,7,1,1,-95,10,2937,30837,65,100,1,0,0
1072,15,10,1024,0,89,7,15,7,1,1,-52,1,1460,14507,17,100,3,0,0
1073,7,3,768,0,211,15,3,7,1,2,-70,1,1150,14394,63,100,1,0,0
1071,30,26,1664,80,3,2,4,4,0,2,-70,0,681,6249,1,100,5,0,0
1073,19,18,1280,0,207,12,14,7,1,3,-52,2,1703,18942,62,100,2,0,0
1075,3,1,512,0,197,21,14,7,1,1,-76,2,1144,10670,71,100,1,0,0
1075,5,1,512,10,194,22,4,7,1,1,-76,10,3073,21421,71,100,1,0,0
1076,14,10,1024,0,14,3,1,7,1,1,-70,0,283,4745,8,100,1,0,0
1076,4,1,512,0,200,21,8,7,2,1,-61,10,3459,20758,71,100,1,0,0
1076,10,5,768,20,189,15,8,7,2,2,-52,9,3961,25953,57,100,2,0,0
1075,21,15,1280,0,167,9,10,7,1,3,-70,0,652,12016,41,100,1,0,0
1076,17,18,1280,0,195,8,8,7,1,1,-52,0,285,6016,53,100,1,0,0
1076,20,16,1280,0,189,9,13,7,1,3,-70,1,830,10336,47,100,4,0,0
1077,31,26,1536,0,160,10,5,5,1,2,-52,0,984,10525,52,100,3,0,0
1078,23,18,1280,0,199,11,13,7,1,3,-52,1,603,8930,56,100,2,0,0
1078,1,0,256,0,40,0,0,3,0,0,0,10,2006,19321,1515,100,1,0,0
1078,11,5,768,10,188,17,2,7,1,1,-70,0,522,10873,64,100,1,0,0
1077,12,8,1024,0,216,10,5,7,1,1,-70,0,545,6023,57,100,2,0,0
1077,27,22,1536,0,164,11,4,5,1,3,-52,0,701,9454,55,100,2,0,0
1078,25,19,1536,0,189,15,6,7,1,4,-70,0,601,6143,60,100,2,0,0
1079,30,26,1536,0,4,2,4,6,1,2,-70,0,1385,9368,1,100,6,0,0
1079,5,1,512,10,195,22,4,7,1,1,-76,10,2097,13683,71,100,1,0,0
1080,8,4,768,0,195,15,22,7,1,2,-70,10,2839,19104,66,100,1,0,0
1078,26,16,1280,0,169,11,5,7,1,4,-95,2,2267,16664,54,100,2,0,0
1080,2,4,768,0,195,13,3,5,1,1,-95,0,1035,13251,63,100,2,0,0
1079,28,22,1536,0,201,10,3,7,1,2,-70,1,1176,26044,64,100,3,0,0
1081,9,4,768,20,206,14,13,7,1,1,-52,0,517,9432,69,100,2,0,0
1080,16,10,1024,0,148,11,5,7,1,1,-70,5,3169,22214,55,100,2,0,0
1082,19,18,1280,0,210,12,14,7,1,3,-52,2,988,11803,63,100,1,0,0
1080,13,7,1024,0,174,9,8,7,1,1,-70,0,875,10683,41,100,3,0,0
1080,14,10,1024,0,15,3,1,7,1,1,-70,0,457,4348,8,100,3,0,0
1081,17,18,1280,0,197,8,8,7,1,1,-52,0,469,4739,53,100,2,0,0
1082,12,8,1024,0,218,10,5,7,1,1,-70,0,378,4327,57,100,0,0,0
1083,1,0,256,0,40,0,0,3,0,0,0,10,1530,13843,1528,100,1,0,0
1083,3,1,512,10,197,21,14,7,1,1,-76,2,946,12955,72,100,2,0,0
1083,7,3,768,0,215,15,3,7,1,2,-70,1,1422,15844,63,100,2,0,0
1084,5,1,512,50,197,22,4,7,1,1,-76,10,1780,13237,72,100,1,0,0
1084,18,8,1024,10,192,10,27,7,1,1,-95,10,3673,31520,66,100,3,0,0
1082,31,26,1536,0,160,10,5,5,1,2,-52,0,343,5629,53,100,1,0,0
1084,22,18,1280,20,181,7,5,7,1,1,-70,2,1735,20293,55,100,2,0,0
1083,6,5,768,0,172,16,5,5,1,2,-52,0,615,10554,58,100,2,0,0
1083,10,5,768,0,192,15,8,7,2,2,-52,9,2904,17211,57,100,1,0,0
1085,4,1,512,0,203,21,8,7,2,1,-61,10,4437,26258,72,100,2,0,0
1085,25,19,1536,0,192,15,6,7,1,4,-70,0,663,6700,61,100,1,0,0
1085,28,22,1536,0,203,10,3,7,1,2,-70,1,502,14152,64,100,1,0,0
1083,15,10,1024,10,96,7,15,7,1,1,-52,1,1564,15307,18,100,3,0,0
1086,2,4,768,10,198,13,3,5,1,1,-95,0,499,6930,63,100,1,0,0
1084,21,15,1280,0,169,9,10,7,1,3,-70,0,798,10023,42,100,3,0,0
1086,27,22,1536,10,167,11,4,5,1,3,-52,0,631,8001,55,100,1,0,0
1087,9,4,768,10,206,14,14,7,1,1,-52,0,397,7459,69,100,2,0,0
1085,26,16,1280,0,169,11,5,7,1,4,-95,2,704,9654,54,100,1,0,0
1086,12,8,1024,0,219,10,5,7,1,1,-70,0,392,4752,57,100,1,0,0
1087,17,18,1280,10,198,8,8,7,1,1,-52,0,448,6128,54,100,1,0,0
1085,20,16,1280,0,192,9,14,7,1,3,-70,1,838,9199,48,100,3,0,0
1088,23,18,1280,10,202,11,13,7,1,3,-52,1,809,13152,57,100,2,0,0
1088,15,10,1024,0,98,7,15,7,1,1,-52,1,846,6176,18,100,2,0,0
1089,11,5,768,0,195,17,2,7,1,1,-70,0,1288,14356,65,100,2,0,0
1089,8,4,768,0,199,15,22,7,1,2,-70,10,3534,22038,67,100,3,0,0
1088,7,3,768,0,215,15,3,7,1,2,-70,1,457,8247,64,100,1,0,0
1089,10,5,768,0,196,15,8,7,2,2,-52,9,2127,13801,58,100,2,0,0
1090,14,10,1024,0,16,3,1,7,1,1,-70,0,585,9251,9,100,3,0,0
1090,25,19,1536,0,194,15,6,7,1,4,-70,0,494,5340,61,100,2,0,0
1090,6,5,768,0,173,16,5,5,1,2,-52,0,512,7569,58,100,2,0,0
1090,16,10,1024,10,151,11,5,7,1,1,-70,5,2045,18055,56,100,3,0,0
1090,19,18,1280,0,213,12,14,7,1,3,-52,2,1317,14413,63,100,3,0,0
1092,9,4,768,0,210,14,14,7,1,1,-52,0,713,7088,69,100,1,0,0
1092,1,0,256,0,40,0,0,3,0,0,0,10,2414,22072,1541,100,2,0,0
1089,30,26,1536,0,6,2,4,6,1,2,-70,0,1139,11080,2,100,7,0,0
1090,13,7,1024,0,177,9,8,7,1,1,-70,0,1011,11110,42,100,3,0,0
1091,22,18,1280,0,183,7,5,7,1,1,-70,2,1380,14108,55,100,2,0,0
1091,20,16,1280,0,194,10,14,7,1,3,-70,1,574,6837,48,100,2,0,0
1093,27,22,1536,0,168,11,4,5,1,3,-52,0,474,6523,56,100,1,0,0
1094,3,1,512,0,202,21,14,7,1,1,-76,2,1898,18283,72,100,2,0,0
1093,21,15,1280,0,174,9,10,7,1,3,-70,0,948,11243,42,100,2,0,0
1093,18,8,1024,10,194,11,28,7,1,1,-95,10,3520,29142,67,100,4,0,0
1094,2,4,768,10,198,13,3,5,1,1,-95,0,572,9274,64,100,2,0,0
1093,15,10,1024,10,100,7,15,7,1,1,-52,1,764,6744,18,100,2,0,0
1096,5,1,512,10,199,22,4,7,1,1,-76,10,4906,33574,72,100,2,0,0
1093,31,26,1536,20,162,10,5,5,1,2,-52,0,812,11430,54,100,2,0,0
1094,28,22,1536,10,204,10,3,7,1,2,-70,1,593,19157,65,100,3,0,0
1096,25,19,1536,0,196,15,6,7,1,4,-70,0,494,5260,61,100,2,0,0
1095,11,5,768,0,195,17,2,7,1,1,-70,0,467,8358,66,100,2,0,0
1096,8,4,768,10,202,15,22,7,1,2,-70,10,2982,18302,67,100,1,0,0
1097,4,1,512,10,205,21,8,7,2,1,-61,10,5627,33595,72,100,2,0,0
1095,17,18,1280,10,200,8,8,7,1,1,-52,0,615,7490,54,100,3,0,0
1099,9,4,768,0,212,14,14,7,1,1,-52,0,606,8685,70,100,1,0,0
1098,7,3,768,0,220,15,3,7,1,2,-70,1,1406,14013,64,100,2,0,0
1096,26,16,1280,0,175,12,5,7,1,4,-95,2,2108,19131,55,100,4,0,0
1097,10,5,768,0,199,15,8,7,2,2,-52,9,3007,18240,58,100,3,0,0
1098,19,18,1280,10,219,12,14,7,1,3,-52,1,1377,12231,64,100,3,0,0
1099,5,1,512,70,201,22,4,7,1,1,-76,10,1938,13232,73,100,1,0,0
1097,6,5,768,0,177,16,5,5,1,2,-52,0,761,7036,59,100,2,0,0
1099,12,8,1024,10,226,11,5,7,1,1,-70,0,1303,12214,58,100,4,0,0
1100,8,4,768,20,203,15,22,7,1,2,-70,10,1671,9873,68,100,2,0,0
1098,15,10,1024,0,101,7,15,7,1,1,-52,1,502,6698,19,100,0,0,0
1100,2,4,768,10,202,13,3,5,1,1,-95,0,712,7845,64,100,1,0,0
1098,23,18,1280,10,207,12,13,7,1,3,-52,1,1087,12750,58,100,5,0,0
1096,30,26,1536,0,7,2,4,6,1,2,-70,0,732,7052,3,100,5,0,0
1101,28,22,1536,0,207,10,3,7,1,2,-70,1,603,13141,65,100,2,0,0
1098,20,16,1280,0,197,10,14,7,1,3,-70,1,626,6676,48,100,2,0,0
1101,22,18,1280,0,185,8,5,7,1,1,-70,2,1692,19241,56,100,3,0,0
1099,14,10,1024,0,18,3,1,7,1,1,-70,0,662,8013,10,100,4,0,0
1102,17,18,1280,0,201,9,8,7,1,1,-52,0,547,6456,55,100,2,0,0
1100,13,7,1024,0,180,9,8,7,1,1,-70,0,802,9820,43,100,3,0,0
1102,27,22,1536,0,169,11,4,5,1,3,-52,0,682,8334,56,100,2,0,0
1103,12,8,1024,10,227,11,5,7,1,1,-70,0,371,4095,58,100,1,0,0
1101,16,10,1024,10,153,11,6,7,1,1,-70,5,2783,20468,57,100,4,0,0
1103,4,1,512,10,207,21,8,7,2,1,-61,10,3403,20258,73,100,1,0,0
1104,1,0,256,0,40,0,0,3,0,0,0,10,3470,31261,1565,100,2,0,0
1103,25,19,1536,10,199,15,6,7,1,4,-70,0,663,8097,62,100,1,0,0
1104,9,4,768,0,214,14,14,7,1,1,-52,0,468,6269,70,100,2,0,0
1103,26,16,1280,0,177,12,5,7,1,4,-95,2,1151,11440,56,100,1,0,0
1103,15,10,1024,10,103,7,15,7,1,1,-52,1,640,7366,19,100,1,0,0
1105,18,8,1024,20,200,11,29,7,1,1,-95,10,4737,36507,67,100,4,0,0
1104,23,18,1280,0,208,12,13,7,1,3,-52,1,421,7463,58,100,1,0,0
1103,31,26,1536,0,164,11,5,5,1,2,-52,0,834,9948,54,100,2,0,0
1105,3,1,512,10,206,21,14,7,1,1,-76,2,1803,19095,73,100,2,0,0
1104,21,15,1280,0,175,9,10,7,1,3,-70,0,757,13104,43,100,3,0,0
1104,19,18,1280,0,221,12,14,7,1,3,-52,1,910,10876,64,100,2,0,0
1104,30,26,1536,0,8,3,4,6,1,2,-70,0,1073,7435,3,100,2,0,0
1107,11,5,768,0,199,17,2,7,1,1,-70,0,881,13650,66,100,2,0,0
1105,27,22,1536,0,171,12,4,5,1,3,-52,0,654,5198,57,100,1,0,0
1107,7,3,768,0,225,15,3,7,1,2,-70,1,1276,14786,65,100,1,0,0
1107,28,22,1536,0,210,11,3,7,1,2,-70,1,790,16545,66,100,2,0,0
1108,9,4,768,0,216,14,14,7,1,1,-52,0,474,5441,70,100,1,0,0
1107,6,5,768,10,180,16,5,5,1,2,-52,0,642,9610,59,100,2,0,0
1108,20,16,1280,0,201,10,14,7,1,3,-70,0,966,10139,49,100,3,0,0
1108,10,5,768,0,203,15,8,7,2,2,-52,8,4002,26260,59,100,3,0,0
1109,14,10,1024,0,20,3,1,7,1,1,-70,0,758,10361,10,100,4,0,0
1110,17,18,1280,0,205,9,8,7,1,1,-52,0,731,8131,55,100,2,0,0
1108,31,26,1536,0,166,11,5,5,1,2,-52,0,692,5168,55,100,2,0,0
1110,5,1,512,0,204,22,4,7,1,1,-76,10,4907,33870,73,100,2,0,0
1111,2,4,768,0,208,13,3,5,1,1,-95,0,1179,14190,65,100,2,0,0
1111,18,8,1024,10,202,11,29,7,1,1,-95,10,2220,19521,68,100,2,0,0
1112,1,0,256,0,40,0,0,3,0,0,0,10,2151,19749,1580,100,2,0,0
1112,8,4,768,10,208,15,22,7,1,2,-70,10,4605,28212,69,100,2,0,0
1110,27,22,1536,0,174,12,4,5,1,3,-52,0,607,5165,57,100,1,0,0
1112,3,1,512,20,207,21,14,7,1,1,-76,2,854,11499,73,100,1,0,0
1111,26,16,1280,0,181,12,5,7,1,4,-95,2,1659,14354,56,100,3,0,0
1110,13,7,1024,10,186,9,8,7,1,1,-70,0,958,9920,44,100,3,0,0
1111,30,26,1536,10,9,3,4,6,1,2,-70,0,662,7167,4,100,4,0,0
1114,4,1,512,10,208,21,8,7,2,1,-61,10,4946,29760,74,100,2,0,0
1112,23,18,1280,0,210,12,13,7,1,3,-52,1,551,9479,59,100,2,0,0
1112,12,8,1024,10,231,11,5,7,1,1,-70,0,802,9051,59,100,3,0,0
1113,16,10,1024,10,158,11,6,7,1,1,-70,4,2997,21709,57,100,2,0,0
1111,22,18,1280,0,187,8,5,7,1,1,-70,2,2273,22510,56,100,3,0,0
1114,5,1,512,40,205,22,4,7,1,1,-76,10,1777,12343,74,100,1,0,0
1112,25,19,1536,0,202,15,6,7,1,4,-70,0,747,9170,62,100,3,0,0
1114,15,10,1024,10,107,7,15,7,1,1,-52,1,1438,13555,20,100,3,0,0
1115,7,3,768,0,227,15,3,7,1,2,-70,1,1119,12950,66,100,2,0,0
1113,31,26,1536,0,167,11,5,5,1,2,-52,0,369,4755,55,100,1,0,0
1114,14,10,1024,0,20,3,1,7,1,1,-70,0,317,4532,11,100,1,0,0
1117,9,4,768,0,219,14,14,7,1,1,-52,0,810,10697,71,100,2,0,0
1113,21,15,1280,10,181,9,10,7,1,3,-70,0,1060,12420,44,100,3,0,0
1115,13,7,1024,0,188,9,8,7,1,1,-70,0,549,5058,44,100,2,0,0
1114,28,22,1536,0,213,11,3,7,1,2,-70,1,729,17100,66,100,2,0,0
1117,2,4,768,0,210,13,3,5,1,1,-95,0,499,7418,65,100,1,0,0
1114,20,16,1280,0,202,10,14,7,1,3,-70,0,475,6716,50,100,1,0,0
1117,8,4,768,40,214,15,22,7,1,2,-70,10,2389,13222,69,100,2,0,0
1116,10,5,768,0,204,15,8,7,1,2,-52,8,3009,17730,60,100,1,0,0
1116,11,5,768,0,202,17,2,7,1,1,-70,0,739,12131,67,100,1,0,0
1115,19,18,1280,0,224,13,14,7,1,3,-52,1,1478,18372,65,100,4,0,0
1116,12,8,1024,0,233,11,5,7,1,1,-70,0,577,4551,59,100,2,0,0
1116,6,5,768,0,182,16,5,5,1,2,-52,0,699,8738,60,100,2,0,0
1116,18,8,1024,0,202,11,30,7,1,1,-95,10,1976,17120,68,100,2,0,0
1120,5,1,512,0,206,22,4,7,1,1,-76,10,1954,13459,74,100,0,0,0
1117,17,18,1280,0,206,9,8,7,1,1,-52,0,563,7528,56,100,3,0,0
1118,23,18,1280,0,212,12,13,7,1,3,-52,1,519,8232,59,100,2,0,0
1119,30,26,1536,10,9,3,4,6,1,2,-70,0,501,7163,4,100,3,0,0
1121,14,10,1024,0,21,3,1,7,1,1,-70,0,385,6402,11,100,2,0,0
1120,11,5,768,0,204,17,2,7,1,1,-70,0,475,6220,67,100,1,0,0
1121,16,10,1024,0,159,11,6,7,1,1,-70,4,1426,13884,58,100,1,0,0
1121,15,10,1024,0,109,7,15,7,1,1,-52,1,950,9837,20,100,2,0,0
1121,22,18,1280,0,193,8,5,7,1,1,-70,2,1980,19723,57,100,4,0,0
1122,12,8,1024,0,236,11,5,7,1,1,-70,0,662,6371,60,100,1,0,0
1123,3,1,512,10,211,21,14,7,1,1,-76,2,1758,17532,74,100,2,0,0
1123,1,0,256,0,40,0,0,3,0,0,0,10,3080,28896,1599,100,2,0,0
1122,7,3,768,0,229,15,3,7,1,2,-70,1,843,10830,66,100,1,0,0
1120,27,22,1536,0,175,12,4,5,1,3,-52,0,594,10375,58,100,2,0,0
1120,26,16,1280,0,182,12,5,7,1,4,-95,2,1457,15069,57,100,2,0,0
1122,25,19,1536,0,202,16,6,7,1,4,-70,0,567,9109,63,100,2,0,0
1124,9,4,768,0,221,14,14,7,1,1,-52,0,523,9111,71,100,1,0,0
1122,21,15,1280,0,184,9,10,7,1,3,-70,0,741,10046,44,100,1,0,0
1123,28,22,1536,0,215,11,3,7,1,2,-70,1,603,18781,67,100,2,0,0
1122,10,5,768,20,206,15,8,7,1,2,-52,8,1941,14519,60,100,2,0,0
1123,13,7,1024,0,190,9,8,7,1,1,-70,0,516,7128,44,100,2,0,0
1122,20,16,1280,10,205,10,14,7,1,3,-70,0,699,7552,50,100,3,0,0
1123,23,18,1280,0,213,12,14,7,1,3,-52,1,448,6197,60,100,3,0,0
1125,5,1,512,40,209,22,4,7,1,1,-76,10,2423,14317,74,100,1,0,0
1125,4,1,512,10,211,21,8,7,2,1,-61,10,6003,35285,74,100,2,0,0
1123,17,18,1280,0,207,9,8,7,1,1,-52,0,452,5825,56,100,2,0,0
1125,19,18,1280,10,226,13,14,7,1,3,-52,1,1091,14604,66,100,2,0,0
1124,31,26,1536,0,168,11,5,5,1,2,-52,0,618,10366,56,100,2,0,0
1127,8,4,768,10,218,15,22,7,1,2,-70,10,4274,24056,70,100,4,0,0
1127,18,8,1024,0,207,11,31,7,1,1,-95,10,3838,31096,69,100,4,0,0
1124,6,5,768,0,183,16,5,5,1,2,-52,0,470,8173,61,100,1,0,0
1125,27,22,1536,0,178,12,4,5,1,3,-52,0,501,5322,58,100,1,0,0
1128,2,4,768,0,217,13,3,5,1,1,-95,0,1279,14547,66,100,3,0,0
1126,11,5,768,0,205,17,2,7,1,1,-70,0,475,7110,68,100,1,0,0
1129,25,19,1536,0,208,16,6,7,1,4,-70,0,922,7035,63,100,2,0,0
1126,15,10,1024,0,111,7,15,7,1,1,-52,1,864,7335,21,100,1,0,0
1127,21,15,1280,0,184,9,10,7,1,3,-70,0,511,6622,45,100,1,0,0
1130,9,4,768,0,221,14,14,7,1,1,-52,0,368,7093,72,100,1,0,0
1129,7,3,768,0,230,15,3,7,1,2,-70,1,776,10508,66,100,1,0,0
1130,5,1,512,60,209,22,4,7,1,1,-76,10,2039,13358,75,100,1,0,0
1129,19,18,1280,10,227,13,14,7,1,3,-52,1,704,6810,66,100,1,0,0
1126,20,16,1280,0,207,10,14,7,1,3,-70,0,496,4587,50,100,2,0,0
1131,1,0,256,0,40,0,0,3,0,0,0,10,2348,20518,1618,100,1,0,0
1128,16,10,1024,20,163,11,7,7,1,1,-70,4,2130,13589,58,100,3,0,0
1127,26,16,1280,10,183,12,5,7,1,4,-95,2,839,9670,57,100,1,0,0
1132,3,1,512,0,212,21,14,7,1,1,-76,2,1465,14914,75,100,2,0,0
1129,14,10,1024,0,22,3,1,7,1,1,-70,0,586,8088,12,100,3,0,0
1132,22,18,1280,0,197,8,5,7,1,1,-70,2,1991,22104,58,100,3,0,0
1131,10,5,768,20,212,15,8,7,1,2,-52,8,3398,20347,61,100,4,0,0
1133,25,19,1536,10,212,16,6,7,1,4,-70,0,740,4885,64,100,2,0,0
1134,8,4,768,20,219,15,22,7,1,2,-70,10,1815,14919,70,100,2,0,0
1134,12,8,1024,0,240,11,5,7,1,1,-70,0,870,11361,60,100,4,0,0
1130,30,26,1536,0,9,3,4,6,1,2,-70,0,605,10054,5,100,3,0,0
1133,16,10,1024,10,165,11,7,7,1,1,-70,4,1185,8617,59,100,1,0,0
1133,17,18,1280,10,211,9,8,7,1,1,-52,0,698,9288,57,100,3,0,0
1134,21,15,1280,0,186,9,10,7,1,3,-70,0,633,7707,45,100,3,0,0
1133,27,22,1536,10,182,12,4,5,1,3,-52,0,702,6600,58,100,3,0,0
1134,11,5,768,0,208,17,2,7,1,1,-70,0,720,9167,68,100,3,0,0
1133,28,22,1536,0,222,11,3,7,1,2,-70,1,1459,26802,68,100,4,0,0
1133,31,26,1536,0,171,11,5,5,1,2,-52,0,921,9628,56,100,2,0,0
1135,7,3,768,20,232,15,3,7,1,2,-70,1,764,10477,67,100,2,0,0
1134,6,5,768,0,187,16,5,5,1,2,-52,0,856,9187,61,100,2,0,0
1136,13,7,1024,0,195,9,8,7,1,1,-70,0,1015,11595,45,100,3,0,0
1136,26,16,1280,10,184,12,5,7,1,4,-95,2,1152,13141,58,100,1,0,0
1136,14,10,1024,0,23,3,1,7,1,1,-70,0,482,6465,12,100,3,0,0
1137,4,1,512,0,215,21,8,7,2,1,-61,10,5232,33016,75,100,2,0,0
1134,23,18,1280,0,218,12,14,7,1,3,-52,1,1055,13174,60,100,3,0,0
1136,20,16,1280,0,212,10,14,7,1,3,-70,0,896,9684,51,100,2,0,0
1136,15,10,1024,0,112,7,16,7,1,1,-52,1,917,12181,21,100,2,0,0
1138,1,0,256,0,40,0,0,3,0,0,0,10,1688,17637,1628,100,1,0,0
1138,8,4,768,30,219,15,22,7,1,2,-70,10,1824,10602,70,100,1,0,0
1137,18,8,1024,0,209,11,31,7,1,1,-95,10,3873,32584,70,100,3,0,0
1137,22,18,1280,0,197,8,5,7,1,1,-70,2,1065,9894,58,100,1,0,0
1138,25,19,1536,0,215,16,6,7,1,4,-70,0,511,5228,64,100,0,0,0
1139,2,4,768,0,219,13,3,5,1,1,-95,0,728,13316,67,100,2,0,0
1139,16,10,1024,10,167,11,7,7,1,1,-70,4,1305,10346,59,100,2,0,0
1140,9,4,768,0,225,14,14,7,1,1,-52,0,845,12219,72,100,4,0,0
1138,19,18,1280,0,231,13,14,7,1,3,-52,1,1494,15166,67,100,4,0,0
1140,5,1,512,0,211,22,4,7,1,1,-76,10,4495,28089,75,100,3,0,0
1142,7,3,768,10,232,15,3,7,1,2,-70,1,690,7968,67,100,1,0,0
1140,14,10,1024,0,24,3,1,7,1,1,-70,0,487,4236,12,100,2,0,0
1141,12,8,1024,0,242,11,5,7,1,1,-70,0,580,8092,61,100,1,0,0
1142,17,18,1280,0,214,9,8,7,1,1,-52,0,835,8400,57,100,2,0,0
1141,10,5,768,0,216,15,8,7,1,2,-52,8,3470,22202,61,100,3,0,0
1143,1,0,256,0,41,0,0,3,0,0,0,10,1463,11761,1638,100,2,0,0
1142,18,8,1024,0,210,11,32,7,1,1,-95,10,1476,13655,70,100,2,0,0
1141,11,5,768,0,210,17,2,7,1,1,-70,0,600,8965,69,100,2,0,0
1141,6,5,768,0,191,16,5,5,1,2,-52,0,767,7220,62,100,1,0,0
1143,8,4,768,20,220,15,22,7,1,2,-70,10,2025,12824,71,100,2,0,0
1144,3,1,512,0,216,21,14,7,1,1,-76,2,1652,19277,75,100,2,0,0
1141,31,26,1536,0,173,11,5,5,1,2,-52,0,598,6620,57,100,1,0,0
1142,23,18,1280,0,220,12,14,7,1,3,-52,1,740,7633,61,100,3,0,0
1144,4,1,512,10,215,21,9,7,2,1,-61,10,3673,21228,76,100,2,0,0
1142,27,22,1536,0,183,12,4,5,1,3,-52,0,605,8733,59,100,1,0,0
1145,9,4,768,0,226,14,14,7,1,1,-52,0,522,6621,73,100,1,0,0
1141,25,19,1536,0,216,16,6,7,1,4,-70,0,484,5371,64,100,2,0,0
1141,15,10,1024,10,115,7,16,7,1,1,-52,1,813,7308,22,100,1,0,0
1142,28,22,1536,0,228,11,3,7,1,2,-70,1,1079,20679,68,100,2,0,0
1142,30,26,1536,0,10,3,4,6,1,2,-70,0,706,10342,6,100,4,0,0
1143,21,15,1280,0,188,9,10,7,1,3,-70,0,598,11103,46,100,2,0,0
1144,16,10,1024,0,171,11,7,7,1,1,-70,4,1581,10587,59,100,2,0,0
1146,22,18,1280,0,200,8,5,7,1,1,-70,2,1420,17138,59,100,1,0,0
1147,13,7,1024,0,201,9,8,7,1,1,-70,0,1147,11742,46,100,3,0,0
1147,12,8,1024,10,244,11,5,7,1,1,-70,0,368,5068,61,100,1,0,0
1146,10,5,768,30,218,15,8,7,1,2,-52,8,1980,11636,62,100,1,0,0
1145,14,10,1024,10,24,3,1,7,1,1,-70,0,400,4898,13,100,1,0,0
1148,7,3,768,0,232,15,3,7,1,2,-70,1,751,11026,68,100,1,0,0
1147,27,22,1536,0,184,12,4,5,1,3,-52,0,363,4196,59,100,2,0,0
1145,20,16,1280,0,218,10,14,7,1,3,-70,0,1068,9244,51,100,3,0,0
1145,6,5,768,10,192,16,5,5,1,2,-52,0,366,4324,62,100,1,0,0
1149,8,4,768,0,222,15,22,7,1,2,-70,10,2061,13069,71,100,1,0,0
1149,2,4,768,0,224,13,3,5,1,1,-95,0,1037,12415,68,100,4,0,0
1147,28,22,1536,10,230,11,3,7,1,2,-70,1,496,10818,69,100,2,0,0
1148,19,18,1280,0,235,13,14,7,1,3,-52,1,1363,16871,67,100,1,0,0
1146,26,16,1280,10,191,12,5,7,1,4,-95,2,2087,17823,58,100,3,0,0
1146,31,26,1536,0,173,11,5,5,1,2,-52,0,165,3986,57,100,0,0,0
1149,30,26,1536,0,10,3,4,6,1,2,-70,0,381,5723,6,100,2,0,0
1150,18,8,1024,10,212,11,32,7,1,1,-95,10,3134,25714,71,100,2,0,0
1151,5,1,512,60,216,23,4,7,1,1,-76,10,5138,32134,76,100,3,0,0
1149,14,10,1024,0,24,3,1,7,1,1,-70,0,285,4467,13,100,1,0,0
1150,20,16,1280,0,218,10,14,7,1,3,-70,0,320,4521,52,100,1,0,0
1151,25,19,1536,0,218,16,6,7,1,4,-70,0,580,8798,65,100,1,0,0
1148,21,15,1280,0,190,9,10,7,1,3,-70,0,724,9318,46,100,2,0,0
1152,17,18,1280,0,219,9,8,7,1,1,-52,0,1015,10840,58,100,3,0,0
1154,7,3,768,0,233,15,3,7,1,2,-70,1,529,7785,68,100,2,0,0
1151,16,10,1024,10,172,11,8,7,1,1,-70,4,1635,11654,60,100,2,0,0
1154,1,0,256,0,42,0,0,3,0,0,0,10,3040,28549,1657,100,3,0,0
1153,22,18,1280,0,200,8,5,7,1,1,-70,2,1257,14414,59,100,1,0,0
1150,15,10,1024,0,119,7,16,7,1,1,-52,1,1416,13052,22,100,3,0,0
1153,19,18,1280,0,236,13,14,7,1,3,-52,1,625,7517,68,100,1,0,0
1152,26,16,1280,10,191,12,5,7,1,4,-95,2,794,8692,59,100,1,0,0
1155,4,1,512,20,218,23,9,7,2,1,-61,10,5095,30988,76,100,3,0,0
1154,9,4,768,0,231,14,15,7,1,1,-52,0,879,12444,73,100,4,0,0
1154,23,18,1280,0,227,12,14,7,1,3,-52,1,1231,11932,62,100,3,0,0
1156,3,1,512,20,219,23,14,7,1,1,-76,2,1776,19188,76,100,3,0,0
1153,11,5,768,0,216,17,2,7,1,1,-70,0,1145,15255,70,100,3,0,0
1156,12,8,1024,0,247,11,5,7,1,1,-70,0,909,9082,62,100,3,0,0
1157,5,1,512,70,217,24,4,7,1,1,-76,10,2211,12610,76,100,1,0,0
1156,8,4,768,20,226,15,22,7,1,2,-70,10,3159,18152,72,100,3,0,0
1156,27,22,1536,0,191,12,4,5,1,3,-52,0,1236,10346,60,100,2,0,0
1157,13,7,1024,0,207,10,8,7,1,1,-70,0,1203,10960,47,100,3,0,0
1155,16,10,1024,10,174,11,8,7,1,1,-70,4,826,7533,60,100,0,0,0
1154,6,5,768,20,194,16,5,5,1,2,-52,0,439,8141,63,100,1,0,0
1156,28,22,1536,0,232,11,3,7,1,2,-70,1,707,18888,69,100,2,0,0
1156,31,26,1536,0,176,11,5,5,1,2,-52,0,808,9859,58,100,2,0,0
1158,17,18,1280,0,220,9,8,7,1,1,-52,0,450,6089,59,100,1,0,0
1156,10,5,768,50,223,15,8,7,1,2,-52,8,3981,25258,62,100,2,0,0
1159,18,8,1024,0,216,11,32,7,1,1,-95,10,3285,28461,71,100,1,0,0
1159,2,4,768,0,226,13,3,5,1,1,-95,0,644,12119,68,100,2,0,0
1157,25,19,1536,20,221,16,6,7,1,4,-70,0,494,5686,66,100,2,0,0
1157,30,26,1536,0,10,3,4,6,1,2,-70,0,380,6270,6,100,2,0,0
1160,1,0,256,0,42,0,0,3,0,0,0,10,1983,17437,1670,100,1,0,0
1161,3,1,512,0,221,23,14,7,1,1,-76,2,1084,9660,77,100,2,0,0
1160,23,18,1280,0,230,12,14,7,1,3,-52,1,604,6075,62,100,2,0,0
1154,21,15,1280,0,192,9,10,7,1,3,-70,0,449,6472,47,100,1,0,0
1156,15,10,1024,0,122,7,16,7,1,1,-52,1,1074,9465,23,100,2,0,0
1158,6,5,768,0,195,16,5,5,1,2,-52,0,530,4627,63,100,1,0,0
1162,7,3,768,10,235,16,3,7,1,2,-70,1,1255,13936,69,100,2,0,0
1159,14,10,1024,0,26,3,1,7,1,1,-70,0,687,10061,14,100,4,0,0
1162,17,18,1280,0,220,9,8,7,1,1,-52,0,261,3843,59,100,1,0,0
1164,4,1,512,10,224,23,9,7,2,1,-61,10,4493,26164,77,100,3,0,0
1159,21,15,1280,0,196,9,10,7,1,3,-70,0,899,7370,47,100,2,0,0
1165,1,0,256,0,42,0,0,3,0,0,0,10,1405,12161,1679,100,1,0,0
1161,11,5,768,10,218,17,2,7,1,1,-70,0,619,9467,70,100,3,0,0
1164,12,8,1024,10,247,11,5,7,1,1,-70,0,309,8248,63,100,1,0,0
1160,20,16,1280,0,226,10,14,7,1,3,-70,0,1390,12591,53,100,3,0,0
1165,18,8,1024,0,216,12,32,7,1,1,-95,10,1469,16180,71,100,1,0,0
1161,26,16,1280,10,193,12,5,7,1,4,-95,2,1530,17671,60,100,2,0,0
1165,9,4,768,0,235,15,15,7,1,1,-52,0,1046,15254,74,100,2,0,0
1163,16,10,1024,0,175,11,8,7,1,1,-70,4,1971,15906,61,100,2,0,0
1163,21,15,1280,0,196,9,10,7,1,3,-70,0,262,4653,47,100,1,0,0
1164,22,18,1280,0,202,8,5,7,1,1,-70,2,1885,20883,60,100,3,0,0
1165,31,26,1536,0,178,11,5,5,1,2,-52,0,645,9121,58,100,2,0,0
1164,19,18,1280,0,241,13,14,7,1,3,-52,1,1548,17224,68,100,4,0,0
1167,5,1,512,10,221,24,5,7,2,1,-76,10,5253,31166,77,100,5,0,0
1167,10,5,768,10,227,16,8,7,1,2,-52,8,3639,24308,63,100,3,0,0
1168,13,7,1024,0,210,11,8,7,1,1,-70,0,827,9947,47,100,3,0,0
1167,8,4,768,30,229,16,22,7,1,2,-70,10,3990,26293,72,100,3,0,0
1166,30,26,1536,0,11,3,4,6,1,2,-70,0,819,9988,7,100,3,0,0
1166,15,10,1024,0,123,7,16,7,1,1,-52,1,1296,13044,23,100,2,0,0
1165,23,18,1280,0,231,12,14,7,1,3,-52,1,464,5176,62,100,1,0,0
1166,28,22,1536,0,233,11,3,7,1,2,-70,1,526,21333,70,100,1,0,0
1168,2,4,768,0,228,14,3,5,1,1,-95,0,801,11116,69,100,3,0,0
1168,7,3,768,10,237,16,3,7,1,2,-70,1,850,9929,69,100,1,0,0
1167,20,16,1280,0,230,10,14,7,1,3,-70,0,741,6945,53,100,1,0,0
1170,6,5,768,10,199,17,5,5,1,2,-52,0,936,10124,64,100,2,0,0
1168,27,22,1536,0,192,12,4,5,1,3,-52,0,620,11073,61,100,2,0,0
1168,16,10,1024,10,176,11,8,7,1,1,-70,4,1200,10067,61,100,1,0,0
1168,17,18,1280,0,222,9,8,7,1,1,-52,0,493,5653,59,100,2,0,0
1170,9,4,768,0,236,15,15,7,1,1,-52,0,369,5435,74,100,1,0,0
1169,14,10,1024,0,27,3,1,7,1,1,-70,0,537,8895,14,100,2,0,0
1171,3,1,512,0,225,23,14,7,1,1,-76,2,1822,17429,77,100,2,0,0
1168,26,16,1280,0,193,12,5,7,1,4,-95,2,1111,11239,60,100,2,0,0
1171,4,1,512,20,225,23,9,7,2,1,-61,10,3979,23165,78,100,1,0,0
1169,25,19,1536,0,224,16,6,7,1,4,-70,0,940,11730,66,100,2,0,0
1171,18,8,1024,20,218,12,32,7,1,1,-95,10,2641,19836,72,100,2,0,0
1172,1,0,256,0,42,0,0,3,0,0,0,10,2380,21724,1693,100,2,0,0
1171,11,5,768,0,223,18,2,7,1,1,-70,0,1153,13916,71,100,2,0,0
1170,22,18,1280,0,204,8,5,7,1,1,-70,2,1176,11738,60,100,1,0,0
1172,27,22,1536,0,195,12,4,5,1,3,-52,0,584,4590,61,100,1,0,0
1174,9,4,768,0,236,15,15,7,1,1,-52,0,247,5408,75,100,0,0,0
1175,13,7,1024,0,215,11,8,7,1,1,-70,0,870,7273,48,100,2,0,0
1174,19,18,1280,0,244,13,14,7,1,3,-52,1,1277,15208,69,100,3,0,0
1174,10,5,768,10,230,16,8,7,1,2,-52,8,2286,15621,63,100,2,0,0
1174,25,19,1536,0,226,16,6,7,1,4,-70,0,557,5682,67,100,1,0,0
1174,30,26,1536,0,11,3,4,6,1,2,-70,0,460,7638,8,100,2,0,0
1173,21,15,1280,0,199,9,10,7,1,3,-70,0,777,12134,48,100,1,0,0
1175,8,4,768,20,233,16,22,7,1,2,-70,10,3324,20845,73,100,2,0,0
1174,28,22,1536,0,237,11,3,7,1,2,-70,1,830,19586,70,100,3,0,0
1177,7,3,768,0,239,16,3,7,1,2,-70,1,1219,14314,70,100,3,0,0
1175,17,18,1280,0,224,9,8,7,1,1,-52,0,579,7227,60,100,1,0,0
1175,31,26,1536,0,181,11,5,5,1,2,-52,0,826,10809,59,100,3,0,0
1176,12,8,1024,0,252,12,5,7,1,1,-70,0,1223,12051,63,100,3,0,0
1178,6,5,768,0,202,17,5,5,1,2,-52,0,686,8408,64,100,1,0,0
1175,23,18,1280,10,232,12,14,7,1,3,-52,1,595,9996,63,100,2,0,0
1177,5,1,512,20,223,24,5,7,2,1,-76,10,4601,30283,78,100,2,0,0
1177,2,4,768,0,231,14,3,5,1,1,-95,0,737,12284,70,100,1,0,0
1178,11,5,768,0,226,18,2,7,1,1,-70,0,601,7762,71,100,2,0,0
1179,15,10,1024,10,126,7,16,7,1,1,-52,1,1371,15513,24,100,3,0,0
1177,21,15,1280,0,200,9,10,7,1,3,-70,0,370,4013,48,100,1,0,0
1180,4,1,512,0,225,23,9,7,2,1,-61,10,3809,24062,78,100,2,0,0
1180,3,1,512,10,230,23,14,7,1,1,-76,2,1560,15437,78,100,2,0,0
1178,26,16,1280,10,196,12,5,7,1,4,-95,2,1621,16656,61,100,1,0,0
1180,12,8,1024,0,253,12,5,7,1,1,-70,0,329,4003,64,100,0,0,0
1179,20,16,1280,0,232,10,14,7,1,3,-70,0,702,11046,54,100,2,0,0
1181,18,8,1024,10,218,12,32,7,1,1,-95,10,2681,28316,73,100,1,0,0
1181,9,4,768,0,236,15,15,7,1,1,-52,0,405,8506,75,100,2,0,0
1181,16,10,1024,10,180,12,8,7,1,1,-70,4,2574,20234,62,100,2,0,0
1179,25,19,1536,0,227,16,6,7,1,4,-70,0,369,4677,67,100,1,0,0
1181,14,10,1024,0,28,4,1,7,1,1,-70,0,690,10943,15,100,3,0,0
1181,8,4,768,20,234,16,22,7,1,2,-70,10,2227,14414,73,100,1,0,0
1182,1,0,256,0,42,0,0,3,0,0,0,10,2674,28788,1713,100,1,0,0
1180,23,18,1280,0,232,12,14,7,1,3,-52,1,288,4931,63,100,1,0,0
1181,17,18,1280,0,225,9,8,7,1,1,-52,0,392,5510,60,100,1,0,0
1182,13,7,1024,10,218,11,8,7,1,1,-70,0,644,8987,48,100,2,0,0
1182,22,18,1280,0,204,8,5,7,1,1,-70,2,1597,21382,61,100,2,0,0
1182,27,22,1536,0,198,12,4,5,1,3,-52,0,808,9418,62,100,2,0,0
1184,2,4,768,0,232,14,3,5,1,1,-95,0,488,7664,70,100,2,0,0
1185,10,5,768,0,232,16,8,7,1,2,-52,8,3578,24184,64,100,3,0,0
1184,28,22,1536,0,238,11,3,7,1,2,-70,1,502,17680,71,100,1,0,0
1184,30,26,1536,0,11,3,4,6,1,2,-70,0,428,9216,8,100,2,0,0
1184,19,18,1280,0,248,13,14,7,1,3,-52,1,1479,16046,70,100,2,0,0
1186,7,3,768,0,241,16,3,7,1,2,-70,1,1050,14067,70,100,2,0,0
1185,11,5,768,0,227,18,2,7,1,1,-70,0,499,9431,72,100,1,0,0
1186,18,8,1024,10,220,12,32,7,1,1,-95,10,2459,18458,73,100,1,0,0
1186,17,18,1280,0,227,9,8,7,1,1,-52,0,531,5062,61,100,1,0,0
1187,5,1,512,0,226,24,5,7,2,1,-76,10,3662,24906,78,100,3,0,0
1185,23,18,1280,10,233,12,14,7,1,3,-52,1,426,4774,64,100,1,0,0
1187,16,10,1024,0,181,12,8,7,1,1,-70,4,888,9716,62,100,1,0,0
1188,1,0,256,0,42,0,0,3,0,0,0,10,1423,14593,1724,100,1,0,0
1187,8,4,768,0,235,16,22,7,1,2,-70,10,2403,14831,74,100,1,0,0
1186,25,19,1536,0,229,16,6,7,1,4,-70,0,621,7478,67,100,2,0,0
1186,21,15,1280,10,203,9,10,7,1,3,-70,0,778,7853,49,100,3,0,0
1188,6,5,768,20,204,17,5,5,1,2,-52,0,688,10005,65,100,3,0,0
1188,2,4,768,0,233,14,3,5,1,1,-95,0,269,4942,70,100,0,0,0
1188,14,10,1024,0,28,4,1,7,1,1,-70,0,341,6675,16,100,1,0,0
1188,3,1,512,0,231,23,14,7,1,1,-76,2,1184,14040,78,100,2,0,0
1188,12,8,1024,0,254,12,5,7,1,1,-70,0,513,7706,64,100,2,0,0
1186,31,26,1536,0,185,11,5,5,1,2,-52,0,916,10874,60,100,2,0,0
1190,4,1,512,10,229,23,9,7,2,1,-61,10,5296,29401,79,100,2,0,0
1189,19,18,1280,0,249,13,14,7,1,3,-52,1,727,9317,70,100,1,0,0
1188,26,16,1280,10,198,12,5,7,1,4,-95,2,1561,16755,61,100,2,0,0
1191,9,4,768,0,237,15,15,7,1,1,-52,0,620,11732,76,100,2,0,0
1188,30,26,1536,0,12,3,4,6,1,2,-70,0,440,5319,9,100,2,0,0
1191,15,10,1024,10,127,8,16,7,1,1,-52,1,1303,15320,25,100,2,0,0
1191,13,7,1024,0,221,11,8,7,1,1,-70,0,794,8863,49,100,1,0,0
1189,20,16,1280,10,237,10,14,7,1,3,-70,0,986,10760,55,100,3,0,0
1193,1,0,256,0,42,0,0,3,0,0,0,10,1500,14890,1734,100,1,0,0
1192,22,18,1280,0,206,8,5,7,1,1,-70,2,1432,19598,62,100,2,0,0
1193,16,10,1024,0,182,12,8,7,1,1,-70,4,1605,10879,63,100,2,0,0
1193,5,1,512,0,227,24,5,7,2,1,-76,10,2864,17259,79,100,1,0,0
1192,27,22,1536,0,202,12,4,5,1,3,-52,0,756,9438,62,100,2,0,0
1193,7,3,768,0,243,16,3,7,1,2,-70,1,993,12261,71,100,1,0,0
1192,28,22,1536,0,238,11,3,7,1,2,-70,1,432,18738,71,100,2,0,0
1193,21,15,1280,0,204,9,10,7,1,3,-70,0,394,5695,49,100,1,0,0
1193,8,4,768,20,238,16,22,7,1,2,-70,10,2166,14086,74,100,2,0,0
1194,3,1,512,0,237,23,14,7,1,1,-76,2,1618,11342,79,100,1,0,0
1195,4,1,512,10,231,23,9,7,2,1,-61,10,2249,15560,79,100,1,0,0
1194,12,8,1024,0,256,12,5,7,1,1,-70,0,555,5995,65,100,1,0,0
1195,10,5,768,0,235,16,8,7,1,2,-52,8,3563,23190,65,100,3,0,0
1196,6,5,768,0,207,17,5,5,1,2,-52,0,737,7611,65,100,1,0,0
1196,17,18,1280,0,228,9,8,7,1,1,-52,0,537,9147,61,100,2,0,0
1194,31,26,1536,10,188,11,5,5,1,2,-52,0,729,7855,60,100,2,0,0
1196,18,8,1024,10,222,12,32,7,1,1,-95,10,3110,30729,74,100,2,0,0
1194,30,26,1536,0,12,3,4,6,1,2,-70,0,380,5703,9,100,2,0,0
1195,22,18,1280,0,206,8,5,7,1,1,-70,2,858,8439,62,100,0,0,0
1197,13,7,1024,0,223,11,8,7,1,1,-70,0,499,6780,49,100,1,0,0
1197,11,5,768,0,230,18,2,7,1,1,-70,0,955,14689,73,100,3,0,0
1196,27,22,1536,0,202,12,4,5,1,3,-52,0,318,4200,63,100,1,0,0
1197,20,16,1280,20,241,10,14,7,1,3,-70,0,666,7779,55,100,1,0,0
1197,23,18,1280,0,236,12,15,7,1,3,-52,1,800,11207,64,100,4,0,0
1198,2,4,768,0,237,14,3,5,1,1,-95,0,935,12629,71,100,3,0,0
1199,5,1,512,0,229,24,5,7,2,1,-76,10,2336,15473,79,100,1,0,0
1199,14,10,1024,0,29,4,1,7,1,1,-70,0,554,10319,16,100,3,0,0
1197,25,19,1536,0,231,16,6,7,1,4,-70,0,808,10362,68,100,2,0,0
1199,21,15,1280,0,204,9,10,7,1,3,-70,0,342,6129,50,100,1,0,0
1197,28,22,1536,0,240,11,3,7,1,2,-70,1,585,14900,72,100,1,0,0
1199,26,16,1280,0,199,12,5,7,1,4,-95,2,1591,17477,62,100,2,0,0
1201,7,3,768,0,248,16,3,7,1,2,-70,1,1261,12398,71,100,1,0,0
1200,8,4,768,0,239,16,22,7,1,2,-70,10,2748,17245,75,100,1,0,0
1201,15,10,1024,10,131,8,16,7,1,1,-52,1,1404,13464,25,100,2,0,0
1201,9,4,768,10,239,15,15,7,1,1,-52,0,547,12577,77,100,1,0,0
1202,6,5,768,10,208,17,5,5,1,2,-52,0,339,5402,66,100,1,0,0
1201,16,10,1024,0,186,12,8,7,1,1,-70,4,1965,15843,63,100,1,0,0
1201,19,18,1280,0,254,13,14,7,1,3,-52,1,1420,18261,71,100,3,0,0
1200,27,22,1536,0,202,12,4,5,1,3,-52,0,286,5262,63,100,1,0,0
1202,13,7,1024,0,224,11,8,7,1,1,-70,0,449,4990,50,100,0,0,0
1203,1,0,256,0,42,0,0,3,0,0,0,10,2987,29276,1753,100,2,0,0
1203,12,8,1024,0,260,12,5,7,1,1,-70,0,761,8948,65,100,1,0,0
1201,30,26,1536,0,12,3,4,6,1,2,-70,0,339,5602,10,100,1,0,0
1203,31,26,1536,0,193,11,5,5,1,2,-52,0,926,8915,61,100,1,0,0
1205,3,1,512,0,239,23,14,7,1,1,-76,2,1672,17758,80,100,2,0,0
1204,23,18,1280,0,237,12,15,7,1,3,-52,1,475,6975,65,100,1,0,0
1205,2,4,768,10,239,14,3,5,1,1,-95,0,447,7883,72,100,1,0,0
1205,10,5,768,0,240,16,8,7,1,2,-52,8,3557,23893,65,100,1,0,0
1204,28,22,1536,0,240,11,3,7,1,2,-70,1,408,15736,72,100,2,0,0
1204,26,16,1280,10,199,12,5,7,1,4,-95,2,887,7959,62,100,1,0,0
1206,4,1,512,0,233,23,9,7,2,1,-61,10,5312,32678,80,100,2,0,0
1206,9,4,768,10,240,15,15,7,1,1,-52,0,523,6728,77,100,1,0,0
1207,5,1,512,0,233,24,5,7,2,1,-76,10,3666,22852,80,100,1,0,0
1206,17,18,1280,0,230,9,8,7,1,1,-52,0,700,9722,62,100,2,0,0
1207,21,15,1280,10,205,10,10,7,1,3,-70,0,417,6271,50,100,1,0,0
1205,22,18,1280,0,208,8,5,7,1,1,-70,2,1655,19083,63,100,2,0,0
1208,6,5,768,10,208,17,5,5,1,2,-52,0,391,6130,66,100,1,0,0
1205,25,19,1536,10,233,16,6,7,1,4,-70,0,678,8445,69,100,2,0,0
1206,20,16,1280,0,243,10,14,7,1,3,-70,0,810,8911,56,100,2,0,0
1208,11,5,768,0,235,18,2,7,1,1,-70,0,959,13412,73,100,3,0,0
1208,8,4,768,20,239,16,22,7,1,2,-70,10,2194,16569,75,100,1,0,0
1207,18,8,1024,20,228,12,32,7,1,1,-95,10,4355,35002,74,100,2,0,0
1209,15,10,1024,0,135,8,16,7,1,1,-52,1,1318,11034,26,100,3,0,0
1208,12,8,1024,0,260,12,5,7,1,1,-70,0,261,4462,65,100,1,0,0
1209,7,3,768,10,253,16,3,7,1,2,-70,1,1183,12749,72,100,2,0,0
1210,14,10,1024,0,29,4,1,7,1,1,-70,0,486,9392,17,100,2,0,0
1210,1,0,256,0,42,0,0,3,0,0,0,10,1949,20216,1765,100,2,0,0
1209,13,7,1024,0,225,11,8,7,1,1,-70,0,483,6271,50,100,3,0,0
1210,10,5,768,20,241,16,8,7,1,2,-52,8,1841,11791,66,100,1,0,0
1208,19,18,1280,0,255,13,14,7,1,3,-52,1,812,10893,71,100,1,0,0
1208,27,22,1536,0,203,12,4,5,1,3,-52,0,490,6372,63,100,2,0,0
1211,2,4,768,0,241,14,3,5,1,1,-95,0,730,7322,72,100,1,0,0
1212,3,1,512,0,242,23,14,7,1,1,-76,2,1306,11445,80,100,1,0,0
1212,5,1,512,0,233,24,5,7,2,1,-76,10,1906,12301,80,100,1,0,0
1209,28,22,1536,10,242,11,3,7,1,2,-70,1,412,9127,73,100,0,0,0
1209,31,26,1536,0,198,11,5,5,1,2,-52,0,714,5784,61,100,1,0,0
1212,9,4,768,0,240,15,15,7,1,1,-52,0,285,7186,77,100,1,0,0
1210,16,10,1024,0,186,12,8,7,1,1,-70,4,1851,15444,64,100,2,0,0
1210,23,18,1280,0,239,12,15,7,1,3,-52,1,394,5239,65,100,1,0,0
1211,26,16,1280,0,201,12,5,7,1,4,-95,2,1164,11508,63,100,1,0,0
1212,18,8,1024,10,232,12,32,7,1,1,-95,10,2215,15837,75,100,1,0,0
1210,30,26,1536,10,13,3,4,6,1,2,-70,0,506,8006,10,100,3,0,0
1214,6,5,768,10,209,17,5,5,1,2,-52,0,391,5618,66,100,1,0,0
1214,11,5,768,0,235,18,2,7,1,1,-70,0,369,6868,74,100,1,0,0
1215,4,1,512,10,234,23,9,7,2,1,-61,10,3820,23160,80,100,1,0,0
1214,17,18,1280,0,232,9,8,7,1,1,-52,0,620,7757,62,100,2,0,0
1215,21,15,1280,0,207,10,10,7,1,3,-70,0,703,8259,50,100,2,0,0
1215,15,10,1024,10,137,8,16,7,1,1,-52,1,671,7771,26,100,1,0,0
1216,23,18,1280,0,242,12,15,7,1,3,-52,1,1057,7569,66,100,3,0,0
1215,20,16,1280,10,244,10,14,7,1,3,-70,0,432,8447,56,100,2,0,0
1216,8,4,768,0,240,16,22,7,1,2,-70,10,3384,20974,76,100,2,0,0
1216,25,19,1536,0,238,16,6,7,1,4,-70,0,985,10690,69,100,3,0,0
1216,26,16,1280,10,203,12,5,7,1,4,-95,2,799,7868,63,100,1,0,0
1217,7,3,768,10,254,16,3,7,1,2,-70,1,938,12864,72,100,1,0,0
1219,5,1,512,10,236,24,5,7,2,1,-76,10,3300,19271,81,100,1,0,0
1218,10,5,768,0,245,16,8,7,1,2,-52,8,2966,17663,66,100,2,0,0
1219,1,0,256,0,42,0,0,3,0,0,0,10,2389,23630,1783,100,1,0,0
1219,3,1,512,10,243,23,14,7,1,1,-76,2,868,10490,80,100,2,0,0
1217,22,18,1280,10,215,8,5,7,1,1,-70,2,2241,22774,64,100,2,0,0
1217,13,7,1024,0,227,11,8,7,1,1,-70,0,579,7867,51,100,1,0,0
1218,19,18,1280,10,260,13,14,7,1,3,-52,1,1419,15880,72,100,4,0,0
1219,16,10,1024,20,189,12,8,7,1,1,-70,4,1692,15104,64,100,1,0,0
1218,31,26,1536,0,201,11,5,5,1,2,-52,0,1021,9086,62,100,4,0,0
1219,18,8,1024,0,234,12,32,7,1,1,-95,10,2352,19583,75,100,1,0,0
1220,2,4,768,10,243,14,3,5,1,1,-95,0,521,10070,72,100,1,0,0
1219,12,8,1024,0,264,12,5,7,1,1,-70,0,938,11519,66,100,2,0,0
1219,28,22,1536,10,247,11,3,7,1,2,-70,1,983,22114,73,100,4,0,0
1221,4,1,512,0,236,23,9,7,2,1,-61,10,3412,19239,81,100,2,0,0
1221,14,10,1024,0,29,4,1,7,1,1,-70,0,485,9828,18,100,2,0,0
1219,27,22,1536,0,208,12,4,5,1,3,-52,0,1097,11781,64,100,4,0,0
1219,30,26,1536,0,14,3,4,7,1,2,-70,0,587,8637,11,100,3,0,0
1221,9,4,768,0,246,15,15,7,1,1,-52,0,1155,12207,78,100,2,0,0
1222,11,5,768,0,240,18,2,7,1,1,-70,0,736,9776,74,100,1,0,0
1222,17,18,1280,0,235,9,8,7,1,1,-52,0,686,8023,63,100,1,0,0
1223,23,18,1280,0,243,12,15,7,1,3,-52,1,604,6786,66,100,2,0,0
1226,5,1,512,10,241,24,5,7,2,1,-76,10,2743,19279,81,100,2,0,0
1225,15,10,1024,0,140,8,16,7,1,1,-52,1,1254,13518,27,100,2,0,0
1227,6,5,768,0,212,17,5,5,1,2,-52,0,830,11393,67,100,2,0,0
1225,18,8,1024,10,234,12,32,7,1,1,-95,10,1863,18836,76,100,1,0,0
1227,3,1,512,0,245,23,14,7,1,1,-76,2,1034,12434,81,100,1,0,0
1224,22,18,1280,0,219,8,5,7,1,1,-70,2,1703,15020,64,100,2,0,0
1224,31,26,1536,0,201,11,5,5,1,2,-52,0,287,6342,62,100,1,0,0
1227,1,0,256,0,42,0,0,3,0,0,0,10,2064,22664,1795,100,2,0,0
1225,25,19,1536,0,241,16,6,7,1,4,-70,0,682,8780,70,100,2,0,0
1226,21,15,1280,10,211,10,10,7,1,3,-70,0,809,10651,51,100,2,0,0
1228,4,1,512,0,237,23,9,7,2,1,-61,10,2461,16731,81,100,1,0,0
1226,20,16,1280,0,246,10,14,7,1,3,-70,0,810,9852,57,100,2,0,0
1225,27,22,1536,0,209,12,4,5,1,3,-52,0,451,6101,65,100,1,0,0
1228,7,3,768,10,255,16,3,7,1,2,-70,1,970,15338,73,100,2,0,0
1227,26,16,1280,20,207,12,5,7,1,4,-95,2,1780,16880,64,100,2,0,0
1227,13,7,1024,0,229,11,8,7,1,1,-70,0,644,9136,51,100,2,0,0
1229,8,4,768,20,243,16,22,7,1,2,-70,10,4245,27800,76,100,2,0,0
1229,16,10,1024,0,191,12,8,7,1,1,-70,4,2312,17266,65,100,2,0,0
1229,2,4,768,0,247,14,3,5,1,1,-95,0,942,11964,73,100,2,0,0
1226,30,26,1536,0,14,3,4,7,1,2,-70,0,405,6697,11,100,2,0,0
1227,17,18,1280,0,238,9,8,7,1,1,-52,0,606,5221,63,100,1,0,0
1229,11,5,768,0,240,18,2,7,1,1,-70,0,392,8838,75,100,1,0,0
1230,10,5,768,10,247,16,8,7,1,2,-52,8,3561,25768,67,100,2,0,0
1228,28,22,1536,0,250,11,3,7,1,2,-70,1,934,20935,74,100,2,0,0
1229,22,18,1280,0,220,8,5,7,1,1,-70,2,931,8677,64,100,1,0,0
1230,19,18,1280,0,262,13,15,7,1,3,-52,1,1228,17416,73,100,3,0,0
1230,20,16,1280,0,246,10,14,7,1,3,-70,0,166,3723,57,100,0,0,0
1230,18,8,1024,20,235,12,32,7,1,1,-95,10,1958,15289,76,100,0,0,0
1231,21,15,1280,0,213,10,10,7,1,3,-70,0,559,4928,52,100,1,0,0
1230,12,8,1024,0,268,12,5,7,1,1,-70,0,999,10814,67,100,3,0,0
1231,14,10,1024,10,29,4,1,7,1,1,-70,0,485,9545,19,100,2,0,0
1231,13,7,1024,0,229,11,8,7,1,1,-70,0,317,4140,52,100,1,0,0
1232,4,1,512,10,237,23,9,7,2,1,-61,10,2509,14651,82,100,1,0,0
1232,9,4,768,0,250,15,15,7,1,1,-52,0,961,14439,79,100,3,0,0
1233,5,1,512,0,242,24,5,7,2,1,-76,10,3382,20356,82,100,1,0,0
1233,8,4,768,20,245,16,22,7,1,2,-70,10,1876,10732,77,100,1,0,0
1232,15,10,1024,0,144,8,16,7,1,1,-52,1,1376,10754,28,100,1,0,0
1235,6,5,768,0,213,17,5,5,1,2,-52,0,568,7275,68,100,2,0,0
1231,25,19,1536,0,244,16,7,7,1,4,-70,0,726,5625,70,100,4,0,0
1234,16,10,1024,0,193,12,8,7,1,1,-70,4,1075,8834,65,100,1,0,0
1232,23,18,1280,0,248,12,15,7,1,3,-52,1,1004,9943,67,100,2,0,0
1235,10,5,768,20,248,16,8,7,1,2,-52,8,1823,11910,67,100,1,0,0
1235,3,1,512,0,249,23,14,7,1,1,-76,2,1519,14236,81,100,2,0,0
1231,30,26,1536,0,15,3,4,7,1,2,-70,0,417,4678,12,100,2,0,0
1232,31,26,1536,0,203,11,5,5,1,2,-52,0,574,7614,63,100,2,0,0
1235,2,4,768,10,250,14,3,5,1,1,-95,0,605,7594,74,100,1,0,0
1234,22,18,1280,10,222,8,5,7,1,1,-70,2,603,9609,65,100,0,0,0
1235,12,8,1024,0,269,12,5,7,1,1,-70,0,369,4896,67,100,1,0,0
1237,15,10,1024,10,145,8,16,7,1,1,-52,1,506,5388,28,100,2,0,0
1236,28,22,1536,0,254,11,3,7,1,2,-70,1,1061,17808,75,100,2,0,0
1237,17,18,1280,0,240,9,8,7,1,1,-52,0,700,9289,64,100,2,0,0
1238,1,0,256,0,42,0,0,3,0,0,0,10,3201,31708,1820,100,1,0,0
1238,11,5,768,0,242,18,2,7,1,1,-70,0,619,10330,75,100,2,0,0
1236,27,22,1536,0,212,12,4,5,1,3,-52,0,746,10083,65,100,3,0,0
1239,7,3,768,0,257,16,3,7,1,2,-70,1,1348,16785,74,100,2,0,0
1238,26,16,1280,0,212,12,5,7,1,4,-95,2,2080,18130,65,100,3,0,0
1238,19,18,1280,10,265,13,15,7,1,3,-52,1,1168,12903,73,100,3,0,0
1237,31,26,1536,0,206,11,5,5,1,2,-52,0,601,4779,63,100,2,0,0
1238,25,19,1536,0,246,16,7,7,1,4,-70,0,556,6547,71,100,1,0,0
1238,13,7,1024,0,231,11,8,7,1,1,-70,0,523,7259,52,100,1,0,0
1238,30,26,1536,0,15,3,4,7,1,2,-70,0,284,5016,12,100,1,0,0
1240,21,15,1280,0,218,10,10,7,1,3,-70,0,840,8681,52,100,2,0,0
1240,5,1,512,0,245,24,5,7,2,1,-76,10,3415,21191,82,100,1,0,0
1242,6,5,768,0,214,17,5,5,1,2,-52,0,414,6543,68,100,1,0,0
1238,23,18,1280,0,251,12,15,7,1,3,-52,1,687,5681,67,100,2,0,0
1240,14,10,1024,0,29,4,1,7,1,1,-70,0,430,8310,19,100,2,0,0
1241,2,4,768,0,252,14,3,5,1,1,-95,0,582,7280,74,100,1,0,0
1239,20,16,1280,0,249,10,14,7,1,3,-70,0,797,9234,58,100,4,0,0
1241,9,4,768,0,256,15,15,7,1,1,-52,0,1036,10584,79,100,4,0,0
1242,8,4,768,0,246,16,22,7,1,2,-70,10,2956,19495,77,100,1,0,0
1241,18,8,1024,0,237,12,32,7,1,1,-95,10,3979,34509,77,100,3,0,0
1242,4,1,512,10,239,23,9,7,2,1,-61,10,4957,29356,82,100,2,0,0
1242,16,10,1024,0,196,12,8,7,1,1,-70,4,2285,16388,66,100,1,0,0
1243,15,10,1024,10,150,8,16,7,1,1,-52,1,1111,8331,28,100,2,0,0
1244,3,1,512,0,250,23,14,7,1,1,-76,2,1190,15286,82,100,1,0,0
1242,27,22,1536,0,212,12,4,5,1,3,-52,0,343,5396,66,100,1,0,0
1244,10,5,768,20,250,16,8,7,1,2,-52,8,3162,20930,68,100,1,0,0
1242,12,8,1024,10,271,12,5,7,1,1,-70,0,472,6699,68,100,1,0,0
1242,30,26,1536,0,16,3,4,7,1,2,-70,0,361,4245,12,100,2,0,0
1243,17,18,1280,0,243,9,8,7,1,1,-52,0,606,6436,64,100,1,0,0
1244,13,7,1024,0,232,11,8,7,1,1,-70,0,392,5652,52,100,1,0,0
1243,23,18,1280,10,251,12,15,7,1,3,-52,1,375,5023,68,100,1,0,0
1245,14,10,1024,0,30,4,1,7,1,1,-70,0,637,5061,20,100,1,0,0
1243,28,22,1536,0,256,11,3,7,1,2,-70,1,554,16846,75,100,1,0,0
1245,25,19,1536,0,247,16,8,7,1,4,-70,0,445,6843,71,100,2,0,0
1247,8,4,768,20,249,16,22,7,1,2,-70,10,2273,13795,78,100,1,0,0
1247,26,16,1280,0,216,12,5,7,1,4,-95,2,1656,13920,65,100,4,0,0
1245,18,8,1024,20,238,12,32,7,1,1,-95,10,1515,12530,77,100,0,0,0
1246,19,18,1280,0,266,13,16,7,1,3,-52,1,919,11856,74,100,3,0,0
1247,7,3,768,0,260,16,3,7,1,2,-70,1,1346,15807,74,100,2,0,0
1248,11,5,768,0,245,18,2,7,1,1,-70,0,835,12452,76,100,2,0,0
1249,6,5,768,0,217,17,5,5,1,2,-52,0,781,7766,69,100,2,0,0
1247,22,18,1280,0,224,8,5,7,1,1,-70,2,2039,22480,65,100,2,0,0
1249,2,4,768,0,257,14,3,5,1,1,-95,0,842,9931,74,100,1,0,0
1249,10,5,768,0,251,16,8,7,1,2,-52,8,1615,11560,68,100,1,0,0
1249,5,1,512,0,245,24,5,7,2,1,-76,10,3601,24264,83,100,2,0,0
1248,31,26,1536,0,210,11,5,5,1,2,-52,0,909,10385,64,100,3,0,0
1250,1,0,256,0,42,0,0,3,0,0,0,10,3162,32464,1839,100,3,0,0
1246,27,22,1536,0,213,12,4,5,1,3,-52,0,272,4018,66,100,0,0,0
1248,12,8,1024,0,272,12,5,7,1,1,-70,0,500,5461,68,100,1,0,0
1248,17,18,1280,0,246,9,8,7,1,1,-52,0,632,5257,65,100,2,0,0
1250,15,10,1024,10,156,8,16,7,1,1,-52,1,1102,9898,29,100,2,0,0
1249,21,15,1280,0,222,10,10,7,1,3,-70,0,904,10131,53,100,4,0,0
1250,3,1,512,20,252,23,14,7,1,1,-76,2,1032,11259,83,100,1,0,0
1251,9,4,768,0,260,15,15,7,1,1,-52,0,937,12977,80,100,3,0,0
1250,13,7,1024,0,234,11,8,7,1,1,-70,0,555,6355,53,100,1,0,0
1252,11,5,768,0,245,18,2,7,1,1,-70,0,331,4993,76,100,1,0,0
1252,25,19,1536,0,250,16,8,7,1,4,-70,0,663,7965,72,100,1,0,0
1252,7,3,768,0,261,16,3,7,1,2,-70,1,633,7225,74,100,1,0,0
1252,19,18,1280,0,270,13,16,7,1,3,-52,1,1147,11031,74,100,3,0,0
1252,30,26,1536,10,18,3,4,7,1,2,-70,0,1123,8637,13,100,3,0,0
1251,20,16,1280,0,253,10,14,7,1,3,-70,0,934,12573,59,100,3,0,0
1254,14,10,1024,0,31,4,1,7,1,1,-70,0,433,8508,20,100,2,0,0
1255,6,5,768,0,219,17,5,5,1,2,-52,0,446,5379,69,100,0,0,0
1254,4,1,512,20,240,23,9,7,2,1,-61,10,5481,34300,83,100,2,0,0
1254,26,16,1280,0,218,12,5,7,1,4,-95,2,1259,12359,66,100,2,0,0
1252,28,22,1536,0,258,11,3,7,1,2,-70,1,678,20580,76,100,2,0,0
1254,8,4,768,0,250,16,22,7,1,2,-70,10,2779,17166,78,100,2,0,0
1254,22,18,1280,0,226,8,5,7,1,1,-70,2,1417,14016,66,100,2,0,0
1255,10,5,768,20,253,16,8,7,1,2,-52,8,2367,14253,69,100,1,0,0
1256,1,0,256,0,42,0,0,3,0,0,0,10,1594,16098,1850,100,1,0,0
1254,16,10,1024,0,199,12,8,7,1,1,-70,4,2561,20999,67,100,3,0,0
1254,23,18,1280,0,254,12,15,7,1,3,-52,1,870,10552,68,100,3,0,0
1255,31,26,1536,0,213,11,5,5,1,2,-52,0,602,6208,64,100,2,0,0
1257,3,1,512,0,253,23,14,7,1,1,-76,2,1191,9583,83,100,1,0,0
1255,18,8,1024,0,242,12,32,7,1,1,-95,10,3689,30268,78,100,2,0,0
1255,21,15,1280,0,225,10,10,7,1,3,-70,0,603,5956,53,100,2,0,0
1255,12,8,1024,0,275,12,5,7,1,1,-70,0,829,7368,69,100,2,0,0
1225,29,23,1664,50,2,2,5,7,0,1,-70,0,779,6635,1,100,7,0,0
1257,19,18,1280,0,273,13,16,7,1,3,-52,1,696,8163,74,100,1,0,0
1258,9,4,768,0,262,15,15,7,1,1,-52,0,523,8632,80,100,1,0,0
1258,15,10,1024,0,157,8,16,7,1,1,-52,1,1097,10192,29,100,3,0,0
1258,7,3,768,0,263,16,3,7,1,2,-70,1,693,8558,75,100,1,0,0
1260,5,1,512,10,247,24,5,7,2,1,-76,10,4143,26536,83,100,2,0,0
1257,27,22,1536,10,215,12,4,5,1,3,-52,0,701,10176,67,100,2,0,0
1259,2,4,768,0,262,14,3,5,1,1,-95,0,1195,12947,75,100,3,0,0
1260,14,10,1024,0,31,4,1,7,1,1,-70,0,340,5839,21,100,1,0,0
1234,29,23,1664,70,4,2,5,7,0,1,-70,0,1119,8507,2,100,7,0,0
1259,20,16,1280,0,255,10,14,7,1,3,-70,0,593,6960,59,100,3,0,0
1259,13,7,1024,0,236,11,8,7,1,1,-70,0,620,8476,53,100,2,0,0
1258,22,18,1280,0,227,8,5,7,1,1,-70,2,788,8825,66,100,1,0,0
1261,3,1,512,0,254,23,14,7,1,1,-76,2,729,6839,83,100,1,0,0
1260,11,5,768,0,248,18,2,7,1,1,-70,0,707,10010,77,100,2,0,0
1260,31,26,1536,0,213,11,5,5,1,2,-52,0,342,5370,65,100,1,0,0
1261,8,4,768,0,250,16,22,7,1,2,-70,10,2590,16378,79,100,1,0,0
1238,29,23,1664,60,5,2,5,7,0,1,-70,0,615,5566,2,100,3,0,0
1261,30,26,1536,0,19,3,4,7,1,2,-70,0,435,8599,13,100,2,0,0
1262,4,1,512,0,242,23,9,7,2,1,-61,10,4233,23110,84,100,1,0,0
1259,23,18,1280,20,256,12,15,7,1,3,-52,1,1271,8617,69,100,2,0,0
1262,10,5,768,10,255,16,8,7,1,2,-52,8,2432,16576,69,100,1,0,0
1263,1,0,256,0,42,0,0,3,0,0,0,10,2013,20406,1863,100,1,0,0
1261,12,8,1024,0,276,12,5,7,1,1,-70,0,392,5335,69,100,1,0,0
1263,26,16,1280,0,218,12,5,7,1,4,-95,2,1214,12857,66,100,2,0,0
1248,29,23,1664,70,6,2,5,7,0,1,-70,0,777,8932,3,100,5,0,0
1256,29,23,1638,60,8,2,5,7,1,1,-70,0,1160,8911,3,100,5,0,0
1260,17,18,1280,0,248,9,8,7,1,1,-52,0,668,10953,65,100,2,0,0
1260,25,19,1536,0,253,16,8,7,1,4,-70,0,746,8555,72,100,3,0,0
1264,15,10,1024,0,160,8,16,7,1,1,-52,1,954,8971,30,100,1,0,0
1265,7,3,768,0,264,16,3,7,1,2,-70,1,776,10001,75,100,1,0,0
1263,18,8,1024,70,247,12,32,7,1,1,-95,10,3852,27242,78,100,2,0,0
1267,6,5,768,0,221,17,5,5,1,2,-52,0,819,11155,70,100,3,0,0
1265,21,15,1280,0,228,10,10,7,1,3,-70,0,810,9068,54,100,2,0,0
1264,20,16,1280,0,255,10,14,7,1,3,-70,0,287,5019,59,100,1,0,0
1261,27,22,1536,10,215,12,4,5,1,3,-52,0,264,3632,67,100,1,0,0
1266,16,10,1024,0,201,12,8,7,1,1,-70,4,2204,19353,67,100,2,0,0
1267,1,0,256,0,42,0,0,3,0,0,0,10,1327,12545,1873,100,1,0,0
1264,19,18,1280,0,273,13,16,7,1,3,-52,1,638,10214,75,100,1,0,0
1268,9,4,768,0,266,15,15,7,1,1,-52,0,814,11850,81,100,2,0,0
1268,8,4,768,20,252,16,22,7,1,2,-70,10,3008,17742,79,100,1,0,0
1264,29,23,1536,0,9,2,5,7,1,1,-70,0,1412,8467,4,100,4,0,0
1269,14,10,1024,0,31,4,1,7,1,1,-70,0,405,7866,21,100,2,0,0
1265,22,18,1280,10,228,8,5,7,1,1,-70,2,900,13068,67,100,1,0,0
1269,31,26,1536,0,216,11,5,5,1,2,-52,0,728,8349,65,100,2,0,0
1270,3,1,512,0,257,23,14,7,1,1,-76,2,1401,15053,84,100,2,0,0
1270,4,1,512,10,243,23,9,7,2,1,-61,10,3767,22076,84,100,2,0,0
1266,23,18,1280,10,262,12,15,7,1,3,-52,1,1567,11190,69,100,2,0,0
1270,5,1,512,0,249,24,5,7,1,1,-76,10,4424,28876,84,100,3,0,0
1268,17,18,1280,10,252,9,8,7,1,1,-52,0,883,8320,66,100,1,0,0
1270,2,4,768,10,262,14,3,5,1,1,-95,0,514,12364,76,100,2,0,0
1269,15,10,1024,0,162,8,16,7,1,1,-52,1,705,6899,30,100,2,0,0
1268,28,22,1536,0,262,11,3,7,1,2,-70,1,1006,23908,77,100,3,0,0
1270,30,26,1536,0,19,3,4,7,1,2,-70,0,461,7969,14,100,2,0,0
1271,13,7,1024,0,240,11,9,7,1,1,-70,0,1170,11111,54,100,4,0,0
1269,25,19,1536,0,256,16,8,7,1,4,-70,0,784,9268,73,100,2,0,0
1270,11,5,768,0,250,18,2,7,1,1,-70,0,644,11621,77,100,2,0,0
1270,16,10,1024,10,203,12,8,7,1,1,-70,4,918,7702,68,100,0,0,0
1272,1,0,256,0,42,0,0,3,0,0,0,10,1323,12029,1882,100,1,0,0
1271,21,15,1280,0,229,10,10,7,1,3,-70,0,388,5142,54,100,2,0,0
1271,12,8,1024,0,278,12,5,7,1,1,-70,0,766,10020,70,100,2,0,0
1271,10,5,768,0,258,16,8,7,1,2,-52,8,3508,21946,70,100,2,0,0
1272,18,8,1024,0,251,12,33,7,2,1,-95,10,4081,29776,79,100,3,0,0
1274,3,1,512,0,259,23,14,7,1,1,-76,2,715,6970,84,100,1,0,0
1273,26,16,1280,0,223,12,5,7,1,4,-95,2,1983,19407,67,100,3,0,0
1272,27,22,1536,0,220,12,4,5,1,3,-52,0,1041,11836,68,100,3,0,0
1275,4,1,512,10,245,23,9,7,2,1,-61,10,2941,16864,85,100,1,0,0
1274,31,26,1536,10,218,11,5,5,1,2,-52,0,526,4731,66,100,2,0,0
1273,20,16,1280,0,258,10,14,7,1,3,-70,0,767,9200,60,100,2,0,0
1275,23,18,1280,0,264,13,15,7,1,3,-52,1,1002,11378,70,100,3,0,0
1276,7,3,768,0,266,16,3,7,1,2,-70,1,1159,17199,76,100,2,0,0
1275,21,15,1280,0,233,10,10,7,1,3,-70,0,685,5644,54,100,2,0,0
1275,19,18,1280,0,280,14,17,7,1,3,-52,1,1937,19561,76,100,4,0,0
1277,9,4,768,0,270,15,15,7,1,1,-52,0,852,11429,81,100,3,0,0
1277,14,10,1024,0,32,4,1,7,1,1,-70,0,562,7957,22,100,3,0,0
1277,8,4,768,30,252,16,22,7,1,2,-70,10,3735,24223,80,100,2,0,0
1277,16,10,1024,0,204,12,8,7,1,1,-70,4,1479,12470,68,100,2,0,0
1278,6,5,768,10,225,17,5,5,1,2,-52,0,830,11267,71,100,2,0,0
1275,17,18,1280,10,256,9,8,7,1,1,-52,0,812,7698,67,100,2,0,0
1278,2,4,768,0,263,14,3,5,1,1,-95,0,607,9949,76,100,2,0,0
1276,29,23,1536,0,11,2,5,7,1,1,-70,0,918,10607,4,100,6,0,0
1279,13,7,1024,0,243,11,9,7,1,1,-70,0,682,7585,55,100,2,0,0
1277,15,10,1024,0,166,8,16,7,1,1,-52,1,1359,11282,30,100,2,0,0
1275,28,22,1536,10,266,11,3,7,1,2,-70,1,661,16036,77,100,1,0,0
1278,30,26,1536,0,20,3,4,7,1,2,-70,0,489,8237,15,100,2,0,0
1280,5,1,512,10,252,24,5,7,1,1,-76,10,4424,28396,85,100,2,0,0
1278,11,5,768,0,252,18,2,7,1,1,-70,0,607,10645,78,100,1,0,0
1277,22,18,1280,0,231,9,5,7,1,1,-70,2,2460,24141,68,100,2,0,0
1280,10,5,768,0,259,16,8,7,1,2,-52,8,2571,18414,70,100,1,0,0
1278,25,19,1536,0,259,16,8,7,1,4,-70,0,625,8107,73,100,2,0,0
1281,1,0,256,0,42,0,0,3,0,0,0,10,2496,23837,1901,100,1,0,0
1281,9,4,768,0,272,15,15,7,1,1,-52,0,553,5580,82,100,2,0,0
1281,26,16,1280,0,225,12,5,7,1,4,-95,2,1098,10338,67,100,1,0,0
1282,8,4,768,20,254,16,22,7,1,2,-70,10,1860,12861,80,100,1,0,0
1282,4,1,512,10,245,23,9,7,2,1,-61,10,3599,21185,85,100,1,0,0
1280,29,23,1536,0,12,3,5,7,1,1,-70,0,497,4537,5,100,2,0,0
1281,21,15,1280,10,236,10,10,7,1,3,-70,0,551,5640,55,100,2,0,0
1282,31,26,1536,10,219,11,5,5,1,2,-52,0,418,7440,66,100,1,0,0
1283,12,8,1024,0,280,12,5,7,1,1,-70,0,669,10072,70,100,2,0,0
1282,20,16,1280,0,262,10,14,7,1,3,-70,0,1029,8785,61,100,4,0,0
1284,18,8,1024,0,253,12,33,7,2,1,-95,10,4114,34614,79,100,3,0,0
1284,3,1,512,0,261,23,14,7,1,1,-76,2,1612,18185,85,100,2,0,0
1285,2,4,768,0,265,14,3,5,1,1,-95,0,581,8606,77,100,1,0,0
1285,14,10,1024,0,33,4,1,7,1,1,-70,0,409,8012,22,100,2,0,0
1284,27,22,1536,10,221,12,4,5,1,3,-52,0,564,9886,69,100,2,0,0
1285,10,5,768,0,259,16,8,7,1,2,-52,8,1830,12580,71,100,1,0,0
1286,1,0,256,0,42,0,0,3,0,0,0,10,1195,11060,1910,100,0,0,0
1284,17,18,1280,0,259,10,8,7,1,1,-52,0,858,8696,67,100,3,0,0
1285,11,5,768,10,255,18,2,7,1,1,-70,0,727,8096,78,100,2,0,0
1284,19,18,1280,0,282,14,17,7,1,3,-52,1,1125,14133,76,100,2,0,0
1287,7,3,768,10,269,16,3,7,1,2,-70,1,1278,15642,77,100,2,0,0
1285,22,18,1280,0,232,9,5,7,1,1,-70,2,1124,15175,68,100,1,0,0
1287,6,5,768,0,228,17,5,5,1,2,-52,0,737,8483,71,100,1,0,0
1286,13,7,1024,0,246,11,9,7,1,1,-70,0,600,7338,55,100,2,0,0
1286,23,18,1280,0,268,13,15,7,1,3,-52,1,1524,14518,70,100,3,0,0
1286,31,26,1536,0,219,11,5,5,1,2,-52,0,287,3904,66,100,1,0,0
1286,15,10,1024,0,170,8,16,7,1,1,-52,1,1239,11693,31,100,3,0,0
1287,16,10,1024,20,205,12,8,7,1,1,-70,4,2045,16775,69,100,2,0,0
1286,26,16,1280,0,225,12,5,7,1,4,-95,2,821,10587,68,100,1,0,0
1287,12,8,1024,0,281,12,5,7,1,1,-70,0,328,4760,71,100,0,0,0
1288,4,1,512,0,247,23,9,7,2,1,-61,10,3109,18057,85,100,1,0,0
1288,30,26,1536,0,20,3,4,7,1,2,-70,0,429,9363,15,100,2,0,0
1288,9,4,768,0,275,15,15,7,1,1,-52,0,629,9132,82,100,1,0,0
1288,29,23,1536,0,12,3,5,7,1,1,-70,0,501,7004,5,100,3,0,0
1287,28,22,1536,10,268,11,3,7,1,2,-70,1,838,25464,78,100,2,0,0
1288,17,18,1280,0,259,10,8,7,1,1,-52,0,262,3758,67,100,1,0,0
1289,27,22,1536,0,222,12,4,5,1,3,-52,0,426,4801,69,100,1,0,0
1290,13,7,1024,0,248,11,9,7,1,1,-70,0,499,4435,55,100,1,0,0
1290,25,19,1536,0,263,16,8,7,1,4,-70,0,933,11613,74,100,3,0,0
1290,5,1,512,10,255,24,5,7,1,1,-76,10,4475,29752,86,100,2,0,0
1290,21,15,1280,10,239,10,10,7,1,3,-70,0,740,8434,55,100,1,0,0
1291,18,8,1024,0,254,12,33,7,2,1,-95,10,3108,23706,80,100,1,0,0
1290,11,5,768,0,256,18,2,7,1,1,-70,0,452,6548,79,100,1,0,0
1291,31,26,1536,0,220,11,5,5,1,2,-52,0,425,5159,67,100,1,0,0
1292,3,1,512,0,263,23,14,7,1,1,-76,2,1288,13774,85,100,1,0,0
1293,4,1,512,0,247,23,9,7,2,1,-61,10,2066,12643,86,100,1,0,0
1292,14,10,1024,0,33,4,1,7,1,1,-70,0,364,6574,23,100,1,0,0
1294,8,4,768,10,256,16,22,7,1,2,-70,10,4573,31653,81,100,2,0,0
1293,22,18,1280,10,235,9,5,7,1,1,-70,2,1325,13826,69,100,2,0,0
1295,6,5,768,0,229,17,5,5,1,2,-52,0,567,7514,72,100,2,0,0
1295,2,4,768,0,267,14,3,5,1,1,-95,0,642,11538,77,100,2,0,0
1294,20,16,1280,0,266,10,14,7,1,3,-70,0,778,10857,61,100,2,0,0
1294,26,16,1280,0,225,12,5,7,1,4,-95,2,1152,12942,68,100,2,0,0
1295,19,18,1280,10,285,14,17,7,1,3,-52,1,1199,16684,77,100,2,0,0
1297,1,0,256,0,42,0,0,3,0,0,0,10,3167,28350,1934,100,3,0,0
1294,29,23,1536,10,12,3,5,7,1,1,-70,0,460,6888,6,100,2,0,0
1296,12,8,1024,0,284,12,5,7,1,1,-70,0,727,8388,71,100,2,0,0
1296,30,26,1536,0,21,3,4,7,1,2,-70,0,562,7536,16,100,3,0,0
1297,3,1,512,0,263,23,14,7,1,1,-76,2,449,6642,86,100,1,0,0
1296,28,22,1536,0,270,11,3,7,1,2,-70,1,703,20007,79,100,2,0,0
1298,9,4,768,0,277,15,15,7,1,1,-52,0,697,10645,83,100,3,0,0
1297,10,5,768,0,260,16,8,7,1,2,-52,8,3439,25481,72,100,2,0,0
1296,27,22,1536,0,224,12,4,5,1,3,-52,0,524,7694,69,100,1,0,0
1297,7,3,768,0,272,16,3,7,1,2,-70,1,1473,17586,77,100,2,0,0
1296,17,18,1280,10,262,10,8,7,1,1,-52,0,604,8408,68,100,1,0,0
1297,21,15,1280,0,243,10,10,7,1,3,-70,0,796,7687,56,100,1,0,0
1297,23,18,1280,0,270,13,15,7,1,3,-52,1,1262,14309,71,100,3,0,0
1298,22,18,1280,0,237,9,5,7,1,1,-70,2,1297,11014,69,100,1,0,0
1298,15,10,1024,0,175,8,16,7,1,1,-52,1,1815,15854,32,100,3,0,0
1297,25,19,1536,0,264,16,8,7,1,4,-70,0,565,7888,75,100,3,0,0
1298,16,10,1024,10,206,12,8,7,1,1,-70,4,2245,19380,70,100,2,0,0
1300,13,7,1024,0,250,11,9,7,1,1,-70,0,670,8896,56,100,3,0,0
1300,14,10,1024,0,35,4,1,7,1,1,-70,0,720,7769,23,100,3,0,0
1301,18,8,1024,0,255,12,33,7,2,1,-95,10,3253,28238,80,100,2,0,0
1302,5,1,512,20,258,24,5,7,1,1,-76,10,4330,28974,86,100,2,0,0
1302,8,4,768,0,256,16,22,7,1,2,-70,10,2796,20781,81,100,1,0,0
1301,10,5,768,10,262,16,8,7,1,2,-52,8,1439,9278,72,100,0,0,0
1302,4,1,512,0,248,23,9,7,2,1,-61,10,4262,25679,86,100,2,0,0
1300,31,26,1536,10,222,11,5,5,1,2,-52,0,542,8460,67,100,2,0,0
1301,17,18,1280,0,265,10,8,7,1,1,-52,0,685,5019,68,100,2,0,0
1301,11,5,768,0,259,18,2,7,1,1,-70,0,830,13180,80,100,2,0,0
1302,28,22,1536,0,272,11,3,7,1,2,-70,1,599,13805,79,100,1,0,0
1304,9,4,768,0,279,15,15,7,1,1,-52,0,499,7474,83,100,1,0,0
1301,26,16,1280,0,226,12,5,7,1,4,-95,2,955,10189,69,100,1,0,0
1304,3,1,512,0,265,23,14,7,1,1,-76,2,1194,11487,86,100,1,0,0
1303,6,5,768,0,231,17,5,5,1,2,-52,0,545,8004,72,100,1,0,0
1302,30,26,1536,0,21,3,4,7,1,2,-70,0,284,5762,16,100,1,0,0
1303,12,8,1024,0,286,12,5,7,1,1,-70,0,579,7449,72,100,1,0,0
1302,15,10,1024,0,176,8,16,7,1,1,-52,1,483,5852,32,100,1,0,0
1305,7,3,768,0,276,16,3,7,1,2,-70,1,1115,13193,78,100,1,0,0
1306,1,0,256,0,42,0,0,3,0,0,0,10,2396,23167,1948,100,1,0,0
1304,20,16,1280,0,271,10,14,7,1,3,-70,0,1018,10198,62,100,3,0,0
1306,2,4,768,10,271,14,3,5,1,1,-95,0,942,14029,78,100,2,0,0
1306,23,18,1280,0,273,13,15,7,1,3,-52,1,993,11143,72,100,2,0,0
1306,27,22,1536,0,226,12,4,5,1,3,-52,0,767,8957,70,100,2,0,0
1306,19,18,1280,0,287,14,17,7,1,3,-52,1,1135,17380,78,100,2,0,0
1307,14,10,1024,0,35,4,1,7,1,1,-70,0,340,6085,24,100,1,0,0
1307,25,19,1536,0,267,16,8,7,1,4,-70,0,655,9068,75,100,1,0,0
1308,6,5,768,0,232,17,5,5,1,2,-52,0,423,4331,73,100,1,0,0
1308,9,4,768,0,279,15,15,7,1,1,-52,0,260,4803,83,100,1,0,0
1306,16,10,1024,0,208,12,8,7,1,1,-70,4,1782,15111,70,100,1,0,0
1307,29,23,1536,10,13,3,5,7,1,1,-70,0,724,10717,7,100,5,0,0
1306,21,15,1280,10,247,10,10,7,1,3,-70,0,886,8742,57,100,3,0,0
1306,28,22,1536,0,273,11,3,7,1,2,-70,1,370,9888,79,100,1,0,0
1307,15,10,1024,0,179,8,16,7,1,1,-52,1,872,6913,32,100,0,0,0
1308,22,18,1280,0,241,9,5,7,1,1,-70,2,1934,20680,70,100,2,0,0
1308,26,16,1280,0,229,12,5,7,1,4,-95,2,1195,12488,69,100,1,0,0
1309,11,5,768,0,261,18,2,7,1,1,-70,0,551,10107,80,100,1,0,0
1311,8,4,768,10,259,16,22,7,1,2,-70,10,3599,24542,82,100,2,0,0
1311,3,1,512,0,266,23,14,7,1,1,-76,2,743,10472,86,100,1,0,0
1310,23,18,1280,0,273,13,15,7,1,3,-52,1,470,5357,72,100,0,0,0
1310,31,26,1536,0,222,11,5,5,1,2,-52,0,488,9372,68,100,2,0,0
1310,7,3,768,0,276,16,3,7,1,2,-70,1,491,8004,78,100,1,0,0
1313,5,1,512,40,260,24,5,7,1,1,-76,10,4547,28392,87,100,2,0,0
1311,13,7,1024,0,252,11,9,7,1,1,-70,0,724,11077,57,100,2,0,0
1312,2,4,768,10,273,14,3,5,1,1,-95,0,583,7454,79,100,1,0,0
1310,30,26,1536,0,21,3,4,7,1,2,-70,0,490,7766,17,100,1,0,0
1312,18,8,1024,10,259,12,33,7,2,1,-95,10,4129,35168,81,100,2,0,0
1313,4,1,512,0,250,23,9,7,2,1,-61,10,5506,32332,87,100,2,0,0
1312,10,5,768,0,263,16,8,7,1,2,-52,8,3625,24225,73,100,2,0,0
1313,6,5,768,0,235,17,5,5,1,2,-52,0,580,5071,73,100,1,0,0
1312,17,18,1280,20,267,10,8,7,1,1,-52,0,618,10405,69,100,2,0,0
1313,22,18,1280,10,243,9,5,7,1,1,-70,2,673,8934,70,100,0,0,0
1314,16,10,1024,10,209,12,8,7,1,1,-70,4,1421,12625,71,100,2,0,0
1316,9,4,768,0,281,15,15,7,1,1,-52,0,606,9331,84,100,1,0,0
1316,1,0,256,0,42,0,0,3,0,0,0,10,2644,24684,1968,100,2,0,0
1313,26,16,1280,10,229,12,5,7,1,4,-95,2,809,7633,70,100,1,0,0
1314,12,8,1024,0,291,12,5,7,1,1,-70,0,1045,10864,73,100,2,0,0
1315,20,16,1280,0,275,10,15,7,1,3,-70,0,946,10659,63,100,3,0,0
1315,13,7,1024,0,254,11,9,7,1,1,-70,0,476,4737,57,100,1,0,0
1315,29,23,1536,0,13,3,5,7,1,1,-70,0,462,7305,7,100,2,0,0
1315,15,10,1024,0,181,8,16,7,1,1,-52,1,817,10611,33,100,2,0,0
1315,27,22,1536,0,230,12,4,5,1,3,-52,0,885,9040,71,100,3,0,0
1315,21,15,1280,0,249,10,10,7,1,3,-70,0,717,9207,57,100,2,0,0
1316,25,19,1536,10,270,16,8,7,1,4,-70,0,784,9154,76,100,2,0,0
1316,14,10,1024,0,35,4,1,7,1,1,-70,0,429,8789,24,100,2,0,0
1317,10,5,768,0,265,16,8,7,1,2,-52,8,1892,11895,73,100,2,0,0
1316,28,22,1536,0,274,11,3,7,1,2,-70,1,622,20435,80,100,2,0,0
1318,11,5,768,0,264,18,2,7,1,1,-70,0,811,10699,81,100,2,0,0
1317,18,8,1024,0,261,12,33,7,2,1,-95,10,2242,16881,82,100,1,0,0
1318,16,10,1024,0,209,12,8,7,1,1,-70,4,940,7918,71,100,0,0,0
1320,3,1,512,0,267,23,14,7,1,1,-76,2,1437,14866,87,100,2,0,0
1320,4,1,512,10,252,23,9,7,2,1,-61,10,2962,18891,88,100,1,0,0
1317,23,18,1280,0,273,13,15,7,1,3,-52,1,675,8953,73,100,2,0,0
1320,6,5,768,0,236,17,5,5,1,2,-52,0,414,6793,73,100,1,0,0
1317,19,18,1280,0,290,14,17,7,1,3,-52,1,1405,17413,78,100,2,0,0
1319,12,8,1024,0,293,12,5,7,1,1,-70,0,477,4624,73,100,1,0,0
1320,9,4,768,10,283,15,15,7,1,1,-52,0,474,6615,84,100,1,0,0
1320,31,26,1536,0,225,11,5,5,1,2,-52,0,784,8836,69,100,2,0,0
1319,17,18,1280,0,269,10,8,7,1,1,-52,0,609,6417,69,100,1,0,0
1321,2,4,768,0,274,14,3,5,1,1,-95,0,439,11001,79,100,1,0,0
1320,26,16,1280,0,230,12,5,7,1,4,-95,2,978,10412,70,100,1,0,0
1321,7,3,768,0,278,16,3,7,1,2,-70,1,1285,16440,79,100,2,0,0
1322,1,0,256,0,42,0,0,3,0,0,0,10,1702,15706,1977,100,1,0,0
1321,8,4,768,20,263,16,22,7,1,2,-70,10,4360,28690,83,100,2,0,0
1322,5,1,512,10,264,24,5,7,1,1,-76,10,4624,29334,88,100,2,0,0
1321,28,22,1536,0,275,11,3,7,1,2,-70,1,364,9362,80,100,2,0,0
1322,30,26,1536,20,21,3,4,7,1,2,-70,0,513,10001,18,100,2,0,0
1321,22,18,1280,10,246,9,5,7,1,1,-70,2,1729,16081,70,100,2,0,0
1321,27,22,1536,0,232,12,4,5,1,3,-52,0,500,6062,71,100,1,0,0
1323,10,5,768,0,269,16,8,7,1,2,-52,8,2128,13787,73,100,2,0,0
1322,25,19,1536,10,272,16,8,7,1,4,-70,0,501,5965,76,100,1,0,0
1323,20,16,1280,0,277,10,15,7,1,3,-70,0,520,7007,63,100,2,0,0
1324,16,10,1024,0,211,12,8,7,1,1,-70,4,1380,10516,71,100,1,0,0
1324,12,8,1024,0,294,12,5,7,1,1,-70,0,368,4201,73,100,1,0,0
1325,13,7,1024,0,257,11,9,7,1,1,-70,0,802,9183,58,100,3,0,0
1325,26,16,1280,0,231,12,5,7,1,4,-95,2,809,8593,70,100,1,0,0
1324,19,18,1280,0,292,14,17,7,1,3,-52,1,1003,11830,79,100,1,0,0
1325,23,18,1280,10,275,13,15,7,1,3,-52,1,752,10143,73,100,2,0,0
1325,15,10,1024,0,184,8,16,7,1,1,-52,1,1219,13119,34,100,3,0,0
1328,1,0,256,0,42,0,0,3,0,0,0,10,1628,15066,1992,100,1,0,0
1326,11,5,768,0,265,18,2,7,1,1,-70,0,416,9617,81,100,1,0,0
1325,29,23,1536,0,14,3,5,7,1,1,-70,0,1009,9573,8,100,3,0,0
1326,21,15,1280,0,250,10,10,7,1,3,-70,0,619,9978,58,100,2,0,0
1327,18,8,1024,0,262,12,33,7,2,1,-95,10,3467,29938,82,100,2,0,0
1328,6,5,768,0,238,17,5,5,1,2,-52,0,577,7745,74,100,1,0,0
1329,3,1,512,10,270,23,14,7,1,1,-76,2,1255,13993,88,100,2,0,0
1329,4,1,512,0,253,23,9,7,2,1,-61,10,4606,26770,88,100,1,0,0
1327,17,18,1280,0,272,10,8,7,1,1,-52,0,778,7843,70,100,3,0,0
1328,14,10,1024,0,36,4,1,7,1,1,-70,0,610,10575,25,100,3,0,0
1328,8,4,768,0,266,16,22,7,1,2,-70,10,3111,20708,83,100,1,0,0
1329,22,18,1280,0,247,9,5,7,1,1,-70,2,1120,13548,71,100,1,0,0
1328,30,26,1536,0,21,3,4,7,1,2,-70,0,463,6045,18,100,2,0,0
1328,20,16,1280,10,277,10,15,7,1,3,-70,0,319,5097,64,100,1,0,0
1329,12,8,1024,10,294,12,5,7,1,1,-70,0,285,5186,74,100,1,0,0
1330,9,4,768,0,288,15,15,7,1,1,-52,0,1043,12729,85,100,3,0,0
1327,31,26,1536,10,227,11,5,5,1,2,-52,0,524,8294,69,100,1,0,0
1329,27,22,1536,0,233,12,4,5,1,3,-52,0,473,7853,72,100,1,0,0
1329,16,10,1024,10,211,12,8,7,1,1,-70,4,1227,9872,72,100,1,0,0
1329,28,22,1536,10,279,11,3,7,1,2,-70,1,822,20015,81,100,1,0,0
1332,2,4,768,0,278,14,3,5,1,1,-95,0,941,12527,80,100,1,0,0
1330,10,5,768,10,270,16,8,7,1,2,-52,8,2769,17944,74,100,2,0,0
1332,5,1,512,30,268,24,5,7,1,1,-76,10,4280,26983,88,100,2,0,0
1332,7,3,768,0,282,16,3,7,1,2,-70,1,1303,17074,80,100,2,0,0
1331,15,10,1024,10,186,8,16,7,1,1,-52,1,745,7161,34,100,1,0,0
1331,6,5,768,0,239,17,5,5,1,2,-52,0,487,5240,74,100,2,0,0
1333,14,10,1024,0,36,4,1,7,1,1,-70,0,331,4721,25,100,1,0,0
1333,13,7,1024,0,260,11,9,7,1,1,-70,0,696,8170,58,100,1,0,0
1334,25,19,1536,0,276,16,8,7,1,4,-70,0,934,10886,77,100,3,0,0
1334,29,23,1536,0,15,3,5,7,1,1,-70,0,637,8229,8,100,3,0,0
1333,26,16,1280,10,234,12,5,7,1,4,-95,2,1525,13470,71,100,2,0,0
1334,12,8,1024,0,295,12,5,7,1,1,-70,0,425,4874,74,100,1,0,0
1334,10,5,768,0,273,16,8,7,1,2,-52,8,1463,9871,74,100,1,0,0
1335,17,18,1280,0,273,10,8,7,1,1,-52,0,393,6313,70,100,1,0,0
1335,18,8,1024,20,265,12,33,7,2,1,-95,10,2716,23149,83,100,1,0,0
1335,23,18,1280,0,278,13,15,7,1,3,-52,1,1226,12185,74,100,2,0,0
1337,8,4,768,30,267,16,22,7,1,2,-70,10,3161,21039,84,100,2,0,0
1335,11,5,768,0,266,18,2,7,1,1,-70,0,620,11952,82,100,2,0,0
1335,31,26,1536,0,233,11,5,5,1,2,-52,0,1130,9400,70,100,2,0,0
1338,3,1,512,0,271,23,14,7,1,1,-76,2,1279,15508,88,100,1,0,0
1338,1,0,256,0,42,0,0,3,0,0,0,10,2851,26484,2012,100,2,0,0
1338,2,4,768,10,280,14,3,5,1,1,-95,0,391,7541,80,100,1,0,0
1335,28,22,1536,0,282,11,3,7,1,2,-70,1,633,14402,81,100,1,0,0
1337,21,15,1280,0,253,10,10,7,1,3,-70,0,803,10263,59,100,3,0,0
1337,30,26,1536,10,22,3,4,7,1,2,-70,0,578,9147,19,100,1,0,0
1337,22,18,1280,10,249,9,5,7,1,1,-70,2,1656,15471,71,100,2,0,0
1338,15,10,1024,0,188,8,16,7,1,1,-52,1,916,9818,34,100,1,0,0
1337,19,18,1280,0,298,14,17,7,1,3,-52,1,1535,18786,80,100,2,0,0
1339,4,1,512,10,256,23,9,7,2,1,-61,10,5318,31522,89,100,2,0,0
1337,27,22,1536,0,235,12,4,5,1,3,-52,0,691,7179,72,100,2,0,0
1338,20,16,1280,20,280,10,15,7,1,3,-70,0,647,9374,64,100,2,0,0
1339,13,7,1024,0,261,11,9,7,1,1,-70,0,448,5931,59,100,1,0,0
1340,9,4,768,0,290,15,15,7,1,1,-52,0,729,12147,86,100,2,0,0
1338,26,16,1280,0,235,12,5,7,1,4,-95,2,924,9129,71,100,0,0,0
1341,7,3,768,0,282,16,3,7,1,2,-70,1,1001,12911,80,100,2,0,0
1341,14,10,1024,0,36,4,2,7,1,1,-70,0,392,7608,26,100,2,0,0
1342,8,4,768,10,270,16,22,7,1,2,-70,10,1623,11841,84,100,1,0,0
1341,16,10,1024,0,215,12,8,7,1,1,-70,4,2693,21154,73,100,2,0,0
1342,1,0,256,0,42,0,0,3,0,0,0,10,1203,10788,2021,100,1,0,0
1341,25,19,1536,10,279,16,8,7,1,4,-70,0,730,7798,78,100,1,0,0
1343,10,5,768,0,274,16,8,7,1,2,-52,8,2516,16250,75,100,2,0,0
1344,5,1,512,0,270,24,5,7,1,1,-76,10,4390,28449,89,100,2,0,0
1344,28,22,1536,0,283,11,3,7,1,2,-70,1,575,15022,82,100,2,0,0
1343,2,4,768,0,282,14,3,5,1,1,-95,0,689,7424,81,100,1,0,0
1342,30,26,1536,0,22,3,4,7,1,2,-70,0,499,4704,19,100,1,0,0
1344,11,5,768,0,267,18,2,7,1,1,-70,0,392,8026,82,100,1,0,0
1344,27,22,1536,0,237,12,4,5,1,3,-52,0,500,6497,72,100,1,0,0
1344,22,18,1280,10,250,9,5,7,1,1,-70,2,1425,15673,72,100,1,0,0
1345,6,5,768,0,241,17,5,5,1,2,-52,0,698,10800,75,100,2,0,0
1345,4,1,512,10,256,23,9,7,2,1,-61,10,2680,16320,89,100,1,0,0
1345,12,8,1024,0,299,12,5,7,1,1,-70,0,932,10160,75,100,3,0,0
1344,15,10,1024,0,189,8,16,7,1,1,-52,1,589,7403,35,100,1,0,0
1345,18,8,1024,0,266,12,33,7,2,1,-95,10,3355,30657,83,100,2,0,0
1346,8,4,768,20,270,16,22,7,1,2,-70,10,1644,11139,84,100,1,0,0
1346,9,4,768,0,290,15,15,7,1,1,-52,0,285,6973,86,100,1,0,0
1346,29,23,1536,0,15,3,5,7,1,1,-70,0,581,10432,9,100,3,0,0
1345,21,15,1280,0,255,10,10,7,1,3,-70,0,526,8145,59,100,1,0,0
1346,17,18,1280,0,274,10,8,7,1,1,-52,0,618,10415,71,100,2,0,0
1347,14,10,1024,0,37,4,2,7,1,1,-70,0,409,6413,26,100,2,0,0
1345,23,18,1280,10,280,13,15,7,1,3,-52,1,1056,14120,74,100,3,0,0
1346,31,26,1536,0,237,11,5,5,1,2,-52,0,916,10018,71,100,2,0,0
1349,13,7,1024,0,262,11,9,7,1,1,-70,0,513,7668,59,100,2,0,0
1349,19,18,1280,0,300,14,17,7,1,3,-52,1,1335,18183,81,100,3,0,0
1350,5,1,512,30,274,24,5,7,1,1,-76,10,2776,18386,89,100,1,0,0
1350,2,4,768,0,286,14,3,5,1,1,-95,0,808,7866,81,100,2,0,0
1348,26,16,1280,0,239,12,5,7,1,4,-95,2,1674,16010,72,100,3,0,0
1350,3,1,512,0,274,23,14,7,1,1,-76,2,1762,19188,89,100,2,0,0
1348,28,22,1536,0,284,11,3,7,1,2,-70,1,648,13343,82,100,2,0,0
1349,16,10,1024,10,217,12,8,7,1,1,-70,4,1749,13578,73,100,2,0,0
1350,20,16,1280,0,284,10,15,7,1,3,-70,0,1042,11828,65,100,3,0,0
1352,10,5,768,10,275,16,8,7,1,2,-52,8,2618,19519,75,100,1,0,0
1352,7,3,768,0,288,16,3,7,1,2,-70,1,1409,16481,81,100,1,0,0
1349,23,18,1280,0,281,13,15,7,1,3,-52,1,412,5771,75,100,0,0,0
1352,1,0,256,0,42,0,0,3,0,0,0,10,2637,25271,2036,100,2,0,0
1350,22,18,1280,0,254,9,5,7,1,1,-70,2,1155,12126,72,100,2,0,0
1353,8,4,768,50,274,16,22,7,1,2,-70,10,2748,18220,85,100,1,0,0
1353,4,1,512,20,258,23,9,7,2,1,-61,10,4075,23727,90,100,2,0,0
1351,29,23,1536,0,16,3,5,7,1,1,-70,0,482,6166,9,100,3,0,0
1352,15,10,1024,0,191,8,16,7,1,1,-52,1,940,10306,35,100,1,0,0
1352,25,19,1536,0,282,16,8,7,1,4,-70,0,771,10526,78,100,3,0,0
1353,16,10,1024,0,217,12,8,7,1,1,-70,4,709,7397,73,100,1,0,0
1352,17,18,1280,0,274,10,8,7,1,1,-52,0,343,5838,72,100,1,0,0
1353,19,18,1280,0,302,14,17,7,1,3,-52,1,746,7112,81,100,1,0,0
1355,11,5,768,0,271,18,2,7,1,1,-70,0,953,12936,83,100,4,0,0
1352,30,26,1536,0,24,3,4,7,1,2,-70,0,794,10700,20,100,4,0,0
1354,18,8,1024,0,268,12,34,7,2,1,-95,10,3581,28176,84,100,4,0,0
1355,3,1,512,0,277,23,14,7,1,1,-76,2,961,8852,89,100,1,0,0
1354,12,8,1024,0,302,12,5,7,1,1,-70,0,722,8902,75,100,3,0,0
1353,31,26,1536,0,240,11,5,5,1,2,-52,0,794,7480,71,100,2,0,0
1356,6,5,768,0,246,17,5,5,1,2,-52,0,1044,11645,76,100,2,0,0
1357,13,7,1024,0,263,11,9,7,1,1,-70,0,472,7225,60,100,1,0,0
1357,10,5,768,0,276,16,8,7,1,2,-52,8,1517,10769,76,100,1,0,0
1358,9,4,768,0,290,15,15,7,1,1,-52,0,537,13114,87,100,2,0,0
1354,27,22,1536,0,242,12,4,5,1,3,-52,0,1046,12393,73,100,2,0,0
1354,28,22,1536,0,287,11,3,7,1,2,-70,1,658,15249,83,100,2,0,0
1356,20,16,1280,0,287,10,15,7,1,3,-70,0,628,6920,65,100,2,0,0
1358,25,19,1536,0,285,16,8,7,1,4,-70,0,755,7106,79,100,3,1,6
1356,26,16,1280,0,244,12,5,7,1,4,-95,2,1648,14399,72,100,3,0,0
1358,8,4,768,0,275,16,22,7,1,2,-70,10,2368,14580,85,100,1,0,0
1357,16,10,1024,10,218,12,8,7,1,1,-70,4,1092,8266,74,100,0,0,0
1359,17,18,1280,0,276,10,8,7,1,1,-52,0,500,6777,72,100,1,0,0
1357,21,15,1280,0,260,10,11,7,1,3,-70,0,1075,11914,60,100,3,0,0
1360,4,1,512,10,258,23,9,7,2,1,-61,10,3143,18018,90,100,1,0,0
1358,29,23,1536,0,18,3,5,7,1,1,-70,0,1096,8296,10,100,3,0,0
1360,11,5,768,10,275,18,2,7,1,1,-70,0,582,5852,83,100,1,0,0
1359,14,10,1024,0,39,4,2,7,1,1,-70,0,790,10732,27,100,4,0,0
1359,18,8,1024,0,269,12,34,7,1,1,-95,10,2057,17014,84,100,2,0,0
1357,31,26,1536,0,241,11,5,5,1,2,-52,0,411,4432,71,100,1,0,0
1361,13,7,1024,0,263,11,9,7,1,1,-70,0,262,4433,60,100,1,0,0
1360,1,0,256,0,42,0,0,3,0,0,0,10,2302,21296,2052,100,1,0,0
1359,23,18,1280,0,284,13,15,7,1,3,-52,2,1490,13600,75,100,3,0,0
1361,2,4,768,0,288,14,3,5,1,1,-95,0,750,13099,82,100,2,0,0
1359,12,8,1024,0,302,12,5,7,1,1,-70,0,341,5237,76,100,1,0,0
1362,5,1,512,30,275,24,5,7,1,1,-76,10,4780,30832,90,100,2,0,0
1359,28,22,1536,10,289,11,3,7,1,2,-70,1,505,10913,83,100,1,0,0
1362,3,1,512,20,279,23,14,7,1,1,-76,2,1084,10749,90,100,1,0,0
1360,15,10,1024,0,193,8,16,7,1,1,-52,1,1031,10537,36,100,2,0,0
1362,7,3,768,0,290,16,3,7,1,2,-70,1,1267,15077,82,100,2,0,0
1362,10,5,768,20,277,16,8,7,1,2,-52,8,1962,11372,76,100,1,0,0
1361,27,22,1536,0,243,12,4,5,1,3,-52,0,451,6424,74,100,1,1,6
1358,30,26,1536,0,24,3,4,7,1,2,-70,0,285,5493,20,100,1,0,0
1361,22,18,1280,0,257,9,5,7,1,1,-70,2,2279,23168,73,100,3,1,6
1364,19,18,1280,0,305,14,17,7,1,3,-52,1,1372,19439,81,100,3,0,0
1364,26,16,1280,0,245,12,5,7,1,4,-95,2,1154,11856,73,100,1,0,0
1364,12,8,1024,0,304,12,5,7,1,1,-70,0,372,4295,76,100,1,0,0
1365,16,10,1024,0,218,12,8,7,1,1,-70,4,1457,12104,74,100,2,0,0
1365,6,5,768,10,247,17,5,5,1,2,-52,0,416,8080,76,100,1,0,0
1364,20,16,1280,0,288,10,15,7,1,3,-70,0,571,7762,66,100,2,0,0
1364,23,18,1280,0,285,13,15,7,1,3,-52,2,537,6865,76,100,1,0,0
1364,31,26,1536,0,243,11,5,5,1,2,-52,0,556,6572,72,100,1,0,0
1366,18,8,1024,20,271,12,34,7,1,1,-95,10,2559,21972,85,100,2,0,0
1366,14,10,1024,0,40,4,2,7,1,1,-70,0,466,7150,28,100,2,0,0
1365,28,22,1536,0,293,11,3,7,1,2,-70,1,710,12101,83,100,2,0,0
1368,7,3,768,0,290,16,3,7,1,2,-70,1,426,8993,82,100,1,0,0
1367,13,7,1024,0,265,11,9,7,1,1,-70,0,524,7042,60,100,1,0,0
1367,22,18,1280,0,258,9,5,7,3,1,-70,2,824,10197,73,100,2,1,6
1368,1,0,256,0,42,0,0,3,0,0,0,10,2014,19163,2068,100,1,0,0
1368,9,4,768,0,294,15,15,7,1,1,-52,0,928,13713,87,100,2,0,0
1368,8,4,768,0,276,16,22,7,1,2,-70,10,3926,24064,86,100,2,0,0
1369,3,1,512,10,282,23,14,7,1,1,-76,2,1562,12222,90,100,2,0,0
1368,19,18,1280,0,306,14,17,7,1,3,-52,1,484,8778,82,100,1,0,0
1369,11,5,768,0,281,18,2,7,1,1,-70,0,1257,12446,84,100,3,0,0
1368,29,23,1536,0,18,3,5,7,1,1,-70,0,486,9197,11,100,2,0,0
1370,6,5,768,0,249,17,5,5,1,2,-52,0,554,4728,77,100,1,0,0
1369,12,8,1024,0,305,12,5,7,1,1,-70,0,392,4931,76,100,1,0,0
1368,21,15,1280,0,261,10,11,7,1,3,-70,0,621,10340,61,100,2,0,0
1370,4,1,512,10,258,23,9,7,2,1,-61,10,5184,30942,91,100,2,0,0
1368,17,18,1280,0,279,10,8,7,1,1,-52,0,808,10214,73,100,2,0,0
1369,20,16,1280,0,290,10,15,7,1,3,-70,0,477,5280,66,100,1,0,0
1371,15,10,1024,0,194,8,16,7,1,1,-52,1,1042,12847,37,100,2,0,0
1370,2,4,768,10,293,14,3,5,1,1,-95,0,941,13405,83,100,2,0,0
1369,30,26,1536,0,26,3,4,7,1,2,-70,0,931,11378,21,100,3,0,0
1369,25,19,1536,0,289,16,8,7,3,4,-70,0,985,11979,79,100,3,1,6
1372,1,0,256,0,42,0,0,3,0,0,0,10,1456,11960,2079,100,1,0,0
1372,5,1,512,20,278,24,5,7,1,1,-76,10,4866,30971,91,100,2,0,0
1373,9,4,768,10,295,15,15,7,1,1,-52,0,452,5843,88,100,1,0,0
1372,18,8,1024,10,272,12,35,7,1,1,-95,10,2729,24245,85,100,3,0,0
1373,10,5,768,0,279,16,8,7,1,2,-52,8,3419,24721,77,100,2,0,0
1371,27,22,1536,0,244,13,4,5,3,3,-52,0,726,10000,74,100,2,1,6
1372,26,16,1280,0,249,12,5,7,1,4,-95,2,1470,14284,73,100,2,0,0
1373,22,18,1280,0,260,9,5,7,5,1,-70,2,1614,15587,74,100,2,1,6
1375,19,18,1280,0,308,14,17,7,1,3,-52,1,1095,15714,82,100,2,0,0
1373,31,26,1536,10,247,11,5,5,1,2,-52,0,835,8857,72,100,2,0,0
1374,12,8,1024,10,308,12,5,7,1,1,-70,0,632,5566,77,100,2,0,0
1374,21,15,1280,0,265,10,11,7,1,3,-70,0,710,6179,61,100,2,0,0
1376,13,7,1024,0,268,11,9,7,1,1,-70,0,777,7391,61,100,3,0,0
1374,17,18,1280,0,282,10,8,7,1,1,-52,0,602,6249,73,100,2,0,0
1375,28,22,1536,0,297,12,3,7,1,2,-70,1,921,23156,84,100,2,0,0
1375,2,4,768,0,295,14,3,5,1,1,-95,0,479,5328,83,100,1,0,0
1375,29,23,1536,0,19,3,5,7,1,1,-70,0,483,6895,11,100,3,0,0
1377,14,10,1024,0,41,4,2,7,1,1,-70,0,433,8867,28,100,2,0,0
1377,15,10,1024,0,195,8,16,7,1,1,-52,1,690,7799,37,100,1,0,0
1377,7,3,768,0,293,16,3,7,1,2,-70,1,1429,14653,83,100,2,0,0
1377,16,10,1024,0,220,12,8,7,1,1,-70,4,2439,20307,75,100,2,0,0
1377,18,8,1024,10,273,12,36,7,1,1,-95,10,1952,20674,86,100,2,0,0
1378,11,5,768,0,286,18,2,7,1,1,-70,0,936,10637,84,100,3,0,0
1375,30,26,1536,0,26,3,4,7,1,2,-70,0,499,5524,21,100,1,0,0
1376,23,18,1280,0,291,13,15,7,1,3,-52,2,1723,16352,76,100,4,0,0
1377,25,19,1536,0,292,16,8,7,5,4,-70,0,790,8418,80,100,2,1,6
1379,9,4,768,10,296,15,16,7,1,1,-52,0,420,7083,88,100,2,0,0
1378,10,5,768,10,279,16,8,7,1,2,-52,8,1927,12396,77,100,1,0,0
1380,8,4,768,10,281,16,22,7,1,2,-70,10,4755,27762,87,100,3,0,0
1380,3,1,512,0,286,23,14,7,1,1,-76,2,1745,19803,91,100,2,0,0
1379,22,18,1280,0,262,9,5,7,5,1,-70,2,1051,13867,74,100,2,1,6
1379,17,18,1280,0,285,10,8,7,1,1,-52,0,667,5067,73,100,2,0,0
1379,6,5,768,0,253,17,5,5,1,2,-52,0,880,11549,77,100,2,0,0
1382,4,1,512,0,260,23,9,7,2,1,-61,10,5892,33972,92,100,2,0,0
1380,20,16,1280,0,292,10,15,7,1,3,-70,0,714,10322,67,100,4,0,0
1380,31,26,1536,0,250,11,5,5,1,2,-52,0,689,7353,73,100,1,0,0
1381,19,18,1280,0,314,14,17,7,1,3,-52,1,1433,18277,83,100,2,0,0
1381,27,22,1536,0,250,13,4,5,5,3,-52,0,1232,10375,75,100,3,1,6
1383,14,10,1024,0,42,4,2,7,1,1,-70,0,538,6054,29,100,3,0,0
1383,15,10,1024,0,196,8,16,7,1,1,-52,1,766,7779,37,100,1,0,0
1383,23,18,1280,0,294,13,15,7,1,3,-52,2,837,8721,77,100,2,0,0
1384,5,1,512,40,281,24,5,7,1,1,-76,10,4719,31369,92,100,2,0,0
1384,1,0,256,0,42,0,0,3,0,0,0,10,2941,29012,2099,100,2,0,0
1382,26,16,1280,0,250,12,5,7,1,4,-95,2,1607,16578,74,100,1,0,0
1384,8,4,768,10,283,16,22,7,1,2,-70,10,1841,10608,87,100,1,0,0
1381,30,26,1536,0,26,3,4,7,1,2,-70,0,340,5783,22,100,1,0,0
1385,3,1,512,0,286,23,14,7,1,1,-76,2,404,6792,91,100,1,0,0
1384,29,23,1536,0,19,3,5,7,1,1,-70,0,388,8402,12,100,1,0,0
1385,12,8,1024,0,312,12,5,7,1,1,-70,0,877,10223,77,100,3,0,0
1384,2,4,768,0,296,14,3,5,1,1,-95,0,591,11672,84,100,2,0,0
1387,13,7,1024,0,273,11,9,7,1,1,-70,0,1009,10842,62,100,4,0,0
1387,4,1,512,20,263,23,9,7,2,1,-61,10,2862,16111,92,100,1,0,0
1385,20,16,1280,0,295,10,15,7,1,3,-70,0,579,4862,67,100,2,0,0
1385,27,22,1536,0,252,13,4,5,5,3,-52,0,472,4278,75,100,2,1,6
1386,28,22,1536,0,301,12,3,7,1,2,-70,1,928,25449,85,100,4,0,0
1387,11,5,768,0,289,18,2,7,1,1,-70,0,738,11334,85,100,1,0,0
1386,25,19,1536,0,298,16,8,7,7,4,-70,0,1225,9870,81,100,4,1,6
1387,10,5,768,0,281,16,8,7,1,2,-52,8,2615,18662,78,100,2,0,0
1388,19,18,1280,0,316,14,18,7,1,3,-52,1,1016,19379,83,100,2,0,0
1385,21,15,1280,0,266,10,11,7,1,3,-70,0,693,10127,62,100,3,0,0
1389,9,4,768,0,300,15,16,7,1,1,-52,0,840,12162,89,100,2,0,0
1386,31,26,1536,0,251,11,5,5,1,2,-52,0,393,5569,73,100,1,0,0
1389,7,3,768,10,295,16,3,7,1,2,-70,1,1140,18197,84,100,2,0,0
1388,18,8,1024,0,277,12,36,7,1,1,-95,10,4658,49979,86,100,2,0,0
1389,6,5,768,0,255,17,5,5,1,2,-52,0,651,7197,78,100,2,0,0
1388,23,18,1280,0,298,13,15,7,1,3,-52,2,945,7658,77,100,2,0,0
1389,16,10,1024,20,223,12,8,7,1,1,-70,4,2576,20967,76,100,2,0,0
1388,17,18,1280,0,289,10,8,7,1,1,-52,0,885,9321,74,100,3,0,0
1388,29,23,1536,0,19,3,5,7,1,1,-70,0,386,4893,12,100,1,0,0
1389,2,4,768,0,297,14,3,5,1,1,-95,0,419,5542,84,100,1,0,0
1388,30,26,1536,0,26,3,4,7,1,2,-70,0,284,6152,22,100,1,0,0
1392,13,7,1024,0,273,11,9,7,1,1,-70,0,190,4662,62,100,0,0,0
1391,14,10,1024,0,43,4,2,7,1,1,-70,0,409,7681,29,100,2,0,0
1390,27,22,1536,0,254,13,4,5,5,3,-52,0,538,4831,75,100,1,1,6
1392,15,10,1024,0,199,8,16,7,1,1,-52,1,1053,11567,38,100,1,0,0
1390,22,18,1280,0,266,9,5,7,6,1,-70,2,2553,33289,75,100,4,1,6
1391,26,16,1280,0,253,12,5,7,1,4,-95,2,1491,13207,75,100,3,0,0
1392,1,0,256,0,42,0,0,3,0,0,0,10,2503,21814,2113,100,2,0,0
1392,8,4,768,10,286,16,22,7,1,2,-70,10,3438,19323,87,100,3,0,0
1391,20,16,1280,0,296,10,15,7,1,3,-70,0,450,5952,68,100,1,0,0
1393,3,1,512,0,287,23,14,7,1,1,-76,2,1263,13089,92,100,1,0,0
1394,6,5,768,0,258,17,5,5,1,2,-52,0,599,5231,78,100,2,0,0
1392,12,8,1024,0,316,12,5,7,1,1,-70,0,861,7406,78,100,3,0,0
1392,31,26,1536,0,251,11,5,5,1,2,-52,0,342,5388,74,100,1,0,0
1394,5,1,512,10,284,24,5,7,1,1,-76,10,4409,26904,92,100,2,0,0
1393,17,18,1280,0,290,10,8,7,1,1,-52,0,393,4543,74,100,1,0,0
1394,2,4,768,0,298,14,3,5,1,1,-95,0,366,5775,84,100,1,0,0
1395,10,5,768,10,281,16,8,7,1,2,-52,8,2736,18854,78,100,1,0,0
1393,25,19,1536,0,301,17,8,7,9,4,-70,0,790,7382,81,100,2,1,6
1393,21,15,1280,0,268,10,11,7,1,3,-70,0,526,7458,62,100,1,0,0
1396,11,5,768,0,290,18,2,7,1,1,-70,0,569,10090,86,100,2,0,0
1393,30,26,1536,10,26,3,4,7,1,2,-70,0,260,4367,22,100,1,0,0
1397,7,3,768,0,296,16,3,7,1,2,-70,1,975,12461,84,100,2,0,0
1394,23,18,1280,0,301,13,15,7,1,3,-52,2,998,8569,78,100,2,0,0
1397,4,1,512,10,266,23,9,7,2,1,-61,10,5104,30101,93,100,2,0,0
1394,29,23,1536,0,20,3,5,7,1,1,-70,0,423,6492,12,100,2,0,0
1397,15,10,1024,0,201,8,16,7,1,1,-52,1,836,7723,38,100,1,0,0
1398,9,4,768,0,302,15,16,7,1,1,-52,0,644,11393,89,100,2,0,0
1396,20,16,1280,10,299,10,15,7,1,3,-70,0,487,5002,68,100,0,0,0
1398,19,18,1280,0,319,14,18,7,1,3,-52,1,1353,33908,84,100,2,0,0
1398,16,10,1024,0,226,12,8,7,1,1,-70,4,2503,16983,76,100,2,0,0
1399,13,7,1024,0,277,11,9,7,1,1,-70,0,811,7043,62,100,2,0,0
1398,28,22,1536,0,306,12,3,7,1,2,-70,1,1116,26972,85,100,3,0,0
1399,14,10,1024,0,44,4,2,7,1,1,-70,0,562,7552,30,100,3,0,0
1398,27,22,1536,0,257,13,4,5,7,3,-52,0,751,8527,76,100,2,1,6
1398,26,16,1280,10,257,12,5,7,1,4,-95,2,1405,11803,75,100,1,0,0
1400,5,1,512,0,284,24,5,7,1,1,-76,10,2627,16812,93,100,1,0,0
1400,8,4,768,10,289,16,22,7,1,2,-70,10,3158,21032,88,100,1,0,0
1401,1,0,256,0,42,0,0,3,0,0,0,10,2463,22054,2133,100,2,0,0
1400,18,8,1024,0,280,12,37,7,1,1,-95,10,4659,53079,87,100,3,0,0
1401,21,15,1280,10,270,10,11,7,1,3,-70,0,450,6218,63,100,1,0,0
1401,2,4,768,0,300,14,3,5,1,1,-95,0,581,8006,85,100,1,0,0
1403,6,5,768,0,261,17,5,5,1,2,-52,0,684,8707,79,100,1,0,0
1403,12,8,1024,0,319,12,5,7,1,1,-70,0,648,9917,78,100,2,0,0
1403,10,5,768,10,282,16,8,7,1,2,-52,8,2633,18563,79,100,2,0,0
1401,17,18,1280,0,293,10,8,7,1,1,-52,0,687,9047,75,100,1,0,0
1403,31,26,1536,0,253,11,5,5,1,2,-52,0,645,9254,74,100,2,0,0
1404,4,1,512,10,266,23,9,7,2,1,-61,10,3114,18798,93,100,1,0,0
1402,22,18,1280,0,270,9,5,7,6,1,-70,2,2329,41997,76,100,4,1,6
1403,28,22,1536,0,307,12,3,7,1,2,-70,1,352,11323,86,100,1,0,0
1404,3,1,512,10,292,23,14,7,1,1,-76,2,1770,19381,93,100,2,0,0
1405,19,18,1280,0,322,14,18,7,1,3,-52,1,1026,26612,84,100,3,0,0
1405,15,10,1024,0,205,8,16,7,1,1,-52,1,1245,11012,39,100,2,0,0
1406,11,5,768,0,292,18,2,7,1,1,-70,0,672,12729,86,100,2,0,0
1404,25,19,1536,0,307,17,8,7,10,4,-70,0,1239,11658,82,100,5,1,6
1403,20,16,1280,0,300,10,15,7,1,3,-70,0,566,6963,69,100,3,0,0
1405,30,26,1536,0,27,3,4,7,1,2,-70,0,611,9798,23,100,3,0,0
1406,1,0,256,0,42,0,0,3,0,0,0,10,1317,13923,2142,100,0,0,0
1406,27,22,1536,0,261,13,4,5,8,3,-52,0,806,7694,76,100,3,1,6
1407,8,4,768,20,291,16,22,7,1,2,-70,10,2602,15532,89,100,3,0,0
1406,23,18,1280,0,303,13,15,7,1,3,-52,2,1077,14530,78,100,3,0,0
1408,7,3,768,0,299,16,3,7,1,2,-70,1,1332,18098,85,100,2,0,0
1407,18,8,1024,10,282,12,37,7,1,1,-95,10,2239,25820,87,100,1,0,0
1408,16,10,1024,10,230,12,8,7,1,1,-70,4,2155,17091,77,100,2,0,0
1407,29,23,1536,0,20,3,5,7,1,1,-70,0,652,11377,13,100,3,0,0
1408,2,4,768,0,303,14,3,5,1,1,-95,0,628,9215,85,100,1,0,0
1408,9,4,768,0,305,15,16,7,1,1,-52,0,859,13994,90,100,2,0,0
1407,28,22,1536,0,310,12,3,7,1,2,-70,1,584,9620,86,100,1,0,0
1410,13,7,1024,10,282,11,9,7,1,1,-70,0,932,11037,63,100,3,0,0
1409,22,18,1280,0,271,9,5,7,6,1,-70,2,1224,22073,76,100,2,1,6
1409,26,16,1280,0,261,12,5,7,1,4,-95,2,1826,18690,76,100,2,0,0
1409,25,19,1536,0,309,17,8,7,10,4,-70,0,479,4528,82,100,1,1,6
1410,21,15,1280,0,272,10,11,7,1,3,-70,0,755,9154,63,100,2,0,0
1410,14,10,1024,0,44,4,2,7,1,1,-70,0,509,11401,31,100,2,0,0
1411,11,5,768,0,294,18,2,7,1,1,-70,0,577,6588,87,100,2,0,0
1410,12,8,1024,0,320,12,5,7,1,1,-70,0,569,7529,79,100,2,0,0
1412,3,1,512,0,295,23,14,7,1,1,-76,2,1136,11636,93,100,1,0,0
1412,5,1,512,20,285,24,5,7,1,1,-76,10,4147,30627,93,100,2,0,0
1410,17,18,1280,0,296,10,8,7,1,1,-52,0,722,7274,75,100,3,0,0
1411,20,16,1280,0,301,10,15,7,1,3,-70,0,418,6868,69,100,1,0,0
1412,6,5,768,0,263,17,5,5,1,2,-52,0,642,9088,79,100,2,0,0
1412,28,22,1536,0,311,12,3,7,1,2,-70,1,369,9489,86,100,1,0,0
1412,15,10,1024,20,206,8,16,7,1,1,-52,1,718,8828,39,100,1,0,0
1413,19,18,1280,0,324,14,18,7,1,3,-52,1,1209,31593,85,100,1,0,0
1413,8,4,768,0,292,16,22,7,1,2,-70,10,2787,15932,89,100,1,0,0
1415,10,5,768,0,287,16,8,7,1,2,-52,8,3866,26608,79,100,2,0,0
1415,18,8,1024,20,283,12,37,7,1,1,-95,10,2845,33036,88,100,2,0,0
1413,25,19,1536,0,311,17,8,7,10,4,-70,0,543,4409,82,100,1,1,6
1415,31,26,1536,0,255,11,5,5,1,2,-52,0,725,11302,75,100,2,0,0
1415,4,1,512,10,269,23,9,7,2,1,-61,10,6199,35340,94,100,2,0,0
1416,30,26,1536,0,27,3,4,7,1,2,-70,0,498,10057,24,100,2,0,0
1415,2,4,768,0,305,14,3,5,1,1,-95,0,650,8484,86,100,2,0,0
1415,9,4,768,0,305,15,16,7,1,1,-52,0,369,8414,91,100,1,0,0
1416,11,5,768,10,296,18,2,7,1,1,-70,0,474,6402,87,100,1,0,0
1414,17,18,1280,0,298,10,8,7,1,1,-52,0,435,4557,76,100,0,0,0
1414,23,18,1280,10,304,13,15,7,1,3,-52,1,890,10213,79,100,1,0,0
1417,26,16,1280,0,262,12,5,7,1,4,-95,2,952,11057,76,100,1,0,0
1415,27,22,1536,0,265,13,4,5,8,3,-52,0,975,9665,77,100,3,1,6
1417,7,3,768,0,301,16,3,7,1,2,-70,1,1048,14308,85,100,1,0,0
1417,12,8,1024,0,323,12,5,7,1,1,-70,0,606,6480,79,100,1,0,0
1416,6,5,768,0,264,17,5,5,1,2,-52,0,446,5188,80,100,1,0,0
1417,1,0,256,0,42,0,0,3,0,0,0,10,3265,28730,2165,100,3,0,0
1418,16,10,1024,0,232,12,8,7,1,1,-70,4,2099,18246,78,100,2,0,0
1417,29,23,1536,0,21,3,5,7,1,1,-70,0,807,9769,14,100,2,0,0
1419,13,7,1024,0,285,11,9,7,1,1,-70,0,795,8851,64,100,1,0,0
1419,10,5,768,10,287,16,8,7,1,2,-52,8,1267,9986,80,100,0,0,0
1419,23,18,1280,0,305,13,15,7,1,3,-52,1,604,6461,79,100,1,0,0
1419,5,1,512,0,285,24,5,7,1,1,-76,10,3107,20621,94,100,2,0,0
1419,28,22,1536,0,313,12,3,7,1,2,-70,1,608,16632,87,100,1,0,0
1420,2,4,768,0,307,14,3,5,1,1,-95,0,404,5306,86,100,0,0,0
1420,8,4,768,0,294,16,22,7,1,2,-70,10,2668,15712,89,100,1,0,0
1419,14,10,1024,10,44,4,2,7,1,1,-70,0,309,8358,31,100,1,0,0
1420,22,18,1280,0,275,9,5,7,6,1,-70,2,2174,41884,77,100,4,1,6
1420,4,1,512,10,269,23,9,7,2,1,-61,10,2891,15950,95,100,1,0,0
1420,17,18,1280,0,301,10,8,7,1,1,-52,0,704,6199,76,100,2,0,0
1421,7,3,768,0,304,16,3,7,1,2,-70,1,875,7033,86,100,1,0,0
1421,20,16,1280,0,308,10,15,7,1,3,-70,0,1231,10183,70,100,3,0,0
1422,6,5,768,0,266,17,5,5,1,2,-52,0,473,4933,80,100,1,0,0
1422,21,15,1280,0,276,10,11,7,1,3,-70,0,940,11832,64,100,2,0,0
1423,3,1,512,0,297,23,14,7,1,1,-76,2,1890,19317,94,100,3,0,0
1423,19,18,1280,0,326,14,18,7,1,3,-52,1,1282,38124,85,100,3,0,0
1423,15,10,1024,0,210,8,16,7,1,1,-52,1,1413,14910,40,100,2,0,0
1423,25,19,1536,0,315,17,8,7,10,4,-70,0,877,9327,83,100,3,1,6
1423,27,22,1536,10,268,13,4,5,8,3,-52,0,681,7578,77,100,3,1,6
1423,5,1,512,30,287,24,5,7,1,1,-76,10,1469,10681,94,100,0,0,0
1422,9,4,768,10,310,15,16,7,1,1,-52,0,833,9725,91,100,2,0,0
1425,18,8,1024,0,283,12,38,7,1,1,-95,10,3778,44010,89,100,2,0,0
1423,11,5,768,0,298,18,2,7,1,1,-70,0,523,9066,87,100,1,0,0
1423,26,16,1280,10,265,12,5,7,1,4,-95,2,1134,11254,77,100,2,0,0
1423,30,26,1536,10,27,3,4,7,1,2,-70,0,285,6567,24,100,1,0,0
1423,29,23,1536,0,21,3,5,7,1,1,-70,0,523,6343,14,100,1,0,0
1424,8,4,768,0,295,16,22,7,1,2,-70,10,2267,14300,90,100,2,0,0
1426,10,5,768,0,289,16,8,7,1,2,-52,8,2443,15551,80,100,2,0,0
1426,28,22,1536,0,317,12,3,7,1,2,-70,1,824,16784,87,100,4,0,0
1427,2,4,768,0,308,14,3,5,1,1,-95,0,511,8522,86,100,2,0,0
1427,20,16,1280,0,310,10,15,7,1,3,-70,0,545,5289,70,100,1,0,0
1427,12,8,1024,0,329,12,5,7,1,1,-70,0,1140,11241,80,100,4,0,0
1426,6,5,768,10,269,17,5,5,1,2,-52,0,580,4953,80,100,1,0,0
1428,1,0,256,0,42,0,0,3,0,0,0,10,2545,25741,2181,100,1,0,0
1428,4,1,512,10,271,23,9,7,2,1,-61,10,3384,20243,95,100,2,0,0
1427,5,1,512,30,288,24,5,7,1,1,-76,10,2164,12747,94,100,1,0,0
1427,31,26,1536,10,257,11,5,5,1,2,-52,0,702,10696,76,100,2,0,0
1428,17,18,1280,10,306,10,8,7,1,1,-52,0,833,7655,77,100,3,0,0
1429,22,18,1280,0,282,9,5,7,6,1,-70,2,2035,32275,77,100,2,1,6
1431,13,7,1024,0,289,11,9,7,1,1,-70,0,1023,11553,65,100,5,0,0
1430,7,3,768,0,307,16,3,7,1,2,-70,1,1141,14012,86,100,2,0,0
1429,25,19,1536,0,316,17,8,7,10,4,-70,0,430,5247,83,100,2,1,6
1428,23,18,1280,10,311,13,15,7,1,3,-52,1,1373,12761,80,100,4,0,0
1429,30,26,1536,0,28,3,4,7,1,2,-70,0,592,6029,25,100,1,0,0
1429,9,4,768,0,313,15,16,7,1,1,-52,0,793,9938,92,100,1,0,0
1430,27,22,1536,0,271,13,4,5,8,3,-52,0,765,6384,78,100,2,1,6
1429,16,10,1024,10,236,12,8,7,1,1,-70,4,2589,20291,78,100,2,0,0
1429,19,18,1280,0,328,14,18,7,1,3,-52,1,1009,24452,86,100,2,0,0
1432,18,8,1024,40,287,12,38,7,1,1,-95,10,3405,32350,89,100,2,0,0
1430,14,10,1024,0,47,4,2,7,1,1,-70,0,819,10403,32,100,4,0,0
1431,20,16,1280,0,313,10,15,7,1,3,-70,0,471,4153,70,100,2,0,0
1432,2,4,768,0,310,14,3,5,1,1,-95,0,581,7294,87,100,1,0,0
1431,15,10,1024,0,212,8,16,7,1,1,-52,1,899,10677,41,100,1,0,0
1430,29,23,1536,10,21,3,5,7,1,1,-70,0,316,5595,15,100,1,0,0
1433,5,1,512,40,290,24,5,7,1,1,-76,10,2159,13732,95,100,1,0,0
1430,28,22,1536,0,318,12,3,7,1,2,-70,1,329,9982,88,100,0,0,0
1432,31,26,1536,0,259,11,5,5,1,2,-52,0,503,4930,76,100,1,0,0
1433,12,8,1024,0,331,12,5,7,1,1,-70,0,501,6026,80,100,1,0,0
1432,11,5,768,0,300,18,2,7,1,1,-70,0,727,10872,88,100,2,0,0
1434,8,4,768,20,299,16,22,7,1,2,-70,10,3644,20430,90,100,3,0,0
1434,3,1,512,0,301,23,14,7,1,1,-76,2,1777,19734,95,100,2,0,0
1433,10,5,768,0,291,16,8,7,1,2,-52,8,2492,16696,81,100,1,0,0
1435,7,3,768,0,308,16,3,7,1,2,-70,1,532,7740,87,100,1,0,0
1433,26,16,1280,0,268,12,5,7,1,4,-95,2,1773,16517,77,100,1,0,0
1434,29,23,1536,10,21,3,5,7,1,1,-70,0,261,3890,15,100,1,0,0
1434,21,15,1280,10,279,10,11,7,1,3,-70,0,727,10705,65,100,2,0,0
1436,13,7,1024,0,289,11,9,7,1,1,-70,0,287,5145,65,100,1,0,0
1437,23,18,1280,0,313,13,15,7,1,3,-52,1,918,9906,80,100,1,0,0
1436,1,0,256,0,42,0,0,3,0,0,0,10,2588,22518,2201,100,2,0,0
1435,4,1,512,0,273,23,9,7,2,1,-61,10,4437,25380,96,100,1,0,0
1435,15,10,1024,0,213,8,16,7,1,1,-52,1,639,5411,41,100,1,0,0
1437,19,18,1280,0,330,14,18,7,1,3,-52,1,816,27008,86,100,2,0,0
1437,6,5,768,0,271,17,5,5,1,2,-52,0,602,8954,81,100,1,0,0
1438,11,5,768,10,302,18,2,7,1,1,-70,0,475,6713,88,100,1,0,0
1438,14,10,1024,0,48,4,2,7,1,1,-70,0,563,7298,33,100,3,0,0
1439,10,5,768,20,292,16,8,7,1,2,-52,8,1700,12472,81,100,1,0,0
1439,7,3,768,0,310,16,3,7,1,2,-70,1,669,7251,87,100,0,0,0
1439,16,10,1024,0,240,12,8,7,1,1,-70,4,2177,16998,79,100,1,0,0
1439,3,1,512,0,301,23,14,7,1,1,-76,2,882,8579,95,100,1,0,0
1441,27,22,1536,0,275,13,4,5,8,3,-52,0,878,10194,79,100,2,1,6
1440,2,4,768,0,312,14,3,5,1,1,-95,0,521,9214,87,100,1,0,0
1438,9,4,768,10,314,15,16,7,1,1,-52,0,337,10249,92,100,1,0,0
1441,17,18,1280,0,309,10,8,7,1,1,-52,0,827,11464,77,100,3,0,0
1440,30,26,1536,0,28,3,4,7,1,2,-70,0,927,11367,26,100,3,0,0
1441,18,8,1024,30,292,12,39,7,1,1,-95,10,3239,41062,90,100,2,0,0
1441,22,18,1280,0,286,9,5,7,6,1,-70,2,2364,43307,78,100,5,1,6
1441,21,15,1280,0,283,10,11,7,1,3,-70,0,824,7521,65,100,1,0,0
1440,25,19,1536,0,320,17,8,7,10,4,-70,0,994,11365,84,100,4,1,6
1441,20,16,1280,10,319,10,15,7,1,3,-70,0,1027,10466,71,100,2,0,0
1441,19,18,1280,0,330,14,18,7,1,3,-52,1,560,15496,87,100,1,0,0
1442,8,4,768,10,300,16,22,7,1,2,-70,10,2918,19819,91,100,2,0,0
1443,26,16,1280,10,275,12,5,7,1,4,-95,2,1941,17442,78,100,2,0,0
1442,12,8,1024,10,335,12,5,7,1,1,-70,0,884,9621,81,100,3,0,0
1442,31,26,1536,10,262,11,5,5,1,2,-52,0,808,10832,77,100,2,0,0
1444,28,22,1536,0,322,12,3,7,1,2,-70,1,1002,26238,88,100,4,0,0
1444,5,1,512,20,290,24,5,7,1,1,-76,10,4484,30832,95,100,2,0,0
1445,10,5,768,30,293,16,8,7,1,2,-52,8,1825,12420,81,100,1,0,0
1445,1,0,256,0,42,0,0,3,0,0,0,10,2259,21863,2216,100,2,0,0
1445,7,3,768,0,311,16,3,7,1,2,-70,1,595,9183,87,100,1,0,0
1445,27,22,1536,0,275,13,4,5,8,3,-52,0,427,4267,79,100,1,1,6
1444,16,10,1024,0,240,12,8,7,1,1,-70,4,1370,10716,79,100,1,0,0
1445,15,10,1024,0,213,8,16,7,1,1,-52,1,960,12380,42,100,2,0,0
1447,13,7,1024,0,294,11,9,7,1,1,-70,0,1009,11033,66,100,4,0,0
1445,23,18,1280,10,315,13,15,7,1,3,-52,1,958,11599,81,100,3,0,0
1445,30,26,1536,0,28,3,4,7,1,2,-70,0,164,3879,26,100,0,0,0
1444,29,23,1536,10,21,3,5,7,1,1,-70,0,487,9445,16,100,2,0,0
1446,6,5,768,0,272,17,5,5,1,2,-52,0,591,9482,82,100,2,0,0
1445,14,10,1024,0,49,4,2,7,1,1,-70,0,385,6880,33,100,2,0,0
1447,4,1,512,10,279,23,9,7,2,1,-61,10,5608,32945,96,100,2,0,0
1447,19,18,1280,0,333,14,18,7,1,3,-52,1,995,22430,87,100,2,0,0
1448,21,15,1280,0,285,10,11,7,1,3,-70,0,678,7046,66,100,2,0,0
1448,17,18,1280,0,312,10,8,7,1,1,-52,0,659,6846,78,100,2,0,0
1448,11,5,768,0,307,18,2,7,1,1,-70,0,1073,14337,89,100,2,0,0
1448,8,4,768,30,306,16,22,7,1,2,-70,10,2966,16488,91,100,2,0,0
1449,3,1,512,10,303,23,14,7,1,1,-76,2,1284,15854,96,100,1,0,0
1450,20,16,1280,10,321,10,15,7,1,3,-70,0,643,8105,72,100,3,0,0
1450,28,22,1536,0,324,12,3,7,1,2,-70,1,724,11214,89,100,2,0,0
1449,9,4,768,0,317,15,16,7,1,1,-52,0,943,12848,93,100,2,0,0
1451,7,3,768,0,313,16,3,7,1,2,-70,1,876,8955,88,100,1,0,0
1451,26,16,1280,0,277,12,5,7,1,4,-95,2,1240,12376,79,100,2,0,0
1451,22,18,1280,0,291,9,5,7,6,1,-70,2,2179,37392,79,100,3,1,6
1450,2,4,768,0,315,14,3,5,1,1,-95,0,833,13364,88,100,2,0,0
1452,27,22,1536,0,280,13,4,5,8,3,-52,0,833,7248,79,100,3,1,6
1452,10,5,768,0,293,16,8,7,1,2,-52,8,2287,16693,82,100,2,0,0
1451,25,19,1536,0,326,17,8,7,10,4,-70,0,1185,10653,85,100,4,1,6
1451,18,8,1024,0,296,12,39,7,1,1,-95,10,4521,50969,90,100,3,0,0
1452,5,1,512,0,290,24,5,7,1,1,-76,10,3198,22030,96,100,2,0,0
1453,31,26,1536,0,265,11,5,5,1,2,-52,0,778,9983,77,100,2,0,0
1451,12,8,1024,0,339,12,5,7,1,1,-70,0,909,9491,82,100,3,0,0
1454,16,10,1024,10,241,12,8,7,1,1,-70,4,1768,15867,80,100,2,0,0
1454,1,0,256,0,42,0,0,3,0,0,0,10,2356,22495,2232,100,1,0,0
1453,21,15,1280,0,286,10,11,7,1,3,-70,0,394,5684,66,100,1,0,0
1456,13,7,1024,0,301,11,9,7,1,1,-70,0,1078,9011,66,100,2,0,0
1453,30,26,1536,0,28,3,4,7,1,2,-70,0,418,7734,26,100,2,0,0
1456,7,3,768,0,313,16,3,7,1,2,-70,1,581,7841,88,100,1,0,0
1455,29,23,1536,0,21,3,5,7,1,1,-70,0,455,9773,16,100,2,0,0
1454,11,5,768,0,309,18,2,7,1,1,-70,0,556,7869,90,100,1,0,0
1455,3,1,512,0,306,23,14,7,1,1,-76,2,1439,11720,96,100,2,0,0
1457,22,18,1280,0,293,9,5,7,6,1,-70,2,1014,18905,79,100,2,1,6
1456,15,10,1024,0,218,8,16,7,1,1,-52,1,1555,15434,42,100,2,0,0
1456,14,10,1024,0,50,4,2,7,1,1,-70,0,610,9724,34,100,3,0,0
1457,8,4,768,10,310,16,22,7,1,2,-70,10,3053,18364,92,100,3,0,0
1457,23,18,1280,0,318,13,15,7,1,3,-52,1,1293,14328,82,100,3,0,0
1458,19,18,1280,0,333,14,18,7,1,3,-52,1,814,38992,88,100,2,0,0
1455,6,5,768,0,276,17,5,5,1,2,-52,0,856,9667,82,100,2,0,0
1457,25,19,1536,0,326,17,8,7,10,4,-70,0,313,6176,85,100,1,1,6
1458,9,4,768,0,319,15,16,7,1,1,-52,0,620,10314,93,100,2,0,0
1458,20,16,1280,0,325,10,15,7,1,3,-70,0,790,8488,72,100,2,0,0
1459,4,1,512,0,282,23,9,7,2,1,-61,10,5299,32141,97,100,2,0,0
1458,17,18,1280,0,314,10,8,7,1,1,-52,0,646,9694,78,100,2,0,0
1458,27,22,1536,0,282,13,4,5,8,3,-52,0,713,7270,80,100,3,1,6
1460,2,4,768,0,316,14,3,5,1,1,-95,0,512,10175,88,100,2,0,0
1458,18,8,1024,20,298,12,39,7,1,1,-95,10,2769,31246,91,100,1,0,0
1458,16,10,1024,0,241,12,8,7,1,1,-70,4,1063,9529,80,100,1,0,0
1460,1,0,256,0,42,0,0,3,0,0,0,10,1954,17111,2246,100,1,0,0
1461,3,1,512,0,310,23,14,7,1,1,-76,2,827,7850,97,100,1,0,0
1460,28,22,1536,0,326,12,3,7,1,2,-70,1,762,21872,90,100,3,0,0
1459,30,26,1536,0,28,3,4,7,1,2,-70,0,340,5503,27,100,1,0,0
1463,22,18,1280,10,293,9,5,7,6,1,-70,2,1162,22916,79,100,2,1,6
1461,21,15,1280,0,287,10,11,7,1,3,-70,0,450,6772,67,100,1,0,0
1463,23,18,1280,10,321,13,15,7,1,3,-52,1,676,7275,82,100,2,0,0
1462,5,1,512,30,294,24,5,7,1,1,-76,10,3930,25515,97,100,1,0,0
1463,27,22,1536,0,282,13,4,5,8,3,-52,0,286,4366,80,100,1,1,6
1461,10,5,768,0,294,16,8,7,1,2,-52,8,3163,22255,83,100,1,0,0
1463,13,7,1024,0,302,11,9,7,1,1,-70,0,546,7279,67,100,2,0,0
1463,4,1,512,10,282,23,9,7,2,1,-61,10,2477,13824,97,100,1,0,0
1464,25,19,1536,0,329,17,8,7,10,4,-70,0,755,6106,86,100,3,1,6
1462,14,10,1024,0,50,4,2,7,1,1,-70,0,284,5648,34,100,1,0,0
1462,7,3,768,0,316,16,3,7,1,2,-70,1,1112,12598,88,100,2,0,0
1462,31,26,1536,0,271,11,5,5,1,2,-52,0,1105,9451,78,100,2,0,0
1461,26,16,1280,10,281,12,5,7,1,4,-95,2,2034,19425,79,100,2,0,0
1464,28,22,1536,0,328,12,3,7,1,2,-70,1,408,8827,90,100,0,0,0
1464,1,0,256,0,42,0,0,3,0,0,0,10,1066,10082,2254,100,1,0,0
1464,15,10,1024,0,222,8,16,7,1,1,-52,1,1156,12010,43,100,1,0,0
1465,17,18,1280,0,318,10,8,7,1,1,-52,0,782,7089,79,100,3,0,0
1463,11,5,768,0,312,18,2,7,1,1,-70,0,747,11239,90,100,2,0,0
1463,12,8,1024,0,345,12,5,7,1,1,-70,0,1182,12104,83,100,4,0,0
1465,29,23,1536,0,21,3,5,7,1,1,-70,0,486,9051,17,100,2,0,0
1466,19,18,1280,0,337,14,18,7,1,3,-52,1,1423,31767,88,100,3,0,0
1466,31,26,1536,0,271,11,5,5,1,2,-52,0,166,3747,78,100,0,0,0
1468,13,7,1024,0,304,11,9,7,1,1,-70,0,563,4631,67,100,2,0,0
1467,3,1,512,0,310,23,14,7,1,1,-76,2,1082,11083,97,100,1,0,0
1466,6,5,768,0,278,17,5,5,1,2,-52,0,792,11037,83,100,2,0,0
1468,9,4,768,0,321,15,16,7,1,1,-52,0,631,11663,94,100,1,0,0
1466,18,8,1024,0,299,12,40,7,1,1,-95,10,2839,33711,91,100,2,0,0
1468,8,4,768,10,313,16,22,7,1,2,-70,10,4745,28217,93,100,3,0,0
1468,27,22,1536,0,284,13,4,5,8,3,-52,0,373,4652,80,100,1,1,6
1469,2,4,768,0,318,14,3,5,1,1,-95,0,630,11169,89,100,1,0,0
1470,22,18,1280,0,296,9,5,7,6,1,-70,2,1511,27397,80,100,2,1,6
1469,26,16,1280,0,283,12,5,7,1,4,-95,2,1334,12693,80,100,1,0,0
1469,16,10,1024,10,246,12,8,7,1,1,-70,4,2728,20775,81,100,2,0,0
1470,28,22,1536,0,332,12,3,7,1,2,-70,1,708,11665,90,100,2,0,0
1471,1,0,256,0,42,0,0,3,0,0,0,10,1681,15754,2266,100,1,0,0
1470,25,19,1536,0,331,17,8,7,10,4,-70,0,561,6465,86,100,2,1,6
1470,20,16,1280,0,331,10,15,7,1,3,-70,0,1245,11914,73,100,4,0,0
1472,23,18,1280,0,326,13,15,7,1,3,-52,1,1321,13152,83,100,2,0,0
1470,30,26,1536,10,28,3,4,7,1,2,-70,0,485,10144,28,100,2,0,0
1470,18,8,1024,10,300,12,41,7,1,1,-95,10,2110,21001,92,100,2,0,0
1470,21,15,1280,10,287,10,11,7,1,3,-70,0,456,9821,68,100,2,0,0
1473,4,1,512,30,289,23,9,7,2,1,-61,10,4845,27385,98,100,2,0,0
1473,17,18,1280,10,321,10,8,7,1,1,-52,0,704,7202,79,100,2,0,0
1472,15,10,1024,0,223,8,16,7,1,1,-52,1,877,9960,43,100,2,0,0
1472,14,10,1024,0,52,4,3,7,1,1,-70,0,781,10209,35,100,5,0,0
1472,12,8,1024,10,350,12,5,7,1,1,-70,0,901,8752,83,100,2,0,0
1474,9,4,768,0,323,15,16,7,1,1,-52,0,499,7349,94,100,1,0,0
1472,10,5,768,10,296,16,8,7,1,2,-52,8,3710,25132,83,100,2,0,0
1473,5,1,512,20,297,24,5,7,1,1,-76,10,4852,31690,97,100,2,0,0
1472,7,3,768,10,319,16,3,7,1,2,-70,1,1333,17023,89,100,2,0,0
1474,29,23,1536,0,21,3,5,7,1,1,-70,0,364,8369,18,100,1,0,0
1475,8,4,768,0,314,16,22,7,1,2,-70,10,2921,17770,93,100,2,0,0
1477,22,18,1280,10,299,9,5,7,6,1,-70,2,1444,25231,80,100,2,1,6
1473,31,26,1536,0,276,11,5,5,1,2,-52,0,998,8089,79,100,2,0,0
1476,2,4,768,20,321,14,3,5,1,1,-95,0,702,8750,89,100,2,0,0
1475,18,8,1024,0,302,12,41,7,1,1,-95,10,1859,20116,92,100,1,0,0
1474,30,26,1536,0,29,3,4,7,1,2,-70,0,500,4897,28,100,1,0,0
1474,11,5,768,0,315,18,2,7,1,1,-70,0,947,13336,91,100,2,0,0
1478,19,18,1280,0,342,14,18,7,1,3,-52,1,1605,45234,89,100,3,0,0
1477,3,1,512,10,313,23,14,7,1,1,-76,2,1350,16444,98,100,1,0,0
1474,20,16,1280,10,336,10,15,7,1,3,-70,0,697,5410,73,100,1,0,0
1478,13,7,1024,0,308,11,9,7,1,1,-70,0,811,10387,68,100,2,0,0
1475,16,10,1024,0,249,12,8,7,1,1,-70,4,1804,11923,82,100,1,0,0
1476,14,10,1024,0,54,4,3,7,1,1,-70,0,683,4310,35,100,2,0,0
1480,27,22,1536,0,288,13,4,5,8,3,-52,0,999,10889,81,100,3,1,6
1476,10,5,768,0,298,16,8,7,1,2,-52,8,1879,12251,84,100,1,0,0
1477,6,5,768,0,279,17,5,5,1,2,-52,0,592,9764,84,100,2,0,0
1481,28,22,1536,0,335,12,3,7,1,2,-70,1,892,20742,91,100,3,0,0
1478,26,16,1280,0,286,12,5,7,1,4,-95,2,1664,16310,81,100,2,0,0
1479,21,15,1280,0,288,10,11,7,1,3,-70,0,545,8191,68,100,1,0,0
1479,18,8,1024,0,302,12,41,7,1,1,-95,10,1106,16768,92,100,1,0,0
1481,1,0,256,0,42,0,0,3,0,0,0,10,2874,26302,2286,100,2,0,0
1480,5,1,512,10,299,24,5,7,1,1,-76,10,2972,18766,98,100,2,0,0
1481,25,19,1536,0,337,17,8,7,10,4,-70,0,1208,11441,87,100,4,1,6
1480,16,10,1024,0,250,12,8,7,1,1,-70,4,817,7616,82,100,1,0,0
1480,23,18,1280,0,330,13,15,7,1,3,-52,1,1236,13236,83,100,4,0,0
1482,8,4,768,10,315,16,22,7,1,2,-70,10,2145,14600,93,100,2,0,0
1483,4,1,512,20,292,23,9,7,2,1,-61,10,4971,28952,99,100,3,0,0
1481,17,18,1280,0,325,10,8,7,1,1,-52,0,928,10191,80,100,4,0,0
1482,15,10,1024,0,227,8,16,7,1,1,-52,1,1296,13401,44,100,2,0,0
1482,12,8,1024,0,352,12,5,7,1,1,-70,0,802,10205,84,100,3,0,0
1481,31,26,1536,0,278,11,5,5,1,2,-52,0,524,8181,79,100,1,0,0
1483,29,23,1536,0,21,3,5,7,1,1,-70,0,429,9022,18,100,2,0,0
1484,9,4,768,0,327,15,16,7,1,1,-52,0,941,13876,95,100,2,0,0
1483,11,5,768,10,317,18,2,7,1,1,-70,0,704,10320,92,100,2,0,0
1483,7,3,768,0,322,16,3,7,1,2,-70,1,1282,16283,90,100,2,0,0
1484,13,7,1024,10,312,11,9,7,1,1,-70,0,805,7422,68,100,3,0,0
1485,2,4,768,0,323,14,3,5,1,1,-95,0,700,11877,90,100,1,0,0
1487,27,22,1536,0,291,13,4,5,8,3,-52,0,755,6441,82,100,3,1,6
1483,30,26,1536,10,29,3,4,7,1,2,-70,0,782,8698,29,100,2,0,0
1486,1,0,256,0,42,0,0,3,0,0,0,10,1350,12621,2295,100,1,0,0
1484,20,16,1280,10,340,10,15,7,1,3,-70,0,911,10250,74,100,3,0,0
1485,21,15,1280,0,290,10,11,7,1,3,-70,0,501,5638,68,100,1,0,0
1486,8,4,768,20,317,16,22,7,1,2,-70,10,1617,10041,94,100,1,0,0
1485,6,5,768,0,281,17,5,5,1,2,-52,0,521,7258,84,100,1,0,0
1486,14,10,1024,0,54,4,3,7,1,1,-70,0,388,9243,36,100,1,0,0
1485,19,18,1280,0,343,14,18,7,1,3,-52,1,1036,36083,90,100,3,0,0
1486,3,1,512,0,313,23,14,7,1,1,-76,2,1232,16008,98,100,2,0,0
1488,28,22,1536,0,337,12,3,7,1,2,-70,1,668,13416,91,100,2,0,0
1487,22,18,1280,0,303,9,5,7,6,1,-70,2,2306,43700,81,100,4,1,6
1488,31,26,1536,0,278,11,5,5,1,2,-52,0,439,5693,80,100,2,0,0
1489,4,1,512,10,292,23,9,7,2,1,-61,10,3111,19249,99,100,1,0,0
1489,25,19,1536,0,339,17,8,7,10,4,-70,0,563,6906,87,100,2,1,6
1490,9,4,768,0,328,15,16,7,1,1,-52,0,448,6676,96,100,1,0,0
1488,10,5,768,0,300,16,8,7,1,2,-52,8,3550,25672,84,100,2,0,0
1488,20,16,1280,0,340,10,15,7,1,3,-70,0,289,4171,74,100,1,0,0
1490,26,16,1280,10,290,12,5,7,1,4,-95,2,1710,16853,81,100,2,0,0
1489,13,7,1024,0,312,11,9,7,1,1,-70,0,342,5228,69,100,1,0,0
1490,1,0,256,0,42,0,0,3,0,0,0,10,1365,12259,2308,100,1,0,0
1490,7,3,768,0,323,16,3,7,1,2,-70,1,905,10209,90,100,1,0,0
1489,17,18,1280,0,326,10,8,7,1,1,-52,0,474,8313,81,100,1,0,0
1490,23,18,1280,0,333,13,15,7,1,3,-52,1,1196,12691,84,100,2,0,0
1490,21,15,1280,0,290,10,11,7,1,3,-70,0,319,4345,69,100,1,0,0
1491,18,8,1024,10,304,12,41,7,1,1,-95,10,4093,47131,93,100,2,0,0
1492,5,1,512,10,302,24,5,7,1,1,-76,10,4573,29409,99,100,2,0,0
1492,27,22,1536,0,291,13,4,5,8,3,-52,0,286,4919,82,100,1,1,6
1492,11,5,768,0,318,18,2,7,1,1,-70,0,459,8851,92,100,1,0,0
1492,8,4,768,20,319,16,22,7,1,2,-70,10,2644,15013,94,100,1,0,0
1491,16,10,1024,0,252,12,8,7,1,1,-70,4,2328,18807,83,100,2,0,0
1491,12,8,1024,10,356,12,5,7,1,1,-70,0,732,8141,84,100,2,0,0
1493,28,22,1536,0,338,12,3,7,1,2,-70,1,454,10441,92,100,1,0,0
1492,15,10,1024,0,229,8,16,7,1,1,-52,1,1330,14047,45,100,2,0,0
1492,29,23,1536,10,21,3,5,7,1,1,-70,0,461,8659,19,100,2,0,0
1494,31,26,1536,0,279,11,5,5,1,2,-52,0,296,5415,80,100,0,0,0
1494,2,4,768,0,327,14,3,5,1,1,-95,0,917,10943,91,100,2,0,0
1494,14,10,1024,0,55,4,3,7,1,1,-70,0,506,7633,36,100,3,0,0
1493,19,18,1280,20,345,14,18,7,1,3,-52,1,840,28580,90,100,1,0,0
1493,30,26,1536,0,29,3,4,7,1,2,-70,0,454,9783,29,100,2,0,0
1495,20,16,1280,0,342,10,15,7,1,3,-70,0,495,6357,74,100,2,0,0
1496,3,1,512,0,315,23,14,7,1,1,-76,2,1420,14866,99,100,2,0,0
1496,25,19,1536,0,342,17,8,7,10,4,-70,0,851,8306,88,100,2,1,6
1496,4,1,512,0,294,23,9,7,2,1,-61,10,3969,21950,100,100,2,0,0
1497,6,5,768,0,283,17,5,5,1,2,-52,0,698,9759,85,100,2,0,0
1497,8,4,768,30,322,16,22,7,1,2,-70,10,2021,12308,95,100,2,0,0
1496,16,10,1024,0,254,12,8,7,1,1,-70,4,1349,9723,83,100,1,0,0
1495,17,18,1280,0,328,10,8,7,1,1,-52,0,494,5738,81,100,2,0,0
1497,12,8,1024,0,357,12,5,7,1,1,-70,0,546,5622,85,100,2,0,0
1498,27,22,1536,0,292,13,4,5,8,3,-52,0,552,6179,82,100,2,1,6
1499,11,5,768,10,323,18,2,7,1,1,-70,0,987,9273,93,100,1,0,0
1497,7,3,768,10,325,16,3,7,1,2,-70,1,750,11716,91,100,1,0,0
1496,23,18,1280,0,337,13,15,7,1,3,-52,1,948,8406,84,100,2,0,0
1499,5,1,512,30,302,24,5,7,1,1,-76,10,2871,18932,99,100,1,0,0
1497,22,18,1280,10,307,9,5,7,6,1,-70,2,2054,37795,82,100,4,1,6
1498,26,16,1280,0,292,12,5,7,1,4,-95,2,1366,14172,82,100,1,0,0
1499,2,4,768,0,327,14,3,5,1,1,-95,0,284,6427,91,100,1,0,0
1498,29,23,1536,0,21,3,5,7,1,1,-70,0,309,6013,19,100,1,0,0
1499,14,10,1024,0,55,4,3,7,1,1,-70,0,316,4508,37,100,1,0,0
1499,13,7,1024,0,315,11,9,7,1,1,-70,0,745,9410,69,100,3,0,0
1500,18,8,1024,0,306,12,41,7,1,1,-95,10,3187,39998,94,100,1,0,0
1498,21,15,1280,0,291,10,11,7,1,3,-70,0,539,8617,69,100,2,0,0
1500,10,5,768,0,302,16,8,7,1,2,-52,8,3823,24529,85,100,2,0,0
1502,9,4,768,0,332,15,16,7,1,1,-52,0,973,14375,96,100,3,0,0
1501,1,0,256,0,42,0,0,3,0,0,0,10,2894,27232,2324,100,2,0,0
1501,4,1,512,10,296,23,9,7,2,1,-61,10,2637,13893,100,100,1,0,0
1503,27,22,1536,0,292,13,4,5,8,3,-52,0,221,4210,83,100,1,1,6
1500,15,10,1024,0,231,8,16,7,1,1,-52,1,765,9339,45,100,1,0,0
1503,28,22,1536,0,342,12,3,7,1,2,-70,1,854,19195,92,100,3,0,0
1501,20,16,1280,0,343,10,15,7,1,3,-70,0,450,5275,75,100,1,0,0
1501,17,18,1280,0,331,10,8,7,1,1,-52,0,607,5660,81,100,1,0,0
1503,5,1,512,0,303,24,5,7,1,1,-76,10,1660,11028,99,100,1,0,0
1503,25,19,1536,0,343,17,8,7,10,4,-70,0,388,5639,88,100,2,1,6
1504,11,5,768,0,323,18,2,7,1,1,-70,0,313,6476,93,100,1,0,0
1504,3,1,512,0,316,23,14,7,1,1,-76,2,1006,12165,99,100,1,0,0
1503,19,18,1280,0,349,14,18,7,1,3,-52,1,1738,40930,91,100,3,0,0
1505,30,26,1536,0,29,3,4,7,1,2,-70,0,472,9453,30,100,1,0,0
1504,23,18,1280,0,338,13,15,7,1,3,-52,1,832,10630,85,100,1,0,0
1505,12,8,1024,10,359,12,6,7,1,1,-70,0,551,8308,85,100,2,0,0
1506,31,26,1536,0,281,11,5,5,1,2,-52,0,822,11369,81,100,3,0,0
1505,29,23,1536,0,22,3,5,7,1,1,-70,0,554,6416,20,100,1,0,0
1506,2,4,768,0,328,14,3,5,1,1,-95,0,390,7469,91,100,1,0,0
1506,1,0,256,0,42,0,0,3,0,0,0,10,1417,12058,2338,100,1,0,0
1508,28,22,1536,0,343,12,3,7,1,2,-70,1,616,9455,93,100,2,0,0
1507,6,5,768,0,285,17,5,5,1,2,-52,0,698,9604,86,100,2,0,0
1506,22,18,1280,0,311,9,5,7,6,1,-70,2,2253,35180,82,100,3,1,6
1507,8,4,768,0,323,16,22,7,1,2,-70,10,4277,25450,95,100,2,0,0
1507,26,16,1280,0,294,12,5,7,1,4,-95,2,1437,14747,83,100,3,0,0
1508,7,3,768,10,327,16,3,7,1,2,-70,1,951,14851,91,100,2,0,0
1507,14,10,1024,0,58,4,3,7,1,1,-70,0,689,8587,37,100,2,0,0
1509,5,1,512,30,304,24,5,7,1,1,-76,10,2236,16087,100,100,1,0,0
1509,18,8,1024,0,308,12,41,7,1,1,-95,10,3785,35164,94,100,3,0,0
1509,11,5,768,0,324,18,2,7,1,1,-70,0,391,5851,93,100,1,0,0
1508,13,7,1024,0,316,11,9,7,1,1,-70,0,496,9056,70,100,1,0,0
1510,9,4,768,0,336,15,16,7,1,1,-52,0,918,10452,97,100,2,0,0
1509,19,18,1280,0,351,14,18,7,1,3,-52,1,557,18872,91,100,2,0,0
1507,20,16,1280,0,346,10,15,7,1,3,-70,0,602,6499,75,100,2,0,0
1507,16,10,1024,0,256,12,8,7,1,1,-70,4,2384,20270,84,100,2,0,0
1508,21,15,1280,0,292,10,11,7,1,3,-70,0,571,8059,70,100,2,0,0
1510,10,5,768,0,304,16,8,7,1,2,-52,8,3108,21746,86,100,2,0,0
1511,3,1,512,0,319,23,14,7,1,1,-76,2,1396,12321,100,100,2,0,0
1509,15,10,1024,0,234,8,16,7,1,1,-52,1,1127,12503,46,100,1,0,0
1511,17,18,1280,0,331,10,8,7,1,1,-52,0,557,9962,82,100,2,0,0
1512,4,1,512,0,299,23,9,7,2,1,-61,10,5289,33039,101,100,1,0,0
1514,7,3,768,0,327,16,3,7,1,2,-70,1,713,8772,92,100,1,0,0
1511,27,22,1536,0,298,13,4,5,8,3,-52,0,1323,11392,83,100,3,1,6
1511,25,19,1536,0,345,17,8,7,10,4,-70,0,762,9352,89,100,3,1,6
1512,30,26,1536,0,30,3,4,7,1,2,-70,0,608,6626,30,100,3,0,0
1513,23,18,1280,0,342,13,15,7,1,3,-52,1,1095,11256,85,100,3,0,0
1514,1,0,256,0,42,0,0,3,0,0,0,10,2261,21280,2351,100,1,0,0
1512,28,22,1536,0,349,12,3,7,1,2,-70,1,1169,15304,93,100,2,0,0
1514,2,4,768,10,335,14,3,5,1,1,-95,0,1204,11198,92,100,2,0,0
1514,31,26,1536,0,285,11,5,5,1,2,-52,0,739,7937,81,100,1,0,0
1515,9,4,768,10,337,15,16,7,1,1,-52,0,368,6468,97,100,1,0,0
1515,6,5,768,0,286,17,5,5,1,2,-52,0,535,7879,86,100,2,0,0
1515,13,7,1024,0,317,11,9,7,1,1,-70,0,392,6530,70,100,1,0,0
1514,20,16,1280,0,351,10,15,7,1,3,-70,0,1063,8148,76,100,3,0,0
1516,18,8,1024,10,311,12,42,7,1,1,-95,10,2708,32729,95,100,3,0,0
1515,16,10,1024,0,260,12,8,7,1,1,-70,4,2136,14406,84,100,2,0,0
1517,22,18,1280,0,313,9,5,7,6,1,-70,2,1562,32781,83,100,2,1,6
1516,10,5,768,10,305,16,8,7,1,2,-52,8,1989,14280,86,100,1,0,0
1516,29,23,1536,0,24,3,5,7,1,1,-70,0,952,10175,20,100,4,0,0
1517,11,5,768,0,328,18,2,7,1,1,-70,0,917,10718,94,100,2,0,0
1517,4,1,512,10,302,23,9,7,2,1,-61,10,2691,14707,101,100,1,0,0
1517,12,8,1024,0,361,12,6,7,1,1,-70,0,726,11926,86,100,2,0,0
1517,30,26,1536,0,31,3,4,7,1,2,-70,0,333,4496,31,100,1,0,0
1516,14,10,1024,0,61,4,3,7,1,1,-70,0,944,9472,38,100,3,0,0
1517,3,1,512,0,320,23,14,7,1,1,-76,2,920,11664,100,100,1,0,0
1518,8,4,768,10,326,16,22,7,1,2,-70,10,3788,24984,96,100,2,0,0
1518,23,18,1280,0,344,13,15,7,1,3,-52,1,738,6064,86,100,2,0,0
1518,5,1,512,20,307,24,5,7,1,1,-76,10,4592,28234,100,100,2,0,0
1517,26,16,1280,0,298,12,5,7,1,4,-95,2,1864,16732,83,100,3,0,0
1520,1,0,256,0,42,0,0,3,0,0,0,10,1601,14983,2365,100,1,0,0
1521,7,3,768,0,327,16,3,7,1,2,-70,1,790,11207,92,100,2,0,0
1520,29,23,1536,0,24,3,5,7,1,1,-70,0,342,4803,21,100,1,0,0
1518,21,15,1280,0,293,10,11,7,1,3,-70,0,619,10953,71,100,2,0,0
1520,19,18,1280,0,354,14,18,7,1,3,-52,1,1425,43936,92,100,3,0,0
1519,15,10,1024,0,235,8,16,7,1,1,-52,1,1014,13142,47,100,2,0,0
1520,28,22,1536,0,351,12,3,7,1,2,-70,1,771,13250,94,100,2,0,0
1522,30,26,1536,0,32,3,4,7,1,2,-70,0,391,5023,31,100,1,0,0
1522,9,4,768,0,340,15,16,7,1,1,-52,0,714,9126,98,100,1,0,0
1520,27,22,1536,0,301,13,4,5,8,3,-52,0,763,9819,84,100,3,1,6
1524,17,18,1280,0,334,10,8,7,1,1,-52,0,808,10915,83,100,2,0,0
1523,26,16,1280,0,300,12,5,7,1,4,-95,2,962,9739,84,100,1,0,0
1525,11,5,768,0,332,18,2,7,1,1,-70,0,630,9218,94,100,1,0,0
1524,13,7,1024,0,320,11,9,7,1,1,-70,0,777,8590,71,100,3,0,0
1523,25,19,1536,0,349,17,8,7,10,4,-70,0,1000,11936,90,100,3,1,6
1524,2,4,768,0,339,14,3,5,1,1,-95,0,937,12172,93,100,2,0,0
1524,8,4,768,20,327,16,22,7,1,2,-70,10,2235,15254,96,100,1,0,0
1525,14,10,1024,0,64,4,3,7,1,1,-70,0,629,8458,38,100,1,0,0
1526,22,18,1280,0,317,9,5,7,6,1,-70,2,1858,31783,84,100,3,1,6
1526,6,5,768,0,291,17,5,5,1,2,-52,0,1019,10222,87,100,2,0,0
1526,1,0,256,0,42,0,0,3,0,0,0,10,1529,14263,2373,100,1,0,0
1524,31,26,1536,10,287,11,5,5,1,2,-52,0,701,10724,82,100,2,0,0
1525,12,8,1024,0,364,12,6,7,1,1,-70,0,778,8029,87,100,3,0,0
1526,3,1,512,0,324,23,14,7,1,1,-76,2,1582,14716,101,100,2,0,0
1527,10,5,768,20,308,16,8,7,1,2,-52,8,3224,23419,87,100,2,0,0
1526,16,10,1024,10,261,12,8,7,1,1,-70,4,2169,19219,85,100,2,0,0
1528,18,8,1024,10,312,12,42,7,1,1,-95,10,3706,49843,96,100,2,0,0
1528,13,7,1024,0,320,11,9,7,1,1,-70,0,261,4131,71,100,1,0,0
1528,4,1,512,0,305,23,9,7,2,1,-61,10,5415,32202,102,100,2,0,0
1526,20,16,1280,10,356,10,15,7,1,3,-70,0,1042,11882,77,100,3,0,0
1527,7,3,768,0,331,16,3,7,1,2,-70,1,1266,13236,93,100,1,0,0
1526,28,22,1536,0,355,12,3,7,1,2,-70,1,737,11148,94,100,2,0,0
1528,5,1,512,10,308,24,5,7,1,1,-76,10,3618,25910,101,100,1,0,0
1529,9,4,768,10,344,15,16,7,1,1,-52,0,809,9395,98,100,2,0,0
1529,23,18,1280,0,346,13,15,7,1,3,-52,1,1078,13977,86,100,3,0,0
1528,19,18,1280,0,356,14,18,7,1,3,-52,1,1033,29580,93,100,3,0,0
1530,8,4,768,0,329,16,22,7,1,2,-70,10,1990,11964,97,100,1,0,0
1530,2,4,768,0,341,14,3,5,1,1,-95,0,568,7320,93,100,1,0,0
1527,21,15,1280,0,296,10,11,7,1,3,-70,0,633,9035,71,100,1,0,0
1528,27,22,1536,0,305,13,4,5,8,3,-52,0,951,8251,85,100,3,1,6
1529,26,16,1280,0,305,12,5,7,1,4,-95,2,1513,9965,84,100,2,0,0
1529,30,26,1536,0,38,3,4,7,1,2,-70,0,1097,9106,32,100,3,0,0
1531,29,23,1536,0,24,3,5,7,1,1,-70,0,333,9146,21,100,1,0,0
1530,15,10,1024,0,236,8,16,7,1,1,-52,1,1041,13549,47,100,2,0,0
1533,22,18,1280,10,319,9,5,7,6,1,-70,2,1239,27029,84,100,2,1,6
1533,6,5,768,0,291,17,5,5,1,2,-52,0,285,5955,87,100,1,0,0
1532,17,18,1280,20,337,10,8,7,1,1,-52,0,622,8175,83,100,2,0,0
1532,3,1,512,0,325,23,14,7,1,1,-76,2,925,9814,101,100,1,0,0
1532,16,10,1024,0,261,12,8,7,1,1,-70,4,1138,10581,85,100,1,0,0
1533,5,1,512,0,308,24,5,7,1,1,-76,10,1671,11735,101,100,1,0,0
1532,7,3,768,0,332,16,3,7,1,2,-70,1,601,7576,93,100,1,0,0
1533,25,19,1536,0,353,17,8,7,10,4,-70,0,826,9782,90,100,2,1,6
1534,4,1,512,10,306,23,9,7,2,1,-61,10,3121,17697,102,100,1,0,0
1534,8,4,768,10,329,16,22,7,1,2,-70,10,1748,11564,97,100,1,0,0
1534,13,7,1024,0,323,11,9,7,1,1,-70,0,662,6413,72,100,1,0,0
1535,18,8,1024,0,313,12,42,7,1,1,-95,10,2801,29117,96,100,1,0,0
1535,1,0,256,0,42,0,0,3,0,0,0,10,2588,23617,2391,100,2,0,0
1536,11,5,768,0,333,18,2,7,1,1,-70,0,620,12411,95,100,2,0,0
1533,28,22,1536,20,357,12,3,7,1,2,-70,1,604,11962,95,100,1,0,0
1535,26,16,1280,0,306,12,5,7,1,4,-95,2,771,8885,84,100,1,0,0
1537,9,4,768,0,346,15,16,7,1,1,-52,0,607,8997,99,100,1,0,0
1536,12,8,1024,0,367,12,6,7,1,1,-70,0,775,11102,87,100,2,0,0
1535,31,26,1536,10,288,11,5,5,1,2,-52,0,666,9708,83,100,2,0,0
1536,10,5,768,20,313,16,8,7,1,2,-52,8,3515,21381,87,100,2,0,0
1539,23,18,1280,0,350,13,15,7,1,3,-52,1,1154,12636,87,100,1,0,0
1537,3,1,512,0,325,23,14,7,1,1,-76,2,805,8747,102,100,1,0,0
1535,30,26,1536,0,39,3,4,7,1,2,-70,0,392,4841,32,100,1,0,0
1538,5,1,512,40,312,24,5,7,1,1,-76,10,2353,14783,102,100,1,0,0
1534,21,15,1280,0,298,10,11,7,1,3,-70,0,678,6876,72,100,2,0,0
1538,29,23,1536,0,25,3,5,7,1,1,-70,0,538,6821,22,100,3,0,0
1539,2,4,768,0,344,14,3,5,1,1,-95,0,827,11724,94,100,3,0,0
1538,7,3,768,0,334,16,3,7,1,2,-70,1,818,9543,93,100,1,0,0
1540,19,18,1280,10,358,14,18,7,1,3,-52,1,1062,39471,93,100,1,0,0
1541,17,18,1280,10,339,10,8,7,1,1,-52,0,688,8137,84,100,1,0,0
1537,14,10,1024,0,67,4,3,7,1,1,-70,0,921,11066,39,100,4,0,0
1538,20,16,1280,0,357,10,15,7,1,3,-70,0,542,10312,77,100,2,0,0
1538,15,10,1024,0,240,8,16,7,1,1,-52,1,1245,10740,48,100,2,0,0
1541,13,7,1024,0,326,11,9,7,1,1,-70,0,630,6584,72,100,1,0,0
1541,8,4,768,10,332,16,22,7,1,2,-70,10,2472,15800,97,100,1,0,0
1540,11,5,768,10,334,18,2,7,1,1,-70,0,368,5675,95,100,1,0,0
1541,6,5,768,10,293,17,5,5,1,2,-52,0,470,7538,88,100,1,0,0
1539,21,15,1280,0,299,10,11,7,1,3,-70,0,273,4411,72,100,0,0,0
1541,25,19,1536,0,357,17,8,7,10,4,-70,0,953,8448,91,100,3,1,6
1543,27,22,1536,0,311,13,4,5,8,3,-52,0,1256,13668,85,100,3,1,6
1543,10,5,768,0,317,16,8,7,1,2,-52,8,2250,14323,88,100,1,0,0
1543,3,1,512,0,327,23,14,7,1,1,-76,2,1034,8365,102,100,1,0,0
1543,28,22,1536,0,357,12,3,7,1,2,-70,1,503,13248,95,100,1,0,0
1543,4,1,512,10,307,23,9,7,2,1,-61,10,4242,25884,103,100,2,0,0
1543,18,8,1024,10,317,12,42,7,1,1,-95,10,3362,37788,97,100,2,0,0
1544,22,18,1280,0,325,9,5,7,6,1,-70,2,2533,42137,85,100,3,1,6
1543,31,26,1536,10,290,11,5,5,1,2,-52,0,622,7771,83,100,2,0,0
1544,1,0,256,0,42,0,0,3,0,0,0,10,2480,23469,2408,100,1,0,0
1544,9,4,768,10,347,15,16,7,1,1,-52,0,308,9040,99,100,1,0,0
1544,30,26,1536,0,42,3,4,7,1,2,-70,0,685,8104,33,100,1,0,0
1545,23,18,1280,0,350,13,15,7,1,3,-52,1,674,8228,87,100,2,0,0
1545,2,4,768,0,345,14,3,5,1,1,-95,0,391,6741,94,100,1,0,0
1547,27,22,1536,0,312,13,4,5,8,3,-52,0,493,5391,86,100,1,1,6
1546,12,8,1024,0,367,12,6,7,1,1,-70,0,487,9171,88,100,2,0,0
1544,16,10,1024,10,262,12,8,7,1,1,-70,4,2308,19058,86,100,2,0,0
1544,20,16,1280,0,358,10,15,7,1,3,-70,0,451,5435,78,100,1,0,0
1547,29,23,1536,0,25,3,5,7,1,1,-70,0,308,7107,22,100,1,0,0
1544,26,16,1280,10,307,12,5,7,1,4,-95,2,1762,15775,85,100,2,0,0
1545,25,19,1536,0,360,17,8,7,10,4,-70,0,650,4550,91,100,1,1,6
1545,7,3,768,10,336,16,3,7,1,2,-70,1,1052,11895,94,100,2,0,0
1545,14,10,1024,0,69,4,3,7,1,1,-70,0,579,8044,40,100,1,0,0
1548,4,1,512,10,308,23,9,7,2,1,-61,10,2325,12906,103,100,1,0,0
1544,21,15,1280,0,301,10,11,7,1,3,-70,0,557,5438,73,100,1,0,0
1547,3,1,512,10,329,23,14,7,1,1,-76,2,828,8580,102,100,1,0,0
1547,6,5,768,0,295,17,5,5,1,2,-52,0,629,6662,88,100,1,0,0
1549,19,18,1280,0,358,14,18,7,1,3,-52,1,1194,34917,94,100,2,0,0
1548,31,26,1536,0,291,11,5,5,1,2,-52,0,450,5036,84,100,1,0,0
1550,17,18,1280,0,341,10,8,7,1,1,-52,0,702,8936,85,100,2,0,0
1550,1,0,256,0,42,0,0,3,0,0,0,10,1603,14702,2421,100,1,0,0
1548,15,10,1024,0,243,8,16,7,1,1,-52,1,1286,13251,49,100,1,0,0
1550,5,1,512,50,315,24,5,7,1,1,-76,10,4973,31388,103,100,2,0,0
1551,28,22,1536,0,358,12,3,7,1,2,-70,1,641,13683,96,100,2,0,0
1550,10,5,768,0,317,16,8,7,1,2,-52,8,2683,17460,88,100,1,0,0
1553,22,18,1280,0,328,9,5,7,6,1,-70,2,1893,31717,85,100,3,1,6
1552,9,4,768,0,349,15,16,7,1,1,-52,0,812,9782,100,100,2,0,0
1552,13,7,1024,0,328,11,10,7,1,1,-70,0,728,10372,73,100,3,0,0
1552,8,4,768,0,335,16,22,7,1,2,-70,10,4253,26948,98,100,2,0,0
1551,14,10,1024,0,71,4,3,7,1,1,-70,0,498,5821,40,100,1,0,0
1553,18,8,1024,0,320,12,42,7,1,1,-95,10,3671,43384,97,100,2,0,0
1552,11,5,768,0,335,18,2,7,1,1,-70,0,645,14007,96,100,2,0,0
1553,2,4,768,10,348,14,3,5,1,1,-95,0,605,9706,95,100,1,0,0
1552,20,16,1280,10,363,10,15,7,1,3,-70,0,733,7883,78,100,2,0,0
1553,6,5,768,0,297,17,5,5,1,2,-52,0,553,5800,89,100,1,0,0
1555,17,18,1280,0,342,10,8,7,1,1,-52,0,393,5338,85,100,1,0,0
1553,30,26,1536,0,46,3,4,7,1,2,-70,0,851,9873,33,100,3,0,0
1554,3,1,512,0,331,23,14,7,1,1,-76,2,1059,11360,103,100,2,0,0
1555,12,8,1024,0,370,12,6,7,1,1,-70,0,686,8590,89,100,1,0,0
1552,31,26,1536,0,291,11,5,5,1,2,-52,0,286,5014,84,100,1,0,0
1554,25,19,1536,0,365,17,8,7,10,4,-70,0,1052,9329,92,100,2,1,6
1555,23,18,1280,0,351,13,15,7,1,3,-52,1,883,13059,88,100,1,0,0
1556,5,1,512,30,318,24,5,7,1,1,-76,10,2546,15979,103,100,1,0,0
1557,9,4,768,0,349,15,16,7,1,1,-52,0,164,4920,100,100,0,0,0
1552,21,15,1280,10,303,10,11,7,1,3,-70,0,515,7460,73,100,2,0,0
1555,16,10,1024,0,263,12,8,7,1,1,-70,4,2151,18850,87,100,2,0,0
1555,26,16,1280,0,311,12,5,7,1,4,-95,2,1852,18815,86,100,2,0,0
1557,4,1,512,10,308,23,9,7,2,1,-61,10,4405,26636,104,100,2,0,0
1557,8,4,768,10,336,16,22,7,1,2,-70,10,1968,11536,99,100,1,0,0
1555,14,10,1024,0,71,4,3,7,1,1,-70,0,284,4056,40,100,1,0,0
1558,27,22,1536,0,317,13,4,5,8,3,-52,0,947,13179,86,100,3,1,6
1558,22,18,1280,0,329,9,5,7,6,1,-70,2,980,20353,86,100,2,1,6
1557,20,16,1280,0,364,10,15,7,1,3,-70,0,558,5720,79,100,1,0,0
1558,29,23,1536,0,26,3,5,7,1,1,-70,0,610,10957,23,100,3,0,0
1557,7,3,768,0,338,16,3,7,1,2,-70,1,1197,18084,95,100,2,0,0
1558,28,22,1536,0,361,12,3,7,1,2,-70,1,710,13509,96,100,2,0,0
1560,19,18,1280,0,362,14,18,7,1,3,-52,1,1649,41124,95,100,2,0,0
1560,3,1,512,0,334,23,14,7,1,1,-76,2,839,7556,103,100,2,0,0
1558,25,19,1536,10,367,17,8,7,10,4,-70,0,472,3931,92,100,2,1,6
1560,15,10,1024,0,245,8,16,7,1,1,-52,1,1354,15404,49,100,3,0,0
1561,1,0,256,0,42,0,0,3,0,0,0,10,2994,28063,2442,100,2,0,0
1560,17,18,1280,0,343,10,8,7,1,1,-52,0,393,5385,85,100,1,0,0
1562,6,5,768,0,298,17,5,5,1,2,-52,0,511,7811,89,100,2,0,0
1561,18,8,1024,0,322,12,42,7,1,1,-95,10,3358,38116,98,100,1,0,0
1562,10,5,768,0,321,16,8,7,1,2,-52,8,3605,25317,89,100,2,0,0
1562,16,10,1024,20,263,12,8,7,1,1,-70,4,1294,12277,87,100,1,0,0
1562,13,7,1024,0,331,11,10,7,1,1,-70,0,809,10047,74,100,2,0,0
1563,2,4,768,0,349,14,3,5,1,1,-95,0,643,11581,95,100,2,0,0
1561,26,16,1280,10,313,12,5,7,1,4,-95,2,942,9733,86,100,1,0,0
1561,21,15,1280,0,307,10,11,7,1,3,-70,0,903,8819,74,100,1,0,0
1561,31,26,1536,10,294,11,5,5,1,2,-52,0,580,7763,85,100,1,0,0
1564,25,19,1536,0,370,17,8,7,10,4,-70,0,631,4591,92,100,2,1,6
1564,11,5,768,0,340,18,2,7,1,1,-70,0,1074,14322,97,100,2,0,0
1565,22,18,1280,0,334,9,5,7,6,1,-70,2,1510,27238,86,100,3,1,6
1563,30,26,1536,0,47,3,4,7,1,2,-70,0,592,9980,34,100,2,0,0
1566,3,1,512,0,336,23,14,7,1,1,-76,2,902,9706,104,100,1,0,0
1566,8,4,768,10,339,16,22,7,1,2,-70,10,3298,20908,99,100,2,0,0
1565,12,8,1024,0,372,12,6,7,1,1,-70,0,662,10447,89,100,3,0,0
1567,5,1,512,20,321,24,5,7,1,1,-76,10,4409,28362,104,100,2,0,0
1565,14,10,1024,0,76,4,3,7,1,1,-70,0,1014,10342,41,100,3,0,0
1565,18,8,1024,20,325,12,42,7,1,1,-95,10,1812,19039,98,100,1,0,0
1567,2,4,768,0,350,14,3,5,1,1,-95,0,446,5499,96,100,2,0,0
1565,7,3,768,0,341,16,3,7,1,2,-70,1,1046,12907,95,100,1,0,0
1565,23,18,1280,10,357,13,15,7,1,3,-52,1,1487,13259,89,100,3,0,0
1568,9,4,768,0,353,15,16,7,1,1,-52,0,966,14285,101,100,2,0,0
1565,13,7,1024,10,331,11,10,7,1,1,-70,0,263,4537,74,100,1,0,0
1565,29,23,1536,0,26,3,5,7,1,1,-70,0,462,7464,24,100,2,0,0
1567,20,16,1280,0,370,10,15,7,1,3,-70,0,1050,9245,79,100,2,0,0
1566,31,26,1536,10,296,11,5,5,1,2,-52,0,501,5597,85,100,1,0,0
1567,27,22,1536,0,322,13,4,5,8,3,-52,0,1059,11874,87,100,3,1,6
1569,4,1,512,20,309,23,9,7,2,1,-61,10,5349,33021,104,100,2,0,0
1567,19,18,1280,0,364,14,18,7,1,3,-52,1,1203,29398,95,100,1,0,0
1567,15,10,1024,10,246,8,16,7,1,1,-52,1,747,9008,50,100,1,0,0
1569,30,26,1536,0,50,3,4,7,1,2,-70,0,605,5418,34,100,1,0,0
1567,28,22,1536,10,363,12,3,7,1,2,-70,1,730,15025,97,100,2,0,0
1568,17,18,1280,0,345,10,8,7,1,1,-52,0,580,8194,86,100,1,0,0
1571,8,4,768,30,341,16,22,7,1,2,-70,10,2065,11943,99,100,0,0,0
1570,11,5,768,0,342,18,2,7,1,1,-70,0,621,8972,97,100,2,0,0
1570,10,5,768,0,323,16,8,7,1,2,-52,8,3095,20048,90,100,2,0,0
1570,13,7,1024,0,332,11,11,7,1,1,-70,0,422,4765,74,100,2,0,0
1572,1,0,256,0,42,0,0,3,0,0,0,10,3027,27382,2462,100,3,0,0
1571,19,18,1280,10,366,14,18,7,1,3,-52,1,484,15481,95,100,1,0,0
1571,2,4,768,0,350,14,3,5,1,1,-95,0,259,4996,96,100,1,0,0
1570,26,16,1280,0,315,12,5,7,1,4,-95,2,1612,14961,87,100,1,0,0
1569,21,15,1280,0,310,10,11,7,1,3,-70,0,729,8327,74,100,2,0,0
1571,18,8,1024,20,327,12,42,7,1,1,-95,10,2173,24270,99,100,1,0,0
1572,5,1,512,40,323,24,5,7,1,1,-76,10,2655,16902,104,100,1,0,0
1571,12,8,1024,0,375,12,6,7,1,1,-70,0,663,6733,90,100,1,0,0
1573,9,4,768,10,355,15,16,7,1,1,-52,0,476,6522,101,100,1,0,0
1573,6,5,768,0,299,17,5,5,1,2,-52,0,591,9857,90,100,2,0,0
1573,4,1,512,0,310,23,9,7,2,1,-61,10,2571,13584,105,100,0,0,0
1571,14,10,1024,0,78,4,3,7,1,1,-70,0,476,5460,41,100,1,0,0
1571,27,22,1536,0,323,13,4,5,8,3,-52,0,389,6760,87,100,2,1,6
1572,29,23,1536,0,26,3,5,7,1,1,-70,0,396,5813,24,100,1,0,0
1573,16,10,1024,0,266,12,8,7,1,1,-70,4,2500,18571,88,100,2,0,0
1572,28,22,1536,0,363,12,3,7,1,2,-70,1,355,9593,97,100,1,0,0
1572,20,16,1280,0,371,10,15,7,1,3,-70,0,451,5705,80,100,1,0,0
1573,23,18,1280,0,358,13,15,7,1,3,-52,1,1172,10690,89,100,2,0,0
1575,7,3,768,0,343,16,3,7,1,2,-70,1,1028,12162,96,100,1,0,0
1574,3,1,512,0,340,23,14,7,1,1,-76,2,1765,15787,104,100,2,0,0
1575,25,19,1536,0,375,17,8,7,10,4,-70,0,1017,10382,93,100,3,1,6
1576,29,23,1536,0,28,3,5,7,1,1,-70,0,474,4077,24,100,1,0,0
1573,30,26,1536,0,52,3,4,7,1,2,-70,0,530,4712,35,100,1,0,0
1576,22,18,1280,0,336,9,5,7,6,1,-70,2,2171,42316,87,100,2,1,6
1577,8,4,768,10,341,16,22,7,1,2,-70,10,2630,15035,100,100,1,0,0
1577,10,5,768,10,325,16,8,7,1,2,-52,8,2401,15540,90,100,1,0,0
1577,16,10,1024,0,267,12,8,7,1,1,-70,4,1032,7450,88,100,1,0,0
1577,20,16,1280,10,373,10,15,7,1,3,-70,0,370,4118,80,100,1,0,0
1578,1,0,256,0,42,0,0,3,0,0,0,10,1880,17918,2476,100,1,0,0
1579,25,19,1536,0,377,17,8,7,10,4,-70,0,563,4963,93,100,2,1,6
1577,31,26,1536,0,299,11,5,5,1,2,-52,0,916,10779,86,100,2,0,0
1579,6,5,768,0,302,17,5,5,1,2,-52,0,604,6470,90,100,1,0,0
1579,9,4,768,0,356,15,16,7,1,1,-52,0,598,8175,102,100,2,0,0
1579,18,8,1024,20,328,12,42,7,1,1,-95,10,2771,33657,99,100,1,0,0
1578,21,15,1280,0,311,10,11,7,1,3,-70,0,474,7939,75,100,1,0,0
1580,4,1,512,20,312,23,9,7,2,1,-61,10,3297,19286,105,100,2,0,0
1580,19,18,1280,0,367,14,18,7,1,3,-52,1,1256,32127,96,100,2,0,0
1578,15,10,1024,0,250,8,16,7,1,1,-52,1,1596,15619,51,100,2,0,0
1579,3,1,512,0,341,23,14,7,1,1,-76,2,661,8422,105,100,2,0,0
1579,17,18,1280,0,347,10,8,7,1,1,-52,0,695,10720,87,100,3,0,0
1580,11,5,768,0,345,18,2,7,1,1,-70,0,731,12117,98,100,2,0,0
1580,13,7,1024,0,333,11,11,7,1,1,-70,0,491,9229,75,100,2,0,0
1581,26,16,1280,0,317,12,5,7,1,4,-95,2,1617,17078,87,100,2,0,0
1581,7,3,768,0,344,16,3,7,1,2,-70,1,848,10139,96,100,2,0,0
1581,23,18,1280,0,358,13,15,7,1,3,-52,1,782,10526,90,100,1,0,0
1581,5,1,512,20,323,24,5,7,1,1,-76,10,3825,24346,105,100,2,0,0
1581,12,8,1024,0,379,12,6,7,1,1,-70,0,858,9783,90,100,2,0,0
1582,8,4,768,10,343,16,22,7,1,2,-70,10,2156,13121,100,100,1,0,0
1582,22,18,1280,0,339,9,5,7,6,1,-70,2,980,20447,87,100,2,1,6
1581,27,22,1536,0,328,13,4,5,8,3,-52,0,1076,12388,88,100,4,1,6
1583,2,4,768,0,351,14,3,5,1,1,-95,0,643,13903,97,100,2,0,0
1582,20,16,1280,0,375,10,15,7,1,3,-70,0,609,6002,80,100,1,0,0
1584,25,19,1536,0,380,17,8,7,10,4,-70,0,543,4559,94,100,0,1,6
1583,10,5,768,10,325,16,8,7,1,2,-52,8,2105,13914,91,100,1,0,0
1583,18,8,1024,10,330,12,42,7,1,1,-95,10,2180,20256,99,100,1,0,0
1582,14,10,1024,0,82,4,3,7,1,1,-70,0,937,11297,42,100,2,0,0
1584,4,1,512,0,314,23,9,7,2,1,-61,10,2545,13750,105,100,0,0,0
1583,6,5,768,10,303,17,5,5,1,2,-52,0,422,4515,91,100,1,0,0
1584,28,22,1536,0,364,12,3,7,1,2,-70,1,646,19341,98,100,2,0,0
1583,30,26,1536,0,53,3,4,7,1,2,-70,0,536,9131,35,100,2,0,0
1585,23,18,1280,10,361,13,15,7,1,3,-52,1,558,6219,90,100,1,0,0
1584,15,10,1024,0,253,8,16,7,1,1,-52,1,721,8092,51,100,1,0,0
1585,17,18,1280,0,350,10,8,7,1,1,-52,0,729,6639,87,100,2,0,0
1586,21,15,1280,0,313,10,11,7,1,3,-70,0,525,7270,75,100,1,0,0
1587,20,16,1280,0,376,10,15,7,1,3,-70,0,450,4966,81,100,1,0,0
1587,16,10,1024,0,268,12,8,7,1,1,-70,4,2244,18951,89,100,2,0,0
1587,29,23,1536,0,29,3,5,7,1,1,-70,0,592,9963,25,100,2,0,0
1587,31,26,1536,0,304,11,5,5,1,2,-52,0,967,9471,86,100,2,0,0
1589,6,5,768,0,304,17,5,5,1,2,-52,0,391,5038,91,100,1,0,0
1586,12,8,1024,0,380,12,6,7,1,1,-70,0,448,5614,91,100,1,0,0
1588,2,4,768,0,351,14,3,5,1,1,-95,0,284,6172,97,100,1,0,0
1590,19,18,1280,0,369,14,18,7,1,3,-52,1,1169,39062,97,100,1,0,0
1589,8,4,768,0,345,16,22,7,1,2,-70,10,3109,18399,101,100,2,0,0
1590,1,0,256,0,42,0,0,3,0,0,0,10,3139,29274,2497,100,2,0,0
1589,5,1,512,30,327,24,5,7,1,1,-76,10,3582,23051,105,100,2,0,0
1589,3,1,512,0,342,23,14,7,1,1,-76,2,1268,15405,105,100,2,0,0
1590,4,1,512,0,315,23,9,7,2,1,-61,10,2603,15380,106,100,2,0,0
1591,9,4,768,0,356,15,16,7,1,1,-52,0,430,12745,102,100,2,0,0
1589,13,7,1024,0,336,11,11,7,1,1,-70,0,728,9073,75,100,2,0,0
1590,23,18,1280,10,361,13,15,7,1,3,-52,1,607,6269,91,100,1,0,0
1590,10,5,768,0,325,16,8,7,1,2,-52,8,2183,15101,91,100,1,0,0
1591,22,18,1280,0,341,9,5,7,6,1,-70,2,1582,33166,88,100,3,1,6
1590,11,5,768,0,346,18,2,7,1,1,-70,0,593,11535,99,100,2,0,0
1591,25,19,1536,0,382,17,8,7,10,4,-70,0,676,7555,94,100,4,1,6
1593,7,3,768,0,350,16,3,7,1,2,-70,1,1507,18082,97,100,2,0,0
1592,17,18,1280,0,351,10,8,7,1,1,-52,0,393,5856,87,100,1,0,0
1590,14,10,1024,0,85,4,3,7,1,1,-70,0,686,7888,43,100,1,0,0
1592,18,8,1024,20,335,12,42,7,1,1,-95,10,3406,38354,100,100,2,0,0
1590,26,16,1280,0,321,12,5,7,1,4,-95,2,1886,16617,88,100,2,0,0
1592,27,22,1536,0,333,13,4,5,8,3,-52,0,1078,13264,89,100,4,1,6
1591,15,10,1024,10,256,8,16,7,1,1,-52,1,1023,9291,52,100,1,0,0
1594,29,23,1536,10,33,3,5,7,1,1,-70,0,629,6965,25,100,1,0,0
1592,30,26,1536,0,55,3,4,7,1,2,-70,0,578,8037,36,100,1,0,0
1593,21,15,1280,0,313,10,11,7,1,3,-70,0,464,6844,76,100,2,0,0
1595,9,4,768,10,357,15,16,7,1,1,-52,0,356,5747,103,100,0,0,0
1593,12,8,1024,0,383,12,6,7,1,1,-70,0,703,7086,91,100,2,0,0
1595,3,1,512,0,344,23,14,7,1,1,-76,2,1050,9178,106,100,2,0,0
1594,28,22,1536,10,366,12,3,7,1,2,-70,1,647,16690,99,100,2,0,0
1595,6,5,768,0,308,17,5,5,1,2,-52,0,792,8166,92,100,1,0,0
1598,22,18,1280,0,342,9,5,7,6,1,-70,2,1265,25700,88,100,1,1,6
1598,19,18,1280,0,370,14,18,7,1,3,-52,1,996,31378,97,100,2,0,0
1596,11,5,768,0,347,18,2,7,1,1,-70,0,421,8385,99,100,1,0,0
1598,16,10,1024,10,270,12,8,7,1,1,-70,4,1781,17553,90,100,1,0,0
1599,1,0,256,0,42,0,0,3,0,0,0,10,2396,22026,2515,100,2,0,0
1599,7,3,768,0,351,16,3,7,1,2,-70,1,681,9746,97,100,1,0,0
1599,25,19,1536,0,385,17,8,7,10,4,-70,0,815,8432,95,100,1,1,6
1598,30,26,1536,10,56,3,4,7,1,2,-70,0,391,5738,36,100,1,0,0
1599,23,18,1280,0,363,13,15,7,1,3,-52,1,1132,13058,91,100,1,0,0
1599,5,1,512,10,331,24,5,7,1,1,-76,10,3915,26022,106,100,1,0,0
1600,9,4,768,0,358,15,16,7,1,1,-52,0,603,6414,103,100,1,0,0
1599,10,5,768,20,329,16,8,7,1,2,-52,8,3083,22092,92,100,2,0,0
1599,3,1,512,0,344,23,14,7,1,1,-76,2,719,7402,106,100,1,0,0
1600,8,4,768,0,347,16,23,7,1,2,-70,10,4019,24864,101,100,3,0,0
1600,2,4,768,0,354,14,3,5,1,1,-95,0,834,13526,98,100,2,0,0
1598,20,16,1280,10,378,10,16,7,1,3,-70,0,674,10326,82,100,3,0,0
1600,4,1,512,10,318,23,9,7,2,1,-61,10,5438,31272,107,100,1,0,0
1599,31,26,1536,10,308,11,5,5,1,2,-52,0,832,11533,87,100,2,0,0
1599,12,8,1024,10,384,12,6,7,1,1,-70,0,448,5513,92,100,1,0,0
1600,15,10,1024,0,259,8,16,7,1,1,-52,1,1069,11713,52,100,2,0,0
1601,14,10,1024,0,87,4,3,7,1,1,-70,0,709,10230,43,100,2,0,0
1600,13,7,1024,0,341,11,11,7,1,1,-70,0,1046,11270,76,100,2,0,0
1601,21,15,1280,0,315,10,11,7,1,3,-70,0,525,7578,76,100,1,0,0
1602,17,18,1280,0,351,10,8,7,1,1,-52,0,487,9645,88,100,2,0,0
1600,6,5,768,0,311,17,5,5,1,2,-52,0,604,5776,92,100,1,0,0
1601,26,16,1280,0,322,12,5,7,1,4,-95,2,1506,17255,89,100,2,0,0
1603,1,0,256,0,42,0,0,3,0,0,0,10,1279,11705,2522,100,0,0,0
1604,23,18,1280,0,365,13,15,7,1,3,-52,1,563,6265,91,100,1,0,0
1601,11,5,768,0,348,18,2,7,1,1,-70,0,391,6603,99,100,1,0,0
1603,18,8,1024,0,335,12,42,7,1,1,-95,10,3358,46679,101,100,2,0,0
1602,30,26,1536,10,57,3,4,7,1,2,-70,0,424,4429,37,100,1,0,0
1604,22,18,1280,0,344,9,5,7,6,1,-70,2,832,22129,89,100,2,1,6
1604,27,22,1536,0,339,13,4,5,8,3,-52,0,1153,14243,89,100,4,1,6
1605,8,4,768,20,348,16,23,7,1,2,-70,10,1757,11843,102,100,1,0,0
1604,10,5,768,10,330,16,8,7,1,2,-52,8,1976,11871,92,100,1,0,0
1605,29,23,1536,0,36,3,5,7,1,1,-70,0,914,11168,26,100,2,0,0
1605,4,1,512,10,319,23,9,7,2,1,-61,10,2121,13668,107,100,1,0,0
1604,28,22,1536,0,369,12,3,7,1,2,-70,1,838,18328,99,100,2,0,0
1605,13,7,1024,0,344,11,11,7,1,1,-70,0,585,4919,76,100,1,0,0
1605,12,8,1024,0,385,12,6,7,1,1,-70,0,393,5749,92,100,1,0,0
1606,20,16,1280,0,382,10,16,7,1,3,-70,0,791,7901,82,100,2,0,0
1607,9,4,768,0,359,15,16,7,1,1,-52,0,513,8738,103,100,2,0,0
1606,3,1,512,0,345,23,14,7,1,1,-76,2,872,11411,106,100,1,0,0
1607,19,18,1280,0,370,14,18,7,1,3,-52,1,874,33981,98,100,2,0,0
1607,5,1,512,0,332,24,5,7,1,1,-76,10,3363,20751,106,100,2,0,0
1608,25,19,1536,0,387,17,8,7,10,4,-70,0,831,8336,95,100,3,1,6
1607,16,10,1024,10,272,12,8,7,1,1,-70,4,2279,18042,90,100,2,0,0
1608,23,18,1280,0,365,13,15,7,1,3,-52,1,528,5427,92,100,1,0,0
1608,1,0,256,0,42,0,0,3,0,0,0,10,1378,13493,2532,100,1,0,0
1608,2,4,768,0,356,14,3,5,1,1,-95,0,643,10262,98,100,2,0,0
1608,14,10,1024,0,88,4,3,7,1,1,-70,0,472,6825,44,100,1,0,0
1608,15,10,1024,0,262,8,16,7,1,1,-52,1,1174,11081,53,100,2,0,0
1608,6,5,768,0,312,17,5,5,1,2,-52,0,577,6759,92,100,2,0,0
1609,30,26,1536,0,57,3,4,7,1,2,-70,0,309,6450,37,100,1,0,0
1608,7,3,768,0,356,16,3,7,1,2,-70,1,1754,18956,98,100,2,0,0
1608,21,15,1280,0,316,10,11,7,1,3,-70,0,571,7825,77,100,2,0,0
1611,12,8,1024,0,387,12,6,7,1,1,-70,0,475,4669,92,100,1,0,0
1611,17,18,1280,0,351,10,8,7,1,1,-52,0,366,8468,89,100,1,0,0
1610,31,26,1536,10,312,11,5,5,1,2,-52,0,941,11421,88,100,2,0,0
1613,27,22,1536,0,343,13,4,5,8,3,-52,0,880,11120,90,100,2,1,6
1612,26,16,1280,10,325,12,5,7,1,4,-95,2,1849,17949,90,100,2,0,0
1613,28,22,1536,0,370,12,3,7,1,2,-70,1,526,15014,100,100,1,0,0
1613,5,1,512,0,332,24,5,7,1,1,-76,10,2333,15617,107,100,1,0,0
1613,11,5,768,0,348,18,2,7,1,1,-70,0,513,12434,100,100,2,0,0
1613,4,1,512,0,320,23,9,7,2,1,-61,10,3637,22669,107,100,2,0,0
1614,3,1,512,0,348,23,14,7,1,1,-76,2,1182,11394,107,100,2,0,0
1614,20,16,1280,0,382,10,16,7,1,3,-70,0,464,7519,83,100,2,0,0
1614,16,10,1024,0,274,12,8,7,1,1,-70,4,1740,12798,91,100,2,0,0
1614,31,26,1536,0,314,11,5,5,1,2,-52,0,585,4261,88,100,1,0,0
1613,7,3,768,0,356,16,3,7,1,2,-70,1,401,6986,98,100,1,0,0
1612,22,18,1280,0,349,9,5,7,6,1,-70,2,2367,36592,90,100,3,1,6
1615,10,5,768,0,333,16,8,7,1,2,-52,8,3785,25412,93,100,2,0,0
1614,18,8,1024,10,336,12,42,7,1,1,-95,10,3969,48913,102,100,2,0,0
1615,21,15,1280,0,320,10,11,7,1,3,-70,0,715,6529,77,100,1,0,0
1616,8,4,768,30,351,16,23,7,1,2,-70,10,4105,26495,103,100,2,0,0
1616,6,5,768,0,314,17,5,5,1,2,-52,0,553,6783,93,100,1,0,0
1614,13,7,1024,0,350,11,11,7,1,1,-70,0,925,9865,77,100,1,0,0
1616,29,23,1536,0,38,3,5,7,1,1,-70,0,724,11221,27,100,2,0,0
1617,25,19,1536,0,389,17,8,7,10,4,-70,0,665,8780,96,100,2,1,6
1615,23,18,1280,0,369,13,15,7,1,3,-52,1,1153,11742,92,100,1,0,0
1617,30,26,1536,0,60,3,4,7,1,2,-70,0,776,7721,38,100,3,0,0
1619,19,18,1280,0,374,14,18,7,1,3,-52,1,1578,43208,99,100,2,0,0
1619,1,0,256,0,42,0,0,3,0,0,0,10,3015,27210,2554,100,2,0,0
1618,22,18,1280,0,350,9,5,7,6,1,-70,2,768,18779,90,100,2,1,6
1618,11,5,768,0,348,18,2,7,1,1,-70,0,342,6218,101,100,1,0,0
1619,3,1,512,0,350,23,14,7,1,1,-76,2,1031,8851,107,100,2,0,0
1619,9,4,768,0,363,15,16,7,1,1,-52,0,967,14938,104,100,2,0,0
1618,15,10,1024,0,265,8,16,7,1,1,-52,1,1316,13166,53,100,2,0,0
1620,2,4,768,0,356,14,3,5,1,1,-95,0,513,13155,99,100,2,0,0
1619,14,10,1024,0,89,4,3,7,1,1,-70,0,586,10295,45,100,3,0,0
1621,5,1,512,20,335,24,5,7,1,1,-76,10,3180,19773,107,100,1,0,0
1619,12,8,1024,0,388,12,6,7,1,1,-70,0,496,8970,93,100,1,0,0
1620,10,5,768,20,334,16,8,7,1,2,-52,8,1817,12189,93,100,1,0,0
1619,27,22,1536,0,346,13,4,5,8,3,-52,0,821,9498,91,100,3,1,6
1620,26,16,1280,0,327,12,5,7,1,4,-95,2,1560,14394,90,100,2,0,0
1621,17,18,1280,0,354,10,8,7,1,1,-52,0,752,9517,89,100,2,0,0
1620,20,16,1280,10,385,10,16,7,1,3,-70,0,525,6512,83,100,1,0,0
1621,18,8,1024,0,338,12,42,7,1,1,-95,10,2690,30431,102,100,1,0,0
1622,16,10,1024,0,276,12,8,7,1,1,-70,4,1694,13692,91,100,1,0,0
1623,4,1,512,10,323,23,9,7,2,1,-61,10,4541,26929,108,100,2,0,0
1621,31,26,1536,0,315,11,5,5,1,2,-52,0,449,7299,89,100,1,0,0
1622,28,22,1536,0,372,12,3,7,1,2,-70,1,623,16205,100,100,2,0,0
1623,6,5,768,0,314,17,5,5,1,2,-52,0,307,6388,93,100,1,0,0
1622,23,18,1280,0,370,13,15,7,1,3,-52,1,773,8321,93,100,2,0,0
1624,11,5,768,0,349,18,2,7,1,1,-70,0,420,6925,101,100,1,0,0
1623,7,3,768,0,358,16,3,7,1,2,-70,1,955,14048,99,100,1,0,0
1626,10,5,768,0,335,16,8,7,1,2,-52,8,1364,10242,93,100,1,0,0
1626,3,1,512,0,352,23,14,7,1,1,-76,2,924,10565,108,100,1,0,0
1625,8,4,768,10,357,16,23,7,1,2,-70,10,3857,22978,103,100,2,0,0
1623,25,19,1536,0,392,17,8,7,10,4,-70,0,779,7408,97,100,3,1,6
1624,21,15,1280,0,322,10,11,7,1,3,-70,0,605,9473,78,100,1,0,0
1624,29,23,1536,10,42,3,5,7,1,1,-70,0,914,10686,28,100,2,0,0
1625,13,7,1024,10,352,11,11,7,1,1,-70,0,798,10557,78,100,3,0,0
1625,26,16,1280,0,327,12,5,7,1,4,-95,2,752,9089,91,100,1,0,0
1627,16,10,1024,0,277,12,8,7,1,1,-70,4,997,7879,92,100,1,0,0
1627,1,0,256,0,42,0,0,3,0,0,0,10,2374,22004,2572,100,2,0,0
1627,12,8,1024,0,389,12,6,7,1,1,-70,0,513,7348,93,100,2,0,0
1628,15,10,1024,0,267,8,16,7,1,1,-52,1,1026,11434,54,100,1,0,0
1629,19,18,1280,0,378,14,18,7,1,3,-52,1,1295,41967,99,100,1,0,0
1626,30,26,1536,10,65,3,4,7,1,2,-70,0,981,10383,38,100,2,0,0
1629,11,5,768,10,350,18,2,7,1,1,-70,0,368,5508,101,100,1,0,0
1629,9,4,768,10,368,15,16,7,1,1,-52,0,1026,12459,105,100,2,0,0
1629,18,8,1024,0,341,12,42,7,1,1,-95,10,2604,31177,102,100,2,0,0
1630,5,1,512,0,335,24,5,7,1,1,-76,10,3746,25205,108,100,2,0,0
1629,7,3,768,10,360,16,3,7,1,2,-70,1,780,9499,99,100,1,0,0
1629,6,5,768,0,314,17,5,5,1,2,-52,0,436,6316,94,100,2,0,0
1631,14,10,1024,0,96,4,3,7,1,1,-70,0,1203,11192,45,100,2,0,0
1629,27,22,1536,0,350,13,4,5,8,3,-52,0,822,11356,91,100,2,1,6
1630,17,18,1280,0,356,10,8,7,1,1,-52,0,701,9002,90,100,2,0,0
1629,21,15,1280,0,323,10,11,7,1,3,-70,0,370,4711,78,100,1,0,0
1630,22,18,1280,10,355,9,5,7,6,1,-70,2,2291,41896,91,100,3,1,6
1631,2,4,768,0,362,14,3,5,1,1,-95,0,1173,14592,100,100,3,0,0
1630,26,16,1280,10,330,12,5,7,1,4,-95,2,836,7358,91,100,0,0,0
1630,23,18,1280,0,370,13,15,7,1,3,-52,1,694,10607,93,100,1,0,0
1629,31,26,1536,0,316,11,5,5,1,2,-52,0,514,7280,89,100,2,0,0
1631,12,8,1024,0,391,12,6,7,1,1,-70,0,434,4485,94,100,0,0,0
1633,4,1,512,10,325,23,9,7,2,1,-61,10,4927,29679,109,100,1,0,0
1633,8,4,768,20,357,16,23,7,1,2,-70,10,2883,17511,104,100,1,0,0
1633,20,16,1280,0,387,10,16,7,1,3,-70,0,810,11232,84,100,2,0,0
1634,9,4,768,0,369,15,16,7,1,1,-52,0,395,5653,105,100,1,0,0
1631,28,22,1536,0,375,12,3,7,1,2,-70,1,972,15073,101,100,2,0,0
1633,11,5,768,0,351,18,2,7,1,1,-70,0,369,5603,101,100,1,0,0
1633,19,18,1280,0,378,14,18,7,1,3,-52,1,434,17110,100,100,1,0,0
1633,7,3,768,0,362,16,3,7,1,2,-70,1,749,6714,100,100,1,0,0
1633,29,23,1536,0,43,3,5,7,1,1,-70,0,417,7387,28,100,1,0,0
1632,30,26,1536,0,65,3,4,7,1,2,-70,0,449,5228,39,100,1,0,0
1633,25,19,1536,0,396,17,8,7,10,4,-70,0,908,10291,97,100,5,1,6
1635,17,18,1280,0,358,10,8,7,1,1,-52,0,476,4928,90,100,1,0,0
1635,26,16,1280,0,330,12,5,7,1,4,-95,2,896,7618,91,100,1,0,0
1633,21,15,1280,0,324,10,11,7,1,3,-70,0,426,4533,79,100,1,0,0
1636,3,1,512,10,353,23,14,7,1,1,-76,2,1500,16952,108,100,2,0,0
1636,2,4,768,0,362,14,3,5,1,1,-95,0,286,5720,100,100,1,0,0
1636,15,10,1024,0,270,8,16,7,1,1,-52,1,1326,11819,54,100,2,0,0
1636,1,0,256,0,42,0,0,3,0,0,0,10,2328,22597,2587,100,1,0,0
1635,12,8,1024,0,392,12,6,7,1,1,-70,0,368,3955,94,100,1,0,0
1636,18,8,1024,0,343,12,42,7,1,1,-95,10,2972,32774,103,100,1,0,0
1636,14,10,1024,0,96,4,3,7,1,1,-70,0,439,6108,46,100,1,0,0
1637,10,5,768,20,337,16,8,7,1,2,-52,8,4487,27874,94,100,2,0,0
1637,16,10,1024,0,278,12,8,7,1,1,-70,4,2136,17505,92,100,2,0,0
1637,13,7,1024,0,355,11,11,7,1,1,-70,0,778,10972,78,100,2,0,0
1639,5,1,512,10,338,24,5,7,1,1,-76,10,3976,25636,108,100,1,0,0
1639,8,4,768,10,358,16,23,7,1,2,-70,10,2420,16087,104,100,1,0,0
1638,20,16,1280,0,387,10,16,7,1,3,-70,0,288,5245,84,100,1,0,0
1639,4,1,512,0,328,23,9,7,2,1,-61,10,3402,19184,109,100,2,0,0
1638,23,18,1280,0,372,13,15,7,1,3,-52,1,1065,11502,94,100,2,0,0
1640,7,3,768,0,364,16,3,7,1,2,-70,1,854,10229,100,100,1,0,0
1639,22,18,1280,0,359,9,5,7,6,1,-70,2,1886,36764,91,100,3,1,6
1640,2,4,768,0,363,14,3,5,1,1,-95,0,354,5678,101,100,0,0,0
1640,27,22,1536,0,358,13,4,5,8,3,-52,0,1398,14074,92,100,4,1,6
1640,6,5,768,0,315,17,5,5,1,2,-52,0,494,9857,95,100,1,0,0
1640,12,8,1024,0,396,12,6,7,1,1,-70,0,689,5302,94,100,1,0,0
1640,17,18,1280,0,361,10,8,7,1,1,-52,0,663,6656,91,100,1,0,0
1638,31,26,1536,0,319,11,5,5,1,2,-52,0,808,9535,90,100,2,0,0
1642,1,0,256,0,42,0,0,3,0,0,0,10,1728,15093,2601,100,1,0,0
1641,28,22,1536,0,380,12,3,7,1,2,-70,1,1052,15874,102,100,2,0,0
1641,15,10,1024,0,273,8,16,7,1,1,-52,1,628,6766,55,100,0,0,0
1643,3,1,512,0,354,23,14,7,1,1,-76,2,1058,11201,109,100,1,0,0
1641,11,5,768,0,352,18,2,7,1,1,-70,0,500,9482,102,100,1,0,0
1639,21,15,1280,10,326,10,11,7,1,3,-70,0,501,5922,79,100,1,0,0
1643,19,18,1280,0,381,14,18,7,1,3,-52,1,1224,40477,100,100,2,0,0
1644,9,4,768,0,374,15,16,7,1,1,-52,0,1049,14179,106,100,2,0,0
1644,25,19,1536,0,398,17,8,7,10,4,-70,0,703,9916,98,100,2,1,6
1644,14,10,1024,0,99,4,3,7,1,1,-70,0,629,8044,46,100,1,0,0
1645,2,4,768,0,364,14,3,5,1,1,-95,0,367,5441,101,100,1,0,0
1645,20,16,1280,0,389,10,16,7,1,3,-70,0,581,7109,85,100,1,0,0
1644,13,7,1024,0,356,11,11,7,1,1,-70,0,474,6776,79,100,1,0,0
1644,30,26,1536,10,70,3,4,7,1,2,-70,0,881,11406,39,100,2,0,0
1644,29,23,1536,0,44,3,5,7,1,1,-70,0,616,11196,29,100,2,0,0
1644,27,22,1536,0,358,13,4,5,8,3,-52,0,354,6647,92,100,1,1,6
1646,26,16,1280,0,331,12,5,7,1,4,-95,2,1489,18092,92,100,2,0,0
1645,12,8,1024,10,399,12,6,7,1,1,-70,0,555,5443,95,100,1,0,0
1646,6,5,768,10,317,17,5,5,1,2,-52,0,594,6271,95,100,2,0,0
1647,4,1,512,20,329,23,9,7,2,1,-61,10,3972,22684,110,100,1,0,0
1645,23,18,1280,0,375,13,15,7,1,3,-52,1,875,9273,94,100,1,0,0
1647,11,5,768,0,353,18,2,7,1,1,-70,0,392,7161,102,100,1,0,0
1646,22,18,1280,0,362,9,5,7,6,1,-70,2,1633,26070,92,100,2,1,6
1647,15,10,1024,0,274,8,16,7,1,1,-52,1,691,7717,55,100,1,0,0
1647,18,8,1024,10,352,12,42,7,1,1,-95,10,4856,48878,104,100,2,0,0
1646,21,15,1280,0,327,10,11,7,1,3,-70,0,419,6086,79,100,1,0,0
1648,1,0,256,0,42,0,0,3,0,0,0,10,1621,15775,2610,100,1,0,0
1648,8,4,768,10,360,16,23,7,1,2,-70,10,4035,22657,105,100,2,0,0
1647,31,26,1536,0,321,11,5,5,1,2,-52,0,524,7226,90,100,1,0,0
1648,9,4,768,0,375,15,16,7,1,1,-52,0,297,5520,106,100,0,0,0
1649,5,1,512,10,341,24,5,7,1,1,-76,10,4190,26044,109,100,2,0,0
1648,17,18,1280,0,363,10,8,7,1,1,-52,0,524,7559,91,100,1,0,0
1649,10,5,768,10,339,16,8,7,1,2,-52,8,3793,26640,95,100,2,0,0
1649,16,10,1024,0,281,12,8,7,1,1,-70,4,2341,20149,93,100,2,0,0
1649,13,7,1024,0,358,11,11,7,1,1,-70,0,476,4440,79,100,1,0,0
1650,12,8,1024,0,401,12,6,7,1,1,-70,0,653,4856,95,100,1,0,0
1650,7,3,768,0,368,16,3,7,1,2,-70,1,1503,16520,101,100,2,0,0
1650,25,19,1536,0,400,17,8,7,10,4,-70,0,585,6543,98,100,2,1,6
1651,4,1,512,20,331,23,9,7,2,1,-61,10,2303,13010,110,100,1,0,0
1649,30,26,1536,0,72,3,4,7,1,2,-70,0,639,5193,40,100,1,0,0
1650,23,18,1280,0,377,13,15,7,1,3,-52,1,697,7211,95,100,1,0,0
1651,11,5,768,0,354,18,2,7,1,1,-70,0,452,5605,103,100,1,0,0
1651,19,18,1280,0,383,14,18,7,1,3,-52,1,1193,31124,101,100,2,0,0
1652,20,16,1280,0,389,10,16,7,1,3,-70,0,384,5675,85,100,2,0,0
1650,29,23,1536,10,46,3,5,7,1,1,-70,0,499,6587,29,100,1,0,0
1651,21,15,1280,0,327,10,11,7,1,3,-70,0,319,5002,80,100,1,0,0
1653,14,10,1024,0,103,4,3,7,1,1,-70,0,889,8591,47,100,2,0,0
1651,27,22,1536,0,361,13,4,5,8,3,-52,0,778,8913,93,100,3,1,6
1653,26,16,1280,0,332,12,5,7,1,4,-95,2,1320,11396,92,100,2,0,0
1654,3,1,512,0,356,23,14,7,1,1,-76,2,1642,18693,109,100,2,0,0
1654,1,0,256,0,42,0,0,3,0,0,0,10,1491,14240,2620,100,1,0,0
1655,5,1,512,40,341,24,5,7,1,1,-76,10,2487,15770,109,100,1,0,0
1652,28,22,1536,0,384,12,3,7,1,2,-70,1,886,16822,102,100,2,0,0
1654,6,5,768,0,319,17,5,5,1,2,-52,0,522,7012,95,100,1,0,0
1652,17,18,1280,0,365,10,8,7,1,1,-52,0,532,4606,92,100,1,0,0
1654,15,10,1024,0,276,8,16,7,1,1,-52,1,1140,9212,56,100,2,0,0
1656,2,4,768,10,366,14,3,5,1,1,-95,0,727,13123,102,100,2,0,0
1655,25,19,1536,0,400,17,8,7,10,4,-70,0,385,4605,99,100,1,1,6
1656,11,5,768,0,356,18,2,7,1,1,-70,0,499,5526,103,100,1,0,0
1656,22,18,1280,0,365,9,5,7,6,1,-70,2,1924,36930,92,100,2,1,6
1656,13,7,1024,0,360,11,11,7,1,1,-70,0,581,7181,80,100,1,0,0
1656,19,18,1280,0,386,14,18,7,1,3,-52,1,953,18692,101,100,1,0,0
1655,31,26,1536,0,324,11,5,5,1,2,-52,0,687,8281,91,100,1,0,0
1657,7,3,768,0,370,16,3,7,1,2,-70,1,887,10755,101,100,1,0,0
1657,8,4,768,10,363,16,23,7,1,2,-70,10,3826,22631,105,100,2,0,0
1656,12,8,1024,10,405,12,6,7,1,1,-70,0,713,7028,95,100,1,0,0
1657,9,4,768,0,378,15,16,7,1,1,-52,0,811,11585,107,100,2,0,0
1658,1,0,256,0,42,0,0,3,0,0,0,10,1305,11003,2631,100,1,0,0
1658,26,16,1280,0,334,12,5,7,1,4,-95,2,856,7928,93,100,1,0,0
1658,4,1,512,0,331,23,9,7,2,1,-61,10,3722,20545,110,100,1,0,0
1658,18,8,1024,0,353,12,42,7,1,1,-95,10,4162,47358,104,100,2,0,0
1659,3,1,512,0,358,23,14,7,1,1,-76,2,1001,8890,110,100,1,0,0
1659,10,5,768,20,344,16,8,7,1,2,-52,8,3716,23234,96,100,2,0,0
1658,30,26,1536,0,74,3,4,7,1,2,-70,0,522,7956,40,100,1,0,0
1659,14,10,1024,0,104,4,3,7,1,1,-70,0,392,5905,47,100,1,0,0
1660,16,10,1024,0,284,12,8,7,1,1,-70,4,2577,20221,94,100,2,0,0
1661,20,16,1280,0,392,10,16,7,1,3,-70,0,712,9389,86,100,1,0,0
1660,23,18,1280,0,378,13,15,7,1,3,-52,1,981,13070,95,100,2,0,0
1661,15,10,1024,0,277,8,16,7,1,1,-52,1,502,8657,56,100,1,0,0
1661,6,5,768,10,320,17,5,5,1,2,-52,0,363,6834,96,100,1,0,0
1662,8,4,768,10,364,16,23,7,1,2,-70,10,1424,10650,106,100,0,0,0
1663,26,16,1280,0,335,12,5,7,1,4,-95,2,798,7964,93,100,1,0,0
1661,29,23,1536,0,48,3,5,7,1,1,-70,0,700,9536,30,100,2,0,0
1664,10,5,768,10,344,16,8,7,1,2,-52,8,1691,10245,96,100,1,0,0
1663,3,1,512,0,359,23,14,7,1,1,-76,2,624,6591,110,100,1,0,0
1662,18,8,1024,10,355,12,42,7,1,1,-95,10,1268,17555,105,100,2,0,0
1663,14,10,1024,0,104,4,3,7,1,1,-70,0,220,3791,48,100,0,0,0
1662,27,22,1536,0,364,13,4,5,8,3,-52,0,691,11366,93,100,2,1,6
1663,28,22,1536,10,386,12,3,7,1,2,-70,1,527,14629,103,100,1,0,0
1662,17,18,1280,20,367,10,8,7,1,1,-52,0,538,9527,92,100,2,0,0
1663,19,18,1280,0,390,14,18,7,1,3,-52,1,959,26269,102,100,2,0,0
1666,5,1,512,20,342,24,5,7,1,1,-76,10,4542,29482,110,100,2,0,0
1666,1,0,256,0,42,0,0,3,0,0,0,10,2064,19229,2644,100,2,0,0
1663,21,15,1280,10,327,10,11,7,1,3,-70,0,456,10155,81,100,2,0,0
1665,7,3,768,0,371,16,3,7,1,2,-70,1,863,12992,102,100,2,0,0
1665,16,10,1024,0,289,12,8,7,1,1,-70,4,1574,9986,94,100,1,0,0
1665,22,18,1280,0,369,9,5,7,6,1,-70,2,1820,34786,93,100,4,1,6
1666,2,4,768,10,370,14,3,5,1,1,-95,0,859,12300,102,100,2,0,0
1664,25,19,1536,0,404,17,8,7,10,4,-70,0,817,10085,99,100,3,1,6
1666,31,26,1536,10,327,11,5,5,1,2,-52,0,701,9299,92,100,2,0,0
1667,4,1,512,10,335,23,9,7,2,1,-61,10,4065,24550,111,100,2,0,0
1668,10,5,768,20,345,16,8,7,1,2,-52,8,1661,10784,96,100,0,0,0
1668,20,16,1280,0,396,10,16,7,1,3,-70,0,806,6559,86,100,3,0,0
1669,11,5,768,10,361,18,2,7,1,1,-70,0,1119,14967,104,100,2,0,0
1667,13,7,1024,0,363,11,11,7,1,1,-70,0,752,10428,80,100,2,0,0
1668,9,4,768,0,383,15,16,7,1,1,-52,0,1030,12978,107,100,3,0,0
1668,15,10,1024,0,278,8,16,7,1,1,-52,1,863,9542,57,100,1,0,0
1667,17,18,1280,0,368,10,8,7,1,1,-52,0,501,4697,92,100,1,0,0
1669,12,8,1024,0,409,12,6,7,1,1,-70,0,939,11630,96,100,2,0,0
1669,18,8,1024,10,356,12,42,7,1,1,-95,10,2542,29670,105,100,1,0,0
1670,6,5,768,0,322,17,5,5,1,2,-52,0,726,7728,96,100,2,0,0
1669,30,26,1536,0,79,3,4,7,1,2,-70,0,1038,10988,41,100,3,0,0
1669,27,22,1536,0,367,13,4,5,8,3,-52,0,845,9616,94,100,3,1,6
1671,4,1,512,10,337,23,9,7,2,1,-61,10,2252,12688,111,100,1,0,0
1669,19,18,1280,10,392,14,18,7,1,3,-52,1,931,23372,102,100,1,0,0
1672,8,4,768,10,366,16,23,7,1,2,-70,10,3885,23067,106,100,2,0,0
1669,25,19,1536,0,407,17,8,7,10,4,-70,0,659,5568,100,100,2,1,6
1671,28,22,1536,0,390,12,3,7,1,2,-70,1,1017,12884,104,100,4,0,0
1673,5,1,512,20,342,24,5,7,1,1,-76,10,2899,19460,111,100,2,0,0
1673,7,3,768,0,371,16,3,7,1,2,-70,1,725,10952,102,100,1,0,0
1671,29,23,1536,0,50,3,5,7,1,1,-70,0,687,9765,31,100,4,0,0
1673,16,10,1024,0,292,12,8,7,1,1,-70,4,1619,13178,95,100,1,0,0
1672,22,18,1280,0,372,9,5,7,6,1,-70,2,1446,25377,93,100,2,1,6
1674,26,16,1280,0,338,12,5,7,1,4,-95,2,1726,17175,94,100,3,0,0
1671,23,18,1280,20,382,13,15,7,1,3,-52,2,1683,14950,96,100,4,0,0
1673,13,7,1024,0,365,11,11,7,1,1,-70,0,557,6704,81,100,1,0,0
1674,1,0,256,0,42,0,0,3,0,0,0,10,2365,22104,2661,100,1,0,0
1674,14,10,1024,0,109,4,3,7,1,1,-70,0,1074,11022,48,100,5,0,0
1675,3,1,512,0,364,23,14,7,1,1,-76,2,2003,19372,111,100,2,0,0
1674,21,15,1280,10,330,10,11,7,1,3,-70,0,811,10005,81,100,2,0,0
1675,2,4,768,0,374,14,3,5,1,1,-95,0,943,11922,103,100,2,0,0
1676,31,26,1536,0,331,11,5,5,1,2,-52,0,967,10129,92,100,2,0,0
1676,4,1,512,20,338,23,9,7,2,1,-61,10,2386,14201,112,100,0,0,0
1675,9,4,768,0,384,15,16,7,1,1,-52,0,572,8700,108,100,1,0,0
1676,20,16,1280,0,398,10,16,7,1,3,-70,0,575,7641,87,100,2,0,0
1675,27,22,1536,0,370,13,4,5,8,3,-52,0,639,7166,94,100,2,1,6
1678,26,16,1280,0,339,12,5,7,1,4,-95,2,666,6761,94,100,1,0,0
1678,5,1,512,0,343,24,5,7,1,1,-76,10,1783,12642,111,100,0,0,0
1677,12,8,1024,0,409,12,6,7,1,1,-70,0,463,7074,97,100,2,0,0
1678,15,10,1024,0,279,8,16,7,1,1,-52,1,868,11928,57,100,2,0,0
1676,19,18,1280,0,394,14,19,7,1,3,-52,1,936,26348,103,100,3,0,0
1677,18,8,1024,10,359,12,42,7,1,1,-95,10,3453,37691,106,100,2,0,0
1678,10,5,768,10,346,16,8,7,1,2,-52,8,3179,22298,97,100,2,0,0
1678,30,26,1536,0,83,3,4,7,1,2,-70,0,1060,8774,41,100,3,0,0
1676,23,18,1280,0,384,13,15,7,1,3,-52,2,779,6422,96,100,1,0,0
1677,17,18,1280,10,370,10,8,7,1,1,-52,0,497,9547,93,100,1,0,0
1678,25,19,1536,0,409,17,8,7,10,4,-70,0,659,7111,100,100,3,1,6
1680,6,5,768,0,325,17,5,5,1,2,-52,0,708,9959,97,100,1,0,0
1680,2,4,768,0,375,14,3,5,1,1,-95,0,271,5330,103,100,0,0,0
1680,11,5,768,0,366,18,2,7,1,1,-70,0,1076,14403,105,100,2,0,0
1680,16,10,1024,10,293,12,8,7,1,1,-70,4,1622,12836,95,100,1,0,0
1680,8,4,768,10,371,16,23,7,1,2,-70,10,3608,21246,107,100,2,0,0
1682,3,1,512,10,366,23,14,7,1,1,-76,2,842,11087,111,100,1,0,0
1680,21,15,1280,0,331,10,11,7,1,3,-70,0,452,6367,82,100,1,0,0
1679,13,7,1024,10,367,11,11,7,1,1,-70,0,494,5930,81,100,2,0,0
1680,27,22,1536,0,371,13,4,5,8,3,-52,0,681,7020,95,100,2,1,6
1682,31,26,1536,0,332,11,5,5,1,2,-52,0,450,6313,93,100,1,0,0
1680,29,23,1536,0,54,3,5,7,1,1,-70,0,1141,9537,31,100,2,0,0
1682,22,18,1280,0,375,9,5,7,6,1,-70,2,1891,36177,94,100,3,1,6
1683,5,1,512,0,344,24,5,7,1,1,-76,10,2687,16666,111,100,2,0,0
1683,4,1,512,0,339,23,10,7,2,1,-61,10,3558,20660,112,100,3,0,0
1684,12,8,1024,0,411,12,6,7,1,1,-70,0,523,7170,97,100,1,0,0
1684,1,0,256,0,42,0,0,3,0,0,0,10,2716,25196,2680,100,2,0,0
1685,7,3,768,0,375,16,3,7,1,2,-70,1,1564,18057,103,100,2,0,0
1682,28,22,1536,20,393,12,3,7,1,2,-70,1,753,16104,105,100,3,0,0
1683,20,16,1280,0,402,10,16,7,1,3,-70,0,733,8016,87,100,2,0,0
1685,30,26,1536,0,85,3,4,7,1,2,-70,0,579,7311,42,100,1,0,0
1684,18,8,1024,20,361,12,42,7,1,1,-95,10,2576,28055,106,100,2,0,0
1685,21,15,1280,0,332,10,11,7,1,3,-70,0,394,4646,82,100,1,0,0
1686,14,10,1024,0,115,4,3,7,1,1,-70,0,1124,11337,49,100,3,0,0
1683,19,18,1280,0,397,14,19,7,1,3,-52,1,1142,28229,103,100,3,0,0
1684,29,23,1536,0,55,3,5,7,1,1,-70,0,362,4865,31,100,2,0,0
1686,9,4,768,0,389,15,16,7,1,1,-52,0,1037,13855,109,100,4,0,0
1685,25,19,1536,0,413,17,8,7,10,4,-70,0,822,7111,101,100,3,1,6
1687,26,16,1280,0,340,12,5,7,1,4,-95,2,1577,15519,95,100,2,0,0
1687,6,5,768,10,327,17,5,5,1,2,-52,0,762,7073,98,100,2,0,0
1687,3,1,512,0,368,23,14,7,1,1,-76,2,1082,10364,112,100,1,0,0
1686,27,22,1536,0,373,13,4,5,8,3,-52,0,494,7487,95,100,2,1,6
1687,15,10,1024,0,284,8,16,7,1,1,-52,1,1594,13314,58,100,2,0,0
1686,23,18,1280,0,386,13,16,7,1,3,-52,2,1333,14139,97,100,3,0,0
1687,22,18,1280,0,377,9,5,7,6,1,-70,2,1223,17904,94,100,2,1,6
1688,10,5,768,10,347,16,8,7,1,2,-52,8,3422,22401,98,100,2,0,0
1688,4,1,512,10,342,23,10,7,2,1,-61,10,3231,16878,112,100,1,0,0
1688,2,4,768,0,378,14,3,5,1,1,-95,0,898,10541,104,100,3,0,0
1688,5,1,512,30,345,24,5,7,1,1,-76,10,2255,14402,112,100,1,0,0
1688,31,26,1536,0,334,11,5,5,1,2,-52,0,500,5634,93,100,1,0,0
1687,17,18,1280,0,375,10,8,7,1,1,-52,0,1118,10343,94,100,4,0,0
1689,21,15,1280,0,332,10,11,7,1,3,-70,0,263,3978,82,100,1,0,0
1688,19,18,1280,0,397,14,19,7,1,3,-52,1,692,19113,103,100,1,0,0
1690,29,23,1536,0,57,3,5,7,1,1,-70,0,548,5487,32,100,2,0,0
1690,30,26,1536,0,87,3,4,7,1,2,-70,0,468,5096,42,100,2,0,0
1692,26,16,1280,0,343,12,5,7,1,4,-95,2,1116,7914,95,100,1,0,0
1691,13,7,1024,0,371,11,11,7,1,1,-70,0,1025,11173,82,100,5,0,0
1692,8,4,768,20,375,16,23,7,1,2,-70,10,4994,29546,108,100,2,0,0
1692,11,5,768,0,367,18,2,7,1,1,-70,0,661,13553,105,100,3,0,0
1691,28,22,1536,0,396,12,3,7,1,2,-70,1,922,13832,105,100,2,0,0
1692,16,10,1024,0,295,12,8,7,1,1,-70,4,2645,20874,96,100,2,0,0
1690,23,18,1280,0,387,13,16,7,1,3,-52,2,773,6544,97,100,1,0,0
1693,1,0,256,0,42,0,0,3,0,0,0,10,2807,24643,2698,100,2,0,0
1691,22,18,1280,0,379,9,5,7,6,1,-70,2,914,16146,95,100,2,1,6
1693,20,16,1280,10,407,10,16,7,1,3,-70,0,999,9826,88,100,2,0,0
1693,12,8,1024,0,412,12,6,7,1,1,-70,0,635,9177,98,100,2,0,0
1691,17,18,1280,0,376,10,8,7,1,1,-52,0,371,4365,94,100,1,0,0
1694,31,26,1536,0,337,11,5,5,1,2,-52,0,663,6726,94,100,1,0,0
1694,18,8,1024,0,366,12,43,7,1,1,-95,10,4352,45173,107,100,4,0,0
1694,9,4,768,0,391,15,16,7,1,1,-52,0,640,9986,109,100,3,0,0
1695,5,1,512,10,348,24,5,7,1,1,-76,10,2739,17700,112,100,1,0,0
1695,7,3,768,0,378,16,3,7,1,2,-70,1,1188,16994,104,100,2,0,0
1693,25,19,1536,0,417,17,8,7,10,4,-70,0,883,9689,101,100,3,1,6
1696,2,4,768,0,380,14,3,5,1,1,-95,0,493,8718,104,100,2,0,0
1697,8,4,768,0,375,16,24,7,1,2,-70,10,1730,10849,108,100,2,0,0
1696,11,5,768,0,369,18,2,7,1,1,-70,0,585,6922,106,100,1,0,0
1696,29,23,1536,0,59,3,5,7,1,1,-70,0,492,6336,32,100,2,0,0
1696,14,10,1024,0,116,4,3,7,1,1,-70,0,690,11059,50,100,1,0,0
1696,10,5,768,30,350,16,8,7,1,2,-52,8,2981,21339,98,100,2,0,0
1697,27,22,1536,0,378,13,4,5,8,3,-52,0,1077,13613,96,100,4,1,6
1696,15,10,1024,0,287,8,16,7,1,1,-52,1,1103,13283,58,100,1,0,0
1698,3,1,512,0,371,23,14,7,1,1,-76,2,1624,17890,112,100,2,0,0
1698,1,0,256,0,43,0,0,3,0,0,0,10,1182,11511,2704,100,1,0,0
1698,6,5,768,0,332,17,5,5,1,2,-52,0,1080,11699,98,100,3,0,0
1697,19,18,1280,10,398,14,20,7,1,3,-52,1,850,33166,104,100,3,0,0
1699,18,8,1024,30,368,12,43,7,1,1,-95,10,1738,18921,107,100,2,0,0
1697,21,15,1280,10,334,10,11,7,1,3,-70,0,557,7564,83,100,1,0,0
1700,4,1,512,0,346,23,11,7,2,1,-61,10,6081,35097,113,100,3,0,0
1697,16,10,1024,10,295,12,8,7,1,1,-70,4,1134,10523,96,100,1,0,0
1701,12,8,1024,0,412,12,6,7,1,1,-70,0,309,7721,98,100,1,0,0
1698,20,16,1280,0,409,10,16,7,1,3,-70,0,502,5263,88,100,1,0,0
1697,25,19,1536,0,421,17,8,7,10,4,-70,0,645,4545,102,100,1,1,6
1699,28,22,1536,0,400,12,3,7,1,2,-70,1,790,12836,106,100,2,0,0
1700,13,7,1024,0,373,11,11,7,1,1,-70,0,606,9523,83,100,1,0,0
1701,23,18,1280,10,390,13,16,7,1,3,-52,2,1100,11949,98,100,3,0,0
1701,26,16,1280,0,347,12,5,7,1,4,-95,2,1886,17278,96,100,2,0,0
1702,1,0,256,0,44,0,0,3,0,0,0,10,1433,11008,2715,100,2,0,0
1702,22,18,1280,0,382,9,5,7,6,1,-70,2,1751,34996,95,100,2,1,6
1702,11,5,768,0,369,18,2,7,1,1,-70,0,286,6607,106,100,1,0,0
1703,17,18,1280,10,378,10,8,7,1,1,-52,0,589,9462,95,100,3,0,0
1702,30,26,1536,0,91,3,4,7,1,2,-70,0,1003,11312,43,100,2,0,0
1703,9,4,768,0,393,15,16,7,1,1,-52,0,608,10906,110,100,1,0,0
1703,10,5,768,0,352,16,8,7,1,2,-52,8,2223,14465,99,100,1,0,0
1705,31,26,1536,0,339,11,5,5,1,2,-52,0,715,9071,94,100,2,0,0
1704,27,22,1536,0,381,13,4,5,8,3,-52,0,694,8890,96,100,2,1,6
1703,15,10,1024,0,291,8,16,7,1,1,-52,1,1245,10921,59,100,2,0,0
1706,29,23,1536,0,62,3,5,7,1,1,-70,0,679,8294,33,100,2,0,0
1705,5,1,512,30,352,25,5,7,1,1,-76,10,4546,29240,113,100,2,0,0
1705,20,16,1280,10,410,10,16,7,1,3,-70,0,576,7157,89,100,1,0,0
1706,28,22,1536,0,402,12,3,7,1,2,-70,1,611,9269,106,100,2,0,0
1705,14,10,1024,0,117,4,3,7,1,1,-70,0,636,9312,51,100,2,0,0
1706,25,19,1536,0,423,17,8,7,10,4,-70,0,818,6965,102,100,2,1,6
1707,7,3,768,0,381,16,3,7,1,2,-70,1,1485,18982,105,100,3,0,0
1707,19,18,1280,0,403,14,20,7,1,3,-52,1,1689,34231,105,100,3,0,0
1707,2,4,768,0,382,14,3,5,1,1,-95,0,842,13828,105,100,4,0,0
1704,30,26,1536,0,92,3,4,7,1,2,-70,0,393,5887,43,100,1,0,0
1707,4,1,512,0,347,24,11,7,2,1,-61,10,3620,21018,114,100,1,0,0
1708,8,4,768,10,378,16,24,7,1,2,-70,10,4514,26878,109,100,2,0,0
1707,6,5,768,0,334,17,5,5,1,2,-52,0,597,8501,99,100,2,0,0
1708,3,1,512,0,375,24,14,7,1,1,-76,2,1718,16489,113,100,2,0,0
1708,23,18,1280,0,393,13,16,7,1,3,-52,2,987,9432,98,100,2,0,0
1705,26,16,1280,0,350,12,5,7,1,4,-95,2,1350,11001,96,100,1,0,0
1708,9,4,768,0,394,15,16,7,1,1,-52,0,369,5443,110,100,1,0,0
1708,21,15,1280,0,336,10,11,7,1,3,-70,0,834,10511,83,100,3,0,0
1707,10,5,768,0,353,16,9,7,1,2,-52,8,1911,11028,99,100,2,0,0
1708,11,5,768,0,371,18,2,7,1,1,-70,0,499,7762,106,100,1,0,0
1710,12,8,1024,0,414,12,6,7,1,1,-70,0,700,9068,99,100,2,0,0
1708,16,10,1024,10,298,12,8,7,1,1,-70,4,2599,20550,97,100,2,0,0
1710,18,8,1024,0,370,12,44,7,1,1,-95,10,3950,48296,108,100,3,0,0
1709,13,7,1024,0,379,11,11,7,1,1,-70,0,1043,8835,83,100,3,0,0
1712,25,19,1536,0,425,17,8,7,10,4,-70,0,496,5491,102,100,2,1,6
1712,1,0,256,0,44,0,0,3,0,0,0,10,2569,23939,2733,100,2,0,0
1709,15,10,1024,0,291,8,16,7,1,1,-52,1,650,7745,59,100,1,0,0
1713,22,18,1280,20,386,9,5,7,6,1,-70,2,1955,40907,96,100,4,1,6
1713,20,16,1280,0,412,10,16,7,1,3,-70,0,707,7820,89,100,2,0,0
1713,5,1,512,30,353,25,5,7,1,1,-76,10,3271,21035,113,100,1,0,0
1712,28,22,1536,0,404,12,3,7,1,2,-70,1,651,10752,107,100,1,0,0
1712,6,5,768,10,335,17,5,5,1,2,-52,0,259,4677,99,100,1,0,0
1714,29,23,1536,0,62,3,5,7,1,1,-70,0,405,7670,33,100,2,0,0
1710,30,26,1536,0,94,3,4,7,1,2,-70,0,554,6436,44,100,1,0,0
1712,14,10,1024,0,119,4,3,7,1,1,-70,0,499,7020,51,100,1,0,0
1714,17,18,1280,0,382,10,8,7,1,1,-52,0,1017,10653,96,100,3,0,0
1714,11,5,768,10,372,18,2,7,1,1,-70,0,452,6462,107,100,1,0,0
1715,7,3,768,0,383,16,3,7,1,2,-70,1,1099,12752,105,100,1,0,0
1714,27,22,1536,0,383,13,4,5,8,3,-52,0,761,12269,97,100,3,1,6
1716,23,18,1280,0,398,13,16,7,1,3,-52,2,1286,11179,99,100,3,0,0
1716,25,19,1536,0,427,17,8,7,10,4,-70,0,528,4271,103,100,2,1,6
1716,1,0,256,0,45,0,0,3,0,0,0,10,1311,11784,2743,100,1,0,0
1716,9,4,768,0,396,15,16,7,1,1,-52,0,704,10399,111,100,2,0,0
1714,10,5,768,20,355,16,9,7,1,2,-52,8,2290,15295,99,100,1,0,0
1712,26,16,1280,10,351,12,5,7,1,4,-95,2,1121,12834,97,100,1,0,0
1718,19,18,1280,0,405,14,20,7,1,3,-52,1,1307,41034,105,100,2,0,0
1712,31,26,1536,0,342,11,5,5,1,2,-52,0,808,10392,95,100,2,0,0
1713,21,15,1280,0,339,10,11,7,1,3,-70,0,690,7257,84,100,1,0,0
1718,2,4,768,0,383,14,3,5,1,1,-95,0,621,12122,106,100,2,0,0
1718,4,1,512,10,348,24,11,7,2,1,-61,10,4533,28931,114,100,2,0,0
1718,8,4,768,0,379,16,24,7,1,2,-70,10,3358,23263,109,100,1,0,0
1714,16,10,1024,0,299,12,8,7,1,1,-70,4,1789,11878,98,100,2,0,0
1718,3,1,512,0,376,24,14,7,1,1,-76,2,1205,16582,114,100,2,0,0
1719,18,8,1024,10,371,12,45,7,1,1,-95,10,3653,43455,108,100,3,0,0
1718,11,5,768,0,372,18,2,7,1,1,-70,0,286,5785,107,100,1,0,0
1718,10,5,768,10,355,16,9,7,1,2,-52,8,1197,8943,100,100,1,0,0
1718,6,5,768,0,336,17,5,5,1,2,-52,0,572,6458,100,100,2,0,0
1720,22,18,1280,0,389,9,5,7,6,1,-70,2,1727,27454,97,100,4,1,6
1717,21,15,1280,0,340,10,11,7,1,3,-70,0,370,4240,84,100,1,0,0
1721,9,4,768,0,397,15,16,7,1,1,-52,0,393,5730,111,100,1,0,0
1721,12,8,1024,0,418,12,6,7,1,1,-70,0,938,11686,100,100,2,0,0
1722,7,3,768,20,384,16,3,7,1,2,-70,1,664,10403,106,100,1,0,0
1720,27,22,1536,0,384,13,4,5,8,3,-52,0,460,7310,97,100,1,1,6
1719,15,10,1024,10,294,8,16,7,1,1,-52,1,1208,12579,60,100,2,0,0
1722,3,1,512,10,377,25,14,7,1,1,-76,2,887,7845,114,100,1,0,0
1721,23,18,1280,0,401,13,16,7,1,3,-52,2,816,9187,99,100,1,0,0
1720,14,10,1024,10,123,4,4,7,1,1,-70,0,912,8654,52,100,4,0,0
1721,13,7,1024,0,382,11,11,7,1,1,-70,0,903,11275,84,100,2,0,0
1723,4,1,512,10,351,25,11,7,2,1,-61,10,2895,16052,115,100,1,0,0
1723,8,4,768,10,380,16,24,7,1,2,-70,10,2026,12899,110,100,1,0,0
1721,31,26,1536,0,346,11,5,5,1,2,-52,0,860,8830,95,100,2,0,0
1723,29,23,1536,0,65,3,5,7,1,1,-70,0,704,9641,34,100,2,0,0
1723,28,22,1536,0,407,12,3,7,1,2,-70,1,782,15560,107,100,2,0,0
1723,6,5,768,10,338,17,5,5,1,2,-52,0,367,4063,100,100,1,0,0
1723,22,18,1280,10,391,9,5,7,6,1,-70,2,956,16744,97,100,1,1,6
1725,1,0,256,0,45,0,0,3,0,0,0,10,2466,22734,2755,100,2,0,0
1725,5,1,512,50,360,26,5,7,1,1,-76,10,5150,31556,114,100,2,0,0
1725,18,8,1024,10,374,12,45,7,1,1,-95,10,2341,24575,109,100,1,0,0
1725,9,4,768,10,398,15,16,7,1,1,-52,0,261,5420,111,100,1,0,0
1724,17,18,1280,0,387,10,8,7,1,1,-52,0,1098,11249,96,100,3,0,0
1722,30,26,1536,0,98,3,4,7,1,2,-70,0,857,10773,44,100,2,0,0
1723,16,10,1024,10,302,12,8,7,1,1,-70,4,1318,14902,98,100,1,0,0
1724,20,16,1280,0,419,10,16,7,1,3,-70,0,1255,11812,90,100,3,0,0
1728,4,1,512,10,351,25,11,7,2,1,-61,10,1949,12147,115,100,1,0,0
1726,19,18,1280,10,406,14,20,7,1,3,-52,1,1047,37356,106,100,2,0,0
1726,10,5,768,40,358,16,9,7,1,2,-52,8,2749,17904,100,100,1,0,0
1727,12,8,1024,0,420,12,6,7,1,1,-70,0,501,6123,100,100,1,0,0
1729,2,4,768,0,389,14,3,5,1,1,-95,0,1096,14091,106,100,2,0,0
1723,26,16,1280,0,351,12,5,7,1,4,-95,2,1644,17917,97,100,2,0,0
1727,25,19,1536,0,431,17,8,7,10,4,-70,0,980,12097,104,100,2,1,6
1723,21,15,1280,10,342,10,11,7,1,3,-70,0,557,5876,85,100,1,0,0
1728,7,3,768,0,385,16,3,7,1,2,-70,1,958,11677,106,100,2,0,0
1725,14,10,1024,0,124,4,4,7,1,1,-70,0,393,4438,52,100,1,0,0
1729,23,18,1280,0,404,13,16,7,1,3,-52,2,1121,11397,100,100,1,0,0
1730,22,18,1280,0,394,9,5,7,6,1,-70,2,1295,25214,97,100,2,1,6
1729,11,5,768,0,374,18,2,7,1,1,-70,0,728,12300,108,100,2,0,0
1727,15,10,1024,0,296,8,16,7,1,1,-52,1,1108,11266,61,100,1,0,0
1730,19,18,1280,0,406,14,20,7,1,3,-52,1,580,16181,106,100,0,0,0
1732,1,0,256,0,45,0,0,3,0,0,0,10,1900,17267,2773,100,1,0,0
1731,29,23,1536,10,69,3,5,7,1,1,-70,0,833,7944,35,100,2,0,0
1730,20,16,1280,0,420,10,16,7,1,3,-70,0,452,5628,91,100,1,0,0
1731,13,7,1024,0,386,11,11,7,1,1,-70,0,916,10126,85,100,2,0,0
1732,5,1,512,70,361,26,5,7,1,1,-76,10,3309,20283,115,100,2,0,0
1732,8,4,768,20,385,16,24,7,1,2,-70,10,3780,22676,110,100,2,0,0
1732,3,1,512,0,377,25,14,7,1,1,-76,2,1168,15528,115,100,2,0,0
1731,28,22,1536,0,410,12,3,7,1,2,-70,1,808,12199,108,100,3,0,0
1729,26,16,1280,0,353,12,5,7,1,4,-95,2,755,8485,98,100,1,0,0
1731,27,22,1536,0,389,13,4,5,8,3,-52,0,1076,13530,98,100,4,1,6
1731,6,5,768,0,341,17,5,5,1,2,-52,0,834,8721,100,100,2,0,0
1735,9,4,768,0,400,15,16,7,1,1,-52,0,709,10408,112,100,2,0,0
1730,31,26,1536,0,348,11,5,5,1,2,-52,0,580,8417,96,100,1,0,0
1735,4,1,512,10,352,25,11,7,2,1,-61,10,3682,20906,116,100,1,0,0
1733,25,19,1536,0,436,17,8,7,10,4,-70,0,846,7210,104,100,2,1,6
1732,14,10,1024,0,126,4,4,7,1,1,-70,0,500,6817,52,100,1,0,0
1732,16,10,1024,0,303,12,8,7,1,1,-70,4,1960,16309,99,100,2,0,0
1734,7,3,768,10,386,16,3,7,1,2,-70,1,716,10178,106,100,1,0,0
1736,1,0,256,0,45,0,0,3,0,0,0,10,1253,11291,2782,100,1,0,0
1734,17,18,1280,0,389,10,8,7,1,1,-52,0,703,9825,97,100,2,0,0
1731,21,15,1280,0,344,10,11,7,1,3,-70,0,526,8020,85,100,1,0,0
1733,30,26,1536,0,100,3,4,7,1,2,-70,0,724,11137,45,100,2,0,0
1735,10,5,768,20,360,16,9,7,1,2,-52,8,3434,21367,101,100,2,0,0
1736,12,8,1024,10,422,12,6,7,1,1,-70,0,677,8685,101,100,2,0,0
1736,11,5,768,10,377,18,2,7,1,1,-70,0,607,8295,108,100,1,0,0
1737,18,8,1024,10,378,12,45,7,1,1,-95,10,4404,52016,110,100,2,0,0
1734,15,10,1024,0,298,8,16,7,1,1,-52,1,924,8841,61,100,2,0,0
1737,23,18,1280,0,406,13,16,7,1,3,-52,2,1012,9658,100,100,2,0,0
1737,22,18,1280,0,396,9,5,7,6,1,-70,2,1215,24772,98,100,1,1,6
1736,16,10,1024,0,306,12,8,7,1,1,-70,4,935,7266,99,100,1,0,0
1735,29,23,1536,0,71,3,5,7,1,1,-70,0,555,7021,35,100,1,0,0
1739,2,4,768,0,393,14,3,5,1,1,-95,0,937,12473,107,100,3,0,0
1739,8,4,768,10,386,16,24,7,1,2,-70,10,2754,16797,111,100,1,0,0
1738,19,18,1280,0,410,14,20,7,1,3,-52,1,1190,28494,107,100,2,0,0
1739,9,4,768,0,401,15,16,7,1,1,-52,0,393,6835,112,100,1,0,0
1740,4,1,512,0,355,25,11,7,2,1,-61,10,3178,17100,116,100,1,0,0
1740,5,1,512,10,362,26,5,7,1,1,-76,10,3244,21496,115,100,1,0,0
1737,26,16,1280,0,354,12,5,7,1,4,-95,2,1428,14458,98,100,2,0,0
1741,27,22,1536,0,392,13,4,5,8,3,-52,0,876,11169,99,100,2,1,6
1741,1,0,256,0,45,0,0,3,0,0,0,10,1355,12777,2791,100,1,0,0
1738,20,16,1280,0,422,10,16,7,1,3,-70,0,659,9727,91,100,2,0,0
1741,28,22,1536,0,413,12,3,7,1,2,-70,1,657,14443,108,100,1,0,0
1739,30,26,1536,0,102,3,4,7,1,2,-70,0,556,5658,46,100,1,0,0
1742,12,8,1024,0,424,12,6,7,1,1,-70,0,501,4942,101,100,1,0,0
1740,6,5,768,10,348,17,5,5,1,2,-52,0,1024,9662,101,100,2,0,0
1741,14,10,1024,0,129,4,4,7,1,1,-70,0,807,9101,53,100,2,0,0
1741,13,7,1024,0,390,11,11,7,1,1,-70,0,934,10490,86,100,3,0,0
1741,17,18,1280,20,391,10,8,7,1,1,-52,0,393,6263,97,100,1,0,0
1741,16,10,1024,0,306,12,8,7,1,1,-70,4,1078,7825,99,100,0,0,0
1743,23,18,1280,0,406,13,16,7,1,3,-52,2,665,8186,101,100,1,0,0
1740,31,26,1536,0,352,11,5,5,1,2,-52,0,915,10064,97,100,2,0,0
1744,8,4,768,0,386,16,24,7,1,2,-70,10,1898,10919,111,100,1,0,0
1744,5,1,512,30,362,26,5,7,1,1,-76,10,1931,11632,116,100,1,0,0
1745,22,18,1280,0,399,9,5,7,6,1,-70,2,1704,26531,98,100,3,1,6
1744,3,1,512,0,380,25,14,7,1,1,-76,2,1725,19644,116,100,2,0,0
1741,15,10,1024,0,298,8,16,7,1,1,-52,1,627,9366,62,100,1,0,0
1744,7,3,768,0,390,16,3,7,1,2,-70,1,1291,15013,107,100,1,0,0
1744,25,19,1536,0,439,17,8,7,10,4,-70,0,804,9447,105,100,3,1,6
1745,18,8,1024,20,380,12,45,7,1,1,-95,10,3774,38739,110,100,2,0,0
1746,1,0,256,0,45,0,0,3,0,0,0,10,1598,13316,2801,100,1,0,0
1742,21,15,1280,0,346,10,11,7,1,3,-70,0,702,10428,86,100,2,0,0
1744,19,18,1280,10,415,14,20,7,1,3,-52,1,1225,26288,107,100,1,0,0
1746,11,5,768,0,379,18,2,7,1,1,-70,0,753,12847,109,100,2,0,0
1746,17,18,1280,0,393,10,8,7,1,1,-52,0,658,5080,98,100,2,0,0
1746,13,7,1024,0,391,11,11,7,1,1,-70,0,370,4309,86,100,1,0,0
1746,28,22,1536,0,413,12,3,7,1,2,-70,1,385,7960,109,100,1,0,0
1747,9,4,768,0,403,15,16,7,1,1,-52,0,704,9595,113,100,2,0,0
1746,10,5,768,0,362,16,9,7,1,2,-52,8,3555,24168,101,100,2,0,0
1748,29,23,1536,0,75,3,5,7,1,1,-70,0,913,10301,36,100,2,0,0
1745,30,26,1536,0,102,3,4,7,1,2,-70,0,298,5362,46,100,1,0,0
1746,15,10,1024,0,301,8,16,7,1,1,-52,1,876,6787,62,100,1,0,0
1749,4,1,512,0,358,25,11,7,2,1,-61,10,4478,24972,117,100,2,0,0
1749,8,4,768,0,386,16,24,7,1,2,-70,10,1761,11499,111,100,1,0,0
1746,20,16,1280,0,424,10,16,7,1,3,-70,0,581,7381,92,100,1,0,0
1749,12,8,1024,10,426,12,6,7,1,1,-70,0,393,6586,101,100,1,0,0
1749,3,1,512,0,380,25,14,7,1,1,-76,2,683,7403,116,100,1,0,0
1750,2,4,768,0,394,14,3,5,1,1,-95,0,621,12533,108,100,2,0,0
1749,19,18,1280,10,417,14,20,7,1,3,-52,1,672,17199,107,100,1,0,0
1749,7,3,768,0,392,16,3,7,1,2,-70,1,739,8609,107,100,1,0,0
1750,18,8,1024,10,380,12,45,7,1,1,-95,10,1654,19173,110,100,1,0,0
1749,26,16,1280,10,357,12,5,7,1,4,-95,2,1692,16976,99,100,2,0,0
1748,21,15,1280,0,348,10,11,7,1,3,-70,0,502,5621,86,100,1,0,0
1751,1,0,256,0,45,0,0,3,0,0,0,10,1427,13389,2811,100,1,0,0
1751,6,5,768,0,351,17,5,5,1,2,-52,0,915,9911,102,100,2,0,0
1751,27,22,1536,0,398,13,4,5,8,3,-52,0,924,12292,99,100,3,1,6
1749,31,26,1536,0,354,11,5,5,1,2,-52,0,622,7716,97,100,2,0,0
1752,22,18,1280,0,402,9,5,7,6,1,-70,2,1254,26833,99,100,2,1,6
1752,5,1,512,20,368,26,5,7,1,1,-76,10,3622,23218,116,100,1,0,0
1753,29,23,1536,0,77,3,5,7,1,1,-70,0,499,5646,36,100,1,0,0
1749,14,10,1024,0,132,4,4,7,1,1,-70,0,686,8612,54,100,1,0,0
1752,16,10,1024,10,309,12,8,7,1,1,-70,4,2152,18463,100,100,2,0,0
1754,17,18,1280,0,396,10,8,7,1,1,-52,0,631,7862,98,100,1,0,0
1755,8,4,768,10,387,16,24,7,1,2,-70,10,2252,14972,112,100,1,0,0
1754,11,5,768,10,382,18,2,7,1,1,-70,0,580,9683,110,100,1,0,0
1755,4,1,512,10,360,25,11,7,2,1,-61,10,3080,18934,117,100,1,0,0
1754,23,18,1280,0,410,13,16,7,1,3,-52,1,1616,15703,101,100,2,0,0
1755,27,22,1536,0,398,13,4,5,8,3,-52,0,420,5367,100,100,2,1,6
1755,20,16,1280,0,426,10,16,7,1,3,-70,0,622,7733,92,100,2,0,0
1755,28,22,1536,0,413,12,3,7,1,2,-70,1,408,12016,109,100,2,0,0
1755,30,26,1536,20,106,3,4,7,1,2,-70,0,783,9322,47,100,2,0,0
1756,13,7,1024,0,395,11,11,7,1,1,-70,0,818,10358,87,100,1,0,0
1756,22,18,1280,0,403,9,5,7,6,1,-70,2,1004,16159,99,100,1,1,6
1757,10,5,768,0,365,16,9,7,1,2,-52,8,3718,25336,102,100,2,0,0
1758,12,8,1024,0,427,12,6,7,1,1,-70,0,605,8555,102,100,1,0,0
1755,25,19,1536,0,443,17,8,7,10,4,-70,0,1061,11103,106,100,4,1,6
1758,9,4,768,0,404,15,16,7,1,1,-52,0,537,12346,113,100,2,0,0
1757,3,1,512,10,381,25,14,7,1,1,-76,2,1176,13667,116,100,1,0,0
1758,2,4,768,10,396,14,3,5,1,1,-95,0,523,10143,108,100,1,0,0
1757,14,10,1024,0,136,4,4,7,1,1,-70,0,828,7505,54,100,3,0,0
1757,19,18,1280,10,418,14,20,7,1,3,-52,1,930,30668,108,100,1,0,0
1757,26,16,1280,0,358,12,5,7,1,4,-95,2,1331,13810,100,100,1,0,0
1759,18,8,1024,10,381,12,45,7,1,1,-95,10,3325,39274,111,100,1,0,0
1759,6,5,768,0,352,17,5,5,1,2,-52,0,415,7782,102,100,1,0,0
1758,7,3,768,0,396,16,3,7,1,2,-70,1,1390,15245,108,100,2,0,0
1758,29,23,1536,10,78,3,5,7,1,1,-70,0,367,4733,36,100,1,0,0
1757,31,26,1536,0,356,11,5,5,1,2,-52,0,604,8503,98,100,1,0,0
1759,23,18,1280,0,410,13,16,7,1,3,-52,1,560,6431,102,100,1,0,0
1759,25,19,1536,0,445,17,8,7,10,4,-70,0,474,3895,106,100,2,1,6
1758,15,10,1024,0,306,8,16,7,1,1,-52,1,1704,16088,63,100,2,0,0
1761,27,22,1536,0,400,13,4,5,8,3,-52,0,561,6923,100,100,2,1,6
1762,4,1,512,20,361,25,11,7,2,1,-61,10,3780,20002,118,100,1,0,0
1761,17,18,1280,0,398,10,8,7,1,1,-52,0,556,6964,99,100,1,0,0
1762,11,5,768,10,384,18,2,7,1,1,-70,0,649,9388,110,100,2,0,0
1763,1,0,256,0,45,0,0,3,0,0,0,10,3271,29492,2834,100,2,0,0
1760,21,15,1280,0,355,10,11,7,1,3,-70,0,1331,12582,87,100,2,0,0
1762,2,4,768,0,397,14,3,5,1,1,-95,0,477,5581,109,100,1,0,0
1762,12,8,1024,0,427,12,6,7,1,1,-70,0,262,4529,102,100,1,0,0
1762,15,10,1024,0,308,8,16,7,1,1,-52,1,692,5585,63,100,1,0,0
1762,13,7,1024,0,395,11,11,7,1,1,-70,0,384,5536,87,100,2,0,0
1761,28,22,1536,0,416,12,3,7,1,2,-70,1,693,9568,110,100,1,0,0
1763,18,8,1024,0,382,12,45,7,1,1,-95,10,2034,20372,111,100,1,0,0
1762,14,10,1024,0,141,4,4,7,1,1,-70,0,820,5963,54,100,1,0,0
1765,8,4,768,10,389,16,24,7,1,2,-70,10,4159,23721,112,100,2,0,0
1764,5,1,512,20,371,26,5,7,1,1,-76,10,4702,31427,117,100,2,0,0
1763,16,10,1024,0,311,12,8,7,1,1,-70,4,2116,18951,101,100,2,0,0
1764,22,18,1280,0,406,9,5,7,6,1,-70,2,1598,29963,100,100,2,1,6
1765,10,5,768,10,367,16,9,7,1,2,-52,8,2722,18308,103,100,1,0,0
1765,6,5,768,0,352,17,5,5,1,2,-52,0,437,5484,103,100,2,0,0
1765,20,16,1280,0,427,10,16,7,1,3,-70,0,498,9460,93,100,1,0,0
1765,3,1,512,10,385,25,14,7,1,1,-76,2,1504,14472,117,100,2,0,0
1766,11,5,768,0,385,18,2,7,1,1,-70,0,476,5406,110,100,1,0,0
1767,9,4,768,0,407,15,16,7,1,1,-52,0,739,11366,114,100,1,0,0
1765,30,26,1536,0,107,3,4,7,1,2,-70,0,658,8733,47,100,2,0,0
1766,14,10,1024,10,143,4,4,7,1,1,-70,0,507,4173,55,100,1,0,0
1767,7,3,768,0,397,16,3,7,1,2,-70,1,917,13142,109,100,2,0,0
1768,4,1,512,0,362,25,11,7,2,1,-61,10,2795,18143,118,100,1,0,0
1769,27,22,1536,0,403,13,4,5,8,3,-52,0,789,9603,100,100,3,1,6
1767,26,16,1280,0,362,12,5,7,1,4,-95,2,1723,16836,100,100,2,0,0
1768,25,19,1536,0,448,17,9,7,10,4,-70,0,824,8454,106,100,3,1,6
1768,13,7,1024,0,396,11,11,7,1,1,-70,0,393,5597,87,100,1,0,0
1769,2,4,768,0,400,14,3,5,1,1,-95,0,605,8545,109,100,1,0,0
1769,29,23,1536,0,80,3,5,7,1,1,-70,0,934,11048,37,100,2,0,0
1770,18,8,1024,20,383,12,45,7,1,1,-95,10,1868,25558,112,100,1,0,0
1769,5,1,512,10,371,26,5,7,1,1,-76,10,2398,15003,117,100,1,0,0
1770,10,5,768,10,368,16,9,7,1,2,-52,8,1730,11835,103,100,1,0,0
1771,8,4,768,20,389,16,24,7,1,2,-70,10,1917,14398,113,100,1,0,0
1768,31,26,1536,0,359,11,5,5,1,2,-52,0,808,9946,99,100,2,0,0
1769,28,22,1536,0,418,12,3,7,1,2,-70,1,635,11611,110,100,2,0,0
1771,6,5,768,0,354,17,5,5,1,2,-52,0,498,5290,103,100,1,0,0
1770,12,8,1024,10,431,12,6,7,1,1,-70,0,784,8322,103,100,2,0,0
1771,11,5,768,0,387,18,2,7,1,1,-70,0,532,6355,111,100,0,0,0
1772,9,4,768,0,409,15,16,7,1,1,-52,0,476,5494,114,100,1,0,0
1769,19,18,1280,10,420,14,20,7,1,3,-52,1,1355,45097,109,100,2,0,0
1769,15,10,1024,0,310,8,16,7,1,1,-52,1,762,9453,63,100,1,0,0
1769,21,15,1280,0,357,10,11,7,1,3,-70,0,648,8353,87,100,2,0,0
1771,23,18,1280,0,416,13,16,7,1,3,-52,1,1625,16050,103,100,2,0,0
1774,1,0,256,0,45,0,0,3,0,0,0,10,2904,27710,2853,100,2,0,0
1773,22,18,1280,0,409,9,5,7,6,1,-70,2,1731,32491,100,100,3,1,6
1772,20,16,1280,10,429,10,16,7,1,3,-70,0,592,6410,93,100,3,0,0
1773,17,18,1280,10,403,10,8,7,1,1,-52,0,980,11654,99,100,3,0,0
1774,27,22,1536,0,406,13,4,5,8,3,-52,0,634,6302,101,100,2,1,6
1774,16,10,1024,0,313,12,8,7,1,1,-70,4,2300,18294,102,100,2,0,0
1775,6,5,768,0,354,17,5,5,1,2,-52,0,163,3711,103,100,0,0,0
1775,3,1,512,10,389,25,14,7,1,1,-76,2,1636,15438,118,100,2,0,0
1773,14,10,1024,0,145,4,4,7,1,1,-70,0,524,7148,55,100,1,0,0
1775,7,3,768,0,400,16,3,7,1,2,-70,1,993,11493,109,100,1,0,0
1773,29,23,1536,0,80,3,5,7,1,1,-70,0,298,4827,37,100,1,0,0
1774,30,26,1536,0,112,3,4,7,1,2,-70,0,918,9289,48,100,2,0,0
1773,25,19,1536,0,451,17,9,7,10,4,-70,0,666,5474,107,100,3,1,6
1775,10,5,768,0,369,16,9,7,1,2,-52,8,2160,12947,103,100,1,0,0
1777,9,4,768,0,410,15,16,7,1,1,-52,0,452,5770,115,100,1,0,0
1775,11,5,768,10,388,18,2,7,1,1,-70,0,369,5461,111,100,1,0,0
1777,4,1,512,10,367,25,11,7,2,1,-61,10,5223,27856,119,100,2,0,0
1778,8,4,768,0,391,16,24,7,1,2,-70,10,2813,16451,113,100,1,0,0
1776,31,26,1536,10,363,11,5,5,1,2,-52,0,714,7417,99,100,1,0,0
1775,15,10,1024,0,310,8,16,7,1,1,-52,1,702,8304,64,100,1,0,0
1777,19,18,1280,0,423,14,20,7,1,3,-52,1,1265,32732,109,100,2,0,0
1778,18,8,1024,0,384,12,45,7,1,1,-95,10,3433,38274,112,100,2,0,0
1778,13,7,1024,0,398,11,11,7,1,1,-70,0,701,9617,88,100,2,0,0
1779,2,4,768,0,402,14,3,5,1,1,-95,0,727,11573,110,100,2,0,0
1779,1,0,256,0,45,0,0,3,0,0,0,10,1753,15345,2865,100,1,0,0
1778,14,10,1024,0,146,4,4,7,1,1,-70,0,368,3876,55,100,1,0,0
1780,28,22,1536,0,421,12,3,7,1,2,-70,1,838,14600,111,100,2,0,0
1779,5,1,512,0,372,26,5,7,1,1,-76,10,4212,26785,118,100,2,0,0
1779,3,1,512,20,390,25,14,7,1,1,-76,2,503,6597,118,100,0,0,0
1780,26,16,1280,0,364,12,5,7,1,4,-95,2,1791,18309,101,100,2,0,0
1781,22,18,1280,0,413,9,5,7,6,1,-70,2,1566,29017,101,100,2,1,6
1778,21,15,1280,10,360,10,11,7,1,3,-70,0,785,9373,88,100,2,0,0
1780,12,8,1024,0,435,12,6,7,1,1,-70,0,1047,10800,104,100,2,0,0
1781,10,5,768,0,372,16,9,7,1,2,-52,8,1870,12850,104,100,1,0,0
1782,13,7,1024,0,398,11,11,7,1,1,-70,0,165,3893,88,100,0,0,0
1783,8,4,768,0,391,16,24,7,1,2,-70,10,1688,12236,114,100,1,0,0
1783,6,5,768,0,355,17,5,5,1,2,-52,0,568,7876,104,100,2,0,0
1783,23,18,1280,0,420,13,16,7,1,3,-52,1,1496,15355,103,100,2,0,0
1783,7,3,768,10,402,16,3,7,1,2,-70,1,950,12279,110,100,1,0,0
1783,17,18,1280,0,406,10,8,7,1,1,-52,0,821,10134,100,100,1,0,0
1783,20,16,1280,0,430,10,16,7,1,3,-70,0,620,10255,94,100,2,0,0
1784,29,23,1536,0,82,3,5,7,1,1,-70,0,741,9531,38,100,2,0,0
1784,18,8,1024,10,385,12,45,7,1,1,-95,10,1972,24597,113,100,1,0,0
1785,5,1,512,0,373,26,5,7,1,1,-76,10,1905,14327,118,100,1,0,0
1783,25,19,1536,0,455,17,9,7,10,4,-70,0,921,9892,107,100,3,1,6
1785,2,4,768,0,403,14,3,5,1,1,-95,0,392,7576,110,100,1,0,0
1785,16,10,1024,10,319,12,8,7,1,1,-70,4,2300,19200,102,100,2,0,0
1785,27,22,1536,0,408,13,4,5,8,3,-52,0,724,13051,101,100,4,1,6
1785,31,26,1536,0,364,11,5,5,1,2,-52,0,595,8777,100,100,2,0,0
1786,28,22,1536,0,422,12,3,7,1,2,-70,1,395,8302,111,100,1,0,0
1786,30,26,1536,10,115,3,4,7,1,2,-70,0,807,10543,49,100,2,0,0
1787,4,1,512,10,368,25,11,7,2,1,-61,10,4228,25893,119,100,3,0,0
1787,11,5,768,0,390,18,2,7,1,1,-70,0,747,13597,112,100,3,0,0
1786,9,4,768,0,412,15,16,7,1,1,-52,0,872,13372,115,100,3,0,0
1784,19,18,1280,0,425,14,20,7,1,3,-52,1,918,26932,110,100,1,0,0
1787,3,1,512,0,392,25,14,7,1,1,-76,2,1541,14438,118,100,2,0,0
1789,1,0,256,0,45,0,0,3,0,0,0,10,2488,23512,2884,100,2,0,0
1787,23,18,1280,0,421,13,16,7,1,3,-52,1,637,5318,104,100,1,0,0
1786,15,10,1024,10,311,8,16,7,1,1,-52,1,1033,12799,65,100,3,0,0
1789,17,18,1280,0,406,10,8,7,1,1,-52,0,344,5468,101,100,1,0,0
1788,25,19,1536,0,456,17,9,7,10,4,-70,0,511,5361,108,100,2,1,6
1787,26,16,1280,0,366,12,5,7,1,4,-95,2,1439,14353,102,100,1,0,0
1790,5,1,512,30,375,26,5,7,1,1,-76,10,2541,15512,119,100,2,0,0
1790,27,22,1536,0,410,13,4,5,8,3,-52,0,594,6853,102,100,2,1,6
1792,8,4,768,10,397,16,24,7,1,2,-70,10,3923,21670,114,100,3,0,0
1789,14,10,1024,0,150,4,4,7,1,1,-70,0,945,10919,56,100,3,0,0
1790,7,3,768,0,404,16,3,7,1,2,-70,1,1042,13613,110,100,2,0,0
1790,19,18,1280,0,426,14,20,7,1,3,-52,1,759,21926,110,100,1,0,0
1790,21,15,1280,0,363,10,11,7,1,3,-70,0,834,10864,89,100,2,0,0
1791,13,7,1024,0,401,11,11,7,1,1,-70,0,784,9071,89,100,2,0,0
1793,2,4,768,0,405,15,3,5,1,1,-95,0,686,9688,111,100,1,0,0
1792,9,4,768,0,416,15,16,7,1,1,-52,0,792,7701,116,100,2,0,0
1791,22,18,1280,0,417,9,5,7,6,1,-70,2,2104,38455,102,100,3,1,6
1792,10,5,768,0,373,17,10,7,1,2,-52,8,3249,24017,105,100,3,0,0
1792,28,22,1536,10,424,12,3,7,1,2,-70,1,585,11088,112,100,1,0,0
1792,30,26,1536,10,118,3,4,7,1,2,-70,0,705,6075,49,100,2,0,0
1793,3,1,512,0,394,25,14,7,1,1,-76,2,996,10138,119,100,1,0,0
1793,16,10,1024,0,323,12,8,7,1,1,-70,4,1971,14698,103,100,4,0,0
1794,1,0,256,0,45,0,0,3,0,0,0,10,1705,15306,2895,100,1,0,0
1792,12,8,1024,0,437,12,6,7,1,1,-70,0,647,10424,104,100,2,0,0
1793,18,8,1024,20,388,12,45,7,1,1,-95,10,3798,40247,113,100,1,0,0
1793,23,18,1280,0,422,13,16,7,1,3,-52,1,601,7453,104,100,1,0,0
1795,6,5,768,0,360,18,5,5,1,2,-52,0,1112,11590,105,100,4,0,0
1796,4,1,512,0,371,25,11,7,2,1,-61,10,4913,27316,120,100,2,0,0
1794,31,26,1536,0,366,11,5,5,1,2,-52,0,549,8889,100,100,1,0,0
1794,29,23,1536,0,83,3,5,7,1,1,-70,0,495,9023,39,100,1,0,0
1795,20,16,1280,0,432,10,16,7,1,3,-70,0,715,10423,95,100,4,0,0
1795,11,5,768,0,392,19,2,7,1,1,-70,0,695,9911,112,100,3,0,0
1797,5,1,512,10,378,26,5,7,1,1,-76,10,2731,17022,119,100,2,0,0
1795,26,16,1280,0,367,12,5,7,1,4,-95,2,1246,13261,102,100,2,0,0
1798,18,8,1024,0,391,12,45,7,1,1,-95,10,1614,20976,114,100,1,0,0
1797,10,5,768,10,373,17,10,7,1,2,-52,8,1717,11923,105,100,1,0,0
1799,28,22,1536,10,426,12,3,7,1,2,-70,1,503,8842,112,100,1,0,0
1797,30,26,1536,0,119,3,4,7,1,2,-70,0,296,4674,49,100,0,0,0
1798,7,3,768,0,405,16,3,7,1,2,-70,1,828,11170,111,100,1,0,0
1800,1,0,256,0,45,0,0,3,0,0,0,10,1319,12776,2901,100,1,0,0
1796,15,10,1024,0,316,8,16,7,1,1,-52,1,1367,13237,65,100,3,0,0
1799,13,7,1024,0,404,11,11,7,1,1,-70,0,631,7168,89,100,1,0,0
1798,19,18,1280,0,428,14,20,7,1,3,-52,1,882,29357,111,100,2,0,0
1799,29,23,1536,0,85,3,5,7,1,1,-70,0,498,5691,39,100,1,0,0
1798,21,15,1280,0,365,10,11,7,1,3,-70,0,526,7867,89,100,1,0,0
1801,3,1,512,0,394,25,14,7,1,1,-76,2,989,12045,119,100,1,0,0
1799,17,18,1280,0,410,10,8,7,1,1,-52,0,860,9885,101,100,1,0,0
1800,27,22,1536,0,414,13,4,5,8,3,-52,0,873,11432,103,100,3,1,6
1802,8,4,768,30,402,16,24,7,1,2,-70,10,4317,26247,115,100,3,0,0
1800,14,10,1024,0,154,4,4,7,1,1,-70,0,909,10585,57,100,3,0,0
1799,25,19,1536,0,459,17,9,7,10,4,-70,0,814,9847,108,100,3,1,6
1800,16,10,1024,0,325,12,8,7,1,1,-70,4,1727,12605,104,100,1,0,0
1801,12,8,1024,0,439,12,6,7,1,1,-70,0,702,9104,105,100,2,0,0
1803,2,4,768,0,409,15,3,5,1,1,-95,0,857,12904,111,100,2,0,0
1801,30,26,1536,0,122,3,4,7,1,2,-70,0,638,4669,50,100,1,0,0
1800,23,18,1280,0,423,13,16,7,1,3,-52,1,947,10414,105,100,1,0,0
1804,4,1,512,10,374,25,11,7,2,1,-61,10,3662,23186,120,100,2,0,0
1804,1,0,256,0,45,0,0,3,0,0,0,10,1268,12006,2912,100,1,0,0
1804,9,4,768,0,419,15,16,7,1,1,-52,0,751,13671,116,100,2,0,0
1804,6,5,768,0,362,18,5,5,1,2,-52,0,621,8284,105,100,2,0,0
1803,22,18,1280,0,421,9,5,7,6,1,-70,2,2196,43242,102,100,3,1,6
1803,20,16,1280,0,434,10,16,7,1,3,-70,0,526,7499,95,100,1,0,0
1803,17,18,1280,10,411,10,8,7,1,1,-52,0,370,4060,101,100,1,0,0
1805,18,8,1024,20,394,12,45,7,1,1,-95,10,2864,28889,114,100,1,0,0
1805,11,5,768,0,397,19,2,7,1,1,-70,0,1050,12005,113,100,2,0,0
1806,5,1,512,50,381,26,5,7,1,1,-76,10,4173,26695,120,100,2,0,0
1805,7,3,768,0,406,16,3,7,1,2,-70,1,803,11197,111,100,1,0,0
1804,26,16,1280,0,370,13,5,7,1,4,-95,2,1683,14371,103,100,1,0,0
1805,13,7,1024,0,407,11,11,7,1,1,-70,0,754,6500,90,100,3,0,0
1804,31,26,1536,0,370,11,5,5,1,2,-52,0,916,9673,101,100,2,0,0
1806,19,18,1280,0,429,14,20,7,1,3,-52,1,899,29961,111,100,1,0,0
1806,10,5,768,0,379,17,10,7,1,2,-52,8,3549,20990,105,100,2,0,0
1809,4,1,512,10,376,25,11,7,2,1,-61,10,2664,14800,121,100,1,0,0
1808,23,18,1280,0,423,13,16,7,1,3,-52,1,578,9296,105,100,1,0,0
1806,30,26,1536,10,122,3,4,7,1,2,-70,0,261,4406,50,100,1,0,0
1808,25,19,1536,0,463,17,9,7,10,4,-70,0,856,8808,109,100,2,1,6
1809,28,22,1536,10,430,12,3,7,1,2,-70,1,1079,15815,113,100,2,0,0
1807,15,10,1024,0,319,8,16,7,1,1,-52,1,1282,14317,66,100,2,0,0
1809,27,22,1536,0,417,13,4,5,8,3,-52,0,809,11514,103,100,4,1,6
1810,29,23,1536,0,88,3,5,7,1,1,-70,0,930,10627,40,100,2,0,0
1808,21,15,1280,0,367,10,11,7,1,3,-70,0,702,9916,90,100,2,0,0
1810,13,7,1024,0,408,11,11,7,1,1,-70,0,296,4489,90,100,0,0,0
1810,16,10,1024,0,328,12,8,7,1,1,-70,4,2163,17813,104,100,2,0,0
1812,10,5,768,0,379,17,10,7,1,2,-52,8,1511,13282,106,100,1,0,0
1812,2,4,768,10,411,15,3,5,1,1,-95,0,698,10363,112,100,3,0,0
1812,9,4,768,0,425,15,16,7,1,1,-52,0,1030,11431,117,100,2,0,0
1812,3,1,512,0,395,25,14,7,1,1,-76,2,1464,18328,120,100,2,0,0
1813,18,8,1024,0,394,12,45,7,1,1,-95,10,2515,31326,115,100,2,0,0
1813,8,4,768,0,405,16,24,7,1,2,-70,10,4079,25645,116,100,2,0,0
1811,14,10,1024,0,156,4,4,7,1,1,-70,0,719,11060,58,100,3,0,0
1812,25,19,1536,0,463,17,9,7,10,4,-70,0,264,3976,109,100,1,1,6
1813,5,1,512,10,383,26,5,7,1,1,-76,10,2803,19077,120,100,1,0,0
1813,23,18,1280,0,425,13,16,7,1,3,-52,1,711,6906,105,100,1,0,0
1813,6,5,768,0,367,18,5,5,1,2,-52,0,917,9627,106,100,2,0,0
1813,12,8,1024,0,441,12,6,7,1,1,-70,0,725,11353,106,100,2,0,0
1814,7,3,768,0,407,16,3,7,1,2,-70,1,1073,12440,112,100,2,0,0
1814,1,0,256,0,45,0,0,3,0,0,0,10,2767,26072,2931,100,1,0,0
1812,20,16,1280,10,438,10,16,7,1,3,-70,0,886,8886,96,100,3,0,0
1813,31,26,1536,0,372,11,5,5,1,2,-52,0,622,8028,101,100,2,0,0
1814,17,18,1280,0,413,10,8,7,1,1,-52,0,727,10313,102,100,2,0,0
1815,22,18,1280,10,426,9,5,7,6,1,-70,2,2064,42658,103,100,3,1,6
1812,15,10,1024,0,322,8,16,7,1,1,-52,1,870,7493,66,100,2,0,0
1813,26,16,1280,0,372,13,5,7,1,4,-95,2,1635,15944,103,100,2,0,0
1815,27,22,1536,0,421,13,4,5,8,3,-52,0,766,7380,104,100,2,1,6
1813,30,26,1536,0,123,3,4,7,1,2,-70,0,594,8098,51,100,2,0,0
1815,11,5,768,0,405,19,2,7,1,1,-70,0,1390,15009,114,100,3,0,0
1817,19,18,1280,0,431,14,20,7,1,3,-52,1,1396,41355,112,100,2,0,0
1817,13,7,1024,0,410,11,11,7,1,1,-70,0,653,7233,91,100,2,0,0
1817,16,10,1024,0,331,12,8,7,1,1,-70,4,1927,13447,105,100,1,0,0
1819,9,4,768,0,429,15,16,7,1,1,-52,0,836,9554,117,100,2,0,0
1820,4,1,512,10,377,25,11,7,2,1,-61,10,4987,31268,121,100,2,0,0
1819,18,8,1024,0,396,12,45,7,1,1,-95,10,2592,31664,115,100,1,0,0
1818,10,5,768,20,380,17,10,7,1,2,-52,8,2461,15330,106,100,1,0,0
1818,26,16,1280,10,375,13,5,7,1,4,-95,2,750,6969,104,100,1,0,0
1820,22,18,1280,0,428,9,5,7,6,1,-70,2,1303,20490,104,100,2,1,6
1820,2,4,768,0,414,15,3,5,1,1,-95,0,739,10967,113,100,1,0,0
1820,3,1,512,0,398,25,14,7,1,1,-76,2,1311,13576,121,100,2,0,0
1819,28,22,1536,0,434,12,3,7,1,2,-70,1,971,16459,114,100,2,0,0
1820,17,18,1280,0,416,10,8,7,1,1,-52,0,659,6102,103,100,2,0,0
1820,29,23,1536,0,88,3,5,7,1,1,-70,0,454,10064,40,100,2,0,0
1816,21,15,1280,10,367,10,11,7,1,3,-70,0,489,8246,91,100,2,0,0
1819,14,10,1024,0,159,4,4,7,1,1,-70,0,631,7505,58,100,1,0,0
1821,20,16,1280,0,440,10,16,7,1,3,-70,0,703,8470,97,100,2,0,0
1821,7,3,768,10,408,16,3,7,1,2,-70,1,836,12286,112,100,1,0,0
1822,1,0,256,0,45,0,0,3,0,0,0,10,2389,21309,2951,100,2,0,0
1822,13,7,1024,0,412,11,11,7,1,1,-70,0,404,5153,91,100,0,0,0
1823,27,22,1536,0,425,13,4,5,8,3,-52,0,896,9789,104,100,3,1,6
1820,15,10,1024,10,325,8,16,7,1,1,-52,1,1121,10302,67,100,2,0,0
1823,5,1,512,40,385,26,5,7,1,1,-76,10,4315,27239,121,100,2,0,0
1823,25,19,1536,0,467,17,9,7,10,4,-70,0,1001,10689,110,100,3,1,6
1821,6,5,768,0,370,18,5,5,1,2,-52,0,782,8591,107,100,2,0,0
1824,8,4,768,10,406,16,24,7,1,2,-70,10,3861,25273,117,100,2,0,0
1821,31,26,1536,0,375,11,5,5,1,2,-52,0,785,8109,102,100,2,0,0
1821,11,5,768,0,406,19,2,7,1,1,-70,0,394,7039,114,100,1,0,0
1825,2,4,768,0,416,15,3,5,1,1,-95,0,475,5167,113,100,1,0,0
1825,4,1,512,0,379,25,11,7,2,1,-61,10,3210,17241,122,100,1,0,0
1824,23,18,1280,0,426,13,16,7,1,3,-52,1,1062,14286,106,100,2,0,0
1824,12,8,1024,0,443,12,6,7,1,1,-70,0,670,10774,106,100,2,0,0
1823,10,5,768,0,382,17,10,7,1,2,-52,8,2044,13467,107,100,1,0,0
1823,30,26,1536,0,125,3,4,7,1,2,-70,0,547,9232,51,100,1,0,0
1826,16,10,1024,10,335,12,8,7,1,1,-70,4,1944,15362,105,100,2,0,0
1827,9,4,768,0,431,15,16,7,1,1,-52,0,607,9482,118,100,1,0,0
1826,28,22,1536,0,438,12,3,7,1,2,-70,1,716,9708,114,100,1,0,0
1826,19,18,1280,0,435,14,20,7,1,3,-52,1,1342,35024,113,100,2,0,0
1826,20,16,1280,0,441,10,16,7,1,3,-70,0,297,5289,97,100,0,0,0
1827,7,3,768,0,409,16,3,7,1,2,-70,1,771,8964,113,100,1,0,0
1828,22,18,1280,10,430,9,5,7,6,1,-70,2,1481,28825,104,100,3,1,6
1826,21,15,1280,10,368,10,11,7,1,3,-70,0,395,7383,91,100,1,0,0
1828,23,18,1280,0,426,13,16,7,1,3,-52,1,323,5044,106,100,1,0,0
1826,26,16,1280,0,377,13,5,7,1,4,-95,2,1496,14060,104,100,2,0,0
1828,11,5,768,0,406,19,2,7,1,1,-70,0,369,8277,115,100,1,0,0
1830,8,4,768,0,408,16,24,7,1,2,-70,10,2578,15134,117,100,2,0,0
1830,3,1,512,10,401,25,14,7,1,1,-76,2,1608,16101,121,100,2,0,0
1830,17,18,1280,0,419,10,8,7,1,1,-52,0,754,9577,103,100,2,0,0
1829,30,26,1536,10,127,3,4,7,1,2,-70,0,531,5380,52,100,1,0,0
1831,18,8,1024,0,399,12,45,7,1,1,-95,10,4249,49082,116,100,2,0,0
1831,19,18,1280,0,436,14,20,7,1,3,-52,1,578,18240,113,100,1,0,0
1831,5,1,512,0,388,26,5,7,1,1,-76,10,3128,20825,121,100,1,0,0
1831,13,7,1024,0,415,11,11,7,1,1,-70,0,784,8812,92,100,2,0,0
1832,29,23,1536,0,90,3,5,7,1,1,-70,0,700,10027,41,100,2,0,0
1832,2,4,768,0,416,15,3,5,1,1,-95,0,284,7853,113,100,1,0,0
1833,27,22,1536,0,429,13,4,5,8,3,-52,0,849,11499,105,100,3,1,6
1830,6,5,768,0,370,18,5,5,1,2,-52,0,429,8440,107,100,2,0,0
1833,4,1,512,10,380,25,11,7,2,1,-61,10,3518,21073,122,100,1,0,0
1832,25,19,1536,0,471,17,9,7,10,4,-70,0,852,8649,111,100,3,1,6
1830,15,10,1024,0,327,8,16,7,1,1,-52,1,903,12009,67,100,1,0,0
1830,14,10,1024,0,163,4,4,7,1,1,-70,0,914,10915,59,100,2,0,0
1833,12,8,1024,0,444,12,6,7,1,1,-70,0,474,7679,107,100,1,0,0
1831,31,26,1536,0,376,11,5,5,1,2,-52,0,498,9182,103,100,1,0,0
1833,28,22,1536,0,438,12,3,7,1,2,-70,1,464,10757,115,100,2,0,0
1832,7,3,768,0,410,16,3,7,1,2,-70,1,751,9439,113,100,1,0,0
1834,1,0,256,0,45,0,0,3,0,0,0,10,3091,29068,2969,100,2,0,0
1832,26,16,1280,0,377,13,5,7,1,4,-95,2,1056,9844,105,100,1,0,0
1833,11,5,768,0,407,19,2,7,1,1,-70,0,392,5995,115,100,1,0,0
1836,8,4,768,0,409,16,24,7,1,2,-70,10,2171,13792,117,100,1,0,0
1833,10,5,768,0,382,17,10,7,1,2,-52,8,3480,23988,107,100,2,0,0
1835,20,16,1280,0,446,10,16,7,1,3,-70,0,999,8753,98,100,2,0,0
1837,5,1,512,30,390,26,5,7,1,1,-76,10,2755,17410,122,100,2,0,0
1837,18,8,1024,0,399,12,45,7,1,1,-95,10,2200,28391,116,100,2,0,0
1834,21,15,1280,0,373,10,11,7,1,3,-70,0,918,9288,92,100,2,0,0
1837,19,18,1280,0,438,14,20,7,1,3,-52,1,857,24832,113,100,1,0,0
1838,9,4,768,0,434,15,16,7,1,1,-52,0,853,14106,119,100,3,0,0
1837,16,10,1024,0,338,12,8,7,1,1,-70,4,2619,19232,106,100,2,0,0
1836,15,10,1024,0,328,8,16,7,1,1,-52,1,987,8866,68,100,2,0,0
1838,22,18,1280,0,432,9,5,7,6,1,-70,2,1950,39733,105,100,2,1,6
1836,14,10,1024,10,165,4,4,7,1,1,-70,0,500,6146,59,100,1,0,0
1838,17,18,1280,0,419,10,8,7,1,1,-52,0,464,8431,104,100,2,0,0
1840,4,1,512,10,382,25,11,7,2,1,-61,10,3502,20965,123,100,2,0,0
1839,29,23,1536,0,93,3,5,7,1,1,-70,0,686,7870,42,100,1,0,0
1837,10,5,768,0,383,17,10,7,1,2,-52,8,1373,9036,108,100,1,0,0
1839,3,1,512,0,402,25,14,7,1,1,-76,2,1174,14932,122,100,2,0,0
1839,25,19,1536,0,474,17,9,7,10,4,-70,0,790,7405,111,100,3,1,6
1839,23,18,1280,0,429,13,16,7,1,3,-52,1,1489,15448,107,100,2,0,0
1841,1,0,256,0,45,0,0,3,0,0,0,10,1875,18105,2984,100,1,0,0
1841,8,4,768,10,409,16,24,7,1,2,-70,10,1880,12083,118,100,2,0,0
1840,26,16,1280,0,378,13,5,7,1,4,-95,2,755,11335,105,100,1,0,0
1839,6,5,768,20,374,18,5,5,1,2,-52,0,685,8639,108,100,1,0,0
1840,13,7,1024,0,418,11,11,7,1,1,-70,0,752,9798,92,100,2,0,0
1840,20,16,1280,10,450,10,16,7,1,3,-70,0,578,4865,98,100,2,0,0
1840,27,22,1536,0,432,13,4,5,8,3,-52,0,814,11261,105,100,3,1,6
1842,2,4,768,0,418,15,3,5,1,1,-95,0,752,13230,114,100,2,0,0
1841,31,26,1536,0,380,11,5,5,1,2,-52,0,860,9575,103,100,2,0,0
1841,7,3,768,0,412,16,3,7,1,2,-70,1,1134,14185,114,100,2,0,0
1842,28,22,1536,0,440,12,3,7,1,2,-70,1,578,13795,115,100,1,0,0
1840,30,26,1536,0,131,3,4,7,1,2,-70,0,883,10627,52,100,2,0,0
1843,18,8,1024,10,399,12,45,7,1,1,-95,10,2263,24844,117,100,1,0,0
1841,11,5,768,0,408,19,2,7,1,1,-70,0,472,9565,116,100,1,0,0
1844,29,23,1536,0,93,3,5,7,1,1,-70,0,260,3766,42,100,1,0,0
1841,10,5,768,10,384,17,10,7,1,2,-52,8,1269,9169,108,100,0,0,0
1845,12,8,1024,10,447,12,6,7,1,1,-70,0,798,10683,108,100,3,0,0
1845,16,10,1024,20,340,12,8,7,1,1,-70,4,1568,13715,107,100,1,0,0
1844,19,18,1280,0,440,14,20,7,1,3,-52,1,1011,26098,114,100,1,0,0
1845,3,1,512,10,405,25,14,7,1,1,-76,2,1226,10749,122,100,1,0,0
1844,21,15,1280,0,374,10,11,7,1,3,-70,0,595,9573,93,100,2,0,0
1848,4,1,512,0,384,25,11,7,2,1,-61,10,3335,22035,123,100,1,0,0
1846,30,26,1536,0,132,3,4,7,1,2,-70,0,449,5859,53,100,1,0,0
1847,26,16,1280,0,379,13,5,7,1,4,-95,2,1403,13014,106,100,1,0,0
1846,22,18,1280,0,436,9,5,7,6,1,-70,2,1573,30483,105,100,3,1,6
1848,5,1,512,10,394,26,5,7,1,1,-76,10,4891,30822,123,100,2,0,0
1849,8,4,768,10,411,16,24,7,1,2,-70,10,2790,18616,118,100,1,0,0
1846,17,18,1280,0,420,10,8,7,1,1,-52,0,418,7286,104,100,1,0,0
1849,9,4,768,0,435,15,16,7,1,1,-52,0,538,13033,119,100,2,0,0
1848,6,5,768,0,377,18,5,5,1,2,-52,0,745,8077,108,100,3,0,0
1849,13,7,1024,0,422,11,11,7,1,1,-70,0,891,8680,93,100,2,0,0
1850,1,0,256,0,45,0,0,3,0,0,0,10,2619,23783,3003,100,2,0,0
1848,19,18,1280,0,440,14,20,7,1,3,-52,1,447,16695,114,100,1,0,0
1847,15,10,1024,0,331,8,17,7,1,1,-52,1,1246,14123,68,100,4,0,0
1848,31,26,1536,0,382,11,5,5,1,2,-52,0,557,6789,104,100,1,0,0
1848,14,10,1024,0,169,4,4,7,1,1,-70,0,1030,11419,60,100,4,0,0
1850,12,8,1024,0,449,12,6,7,1,1,-70,0,609,6091,108,100,1,0,0
1850,25,19,1536,0,478,17,9,7,10,4,-70,0,1181,10336,112,100,4,1,6
1852,2,4,768,0,420,15,3,5,1,1,-95,0,728,12119,115,100,2,0,0
1848,21,15,1280,0,375,10,11,7,1,3,-70,0,273,3950,93,100,0,0,0
1849,23,18,1280,10,431,13,16,7,1,3,-52,1,1118,13057,108,100,2,0,0
1850,20,16,1280,0,455,10,16,7,1,3,-70,0,1155,11039,99,100,2,0,0
1851,27,22,1536,0,434,13,4,5,8,3,-52,0,853,12309,106,100,2,1,6
1851,11,5,768,0,412,19,2,7,1,1,-70,0,880,11520,116,100,3,0,0
1854,4,1,512,0,387,25,11,7,2,1,-61,10,3404,17696,124,100,1,0,0
1854,7,3,768,0,416,16,3,7,1,2,-70,1,1355,17440,114,100,2,0,0
1852,10,5,768,10,386,17,10,7,1,2,-52,8,3517,24300,109,100,2,0,0
1852,29,23,1536,0,94,3,5,7,1,1,-70,0,592,8867,43,100,2,0,0
1853,6,5,768,0,378,18,5,5,1,2,-52,0,493,4753,109,100,1,0,0
1852,28,22,1536,0,444,12,3,7,1,2,-70,1,945,15800,116,100,2,0,0
1855,9,4,768,0,435,15,16,7,1,1,-52,0,370,6819,120,100,1,0,0
1852,26,16,1280,0,381,13,5,7,1,4,-95,2,887,8205,106,100,1,0,0
1855,5,1,512,20,399,26,5,7,1,1,-76,10,3176,19214,123,100,3,0,0
1855,3,1,512,0,407,25,14,7,1,1,-76,2,1244,15486,123,100,1,0,0
1856,1,0,256,0,45,0,0,3,0,0,0,10,1496,14698,3013,100,0,0,0
1854,16,10,1024,0,343,12,8,7,1,1,-70,4,2404,17422,107,100,2,0,0
1855,13,7,1024,0,423,11,11,7,1,1,-70,0,393,5815,93,100,1,0,0
1854,18,8,1024,10,403,12,45,7,1,1,-95,10,4352,48828,117,100,2,0,0
1854,17,18,1280,0,421,10,9,7,1,1,-52,0,665,8099,105,100,3,0,0
1856,31,26,1536,0,385,11,5,5,1,2,-52,0,753,8377,104,100,2,0,0
1856,8,4,768,20,416,16,24,7,1,2,-70,10,3352,20133,119,100,1,0,0
1856,15,10,1024,0,335,8,17,7,1,1,-52,1,1064,11070,69,100,1,0,0
1856,22,18,1280,0,442,9,5,7,6,1,-70,2,2028,36775,106,100,4,1,6
1856,10,5,768,10,386,17,10,7,1,2,-52,8,1319,9344,109,100,1,0,0
1856,19,18,1280,0,442,14,20,7,1,3,-52,1,1000,29515,115,100,1,0,0
1856,30,26,1536,0,134,3,4,7,1,2,-70,0,644,8979,53,100,2,0,0
1857,27,22,1536,0,437,13,4,5,8,3,-52,0,729,8607,106,100,2,1,6
1857,12,8,1024,0,450,12,6,7,1,1,-70,0,473,7532,109,100,1,0,0
1857,14,10,1024,0,172,4,4,7,1,1,-70,0,712,8882,61,100,1,0,0
1858,23,18,1280,0,434,13,16,7,1,3,-52,1,1078,11104,108,100,2,0,0
1857,20,16,1280,0,458,10,16,7,1,3,-70,0,610,6754,99,100,1,0,0
1859,3,1,512,0,409,25,14,7,1,1,-76,2,886,7262,123,100,1,0,0
1859,13,7,1024,0,424,11,11,7,1,1,-70,0,272,4170,93,100,0,0,0
1858,21,15,1280,0,377,10,11,7,1,3,-70,0,646,8973,93,100,2,0,0
1859,7,3,768,0,420,16,3,7,1,2,-70,1,1134,11002,115,100,2,0,0
1859,18,8,1024,0,406,12,45,7,1,1,-95,10,2263,25416,118,100,1,0,0
1862,1,0,256,0,45,0,0,3,0,0,0,10,1696,14920,3025,100,2,0,0
1862,9,4,768,0,437,15,16,7,1,1,-52,0,499,8774,120,100,1,0,0
1862,25,19,1536,0,484,17,9,7,10,4,-70,0,1211,11767,113,100,4,1,6
1862,5,1,512,40,402,26,5,7,1,1,-76,10,2943,18578,124,100,1,0,0
1861,11,5,768,0,415,19,2,7,1,1,-70,0,812,11550,117,100,2,0,0
1863,4,1,512,0,391,25,11,7,2,1,-61,10,4391,26792,124,100,2,0,0
1863,2,4,768,0,421,15,3,5,1,1,-95,0,537,12654,115,100,2,0,0
1863,19,18,1280,0,443,14,20,7,1,3,-52,1,788,24673,115,100,1,0,0
1861,26,16,1280,0,383,13,5,7,1,4,-95,2,1560,15146,107,100,2,0,0
1863,12,8,1024,0,450,12,6,7,1,1,-70,0,286,5377,109,100,1,0,0
1861,15,10,1024,0,337,8,17,7,1,1,-52,1,891,8069,69,100,1,0,0
1862,20,16,1280,10,461,10,16,7,1,3,-70,0,608,5189,100,100,1,0,0
1863,29,23,1536,0,99,3,5,7,1,1,-70,0,964,10666,43,100,2,0,0
1864,6,5,768,0,380,18,5,5,1,2,-52,0,709,9834,109,100,2,0,0
1863,23,18,1280,0,435,13,16,7,1,3,-52,1,625,7377,109,100,0,0,0
1863,28,22,1536,10,448,12,3,7,1,2,-70,1,945,15796,117,100,2,0,0
1863,21,15,1280,0,377,10,11,7,1,3,-70,0,343,4505,94,100,1,0,0
1863,17,18,1280,0,425,10,9,7,1,1,-52,0,819,10177,106,100,1,0,0
1865,31,26,1536,0,386,11,5,5,1,2,-52,0,474,7963,105,100,1,0,0
1865,10,5,768,10,387,17,10,7,1,2,-52,8,3151,20146,110,100,2,0,0
1864,22,18,1280,0,442,9,5,7,6,1,-70,2,1514,31608,106,100,2,1,6
1867,13,7,1024,0,426,11,11,7,1,1,-70,0,677,7590,94,100,2,0,0
1865,16,10,1024,10,344,12,8,7,1,1,-70,4,2500,20009,108,100,2,0,0
1867,8,4,768,20,419,16,24,7,1,2,-70,10,4219,26535,120,100,2,0,0
1867,11,5,768,0,416,19,2,7,1,1,-70,0,463,7427,117,100,1,0,0
1864,30,26,1536,0,136,3,4,7,1,2,-70,0,689,7838,54,100,2,0,0
1866,26,16,1280,0,385,13,5,7,1,4,-95,2,955,8583,107,100,1,0,0
1867,18,8,1024,0,407,12,45,7,1,1,-95,10,2661,32692,118,100,1,0,0
1870,4,1,512,10,391,25,11,7,2,1,-61,10,3199,19370,125,100,1,0,0
1869,27,22,1536,0,441,13,4,5,8,3,-52,0,994,13586,107,100,4,1,6
1868,20,16,1280,10,461,10,16,7,1,3,-70,0,489,5419,100,100,1,0,0
1868,12,8,1024,0,452,12,6,7,1,1,-70,0,500,5581,109,100,1,0,0
1869,14,10,1024,0,176,4,5,7,1,1,-70,0,910,11285,61,100,3,0,0
1869,25,19,1536,0,487,17,9,7,10,4,-70,0,695,7344,113,100,2,1,6
1868,15,10,1024,10,341,8,17,7,1,1,-52,1,954,9297,70,100,1,0,0
1870,3,1,512,10,411,25,14,7,1,1,-76,2,1520,18415,124,100,2,0,0
1872,1,0,256,0,45,0,0,3,0,0,0,10,2802,26614,3045,100,1,0,0
1870,22,18,1280,0,445,9,5,7,6,1,-70,2,1129,21897,107,100,2,1,6
1872,5,1,512,10,406,26,5,7,1,1,-76,10,4243,25858,124,100,3,0,0
1870,7,3,768,0,422,16,3,7,1,2,-70,1,1371,16921,116,100,3,0,0
1871,28,22,1536,0,451,12,3,7,1,2,-70,1,731,11489,117,100,2,0,0
1871,26,16,1280,0,387,13,5,7,1,4,-95,2,697,7691,107,100,1,0,0
1870,17,18,1280,0,427,10,9,7,1,1,-52,0,623,7211,106,100,2,0,0
1872,13,7,1024,10,428,11,11,7,1,1,-70,0,476,4773,94,100,1,0,0
1873,9,4,768,0,439,15,16,7,1,1,-52,0,823,14324,121,100,2,0,0
1872,16,10,1024,10,346,12,8,7,1,1,-70,4,1489,12032,108,100,1,0,0
1873,6,5,768,0,382,18,5,5,1,2,-52,0,668,9158,110,100,1,0,0
1874,2,4,768,0,423,15,3,5,1,1,-95,0,752,13719,116,100,2,0,0
1873,29,23,1536,0,102,3,5,7,1,1,-70,0,831,10412,44,100,2,0,0
1873,31,26,1536,0,388,11,5,5,1,2,-52,0,678,8302,106,100,2,0,0
1874,8,4,768,10,421,16,24,7,1,2,-70,10,2907,17742,120,100,2,0,0
1873,21,15,1280,10,378,10,11,7,1,3,-70,0,515,8772,94,100,2,0,0
1873,27,22,1536,0,442,13,4,5,8,3,-52,0,517,7210,108,100,1,1,6
1874,19,18,1280,0,446,14,20,7,1,3,-52,1,1398,43640,116,100,2,0,0
1874,30,26,1536,0,137,3,4,7,1,2,-70,0,496,9317,55,100,1,0,0
1873,23,18,1280,0,438,13,16,7,1,3,-52,1,1375,14754,109,100,3,0,0
1875,10,5,768,10,389,17,10,7,1,2,-52,8,3429,22885,110,100,1,0,0
1877,4,1,512,0,391,25,11,7,2,1,-61,10,3163,19718,125,100,1,0,0
1875,7,3,768,0,425,16,3,7,1,2,-70,1,1018,8815,116,100,2,0,0
1877,16,10,1024,0,347,12,8,7,1,1,-70,4,1156,7835,109,100,1,0,0
1877,3,1,512,0,414,25,14,7,1,1,-76,2,1588,12325,124,100,1,0,0
1876,17,18,1280,0,428,10,9,7,1,1,-52,0,394,5101,106,100,1,0,0
1878,9,4,768,0,440,15,16,7,1,1,-52,0,393,6185,121,100,1,0,0
1878,11,5,768,0,419,19,2,7,1,1,-70,0,929,14186,118,100,2,0,0
1878,18,8,1024,0,409,12,45,7,1,1,-95,10,3875,48378,119,100,2,0,0
1880,5,1,512,0,406,26,5,7,1,1,-76,10,2999,20623,125,100,1,0,0
1879,25,19,1536,0,489,17,9,7,10,4,-70,0,769,9540,114,100,2,1,6
1879,31,26,1536,0,391,11,5,5,1,2,-52,0,608,5554,106,100,1,0,0
1879,20,16,1280,0,463,10,16,7,1,3,-70,0,770,10518,101,100,2,0,0
1879,12,8,1024,0,457,12,6,7,1,1,-70,0,1092,11356,110,100,2,0,0
1880,19,18,1280,0,446,14,20,7,1,3,-52,1,564,20671,116,100,1,0,0
1878,15,10,1024,0,344,8,17,7,1,1,-52,1,1362,13646,71,100,2,0,0
1879,28,22,1536,0,455,12,3,7,1,2,-70,1,848,13217,118,100,1,0,0
1881,22,18,1280,0,447,9,5,7,6,1,-70,2,1849,36291,108,100,2,1,6
1880,14,10,1024,10,182,4,5,7,1,1,-70,0,1123,11542,62,100,3,0,0
1881,6,5,768,0,385,18,5,5,1,2,-52,0,726,8574,110,100,2,0,0
1882,1,0,256,0,45,0,0,3,0,0,0,10,2872,26939,3067,100,2,0,0
1882,8,4,768,0,422,16,24,7,1,2,-70,10,2824,17858,120,100,1,0,0
1883,2,4,768,0,426,15,3,5,1,1,-95,0,811,10136,117,100,2,0,0
1881,21,15,1280,0,380,10,11,7,1,3,-70,0,582,7590,95,100,1,0,0
1882,16,10,1024,0,347,12,8,7,1,1,-70,4,889,9681,109,100,1,0,0
1884,4,1,512,0,393,25,11,7,2,1,-61,10,3588,21163,126,100,1,0,0
1883,10,5,768,20,390,17,10,7,1,2,-52,8,2343,17665,111,100,2,0,0
1883,13,7,1024,0,433,11,11,7,1,1,-70,0,1047,12066,95,100,2,0,0
1884,18,8,1024,10,411,12,45,7,1,1,-95,10,1943,23188,119,100,1,0,0
1883,26,16,1280,0,389,13,5,7,1,4,-95,2,1856,18784,108,100,2,0,0
1884,9,4,768,0,440,15,16,7,1,1,-52,0,369,7727,122,100,1,0,0
1884,11,5,768,0,421,19,2,7,1,1,-70,0,597,7884,118,100,2,0,0
1883,15,10,1024,0,345,8,17,7,1,1,-52,1,610,5957,71,100,1,0,0
1884,23,18,1280,0,439,13,16,7,1,3,-52,1,847,11834,110,100,1,0,0
1887,5,1,512,10,406,26,5,7,1,1,-76,10,2615,17247,125,100,1,0,0
1883,29,23,1536,10,105,3,5,7,1,1,-70,0,784,9436,45,100,2,0,0
1884,30,26,1536,0,139,3,4,7,1,2,-70,0,644,8958,55,100,2,0,0
1885,22,18,1280,0,448,9,5,7,6,1,-70,2,606,15474,108,100,0,1,6
1885,12,8,1024,0,459,12,6,7,1,1,-70,0,558,6245,111,100,1,0,0
1885,27,22,1536,0,446,13,4,5,8,3,-52,0,938,13792,108,100,4,1,6
1885,17,18,1280,0,432,10,9,7,1,1,-52,0,892,9608,107,100,2,0,0
1886,31,26,1536,10,393,11,5,5,1,2,-52,0,418,6778,106,100,1,0,0
1887,16,10,1024,0,348,12,8,7,1,1,-70,4,1112,8630,109,100,1,0,0
1887,7,3,768,0,428,16,3,7,1,2,-70,1,1369,18366,117,100,2,0,0
1889,3,1,512,0,415,25,14,7,1,1,-76,2,1291,17725,125,100,2,0,0
1888,13,7,1024,0,434,11,11,7,1,1,-70,0,395,4526,95,100,1,0,0
1889,19,18,1280,10,450,14,20,7,1,3,-52,1,1302,34186,117,100,3,0,0
1891,6,5,768,0,389,18,5,5,1,2,-52,0,787,8128,111,100,2,0,0
1889,23,18,1280,0,444,13,16,7,1,3,-52,1,1175,9285,111,100,1,0,0
1890,26,16,1280,0,393,13,5,7,1,4,-95,2,1572,12287,109,100,1,0,0
1891,25,19,1536,0,494,17,9,7,10,4,-70,0,1096,11433,115,100,5,1,6
1890,20,16,1280,10,468,10,16,7,1,3,-70,0,886,11165,101,100,2,0,0
1892,9,4,768,0,441,15,16,7,1,1,-52,0,489,8707,122,100,2,0,0
1891,8,4,768,10,423,16,24,7,1,2,-70,10,3381,22337,121,100,2,0,0
1893,1,0,256,0,45,0,0,3,0,0,0,10,2620,25245,3086,100,2,0,0
1890,17,18,1280,0,433,10,9,7,1,1,-52,0,297,4968,107,100,0,0,0
1893,2,4,768,0,429,15,3,5,1,1,-95,0,648,11878,117,100,2,0,0
1891,15,10,1024,0,347,8,17,7,1,1,-52,1,980,10773,71,100,2,0,0
1890,22,18,1280,0,452,9,5,7,6,1,-70,2,1362,23725,108,100,2,1,6
1891,28,22,1536,0,457,12,3,7,1,2,-70,1,727,17283,119,100,2,0,0
1892,14,10,1024,10,183,4,5,7,1,1,-70,0,583,10810,63,100,2,0,0
1891,12,8,1024,10,462,12,6,7,1,1,-70,0,607,6300,111,100,1,0,0
1892,21,15,1280,0,383,10,11,7,1,3,-70,0,833,10515,96,100,2,0,0
1893,7,3,768,0,428,16,3,7,1,2,-70,1,701,8820,117,100,1,0,0
1893,30,26,1536,10,141,3,4,7,1,2,-70,0,676,8506,56,100,2,0,0
1896,5,1,512,0,407,26,5,7,1,1,-76,10,3526,24471,126,100,2,0,0
1896,3,1,512,0,416,25,14,7,1,1,-76,2,944,10689,126,100,1,0,0
1893,29,23,1536,0,109,3,5,7,1,1,-70,0,939,11294,46,100,2,0,0
1895,4,1,512,0,398,25,11,7,2,1,-61,10,6134,34085,127,100,3,0,0
1894,19,18,1280,0,451,14,20,7,1,3,-52,1,731,18006,117,100,2,0,0
1895,13,7,1024,0,437,11,11,7,1,1,-70,0,747,7061,96,100,1,0,0
1896,11,5,768,0,424,19,2,7,1,1,-70,0,859,13791,119,100,2,0,0
1895,18,8,1024,0,413,12,45,7,1,1,-95,10,4653,50545,120,100,2,0,0
1896,10,5,768,0,394,17,10,7,1,2,-52,8,4137,26860,111,100,2,0,0
1896,25,19,1536,0,497,17,9,7,10,4,-70,0,654,5416,115,100,1,1,6
1895,22,18,1280,0,455,9,5,7,6,1,-70,2,1156,18474,109,100,2,1,6
1895,26,16,1280,0,393,13,5,7,1,4,-95,2,668,8845,109,100,1,0,0
1895,31,26,1536,0,395,11,5,5,1,2,-52,0,810,9667,107,100,2,0,0
1899,1,0,256,0,45,0,0,3,0,0,0,10,1749,16192,3097,100,1,0,0
1896,21,15,1280,0,385,10,11,7,1,3,-70,0,478,4270,96,100,1,0,0
1896,27,22,1536,0,450,13,4,5,8,3,-52,0,971,12934,109,100,4,1,6
1896,28,22,1536,0,460,12,3,7,1,2,-70,1,755,7572,119,100,1,0,0
1898,16,10,1024,0,351,12,8,7,1,1,-70,4,2437,18790,110,100,2,0,0
1899,8,4,768,30,425,16,24,7,1,2,-70,10,3146,18804,122,100,1,0,0
1898,20,16,1280,10,471,10,16,7,1,3,-70,0,764,7177,102,100,2,0,0
1897,17,18,1280,0,433,10,9,7,1,1,-52,0,343,5750,108,100,1,0,0
1899,6,5,768,0,395,18,5,5,1,2,-52,0,1127,9326,112,100,2,0,0
1898,30,26,1536,0,142,3,4,7,1,2,-70,0,393,4800,56,100,1,0,0
1898,12,8,1024,0,463,12,6,7,1,1,-70,0,578,6885,112,100,1,0,0
1901,10,5,768,0,395,17,10,7,1,2,-52,8,1726,9953,112,100,1,0,0
1901,4,1,512,10,400,25,11,7,2,1,-61,10,2869,17156,127,100,1,0,0
1900,7,3,768,0,431,16,3,7,1,2,-70,1,861,11101,117,100,2,0,0
1900,19,18,1280,0,452,14,20,7,1,3,-52,1,839,21536,118,100,1,0,0
1900,23,18,1280,0,447,13,16,7,1,3,-52,1,1226,13708,111,100,2,0,0
1902,11,5,768,0,426,19,2,7,1,1,-70,0,556,7141,120,100,1,0,0
1901,27,22,1536,0,452,13,4,5,8,3,-52,0,544,6190,109,100,1,1,6
1903,5,1,512,10,409,26,5,7,1,1,-76,10,3515,21647,126,100,2,0,0
1903,3,1,512,0,419,25,14,7,1,1,-76,2,1317,12585,126,100,2,0,0
1903,28,22,1536,0,462,12,3,7,1,2,-70,1,539,8584,119,100,1,0,0
1903,22,18,1280,0,456,9,5,7,6,1,-70,2,1485,23714,109,100,2,1,6
1904,2,4,768,0,431,15,3,5,1,1,-95,0,728,12718,118,100,2,0,0
1902,14,10,1024,0,187,4,5,7,1,1,-70,0,1023,10419,64,100,2,0,0
1903,9,4,768,0,443,15,16,7,1,1,-52,0,746,14119,123,100,3,0,0
1901,31,26,1536,10,395,11,5,5,1,2,-52,0,287,5518,108,100,1,0,0
1903,21,15,1280,0,385,10,11,7,1,3,-70,0,287,5807,96,100,1,0,0
1903,15,10,1024,0,352,8,17,7,1,1,-52,1,1709,15686,72,100,2,0,0
1904,6,5,768,0,397,18,5,5,1,2,-52,0,499,5580,112,100,1,0,0
1904,13,7,1024,0,439,11,11,7,1,1,-70,0,765,9266,97,100,3,0,0
1905,8,4,768,0,426,16,24,7,1,2,-70,10,2419,15765,122,100,2,0,0
1904,20,16,1280,0,473,10,16,7,1,3,-70,0,628,6490,102,100,2,0,0
1906,25,19,1536,0,501,17,9,7,10,4,-70,0,949,9645,116,100,3,1,6
1905,23,18,1280,10,449,13,16,7,1,3,-52,1,677,6797,112,100,1,0,0
1908,3,1,512,20,419,25,14,7,1,1,-76,2,644,7430,126,100,1,0,0
1905,29,23,1536,10,114,3,5,7,1,1,-70,0,883,11141,46,100,2,0,0
1906,7,3,768,0,432,16,3,7,1,2,-70,1,886,9188,118,100,2,0,0
1905,26,16,1280,0,394,13,5,7,1,4,-95,2,1581,16151,110,100,2,0,0
1909,1,0,256,0,45,0,0,3,0,0,0,10,2740,24831,3116,100,2,0,0
1907,28,22,1536,0,463,12,3,7,1,2,-70,1,426,6649,120,100,1,0,0
1907,18,8,1024,10,418,12,45,7,1,1,-95,10,5092,50217,121,100,2,0,0
1908,16,10,1024,0,352,12,8,7,1,1,-70,4,2087,17164,111,100,2,0,0
1908,9,4,768,0,444,15,16,7,1,1,-52,0,393,6158,123,100,1,0,0
1908,11,5,768,10,428,19,2,7,1,1,-70,0,503,6827,120,100,1,0,0
1910,4,1,512,10,402,25,11,7,2,1,-61,10,4015,23584,128,100,1,0,0
1909,10,5,768,0,397,17,10,7,1,2,-52,8,2857,19588,112,100,1,0,0
1908,12,8,1024,0,466,12,6,7,1,1,-70,0,752,9823,112,100,2,0,0
1908,15,10,1024,0,354,8,17,7,1,1,-52,1,655,6615,72,100,1,0,0
1910,8,4,768,10,427,16,24,7,1,2,-70,10,1863,10955,122,100,0,0,0
1910,14,10,1024,0,189,4,5,7,1,1,-70,0,525,6827,64,100,1,0,0
1909,17,18,1280,0,438,10,9,7,1,1,-52,0,1214,12183,109,100,3,0,0
1908,31,26,1536,0,397,11,5,5,1,2,-52,0,558,6442,108,100,1,0,0
1910,22,18,1280,0,461,9,5,7,6,1,-70,2,1670,27405,109,100,2,1,6
1909,29,23,1536,0,115,3,5,7,1,1,-70,0,436,4404,47,100,0,0,0
1911,5,1,512,20,412,26,5,7,1,1,-76,10,3858,24151,127,100,1,0,0
1911,19,18,1280,0,455,14,20,7,1,3,-52,1,1256,36099,118,100,3,0,0
1912,2,4,768,10,434,15,3,5,1,1,-95,0,811,10538,119,100,2,0,0
1909,30,26,1536,10,146,3,4,7,1,2,-70,0,831,10795,57,100,2,0,0
1911,26,16,1280,0,395,13,5,7,1,4,-95,2,1049,8975,110,100,1,0,0
1912,27,22,1536,0,457,13,4,5,8,3,-52,0,1077,12601,110,100,4,1,6
1914,7,3,768,0,433,16,3,7,1,2,-70,1,475,8844,118,100,1,0,0
1911,20,16,1280,0,473,10,16,7,1,3,-70,0,344,6427,103,100,1,0,0
1912,25,19,1536,0,504,17,9,7,10,4,-70,0,631,6092,116,100,2,1,6
1913,6,5,768,0,399,18,5,5,1,2,-52,0,522,7767,112,100,1,0,0
1913,11,5,768,0,432,19,2,7,1,1,-70,0,708,7325,120,100,2,0,0
1916,9,4,768,0,445,15,16,7,1,1,-52,0,476,7865,124,100,1,0,0
1915,10,5,768,0,398,17,10,7,1,2,-52,8,1816,12405,113,100,1,0,0
1913,18,8,1024,0,420,12,45,7,1,1,-95,10,2333,25206,121,100,2,0,0
1914,22,18,1280,0,464,9,5,7,6,1,-70,2,1050,16350,110,100,2,1,6
1917,2,4,768,0,436,15,3,5,1,1,-95,0,500,5624,119,100,1,0,0
1914,21,15,1280,0,387,10,11,7,1,3,-70,0,726,10826,97,100,2,0,0
1914,17,18,1280,0,438,10,9,7,1,1,-52,0,168,4553,109,100,0,0,0
1914,30,26,1536,0,147,3,4,7,1,2,-70,0,380,4397,57,100,0,0,0
1915,13,7,1024,0,442,11,11,7,1,1,-70,0,752,10667,97,100,2,0,0
1916,19,18,1280,0,457,14,20,7,1,3,-52,1,987,19586,119,100,1,0,0
1918,3,1,512,20,421,25,14,7,1,1,-76,2,1454,16005,127,100,2,0,0
1918,1,0,256,0,45,0,0,3,0,0,0,10,2708,23956,3132,100,2,0,0
1917,8,4,768,0,429,16,24,7,1,2,-70,10,3014,16973,123,100,2,0,0
1917,23,18,1280,10,450,13,16,7,1,3,-52,1,1261,15489,112,100,2,0,0
1919,28,22,1536,0,467,12,3,7,1,2,-70,1,912,16811,120,100,2,0,0
1919,15,10,1024,0,355,8,17,7,1,1,-52,1,850,12131,73,100,1,0,0
1920,4,1,512,0,405,25,11,7,2,1,-61,10,5237,29525,128,100,2,0,0
1920,16,10,1024,0,355,12,8,7,1,1,-70,4,2080,18447,111,100,2,0,0
1921,10,5,768,20,399,17,10,7,1,2,-52,8,1867,13885,113,100,1,0,0
1919,12,8,1024,0,471,12,6,7,1,1,-70,0,1022,10984,113,100,2,0,0
1920,29,23,1536,0,115,3,5,7,1,1,-70,0,430,9406,47,100,2,0,0
1919,31,26,1536,0,402,11,5,5,1,2,-52,0,1149,10116,109,100,2,0,0
1922,1,0,256,0,45,0,0,3,0,0,0,10,1023,10659,3142,100,0,0,0
1922,2,4,768,0,437,15,3,5,1,1,-95,0,367,5928,119,100,1,0,0
1921,25,19,1536,0,511,17,10,7,10,4,-70,0,1320,9328,117,100,5,1,6
1922,5,1,512,30,417,26,5,7,1,1,-76,10,4276,27843,128,100,2,0,0
1921,27,22,1536,0,459,13,4,5,8,3,-52,0,764,11679,111,100,3,1,6
1921,11,5,768,0,433,19,2,7,1,1,-70,0,501,9723,121,100,1,0,0
1921,18,8,1024,20,422,12,45,7,1,1,-95,10,3006,33277,122,100,1,0,0
1924,7,3,768,0,435,16,3,7,1,2,-70,1,1143,15356,119,100,2,0,0
1921,14,10,1024,0,193,4,5,7,1,1,-70,0,914,10879,65,100,2,0,0
1920,21,15,1280,0,388,10,11,7,1,3,-70,0,451,5994,98,100,1,0,0
1922,13,7,1024,0,442,11,11,7,1,1,-70,0,367,6676,98,100,1,0,0
1925,9,4,768,0,447,15,16,7,1,1,-52,0,728,11733,125,100,2,0,0
1922,26,16,1280,0,395,13,5,7,1,4,-95,2,1459,17095,111,100,2,0,0
1925,4,1,512,20,408,25,11,7,2,1,-61,10,2905,15992,129,100,1,0,0
1924,22,18,1280,0,466,9,5,7,6,1,-70,2,1559,35632,110,100,1,1,6
1924,6,5,768,0,400,18,5,5,1,2,-52,0,592,10226,113,100,2,0,0
1923,12,8,1024,10,473,12,6,7,1,1,-70,0,478,4091,113,100,1,0,0
1923,20,16,1280,0,477,10,16,7,1,3,-70,0,911,10455,104,100,3,0,0
1924,17,18,1280,0,439,10,9,7,1,1,-52,0,595,9710,110,100,2,0,0
1926,8,4,768,0,429,16,24,7,1,2,-70,10,2950,19351,123,100,1,0,0
1923,30,26,1536,0,151,3,4,7,1,2,-70,0,884,8152,58,100,3,0,0
1926,3,1,512,0,422,25,14,7,1,1,-76,2,1221,13855,128,100,1,0,0
1924,15,10,1024,0,358,8,18,7,1,1,-52,1,992,7042,73,100,3,0,0
1926,10,5,768,20,402,17,10,7,1,2,-52,8,2208,11983,113,100,1,0,0
1924,31,26,1536,0,403,11,5,5,1,2,-52,0,307,4605,109,100,1,0,0
1928,1,0,256,0,45,0,0,3,0,0,0,10,1663,14902,3152,100,1,0,0
1925,14,10,1024,0,194,4,5,7,1,1,-70,0,393,4471,65,100,1,0,0
1927,11,5,768,0,434,19,2,7,1,1,-70,0,392,7175,121,100,1,0,0
1926,23,18,1280,0,454,13,16,7,1,3,-52,1,1273,11962,113,100,3,0,0
1928,19,18,1280,10,463,14,20,7,1,3,-52,1,1798,43015,120,100,3,0,0
1928,20,16,1280,0,479,10,16,7,1,3,-70,0,503,5610,104,100,1,0,0
1927,29,23,1536,0,118,3,5,7,1,1,-70,0,771,7486,48,100,4,0,0
1928,6,5,768,10,401,18,5,5,1,2,-52,0,368,4265,113,100,1,0,0
1930,12,8,1024,10,474,12,6,7,1,1,-70,0,394,4452,114,100,1,0,0
1928,21,15,1280,0,391,10,11,7,1,3,-70,0,699,6943,98,100,3,0,0
1931,7,3,768,0,437,16,3,7,1,2,-70,1,847,10582,119,100,1,0,0
1930,16,10,1024,0,357,12,8,7,1,1,-70,4,2520,18645,112,100,2,0,0
1929,25,19,1536,0,514,17,10,7,10,4,-70,0,695,8573,117,100,2,1,6
1931,5,1,512,30,417,26,5,7,1,1,-76,10,4142,25190,128,100,2,0,0
1929,18,8,1024,0,425,12,45,7,1,1,-95,10,2649,30321,123,100,2,0,0
1932,3,1,512,0,424,25,14,7,1,1,-76,2,770,8334,128,100,1,0,0
1930,27,22,1536,0,461,13,4,5,8,3,-52,0,544,10470,111,100,2,1,6
1930,13,7,1024,0,446,11,11,7,1,1,-70,0,738,8194,98,100,1,0,0
1930,28,22,1536,0,470,12,3,7,1,2,-70,1,856,17457,121,100,3,0,0
1932,9,4,768,0,448,15,16,7,1,1,-52,0,393,8591,125,100,1,0,0
1932,1,0,256,0,45,0,0,3,0,0,0,10,1293,11851,3160,100,1,0,0
1932,2,4,768,0,442,15,3,5,1,1,-95,0,1142,13483,120,100,2,0,0
1931,17,18,1280,0,441,10,9,7,1,1,-52,0,623,7054,110,100,2,0,0
1932,22,18,1280,0,469,9,5,7,6,1,-70,2,1444,28027,111,100,3,1,6
1932,26,16,1280,0,400,13,5,7,1,4,-95,2,1697,15178,111,100,3,0,0
1932,10,5,768,0,404,17,10,7,1,2,-52,8,2198,14440,114,100,1,0,0
1931,11,5,768,0,435,19,2,7,1,1,-70,0,424,5442,122,100,1,0,0
1932,15,10,1024,0,360,8,18,7,1,1,-52,1,994,10682,74,100,3,0,0
1934,30,26,1536,0,154,4,4,7,1,2,-70,0,728,9215,58,100,2,0,0
1935,8,4,768,0,430,16,24,7,1,2,-70,10,3141,20966,124,100,2,0,0
1933,14,10,1024,0,196,4,5,7,1,1,-70,0,670,8274,66,100,3,0,0
1935,4,1,512,10,411,25,11,7,2,1,-61,10,4997,29177,129,100,2,0,0
1933,29,23,1536,0,120,3,5,7,1,1,-70,0,499,6090,48,100,1,0,0
1936,12,8,1024,0,476,12,6,7,1,1,-70,0,557,5890,114,100,1,0,0
1934,6,5,768,0,403,18,5,5,1,2,-52,0,555,5792,114,100,1,0,0
1935,25,19,1536,0,516,17,10,7,10,4,-70,0,559,6288,118,100,1,1,6
1934,23,18,1280,0,456,13,16,7,1,3,-52,1,1025,10951,113,100,2,0,0
1935,11,5,768,0,438,19,2,7,1,1,-70,0,610,5357,122,100,1,0,0
1938,7,3,768,10,440,16,3,7,1,2,-70,1,1105,11354,120,100,1,0,0
1937,5,1,512,50,420,26,5,7,1,1,-76,10,2935,18120,129,100,1,0,0
1938,3,1,512,10,426,25,14,7,1,1,-76,2,1278,10945,129,100,1,0,0
1937,18,8,1024,10,428,12,45,7,1,1,-95,10,3046,31891,123,100,3,0,0
1937,31,26,1536,0,404,12,5,5,1,2,-52,0,836,11129,110,100,4,0,0
1937,19,18,1280,0,467,14,20,7,1,3,-52,1,1735,35721,120,100,4,0,0
1938,27,22,1536,0,465,13,4,5,8,3,-52,0,953,10238,112,100,3,1,6
1940,9,4,768,0,452,15,16,7,1,1,-52,0,793,9857,126,100,1,0,0
1938,16,10,1024,10,360,12,8,7,1,1,-70,4,1918,15412,113,100,1,0,0
1940,4,1,512,10,412,25,11,7,2,1,-61,10,2581,14411,130,100,1,0,0
1939,30,26,1536,0,156,4,4,7,1,2,-70,0,531,5504,59,100,1,0,0
1938,22,18,1280,0,471,9,5,7,6,1,-70,2,1327,26038,111,100,2,1,6
1941,1,0,256,0,45,0,0,3,0,0,0,10,2577,22651,3179,100,2,0,0
1939,25,19,1536,0,518,17,10,7,10,4,-70,0,533,4519,118,100,3,1,6
1938,15,10,1024,0,363,8,18,7,1,1,-52,1,813,8089,74,100,1,0,0
1941,2,4,768,0,444,15,3,5,1,1,-95,0,580,10877,121,100,1,0,0
1938,21,15,1280,0,394,10,11,7,1,3,-70,0,706,9735,99,100,2,0,0
1939,20,16,1280,0,482,10,16,7,1,3,-70,0,822,11172,105,100,4,0,0
1940,26,16,1280,0,403,13,5,7,1,4,-95,2,1818,16321,112,100,3,0,0
1941,23,18,1280,0,458,13,16,7,1,3,-52,1,856,8892,114,100,3,0,0
1941,14,10,1024,0,198,4,5,7,1,1,-70,0,493,7530,66,100,2,0,0
1942,13,7,1024,0,448,11,11,7,1,1,-70,0,725,10970,99,100,2,0,0
1942,10,5,768,20,405,17,10,7,1,2,-52,8,3562,24147,115,100,2,0,0
1942,28,22,1536,0,473,12,3,7,1,2,-70,1,856,17957,122,100,3,0,0
1943,5,1,512,30,422,26,5,7,1,1,-76,10,2527,16043,129,100,1,0,0
1944,7,3,768,0,440,16,3,7,1,2,-70,1,680,9793,120,100,2,0,0
1942,19,18,1280,0,467,14,20,7,1,3,-52,1,563,17147,121,100,1,0,0
1944,9,4,768,0,453,15,16,7,1,1,-52,0,396,5102,126,100,1,0,0
1942,17,18,1280,20,445,10,9,7,1,1,-52,0,809,10462,111,100,2,0,0
1943,6,5,768,0,404,18,5,5,1,2,-52,0,536,8296,114,100,2,0,0
1945,8,4,768,10,433,16,24,7,1,2,-70,10,4191,25548,125,100,2,0,0
1945,12,8,1024,10,479,12,6,7,1,1,-70,0,784,9689,115,100,2,0,0
1946,15,10,1024,0,366,8,18,7,1,1,-52,1,1004,10428,75,100,2,0,0
1947,26,16,1280,10,406,13,5,7,1,4,-95,2,810,8811,112,100,1,0,0
1944,29,23,1536,0,122,3,5,7,1,1,-70,0,718,11180,49,100,3,0,0
1948,31,26,1536,0,408,12,5,5,1,2,-52,0,861,10066,110,100,2,0,0
1946,13,7,1024,0,449,11,11,7,1,1,-70,0,370,4124,99,100,1,0,0
1947,1,0,256,0,45,0,0,3,0,0,0,10,1776,16496,3191,100,1,0,0
1946,21,15,1280,0,398,10,11,7,1,3,-70,0,830,7862,99,100,3,0,0
1947,11,5,768,10,444,19,2,7,1,1,-70,0,1074,14900,123,100,2,0,0
1947,23,18,1280,0,460,13,16,7,1,3,-52,1,740,7820,114,100,1,0,0
1948,30,26,1536,0,158,4,4,7,1,2,-70,0,638,8705,59,100,3,0,0
1948,3,1,512,0,428,25,14,7,1,1,-76,2,1471,16772,129,100,2,0,0
1948,4,1,512,0,415,25,11,7,2,1,-61,10,3927,24261,130,100,1,0,0
1947,2,4,768,0,444,15,3,5,1,1,-95,0,337,8410,121,100,1,0,0
1948,18,8,1024,10,428,12,46,7,1,1,-95,10,3353,41378,124,100,2,0,0
1949,16,10,1024,0,363,12,8,7,1,1,-70,4,2140,18418,113,100,2,0,0
1946,25,19,1536,0,519,17,10,7,10,4,-70,0,583,7977,118,100,2,1,6
1947,6,5,768,10,405,18,5,5,1,2,-52,0,423,5203,115,100,1,0,0
1948,28,22,1536,0,476,12,3,7,1,2,-70,1,679,9193,122,100,1,0,0
1949,27,22,1536,0,468,13,4,5,8,3,-52,0,870,13601,113,100,3,1,6
1950,5,1,512,0,423,26,5,7,1,1,-76,10,2778,18356,129,100,1,0,0
1950,20,16,1280,0,487,10,16,7,1,3,-70,0,963,10433,105,100,3,0,0
1949,22,18,1280,0,476,9,5,7,6,1,-70,2,2240,39798,112,100,3,1,6
1950,19,18,1280,0,470,14,20,7,1,3,-52,1,1086,27020,121,100,1,0,0
1950,17,18,1280,10,450,10,9,7,1,1,-52,0,848,7718,111,100,1,0,0
1952,15,10,1024,20,367,8,18,7,1,1,-52,1,695,7373,75,100,1,0,0
1953,12,8,1024,0,480,12,6,7,1,1,-70,0,418,6541,115,100,1,0,0
1952,30,26,1536,0,158,4,4,7,1,2,-70,0,387,4920,60,100,1,0,0
1952,8,4,768,0,436,16,24,7,1,2,-70,10,3169,19351,125,100,1,0,0
1952,11,5,768,0,444,19,2,7,1,1,-70,0,395,6587,123,100,1,0,0
1953,10,5,768,30,408,17,10,7,1,2,-52,8,3537,24944,115,100,2,0,0
1953,13,7,1024,0,452,11,11,7,1,1,-70,0,760,6751,100,100,2,0,0
1954,4,1,512,0,417,25,11,7,2,1,-61,10,3108,17215,131,100,1,0,0
1955,7,3,768,0,442,16,3,7,1,2,-70,1,1405,17107,121,100,2,0,0
1955,5,1,512,30,424,26,5,7,1,1,-76,10,1983,12303,130,100,1,0,0
1952,14,10,1024,0,199,4,5,7,1,1,-70,0,617,10847,67,100,2,0,0
1954,22,18,1280,0,478,9,5,7,6,1,-70,2,908,17939,112,100,2,1,6
1954,21,15,1280,0,400,10,11,7,1,3,-70,0,581,7817,100,100,1,0,0
1956,1,0,256,0,45,0,0,3,0,0,0,10,2288,21637,3209,100,1,0,0
1955,2,4,768,0,450,15,3,5,1,1,-95,0,1023,9669,121,100,2,0,0
1955,9,4,768,10,457,15,16,7,1,1,-52,0,859,14998,127,100,2,0,0
1957,30,26,1536,0,160,4,4,7,1,2,-70,0,438,4433,60,100,1,0,0
1955,29,23,1536,0,125,3,5,7,1,1,-70,0,681,9759,50,100,2,0,0
1956,18,8,1024,30,431,12,47,7,1,1,-95,10,3529,36165,124,100,3,0,0
1957,3,1,512,0,430,25,14,7,1,1,-76,2,1288,15329,130,100,2,0,0
1955,23,18,1280,10,461,13,16,7,1,3,-52,1,761,11091,115,100,2,0,0
1957,26,16,1280,0,408,13,5,7,1,4,-95,2,2016,18548,113,100,3,0,0
1955,25,19,1536,0,523,17,10,7,10,4,-70,0,1137,10085,119,100,2,1,6
1959,10,5,768,10,412,17,10,7,1,2,-52,8,1832,12109,116,100,1,0,0
1958,6,5,768,0,408,18,5,5,1,2,-52,0,654,9467,115,100,1,0,0
1956,28,22,1536,0,480,12,3,7,1,2,-70,1,914,13727,123,100,3,0,0
1957,13,7,1024,0,455,11,11,7,1,1,-70,0,481,4510,100,100,1,0,0
1959,31,26,1536,0,412,12,5,5,1,2,-52,0,935,10921,111,100,3,0,0
1959,16,10,1024,0,365,12,8,7,1,1,-70,4,2216,18024,114,100,2,0,0
1959,22,18,1280,0,479,9,5,7,6,1,-70,2,838,17288,113,100,2,1,6
1959,9,4,768,0,458,15,16,7,1,1,-52,0,477,5529,127,100,1,0,0
1959,5,1,512,20,427,26,5,7,1,1,-76,10,2252,14360,130,100,1,0,0
1959,8,4,768,0,436,16,24,7,1,2,-70,10,2245,16035,126,100,2,0,0
1960,29,23,1536,0,126,3,5,7,1,1,-70,0,392,4707,50,100,1,0,0
1961,20,16,1280,10,489,10,16,7,1,3,-70,0,764,10705,106,100,3,0,0
1960,17,18,1280,0,458,10,9,7,1,1,-52,0,1440,10623,112,100,4,0,0
1961,15,10,1024,0,367,8,18,7,1,1,-52,1,933,12568,76,100,2,0,0
1961,18,8,1024,20,432,12,47,7,1,1,-95,10,1978,19915,125,100,1,0,0
1962,11,5,768,10,447,19,2,7,1,1,-70,0,714,11389,124,100,1,0,0
1963,30,26,1536,10,162,4,4,7,1,2,-70,0,489,6212,60,100,2,0,0
1961,27,22,1536,0,472,13,4,5,8,3,-52,0,1061,14633,114,100,4,1,6
1962,6,5,768,10,408,18,5,5,1,2,-52,0,316,4018,116,100,1,0,0
1962,13,7,1024,0,457,11,11,7,1,1,-70,0,495,5215,100,100,2,0,0
1961,19,18,1280,0,474,14,20,7,1,3,-52,1,1411,40167,122,100,3,0,0
1964,14,10,1024,0,206,4,5,7,1,1,-70,0,1345,12485,68,100,5,0,0
1964,7,3,768,10,446,16,3,7,1,2,-70,1,1330,15258,122,100,1,0,0
1963,23,18,1280,0,465,13,16,7,1,3,-52,1,1252,10628,115,100,3,0,0
1965,4,1,512,10,421,25,11,7,2,1,-61,10,5514,32593,131,100,2,0,0
1964,12,8,1024,0,483,12,6,7,1,1,-70,0,820,11479,116,100,4,0,0
1963,28,22,1536,0,482,12,3,7,1,2,-70,1,663,10399,123,100,3,0,0
1965,21,15,1280,0,402,10,11,7,1,3,-70,0,717,9403,100,100,2,0,0
1964,22,18,1280,0,479,9,5,7,6,1,-70,2,985,19761,113,100,0,1,6
1966,1,0,256,0,45,0,0,3,0,0,0,10,2894,26543,3225,100,2,0,0
1966,26,16,1280,0,409,13,5,7,1,4,-95,2,1281,14168,113,100,1,0,0
1965,31,26,1536,0,413,12,5,5,1,2,-52,0,475,7451,112,100,1,0,0
1966,3,1,512,0,431,25,14,7,1,1,-76,2,1534,15562,131,100,2,0,0
1966,27,22,1536,0,475,13,4,5,8,3,-52,0,580,5944,114,100,2,1,6
1967,2,4,768,0,452,15,3,5,1,1,-95,0,752,13580,122,100,2,0,0
1966,19,18,1280,0,476,14,20,7,1,3,-52,1,741,20055,122,100,2,0,0
1968,5,1,512,10,429,26,5,7,1,1,-76,10,3478,22460,131,100,2,0,0
1966,29,23,1536,0,126,3,5,7,1,1,-70,0,382,6860,50,100,2,0,0
1967,20,16,1280,20,491,10,16,7,1,3,-70,0,415,6498,107,100,2,0,0
1968,12,8,1024,0,483,12,6,7,1,1,-70,0,263,4163,116,100,1,0,0
1969,21,15,1280,0,403,10,11,7,1,3,-70,0,427,4637,101,100,1,0,0
1970,7,3,768,0,449,16,3,7,1,2,-70,1,841,8880,122,100,1,0,0
1969,18,8,1024,20,436,12,48,7,1,1,-95,10,3412,32974,125,100,2,0,0
1970,30,26,1536,0,165,4,4,7,1,2,-70,0,860,8592,61,100,1,0,0
1968,10,5,768,0,417,17,10,7,1,2,-52,8,4275,28036,116,100,2,0,0
1970,4,1,512,10,421,25,11,7,2,1,-61,10,2767,15512,132,100,1,0,0
1967,25,19,1536,0,528,17,10,7,10,4,-70,0,1076,11661,120,100,5,1,6
1971,16,10,1024,0,367,12,8,7,1,1,-70,4,2511,21130,115,100,2,0,0
1971,9,4,768,10,462,15,16,7,1,1,-52,0,942,13737,128,100,2,0,0
1971,3,1,512,10,432,25,14,7,1,1,-76,2,777,7975,131,100,1,0,0
1971,11,5,768,10,449,19,2,7,1,1,-70,0,646,12149,124,100,2,0,0
1970,13,7,1024,0,459,11,11,7,1,1,-70,0,678,7585,101,100,2,0,0
1972,8,4,768,0,442,16,24,7,1,2,-70,10,4957,28411,127,100,4,0,0
1972,20,16,1280,0,493,10,16,7,1,3,-70,0,642,4823,107,100,1,0,0
1972,15,10,1024,10,371,8,18,7,1,1,-52,1,1611,14924,77,100,3,0,0
1971,17,18,1280,0,461,10,9,7,1,1,-52,0,835,11067,113,100,2,0,0
1971,14,10,1024,0,209,4,5,7,1,1,-70,0,632,8251,68,100,1,0,0
1971,23,18,1280,10,468,13,16,7,1,3,-52,1,1105,12228,116,100,1,0,0
1972,6,5,768,0,412,18,5,5,1,2,-52,0,882,10387,116,100,2,0,0
1974,31,26,1536,0,416,12,5,5,1,2,-52,0,626,7505,112,100,2,0,0
1974,12,8,1024,0,485,12,6,7,1,1,-70,0,500,4941,116,100,1,0,0
1975,21,15,1280,0,405,10,11,7,1,3,-70,0,568,5573,101,100,1,0,0
1975,5,1,512,30,429,26,5,7,1,1,-76,10,2889,18218,131,100,1,0,0
1973,28,22,1536,0,487,12,3,7,1,2,-70,1,1070,16284,124,100,3,0,0
1975,2,4,768,0,458,15,3,5,1,1,-95,0,1035,10151,123,100,1,0,0
1976,30,26,1536,10,165,4,4,7,1,2,-70,0,261,4957,61,100,1,0,0
1974,29,23,1536,0,128,3,5,7,1,1,-70,0,579,8101,51,100,1,0,0
1976,3,1,512,0,433,25,14,7,1,1,-76,2,591,7338,131,100,0,0,0
1977,26,16,1280,0,412,13,5,7,1,4,-95,2,1919,18206,114,100,2,0,0
1977,1,0,256,0,45,0,0,3,0,0,0,10,3028,27428,3249,100,2,0,0
1976,22,18,1280,0,484,9,5,7,6,1,-70,2,2207,41286,114,100,3,1,6
1976,14,10,1024,0,210,4,5,7,1,1,-70,0,418,5163,69,100,2,0,0
1976,27,22,1536,0,480,13,4,5,8,3,-52,0,986,12664,115,100,2,1,6
1977,10,5,768,0,417,17,10,7,1,2,-52,8,2581,17904,117,100,2,0,0
1978,19,18,1280,20,482,14,20,7,1,3,-52,1,1691,40216,123,100,3,0,0
1979,2,4,768,0,459,15,3,5,1,1,-95,0,369,5074,123,100,1,0,0
1976,25,19,1536,0,531,17,10,7,10,4,-70,0,873,9789,121,100,3,1,6
1980,23,18,1280,0,471,13,16,7,1,3,-52,1,1118,10100,116,100,3,0,0
1981,6,5,768,0,415,18,5,5,1,2,-52,0,656,6998,117,100,2,0,0
1980,9,4,768,0,463,15,16,7,1,1,-52,0,609,11805,128,100,2,0,0
1980,8,4,768,10,444,16,24,7,1,2,-70,10,2954,19394,127,100,2,0,0
1981,7,3,768,10,456,16,3,7,1,2,-70,1,1757,18230,123,100,2,0,0
1981,30,26,1536,0,167,4,4,7,1,2,-70,0,550,5551,62,100,2,0,0
1979,13,7,1024,0,461,11,11,7,1,1,-70,0,519,8534,101,100,2,0,0
1981,4,1,512,20,424,25,11,7,2,1,-61,10,5053,31076,132,100,2,0,0
1981,18,8,1024,10,440,12,49,7,1,1,-95,10,4162,47588,126,100,5,0,0
1982,5,1,512,20,429,26,5,7,1,1,-76,10,2329,17998,132,100,1,0,0
1980,27,22,1536,0,480,13,4,5,8,3,-52,0,288,5487,115,100,1,1,6
1980,28,22,1536,0,489,12,3,7,1,2,-70,1,497,9618,124,100,2,0,0
1981,20,16,1280,0,497,10,16,7,1,3,-70,0,831,9118,107,100,3,0,0
1980,21,15,1280,0,408,10,11,7,1,3,-70,0,633,7583,101,100,1,0,0
1983,3,1,512,0,436,25,14,7,1,1,-76,2,1486,11902,132,100,2,0,0
1982,1,0,256,0,45,0,0,3,0,0,0,10,1478,14623,3259,100,1,0,0
1983,11,5,768,0,451,19,2,7,1,1,-70,0,754,12788,125,100,2,0,0
1982,17,18,1280,0,465,10,9,7,1,1,-52,0,855,9970,113,100,3,0,0
1983,26,16,1280,0,413,13,5,7,1,4,-95,2,1010,10115,115,100,2,0,0
1983,22,18,1280,0,485,9,5,7,6,1,-70,2,1504,27793,114,100,3,1,6
1981,16,10,1024,0,372,12,8,7,1,1,-70,4,2921,21867,116,100,2,0,0
1981,15,10,1024,0,376,8,18,7,1,1,-52,1,1650,15571,77,100,2,0,0
1984,12,8,1024,0,490,12,6,7,1,1,-70,0,1010,10709,117,100,4,0,0
1982,14,10,1024,10,213,4,5,7,1,1,-70,0,600,6536,69,100,2,0,0
1983,25,19,1536,0,531,17,10,7,10,4,-70,0,289,5378,121,100,1,1,6
1983,29,23,1536,0,132,3,5,7,1,1,-70,0,978,9632,52,100,3,0,0
1985,31,26,1536,0,421,12,5,5,1,2,-52,0,1144,11856,113,100,3,0,0
1986,8,4,768,10,446,16,24,7,1,2,-70,10,2544,13519,127,100,2,0,0
1985,9,4,768,0,465,15,16,7,1,1,-52,0,556,7014,129,100,1,0,0
1986,10,5,768,0,418,17,10,7,1,2,-52,8,2870,18418,117,100,1,0,0
1987,30,26,1536,0,171,4,4,7,1,2,-70,0,707,5779,62,100,2,0,0
1985,19,18,1280,0,485,14,20,7,1,3,-52,1,1069,24850,123,100,2,0,0
1987,6,5,768,0,419,18,5,5,1,2,-52,0,712,6030,117,100,1,0,0
1986,28,22,1536,0,491,12,3,7,1,2,-70,1,579,9105,125,100,2,0,0
1988,5,1,512,20,430,26,5,7,1,1,-76,10,2865,16813,132,100,1,0,0
1988,11,5,768,0,452,19,2,7,1,1,-70,0,369,5403,125,100,1,0,0
1988,17,18,1280,0,467,10,9,7,1,1,-52,0,551,5778,114,100,2,0,0
1988,16,10,1024,0,375,12,8,7,1,1,-70,4,1238,9675,116,100,1,0,0
1988,7,3,768,0,456,16,3,7,1,2,-70,1,880,12828,123,100,2,0,0
1989,1,0,256,0,45,0,0,3,0,0,0,10,1715,16125,3271,100,1,0,0
1988,23,18,1280,0,474,13,16,7,1,3,-52,1,1181,12091,117,100,2,0,0
1989,2,4,768,0,462,15,3,5,1,1,-95,0,834,12266,124,100,2,0,0
1989,27,22,1536,0,482,13,4,5,8,3,-52,0,782,10901,115,100,3,1,6
1988,20,16,1280,0,500,10,16,7,1,3,-70,0,683,7460,108,100,2,0,0
1991,26,16,1280,0,416,13,5,7,1,4,-95,2,1483,13241,115,100,3,0,0
1989,13,7,1024,0,467,11,11,7,1,1,-70,0,1124,10112,102,100,3,0,0
1990,31,26,1536,0,422,12,5,5,1,2,-52,0,275,4472,113,100,0,0,0
1990,4,1,512,10,425,25,11,7,2,1,-61,10,5164,30023,133,100,2,0,0
1991,12,8,1024,10,491,12,6,7,1,1,-70,0,451,6505,118,100,1,0,0
1990,15,10,1024,0,380,8,18,7,1,1,-52,1,1089,10948,78,100,2,0,0
1991,22,18,1280,0,488,9,5,7,6,1,-70,2,1668,29584,115,100,3,1,6
1990,21,15,1280,0,411,10,11,7,1,3,-70,0,810,9403,102,100,2,0,0
1991,3,1,512,0,438,25,14,7,1,1,-76,2,1171,15739,132,100,1,0,0
1993,11,5,768,0,455,19,2,7,1,1,-70,0,663,6981,126,100,1,0,0
1993,19,18,1280,0,488,14,20,7,1,3,-52,1,934,26031,124,100,2,0,0
1992,18,8,1024,30,445,12,50,7,1,1,-95,10,4736,49463,127,100,4,0,0
1993,7,3,768,0,456,16,3,7,1,2,-70,1,586,7234,124,100,1,0,0
1994,30,26,1536,10,173,4,4,7,1,2,-70,0,523,7106,63,100,1,0,0
1992,14,10,1024,0,214,4,5,7,1,1,-70,0,588,8934,70,100,3,0,0
1991,29,23,1536,0,133,3,5,7,1,1,-70,0,410,7042,52,100,2,0,0
1994,16,10,1024,20,377,12,8,7,1,1,-70,4,1362,10125,116,100,1,0,0
1994,31,26,1536,0,422,12,5,5,1,2,-52,0,263,3647,113,100,1,0,0
1993,25,19,1536,0,533,17,10,7,10,4,-70,0,759,9134,122,100,4,1,6
1994,13,7,1024,0,468,11,11,7,1,1,-70,0,390,5273,102,100,2,0,0
1996,8,4,768,0,450,16,24,7,1,2,-70,10,3725,23543,128,100,3,0,0
1995,5,1,512,20,432,26,5,7,1,1,-76,10,3612,22296,133,100,2,0,0
1996,6,5,768,0,422,18,5,5,1,2,-52,0,806,8989,118,100,2,0,0
1996,1,0,256,0,45,0,0,3,0,0,0,10,1948,18225,3282,100,2,0,0
1995,2,4,768,0,463,15,3,5,1,1,-95,0,416,9053,124,100,1,0,0
1996,10,5,768,10,419,17,10,7,1,2,-52,8,3326,22970,118,100,2,0,0
1996,22,18,1280,0,491,9,5,7,6,1,-70,2,777,17493,115,100,2,1,6
1995,23,18,1280,10,478,13,16,7,1,3,-52,1,997,9024,117,100,3,0,0
1997,9,4,768,0,469,15,16,7,1,1,-52,0,910,14860,129,100,2,0,0
1997,7,3,768,0,457,16,3,7,1,2,-70,1,574,7091,124,100,0,0,0
1998,4,1,512,10,427,25,11,7,2,1,-61,10,2809,17548,133,100,1,0,0
1997,17,18,1280,0,468,10,9,7,1,1,-52,0,413,8187,114,100,2,0,0
1997,20,16,1280,0,503,10,16,7,1,3,-70,0,724,7835,108,100,3,0,0
1996,28,22,1536,10,494,12,3,7,1,2,-70,1,747,13976,126,100,3,0,0
1998,3,1,512,0,438,25,14,7,1,1,-76,2,1048,10638,133,100,1,0,0
1998,19,18,1280,20,491,14,20,7,1,3,-52,1,869,18238,124,100,2,0,0
1998,16,10,1024,0,378,12,8,7,1,1,-70,4,1266,8272,117,100,1,0,0
1998,29,23,1536,0,136,3,5,7,1,1,-70,0,663,6973,53,100,1,0,0
2000,8,4,768,0,451,16,24,7,1,2,-70,10,1877,10830,128,100,1,0,0
1999,21,15,1280,0,412,10,11,7,1,3,-70,0,573,8241,103,100,2,0,0
2001,26,16,1280,0,420,13,5,7,1,4,-95,2,2090,19318,116,100,3,0,0
2001,18,8,1024,20,446,12,50,7,1,1,-95,10,3259,35395,127,100,1,0,0
2000,14,10,1024,0,215,4,5,7,1,1,-70,0,416,8124,70,100,1,0,0
2002,12,8,1024,0,495,12,6,7,1,1,-70,0,878,10247,118,100,3,0,0
2002,20,16,1280,0,507,10,16,7,1,3,-70,0,669,5940,109,100,1,0,0
2000,25,19,1536,0,535,17,10,7,10,4,-70,0,581,7183,122,100,3,1,6
2002,9,4,768,0,469,15,16,7,1,1,-52,0,346,5845,130,100,1,0,0
2000,27,22,1536,10,487,13,4,5,8,3,-52,0,1102,14022,116,100,4,1,6
2002,6,5,768,0,423,18,5,5,1,2,-52,0,415,7115,118,100,1,0,0
2002,7,3,768,0,458,16,3,7,1,2,-70,1,475,7385,124,100,1,0,0
2002,22,18,1280,0,493,9,5,7,6,1,-70,2,1344,21305,115,100,2,1,6
2003,11,5,768,0,458,19,2,7,1,1,-70,0,779,13285,126,100,2,0,0
2003,2,4,768,0,464,15,3,5,1,1,-95,0,572,8408,125,100,2,0,0
2003,10,5,768,30,425,17,10,7,1,2,-52,8,2956,18467,119,100,2,0,0
2003,23,18,1280,0,482,13,16,7,1,3,-52,1,1284,10976,118,100,2,0,0
2004,31,26,1536,0,425,12,5,5,1,2,-52,0,809,9435,114,100,2,0,0
2002,29,23,1536,0,138,3,5,7,1,1,-70,0,469,4727,53,100,2,0,0
2004,5,1,512,30,432,26,5,7,1,1,-76,10,3529,24760,133,100,1,0,0
2004,13,7,1024,0,470,11,11,7,1,1,-70,0,696,9060,103,100,3,0,0
2004,3,1,512,0,439,25,14,7,1,1,-76,2,938,10354,133,100,2,0,0
2005,1,0,256,0,45,0,0,3,0,0,0,10,2590,24029,3303,100,1,0,0
2001,15,10,1024,0,382,8,18,7,1,1,-52,1,1357,15973,79,100,2,0,0
2006,8,4,768,0,454,16,24,7,1,2,-70,10,2436,14418,129,100,2,0,0
2005,30,26,1536,0,177,4,4,7,1,2,-70,0,922,10491,63,100,3,0,0
2005,16,10,1024,0,379,12,8,7,1,1,-70,4,1354,12028,117,100,1,0,0
2006,17,18,1280,0,472,10,9,7,1,1,-52,0,910,9257,115,100,3,0,0
2004,21,15,1280,0,414,10,11,7,1,3,-70,0,503,6419,103,100,1,0,0
2007,19,18,1280,0,495,14,20,7,1,3,-52,1,1366,34229,125,100,2,0,0
2008,12,8,1024,0,498,12,6,7,1,1,-70,0,658,6047,119,100,2,0,0
2008,25,19,1536,0,539,17,10,7,10,4,-70,0,874,7030,122,100,3,1,6
2008,4,1,512,0,431,25,11,7,2,1,-61,10,5899,32299,134,100,2,0,0
2007,26,16,1280,0,421,13,5,7,1,4,-95,2,1013,10473,116,100,1,0,0
2006,29,23,1536,0,139,3,5,7,1,1,-70,0,368,4033,53,100,1,0,0
2007,28,22,1536,0,497,12,3,7,1,2,-70,1,833,15933,126,100,3,0,0
2008,10,5,768,0,427,17,10,7,1,2,-52,8,1579,10229,119,100,0,0,0
2009,23,18,1280,0,484,13,16,7,1,3,-52,1,950,8169,118,100,1,0,0
2009,5,1,512,20,436,26,5,7,1,1,-76,10,2216,13088,133,100,1,0,0
2009,27,22,1536,0,493,13,4,5,8,3,-52,0,1072,11362,117,100,2,1,6
2009,9,4,768,0,471,15,16,7,1,1,-52,0,523,9445,130,100,1,0,0
2009,7,3,768,0,463,16,3,7,1,2,-70,1,1347,12849,125,100,2,0,0
2010,6,5,768,0,427,18,5,5,1,2,-52,0,865,7445,119,100,2,0,0
2010,13,7,1024,10,473,11,11,7,1,1,-70,0,608,6735,104,100,1,0,0
2011,31,26,1536,0,427,12,5,5,1,2,-52,0,557,6345,115,100,1,0,0
2009,15,10,1024,0,385,8,18,7,1,1,-52,1,902,9716,79,100,1,0,0
2012,18,8,1024,0,451,12,51,7,1,1,-95,10,4207,45018,128,100,3,0,0
2011,11,5,768,0,459,19,2,7,1,1,-70,0,501,9554,127,100,1,0,0
2012,22,18,1280,0,494,9,5,7,6,1,-70,2,1599,39008,116,100,3,1,6
2012,30,26,1536,0,179,4,4,7,1,2,-70,0,677,7398,64,100,2,0,0
2014,1,0,256,0,45,0,0,3,0,0,0,10,2169,20871,3316,100,2,0,0
2013,12,8,1024,0,500,12,6,7,1,1,-70,0,494,5486,119,100,2,0,0
2014,3,1,512,0,440,25,14,7,1,1,-76,2,1334,16243,134,100,1,0,0
2013,25,19,1536,0,541,17,10,7,10,4,-70,0,553,5820,123,100,2,1,6
2012,14,10,1024,0,219,4,5,7,1,1,-70,0,926,11928,71,100,4,0,0
2014,20,16,1280,0,510,10,16,7,1,3,-70,0,925,11388,110,100,4,0,0
2015,8,4,768,30,458,16,24,7,1,2,-70,10,3782,22984,130,100,2,0,0
2014,6,5,768,0,429,18,5,5,1,2,-52,0,377,4250,119,100,0,0,0
2016,2,4,768,0,468,15,3,5,1,1,-95,0,881,14666,125,100,2,0,0
2015,27,22,1536,0,496,13,4,5,8,3,-52,0,664,7097,117,100,3,1,6
2013,26,16,1280,0,426,13,5,7,1,4,-95,2,1682,11827,117,100,1,0,0
2016,19,18,1280,0,497,14,20,7,1,3,-52,1,1173,29818,125,100,2,0,0
2015,7,3,768,0,464,16,3,7,1,2,-70,1,811,10020,125,100,1,0,0
2016,16,10,1024,0,382,12,8,7,1,1,-70,4,2493,20296,118,100,2,0,0
2018,4,1,512,0,434,25,11,7,2,1,-61,10,4534,27390,135,100,2,0,0
2017,17,18,1280,0,478,10,9,7,1,1,-52,0,1124,10930,116,100,3,0,0
2015,21,15,1280,10,414,10,11,7,1,3,-70,0,489,9438,104,100,2,0,0
2017,29,23,1536,0,141,3,5,7,1,1,-70,0,700,9475,54,100,2,0,0
2019,31,26,1536,0,431,12,5,5,1,2,-52,0,830,8646,115,100,3,0,0
2017,15,10,1024,0,389,8,18,7,1,1,-52,1,1282,11367,80,100,2,0,0
2018,9,4,768,0,474,15,16,7,1,1,-52,0,836,11217,131,100,2,0,0
2018,18,8,1024,30,453,12,52,7,1,1,-95,10,2875,27337,128,100,2,0,0
2019,10,5,768,0,431,17,10,7,1,2,-52,8,3963,26593,120,100,2,0,0
2018,13,7,1024,0,476,11,11,7,1,1,-70,0,683,7654,104,100,2,0,0
2019,5,1,512,0,438,26,5,7,1,1,-76,10,4392,28145,134,100,2,0,0
2020,30,26,1536,0,183,4,4,7,1,2,-70,0,737,9602,64,100,1,0,0
2018,23,18,1280,0,485,13,16,7,1,3,-52,1,987,12015,119,100,2,0,0
2017,28,22,1536,0,501,12,3,7,1,2,-70,1,1006,14957,127,100,3,0,0
2020,8,4,768,30,462,16,24,7,1,2,-70,10,2487,14567,130,100,2,0,0
2021,26,16,1280,0,426,13,5,7,1,4,-95,2,931,11786,117,100,1,0,0
2020,25,19,1536,0,544,17,10,7,10,4,-70,0,664,6476,123,100,3,1,6
2019,21,15,1280,0,414,10,11,7,1,3,-70,0,192,4590,104,100,0,0,0
2020,19,18,1280,10,498,14,20,7,1,3,-52,1,767,15546,126,100,1,0,0
2021,11,5,768,10,463,19,2,7,1,1,-70,0,775,13489,127,100,2,0,0
2023,3,1,512,0,442,25,14,7,1,1,-76,2,1271,13899,134,100,2,0,0
2021,27,22,1536,0,500,13,4,5,8,3,-52,0,928,8708,118,100,3,1,6
2022,13,7,1024,0,479,11,11,7,1,1,-70,0,578,4382,104,100,2,0,0
2022,23,18,1280,0,487,13,16,7,1,3,-52,1,585,5878,119,100,2,0,0
2024,4,1,512,0,434,25,11,7,2,1,-61,10,2949,17905,135,100,1,0,0
2024,5,1,512,0,438,26,5,7,1,1,-76,10,1619,11311,134,100,1,0,0
2023,14,10,1024,0,222,4,5,7,1,1,-70,0,826,11003,72,100,3,0,0
2025,1,0,256,0,45,0,0,3,0,0,0,10,3091,28478,3340,100,2,0,0
2024,22,18,1280,0,500,9,5,7,6,1,-70,2,2597,43748,117,100,5,1,6
2025,2,4,768,0,468,15,3,5,1,1,-95,0,417,10804,126,100,1,0,0
2024,12,8,1024,10,503,12,6,7,1,1,-70,0,695,10236,120,100,3,0,0
2024,20,16,1280,0,513,10,16,7,1,3,-70,0,652,9855,110,100,2,0,0
2024,17,18,1280,0,481,10,9,7,1,1,-52,0,628,7266,116,100,2,0,0
2024,25,19,1536,0,544,17,10,7,10,4,-70,0,321,4325,124,100,1,1,6
2026,6,5,768,0,432,18,5,5,1,2,-52,0,830,11328,120,100,2,0,0
2026,28,22,1536,0,507,12,3,7,1,2,-70,1,949,10276,127,100,2,0,0
2025,21,15,1280,0,416,10,11,7,1,3,-70,0,478,4373,104,100,1,0,0
2027,23,18,1280,0,488,13,16,7,1,3,-52,1,382,5853,119,100,0,0,0
2027,31,26,1536,0,432,12,5,5,1,2,-52,0,474,7270,116,100,1,0,0
2028,3,1,512,10,442,25,14,7,1,1,-76,2,559,6591,135,100,1,0,0
2027,10,5,768,10,436,17,10,7,1,2,-52,8,2975,18234,120,100,2,0,0
2027,9,4,768,0,476,15,16,7,1,1,-52,0,524,11160,131,100,1,0,0
2027,16,10,1024,10,384,12,8,7,1,1,-70,4,2505,20039,119,100,3,0,0
2027,7,3,768,0,466,16,3,7,1,2,-70,1,1408,18756,126,100,2,0,0
2027,8,4,768,10,465,16,24,7,1,2,-70,10,2812,16900,130,100,1,0,0
2029,4,1,512,0,435,25,11,7,2,1,-61,10,2317,13490,135,100,1,0,0
2028,30,26,1536,0,187,4,4,7,1,2,-70,0,890,7742,65,100,2,0,0
2029,18,8,1024,10,455,12,53,7,1,1,-95,10,3908,44531,129,100,3,0,0
2029,12,8,1024,10,505,12,6,7,1,1,-70,0,579,5134,120,100,2,0,0
2028,26,16,1280,0,431,13,5,7,1,4,-95,2,1832,13948,118,100,2,0,0
2030,11,5,768,10,465,19,2,7,1,1,-70,0,789,9487,128,100,2,0,0
2028,15,10,1024,0,392,8,18,7,1,1,-52,1,1385,13642,80,100,2,0,0
2029,29,23,1536,0,143,3,5,7,1,1,-70,0,724,11776,55,100,2,0,0
2030,27,22,1536,0,504,13,4,5,8,3,-52,0,752,11039,118,100,3,1,6
2031,20,16,1280,10,515,10,16,7,1,3,-70,0,649,7182,111,100,3,0,0
2032,3,1,512,0,443,25,14,7,1,1,-76,2,637,8012,135,100,0,0,0
2032,1,0,256,0,45,0,0,3,0,0,0,10,2175,19155,3356,100,1,0,0
2031,19,18,1280,0,503,14,20,7,1,3,-52,1,1491,39392,126,100,4,0,0
2033,5,1,512,0,439,26,5,7,1,1,-76,10,3407,22003,135,100,1,0,0
2030,21,15,1280,0,417,10,11,7,1,3,-70,0,451,5573,105,100,1,0,0
2032,13,7,1024,0,483,11,11,7,1,1,-70,0,910,9506,105,100,3,0,0
2032,16,10,1024,0,386,12,8,7,1,1,-70,4,1047,8490,119,100,0,0,0
2033,22,18,1280,0,503,9,5,7,6,1,-70,2,1927,35831,117,100,3,1,6
2033,30,26,1536,10,189,4,4,7,1,2,-70,0,378,4900,65,100,0,0,0
2033,4,1,512,10,438,25,11,7,2,1,-61,10,2629,14961,136,100,1,0,0
2032,14,10,1024,0,228,4,5,7,1,1,-70,0,1037,9262,72,100,4,0,0
2033,6,5,768,10,434,18,5,5,1,2,-52,0,676,8423,121,100,2,0,0
2035,2,4,768,0,469,15,3,5,1,1,-95,0,621,12218,127,100,2,0,0
2033,31,26,1536,10,433,12,5,5,1,2,-52,0,515,7814,116,100,2,0,0
2034,7,3,768,0,467,16,3,7,1,2,-70,1,801,10734,127,100,1,0,0
2036,18,8,1024,10,455,12,53,7,1,1,-95,10,2094,27272,129,100,1,0,0
2036,9,4,768,0,481,15,16,7,1,1,-52,0,1020,10756,132,100,3,0,0
2035,8,4,768,10,467,16,24,7,1,2,-70,10,2857,19244,131,100,4,0,0
2037,5,1,512,10,439,26,5,7,1,1,-76,10,1670,11600,135,100,1,0,0
2036,25,19,1536,0,547,17,10,7,10,4,-70,0,839,10976,124,100,3,1,6
2036,17,18,1280,0,487,10,9,7,1,1,-52,0,1142,11688,117,100,4,0,0
2036,16,10,1024,0,387,12,8,7,1,1,-70,4,849,7438,119,100,1,0,0
2036,28,22,1536,0,515,12,3,7,1,2,-70,1,1385,13616,128,100,4,0,0
2038,11,5,768,0,467,19,2,7,1,1,-70,0,633,10069,129,100,1,0,0
2037,26,16,1280,20,434,13,5,7,1,4,-95,2,1365,15139,118,100,1,0,0
2037,23,18,1280,0,495,13,16,7,1,3,-52,1,1642,13441,120,100,4,0,0
2038,29,23,1536,0,145,3,5,7,1,1,-70,0,524,8227,55,100,1,0,0
2038,15,10,1024,0,395,8,18,7,1,1,-52,1,1065,12843,81,100,1,0,0
2040,1,0,256,0,45,0,0,3,0,0,0,10,1921,18812,3368,100,2,0,0
2038,10,5,768,20,440,17,10,7,1,2,-52,8,4131,26902,121,100,2,0,0
2040,12,8,1024,10,509,12,6,7,1,1,-70,0,827,10402,121,100,3,0,0
2040,19,18,1280,0,505,14,20,7,1,3,-52,1,1221,32965,127,100,3,0,0
2040,9,4,768,0,481,15,16,7,1,1,-52,0,287,5911,132,100,1,0,0
2041,27,22,1536,0,509,13,4,5,8,3,-52,0,1084,12583,119,100,3,1,6
2038,30,26,1536,0,193,4,4,7,1,2,-70,0,891,7455,66,100,2,0,0
2041,22,18,1280,0,505,9,5,7,6,1,-70,2,1510,29487,118,100,1,1,6
2041,26,16,1280,10,434,13,5,7,1,4,-95,2,882,7618,119,100,1,0,0
2042,4,1,512,0,438,25,11,7,2,1,-61,10,3657,23912,136,100,1,0,0
2041,20,16,1280,0,519,10,16,7,1,3,-70,0,880,10771,111,100,3,0,0
2043,2,4,768,0,471,15,3,5,1,1,-95,0,620,10064,127,100,2,0,0
2041,21,15,1280,10,420,10,11,7,1,3,-70,0,754,10194,106,100,2,0,0
2042,23,18,1280,10,496,13,16,7,1,3,-52,1,667,7369,120,100,1,0,0
2044,6,5,768,0,436,18,5,5,1,2,-52,0,644,8761,121,100,2,0,0
2044,3,1,512,10,445,25,14,7,1,1,-76,2,1451,18534,136,100,2,0,0
2043,29,23,1536,0,146,3,5,7,1,1,-70,0,392,4998,55,100,1,0,0
2040,31,26,1536,0,434,12,5,5,1,2,-52,0,475,7099,117,100,1,0,0
2043,7,3,768,0,468,16,3,7,1,2,-70,1,855,14036,127,100,2,0,0
2044,10,5,768,20,441,17,10,7,1,2,-52,8,2129,13714,121,100,1,0,0
2043,13,7,1024,0,487,11,11,7,1,1,-70,0,934,11367,106,100,3,0,0
2045,27,22,1536,0,512,13,4,5,8,3,-52,0,646,5474,119,100,2,1,6
2043,14,10,1024,10,232,4,5,7,1,1,-70,0,915,10420,73,100,2,0,0
2045,19,18,1280,0,506,14,20,7,1,3,-52,1,389,17158,127,100,0,0,0
2046,5,1,512,10,440,26,5,7,1,1,-76,10,3915,25092,136,100,2,0,0
2046,28,22,1536,0,518,12,3,7,1,2,-70,1,815,11098,129,100,2,0,0
2045,15,10,1024,10,397,8,18,7,1,1,-52,1,1046,9596,82,100,2,0,0
2047,1,0,256,0,45,0,0,3,0,0,0,10,1872,17704,3383,100,1,0,0
2046,8,4,768,40,470,16,24,7,1,2,-70,10,4210,25357,132,100,3,0,0
2047,11,5,768,10,471,19,2,7,1,1,-70,0,722,10621,129,100,3,0,0
2046,16,10,1024,0,389,12,8,7,1,1,-70,4,2274,18019,120,100,2,0,0
2047,12,8,1024,0,512,12,6,7,1,1,-70,0,710,7001,121,100,2,0,0
2046,26,16,1280,0,435,13,5,7,1,4,-95,2,778,7675,119,100,1,0,0
2045,18,8,1024,10,455,12,53,7,1,1,-95,10,3930,42770,130,100,2,0,0
2046,31,26,1536,0,436,12,5,5,1,2,-52,0,501,5074,117,100,1,0,0
2047,25,19,1536,0,549,17,10,7,10,4,-70,0,855,10993,125,100,3,1,6
2048,17,18,1280,0,489,10,9,7,1,1,-52,0,819,11307,118,100,4,0,0
2049,29,23,1536,0,147,3,5,7,1,1,-70,0,448,6127,56,100,1,0,0
2049,23,18,1280,0,497,13,16,7,1,3,-52,1,987,9444,121,100,1,0,0
2050,3,1,512,10,447,25,14,7,1,1,-76,2,993,10474,136,100,2,0,0
2051,4,1,512,0,441,25,11,7,2,1,-61,10,4452,25105,137,100,2,0,0
2050,9,4,768,10,483,15,16,7,1,1,-52,0,704,11732,133,100,2,0,0
2050,14,10,1024,0,234,4,5,7,1,1,-70,0,525,7009,73,100,1,0,0
2050,10,5,768,10,445,17,10,7,1,2,-52,8,2106,13813,122,100,1,0,0
2051,19,18,1280,0,508,14,20,7,1,3,-52,1,886,21841,128,100,2,0,0
2049,30,26,1536,0,197,4,4,7,1,2,-70,0,882,11136,66,100,2,0,0
2049,13,7,1024,0,489,11,11,7,1,1,-70,0,496,6628,106,100,2,0,0
2053,5,1,512,10,440,26,5,7,1,1,-76,10,2408,16559,136,100,1,0,0
2051,22,18,1280,0,506,9,5,7,6,1,-70,2,1511,35286,119,100,3,1,6
2052,2,4,768,0,472,15,3,5,1,1,-95,0,594,10983,128,100,1,0,0
2050,21,15,1280,0,422,10,11,7,1,3,-70,0,705,8518,106,100,2,0,0
2051,20,16,1280,10,522,10,16,7,1,3,-70,0,601,8532,112,100,2,0,0
2052,11,5,768,0,471,19,2,7,1,1,-70,0,478,6387,130,100,1,0,0
2052,8,4,768,10,472,16,24,7,1,2,-70,10,2664,15341,132,100,1,0,0
2053,27,22,1536,0,513,13,4,5,8,3,-52,0,510,8574,120,100,2,1,6
2052,6,5,768,0,438,18,5,5,1,2,-52,0,578,7651,122,100,1,0,0
2050,26,16,1280,10,436,13,5,7,1,4,-95,2,721,6903,119,100,1,0,0
2055,7,3,768,0,470,16,3,7,1,2,-70,1,1180,15234,128,100,2,0,0
2054,18,8,1024,0,455,12,53,7,1,1,-95,10,2408,30093,131,100,2,0,0
2054,17,18,1280,0,490,10,9,7,1,1,-52,0,395,6110,118,100,1,0,0
2055,28,22,1536,10,519,12,3,7,1,2,-70,1,413,10123,129,100,2,0,0
2056,4,1,512,10,441,25,11,7,2,1,-61,10,2492,15260,137,100,1,0,0
2054,12,8,1024,10,514,12,6,7,1,1,-70,0,580,8651,122,100,1,0,0
2055,23,18,1280,0,499,13,16,7,1,3,-52,1,636,7172,121,100,2,0,0
2056,1,0,256,0,45,0,0,3,0,0,0,10,2636,24860,3401,100,2,0,0
2054,16,10,1024,10,390,12,8,7,1,1,-70,4,1692,13622,120,100,1,0,0
2057,29,23,1536,0,149,3,5,7,1,1,-70,0,620,7537,56,100,2,0,0
2056,9,4,768,0,486,15,16,7,1,1,-52,0,632,8259,133,100,1,0,0
2057,19,18,1280,10,510,14,20,7,1,3,-52,1,698,20015,128,100,2,0,0
2055,26,16,1280,0,437,13,5,7,1,4,-95,2,907,7572,120,100,1,0,0
2059,5,1,512,40,444,26,5,7,1,1,-76,10,2569,16449,137,100,1,0,0
2059,25,19,1536,0,554,17,10,7,10,4,-70,0,1084,11229,126,100,4,1,6
2055,15,10,1024,0,399,8,18,7,1,1,-52,1,898,12746,82,100,1,0,0
2059,3,1,512,0,448,25,14,7,1,1,-76,2,1277,14903,137,100,1,0,0
2060,2,4,768,10,475,15,3,5,1,1,-95,0,596,8948,128,100,2,0,0
2060,7,3,768,0,470,16,3,7,1,2,-70,1,683,9455,128,100,1,0,0
2060,17,18,1280,0,493,10,9,7,1,1,-52,0,608,6091,118,100,1,0,0
2057,31,26,1536,10,440,12,5,5,1,2,-52,0,916,10907,118,100,2,0,0
2061,27,22,1536,0,518,13,4,5,8,3,-52,0,955,10067,120,100,4,1,6
2058,21,15,1280,0,423,10,11,7,1,3,-70,0,541,8284,107,100,1,0,0
2061,9,4,768,0,487,15,16,7,1,1,-52,0,452,5713,134,100,1,0,0
2059,30,26,1536,0,199,4,4,7,1,2,-70,0,702,9359,67,100,2,0,0
2062,4,1,512,0,445,25,11,7,2,1,-61,10,3512,18787,138,100,1,0,0
2060,15,10,1024,0,400,8,18,7,1,1,-52,1,789,7322,83,100,1,0,0
2061,16,10,1024,0,393,12,8,7,1,1,-70,4,1790,12721,121,100,2,0,0
2062,19,18,1280,0,510,14,20,7,1,3,-52,1,814,19331,129,100,1,0,0
2061,13,7,1024,0,494,12,11,7,1,1,-70,0,1127,11613,107,100,2,0,0
2063,8,4,768,10,474,16,24,7,1,2,-70,10,3679,23674,133,100,2,0,0
2061,14,10,1024,0,237,4,5,7,1,1,-70,0,825,10691,74,100,3,0,0
2063,22,18,1280,0,511,9,5,7,6,1,-70,2,2354,42588,119,100,5,1,6
2062,10,5,768,10,449,17,10,7,1,2,-52,8,4343,27864,123,100,2,0,0
2063,18,8,1024,10,458,12,53,7,1,1,-95,10,3640,37879,131,100,1,0,0
2063,11,5,768,0,473,19,2,7,1,1,-70,0,714,13143,130,100,2,0,0
2062,12,8,1024,10,516,12,6,7,1,1,-70,0,622,7749,122,100,2,0,0
2062,20,16,1280,0,524,10,16,7,1,3,-70,0,835,11480,113,100,2,0,0
2063,6,5,768,0,441,18,5,5,1,2,-52,0,774,10847,122,100,2,0,0
2064,25,19,1536,0,556,17,10,7,10,4,-70,0,571,5751,126,100,1,1,6
2065,3,1,512,0,451,25,14,7,1,1,-76,2,1251,10476,137,100,1,0,0
2065,23,18,1280,0,499,13,16,7,1,3,-52,1,931,13114,122,100,2,0,0
2064,26,16,1280,0,442,13,5,7,1,4,-95,2,1629,15498,120,100,1,0,0
2065,21,15,1280,0,425,10,11,7,1,3,-70,0,502,6232,107,100,1,0,0
2067,7,3,768,0,472,16,3,7,1,2,-70,1,880,9718,129,100,1,0,0
2067,5,1,512,20,445,26,5,7,1,1,-76,10,3793,24072,137,100,2,0,0
2066,28,22,1536,0,520,12,3,7,1,2,-70,1,649,13174,130,100,2,0,0
2066,27,22,1536,0,521,13,4,5,8,3,-52,0,605,6467,121,100,1,1,6
2066,30,26,1536,0,200,4,4,7,1,2,-70,0,271,4939,67,100,0,0,0
2068,4,1,512,10,446,25,11,7,2,1,-61,10,2778,15985,138,100,1,0,0
2066,17,18,1280,0,496,10,9,7,1,1,-52,0,664,6072,119,100,1,0,0
2066,15,10,1024,0,401,8,18,7,1,1,-52,1,689,7619,83,100,1,0,0
2068,1,0,256,0,45,0,0,3,0,0,0,10,3416,30006,3424,100,2,0,0
2067,29,23,1536,0,151,3,5,7,1,1,-70,0,700,9834,57,100,2,0,0
2068,2,4,768,0,476,15,3,5,1,1,-95,0,607,9720,129,100,1,0,0
2067,14,10,1024,0,239,4,5,7,1,1,-70,0,532,5376,75,100,1,0,0
2068,22,18,1280,0,513,9,5,7,6,1,-70,2,1079,17757,120,100,1,1,6
2068,12,8,1024,10,516,12,6,7,1,1,-70,0,413,5672,123,100,1,0,0
2070,27,22,1536,0,521,13,4,5,8,3,-52,0,263,4775,121,100,1,1,6
2068,16,10,1024,0,395,12,8,7,1,1,-70,4,1465,12302,121,100,1,0,0
2068,13,7,1024,0,496,12,11,7,1,1,-70,0,559,6980,108,100,1,0,0
2070,28,22,1536,0,521,12,3,7,1,2,-70,1,371,5255,130,100,1,0,0
2070,11,5,768,0,475,19,2,7,1,1,-70,0,608,9100,131,100,1,0,0
2070,19,18,1280,0,510,14,20,7,1,3,-52,1,734,27731,129,100,1,0,0
2071,18,8,1024,0,461,12,53,7,1,1,-95,10,3585,35435,132,100,2,0,0
2069,31,26,1536,0,443,12,5,5,1,2,-52,0,835,10664,119,100,2,0,0
2071,6,5,768,0,445,18,5,5,1,2,-52,0,960,7983,123,100,2,0,0
2072,9,4,768,10,489,15,17,7,1,1,-52,0,565,12475,134,100,3,0,0
2071,10,5,768,40,454,17,10,7,1,2,-52,8,3592,21672,123,100,2,0,0
2069,26,16,1280,0,442,13,5,7,1,4,-95,2,981,9097,121,100,1,0,0
2073,25,19,1536,0,559,17,10,7,10,4,-70,0,847,8229,127,100,3,1,6
2072,23,18,1280,20,503,13,16,7,1,3,-52,1,1000,9615,122,100,2,0,0
2070,20,16,1280,10,526,11,16,7,1,3,-70,0,722,7299,113,100,2,0,0
2071,14,10,1024,0,241,4,5,7,1,1,-70,0,601,4572,75,100,1,0,0
2074,8,4,768,10,477,16,24,7,1,2,-70,10,4440,26012,133,100,2,0,0
2073,12,8,1024,0,516,12,6,7,1,1,-70,0,353,4681,123,100,1,0,0
2074,27,22,1536,0,523,13,4,5,8,3,-52,0,537,5508,121,100,2,1,6
2073,21,15,1280,0,426,10,11,7,1,3,-70,0,572,7546,108,100,2,0,0
2075,22,18,1280,0,518,9,5,7,6,1,-70,2,2012,26848,120,100,4,1,6
2074,16,10,1024,0,397,12,8,7,1,1,-70,4,1545,11198,122,100,1,0,0
2076,3,1,512,0,454,25,14,7,1,1,-76,2,1633,18214,138,100,3,0,0
2077,5,1,512,0,448,26,5,7,1,1,-76,10,4464,28332,138,100,2,0,0
2076,28,22,1536,0,522,12,3,7,1,2,-70,1,478,6376,131,100,1,0,0
2075,30,26,1536,0,200,4,4,7,1,2,-70,0,510,9959,68,100,2,0,0
2078,7,3,768,0,479,16,3,7,1,2,-70,1,1715,17517,129,100,3,0,0
2076,29,23,1536,0,152,3,5,7,1,1,-70,0,472,8242,58,100,1,0,0
2077,15,10,1024,10,405,8,18,7,1,1,-52,1,1354,13918,84,100,3,0,0
2076,17,18,1280,0,499,10,9,7,1,1,-52,0,786,9904,120,100,2,0,0
2078,2,4,768,10,479,15,3,5,1,1,-95,0,834,12950,130,100,2,0,0
2079,11,5,768,0,479,19,2,7,1,1,-70,0,731,9864,131,100,2,0,0
2079,4,1,512,10,448,25,11,7,2,1,-61,10,5945,33893,139,100,3,0,0
2079,1,0,256,0,45,0,0,3,0,0,0,10,2956,28466,3445,100,2,0,0
2077,13,7,1024,0,500,12,11,7,1,1,-70,0,980,9320,108,100,3,0,0
2079,26,16,1280,0,442,13,5,7,1,4,-95,2,1063,14151,121,100,2,0,0
2081,3,1,512,0,454,25,14,7,1,1,-76,2,992,7738,138,100,1,0,0
2079,21,15,1280,0,429,10,11,7,1,3,-70,0,609,6037,108,100,1,0,0
2081,27,22,1536,0,523,13,4,5,8,3,-52,0,367,7851,122,100,1,1,6
2081,8,4,768,10,477,17,25,7,1,2,-70,10,2647,17724,134,100,3,0,0
2081,10,5,768,20,458,17,10,7,1,2,-52,8,3081,21541,124,100,2,0,0
2082,7,3,768,0,482,17,3,7,1,2,-70,1,940,7888,130,100,1,0,0
2081,9,4,768,0,495,16,17,7,1,1,-52,0,1248,13246,135,100,1,0,0
2080,12,8,1024,10,517,12,6,7,1,1,-70,0,459,6801,124,100,1,0,0
2081,6,5,768,0,446,18,5,5,1,2,-52,0,592,9610,124,100,2,0,0
2079,31,26,1536,0,444,12,5,5,1,2,-52,0,564,10123,119,100,2,0,0
2081,25,19,1536,0,564,17,10,7,10,4,-70,0,842,7967,127,100,2,1,6
2080,20,16,1280,10,529,11,16,7,1,3,-70,0,750,9911,114,100,3,0,0
2082,28,22,1536,0,526,12,3,7,1,2,-70,1,709,7697,131,100,2,0,0
2082,19,18,1280,0,514,14,20,7,1,3,-52,1,1568,40148,130,100,3,0,0
2083,14,10,1024,0,245,4,5,7,1,1,-70,0,1016,12096,76,100,3,0,0
2081,23,18,1280,0,504,13,16,7,1,3,-52,1,989,11732,123,100,2,0,0
2083,18,8,1024,0,463,12,53,7,1,1,-95,10,4335,48985,133,100,2,0,0
2085,29,23,1536,0,155,3,5,7,1,1,-70,0,644,8962,58,100,2,0,0
2085,8,4,768,0,479,17,25,7,1,2,-70,10,1921,10118,134,100,2,0,0
2084,11,5,768,0,484,19,2,7,1,1,-70,0,898,7992,132,100,2,0,0
2087,25,19,1536,0,567,17,10,7,10,4,-70,0,720,5684,128,100,3,1,6
2083,21,15,1280,0,429,10,11,7,1,3,-70,0,264,4115,108,100,1,0,0
2087,7,3,768,0,485,17,3,7,1,2,-70,1,918,8955,130,100,1,0,0
2087,22,18,1280,0,519,9,5,7,6,1,-70,2,1833,43777,121,100,3,1,6
2083,31,26,1536,0,445,12,5,5,1,2,-52,0,427,4176,120,100,1,0,0
2087,17,18,1280,0,501,10,9,7,1,1,-52,0,817,10438,120,100,3,0,0
2088,5,1,512,40,452,26,5,7,1,1,-76,10,4542,28819,139,100,3,0,0
2088,27,22,1536,0,528,13,4,5,8,3,-52,0,876,8935,122,100,3,1,6
2087,9,4,768,0,495,16,17,7,1,1,-52,0,287,7829,135,100,1,0,0
2085,15,10,1024,0,412,8,18,7,1,1,-52,1,1659,11551,84,100,3,0,0
2085,16,10,1024,0,399,13,8,7,1,1,-70,4,2371,20012,123,100,2,0,0
2088,4,1,512,10,452,25,11,7,2,1,-61,10,4551,27641,139,100,1,0,0
2089,10,5,768,0,463,17,10,7,1,2,-52,8,3058,16700,124,100,3,0,0
2089,2,4,768,0,481,15,3,5,1,1,-95,0,669,12834,130,100,2,0,0
2087,13,7,1024,10,504,13,11,7,1,1,-70,0,1050,9893,109,100,3,0,0
2088,19,18,1280,0,518,14,20,7,1,3,-52,1,1194,24869,130,100,2,0,0
2088,30,26,1536,0,205,4,4,7,1,2,-70,0,1142,11842,69,100,3,0,0
2090,28,22,1536,0,527,12,3,7,1,2,-70,1,502,9356,132,100,1,0,0
2090,3,1,512,0,457,25,14,7,1,1,-76,2,1648,15217,139,100,3,0,0
2088,20,16,1280,10,532,11,16,7,1,3,-70,0,741,8022,115,100,1,0,0
2089,15,10,1024,0,413,8,18,7,1,1,-52,1,576,5991,84,100,1,0,0
2091,1,0,256,0,45,0,0,3,0,0,0,10,3323,29927,3467,100,2,0,0
2090,18,8,1024,30,465,13,53,7,1,1,-95,10,2609,26831,133,100,2,0,0
2089,31,26,1536,0,445,12,5,5,1,2,-52,0,263,4290,120,100,1,0,0
2090,29,23,1536,0,155,3,5,7,1,1,-70,0,261,4176,58,100,1,0,0
2091,6,5,768,0,449,18,5,5,1,2,-52,0,653,9345,124,100,1,0,0
2089,26,16,1280,0,445,13,5,7,1,4,-95,2,2039,17403,122,100,2,0,0
2091,12,8,1024,0,519,13,6,7,1,1,-70,0,800,11015,124,100,3,0,0
2091,23,18,1280,10,506,13,16,7,1,3,-52,1,1165,12913,124,100,2,0,0
2094,5,1,512,0,454,26,5,7,1,1,-76,10,2829,17291,139,100,1,0,0
2093,17,18,1280,0,504,10,9,7,1,1,-52,0,665,6380,121,100,1,0,0
2093,16,10,1024,10,400,13,8,7,1,1,-70,4,1421,12725,123,100,1,0,0
2093,25,19,1536,0,568,17,10,7,10,4,-70,0,486,6622,128,100,1,1,6
2094,3,1,512,0,459,25,14,7,1,1,-76,2,641,7785,139,100,1,0,0
2094,11,5,768,0,489,19,2,7,1,1,-70,0,1007,11874,132,100,2,0,0
2095,7,3,768,0,488,17,3,7,1,2,-70,1,1017,12082,130,100,3,0,0
2095,27,22,1536,0,531,13,4,5,8,3,-52,0,789,8441,122,100,3,1,6
2094,9,4,768,10,498,16,17,7,1,1,-52,0,787,8975,136,100,2,0,0
2093,14,10,1024,0,249,4,5,7,1,1,-70,0,878,10240,76,100,3,0,0
2095,10,5,768,0,465,17,10,7,1,2,-52,8,2375,15299,125,100,1,0,0
2096,8,4,768,0,482,17,25,7,1,2,-70,10,4148,25888,135,100,2,0,0
2094,20,16,1280,0,535,11,16,7,1,3,-70,0,642,5638,115,100,1,0,0
2095,29,23,1536,0,155,3,5,7,1,1,-70,0,244,4744,59,100,0,0,0
2095,21,15,1280,0,433,10,11,7,1,3,-70,0,942,11253,109,100,2,0,0
2095,22,18,1280,0,522,9,5,7,6,1,-70,2,1802,32378,121,100,2,1,6
2095,28,22,1536,0,528,12,3,7,1,2,-70,1,394,7610,132,100,1,0,0
2098,2,4,768,0,484,15,3,5,1,1,-95,0,835,11860,131,100,2,0,0
2099,5,1,512,10,455,26,5,7,1,1,-76,10,2100,13441,139,100,1,0,0
2097,16,10,1024,10,400,13,8,7,1,1,-70,4,1013,8380,124,100,1,0,0
2096,31,26,1536,0,447,12,5,5,1,2,-52,0,525,7631,120,100,1,0,0
2099,18,8,1024,0,467,13,53,7,1,1,-95,10,3222,36496,134,100,1,0,0
2100,19,18,1280,10,522,14,20,7,1,3,-52,1,1469,40037,131,100,3,0,0
2099,17,18,1280,10,505,10,9,7,1,1,-52,0,394,6212,121,100,1,0,0
2100,1,0,256,0,45,0,0,3,0,0,0,10,2342,23656,3485,100,1,0,0
2100,4,1,512,10,453,25,11,7,2,1,-61,10,5779,34344,140,100,3,0,0
2098,15,10,1024,0,415,8,18,7,1,1,-52,1,984,11001,85,100,2,0,0
2100,13,7,1024,10,508,13,11,7,1,1,-70,0,773,10624,109,100,3,0,0
2100,9,4,768,0,499,16,17,7,1,1,-52,0,393,6982,136,100,1,0,0
2100,23,18,1280,0,507,13,16,7,1,3,-52,1,947,11219,124,100,2,0,0
2101,27,22,1536,0,535,13,4,5,8,3,-52,0,759,7690,123,100,3,1,6
2099,6,5,768,0,450,18,5,5,1,2,-52,0,568,8417,125,100,2,0,0
2101,3,1,512,0,460,25,14,7,1,1,-76,2,1134,12006,139,100,2,0,0
2098,30,26,1536,0,209,4,4,7,1,2,-70,0,813,9731,70,100,2,0,0
2102,29,23,1536,0,156,3,5,7,1,1,-70,0,489,6537,59,100,2,0,0
2099,20,16,1280,0,537,11,16,7,1,3,-70,0,502,5109,115,100,1,0,0
2103,7,3,768,0,490,17,3,7,1,2,-70,1,1027,12626,131,100,1,0,0
2102,25,19,1536,0,573,17,10,7,10,4,-70,0,1061,9167,129,100,3,1,6
2100,26,16,1280,0,447,13,5,7,1,4,-95,2,1698,17970,123,100,2,0,0
2104,28,22,1536,0,532,12,3,7,1,2,-70,1,920,10183,133,100,2,0,0
2103,12,8,1024,10,524,13,6,7,1,1,-70,0,1024,11433,125,100,2,0,0
2102,11,5,768,0,492,19,2,7,1,1,-70,0,835,10111,133,100,3,0,0
2104,2,4,768,0,486,15,3,5,1,1,-95,0,545,6953,131,100,1,0,0
2104,8,4,768,10,484,17,25,7,1,2,-70,10,3532,20714,135,100,2,0,0
2101,14,10,1024,0,253,4,5,7,1,1,-70,0,885,8292,77,100,3,0,0
2104,22,18,1280,0,525,9,5,7,6,1,-70,2,2001,32326,122,100,3,1,6
2104,21,15,1280,0,437,10,11,7,1,3,-70,0,741,8067,109,100,1,0,0
2104,18,8,1024,0,467,13,53,7,1,1,-95,10,2310,23387,134,100,1,0,0
2105,10,5,768,0,467,17,10,7,1,2,-52,8,3664,24349,125,100,2,0,0
2106,4,1,512,10,456,25,11,7,2,1,-61,10,3485,18550,141,100,1,0,0
2106,27,22,1536,0,538,13,4,5,8,3,-52,0,644,5797,123,100,2,1,6
2106,5,1,512,10,458,26,5,7,1,1,-76,10,3549,22306,140,100,2,0,0
2106,17,18,1280,0,506,10,9,7,1,1,-52,0,475,6519,122,100,1,0,0
2105,16,10,1024,0,401,13,8,7,1,1,-70,4,1669,13203,124,100,2,0,0
2105,30,26,1536,0,211,4,4,7,1,2,-70,0,620,7038,70,100,2,0,0
2106,31,26,1536,0,448,12,5,5,1,2,-52,0,595,9193,121,100,2,0,0
2108,8,4,768,10,485,17,25,7,1,2,-70,10,1527,9634,136,100,1,0,0
2109,1,0,256,0,45,0,0,3,0,0,0,10,2615,23086,3502,100,2,0,0
2108,22,18,1280,0,528,9,5,7,6,1,-70,2,965,16840,122,100,2,1,6
2108,3,1,512,0,461,25,14,7,1,1,-76,2,970,12404,140,100,2,0,0
2108,9,4,768,10,500,16,17,7,1,1,-52,0,500,10274,137,100,1,0,0
2109,19,18,1280,0,523,14,20,7,1,3,-52,1,1024,33564,132,100,2,0,0
2108,15,10,1024,0,417,8,18,7,1,1,-52,1,1148,12993,86,100,2,0,0
2109,23,18,1280,0,509,13,16,7,1,3,-52,1,1077,12504,125,100,1,0,0
2109,26,16,1280,0,448,13,5,7,1,4,-95,2,1242,14841,123,100,2,0,0
2110,12,8,1024,0,527,13,6,7,1,1,-70,0,634,7345,125,100,1,0,0
2110,13,7,1024,0,510,13,11,7,1,1,-70,0,811,9965,110,100,2,0,0
2110,5,1,512,10,461,26,5,7,1,1,-76,10,1897,12310,140,100,1,0,0
2110,14,10,1024,0,256,5,5,7,1,1,-70,0,710,8609,77,100,1,0,0
2110,7,3,768,0,493,17,3,7,1,2,-70,1,1210,13427,132,100,2,0,0
2110,18,8,1024,0,468,13,53,7,1,1,-95,10,2267,24546,134,100,1,0,0
2112,2,4,768,0,489,15,3,5,1,1,-95,0,783,9913,132,100,1,0,0
2111,29,23,1536,0,160,3,5,7,1,1,-70,0,817,9433,60,100,1,0,0
2111,6,5,768,0,453,18,5,5,1,2,-52,0,830,10907,126,100,2,0,0
2112,4,1,512,0,457,25,11,7,2,1,-61,10,3307,18576,141,100,2,0,0
2112,28,22,1536,0,534,12,3,7,1,2,-70,1,623,9670,133,100,2,0,0
2111,20,16,1280,0,542,11,16,7,1,3,-70,0,1048,11379,116,100,2,0,0
2112,27,22,1536,0,539,13,4,5,8,3,-52,0,516,7937,124,100,1,1,6
2111,21,15,1280,0,439,10,11,7,1,3,-70,0,679,7761,110,100,2,0,0
2113,25,19,1536,0,574,17,10,7,10,4,-70,0,602,9354,129,100,3,1,6
2110,30,26,1536,0,212,4,4,7,1,2,-70,0,368,4990,70,100,1,0,0
2111,31,26,1536,10,450,12,5,5,1,2,-52,0,477,4849,121,100,1,0,0
2114,11,5,768,0,496,19,2,7,1,1,-70,0,967,14264,134,100,2,0,0
2116,5,1,512,40,462,26,5,7,1,1,-76,10,2010,12536,140,100,0,0,0
2115,13,7,1024,0,510,13,11,7,1,1,-70,0,343,4616,111,100,1,0,0
2115,23,18,1280,0,510,13,16,7,1,3,-52,1,690,7371,125,100,1,0,0
2116,17,18,1280,10,511,10,9,7,1,1,-52,0,860,9655,122,100,2,0,0
2116,29,23,1536,0,162,3,5,7,1,1,-70,0,499,4990,60,100,1,0,0
2114,15,10,1024,10,419,8,18,7,1,1,-52,1,748,8305,86,100,1,0,0
2116,16,10,1024,0,404,13,8,7,1,1,-70,4,2432,18846,125,100,1,0,0
2117,27,22,1536,0,540,13,4,5,8,3,-52,0,388,6000,124,100,2,1,6
2117,10,5,768,0,468,17,10,7,1,2,-52,8,3724,25170,126,100,2,0,0
2117,12,8,1024,0,528,13,6,7,1,1,-70,0,570,7343,126,100,2,0,0
2119,8,4,768,0,486,17,25,7,1,2,-70,10,3900,24883,136,100,2,0,0
2117,26,16,1280,10,449,13,5,7,1,4,-95,2,1363,13338,124,100,1,0,0
2119,1,0,256,0,45,0,0,3,0,0,0,10,2674,25587,3520,100,2,0,0
2116,31,26,1536,0,451,12,5,5,1,2,-52,0,451,5344,122,100,1,0,0
2118,2,4,768,0,493,15,3,5,1,1,-95,0,833,9628,132,100,2,0,0
2120,22,18,1280,0,534,9,5,7,6,1,-70,2,2494,42071,123,100,3,1,6
2120,6,5,768,0,455,18,5,5,1,2,-52,0,620,8582,126,100,2,0,0
2120,3,1,512,0,463,25,14,7,1,1,-76,2,1744,18854,141,100,2,0,0
2120,11,5,768,0,498,19,2,7,1,1,-70,0,494,7351,134,100,2,0,0
2120,19,18,1280,0,526,14,20,7,1,3,-52,1,1289,39000,132,100,2,0,0
2121,7,3,768,0,498,17,3,7,1,2,-70,1,1405,15830,132,100,3,0,0
2120,9,4,768,10,502,16,17,7,1,1,-52,0,670,14359,137,100,2,0,0
2119,21,15,1280,0,443,10,11,7,1,3,-70,0,796,8025,111,100,1,0,0
2121,25,19,1536,0,577,17,10,7,10,4,-70,0,684,7678,130,100,2,1,6
2121,10,5,768,20,469,17,10,7,1,2,-52,8,1268,9987,126,100,0,0,0
2119,20,16,1280,0,545,11,16,7,1,3,-70,0,788,7968,117,100,2,0,0
2120,30,26,1536,0,216,4,4,7,1,2,-70,0,817,9007,71,100,1,0,0
2122,14,10,1024,0,258,5,5,7,1,1,-70,0,700,10246,78,100,2,0,0
2122,18,8,1024,10,474,13,53,7,1,1,-95,10,4612,47714,135,100,2,0,0
2121,15,10,1024,10,423,8,18,7,1,1,-52,1,1134,8989,86,100,1,0,0
2123,4,1,512,20,460,25,11,7,2,1,-61,10,4962,30399,142,100,2,0,0
2122,8,4,768,20,488,17,25,7,1,2,-70,10,1781,11056,137,100,1,0,0
2122,28,22,1536,10,538,12,3,7,1,2,-70,1,944,13997,134,100,2,0,0
2123,2,4,768,0,493,15,3,5,1,1,-95,0,247,5688,133,100,0,0,0
2125,13,7,1024,0,512,13,11,7,1,1,-70,0,525,8679,111,100,1,0,0
2124,5,1,512,0,462,26,5,7,1,1,-76,10,3603,24053,141,100,2,0,0
2123,17,18,1280,0,514,10,9,7,1,1,-52,0,893,8911,123,100,2,0,0
2124,23,18,1280,0,512,13,16,7,1,3,-52,1,1118,12990,126,100,2,0,0
2123,26,16,1280,0,451,13,5,7,1,4,-95,2,1036,9485,124,100,1,0,0
2125,6,5,768,0,455,18,5,5,1,2,-52,0,340,4972,127,100,1,0,0
2124,21,15,1280,0,444,10,11,7,1,3,-70,0,371,4797,111,100,1,0,0
2123,27,22,1536,0,543,13,4,5,8,3,-52,0,687,10082,124,100,3,1,6
2126,16,10,1024,10,407,13,8,7,1,1,-70,4,1997,16049,125,100,2,0,0
2125,31,26,1536,0,454,12,5,5,1,2,-52,0,693,7300,122,100,1,0,0
2127,11,5,768,10,501,19,2,7,1,1,-70,0,499,7860,134,100,1,0,0
2127,1,0,256,0,45,0,0,3,0,0,0,10,2278,21541,3539,100,1,0,0
2126,12,8,1024,0,532,13,6,7,1,1,-70,0,909,9717,127,100,3,0,0
2127,14,10,1024,0,258,5,5,7,1,1,-70,0,342,5600,79,100,1,0,0
2127,22,18,1280,0,538,9,5,7,6,1,-70,2,1566,29235,124,100,2,1,6
2126,19,18,1280,0,529,14,20,7,1,3,-52,1,1147,25543,133,100,3,0,0
2128,4,1,512,0,461,25,11,7,2,1,-61,10,2574,15506,142,100,1,0,0
2128,3,1,512,0,464,25,14,7,1,1,-76,2,1040,13599,141,100,1,0,0
2128,29,23,1536,0,165,3,6,7,1,1,-70,0,835,10809,61,100,3,0,0
2128,8,4,768,20,490,17,25,7,1,2,-70,10,2582,15464,137,100,1,0,0
2128,25,19,1536,0,580,17,10,7,10,4,-70,0,791,7573,130,100,3,1,6
2129,30,26,1536,0,219,4,4,7,1,2,-70,0,783,8302,72,100,2,0,0
2128,18,8,1024,20,477,13,53,7,1,1,-95,10,2812,28262,136,100,2,0,0
2129,21,15,1280,10,444,10,11,7,1,3,-70,0,264,4180,111,100,1,0,0
2130,15,10,1024,10,423,8,18,7,1,1,-52,1,998,11353,87,100,2,0,0
2129,7,3,768,0,499,17,3,7,1,2,-70,1,941,14752,133,100,1,0,0
2131,5,1,512,40,463,26,5,7,1,1,-76,10,3261,20986,142,100,1,0,0
2130,16,10,1024,10,408,13,8,7,1,1,-70,4,1180,8555,126,100,1,0,0
2132,9,4,768,0,503,16,17,7,1,1,-52,0,744,14232,138,100,3,0,0
2128,20,16,1280,0,547,11,16,7,1,3,-70,0,544,9113,117,100,2,0,0
2131,6,5,768,0,456,18,5,5,1,2,-52,0,391,5484,127,100,1,0,0
2132,12,8,1024,0,532,13,6,7,1,1,-70,0,262,5107,127,100,1,0,0
2129,26,16,1280,0,451,13,5,7,1,4,-95,2,1122,9956,125,100,1,0,0
2133,18,8,1024,10,478,13,53,7,1,1,-95,10,1137,16930,136,100,0,0,0
2134,4,1,512,10,462,25,11,7,2,1,-61,10,2065,14134,142,100,1,0,0
2132,28,22,1536,0,539,12,3,7,1,2,-70,1,621,12755,135,100,2,0,0
2133,10,5,768,0,473,17,10,7,1,2,-52,8,4701,28214,127,100,3,0,0
2133,21,15,1280,10,445,10,11,7,1,3,-70,0,383,4326,112,100,0,0,0
2134,29,23,1536,0,167,3,6,7,1,1,-70,0,528,5801,61,100,1,0,0
2136,13,7,1024,0,515,13,11,7,1,1,-70,0,827,10546,112,100,3,0,0
2133,23,18,1280,0,515,13,16,7,1,3,-52,1,1266,12229,126,100,2,0,0
2136,2,4,768,0,493,15,3,5,1,1,-95,0,550,13579,133,100,3,0,0
2134,26,16,1280,0,454,13,5,7,1,4,-95,2,917,9233,125,100,1,0,0
2137,14,10,1024,0,262,5,5,7,1,1,-70,0,852,9239,79,100,3,0,0
2135,17,18,1280,0,518,10,9,7,1,1,-52,0,819,10794,124,100,1,0,0
2134,19,18,1280,0,530,14,20,7,1,3,-52,1,875,26798,133,100,1,0,0
2137,15,10,1024,0,424,8,18,7,1,1,-52,1,809,8782,87,100,1,0,0
2136,6,5,768,0,457,18,5,5,1,2,-52,0,294,5207,127,100,0,0,0
2135,31,26,1536,10,460,12,5,5,1,2,-52,0,1166,11094,123,100,3,0,0
2138,1,0,256,0,45,0,0,3,0,0,0,10,2873,26804,3557,100,2,0,0
2138,8,4,768,40,494,17,25,7,1,2,-70,10,3120,20117,138,100,1,0,0
2138,5,1,512,10,465,26,5,7,1,1,-76,10,2800,17348,142,100,1,0,0
2137,25,19,1536,0,583,17,10,7,10,4,-70,0,750,8375,131,100,2,1,6
2138,16,10,1024,0,410,13,9,7,1,1,-70,4,1694,14229,126,100,2,0,0
2135,27,22,1536,0,548,13,4,5,8,3,-52,0,1109,14600,125,100,3,1,6
2138,20,16,1280,0,553,11,16,7,1,3,-70,0,1107,9591,118,100,2,0,0
2139,4,1,512,10,463,25,11,7,2,1,-61,10,3151,17111,143,100,1,0,0
2137,12,8,1024,0,533,13,6,7,1,1,-70,0,394,5209,127,100,1,0,0
2138,11,5,768,0,505,19,2,7,1,1,-70,0,1144,15072,135,100,2,0,0
2139,3,1,512,20,466,25,14,7,1,1,-76,2,1368,17377,142,100,2,0,0
2140,13,7,1024,0,518,13,11,7,1,1,-70,0,585,4647,112,100,1,0,0
2137,22,18,1280,0,544,9,5,7,6,1,-70,2,2097,38272,124,100,5,1,6
2137,28,22,1536,10,542,12,3,7,1,2,-70,1,586,7089,135,100,0,0,0
2138,7,3,768,10,502,17,3,7,1,2,-70,1,1292,14873,133,100,2,0,0
2141,10,5,768,0,475,17,10,7,1,2,-52,8,2400,17460,128,100,1,0,0
2140,31,26,1536,10,460,12,5,5,1,2,-52,0,373,4266,123,100,1,0,0
2140,30,26,1536,10,225,4,4,7,1,2,-70,0,1072,11354,72,100,2,0,0
2141,18,8,1024,0,481,13,53,7,1,1,-95,10,3435,32798,136,100,2,0,0
2142,15,10,1024,0,425,8,18,7,1,1,-52,1,561,7224,88,100,1,0,0
2142,25,19,1536,0,586,17,10,7,10,4,-70,0,670,5842,131,100,2,1,6
2143,17,18,1280,0,519,10,9,7,1,1,-52,0,516,7428,124,100,2,0,0
2143,2,4,768,0,495,15,3,5,1,1,-95,0,607,9488,134,100,1,0,0
2144,9,4,768,0,509,16,17,7,1,1,-52,0,1181,14729,139,100,2,0,0
2143,23,18,1280,10,517,13,16,7,1,3,-52,1,928,12143,127,100,1,0,0
2143,21,15,1280,0,447,10,11,7,1,3,-70,0,806,9158,112,100,2,0,0
2142,29,23,1536,20,169,3,6,7,1,1,-70,0,570,8045,62,100,2,0,0
2145,13,7,1024,0,519,13,11,7,1,1,-70,0,426,4713,113,100,1,0,0
2143,20,16,1280,0,556,11,16,7,1,3,-70,0,610,4618,118,100,1,0,0
2143,19,18,1280,0,532,14,20,7,1,3,-52,1,1304,33581,134,100,2,0,0
2145,8,4,768,0,496,17,25,7,1,2,-70,10,3086,18350,138,100,1,0,0
2144,16,10,1024,10,412,13,9,7,1,1,-70,4,1626,10745,127,100,1,0,0
2146,4,1,512,10,464,25,11,7,2,1,-61,10,3213,18800,143,100,1,0,0
2145,14,10,1024,0,264,5,5,7,1,1,-70,0,579,7923,80,100,1,0,0
2144,11,5,768,0,507,19,2,7,1,1,-70,0,585,7951,136,100,1,0,0
2147,5,1,512,40,468,26,5,7,1,1,-76,10,3975,25239,143,100,2,0,0
2147,17,18,1280,0,520,10,9,7,1,1,-52,0,370,4096,124,100,1,0,0
2146,26,16,1280,10,455,13,5,7,1,4,-95,2,1808,18031,126,100,2,0,0
2148,18,8,1024,0,482,13,53,7,1,1,-95,10,2314,28183,137,100,1,0,0
2148,1,0,256,0,45,0,0,3,0,0,0,10,2850,26203,3578,100,2,0,0
2146,7,3,768,10,504,17,3,7,1,2,-70,1,1152,12948,134,100,2,0,0
2146,30,26,1536,0,225,4,4,7,1,2,-70,0,344,5059,73,100,1,0,0
2148,27,22,1536,0,553,13,4,5,8,3,-52,0,1079,13809,126,100,4,1,6
2147,21,15,1280,10,447,10,11,7,1,3,-70,0,264,3857,112,100,1,0,0
2148,3,1,512,0,470,25,14,7,1,1,-76,2,1883,16077,143,100,1,0,0
2149,22,18,1280,0,547,9,5,7,6,1,-70,2,2142,40018,125,100,3,1,6
2146,6,5,768,0,457,18,5,5,1,2,-52,0,485,9789,128,100,2,0,0
2148,12,8,1024,0,537,13,6,7,1,1,-70,0,915,10878,128,100,2,0,0
2149,25,19,1536,0,589,17,10,7,10,4,-70,0,660,6435,132,100,2,1,6
2149,9,4,768,0,511,16,17,7,1,1,-52,0,501,7533,139,100,1,0,0
2149,14,10,1024,0,265,5,5,7,1,1,-70,0,368,4254,80,100,1,0,0
2149,10,5,768,10,476,17,10,7,1,2,-52,8,3514,22130,128,100,2,0,0
2149,28,22,1536,0,545,12,3,7,1,2,-70,1,862,13719,136,100,2,0,0
2152,13,7,1024,0,521,13,12,7,1,1,-70,0,553,6874,113,100,2,0,0
2150,23,18,1280,10,517,13,16,7,1,3,-52,1,737,9627,128,100,2,0,0
2151,31,26,1536,0,464,12,5,5,1,2,-52,0,941,10188,124,100,2,0,0
2152,5,1,512,10,469,26,5,7,1,1,-76,10,1961,12602,143,100,1,0,0
2152,4,1,512,0,465,25,11,7,2,1,-61,10,3157,18743,144,100,1,0,0
2152,16,10,1024,0,415,13,9,7,1,1,-70,4,1717,14453,127,100,2,0,0
2152,20,16,1280,0,557,11,16,7,1,3,-70,0,572,8600,119,100,2,0,0
2153,8,4,768,0,498,17,25,7,1,2,-70,10,2947,18154,139,100,2,0,0
2153,29,23,1536,0,171,3,6,7,1,1,-70,0,902,10948,63,100,2,0,0
2153,30,26,1536,0,226,4,4,7,1,2,-70,0,482,6917,73,100,1,0,0
2153,28,22,1536,0,547,12,3,7,1,2,-70,1,478,5684,136,100,1,0,0
2154,15,10,1024,0,427,8,18,7,1,1,-52,1,1538,15517,89,100,2,0,0
2154,6,5,768,0,458,18,5,5,1,2,-52,0,544,6007,129,100,2,0,0
2155,19,18,1280,0,534,14,20,7,1,3,-52,1,1185,36580,135,100,2,0,0
2154,11,5,768,10,509,19,2,7,1,1,-70,0,620,10320,136,100,2,0,0
2155,1,0,256,0,45,0,0,3,0,0,0,10,1827,17672,3590,100,1,0,0
2155,2,4,768,0,499,15,3,5,1,1,-95,0,965,14188,135,100,2,0,0
2155,25,19,1536,0,590,17,10,7,10,4,-70,0,657,5942,132,100,3,1,6
2156,21,15,1280,0,450,10,11,7,1,3,-70,0,811,8983,113,100,2,0,0
2157,13,7,1024,0,524,13,12,7,1,1,-70,0,584,4538,113,100,1,0,0
2155,3,1,512,10,471,25,14,7,1,1,-76,2,942,11550,143,100,2,0,0
2156,22,18,1280,0,548,9,5,7,6,1,-70,2,1043,24634,126,100,2,1,6
2156,5,1,512,10,469,26,5,7,1,1,-76,10,1746,11207,143,100,1,0,0
2156,26,16,1280,0,457,13,5,7,1,4,-95,2,1574,16241,126,100,2,0,0
2157,17,18,1280,0,522,10,9,7,1,1,-52,0,702,9645,125,100,2,0,0
2156,7,3,768,0,505,17,3,7,1,2,-70,1,1061,15019,135,100,1,0,0
2157,9,4,768,0,511,16,17,7,1,1,-52,0,393,8879,140,100,1,0,0
2159,18,8,1024,0,485,13,53,7,1,1,-95,10,3946,42671,137,100,2,0,0
2159,2,4,768,0,499,15,3,5,1,1,-95,0,261,4933,135,100,1,0,0
2160,8,4,768,0,498,17,25,7,1,2,-70,10,2146,15447,139,100,1,0,0
2158,11,5,768,0,511,19,2,7,1,1,-70,0,585,6315,137,100,1,0,0
2159,14,10,1024,0,267,5,5,7,1,1,-70,0,700,9580,81,100,2,0,0
2160,12,8,1024,0,541,13,6,7,1,1,-70,0,940,10935,129,100,2,0,0
2161,4,1,512,10,467,25,11,7,2,1,-61,10,3658,23099,144,100,1,0,0
2158,27,22,1536,0,555,13,4,5,8,3,-52,0,782,13029,127,100,4,1,6
2159,31,26,1536,0,467,12,5,5,1,2,-52,0,689,9071,125,100,1,0,0
2160,23,18,1280,0,519,13,16,7,1,3,-52,1,1077,12290,128,100,2,0,0
2161,16,10,1024,0,415,13,9,7,1,1,-70,4,1607,14251,128,100,1,0,0
2161,25,19,1536,0,592,17,10,7,10,4,-70,0,553,5793,133,100,2,1,6
2160,30,26,1536,0,228,4,4,7,1,2,-70,0,652,6798,74,100,2,0,0
2161,10,5,768,20,479,17,10,7,1,2,-52,8,3706,25631,129,100,2,0,0
2163,1,0,256,0,45,0,0,3,0,0,0,10,2197,19943,3607,100,2,0,0
2162,22,18,1280,0,549,9,5,7,6,1,-70,2,1257,23289,126,100,1,1,6
2161,20,16,1280,0,558,11,16,7,1,3,-70,0,419,7862,119,100,1,0,0
2163,19,18,1280,0,536,14,20,7,1,3,-52,1,1208,27561,135,100,1,0,0
2164,18,8,1024,0,488,13,53,7,1,1,-95,10,2034,19850,138,100,1,0,0
2162,6,5,768,10,460,18,5,5,1,2,-52,0,522,7990,129,100,1,0,0
2163,27,22,1536,0,556,13,4,5,8,3,-52,0,543,5702,127,100,2,1,6
2163,9,4,768,0,514,16,17,7,1,1,-52,0,606,8231,140,100,1,0,0
2164,15,10,1024,10,429,8,18,7,1,1,-52,1,1112,13033,89,100,2,0,0
2164,29,23,1536,0,171,3,6,7,1,1,-70,0,497,9934,63,100,2,0,0
2166,4,1,512,10,468,25,11,7,2,1,-61,10,2650,15660,145,100,1,0,0
2165,13,7,1024,0,527,13,12,7,1,1,-70,0,809,10251,114,100,2,0,0
2164,28,22,1536,0,549,12,3,7,1,2,-70,1,754,13448,137,100,2,0,0
2166,3,1,512,0,473,25,14,7,1,1,-76,2,1453,17092,144,100,2,0,0
2167,30,26,1536,0,230,4,4,7,1,2,-70,0,523,6727,74,100,1,0,0
2168,17,18,1280,0,525,10,9,7,1,1,-52,0,712,9814,126,100,1,0,0
2167,10,5,768,10,480,17,10,7,1,2,-52,8,1474,12923,129,100,1,0,0
2167,2,4,768,0,500,15,3,5,1,1,-95,0,415,9616,135,100,1,0,0
2168,19,18,1280,10,538,14,20,7,1,3,-52,1,485,17579,135,100,1,0,0
2168,21,15,1280,0,453,10,11,7,1,3,-70,0,834,11263,114,100,2,0,0
2168,5,1,512,10,474,26,5,7,1,1,-76,10,4726,31535,144,100,2,0,0
2167,7,3,768,0,505,17,3,7,1,2,-70,1,958,16200,135,100,2,0,0
2168,9,4,768,0,514,16,17,7,1,1,-52,0,345,5344,141,100,1,0,0
2168,20,16,1280,0,558,11,16,7,1,3,-70,0,368,6306,120,100,1,0,0
2168,26,16,1280,0,460,13,5,7,1,4,-95,2,1987,19658,127,100,2,0,0
2169,12,8,1024,10,542,13,6,7,1,1,-70,0,335,8769,129,100,1,0,0
2169,15,10,1024,0,429,8,18,7,1,1,-52,1,627,6464,90,100,1,0,0
2170,23,18,1280,10,522,13,16,7,1,3,-52,1,1051,12569,129,100,1,0,0
2170,14,10,1024,10,269,5,5,7,1,1,-70,0,537,10028,81,100,2,0,0
2170,8,4,768,20,502,17,25,7,1,2,-70,10,4376,26315,140,100,2,0,0
2170,11,5,768,0,514,19,2,7,1,1,-70,0,769,13659,137,100,3,0,0
2171,18,8,1024,10,492,13,53,7,1,1,-95,10,2801,28700,138,100,1,0,0
2170,25,19,1536,0,596,17,10,7,10,4,-70,0,819,8542,133,100,3,1,6
2172,3,1,512,10,474,25,14,7,1,1,-76,2,720,7723,144,100,1,0,0
2172,16,10,1024,0,416,13,9,7,1,1,-70,4,1773,17843,128,100,2,0,0
2173,4,1,512,0,471,25,11,7,2,1,-61,10,3517,19275,145,100,2,0,0
2171,6,5,768,0,463,18,5,5,1,2,-52,0,807,8882,130,100,2,0,0
2171,31,26,1536,0,469,12,5,5,1,2,-52,0,767,11175,125,100,3,0,0
2172,13,7,1024,0,531,13,12,7,1,1,-70,0,740,7020,114,100,1,0,0
2173,1,0,256,0,45,0,0,3,0,0,0,10,2937,27401,3625,100,2,0,0
2172,22,18,1280,0,553,9,5,7,6,1,-70,2,1928,36669,127,100,4,1,6
2173,2,4,768,0,501,15,3,5,1,1,-95,0,475,7409,136,100,1,0,0
2171,30,26,1536,0,232,4,4,7,1,2,-70,0,601,5096,74,100,1,0,0
2173,17,18,1280,0,525,10,9,7,1,1,-52,0,287,5016,126,100,1,0,0
2172,28,22,1536,0,552,12,3,7,1,2,-70,1,609,9165,137,100,1,0,0
2174,19,18,1280,0,540,14,20,7,1,3,-52,1,1089,20176,136,100,1,0,0
2174,12,8,1024,0,544,13,6,7,1,1,-70,0,640,4878,130,100,1,0,0
2174,29,23,1536,0,174,3,6,7,1,1,-70,0,710,9161,64,100,1,0,0
2175,9,4,768,0,516,16,17,7,1,1,-52,0,523,8679,141,100,1,0,0
2176,8,4,768,20,503,17,25,7,1,2,-70,10,2410,13989,140,100,1,0,0
2175,27,22,1536,0,560,13,4,5,8,3,-52,0,994,14124,128,100,4,1,6
2175,30,26,1536,0,233,4,4,7,1,2,-70,0,508,4453,75,100,1,0,0
2175,25,19,1536,0,600,17,11,7,10,4,-70,0,805,5952,133,100,3,1,6
2177,10,5,768,10,482,17,10,7,1,2,-52,8,3129,21385,130,100,2,0,0
2177,14,10,1024,0,270,5,5,7,1,1,-70,0,672,6878,82,100,3,0,0
2178,15,10,1024,0,431,8,18,7,1,1,-52,1,785,11355,90,100,2,0,0
2178,3,1,512,10,477,25,14,7,1,1,-76,2,1040,9588,145,100,2,0,0
2178,5,1,512,20,477,26,5,7,1,1,-76,10,4260,27604,145,100,2,0,0
2178,6,5,768,0,467,18,5,5,1,2,-52,0,712,6455,130,100,1,0,0
2179,21,15,1280,0,454,10,11,7,1,3,-70,0,541,9804,114,100,2,0,0
2179,7,3,768,0,508,17,3,7,1,2,-70,1,1335,16806,136,100,2,0,0
2179,4,1,512,0,472,25,11,7,2,1,-61,10,3106,18372,145,100,1,0,0
2177,13,7,1024,0,531,13,12,7,1,1,-70,0,343,5632,115,100,1,0,0
2180,17,18,1280,0,526,10,9,7,1,1,-52,0,547,6938,127,100,2,0,0
2179,28,22,1536,0,554,12,3,7,1,2,-70,1,706,8919,138,100,2,0,0
2178,31,26,1536,0,470,12,5,5,1,2,-52,0,451,6424,126,100,1,0,0
2179,11,5,768,0,514,19,2,7,1,1,-70,0,491,9990,138,100,2,0,0
2180,18,8,1024,20,493,13,53,7,1,1,-95,10,3787,41468,139,100,2,0,0
2179,20,16,1280,20,562,11,16,7,1,3,-70,0,754,10599,120,100,2,0,0
2181,29,23,1536,0,174,3,6,7,1,1,-70,0,382,6259,64,100,2,0,0
2181,23,18,1280,10,526,13,16,7,1,3,-52,1,1530,15203,130,100,2,0,0
2181,9,4,768,0,516,16,17,7,1,1,-52,0,382,7352,141,100,2,0,0
2181,16,10,1024,0,419,13,9,7,1,1,-70,4,2379,16892,129,100,2,0,0
2180,26,16,1280,10,462,13,5,7,1,4,-95,2,1985,19070,128,100,2,0,0
2182,8,4,768,10,504,17,25,7,1,2,-70,10,2372,15509,141,100,1,0,0
2180,30,26,1536,10,234,4,4,7,1,2,-70,0,271,4177,75,100,0,0,0
2183,25,19,1536,0,602,17,11,7,10,4,-70,0,553,5895,134,100,2,1,6
2183,1,0,256,0,45,0,0,3,0,0,0,10,2865,25684,3645,100,2,0,0
2183,19,18,1280,0,544,14,20,7,1,3,-52,1,1563,34257,136,100,2,0,0
2183,22,18,1280,0,556,9,5,7,6,1,-70,2,2053,39271,127,100,3,1,6
2184,14,10,1024,0,272,5,5,7,1,1,-70,0,523,7043,82,100,1,0,0
2184,3,1,512,10,479,25,14,7,1,1,-76,2,1026,10608,145,100,1,0,0
2183,5,1,512,10,479,26,5,7,1,1,-76,10,2454,15428,145,100,1,0,0
2183,11,5,768,0,516,19,2,7,1,1,-70,0,402,6417,138,100,0,0,0
2185,27,22,1536,0,566,13,4,5,8,3,-52,0,1105,11440,128,100,4,1,6
2183,6,5,768,10,471,18,5,5,1,2,-52,0,768,7053,131,100,1,0,0
2183,12,8,1024,0,547,13,6,7,1,1,-70,0,752,10578,130,100,2,0,0
2185,2,4,768,0,505,15,3,5,1,1,-95,0,1062,14846,137,100,3,0,0
2185,28,22,1536,0,554,12,3,7,1,2,-70,1,287,6871,138,100,1,0,0
2184,10,5,768,10,482,17,10,7,1,2,-52,8,2447,16968,130,100,1,0,0
2186,16,10,1024,0,419,13,9,7,1,1,-70,4,797,8336,129,100,1,0,0
2185,30,26,1536,0,236,4,4,7,1,2,-70,0,500,5283,75,100,1,0,0
2188,29,23,1536,0,174,3,6,7,1,1,-70,0,365,6797,65,100,1,0,0
2189,25,19,1536,0,606,17,11,7,10,4,-70,0,777,6623,134,100,2,1,6
2186,26,16,1280,10,463,13,5,7,1,4,-95,2,985,9815,128,100,1,0,0
2188,21,15,1280,0,457,10,11,7,1,3,-70,0,713,9679,115,100,1,0,0
2189,7,3,768,0,512,17,3,7,1,2,-70,1,1388,16200,137,100,2,0,0
2189,1,0,256,0,45,0,0,3,0,0,0,10,1576,15512,3658,100,1,0,0
2189,4,1,512,10,472,25,11,7,2,1,-61,10,4879,29987,146,100,2,0,0
2188,12,8,1024,0,547,13,6,7,1,1,-70,0,343,4790,131,100,1,0,0
2188,13,7,1024,0,533,13,12,7,1,1,-70,0,702,10222,116,100,2,0,0
2188,23,18,1280,0,531,13,16,7,1,3,-52,1,1357,12053,130,100,2,0,0
2189,18,8,1024,0,498,13,53,7,1,1,-95,10,4143,40641,140,100,2,0,0
2189,15,10,1024,0,435,8,18,7,1,1,-52,1,1545,14065,91,100,2,0,0
2191,9,4,768,0,519,16,17,7,1,1,-52,0,808,12150,142,100,1,0,0
2189,17,18,1280,0,532,10,9,7,1,1,-52,0,1001,11257,127,100,1,0,0
2190,14,10,1024,0,275,5,5,7,1,1,-70,0,638,5551,83,100,1,0,0
2191,8,4,768,10,508,17,25,7,1,2,-70,10,3909,22882,141,100,2,0,0
2189,31,26,1536,0,473,12,5,5,1,2,-52,0,833,10901,127,100,2,0,0
2190,19,18,1280,0,548,14,20,7,1,3,-52,1,1272,32877,137,100,1,0,0
2189,11,5,768,0,517,19,2,7,1,1,-70,0,643,7648,139,100,2,0,0
2191,20,16,1280,0,565,11,16,7,1,3,-70,0,943,11449,121,100,2,0,0
2192,26,16,1280,0,465,13,5,7,1,4,-95,2,1097,9833,129,100,1,0,0
2194,27,22,1536,0,569,13,4,5,8,3,-52,0,780,11445,129,100,1,1,6
2192,22,18,1280,10,563,9,5,7,6,1,-70,2,2514,43587,128,100,4,1,6
2194,3,1,512,10,482,25,14,7,1,1,-76,2,1536,16875,146,100,2,0,0
2191,30,26,1536,0,236,4,4,7,1,2,-70,0,438,5731,76,100,2,0,0
2196,25,19,1536,0,609,17,11,7,10,4,-70,0,823,6968,135,100,3,1,6
2193,16,10,1024,0,419,13,9,7,1,1,-70,4,1889,13890,130,100,1,0,0
2195,5,1,512,30,485,26,5,7,1,1,-76,10,5240,31832,146,100,2,0,0
2194,29,23,1536,0,176,3,6,7,1,1,-70,0,620,8408,65,100,2,0,0
2196,2,4,768,0,508,15,3,5,1,1,-95,0,655,12471,137,100,1,0,0
2194,10,5,768,0,485,17,10,7,1,2,-52,8,3752,23320,131,100,2,0,0
2194,11,5,768,0,519,19,2,7,1,1,-70,0,378,5916,139,100,0,0,0
2196,28,22,1536,10,554,12,3,7,1,2,-70,1,516,13177,139,100,2,0,0
2196,21,15,1280,0,458,10,11,7,1,3,-70,0,572,7670,116,100,2,0,0
2196,8,4,768,0,508,17,25,7,1,2,-70,10,1787,12111,142,100,1,0,0
2196,6,5,768,0,475,18,5,5,1,2,-52,0,882,11106,131,100,2,0,0
2196,20,16,1280,0,565,11,16,7,1,3,-70,0,345,5120,122,100,1,0,0
2197,18,8,1024,0,500,13,53,7,1,1,-95,10,2830,32780,140,100,1,0,0
2198,7,3,768,0,514,17,3,7,1,2,-70,1,997,13802,137,100,2,0,0
2199,3,1,512,0,482,25,14,7,1,1,-76,2,539,7001,146,100,0,0,0
2198,16,10,1024,0,422,13,9,7,1,1,-70,4,999,8435,130,100,1,0,0
2198,23,18,1280,0,532,13,16,7,1,3,-52,1,972,12710,131,100,1,0,0
2198,15,10,1024,0,439,8,18,7,1,1,-52,1,1266,13477,92,100,1,0,0
2199,4,1,512,0,473,25,11,7,2,1,-61,10,4787,29017,147,100,1,0,0
2198,26,16,1280,20,467,13,5,7,1,4,-95,2,966,10391,129,100,1,0,0
2198,13,7,1024,0,538,13,12,7,1,1,-70,0,962,9846,116,100,3,0,0
2199,25,19,1536,0,612,17,11,7,10,4,-70,0,604,5488,135,100,2,1,6
2197,31,26,1536,0,476,12,5,5,1,2,-52,0,633,8093,127,100,1,0,0
2200,19,18,1280,0,552,14,20,7,1,3,-52,1,1491,33516,138,100,2,0,0
2201,1,0,256,0,45,0,0,3,0,0,0,10,3031,28774,3677,100,2,0,0
2200,20,16,1280,0,566,11,16,7,1,3,-70,0,371,4166,122,100,1,0,0
2201,9,4,768,10,524,16,17,7,1,1,-52,0,1026,12389,143,100,2,0,0
2201,10,5,768,20,490,17,10,7,1,2,-52,8,2659,16030,131,100,1,0,0
2202,8,4,768,20,508,17,25,7,1,2,-70,10,1521,10177,142,100,1,0,0
2200,12,8,1024,10,549,13,6,7,1,1,-70,0,645,10672,132,100,2,0,0
2201,14,10,1024,0,278,5,5,7,1,1,-70,0,775,11229,83,100,2,0,0
2201,11,5,768,0,520,19,2,7,1,1,-70,0,598,8935,140,100,2,0,0
2201,29,23,1536,0,179,3,6,7,1,1,-70,0,662,6616,66,100,1,0,0
2201,21,15,1280,0,459,10,11,7,1,3,-70,0,371,4645,116,100,1,0,0
2203,3,1,512,0,482,25,14,7,1,1,-76,2,699,7252,146,100,1,0,0
2201,17,18,1280,0,535,10,9,7,1,1,-52,0,932,11553,128,100,3,0,0
2202,27,22,1536,10,571,13,4,5,8,3,-52,0,739,10853,130,100,3,1,6
2202,15,10,1024,0,441,8,18,7,1,1,-52,1,690,5792,92,100,1,0,0
2203,6,5,768,0,477,18,5,5,1,2,-52,0,676,7042,132,100,2,0,0
2203,22,18,1280,0,566,9,5,7,6,1,-70,2,1761,35516,129,100,3,1,6
2202,30,26,1536,0,238,4,4,7,1,2,-70,0,644,9660,76,100,2,0,0
2204,7,3,768,0,516,17,3,7,1,2,-70,1,906,9687,138,100,1,0,0
2203,18,8,1024,10,502,13,53,7,1,1,-95,10,2693,26573,141,100,2,0,0
2203,28,22,1536,0,559,12,3,7,1,2,-70,1,842,9596,139,100,2,0,0
2205,5,1,512,30,485,26,5,7,1,1,-76,10,4487,27339,146,100,2,0,0
2205,23,18,1280,0,537,13,16,7,1,3,-52,1,1209,9905,131,100,3,0,0
2206,1,0,256,0,45,0,0,3,0,0,0,10,1692,14949,3691,100,1,0,0
2206,27,22,1536,0,575,13,4,5,8,3,-52,0,711,5799,130,100,2,1,6
2207,2,4,768,0,508,15,3,5,1,1,-95,0,635,13204,138,100,3,0,0
2207,12,8,1024,0,551,13,6,7,1,1,-70,0,582,6727,132,100,1,0,0
2207,6,5,768,0,477,18,5,5,1,2,-52,0,163,3881,132,100,0,0,0
2208,9,4,768,0,525,16,17,7,1,1,-52,0,419,8759,143,100,1,0,0
2207,17,18,1280,0,538,10,9,7,1,1,-52,0,609,5619,128,100,1,0,0
2207,31,26,1536,0,478,12,5,5,1,2,-52,0,702,9285,128,100,2,0,0
2207,30,26,1536,0,239,4,4,7,1,2,-70,0,442,5358,77,100,2,0,0
2207,15,10,1024,0,444,8,18,7,1,1,-52,1,719,7804,92,100,1,0,0
2207,29,23,1536,0,182,3,6,7,1,1,-70,0,624,6450,66,100,2,0,0
2208,14,10,1024,0,282,5,5,7,1,1,-70,0,885,7861,84,100,3,0,0
2208,11,5,768,0,520,19,2,7,1,1,-70,0,285,7907,140,100,1,0,0
2210,3,1,512,0,484,25,14,7,1,1,-76,2,1128,12543,147,100,2,0,0
2210,4,1,512,0,479,25,11,7,2,1,-61,10,5547,31648,147,100,2,0,0
2209,22,18,1280,0,571,9,5,7,6,1,-70,2,1675,24697,129,100,2,1,6
2209,21,15,1280,10,461,10,11,7,1,3,-70,0,526,7781,117,100,1,0,0
2209,13,7,1024,0,543,13,12,7,1,1,-70,0,1047,11534,117,100,2,0,0
2211,8,4,768,0,510,17,25,7,1,2,-70,10,3814,23817,143,100,1,0,0
2210,18,8,1024,30,504,13,53,7,1,1,-95,10,2929,31275,141,100,2,0,0
2210,19,18,1280,0,558,14,20,7,1,3,-52,1,1586,38479,138,100,4,0,0
2210,10,5,768,50,493,17,10,7,1,2,-52,9,3724,23621,132,100,2,0,0
2212,2,4,768,0,510,15,3,5,1,1,-95,0,486,6599,139,100,0,0,0
2209,16,10,1024,10,426,13,9,7,1,1,-70,4,2806,21396,131,100,2,0,0
2211,25,19,1536,0,621,17,11,7,10,4,-70,0,1531,12631,136,100,4,1,6
2210,26,16,1280,10,473,13,5,7,1,4,-95,2,2328,19685,130,100,5,0,0
2210,20,16,1280,0,573,11,16,7,1,3,-70,0,1226,10233,123,100,4,0,0
2211,23,18,1280,0,540,13,16,7,1,3,-52,1,1075,8853,132,100,2,0,0
2211,28,22,1536,0,561,12,3,7,1,2,-70,1,724,11170,140,100,3,0,0
2212,14,10,1024,0,283,5,5,7,1,1,-70,1,345,4091,84,100,1,0,0
2212,29,23,1536,10,185,3,6,7,1,1,-70,0,525,4630,67,100,2,0,0
2214,21,15,1280,0,463,10,11,7,1,3,-70,0,559,4950,117,100,1,0,0
2213,22,18,1280,0,574,9,5,7,6,1,-70,2,966,15339,129,100,2,1,6
2216,9,4,768,0,525,16,17,7,1,1,-52,0,490,8808,144,100,2,0,0
2215,7,3,768,0,520,17,3,7,1,2,-70,1,1359,17103,138,100,2,0,0
2216,1,0,256,0,45,0,0,3,0,0,0,10,2518,23851,3706,100,1,0,0
2213,17,18,1280,0,539,10,9,7,1,1,-52,0,450,6427,129,100,1,0,0
2215,31,26,1536,0,481,12,5,5,1,2,-52,0,729,7626,128,100,2,0,0
2214,18,8,1024,40,507,13,53,7,1,1,-95,10,1960,17682,141,100,0,0,0
2216,5,1,512,30,492,26,5,7,1,1,-76,10,4978,31936,147,100,2,0,0
2216,3,1,512,0,485,25,14,7,1,1,-76,2,817,10091,147,100,1,0,0
2216,6,5,768,0,478,18,5,5,1,2,-52,0,568,8534,133,100,2,0,0
2217,12,8,1024,0,557,13,6,7,1,1,-70,0,1105,9630,133,100,2,0,0
2218,4,1,512,10,480,25,11,7,2,1,-61,10,3798,20917,148,100,2,0,0
2214,27,22,1536,0,577,13,4,5,8,3,-52,0,585,9546,130,100,2,1,6
2216,13,7,1024,0,544,13,12,7,1,1,-70,0,396,6139,117,100,1,0,0
2217,30,26,1536,0,242,4,4,7,1,2,-70,0,752,9674,77,100,2,0,0
2215,25,19,1536,0,624,17,11,7,10,4,-70,0,648,4970,136,100,2,1,6
2218,20,16,1280,0,574,11,16,7,1,3,-70,0,421,7360,123,100,1,0,0
2218,10,5,768,20,495,17,10,7,1,2,-52,9,2452,16805,133,100,1,0,0
2218,11,5,768,10,525,19,2,7,1,1,-70,0,942,12127,141,100,2,0,0
2217,23,18,1280,0,541,13,16,7,1,3,-52,2,842,8065,132,100,1,0,0
2220,2,4,768,10,511,15,3,5,1,1,-95,0,488,8803,139,100,2,0,0
2218,16,10,1024,20,426,13,9,7,1,1,-70,4,1720,15905,132,100,2,0,0
2218,19,18,1280,0,560,14,20,7,1,3,-52,1,1103,26358,139,100,1,0,0
2221,9,4,768,10,528,16,17,7,1,1,-52,0,475,6395,144,100,1,0,0
2218,26,16,1280,0,475,13,5,7,1,4,-95,2,1509,15419,130,100,1,0,0
2217,29,23,1536,10,186,3,6,7,1,1,-70,0,435,5167,67,100,1,0,0
2219,27,22,1536,0,579,13,4,5,8,3,-52,0,533,5977,131,100,1,1,6
2220,18,8,1024,40,511,13,53,7,1,1,-95,10,2689,24031,142,100,2,0,0
2219,15,10,1024,0,448,8,18,7,1,1,-52,1,1626,15506,93,100,2,0,0
2220,14,10,1024,0,286,5,5,7,1,1,-70,1,957,8410,85,100,2,0,0
2223,8,4,768,10,512,17,25,7,1,2,-70,10,4839,28655,143,100,2,0,0
2221,25,19,1536,0,626,17,11,7,10,4,-70,0,456,5094,137,100,1,1,6
2222,6,5,768,0,479,18,5,5,1,2,-52,0,391,5461,133,100,1,0,0
2224,3,1,512,0,486,25,14,7,1,1,-76,2,944,10684,147,100,1,0,0
2221,17,18,1280,0,540,10,9,7,1,1,-52,0,418,7252,129,100,1,0,0
2223,12,8,1024,10,559,13,6,7,1,1,-70,0,501,6191,133,100,1,0,0
2222,23,18,1280,0,542,13,16,7,1,3,-52,2,817,6763,132,100,1,0,0
2224,5,1,512,30,493,26,5,7,1,1,-76,10,3175,20590,148,100,1,0,0
2222,31,26,1536,0,482,12,5,5,1,2,-52,0,474,6971,129,100,1,0,0
2223,7,3,768,0,522,17,3,7,1,2,-70,1,1173,14497,139,100,2,0,0
2223,21,15,1280,20,466,10,11,7,1,3,-70,0,730,8830,118,100,2,0,0
2223,16,10,1024,0,428,13,9,7,1,1,-70,4,1376,9949,132,100,1,0,0
2222,29,23,1536,0,187,3,6,7,1,1,-70,0,500,5126,67,100,1,0,0
2224,26,16,1280,0,480,13,5,7,1,4,-95,2,1382,10713,131,100,1,0,0
2226,1,0,256,0,45,0,0,3,0,0,0,10,2846,26772,3726,100,2,0,0
2226,4,1,512,10,480,25,11,7,2,1,-61,10,4139,24648,148,100,1,0,0
2224,28,22,1536,0,568,12,3,7,1,2,-70,1,1260,14344,141,100,3,0,0
2224,13,7,1024,0,546,13,12,7,1,1,-70,0,581,8454,118,100,1,0,0
2226,2,4,768,10,514,15,3,5,1,1,-95,0,606,7853,139,100,1,0,0
2224,27,22,1536,0,582,13,4,5,8,3,-52,0,668,6617,131,100,2,1,6
2225,30,26,1536,0,246,4,4,7,1,2,-70,0,1004,8711,78,100,2,0,0
2225,22,18,1280,0,579,9,5,7,6,1,-70,2,2631,43028,130,100,3,1,6
2226,15,10,1024,0,450,8,18,7,1,1,-52,1,1045,9299,94,100,2,0,0
2225,25,19,1536,0,628,17,11,7,10,4,-70,0,545,4739,137,100,1,1,6
2227,6,5,768,0,479,18,5,5,1,2,-52,0,284,4491,133,100,1,0,0
2227,20,16,1280,10,578,11,16,7,1,3,-70,0,887,9289,124,100,3,0,0
2227,17,18,1280,0,541,10,9,7,1,1,-52,0,450,5750,130,100,1,0,0
2229,21,15,1280,0,468,10,11,7,1,3,-70,0,583,6317,118,100,1,0,0
2229,10,5,768,0,497,17,10,7,1,2,-52,9,3960,25790,133,100,2,0,0
2229,11,5,768,0,529,19,2,7,1,1,-70,0,991,14109,141,100,2,0,0
2229,26,16,1280,0,482,13,5,7,1,4,-95,2,888,8338,131,100,1,0,0
2230,27,22,1536,0,583,13,4,5,8,3,-52,0,426,6565,132,100,1,1,6
2230,14,10,1024,0,288,5,5,7,1,1,-70,1,638,10010,85,100,3,0,0
2229,13,7,1024,0,547,13,12,7,1,1,-70,0,394,5197,118,100,1,0,0
2232,9,4,768,0,530,16,17,7,1,1,-52,0,763,14091,145,100,1,0,0
2229,22,18,1280,0,580,9,5,7,6,1,-70,2,849,17517,130,100,1,1,6
2230,16,10,1024,0,431,13,9,7,1,1,-70,4,1746,12456,132,100,1,0,0
2232,8,4,768,20,514,17,25,7,1,2,-70,10,3744,22063,144,100,2,0,0
2231,12,8,1024,0,560,13,6,7,1,1,-70,0,571,7741,134,100,2,0,0
2229,19,18,1280,0,563,14,20,7,1,3,-52,1,1613,42643,140,100,3,0,0
2231,7,3,768,0,524,17,3,7,1,2,-70,1,1104,13105,139,100,1,0,0
2230,28,22,1536,10,568,12,3,7,1,2,-70,1,289,7517,141,100,1,0,0
2233,21,15,1280,10,469,10,11,7,1,3,-70,0,347,3753,118,100,1,0,0
2231,23,18,1280,0,543,13,16,7,1,3,-52,2,1161,12115,133,100,2,0,0
2233,18,8,1024,30,514,13,53,7,1,1,-95,10,4897,49075,142,100,2,0,0
2235,3,1,512,0,491,25,14,7,1,1,-76,2,2079,19495,148,100,2,0,0
2231,29,23,1536,10,192,4,6,7,1,1,-70,0,988,9720,68,100,3,0,0
2234,5,1,512,10,493,26,5,7,1,1,-76,10,4176,27859,148,100,2,0,0
2234,20,16,1280,0,581,11,16,7,1,3,-70,0,634,6807,124,100,1,0,0
2235,1,0,256,0,45,0,0,3,0,0,0,10,2711,24196,3746,100,2,0,0
2235,2,4,768,0,516,15,3,5,1,1,-95,0,728,11567,140,100,2,0,0
2235,6,5,768,0,481,18,5,5,1,2,-52,0,675,8116,134,100,2,0,0
2235,11,5,768,0,531,19,2,7,1,1,-70,0,560,6724,142,100,1,0,0
2237,4,1,512,0,484,25,11,7,2,1,-61,10,5608,31644,149,100,2,0,0
2234,26,16,1280,10,486,13,5,7,1,4,-95,2,1172,9776,132,100,1,0,0
2235,15,10,1024,0,453,8,18,7,1,1,-52,1,1198,11767,94,100,1,0,0
2236,25,19,1536,0,632,17,11,7,10,4,-70,0,1206,11868,138,100,4,1,6
2236,17,18,1280,0,542,10,9,7,1,1,-52,0,515,8689,130,100,2,0,0
2234,31,26,1536,10,487,12,5,5,1,2,-52,0,991,11826,130,100,2,0,0
2238,12,8,1024,10,563,13,6,7,1,1,-70,0,524,6883,134,100,1,0,0
2237,30,26,1536,0,251,4,4,7,1,2,-70,0,1040,11741,79,100,3,0,0
2238,18,8,1024,0,516,13,53,7,1,1,-95,10,1815,20580,143,100,1,0,0
2237,23,18,1280,10,546,13,16,7,1,3,-52,2,911,8472,133,100,1,0,0
2239,10,5,768,10,500,17,10,7,1,2,-52,9,3287,22004,134,100,2,0,0
2240,3,1,512,10,492,25,14,7,1,1,-76,2,511,7016,149,100,1,0,0
2239,21,15,1280,0,470,10,11,7,1,3,-70,0,476,6627,119,100,1,0,0
2240,1,0,256,0,45,0,0,3,0,0,0,10,1134,11107,3753,100,1,0,0
2239,8,4,768,20,514,17,25,7,1,2,-70,10,3009,18907,144,100,1,0,0
2239,9,4,768,10,534,16,17,7,1,1,-52,0,835,10424,145,100,2,0,0
2238,28,22,1536,10,570,12,3,7,1,2,-70,1,707,10193,142,100,2,0,0
2238,19,18,1280,0,565,14,20,7,1,3,-52,1,1137,31468,140,100,1,0,0
2241,16,10,1024,10,434,13,9,7,1,1,-70,4,2253,19081,133,100,2,0,0
2237,29,23,1536,0,196,4,6,7,1,1,-70,0,849,7720,68,100,1,0,0
2239,22,18,1280,0,584,9,5,7,6,1,-70,2,1899,34554,131,100,3,1,6
2241,11,5,768,0,533,19,2,7,1,1,-70,0,523,7649,142,100,1,0,0
2243,7,3,768,0,524,17,3,7,1,2,-70,1,776,14040,140,100,2,0,0
2242,14,10,1024,0,291,5,5,7,1,1,-70,1,832,11338,86,100,2,0,0
2240,13,7,1024,0,549,13,12,7,1,1,-70,0,702,9805,119,100,2,0,0
2241,27,22,1536,0,586,13,4,5,8,3,-52,0,897,13991,132,100,4,1,6
2242,6,5,768,0,482,18,5,5,1,2,-52,0,415,6972,134,100,1,0,0
2241,20,16,1280,10,583,11,16,7,1,3,-70,0,623,7706,125,100,2,0,0
2243,10,5,768,10,502,17,10,7,1,2,-52,9,1738,10167,134,100,1,0,0
2244,9,4,768,0,536,16,17,7,1,1,-52,0,561,5804,146,100,1,0,0
2244,1,0,256,0,45,0,0,3,0,0,0,10,1280,11744,3764,100,1,0,0
2242,26,16,1280,0,486,13,5,7,1,4,-95,2,1207,13339,132,100,2,0,0
2242,18,8,1024,0,516,13,53,7,1,1,-95,10,1852,17972,143,100,0,0,0
2245,2,4,768,0,521,15,3,5,1,1,-95,0,952,12000,141,100,1,0,0
2243,30,26,1536,0,255,4,4,7,1,2,-70,0,715,6572,79,100,1,0,0
2242,23,18,1280,10,547,13,16,7,1,3,-52,2,1008,7554,134,100,1,0,0
2243,12,8,1024,10,566,13,6,7,1,1,-70,0,608,5408,134,100,1,0,0
2245,5,1,512,20,493,26,5,7,1,1,-76,10,4479,29318,149,100,2,0,0
2243,25,19,1536,0,638,17,11,7,10,4,-70,0,965,7001,138,100,2,1,6
2243,31,26,1536,0,490,12,5,5,1,2,-52,0,787,8442,130,100,2,0,0
2243,28,22,1536,0,573,12,3,7,1,2,-70,1,610,7335,142,100,1,0,0
2245,15,10,1024,0,454,8,18,7,1,1,-52,1,1043,12856,95,100,2,0,0
2245,11,5,768,10,535,19,2,7,1,1,-70,0,507,5456,143,100,1,0,0
2248,7,3,768,0,525,17,3,7,1,2,-70,1,635,7395,140,100,1,0,0
2247,8,4,768,10,517,17,25,7,1,2,-70,10,3303,19314,145,100,2,0,0
2248,4,1,512,10,487,25,11,7,2,1,-61,10,5905,33272,150,100,2,0,0
2244,29,23,1536,0,200,4,6,7,1,1,-70,0,793,7677,69,100,1,0,0
2246,6,5,768,0,484,18,5,5,1,2,-52,0,530,4845,135,100,1,0,0
2248,9,4,768,0,539,16,17,7,1,1,-52,0,582,5631,146,100,1,0,0
2249,2,4,768,0,522,15,3,5,1,1,-95,0,368,4895,141,100,1,0,0
2248,21,15,1280,0,474,10,11,7,1,3,-70,0,837,8697,119,100,2,0,0
2249,10,5,768,20,503,17,10,7,1,2,-52,9,1579,11560,135,100,1,0,0
2249,3,1,512,10,494,25,14,7,1,1,-76,2,1371,16341,149,100,1,0,0
2248,17,18,1280,0,544,10,9,7,1,1,-52,0,797,11569,131,100,2,0,0
2249,23,18,1280,0,553,13,16,7,1,3,-52,2,1486,10417,134,100,2,0,0
2248,26,16,1280,10,488,13,5,7,1,4,-95,2,1258,10427,133,100,1,0,0
2249,27,22,1536,0,589,13,4,5,8,3,-52,0,780,9636,133,100,3,1,6
2250,18,8,1024,10,517,13,53,7,1,1,-95,10,2824,32704,144,100,2,0,0
2252,7,3,768,10,527,17,3,7,1,2,-70,1,698,6999,141,100,1,0,0
2249,19,18,1280,10,568,14,20,7,1,3,-52,1,1528,37689,141,100,2,0,0
2251,13,7,1024,0,553,13,12,7,1,1,-70,0,860,9194,119,100,2,0,0
2250,22,18,1280,10,588,9,5,7,6,1,-70,2,2122,41165,132,100,3,1,6
2252,4,1,512,10,488,25,11,7,2,1,-61,10,2406,12734,150,100,1,0,0
2249,30,26,1536,0,256,4,4,7,1,2,-70,0,448,6302,80,100,1,0,0
2250,25,19,1536,10,643,17,11,7,10,4,-70,0,999,7848,139,100,3,1,6
2250,15,10,1024,0,456,8,18,7,1,1,-52,1,798,7139,95,100,1,0,0
2252,12,8,1024,0,569,13,6,7,1,1,-70,0,892,9051,135,100,2,0,0
2253,1,0,256,0,45,0,0,3,0,0,0,10,2421,21640,3780,100,1,0,0
2249,14,10,1024,0,294,5,5,7,1,1,-70,1,687,8675,87,100,1,0,0
2252,11,5,768,0,536,19,2,7,1,1,-70,0,446,8478,143,100,1,0,0
2253,28,22,1536,0,574,12,3,7,1,2,-70,1,526,11673,143,100,1,0,0
2251,31,26,1536,0,491,12,5,5,1,2,-52,0,474,7999,131,100,1,0,0
2252,16,10,1024,0,436,13,9,7,1,1,-70,4,2535,19861,134,100,2,0,0
2253,6,5,768,0,486,18,5,5,1,2,-52,0,498,6045,135,100,1,0,0
2253,20,16,1280,0,585,11,16,7,1,3,-70,0,728,11696,125,100,2,0,0
2255,3,1,512,0,495,25,14,7,1,1,-76,2,1054,10224,150,100,1,0,0
2255,23,18,1280,0,554,13,16,7,1,3,-52,2,827,8661,135,100,1,0,0
2254,29,23,1536,0,203,4,6,7,1,1,-70,0,777,8898,70,100,3,0,0
2255,10,5,768,0,505,17,10,7,1,2,-52,9,2531,15455,135,100,1,0,0
2256,5,1,512,20,496,26,5,7,1,1,-76,10,5024,31403,150,100,2,0,0
2218,24,23,1664,50,2,3,3,6,0,2,-52,0,1064,5658,0,100,6,0,0
2256,25,19,1536,0,645,17,11,7,10,4,-70,0,537,5925,139,100,2,1,6
2256,30,26,1536,0,259,4,4,7,1,2,-70,0,721,7600,80,100,3,0,0
2257,26,16,1280,0,488,13,5,7,1,4,-95,2,1200,14435,133,100,1,0,0
2229,24,23,1664,50,3,3,3,7,0,2,-52,0,899,10011,0,100,7,0,0
2259,8,4,768,10,519,17,25,7,1,2,-70,10,4382,27834,146,100,2,0,0
2258,16,10,1024,10,440,13,9,7,1,1,-70,4,1474,10666,134,100,1,0,0
2258,11,5,768,0,537,19,2,7,1,1,-70,0,392,7157,143,100,1,0,0
2236,24,23,1664,90,4,3,4,7,0,2,-52,0,916,6745,1,100,5,0,0
2259,9,4,768,0,542,16,17,7,1,1,-52,0,734,14079,147,100,1,0,0
2259,20,16,1280,0,585,11,16,7,1,3,-70,0,321,4830,126,100,1,0,0
2257,17,18,1280,0,545,10,9,7,1,1,-52,0,596,9053,132,100,2,0,0
2258,22,18,1280,0,591,9,5,7,6,1,-70,2,1339,28101,132,100,4,1,6
2257,31,26,1536,0,492,12,5,5,1,2,-52,0,515,6718,131,100,2,0,0
2261,7,3,768,10,528,17,3,7,1,2,-70,1,829,13558,141,100,1,0,0
2258,21,15,1280,0,477,11,11,7,1,3,-70,0,914,10964,120,100,2,0,0
2260,13,7,1024,0,554,13,12,7,1,1,-70,0,474,8403,120,100,1,0,0
2261,2,4,768,0,524,15,3,5,1,1,-95,0,751,14519,142,100,2,0,0
2260,15,10,1024,0,459,8,18,7,1,1,-52,1,1362,14127,96,100,2,0,0
2261,4,1,512,20,491,25,11,7,2,1,-61,10,4735,28159,151,100,2,0,0
2259,28,22,1536,0,576,12,3,7,1,2,-70,1,496,6632,143,100,2,0,0
2259,19,18,1280,0,572,14,20,7,1,3,-52,1,1618,36073,142,100,2,0,0
2246,24,23,1664,90,5,3,4,7,0,2,-52,0,778,9334,2,100,6,0,0
2252,24,23,1664,100,5,3,4,7,0,2,-52,0,290,5096,2,100,2,0,0
2262,1,0,256,0,45,0,0,3,0,0,0,10,2738,25435,3798,100,2,0,0
2263,18,8,1024,60,520,13,53,7,1,1,-95,10,5019,49527,144,100,2,0,0
2262,12,8,1024,10,572,13,6,7,1,1,-70,0,598,9611,136,100,2,0,0
2263,5,1,512,30,499,26,5,7,1,1,-76,10,2784,18178,150,100,1,0,0
2260,27,22,1536,0,590,13,4,5,8,3,-52,0,502,12038,133,100,2,1,6
2261,14,10,1024,0,298,5,5,7,1,1,-70,1,946,11629,87,100,3,0,0
2263,6,5,768,0,490,18,5,5,1,2,-52,0,913,9115,136,100,2,0,0
2261,31,26,1536,0,492,12,5,5,1,2,-52,0,166,3755,131,100,0,0,0
2264,9,4,768,0,542,16,17,7,1,1,-52,0,314,6477,147,100,1,0,0
2264,10,5,768,20,509,17,10,7,1,2,-52,9,3300,21328,136,100,2,0,0
2266,4,1,512,10,491,25,11,7,2,1,-61,10,2188,12256,151,100,1,0,0
2260,29,23,1536,0,204,4,6,7,1,1,-70,0,392,5609,70,100,1,0,0
2265,7,3,768,0,529,17,3,7,1,2,-70,1,692,8576,142,100,1,0,0
2262,25,19,1536,0,649,17,11,7,10,4,-70,0,739,6179,139,100,2,1,6
2266,8,4,768,40,521,17,25,7,1,2,-70,10,3399,18919,146,100,1,0,0
2262,22,18,1280,0,594,9,5,7,6,1,-70,2,1382,17630,132,100,2,1,6
2266,3,1,512,10,497,25,14,7,1,1,-76,2,1555,18664,150,100,2,0,0
2263,19,18,1280,0,572,14,20,7,1,3,-52,1,541,14489,142,100,1,0,0
2264,28,22,1536,0,577,12,3,7,1,2,-70,1,370,6038,143,100,1,0,0
2267,5,1,512,40,501,26,5,7,1,1,-76,10,1821,12417,151,100,1,0,0
2267,18,8,1024,40,521,13,53,7,1,1,-95,10,2384,19390,145,100,1,0,0
2268,2,4,768,0,526,15,3,5,1,1,-95,0,523,9246,142,100,1,0,0
2265,21,15,1280,0,478,11,11,7,1,3,-70,0,396,6500,120,100,1,0,0
2265,14,10,1024,0,299,5,5,7,1,1,-70,1,425,4556,88,100,1,0,0
2264,24,23,1536,10,6,3,4,7,1,2,-52,0,1588,12851,3,100,5,0,0
2266,26,16,1280,0,491,13,5,7,1,4,-95,2,1647,15078,134,100,2,0,0
2268,30,26,1536,0,261,4,4,7,1,2,-70,0,700,9998,81,100,2,0,0
2270,1,0,256,0,45,0,0,3,0,0,0,10,1815,17802,3812,100,1,0,0
2267,11,5,768,0,539,19,2,7,1,1,-70,0,722,11152,144,100,3,0,0
2266,23,18,1280,0,557,13,16,7,1,3,-52,2,2866,21490,135,100,2,0,0
2267,22,18,1280,0,595,10,5,7,6,1,-70,2,1128,19227,133,100,1,1,6
2268,10,5,768,20,511,17,10,7,1,2,-52,9,1501,10059,136,100,0,0,0
2270,13,7,1024,0,556,13,12,7,1,1,-70,0,702,10103,121,100,2,0,0
2271,4,1,512,10,491,25,11,7,2,1,-61,10,2698,14844,151,100,1,0,0
2267,17,18,1280,10,549,10,9,7,1,1,-52,0,1042,10240,132,100,2,0,0
2269,15,10,1024,0,460,8,18,7,1,1,-52,1,1013,11901,96,100,2,0,0
2269,16,10,1024,30,442,13,9,7,1,1,-70,4,2181,19653,135,100,2,0,0
2271,3,1,512,20,498,25,14,7,1,1,-76,2,906,8819,151,100,1,0,0
2272,5,1,512,60,502,26,5,7,1,1,-76,10,2095,11996,151,100,1,0,0
2272,9,4,768,0,544,16,17,7,1,1,-52,0,596,9025,147,100,2,0,0
2269,20,16,1280,0,588,11,16,7,1,3,-70,0,772,10536,126,100,3,0,0
2271,7,3,768,0,531,17,3,7,1,2,-70,1,860,9610,142,100,1,0,0
2271,12,8,1024,10,573,13,6,7,1,1,-70,0,688,8597,136,100,2,0,0
2269,24,23,1536,0,7,3,4,7,1,2,-52,0,483,5438,3,100,3,0,0
2270,14,10,1024,10,300,5,5,7,1,1,-70,1,261,4019,88,100,1,0,0
2273,18,8,1024,30,521,13,53,7,1,1,-95,10,2671,25554,145,100,1,0,0
2271,6,5,768,0,493,18,5,5,1,2,-52,0,623,8918,136,100,2,0,0
2271,31,26,1536,0,496,12,5,5,1,2,-52,0,892,8828,132,100,2,0,0
2271,27,22,1536,0,595,13,4,5,8,3,-52,0,1271,14412,134,100,4,1,6
2274,2,4,768,10,528,15,3,5,1,1,-95,0,642,7552,143,100,2,0,0
2270,29,23,1536,0,206,4,6,7,1,1,-70,0,700,9591,71,100,2,0,0
2272,28,22,1536,0,579,12,3,7,1,2,-70,1,776,10160,144,100,2,0,0
2271,21,15,1280,0,480,11,11,7,1,3,-70,0,558,5991,121,100,1,0,0
2273,19,18,1280,0,577,14,20,7,1,3,-52,1,1243,31720,143,100,1,0,0
2272,11,5,768,0,539,19,2,7,1,1,-70,0,262,5933,144,100,1,0,0
2275,3,1,512,0,500,25,14,7,1,1,-76,2,765,7010,151,100,1,0,0
2276,1,0,256,0,45,0,0,3,0,0,0,10,1997,17816,3824,100,1,0,0
2275,22,18,1280,0,599,10,5,7,6,1,-70,2,1540,23411,133,100,3,1,6
2276,23,18,1280,10,561,13,16,7,1,3,-52,2,1397,12820,136,100,1,0,0
2274,30,26,1536,0,262,4,4,7,1,2,-70,0,416,7198,81,100,1,0,0
2274,25,19,1536,0,650,17,11,7,10,4,-70,0,681,11260,140,100,3,1,6
2277,8,4,768,50,524,17,25,7,1,2,-70,10,4943,28246,147,100,2,0,0
2276,10,5,768,0,512,17,10,7,1,2,-52,8,2674,18010,137,100,2,0,0
2277,11,5,768,0,541,19,2,7,1,1,-70,0,555,6173,145,100,1,0,0
2278,16,10,1024,10,442,13,9,7,1,1,-70,4,1358,13513,135,100,2,0,0
2278,17,18,1280,0,551,10,9,7,1,1,-52,0,622,8327,133,100,1,0,0
2278,19,18,1280,10,580,14,20,7,1,3,-52,1,784,16366,143,100,1,0,0
2279,7,3,768,0,534,17,3,7,1,2,-70,1,978,12112,143,100,2,0,0
2279,9,4,768,0,546,16,17,7,1,1,-52,0,607,9513,148,100,1,0,0
2279,5,1,512,20,504,26,5,7,1,1,-76,10,3144,20228,151,100,1,0,0
2279,6,5,768,0,494,18,5,5,1,2,-52,0,568,6515,137,100,2,0,0
2280,1,0,256,0,45,0,0,3,0,0,0,10,1232,10890,3834,100,1,0,0
2279,22,18,1280,10,603,10,5,7,6,1,-70,2,870,16063,134,100,2,1,6
2277,26,16,1280,10,492,13,5,7,1,4,-95,2,1507,17718,134,100,2,0,0
2279,27,22,1536,0,599,13,4,5,8,3,-52,0,791,9787,135,100,2,1,6
2280,18,8,1024,0,521,13,53,7,1,1,-95,10,3138,30865,146,100,1,0,0
2278,21,15,1280,0,482,11,11,7,1,3,-70,0,526,6973,121,100,1,0,0
2282,4,1,512,10,492,25,11,7,2,1,-61,10,5752,32963,152,100,2,0,0
2278,29,23,1536,0,208,4,6,7,1,1,-70,0,523,8072,71,100,1,0,0
2279,15,10,1024,10,464,9,18,7,1,1,-52,1,1386,13364,97,100,1,0,0
2282,13,7,1024,0,561,13,12,7,1,1,-70,0,986,11136,121,100,3,0,0
2280,12,8,1024,0,574,13,6,7,1,1,-70,0,595,9516,137,100,2,0,0
2280,28,22,1536,0,579,12,3,7,1,2,-70,1,312,9438,144,100,1,0,0
2283,2,4,768,0,528,15,3,5,1,1,-95,0,416,9916,143,100,1,0,0
2280,31,26,1536,0,500,12,5,5,1,2,-52,0,916,9251,133,100,2,0,0
2282,17,18,1280,10,552,10,9,7,1,1,-52,0,370,4712,133,100,1,0,0
2280,24,23,1536,0,8,3,4,7,1,2,-52,0,802,10494,4,100,5,0,0
2280,20,16,1280,0,592,11,16,7,1,3,-70,0,942,11574,127,100,2,0,0
2280,14,10,1024,0,302,5,5,7,1,1,-70,0,888,10526,89,100,2,0,0
2283,7,3,768,0,535,17,3,7,1,2,-70,1,632,7091,143,100,0,0,0
2285,1,0,256,0,45,0,0,3,0,0,0,10,1274,11269,3843,100,1,0,0
2282,6,5,768,0,495,18,5,5,1,2,-52,0,270,4492,137,100,0,0,0
2284,27,22,1536,0,600,13,4,5,8,3,-52,0,430,5382,135,100,2,1,6
2285,8,4,768,30,525,17,25,7,1,2,-70,10,3455,21222,147,100,2,0,0
2285,3,1,512,0,504,25,14,7,1,1,-76,2,1887,17679,152,100,2,0,0
2285,16,10,1024,0,442,13,9,7,1,1,-70,4,1548,13619,136,100,1,0,0
2285,11,5,768,0,543,19,2,7,1,1,-70,0,551,9749,145,100,1,0,0
2285,12,8,1024,0,575,13,6,7,1,1,-70,0,393,4754,137,100,1,0,0
2287,5,1,512,30,506,26,5,7,1,1,-76,10,3041,20144,152,100,1,0,0
2287,23,18,1280,0,563,13,16,7,1,3,-52,2,1613,19000,137,100,2,0,0
2285,21,15,1280,0,483,11,11,7,1,3,-70,0,548,7057,122,100,2,0,0
2285,25,19,1536,0,653,17,11,7,10,4,-70,0,890,10913,141,100,4,1,6
2286,14,10,1024,0,303,5,5,7,1,1,-70,0,393,5713,89,100,1,0,0
2285,29,23,1536,0,210,4,6,7,1,1,-70,0,676,7151,72,100,2,0,0
2286,30,26,1536,0,268,4,4,7,1,2,-70,0,1152,12338,82,100,2,0,0
2288,18,8,1024,10,524,13,53,7,2,1,-95,10,3306,31528,146,100,2,0,0
2288,10,5,768,0,514,17,10,7,1,2,-52,8,3812,25665,137,100,2,0,0
2288,19,18,1280,0,582,14,20,7,1,3,-52,1,1267,35478,144,100,2,0,0
2287,22,18,1280,0,606,10,5,7,6,1,-70,2,1833,32178,134,100,2,1,6
2289,13,7,1024,0,565,13,12,7,1,1,-70,0,893,7655,122,100,2,0,0
2290,1,0,256,0,45,0,0,3,0,0,0,10,1566,13338,3855,100,1,0,0
2289,17,18,1280,0,553,10,9,7,1,1,-52,0,475,6613,134,100,1,0,0
2289,26,16,1280,0,492,13,5,7,1,4,-95,2,1655,18332,135,100,2,0,0
2289,28,22,1536,10,580,12,3,7,1,2,-70,1,599,10595,145,100,2,0,0
2290,2,4,768,10,529,15,3,5,1,1,-95,0,572,8874,144,100,2,0,0
2289,31,26,1536,0,504,12,5,5,1,2,-52,0,739,8241,133,100,1,0,0
2290,9,4,768,0,549,16,17,7,1,1,-52,0,835,12983,149,100,2,0,0
2290,6,5,768,10,496,18,5,5,1,2,-52,0,437,6195,138,100,2,0,0
2291,5,1,512,10,508,26,5,7,1,1,-76,10,2008,12309,152,100,1,0,0
2291,7,3,768,0,537,17,3,7,1,2,-70,1,1128,12414,143,100,2,0,0
2292,4,1,512,0,496,25,11,7,2,1,-61,10,5836,30945,153,100,2,0,0
2291,8,4,768,50,525,17,25,7,1,2,-70,10,2752,17484,148,100,1,0,0
2291,15,10,1024,10,467,9,18,7,1,1,-52,1,1337,15634,98,100,2,0,0
2291,14,10,1024,0,305,5,5,7,1,1,-70,0,499,5312,89,100,1,0,0
2291,20,16,1280,0,597,11,16,7,1,3,-70,0,1025,11125,128,100,2,0,0
2292,27,22,1536,0,604,13,4,5,8,3,-52,0,855,10305,136,100,2,1,6
2291,24,23,1536,0,8,3,4,7,1,2,-52,0,581,9599,5,100,3,0,0
2294,16,10,1024,30,444,13,9,7,1,1,-70,4,1460,13122,137,100,1,0,0
2295,3,1,512,0,507,25,14,7,1,1,-76,2,1110,13395,152,100,1,0,0
2294,9,4,768,0,550,16,17,7,1,1,-52,0,393,5917,149,100,1,0,0
2294,19,18,1280,10,582,15,20,7,1,3,-52,1,510,19922,144,100,1,0,0
2295,6,5,768,0,496,18,5,5,1,2,-52,0,392,5048,138,100,1,0,0
2292,25,19,1536,0,656,17,11,7,10,4,-70,0,599,5840,141,100,3,1,6
2297,7,3,768,20,538,17,3,7,1,2,-70,1,593,7831,144,100,1,0,0
2292,29,23,1536,0,212,4,6,7,1,1,-70,0,499,6810,72,100,1,0,0
2294,22,18,1280,0,612,11,5,7,6,1,-70,2,2211,25907,135,100,4,1,6
2296,11,5,768,0,545,19,2,7,1,1,-70,0,728,11903,146,100,2,0,0
2296,13,7,1024,0,568,13,12,7,1,1,-70,0,608,6525,122,100,1,0,0
2296,26,16,1280,0,492,13,5,7,1,4,-95,2,938,10527,136,100,1,0,0
2297,4,1,512,10,497,25,11,7,2,1,-61,10,2576,15618,153,100,1,0,0
2296,15,10,1024,0,469,9,18,7,1,1,-52,1,587,6406,98,100,1,0,0
2294,12,8,1024,10,577,13,6,7,1,1,-70,0,580,9199,138,100,1,0,0
2296,21,15,1280,0,487,11,11,7,1,3,-70,0,885,10796,122,100,2,0,0
2296,30,26,1536,0,272,4,4,7,1,2,-70,0,916,9875,83,100,2,0,0
2298,18,8,1024,10,529,13,53,7,2,1,-95,10,4695,42729,147,100,4,0,0
2298,5,1,512,20,508,26,5,7,1,1,-76,10,3116,18989,153,100,2,0,0
2298,19,18,1280,0,583,15,20,7,1,3,-52,1,825,17046,144,100,1,0,0
2299,17,18,1280,0,554,11,9,7,1,1,-52,0,619,9346,134,100,2,0,0
2298,20,16,1280,10,598,11,16,7,1,3,-70,0,397,6449,128,100,1,0,0
2299,10,5,768,0,517,17,10,7,1,2,-52,8,3840,25393,138,100,2,0,0
2299,28,22,1536,0,582,13,3,7,1,2,-70,1,808,12603,146,100,2,0,0
2298,25,19,1536,0,660,17,11,7,10,4,-70,0,930,6562,142,100,3,1,6
2300,31,26,1536,0,506,12,5,5,1,2,-52,0,702,10439,134,100,2,0,0
2301,1,0,256,0,45,0,0,3,0,0,0,10,3169,29362,3877,100,2,0,0
2300,9,4,768,0,552,16,17,7,1,1,-52,0,499,7427,149,100,1,0,0
2300,8,4,768,80,528,17,25,7,1,2,-70,10,4109,26124,149,100,2,0,0
2300,11,5,768,0,546,19,2,7,1,1,-70,0,342,5568,146,100,0,0,0
2299,14,10,1024,0,308,5,5,7,1,1,-70,0,686,8509,90,100,1,0,0
2302,3,1,512,0,510,25,14,7,1,1,-76,2,1565,13189,153,100,2,0,0
2299,27,22,1536,0,606,14,4,5,8,3,-52,0,600,8517,136,100,2,1,6
2302,2,4,768,0,531,15,3,5,1,1,-95,0,668,13779,144,100,2,0,0
2298,24,23,1536,0,8,3,4,7,1,2,-52,0,500,6918,5,100,3,0,0
2302,23,18,1280,0,565,14,16,7,1,3,-52,2,1530,15677,138,100,2,0,0
2303,22,18,1280,0,615,11,5,7,6,1,-70,2,1607,32075,135,100,2,1,6
2304,13,7,1024,0,571,13,12,7,1,1,-70,0,730,8454,123,100,1,0,0
2302,28,22,1536,0,582,13,3,7,1,2,-70,1,195,4939,146,100,0,0,0
2304,18,8,1024,0,532,13,53,7,2,1,-95,10,3129,28920,147,100,1,0,0
2305,15,10,1024,0,472,9,18,7,1,1,-52,1,1259,12441,99,100,2,0,0
2306,7,3,768,0,541,17,3,7,1,2,-70,1,1226,14184,144,100,1,0,0
2302,29,23,1536,0,212,4,6,7,1,1,-70,0,486,9494,73,100,2,0,0
2305,26,16,1280,0,495,13,5,7,1,4,-95,2,1455,15806,136,100,2,0,0
2303,12,8,1024,0,578,13,6,7,1,1,-70,0,539,8660,138,100,2,0,0
2305,5,1,512,0,510,26,5,7,1,1,-76,10,2558,18793,153,100,1,0,0
2303,24,23,1536,0,8,3,4,7,1,2,-52,0,258,4281,5,100,1,0,0
2304,21,15,1280,0,489,11,11,7,1,3,-70,0,649,7603,123,100,1,0,0
2305,6,5,768,0,502,18,5,5,1,2,-52,0,1263,11733,139,100,2,0,0
2307,4,1,512,10,498,25,11,7,2,1,-61,10,5051,29648,154,100,1,0,0
2305,16,10,1024,0,445,13,9,7,1,1,-70,4,2318,20367,137,100,3,0,0
2304,25,19,1536,0,663,17,11,7,10,4,-70,0,670,5932,142,100,2,1,6
2307,9,4,768,0,552,16,17,7,1,1,-52,0,369,8322,150,100,1,0,0
2306,17,18,1280,0,555,11,9,7,1,1,-52,0,547,6710,135,100,2,0,0
2306,19,18,1280,0,586,15,20,7,1,3,-52,1,1268,28244,145,100,1,0,0
2307,30,26,1536,0,275,4,4,7,1,2,-70,0,751,9820,83,100,2,0,0
2309,2,4,768,0,532,15,3,5,1,1,-95,0,500,8854,145,100,1,0,0
2309,11,5,768,0,549,19,2,7,1,1,-70,0,811,11417,147,100,2,0,0
2310,1,0,256,0,45,0,0,3,0,0,0,10,2543,23723,3896,100,2,0,0
2309,10,5,768,0,518,17,10,7,1,2,-52,8,2808,22113,139,100,2,0,0
2309,14,10,1024,0,311,5,5,7,1,1,-70,0,751,9384,90,100,2,0,0
2309,20,16,1280,0,600,11,16,7,1,3,-70,0,722,10481,129,100,3,0,0
2309,22,18,1280,0,617,11,5,7,6,1,-70,2,1077,22500,136,100,3,1,6
2309,27,22,1536,0,610,14,4,5,8,3,-52,0,976,12653,137,100,3,1,6
2312,3,1,512,0,511,25,15,7,1,1,-76,2,1322,16316,153,100,3,0,0
2311,8,4,768,60,533,17,25,7,1,2,-70,10,4822,31263,149,100,2,0,0
2311,16,10,1024,20,447,13,9,7,1,1,-70,4,1320,10230,138,100,1,0,0
2311,31,26,1536,0,507,12,5,5,1,2,-52,0,620,10135,135,100,2,0,0
2312,13,7,1024,0,572,13,12,7,1,1,-70,0,696,8052,123,100,2,0,0
2312,23,18,1280,0,567,14,16,7,1,3,-52,2,1382,15516,138,100,2,0,0
2312,26,16,1280,0,496,13,5,7,1,4,-95,2,1251,12034,137,100,1,0,0
2310,12,8,1024,0,581,13,6,7,1,1,-70,0,757,8004,139,100,1,0,0
2312,30,26,1536,10,277,4,4,7,1,2,-70,0,531,4716,84,100,1,0,0
2313,7,3,768,10,543,17,3,7,1,2,-70,1,894,12866,145,100,2,0,0
2312,17,18,1280,0,556,11,9,7,1,1,-52,0,460,6301,135,100,1,0,0
2313,15,10,1024,0,474,9,18,7,1,1,-52,1,907,10626,99,100,1,0,0
2314,4,1,512,10,499,25,11,7,2,1,-61,10,3569,21001,154,100,2,0,0
2312,28,22,1536,0,584,13,3,7,1,2,-70,1,702,12020,147,100,2,0,0
2315,6,5,768,0,503,18,5,5,1,2,-52,0,417,7217,139,100,1,0,0
2312,18,8,1024,0,533,13,53,7,2,1,-95,10,3737,41380,148,100,2,0,0
2314,10,5,768,10,518,17,11,7,1,2,-52,8,2036,11324,139,100,2,0,0
2313,25,19,1536,0,670,17,11,7,10,4,-70,0,1196,10071,143,100,3,1,6
2313,20,16,1280,0,601,11,16,7,1,3,-70,0,372,4141,129,100,1,0,0
2315,5,1,512,30,512,26,5,7,1,1,-76,10,4626,28511,154,100,2,0,0
2312,19,18,1280,0,589,15,20,7,1,3,-52,1,1357,34301,145,100,2,0,0
2316,9,4,768,0,555,16,17,7,1,1,-52,0,630,10927,150,100,1,0,0
2313,21,15,1280,0,493,11,11,7,1,3,-70,0,893,9071,124,100,2,0,0
2313,24,23,1536,0,9,3,4,7,1,2,-52,0,681,9901,6,100,4,0,0
2316,26,16,1280,0,498,13,5,7,1,4,-95,2,886,7274,137,100,1,0,0
2318,1,0,256,0,45,0,0,3,0,0,0,10,2026,19570,3910,100,1,0,0
2313,29,23,1536,0,216,4,6,7,1,1,-70,0,938,10891,74,100,2,1,6
2315,23,18,1280,10,569,14,16,7,1,3,-52,2,1131,9700,139,100,1,0,0
2318,31,26,1536,0,509,12,5,5,1,2,-52,0,599,6689,135,100,2,0,0
2319,2,4,768,0,536,15,3,5,1,1,-95,0,913,13167,146,100,2,0,0
2318,20,16,1280,0,603,11,16,7,1,3,-70,0,558,5402,130,100,1,0,0
2319,13,7,1024,0,573,13,12,7,1,1,-70,0,474,7045,124,100,1,0,0
2315,17,18,1280,0,558,11,9,7,1,1,-52,0,581,6560,136,100,1,0,0
2318,14,10,1024,0,316,5,5,7,1,1,-70,0,991,9931,91,100,3,0,0
2319,27,22,1536,0,615,14,4,5,8,3,-52,0,1028,11698,137,100,3,1,6
2320,30,26,1536,0,280,4,4,7,1,2,-70,0,631,7971,84,100,1,0,0
2318,18,8,1024,10,535,13,53,7,2,1,-95,10,2553,24677,148,100,0,0,0
2320,11,5,768,0,553,19,2,7,1,1,-70,0,883,13410,147,100,2,0,0
2318,22,18,1280,0,620,11,5,7,6,1,-70,2,2097,39436,136,100,3,1,6
2321,10,5,768,20,522,17,11,7,1,2,-52,8,2494,16854,140,100,1,0,0
2320,16,10,1024,0,450,13,9,7,1,1,-70,4,2388,16688,138,100,1,0,0
2322,3,1,512,10,512,25,15,7,1,1,-76,2,1214,16396,154,100,1,0,0
2322,6,5,768,0,506,18,5,5,1,2,-52,0,685,8225,140,100,1,0,0
2322,7,3,768,10,544,17,3,7,1,2,-70,1,1080,13100,145,100,2,0,0
2320,17,18,1280,0,561,11,9,7,1,1,-52,0,650,5015,136,100,1,0,0
2321,21,15,1280,0,495,11,11,7,1,3,-70,0,526,7469,124,100,1,0,0
2323,4,1,512,0,503,25,11,7,2,1,-61,10,4819,26373,155,100,1,0,0
2322,15,10,1024,0,477,9,18,7,1,1,-52,1,1411,12914,100,100,2,0,0
2321,12,8,1024,0,585,13,6,7,1,1,-70,0,981,11411,140,100,2,0,0
2323,2,4,768,0,537,15,3,5,1,1,-95,0,396,5557,146,100,1,0,0
2322,28,22,1536,10,588,13,3,7,1,2,-70,1,865,12331,147,100,2,0,0
2324,1,0,256,0,45,0,0,3,0,0,0,10,1886,16349,3922,100,1,0,0
2323,8,4,768,30,534,17,25,7,1,2,-70,10,5197,33084,150,100,2,0,0
2322,29,23,1536,0,216,4,6,7,3,1,-70,0,446,8058,74,100,1,1,6
2323,20,16,1280,0,603,11,16,7,1,3,-70,0,167,4096,130,100,0,0,0
2325,5,1,512,20,514,26,5,7,1,1,-76,10,3746,24754,155,100,1,0,0
2322,25,19,1536,0,673,17,11,7,10,4,-70,0,817,8955,143,100,3,1,6
2322,24,23,1536,0,10,3,4,7,1,2,-52,0,687,8525,7,100,3,0,0
2325,13,7,1024,0,574,13,12,7,1,1,-70,0,394,5730,124,100,1,0,0
2322,19,18,1280,10,592,15,20,7,1,3,-52,1,1231,33475,146,100,2,0,0
2325,23,18,1280,0,573,14,16,7,1,3,-52,2,1546,17372,139,100,1,0,0
2325,26,16,1280,0,499,13,5,7,1,4,-95,2,1482,16279,138,100,2,0,0
2324,22,18,1280,0,622,11,5,7,6,1,-70,2,1187,23039,137,100,3,1,6
2328,11,5,768,0,554,19,2,7,1,1,-70,0,477,7680,148,100,1,0,0
2327,9,4,768,0,556,16,17,7,1,1,-52,0,743,14025,151,100,3,0,0
2326,14,10,1024,0,320,5,5,7,1,1,-70,0,793,7905,92,100,1,0,0
2327,28,22,1536,0,590,13,3,7,1,2,-70,1,559,6723,148,100,1,0,0
2327,8,4,768,40,536,17,25,7,1,2,-70,10,2019,12132,150,100,1,0,0
2329,5,1,512,10,514,26,5,7,1,1,-76,10,1544,11041,155,100,1,0,0
2326,17,18,1280,10,565,11,9,7,1,1,-52,0,691,5907,136,100,1,0,0
2328,10,5,768,0,524,17,11,7,1,2,-52,8,2533,17322,140,100,1,0,0
2329,7,3,768,10,546,17,3,7,1,2,-70,1,933,11335,146,100,1,0,0
2329,1,0,256,0,45,0,0,3,0,0,0,10,1482,13761,3934,100,1,0,0
2327,29,23,1536,10,218,4,6,7,3,1,-70,0,469,5243,75,100,2,1,6
2327,31,26,1536,10,511,12,5,5,1,2,-52,0,605,10023,136,100,1,0,0
2329,2,4,768,0,537,15,3,5,1,1,-95,0,284,6965,146,100,1,0,0
2327,18,8,1024,10,537,13,53,7,2,1,-95,10,3854,37377,149,100,2,0,0
2328,30,26,1536,0,281,4,4,7,1,2,-70,0,593,9183,85,100,2,0,0
2330,13,7,1024,0,574,13,12,7,1,1,-70,0,319,4054,125,100,1,0,0
2329,15,10,1024,20,477,9,18,7,1,1,-52,1,550,8763,101,100,1,0,0
2328,12,8,1024,10,588,13,6,7,1,1,-70,0,705,6648,140,100,2,0,0
2328,21,15,1280,10,495,11,11,7,1,3,-70,0,312,6794,125,100,1,0,0
2330,16,10,1024,0,453,13,9,7,1,1,-70,4,2135,17983,139,100,2,0,0
2330,27,22,1536,0,618,14,4,5,8,3,-52,0,865,13136,138,100,4,1,6
2333,6,5,768,0,509,18,5,5,1,2,-52,0,750,9407,140,100,2,0,0
2332,3,1,512,0,514,25,15,7,1,1,-76,2,1849,17467,155,100,2,0,0
2331,26,16,1280,0,500,13,5,7,1,4,-95,2,822,8537,138,100,1,0,0
2329,23,18,1280,0,576,14,16,7,1,3,-52,2,1058,10247,140,100,1,0,0
2331,24,23,1536,0,10,3,4,7,1,2,-52,0,307,7134,7,100,1,0,0
2332,31,26,1536,0,511,12,5,5,1,2,-52,0,289,4480,136,100,1,0,0
2331,29,23,1536,10,219,4,6,7,3,1,-70,0,463,4314,75,100,1,1,6
2332,14,10,1024,10,323,5,5,7,1,1,-70,0,607,6415,92,100,1,0,0
2334,4,1,512,10,506,25,11,7,2,1,-61,10,6009,33855,156,100,2,0,0
2332,18,8,1024,0,537,13,53,7,2,1,-95,10,1913,20449,149,100,1,0,0
2333,28,22,1536,0,592,13,3,7,1,2,-70,1,530,7561,148,100,1,0,0
2335,7,3,768,0,546,17,3,7,1,2,-70,1,647,8857,146,100,1,0,0
2332,19,18,1280,0,594,15,20,7,1,3,-52,1,1082,35343,147,100,2,0,0
2332,22,18,1280,10,626,11,5,7,6,1,-70,2,1778,31254,137,100,2,1,6
2331,25,19,1536,0,677,17,11,7,10,4,-70,0,978,11176,144,100,3,1,6
2335,20,16,1280,0,607,11,16,7,1,3,-70,0,1038,11744,131,100,3,0,0
2335,9,4,768,0,559,16,17,7,1,1,-52,0,715,9946,152,100,1,0,0
2335,15,10,1024,0,479,9,18,7,1,1,-52,1,767,7937,101,100,1,0,0
2337,11,5,768,0,556,19,2,7,1,1,-70,0,644,11841,148,100,2,0,0
2335,30,26,1536,0,281,4,4,7,1,2,-70,0,309,6856,85,100,1,0,0
2332,17,18,1280,0,569,11,9,7,1,1,-52,0,796,7179,137,100,1,0,0
2337,16,10,1024,0,453,13,9,7,1,1,-70,4,1223,11740,139,100,1,0,0
2338,2,4,768,0,539,15,3,5,1,1,-95,0,606,10142,147,100,1,0,0
2337,3,1,512,10,517,25,15,7,1,1,-76,2,848,9008,155,100,1,0,0
2337,21,15,1280,0,496,11,11,7,1,3,-70,0,573,8328,125,100,2,0,0
2336,23,18,1280,0,579,14,16,7,1,3,-52,2,1360,16986,140,100,1,0,0
2338,13,7,1024,0,577,13,12,7,1,1,-70,0,729,8220,125,100,2,0,0
2338,8,4,768,50,540,17,25,7,1,2,-70,10,4362,27998,151,100,2,0,0
2340,5,1,512,20,515,26,5,7,1,1,-76,10,4160,27292,156,100,2,0,0
2336,12,8,1024,0,590,13,6,7,1,1,-70,0,605,8423,141,100,1,0,0
2340,1,0,256,0,45,0,0,3,0,0,0,10,2989,27612,3952,100,2,0,0
2339,27,22,1536,0,622,14,4,5,8,3,-52,0,856,11100,139,100,2,1,6
2340,10,5,768,20,526,17,11,7,1,2,-52,8,4030,26676,141,100,2,0,0
2338,18,8,1024,10,537,13,53,7,2,1,-95,10,2257,24156,150,100,1,0,0
2337,17,18,1280,0,569,11,9,7,1,1,-52,0,263,4113,137,100,1,0,0
2338,26,16,1280,10,500,13,5,7,1,4,-95,2,1080,11738,139,100,2,0,0
2339,29,23,1536,0,222,4,6,7,5,1,-70,0,696,7810,75,100,2,1,6
2339,28,22,1536,10,593,13,3,7,1,2,-70,1,287,7220,148,100,1,0,0
2340,20,16,1280,0,608,11,16,7,1,3,-70,0,373,4678,131,100,1,0,0
2342,9,4,768,0,561,16,17,7,1,1,-52,0,499,8462,152,100,1,0,0
2343,4,1,512,0,510,25,11,7,2,1,-61,10,4742,25718,156,100,2,0,0
2343,11,5,768,0,558,19,2,7,1,1,-70,0,584,7334,149,100,1,0,0
2343,2,4,768,0,539,15,3,5,1,1,-95,0,382,6651,147,100,2,0,0
2341,24,23,1536,0,10,3,4,7,1,2,-52,0,581,10667,8,100,3,0,0
2344,6,5,768,0,513,18,5,5,1,2,-52,0,937,11485,141,100,2,0,0
2341,19,18,1280,0,597,15,20,7,1,3,-52,1,1172,33039,147,100,1,0,0
2342,31,26,1536,0,516,12,5,5,1,2,-52,0,1023,10334,137,100,2,0,0
2343,14,10,1024,0,328,5,5,7,1,1,-70,0,1046,11555,93,100,2,0,0
2345,3,1,512,0,520,25,15,7,1,1,-76,2,1383,13447,156,100,2,0,0
2344,27,22,1536,0,624,14,4,5,8,3,-52,0,662,7139,139,100,2,1,6
2346,10,5,768,30,527,17,11,7,1,2,-52,8,1559,11157,141,100,1,0,0
2343,21,15,1280,0,498,11,11,7,1,3,-70,0,502,6233,125,100,1,0,0
2345,7,3,768,0,550,17,3,7,1,2,-70,1,1437,18840,147,100,2,0,0
2342,12,8,1024,0,592,13,6,7,1,1,-70,0,500,6358,141,100,1,0,0
2346,15,10,1024,0,483,9,18,7,1,1,-52,1,1573,15371,102,100,2,0,0
2342,25,19,1536,0,682,17,11,7,10,4,-70,0,1087,10820,145,100,3,1,6
2348,16,10,1024,20,457,13,9,7,1,1,-70,4,2185,17430,140,100,2,0,0
2344,22,18,1280,0,632,11,5,7,6,1,-70,2,2461,42693,138,100,4,1,6
2347,8,4,768,30,545,17,25,7,2,2,-70,10,4262,26384,152,100,2,0,0
2344,23,18,1280,0,580,14,16,7,1,3,-52,2,1355,24915,141,100,2,0,0
2347,20,16,1280,0,611,11,16,7,1,3,-70,0,689,7531,132,100,1,0,0
2345,28,22,1536,0,593,13,3,7,1,2,-70,1,600,9786,149,100,2,0,0
2347,24,23,1536,0,10,3,4,7,1,2,-52,0,381,5803,8,100,2,0,0
2348,30,26,1536,0,283,4,4,7,1,2,-70,0,821,10927,86,100,3,0,0
2347,17,18,1280,0,573,11,9,7,1,1,-52,0,916,10061,138,100,2,0,0
2349,1,0,256,0,45,0,0,3,0,0,0,10,2715,24197,3975,100,2,0,0
2348,31,26,1536,0,519,12,5,5,1,2,-52,0,610,5868,137,100,1,0,0
2349,26,16,1280,0,501,13,5,7,1,4,-95,2,1698,17295,139,100,2,0,0
2348,12,8,1024,0,595,13,6,7,1,1,-70,0,663,5753,142,100,1,0,0
2349,29,23,1536,0,226,4,6,7,7,1,-70,0,1110,11213,76,100,3,1,6
2349,3,1,512,0,522,25,15,7,1,1,-76,2,670,7832,156,100,0,0,0
2350,13,7,1024,0,578,13,12,7,1,1,-70,0,619,10890,126,100,2,0,0
2351,5,1,512,10,517,26,5,7,1,1,-76,10,4586,31295,156,100,2,0,0
2350,18,8,1024,0,539,13,53,7,2,1,-95,10,4795,49438,150,100,3,0,0
2351,9,4,768,0,563,16,17,7,1,1,-52,0,728,10873,153,100,2,0,0
2349,28,22,1536,0,593,13,3,7,1,2,-70,1,166,4973,149,100,0,0,0
2352,11,5,768,0,561,19,2,7,1,1,-70,0,727,10755,149,100,2,0,0
2350,19,18,1280,0,600,15,20,7,1,3,-52,1,1171,30736,148,100,2,0,0
2352,6,5,768,0,515,18,5,5,1,2,-52,0,676,7575,142,100,2,0,0
2352,4,1,512,10,511,25,11,7,2,1,-61,10,5495,31956,157,100,1,0,0
2351,27,22,1536,0,628,14,4,5,8,3,-52,0,946,10554,140,100,4,1,6
2352,2,4,768,0,543,15,3,5,1,1,-95,0,844,11430,148,100,1,0,0
2352,30,26,1536,0,284,4,4,7,1,2,-70,0,369,4548,86,100,1,0,0
2350,25,19,1536,0,686,17,11,7,10,4,-70,0,737,7578,145,100,2,1,6
2352,12,8,1024,0,596,13,6,7,1,1,-70,0,369,4361,142,100,1,0,0
2354,8,4,768,0,547,17,25,7,2,2,-70,10,3164,17415,152,100,2,0,0
2353,15,10,1024,0,485,9,19,7,1,1,-52,1,764,8313,102,100,3,0,0
2355,10,5,768,20,527,17,11,7,1,2,-52,8,2873,20125,142,100,2,0,0
2353,22,18,1280,0,636,11,5,7,6,1,-70,2,2021,35479,139,100,3,1,6
2353,23,18,1280,10,581,14,16,7,1,3,-52,2,1465,32219,141,100,2,0,0
2354,16,10,1024,20,458,13,9,7,1,1,-70,4,1570,11555,141,100,1,0,0
2353,24,23,1536,10,10,3,4,7,1,2,-52,0,339,6034,9,100,1,0,0
2352,31,26,1536,0,519,12,5,5,1,2,-52,0,263,3711,137,100,1,0,0
2354,17,18,1280,0,574,11,9,7,1,1,-52,0,419,7125,138,100,1,0,0
2353,20,16,1280,0,613,11,16,7,1,3,-70,0,586,6032,132,100,1,0,0
2355,7,3,768,0,552,17,3,7,1,2,-70,1,1082,15634,148,100,2,0,0
2354,14,10,1024,10,332,5,5,7,1,1,-70,0,860,10890,93,100,2,0,0
2357,5,1,512,20,519,26,5,7,1,1,-76,10,3018,19153,157,100,1,0,0
2355,21,15,1280,0,500,11,12,7,1,3,-70,0,755,11171,126,100,3,0,0
2355,25,19,1536,0,687,17,11,7,10,4,-70,0,512,5511,146,100,2,1,6
2357,27,22,1536,0,632,14,4,5,8,3,-52,0,734,8370,140,100,2,1,6
2359,6,5,768,0,518,18,5,5,1,2,-52,0,605,6361,142,100,1,0,0
2357,28,22,1536,0,595,13,3,7,1,2,-70,1,706,9622,150,100,2,0,0
2359,11,5,768,0,563,19,2,7,1,1,-70,0,608,8769,150,100,1,0,0
2356,26,16,1280,0,503,13,5,7,1,4,-95,2,1329,12290,140,100,1,0,0
2360,13,7,1024,0,580,13,12,7,1,1,-70,0,703,9967,127,100,2,0,0
2360,2,4,768,0,544,15,3,5,1,1,-95,0,513,9542,148,100,2,0,0
2358,20,16,1280,0,616,11,16,7,1,3,-70,0,735,5875,132,100,1,0,0
2358,22,18,1280,0,638,11,5,7,6,1,-70,2,1253,20621,139,100,1,1,6
2358,29,23,1536,0,230,4,6,7,9,1,-70,0,1040,10388,77,100,4,1,6
2358,15,10,1024,0,486,9,19,7,1,1,-52,1,639,6733,102,100,1,0,0
2361,1,0,256,0,45,0,0,3,0,0,0,10,3212,29569,3997,100,2,0,0
2358,30,26,1536,10,286,4,4,7,1,2,-70,0,448,6072,87,100,1,0,0
2361,18,8,1024,0,542,13,53,7,2,1,-95,10,4364,42845,151,100,1,0,0
2360,31,26,1536,0,520,12,5,5,1,2,-52,0,660,7430,138,100,1,0,0
2361,3,1,512,0,524,25,15,7,1,1,-76,2,1689,19212,157,100,2,0,0
2363,9,4,768,0,563,16,17,7,1,1,-52,0,431,12848,153,100,2,0,0
2362,4,1,512,10,512,25,11,7,2,1,-61,10,4730,31377,157,100,2,0,0
2361,19,18,1280,0,601,15,20,7,1,3,-52,1,1287,39379,149,100,2,0,0
2363,5,1,512,10,521,26,5,7,1,1,-76,10,2616,16104,157,100,1,0,0
2362,7,3,768,0,553,17,3,7,1,2,-70,1,754,10415,148,100,1,0,0
2364,10,5,768,0,531,17,11,7,1,2,-52,8,3524,21326,142,100,2,0,0
2362,14,10,1024,10,334,5,5,7,1,1,-70,0,581,7833,94,100,1,0,0
2362,17,18,1280,0,576,11,9,7,1,1,-52,0,678,8094,139,100,2,0,0
2365,13,7,1024,0,581,13,12,7,1,1,-70,0,394,4641,127,100,1,0,0
2362,25,19,1536,0,690,17,11,7,10,4,-70,0,676,6897,146,100,1,1,6
2364,22,18,1280,0,640,11,5,7,6,1,-70,2,882,18238,139,100,2,1,6
2366,1,0,256,0,45,0,0,3,0,0,0,10,1313,11858,4007,100,1,0,0
2366,8,4,768,0,548,17,25,7,2,2,-70,10,4173,30007,153,100,3,0,0
2366,16,10,1024,10,459,13,9,7,1,1,-70,4,2232,19838,141,100,2,0,0
2366,12,8,1024,0,599,13,6,7,1,1,-70,0,832,11596,143,100,2,0,0
2365,30,26,1536,10,288,4,4,7,1,2,-70,0,500,6641,87,100,1,0,0
2364,23,18,1280,10,584,14,16,7,1,3,-52,2,1765,41357,142,100,2,0,0
2367,2,4,768,0,547,15,3,5,1,1,-95,0,689,8356,149,100,1,0,0
2365,24,23,1536,10,11,3,4,7,1,2,-52,0,713,11324,10,100,3,0,0
2368,11,5,768,0,570,19,2,7,1,1,-70,0,1155,11670,150,100,2,0,0
2367,3,1,512,0,525,25,15,7,1,1,-76,2,763,8665,157,100,1,0,0
2367,27,22,1536,0,638,14,4,5,8,3,-52,0,1160,11857,141,100,4,1,6
2368,4,1,512,10,513,25,11,7,2,1,-61,10,3342,20111,158,100,1,0,0
2368,18,8,1024,30,544,13,53,7,2,1,-95,10,2763,31449,152,100,2,0,0
2366,21,15,1280,0,504,11,12,7,1,3,-70,0,942,11234,127,100,2,0,0
2366,28,22,1536,10,598,13,3,7,1,2,-70,1,729,11513,150,100,2,0,0
2369,6,5,768,0,520,18,5,5,1,2,-52,0,699,9766,143,100,2,0,0
2366,25,19,1536,0,691,17,11,7,10,4,-70,0,422,4189,147,100,2,1,6
2369,26,16,1280,10,505,13,5,7,1,4,-95,2,1723,18945,141,100,2,0,0
2368,7,3,768,20,556,17,3,7,1,2,-70,1,766,8892,149,100,1,0,0
2369,22,18,1280,0,642,11,5,7,6,1,-70,2,1162,18383,140,100,1,1,6
2369,29,23,1536,0,235,4,6,7,10,1,-70,0,1089,11091,77,100,3,1,6
2371,8,4,768,0,550,17,25,7,2,2,-70,10,2590,15611,153,100,2,0,0
2369,15,10,1024,0,487,9,19,7,1,1,-52,1,1149,14027,103,100,2,0,0
2370,23,18,1280,0,584,14,16,7,1,3,-52,2,673,19395,142,100,0,0,0
2372,12,8,1024,0,600,13,6,7,1,1,-70,0,394,6108,143,100,1,0,0
2371,20,16,1280,0,619,11,16,7,1,3,-70,0,810,11191,133,100,2,0,0
2373,2,4,768,0,548,15,3,5,1,1,-95,0,391,6795,149,100,1,0,0
2370,14,10,1024,0,335,5,5,7,1,1,-70,0,514,7361,94,100,2,0,0
2372,19,18,1280,0,604,15,20,7,1,3,-52,1,1394,35532,149,100,2,0,0
2373,1,0,256,0,45,0,0,3,0,0,0,10,2197,19571,4022,100,2,0,0
2371,31,26,1536,0,524,12,5,5,1,2,-52,0,940,11483,139,100,2,0,0
2372,27,22,1536,0,639,14,4,5,8,3,-52,0,462,6820,141,100,1,1,6
2373,3,1,512,10,528,25,15,7,1,1,-76,2,1354,11222,158,100,2,0,0
2374,9,4,768,0,569,16,17,7,1,1,-52,0,1181,14939,154,100,2,0,0
2373,10,5,768,10,535,17,11,7,1,2,-52,8,3229,21761,143,100,1,0,0
2372,7,3,768,10,557,17,3,7,1,2,-70,1,764,8159,149,100,1,0,0
2372,25,19,1536,0,693,17,11,7,10,4,-70,0,667,5666,147,100,2,1,6
2374,26,16,1280,0,508,13,5,7,1,4,-95,2,1126,9270,141,100,1,0,0
2374,5,1,512,20,527,26,5,7,1,1,-76,10,4828,30745,158,100,2,0,0
2374,18,8,1024,0,546,13,53,7,2,1,-95,10,2792,25228,152,100,1,0,0
2374,13,7,1024,0,585,13,12,7,1,1,-70,0,819,10655,128,100,1,0,0
2375,8,4,768,20,552,17,25,7,2,2,-70,10,1929,12136,154,100,0,0,0
2374,4,1,512,10,514,25,11,7,2,1,-61,10,3811,22318,158,100,2,0,0
2374,17,18,1280,10,580,11,9,7,1,1,-52,0,916,11144,140,100,2,0,0
2377,11,5,768,0,572,19,2,7,1,1,-70,0,731,10757,151,100,2,0,0
2376,16,10,1024,0,461,13,9,7,1,1,-70,4,2294,18750,142,100,2,0,0
2375,21,15,1280,0,506,11,12,7,1,3,-70,0,857,8489,128,100,2,0,0
2376,29,23,1536,0,239,4,6,7,10,1,-70,0,826,6590,78,100,3,1,6
2376,30,26,1536,10,290,4,4,7,1,2,-70,0,898,10632,88,100,2,0,0
2378,2,4,768,0,550,15,3,5,1,1,-95,0,474,6321,149,100,1,0,0
2377,23,18,1280,10,586,14,16,7,1,3,-52,2,1218,27265,143,100,2,0,0
2377,28,22,1536,0,602,13,3,7,1,2,-70,1,971,13426,151,100,2,0,0
2379,6,5,768,10,522,18,5,5,1,2,-52,0,643,9407,143,100,2,0,0
2377,24,23,1536,0,11,3,4,7,1,2,-52,0,622,11216,10,100,3,0,0
2378,22,18,1280,0,645,11,5,7,6,1,-70,2,1593,32388,140,100,3,1,6
2379,14,10,1024,0,338,5,5,7,1,1,-70,0,808,9511,95,100,2,0,0
2381,20,16,1280,0,621,11,16,7,1,3,-70,0,704,9864,134,100,2,0,0
2380,27,22,1536,0,643,14,4,5,8,3,-52,0,783,9177,142,100,3,1,6
2382,10,5,768,10,537,17,11,7,1,2,-52,8,2341,17560,143,100,2,0,0
2381,3,1,512,0,528,25,15,7,1,1,-76,2,762,11259,158,100,1,0,0
2381,12,8,1024,0,603,13,6,7,1,1,-70,0,809,9473,144,100,2,0,0
2381,15,10,1024,0,491,9,19,7,1,1,-52,1,1363,15247,104,100,2,0,0
2382,9,4,768,0,570,16,17,7,1,1,-52,0,599,9561,155,100,2,0,0
2380,19,18,1280,0,606,15,20,7,1,3,-52,1,1027,31180,150,100,1,0,0
2379,25,19,1536,0,696,17,11,7,10,4,-70,0,628,7079,147,100,2,1,6
2381,26,16,1280,0,510,13,5,7,1,4,-95,2,1031,11455,141,100,2,0,0
2383,1,0,256,0,45,0,0,3,0,0,0,10,2816,25929,4041,100,2,0,0
2383,2,4,768,0,552,15,3,5,1,1,-95,0,582,7025,150,100,1,0,0
2382,16,10,1024,10,462,13,9,7,1,1,-70,4,1266,10609,142,100,1,0,0
2381,31,26,1536,0,525,12,5,5,1,2,-52,0,540,9119,139,100,2,0,0
2382,7,3,768,0,558,17,3,7,1,2,-70,1,974,14462,150,100,2,0,0
2384,18,8,1024,0,549,13,53,7,1,1,-95,10,3745,40176,153,100,3,0,0
2385,8,4,768,10,557,17,25,7,2,2,-70,10,3864,22822,154,100,2,0,0
2384,13,7,1024,0,587,13,12,7,1,1,-70,0,647,9599,128,100,2,0,0
2385,23,18,1280,0,588,14,16,7,1,3,-52,2,1118,25419,143,100,1,0,0
2384,11,5,768,0,574,19,2,7,1,1,-70,0,580,10290,152,100,1,0,0
2386,12,8,1024,10,605,13,6,7,1,1,-70,0,369,4184,144,100,1,0,0
2385,17,18,1280,0,582,11,9,7,1,1,-52,0,649,9729,140,100,2,0,0
2386,5,1,512,30,529,26,5,7,1,1,-76,10,4409,29774,159,100,2,0,0
2384,21,15,1280,0,509,11,12,7,1,3,-70,0,633,7753,128,100,1,0,0
2383,30,26,1536,0,290,4,4,7,1,2,-70,0,287,7054,88,100,1,0,0
2387,4,1,512,0,515,25,11,7,2,1,-61,10,5551,35426,159,100,2,0,0
2385,6,5,768,0,524,18,5,5,1,2,-52,0,579,6916,144,100,1,0,0
2385,10,5,768,20,539,17,11,7,1,2,-52,8,2008,11839,144,100,1,0,0
2385,20,16,1280,10,623,11,16,7,1,3,-70,0,395,4600,134,100,1,0,0
2385,24,23,1536,10,11,3,4,7,1,2,-52,0,365,8225,11,100,1,0,0
2387,29,23,1536,0,245,4,6,7,10,1,-70,0,1231,10622,78,100,4,1,6
2389,1,0,256,0,45,0,0,3,0,0,0,10,1570,14215,4054,100,1,0,0
2386,15,10,1024,0,492,9,19,7,1,1,-52,1,695,6817,104,100,1,0,0
2389,19,18,1280,0,609,15,20,7,1,3,-52,1,1264,31331,151,100,2,0,0
2389,22,18,1280,0,648,11,5,7,6,1,-70,2,1949,40745,141,100,4,1,6
2391,9,4,768,0,571,16,17,7,1,1,-52,0,416,9792,155,100,1,0,0
2388,7,3,768,10,558,17,3,7,1,2,-70,1,673,9707,150,100,1,0,0
2388,14,10,1024,10,341,5,5,7,1,1,-70,0,579,8447,96,100,1,0,0
2390,30,26,1536,0,292,4,4,7,1,2,-70,0,555,5976,89,100,1,0,0
2390,27,22,1536,10,648,14,4,5,8,3,-52,0,1004,11778,142,100,3,1,6
2390,23,18,1280,20,589,14,16,7,1,3,-52,2,944,21784,144,100,1,0,0
2392,8,4,768,0,557,17,25,7,2,2,-70,10,2807,17166,155,100,1,0,0
2391,18,8,1024,40,551,13,53,7,1,1,-95,10,2906,29983,153,100,2,0,0
2392,3,1,512,0,532,25,15,7,1,1,-76,2,1921,18405,159,100,2,0,0
2392,4,1,512,0,516,25,11,7,2,1,-61,10,2803,17762,159,100,1,0,0
2388,25,19,1536,0,698,17,11,7,10,4,-70,0,740,8965,148,100,3,1,6
2392,16,10,1024,0,462,13,9,7,1,1,-70,4,1784,15580,143,100,2,0,0
2393,12,8,1024,0,608,13,6,7,1,1,-70,0,715,7484,144,100,1,0,0
2391,15,10,1024,0,494,9,19,7,1,1,-52,1,790,7741,105,100,1,0,0
2390,28,22,1536,0,605,13,3,7,1,2,-70,1,932,15139,152,100,2,0,0
2392,13,7,1024,0,588,13,12,7,1,1,-70,0,571,7492,129,100,2,0,0
2394,5,1,512,20,534,26,5,7,1,1,-76,10,3314,20068,159,100,2,0,0
2391,17,18,1280,0,582,11,9,7,1,1,-52,0,343,5621,141,100,1,0,0
2393,2,4,768,0,556,15,3,5,1,1,-95,0,857,12118,150,100,2,0,0
2392,31,26,1536,0,527,12,5,5,1,2,-52,0,702,9978,140,100,2,0,0
2393,21,15,1280,0,512,11,12,7,1,3,-70,0,810,8916,129,100,2,0,0
2394,26,16,1280,0,514,13,5,7,1,4,-95,2,2220,20070,142,100,2,0,0
2395,10,5,768,10,541,17,11,7,1,2,-52,8,2914,19277,144,100,1,0,0
2394,19,18,1280,0,610,15,20,7,1,3,-52,1,676,17702,151,100,1,0,0
2394,25,19,1536,0,699,17,11,7,10,4,-70,0,462,4435,148,100,1,1,6
2395,24,23,1536,0,11,3,4,7,1,2,-52,0,430,8009,11,100,2,0,0
2396,11,5,768,0,577,19,2,7,1,1,-70,0,780,13045,152,100,2,0,0
2396,23,18,1280,0,590,14,16,7,1,3,-52,2,956,22369,144,100,1,0,0
2395,20,16,1280,0,627,11,16,7,1,3,-70,0,898,9220,135,100,2,0,0
2395,7,3,768,0,560,17,3,7,1,2,-70,1,819,10623,150,100,1,0,0
2396,16,10,1024,20,464,13,9,7,1,1,-70,4,1129,7876,143,100,1,0,0
2398,6,5,768,0,529,18,5,5,1,2,-52,0,1044,11966,145,100,2,0,0
2399,2,4,768,0,559,15,3,5,1,1,-95,0,690,7143,151,100,1,0,0
2399,9,4,768,0,574,16,17,7,1,1,-52,0,835,10701,156,100,2,0,0
2398,29,23,1536,0,248,4,6,7,10,1,-70,0,894,10702,79,100,3,1,6
2399,1,0,256,0,45,0,0,3,0,0,0,10,2909,27159,4076,100,1,0,0
2399,17,18,1280,0,582,11,9,7,1,1,-52,0,311,7180,141,100,1,0,0
2400,8,4,768,0,558,17,25,7,2,2,-70,10,3265,19149,155,100,2,0,0
2399,25,19,1536,0,701,17,11,7,10,4,-70,0,530,4517,149,100,2,1,6
2399,31,26,1536,0,530,12,5,5,1,2,-52,0,730,6452,141,100,1,0,0
2399,21,15,1280,0,512,11,12,7,1,3,-70,0,288,5361,129,100,1,0,0
2400,22,18,1280,0,655,11,5,7,6,1,-70,2,2409,41955,142,100,4,1,6
2401,18,8,1024,10,554,13,53,7,1,1,-95,10,3800,40689,154,100,2,0,0
2402,11,5,768,0,579,19,2,7,1,1,-70,0,584,7097,153,100,1,0,0
2401,28,22,1536,0,610,13,3,7,1,2,-70,1,1094,14078,153,100,2,0,0
2401,30,26,1536,0,293,4,4,7,1,2,-70,0,607,9165,89,100,2,0,0
2400,13,7,1024,10,592,13,12,7,1,1,-70,0,632,8239,129,100,1,0,0
2402,12,8,1024,0,611,13,6,7,1,1,-70,0,808,9140,145,100,2,0,0
2402,27,22,1536,10,654,14,4,5,8,3,-52,0,1283,15457,143,100,3,1,6
2400,14,10,1024,0,342,5,5,7,1,1,-70,0,669,10662,96,100,2,0,0
2401,26,16,1280,0,516,13,5,7,1,4,-95,2,1434,13041,143,100,1,0,0
2403,3,1,512,0,534,25,15,7,1,1,-76,2,1552,17614,160,100,2,0,0
2402,7,3,768,0,560,17,3,7,1,2,-70,1,721,10071,151,100,1,0,0
2404,4,1,512,10,518,25,11,7,2,1,-61,10,5859,36636,160,100,2,0,0
2403,17,18,1280,20,583,11,9,7,1,1,-52,0,263,4061,141,100,1,0,0
2405,5,1,512,30,540,26,5,7,1,1,-76,10,4774,29733,160,100,2,0,0
2405,9,4,768,0,574,16,17,7,1,1,-52,0,286,7054,156,100,1,0,0
2403,10,5,768,30,544,17,11,7,1,2,-52,8,2941,19708,145,100,2,0,0
2402,15,10,1024,0,496,9,19,7,1,1,-52,1,1127,12926,105,100,2,0,0
2403,20,16,1280,10,632,11,16,7,1,3,-70,0,944,8250,135,100,2,0,0
2405,23,18,1280,0,592,14,16,7,1,3,-52,2,1295,36100,144,100,2,0,0
2404,6,5,768,0,530,18,5,5,1,2,-52,0,490,6333,145,100,2,0,0
2405,22,18,1280,0,657,11,5,7,6,1,-70,2,1168,17394,142,100,2,1,6
2405,19,18,1280,0,612,15,20,7,1,3,-52,1,1539,41067,152,100,2,0,0
2404,16,10,1024,10,466,13,9,7,1,1,-70,4,1984,14736,144,100,1,0,0
2406,30,26,1536,0,296,4,4,7,1,2,-70,0,662,5755,90,100,1,0,0
2406,24,23,1536,0,11,3,4,7,1,2,-52,0,485,10013,12,100,2,0,0
2406,26,16,1280,20,517,13,5,7,1,4,-95,2,815,8438,143,100,1,0,0
2407,12,8,1024,20,612,13,6,7,1,1,-70,0,262,4642,145,100,1,0,0
2408,4,1,512,0,519,25,11,7,2,1,-61,10,1979,13257,161,100,0,0,0
2406,31,26,1536,0,530,12,5,5,1,2,-52,0,311,7087,141,100,1,0,0
2408,1,0,256,0,45,0,0,3,0,0,0,10,2507,23420,4092,100,2,0,0
2408,25,19,1536,0,707,17,11,7,10,4,-70,0,1009,9115,149,100,3,1,6
2408,27,22,1536,0,656,14,4,5,8,3,-52,0,522,8025,143,100,2,1,6
2410,18,8,1024,0,555,13,53,7,1,1,-95,10,3187,34311,154,100,1,0,0
2408,14,10,1024,10,343,5,5,7,1,1,-70,0,463,7721,97,100,2,0,0
2410,2,4,768,0,561,15,3,5,1,1,-95,0,667,13706,151,100,2,0,0
2411,10,5,768,0,546,17,11,7,1,2,-52,8,2424,16119,146,100,1,0,0
2410,28,22,1536,0,613,13,3,7,1,2,-70,1,662,9962,153,100,1,0,0
2410,29,23,1536,0,254,4,6,7,10,1,-70,0,1315,12172,80,100,4,1,6
2412,11,5,768,0,582,19,2,7,1,1,-70,0,751,11971,153,100,2,0,0
2409,13,7,1024,0,594,13,12,7,1,1,-70,0,810,9300,130,100,2,0,0
2412,8,4,768,0,559,17,25,7,2,2,-70,10,4656,28900,156,100,2,0,0
2413,30,26,1536,0,298,4,4,7,1,2,-70,0,499,6710,90,100,1,0,0
2411,21,15,1280,10,516,11,12,7,1,3,-70,0,859,11763,130,100,2,0,0
2412,6,5,768,0,533,18,5,5,1,2,-52,0,685,8011,146,100,1,0,0
2412,20,16,1280,10,636,11,16,7,1,3,-70,0,811,9035,136,100,2,0,0
2414,3,1,512,0,536,25,15,7,1,1,-76,2,1264,16168,160,100,2,0,0
2414,12,8,1024,10,615,13,6,7,1,1,-70,0,581,6667,146,100,1,0,0
2414,5,1,512,50,542,26,5,7,1,1,-76,10,4159,25702,161,100,2,0,0
2413,19,18,1280,0,613,15,20,7,1,3,-52,1,874,27833,152,100,1,0,0
2414,7,3,768,10,563,17,3,7,1,2,-70,1,1321,16319,152,100,3,0,0
2414,24,23,1536,0,11,3,4,7,1,2,-52,0,462,7964,13,100,2,0,0
2413,16,10,1024,0,469,13,9,7,1,1,-70,4,2222,17332,144,100,2,0,0
2415,17,18,1280,0,587,11,9,7,1,1,-52,0,1048,12155,142,100,2,0,0
2414,14,10,1024,10,344,5,5,7,1,1,-70,0,476,4290,97,100,1,0,0
2415,15,10,1024,0,500,9,19,7,1,1,-52,1,1517,15964,106,100,2,0,0
2415,22,18,1280,0,662,11,5,7,6,1,-70,2,2190,37345,143,100,3,1,6
2417,9,4,768,0,577,16,17,7,1,1,-52,0,835,14594,157,100,2,0,0
2416,26,16,1280,0,521,13,5,7,1,4,-95,2,1654,14612,144,100,2,0,0
2416,28,22,1536,0,616,13,3,7,1,2,-70,1,608,7775,153,100,1,0,0
2416,23,18,1280,10,597,14,16,7,1,3,-52,2,2007,42740,145,100,2,0,0
2418,31,26,1536,0,532,12,5,5,1,2,-52,0,726,10194,142,100,2,0,0
2418,4,1,512,10,520,25,11,7,2,1,-61,10,5014,32991,161,100,2,0,0
2417,19,18,1280,10,615,15,20,7,1,3,-52,1,647,14400,153,100,1,0,0
2418,29,23,1536,0,256,4,6,7,10,1,-70,0,664,7655,81,100,3,1,6
2419,2,4,768,0,563,15,3,5,1,1,-95,0,704,10109,152,100,2,0,0
2418,21,15,1280,0,516,11,12,7,1,3,-70,0,397,6293,130,100,1,0,0
2416,25,19,1536,0,711,17,11,7,10,4,-70,0,973,9709,150,100,4,1,6
2420,30,26,1536,0,301,4,4,7,1,2,-70,0,783,7426,91,100,2,0,0
2420,1,0,256,0,45,0,0,3,0,0,0,10,3048,28823,4114,100,2,0,0
2419,6,5,768,0,537,18,5,5,1,2,-52,0,736,7080,146,100,1,0,0
2418,27,22,1536,0,663,14,4,5,8,3,-52,0,1292,12929,144,100,4,1,6
2420,18,8,1024,10,556,13,53,7,1,1,-95,10,4458,42942,155,100,2,0,0
2421,8,4,768,20,564,17,25,7,1,2,-70,10,3881,22550,156,100,2,0,0
2421,5,1,512,10,544,26,5,7,1,1,-76,10,3038,21952,161,100,1,0,0
2420,24,23,1536,0,12,3,4,7,1,2,-52,0,391,5342,13,100,1,0,0
2422,10,5,768,0,548,17,11,7,1,2,-52,8,3721,26221,146,100,2,0,0
2422,20,16,1280,0,640,11,16,7,1,3,-70,0,872,9948,136,100,1,0,0
2423,3,1,512,0,539,25,15,7,1,1,-76,2,1338,15319,161,100,1,0,0
2422,11,5,768,10,585,19,2,7,1,1,-70,0,753,13832,154,100,2,0,0
2421,13,7,1024,0,598,13,12,7,1,1,-70,0,940,11663,131,100,2,0,0
2423,12,8,1024,0,615,13,6,7,1,1,-70,0,515,8086,146,100,2,0,0
2424,9,4,768,0,579,16,17,7,1,1,-52,0,524,8101,157,100,1,0,0
2424,14,10,1024,0,347,5,5,7,1,1,-70,0,705,9298,98,100,2,0,0
2424,4,1,512,10,521,25,11,7,2,1,-61,10,2744,15748,162,100,1,0,0
2424,2,4,768,0,564,15,3,5,1,1,-95,0,271,5867,152,100,0,0,0
2422,25,19,1536,0,713,17,11,7,10,4,-70,0,563,5717,150,100,2,1,6
2424,7,3,768,0,565,17,3,7,1,2,-70,1,1132,16503,152,100,1,0,0
2424,15,10,1024,10,505,9,19,7,1,1,-52,1,1268,12898,107,100,1,0,0
2424,22,18,1280,0,664,11,5,7,6,1,-70,2,1584,31925,143,100,2,1,6
2424,23,18,1280,10,599,14,16,7,1,3,-52,2,1391,31638,146,100,1,0,0
2425,17,18,1280,0,590,11,9,7,1,1,-52,0,835,10194,143,100,2,0,0
2425,16,10,1024,0,471,13,9,7,1,1,-70,4,2302,20411,145,100,2,0,0
2426,26,16,1280,0,527,13,5,7,1,4,-95,2,2067,18062,144,100,2,0,0
2426,8,4,768,10,565,17,25,7,1,2,-70,10,2015,13097,157,100,2,0,0
2426,6,5,768,0,538,18,5,5,1,2,-52,0,544,6732,147,100,2,0,0
2427,12,8,1024,0,615,13,6,7,1,1,-70,0,221,4003,147,100,0,0,0
2426,24,23,1536,0,12,3,4,7,1,2,-52,0,340,5817,14,100,1,0,0
2428,4,1,512,10,522,25,11,7,2,1,-61,10,2561,13229,162,100,1,0,0
2427,28,22,1536,0,620,13,3,7,1,2,-70,1,968,14651,154,100,2,0,0
2428,30,26,1536,0,304,4,4,7,1,2,-70,0,630,7945,91,100,1,0,0
2429,1,0,256,0,45,0,0,3,0,0,0,10,2653,23404,4134,100,2,0,0
2428,3,1,512,0,540,25,15,7,1,1,-76,2,1057,10376,161,100,2,0,0
2428,29,23,1536,0,258,4,6,7,10,1,-70,0,705,9483,81,100,3,1,6
2428,11,5,768,10,585,19,2,7,1,1,-70,0,394,7026,155,100,1,0,0
2428,31,26,1536,10,536,12,5,5,1,2,-52,0,861,10037,143,100,2,0,0
2428,18,8,1024,10,557,13,53,7,1,1,-95,10,2852,34853,156,100,1,0,0
2429,21,15,1280,10,520,11,12,7,1,3,-70,0,919,10711,131,100,2,0,0
2429,27,22,1536,0,666,14,4,5,8,3,-52,0,871,12770,145,100,3,1,6
2430,7,3,768,10,565,17,3,7,1,2,-70,1,486,8419,153,100,1,0,0
2428,19,18,1280,0,618,15,20,7,1,3,-52,1,1463,40326,153,100,2,0,0
2430,24,23,1536,0,12,3,4,7,1,2,-52,0,260,4052,14,100,1,0,0
2431,5,1,512,20,547,26,5,7,1,1,-76,10,4108,26731,162,100,2,0,0
2431,6,5,768,0,540,18,5,5,1,2,-52,0,498,5368,147,100,1,0,0
2433,9,4,768,0,581,16,17,7,1,1,-52,0,704,11112,158,100,2,0,0
2432,20,16,1280,0,644,11,16,7,1,3,-70,0,917,9913,137,100,2,0,0
2433,14,10,1024,0,348,5,5,7,1,1,-70,0,593,8777,99,100,2,0,0
2430,13,7,1024,10,602,13,12,7,1,1,-70,0,730,9012,131,100,2,0,0
2433,10,5,768,0,551,17,11,7,1,2,-52,8,3538,23744,147,100,2,0,0
2433,23,18,1280,10,601,14,16,7,1,3,-52,2,1508,32443,146,100,2,0,0
2433,17,18,1280,0,591,11,9,7,1,1,-52,0,395,6877,143,100,1,0,0
2433,16,10,1024,10,475,13,9,7,1,1,-70,4,2069,13892,146,100,2,0,0
2433,25,19,1536,0,714,17,11,7,10,4,-70,0,629,9012,151,100,3,1,6
2433,26,16,1280,10,529,13,5,7,1,4,-95,2,1267,11659,145,100,1,0,0
2435,8,4,768,20,569,17,25,7,1,2,-70,10,3714,21268,157,100,2,0,0
2433,15,10,1024,0,508,9,19,7,1,1,-52,1,1221,11513,107,100,2,0,0
2433,19,18,1280,0,619,15,20,7,1,3,-52,1,766,15362,154,100,1,0,0
2435,2,4,768,0,566,15,3,5,1,1,-95,0,848,13693,153,100,3,0,0
2436,1,0,256,0,45,0,0,3,0,0,0,10,1769,17403,4146,100,1,0,0
2434,22,18,1280,10,671,11,5,7,6,1,-70,2,2111,36843,144,100,4,1,6
2435,3,1,512,0,540,25,15,7,1,1,-76,2,949,11869,162,100,1,0,0
2435,21,15,1280,0,522,11,12,7,1,3,-70,0,584,6499,132,100,1,0,0
2436,30,26,1536,0,307,4,4,7,1,2,-70,0,783,8355,92,100,2,0,0
2436,18,8,1024,0,559,13,53,7,1,1,-95,10,3275,31676,156,100,2,0,0
2437,16,10,1024,0,477,13,9,7,1,1,-70,4,983,8190,146,100,0,0,0
2437,12,8,1024,0,621,13,6,7,1,1,-70,0,1073,10253,147,100,2,0,0
2438,14,10,1024,0,349,5,5,7,1,1,-70,0,368,4992,99,100,1,0,0
2437,27,22,1536,0,667,14,4,5,8,3,-52,0,479,9011,145,100,2,1,6
2438,6,5,768,0,541,18,5,5,1,2,-52,0,391,5916,147,100,1,0,0
2438,29,23,1536,0,261,4,6,7,10,1,-70,0,838,9617,82,100,4,1,6
2437,19,18,1280,0,620,15,20,7,1,3,-52,1,685,16954,154,100,1,0,0
2440,26,16,1280,0,531,13,5,7,1,4,-95,2,1003,10720,145,100,1,0,0
2440,9,4,768,0,584,16,17,7,1,1,-52,0,631,8709,158,100,1,0,0
2438,31,26,1536,10,537,12,5,5,1,2,-52,0,597,10937,143,100,2,0,0
2440,4,1,512,10,525,25,11,7,2,1,-61,10,5794,33725,163,100,2,0,0
2440,24,23,1536,0,12,3,4,7,1,2,-52,0,388,8671,15,100,1,0,0
2439,7,3,768,10,567,17,3,7,1,2,-70,1,1197,15549,153,100,2,0,0
2440,28,22,1536,0,622,13,3,7,1,2,-70,1,755,14846,155,100,2,0,0
2441,11,5,768,10,587,19,2,7,1,1,-70,0,729,13691,155,100,2,0,0
2439,25,19,1536,0,719,17,11,7,10,4,-70,0,840,6448,151,100,3,1,6
2440,3,1,512,0,542,25,15,7,1,1,-76,2,688,7378,162,100,1,0,0
2441,17,18,1280,0,592,11,9,7,1,1,-52,0,697,8051,144,100,2,0,0
2440,23,18,1280,0,602,14,16,7,1,3,-52,2,1324,30950,147,100,1,0,0
2442,20,16,1280,0,645,11,16,7,1,3,-70,0,596,9604,138,100,2,0,0
2442,21,15,1280,0,524,11,12,7,1,3,-70,0,599,6517,132,100,2,0,0
2440,22,18,1280,0,674,11,5,7,6,1,-70,2,1397,25886,144,100,2,1,6
2443,18,8,1024,0,560,13,53,7,1,1,-95,10,2803,29986,157,100,1,0,0
2444,5,1,512,20,550,26,5,7,1,1,-76,10,5020,31952,163,100,2,0,0
2442,19,18,1280,10,623,15,21,7,1,3,-52,1,872,17787,154,100,2,0,0
2443,10,5,768,10,555,17,11,7,1,2,-52,8,3774,24008,148,100,2,0,0
2444,8,4,768,0,571,17,25,7,1,2,-70,10,4198,23425,158,100,3,0,0
2443,15,10,1024,0,510,9,19,7,1,1,-52,1,1306,13215,108,100,2,0,0
2442,13,7,1024,0,607,13,12,7,1,1,-70,0,1155,12486,132,100,2,0,0
2444,2,4,768,0,568,15,3,5,1,1,-95,0,743,11904,154,100,1,0,0
2443,7,3,768,0,567,17,3,7,1,2,-70,1,589,7493,154,100,1,0,0
2444,28,22,1536,0,623,13,3,7,1,2,-70,1,371,5337,155,100,1,0,0
2445,1,0,256,0,45,0,0,3,0,0,0,10,2783,24563,4166,100,2,0,0
2444,31,26,1536,0,538,12,5,5,1,2,-52,0,476,6159,144,100,1,0,0
2445,24,23,1536,0,12,3,4,7,1,2,-52,0,260,4229,15,100,1,0,0
2446,14,10,1024,0,351,5,5,7,1,1,-70,0,547,8786,99,100,1,0,0
2446,9,4,768,0,586,16,17,7,1,1,-52,0,583,8578,159,100,1,0,0
2445,29,23,1536,0,265,4,6,7,10,1,-70,0,770,7067,82,100,2,1,6
2446,30,26,1536,0,313,4,4,7,1,2,-70,0,1072,11116,92,100,2,0,0
2446,12,8,1024,0,622,13,6,7,1,1,-70,0,596,9269,148,100,2,0,0
2446,23,18,1280,0,603,14,16,7,1,3,-52,2,978,20564,147,100,1,0,0
2447,6,5,768,0,545,18,5,5,1,2,-52,0,913,9399,148,100,2,0,0
2448,16,10,1024,20,481,13,9,7,1,1,-70,4,2317,17976,147,100,2,0,0
2448,3,1,512,0,543,25,15,7,1,1,-76,2,1002,10690,163,100,1,0,0
2448,4,1,512,10,526,25,11,7,2,1,-61,10,4191,23711,163,100,1,0,0
2447,21,15,1280,0,526,11,12,7,1,3,-70,0,496,5222,132,100,2,0,0
2449,28,22,1536,0,624,13,3,7,1,2,-70,1,426,5220,156,100,1,0,0
2449,27,22,1536,10,671,14,4,5,8,3,-52,0,970,13919,146,100,4,1,6
2450,11,5,768,0,591,19,2,7,1,1,-70,0,944,12029,156,100,2,0,0
2448,22,18,1280,0,678,11,5,7,6,1,-70,2,1936,29027,145,100,4,1,6
2449,20,16,1280,0,646,11,16,7,1,3,-70,0,419,7158,138,100,1,0,0
2449,18,8,1024,10,560,13,53,7,1,1,-95,10,2579,25347,157,100,1,0,0
2450,26,16,1280,0,535,13,5,7,1,4,-95,2,2077,19239,146,100,2,0,0
2448,13,7,1024,0,608,13,12,7,1,1,-70,0,396,5748,132,100,1,0,0
2450,8,4,768,30,572,17,25,7,1,2,-70,10,2672,15991,158,100,1,0,0
2449,17,18,1280,0,595,11,9,7,1,1,-52,0,796,9698,145,100,1,0,0
2451,2,4,768,0,570,15,3,5,1,1,-95,0,499,8111,154,100,1,0,0
2451,30,26,1536,10,315,4,4,7,1,2,-70,0,450,4792,93,100,1,0,0
2449,25,19,1536,0,723,17,11,7,10,4,-70,0,972,9984,152,100,4,1,6
2452,10,5,768,0,556,17,11,7,1,2,-52,8,3089,20485,148,100,2,0,0
2452,29,23,1536,0,266,4,6,7,10,1,-70,0,568,6692,83,100,3,1,6
2453,5,1,512,0,552,26,5,7,1,1,-76,10,3718,23909,163,100,2,0,0
2452,12,8,1024,0,622,13,6,7,1,1,-70,0,286,6021,148,100,1,0,0
2453,14,10,1024,0,354,5,5,7,1,1,-70,0,662,7173,100,100,1,0,0
2453,7,3,768,0,568,17,3,7,1,2,-70,1,957,13677,154,100,2,0,0
2453,19,18,1280,0,625,15,21,7,1,3,-52,1,1327,37068,155,100,2,0,0
2454,15,10,1024,10,511,9,19,7,1,1,-52,1,1043,13685,109,100,2,0,0
2454,3,1,512,10,543,25,15,7,1,1,-76,2,695,9752,163,100,1,0,0
2454,21,15,1280,0,527,11,12,7,1,3,-70,0,445,6219,133,100,2,0,0
2456,16,10,1024,0,483,13,9,7,1,1,-70,4,1611,13460,147,100,2,0,0
2456,11,5,768,0,592,19,2,7,1,1,-70,0,393,7511,156,100,1,0,0
2456,4,1,512,0,529,25,11,7,2,1,-61,10,4004,23952,164,100,2,0,0
2457,31,26,1536,0,541,12,5,5,1,2,-52,0,850,10907,144,100,3,0,0
2453,13,7,1024,0,609,13,12,7,1,1,-70,0,450,5584,133,100,1,0,0
2456,6,5,768,0,548,18,5,5,1,2,-52,0,685,9000,149,100,1,0,0
2453,25,19,1536,0,723,17,11,7,10,4,-70,0,355,4950,152,100,1,1,6
2457,8,4,768,10,572,17,25,7,1,2,-70,10,2013,14733,159,100,1,0,0
2457,1,0,256,0,45,0,0,3,0,0,0,10,3109,30175,4188,100,2,0,0
2458,9,4,768,0,588,16,17,7,1,1,-52,0,752,13710,160,100,2,0,0
2456,27,22,1536,0,675,14,4,5,8,3,-52,0,892,8773,146,100,4,1,6
2458,10,5,768,10,558,17,11,7,1,2,-52,8,1769,12374,149,100,1,0,0
2457,24,23,1536,0,12,3,4,7,1,2,-52,0,509,10955,16,100,2,0,0
2458,30,26,1536,0,316,4,4,7,1,2,-70,0,500,6338,93,100,1,0,0
2456,23,18,1280,0,603,14,16,7,1,3,-52,2,1326,38924,148,100,2,0,0
2458,18,8,1024,20,565,13,53,7,1,1,-95,10,3333,36490,158,100,2,0,0
2458,15,10,1024,0,513,9,19,7,1,1,-52,1,800,7161,109,100,1,0,0
2458,3,1,512,10,546,25,15,7,1,1,-76,2,1029,9424,163,100,1,0,0
2458,28,22,1536,0,627,13,3,7,1,2,-70,1,781,12100,156,100,2,0,0
2459,26,16,1280,0,537,13,5,7,1,4,-95,2,1652,15147,146,100,2,0,0
2460,12,8,1024,0,623,13,6,7,1,1,-70,0,473,7069,149,100,1,0,0
2459,22,18,1280,0,682,11,5,7,6,1,-70,2,2039,40740,146,100,4,1,6
2459,20,16,1280,0,648,11,16,7,1,3,-70,0,703,10038,139,100,2,0,0
2461,4,1,512,10,530,25,11,7,2,1,-61,10,2934,15997,164,100,1,0,0
2460,14,10,1024,0,358,5,5,7,1,1,-70,0,835,8245,100,100,2,0,0
2459,13,7,1024,0,612,13,12,7,1,1,-70,0,609,5851,133,100,1,0,0
2460,27,22,1536,0,678,14,4,5,8,3,-52,0,724,7889,147,100,2,1,6
2461,21,15,1280,0,530,11,12,7,1,3,-70,0,633,6976,133,100,1,0,0
2463,2,4,768,0,575,15,3,5,1,1,-95,0,1072,14336,155,100,2,0,0
2462,6,5,768,0,550,18,5,5,1,2,-52,0,522,6223,149,100,1,0,0
2462,18,8,1024,40,567,13,53,7,1,1,-95,10,1885,19144,158,100,1,0,0
2463,8,4,768,10,572,17,25,7,1,2,-70,10,2502,15585,159,100,1,0,0
2462,17,18,1280,0,599,11,9,7,1,1,-52,0,884,11709,145,100,1,0,0
2463,10,5,768,20,559,17,11,7,1,2,-52,8,2329,15510,149,100,1,0,0
2462,7,3,768,0,571,17,3,7,1,2,-70,1,1398,16780,155,100,2,0,0
2463,24,23,1536,0,12,3,4,7,1,2,-52,0,285,5721,16,100,1,0,0
2465,5,1,512,0,552,26,5,7,1,1,-76,10,4628,31322,164,100,2,0,0
2464,3,1,512,10,547,25,15,7,1,1,-76,2,1036,8659,164,100,1,0,0
2460,25,19,1536,0,726,17,11,7,10,4,-70,0,660,6609,153,100,2,1,6
2462,30,26,1536,0,318,4,4,7,1,2,-70,0,555,6441,94,100,1,0,0
2465,9,4,768,0,590,16,17,7,1,1,-52,0,597,8810,160,100,2,0,0
2463,19,18,1280,0,626,15,21,7,1,3,-52,1,1105,32783,156,100,1,0,0
2463,26,16,1280,0,537,13,5,7,1,4,-95,2,788,8831,147,100,1,0,0
2463,23,18,1280,10,604,14,16,7,1,3,-52,2,1045,28713,148,100,1,0,0
2463,31,26,1536,0,543,12,5,5,1,2,-52,0,606,8366,145,100,1,0,0
2466,4,1,512,10,531,25,11,7,2,1,-61,10,2729,14785,164,100,1,0,0
2463,29,23,1536,0,269,4,6,7,10,1,-70,0,892,11097,84,100,3,1,6
2464,20,16,1280,10,648,11,16,7,1,3,-70,0,265,4460,139,100,1,0,0
2467,1,0,256,0,45,0,0,3,0,0,0,10,2904,25950,4210,100,2,0,0
2466,16,10,1024,0,484,13,9,7,1,1,-70,4,2565,20341,148,100,2,0,0
2465,27,22,1536,0,681,14,4,5,8,3,-52,0,578,5719,147,100,2,1,6
2467,11,5,768,0,596,19,2,7,1,1,-70,0,966,14352,157,100,2,0,0
2465,25,19,1536,0,727,17,11,7,10,4,-70,0,502,4540,153,100,2,1,6
2467,21,15,1280,0,532,11,12,7,1,3,-70,0,552,5909,134,100,2,0,0
2466,19,18,1280,0,626,15,21,7,1,3,-52,1,541,15628,156,100,1,0,0
2468,15,10,1024,0,514,9,19,7,1,1,-52,1,1072,12873,110,100,1,0,0
2469,3,1,512,0,548,25,15,7,1,1,-76,2,591,7348,164,100,1,0,0
2468,28,22,1536,10,628,13,3,7,1,2,-70,1,624,12946,157,100,2,0,0
2469,10,5,768,10,560,17,12,7,1,2,-52,8,1790,11689,149,100,2,0,0
2470,24,23,1536,10,12,3,4,7,1,2,-52,0,437,6588,17,100,2,0,0
2468,13,7,1024,0,615,13,12,7,1,1,-70,0,785,8585,134,100,2,0,0
2468,17,18,1280,0,600,11,9,7,1,1,-52,0,548,7227,146,100,2,0,0
2470,8,4,768,10,573,17,25,7,1,2,-70,10,3433,17916,160,100,2,0,0
2468,30,26,1536,0,318,4,4,7,1,2,-70,0,285,5549,94,100,1,0,0
2470,29,23,1536,0,272,4,6,7,10,1,-70,0,602,6476,84,100,2,1,6
2469,31,26,1536,10,545,12,5,5,1,2,-52,0,394,5619,145,100,1,0,0
2469,7,3,768,0,574,17,3,7,1,2,-70,1,941,11630,155,100,1,0,0
2472,9,4,768,0,594,16,17,7,1,1,-52,0,815,9174,161,100,2,0,0
2471,6,5,768,0,552,18,5,5,1,2,-52,0,669,7937,150,100,3,0,0
2471,14,10,1024,0,362,5,5,7,1,1,-70,0,910,10824,101,100,3,0,0
2471,12,8,1024,10,626,13,6,7,1,1,-70,0,849,10590,150,100,3,0,0
2470,22,18,1280,10,687,11,5,7,6,1,-70,2,2124,41636,146,100,4,1,6
2472,11,5,768,0,598,19,2,7,1,1,-70,0,550,6389,158,100,2,0,0
2473,2,4,768,0,578,15,3,5,1,1,-95,0,752,13116,155,100,2,0,0
2472,18,8,1024,0,568,13,53,7,1,1,-95,10,4078,40663,159,100,2,0,0
2472,26,16,1280,0,538,13,5,7,1,4,-95,2,1347,13365,147,100,1,0,0
2471,20,16,1280,0,652,11,16,7,1,3,-70,0,888,7470,140,100,3,0,0
2473,3,1,512,10,548,25,15,7,1,1,-76,2,734,9079,164,100,1,0,0
2472,23,18,1280,0,608,14,16,7,1,3,-52,2,1846,37753,149,100,2,0,0
2472,19,18,1280,0,626,15,21,7,1,3,-52,1,373,19670,156,100,1,0,0
2473,21,15,1280,0,532,11,12,7,1,3,-70,0,288,5331,134,100,1,0,0
2472,17,18,1280,10,601,11,9,7,1,1,-52,0,370,4069,146,100,1,0,0
2476,1,0,256,0,45,0,0,3,0,0,0,10,2380,22241,4225,100,1,0,0
2474,25,19,1536,0,730,17,11,7,10,4,-70,0,725,7663,153,100,3,1,6
2475,5,1,512,10,555,26,5,7,1,1,-76,10,4955,31432,165,100,3,0,0
2475,27,22,1536,0,683,14,4,5,8,3,-52,0,665,11633,148,100,2,1,6
2475,10,5,768,10,561,17,12,7,1,2,-52,8,2548,16490,150,100,1,0,0
2475,15,10,1024,10,515,9,19,7,1,1,-52,1,784,8974,110,100,3,0,0
2475,13,7,1024,10,616,13,12,7,1,1,-70,0,394,6869,134,100,1,0,0
2477,4,1,512,10,538,25,11,7,2,1,-61,10,6201,33194,165,100,4,0,0
2476,29,23,1536,0,273,4,6,7,10,1,-70,0,477,6234,84,100,2,1,6
2477,9,4,768,0,596,16,17,7,1,1,-52,0,499,7667,161,100,1,0,0
2477,6,5,768,0,555,18,5,5,1,2,-52,0,599,6006,150,100,2,0,0
2476,28,22,1536,0,631,13,3,7,1,2,-70,1,714,11289,158,100,1,0,0
2477,16,10,1024,10,491,13,9,7,1,1,-70,4,2668,19454,149,100,2,0,0
2478,3,1,512,0,550,25,15,7,1,1,-76,2,933,7684,165,100,1,0,0
2478,21,15,1280,0,533,11,12,7,1,3,-70,0,371,4788,134,100,1,0,0
2478,25,19,1536,0,731,17,11,7,10,4,-70,0,397,4635,154,100,0,1,6
2478,26,16,1280,0,538,14,5,7,1,4,-95,2,802,8756,148,100,1,0,0
2479,19,18,1280,10,628,15,21,7,1,3,-52,1,1147,24506,157,100,1,0,0
2480,1,0,256,0,45,0,0,3,0,0,0,10,1401,12108,4238,100,1,0,0
2479,8,4,768,10,578,17,25,7,1,2,-70,10,4549,26134,160,100,4,0,0
2478,14,10,1024,10,364,5,5,7,1,1,-70,0,575,8036,102,100,2,0,0
2480,5,1,512,30,558,26,5,7,1,1,-76,10,2631,15347,165,100,2,0,0
2481,4,1,512,10,539,25,11,7,2,1,-61,10,2076,12458,165,100,1,0,0
2480,30,26,1536,0,321,4,4,7,1,2,-70,0,807,9825,95,100,2,0,0
2481,24,23,1536,0,12,3,4,7,1,2,-52,0,454,10369,17,100,2,0,0
2480,11,5,768,0,602,19,2,7,1,1,-70,0,858,10255,158,100,3,0,0
2481,12,8,1024,0,629,13,6,7,1,1,-70,0,713,9936,150,100,1,0,0
2481,18,8,1024,0,570,13,53,7,1,1,-95,10,3574,35922,159,100,1,0,0
2482,31,26,1536,0,548,12,5,5,1,2,-52,0,917,10916,146,100,2,0,0
2482,7,3,768,0,577,17,3,7,1,2,-70,1,1305,18194,156,100,2,0,0
2481,17,18,1280,0,603,11,9,7,1,1,-52,0,606,8241,147,100,1,0,0
2483,2,4,768,0,581,15,3,5,1,1,-95,0,830,11749,156,100,3,0,0
2482,20,16,1280,0,655,11,16,7,1,3,-70,0,651,9607,140,100,2,0,0
2482,22,18,1280,0,689,11,5,7,6,1,-70,2,2234,42701,147,100,3,1,6
2482,15,10,1024,0,518,9,19,7,1,1,-52,1,1128,10182,111,100,2,0,0
2483,26,16,1280,0,539,14,5,7,1,4,-95,2,957,9466,148,100,1,0,0
2483,29,23,1536,0,276,4,6,7,10,1,-70,0,724,7178,85,100,2,1,6
2482,28,22,1536,0,633,13,3,7,1,2,-70,1,627,7588,158,100,2,0,0
2484,6,5,768,0,558,18,5,5,1,2,-52,0,758,7292,151,100,2,0,0
2484,27,22,1536,0,686,14,4,5,8,3,-52,0,866,11635,148,100,2,1,6
2484,10,5,768,0,563,17,12,7,1,2,-52,8,3247,19688,150,100,2,0,0
2484,16,10,1024,0,494,13,9,7,1,1,-70,4,1875,13110,149,100,2,0,0
2486,4,1,512,20,541,25,11,7,2,1,-61,10,2483,14171,166,100,0,0,0
2483,23,18,1280,0,610,14,16,7,1,3,-52,2,1802,45620,150,100,2,0,0
2485,11,5,768,10,603,19,2,7,1,1,-70,0,262,5363,158,100,1,0,0
2484,21,15,1280,0,537,11,12,7,1,3,-70,0,772,6949,135,100,1,0,0
2487,7,3,768,0,579,17,3,7,1,2,-70,1,616,7609,156,100,1,0,0
2487,9,4,768,0,600,16,18,7,1,1,-52,0,964,13194,162,100,4,0,0
2489,12,8,1024,0,632,13,6,7,1,1,-70,0,784,8214,151,100,2,0,0
2487,15,10,1024,10,518,9,19,7,1,1,-52,1,533,5724,111,100,1,0,0
2486,13,7,1024,0,619,13,12,7,1,1,-70,0,1044,11655,135,100,2,0,0
2488,19,18,1280,0,629,15,21,7,1,3,-52,1,874,31900,157,100,2,0,0
2488,25,19,1536,0,739,17,11,7,10,4,-70,0,1278,10368,154,100,4,1,6
2489,26,16,1280,0,540,14,5,7,1,4,-95,2,823,9222,149,100,1,0,0
2489,3,1,512,0,553,25,15,7,1,1,-76,2,1746,18975,165,100,2,0,0
2491,11,5,768,0,603,19,2,7,1,1,-70,0,380,5924,159,100,0,0,0
2490,18,8,1024,10,572,13,53,7,1,1,-95,10,3176,37925,160,100,2,0,0
2489,14,10,1024,0,371,5,5,7,1,1,-70,0,1162,11039,102,100,3,0,0
2491,4,1,512,10,541,25,11,7,2,1,-61,10,2311,14303,166,100,1,0,0
2491,1,0,256,0,45,0,0,3,0,0,0,10,3023,28559,4256,100,2,0,0
2490,24,23,1536,0,12,3,4,7,1,2,-52,0,389,9111,18,100,1,0,0
2490,16,10,1024,0,496,13,9,7,1,1,-70,4,1161,10280,149,100,1,0,0
2492,8,4,768,10,583,17,25,7,1,2,-70,10,4555,27468,161,100,3,0,0
2490,30,26,1536,0,325,4,4,7,1,2,-70,0,882,11115,95,100,2,0,0
2491,29,23,1536,0,278,4,6,7,10,1,-70,0,615,7176,85,100,3,1,6
2492,5,1,512,10,563,26,5,7,1,1,-76,10,4974,31220,166,100,3,0,0
2491,15,10,1024,0,521,9,19,7,1,1,-52,1,687,5711,111,100,2,0,0
2491,17,18,1280,0,605,11,9,7,1,1,-52,0,646,9410,147,100,2,0,0
2492,27,22,1536,0,688,14,4,5,8,3,-52,0,757,10123,149,100,4,1,6
2494,2,4,768,0,584,15,3,5,1,1,-95,0,835,13002,157,100,2,0,0
2491,28,22,1536,0,635,13,3,7,1,2,-70,1,605,11464,159,100,1,0,0
2491,20,16,1280,0,658,11,16,7,1,3,-70,0,810,9347,141,100,2,0,0
2493,31,26,1536,0,552,12,5,5,1,2,-52,0,941,11366,147,100,2,0,0
2493,10,5,768,20,565,17,12,7,1,2,-52,8,3341,22982,151,100,1,0,0
2494,22,18,1280,0,694,11,5,7,6,1,-70,2,2458,43896,148,100,4,1,6
2495,9,4,768,0,604,16,18,7,1,1,-52,0,802,10079,162,100,2,0,0
2493,21,15,1280,0,539,11,12,7,1,3,-70,0,703,8957,136,100,2,0,0
2495,26,16,1280,0,542,14,5,7,1,4,-95,2,1185,9603,149,100,1,0,0
2494,6,5,768,0,560,18,5,5,1,2,-52,0,564,10345,151,100,2,0,0
2494,23,18,1280,10,611,14,16,7,1,3,-52,2,1430,40649,151,100,2,0,0
2496,25,19,1536,0,742,17,11,7,10,4,-70,0,855,8000,155,100,2,1,6
2495,13,7,1024,0,621,13,12,7,1,1,-70,0,770,9389,136,100,2,0,0
2497,29,23,1536,0,282,4,6,7,10,1,-70,0,830,6633,86,100,2,1,6
2496,20,16,1280,0,661,11,16,7,1,3,-70,0,603,5035,141,100,2,0,0
2496,14,10,1024,0,372,5,5,7,1,1,-70,0,548,6918,103,100,2,0,0
2497,17,18,1280,0,606,11,9,7,1,1,-52,0,450,5744,148,100,1,0,0
2498,7,3,768,0,581,17,3,7,1,2,-70,1,1422,17756,157,100,2,0,0
2498,18,8,1024,0,575,13,53,7,1,1,-95,10,3728,35393,160,100,1,0,0
2498,11,5,768,0,606,19,2,7,1,1,-70,0,792,11153,159,100,3,0,0
2498,19,18,1280,0,632,15,21,7,1,3,-52,1,1596,38377,158,100,2,0,0
2499,15,10,1024,0,523,9,19,7,1,1,-52,1,1040,11036,112,100,1,0,0
2500,12,8,1024,0,637,13,6,7,1,1,-70,0,990,11611,151,100,2,0,0
2501,1,0,256,0,45,0,0,3,0,0,0,10,2524,23842,4274,100,2,0,0
2502,3,1,512,0,559,25,15,7,1,1,-76,2,1768,19014,166,100,2,0,0
2500,22,18,1280,0,697,11,5,7,6,1,-70,2,1007,24216,148,100,2,1,6
2501,30,26,1536,0,329,4,4,7,1,2,-70,0,915,10344,96,100,2,0,0
2502,4,1,512,10,543,25,11,7,2,1,-61,10,5171,31471,167,100,2,0,0
2502,24,23,1536,0,12,3,4,7,1,2,-52,0,606,11199,19,100,3,0,0
2502,2,4,768,0,586,15,3,5,1,1,-95,0,644,10509,157,100,2,0,0
2502,10,5,768,20,566,17,12,7,1,2,-52,8,2276,18102,152,100,2,0,0
2501,16,10,1024,0,499,13,9,7,1,1,-70,4,2572,20402,150,100,3,0,0
2503,8,4,768,20,585,17,25,7,1,2,-70,10,4457,27761,162,100,2,0,0
2500,28,22,1536,0,636,13,3,7,1,2,-70,1,544,10417,159,100,2,0,0
2501,31,26,1536,10,556,12,5,5,1,2,-52,0,811,9664,148,100,2,0,0
2502,13,7,1024,0,622,13,12,7,1,1,-70,0,394,6472,136,100,1,0,0
2501,27,22,1536,0,692,14,4,5,8,3,-52,0,820,12659,150,100,1,1,6
2505,5,1,512,10,565,26,5,7,1,1,-76,10,4674,32007,166,100,2,0,0
2503,19,18,1280,0,634,15,21,7,1,3,-52,1,589,17166,158,100,1,0,0
2503,6,5,768,0,563,18,5,5,1,2,-52,0,783,8640,152,100,2,0,0
2503,23,18,1280,0,617,14,16,7,1,3,-52,2,1864,37240,151,100,1,0,0
2505,9,4,768,0,606,16,18,7,1,1,-52,0,729,11835,163,100,2,0,0
2504,21,15,1280,0,541,11,12,7,1,3,-70,0,641,9540,136,100,3,0,0
2505,18,8,1024,0,577,13,53,7,1,1,-95,10,2556,26740,161,100,2,0,0
2503,26,16,1280,20,548,14,5,7,1,4,-95,2,1689,15595,150,100,2,0,0
2507,1,0,256,0,45,0,0,3,0,0,0,10,1919,16593,4291,100,1,0,0
2506,29,23,1536,0,286,4,6,7,10,1,-70,0,851,9651,86,100,2,1,6
2507,4,1,512,10,544,25,11,7,2,1,-61,10,3130,16765,167,100,1,0,0
2506,15,10,1024,0,524,9,19,7,1,1,-52,1,790,8720,112,100,2,0,0
2507,25,19,1536,0,748,17,11,7,10,4,-70,0,1150,11444,156,100,3,1,6
2506,20,16,1280,0,662,11,16,7,1,3,-70,0,596,9733,142,100,2,0,0
2509,7,3,768,0,585,17,3,7,1,2,-70,1,1171,15198,158,100,1,0,0
2508,8,4,768,20,587,17,25,7,1,2,-70,10,2306,14220,162,100,1,0,0
2508,14,10,1024,0,375,5,5,7,1,1,-70,0,832,10984,104,100,2,0,0
2508,17,18,1280,0,609,11,9,7,1,1,-52,0,753,10081,148,100,2,0,0
2509,9,4,768,0,608,16,18,7,1,1,-52,0,476,5622,163,100,1,0,0
2508,30,26,1536,0,331,4,4,7,1,2,-70,0,580,7561,97,100,1,0,0
2508,13,7,1024,0,622,13,12,7,1,1,-70,0,353,5348,136,100,1,0,0
2509,22,18,1280,0,699,11,5,7,6,1,-70,2,1612,28522,149,100,3,1,6
2510,2,4,768,0,587,15,3,5,1,1,-95,0,500,9398,158,100,1,0,0
2509,11,5,768,0,608,19,2,7,1,1,-70,0,753,13157,160,100,2,0,0
2507,27,22,1536,0,694,14,4,5,8,3,-52,0,566,7806,150,100,2,1,6
2510,16,10,1024,0,501,13,9,7,1,1,-70,4,1840,15399,151,100,1,0,0
2510,10,5,768,10,570,17,12,7,1,2,-52,8,3264,19716,152,100,2,0,0
2510,24,23,1536,10,13,3,4,7,1,2,-52,0,392,7094,19,100,1,0,0
2510,31,26,1536,0,559,12,5,5,1,2,-52,0,837,8985,148,100,2,0,0
2513,3,1,512,0,560,25,15,7,1,1,-76,2,1611,18076,167,100,2,0,0
2510,12,8,1024,10,639,13,6,7,1,1,-70,0,772,10665,152,100,2,0,0
2509,28,22,1536,0,638,13,3,7,1,2,-70,1,731,11494,160,100,2,0,0
2513,5,1,512,10,566,26,5,7,1,1,-76,10,3243,22459,167,100,1,0,0
2511,6,5,768,0,564,18,5,5,1,2,-52,0,536,8092,152,100,2,0,0
2512,26,16,1280,0,552,14,5,7,1,4,-95,2,1722,15579,150,100,1,0,0
2511,18,8,1024,10,580,13,53,7,1,1,-95,10,3060,30752,161,100,1,0,0
2512,21,15,1280,0,543,11,12,7,1,3,-70,0,735,8720,137,100,2,0,0
2512,19,18,1280,0,635,15,21,7,1,3,-52,1,952,28458,159,100,1,0,0
2513,17,18,1280,0,610,11,9,7,1,1,-52,0,427,4564,149,100,1,0,0
2514,9,4,768,0,609,16,18,7,1,1,-52,0,368,5910,163,100,1,0,0
2513,30,26,1536,0,332,4,4,7,1,2,-70,0,368,4822,97,100,1,0,0
2514,15,10,1024,0,525,9,19,7,1,1,-52,1,863,9908,113,100,1,0,0
2513,23,18,1280,0,620,14,16,7,1,3,-52,2,1652,34943,152,100,2,0,0
2516,7,3,768,0,585,17,3,7,1,2,-70,1,771,10792,158,100,2,0,0
2514,11,5,768,0,610,19,2,7,1,1,-70,0,476,6213,160,100,1,0,0
2514,25,19,1536,0,751,17,11,7,10,4,-70,0,606,6497,156,100,2,1,6
2516,1,0,256,0,45,0,0,3,0,0,0,10,2398,23126,4305,100,2,0,0
2514,20,16,1280,0,664,11,16,7,1,3,-70,0,526,7531,142,100,1,0,0
2516,29,23,1536,0,290,4,6,7,10,1,-70,0,1052,9415,87,100,4,1,6
2516,10,5,768,10,571,17,12,7,1,2,-52,8,1744,12139,153,100,0,0,0
2515,16,10,1024,30,502,13,9,7,1,1,-70,4,1164,8865,151,100,1,0,0
2515,27,22,1536,0,698,14,4,5,8,3,-52,0,928,9215,151,100,3,1,6
2515,28,22,1536,10,640,13,3,7,1,2,-70,1,478,6995,160,100,1,0,0
2518,4,1,512,20,550,25,11,7,2,1,-61,10,5754,32375,168,100,2,0,0
2517,8,4,768,30,591,17,25,7,1,2,-70,10,3964,23375,163,100,1,0,0
2518,24,23,1536,10,13,3,4,7,1,2,-52,0,365,7564,20,100,1,0,0
2518,5,1,512,30,568,26,5,7,1,1,-76,10,2851,16854,167,100,2,0,0
2518,22,18,1280,0,699,11,5,7,6,1,-70,2,1685,36184,150,100,1,1,6
2517,14,10,1024,0,378,5,5,7,1,1,-70,0,626,8247,104,100,2,0,0
2520,3,1,512,10,561,25,15,7,1,1,-76,2,867,11878,167,100,1,0,0
2520,7,3,768,0,585,17,3,7,1,2,-70,1,401,6593,159,100,1,0,0
2518,6,5,768,0,565,18,5,5,1,2,-52,0,447,6419,153,100,1,0,0
2519,27,22,1536,0,700,14,4,5,8,3,-52,0,544,5398,151,100,1,1,6
2520,15,10,1024,0,527,9,19,7,1,1,-52,1,585,8208,113,100,1,0,0
2519,13,7,1024,0,624,13,12,7,1,1,-70,0,726,10595,137,100,2,0,0
2520,19,18,1280,0,637,15,21,7,1,3,-52,1,1095,31747,159,100,2,0,0
2521,2,4,768,0,592,15,3,5,1,1,-95,0,1048,14031,159,100,2,0,0
2520,30,26,1536,0,336,4,4,7,1,2,-70,0,737,7290,97,100,1,0,0
2521,12,8,1024,0,641,13,6,7,1,1,-70,0,727,10533,153,100,2,0,0
2521,11,5,768,0,612,19,2,7,1,1,-70,0,671,8817,161,100,2,0,0
2521,31,26,1536,0,562,12,5,5,1,2,-52,0,809,9812,149,100,2,0,0
2521,18,8,1024,0,583,13,53,7,1,1,-95,10,3968,41390,162,100,2,0,0
2523,5,1,512,30,569,26,5,7,1,1,-76,10,2015,13928,168,100,1,0,0
2524,9,4,768,0,610,16,18,7,1,1,-52,0,621,11756,164,100,2,0,0
2522,23,18,1280,0,621,14,16,7,1,3,-52,2,1341,37232,152,100,2,0,0
2522,20,16,1280,0,667,11,16,7,1,3,-70,0,828,7678,143,100,2,0,0
2525,3,1,512,0,562,25,15,7,1,1,-76,2,922,8355,168,100,1,0,0
2522,17,18,1280,0,615,11,9,7,1,1,-52,0,916,10313,150,100,2,0,0
2522,26,16,1280,0,555,14,5,7,1,4,-95,2,1962,17123,151,100,2,0,0
2523,21,15,1280,0,546,11,12,7,1,3,-70,0,835,11092,138,100,2,0,0
2524,8,4,768,40,593,17,25,7,1,2,-70,10,2696,16491,163,100,1,0,0
2526,4,1,512,0,552,25,11,7,2,1,-61,10,3931,22341,168,100,2,0,0
2523,29,23,1536,0,293,4,6,7,10,1,-70,0,755,8210,88,100,1,1,6
2525,16,10,1024,0,506,13,9,7,1,1,-70,4,2485,18018,152,100,2,0,0
2525,10,5,768,20,571,17,12,7,1,2,-52,8,3247,22428,153,100,1,0,0
2524,25,19,1536,0,756,17,11,7,10,4,-70,0,1109,11064,157,100,3,1,6
2525,11,5,768,0,613,19,2,7,1,1,-70,0,368,5099,161,100,1,0,0
2527,1,0,256,0,45,0,0,3,0,0,0,10,3233,28044,4328,100,2,0,0
2526,14,10,1024,0,382,5,5,7,1,1,-70,0,915,9056,105,100,2,0,0
2524,28,22,1536,0,641,13,3,7,1,2,-70,1,527,10724,161,100,1,0,0
2526,20,16,1280,0,670,11,16,7,1,3,-70,0,603,4796,143,100,2,0,0
2525,18,8,1024,20,584,13,53,7,1,1,-95,10,1648,17943,162,100,0,0,0
2527,6,5,768,0,569,18,5,5,1,2,-52,0,800,8124,153,100,2,0,0
2528,2,4,768,0,593,15,3,5,1,1,-95,0,417,8218,159,100,1,0,0
2524,27,22,1536,0,702,14,4,5,8,3,-52,0,495,6400,151,100,2,1,6
2525,22,18,1280,0,700,11,5,7,6,1,-70,2,1583,29180,150,100,3,1,6
2528,13,7,1024,10,626,13,12,7,1,1,-70,0,558,7694,138,100,1,0,0
2526,19,18,1280,0,637,15,21,7,1,3,-52,1,738,23317,160,100,1,0,0
2527,21,15,1280,0,547,11,12,7,1,3,-70,0,275,4429,138,100,0,0,0
2529,7,3,768,0,589,17,3,7,1,2,-70,1,1389,15727,159,100,1,0,0
2527,24,23,1536,0,13,3,4,7,1,2,-52,0,510,10540,21,100,2,0,0
2530,10,5,768,10,574,17,12,7,1,2,-52,8,1520,9862,153,100,1,0,0
2529,29,23,1536,0,295,4,6,7,10,1,-70,0,494,5689,88,100,2,1,6
2529,12,8,1024,0,646,13,6,7,1,1,-70,0,846,8301,153,100,1,0,0
2530,5,1,512,30,571,26,5,7,1,1,-76,10,2976,18876,168,100,1,0,0
2530,8,4,768,30,594,17,25,7,1,2,-70,10,2664,15584,164,100,1,0,0
2529,28,22,1536,0,641,13,3,7,1,2,-70,1,264,5668,161,100,1,0,0
2531,9,4,768,0,616,16,18,7,1,1,-52,0,1030,10162,165,100,2,0,0
2530,11,5,768,0,614,19,2,7,1,1,-70,0,368,5749,161,100,1,0,0
2533,1,0,256,0,45,0,0,3,0,0,0,10,1659,15288,4340,100,1,0,0
2532,13,7,1024,0,627,13,12,7,1,1,-70,0,395,4178,138,100,1,0,0
2533,2,4,768,10,594,15,3,5,1,1,-95,0,260,5172,159,100,1,0,0
2530,30,26,1536,10,339,4,4,7,1,2,-70,0,700,9249,98,100,2,0,0
2531,6,5,768,0,570,18,5,5,1,2,-52,0,423,4468,154,100,1,0,0
2531,18,8,1024,0,584,13,53,7,1,1,-95,10,2000,23810,163,100,1,0,0
2531,24,23,1536,0,13,3,4,7,1,2,-52,0,261,4115,21,100,1,0,0
2535,3,1,512,10,563,25,15,7,1,1,-76,2,1568,16632,168,100,2,0,0
2533,17,18,1280,0,619,11,9,7,1,1,-52,0,885,11003,150,100,2,0,0
2534,7,3,768,0,592,17,3,7,1,2,-70,1,903,7987,160,100,1,0,0
2534,23,18,1280,0,622,14,16,7,1,3,-52,2,1812,45176,153,100,2,0,0
2533,25,19,1536,0,762,17,11,7,10,4,-70,0,1072,9811,157,100,3,1,6
2532,15,10,1024,0,531,9,19,7,1,1,-52,1,1626,16032,114,100,2,0,0
2531,14,10,1024,0,383,5,5,7,1,1,-70,0,393,6515,105,100,1,0,0
2530,31,26,1536,10,568,12,5,5,1,2,-52,0,1023,10279,150,100,2,0,0
2533,26,16,1280,0,557,14,5,7,1,4,-95,2,1666,18541,152,100,2,0,0
2533,30,26,1536,0,340,4,4,7,1,2,-70,0,476,4351,98,100,1,0,0
2536,22,18,1280,0,706,11,5,7,6,1,-70,2,2100,39892,151,100,3,1,6
2534,21,15,1280,0,550,11,12,7,1,3,-70,0,730,6883,138,100,2,0,0
2537,4,1,512,10,558,25,11,7,2,1,-61,10,6715,36508,169,100,2,0,0
2535,27,22,1536,0,710,14,4,5,8,3,-52,0,1422,14831,152,100,4,1,6
2538,1,0,256,0,45,0,0,3,0,0,0,10,1823,15387,4351,100,1,0,0
2535,11,5,768,10,616,19,2,7,1,1,-70,0,476,6718,162,100,1,0,0
2536,15,10,1024,0,532,9,19,7,1,1,-52,1,668,6022,114,100,1,0,0
2537,8,4,768,10,595,17,25,7,1,2,-70,10,2760,17286,164,100,2,0,0
2537,16,10,1024,0,510,13,9,7,1,1,-70,4,2476,20750,153,100,2,0,0
2537,6,5,768,0,573,18,5,5,1,2,-52,0,605,5934,154,100,1,0,0
2538,13,7,1024,0,629,13,12,7,1,1,-70,0,501,6111,138,100,1,0,0
2537,20,16,1280,0,673,11,16,7,1,3,-70,0,713,10097,144,100,1,0,0
2538,9,4,768,10,618,16,18,7,1,1,-52,0,571,8353,165,100,1,0,0
2537,19,18,1280,10,641,15,21,7,1,3,-52,1,1418,36623,161,100,2,0,0
2537,29,23,1536,0,298,4,6,7,10,1,-70,0,948,8602,89,100,3,1,6
2539,26,16,1280,10,558,14,5,7,1,4,-95,2,954,9834,152,100,1,0,0
2540,2,4,768,0,597,15,3,5,1,1,-95,0,821,9975,160,100,1,0,0
2539,23,18,1280,0,623,14,16,7,1,3,-52,2,816,19483,154,100,1,0,0
2540,10,5,768,0,576,17,12,7,1,2,-52,8,3904,26662,154,100,2,0,0
2540,12,8,1024,0,648,13,6,7,1,1,-70,0,701,10787,154,100,2,0,0
2541,14,10,1024,0,387,5,5,7,1,1,-70,0,915,9360,106,100,2,0,0
2540,27,22,1536,0,710,14,4,5,8,3,-52,0,234,4942,152,100,0,1,6
2542,7,3,768,0,594,17,3,7,1,2,-70,1,1092,12767,160,100,2,0,0
2540,18,8,1024,10,588,13,53,7,1,1,-95,10,4026,37010,163,100,2,0,0
2542,5,1,512,10,578,26,5,7,2,1,-76,10,5988,34328,169,100,3,0,0
2540,25,19,1536,0,763,17,11,7,10,4,-70,0,514,6419,158,100,2,1,6
2543,4,1,512,10,559,25,11,7,2,1,-61,10,2754,15406,169,100,1,0,0
2543,8,4,768,30,595,17,25,7,1,2,-70,10,1921,11374,165,100,0,0,0
2543,3,1,512,0,565,25,15,7,1,1,-76,2,1367,14567,169,100,1,0,0
2542,15,10,1024,0,532,9,19,7,1,1,-52,1,604,7941,115,100,1,0,0
2540,28,22,1536,0,645,13,3,7,1,2,-70,1,968,14548,162,100,2,0,0
2543,31,26,1536,0,571,12,5,5,1,2,-52,0,887,11271,150,100,2,0,0
2540,24,23,1536,0,13,3,4,7,1,2,-52,0,499,8733,21,100,2,0,0
2541,22,18,1280,0,708,11,5,7,6,1,-70,2,1309,20222,151,100,2,1,6
2544,30,26,1536,10,344,4,4,7,1,2,-70,0,807,9949,99,100,2,0,0
2543,17,18,1280,0,622,11,9,7,1,1,-52,0,810,9795,151,100,2,0,0
2544,19,18,1280,0,647,15,21,7,1,3,-52,1,1291,28205,161,100,1,0,0
2545,11,5,768,10,617,19,2,7,1,1,-70,0,715,12117,163,100,2,0,0
2547,9,4,768,0,619,16,18,7,1,1,-52,0,622,10601,166,100,2,0,0
2545,14,10,1024,0,388,5,5,7,1,1,-70,0,369,4529,106,100,1,0,0
2544,27,22,1536,0,712,14,4,5,8,3,-52,0,527,5795,153,100,2,1,6
2547,16,10,1024,10,511,13,9,7,1,1,-70,4,1945,17850,153,100,2,0,0
2545,23,18,1280,20,624,14,16,7,1,3,-52,2,850,25372,154,100,1,0,0
2546,21,15,1280,0,553,11,12,7,1,3,-70,0,834,11527,139,100,2,0,0
2545,28,22,1536,0,648,13,3,7,1,2,-70,1,609,6690,162,100,1,0,0
2549,2,4,768,0,598,15,3,5,1,1,-95,0,512,9558,160,100,2,0,0
2548,6,5,768,0,577,18,5,5,1,2,-52,0,937,11118,155,100,2,0,0
2549,1,0,256,0,45,0,0,3,0,0,0,10,3131,30863,4375,100,2,0,0
2548,29,23,1536,0,301,4,6,7,10,1,-70,0,837,10344,89,100,3,1,6
2548,20,16,1280,0,678,11,16,7,1,3,-70,0,1146,11435,145,100,3,0,0
2548,12,8,1024,0,648,13,6,7,1,1,-70,0,464,7190,155,100,2,0,0
2548,15,10,1024,10,534,9,19,7,1,1,-52,1,635,7547,115,100,1,0,0
2550,8,4,768,10,596,17,25,7,1,2,-70,10,2849,16088,165,100,2,0,0
2548,25,19,1536,0,765,17,11,7,10,4,-70,0,521,7323,158,100,2,1,6
2548,17,18,1280,0,623,11,9,7,1,1,-52,0,370,4687,151,100,1,0,0
2550,10,5,768,0,578,17,12,7,1,2,-52,8,2839,19426,155,100,2,0,0
2549,18,8,1024,0,590,13,53,7,1,1,-95,10,3697,36537,164,100,2,0,0
2551,3,1,512,10,568,25,15,7,1,1,-76,2,1095,12464,169,100,2,0,0
2551,5,1,512,10,581,26,5,7,2,1,-76,10,3725,23416,170,100,3,0,0
2551,4,1,512,20,560,25,11,7,2,1,-61,10,4726,25711,170,100,1,0,0
2550,11,5,768,0,619,19,2,7,1,1,-70,0,561,6674,163,100,1,0,0
2550,13,7,1024,10,632,13,12,7,1,1,-70,0,809,10868,139,100,2,0,0
2550,24,23,1536,0,14,3,4,7,1,2,-52,0,592,9236,22,100,2,0,0
2550,26,16,1280,0,560,14,5,7,1,4,-95,2,1551,17582,153,100,2,0,0
2551,7,3,768,0,596,17,3,7,1,2,-70,1,1059,13604,161,100,2,0,0
2550,22,18,1280,0,712,11,5,7,6,1,-70,2,1933,35166,152,100,2,1,6
2552,30,26,1536,20,346,4,4,7,1,2,-70,0,607,7491,100,100,1,0,0
2553,2,4,768,0,600,15,3,5,1,1,-95,0,558,6080,161,100,1,0,0
2554,9,4,768,0,621,16,18,7,1,1,-52,0,500,7666,166,100,1,0,0
2552,23,18,1280,0,628,14,16,7,1,3,-52,2,1414,25114,154,100,1,0,0
2554,31,26,1536,0,573,12,5,5,1,2,-52,0,703,10351,151,100,2,0,0
2552,28,22,1536,0,651,13,3,7,1,2,-70,1,789,9089,163,100,2,0,0
2553,6,5,768,0,578,18,5,5,1,2,-52,0,392,5540,155,100,1,0,0
2552,27,22,1536,0,717,14,4,5,8,3,-52,0,1003,10354,153,100,3,1,6
2555,10,5,768,20,579,17,12,7,1,2,-52,8,1446,10851,155,100,0,0,0
2553,19,18,1280,0,649,15,21,7,1,3,-52,1,1096,33046,162,100,2,0,0
2553,14,10,1024,0,392,5,5,7,1,1,-70,0,794,8077,107,100,1,0,0
2554,15,10,1024,0,534,9,19,7,1,1,-52,1,600,7724,115,100,1,0,0
2554,29,23,1536,0,305,4,6,7,10,1,-70,0,853,7273,90,100,3,1,6
2556,3,1,512,0,569,25,15,7,1,1,-76,2,1006,10331,170,100,1,0,0
2556,11,5,768,0,621,19,2,7,1,1,-70,0,499,6929,163,100,1,0,0
2557,1,0,256,0,46,0,0,3,0,0,0,10,2347,23337,4390,100,2,0,0
2556,21,15,1280,0,555,11,12,7,1,3,-70,0,601,9299,140,100,2,0,0
2556,18,8,1024,0,593,13,53,7,1,1,-95,10,3057,30559,164,100,1,0,0
2557,12,8,1024,0,651,13,6,7,1,1,-70,0,655,8893,155,100,1,0,0
2557,20,16,1280,0,683,11,16,7,1,3,-70,0,849,8757,145,100,1,0,0
2558,8,4,768,0,596,17,25,7,1,2,-70,10,3286,20508,166,100,1,0,0
2556,17,18,1280,0,625,11,9,7,1,1,-52,0,605,8251,152,100,1,0,0
2558,26,16,1280,0,560,14,5,7,1,4,-95,2,1053,11904,153,100,1,0,0
2556,23,18,1280,0,628,14,16,7,1,3,-52,2,765,21490,155,100,1,0,0
2558,16,10,1024,0,512,13,9,7,1,1,-70,4,2255,19180,154,100,2,0,0
2558,30,26,1536,0,347,4,4,7,1,2,-70,0,474,6601,100,100,1,0,0
2558,14,10,1024,0,395,5,5,7,1,1,-70,0,607,5505,107,100,1,0,0
2561,5,1,512,10,584,27,5,7,2,1,-76,10,4202,26234,170,100,1,0,0
2561,4,1,512,0,565,26,11,7,2,1,-61,10,5185,28932,171,100,2,0,0
2558,28,22,1536,0,653,13,3,7,1,2,-70,1,525,8293,163,100,1,0,0
2561,2,4,768,0,603,15,3,5,1,1,-95,0,629,9387,161,100,1,0,0
2560,13,7,1024,0,637,13,12,7,1,1,-70,0,1049,10700,140,100,2,0,0
2559,22,18,1280,0,717,11,5,7,6,1,-70,2,2187,35581,152,100,3,1,6
2561,10,5,768,20,583,17,12,7,1,2,-52,8,2685,15282,156,100,2,0,0
2561,18,8,1024,30,596,13,53,7,1,1,-95,10,1931,19461,165,100,1,0,0
2562,7,3,768,0,599,17,3,7,1,2,-70,1,1306,17593,161,100,2,0,0
2562,15,10,1024,0,536,9,19,7,1,1,-52,1,934,10306,116,100,1,0,0
2559,25,19,1536,0,769,17,11,7,10,4,-70,0,1099,11737,159,100,4,1,6
2561,31,26,1536,0,576,12,5,5,1,2,-52,0,689,7932,152,100,1,0,0
2560,27,22,1536,0,720,14,4,5,8,3,-52,0,750,9626,154,100,2,1,6
2564,21,15,1280,0,559,11,12,7,1,3,-70,0,813,6611,140,100,2,0,0
2561,24,23,1536,0,14,3,4,7,1,2,-52,0,485,10165,23,100,2,0,0
2563,26,16,1280,0,561,14,5,7,1,4,-95,2,1107,9791,154,100,1,0,0
2563,6,5,768,10,582,18,5,5,1,2,-52,0,806,9674,156,100,2,0,0
2562,23,18,1280,0,628,14,16,7,1,3,-52,2,766,22755,155,100,1,0,0
2565,3,1,512,0,572,26,15,7,1,1,-76,2,1306,13374,170,100,1,0,0
2566,9,4,768,0,622,16,18,7,1,1,-52,0,645,14261,167,100,2,0,0
2566,10,5,768,10,585,17,12,7,1,2,-52,8,1753,11680,156,100,0,0,0
2564,29,23,1536,0,307,4,6,7,10,1,-70,0,730,10075,90,100,3,1,6
2564,30,26,1536,0,350,4,4,7,1,2,-70,0,770,6798,100,100,2,0,0
2567,12,8,1024,0,654,13,6,7,1,1,-70,0,784,8736,156,100,2,0,0
2567,8,4,768,20,600,17,25,7,1,2,-70,10,3913,22938,166,100,2,0,0
2567,1,0,256,0,46,0,0,3,0,0,0,10,3122,29811,4412,100,2,0,0
2567,20,16,1280,0,688,11,16,7,1,3,-70,0,1024,10233,146,100,2,0,0
2565,19,18,1280,0,651,15,21,7,1,3,-52,1,1320,42229,163,100,2,0,0
2567,13,7,1024,0,641,13,12,7,1,1,-70,0,717,7112,140,100,1,0,0
2567,11,5,768,10,626,19,2,7,1,1,-70,0,960,13795,164,100,3,0,0
2568,31,26,1536,0,577,12,5,5,1,2,-52,0,418,6390,152,100,1,0,0
2566,17,18,1280,0,627,11,9,7,1,1,-52,0,702,9431,153,100,2,0,0
2568,24,23,1536,0,14,3,4,7,1,2,-52,0,309,6627,23,100,1,0,0
2569,2,4,768,0,606,15,3,5,1,1,-95,0,810,10648,162,100,2,0,0
2569,7,3,768,0,601,17,3,7,1,2,-70,1,964,11312,162,100,1,0,0
2570,4,1,512,0,567,26,11,7,2,1,-61,10,4560,26870,171,100,2,0,0
2568,14,10,1024,0,397,5,5,7,1,1,-70,0,677,8956,108,100,2,0,0
2569,16,10,1024,0,514,13,9,7,1,1,-70,4,2456,19159,155,100,2,0,0
2569,6,5,768,0,582,18,5,5,1,2,-52,0,392,5618,156,100,1,0,0
2571,3,1,512,0,572,26,15,7,1,1,-76,2,810,9511,171,100,1,0,0
2569,26,16,1280,0,561,14,5,7,1,4,-95,2,863,9094,154,100,1,0,0
2569,27,22,1536,10,727,14,4,5,8,3,-52,0,1130,11733,154,100,4,1,6
2570,28,22,1536,0,655,13,3,7,1,2,-70,1,800,13235,164,100,2,0,0
2570,18,8,1024,30,598,13,53,7,1,1,-95,10,3555,38926,165,100,1,0,0
2573,5,1,512,0,586,27,5,7,2,1,-76,10,4803,31527,171,100,2,0,0
2572,21,15,1280,0,562,11,12,7,1,3,-70,0,689,8279,141,100,1,0,0
2570,29,23,1536,0,308,4,6,7,10,1,-70,0,426,5012,91,100,1,1,6
2570,23,18,1280,0,631,14,16,7,1,3,-52,2,1593,30090,156,100,2,0,0
2572,20,16,1280,0,690,11,16,7,1,3,-70,0,504,5633,146,100,1,0,0
2572,8,4,768,10,601,17,25,7,1,2,-70,10,2169,14408,167,100,1,0,0
2574,1,0,256,0,46,0,0,3,0,0,0,10,1382,16805,4420,100,1,0,0
2570,22,18,1280,0,721,11,5,7,6,1,-70,2,2207,40858,153,100,3,1,6
2573,15,10,1024,0,537,9,19,7,1,1,-52,1,1374,15031,117,100,3,0,0
2574,4,1,512,20,567,26,11,7,2,1,-61,10,1835,11783,172,100,0,0,0
2572,13,7,1024,10,644,13,12,7,1,1,-70,0,557,5586,141,100,1,0,0
2571,25,19,1536,0,774,17,11,7,10,4,-70,0,1105,11581,160,100,4,1,6
2574,12,8,1024,0,655,13,6,7,1,1,-70,0,417,7418,156,100,1,0,0
2574,10,5,768,0,589,17,12,7,1,2,-52,8,2881,18767,156,100,2,0,0
2574,6,5,768,0,583,18,5,5,1,2,-52,0,367,4308,156,100,1,0,0
2574,24,23,1536,0,14,3,4,7,1,2,-52,0,340,5563,24,100,1,0,0
2574,29,23,1536,0,308,4,6,7,10,1,-70,0,398,4655,91,100,1,1,6
2577,3,1,512,0,572,26,15,7,1,1,-76,2,793,9122,171,100,2,0,0
2577,9,4,768,0,625,16,18,7,1,1,-52,0,860,15071,168,100,2,0,0
2576,30,26,1536,0,352,4,4,7,1,2,-70,0,795,11122,101,100,2,0,0
2574,19,18,1280,0,654,15,21,7,1,3,-52,1,1266,34057,163,100,2,0,0
2576,11,5,768,0,629,19,2,7,1,1,-70,0,892,11114,165,100,2,0,0
2577,2,4,768,0,609,15,3,5,1,1,-95,0,630,10061,162,100,1,0,0
2574,17,18,1280,0,630,11,9,7,1,1,-52,0,729,8352,153,100,2,0,0
2578,15,10,1024,20,540,9,19,7,1,1,-52,1,495,5633,117,100,0,0,0
2578,1,0,256,0,46,0,0,3,0,0,0,10,1479,13615,4435,100,1,0,0
2578,21,15,1280,0,563,11,12,7,1,3,-70,0,479,6137,141,100,1,0,0
2578,6,5,768,0,585,18,5,5,1,2,-52,0,530,4568,157,100,1,0,0
2579,4,1,512,0,567,26,11,7,2,1,-61,10,2745,15432,172,100,1,0,0
2579,16,10,1024,20,515,13,9,7,1,1,-70,4,1678,16531,155,100,2,0,0
2579,7,3,768,0,604,17,3,7,1,2,-70,1,1421,16274,163,100,2,0,0
2577,28,22,1536,0,657,13,3,7,1,2,-70,1,526,10040,164,100,1,0,0
2578,26,16,1280,0,562,14,5,7,1,4,-95,2,1235,14661,155,100,2,0,0
2578,20,16,1280,10,691,11,16,7,1,3,-70,0,421,5471,147,100,2,0,0
2578,25,19,1536,0,777,17,11,7,10,4,-70,0,672,6595,160,100,2,1,6
2578,14,10,1024,0,400,5,5,7,1,1,-70,0,746,9936,108,100,3,0,0
2577,27,22,1536,0,730,14,4,5,8,3,-52,0,889,10756,155,100,3,1,6
2578,24,23,1536,0,14,3,4,7,1,2,-52,0,260,4418,24,100,1,0,0
2580,10,5,768,30,590,17,12,7,1,2,-52,8,2429,14509,157,100,1,0,0
2580,8,4,768,10,603,17,25,7,1,2,-70,10,3230,19333,167,100,1,0,0
2579,31,26,1536,0,579,12,5,5,1,2,-52,0,768,10373,153,100,2,0,0
2579,23,18,1280,0,634,14,16,7,1,3,-52,2,1665,36951,156,100,1,0,0
2582,12,8,1024,0,656,13,6,7,1,1,-70,0,570,7900,157,100,2,0,0
2585,5,1,512,0,588,27,5,7,2,1,-76,10,5102,33047,172,100,2,0,0
2583,20,16,1280,0,693,11,16,7,1,3,-70,0,503,4950,147,100,1,0,0
2583,2,4,768,10,610,15,3,5,1,1,-95,0,476,7688,163,100,1,0,0
2584,15,10,1024,0,543,9,19,7,1,1,-52,1,1050,8265,117,100,1,0,0
2581,19,18,1280,0,654,15,22,7,1,3,-52,1,736,23568,164,100,2,0,0
2584,30,26,1536,10,352,4,4,7,1,2,-70,0,343,6965,102,100,1,0,0
2582,18,8,1024,10,599,13,53,7,1,1,-95,10,4823,49730,166,100,3,0,0
2584,13,7,1024,0,650,13,12,7,1,1,-70,0,1206,11827,141,100,2,0,0
2585,4,1,512,10,569,26,11,7,2,1,-61,10,3003,17437,172,100,1,0,0
2581,22,18,1280,0,723,11,5,7,6,1,-70,2,1803,39487,154,100,3,1,6
2583,24,23,1536,0,14,3,4,7,1,2,-52,0,260,4142,24,100,1,0,0
2586,3,1,512,10,574,26,15,7,1,1,-76,2,1247,14180,172,100,1,0,0
2584,23,18,1280,10,636,14,16,7,1,3,-52,2,927,17832,157,100,1,0,0
2586,14,10,1024,0,403,5,5,7,1,1,-70,0,687,7916,109,100,1,0,0
2584,17,18,1280,0,632,11,9,7,1,1,-52,0,599,9454,154,100,3,0,0
2588,1,0,256,0,46,0,0,3,0,0,0,10,2453,25177,4450,100,2,0,0
2584,29,23,1536,0,311,4,6,7,10,1,-70,0,862,9957,92,100,4,1,6
2587,10,5,768,0,593,17,12,7,1,2,-52,8,2148,15625,157,100,1,0,0
2587,8,4,768,10,604,17,25,7,1,2,-70,10,2859,16496,168,100,2,0,0
2587,26,16,1280,10,565,14,5,7,1,4,-95,2,1444,14683,155,100,2,0,0
2586,27,22,1536,0,733,14,4,5,8,3,-52,0,693,9457,155,100,2,1,6
2588,9,4,768,0,630,16,18,7,1,1,-52,0,960,13525,168,100,3,0,0
2587,11,5,768,0,630,19,2,7,1,1,-70,0,590,12951,165,100,2,0,0
2587,18,8,1024,0,599,13,53,7,1,1,-95,10,1712,18970,166,100,1,0,0
2589,21,15,1280,0,565,11,12,7,1,3,-70,0,853,11626,142,100,2,0,0
2589,13,7,1024,0,651,13,12,7,1,1,-70,0,428,4716,142,100,1,0,0
2590,6,5,768,0,592,18,5,5,1,2,-52,0,1172,10670,157,100,3,0,0
2590,7,3,768,0,606,17,3,7,1,2,-70,1,1300,16983,163,100,2,0,0
2587,28,22,1536,0,659,13,3,7,1,2,-70,1,731,12456,165,100,2,0,0
2591,16,10,1024,10,517,13,9,7,1,1,-70,4,2330,20468,156,100,2,0,0
2587,19,18,1280,0,655,15,22,7,1,3,-52,1,632,22915,164,100,1,0,0
2588,25,19,1536,0,781,17,11,7,10,4,-70,0,966,9738,161,100,5,1,6
2592,1,0,256,0,46,0,0,3,0,0,0,10,1244,12470,4458,100,1,0,0
2589,24,23,1536,0,14,3,4,7,1,2,-52,0,341,6134,25,100,1,0,0
2591,2,4,768,10,613,15,3,5,1,1,-95,0,620,9375,163,100,2,0,0
2589,29,23,1536,0,313,4,6,7,10,1,-70,0,494,4805,92,100,2,1,6
2591,31,26,1536,0,582,12,5,5,1,2,-52,0,931,11524,154,100,3,0,0
2589,22,18,1280,0,726,11,5,7,6,1,-70,2,1339,28448,154,100,2,1,6
2591,14,10,1024,0,403,5,5,7,1,1,-70,0,286,4827,109,100,1,0,0
2591,30,26,1536,0,354,4,4,7,1,2,-70,0,525,7302,102,100,1,0,0
2593,3,1,512,0,576,26,15,7,1,1,-76,2,1209,12923,172,100,2,0,0
2592,12,8,1024,10,659,13,6,7,1,1,-70,0,808,10550,158,100,2,0,0
2593,20,16,1280,0,695,11,16,7,1,3,-70,0,703,9869,148,100,2,0,0
2592,23,18,1280,10,638,14,16,7,1,3,-52,2,1499,32734,157,100,2,0,0
2593,18,8,1024,0,600,13,53,7,1,1,-95,10,2415,25990,167,100,1,0,0
2594,26,16,1280,0,566,14,5,7,1,4,-95,2,1245,11592,156,100,1,0,0
2593,17,18,1280,0,635,11,9,7,1,1,-52,0,723,7913,154,100,2,0,0
2594,6,5,768,0,593,18,5,5,1,2,-52,0,449,5155,158,100,1,0,0
2594,13,7,1024,0,653,13,12,7,1,1,-70,0,501,5460,142,100,1,0,0
2595,5,1,512,10,594,27,6,7,2,1,-76,10,5149,31934,173,100,4,0,0
2596,4,1,512,10,570,26,11,7,2,1,-61,10,5474,30968,173,100,2,0,0
2595,15,10,1024,0,544,9,19,7,1,1,-52,1,1239,15263,118,100,2,0,0
2595,8,4,768,0,605,17,25,7,1,2,-70,10,3192,19136,168,100,1,0,0
2594,22,18,1280,0,728,11,5,7,6,1,-70,2,847,17289,155,100,1,1,6
2597,1,0,256,0,46,0,0,3,0,0,0,10,1642,14824,4469,100,1,0,0
2597,10,5,768,40,595,17,12,7,1,2,-52,8,3106,20558,158,100,2,0,0
2595,14,10,1024,10,406,5,5,7,1,1,-70,0,583,4217,110,100,1,0,0
2596,16,10,1024,0,519,13,9,7,1,1,-70,4,1621,10878,157,100,1,0,0
2598,7,3,768,0,607,17,3,7,1,2,-70,1,853,12569,164,100,1,0,0
2594,28,22,1536,0,659,13,3,7,1,2,-70,1,368,8670,166,100,1,0,0
2598,11,5,768,0,637,19,2,7,1,1,-70,0,1264,13098,166,100,2,0,0
2598,9,4,768,0,631,16,18,7,1,1,-52,0,646,12539,169,100,2,0,0
2598,2,4,768,0,613,15,3,5,1,1,-95,0,500,8998,164,100,1,0,0
2598,21,15,1280,10,568,11,12,7,1,3,-70,0,811,8877,143,100,2,0,0
2599,20,16,1280,0,697,11,16,7,1,3,-70,0,502,5680,148,100,1,0,0
2596,27,22,1536,0,736,14,4,5,8,3,-52,0,863,12435,156,100,4,1,6
2600,5,1,512,0,594,27,6,7,2,1,-76,10,1990,12517,173,100,0,0,0
2596,29,23,1536,10,315,4,6,7,10,1,-70,0,757,7518,93,100,2,1,6
2597,24,23,1536,0,14,3,4,7,1,2,-52,0,308,6845,25,100,1,0,0
2598,19,18,1280,0,662,15,22,7,1,3,-52,1,1685,36562,165,100,2,0,0
2601,30,26,1536,0,357,4,4,7,1,2,-70,0,808,9328,103,100,2,0,0
2601,16,10,1024,30,520,13,9,7,1,1,-70,4,892,8048,157,100,1,0,0
2601,8,4,768,20,608,17,25,7,1,2,-70,10,2381,14895,169,100,1,0,0
2600,25,19,1536,0,784,17,11,7,10,4,-70,0,853,11413,162,100,3,1,6
2601,31,26,1536,0,583,12,5,5,1,2,-52,0,443,9125,154,100,1,0,0
2599,17,18,1280,10,638,11,9,7,1,1,-52,0,658,7016,155,100,2,0,0
2601,26,16,1280,0,569,14,5,7,1,4,-95,2,1260,12390,156,100,1,0,0
2600,23,18,1280,0,639,14,16,7,1,3,-52,2,1332,32812,158,100,1,0,0
2603,10,5,768,20,597,17,12,7,1,2,-52,8,2460,14488,158,100,1,0,0
2602,24,23,1536,0,15,3,4,7,1,2,-52,0,391,5160,25,100,1,0,0
2604,6,5,768,0,595,18,5,5,1,2,-52,0,522,7997,158,100,1,0,0
2603,12,8,1024,0,659,13,6,7,1,1,-70,0,457,9858,158,100,2,0,0
2601,14,10,1024,0,409,5,5,7,1,1,-70,0,664,6640,110,100,1,0,0
2604,15,10,1024,10,545,9,19,7,1,1,-52,1,992,10948,119,100,2,0,0
2605,11,5,768,0,638,19,2,7,1,1,-70,0,394,7693,166,100,1,0,0
2603,18,8,1024,0,600,13,53,7,1,1,-95,10,3632,39931,167,100,1,0,0
2604,3,1,512,20,579,26,15,7,1,1,-76,2,1616,18292,173,100,2,0,0
2604,13,7,1024,0,654,13,12,7,1,1,-70,0,595,9105,143,100,2,0,0
2603,27,22,1536,0,740,14,4,5,8,3,-52,0,794,8990,156,100,3,1,6
2603,21,15,1280,0,568,11,12,7,1,3,-70,0,289,4954,143,100,1,0,0
2605,7,3,768,0,610,17,3,7,1,2,-70,1,994,11437,164,100,1,0,0
2603,22,18,1280,0,731,11,5,7,6,1,-70,2,2124,34992,155,100,3,1,6
2607,4,1,512,10,572,26,11,7,2,1,-61,10,5537,31916,174,100,2,0,0
2607,1,0,256,0,46,0,0,3,0,0,0,10,2735,29063,4492,100,1,0,0
2605,29,23,1536,0,320,4,6,7,10,1,-70,0,1025,9341,93,100,4,1,6
2607,5,1,512,0,594,27,6,7,2,1,-76,10,3178,20999,173,100,2,0,0
2607,20,16,1280,0,698,11,16,7,1,3,-70,0,572,7909,149,100,2,0,0
2607,24,23,1536,0,15,3,4,7,1,2,-52,0,316,4318,26,100,1,0,0
2608,10,5,768,10,599,17,12,7,1,2,-52,8,1827,12369,159,100,1,0,0
2607,14,10,1024,0,412,5,5,7,1,1,-70,0,607,6001,110,100,1,0,0
2606,28,22,1536,10,664,13,3,7,1,2,-70,1,1092,14949,166,100,3,0,0
2606,27,22,1536,0,741,14,4,5,8,3,-52,0,426,5589,157,100,1,1,6
2608,2,4,768,0,615,15,3,5,1,1,-95,0,797,12509,165,100,2,0,0
2607,12,8,1024,0,661,13,6,7,1,1,-70,0,622,5636,159,100,1,0,0
2609,31,26,1536,0,583,12,5,5,1,2,-52,0,464,8022,155,100,2,0,0
2610,9,4,768,10,633,16,18,7,1,1,-52,0,692,13674,170,100,2,0,0
2607,23,18,1280,0,641,14,16,7,1,3,-52,2,1370,26797,158,100,1,0,0
2611,6,5,768,0,598,18,5,5,1,2,-52,0,685,7169,159,100,1,0,0
2610,7,3,768,0,612,17,3,7,1,2,-70,1,696,8244,165,100,1,0,0
2607,17,18,1280,0,640,11,9,7,1,1,-52,0,526,7514,155,100,1,0,0
2611,8,4,768,10,610,17,25,7,1,2,-70,10,4199,24624,169,100,2,0,0
2612,16,10,1024,10,521,13,9,7,1,1,-70,4,1952,18240,158,100,1,0,0
2612,11,5,768,0,639,19,2,7,1,1,-70,0,500,10010,167,100,1,0,0
2613,10,5,768,40,600,17,12,7,1,2,-52,8,1292,9698,159,100,1,0,0
2609,19,18,1280,10,667,15,22,7,1,3,-52,1,1360,42166,166,100,2,0,0
2611,30,26,1536,0,361,4,4,7,1,2,-70,0,859,10614,103,100,2,0,0
2610,25,19,1536,0,786,17,11,7,10,4,-70,0,709,9840,162,100,3,1,6
2613,15,10,1024,0,546,9,19,7,1,1,-52,1,865,11078,119,100,1,0,0
2613,14,10,1024,0,413,5,5,7,1,1,-70,0,425,4638,111,100,1,0,0
2615,13,7,1024,0,658,13,12,7,1,1,-70,0,861,9607,143,100,2,0,0
2612,28,22,1536,0,665,13,3,7,1,2,-70,1,481,7095,167,100,1,0,0
2612,26,16,1280,0,571,14,5,7,1,4,-95,2,1694,17020,157,100,2,0,0
2614,3,1,512,0,581,26,15,7,1,1,-76,2,1715,17438,174,100,1,0,0
2615,9,4,768,0,633,16,18,7,1,1,-52,0,394,5989,170,100,1,0,0
2612,21,15,1280,0,571,11,12,7,1,3,-70,0,917,9290,144,100,2,0,0
2613,22,18,1280,0,734,11,5,7,6,1,-70,2,2046,36909,156,100,3,1,6
2614,18,8,1024,30,604,13,53,7,1,1,-95,10,4808,46984,168,100,2,0,0
2617,1,0,256,0,46,0,0,3,0,0,0,10,2685,27027,4510,100,2,0,0
2613,23,18,1280,10,643,14,16,7,1,3,-52,2,1121,22656,159,100,2,0,0
2615,29,23,1536,0,324,4,6,7,10,1,-70,0,1000,9866,94,100,3,1,6
2617,30,26,1536,0,361,4,4,7,1,2,-70,0,343,5507,104,100,1,0,0
2617,5,1,512,0,596,27,6,7,2,1,-76,10,3918,26155,174,100,2,0,0
2616,17,18,1280,0,643,11,9,7,1,1,-52,0,785,7831,156,100,2,0,0
2617,20,16,1280,0,700,11,16,7,1,3,-70,0,647,9594,149,100,2,0,0
2618,4,1,512,0,576,26,11,7,2,1,-61,10,5804,32984,174,100,2,0,0
2615,27,22,1536,0,743,14,4,5,8,3,-52,0,585,9828,157,100,2,1,6
2618,14,10,1024,0,415,5,5,7,1,1,-70,0,500,5212,111,100,1,0,0
2616,12,8,1024,0,666,13,6,7,1,1,-70,0,845,8502,159,100,1,0,0
2618,31,26,1536,0,585,12,5,5,1,2,-52,0,619,8843,155,100,1,0,0
2615,19,18,1280,0,667,15,22,7,1,3,-52,1,988,21279,166,100,1,0,0
2616,24,23,1536,0,15,3,4,7,1,2,-52,0,429,8736,26,100,2,0,0
2618,2,4,768,0,616,15,3,5,1,1,-95,0,537,11260,165,100,2,0,0
2619,16,10,1024,10,524,13,9,7,1,1,-70,4,1947,13611,158,100,2,0,0
2619,28,22,1536,0,665,13,3,7,1,2,-70,1,287,7112,167,100,1,0,0
2620,8,4,768,10,611,17,25,7,1,2,-70,10,3893,22115,170,100,2,0,0
2621,7,3,768,10,615,17,3,7,1,2,-70,1,1171,16648,165,100,2,0,0
2620,24,23,1536,0,15,3,4,7,1,2,-52,0,220,4000,27,100,0,0,0
2622,5,1,512,10,597,27,6,7,2,1,-76,10,1702,12773,174,100,1,0,0
2622,6,5,768,10,600,18,5,5,1,2,-52,0,713,10775,160,100,3,0,0
2623,13,7,1024,0,662,13,12,7,1,1,-70,0,892,8451,144,100,2,0,0
2620,25,19,1536,0,792,18,11,7,10,4,-70,0,1266,10302,163,100,4,1,6
2621,23,18,1280,0,643,14,16,7,1,3,-52,2,1068,26616,159,100,1,0,0
2623,10,5,768,30,602,17,12,7,1,2,-52,8,3644,24830,160,100,2,0,0
2621,12,8,1024,0,667,13,6,7,1,1,-70,0,425,5342,160,100,1,0,0
2623,21,15,1280,0,571,11,12,7,1,3,-70,0,402,9096,144,100,1,0,0
2622,22,18,1280,0,737,11,5,7,6,1,-70,2,1495,29452,157,100,2,1,6
2624,9,4,768,0,636,16,18,7,1,1,-52,0,811,11487,171,100,2,0,0
2623,26,16,1280,0,573,14,5,7,1,4,-95,2,1470,17265,158,100,2,0,0
2624,3,1,512,0,583,26,15,7,1,1,-76,2,1436,15437,174,100,2,0,0
2625,11,5,768,0,642,19,2,7,1,1,-70,0,860,14287,168,100,2,0,0
2623,29,23,1536,0,325,4,6,7,10,1,-70,0,478,7235,94,100,2,1,6
2623,15,10,1024,10,551,9,19,7,1,1,-52,1,1477,13888,120,100,2,0,0
2624,30,26,1536,10,363,4,4,7,1,2,-70,0,394,6199,104,100,1,0,0
2624,18,8,1024,20,604,13,53,7,1,1,-95,10,3557,38685,169,100,2,0,0
2623,28,22,1536,0,667,13,3,7,1,2,-70,1,501,6006,167,100,1,0,0
2626,14,10,1024,0,415,5,5,7,1,1,-70,0,310,6774,111,100,1,0,0
2625,4,1,512,0,576,26,11,7,2,1,-61,10,4286,23727,175,100,2,0,0
2626,1,0,256,0,46,0,0,3,0,0,0,10,2653,26301,4527,100,2,0,0
2626,17,18,1280,0,647,11,9,7,1,1,-52,0,809,9680,157,100,2,0,0
2627,13,7,1024,0,662,13,12,7,1,1,-70,0,166,3530,144,100,0,0,0
2625,31,26,1536,0,586,12,5,5,1,2,-52,0,571,7959,156,100,2,0,0
2628,9,4,768,0,637,16,18,7,1,1,-52,0,272,4747,171,100,0,0,0
2626,22,18,1280,0,737,11,5,7,6,1,-70,2,681,15926,157,100,1,1,6
2628,5,1,512,0,599,27,6,7,2,1,-76,10,3033,17249,175,100,1,0,0
2627,30,26,1536,0,364,4,4,7,1,2,-70,0,557,4809,105,100,1,0,0
2626,27,22,1536,0,744,14,4,5,8,3,-52,0,655,12315,158,100,3,1,6
2629,11,5,768,0,643,19,2,7,1,1,-70,0,369,5516,168,100,1,0,0
2626,25,19,1536,0,793,18,11,7,10,4,-70,0,464,6130,163,100,1,1,6
2628,2,4,768,0,617,15,3,5,1,1,-95,0,526,11871,166,100,1,0,0
2628,20,16,1280,0,702,11,16,7,1,3,-70,0,676,10138,150,100,1,0,0
2627,19,18,1280,10,670,15,22,7,1,3,-52,1,1437,40100,167,100,2,0,0
2628,21,15,1280,10,572,11,12,7,1,3,-70,0,427,5214,145,100,1,0,0
2630,10,5,768,0,604,17,12,7,1,2,-52,8,2589,14784,160,100,1,0,0
2629,8,4,768,0,612,17,25,7,1,2,-70,10,3626,22478,170,100,1,0,0
2628,28,22,1536,0,669,13,3,7,1,2,-70,1,561,6091,168,100,1,0,0
2630,26,16,1280,0,573,14,5,7,1,4,-95,2,1303,12423,158,100,2,0,0
2628,23,18,1280,0,646,14,16,7,1,3,-52,2,1197,28498,159,100,1,0,0
2631,16,10,1024,0,526,13,9,7,1,1,-70,4,2311,19335,159,100,2,0,0
2631,4,1,512,10,578,26,11,7,2,1,-61,10,2833,16360,175,100,1,0,0
2631,3,1,512,0,585,26,15,7,1,1,-76,2,1037,12047,175,100,1,0,0
2628,24,23,1536,0,15,3,4,7,1,2,-52,0,405,7174,27,100,2,0,0
2632,7,3,768,0,620,17,3,7,1,2,-70,1,1906,18420,166,100,3,0,0
2633,14,10,1024,0,416,5,5,7,1,1,-70,0,449,6972,112,100,1,0,0
2632,12,8,1024,0,671,13,6,7,1,1,-70,0,883,10569,160,100,2,0,0
2633,15,10,1024,0,554,9,19,7,1,1,-52,1,1254,13469,121,100,2,0,0
2632,24,23,1536,0,17,3,4,7,1,2,-52,0,474,4719,27,100,1,0,0
2634,6,5,768,0,602,18,5,5,1,2,-52,0,818,10792,160,100,2,0,0
2633,8,4,768,10,613,17,25,7,1,2,-70,10,1521,9518,171,100,1,0,0
2635,1,0,256,0,46,0,0,3,0,0,0,10,2299,24965,4545,100,1,0,0
2634,18,8,1024,20,608,13,53,7,1,1,-95,10,4036,43500,170,100,2,0,0
2633,29,23,1536,0,331,4,6,7,10,1,-70,0,1183,10985,95,100,4,1,6
2634,31,26,1536,0,589,12,5,5,1,2,-52,0,785,8833,157,100,2,0,0
2635,30,26,1536,0,365,4,4,7,1,2,-70,0,417,7632,105,100,1,0,0
2635,25,19,1536,0,798,18,11,7,10,4,-70,0,930,8328,164,100,3,1,6
2637,5,1,512,10,601,27,6,7,2,1,-76,10,3156,22044,175,100,1,0,0
2636,9,4,768,0,642,16,19,7,1,1,-52,0,1077,11720,172,100,3,0,0
2635,28,22,1536,0,672,13,3,7,1,2,-70,1,632,9663,168,100,1,0,0
2637,2,4,768,0,619,15,3,5,1,1,-95,0,620,10187,166,100,2,0,0
2637,4,1,512,20,579,26,11,7,2,1,-61,10,3392,20240,176,100,1,0,0
2638,7,3,768,10,623,17,3,7,1,2,-70,1,735,9096,167,100,0,0,0
2637,17,18,1280,0,648,11,9,7,1,1,-52,0,557,10470,157,100,3,0,0
2637,21,15,1280,0,573,11,12,7,1,3,-70,0,541,8924,145,100,2,0,0
2637,13,7,1024,0,665,13,12,7,1,1,-70,0,809,10917,145,100,2,0,0
2637,19,18,1280,0,671,15,22,7,1,3,-52,1,1214,34626,167,100,2,0,0
2639,10,5,768,0,606,17,12,7,1,2,-52,8,2727,20570,161,100,2,0,0
2638,22,18,1280,0,741,11,5,7,6,1,-70,2,2240,42816,158,100,3,1,6
2639,20,16,1280,0,705,11,16,7,1,3,-70,0,835,11262,151,100,2,0,0
2638,12,8,1024,0,671,13,6,7,1,1,-70,0,343,5820,161,100,1,0,0
2640,15,10,1024,0,555,9,19,7,1,1,-52,1,693,7783,121,100,1,0,0
2638,27,22,1536,0,750,14,4,5,8,3,-52,0,1209,14605,159,100,4,1,6
2641,11,5,768,0,644,19,2,7,1,1,-70,0,645,13835,169,100,2,0,0
2640,8,4,768,40,616,17,25,7,1,2,-70,10,2959,17163,171,100,1,0,0
2640,26,16,1280,10,575,14,5,7,1,4,-95,2,1554,16885,159,100,2,0,0
2641,6,5,768,0,603,18,5,5,1,2,-52,0,472,7184,161,100,1,0,0
2641,16,10,1024,10,529,13,9,7,1,1,-70,4,2108,18116,159,100,2,0,0
2639,18,8,1024,10,609,13,53,7,1,1,-95,10,2224,20634,170,100,1,0,0
2640,23,18,1280,0,650,14,16,7,1,3,-52,2,2091,46011,160,100,2,0,0
2640,28,22,1536,0,673,13,3,7,1,2,-70,1,370,5228,168,100,1,0,0
2642,14,10,1024,0,418,5,5,7,1,1,-70,0,645,8896,112,100,2,0,0
2642,3,1,512,0,586,26,15,7,1,1,-76,2,1583,18003,176,100,2,0,0
2641,9,4,768,10,643,16,19,7,1,1,-52,0,370,6407,172,100,1,0,0
2641,31,26,1536,0,590,12,5,5,1,2,-52,0,394,5262,157,100,1,0,0
2642,4,1,512,20,582,26,11,7,2,1,-61,10,2803,14296,176,100,1,0,0
2644,1,0,256,0,46,0,0,3,0,0,0,10,2451,23314,4560,100,2,0,0
2643,5,1,512,10,603,27,6,7,1,1,-76,10,3024,18268,176,100,1,0,0
2641,25,19,1536,0,800,18,11,7,10,4,-70,0,531,6494,164,100,1,1,6
2642,29,23,1536,0,334,4,6,7,10,1,-70,0,683,7797,96,100,2,1,6
2641,24,23,1536,0,19,3,4,7,1,2,-52,0,578,8991,28,100,1,0,0
2644,15,10,1024,0,557,9,19,7,1,1,-52,1,654,6220,121,100,1,0,0
2644,20,16,1280,10,707,11,16,7,1,3,-70,0,479,4979,151,100,1,0,0
2643,12,8,1024,0,673,13,6,7,1,1,-70,0,476,5150,161,100,1,0,0
2643,18,8,1024,20,610,13,53,7,1,1,-95,10,2131,18235,170,100,1,0,0
2644,21,15,1280,0,575,11,12,7,1,3,-70,0,583,6925,146,100,1,0,0
2646,2,4,768,0,621,15,3,5,1,1,-95,0,728,10902,167,100,2,0,0
2644,30,26,1536,0,367,4,4,7,1,2,-70,0,677,8691,106,100,2,0,0
2646,7,3,768,0,627,17,3,7,1,2,-70,1,1279,13148,167,100,2,0,0
2643,19,18,1280,0,674,15,22,7,1,3,-52,1,1106,22781,168,100,1,0,0
2646,17,18,1280,0,650,11,9,7,1,1,-52,0,582,8347,158,100,1,0,0
2646,22,18,1280,10,745,11,5,7,6,1,-70,2,1771,29854,158,100,4,1,6
2647,26,16,1280,0,577,14,5,7,1,4,-95,2,1155,11345,159,100,1,0,0
2647,8,4,768,20,617,17,25,7,1,2,-70,10,3231,18689,172,100,2,0,0
2645,27,22,1536,0,753,14,4,5,8,3,-52,0,792,9474,159,100,3,1,6
2648,13,7,1024,0,669,13,12,7,1,1,-70,0,941,10597,146,100,2,0,0
2649,10,5,768,0,609,17,12,7,1,2,-52,8,3529,22191,161,100,2,0,0
2650,1,0,256,0,46,0,0,3,0,0,0,10,1556,15301,4572,100,1,0,0
2648,29,23,1536,0,336,4,6,7,10,1,-70,0,657,6390,96,100,3,1,6
2649,16,10,1024,0,531,13,9,7,1,1,-70,4,1689,14240,160,100,1,0,0
2648,23,18,1280,0,653,14,16,7,1,3,-52,2,1747,34099,161,100,2,0,0
2650,11,5,768,0,644,19,2,7,1,1,-70,0,431,10682,169,100,2,0,0
2650,3,1,512,0,588,26,15,7,1,1,-76,2,1158,13226,176,100,2,0,0
2650,4,1,512,10,584,26,11,7,2,1,-61,10,4262,24680,177,100,1,0,0
2649,28,22,1536,0,676,13,3,7,1,2,-70,1,740,12013,169,100,1,0,0
2649,15,10,1024,0,559,9,19,7,1,1,-52,1,854,7083,122,100,1,0,0
2649,14,10,1024,10,418,5,5,7,1,1,-70,0,342,6535,113,100,1,0,0
2650,6,5,768,0,605,18,5,5,1,2,-52,0,643,8412,161,100,2,0,0
2652,5,1,512,60,604,27,6,7,1,1,-76,10,3536,23307,176,100,3,0,0
2652,9,4,768,0,644,16,19,7,1,1,-52,0,646,12454,173,100,2,0,0
2651,18,8,1024,0,611,13,53,7,1,1,-95,10,2553,30487,171,100,1,0,0
2652,7,3,768,0,629,17,3,7,1,2,-70,1,852,10600,168,100,1,0,0
2653,25,19,1536,0,804,18,11,7,10,4,-70,0,930,10831,165,100,4,1,6
2651,24,23,1536,0,21,3,4,7,1,2,-52,0,723,10711,29,100,2,0,0
2650,20,16,1280,0,709,11,16,7,1,3,-70,0,583,6644,152,100,1,0,0
2655,1,0,256,0,46,0,0,3,0,0,0,10,1683,14259,4584,100,1,0,0
2653,2,4,768,0,623,15,3,5,1,1,-95,0,607,9895,168,100,1,0,0
2653,19,18,1280,0,677,15,22,7,1,3,-52,1,1110,35844,168,100,2,0,0
2652,30,26,1536,0,368,4,4,7,1,2,-70,0,514,7224,106,100,2,0,0
2653,31,26,1536,0,591,12,5,5,1,2,-52,0,619,11154,158,100,2,0,0
2653,22,18,1280,0,749,11,5,7,6,1,-70,2,1574,28932,159,100,1,1,6
2655,11,5,768,10,646,20,2,7,1,1,-70,0,534,6242,170,100,1,0,0
2653,27,22,1536,0,757,14,4,5,8,3,-52,0,855,10258,160,100,2,1,6
2653,23,18,1280,0,656,14,16,7,1,3,-52,2,1199,24777,161,100,1,0,0
2655,13,7,1024,0,670,13,13,7,1,1,-70,0,520,6344,146,100,3,0,0
2654,28,22,1536,0,677,13,3,7,1,2,-70,1,371,6121,169,100,1,0,0
2656,10,5,768,0,611,18,12,7,1,2,-52,8,2300,16239,162,100,1,0,0
2657,14,10,1024,0,419,5,5,7,1,1,-70,0,515,7452,113,100,2,0,0
2655,12,8,1024,0,677,13,6,7,1,1,-70,0,940,11777,162,100,2,0,0
2655,21,15,1280,10,578,11,12,7,1,3,-70,0,754,10713,146,100,2,0,0
2654,17,18,1280,10,653,11,9,7,1,1,-52,0,921,9492,159,100,2,0,0
2655,29,23,1536,0,339,4,6,7,10,1,-70,0,691,7362,96,100,2,1,6
2658,5,1,512,0,607,27,6,7,2,1,-76,10,2987,17947,177,100,3,0,0
2657,20,16,1280,0,711,11,16,7,1,3,-70,0,599,6193,152,100,2,0,0
2658,8,4,768,40,621,17,25,7,1,2,-70,10,4357,26157,172,100,1,0,0
2657,26,16,1280,0,579,14,5,7,1,4,-95,2,1610,15741,160,100,2,0,0
2658,25,19,1536,0,807,18,11,7,10,4,-70,0,647,5326,165,100,2,1,6
2660,15,10,1024,0,562,9,19,7,1,1,-52,1,1313,14262,123,100,2,0,0
2660,11,5,768,0,649,20,2,7,1,1,-70,0,714,7571,170,100,1,0,0
2658,28,22,1536,0,680,13,3,7,1,2,-70,1,640,5671,170,100,1,0,0
2660,16,10,1024,0,533,13,9,7,1,1,-70,4,2333,18580,161,100,2,0,0
2659,6,5,768,10,607,19,5,5,1,2,-52,0,755,9492,162,100,2,0,0
2660,4,1,512,0,588,26,11,7,2,1,-61,10,4999,28575,177,100,2,0,0
2659,18,8,1024,0,611,13,53,7,1,1,-95,10,3331,33276,171,100,1,0,0
2660,31,26,1536,0,593,12,5,5,1,2,-52,0,502,6732,158,100,1,0,0
2660,9,4,768,0,646,16,19,7,1,1,-52,0,524,9908,173,100,1,0,0
2661,20,16,1280,0,713,11,16,7,1,3,-70,0,381,4398,152,100,0,0,0
2661,7,3,768,10,631,17,3,7,1,2,-70,1,804,12614,168,100,1,0,0
2660,27,22,1536,0,759,14,4,5,8,3,-52,0,562,8634,160,100,2,1,6
2661,2,4,768,0,625,15,3,5,1,1,-95,0,522,9508,168,100,1,0,0
2660,24,23,1536,10,25,3,5,7,1,2,-52,0,756,8414,29,100,3,0,0
2662,3,1,512,0,590,26,15,7,1,1,-76,2,1745,20167,177,100,2,0,0
2663,1,0,256,0,46,0,0,3,0,0,0,10,2493,24832,4600,100,2,0,0
2664,5,1,512,0,610,27,6,7,2,1,-76,10,2444,15143,177,100,2,0,0
2663,17,18,1280,0,656,11,9,7,1,1,-52,0,828,8822,159,100,2,0,0
2664,30,26,1536,0,369,4,4,7,1,2,-70,0,618,10912,107,100,2,0,0
2663,19,18,1280,0,679,15,22,7,1,3,-52,1,1298,38666,169,100,2,0,0
2665,13,7,1024,10,672,13,13,7,1,1,-70,0,498,9563,147,100,1,0,0
2666,16,10,1024,0,536,13,9,7,1,1,-70,4,1393,10603,161,100,1,0,0
2666,11,5,768,0,652,20,2,7,1,1,-70,0,690,8418,171,100,1,0,0
2667,10,5,768,10,613,18,12,7,1,2,-52,8,3566,24069,163,100,2,0,0
2667,26,16,1280,0,581,14,5,7,1,4,-95,2,1542,15819,160,100,1,0,0
2666,12,8,1024,0,679,13,6,7,1,1,-70,0,726,10652,163,100,2,0,0
2665,28,22,1536,0,682,13,3,7,1,2,-70,1,529,7512,170,100,1,0,0
2666,21,15,1280,0,583,11,12,7,1,3,-70,0,1050,10684,147,100,2,0,0
2666,25,19,1536,0,809,18,11,7,10,4,-70,0,746,7765,166,100,2,1,6
2669,5,1,512,0,610,27,6,7,2,1,-76,10,2044,12868,177,100,1,0,0
2665,22,18,1280,0,752,11,5,7,6,1,-70,2,2502,44791,160,100,3,1,6
2668,31,26,1536,0,598,12,5,5,1,2,-52,0,999,8304,159,100,2,0,0
2668,15,10,1024,0,562,9,19,7,1,1,-52,1,792,10285,123,100,2,0,0
2668,18,8,1024,30,615,13,53,7,1,1,-95,10,3323,36878,172,100,2,0,0
2669,9,4,768,0,650,16,19,7,1,1,-52,0,912,11100,174,100,3,0,0
2669,14,10,1024,0,423,5,5,7,1,1,-70,0,939,11716,114,100,2,0,0
2665,23,18,1280,0,660,14,16,7,1,3,-52,2,2115,47181,162,100,2,0,0
2670,6,5,768,0,609,19,5,5,1,2,-52,0,701,9504,163,100,2,0,0
2670,8,4,768,20,623,17,25,7,1,2,-70,10,4257,27140,173,100,3,0,0
2671,1,0,256,0,46,0,0,3,0,0,0,10,2097,20827,4616,100,1,0,0
2666,29,23,1536,0,344,4,6,7,10,1,-70,0,1076,11026,97,100,4,1,6
2668,19,18,1280,10,679,15,22,7,1,3,-52,1,543,15515,169,100,1,0,0
2671,4,1,512,10,593,26,11,7,2,1,-61,10,5653,32792,178,100,2,0,0
2669,17,18,1280,0,657,11,9,7,1,1,-52,0,394,5615,159,100,1,0,0
2670,7,3,768,0,634,17,3,7,1,2,-70,1,1352,16476,169,100,2,0,0
2669,27,22,1536,0,765,14,4,5,8,3,-52,0,1184,11200,161,100,4,1,6
2670,12,8,1024,0,681,13,6,7,1,1,-70,0,477,4274,163,100,1,0,0
2672,2,4,768,0,630,15,3,5,1,1,-95,0,1048,12898,169,100,2,0,0
2672,26,16,1280,10,582,14,5,7,1,4,-95,2,915,8710,161,100,1,0,0
2671,30,26,1536,0,371,4,4,7,1,2,-70,0,501,6535,107,100,1,0,0
2669,24,23,1536,0,28,3,5,7,1,2,-52,0,817,8923,30,100,1,0,0
2674,14,10,1024,0,425,5,5,7,1,1,-70,0,557,5014,115,100,1,0,0
2674,3,1,512,0,593,26,15,7,1,1,-76,2,1613,18405,178,100,2,0,0
2674,16,10,1024,20,538,13,9,7,1,1,-70,4,1923,14204,162,100,2,0,0
2674,15,10,1024,0,563,9,19,7,1,1,-52,1,573,7281,123,100,1,0,0
2674,13,7,1024,0,674,13,13,7,1,1,-70,0,755,8908,147,100,2,0,0
2671,22,18,1280,0,757,11,5,7,6,1,-70,2,1598,23877,160,100,2,1,6
2673,20,16,1280,0,715,11,16,7,1,3,-70,0,824,10983,153,100,3,0,0
2672,28,22,1536,0,685,13,3,7,1,2,-70,1,785,9390,171,100,2,0,0
2676,6,5,768,20,611,19,5,5,1,2,-52,0,391,5699,163,100,1,0,0
2676,5,1,512,0,612,27,6,7,2,1,-76,10,3213,21335,178,100,1,0,0
2676,10,5,768,0,615,18,12,7,1,2,-52,8,3535,22753,163,100,2,0,0
2674,18,8,1024,20,616,13,53,7,1,1,-95,10,2560,25204,172,100,1,0,0
2676,31,26,1536,0,602,12,5,5,1,2,-52,0,763,8637,159,100,1,0,0
2676,11,5,768,0,654,20,2,7,1,1,-70,0,644,11957,171,100,2,0,0
2676,21,15,1280,0,585,11,12,7,1,3,-70,0,761,9578,148,100,2,0,0
2673,17,18,1280,0,657,11,9,7,1,1,-52,0,319,4470,160,100,1,0,0
2678,1,0,256,0,46,0,0,3,0,0,0,10,1875,20234,4629,100,1,0,0
2677,9,4,768,0,653,16,19,7,1,1,-52,0,631,10204,174,100,1,0,0
2675,12,8,1024,0,681,13,6,7,1,1,-70,0,262,3922,163,100,1,0,0
2675,25,19,1536,0,813,18,11,7,10,4,-70,0,1002,9742,167,100,3,1,6
2674,23,18,1280,0,662,14,16,7,1,3,-52,2,1516,32297,163,100,2,0,0
2679,3,1,512,0,595,26,15,7,1,1,-76,2,802,8547,178,100,1,0,0
2674,24,23,1536,0,29,3,5,7,1,2,-52,0,367,4776,30,100,1,0,0
2675,22,18,1280,0,758,11,5,7,6,1,-70,2,903,16514,160,100,1,1,6
2679,13,7,1024,0,678,13,13,7,1,1,-70,0,747,5084,148,100,1,0,0
2679,8,4,768,40,627,17,25,7,1,2,-70,10,4261,24036,174,100,1,0,0
2680,14,10,1024,0,426,5,5,7,1,1,-70,0,603,6491,115,100,1,0,0
2680,20,16,1280,0,716,11,16,7,1,3,-70,0,452,6314,154,100,1,0,0
2676,19,18,1280,0,679,15,22,7,1,3,-52,1,931,30476,170,100,1,0,0
2677,29,23,1536,0,350,4,6,7,10,1,-70,0,1265,11097,98,100,4,1,6
2680,26,16,1280,10,585,14,5,7,1,4,-95,2,1334,13325,161,100,2,0,0
2680,7,3,768,0,636,17,3,7,1,2,-70,1,1301,14659,169,100,2,0,0
2681,16,10,1024,0,540,13,9,7,1,1,-70,4,1499,12157,162,100,1,0,0
2681,11,5,768,0,655,20,2,7,1,1,-70,0,449,6015,172,100,1,0,0
2680,18,8,1024,10,616,13,53,7,1,1,-95,10,2083,23068,173,100,1,0,0
2679,30,26,1536,0,372,4,4,7,1,2,-70,0,594,8510,108,100,2,0,0
2680,28,22,1536,0,687,13,3,7,1,2,-70,1,553,9359,171,100,1,0,0
2683,4,1,512,20,596,26,12,7,2,1,-61,10,5890,33086,179,100,3,0,0
2680,27,22,1536,0,771,14,4,5,8,3,-52,0,1130,13163,161,100,4,1,6
2682,31,26,1536,10,606,12,5,5,1,2,-52,0,747,6126,160,100,1,0,0
2684,6,5,768,0,613,19,5,5,1,2,-52,0,686,7725,164,100,1,0,0
2684,9,4,768,0,655,16,19,7,1,1,-52,0,654,7529,175,100,1,0,0
2682,15,10,1024,0,564,9,19,7,1,1,-52,1,924,10903,124,100,1,0,0
2685,2,4,768,0,633,15,3,5,1,1,-95,0,832,14400,170,100,2,0,0
2680,24,23,1536,0,32,3,5,7,1,2,-52,0,554,6258,31,100,1,0,0
2685,1,0,256,0,46,0,0,3,0,0,0,10,2241,20957,4645,100,2,0,0
2682,23,18,1280,0,664,14,16,7,1,3,-52,2,1536,30407,163,100,1,0,0
2685,26,16,1280,0,586,14,5,7,1,4,-95,2,1192,8956,162,100,1,0,0
2684,30,26,1536,0,375,4,4,7,1,2,-70,0,583,5034,108,100,1,0,0
2684,25,19,1536,0,818,18,11,7,10,4,-70,0,837,7921,167,100,3,1,6
2684,17,18,1280,0,657,11,9,7,1,1,-52,0,335,8662,160,100,1,0,0
2687,14,10,1024,0,426,5,5,7,1,1,-70,0,286,5793,115,100,1,0,0
2687,5,1,512,0,613,27,6,7,2,1,-76,10,4465,28191,179,100,2,0,0
2687,8,4,768,30,629,17,25,7,1,2,-70,10,2748,16543,174,100,2,0,0
2687,10,5,768,20,618,18,12,7,1,2,-52,8,3709,23955,164,100,2,0,0
2686,22,18,1280,0,762,11,5,7,6,1,-70,2,1826,34724,161,100,3,1,6
2688,9,4,768,0,656,16,19,7,1,1,-52,0,368,5202,175,100,1,0,0
2687,16,10,1024,0,540,13,9,7,1,1,-70,4,1401,11384,162,100,1,0,0
2688,7,3,768,0,637,17,3,7,1,2,-70,1,585,10831,170,100,1,0,0
2685,29,23,1536,0,354,4,6,7,10,1,-70,0,897,8318,98,100,3,1,6
2688,13,7,1024,0,678,13,13,7,1,1,-70,0,311,7808,148,100,1,0,0
2686,12,8,1024,0,684,13,6,7,1,1,-70,0,832,11327,164,100,2,0,0
2686,27,22,1536,0,775,14,4,5,8,3,-52,0,767,7691,162,100,2,1,6
2688,21,15,1280,0,589,11,12,7,1,3,-70,0,941,11375,149,100,2,0,0
2689,20,16,1280,0,721,11,16,7,1,3,-70,0,968,9563,154,100,2,0,0
2687,18,8,1024,30,616,13,53,7,1,1,-95,10,3122,31212,173,100,2,0,0
2691,3,1,512,0,599,26,15,7,1,1,-76,2,1942,18694,179,100,2,0,0
2692,5,1,512,0,613,27,6,7,2,1,-76,10,1513,10669,179,100,1,0,0
2690,15,10,1024,10,567,9,19,7,1,1,-52,1,1092,9855,125,100,2,0,0
2691,2,4,768,0,636,15,3,5,1,1,-95,0,731,8181,170,100,2,0,0
2692,6,5,768,0,615,19,5,5,1,2,-52,0,522,7512,164,100,1,0,0
2687,19,18,1280,0,682,15,22,7,1,3,-52,1,1254,35487,171,100,2,0,0
2691,31,26,1536,0,606,12,5,5,1,2,-52,0,433,8209,160,100,2,0,0
2692,1,0,256,0,46,0,0,3,0,0,0,10,1872,19694,4658,100,1,0,0
2688,17,18,1280,0,658,11,9,7,1,1,-52,0,420,4133,161,100,2,0,0
2693,4,1,512,10,599,26,13,7,2,1,-61,10,5092,29349,179,100,2,0,0
2692,8,4,768,60,632,17,25,7,1,2,-70,10,2562,14559,175,100,1,0,0
2688,28,22,1536,0,690,13,3,7,1,2,-70,1,785,10549,172,100,2,0,0
2693,10,5,768,10,620,18,12,7,1,2,-52,8,2047,13638,164,100,1,0,0
2689,23,18,1280,0,667,14,16,7,1,3,-52,2,1141,25397,163,100,1,0,0
2691,30,26,1536,0,377,4,4,7,1,2,-70,0,557,6172,109,100,1,0,0
2693,11,5,768,0,656,20,2,7,1,1,-70,0,583,13611,172,100,3,0,0
2690,22,18,1280,0,765,11,5,7,6,1,-70,2,1232,16699,161,100,1,1,6
2694,15,10,1024,0,569,9,19,7,1,1,-52,1,647,5583,125,100,1,0,0
2695,13,7,1024,10,680,13,13,7,1,1,-70,0,678,6710,149,100,2,0,0
2693,25,19,1536,0,820,18,11,7,10,4,-70,0,764,8618,168,100,3,1,6
2692,18,8,1024,20,617,13,53,7,1,1,-95,10,2226,22564,173,100,1,0,0
2695,9,4,768,0,658,16,19,7,1,1,-52,0,704,8987,176,100,2,0,0
2695,20,16,1280,0,722,11,16,7,1,3,-70,0,354,5666,155,100,0,0,0
2695,7,3,768,0,638,17,3,7,1,2,-70,1,1063,11705,170,100,2,0,0
2693,19,18,1280,0,684,15,22,7,1,3,-52,1,814,18511,171,100,1,0,0
2697,1,0,256,0,46,0,0,3,0,0,0,10,1168,12732,4665,100,1,0,0
2697,3,1,512,0,600,26,15,7,1,1,-76,2,931,10779,179,100,1,0,0
2691,29,23,1536,0,356,4,6,7,10,1,-70,0,550,6304,99,100,2,1,6
2697,26,16,1280,0,589,14,5,7,1,4,-95,2,1841,18754,162,100,2,0,0
2693,12,8,1024,20,686,13,6,7,1,1,-70,0,501,6659,165,100,1,0,0
2697,16,10,1024,0,543,13,9,7,1,1,-70,4,2150,17160,163,100,2,0,0
2691,24,23,1536,0,38,3,5,7,1,2,-52,0,1095,11383,31,100,2,0,0
2698,14,10,1024,0,429,5,5,7,1,1,-70,0,832,11445,116,100,2,0,0
2694,17,18,1280,0,660,11,9,7,1,1,-52,0,525,6395,161,100,1,0,0
2699,2,4,768,0,638,15,3,5,1,1,-95,0,572,9614,171,100,2,0,0
2699,10,5,768,10,622,18,12,7,1,2,-52,8,2142,14225,165,100,1,0,0
2699,21,15,1280,0,593,11,12,7,1,3,-70,0,862,10651,149,100,2,0,0
2700,13,7,1024,0,682,13,13,7,1,1,-70,0,381,5330,149,100,0,0,0
2700,4,1,512,20,600,26,13,7,2,1,-61,10,4118,23524,180,100,2,0,0
2699,30,26,1536,0,380,4,4,7,1,2,-70,0,631,7945,109,100,1,0,0
2700,11,5,768,0,657,20,2,7,1,1,-70,0,478,8469,173,100,1,0,0
2694,23,18,1280,0,668,14,16,7,1,3,-52,2,1225,24835,164,100,1,0,0
2700,7,3,768,0,640,17,3,7,1,2,-70,1,881,8801,171,100,1,0,0
2701,6,5,768,0,619,19,5,5,1,2,-52,0,1123,9734,165,100,2,0,0
2695,22,18,1280,0,768,11,5,7,6,1,-70,2,1051,21381,162,100,1,1,6
2700,8,4,768,70,635,17,25,7,2,2,-70,10,3872,22152,175,100,1,0,0
2702,5,1,512,0,618,27,6,7,2,1,-76,10,4769,28677,180,100,2,0,0
2696,28,22,1536,0,691,13,3,7,1,2,-70,1,447,9595,172,100,1,0,0
2701,31,26,1536,0,608,12,5,5,1,2,-52,0,702,9424,161,100,2,0,0
2697,27,22,1536,0,778,14,4,5,8,3,-52,0,893,13677,163,100,3,1,6
2698,25,19,1536,0,823,18,11,7,10,4,-70,0,646,5413,168,100,2,1,6
2698,18,8,1024,10,619,13,53,7,1,1,-95,10,2678,23671,174,100,1,0,0
2699,22,18,1280,0,769,11,5,7,6,1,-70,2,908,15340,162,100,2,1,6
2700,12,8,1024,0,687,13,6,7,1,1,-70,0,637,7701,165,100,2,0,0
2701,19,18,1280,0,685,15,22,7,1,3,-52,1,905,28188,171,100,2,0,0
2701,27,22,1536,0,781,14,4,5,8,3,-52,0,645,5789,163,100,2,1,6
2701,29,23,1536,0,361,4,6,7,10,1,-70,0,1082,9905,100,100,3,1,6
2703,20,16,1280,0,727,11,16,7,1,3,-70,0,944,8262,155,100,2,0,0
2702,24,23,1536,0,40,3,5,7,1,2,-52,0,701,10024,32,100,2,0,0
2704,2,4,768,10,641,15,3,5,1,1,-95,0,603,5807,171,100,2,0,0
2702,23,18,1280,10,671,14,16,7,1,3,-52,2,1470,31391,164,100,2,0,0
2704,15,10,1024,0,570,9,19,7,1,1,-52,1,1000,13431,126,100,1,0,0
2704,18,8,1024,10,619,13,53,7,1,1,-95,10,2168,24000,174,100,0,0,0
2704,21,15,1280,0,595,11,12,7,1,3,-70,0,559,5207,150,100,1,0,0
2706,6,5,768,0,620,19,5,5,1,2,-52,0,368,4233,165,100,1,0,0
2706,1,0,256,0,46,0,0,3,0,0,0,10,2887,26626,4687,100,1,0,0
2704,25,19,1536,0,824,18,11,7,10,4,-70,0,470,6170,169,100,2,1,6
2704,30,26,1536,0,381,4,4,7,1,2,-70,0,449,5816,110,100,1,0,0
2706,3,1,512,0,604,26,15,7,1,1,-76,2,1579,15151,180,100,2,0,0
2706,14,10,1024,0,432,5,5,7,1,1,-70,0,682,7909,117,100,2,0,0
2706,26,16,1280,0,591,14,5,7,1,4,-95,2,1622,15867,163,100,1,0,0
2707,9,4,768,0,661,16,19,7,1,1,-52,0,775,13905,176,100,2,0,0
2706,17,18,1280,0,663,11,9,7,1,1,-52,0,809,11339,162,100,2,0,0
2708,5,1,512,0,621,27,6,7,2,1,-76,10,2726,17462,180,100,1,0,0
2706,12,8,1024,0,688,13,6,7,1,1,-70,0,296,5558,165,100,0,0,0
2707,10,5,768,0,624,18,12,7,1,2,-52,8,2924,19333,165,100,1,0,0
2707,7,3,768,10,640,17,3,7,1,2,-70,1,573,10384,171,100,1,0,0
2708,16,10,1024,0,545,13,9,7,1,1,-70,4,2289,19650,164,100,2,0,0
2707,28,22,1536,0,693,13,3,7,1,2,-70,1,800,13311,173,100,2,0,0
2707,29,23,1536,10,365,4,6,7,10,1,-70,0,669,6391,100,100,2,1,6
2709,4,1,512,10,600,26,13,7,2,1,-61,10,5604,31079,181,100,2,0,0
2707,24,23,1536,0,41,3,5,7,1,2,-52,0,462,5544,32,100,1,0,0
2709,11,5,768,0,659,20,2,7,1,1,-70,0,645,11259,173,100,2,0,0
2710,31,26,1536,0,609,12,5,5,1,2,-52,0,442,8659,161,100,1,0,0
2711,13,7,1024,10,689,13,13,7,1,1,-70,0,1155,11137,150,100,2,0,0
2709,27,22,1536,0,785,14,4,5,8,3,-52,0,849,9790,164,100,3,1,6
2711,15,10,1024,0,572,9,19,7,1,1,-52,1,829,8799,126,100,1,0,0
2710,18,8,1024,40,619,13,53,7,1,1,-95,10,2301,25483,175,100,2,0,0
2709,22,18,1280,0,772,11,5,7,6,1,-70,2,2053,37881,163,100,3,1,6
2711,14,10,1024,0,434,5,5,7,1,1,-70,0,500,5558,117,100,1,0,0
2711,8,4,768,0,640,17,25,7,2,2,-70,10,5703,29082,176,100,4,0,0
2712,20,16,1280,0,732,11,16,7,1,3,-70,0,994,8800,156,100,3,0,0
2709,19,18,1280,0,688,15,22,7,1,3,-52,1,1278,35485,172,100,1,0,0
2713,12,8,1024,0,690,13,6,7,1,1,-70,0,723,6527,166,100,2,0,0
2715,3,1,512,10,606,26,15,7,1,1,-76,2,1338,14439,180,100,1,0,0
2713,21,15,1280,10,598,11,12,7,1,3,-70,0,623,8297,150,100,2,0,0
2713,25,19,1536,0,831,18,11,7,10,4,-70,0,1122,8619,169,100,2,1,6
2715,7,3,768,0,641,17,3,7,1,2,-70,1,898,11047,172,100,1,0,0
2714,16,10,1024,0,545,13,9,7,1,1,-70,4,1161,10002,164,100,1,0,0
2712,28,22,1536,0,696,13,3,7,1,2,-70,1,609,7177,173,100,1,0,0
2714,11,5,768,0,661,20,2,7,1,1,-70,0,560,5668,174,100,1,0,0
2715,26,16,1280,0,592,14,5,7,1,4,-95,2,1157,13501,164,100,2,0,0
2714,23,18,1280,0,674,14,16,7,1,3,-52,2,1903,42274,165,100,2,0,0
2714,30,26,1536,0,384,4,4,7,1,2,-70,0,752,9414,110,100,2,0,0
2715,2,4,768,0,644,15,3,5,1,1,-95,0,929,14287,172,100,2,0,0
2716,13,7,1024,0,691,13,13,7,1,1,-70,0,648,5532,150,100,1,0,0
2715,31,26,1536,0,610,12,5,5,1,2,-52,0,426,5079,162,100,1,0,0
2717,5,1,512,0,622,27,6,7,2,1,-76,10,3731,24445,181,100,1,0,0
2717,1,0,256,0,46,0,0,3,0,0,0,10,2967,31241,4708,100,2,0,0
2714,24,23,1536,0,43,3,5,7,1,2,-52,0,651,6821,33,100,2,0,0
2717,6,5,768,0,624,19,5,5,1,2,-52,0,937,11309,166,100,2,0,0
2718,8,4,768,10,642,17,25,7,2,2,-70,10,2240,13588,176,100,1,0,0
2717,10,5,768,10,626,18,12,7,1,2,-52,8,3194,22216,166,100,2,0,0
2717,17,18,1280,0,665,11,9,7,1,1,-52,0,671,10205,162,100,2,0,0
2719,9,4,768,0,665,16,19,7,1,1,-52,0,943,13887,177,100,2,0,0
2717,15,10,1024,10,573,9,19,7,1,1,-52,1,840,8529,126,100,2,0,0
2718,4,1,512,10,600,26,13,7,2,1,-61,10,4394,28417,181,100,1,0,0
2718,18,8,1024,0,624,13,54,7,1,1,-95,10,3074,29369,175,100,2,0,0
2716,27,22,1536,0,787,14,4,5,8,3,-52,0,519,8939,164,100,2,1,6
2718,12,8,1024,10,690,13,6,7,1,1,-70,0,165,4742,166,100,0,0,0
2719,14,10,1024,0,435,5,5,7,1,1,-70,0,546,7128,118,100,2,0,0
2718,22,18,1280,0,774,11,5,7,6,1,-70,2,1453,31129,163,100,3,1,6
2719,20,16,1280,0,733,11,16,7,1,3,-70,0,419,6948,156,100,1,0,0
2718,29,23,1536,0,368,4,6,7,10,1,-70,0,977,10721,101,100,3,1,6
2721,3,1,512,0,606,26,15,7,1,1,-76,2,784,9403,181,100,1,0,0
2721,2,4,768,0,647,15,3,5,1,1,-95,0,600,6396,172,100,2,0,0
2723,5,1,512,0,623,27,6,7,2,1,-76,10,2033,14068,181,100,2,0,0
2721,16,10,1024,10,546,13,9,7,1,1,-70,4,1420,12530,165,100,1,0,0
2722,10,5,768,0,626,18,12,7,1,2,-52,8,1514,10786,166,100,1,0,0
2723,7,3,768,10,644,17,3,7,1,2,-70,1,1038,12558,172,100,1,0,0
2721,19,18,1280,0,691,15,22,7,1,3,-52,1,1565,42002,173,100,2,0,0
2723,20,16,1280,0,733,11,16,7,1,3,-70,0,264,4084,156,100,1,0,0
2724,6,5,768,0,629,19,5,5,1,2,-52,0,814,6978,166,100,2,0,0
2723,23,18,1280,10,677,14,17,7,1,3,-52,2,1476,35616,166,100,2,0,0
2722,28,22,1536,0,697,13,3,7,1,2,-70,1,777,12993,174,100,2,0,0
2723,30,26,1536,0,386,4,4,7,1,2,-70,0,701,8887,111,100,2,0,0
2725,4,1,512,0,600,26,13,7,2,1,-61,10,2914,19798,182,100,1,0,0
2723,25,19,1536,0,836,18,11,7,10,4,-70,0,1105,11561,170,100,3,1,6
2724,29,23,1536,0,369,4,6,7,10,1,-70,0,461,6335,101,100,1,1,6
2726,26,16,1280,0,596,14,5,7,1,4,-95,2,1783,17261,164,100,2,0,0
2726,13,7,1024,0,695,13,13,7,1,1,-70,0,958,9704,151,100,2,0,0
2725,11,5,768,0,665,20,2,7,1,1,-70,0,882,13595,174,100,2,0,0
2727,1,0,256,0,46,0,0,3,0,0,0,10,2532,26641,4729,100,2,0,0
2724,21,15,1280,0,602,11,12,7,1,3,-70,0,1049,11929,151,100,2,0,0
2726,9,4,768,10,666,16,19,7,1,1,-52,0,501,10666,178,100,1,0,0
2726,24,23,1536,0,45,3,5,7,1,2,-52,0,723,10472,34,100,2,0,0
2728,31,26,1536,0,610,12,5,5,1,2,-52,0,456,10919,162,100,2,0,0
2727,8,4,768,0,643,17,25,7,2,2,-70,10,3752,23549,177,100,2,0,0
2726,19,18,1280,0,692,15,22,7,1,3,-52,1,616,16824,173,100,1,0,0
2728,12,8,1024,0,693,13,6,7,1,1,-70,0,809,9104,167,100,2,0,0
2728,14,10,1024,0,437,5,5,7,1,1,-70,0,645,8826,118,100,2,0,0
2726,27,22,1536,0,791,14,4,5,8,3,-52,0,970,12500,165,100,4,1,6
2727,23,18,1280,10,679,14,17,7,1,3,-52,2,1129,17830,166,100,1,0,0
2728,15,10,1024,0,575,9,19,7,1,1,-52,1,1235,14522,127,100,2,0,0
2728,17,18,1280,10,666,11,9,7,1,1,-52,0,596,10740,163,100,2,0,0
2728,20,16,1280,10,734,11,16,7,1,3,-70,0,330,4786,157,100,0,0,0
2730,18,8,1024,0,627,13,54,7,1,1,-95,10,4425,47328,176,100,2,0,0
2729,22,18,1280,0,776,11,5,7,6,1,-70,2,1769,39216,164,100,3,1,6
2731,6,5,768,0,631,19,5,5,1,2,-52,0,675,7003,167,100,2,0,0
2731,2,4,768,0,649,15,3,5,1,1,-95,0,727,12895,173,100,2,0,0
2732,5,1,512,0,624,27,6,7,2,1,-76,10,3709,25242,181,100,1,0,0
2732,7,3,768,0,644,17,3,7,1,2,-70,1,881,12823,173,100,2,0,0
2732,3,1,512,10,608,26,15,7,1,1,-76,2,1589,18299,181,100,2,0,0
2731,11,5,768,0,668,20,2,7,1,1,-70,0,691,7723,175,100,1,0,0
2731,8,4,768,0,643,17,25,7,2,2,-70,10,1754,9959,177,100,1,0,0
2732,10,5,768,10,628,18,12,7,1,2,-52,8,2934,21180,167,100,2,0,0
2729,25,19,1536,0,836,18,11,7,10,4,-70,0,597,6296,170,100,3,1,6
2732,26,16,1280,0,599,14,5,7,1,4,-95,2,1196,10484,165,100,1,0,0
2732,4,1,512,10,601,26,13,7,2,1,-61,10,4143,24512,182,100,2,0,0
2730,28,22,1536,0,697,13,3,7,1,2,-70,1,392,10181,175,100,1,0,0
2731,21,15,1280,0,605,11,12,7,1,3,-70,0,611,6399,151,100,1,0,0
2731,29,23,1536,0,370,4,6,7,10,1,-70,0,468,6338,102,100,2,1,6
2732,16,10,1024,10,552,13,9,7,1,1,-70,4,2851,20203,165,100,2,0,0
2732,30,26,1536,0,390,4,4,7,1,2,-70,0,607,7191,111,100,1,0,0
2732,27,22,1536,0,794,14,4,5,8,3,-52,0,645,5920,165,100,2,1,6
2732,23,18,1280,10,680,14,17,7,1,3,-52,2,826,19507,166,100,1,0,0
2733,31,26,1536,10,612,12,5,5,1,2,-52,0,534,5056,163,100,1,0,0
2733,15,10,1024,10,576,9,19,7,1,1,-52,1,640,5673,127,100,1,0,0
2734,14,10,1024,0,439,5,5,7,1,1,-70,0,556,5688,119,100,1,0,0
2736,1,0,256,0,46,0,0,3,0,0,0,10,2653,25783,4747,100,2,0,0
2735,18,8,1024,0,627,13,54,7,1,1,-95,10,2440,25186,176,100,1,0,0
2735,8,4,768,0,643,17,25,7,2,2,-70,10,1788,10881,178,100,0,0,0
2737,7,3,768,0,645,17,3,7,1,2,-70,1,504,8166,173,100,1,0,0
2734,19,18,1280,10,697,15,22,7,1,3,-52,1,1481,29621,174,100,2,0,0
2736,11,5,768,0,668,20,2,7,1,1,-70,0,261,5349,175,100,1,0,0
2737,13,7,1024,10,698,13,13,7,1,1,-70,0,753,10229,151,100,2,0,0
2735,25,19,1536,0,840,18,11,7,10,4,-70,0,803,5599,171,100,3,1,6
2737,30,26,1536,0,390,4,4,7,1,2,-70,0,342,4989,112,100,1,0,0
2737,4,1,512,0,602,26,13,7,2,1,-61,10,2303,14605,182,100,1,0,0
2737,12,8,1024,0,696,13,6,7,1,1,-70,0,752,9074,167,100,2,0,0
2737,10,5,768,0,628,18,12,7,1,2,-52,8,2421,13588,167,100,1,0,0
2736,24,23,1536,10,48,3,5,7,1,2,-52,0,630,9263,34,100,1,0,0
2737,9,4,768,0,668,16,19,7,1,1,-52,0,767,13342,178,100,3,0,0
2737,16,10,1024,0,553,13,9,7,1,1,-70,4,1178,9606,166,100,1,0,0
2737,29,23,1536,0,373,4,6,7,10,1,-70,0,668,6255,102,100,2,1,6
2740,6,5,768,0,636,19,5,5,1,2,-52,0,843,8054,167,100,1,0,0
2739,2,4,768,0,651,15,3,5,1,1,-95,0,523,9473,173,100,1,0,0
2739,14,10,1024,0,441,5,5,7,1,1,-70,0,379,4812,119,100,0,0,0
2739,15,10,1024,0,578,9,19,7,1,1,-52,1,707,7550,128,100,1,0,0
2740,3,1,512,0,610,26,15,7,1,1,-76,2,1206,12949,182,100,2,0,0
2740,1,0,256,0,46,0,0,3,0,0,0,10,1281,12170,4754,100,1,0,0
2740,26,16,1280,0,601,14,5,7,1,4,-95,2,1394,13021,165,100,1,0,0
2738,19,18,1280,0,698,15,22,7,1,3,-52,1,542,15080,174,100,0,0,0
2739,21,15,1280,0,605,11,12,7,1,3,-70,0,465,7243,152,100,2,0,0
2739,17,18,1280,10,669,11,9,7,1,1,-52,0,718,10439,164,100,3,0,0
2740,20,16,1280,0,735,11,16,7,1,3,-70,0,621,10616,158,100,2,0,0
2738,28,22,1536,0,698,13,3,7,1,2,-70,1,544,9651,175,100,2,0,0
2739,22,18,1280,0,780,11,5,7,6,1,-70,2,2012,38872,164,100,3,1,6
2741,12,8,1024,0,698,13,6,7,1,1,-70,0,532,4787,168,100,1,0,0
2742,31,26,1536,0,614,12,5,5,1,2,-52,0,647,8720,163,100,2,0,0
2743,5,1,512,0,627,27,6,7,2,1,-76,10,5381,30998,182,100,2,0,0
2742,4,1,512,0,603,26,13,7,2,1,-61,10,2854,16726,183,100,1,0,0
2740,24,23,1536,10,50,3,5,7,1,2,-52,0,499,4523,35,100,1,0,0
2739,27,22,1536,0,800,14,4,5,8,3,-52,0,1160,11053,166,100,4,1,6
2743,23,18,1280,10,685,14,17,7,1,3,-52,2,2119,41369,167,100,2,0,0
2744,15,10,1024,0,578,9,19,7,1,1,-52,1,499,6405,128,100,1,0,0
2742,19,18,1280,0,699,15,22,7,1,3,-52,1,552,14594,174,100,0,0,0
2744,7,3,768,10,647,17,3,7,1,2,-70,1,947,11979,174,100,1,0,0
2744,8,4,768,0,646,17,25,7,2,2,-70,10,3855,21144,178,100,2,0,0
2745,26,16,1280,0,602,14,5,7,1,4,-95,2,952,9367,166,100,1,0,0
2744,17,18,1280,0,670,11,9,7,1,1,-52,0,382,4710,164,100,0,0,0
2744,22,18,1280,0,781,11,5,7,6,1,-70,2,875,15797,165,100,1,1,6
2746,30,26,1536,0,393,4,4,7,1,2,-70,0,631,8485,112,100,1,0,0
2747,11,5,768,0,669,20,2,7,1,1,-70,0,524,11425,176,100,1,0,0
2744,29,23,1536,0,375,4,6,7,10,1,-70,0,623,7107,103,100,1,1,6
2745,25,19,1536,0,845,18,11,7,10,4,-70,0,926,9710,171,100,3,1,6
2746,18,8,1024,10,629,13,54,7,1,1,-95,10,4838,47417,177,100,2,0,0
2748,3,1,512,10,611,26,15,7,1,1,-76,2,985,13032,183,100,1,0,0
2749,10,5,768,20,631,18,12,7,1,2,-52,8,3569,24836,168,100,2,0,0
2748,13,7,1024,0,701,13,13,7,1,1,-70,0,835,10753,152,100,2,0,0
2748,9,4,768,0,672,16,19,7,1,1,-52,0,967,13502,179,100,2,0,0
2749,5,1,512,20,629,27,6,7,2,1,-76,10,2456,17725,183,100,1,0,0
2749,6,5,768,0,640,19,5,5,1,2,-52,0,913,9448,168,100,2,0,0
2749,2,4,768,0,654,15,3,5,1,1,-95,0,834,12089,174,100,2,0,0
2748,14,10,1024,10,444,5,5,7,1,1,-70,0,784,8571,120,100,2,0,0
2748,16,10,1024,0,555,13,9,7,1,1,-70,4,2315,18356,166,100,2,0,0
2748,19,18,1280,0,699,15,22,7,1,3,-52,1,591,18768,175,100,1,0,0
2748,20,16,1280,0,740,11,16,7,1,3,-70,0,969,8953,158,100,2,0,0
2749,17,18,1280,0,672,11,9,7,1,1,-52,0,557,5148,165,100,1,0,0
2749,31,26,1536,0,617,12,5,5,1,2,-52,0,688,8454,164,100,1,0,0
2751,1,0,256,0,46,0,0,3,0,0,0,10,3143,32141,4779,100,2,0,0
2750,28,22,1536,0,700,13,3,7,1,2,-70,1,730,13217,176,100,2,0,0
2752,7,3,768,0,650,17,3,7,1,2,-70,1,1011,11761,174,100,1,0,0
2752,4,1,512,0,606,26,13,7,2,1,-61,10,4703,30143,183,100,1,0,0
2752,8,4,768,0,647,17,25,7,2,2,-70,10,2716,17361,179,100,1,0,0
2750,25,19,1536,0,845,18,11,7,10,4,-70,0,345,4562,172,100,1,1,6
2750,22,18,1280,0,782,11,5,7,6,1,-70,2,1047,22640,165,100,2,1,6
2751,21,15,1280,0,608,11,12,7,1,3,-70,0,834,11403,153,100,2,0,0
2752,12,8,1024,0,703,13,6,7,1,1,-70,0,966,10180,168,100,2,0,0
2750,24,23,1536,0,51,3,5,7,1,2,-52,0,593,9929,35,100,2,0,0
2753,30,26,1536,0,396,4,4,7,1,2,-70,0,760,6879,113,100,2,0,0
2750,29,23,1536,0,379,4,6,7,10,1,-70,0,830,6770,103,100,3,1,6
2753,13,7,1024,0,701,13,13,7,1,1,-70,0,345,5006,153,100,1,0,0
2752,27,22,1536,0,805,14,4,5,8,3,-52,0,1047,13799,166,100,4,1,6
2754,26,16,1280,0,604,14,5,7,1,4,-95,2,1542,14347,166,100,2,0,0
2753,16,10,1024,10,556,13,9,7,1,1,-70,4,1295,10424,167,100,1,0,0
2755,11,5,768,0,670,20,2,7,1,1,-70,0,514,9775,176,100,2,0,0
2754,14,10,1024,0,447,5,5,7,1,1,-70,0,632,7077,120,100,1,0,0
2755,3,1,512,0,613,26,15,7,1,1,-76,2,1344,12756,183,100,1,0,0
2754,18,8,1024,0,629,13,54,7,1,1,-95,10,2756,32711,178,100,2,0,0
2755,15,10,1024,20,580,9,20,7,1,1,-52,1,1126,14369,129,100,3,0,0
2756,6,5,768,0,643,19,5,5,1,2,-52,0,661,7344,169,100,1,0,0
2755,23,18,1280,0,688,14,17,7,1,3,-52,2,2039,46189,168,100,2,0,0
2756,9,4,768,0,673,16,19,7,1,1,-52,0,478,9018,180,100,1,0,0
2757,7,3,768,0,651,17,3,7,1,2,-70,1,726,8410,174,100,1,0,0
2757,5,1,512,0,630,27,6,7,2,1,-76,10,3330,21148,183,100,2,0,0
2757,10,5,768,10,633,18,12,7,1,2,-52,8,2809,18325,168,100,2,0,0
2755,19,18,1280,10,701,15,22,7,1,3,-52,1,1161,27928,175,100,2,0,0
2757,12,8,1024,0,703,13,6,7,1,1,-70,0,343,5415,169,100,1,0,0
2757,20,16,1280,0,741,11,16,7,1,3,-70,0,572,7855,159,100,2,0,0
2757,2,4,768,0,656,15,3,5,1,1,-95,0,614,9848,174,100,3,0,0
2758,21,15,1280,0,609,11,12,7,1,3,-70,0,396,6201,153,100,1,0,0
2755,25,19,1536,0,849,18,11,7,10,4,-70,0,777,6153,172,100,2,1,6
2757,29,23,1536,0,383,4,6,7,10,1,-70,0,775,7189,103,100,2,1,6
2759,13,7,1024,10,702,13,13,7,1,1,-70,0,370,5233,153,100,1,0,0
2758,24,23,1536,0,52,3,5,7,1,2,-52,0,568,7957,36,100,2,0,0
2761,11,5,768,10,671,20,2,7,1,1,-70,0,452,6652,177,100,1,0,0
2758,28,22,1536,0,700,13,3,7,1,2,-70,1,409,10155,176,100,2,0,0
2760,30,26,1536,10,397,4,4,7,1,2,-70,0,310,6947,113,100,1,0,0
2760,31,26,1536,0,618,12,5,5,1,2,-52,0,595,9505,165,100,2,0,0
2760,4,1,512,10,606,26,13,7,2,1,-61,10,4668,28519,184,100,2,0,0
2757,27,22,1536,10,811,14,4,5,8,3,-52,0,975,9135,167,100,3,1,6
2761,1,0,256,0,46,0,0,3,0,0,0,10,2569,26682,4796,100,1,0,0
2762,3,1,512,0,614,26,15,7,1,1,-76,2,986,10470,183,100,1,0,0
2761,15,10,1024,10,584,9,20,7,1,1,-52,1,1149,8611,129,100,1,0,0
2762,8,4,768,0,651,17,25,7,2,2,-70,10,4450,25851,179,100,2,0,0
2763,10,5,768,0,635,18,12,7,1,2,-52,8,2055,13089,169,100,1,0,0
2761,18,8,1024,30,631,13,54,7,1,1,-95,10,2674,27891,178,100,1,0,0
2763,9,4,768,10,675,16,19,7,1,1,-52,0,392,7641,180,100,1,0,0
2760,25,19,1536,0,851,18,11,7,10,4,-70,0,479,4296,172,100,1,1,6
2760,17,18,1280,10,676,11,9,7,1,1,-52,0,777,11655,165,100,2,0,0
2760,22,18,1280,0,785,11,5,7,6,1,-70,2,2084,39626,166,100,4,1,6
2763,16,10,1024,10,559,13,9,7,1,1,-70,4,1877,15709,167,100,2,0,0
2763,23,18,1280,0,689,14,17,7,1,3,-52,2,1552,33491,168,100,2,0,0
2763,14,10,1024,10,449,5,5,7,1,1,-70,0,570,8183,121,100,2,0,0
2764,24,23,1536,0,55,3,5,7,1,2,-52,0,508,5835,36,100,0,0,0
2762,26,16,1280,10,605,14,5,7,1,4,-95,2,1392,15325,167,100,2,0,0
2765,31,26,1536,0,619,12,5,5,1,2,-52,0,394,5469,165,100,1,0,0
2767,7,3,768,0,653,17,3,7,1,2,-70,1,1051,14887,175,100,2,0,0
2765,21,15,1280,0,613,11,12,7,1,3,-70,0,796,8049,154,100,1,0,0
2767,12,8,1024,0,711,13,6,7,1,1,-70,0,1190,10044,169,100,1,0,0
2767,1,0,256,0,46,0,0,3,0,0,0,10,1782,16867,4810,100,2,0,0
2768,5,1,512,10,634,27,6,7,1,1,-76,10,4642,29731,184,100,2,0,0
2765,29,23,1536,0,389,4,6,7,10,1,-70,0,1069,8944,104,100,2,1,6
2767,6,5,768,0,646,19,5,5,1,2,-52,0,774,10812,169,100,2,0,0
2769,9,4,768,0,675,16,19,7,1,1,-52,0,477,7305,181,100,1,0,0
2767,20,16,1280,0,743,11,16,7,1,3,-70,0,550,9329,159,100,1,0,0
2769,17,18,1280,10,680,11,9,7,1,1,-52,0,773,6579,166,100,1,0,0
2767,19,18,1280,0,704,15,22,7,1,3,-52,1,1560,40758,176,100,2,0,0
2770,18,8,1024,0,632,13,54,7,1,1,-95,10,2864,28599,179,100,1,0,0
2770,16,10,1024,0,560,13,9,7,1,1,-70,4,1375,10744,168,100,1,0,0
2769,2,4,768,0,658,15,3,5,1,1,-95,0,751,14227,175,100,2,0,0
2769,8,4,768,0,651,17,25,7,2,2,-70,10,3072,18323,180,100,1,0,0
2767,27,22,1536,0,817,14,4,5,8,3,-52,0,1136,11794,167,100,3,1,6
2770,11,5,768,0,674,20,2,7,1,1,-70,0,846,12228,177,100,2,0,0
2770,3,1,512,10,616,26,15,7,1,1,-76,2,1155,14317,184,100,2,0,0
2769,23,18,1280,0,690,14,17,7,1,3,-52,2,1013,23533,169,100,1,0,0
2771,15,10,1024,0,587,9,20,7,1,1,-52,1,1216,12069,130,100,1,0,0
2770,13,7,1024,0,705,13,13,7,1,1,-70,0,834,10986,154,100,2,0,0
2770,24,23,1536,0,56,3,5,7,1,2,-52,0,488,5319,36,100,2,0,0
2770,26,16,1280,10,608,14,5,7,1,4,-95,2,1295,12480,167,100,1,0,0
2769,28,22,1536,0,704,13,3,7,1,2,-70,1,970,14353,177,100,2,0,0
2771,30,26,1536,0,399,4,4,7,1,2,-70,0,833,10971,114,100,2,0,0
2771,31,26,1536,0,621,12,5,5,1,2,-52,0,501,5665,165,100,1,0,0
2772,4,1,512,10,608,26,13,7,2,1,-61,10,5998,38279,185,100,2,0,0
2772,12,8,1024,0,713,13,6,7,1,1,-70,0,535,5748,170,100,1,0,0
2771,25,19,1536,0,856,18,11,7,10,4,-70,0,1169,11702,173,100,4,1,6
2774,10,5,768,0,637,18,12,7,1,2,-52,8,3765,26120,170,100,2,0,0
2771,27,22,1536,0,820,14,4,5,8,3,-52,0,696,5956,168,100,3,1,6
2775,22,18,1280,0,789,11,5,7,6,1,-70,2,2278,43319,167,100,3,1,6
2774,14,10,1024,0,453,5,5,7,1,1,-70,0,991,11003,121,100,2,0,0
2775,7,3,768,0,653,17,3,7,1,2,-70,1,937,13575,176,100,2,0,0
2774,2,4,768,0,659,15,3,5,1,1,-95,0,476,7657,176,100,1,0,0
2773,21,15,1280,0,614,11,12,7,1,3,-70,0,586,7322,154,100,2,0,0
2777,9,4,768,0,678,16,20,7,1,1,-52,0,755,10181,181,100,3,0,0
2776,12,8,1024,0,715,13,6,7,1,1,-70,0,476,4422,170,100,1,0,0
2777,15,10,1024,10,592,9,20,7,1,1,-52,1,1292,10048,130,100,2,0,0
2777,1,0,256,0,46,0,0,3,0,0,0,10,2818,26435,4830,100,2,0,0
2778,18,8,1024,0,634,13,54,7,1,1,-95,10,3095,36183,179,100,2,0,0
2778,29,23,1536,0,395,4,6,7,10,1,-70,0,1210,11621,105,100,4,1,6
2778,6,5,768,0,651,19,5,5,1,2,-52,0,1021,11428,170,100,2,0,0
2776,27,22,1536,0,823,14,4,5,8,3,-52,0,511,6305,168,100,0,1,6
2779,5,1,512,40,639,27,6,7,1,1,-76,10,4753,31753,185,100,4,0,0
2778,23,18,1280,0,691,14,17,7,1,3,-52,2,1456,34859,169,100,1,0,0
2779,3,1,512,0,617,26,15,7,1,1,-76,2,1156,15018,185,100,2,0,0
2779,24,23,1536,0,58,3,5,7,1,2,-52,0,578,8159,37,100,1,0,0
2777,19,18,1280,10,706,15,22,7,1,3,-52,1,1015,37823,177,100,2,0,0
2778,20,16,1280,0,745,11,17,7,1,3,-70,0,731,10318,160,100,3,0,0
2780,13,7,1024,0,706,13,13,7,1,1,-70,0,540,9778,154,100,2,0,0
2781,9,4,768,0,678,16,20,7,1,1,-52,0,189,5916,181,100,0,0,0
2781,8,4,768,10,653,17,25,7,1,2,-70,10,4523,28669,180,100,3,0,0
2779,11,5,768,0,677,20,2,7,1,1,-70,0,812,12024,178,100,2,0,0
2781,17,18,1280,10,682,11,9,7,1,1,-52,0,967,11469,167,100,3,0,0
2781,16,10,1024,0,561,13,9,7,1,1,-70,4,2067,19363,169,100,2,0,0
2782,14,10,1024,0,455,5,5,7,1,1,-70,0,581,7955,122,100,1,0,0
2779,28,22,1536,0,707,13,3,7,1,2,-70,1,838,12822,178,100,2,0,0
2783,26,16,1280,0,609,14,5,7,1,4,-95,2,1403,16587,168,100,2,0,0
2782,30,26,1536,0,400,4,4,7,1,2,-70,0,805,10756,115,100,2,0,0
2784,4,1,512,10,611,26,13,7,2,1,-61,10,5458,35000,186,100,2,0,0
2783,29,23,1536,0,398,4,6,7,10,1,-70,0,618,4838,105,100,2,1,6
2782,31,26,1536,0,622,12,5,5,1,2,-52,0,619,10415,166,100,2,0,0
2783,25,19,1536,0,860,18,11,7,10,4,-70,0,952,10877,174,100,3,1,6
2783,21,15,1280,0,618,11,12,7,1,3,-70,0,917,10350,155,100,2,0,0
2785,10,5,768,10,643,18,12,7,1,2,-52,8,4234,26566,170,100,3,0,0
2785,6,5,768,0,655,19,5,5,1,2,-52,0,738,7402,170,100,1,0,0
2786,9,4,768,0,679,16,20,7,1,1,-52,0,452,5884,182,100,1,0,0
2785,22,18,1280,0,794,11,5,7,6,1,-70,2,2237,43962,167,100,3,1,6
2786,2,4,768,0,661,15,3,5,1,1,-95,0,667,12740,176,100,2,0,0
2786,7,3,768,20,653,17,3,7,1,2,-70,1,874,16074,177,100,2,0,0
2785,23,18,1280,10,691,14,17,7,1,3,-52,2,1219,28512,170,100,2,0,0
2786,12,8,1024,10,719,13,6,7,1,1,-70,0,808,9805,171,100,2,0,0
2787,13,7,1024,20,708,13,13,7,1,1,-70,0,450,6580,155,100,1,0,0
2787,3,1,512,10,623,26,15,7,1,1,-76,2,1815,14493,185,100,1,0,0
2787,19,18,1280,0,710,15,22,7,1,3,-52,1,1461,29863,177,100,1,0,0
2788,1,0,256,0,46,0,0,3,0,0,0,10,2966,27604,4850,100,2,0,0
2787,24,23,1536,0,60,3,5,7,1,2,-52,0,579,8323,38,100,1,0,0
2788,5,1,512,10,639,27,6,7,1,1,-76,10,3500,24076,185,100,2,0,0
2788,15,10,1024,0,593,10,20,7,1,1,-52,1,1186,14447,131,100,1,0,0
2786,28,22,1536,0,710,13,3,7,1,2,-70,1,609,8080,178,100,1,0,0
2789,8,4,768,10,655,17,25,7,1,2,-70,10,3329,20705,181,100,2,0,0
2790,4,1,512,10,613,26,13,7,2,1,-61,10,2867,16663,186,100,1,0,0
2788,27,22,1536,0,826,14,4,5,8,3,-52,0,869,12096,169,100,3,1,6
2789,11,5,768,0,681,20,2,7,1,1,-70,0,818,11906,179,100,1,0,0
2789,18,8,1024,0,636,13,54,7,1,1,-95,10,4743,48193,180,100,2,0,0
2790,10,5,768,10,644,18,12,7,1,2,-52,8,1233,10131,171,100,2,0,0
2790,16,10,1024,0,563,14,9,7,1,1,-70,4,1747,15629,169,100,2,0,0
2791,23,18,1280,0,692,14,17,7,1,3,-52,2,793,18811,170,100,0,0,0
2790,20,16,1280,0,747,11,17,7,1,3,-70,0,825,11404,161,100,3,0,0
2791,7,3,768,0,653,17,3,7,1,2,-70,1,666,9040,177,100,1,0,0
2791,17,18,1280,0,684,11,9,7,1,1,-52,0,764,11029,167,100,3,0,0
2791,29,23,1536,0,399,4,6,7,10,1,-70,0,593,7907,106,100,3,1,6
2790,21,15,1280,10,621,11,12,7,1,3,-70,0,610,6428,155,100,1,0,0
2792,2,4,768,0,662,15,3,5,1,1,-95,0,476,7868,177,100,1,0,0
2792,5,1,512,40,640,27,6,7,1,1,-76,10,1838,11530,186,100,0,0,0
2793,9,4,768,0,680,16,20,7,1,1,-52,0,513,8811,182,100,2,0,0
2794,4,1,512,10,615,26,13,7,2,1,-61,10,2399,12924,186,100,1,0,0
2794,12,8,1024,0,720,13,6,7,1,1,-70,0,525,6800,171,100,1,0,0
2792,26,16,1280,10,613,14,5,7,1,4,-95,2,1659,15638,169,100,2,0,0
2792,6,5,768,0,655,19,5,5,1,2,-52,0,437,6200,171,100,2,0,0
2793,18,8,1024,0,636,13,54,7,1,1,-95,10,1445,17250,180,100,1,0,0
2791,30,26,1536,0,401,4,4,7,1,2,-70,0,539,8595,115,100,2,0,0
2791,14,10,1024,10,456,6,5,7,1,1,-70,0,650,9272,123,100,2,0,0
2795,31,26,1536,0,623,12,5,5,1,2,-52,0,596,10244,167,100,2,0,0
2794,11,5,768,0,686,20,2,7,1,1,-70,0,849,7504,179,100,1,0,0
2795,15,10,1024,0,594,10,20,7,1,1,-52,1,940,9039,131,100,2,0,0
2794,25,19,1536,0,866,18,11,7,10,4,-70,0,1117,11282,174,100,4,1,6
2795,3,1,512,10,626,26,15,7,1,1,-76,2,1098,12959,186,100,2,0,0
2795,23,18,1280,10,693,14,17,7,1,3,-52,2,927,19762,171,100,1,0,0
2797,1,0,256,0,46,0,0,3,0,0,0,10,2448,22543,4867,100,1,0,0
2795,22,18,1280,10,799,11,5,7,6,1,-70,2,2203,38677,168,100,4,1,6
2796,26,16,1280,10,615,14,5,7,1,4,-95,2,1062,8590,169,100,0,0,0
2797,13,7,1024,0,710,13,13,7,1,1,-70,0,779,10003,155,100,2,0,0
2794,28,22,1536,0,713,13,3,7,1,2,-70,1,716,10364,179,100,1,0,0
2796,27,22,1536,0,830,14,4,5,8,3,-52,0,867,9429,169,100,4,1,6
2798,30,26,1536,0,403,4,4,7,1,2,-70,0,556,6716,116,100,1,0,0
2799,10,5,768,0,647,18,12,7,1,2,-52,8,3205,20649,171,100,1,0,0
2799,11,5,768,0,688,20,2,7,1,1,-70,0,475,6026,179,100,1,0,0
2800,16,10,1024,0,565,14,9,7,1,1,-70,4,2153,17190,170,100,1,0,0
2799,6,5,768,0,657,19,5,5,1,2,-52,0,522,7219,171,100,1,0,0
2795,24,23,1536,0,62,3,5,7,1,2,-52,0,619,8172,38,100,2,0,0
2796,19,18,1280,0,712,15,22,7,1,3,-52,1,1188,32656,178,100,2,0,0
2800,2,4,768,0,665,15,3,5,1,1,-95,0,599,8505,177,100,2,0,0
2800,14,10,1024,0,457,6,5,7,1,1,-70,0,539,8411,123,100,2,0,0
2801,9,4,768,0,683,16,20,7,1,1,-52,0,690,9417,183,100,1,0,0
2801,20,16,1280,0,749,11,17,7,1,3,-70,0,551,9705,161,100,1,0,0
2799,18,8,1024,20,638,13,54,7,1,1,-95,10,2481,23017,181,100,1,0,0
2797,17,18,1280,0,686,11,9,7,1,1,-52,0,582,6946,168,100,1,0,0
2801,8,4,768,30,661,17,25,7,1,2,-70,10,5187,29200,182,100,4,0,0
2798,28,22,1536,10,715,13,3,7,1,2,-70,1,371,5096,179,100,1,0,0
2802,31,26,1536,0,626,12,5,5,1,2,-52,0,730,8656,167,100,2,0,0
2800,22,18,1280,0,800,11,5,7,6,1,-70,2,1217,18535,168,100,1,1,6
2802,21,15,1280,10,624,11,12,7,1,3,-70,0,891,10284,156,100,2,0,0
2803,1,0,256,0,46,0,0,3,0,0,0,10,1966,19196,4880,100,1,0,0
2803,7,3,768,0,655,17,3,7,1,2,-70,1,1224,18232,178,100,2,0,0
2800,25,19,1536,0,870,18,11,7,10,4,-70,0,879,6926,175,100,1,1,6
2802,17,18,1280,0,686,11,9,7,1,1,-52,0,263,4240,168,100,1,0,0
2804,5,1,512,0,643,27,6,7,2,1,-76,10,5200,32959,186,100,3,0,0
2804,4,1,512,10,621,26,13,7,2,1,-61,10,5726,31451,187,100,2,0,0
2803,12,8,1024,0,723,13,6,7,1,1,-70,0,784,9116,172,100,2,0,0
2802,27,22,1536,0,832,14,4,5,8,3,-52,0,585,8101,169,100,2,1,6
2802,29,23,1536,0,405,4,6,7,10,1,-70,0,1321,11643,106,100,4,1,6
2806,9,4,768,0,685,16,20,7,1,1,-52,0,499,6889,183,100,1,0,0
2805,3,1,512,0,631,26,15,7,1,1,-76,2,1753,17551,186,100,2,0,0
2806,6,5,768,0,658,19,5,5,1,2,-52,0,447,6248,172,100,1,0,0
2807,10,5,768,10,649,18,12,7,1,2,-52,8,2274,16892,172,100,3,0,0
2805,19,18,1280,0,712,15,22,7,1,3,-52,1,856,31895,178,100,1,0,0
2807,15,10,1024,0,597,10,20,7,1,1,-52,1,1272,15051,132,100,2,0,0
2805,23,18,1280,0,696,14,17,7,1,3,-52,2,1763,39186,171,100,2,0,0
2806,26,16,1280,10,618,14,5,7,1,4,-95,2,2228,18029,170,100,2,0,0
2807,16,10,1024,10,566,14,9,7,1,1,-70,4,1389,12344,170,100,2,0,0
2808,11,5,768,0,691,20,2,7,1,1,-70,0,835,11001,180,100,2,0,0
2806,24,23,1536,0,65,3,5,7,1,2,-52,0,830,11662,39,100,2,0,0
2807,27,22,1536,0,833,14,4,5,8,3,-52,0,420,6223,170,100,2,1,6
2808,13,7,1024,0,712,13,13,7,1,1,-70,0,703,10521,156,100,2,0,0
2808,5,1,512,10,647,27,6,7,2,1,-76,10,2295,12842,187,100,2,0,0
2809,22,18,1280,0,801,11,5,7,6,1,-70,2,1454,28060,169,100,2,1,6
2809,20,16,1280,10,750,11,17,7,1,3,-70,0,572,8007,162,100,2,0,0
2810,18,8,1024,0,642,13,54,7,1,1,-95,10,4410,45016,181,100,2,0,0
2811,21,15,1280,0,627,11,12,7,1,3,-70,0,1027,9373,157,100,2,0,0
2808,25,19,1536,0,873,18,11,7,10,4,-70,0,785,7636,175,100,4,1,6
2811,1,0,256,0,46,0,0,3,0,0,0,10,2107,21430,4894,100,2,0,0
2811,3,1,512,0,632,26,15,7,1,1,-76,2,658,7821,187,100,1,0,0
2810,29,23,1536,0,408,4,6,7,10,1,-70,0,750,8452,107,100,2,1,6
2812,2,4,768,0,667,15,3,5,1,1,-95,0,848,14156,178,100,3,0,0
2812,14,10,1024,0,459,6,5,7,1,1,-70,0,725,11225,124,100,2,0,0
2812,8,4,768,10,663,17,25,7,1,2,-70,10,4480,26695,182,100,2,0,0
2812,11,5,768,0,694,20,2,7,1,1,-70,0,583,5884,180,100,1,0,0
2809,28,22,1536,0,717,13,3,7,1,2,-70,1,862,14058,180,100,2,0,0
2813,20,16,1280,0,751,11,17,7,1,3,-70,0,462,4265,162,100,1,0,0
2810,24,23,1536,0,67,3,5,7,1,2,-52,0,475,4641,39,100,1,0,0
2814,10,5,768,20,652,18,12,7,1,2,-52,8,2357,15380,172,100,1,0,0
2812,7,3,768,0,656,17,3,7,1,2,-70,1,984,13641,178,100,2,0,0
2813,15,10,1024,0,598,10,20,7,1,1,-52,1,816,8924,133,100,1,0,0
2813,17,18,1280,0,688,11,9,7,1,1,-52,0,702,9642,169,100,2,0,0
2815,4,1,512,10,622,26,13,7,2,1,-61,10,5369,30625,188,100,2,0,0
2814,12,8,1024,0,728,13,6,7,1,1,-70,0,1046,10665,173,100,2,0,0
2814,6,5,768,10,660,19,5,5,1,2,-52,0,619,7732,172,100,2,0,0
2813,23,18,1280,0,698,14,17,7,1,3,-52,2,1352,28575,172,100,1,0,0
2815,9,4,768,0,690,16,20,7,1,1,-52,0,1049,12006,184,100,2,0,0
2815,16,10,1024,0,567,14,9,7,1,1,-70,4,1243,13377,171,100,1,0,0
2814,19,18,1280,0,716,15,22,7,1,3,-52,1,1460,34798,179,100,2,0,0
2816,1,0,256,0,46,0,0,3,0,0,0,10,1328,13650,4903,100,0,0,0
2816,2,4,768,10,669,15,3,5,1,1,-95,0,295,5936,178,100,0,0,0
2816,18,8,1024,0,643,13,54,7,1,1,-95,10,2300,25541,182,100,1,0,0
2817,13,7,1024,0,716,13,13,7,1,1,-70,0,917,9128,157,100,2,0,0
2817,8,4,768,10,664,17,25,7,1,2,-70,10,2136,12712,183,100,1,0,0
2818,11,5,768,10,695,20,2,7,1,1,-70,0,368,6147,180,100,1,0,0
2816,25,19,1536,0,875,18,11,7,10,4,-70,0,747,7855,176,100,2,1,6
2818,14,10,1024,0,460,6,5,7,1,1,-70,0,394,5726,124,100,1,0,0
2818,3,1,512,10,632,26,15,7,1,1,-76,2,990,10933,187,100,1,0,0
2817,27,22,1536,0,837,14,4,5,8,3,-52,0,1019,12191,170,100,2,1,6
2816,24,23,1536,0,68,3,6,7,1,2,-52,0,475,6166,40,100,2,0,0
2817,17,18,1280,0,688,11,9,7,1,1,-52,0,287,4716,169,100,1,0,0
2819,7,3,768,0,657,17,3,7,1,2,-70,1,827,10705,179,100,1,0,0
2817,22,18,1280,0,803,11,5,7,6,1,-70,2,1345,33315,170,100,3,1,6
2820,16,10,1024,0,568,14,9,7,1,1,-70,4,629,7740,171,100,1,0,0
2819,6,5,768,0,660,19,5,5,1,2,-52,0,341,5152,173,100,1,0,0
2821,5,1,512,0,649,27,6,7,2,1,-76,10,4232,29685,187,100,2,0,0
2821,29,23,1536,0,414,4,6,7,10,1,-70,0,1184,10700,108,100,4,1,6
2822,10,5,768,0,656,18,12,7,1,2,-52,8,2314,18270,173,100,2,0,0
2823,20,16,1280,0,753,11,17,7,1,3,-70,0,679,9315,163,100,2,0,0
2823,2,4,768,0,670,15,3,5,1,1,-95,0,680,7795,179,100,2,0,0
2823,13,7,1024,0,717,13,13,7,1,1,-70,0,394,5375,157,100,1,0,0
2821,21,15,1280,10,628,11,12,7,1,3,-70,1,580,10854,157,100,1,0,0
2823,4,1,512,20,624,26,13,7,2,1,-61,10,3969,24700,188,100,1,0,0
2823,11,5,768,0,696,20,2,7,1,1,-70,0,477,6845,181,100,1,0,0
2821,23,18,1280,10,700,14,17,7,1,3,-52,2,1577,36574,172,100,2,0,0
2823,28,22,1536,10,723,13,3,7,1,2,-70,1,1230,15019,181,100,2,0,0
2824,16,10,1024,0,570,14,9,7,1,1,-70,4,745,7361,172,100,1,0,0
2824,12,8,1024,0,730,13,6,7,1,1,-70,0,647,10195,173,100,2,0,0
2825,15,10,1024,0,598,10,20,7,1,1,-52,4,1201,14566,133,100,2,0,0
2823,27,22,1536,0,841,14,4,5,8,3,-52,0,835,8310,171,100,2,1,6
2825,8,4,768,20,666,17,25,7,1,2,-70,10,2962,18558,183,100,1,0,0
2825,6,5,768,0,663,19,5,5,1,2,-52,0,605,5643,173,100,1,0,0
2823,19,18,1280,0,720,15,22,7,1,3,-52,1,1340,32065,180,100,2,0,0
2826,1,0,256,0,46,0,0,3,0,0,0,10,2656,27898,4920,100,2,0,0
2824,18,8,1024,30,647,13,54,7,1,1,-95,10,3840,35398,182,100,2,0,0
2825,9,4,768,0,695,16,20,7,1,1,-52,0,967,13441,184,100,2,0,0
2827,5,1,512,10,649,27,6,7,2,1,-76,10,2344,16959,188,100,1,0,0
2822,25,19,1536,0,878,18,11,7,10,4,-70,0,670,6733,176,100,2,1,6
2823,24,23,1536,0,70,3,6,7,1,2,-52,0,498,7354,40,100,1,0,0
2828,3,1,512,10,638,26,15,7,1,1,-76,2,1739,16661,188,100,2,0,0
2829,10,5,768,20,658,18,12,7,1,2,-52,8,1939,14935,173,100,1,0,0
2830,7,3,768,0,660,17,3,7,1,2,-70,1,1197,15124,179,100,2,0,0
2828,14,10,1024,0,463,6,5,7,1,1,-70,0,808,10508,125,100,2,0,0
2829,13,7,1024,0,719,13,13,7,1,1,-70,0,557,6367,158,100,1,0,0
2830,8,4,768,30,668,17,25,7,1,2,-70,10,1822,11253,184,100,1,0,0
2829,2,4,768,0,671,15,3,5,1,1,-95,0,391,8020,179,100,1,0,0
2830,9,4,768,0,695,16,20,7,1,1,-52,0,346,5103,185,100,1,0,0
2828,22,18,1280,0,808,11,5,7,6,1,-70,2,2390,41083,170,100,4,1,6
2828,17,18,1280,0,693,11,9,7,1,1,-52,0,1023,11435,170,100,2,0,0
2830,19,18,1280,10,722,15,22,7,1,3,-52,1,871,21391,180,100,1,0,0
2831,11,5,768,0,696,20,2,7,1,1,-70,0,309,9260,181,100,1,0,0
2830,25,19,1536,0,881,18,11,7,10,4,-70,0,660,6476,177,100,2,1,6
2813,26,21,1664,50,621,16,5,7,0,5,-52,2,2385,13610,170,100,2,0,0
2830,23,18,1280,0,701,14,18,7,1,3,-52,2,1052,30916,173,100,2,0,0
2817,26,21,1664,90,624,16,5,7,0,5,-52,2,676,7010,170,100,1,0,0
2831,29,23,1536,0,416,4,6,7,10,1,-70,0,709,9526,108,100,3,1,6
2833,3,1,512,0,639,26,15,7,1,1,-76,2,862,8354,188,100,0,0,0
2833,15,10,1024,10,599,10,20,7,1,1,-52,4,988,11451,134,100,1,0,0
2831,12,8,1024,0,730,13,6,7,1,1,-70,0,343,6235,174,100,1,0,0
2830,28,22,1536,0,724,13,3,7,1,2,-70,1,709,10795,181,100,2,0,0
2833,20,16,1280,0,755,11,17,7,1,3,-70,0,727,10477,164,100,2,0,0
2833,21,15,1280,30,630,11,12,7,1,3,-70,3,1730,13825,158,100,2,0,0
2835,5,1,512,0,649,27,6,7,2,1,-76,10,2763,20374,188,100,2,0,0
2834,4,1,512,10,628,26,13,7,2,1,-61,10,6089,32961,189,100,2,0,0
2833,18,8,1024,0,648,13,54,7,1,1,-95,10,3223,36705,183,100,1,0,0
2826,26,21,1664,60,626,16,5,7,0,5,-52,2,1176,13121,171,100,3,0,0
2835,16,10,1024,0,571,14,9,7,1,1,-70,4,1015,15620,172,100,2,0,0
2835,13,7,1024,0,720,13,13,7,1,1,-70,0,394,5399,158,100,1,0,0
2836,10,5,768,50,659,18,12,7,1,2,-52,8,2375,14970,174,100,1,0,0
2832,26,21,1536,80,626,16,5,7,1,5,-52,2,679,8579,171,100,1,0,0
2835,14,10,1024,0,465,6,5,7,1,1,-70,0,501,5726,125,100,1,0,0
2836,6,5,768,0,668,19,5,5,1,2,-52,0,1020,10645,174,100,2,0,0
2835,27,22,1536,0,847,14,4,5,8,3,-52,0,1142,14716,172,100,4,1,6
2822,31,26,1920,0,632,13,5,5,1,2,-52,0,1007,11624,169,100,2,0,0
2837,1,0,256,0,46,0,0,3,0,0,0,10,3137,30920,4943,100,2,0,0
2837,3,1,512,0,639,26,15,7,1,1,-76,2,548,6931,189,100,1,0,0
2835,28,22,1536,0,725,13,3,7,1,2,-70,1,469,5659,182,100,1,0,0
2837,24,23,1536,0,74,3,6,7,1,2,-52,0,937,12030,41,100,2,0,0
2830,31,26,1920,10,636,13,5,5,1,2,-52,0,717,7741,169,100,1,0,0
2837,9,4,768,0,697,16,20,7,1,1,-52,0,523,9324,185,100,1,0,0
2831,30,26,1920,0,415,5,4,7,1,2,-70,0,618,10836,118,100,2,0,0
2837,17,18,1280,0,697,11,9,7,1,1,-52,0,765,8931,170,100,1,0,0
2839,5,1,512,0,651,27,6,7,2,1,-76,10,2344,12581,189,100,0,0,0
2839,8,4,768,10,670,17,25,7,1,2,-70,10,3794,23265,184,100,1,0,0
2838,22,18,1280,0,812,11,5,7,6,1,-70,2,2188,36407,171,100,4,1,6
2838,15,10,1024,10,601,10,20,7,1,1,-52,4,1772,8250,134,100,1,0,0
2840,7,3,768,0,660,17,3,7,1,2,-70,1,1050,15837,180,100,2,0,0
2840,12,8,1024,0,734,13,6,7,1,1,-70,0,762,8531,174,100,1,0,0
2840,10,5,768,50,660,18,12,7,1,2,-52,8,2084,11364,174,100,1,0,0
2837,30,26,1792,0,417,5,4,7,1,2,-70,0,501,6324,118,100,1,0,0
2840,2,4,768,0,671,15,3,5,1,1,-95,0,537,12661,180,100,2,0,0
2840,11,5,768,0,698,20,2,7,1,1,-70,0,728,10967,182,100,2,0,0
2841,13,7,1024,0,723,13,13,7,1,1,-70,0,608,6250,158,100,1,0,0
2841,1,0,256,0,46,0,0,3,0,0,0,10,1284,12743,4953,100,1,0,0
2841,4,1,512,0,629,26,13,7,2,1,-61,10,3083,19294,189,100,1,0,0
2838,31,26,1792,0,637,13,5,5,1,2,-52,0,488,7447,170,100,1,0,0
2840,19,18,1280,10,725,15,22,7,1,3,-52,1,1335,41235,181,100,2,0,0
2841,25,19,1536,0,885,18,11,7,10,4,-70,0,946,10773,177,100,3,1,6
2842,14,10,1024,20,467,6,5,7,1,1,-70,0,449,6799,126,100,1,0,0
2842,20,16,1280,0,759,11,17,7,1,3,-70,0,741,8477,164,100,1,0,0
2841,23,18,1280,0,703,14,18,7,1,3,-52,2,1920,45356,174,100,3,0,0
2842,21,15,1280,0,632,11,12,7,1,3,-70,3,2313,14173,159,100,2,0,0
2841,24,23,1536,0,76,3,6,7,1,2,-52,0,499,6416,41,100,1,0,0
2844,26,21,1536,0,630,16,5,7,1,5,-52,2,2669,20571,172,100,4,0,0
2844,3,1,512,0,642,26,15,7,1,1,-76,2,1263,11857,189,100,2,0,0
2844,12,8,1024,0,735,13,6,7,1,1,-70,0,425,4228,175,100,1,0,0
2844,2,4,768,0,671,15,3,5,1,1,-95,0,261,4802,180,100,1,0,0
2844,18,8,1024,20,653,13,54,7,1,1,-95,10,4138,43349,184,100,2,0,0
2841,29,23,1536,0,423,4,6,7,10,1,-70,0,1347,12273,109,100,5,1,6
2846,15,10,1024,0,603,10,20,7,1,1,-52,4,1795,12700,135,100,2,0,0
2845,6,5,768,0,669,19,5,5,1,2,-52,0,441,8902,174,100,1,0,0
2843,27,22,1536,0,849,14,4,5,8,3,-52,0,690,10417,172,100,2,1,6
2845,28,22,1536,0,729,13,3,7,1,2,-70,1,888,12438,182,100,2,0,0
2847,16,10,1024,0,572,14,9,7,1,1,-70,4,1151,18113,173,100,2,0,0
2846,7,3,768,0,662,17,3,7,1,2,-70,1,940,10447,180,100,1,0,0
2845,22,18,1280,0,815,11,5,7,6,1,-70,2,1230,26335,171,100,2,1,6
2845,31,26,1792,0,638,13,5,5,1,2,-52,0,515,7235,170,100,2,0,0
2847,13,7,1024,0,726,13,13,7,1,1,-70,0,664,6336,159,100,1,0,0
2846,25,19,1536,0,886,18,11,7,10,4,-70,0,496,5419,178,100,1,1,6
2848,14,10,1024,0,467,6,5,7,1,1,-70,0,394,5547,126,100,1,0,0
2848,4,1,512,10,629,26,13,7,2,1,-61,10,3649,21355,190,100,2,0,0
2847,23,18,1280,10,704,14,18,7,1,3,-52,2,1171,24304,174,100,1,0,0
2849,11,5,768,0,700,20,2,7,1,1,-70,0,608,10944,183,100,1,0,0
2847,29,23,1536,0,425,4,6,7,10,1,-70,0,669,4944,109,100,2,1,6
2849,21,15,1280,10,634,11,12,7,1,3,-70,3,1077,9479,159,100,1,0,0
2849,27,22,1536,0,850,14,4,5,8,3,-52,0,389,6442,172,100,2,1,6
2849,9,4,768,0,700,16,20,7,1,1,-52,0,853,14101,186,100,3,0,0
2849,30,26,1792,10,420,5,4,7,1,2,-70,0,701,10362,119,100,2,0,0
2851,5,1,512,0,653,27,6,7,2,1,-76,10,5001,31493,189,100,3,0,0
2851,10,5,768,0,662,18,12,7,1,2,-52,8,3519,23660,175,100,2,0,0
2849,17,18,1280,0,699,11,9,7,1,1,-52,0,726,11297,171,100,2,0,0
2850,8,4,768,20,673,17,25,7,1,2,-70,10,4961,29054,185,100,3,0,0
2851,20,16,1280,0,761,11,17,7,1,3,-70,0,703,9224,165,100,2,0,0
2851,26,21,1536,0,632,16,5,7,1,5,-52,2,1379,12280,173,100,1,0,0
2851,31,26,1792,10,640,13,5,5,1,2,-52,0,603,5198,171,100,1,0,0
2849,24,23,1536,0,79,3,6,7,1,2,-52,0,782,7431,42,100,2,0,0
2852,16,10,1024,10,572,14,9,7,1,1,-70,4,533,8207,173,100,1,0,0
2852,1,0,256,0,46,0,0,3,0,0,0,10,3293,32510,4978,100,2,0,0
2852,23,18,1280,0,707,14,18,7,1,3,-52,2,1100,17111,174,100,1,0,0
2853,14,10,1024,0,469,6,5,7,1,1,-70,0,556,5618,127,100,1,0,0
2853,12,8,1024,0,738,13,6,7,1,1,-70,0,729,8702,175,100,2,0,0
2854,11,5,768,0,701,20,2,7,1,1,-70,0,393,5575,183,100,1,0,0
2852,19,18,1280,0,725,15,23,7,1,3,-52,1,1272,41678,182,100,3,0,0
2853,30,26,1792,0,423,5,4,7,1,2,-70,0,782,5920,119,100,1,0,0
2853,18,8,1024,20,657,13,54,7,1,1,-95,10,4188,39809,184,100,2,0,0
2855,5,1,512,20,654,27,6,7,2,1,-76,10,2396,13668,190,100,1,0,0
2853,22,18,1280,0,818,11,5,7,6,1,-70,2,1456,27907,172,100,2,1,6
2855,7,3,768,0,665,17,3,7,1,2,-70,1,1095,13812,181,100,1,0,0
2856,15,10,1024,0,603,10,20,7,1,1,-52,4,1972,14589,135,100,2,0,0
2853,25,19,1536,0,889,18,11,7,10,4,-70,0,688,7340,178,100,3,1,6
2855,2,4,768,0,674,15,3,5,1,1,-95,0,737,13186,181,100,1,0,0
2856,3,1,512,0,644,26,15,7,1,1,-76,2,1637,19156,190,100,2,0,0
2855,8,4,768,20,674,17,25,7,1,2,-70,10,2256,12672,185,100,1,0,0
2856,10,5,768,0,664,18,12,7,1,2,-52,8,2311,13448,175,100,1,0,0
2856,6,5,768,10,672,19,5,5,1,2,-52,0,903,10524,175,100,3,0,0
2857,4,1,512,0,632,26,13,7,2,1,-61,10,4387,24349,190,100,1,0,0
2856,9,4,768,10,704,16,20,7,1,1,-52,0,764,9452,187,100,2,0,0
2856,28,22,1536,0,732,13,3,7,1,2,-70,1,862,13741,183,100,2,0,0
2858,13,7,1024,0,728,13,13,7,1,1,-70,0,702,10422,160,100,2,0,0
2858,1,0,256,0,46,0,0,3,0,0,0,10,1431,15712,4990,100,1,0,0
2858,27,22,1536,0,851,14,4,5,8,3,-52,0,565,10342,173,100,3,1,6
2859,5,1,512,0,654,27,6,7,2,1,-76,10,1082,10121,190,100,0,0,0
2858,29,23,1536,0,426,4,6,7,10,1,-70,0,722,10666,110,100,3,1,6
2859,20,16,1280,0,762,11,17,7,1,3,-70,0,419,7165,165,100,1,0,0
2859,12,8,1024,10,740,13,6,7,1,1,-70,0,556,6519,176,100,1,0,0
2860,21,15,1280,0,638,11,12,7,1,3,-70,3,2046,16277,160,100,3,0,0
2861,4,1,512,10,634,26,13,7,2,1,-61,10,2244,12593,191,100,1,0,0
2860,17,18,1280,0,700,11,9,7,1,1,-52,0,596,10149,172,100,2,0,0
2861,6,5,768,0,675,19,5,5,1,2,-52,0,510,4982,175,100,0,0,0
2861,26,21,1536,0,633,16,5,7,1,5,-52,2,1337,15521,173,100,2,0,0
2861,18,8,1024,20,658,13,54,7,1,1,-95,10,2320,29870,185,100,1,0,0
2862,31,26,1792,0,641,13,5,5,1,2,-52,0,467,9939,171,100,1,0,0
2863,14,10,1024,0,469,6,5,7,1,1,-70,0,431,9082,127,100,2,0,0
2863,16,10,1024,0,573,14,9,7,1,1,-70,4,1121,16168,174,100,2,0,0
2861,24,23,1536,0,80,3,6,7,1,2,-52,0,616,11444,43,100,2,0,0
2862,27,22,1536,0,854,14,4,5,8,3,-52,0,578,6147,173,100,0,1,6
2862,25,19,1536,10,893,18,11,7,10,4,-70,0,926,8982,179,100,3,1,6
2864,10,5,768,0,665,18,12,7,1,2,-52,8,2132,17244,176,100,1,0,0
2864,3,1,512,0,646,26,15,7,1,1,-76,2,1187,14053,190,100,1,0,0
2865,5,1,512,0,655,27,6,7,2,1,-76,10,2438,15023,190,100,1,0,0
2862,22,18,1280,0,820,11,5,7,6,1,-70,2,1715,35796,173,100,3,1,6
2864,2,4,768,0,675,15,3,5,1,1,-95,0,537,10596,181,100,2,0,0
2866,7,3,768,0,669,17,3,7,1,2,-70,1,1361,16283,182,100,2,0,0
2864,23,18,1280,0,709,14,18,7,1,3,-52,2,1593,43438,175,100,2,0,0
2865,12,8,1024,0,741,13,6,7,1,1,-70,0,394,5671,176,100,1,0,0
2866,11,5,768,0,704,20,2,7,1,1,-70,0,859,14696,184,100,2,0,0
2864,29,23,1536,0,427,4,6,7,10,1,-70,0,431,4928,110,100,2,1,6
2865,21,15,1280,20,639,11,12,7,1,3,-70,3,701,6026,160,100,0,0,0
2863,19,18,1280,0,727,15,23,7,1,3,-52,1,1395,40344,182,100,2,0,0
2866,6,5,768,0,678,19,5,5,1,2,-52,0,637,5245,176,100,1,0,0
2864,28,22,1536,10,734,13,3,7,1,2,-70,1,502,9534,183,100,1,0,0
2866,20,16,1280,0,767,11,17,7,1,3,-70,0,879,7511,166,100,1,0,0
2866,13,7,1024,0,729,13,13,7,1,1,-70,0,516,7355,160,100,2,0,0
2867,1,0,256,0,46,0,0,3,0,0,0,10,2465,24170,5004,100,2,0,0
2866,8,4,768,30,676,17,25,7,1,2,-70,10,4288,27159,186,100,2,0,0
2866,9,4,768,0,708,16,20,7,1,1,-52,0,912,12517,187,100,2,0,0
2865,26,21,1536,10,633,16,5,7,1,5,-52,2,701,7258,174,100,1,0,0
2865,30,26,1792,10,428,5,4,7,1,2,-70,0,939,11215,120,100,2,0,0
2868,4,1,512,10,637,26,13,7,2,1,-61,10,3937,22096,191,100,2,0,0
2867,15,10,1024,0,608,10,20,7,1,1,-52,4,2400,17477,136,100,2,0,0
2864,17,18,1280,10,701,11,9,7,1,1,-52,0,371,4769,172,100,1,0,0
2867,22,18,1280,0,821,11,5,7,6,1,-70,2,914,16224,173,100,2,1,6
2870,14,10,1024,0,473,6,5,7,1,1,-70,0,770,7470,128,100,1,0,0
2869,21,15,1280,0,640,11,12,7,1,3,-70,3,1072,7141,161,100,1,0,0
2869,18,8,1024,10,661,13,54,7,1,1,-95,10,3684,32766,185,100,2,0,0
2871,6,5,768,0,680,19,5,5,1,2,-52,0,498,5209,176,100,1,0,0
2870,12,8,1024,0,743,13,6,7,1,1,-70,0,500,4871,176,100,1,0,0
2871,15,10,1024,0,609,10,20,7,1,1,-52,4,885,6421,137,100,1,0,0
2869,28,22,1536,0,736,13,3,7,1,2,-70,1,558,6502,184,100,1,0,0
2871,20,16,1280,10,767,11,17,7,1,3,-70,0,264,4578,166,100,1,0,0
2869,25,19,1536,0,898,18,11,7,10,4,-70,0,872,7285,179,100,2,1,6
2872,10,5,768,0,669,18,12,7,1,2,-52,8,3403,19429,176,100,2,0,0
2871,31,26,1792,0,642,13,5,5,1,2,-52,0,595,9764,172,100,2,0,0
2871,30,26,1792,0,430,5,4,7,1,2,-70,0,665,6876,121,100,1,0,0
2871,24,23,1536,0,81,3,6,7,1,2,-52,0,440,9015,43,100,1,0,0
2873,5,1,512,0,656,27,6,7,2,1,-76,10,4276,26042,191,100,2,0,0
2873,13,7,1024,10,732,13,13,7,1,1,-70,0,664,7126,161,100,1,0,0
2873,8,4,768,40,678,17,25,7,1,2,-70,10,2741,16730,186,100,1,0,0
2872,26,21,1536,20,633,16,5,7,1,5,-52,2,1163,11520,174,100,1,0,0
2874,14,10,1024,0,474,6,5,7,1,1,-70,0,393,4674,128,100,1,0,0
2874,4,1,512,0,638,26,13,7,2,1,-61,10,2966,16777,192,100,1,0,0
2871,27,22,1536,0,857,14,4,5,8,3,-52,0,779,11164,174,100,3,1,6
2874,16,10,1024,0,574,14,9,7,1,1,-70,3,1266,17963,175,100,2,0,0
2874,7,3,768,10,671,17,3,7,1,2,-70,1,1249,14007,182,100,2,0,0
2873,9,4,768,0,711,16,20,7,1,1,-52,0,685,8905,188,100,2,0,0
2873,23,18,1280,0,712,14,18,7,1,3,-52,2,1565,37560,176,100,1,0,0
2874,21,15,1280,0,641,11,12,7,1,3,-70,3,924,7224,161,100,1,0,0
2874,29,23,1536,0,433,4,6,7,10,1,-70,0,1185,10135,111,100,4,1,6
2875,3,1,512,0,646,26,15,7,1,1,-76,2,1440,18211,191,100,2,0,0
2876,1,0,256,0,46,0,0,3,0,0,0,10,2450,25820,5023,100,1,0,0
2876,11,5,768,10,707,20,2,7,1,1,-70,0,752,12031,184,100,2,0,0
2873,17,18,1280,10,703,11,9,7,1,1,-52,0,596,8564,173,100,2,0,0
2875,19,18,1280,0,729,15,23,7,1,3,-52,1,1297,39790,183,100,2,0,0
2876,2,4,768,20,679,15,3,5,1,1,-95,0,975,14370,182,100,2,0,0
2876,22,18,1280,0,825,11,5,7,6,1,-70,2,1522,31039,173,100,2,1,6
2878,15,10,1024,0,611,10,20,7,1,1,-52,4,1234,9977,137,100,1,0,0
2876,28,22,1536,10,738,13,3,7,1,2,-70,1,446,9125,184,100,1,0,0
2877,18,8,1024,0,663,13,54,7,1,1,-95,10,3138,33770,186,100,1,0,0
2877,30,26,1792,0,430,5,4,7,1,2,-70,0,383,5786,121,100,2,0,0
2878,5,1,512,0,657,27,6,7,2,1,-76,10,2192,14654,191,100,1,0,0
2880,14,10,1024,10,477,6,5,7,1,1,-70,0,476,5253,128,100,1,0,0
2880,8,4,768,20,681,17,25,7,1,2,-70,10,2647,15751,187,100,1,0,0
2878,23,18,1280,0,713,14,18,7,1,3,-52,2,826,19993,176,100,1,0,0
2881,10,5,768,20,671,18,12,7,1,2,-52,8,2724,19075,177,100,1,0,0
2880,1,0,256,0,46,0,0,3,0,0,0,10,974,11238,5029,100,1,0,0
2879,26,21,1536,0,635,16,5,7,1,5,-52,2,1059,10988,174,100,2,0,0
2879,24,23,1536,0,82,3,6,7,1,2,-52,0,568,8190,44,100,2,0,0
2882,9,4,768,0,714,16,20,7,1,1,-52,0,727,9356,188,100,2,0,0
2881,6,5,768,0,684,19,5,5,1,2,-52,0,913,9988,177,100,2,0,0
2880,29,23,1536,0,435,4,6,7,10,1,-70,0,497,5693,111,100,2,1,6
2882,7,3,768,0,677,17,3,7,1,2,-70,1,1271,14395,183,100,1,0,0
2882,3,1,512,0,649,26,15,7,1,1,-76,2,1381,12972,192,100,2,0,0
2882,12,8,1024,0,747,13,6,7,1,1,-70,0,939,11892,177,100,2,0,0
2883,16,10,1024,0,577,14,9,7,1,1,-70,3,923,12847,176,100,1,0,0
2883,5,1,512,0,657,27,6,7,2,1,-76,10,1765,12249,192,100,1,0,0
2880,25,19,1536,0,901,18,11,7,10,4,-70,0,986,10535,180,100,5,1,6
2880,17,18,1280,10,706,11,9,7,1,1,-52,0,609,7150,173,100,1,0,0
2883,20,16,1280,10,769,11,17,7,1,3,-70,0,728,11312,167,100,2,0,0
2883,21,15,1280,0,643,11,12,7,1,3,-70,3,1397,11749,161,100,2,0,0
2884,13,7,1024,0,734,13,13,7,1,1,-70,0,671,10993,161,100,2,0,0
2882,22,18,1280,0,828,11,5,7,6,1,-70,2,1554,25901,174,100,4,1,6
2883,27,22,1536,0,859,14,4,5,8,3,-52,0,788,13873,175,100,3,1,6
2883,19,18,1280,10,729,15,23,7,1,3,-52,1,861,29769,184,100,2,0,0
2882,31,26,1792,0,645,13,5,5,1,2,-52,0,930,10928,173,100,3,0,0
2886,4,1,512,0,640,26,13,7,2,1,-61,10,5969,35210,192,100,2,0,0
2886,26,21,1536,0,639,16,5,7,1,5,-52,2,1367,10994,175,100,1,0,0
2886,30,26,1792,0,432,5,4,7,1,2,-70,0,580,7581,122,100,1,0,0
2885,2,4,768,10,682,15,3,5,1,1,-95,0,860,13284,183,100,2,0,0
2886,18,8,1024,10,667,13,55,7,1,1,-95,10,3691,39635,186,100,3,0,0
2886,9,4,768,10,717,16,20,7,1,1,-52,0,499,7217,188,100,1,0,0
2887,3,1,512,0,649,26,15,7,1,1,-76,2,548,7527,192,100,0,0,0
2888,1,0,256,0,46,0,0,3,0,0,0,10,2315,20405,5048,100,2,0,0
2887,28,22,1536,0,742,13,3,7,1,2,-70,1,1052,13317,185,100,2,0,0
2886,11,5,768,0,708,20,2,7,1,1,-70,0,623,13304,185,100,2,0,0
2888,15,10,1024,10,612,10,20,7,1,1,-52,4,2164,15058,138,100,2,0,0
2888,29,23,1536,0,439,4,6,7,10,1,-70,0,849,8230,112,100,3,1,6
2888,21,15,1280,0,646,11,12,7,1,3,-70,3,1344,8643,162,100,1,0,0
2887,7,3,768,10,680,17,3,7,1,2,-70,1,945,8809,183,100,1,0,0
2889,22,18,1280,0,828,11,5,7,6,1,-70,2,1044,22999,174,100,1,1,6
2889,8,4,768,10,683,17,25,7,1,2,-70,10,4119,24891,187,100,2,0,0
2890,12,8,1024,0,750,13,6,7,1,1,-70,0,785,8180,178,100,2,0,0
2888,19,18,1280,0,729,15,23,7,1,3,-52,1,524,18110,184,100,1,0,0
2891,14,10,1024,0,480,6,5,7,1,1,-70,0,940,11153,129,100,2,0,0
2889,23,18,1280,0,717,14,18,7,1,3,-52,2,2008,43337,177,100,2,0,0
2890,6,5,768,0,685,19,5,5,1,2,-52,0,536,8987,177,100,2,0,0
2891,27,22,1536,0,861,14,4,5,8,3,-52,0,520,8431,175,100,2,1,6
2891,10,5,768,0,675,18,12,7,1,2,-52,8,3817,26010,177,100,2,0,0
2890,25,19,1536,0,906,18,11,7,10,4,-70,0,1066,9510,181,100,3,1,6
2892,5,1,512,0,661,27,6,7,1,1,-76,10,3437,22718,192,100,2,0,0
2892,2,4,768,10,684,15,3,5,1,1,-95,0,583,7050,183,100,1,0,0
2892,16,10,1024,0,579,14,9,7,1,1,-70,3,1066,15233,176,100,2,0,0
2889,17,18,1280,10,711,11,9,7,1,1,-52,0,1025,9848,174,100,2,0,0
2892,28,22,1536,0,742,13,3,7,1,2,-70,1,265,4954,185,100,1,0,0
2892,18,8,1024,30,669,13,55,7,1,1,-95,10,2790,24467,187,100,1,0,0
2894,9,4,768,0,718,16,20,7,1,1,-52,0,584,8197,189,100,1,0,0
2891,24,23,1536,0,84,3,6,7,1,2,-52,0,667,11274,44,100,2,0,0
2894,20,16,1280,0,770,11,17,7,1,3,-70,0,832,10805,168,100,2,0,0
2893,26,21,1536,0,642,16,5,7,1,5,-52,2,1124,12168,175,100,1,0,0
2894,31,26,1792,0,647,13,5,5,1,2,-52,0,550,9703,173,100,1,0,0
2892,29,23,1536,0,440,4,6,7,10,1,-70,0,394,5216,112,100,1,1,6
2895,13,7,1024,0,737,13,13,7,1,1,-70,0,834,10792,162,100,2,0,0
2896,12,8,1024,0,753,13,6,7,1,1,-70,0,607,5844,178,100,1,0,0
2895,11,5,768,0,711,20,2,7,1,1,-70,0,836,11898,186,100,2,0,0
2897,4,1,512,0,643,26,13,7,2,1,-61,10,6200,33906,193,100,2,0,0
2896,22,18,1280,0,832,11,5,7,6,1,-70,2,1595,27298,175,100,2,1,6
2898,30,26,1792,0,437,5,4,7,1,2,-70,0,990,11478,122,100,2,0,0
2897,8,4,768,10,684,17,25,7,1,2,-70,10,3393,19628,188,100,1,0,0
2896,17,18,1280,0,714,11,9,7,1,1,-52,0,787,6918,174,100,1,0,0
2898,15,10,1024,20,613,10,20,7,1,1,-52,4,1686,14957,138,100,2,0,0
2897,3,1,512,10,651,26,15,7,1,1,-76,2,1422,17002,193,100,2,0,0
2896,19,18,1280,0,730,15,23,7,1,3,-52,1,1068,29839,185,100,1,0,0
2899,1,0,256,0,46,0,0,3,0,0,0,10,3185,29196,5071,100,2,0,0
2896,24,23,1536,0,86,3,6,7,1,2,-52,0,555,6557,45,100,1,0,0
2898,5,1,512,10,662,27,6,7,1,1,-76,10,2788,17811,193,100,3,0,0
2900,2,4,768,0,685,15,3,5,1,1,-95,0,494,9168,184,100,2,0,0
2899,10,5,768,30,678,18,12,7,1,2,-52,8,2740,18368,178,100,2,0,0
2898,27,22,1536,0,863,14,4,5,8,3,-52,0,672,11139,176,100,3,1,6
2899,21,15,1280,0,651,11,12,7,1,3,-70,3,2120,15615,163,100,2,0,0
2899,7,3,768,10,682,17,3,7,1,2,-70,1,1132,18094,184,100,2,0,0
2901,9,4,768,0,720,16,20,7,1,1,-52,0,518,8859,189,100,2,0,0
2899,16,10,1024,10,580,14,9,7,1,1,-70,3,958,11357,177,100,2,0,0
2901,13,7,1024,10,737,13,13,7,1,1,-70,0,386,5429,163,100,1,0,0
2899,23,18,1280,0,721,14,18,7,1,3,-52,2,2145,43411,178,100,2,0,0
2902,4,1,512,10,644,26,13,7,2,1,-61,10,2220,13490,193,100,1,0,0
2902,20,16,1280,0,776,11,17,7,1,3,-70,0,1052,8262,168,100,2,0,0
2902,12,8,1024,0,755,13,6,7,1,1,-70,0,500,6535,178,100,1,0,0
2902,14,10,1024,0,484,6,5,7,1,1,-70,0,1052,11969,130,100,2,0,0
2902,6,5,768,0,687,19,5,5,1,2,-52,0,723,10955,178,100,2,0,0
2902,18,8,1024,10,672,13,55,7,1,1,-95,10,4405,43042,188,100,2,0,0
2902,30,26,1792,0,437,5,4,7,1,2,-70,0,319,4373,123,100,1,0,0
2903,8,4,768,20,686,17,25,7,1,2,-70,10,2331,14666,188,100,1,0,0
2901,25,19,1536,0,912,18,11,7,10,4,-70,0,1211,11201,182,100,4,1,6
2901,28,22,1536,0,746,13,3,7,1,2,-70,1,968,14763,186,100,2,0,0
2903,31,26,1792,10,649,13,5,5,1,2,-52,0,595,9295,174,100,2,0,0
2903,29,23,1536,0,444,4,6,7,10,1,-70,0,1101,10857,113,100,4,1,6
2904,11,5,768,0,712,20,2,7,1,1,-70,0,417,9490,186,100,1,0,0
2904,26,21,1536,0,644,16,5,7,1,5,-52,2,2011,19131,176,100,2,0,0
2905,10,5,768,10,681,18,12,7,1,2,-52,8,2078,12103,178,100,1,0,0
2906,4,1,512,10,645,26,13,7,2,1,-61,10,2096,11973,194,100,0,0,0
2905,19,18,1280,0,732,15,23,7,1,3,-52,1,1107,30001,185,100,2,0,0
2907,1,0,256,0,46,0,0,3,0,0,0,10,1993,20245,5084,100,1,0,0
2906,17,18,1280,0,719,11,9,7,1,1,-52,0,1023,10432,175,100,2,0,0
2907,15,10,1024,0,614,10,20,7,1,1,-52,4,1404,12095,139,100,1,0,0
2908,3,1,512,0,654,26,15,7,1,1,-76,2,1264,14888,193,100,2,0,0
2909,14,10,1024,0,485,6,5,7,1,1,-70,0,462,6128,130,100,1,0,0
2908,8,4,768,10,687,17,25,7,1,2,-70,10,1627,10428,189,100,1,0,0
2908,7,3,768,0,682,17,3,7,1,2,-70,1,906,12738,184,100,2,0,0
2908,2,4,768,10,685,15,3,5,1,1,-95,0,405,9434,184,100,2,0,0
2908,5,1,512,10,664,27,6,7,1,1,-76,10,3681,25652,193,100,1,0,0
2907,23,18,1280,0,724,14,18,7,1,3,-52,2,1225,29507,178,100,1,0,0
2906,27,22,1536,0,865,14,4,5,8,3,-52,0,683,9777,176,100,3,1,6
2907,22,18,1280,10,835,11,5,7,6,1,-70,2,1810,41775,176,100,4,1,6
2907,24,23,1536,0,89,3,6,7,1,2,-52,0,806,10036,46,100,2,0,0
2908,28,22,1536,0,748,13,3,7,1,2,-70,1,502,7662,186,100,1,0,0
2909,16,10,1024,0,582,14,9,7,1,1,-70,3,1077,15627,177,100,1,0,0
2909,18,8,1024,30,674,13,55,7,1,1,-95,10,2842,29680,188,100,1,0,0
2911,13,7,1024,0,741,13,13,7,1,1,-70,0,955,10024,163,100,2,0,0
2910,12,8,1024,0,756,13,6,7,1,1,-70,0,473,7666,179,100,1,0,0
2911,21,15,1280,0,651,11,12,7,1,3,-70,3,1150,14553,163,100,2,0,0
2912,8,4,768,20,687,17,25,7,1,2,-70,10,1899,10867,189,100,1,0,0
2913,9,4,768,0,721,16,20,7,1,1,-52,0,742,14403,190,100,3,0,0
2911,20,16,1280,0,779,11,17,7,1,3,-70,0,811,9535,169,100,2,0,0
2911,15,10,1024,10,617,10,20,7,1,1,-52,4,829,6166,139,100,1,0,0
2912,19,18,1280,0,736,15,23,7,1,3,-52,1,994,24638,186,100,1,0,0
2914,4,1,512,10,646,26,13,7,2,1,-61,10,4017,22652,194,100,2,0,0
2912,29,23,1536,0,450,4,6,7,10,1,-70,0,1126,9272,114,100,3,1,6
2913,25,19,1536,0,919,18,11,7,10,4,-70,0,1241,11994,182,100,3,1,6
2913,24,23,1536,0,90,3,6,7,1,2,-52,0,392,5667,46,100,1,0,0
2914,7,3,768,0,684,17,3,7,1,2,-70,1,878,9682,185,100,1,0,0
2911,31,26,1792,0,650,13,5,5,1,2,-52,0,679,8018,175,100,2,0,0
2916,13,7,1024,0,743,13,13,7,1,1,-70,0,478,5089,163,100,1,0,0
2915,12,8,1024,0,759,13,6,7,1,1,-70,0,607,5435,179,100,1,0,0
2916,2,4,768,0,688,15,3,5,1,1,-95,0,714,9543,185,100,1,0,0
2912,6,5,768,0,690,19,5,5,1,2,-52,0,807,10125,179,100,2,0,0
2914,27,22,1536,0,867,14,4,5,8,3,-52,0,575,8453,177,100,2,1,6
2913,11,5,768,10,717,20,2,7,1,1,-70,0,1025,11513,187,100,2,0,0
2914,16,10,1024,0,583,14,9,7,1,1,-70,3,744,7491,178,100,1,0,0
2917,5,1,512,90,670,27,6,7,1,1,-76,10,3847,24428,194,100,2,0,0
2916,18,8,1024,0,674,13,55,7,1,1,-95,10,2668,28964,189,100,1,0,0
2917,1,0,256,0,46,0,0,3,0,0,0,10,3073,27136,5107,100,2,0,0
2918,9,4,768,0,723,16,20,7,1,1,-52,0,379,5925,190,100,0,0,0
2913,30,26,1792,10,439,5,4,7,1,2,-70,0,669,10874,124,100,2,0,0
2918,4,1,512,20,647,26,13,7,2,1,-61,10,2359,12746,194,100,1,0,0
2916,17,18,1280,0,723,11,9,7,1,1,-52,0,918,9972,176,100,2,0,0
2916,22,18,1280,0,839,11,5,7,6,1,-70,2,1987,33448,176,100,3,1,6
2916,15,10,1024,30,620,10,20,7,1,1,-52,4,1439,8158,140,100,1,0,0
2918,3,1,512,0,658,26,15,7,1,1,-76,2,2084,19456,194,100,2,0,0
2915,21,15,1280,10,652,11,12,7,1,3,-70,3,1008,7149,164,100,0,0,0
2916,28,22,1536,0,751,13,3,7,1,2,-70,1,813,10157,187,100,2,0,0
2915,26,21,1536,0,645,16,5,7,1,5,-52,2,1613,16855,177,100,2,0,0
2918,25,19,1536,0,920,18,11,7,10,4,-70,0,430,4907,183,100,1,1,6
2917,10,5,768,10,682,18,12,7,1,2,-52,8,4105,26989,179,100,2,0,0
2917,14,10,1024,0,489,6,5,7,1,1,-70,0,951,8847,131,100,3,0,0
2918,19,18,1280,0,738,15,23,7,1,3,-52,1,1182,23913,186,100,1,0,0
2920,2,4,768,0,690,15,3,5,1,1,-95,0,498,6072,185,100,1,0,0
2921,8,4,768,30,689,17,25,7,1,2,-70,10,3601,20830,190,100,2,0,0
2920,11,5,768,0,719,20,2,7,1,1,-70,0,503,6301,187,100,1,0,0
2919,23,18,1280,0,724,14,18,7,1,3,-52,2,1694,43912,179,100,2,0,0
2921,6,5,768,0,693,19,5,5,1,2,-52,0,630,7544,179,100,1,0,0
2920,29,23,1536,0,452,4,6,7,10,1,-70,0,586,7456,114,100,2,1,6
2922,1,0,256,0,46,0,0,3,0,0,0,10,1368,12403,5113,100,1,0,0
2921,16,10,1024,10,584,14,9,7,1,1,-70,3,739,9089,178,100,2,0,0
2920,24,23,1536,20,94,3,6,7,1,2,-52,0,661,7095,47,100,1,0,0
2921,21,15,1280,10,654,11,12,7,1,3,-70,3,815,8524,164,100,2,0,0
2922,13,7,1024,0,746,13,13,7,1,1,-70,0,659,6615,164,100,2,0,0
2920,27,22,1536,0,867,14,4,5,8,3,-52,0,287,7333,177,100,1,1,6
2922,7,3,768,0,685,17,3,7,1,2,-70,1,1083,13638,185,100,2,0,0
2923,12,8,1024,0,759,13,6,7,1,1,-70,0,439,7226,180,100,2,0,0
2921,26,21,1536,0,647,16,5,7,1,5,-52,2,727,9553,177,100,1,0,0
2922,17,18,1280,0,725,11,9,7,1,1,-52,0,502,5590,176,100,1,0,0
2923,20,16,1280,0,782,11,18,7,1,3,-70,0,810,10836,170,100,2,0,0
2922,28,22,1536,0,751,13,3,7,1,2,-70,1,288,7675,187,100,1,0,0
2925,3,1,512,0,661,26,15,7,1,1,-76,2,1001,9566,194,100,1,0,0
2921,30,26,1792,0,441,5,4,7,1,2,-70,0,679,8012,124,100,2,0,0
2923,11,5,768,0,720,20,2,7,1,1,-70,0,448,6668,188,100,1,0,0
2924,18,8,1024,20,675,13,55,7,1,1,-95,10,3199,32472,189,100,2,0,0
2923,31,26,1792,0,651,13,5,5,1,2,-52,0,563,10756,175,100,2,0,0
2923,25,19,1536,0,923,18,11,7,10,4,-70,0,626,5449,183,100,3,1,6
2927,5,1,512,20,672,27,6,7,1,1,-76,10,4080,25071,194,100,2,0,0
2924,29,23,1536,0,454,4,6,7,10,1,-70,0,599,5133,115,100,1,1,6
2925,6,5,768,0,695,19,5,5,1,2,-52,0,530,4368,180,100,1,0,0
2928,9,4,768,0,726,16,20,7,1,1,-52,0,835,12181,191,100,2,0,0
2925,10,5,768,30,685,18,12,7,1,2,-52,8,2345,18486,180,100,1,0,0
2926,15,10,1024,0,620,10,20,7,1,1,-52,4,1471,13107,140,100,1,0,0
2928,8,4,768,20,691,17,25,7,1,2,-70,10,2953,17555,190,100,1,0,0
2926,22,18,1280,0,843,11,5,7,6,1,-70,2,2053,34778,177,100,4,1,6
2928,7,3,768,10,686,17,3,7,1,2,-70,1,454,7953,186,100,1,0,0
2925,27,22,1536,0,870,14,4,5,8,3,-52,0,725,6885,178,100,2,1,6
2926,24,23,1536,10,95,3,6,7,1,2,-52,0,626,6817,47,100,2,0,0
2926,21,15,1280,0,656,11,12,7,1,3,-70,3,1161,7553,164,100,0,0,0
2929,4,1,512,0,648,26,13,7,2,1,-61,10,6028,34657,195,100,2,0,0
2926,16,10,1024,0,584,14,9,7,1,1,-70,3,529,6511,179,100,0,0,0
2930,13,7,1024,0,748,13,13,7,1,1,-70,0,525,7022,164,100,1,0,0
2928,23,18,1280,0,726,14,18,7,1,3,-52,2,1881,36246,179,100,2,0,0
2928,19,18,1280,0,742,15,23,7,1,3,-52,1,1307,36563,187,100,2,0,0
2930,17,18,1280,0,728,11,9,7,1,1,-52,0,633,7869,176,100,1,0,0
2929,14,10,1024,0,490,6,5,7,1,1,-70,0,618,11114,132,100,2,0,0
2932,3,1,512,0,661,26,15,7,1,1,-76,2,1143,12125,195,100,1,0,0
2931,2,4,768,0,694,15,3,5,1,1,-95,0,941,13126,186,100,2,0,0
2928,26,21,1536,10,649,16,5,7,1,5,-52,2,1297,11805,178,100,1,0,0
2929,27,22,1536,0,872,14,4,5,8,3,-52,0,477,5164,178,100,1,1,6
2929,10,5,768,10,686,18,12,7,1,2,-52,8,1928,11188,180,100,1,0,0
2931,29,23,1536,0,457,4,6,7,10,1,-70,0,602,6212,115,100,2,1,6
2933,1,0,256,0,46,0,0,3,0,0,0,10,2990,27830,5137,100,2,0,0
2930,21,15,1280,0,657,11,12,7,1,3,-70,3,884,6093,165,100,1,0,0
2934,5,1,512,70,674,27,6,7,1,1,-76,10,3031,19793,195,100,1,0,0
2931,25,19,1536,0,925,18,11,7,10,4,-70,0,680,7827,184,100,2,1,6
2930,11,5,768,0,721,20,2,7,1,1,-70,0,420,8102,188,100,1,0,0
2933,12,8,1024,0,760,13,6,7,1,1,-70,0,618,10061,181,100,2,0,0
2929,30,26,1792,0,444,5,4,7,1,2,-70,0,687,8138,125,100,1,0,0
2932,15,10,1024,0,622,10,20,7,1,1,-52,4,1767,10198,141,100,2,0,0
2932,23,18,1280,0,727,14,18,7,1,3,-52,2,780,16886,180,100,1,0,0
2932,31,26,1792,0,655,13,5,5,1,2,-52,0,893,8477,176,100,2,0,0
2931,16,10,1024,0,586,14,9,7,1,1,-70,3,585,6781,179,100,1,0,0
2933,18,8,1024,20,677,13,55,7,1,1,-95,10,4126,38220,190,100,1,0,0
2936,9,4,768,0,727,16,20,7,1,1,-52,0,669,10156,192,100,2,0,0
2932,22,18,1280,0,846,11,5,7,6,1,-70,2,1290,25265,177,100,2,1,6
2933,20,16,1280,10,784,11,18,7,1,3,-70,0,676,9607,170,100,3,0,0
2934,10,5,768,0,687,18,12,7,1,2,-52,8,1777,10688,180,100,1,0,0
2934,28,22,1536,0,752,13,3,7,1,2,-70,1,647,14161,188,100,2,0,0
2936,14,10,1024,0,491,6,5,7,1,1,-70,0,394,6305,132,100,1,0,0
2936,6,5,768,0,698,19,5,5,1,2,-52,0,750,10211,180,100,2,0,0
2936,15,10,1024,0,623,10,20,7,1,1,-52,4,540,6167,141,100,0,0,0
2938,2,4,768,0,696,15,3,5,1,1,-95,0,596,8242,186,100,2,0,0
2936,26,21,1536,10,652,16,5,7,1,5,-52,2,1500,13207,178,100,2,0,0
2938,8,4,768,0,693,17,25,7,1,2,-70,10,4114,24930,191,100,2,0,0
2937,22,18,1280,0,849,11,5,7,6,1,-70,2,942,16035,178,100,2,1,6
2936,16,10,1024,0,589,14,9,7,1,1,-70,3,946,6902,179,100,1,0,0
2936,24,23,1536,0,98,3,6,7,1,2,-52,0,914,10530,48,100,1,0,0
2938,7,3,768,0,690,17,3,7,1,2,-70,1,1494,17119,186,100,2,0,0
2939,12,8,1024,0,762,13,6,7,1,1,-70,0,477,5316,181,100,1,0,0
2938,20,16,1280,0,786,11,18,7,1,3,-70,0,559,5149,171,100,1,0,0
2940,1,0,256,0,46,0,0,3,0,0,0,10,1651,16913,5146,100,1,0,0
2936,17,18,1280,10,730,11,9,7,1,1,-52,0,557,7248,177,100,1,0,0
2939,13,7,1024,0,750,13,13,7,1,1,-70,0,702,9369,165,100,2,0,0
2937,31,26,1792,0,656,13,5,5,1,2,-52,0,394,5592,176,100,1,0,0
2938,23,18,1280,0,728,14,18,7,1,3,-52,2,1037,26144,180,100,1,0,0
2939,25,19,1536,0,928,18,11,7,10,4,-70,0,694,7525,184,100,2,1,6
2938,10,5,768,0,688,18,12,7,1,2,-52,8,1626,9638,180,100,1,0,0
2942,3,1,512,0,663,26,15,7,1,1,-76,2,1350,16144,195,100,2,0,0
2941,4,1,512,0,649,26,13,7,2,1,-61,10,5876,34656,196,100,2,0,0
2940,19,18,1280,10,744,15,23,7,1,3,-52,1,1215,36975,187,100,2,0,0
2938,30,26,1792,10,449,5,4,7,1,2,-70,0,942,8866,125,100,2,0,0
2943,5,1,512,70,677,27,6,7,1,1,-76,10,4249,25123,196,100,2,0,0
2941,27,22,1536,10,875,14,4,5,8,3,-52,0,803,13774,179,100,3,1,6
2942,29,23,1536,0,463,4,6,7,10,1,-70,0,1202,11562,116,100,5,1,6
2943,18,8,1024,0,679,13,55,7,1,1,-95,10,3539,39328,190,100,2,0,0
2941,6,5,768,0,699,19,5,5,1,2,-52,0,448,5463,181,100,1,0,0
2943,24,23,1536,0,100,3,6,7,1,2,-52,0,499,5267,48,100,1,0,0
2944,9,4,768,0,733,16,20,7,1,1,-52,0,946,11434,192,100,2,0,0
2940,11,5,768,0,725,20,2,7,1,1,-70,0,942,12635,189,100,2,0,0
2944,17,18,1280,20,731,11,9,7,1,1,-52,0,385,5572,177,100,2,0,0
2942,21,15,1280,10,659,11,12,7,1,3,-70,3,1800,16307,166,100,2,0,0
2946,2,4,768,0,696,15,3,5,1,1,-95,0,392,9653,187,100,1,0,0
2946,1,0,256,0,46,0,0,3,0,0,0,10,2045,18057,5166,100,1,0,0
2944,16,10,1024,0,592,14,9,7,1,1,-70,3,1138,10206,180,100,2,0,0
2946,25,19,1536,10,931,18,11,7,10,4,-70,0,726,6932,185,100,2,1,6
2945,10,5,768,0,689,18,12,7,1,2,-52,8,1841,14655,181,100,1,0,0
2946,28,22,1536,0,756,13,3,7,1,2,-70,1,969,15242,189,100,2,0,0
2948,7,3,768,0,692,17,3,7,1,2,-70,1,1055,13120,187,100,1,0,0
2946,20,16,1280,0,790,11,18,7,1,3,-70,0,734,7606,171,100,2,0,0
2948,12,8,1024,10,766,13,6,7,1,1,-70,0,943,9334,182,100,2,0,0
2945,31,26,1792,0,660,13,5,5,1,2,-52,0,795,7923,177,100,1,0,0
2948,22,18,1280,0,855,11,5,7,6,1,-70,2,2259,39450,178,100,3,1,6
2948,13,7,1024,0,753,13,13,7,1,1,-70,0,785,8961,166,100,2,0,0
2947,15,10,1024,0,623,10,20,7,1,1,-52,4,1912,15190,142,100,2,0,0
2949,8,4,768,20,695,17,25,7,1,2,-70,10,4751,28644,192,100,2,0,0
2947,14,10,1024,0,491,6,5,7,1,1,-70,0,577,10777,133,100,2,0,0
2948,29,23,1536,0,464,4,6,7,10,1,-70,0,456,5172,116,100,2,1,6
2949,23,18,1280,10,731,14,18,7,1,3,-52,2,1633,38202,181,100,2,0,0
2950,9,4,768,0,737,16,20,7,1,1,-52,0,792,7619,193,100,2,0,0
2947,6,5,768,0,699,19,5,5,1,2,-52,0,284,5194,181,100,1,0,0
2949,18,8,1024,0,679,13,55,7,1,1,-95,10,2517,26497,191,100,1,0,0
2946,30,26,1792,10,453,5,4,7,1,2,-70,0,712,8466,126,100,1,0,0
2947,26,21,1536,0,655,16,5,7,1,5,-52,2,2286,19187,179,100,2,0,0
2952,4,1,512,10,653,26,13,7,2,1,-61,10,5506,30767,197,100,3,0,0
2949,21,15,1280,10,661,11,12,7,1,3,-70,3,1351,9356,166,100,1,0,0
2949,16,10,1024,0,593,14,9,7,1,1,-70,3,640,6238,180,100,1,0,0
2951,19,18,1280,10,748,15,23,7,1,3,-52,1,1499,41528,188,100,3,0,0
2949,11,5,768,0,728,20,2,7,1,1,-70,0,752,11177,189,100,2,0,0
2950,10,5,768,20,692,18,12,7,1,2,-52,8,2211,12309,181,100,2,0,0
2953,3,1,512,0,665,26,15,7,1,1,-76,2,1393,18167,196,100,2,0,0
2952,25,19,1536,0,932,18,11,7,10,4,-70,0,584,6778,185,100,2,1,6
2949,31,26,1792,0,661,13,5,5,1,2,-52,0,370,4339,177,100,1,0,0
2954,5,1,512,60,681,27,6,7,1,1,-76,10,4894,30721,196,100,2,0,0
2954,13,7,1024,0,754,13,13,7,1,1,-70,0,388,5310,166,100,2,0,0
2951,14,10,1024,0,492,6,6,7,1,1,-70,0,398,4146,133,100,2,0,0
2952,27,22,1536,0,879,14,4,5,8,3,-52,0,1062,14396,180,100,4,1,6
2955,18,8,1024,0,681,13,55,7,1,1,-95,10,1850,21942,191,100,2,0,0
2955,17,18,1280,0,732,11,9,7,1,1,-52,0,727,11402,178,100,2,0,0
2952,26,21,1536,10,655,16,5,7,1,5,-52,2,589,7454,179,100,1,0,0
2955,24,23,1536,0,102,3,6,7,1,2,-52,0,694,10919,49,100,3,0,0
2957,2,4,768,0,699,16,3,5,1,1,-95,0,854,13347,187,100,2,0,0
2956,23,18,1280,0,733,14,18,7,1,3,-52,2,1322,28687,181,100,1,0,0
2955,30,26,1792,0,453,5,4,7,1,2,-70,0,504,6736,126,100,2,0,0
2957,7,3,768,0,694,17,3,7,1,2,-70,1,1209,15620,188,100,2,0,0
2957,1,0,256,0,46,0,0,3,0,0,0,10,3035,27869,5184,100,2,0,0
2957,4,1,512,10,653,26,13,7,2,1,-61,10,2663,16154,197,100,1,0,0
2956,6,5,768,0,701,19,5,5,1,2,-52,0,578,7749,182,100,1,0,0
2955,10,5,768,30,692,18,12,7,1,2,-52,8,1639,11289,181,100,1,0,0
2958,3,1,512,10,666,26,15,7,1,1,-76,2,902,8416,197,100,1,0,0
2956,28,22,1536,0,760,13,3,7,1,2,-70,1,918,13437,190,100,2,0,0
2956,15,10,1024,0,627,10,20,7,1,1,-52,4,2188,13291,142,100,3,0,0
2959,29,23,1536,0,469,4,6,7,10,1,-70,0,1083,10797,117,100,3,1,6
2958,9,4,768,0,740,16,20,7,1,1,-52,0,745,10677,193,100,3,0,0
2959,5,1,512,80,681,27,6,7,1,1,-76,10,2363,15572,197,100,1,0,0
2960,12,8,1024,0,770,13,6,7,1,1,-70,0,1054,11658,182,100,4,0,0
2955,31,26,1792,0,664,13,5,5,1,2,-52,0,608,5231,177,100,1,0,0
2959,22,18,1280,0,859,11,5,7,6,1,-70,2,2212,43533,179,100,3,1,6
2956,20,16,1280,0,793,12,18,7,1,3,-70,0,777,9671,172,100,3,0,0
2961,8,4,768,10,699,17,25,7,1,2,-70,10,4356,26293,192,100,4,0,0
2958,16,10,1024,0,597,14,9,7,1,1,-70,3,1362,12472,181,100,3,0,0
2962,7,3,768,0,696,17,3,7,1,2,-70,1,625,7239,188,100,1,0,0
2959,26,21,1536,0,657,16,5,7,1,5,-52,2,1349,11922,180,100,1,0,0
2960,11,5,768,0,731,20,2,7,1,1,-70,0,906,12597,190,100,2,0,0
2962,18,8,1024,0,682,13,55,7,1,1,-95,10,2805,29562,192,100,2,0,0
2963,19,18,1280,0,752,15,23,7,1,3,-52,1,1717,40210,189,100,3,0,0
2963,29,23,1536,0,469,4,6,7,10,1,-70,0,265,3888,117,100,1,1,6
2964,3,1,512,0,668,26,15,7,1,1,-76,2,1036,10600,197,100,1,0,0
2965,5,1,512,100,683,27,6,7,2,1,-76,10,2200,14282,197,100,1,0,0
2960,21,15,1280,0,667,12,12,7,1,3,-70,3,2755,18457,167,100,3,0,0
2962,14,10,1024,0,495,6,6,7,1,1,-70,0,808,10752,134,100,2,0,0
2961,30,26,1792,10,455,5,4,7,1,2,-70,0,570,6061,127,100,1,0,0
2963,23,18,1280,0,736,14,18,7,1,3,-52,2,1284,27732,182,100,1,0,0
2964,10,5,768,10,696,18,12,7,1,2,-52,8,3326,19297,182,100,2,0,0
2964,13,7,1024,0,757,13,13,7,1,1,-70,0,803,10001,167,100,3,0,0
2963,6,5,768,0,703,19,5,5,1,2,-52,0,619,7883,182,100,2,0,0
2962,27,22,1536,0,881,14,4,5,8,3,-52,0,709,11596,180,100,3,1,6
2963,31,26,1792,0,666,13,5,5,1,2,-52,0,557,7428,178,100,1,0,0
2964,15,10,1024,10,634,10,20,7,1,1,-52,4,2351,14411,143,100,2,0,0
2963,24,23,1536,0,105,3,6,7,1,2,-52,0,812,9455,49,100,3,0,0
2966,26,21,1536,0,662,16,5,7,1,5,-52,2,1479,11971,180,100,1,0,0
2966,1,0,256,0,46,0,0,3,0,0,0,10,2876,24571,5203,100,2,0,0
2965,25,19,1536,0,936,19,11,7,10,4,-70,0,1059,11597,186,100,3,1,6
2965,17,18,1280,0,734,11,9,7,1,1,-52,0,607,9403,179,100,1,0,0
2966,2,4,768,0,701,16,3,5,1,1,-95,0,728,11610,188,100,2,0,0
2966,22,18,1280,0,861,11,5,7,6,1,-70,2,968,22379,179,100,2,1,6
2967,30,26,1792,0,456,5,4,7,1,2,-70,0,474,6653,127,100,1,0,0
2967,4,1,512,0,659,26,13,7,2,1,-61,10,5617,30534,198,100,2,0,0
2967,16,10,1024,0,599,14,9,7,1,1,-70,3,1069,11308,181,100,2,0,0
2966,28,22,1536,0,762,13,3,7,1,2,-70,1,675,11334,190,100,2,0,0
2969,14,10,1024,0,496,6,7,7,1,1,-70,0,446,6426,134,100,2,0,0
2967,19,18,1280,0,753,15,23,7,1,3,-52,1,814,17708,189,100,1,0,0
2968,21,15,1280,0,670,12,12,7,1,3,-70,3,1454,10599,167,100,1,0,0
2969,29,23,1536,0,472,4,6,7,10,1,-70,0,725,7014,118,100,2,1,6
2970,9,4,768,0,743,17,20,7,1,1,-52,0,916,13750,194,100,2,0,0
2970,11,5,768,0,734,20,2,7,1,1,-70,0,836,11974,191,100,2,0,0
2970,8,4,768,0,703,18,25,7,1,2,-70,10,3959,23655,193,100,2,0,0
2972,13,7,1024,10,760,13,14,7,1,1,-70,0,637,6293,167,100,2,0,0
2971,27,22,1536,0,886,14,4,5,8,3,-52,0,897,9313,181,100,2,1,6
2971,6,5,768,0,703,19,5,5,1,2,-52,0,364,7380,183,100,1,0,0
2970,12,8,1024,0,773,13,6,7,1,1,-70,0,828,11019,183,100,3,0,0
2972,7,3,768,10,698,17,3,7,1,2,-70,1,1186,14901,189,100,2,0,0
2971,15,10,1024,0,635,10,20,7,1,1,-52,4,1261,9642,143,100,3,0,0
2970,20,16,1280,0,798,12,18,7,1,3,-70,0,703,9923,173,100,2,0,0
2971,24,23,1536,0,106,3,6,7,1,2,-52,0,466,6689,50,100,2,0,0
2972,1,0,256,0,46,0,0,3,0,0,0,10,1852,18437,5215,100,1,0,0
2973,5,1,512,0,688,27,6,7,2,1,-76,10,4158,23428,198,100,2,0,0
2973,3,1,512,0,669,26,15,7,1,1,-76,2,1299,14567,198,100,1,0,0
2974,10,5,768,60,699,18,12,7,1,2,-52,8,3349,22979,183,100,2,0,0
2971,23,18,1280,0,739,14,18,7,1,3,-52,2,1750,32354,182,100,2,0,0
2973,4,1,512,0,662,26,13,7,2,1,-61,10,3190,18200,198,100,2,0,0
2972,31,26,1792,0,669,13,5,5,1,2,-52,0,809,9267,179,100,2,0,0
2974,2,4,768,0,703,16,3,5,1,1,-95,0,583,9020,189,100,1,0,0
2974,18,8,1024,0,685,13,55,7,1,1,-95,10,4668,49264,192,100,2,0,0
2973,16,10,1024,0,601,14,9,7,1,1,-70,3,846,7172,182,100,1,0,0
2973,29,23,1536,10,472,4,6,7,10,1,-70,0,325,5008,118,100,1,1,6
2976,25,19,1536,0,945,19,11,7,10,4,-70,0,1537,11563,187,100,4,1,6
2972,21,15,1280,0,671,12,12,7,1,3,-70,3,761,6797,168,100,1,0,0
2974,14,10,1024,0,499,6,7,7,1,1,-70,0,639,5936,135,100,1,0,0
2974,30,26,1792,10,458,5,4,7,1,2,-70,0,393,6182,127,100,1,0,0
2974,12,8,1024,0,773,13,6,7,1,1,-70,0,263,3900,183,100,1,0,0
2978,10,5,768,0,700,18,12,7,1,2,-52,8,1628,10050,183,100,1,0,0
2978,13,7,1024,0,763,13,15,7,1,1,-70,0,711,7009,168,100,3,0,0
2977,6,5,768,0,705,19,5,5,1,2,-52,0,568,6367,183,100,1,0,0
2977,21,15,1280,0,674,12,12,7,1,3,-70,3,1100,7272,168,100,1,0,0
2978,20,16,1280,0,802,12,18,7,1,3,-70,0,710,6820,173,100,2,0,0
2976,27,22,1536,0,888,14,4,5,8,3,-52,0,537,6053,181,100,2,1,6
2975,17,18,1280,0,735,11,9,7,1,1,-52,0,716,11114,180,100,3,0,0
2979,2,4,768,0,704,16,3,5,1,1,-95,0,391,6766,189,100,1,0,0
2979,15,10,1024,10,637,10,20,7,1,1,-52,4,1803,12672,144,100,1,0,0
2975,22,18,1280,0,864,11,5,7,6,1,-70,2,2063,37064,180,100,3,1,6
2979,8,4,768,60,706,18,25,7,1,2,-70,10,3764,22872,194,100,2,0,0
2977,26,21,1536,0,664,16,5,7,1,5,-52,2,1884,19108,181,100,2,0,0
2975,28,22,1536,0,763,13,3,7,1,2,-70,1,600,11001,191,100,2,0,0
2979,9,4,768,0,746,17,20,7,1,1,-52,0,802,12442,195,100,3,0,0
2976,24,23,1536,0,109,3,6,7,1,2,-52,0,582,5709,50,100,1,0,0
2980,3,1,512,20,673,26,15,7,1,1,-76,2,1244,11743,198,100,3,0,0
2978,19,18,1280,0,755,15,23,7,1,3,-52,1,1589,42208,190,100,2,0,0
2978,23,18,1280,0,741,14,18,7,1,3,-52,2,1626,30807,183,100,2,0,0
2981,11,5,768,0,734,20,2,7,1,1,-70,0,515,13089,192,100,2,0,0
2982,16,10,1024,10,605,14,9,7,1,1,-70,3,1388,12137,182,100,2,0,0
2980,12,8,1024,0,776,13,6,7,1,1,-70,0,633,5712,184,100,2,0,0
2982,26,21,1536,0,665,16,5,7,1,5,-52,2,625,7293,181,100,1,0,0
2983,14,10,1024,0,501,6,7,7,1,1,-70,0,645,8643,135,100,2,0,0
2980,29,23,1536,0,477,4,6,7,10,1,-70,0,870,7287,118,100,2,1,6
2983,7,3,768,10,706,18,3,7,1,2,-70,1,1910,18499,189,100,2,0,0
2983,6,5,768,0,708,19,5,5,1,2,-52,0,758,5795,184,100,2,0,0
2982,27,22,1536,0,891,14,4,5,8,3,-52,0,608,7910,181,100,1,1,6
2983,30,26,1792,0,462,5,4,7,1,2,-70,0,1023,10006,128,100,2,0,0
2984,5,1,512,20,691,27,6,7,2,1,-76,10,5252,32111,198,100,4,0,0
2984,1,0,256,0,46,0,0,3,0,0,0,10,3231,32756,5237,100,2,0,0
2984,10,5,768,10,702,18,13,7,1,2,-52,8,2410,14835,183,100,2,0,0
2984,31,26,1792,0,672,13,5,5,1,2,-52,0,777,11182,179,100,2,0,0
2981,25,19,1536,0,946,19,11,7,10,4,-70,0,458,6380,187,100,2,1,6
2984,21,15,1280,0,674,12,12,7,1,3,-70,3,1026,8997,168,100,1,0,0
2981,28,22,1536,0,767,13,3,7,1,2,-70,1,740,8887,191,100,1,0,0
2985,2,4,768,0,704,16,3,5,1,1,-95,0,396,6686,189,100,1,0,0
2985,4,1,512,10,663,26,13,7,2,1,-61,10,5592,33069,199,100,2,0,0
2986,8,4,768,30,707,18,25,7,1,2,-70,10,2996,16306,194,100,1,0,0
2984,18,8,1024,0,686,13,55,7,1,1,-95,10,4298,42703,193,100,2,0,0
2987,3,1,512,10,678,26,15,7,1,1,-76,2,1710,13152,199,100,2,0,0
2986,13,7,1024,0,764,13,15,7,1,1,-70,0,515,8541,168,100,2,0,0
2984,17,18,1280,0,737,11,9,7,1,1,-52,0,526,8779,180,100,1,0,0
2986,9,4,768,10,747,17,20,7,1,1,-52,0,533,8163,195,100,1,0,0
2985,23,18,1280,0,741,14,18,7,1,3,-52,2,940,25758,183,100,1,0,0
2987,20,16,1280,0,804,12,18,7,1,3,-70,0,703,8666,174,100,2,0,0
2986,28,22,1536,0,768,13,3,7,1,2,-70,1,426,5816,192,100,1,0,0
2986,24,23,1536,10,111,3,6,7,1,2,-52,0,700,10227,51,100,2,0,0
2989,7,3,768,0,708,18,3,7,1,2,-70,1,853,9724,190,100,1,0,0
2989,15,10,1024,0,640,10,20,7,1,1,-52,4,1896,14199,145,100,2,0,0
2988,22,18,1280,0,869,11,5,7,6,1,-70,2,2683,44939,181,100,3,1,6
2987,25,19,1536,0,950,19,11,7,10,4,-70,0,777,6313,187,100,2,1,6
2989,10,5,768,20,702,18,13,7,1,2,-52,8,1778,11957,184,100,1,0,0
2989,16,10,1024,0,607,14,9,7,1,1,-70,3,1056,9744,183,100,2,0,0
2989,27,22,1536,0,894,14,4,5,8,3,-52,0,658,7917,182,100,2,1,6
2991,14,10,1024,0,504,6,7,7,1,1,-70,0,687,8187,136,100,1,0,0
2990,1,0,256,0,46,0,0,3,0,0,0,10,1841,17788,5253,100,1,0,0
2991,13,7,1024,0,765,13,15,7,1,1,-70,0,353,4862,169,100,0,0,0
2989,19,18,1280,0,758,15,23,7,1,3,-52,1,1529,41191,191,100,2,0,0
2990,12,8,1024,10,777,13,6,7,1,1,-70,0,594,9705,185,100,2,0,0
2993,5,1,512,0,692,27,6,7,2,1,-76,10,2984,21819,199,100,1,0,0
2992,8,4,768,30,708,18,25,7,1,2,-70,10,2949,17357,194,100,1,0,0
2992,2,4,768,0,706,16,3,5,1,1,-95,0,703,9702,190,100,2,0,0
2993,3,1,512,0,679,26,15,7,1,1,-76,2,1027,10179,199,100,1,0,0
2992,31,26,1792,0,674,13,5,5,1,2,-52,0,582,8378,180,100,1,0,0
2992,18,8,1024,20,689,13,55,7,1,1,-95,10,3198,32780,194,100,1,0,0
2993,6,5,768,10,711,19,5,5,1,2,-52,0,629,8843,184,100,1,0,0
2991,23,18,1280,10,742,14,18,7,1,3,-52,2,747,20444,184,100,1,0,0
2994,11,5,768,0,736,20,2,7,1,1,-70,0,781,14115,192,100,2,0,0
2993,21,15,1280,10,678,12,12,7,1,3,-70,3,1581,12765,169,100,2,0,0
2993,9,4,768,0,749,17,20,7,1,1,-52,0,524,8167,195,100,1,0,0
2993,26,21,1536,0,669,16,5,7,1,5,-52,2,2070,18671,182,100,2,0,0
2991,29,23,1536,0,481,4,6,7,10,1,-70,0,934,10932,119,100,3,1,6
2994,20,16,1280,0,808,12,18,7,1,3,-70,0,716,6938,174,100,1,0,0
2995,30,26,1792,0,465,5,4,7,1,2,-70,0,810,10520,129,100,2,0,0
2995,4,1,512,10,664,26,13,7,2,1,-61,10,5352,29975,200,100,1,0,0
2992,17,18,1280,0,739,11,9,7,1,1,-52,0,678,7304,181,100,2,0,0
2991,28,22,1536,0,769,13,3,7,1,2,-70,1,422,6838,192,100,1,0,0
2995,15,10,1024,0,642,10,20,7,1,1,-52,4,1486,9693,145,100,1,0,0
2993,22,18,1280,0,870,11,5,7,6,1,-70,2,960,19250,181,100,2,1,6
2993,24,23,1536,10,112,3,6,7,1,2,-52,0,394,5749,51,100,1,0,0
2997,10,5,768,10,704,18,13,7,1,2,-52,8,2620,16970,184,100,1,0,0
2996,14,10,1024,0,506,6,7,7,1,1,-70,0,500,5568,136,100,1,0,0
2994,19,18,1280,0,760,15,23,7,1,3,-52,1,620,16210,191,100,1,0,0
2996,23,18,1280,10,744,14,18,7,1,3,-52,2,1161,19901,184,100,1,0,0
2997,31,26,1792,0,674,13,5,5,1,2,-52,0,287,4715,180,100,1,0,0
2996,29,23,1536,0,483,4,6,7,10,1,-70,0,544,4541,119,100,1,1,6
2998,22,18,1280,0,872,11,5,7,6,1,-70,2,763,16617,182,100,2,1,6
2998,26,21,1536,0,670,16,5,7,1,5,-52,2,818,8794,182,100,1,0,0
3000,7,3,768,0,711,18,3,7,1,2,-70,1,1363,17061,191,100,2,0,0
2999,1,0,256,0,46,0,0,3,0,0,0,10,2485,25078,5267,100,2,0,0
2999,16,10,1024,0,609,14,9,7,1,1,-70,3,1176,13182,183,100,2,0,0
2999,27,22,1536,0,896,14,4,5,8,3,-52,0,787,12953,183,100,3,1,6
2998,12,8,1024,10,780,13,6,7,1,1,-70,0,519,7545,185,100,2,0,0
2998,25,19,1536,0,957,19,11,7,10,4,-70,0,1367,11678,188,100,5,1,6
3001,2,4,768,0,711,16,3,5,1,1,-95,0,843,10444,190,100,1,0,0
2999,19,18,1280,10,763,15,23,7,1,3,-52,1,953,18302,191,100,1,0,0
3001,13,7,1024,0,771,13,15,7,1,1,-70,0,1068,10206,169,100,3,0,0
3002,5,1,512,0,694,27,6,7,2,1,-76,10,4187,25972,200,100,2,0,0
3002,4,1,512,0,666,26,13,7,2,1,-61,10,3787,20990,200,100,2,0,0
3002,31,26,1792,0,676,13,5,5,1,2,-52,0,533,4599,181,100,1,0,0
3003,6,5,768,0,716,19,5,5,1,2,-52,0,1021,9521,185,100,2,0,0
3003,11,5,768,0,741,20,2,7,1,1,-70,0,1050,11442,193,100,2,0,0
3003,3,1,512,0,683,26,15,7,1,1,-76,2,1677,16594,200,100,3,0,0
3001,18,8,1024,10,691,13,55,7,1,1,-95,10,4010,38163,194,100,1,0,0
3001,17,18,1280,0,740,11,9,7,1,1,-52,0,418,8067,181,100,1,0,0
3003,16,10,1024,0,609,14,9,7,1,1,-70,3,308,4930,184,100,0,0,0
3001,28,22,1536,10,772,13,3,7,1,2,-70,1,608,9410,193,100,1,0,0
3002,21,15,1280,0,680,12,12,7,1,3,-70,3,1675,13703,170,100,1,0,0
3004,8,4,768,20,712,18,25,7,1,2,-70,10,5040,29127,195,100,2,0,0
3005,10,5,768,20,709,18,13,7,1,2,-52,8,3091,18883,185,100,2,0,0
3001,23,18,1280,0,745,14,18,7,1,3,-52,2,935,22571,184,100,1,0,0
3004,14,10,1024,0,508,6,7,7,1,1,-70,0,653,7730,137,100,2,0,0
3004,9,4,768,0,751,17,20,7,1,1,-52,0,722,13497,196,100,3,0,0
3002,24,23,1536,0,115,3,7,7,1,2,-52,0,830,9907,52,100,4,0,0
3005,15,10,1024,10,648,10,20,7,1,1,-52,4,2159,14790,146,100,3,0,0
3003,12,8,1024,0,781,13,6,7,1,1,-70,0,394,4903,185,100,1,0,0
3004,20,16,1280,0,811,12,18,7,1,3,-70,0,810,10193,175,100,2,0,0
3004,30,26,1792,0,465,5,4,7,1,2,-70,0,432,9213,129,100,2,0,0
3006,4,1,512,10,668,26,13,7,2,1,-61,10,2640,14679,200,100,1,0,0
3006,21,15,1280,0,682,12,12,7,1,3,-70,3,877,6464,170,100,1,0,0
3007,7,3,768,0,713,18,3,7,1,2,-70,1,999,13513,191,100,1,0,0
3008,18,8,1024,20,692,13,55,7,1,1,-95,10,2021,25824,195,100,2,0,0
3006,25,19,1536,0,959,19,11,7,10,4,-70,0,579,7908,189,100,2,1,6
3008,31,26,1792,0,676,13,5,5,1,2,-52,0,287,5734,181,100,1,0,0
3006,29,23,1536,0,491,4,6,7,10,1,-70,0,1392,11643,120,100,5,1,6
3009,11,5,768,0,742,20,2,7,1,1,-70,0,394,7590,193,100,1,0,0
3009,1,0,256,0,46,0,0,3,0,0,0,10,2729,27285,5289,100,2,0,0
3008,30,26,1792,0,466,5,4,7,1,2,-70,0,449,4970,130,100,1,0,0
3007,19,18,1280,0,764,15,23,7,1,3,-52,1,891,29949,192,100,1,0,0
3010,15,10,1024,0,649,10,20,7,1,1,-52,4,1223,7994,146,100,0,0,0
3008,13,7,1024,0,773,13,15,7,1,1,-70,0,680,8118,170,100,2,0,0
3009,9,4,768,0,751,17,20,7,1,1,-52,0,286,5823,196,100,1,0,0
3009,24,23,1536,0,117,3,7,7,1,2,-52,0,523,6192,52,100,1,0,0
3011,6,5,768,0,719,19,5,5,1,2,-52,0,630,7640,185,100,1,0,0
3010,3,1,512,0,684,26,15,7,1,1,-76,2,928,11383,200,100,1,0,0
3010,22,18,1280,0,875,11,5,7,6,1,-70,2,2017,42360,182,100,3,1,6
3010,14,10,1024,10,509,6,7,7,1,1,-70,0,393,6140,137,100,1,0,0
3010,27,22,1536,0,901,14,4,5,8,3,-52,0,1119,13025,183,100,5,1,6
3009,26,21,1536,0,672,16,5,7,1,5,-52,2,2136,18857,183,100,2,0,0
3010,12,8,1024,0,785,13,6,7,1,1,-70,0,770,6601,186,100,1,0,0
3010,2,4,768,0,713,16,3,5,1,1,-95,0,728,11873,191,100,2,0,0
3011,8,4,768,10,712,18,25,7,1,2,-70,10,3134,17979,196,100,2,0,0
3011,5,1,512,0,696,27,6,7,2,1,-76,10,4860,28827,200,100,2,0,0
3012,20,16,1280,10,815,12,18,7,1,3,-70,0,735,6969,176,100,2,0,0
3012,28,22,1536,0,774,13,3,7,1,2,-70,1,755,14092,193,100,2,0,0
3012,17,18,1280,0,743,11,9,7,1,1,-52,0,833,11221,182,100,2,0,0
3013,4,1,512,0,670,26,13,7,2,1,-61,10,3746,19759,201,100,1,0,0
3012,23,18,1280,0,746,14,18,7,1,3,-52,2,1784,41683,185,100,2,0,0
3014,7,3,768,0,714,18,3,7,1,2,-70,1,767,9089,191,100,1,0,0
3014,16,10,1024,20,612,14,9,7,1,1,-70,3,1412,14006,185,100,2,0,0
3012,25,19,1536,0,960,19,11,7,10,4,-70,0,372,5107,189,100,1,1,6
3012,13,7,1024,10,775,14,15,7,1,1,-70,0,450,4147,170,100,1,0,0
3014,10,5,768,0,711,18,13,7,1,2,-52,8,3485,23996,186,100,2,0,0
3013,18,8,1024,30,694,13,55,7,1,1,-95,10,3071,27896,195,100,1,0,0
3014,11,5,768,0,743,20,2,7,1,1,-70,0,476,8151,194,100,1,0,0
3014,30,26,1792,0,466,5,4,7,1,2,-70,0,286,5610,130,100,1,0,0
3013,24,23,1536,10,119,3,7,7,1,2,-52,0,507,4283,53,100,1,0,0
3014,22,18,1280,0,876,11,5,7,6,1,-70,2,1058,16332,183,100,2,1,6
3015,6,5,768,0,721,19,5,5,1,2,-52,0,554,6451,186,100,1,0,0
3017,15,10,1024,0,651,10,20,7,1,1,-52,4,1263,10383,146,100,2,0,0
3015,29,23,1536,0,492,4,6,7,10,1,-70,0,639,8295,121,100,2,1,6
3018,4,1,512,0,670,26,13,7,2,1,-61,10,1944,13005,201,100,1,0,0
3017,21,15,1280,10,685,12,12,7,1,3,-70,3,1859,14794,171,100,2,0,0
3017,19,18,1280,0,766,15,23,7,1,3,-52,1,1123,32873,193,100,2,0,0
3016,31,26,1792,0,679,13,5,5,1,2,-52,0,785,8328,182,100,2,0,0
3018,3,1,512,10,685,26,15,7,1,1,-76,2,1366,13721,201,100,3,0,0
3018,7,3,768,10,715,18,3,7,1,2,-70,1,772,7960,192,100,1,0,0
3019,28,22,1536,0,778,13,3,7,1,2,-70,1,824,9389,194,100,1,0,0
3019,10,5,768,0,712,18,13,7,1,2,-52,8,1635,10400,186,100,0,0,0
3017,13,7,1024,0,776,14,15,7,1,1,-70,0,381,4467,170,100,0,0,0
3018,22,18,1280,0,877,11,5,7,6,1,-70,2,1075,20276,183,100,1,1,6
3020,14,10,1024,0,512,6,7,7,1,1,-70,0,833,10258,138,100,2,0,0
3019,12,8,1024,0,789,13,6,7,1,1,-70,0,853,9141,186,100,3,0,0
3019,9,4,768,0,753,17,20,7,1,1,-52,0,728,13485,197,100,2,0,0
3018,11,5,768,0,743,20,2,7,1,1,-70,0,261,4801,194,100,1,0,0
3020,20,16,1280,0,815,12,18,7,1,3,-70,0,369,7697,176,100,1,0,0
3019,18,8,1024,10,695,13,55,7,1,1,-95,10,2214,24254,195,100,1,0,0
3020,5,1,512,0,697,27,6,7,2,1,-76,10,3590,23724,201,100,1,0,0
3021,1,0,256,0,46,0,0,3,0,0,0,10,3447,34340,5314,100,2,0,0
3021,8,4,768,20,715,18,25,7,1,2,-70,10,3838,23633,196,100,1,0,0
3021,26,21,1536,0,679,16,5,7,1,5,-52,2,2142,19094,184,100,2,0,0
3020,25,19,1536,0,964,19,11,7,10,4,-70,0,954,8165,190,100,3,1,6
3022,4,1,512,10,672,26,13,7,2,1,-61,10,2369,14123,201,100,0,0,0
3022,2,4,768,0,716,16,3,5,1,1,-95,0,859,14273,192,100,2,0,0
3021,24,23,1536,0,119,3,7,7,1,2,-52,0,334,7540,53,100,1,0,0
3022,31,26,1792,10,680,13,5,5,1,2,-52,0,394,6136,182,100,1,0,0
3023,13,7,1024,0,778,14,15,7,1,1,-70,0,557,6273,171,100,1,0,0
3022,27,22,1536,0,904,14,4,5,8,3,-52,0,896,14511,184,100,3,1,6
3024,14,10,1024,0,513,6,7,7,1,1,-70,0,273,4101,138,100,0,0,0
3024,15,10,1024,20,652,10,20,7,1,1,-52,4,1406,10546,147,100,1,0,0
3021,19,18,1280,0,767,15,23,7,1,3,-52,1,707,15201,193,100,1,0,0
3023,21,15,1280,0,685,12,12,7,1,3,-70,3,1215,9428,171,100,1,0,0
3022,29,23,1536,10,496,4,6,7,10,1,-70,0,816,6452,121,100,2,1,6
3024,16,10,1024,0,614,14,9,7,1,1,-70,3,1109,14218,185,100,2,0,0
3024,18,8,1024,30,698,13,55,7,1,1,-95,10,2149,18199,196,100,1,0,0
3022,17,18,1280,0,748,11,9,7,1,1,-52,0,1024,11169,183,100,2,0,0
3025,30,26,1792,0,469,5,4,7,1,2,-70,0,808,10494,131,100,2,0,0
3026,2,4,768,0,717,16,3,5,1,1,-95,0,368,5186,192,100,1,0,0
3026,10,5,768,0,713,18,13,7,1,2,-52,8,2572,16253,186,100,2,0,0
3027,3,1,512,0,689,26,15,7,1,1,-76,2,1482,14389,201,100,1,0,0
3022,23,18,1280,10,749,14,18,7,1,3,-52,2,2035,41129,186,100,2,0,0
3025,6,5,768,10,723,19,5,5,1,2,-52,0,699,9593,187,100,2,0,0
3025,22,18,1280,0,883,11,5,7,6,1,-70,2,1306,24394,183,100,2,1,6
3027,5,1,512,0,698,27,6,7,2,1,-76,10,2797,18321,201,100,2,0,0
3025,12,8,1024,0,792,13,6,7,1,1,-70,0,663,6587,187,100,1,0,0
3027,9,4,768,0,753,17,20,7,1,1,-52,0,491,9145,198,100,2,0,0
3027,26,21,1536,0,680,16,5,7,1,5,-52,2,1053,10200,184,100,1,0,0
3026,25,19,1536,0,966,19,11,7,10,4,-70,0,563,5581,190,100,2,1,6
3028,13,7,1024,0,778,14,15,7,1,1,-70,0,263,3855,171,100,1,0,0
3026,27,22,1536,0,905,14,4,5,8,3,-52,0,389,6356,184,100,2,1,6
3028,31,26,1792,0,681,13,5,5,1,2,-52,0,395,5354,182,100,1,0,0
3030,14,10,1024,0,514,6,7,7,1,1,-70,0,369,4865,138,100,1,0,0
3029,8,4,768,40,718,18,25,7,1,2,-70,10,3807,21002,197,100,2,0,0
3029,4,1,512,10,672,26,13,7,2,1,-61,10,3994,21097,202,100,2,0,0
3028,24,23,1536,0,122,3,7,7,1,2,-52,0,662,6389,54,100,1,0,0
3030,1,0,256,0,46,0,0,3,0,0,0,10,2656,26551,5331,100,2,0,0
3030,16,10,1024,0,615,14,9,7,1,1,-70,3,629,7050,186,100,1,0,0
3029,7,3,768,0,718,18,3,7,1,2,-70,1,1614,19317,193,100,2,0,0
3029,11,5,768,0,746,20,2,7,1,1,-70,0,859,13544,195,100,2,0,0
3028,17,18,1280,0,750,11,9,7,1,1,-52,0,503,5848,183,100,1,0,0
3031,20,16,1280,0,818,12,18,7,1,3,-70,0,834,10968,177,100,2,0,0
3029,23,18,1280,10,752,14,18,7,1,3,-52,2,1265,26234,186,100,1,0,0
3031,5,1,512,0,698,27,6,7,2,1,-76,10,1607,11453,201,100,0,0,0
3030,18,8,1024,40,700,13,55,7,1,1,-95,10,2914,26756,196,100,1,0,0
3032,9,4,768,0,754,17,20,7,1,1,-52,0,271,5493,198,100,0,0,0
3032,3,1,512,0,689,26,15,7,1,1,-76,2,955,10280,202,100,1,0,0
3029,28,22,1536,0,781,13,3,7,1,2,-70,1,809,13436,195,100,2,0,0
3030,29,23,1536,0,498,4,6,7,10,1,-70,0,642,7712,122,100,2,1,6
3032,10,5,768,10,714,18,13,7,1,2,-52,8,2092,14941,187,100,1,0,0
3030,25,19,1536,0,967,19,11,7,10,4,-70,0,390,4367,190,100,2,1,6
3034,15,10,1024,0,653,10,20,7,1,1,-52,4,1578,13252,148,100,2,0,0
3034,2,4,768,0,718,16,3,5,1,1,-95,0,475,8853,193,100,1,0,0
3033,30,26,1792,0,471,5,4,7,1,2,-70,0,525,7194,131,100,1,0,0
3032,19,18,1280,0,767,15,23,7,1,3,-52,1,1086,38038,194,100,2,0,0
3034,7,3,768,0,718,18,3,7,1,2,-70,1,374,6469,193,100,1,0,0
3034,21,15,1280,10,687,12,12,7,1,3,-70,3,1728,15121,172,100,2,0,0
3032,17,18,1280,0,751,11,9,7,1,1,-52,0,394,4539,183,100,1,0,0
3034,6,5,768,0,723,19,5,5,1,2,-52,0,430,7802,187,100,2,0,0
3035,13,7,1024,0,780,14,15,7,1,1,-70,0,525,6859,171,100,1,0,0
3035,11,5,768,0,748,20,2,7,1,1,-70,0,476,6142,195,100,1,0,0
3034,18,8,1024,0,700,13,55,7,1,1,-95,10,1659,18158,196,100,1,0,0
3034,22,18,1280,0,889,11,5,7,6,1,-70,2,2195,34568,184,100,4,1,6
3036,8,4,768,40,720,18,25,7,1,2,-70,10,3129,18512,197,100,1,0,0
3037,4,1,512,10,673,26,13,7,2,1,-61,10,3807,21780,202,100,1,0,0
3037,20,16,1280,0,821,12,18,7,1,3,-70,0,610,6040,177,100,1,0,0
3037,1,0,256,0,46,0,0,3,0,0,0,10,1908,20255,5346,100,1,0,0
3035,12,8,1024,20,798,13,6,7,1,1,-70,0,966,9580,188,100,2,0,0
3037,16,10,1024,0,618,14,9,7,1,1,-70,3,1118,9399,186,100,1,0,0
3037,31,26,1792,0,685,13,5,5,1,2,-52,0,916,9190,183,100,2,0,0
3036,27,22,1536,0,909,14,4,5,8,3,-52,0,879,12551,185,100,2,1,6
3038,15,10,1024,0,653,10,20,7,1,1,-52,4,1003,7312,148,100,1,0,0
3036,23,18,1280,0,752,14,18,7,1,3,-52,2,1061,31529,187,100,1,0,0
3039,26,21,1536,0,683,16,5,7,1,5,-52,2,1992,19614,185,100,2,0,0
3037,17,18,1280,10,753,11,9,7,1,1,-52,0,509,4346,184,100,1,0,0
3039,24,23,1536,0,126,3,7,7,1,2,-52,0,858,10610,54,100,2,0,0
3040,3,1,512,0,690,26,15,7,1,1,-76,2,1047,12269,202,100,2,0,0
3038,28,22,1536,0,783,13,3,7,1,2,-70,1,693,10845,195,100,2,0,0
3040,10,5,768,10,717,18,13,7,1,2,-52,8,2606,16988,187,100,1,0,0
3038,29,23,1536,0,503,4,6,7,10,1,-70,0,1027,9980,122,100,3,1,6
3040,9,4,768,0,757,17,20,7,1,1,-52,0,835,10645,199,100,2,0,0
3039,12,8,1024,0,800,13,6,7,1,1,-70,0,640,4791,188,100,1,0,0
3041,21,15,1280,0,687,12,12,7,1,3,-70,3,845,7670,172,100,1,0,0
3041,14,10,1024,0,519,6,7,7,1,1,-70,0,1036,11451,139,100,3,0,0
3042,4,1,512,10,673,26,13,7,2,1,-61,10,2708,14876,203,100,1,0,0
3040,18,8,1024,0,701,13,55,7,1,1,-95,10,2294,23442,197,100,1,0,0
3042,6,5,768,0,725,19,5,5,1,2,-52,0,554,6810,188,100,1,0,0
3041,7,3,768,0,719,18,3,7,1,2,-70,1,836,10621,193,100,1,0,0
3042,2,4,768,0,719,16,3,5,1,1,-95,0,512,9230,193,100,2,0,0
3040,25,19,1536,0,973,19,11,7,10,4,-70,0,1163,9906,191,100,4,1,6
3043,5,1,512,0,702,27,6,7,2,1,-76,10,4713,29650,202,100,2,0,0
3042,13,7,1024,0,783,14,15,7,1,1,-70,0,664,6660,172,100,1,0,0
3042,11,5,768,0,751,20,2,7,1,1,-70,0,714,9248,196,100,1,0,0
3040,22,18,1280,0,894,11,5,7,6,1,-70,2,1472,24048,184,100,3,1,6
3045,3,1,512,0,692,26,15,7,1,1,-76,2,801,7274,202,100,0,0,0
3044,30,26,1792,0,472,5,4,7,1,2,-70,0,594,10218,132,100,2,0,0
3043,19,18,1280,0,770,15,23,7,1,3,-52,1,1377,39468,194,100,2,0,0
3045,10,5,768,0,718,18,13,7,1,2,-52,8,1358,10747,188,100,1,0,0
3044,18,8,1024,0,701,13,55,7,1,1,-95,10,1588,18621,197,100,0,0,0
3045,16,10,1024,0,620,14,9,7,1,1,-70,3,936,10958,187,100,2,0,0
3046,1,0,256,0,46,0,0,3,0,0,0,10,2763,26676,5366,100,2,0,0
3045,28,22,1536,0,783,13,3,7,1,2,-70,1,508,9053,196,100,1,0,0
3047,14,10,1024,0,519,6,7,7,1,1,-70,0,247,5465,140,100,0,0,0
3047,8,4,768,10,723,18,25,7,1,2,-70,10,4608,26780,198,100,3,0,0
3046,31,26,1792,10,688,13,5,5,1,2,-52,0,688,8644,184,100,1,0,0
3046,25,19,1536,0,977,19,11,7,10,4,-70,0,778,6105,191,100,2,1,6
3047,17,18,1280,10,756,11,9,7,1,1,-52,0,754,9716,184,100,2,0,0
3048,2,4,768,10,722,16,3,5,1,1,-95,0,605,7610,193,100,1,0,0
3048,5,1,512,0,703,27,6,7,2,1,-76,10,2219,15964,203,100,1,0,0
3047,27,22,1536,0,912,14,4,5,8,3,-52,0,971,13633,186,100,3,1,6
3049,20,16,1280,0,822,12,18,7,1,3,-70,0,693,10775,178,100,3,0,0
3049,15,10,1024,10,656,10,20,7,1,1,-52,4,1834,15769,149,100,1,0,0
3047,24,23,1536,0,127,3,7,7,1,2,-52,0,588,9503,55,100,3,0,0
3048,21,15,1280,0,691,12,12,7,1,3,-70,3,1410,10459,173,100,2,0,0
3048,23,18,1280,0,756,14,18,7,1,3,-52,2,2019,46070,187,100,2,0,0
3050,26,21,1536,0,684,16,5,7,1,5,-52,2,1393,17194,185,100,2,0,0
3050,4,1,512,10,676,26,13,7,2,1,-61,10,4328,25114,203,100,1,0,0
3049,29,23,1536,0,508,4,6,7,10,1,-70,0,1154,11210,123,100,3,1,6
3050,9,4,768,0,761,17,20,7,1,1,-52,0,859,12587,199,100,2,0,0
3050,18,8,1024,0,702,13,55,7,1,1,-95,10,2500,24777,197,100,2,0,0
3051,7,3,768,10,723,18,3,7,1,2,-70,1,1444,16398,194,100,2,0,0
3051,12,8,1024,10,803,13,6,7,1,1,-70,0,776,11297,189,100,2,0,0
3052,22,18,1280,0,901,11,5,7,6,1,-70,2,2246,38915,185,100,4,1,6
3051,6,5,768,0,726,19,5,5,1,2,-52,0,536,9466,188,100,2,0,0
3051,13,7,1024,0,787,14,15,7,1,1,-70,0,910,9674,173,100,3,0,0
3053,1,0,256,0,46,0,0,3,0,0,0,10,1625,16812,5377,100,1,0,0
3053,10,5,768,0,718,18,13,7,1,2,-52,8,2542,17436,188,100,2,0,0
3052,3,1,512,0,695,26,15,7,1,1,-76,2,1535,15019,203,100,2,0,0
3054,4,1,512,10,678,26,13,7,2,1,-61,10,2025,11688,204,100,1,0,0
3053,11,5,768,0,753,20,2,7,1,1,-70,0,668,13796,196,100,2,0,0
3054,8,4,768,10,723,18,25,7,1,2,-70,10,2641,17236,199,100,1,0,0
3055,14,10,1024,0,522,6,7,7,1,1,-70,0,728,8460,140,100,2,0,0
3054,19,18,1280,0,773,15,23,7,1,3,-52,1,1404,38195,195,100,2,0,0
3056,30,26,1792,0,476,5,4,7,1,2,-70,0,940,11020,133,100,2,0,0
3056,15,10,1024,10,658,10,20,7,1,1,-52,4,1316,9525,149,100,2,0,0
3055,16,10,1024,10,623,14,9,7,1,1,-70,3,1066,12458,187,100,2,0,0
3056,7,3,768,0,724,18,3,7,1,2,-70,1,605,7459,194,100,1,0,0
3056,26,21,1536,0,685,16,5,7,1,5,-52,2,1008,10061,186,100,1,0,0
3056,29,23,1536,0,509,4,6,7,10,1,-70,0,462,6101,123,100,1,1,6
3056,28,22,1536,0,783,13,3,7,1,2,-70,1,460,12367,196,100,2,0,0
3057,21,15,1280,0,691,12,12,7,1,3,-70,3,1110,11353,173,100,1,0,0
3055,25,19,1536,0,981,19,11,7,10,4,-70,0,815,9302,192,100,2,1,6
3057,31,26,1792,10,692,13,5,5,1,2,-52,0,861,9858,184,100,2,0,0
3057,27,22,1536,0,915,14,4,5,8,3,-52,0,814,11577,186,100,3,1,6
3057,3,1,512,0,696,26,15,7,1,1,-76,2,687,8120,203,100,1,0,0
3058,5,1,512,0,706,27,6,7,2,1,-76,10,4074,26540,203,100,2,0,0
3058,10,5,768,0,718,18,13,7,1,2,-52,8,1847,11824,188,100,1,0,0
3058,17,18,1280,0,757,11,9,7,1,1,-52,0,620,10392,185,100,2,0,0
3058,12,8,1024,10,806,13,6,7,1,1,-70,0,558,6988,189,100,1,0,0
3060,2,4,768,0,725,16,3,5,1,1,-95,0,859,14024,194,100,2,0,0
3060,20,16,1280,0,825,12,18,7,1,3,-70,0,835,10932,179,100,2,0,0
3060,24,23,1536,0,131,3,7,7,1,2,-52,0,938,11624,56,100,2,0,0
3060,23,18,1280,0,757,14,18,7,1,3,-52,2,1958,43282,188,100,2,0,0
3060,7,3,768,0,725,18,3,7,1,2,-70,1,620,7024,195,100,1,0,0
3060,25,19,1536,0,982,19,11,7,10,4,-70,0,432,4371,192,100,2,1,6
3061,1,0,256,0,46,0,0,3,0,0,0,10,2449,24802,5394,100,1,0,0
3060,6,5,768,0,730,19,5,5,1,2,-52,0,816,9192,189,100,1,0,0
3061,9,4,768,0,767,17,20,7,1,1,-52,0,1151,13137,200,100,3,0,0
3061,13,7,1024,0,791,14,15,7,1,1,-70,0,860,9801,173,100,2,0,0
3060,29,23,1536,0,512,4,6,7,10,1,-70,0,658,5049,124,100,2,1,6
3061,22,18,1280,0,905,11,5,7,6,1,-70,2,1961,35432,186,100,2,1,6
3063,21,15,1280,0,692,12,12,7,1,3,-70,3,786,7838,173,100,1,0,0
3062,18,8,1024,20,706,13,55,7,1,1,-95,10,4724,49483,198,100,2,0,0
3062,19,18,1280,0,775,15,23,7,1,3,-52,1,1074,28295,196,100,1,0,0
3063,27,22,1536,10,915,14,4,5,8,3,-52,0,320,5737,187,100,1,1,6
3063,5,1,512,0,708,27,6,7,2,1,-76,10,2127,13955,204,100,1,0,0
3062,11,5,768,0,756,20,2,7,1,1,-70,0,716,10767,197,100,1,0,0
3064,8,4,768,0,724,18,25,7,1,2,-70,10,4205,24681,199,100,2,0,0
3061,31,26,1792,0,693,13,5,5,1,2,-52,0,451,4926,185,100,1,0,0
3063,16,10,1024,0,626,14,9,7,1,1,-70,3,1151,11322,188,100,1,0,0
3064,17,18,1280,10,758,11,9,7,1,1,-52,0,371,4796,185,100,1,0,0
3063,30,26,1792,0,478,5,4,7,1,2,-70,0,622,7762,133,100,2,0,0
3065,12,8,1024,0,808,13,6,7,1,1,-70,0,632,6607,189,100,1,0,0
3066,4,1,512,10,679,26,13,7,2,1,-61,10,5895,34033,204,100,2,0,0
3065,26,21,1536,0,688,16,5,7,1,5,-52,2,1819,15905,187,100,2,0,0
3066,20,16,1280,0,827,12,18,7,1,3,-70,0,497,5770,179,100,2,0,0
3066,1,0,256,0,46,0,0,3,0,0,0,10,1492,14140,5406,100,1,0,0
3064,6,5,768,0,732,19,5,5,1,2,-52,0,474,4310,189,100,1,0,0
3066,3,1,512,0,700,26,15,7,1,1,-76,2,1585,14439,204,100,2,0,0
3066,28,22,1536,0,785,13,3,7,1,2,-70,1,731,12012,197,100,2,0,0
3067,14,10,1024,0,524,6,7,7,1,1,-70,0,725,11018,141,100,2,0,0
3067,27,22,1536,0,917,14,4,5,8,3,-52,0,538,5160,187,100,2,1,6
3067,15,10,1024,20,662,10,20,7,1,1,-52,4,2521,17414,150,100,2,0,0
3067,25,19,1536,0,984,19,11,7,10,4,-70,0,643,7243,193,100,2,1,6
3067,13,7,1024,0,793,14,15,7,1,1,-70,0,557,6533,174,100,1,0,0
3068,10,5,768,0,722,18,13,7,1,2,-52,8,3487,22659,189,100,2,0,0
3069,24,23,1536,0,134,3,7,7,1,2,-52,0,729,8818,56,100,2,0,0
3067,7,3,768,0,726,18,3,7,1,2,-70,1,987,12528,195,100,1,0,0
3069,2,4,768,0,729,16,3,5,1,1,-95,0,846,11694,195,100,1,0,0
3068,5,1,512,10,711,27,6,7,1,1,-76,10,2741,15526,204,100,2,0,0
3069,18,8,1024,20,709,13,55,7,1,1,-95,10,2717,27394,199,100,1,0,0
3069,17,18,1280,0,761,11,9,7,1,1,-52,0,665,5774,186,100,1,0,0
3069,16,10,1024,10,626,14,9,7,1,1,-70,3,585,7522,188,100,1,0,0
3069,22,18,1280,0,910,11,5,7,6,1,-70,2,1806,29172,186,100,3,1,6
3070,9,4,768,10,768,17,20,7,1,1,-52,0,502,11207,201,100,1,0,0
3071,8,4,768,20,728,18,25,7,1,2,-70,10,3012,17190,200,100,1,0,0
3072,21,15,1280,0,700,12,12,7,1,3,-70,3,2194,14476,174,100,2,0,0
3071,4,1,512,10,679,26,13,7,2,1,-61,10,3005,17367,205,100,1,0,0
3071,11,5,768,0,760,20,2,7,1,1,-70,0,919,10843,198,100,2,0,0
3072,1,0,256,0,46,0,0,3,0,0,0,10,1568,14008,5415,100,1,0,0
3071,29,23,1536,0,516,4,6,7,10,1,-70,0,854,10102,124,100,3,1,6
3071,31,26,1792,10,697,13,5,5,1,2,-52,0,837,9577,185,100,2,0,0
3071,19,18,1280,0,777,15,23,7,1,3,-52,1,1106,32492,196,100,2,0,0
3071,23,18,1280,0,763,14,18,7,1,3,-52,2,2277,45762,189,100,2,0,0
3071,30,26,1792,0,480,5,4,7,1,2,-70,0,580,8361,134,100,1,0,0
3073,6,5,768,0,734,19,5,5,1,2,-52,0,675,7164,190,100,2,0,0
3073,3,1,512,20,701,26,15,7,1,1,-76,2,928,11144,204,100,1,0,0
3074,2,4,768,20,730,16,3,5,1,1,-95,0,331,5900,195,100,1,0,0
3074,5,1,512,20,714,27,6,7,1,1,-76,10,2445,16099,204,100,1,0,0
3073,13,7,1024,0,794,14,15,7,1,1,-70,0,394,5191,174,100,1,0,0
3075,28,22,1536,0,788,13,3,7,1,2,-70,1,689,10753,198,100,1,0,0
3073,14,10,1024,0,527,6,7,7,1,1,-70,0,729,7705,141,100,2,0,0
3074,25,19,1536,0,986,19,12,7,10,4,-70,0,622,6504,193,100,4,1,6
3075,12,8,1024,0,810,13,6,7,1,1,-70,0,701,9547,190,100,2,0,0
3076,4,1,512,0,681,26,13,7,2,1,-61,10,2361,13262,205,100,1,0,0
3076,20,16,1280,0,830,12,18,7,1,3,-70,0,713,9796,180,100,1,0,0
3076,26,21,1536,0,691,16,5,7,1,5,-52,2,1608,16608,187,100,2,0,0
3077,9,4,768,0,768,17,20,7,1,1,-52,0,408,7737,201,100,2,0,0
3078,27,22,1536,0,920,14,4,5,8,3,-52,0,893,13660,188,100,3,1,6
3078,19,18,1280,0,780,15,23,7,1,3,-52,1,999,22623,197,100,1,0,0
3077,10,5,768,20,726,18,13,7,1,2,-52,8,2877,20590,190,100,1,0,0
3077,3,1,512,0,701,26,15,7,1,1,-76,2,658,7246,205,100,1,0,0
3076,15,10,1024,10,665,10,20,7,1,1,-52,4,2069,15648,151,100,2,0,0
3079,18,8,1024,20,713,13,55,7,1,1,-95,10,4101,42624,199,100,2,0,0
3078,30,26,1792,0,481,5,4,7,1,2,-70,0,369,4297,134,100,1,0,0
3078,17,18,1280,0,764,11,9,7,1,1,-52,0,753,9737,186,100,2,0,0
3079,7,3,768,0,727,18,3,7,1,2,-70,1,1075,16342,196,100,2,0,0
3080,1,0,256,0,46,0,0,3,0,0,0,10,2338,21177,5433,100,2,0,0
3079,12,8,1024,0,812,13,6,7,1,1,-70,0,476,4615,190,100,1,0,0
3079,6,5,768,0,736,19,5,5,1,2,-52,0,498,6767,190,100,1,0,0
3080,24,23,1536,0,141,3,7,7,1,2,-52,0,1259,12347,57,100,2,0,0
3081,21,15,1280,0,703,12,12,7,1,3,-70,3,1793,12877,175,100,2,0,0
3079,11,5,768,0,766,20,2,7,1,1,-70,0,1073,11641,198,100,2,0,0
3081,8,4,768,40,730,18,25,7,1,2,-70,10,3840,24468,200,100,2,0,0
3082,31,26,1792,10,699,13,5,5,1,2,-52,0,912,9757,186,100,2,0,0
3080,22,18,1280,0,913,11,5,7,6,1,-70,2,2113,42802,187,100,3,1,6
3081,16,10,1024,0,628,14,9,7,1,1,-70,3,1297,14730,189,100,3,0,0
3082,3,1,512,0,701,26,15,7,1,1,-76,2,487,6480,205,100,0,0,0
3081,28,22,1536,10,789,13,3,7,1,2,-70,1,521,7562,198,100,2,0,0
3084,30,26,1792,0,485,5,4,7,1,2,-70,0,770,6551,135,100,1,0,0
3081,13,7,1024,0,798,14,15,7,1,1,-70,0,892,8605,175,100,2,0,0
3080,25,19,1536,0,987,19,12,7,10,4,-70,0,536,6562,194,100,2,1,6
3082,14,10,1024,0,530,6,7,7,1,1,-70,0,687,8558,142,100,1,0,0
3080,23,18,1280,0,766,14,18,7,1,3,-52,2,1684,38553,190,100,2,0,0
3082,29,23,1536,0,522,4,6,7,10,1,-70,0,1191,11151,125,100,3,1,6
3084,1,0,256,0,46,0,0,3,0,0,0,10,960,10204,5440,100,0,0,0
3084,10,5,768,0,726,18,13,7,1,2,-52,8,2228,15817,190,100,1,0,0
3084,9,4,768,0,771,17,20,7,1,1,-52,0,662,9281,202,100,1,0,0
3085,17,18,1280,0,764,11,9,7,1,1,-52,0,343,5410,187,100,1,0,0
3086,5,1,512,0,715,27,6,7,1,1,-76,10,4168,27750,205,100,3,0,0
3083,27,22,1536,0,923,14,4,5,8,3,-52,0,699,9463,188,100,1,1,6
3085,2,4,768,0,732,16,3,5,1,1,-95,0,929,13950,196,100,2,0,0
3084,11,5,768,0,767,20,2,7,1,1,-70,0,370,5894,198,100,1,0,0
3084,24,23,1536,0,142,3,7,7,1,2,-52,0,426,4801,58,100,1,0,0
3086,26,21,1536,0,692,16,5,7,1,5,-52,2,1751,16628,188,100,2,0,0
3086,18,8,1024,0,713,13,55,7,1,1,-95,10,2769,29359,200,100,1,0,0
3088,31,26,1792,0,702,13,5,5,1,2,-52,0,609,5838,186,100,1,0,0
3087,4,1,512,10,687,26,13,7,2,1,-61,10,6073,32970,206,100,2,0,0
3086,20,16,1280,0,832,12,18,7,1,3,-70,0,937,11172,181,100,2,0,0
3087,19,18,1280,0,784,15,24,7,1,3,-52,1,1302,36166,197,100,2,0,0
3087,15,10,1024,10,667,10,20,7,1,1,-52,4,2035,15416,151,100,2,0,0
3089,21,15,1280,0,704,12,12,7,1,3,-70,3,1308,10868,175,100,1,0,0
3087,7,3,768,0,732,18,3,7,1,2,-70,1,1382,13375,196,100,2,0,0
3087,22,18,1280,0,916,11,5,7,6,1,-70,2,1497,28737,188,100,2,1,6
3088,9,4,768,10,772,17,20,7,1,1,-52,0,396,5456,202,100,1,0,0
3089,12,8,1024,10,816,13,6,7,1,1,-70,0,711,9463,191,100,1,0,0
3089,23,18,1280,0,769,14,18,7,1,3,-52,2,1537,32997,190,100,2,0,0
3091,28,22,1536,10,792,13,3,7,1,2,-70,1,634,11993,199,100,1,0,0
3090,6,5,768,0,739,19,5,5,1,2,-52,0,830,10525,191,100,2,0,0
3090,25,19,1536,0,992,19,12,7,10,4,-70,0,999,9173,194,100,4,1,6
3091,18,8,1024,10,714,13,55,7,1,1,-95,10,2160,22261,200,100,1,0,0
3091,16,10,1024,10,632,14,9,7,1,1,-70,3,1243,12838,190,100,1,0,0
3091,15,10,1024,0,667,10,20,7,1,1,-52,4,558,5894,152,100,0,0,0
3092,13,7,1024,0,800,14,15,7,1,1,-70,0,646,9372,175,100,2,0,0
3092,29,23,1536,0,524,4,6,7,10,1,-70,0,601,9905,126,100,2,1,6
3091,20,16,1280,0,833,12,18,7,1,3,-70,0,372,4668,181,100,1,0,0
3093,8,4,768,10,730,18,25,7,1,2,-70,10,4643,28546,201,100,2,0,0
3092,7,3,768,0,732,18,3,7,1,2,-70,1,642,7787,197,100,1,0,0
3093,12,8,1024,0,818,13,6,7,1,1,-70,0,578,4788,191,100,2,0,0
3094,10,5,768,10,727,18,13,7,1,2,-52,8,2948,20462,191,100,2,0,0
3094,3,1,512,0,705,26,15,7,1,1,-76,2,2083,20516,206,100,2,0,0
3095,28,22,1536,0,793,13,3,7,1,2,-70,1,503,6200,199,100,1,0,0
3093,14,10,1024,0,532,6,7,7,1,1,-70,0,725,11016,143,100,2,0,0
3096,1,0,256,0,46,0,0,3,0,0,0,10,3205,29779,5464,100,2,0,0
3096,5,1,512,10,717,27,6,7,1,1,-76,10,4351,28703,206,100,2,0,0
3094,27,22,1536,0,929,14,4,5,8,3,-52,0,1178,13867,189,100,5,1,6
3095,19,18,1280,0,789,15,24,7,1,3,-52,1,1455,31554,198,100,2,0,0
3096,2,4,768,0,735,16,3,5,1,1,-95,0,859,13256,197,100,2,0,0
3095,30,26,1792,0,489,5,4,7,1,2,-70,0,883,11320,135,100,2,0,0
3096,31,26,1792,0,704,13,5,5,1,2,-52,0,605,8377,187,100,1,0,0
3096,17,18,1280,0,767,11,9,7,1,1,-52,0,777,11517,187,100,2,0,0
3096,26,21,1536,0,696,16,5,7,1,5,-52,2,1830,16840,189,100,1,0,0
3097,4,1,512,10,688,26,13,7,2,1,-61,10,4442,27996,206,100,2,0,0
3096,24,23,1536,0,143,3,7,7,1,2,-52,0,561,11045,58,100,2,0,0
3097,11,5,768,0,773,20,2,7,1,1,-70,0,1073,14498,199,100,2,0,0
3098,8,4,768,0,730,18,25,7,1,2,-70,10,1685,11267,201,100,1,0,0
3096,20,16,1280,0,836,12,18,7,1,3,-70,0,609,5077,181,100,1,0,0
3098,3,1,512,0,706,26,15,7,1,1,-76,2,539,6537,206,100,1,0,0
3097,16,10,1024,10,634,14,9,7,1,1,-70,3,877,7842,190,100,1,0,0
3098,21,15,1280,0,706,12,12,7,1,3,-70,3,1648,13684,176,100,2,0,0
3098,9,4,768,10,774,17,20,7,1,1,-52,0,669,12126,203,100,2,0,0
3098,15,10,1024,0,667,10,20,7,1,1,-52,4,1429,9581,152,100,2,0,0
3098,22,18,1280,0,919,11,5,7,6,1,-70,2,1965,37717,188,100,3,1,6
3098,6,5,768,0,743,19,5,5,1,2,-52,0,713,7312,191,100,1,0,0
3099,7,3,768,0,734,18,3,7,1,2,-70,1,704,10056,197,100,1,0,0
3101,23,18,1280,10,770,14,18,7,1,3,-52,2,1443,43529,191,100,2,0,0
3101,5,1,512,10,718,27,6,7,1,1,-76,10,2339,13753,206,100,1,0,0
3102,28,22,1536,0,796,13,3,7,1,2,-70,1,608,7918,199,100,1,0,0
3100,25,19,1536,0,996,19,12,7,10,4,-70,0,1002,11230,195,100,3,1,6
3102,4,1,512,0,691,26,13,7,2,1,-61,10,2863,16128,207,100,1,0,0
3100,14,10,1024,10,533,6,7,7,1,1,-70,0,701,7383,143,100,2,0,0
3103,3,1,512,0,706,26,15,7,1,1,-76,2,498,6705,206,100,1,0,0
3103,8,4,768,10,731,18,25,7,1,2,-70,10,1663,11340,202,100,1,0,0
3102,29,23,1536,0,528,4,6,7,10,1,-70,0,920,10027,126,100,3,1,6
3104,9,4,768,0,775,17,20,7,1,1,-52,0,454,5564,203,100,1,0,0
3102,18,8,1024,30,715,13,56,7,1,1,-95,10,3891,44013,201,100,3,0,0
3103,30,26,1792,0,491,5,4,7,1,2,-70,0,678,7526,136,100,2,0,0
3103,12,8,1024,0,819,13,6,7,1,1,-70,0,594,9278,192,100,2,0,0
3103,16,10,1024,0,634,14,9,7,1,1,-70,3,777,8481,191,100,2,0,0
3104,13,7,1024,0,805,14,15,7,1,1,-70,0,1047,11766,176,100,2,0,0
3105,10,5,768,0,731,18,13,7,1,2,-52,8,3562,23893,191,100,2,0,0
3103,19,18,1280,0,791,15,24,7,1,3,-52,1,803,25906,198,100,1,0,0
3106,1,0,256,0,46,0,0,3,0,0,0,10,2935,26497,5484,100,2,0,0
3105,22,18,1280,0,921,11,5,7,6,1,-70,2,1353,25478,189,100,3,1,6
3104,21,15,1280,0,708,12,12,7,1,3,-70,3,1013,10374,176,100,2,0,0
3107,17,18,1280,0,769,11,9,7,1,1,-52,0,703,9969,188,100,2,0,0
3107,31,26,1792,0,705,13,5,5,1,2,-52,0,595,9813,188,100,2,0,0
3105,27,22,1536,0,935,14,4,5,8,3,-52,0,1210,13897,190,100,4,1,6
3108,11,5,768,0,778,20,2,7,1,1,-70,0,954,12121,200,100,1,0,0
3106,24,23,1536,0,145,3,7,7,1,2,-52,0,701,10266,59,100,2,0,0
3108,26,21,1536,0,697,16,5,7,1,5,-52,2,1536,18231,189,100,2,0,0
3107,7,3,768,0,737,18,3,7,1,2,-70,1,1193,13768,198,100,1,0,0
3108,2,4,768,0,737,16,3,5,1,1,-95,0,644,13634,197,100,2,0,0
3109,30,26,1792,0,492,5,4,7,1,2,-70,0,393,5166,136,100,1,0,0
3106,25,19,1536,0,999,19,12,7,10,4,-70,0,734,6682,196,100,1,1,6
3107,20,16,1280,0,837,12,18,7,1,3,-70,0,596,9954,182,100,2,0,0
3110,5,1,512,30,722,27,6,7,1,1,-76,10,3856,25271,207,100,2,0,0
3110,18,8,1024,0,717,13,56,7,1,1,-95,10,2808,31305,201,100,1,0,0
3111,1,0,256,0,46,0,0,3,0,0,0,10,1142,11543,5493,100,1,0,0
3108,15,10,1024,0,670,10,20,7,1,1,-52,4,1875,14641,153,100,1,0,0
3111,8,4,768,0,731,18,26,7,1,2,-70,10,3014,19434,202,100,2,0,0
3111,4,1,512,0,691,26,13,7,2,1,-61,10,3808,24386,207,100,1,0,0
3109,6,5,768,0,745,19,5,5,1,2,-52,0,723,10627,192,100,2,0,0
3111,23,18,1280,0,774,14,18,7,1,3,-52,2,1842,40690,192,100,2,0,0
3110,16,10,1024,0,636,14,9,7,1,1,-70,3,769,8218,191,100,1,0,0
3112,3,1,512,0,708,26,15,7,1,1,-76,2,1511,16647,207,100,2,0,0
3111,22,18,1280,0,921,11,5,7,6,1,-70,2,974,23198,189,100,2,1,6
3112,21,15,1280,0,708,12,12,7,1,3,-70,3,1018,8902,177,100,1,0,0
3113,2,4,768,0,739,16,3,5,1,1,-95,0,583,6706,198,100,1,0,0
3113,28,22,1536,0,799,13,3,7,1,2,-70,1,837,13786,200,100,2,0,0
3113,9,4,768,10,779,17,20,7,1,1,-52,0,864,12439,203,100,1,0,0
3112,10,5,768,0,734,18,13,7,1,2,-52,8,2910,18735,192,100,1,0,0
3113,17,18,1280,0,770,11,9,7,1,1,-52,0,394,5920,188,100,1,0,0
3111,14,10,1024,0,536,6,7,7,1,1,-70,0,833,10520,144,100,2,0,0
3113,29,23,1536,0,531,4,6,7,10,1,-70,0,894,10949,127,100,3,1,6
3113,13,7,1024,0,806,14,15,7,1,1,-70,0,597,9937,177,100,2,0,0
3114,19,18,1280,0,794,15,24,7,1,3,-52,1,1399,38903,199,100,2,0,0
3113,15,10,1024,0,671,10,20,7,1,1,-52,4,825,7669,153,100,1,0,0
3114,12,8,1024,0,825,13,6,7,1,1,-70,0,1129,11157,193,100,2,0,0
3115,5,1,512,30,725,27,6,7,1,1,-76,10,2344,15223,207,100,1,0,0
3115,18,8,1024,0,719,13,56,7,1,1,-95,10,2010,21931,202,100,2,0,0
3114,20,16,1280,10,838,12,18,7,1,3,-70,0,288,6036,182,100,1,0,0
3115,25,19,1536,0,1002,19,12,7,10,4,-70,0,628,7621,196,100,2,1,6
3115,24,23,1536,0,147,3,7,7,1,2,-52,0,548,8747,59,100,1,0,0
3117,31,26,1792,0,708,13,5,5,1,2,-52,0,753,10044,188,100,2,0,0
3115,26,21,1536,10,699,16,5,7,1,5,-52,2,1421,15188,190,100,2,0,0
3116,27,22,1536,0,941,14,4,5,8,3,-52,0,1131,12705,190,100,4,1,6
3116,16,10,1024,0,637,14,9,7,1,1,-70,3,784,8282,191,100,1,0,0
3118,30,26,1792,0,494,5,4,7,1,2,-70,0,580,8669,137,100,1,0,0
3116,14,10,1024,0,539,6,7,7,1,1,-70,0,481,4893,144,100,1,0,0
3118,7,3,768,0,740,18,3,7,1,2,-70,1,1367,16914,199,100,4,0,0
3117,6,5,768,0,748,19,5,5,1,2,-52,0,686,8380,193,100,1,0,0
3120,2,4,768,0,742,16,3,5,1,1,-95,0,599,8234,198,100,2,0,0
3117,11,5,768,0,780,20,2,7,1,1,-70,0,920,14376,201,100,3,0,0
3119,13,7,1024,0,808,14,15,7,1,1,-70,0,495,5344,177,100,2,0,0
3120,25,19,1536,0,1004,19,12,7,10,4,-70,0,540,4599,196,100,2,1,6
3119,15,10,1024,0,671,10,20,7,1,1,-52,4,914,7844,153,100,1,0,0
3120,3,1,512,10,711,26,15,7,1,1,-76,2,1403,13850,208,100,2,0,0
3120,18,8,1024,0,720,13,56,7,1,1,-95,10,2043,21245,202,100,1,0,0
3121,8,4,768,10,733,18,27,7,1,2,-70,10,4196,25662,203,100,3,0,0
3122,9,4,768,0,780,17,20,7,1,1,-52,0,700,10671,204,100,3,0,0
3120,10,5,768,0,736,18,13,7,1,2,-52,8,2890,19268,193,100,3,0,0
3122,1,0,256,0,46,0,0,3,0,0,0,10,3216,29674,5515,100,2,0,0
3121,28,22,1536,0,805,13,3,7,1,2,-70,1,1159,12268,201,100,2,0,0
3122,4,1,512,10,695,26,13,7,2,1,-61,10,5916,33724,208,100,4,0,0
3121,12,8,1024,0,827,13,6,7,1,1,-70,0,520,7026,193,100,2,0,0
3122,21,15,1280,10,710,12,12,7,1,3,-70,3,1448,14291,178,100,2,0,0
3122,23,18,1280,0,777,14,18,7,1,3,-52,2,1701,41463,192,100,2,0,0
3123,5,1,512,10,726,27,6,7,1,1,-76,10,3256,21404,208,100,1,0,0
3123,22,18,1280,0,926,11,5,7,6,1,-70,2,2527,44119,190,100,5,1,6
3123,20,16,1280,0,843,12,18,7,1,3,-70,0,1132,10058,183,100,2,0,0
3124,2,4,768,0,742,16,3,5,1,1,-95,0,284,5651,198,100,1,0,0
3124,3,1,512,0,713,26,15,7,1,1,-76,2,739,6808,208,100,2,0,0
3125,29,23,1536,0,533,4,6,7,10,1,-70,0,787,10848,128,100,3,1,6
3125,17,18,1280,0,774,11,9,7,1,1,-52,0,940,12047,189,100,2,0,0
3124,25,19,1536,0,1004,19,12,7,10,4,-70,0,346,4621,197,100,1,1,6
3124,11,5,768,0,780,20,2,7,1,1,-70,0,286,7520,201,100,1,0,0
3126,8,4,768,0,735,18,27,7,1,2,-70,10,1889,11476,203,100,1,0,0
3123,14,10,1024,0,541,6,7,7,1,1,-70,0,671,7350,145,100,3,0,0
3125,19,18,1280,10,796,15,25,7,1,3,-52,1,1622,41061,200,100,3,0,0
3124,16,10,1024,0,639,14,9,7,1,1,-70,3,991,10809,192,100,1,0,0
3126,1,0,256,0,46,0,0,3,0,0,0,10,1332,11978,5524,100,1,0,0
3126,7,3,768,0,742,18,3,7,1,2,-70,1,1015,12480,199,100,2,0,0
3125,31,26,1792,0,710,13,5,5,1,2,-52,0,703,8936,189,100,2,0,0
3126,28,22,1536,0,805,13,3,7,1,2,-70,1,289,6307,201,100,1,0,0
3126,15,10,1024,0,672,10,20,7,1,1,-52,4,1277,10229,154,100,2,0,0
3126,6,5,768,0,750,19,5,5,1,2,-52,0,643,8919,193,100,2,0,0
3126,27,22,1536,0,943,14,4,5,8,3,-52,0,759,13029,191,100,4,1,6
3128,9,4,768,0,782,17,20,7,1,1,-52,0,550,7841,205,100,2,0,0
3127,30,26,1792,10,497,5,4,7,1,2,-70,0,752,9594,137,100,2,0,0
3127,24,23,1536,10,150,3,7,7,1,2,-52,0,1017,11523,60,100,2,0,0
3128,26,21,1536,0,700,16,5,7,1,5,-52,2,1834,19107,191,100,2,0,0
3128,18,8,1024,10,723,13,56,7,1,1,-95,10,3225,32384,202,100,3,0,0
3129,21,15,1280,0,710,12,12,7,1,3,-70,3,1188,9112,178,100,1,0,0
3130,29,23,1536,0,536,4,6,7,10,1,-70,0,579,4761,128,100,2,1,6
3129,13,7,1024,0,812,15,15,7,1,1,-70,0,990,10748,178,100,3,0,0
3131,4,1,512,10,699,26,13,7,2,1,-61,10,4708,25558,209,100,2,0,0
3130,23,18,1280,0,779,14,18,7,1,3,-52,2,1506,33233,193,100,1,0,0
3130,28,22,1536,0,805,13,3,7,1,2,-70,1,263,5420,201,100,1,0,0
3131,10,5,768,0,739,18,13,7,1,2,-52,8,3481,24045,193,100,3,0,0
3131,12,8,1024,0,829,13,6,7,1,1,-70,0,765,9436,194,100,3,0,0
3131,5,1,512,0,728,27,6,7,1,1,-76,10,3414,22369,208,100,2,0,0
3130,14,10,1024,10,544,6,7,7,1,1,-70,0,607,7007,145,100,1,0,0
3131,22,18,1280,0,929,11,5,7,6,1,-70,2,1412,29226,190,100,2,1,6
3132,26,21,1536,0,700,16,5,7,1,5,-52,2,405,6308,191,100,1,0,0
3133,18,8,1024,20,724,13,56,7,1,1,-95,10,2005,21094,203,100,1,0,0
3133,20,16,1280,0,845,12,18,7,1,3,-70,0,705,9440,184,100,2,0,0
3132,25,19,1536,0,1007,19,12,7,10,4,-70,0,792,7976,197,100,3,1,6
3134,2,4,768,0,745,16,3,5,1,1,-95,0,804,11604,199,100,3,0,0
3133,31,26,1792,0,714,13,5,5,1,2,-52,0,715,7179,189,100,1,0,0
3133,7,3,768,0,743,18,3,7,1,2,-70,1,923,12570,200,100,2,0,0
3134,3,1,512,0,715,26,15,7,1,1,-76,2,1533,16871,208,100,2,0,0
3134,24,23,1536,0,152,3,7,7,1,2,-52,0,680,7262,61,100,2,0,0
3134,15,10,1024,20,675,10,20,7,1,1,-52,4,1683,11522,154,100,1,0,0
3135,23,18,1280,20,781,14,18,7,1,3,-52,2,1005,18521,193,100,1,0,0
3134,30,26,1792,0,497,5,4,7,1,2,-70,0,367,6951,138,100,1,0,0
3134,6,5,768,10,753,19,5,5,1,2,-52,0,578,7531,194,100,1,0,0
3134,21,15,1280,0,712,12,12,7,1,3,-70,3,1028,7471,178,100,1,0,0
3135,11,5,768,0,781,20,2,7,1,1,-70,0,645,13721,202,100,2,0,0
3137,1,0,256,0,46,0,0,3,0,0,0,10,2795,26119,5545,100,2,0,0
3136,10,5,768,10,743,18,13,7,1,2,-52,8,2385,12623,194,100,2,0,0
3135,29,23,1536,0,540,4,6,7,10,1,-70,0,765,5877,129,100,2,1,6
3136,8,4,768,30,738,18,27,7,1,2,-70,10,4819,29836,204,100,2,0,0
3137,5,1,512,40,729,27,6,7,1,1,-76,10,2603,15796,209,100,1,0,0
3136,17,18,1280,0,776,11,9,7,1,1,-52,0,727,11481,190,100,2,0,0
3138,9,4,768,0,785,17,20,7,1,1,-52,0,780,13207,205,100,2,0,0
3136,19,18,1280,0,796,15,25,7,1,3,-52,1,1147,39406,201,100,3,0,0
3136,16,10,1024,0,642,14,9,7,1,1,-70,3,1405,15454,193,100,3,0,0
3136,22,18,1280,0,930,11,5,7,6,1,-70,2,1033,20918,191,100,2,1,6
3138,18,8,1024,40,725,13,56,7,1,1,-95,10,2116,19071,203,100,1,0,0
3136,28,22,1536,0,808,13,3,7,1,2,-70,1,692,7995,202,100,1,0,0
3136,14,10,1024,10,546,6,7,7,1,1,-70,0,519,6267,146,100,2,0,0
3137,20,16,1280,0,847,12,18,7,1,3,-70,0,478,4607,184,100,1,0,0
3140,3,1,512,10,716,26,15,7,1,1,-76,2,666,9348,209,100,1,0,0
3139,7,3,768,0,743,18,3,7,1,2,-70,1,648,9965,200,100,1,0,0
3138,27,22,1536,0,945,14,4,5,8,3,-52,0,787,13592,192,100,3,1,6
3138,31,26,1792,0,715,13,5,5,1,2,-52,0,450,5537,190,100,1,0,0
3141,4,1,512,0,699,26,13,7,2,1,-61,10,5038,30849,209,100,2,0,0
3141,8,4,768,40,740,18,27,7,1,2,-70,10,2022,11279,204,100,1,0,0
3139,6,5,768,0,755,19,5,5,1,2,-52,0,582,5066,194,100,1,0,0
3139,25,19,1536,0,1010,19,12,7,10,4,-70,0,727,6708,198,100,2,1,6
3141,10,5,768,10,743,18,13,7,1,2,-52,8,1429,9931,194,100,1,0,0
3141,13,7,1024,0,817,15,15,7,1,1,-70,0,1042,11994,179,100,3,0,0
3139,29,23,1536,0,541,4,6,7,10,1,-70,0,474,4439,129,100,1,1,6
3141,15,10,1024,0,677,10,20,7,1,1,-52,4,1494,11779,155,100,1,0,0
3143,30,26,1792,0,499,5,4,7,1,2,-70,0,733,8062,138,100,2,0,0
3142,12,8,1024,0,835,13,6,7,1,1,-70,0,1123,11181,195,100,3,0,0
3144,2,4,768,0,750,16,3,5,1,1,-95,0,1043,12220,200,100,3,0,0
3143,21,15,1280,0,714,12,12,7,1,3,-70,3,1392,12657,179,100,1,0,0
3143,23,18,1280,0,784,14,19,7,1,3,-52,2,1432,30380,194,100,1,0,0
3142,24,23,1536,0,157,3,7,7,1,2,-52,0,844,8971,61,100,1,0,0
3143,26,21,1536,0,703,16,5,7,1,5,-52,2,2115,19263,192,100,2,0,0
3144,6,5,768,0,758,19,5,5,1,2,-52,0,661,5492,195,100,1,0,0
3143,17,18,1280,10,777,11,9,7,1,1,-52,0,562,6679,190,100,2,0,0
3145,14,10,1024,0,547,6,7,7,1,1,-70,0,547,7269,146,100,2,0,0
3143,25,19,1536,0,1010,19,12,7,10,4,-70,0,266,4254,198,100,1,1,6
3146,5,1,512,0,731,27,6,7,1,1,-76,10,3860,24698,209,100,2,0,0
3143,28,22,1536,10,810,13,3,7,1,2,-70,1,501,9142,202,100,1,0,0
3146,18,8,1024,10,728,14,56,7,1,1,-95,10,3245,33364,204,100,1,0,0
3146,11,5,768,0,784,20,2,7,1,1,-70,0,878,12523,203,100,2,0,0
3148,30,26,1792,0,502,5,4,7,1,2,-70,0,663,5750,139,100,1,0,0
3148,31,26,1792,0,717,13,5,5,1,2,-52,0,646,9096,190,100,2,0,0
3146,19,18,1280,0,799,15,25,7,1,3,-52,1,1271,34988,201,100,1,0,0
3149,1,0,256,0,46,0,0,3,0,0,0,10,3248,30511,5568,100,2,0,0
3146,22,18,1280,0,935,11,5,7,6,1,-70,2,2009,35678,191,100,3,1,6
3148,16,10,1024,0,643,14,9,7,1,1,-70,3,1206,15033,194,100,2,0,0
3149,3,1,512,0,719,26,15,7,1,1,-76,2,1314,14203,209,100,3,0,0
3149,8,4,768,50,742,18,27,7,1,2,-70,10,3583,20188,205,100,2,0,0
3149,9,4,768,0,791,17,20,7,1,1,-52,0,1175,14700,206,100,3,0,0
3149,20,16,1280,0,853,12,18,7,1,3,-70,0,1155,11811,185,100,2,0,0
3150,10,5,768,10,747,18,14,7,1,2,-52,8,3173,20781,195,100,2,0,0
3149,13,7,1024,0,822,15,15,7,1,1,-70,0,848,8054,179,100,1,0,0
3148,27,22,1536,0,950,14,4,5,8,3,-52,0,1294,12639,193,100,3,1,6
3148,25,19,1536,0,1012,19,12,7,10,4,-70,0,443,4779,198,100,1,1,6
3151,5,1,512,10,731,27,6,7,1,1,-76,10,1748,12326,209,100,0,0,0
3149,7,3,768,0,745,18,3,7,1,2,-70,1,1377,16405,201,100,2,0,0
3149,24,23,1536,0,158,3,7,7,1,2,-52,0,472,6774,62,100,1,0,0
3150,12,8,1024,0,838,13,6,7,1,1,-70,0,730,8039,195,100,2,0,0
3152,4,1,512,10,700,26,13,7,2,1,-61,10,5525,31397,210,100,2,0,0
3149,29,23,1536,0,543,4,6,7,10,1,-70,0,706,9570,129,100,3,1,6
3149,14,10,1024,0,548,6,7,7,1,1,-70,0,296,5233,146,100,0,0,0
3149,17,18,1280,0,780,11,9,7,1,1,-52,0,689,7043,191,100,1,0,0
3150,11,5,768,0,784,20,2,7,1,1,-70,0,193,5431,203,100,0,0,0
3151,15,10,1024,0,678,10,20,7,1,1,-52,4,1731,14226,156,100,2,0,0
3152,21,15,1280,0,715,12,12,7,1,3,-70,3,1247,11647,179,100,2,0,0
3151,28,22,1536,0,812,13,3,7,1,2,-70,1,707,9575,203,100,2,0,0
3153,6,5,768,0,760,19,5,5,1,2,-52,0,619,8194,195,100,2,0,0
3153,27,22,1536,0,952,14,4,5,8,3,-52,0,539,6187,193,100,2,1,6
3153,30,26,1792,0,502,5,4,7,1,2,-70,0,286,4969,139,100,1,0,0
3154,23,18,1280,0,787,14,19,7,1,3,-52,2,2039,44438,195,100,4,0,0
3155,1,0,256,0,46,0,0,3,0,0,0,10,1676,16427,5581,100,1,0,0
3154,16,10,1024,0,645,14,9,7,1,1,-70,3,745,7850,194,100,1,0,0
3154,22,18,1280,10,938,11,5,7,6,1,-70,2,1800,28164,192,100,3,1,6
3155,2,4,768,10,755,16,3,5,1,1,-95,0,990,14594,201,100,2,0,0
3155,25,19,1536,0,1016,19,12,7,10,4,-70,0,883,6789,199,100,4,1,6
3154,10,5,768,10,749,18,14,7,1,2,-52,8,1948,11541,195,100,1,0,0
3154,26,21,1536,0,706,16,5,7,1,5,-52,2,1871,19600,193,100,2,0,0
3157,4,1,512,0,701,26,13,7,2,1,-61,10,2585,14704,210,100,1,0,0
3155,28,22,1536,10,813,13,3,7,1,2,-70,1,370,5591,203,100,1,0,0
3155,31,26,1792,0,719,13,5,5,1,2,-52,0,581,7952,191,100,1,0,0
3158,3,1,512,0,721,26,15,7,1,1,-76,2,1165,13467,210,100,1,0,0
3157,18,8,1024,10,731,14,56,7,1,1,-95,10,4703,47375,204,100,2,0,0
3157,21,15,1280,0,718,12,12,7,1,3,-70,3,1489,10308,180,100,1,0,0
3157,19,18,1280,10,800,15,25,7,1,3,-52,1,1293,39639,202,100,2,0,0
3159,23,18,1280,10,791,14,19,7,1,3,-52,2,937,18708,195,100,1,0,0
3158,8,4,768,10,744,18,27,7,1,2,-70,10,4263,24725,205,100,1,0,0
3160,2,4,768,0,757,16,3,5,1,1,-95,0,560,5597,201,100,1,0,0
3159,26,21,1536,0,707,16,5,7,1,5,-52,2,761,7331,193,100,1,0,0
3160,29,23,1536,0,548,4,6,7,10,1,-70,0,1122,11150,130,100,3,1,6
3160,9,4,768,0,792,17,20,7,1,1,-52,0,623,12714,207,100,2,0,0
3161,5,1,512,0,734,27,6,7,1,1,-76,10,3891,24995,210,100,2,0,0
3160,7,3,768,0,747,18,3,7,1,2,-70,1,810,14253,201,100,1,0,0
3160,12,8,1024,0,841,13,6,7,1,1,-70,0,777,10444,196,100,1,0,0
3161,10,5,768,0,750,18,14,7,1,2,-52,8,1569,12760,195,100,1,0,0
3160,20,16,1280,0,855,12,18,7,1,3,-70,0,729,10869,186,100,2,0,0
3160,13,7,1024,0,825,15,15,7,1,1,-70,0,833,11693,180,100,2,0,0
3160,17,18,1280,0,783,11,9,7,1,1,-52,0,809,10809,192,100,2,0,0
3160,14,10,1024,0,551,6,7,7,1,1,-70,0,826,10522,147,100,3,0,0
3160,25,19,1536,0,1018,19,12,7,10,4,-70,0,564,5555,199,100,2,1,6
3161,6,5,768,0,762,19,5,5,1,2,-52,0,578,7931,196,100,1,0,0
3163,4,1,512,10,703,26,13,7,2,1,-61,10,3327,17987,211,100,1,0,0
3160,24,23,1536,10,162,3,7,7,1,2,-52,0,858,11032,63,100,2,0,0
3162,22,18,1280,0,941,11,5,7,6,1,-70,2,1318,28040,192,100,2,1,6
3162,15,10,1024,0,679,10,20,7,1,1,-52,4,2016,16178,156,100,2,0,0
3162,19,18,1280,0,803,15,25,7,1,3,-52,1,855,16705,202,100,1,0,0
3162,11,5,768,0,787,20,2,7,1,1,-70,0,956,13794,204,100,3,0,0
3162,16,10,1024,0,647,14,9,7,1,1,-70,3,1027,11225,195,100,1,0,0
3163,8,4,768,20,745,18,27,7,1,2,-70,10,2055,12133,206,100,1,0,0
3162,21,15,1280,10,719,12,12,7,1,3,-70,3,612,5863,180,100,1,0,0
3163,18,8,1024,20,731,14,56,7,1,1,-95,10,2684,26647,205,100,1,0,0
3164,26,21,1536,10,709,16,5,7,1,5,-52,2,726,7863,193,100,1,0,0
3165,9,4,768,0,793,17,20,7,1,1,-52,0,463,6278,207,100,1,0,0
3162,28,22,1536,0,816,13,3,7,1,2,-70,1,582,8499,204,100,1,0,0
3164,27,22,1536,0,958,14,4,5,8,3,-52,0,1142,13410,194,100,4,1,6
3167,1,0,256,0,46,0,0,3,0,0,0,10,3359,30257,5605,100,2,0,0
3166,23,18,1280,0,791,14,19,7,1,3,-52,2,1156,27090,195,100,1,0,0
3165,30,26,1792,0,504,5,4,7,1,2,-70,0,725,11097,140,100,2,0,0
3167,10,5,768,20,752,18,14,7,1,2,-52,8,2541,13760,196,100,2,0,0
3166,29,23,1536,0,549,4,6,7,10,1,-70,0,519,6046,131,100,1,1,6
3167,24,23,1536,0,165,3,7,7,1,2,-52,0,785,7663,63,100,2,0,0
3165,14,10,1024,0,555,6,7,7,1,1,-70,0,691,4920,147,100,1,0,0
3168,22,18,1280,0,944,11,5,7,6,1,-70,2,1524,22975,193,100,2,1,6
3169,5,1,512,30,736,27,6,7,1,1,-76,10,3811,23194,211,100,2,0,0
3169,3,1,512,10,723,26,15,7,1,1,-76,2,1583,17423,211,100,3,0,0
3164,31,26,1792,0,720,13,5,5,1,2,-52,0,595,9302,192,100,2,0,0
3168,7,3,768,0,748,18,3,7,1,2,-70,1,922,12501,202,100,2,0,0
3168,11,5,768,0,790,20,2,7,1,1,-70,0,486,6174,204,100,0,0,0
3166,15,10,1024,0,680,10,20,7,1,1,-52,4,1258,6755,157,100,1,0,0
3168,13,7,1024,10,827,15,15,7,1,1,-70,0,623,7610,181,100,2,0,0
3169,12,8,1024,0,844,13,6,7,1,1,-70,0,723,8377,196,100,3,0,0
3168,17,18,1280,10,787,11,9,7,1,1,-52,0,740,8285,192,100,1,0,0
3167,20,16,1280,0,855,12,18,7,1,3,-70,0,289,5939,186,100,1,0,0
3170,27,22,1536,0,960,14,4,5,8,3,-52,0,503,7481,194,100,1,1,6
3170,2,4,768,0,762,16,3,5,1,1,-95,0,1066,14183,202,100,3,0,0
3171,23,18,1280,0,792,14,19,7,1,3,-52,2,1042,21889,196,100,1,0,0
3170,14,10,1024,0,558,6,7,7,1,1,-70,0,640,5332,148,100,1,0,0
3171,25,19,1536,0,1021,19,12,7,10,4,-70,0,775,9961,200,100,2,1,6
3171,19,18,1280,0,804,15,25,7,1,3,-52,1,1107,33836,203,100,2,0,0
3171,16,10,1024,0,652,14,9,7,1,1,-70,3,1265,11791,195,100,2,0,0
3171,8,4,768,0,746,18,27,7,1,2,-70,10,3605,20862,206,100,2,0,0
3173,11,5,768,0,791,20,2,7,1,1,-70,0,392,5507,204,100,1,0,0
3173,1,0,256,0,46,0,0,3,0,0,0,10,1575,15023,5616,100,1,0,0
3174,6,5,768,0,768,19,5,5,1,2,-52,0,1151,11719,197,100,2,0,0
3174,4,1,512,0,706,26,13,7,2,1,-61,10,5741,33056,212,100,2,0,0
3173,20,16,1280,0,856,12,18,7,1,3,-70,0,451,5542,187,100,1,0,0
3175,10,5,768,10,754,18,14,7,1,2,-52,8,2702,17955,196,100,1,0,0
3172,26,21,1536,0,713,16,5,7,1,5,-52,2,1628,13956,194,100,1,0,0
3174,9,4,768,0,796,17,20,7,1,1,-52,0,829,12285,208,100,3,0,0
3173,21,15,1280,0,722,12,12,7,1,3,-70,3,2044,15869,181,100,2,0,0
3174,18,8,1024,0,735,14,56,7,1,1,-95,10,4322,44967,206,100,2,0,0
3175,28,22,1536,0,819,13,3,7,1,2,-70,1,805,14327,204,100,2,0,0
3175,27,22,1536,0,961,14,4,5,8,3,-52,0,436,5984,194,100,1,1,6
3175,14,10,1024,0,561,6,7,7,1,1,-70,0,607,5501,148,100,1,0,0
3177,23,18,1280,10,793,14,19,7,1,3,-52,2,771,21778,196,100,1,0,0
3178,3,1,512,0,723,26,15,7,1,1,-76,2,1141,14874,211,100,2,0,0
3175,30,26,1792,10,507,5,4,7,1,2,-70,0,809,10983,141,100,2,0,0
3176,24,23,1536,0,167,3,7,7,1,2,-52,0,579,8594,64,100,1,0,0
3177,15,10,1024,20,684,10,20,7,1,1,-52,4,1837,15330,157,100,2,0,0
3178,7,3,768,0,751,18,3,7,1,2,-70,1,1215,15928,203,100,1,0,0
3177,22,18,1280,0,949,11,5,7,6,1,-70,2,1945,35477,193,100,4,1,6
3176,26,21,1536,0,714,16,5,7,1,5,-52,2,640,6728,194,100,1,0,0
3177,13,7,1024,0,831,15,15,7,1,1,-70,0,790,8595,181,100,2,0,0
3176,12,8,1024,0,848,13,6,7,1,1,-70,0,981,9904,197,100,2,0,0
3177,29,23,1536,0,555,4,6,7,10,1,-70,0,1086,11289,131,100,4,1,6
3180,5,1,512,20,738,27,6,7,1,1,-76,10,4347,29159,211,100,1,0,0
3178,16,10,1024,0,654,14,9,7,1,1,-70,3,948,8770,196,100,1,0,0
3180,1,0,256,0,46,0,0,3,0,0,0,10,1977,18117,5628,100,2,0,0
3177,20,16,1280,0,858,12,18,7,1,3,-70,0,478,4605,187,100,1,0,0
3179,8,4,768,10,751,18,27,7,1,2,-70,10,3123,19216,207,100,1,0,0
3180,10,5,768,50,755,18,14,7,1,2,-52,8,2082,12028,196,100,1,0,0
3178,19,18,1280,0,806,15,25,7,1,3,-52,1,713,24327,203,100,1,0,0
3181,11,5,768,0,793,20,2,7,1,1,-70,0,704,9565,205,100,2,0,0
3177,31,26,1792,0,721,13,5,5,1,2,-52,0,563,10886,192,100,2,0,0
3180,17,18,1280,10,790,11,9,7,1,1,-52,0,810,10317,193,100,2,0,0
3179,25,19,1536,0,1023,19,12,7,10,4,-70,0,679,7911,200,100,4,1,6
3181,2,4,768,0,765,16,3,5,1,1,-95,0,776,13346,202,100,2,0,0
3184,24,23,1536,0,169,3,7,7,1,2,-52,0,621,7208,64,100,2,0,0
3183,15,10,1024,0,684,10,20,7,1,1,-52,4,1038,9318,158,100,1,0,0
3183,19,18,1280,0,807,15,25,7,1,3,-52,1,722,19384,204,100,1,0,0
3183,21,15,1280,0,726,12,12,7,1,3,-70,3,1621,14091,182,100,2,0,0
3185,6,5,768,0,769,19,5,5,1,2,-52,0,562,10200,197,100,2,0,0
3185,3,1,512,0,728,26,15,7,1,1,-76,2,1486,12797,212,100,1,0,0
3185,4,1,512,10,709,26,13,7,2,1,-61,10,5307,31822,212,100,2,0,0
3185,28,22,1536,0,820,13,3,7,1,2,-70,1,624,12219,205,100,2,0,0
3185,9,4,768,0,800,17,20,7,1,1,-52,0,762,12960,208,100,1,0,0
3185,18,8,1024,20,738,14,56,7,1,1,-95,10,4400,45162,206,100,2,0,0
3187,10,5,768,0,756,18,14,7,1,2,-52,8,1805,14747,197,100,1,0,0
3185,23,18,1280,0,795,14,19,7,1,3,-52,2,1594,33781,197,100,1,0,0
3186,1,0,256,0,46,0,0,3,0,0,0,10,1875,17030,5645,100,1,0,0
3186,25,19,1536,0,1025,19,12,7,10,4,-70,0,626,6565,201,100,1,1,6
3187,27,22,1536,0,967,14,4,5,8,3,-52,0,1142,14438,195,100,4,1,6
3186,13,7,1024,20,834,15,15,7,1,1,-70,0,678,8407,182,100,2,0,0
3188,7,3,768,0,753,18,3,7,1,2,-70,1,1251,14917,203,100,1,0,0
3189,11,5,768,0,795,20,2,7,1,1,-70,0,523,9535,205,100,1,0,0
3187,29,23,1536,10,560,4,6,7,10,1,-70,0,1109,10709,132,100,3,1,6
3188,5,1,512,30,740,27,6,7,1,1,-76,10,3439,23718,212,100,2,0,0
3187,8,4,768,10,753,18,27,7,1,2,-70,10,3407,20620,207,100,2,0,0
3184,26,21,1536,0,715,16,5,7,1,5,-52,2,1330,15173,195,100,2,0,0
3187,12,8,1024,0,850,13,6,7,1,1,-70,0,701,10130,198,100,2,0,0
3188,20,16,1280,0,859,12,18,7,1,3,-70,0,540,8649,187,100,2,0,0
3187,14,10,1024,0,565,6,7,7,1,1,-70,0,939,11492,149,100,2,0,0
3188,24,23,1536,0,169,3,7,7,1,2,-52,0,164,3684,64,100,0,0,0
3188,16,10,1024,0,656,14,9,7,1,1,-70,3,1126,12801,196,100,2,0,0
3188,19,18,1280,0,807,15,25,7,1,3,-52,1,663,15962,204,100,1,0,0
3186,31,26,1792,0,725,13,5,5,1,2,-52,0,917,10130,193,100,2,0,0
3189,22,18,1280,0,952,11,5,7,6,1,-70,2,2018,42981,194,100,4,1,6
3186,30,26,1792,0,508,5,4,7,1,2,-70,0,620,10343,142,100,2,0,0
3191,10,5,768,20,759,18,14,7,1,2,-52,8,1963,10150,197,100,1,0,0
3191,18,8,1024,0,738,14,56,7,1,1,-95,10,2300,24132,207,100,1,0,0
3191,17,18,1280,0,791,11,9,7,1,1,-52,0,621,10952,194,100,2,0,0
3193,5,1,512,70,741,27,6,7,1,1,-76,10,2199,12401,212,100,1,0,0
3189,15,10,1024,0,685,10,20,7,1,1,-52,4,1270,7913,158,100,1,0,0
3192,2,4,768,0,769,16,3,5,1,1,-95,0,942,13426,203,100,2,0,0
3189,21,15,1280,0,726,12,12,7,1,3,-70,3,1179,9413,182,100,1,0,0
3193,4,1,512,0,713,26,13,7,2,1,-61,10,4932,26551,213,100,2,0,0
3190,26,21,1536,0,716,16,5,7,1,5,-52,2,909,8235,195,100,1,0,0
3193,13,7,1024,0,837,15,15,7,1,1,-70,0,740,7471,182,100,1,0,0
3193,6,5,768,0,771,19,5,5,1,2,-52,0,652,7227,198,100,2,0,0
3193,11,5,768,0,796,20,2,7,1,1,-70,0,424,5268,206,100,1,0,0
3195,3,1,512,10,732,26,15,7,1,1,-76,2,1666,16387,212,100,2,0,0
3193,16,10,1024,0,658,14,9,7,1,1,-70,3,684,5674,197,100,1,0,0
3195,7,3,768,0,753,18,3,7,1,2,-70,1,718,10599,204,100,1,0,0
3191,31,26,1792,10,728,13,5,5,1,2,-52,0,585,4990,193,100,1,0,0
3195,1,0,256,0,46,0,0,3,0,0,0,10,2758,23733,5660,100,2,0,0
3194,27,22,1536,0,969,14,4,5,8,3,-52,0,649,9923,196,100,1,1,6
3194,19,18,1280,0,810,16,25,7,1,3,-52,1,802,21757,204,100,1,0,0
3194,30,26,1792,0,510,5,4,7,1,2,-70,0,622,7523,142,100,2,0,0
3195,9,4,768,0,803,17,20,7,1,1,-52,0,836,12798,209,100,1,0,0
3194,12,8,1024,0,850,13,6,7,1,1,-70,0,311,6734,198,100,1,0,0
3197,16,10,1024,0,659,14,9,7,1,1,-70,3,454,5355,197,100,1,0,0
3194,28,22,1536,0,824,13,3,7,1,2,-70,1,917,12476,206,100,2,0,0
3197,11,5,768,0,798,20,2,7,1,1,-70,0,503,5619,206,100,1,0,0
3195,22,18,1280,0,957,11,5,7,6,1,-70,2,1855,26102,195,100,2,1,6
3195,21,15,1280,0,730,12,12,7,1,3,-70,3,1333,8427,182,100,1,0,0
3198,6,5,768,0,772,19,5,5,1,2,-52,0,391,5133,198,100,1,0,0
3196,23,18,1280,10,801,14,19,7,1,3,-52,2,2118,43326,197,100,2,0,0
3198,20,16,1280,0,860,12,18,7,1,3,-70,0,499,9426,188,100,1,0,0
3196,29,23,1536,10,561,4,6,7,10,1,-70,0,561,8032,133,100,2,1,6
3197,14,10,1024,0,567,6,7,7,1,1,-70,0,646,9267,149,100,2,0,0
3198,4,1,512,10,715,26,13,7,2,1,-61,10,2377,13970,213,100,0,0,0
3197,8,4,768,20,756,18,27,7,1,2,-70,10,3984,23879,208,100,1,0,0
3198,24,23,1536,10,172,3,7,7,1,2,-52,0,783,8976,65,100,2,0,0
3197,17,18,1280,0,793,11,9,7,1,1,-52,0,502,5913,194,100,1,0,0
3197,31,26,1792,0,730,13,5,5,1,2,-52,0,461,5053,194,100,0,0,0
3197,25,19,1536,0,1030,19,12,7,10,4,-70,0,1054,11553,201,100,3,1,6
3199,15,10,1024,0,688,10,20,7,1,1,-52,4,2237,16194,159,100,2,0,0
3200,3,1,512,10,733,26,15,7,1,1,-76,2,736,9001,213,100,1,0,0
3198,19,18,1280,0,810,16,25,7,1,3,-52,1,684,15422,205,100,1,0,0
3201,1,0,256,0,46,0,0,3,0,0,0,10,1759,17203,5674,100,1,0,0
3201,9,4,768,0,805,17,20,7,1,1,-52,0,500,7304,209,100,1,0,0
3200,18,8,1024,0,738,14,56,7,1,1,-95,10,3816,38557,207,100,2,0,0
3202,10,5,768,0,759,18,14,7,1,2,-52,8,3680,25815,198,100,2,0,0
3201,21,15,1280,10,731,12,12,7,1,3,-70,3,1082,8519,183,100,1,0,0
3201,23,18,1280,0,801,14,19,7,1,3,-52,2,741,17475,198,100,1,0,0
3200,26,21,1536,10,718,16,5,7,1,5,-52,2,1887,17190,196,100,2,0,0
3201,27,22,1536,0,972,14,4,5,8,3,-52,0,602,7705,196,100,2,1,6
3200,30,26,1792,10,512,5,4,7,1,2,-70,0,403,5718,143,100,0,0,0
3204,6,5,768,0,774,19,5,5,1,2,-52,0,498,5656,198,100,1,0,0
3204,13,7,1024,0,839,15,15,7,1,1,-70,0,702,9007,183,100,2,0,0
3204,11,5,768,0,800,20,2,7,1,1,-70,0,499,8708,206,100,1,0,0
3204,16,10,1024,0,661,14,9,7,1,1,-70,3,822,9230,197,100,1,0,0
3205,7,3,768,0,756,18,3,7,1,2,-70,1,1195,15524,204,100,2,0,0
3203,29,23,1536,0,564,4,6,7,10,1,-70,0,813,7243,133,100,4,1,6
3204,2,4,768,0,771,16,3,5,1,1,-95,0,752,14073,204,100,2,0,0
3205,5,1,512,0,746,27,6,7,2,1,-76,10,6142,34899,213,100,4,0,0
3205,15,10,1024,0,688,10,20,7,1,1,-52,4,1107,7228,159,100,1,0,0
3205,3,1,512,0,735,26,15,7,1,1,-76,2,955,8413,213,100,1,0,0
3203,31,26,1792,0,733,13,5,5,1,2,-52,0,705,6648,194,100,2,0,0
3204,28,22,1536,0,828,13,3,7,1,2,-70,1,889,12153,206,100,2,0,0
3204,22,18,1280,0,961,11,5,7,6,1,-70,2,1678,32529,195,100,4,1,6
3204,12,8,1024,0,853,13,6,7,1,1,-70,0,808,9972,199,100,2,0,0
3205,25,19,1536,0,1031,19,12,7,10,4,-70,0,473,6863,202,100,2,1,6
3207,14,10,1024,0,567,6,8,7,1,1,-70,0,491,8577,150,100,3,0,0
3207,20,16,1280,0,862,12,19,7,1,3,-70,0,725,8817,189,100,4,0,0
3205,23,18,1280,0,802,14,19,7,1,3,-52,2,781,17453,198,100,1,0,0
3207,8,4,768,10,756,18,27,7,1,2,-70,10,3613,22843,209,100,2,0,0
3207,21,15,1280,0,733,12,12,7,1,3,-70,3,1126,8114,183,100,1,0,0
3206,24,23,1536,0,175,3,7,7,1,2,-52,0,752,8858,65,100,2,0,0
3207,27,22,1536,0,975,14,4,5,8,3,-52,0,602,7537,196,100,2,1,6
3210,11,5,768,0,801,20,2,7,1,1,-70,0,476,6750,207,100,1,0,0
3210,6,5,768,10,775,19,5,5,1,2,-52,0,340,5441,199,100,1,0,0
3210,10,5,768,10,763,18,14,7,1,2,-52,8,2730,17519,198,100,1,0,0
3209,3,1,512,0,736,26,15,7,1,1,-76,2,652,7202,213,100,1,0,0
3209,4,1,512,10,717,26,13,7,2,1,-61,10,5747,33839,214,100,1,0,0
3210,13,7,1024,0,841,15,15,7,1,1,-70,0,495,6028,183,100,2,0,0
3207,19,18,1280,10,811,16,25,7,1,3,-52,1,1083,31705,205,100,1,0,0
3208,2,4,768,10,773,16,3,5,1,1,-95,0,368,5773,204,100,1,0,0
3208,17,18,1280,0,796,11,9,7,1,1,-52,0,833,10809,195,100,2,0,0
3210,1,0,256,0,46,0,0,3,0,0,0,10,2684,27707,5691,100,1,0,0
3209,30,26,1792,0,512,5,4,7,1,2,-70,0,464,7562,143,100,2,0,0
3211,26,21,1536,10,721,16,5,7,1,5,-52,2,1446,15565,196,100,1,0,0
3211,18,8,1024,20,741,14,56,7,1,1,-95,10,4213,43682,208,100,2,0,0
3209,25,19,1536,0,1033,19,12,7,10,4,-70,0,750,5318,202,100,2,1,6
3210,24,23,1536,0,177,3,7,7,1,2,-52,0,434,4581,66,100,0,0,0
3212,9,4,768,0,810,17,20,7,1,1,-52,0,1170,15186,210,100,3,0,0
3212,7,3,768,0,759,18,3,7,1,2,-70,1,1193,13976,205,100,2,0,0
3213,16,10,1024,0,663,14,9,7,1,1,-70,3,1095,12052,198,100,2,0,0
3214,6,5,768,0,776,19,5,5,1,2,-52,0,475,4678,199,100,1,0,0
3212,19,18,1280,0,813,16,25,7,1,3,-52,1,859,18844,206,100,1,0,0
3213,23,18,1280,0,803,14,19,7,1,3,-52,2,1277,30606,198,100,1,0,0
3215,5,1,512,0,748,27,6,7,2,1,-76,10,3858,25588,214,100,2,0,0
3214,31,26,1792,0,736,13,5,5,1,2,-52,0,809,9916,195,100,2,0,0
3214,25,19,1536,0,1036,19,12,7,10,4,-70,0,587,4357,202,100,1,1,6
3216,20,16,1280,0,863,12,19,7,1,3,-70,0,419,7695,189,100,1,0,0
3214,30,26,1792,10,513,5,4,7,1,2,-70,0,287,5071,143,100,1,0,0
3214,22,18,1280,0,965,11,5,7,6,1,-70,2,2013,37217,196,100,2,1,6
3215,2,4,768,0,774,16,3,5,1,1,-95,0,583,7842,205,100,1,0,0
3216,29,23,1536,0,568,4,6,7,10,1,-70,0,1006,11422,134,100,2,1,6
3217,10,5,768,0,764,18,14,7,1,2,-52,8,2369,16065,199,100,2,0,0
3217,15,10,1024,0,690,10,20,7,1,1,-52,4,2196,17230,160,100,2,0,0
3216,27,22,1536,0,980,14,4,5,8,3,-52,0,1059,10865,197,100,3,1,6
3217,21,15,1280,0,736,12,12,7,1,3,-70,3,1910,14563,184,100,2,0,0
3216,8,4,768,40,759,18,27,7,1,2,-70,10,4144,24115,209,100,2,0,0
3215,18,8,1024,0,741,14,56,7,1,1,-95,10,2340,22535,208,100,1,0,0
3218,14,10,1024,20,570,6,8,7,1,1,-70,0,701,10454,151,100,2,0,0
3215,12,8,1024,0,854,13,6,7,1,1,-70,0,594,10383,200,100,2,0,0
3219,5,1,512,0,749,27,6,7,2,1,-76,10,1977,11680,214,100,1,0,0
3216,24,23,1536,0,181,3,7,7,1,2,-52,0,713,6385,66,100,1,0,0
3217,7,3,768,0,760,18,3,7,1,2,-70,1,616,8220,205,100,1,0,0
3219,4,1,512,10,719,26,13,7,2,1,-61,10,5245,28543,215,100,2,0,0
3216,28,22,1536,0,832,14,3,7,1,2,-70,1,1049,14697,207,100,2,0,0
3220,11,5,768,0,803,20,2,7,1,1,-70,0,644,11691,207,100,2,0,0
3219,9,4,768,0,811,17,20,7,1,1,-52,0,479,7665,211,100,1,0,0
3218,26,21,1536,0,721,16,5,7,1,5,-52,2,1313,12305,197,100,2,0,0
3220,6,5,768,0,776,19,5,5,1,2,-52,0,340,5561,200,100,1,0,0
3218,17,18,1280,0,800,11,9,7,1,1,-52,0,861,9590,195,100,2,0,0
3220,1,0,256,0,46,0,0,3,0,0,0,10,2783,27353,5713,100,2,0,0
3219,23,18,1280,10,806,14,19,7,1,3,-52,2,1338,23197,199,100,2,0,0
3221,3,1,512,0,737,26,15,7,1,1,-76,2,1549,19303,214,100,2,0,0
3220,25,19,1536,0,1039,19,12,7,10,4,-70,0,620,6009,203,100,2,1,6
3219,13,7,1024,0,842,15,15,7,1,1,-70,0,689,11411,184,100,2,0,0
3222,16,10,1024,0,665,14,9,7,1,1,-70,3,1024,11598,199,100,1,0,0
3220,22,18,1280,0,965,11,5,7,6,1,-70,2,1020,22024,196,100,2,1,6
3221,19,18,1280,0,815,16,25,7,1,3,-52,1,1263,30062,206,100,2,0,0
3222,8,4,768,0,760,18,27,7,1,2,-70,10,2444,14645,210,100,1,0,0
3222,2,4,768,0,776,16,3,5,1,1,-95,0,522,9026,205,100,1,0,0
3222,29,23,1536,0,573,4,6,7,10,1,-70,0,842,7403,134,100,2,1,6
3225,11,5,768,10,804,20,2,7,1,1,-70,0,453,5933,208,100,1,0,0
3223,28,22,1536,0,836,14,3,7,1,2,-70,1,717,8362,207,100,1,0,0
3225,15,10,1024,0,693,10,20,7,1,1,-52,4,1183,10978,160,100,1,0,0
3225,21,15,1280,10,737,12,12,7,1,3,-70,3,787,9449,184,100,1,0,0
3224,27,22,1536,0,981,14,4,5,8,3,-52,0,591,10334,198,100,3,1,6
3226,20,16,1280,0,866,12,19,7,1,3,-70,0,810,10005,190,100,2,0,0
3226,9,4,768,10,816,17,20,7,1,1,-52,0,713,9134,211,100,1,0,0
3224,30,26,1792,10,517,5,4,7,1,2,-70,0,916,9977,144,100,2,0,0
3227,10,5,768,0,766,18,14,7,1,2,-52,8,3343,23424,200,100,2,0,0
3225,31,26,1792,0,738,13,5,5,1,2,-52,0,726,10952,196,100,2,0,0
3227,1,0,256,0,46,0,0,3,0,0,0,10,1578,18457,5724,100,1,0,0
3226,23,18,1280,20,808,14,19,7,1,3,-52,2,1443,29931,199,100,1,0,0
3228,5,1,512,0,752,27,6,7,2,1,-76,10,3497,24307,214,100,1,0,0
3228,3,1,512,0,737,26,15,7,1,1,-76,2,584,9297,214,100,1,0,0
3226,17,18,1280,0,800,11,9,7,1,1,-52,0,465,8192,196,100,2,0,0
3227,8,4,768,0,760,18,27,7,1,2,-70,10,1827,11365,210,100,1,0,0
3227,7,3,768,0,761,18,3,7,1,2,-70,1,853,13667,206,100,1,0,0
3227,18,8,1024,40,750,14,56,7,1,1,-95,10,4978,49302,209,100,2,0,0
3226,22,18,1280,0,966,11,5,7,6,1,-70,2,1253,22156,197,100,2,1,6
3229,15,10,1024,0,693,10,20,7,1,1,-52,4,1061,6552,161,100,1,0,0
3227,12,8,1024,0,860,13,6,7,1,1,-70,0,1092,11630,200,100,3,0,0
3226,25,19,1536,0,1040,19,12,7,10,4,-70,0,565,6201,203,100,2,1,6
3230,14,10,1024,0,575,6,8,7,1,1,-70,0,1149,11462,152,100,3,0,0
3226,24,23,1536,0,184,3,7,7,1,2,-52,0,808,9982,67,100,2,0,0
3229,26,21,1536,0,722,16,5,7,1,5,-52,2,1338,16269,197,100,2,0,0
3231,20,16,1280,0,866,12,19,7,1,3,-70,0,265,4174,190,100,1,0,0
3230,4,1,512,10,721,26,13,7,2,1,-61,10,6051,34555,215,100,2,0,0
3232,10,5,768,0,767,18,14,7,1,2,-52,8,1590,10350,200,100,1,0,0
3232,6,5,768,0,779,19,5,5,1,2,-52,0,774,11047,200,100,2,0,0
3229,28,22,1536,0,837,14,3,7,1,2,-70,1,478,7745,208,100,1,0,0
3232,16,10,1024,20,669,14,9,7,1,1,-70,3,1212,12489,199,100,2,0,0
3233,11,5,768,0,807,20,2,7,1,1,-70,0,655,10235,208,100,1,0,0
3231,8,4,768,0,761,18,27,7,1,2,-70,10,1878,11132,210,100,1,0,0
3231,9,4,768,0,819,17,20,7,1,1,-52,0,708,7440,211,100,2,0,0
3231,19,18,1280,0,817,16,25,7,1,3,-52,1,1266,39099,207,100,2,0,0
3233,13,7,1024,0,847,15,15,7,1,1,-70,0,1048,11767,185,100,2,0,0
3234,1,0,256,0,46,0,0,3,0,0,0,10,1965,18524,5740,100,2,0,0
3232,31,26,1792,0,738,13,5,5,1,2,-52,0,312,6402,196,100,1,0,0
3234,14,10,1024,10,575,6,8,7,1,1,-70,0,167,4278,152,100,0,0,0
3231,18,8,1024,30,750,14,56,7,1,1,-95,10,1694,19006,210,100,1,0,0
3231,17,18,1280,0,801,11,9,7,1,1,-52,0,394,5386,196,100,1,0,0
3233,2,4,768,0,780,16,3,5,1,1,-95,0,959,13747,206,100,3,0,0
3234,26,21,1536,10,722,16,5,7,1,5,-52,2,709,8073,198,100,1,0,0
3232,27,22,1536,0,985,14,4,5,8,3,-52,0,778,9810,198,100,1,1,6
3234,7,3,768,0,763,18,3,7,1,2,-70,1,1066,11875,206,100,2,0,0
3236,5,1,512,0,753,27,6,7,2,1,-76,10,3647,22087,215,100,2,0,0
3235,30,26,1792,0,518,5,4,7,1,2,-70,0,702,9454,145,100,2,0,0
3231,25,19,1536,0,1043,19,13,7,10,4,-70,0,810,6484,204,100,4,1,6
3237,6,5,768,0,779,19,5,5,1,2,-52,0,317,4159,201,100,1,0,0
3233,12,8,1024,0,861,13,6,7,1,1,-70,0,451,6103,201,100,1,0,0
3233,29,23,1536,0,577,4,6,7,10,1,-70,0,1085,12113,135,100,3,1,6
3237,21,15,1280,10,743,12,12,7,1,3,-70,3,2572,17749,185,100,2,0,0
3237,3,1,512,0,737,26,15,7,1,1,-76,2,1423,15763,215,100,2,0,0
3233,22,18,1280,0,969,11,5,7,6,1,-70,2,1426,29118,197,100,3,1,6
3235,24,23,1536,0,184,3,7,7,1,2,-52,0,430,8521,67,100,2,0,0
3236,27,22,1536,0,986,14,4,5,8,3,-52,0,398,5013,198,100,1,1,6
3235,23,18,1280,0,810,14,19,7,1,3,-52,2,1563,40797,200,100,2,0,0
3239,11,5,768,0,811,20,2,7,1,1,-70,0,798,8397,209,100,1,0,0
3240,20,16,1280,0,868,12,19,7,1,3,-70,0,703,8806,191,100,2,0,0
3240,4,1,512,0,722,26,13,7,2,1,-61,10,4603,26808,216,100,2,0,0
3236,28,22,1536,0,838,14,3,7,1,2,-70,1,539,10926,208,100,2,0,0
3240,15,10,1024,0,696,10,20,7,1,1,-52,4,2087,16247,161,100,2,0,0
3239,9,4,768,0,823,17,20,7,1,1,-52,0,821,10061,212,100,1,0,0
3241,16,10,1024,0,673,14,9,7,1,1,-70,3,1443,12293,200,100,2,0,0
3241,13,7,1024,0,848,15,15,7,1,1,-70,0,518,7295,185,100,2,0,0
3239,29,23,1536,0,579,4,6,7,10,1,-70,0,797,6079,135,100,5,1,6
3239,12,8,1024,0,864,13,6,7,1,1,-70,0,607,6117,201,100,1,0,0
3239,25,19,1536,0,1046,19,13,7,10,4,-70,0,605,7267,204,100,2,1,6
3243,5,1,512,30,755,27,6,7,2,1,-76,10,2374,18789,216,100,2,0,0
3242,21,15,1280,0,744,12,12,7,1,3,-70,3,725,7489,185,100,1,0,0
3243,10,5,768,40,769,18,15,7,1,2,-52,8,3729,26857,201,100,3,0,0
3241,17,18,1280,0,805,11,9,7,1,1,-52,0,916,10270,197,100,2,0,0
3243,14,10,1024,0,577,6,8,7,1,1,-70,0,640,8595,152,100,3,0,0
3243,31,26,1792,0,739,13,5,5,1,2,-52,0,571,8934,197,100,2,0,0
3242,19,18,1280,0,820,16,25,7,1,3,-52,1,1411,38608,208,100,2,0,0
3244,8,4,768,0,766,18,27,7,1,2,-70,10,5485,30073,211,100,3,0,0
3244,1,0,256,0,46,0,0,3,0,0,0,10,2896,30659,5760,100,2,0,0
3244,24,23,1536,0,185,3,7,7,1,2,-52,0,472,8182,68,100,1,0,0
3244,2,4,768,0,782,16,3,5,1,1,-95,0,644,12064,206,100,2,0,0
3244,7,3,768,10,765,18,3,7,1,2,-70,1,993,14662,207,100,1,0,0
3243,18,8,1024,0,752,14,56,7,1,1,-95,10,4800,48664,210,100,2,0,0
3243,28,22,1536,0,840,14,3,7,1,2,-70,1,562,7154,209,100,1,0,0
3246,16,10,1024,0,675,14,9,7,1,1,-70,3,637,6843,200,100,2,0,0
3245,26,21,1536,0,729,16,5,7,1,5,-52,2,2057,18551,198,100,2,0,0
3245,13,7,1024,0,848,15,15,7,1,1,-70,0,319,5064,186,100,1,0,0
3244,27,22,1536,0,988,14,4,5,8,3,-52,0,534,10252,199,100,2,1,6
3247,20,16,1280,0,872,12,19,7,1,3,-70,0,710,6773,191,100,2,0,0
3247,15,10,1024,0,699,10,20,7,1,1,-52,4,1427,10140,162,100,2,0,0
3248,6,5,768,0,782,19,5,5,1,2,-52,0,768,10926,201,100,3,0,0
3248,11,5,768,0,816,20,2,7,1,1,-70,0,935,11314,209,100,3,0,0
3244,22,18,1280,0,974,11,5,7,6,1,-70,2,2399,38722,198,100,4,1,6
3247,30,26,1792,0,520,5,4,7,1,2,-70,0,669,10974,145,100,2,0,0
3248,4,1,512,0,725,26,13,7,2,1,-61,10,4342,24953,216,100,2,0,0
3248,3,1,512,10,740,26,15,7,1,1,-76,2,1604,18056,216,100,2,0,0
3246,23,18,1280,0,813,14,19,7,1,3,-52,2,1920,42872,201,100,2,0,0
3248,9,4,768,10,828,17,20,7,1,1,-52,0,930,11465,212,100,4,0,0
3247,31,26,1792,0,741,13,5,5,1,2,-52,0,501,4573,197,100,1,0,0
3247,19,18,1280,0,821,16,25,7,1,3,-52,1,670,18949,208,100,1,0,0
3249,7,3,768,0,765,18,3,7,1,2,-70,1,501,7708,207,100,1,0,0
3250,1,0,256,0,46,0,0,3,0,0,0,10,1546,15242,5771,100,1,0,0
3251,8,4,768,10,769,18,27,7,1,2,-70,10,2648,16348,212,100,2,0,0
3249,12,8,1024,0,866,14,6,7,1,1,-70,0,781,9799,202,100,2,0,0
3251,30,26,1792,0,523,5,4,7,1,2,-70,0,640,5089,146,100,1,0,0
3252,10,5,768,0,771,18,15,7,1,2,-52,8,3102,21549,201,100,1,0,0
3249,22,18,1280,0,975,11,5,7,6,1,-70,2,631,18461,198,100,1,1,6
3252,26,21,1536,0,732,16,5,7,1,5,-52,2,1559,11752,199,100,1,0,0
3250,18,8,1024,0,752,15,56,7,1,1,-95,10,2259,27753,211,100,1,0,0
3252,3,1,512,0,741,26,15,7,1,1,-76,2,830,8409,216,100,1,0,0
3249,29,23,1536,0,582,4,6,7,10,1,-70,0,925,10673,136,100,3,1,6
3253,14,10,1024,0,581,6,8,7,1,1,-70,0,909,10001,153,100,3,0,0
3250,17,18,1280,0,806,11,9,7,1,1,-52,0,499,8439,198,100,1,0,0
3253,21,15,1280,0,747,12,12,7,1,3,-70,3,2267,15863,186,100,2,0,0
3251,25,19,1536,0,1050,19,13,7,10,4,-70,0,1003,12053,205,100,3,1,6
3251,24,23,1536,10,187,3,7,7,1,2,-52,0,620,8832,68,100,2,0,0
3255,5,1,512,10,759,27,6,7,2,1,-76,10,5127,32815,216,100,3,0,0
3254,9,4,768,10,829,17,20,7,1,1,-52,0,478,7647,213,100,1,0,0
3255,7,3,768,0,767,18,3,7,1,2,-70,1,694,8850,208,100,1,0,0
3255,31,26,1792,0,743,13,5,5,1,2,-52,0,525,7761,197,100,1,0,0
3254,27,22,1536,0,991,14,4,5,8,3,-52,0,905,12205,200,100,4,1,6
3257,10,5,768,0,773,18,15,7,1,2,-52,8,1449,9448,202,100,1,0,0
3256,4,1,512,10,727,26,13,7,2,1,-61,10,4410,25118,217,100,3,0,0
3254,28,22,1536,0,842,14,3,7,1,2,-70,1,754,13973,210,100,2,0,0
3257,11,5,768,0,817,20,2,7,1,1,-70,0,616,10590,210,100,3,0,0
3257,16,10,1024,0,677,14,9,7,1,1,-70,3,1169,13943,201,100,3,0,0
3256,2,4,768,0,787,16,3,5,1,1,-95,0,1170,15003,207,100,3,0,0
3257,6,5,768,0,784,19,5,5,1,2,-52,0,694,9180,202,100,3,0,0
3254,17,18,1280,0,807,11,9,7,1,1,-52,0,370,4014,198,100,1,0,0
3255,23,18,1280,0,816,14,19,7,1,3,-52,2,1572,34222,201,100,1,0,0
3258,15,10,1024,0,704,10,20,7,1,1,-52,4,2516,17066,163,100,3,0,0
3257,13,7,1024,0,850,15,15,7,1,1,-70,0,670,10661,186,100,2,0,0
3255,19,18,1280,0,822,16,25,7,1,3,-52,1,693,28651,208,100,1,0,0
3256,12,8,1024,10,868,14,6,7,1,1,-70,0,417,7100,202,100,1,0,0
3259,20,16,1280,0,875,12,19,7,1,3,-70,0,925,11317,192,100,4,0,0
3258,26,21,1536,10,734,16,5,7,1,5,-52,2,975,10705,199,100,1,0,0
3260,1,0,256,0,46,0,0,3,0,0,0,10,2573,27583,5790,100,1,0,0
3257,25,19,1536,0,1051,19,13,7,10,4,-70,0,473,6468,206,100,2,1,6
3258,18,8,1024,10,754,15,56,7,1,1,-95,10,3711,34817,211,100,2,0,0
3260,31,26,1792,0,743,13,5,5,1,2,-52,0,319,4718,198,100,1,0,0
3261,8,4,768,30,772,18,27,7,1,2,-70,10,4366,24697,212,100,2,0,0
3258,22,18,1280,0,977,11,5,7,6,1,-70,2,1649,34065,199,100,2,1,6
3262,14,10,1024,0,582,6,8,7,1,1,-70,0,571,8407,154,100,2,0,0
3261,13,7,1024,0,853,15,15,7,1,1,-70,0,641,4731,187,100,1,0,0
3262,16,10,1024,0,678,14,9,7,1,1,-70,3,638,7012,201,100,1,0,0
3261,3,1,512,10,744,26,15,7,1,1,-76,2,1394,15448,217,100,1,0,0
3258,29,23,1536,0,586,4,6,7,10,1,-70,0,874,9705,137,100,3,1,6
3261,19,18,1280,0,823,16,25,7,1,3,-52,1,815,20412,209,100,1,0,0
3260,17,18,1280,0,809,11,9,7,1,1,-52,0,501,6467,198,100,1,0,0
3264,15,10,1024,0,707,10,20,7,1,1,-52,4,1243,8589,163,100,2,0,0
3260,28,22,1536,10,846,14,3,7,1,2,-70,1,716,8872,210,100,1,0,0
3264,6,5,768,0,788,19,5,5,1,2,-52,0,762,7361,203,100,2,0,0
3264,7,3,768,0,767,18,3,7,1,2,-70,1,1085,14040,208,100,2,0,0
3262,18,8,1024,30,754,15,56,7,1,1,-95,10,1399,16761,212,100,0,0,0
3260,24,23,1536,0,190,4,7,7,1,2,-52,0,888,10059,69,100,2,0,0
3264,9,4,768,10,832,17,20,7,1,1,-52,0,808,13009,214,100,2,0,0
3263,26,21,1536,20,734,16,5,7,1,5,-52,2,733,7277,200,100,1,0,0
3263,30,26,1792,0,524,5,4,7,1,2,-70,0,618,11088,147,100,2,0,0
3264,4,1,512,0,730,26,13,7,2,1,-61,10,5183,28593,218,100,2,0,0
3265,5,1,512,0,760,27,6,7,2,1,-76,10,4489,29648,217,100,3,0,0
3264,21,15,1280,0,750,12,12,7,1,3,-70,3,2119,16879,187,100,2,0,0
3267,11,5,768,0,819,20,2,7,1,1,-70,0,626,11823,211,100,2,0,0
3266,2,4,768,0,789,16,3,5,1,1,-95,0,632,11737,208,100,1,0,0
3267,20,16,1280,0,880,12,19,7,1,3,-70,0,898,8310,193,100,2,0,0
3267,8,4,768,0,776,18,27,7,1,2,-70,10,2389,14660,213,100,2,0,0
3266,31,26,1792,0,745,13,5,5,1,2,-52,0,501,5806,198,100,1,0,0
3265,27,22,1536,0,995,14,4,5,8,3,-52,0,945,14072,200,100,3,1,6
3267,1,0,256,0,46,0,0,3,0,0,0,10,2458,22738,5806,100,2,0,0
3268,10,5,768,20,774,18,15,7,1,2,-52,8,4083,26718,202,100,2,0,0
3265,17,18,1280,0,811,11,9,7,1,1,-52,0,533,4945,199,100,1,0,0
3267,16,10,1024,0,681,14,9,7,1,1,-70,3,1079,7426,202,100,2,0,0
3267,14,10,1024,0,584,6,8,7,1,1,-70,0,494,6169,154,100,2,0,0
3268,3,1,512,0,746,26,15,7,1,1,-76,2,1060,10500,217,100,2,0,0
3267,23,18,1280,0,820,14,19,7,1,3,-52,2,1859,43711,202,100,2,0,0
3269,9,4,768,0,834,17,20,7,1,1,-52,0,523,5529,214,100,2,0,0
3269,6,5,768,0,790,19,5,5,1,2,-52,0,498,5171,203,100,1,0,0
3267,12,8,1024,0,869,14,6,7,1,1,-70,0,726,10995,203,100,2,0,0
3269,4,1,512,0,733,26,13,7,2,1,-61,10,2177,12184,218,100,0,0,0
3271,11,5,768,0,820,20,2,7,1,1,-70,0,369,5320,211,100,1,0,0
3270,26,21,1536,0,735,16,5,7,1,5,-52,2,1044,11322,200,100,1,0,0
3271,13,7,1024,0,855,15,15,7,1,1,-70,0,549,9040,187,100,1,0,0
3267,25,19,1536,0,1056,19,13,7,10,4,-70,0,1030,10161,206,100,3,1,6
3268,28,22,1536,0,849,14,3,7,1,2,-70,1,717,9717,211,100,1,0,0
3268,29,23,1536,0,590,4,6,7,10,1,-70,0,926,9550,137,100,2,1,6
3270,22,18,1280,0,985,11,5,7,6,1,-70,2,2912,41305,200,100,5,1,6
3273,14,10,1024,0,585,6,8,7,1,1,-70,0,449,5410,155,100,1,0,0
3272,7,3,768,0,769,18,3,7,1,2,-70,1,904,13048,209,100,1,0,0
3272,31,26,1792,0,748,13,5,5,1,2,-52,0,664,6409,199,100,1,0,0
3273,8,4,768,20,778,18,27,7,1,2,-70,10,2734,16596,213,100,1,0,0
3271,19,18,1280,10,827,16,25,7,1,3,-52,1,1178,32548,209,100,2,0,0
3272,18,8,1024,20,757,15,56,7,1,1,-95,10,3894,39911,212,100,2,0,0
3271,27,22,1536,0,997,14,4,5,8,3,-52,0,558,7578,201,100,1,1,6
3275,15,10,1024,10,708,10,20,7,1,1,-52,4,2075,16664,164,100,3,0,0
3270,24,23,1536,0,192,4,7,7,1,2,-52,0,701,9697,70,100,2,0,0
3274,5,1,512,0,764,27,6,7,2,1,-76,10,3946,25194,218,100,2,0,0
3275,20,16,1280,0,883,12,19,7,1,3,-70,0,824,8826,193,100,2,0,0
3275,30,26,1792,0,526,5,4,7,1,2,-70,0,646,10780,147,100,2,0,0
3276,1,0,256,0,46,0,0,3,0,0,0,10,2043,23045,5821,100,1,0,0
3276,21,15,1280,10,750,12,12,7,1,3,-70,3,1377,14235,188,100,2,0,0
3275,23,18,1280,0,823,14,19,7,1,3,-52,2,1646,32340,203,100,2,0,0
3276,4,1,512,10,735,26,13,7,2,1,-61,10,3442,20132,218,100,2,0,0
3277,10,5,768,0,776,18,15,7,1,2,-52,8,2964,20725,203,100,2,0,0
3275,12,8,1024,0,872,14,6,7,1,1,-70,0,761,7607,204,100,2,0,0
3276,17,18,1280,0,811,11,9,7,1,1,-52,0,432,8859,199,100,2,0,0
3278,2,4,768,0,795,16,3,5,1,1,-95,0,1323,14679,209,100,3,0,0
3278,3,1,512,0,747,26,15,7,1,1,-76,2,1055,14549,218,100,1,0,0
3276,22,18,1280,0,986,11,5,7,6,1,-70,2,797,21412,200,100,2,1,6
3275,25,19,1536,0,1058,19,13,7,10,4,-70,0,653,7289,207,100,3,1,6
3279,16,10,1024,0,684,14,9,7,1,1,-70,3,1312,15405,203,100,2,0,0
3279,6,5,768,0,793,19,5,5,1,2,-52,0,806,10104,204,100,2,0,0
3279,9,4,768,0,837,17,20,7,1,1,-52,0,751,12314,214,100,2,0,0
3277,28,22,1536,10,853,14,3,7,1,2,-70,1,878,11146,211,100,2,0,0
3276,29,23,1536,0,596,4,6,7,10,1,-70,0,1267,9085,138,100,4,1,6
3277,27,22,1536,0,999,14,4,5,8,3,-52,0,592,7382,201,100,3,1,6
3281,11,5,768,0,822,20,2,7,1,1,-70,0,644,11800,211,100,2,0,0
3281,7,3,768,0,771,18,3,7,1,2,-70,1,909,11904,209,100,2,0,0
3281,1,0,256,0,46,0,0,3,0,0,0,10,1481,13977,5835,100,1,0,0
3280,5,1,512,10,765,27,6,7,2,1,-76,10,2510,16555,218,100,1,0,0
3279,31,26,1792,0,750,13,5,5,1,2,-52,0,525,6969,199,100,1,0,0
3281,13,7,1024,0,858,15,15,7,1,1,-70,0,809,10174,188,100,2,0,0
3279,19,18,1280,0,827,16,25,7,1,3,-52,1,922,30161,210,100,1,0,0
3280,20,16,1280,0,883,12,19,7,1,3,-70,0,223,4341,194,100,0,0,0
3279,24,23,1536,0,194,4,7,7,1,2,-52,0,589,7830,70,100,1,0,0
3282,10,5,768,30,779,18,15,7,1,2,-52,8,1800,11148,203,100,1,0,0
3280,23,18,1280,0,824,14,19,7,1,3,-52,2,1078,20457,203,100,1,0,0
3282,21,15,1280,0,751,12,12,7,1,3,-70,3,969,8719,188,100,1,0,0
3281,26,21,1536,0,737,16,5,7,1,5,-52,2,1857,18336,201,100,2,0,0
3282,14,10,1024,20,590,6,8,7,1,1,-70,0,738,8628,155,100,1,0,0
3282,30,26,1792,0,529,5,4,7,1,2,-70,0,688,7569,148,100,1,0,0
3284,8,4,768,20,781,18,27,7,1,2,-70,10,4517,25840,214,100,2,0,0
3282,18,8,1024,0,761,15,56,7,1,1,-95,10,4110,42651,213,100,2,0,0
3282,25,19,1536,0,1060,19,13,7,10,4,-70,0,528,6635,207,100,1,1,6
3285,3,1,512,0,748,26,15,7,1,1,-76,2,1241,12261,218,100,2,0,0
3285,2,4,768,0,797,16,3,5,1,1,-95,0,524,8515,209,100,1,0,0
3285,15,10,1024,10,710,10,20,7,1,1,-52,4,1834,14410,164,100,2,0,0
3285,1,0,256,0,46,0,0,3,0,0,0,10,1238,12966,5840,100,1,0,0
3282,29,23,1536,0,600,4,6,7,10,1,-70,0,710,5492,138,100,2,1,6
3286,4,1,512,0,738,26,13,7,2,1,-61,10,5297,30637,219,100,1,0,0
3284,22,18,1280,0,990,11,5,7,6,1,-70,2,1888,31044,201,100,3,1,6
3288,14,10,1024,0,592,6,8,7,1,1,-70,0,664,5876,156,100,1,0,0
3284,27,22,1536,0,1001,14,4,5,8,3,-52,0,623,8316,202,100,1,1,6
3287,16,10,1024,0,689,14,9,7,1,1,-70,3,1259,11385,203,100,2,0,0
3287,9,4,768,0,839,17,20,7,1,1,-52,0,609,10228,215,100,1,0,0
3288,6,5,768,0,798,19,5,5,1,2,-52,0,838,8489,204,100,2,0,0
3285,24,23,1536,0,196,4,7,7,1,2,-52,0,555,6316,71,100,1,0,0
3288,5,1,512,20,765,27,6,7,2,1,-76,10,3192,21457,219,100,2,0,0
3286,28,22,1536,0,855,14,3,7,1,2,-70,1,760,11530,212,100,2,0,0
3288,21,15,1280,0,753,12,12,7,1,3,-70,3,1145,10194,188,100,1,0,0
3290,7,3,768,0,774,18,3,7,1,2,-70,1,1113,14262,210,100,2,0,0
3289,8,4,768,30,786,18,27,7,1,2,-70,10,2450,14359,214,100,1,0,0
3289,10,5,768,30,781,18,15,7,1,2,-52,8,2760,18658,204,100,1,0,0
3287,12,8,1024,0,875,14,6,7,1,1,-70,0,776,11085,204,100,2,0,0
3290,20,16,1280,0,886,12,19,7,1,3,-70,0,754,9591,194,100,2,0,0
3288,26,21,1536,0,741,16,5,7,1,5,-52,2,1409,13488,201,100,2,0,0
3290,30,26,1792,0,529,5,4,7,1,2,-70,0,407,7056,148,100,2,0,0
3288,17,18,1280,0,815,11,9,7,1,1,-52,0,940,11507,200,100,2,0,0
3288,23,18,1280,0,825,14,19,7,1,3,-52,2,1314,30889,203,100,1,0,0
3292,31,26,1792,0,750,13,5,5,1,2,-52,0,488,10204,200,100,2,0,0
3292,11,5,768,10,824,20,2,7,1,1,-70,0,729,13947,212,100,2,0,0
3289,22,18,1280,0,992,11,5,7,6,1,-70,2,991,17808,201,100,2,1,6
3290,29,23,1536,0,603,4,6,7,10,1,-70,0,718,7022,139,100,3,1,6
3293,3,1,512,10,753,26,15,7,1,1,-76,2,1277,12809,219,100,1,0,0
3292,13,7,1024,10,863,15,15,7,1,1,-70,0,1024,11322,189,100,2,0,0
3293,16,10,1024,0,690,14,9,7,1,1,-70,3,692,7953,203,100,1,0,0
3291,18,8,1024,40,764,15,56,7,1,1,-95,10,3999,37891,214,100,2,0,0
3294,2,4,768,0,798,16,3,5,1,1,-95,0,523,11497,210,100,1,0,0
3294,9,4,768,0,841,17,20,7,1,1,-52,0,591,8324,215,100,3,0,0
3294,10,5,768,30,782,18,15,7,1,2,-52,8,1646,10693,204,100,1,0,0
3290,27,22,1536,0,1004,14,4,5,8,3,-52,0,597,7117,202,100,3,1,6
3295,1,0,256,0,46,0,0,3,0,0,0,10,2562,26630,5859,100,2,0,0
3291,19,18,1280,0,832,16,25,7,1,3,-52,1,1715,41637,211,100,2,0,0
3293,14,10,1024,0,596,6,8,7,1,1,-70,0,829,7190,156,100,3,0,0
3291,28,22,1536,0,856,14,3,7,1,2,-70,1,274,5174,212,100,0,0,0
3293,15,10,1024,20,713,10,20,7,1,1,-52,4,2005,14329,165,100,2,0,0
3291,24,23,1536,0,197,4,7,7,1,2,-52,0,392,5672,71,100,1,0,0
3292,17,18,1280,0,816,11,9,7,1,1,-52,0,371,4033,200,100,1,0,0
3295,4,1,512,10,739,26,13,7,2,1,-61,10,5197,29490,220,100,2,0,0
3296,8,4,768,50,788,18,27,7,1,2,-70,10,3099,17722,215,100,1,0,0
3294,30,26,1792,0,529,5,4,7,1,2,-70,0,221,4079,149,100,0,0,0
3296,6,5,768,0,800,19,5,5,1,2,-52,0,769,8621,205,100,2,0,0
3297,7,3,768,0,778,18,3,7,1,2,-70,1,1270,12540,211,100,1,0,0
3297,5,1,512,10,765,27,6,7,2,1,-76,10,3524,22721,219,100,1,0,0
3291,25,19,1536,0,1066,19,13,7,10,4,-70,0,1169,9900,208,100,3,1,6
3295,21,15,1280,0,756,12,12,7,1,3,-70,3,1795,12519,189,100,2,0,0
3296,12,8,1024,0,877,14,6,7,1,1,-70,0,581,7651,205,100,1,0,0
3298,11,5,768,10,826,20,2,7,1,1,-70,0,579,7571,213,100,2,0,0
3297,26,21,1536,0,742,16,5,7,1,5,-52,2,1314,14090,202,100,1,0,0
3299,31,26,1792,0,752,13,5,5,1,2,-52,0,623,7419,200,100,2,0,0
3298,22,18,1280,0,996,11,5,7,6,1,-70,2,1649,30511,202,100,4,1,6
3297,23,18,1280,0,827,14,19,7,1,3,-52,2,1439,36754,204,100,2,0,0
3298,27,22,1536,0,1004,14,4,5,8,3,-52,0,312,8708,202,100,1,1,6
3300,13,7,1024,0,867,15,15,7,1,1,-70,0,839,7693,189,100,2,0,0
3301,3,1,512,0,754,26,15,7,1,1,-76,2,1303,13377,219,100,1,0,0
3299,28,22,1536,0,857,14,3,7,1,2,-70,1,599,9927,213,100,2,0,0
3300,20,16,1280,10,891,12,19,7,1,3,-70,0,1018,10872,195,100,3,0,0
3301,1,0,256,0,46,0,0,3,0,0,0,10,2006,19284,5874,100,1,0,0
3299,29,23,1536,0,604,4,6,7,10,1,-70,0,605,9024,139,100,2,1,6
3301,9,4,768,0,842,17,20,7,1,1,-52,0,500,9174,216,100,1,0,0
3301,24,23,1536,0,200,4,7,7,1,2,-52,0,807,9890,72,100,2,0,0
3302,15,10,1024,10,717,10,20,7,1,1,-52,4,1918,13299,166,100,2,0,0
3304,18,8,1024,10,768,15,56,7,1,1,-95,10,4251,44064,214,100,1,0,0
3302,22,18,1280,0,999,11,5,7,6,1,-70,2,1325,18306,202,100,1,1,6
3301,26,21,1536,0,744,16,5,7,1,5,-52,2,895,7255,202,100,1,0,0
3302,2,4,768,10,801,16,3,5,1,1,-95,0,620,10902,210,100,2,0,0
3303,19,18,1280,0,833,16,25,7,1,3,-52,1,1102,40951,211,100,3,0,0
3302,25,19,1536,0,1070,19,13,7,10,4,-70,0,785,10355,208,100,2,1,6
3304,30,26,1792,0,531,5,4,7,1,2,-70,0,645,9223,149,100,2,0,0
3305,4,1,512,10,741,26,13,7,2,1,-61,10,4141,23950,220,100,2,0,0
3305,8,4,768,10,788,18,27,7,1,2,-70,10,3292,20276,215,100,1,0,0
3304,10,5,768,0,787,18,15,7,1,2,-52,8,4000,25228,205,100,2,0,0
3306,7,3,768,0,778,18,3,7,1,2,-70,1,731,12404,211,100,2,0,0
3305,6,5,768,0,803,19,5,5,1,2,-52,0,629,8124,205,100,1,0,0
3304,17,18,1280,0,823,11,9,7,1,1,-52,0,1263,12392,201,100,2,0,0
3305,9,4,768,0,843,17,20,7,1,1,-52,0,368,5370,216,100,1,0,0
3303,21,15,1280,0,757,12,12,7,1,3,-70,3,1527,11410,190,100,2,0,0
3305,11,5,768,0,827,20,2,7,1,1,-70,0,514,9370,213,100,2,0,0
3304,14,10,1024,0,601,6,8,7,1,1,-70,0,1022,11198,157,100,2,0,0
3305,16,10,1024,0,695,14,9,7,1,1,-70,3,1579,15805,204,100,3,0,0
3306,12,8,1024,10,883,14,6,7,1,1,-70,0,1129,11141,206,100,2,0,0
3307,13,7,1024,0,868,15,15,7,1,1,-70,0,474,7252,190,100,1,0,0
3307,20,16,1280,0,892,12,19,7,1,3,-70,0,519,6485,195,100,2,0,0
3308,5,1,512,0,772,27,6,7,1,1,-76,10,4872,30167,220,100,3,0,0
3309,31,26,1792,0,755,13,5,5,1,2,-52,0,809,9579,201,100,2,0,0
3309,8,4,768,10,789,18,27,7,1,2,-70,10,1466,10142,215,100,1,0,0
3309,4,1,512,10,741,26,13,7,2,1,-61,10,2079,13348,221,100,0,0,0
3307,27,22,1536,0,1009,14,4,5,8,3,-52,0,1085,11930,203,100,3,1,6
3309,3,1,512,0,757,26,15,7,1,1,-76,2,1340,14490,220,100,2,0,0
3307,25,19,1536,0,1072,19,13,7,10,4,-70,0,603,5430,209,100,1,1,6
3309,28,22,1536,0,859,14,3,7,1,2,-70,1,646,11497,213,100,2,0,0
3309,2,4,768,0,802,16,3,5,1,1,-95,0,608,8623,211,100,1,0,0
3310,11,5,768,0,827,20,2,7,1,1,-70,0,188,5396,213,100,0,0,0
3309,23,18,1280,0,828,14,19,7,1,3,-52,2,1547,42195,205,100,2,0,0
3311,1,0,256,0,46,0,0,3,0,0,0,10,2635,25046,5893,100,2,0,0
3311,18,8,1024,0,769,15,56,7,1,1,-95,10,2920,31714,215,100,2,0,0
3311,7,3,768,20,780,18,3,7,1,2,-70,1,752,8972,212,100,1,0,0
3310,17,18,1280,0,824,11,9,7,1,1,-52,0,452,6019,202,100,1,0,0
3309,26,21,1536,0,744,16,5,7,1,5,-52,2,1133,12787,203,100,1,0,0
3310,29,23,1536,0,606,4,7,7,10,1,-70,0,717,9992,140,100,3,1,6
3310,15,10,1024,0,721,10,20,7,1,1,-52,4,1998,13065,166,100,1,0,0
3311,24,23,1536,0,202,4,7,7,1,2,-52,0,644,8346,72,100,2,0,0
3312,9,4,768,0,845,17,20,7,1,1,-52,0,583,8197,217,100,1,0,0
3311,12,8,1024,0,885,14,6,7,1,1,-70,0,503,4744,206,100,1,0,0
3312,6,5,768,0,805,19,5,5,1,2,-52,0,651,7231,206,100,2,0,0
3311,21,15,1280,0,761,12,12,7,1,3,-70,3,1460,11881,190,100,1,0,0
3311,22,18,1280,0,1002,11,5,7,6,1,-70,2,1436,31955,202,100,2,1,6
3312,10,5,768,0,790,18,15,7,1,2,-52,8,2823,18765,205,100,1,0,0
3314,8,4,768,20,790,18,27,7,1,2,-70,10,2572,13247,216,100,1,0,0
3314,30,26,1792,0,532,5,4,7,1,2,-70,0,594,9200,150,100,2,0,0
3312,19,18,1280,0,836,16,25,7,1,3,-52,1,1502,35438,212,100,1,0,0
3315,31,26,1792,0,756,13,5,5,1,2,-52,0,562,6079,201,100,1,0,0
3315,13,7,1024,0,871,15,15,7,1,1,-70,0,632,7247,190,100,1,0,0
3315,3,1,512,0,758,26,15,7,1,1,-76,2,1012,9963,220,100,1,0,0
3313,23,18,1280,0,829,14,19,7,1,3,-52,2,822,16732,205,100,1,0,0
3314,2,4,768,0,804,16,3,5,1,1,-95,0,474,6364,211,100,1,0,0
3316,1,0,256,0,46,0,0,3,0,0,0,10,1538,14079,5902,100,1,0,0
3316,11,5,768,0,827,20,2,7,1,1,-70,0,369,7410,214,100,1,0,0
3315,14,10,1024,0,604,6,8,7,1,1,-70,0,778,11298,157,100,2,0,0
3316,7,3,768,10,781,18,3,7,1,2,-70,1,854,8344,212,100,1,0,0
3315,25,19,1536,0,1080,19,13,7,10,4,-70,0,1255,8261,209,100,4,1,6
3317,4,1,512,10,741,26,13,7,2,1,-61,10,4320,23667,221,100,2,0,0
3316,16,10,1024,0,699,14,9,7,1,1,-70,3,1456,14749,205,100,2,0,0
3317,28,22,1536,0,862,14,3,7,1,2,-70,1,717,9612,214,100,1,0,0
3318,12,8,1024,0,887,14,6,7,1,1,-70,0,500,5976,206,100,1,0,0
3317,20,16,1280,0,892,12,19,7,1,3,-70,0,392,8928,196,100,1,0,0
3317,27,22,1536,0,1014,14,4,5,8,3,-52,0,996,11399,204,100,3,1,6
3317,15,10,1024,20,723,10,20,7,1,1,-52,4,1342,10498,167,100,1,0,0
3318,22,18,1280,0,1002,11,5,7,6,1,-70,2,1478,24592,203,100,2,1,6
3319,5,1,512,20,776,27,6,7,1,1,-76,10,4866,31580,221,100,4,0,0
3320,13,7,1024,0,871,15,15,7,1,1,-70,0,263,4603,190,100,1,0,0
3318,24,23,1536,0,202,4,7,7,1,2,-52,0,411,6918,73,100,1,0,0
3318,10,5,768,20,791,18,15,7,1,2,-52,8,2116,14232,206,100,1,0,0
3317,21,15,1280,0,762,12,12,7,1,3,-70,3,940,7400,191,100,1,0,0
3319,26,21,1536,0,746,16,5,7,1,5,-52,2,1387,15840,203,100,2,0,0
3320,3,1,512,0,759,26,15,7,1,1,-76,2,890,9462,221,100,1,0,0
3319,17,18,1280,0,827,11,9,7,1,1,-52,0,753,9089,202,100,2,0,0
3321,31,26,1792,0,757,13,5,5,1,2,-52,0,492,5929,202,100,1,0,0
3322,7,3,768,0,782,18,3,7,1,2,-70,1,660,8453,212,100,1,0,0
3320,30,26,1792,0,533,5,4,7,1,2,-70,0,393,6244,150,100,1,0,0
3319,29,23,1536,0,608,4,7,7,10,1,-70,0,762,9089,141,100,3,1,6
3321,16,10,1024,10,699,14,9,7,1,1,-70,3,533,6275,205,100,1,0,0
3321,14,10,1024,0,605,6,8,7,1,1,-70,0,660,6103,158,100,1,0,0
3322,28,22,1536,0,863,14,3,7,1,2,-70,1,370,5995,214,100,1,0,0
3322,20,16,1280,0,894,12,19,7,1,3,-70,0,502,5366,196,100,1,0,0
3322,18,8,1024,10,774,15,56,7,1,1,-95,10,5008,49667,215,100,2,0,0
3323,6,5,768,0,809,19,5,5,1,2,-52,0,881,10507,206,100,2,0,0
3323,9,4,768,0,847,17,20,7,1,1,-52,0,710,13544,217,100,2,0,0
3321,25,19,1536,0,1081,19,13,7,10,4,-70,0,454,5920,210,100,1,1,6
3324,8,4,768,0,793,18,28,7,1,2,-70,10,4131,25269,216,100,3,0,0
3324,11,5,768,0,829,20,2,7,1,1,-70,0,620,9633,214,100,2,0,0
3325,5,1,512,10,776,27,6,7,1,1,-76,10,2717,16199,221,100,1,0,0
3325,13,7,1024,10,873,15,15,7,1,1,-70,0,450,5601,191,100,1,0,0
3322,23,18,1280,10,830,14,19,7,1,3,-52,2,1397,34763,206,100,1,0,0
3324,30,26,1792,0,533,5,4,7,1,2,-70,0,262,4095,150,100,1,0,0
3326,4,1,512,10,743,26,13,7,2,1,-61,10,4194,25419,222,100,1,0,0
3325,10,5,768,10,794,18,16,7,1,2,-52,8,2658,15582,206,100,3,0,0
3324,19,18,1280,0,838,16,25,7,1,3,-52,1,1476,41801,213,100,2,0,0
3325,24,23,1536,0,207,4,7,7,1,2,-52,0,737,7291,73,100,1,0,0
3325,14,10,1024,0,607,6,8,7,1,1,-70,0,379,4180,158,100,0,0,0
3327,1,0,256,0,46,0,0,3,0,0,0,10,3077,28495,5925,100,2,0,0
3325,27,22,1536,0,1021,14,4,5,8,3,-52,0,1122,10970,204,100,2,1,6
3327,2,4,768,0,806,16,3,5,1,1,-95,0,751,14349,212,100,2,0,0
3327,9,4,768,0,848,17,20,7,1,1,-52,0,621,5551,218,100,1,0,0
3328,3,1,512,0,761,26,15,7,1,1,-76,2,1313,12899,221,100,1,0,0
3328,16,10,1024,0,701,14,9,7,1,1,-70,3,1000,9225,206,100,1,0,0
3329,12,8,1024,0,893,14,6,7,1,1,-70,0,1129,11232,207,100,2,0,0
3327,21,15,1280,0,766,12,12,7,1,3,-70,3,1865,14478,191,100,2,0,0
3328,23,18,1280,0,831,14,19,7,1,3,-52,2,982,24087,206,100,1,0,0
3328,31,26,1792,10,760,13,5,5,1,2,-52,0,632,8195,202,100,1,0,0
3329,18,8,1024,10,777,15,56,7,1,1,-95,10,2751,29664,216,100,1,0,0
3328,26,21,1536,0,747,16,5,7,1,5,-52,2,1703,15122,204,100,2,0,0
3329,28,22,1536,0,864,14,3,7,1,2,-70,1,474,9147,215,100,1,0,0
3331,8,4,768,10,795,18,28,7,1,2,-70,10,2754,16006,217,100,1,0,0
3329,22,18,1280,0,1006,11,5,7,6,1,-70,2,2379,42802,204,100,3,1,6
3329,15,10,1024,10,724,10,20,7,1,1,-52,4,2395,16812,167,100,3,0,0
3330,7,3,768,0,787,18,3,7,1,2,-70,1,1424,16083,213,100,1,0,0
3330,17,18,1280,0,830,11,9,7,1,1,-52,0,809,10618,203,100,2,0,0
3331,27,22,1536,0,1023,14,4,5,8,3,-52,0,554,7248,205,100,2,1,6
3332,5,1,512,10,780,27,6,7,1,1,-76,10,2814,18260,222,100,1,0,0
3332,13,7,1024,0,875,15,15,7,1,1,-70,0,609,6496,191,100,1,0,0
3331,30,26,1792,0,536,5,4,7,1,2,-70,0,687,7420,151,100,1,0,0
3333,9,4,768,0,850,17,20,7,1,1,-52,0,500,7324,218,100,1,0,0
3331,11,5,768,10,832,20,2,7,1,1,-70,0,607,9432,215,100,1,0,0
3331,29,23,1536,0,611,4,7,7,10,1,-70,0,887,11247,142,100,4,1,6
3332,25,19,1536,0,1088,19,13,7,10,4,-70,0,1268,11402,210,100,3,1,6
3333,23,18,1280,0,832,14,19,7,1,3,-52,2,761,17765,206,100,1,0,0
3333,19,18,1280,10,839,16,25,7,1,3,-52,1,964,31300,213,100,2,0,0
3333,6,5,768,0,812,19,5,5,1,2,-52,0,801,10184,207,100,3,0,0
3335,4,1,512,0,744,26,13,7,2,1,-61,10,4612,26070,222,100,2,0,0
3334,10,5,768,10,796,18,16,7,1,2,-52,8,2926,20106,207,100,1,0,0
3334,24,23,1536,0,208,4,7,7,1,2,-52,0,640,8434,74,100,2,0,0
3333,20,16,1280,0,899,12,19,7,1,3,-70,0,1024,10983,197,100,2,0,0
3333,15,10,1024,10,726,10,20,7,1,1,-52,4,837,6447,168,100,0,0,0
3333,31,26,1792,0,762,13,5,5,1,2,-52,0,558,5495,203,100,1,0,0
3336,1,0,256,0,46,0,0,3,0,0,0,10,2282,23017,5940,100,1,0,0
3333,14,10,1024,0,610,6,8,7,1,1,-70,0,778,8280,159,100,3,0,0
3337,8,4,768,10,798,18,28,7,1,2,-70,10,2455,14779,217,100,2,0,0
3336,18,8,1024,20,779,15,56,7,1,1,-95,10,2764,25783,216,100,2,0,0
3336,11,5,768,0,833,20,2,7,1,1,-70,0,476,6119,215,100,1,0,0
3337,13,7,1024,10,877,15,15,7,1,1,-70,0,495,4817,192,100,2,0,0
3337,16,10,1024,0,705,14,9,7,1,1,-70,3,1193,12119,206,100,1,0,0
3337,7,3,768,0,789,18,3,7,1,2,-70,1,1108,10480,213,100,3,0,0
3336,30,26,1792,10,537,5,4,7,1,2,-70,0,369,4469,151,100,1,0,0
3337,22,18,1280,0,1009,11,5,7,6,1,-70,2,1514,28305,204,100,3,1,6
3336,21,15,1280,10,768,12,12,7,1,3,-70,3,1597,13607,192,100,1,0,0
3337,17,18,1280,0,833,11,9,7,1,1,-52,0,627,6753,203,100,2,0,0
3338,3,1,512,0,762,26,15,7,1,1,-76,2,1516,17247,222,100,2,0,0
3339,2,4,768,0,809,16,3,5,1,1,-95,0,950,14223,213,100,4,0,0
3339,28,22,1536,0,867,14,3,7,1,2,-70,1,781,11886,215,100,2,0,0
3340,10,5,768,30,798,18,16,7,1,2,-52,8,2302,14340,207,100,1,0,0
3338,14,10,1024,0,611,6,8,7,1,1,-70,0,393,4646,159,100,1,0,0
3340,12,8,1024,0,895,14,7,7,1,1,-70,0,749,11302,208,100,4,0,0
3339,29,23,1536,0,614,4,7,7,10,1,-70,0,790,8075,142,100,3,1,6
3340,9,4,768,0,852,17,20,7,1,1,-52,0,607,9996,219,100,1,0,0
3340,5,1,512,0,780,27,6,7,1,1,-76,10,3730,23566,222,100,1,0,0
3341,1,0,256,0,46,0,0,3,0,0,0,10,1617,13197,5954,100,1,0,0
3339,20,16,1280,0,902,12,19,7,1,3,-70,0,667,5588,198,100,1,0,0
3340,24,23,1536,10,212,4,7,7,1,2,-52,0,713,6880,74,100,1,0,0
3342,8,4,768,0,801,18,28,7,1,2,-70,10,2383,13254,218,100,2,0,0
3338,26,21,1536,20,751,16,5,7,1,5,-52,2,2016,17638,205,100,2,0,0
3342,13,7,1024,0,878,15,15,7,1,1,-70,0,421,4469,192,100,2,0,0
3341,22,18,1280,0,1011,11,5,7,6,1,-70,2,782,15676,204,100,1,1,6
3338,31,26,1792,10,763,13,5,5,1,2,-52,0,370,4474,203,100,1,0,0
3341,27,22,1536,0,1026,14,4,5,8,3,-52,0,832,13546,205,100,4,1,6
3342,23,18,1280,10,833,14,19,7,1,3,-52,2,1625,38819,207,100,2,0,0
3343,11,5,768,0,835,20,2,7,1,1,-70,0,607,8574,216,100,1,0,0
3343,6,5,768,0,816,19,5,5,1,2,-52,0,817,10323,208,100,1,0,0
3343,7,3,768,0,792,18,3,7,1,2,-70,1,1062,11462,214,100,2,0,0
3345,4,1,512,10,744,26,13,7,2,1,-61,10,4960,29741,223,100,2,0,0
3342,25,19,1536,0,1091,19,13,7,10,4,-70,0,868,10014,211,100,4,1,6
3343,19,18,1280,0,841,16,25,7,1,3,-52,1,1211,37279,214,100,2,0,0
3344,15,10,1024,0,729,10,20,7,1,1,-52,4,2001,15794,168,100,2,0,0
3343,28,22,1536,0,868,14,3,7,1,2,-70,1,451,6964,216,100,1,0,0
3346,9,4,768,0,853,17,20,7,1,1,-52,0,368,6761,219,100,1,0,0
3345,14,10,1024,0,612,6,8,7,1,1,-70,0,387,5852,159,100,2,0,0
3345,16,10,1024,10,706,14,9,7,1,1,-70,3,1047,11142,207,100,2,0,0
3346,10,5,768,10,800,18,16,7,1,2,-52,8,2191,14303,208,100,2,0,0
3346,22,18,1280,0,1012,11,5,7,6,1,-70,2,1227,18000,205,100,2,1,6
3347,13,7,1024,0,883,15,15,7,1,1,-70,0,822,6207,192,100,1,0,0
3347,12,8,1024,0,897,14,7,7,1,1,-70,0,501,6474,208,100,1,0,0
3345,30,26,1792,10,540,5,4,7,1,2,-70,0,702,8700,152,100,2,0,0
3346,17,18,1280,0,838,11,9,7,1,1,-52,0,896,9470,204,100,2,0,0
3348,2,4,768,0,812,16,3,5,1,1,-95,0,624,10367,213,100,2,0,0
3347,18,8,1024,0,780,15,56,7,1,1,-95,10,4379,46159,217,100,2,0,0
3346,21,15,1280,0,770,12,12,7,1,3,-70,3,1614,13125,192,100,2,0,0
3348,8,4,768,10,802,18,28,7,1,2,-70,10,2821,15946,218,100,1,0,0
3348,3,1,512,0,765,26,15,7,1,1,-76,2,1687,16729,223,100,2,0,0
3347,27,22,1536,0,1027,14,4,5,8,3,-52,0,422,5851,206,100,2,1,6
3349,5,1,512,40,784,27,6,7,1,1,-76,10,3732,24010,223,100,2,0,0
3347,26,21,1536,0,753,16,5,7,1,5,-52,2,1260,12595,205,100,1,0,0
3346,29,23,1536,0,617,4,7,7,10,1,-70,0,748,8123,143,100,2,1,6
3350,4,1,512,10,747,26,13,7,2,1,-61,10,2963,15391,223,100,1,0,0
3349,7,3,768,10,794,18,3,7,1,2,-70,1,773,8682,214,100,1,0,0
3350,23,18,1280,10,836,15,19,7,1,3,-52,2,1349,25634,207,100,1,0,0
3348,20,16,1280,0,905,12,19,7,1,3,-70,0,748,8979,198,100,3,0,0
3348,24,23,1536,0,213,4,7,7,1,2,-52,0,594,8762,75,100,2,0,0
3348,31,26,1792,10,768,13,5,5,1,2,-52,0,1024,9942,204,100,2,0,0
3350,16,10,1024,0,706,14,9,7,1,1,-70,3,558,6438,207,100,1,0,0
3352,1,0,256,0,46,0,0,3,0,0,0,10,2851,27246,5972,100,2,0,0
3350,11,5,768,0,837,20,2,7,1,1,-70,0,596,8566,216,100,2,0,0
3351,21,15,1280,0,773,12,12,7,1,3,-70,3,1158,7574,193,100,1,0,0
3351,27,22,1536,0,1027,14,4,5,8,3,-52,0,264,4728,206,100,1,1,6
3352,2,4,768,0,812,16,3,5,1,1,-95,0,341,5729,214,100,1,0,0
3351,15,10,1024,10,729,10,20,7,1,1,-52,4,1614,11089,169,100,2,0,0
3352,26,21,1536,0,754,16,5,7,1,5,-52,2,818,7952,205,100,1,0,0
3352,19,18,1280,0,841,16,25,7,1,3,-52,1,637,28081,215,100,1,0,0
3352,18,8,1024,0,781,15,56,7,1,1,-95,10,2218,23700,217,100,1,0,0
3353,13,7,1024,0,884,15,15,7,1,1,-70,0,450,6299,193,100,1,0,0
3354,12,8,1024,0,898,14,7,7,1,1,-70,0,473,7242,209,100,1,0,0
3354,8,4,768,0,803,18,28,7,1,2,-70,10,2301,14236,218,100,2,0,0
3354,5,1,512,20,785,27,6,7,1,1,-76,10,2409,15327,223,100,1,0,0
3354,3,1,512,0,766,26,15,7,1,1,-76,2,928,10050,223,100,1,0,0
3355,9,4,768,0,856,17,20,7,1,1,-52,0,899,11820,220,100,3,0,0
3355,10,5,768,0,802,18,16,7,1,2,-52,8,3029,20154,208,100,1,0,0
3352,25,19,1536,0,1094,19,13,7,10,4,-70,0,891,10049,212,100,4,1,6
3354,6,5,768,0,818,19,5,5,1,2,-52,0,821,10651,209,100,3,0,0
3355,22,18,1280,0,1014,11,5,7,6,1,-70,2,1402,28976,205,100,2,1,6
3354,11,5,768,0,838,20,2,7,1,1,-70,0,271,4960,216,100,0,0,0
3355,7,3,768,0,796,18,3,7,1,2,-70,1,977,10053,215,100,2,0,0
3356,28,22,1536,0,871,14,3,7,1,2,-70,1,781,12624,216,100,2,0,0
3356,17,18,1280,20,841,11,9,7,1,1,-52,0,672,8460,205,100,3,0,0
3355,30,26,1792,0,542,5,4,7,1,2,-70,0,809,10131,153,100,2,0,0
3357,2,4,768,0,815,16,3,5,1,1,-95,0,603,6110,214,100,2,0,0
3355,24,23,1536,0,216,4,7,7,1,2,-52,0,672,6528,75,100,1,0,0
3355,29,23,1536,0,619,4,7,7,10,1,-70,0,616,7739,143,100,3,1,6
3356,16,10,1024,0,708,14,9,7,1,1,-70,3,790,8439,208,100,1,0,0
3358,27,22,1536,0,1031,14,4,5,8,3,-52,0,776,7502,206,100,2,1,6
3357,25,19,1536,0,1095,19,13,7,10,4,-70,0,343,4326,212,100,0,1,6
3357,14,10,1024,0,619,6,8,7,1,1,-70,0,1230,11678,160,100,3,0,0
3357,26,21,1536,0,758,16,5,7,1,5,-52,2,1299,10161,206,100,1,0,0
3360,4,1,512,10,748,26,13,7,2,1,-61,10,5276,29726,224,100,2,0,0
3359,18,8,1024,10,782,15,56,7,1,1,-95,10,2704,27203,218,100,2,0,0
3358,21,15,1280,0,776,12,12,7,1,3,-70,3,1487,10268,193,100,1,0,0
3360,9,4,768,0,856,17,20,7,1,1,-52,0,262,5740,220,100,1,0,0
3358,31,26,1792,0,772,13,5,5,1,2,-52,0,862,9642,204,100,2,0,0
3358,20,16,1280,0,908,12,19,7,1,3,-70,0,786,9466,199,100,2,0,0
3359,23,18,1280,0,838,15,19,7,1,3,-52,2,1791,37681,208,100,2,0,0
3361,3,1,512,20,769,26,15,7,1,1,-76,2,1038,10675,224,100,1,0,0
3360,7,3,768,0,797,18,3,7,1,2,-70,1,537,7310,215,100,1,0,0
3361,28,22,1536,0,872,14,3,7,1,2,-70,1,427,6155,217,100,1,0,0
3360,10,5,768,0,805,18,16,7,1,2,-52,8,2287,13528,209,100,1,0,0
3361,19,18,1280,0,843,16,25,7,1,3,-52,1,1227,30971,215,100,2,0,0
3361,14,10,1024,10,619,6,8,7,1,1,-70,0,264,4400,160,100,1,0,0
3362,17,18,1280,0,842,11,9,7,1,1,-52,0,526,6744,205,100,1,0,0
3363,6,5,768,0,820,19,5,5,1,2,-52,0,523,7337,209,100,1,0,0
3363,1,0,256,0,46,0,0,3,0,0,0,10,3453,30795,5996,100,2,0,0
3363,12,8,1024,10,901,14,7,7,1,1,-70,0,728,8752,209,100,2,0,0
3362,22,18,1280,0,1019,11,5,7,6,1,-70,2,2182,33669,206,100,3,1,6
3363,5,1,512,0,787,27,6,7,1,1,-76,10,4015,25110,224,100,2,0,0
3362,29,23,1536,0,623,4,7,7,10,1,-70,0,831,7236,144,100,2,1,6
3362,15,10,1024,10,732,10,21,7,1,1,-52,4,2128,16719,170,100,3,0,0
3364,11,5,768,0,841,20,2,7,1,1,-70,0,829,11382,217,100,3,0,0
3365,27,22,1536,0,1035,14,4,5,8,3,-52,0,856,9067,207,100,2,1,6
3364,13,7,1024,10,887,15,15,7,1,1,-70,0,747,10278,193,100,3,0,0
3365,8,4,768,10,804,18,28,7,1,2,-70,10,4645,27037,219,100,2,0,0
3365,10,5,768,30,810,18,16,7,1,2,-52,8,1704,11407,209,100,1,0,0
3365,18,8,1024,10,785,15,56,7,1,1,-95,10,2835,26676,218,100,1,0,0
3364,30,26,1792,0,543,5,4,7,1,2,-70,0,418,7979,153,100,1,0,0
3366,28,22,1536,0,875,14,3,7,1,2,-70,1,636,7346,217,100,1,0,0
3365,20,16,1280,0,911,12,19,7,1,3,-70,0,633,7158,199,100,1,0,0
3366,24,23,1536,0,218,4,7,7,1,2,-52,0,700,10357,76,100,2,0,0
3365,2,4,768,20,816,16,3,5,1,1,-95,0,415,10109,215,100,1,0,0
3366,16,10,1024,0,709,14,9,7,1,1,-70,3,1048,12015,208,100,2,0,0
3366,7,3,768,0,799,18,3,7,1,2,-70,1,833,9511,215,100,1,0,0
3368,4,1,512,10,750,26,13,7,2,1,-61,10,4015,22398,224,100,1,0,0
3368,14,10,1024,0,621,6,8,7,1,1,-70,0,581,6652,161,100,1,0,0
3368,19,18,1280,0,845,16,25,7,1,3,-52,1,1065,24380,216,100,1,0,0
3366,25,19,1536,0,1099,19,13,7,10,4,-70,0,973,9383,213,100,4,1,6
3368,17,18,1280,0,844,11,9,7,1,1,-52,0,501,5448,205,100,1,0,0
3368,26,21,1536,10,758,16,5,7,1,5,-52,2,1286,16989,206,100,2,0,0
3369,13,7,1024,0,888,15,15,7,1,1,-70,0,452,4756,194,100,1,0,0
3369,21,15,1280,0,778,12,12,7,1,3,-70,3,1553,15525,194,100,2,0,0
3370,12,8,1024,0,902,14,7,7,1,1,-70,0,474,6710,210,100,1,0,0
3370,9,4,768,0,858,17,20,7,1,1,-52,0,631,12244,221,100,1,0,0
3370,5,1,512,0,787,27,6,7,1,1,-76,10,2545,16759,224,100,1,0,0
3371,22,18,1280,0,1022,11,5,7,6,1,-70,2,1320,26079,206,100,3,1,6
3370,31,26,1792,0,776,13,5,5,1,2,-52,0,940,11607,205,100,2,0,0
3372,8,4,768,10,805,18,28,7,1,2,-70,10,2753,16573,220,100,2,0,0
3371,15,10,1024,0,734,10,21,7,1,1,-52,4,1678,13387,170,100,1,0,0
3372,4,1,512,10,751,26,13,7,2,1,-61,10,2458,13726,225,100,1,0,0
3370,23,18,1280,0,843,15,19,7,1,3,-52,2,1939,43254,209,100,2,0,0
3371,24,23,1536,0,218,4,7,7,1,2,-52,0,286,4704,76,100,1,0,0
3372,2,4,768,10,817,16,3,5,1,1,-95,0,477,7430,215,100,1,0,0
3372,27,22,1536,0,1038,14,4,5,8,3,-52,0,597,8173,207,100,3,1,6
3372,19,18,1280,10,847,16,25,7,1,3,-52,1,722,16299,216,100,1,0,0
3372,3,1,512,0,771,26,15,7,1,1,-76,2,1873,19273,224,100,2,0,0
3373,6,5,768,0,822,19,5,5,1,2,-52,0,699,10100,210,100,2,0,0
3374,11,5,768,10,843,20,2,7,1,1,-70,0,705,11001,218,100,2,0,0
3374,1,0,256,0,46,0,0,3,0,0,0,10,3028,27711,6018,100,2,0,0
3374,10,5,768,0,810,18,16,7,1,2,-52,8,2549,18380,209,100,1,0,0
3374,17,18,1280,0,845,11,9,7,1,1,-52,0,547,6266,206,100,2,0,0
3375,12,8,1024,0,904,14,7,7,1,1,-70,0,476,4812,210,100,1,0,0
3374,9,4,768,20,860,17,20,7,1,1,-52,0,369,5433,221,100,1,0,0
3374,14,10,1024,0,623,6,8,7,1,1,-70,0,500,6229,161,100,1,0,0
3375,28,22,1536,10,877,14,3,7,1,2,-70,1,581,11006,218,100,1,0,0
3375,18,8,1024,50,788,15,56,7,1,1,-95,10,4225,42736,219,100,2,0,0
3375,23,18,1280,10,843,15,19,7,1,3,-52,2,761,19041,209,100,1,0,0
3376,21,15,1280,0,780,12,12,7,1,3,-70,3,865,8716,194,100,1,0,0
3376,15,10,1024,0,734,10,21,7,1,1,-52,4,590,5834,171,100,1,0,0
3376,22,18,1280,10,1023,11,5,7,6,1,-70,2,1240,19086,207,100,2,1,6
3378,4,1,512,20,755,26,13,7,2,1,-61,10,3314,18006,225,100,1,0,0
3378,5,1,512,40,790,27,6,7,1,1,-76,10,3026,21430,225,100,1,0,0
3378,8,4,768,20,806,18,28,7,1,2,-70,10,2712,15857,220,100,1,0,0
3374,29,23,1536,0,628,4,7,7,10,1,-70,0,1045,11645,144,100,4,1,6
3376,30,26,1792,0,545,5,4,7,1,2,-70,0,823,11272,154,100,3,0,0
3377,7,3,768,0,801,18,3,7,1,2,-70,1,1159,16637,216,100,2,0,0
3376,20,16,1280,10,916,12,19,7,1,3,-70,0,1024,11051,200,100,2,0,0
3375,25,19,1536,0,1104,19,13,7,10,4,-70,0,1006,9071,213,100,3,1,6
3377,16,10,1024,0,716,14,9,7,1,1,-70,3,1823,16237,209,100,2,0,0
3379,13,7,1024,0,891,15,15,7,1,1,-70,0,753,9423,194,100,2,0,0
3377,19,18,1280,10,848,16,25,7,1,3,-52,1,599,16981,216,100,1,0,0
3379,26,21,1536,0,760,16,5,7,1,5,-52,2,1676,17268,207,100,2,0,0
3381,2,4,768,0,819,16,3,5,1,1,-95,0,644,10403,215,100,2,0,0
3379,14,10,1024,0,625,6,8,7,1,1,-70,0,526,4823,162,100,2,0,0
3380,17,18,1280,0,848,11,9,7,1,1,-52,0,602,5966,206,100,2,0,0
3380,22,18,1280,0,1024,11,5,7,6,1,-70,2,648,18120,207,100,0,1,6
3380,6,5,768,10,823,19,5,5,1,2,-52,0,392,6256,210,100,1,0,0
3380,24,23,1536,0,218,4,7,7,3,2,-52,0,570,9003,77,100,2,1,6
3381,11,5,768,0,847,20,2,7,1,1,-70,0,739,9381,218,100,1,0,0
3382,1,0,256,0,46,0,0,3,0,0,0,10,2209,20667,6032,100,1,0,0
3382,31,26,1792,0,780,13,5,5,1,2,-52,0,941,11209,206,100,2,0,0
3381,25,19,1536,0,1106,19,13,7,10,4,-70,0,555,5778,214,100,2,1,6
3382,5,1,512,20,791,27,6,7,1,1,-76,10,2068,12117,225,100,1,0,0
3382,29,23,1536,0,632,4,7,7,10,1,-70,0,954,8137,145,100,3,1,6
3383,3,1,512,0,777,26,15,7,1,1,-76,2,1838,17651,225,100,3,0,0
3384,4,1,512,10,755,26,13,7,2,1,-61,10,3253,18189,226,100,1,0,0
3384,27,22,1536,0,1041,14,4,5,8,3,-52,0,894,14180,208,100,3,1,6
3384,9,4,768,0,863,17,20,7,1,1,-52,0,943,12384,222,100,2,0,0
3384,12,8,1024,0,907,14,7,7,1,1,-70,0,879,10167,211,100,2,0,0
3383,14,10,1024,10,627,6,8,7,1,1,-70,0,476,4483,162,100,1,0,0
3385,10,5,768,20,811,18,16,7,1,2,-52,8,3703,25865,210,100,2,0,0
3385,28,22,1536,0,881,14,3,7,1,2,-70,1,890,12096,218,100,2,0,0
3384,20,16,1280,0,917,12,19,7,1,3,-70,0,478,7403,201,100,1,0,0
3384,23,18,1280,0,843,15,19,7,1,3,-52,2,1464,37654,210,100,1,0,0
3384,22,18,1280,0,1026,11,5,7,6,1,-70,2,1078,16634,207,100,2,1,6
3385,30,26,1792,10,546,5,4,7,1,2,-70,0,461,8718,155,100,1,0,0
3387,2,4,768,0,821,16,3,5,1,1,-95,0,583,7626,216,100,1,0,0
3386,21,15,1280,0,781,12,12,7,1,3,-70,3,1696,14058,195,100,2,0,0
3387,18,8,1024,0,790,15,56,7,1,1,-95,10,4542,47828,220,100,2,0,0
3386,16,10,1024,0,719,14,9,7,1,1,-70,3,1232,11690,210,100,2,0,0
3388,8,4,768,0,809,18,28,7,1,2,-70,10,3933,23718,221,100,1,0,0
3387,15,10,1024,0,740,10,21,7,1,1,-52,4,2506,17392,171,100,2,0,0
3388,19,18,1280,0,853,16,25,7,1,3,-52,1,1695,38907,217,100,2,0,0
3388,3,1,512,0,778,26,15,7,1,1,-76,2,635,7758,225,100,0,0,0
3388,17,18,1280,0,850,11,9,7,1,1,-52,0,581,7847,207,100,1,0,0
3388,12,8,1024,0,908,14,7,7,1,1,-70,0,436,4151,211,100,1,0,0
3389,26,21,1536,0,762,16,5,7,1,5,-52,2,1546,16385,208,100,2,0,0
3389,7,3,768,10,807,18,3,7,1,2,-70,1,1727,18571,217,100,3,0,0
3389,6,5,768,0,824,19,5,5,1,2,-52,0,593,8660,211,100,2,0,0
3390,28,22,1536,0,883,14,3,7,1,2,-70,1,502,6213,218,100,1,0,0
3389,13,7,1024,0,894,15,15,7,1,1,-70,0,873,10112,195,100,3,0,0
3390,1,0,256,0,46,0,0,3,0,0,0,10,2553,22263,6052,100,2,0,0
3391,30,26,1792,0,547,5,4,7,1,2,-70,0,477,5110,155,100,1,0,0
3390,5,1,512,20,792,27,6,7,1,1,-76,10,3339,22124,226,100,2,0,0
3390,24,23,1536,0,222,4,7,7,3,2,-52,0,742,9736,78,100,2,1,6
3391,29,23,1536,0,635,4,7,7,10,1,-70,0,791,9540,146,100,3,1,6
3391,11,5,768,0,851,20,2,7,1,1,-70,0,943,12927,219,100,2,0,0
3391,10,5,768,10,812,18,16,7,1,2,-52,8,2341,15008,211,100,2,0,0
3392,22,18,1280,0,1027,11,5,7,6,1,-70,2,1399,27871,208,100,3,1,6
3391,14,10,1024,0,628,6,8,7,1,1,-70,0,498,8006,163,100,1,0,0
3392,9,4,768,10,865,17,20,7,1,1,-52,0,621,10028,222,100,2,0,0
3391,25,19,1536,10,1112,19,13,7,10,4,-70,0,1131,10565,214,100,4,1,6
3394,8,4,768,0,811,18,28,7,1,2,-70,10,2590,15149,221,100,1,0,0
3394,2,4,768,0,825,16,3,5,1,1,-95,0,803,8613,216,100,3,0,0
3392,16,10,1024,10,721,14,9,7,1,1,-70,3,480,7000,210,100,1,0,0
3394,17,18,1280,0,853,11,9,7,1,1,-52,0,762,6089,207,100,1,0,0
3394,18,8,1024,20,791,15,56,7,1,1,-95,10,3064,30476,220,100,1,0,0
3393,31,26,1792,0,780,13,5,5,1,2,-52,0,489,9874,207,100,2,0,0
3394,7,3,768,0,807,18,3,7,1,2,-70,1,583,7837,217,100,1,0,0
3395,27,22,1536,0,1046,14,4,5,8,3,-52,0,1085,13557,209,100,3,1,6
3396,4,1,512,10,757,26,13,7,2,1,-61,10,5981,33906,226,100,2,0,0
3393,26,21,1536,0,764,16,5,7,1,5,-52,2,1130,9813,208,100,1,0,0
3395,6,5,768,0,825,19,5,5,1,2,-52,0,391,5248,211,100,1,0,0
3395,23,18,1280,0,848,15,19,7,1,3,-52,2,2375,53177,210,100,2,0,0
3395,14,10,1024,10,629,6,8,7,1,1,-70,0,345,3951,163,100,1,0,0
3395,20,16,1280,0,920,12,19,7,1,3,-70,0,778,11125,201,100,2,0,0
3397,3,1,512,0,779,26,15,7,1,1,-76,2,1332,13864,226,100,2,0,0
3395,21,15,1280,0,786,12,12,7,1,3,-70,3,2060,14697,196,100,2,0,0
3397,10,5,768,20,814,18,16,7,1,2,-52,8,2167,12701,211,100,1,0,0
3397,22,18,1280,0,1029,11,5,7,6,1,-70,2,975,18767,208,100,2,1,6
3396,25,19,1536,0,1113,19,13,7,10,4,-70,0,522,5475,215,100,1,1,6
3397,15,10,1024,20,743,10,21,7,1,1,-52,4,2010,15082,172,100,2,0,0
3398,31,26,1792,0,783,13,5,5,1,2,-52,0,608,5236,207,100,1,0,0
3399,12,8,1024,0,911,14,7,7,1,1,-70,0,711,10129,212,100,1,0,0
3398,26,21,1536,0,764,16,5,7,1,5,-52,2,672,6929,208,100,1,0,0
3399,8,4,768,20,813,18,28,7,1,2,-70,10,2406,15359,222,100,1,0,0
3400,13,7,1024,0,898,15,15,7,1,1,-70,0,917,10631,196,100,2,0,0
3399,17,18,1280,0,854,11,9,7,1,1,-52,0,426,5284,208,100,1,0,0
3400,2,4,768,10,828,16,3,5,1,1,-95,0,606,8504,217,100,1,0,0
3400,5,1,512,30,796,27,6,7,1,1,-76,10,4217,26757,226,100,1,0,0
3401,9,4,768,0,868,17,20,7,1,1,-52,0,740,10903,223,100,1,0,0
3400,6,5,768,0,826,19,5,5,1,2,-52,0,489,5072,212,100,1,0,0
3400,19,18,1280,0,855,16,25,7,1,3,-52,1,1548,42230,218,100,2,0,0
3401,28,22,1536,0,886,14,3,7,1,2,-70,1,837,13621,219,100,2,0,0
3400,24,23,1536,0,224,4,7,7,7,2,-52,0,917,10214,78,100,4,1,6
3402,3,1,512,20,780,26,15,7,1,1,-76,2,667,8226,226,100,1,0,0
3402,1,0,256,0,46,0,0,3,0,0,0,10,3291,30293,6075,100,2,0,0
3400,23,18,1280,20,849,15,19,7,1,3,-52,2,827,25558,211,100,1,0,0
3400,16,10,1024,0,724,14,9,7,1,1,-70,3,1243,11398,211,100,1,0,0
3400,11,5,768,0,852,20,2,7,1,1,-70,0,608,11603,219,100,2,0,0
3401,30,26,1792,0,551,5,4,7,1,2,-70,0,939,11241,156,100,2,0,0
3402,29,23,1536,0,639,4,7,7,10,1,-70,0,920,10698,146,100,3,1,6
3402,20,16,1280,0,922,12,19,7,1,3,-70,0,656,6826,202,100,2,0,0
3403,10,5,768,10,814,18,16,7,1,2,-52,8,1937,13533,211,100,1,0,0
3403,18,8,1024,20,793,15,56,7,1,1,-95,10,3645,40651,221,100,2,0,0
3403,31,26,1792,0,784,13,5,5,1,2,-52,0,394,5954,207,100,1,0,0
3404,7,3,768,0,811,18,3,7,1,2,-70,1,1359,15715,218,100,2,0,0
3406,4,1,512,10,761,26,13,7,2,1,-61,10,5287,30846,227,100,2,0,0
3405,27,22,1536,0,1052,14,4,5,8,3,-52,0,1258,13611,209,100,4,1,6
3405,14,10,1024,10,631,6,8,7,1,1,-70,0,646,9673,163,100,2,0,0
3405,8,4,768,10,813,18,28,7,1,2,-70,10,2274,14283,222,100,2,0,0
3406,6,5,768,10,830,19,5,5,1,2,-52,0,712,6536,212,100,1,0,0
3406,25,19,1536,0,1118,19,13,7,10,4,-70,0,843,8324,215,100,2,1,6
3404,23,18,1280,0,849,15,19,7,1,3,-52,2,1054,29305,211,100,1,0,0
3406,11,5,768,0,853,20,2,7,1,1,-70,0,477,7236,220,100,1,0,0
3405,22,18,1280,0,1033,11,5,7,6,1,-70,2,1894,33090,209,100,2,1,6
3406,16,10,1024,0,726,14,9,7,1,1,-70,3,799,8474,211,100,1,0,0
3408,3,1,512,0,782,26,15,7,1,1,-76,2,1008,10306,227,100,1,0,0
3408,2,4,768,10,831,16,3,5,1,1,-95,0,713,9558,217,100,1,0,0
3407,21,15,1280,10,787,12,12,7,1,3,-70,3,1602,14664,196,100,2,0,0
3408,9,4,768,0,870,17,20,7,1,1,-52,0,500,8646,223,100,1,0,0
3408,12,8,1024,0,912,14,7,7,1,1,-70,0,539,8444,212,100,2,0,0
3408,10,5,768,10,815,18,16,7,1,2,-52,8,1684,11433,212,100,1,0,0
3406,24,23,1536,0,228,4,7,7,7,2,-52,0,788,8035,79,100,2,1,6
3409,13,7,1024,0,900,15,15,7,1,1,-70,0,550,8605,196,100,1,0,0
3407,19,18,1280,0,857,16,25,7,1,3,-52,1,1162,33342,218,100,2,0,0
3409,5,1,512,0,798,27,6,7,1,1,-76,10,3913,24539,227,100,2,0,0
3409,15,10,1024,0,745,10,21,7,1,1,-52,4,1956,16288,173,100,2,0,0
3410,7,3,768,10,811,18,3,7,1,2,-70,1,530,8023,218,100,1,0,0
3411,1,0,256,0,46,0,0,3,0,0,0,10,2273,21676,6091,100,1,0,0
3409,29,23,1536,0,643,5,7,7,10,1,-70,0,1140,8404,147,100,3,1,6
3409,22,18,1280,0,1034,11,5,7,6,1,-70,2,598,14768,209,100,1,1,6
3408,30,26,1792,0,552,5,4,7,1,2,-70,0,394,6370,156,100,1,0,0
3409,17,18,1280,0,857,11,9,7,1,1,-52,0,848,11305,208,100,2,0,0
3409,26,21,1536,0,767,16,5,7,1,5,-52,2,1880,17280,209,100,2,0,0
3412,28,22,1536,0,889,14,3,7,1,2,-70,1,862,13473,220,100,2,0,0
3411,20,16,1280,0,927,12,19,7,1,3,-70,0,871,10151,202,100,1,0,0
3413,6,5,768,0,831,19,5,5,1,2,-52,0,472,6875,213,100,1,0,0
3413,27,22,1536,0,1054,14,4,5,8,3,-52,0,554,8791,210,100,2,1,6
3414,8,4,768,30,814,18,28,7,1,2,-70,10,3432,19586,223,100,1,0,0
3414,3,1,512,0,783,26,15,7,1,1,-76,2,1020,9820,227,100,1,0,0
3410,24,23,1536,0,230,4,7,7,7,2,-52,0,542,4738,79,100,1,1,6
3412,19,18,1280,0,858,16,25,7,1,3,-52,1,690,17224,219,100,1,0,0
3415,13,7,1024,0,901,15,15,7,1,1,-70,0,547,6140,197,100,2,0,0
3414,12,8,1024,0,913,14,7,7,1,1,-70,0,449,5749,213,100,1,0,0
3413,31,26,1792,0,787,13,5,5,1,2,-52,0,809,10172,208,100,2,0,0
3416,4,1,512,30,765,26,13,7,2,1,-61,10,5470,29252,228,100,2,0,0
3416,14,10,1024,0,633,6,8,7,1,1,-70,0,726,10349,164,100,2,0,0
3415,21,15,1280,0,790,12,12,7,1,3,-70,3,1566,13007,197,100,1,0,0
3417,7,3,768,10,812,18,3,7,1,2,-70,1,752,9538,218,100,1,0,0
3415,9,4,768,0,871,17,20,7,1,1,-52,0,597,9056,224,100,2,0,0
3415,25,19,1536,0,1124,19,13,7,10,4,-70,0,1067,8851,216,100,3,1,6
3414,18,8,1024,0,794,15,56,7,1,1,-95,10,4685,45305,222,100,2,0,0
3413,22,18,1280,0,1037,11,5,7,6,1,-70,2,1155,17402,209,100,3,1,6
3416,10,5,768,0,815,18,16,7,1,2,-52,8,2389,18565,212,100,1,0,0
3414,23,18,1280,0,852,15,19,7,1,3,-52,2,2043,54871,212,100,2,0,0
3416,20,16,1280,0,930,12,19,7,1,3,-70,0,666,5482,203,100,1,0,0
3416,16,10,1024,10,728,14,9,7,1,1,-70,3,1444,14186,212,100,2,0,0
3419,5,1,512,10,800,27,6,7,1,1,-76,10,3524,25159,227,100,2,0,0
3418,15,10,1024,0,748,10,21,7,1,1,-52,4,1884,13847,173,100,2,0,0
3419,12,8,1024,0,915,14,7,7,1,1,-70,0,476,5002,213,100,1,0,0
3418,11,5,768,10,855,20,2,7,1,1,-70,0,561,13928,220,100,2,0,0
3420,4,1,512,10,767,26,13,7,2,1,-61,10,2345,13233,228,100,1,0,0
3417,29,23,1536,0,643,5,7,7,10,1,-70,0,378,7950,147,100,1,1,6
3419,26,21,1536,0,769,16,5,7,1,5,-52,2,1250,16217,210,100,1,0,0
3417,17,18,1280,0,859,11,9,7,1,1,-52,0,582,8147,209,100,1,0,0
3420,2,4,768,10,834,16,3,5,1,1,-95,0,776,14483,218,100,2,0,0
3421,1,0,256,0,46,0,0,3,0,0,0,10,2970,26720,6110,100,2,0,0
3420,28,22,1536,0,890,14,3,7,1,2,-70,1,419,10051,220,100,1,0,0
3419,30,26,1792,0,556,5,4,7,1,2,-70,0,939,11402,157,100,2,0,0
3419,25,19,1536,0,1125,19,13,7,10,4,-70,0,392,4830,216,100,1,1,6
3417,24,23,1536,0,234,4,7,7,7,2,-52,0,781,7007,80,100,3,1,6
3421,6,5,768,0,832,19,5,5,1,2,-52,0,415,7200,213,100,1,0,0
3422,13,7,1024,10,903,15,15,7,1,1,-70,0,394,6413,197,100,1,0,0
3419,23,18,1280,10,853,15,19,7,1,3,-52,2,1151,27078,212,100,1,0,0
3420,22,18,1280,0,1039,11,5,7,6,1,-70,2,1159,24449,210,100,2,1,6
3421,19,18,1280,0,858,16,25,7,1,3,-52,1,795,32426,219,100,1,0,0
3424,5,1,512,0,800,27,6,7,1,1,-76,10,1936,12909,228,100,1,0,0
3423,31,26,1792,0,788,13,5,5,1,2,-52,0,596,9150,209,100,2,0,0
3425,3,1,512,0,786,26,15,7,1,1,-76,2,1658,17325,228,100,2,0,0
3424,9,4,768,0,876,17,20,7,1,1,-52,0,868,11538,224,100,1,0,0
3424,7,3,768,0,813,18,3,7,1,2,-70,1,904,13442,219,100,1,0,0
3425,8,4,768,40,817,18,28,7,1,2,-70,10,4660,27329,223,100,2,0,0
3424,12,8,1024,0,916,14,7,7,1,1,-70,0,394,5448,213,100,1,0,0
3423,27,22,1536,0,1057,14,4,5,8,3,-52,0,954,14627,211,100,4,1,6
3425,2,4,768,0,838,16,3,5,1,1,-95,0,746,7045,219,100,1,0,0
3425,14,10,1024,10,634,6,8,7,1,1,-70,0,474,9126,165,100,1,0,0
3425,16,10,1024,0,729,14,9,7,1,1,-70,3,794,10386,212,100,2,0,0
3426,10,5,768,0,819,18,16,7,1,2,-52,8,3075,21427,213,100,2,0,0
3423,17,18,1280,10,861,11,9,7,1,1,-52,0,598,6239,209,100,2,0,0
3427,1,0,256,0,46,0,0,3,0,0,0,10,1610,16067,6122,100,1,0,0
3427,30,26,1792,0,557,5,4,7,1,2,-70,0,515,7524,157,100,2,0,0
3426,25,19,1536,0,1129,19,13,7,10,4,-70,0,871,7198,217,100,2,1,6
3427,20,16,1280,0,936,12,19,7,1,3,-70,0,1075,10766,203,100,2,0,0
3426,18,8,1024,20,796,15,56,7,1,1,-95,10,4536,48246,222,100,2,0,0
3428,13,7,1024,0,907,15,15,7,1,1,-70,0,880,6838,198,100,1,0,0
3428,21,15,1280,10,791,12,12,7,1,3,-70,3,1557,15917,198,100,2,0,0
3425,22,18,1280,0,1040,11,5,7,6,1,-70,2,920,16688,210,100,2,1,6
3424,24,23,1536,0,238,4,7,7,7,2,-52,0,871,7483,80,100,3,1,6
3429,6,5,768,0,835,19,5,5,1,2,-52,0,782,7657,214,100,2,0,0
3430,3,1,512,0,786,26,15,7,1,1,-76,2,769,8271,228,100,1,0,0
3428,11,5,768,0,858,20,2,7,1,1,-70,0,945,13155,221,100,2,0,0
3430,8,4,768,50,819,18,28,7,1,2,-70,10,2190,12435,224,100,1,0,0
3429,26,21,1536,10,772,16,5,7,1,5,-52,2,1719,16668,210,100,2,0,0
3425,29,23,1536,0,647,5,7,7,10,1,-70,0,880,8443,148,100,4,1,6
3430,15,10,1024,0,750,10,21,7,1,1,-52,4,2117,16402,174,100,2,0,0
3431,4,1,512,10,768,26,13,7,2,1,-61,10,5938,32587,229,100,2,0,0
3429,31,26,1792,0,790,13,5,5,1,2,-52,0,501,6041,209,100,1,0,0
3427,27,22,1536,0,1062,14,4,5,8,3,-52,0,818,6358,211,100,2,1,6
3430,28,22,1536,10,892,14,3,7,1,2,-70,1,624,12607,221,100,2,0,0
3431,5,1,512,0,802,27,6,7,1,1,-76,10,3416,21546,228,100,1,0,0
3432,1,0,256,0,46,0,0,3,0,0,0,10,1510,12512,6135,100,1,0,0
3429,19,18,1280,0,860,16,25,7,1,3,-52,1,1245,28303,220,100,2,0,0
3431,18,8,1024,20,799,15,56,7,1,1,-95,10,2058,19473,223,100,1,0,0
3429,23,18,1280,0,857,15,19,7,1,3,-52,2,1973,56063,213,100,2,0,0
3433,21,15,1280,0,793,12,12,7,1,3,-70,3,1364,8585,198,100,1,0,0
3433,2,4,768,0,840,16,3,5,1,1,-95,0,748,9603,219,100,3,0,0
3430,29,23,1536,0,649,5,7,7,10,1,-70,0,668,5387,148,100,2,1,6
3433,20,16,1280,0,938,12,19,7,1,3,-70,0,560,6511,204,100,1,0,0
3434,7,3,768,10,817,18,3,7,1,2,-70,1,1392,15241,220,100,2,0,0
3430,24,23,1536,0,242,4,7,7,7,2,-52,0,774,6295,80,100,2,1,6
3433,6,5,768,0,837,19,5,5,1,2,-52,0,474,5141,214,100,1,0,0
3433,27,22,1536,0,1063,14,4,5,8,3,-52,0,365,5256,211,100,2,1,6
3433,30,26,1792,0,560,5,4,7,1,2,-70,0,569,6413,158,100,1,0,0
3435,3,1,512,0,787,26,15,7,1,1,-76,2,858,8768,228,100,1,0,0
3433,12,8,1024,10,922,14,7,7,1,1,-70,0,1022,9656,214,100,2,0,0
3435,9,4,768,0,879,17,20,7,1,1,-52,0,836,13135,225,100,2,0,0
3435,13,7,1024,0,908,15,15,7,1,1,-70,0,418,6716,198,100,1,0,0
3436,4,1,512,10,770,26,13,7,2,1,-61,10,3018,16832,229,100,1,0,0
3434,17,18,1280,0,864,11,9,7,1,1,-52,0,714,9213,210,100,1,0,0
3434,26,21,1536,0,772,16,5,7,1,5,-52,2,958,9410,211,100,1,0,0
3434,22,18,1280,0,1041,11,5,7,6,1,-70,2,1427,30815,211,100,2,1,6
3436,25,19,1536,0,1135,19,13,7,10,4,-70,0,1072,10578,217,100,3,1,6
3438,1,0,256,0,46,0,0,3,0,0,0,10,1585,14710,6144,100,1,0,0
3437,28,22,1536,0,895,14,3,7,1,2,-70,1,894,9999,222,100,2,0,0
3436,16,10,1024,0,730,14,9,7,1,1,-70,3,1158,14080,213,100,1,0,0
3436,19,18,1280,0,862,16,25,7,1,3,-52,1,918,27520,220,100,1,0,0
3437,10,5,768,10,824,18,16,7,1,2,-52,8,4077,24805,214,100,2,0,0
3436,14,10,1024,0,638,6,8,7,1,1,-70,0,940,11400,166,100,2,0,0
3436,31,26,1792,0,791,13,5,5,1,2,-52,0,474,6870,210,100,1,0,0
3440,13,7,1024,0,908,15,15,7,1,1,-70,0,263,4121,198,100,1,0,0
3436,29,23,1536,0,651,5,7,7,10,1,-70,0,561,6230,148,100,2,1,6
3438,11,5,768,0,862,20,2,7,1,1,-70,0,846,12463,222,100,1,0,0
3440,8,4,768,20,821,18,28,7,1,2,-70,10,4330,25407,224,100,1,0,0
3439,15,10,1024,0,753,10,21,7,1,1,-52,4,2064,14626,175,100,2,0,0
3439,21,15,1280,0,793,12,12,7,1,3,-70,3,1280,9993,199,100,2,0,0
3438,23,18,1280,0,858,15,19,7,1,3,-52,2,1532,47649,213,100,1,0,0
3441,5,1,512,20,805,27,6,7,1,1,-76,10,3943,26127,229,100,2,0,0
3440,18,8,1024,0,799,15,56,7,1,1,-95,10,3672,37390,223,100,1,0,0
3442,3,1,512,0,788,26,15,7,1,1,-76,2,971,11448,229,100,1,0,0
3442,2,4,768,0,842,16,3,5,1,1,-95,0,630,10839,220,100,1,0,0
3442,9,4,768,10,880,17,20,7,1,1,-52,0,383,7899,225,100,2,0,0
3442,20,16,1280,0,941,12,19,7,1,3,-70,0,796,8454,204,100,2,0,0
3440,12,8,1024,0,923,14,7,7,1,1,-70,0,502,6646,214,100,1,0,0
3438,24,23,1536,0,245,4,7,7,7,2,-52,0,752,8162,81,100,1,1,6
3442,31,26,1792,0,792,13,5,5,1,2,-52,0,370,5222,210,100,1,0,0
3443,7,3,768,0,820,18,3,7,1,2,-70,1,1327,14926,220,100,2,0,0
3440,22,18,1280,0,1043,11,5,7,6,1,-70,2,1155,21578,211,100,1,1,6
3442,30,26,1792,0,562,5,4,7,1,2,-70,0,701,8842,159,100,2,0,0
3442,28,22,1536,0,895,14,3,7,1,2,-70,1,291,5750,222,100,1,0,0
3444,10,5,768,0,825,18,16,7,1,2,-52,8,2323,16850,214,100,1,0,0
3445,8,4,768,60,824,18,28,7,1,2,-70,10,2140,12447,225,100,1,0,0
3443,6,5,768,0,839,19,5,5,1,2,-52,0,723,10019,215,100,2,0,0
3446,1,0,256,0,46,0,0,3,0,0,0,10,2264,20794,6162,100,2,0,0
3442,27,22,1536,10,1066,14,4,5,8,3,-52,0,689,11090,212,100,1,1,6
3446,4,1,512,10,771,26,13,7,2,1,-61,10,5049,29252,230,100,2,0,0
3443,25,19,1536,0,1136,19,13,7,10,4,-70,0,574,6314,218,100,3,1,6
3446,14,10,1024,0,641,6,8,7,1,1,-70,0,747,8841,166,100,3,0,0
3447,3,1,512,10,790,26,15,7,1,1,-76,2,855,8350,229,100,1,0,0
3447,5,1,512,10,808,27,6,7,1,1,-76,10,2351,15948,229,100,1,0,0
3444,17,18,1280,0,869,11,9,7,1,1,-52,0,916,10053,211,100,2,0,0
3445,26,21,1536,0,775,16,5,7,1,5,-52,2,2029,19366,211,100,3,0,0
3448,13,7,1024,0,911,15,15,7,1,1,-70,0,779,7621,199,100,3,0,0
3444,22,18,1280,0,1044,11,5,7,6,1,-70,2,977,16374,211,100,2,1,6
3446,15,10,1024,0,755,10,21,7,1,1,-52,4,1446,10854,175,100,1,0,0
3443,23,18,1280,10,862,15,19,7,1,3,-52,2,1090,26735,214,100,1,0,0
3448,7,3,768,0,821,18,3,7,1,2,-70,1,744,8168,221,100,1,0,0
3444,19,18,1280,0,863,16,25,7,1,3,-52,1,957,29337,221,100,1,0,0
3449,2,4,768,0,844,16,3,5,1,1,-95,0,499,7842,220,100,1,0,0
3447,16,10,1024,10,733,14,9,7,1,1,-70,3,1409,14741,214,100,3,0,0
3448,20,16,1280,0,942,12,19,7,1,3,-70,0,451,5730,205,100,1,0,0
3447,12,8,1024,10,924,14,7,7,1,1,-70,0,366,7133,215,100,1,0,0
3446,31,26,1792,10,795,13,5,5,1,2,-52,0,501,5094,210,100,1,0,0
3450,8,4,768,60,827,18,28,7,1,2,-70,10,2193,12270,225,100,1,0,0
3449,25,19,1536,0,1138,19,13,7,10,4,-70,0,594,6653,218,100,1,1,6
3449,11,5,768,10,865,20,2,7,1,1,-70,0,770,13121,223,100,3,0,0
3451,3,1,512,0,791,26,15,7,1,1,-76,2,978,7898,230,100,1,0,0
3447,29,23,1536,0,653,5,7,7,10,1,-70,0,804,10263,149,100,3,1,6
3450,10,5,768,0,827,18,16,7,1,2,-52,8,2113,13377,215,100,1,0,0
3450,18,8,1024,0,800,15,56,7,1,1,-95,10,3522,40381,224,100,2,0,0
3452,9,4,768,20,884,17,20,7,1,1,-52,0,943,13267,226,100,2,0,0
3451,21,15,1280,10,799,12,12,7,1,3,-70,3,2136,16656,199,100,2,0,0
3449,24,23,1536,0,249,4,8,7,7,2,-52,0,1118,11500,82,100,5,1,6
3451,6,5,768,0,842,19,5,5,1,2,-52,0,606,7494,215,100,1,0,0
3451,17,18,1280,0,871,11,9,7,1,1,-52,0,520,6886,211,100,2,0,0
3454,1,0,256,0,46,0,0,3,0,0,0,10,2186,20423,6177,100,1,0,0
3451,26,21,1536,0,776,16,5,7,1,5,-52,2,954,9886,212,100,1,0,0
3452,28,22,1536,10,897,14,3,7,1,2,-70,1,605,12624,223,100,1,0,0
3451,31,26,1792,0,797,13,5,5,1,2,-52,0,641,5329,211,100,1,0,0
3455,4,1,512,0,771,26,13,7,2,1,-61,10,4222,24654,230,100,1,0,0
3452,30,26,1792,0,563,5,4,7,1,2,-70,0,538,9900,159,100,2,0,0
3453,27,22,1536,0,1069,14,4,5,8,3,-52,0,962,13489,213,100,3,1,6
3454,16,10,1024,0,735,14,9,7,1,1,-70,3,825,9158,214,100,1,0,0
3451,19,18,1280,0,864,16,25,7,1,3,-52,1,847,24985,222,100,2,0,0
3456,5,1,512,20,811,27,6,7,1,1,-76,10,3951,24627,230,100,1,0,0
3456,13,7,1024,0,913,15,15,7,1,1,-70,0,525,8330,199,100,1,0,0
3455,25,19,1536,0,1140,19,13,7,10,4,-70,0,530,5938,219,100,2,1,6
3455,20,16,1280,0,944,12,19,7,1,3,-70,0,526,7446,205,100,1,0,0
3456,10,5,768,10,829,18,16,7,1,2,-52,8,2209,14255,215,100,2,0,0
3454,22,18,1280,0,1047,11,5,7,6,1,-70,2,1886,37587,212,100,3,1,6
3455,15,10,1024,0,755,10,21,7,1,1,-52,4,1719,13159,176,100,2,0,0
3457,7,3,768,0,822,18,3,7,1,2,-70,1,766,13558,221,100,1,0,0
3458,8,4,768,50,828,18,28,7,1,2,-70,10,3168,18858,226,100,2,0,0
3457,11,5,768,0,867,20,2,7,1,1,-70,0,682,8607,223,100,2,0,0
3454,23,18,1280,0,864,15,19,7,1,3,-52,2,1798,58659,214,100,2,0,0
3457,14,10,1024,10,646,6,8,7,1,1,-70,0,1022,12068,167,100,2,0,0
3458,18,8,1024,0,801,15,56,7,1,1,-95,10,3189,32455,224,100,2,0,0
3459,6,5,768,0,844,19,5,5,1,2,-52,0,578,7097,216,100,1,0,0
3460,2,4,768,0,848,16,3,5,1,1,-95,0,965,14245,221,100,2,0,0
3458,26,21,1536,0,778,16,5,7,1,5,-52,2,1184,11363,212,100,1,0,0
3461,1,0,256,0,46,0,0,3,0,0,0,10,1793,17370,6193,100,1,0,0
3459,21,15,1280,10,800,12,12,7,1,3,-70,3,1298,11082,200,100,1,0,0
3460,25,19,1536,0,1145,19,13,7,10,4,-70,0,879,5127,219,100,3,1,6
3460,16,10,1024,0,736,14,9,7,1,1,-70,3,783,7843,215,100,1,0,0
3460,3,1,512,0,792,26,15,7,1,1,-76,2,973,14555,230,100,1,0,0
3459,12,8,1024,0,926,14,7,7,1,1,-70,0,833,11263,216,100,2,0,0
3457,24,23,1536,0,254,4,8,7,7,2,-52,0,937,7880,82,100,3,1,6
3460,20,16,1280,0,944,12,19,7,1,3,-70,0,344,5068,206,100,1,0,0
3459,17,18,1280,10,873,11,9,7,1,1,-52,0,571,7454,212,100,2,0,0
3461,5,1,512,10,811,27,6,7,1,1,-76,10,2528,15864,230,100,1,0,0
3460,15,10,1024,0,756,10,21,7,1,1,-52,4,894,7281,176,100,1,0,0
3458,29,23,1536,0,655,5,7,7,10,1,-70,0,834,11195,150,100,2,1,6
3460,19,18,1280,0,868,16,25,7,1,3,-52,1,1409,29987,222,100,1,0,0
3462,9,4,768,10,885,17,20,7,1,1,-52,0,730,12609,227,100,2,0,0
3462,14,10,1024,0,646,6,8,7,1,1,-70,0,289,4652,167,100,1,0,0
3463,11,5,768,0,868,20,2,7,1,1,-70,0,392,7674,223,100,1,0,0
3461,24,23,1536,0,258,4,8,7,7,2,-52,0,646,4630,82,100,2,1,6
3461,30,26,1792,0,566,5,4,7,1,2,-70,0,687,9177,160,100,1,0,0
3463,28,22,1536,0,899,14,3,7,1,2,-70,1,700,13853,223,100,2,0,0
3461,31,26,1792,20,800,13,5,5,1,2,-52,0,646,9779,211,100,2,0,0
3465,4,1,512,10,773,26,13,7,2,1,-61,10,5092,30124,231,100,2,0,0
3465,8,4,768,10,829,18,28,7,1,2,-70,10,2863,18045,226,100,1,0,0
3465,3,1,512,0,795,26,15,7,1,1,-76,2,866,7117,230,100,1,0,0
3463,22,18,1280,10,1049,11,5,7,6,1,-70,2,1078,30722,213,100,1,1,6
3464,10,5,768,0,831,18,16,7,1,2,-52,8,3033,19115,216,100,1,0,0
3466,13,7,1024,0,917,15,15,7,1,1,-70,0,917,8903,200,100,2,0,0
3464,27,22,1536,0,1073,14,4,5,8,3,-52,0,988,14279,213,100,3,1,6
3467,7,3,768,0,824,18,3,7,1,2,-70,1,1173,14074,222,100,2,0,0
3464,23,18,1280,0,865,15,19,7,1,3,-52,2,1791,54964,215,100,2,0,0
3466,14,10,1024,0,648,6,8,7,1,1,-70,0,532,4475,168,100,1,0,0
3465,29,23,1536,0,659,5,7,7,10,1,-70,0,831,7539,150,100,3,1,6
3467,15,10,1024,10,759,10,21,7,1,1,-52,4,1302,10270,177,100,1,0,0
3468,18,8,1024,0,803,15,56,7,1,1,-95,10,3993,42854,225,100,1,0,0
3468,5,1,512,0,811,27,6,7,1,1,-76,10,2610,17923,231,100,2,0,0
3468,12,8,1024,0,929,14,7,7,1,1,-70,0,729,8653,216,100,2,0,0
3468,21,15,1280,0,802,12,12,7,1,3,-70,3,1421,12011,200,100,2,0,0
3468,17,18,1280,0,875,11,10,7,1,1,-52,0,661,8954,212,100,2,0,0
3469,16,10,1024,0,738,14,9,7,1,1,-70,3,1058,11412,215,100,2,0,0
3471,13,7,1024,0,917,15,15,7,1,1,-70,0,166,4460,200,100,0,0,0
3470,25,19,1536,0,1147,19,13,7,10,4,-70,0,716,9790,219,100,2,1,6
3470,2,4,768,0,850,16,3,5,1,1,-95,0,728,12082,222,100,2,0,0
3468,26,21,1536,0,779,16,5,7,1,5,-52,2,1420,15229,213,100,2,0,0
3469,6,5,768,0,847,19,5,5,1,2,-52,0,744,10112,216,100,3,0,0
3471,8,4,768,40,832,18,28,7,1,2,-70,10,2398,14043,226,100,1,0,0
3472,1,0,256,0,46,0,0,3,0,0,0,10,3321,29547,6213,100,3,0,0
3469,19,18,1280,0,872,16,25,7,1,3,-52,1,1255,29361,223,100,2,0,0
3470,20,16,1280,0,950,12,19,7,1,3,-70,0,1075,10386,206,100,2,0,0
3472,4,1,512,10,775,26,13,7,2,1,-61,10,3909,22665,232,100,1,0,0
3469,31,26,1792,0,802,13,5,5,1,2,-52,0,713,8366,212,100,1,0,0
3472,9,4,768,10,888,17,20,7,1,1,-52,0,549,11424,228,100,1,0,0
3469,30,26,1792,0,568,5,4,7,1,2,-70,0,645,8476,160,100,2,0,0
3472,29,23,1536,0,661,5,7,7,10,1,-70,0,623,6093,151,100,1,1,6
3472,22,18,1280,0,1053,11,5,7,6,1,-70,2,1901,34195,213,100,3,1,6
3474,11,5,768,10,869,20,2,7,1,1,-70,0,621,12441,224,100,2,0,0
3474,14,10,1024,0,648,6,8,7,1,1,-70,0,310,6806,168,100,1,0,0
3474,3,1,512,0,798,26,15,7,1,1,-76,2,1487,15396,231,100,2,0,0
3472,24,23,1536,0,261,4,8,7,7,2,-52,0,867,10287,83,100,3,1,6
3474,10,5,768,10,833,18,16,7,1,2,-52,8,3129,21432,216,100,2,0,0
3475,7,3,768,0,828,18,3,7,1,2,-70,1,1239,12639,222,100,4,0,0
3473,17,18,1280,0,876,11,10,7,1,1,-52,0,451,5144,213,100,1,0,0
3475,18,8,1024,30,807,15,56,7,1,1,-95,10,3113,28929,226,100,2,0,0
3474,16,10,1024,0,740,14,9,7,1,1,-70,3,1007,8338,216,100,1,0,0
3474,28,22,1536,0,901,14,3,7,1,2,-70,1,731,13210,224,100,2,0,0
3474,15,10,1024,0,761,10,21,7,1,1,-52,4,1577,11056,177,100,1,0,0
3473,26,21,1536,0,779,16,5,7,1,5,-52,2,999,10848,213,100,1,0,0
3474,27,22,1536,10,1079,14,4,5,8,3,-52,0,1219,12925,214,100,4,1,6
3475,20,16,1280,0,953,12,19,7,1,3,-70,0,643,5500,207,100,1,0,0
3474,25,19,1536,0,1150,19,13,7,10,4,-70,0,637,5366,220,100,2,1,6
3478,13,7,1024,0,918,15,15,7,1,1,-70,0,571,7099,201,100,2,0,0
3474,23,18,1280,0,868,15,19,7,1,3,-52,2,1972,53350,216,100,2,0,0
3476,30,26,1792,0,570,5,4,7,1,2,-70,0,556,6248,161,100,1,0,0
3479,5,1,512,10,815,27,6,7,1,1,-76,10,4232,26836,231,100,1,0,0
3477,19,18,1280,0,875,16,25,7,1,3,-52,1,1168,31153,223,100,1,0,0
3478,9,4,768,10,892,17,20,7,1,1,-52,0,793,8270,228,100,2,0,0
3477,24,23,1536,0,262,4,8,7,7,2,-52,0,369,4483,83,100,1,1,6
3479,4,1,512,0,775,26,13,7,2,1,-61,10,3588,20513,232,100,2,0,0
3477,17,18,1280,0,877,11,10,7,1,1,-52,0,371,4535,213,100,1,0,0
3477,6,5,768,0,848,19,5,5,1,2,-52,0,593,8081,217,100,2,0,0
3479,18,8,1024,0,807,15,56,7,1,1,-95,10,1644,16660,226,100,0,0,0
3480,2,4,768,0,851,16,3,5,1,1,-95,0,537,11772,222,100,2,0,0
3479,10,5,768,0,834,18,16,7,1,2,-52,8,1876,12596,217,100,1,0,0
3477,31,26,1792,0,805,13,5,5,1,2,-52,0,729,8127,212,100,2,0,0
3481,12,8,1024,0,931,14,7,7,1,1,-70,0,725,11500,217,100,2,0,0
3480,11,5,768,0,871,20,2,7,1,1,-70,0,525,7862,224,100,1,0,0
3481,8,4,768,20,834,18,28,7,1,2,-70,10,4552,26829,227,100,2,0,0
3479,16,10,1024,0,741,14,9,7,1,1,-70,3,663,6677,216,100,1,0,0
3479,28,22,1536,0,903,14,3,7,1,2,-70,1,502,7129,224,100,1,0,0
3482,7,3,768,0,828,18,3,7,1,2,-70,1,666,10842,223,100,1,0,0
3479,21,15,1280,0,805,12,12,7,1,3,-70,3,2123,16567,201,100,2,0,0
3481,25,19,1536,0,1155,19,13,7,10,4,-70,0,1006,7903,220,100,3,1,6
3483,5,1,512,50,816,27,6,7,1,1,-76,10,1938,12101,232,100,1,0,0
3481,23,18,1280,0,868,15,19,7,1,3,-52,2,1050,36578,216,100,1,0,0
3481,14,10,1024,0,651,6,8,7,1,1,-70,0,663,7385,169,100,1,0,0
3484,1,0,256,0,46,0,0,3,0,0,0,10,3495,31074,6236,100,2,0,0
3482,19,18,1280,0,876,16,25,7,1,3,-52,1,673,15616,223,100,1,0,0
3484,9,4,768,0,893,17,20,7,1,1,-52,0,477,6783,228,100,1,0,0
3481,24,23,1536,0,262,4,8,7,7,2,-52,0,481,5097,84,100,1,1,6
3483,15,10,1024,0,763,10,21,7,1,1,-52,4,1661,11930,178,100,2,0,0
3483,22,18,1280,0,1057,11,5,7,6,1,-70,2,2311,40823,214,100,4,1,6
3480,30,26,1792,10,573,5,4,7,1,2,-70,0,500,5824,161,100,1,0,0
3485,3,1,512,0,804,26,15,7,1,1,-76,2,2007,18462,232,100,2,0,0
3484,11,5,768,0,872,20,2,7,1,1,-70,0,452,5308,225,100,1,0,0
3486,4,1,512,10,777,26,13,7,2,1,-61,10,3376,18613,232,100,1,0,0
3482,29,23,1536,0,667,5,7,7,10,1,-70,0,1128,11057,151,100,4,1,6
3485,2,4,768,0,852,16,3,5,1,1,-95,0,452,6261,223,100,1,0,0
3484,16,10,1024,0,743,14,9,7,1,1,-70,3,589,6210,216,100,1,0,0
3484,18,8,1024,10,809,15,56,7,1,1,-95,10,2549,23614,226,100,1,0,0
3485,20,16,1280,0,957,12,19,7,1,3,-70,0,861,9172,207,100,2,0,0
3488,13,7,1024,0,921,15,15,7,1,1,-70,0,657,9355,201,100,1,0,0
3484,27,22,1536,0,1084,14,4,5,8,3,-52,0,1132,11961,215,100,3,1,6
3485,28,22,1536,0,905,14,3,7,1,2,-70,1,585,7319,225,100,1,0,0
3486,6,5,768,0,849,19,5,5,1,2,-52,0,517,7130,218,100,1,0,0
3485,26,21,1536,0,782,16,5,7,1,5,-52,2,1789,17558,214,100,2,0,0
3486,25,19,1536,0,1157,19,13,7,10,4,-70,0,500,5047,221,100,1,1,6
3487,10,5,768,0,838,18,16,7,1,2,-52,8,3291,19398,217,100,2,0,0
3488,5,1,512,20,817,27,6,7,1,1,-76,10,2724,17190,232,100,1,0,0
3488,15,10,1024,0,765,10,21,7,1,1,-52,4,1058,8029,178,100,1,0,0
3487,24,23,1536,0,264,4,8,7,7,2,-52,0,493,5215,84,100,2,1,6
3489,9,4,768,10,894,17,20,7,1,1,-52,0,439,6975,229,100,1,0,0
3489,2,4,768,10,852,16,3,5,1,1,-95,0,284,5319,223,100,1,0,0
3489,14,10,1024,0,652,6,8,7,1,1,-70,0,515,7165,169,100,2,0,0
3490,7,3,768,10,830,18,3,7,1,2,-70,1,1007,12903,223,100,2,0,0
3488,22,18,1280,0,1060,11,5,7,6,1,-70,2,1289,20215,214,100,2,1,6
3489,21,15,1280,0,806,12,12,7,1,3,-70,3,1322,13784,202,100,2,0,0
3490,16,10,1024,0,743,14,9,7,1,1,-70,3,788,8292,217,100,1,0,0
3491,8,4,768,50,840,18,28,7,1,2,-70,10,4404,25559,228,100,2,0,0
3488,29,23,1536,0,669,5,7,7,10,1,-70,0,625,5779,152,100,1,1,6
3493,13,7,1024,0,923,15,15,7,1,1,-70,0,533,5582,202,100,1,0,0
3492,1,0,256,0,46,0,0,3,0,0,0,10,2478,22423,6253,100,1,0,0
3488,17,18,1280,0,880,11,10,7,1,1,-52,0,754,10108,213,100,2,0,0
3492,3,1,512,0,807,26,15,7,1,1,-76,2,1523,13601,232,100,1,0,0
3490,31,26,1792,0,805,13,5,5,1,2,-52,0,512,10902,213,100,2,0,0
3489,19,18,1280,0,877,16,25,7,1,3,-52,1,957,27793,224,100,1,0,0
3491,30,26,1792,0,574,5,4,7,1,2,-70,0,678,8264,162,100,2,0,0
3491,25,19,1536,0,1159,19,13,7,10,4,-70,0,498,4503,221,100,2,1,6
3491,23,18,1280,0,871,15,19,7,1,3,-52,2,2104,53000,217,100,2,0,0
3491,12,8,1024,10,933,14,7,7,1,1,-70,0,619,10972,218,100,2,0,0
3493,10,5,768,0,839,18,16,7,1,2,-52,8,1881,13264,218,100,1,0,0
3492,28,22,1536,0,907,14,3,7,1,2,-70,1,622,9105,225,100,2,0,0
3493,11,5,768,0,878,20,2,7,1,1,-70,0,1072,13214,225,100,2,0,0
3494,14,10,1024,0,652,6,8,7,1,1,-70,0,286,5183,169,100,1,0,0
3496,4,1,512,10,780,26,13,7,2,1,-61,10,5377,30475,233,100,2,0,0
3496,5,1,512,60,821,27,6,7,1,1,-76,10,3191,19177,233,100,2,0,0
3494,24,23,1536,0,269,4,8,7,7,2,-52,0,954,7546,85,100,3,1,6
3493,6,5,768,10,851,19,5,5,1,2,-52,0,619,8091,218,100,2,0,0
3493,26,21,1536,10,783,16,5,7,1,5,-52,2,1215,13357,215,100,1,0,0
3497,3,1,512,10,809,26,15,7,1,1,-76,2,589,6731,233,100,1,0,0
3496,8,4,768,50,843,18,28,7,1,2,-70,10,2509,13879,228,100,1,0,0
3496,2,4,768,0,855,16,3,5,1,1,-95,0,662,9249,224,100,1,0,0
3496,18,8,1024,30,813,15,56,7,1,1,-95,10,4427,46086,227,100,2,0,0
3495,15,10,1024,0,767,10,21,7,1,1,-52,4,1391,10165,179,100,1,0,0
3495,27,22,1536,0,1089,14,4,5,8,3,-52,0,1114,13875,215,100,4,1,6
3494,21,15,1280,0,806,12,12,7,1,3,-70,3,936,7845,202,100,1,0,0
3498,9,4,768,0,896,17,20,7,1,1,-52,0,752,11403,229,100,2,0,0
3497,20,16,1280,0,964,12,19,7,1,3,-70,0,1256,12367,208,100,3,0,0
3495,23,18,1280,0,873,15,19,7,1,3,-52,2,922,22693,217,100,1,0,0
3497,19,18,1280,0,880,16,25,7,1,3,-52,1,1136,25599,224,100,2,0,0
3498,6,5,768,0,853,19,5,5,1,2,-52,0,499,4628,218,100,1,0,0
3499,10,5,768,20,840,18,16,7,1,2,-52,8,2029,13916,218,100,1,0,0
3497,17,18,1280,0,883,11,10,7,1,1,-52,0,811,9057,214,100,2,0,0
3497,31,26,1792,10,806,13,5,5,1,2,-52,0,548,7285,214,100,2,0,0
3500,7,3,768,10,835,18,3,7,1,2,-70,1,1375,16192,224,100,2,0,0
3499,16,10,1024,10,746,14,9,7,1,1,-70,3,987,11220,217,100,1,0,0
3498,22,18,1280,0,1065,11,5,7,6,1,-70,2,1919,36862,215,100,3,1,6
3498,30,26,1792,0,577,5,4,7,1,2,-70,0,631,8169,162,100,1,0,0
3498,29,23,1536,0,673,5,7,7,10,1,-70,0,817,9820,152,100,3,1,6
3500,14,10,1024,0,655,6,8,7,1,1,-70,0,663,6172,170,100,1,0,0
3502,4,1,512,10,781,26,13,7,2,1,-61,10,3283,19308,234,100,1,0,0
3503,1,0,256,0,46,0,0,3,0,0,0,10,2792,26266,6272,100,2,0,0
3501,15,10,1024,20,768,10,22,7,1,1,-52,4,1246,8872,179,100,2,0,0
3505,13,7,1024,0,927,15,15,7,1,1,-70,0,884,10800,202,100,2,0,0
3502,26,21,1536,0,786,16,5,7,1,5,-52,2,1631,15356,215,100,2,0,0
3500,25,19,1536,0,1163,19,13,7,10,4,-70,0,1249,11036,222,100,4,1,6
3500,24,23,1536,0,271,4,8,7,7,2,-52,0,559,6653,85,100,2,1,6
3501,12,8,1024,0,937,14,7,7,1,1,-70,0,968,9883,218,100,2,0,0
3504,11,5,768,0,880,20,2,7,1,1,-70,0,730,12568,226,100,2,0,0
3505,8,4,768,80,848,18,28,7,1,2,-70,10,3633,20533,229,100,2,0,0
3505,16,10,1024,0,747,14,9,7,1,1,-70,3,727,7585,218,100,1,0,0
3502,18,8,1024,0,813,15,56,7,1,1,-95,10,2963,28741,227,100,2,0,0
3502,30,26,1792,0,577,5,4,7,1,2,-70,0,342,5256,163,100,1,0,0
3507,5,1,512,10,821,27,6,7,1,1,-76,10,4185,27930,233,100,1,0,0
3502,17,18,1280,0,885,11,10,7,1,1,-52,0,478,4707,214,100,1,0,0
3505,20,16,1280,0,965,12,19,7,1,3,-70,0,574,8008,209,100,2,0,0
3507,1,0,256,0,46,0,0,3,0,0,0,10,1091,10205,6281,100,1,0,0
3503,28,22,1536,0,909,14,3,7,1,2,-70,1,730,12937,226,100,2,0,0
3505,6,5,768,0,853,19,5,5,1,2,-52,0,340,6211,219,100,1,0,0
3506,2,4,768,0,858,16,3,5,1,1,-95,0,778,11817,224,100,2,0,0
3504,27,22,1536,0,1092,14,4,5,8,3,-52,0,782,10520,216,100,3,1,6
3507,14,10,1024,0,658,6,8,7,1,1,-70,0,607,6678,170,100,1,0,0
3508,4,1,512,10,781,26,13,7,2,1,-61,10,2905,17490,234,100,1,0,0
3503,23,18,1280,10,876,15,19,7,1,3,-52,2,1605,45838,218,100,2,0,0
3506,21,15,1280,0,809,12,12,7,1,3,-70,3,1896,16167,203,100,2,0,0
3509,3,1,512,0,811,26,15,7,1,1,-76,2,1592,18621,233,100,2,0,0
3509,9,4,768,0,901,17,20,7,1,1,-52,0,1050,13150,230,100,2,0,0
3509,7,3,768,0,837,18,3,7,1,2,-70,1,1259,14327,225,100,2,0,0
3505,24,23,1536,0,275,4,8,7,7,2,-52,0,683,5234,85,100,2,1,6
3506,12,8,1024,0,939,14,7,7,1,1,-70,0,556,5267,219,100,1,0,0
3507,29,23,1536,0,676,5,7,7,10,1,-70,0,779,8114,153,100,3,1,6
3508,31,26,1792,0,809,13,5,5,1,2,-52,0,778,10827,214,100,2,0,0
3509,22,18,1280,0,1067,11,5,7,6,1,-70,2,1621,34194,215,100,3,1,6
3508,27,22,1536,0,1094,14,4,5,8,3,-52,0,557,5785,216,100,3,1,6
3512,5,1,512,20,823,27,6,7,1,1,-76,10,2088,14363,234,100,1,0,0
3512,1,0,256,0,46,0,0,3,0,0,0,10,1448,12867,6292,100,1,0,0
3511,10,5,768,10,841,18,16,7,1,2,-52,8,3876,26465,219,100,2,0,0
3510,18,8,1024,20,815,15,56,7,1,1,-95,10,2913,31695,228,100,1,0,0
3511,15,10,1024,0,772,10,22,7,1,1,-52,4,1927,14601,180,100,2,0,0
3512,4,1,512,0,784,26,13,7,2,1,-61,10,2654,12975,234,100,1,0,0
3511,16,10,1024,20,747,14,9,7,1,1,-70,3,611,7870,218,100,1,0,0
3512,13,7,1024,0,929,15,15,7,1,1,-70,0,704,9057,203,100,2,0,0
3508,19,18,1280,0,885,16,25,7,1,3,-52,1,1590,42467,225,100,2,0,0
3511,20,16,1280,0,967,12,19,7,1,3,-70,0,502,5723,209,100,1,0,0
3514,8,4,768,60,849,18,28,7,1,2,-70,10,3765,21270,229,100,1,0,0
3510,23,18,1280,0,876,15,19,7,1,3,-52,2,1414,35702,218,100,1,0,0
3511,21,15,1280,0,812,12,12,7,1,3,-70,3,1014,7263,203,100,1,0,0
3512,26,21,1536,0,787,16,5,7,1,5,-52,2,1502,17883,216,100,2,0,0
3512,25,19,1536,10,1165,19,13,7,10,4,-70,0,711,10860,222,100,3,1,6
3512,24,23,1536,0,279,4,8,7,7,2,-52,0,1042,7203,86,100,4,1,6
3515,6,5,768,0,858,19,5,5,1,2,-52,0,1020,10103,220,100,2,0,0
3513,28,22,1536,0,914,14,3,7,1,2,-70,1,1095,14195,227,100,2,0,0
3513,12,8,1024,0,940,14,7,7,1,1,-70,0,393,6259,219,100,1,0,0
3516,7,3,768,0,840,18,3,7,1,2,-70,1,1029,11735,225,100,1,0,0
3517,2,4,768,0,859,16,3,5,1,1,-95,0,691,11413,225,100,2,0,0
3517,9,4,768,10,904,17,20,7,1,1,-52,0,608,8854,230,100,1,0,0
3516,11,5,768,10,885,20,2,7,1,1,-70,0,967,14504,227,100,2,0,0
3516,20,16,1280,0,969,12,19,7,1,3,-70,0,502,5617,209,100,1,0,0
3517,14,10,1024,0,661,6,8,7,1,1,-70,0,808,10030,171,100,2,0,0
3515,30,26,1792,0,582,5,4,7,1,2,-70,0,966,11456,163,100,2,0,0
3516,19,18,1280,0,888,16,25,7,1,3,-52,1,1118,26988,226,100,1,0,0
3518,13,7,1024,10,931,15,15,7,1,1,-70,0,557,5934,204,100,1,0,0
3517,25,19,1536,0,1165,19,13,7,10,4,-70,0,414,4738,223,100,1,1,6
3519,1,0,256,0,46,0,0,3,0,0,0,10,2121,19650,6309,100,1,0,0
3519,4,1,512,20,786,26,13,7,2,1,-61,10,3510,20550,235,100,1,0,0
3518,23,18,1280,0,878,15,19,7,1,3,-52,2,1031,37844,218,100,1,0,0
3518,16,10,1024,0,749,14,9,7,1,1,-70,3,1104,9600,219,100,2,0,0
3516,31,26,1792,0,810,13,5,5,1,2,-52,0,475,7857,215,100,1,0,0
3520,3,1,512,0,812,26,15,7,1,1,-76,2,2073,20037,234,100,2,0,0
3518,29,23,1536,0,681,5,7,7,10,1,-70,0,1107,11166,154,100,3,1,6
3518,27,22,1536,0,1099,14,4,5,8,3,-52,0,957,11897,217,100,3,1,6
3517,24,23,1536,0,281,4,8,7,7,2,-52,0,379,5294,86,100,0,1,6
3522,8,4,768,50,852,18,28,7,1,2,-70,10,3557,20504,230,100,1,0,0
3522,7,3,768,0,843,18,3,7,1,2,-70,1,1046,9031,226,100,2,0,0
3522,11,5,768,0,886,20,2,7,1,1,-70,0,501,7189,227,100,1,0,0
3518,22,18,1280,0,1069,11,5,7,6,1,-70,2,2123,39603,216,100,3,1,6
3520,18,8,1024,10,816,15,56,7,1,1,-95,10,4287,41427,229,100,2,0,0
3522,5,1,512,50,827,27,6,7,1,1,-76,10,4405,29699,234,100,2,0,0
3523,2,4,768,0,859,16,3,5,1,1,-95,0,369,7598,225,100,1,0,0
3522,15,10,1024,0,775,10,22,7,1,1,-52,4,1881,15854,180,100,2,0,0
3522,6,5,768,0,859,19,5,5,1,2,-52,0,393,5613,220,100,1,0,0
3522,17,18,1280,0,890,11,10,7,1,1,-52,0,834,11116,216,100,2,0,0
3522,10,5,768,0,844,18,18,7,1,2,-52,8,3699,24911,219,100,4,0,0
3525,9,4,768,0,905,17,20,7,1,1,-52,0,622,10276,231,100,2,0,0
3520,30,26,1792,0,583,5,4,7,1,2,-70,0,572,6646,164,100,2,0,0
3524,12,8,1024,0,942,14,7,7,1,1,-70,0,767,10571,220,100,2,0,0
3523,21,15,1280,0,813,12,12,7,1,3,-70,3,1674,15831,204,100,2,0,0
3524,24,23,1536,0,284,4,8,7,7,2,-52,0,883,6786,87,100,4,1,6
3524,14,10,1024,0,663,6,8,7,1,1,-70,0,525,6651,171,100,1,0,0
3525,28,22,1536,0,916,14,3,7,1,2,-70,1,756,14042,228,100,2,0,0
3527,4,1,512,0,788,26,13,7,2,1,-61,10,3953,22103,235,100,1,0,0
3525,19,18,1280,0,892,16,25,7,1,3,-52,1,1273,33235,226,100,2,0,0
3525,16,10,1024,0,750,14,9,7,1,1,-70,3,656,8686,219,100,1,0,0
3526,17,18,1280,0,891,11,10,7,1,1,-52,0,372,4174,216,100,1,0,0
3524,26,21,1536,10,795,16,5,7,1,5,-52,2,2216,18209,217,100,2,0,0
3526,29,23,1536,0,684,5,7,7,10,1,-70,0,785,8083,154,100,4,1,6
3528,8,4,768,0,852,18,28,7,1,2,-70,10,2712,15485,230,100,2,0,0
3526,6,5,768,10,861,19,5,5,1,2,-52,0,377,4491,220,100,0,0,0
3528,7,3,768,0,843,18,3,7,1,2,-70,1,369,8866,226,100,1,0,0
3528,3,1,512,10,814,26,15,7,1,1,-76,2,1075,13620,235,100,1,0,0
3529,1,0,256,0,46,0,0,3,0,0,0,10,2714,25023,6325,100,2,0,0
3527,13,7,1024,0,932,15,15,7,1,1,-70,0,516,8575,204,100,2,0,0
3528,18,8,1024,10,820,15,56,7,1,1,-95,10,2883,31985,229,100,1,0,0
3527,11,5,768,0,888,20,2,7,1,1,-70,0,531,6390,228,100,1,0,0
3526,20,16,1280,0,971,12,19,7,1,3,-70,0,774,10360,210,100,1,0,0
3527,25,19,1536,0,1172,19,13,7,10,4,-70,0,1172,10519,223,100,4,1,6
3530,9,4,768,0,907,17,20,7,1,1,-52,0,379,6142,231,100,0,0,0
3528,22,18,1280,0,1075,11,5,7,6,1,-70,2,1972,34596,217,100,3,1,6
3528,15,10,1024,0,775,10,22,7,1,1,-52,4,1116,8548,181,100,1,0,0
3528,31,26,1792,10,813,13,5,5,1,2,-52,0,809,10724,216,100,2,0,0
3529,27,22,1536,0,1103,14,4,5,8,3,-52,0,1002,13524,218,100,3,1,6
3529,14,10,1024,0,664,6,8,7,1,1,-70,0,449,5822,172,100,1,0,0
3529,28,22,1536,0,918,14,3,7,1,2,-70,1,409,5328,228,100,0,0,0
3530,10,5,768,10,847,18,18,7,1,2,-52,8,2864,18463,220,100,1,0,0
3532,8,4,768,30,854,18,28,7,1,2,-70,10,1749,10890,231,100,0,0,0
3529,23,18,1280,0,879,15,19,7,1,3,-52,2,2167,60923,219,100,2,0,0
3533,4,1,512,0,788,26,13,7,2,1,-61,10,3382,18890,235,100,2,0,0
3533,1,0,256,0,46,0,0,3,0,0,0,10,1311,11533,6336,100,1,0,0
3531,17,18,1280,10,893,11,10,7,1,1,-52,0,371,4368,216,100,1,0,0
3534,2,4,768,0,863,16,3,5,1,1,-95,0,1011,13121,226,100,2,0,0
3533,21,15,1280,20,816,12,12,7,1,3,-70,3,1622,13452,205,100,1,0,0
3533,15,10,1024,20,775,10,22,7,1,1,-52,4,936,7729,181,100,1,0,0
3535,9,4,768,0,908,17,21,7,1,1,-52,0,480,5660,232,100,2,0,0
3534,5,1,512,20,829,27,6,7,1,1,-76,10,5301,33100,235,100,3,0,0
3532,26,21,1536,0,799,16,5,7,1,5,-52,2,1654,13363,217,100,2,0,0
3534,12,8,1024,0,945,14,7,7,1,1,-70,0,809,9349,221,100,2,0,0
3532,30,26,1792,0,585,5,4,7,1,2,-70,0,604,10386,165,100,1,0,0
3533,24,23,1536,0,285,4,8,7,7,2,-52,0,500,8656,87,100,2,1,6
3535,11,5,768,0,889,20,2,7,1,1,-70,0,444,9674,228,100,1,0,0
3534,19,18,1280,0,894,16,25,7,1,3,-52,1,977,30587,227,100,1,0,0
3534,16,10,1024,0,750,14,9,7,1,1,-70,3,878,11896,220,100,2,0,0
3536,3,1,512,0,815,26,15,7,1,1,-76,2,1066,12350,235,100,2,0,0
3535,27,22,1536,0,1106,14,4,5,8,3,-52,0,774,7682,218,100,2,1,6
3538,6,5,768,0,864,19,5,5,1,2,-52,0,928,11017,221,100,3,0,0
3536,23,18,1280,0,883,15,19,7,1,3,-52,2,1453,37903,220,100,1,0,0
3537,20,16,1280,0,973,12,19,7,1,3,-70,0,843,10137,211,100,3,0,0
3537,7,3,768,0,846,18,3,7,1,2,-70,1,1226,14496,227,100,2,0,0
3538,4,1,512,10,791,26,13,7,2,1,-61,10,2898,16216,236,100,1,0,0
3536,28,22,1536,10,919,14,3,7,1,2,-70,1,491,8334,228,100,2,0,0
3538,10,5,768,0,848,18,18,7,1,2,-52,8,2279,16825,221,100,2,0,0
3537,18,8,1024,10,824,15,56,7,1,1,-95,10,4113,38162,230,100,2,0,0
3536,22,18,1280,0,1079,11,5,7,6,1,-70,2,1946,32052,217,100,4,1,6
3537,31,26,1792,0,815,13,5,5,1,2,-52,0,648,9004,216,100,2,0,0
3536,29,23,1536,0,688,5,7,7,10,1,-70,0,879,10235,155,100,2,1,6
3538,13,7,1024,0,934,15,15,7,1,1,-70,0,726,10415,205,100,2,0,0
3538,25,19,1536,0,1173,19,13,7,10,4,-70,0,690,10848,224,100,2,1,6
3539,14,10,1024,0,667,6,8,7,1,1,-70,0,1018,10873,173,100,2,0,0
3540,12,8,1024,0,945,14,7,7,1,1,-70,0,286,5839,221,100,1,0,0
3541,3,1,512,0,819,26,15,7,1,1,-76,2,1165,9693,235,100,1,0,0
3541,26,21,1536,0,803,16,5,7,1,5,-52,2,1537,14249,218,100,1,0,0
3540,29,23,1536,0,692,5,7,7,10,1,-70,0,758,5140,155,100,1,1,6
3541,22,18,1280,0,1081,11,5,7,6,1,-70,2,829,16549,218,100,1,1,6
3542,11,5,768,0,892,20,2,7,1,1,-70,0,686,8733,229,100,1,0,0
3542,8,4,768,20,858,18,28,7,1,2,-70,10,4727,27230,231,100,2,0,0
3543,2,4,768,0,865,16,3,5,1,1,-95,0,632,11664,227,100,1,0,0
3542,10,5,768,0,848,18,18,7,1,2,-52,8,1233,9630,221,100,0,0,0
3544,4,1,512,0,791,26,13,7,2,1,-61,10,2791,16071,236,100,1,0,0
3542,16,10,1024,0,750,14,9,7,1,1,-70,3,693,9954,220,100,1,0,0
3543,9,4,768,0,908,17,21,7,1,1,-52,0,430,11409,232,100,2,0,0
3544,30,26,1792,0,587,5,4,7,1,2,-70,0,646,9218,165,100,2,0,0
3544,1,0,256,0,46,0,0,3,0,0,0,10,3139,28301,6357,100,2,0,0
3542,17,18,1280,10,896,12,10,7,1,1,-52,0,915,11608,217,100,2,0,0
3544,31,26,1792,0,817,13,5,5,1,2,-52,0,557,5851,217,100,1,0,0
3542,23,18,1280,0,884,15,19,7,1,3,-52,2,1320,39615,220,100,2,0,0
3544,6,5,768,0,865,19,5,5,1,2,-52,0,392,6123,221,100,1,0,0
3544,21,15,1280,0,819,12,12,7,1,3,-70,3,2181,16998,205,100,2,0,0
3542,24,23,1536,0,288,4,8,7,7,2,-52,0,801,9511,88,100,3,1,6
3545,15,10,1024,20,777,10,22,7,1,1,-52,4,2288,17524,182,100,2,0,0
3546,5,1,512,20,829,28,6,7,1,1,-76,10,4769,30854,236,100,2,0,0
3544,27,22,1536,0,1108,14,4,5,8,3,-52,0,666,11709,219,100,2,1,6
3544,25,19,1536,0,1175,19,13,7,10,4,-70,0,475,5281,224,100,2,1,6
3545,28,22,1536,0,921,14,3,7,1,2,-70,1,634,10738,229,100,1,0,0
3546,3,1,512,0,820,26,15,7,1,1,-76,2,584,7739,236,100,1,0,0
3546,18,8,1024,20,827,15,56,7,1,1,-95,10,4290,41089,230,100,2,0,0
3545,19,18,1280,0,900,16,25,7,1,3,-52,1,1829,39386,228,100,2,0,0
3548,11,5,768,0,894,20,2,7,1,1,-70,0,517,7309,229,100,2,0,0
3547,7,3,768,30,850,18,3,7,1,2,-70,1,1572,17517,228,100,2,0,0
3547,13,7,1024,0,941,15,15,7,1,1,-70,0,1158,9070,205,100,2,0,0
3548,8,4,768,40,859,18,28,7,1,2,-70,10,2470,14925,232,100,1,0,0
3549,31,26,1792,0,817,13,5,5,1,2,-52,0,431,4516,217,100,1,0,0
3548,20,16,1280,20,977,12,19,7,1,3,-70,0,765,10725,212,100,1,0,0
3547,17,18,1280,0,899,12,10,7,1,1,-52,0,718,5380,217,100,1,0,0
3550,10,5,768,20,848,18,18,7,1,2,-52,8,2408,16807,221,100,2,0,0
3549,14,10,1024,0,669,6,8,7,1,1,-70,0,647,9057,173,100,2,0,0
3548,22,18,1280,0,1083,11,5,7,6,1,-70,2,1387,27401,218,100,3,1,6
3551,9,4,768,0,910,17,21,7,1,1,-52,0,608,9769,233,100,1,0,0
3548,28,22,1536,0,921,14,3,7,1,2,-70,1,264,5349,229,100,1,0,0
3550,21,15,1280,0,821,12,13,7,1,3,-70,3,948,7750,206,100,2,0,0
3550,12,8,1024,0,947,14,7,7,1,1,-70,0,767,9461,222,100,2,0,0
3552,2,4,768,0,870,16,3,5,1,1,-95,0,959,11135,227,100,3,0,0
3551,16,10,1024,10,753,14,9,7,1,1,-70,3,1274,11699,221,100,2,0,0
3552,1,0,256,0,46,0,0,3,0,0,0,10,2168,20878,6374,100,1,0,0
3549,24,23,1536,0,291,4,8,7,7,2,-52,0,738,7622,88,100,1,1,6
3550,27,22,1536,0,1110,14,4,5,8,3,-52,0,594,8188,219,100,3,1,6
3552,26,21,1536,0,806,16,5,7,1,5,-52,2,1842,19254,218,100,2,0,0
3552,8,4,768,20,860,18,28,7,1,2,-70,10,1822,10154,232,100,1,0,0
3554,4,1,512,0,791,26,13,7,2,1,-61,10,5114,29721,237,100,1,0,0
3552,6,5,768,0,869,19,5,5,1,2,-52,0,882,9299,222,100,1,0,0
3552,23,18,1280,0,886,15,19,7,1,3,-52,2,1528,48995,221,100,1,0,0
3553,30,26,1792,0,589,5,4,7,1,2,-70,0,701,10079,166,100,2,0,0
3553,18,8,1024,0,828,15,56,7,1,1,-95,10,2398,27023,231,100,1,0,0
3554,3,1,512,0,821,26,15,7,1,1,-76,2,1236,13706,236,100,1,0,0
3554,20,16,1280,0,978,12,19,7,1,3,-70,0,574,6500,212,100,2,0,0
3552,29,23,1536,0,699,5,7,7,10,1,-70,0,1315,12112,156,100,4,1,6
3554,7,3,768,0,855,18,3,7,1,2,-70,1,1267,11299,228,100,1,0,0
3555,19,18,1280,10,904,16,25,7,1,3,-52,1,1143,36557,228,100,2,0,0
3555,25,19,1536,0,1180,19,13,7,10,4,-70,0,1044,11034,225,100,3,1,6
3556,13,7,1024,0,944,15,15,7,1,1,-70,0,713,9021,206,100,1,0,0
3555,15,10,1024,20,779,10,22,7,1,1,-52,4,1810,14948,183,100,2,0,0
3556,17,18,1280,0,901,12,10,7,1,1,-52,0,652,9017,218,100,1,0,0
3557,9,4,768,0,910,17,21,7,1,1,-52,0,285,6524,233,100,1,0,0
3557,5,1,512,20,833,28,6,7,1,1,-76,10,4609,31458,237,100,2,0,0
3556,24,23,1536,0,293,4,8,7,7,2,-52,0,579,6641,89,100,1,1,6
3555,31,26,1792,0,821,13,5,5,1,2,-52,0,781,7376,217,100,1,0,0
3556,6,5,768,0,869,19,5,5,1,2,-52,0,260,4276,222,100,1,0,0
3559,1,0,256,0,46,0,0,3,0,0,0,10,1726,16235,6387,100,1,0,0
3556,21,15,1280,20,824,12,13,7,1,3,-70,3,1420,10662,206,100,2,0,0
3559,28,22,1536,0,925,14,3,7,1,2,-70,1,837,12080,230,100,2,0,0
3556,26,21,1536,0,808,16,5,7,1,5,-52,2,1135,8716,219,100,1,0,0
3559,18,8,1024,30,830,15,56,7,1,1,-95,10,2586,25904,231,100,1,0,0
3559,14,10,1024,0,675,6,8,7,1,1,-70,0,1099,9453,174,100,3,0,0
3559,27,22,1536,0,1115,14,4,5,8,3,-52,0,957,9948,220,100,3,1,6
3559,10,5,768,20,852,18,18,7,1,2,-52,8,3409,21138,222,100,1,0,0
3559,11,5,768,10,899,20,2,7,1,1,-70,0,1144,13925,230,100,4,0,0
3560,3,1,512,10,823,26,15,7,1,1,-76,2,1026,9896,237,100,1,0,0
3559,7,3,768,0,856,18,3,7,1,2,-70,1,660,8811,228,100,1,0,0
3559,29,23,1536,0,702,5,7,7,10,1,-70,0,642,6751,156,100,2,1,6
3561,12,8,1024,0,950,14,7,7,1,1,-70,0,842,10883,222,100,2,0,0
3561,16,10,1024,0,757,14,9,7,1,1,-70,3,1271,12934,221,100,2,0,0
3560,22,18,1280,0,1091,11,5,7,6,1,-70,2,2888,43898,219,100,4,1,6
3560,31,26,1792,0,822,13,5,5,1,2,-52,0,450,5707,218,100,1,0,0
3560,17,18,1280,0,903,12,10,7,1,1,-52,0,478,4455,218,100,1,0,0
3563,2,4,768,0,873,16,3,5,1,1,-95,0,835,13598,228,100,2,0,0
3562,21,15,1280,0,825,12,13,7,1,3,-70,3,1073,8407,207,100,1,0,0
3562,30,26,1792,0,592,5,4,7,1,2,-70,0,809,9170,167,100,2,0,0
3562,25,19,1536,0,1182,19,13,7,10,4,-70,0,719,6651,226,100,3,1,6
3564,14,10,1024,0,677,6,8,7,1,1,-70,0,501,5337,174,100,1,0,0
3563,26,21,1536,10,810,16,5,7,1,5,-52,2,1157,11086,219,100,1,0,0
3564,8,4,768,30,861,18,28,7,1,2,-70,10,4437,27609,233,100,2,0,0
3563,23,18,1280,10,890,15,19,7,1,3,-52,2,2100,58825,221,100,2,0,0
3564,20,16,1280,0,981,12,19,7,1,3,-70,0,713,9589,213,100,1,0,0
3565,4,1,512,10,793,26,13,7,2,1,-61,10,5998,34328,238,100,3,0,0
3566,9,4,768,0,913,17,21,7,1,1,-52,0,811,11200,234,100,2,0,0
3565,3,1,512,10,824,26,15,7,1,1,-76,2,861,8930,237,100,1,0,0
3565,29,23,1536,0,704,5,7,7,10,1,-70,0,579,5249,157,100,2,1,6
3565,28,22,1536,0,926,14,3,7,1,2,-70,1,395,7696,230,100,1,0,0
3565,12,8,1024,0,950,14,7,7,1,1,-70,0,319,4275,223,100,1,0,0
3567,5,1,512,10,836,28,6,7,1,1,-76,10,3933,24758,237,100,2,0,0
3566,19,18,1280,0,906,16,25,7,1,3,-52,1,1345,38982,229,100,2,0,0
3566,15,10,1024,0,787,10,22,7,1,1,-52,4,2943,17799,183,100,2,0,0
3567,13,7,1024,0,945,15,15,7,1,1,-70,0,595,10149,207,100,2,0,0
3568,18,8,1024,0,831,15,56,7,1,1,-95,10,3299,34869,232,100,2,0,0
3567,16,10,1024,0,758,14,9,7,1,1,-70,3,786,7970,222,100,1,0,0
3568,27,22,1536,0,1120,14,4,5,8,3,-52,0,1004,10787,220,100,3,1,6
3567,30,26,1792,0,592,5,4,7,1,2,-70,0,262,4339,167,100,1,0,0
3568,6,5,768,0,873,19,5,5,1,2,-52,0,1003,11335,223,100,2,0,0
3568,22,18,1280,20,1095,11,5,7,6,1,-70,2,1363,27885,219,100,2,1,6
3567,7,3,768,0,857,18,3,7,1,2,-70,1,987,12729,229,100,2,0,0
3567,24,23,1536,0,298,4,8,7,7,2,-52,0,1025,11142,89,100,3,1,6
3568,11,5,768,0,900,20,2,7,1,1,-70,0,443,11284,230,100,1,0,0
3570,2,4,768,0,875,16,3,5,1,1,-95,0,499,7517,228,100,1,0,0
3570,1,0,256,0,46,0,0,3,0,0,0,10,3266,29530,6408,100,3,0,0
3569,8,4,768,0,861,18,28,7,1,2,-70,10,2269,13895,233,100,1,0,0
3570,10,5,768,0,855,18,18,7,1,2,-52,8,3995,25642,223,100,2,0,0
3568,31,26,1792,0,823,13,5,5,1,2,-52,0,515,7128,218,100,2,0,0
3570,17,18,1280,0,907,12,10,7,1,1,-52,0,917,9695,219,100,2,0,0
3571,28,22,1536,0,927,14,3,7,1,2,-70,1,478,7355,231,100,1,0,0
3571,29,23,1536,10,706,5,7,7,10,1,-70,0,460,6152,157,100,1,1,6
3570,21,15,1280,10,827,12,13,7,1,3,-70,3,1500,11471,207,100,1,0,0
3570,14,10,1024,10,678,6,8,7,1,1,-70,0,393,6620,175,100,1,0,0
3573,5,1,512,30,837,28,6,7,1,1,-76,10,2813,17464,238,100,1,0,0
3573,4,1,512,20,796,26,13,7,2,1,-61,10,4210,24026,238,100,1,0,0
3572,23,18,1280,0,893,15,19,7,1,3,-52,2,1939,48994,222,100,2,0,0
3571,26,21,1536,10,814,16,5,7,1,5,-52,2,1485,11805,220,100,2,0,0
3573,19,18,1280,20,906,16,25,7,1,3,-52,1,486,24980,229,100,1,0,0
3575,6,5,768,0,875,19,5,5,1,2,-52,0,500,6019,223,100,1,0,0
3574,22,18,1280,10,1096,11,5,7,6,1,-70,2,1401,22692,220,100,2,1,6
3574,20,16,1280,0,985,12,19,7,1,3,-70,0,861,10008,213,100,2,0,0
3575,3,1,512,10,825,26,15,7,1,1,-76,2,955,14024,238,100,2,0,0
3575,9,4,768,0,917,17,21,7,1,1,-52,0,859,11772,234,100,2,0,0
3573,25,19,1536,0,1185,19,13,7,10,4,-70,0,774,10990,226,100,3,1,6
3575,15,10,1024,0,790,10,22,7,1,1,-52,4,1863,12886,184,100,2,0,0
3575,12,8,1024,0,952,14,7,7,1,1,-70,0,548,8981,223,100,1,0,0
3576,16,10,1024,0,760,14,9,7,1,1,-70,3,1098,11499,222,100,2,0,0
3574,24,23,1536,0,301,4,8,7,7,2,-52,0,724,6281,90,100,2,1,6
3575,29,23,1536,0,707,5,7,7,10,1,-70,0,528,4463,158,100,2,1,6
3576,14,10,1024,0,679,6,8,7,1,1,-70,0,450,6022,175,100,1,0,0
3576,13,7,1024,0,946,15,15,7,1,1,-70,0,540,8498,207,100,2,0,0
3577,1,0,256,0,46,0,0,3,0,0,0,10,1988,18773,6423,100,1,0,0
3576,11,5,768,0,903,20,2,7,1,1,-70,0,876,9947,231,100,3,0,0
3577,27,22,1536,0,1122,14,4,5,8,3,-52,0,674,11295,221,100,1,1,6
3578,2,4,768,0,878,16,3,5,1,1,-95,0,810,10317,229,100,2,0,0
3577,10,5,768,10,855,18,18,7,1,2,-52,8,2295,16467,223,100,1,0,0
3578,18,8,1024,0,834,15,56,7,1,1,-95,10,4350,42069,232,100,1,0,0
3578,5,1,512,20,838,28,6,7,1,1,-76,10,2293,15097,238,100,1,0,0
3577,30,26,1792,10,592,5,4,7,1,2,-70,0,334,8393,168,100,1,0,0
3579,23,18,1280,0,896,15,19,7,1,3,-52,2,1554,37028,222,100,1,0,0
3579,26,21,1536,10,817,16,5,7,1,5,-52,2,1257,12634,220,100,1,0,0
3579,31,26,1792,0,824,13,5,5,1,2,-52,0,474,8761,219,100,1,0,0
3579,7,3,768,0,860,18,3,7,1,2,-70,1,1277,17913,230,100,2,0,0
3580,8,4,768,20,863,18,28,7,1,2,-70,10,4250,26419,234,100,2,0,0
3581,22,18,1280,0,1098,11,5,7,6,1,-70,2,915,21151,220,100,2,1,6
3581,21,15,1280,0,830,12,13,7,1,3,-70,3,1874,15693,208,100,2,0,0
3581,17,18,1280,0,910,12,10,7,1,1,-52,0,810,9747,220,100,2,0,0
3583,1,0,256,0,46,0,0,3,0,0,0,10,1292,12677,6435,100,1,0,0
3582,28,22,1536,0,928,14,3,7,1,2,-70,1,539,12779,231,100,2,0,0
3583,3,1,512,0,826,26,15,7,1,1,-76,2,1287,13794,238,100,1,0,0
3582,29,23,1536,0,711,5,7,7,10,1,-70,0,890,6671,158,100,4,1,6
3582,20,16,1280,10,987,12,19,7,1,3,-70,0,656,7489,214,100,2,0,0
3584,4,1,512,0,798,26,13,7,2,1,-61,10,4944,29619,239,100,2,0,0
3583,2,4,768,10,880,16,3,5,1,1,-95,0,392,6935,229,100,1,0,0
3583,27,22,1536,0,1125,14,4,5,8,3,-52,0,701,7704,221,100,3,1,6
3583,6,5,768,0,879,19,5,5,1,2,-52,0,889,8851,224,100,2,0,0
3583,25,19,1536,0,1188,19,13,7,10,4,-70,0,873,9923,227,100,3,1,6
3584,10,5,768,0,855,18,18,7,1,2,-52,8,2078,15049,224,100,2,0,0
3584,12,8,1024,0,954,14,7,7,1,1,-70,0,677,8587,224,100,2,0,0
3584,16,10,1024,0,764,14,9,7,1,1,-70,3,1136,11361,223,100,1,0,0
3585,9,4,768,0,918,17,21,7,1,1,-52,0,525,12489,235,100,1,0,0
3583,24,23,1536,0,311,4,8,7,7,2,-52,0,1610,10613,91,100,4,1,6
3585,14,10,1024,0,684,6,8,7,1,1,-70,0,738,8048,175,100,1,0,0
3585,19,18,1280,0,907,16,25,7,1,3,-52,1,1292,38693,230,100,2,0,0
3585,15,10,1024,0,791,10,22,7,1,1,-52,4,1552,13742,184,100,2,0,0
3585,13,7,1024,0,948,15,15,7,1,1,-70,0,696,9773,208,100,3,0,0
3587,17,18,1280,0,912,12,10,7,1,1,-52,0,502,5647,220,100,1,0,0
3586,11,5,768,0,904,20,2,7,1,1,-70,0,496,11239,232,100,1,0,0
3587,18,8,1024,10,838,15,56,7,1,1,-95,10,3978,39124,233,100,2,0,0
3588,5,1,512,20,840,28,6,7,1,1,-76,10,3728,26544,239,100,1,0,0
3589,4,1,512,0,799,26,13,7,2,1,-61,10,2805,15730,239,100,1,0,0
3585,31,26,1792,10,828,13,5,5,1,2,-52,0,836,7538,220,100,2,0,0
3589,23,18,1280,0,897,15,19,7,1,3,-52,2,1547,52655,223,100,2,0,0
3589,1,0,256,0,46,0,0,3,0,0,0,10,1874,17463,6448,100,1,0,0
3588,30,26,1792,0,595,5,4,7,1,2,-70,0,809,10565,168,100,2,0,0
3589,22,18,1280,0,1101,12,5,7,6,1,-70,2,1893,33458,221,100,2,1,6
3588,10,5,768,10,856,18,18,7,1,2,-52,8,1672,10563,224,100,0,0,0
3589,25,19,1536,0,1189,19,13,7,10,4,-70,0,391,5284,227,100,2,1,6
3588,26,21,1536,0,819,16,5,7,1,5,-52,2,1604,15219,221,100,2,0,0
3591,8,4,768,10,864,18,29,7,1,2,-70,10,3898,23836,235,100,3,0,0
3591,2,4,768,0,880,16,3,5,1,1,-95,0,500,9078,230,100,1,0,0
3589,14,10,1024,0,687,6,8,7,1,1,-70,0,663,5743,176,100,1,0,0
3588,24,23,1536,0,313,4,8,7,7,2,-52,0,495,5308,91,100,2,1,6
3589,6,5,768,0,881,19,5,5,1,2,-52,0,498,6256,224,100,1,0,0
3591,3,1,512,10,828,26,15,7,1,1,-76,2,1021,12967,239,100,2,0,0
3591,9,4,768,0,919,17,21,7,1,1,-52,0,490,7945,235,100,2,0,0
3590,15,10,1024,0,792,10,22,7,1,1,-52,4,1095,8042,185,100,0,0,0
3590,7,3,768,0,862,18,3,7,1,2,-70,1,997,16520,230,100,2,0,0
3591,27,22,1536,0,1126,15,4,5,8,3,-52,0,615,9981,222,100,2,1,6
3591,21,15,1280,0,831,12,13,7,1,3,-70,3,1570,14326,209,100,2,0,0
3592,19,18,1280,0,910,16,25,7,1,3,-52,1,1153,27120,231,100,2,0,0
3592,13,7,1024,0,948,15,15,7,1,1,-70,0,497,6496,208,100,1,0,0
3593,5,1,512,40,840,28,6,7,1,1,-76,10,2319,13926,239,100,1,0,0
3593,29,23,1536,0,716,5,7,7,10,1,-70,0,1083,11559,159,100,3,1,6
3591,11,5,768,10,905,20,2,7,1,1,-70,0,397,6077,232,100,1,0,0
3592,30,26,1792,0,597,5,4,7,1,2,-70,0,533,4672,169,100,1,0,0
3594,28,22,1536,0,930,14,3,7,1,2,-70,1,755,14326,232,100,2,0,0
3592,14,10,1024,0,689,6,8,7,1,1,-70,0,476,4971,176,100,1,0,0
3595,8,4,768,20,864,18,29,7,1,2,-70,10,1984,12324,235,100,1,0,0
3593,16,10,1024,0,766,14,9,7,1,1,-70,3,909,12086,223,100,2,0,0
3595,18,8,1024,0,841,15,56,7,1,1,-95,10,3578,32278,234,100,2,0,0
3594,31,26,1792,0,830,13,5,5,1,2,-52,0,582,7885,220,100,1,0,0
3595,12,8,1024,0,958,14,7,7,1,1,-70,0,981,11544,225,100,2,0,0
3596,27,22,1536,0,1128,15,4,5,8,3,-52,0,544,5581,222,100,1,1,6
3593,20,16,1280,0,989,12,19,7,1,3,-70,0,728,11306,215,100,2,0,0
3596,10,5,768,0,858,19,18,7,1,2,-52,8,2901,18160,224,100,2,0,0
3598,1,0,256,0,46,0,0,3,0,0,0,10,2416,22381,6464,100,1,0,0
3597,17,18,1280,10,916,12,10,7,1,1,-52,0,917,10935,221,100,2,0,0
3597,22,18,1280,0,1103,12,5,7,6,1,-70,2,1724,32551,221,100,4,1,6
3596,15,10,1024,10,793,10,22,7,1,1,-52,4,1194,10553,185,100,2,0,0
3598,3,1,512,0,831,26,15,7,1,1,-76,2,1309,12418,239,100,1,0,0
