# run_metadata: attack=shared-slot nodes=21 placement=mid atkcount=5 seed=42 radioseed=7331 worker=6 csc=v3 attackers=6,9,10,12,13
# started: 2026-08-18T06:48:30
Logging to: /home/ev/6tisch-ng-sra/2026-08-18_06-48-22_shared-slot-n21-mid-a5-s7331-w6.log
Listening on UDP port 5678 (IPv6)...
Received from ('fd00::200:0:0:1', 5678, 0, 0): b' 8,1,0,256,0,1,0,0,1,0,0,0,0,615,3683,0,100,15,0,0 '
Received from ('fd00::200:0:0:1', 5678, 0, 0): b' 13,1,0,256,0,2,0,0,3,0,0,0,3,633,4245,0,100,5,0,0 '
Received from ('fd00::200:0:0:2', 8765, 0, 0): b' 6,2,1,512,10,0,0,1,1,0,1,-88,0,318,33022,0,100,3,0,0 '
Received from ('fd00::200:0:0:2', 8765, 0, 0): b' 14,2,1,640,80,2,2,1,2,0,1,-88,0,1267,7753,1,100,9,0,0 '
Received from ('fd00::200:0:0:1', 5678, 0, 0): b' 17,1,0,256,0,2,0,0,3,0,0,0,3,880,4990,1,100,4,0,0 '
Received from ('fd00::200:0:0:1', 5678, 0, 0): b' 25,1,0,256,0,3,0,0,3,0,0,0,3,1052,9049,1,100,6,0,0 '
Received from ('fd00::200:0:0:2', 8765, 0, 0): b' 26,2,1,512,0,4,2,1,2,1,1,-88,0,1568,12540,1,100,8,0,0 '
Received from ('fd00::200:0:0:4', 8765, 0, 0): b' 6,4,1,512,10,0,0,1,1,0,1,-66,0,270,35117,0,100,3,0,0 '
Received from ('fd00::200:0:0:4', 8765, 0, 0): b' 11,4,1,640,70,1,1,1,3,0,1,-66,0,533,5548,1,100,5,0,0 '
Received from ('fd00::200:0:0:4', 8765, 0, 0): b' 21,4,1,640,60,2,2,1,3,0,1,-66,0,1470,9217,1,100,8,0,0 '
Received from ('fd00::200:0:0:5', 8765, 0, 0): b' 6,5,1,896,10,0,0,1,1,0,1,-94,0,270,21263,0,100,3,0,0 '
Received from ('fd00::200:0:0:5', 8765, 0, 0): b' 12,5,1,896,50,2,1,1,1,0,1,-94,0,863,5669,1,100,7,0,0 '
Received from ('fd00::200:0:0:5', 8765, 0, 0): b' 21,5,1,896,70,2,2,1,2,0,1,-94,0,786,8317,1,100,6,0,0 '
Received from ('fd00::200:0:0:5', 8765, 0, 0): b' 31,5,1,718,0,3,2,1,2,1,1,-94,0,1628,10913,2,100,6,0,0 '
Received from ('fd00::200:0:0:4', 8765, 0, 0): b' 31,4,1,512,0,4,2,1,3,1,1,-66,0,1742,12089,2,100,8,0,0 '
Received from ('fd00::200:0:0:2', 8765, 0, 0): b' 32,2,1,512,10,4,2,1,2,1,1,-88,0,547,6427,2,100,3,0,0 '
Received from ('fd00::200:0:0:1', 5678, 0, 0): b' 36,1,0,256,0,3,0,0,3,0,0,0,3,1872,18910,6,100,5,0,0 '
Received from ('fd00::200:0:0:5', 8765, 0, 0): b' 37,5,1,526,0,4,2,1,2,1,1,-94,0,573,5932,2,100,4,0,0 '
Received from ('fd00::200:0:0:2', 8765, 0, 0): b' 41,2,1,512,0,5,2,1,2,1,1,-88,0,717,8342,2,100,5,0,0 '
Received from ('fd00::200:0:0:1', 5678, 0, 0): b' 43,1,0,256,0,4,0,0,4,0,0,0,3,1122,12363,9,100,5,0,0 '
Received from ('fd00::200:0:0:4', 8765, 0, 0): b' 42,4,1,512,0,5,2,1,4,1,1,-66,0,818,10702,3,100,5,0,0 '
Received from ('fd00::200:0:0:2', 8765, 0, 0): b' 46,2,1,512,0,6,2,1,3,1,1,-88,1,689,4768,3,100,3,0,0 '
Received from ('fd00::200:0:0:5', 8765, 0, 0): b' 47,5,1,512,0,5,2,1,3,1,1,-94,0,791,9965,3,100,5,0,0 '
Received from ('fd00::200:0:0:3', 8765, 0, 0): b' 41,3,2,896,10,1,0,1,3,0,1,-52,0,363,4268,0,100,3,0,0 '
Received from ('fd00::200:0:0:1', 5678, 0, 0): b' 50,1,0,256,0,5,0,0,4,0,0,0,4,1366,14215,9,100,4,0,0 '
Received from ('fd00::200:0:0:3', 8765, 0, 0): b' 48,3,1,640,30,1,2,1,4,0,2,-64,0,1180,6516,0,100,8,0,0 '
Received from ('fd00::200:0:0:4', 8765, 0, 0): b' 54,4,1,512,0,7,3,1,4,1,1,-66,0,1337,11444,3,100,6,0,0 '
Received from ('fd00::200:0:0:2', 8765, 0, 0): b' 55,2,1,512,0,8,3,1,3,1,1,-88,1,1292,11161,3,100,4,0,0 '
Received from ('fd00::200:0:0:4', 8765, 0, 0): b' 58,4,1,512,0,7,3,1,4,1,1,-66,0,329,4094,4,100,1,0,0 '
Received from ('fd00::200:0:0:3', 8765, 0, 0): b' 59,3,1,512,0,3,3,1,4,1,2,-64,0,1777,10985,1,100,9,0,0 '
Received from ('fd00::200:0:0:5', 8765, 0, 0): b' 58,5,1,512,0,7,3,1,3,1,1,-94,0,1474,11405,4,100,6,0,0 '
Received from ('fd00::200:0:0:2', 8765, 0, 0): b' 59,2,1,512,0,9,3,1,3,1,1,-88,1,426,5196,4,100,2,0,0 '
Received from ('fd00::200:0:0:1', 5678, 0, 0): b' 60,1,0,256,0,6,0,0,4,0,0,0,4,1851,21006,13,100,5,0,0 '
Received from ('fd00::200:0:0:1', 5678, 0, 0): b' 65,1,0,256,0,6,0,0,4,0,0,0,4,466,8816,13,100,1,0,0 '
Received from ('fd00::200:0:0:5', 8765, 0, 0): b' 65,5,1,512,0,8,4,1,3,1,1,-94,0,655,8047,4,100,3,0,0 '
Received from ('fd00::200:0:0:2', 8765, 0, 0): b' 67,2,1,512,0,9,4,1,3,1,1,-88,1,675,9327,4,100,4,0,0 '
Received from ('fd00::200:0:0:4', 8765, 0, 0): b' 68,4,1,512,0,8,4,1,4,1,1,-66,0,796,9447,4,100,5,0,0 '
Received from ('fd00::200:0:0:3', 8765, 0, 0): b' 69,3,1,512,0,3,4,1,4,1,2,-64,0,915,10642,1,100,6,0,0 '
Received from ('fd00::200:0:0:1', 5678, 0, 0): b' 71,1,0,256,0,6,0,0,4,0,0,0,4,1060,14140,17,100,2,0,0 '
Received from ('fd00::200:0:0:5', 8765, 0, 0): b' 72,5,1,512,0,9,4,1,3,1,1,-94,0,549,8085,5,100,3,0,0 '
Received from ('fd00::200:0:0:4', 8765, 0, 0): b' 76,4,1,512,0,9,4,1,4,1,1,-66,0,672,9343,5,100,3,0,0 '
Received from ('fd00::200:0:0:2', 8765, 0, 0): b' 76,2,1,512,10,10,4,1,3,1,1,-88,1,670,11313,5,100,4,0,0 '
Received from ('fd00::200:0:0:3', 8765, 0, 0): b' 78,3,1,512,10,4,4,1,4,1,2,-64,0,865,8666,2,100,6,0,0 '
Received from ('fd00::200:0:0:1', 5678, 0, 0): b' 79,1,0,256,0,6,0,0,4,0,0,0,5,888,14820,17,100,3,0,0 '
Received from ('fd00::200:0:0:4', 8765, 0, 0): b' 80,4,1,512,0,9,4,1,5,1,1,-66,1,513,5490,5,100,2,0,0 '
Received from ('fd00::200:0:0:5', 8765, 0, 0): b' 80,5,1,512,0,9,4,1,4,1,1,-94,0,518,10115,5,100,3,0,0 '
Received from ('fd00::200:0:0:2', 8765, 0, 0): b' 82,2,1,512,0,10,4,1,3,1,1,-88,1,400,7465,5,100,2,0,0 '
Received from ('fd00::200:0:0:3', 8765, 0, 0): b' 83,3,1,512,0,4,4,1,4,1,2,-64,0,374,4655,2,100,2,0,0 '
Received from ('fd00::200:0:0:1', 5678, 0, 0): b' 84,1,0,256,0,6,0,0,4,0,0,0,5,555,10242,17,100,1,0,0 '
Received from ('fd00::200:0:0:9', 8765, 0, 0): b' 77,9,4,768,10,0,0,2,1,0,1,-70,0,415,9933,0,100,4,0,0 '
Received from ('fd00::200:0:0:9', 8765, 0, 0): b' 81,9,4,768,10,1,1,2,1,0,1,-70,0,665,3755,0,100,5,0,0 '
Received from ('fd00::200:0:0:5', 8765, 0, 0): b' 85,5,1,512,0,10,4,1,4,1,1,-94,0,451,5686,5,100,3,0,0 '
Received from ('fd00::200:0:0:9', 8765, 0, 0): b' 86,9,4,768,10,2,1,2,2,1,1,-70,0,1001,5290,1,100,5,0,0 '
Received from ('fd00::200:0:0:4', 8765, 0, 0): b' 89,4,1,512,0,10,4,1,6,1,1,-66,1,1746,15458,6,100,3,0,0 '
Received from ('fd00::200:0:0:2', 8765, 0, 0): b' 90,2,1,512,0,10,4,1,3,1,1,-88,1,669,10075,6,100,2,0,0 '
Received from ('fd00::200:0:0:3', 8765, 0, 0): b' 91,3,1,512,0,4,4,1,5,1,2,-64,0,843,8482,3,100,3,0,0 '
Received from ('fd00::200:0:0:8', 8765, 0, 0): b' 84,8,4,896,40,1,2,2,2,0,2,-52,0,1092,4132,0,100,8,0,0 '
Received from ('fd00::200:0:0:9', 8765, 0, 0): b' 91,9,4,768,0,3,1,2,4,1,1,-70,0,789,6581,1,100,5,0,0 '
Received from ('fd00::200:0:0:8', 8765, 0, 0): b' 88,8,4,896,70,2,3,2,3,0,2,-52,0,468,3486,0,100,4,0,0 '
Received from ('fd00::200:0:0:4', 8765, 0, 0): b' 93,4,1,512,0,10,4,1,7,1,1,-66,2,1351,8687,6,100,2,0,0 '
Received from ('fd00::200:0:0:5', 8765, 0, 0): b' 95,5,1,512,0,10,4,1,5,1,1,-94,0,748,12440,6,100,3,0,0 '
Received from ('fd00::200:0:0:1', 5678, 0, 0): b' 96,1,0,256,0,7,0,0,4,0,0,0,6,1950,23398,23,100,5,0,0 '
Received from ('fd00::200:0:0:7', 8765, 0, 0): b' 79,7,9,1408,0,0,0,2,1,0,1,-95,0,319,98400,0,100,4,0,0 '
Received from ('fd00::200:0:0:7', 8765, 0, 0): b' 84,7,4,896,40,1,2,2,2,0,2,-70,0,835,3882,0,100,7,0,0 '
Received from ('fd00::200:0:0:7', 8765, 0, 0): b' 93,7,4,896,80,2,3,2,3,0,2,-70,0,1475,9567,1,100,11,0,0 '
Received from ('fd00::200:0:0:8', 8765, 0, 0): b' 99,8,4,768,0,3,3,2,4,1,2,-52,0,1901,11971,1,100,10,0,0 '
Received from ('fd00::200:0:0:3', 8765, 0, 0): b' 100,3,1,512,0,6,4,1,6,1,2,-64,0,847,8574,3,100,4,0,0 '
Received from ('fd00::200:0:0:1', 5678, 0, 0): b' 100,1,0,256,0,7,0,0,4,0,0,0,7,781,10176,27,100,1,0,0 '
Received from ('fd00::200:0:0:5', 8765, 0, 0): b' 100,5,1,512,10,10,4,1,5,1,1,-94,0,278,6982,7,100,1,0,0 '
Received from ('fd00::200:0:0:9', 8765, 0, 0): b' 100,9,4,768,0,4,1,2,4,1,1,-70,0,967,8756,2,100,6,0,0 '
Received from ('fd00::200:0:0:2', 8765, 0, 0): b' 102,2,1,512,0,10,4,1,4,1,1,-88,1,623,13503,7,100,3,0,0 '
Received from ('fd00::200:0:0:7', 8765, 0, 0): b' 103,7,4,768,0,3,3,2,3,1,2,-70,0,1684,11725,2,100,7,0,0 '
Received from ('fd00::200:0:0:1', 5678, 0, 0): b' 104,1,0,256,0,7,0,0,4,0,0,0,7,985,10047,31,100,1,0,0 '
Received from ('fd00::200:0:0:4', 8765, 0, 0): b' 105,4,1,512,0,12,4,1,7,1,1,-66,3,3290,28245,7,100,4,0,0 '
Received from ('fd00::200:0:0:9', 8765, 0, 0): b' 108,9,4,768,0,4,1,2,4,1,1,-70,0,592,7296,2,100,4,0,0 '
Received from ('fd00::200:0:0:3', 8765, 0, 0): b' 108,3,1,512,0,7,4,1,6,1,2,-64,0,863,11954,4,100,4,0,0 '
Received from ('fd00::200:0:0:1', 5678, 0, 0): b' 109,1,0,256,0,7,0,0,4,0,0,0,7,470,8624,31,100,1,0,0 '
Received from ('fd00::200:0:0:8', 8765, 0, 0): b' 108,8,4,768,0,4,3,2,5,1,2,-52,0,1063,10710,2,100,7,0,0 '
Received from ('fd00::200:0:0:4', 8765, 0, 0): b' 112,4,1,512,0,12,4,1,7,1,1,-66,3,979,14044,7,100,2,0,0 '
Received from ('fd00::200:0:0:5', 8765, 0, 0): b' 112,5,1,512,10,10,4,1,5,1,1,-94,0,624,14206,7,100,3,0,0 '
Received from ('fd00::200:0:0:2', 8765, 0, 0): b' 113,2,1,512,0,12,4,1,4,1,1,-88,0,833,13388,7,100,4,0,0 '
Received from ('fd00::200:0:0:7', 8765, 0, 0): b' 111,7,4,768,0,4,3,2,5,1,2,-70,0,792,7816,2,100,6,0,0 '
Received from ('fd00::200:0:0:9', 8765, 0, 0): b' 113,9,4,768,10,5,1,2,4,1,1,-70,0,451,4605,2,100,3,0,0 '
Received from ('fd00::200:0:0:7', 8765, 0, 0): b' 116,7,4,768,0,4,3,2,5,1,2,-70,0,350,4449,2,100,2,0,0 '
Received from ('fd00::200:0:0:5', 8765, 0, 0): b' 118,5,1,512,0,10,4,1,5,1,1,-94,0,452,7084,8,100,2,0,0 '
Received from ('fd00::200:0:0:8', 8765, 0, 0): b' 118,8,4,768,0,6,3,2,5,1,2,-52,0,985,9382,3,100,5,0,0 '
Received from ('fd00::200:0:0:4', 8765, 0, 0): b' 120,4,1,512,0,13,4,1,7,1,1,-66,3,2123,17794,8,100,3,0,0 '
Received from ('fd00::200:0:0:3', 8765, 0, 0): b' 120,3,1,512,0,9,4,1,6,1,2,-64,0,894,13466,5,100,6,0,0 '
Received from ('fd00::200:0:0:2', 8765, 0, 0): b' 121,2,1,512,0,12,4,1,4,1,1,-88,0,503,9490,8,100,2,0,0 '
Received from ('fd00::200:0:0:1', 5678, 0, 0): b' 121,1,0,256,0,7,0,0,4,0,0,0,7,1970,25294,38,100,4,0,0 '
Received from ('fd00::200:0:0:7', 8765, 0, 0): b' 121,7,4,768,0,6,3,2,5,1,2,-70,0,856,5022,3,100,3,0,0 '
Received from ('fd00::200:0:0:8', 8765, 0, 0): b' 122,8,4,768,0,6,3,2,5,1,2,-52,0,587,4264,3,100,3,0,0 '
Received from ('fd00::200:0:0:9', 8765, 0, 0): b' 123,9,4,768,0,5,1,2,4,1,1,-70,0,796,10579,3,100,4,0,0 '
Received from ('fd00::200:0:0:1', 5678, 0, 0): b' 126,1,0,256,0,7,0,0,4,0,0,0,8,436,9867,38,100,1,0,0 '
Received from ('fd00::200:0:0:3', 8765, 0, 0): b' 128,3,1,512,0,10,4,1,7,1,2,-64,0,570,9847,5,100,3,0,0 '
Received from ('fd00::200:0:0:2', 8765, 0, 0): b' 127,2,1,512,0,12,4,1,4,1,1,-88,0,375,7739,8,100,2,0,0 '
Received from ('fd00::200:0:0:b', 8765, 0, 0): b' 124,11,7,1152,50,1,1,2,3,0,1,-52,0,900,7771,0,100,8,0,0 '
Received from ('fd00::200:0:0:5', 8765, 0, 0): b' 129,5,1,512,0,12,4,1,5,1,1,-94,0,850,13264,8,100,4,0,0 '
Received from ('fd00::200:0:0:8', 8765, 0, 0): b' 129,8,4,768,0,7,3,2,6,1,2,-52,0,638,6730,3,100,4,0,0 '
Received from ('fd00::200:0:0:4', 8765, 0, 0): b' 131,4,1,512,10,13,4,1,7,1,1,-66,4,2043,25045,9,100,2,0,0 '
Received from ('fd00::200:0:0:7', 8765, 0, 0): b' 131,7,4,768,0,7,3,2,6,1,2,-70,1,1340,10804,3,100,5,0,0 '
Received from ('fd00::200:0:0:9', 8765, 0, 0): b' 134,9,4,768,0,6,1,2,4,1,1,-70,0,808,9196,4,100,4,0,0 '
Received from ('fd00::200:0:0:2', 8765, 0, 0): b' 135,2,1,512,0,12,4,1,4,1,1,-88,0,474,9068,9,100,2,0,0 '
Received from ('fd00::200:0:0:5', 8765, 0, 0): b' 136,5,1,512,0,12,4,1,5,1,1,-94,0,479,8632,9,100,2,0,0 '
Received from ('fd00::200:0:0:b', 8765, 0, 0): b' 136,11,7,1024,10,2,1,2,3,1,1,-52,0,1531,11049,1,100,8,0,0 '
Received from ('fd00::200:0:0:1', 5678, 0, 0): b' 136,1,0,256,0,7,0,0,4,0,0,0,8,1933,22888,46,100,3,0,0 '
Received from ('fd00::200:0:0:4', 8765, 0, 0): b' 136,4,1,512,0,13,4,1,7,1,1,-66,4,1695,14728,9,100,2,0,0 '
Received from ('fd00::200:0:0:3', 8765, 0, 0): b' 137,3,1,512,0,10,4,1,7,1,2,-64,0,595,12331,6,100,3,0,0 '
Received from ('fd00::200:0:0:8', 8765, 0, 0): b' 139,8,4,768,0,8,3,2,6,1,2,-52,0,801,9603,4,100,5,0,0 '
Received from ('fd00::200:0:0:9', 8765, 0, 0): b' 140,9,4,768,0,7,1,2,4,1,1,-70,0,574,6127,4,100,3,0,0 '
Received from ('fd00::200:0:0:7', 8765, 0, 0): b' 142,7,4,768,0,7,3,2,6,1,2,-70,1,1195,14378,4,100,4,0,0 '
Received from ('fd00::200:0:0:2', 8765, 0, 0): b' 142,2,1,512,0,12,4,1,4,1,1,-88,0,399,9291,9,100,2,0,0 '
Received from ('fd00::200:0:0:5', 8765, 0, 0): b' 143,5,1,512,0,12,4,1,5,1,1,-94,0,302,8602,9,100,1,0,0 '
Received from ('fd00::200:0:0:b', 8765, 0, 0): b' 144,11,7,1024,0,3,1,2,3,1,1,-52,0,723,7897,1,100,5,0,0 '
Received from ('fd00::200:0:0:3', 8765, 0, 0): b' 144,3,1,512,0,11,4,1,7,1,2,-64,0,477,8540,6,100,3,0,0 '
Received from ('fd00::200:0:0:9', 8765, 0, 0): b' 145,9,4,768,0,7,1,2,4,1,1,-70,0,434,4575,5,100,2,0,0 '
Received from ('fd00::200:0:0:1', 5678, 0, 0): b' 145,1,0,256,0,8,0,0,4,0,0,0,8,1226,17322,48,100,3,0,0 '
Received from ('fd00::200:0:0:4', 8765, 0, 0): b' 146,4,1,512,0,13,5,1,7,1,1,-66,4,2009,22165,10,100,2,0,0 '
Received from ('fd00::200:0:0:8', 8765, 0, 0): b' 146,8,4,768,0,8,3,2,6,1,2,-52,0,617,9045,4,100,3,0,0 '
Received from ('fd00::200:0:0:1', 5678, 0, 0): b' 150,1,0,256,0,8,0,0,4,0,0,0,8,887,10093,54,100,1,0,0 '
Received from ('fd00::200:0:0:5', 8765, 0, 0): b' 150,5,1,512,0,12,5,1,5,1,1,-94,0,582,9526,10,100,2,0,0 '
Received from ('fd00::200:0:0:7', 8765, 0, 0): b' 150,7,4,768,0,8,3,2,6,1,2,-70,1,1149,11538,5,100,4,0,0 '
Received from ('fd00::200:0:0:9', 8765, 0, 0): b' 150,9,4,768,0,8,1,2,4,1,1,-70,0,475,5952,5,100,3,0,0 '
Received from ('fd00::200:0:0:4', 8765, 0, 0): b' 150,4,1,512,0,14,5,1,7,1,1,-66,4,1492,11331,10,100,1,0,0 '
Received from ('fd00::200:0:0:b', 8765, 0, 0): b' 153,11,7,1024,0,3,1,2,3,1,1,-52,0,678,8189,2,100,4,0,0 '
Received from ('fd00::200:0:0:2', 8765, 0, 0): b' 153,2,1,512,0,12,5,1,4,1,1,-88,0,578,13189,10,100,2,0,0 '
Received from ('fd00::200:0:0:3', 8765, 0, 0): b' 155,3,1,512,0,11,5,1,7,1,2,-64,0,796,14031,7,100,4,0,0 '
Received from ('fd00::200:0:0:8', 8765, 0, 0): b' 154,8,4,768,10,10,3,2,6,1,2,-52,0,757,9398,5,100,5,0,0 '
Received from ('fd00::200:0:0:9', 8765, 0, 0): b' 156,9,4,768,0,8,1,2,4,1,1,-70,0,374,5349,5,100,2,0,0 '
Received from ('fd00::200:0:0:1', 5678, 0, 0): b' 159,1,0,256,0,8,0,0,4,0,0,0,8,1161,19513,55,100,2,0,0 '
Received from ('fd00::200:0:0:5', 8765, 0, 0): b' 160,5,1,512,10,12,5,1,5,1,1,-94,0,544,11524,11,100,3,0,0 '
Received from ('fd00::200:0:0:b', 8765, 0, 0): b' 160,11,7,1024,0,4,1,2,3,1,1,-52,0,598,6819,2,100,4,0,0 '
Received from ('fd00::200:0:0:7', 8765, 0, 0): b' 161,7,4,768,0,8,3,2,6,1,2,-70,1,1054,13283,5,100,4,0,0 '
Received from ('fd00::200:0:0:4', 8765, 0, 0): b' 162,4,1,512,0,14,5,1,7,1,1,-66,4,2206,26346,11,100,2,0,0 '
Received from ('fd00::200:0:0:8', 8765, 0, 0): b' 162,8,4,768,0,10,3,2,6,1,2,-52,0,400,8576,5,100,2,0,0 '
Received from ('fd00::200:0:0:1', 5678, 0, 0): b' 164,1,0,256,0,8,0,0,4,0,0,0,8,940,9679,61,100,1,0,0 '
Received from ('fd00::200:0:0:9', 8765, 0, 0): b' 163,9,4,768,0,9,1,2,4,1,1,-70,0,583,6836,6,100,3,0,0 '
Received from ('fd00::200:0:0:2', 8765, 0, 0): b' 165,2,1,512,0,12,5,1,4,1,1,-88,0,621,13204,11,100,3,0,0 '
Received from ('fd00::200:0:0:3', 8765, 0, 0): b' 166,3,1,512,0,11,5,1,7,1,2,-64,0,620,13426,8,100,3,0,0 '
Received from ('fd00::200:0:0:b', 8765, 0, 0): b' 169,11,7,1024,0,5,1,2,3,1,1,-52,0,780,8185,3,100,4,0,0 '
Received from ('fd00::200:0:0:7', 8765, 0, 0): b' 168,7,4,768,0,9,3,2,6,1,2,-70,1,1225,11769,6,100,3,0,0 '
Received from ('fd00::200:0:0:5', 8765, 0, 0): b' 169,5,1,512,0,12,5,1,5,1,1,-94,0,525,10347,11,100,2,0,0 '
Received from ('fd00::200:0:0:9', 8765, 0, 0): b' 169,9,4,768,0,9,1,2,4,1,1,-70,0,374,5422,6,100,2,0,0 '
Received from ('fd00::200:0:0:8', 8765, 0, 0): b' 169,8,4,768,0,11,3,2,6,1,2,-52,0,751,9389,6,100,4,0,0 '
Received from ('fd00::200:0:0:2', 8765, 0, 0): b' 171,2,1,512,0,13,5,1,4,1,1,-88,0,382,7172,11,100,2,0,0 '
Received from ('fd00::200:0:0:1', 5678, 0, 0): b' 172,1,0,256,0,8,0,0,4,0,0,0,8,1017,16439,63,100,2,0,0 '
Received from ('fd00::200:0:0:4', 8765, 0, 0): b' 171,4,1,512,0,14,5,1,7,1,1,-66,4,2151,20572,11,100,2,0,0 '
Received from ('fd00::200:0:0:b', 8765, 0, 0): b' 173,11,7,1024,0,5,1,2,4,1,1,-52,0,352,5178,3,100,2,0,0 '
Received from ('fd00::200:0:0:5', 8765, 0, 0): b' 173,5,1,512,0,13,5,1,5,1,1,-94,0,363,5548,11,100,1,0,0 '
Received from ('fd00::200:0:0:9', 8765, 0, 0): b' 173,9,4,768,0,9,1,2,4,1,1,-70,0,337,4208,7,100,1,0,0 '
Received from ('fd00::200:0:0:8', 8765, 0, 0): b' 174,8,4,768,0,12,3,2,6,1,2,-52,0,431,5390,6,100,1,0,0 '
Received from ('fd00::200:0:0:7', 8765, 0, 0): b' 176,7,4,768,0,10,3,2,7,1,2,-70,1,1148,12908,6,100,4,0,0 '
Received from ('fd00::200:0:0:3', 8765, 0, 0): b' 177,3,1,512,0,12,5,1,7,1,2,-64,0,600,12448,9,100,3,0,0 '
Received from ('fd00::200:0:0:4', 8765, 0, 0): b' 177,4,1,512,10,14,5,1,7,1,1,-66,4,1740,14501,12,100,2,0,0 '
Received from ('fd00::200:0:0:2', 8765, 0, 0): b' 178,2,1,512,20,14,5,1,5,1,1,-88,1,1031,10039,12,100,3,0,0 '
Received from ('fd00::200:0:0:1', 5678, 0, 0): b' 179,1,0,256,0,8,0,0,4,0,0,0,9,1544,16736,70,100,2,0,0 '
Received from ('fd00::200:0:0:a', 8765, 0, 0): b' 176,10,2,1152,30,1,1,3,1,0,1,-95,0,1199,9312,1,100,10,0,0 '
Received from ('fd00::200:0:0:5', 8765, 0, 0): b' 180,5,1,512,0,13,5,1,5,1,1,-94,0,382,7484,12,100,1,0,0 '
Received from ('fd00::200:0:0:9', 8765, 0, 0): b' 181,9,4,768,0,10,1,2,4,1,1,-70,0,694,9477,7,100,4,0,0 '
Received from ('fd00::200:0:0:4', 8765, 0, 0): b' 182,4,1,512,0,14,5,1,7,1,1,-66,4,869,12012,12,100,0,0,0 '
Received from ('fd00::200:0:0:8', 8765, 0, 0): b' 183,8,4,768,0,12,3,2,6,1,2,-52,0,483,10164,7,100,2,0,0 '
Received from ('fd00::200:0:0:a', 8765, 0, 0): b' 182,10,2,940,0,2,1,3,2,1,1,-95,0,954,6766,1,100,6,0,0 '
Received from ('fd00::200:0:0:b', 8765, 0, 0): b' 184,11,7,1024,0,6,1,2,4,1,1,-52,0,827,14120,4,100,5,0,0 '
Received from ('fd00::200:0:0:1', 5678, 0, 0): b' 187,1,0,256,0,8,0,0,4,0,0,0,10,860,15100,71,100,1,0,0 '
Received from ('fd00::200:0:0:7', 8765, 0, 0): b' 186,7,4,768,0,11,3,2,7,1,2,-70,1,1002,15251,7,100,3,0,0 '
Received from ('fd00::200:0:0:5', 8765, 0, 0): b' 188,5,1,512,0,13,5,1,5,1,1,-94,0,400,9205,12,100,2,0,0 '
Received from ('fd00::200:0:0:3', 8765, 0, 0): b' 188,3,1,512,0,13,5,1,7,1,2,-64,0,628,13184,9,100,3,0,0 '
Received from ('fd00::200:0:0:2', 8765, 0, 0): b' 189,2,1,512,10,14,5,1,5,1,1,-88,3,1417,16627,12,100,2,0,0 '
Received from ('fd00::200:0:0:4', 8765, 0, 0): b' 189,4,1,512,10,14,5,1,7,1,1,-66,4,1348,15129,13,100,2,0,0 '
Received from ('fd00::200:0:0:e', 8765, 0, 0): b' 180,14,10,1196,0,0,0,4,1,0,1,-52,0,28,186935,0,100,1,0,0 '
Received from ('fd00::200:0:0:8', 8765, 0, 0): b' 191,8,4,768,0,12,3,2,6,1,2,-52,0,521,10130,7,100,3,0,0 '
Received from ('fd00::200:0:0:a', 8765, 0, 0): b' 191,10,2,768,10,3,1,3,4,1,1,-95,2,1542,9813,2,100,6,0,0 '
Received from ('fd00::200:0:0:1', 5678, 0, 0): b' 193,1,0,256,0,8,0,0,4,0,0,0,10,1317,13997,78,100,2,0,0 '
Received from ('fd00::200:0:0:3', 8765, 0, 0): b' 192,3,1,512,10,13,5,1,7,1,2,-64,0,330,5270,10,100,1,0,0 '
Received from ('fd00::200:0:0:2', 8765, 0, 0): b' 193,2,1,512,20,16,5,1,5,1,1,-88,3,1186,8028,13,100,2,0,0 '
Received from ('fd00::200:0:0:b', 8765, 0, 0): b' 191,11,7,1024,0,7,1,2,6,1,1,-52,0,670,9499,5,100,3,0,0 '
Received from ('fd00::200:0:0:e', 8765, 0, 0): b' 190,14,10,1166,20,1,1,4,3,1,1,-52,0,2049,10229,0,100,14,0,0 '
Received from ('fd00::200:0:0:9', 8765, 0, 0): b' 192,9,4,768,0,12,1,2,4,1,1,-70,0,822,12410,8,100,3,0,0 '
Received from ('fd00::200:0:0:5', 8765, 0, 0): b' 194,5,1,512,0,13,5,1,5,1,1,-94,0,407,8401,13,100,1,0,0 '
Received from ('fd00::200:0:0:7', 8765, 0, 0): b' 196,7,4,768,0,12,3,2,7,1,2,-70,1,1077,15152,8,100,3,0,0 '
Received from ('fd00::200:0:0:4', 8765, 0, 0): b' 197,4,1,512,0,14,5,1,7,1,1,-66,4,1755,17243,13,100,1,0,0 '
Received from ('fd00::200:0:0:3', 8765, 0, 0): b' 199,3,1,512,0,13,5,1,7,1,2,-64,0,429,8254,10,100,2,0,0 '
Received from ('fd00::200:0:0:a', 8765, 0, 0): b' 199,10,2,768,0,4,1,3,4,1,1,-95,2,1418,10764,2,100,6,0,0 '
Received from ('fd00::200:0:0:f', 8765, 0, 0): b' 180,15,10,1196,0,0,0,4,1,0,1,-70,0,28,194941,0,100,1,0,0 '
Received from ('fd00::200:0:0:b', 8765, 0, 0): b' 199,11,7,1024,10,9,1,2,6,1,1,-52,0,779,9288,5,100,4,0,0 '
Received from ('fd00::200:0:0:2', 8765, 0, 0): b' 201,2,1,512,10,16,5,1,5,1,1,-88,3,1076,12511,13,100,2,0,0 '
Received from ('fd00::200:0:0:f', 8765, 0, 0): b' 186,15,10,1324,20,1,1,4,2,0,1,-70,0,1053,5026,0,100,9,0,0 '
Received from ('fd00::200:0:0:8', 8765, 0, 0): b' 200,8,4,768,0,13,3,2,6,1,2,-52,0,585,10506,8,100,3,0,0 '
Received from ('fd00::200:0:0:f', 8765, 0, 0): b' 195,15,10,1152,60,2,1,4,3,0,1,-70,0,1258,9058,1,100,10,0,0 '
Received from ('fd00::200:0:0:1', 5678, 0, 0): b' 202,1,0,256,0,8,0,0,4,0,0,0,10,1404,19840,83,100,1,0,0 '
Received from ('fd00::200:0:0:9', 8765, 0, 0): b' 201,9,4,768,0,12,1,2,4,1,1,-70,0,605,11072,9,100,3,0,0 '
Received from ('fd00::200:0:0:e', 8765, 0, 0): b' 202,14,10,1024,0,3,1,4,4,1,1,-52,0,1460,11262,1,100,10,0,0 '
Received from ('fd00::200:0:0:5', 8765, 0, 0): b' 203,5,1,512,0,13,5,1,5,1,1,-94,0,428,10419,13,100,2,0,0 '
Received from ('fd00::200:0:0:3', 8765, 0, 0): b' 204,3,1,512,0,13,5,1,7,1,2,-64,0,255,5943,10,100,1,0,0 '
Received from ('fd00::200:0:0:a', 8765, 0, 0): b' 204,10,2,768,0,5,1,3,4,1,1,-95,3,1602,9897,3,100,3,0,0 '
Received from ('fd00::200:0:0:7', 8765, 0, 0): b' 205,7,4,768,0,12,3,2,7,1,2,-70,1,759,13435,8,100,3,0,0 '
Received from ('fd00::200:0:0:4', 8765, 0, 0): b' 206,4,1,512,10,15,5,1,7,1,1,-66,4,1741,19626,14,100,2,0,0 '
Received from ('fd00::200:0:0:f', 8765, 0, 0): b' 206,15,10,1024,0,3,1,4,5,1,1,-70,1,1867,12744,1,100,7,0,0 '
Received from ('fd00::200:0:0:b', 8765, 0, 0): b' 207,11,7,1024,0,10,1,2,7,1,1,-52,0,904,10762,6,100,3,0,0 '
Received from ('fd00::200:0:0:5', 8765, 0, 0): b' 210,5,1,512,0,13,5,1,5,1,1,-94,0,452,7612,14,100,2,0,0 '
Received from ('fd00::200:0:0:3', 8765, 0, 0): b' 210,3,1,512,0,13,5,1,7,1,2,-64,0,354,7534,11,100,1,0,0 '
Received from ('fd00::200:0:0:a', 8765, 0, 0): b' 209,10,2,768,0,6,1,3,5,1,1,-95,3,1414,9367,3,100,2,0,0 '
Received from ('fd00::200:0:0:8', 8765, 0, 0): b' 210,8,4,768,0,13,3,2,6,1,2,-52,0,577,10997,9,100,3,0,0 '
Received from ('fd00::200:0:0:9', 8765, 0, 0): b' 211,9,4,768,0,13,1,2,4,1,1,-70,0,525,10830,9,100,3,0,0 '
Received from ('fd00::200:0:0:7', 8765, 0, 0): b' 211,7,4,768,10,12,3,2,7,1,2,-70,1,776,10105,9,100,1,0,0 '
Received from ('fd00::200:0:0:2', 8765, 0, 0): b' 212,2,1,512,10,16,5,1,5,1,1,-88,4,2672,20857,14,100,2,0,0 '
Received from ('fd00::200:0:0:1', 5678, 0, 0): b' 214,1,0,256,0,8,0,0,4,0,0,0,10,2281,26312,93,100,3,0,0 '
Received from ('fd00::200:0:0:e', 8765, 0, 0): b' 213,14,10,1024,0,3,1,4,5,1,1,-52,0,964,10605,2,100,6,0,0 '
Received from ('fd00::200:0:0:a', 8765, 0, 0): b' 213,10,2,768,10,6,1,3,5,1,1,-95,4,728,7174,3,100,2,0,0 '
Received from ('fd00::200:0:0:13', 8765, 0, 0): b' 195,19,15,1550,20,0,1,4,2,0,1,-52,0,270,55961,0,100,3,0,0 '
Received from ('fd00::200:0:0:4', 8765, 0, 0): b' 215,4,1,512,0,15,5,1,7,1,1,-66,4,1950,20792,14,100,1,0,0 '
Received from ('fd00::200:0:0:13', 8765, 0, 0): b' 202,19,15,1550,60,1,2,4,3,0,1,-52,0,1357,8149,0,100,9,0,0 '
Received from ('fd00::200:0:0:8', 8765, 0, 0): b' 215,8,4,768,0,13,3,2,6,1,2,-52,0,307,6713,9,100,1,0,0 '
Received from ('fd00::200:0:0:13', 8765, 0, 0): b' 206,19,15,1550,80,2,2,4,4,0,1,-52,0,347,3435,0,100,3,0,0 '
Received from ('fd00::200:0:0:12', 8765, 0, 0): b' 206,18,15,1550,50,2,1,4,4,0,1,-70,0,1768,10721,0,100,14,0,0 '
Received from ('fd00::200:0:0:b', 8765, 0, 0): b' 216,11,7,1024,0,10,1,2,7,1,1,-52,0,585,11056,6,100,2,0,0 '
Received from ('fd00::200:0:0:13', 8765, 0, 0): b' 211,19,15,1408,60,2,2,4,4,0,1,-52,0,771,4693,1,100,5,0,0 '
Received from ('fd00::200:0:0:3', 8765, 0, 0): b' 217,3,1,512,0,14,5,1,7,1,2,-64,0,721,9488,11,100,2,0,0 '
Received from ('fd00::200:0:0:12', 8765, 0, 0): b' 211,18,15,1408,100,2,1,4,4,0,1,-70,0,646,5372,1,100,4,0,0 '
Received from ('fd00::200:0:0:5', 8765, 0, 0): b' 219,5,1,512,10,13,5,1,5,1,1,-94,0,424,10500,15,100,2,0,0 '
Received from ('fd00::200:0:0:1', 5678, 0, 0): b' 219,1,0,256,0,8,0,0,4,0,0,0,10,1085,12204,98,100,1,0,0 '
Received from ('fd00::200:0:0:13', 8765, 0, 0): b' 216,19,15,1280,10,3,2,4,4,1,1,-52,0,1037,5837,1,100,3,0,0 '
Received from ('fd00::200:0:0:f', 8765, 0, 0): b' 219,15,10,1024,0,4,1,4,5,1,1,-70,2,3110,18062,2,100,7,0,0 '
Received from ('fd00::200:0:0:12', 8765, 0, 0): b' 219,18,15,1280,0,3,1,4,4,1,1,-70,0,1094,8120,1,100,5,0,0 '
Received from ('fd00::200:0:0:9', 8765, 0, 0): b' 220,9,4,768,0,13,1,2,4,1,1,-70,0,581,10392,10,100,3,0,0 '
Received from ('fd00::200:0:0:4', 8765, 0, 0): b' 221,4,1,512,20,15,5,1,7,1,1,-66,4,1009,12743,15,100,1,0,0 '
Received from ('fd00::200:0:0:e', 8765, 0, 0): b' 221,14,10,1024,0,4,1,4,5,1,1,-52,0,577,7055,2,100,4,0,0 '
Received from ('fd00::200:0:0:7', 8765, 0, 0): b' 220,7,4,768,0,13,3,2,7,1,2,-70,1,816,13459,9,100,3,0,0 '
Received from ('fd00::200:0:0:3', 8765, 0, 0): b' 222,3,1,512,0,14,5,1,7,1,2,-64,0,330,5549,12,100,1,0,0 '
Received from ('fd00::200:0:0:2', 8765, 0, 0): b' 222,2,1,512,0,17,5,1,5,1,1,-88,5,3280,20142,15,100,3,0,0 '
Received from ('fd00::200:0:0:5', 8765, 0, 0): b' 223,5,1,512,0,13,5,1,5,1,1,-94,0,236,5716,15,100,0,0,0 '
Received from ('fd00::200:0:0:a', 8765, 0, 0): b' 224,10,2,768,0,7,1,3,6,1,1,-95,4,3277,21693,4,100,5,0,0 '
Received from ('fd00::200:0:0:8', 8765, 0, 0): b' 224,8,4,768,0,13,3,2,6,1,2,-52,0,399,10229,9,100,2,0,0 '
Received from ('fd00::200:0:0:1', 5678, 0, 0): b' 225,1,0,256,0,8,0,0,4,0,0,0,10,1374,13870,106,100,1,0,0 '
Received from ('fd00::200:0:0:12', 8765, 0, 0): b' 224,18,15,1280,0,3,1,4,4,1,1,-70,0,532,5263,2,100,3,0,0 '
Received from ('fd00::200:0:0:4', 8765, 0, 0): b' 226,4,1,512,0,15,5,1,7,1,1,-66,4,1316,11279,15,100,1,0,0 '
Received from ('fd00::200:0:0:e', 8765, 0, 0): b' 226,14,10,1024,0,4,1,4,5,1,1,-52,0,433,4785,3,100,3,0,0 '
Received from ('fd00::200:0:0:f', 8765, 0, 0): b' 226,15,10,1024,0,5,1,4,6,1,1,-70,2,1371,12321,3,100,4,0,0 '
Received from ('fd00::200:0:0:9', 8765, 0, 0): b' 227,9,4,768,0,13,1,2,4,1,1,-70,0,280,7675,10,100,1,0,0 '
Received from ('fd00::200:0:0:b', 8765, 0, 0): b' 227,11,7,1024,10,11,1,2,7,1,1,-52,0,709,13341,7,100,4,0,0 '
Received from ('fd00::200:0:0:2', 8765, 0, 0): b' 229,2,1,512,0,17,5,1,5,1,1,-88,5,1450,12533,15,100,1,0,0 '
Received from ('fd00::200:0:0:3', 8765, 0, 0): b' 229,3,1,512,0,14,5,1,7,1,2,-64,0,303,8500,12,100,1,0,0 '
Received from ('fd00::200:0:0:13', 8765, 0, 0): b' 230,19,15,1280,0,4,2,4,4,1,1,-52,0,997,10577,2,100,6,0,0 '
Received from ('fd00::200:0:0:5', 8765, 0, 0): b' 229,5,1,512,0,13,5,1,5,1,1,-94,0,376,7183,15,100,2,0,0 '
Received from ('fd00::200:0:0:4', 8765, 0, 0): b' 232,4,1,512,0,15,5,1,7,1,1,-66,4,1060,13529,15,100,1,0,0 '
Received from ('fd00::200:0:0:7', 8765, 0, 0): b' 233,7,4,768,0,13,3,2,7,1,2,-70,1,1127,18674,10,100,3,0,0 '
Received from ('fd00::200:0:0:a', 8765, 0, 0): b' 233,10,2,768,10,8,1,3,6,1,1,-95,4,1803,16483,4,100,5,0,0 '
Received from ('fd00::200:0:0:e', 8765, 0, 0): b' 235,14,10,1024,0,4,1,4,5,1,1,-52,0,595,7646,3,100,3,0,0 '
Received from ('fd00::200:0:0:8', 8765, 0, 0): b' 235,8,4,768,0,13,3,2,6,1,2,-52,0,605,11534,10,100,3,0,0 '
Received from ('fd00::200:0:0:1', 5678, 0, 0): b' 234,1,0,256,0,8,0,0,4,0,0,0,10,1283,19642,110,100,1,0,0 '
Received from ('fd00::200:0:0:13', 8765, 0, 0): b' 234,19,15,1280,0,4,2,4,4,1,1,-52,0,355,4309,2,100,2,0,0 '
Received from ('fd00::200:0:0:3', 8765, 0, 0): b' 235,3,1,512,0,14,5,1,7,1,2,-64,0,354,7627,13,100,1,0,0 '
Received from ('fd00::200:0:0:f', 8765, 0, 0): b' 236,15,10,1024,0,6,1,4,6,1,1,-70,2,1320,14164,3,100,5,0,0 '
Received from ('fd00::200:0:0:12', 8765, 0, 0): b' 236,18,15,1280,0,4,1,4,4,1,1,-70,0,817,9932,2,100,6,0,0 '
Received from ('fd00::200:0:0:5', 8765, 0, 0): b' 236,5,1,512,0,13,5,1,5,1,1,-94,0,382,7762,16,100,1,0,0 '
Received from ('fd00::200:0:0:9', 8765, 0, 0): b' 236,9,4,768,0,15,1,2,4,1,1,-70,0,716,10782,11,100,3,0,0 '
Received from ('fd00::200:0:0:2', 8765, 0, 0): b' 238,2,1,512,0,18,5,1,5,1,1,-88,5,1765,14915,16,100,2,0,0 '
Received from ('fd00::200:0:0:b', 8765, 0, 0): b' 238,11,7,1024,10,11,1,2,7,1,1,-52,0,581,11991,8,100,3,0,0 '
Received from ('fd00::200:0:0:4', 8765, 0, 0): b' 241,4,1,512,0,15,5,1,7,1,1,-66,4,1984,21068,16,100,2,0,0 '
Received from ('fd00::200:0:0:a', 8765, 0, 0): b' 242,10,2,768,0,9,1,3,6,1,1,-95,4,1989,17772,5,100,4,0,0 '
Received from ('fd00::200:0:0:1', 5678, 0, 0): b' 241,1,0,256,0,8,0,0,4,0,0,0,10,1636,16702,121,100,2,0,0 '
Received from ('fd00::200:0:0:7', 8765, 0, 0): b' 242,7,4,768,0,13,3,2,7,1,2,-70,1,980,14914,11,100,2,0,0 '
Received from ('fd00::200:0:0:9', 8765, 0, 0): b' 243,9,4,768,10,15,1,2,4,1,1,-70,0,377,8220,11,100,2,0,0 '
Received from ('fd00::200:0:0:2', 8765, 0, 0): b' 244,2,1,512,0,18,5,1,5,1,1,-88,5,948,10421,16,100,1,0,0 '
Received from ('fd00::200:0:0:3', 8765, 0, 0): b' 244,3,1,512,0,14,5,1,7,1,2,-64,0,424,11279,13,100,2,0,0 '
Received from ('fd00::200:0:0:13', 8765, 0, 0): b' 245,19,15,1280,0,5,2,4,4,1,1,-52,0,1005,10148,3,100,6,0,0 '
Received from ('fd00::200:0:0:e', 8765, 0, 0): b' 246,14,10,1024,0,5,1,4,5,1,1,-52,0,846,10667,4,100,5,0,0 '
Received from ('fd00::200:0:0:f', 8765, 0, 0): b' 247,15,10,1024,10,7,1,4,6,1,1,-70,2,1547,19537,4,100,4,0,0 '
Received from ('fd00::200:0:0:8', 8765, 0, 0): b' 246,8,4,768,0,13,3,2,6,1,2,-52,0,533,13778,11,100,2,0,0 '
Received from ('fd00::200:0:0:a', 8765, 0, 0): b' 247,10,2,768,0,9,1,3,6,1,1,-95,4,975,8957,5,100,2,0,0 '
Received from ('fd00::200:0:0:b', 8765, 0, 0): b' 246,11,7,1024,0,12,1,2,7,1,1,-52,0,557,10432,8,100,3,0,0 '
Received from ('fd00::200:0:0:12', 8765, 0, 0): b' 246,18,15,1280,0,5,1,4,4,1,1,-70,0,776,9566,3,100,5,0,0 '
Received from ('fd00::200:0:0:5', 8765, 0, 0): b' 248,5,1,512,0,14,5,1,5,1,1,-94,0,555,13850,16,100,2,0,0 '
Received from ('fd00::200:0:0:3', 8765, 0, 0): b' 248,3,1,512,0,14,5,1,7,1,2,-64,0,256,4887,13,100,1,0,0 '
Received from ('fd00::200:0:0:9', 8765, 0, 0): b' 250,9,4,768,10,15,1,2,4,1,1,-70,0,461,7653,12,100,2,0,0 '
Received from ('fd00::200:0:0:1', 5678, 0, 0): b' 251,1,0,256,0,8,0,0,4,0,0,0,10,1410,20918,126,100,1,0,0 '
Received from ('fd00::200:0:0:4', 8765, 0, 0): b' 252,4,1,512,10,15,5,1,7,1,1,-66,4,1961,23265,16,100,2,0,0 '
Received from ('fd00::200:0:0:7', 8765, 0, 0): b' 252,7,4,768,0,13,3,2,7,1,2,-70,1,1046,15376,12,100,3,0,0 '
Received from ('fd00::200:0:0:e', 8765, 0, 0): b' 252,14,10,1024,0,5,1,4,5,1,1,-52,0,500,6810,4,100,3,0,0 '
Received from ('fd00::200:0:0:8', 8765, 0, 0): b' 253,8,4,768,0,13,3,2,6,1,2,-52,0,377,8097,11,100,2,0,0 '
Received from ('fd00::200:0:0:2', 8765, 0, 0): b' 254,2,1,512,10,18,5,1,5,1,1,-88,5,1738,17057,17,100,2,0,0 '
Received from ('fd00::200:0:0:5', 8765, 0, 0): b' 255,5,1,512,0,14,5,1,5,1,1,-94,0,379,8453,17,100,1,0,0 '
Received from ('fd00::200:0:0:b', 8765, 0, 0): b' 255,11,7,1024,0,12,1,2,7,1,1,-52,0,487,9793,9,100,2,0,0 '
Received from ('fd00::200:0:0:a', 8765, 0, 0): b' 255,10,2,768,0,9,1,3,6,1,1,-95,4,1492,17403,6,100,3,0,0 '
Received from ('fd00::200:0:0:f', 8765, 0, 0): b' 255,15,10,1024,10,8,1,4,6,1,1,-70,2,1475,19094,5,100,5,0,0 '
Received from ('fd00::200:0:0:13', 8765, 0, 0): b' 256,19,15,1280,0,5,2,4,4,1,1,-52,0,702,10340,4,100,4,0,0 '
Received from ('fd00::200:0:0:12', 8765, 0, 0): b' 256,18,15,1280,0,5,1,4,4,1,1,-70,0,675,10399,4,100,4,0,0 '
Received from ('fd00::200:0:0:7', 8765, 0, 0): b' 257,7,4,768,0,14,3,2,7,1,2,-70,1,599,8100,12,100,1,0,0 '
Received from ('fd00::200:0:0:3', 8765, 0, 0): b' 259,3,1,512,0,14,5,1,7,1,2,-64,0,527,12047,14,100,2,0,0 '
Received from ('fd00::200:0:0:9', 8765, 0, 0): b' 259,9,4,768,0,15,1,2,4,1,1,-70,0,495,11346,12,100,2,0,0 '
Received from ('fd00::200:0:0:8', 8765, 0, 0): b' 260,8,4,768,0,13,3,2,6,1,2,-52,0,363,8123,12,100,1,0,0 '
Received from ('fd00::200:0:0:2', 8765, 0, 0): b' 260,2,1,512,0,18,5,1,5,1,1,-88,5,1431,10973,17,100,1,0,0 '
Received from ('fd00::200:0:0:4', 8765, 0, 0): b' 260,4,1,512,0,15,5,1,7,1,1,-66,4,2086,19166,17,100,1,0,0 '
Received from ('fd00::200:0:0:5', 8765, 0, 0): b' 260,5,1,512,0,14,5,1,5,1,1,-94,0,279,6885,17,100,1,0,0 '
Received from ('fd00::200:0:0:a', 8765, 0, 0): b' 261,10,2,768,0,9,1,3,6,1,1,-95,4,1090,10924,6,100,2,0,0 '
Received from ('fd00::200:0:0:1', 5678, 0, 0): b' 262,1,0,256,0,8,0,0,4,0,0,0,10,1941,23051,135,100,2,0,0 '
Received from ('fd00::200:0:0:7', 8765, 0, 0): b' 263,7,4,768,0,14,3,2,7,1,2,-70,1,364,7996,12,100,1,0,0 '
Received from ('fd00::200:0:0:13', 8765, 0, 0): b' 261,19,15,1280,0,7,2,4,4,1,1,-52,0,611,7183,4,100,3,0,0 '
Received from ('fd00::200:0:0:9', 8765, 0, 0): b' 263,9,4,768,0,15,1,2,4,1,1,-70,0,340,5020,13,100,1,0,0 '
Received from ('fd00::200:0:0:e', 8765, 0, 0): b' 262,14,10,1024,0,6,1,4,5,1,1,-52,0,783,10487,5,100,4,0,0 '
Received from ('fd00::200:0:0:b', 8765, 0, 0): b' 264,11,7,1024,0,13,1,2,7,1,1,-52,0,592,11077,9,100,2,0,0 '
Received from ('fd00::200:0:0:f', 8765, 0, 0): b' 263,15,10,1024,10,9,1,4,6,1,1,-70,2,1133,13853,5,100,2,0,0 '
Received from ('fd00::200:0:0:4', 8765, 0, 0): b' 266,4,1,512,0,15,5,1,7,1,1,-66,4,1267,13838,17,100,1,0,0 '
Received from ('fd00::200:0:0:5', 8765, 0, 0): b' 266,5,1,512,0,14,5,1,5,1,1,-94,0,428,6254,18,100,1,0,0 '
Received from ('fd00::200:0:0:3', 8765, 0, 0): b' 267,3,1,512,0,15,5,1,7,1,2,-64,0,584,9973,15,100,2,0,0 '
Received from ('fd00::200:0:0:2', 8765, 0, 0): b' 267,2,1,512,0,20,5,1,5,1,1,-88,5,1472,12471,18,100,2,0,0 '
Received from ('fd00::200:0:0:13', 8765, 0, 0): b' 266,19,15,1280,0,7,2,4,4,1,1,-52,0,353,3900,4,100,2,0,0 '
Received from ('fd00::200:0:0:12', 8765, 0, 0): b' 266,18,15,1280,0,5,1,4,4,1,1,-70,0,645,9911,4,100,4,0,0 '
Received from ('fd00::200:0:0:7', 8765, 0, 0): b' 268,7,4,768,0,15,3,2,7,1,2,-70,1,876,9183,13,100,2,0,0 '
Received from ('fd00::200:0:0:b', 8765, 0, 0): b' 268,11,7,1024,0,13,1,2,7,1,1,-52,0,366,6125,10,100,1,0,0 '
Received from ('fd00::200:0:0:1', 5678, 0, 0): b' 269,1,0,256,0,8,0,0,4,0,0,0,10,1727,17928,144,100,2,0,0 '
Received from ('fd00::200:0:0:a', 8765, 0, 0): b' 270,10,2,768,10,9,1,3,6,1,1,-95,4,1677,16511,7,100,3,0,0 '
Received from ('fd00::200:0:0:8', 8765, 0, 0): b' 270,8,4,768,0,15,3,2,6,1,2,-52,0,837,13329,13,100,4,0,0 '
Received from ('fd00::200:0:0:5', 8765, 0, 0): b' 271,5,1,512,0,14,5,1,5,1,1,-94,0,307,6140,18,100,1,0,0 '
Received from ('fd00::200:0:0:e', 8765, 0, 0): b' 269,14,10,1024,0,6,1,4,5,1,1,-52,0,459,6416,6,100,2,0,0 '
Received from ('fd00::200:0:0:4', 8765, 0, 0): b' 271,4,1,512,0,16,5,1,7,1,1,-66,4,1543,13317,18,100,1,0,0 '
Received from ('fd00::200:0:0:b', 8765, 0, 0): b' 273,11,7,1024,0,13,1,2,7,1,1,-52,0,258,5407,10,100,1,0,0 '
Received from ('fd00::200:0:0:f', 8765, 0, 0): b' 273,15,10,1024,0,9,1,4,6,1,1,-70,2,1399,19162,6,100,3,0,0 '
Received from ('fd00::200:0:0:2', 8765, 0, 0): b' 275,2,1,512,10,20,5,1,5,1,1,-88,5,1725,14143,18,100,2,0,0 '
Received from ('fd00::200:0:0:9', 8765, 0, 0): b' 275,9,4,768,0,15,1,2,4,1,1,-70,0,518,13625,13,100,2,0,0 '
Received from ('fd00::200:0:0:12', 8765, 0, 0): b' 274,18,15,1280,0,6,1,4,4,1,1,-70,0,534,6209,5,100,3,0,0 '
Received from ('fd00::200:0:0:1', 5678, 0, 0): b' 275,1,0,256,0,8,0,0,4,0,0,0,10,865,12120,147,100,1,0,0 '
Received from ('fd00::200:0:0:3', 8765, 0, 0): b' 276,3,1,512,0,15,5,1,7,1,2,-64,0,303,9915,15,100,1,0,0 '
Received from ('fd00::200:0:0:4', 8765, 0, 0): b' 276,4,1,512,0,16,5,1,7,1,1,-66,4,753,8641,18,100,1,0,0 '
Received from ('fd00::200:0:0:a', 8765, 0, 0): b' 276,10,2,768,0,10,1,3,6,1,1,-95,4,1489,13667,7,100,3,0,0 '
Received from ('fd00::200:0:0:7', 8765, 0, 0): b' 278,7,4,768,0,15,3,2,7,1,2,-70,1,812,13978,13,100,2,0,0 '
Received from ('fd00::200:0:0:13', 8765, 0, 0): b' 279,19,15,1280,0,7,2,4,4,1,1,-52,0,699,10819,5,100,4,0,0 '
Received from ('fd00::200:0:0:f', 8765, 0, 0): b' 279,15,10,1024,0,9,1,4,6,1,1,-70,2,847,10410,6,100,2,0,0 '
Received from ('fd00::200:0:0:2', 8765, 0, 0): b' 280,2,1,512,10,20,5,1,5,1,1,-88,5,1057,9397,19,100,1,0,0 '
Received from ('fd00::200:0:0:8', 8765, 0, 0): b' 280,8,4,768,0,15,3,2,6,1,2,-52,0,425,11385,13,100,2,0,0 '
Received from ('fd00::200:0:0:b', 8765, 0, 0): b' 282,11,7,1024,0,13,1,2,7,1,1,-52,0,459,9745,11,100,2,0,0 '
Received from ('fd00::200:0:0:5', 8765, 0, 0): b' 281,5,1,512,0,14,5,1,5,1,1,-94,0,499,12482,19,100,2,0,0 '
Received from ('fd00::200:0:0:e', 8765, 0, 0): b' 280,14,10,1024,10,6,1,4,5,1,1,-52,0,522,9820,6,100,3,0,0 '
Received from ('fd00::200:0:0:a', 8765, 0, 0): b' 283,10,2,768,0,10,1,3,6,1,1,-95,4,1105,12371,8,100,2,0,0 '
Received from ('fd00::200:0:0:4', 8765, 0, 0): b' 284,4,1,512,10,16,5,1,7,1,1,-66,4,1863,19208,19,100,2,0,0 '
Received from ('fd00::200:0:0:1', 5678, 0, 0): b' 284,1,0,256,0,9,0,0,4,0,0,0,10,1717,20001,157,100,2,0,0 '
Received from ('fd00::200:0:0:9', 8765, 0, 0): b' 285,9,4,768,0,15,1,2,4,1,1,-70,0,593,11788,14,100,2,0,0 '
Received from ('fd00::200:0:0:3', 8765, 0, 0): b' 285,3,1,512,0,15,5,1,7,1,2,-64,0,499,11178,16,100,2,0,0 '
Received from ('fd00::200:0:0:12', 8765, 0, 0): b' 284,18,15,1280,0,7,1,4,4,1,1,-70,0,736,9423,5,100,3,0,0 '
Received from ('fd00::200:0:0:7', 8765, 0, 0): b' 288,7,4,768,0,15,3,2,7,1,2,-70,1,977,15605,14,100,2,0,0 '
Received from ('fd00::200:0:0:5', 8765, 0, 0): b' 289,5,1,512,0,15,6,1,5,1,1,-94,0,491,9329,19,100,1,0,0 '
Received from ('fd00::200:0:0:2', 8765, 0, 0): b' 290,2,1,512,10,20,6,1,5,1,1,-88,5,1577,16010,19,100,1,0,0 '
Received from ('fd00::200:0:0:f', 8765, 0, 0): b' 289,15,10,1024,0,10,1,4,6,1,1,-70,2,1228,17632,7,100,3,0,0 '
Received from ('fd00::200:0:0:9', 8765, 0, 0): b' 290,9,4,768,0,15,1,2,4,1,1,-70,0,350,6169,14,100,1,0,0 '
Received from ('fd00::200:0:0:e', 8765, 0, 0): b' 289,14,10,1024,0,6,1,4,5,1,1,-52,0,646,8688,7,100,3,0,0 '
Received from ('fd00::200:0:0:b', 8765, 0, 0): b' 290,11,7,1024,0,13,1,2,7,1,1,-52,0,455,10703,11,100,2,0,0 '
Received from ('fd00::200:0:0:13', 8765, 0, 0): b' 290,19,15,1280,0,7,2,4,4,1,1,-52,0,650,10354,6,100,3,0,0 '
Received from ('fd00::200:0:0:8', 8765, 0, 0): b' 292,8,4,768,0,15,3,2,6,1,2,-52,0,579,12942,14,100,2,0,0 '
Received from ('fd00::200:0:0:12', 8765, 0, 0): b' 290,18,15,1280,10,7,1,4,4,1,1,-70,0,540,6210,6,100,2,0,0 '
Received from ('fd00::200:0:0:a', 8765, 0, 0): b' 292,10,2,768,0,10,1,3,6,1,1,-95,4,1920,17861,8,100,2,0,0 '
Received from ('fd00::200:0:0:1', 5678, 0, 0): b' 292,1,0,256,0,9,0,0,4,0,0,0,10,1446,17224,161,100,2,0,0 '
Received from ('fd00::200:0:0:7', 8765, 0, 0): b' 293,7,4,768,0,15,3,2,7,1,2,-70,1,593,7361,14,100,1,0,0 '
Received from ('fd00::200:0:0:b', 8765, 0, 0): b' 295,11,7,1024,0,14,1,2,7,1,1,-52,0,388,5156,11,100,2,0,0 '
Received from ('fd00::200:0:0:f', 8765, 0, 0): b' 294,15,10,1024,0,10,1,4,6,1,1,-70,2,826,9426,7,100,1,0,0 '
Received from ('fd00::200:0:0:3', 8765, 0, 0): b' 296,3,1,512,0,15,6,1,7,1,2,-64,0,505,12820,16,100,2,0,0 '
Received from ('fd00::200:0:0:4', 8765, 0, 0): b' 296,4,1,512,0,16,6,1,7,1,1,-66,4,2366,26327,19,100,2,0,0 '
Received from ('fd00::200:0:0:5', 8765, 0, 0): b' 296,5,1,512,0,15,6,1,5,1,1,-94,0,475,8450,20,100,2,0,0 '
Received from ('fd00::200:0:0:2', 8765, 0, 0): b' 297,2,1,512,0,20,6,1,5,1,1,-88,5,1663,12798,20,100,2,0,0 '
Received from ('fd00::200:0:0:a', 8765, 0, 0): b' 296,10,2,768,0,11,1,3,6,1,1,-95,4,832,9231,9,100,2,0,0 '
Received from ('fd00::200:0:0:7', 8765, 0, 0): b' 298,7,4,768,10,15,3,2,7,1,2,-70,1,695,8988,15,100,1,0,0 '
Received from ('fd00::200:0:0:9', 8765, 0, 0): b' 299,9,4,768,0,15,1,2,4,1,1,-70,0,484,10705,15,100,2,0,0 '
Received from ('fd00::200:0:0:e', 8765, 0, 0): b' 300,14,10,1024,0,6,1,4,5,1,1,-52,0,578,9057,8,100,3,0,0 '
Received from ('fd00::200:0:0:b', 8765, 0, 0): b' 300,11,7,1024,0,14,1,2,7,1,1,-52,0,366,6793,12,100,1,0,0 '
Received from ('fd00::200:0:0:8', 8765, 0, 0): b' 301,8,4,768,0,15,3,2,6,1,2,-52,0,509,11687,15,100,2,0,0 '
Received from ('fd00::200:0:0:13', 8765, 0, 0): b' 300,19,15,1280,0,7,2,4,4,1,1,-52,0,604,10017,7,100,3,0,0 '
Received from ('fd00::200:0:0:3', 8765, 0, 0): b' 303,3,1,512,0,15,6,1,7,1,2,-64,0,425,8206,17,100,1,0,0 '
Received from ('fd00::200:0:0:f', 8765, 0, 0): b' 302,15,10,1024,0,10,1,4,6,1,1,-70,2,991,13598,8,100,2,0,0 '
Received from ('fd00::200:0:0:1', 5678, 0, 0): b' 303,1,0,256,0,9,0,0,4,0,0,0,10,2047,24144,173,100,1,0,0 '
Received from ('fd00::200:0:0:12', 8765, 0, 0): b' 302,18,15,1280,0,7,1,4,4,1,1,-70,0,604,10751,7,100,3,0,0 '
Received from ('fd00::200:0:0:4', 8765, 0, 0): b' 304,4,1,512,0,16,6,1,7,1,1,-66,4,1940,20627,20,100,1,0,0 '
Received from ('fd00::200:0:0:5', 8765, 0, 0): b' 304,5,1,512,10,15,6,1,5,1,1,-94,0,307,9240,20,100,1,0,0 '
Received from ('fd00::200:0:0:7', 8765, 0, 0): b' 306,7,4,768,0,15,3,2,7,1,2,-70,1,770,12056,15,100,2,0,0 '
Received from ('fd00::200:0:0:9', 8765, 0, 0): b' 306,9,4,768,0,16,1,2,4,1,1,-70,0,405,8109,15,100,2,0,0 '
Received from ('fd00::200:0:0:e', 8765, 0, 0): b' 305,14,10,1024,0,6,1,4,5,1,1,-52,0,280,5640,8,100,1,0,0 '
Received from ('fd00::200:0:0:b', 8765, 0, 0): b' 306,11,7,1024,0,14,1,2,7,1,1,-52,0,282,6802,12,100,1,0,0 '
Received from ('fd00::200:0:0:3', 8765, 0, 0): b' 308,3,1,512,0,16,6,1,7,1,2,-64,0,386,5908,17,100,1,0,0 '
Received from ('fd00::200:0:0:2', 8765, 0, 0): b' 309,2,1,512,10,21,6,1,5,1,1,-88,5,2085,20057,20,100,2,0,0 '
Received from ('fd00::200:0:0:a', 8765, 0, 0): b' 308,10,2,768,0,11,1,3,6,1,1,-95,4,2065,22196,9,100,3,0,0 '
Received from ('fd00::200:0:0:13', 8765, 0, 0): b' 307,19,15,1280,0,7,2,4,4,1,1,-52,0,379,6569,7,100,2,0,0 '
Received from ('fd00::200:0:0:12', 8765, 0, 0): b' 308,18,15,1280,0,7,1,4,4,1,1,-70,0,403,6589,7,100,2,0,0 '
Received from ('fd00::200:0:0:f', 8765, 0, 0): b' 309,15,10,1024,0,10,1,4,6,1,1,-70,2,1076,14417,8,100,2,0,0 '
Received from ('fd00::200:0:0:4', 8765, 0, 0): b' 311,4,1,512,0,16,6,1,7,1,1,-66,4,1249,14778,20,100,2,0,0 '
Received from ('fd00::200:0:0:1', 5678, 0, 0): b' 311,1,0,256,0,9,0,0,4,0,0,0,10,1327,17906,177,100,2,0,0 '
Received from ('fd00::200:0:0:e', 8765, 0, 0): b' 310,14,10,1024,0,6,1,4,5,1,1,-52,0,353,4452,8,100,2,0,0 '
Received from ('fd00::200:0:0:b', 8765, 0, 0): b' 311,11,7,1024,0,14,1,2,7,1,1,-52,0,355,6027,12,100,2,0,0 '
Received from ('fd00::200:0:0:9', 8765, 0, 0): b' 312,9,4,768,0,16,1,2,4,1,1,-70,0,363,6767,16,100,1,0,0 '
Received from ('fd00::200:0:0:8', 8765, 0, 0): b' 313,8,4,768,0,16,3,2,6,1,2,-52,0,556,13211,15,100,2,0,0 '
Received from ('fd00::200:0:0:7', 8765, 0, 0): b' 314,7,4,768,0,15,3,2,7,1,2,-70,1,950,12397,16,100,1,0,0 '
Received from ('fd00::200:0:0:3', 8765, 0, 0): b' 314,3,1,512,0,16,6,1,7,1,2,-64,0,354,8219,18,100,1,0,0 '
Received from ('fd00::200:0:0:5', 8765, 0, 0): b' 316,5,1,512,0,15,6,1,5,1,1,-94,0,524,13348,21,100,2,0,0 '
Received from ('fd00::200:0:0:13', 8765, 0, 0): b' 314,19,15,1280,0,8,2,4,4,1,1,-52,0,778,7535,8,100,2,0,0 '
Received from ('fd00::200:0:0:f', 8765, 0, 0): b' 316,15,10,1024,0,10,1,4,6,1,1,-70,2,872,11799,9,100,1,0,0 '
Received from ('fd00::200:0:0:1', 5678, 0, 0): b' 317,1,0,256,0,9,0,0,4,0,0,0,10,1321,14391,186,100,1,0,0 '
Received from ('fd00::200:0:0:12', 8765, 0, 0): b' 316,18,15,1280,0,8,1,4,4,1,1,-70,0,558,7855,8,100,3,0,0 '
Received from ('fd00::200:0:0:4', 8765, 0, 0): b' 318,4,1,512,0,16,6,1,7,1,1,-66,4,1809,16090,21,100,1,0,0 '
Received from ('fd00::200:0:0:2', 8765, 0, 0): b' 318,2,1,512,0,21,6,1,5,1,1,-88,5,2394,17874,21,100,2,0,0 '
Received from ('fd00::200:0:0:7', 8765, 0, 0): b' 318,7,4,768,10,15,3,2,7,1,2,-70,1,392,6974,16,100,1,0,0 '
Received from ('fd00::200:0:0:3', 8765, 0, 0): b' 318,3,1,512,0,16,6,1,7,1,2,-64,0,279,5934,18,100,1,0,0 '
Received from ('fd00::200:0:0:b', 8765, 0, 0): b' 317,11,7,1024,0,14,1,2,7,1,1,-52,0,394,7565,13,100,1,0,0 '
Received from ('fd00::200:0:0:a', 8765, 0, 0): b' 319,10,2,768,0,12,1,3,6,1,1,-95,4,2519,21937,10,100,4,0,0 '
Received from ('fd00::200:0:0:8', 8765, 0, 0): b' 320,8,4,768,0,16,3,2,6,1,2,-52,0,461,8123,16,100,2,0,0 '
Received from ('fd00::200:0:0:9', 8765, 0, 0): b' 320,9,4,768,0,17,1,2,4,1,1,-70,0,507,9644,16,100,2,0,0 '
Received from ('fd00::200:0:0:e', 8765, 0, 0): b' 319,14,10,1024,0,7,1,4,5,1,1,-52,0,582,8435,9,100,3,0,0 '
Received from ('fd00::200:0:0:14', 8765, 0, 0): b' 312,20,18,1920,10,0,0,6,1,0,1,-95,0,318,170940,0,100,3,0,0 '
Received from ('fd00::200:0:0:14', 8765, 0, 0): b' 316,20,18,1920,60,1,1,6,1,0,1,-95,0,485,3786,1,100,5,0,0 '
Received from ('fd00::200:0:0:5', 8765, 0, 0): b' 323,5,1,512,0,15,6,1,5,1,1,-94,0,429,8713,21,100,2,0,0 '
Received from ('fd00::200:0:0:12', 8765, 0, 0): b' 322,18,15,1280,10,8,1,4,5,1,1,-70,1,1097,7572,8,100,2,0,0 '
Received from ('fd00::200:0:0:3', 8765, 0, 0): b' 323,3,1,512,0,16,6,1,7,1,2,-64,0,255,5422,18,100,1,0,0 '
Received from ('fd00::200:0:0:14', 8765, 0, 0): b' 321,20,18,1780,30,1,1,6,2,1,1,-95,0,1111,5354,1,100,5,0,0 '
Received from ('fd00::200:0:0:2', 8765, 0, 0): b' 326,2,1,512,10,21,6,1,5,1,1,-88,7,1762,13839,22,100,1,0,0 '
Received from ('fd00::200:0:0:a', 8765, 0, 0): b' 326,10,2,768,0,12,1,3,6,1,1,-95,6,1750,14339,11,100,2,0,0 '
Received from ('fd00::200:0:0:4', 8765, 0, 0): b' 327,4,1,512,0,17,6,1,7,1,1,-66,4,1961,20117,21,100,1,0,0 '
Received from ('fd00::200:0:0:f', 8765, 0, 0): b' 325,15,10,1024,10,10,1,4,7,1,1,-70,4,1788,18433,9,100,3,0,0 '
Received from ('fd00::200:0:0:9', 8765, 0, 0): b' 327,9,4,768,0,17,1,2,5,1,1,-70,0,364,8382,17,100,1,0,0 '
Received from ('fd00::200:0:0:10', 8765, 0, 0): b' 323,16,17,2432,10,0,0,6,1,0,1,-52,0,270,203587,0,100,3,0,0 '
Received from ('fd00::200:0:0:13', 8765, 0, 0): b' 326,19,15,1280,0,9,2,4,6,1,1,-52,0,647,11277,8,100,4,0,0 '
Received from ('fd00::200:0:0:7', 8765, 0, 0): b' 329,7,4,768,0,15,3,2,7,1,2,-70,1,949,15340,17,100,2,0,0 '
Received from ('fd00::200:0:0:14', 8765, 0, 0): b' 327,20,18,1536,0,2,1,6,3,1,1,-95,2,1706,8591,1,100,5,0,0 '
Received from ('fd00::200:0:0:b', 8765, 0, 0): b' 329,11,7,1024,0,14,1,2,7,1,1,-52,0,535,13601,14,100,2,0,0 '
Received from ('fd00::200:0:0:1', 5678, 0, 0): b' 329,1,0,256,0,9,0,0,4,0,0,0,10,2411,27177,196,100,2,0,0 '
Received from ('fd00::200:0:0:11', 8765, 0, 0): b' 318,17,20,2176,0,0,0,6,1,0,1,-70,0,0,5172,0,100,0,0,0 '
Received from ('fd00::200:0:0:e', 8765, 0, 0): b' 329,14,10,1024,0,7,1,4,6,1,1,-52,0,481,9601,10,100,2,0,0 '
Received from ('fd00::200:0:0:3', 8765, 0, 0): b' 330,3,1,512,0,16,6,1,7,1,2,-64,0,354,8063,19,100,1,0,0 '
Received from ('fd00::200:0:0:5', 8765, 0, 0): b' 330,5,1,512,10,16,6,1,5,1,1,-94,0,596,8245,22,100,1,0,0 '
Received from ('fd00::200:0:0:8', 8765, 0, 0): b' 330,8,4,768,0,16,3,2,7,1,2,-52,0,532,13928,17,100,2,0,0 '
Received from ('fd00::200:0:0:10', 8765, 0, 0): b' 328,16,20,1840,0,2,2,6,2,1,2,-52,0,1563,7977,1,100,8,0,0 '
Received from ('fd00::200:0:0:a', 8765, 0, 0): b' 332,10,2,768,10,12,1,3,6,1,1,-95,7,2377,15221,11,100,1,0,0 '
Received from ('fd00::200:0:0:11', 8765, 0, 0): b' 329,17,20,1840,0,1,1,6,2,1,1,-70,0,2007,12341,1,100,10,0,0 '
Received from ('fd00::200:0:0:13', 8765, 0, 0): b' 331,19,15,1280,0,9,2,4,6,1,1,-52,0,411,4947,9,100,2,0,0 '
Received from ('fd00::200:0:0:12', 8765, 0, 0): b' 332,18,15,1280,0,8,1,4,5,1,1,-70,3,2078,15270,9,100,2,0,0 '
Received from ('fd00::200:0:0:f', 8765, 0, 0): b' 333,15,10,1024,0,10,1,4,7,1,1,-70,5,2573,18704,10,100,2,0,0 '
Received from ('fd00::200:0:0:7', 8765, 0, 0): b' 335,7,4,768,0,15,3,2,7,1,2,-70,1,543,9513,17,100,1,0,0 '
Received from ('fd00::200:0:0:4', 8765, 0, 0): b' 336,4,1,512,0,17,6,1,7,1,1,-66,4,2092,19929,22,100,2,0,0 '
Received from ('fd00::200:0:0:8', 8765, 0, 0): b' 335,8,4,768,0,16,3,2,7,1,2,-52,0,280,6149,17,100,1,0,0 '
Received from ('fd00::200:0:0:3', 8765, 0, 0): b' 336,3,1,512,0,16,6,1,7,1,2,-64,0,279,7196,19,100,1,0,0 '
Received from ('fd00::200:0:0:2', 8765, 0, 0): b' 337,2,1,512,10,21,6,1,5,1,1,-88,8,3488,22232,22,100,2,0,0 '
Received from ('fd00::200:0:0:9', 8765, 0, 0): b' 335,9,4,768,0,17,1,2,5,1,1,-70,0,424,10584,17,100,2,0,0 '
Received from ('fd00::200:0:0:14', 8765, 0, 0): b' 335,20,18,1536,0,3,1,6,3,1,1,-95,2,1670,13193,2,100,5,0,0 '
Received from ('fd00::200:0:0:b', 8765, 0, 0): b' 336,11,7,1024,0,14,1,2,7,1,1,-52,0,432,8852,14,100,2,0,0 '
Received from ('fd00::200:0:0:f', 8765, 0, 0): b' 337,15,10,1024,0,10,1,4,7,1,1,-70,5,525,7925,10,100,1,0,0 '
Received from ('fd00::200:0:0:1', 5678, 0, 0): b' 338,1,0,256,0,9,0,0,4,0,0,0,10,1669,19882,204,100,2,0,0 '
Received from ('fd00::200:0:0:5', 8765, 0, 0): b' 338,5,1,512,0,16,6,1,5,1,1,-94,0,328,9911,22,100,1,0,0 '
Received from ('fd00::200:0:0:e', 8765, 0, 0): b' 337,14,10,1024,0,8,1,4,6,1,1,-52,0,510,7474,10,100,2,0,0 '
Received from ('fd00::200:0:0:10', 8765, 0, 0): b' 337,16,20,1792,0,2,2,6,2,1,2,-52,0,791,7906,1,100,6,0,0 '
Received from ('fd00::200:0:0:11', 8765, 0, 0): b' 337,17,20,1792,0,3,1,6,2,1,1,-70,0,995,7556,1,100,8,0,0 '
Received from ('fd00::200:0:0:2', 8765, 0, 0): b' 341,2,1,512,0,22,6,1,5,1,1,-88,8,1371,8136,22,100,1,0,0 '
Received from ('fd00::200:0:0:12', 8765, 0, 0): b' 341,18,15,1280,0,8,1,4,5,1,1,-70,3,1036,11071,9,100,2,0,0 '
Received from ('fd00::200:0:0:a', 8765, 0, 0): b' 342,10,2,768,0,12,1,3,6,1,1,-95,7,2368,19485,12,100,3,0,0 '
Received from ('fd00::200:0:0:7', 8765, 0, 0): b' 342,7,4,768,10,16,3,2,7,1,2,-70,1,851,11472,18,100,1,0,0 '
Received from ('fd00::200:0:0:14', 8765, 0, 0): b' 341,20,18,1536,0,3,1,6,3,1,1,-95,2,1115,9984,2,100,4,0,0 '
Received from ('fd00::200:0:0:e', 8765, 0, 0): b' 342,14,10,1024,0,8,1,4,6,1,1,-52,0,258,4292,10,100,1,0,0 '
Received from ('fd00::200:0:0:5', 8765, 0, 0): b' 344,5,1,512,0,16,6,1,5,1,1,-94,0,330,6553,23,100,1,0,0 '
Received from ('fd00::200:0:0:13', 8765, 0, 0): b' 342,19,15,1280,10,9,2,4,6,1,1,-52,0,449,9795,10,100,2,0,0 '
Received from ('fd00::200:0:0:3', 8765, 0, 0): b' 344,3,1,512,0,16,6,1,7,1,2,-64,0,499,10260,20,100,2,0,0 '
Received from ('fd00::200:0:0:4', 8765, 0, 0): b' 346,4,1,512,0,17,6,1,7,1,1,-66,4,2123,22049,23,100,2,0,0 '
Received from ('fd00::200:0:0:8', 8765, 0, 0): b' 345,8,4,768,0,16,3,2,7,1,2,-52,0,456,11134,18,100,2,0,0 '
Received from ('fd00::200:0:0:2', 8765, 0, 0): b' 346,2,1,512,10,22,6,1,5,1,1,-88,8,1625,10595,23,100,1,0,0 '
Received from ('fd00::200:0:0:a', 8765, 0, 0): b' 346,10,2,768,0,12,1,3,6,1,1,-95,7,1305,9276,12,100,1,0,0 '
Received from ('fd00::200:0:0:1', 5678, 0, 0): b' 347,1,0,256,0,9,0,0,4,0,0,0,10,1900,20050,216,100,1,0,0 '
Received from ('fd00::200:0:0:f', 8765, 0, 0): b' 346,15,10,1024,0,12,1,5,7,1,1,-70,5,2159,18673,11,100,4,0,0 '
Received from ('fd00::200:0:0:9', 8765, 0, 0): b' 347,9,4,768,0,17,1,2,5,1,1,-70,0,533,13814,18,100,2,0,0 '
Received from ('fd00::200:0:0:e', 8765, 0, 0): b' 347,14,10,1024,0,8,1,4,6,1,1,-52,0,435,5520,11,100,2,0,0 '
Received from ('fd00::200:0:0:b', 8765, 0, 0): b' 348,11,7,1024,10,16,1,2,7,1,1,-52,0,747,14383,15,100,3,0,0 '
Received from ('fd00::200:0:0:12', 8765, 0, 0): b' 348,18,15,1280,0,9,1,4,5,1,1,-70,3,823,8844,10,100,3,0,0 '
Received from ('fd00::200:0:0:4', 8765, 0, 0): b' 350,4,1,512,0,17,6,1,7,1,1,-66,4,934,9731,23,100,1,0,0 '
Received from ('fd00::200:0:0:14', 8765, 0, 0): b' 349,20,15,1408,70,4,3,6,5,0,2,-70,2,1566,12667,2,100,4,0,0 '
Received from ('fd00::200:0:0:1', 5678, 0, 0): b' 352,1,0,256,0,9,0,0,4,0,0,0,10,580,10098,216,100,1,0,0 '
Received from ('fd00::200:0:0:7', 8765, 0, 0): b' 352,7,4,768,0,17,3,2,7,1,2,-70,1,1083,15748,18,100,3,0,0 '
Received from ('fd00::200:0:0:3', 8765, 0, 0): b' 353,3,1,512,0,17,6,1,7,1,2,-64,0,409,8794,20,100,2,0,0 '
Received from ('fd00::200:0:0:f', 8765, 0, 0): b' 352,15,10,1024,0,12,1,5,7,1,1,-70,5,1200,11337,11,100,1,0,0 '
Received from ('fd00::200:0:0:2', 8765, 0, 0): b' 353,2,1,512,10,22,6,1,5,1,1,-88,8,1609,12674,23,100,1,0,0 '
Received from ('fd00::200:0:0:11', 8765, 0, 0): b' 348,17,20,1792,0,4,1,6,3,1,1,-70,0,939,10105,2,100,6,0,0 '
Received from ('fd00::200:0:0:e', 8765, 0, 0): b' 352,14,10,1024,0,9,1,4,6,1,1,-52,0,359,5098,11,100,2,0,0 '
Received from ('fd00::200:0:0:8', 8765, 0, 0): b' 354,8,4,768,0,16,3,2,7,1,2,-52,0,468,11609,18,100,1,0,0 '
Received from ('fd00::200:0:0:5', 8765, 0, 0): b' 355,5,1,512,0,16,6,1,5,1,1,-94,0,523,13007,24,100,2,0,0 '
Received from ('fd00::200:0:0:13', 8765, 0, 0): b' 354,19,15,1280,10,11,2,4,6,1,1,-52,0,807,11714,10,100,5,0,0 '
Received from ('fd00::200:0:0:11', 8765, 0, 0): b' 355,17,20,1536,0,5,1,6,3,1,1,-70,0,787,7048,2,100,4,0,0 '
Received from ('fd00::200:0:0:b', 8765, 0, 0): b' 356,11,7,1024,0,17,1,2,7,1,1,-52,0,517,10239,16,100,2,0,0 '
Received from ('fd00::200:0:0:1', 5678, 0, 0): b' 357,1,0,256,0,9,0,0,4,0,0,0,10,1443,13417,224,100,2,0,0 '
Received from ('fd00::200:0:0:a', 8765, 0, 0): b' 357,10,2,768,0,14,1,3,6,1,1,-95,7,2802,23397,13,100,4,0,0 '
Received from ('fd00::200:0:0:4', 8765, 0, 0): b' 357,4,1,512,0,17,6,1,7,1,1,-66,4,1711,18858,24,100,1,0,0 '
Received from ('fd00::200:0:0:14', 8765, 0, 0): b' 356,20,15,1280,0,5,3,6,5,1,2,-70,2,1277,11634,2,100,4,0,0 '
Received from ('fd00::200:0:0:12', 8765, 0, 0): b' 357,18,15,1280,0,11,1,4,5,1,1,-70,3,635,11968,10,100,3,0,0 '
Received from ('fd00::200:0:0:7', 8765, 0, 0): b' 359,7,4,768,0,18,3,2,7,1,2,-70,1,881,10646,19,100,2,0,0 '
Received from ('fd00::200:0:0:9', 8765, 0, 0): b' 358,9,4,768,10,17,1,2,5,1,1,-70,0,509,13756,19,100,2,0,0 '
Received from ('fd00::200:0:0:3', 8765, 0, 0): b' 360,3,1,512,0,18,6,1,7,1,2,-64,0,820,10865,21,100,2,0,0 '
Received from ('fd00::200:0:0:f', 8765, 0, 0): b' 362,15,10,1024,0,12,1,6,7,1,1,-70,5,2391,23666,12,100,3,0,0 '
Received from ('fd00::200:0:0:1', 5678, 0, 0): b' 363,1,0,256,0,9,0,0,4,0,0,0,10,984,12150,232,100,0,0,0 '
Received from ('fd00::200:0:0:2', 8765, 0, 0): b' 364,2,1,512,10,23,6,1,5,1,1,-88,8,2975,21151,24,100,3,0,0 '
Received from ('fd00::200:0:0:a', 8765, 0, 0): b' 363,10,2,768,0,14,1,3,6,1,1,-95,7,1812,13769,13,100,2,0,0 '
Received from ('fd00::200:0:0:8', 8765, 0, 0): b' 363,8,4,768,0,18,3,2,7,1,2,-52,0,717,11694,19,100,3,0,0 '
Received from ('fd00::200:0:0:e', 8765, 0, 0): b' 363,14,10,1024,0,10,1,4,6,1,1,-52,0,608,9860,12,100,3,0,0 '
Received from ('fd00::200:0:0:10', 8765, 0, 0): b' 348,16,15,1408,40,4,4,6,4,0,3,-52,0,1371,10910,1,100,8,0,0 '
Received from ('fd00::200:0:0:b', 8765, 0, 0): b' 365,11,7,1024,0,17,1,2,7,1,1,-52,0,404,10903,16,100,2,0,0 '
Received from ('fd00::200:0:0:10', 8765, 0, 0): b' 358,16,15,1408,100,5,4,6,5,0,3,-52,0,790,9022,2,100,5,0,0 '
Received from ('fd00::200:0:0:4', 8765, 0, 0): b' 366,4,1,512,0,17,6,1,7,1,1,-66,4,1385,17029,24,100,1,0,0 '
Received from ('fd00::200:0:0:14', 8765, 0, 0): b' 364,20,15,1280,0,6,3,6,5,1,2,-70,2,971,12161,3,100,4,0,0 '
Received from ('fd00::200:0:0:13', 8765, 0, 0): b' 365,19,15,1280,0,11,2,4,6,1,1,-52,0,583,10655,11,100,3,0,0 '
Received from ('fd00::200:0:0:3', 8765, 0, 0): b' 366,3,1,512,0,19,6,1,7,1,2,-64,0,357,6551,21,100,2,0,0 '
Received from ('fd00::200:0:0:5', 8765, 0, 0): b' 366,5,1,512,0,16,6,1,5,1,1,-94,0,477,13525,24,100,2,0,0 '
Received from ('fd00::200:0:0:10', 8765, 0, 0): b' 366,16,15,1280,30,5,4,6,5,1,3,-52,0,832,6831,2,100,3,0,0 '
Received from ('fd00::200:0:0:12', 8765, 0, 0): b' 366,18,15,1280,0,11,1,4,5,1,1,-70,3,461,9683,11,100,2,0,0 '
Received from ('fd00::200:0:0:11', 8765, 0, 0): b' 367,17,20,1536,0,5,2,6,3,1,1,-70,0,876,11245,3,100,5,0,0 '
Received from ('fd00::200:0:0:f', 8765, 0, 0): b' 368,15,10,1024,0,12,1,6,7,1,1,-70,5,2105,16496,12,100,2,0,0 '
Received from ('fd00::200:0:0:7', 8765, 0, 0): b' 370,7,4,768,0,19,3,2,7,1,2,-70,1,817,16292,19,100,3,0,0 '
Received from ('fd00::200:0:0:1', 5678, 0, 0): b' 370,1,0,256,0,9,0,0,4,0,0,0,10,1354,15577,236,100,2,0,0 '
Received from ('fd00::200:0:0:9', 8765, 0, 0): b' 369,9,4,768,10,17,1,2,5,1,1,-70,0,511,11995,20,100,2,0,0 '
Received from ('fd00::200:0:0:2', 8765, 0, 0): b' 370,2,1,512,10,23,6,1,6,1,1,-88,9,2246,13892,24,100,1,0,0 '
Received from ('fd00::200:0:0:3', 8765, 0, 0): b' 370,3,1,512,0,20,6,1,7,1,2,-64,0,492,6165,21,100,2,0,0 '
Received from ('fd00::200:0:0:a', 8765, 0, 0): b' 370,10,2,768,0,15,1,3,7,1,1,-95,8,2199,14933,14,100,2,0,0 '
Received from ('fd00::200:0:0:e', 8765, 0, 0): b' 371,14,10,1024,0,11,1,4,7,1,1,-52,1,749,8527,12,100,3,0,0 '
Received from ('fd00::200:0:0:4', 8765, 0, 0): b' 372,4,1,512,20,17,6,1,7,1,1,-66,4,1581,17076,25,100,2,0,0 '
Received from ('fd00::200:0:0:8', 8765, 0, 0): b' 372,8,4,768,0,19,3,2,7,1,2,-52,0,405,10168,19,100,2,0,0 '
Received from ('fd00::200:0:0:12', 8765, 0, 0): b' 373,18,15,1280,0,12,1,4,5,1,1,-70,3,408,8520,11,100,2,0,0 '
Received from ('fd00::200:0:0:9', 8765, 0, 0): b' 373,9,4,768,0,17,1,2,5,1,1,-70,0,282,5271,20,100,1,0,0 '
Received from ('fd00::200:0:0:7', 8765, 0, 0): b' 374,7,4,768,0,20,3,2,7,1,2,-70,1,799,7997,20,100,2,0,0 '
Received from ('fd00::200:0:0:5', 8765, 0, 0): b' 374,5,1,512,10,17,6,1,5,1,1,-94,0,559,9418,25,100,2,0,0 '
Received from ('fd00::200:0:0:1', 5678, 0, 0): b' 375,1,0,256,0,9,0,0,4,0,0,0,10,1464,13345,247,100,1,0,0 '
Received from ('fd00::200:0:0:13', 8765, 0, 0): b' 373,19,15,1280,0,12,2,4,6,1,1,-52,0,629,8256,12,100,3,0,0 '
Received from ('fd00::200:0:0:3', 8765, 0, 0): b' 375,3,1,512,0,20,6,1,7,1,2,-64,0,330,6286,22,100,1,0,0 '
Received from ('fd00::200:0:0:f', 8765, 0, 0): b' 374,15,10,1024,0,12,1,6,7,1,1,-70,5,1407,16976,13,100,1,0,0 '
Received from ('fd00::200:0:0:10', 8765, 0, 0): b' 375,16,15,1280,0,7,4,6,6,1,3,-52,0,830,9309,3,100,5,0,0 '
Received from ('fd00::200:0:0:b', 8765, 0, 0): b' 377,11,7,1024,0,19,1,2,7,1,1,-52,0,766,14726,17,100,4,0,0 '
Received from ('fd00::200:0:0:14', 8765, 0, 0): b' 375,20,15,1280,0,7,3,6,5,1,2,-70,2,1283,16997,4,100,5,0,0 '
Received from ('fd00::200:0:0:11', 8765, 0, 0): b' 377,17,20,1536,0,6,2,6,3,1,1,-70,0,778,9007,4,100,5,0,0 '
Received from ('fd00::200:0:0:8', 8765, 0, 0): b' 377,8,4,768,10,19,3,3,7,1,2,-52,0,369,7044,20,100,2,0,0 '
Received from ('fd00::200:0:0:9', 8765, 0, 0): b' 378,9,4,768,0,17,1,2,5,1,1,-70,0,158,5441,20,100,0,0,0 '
Received from ('fd00::200:0:0:a', 8765, 0, 0): b' 380,10,2,768,0,17,1,3,7,1,1,-95,8,2818,22698,14,100,3,0,0 '
Received from ('fd00::200:0:0:e', 8765, 0, 0): b' 380,14,10,1024,0,13,1,4,7,1,1,-52,1,638,8854,13,100,2,0,0 '
Received from ('fd00::200:0:0:12', 8765, 0, 0): b' 381,18,15,1280,0,12,1,4,5,1,1,-70,3,460,9762,12,100,2,0,0 '
Received from ('fd00::200:0:0:7', 8765, 0, 0): b' 381,7,4,768,0,21,3,2,7,1,2,-70,1,766,12219,20,100,3,0,0 '
Received from ('fd00::200:0:0:5', 8765, 0, 0): b' 382,5,1,512,0,18,6,1,5,1,1,-94,0,405,9103,25,100,2,0,0 '
Received from ('fd00::200:0:0:2', 8765, 0, 0): b' 381,2,1,512,0,24,6,1,6,1,1,-88,9,3227,23619,25,100,3,0,0 '
Received from ('fd00::200:0:0:b', 8765, 0, 0): b' 383,11,7,1024,0,20,1,2,7,1,1,-52,0,412,7672,17,100,2,0,0 '
Received from ('fd00::200:0:0:f', 8765, 0, 0): b' 382,15,10,1024,0,12,1,6,7,1,1,-70,5,1575,19799,13,100,2,0,0 '
Received from ('fd00::200:0:0:1', 5678, 0, 0): b' 383,1,0,256,0,9,0,0,4,0,0,0,10,1183,17829,250,100,1,0,0 '
Received from ('fd00::200:0:0:4', 8765, 0, 0): b' 383,4,1,512,0,18,6,1,7,1,1,-66,4,2620,25297,25,100,3,0,0 '
Received from ('fd00::200:0:0:13', 8765, 0, 0): b' 384,19,15,1280,0,13,2,4,6,1,1,-52,0,963,9956,12,100,2,0,0 '
Received from ('fd00::200:0:0:11', 8765, 0, 0): b' 385,17,20,1536,0,6,2,6,4,1,1,-70,0,402,6846,4,100,2,0,0 '
Received from ('fd00::200:0:0:9', 8765, 0, 0): b' 385,9,4,768,0,18,1,2,5,1,1,-70,0,585,8817,21,100,3,0,0 '
Received from ('fd00::200:0:0:3', 8765, 0, 0): b' 386,3,1,512,0,21,6,1,7,1,2,-64,0,428,12842,22,100,2,0,0 '
Received from ('fd00::200:0:0:10', 8765, 0, 0): b' 386,16,15,1280,0,8,4,6,7,1,3,-52,0,841,10911,3,100,6,0,0 '
Received from ('fd00::200:0:0:8', 8765, 0, 0): b' 386,8,4,768,0,20,3,3,7,1,2,-52,0,554,11421,20,100,3,0,0 '
Received from ('fd00::200:0:0:14', 8765, 0, 0): b' 386,20,15,1280,0,8,3,6,5,1,2,-70,2,1167,16669,4,100,4,0,0 '
Received from ('fd00::200:0:0:2', 8765, 0, 0): b' 387,2,1,512,0,24,6,1,6,1,1,-88,9,1366,10191,26,100,1,0,0 '
Received from ('fd00::200:0:0:7', 8765, 0, 0): b' 387,7,4,768,0,22,3,2,7,1,2,-70,1,877,10319,21,100,2,0,0 '
Received from ('fd00::200:0:0:12', 8765, 0, 0): b' 387,18,15,1280,10,12,1,4,5,1,1,-70,3,380,8850,12,100,2,0,0 '
Received from ('fd00::200:0:0:f', 8765, 0, 0): b' 389,15,10,1024,0,12,1,6,7,1,1,-70,5,1560,16134,13,100,1,0,0 '
Received from ('fd00::200:0:0:a', 8765, 0, 0): b' 389,10,2,768,0,18,1,3,7,1,1,-95,8,2507,19688,15,100,3,0,0 '
Received from ('fd00::200:0:0:5', 8765, 0, 0): b' 390,5,1,512,0,19,6,1,5,1,1,-94,0,479,9578,26,100,2,0,0 '
Received from ('fd00::200:0:0:e', 8765, 0, 0): b' 389,14,10,1024,10,14,1,4,7,1,1,-52,1,561,9019,14,100,3,0,0 '
Received from ('fd00::200:0:0:b', 8765, 0, 0): b' 392,11,7,1024,0,21,1,2,7,1,1,-52,0,588,11183,18,100,3,0,0 '
Received from ('fd00::200:0:0:1', 5678, 0, 0): b' 392,1,0,256,0,9,0,0,4,0,0,0,10,2003,20328,265,100,2,0,0 '
Received from ('fd00::200:0:0:13', 8765, 0, 0): b' 392,19,15,1280,0,13,2,4,6,1,1,-52,0,391,7797,13,100,1,0,0 '
Received from ('fd00::200:0:0:9', 8765, 0, 0): b' 392,9,4,768,0,19,1,2,5,1,1,-70,0,381,8472,21,100,2,0,0 '
Received from ('fd00::200:0:0:3', 8765, 0, 0): b' 394,3,1,512,0,22,6,1,7,1,2,-64,0,577,9767,23,100,3,0,0 '
Received from ('fd00::200:0:0:14', 8765, 0, 0): b' 394,20,15,1280,0,8,3,6,5,1,2,-70,2,666,10724,5,100,2,0,0 '
Received from ('fd00::200:0:0:4', 8765, 0, 0): b' 393,4,1,512,0,19,6,1,7,1,1,-66,4,2503,23869,26,100,3,0,0 '
Received from ('fd00::200:0:0:12', 8765, 0, 0): b' 395,18,15,1280,0,14,1,4,5,1,1,-70,3,572,8422,13,100,2,0,0 '
Received from ('fd00::200:0:0:f', 8765, 0, 0): b' 396,15,10,1024,0,13,1,6,7,1,1,-70,5,1817,18056,14,100,1,0,0 '
Received from ('fd00::200:0:0:6', 8765, 0, 0): b' 374,6,7,1152,60,2,4,7,4,0,2,-52,0,1356,7139,0,100,10,0,0 '
Received from ('fd00::200:0:0:8', 8765, 0, 0): b' 396,8,4,768,0,20,4,3,7,1,2,-52,0,617,12545,21,100,2,0,0 '
Received from ('fd00::200:0:0:11', 8765, 0, 0): b' 396,17,20,1536,0,6,2,6,4,1,1,-70,0,700,10764,5,100,4,0,0 '
Received from ('fd00::200:0:0:6', 8765, 0, 0): b' 385,6,7,1152,70,3,4,7,5,0,2,-52,0,1281,8997,0,100,8,0,0 '
Received from ('fd00::200:0:0:2', 8765, 0, 0): b' 397,2,1,512,10,25,6,1,6,1,1,-88,9,2970,20507,26,100,3,0,0 '
Received from ('fd00::200:0:0:6', 8765, 0, 0): b' 392,6,3,896,80,4,6,7,7,0,3,-70,0,659,6913,1,100,5,0,0 '
Received from ('fd00::200:0:0:a', 8765, 0, 0): b' 397,10,2,768,30,18,2,3,7,1,1,-95,8,2186,17363,16,100,2,0,0 '
Received from ('fd00::200:0:0:10', 8765, 0, 0): b' 397,16,15,1280,0,10,4,6,7,1,3,-52,0,978,10124,4,100,4,0,0 '
Received from ('fd00::200:0:0:e', 8765, 0, 0): b' 397,14,10,1024,0,14,1,4,7,1,1,-52,1,308,7517,14,100,1,0,0 '
Received from ('fd00::200:0:0:4', 8765, 0, 0): b' 399,4,1,512,10,19,6,1,7,1,1,-66,4,991,12661,26,100,1,0,0 '
Received from ('fd00::200:0:0:13', 8765, 0, 0): b' 399,19,15,1280,0,14,2,4,6,1,1,-52,0,404,7311,13,100,2,0,0 '
Received from ('fd00::200:0:0:7', 8765, 0, 0): b' 399,7,4,768,0,22,4,2,7,1,2,-70,1,825,17698,21,100,2,0,0 '
Received from ('fd00::200:0:0:1', 5678, 0, 0): b' 400,1,0,256,0,9,0,0,4,0,0,0,10,1568,18450,269,100,1,0,0 '
Received from ('fd00::200:0:0:5', 8765, 0, 0): b' 401,5,1,512,0,20,6,1,5,1,1,-94,0,680,13373,27,100,3,0,0 '
Received from ('fd00::200:0:0:f', 8765, 0, 0): b' 400,15,10,1024,0,13,1,6,7,1,1,-70,5,1101,12053,14,100,1,0,0 '
Received from ('fd00::200:0:0:8', 8765, 0, 0): b' 400,8,4,768,0,21,4,3,7,1,2,-52,0,470,5901,21,100,1,0,0 '
Received from ('fd00::200:0:0:a', 8765, 0, 0): b' 401,10,2,768,0,18,2,3,7,1,1,-95,8,1008,8500,16,100,1,0,0 '
Received from ('fd00::200:0:0:9', 8765, 0, 0): b' 401,9,4,768,0,21,2,2,5,1,1,-70,0,903,11270,22,100,3,0,0 '
Received from ('fd00::200:0:0:3', 8765, 0, 0): b' 402,3,1,512,30,23,6,1,7,1,2,-64,1,1425,14750,24,100,3,0,0 '
Received from ('fd00::200:0:0:14', 8765, 0, 0): b' 402,20,15,1280,10,9,3,6,5,1,2,-70,1,766,12338,5,100,3,0,0 '
Received from ('fd00::200:0:0:b', 8765, 0, 0): b' 403,11,7,1024,0,22,1,2,7,1,1,-52,0,637,13930,19,100,3,0,0 '
Received from ('fd00::200:0:0:6', 8765, 0, 0): b' 404,6,3,768,0,5,6,7,7,1,3,-70,0,1699,12545,2,100,8,0,0 '
Received from ('fd00::200:0:0:e', 8765, 0, 0): b' 403,14,10,1024,20,14,1,4,7,1,1,-52,1,380,6308,15,100,2,0,0 '
Received from ('fd00::200:0:0:2', 8765, 0, 0): b' 404,2,1,512,20,26,6,1,6,1,1,-88,9,2074,13588,27,100,1,0,0 '
Received from ('fd00::200:0:0:12', 8765, 0, 0): b' 402,18,15,1280,0,14,1,4,5,1,1,-70,2,484,9938,13,100,2,0,0 '
Received from ('fd00::200:0:0:8', 8765, 0, 0): b' 405,8,4,768,0,21,4,3,7,1,2,-52,0,266,6226,22,100,0,0,0 '
Received from ('fd00::200:0:0:13', 8765, 0, 0): b' 405,19,15,1280,0,15,2,4,6,1,1,-52,0,541,6164,14,100,3,0,0 '
Received from ('fd00::200:0:0:10', 8765, 0, 0): b' 406,16,15,1280,0,11,4,6,7,1,3,-52,0,682,9190,5,100,4,0,0 '
Received from ('fd00::200:0:0:b', 8765, 0, 0): b' 407,11,7,1024,0,22,1,2,7,1,1,-52,0,259,5000,19,100,1,0,0 '
Received from ('fd00::200:0:0:9', 8765, 0, 0): b' 406,9,4,768,0,21,2,2,5,1,1,-70,0,256,6580,22,100,1,0,0 '
Received from ('fd00::200:0:0:11', 8765, 0, 0): b' 406,17,20,1536,0,8,2,6,5,1,1,-70,0,1216,10057,6,100,4,0,0 '
Received from ('fd00::200:0:0:7', 8765, 0, 0): b' 407,7,4,768,0,23,4,2,7,1,2,-70,1,1081,13047,22,100,2,0,0 '
Received from ('fd00::200:0:0:a', 8765, 0, 0): b' 406,10,2,768,0,18,2,3,7,1,1,-95,8,2015,13738,16,100,1,0,0 '
Received from ('fd00::200:0:0:1', 5678, 0, 0): b' 408,1,0,256,0,9,0,0,4,0,0,0,10,1823,19328,282,100,1,0,0 '
Received from ('fd00::200:0:0:e', 8765, 0, 0): b' 408,14,10,1024,0,14,1,4,7,1,1,-52,1,243,4306,15,100,0,0,0 '
Received from ('fd00::200:0:0:14', 8765, 0, 0): b' 410,20,15,1280,0,11,3,6,6,1,2,-70,2,1359,12932,6,100,5,0,0 '
Received from ('fd00::200:0:0:f', 8765, 0, 0): b' 410,15,10,1024,20,13,1,6,7,1,1,-70,6,2788,26034,15,100,2,0,0 '
Received from ('fd00::200:0:0:4', 8765, 0, 0): b' 410,4,1,512,0,21,6,1,7,1,1,-66,4,3082,26940,27,100,3,0,0 '
Received from ('fd00::200:0:0:3', 8765, 0, 0): b' 411,3,1,512,0,23,6,1,7,1,2,-64,1,676,13739,24,100,1,0,0 '
Received from ('fd00::200:0:0:12', 8765, 0, 0): b' 409,18,15,1280,0,14,1,4,5,1,1,-70,2,339,8110,14,100,1,0,0 '
Received from ('fd00::200:0:0:5', 8765, 0, 0): b' 412,5,1,512,0,20,6,1,5,1,1,-94,0,575,13463,27,100,3,0,0 '
Received from ('fd00::200:0:0:a', 8765, 0, 0): b' 411,10,2,768,0,18,2,3,7,1,1,-95,9,1239,10720,16,100,1,0,0 '
Received from ('fd00::200:0:0:b', 8765, 0, 0): b' 413,11,7,1024,0,23,2,2,7,1,1,-52,0,790,7425,19,100,1,0,0 '
Received from ('fd00::200:0:0:6', 8765, 0, 0): b' 413,6,3,768,0,6,6,7,7,1,3,-70,0,793,8221,2,100,6,0,0 '
Received from ('fd00::200:0:0:2', 8765, 0, 0): b' 413,2,1,512,10,27,6,1,6,1,1,-88,10,2837,17927,27,100,3,0,0 '
Received from ('fd00::200:0:0:11', 8765, 0, 0): b' 412,17,20,1536,0,9,2,6,5,1,1,-70,0,481,5302,6,100,3,0,0 '
Received from ('fd00::200:0:0:e', 8765, 0, 0): b' 413,14,10,1024,10,14,1,4,7,1,1,-52,1,329,5620,15,100,1,0,0 '
Received from ('fd00::200:0:0:10', 8765, 0, 0): b' 414,16,15,1280,0,12,4,6,7,1,3,-52,0,504,7766,5,100,3,0,0 '
Received from ('fd00::200:0:0:8', 8765, 0, 0): b' 414,8,4,768,0,22,4,3,7,1,2,-52,0,501,10669,22,100,3,0,0 '
Received from ('fd00::200:0:0:1', 5678, 0, 0): b' 415,1,0,256,0,9,0,0,4,0,0,0,10,1379,14962,286,100,2,0,0 '
Received from ('fd00::200:0:0:15', 8765, 0, 0): b' 407,21,20,1664,10,1,1,7,2,0,1,-52,0,907,6217,0,100,7,0,0 '
Received from ('fd00::200:0:0:15', 8765, 0, 0): b' 413,21,20,1664,40,2,1,7,3,0,1,-52,0,816,5505,0,100,6,0,0 '
Received from ('fd00::200:0:0:7', 8765, 0, 0): b' 416,7,4,768,0,23,4,2,7,1,2,-70,1,1002,15550,23,100,2,0,0 '
Received from ('fd00::200:0:0:3', 8765, 0, 0): b' 418,3,1,512,0,23,6,1,7,1,2,-64,1,624,10228,24,100,1,0,0 '
Received from ('fd00::200:0:0:13', 8765, 0, 0): b' 417,19,15,1280,0,16,2,4,7,1,1,-52,0,553,11593,14,100,3,0,0 '
Received from ('fd00::200:0:0:9', 8765, 0, 0): b' 417,9,4,768,0,21,2,2,5,1,1,-70,0,532,13109,23,100,2,0,0 '
Received from ('fd00::200:0:0:4', 8765, 0, 0): b' 418,4,1,512,10,21,6,1,7,1,1,-66,4,1862,19004,28,100,1,0,0 '
Received from ('fd00::200:0:0:6', 8765, 0, 0): b' 420,6,3,768,0,6,6,7,7,1,3,-70,0,527,6835,3,100,3,0,0 '
Received from ('fd00::200:0:0:5', 8765, 0, 0): b' 419,5,1,512,0,20,6,1,5,1,1,-94,0,356,8620,28,100,1,0,0 '
Received from ('fd00::200:0:0:a', 8765, 0, 0): b' 418,10,2,768,40,19,2,3,7,1,1,-95,9,1927,15048,17,100,2,0,0 '
Received from ('fd00::200:0:0:14', 8765, 0, 0): b' 418,20,15,1280,10,11,3,6,6,1,2,-70,2,1200,13510,6,100,2,0,0 '
Received from ('fd00::200:0:0:b', 8765, 0, 0): b' 420,11,7,1024,0,23,2,2,7,1,1,-52,0,651,10303,20,100,1,0,0 '
Received from ('fd00::200:0:0:1', 5678, 0, 0): b' 421,1,0,256,0,9,0,0,4,0,0,0,10,1515,15473,297,100,1,0,0 '
Received from ('fd00::200:0:0:7', 8765, 0, 0): b' 421,7,4,768,0,23,4,2,7,1,2,-70,1,550,7357,23,100,1,0,0 '
Received from ('fd00::200:0:0:11', 8765, 0, 0): b' 420,17,20,1536,0,9,2,6,5,1,1,-70,0,523,8213,7,100,2,0,0 '
Received from ('fd00::200:0:0:e', 8765, 0, 0): b' 421,14,10,1024,0,16,2,4,7,1,1,-52,1,773,8353,16,100,3,0,0 '
Received from ('fd00::200:0:0:3', 8765, 0, 0): b' 423,3,1,512,0,23,6,1,7,1,2,-64,1,557,7983,25,100,1,0,0 '
Received from ('fd00::200:0:0:12', 8765, 0, 0): b' 420,18,15,1280,0,14,1,4,5,1,1,-70,2,592,13102,14,100,2,0,0 '
Received from ('fd00::200:0:0:f', 8765, 0, 0): b' 422,15,10,1024,0,13,2,7,7,1,1,-70,6,3401,31983,16,100,3,0,0 '
Received from ('fd00::200:0:0:15', 8765, 0, 0): b' 422,21,20,1536,0,3,1,7,3,1,1,-52,0,1207,10004,1,100,7,0,0 '
Received from ('fd00::200:0:0:4', 8765, 0, 0): b' 423,4,1,512,10,21,6,1,7,1,1,-66,4,954,11082,28,100,1,0,0 '
Received from ('fd00::200:0:0:10', 8765, 0, 0): b' 424,16,15,1280,0,13,4,6,7,1,3,-52,0,681,10197,6,100,4,0,0 '
Received from ('fd00::200:0:0:6', 8765, 0, 0): b' 424,6,3,768,0,7,6,7,7,1,3,-70,0,475,5249,3,100,3,0,0 '
Received from ('fd00::200:0:0:2', 8765, 0, 0): b' 424,2,1,512,0,27,6,1,6,1,1,-88,10,3833,24797,28,100,2,0,0 '
Received from ('fd00::200:0:0:8', 8765, 0, 0): b' 425,8,4,768,0,22,4,3,7,1,2,-52,0,533,13462,23,100,2,0,0 '
Received from ('fd00::200:0:0:13', 8765, 0, 0): b' 426,19,15,1280,0,16,2,4,7,1,1,-52,0,461,8157,15,100,2,0,0 '
Received from ('fd00::200:0:0:1', 5678, 0, 0): b' 427,1,0,256,0,9,0,0,4,0,0,0,10,995,12354,301,100,1,0,0 '
Received from ('fd00::200:0:0:5', 8765, 0, 0): b' 427,5,1,512,0,20,6,1,5,1,1,-94,0,303,8407,28,100,1,0,0 '
Received from ('fd00::200:0:0:a', 8765, 0, 0): b' 426,10,2,768,10,19,2,3,7,1,1,-95,9,2551,17555,17,100,2,0,0 '
Received from ('fd00::200:0:0:14', 8765, 0, 0): b' 426,20,15,1280,0,12,3,6,6,1,2,-70,2,1325,15400,7,100,3,0,0 '
Received from ('fd00::200:0:0:11', 8765, 0, 0): b' 426,17,20,1536,0,10,2,6,5,1,1,-70,0,381,5175,7,100,2,0,0 '
Received from ('fd00::200:0:0:9', 8765, 0, 0): b' 427,9,4,768,10,22,2,2,5,1,1,-70,0,405,10466,23,100,2,0,0 '
Received from ('fd00::200:0:0:e', 8765, 0, 0): b' 426,14,10,1024,0,16,2,4,7,1,1,-52,1,259,5026,16,100,1,0,0 '
Received from ('fd00::200:0:0:12', 8765, 0, 0): b' 427,18,15,1280,0,14,1,4,5,1,1,-70,2,340,7371,15,100,1,0,0 '
Received from ('fd00::200:0:0:f', 8765, 0, 0): b' 427,15,10,1024,0,13,2,7,7,1,1,-70,6,1499,15397,16,100,1,0,0 '
Received from ('fd00::200:0:0:3', 8765, 0, 0): b' 430,3,1,512,0,23,6,1,7,1,2,-64,1,537,10960,25,100,1,0,0 '
Received from ('fd00::200:0:0:5', 8765, 0, 0): b' 432,5,1,512,0,21,6,1,5,1,1,-94,0,501,6067,29,100,2,0,0 '
Received from ('fd00::200:0:0:13', 8765, 0, 0): b' 431,19,15,1280,0,17,2,4,7,1,1,-52,0,384,5330,15,100,2,0,0 '
Received from ('fd00::200:0:0:b', 8765, 0, 0): b' 431,11,7,1024,0,23,2,2,7,1,1,-52,0,620,14366,21,100,2,0,0 '
Received from ('fd00::200:0:0:a', 8765, 0, 0): b' 431,10,2,768,10,19,2,3,7,1,1,-95,8,1621,12296,18,100,1,0,0 '
Received from ('fd00::200:0:0:4', 8765, 0, 0): b' 432,4,1,512,0,22,6,1,7,1,1,-66,4,2003,19837,29,100,3,0,0 '
Received from ('fd00::200:0:0:11', 8765, 0, 0): b' 430,17,20,1536,0,10,2,6,5,1,1,-70,0,355,4751,7,100,2,0,0 '
Received from ('fd00::200:0:0:7', 8765, 0, 0): b' 432,7,4,768,0,25,4,2,7,1,2,-70,1,1238,17514,24,100,3,0,0 '
Received from ('fd00::200:0:0:8', 8765, 0, 0): b' 433,8,4,768,0,22,4,3,7,1,2,-52,0,350,8896,23,100,1,0,0 '
Received from ('fd00::200:0:0:15', 8765, 0, 0): b' 431,21,20,1536,0,4,1,7,4,1,1,-52,0,796,7849,1,100,6,0,0 '
Received from ('fd00::200:0:0:e', 8765, 0, 0): b' 432,14,10,1024,0,16,2,4,7,1,1,-52,0,420,5748,17,100,1,0,0 '
Received from ('fd00::200:0:0:10', 8765, 0, 0): b' 433,16,15,1280,0,13,4,6,7,1,3,-52,0,501,8048,6,100,3,0,0 '
Received from ('fd00::200:0:0:2', 8765, 0, 0): b' 434,2,1,512,20,27,6,1,6,1,1,-88,9,3198,20269,29,100,2,0,0 '
Received from ('fd00::200:0:0:3', 8765, 0, 0): b' 435,3,1,512,0,24,6,1,7,1,2,-64,1,625,8234,26,100,2,0,0 '
Received from ('fd00::200:0:0:9', 8765, 0, 0): b' 435,9,4,768,0,22,2,2,5,1,1,-70,0,511,10562,24,100,2,0,0 '
Received from ('fd00::200:0:0:6', 8765, 0, 0): b' 436,6,3,768,0,7,6,7,7,1,3,-70,0,696,11000,4,100,4,0,0 '
Received from ('fd00::200:0:0:1', 5678, 0, 0): b' 436,1,0,256,0,9,0,0,4,0,0,0,10,2340,23283,317,100,2,0,0 '
Received from ('fd00::200:0:0:14', 8765, 0, 0): b' 436,20,15,1280,0,12,3,6,6,1,2,-70,2,1567,18642,8,100,3,0,0 '
Received from ('fd00::200:0:0:f', 8765, 0, 0): b' 436,15,10,1024,10,13,2,7,7,1,1,-70,6,2291,24167,17,100,2,0,0 '
Received from ('fd00::200:0:0:15', 8765, 0, 0): b' 436,21,20,1536,0,4,1,7,4,1,1,-52,0,433,4956,2,100,2,0,0 '
Received from ('fd00::200:0:0:11', 8765, 0, 0): b' 437,17,20,1536,0,10,2,6,5,1,1,-70,0,362,6050,8,100,1,0,0 '
Received from ('fd00::200:0:0:12', 8765, 0, 0): b' 439,18,15,1280,0,16,1,4,5,1,1,-70,2,782,12043,16,100,3,0,0 '
Received from ('fd00::200:0:0:10', 8765, 0, 0): b' 440,16,15,1280,0,13,4,6,7,1,3,-52,0,459,6585,7,100,2,0,0 '
Received from ('fd00::200:0:0:9', 8765, 0, 0): b' 440,9,4,768,0,23,2,2,5,1,1,-70,0,363,5527,24,100,1,0,0 '
Received from ('fd00::200:0:0:5', 8765, 0, 0): b' 441,5,1,512,0,21,6,1,5,1,1,-94,0,452,11145,29,100,2,0,0 '
Received from ('fd00::200:0:0:b', 8765, 0, 0): b' 440,11,7,1024,0,24,2,2,7,1,1,-52,0,533,10769,21,100,3,0,0 '
Received from ('fd00::200:0:0:8', 8765, 0, 0): b' 441,8,4,768,10,22,4,3,7,1,2,-52,0,484,10437,24,100,2,0,0 '
Received from ('fd00::200:0:0:2', 8765, 0, 0): b' 442,2,1,512,10,27,6,1,6,1,1,-88,9,1909,13803,29,100,1,0,0 '
Received from ('fd00::200:0:0:1', 5678, 0, 0): b' 443,1,0,256,0,9,0,0,4,0,0,0,10,1056,13561,322,100,1,0,0 '
Received from ('fd00::200:0:0:a', 8765, 0, 0): b' 441,10,2,768,0,20,2,3,7,1,1,-95,8,3020,22316,19,100,1,0,0 '
Received from ('fd00::200:0:0:4', 8765, 0, 0): b' 443,4,1,512,10,22,6,1,7,1,1,-66,4,2026,22661,29,100,2,0,0 '
Received from ('fd00::200:0:0:13', 8765, 0, 0): b' 442,19,15,1280,0,17,2,4,7,1,1,-52,0,508,10204,16,100,2,0,0 '
Received from ('fd00::200:0:0:7', 8765, 0, 0): b' 442,7,4,768,0,25,4,2,7,1,2,-70,1,718,14456,24,100,2,0,0 '
Received from ('fd00::200:0:0:15', 8765, 0, 0): b' 441,21,20,1536,0,5,1,7,4,1,1,-52,0,575,5162,2,100,4,0,0 '
Received from ('fd00::200:0:0:e', 8765, 0, 0): b' 443,14,10,1024,0,16,2,4,7,1,1,-52,0,452,10360,17,100,2,0,0 '
Received from ('fd00::200:0:0:3', 8765, 0, 0): b' 445,3,1,512,10,25,6,1,7,1,2,-64,1,999,15141,26,100,2,0,0 '
Received from ('fd00::200:0:0:f', 8765, 0, 0): b' 444,15,10,1024,10,13,2,7,7,1,1,-70,6,1772,18619,17,100,2,0,0 '
Received from ('fd00::200:0:0:6', 8765, 0, 0): b' 445,6,3,768,0,8,6,7,7,1,3,-70,0,667,8330,4,100,4,0,0 '
Received from ('fd00::200:0:0:14', 8765, 0, 0): b' 447,20,15,1280,0,12,3,6,6,1,2,-70,2,1289,18317,8,100,2,0,0 '
Received from ('fd00::200:0:0:5', 8765, 0, 0): b' 448,5,1,512,0,21,6,1,5,1,1,-94,0,356,7804,30,100,1,0,0 '
Received from ('fd00::200:0:0:11', 8765, 0, 0): b' 447,17,20,1536,0,11,2,6,5,1,1,-70,0,601,8035,8,100,4,0,0 '
Received from ('fd00::200:0:0:7', 8765, 0, 0): b' 448,7,4,768,0,25,4,2,7,1,2,-70,1,626,9382,25,100,1,0,0 '
Received from ('fd00::200:0:0:8', 8765, 0, 0): b' 448,8,4,768,0,22,4,3,7,1,2,-52,0,376,8790,24,100,1,0,0 '
Received from ('fd00::200:0:0:12', 8765, 0, 0): b' 449,18,15,1280,0,16,1,4,5,1,1,-70,2,429,8969,16,100,2,0,0 '
Received from ('fd00::200:0:0:10', 8765, 0, 0): b' 449,16,15,1280,10,13,4,6,7,1,3,-52,0,529,8978,8,100,2,0,0 '
Received from ('fd00::200:0:0:9', 8765, 0, 0): b' 451,9,4,768,0,23,2,2,5,1,1,-70,0,532,12448,25,100,2,0,0 '
Received from ('fd00::200:0:0:15', 8765, 0, 0): b' 450,21,20,1536,0,5,1,7,4,1,1,-52,0,530,6708,3,100,3,0,0 '
Received from ('fd00::200:0:0:4', 8765, 0, 0): b' 451,4,1,512,10,22,6,1,7,1,1,-66,4,2013,20219,30,100,1,0,0 '
Received from ('fd00::200:0:0:1', 5678, 0, 0): b' 452,1,0,256,0,9,0,0,4,0,0,0,10,2152,22285,337,100,2,0,0 '
Received from ('fd00::200:0:0:b', 8765, 0, 0): b' 452,11,7,1024,0,24,2,2,7,1,1,-52,0,536,14190,22,100,2,0,0 '
Received from ('fd00::200:0:0:a', 8765, 0, 0): b' 452,10,2,768,10,20,2,3,7,1,1,-95,8,2930,22600,19,100,2,0,0 '
Received from ('fd00::200:0:0:2', 8765, 0, 0): b' 453,2,1,512,10,27,6,1,6,1,1,-88,9,3315,23172,30,100,3,0,0 '
Received from ('fd00::200:0:0:e', 8765, 0, 0): b' 453,14,10,1024,0,16,2,4,7,1,1,-52,0,485,9284,18,100,2,0,0 '
Received from ('fd00::200:0:0:13', 8765, 0, 0): b' 453,19,15,1280,0,19,2,4,7,1,1,-52,0,1121,11053,17,100,3,0,0 '
Received from ('fd00::200:0:0:5', 8765, 0, 0): b' 455,5,1,512,0,21,6,1,5,1,1,-94,0,303,8303,30,100,1,0,0 '
Received from ('fd00::200:0:0:f', 8765, 0, 0): b' 453,15,10,1024,10,13,2,7,7,1,1,-70,6,2414,24386,18,100,1,0,0 '
Received from ('fd00::200:0:0:14', 8765, 0, 0): b' 454,20,15,1280,0,13,3,6,6,1,2,-70,2,1243,11585,9,100,3,0,0 '
Received from ('fd00::200:0:0:15', 8765, 0, 0): b' 455,21,20,1536,0,5,1,7,4,1,1,-52,0,377,4888,3,100,2,0,0 '
Received from ('fd00::200:0:0:3', 8765, 0, 0): b' 456,3,1,512,0,25,6,1,7,1,2,-64,1,873,15566,27,100,2,0,0 '
Received from ('fd00::200:0:0:6', 8765, 0, 0): b' 456,6,3,768,0,9,6,7,7,1,3,-70,0,803,10144,5,100,4,0,0 '
Received from ('fd00::200:0:0:8', 8765, 0, 0): b' 456,8,4,768,0,22,4,3,7,1,2,-52,0,484,9027,25,100,2,0,0 '
Received from ('fd00::200:0:0:12', 8765, 0, 0): b' 457,18,15,1280,0,16,1,4,5,1,1,-70,2,460,7450,17,100,2,0,0 '
Received from ('fd00::200:0:0:9', 8765, 0, 0): b' 457,9,4,768,0,23,2,2,5,1,1,-70,0,364,7381,26,100,1,0,0 '
Received from ('fd00::200:0:0:10', 8765, 0, 0): b' 458,16,15,1280,0,15,4,6,7,1,3,-52,0,1064,8182,8,100,3,0,0 '
Received from ('fd00::200:0:0:a', 8765, 0, 0): b' 457,10,2,768,0,20,2,3,7,1,1,-95,8,1598,11902,20,100,1,0,0 '
Received from ('fd00::200:0:0:4', 8765, 0, 0): b' 458,4,1,512,0,22,6,1,7,1,1,-66,4,1233,14677,30,100,1,0,0 '
Received from ('fd00::200:0:0:1', 5678, 0, 0): b' 458,1,0,256,0,9,0,0,4,0,0,0,10,1122,13609,340,100,1,0,0 '
Received from ('fd00::200:0:0:7', 8765, 0, 0): b' 458,7,4,768,0,25,4,2,7,1,2,-70,1,743,14230,25,100,2,0,0 '
Received from ('fd00::200:0:0:11', 8765, 0, 0): b' 458,17,20,1536,0,11,2,6,5,1,1,-70,0,604,10962,9,100,3,0,0 '
Received from ('fd00::200:0:0:f', 8765, 0, 0): b' 458,15,10,1024,10,13,2,7,7,1,1,-70,6,1296,13323,18,100,1,0,0 '
Received from ('fd00::200:0:0:14', 8765, 0, 0): b' 460,20,15,1280,0,13,3,6,6,1,2,-70,2,849,9807,9,100,2,0,0 '
Received from ('fd00::200:0:0:3', 8765, 0, 0): b' 460,3,1,512,10,25,6,1,7,1,2,-64,1,459,6720,27,100,1,0,0 '
Received from ('fd00::200:0:0:b', 8765, 0, 0): b' 460,11,7,1024,0,24,2,2,7,1,1,-52,0,391,10001,23,100,1,0,0 '
Received from ('fd00::200:0:0:13', 8765, 0, 0): b' 460,19,15,1280,0,19,2,4,7,1,1,-52,0,309,6851,17,100,1,0,0 '
Received from ('fd00::200:0:0:2', 8765, 0, 0): b' 462,2,1,512,0,27,6,1,6,1,1,-88,9,2380,14351,30,100,1,0,0 '
Received from ('fd00::200:0:0:8', 8765, 0, 0): b' 461,8,4,768,0,22,4,3,7,1,2,-52,0,255,5986,25,100,1,0,0 '
Received from ('fd00::200:0:0:e', 8765, 0, 0): b' 461,14,10,1024,0,16,2,4,7,1,1,-52,0,363,7970,19,100,1,0,0 '
Received from ('fd00::200:0:0:9', 8765, 0, 0): b' 463,9,4,768,10,23,2,2,5,1,1,-70,0,255,6526,26,100,1,0,0 '
Received from ('fd00::200:0:0:12', 8765, 0, 0): b' 463,18,15,1280,0,16,1,4,5,1,1,-70,2,283,5946,17,100,1,0,0 '
Received from ('fd00::200:0:0:f', 8765, 0, 0): b' 462,15,10,1024,0,13,2,7,7,1,1,-70,6,1176,11739,18,100,1,0,0 '
Received from ('fd00::200:0:0:4', 8765, 0, 0): b' 464,4,1,512,0,22,6,1,7,1,1,-66,4,1732,14042,31,100,1,0,0 '
Received from ('fd00::200:0:0:5', 8765, 0, 0): b' 464,5,1,512,0,22,6,1,5,1,1,-94,0,606,11311,31,100,2,0,0 '
Received from ('fd00::200:0:0:15', 8765, 0, 0): b' 464,21,20,1536,0,6,1,7,4,1,1,-52,0,766,8851,3,100,5,0,0 '
Received from ('fd00::200:0:0:10', 8765, 0, 0): b' 466,16,15,1280,0,15,4,6,7,1,3,-52,0,527,7966,9,100,2,0,0 '
Received from ('fd00::200:0:0:13', 8765, 0, 0): b' 467,19,15,1280,0,19,2,4,7,1,1,-52,0,436,6412,18,100,2,0,0 '
Received from ('fd00::200:0:0:b', 8765, 0, 0): b' 467,11,7,1024,0,24,2,2,7,1,1,-52,0,404,8643,23,100,2,0,0 '
Received from ('fd00::200:0:0:6', 8765, 0, 0): b' 468,6,3,768,0,9,6,7,7,1,3,-70,0,600,11050,6,100,3,0,0 '
Received from ('fd00::200:0:0:7', 8765, 0, 0): b' 468,7,4,768,0,25,4,2,7,1,2,-70,1,1129,16170,26,100,2,0,0 '
Received from ('fd00::200:0:0:1', 5678, 0, 0): b' 469,1,0,256,0,9,0,0,4,0,0,0,10,2264,23963,355,100,2,0,0 '
Received from ('fd00::200:0:0:2', 8765, 0, 0): b' 469,2,1,512,0,28,6,1,6,1,1,-88,9,2349,16205,31,100,1,0,0 '
Received from ('fd00::200:0:0:9', 8765, 0, 0): b' 469,9,4,768,0,23,2,2,5,1,1,-70,0,304,7282,26,100,1,0,0 '
Received from ('fd00::200:0:0:a', 8765, 0, 0): b' 469,10,2,768,0,20,2,3,7,1,1,-95,8,3213,24800,20,100,2,0,0 '
Received from ('fd00::200:0:0:3', 8765, 0, 0): b' 470,3,1,512,0,25,6,1,7,1,2,-64,1,775,14464,28,100,1,0,0 '
Received from ('fd00::200:0:0:11', 8765, 0, 0): b' 467,17,20,1536,0,11,2,6,5,1,1,-70,0,484,9567,10,100,2,0,0 '
Received from ('fd00::200:0:0:14', 8765, 0, 0): b' 469,20,15,1280,0,13,3,6,6,1,2,-70,2,1278,16374,10,100,2,0,0 '
Received from ('fd00::200:0:0:8', 8765, 0, 0): b' 471,8,4,768,0,22,4,3,7,1,2,-52,0,508,11928,26,100,2,0,0 '
Received from ('fd00::200:0:0:5', 8765, 0, 0): b' 471,5,1,512,0,22,6,1,5,1,1,-94,0,280,7835,31,100,1,0,0 '
Received from ('fd00::200:0:0:4', 8765, 0, 0): b' 473,4,1,512,10,22,6,1,7,1,1,-66,4,1388,18473,31,100,2,0,0 '
Received from ('fd00::200:0:0:e', 8765, 0, 0): b' 472,14,10,1024,0,16,2,4,7,1,1,-52,0,428,9849,19,100,2,0,0 '
Received from ('fd00::200:0:0:12', 8765, 0, 0): b' 471,18,15,1280,0,16,1,4,5,1,1,-70,2,484,8913,18,100,2,0,0 '
Received from ('fd00::200:0:0:15', 8765, 0, 0): b' 471,21,20,1536,0,6,1,7,4,1,1,-52,0,579,8212,4,100,3,0,0 '
Received from ('fd00::200:0:0:a', 8765, 0, 0): b' 474,10,2,768,0,20,2,3,7,1,1,-95,8,1210,9127,21,100,1,0,0 '
Received from ('fd00::200:0:0:b', 8765, 0, 0): b' 474,11,7,1024,0,24,2,2,7,1,1,-52,0,282,7166,23,100,1,0,0 '
Received from ('fd00::200:0:0:11', 8765, 0, 0): b' 473,17,20,1536,0,11,2,6,5,1,1,-70,0,283,4869,10,100,1,0,0 '
Received from ('fd00::200:0:0:3', 8765, 0, 0): b' 475,3,1,512,0,25,6,1,7,1,2,-64,1,336,7417,28,100,1,0,0 '
Received from ('fd00::200:0:0:f', 8765, 0, 0): b' 473,15,10,1024,0,13,2,7,7,1,1,-70,6,2680,27269,19,100,2,0,0 '
Received from ('fd00::200:0:0:13', 8765, 0, 0): b' 473,19,15,1280,10,19,2,4,7,1,1,-52,0,311,6357,18,100,1,0,0 '
Received from ('fd00::200:0:0:9', 8765, 0, 0): b' 475,9,4,768,0,25,2,2,5,1,1,-70,0,571,7759,27,100,2,0,0 '
Received from ('fd00::200:0:0:10', 8765, 0, 0): b' 474,16,15,1280,10,15,4,6,7,1,3,-52,0,500,8634,9,100,3,0,0 '
Received from ('fd00::200:0:0:7', 8765, 0, 0): b' 476,7,4,768,0,25,4,2,7,1,2,-70,1,746,11874,26,100,1,0,0 '
Received from ('fd00::200:0:0:5', 8765, 0, 0): b' 477,5,1,512,0,22,6,1,5,1,1,-94,0,382,6707,32,100,1,0,0 '
Received from ('fd00::200:0:0:8', 8765, 0, 0): b' 476,8,4,768,0,22,4,3,7,1,2,-52,0,183,6695,26,100,0,0,0 '
Received from ('fd00::200:0:0:1', 5678, 0, 0): b' 478,1,0,256,0,9,0,0,4,0,0,0,10,1884,20649,366,100,1,0,0 '
Received from ('fd00::200:0:0:e', 8765, 0, 0): b' 477,14,10,1024,0,17,2,4,7,1,1,-52,0,440,4432,20,100,2,0,0 '
Received from ('fd00::200:0:0:2', 8765, 0, 0): b' 477,2,1,512,10,28,6,1,6,1,1,-88,9,2861,17518,32,100,2,0,0 '
Received from ('fd00::200:0:0:12', 8765, 0, 0): b' 477,18,15,1280,0,16,1,4,5,1,1,-70,2,259,4734,18,100,1,0,0 '
Received from ('fd00::200:0:0:13', 8765, 0, 0): b' 477,19,15,1280,0,19,2,4,7,1,1,-52,0,368,4472,19,100,1,0,0 '
Received from ('fd00::200:0:0:b', 8765, 0, 0): b' 479,11,7,1024,0,24,2,2,7,1,1,-52,0,342,6061,24,100,1,0,0 '
Received from ('fd00::200:0:0:6', 8765, 0, 0): b' 479,6,3,768,0,9,6,7,7,1,3,-70,0,697,10760,7,100,4,0,0 '
Received from ('fd00::200:0:0:15', 8765, 0, 0): b' 478,21,20,1536,0,7,1,7,4,1,1,-52,0,387,5272,4,100,1,0,0 '
Received from ('fd00::200:0:0:3', 8765, 0, 0): b' 481,3,1,512,0,25,6,1,7,1,2,-64,1,692,9596,28,100,2,0,0 '
Received from ('fd00::200:0:0:f', 8765, 0, 0): b' 479,15,10,1024,30,14,2,7,7,1,1,-70,6,1939,16332,19,100,1,0,0 '
Received from ('fd00::200:0:0:11', 8765, 0, 0): b' 478,17,20,1536,0,11,2,6,5,1,1,-70,0,315,4960,11,100,1,0,0 '
Received from ('fd00::200:0:0:a', 8765, 0, 0): b' 482,10,2,768,20,20,2,3,7,1,1,-95,8,2665,18164,21,100,2,0,0 '
Received from ('fd00::200:0:0:4', 8765, 0, 0): b' 482,4,1,512,0,23,6,1,7,1,1,-66,4,2437,23334,32,100,2,0,0 '
Received from ('fd00::200:0:0:10', 8765, 0, 0): b' 479,16,15,1280,0,15,4,6,7,1,3,-52,0,339,5135,10,100,1,0,0 '
Received from ('fd00::200:0:0:14', 8765, 0, 0): b' 481,20,15,1280,0,14,3,6,6,1,2,-70,2,1836,18897,11,100,3,0,0 '
Received from ('fd00::200:0:0:8', 8765, 0, 0): b' 483,8,4,768,0,22,4,3,7,1,2,-52,0,485,9004,27,100,2,0,0 '
Received from ('fd00::200:0:0:2', 8765, 0, 0): b' 483,2,1,512,20,29,6,1,6,1,1,-88,9,2200,12864,32,100,2,0,0 '
Received from ('fd00::200:0:0:e', 8765, 0, 0): b' 483,14,10,1024,10,17,2,4,7,1,1,-52,0,287,5381,20,100,1,0,0 '
Received from ('fd00::200:0:0:15', 8765, 0, 0): b' 482,21,20,1536,0,7,1,7,4,1,1,-52,0,409,4853,5,100,2,0,0 '
Received from ('fd00::200:0:0:7', 8765, 0, 0): b' 485,7,4,768,0,25,4,2,7,1,2,-70,1,749,13749,27,100,2,0,0 '
Received from ('fd00::200:0:0:5', 8765, 0, 0): b' 485,5,1,512,0,22,6,1,5,1,1,-94,0,428,10212,32,100,2,0,0 '
Received from ('fd00::200:0:0:11', 8765, 0, 0): b' 484,17,20,1536,0,12,2,6,5,1,1,-70,0,808,6213,11,100,2,0,0 '
Received from ('fd00::200:0:0:b', 8765, 0, 0): b' 485,11,7,1024,10,24,2,2,7,1,1,-52,0,282,8062,24,100,1,0,0 '
Received from ('fd00::200:0:0:f', 8765, 0, 0): b' 487,15,10,1024,0,14,2,7,7,1,1,-70,6,1592,17195,20,100,1,0,0 '
Received from ('fd00::200:0:0:1', 5678, 0, 0): b' 487,1,0,256,0,9,0,0,4,0,0,0,10,1949,22404,375,100,2,0,0 '
Received from ('fd00::200:0:0:9', 8765, 0, 0): b' 487,9,4,768,0,25,2,2,5,1,1,-70,0,616,14620,28,100,2,0,0 '
Received from ('fd00::200:0:0:4', 8765, 0, 0): b' 487,4,1,512,0,23,6,1,7,1,1,-66,4,1278,12933,32,100,1,0,0 '
Received from ('fd00::200:0:0:13', 8765, 0, 0): b' 489,19,15,1280,0,19,2,4,7,1,1,-52,0,307,8985,19,100,1,0,0 '
Received from ('fd00::200:0:0:12', 8765, 0, 0): b' 490,18,15,1280,0,16,1,4,5,1,1,-70,2,508,10746,19,100,2,0,0 '
Received from ('fd00::200:0:0:7', 8765, 0, 0): b' 489,7,4,768,10,25,4,3,7,1,2,-70,1,395,6640,27,100,1,0,0 '
Received from ('fd00::200:0:0:14', 8765, 0, 0): b' 490,20,15,1280,10,14,3,6,6,1,2,-70,2,753,11541,11,100,1,0,0 '
Received from ('fd00::200:0:0:10', 8765, 0, 0): b' 491,16,15,1280,0,16,4,6,7,1,3,-52,0,749,9760,10,100,2,0,0 '
Received from ('fd00::200:0:0:3', 8765, 0, 0): b' 491,3,1,512,0,25,6,1,7,1,2,-64,1,542,14375,29,100,1,0,0 '
Received from ('fd00::200:0:0:15', 8765, 0, 0): b' 491,21,20,1536,10,7,1,7,4,1,1,-52,0,377,6464,5,100,2,0,0 '
Received from ('fd00::200:0:0:6', 8765, 0, 0): b' 491,6,3,768,0,9,6,7,7,1,3,-70,0,520,10534,7,100,3,0,0 '
Received from ('fd00::200:0:0:a', 8765, 0, 0): b' 492,10,2,768,10,21,2,3,7,1,1,-95,8,3115,22581,22,100,3,0,0 '
Received from ('fd00::200:0:0:f', 8765, 0, 0): b' 492,15,10,1024,0,14,2,7,7,1,1,-70,6,1509,13455,20,100,1,0,0 '
Received from ('fd00::200:0:0:11', 8765, 0, 0): b' 493,17,20,1536,0,12,2,6,5,1,1,-70,0,470,7010,12,100,1,0,0 '
Received from ('fd00::200:0:0:9', 8765, 0, 0): b' 494,9,4,768,0,25,2,2,5,1,1,-70,0,364,7408,28,100,1,0,0 '
Received from ('fd00::200:0:0:8', 8765, 0, 0): b' 494,8,4,768,0,24,4,3,7,1,2,-52,0,1144,13317,28,100,3,0,0 '
Received from ('fd00::200:0:0:5', 8765, 0, 0): b' 494,5,1,512,0,23,6,1,5,1,1,-94,0,617,11202,33,100,1,0,0 '
Received from ('fd00::200:0:0:2', 8765, 0, 0): b' 495,2,1,512,10,29,6,1,6,1,1,-88,9,3053,21292,33,100,2,0,0 '
Received from ('fd00::200:0:0:b', 8765, 0, 0): b' 494,11,7,1024,0,25,2,2,7,1,1,-52,0,861,12121,25,100,2,0,0 '
Received from ('fd00::200:0:0:e', 8765, 0, 0): b' 494,14,10,1024,0,18,2,4,7,1,1,-52,0,937,11274,21,100,2,0,0 '
Received from ('fd00::200:0:0:12', 8765, 0, 0): b' 496,18,15,1280,0,16,1,4,5,1,1,-70,2,350,6056,19,100,1,0,0 '
Received from ('fd00::200:0:0:f', 8765, 0, 0): b' 496,15,10,1024,0,14,2,7,7,1,1,-70,6,1150,11762,21,100,1,0,0 '
Received from ('fd00::200:0:0:14', 8765, 0, 0): b' 496,20,15,1280,0,14,3,6,6,1,2,-70,2,1173,11697,12,100,2,0,0 '
Received from ('fd00::200:0:0:1', 5678, 0, 0): b' 498,1,0,256,0,9,0,0,4,0,0,0,10,2261,24615,390,100,2,0,0 '
Received from ('fd00::200:0:0:13', 8765, 0, 0): b' 497,19,15,1280,0,20,2,4,7,1,1,-52,0,768,9138,20,100,2,0,0 '
Received from ('fd00::200:0:0:6', 8765, 0, 0): b' 498,6,3,768,0,10,6,7,7,1,3,-70,0,459,7102,8,100,2,0,0 '
Received from ('fd00::200:0:0:4', 8765, 0, 0): b' 500,4,1,512,10,24,6,1,7,1,1,-66,4,2247,25580,33,100,3,0,0 '
Received from ('fd00::200:0:0:b', 8765, 0, 0): b' 499,11,7,1024,0,25,2,2,7,1,1,-52,0,366,5349,25,100,1,0,0 '
Received from ('fd00::200:0:0:10', 8765, 0, 0): b' 500,16,15,1280,0,16,4,6,7,1,3,-52,0,698,9828,11,100,2,0,0 '
Received from ('fd00::200:0:0:7', 8765, 0, 0): b' 500,7,4,768,0,26,4,3,7,1,2,-70,1,1281,17920,28,100,3,0,0 '
Received from ('fd00::200:0:0:a', 8765, 0, 0): b' 500,10,2,768,10,21,2,3,7,1,1,-95,8,2336,17924,23,100,1,0,0 '
Received from ('fd00::200:0:0:e', 8765, 0, 0): b' 500,14,10,1024,0,18,2,4,7,1,1,-52,0,284,6005,21,100,1,0,0 '
Received from ('fd00::200:0:0:12', 8765, 0, 0): b' 501,18,15,1280,0,16,1,4,5,1,1,-70,2,339,4977,20,100,1,0,0 '
Received from ('fd00::200:0:0:8', 8765, 0, 0): b' 501,8,4,768,0,24,4,3,7,1,2,-52,0,306,9789,28,100,1,0,0 '
Received from ('fd00::200:0:0:3', 8765, 0, 0): b' 502,3,1,512,0,27,6,1,7,1,2,-64,1,1469,18306,30,100,3,0,0 '
Received from ('fd00::200:0:0:5', 8765, 0, 0): b' 502,5,1,512,10,24,6,1,5,1,1,-94,0,478,8847,33,100,3,0,0 '
Received from ('fd00::200:0:0:15', 8765, 0, 0): b' 502,21,20,1536,0,7,1,7,4,1,1,-52,0,701,10918,6,100,4,0,0 '
Received from ('fd00::200:0:0:2', 8765, 0, 0): b' 503,2,1,512,10,29,6,1,6,1,1,-88,9,2540,16315,33,100,1,0,0 '
Received from ('fd00::200:0:0:11', 8765, 0, 0): b' 502,17,20,1536,0,13,2,6,5,1,1,-70,0,529,8979,12,100,3,0,0 '
Received from ('fd00::200:0:0:13', 8765, 0, 0): b' 503,19,15,1280,0,20,2,4,7,1,1,-52,0,390,5990,20,100,1,0,0 '
Received from ('fd00::200:0:0:9', 8765, 0, 0): b' 503,9,4,768,0,25,2,2,5,1,1,-70,0,551,12364,29,100,2,0,0 '
Received from ('fd00::200:0:0:1', 5678, 0, 0): b' 504,1,0,256,0,9,0,0,4,0,0,0,10,1200,14159,394,100,1,0,0 '
Received from ('fd00::200:0:0:6', 8765, 0, 0): b' 504,6,3,768,0,11,6,7,7,1,3,-70,0,589,5864,8,100,2,0,0 '
Received from ('fd00::200:0:0:4', 8765, 0, 0): b' 505,4,1,512,10,24,6,1,7,1,1,-66,4,1222,11300,33,100,1,0,0 '
Received from ('fd00::200:0:0:14', 8765, 0, 0): b' 505,20,15,1280,0,15,3,6,6,1,2,-70,2,935,12389,12,100,2,0,0 '
Received from ('fd00::200:0:0:e', 8765, 0, 0): b' 505,14,10,1024,0,18,2,4,7,1,1,-52,0,339,5115,22,100,1,0,0 '
Received from ('fd00::200:0:0:5', 8765, 0, 0): b' 507,5,1,512,0,24,6,1,5,1,1,-94,0,355,6003,34,100,1,0,0 '
Received from ('fd00::200:0:0:a', 8765, 0, 0): b' 507,10,2,768,10,21,2,3,7,1,1,-95,8,1782,13989,23,100,1,0,0 '
Received from ('fd00::200:0:0:f', 8765, 0, 0): b' 506,15,10,1024,0,14,2,7,7,1,1,-70,6,2536,26286,21,100,2,0,0 '
Received from ('fd00::200:0:0:12', 8765, 0, 0): b' 506,18,15,1280,0,16,1,4,5,1,1,-70,2,283,5560,20,100,1,0,0 '
Received from ('fd00::200:0:0:8', 8765, 0, 0): b' 508,8,4,768,0,24,4,3,7,1,2,-52,0,335,7627,29,100,1,0,0 '
Received from ('fd00::200:0:0:3', 8765, 0, 0): b' 508,3,1,512,0,27,6,1,7,1,2,-64,1,622,10148,30,100,1,0,0 '
Received from ('fd00::200:0:0:13', 8765, 0, 0): b' 507,19,15,1280,0,20,2,4,7,1,1,-52,0,529,4891,21,100,1,0,0 '
Received from ('fd00::200:0:0:11', 8765, 0, 0): b' 507,17,20,1536,0,13,2,6,5,1,1,-70,0,339,5557,13,100,1,0,0 '
Received from ('fd00::200:0:0:4', 8765, 0, 0): b' 509,4,1,512,0,24,6,1,7,1,1,-66,4,1220,12054,34,100,1,0,0 '
Received from ('fd00::200:0:0:10', 8765, 0, 0): b' 508,16,15,1280,10,16,4,6,7,1,3,-52,0,557,8793,12,100,3,0,0 '
Received from ('fd00::200:0:0:14', 8765, 0, 0): b' 509,20,15,1280,10,15,3,6,6,1,2,-70,2,753,8548,13,100,1,0,0 '
Received from ('fd00::200:0:0:6', 8765, 0, 0): b' 510,6,3,768,0,11,6,7,7,1,3,-70,0,507,6361,9,100,1,0,0 '
Received from ('fd00::200:0:0:2', 8765, 0, 0): b' 511,2,1,512,20,29,6,1,6,1,1,-88,9,2664,16169,34,100,2,0,0 '
Received from ('fd00::200:0:0:5', 8765, 0, 0): b' 511,5,1,512,0,24,6,1,5,1,1,-94,0,255,5004,34,100,1,0,0 '
Received from ('fd00::200:0:0:b', 8765, 0, 0): b' 511,11,7,1024,0,26,2,2,7,1,1,-52,0,743,14490,26,100,3,0,0 '
Received from ('fd00::200:0:0:1', 5678, 0, 0): b' 511,1,0,256,0,9,0,0,4,0,0,0,10,1741,17181,405,100,2,0,0 '
Received from ('fd00::200:0:0:9', 8765, 0, 0): b' 511,9,4,768,0,25,2,2,5,1,1,-70,0,401,9080,29,100,2,0,0 '
Received from ('fd00::200:0:0:12', 8765, 0, 0): b' 510,18,15,1280,0,16,1,4,5,1,1,-70,2,218,4107,21,100,0,0,0 '
Received from ('fd00::200:0:0:7', 8765, 0, 0): b' 511,7,4,768,0,26,4,3,7,1,2,-70,1,1060,17939,29,100,2,0,0 '
Received from ('fd00::200:0:0:15', 8765, 0, 0): b' 511,21,20,1536,0,7,1,7,4,1,1,-52,0,580,9470,7,100,3,0,0 '
Received from ('fd00::200:0:0:13', 8765, 0, 0): b' 512,19,15,1280,0,20,2,4,7,1,1,-52,0,283,4769,21,100,1,0,0 '
Received from ('fd00::200:0:0:8', 8765, 0, 0): b' 514,8,4,768,0,24,4,3,7,1,2,-52,0,307,7285,29,100,1,0,0 '
Received from ('fd00::200:0:0:4', 8765, 0, 0): b' 514,4,1,512,0,24,6,1,7,1,1,-66,4,1104,12715,34,100,1,0,0 '
Received from ('fd00::200:0:0:1', 5678, 0, 0): b' 516,1,0,256,0,9,0,0,4,0,0,0,10,644,9632,409,100,0,0,0 '
Received from ('fd00::200:0:0:10', 8765, 0, 0): b' 515,16,15,1280,0,17,4,6,7,1,3,-52,0,409,5921,12,100,2,0,0 '
Received from ('fd00::200:0:0:6', 8765, 0, 0): b' 516,6,3,768,0,11,6,7,7,1,3,-70,0,375,5377,9,100,2,0,0 '
Received from ('fd00::200:0:0:14', 8765, 0, 0): b' 514,20,15,1280,10,15,3,6,6,1,2,-70,2,615,8503,13,100,1,0,0 '
Received from ('fd00::200:0:0:11', 8765, 0, 0): b' 515,17,20,1536,10,13,2,6,5,1,1,-70,0,380,6806,13,100,2,0,0 '
Received from ('fd00::200:0:0:e', 8765, 0, 0): b' 516,14,10,1024,0,18,2,4,7,1,1,-52,0,428,9924,22,100,2,0,0 '
Received from ('fd00::200:0:0:3', 8765, 0, 0): b' 517,3,1,512,0,27,6,1,7,1,2,-64,1,980,14086,31,100,2,0,0 '
Received from ('fd00::200:0:0:f', 8765, 0, 0): b' 516,15,10,1024,0,14,2,7,7,1,1,-70,6,3110,26970,22,100,2,0,0 '
Received from ('fd00::200:0:0:a', 8765, 0, 0): b' 518,10,2,768,10,21,2,3,7,1,1,-95,8,3669,25836,24,100,2,0,0 '
Received from ('fd00::200:0:0:15', 8765, 0, 0): b' 516,21,20,1536,0,8,1,7,4,1,1,-52,0,387,4780,7,100,1,0,0 '
Received from ('fd00::200:0:0:5', 8765, 0, 0): b' 519,5,1,512,0,24,6,1,5,1,1,-94,0,378,9085,35,100,1,0,0 '
Received from ('fd00::200:0:0:b', 8765, 0, 0): b' 519,11,7,1024,0,26,2,2,7,1,1,-52,0,307,9096,26,100,1,0,0 '
Received from ('fd00::200:0:0:2', 8765, 0, 0): b' 520,2,1,512,0,30,6,1,6,1,1,-88,9,2581,17771,34,100,1,0,0 '
Received from ('fd00::200:0:0:9', 8765, 0, 0): b' 519,9,4,768,0,25,2,2,5,1,1,-70,0,387,9882,30,100,1,0,0 '
Received from ('fd00::200:0:0:7', 8765, 0, 0): b' 519,7,4,768,0,27,4,3,7,1,2,-70,1,772,12501,29,100,2,0,0 '
Received from ('fd00::200:0:0:10', 8765, 0, 0): b' 520,16,15,1280,0,17,4,6,7,1,3,-52,0,259,4660,12,100,1,0,0 '
Received from ('fd00::200:0:0:4', 8765, 0, 0): b' 521,4,1,512,10,25,6,1,7,1,1,-66,4,1663,15586,35,100,1,0,0 '
Received from ('fd00::200:0:0:1', 5678, 0, 0): b' 522,1,0,256,0,9,0,0,4,0,0,0,10,1520,15084,418,100,1,0,0 '
Received from ('fd00::200:0:0:13', 8765, 0, 0): b' 520,19,15,1280,0,20,2,4,7,1,1,-52,0,488,8250,22,100,2,0,0 '
Received from ('fd00::200:0:0:15', 8765, 0, 0): b' 520,21,20,1536,0,8,1,7,4,1,1,-52,0,256,3928,7,100,1,0,0 '
Received from ('fd00::200:0:0:12', 8765, 0, 0): b' 521,18,15,1280,0,17,1,4,5,1,1,-70,2,535,9458,21,100,2,0,0 '
Received from ('fd00::200:0:0:e', 8765, 0, 0): b' 522,14,10,1024,0,18,2,4,7,1,1,-52,0,339,5657,23,100,1,0,0 '
Received from ('fd00::200:0:0:3', 8765, 0, 0): b' 524,3,1,512,0,27,6,1,7,1,2,-64,1,449,9866,31,100,1,0,0 '
Received from ('fd00::200:0:0:2', 8765, 0, 0): b' 525,2,1,512,20,30,6,1,6,1,1,-88,9,1830,10957,35,100,2,0,0 '
Received from ('fd00::200:0:0:8', 8765, 0, 0): b' 526,8,4,768,0,24,4,3,7,1,2,-52,0,630,14205,30,100,3,0,0 '
Received from ('fd00::200:0:0:5', 8765, 0, 0): b' 526,5,1,512,0,25,6,1,5,1,1,-94,0,466,8668,35,100,1,0,0 '
Received from ('fd00::200:0:0:12', 8765, 0, 0): b' 525,18,15,1280,0,17,1,4,5,1,1,-70,2,259,3731,21,100,1,0,0 '
Received from ('fd00::200:0:0:a', 8765, 0, 0): b' 527,10,2,768,10,22,2,3,7,1,1,-95,8,2583,19158,24,100,2,0,0 '
Received from ('fd00::200:0:0:f', 8765, 0, 0): b' 527,15,10,1024,10,14,2,7,7,1,1,-70,6,2534,26684,23,100,2,0,0 '
Received from ('fd00::200:0:0:14', 8765, 0, 0): b' 526,20,15,1280,10,15,3,6,6,1,2,-70,2,1509,18769,14,100,2,0,0 '
Received from ('fd00::200:0:0:11', 8765, 0, 0): b' 526,17,20,1536,0,14,2,6,5,1,1,-70,0,830,10824,14,100,2,0,0 '
Received from ('fd00::200:0:0:1', 5678, 0, 0): b' 528,1,0,256,0,9,0,0,4,0,0,0,10,1304,14006,426,100,2,0,0 '
Received from ('fd00::200:0:0:3', 8765, 0, 0): b' 528,3,1,512,20,27,6,1,7,1,2,-64,1,339,5924,31,100,1,0,0 '
Received from ('fd00::200:0:0:4', 8765, 0, 0): b' 528,4,1,512,10,25,6,1,7,1,1,-66,4,1014,13817,35,100,1,0,0 '
Received from ('fd00::200:0:0:15', 8765, 0, 0): b' 526,21,20,1536,0,8,1,7,4,1,1,-52,0,433,5638,8,100,2,0,0 '
Received from ('fd00::200:0:0:9', 8765, 0, 0): b' 528,9,4,768,0,26,2,2,5,1,1,-70,0,507,10462,30,100,2,0,0 '
Received from ('fd00::200:0:0:6', 8765, 0, 0): b' 528,6,3,768,0,11,6,7,7,1,3,-70,0,503,10695,10,100,2,0,0 '
Received from ('fd00::200:0:0:2', 8765, 0, 0): b' 530,2,1,512,0,30,6,1,6,1,1,-88,9,1366,8517,35,100,0,0,0 '
Received from ('fd00::200:0:0:13', 8765, 0, 0): b' 528,19,15,1280,0,21,2,4,7,1,1,-52,0,408,7079,22,100,2,0,0 '
Received from ('fd00::200:0:0:10', 8765, 0, 0): b' 529,16,15,1280,0,17,4,6,7,1,3,-52,0,484,8831,13,100,2,0,0 '
Received from ('fd00::200:0:0:7', 8765, 0, 0): b' 529,7,4,768,0,27,4,3,7,1,2,-70,1,827,14548,30,100,2,0,0 '
Received from ('fd00::200:0:0:b', 8765, 0, 0): b' 530,11,7,1024,0,26,2,2,7,1,1,-52,0,564,14103,27,100,2,0,0 '
Received from ('fd00::200:0:0:5', 8765, 0, 0): b' 532,5,1,512,0,25,6,1,5,1,1,-94,0,352,6400,35,100,2,0,0 '
Received from ('fd00::200:0:0:8', 8765, 0, 0): b' 532,8,4,768,0,24,4,3,7,1,2,-52,0,280,7847,30,100,1,0,0 '
Received from ('fd00::200:0:0:e', 8765, 0, 0): b' 532,14,10,1024,0,19,2,4,7,1,1,-52,0,535,9409,23,100,2,0,0 '
Received from ('fd00::200:0:0:a', 8765, 0, 0): b' 534,10,2,768,0,22,2,3,7,1,1,-95,8,1720,15030,25,100,1,0,0 '
Received from ('fd00::200:0:0:13', 8765, 0, 0): b' 533,19,15,1280,0,21,2,4,7,1,1,-52,0,259,4318,22,100,1,0,0 '
Received from ('fd00::200:0:0:11', 8765, 0, 0): b' 532,17,20,1536,0,14,2,6,5,1,1,-70,0,498,5987,14,100,1,0,0 '
Received from ('fd00::200:0:0:12', 8765, 0, 0): b' 533,18,15,1280,10,17,1,4,5,1,1,-70,2,460,8202,22,100,2,0,0 '
Received from ('fd00::200:0:0:f', 8765, 0, 0): b' 535,15,10,1024,0,15,2,7,7,1,1,-70,6,2128,21331,23,100,1,0,0 '
Received from ('fd00::200:0:0:9', 8765, 0, 0): b' 536,9,4,768,0,26,2,2,5,1,1,-70,0,388,9143,31,100,1,0,0 '
Received from ('fd00::200:0:0:14', 8765, 0, 0): b' 535,20,15,1280,0,15,3,6,6,1,2,-70,2,1107,13749,14,100,2,0,0 '
Received from ('fd00::200:0:0:1', 5678, 0, 0): b' 537,1,0,256,0,9,0,0,4,0,0,0,10,1961,20935,437,100,1,0,0 '
Received from ('fd00::200:0:0:15', 8765, 0, 0): b' 536,21,20,1536,0,9,1,7,4,1,1,-52,0,526,8994,8,100,3,0,0 '
Received from ('fd00::200:0:0:6', 8765, 0, 0): b' 537,6,3,768,0,11,6,7,7,1,3,-70,0,578,9231,11,100,3,0,0 '
Received from ('fd00::200:0:0:3', 8765, 0, 0): b' 538,3,1,512,0,27,6,1,7,1,2,-64,1,994,15045,32,100,2,0,0 '
Received from ('fd00::200:0:0:4', 8765, 0, 0): b' 538,4,1,512,0,25,6,1,7,1,1,-66,4,2382,23601,36,100,2,0,0 '
Received from ('fd00::200:0:0:b', 8765, 0, 0): b' 538,11,7,1024,0,27,2,2,7,1,1,-52,0,730,9867,28,100,2,0,0 '
Received from ('fd00::200:0:0:e', 8765, 0, 0): b' 538,14,10,1024,0,19,2,4,7,1,1,-52,0,367,6359,24,100,1,0,0 '
Received from ('fd00::200:0:0:8', 8765, 0, 0): b' 539,8,4,768,0,25,4,3,7,1,2,-52,0,470,8202,31,100,1,0,0 '
Received from ('fd00::200:0:0:10', 8765, 0, 0): b' 538,16,15,1280,0,17,4,6,7,1,3,-52,0,460,8878,14,100,2,0,0 '
Received from ('fd00::200:0:0:7', 8765, 0, 0): b' 539,7,4,768,10,27,4,3,7,1,2,-70,1,1007,15317,31,100,1,0,0 '
Received from ('fd00::200:0:0:2', 8765, 0, 0): b' 541,2,1,512,10,30,6,1,6,1,1,-88,9,3246,22825,36,100,2,0,0 '
Received from ('fd00::200:0:0:13', 8765, 0, 0): b' 541,19,15,1280,0,21,2,4,7,1,1,-52,0,363,7383,23,100,1,0,0 '
Received from ('fd00::200:0:0:a', 8765, 0, 0): b' 542,10,2,768,10,22,2,3,7,1,1,-95,8,2755,18892,25,100,2,0,0 '
Received from ('fd00::200:0:0:12', 8765, 0, 0): b' 541,18,15,1280,10,17,1,4,5,1,1,-70,2,364,7440,23,100,1,0,0 '
Received from ('fd00::200:0:0:5', 8765, 0, 0): b' 544,5,1,512,0,25,6,1,5,1,1,-94,0,551,13590,36,100,2,0,0 '
Received from ('fd00::200:0:0:4', 8765, 0, 0): b' 545,4,1,512,0,25,6,1,7,1,1,-66,4,1013,14104,36,100,1,0,0 '
Received from ('fd00::200:0:0:11', 8765, 0, 0): b' 544,17,20,1536,0,14,2,6,5,1,1,-70,0,578,10456,15,100,2,0,0 '
Received from ('fd00::200:0:0:b', 8765, 0, 0): b' 544,11,7,1024,0,27,2,2,7,1,1,-52,0,496,7958,28,100,1,0,0 '
Received from ('fd00::200:0:0:f', 8765, 0, 0): b' 545,15,10,1024,10,15,2,7,7,1,1,-70,6,2578,25946,24,100,2,0,0 '
Received from ('fd00::200:0:0:9', 8765, 0, 0): b' 545,9,4,768,0,26,2,2,5,1,1,-70,0,494,10074,31,100,2,0,0 '
Received from ('fd00::200:0:0:1', 5678, 0, 0): b' 547,1,0,256,0,9,0,0,4,0,0,0,10,1799,20843,447,100,2,0,0 '
Received from ('fd00::200:0:0:15', 8765, 0, 0): b' 545,21,20,1536,0,9,1,7,4,1,1,-52,0,457,7384,9,100,2,0,0 '
Received from ('fd00::200:0:0:14', 8765, 0, 0): b' 546,20,15,1280,0,15,3,6,6,1,2,-70,2,1404,15741,15,100,2,0,0 '
Received from ('fd00::200:0:0:8', 8765, 0, 0): b' 547,8,4,768,0,25,4,3,7,1,2,-52,0,400,9215,31,100,2,0,0 '
Received from ('fd00::200:0:0:10', 8765, 0, 0): b' 545,16,15,1280,0,17,4,6,7,1,3,-52,0,307,6779,14,100,1,0,0 '
Received from ('fd00::200:0:0:12', 8765, 0, 0): b' 546,18,15,1280,0,17,1,4,5,1,1,-70,2,354,4506,23,100,1,0,0 '
Received from ('fd00::200:0:0:e', 8765, 0, 0): b' 548,14,10,1024,0,19,2,4,7,1,1,-52,0,429,7960,24,100,2,0,0 '
Received from ('fd00::200:0:0:3', 8765, 0, 0): b' 549,3,1,512,0,28,6,1,7,1,2,-64,1,771,16288,33,100,2,0,0 '
Received from ('fd00::200:0:0:5', 8765, 0, 0): b' 549,5,1,512,0,25,6,1,5,1,1,-94,0,280,6286,36,100,1,0,0 '
Received from ('fd00::200:0:0:6', 8765, 0, 0): b' 549,6,3,768,0,12,6,7,7,1,3,-70,0,531,10531,11,100,2,0,0 '
Received from ('fd00::200:0:0:7', 8765, 0, 0): b' 549,7,4,768,10,27,4,3,7,1,2,-70,1,896,15132,31,100,2,0,0 '
Received from ('fd00::200:0:0:9', 8765, 0, 0): b' 551,9,4,768,0,26,2,2,5,1,1,-70,0,364,7896,32,100,1,0,0 '
Received from ('fd00::200:0:0:15', 8765, 0, 0): b' 551,21,20,1536,0,10,1,7,4,1,1,-52,0,591,6461,9,100,2,0,0 '
Received from ('fd00::200:0:0:2', 8765, 0, 0): b' 553,2,1,512,10,30,6,1,6,1,1,-88,9,2828,21215,37,100,2,0,0 '
Received from ('fd00::200:0:0:12', 8765, 0, 0): b' 552,18,15,1280,0,17,1,4,5,1,1,-70,2,259,4581,23,100,1,0,0 '
Received from ('fd00::200:0:0:5', 8765, 0, 0): b' 553,5,1,512,0,25,6,1,5,1,1,-94,0,261,5838,37,100,0,0,0 '
Received from ('fd00::200:0:0:10', 8765, 0, 0): b' 551,16,15,1280,0,18,4,6,7,1,3,-52,0,808,6127,14,100,2,0,0 '
Received from ('fd00::200:0:0:e', 8765, 0, 0): b' 552,14,10,1024,10,19,2,4,7,1,1,-52,0,259,5045,25,100,1,0,0 '
Received from ('fd00::200:0:0:a', 8765, 0, 0): b' 554,10,2,768,20,22,2,3,7,1,1,-95,8,3003,24575,26,100,2,0,0 '
Received from ('fd00::200:0:0:13', 8765, 0, 0): b' 553,19,15,1280,0,21,2,4,7,1,1,-52,0,602,11233,24,100,2,0,0 '
Received from ('fd00::200:0:0:4', 8765, 0, 0): b' 555,4,1,512,0,26,6,1,7,1,1,-66,4,2435,22571,37,100,2,0,0 '
Received from ('fd00::200:0:0:7', 8765, 0, 0): b' 554,7,4,768,0,27,4,3,7,1,2,-70,1,451,8432,32,100,1,0,0 '
Received from ('fd00::200:0:0:1', 5678, 0, 0): b' 555,1,0,256,0,9,0,0,4,0,0,0,10,1723,20094,456,100,1,0,0 '
Received from ('fd00::200:0:0:b', 8765, 0, 0): b' 554,11,7,1024,0,27,2,2,7,1,1,-52,0,618,12358,29,100,2,0,0 '
Received from ('fd00::200:0:0:6', 8765, 0, 0): b' 555,6,3,768,0,12,6,7,7,1,3,-70,0,360,6349,12,100,1,0,0 '
Received from ('fd00::200:0:0:11', 8765, 0, 0): b' 553,17,20,1536,10,14,2,6,5,1,1,-70,0,405,7793,16,100,2,0,0 '
Received from ('fd00::200:0:0:8', 8765, 0, 0): b' 556,8,4,768,0,25,4,3,7,1,2,-52,0,411,11732,32,100,1,0,0 '
Received from ('fd00::200:0:0:f', 8765, 0, 0): b' 556,15,10,1024,0,15,2,7,7,1,1,-70,6,2982,29620,25,100,2,0,0 '
Received from ('fd00::200:0:0:14', 8765, 0, 0): b' 557,20,15,1280,0,15,3,6,6,1,2,-70,2,1284,17857,16,100,2,0,0 '
Received from ('fd00::200:0:0:3', 8765, 0, 0): b' 558,3,1,512,0,28,6,1,7,1,2,-64,1,1022,15147,34,100,2,0,0 '
Received from ('fd00::200:0:0:2', 8765, 0, 0): b' 559,2,1,512,0,30,6,1,6,1,1,-88,9,2299,14272,37,100,1,0,0 '
Received from ('fd00::200:0:0:a', 8765, 0, 0): b' 559,10,2,768,0,22,2,3,7,1,1,-95,8,1621,12161,26,100,1,0,0 '
Received from ('fd00::200:0:0:1', 5678, 0, 0): b' 560,1,0,256,0,9,0,0,4,0,0,0,10,888,9804,463,100,1,0,0 '
Received from ('fd00::200:0:0:13', 8765, 0, 0): b' 559,19,15,1280,0,21,2,4,7,1,1,-52,0,350,5953,24,100,1,0,0 '
Received from ('fd00::200:0:0:4', 8765, 0, 0): b' 562,4,1,512,0,26,6,1,7,1,1,-66,4,1236,15686,37,100,1,0,0 '
Received from ('fd00::200:0:0:15', 8765, 0, 0): b' 561,21,20,1536,0,10,1,7,4,1,1,-52,0,483,9154,10,100,2,0,0 '
Received from ('fd00::200:0:0:9', 8765, 0, 0): b' 562,9,4,768,0,27,2,2,5,1,1,-70,0,615,12175,33,100,2,0,0 '
Received from ('fd00::200:0:0:f', 8765, 0, 0): b' 562,15,10,1024,0,15,2,7,7,1,1,-70,6,1169,13992,25,100,1,0,0 '
Received from ('fd00::200:0:0:7', 8765, 0, 0): b' 563,7,4,768,0,27,4,3,7,1,2,-70,1,663,11509,32,100,2,0,0 '
Received from ('fd00::200:0:0:11', 8765, 0, 0): b' 562,17,20,1536,0,14,2,6,5,1,1,-70,0,388,8349,16,100,1,0,0 '
Received from ('fd00::200:0:0:5', 8765, 0, 0): b' 563,5,1,512,0,25,6,1,5,1,1,-94,0,452,11114,37,100,2,0,0 '
Received from ('fd00::200:0:0:8', 8765, 0, 0): b' 564,8,4,768,0,25,4,3,7,1,2,-52,0,447,8045,32,100,2,0,0 '
Received from ('fd00::200:0:0:10', 8765, 0, 0): b' 563,16,15,1280,0,18,4,6,7,1,3,-52,0,661,9870,15,100,2,0,0 '
Received from ('fd00::200:0:0:12', 8765, 0, 0): b' 564,18,15,1280,0,17,1,4,5,1,1,-70,2,508,10702,24,100,2,0,0 '
Received from ('fd00::200:0:0:3', 8765, 0, 0): b' 564,3,1,512,0,28,6,1,7,1,2,-64,1,319,7821,34,100,0,0,0 '
Received from ('fd00::200:0:0:1', 5678, 0, 0): b' 564,1,0,256,0,9,0,0,4,0,0,0,10,1011,11101,466,100,1,0,0 '
Received from ('fd00::200:0:0:e', 8765, 0, 0): b' 564,14,10,1024,0,19,2,4,7,1,1,-52,0,509,11043,25,100,2,0,0 '
Received from ('fd00::200:0:0:6', 8765, 0, 0): b' 565,6,3,768,10,12,6,7,7,1,3,-70,0,400,8999,12,100,2,0,0 '
Received from ('fd00::200:0:0:14', 8765, 0, 0): b' 566,20,15,1280,0,16,3,6,6,1,2,-70,2,1022,14095,16,100,1,0,0 '
Received from ('fd00::200:0:0:b', 8765, 0, 0): b' 566,11,7,1024,0,27,2,2,7,1,1,-52,0,536,13567,30,100,2,0,0 '
Received from ('fd00::200:0:0:5', 8765, 0, 0): b' 567,5,1,512,0,25,6,1,5,1,1,-94,0,359,5516,38,100,1,0,0 '
Received from ('fd00::200:0:0:2', 8765, 0, 0): b' 568,2,1,512,0,31,6,1,6,1,1,-88,9,2315,15941,38,100,3,0,0 '
Received from ('fd00::200:0:0:4', 8765, 0, 0): b' 568,4,1,512,0,26,6,1,7,1,1,-66,4,1724,15331,38,100,1,0,0 '
Received from ('fd00::200:0:0:9', 8765, 0, 0): b' 569,9,4,768,0,27,2,2,5,1,1,-70,0,377,7877,33,100,2,0,0 '
Received from ('fd00::200:0:0:f', 8765, 0, 0): b' 569,15,10,1024,20,15,2,7,7,1,1,-70,6,1405,17047,25,100,1,0,0 '
Received from ('fd00::200:0:0:11', 8765, 0, 0): b' 567,17,20,1536,10,14,2,6,5,1,1,-70,0,283,5837,17,100,1,0,0 '
Received from ('fd00::200:0:0:6', 8765, 0, 0): b' 570,6,3,768,0,12,6,7,7,1,3,-70,0,336,4980,13,100,1,0,0 '
Received from ('fd00::200:0:0:1', 5678, 0, 0): b' 571,1,0,256,0,9,0,0,4,0,0,0,10,1323,14629,476,100,1,0,0 '
Received from ('fd00::200:0:0:a', 8765, 0, 0): b' 571,10,2,768,10,22,2,3,7,1,1,-95,8,2767,24071,27,100,2,0,0 '
Received from ('fd00::200:0:0:7', 8765, 0, 0): b' 571,7,4,768,0,27,4,3,7,1,2,-70,1,829,12923,33,100,1,0,0 '
Received from ('fd00::200:0:0:3', 8765, 0, 0): b' 572,3,1,512,0,28,6,1,7,1,2,-64,1,894,12532,34,100,2,0,0 '
Received from ('fd00::200:0:0:12', 8765, 0, 0): b' 570,18,15,1280,0,17,1,4,5,1,1,-70,2,284,5922,24,100,1,0,0 '
Received from ('fd00::200:0:0:10', 8765, 0, 0): b' 570,16,15,1280,0,18,4,6,7,1,3,-52,0,363,6902,16,100,1,0,0 '
Received from ('fd00::200:0:0:2', 8765, 0, 0): b' 573,2,1,512,20,31,6,1,6,1,1,-88,9,1621,10084,38,100,1,0,0 '
Received from ('fd00::200:0:0:13', 8765, 0, 0): b' 570,19,15,1280,0,22,2,4,7,1,1,-52,0,722,11200,25,100,2,0,0 '
Received from ('fd00::200:0:0:8', 8765, 0, 0): b' 574,8,4,768,0,26,4,3,7,1,2,-52,0,518,12196,33,100,1,0,0 '
Received from ('fd00::200:0:0:15', 8765, 0, 0): b' 573,21,20,1536,0,10,1,7,4,1,1,-52,0,605,10703,11,100,3,0,0 '
Received from ('fd00::200:0:0:11', 8765, 0, 0): b' 572,17,20,1536,0,15,2,6,5,1,1,-70,0,530,4568,17,100,1,0,0 '
Received from ('fd00::200:0:0:5', 8765, 0, 0): b' 575,5,1,512,0,26,6,1,5,1,1,-94,0,404,8815,38,100,2,0,0 '
Received from ('fd00::200:0:0:e', 8765, 0, 0): b' 575,14,10,1024,0,20,2,4,7,1,1,-52,0,586,10048,26,100,3,0,0 '
Received from ('fd00::200:0:0:12', 8765, 0, 0): b' 575,18,15,1280,0,19,1,4,5,1,1,-70,2,547,5529,25,100,2,0,0 '
Received from ('fd00::200:0:0:4', 8765, 0, 0): b' 576,4,1,512,0,26,6,1,7,1,1,-66,4,1355,17012,38,100,2,0,0 '
Received from ('fd00::200:0:0:14', 8765, 0, 0): b' 576,20,15,1280,0,16,3,6,6,1,2,-70,2,1407,17259,17,100,2,0,0 '
Received from ('fd00::200:0:0:2', 8765, 0, 0): b' 577,2,1,512,0,31,6,1,6,1,1,-88,9,1592,9665,38,100,1,0,0 '
Received from ('fd00::200:0:0:10', 8765, 0, 0): b' 577,16,15,1280,0,18,4,6,7,1,3,-52,0,307,7792,16,100,1,0,0 '
Received from ('fd00::200:0:0:9', 8765, 0, 0): b' 578,9,4,768,0,27,2,2,5,1,1,-70,0,412,11208,34,100,1,0,0 '
Received from ('fd00::200:0:0:1', 5678, 0, 0): b' 578,1,0,256,0,9,0,0,4,0,0,0,10,1501,16316,483,100,2,0,0 '
Received from ('fd00::200:0:0:15', 8765, 0, 0): b' 577,21,20,1536,0,10,1,7,4,1,1,-52,0,260,4521,11,100,1,0,0 '
Received from ('fd00::200:0:0:b', 8765, 0, 0): b' 579,11,7,1024,0,27,2,2,7,1,1,-52,0,452,14317,30,100,2,0,0 '
Received from ('fd00::200:0:0:6', 8765, 0, 0): b' 578,6,3,768,0,12,6,7,7,1,3,-70,0,400,7173,13,100,2,0,0 '
Received from ('fd00::200:0:0:13', 8765, 0, 0): b' 577,19,15,1280,0,22,2,4,7,1,1,-52,0,726,7677,25,100,2,0,0 '
Received from ('fd00::200:0:0:7', 8765, 0, 0): b' 580,7,4,768,0,27,4,3,7,1,2,-70,1,757,12672,33,100,2,0,0 '
Received from ('fd00::200:0:0:5', 8765, 0, 0): b' 580,5,1,512,0,26,6,1,5,1,1,-94,0,302,5662,39,100,1,0,0 '
Received from ('fd00::200:0:0:f', 8765, 0, 0): b' 579,15,10,1024,0,16,2,7,7,1,1,-70,6,3475,29601,26,100,2,0,0 '
Received from ('fd00::200:0:0:8', 8765, 0, 0): b' 581,8,4,768,0,27,4,3,7,1,2,-52,0,558,8452,34,100,3,0,0 '
Received from ('fd00::200:0:0:e', 8765, 0, 0): b' 582,14,10,1024,0,20,2,4,7,1,1,-52,0,336,6092,26,100,1,0,0 '
Received from ('fd00::200:0:0:a', 8765, 0, 0): b' 582,10,2,768,0,22,2,3,7,1,1,-95,8,3371,25086,28,100,2,0,0 '
Received from ('fd00::200:0:0:15', 8765, 0, 0): b' 582,21,20,1536,0,10,1,7,4,1,1,-52,0,259,3996,11,100,1,0,0 '
Received from ('fd00::200:0:0:10', 8765, 0, 0): b' 581,16,15,1280,0,18,4,6,7,1,3,-52,0,259,4287,16,100,1,0,0 '
Received from ('fd00::200:0:0:3', 8765, 0, 0): b' 583,3,1,512,0,28,6,1,7,1,2,-64,1,926,17446,35,100,2,0,0 '
Received from ('fd00::200:0:0:14', 8765, 0, 0): b' 582,20,15,1280,10,16,3,6,6,1,2,-70,2,783,9873,17,100,1,0,0 '
Received from ('fd00::200:0:0:4', 8765, 0, 0): b' 585,4,1,512,0,27,6,1,7,1,1,-66,4,1988,20091,39,100,2,0,0 '
Received from ('fd00::200:0:0:8', 8765, 0, 0): b' 585,8,4,768,0,27,4,3,7,1,2,-52,0,186,5263,34,100,0,0,0 '
Received from ('fd00::200:0:0:11', 8765, 0, 0): b' 582,17,20,1536,10,15,2,6,5,1,1,-70,0,749,8973,18,100,2,0,0 '
Received from ('fd00::200:0:0:6', 8765, 0, 0): b' 586,6,3,768,0,13,6,7,7,1,3,-70,0,466,7268,14,100,1,0,0 '
Received from ('fd00::200:0:0:a', 8765, 0, 0): b' 586,10,2,768,30,22,2,3,7,1,1,-95,8,1570,10103,28,100,1,0,0 '
Received from ('fd00::200:0:0:e', 8765, 0, 0): b' 586,14,10,1024,0,20,2,4,7,1,1,-52,0,381,4755,27,100,1,0,0 '
Received from ('fd00::200:0:0:7', 8765, 0, 0): b' 588,7,4,768,0,27,4,3,7,1,2,-70,1,735,12927,34,100,1,0,0 '
Received from ('fd00::200:0:0:5', 8765, 0, 0): b' 588,5,1,512,0,26,6,1,5,1,1,-94,0,428,9420,39,100,2,0,0 '
Received from ('fd00::200:0:0:10', 8765, 0, 0): b' 586,16,15,1280,0,18,4,6,7,1,3,-52,0,315,4296,17,100,1,0,0 '
Received from ('fd00::200:0:0:9', 8765, 0, 0): b' 588,9,4,768,0,27,2,2,5,1,1,-70,0,425,11406,34,100,2,0,0 '
Received from ('fd00::200:0:0:3', 8765, 0, 0): b' 588,3,1,512,0,28,6,1,7,1,2,-64,1,507,7381,36,100,1,0,0 '
Received from ('fd00::200:0:0:12', 8765, 0, 0): b' 586,18,15,1280,0,19,1,4,5,1,1,-70,2,508,10653,26,100,2,0,0 '
Received from ('fd00::200:0:0:b', 8765, 0, 0): b' 589,11,7,1024,0,27,2,2,7,1,1,-52,0,512,12345,31,100,2,0,0 '
Received from ('fd00::200:0:0:1', 5678, 0, 0): b' 589,1,0,256,0,9,0,0,4,0,0,0,10,2494,25511,499,100,2,0,0 '
Received from ('fd00::200:0:0:2', 8765, 0, 0): b' 589,2,1,512,0,32,6,1,6,1,1,-88,9,3823,24339,39,100,2,0,0 '
Received from ('fd00::200:0:0:f', 8765, 0, 0): b' 589,15,10,1024,20,16,2,7,7,1,1,-70,6,2542,25091,27,100,2,0,0 '
Received from ('fd00::200:0:0:13', 8765, 0, 0): b' 588,19,15,1280,0,22,2,4,7,1,1,-52,0,512,10165,26,100,2,0,0 '
Received from ('fd00::200:0:0:6', 8765, 0, 0): b' 590,6,3,768,0,13,6,7,7,1,3,-70,0,255,4310,14,100,1,0,0 '
Received from ('fd00::200:0:0:a', 8765, 0, 0): b' 591,10,2,768,20,23,2,3,7,1,1,-95,8,1382,9259,29,100,2,0,0 '
Received from ('fd00::200:0:0:11', 8765, 0, 0): b' 589,17,20,1536,0,15,2,6,5,1,1,-70,0,461,7590,18,100,2,0,0 '
Received from ('fd00::200:0:0:14', 8765, 0, 0): b' 591,20,15,1280,10,17,3,6,6,1,2,-70,2,1365,13852,18,100,2,0,0 '
Received from ('fd00::200:0:0:5', 8765, 0, 0): b' 592,5,1,512,0,26,6,1,5,1,1,-94,0,307,5648,39,100,1,0,0 '
Received from ('fd00::200:0:0:8', 8765, 0, 0): b' 593,8,4,768,0,27,4,3,7,1,2,-52,0,400,8915,34,100,2,0,0 '
Received from ('fd00::200:0:0:15', 8765, 0, 0): b' 590,21,20,1536,0,10,1,7,4,1,1,-52,0,550,9263,12,100,2,0,0 '
Received from ('fd00::200:0:0:7', 8765, 0, 0): b' 593,7,4,768,0,28,4,3,7,1,2,-70,1,571,7613,34,100,1,0,0 '
Received from ('fd00::200:0:0:b', 8765, 0, 0): b' 593,11,7,1024,0,27,2,2,7,1,1,-52,0,329,5418,31,100,1,0,0 '
Received from ('fd00::200:0:0:13', 8765, 0, 0): b' 593,19,15,1280,0,22,2,4,7,1,1,-52,0,163,3943,26,100,0,0,0 '
Received from ('fd00::200:0:0:12', 8765, 0, 0): b' 594,18,15,1280,10,19,1,4,5,1,1,-70,2,381,6742,26,100,2,0,0 '
Received from ('fd00::200:0:0:9', 8765, 0, 0): b' 595,9,4,768,0,27,2,2,5,1,1,-70,0,364,8380,35,100,1,0,0 '
Received from ('fd00::200:0:0:4', 8765, 0, 0): b' 596,4,1,512,0,28,6,1,7,1,1,-66,4,2635,25252,39,100,2,0,0 '
Received from ('fd00::200:0:0:e', 8765, 0, 0): b' 595,14,10,1024,0,20,2,4,7,1,1,-52,0,397,8678,27,100,1,0,0 '
Received from ('fd00::200:0:0:8', 8765, 0, 0): b' 598,8,4,768,0,27,4,3,7,1,2,-52,0,339,6514,35,100,1,0,0 '
Received from ('fd00::200:0:0:10', 8765, 0, 0): b' 597,16,15,1280,0,18,4,6,7,1,3,-52,0,452,9817,17,100,2,0,0 '
Received from ('fd00::200:0:0:11', 8765, 0, 0): b' 595,17,20,1536,0,15,2,6,5,1,1,-70,0,283,5634,18,100,1,0,0 '
Received from ('fd00::200:0:0:2', 8765, 0, 0): b' 599,2,1,512,10,32,6,1,6,1,1,-88,9,2475,17417,40,100,1,0,0 '
Received from ('fd00::200:0:0:1', 5678, 0, 0): b' 599,1,0,256,0,9,0,0,4,0,0,0,10,1937,22438,509,100,1,0,0 '
Received from ('fd00::200:0:0:3', 8765, 0, 0): b' 599,3,1,512,0,28,6,1,7,1,2,-64,1,849,15983,36,100,2,0,0 '
Received from ('fd00::200:0:0:5', 8765, 0, 0): b' 599,5,1,512,0,26,6,1,5,1,1,-94,0,354,7453,40,100,1,0,0 '
Received from ('fd00::200:0:0:a', 8765, 0, 0): b' 599,10,2,768,10,23,2,3,7,1,1,-95,8,2042,16745,29,100,1,0,0 '
Received from ('fd00::200:0:0:f', 8765, 0, 0): b' 599,15,10,1024,10,16,2,7,7,1,1,-70,6,2189,22622,27,100,2,0,0 '
Received from ('fd00::200:0:0:7', 8765, 0, 0): b' 600,7,4,768,0,28,4,3,7,1,2,-70,1,799,11370,35,100,1,0,0 '
Received from ('fd00::200:0:0:b', 8765, 0, 0): b' 600,11,7,1024,10,27,2,2,7,1,1,-52,0,366,7890,32,100,1,0,0 '
Received from ('fd00::200:0:0:6', 8765, 0, 0): b' 600,6,3,768,0,13,6,7,7,1,3,-70,0,480,8979,15,100,2,0,0 '
Received from ('fd00::200:0:0:15', 8765, 0, 0): b' 597,21,20,1536,0,10,1,7,4,1,1,-52,0,283,5958,12,100,1,0,0 '
Received from ('fd00::200:0:0:9', 8765, 0, 0): b' 601,9,4,768,0,28,2,2,5,1,1,-70,0,386,7090,35,100,1,0,0 '
Received from ('fd00::200:0:0:12', 8765, 0, 0): b' 601,18,15,1280,0,19,1,4,5,1,1,-70,2,284,5047,26,100,1,0,0 '
Received from ('fd00::200:0:0:14', 8765, 0, 0): b' 601,20,15,1280,10,18,3,6,6,1,2,-70,2,1319,14306,19,100,2,0,0 '
Received from ('fd00::200:0:0:5', 8765, 0, 0): b' 603,5,1,512,0,28,6,1,5,1,1,-94,0,469,5449,40,100,1,0,0 '
Received from ('fd00::200:0:0:2', 8765, 0, 0): b' 603,2,1,512,10,32,6,1,6,1,1,-88,9,1847,11419,40,100,1,0,0 '
Received from ('fd00::200:0:0:a', 8765, 0, 0): b' 603,10,2,768,20,24,2,3,7,1,1,-95,8,1669,9887,29,100,1,0,0 '
Received from ('fd00::200:0:0:f', 8765, 0, 0): b' 603,15,10,1024,0,16,2,7,7,1,1,-70,6,1450,12212,28,100,0,0,0 '
Received from ('fd00::200:0:0:7', 8765, 0, 0): b' 603,7,4,768,0,28,4,3,7,1,2,-70,1,519,6976,35,100,1,0,0 '
Received from ('fd00::200:0:0:13', 8765, 0, 0): b' 603,19,15,1280,0,23,2,4,7,1,1,-52,0,591,8807,27,100,2,0,0 '
Received from ('fd00::200:0:0:e', 8765, 0, 0): b' 603,14,10,1024,0,20,2,4,7,1,1,-52,0,436,7097,28,100,2,0,0 '
Received from ('fd00::200:0:0:15', 8765, 0, 0): b' 604,21,20,1536,0,10,1,7,4,1,1,-52,0,363,6304,13,100,1,0,0 '
Received from ('fd00::200:0:0:1', 5678, 0, 0): b' 606,1,0,256,0,9,0,0,4,0,0,0,10,1692,17742,519,100,2,0,0 '
Received from ('fd00::200:0:0:6', 8765, 0, 0): b' 605,6,3,768,0,13,6,7,7,1,3,-70,0,349,5310,15,100,1,0,0 '
Received from ('fd00::200:0:0:4', 8765, 0, 0): b' 607,4,1,512,10,30,6,1,7,1,1,-66,4,2557,26279,40,100,2,0,0 '
Received from ('fd00::200:0:0:10', 8765, 0, 0): b' 607,16,15,1280,0,19,4,6,7,1,3,-52,0,536,8883,18,100,1,0,0 '
Received from ('fd00::200:0:0:8', 8765, 0, 0): b' 606,8,4,768,0,30,4,3,7,1,2,-52,0,745,11030,35,100,2,0,0 '
Received from ('fd00::200:0:0:b', 8765, 0, 0): b' 607,11,7,1024,0,28,2,2,7,1,1,-52,0,414,9177,32,100,1,0,0 '
Received from ('fd00::200:0:0:12', 8765, 0, 0): b' 607,18,15,1280,0,19,1,4,5,1,1,-70,2,363,6476,27,100,1,0,0 '
Received from ('fd00::200:0:0:9', 8765, 0, 0): b' 607,9,4,768,10,29,2,2,5,1,1,-70,0,567,8172,36,100,1,0,0 '
Received from ('fd00::200:0:0:e', 8765, 0, 0): b' 607,14,10,1024,10,21,2,4,7,1,1,-52,0,353,4455,28,100,1,0,0 '
Received from ('fd00::200:0:0:14', 8765, 0, 0): b' 608,20,15,1280,0,20,3,6,6,1,2,-70,2,1147,12509,19,100,2,0,0 '
Received from ('fd00::200:0:0:13', 8765, 0, 0): b' 608,19,15,1280,0,23,2,4,7,1,1,-52,0,283,5536,27,100,1,0,0 '
Received from ('fd00::200:0:0:3', 8765, 0, 0): b' 610,3,1,512,0,28,6,1,7,1,2,-64,1,1066,16562,37,100,2,0,0 '
Received from ('fd00::200:0:0:5', 8765, 0, 0): b' 610,5,1,512,0,29,6,1,5,1,1,-94,0,386,7941,40,100,1,0,0 '
Received from ('fd00::200:0:0:f', 8765, 0, 0): b' 609,15,10,1024,30,18,2,7,7,1,1,-70,6,1902,17346,28,100,2,0,0 '
Received from ('fd00::200:0:0:11', 8765, 0, 0): b' 607,17,20,1536,0,17,2,6,5,1,1,-70,0,722,11015,19,100,2,0,0 '
Received from ('fd00::200:0:0:8', 8765, 0, 0): b' 610,8,4,768,0,33,4,3,7,1,2,-52,0,480,5699,35,100,0,0,0 '
Received from ('fd00::200:0:0:7', 8765, 0, 0): b' 610,7,4,768,0,31,4,3,7,1,2,-70,1,1117,11396,36,100,1,0,0 '
Received from ('fd00::200:0:0:12', 8765, 0, 0): b' 612,18,15,1280,0,21,1,4,5,1,1,-70,2,473,5156,27,100,1,0,0 '
Received from ('fd00::200:0:0:a', 8765, 0, 0): b' 613,10,2,768,0,26,2,3,7,1,1,-95,8,3375,23948,30,100,2,0,0 '
Received from ('fd00::200:0:0:15', 8765, 0, 0): b' 612,21,20,1536,0,12,1,7,4,1,1,-52,0,618,7889,13,100,2,0,0 '
Received from ('fd00::200:0:0:9', 8765, 0, 0): b' 614,9,4,768,10,32,2,2,5,1,1,-70,0,518,8591,36,100,1,0,0 '
Received from ('fd00::200:0:0:e', 8765, 0, 0): b' 614,14,10,1024,0,24,2,4,7,1,1,-52,0,712,6475,28,100,1,0,0 '
Received from ('fd00::200:0:0:6', 8765, 0, 0): b' 614,6,3,768,0,16,6,7,7,1,3,-70,0,777,8552,16,100,2,0,0 '
Received from ('fd00::200:0:0:2', 8765, 0, 0): b' 615,2,1,512,20,35,6,1,6,1,1,-88,9,3938,23454,41,100,3,0,0 '
Received from ('fd00::200:0:0:7', 8765, 0, 0): b' 615,7,4,768,0,31,4,3,7,1,2,-70,1,484,6573,36,100,1,0,0 '
Received from ('fd00::200:0:0:1', 5678, 0, 0): b' 616,1,0,256,0,9,0,0,4,0,0,0,10,2510,24285,529,100,2,0,0 '
Received from ('fd00::200:0:0:4', 8765, 0, 0): b' 618,4,1,512,0,32,6,1,7,1,1,-66,4,2984,25568,41,100,2,0,0 '
Received from ('fd00::200:0:0:3', 8765, 0, 0): b' 618,3,1,512,0,32,6,1,7,1,2,-64,1,1191,13619,37,100,1,0,0 '
Received from ('fd00::200:0:0:10', 8765, 0, 0): b' 617,16,15,1280,0,21,4,6,7,1,3,-52,0,692,9419,19,100,3,0,0 '
Received from ('fd00::200:0:0:11', 8765, 0, 0): b' 615,17,20,1536,0,19,2,6,5,1,1,-70,0,578,7584,20,100,1,0,0 '
Received from ('fd00::200:0:0:14', 8765, 0, 0): b' 618,20,15,1280,0,22,3,6,6,1,2,-70,2,1816,16881,20,100,2,0,0 '
Received from ('fd00::200:0:0:b', 8765, 0, 0): b' 618,11,7,1024,0,33,2,2,7,1,1,-52,0,1070,14721,33,100,2,0,0 '
Received from ('fd00::200:0:0:e', 8765, 0, 0): b' 619,14,10,1024,10,25,2,4,7,1,1,-52,0,315,4504,29,100,1,0,0 '
Received from ('fd00::200:0:0:f', 8765, 0, 0): b' 619,15,10,1024,0,21,2,7,7,1,1,-70,6,3073,26731,29,100,1,0,0 '
Received from ('fd00::200:0:0:5', 8765, 0, 0): b' 621,5,1,512,0,32,6,1,5,1,1,-94,0,844,13395,41,100,2,0,0 '
Received from ('fd00::200:0:0:6', 8765, 0, 0): b' 620,6,3,768,0,19,6,7,7,1,3,-70,0,594,6183,16,100,2,0,0 '
Received from ('fd00::200:0:0:13', 8765, 0, 0): b' 619,19,15,1280,0,26,2,4,7,1,1,-52,0,805,10609,28,100,2,0,0 '
Received from ('fd00::200:0:0:2', 8765, 0, 0): b' 622,2,1,512,10,38,6,1,6,1,1,-88,9,2404,14397,41,100,1,0,0 '
Received from ('fd00::200:0:0:15', 8765, 0, 0): b' 620,21,20,1536,0,16,1,7,4,1,1,-52,0,888,8217,14,100,2,0,0 '
Received from ('fd00::200:0:0:7', 8765, 0, 0): b' 622,7,4,768,0,31,4,3,7,1,2,-70,1,624,10469,36,100,1,0,0 '
Received from ('fd00::200:0:0:10', 8765, 0, 0): b' 622,16,15,1280,0,22,4,6,7,1,3,-52,0,390,4864,19,100,1,0,0 '
Received from ('fd00::200:0:0:8', 8765, 0, 0): b' 622,8,4,768,0,37,4,3,7,1,2,-52,0,960,14426,36,100,2,0,0 '
Received from ('fd00::200:0:0:11', 8765, 0, 0): b' 620,17,20,1536,10,22,2,6,5,1,1,-70,0,580,4817,20,100,1,0,0 '
Received from ('fd00::200:0:0:14', 8765, 0, 0): b' 622,20,15,1280,0,22,3,6,6,1,2,-70,2,817,7911,20,100,1,0,0 '
Received from ('fd00::200:0:0:e', 8765, 0, 0): b' 623,14,10,1024,0,26,2,4,7,1,1,-52,0,474,4607,29,100,1,0,0 '
Received from ('fd00::200:0:0:9', 8765, 0, 0): b' 624,9,4,768,0,34,2,2,5,1,1,-70,0,830,12248,37,100,2,0,0 '
Received from ('fd00::200:0:0:a', 8765, 0, 0): b' 624,10,2,768,10,27,2,3,7,1,1,-95,8,3744,24662,31,100,2,0,0 '
Received from ('fd00::200:0:0:12', 8765, 0, 0): b' 623,18,15,1280,10,24,1,4,5,1,1,-70,2,805,10465,28,100,2,0,0 '
Received from ('fd00::200:0:0:3', 8765, 0, 0): b' 625,3,1,512,0,35,6,1,7,1,2,-64,1,1013,12101,38,100,2,0,0 '
Received from ('fd00::200:0:0:b', 8765, 0, 0): b' 624,11,7,1024,10,36,2,2,7,1,1,-52,0,599,6943,34,100,2,0,0 '
Received from ('fd00::200:0:0:1', 5678, 0, 0): b' 626,1,0,256,0,9,0,0,4,0,0,0,10,2489,24892,542,100,1,0,0 '
Received from ('fd00::200:0:0:5', 8765, 0, 0): b' 626,5,1,512,0,32,6,1,5,1,1,-94,0,355,7121,42,100,1,0,0 '
Received from ('fd00::200:0:0:2', 8765, 0, 0): b' 627,2,1,512,0,39,6,1,6,1,1,-88,9,1587,9391,42,100,1,0,0 '
Received from ('fd00::200:0:0:4', 8765, 0, 0): b' 627,4,1,512,0,36,6,1,7,1,1,-66,4,3067,25666,42,100,2,0,0 '
Received from ('fd00::200:0:0:e', 8765, 0, 0): b' 627,14,10,1024,10,26,2,4,7,1,1,-52,0,162,3902,29,100,0,0,0 '
Received from ('fd00::200:0:0:14', 8765, 0, 0): b' 626,20,15,1280,0,23,3,6,6,1,2,-70,2,381,6303,20,100,0,0,0 '
Received from ('fd00::200:0:0:a', 8765, 0, 0): b' 629,10,2,768,10,27,2,3,7,1,1,-95,8,978,9051,31,100,1,0,0 '
Received from ('fd00::200:0:0:f', 8765, 0, 0): b' 629,15,10,1024,10,25,2,7,7,1,1,-70,6,2990,27066,29,100,2,0,0 '
Received from ('fd00::200:0:0:6', 8765, 0, 0): b' 629,6,3,768,10,20,6,7,7,1,3,-70,0,508,8404,17,100,2,0,0 '
Received from ('fd00::200:0:0:1', 5678, 0, 0): b' 631,1,0,256,0,9,0,0,4,0,0,0,10,855,10011,547,100,1,0,0 '
Received from ('fd00::200:0:0:3', 8765, 0, 0): b' 631,3,1,512,0,35,6,1,7,1,2,-64,1,543,8869,38,100,1,0,0 '
Received from ('fd00::200:0:0:9', 8765, 0, 0): b' 630,9,4,768,0,38,2,2,5,1,1,-70,0,726,9487,37,100,2,0,0 '
Received from ('fd00::200:0:0:7', 8765, 0, 0): b' 631,7,4,768,0,34,4,3,7,1,2,-70,1,1433,16047,37,100,2,0,0 '
Received from ('fd00::200:0:0:5', 8765, 0, 0): b' 632,5,1,512,10,32,6,1,5,1,1,-94,0,255,6378,42,100,1,0,0 '
Received from ('fd00::200:0:0:b', 8765, 0, 0): b' 632,11,7,1024,0,37,2,2,7,1,1,-52,0,595,9966,34,100,2,0,0 '
Received from ('fd00::200:0:0:15', 8765, 0, 0): b' 629,21,20,1536,10,17,1,7,4,1,1,-52,0,414,7449,15,100,1,0,0 '
Received from ('fd00::200:0:0:11', 8765, 0, 0): b' 630,17,20,1536,0,23,2,6,5,1,1,-70,0,489,8046,21,100,2,0,0 '
Received from ('fd00::200:0:0:13', 8765, 0, 0): b' 629,19,15,1280,0,30,2,4,7,1,1,-52,0,937,11052,29,100,2,0,0 '
Received from ('fd00::200:0:0:8', 8765, 0, 0): b' 632,8,4,768,0,41,4,3,7,1,2,-52,0,937,13931,37,100,2,0,0 '
Received from ('fd00::200:0:0:10', 8765, 0, 0): b' 631,16,15,1280,0,24,4,6,7,1,3,-52,0,698,10146,20,100,2,0,0 '
Received from ('fd00::200:0:0:6', 8765, 0, 0): b' 633,6,3,768,20,22,6,7,7,1,3,-70,0,387,4072,17,100,0,0,0 '
Received from ('fd00::200:0:0:15', 8765, 0, 0): b' 632,21,20,1536,0,17,1,7,4,1,1,-52,0,316,4140,15,100,1,0,0 '
Received from ('fd00::200:0:0:14', 8765, 0, 0): b' 633,20,15,1280,10,24,3,6,6,1,2,-70,2,1454,12250,21,100,2,0,0 '
Received from ('fd00::200:0:0:4', 8765, 0, 0): b' 635,4,1,512,0,38,6,1,7,1,1,-66,4,1674,18532,42,100,2,0,0 '
Received from ('fd00::200:0:0:12', 8765, 0, 0): b' 633,18,15,1280,0,29,1,4,5,1,1,-70,2,1045,11366,29,100,2,0,0 '
Received from ('fd00::200:0:0:a', 8765, 0, 0): b' 636,10,2,768,10,30,2,3,7,1,1,-95,8,2942,18505,32,100,2,0,0 '
Received from ('fd00::200:0:0:3', 8765, 0, 0): b' 636,3,1,512,10,37,6,1,7,1,2,-64,1,833,9311,39,100,1,0,0 '
Received from ('fd00::200:0:0:2', 8765, 0, 0): b' 636,2,1,512,20,41,6,1,6,1,1,-88,9,3683,22086,42,100,2,0,0 '
Received from ('fd00::200:0:0:1', 5678, 0, 0): b' 637,1,0,256,0,9,0,0,4,0,0,0,10,1606,16188,554,100,1,0,0 '
Received from ('fd00::200:0:0:e', 8765, 0, 0): b' 635,14,10,1024,0,27,2,4,7,1,1,-52,0,569,7306,30,100,2,0,0 '
Received from ('fd00::200:0:0:5', 8765, 0, 0): b' 638,5,1,512,10,35,6,1,5,1,1,-94,0,564,7442,42,100,1,0,0 '
Received from ('fd00::200:0:0:9', 8765, 0, 0): b' 638,9,4,768,10,42,2,2,6,1,1,-70,0,785,9767,38,100,2,0,0 '
Received from ('fd00::200:0:0:f', 8765, 0, 0): b' 639,15,10,1024,20,29,2,7,7,1,1,-70,6,3195,27507,30,100,3,0,0 '
Received from ('fd00::200:0:0:4', 8765, 0, 0): b' 639,4,1,512,30,39,6,1,7,1,1,-66,5,1369,11605,42,100,1,0,0 '
Received from ('fd00::200:0:0:8', 8765, 0, 0): b' 638,8,4,768,0,43,4,3,7,1,2,-52,0,603,8496,37,100,3,0,0 '
Received from ('fd00::200:0:0:13', 8765, 0, 0): b' 638,19,15,1280,0,35,2,4,7,1,1,-52,0,934,8909,29,100,3,0,0 '
Received from ('fd00::200:0:0:a', 8765, 0, 0): b' 640,10,2,768,10,32,2,3,7,1,1,-95,8,1064,8630,32,100,2,0,0 '
Received from ('fd00::200:0:0:12', 8765, 0, 0): b' 639,18,15,1280,0,32,1,4,5,1,1,-70,2,606,6123,29,100,1,0,0 '
Received from ('fd00::200:0:0:7', 8765, 0, 0): b' 641,7,4,768,0,40,4,3,7,1,2,-70,1,1696,16990,38,100,4,0,0 '
Received from ('fd00::200:0:0:14', 8765, 0, 0): b' 640,20,15,1280,20,26,3,6,7,1,2,-70,2,897,11874,21,100,2,0,0 '
Received from ('fd00::200:0:0:3', 8765, 0, 0): b' 643,3,1,512,0,38,6,1,7,1,2,-64,1,789,11205,39,100,1,0,0 '
Received from ('fd00::200:0:0:10', 8765, 0, 0): b' 641,16,15,1280,0,28,4,6,7,1,3,-52,0,748,9136,20,100,3,0,0 '
Received from ('fd00::200:0:0:1', 5678, 0, 0): b' 644,1,0,256,0,9,0,0,4,0,0,0,10,1901,17047,563,100,2,0,0 '
Received from ('fd00::200:0:0:15', 8765, 0, 0): b' 640,21,20,1536,0,20,1,7,4,1,1,-52,0,622,7574,15,100,2,0,0 '
Received from ('fd00::200:0:0:6', 8765, 0, 0): b' 644,6,3,768,0,27,6,7,7,1,3,-70,0,1147,11371,18,100,2,0,0 '
Received from ('fd00::200:0:0:11', 8765, 0, 0): b' 640,17,20,1536,0,25,2,6,6,1,1,-70,0,636,10123,21,100,3,0,0 '
Received from ('fd00::200:0:0:b', 8765, 0, 0): b' 643,11,7,1024,10,42,2,2,7,1,1,-52,0,1034,14003,35,100,4,0,0 '
Received from ('fd00::200:0:0:e', 8765, 0, 0): b' 644,14,10,1024,10,28,2,4,7,1,1,-52,0,438,7965,30,100,1,0,0 '
Received from ('fd00::200:0:0:f', 8765, 0, 0): b' 643,15,10,1024,10,31,2,7,7,1,1,-70,6,2036,13599,30,100,1,0,0 '
Received from ('fd00::200:0:0:4', 8765, 0, 0): b' 645,4,1,512,0,41,6,1,7,1,1,-66,5,1780,13623,43,100,2,0,0 '
Received from ('fd00::200:0:0:2', 8765, 0, 0): b' 646,2,1,512,40,45,6,1,6,1,1,-88,9,2902,18711,43,100,1,0,0 '
Received from ('fd00::200:0:0:5', 8765, 0, 0): b' 648,5,1,512,0,37,6,1,5,1,1,-94,0,821,12564,43,100,2,0,0 '
Received from ('fd00::200:0:0:12', 8765, 0, 0): b' 644,18,15,1280,0,32,1,4,5,1,1,-70,2,283,4109,29,100,1,0,0 '
Received from ('fd00::200:0:0:a', 8765, 0, 0): b' 647,10,2,768,30,33,2,3,7,1,1,-95,8,2411,15578,32,100,1,0,0 '
Received from ('fd00::200:0:0:b', 8765, 0, 0): b' 647,11,7,1024,0,42,2,3,7,1,1,-52,0,216,5312,35,100,1,0,0 '
Received from ('fd00::200:0:0:13', 8765, 0, 0): b' 645,19,15,1280,0,40,2,4,7,1,1,-52,0,874,6976,30,100,1,0,0 '
Received from ('fd00::200:0:0:3', 8765, 0, 0): b' 649,3,1,512,0,40,6,1,7,1,2,-64,1,778,9008,39,100,2,0,0 '
Received from ('fd00::200:0:0:9', 8765, 0, 0): b' 648,9,4,768,0,47,2,2,6,1,1,-70,0,978,13404,38,100,3,0,0 '
Received from ('fd00::200:0:0:1', 5678, 0, 0): b' 650,1,0,256,0,9,0,0,4,0,0,0,10,1121,12358,569,100,1,0,0 '
Received from ('fd00::200:0:0:11', 8765, 0, 0): b' 645,17,20,1536,10,30,2,6,6,1,1,-70,0,764,5084,22,100,2,0,0 '
Received from ('fd00::200:0:0:f', 8765, 0, 0): b' 647,15,10,1024,10,33,2,7,7,1,1,-70,6,1713,12653,31,100,0,0,0 '
Received from ('fd00::200:0:0:6', 8765, 0, 0): b' 650,6,3,768,0,29,6,7,7,1,3,-70,0,490,5691,18,100,2,0,0 '
Received from ('fd00::200:0:0:14', 8765, 0, 0): b' 648,20,15,1280,0,28,3,6,7,1,2,-70,2,1580,13527,22,100,2,0,0 '
Received from ('fd00::200:0:0:8', 8765, 0, 0): b' 650,8,4,768,0,46,4,3,7,1,2,-52,0,716,14123,38,100,3,0,0 '
Received from ('fd00::200:0:0:13', 8765, 0, 0): b' 650,19,15,1280,0,43,2,4,7,1,1,-52,0,598,5126,30,100,2,0,0 '
Received from ('fd00::200:0:0:f', 8765, 0, 0): b' 652,15,10,1024,10,36,2,7,7,1,1,-70,6,1363,11609,31,100,2,0,0 '
Received from ('fd00::200:0:0:10', 8765, 0, 0): b' 650,16,15,1280,10,33,4,6,7,1,3,-52,0,1015,9771,21,100,3,0,0 '
Received from ('fd00::200:0:0:7', 8765, 0, 0): b' 653,7,4,768,0,47,4,3,7,1,2,-70,1,1727,18997,38,100,3,0,0 '
Received from ('fd00::200:0:0:a', 8765, 0, 0): b' 653,10,2,768,30,35,2,3,7,1,1,-95,8,2551,16806,33,100,3,0,0 '
Received from ('fd00::200:0:0:5', 8765, 0, 0): b' 655,5,1,512,0,40,6,1,5,1,1,-94,0,625,8642,43,100,1,0,0 '
Received from ('fd00::200:0:0:3', 8765, 0, 0): b' 655,3,1,512,0,44,6,1,7,1,2,-64,1,907,9687,40,100,1,0,0 '
Received from ('fd00::200:0:0:9', 8765, 0, 0): b' 654,9,4,768,0,49,2,2,6,1,1,-70,1,1007,8615,39,100,2,0,0 '
Received from ('fd00::200:0:0:2', 8765, 0, 0): b' 655,2,1,512,20,47,6,1,6,1,1,-88,9,3592,21218,44,100,2,0,0 '
Received from ('fd00::200:0:0:15', 8765, 0, 0): b' 651,21,20,1536,0,24,1,7,4,1,1,-52,0,912,10264,16,100,2,0,0 '
Received from ('fd00::200:0:0:4', 8765, 0, 0): b' 656,4,1,512,10,45,6,1,7,1,1,-66,5,3015,26704,43,100,2,0,0 '
Received from ('fd00::200:0:0:e', 8765, 0, 0): b' 654,14,10,1024,10,30,2,4,7,1,1,-52,0,669,9266,31,100,3,0,0 '
Received from ('fd00::200:0:0:b', 8765, 0, 0): b' 657,11,7,1024,0,49,2,3,7,1,1,-52,0,1230,13188,36,100,3,0,0 '
Received from ('fd00::200:0:0:12', 8765, 0, 0): b' 654,18,15,1280,10,35,2,4,5,1,1,-70,2,708,9900,30,100,1,0,0 '
Received from ('fd00::200:0:0:11', 8765, 0, 0): b' 654,17,20,1536,0,33,2,6,6,1,1,-70,0,898,9369,22,100,2,0,0 '
Received from ('fd00::200:0:0:14', 8765, 0, 0): b' 654,20,15,1280,10,30,4,6,7,1,2,-70,2,1259,11051,22,100,2,0,0 '
Received from ('fd00::200:0:0:7', 8765, 0, 0): b' 658,7,4,768,0,52,4,3,7,1,2,-70,1,1365,9426,39,100,2,0,0 '
Received from ('fd00::200:0:0:e', 8765, 0, 0): b' 658,14,10,1024,0,31,2,4,7,1,1,-52,0,385,4394,31,100,2,0,0 '
Received from ('fd00::200:0:0:10', 8765, 0, 0): b' 657,16,15,1280,0,35,5,6,7,1,3,-52,0,597,6428,21,100,2,0,0 '
Received from ('fd00::200:0:0:15', 8765, 0, 0): b' 657,21,20,1536,0,25,1,7,4,1,1,-52,0,391,5688,16,100,1,0,0 '
Received from ('fd00::200:0:0:6', 8765, 0, 0): b' 659,6,3,768,0,32,6,7,7,1,3,-70,0,795,9649,19,100,3,0,0 '
Received from ('fd00::200:0:0:1', 5678, 0, 0): b' 661,1,0,256,0,9,0,0,4,0,0,0,10,2970,27421,583,100,2,0,0 '
Received from ('fd00::200:0:0:a', 8765, 0, 0): b' 659,10,2,768,20,38,2,3,7,1,1,-95,8,2505,14511,33,100,2,0,0 '
Received from ('fd00::200:0:0:3', 8765, 0, 0): b' 660,3,1,512,0,44,6,1,7,1,2,-64,1,753,9093,40,100,2,0,0 '
Received from ('fd00::200:0:0:8', 8765, 0, 0): b' 660,8,4,768,0,48,4,3,7,1,2,-52,0,620,11578,39,100,2,0,0 '
Received from ('fd00::200:0:0:13', 8765, 0, 0): b' 658,19,15,1280,0,47,3,4,7,1,1,-52,0,962,8865,31,100,3,0,0 '
Received from ('fd00::200:0:0:2', 8765, 0, 0): b' 661,2,1,512,0,47,6,1,6,1,1,-88,9,2370,13527,44,100,1,0,0 '
Received from ('fd00::200:0:0:f', 8765, 0, 0): b' 660,15,10,1024,20,38,2,7,7,1,1,-70,6,3395,24479,32,100,3,0,0 '
Received from ('fd00::200:0:0:11', 8765, 0, 0): b' 658,17,20,1536,0,36,2,6,6,1,1,-70,0,674,4773,23,100,1,0,0 '
Received from ('fd00::200:0:0:12', 8765, 0, 0): b' 659,18,15,1280,10,38,2,4,5,1,1,-70,2,554,5685,30,100,1,0,0 '
Received from ('fd00::200:0:0:10', 8765, 0, 0): b' 661,16,15,1280,0,38,5,6,7,1,3,-52,0,636,4867,22,100,1,0,0 '
Received from ('fd00::200:0:0:5', 8765, 0, 0): b' 665,5,1,512,0,43,6,1,5,1,1,-94,0,820,12985,44,100,2,0,0 '
Received from ('fd00::200:0:0:14', 8765, 0, 0): b' 661,20,15,1280,0,31,4,6,7,1,2,-70,2,1300,11778,23,100,1,0,0 '
Received from ('fd00::200:0:0:7', 8765, 0, 0): b' 665,7,4,768,0,55,4,4,7,1,2,-70,1,824,11888,39,100,2,0,0 '
Received from ('fd00::200:0:0:9', 8765, 0, 0): b' 665,9,4,768,0,54,2,2,6,1,1,-70,1,1095,12859,39,100,3,0,0 '
Received from ('fd00::200:0:0:f', 8765, 0, 0): b' 666,15,10,1024,0,38,2,7,7,1,1,-70,6,1697,15997,32,100,1,0,0 '
Received from ('fd00::200:0:0:11', 8765, 0, 0): b' 665,17,20,1536,0,40,2,6,6,1,1,-70,0,622,6833,23,100,2,0,0 '
Received from ('fd00::200:0:0:4', 8765, 0, 0): b' 667,4,1,512,0,48,6,1,7,1,1,-66,5,2490,25624,44,100,3,0,0 '
Received from ('fd00::200:0:0:b', 8765, 0, 0): b' 666,11,7,1024,0,52,2,3,7,1,1,-52,0,744,12341,36,100,3,0,0 '
Received from ('fd00::200:0:0:13', 8765, 0, 0): b' 666,19,15,1280,0,47,3,4,7,1,1,-52,0,307,6752,31,100,1,0,0 '
Received from ('fd00::200:0:0:14', 8765, 0, 0): b' 667,20,15,1280,0,32,4,6,7,1,2,-70,2,852,9262,23,100,1,0,0 '
Received from ('fd00::200:0:0:12', 8765, 0, 0): b' 667,18,15,1280,0,40,2,4,5,1,1,-70,2,782,7591,31,100,2,0,0 '
Received from ('fd00::200:0:0:8', 8765, 0, 0): b' 668,8,4,768,0,49,4,4,7,1,2,-52,0,536,10262,39,100,3,0,0 '
Received from ('fd00::200:0:0:1', 5678, 0, 0): b' 669,1,0,256,0,9,0,0,4,0,0,0,10,1738,19217,590,100,1,0,0 '
Received from ('fd00::200:0:0:3', 8765, 0, 0): b' 668,3,1,512,0,47,6,1,7,1,2,-64,1,917,12627,41,100,2,0,0 '
Received from ('fd00::200:0:0:2', 8765, 0, 0): b' 669,2,1,512,10,50,6,1,6,1,1,-88,9,2958,15254,44,100,2,0,0 '
Received from ('fd00::200:0:0:e', 8765, 0, 0): b' 669,14,10,1024,10,33,2,4,7,1,1,-52,0,591,9942,32,100,2,0,0 '
Received from ('fd00::200:0:0:a', 8765, 0, 0): b' 670,10,2,768,0,42,2,3,7,1,1,-95,8,3637,23543,34,100,1,0,0 '
Received from ('fd00::200:0:0:15', 8765, 0, 0): b' 669,21,20,1536,0,30,1,7,4,1,1,-52,0,1043,11767,17,100,2,0,0 '
Received from ('fd00::200:0:0:9', 8765, 0, 0): b' 671,9,4,768,0,57,2,2,6,1,1,-70,1,713,6903,40,100,2,0,0 '
Received from ('fd00::200:0:0:6', 8765, 0, 0): b' 671,6,3,768,0,38,6,7,7,1,3,-70,0,1116,11322,20,100,3,0,0 '
Received from ('fd00::200:0:0:10', 8765, 0, 0): b' 669,16,15,1280,0,44,5,6,7,1,3,-52,0,1040,8587,22,100,3,0,0 '
Received from ('fd00::200:0:0:12', 8765, 0, 0): b' 671,18,15,1280,0,42,2,4,5,1,1,-70,2,376,4279,31,100,0,0,0 '
Received from ('fd00::200:0:0:5', 8765, 0, 0): b' 672,5,1,512,10,45,6,1,5,1,1,-94,0,563,8671,45,100,2,0,0 '
Received from ('fd00::200:0:0:7', 8765, 0, 0): b' 673,7,4,768,0,60,4,4,7,1,2,-70,1,1334,12271,40,100,2,0,0 '
Received from ('fd00::200:0:0:4', 8765, 0, 0): b' 673,4,1,512,0,50,6,1,7,1,1,-66,5,2228,16776,45,100,1,0,0 '
Received from ('fd00::200:0:0:2', 8765, 0, 0): b' 673,2,1,512,0,52,6,1,6,1,1,-88,9,1506,9608,45,100,1,0,0 '
Received from ('fd00::200:0:0:8', 8765, 0, 0): b' 675,8,4,768,0,52,4,4,7,1,2,-52,0,679,7548,40,100,2,0,0 '
Received from ('fd00::200:0:0:b', 8765, 0, 0): b' 675,11,7,1024,0,53,2,3,7,1,1,-52,0,498,9542,37,100,1,0,0 '
Received from ('fd00::200:0:0:1', 5678, 0, 0): b' 675,1,0,256,0,9,0,0,4,0,0,0,10,1856,16908,602,100,1,0,0 '
Received from ('fd00::200:0:0:13', 8765, 0, 0): b' 673,19,15,1280,0,50,3,4,7,1,1,-52,0,814,7530,32,100,2,0,0 '
Received from ('fd00::200:0:0:e', 8765, 0, 0): b' 676,14,10,1024,0,37,2,4,7,1,1,-52,0,786,7523,33,100,2,0,0 '
Received from ('fd00::200:0:0:3', 8765, 0, 0): b' 677,3,1,512,0,51,6,1,7,1,2,-64,1,1254,14357,41,100,3,0,0 '
Received from ('fd00::200:0:0:a', 8765, 0, 0): b' 677,10,2,768,0,44,2,3,7,1,1,-95,8,2531,18180,34,100,3,0,0 '
Received from ('fd00::200:0:0:8', 8765, 0, 0): b' 678,8,4,768,0,55,4,4,7,1,2,-52,0,570,5914,40,100,2,0,0 '
Received from ('fd00::200:0:0:2', 8765, 0, 0): b' 678,2,1,512,30,57,6,1,6,1,1,-88,9,1881,11774,45,100,1,0,0 '
Received from ('fd00::200:0:0:7', 8765, 0, 0): b' 679,7,4,768,0,62,4,5,7,1,2,-70,1,877,10340,40,100,4,0,0 '
Received from ('fd00::200:0:0:f', 8765, 0, 0): b' 677,15,10,1024,0,43,2,7,7,1,1,-70,6,3724,31331,33,100,3,0,0 '
Received from ('fd00::200:0:0:9', 8765, 0, 0): b' 679,9,4,768,20,61,2,2,6,1,1,-70,1,674,10369,40,100,2,0,0 '
Received from ('fd00::200:0:0:11', 8765, 0, 0): b' 677,17,20,1536,0,42,2,6,6,1,1,-70,0,698,10677,24,100,2,0,0 '
Received from ('fd00::200:0:0:4', 8765, 0, 0): b' 680,4,1,512,0,53,6,1,7,1,1,-66,5,1818,17151,45,100,2,0,0 '
Received from ('fd00::200:0:0:12', 8765, 0, 0): b' 678,18,15,1280,0,44,2,4,5,1,1,-70,2,674,7053,32,100,2,0,0 '
Received from ('fd00::200:0:0:3', 8765, 0, 0): b' 681,3,1,512,0,54,6,1,7,1,2,-64,1,766,7242,42,100,1,0,0 '
Received from ('fd00::200:0:0:5', 8765, 0, 0): b' 682,5,1,512,0,49,6,1,5,1,1,-94,0,847,12161,45,100,3,0,0 '
Received from ('fd00::200:0:0:14', 8765, 0, 0): b' 679,20,15,1280,0,33,4,6,7,1,2,-70,2,1606,18008,24,100,2,0,0 '
Received from ('fd00::200:0:0:6', 8765, 0, 0): b' 681,6,3,768,10,43,6,7,7,1,3,-70,0,849,10259,20,100,3,0,0 '
Received from ('fd00::200:0:0:e', 8765, 0, 0): b' 680,14,10,1024,10,39,2,4,7,1,1,-52,0,366,4264,33,100,1,0,0 '
Received from ('fd00::200:0:0:15', 8765, 0, 0): b' 681,21,20,1536,0,33,1,7,4,1,1,-52,0,943,11130,18,100,2,0,0 '
Received from ('fd00::200:0:0:10', 8765, 0, 0): b' 681,16,15,1280,0,47,5,6,7,1,3,-52,0,824,11734,23,100,3,0,0 '
Received from ('fd00::200:0:0:8', 8765, 0, 0): b' 683,8,4,768,0,56,4,4,7,1,2,-52,0,362,6163,40,100,1,0,0 '
Received from ('fd00::200:0:0:11', 8765, 0, 0): b' 682,17,20,1536,0,43,2,6,6,1,1,-70,0,385,4462,24,100,2,0,0 '
Received from ('fd00::200:0:0:12', 8765, 0, 0): b' 682,18,15,1280,0,45,2,4,5,1,1,-70,2,366,4193,32,100,1,0,0 '
Received from ('fd00::200:0:0:1', 5678, 0, 0): b' 684,1,0,256,0,9,0,0,4,0,0,0,10,2064,21872,609,100,2,0,0 '
Received from ('fd00::200:0:0:a', 8765, 0, 0): b' 683,10,2,768,0,47,2,3,7,1,1,-95,8,2425,15277,35,100,2,0,0 '
Received from ('fd00::200:0:0:4', 8765, 0, 0): b' 685,4,1,512,20,54,6,1,7,1,1,-66,5,1325,13348,45,100,2,0,0 '
Received from ('fd00::200:0:0:f', 8765, 0, 0): b' 686,15,10,1024,10,48,2,7,7,1,1,-70,6,2693,23415,33,100,2,0,0 '
Received from ('fd00::200:0:0:7', 8765, 0, 0): b' 685,7,4,768,10,63,4,5,7,1,2,-70,1,555,10545,41,100,1,0,0 '
Received from ('fd00::200:0:0:13', 8765, 0, 0): b' 686,19,15,1280,0,52,3,4,7,1,1,-52,0,642,10706,32,100,2,0,0 '
Received from ('fd00::200:0:0:6', 8765, 0, 0): b' 687,6,3,768,0,44,6,7,7,1,3,-70,0,546,5674,21,100,2,0,0 '
Received from ('fd00::200:0:0:5', 8765, 0, 0): b' 687,5,1,512,0,51,6,1,5,1,1,-94,0,569,7492,46,100,1,0,0 '
Received from ('fd00::200:0:0:b', 8765, 0, 0): b' 686,11,7,1024,0,58,2,3,7,1,1,-52,0,1127,15399,38,100,5,0,0 '
Received from ('fd00::200:0:0:14', 8765, 0, 0): b' 688,20,15,1280,10,37,4,6,7,1,2,-70,2,1528,15300,24,100,2,0,0 '
Received from ('fd00::200:0:0:2', 8765, 0, 0): b' 689,2,1,512,10,61,6,1,6,1,1,-88,9,3389,20574,46,100,3,0,0 '
Received from ('fd00::200:0:0:9', 8765, 0, 0): b' 690,9,4,768,0,67,2,2,6,1,1,-70,1,1496,15396,41,100,4,0,0 '
Received from ('fd00::200:0:0:a', 8765, 0, 0): b' 690,10,2,768,20,48,2,3,7,1,1,-95,8,1729,14805,35,100,2,0,0 '
Received from ('fd00::200:0:0:4', 8765, 0, 0): b' 690,4,1,512,0,55,6,1,7,1,1,-66,5,1457,11940,46,100,2,0,0 '
Received from ('fd00::200:0:0:12', 8765, 0, 0): b' 689,18,15,1280,0,47,2,4,5,1,1,-70,2,497,6467,32,100,1,0,0 '
Received from ('fd00::200:0:0:3', 8765, 0, 0): b' 691,3,1,512,0,58,6,1,7,1,2,-64,1,1420,16109,42,100,4,0,0 '
Received from ('fd00::200:0:0:e', 8765, 0, 0): b' 691,14,10,1024,0,41,2,4,7,1,1,-52,0,750,10371,33,100,2,0,0 '
Received from ('fd00::200:0:0:8', 8765, 0, 0): b' 692,8,4,768,0,60,4,5,7,1,2,-52,0,861,12070,41,100,3,0,0 '
Received from ('fd00::200:0:0:5', 8765, 0, 0): b' 693,5,1,512,0,52,6,1,5,1,1,-94,0,380,6444,46,100,2,0,0 '
Received from ('fd00::200:0:0:15', 8765, 0, 0): b' 691,21,20,1536,0,36,1,7,4,1,1,-52,0,806,9869,19,100,2,0,0 '
Received from ('fd00::200:0:0:10', 8765, 0, 0): b' 691,16,15,1280,10,50,5,6,7,1,3,-52,0,693,9834,24,100,3,0,0 '
Received from ('fd00::200:0:0:6', 8765, 0, 0): b' 694,6,3,768,0,46,6,7,7,1,3,-70,0,512,7245,21,100,2,0,0 '
Received from ('fd00::200:0:0:11', 8765, 0, 0): b' 692,17,20,1536,0,44,2,6,6,1,1,-70,0,567,8929,25,100,2,0,0 '
Received from ('fd00::200:0:0:1', 5678, 0, 0): b' 695,1,0,256,0,9,0,0,4,0,0,0,10,2441,24971,624,100,2,0,0 '
Received from ('fd00::200:0:0:b', 8765, 0, 0): b' 694,11,7,1024,0,62,2,4,7,1,1,-52,0,786,10032,38,100,3,0,0 '
Received from ('fd00::200:0:0:a', 8765, 0, 0): b' 694,10,2,768,0,49,2,3,7,1,1,-95,8,1600,10494,36,100,1,0,0 '
Received from ('fd00::200:0:0:13', 8765, 0, 0): b' 695,19,15,1280,0,55,3,4,7,1,1,-52,0,800,9170,33,100,3,0,0 '
Received from ('fd00::200:0:0:9', 8765, 0, 0): b' 696,9,4,768,0,68,2,2,6,1,1,-70,1,529,7154,41,100,1,0,0 '
Received from ('fd00::200:0:0:2', 8765, 0, 0): b' 696,2,1,512,20,64,6,1,6,1,1,-88,9,2884,16257,46,100,2,0,0 '
Received from ('fd00::200:0:0:7', 8765, 0, 0): b' 696,7,4,768,0,68,4,6,7,1,2,-70,1,1819,18698,41,100,5,0,0 '
Received from ('fd00::200:0:0:14', 8765, 0, 0): b' 696,20,15,1280,0,43,4,6,7,1,2,-70,2,1833,14160,25,100,1,0,0 '
Received from ('fd00::200:0:0:12', 8765, 0, 0): b' 695,18,15,1280,0,48,2,4,5,1,1,-70,2,446,6131,33,100,1,0,0 '
Received from ('fd00::200:0:0:f', 8765, 0, 0): b' 696,15,10,1024,0,49,2,8,7,1,1,-70,6,3692,31947,34,100,3,0,0 '
Received from ('fd00::200:0:0:e', 8765, 0, 0): b' 696,14,10,1024,0,44,2,4,7,1,1,-52,0,685,7095,34,100,1,0,0 '
Received from ('fd00::200:0:0:8', 8765, 0, 0): b' 698,8,4,768,0,61,4,5,7,1,2,-52,0,387,7396,41,100,1,0,0 '
Received from ('fd00::200:0:0:6', 8765, 0, 0): b' 698,6,3,768,0,50,6,7,7,1,3,-70,0,570,4532,21,100,2,0,0 '
Received from ('fd00::200:0:0:1', 5678, 0, 0): b' 699,1,0,256,0,9,0,0,4,0,0,0,10,958,10817,627,100,0,0,0 '
Received from ('fd00::200:0:0:10', 8765, 0, 0): b' 699,16,15,1280,0,55,5,6,7,1,3,-52,0,944,7858,24,100,2,0,0 '
Received from ('fd00::200:0:0:3', 8765, 0, 0): b' 701,3,1,512,0,62,6,1,7,1,2,-64,1,1404,16290,43,100,2,0,0 '
Received from ('fd00::200:0:0:5', 8765, 0, 0): b' 702,5,1,512,0,53,6,1,5,1,1,-94,0,600,11347,47,100,3,0,0 '
Received from ('fd00::200:0:0:15', 8765, 0, 0): b' 700,21,20,1536,10,39,1,7,4,1,1,-52,0,725,8632,19,100,2,0,0 '
Received from ('fd00::200:0:0:b', 8765, 0, 0): b' 700,11,7,1024,10,66,2,4,7,1,1,-52,0,654,8472,39,100,2,0,0 '
Received from ('fd00::200:0:0:4', 8765, 0, 0): b' 702,4,1,512,0,59,6,1,7,1,1,-66,5,3294,29717,47,100,3,0,0 '
Received from ('fd00::200:0:0:11', 8765, 0, 0): b' 701,17,20,1536,0,47,2,6,6,1,1,-70,0,652,9561,25,100,1,0,0 '
Received from ('fd00::200:0:0:a', 8765, 0, 0): b' 703,10,2,768,0,52,2,3,7,1,1,-95,8,2509,19261,36,100,2,0,0 '
Received from ('fd00::200:0:0:7', 8765, 0, 0): b' 704,7,4,768,0,69,4,6,7,1,2,-70,1,1024,13093,42,100,1,0,0 '
Received from ('fd00::200:0:0:13', 8765, 0, 0): b' 704,19,15,1280,0,57,3,4,7,1,1,-52,0,674,8775,34,100,2,0,0 '
Received from ('fd00::200:0:0:6', 8765, 0, 0): b' 705,6,3,768,0,52,6,7,7,1,3,-70,0,650,6923,22,100,1,0,0 '
Received from ('fd00::200:0:0:14', 8765, 0, 0): b' 702,20,15,1280,20,47,4,6,7,1,2,-70,2,1530,14030,26,100,1,0,0 '
Received from ('fd00::200:0:0:9', 8765, 0, 0): b' 705,9,4,768,0,73,2,2,6,1,1,-70,1,1149,12196,42,100,3,0,0 '
Received from ('fd00::200:0:0:f', 8765, 0, 0): b' 704,15,10,1024,0,51,2,8,7,1,1,-70,6,2531,22452,35,100,3,0,0 '
Received from ('fd00::200:0:0:1', 5678, 0, 0): b' 708,1,0,256,0,9,0,0,4,0,0,0,10,2159,20847,641,100,2,0,0 '
Received from ('fd00::200:0:0:12', 8765, 0, 0): b' 705,18,15,1280,0,51,2,4,5,1,1,-70,2,773,10105,33,100,2,0,0 '
Received from ('fd00::200:0:0:2', 8765, 0, 0): b' 708,2,1,512,10,69,6,1,6,1,1,-88,9,3819,23353,47,100,4,0,0 '
Received from ('fd00::200:0:0:e', 8765, 0, 0): b' 706,14,10,1024,0,47,2,4,7,1,1,-52,0,799,10227,35,100,3,0,0 '
Received from ('fd00::200:0:0:b', 8765, 0, 0): b' 708,11,7,1024,0,69,2,4,7,1,1,-52,0,757,10758,39,100,2,0,0 '
Received from ('fd00::200:0:0:15', 8765, 0, 0): b' 708,21,20,1536,0,43,1,7,4,1,1,-52,0,913,8436,20,100,2,0,0 '
Received from ('fd00::200:0:0:8', 8765, 0, 0): b' 709,8,4,768,0,65,4,6,7,1,2,-52,0,952,14235,42,100,5,0,0 '
Received from ('fd00::200:0:0:10', 8765, 0, 0): b' 708,16,15,1280,0,56,5,6,7,1,3,-52,0,567,8868,25,100,2,0,0 '
Received from ('fd00::200:0:0:f', 8765, 0, 0): b' 709,15,10,1024,0,53,2,8,7,1,1,-70,6,1446,11744,35,100,2,0,0 '
Received from ('fd00::200:0:0:3', 8765, 0, 0): b' 711,3,1,512,0,66,6,1,7,1,2,-64,1,1325,14865,44,100,3,0,0 '
Received from ('fd00::200:0:0:a', 8765, 0, 0): b' 710,10,2,768,0,54,2,3,7,1,1,-95,8,2746,16320,37,100,3,0,0 '
Received from ('fd00::200:0:0:11', 8765, 0, 0): b' 708,17,20,1536,0,50,2,6,6,1,1,-70,0,805,9041,26,100,2,0,0 '
Received from ('fd00::200:0:0:6', 8765, 0, 0): b' 711,6,3,768,0,55,6,7,7,1,3,-70,0,594,5391,22,100,2,0,0 '
Received from ('fd00::200:0:0:5', 8765, 0, 0): b' 712,5,1,512,0,58,6,1,5,1,1,-94,0,936,11680,47,100,2,0,0 '
Received from ('fd00::200:0:0:14', 8765, 0, 0): b' 710,20,15,1280,0,48,4,6,7,1,2,-70,2,1270,13331,26,100,2,0,0 '
Received from ('fd00::200:0:0:7', 8765, 0, 0): b' 713,7,4,768,0,71,4,6,7,1,2,-70,1,958,13060,42,100,3,0,0 '
Received from ('fd00::200:0:0:4', 8765, 0, 0): b' 714,4,1,512,0,65,6,1,7,1,1,-66,5,2608,25551,47,100,2,0,0 '
Received from ('fd00::200:0:0:9', 8765, 0, 0): b' 715,9,4,768,0,76,2,2,6,1,1,-70,1,818,10864,43,100,2,0,0 '
Received from ('fd00::200:0:0:8', 8765, 0, 0): b' 715,8,4,768,0,66,4,6,7,1,2,-52,0,381,6541,42,100,2,0,0 '
Received from ('fd00::200:0:0:a', 8765, 0, 0): b' 716,10,2,768,0,55,2,3,7,1,1,-95,8,883,9950,37,100,0,0,0 '
Received from ('fd00::200:0:0:1', 5678, 0, 0): b' 717,1,0,256,0,9,0,0,4,0,0,0,10,2307,22057,650,100,2,0,0 '
Received from ('fd00::200:0:0:2', 8765, 0, 0): b' 717,2,1,512,30,70,6,1,6,1,1,-88,9,2096,15850,48,100,1,0,0 '
Received from ('fd00::200:0:0:13', 8765, 0, 0): b' 713,19,15,1280,0,58,3,4,7,1,1,-52,0,559,10495,34,100,2,0,0 '
Received from ('fd00::200:0:0:12', 8765, 0, 0): b' 715,18,15,1280,0,54,2,4,5,1,1,-70,2,782,8973,34,100,2,0,0 '
Received from ('fd00::200:0:0:5', 8765, 0, 0): b' 718,5,1,512,0,61,6,1,5,1,1,-94,0,670,8264,48,100,2,0,0 '
Received from ('fd00::200:0:0:3', 8765, 0, 0): b' 719,3,1,512,0,67,6,1,7,1,2,-64,1,860,11478,44,100,1,0,0 '
Received from ('fd00::200:0:0:10', 8765, 0, 0): b' 716,16,15,1280,0,60,5,6,7,1,3,-52,0,742,8031,25,100,2,0,0 '
Received from ('fd00::200:0:0:e', 8765, 0, 0): b' 715,14,10,1024,10,51,2,4,7,1,1,-52,0,827,8817,35,100,3,0,0 '
Received from ('fd00::200:0:0:b', 8765, 0, 0): b' 719,11,7,1024,0,73,2,4,7,1,1,-52,0,934,12761,40,100,3,0,0 '
Received from ('fd00::200:0:0:a', 8765, 0, 0): b' 720,10,2,768,30,59,2,3,7,1,1,-95,8,1817,9901,37,100,2,0,0 '
Received from ('fd00::200:0:0:9', 8765, 0, 0): b' 721,9,4,768,0,79,2,2,7,1,1,-70,1,748,8074,43,100,3,0,0 '
Received from ('fd00::200:0:0:4', 8765, 0, 0): b' 721,4,1,512,0,68,6,1,7,1,1,-66,5,2414,18329,48,100,3,0,0 '
Received from ('fd00::200:0:0:15', 8765, 0, 0): b' 716,21,20,1536,0,47,1,7,4,1,1,-52,0,875,10290,21,100,2,0,0 '
Received from ('fd00::200:0:0:6', 8765, 0, 0): b' 722,6,3,768,0,60,6,7,7,1,3,-70,0,1033,11215,23,100,3,0,0 '
Received from ('fd00::200:0:0:f', 8765, 0, 0): b' 720,15,10,1024,0,60,2,9,7,1,1,-70,6,3464,29449,36,100,4,0,0 '
Received from ('fd00::200:0:0:11', 8765, 0, 0): b' 719,17,20,1536,0,55,2,6,7,1,1,-70,0,1097,11110,27,100,3,0,0 '
Received from ('fd00::200:0:0:8', 8765, 0, 0): b' 724,8,4,768,0,71,4,6,7,1,2,-52,0,1026,11151,43,100,3,0,0 '
Received from ('fd00::200:0:0:14', 8765, 0, 0): b' 721,20,15,1280,0,53,4,6,7,1,2,-70,2,1933,18527,27,100,3,0,0 '
Received from ('fd00::200:0:0:12', 8765, 0, 0): b' 722,18,15,1280,10,60,2,4,5,1,1,-70,2,785,7751,35,100,2,0,0 '
Received from ('fd00::200:0:0:7', 8765, 0, 0): b' 725,7,4,768,0,77,4,7,7,1,2,-70,1,1773,19495,43,100,5,0,0 '
Received from ('fd00::200:0:0:3', 8765, 0, 0): b' 725,3,1,512,20,68,6,1,7,1,2,-64,1,643,9530,45,100,2,0,0 '
Received from ('fd00::200:0:0:5', 8765, 0, 0): b' 726,5,1,512,0,65,6,1,6,1,1,-94,0,908,10361,48,100,2,0,0 '
Received from ('fd00::200:0:0:15', 8765, 0, 0): b' 722,21,20,1536,0,49,1,7,5,1,1,-52,0,468,5134,21,100,2,0,0 '
Received from ('fd00::200:0:0:13', 8765, 0, 0): b' 722,19,15,1280,10,63,3,4,7,1,1,-52,0,984,8785,35,100,4,0,0 '
Received from ('fd00::200:0:0:10', 8765, 0, 0): b' 724,16,15,1280,0,65,5,6,7,1,3,-52,0,1013,9237,26,100,3,0,0 '
Received from ('fd00::200:0:0:2', 8765, 0, 0): b' 727,2,1,512,10,73,6,1,6,1,1,-88,9,4021,22532,48,100,4,0,0 '
Received from ('fd00::200:0:0:e', 8765, 0, 0): b' 725,14,10,1024,0,55,2,4,7,1,1,-52,0,810,8823,36,100,2,0,0 '
Received from ('fd00::200:0:0:1', 5678, 0, 0): b' 728,1,0,256,0,9,0,0,4,0,0,0,10,2542,27373,662,100,2,0,0 '
Received from ('fd00::200:0:0:11', 8765, 0, 0): b' 725,17,20,1536,0,56,2,6,7,1,1,-70,0,386,5472,27,100,2,0,0 '
Received from ('fd00::200:0:0:b', 8765, 0, 0): b' 728,11,7,1024,10,78,2,4,7,1,1,-52,0,997,11131,40,100,4,0,0 '
Received from ('fd00::200:0:0:6', 8765, 0, 0): b' 729,6,3,768,0,62,6,7,7,1,3,-70,0,490,6595,23,100,2,0,0 '
Received from ('fd00::200:0:0:14', 8765, 0, 0): b' 726,20,15,1280,0,55,4,6,7,1,2,-70,2,1126,8854,27,100,2,0,0 '
Received from ('fd00::200:0:0:3', 8765, 0, 0): b' 730,3,1,512,0,73,6,1,7,1,2,-64,1,1265,10834,45,100,3,0,0 '
Received from ('fd00::200:0:0:a', 8765, 0, 0): b' 729,10,2,768,10,65,2,3,7,1,1,-95,8,3790,24660,38,100,4,0,0 '
Received from ('fd00::200:0:0:4', 8765, 0, 0): b' 731,4,1,512,0,72,6,1,7,1,1,-66,6,2530,24447,48,100,2,0,0 '
Received from ('fd00::200:0:0:9', 8765, 0, 0): b' 732,9,4,768,10,83,2,2,7,1,1,-70,2,1431,15166,44,100,2,0,0 '
Received from ('fd00::200:0:0:e', 8765, 0, 0): b' 730,14,10,1024,0,57,2,4,7,1,1,-52,0,497,5340,36,100,1,0,0 '
Received from ('fd00::200:0:0:f', 8765, 0, 0): b' 732,15,10,1024,0,65,2,9,7,1,1,-70,6,3447,30648,36,100,2,0,0 '
Received from ('fd00::200:0:0:5', 8765, 0, 0): b' 734,5,1,512,0,68,6,1,6,1,1,-94,0,791,10587,49,100,3,0,0 '
Received from ('fd00::200:0:0:15', 8765, 0, 0): b' 730,21,20,1536,0,52,1,7,5,1,1,-52,0,725,8102,21,100,2,0,0 '
Received from ('fd00::200:0:0:11', 8765, 0, 0): b' 730,17,20,1536,0,57,2,6,7,1,1,-70,0,390,5152,27,100,1,0,0 '
Received from ('fd00::200:0:0:8', 8765, 0, 0): b' 734,8,4,768,0,76,4,7,7,1,2,-52,0,1204,16223,44,100,4,0,0 '
Received from ('fd00::200:0:0:2', 8765, 0, 0): b' 734,2,1,512,40,76,6,1,6,1,1,-88,9,2258,15105,49,100,1,0,0 '
Received from ('fd00::200:0:0:7', 8765, 0, 0): b' 734,7,4,768,0,80,4,7,7,1,2,-70,1,1438,17603,44,100,3,0,0 '
Received from ('fd00::200:0:0:14', 8765, 0, 0): b' 734,20,15,1280,10,55,4,6,7,1,2,-70,2,1001,9403,28,100,1,0,0 '
Received from ('fd00::200:0:0:13', 8765, 0, 0): b' 734,19,15,1280,10,65,3,4,7,1,1,-52,0,602,9703,36,100,1,0,0 '
Received from ('fd00::200:0:0:6', 8765, 0, 0): b' 737,6,3,768,0,65,6,7,7,1,3,-70,0,771,8003,24,100,3,0,0 '
Received from ('fd00::200:0:0:12', 8765, 0, 0): b' 734,18,15,1280,10,61,2,4,5,1,1,-70,2,744,10147,35,100,3,0,0 '
Received from ('fd00::200:0:0:a', 8765, 0, 0): b' 736,10,2,768,10,65,2,3,7,1,1,-95,8,2359,15759,38,100,1,0,0 '
Received from ('fd00::200:0:0:f', 8765, 0, 0): b' 736,15,10,1024,20,67,2,9,7,1,1,-70,6,1674,12885,37,100,0,0,0 '
Received from ('fd00::200:0:0:4', 8765, 0, 0): b' 738,4,1,512,20,74,6,1,7,1,1,-66,6,1826,16761,49,100,3,0,0 '
Received from ('fd00::200:0:0:3', 8765, 0, 0): b' 738,3,1,512,10,77,6,1,7,1,2,-64,1,1155,12753,45,100,3,0,0 '
Received from ('fd00::200:0:0:10', 8765, 0, 0): b' 735,16,15,1280,10,68,5,6,7,1,3,-52,0,637,10013,26,100,3,0,0 '
Received from ('fd00::200:0:0:b', 8765, 0, 0): b' 739,11,7,1024,0,86,2,4,7,1,1,-52,0,1381,14602,41,100,4,0,0 '
Received from ('fd00::200:0:0:1', 5678, 0, 0): b' 739,1,0,256,0,9,0,0,4,0,0,0,10,2730,27267,677,100,2,0,0 '
Received from ('fd00::200:0:0:5', 8765, 0, 0): b' 740,5,1,512,0,70,6,1,6,1,1,-94,0,494,7792,49,100,1,0,0 '
Received from ('fd00::200:0:0:9', 8765, 0, 0): b' 739,9,4,768,0,86,2,2,7,1,1,-70,2,1051,11894,44,100,3,0,0 '
Received from ('fd00::200:0:0:13', 8765, 0, 0): b' 739,19,15,1280,0,67,3,4,7,1,1,-52,0,492,5367,36,100,2,0,0 '
Received from ('fd00::200:0:0:2', 8765, 0, 0): b' 741,2,1,512,20,77,6,1,6,1,1,-88,9,2313,14072,49,100,1,0,0 '
Received from ('fd00::200:0:0:14', 8765, 0, 0): b' 740,20,15,1280,10,56,4,6,7,1,2,-70,2,727,10133,28,100,1,0,0 '
Received from ('fd00::200:0:0:11', 8765, 0, 0): b' 738,17,20,1536,0,60,2,6,7,1,1,-70,0,678,7853,28,100,2,0,0 '
Received from ('fd00::200:0:0:15', 8765, 0, 0): b' 739,21,20,1536,0,56,1,7,5,1,1,-52,0,809,8981,22,100,2,0,0 '
Received from ('fd00::200:0:0:e', 8765, 0, 0): b' 740,14,10,1024,0,61,2,4,7,1,1,-52,0,906,10579,37,100,3,0,0 '
Received from ('fd00::200:0:0:f', 8765, 0, 0): b' 741,15,10,1024,0,69,2,9,7,1,1,-70,6,2155,17333,37,100,2,0,0 '
Received from ('fd00::200:0:0:10', 8765, 0, 0): b' 741,16,15,1280,0,69,5,6,7,1,3,-52,0,657,8353,27,100,2,0,0 '
Received from ('fd00::200:0:0:12', 8765, 0, 0): b' 742,18,15,1280,10,64,2,4,5,1,1,-70,2,694,8759,36,100,3,0,0 '
Received from ('fd00::200:0:0:a', 8765, 0, 0): b' 744,10,2,768,0,66,2,3,7,1,1,-95,8,2668,17915,39,100,3,0,0 '
Received from ('fd00::200:0:0:11', 8765, 0, 0): b' 742,17,20,1536,0,61,2,6,7,1,1,-70,0,366,4395,28,100,1,0,0 '
Received from ('fd00::200:0:0:b', 8765, 0, 0): b' 744,11,7,1024,0,87,2,4,7,1,1,-52,0,391,8794,41,100,1,0,0 '
Received from ('fd00::200:0:0:8', 8765, 0, 0): b' 745,8,4,768,0,79,4,9,7,1,2,-52,0,804,14000,44,100,4,0,0 '
Received from ('fd00::200:0:0:7', 8765, 0, 0): b' 746,7,4,768,0,85,4,8,7,1,2,-70,1,1674,18858,45,100,4,0,0 '
Received from ('fd00::200:0:0:5', 8765, 0, 0): b' 747,5,1,512,0,73,6,1,6,1,1,-94,0,687,9773,50,100,3,0,0 '
Received from ('fd00::200:0:0:4', 8765, 0, 0): b' 749,4,1,512,0,76,6,1,7,1,1,-66,6,2819,26336,50,100,4,0,0 '
Received from ('fd00::200:0:0:6', 8765, 0, 0): b' 748,6,3,768,10,70,6,7,7,1,3,-70,0,971,11367,25,100,4,0,0 '
Received from ('fd00::200:0:0:2', 8765, 0, 0): b' 749,2,1,512,0,79,6,1,6,1,1,-88,9,2477,16235,50,100,3,0,0 '
Received from ('fd00::200:0:0:a', 8765, 0, 0): b' 748,10,2,768,0,67,2,3,7,1,1,-95,8,1141,10144,39,100,1,0,0 '
Received from ('fd00::200:0:0:3', 8765, 0, 0): b' 750,3,1,512,0,80,6,1,7,1,2,-64,1,1302,18813,46,100,3,0,0 '
Received from ('fd00::200:0:0:b', 8765, 0, 0): b' 750,11,7,1024,0,90,2,4,7,1,1,-52,0,681,7574,42,100,2,0,0 '
Received from ('fd00::200:0:0:13', 8765, 0, 0): b' 748,19,15,1280,20,68,3,4,7,1,1,-52,0,484,9828,37,100,2,0,0 '
Received from ('fd00::200:0:0:9', 8765, 0, 0): b' 750,9,4,768,0,91,2,2,7,1,1,-70,2,1342,14741,45,100,4,0,0 '
Received from ('fd00::200:0:0:1', 5678, 0, 0): b' 751,1,0,256,0,9,0,0,4,0,0,0,10,2772,28295,693,100,2,0,0 '
Received from ('fd00::200:0:0:14', 8765, 0, 0): b' 748,20,15,1280,0,59,4,6,7,1,2,-70,2,1866,17585,29,100,2,0,0 '
Received from ('fd00::200:0:0:15', 8765, 0, 0): b' 748,21,20,1536,10,56,1,7,5,1,1,-52,0,460,8519,23,100,2,0,0 '
Received from ('fd00::200:0:0:6', 8765, 0, 0): b' 752,6,3,768,0,71,6,7,7,1,3,-70,0,421,4294,25,100,1,0,0 '
Received from ('fd00::200:0:0:e', 8765, 0, 0): b' 750,14,10,1024,10,66,2,4,7,1,1,-52,0,940,9164,37,100,2,0,0 '
Received from ('fd00::200:0:0:f', 8765, 0, 0): b' 750,15,10,1024,20,72,2,9,7,1,1,-70,6,2725,24363,38,100,1,0,0 '
Received from ('fd00::200:0:0:5', 8765, 0, 0): b' 753,5,1,512,0,73,6,1,6,1,1,-94,0,279,6694,50,100,1,0,0 '
Received from ('fd00::200:0:0:12', 8765, 0, 0): b' 750,18,15,1280,0,67,2,4,5,1,1,-70,2,736,7891,36,100,1,0,0 '
Received from ('fd00::200:0:0:a', 8765, 0, 0): b' 753,10,2,768,20,68,2,3,7,1,1,-95,8,1736,11518,40,100,0,0,0 '
Received from ('fd00::200:0:0:10', 8765, 0, 0): b' 752,16,15,1280,0,72,5,6,7,1,3,-52,0,925,10996,28,100,3,0,0 '
Received from ('fd00::200:0:0:11', 8765, 0, 0): b' 753,17,20,1536,0,66,2,6,7,1,1,-70,0,1019,10613,29,100,2,0,0 '
Received from ('fd00::200:0:0:7', 8765, 0, 0): b' 756,7,4,768,0,88,4,8,7,1,2,-70,1,1317,17609,45,100,4,0,0 '
Received from ('fd00::200:0:0:8', 8765, 0, 0): b' 757,8,4,768,0,84,4,9,7,1,2,-52,0,1062,16262,45,100,3,0,0 '
Received from ('fd00::200:0:0:12', 8765, 0, 0): b' 757,18,15,1280,0,71,2,4,5,1,1,-70,2,767,6640,37,100,1,0,0 '
Received from ('fd00::200:0:0:4', 8765, 0, 0): b' 759,4,1,512,0,79,6,1,7,1,1,-66,6,2105,23318,50,100,3,0,0 '
Received from ('fd00::200:0:0:1', 5678, 0, 0): b' 759,1,0,256,0,9,0,0,4,0,0,0,10,1433,18435,700,100,1,0,0 '
Received from ('fd00::200:0:0:6', 8765, 0, 0): b' 759,6,3,768,0,76,6,7,7,1,3,-70,0,808,7716,25,100,2,0,0 '
Received from ('fd00::200:0:0:e', 8765, 0, 0): b' 758,14,10,1024,10,69,2,4,7,1,1,-52,0,686,8128,38,100,1,0,0 '
Received from ('fd00::200:0:0:14', 8765, 0, 0): b' 758,20,15,1280,0,62,4,6,7,1,2,-70,2,1300,14240,29,100,1,0,0 '
Received from ('fd00::200:0:0:2', 8765, 0, 0): b' 761,2,1,512,20,80,6,1,6,1,1,-88,9,3314,22011,50,100,2,0,0 '
Received from ('fd00::200:0:0:13', 8765, 0, 0): b' 758,19,15,1280,0,73,3,4,7,1,1,-52,0,1071,9511,37,100,2,0,0 '
Received from ('fd00::200:0:0:9', 8765, 0, 0): b' 759,9,4,768,0,93,2,2,7,1,1,-70,2,999,11765,46,100,3,0,0 '
Received from ('fd00::200:0:0:3', 8765, 0, 0): b' 761,3,1,512,0,83,6,1,7,1,2,-64,1,1389,18514,47,100,3,0,0 '
Received from ('fd00::200:0:0:5', 8765, 0, 0): b' 762,5,1,512,0,75,6,1,6,1,1,-94,0,683,10878,51,100,3,0,0 '
Received from ('fd00::200:0:0:7', 8765, 0, 0): b' 760,7,4,768,0,90,4,9,7,1,2,-70,1,640,6959,46,100,2,0,0 '
Received from ('fd00::200:0:0:10', 8765, 0, 0): b' 758,16,15,1280,0,73,5,6,7,1,3,-52,0,385,5407,28,100,2,0,0 '
Received from ('fd00::200:0:0:f', 8765, 0, 0): b' 760,15,10,1024,10,76,2,9,7,1,1,-70,6,2899,25509,38,100,2,0,0 '
Received from ('fd00::200:0:0:b', 8765, 0, 0): b' 762,11,7,1024,0,94,2,4,7,1,1,-52,0,929,15255,43,100,3,0,0 '
Received from ('fd00::200:0:0:15', 8765, 0, 0): b' 758,21,20,1536,0,59,1,7,5,1,1,-52,0,774,10035,23,100,2,0,0 '
Received from ('fd00::200:0:0:11', 8765, 0, 0): b' 759,17,20,1536,0,66,2,6,7,1,1,-70,0,285,5971,29,100,1,0,0 '
Received from ('fd00::200:0:0:e', 8765, 0, 0): b' 763,14,10,1024,0,71,2,4,7,1,1,-52,0,498,4514,38,100,1,0,0 '
Received from ('fd00::200:0:0:4', 8765, 0, 0): b' 765,4,1,512,0,80,6,1,7,1,1,-66,6,1766,13797,51,100,1,0,0 '
Received from ('fd00::200:0:0:1', 5678, 0, 0): b' 765,1,0,256,0,9,0,0,4,0,0,0,10,1603,13941,709,100,1,0,0 '
Received from ('fd00::200:0:0:6', 8765, 0, 0): b' 764,6,3,768,0,77,6,7,7,1,3,-70,0,442,5095,26,100,1,0,0 '
Received from ('fd00::200:0:0:a', 8765, 0, 0): b' 764,10,2,768,0,68,2,3,7,1,1,-95,8,3132,23094,40,100,2,0,0 '
Received from ('fd00::200:0:0:12', 8765, 0, 0): b' 763,18,15,1280,0,73,2,4,5,1,1,-70,2,497,6057,37,100,1,0,0 '
Received from ('fd00::200:0:0:2', 8765, 0, 0): b' 767,2,1,512,10,81,6,1,6,1,1,-88,9,2421,14796,51,100,1,0,0 '
Received from ('fd00::200:0:0:13', 8765, 0, 0): b' 765,19,15,1280,0,75,3,4,7,1,1,-52,0,554,6447,38,100,1,0,0 '
Received from ('fd00::200:0:0:10', 8765, 0, 0): b' 764,16,15,1280,0,74,5,6,7,1,3,-52,0,390,6045,28,100,1,0,0 '
Received from ('fd00::200:0:0:11', 8765, 0, 0): b' 765,17,20,1536,0,66,2,6,7,1,1,-70,0,339,5147,30,100,1,0,0 '
Received from ('fd00::200:0:0:8', 8765, 0, 0): b' 768,8,4,768,0,87,4,9,7,1,2,-52,0,850,14230,46,100,3,0,0 '
Received from ('fd00::200:0:0:1', 5678, 0, 0): b' 769,1,0,256,0,9,0,0,4,0,0,0,10,927,10223,713,100,1,0,0 '
Received from ('fd00::200:0:0:9', 8765, 0, 0): b' 770,9,4,768,0,97,2,2,7,1,1,-70,2,1030,12527,46,100,2,0,0 '
Received from ('fd00::200:0:0:12', 8765, 0, 0): b' 768,18,15,1280,10,73,2,4,5,1,1,-70,2,283,4261,38,100,1,0,0 '
Received from ('fd00::200:0:0:4', 8765, 0, 0): b' 770,4,1,512,0,80,6,1,7,1,1,-66,6,980,12197,51,100,1,0,0 '
Received from ('fd00::200:0:0:5', 8765, 0, 0): b' 770,5,1,512,0,78,6,1,6,1,1,-94,0,643,10844,51,100,2,0,0 '
Received from ('fd00::200:0:0:15', 8765, 0, 0): b' 768,21,20,1536,0,62,1,7,5,1,1,-52,0,782,8229,24,100,2,0,0 '
Received from ('fd00::200:0:0:7', 8765, 0, 0): b' 771,7,4,768,0,93,4,10,7,1,2,-70,1,1265,16130,46,100,3,0,0 '
Received from ('fd00::200:0:0:e', 8765, 0, 0): b' 769,14,10,1024,0,75,2,4,7,1,1,-52,0,761,6962,39,100,2,0,0 '
Received from ('fd00::200:0:0:14', 8765, 0, 0): b' 769,20,15,1280,0,63,4,6,7,1,2,-70,2,1830,18076,30,100,2,0,0 '
Received from ('fd00::200:0:0:3', 8765, 0, 0): b' 772,3,1,512,0,90,6,1,7,1,2,-64,1,1730,17625,48,100,3,0,0 '
Received from ('fd00::200:0:0:f', 8765, 0, 0): b' 771,15,10,1024,0,84,2,10,7,1,1,-70,6,4318,32754,39,100,4,0,0 '
Received from ('fd00::200:0:0:2', 8765, 0, 0): b' 772,2,1,512,10,84,6,1,6,1,1,-88,9,2251,12156,51,100,1,0,0 '
Received from ('fd00::200:0:0:13', 8765, 0, 0): b' 771,19,15,1280,10,77,3,4,7,1,1,-52,0,491,6161,38,100,2,0,0 '
Received from ('fd00::200:0:0:12', 8765, 0, 0): b' 772,18,15,1280,0,76,2,4,5,1,1,-70,2,631,5270,38,100,2,0,0 '
Received from ('fd00::200:0:0:b', 8765, 0, 0): b' 775,11,7,1024,10,98,2,5,7,1,1,-52,0,1046,14750,43,100,4,0,0 '
Received from ('fd00::200:0:0:a', 8765, 0, 0): b' 774,10,2,768,0,75,2,3,7,1,1,-95,8,3869,23647,41,100,4,0,0 '
Received from ('fd00::200:0:0:9', 8765, 0, 0): b' 775,9,4,768,0,98,2,2,7,1,1,-70,2,617,6744,47,100,1,0,0 '
Received from ('fd00::200:0:0:10', 8765, 0, 0): b' 772,16,15,1280,0,77,5,6,7,1,3,-52,0,775,8334,29,100,3,0,0 '
Received from ('fd00::200:0:0:14', 8765, 0, 0): b' 773,20,15,1280,0,66,4,6,7,1,2,-70,2,807,7957,30,100,1,0,0 '
Received from ('fd00::200:0:0:6', 8765, 0, 0): b' 776,6,3,768,0,83,6,7,7,1,3,-70,0,1182,12122,26,100,4,0,0 '
Received from ('fd00::200:0:0:5', 8765, 0, 0): b' 776,5,1,512,0,80,6,1,6,1,1,-94,0,666,8351,52,100,2,0,0 '
Received from ('fd00::200:0:0:15', 8765, 0, 0): b' 774,21,20,1536,0,64,1,7,5,1,1,-52,0,491,6020,24,100,2,0,0 '
Received from ('fd00::200:0:0:8', 8765, 0, 0): b' 776,8,4,768,10,91,4,10,7,1,2,-52,0,810,10673,47,100,3,0,0 '
Received from ('fd00::200:0:0:1', 5678, 0, 0): b' 778,1,0,256,0,9,0,0,4,0,0,0,10,2429,22365,726,100,2,0,0 '
Received from ('fd00::200:0:0:4', 8765, 0, 0): b' 777,4,1,512,0,82,6,1,7,1,1,-66,6,2418,20979,52,100,1,0,0 '
Received from ('fd00::200:0:0:2', 8765, 0, 0): b' 778,2,1,512,10,86,6,1,6,1,1,-88,9,2012,13020,52,100,1,0,0 '
Received from ('fd00::200:0:0:11', 8765, 0, 0): b' 776,17,20,1536,0,73,2,6,7,1,1,-70,0,1065,10734,30,100,3,0,0 '
Received from ('fd00::200:0:0:7', 8765, 0, 0): b' 778,7,4,768,0,97,4,10,7,1,2,-70,1,1496,13444,47,100,3,0,0 '
Received from ('fd00::200:0:0:a', 8765, 0, 0): b' 779,10,2,768,40,79,2,3,7,1,1,-95,8,1829,12029,41,100,1,0,0 '
Received from ('fd00::200:0:0:e', 8765, 0, 0): b' 778,14,10,1024,0,79,2,4,7,1,1,-52,0,826,7820,39,100,3,0,0 '
Received from ('fd00::200:0:0:9', 8765, 0, 0): b' 780,9,4,768,0,99,2,2,7,1,1,-70,2,639,7924,47,100,1,0,0 '
Received from ('fd00::200:0:0:12', 8765, 0, 0): b' 778,18,15,1280,0,76,2,4,5,1,1,-70,2,283,5290,38,100,1,0,0 '
Received from ('fd00::200:0:0:b', 8765, 0, 0): b' 780,11,7,1024,0,103,2,6,7,1,1,-52,0,1053,10360,44,100,3,0,0 '
Received from ('fd00::200:0:0:13', 8765, 0, 0): b' 779,19,15,1280,0,82,3,4,7,1,1,-52,0,990,7869,39,100,3,0,0 '
Received from ('fd00::200:0:0:10', 8765, 0, 0): b' 778,16,15,1280,0,80,5,6,7,1,3,-52,0,598,5859,29,100,2,0,0 '
Received from ('fd00::200:0:0:3', 8765, 0, 0): b' 782,3,1,512,10,97,6,1,7,1,2,-64,1,1685,17299,48,100,3,0,0 '
Received from ('fd00::200:0:0:8', 8765, 0, 0): b' 783,8,4,768,0,93,4,10,7,1,2,-52,0,525,8607,47,100,1,0,0 '
Received from ('fd00::200:0:0:2', 8765, 0, 0): b' 783,2,1,512,10,87,6,1,6,1,1,-88,9,1884,10630,52,100,1,0,0 '
Received from ('fd00::200:0:0:11', 8765, 0, 0): b' 781,17,20,1536,0,77,2,6,7,1,1,-70,0,662,5032,31,100,1,0,0 '
Received from ('fd00::200:0:0:6', 8765, 0, 0): b' 784,6,3,768,0,89,6,7,7,1,3,-70,0,1101,9365,27,100,2,0,0 '
Received from ('fd00::200:0:0:f', 8765, 0, 0): b' 783,15,10,1024,10,88,2,11,7,1,1,-70,6,4219,33109,40,100,3,0,0 '
Received from ('fd00::200:0:0:14', 8765, 0, 0): b' 782,20,15,1280,0,68,4,6,7,1,2,-70,2,1710,14985,31,100,2,0,0 '
Received from ('fd00::200:0:0:15', 8765, 0, 0): b' 784,21,20,1536,0,65,1,7,5,1,1,-52,0,494,9241,25,100,1,0,0 '
Received from ('fd00::200:0:0:12', 8765, 0, 0): b' 784,18,15,1280,0,79,2,4,5,1,1,-70,2,786,6704,39,100,1,0,0 '
Received from ('fd00::200:0:0:5', 8765, 0, 0): b' 786,5,1,512,10,81,6,1,6,1,1,-94,0,410,11352,52,100,1,0,0 '
Received from ('fd00::200:0:0:4', 8765, 0, 0): b' 786,4,1,512,0,85,6,1,7,1,1,-66,6,1909,19874,52,100,2,0,0 '
Received from ('fd00::200:0:0:a', 8765, 0, 0): b' 786,10,2,768,10,81,2,4,7,1,1,-95,8,2862,17784,42,100,2,0,0 '
Received from ('fd00::200:0:0:b', 8765, 0, 0): b' 786,11,7,1024,0,104,2,6,7,1,1,-52,0,392,7214,44,100,1,0,0 '
Received from ('fd00::200:0:0:10', 8765, 0, 0): b' 785,16,15,1280,0,85,5,6,7,1,3,-52,0,874,7122,30,100,1,0,0 '
Received from ('fd00::200:0:0:e', 8765, 0, 0): b' 786,14,10,1024,0,80,2,4,7,1,1,-52,0,471,7761,40,100,1,0,0 '
Received from ('fd00::200:0:0:7', 8765, 0, 0): b' 787,7,4,768,0,99,4,10,7,1,2,-70,1,1142,14702,47,100,2,0,0 '
Received from ('fd00::200:0:0:13', 8765, 0, 0): b' 786,19,15,1280,0,84,3,4,7,1,1,-52,0,521,6996,39,100,1,0,0 '
Received from ('fd00::200:0:0:9', 8765, 0, 0): b' 787,9,4,768,0,102,2,2,7,1,1,-70,2,1001,9513,48,100,2,0,0 '
Received from ('fd00::200:0:0:1', 5678, 0, 0): b' 789,1,0,256,0,9,0,0,4,0,0,0,10,2628,27083,737,100,2,0,0 '
Received from ('fd00::200:0:0:14', 8765, 0, 0): b' 787,20,15,1280,0,69,4,6,7,1,2,-70,2,796,8588,31,100,1,0,0 '
Received from ('fd00::200:0:0:c', 8765, 0, 0): b' 751,12,9,1152,50,34,3,11,7,0,2,-70,0,677,7351,7,100,3,0,0 '
Received from ('fd00::200:0:0:3', 8765, 0, 0): b' 789,3,1,512,0,100,6,1,7,1,2,-64,1,1042,11389,49,100,2,0,0 '
Received from ('fd00::200:0:0:c', 8765, 0, 0): b' 759,12,9,1152,60,36,3,11,7,0,2,-70,0,680,7872,7,100,4,0,0 '
Received from ('fd00::200:0:0:8', 8765, 0, 0): b' 789,8,4,768,0,97,4,10,7,1,2,-52,0,823,8688,47,100,3,0,0 '
Received from ('fd00::200:0:0:c', 8765, 0, 0): b' 769,12,9,1152,70,37,3,11,7,0,2,-70,0,918,10018,8,100,3,0,0 '
Received from ('fd00::200:0:0:a', 8765, 0, 0): b' 790,10,2,768,0,81,2,4,7,1,1,-95,8,1151,9637,42,100,1,0,0 '
Received from ('fd00::200:0:0:5', 8765, 0, 0): b' 792,5,1,512,0,84,6,1,6,1,1,-94,0,678,7742,53,100,1,0,0 '
Received from ('fd00::200:0:0:11', 8765, 0, 0): b' 789,17,20,1536,0,79,2,6,7,1,1,-70,0,618,7620,31,100,2,0,0 '
Received from ('fd00::200:0:0:c', 8765, 0, 0): b' 778,12,9,1152,60,39,3,11,7,0,2,-70,0,858,8734,9,100,3,0,0 '
Received from ('fd00::200:0:0:10', 8765, 0, 0): b' 790,16,15,1280,0,88,5,6,7,1,3,-52,0,598,5771,30,100,2,0,0 '
Received from ('fd00::200:0:0:c', 8765, 0, 0): b' 786,12,9,1152,70,39,3,11,7,0,2,-70,0,747,8030,9,100,3,0,0 '
Received from ('fd00::200:0:0:8', 8765, 0, 0): b' 793,8,4,768,0,97,4,10,7,1,2,-52,0,327,5535,48,100,0,0,0 '
Received from ('fd00::200:0:0:f', 8765, 0, 0): b' 793,15,10,1024,0,90,2,11,7,1,1,-70,6,3060,27654,41,100,2,0,0 '
Received from ('fd00::200:0:0:2', 8765, 0, 0): b' 795,2,1,512,10,92,6,1,6,1,1,-88,9,4024,23462,53,100,4,0,0 '
Received from ('fd00::200:0:0:9', 8765, 0, 0): b' 795,9,4,768,0,103,2,2,7,1,1,-70,2,1811,12786,48,100,1,0,0 '
Received from ('fd00::200:0:0:e', 8765, 0, 0): b' 794,14,10,1024,0,83,2,4,7,1,1,-52,0,719,8078,40,100,3,0,0 '
Received from ('fd00::200:0:0:3', 8765, 0, 0): b' 796,3,1,512,0,101,6,1,7,1,2,-64,1,684,10043,49,100,2,0,0 '
Received from ('fd00::200:0:0:b', 8765, 0, 0): b' 796,11,7,1024,0,106,2,6,7,1,1,-52,0,726,12462,45,100,2,0,0 '
Received from ('fd00::200:0:0:6', 8765, 0, 0): b' 796,6,3,768,0,91,6,7,7,1,3,-70,0,825,11879,28,100,3,0,0 '
Received from ('fd00::200:0:0:4', 8765, 0, 0): b' 797,4,1,512,10,88,6,1,7,1,1,-66,6,4209,28381,53,100,2,0,0 '
Received from ('fd00::200:0:0:c', 8765, 0, 0): b' 796,12,9,1024,0,40,3,12,7,1,2,-70,0,1342,10892,10,100,4,0,0 '
Received from ('fd00::200:0:0:15', 8765, 0, 0): b' 795,21,20,1536,0,67,1,7,5,1,1,-52,0,698,10603,26,100,2,0,0 '
Received from ('fd00::200:0:0:7', 8765, 0, 0): b' 797,7,4,768,0,102,4,10,7,1,2,-70,1,1204,14967,48,100,2,0,0 '
Received from ('fd00::200:0:0:13', 8765, 0, 0): b' 796,19,15,1280,0,87,3,4,7,1,1,-52,0,799,9730,40,100,3,0,0 '
Received from ('fd00::200:0:0:12', 8765, 0, 0): b' 796,18,15,1280,0,80,2,4,5,1,1,-70,2,740,11082,39,100,3,0,0 '
Received from ('fd00::200:0:0:8', 8765, 0, 0): b' 798,8,4,768,0,100,4,10,7,1,2,-52,0,605,6713,48,100,1,0,0 '
Received from ('fd00::200:0:0:a', 8765, 0, 0): b' 798,10,2,768,20,84,2,4,7,1,1,-95,8,2980,18959,43,100,3,0,0 '
Received from ('fd00::200:0:0:9', 8765, 0, 0): b' 799,9,4,768,0,103,2,2,7,1,1,-70,2,524,7047,48,100,1,0,0 '
Received from ('fd00::200:0:0:1', 5678, 0, 0): b' 800,1,0,256,0,9,0,0,4,0,0,0,10,2760,26702,754,100,2,0,0 '
Received from ('fd00::200:0:0:10', 8765, 0, 0): b' 796,16,15,1280,0,90,5,6,7,1,3,-52,0,553,5730,31,100,1,0,0 '
Received from ('fd00::200:0:0:3', 8765, 0, 0): b' 800,3,1,512,0,102,6,1,7,1,2,-64,1,502,6971,49,100,0,0,0 '
Received from ('fd00::200:0:0:5', 8765, 0, 0): b' 801,5,1,512,0,86,6,1,6,1,1,-94,0,632,11072,53,100,3,0,0 '
Received from ('fd00::200:0:0:14', 8765, 0, 0): b' 799,20,15,1280,10,70,4,6,7,1,2,-70,2,1711,18123,32,100,2,0,0 '
Received from ('fd00::200:0:0:c', 8765, 0, 0): b' 801,12,9,1024,10,42,3,12,7,1,2,-70,0,362,4082,10,100,2,0,0 '
Received from ('fd00::200:0:0:15', 8765, 0, 0): b' 800,21,20,1536,0,67,1,7,5,1,1,-52,0,284,4821,26,100,1,0,0 '
Received from ('fd00::200:0:0:11', 8765, 0, 0): b' 800,17,20,1536,0,82,2,6,7,1,1,-70,0,805,10388,32,100,2,0,0 '
Received from ('fd00::200:0:0:2', 8765, 0, 0): b' 803,2,1,512,0,95,6,1,6,1,1,-88,9,2746,16621,53,100,2,0,0 '
Received from ('fd00::200:0:0:6', 8765, 0, 0): b' 803,6,3,768,0,95,6,7,7,1,3,-70,0,708,6893,28,100,1,0,0 '
Received from ('fd00::200:0:0:e', 8765, 0, 0): b' 803,14,10,1024,0,86,2,4,7,1,1,-52,0,708,9205,41,100,1,0,0 '
Received from ('fd00::200:0:0:f', 8765, 0, 0): b' 803,15,10,1024,0,94,2,11,7,1,1,-70,6,3101,27580,41,100,2,0,0 '
Received from ('fd00::200:0:0:b', 8765, 0, 0): b' 805,11,7,1024,0,109,2,6,7,1,1,-52,0,623,9763,45,100,2,0,0 '
Received from ('fd00::200:0:0:a', 8765, 0, 0): b' 804,10,2,768,0,86,2,4,7,1,1,-95,8,1781,13502,43,100,1,0,0 '
Received from ('fd00::200:0:0:11', 8765, 0, 0): b' 804,17,20,1536,0,83,2,6,7,1,1,-70,0,270,4017,32,100,0,0,0 '
Received from ('fd00::200:0:0:7', 8765, 0, 0): b' 806,7,4,768,0,103,4,10,7,1,2,-70,1,1094,14085,49,100,2,0,0 '
Received from ('fd00::200:0:0:3', 8765, 0, 0): b' 806,3,1,512,10,103,6,1,7,1,2,-64,1,808,10638,50,100,1,0,0 '
Received from ('fd00::200:0:0:13', 8765, 0, 0): b' 805,19,15,1280,0,87,3,4,7,1,1,-52,0,484,8880,41,100,2,0,0 '
Received from ('fd00::200:0:0:12', 8765, 0, 0): b' 806,18,15,1280,0,85,2,4,5,1,1,-70,2,923,9968,40,100,1,0,0 '
Received from ('fd00::200:0:0:4', 8765, 0, 0): b' 809,4,1,512,10,94,6,1,7,1,1,-66,6,3680,29046,54,100,3,0,0 '
Received from ('fd00::200:0:0:1', 5678, 0, 0): b' 809,1,0,256,0,9,0,0,4,0,0,0,10,2461,23123,768,100,2,0,0 '
Received from ('fd00::200:0:0:10', 8765, 0, 0): b' 807,16,15,1280,0,93,5,6,7,1,3,-52,0,749,9492,31,100,2,0,0 '
Received from ('fd00::200:0:0:14', 8765, 0, 0): b' 808,20,15,1280,0,73,4,6,7,1,2,-70,2,1748,15244,33,100,2,0,0 '
Received from ('fd00::200:0:0:b', 8765, 0, 0): b' 810,11,7,1024,10,111,2,6,7,1,1,-52,0,557,6358,46,100,1,0,0 '
Received from ('fd00::200:0:0:8', 8765, 0, 0): b' 809,8,4,768,0,101,4,10,7,1,2,-52,0,642,13700,49,100,2,0,0 '
Received from ('fd00::200:0:0:9', 8765, 0, 0): b' 810,9,4,768,0,109,2,2,7,1,1,-70,2,1836,17899,49,100,3,0,0 '
Received from ('fd00::200:0:0:a', 8765, 0, 0): b' 811,10,2,768,20,87,2,4,7,1,1,-95,8,1983,13293,44,100,1,0,0 '
Received from ('fd00::200:0:0:c', 8765, 0, 0): b' 812,12,9,1024,0,44,3,12,7,1,2,-70,0,806,10892,11,100,2,0,0 '
Received from ('fd00::200:0:0:6', 8765, 0, 0): b' 811,6,3,768,10,96,6,7,7,1,3,-70,0,563,7904,29,100,2,0,0 '
Received from ('fd00::200:0:0:e', 8765, 0, 0): b' 811,14,10,1024,0,88,2,4,7,1,1,-52,0,675,7052,42,100,2,0,0 '
Received from ('fd00::200:0:0:5', 8765, 0, 0): b' 813,5,1,512,0,89,6,1,6,1,1,-94,0,845,14971,54,100,2,0,0 '
Received from ('fd00::200:0:0:15', 8765, 0, 0): b' 810,21,20,1536,0,72,1,7,5,1,1,-52,0,1019,9428,27,100,2,0,0 '
Received from ('fd00::200:0:0:13', 8765, 0, 0): b' 811,19,15,1280,10,90,3,4,7,1,1,-52,0,580,5808,41,100,1,0,0 '
Received from ('fd00::200:0:0:10', 8765, 0, 0): b' 813,16,15,1280,0,96,5,6,7,1,3,-52,0,654,6270,32,100,2,0,0 '
Received from ('fd00::200:0:0:2', 8765, 0, 0): b' 815,2,1,512,20,98,6,1,6,1,1,-88,9,4014,24026,54,100,3,0,0 '
Received from ('fd00::200:0:0:1', 5678, 0, 0): b' 816,1,0,256,0,9,0,0,4,0,0,0,10,1241,14791,774,100,1,0,0 '
Received from ('fd00::200:0:0:f', 8765, 0, 0): b' 813,15,10,1024,10,96,2,11,7,1,1,-70,6,3425,27840,42,100,2,0,0 '
Received from ('fd00::200:0:0:c', 8765, 0, 0): b' 816,12,9,1024,0,45,3,13,7,1,2,-70,0,389,3852,11,100,3,0,0 '
Received from ('fd00::200:0:0:14', 8765, 0, 0): b' 813,20,15,1280,0,75,4,6,7,1,2,-70,2,913,8916,33,100,1,0,0 '
Received from ('fd00::200:0:0:12', 8765, 0, 0): b' 812,18,15,1280,10,87,2,4,5,1,1,-70,2,650,7096,41,100,2,0,0 '
Received from ('fd00::200:0:0:9', 8765, 0, 0): b' 817,9,4,768,0,111,2,2,7,1,1,-70,2,1108,10951,50,100,1,0,0 '
Received from ('fd00::200:0:0:e', 8765, 0, 0): b' 816,14,10,1024,0,90,2,4,7,1,1,-52,0,537,5068,42,100,2,0,0 '
Received from ('fd00::200:0:0:b', 8765, 0, 0): b' 816,11,7,1024,10,113,2,6,7,1,1,-52,0,415,7760,46,100,1,0,0 '
Received from ('fd00::200:0:0:7', 8765, 0, 0): b' 817,7,4,768,0,109,4,10,7,1,2,-70,1,1851,18942,49,100,3,0,0 '
Received from ('fd00::200:0:0:3', 8765, 0, 0): b' 818,3,1,512,0,105,6,1,7,1,2,-64,1,1199,17481,51,100,2,0,0 '
Received from ('fd00::200:0:0:8', 8765, 0, 0): b' 817,8,4,768,0,101,4,10,7,1,2,-52,0,404,9864,49,100,2,0,0 '
Received from ('fd00::200:0:0:a', 8765, 0, 0): b' 819,10,2,768,0,89,2,4,7,1,1,-95,8,2480,18577,44,100,2,0,0 '
Received from ('fd00::200:0:0:4', 8765, 0, 0): b' 820,4,1,512,0,98,6,1,7,1,1,-66,6,3112,26217,54,100,3,0,0 '
Received from ('fd00::200:0:0:6', 8765, 0, 0): b' 819,6,3,768,0,99,6,7,7,1,3,-70,0,685,8043,29,100,2,0,0 '
Received from ('fd00::200:0:0:15', 8765, 0, 0): b' 817,21,20,1536,0,74,1,7,5,1,1,-52,0,613,7471,27,100,3,0,0 '
Received from ('fd00::200:0:0:1', 5678, 0, 0): b' 821,1,0,256,0,9,0,0,4,0,0,0,10,1597,14542,782,100,1,0,0 '
Received from ('fd00::200:0:0:b', 8765, 0, 0): b' 822,11,7,1024,10,115,2,6,7,1,1,-52,0,524,7533,47,100,2,0,0 '
Received from ('fd00::200:0:0:c', 8765, 0, 0): b' 822,12,9,1024,0,47,3,13,7,1,2,-70,0,498,6679,11,100,1,0,0 '
Received from ('fd00::200:0:0:8', 8765, 0, 0): b' 823,8,4,768,0,104,4,10,7,1,2,-52,0,657,6340,50,100,2,0,0 '
Received from ('fd00::200:0:0:2', 8765, 0, 0): b' 823,2,1,512,0,98,6,1,6,1,1,-88,9,1967,15805,55,100,1,0,0 '
Received from ('fd00::200:0:0:5', 8765, 0, 0): b' 823,5,1,512,0,92,6,1,6,1,1,-94,0,821,13114,55,100,2,0,0 '
Received from ('fd00::200:0:0:14', 8765, 0, 0): b' 822,20,15,1280,0,76,4,6,7,1,2,-70,2,1115,14113,34,100,2,0,0 '
Received from ('fd00::200:0:0:f', 8765, 0, 0): b' 824,15,10,1024,10,101,2,12,7,1,1,-70,6,2741,24951,43,100,4,0,0 '
Received from ('fd00::200:0:0:12', 8765, 0, 0): b' 821,18,15,1280,0,89,2,4,5,1,1,-70,2,546,8350,41,100,1,0,0 '
Received from ('fd00::200:0:0:3', 8765, 0, 0): b' 825,3,1,512,0,105,6,1,7,1,2,-64,1,749,12100,51,100,2,0,0 '
Received from ('fd00::200:0:0:13', 8765, 0, 0): b' 823,19,15,1280,0,90,3,4,7,1,1,-52,0,509,10838,42,100,2,0,0 '
Received from ('fd00::200:0:0:10', 8765, 0, 0): b' 823,16,15,1280,0,100,5,7,7,1,3,-52,0,878,10743,32,100,4,0,0 '
Received from ('fd00::200:0:0:7', 8765, 0, 0): b' 827,7,4,768,0,113,4,10,7,1,2,-70,1,1455,16602,50,100,4,0,0 '
Received from ('fd00::200:0:0:9', 8765, 0, 0): b' 827,9,4,768,0,116,2,2,7,1,1,-70,2,1559,16602,50,100,4,0,0 '
Received from ('fd00::200:0:0:e', 8765, 0, 0): b' 828,14,10,1024,0,93,2,4,7,1,1,-52,0,823,10870,43,100,3,0,0 '
Received from ('fd00::200:0:0:1', 5678, 0, 0): b' 828,1,0,256,0,10,0,0,4,0,0,0,10,1479,15065,791,100,2,0,0 '
Received from ('fd00::200:0:0:12', 8765, 0, 0): b' 826,18,15,1280,0,90,2,4,5,1,1,-70,2,360,4263,41,100,2,0,0 '
Received from ('fd00::200:0:0:4', 8765, 0, 0): b' 828,4,1,512,0,100,6,1,7,1,1,-66,6,2748,22134,55,100,3,0,0 '
Received from ('fd00::200:0:0:6', 8765, 0, 0): b' 827,6,3,768,0,100,6,7,7,1,3,-70,0,490,8483,30,100,1,0,0 '
Received from ('fd00::200:0:0:b', 8765, 0, 0): b' 828,11,7,1024,0,117,2,6,7,1,1,-52,0,652,8983,47,100,2,0,0 '
Received from ('fd00::200:0:0:14', 8765, 0, 0): b' 827,20,15,1280,20,80,4,6,7,1,2,-70,2,852,7761,34,100,2,0,0 '
Received from ('fd00::200:0:0:c', 8765, 0, 0): b' 828,12,9,1024,10,49,3,13,7,1,2,-70,0,644,6341,12,100,3,0,0 '
Received from ('fd00::200:0:0:a', 8765, 0, 0): b' 829,10,2,768,20,91,2,4,7,1,1,-95,8,3190,21716,45,100,3,0,0 '
Received from ('fd00::200:0:0:15', 8765, 0, 0): b' 826,21,20,1536,10,79,1,7,5,1,1,-52,0,791,8614,28,100,1,0,0 '
Received from ('fd00::200:0:0:5', 8765, 0, 0): b' 832,5,1,512,0,93,6,1,6,1,1,-94,0,508,10373,55,100,2,0,0 '
Received from ('fd00::200:0:0:8', 8765, 0, 0): b' 832,8,4,768,20,107,4,10,7,1,2,-52,0,514,10972,50,100,2,0,0 '
Received from ('fd00::200:0:0:12', 8765, 0, 0): b' 833,18,15,1280,0,91,2,4,5,1,1,-70,2,422,4305,42,100,1,0,0 '
Received from ('fd00::200:0:0:10', 8765, 0, 0): b' 834,16,15,1280,0,104,5,8,7,1,3,-52,0,809,8395,33,100,4,0,0 '
Received from ('fd00::200:0:0:2', 8765, 0, 0): b' 834,2,1,512,0,103,6,1,6,1,1,-88,9,3443,21938,55,100,2,0,0 '
Received from ('fd00::200:0:0:13', 8765, 0, 0): b' 834,19,15,1280,10,93,3,4,7,1,1,-52,0,637,9038,42,100,3,0,0 '
Received from ('fd00::200:0:0:e', 8765, 0, 0): b' 835,14,10,1024,0,95,2,4,7,1,1,-52,0,492,7283,43,100,2,0,0 '
Received from ('fd00::200:0:0:1', 5678, 0, 0): b' 836,1,0,256,0,10,0,0,4,0,0,0,10,1658,17979,798,100,1,0,0 '
Received from ('fd00::200:0:0:3', 8765, 0, 0): b' 835,3,1,512,0,109,6,1,7,1,2,-64,1,1360,16433,52,100,2,0,0 '
Received from ('fd00::200:0:0:f', 8765, 0, 0): b' 836,15,10,1024,20,106,2,12,7,1,1,-70,6,3388,31480,43,100,3,0,0 '
Received from ('fd00::200:0:0:b', 8765, 0, 0): b' 836,11,7,1024,0,121,2,6,7,1,1,-52,0,876,10368,48,100,4,0,0 '
Received from ('fd00::200:0:0:4', 8765, 0, 0): b' 837,4,1,512,40,101,6,1,7,1,1,-66,7,2202,20894,56,100,1,0,0 '
Received from ('fd00::200:0:0:8', 8765, 0, 0): b' 836,8,4,768,10,108,4,10,7,1,2,-52,0,468,5476,50,100,2,0,0 '
Received from ('fd00::200:0:0:7', 8765, 0, 0): b' 837,7,4,768,0,115,4,10,7,1,2,-70,1,1301,15864,51,100,2,0,0 '
Received from ('fd00::200:0:0:6', 8765, 0, 0): b' 837,6,3,768,0,104,6,7,7,1,3,-70,0,885,9800,31,100,2,0,0 '
Received from ('fd00::200:0:0:a', 8765, 0, 0): b' 838,10,2,768,0,93,2,4,7,1,1,-95,8,2399,20524,45,100,3,0,0 '
Received from ('fd00::200:0:0:9', 8765, 0, 0): b' 838,9,4,768,0,118,2,2,7,1,1,-70,3,1279,17269,51,100,1,0,0 '
Received from ('fd00::200:0:0:15', 8765, 0, 0): b' 836,21,20,1536,0,81,2,7,5,1,1,-52,0,893,10098,29,100,3,0,0 '
Received from ('fd00::200:0:0:14', 8765, 0, 0): b' 839,20,15,1280,0,85,4,6,7,1,2,-70,2,1705,17203,35,100,4,0,0 '
Received from ('fd00::200:0:0:c', 8765, 0, 0): b' 839,12,9,1024,0,57,3,13,7,1,2,-70,1,1489,12608,13,100,4,0,0 '
Received from ('fd00::200:0:0:1', 5678, 0, 0): b' 840,1,0,256,0,10,0,0,4,0,0,0,10,1220,10430,806,100,1,0,0 '
Received from ('fd00::200:0:0:12', 8765, 0, 0): b' 840,18,15,1280,0,94,2,4,5,1,1,-70,2,622,7354,42,100,2,0,0 '
Received from ('fd00::200:0:0:4', 8765, 0, 0): b' 842,4,1,512,0,102,6,1,7,1,1,-66,7,1590,12114,56,100,1,0,0 '
Received from ('fd00::200:0:0:2', 8765, 0, 0): b' 842,2,1,512,0,104,6,1,6,1,1,-88,9,2653,15858,56,100,2,0,0 '
Received from ('fd00::200:0:0:9', 8765, 0, 0): b' 842,9,4,768,0,120,2,2,7,1,1,-70,3,803,7364,51,100,1,0,0 '
Received from ('fd00::200:0:0:10', 8765, 0, 0): b' 842,16,15,1280,20,106,5,8,7,1,3,-52,0,619,8950,34,100,2,0,0 '
Received from ('fd00::200:0:0:3', 8765, 0, 0): b' 843,3,1,512,0,109,6,1,7,1,2,-64,1,709,10843,52,100,1,0,0 '
Received from ('fd00::200:0:0:5', 8765, 0, 0): b' 843,5,1,512,0,97,6,1,6,1,1,-94,0,1023,14125,56,100,2,0,0 '
Received from ('fd00::200:0:0:a', 8765, 0, 0): b' 842,10,2,768,10,95,2,4,7,1,1,-95,8,1645,10178,46,100,1,0,0 '
Received from ('fd00::200:0:0:15', 8765, 0, 0): b' 840,21,20,1536,0,81,2,7,5,1,1,-52,0,260,3836,29,100,1,0,0 '
Received from ('fd00::200:0:0:14', 8765, 0, 0): b' 843,20,15,1280,0,86,4,6,7,1,2,-70,2,575,6480,35,100,1,0,0 '
Received from ('fd00::200:0:0:b', 8765, 0, 0): b' 843,11,7,1024,0,124,2,6,7,1,1,-52,0,526,9138,48,100,1,0,0 '
Received from ('fd00::200:0:0:f', 8765, 0, 0): b' 844,15,10,1024,0,107,2,13,7,1,1,-70,6,2708,21772,44,100,3,0,0 '
Received from ('fd00::200:0:0:13', 8765, 0, 0): b' 844,19,15,1280,0,96,3,4,7,1,1,-52,0,804,9576,43,100,3,0,0 '
Received from ('fd00::200:0:0:8', 8765, 0, 0): b' 845,8,4,768,0,113,4,10,7,1,2,-52,0,1041,12141,51,100,3,0,0 '
Received from ('fd00::200:0:0:1', 5678, 0, 0): b' 847,1,0,256,0,10,0,0,4,0,0,0,10,1427,16082,811,100,1,0,0 '
Received from ('fd00::200:0:0:4', 8765, 0, 0): b' 847,4,1,512,10,104,6,1,7,1,1,-66,7,1558,12961,56,100,1,0,0 '
Received from ('fd00::200:0:0:12', 8765, 0, 0): b' 846,18,15,1280,0,96,2,4,5,1,1,-70,2,553,6942,43,100,1,0,0 '
Received from ('fd00::200:0:0:7', 8765, 0, 0): b' 848,7,4,768,0,120,4,10,7,1,2,-70,1,1333,17116,51,100,3,0,0 '
Received from ('fd00::200:0:0:e', 8765, 0, 0): b' 846,14,10,1024,0,99,2,4,7,1,1,-52,0,924,11414,44,100,4,0,0 '
Received from ('fd00::200:0:0:c', 8765, 0, 0): b' 847,12,9,1024,0,59,3,13,7,1,2,-70,1,680,7950,13,100,3,0,0 '
Received from ('fd00::200:0:0:6', 8765, 0, 0): b' 847,6,3,768,10,109,6,7,7,1,3,-70,0,960,10625,31,100,2,0,0 '
Received from ('fd00::200:0:0:f', 8765, 0, 0): b' 848,15,10,1024,0,108,2,13,7,1,1,-70,6,1110,10959,44,100,2,0,0 '
Received from ('fd00::200:0:0:3', 8765, 0, 0): b' 848,3,1,512,0,110,6,1,7,1,2,-64,1,755,9659,53,100,1,0,0 '
Received from ('fd00::200:0:0:b', 8765, 0, 0): b' 849,11,7,1024,0,125,2,6,7,1,1,-52,0,491,6795,48,100,2,0,0 '
Received from ('fd00::200:0:0:13', 8765, 0, 0): b' 848,19,15,1280,0,96,3,4,7,1,1,-52,0,367,5295,43,100,1,0,0 '
Received from ('fd00::200:0:0:10', 8765, 0, 0): b' 849,16,15,1280,0,108,5,9,7,1,3,-52,0,667,7580,34,100,3,0,0 '
Received from ('fd00::200:0:0:8', 8765, 0, 0): b' 850,8,4,768,0,115,4,10,7,1,2,-52,0,498,6473,51,100,1,0,0 '
Received from ('fd00::200:0:0:15', 8765, 0, 0): b' 848,21,20,1536,0,84,2,7,5,1,1,-52,0,622,7725,29,100,2,0,0 '
Received from ('fd00::200:0:0:5', 8765, 0, 0): b' 851,5,1,512,0,98,6,1,6,1,1,-94,0,558,10351,57,100,1,0,0 '
Received from ('fd00::200:0:0:f', 8765, 0, 0): b' 852,15,10,1024,10,108,2,13,7,1,1,-70,6,1147,10606,44,100,1,0,0 '
Received from ('fd00::200:0:0:9', 8765, 0, 0): b' 851,9,4,768,0,122,2,2,7,1,1,-70,3,1215,14955,52,100,2,0,0 '
Received from ('fd00::200:0:0:14', 8765, 0, 0): b' 853,20,15,1280,0,89,4,6,7,1,2,-70,2,1118,14966,36,100,3,0,0 '
Received from ('fd00::200:0:0:4', 8765, 0, 0): b' 853,4,1,512,20,108,6,1,7,1,1,-66,7,2401,16531,57,100,1,0,0 '
Received from ('fd00::200:0:0:2', 8765, 0, 0): b' 854,2,1,512,10,107,6,1,6,1,1,-88,9,3577,23302,57,100,2,0,0 '
Received from ('fd00::200:0:0:a', 8765, 0, 0): b' 853,10,2,768,0,98,2,4,7,1,1,-95,8,3118,23108,46,100,2,0,0 '
Received from ('fd00::200:0:0:11', 8765, 0, 0): b' 824,17,12,1408,70,88,4,6,7,0,2,-70,0,505,7935,34,100,3,0,0 '
Received from ('fd00::200:0:0:1', 5678, 0, 0): b' 854,1,0,256,0,10,0,0,4,0,0,0,10,2025,18776,822,100,1,0,0 '
Received from ('fd00::200:0:0:11', 8765, 0, 0): b' 837,17,12,1408,60,94,4,6,7,0,2,-70,0,1304,10313,34,100,5,0,0 '
Received from ('fd00::200:0:0:c', 8765, 0, 0): b' 855,12,9,1024,40,63,3,13,7,1,2,-70,1,1547,9851,14,100,1,0,0 '
Received from ('fd00::200:0:0:e', 8765, 0, 0): b' 853,14,10,1024,0,100,2,4,7,1,1,-52,0,415,6972,44,100,1,0,0 '
Received from ('fd00::200:0:0:7', 8765, 0, 0): b' 855,7,4,768,0,121,4,10,7,1,2,-70,1,1149,12312,52,100,2,0,0 '
Received from ('fd00::200:0:0:11', 8765, 0, 0): b' 842,17,12,1408,70,94,4,6,7,0,2,-70,0,307,4187,35,100,1,0,0 '
Received from ('fd00::200:0:0:12', 8765, 0, 0): b' 857,18,15,1280,0,101,2,4,5,1,1,-70,2,957,9486,43,100,3,0,0 '
Received from ('fd00::200:0:0:11', 8765, 0, 0): b' 846,17,12,1408,80,95,4,6,7,0,2,-70,0,240,3358,35,100,2,0,0 '
Received from ('fd00::200:0:0:6', 8765, 0, 0): b' 856,6,3,768,0,112,6,7,7,1,3,-70,0,805,8986,32,100,2,0,0 '
Received from ('fd00::200:0:0:10', 8765, 0, 0): b' 857,16,15,1280,0,108,5,9,7,1,3,-52,0,405,7163,34,100,2,0,0 '
Received from ('fd00::200:0:0:8', 8765, 0, 0): b' 857,8,4,768,0,117,4,10,7,1,2,-52,0,574,8489,52,100,2,0,0 '
Received from ('fd00::200:0:0:3', 8765, 0, 0): b' 857,3,1,512,0,113,6,1,7,1,2,-64,1,1180,13734,53,100,2,0,0 '
Received from ('fd00::200:0:0:11', 8765, 0, 0): b' 857,17,12,1280,0,97,4,6,7,1,2,-70,0,1757,12418,36,100,3,0,0 '
Received from ('fd00::200:0:0:9', 8765, 0, 0): b' 858,9,4,768,0,124,2,2,7,1,1,-70,3,2202,14205,52,100,1,0,0 '
Received from ('fd00::200:0:0:f', 8765, 0, 0): b' 859,15,10,1024,0,110,2,13,7,1,1,-70,6,1914,18249,45,100,2,0,0 '
Received from ('fd00::200:0:0:13', 8765, 0, 0): b' 860,19,15,1280,0,99,3,4,7,1,1,-52,0,925,10625,44,100,3,0,0 '
Received from ('fd00::200:0:0:b', 8765, 0, 0): b' 860,11,7,1024,0,132,2,6,7,1,1,-52,0,1261,14363,49,100,2,0,0 '
Received from ('fd00::200:0:0:2', 8765, 0, 0): b' 861,2,1,512,10,110,6,1,6,1,1,-88,9,2448,14754,57,100,1,0,0 '
Received from ('fd00::200:0:0:15', 8765, 0, 0): b' 860,21,20,1536,0,87,2,7,5,1,1,-52,0,823,10605,30,100,3,0,0 '
Received from ('fd00::200:0:0:5', 8765, 0, 0): b' 862,5,1,512,0,103,6,1,6,1,1,-94,0,978,13964,57,100,3,0,0 '
Received from ('fd00::200:0:0:7', 8765, 0, 0): b' 864,7,4,768,0,126,4,10,7,1,2,-70,1,1193,13661,52,100,1,0,0 '
Received from ('fd00::200:0:0:1', 5678, 0, 0): b' 863,1,0,256,0,10,0,0,4,0,0,0,10,2332,22820,833,100,2,0,0 '
Received from ('fd00::200:0:0:e', 8765, 0, 0): b' 863,14,10,1024,0,102,2,4,7,1,1,-52,0,693,8464,45,100,3,0,0 '
Received from ('fd00::200:0:0:4', 8765, 0, 0): b' 864,4,1,512,10,111,6,1,7,1,1,-66,7,3830,28221,57,100,2,0,0 '
Received from ('fd00::200:0:0:a', 8765, 0, 0): b' 864,10,2,768,10,101,2,4,7,1,1,-95,8,2901,23150,47,100,2,0,0 '
Received from ('fd00::200:0:0:6', 8765, 0, 0): b' 864,6,3,768,0,114,6,7,7,1,3,-70,0,518,7160,32,100,1,0,0 '
Received from ('fd00::200:0:0:b', 8765, 0, 0): b' 864,11,7,1024,10,133,2,6,7,1,1,-52,0,362,4868,49,100,2,0,0 '
Received from ('fd00::200:0:0:12', 8765, 0, 0): b' 864,18,15,1280,0,102,2,4,5,1,1,-70,2,471,6849,44,100,1,0,0 '
Received from ('fd00::200:0:0:11', 8765, 0, 0): b' 864,17,12,1280,0,99,4,6,7,1,2,-70,0,517,6546,36,100,2,0,0 '
Received from ('fd00::200:0:0:c', 8765, 0, 0): b' 866,12,9,1024,0,67,3,13,7,1,2,-70,1,1811,14792,14,100,3,0,0 '
Received from ('fd00::200:0:0:10', 8765, 0, 0): b' 865,16,15,1280,0,108,5,9,7,1,3,-52,0,364,7174,35,100,1,0,0 '
Received from ('fd00::200:0:0:14', 8765, 0, 0): b' 865,20,15,1280,0,92,4,6,7,1,2,-70,2,1266,17984,36,100,3,0,0 '
Received from ('fd00::200:0:0:13', 8765, 0, 0): b' 867,19,15,1280,0,100,3,4,7,1,1,-52,0,544,6238,45,100,2,0,0 '
Received from ('fd00::200:0:0:3', 8765, 0, 0): b' 867,3,1,512,0,114,6,1,7,1,2,-64,1,955,14389,54,100,2,0,0 '
Received from ('fd00::200:0:0:8', 8765, 0, 0): b' 867,8,4,768,0,122,4,10,7,1,2,-52,0,1046,12973,53,100,2,0,0 '
Received from ('fd00::200:0:0:9', 8765, 0, 0): b' 868,9,4,768,0,127,2,2,7,1,1,-70,3,1474,15295,53,100,2,0,0 '
Received from ('fd00::200:0:0:5', 8765, 0, 0): b' 868,5,1,512,0,105,6,1,6,1,1,-94,0,547,7009,58,100,1,0,0 '
Received from ('fd00::200:0:0:15', 8765, 0, 0): b' 867,21,20,1536,10,89,2,7,5,1,1,-52,0,474,5838,30,100,1,0,0 '
Received from ('fd00::200:0:0:12', 8765, 0, 0): b' 868,18,15,1280,0,102,2,4,5,1,1,-70,2,260,4000,44,100,1,0,0 '
Received from ('fd00::200:0:0:a', 8765, 0, 0): b' 868,10,2,768,0,102,2,4,7,1,1,-95,8,1579,9733,47,100,1,0,0 '
Received from ('fd00::200:0:0:2', 8765, 0, 0): b' 869,2,1,512,10,113,6,1,6,1,1,-88,9,2636,16168,58,100,2,0,0 '
Received from ('fd00::200:0:0:e', 8765, 0, 0): b' 868,14,10,1024,0,102,2,4,7,1,1,-52,0,260,4917,45,100,1,0,0 '
Received from ('fd00::200:0:0:4', 8765, 0, 0): b' 870,4,1,512,0,112,6,1,7,1,1,-66,7,2433,17330,58,100,2,0,0 '
Received from ('fd00::200:0:0:7', 8765, 0, 0): b' 871,7,4,768,0,127,4,10,7,1,2,-70,1,1122,11762,53,100,2,0,0 '
Received from ('fd00::200:0:0:f', 8765, 0, 0): b' 870,15,10,1024,0,113,2,13,7,1,1,-70,6,3173,30746,46,100,2,0,0 '
Received from ('fd00::200:0:0:1', 5678, 0, 0): b' 872,1,0,256,0,10,0,0,4,0,0,0,10,2544,22707,848,100,2,0,0 '
Received from ('fd00::200:0:0:5', 8765, 0, 0): b' 872,5,1,512,10,108,6,1,6,1,1,-94,0,577,5446,58,100,1,0,0 '
Received from ('fd00::200:0:0:9', 8765, 0, 0): b' 873,9,4,768,0,128,2,2,7,1,1,-70,3,762,8140,53,100,1,0,0 '
Received from ('fd00::200:0:0:14', 8765, 0, 0): b' 873,20,15,1280,0,94,4,6,7,1,2,-70,2,1050,13532,37,100,1,0,0 '
Received from ('fd00::200:0:0:a', 8765, 0, 0): b' 874,10,2,768,0,102,2,4,7,1,1,-95,8,1511,12189,48,100,1,0,0 '
Received from ('fd00::200:0:0:3', 8765, 0, 0): b' 874,3,1,512,0,115,6,1,7,1,2,-64,1,614,10506,54,100,1,0,0 '
Received from ('fd00::200:0:0:e', 8765, 0, 0): b' 873,14,10,1024,0,103,2,4,7,1,1,-52,0,447,5324,46,100,1,0,0 '
Received from ('fd00::200:0:0:13', 8765, 0, 0): b' 874,19,15,1280,0,102,3,4,7,1,1,-52,0,522,7630,45,100,1,0,0 '
Received from ('fd00::200:0:0:11', 8765, 0, 0): b' 876,17,12,1280,0,102,4,6,7,1,2,-70,0,805,10155,37,100,2,0,0 '
Received from ('fd00::200:0:0:10', 8765, 0, 0): b' 874,16,15,1280,10,110,5,9,7,1,3,-52,0,592,9778,36,100,2,0,0 '
Received from ('fd00::200:0:0:c', 8765, 0, 0): b' 876,12,9,1024,0,69,3,13,7,1,2,-70,1,1241,13315,15,100,2,0,0 '
Received from ('fd00::200:0:0:6', 8765, 0, 0): b' 875,6,3,768,0,116,6,7,7,1,3,-70,0,719,10933,33,100,2,0,0 '
Received from ('fd00::200:0:0:15', 8765, 0, 0): b' 875,21,20,1536,0,91,2,7,5,1,1,-52,0,675,7088,31,100,2,0,0 '
Received from ('fd00::200:0:0:b', 8765, 0, 0): b' 875,11,7,1024,0,139,2,6,7,1,1,-52,0,1179,14624,50,100,2,0,0 '
Received from ('fd00::200:0:0:8', 8765, 0, 0): b' 877,8,4,768,0,125,4,10,7,1,2,-52,0,750,11265,53,100,2,0,0 '
Received from ('fd00::200:0:0:f', 8765, 0, 0): b' 876,15,10,1024,0,114,2,13,7,1,1,-70,5,1887,17588,46,100,1,0,0 '
Received from ('fd00::200:0:0:12', 8765, 0, 0): b' 877,18,15,1280,10,105,2,4,5,1,1,-70,2,776,8581,45,100,3,0,0 '
Received from ('fd00::200:0:0:1', 5678, 0, 0): b' 878,1,0,256,0,10,0,0,4,0,0,0,10,1087,13089,852,100,1,0,0 '
Received from ('fd00::200:0:0:4', 8765, 0, 0): b' 879,4,1,512,0,114,6,1,7,1,1,-66,7,2163,19354,58,100,1,0,0 '
Received from ('fd00::200:0:0:2', 8765, 0, 0): b' 879,2,1,512,10,114,6,1,6,1,1,-88,8,2958,19732,58,100,1,0,0 '
Received from ('fd00::200:0:0:e', 8765, 0, 0): b' 877,14,10,1024,0,105,2,4,7,1,1,-52,0,474,4156,46,100,1,0,0 '
Received from ('fd00::200:0:0:c', 8765, 0, 0): b' 880,12,9,1024,0,69,3,13,7,1,2,-70,1,249,5109,15,100,0,0,0 '
Received from ('fd00::200:0:0:13', 8765, 0, 0): b' 878,19,15,1280,10,103,3,4,7,1,1,-52,0,367,4266,45,100,1,0,0 '
Received from ('fd00::200:0:0:10', 8765, 0, 0): b' 880,16,15,1280,0,113,5,9,7,1,3,-52,0,707,5977,36,100,2,0,0 '
Received from ('fd00::200:0:0:12', 8765, 0, 0): b' 881,18,15,1280,0,106,2,4,5,1,1,-70,2,392,4236,45,100,1,0,0 '
Received from ('fd00::200:0:0:9', 8765, 0, 0): b' 882,9,4,768,0,132,2,2,7,1,1,-70,3,1868,15982,54,100,2,0,0 '
Received from ('fd00::200:0:0:3', 8765, 0, 0): b' 882,3,1,512,0,118,6,1,7,1,2,-64,1,1061,12954,55,100,2,0,0 '
Received from ('fd00::200:0:0:a', 8765, 0, 0): b' 882,10,2,768,10,105,2,4,7,1,1,-95,7,2912,18890,48,100,2,0,0 '
Received from ('fd00::200:0:0:7', 8765, 0, 0): b' 883,7,4,768,0,132,4,10,7,1,2,-70,1,1683,19383,54,100,2,0,0 '
Received from ('fd00::200:0:0:1', 5678, 0, 0): b' 883,1,0,256,0,10,0,0,4,0,0,0,10,1631,13787,862,100,1,0,0 '
Received from ('fd00::200:0:0:15', 8765, 0, 0): b' 882,21,20,1536,0,93,2,7,5,1,1,-52,0,605,7279,31,100,1,0,0 '
Received from ('fd00::200:0:0:5', 8765, 0, 0): b' 884,5,1,512,0,112,6,1,6,1,1,-94,0,948,14299,59,100,3,0,0 '
Received from ('fd00::200:0:0:14', 8765, 0, 0): b' 882,20,15,1280,20,98,4,6,7,1,2,-70,1,1329,15314,38,100,3,0,0 '
Received from ('fd00::200:0:0:f', 8765, 0, 0): b' 883,15,10,1024,10,115,2,13,7,1,1,-70,5,2136,18706,46,100,1,0,0 '
Received from ('fd00::200:0:0:6', 8765, 0, 0): b' 884,6,3,768,0,116,6,7,7,1,3,-70,0,459,7996,34,100,2,0,0 '
Received from ('fd00::200:0:0:11', 8765, 0, 0): b' 886,17,12,1280,0,106,4,6,7,1,2,-70,0,908,9943,38,100,3,0,0 '
Received from ('fd00::200:0:0:4', 8765, 0, 0): b' 885,4,1,512,0,115,6,1,7,1,1,-66,7,2416,20248,59,100,2,0,0 '
Received from ('fd00::200:0:0:b', 8765, 0, 0): b' 886,11,7,1024,0,142,2,6,7,1,1,-52,0,853,14098,51,100,3,0,0 '
Received from ('fd00::200:0:0:e', 8765, 0, 0): b' 886,14,10,1024,0,105,2,4,7,1,1,-52,0,364,7773,47,100,1,0,0 '
Received from ('fd00::200:0:0:8', 8765, 0, 0): b' 888,8,4,768,0,127,4,10,7,1,2,-52,0,720,13438,54,100,3,0,0 '
Received from ('fd00::200:0:0:a', 8765, 0, 0): b' 887,10,2,768,10,105,2,4,7,1,1,-95,7,1499,10953,49,100,1,0,0 '
Received from ('fd00::200:0:0:15', 8765, 0, 0): b' 887,21,20,1536,10,95,2,7,5,1,1,-52,0,566,5462,32,100,2,0,0 '
Received from ('fd00::200:0:0:7', 8765, 0, 0): b' 888,7,4,768,0,134,4,10,7,1,2,-70,1,762,9387,54,100,1,0,0 '
Received from ('fd00::200:0:0:d', 8765, 0, 0): b' 850,13,9,1152,70,33,2,12,7,0,1,-52,0,875,8879,8,100,4,0,0 '
Received from ('fd00::200:0:0:1', 5678, 0, 0): b' 889,1,0,256,0,10,0,0,4,0,0,0,10,1125,11970,869,100,1,0,0 '
Received from ('fd00::200:0:0:14', 8765, 0, 0): b' 888,20,15,1280,0,99,4,6,7,1,2,-70,1,910,9449,38,100,1,0,0 '
Received from ('fd00::200:0:0:d', 8765, 0, 0): b' 860,13,9,1152,80,35,2,12,7,0,1,-52,0,773,9380,9,100,4,0,0 '
Received from ('fd00::200:0:0:d', 8765, 0, 0): b' 865,13,9,1152,80,35,2,12,7,0,1,-52,0,145,3761,9,100,1,0,0 '
Received from ('fd00::200:0:0:10', 8765, 0, 0): b' 889,16,15,1280,10,116,5,9,7,1,3,-52,0,776,9183,37,100,3,0,0 '
Received from ('fd00::200:0:0:2', 8765, 0, 0): b' 889,2,1,512,0,116,6,1,6,1,1,-88,8,3887,23492,59,100,3,0,0 '
Received from ('fd00::200:0:0:3', 8765, 0, 0): b' 890,3,1,512,0,123,6,1,7,1,2,-64,1,1216,13600,55,100,1,0,0 '
Received from ('fd00::200:0:0:d', 8765, 0, 0): b' 871,13,9,1152,80,36,2,12,7,0,1,-52,0,276,5118,10,100,1,0,0 '
Received from ('fd00::200:0:0:13', 8765, 0, 0): b' 890,19,15,1280,0,107,3,4,7,1,1,-52,0,932,11633,46,100,3,0,0 '
Received from ('fd00::200:0:0:c', 8765, 0, 0): b' 890,12,9,1024,0,72,3,13,7,1,2,-70,1,1240,13866,16,100,3,0,0 '
Received from ('fd00::200:0:0:4', 8765, 0, 0): b' 891,4,1,512,30,115,6,1,7,1,1,-66,7,2286,15090,59,100,1,0,0 '
Received from ('fd00::200:0:0:12', 8765, 0, 0): b' 891,18,15,1280,10,111,2,4,5,1,1,-70,2,816,9959,46,100,1,0,0 '
Received from ('fd00::200:0:0:d', 8765, 0, 0): b' 878,13,9,1152,90,36,2,12,7,0,1,-52,0,314,6476,10,100,2,0,0 '
Received from ('fd00::200:0:0:d', 8765, 0, 0): b' 888,13,9,1024,80,39,2,13,7,1,1,-52,0,1165,9860,11,100,4,0,0 '
Received from ('fd00::200:0:0:f', 8765, 0, 0): b' 892,15,10,1024,10,117,2,13,7,1,1,-70,5,2400,23572,47,100,2,0,0 '
Received from ('fd00::200:0:0:7', 8765, 0, 0): b' 890,7,4,768,0,136,4,10,7,1,2,-70,1,528,6358,54,100,1,0,0 '
Received from ('fd00::200:0:0:9', 8765, 0, 0): b' 891,9,4,768,0,136,2,2,7,1,1,-70,3,3218,22981,55,100,3,0,0 '
Received from ('fd00::200:0:0:1', 5678, 0, 0): b' 894,1,0,256,0,10,0,0,4,0,0,0,10,1382,13589,875,100,1,0,0 '
Received from ('fd00::200:0:0:8', 8765, 0, 0): b' 892,8,4,768,0,130,4,10,7,1,2,-52,0,598,7607,54,100,2,0,0 '
Received from ('fd00::200:0:0:6', 8765, 0, 0): b' 893,6,3,768,10,118,6,7,7,1,3,-70,0,518,9156,34,100,1,0,0 '
Received from ('fd00::200:0:0:11', 8765, 0, 0): b' 895,17,12,1280,0,110,4,6,7,1,2,-70,0,730,8070,38,100,2,0,0 '
Received from ('fd00::200:0:0:c', 8765, 0, 0): b' 896,12,9,1024,0,74,3,13,7,1,2,-70,1,814,7367,16,100,2,0,0 '
Received from ('fd00::200:0:0:5', 8765, 0, 0): b' 896,5,1,512,0,115,6,1,6,1,1,-94,0,841,14449,60,100,3,0,0 '
Received from ('fd00::200:0:0:3', 8765, 0, 0): b' 896,3,1,512,0,124,6,1,7,1,2,-64,1,797,9453,56,100,1,0,0 '
Received from ('fd00::200:0:0:a', 8765, 0, 0): b' 895,10,2,768,0,107,2,4,7,1,1,-95,7,2166,19883,49,100,1,0,0 '
Received from ('fd00::200:0:0:d', 8765, 0, 0): b' 897,13,9,1024,10,46,2,13,7,1,1,-52,0,2036,11399,12,100,5,0,0 '
Received from ('fd00::200:0:0:e', 8765, 0, 0): b' 897,14,10,1024,0,108,2,4,7,1,1,-52,0,744,9897,47,100,3,0,0 '
Received from ('fd00::200:0:0:b', 8765, 0, 0): b' 898,11,7,1024,0,144,2,6,7,1,1,-52,0,745,14365,52,100,3,0,0 '
Received from ('fd00::200:0:0:15', 8765, 0, 0): b' 897,21,20,1536,0,99,2,7,5,1,1,-52,0,934,9500,32,100,3,0,0 '
Received from ('fd00::200:0:0:14', 8765, 0, 0): b' 897,20,15,1280,0,101,4,6,7,1,2,-70,1,1022,14697,39,100,2,0,0 '
Received from ('fd00::200:0:0:9', 8765, 0, 0): b' 898,9,4,768,20,141,2,2,7,1,1,-70,3,1726,12723,55,100,2,0,0 '
Received from ('fd00::200:0:0:4', 8765, 0, 0): b' 899,4,1,512,10,116,6,1,7,1,1,-66,7,3204,21352,60,100,1,0,0 '
Received from ('fd00::200:0:0:2', 8765, 0, 0): b' 900,2,1,512,20,121,6,1,6,1,1,-88,8,2863,20170,60,100,1,0,0 '
Received from ('fd00::200:0:0:10', 8765, 0, 0): b' 900,16,15,1280,0,120,5,10,7,1,3,-52,0,904,10431,37,100,4,0,0 '
Received from ('fd00::200:0:0:11', 8765, 0, 0): b' 903,17,12,1280,0,112,4,6,7,1,2,-70,0,879,8159,39,100,3,0,0 '
Received from ('fd00::200:0:0:f', 8765, 0, 0): b' 901,15,10,1024,0,119,2,13,7,1,1,-70,5,2340,22687,48,100,2,0,0 '
Received from ('fd00::200:0:0:7', 8765, 0, 0): b' 901,7,4,768,0,137,4,10,7,1,2,-70,1,968,14656,55,100,1,0,0 '
Received from ('fd00::200:0:0:12', 8765, 0, 0): b' 901,18,15,1280,0,117,2,4,5,1,1,-70,2,1072,10337,46,100,2,0,0 '
Received from ('fd00::200:0:0:13', 8765, 0, 0): b' 901,19,15,1280,0,109,3,4,7,1,1,-52,0,724,10588,47,100,2,0,0 '
Received from ('fd00::200:0:0:b', 8765, 0, 0): b' 903,11,7,1024,0,144,2,6,7,1,1,-52,0,260,5993,52,100,1,0,0 '
Received from ('fd00::200:0:0:6', 8765, 0, 0): b' 903,6,3,768,0,119,6,7,7,1,3,-70,0,656,8986,35,100,2,0,0 '
Received from ('fd00::200:0:0:1', 5678, 0, 0): b' 904,1,0,256,0,10,0,0,4,0,0,0,10,2475,24081,892,100,2,0,0 '
Received from ('fd00::200:0:0:8', 8765, 0, 0): b' 904,8,4,768,0,133,4,10,7,1,2,-52,0,963,15063,55,100,3,0,0 '
Received from ('fd00::200:0:0:15', 8765, 0, 0): b' 905,21,20,1536,0,100,2,7,5,1,1,-52,0,494,8432,33,100,1,0,0 '
Received from ('fd00::200:0:0:4', 8765, 0, 0): b' 905,4,1,512,10,118,6,1,7,1,1,-66,7,1526,13562,60,100,1,0,0 '
Received from ('fd00::200:0:0:14', 8765, 0, 0): b' 905,20,15,1280,0,102,4,6,7,1,2,-70,1,802,12068,39,100,1,0,0 '
Received from ('fd00::200:0:0:7', 8765, 0, 0): b' 906,7,4,768,0,137,4,10,7,1,2,-70,1,576,7710,55,100,1,0,0 '
Received from ('fd00::200:0:0:e', 8765, 0, 0): b' 905,14,10,1024,10,111,2,4,7,1,1,-52,0,685,8421,48,100,1,0,0 '
Received from ('fd00::200:0:0:c', 8765, 0, 0): b' 907,12,9,1024,0,77,3,13,7,1,2,-70,1,1363,15030,17,100,4,0,0 '
Received from ('fd00::200:0:0:5', 8765, 0, 0): b' 907,5,1,512,0,119,6,1,6,1,1,-94,0,873,13698,60,100,3,0,0 '
Received from ('fd00::200:0:0:d', 8765, 0, 0): b' 908,13,9,1024,0,51,2,13,7,1,1,-52,0,990,10431,12,100,2,0,0 '
Received from ('fd00::200:0:0:3', 8765, 0, 0): b' 907,3,1,512,0,125,6,1,7,1,2,-64,1,1089,17641,57,100,2,0,0 '
Received from ('fd00::200:0:0:a', 8765, 0, 0): b' 907,10,2,768,0,112,2,4,7,1,1,-95,7,3781,25617,50,100,2,0,0 '
Received from ('fd00::200:0:0:b', 8765, 0, 0): b' 908,11,7,1024,10,147,2,6,7,1,1,-52,0,497,6521,52,100,1,0,0 '
Received from ('fd00::200:0:0:11', 8765, 0, 0): b' 910,17,12,1280,0,113,4,6,7,1,2,-70,0,409,6531,39,100,2,0,0 '
Received from ('fd00::200:0:0:9', 8765, 0, 0): b' 909,9,4,768,0,145,2,2,7,1,1,-70,3,2210,21511,56,100,2,0,0 '
Received from ('fd00::200:0:0:10', 8765, 0, 0): b' 909,16,15,1280,0,123,5,10,7,1,3,-52,0,681,9115,38,100,2,0,0 '
Received from ('fd00::200:0:0:12', 8765, 0, 0): b' 910,18,15,1280,0,120,2,4,5,1,1,-70,2,784,8899,47,100,2,0,0 '
Received from ('fd00::200:0:0:14', 8765, 0, 0): b' 910,20,15,1280,0,102,4,6,7,1,2,-70,1,494,7943,39,100,2,0,0 '
Received from ('fd00::200:0:0:1', 5678, 0, 0): b' 912,1,0,256,0,10,0,0,4,0,0,0,10,1912,19040,902,100,1,0,0 '
Received from ('fd00::200:0:0:c', 8765, 0, 0): b' 911,12,9,1024,0,78,3,13,7,1,2,-70,1,604,6979,17,100,1,0,0 '
Received from ('fd00::200:0:0:13', 8765, 0, 0): b' 912,19,15,1280,0,114,3,4,7,1,1,-52,0,1021,10766,48,100,2,0,0 '
Received from ('fd00::200:0:0:2', 8765, 0, 0): b' 912,2,1,512,20,123,6,1,6,1,1,-88,8,3498,23100,61,100,3,0,0 '
Received from ('fd00::200:0:0:d', 8765, 0, 0): b' 912,13,9,1024,0,52,2,13,7,1,1,-52,0,423,5560,13,100,1,0,0 '
Received from ('fd00::200:0:0:f', 8765, 0, 0): b' 911,15,10,1024,0,120,2,13,7,1,1,-70,5,3085,29684,48,100,2,0,0 '
Received from ('fd00::200:0:0:6', 8765, 0, 0): b' 913,6,3,768,10,125,6,7,7,1,3,-70,0,1016,10489,36,100,2,0,0 '
Received from ('fd00::200:0:0:e', 8765, 0, 0): b' 912,14,10,1024,0,114,2,4,7,1,1,-52,0,751,8457,48,100,2,0,0 '
Received from ('fd00::200:0:0:4', 8765, 0, 0): b' 914,4,1,512,0,119,6,1,7,1,1,-66,7,3333,25288,61,100,2,0,0 '
Received from ('fd00::200:0:0:8', 8765, 0, 0): b' 914,8,4,768,0,136,4,10,7,1,2,-52,0,833,12967,56,100,2,0,0 '
Received from ('fd00::200:0:0:11', 8765, 0, 0): b' 916,17,12,1280,10,116,4,6,7,1,2,-70,0,605,6340,40,100,1,0,0 '
Received from ('fd00::200:0:0:15', 8765, 0, 0): b' 915,21,20,1536,0,103,2,7,5,1,1,-52,0,800,9659,34,100,3,0,0 '
Received from ('fd00::200:0:0:b', 8765, 0, 0): b' 915,11,7,1024,10,152,2,6,7,1,1,-52,0,897,9422,53,100,2,0,0 '
Received from ('fd00::200:0:0:c', 8765, 0, 0): b' 915,12,9,1024,0,80,3,13,7,1,2,-70,1,871,7261,18,100,0,0,0 '
Received from ('fd00::200:0:0:5', 8765, 0, 0): b' 917,5,1,512,0,120,6,1,6,1,1,-94,0,609,11841,61,100,2,0,0 '
Received from ('fd00::200:0:0:9', 8765, 0, 0): b' 917,9,4,768,0,146,2,2,7,1,1,-70,3,1584,15084,56,100,1,0,0 '
Received from ('fd00::200:0:0:f', 8765, 0, 0): b' 916,15,10,1024,10,121,2,13,7,1,1,-70,5,1354,13755,49,100,1,0,0 '
Received from ('fd00::200:0:0:7', 8765, 0, 0): b' 917,7,4,768,0,140,4,10,7,1,2,-70,1,1646,19071,56,100,2,0,0 '
Received from ('fd00::200:0:0:3', 8765, 0, 0): b' 918,3,1,512,0,127,6,1,7,1,2,-64,1,1160,16098,57,100,2,0,0 '
Received from ('fd00::200:0:0:13', 8765, 0, 0): b' 915,19,15,1280,0,116,3,4,7,1,1,-52,0,500,5380,48,100,1,0,0 '
Received from ('fd00::200:0:0:1', 5678, 0, 0): b' 919,1,0,256,0,10,0,0,4,0,0,0,10,1578,16120,911,100,1,0,0 '
Received from ('fd00::200:0:0:6', 8765, 0, 0): b' 918,6,3,768,0,126,6,7,7,1,3,-70,0,391,4652,36,100,1,0,0 '
Received from ('fd00::200:0:0:a', 8765, 0, 0): b' 918,10,2,768,0,116,2,4,7,1,1,-95,7,3568,25503,51,100,3,0,0 '
Received from ('fd00::200:0:0:2', 8765, 0, 0): b' 919,2,1,512,10,126,6,1,6,1,1,-88,8,2272,14771,61,100,1,0,0 '
Received from ('fd00::200:0:0:14', 8765, 0, 0): b' 918,20,15,1280,20,106,4,6,7,1,2,-70,1,1192,14333,40,100,1,0,0 '
Received from ('fd00::200:0:0:d', 8765, 0, 0): b' 921,13,9,1024,0,55,2,13,7,1,1,-52,0,743,8172,13,100,3,0,0 '
Received from ('fd00::200:0:0:10', 8765, 0, 0): b' 919,16,15,1280,0,127,5,10,7,1,3,-52,0,1035,11658,39,100,3,0,0 '
Received from ('fd00::200:0:0:c', 8765, 0, 0): b' 921,12,9,1024,0,82,3,13,7,1,2,-70,1,586,6816,18,100,1,0,0 '
Received from ('fd00::200:0:0:e', 8765, 0, 0): b' 920,14,10,1024,0,116,2,4,7,1,1,-52,0,554,7065,49,100,1,0,0 '
Received from ('fd00::200:0:0:b', 8765, 0, 0): b' 921,11,7,1024,10,153,2,6,7,1,1,-52,0,498,7533,53,100,1,0,0 '
Received from ('fd00::200:0:0:15', 8765, 0, 0): b' 918,21,20,1536,0,105,2,7,5,1,1,-52,0,474,4702,34,100,1,0,0 '
Received from ('fd00::200:0:0:8', 8765, 0, 0): b' 921,8,4,768,0,137,4,10,7,1,2,-52,0,414,8077,56,100,1,0,0 '
Received from ('fd00::200:0:0:12', 8765, 0, 0): b' 919,18,15,1280,0,121,2,4,5,1,1,-70,2,616,10225,48,100,2,0,0 '
Received from ('fd00::200:0:0:9', 8765, 0, 0): b' 923,9,4,768,0,146,2,2,7,1,1,-70,3,945,11515,57,100,1,0,0 '
Received from ('fd00::200:0:0:4', 8765, 0, 0): b' 923,4,1,512,0,120,6,1,7,1,1,-66,7,2785,21011,61,100,1,0,0 '
Received from ('fd00::200:0:0:2', 8765, 0, 0): b' 923,2,1,512,0,126,6,1,6,1,1,-88,8,1226,7819,62,100,0,0,0 '
Received from ('fd00::200:0:0:f', 8765, 0, 0): b' 923,15,10,1024,0,121,2,13,7,1,1,-70,5,1856,18422,49,100,1,0,0 '
Received from ('fd00::200:0:0:13', 8765, 0, 0): b' 922,19,15,1280,10,117,3,4,7,1,1,-52,0,447,6967,49,100,1,0,0 '
Received from ('fd00::200:0:0:11', 8765, 0, 0): b' 927,17,12,1280,0,120,4,6,7,1,2,-70,0,985,10862,40,100,2,0,0 '
Received from ('fd00::200:0:0:10', 8765, 0, 0): b' 925,16,15,1280,0,130,5,10,7,1,3,-52,0,776,6285,39,100,1,0,0 '
Received from ('fd00::200:0:0:3', 8765, 0, 0): b' 927,3,1,512,0,130,6,1,7,1,2,-64,1,1254,14779,58,100,2,0,0 '
Received from ('fd00::200:0:0:5', 8765, 0, 0): b' 927,5,1,512,0,123,6,1,6,1,1,-94,0,823,12745,62,100,2,0,0 '
Received from ('fd00::200:0:0:a', 8765, 0, 0): b' 926,10,2,768,0,118,2,4,7,1,1,-95,7,2220,17198,51,100,1,0,0 '
Received from ('fd00::200:0:0:7', 8765, 0, 0): b' 927,7,4,768,0,144,4,10,7,1,2,-70,1,1440,16162,57,100,2,0,0 '
Received from ('fd00::200:0:0:4', 8765, 0, 0): b' 928,4,1,512,0,121,6,1,7,1,1,-66,7,1657,12577,62,100,1,0,0 '
Received from ('fd00::200:0:0:1', 5678, 0, 0): b' 930,1,0,256,0,10,0,0,4,0,0,0,10,2690,26541,927,100,2,0,0 '
Received from ('fd00::200:0:0:15', 8765, 0, 0): b' 927,21,20,1536,0,106,2,7,5,1,1,-52,0,536,8429,34,100,2,0,0 '
Received from ('fd00::200:0:0:c', 8765, 0, 0): b' 929,12,9,1024,0,83,3,13,7,1,2,-70,1,1029,11233,19,100,2,0,0 '
Received from ('fd00::200:0:0:6', 8765, 0, 0): b' 930,6,3,768,10,131,6,7,7,1,3,-70,0,1040,11436,37,100,2,0,0 '
Received from ('fd00::200:0:0:9', 8765, 0, 0): b' 930,9,4,768,0,147,2,2,7,1,1,-70,3,1226,14257,57,100,1,0,0 '
Received from ('fd00::200:0:0:14', 8765, 0, 0): b' 929,20,15,1280,0,109,4,6,7,1,2,-70,1,1534,14512,41,100,2,0,0 '
Received from ('fd00::200:0:0:8', 8765, 0, 0): b' 930,8,4,768,0,138,4,11,7,1,2,-52,0,622,10575,57,100,3,0,0 '
Received from ('fd00::200:0:0:12', 8765, 0, 0): b' 929,18,15,1280,0,124,2,4,5,1,1,-70,2,751,9169,48,100,2,0,0 '
Received from ('fd00::200:0:0:d', 8765, 0, 0): b' 930,13,9,1024,0,56,2,13,7,1,1,-52,0,591,9837,14,100,2,0,0 '
Received from ('fd00::200:0:0:b', 8765, 0, 0): b' 931,11,7,1024,10,155,2,7,7,1,1,-52,0,755,12306,54,100,3,0,0 '
Received from ('fd00::200:0:0:10', 8765, 0, 0): b' 931,16,15,1280,0,131,5,10,7,1,3,-52,0,392,5112,39,100,1,0,0 '
Received from ('fd00::200:0:0:e', 8765, 0, 0): b' 932,14,10,1024,0,117,2,4,7,1,1,-52,0,616,10885,50,100,2,0,0 '
Received from ('fd00::200:0:0:4', 8765, 0, 0): b' 932,4,1,512,10,123,6,1,7,1,1,-66,7,1792,12860,62,100,1,0,0 '
Received from ('fd00::200:0:0:11', 8765, 0, 0): b' 935,17,12,1280,0,124,4,6,7,1,2,-70,0,787,7574,41,100,2,0,0 '
Received from ('fd00::200:0:0:5', 8765, 0, 0): b' 933,5,1,512,0,127,6,1,6,1,1,-94,0,704,7536,62,100,2,0,0 '
Received from ('fd00::200:0:0:f', 8765, 0, 0): b' 932,15,10,1024,10,123,2,13,7,1,1,-70,5,2619,23243,50,100,1,0,0 '
Received from ('fd00::200:0:0:13', 8765, 0, 0): b' 932,19,15,1280,0,120,3,4,7,1,1,-52,0,751,8241,49,100,2,0,0 '
Received from ('fd00::200:0:0:7', 8765, 0, 0): b' 933,7,4,768,10,147,4,10,7,1,2,-70,1,791,9395,57,100,1,0,0 '
Received from ('fd00::200:0:0:2', 8765, 0, 0): b' 934,2,1,512,0,127,6,1,6,1,1,-88,8,3366,21977,62,100,3,0,0 '
Received from ('fd00::200:0:0:3', 8765, 0, 0): b' 936,3,1,512,0,132,6,1,7,1,2,-64,1,898,13257,58,100,1,0,0 '
Received from ('fd00::200:0:0:6', 8765, 0, 0): b' 936,6,3,768,0,132,6,7,7,1,3,-70,0,391,6122,37,100,1,0,0 '
Received from ('fd00::200:0:0:a', 8765, 0, 0): b' 935,10,2,768,0,118,2,4,7,1,1,-95,7,2450,18952,52,100,2,0,0 '
Received from ('fd00::200:0:0:9', 8765, 0, 0): b' 936,9,4,768,0,149,2,2,7,1,1,-70,3,1262,12057,58,100,2,0,0 '
Received from ('fd00::200:0:0:10', 8765, 0, 0): b' 937,16,15,1280,0,134,5,10,7,1,3,-52,0,698,6329,40,100,2,0,0 '
Received from ('fd00::200:0:0:14', 8765, 0, 0): b' 937,20,15,1280,10,110,4,6,7,1,2,-70,1,505,8737,41,100,1,0,0 '
Received from ('fd00::200:0:0:d', 8765, 0, 0): b' 938,13,9,1024,0,57,2,13,7,1,1,-52,0,390,6917,14,100,1,0,0 '
Received from ('fd00::200:0:0:12', 8765, 0, 0): b' 936,18,15,1280,0,124,2,4,5,1,1,-70,2,340,6719,49,100,1,0,0 '
Received from ('fd00::200:0:0:8', 8765, 0, 0): b' 939,8,4,768,0,140,4,11,7,1,2,-52,0,601,11096,58,100,1,0,0 '
Received from ('fd00::200:0:0:e', 8765, 0, 0): b' 939,14,10,1024,0,119,2,4,7,1,1,-52,0,620,7316,50,100,2,0,0 '
Received from ('fd00::200:0:0:1', 5678, 0, 0): b' 941,1,0,256,0,10,0,0,4,0,0,0,10,2562,25761,939,100,2,0,0 '
Received from ('fd00::200:0:0:15', 8765, 0, 0): b' 938,21,20,1536,0,109,2,7,5,1,1,-52,0,800,10261,35,100,3,0,0 '
Received from ('fd00::200:0:0:b', 8765, 0, 0): b' 940,11,7,1024,0,158,2,7,7,1,1,-52,0,801,11755,55,100,3,0,0 '
Received from ('fd00::200:0:0:13', 8765, 0, 0): b' 939,19,15,1280,0,121,3,4,7,1,1,-52,0,447,6799,50,100,1,0,0 '
Received from ('fd00::200:0:0:a', 8765, 0, 0): b' 940,10,2,768,10,118,2,4,7,1,1,-95,7,1396,10422,52,100,0,0,0 '
Received from ('fd00::200:0:0:c', 8765, 0, 0): b' 940,12,9,1024,10,89,3,13,7,1,2,-70,1,1612,15171,19,100,2,0,0 '
Received from ('fd00::200:0:0:f', 8765, 0, 0): b' 941,15,10,1024,0,125,2,13,7,1,1,-70,5,2173,20566,50,100,2,0,0 '
Received from ('fd00::200:0:0:12', 8765, 0, 0): b' 940,18,15,1280,0,126,2,4,5,1,1,-70,2,468,3921,49,100,2,0,0 '
Received from ('fd00::200:0:0:7', 8765, 0, 0): b' 943,7,4,768,0,147,4,10,7,1,2,-70,1,1121,14889,58,100,2,0,0 '
Received from ('fd00::200:0:0:9', 8765, 0, 0): b' 943,9,4,768,10,150,2,2,7,1,1,-70,3,1326,13929,58,100,1,0,0 '
Received from ('fd00::200:0:0:3', 8765, 0, 0): b' 944,3,1,512,0,133,6,1,7,1,2,-64,1,1015,12395,59,100,2,0,0 '
Received from ('fd00::200:0:0:11', 8765, 0, 0): b' 945,17,12,1280,0,127,4,6,7,1,2,-70,0,750,10088,41,100,2,0,0 '
Received from ('fd00::200:0:0:4', 8765, 0, 0): b' 944,4,1,512,10,123,6,1,7,1,1,-66,7,3476,27925,63,100,2,0,0 '
Received from ('fd00::200:0:0:5', 8765, 0, 0): b' 945,5,1,512,0,128,6,1,6,1,1,-94,0,631,13295,63,100,2,0,0 '
Received from ('fd00::200:0:0:2', 8765, 0, 0): b' 944,2,1,512,10,129,6,1,6,1,1,-88,8,2751,19096,63,100,1,0,0 '
Received from ('fd00::200:0:0:6', 8765, 0, 0): b' 945,6,3,768,0,135,6,7,7,1,3,-70,0,778,8860,38,100,2,0,0 '
Received from ('fd00::200:0:0:14', 8765, 0, 0): b' 943,20,15,1280,0,110,4,6,7,1,2,-70,1,631,8112,42,100,1,0,0 '
Received from ('fd00::200:0:0:13', 8765, 0, 0): b' 944,19,15,1280,0,122,3,4,7,1,1,-52,0,391,4946,50,100,1,0,0 '
Received from ('fd00::200:0:0:8', 8765, 0, 0): b' 946,8,4,768,0,143,4,11,7,1,2,-52,0,724,8290,58,100,3,0,0 '
Received from ('fd00::200:0:0:1', 5678, 0, 0): b' 948,1,0,256,0,10,0,0,4,0,0,0,10,1679,17475,950,100,1,0,0 '
Received from ('fd00::200:0:0:10', 8765, 0, 0): b' 947,16,15,1280,0,135,5,10,7,1,3,-52,0,440,9576,40,100,1,0,0 '
Received from ('fd00::200:0:0:d', 8765, 0, 0): b' 947,13,9,1024,0,63,2,13,7,1,1,-52,0,1120,10199,15,100,3,0,0 '
Received from ('fd00::200:0:0:15', 8765, 0, 0): b' 947,21,20,1536,10,110,2,7,5,1,1,-52,0,472,8193,36,100,1,0,0 '
Received from ('fd00::200:0:0:4', 8765, 0, 0): b' 948,4,1,512,10,123,6,1,7,1,1,-66,7,924,10218,63,100,1,0,0 '
Received from ('fd00::200:0:0:f', 8765, 0, 0): b' 948,15,10,1024,0,125,2,13,7,1,1,-70,5,2112,21573,51,100,1,0,0 '
Received from ('fd00::200:0:0:11', 8765, 0, 0): b' 950,17,12,1280,0,128,4,6,7,1,2,-70,0,448,5268,42,100,1,0,0 '
Received from ('fd00::200:0:0:b', 8765, 0, 0): b' 948,11,7,1024,0,159,2,7,7,1,1,-52,0,443,9908,55,100,1,0,0 '
Received from ('fd00::200:0:0:e', 8765, 0, 0): b' 948,14,10,1024,0,124,2,4,7,1,1,-52,0,1014,10070,51,100,3,0,0 '
Received from ('fd00::200:0:0:14', 8765, 0, 0): b' 949,20,15,1280,0,112,4,6,7,1,2,-70,1,982,8296,42,100,2,0,0 '
Received from ('fd00::200:0:0:a', 8765, 0, 0): b' 951,10,2,768,0,118,2,4,7,1,1,-95,7,3012,23477,53,100,2,0,0 '
Received from ('fd00::200:0:0:2', 8765, 0, 0): b' 951,2,1,512,0,132,6,1,6,1,1,-88,8,2406,14176,63,100,2,0,0 '
Received from ('fd00::200:0:0:7', 8765, 0, 0): b' 951,7,4,768,10,150,4,10,7,1,2,-70,1,935,13128,58,100,2,0,0 '
Received from ('fd00::200:0:0:5', 8765, 0, 0): b' 953,5,1,512,0,129,6,1,6,1,1,-94,0,460,9726,64,100,1,0,0 '
Received from ('fd00::200:0:0:8', 8765, 0, 0): b' 951,8,4,768,0,144,4,11,7,1,2,-52,0,292,6459,58,100,0,0,0 '
Received from ('fd00::200:0:0:12', 8765, 0, 0): b' 951,18,15,1280,0,130,2,4,5,1,1,-70,2,937,10582,50,100,2,0,0 '
Received from ('fd00::200:0:0:c', 8765, 0, 0): b' 951,12,9,1024,0,93,3,13,7,1,2,-70,1,1668,16261,20,100,2,0,0 '
Received from ('fd00::200:0:0:6', 8765, 0, 0): b' 953,6,3,768,0,137,6,7,7,1,3,-70,0,639,8323,38,100,2,0,0 '
Received from ('fd00::200:0:0:15', 8765, 0, 0): b' 952,21,20,1536,0,110,2,7,5,1,1,-52,0,285,4296,36,100,1,0,0 '
Received from ('fd00::200:0:0:13', 8765, 0, 0): b' 953,19,15,1280,0,125,3,4,7,1,1,-52,0,726,8692,50,100,2,0,0 '
Received from ('fd00::200:0:0:9', 8765, 0, 0): b' 954,9,4,768,0,151,2,2,7,1,1,-70,3,1802,20098,59,100,2,0,0 '
Received from ('fd00::200:0:0:b', 8765, 0, 0): b' 954,11,7,1024,0,161,2,7,7,1,1,-52,0,497,6932,55,100,1,0,0 '
Received from ('fd00::200:0:0:3', 8765, 0, 0): b' 956,3,1,512,0,136,6,1,7,1,2,-64,1,1372,18182,60,100,2,0,0 '
Received from ('fd00::200:0:0:f', 8765, 0, 0): b' 955,15,10,1024,10,128,2,13,7,1,1,-70,5,1992,17022,51,100,1,0,0 '
Received from ('fd00::200:0:0:11', 8765, 0, 0): b' 957,17,12,1280,0,129,4,6,7,1,2,-70,0,391,5848,42,100,1,0,0 '
Received from ('fd00::200:0:0:a', 8765, 0, 0): b' 956,10,2,768,30,120,2,4,7,1,1,-95,7,1461,10591,53,100,1,0,0 '
Received from ('fd00::200:0:0:1', 5678, 0, 0): b' 957,1,0,256,0,10,0,0,4,0,0,0,10,2552,23048,962,100,2,0,0 '
Received from ('fd00::200:0:0:e', 8765, 0, 0): b' 955,14,10,1024,0,124,2,4,7,1,1,-52,0,286,5571,51,100,1,0,0 '
Received from ('fd00::200:0:0:14', 8765, 0, 0): b' 955,20,15,1280,30,113,4,6,7,1,2,-70,1,552,7092,43,100,1,0,0 '
Received from ('fd00::200:0:0:4', 8765, 0, 0): b' 959,4,1,512,0,128,6,1,7,1,1,-66,7,3727,25424,64,100,2,0,0 '
Received from ('fd00::200:0:0:8', 8765, 0, 0): b' 958,8,4,768,0,146,4,11,7,1,2,-52,0,678,8629,59,100,2,0,0 '
Received from ('fd00::200:0:0:10', 8765, 0, 0): b' 957,16,15,1280,0,140,5,10,7,1,3,-52,0,1118,11271,41,100,3,0,0 '
Received from ('fd00::200:0:0:9', 8765, 0, 0): b' 959,9,4,768,0,152,2,2,7,1,1,-70,3,954,10767,59,100,1,0,0 '
Received from ('fd00::200:0:0:12', 8765, 0, 0): b' 957,18,15,1280,0,131,2,4,5,1,1,-70,2,392,6368,50,100,1,0,0 '
Received from ('fd00::200:0:0:2', 8765, 0, 0): b' 961,2,1,512,20,133,6,1,6,1,1,-88,8,2613,17274,64,100,1,0,0 '
Received from ('fd00::200:0:0:d', 8765, 0, 0): b' 958,13,9,1024,0,65,2,13,7,1,1,-52,0,724,10902,16,100,2,0,0 '
Received from ('fd00::200:0:0:3', 8765, 0, 0): b' 962,3,1,512,10,137,6,1,7,1,2,-64,1,481,8482,60,100,1,0,0 '
Received from ('fd00::200:0:0:e', 8765, 0, 0): b' 960,14,10,1024,0,126,2,4,7,1,1,-52,0,530,4586,52,100,1,0,0 '
Received from ('fd00::200:0:0:b', 8765, 0, 0): b' 960,11,7,1024,0,162,2,7,7,1,1,-52,0,474,7952,56,100,1,0,0 '
Received from ('fd00::200:0:0:a', 8765, 0, 0): b' 961,10,2,768,0,121,2,4,7,1,1,-95,7,1783,11584,53,100,1,0,0 '
Received from ('fd00::200:0:0:7', 8765, 0, 0): b' 961,7,4,768,0,153,4,10,7,1,2,-70,1,1390,15630,59,100,1,0,0 '
Received from ('fd00::200:0:0:c', 8765, 0, 0): b' 961,12,9,1024,10,97,3,13,7,1,2,-70,1,1303,12707,21,100,2,0,0 '
Received from ('fd00::200:0:0:5', 8765, 0, 0): b' 963,5,1,512,0,131,6,1,6,1,1,-94,0,668,11927,64,100,2,0,0 '
Received from ('fd00::200:0:0:15', 8765, 0, 0): b' 960,21,20,1536,0,116,2,7,5,1,1,-52,0,1103,9331,37,100,2,0,0 '
Received from ('fd00::200:0:0:1', 5678, 0, 0): b' 963,1,0,256,0,10,0,0,4,0,0,0,10,1409,14802,970,100,1,0,0 '
Received from ('fd00::200:0:0:6', 8765, 0, 0): b' 963,6,3,768,0,139,6,7,7,1,3,-70,0,598,9490,39,100,1,0,0 '
Received from ('fd00::200:0:0:14', 8765, 0, 0): b' 962,20,15,1280,0,118,4,6,7,1,2,-70,1,1449,11173,43,100,1,0,0 '
Received from ('fd00::200:0:0:4', 8765, 0, 0): b' 965,4,1,512,0,130,6,1,7,1,1,-66,7,1804,14268,64,100,1,0,0 '
Received from ('fd00::200:0:0:f', 8765, 0, 0): b' 963,15,10,1024,0,130,2,13,7,1,1,-70,5,2555,23150,52,100,2,0,0 '
Received from ('fd00::200:0:0:9', 8765, 0, 0): b' 964,9,4,768,0,153,2,2,7,1,1,-70,3,1045,9697,59,100,1,0,0 '
Received from ('fd00::200:0:0:13', 8765, 0, 0): b' 963,19,15,1280,10,130,3,4,7,1,1,-52,0,907,9865,51,100,3,0,0 '
Received from ('fd00::200:0:0:11', 8765, 0, 0): b' 967,17,12,1280,0,130,4,6,7,1,2,-70,0,592,9298,43,100,2,0,0 '
Received from ('fd00::200:0:0:7', 8765, 0, 0): b' 966,7,4,768,0,154,4,10,7,1,2,-70,1,503,8235,59,100,1,0,0 '
Received from ('fd00::200:0:0:12', 8765, 0, 0): b' 966,18,15,1280,0,135,2,4,5,1,1,-70,2,792,8538,51,100,1,0,0 '
Received from ('fd00::200:0:0:f', 8765, 0, 0): b' 968,15,10,1024,0,133,2,13,7,1,1,-70,5,1582,13174,52,100,1,0,0 '
Received from ('fd00::200:0:0:c', 8765, 0, 0): b' 968,12,9,1024,0,98,3,13,7,1,2,-70,1,653,8553,21,100,1,0,0 '
Received from ('fd00::200:0:0:3', 8765, 0, 0): b' 970,3,1,512,10,139,6,1,7,1,2,-64,1,1019,13228,61,100,1,0,0 '
Received from ('fd00::200:0:0:2', 8765, 0, 0): b' 970,2,1,512,10,135,6,1,6,1,1,-88,8,2426,16733,65,100,2,0,0 '
Received from ('fd00::200:0:0:6', 8765, 0, 0): b' 970,6,3,768,0,140,6,7,7,1,3,-70,0,363,5181,39,100,1,0,0 '
Received from ('fd00::200:0:0:d', 8765, 0, 0): b' 968,13,9,1024,0,67,2,13,7,1,1,-52,0,643,9519,16,100,2,0,0 '
Received from ('fd00::200:0:0:5', 8765, 0, 0): b' 970,5,1,512,10,132,6,1,6,1,1,-94,0,381,9253,65,100,1,0,0 '
Received from ('fd00::200:0:0:1', 5678, 0, 0): b' 971,1,0,256,0,10,0,0,4,0,0,0,10,1976,18927,981,100,1,0,0 '
Received from ('fd00::200:0:0:e', 8765, 0, 0): b' 969,14,10,1024,0,128,2,4,7,1,1,-52,0,546,9399,52,100,1,0,0 '
Received from ('fd00::200:0:0:a', 8765, 0, 0): b' 970,10,2,768,20,121,2,4,7,1,1,-95,7,2238,19049,54,100,2,0,0 '
Received from ('fd00::200:0:0:4', 8765, 0, 0): b' 972,4,1,512,50,134,6,1,7,1,1,-66,7,2691,18865,65,100,1,0,0 '
Received from ('fd00::200:0:0:8', 8765, 0, 0): b' 971,8,4,768,0,149,4,11,7,1,2,-52,0,856,14553,60,100,2,0,0 '
Received from ('fd00::200:0:0:10', 8765, 0, 0): b' 968,16,15,1280,0,143,5,10,7,1,3,-52,0,834,10968,42,100,2,0,0 '
Received from ('fd00::200:0:0:11', 8765, 0, 0): b' 972,17,12,1280,0,130,4,6,7,1,2,-70,0,284,4893,43,100,1,0,0 '
Received from ('fd00::200:0:0:b', 8765, 0, 0): b' 970,11,7,1024,0,164,2,7,7,1,1,-52,0,698,12112,57,100,2,0,0 '
Received from ('fd00::200:0:0:15', 8765, 0, 0): b' 969,21,20,1536,0,119,2,7,5,1,1,-52,0,630,7981,37,100,1,0,0 '
Received from ('fd00::200:0:0:14', 8765, 0, 0): b' 970,20,15,1280,0,121,4,6,7,1,2,-70,1,1036,10038,44,100,1,0,0 '
Received from ('fd00::200:0:0:9', 8765, 0, 0): b' 974,9,4,768,0,155,2,2,7,1,1,-70,3,1701,17980,60,100,1,0,0 '
Received from ('fd00::200:0:0:6', 8765, 0, 0): b' 974,6,3,768,10,143,6,7,7,1,3,-70,0,633,4709,40,100,1,0,0 '
Received from ('fd00::200:0:0:c', 8765, 0, 0): b' 974,12,9,1024,0,100,3,13,7,1,2,-70,1,817,8759,22,100,1,0,0 '
Received from ('fd00::200:0:0:14', 8765, 0, 0): b' 974,20,15,1280,0,123,4,6,7,1,2,-70,1,654,5801,44,100,1,0,0 '
Received from ('fd00::200:0:0:7', 8765, 0, 0): b' 976,7,4,768,0,159,4,10,7,1,2,-70,1,1615,15957,60,100,2,0,0 '
Received from ('fd00::200:0:0:13', 8765, 0, 0): b' 975,19,15,1280,0,130,3,4,7,1,1,-52,0,617,10895,52,100,2,0,0 '
Received from ('fd00::200:0:0:2', 8765, 0, 0): b' 977,2,1,512,10,137,6,1,6,1,1,-88,8,2283,14705,65,100,1,0,0 '
Received from ('fd00::200:0:0:b', 8765, 0, 0): b' 975,11,7,1024,0,164,2,7,7,1,1,-52,0,312,6441,57,100,1,0,0 '
Received from ('fd00::200:0:0:3', 8765, 0, 0): b' 978,3,1,512,0,141,6,1,7,1,2,-64,1,1227,12704,61,100,2,0,0 '
Received from ('fd00::200:0:0:8', 8765, 0, 0): b' 978,8,4,768,0,150,4,11,7,1,2,-52,0,390,7912,60,100,1,0,0 '
Received from ('fd00::200:0:0:f', 8765, 0, 0): b' 975,15,10,1024,0,135,2,13,7,1,1,-70,5,2157,20801,53,100,1,0,0 '
Received from ('fd00::200:0:0:a', 8765, 0, 0): b' 977,10,2,768,10,125,2,4,7,1,1,-95,7,2567,15913,55,100,1,0,0 '
Received from ('fd00::200:0:0:10', 8765, 0, 0): b' 975,16,15,1280,0,144,5,10,7,1,3,-52,0,393,6245,42,100,1,0,0 '
Received from ('fd00::200:0:0:12', 8765, 0, 0): b' 975,18,15,1280,0,135,2,4,5,1,1,-70,2,429,8407,51,100,2,0,0 '
Received from ('fd00::200:0:0:11', 8765, 0, 0): b' 978,17,12,1280,0,132,4,6,7,1,2,-70,0,675,7665,44,100,2,0,0 '
Received from ('fd00::200:0:0:d', 8765, 0, 0): b' 977,13,9,1024,10,69,2,13,7,1,1,-52,0,577,8463,17,100,1,0,0 '
Received from ('fd00::200:0:0:15', 8765, 0, 0): b' 978,21,20,1536,0,122,2,7,5,1,1,-52,0,806,8658,38,100,2,0,0 '
Received from ('fd00::200:0:0:e', 8765, 0, 0): b' 978,14,10,1024,0,131,2,4,7,1,1,-52,0,834,9340,53,100,2,0,0 '
Received from ('fd00::200:0:0:7', 8765, 0, 0): b' 981,7,4,768,0,159,4,10,7,1,2,-70,1,495,6905,60,100,1,0,0 '
Received from ('fd00::200:0:0:5', 8765, 0, 0): b' 981,5,1,512,0,132,6,1,6,1,1,-94,0,534,12351,65,100,2,0,0 '
Received from ('fd00::200:0:0:4', 8765, 0, 0): b' 982,4,1,512,0,136,6,1,7,1,1,-66,7,3396,25341,65,100,2,0,0 '
Received from ('fd00::200:0:0:9', 8765, 0, 0): b' 982,9,4,768,0,157,2,2,7,1,1,-70,3,1616,15216,61,100,2,0,0 '
Received from ('fd00::200:0:0:1', 5678, 0, 0): b' 982,1,0,256,0,10,0,0,4,0,0,0,10,2373,25213,994,100,2,0,0 '
Received from ('fd00::200:0:0:3', 8765, 0, 0): b' 982,3,1,512,0,141,6,1,7,1,2,-64,1,371,6455,61,100,1,0,0 '
Received from ('fd00::200:0:0:b', 8765, 0, 0): b' 983,11,7,1024,0,166,2,7,7,1,1,-52,0,491,7902,57,100,2,0,0 '
Received from ('fd00::200:0:0:2', 8765, 0, 0): b' 983,2,1,512,10,137,6,1,6,1,1,-88,8,1683,11364,65,100,1,0,0 '
Received from ('fd00::200:0:0:6', 8765, 0, 0): b' 986,6,3,768,0,146,6,7,7,1,3,-70,0,842,10915,40,100,2,0,0 '
Received from ('fd00::200:0:0:c', 8765, 0, 0): b' 984,12,9,1024,0,104,3,13,7,1,2,-70,1,1326,12971,22,100,2,0,0 '
Received from ('fd00::200:0:0:3', 8765, 0, 0): b' 986,3,1,512,0,141,6,1,7,1,2,-64,1,440,6735,62,100,0,0,0 '
Received from ('fd00::200:0:0:12', 8765, 0, 0): b' 983,18,15,1280,0,136,2,4,5,1,1,-70,2,568,7679,52,100,2,0,0 '
Received from ('fd00::200:0:0:a', 8765, 0, 0): b' 985,10,2,768,0,129,2,4,7,1,1,-95,7,2155,17233,55,100,2,0,0 '
Received from ('fd00::200:0:0:8', 8765, 0, 0): b' 986,8,4,768,10,155,4,11,7,1,2,-52,0,1016,10744,61,100,3,0,0 '
Received from ('fd00::200:0:0:e', 8765, 0, 0): b' 985,14,10,1024,0,131,2,4,7,1,1,-52,0,322,5757,53,100,1,0,0 '
Received from ('fd00::200:0:0:9', 8765, 0, 0): b' 987,9,4,768,20,159,2,2,7,1,1,-70,3,1000,10306,61,100,1,0,0 '
Received from ('fd00::200:0:0:1', 5678, 0, 0): b' 987,1,0,256,0,10,0,0,4,0,0,0,10,1612,13927,1004,100,2,0,0 '
Received from ('fd00::200:0:0:5', 8765, 0, 0): b' 987,5,1,512,0,134,6,1,6,1,1,-94,0,571,7793,66,100,1,0,0 '
Received from ('fd00::200:0:0:14', 8765, 0, 0): b' 985,20,15,1280,0,126,4,6,7,1,2,-70,1,1207,14268,45,100,2,0,0 '
Received from ('fd00::200:0:0:d', 8765, 0, 0): b' 985,13,9,1024,10,71,2,13,7,1,1,-52,0,619,7341,18,100,2,0,0 '
Received from ('fd00::200:0:0:13', 8765, 0, 0): b' 985,19,15,1280,0,132,3,4,7,1,1,-52,0,724,10134,53,100,2,0,0 '
Received from ('fd00::200:0:0:10', 8765, 0, 0): b' 985,16,15,1280,0,146,5,10,7,1,3,-52,0,700,9718,43,100,2,0,0 '
Received from ('fd00::200:0:0:f', 8765, 0, 0): b' 988,15,10,1024,10,137,2,13,7,1,1,-70,5,3040,30267,54,100,2,0,0 '
Received from ('fd00::200:0:0:c', 8765, 0, 0): b' 988,12,9,1024,0,104,3,13,7,1,2,-70,1,402,5578,23,100,1,0,0 '
Received from ('fd00::200:0:0:11', 8765, 0, 0): b' 988,17,12,1280,0,135,4,6,7,1,2,-70,0,653,10456,44,100,1,0,0 '
Received from ('fd00::200:0:0:3', 8765, 0, 0): b' 990,3,1,512,0,143,6,1,7,1,2,-64,1,611,6820,62,100,1,0,0 '
Received from ('fd00::200:0:0:7', 8765, 0, 0): b' 990,7,4,768,0,160,4,10,7,1,2,-70,1,1172,16103,61,100,2,0,0 '
Received from ('fd00::200:0:0:4', 8765, 0, 0): b' 991,4,1,512,0,139,6,1,7,1,1,-66,7,3614,26488,66,100,2,0,0 '
Received from ('fd00::200:0:0:15', 8765, 0, 0): b' 989,21,20,1536,0,125,2,7,5,1,1,-52,0,824,11313,39,100,3,0,0 '
Received from ('fd00::200:0:0:5', 8765, 0, 0): b' 992,5,1,512,0,136,6,1,6,1,1,-94,0,470,5855,66,100,1,0,0 '
Received from ('fd00::200:0:0:b', 8765, 0, 0): b' 992,11,7,1024,10,170,2,7,7,1,1,-52,0,834,11650,58,100,2,0,0 '
Received from ('fd00::200:0:0:6', 8765, 0, 0): b' 993,6,3,768,0,147,6,7,7,1,3,-70,0,566,7476,41,100,2,0,0 '
Received from ('fd00::200:0:0:2', 8765, 0, 0): b' 993,2,1,512,10,139,6,1,6,1,1,-88,8,3053,21842,66,100,2,0,0 '
Received from ('fd00::200:0:0:8', 8765, 0, 0): b' 993,8,4,768,10,156,4,11,7,1,2,-52,0,416,9453,61,100,1,0,0 '
Received from ('fd00::200:0:0:a', 8765, 0, 0): b' 992,10,2,768,10,132,2,4,7,1,1,-95,7,2462,17173,56,100,1,0,0 '
Received from ('fd00::200:0:0:e', 8765, 0, 0): b' 993,14,10,1024,0,133,2,4,7,1,1,-52,0,675,7534,54,100,2,0,0 '
Received from ('fd00::200:0:0:1', 5678, 0, 0): b' 995,1,0,256,0,10,0,0,4,0,0,0,10,1665,17802,1011,100,1,0,0 '
Received from ('fd00::200:0:0:f', 8765, 0, 0): b' 994,15,10,1024,0,137,2,13,7,1,1,-70,5,1298,15721,54,100,1,0,0 '
Received from ('fd00::200:0:0:12', 8765, 0, 0): b' 995,18,15,1280,20,141,2,4,5,1,1,-70,2,736,8971,52,100,1,0,0 '
Received from ('fd00::200:0:0:d', 8765, 0, 0): b' 995,13,9,1024,0,74,2,13,7,1,1,-52,0,806,9316,18,100,2,0,0 '
Received from ('fd00::200:0:0:c', 8765, 0, 0): b' 996,12,9,1024,0,106,3,13,7,1,2,-70,1,831,9461,23,100,1,0,0 '
Received from ('fd00::200:0:0:3', 8765, 0, 0): b' 997,3,1,512,0,145,6,1,7,1,2,-64,1,807,10488,62,100,1,0,0 '
Received from ('fd00::200:0:0:13', 8765, 0, 0): b' 997,19,15,1280,0,133,3,4,7,1,1,-52,0,506,9755,53,100,1,0,0 '
Received from ('fd00::200:0:0:8', 8765, 0, 0): b' 998,8,4,768,0,158,4,11,7,1,2,-52,0,553,6310,62,100,1,0,0 '
Received from ('fd00::200:0:0:14', 8765, 0, 0): b' 997,20,15,1280,0,130,4,6,7,1,2,-70,1,1329,14169,45,100,2,0,0 '
Received from ('fd00::200:0:0:9', 8765, 0, 0): b' 998,9,4,768,0,163,2,2,7,1,1,-70,3,2332,22947,62,100,2,0,0 '
Received from ('fd00::200:0:0:1', 5678, 0, 0): b' 999,1,0,256,0,10,0,0,4,0,0,0,10,1063,10197,1017,100,1,0,0 '
Received from ('fd00::200:0:0:b', 8765, 0, 0): b' 999,11,7,1024,0,173,2,7,7,1,1,-52,0,713,9042,58,100,1,0,0 '
Received from ('fd00::200:0:0:10', 8765, 0, 0): b' 996,16,15,1280,0,150,5,10,7,1,3,-52,0,841,10787,44,100,1,0,0 '
Received from ('fd00::200:0:0:4', 8765, 0, 0): b' 999,4,1,512,10,139,6,1,7,1,1,-66,7,2119,19087,66,100,1,0,0 '
Received from ('fd00::200:0:0:11', 8765, 0, 0): b' 998,17,12,1280,0,138,4,6,7,1,2,-70,0,807,9740,45,100,2,0,0 '
Received from ('fd00::200:0:0:15', 8765, 0, 0): b' 995,21,20,1536,0,126,2,7,5,1,1,-52,0,392,6095,39,100,1,0,0 '
Received from ('fd00::200:0:0:2', 8765, 0, 0): b' 1001,2,1,512,10,141,6,1,6,1,1,-88,8,2320,15017,67,100,2,0,0 '
Received from ('fd00::200:0:0:7', 8765, 0, 0): b' 1000,7,4,768,0,162,4,10,7,1,2,-70,1,1376,16499,62,100,2,0,0 '
Received from ('fd00::200:0:0:14', 8765, 0, 0): b' 1001,20,15,1280,0,130,4,6,7,1,2,-70,1,583,5675,46,100,1,0,0 '
Received from ('fd00::200:0:0:a', 8765, 0, 0): b' 1001,10,2,768,0,134,2,4,7,1,1,-95,7,2529,19318,56,100,1,0,0 '
Received from ('fd00::200:0:0:8', 8765, 0, 0): b' 1002,8,4,768,0,159,4,11,7,1,2,-52,0,393,5371,62,100,1,0,0 '
Received from ('fd00::200:0:0:6', 8765, 0, 0): b' 1002,6,3,768,10,152,6,7,7,1,3,-70,0,976,10106,42,100,2,0,0 '
Received from ('fd00::200:0:0:5', 8765, 0, 0): b' 1004,5,1,512,0,138,6,1,6,1,1,-94,0,836,14473,67,100,3,0,0 '
Received from ('fd00::200:0:0:d', 8765, 0, 0): b' 1003,13,9,1024,0,78,2,13,7,1,1,-52,0,785,8239,19,100,2,0,0 '
Received from ('fd00::200:0:0:f', 8765, 0, 0): b' 1003,15,10,1024,0,139,2,13,7,1,1,-70,5,2753,25400,55,100,2,0,0 '
Received from ('fd00::200:0:0:9', 8765, 0, 0): b' 1004,9,4,768,0,166,2,2,7,1,1,-70,3,1347,12008,62,100,1,0,0 '
Received from ('fd00::200:0:0:e', 8765, 0, 0): b' 1002,14,10,1024,0,136,2,4,7,1,1,-52,0,806,10076,55,100,2,0,0 '
Received from ('fd00::200:0:0:15', 8765, 0, 0): b' 1003,21,20,1536,10,130,2,7,5,1,1,-52,0,712,6327,40,100,1,0,0 '
Received from ('fd00::200:0:0:12', 8765, 0, 0): b' 1005,18,15,1280,0,143,2,4,5,1,1,-70,2,901,10111,53,100,2,0,0 '
Received from ('fd00::200:0:0:c', 8765, 0, 0): b' 1006,12,9,1024,0,107,3,13,7,1,2,-70,1,913,12357,24,100,1,0,0 '
Received from ('fd00::200:0:0:13', 8765, 0, 0): b' 1006,19,15,1280,10,135,3,4,7,1,1,-52,0,675,9063,54,100,2,0,0 '
Received from ('fd00::200:0:0:6', 8765, 0, 0): b' 1007,6,3,768,0,153,6,7,7,1,3,-70,0,377,4152,42,100,0,0,0 '
Received from ('fd00::200:0:0:3', 8765, 0, 0): b' 1007,3,1,512,0,147,6,1,7,1,2,-64,1,1412,17297,63,100,2,0,0 '
Received from ('fd00::200:0:0:10', 8765, 0, 0): b' 1005,16,15,1280,10,153,5,10,7,1,3,-52,0,728,9212,44,100,2,0,0 '
Received from ('fd00::200:0:0:11', 8765, 0, 0): b' 1007,17,12,1280,0,140,4,6,7,1,2,-70,0,693,8181,46,100,3,0,0 '
Received from ('fd00::200:0:0:4', 8765, 0, 0): b' 1010,4,1,512,10,140,6,1,7,1,1,-66,7,3050,24753,67,100,2,0,0 '
Received from ('fd00::200:0:0:1', 5678, 0, 0): b' 1009,1,0,256,0,10,0,0,4,0,0,0,10,2465,24672,1031,100,2,0,0 '
Received from ('fd00::200:0:0:f', 8765, 0, 0): b' 1008,15,10,1024,10,141,2,13,7,1,1,-70,5,1503,13197,55,100,1,0,0 '
Received from ('fd00::200:0:0:7', 8765, 0, 0): b' 1008,7,4,768,0,162,4,10,7,1,2,-70,1,590,11412,62,100,1,0,0 '
Received from ('fd00::200:0:0:b', 8765, 0, 0): b' 1010,11,7,1024,0,176,2,7,7,1,1,-52,0,857,13726,59,100,2,0,0 '
Received from ('fd00::200:0:0:e', 8765, 0, 0): b' 1008,14,10,1024,10,138,2,4,7,1,1,-52,0,393,5515,55,100,1,0,0 '
Received from ('fd00::200:0:0:d', 8765, 0, 0): b' 1009,13,9,1024,0,78,2,13,7,1,1,-52,0,284,5241,19,100,1,0,0 '
Received from ('fd00::200:0:0:2', 8765, 0, 0): b' 1012,2,1,512,10,144,6,1,6,1,1,-88,8,3029,19789,67,100,1,0,0 '
Received from ('fd00::200:0:0:a', 8765, 0, 0): b' 1011,10,2,768,0,135,2,4,7,1,1,-95,7,2805,20264,57,100,2,0,0 '
Received from ('fd00::200:0:0:6', 8765, 0, 0): b' 1011,6,3,768,0,153,6,7,7,1,3,-70,0,282,4428,42,100,1,0,0 '
Received from ('fd00::200:0:0:14', 8765, 0, 0): b' 1010,20,15,1280,0,130,4,6,7,1,2,-70,1,902,12654,46,100,2,0,0 '
Received from ('fd00::200:0:0:8', 8765, 0, 0): b' 1012,8,4,768,0,163,4,11,7,1,2,-52,0,856,12629,62,100,2,0,0 '
Received from ('fd00::200:0:0:15', 8765, 0, 0): b' 1012,21,20,1536,0,132,2,7,5,1,1,-52,0,701,9793,40,100,2,0,0 '
Received from ('fd00::200:0:0:13', 8765, 0, 0): b' 1012,19,15,1280,0,138,3,4,7,1,1,-52,0,631,7462,54,100,1,0,0 '
Received from ('fd00::200:0:0:5', 8765, 0, 0): b' 1016,5,1,512,0,146,6,1,6,1,1,-94,0,1377,14951,68,100,3,0,0 '
Received from ('fd00::200:0:0:12', 8765, 0, 0): b' 1013,18,15,1280,0,145,2,4,5,1,1,-70,2,701,10097,54,100,2,0,0 '
Received from ('fd00::200:0:0:9', 8765, 0, 0): b' 1015,9,4,768,0,167,2,2,7,1,1,-70,3,1564,19062,63,100,2,0,0 '
Received from ('fd00::200:0:0:7', 8765, 0, 0): b' 1016,7,4,768,0,163,4,11,7,1,2,-70,1,768,10519,63,100,2,0,0 '
Received from ('fd00::200:0:0:c', 8765, 0, 0): b' 1016,12,9,1024,0,108,3,13,7,1,2,-70,1,859,11547,24,100,2,0,0 '
Received from ('fd00::200:0:0:3', 8765, 0, 0): b' 1017,3,1,512,0,148,6,1,7,1,2,-64,1,929,13561,64,100,2,0,0 '
Received from ('fd00::200:0:0:1', 5678, 0, 0): b' 1017,1,0,256,0,10,0,0,4,0,0,0,10,1997,18995,1042,100,1,0,0 '
Received from ('fd00::200:0:0:e', 8765, 0, 0): b' 1015,14,10,1024,0,139,2,4,7,1,1,-52,0,500,6527,55,100,1,0,0 '
Received from ('fd00::200:0:0:10', 8765, 0, 0): b' 1015,16,15,1280,0,157,5,10,7,1,3,-52,0,910,9744,45,100,3,0,0 '
Received from ('fd00::200:0:0:11', 8765, 0, 0): b' 1015,17,12,1280,0,142,4,6,7,1,2,-70,0,620,8457,46,100,2,0,0 '
Received from ('fd00::200:0:0:f', 8765, 0, 0): b' 1017,15,10,1024,0,142,2,13,7,1,1,-70,5,2734,25627,55,100,2,0,0 '
Received from ('fd00::200:0:0:d', 8765, 0, 0): b' 1018,13,9,1024,10,81,2,13,7,1,1,-52,0,726,7740,20,100,2,0,0 '
Received from ('fd00::200:0:0:4', 8765, 0, 0): b' 1020,4,1,512,10,145,6,1,7,1,1,-66,7,3814,25973,68,100,2,0,0 '
Received from ('fd00::200:0:0:b', 8765, 0, 0): b' 1020,11,7,1024,0,180,2,7,7,1,1,-52,0,988,12372,60,100,2,0,0 '
Received from ('fd00::200:0:0:6', 8765, 0, 0): b' 1019,6,3,768,10,157,6,7,7,1,3,-70,0,857,7754,43,100,3,0,0 '
Received from ('fd00::200:0:0:a', 8765, 0, 0): b' 1020,10,2,768,0,137,2,4,7,1,1,-95,7,2395,18475,57,100,1,0,0 '
Received from ('fd00::200:0:0:c', 8765, 0, 0): b' 1020,12,9,1024,0,108,3,13,7,1,2,-70,1,607,6967,25,100,1,0,0 '
Received from ('fd00::200:0:0:7', 8765, 0, 0): b' 1021,7,4,768,0,164,4,11,7,1,2,-70,1,968,9599,63,100,1,0,0 '
Received from ('fd00::200:0:0:15', 8765, 0, 0): b' 1018,21,20,1536,10,134,2,7,5,1,1,-52,0,565,5718,41,100,1,0,0 '
Received from ('fd00::200:0:0:2', 8765, 0, 0): b' 1022,2,1,512,10,144,6,1,6,1,1,-88,8,2845,20041,68,100,2,0,0 '
Received from ('fd00::200:0:0:d', 8765, 0, 0): b' 1023,13,9,1024,0,83,2,13,7,1,1,-52,0,434,5123,20,100,0,0,0 '
Received from ('fd00::200:0:0:5', 8765, 0, 0): b' 1024,5,1,512,0,147,6,1,6,1,1,-94,0,415,8613,68,100,1,0,0 '
Received from ('fd00::200:0:0:13', 8765, 0, 0): b' 1021,19,15,1280,0,142,3,4,7,1,1,-52,0,960,8923,55,100,2,0,0 '
Received from ('fd00::200:0:0:10', 8765, 0, 0): b' 1020,16,15,1280,10,158,5,10,7,1,3,-52,0,393,5192,46,100,1,0,0 '
Received from ('fd00::200:0:0:8', 8765, 0, 0): b' 1023,8,4,768,0,165,4,11,7,1,2,-52,0,751,13498,63,100,2,0,0 '
Received from ('fd00::200:0:0:3', 8765, 0, 0): b' 1025,3,1,512,0,149,6,1,7,1,2,-64,1,766,11163,64,100,1,0,0 '
Received from ('fd00::200:0:0:14', 8765, 0, 0): b' 1021,20,15,1280,0,132,4,6,7,1,2,-70,1,1349,14595,47,100,2,0,0 '
Received from ('fd00::200:0:0:9', 8765, 0, 0): b' 1025,9,4,768,0,171,2,2,7,1,1,-70,3,2172,18940,63,100,1,0,0 '
Received from ('fd00::200:0:0:e', 8765, 0, 0): b' 1022,14,10,1024,0,144,2,4,7,1,1,-52,0,900,7605,56,100,1,0,0 '
Received from ('fd00::200:0:0:c', 8765, 0, 0): b' 1024,12,9,1024,0,109,3,13,7,1,2,-70,1,573,5531,25,100,1,0,0 '
Received from ('fd00::200:0:0:12', 8765, 0, 0): b' 1023,18,15,1280,10,151,2,4,5,1,1,-70,2,1049,9262,54,100,2,0,0 '
Received from ('fd00::200:0:0:15', 8765, 0, 0): b' 1025,21,20,1536,0,134,2,7,5,1,1,-52,0,342,6222,41,100,1,0,0 '
Received from ('fd00::200:0:0:1', 5678, 0, 0): b' 1027,1,0,256,0,10,0,0,4,0,0,0,10,2299,23449,1054,100,2,0,0 '
Received from ('fd00::200:0:0:b', 8765, 0, 0): b' 1027,11,7,1024,0,180,2,7,7,1,1,-52,0,309,8772,60,100,1,0,0 '
Received from ('fd00::200:0:0:4', 8765, 0, 0): b' 1028,4,1,512,0,148,6,1,7,1,1,-66,7,2760,21111,68,100,2,0,0 '
Received from ('fd00::200:0:0:a', 8765, 0, 0): b' 1028,10,2,768,0,140,2,4,7,1,1,-95,7,2596,17761,58,100,2,0,0 '
Received from ('fd00::200:0:0:10', 8765, 0, 0): b' 1026,16,15,1280,0,158,5,10,7,1,3,-52,0,343,5119,46,100,1,0,0 '
Received from ('fd00::200:0:0:3', 8765, 0, 0): b' 1029,3,1,512,0,149,6,1,7,1,2,-64,1,367,7136,64,100,1,0,0 '
Received from ('fd00::200:0:0:7', 8765, 0, 0): b' 1029,7,4,768,0,166,4,11,7,1,2,-70,1,883,11509,63,100,2,0,0 '
Received from ('fd00::200:0:0:13', 8765, 0, 0): b' 1027,19,15,1280,0,143,3,4,7,1,1,-52,0,416,6018,55,100,1,0,0 '
Received from ('fd00::200:0:0:11', 8765, 0, 0): b' 1028,17,12,1280,0,146,4,6,7,1,2,-70,0,938,11337,47,100,2,0,0 '
Received from ('fd00::200:0:0:e', 8765, 0, 0): b' 1029,14,10,1024,0,145,2,4,7,1,1,-52,0,392,5470,56,100,1,0,0 '
Received from ('fd00::200:0:0:f', 8765, 0, 0): b' 1029,15,10,1024,0,146,2,13,7,1,1,-70,5,3452,29016,56,100,2,0,0 '
Received from ('fd00::200:0:0:c', 8765, 0, 0): b' 1030,12,9,1024,0,110,3,13,7,1,2,-70,1,606,6867,25,100,1,0,0 '
Received from ('fd00::200:0:0:6', 8765, 0, 0): b' 1031,6,3,768,0,158,6,7,7,1,3,-70,0,559,9965,43,100,2,0,0 '
Received from ('fd00::200:0:0:2', 8765, 0, 0): b' 1031,2,1,512,10,144,6,1,6,1,1,-88,8,2847,17525,69,100,2,0,0 '
Received from ('fd00::200:0:0:d', 8765, 0, 0): b' 1032,13,9,1024,0,85,2,13,7,1,1,-52,0,643,8425,20,100,2,0,0 '
Received from ('fd00::200:0:0:b', 8765, 0, 0): b' 1032,11,7,1024,0,181,2,7,7,1,1,-52,0,451,5531,61,100,1,0,0 '
Received from ('fd00::200:0:0:15', 8765, 0, 0): b' 1030,21,20,1536,0,136,2,7,5,1,1,-52,0,499,5464,41,100,1,0,0 '
Received from ('fd00::200:0:0:9', 8765, 0, 0): b' 1032,9,4,768,20,172,2,2,7,1,1,-70,3,1544,15056,64,100,2,0,0 '
Received from ('fd00::200:0:0:8', 8765, 0, 0): b' 1032,8,4,768,10,166,4,11,7,1,2,-52,0,392,9835,64,100,1,0,0 '
Received from ('fd00::200:0:0:5', 8765, 0, 0): b' 1034,5,1,512,0,149,6,1,6,1,1,-94,0,716,12008,69,100,2,0,0 '
Received from ('fd00::200:0:0:14', 8765, 0, 0): b' 1031,20,15,1280,0,134,4,6,7,1,2,-70,1,1232,13273,48,100,2,0,0 '
Received from ('fd00::200:0:0:a', 8765, 0, 0): b' 1034,10,2,768,0,140,2,4,7,1,1,-95,7,1863,13872,58,100,1,0,0 '
Received from ('fd00::200:0:0:12', 8765, 0, 0): b' 1032,18,15,1280,0,157,2,4,5,1,1,-70,2,926,9675,55,100,1,0,0 '
Received from ('fd00::200:0:0:e', 8765, 0, 0): b' 1034,14,10,1024,0,146,2,4,7,1,1,-52,0,424,4779,57,100,1,0,0 '
Received from ('fd00::200:0:0:10', 8765, 0, 0): b' 1032,16,15,1280,0,159,5,10,7,1,3,-52,0,393,5892,46,100,1,0,0 '
Received from ('fd00::200:0:0:3', 8765, 0, 0): b' 1036,3,1,512,0,150,6,1,7,1,2,-64,1,936,11215,65,100,2,0,0 '
Received from ('fd00::200:0:0:7', 8765, 0, 0): b' 1036,7,4,768,0,167,4,11,7,1,2,-70,1,969,12312,64,100,1,0,0 '
Received from ('fd00::200:0:0:b', 8765, 0, 0): b' 1037,11,7,1024,0,181,2,7,7,1,1,-52,0,284,6454,61,100,1,0,0 '
Received from ('fd00::200:0:0:8', 8765, 0, 0): b' 1036,8,4,768,0,167,4,11,7,1,2,-52,0,474,6305,64,100,1,0,0 '
Received from ('fd00::200:0:0:6', 8765, 0, 0): b' 1038,6,3,768,0,161,6,7,7,1,3,-70,0,659,7013,44,100,1,0,0 '
Received from ('fd00::200:0:0:13', 8765, 0, 0): b' 1035,19,15,1280,0,147,3,4,7,1,1,-52,0,793,8183,56,100,1,0,0 '
Received from ('fd00::200:0:0:4', 8765, 0, 0): b' 1038,4,1,512,0,148,6,1,7,1,1,-66,7,3336,25171,69,100,1,0,0 '
Received from ('fd00::200:0:0:2', 8765, 0, 0): b' 1038,2,1,512,0,146,6,1,6,1,1,-88,8,2358,14747,69,100,1,0,0 '
Received from ('fd00::200:0:0:9', 8765, 0, 0): b' 1038,9,4,768,10,173,2,2,7,1,1,-70,3,789,10796,64,100,1,0,0 '
Received from ('fd00::200:0:0:d', 8765, 0, 0): b' 1038,13,9,1024,10,88,2,13,7,1,1,-52,0,689,6719,21,100,1,0,0 '
Received from ('fd00::200:0:0:1', 5678, 0, 0): b' 1038,1,0,256,0,10,0,0,4,0,0,0,10,2832,28041,1070,100,2,0,0 '
Received from ('fd00::200:0:0:11', 8765, 0, 0): b' 1038,17,12,1280,10,148,4,6,7,1,2,-70,0,580,8885,48,100,1,0,0 '
Received from ('fd00::200:0:0:a', 8765, 0, 0): b' 1040,10,2,768,0,141,2,4,7,1,1,-95,7,1645,11989,59,100,1,0,0 '
Received from ('fd00::200:0:0:f', 8765, 0, 0): b' 1041,15,10,1024,0,151,2,13,7,1,1,-70,5,3158,29575,57,100,1,0,0 '
Received from ('fd00::200:0:0:7', 8765, 0, 0): b' 1041,7,4,768,0,168,4,11,7,1,2,-70,1,603,7253,64,100,1,0,0 '
Received from ('fd00::200:0:0:3', 8765, 0, 0): b' 1042,3,1,512,0,151,6,1,7,1,2,-64,1,630,8537,65,100,0,0,0 '
Received from ('fd00::200:0:0:c', 8765, 0, 0): b' 1041,12,9,1024,0,111,3,13,7,1,2,-70,1,1145,15073,26,100,2,0,0 '
Received from ('fd00::200:0:0:15', 8765, 0, 0): b' 1040,21,20,1536,0,138,2,7,5,1,1,-52,0,700,8996,42,100,2,0,0 '
Received from ('fd00::200:0:0:e', 8765, 0, 0): b' 1041,14,10,1024,0,149,2,4,7,1,1,-52,0,630,7635,57,100,1,0,0 '
Received from ('fd00::200:0:0:6', 8765, 0, 0): b' 1043,6,3,768,0,161,6,7,7,1,3,-70,0,282,5168,44,100,1,0,0 '
Received from ('fd00::200:0:0:10', 8765, 0, 0): b' 1040,16,15,1280,0,162,5,10,7,1,3,-52,0,784,8339,47,100,2,0,0 '
Received from ('fd00::200:0:0:5', 8765, 0, 0): b' 1043,5,1,512,0,149,6,1,6,1,1,-94,0,574,12477,70,100,2,0,0 '
Received from ('fd00::200:0:0:11', 8765, 0, 0): b' 1043,17,12,1280,0,151,4,6,7,1,2,-70,0,608,5594,48,100,1,0,0 '
Received from ('fd00::200:0:0:b', 8765, 0, 0): b' 1044,11,7,1024,10,183,2,7,7,1,1,-52,0,498,8112,61,100,1,0,0 '
Received from ('fd00::200:0:0:2', 8765, 0, 0): b' 1043,2,1,512,10,148,6,1,6,1,1,-88,8,1682,11822,70,100,1,0,0 '
Received from ('fd00::200:0:0:14', 8765, 0, 0): b' 1043,20,15,1280,0,138,4,6,7,1,2,-70,1,1355,14706,48,100,2,0,0 '
Received from ('fd00::200:0:0:12', 8765, 0, 0): b' 1042,18,15,1280,10,162,2,4,5,1,1,-70,2,1015,10386,56,100,3,0,0 '
Received from ('fd00::200:0:0:4', 8765, 0, 0): b' 1045,4,1,512,20,149,6,1,7,1,1,-66,7,2777,21993,69,100,2,0,0 '
Received from ('fd00::200:0:0:13', 8765, 0, 0): b' 1046,19,15,1280,0,149,3,4,7,1,1,-52,0,700,9878,57,100,2,0,0 '
Received from ('fd00::200:0:0:c', 8765, 0, 0): b' 1046,12,9,1024,0,112,3,13,7,1,2,-70,1,636,5899,26,100,1,0,0 '
Received from ('fd00::200:0:0:1', 5678, 0, 0): b' 1047,1,0,256,0,10,0,0,4,0,0,0,10,2174,22081,1084,100,1,0,0 '
Received from ('fd00::200:0:0:f', 8765, 0, 0): b' 1047,15,10,1024,0,151,2,13,7,1,1,-70,5,2219,20809,57,100,2,0,0 '
Received from ('fd00::200:0:0:10', 8765, 0, 0): b' 1046,16,15,1280,0,164,5,10,7,1,3,-52,0,500,5783,47,100,1,0,0 '
Received from ('fd00::200:0:0:8', 8765, 0, 0): b' 1046,8,4,768,0,171,4,11,7,1,2,-52,0,940,12077,65,100,2,0,0 '
Received from ('fd00::200:0:0:a', 8765, 0, 0): b' 1047,10,2,768,0,145,2,4,7,1,1,-95,7,2937,19861,59,100,2,0,0 '
Received from ('fd00::200:0:0:d', 8765, 0, 0): b' 1047,13,9,1024,0,89,2,13,7,1,1,-52,0,551,8082,21,100,2,0,0 '
Received from ('fd00::200:0:0:15', 8765, 0, 0): b' 1047,21,20,1536,0,139,2,7,5,1,1,-52,0,416,7066,42,100,1,0,0 '
Received from ('fd00::200:0:0:12', 8765, 0, 0): b' 1047,18,15,1280,0,163,2,4,5,1,1,-70,2,395,4668,56,100,1,0,0 '
Received from ('fd00::200:0:0:7', 8765, 0, 0): b' 1047,7,4,768,0,169,4,11,7,1,2,-70,1,945,11540,65,100,1,0,0 '
Received from ('fd00::200:0:0:2', 8765, 0, 0): b' 1049,2,1,512,10,148,6,1,6,1,1,-88,8,2120,12697,70,100,1,0,0 '
Received from ('fd00::200:0:0:9', 8765, 0, 0): b' 1047,9,4,768,10,175,2,2,7,1,1,-70,3,2379,20383,65,100,2,0,0 '
Received from ('fd00::200:0:0:e', 8765, 0, 0): b' 1049,14,10,1024,10,152,2,4,7,1,1,-52,0,753,7341,58,100,3,0,0 '
Received from ('fd00::200:0:0:11', 8765, 0, 0): b' 1049,17,12,1280,0,152,4,6,7,1,2,-70,0,392,5113,48,100,1,0,0 '
Received from ('fd00::200:0:0:14', 8765, 0, 0): b' 1049,20,15,1280,0,140,4,6,7,1,2,-70,1,915,8660,49,100,1,0,0 '
Received from ('fd00::200:0:0:c', 8765, 0, 0): b' 1051,12,9,1024,0,113,3,13,7,1,2,-70,1,686,7024,27,100,1,0,0 '
Received from ('fd00::200:0:0:f', 8765, 0, 0): b' 1052,15,10,1024,0,151,2,13,7,1,1,-70,5,1536,11645,58,100,1,0,0 '
Received from ('fd00::200:0:0:3', 8765, 0, 0): b' 1052,3,1,512,10,152,6,1,7,1,2,-64,1,1165,17368,66,100,3,0,0 '
Received from ('fd00::200:0:0:6', 8765, 0, 0): b' 1051,6,3,768,0,162,6,7,7,1,3,-70,0,590,9013,45,100,2,0,0 '
Received from ('fd00::200:0:0:4', 8765, 0, 0): b' 1052,4,1,512,10,152,6,1,7,1,1,-66,7,2465,17017,70,100,1,0,0 '
Received from ('fd00::200:0:0:13', 8765, 0, 0): b' 1052,19,15,1280,0,152,3,4,7,1,1,-52,0,606,6365,57,100,1,0,0 '
Received from ('fd00::200:0:0:5', 8765, 0, 0): b' 1054,5,1,512,0,150,6,1,6,1,1,-94,0,559,13039,70,100,2,0,0 '
Received from ('fd00::200:0:0:8', 8765, 0, 0): b' 1054,8,4,768,0,172,4,11,7,1,2,-52,0,415,9632,65,100,1,0,0 '
Received from ('fd00::200:0:0:10', 8765, 0, 0): b' 1054,16,15,1280,0,166,5,10,7,1,3,-52,0,556,6695,48,100,1,0,0 '
Received from ('fd00::200:0:0:b', 8765, 0, 0): b' 1055,11,7,1024,0,185,2,7,7,1,1,-52,0,752,14174,62,100,2,0,0 '
Received from ('fd00::200:0:0:1', 5678, 0, 0): b' 1056,1,0,256,0,10,0,0,4,0,0,0,10,1924,19265,1092,100,2,0,0 '
Received from ('fd00::200:0:0:d', 8765, 0, 0): b' 1055,13,9,1024,0,93,2,13,7,1,1,-52,0,792,8535,22,100,1,0,0 '
Received from ('fd00::200:0:0:e', 8765, 0, 0): b' 1054,14,10,1024,10,153,2,4,7,1,1,-52,0,393,5753,58,100,1,0,0 '
Received from ('fd00::200:0:0:7', 8765, 0, 0): b' 1055,7,4,768,0,169,4,11,7,1,2,-70,1,750,12406,65,100,2,0,0 '
Received from ('fd00::200:0:0:12', 8765, 0, 0): b' 1055,18,15,1280,0,168,2,4,5,1,1,-70,2,973,7424,57,100,2,0,0 '
Received from ('fd00::200:0:0:c', 8765, 0, 0): b' 1056,12,9,1024,10,114,3,13,7,1,2,-70,1,601,6627,27,100,1,0,0 '
Received from ('fd00::200:0:0:15', 8765, 0, 0): b' 1055,21,20,1536,0,141,2,7,5,1,1,-52,0,652,7281,43,100,2,0,0 '
Received from ('fd00::200:0:0:11', 8765, 0, 0): b' 1057,17,12,1280,0,154,4,6,7,1,2,-70,0,676,7486,49,100,2,0,0 '
Received from ('fd00::200:0:0:3', 8765, 0, 0): b' 1057,3,1,512,0,153,6,1,7,1,2,-64,1,697,8732,66,100,1,0,0 '
Received from ('fd00::200:0:0:14', 8765, 0, 0): b' 1056,20,15,1280,0,143,4,6,7,1,2,-70,1,969,9067,49,100,1,0,0 '
Received from ('fd00::200:0:0:9', 8765, 0, 0): b' 1057,9,4,768,10,177,2,2,7,1,1,-70,3,1941,19337,66,100,1,0,0 '
Received from ('fd00::200:0:0:f', 8765, 0, 0): b' 1058,15,10,1024,0,151,2,13,7,1,1,-70,5,1942,17113,58,100,1,0,0 '
Received from ('fd00::200:0:0:a', 8765, 0, 0): b' 1057,10,2,768,0,147,2,4,7,1,1,-95,7,3370,22993,60,100,2,0,0 '
Received from ('fd00::200:0:0:5', 8765, 0, 0): b' 1059,5,1,512,0,152,6,1,6,1,1,-94,0,548,6326,71,100,1,0,0 '
Received from ('fd00::200:0:0:2', 8765, 0, 0): b' 1059,2,1,512,10,150,6,1,6,1,1,-88,8,3033,19066,71,100,2,0,0 '
Received from ('fd00::200:0:0:10', 8765, 0, 0): b' 1059,16,15,1280,0,168,5,10,7,1,3,-52,0,500,5639,48,100,1,0,0 '
Received from ('fd00::200:0:0:4', 8765, 0, 0): b' 1060,4,1,512,20,154,6,1,7,1,1,-66,7,2526,19638,70,100,2,0,0 '
Received from ('fd00::200:0:0:8', 8765, 0, 0): b' 1060,8,4,768,0,172,4,11,7,1,2,-52,0,436,7430,66,100,2,0,0 '
Received from ('fd00::200:0:0:1', 5678, 0, 0): b' 1062,1,0,256,0,10,0,0,4,0,0,0,10,1820,16670,1104,100,1,0,0 '
Received from ('fd00::200:0:0:6', 8765, 0, 0): b' 1062,6,3,768,0,165,6,7,7,1,3,-70,0,804,10177,46,100,2,0,0 '
Received from ('fd00::200:0:0:e', 8765, 0, 0): b' 1062,14,10,1024,0,154,2,4,7,1,1,-52,0,473,6939,59,100,1,0,0 '
Received from ('fd00::200:0:0:7', 8765, 0, 0): b' 1062,7,4,768,0,172,4,11,7,1,2,-70,1,894,10622,66,100,1,0,0 '
Received from ('fd00::200:0:0:3', 8765, 0, 0): b' 1063,3,1,512,0,156,6,1,7,1,2,-64,1,929,9535,67,100,0,0,0 '
Received from ('fd00::200:0:0:15', 8765, 0, 0): b' 1062,21,20,1536,0,144,2,7,5,1,1,-52,0,630,6526,43,100,1,0,0 '
Received from ('fd00::200:0:0:c', 8765, 0, 0): b' 1063,12,9,1024,0,116,3,13,7,1,2,-70,1,901,9567,28,100,1,0,0 '
Received from ('fd00::200:0:0:5', 8765, 0, 0): b' 1064,5,1,512,0,153,6,1,6,1,1,-94,0,389,6178,71,100,1,0,0 '
Received from ('fd00::200:0:0:12', 8765, 0, 0): b' 1063,18,15,1280,0,170,2,4,5,1,1,-70,2,523,7682,57,100,1,0,0 '
Received from ('fd00::200:0:0:b', 8765, 0, 0): b' 1064,11,7,1024,0,187,2,7,7,1,1,-52,0,728,11947,63,100,2,0,0 '
Received from ('fd00::200:0:0:11', 8765, 0, 0): b' 1065,17,12,1280,0,158,4,6,7,1,2,-70,0,834,8249,49,100,2,0,0 '
Received from ('fd00::200:0:0:f', 8765, 0, 0): b' 1064,15,10,1024,10,152,2,13,7,1,1,-70,5,1688,17132,59,100,1,0,0 '
Received from ('fd00::200:0:0:13', 8765, 0, 0): b' 1063,19,15,1280,10,157,3,4,7,1,1,-52,0,1015,10890,58,100,3,0,0 '
Received from ('fd00::200:0:0:d', 8765, 0, 0): b' 1066,13,9,1024,0,95,2,13,7,1,1,-52,0,820,10725,23,100,3,0,0 '
Received from ('fd00::200:0:0:14', 8765, 0, 0): b' 1064,20,15,1280,10,145,4,6,7,1,2,-70,1,1039,11238,50,100,2,0,0 '
Received from ('fd00::200:0:0:2', 8765, 0, 0): b' 1066,2,1,512,0,153,6,1,6,1,1,-88,8,2516,15353,71,100,1,0,0 '
Received from ('fd00::200:0:0:4', 8765, 0, 0): b' 1069,4,1,512,0,155,6,1,7,1,1,-66,7,2654,21941,71,100,1,0,0 '
Received from ('fd00::200:0:0:15', 8765, 0, 0): b' 1069,21,20,1536,0,145,2,7,5,1,1,-52,0,448,5977,44,100,1,0,0 '
Received from ('fd00::200:0:0:9', 8765, 0, 0): b' 1069,9,4,768,10,178,2,2,7,1,1,-70,3,1719,21650,66,100,2,0,0 '
Received from ('fd00::200:0:0:7', 8765, 0, 0): b' 1069,7,4,768,10,175,4,11,7,1,2,-70,1,983,11893,66,100,1,0,0 '
Received from ('fd00::200:0:0:6', 8765, 0, 0): b' 1070,6,3,768,0,167,6,7,7,1,3,-70,0,521,7335,46,100,1,0,0 '
Received from ('fd00::200:0:0:a', 8765, 0, 0): b' 1069,10,2,768,0,148,2,4,7,1,1,-95,7,3094,25588,61,100,2,0,0 '
Received from ('fd00::200:0:0:c', 8765, 0, 0): b' 1070,12,9,1024,0,117,3,13,7,1,2,-70,1,834,8899,28,100,1,0,0 '
Received from ('fd00::200:0:0:3', 8765, 0, 0): b' 1071,3,1,512,0,158,6,1,7,1,2,-64,1,937,11958,67,100,2,0,0 '
Received from ('fd00::200:0:0:10', 8765, 0, 0): b' 1070,16,15,1280,0,171,5,10,7,1,3,-52,0,808,10255,49,100,2,0,0 '
Received from ('fd00::200:0:0:2', 8765, 0, 0): b' 1071,2,1,512,0,155,6,1,6,1,1,-88,8,1238,9145,72,100,1,0,0 '
Received from ('fd00::200:0:0:8', 8765, 0, 0): b' 1071,8,4,768,0,176,4,11,7,1,2,-52,0,908,14750,66,100,2,0,0 '
Received from ('fd00::200:0:0:e', 8765, 0, 0): b' 1072,14,10,1024,0,157,2,4,7,1,1,-52,0,751,9943,59,100,2,0,0 '
Received from ('fd00::200:0:0:11', 8765, 0, 0): b' 1073,17,12,1280,0,161,4,6,7,1,2,-70,0,686,8119,50,100,1,0,0 '
Received from ('fd00::200:0:0:1', 5678, 0, 0): b' 1074,1,0,256,0,10,0,0,4,0,0,0,10,2743,27686,1115,100,2,0,0 '
Received from ('fd00::200:0:0:12', 8765, 0, 0): b' 1073,18,15,1280,0,170,2,4,5,1,1,-70,2,486,8507,58,100,2,0,0 '
Received from ('fd00::200:0:0:d', 8765, 0, 0): b' 1075,13,9,1024,0,97,2,13,7,1,1,-52,0,523,7735,23,100,1,0,0 '
Received from ('fd00::200:0:0:b', 8765, 0, 0): b' 1073,11,7,1024,0,190,2,7,7,1,1,-52,0,751,12528,63,100,2,0,0 '
Received from ('fd00::200:0:0:5', 8765, 0, 0): b' 1075,5,1,512,0,157,6,1,6,1,1,-94,0,930,13512,72,100,2,0,0 '
Received from ('fd00::200:0:0:c', 8765, 0, 0): b' 1075,12,9,1024,0,119,3,13,7,1,2,-70,1,764,6637,28,100,1,0,0 '
Received from ('fd00::200:0:0:a', 8765, 0, 0): b' 1075,10,2,768,0,148,2,4,7,1,1,-95,7,1063,10186,61,100,1,0,0 '
Received from ('fd00::200:0:0:10', 8765, 0, 0): b' 1075,16,15,1280,10,171,5,10,7,1,3,-52,0,263,3845,49,100,1,0,0 '
Received from ('fd00::200:0:0:14', 8765, 0, 0): b' 1075,20,15,1280,0,147,4,6,7,1,2,-70,1,1075,12556,50,100,2,0,0 '
Received from ('fd00::200:0:0:9', 8765, 0, 0): b' 1074,9,4,768,0,181,2,2,7,1,1,-70,3,1758,14323,67,100,2,0,0 '
Received from ('fd00::200:0:0:4', 8765, 0, 0): b' 1076,4,1,512,10,157,6,1,7,1,1,-66,7,3383,21490,72,100,2,0,0 '
Received from ('fd00::200:0:0:3', 8765, 0, 0): b' 1077,3,1,512,0,160,6,1,7,1,2,-64,1,826,9994,68,100,1,0,0 '
Received from ('fd00::200:0:0:f', 8765, 0, 0): b' 1076,15,10,1024,10,155,2,13,7,1,1,-70,5,3079,30188,59,100,2,0,0 '
Received from ('fd00::200:0:0:13', 8765, 0, 0): b' 1076,19,15,1280,0,161,3,4,7,1,1,-52,0,1038,11572,59,100,3,0,0 '
Received from ('fd00::200:0:0:6', 8765, 0, 0): b' 1077,6,3,768,10,170,6,7,7,1,3,-70,0,756,7568,47,100,2,0,0 '
Received from ('fd00::200:0:0:7', 8765, 0, 0): b' 1077,7,4,768,0,182,4,11,7,1,2,-70,1,1818,15536,67,100,2,0,0 '
Received from ('fd00::200:0:0:11', 8765, 0, 0): b' 1079,17,12,1280,0,164,4,6,7,1,2,-70,0,606,6012,50,100,1,0,0 '
Received from ('fd00::200:0:0:5', 8765, 0, 0): b' 1081,5,1,512,0,158,6,1,6,1,1,-94,0,390,6204,72,100,1,0,0 '
Received from ('fd00::200:0:0:15', 8765, 0, 0): b' 1080,21,20,1536,0,148,2,7,5,1,1,-52,0,751,10493,44,100,2,0,0 '
Received from ('fd00::200:0:0:b', 8765, 0, 0): b' 1079,11,7,1024,0,192,2,7,7,1,1,-52,0,583,7771,64,100,1,0,0 '
Received from ('fd00::200:0:0:1', 5678, 0, 0): b' 1082,1,0,256,0,10,0,0,4,0,0,0,10,2162,20319,1129,100,2,0,0 '
Received from ('fd00::200:0:0:f', 8765, 0, 0): b' 1081,15,10,1024,10,156,2,13,7,1,1,-70,5,1432,13472,60,100,1,0,0 '
Received from ('fd00::200:0:0:12', 8765, 0, 0): b' 1082,18,15,1280,0,171,2,4,5,1,1,-70,2,416,8054,58,100,1,0,0 '
Received from ('fd00::200:0:0:8', 8765, 0, 0): b' 1084,8,4,768,0,180,4,11,7,1,2,-52,0,941,12846,67,100,2,0,0 '
Received from ('fd00::200:0:0:2', 8765, 0, 0): b' 1084,2,1,512,10,157,6,1,6,1,1,-88,8,3153,21883,72,100,2,0,0 '
Received from ('fd00::200:0:0:3', 8765, 0, 0): b' 1084,3,1,512,10,162,6,1,7,1,2,-64,1,737,10212,68,100,1,0,0 '
Received from ('fd00::200:0:0:d', 8765, 0, 0): b' 1084,13,9,1024,0,101,2,13,7,1,1,-52,0,920,9381,24,100,3,0,0 '
Received from ('fd00::200:0:0:14', 8765, 0, 0): b' 1083,20,15,1280,0,149,4,6,7,1,2,-70,1,1052,10517,51,100,1,0,0 '
Received from ('fd00::200:0:0:13', 8765, 0, 0): b' 1083,19,15,1280,0,164,3,4,7,1,1,-52,0,632,6955,59,100,1,0,0 '
Received from ('fd00::200:0:0:c', 8765, 0, 0): b' 1085,12,9,1024,0,120,3,13,7,1,2,-70,1,1064,13237,29,100,2,0,0 '
Received from ('fd00::200:0:0:a', 8765, 0, 0): b' 1084,10,2,768,30,151,2,4,7,1,1,-95,7,3240,21833,62,100,2,0,0 '
Received from ('fd00::200:0:0:e', 8765, 0, 0): b' 1084,14,10,1024,0,161,2,4,7,1,1,-52,0,938,11526,60,100,2,0,0 '
Received from ('fd00::200:0:0:9', 8765, 0, 0): b' 1086,9,4,768,0,186,2,2,7,1,1,-70,3,2155,19842,68,100,2,0,0 '
Received from ('fd00::200:0:0:10', 8765, 0, 0): b' 1086,16,15,1280,10,174,5,10,7,1,3,-52,0,726,10438,50,100,2,0,0 '
Received from ('fd00::200:0:0:8', 8765, 0, 0): b' 1088,8,4,768,0,182,4,11,7,1,2,-52,0,377,5589,67,100,0,0,0 '
Received from ('fd00::200:0:0:4', 8765, 0, 0): b' 1088,4,1,512,0,158,6,1,7,1,1,-66,7,3024,26151,72,100,2,0,0 '
Received from ('fd00::200:0:0:15', 8765, 0, 0): b' 1087,21,20,1536,0,152,2,7,5,1,1,-52,0,885,7231,45,100,3,0,0 '
Received from ('fd00::200:0:0:7', 8765, 0, 0): b' 1088,7,4,768,0,184,4,11,7,1,2,-70,1,923,14632,67,100,1,0,0 '
Received from ('fd00::200:0:0:6', 8765, 0, 0): b' 1088,6,3,768,0,174,6,7,7,1,3,-70,0,880,10575,47,100,2,0,0 '
Received from ('fd00::200:0:0:3', 8765, 0, 0): b' 1090,3,1,512,10,163,6,1,7,1,2,-64,1,709,8536,68,100,1,0,0 '
Received from ('fd00::200:0:0:12', 8765, 0, 0): b' 1089,18,15,1280,0,173,2,4,5,1,1,-70,2,676,6570,59,100,2,0,0 '
Received from ('fd00::200:0:0:1', 5678, 0, 0): b' 1089,1,0,256,0,10,0,0,4,0,0,0,10,1592,17187,1135,100,1,0,0 '
Received from ('fd00::200:0:0:c', 8765, 0, 0): b' 1089,12,9,1024,0,121,3,13,7,1,2,-70,1,482,5593,29,100,1,0,0 '
Received from ('fd00::200:0:0:14', 8765, 0, 0): b' 1089,20,15,1280,0,149,4,6,7,1,2,-70,1,581,7717,51,100,1,0,0 '
Received from ('fd00::200:0:0:5', 8765, 0, 0): b' 1090,5,1,512,10,161,6,1,6,1,1,-94,0,702,11750,73,100,1,0,0 '
Received from ('fd00::200:0:0:11', 8765, 0, 0): b' 1090,17,12,1280,0,167,4,6,7,1,2,-70,0,831,10789,51,100,2,0,0 '
Received from ('fd00::200:0:0:13', 8765, 0, 0): b' 1091,19,15,1280,0,167,3,4,7,1,1,-52,0,686,8465,60,100,1,0,0 '
Received from ('fd00::200:0:0:9', 8765, 0, 0): b' 1092,9,4,768,0,187,2,2,7,1,1,-70,3,1044,11535,68,100,1,0,0 '
Received from ('fd00::200:0:0:6', 8765, 0, 0): b' 1092,6,3,768,0,174,6,7,7,1,3,-70,0,218,4146,48,100,0,0,0 '
Received from ('fd00::200:0:0:b', 8765, 0, 0): b' 1092,11,7,1024,10,196,2,7,7,1,1,-52,0,926,13111,65,100,2,0,0 '
Received from ('fd00::200:0:0:4', 8765, 0, 0): b' 1094,4,1,512,20,158,6,1,7,1,1,-66,7,2178,16032,73,100,1,0,0 '
Received from ('fd00::200:0:0:f', 8765, 0, 0): b' 1092,15,10,1024,10,163,2,13,7,1,1,-70,5,3727,30885,60,100,2,0,0 '
Received from ('fd00::200:0:0:8', 8765, 0, 0): b' 1094,8,4,768,0,185,4,11,7,1,2,-52,0,682,7437,68,100,2,0,0 '
Received from ('fd00::200:0:0:2', 8765, 0, 0): b' 1094,2,1,512,20,162,6,1,6,1,1,-88,8,3013,20051,73,100,2,0,0 '
Received from ('fd00::200:0:0:d', 8765, 0, 0): b' 1094,13,9,1024,0,103,2,13,7,1,1,-52,0,700,9457,25,100,2,0,0 '
Received from ('fd00::200:0:0:c', 8765, 0, 0): b' 1095,12,9,1024,0,122,3,13,7,1,2,-70,1,714,7596,30,100,1,0,0 '
Received from ('fd00::200:0:0:15', 8765, 0, 0): b' 1093,21,20,1536,0,153,2,7,5,1,1,-52,0,392,5682,45,100,1,0,0 '
Received from ('fd00::200:0:0:1', 5678, 0, 0): b' 1096,1,0,256,0,10,0,0,4,0,0,0,10,1699,15784,1147,100,1,0,0 '
Received from ('fd00::200:0:0:12', 8765, 0, 0): b' 1095,18,15,1280,0,175,2,4,5,1,1,-70,2,499,5902,59,100,1,0,0 '
Received from ('fd00::200:0:0:7', 8765, 0, 0): b' 1097,7,4,768,0,186,4,11,7,1,2,-70,1,1259,13794,68,100,2,0,0 '
Received from ('fd00::200:0:0:a', 8765, 0, 0): b' 1095,10,2,768,0,153,2,4,7,1,1,-95,7,3350,25244,63,100,2,0,0 '
Received from ('fd00::200:0:0:5', 8765, 0, 0): b' 1097,5,1,512,0,162,6,1,6,1,1,-94,0,512,8555,73,100,2,0,0 '
Received from ('fd00::200:0:0:e', 8765, 0, 0): b' 1096,14,10,1024,0,164,2,4,7,1,1,-52,0,903,11518,61,100,2,0,0 '
Received from ('fd00::200:0:0:11', 8765, 0, 0): b' 1097,17,12,1280,0,169,4,6,7,1,2,-70,0,500,6712,51,100,1,0,0 '
Received from ('fd00::200:0:0:10', 8765, 0, 0): b' 1097,16,15,1280,0,175,5,10,7,1,3,-52,0,647,10646,50,100,2,0,0 '
Received from ('fd00::200:0:0:15', 8765, 0, 0): b' 1098,21,20,1536,0,156,2,7,5,1,1,-52,0,638,5001,46,100,1,0,0 '
Received from ('fd00::200:0:0:f', 8765, 0, 0): b' 1098,15,10,1024,0,165,2,13,7,1,1,-70,5,1844,15548,61,100,1,0,0 '
Received from ('fd00::200:0:0:d', 8765, 0, 0): b' 1100,13,9,1024,0,104,2,13,7,1,1,-52,0,462,5775,25,100,1,0,0 '
Received from ('fd00::200:0:0:3', 8765, 0, 0): b' 1101,3,1,512,0,164,6,1,7,1,2,-64,1,1094,17466,69,100,2,0,0 '
Received from ('fd00::200:0:0:14', 8765, 0, 0): b' 1100,20,15,1280,0,153,4,6,7,1,2,-70,1,1589,15142,52,100,2,0,0 '
Received from ('fd00::200:0:0:4', 8765, 0, 0): b' 1101,4,1,512,0,162,6,1,7,1,1,-66,7,2358,17743,73,100,1,0,0 '
Received from ('fd00::200:0:0:9', 8765, 0, 0): b' 1101,9,4,768,0,189,2,2,7,1,1,-70,3,1741,17412,69,100,1,0,0 '
Received from ('fd00::200:0:0:13', 8765, 0, 0): b' 1101,19,15,1280,0,170,3,4,7,1,1,-52,0,751,9364,60,100,2,0,0 '
Received from ('fd00::200:0:0:b', 8765, 0, 0): b' 1102,11,7,1024,10,201,2,7,7,1,1,-52,0,911,12891,65,100,2,0,0 '
Received from ('fd00::200:0:0:8', 8765, 0, 0): b' 1103,8,4,768,0,187,4,11,7,1,2,-52,0,642,10906,68,100,2,0,0 '
Received from ('fd00::200:0:0:c', 8765, 0, 0): b' 1103,12,9,1024,0,124,3,14,7,1,2,-70,1,966,10298,30,100,2,0,0 '
Received from ('fd00::200:0:0:6', 8765, 0, 0): b' 1104,6,3,768,0,176,6,7,7,1,3,-70,0,665,10628,48,100,2,0,0 '
Received from ('fd00::200:0:0:1', 5678, 0, 0): b' 1104,1,0,256,0,10,0,0,4,0,0,0,10,1974,20136,1156,100,2,0,0 '
Received from ('fd00::200:0:0:2', 8765, 0, 0): b' 1105,2,1,512,0,165,6,1,6,1,1,-88,8,3263,20794,74,100,2,0,0 '
Received from ('fd00::200:0:0:a', 8765, 0, 0): b' 1104,10,2,768,10,154,2,4,7,1,1,-95,7,1988,17501,63,100,1,0,0 '
Received from ('fd00::200:0:0:3', 8765, 0, 0): b' 1106,3,1,512,10,165,6,1,7,1,2,-64,1,702,8852,70,100,1,0,0 '
Received from ('fd00::200:0:0:e', 8765, 0, 0): b' 1104,14,10,1024,10,166,2,4,7,1,1,-52,0,514,7749,61,100,2,0,0 '
Received from ('fd00::200:0:0:7', 8765, 0, 0): b' 1106,7,4,768,10,188,4,11,7,1,2,-70,1,966,14641,68,100,1,0,0 '
Received from ('fd00::200:0:0:f', 8765, 0, 0): b' 1105,15,10,1024,0,166,2,13,7,1,1,-70,5,1613,18324,61,100,1,0,0 '
Received from ('fd00::200:0:0:10', 8765, 0, 0): b' 1105,16,15,1280,10,178,5,10,7,1,3,-52,0,899,8901,51,100,1,0,0 '
Received from ('fd00::200:0:0:11', 8765, 0, 0): b' 1107,17,12,1280,0,171,4,6,7,1,2,-70,0,700,9095,52,100,2,0,0 '
Received from ('fd00::200:0:0:12', 8765, 0, 0): b' 1106,18,15,1280,0,176,2,4,5,1,1,-70,2,593,9965,60,100,2,0,0 '
Received from ('fd00::200:0:0:9', 8765, 0, 0): b' 1108,9,4,768,10,190,2,2,7,1,1,-70,3,1221,13735,69,100,2,0,0 '
Received from ('fd00::200:0:0:4', 8765, 0, 0): b' 1109,4,1,512,30,164,6,1,7,1,1,-66,7,2785,20802,74,100,1,0,0 '
Received from ('fd00::200:0:0:2', 8765, 0, 0): b' 1109,2,1,512,10,166,6,1,6,1,1,-88,8,1452,8562,74,100,1,0,0 '
Received from ('fd00::200:0:0:14', 8765, 0, 0): b' 1108,20,15,1280,0,158,4,6,7,1,2,-70,1,1140,10651,53,100,2,0,0 '
Received from ('fd00::200:0:0:5', 8765, 0, 0): b' 1109,5,1,512,0,166,6,1,6,1,1,-94,0,1018,14697,74,100,3,0,0 '
Received from ('fd00::200:0:0:b', 8765, 0, 0): b' 1109,11,7,1024,0,203,2,7,7,1,1,-52,0,685,8389,66,100,2,0,0 '
Received from ('fd00::200:0:0:15', 8765, 0, 0): b' 1109,21,20,1536,10,159,2,7,5,1,1,-52,0,775,10681,47,100,2,0,0 '
Received from ('fd00::200:0:0:c', 8765, 0, 0): b' 1110,12,9,1024,0,127,3,14,7,1,2,-70,1,1077,10378,31,100,2,0,0 '
Received from ('fd00::200:0:0:d', 8765, 0, 0): b' 1111,13,9,1024,0,104,2,13,7,1,1,-52,0,486,10226,26,100,2,0,0 '
Received from ('fd00::200:0:0:6', 8765, 0, 0): b' 1112,6,3,768,0,177,6,7,7,1,3,-70,0,543,7129,49,100,2,0,0 '
Received from ('fd00::200:0:0:a', 8765, 0, 0): b' 1111,10,2,768,0,158,2,4,7,1,1,-95,7,2519,16184,64,100,1,0,0 '
Received from ('fd00::200:0:0:13', 8765, 0, 0): b' 1111,19,15,1280,0,172,3,4,7,1,1,-52,0,700,9709,61,100,2,0,0 '
Received from ('fd00::200:0:0:11', 8765, 0, 0): b' 1112,17,12,1280,0,171,4,6,7,1,2,-70,0,341,5214,53,100,1,0,0 '
Received from ('fd00::200:0:0:e', 8765, 0, 0): b' 1111,14,10,1024,10,167,2,4,7,1,1,-52,0,473,6807,62,100,1,0,0 '
Received from ('fd00::200:0:0:10', 8765, 0, 0): b' 1112,16,15,1280,0,178,5,10,7,1,3,-52,0,311,6116,51,100,1,0,0 '
Received from ('fd00::200:0:0:8', 8765, 0, 0): b' 1114,8,4,768,10,188,4,11,7,1,2,-52,0,620,13846,69,100,2,0,0 '
Received from ('fd00::200:0:0:f', 8765, 0, 0): b' 1113,15,10,1024,0,169,2,13,7,1,1,-70,5,2694,21947,62,100,2,0,0 '
Received from ('fd00::200:0:0:3', 8765, 0, 0): b' 1115,3,1,512,10,168,6,1,7,1,2,-64,1,994,13128,70,100,2,0,0 '
Received from ('fd00::200:0:0:5', 8765, 0, 0): b' 1115,5,1,512,0,167,6,1,6,1,1,-94,0,391,6799,74,100,1,0,0 '
Received from ('fd00::200:0:0:c', 8765, 0, 0): b' 1116,12,9,1024,0,128,3,14,7,1,2,-70,1,672,6134,31,100,1,0,0 '
Received from ('fd00::200:0:0:b', 8765, 0, 0): b' 1115,11,7,1024,0,205,2,7,7,1,1,-52,0,498,7844,66,100,1,0,0 '
Received from ('fd00::200:0:0:1', 5678, 0, 0): b' 1116,1,0,256,0,10,0,0,4,0,0,0,10,2978,28423,1173,100,2,0,0 '
Received from ('fd00::200:0:0:9', 8765, 0, 0): b' 1117,9,4,768,0,190,2,2,7,1,1,-70,3,1474,16047,70,100,1,0,0 '
Received from ('fd00::200:0:0:d', 8765, 0, 0): b' 1117,13,9,1024,0,105,2,13,7,1,1,-52,0,393,5580,26,100,1,0,0 '
Received from ('fd00::200:0:0:e', 8765, 0, 0): b' 1116,14,10,1024,0,170,2,4,7,1,1,-52,0,690,5289,62,100,1,0,0 '
Received from ('fd00::200:0:0:7', 8765, 0, 0): b' 1118,7,4,768,0,191,4,11,7,1,2,-70,1,1626,18974,69,100,3,0,0 '
Received from ('fd00::200:0:0:12', 8765, 0, 0): b' 1117,18,15,1280,0,180,2,4,5,1,1,-70,2,938,11514,61,100,2,0,0 '
Received from ('fd00::200:0:0:2', 8765, 0, 0): b' 1118,2,1,512,0,167,6,1,6,1,1,-88,8,2855,19142,75,100,2,0,0 '
Received from ('fd00::200:0:0:14', 8765, 0, 0): b' 1118,20,15,1280,10,160,4,6,7,1,2,-70,1,1049,13353,53,100,1,0,0 '
Received from ('fd00::200:0:0:4', 8765, 0, 0): b' 1119,4,1,512,0,166,6,1,7,1,1,-66,7,3046,25321,74,100,2,0,0 '
Received from ('fd00::200:0:0:15', 8765, 0, 0): b' 1118,21,20,1536,0,161,2,7,5,1,1,-52,0,581,8153,47,100,1,0,0 '
Received from ('fd00::200:0:0:a', 8765, 0, 0): b' 1119,10,2,768,0,161,2,4,7,1,1,-95,7,2636,19571,64,100,2,0,0 '
Received from ('fd00::200:0:0:1', 5678, 0, 0): b' 1121,1,0,256,0,10,0,0,4,0,0,0,10,1295,12744,1181,100,1,0,0 '
Received from ('fd00::200:0:0:13', 8765, 0, 0): b' 1121,19,15,1280,0,174,3,4,7,1,1,-52,0,700,9563,62,100,2,0,0 '
Received from ('fd00::200:0:0:11', 8765, 0, 0): b' 1123,17,12,1280,0,174,4,6,7,1,2,-70,0,931,8487,53,100,3,0,0 '
Received from ('fd00::200:0:0:3', 8765, 0, 0): b' 1122,3,1,512,0,170,6,1,7,1,2,-64,1,985,12611,71,100,1,0,0 '
Received from ('fd00::200:0:0:f', 8765, 0, 0): b' 1120,15,10,1024,10,170,2,14,7,1,1,-70,5,1868,20734,62,100,2,0,0 '
Received from ('fd00::200:0:0:5', 8765, 0, 0): b' 1123,5,1,512,0,170,6,1,6,1,1,-94,0,702,9931,75,100,1,0,0 '
Received from ('fd00::200:0:0:c', 8765, 0, 0): b' 1124,12,9,1024,0,129,3,14,7,1,2,-70,1,1004,10806,32,100,1,0,0 '
Received from ('fd00::200:0:0:6', 8765, 0, 0): b' 1123,6,3,768,0,181,6,7,7,1,3,-70,0,935,11539,50,100,2,0,0 '
Received from ('fd00::200:0:0:2', 8765, 0, 0): b' 1123,2,1,512,10,167,6,1,6,1,1,-88,8,1427,10560,75,100,1,0,0 '
Received from ('fd00::200:0:0:8', 8765, 0, 0): b' 1124,8,4,768,0,190,4,11,7,1,2,-52,0,728,12295,70,100,2,0,0 '
Received from ('fd00::200:0:0:10', 8765, 0, 0): b' 1122,16,15,1280,0,179,5,10,7,1,3,-52,0,594,9859,52,100,2,0,0 '
Received from ('fd00::200:0:0:d', 8765, 0, 0): b' 1124,13,9,1024,0,108,2,13,7,1,1,-52,0,686,7311,27,100,1,0,0 '
Received from ('fd00::200:0:0:14', 8765, 0, 0): b' 1122,20,15,1280,10,162,4,6,7,1,2,-70,1,664,5642,54,100,1,0,0 '
Received from ('fd00::200:0:0:b', 8765, 0, 0): b' 1125,11,7,1024,0,208,2,8,7,1,1,-52,0,862,12126,67,100,3,0,0 '
Received from ('fd00::200:0:0:7', 8765, 0, 0): b' 1126,7,4,768,0,196,4,11,7,1,2,-70,1,1507,16276,70,100,1,0,0 '
Received from ('fd00::200:0:0:13', 8765, 0, 0): b' 1126,19,15,1280,10,176,3,4,7,1,1,-52,0,475,4715,62,100,1,0,0 '
Received from ('fd00::200:0:0:3', 8765, 0, 0): b' 1128,3,1,512,0,172,6,1,7,1,2,-64,1,845,9517,71,100,1,0,0 '
Received from ('fd00::200:0:0:9', 8765, 0, 0): b' 1127,9,4,768,0,193,2,2,7,1,1,-70,3,2115,23166,70,100,2,0,0 '
Received from ('fd00::200:0:0:e', 8765, 0, 0): b' 1127,14,10,1024,0,173,2,4,7,1,1,-52,0,831,11100,63,100,2,0,0 '
Received from ('fd00::200:0:0:2', 8765, 0, 0): b' 1129,2,1,512,10,168,6,1,6,1,1,-88,8,1614,10318,75,100,1,0,0 '
Received from ('fd00::200:0:0:4', 8765, 0, 0): b' 1129,4,1,512,0,167,6,1,7,1,1,-66,7,3159,25042,75,100,2,0,0 '
Received from ('fd00::200:0:0:6', 8765, 0, 0): b' 1130,6,3,768,0,184,6,7,7,1,3,-70,0,604,6078,50,100,1,0,0 '
Received from ('fd00::200:0:0:8', 8765, 0, 0): b' 1127,8,4,768,10,191,4,11,7,1,2,-52,0,284,6387,70,100,1,0,0 '
Received from ('fd00::200:0:0:14', 8765, 0, 0): b' 1129,20,15,1280,0,163,4,6,7,1,2,-70,1,860,9210,54,100,1,0,0 '
Received from ('fd00::200:0:0:11', 8765, 0, 0): b' 1131,17,12,1280,0,175,4,6,7,1,2,-70,0,594,9064,54,100,2,0,0 '
Received from ('fd00::200:0:0:a', 8765, 0, 0): b' 1129,10,2,768,0,164,2,4,7,1,1,-95,7,2913,21457,65,100,2,0,0 '
Received from ('fd00::200:0:0:f', 8765, 0, 0): b' 1129,15,10,1024,40,172,2,14,7,1,1,-70,5,2283,22338,63,100,2,0,0 '
Received from ('fd00::200:0:0:5', 8765, 0, 0): b' 1132,5,1,512,0,172,6,1,6,1,1,-94,0,716,11620,76,100,2,0,0 '
Received from ('fd00::200:0:0:12', 8765, 0, 0): b' 1129,18,15,1280,0,182,2,4,5,1,1,-70,2,669,10939,61,100,2,0,0 '
Received from ('fd00::200:0:0:15', 8765, 0, 0): b' 1129,21,20,1536,0,166,2,7,5,1,1,-52,0,1212,11958,48,100,3,0,0 '
Received from ('fd00::200:0:0:1', 5678, 0, 0): b' 1133,1,0,256,0,10,0,0,4,0,0,0,10,2794,28591,1195,100,2,0,0 '
Received from ('fd00::200:0:0:10', 8765, 0, 0): b' 1132,16,15,1280,0,183,5,10,7,1,3,-52,0,909,9608,53,100,3,0,0 '
Received from ('fd00::200:0:0:d', 8765, 0, 0): b' 1134,13,9,1024,0,109,2,13,7,1,1,-52,0,537,9465,27,100,2,0,0 '
Received from ('fd00::200:0:0:b', 8765, 0, 0): b' 1135,11,7,1024,10,213,2,8,7,1,1,-52,0,941,11917,67,100,2,0,0 '
Received from ('fd00::200:0:0:c', 8765, 0, 0): b' 1136,12,9,1024,0,130,3,14,7,1,2,-70,1,1034,15167,32,100,2,0,0 '
Received from ('fd00::200:0:0:15', 8765, 0, 0): b' 1135,21,20,1536,0,166,2,7,5,1,1,-52,0,190,4828,48,100,0,0,0 '
Received from ('fd00::200:0:0:3', 8765, 0, 0): b' 1136,3,1,512,0,176,6,1,7,1,2,-64,1,1312,13656,72,100,2,0,0 '
Received from ('fd00::200:0:0:2', 8765, 0, 0): b' 1136,2,1,512,0,173,6,1,6,1,1,-88,8,2314,14331,76,100,1,0,0 '
Received from ('fd00::200:0:0:9', 8765, 0, 0): b' 1136,9,4,768,0,194,2,2,7,1,1,-70,3,1367,15508,71,100,2,0,0 '
Received from ('fd00::200:0:0:5', 8765, 0, 0): b' 1137,5,1,512,10,176,6,1,6,1,1,-94,0,687,6840,76,100,1,0,0 '
Received from ('fd00::200:0:0:6', 8765, 0, 0): b' 1137,6,3,768,0,187,6,7,7,1,3,-70,0,804,8684,51,100,2,0,0 '
Received from ('fd00::200:0:0:a', 8765, 0, 0): b' 1138,10,2,768,0,165,2,4,7,1,1,-95,7,1846,15613,65,100,1,0,0 '
Received from ('fd00::200:0:0:8', 8765, 0, 0): b' 1138,8,4,768,10,194,4,11,7,1,2,-52,0,886,11835,71,100,1,0,0 '
Received from ('fd00::200:0:0:12', 8765, 0, 0): b' 1137,18,15,1280,10,184,2,4,5,1,1,-70,2,473,7294,62,100,1,0,0 '
Received from ('fd00::200:0:0:e', 8765, 0, 0): b' 1138,14,10,1024,0,176,2,4,7,1,1,-52,0,808,9958,64,100,2,0,0 '
Received from ('fd00::200:0:0:d', 8765, 0, 0): b' 1139,13,9,1024,0,111,2,13,7,1,1,-52,0,531,5099,28,100,1,0,0 '
Received from ('fd00::200:0:0:13', 8765, 0, 0): b' 1137,19,15,1280,0,179,3,4,7,1,1,-52,0,832,10977,63,100,2,0,0 '
Received from ('fd00::200:0:0:7', 8765, 0, 0): b' 1139,7,4,768,0,200,4,11,7,1,2,-70,1,1703,19383,71,100,3,0,0 '
Received from ('fd00::200:0:0:4', 8765, 0, 0): b' 1140,4,1,512,0,169,6,1,7,1,1,-66,7,3757,28202,76,100,2,0,0 '
Received from ('fd00::200:0:0:f', 8765, 0, 0): b' 1138,15,10,1024,0,174,2,14,7,1,1,-70,5,2513,23150,63,100,1,0,0 '
Received from ('fd00::200:0:0:11', 8765, 0, 0): b' 1142,17,12,1280,0,176,4,6,7,1,2,-70,0,440,9118,54,100,1,0,0 '
Received from ('fd00::200:0:0:5', 8765, 0, 0): b' 1141,5,1,512,10,178,6,1,6,1,1,-94,0,366,4921,76,100,1,0,0 '
Received from ('fd00::200:0:0:b', 8765, 0, 0): b' 1143,11,7,1024,0,216,2,8,7,1,1,-52,0,740,10191,68,100,1,0,0 '
Received from ('fd00::200:0:0:14', 8765, 0, 0): b' 1140,20,15,1280,10,166,4,6,7,1,2,-70,1,1405,14364,55,100,2,0,0 '
Received from ('fd00::200:0:0:c', 8765, 0, 0): b' 1143,12,9,1024,0,133,3,14,7,1,2,-70,1,1026,9485,33,100,2,0,0 '
Received from ('fd00::200:0:0:12', 8765, 0, 0): b' 1141,18,15,1280,10,187,2,4,5,1,1,-70,2,583,4474,62,100,1,0,0 '
Received from ('fd00::200:0:0:6', 8765, 0, 0): b' 1142,6,3,768,0,188,6,7,7,1,3,-70,0,268,4673,51,100,0,0,0 '
Received from ('fd00::200:0:0:10', 8765, 0, 0): b' 1142,16,15,1280,0,185,5,10,7,1,3,-52,0,701,9922,54,100,2,0,0 '
Received from ('fd00::200:0:0:1', 5678, 0, 0): b' 1144,1,0,256,0,10,0,0,4,0,0,0,10,2880,26419,1211,100,2,0,0 '
Received from ('fd00::200:0:0:3', 8765, 0, 0): b' 1144,3,1,512,10,178,6,1,7,1,2,-64,1,883,12402,72,100,1,0,0 '
Received from ('fd00::200:0:0:2', 8765, 0, 0): b' 1145,2,1,512,10,176,6,1,6,1,1,-88,8,2812,18109,76,100,2,0,0 '
Received from ('fd00::200:0:0:9', 8765, 0, 0): b' 1145,9,4,768,0,196,2,2,7,1,1,-70,3,1823,17861,72,100,1,0,0 '
Received from ('fd00::200:0:0:a', 8765, 0, 0): b' 1145,10,2,768,0,165,2,4,7,1,1,-95,7,2127,15623,66,100,1,0,0 '
Received from ('fd00::200:0:0:7', 8765, 0, 0): b' 1146,7,4,768,0,201,4,11,7,1,2,-70,1,714,10057,71,100,1,0,0 '
Received from ('fd00::200:0:0:8', 8765, 0, 0): b' 1146,8,4,768,0,197,4,11,7,1,2,-52,0,624,9210,71,100,2,0,0 '
Received from ('fd00::200:0:0:d', 8765, 0, 0): b' 1146,13,9,1024,0,114,2,13,7,1,1,-52,0,630,6825,28,100,1,0,0 '
Received from ('fd00::200:0:0:f', 8765, 0, 0): b' 1146,15,10,1024,0,176,2,14,7,1,1,-70,5,2127,19634,64,100,2,0,0 '
Received from ('fd00::200:0:0:14', 8765, 0, 0): b' 1147,20,15,1280,0,168,4,6,7,1,2,-70,1,764,7936,55,100,2,0,0 '
Received from ('fd00::200:0:0:11', 8765, 0, 0): b' 1148,17,12,1280,10,179,4,6,7,1,2,-70,0,652,5734,55,100,2,0,0 '
Received from ('fd00::200:0:0:4', 8765, 0, 0): b' 1148,4,1,512,10,173,6,1,7,1,1,-66,7,2571,19286,76,100,1,0,0 '
Received from ('fd00::200:0:0:15', 8765, 0, 0): b' 1146,21,20,1536,0,169,2,7,5,1,1,-52,0,928,11048,49,100,3,0,0 '
Received from ('fd00::200:0:0:c', 8765, 0, 0): b' 1148,12,9,1024,0,137,3,14,7,1,2,-70,1,1101,8207,33,100,1,0,0 '
Received from ('fd00::200:0:0:13', 8765, 0, 0): b' 1148,19,15,1280,0,182,3,4,7,1,1,-52,0,808,9829,64,100,2,0,0 '
Received from ('fd00::200:0:0:a', 8765, 0, 0): b' 1149,10,2,768,0,166,2,4,7,1,1,-95,7,1391,9715,66,100,1,0,0 '
Received from ('fd00::200:0:0:6', 8765, 0, 0): b' 1149,6,3,768,0,189,6,7,7,1,3,-70,0,542,6020,52,100,2,0,0 '
Received from ('fd00::200:0:0:e', 8765, 0, 0): b' 1149,14,10,1024,0,179,2,4,7,1,1,-52,0,775,10815,64,100,2,0,0 '
Received from ('fd00::200:0:0:5', 8765, 0, 0): b' 1151,5,1,512,0,180,6,1,6,1,1,-94,0,824,11625,77,100,2,0,0 '
Received from ('fd00::200:0:0:12', 8765, 0, 0): b' 1151,18,15,1280,0,189,2,4,5,1,1,-70,2,808,9085,63,100,2,0,0 '
Received from ('fd00::200:0:0:c', 8765, 0, 0): b' 1153,12,9,1024,0,139,3,14,7,1,2,-70,1,519,5622,34,100,0,0,0 '
Received from ('fd00::200:0:0:b', 8765, 0, 0): b' 1154,11,7,1024,0,220,2,8,7,1,1,-52,0,942,13040,69,100,2,0,0 '
Received from ('fd00::200:0:0:f', 8765, 0, 0): b' 1152,15,10,1024,20,179,2,14,7,1,1,-70,5,1875,16840,64,100,1,0,0 '
Received from ('fd00::200:0:0:9', 8765, 0, 0): b' 1153,9,4,768,10,197,2,2,7,1,1,-70,3,1696,15431,72,100,2,0,0 '
Received from ('fd00::200:0:0:8', 8765, 0, 0): b' 1153,8,4,768,0,202,4,11,7,1,2,-52,0,899,9873,72,100,1,0,0 '
Received from ('fd00::200:0:0:3', 8765, 0, 0): b' 1154,3,1,512,0,181,6,1,7,1,2,-64,1,1364,15415,73,100,2,0,0 '
Received from ('fd00::200:0:0:13', 8765, 0, 0): b' 1153,19,15,1280,0,183,3,4,7,1,1,-52,0,392,4633,64,100,1,0,0 '
Received from ('fd00::200:0:0:11', 8765, 0, 0): b' 1154,17,12,1280,0,181,4,6,7,1,2,-70,0,607,6015,55,100,1,0,0 '
Received from ('fd00::200:0:0:1', 5678, 0, 0): b' 1154,1,0,256,0,10,0,0,4,0,0,0,10,2591,25732,1224,100,1,0,0 '
Received from ('fd00::200:0:0:7', 8765, 0, 0): b' 1154,7,4,768,0,202,4,11,7,1,2,-70,1,1026,12450,72,100,1,0,0 '
Received from ('fd00::200:0:0:10', 8765, 0, 0): b' 1152,16,15,1280,0,187,5,10,7,1,3,-52,0,645,9416,54,100,2,0,0 '
Received from ('fd00::200:0:0:2', 8765, 0, 0): b' 1154,2,1,512,10,177,6,1,6,1,1,-88,8,2814,18983,77,100,1,0,0 '
Received from ('fd00::200:0:0:d', 8765, 0, 0): b' 1155,13,9,1024,0,117,2,13,7,1,1,-52,0,783,8739,29,100,2,0,0 '
Received from ('fd00::200:0:0:14', 8765, 0, 0): b' 1153,20,15,1280,0,169,4,6,7,1,2,-70,1,743,8786,56,100,1,0,0 '
Received from ('fd00::200:0:0:8', 8765, 0, 0): b' 1158,8,4,768,0,205,4,11,7,1,2,-52,0,608,5650,72,100,1,0,0 '
Received from ('fd00::200:0:0:6', 8765, 0, 0): b' 1157,6,3,768,0,190,6,7,7,1,3,-70,0,413,7312,52,100,1,0,0 '
Received from ('fd00::200:0:0:15', 8765, 0, 0): b' 1155,21,20,1536,0,171,2,7,5,1,1,-52,0,580,7853,50,100,1,0,0 '
Received from ('fd00::200:0:0:11', 8765, 0, 0): b' 1159,17,12,1280,0,183,4,6,7,1,2,-70,0,378,4484,55,100,0,0,0 '
Received from ('fd00::200:0:0:e', 8765, 0, 0): b' 1157,14,10,1024,0,182,2,4,7,1,1,-52,0,784,7733,65,100,2,0,0 '
Received from ('fd00::200:0:0:5', 8765, 0, 0): b' 1158,5,1,512,0,182,6,1,6,1,1,-94,0,521,9056,77,100,1,0,0 '
Received from ('fd00::200:0:0:4', 8765, 0, 0): b' 1158,4,1,512,20,176,6,1,7,1,1,-66,7,4188,30068,77,100,3,0,0 '
Received from ('fd00::200:0:0:a', 8765, 0, 0): b' 1159,10,2,768,0,169,2,4,7,1,1,-95,7,3204,22449,67,100,2,0,0 '
Received from ('fd00::200:0:0:b', 8765, 0, 0): b' 1160,11,7,1024,0,222,2,8,7,1,1,-52,0,499,7279,69,100,1,0,0 '
Received from ('fd00::200:0:0:3', 8765, 0, 0): b' 1159,3,1,512,0,183,6,1,7,1,2,-64,1,760,9306,73,100,1,0,0 '
Received from ('fd00::200:0:0:9', 8765, 0, 0): b' 1158,9,4,768,0,198,2,2,7,1,1,-70,3,1290,12128,72,100,1,0,0 '
Received from ('fd00::200:0:0:d', 8765, 0, 0): b' 1160,13,9,1024,0,118,2,13,7,1,1,-52,0,296,4915,29,100,0,0,0 '
Received from ('fd00::200:0:0:10', 8765, 0, 0): b' 1161,16,15,1280,0,189,5,10,7,1,3,-52,0,580,8054,55,100,1,0,0 '
Received from ('fd00::200:0:0:12', 8765, 0, 0): b' 1161,18,15,1280,10,193,2,4,5,1,1,-70,2,654,9690,63,100,1,0,0 '
Received from ('fd00::200:0:0:c', 8765, 0, 0): b' 1163,12,9,1024,0,142,3,14,7,1,2,-70,1,1430,13735,34,100,2,0,0 '
Received from ('fd00::200:0:0:e', 8765, 0, 0): b' 1161,14,10,1024,0,182,2,4,7,1,1,-52,0,164,3825,65,100,0,0,0 '
Received from ('fd00::200:0:0:f', 8765, 0, 0): b' 1162,15,10,1024,20,183,2,14,7,1,1,-70,5,2880,24198,65,100,2,0,0 '
Received from ('fd00::200:0:0:13', 8765, 0, 0): b' 1162,19,15,1280,0,185,3,4,7,1,1,-52,0,523,8524,64,100,1,0,0 '
Received from ('fd00::200:0:0:15', 8765, 0, 0): b' 1162,21,20,1536,0,172,2,7,5,1,1,-52,0,416,6776,50,100,1,0,0 '
Received from ('fd00::200:0:0:7', 8765, 0, 0): b' 1164,7,4,768,0,206,4,11,7,1,2,-70,1,1342,17328,72,100,2,0,0 '
Received from ('fd00::200:0:0:3', 8765, 0, 0): b' 1164,3,1,512,20,184,6,1,7,1,2,-64,1,478,7331,73,100,1,0,0 '
Received from ('fd00::200:0:0:5', 8765, 0, 0): b' 1164,5,1,512,0,183,6,1,6,1,1,-94,0,464,7495,78,100,1,0,0 '
Received from ('fd00::200:0:0:11', 8765, 0, 0): b' 1166,17,12,1280,0,186,4,6,7,1,2,-70,0,759,6592,56,100,2,0,0 '
Received from ('fd00::200:0:0:14', 8765, 0, 0): b' 1164,20,15,1280,0,171,4,6,7,1,2,-70,1,1291,14082,56,100,2,0,0 '
Received from ('fd00::200:0:0:1', 5678, 0, 0): b' 1165,1,0,256,0,10,0,0,4,0,0,0,10,2797,27366,1238,100,3,0,0 '
Received from ('fd00::200:0:0:10', 8765, 0, 0): b' 1166,16,15,1280,0,190,5,10,7,1,3,-52,0,393,4509,55,100,1,0,0 '
Received from ('fd00::200:0:0:2', 8765, 0, 0): b' 1166,2,1,512,10,180,6,1,6,1,1,-88,8,3629,23123,78,100,2,0,0 '
Received from ('fd00::200:0:0:9', 8765, 0, 0): b' 1166,9,4,768,0,204,2,2,7,1,1,-70,3,1981,16758,73,100,1,0,0 '
Received from ('fd00::200:0:0:f', 8765, 0, 0): b' 1166,15,10,1024,0,184,2,14,7,1,1,-70,5,1467,13087,65,100,0,0,0 '
Received from ('fd00::200:0:0:b', 8765, 0, 0): b' 1166,11,7,1024,0,226,2,8,7,1,1,-52,0,917,10974,70,100,2,0,0 '
Received from ('fd00::200:0:0:4', 8765, 0, 0): b' 1167,4,1,512,0,177,6,1,7,1,1,-66,7,3019,22506,78,100,1,0,0 '
Received from ('fd00::200:0:0:6', 8765, 0, 0): b' 1168,6,3,768,0,194,6,7,7,1,3,-70,0,1005,11181,53,100,2,0,0 '
Received from ('fd00::200:0:0:8', 8765, 0, 0): b' 1168,8,4,768,10,206,4,11,7,1,2,-52,0,559,13096,73,100,2,0,0 '
Received from ('fd00::200:0:0:c', 8765, 0, 0): b' 1170,12,9,1024,0,145,3,14,7,1,2,-70,1,1162,9915,35,100,2,0,0 '
Received from ('fd00::200:0:0:13', 8765, 0, 0): b' 1169,19,15,1280,0,186,3,4,7,1,1,-52,0,569,6908,65,100,2,0,0 '
Received from ('fd00::200:0:0:d', 8765, 0, 0): b' 1171,13,9,1024,0,123,2,13,7,1,1,-52,0,1021,10881,30,100,2,0,0 '
Received from ('fd00::200:0:0:15', 8765, 0, 0): b' 1169,21,20,1536,0,173,2,7,5,1,1,-52,0,448,6171,51,100,1,0,0 '
Received from ('fd00::200:0:0:a', 8765, 0, 0): b' 1171,10,2,768,20,171,2,4,7,1,1,-95,7,3578,25946,68,100,2,0,0 '
Received from ('fd00::200:0:0:e', 8765, 0, 0): b' 1170,14,10,1024,0,185,2,4,7,1,1,-52,0,783,8525,66,100,2,0,0 '
Received from ('fd00::200:0:0:4', 8765, 0, 0): b' 1171,4,1,512,0,177,6,1,7,1,1,-66,7,1201,10493,78,100,1,0,0 '
Received from ('fd00::200:0:0:f', 8765, 0, 0): b' 1171,15,10,1024,0,184,2,14,7,1,1,-70,5,1149,11043,66,100,1,0,0 '
Received from ('fd00::200:0:0:1', 5678, 0, 0): b' 1173,1,0,256,0,10,0,0,4,0,0,0,10,1823,17578,1249,100,1,0,0 '
Received from ('fd00::200:0:0:12', 8765, 0, 0): b' 1172,18,15,1280,0,198,2,4,5,1,1,-70,2,1129,10882,64,100,2,0,0 '
Received from ('fd00::200:0:0:14', 8765, 0, 0): b' 1172,20,15,1280,10,173,4,6,7,1,2,-70,1,916,9664,57,100,1,0,0 '
Received from ('fd00::200:0:0:11', 8765, 0, 0): b' 1175,17,12,1280,0,190,4,6,7,1,2,-70,0,858,9403,56,100,2,0,0 '
Received from ('fd00::200:0:0:5', 8765, 0, 0): b' 1174,5,1,512,0,188,6,1,6,1,1,-94,0,938,11434,78,100,2,0,0 '
Received from ('fd00::200:0:0:3', 8765, 0, 0): b' 1174,3,1,512,0,187,6,1,7,1,2,-64,1,1339,16366,74,100,2,0,0 '
Received from ('fd00::200:0:0:10', 8765, 0, 0): b' 1175,16,15,1280,0,191,5,10,7,1,3,-52,0,570,8482,56,100,2,0,0 '
Received from ('fd00::200:0:0:7', 8765, 0, 0): b' 1175,7,4,768,0,211,4,11,7,1,2,-70,1,1676,17954,73,100,2,0,0 '
Received from ('fd00::200:0:0:9', 8765, 0, 0): b' 1175,9,4,768,0,207,2,2,7,1,1,-70,3,1848,17278,74,100,2,0,0 '
Received from ('fd00::200:0:0:2', 8765, 0, 0): b' 1176,2,1,512,10,182,6,1,6,1,1,-88,8,2963,20437,79,100,2,0,0 '
Received from ('fd00::200:0:0:a', 8765, 0, 0): b' 1176,10,2,768,20,173,2,4,7,1,1,-95,7,1649,11996,68,100,1,0,0 '
Received from ('fd00::200:0:0:c', 8765, 0, 0): b' 1178,12,9,1024,0,147,3,14,7,1,2,-70,1,967,10774,35,100,1,0,0 '
Received from ('fd00::200:0:0:e', 8765, 0, 0): b' 1176,14,10,1024,0,188,2,4,7,1,1,-52,0,606,5817,66,100,1,0,0 '
Received from ('fd00::200:0:0:6', 8765, 0, 0): b' 1177,6,3,768,10,198,6,7,7,1,3,-70,0,816,9165,53,100,2,0,0 '
Received from ('fd00::200:0:0:b', 8765, 0, 0): b' 1179,11,7,1024,0,228,2,8,7,1,1,-52,0,668,14110,70,100,2,0,0 '
Received from ('fd00::200:0:0:15', 8765, 0, 0): b' 1178,21,20,1536,0,175,2,7,5,1,1,-52,0,644,9092,51,100,2,0,0 '
Received from ('fd00::200:0:0:8', 8765, 0, 0): b' 1179,8,4,768,0,206,4,11,7,1,2,-52,0,538,14093,73,100,2,0,0 '
Received from ('fd00::200:0:0:13', 8765, 0, 0): b' 1179,19,15,1280,0,192,3,4,7,1,1,-52,0,1128,10977,66,100,2,0,0 '
Received from ('fd00::200:0:0:4', 8765, 0, 0): b' 1181,4,1,512,0,178,6,1,7,1,1,-66,7,2248,19657,78,100,2,0,0 '
Received from ('fd00::200:0:0:d', 8765, 0, 0): b' 1182,13,9,1024,10,125,2,13,7,1,1,-52,0,563,9836,30,100,2,0,0 '
Received from ('fd00::200:0:0:1', 5678, 0, 0): b' 1182,1,0,256,0,10,0,0,4,0,0,0,10,2026,22453,1262,100,1,0,0 '
Received from ('fd00::200:0:0:e', 8765, 0, 0): b' 1181,14,10,1024,10,191,2,4,7,1,1,-52,0,606,5547,67,100,1,0,0 '
Received from ('fd00::200:0:0:7', 8765, 0, 0): b' 1181,7,4,768,0,213,4,11,7,1,2,-70,1,909,10539,73,100,1,0,0 '
Received from ('fd00::200:0:0:6', 8765, 0, 0): b' 1182,6,3,768,10,200,6,7,7,1,3,-70,0,523,4579,54,100,2,0,0 '
Received from ('fd00::200:0:0:12', 8765, 0, 0): b' 1182,18,15,1280,0,200,2,4,5,1,1,-70,2,823,10028,65,100,3,0,0 '
Received from ('fd00::200:0:0:f', 8765, 0, 0): b' 1183,15,10,1024,10,185,2,14,7,1,1,-70,5,2952,31036,66,100,2,0,0 '
Received from ('fd00::200:0:0:a', 8765, 0, 0): b' 1183,10,2,768,10,174,2,4,7,1,1,-95,7,1931,15129,68,100,1,0,0 '
Received from ('fd00::200:0:0:11', 8765, 0, 0): b' 1184,17,12,1280,0,194,4,6,7,1,2,-70,0,817,9708,57,100,1,0,0 '
Received from ('fd00::200:0:0:3', 8765, 0, 0): b' 1184,3,1,512,0,189,6,1,7,1,2,-64,1,1278,15239,75,100,2,0,0 '
Received from ('fd00::200:0:0:9', 8765, 0, 0): b' 1185,9,4,768,0,208,2,2,7,1,1,-70,3,1608,18300,74,100,2,0,0 '
Received from ('fd00::200:0:0:b', 8765, 0, 0): b' 1184,11,7,1024,0,229,2,8,7,1,1,-52,0,476,7259,71,100,1,0,0 '
Received from ('fd00::200:0:0:5', 8765, 0, 0): b' 1186,5,1,512,0,191,6,1,6,1,1,-94,0,848,14873,79,100,2,0,0 '
Received from ('fd00::200:0:0:14', 8765, 0, 0): b' 1184,20,15,1280,20,178,4,6,7,1,2,-70,1,1479,15582,57,100,3,0,0 '
Received from ('fd00::200:0:0:10', 8765, 0, 0): b' 1186,16,15,1280,0,192,5,10,7,1,3,-52,0,562,10075,56,100,2,0,0 '
Received from ('fd00::200:0:0:12', 8765, 0, 0): b' 1187,18,15,1280,0,200,2,4,5,1,1,-70,2,165,4182,65,100,0,0,0 '
Received from ('fd00::200:0:0:4', 8765, 0, 0): b' 1188,4,1,512,0,179,6,1,7,1,1,-66,7,2280,19151,79,100,1,0,0 '
Received from ('fd00::200:0:0:f', 8765, 0, 0): b' 1188,15,10,1024,0,186,2,14,7,1,1,-70,5,1532,14432,67,100,1,0,0 '
Received from ('fd00::200:0:0:2', 8765, 0, 0): b' 1189,2,1,512,10,183,6,1,6,1,1,-88,8,3508,23649,79,100,2,0,0 '
Received from ('fd00::200:0:0:c', 8765, 0, 0): b' 1189,12,9,1024,0,151,3,14,7,1,2,-70,1,1345,14801,36,100,2,0,0 '
Received from ('fd00::200:0:0:14', 8765, 0, 0): b' 1188,20,15,1280,0,178,4,6,7,1,2,-70,1,466,6148,58,100,0,0,0 '
Received from ('fd00::200:0:0:8', 8765, 0, 0): b' 1189,8,4,768,0,207,4,11,7,1,2,-52,0,596,11162,74,100,2,0,0 '
Received from ('fd00::200:0:0:6', 8765, 0, 0): b' 1189,6,3,768,0,200,6,7,7,1,3,-70,0,414,7138,54,100,1,0,0 '
Received from ('fd00::200:0:0:a', 8765, 0, 0): b' 1190,10,2,768,0,176,2,4,7,1,1,-95,7,2195,14589,69,100,2,0,0 '
Received from ('fd00::200:0:0:10', 8765, 0, 0): b' 1190,16,15,1280,0,193,5,10,7,1,3,-52,0,426,4145,57,100,1,0,0 '
Received from ('fd00::200:0:0:3', 8765, 0, 0): b' 1191,3,1,512,10,191,6,1,7,1,2,-64,1,732,9885,75,100,1,0,0 '
Received from ('fd00::200:0:0:b', 8765, 0, 0): b' 1191,11,7,1024,0,233,2,8,7,1,1,-52,0,712,7749,71,100,1,0,0 '
Received from ('fd00::200:0:0:15', 8765, 0, 0): b' 1190,21,20,1536,0,179,2,7,5,1,1,-52,0,914,11125,52,100,2,0,0 '
Received from ('fd00::200:0:0:7', 8765, 0, 0): b' 1191,7,4,768,0,214,4,11,7,1,2,-70,1,1209,14798,74,100,2,0,0 '
Received from ('fd00::200:0:0:11', 8765, 0, 0): b' 1192,17,12,1280,0,195,4,6,7,1,2,-70,0,569,7480,58,100,2,0,0 '
Received from ('fd00::200:0:0:e', 8765, 0, 0): b' 1190,14,10,1024,10,195,2,4,7,1,1,-52,0,891,9523,67,100,2,0,0 '
Received from ('fd00::200:0:0:13', 8765, 0, 0): b' 1191,19,15,1280,0,196,3,4,7,1,1,-52,0,884,11388,66,100,2,0,0 '
Received from ('fd00::200:0:0:1', 5678, 0, 0): b' 1192,1,0,256,0,10,0,0,4,0,0,0,10,2531,25129,1275,100,2,0,0 '
Received from ('fd00::200:0:0:d', 8765, 0, 0): b' 1193,13,9,1024,0,130,2,13,7,1,1,-52,0,1022,11412,31,100,2,0,0 '
Received from ('fd00::200:0:0:12', 8765, 0, 0): b' 1194,18,15,1280,0,202,2,4,5,1,1,-70,2,545,6562,66,100,2,0,0 '
Received from ('fd00::200:0:0:4', 8765, 0, 0): b' 1194,4,1,512,0,180,6,1,7,1,1,-66,7,1961,15171,79,100,1,0,0 '
Received from ('fd00::200:0:0:5', 8765, 0, 0): b' 1195,5,1,512,0,191,6,1,6,1,1,-94,0,503,11191,80,100,2,0,0 '
Received from ('fd00::200:0:0:c', 8765, 0, 0): b' 1196,12,9,1024,0,151,3,15,7,1,2,-70,1,646,7869,36,100,2,0,0 '
Received from ('fd00::200:0:0:3', 8765, 0, 0): b' 1197,3,1,512,0,193,6,1,7,1,2,-64,1,694,8842,75,100,1,0,0 '
Received from ('fd00::200:0:0:9', 8765, 0, 0): b' 1195,9,4,768,0,210,2,2,7,1,1,-70,3,1973,21003,75,100,2,0,0 '
Received from ('fd00::200:0:0:7', 8765, 0, 0): b' 1197,7,4,768,0,215,4,11,7,1,2,-70,1,711,9336,74,100,1,0,0 '
Received from ('fd00::200:0:0:1', 5678, 0, 0): b' 1198,1,0,256,0,10,0,0,4,0,0,0,10,1059,11714,1281,100,1,0,0 '
Received from ('fd00::200:0:0:14', 8765, 0, 0): b' 1198,20,15,1280,0,181,4,6,7,1,2,-70,1,1077,11164,58,100,2,0,0 '
Received from ('fd00::200:0:0:11', 8765, 0, 0): b' 1197,17,12,1280,0,195,4,6,7,1,2,-70,0,285,4771,58,100,1,0,0 '
Received from ('fd00::200:0:0:f', 8765, 0, 0): b' 1198,15,10,1024,10,187,2,14,7,1,1,-70,5,2496,23551,67,100,2,0,0 '
Received from ('fd00::200:0:0:2', 8765, 0, 0): b' 1199,2,1,512,20,185,6,1,6,1,1,-88,8,2425,18036,80,100,2,0,0 '
Received from ('fd00::200:0:0:b', 8765, 0, 0): b' 1197,11,7,1024,0,236,2,8,7,1,1,-52,0,713,9776,72,100,1,0,0 '
Received from ('fd00::200:0:0:15', 8765, 0, 0): b' 1197,21,20,1536,0,181,2,7,5,1,1,-52,0,524,6777,52,100,1,0,0 '
Received from ('fd00::200:0:0:d', 8765, 0, 0): b' 1197,13,9,1024,0,132,2,13,7,1,1,-52,0,557,4936,32,100,1,0,0 '
Received from ('fd00::200:0:0:6', 8765, 0, 0): b' 1201,6,3,768,0,204,6,7,7,1,3,-70,0,911,10184,55,100,2,0,0 '
Received from ('fd00::200:0:0:10', 8765, 0, 0): b' 1200,16,15,1280,10,196,5,10,7,1,3,-52,0,631,8888,57,100,1,0,0 '
Received from ('fd00::200:0:0:8', 8765, 0, 0): b' 1201,8,4,768,0,210,4,11,7,1,2,-52,0,858,14234,75,100,2,0,0 '
Received from ('fd00::200:0:0:a', 8765, 0, 0): b' 1200,10,2,768,0,178,2,4,7,1,1,-95,7,3160,23539,70,100,2,0,0 '
Received from ('fd00::200:0:0:c', 8765, 0, 0): b' 1200,12,9,1024,0,152,3,15,7,1,2,-70,1,769,8262,37,100,1,0,0 '
Received from ('fd00::200:0:0:12', 8765, 0, 0): b' 1201,18,15,1280,10,204,2,4,5,1,1,-70,2,570,6701,66,100,1,0,0 '
Received from ('fd00::200:0:0:11', 8765, 0, 0): b' 1202,17,12,1280,0,198,4,6,7,1,2,-70,0,582,5377,58,100,1,0,0 '
Received from ('fd00::200:0:0:e', 8765, 0, 0): b' 1201,14,10,1024,10,197,2,4,7,1,1,-52,0,564,9592,68,100,1,0,0 '
Received from ('fd00::200:0:0:3', 8765, 0, 0): b' 1203,3,1,512,0,195,6,1,7,1,2,-64,1,1067,11425,76,100,2,0,0 '
Received from ('fd00::200:0:0:5', 8765, 0, 0): b' 1202,5,1,512,10,192,6,1,6,1,1,-94,0,307,8744,80,100,1,0,0 '
Received from ('fd00::200:0:0:13', 8765, 0, 0): b' 1201,19,15,1280,0,200,3,4,7,1,1,-52,0,915,9759,67,100,2,0,0 '
Received from ('fd00::200:0:0:9', 8765, 0, 0): b' 1203,9,4,768,0,213,2,2,7,1,1,-70,3,1642,15233,75,100,1,0,0 '
Received from ('fd00::200:0:0:f', 8765, 0, 0): b' 1203,15,10,1024,10,189,2,14,7,1,1,-70,5,2067,17869,68,100,1,0,0 '
Received from ('fd00::200:0:0:15', 8765, 0, 0): b' 1204,21,20,1536,0,182,2,7,5,1,1,-52,0,448,5625,53,100,1,0,0 '
Received from ('fd00::200:0:0:4', 8765, 0, 0): b' 1206,4,1,512,0,185,6,1,7,1,1,-66,7,4010,30824,80,100,2,0,0 '
Received from ('fd00::200:0:0:6', 8765, 0, 0): b' 1206,6,3,768,10,206,6,7,7,1,3,-70,0,473,5399,55,100,1,0,0 '
Received from ('fd00::200:0:0:1', 5678, 0, 0): b' 1206,1,0,256,0,10,0,0,4,0,0,0,10,2251,21592,1293,100,2,0,0 '
Received from ('fd00::200:0:0:5', 8765, 0, 0): b' 1207,5,1,512,0,192,6,1,6,1,1,-94,0,413,5292,81,100,1,0,0 '
Received from ('fd00::200:0:0:2', 8765, 0, 0): b' 1207,2,1,512,10,186,6,1,6,1,1,-88,8,2813,17100,81,100,2,0,0 '
Received from ('fd00::200:0:0:13', 8765, 0, 0): b' 1205,19,15,1280,0,201,3,4,7,1,1,-52,0,392,5302,67,100,1,0,0 '
Received from ('fd00::200:0:0:7', 8765, 0, 0): b' 1207,7,4,768,0,216,4,11,7,1,2,-70,1,995,16715,75,100,2,0,0 '
Received from ('fd00::200:0:0:d', 8765, 0, 0): b' 1206,13,9,1024,10,133,2,13,7,1,1,-52,0,513,8847,32,100,2,0,0 '
Received from ('fd00::200:0:0:12', 8765, 0, 0): b' 1206,18,15,1280,0,205,2,4,5,1,1,-70,2,473,6254,67,100,1,0,0 '
Received from ('fd00::200:0:0:c', 8765, 0, 0): b' 1207,12,9,1024,0,153,3,15,7,1,2,-70,1,819,9218,37,100,2,0,0 '
Received from ('fd00::200:0:0:8', 8765, 0, 0): b' 1209,8,4,768,0,210,4,11,7,1,2,-52,0,308,9493,75,100,1,0,0 '
Received from ('fd00::200:0:0:15', 8765, 0, 0): b' 1208,21,20,1536,0,184,2,7,5,1,1,-52,0,475,4144,53,100,1,0,0 '
Received from ('fd00::200:0:0:10', 8765, 0, 0): b' 1209,16,15,1280,0,198,5,10,7,1,3,-52,0,702,8638,58,100,2,0,0 '
Received from ('fd00::200:0:0:b', 8765, 0, 0): b' 1208,11,7,1024,0,238,2,8,7,1,1,-52,0,740,12754,72,100,3,0,0 '
Received from ('fd00::200:0:0:14', 8765, 0, 0): b' 1207,20,15,1280,0,186,4,6,7,1,2,-70,1,1824,15696,59,100,2,0,0 '
Received from ('fd00::200:0:0:9', 8765, 0, 0): b' 1211,9,4,768,0,214,2,2,7,1,1,-70,3,1156,13634,76,100,1,0,0 '
Received from ('fd00::200:0:0:2', 8765, 0, 0): b' 1212,2,1,512,0,187,6,1,6,1,1,-88,8,1288,9399,81,100,0,0,0 '
Received from ('fd00::200:0:0:4', 8765, 0, 0): b' 1212,4,1,512,0,185,6,1,7,1,1,-66,7,1987,14926,81,100,1,0,0 '
Received from ('fd00::200:0:0:3', 8765, 0, 0): b' 1213,3,1,512,0,196,6,1,7,1,2,-64,1,819,13987,76,100,1,0,0 '
Received from ('fd00::200:0:0:a', 8765, 0, 0): b' 1212,10,2,768,10,184,2,4,7,1,1,-95,7,3633,25667,70,100,2,0,0 '
Received from ('fd00::200:0:0:11', 8765, 0, 0): b' 1212,17,12,1280,0,199,4,6,7,1,2,-70,0,496,8896,59,100,1,0,0 '
Received from ('fd00::200:0:0:7', 8765, 0, 0): b' 1212,7,4,768,0,218,4,11,7,1,2,-70,1,806,7982,75,100,1,0,0 '
Received from ('fd00::200:0:0:d', 8765, 0, 0): b' 1211,13,9,1024,0,134,2,13,7,1,1,-52,0,393,4676,32,100,1,0,0 '
Received from ('fd00::200:0:0:1', 5678, 0, 0): b' 1214,1,0,256,0,10,0,0,4,0,0,0,10,1890,18526,1304,100,1,0,0 '
Received from ('fd00::200:0:0:e', 8765, 0, 0): b' 1212,14,10,1024,0,200,2,4,7,1,1,-52,0,1036,11636,69,100,3,0,0 '
Received from ('fd00::200:0:0:f', 8765, 0, 0): b' 1213,15,10,1024,0,191,2,14,7,1,1,-70,5,2776,25766,68,100,2,0,0 '
Received from ('fd00::200:0:0:c', 8765, 0, 0): b' 1214,12,9,1024,0,157,3,15,7,1,2,-70,1,1086,9508,38,100,1,0,0 '
Received from ('fd00::200:0:0:6', 8765, 0, 0): b' 1215,6,3,768,0,209,6,7,7,1,3,-70,0,698,9203,56,100,2,0,0 '
Received from ('fd00::200:0:0:10', 8765, 0, 0): b' 1215,16,15,1280,0,200,5,10,7,1,3,-52,0,500,6073,58,100,1,0,0 '
Received from ('fd00::200:0:0:b', 8765, 0, 0): b' 1215,11,7,1024,0,238,2,8,7,1,1,-52,0,393,8267,73,100,1,0,0 '
Received from ('fd00::200:0:0:14', 8765, 0, 0): b' 1214,20,15,1280,0,190,4,6,7,1,2,-70,1,1032,9032,60,100,1,0,0 '
Received from ('fd00::200:0:0:9', 8765, 0, 0): b' 1216,9,4,768,0,214,2,2,7,1,1,-70,3,1184,11376,76,100,1,0,0 '
Received from ('fd00::200:0:0:5', 8765, 0, 0): b' 1217,5,1,512,0,195,6,1,6,1,1,-94,0,846,13012,81,100,2,0,0 '
Received from ('fd00::200:0:0:12', 8765, 0, 0): b' 1216,18,15,1280,0,206,2,4,5,1,1,-70,2,537,8915,67,100,2,0,0 '
Received from ('fd00::200:0:0:8', 8765, 0, 0): b' 1217,8,4,768,0,213,4,11,7,1,2,-52,0,809,11574,76,100,2,0,0 '
Received from ('fd00::200:0:0:13', 8765, 0, 0): b' 1217,19,15,1280,0,204,3,4,7,1,1,-52,0,807,10601,68,100,2,0,0 '
Received from ('fd00::200:0:0:15', 8765, 0, 0): b' 1218,21,20,1536,0,186,2,7,5,1,1,-52,0,700,9542,54,100,2,0,0 '
Received from ('fd00::200:0:0:11', 8765, 0, 0): b' 1219,17,12,1280,0,199,4,6,7,1,2,-70,0,406,6681,59,100,2,0,0 '
Received from ('fd00::200:0:0:d', 8765, 0, 0): b' 1219,13,9,1024,0,135,2,13,7,1,1,-52,0,472,7261,33,100,1,0,0 '
Received from ('fd00::200:0:0:2', 8765, 0, 0): b' 1220,2,1,512,10,189,6,1,6,1,1,-88,8,2841,17268,82,100,2,0,0 '
Received from ('fd00::200:0:0:6', 8765, 0, 0): b' 1220,6,3,768,0,209,6,7,7,1,3,-70,0,161,4087,56,100,0,0,0 '
Received from ('fd00::200:0:0:a', 8765, 0, 0): b' 1219,10,2,768,10,185,2,4,7,1,1,-95,7,2334,15585,71,100,1,0,0 '
Received from ('fd00::200:0:0:9', 8765, 0, 0): b' 1221,9,4,768,0,214,2,2,7,1,1,-70,3,800,8063,76,100,1,0,0 '
Received from ('fd00::200:0:0:e', 8765, 0, 0): b' 1219,14,10,1024,0,202,2,4,7,1,1,-52,0,525,6913,69,100,1,0,0 '
Received from ('fd00::200:0:0:5', 8765, 0, 0): b' 1222,5,1,512,0,196,6,1,6,1,1,-94,0,413,5865,82,100,1,0,0 '
Received from ('fd00::200:0:0:10', 8765, 0, 0): b' 1222,16,15,1280,0,202,5,10,7,1,3,-52,0,556,6418,59,100,1,0,0 '
Received from ('fd00::200:0:0:7', 8765, 0, 0): b' 1223,7,4,768,0,220,4,11,7,1,2,-70,1,1074,15717,76,100,2,0,0 '
Received from ('fd00::200:0:0:b', 8765, 0, 0): b' 1221,11,7,1024,0,240,2,8,7,1,1,-52,0,498,7427,73,100,1,0,0 '
Received from ('fd00::200:0:0:4', 8765, 0, 0): b' 1223,4,1,512,10,188,6,1,7,1,1,-66,7,3951,28510,81,100,2,0,0 '
Received from ('fd00::200:0:0:1', 5678, 0, 0): b' 1223,1,0,256,0,10,0,0,4,0,0,0,10,2340,22833,1315,100,2,0,0 '
Received from ('fd00::200:0:0:f', 8765, 0, 0): b' 1223,15,10,1024,10,193,2,14,7,1,1,-70,5,2756,25228,69,100,2,0,0 '
Received from ('fd00::200:0:0:3', 8765, 0, 0): b' 1224,3,1,512,0,200,6,1,7,1,2,-64,1,1639,19357,77,100,2,0,0 '
Received from ('fd00::200:0:0:14', 8765, 0, 0): b' 1222,20,15,1280,10,196,4,6,7,1,2,-70,1,1263,10887,60,100,2,0,0 '
Received from ('fd00::200:0:0:12', 8765, 0, 0): b' 1223,18,15,1280,10,210,2,4,5,1,1,-70,2,769,7564,68,100,1,0,0 '
Received from ('fd00::200:0:0:13', 8765, 0, 0): b' 1224,19,15,1280,0,205,3,4,7,1,1,-52,0,473,7314,69,100,1,0,0 '
Received from ('fd00::200:0:0:a', 8765, 0, 0): b' 1227,10,2,768,20,187,2,4,7,1,1,-95,7,1869,16240,71,100,1,0,0 '
Received from ('fd00::200:0:0:d', 8765, 0, 0): b' 1226,13,9,1024,10,137,2,13,7,1,1,-52,0,392,6801,33,100,1,0,0 '
Received from ('fd00::200:0:0:c', 8765, 0, 0): b' 1226,12,9,1024,0,159,3,15,7,1,2,-70,1,1195,15270,39,100,2,0,0 '
Received from ('fd00::200:0:0:1', 5678, 0, 0): b' 1228,1,0,256,0,10,0,0,4,0,0,0,10,1387,12997,1324,100,1,0,0 '
Received from ('fd00::200:0:0:4', 8765, 0, 0): b' 1228,4,1,512,10,189,6,1,7,1,1,-66,7,1662,13724,82,100,1,0,0 '
Received from ('fd00::200:0:0:3', 8765, 0, 0): b' 1229,3,1,512,0,203,6,2,7,1,2,-64,1,820,8256,78,100,2,0,0 '
Received from ('fd00::200:0:0:9', 8765, 0, 0): b' 1228,9,4,768,10,215,2,2,7,1,1,-70,3,1277,14055,77,100,1,0,0 '
Received from ('fd00::200:0:0:2', 8765, 0, 0): b' 1229,2,1,512,10,191,6,1,6,1,1,-88,8,2632,18066,82,100,2,0,0 '
Received from ('fd00::200:0:0:f', 8765, 0, 0): b' 1227,15,10,1024,0,195,2,14,7,1,1,-70,5,1516,12916,69,100,1,0,0 '
Received from ('fd00::200:0:0:8', 8765, 0, 0): b' 1229,8,4,768,0,216,4,11,7,1,2,-52,0,858,14014,77,100,2,0,0 '
Received from ('fd00::200:0:0:11', 8765, 0, 0): b' 1230,17,12,1280,0,202,4,6,7,1,2,-70,0,807,10009,60,100,2,0,0 '
Received from ('fd00::200:0:0:15', 8765, 0, 0): b' 1229,21,20,1536,10,192,2,7,5,1,1,-52,0,1045,11136,55,100,2,0,0 '
Received from ('fd00::200:0:0:6', 8765, 0, 0): b' 1231,6,3,768,0,214,6,7,7,1,3,-70,0,1042,11264,57,100,2,0,0 '
Received from ('fd00::200:0:0:b', 8765, 0, 0): b' 1230,11,7,1024,0,242,2,8,7,1,1,-52,0,871,11252,74,100,2,0,0 '
Received from ('fd00::200:0:0:e', 8765, 0, 0): b' 1231,14,10,1024,0,208,2,4,7,1,1,-52,0,1128,10306,70,100,2,0,0 '
Received from ('fd00::200:0:0:d', 8765, 0, 0): b' 1230,13,9,1024,10,139,2,13,7,1,1,-52,0,639,4903,34,100,1,0,0 '
Received from ('fd00::200:0:0:14', 8765, 0, 0): b' 1229,20,15,1280,10,196,4,6,7,1,2,-70,1,994,9167,60,100,1,0,0 '
Received from ('fd00::200:0:0:5', 8765, 0, 0): b' 1232,5,1,512,0,202,6,1,6,1,1,-94,0,1000,13187,82,100,1,0,0 '
Received from ('fd00::200:0:0:c', 8765, 0, 0): b' 1230,12,9,1024,0,161,3,15,7,1,2,-70,1,715,6063,39,100,1,0,0 '
Received from ('fd00::200:0:0:10', 8765, 0, 0): b' 1232,16,15,1280,0,204,5,10,7,1,3,-52,0,645,9231,59,100,2,0,0 '
Received from ('fd00::200:0:0:7', 8765, 0, 0): b' 1233,7,4,768,0,223,4,11,7,1,2,-70,1,1418,16817,77,100,1,0,0 '
Received from ('fd00::200:0:0:12', 8765, 0, 0): b' 1232,18,15,1280,0,214,2,4,5,1,1,-70,2,925,8258,68,100,2,0,0 '
Received from ('fd00::200:0:0:2', 8765, 0, 0): b' 1234,2,1,512,10,192,6,1,6,1,1,-88,8,1833,10507,83,100,1,0,0 '
Received from ('fd00::200:0:0:13', 8765, 0, 0): b' 1232,19,15,1280,0,208,3,4,7,1,1,-52,0,630,7432,69,100,1,0,0 '
Received from ('fd00::200:0:0:9', 8765, 0, 0): b' 1235,9,4,768,0,217,2,2,7,1,1,-70,3,1362,13162,77,100,2,0,0 '
Received from ('fd00::200:0:0:1', 5678, 0, 0): b' 1236,1,0,256,0,10,0,0,4,0,0,0,10,1713,17991,1332,100,1,0,0 '
Received from ('fd00::200:0:0:f', 8765, 0, 0): b' 1235,15,10,1024,0,199,2,14,7,1,1,-70,5,2481,20731,70,100,1,0,0 '
Received from ('fd00::200:0:0:4', 8765, 0, 0): b' 1236,4,1,512,0,191,6,1,7,1,1,-66,7,2606,19545,82,100,2,0,0 '
Received from ('fd00::200:0:0:c', 8765, 0, 0): b' 1236,12,9,1024,0,161,3,15,7,1,2,-70,1,466,6102,39,100,1,0,0 '
Received from ('fd00::200:0:0:7', 8765, 0, 0): b' 1237,7,4,768,0,224,4,11,7,1,2,-70,1,452,6960,77,100,1,0,0 '
Received from ('fd00::200:0:0:6', 8765, 0, 0): b' 1238,6,3,768,0,214,6,7,7,1,3,-70,0,381,6102,57,100,2,0,0 '
Received from ('fd00::200:0:0:a', 8765, 0, 0): b' 1237,10,2,768,0,190,2,4,7,1,1,-95,7,3412,24049,72,100,2,0,0 '
Received from ('fd00::200:0:0:11', 8765, 0, 0): b' 1237,17,12,1280,10,204,4,6,7,1,2,-70,0,556,6692,61,100,1,0,0 '
Received from ('fd00::200:0:0:15', 8765, 0, 0): b' 1238,21,20,1536,0,194,2,7,5,1,1,-52,0,730,7984,55,100,2,0,0 '
Received from ('fd00::200:0:0:8', 8765, 0, 0): b' 1238,8,4,768,0,217,4,11,7,1,2,-52,0,415,10538,77,100,1,0,0 '
Received from ('fd00::200:0:0:10', 8765, 0, 0): b' 1239,16,15,1280,0,205,5,10,7,1,3,-52,0,570,6993,60,100,2,0,0 '
Received from ('fd00::200:0:0:b', 8765, 0, 0): b' 1238,11,7,1024,0,244,2,8,7,1,1,-52,0,565,10084,74,100,1,0,0 '
Received from ('fd00::200:0:0:3', 8765, 0, 0): b' 1240,3,1,512,10,206,6,2,7,1,2,-64,1,1274,16732,78,100,2,0,0 '
Received from ('fd00::200:0:0:e', 8765, 0, 0): b' 1240,14,10,1024,0,209,2,4,7,1,1,-52,0,442,8710,70,100,1,0,0 '
Received from ('fd00::200:0:0:2', 8765, 0, 0): b' 1241,2,1,512,0,194,6,1,6,1,1,-88,8,1756,12682,83,100,1,0,0 '
Received from ('fd00::200:0:0:14', 8765, 0, 0): b' 1241,20,15,1280,10,198,4,6,7,1,2,-70,1,1186,14395,61,100,2,0,0 '
Received from ('fd00::200:0:0:d', 8765, 0, 0): b' 1241,13,9,1024,0,142,2,13,7,1,1,-52,0,776,10107,34,100,2,0,0 '
Received from ('fd00::200:0:0:5', 8765, 0, 0): b' 1242,5,1,512,0,204,6,1,6,1,1,-94,0,839,12855,83,100,3,0,0 '
Received from ('fd00::200:0:0:12', 8765, 0, 0): b' 1241,18,15,1280,0,214,2,4,5,1,1,-70,2,365,8000,69,100,1,0,0 '
Received from ('fd00::200:0:0:8', 8765, 0, 0): b' 1243,8,4,768,10,217,4,11,7,1,2,-52,0,284,5853,78,100,1,0,0 '
Received from ('fd00::200:0:0:a', 8765, 0, 0): b' 1242,10,2,768,0,192,2,4,7,1,1,-95,7,1630,11463,72,100,1,0,0 '
Received from ('fd00::200:0:0:3', 8765, 0, 0): b' 1244,3,1,512,0,207,6,2,7,1,2,-64,1,612,6732,79,100,1,0,0 '
Received from ('fd00::200:0:0:13', 8765, 0, 0): b' 1243,19,15,1280,0,212,3,4,7,1,1,-52,0,914,9976,70,100,2,0,0 '
Received from ('fd00::200:0:0:9', 8765, 0, 0): b' 1244,9,4,768,10,219,2,2,7,1,1,-70,3,1710,17126,78,100,1,0,0 '
Received from ('fd00::200:0:0:1', 5678, 0, 0): b' 1244,1,0,256,0,10,0,0,4,0,0,0,10,2457,21973,1347,100,2,0,0 '
Received from ('fd00::200:0:0:f', 8765, 0, 0): b' 1245,15,10,1024,0,200,2,14,7,1,1,-70,5,2359,24744,71,100,2,0,0 '
Received from ('fd00::200:0:0:7', 8765, 0, 0): b' 1246,7,4,768,0,226,4,11,7,1,2,-70,1,1202,13947,78,100,2,0,0 '
Received from ('fd00::200:0:0:6', 8765, 0, 0): b' 1246,6,3,768,10,216,6,7,7,1,3,-70,0,576,8187,58,100,1,0,0 '
Received from ('fd00::200:0:0:b', 8765, 0, 0): b' 1245,11,7,1024,10,245,2,8,7,1,1,-52,0,476,7924,75,100,1,0,0 '
Received from ('fd00::200:0:0:15', 8765, 0, 0): b' 1245,21,20,1536,0,199,2,7,5,1,1,-52,0,900,8759,56,100,1,0,0 '
Received from ('fd00::200:0:0:c', 8765, 0, 0): b' 1246,12,9,1024,10,161,3,15,7,1,2,-70,1,986,13173,40,100,2,0,0 '
Received from ('fd00::200:0:0:8', 8765, 0, 0): b' 1247,8,4,768,0,218,4,11,7,1,2,-52,0,451,5847,78,100,1,0,0 '
Received from ('fd00::200:0:0:5', 8765, 0, 0): b' 1247,5,1,512,0,205,6,1,6,1,1,-94,0,269,5786,83,100,0,0,0 '
Received from ('fd00::200:0:0:a', 8765, 0, 0): b' 1245,10,2,768,0,193,2,4,7,1,1,-95,7,1541,9805,73,100,1,0,0 '
Received from ('fd00::200:0:0:4', 8765, 0, 0): b' 1247,4,1,512,10,192,6,1,7,1,1,-66,7,4072,29657,83,100,2,0,0 '
Received from ('fd00::200:0:0:11', 8765, 0, 0): b' 1246,17,12,1280,20,209,4,6,7,1,2,-70,0,762,9751,61,100,1,0,0 '
Received from ('fd00::200:0:0:e', 8765, 0, 0): b' 1248,14,10,1024,0,213,2,4,7,1,1,-52,0,884,8243,71,100,3,0,0 '
Received from ('fd00::200:0:0:14', 8765, 0, 0): b' 1248,20,15,1280,0,198,4,6,7,1,2,-70,1,782,9570,62,100,1,0,0 '
Received from ('fd00::200:0:0:10', 8765, 0, 0): b' 1249,16,15,1280,0,205,5,10,7,1,3,-52,0,487,9854,61,100,2,0,0 '
Received from ('fd00::200:0:0:b', 8765, 0, 0): b' 1250,11,7,1024,0,248,2,8,7,1,1,-52,0,606,6102,75,100,1,0,0 '
Received from ('fd00::200:0:0:d', 8765, 0, 0): b' 1250,13,9,1024,0,147,2,13,7,1,1,-52,0,998,9061,35,100,2,0,0 '
Received from ('fd00::200:0:0:a', 8765, 0, 0): b' 1250,10,2,768,0,194,2,4,7,1,1,-95,7,1169,9835,73,100,1,0,0 '
Received from ('fd00::200:0:0:2', 8765, 0, 0): b' 1251,2,1,512,10,197,6,1,6,1,1,-88,8,3418,22085,84,100,2,0,0 '
Received from ('fd00::200:0:0:9', 8765, 0, 0): b' 1253,9,4,768,10,223,2,2,7,1,1,-70,3,1919,18335,79,100,2,0,0 '
Received from ('fd00::200:0:0:f', 8765, 0, 0): b' 1253,15,10,1024,10,202,2,14,7,1,1,-70,5,2109,20932,71,100,1,0,0 '
Received from ('fd00::200:0:0:7', 8765, 0, 0): b' 1254,7,4,768,0,227,4,11,7,1,2,-70,1,974,12220,78,100,1,0,0 '
Received from ('fd00::200:0:0:3', 8765, 0, 0): b' 1253,3,1,512,0,207,6,2,7,1,2,-64,1,802,14783,79,100,2,0,0 '
Received from ('fd00::200:0:0:12', 8765, 0, 0): b' 1253,18,15,1280,0,217,2,4,5,1,1,-70,2,831,11037,70,100,2,0,0 '
Received from ('fd00::200:0:0:8', 8765, 0, 0): b' 1254,8,4,768,0,219,4,11,7,1,2,-52,0,390,7768,78,100,1,0,0 '
Received from ('fd00::200:0:0:e', 8765, 0, 0): b' 1254,14,10,1024,0,215,2,4,7,1,1,-52,0,499,6014,71,100,1,0,0 '
Received from ('fd00::200:0:0:c', 8765, 0, 0): b' 1253,12,9,1024,0,164,3,15,7,1,2,-70,1,941,9104,40,100,1,0,0 '
Received from ('fd00::200:0:0:5', 8765, 0, 0): b' 1255,5,1,512,0,207,6,1,6,1,1,-94,0,692,9773,84,100,2,0,0 '
Received from ('fd00::200:0:0:13', 8765, 0, 0): b' 1253,19,15,1280,0,217,3,4,7,1,1,-52,0,1021,10455,71,100,2,0,0 '
Received from ('fd00::200:0:0:1', 5678, 0, 0): b' 1256,1,0,256,0,10,0,0,4,0,0,0,10,2566,26904,1358,100,2,0,0 '
Received from ('fd00::200:0:0:4', 8765, 0, 0): b' 1255,4,1,512,10,194,7,1,7,1,1,-66,7,2679,21720,84,100,1,0,0 '
Received from ('fd00::200:0:0:14', 8765, 0, 0): b' 1257,20,15,1280,10,203,4,6,7,1,2,-70,1,1194,11736,62,100,2,0,0 '
Received from ('fd00::200:0:0:b', 8765, 0, 0): b' 1258,11,7,1024,0,250,2,8,7,1,1,-52,0,679,9229,76,100,2,0,0 '
Received from ('fd00::200:0:0:6', 8765, 0, 0): b' 1257,6,3,768,0,218,6,7,7,1,3,-70,0,722,11222,59,100,2,0,0 '
Received from ('fd00::200:0:0:11', 8765, 0, 0): b' 1257,17,12,1280,0,211,4,6,7,1,2,-70,0,929,11375,62,100,3,0,0 '
Received from ('fd00::200:0:0:15', 8765, 0, 0): b' 1257,21,20,1536,0,203,2,7,5,1,1,-52,0,938,11508,57,100,2,0,0 '
Received from ('fd00::200:0:0:13', 8765, 0, 0): b' 1258,19,15,1280,0,219,3,4,7,1,1,-52,0,471,4475,71,100,2,0,0 '
Received from ('fd00::200:0:0:2', 8765, 0, 0): b' 1259,2,1,512,0,199,6,1,6,1,1,-88,8,2354,15695,84,100,1,0,0 '
Received from ('fd00::200:0:0:5', 8765, 0, 0): b' 1261,5,1,512,0,208,6,1,6,1,1,-94,0,389,7089,84,100,1,0,0 '
Received from ('fd00::200:0:0:10', 8765, 0, 0): b' 1260,16,15,1280,0,211,5,10,7,1,3,-52,0,1097,12199,61,100,2,0,0 '
Received from ('fd00::200:0:0:7', 8765, 0, 0): b' 1262,7,4,768,0,231,4,11,7,1,2,-70,1,1440,14560,79,100,1,0,0 '
Received from ('fd00::200:0:0:a', 8765, 0, 0): b' 1261,10,2,768,0,199,2,4,7,1,1,-95,7,3261,23552,74,100,2,0,0 '
Received from ('fd00::200:0:0:8', 8765, 0, 0): b' 1263,8,4,768,0,225,4,11,7,1,2,-52,0,1154,11930,79,100,2,0,0 '
Received from ('fd00::200:0:0:d', 8765, 0, 0): b' 1262,13,9,1024,0,153,2,13,7,1,1,-52,0,1152,12239,36,100,2,0,0 '
Received from ('fd00::200:0:0:c', 8765, 0, 0): b' 1263,12,9,1024,0,170,3,15,7,1,2,-70,1,1371,12809,41,100,2,0,0 '
Received from ('fd00::200:0:0:e', 8765, 0, 0): b' 1263,14,10,1024,0,216,2,4,7,1,1,-52,0,472,8342,72,100,1,0,0 '
Received from ('fd00::200:0:0:f', 8765, 0, 0): b' 1263,15,10,1024,0,204,2,14,7,1,1,-70,5,2812,26938,72,100,2,0,0 '
Received from ('fd00::200:0:0:9', 8765, 0, 0): b' 1265,9,4,768,0,227,2,2,7,1,1,-70,3,2538,23920,79,100,2,0,0 '
Received from ('fd00::200:0:0:12', 8765, 0, 0): b' 1263,18,15,1280,0,219,2,4,5,1,1,-70,2,645,9766,70,100,2,0,0 '
Received from ('fd00::200:0:0:4', 8765, 0, 0): b' 1264,4,1,512,10,199,7,1,7,1,1,-66,7,3393,22949,84,100,2,0,0 '
Received from ('fd00::200:0:0:1', 5678, 0, 0): b' 1265,1,0,256,0,10,0,0,4,0,0,0,10,2275,22944,1371,100,1,0,0 '
Received from ('fd00::200:0:0:14', 8765, 0, 0): b' 1264,20,15,1280,10,204,4,6,7,1,2,-70,1,863,9724,63,100,1,0,0 '
Received from ('fd00::200:0:0:11', 8765, 0, 0): b' 1265,17,12,1280,0,211,4,6,7,1,2,-70,0,310,6734,62,100,1,0,0 '
Received from ('fd00::200:0:0:3', 8765, 0, 0): b' 1265,3,1,512,0,209,6,2,7,1,2,-64,1,1202,18275,80,100,2,0,0 '
Received from ('fd00::200:0:0:15', 8765, 0, 0): b' 1264,21,20,1536,0,205,2,7,5,1,1,-52,0,597,6455,57,100,2,0,0 '
Received from ('fd00::200:0:0:10', 8765, 0, 0): b' 1265,16,15,1280,10,213,5,10,7,1,3,-52,0,534,5077,62,100,1,0,0 '
Received from ('fd00::200:0:0:5', 8765, 0, 0): b' 1266,5,1,512,0,209,6,1,6,1,1,-94,0,459,6811,84,100,1,0,0 '
Received from ('fd00::200:0:0:c', 8765, 0, 0): b' 1267,12,9,1024,0,171,3,15,7,1,2,-70,1,575,5818,41,100,0,0,0 '
Received from ('fd00::200:0:0:6', 8765, 0, 0): b' 1268,6,3,768,0,222,6,7,7,1,3,-70,0,880,10415,59,100,2,0,0 '
Received from ('fd00::200:0:0:b', 8765, 0, 0): b' 1268,11,7,1024,0,253,2,8,7,1,1,-52,0,677,13235,76,100,1,0,0 '
Received from ('fd00::200:0:0:d', 8765, 0, 0): b' 1268,13,9,1024,0,155,2,13,7,1,1,-52,0,501,5908,36,100,1,0,0 '
Received from ('fd00::200:0:0:13', 8765, 0, 0): b' 1268,19,15,1280,10,220,3,4,7,1,1,-52,0,593,9750,72,100,2,0,0 '
Received from ('fd00::200:0:0:2', 8765, 0, 0): b' 1269,2,1,512,0,203,6,1,6,1,1,-88,8,3038,19855,85,100,2,0,0 '
Received from ('fd00::200:0:0:f', 8765, 0, 0): b' 1270,15,10,1024,0,207,2,14,7,1,1,-70,5,2177,19805,72,100,1,0,0 '
Received from ('fd00::200:0:0:7', 8765, 0, 0): b' 1272,7,4,768,0,231,4,11,7,1,2,-70,1,811,14483,79,100,2,0,0 '
Received from ('fd00::200:0:0:e', 8765, 0, 0): b' 1270,14,10,1024,0,218,2,4,7,1,1,-52,0,620,7963,72,100,2,0,0 '
Received from ('fd00::200:0:0:9', 8765, 0, 0): b' 1272,9,4,768,10,229,2,2,7,1,1,-70,3,1444,14217,80,100,1,0,0 '
Received from ('fd00::200:0:0:a', 8765, 0, 0): b' 1271,10,2,768,20,201,2,4,7,1,1,-95,7,2754,21707,74,100,1,0,0 '
Received from ('fd00::200:0:0:8', 8765, 0, 0): b' 1273,8,4,768,0,228,4,11,7,1,2,-52,0,751,12473,79,100,2,0,0 '
Received from ('fd00::200:0:0:3', 8765, 0, 0): b' 1273,3,1,512,0,210,6,2,7,1,2,-64,1,966,12586,81,100,1,0,0 '
Received from ('fd00::200:0:0:14', 8765, 0, 0): b' 1271,20,15,1280,0,205,4,6,7,1,2,-70,1,686,8640,63,100,1,0,0 '
Received from ('fd00::200:0:0:10', 8765, 0, 0): b' 1271,16,15,1280,0,215,5,10,7,1,3,-52,0,501,5444,62,100,1,0,0 '
Received from ('fd00::200:0:0:4', 8765, 0, 0): b' 1273,4,1,512,30,201,7,1,7,1,1,-66,7,3031,24205,85,100,1,0,0 '
Received from ('fd00::200:0:0:11', 8765, 0, 0): b' 1272,17,12,1280,0,214,4,6,7,1,2,-70,0,579,7363,63,100,1,0,0 '
Received from ('fd00::200:0:0:15', 8765, 0, 0): b' 1271,21,20,1536,0,207,2,7,5,1,1,-52,0,579,7125,58,100,1,0,0 '
Received from ('fd00::200:0:0:13', 8765, 0, 0): b' 1273,19,15,1280,0,220,3,4,7,1,1,-52,0,286,4587,72,100,1,0,0 '
Received from ('fd00::200:0:0:2', 8765, 0, 0): b' 1275,2,1,512,10,204,6,1,6,1,1,-88,8,2160,13381,85,100,1,0,0 '
Received from ('fd00::200:0:0:12', 8765, 0, 0): b' 1273,18,15,1280,0,220,2,4,5,1,1,-70,2,593,9553,71,100,2,0,0 '
Received from ('fd00::200:0:0:1', 5678, 0, 0): b' 1277,1,0,256,0,10,0,0,4,0,0,0,10,2697,27034,1388,100,2,0,0 '
Received from ('fd00::200:0:0:5', 8765, 0, 0): b' 1276,5,1,512,0,209,6,1,6,1,1,-94,0,572,12110,85,100,2,0,0 '
Received from ('fd00::200:0:0:6', 8765, 0, 0): b' 1276,6,3,768,0,224,6,7,7,1,3,-70,0,674,8398,60,100,2,0,0 '
Received from ('fd00::200:0:0:a', 8765, 0, 0): b' 1275,10,2,768,30,203,2,4,7,1,1,-95,7,1947,10657,75,100,1,0,0 '
Received from ('fd00::200:0:0:c', 8765, 0, 0): b' 1277,12,9,1024,0,174,3,15,7,1,2,-70,1,1184,13207,42,100,2,0,0 '
Received from ('fd00::200:0:0:15', 8765, 0, 0): b' 1275,21,20,1536,0,208,2,7,5,1,1,-52,0,368,3902,58,100,1,0,0 '
Received from ('fd00::200:0:0:b', 8765, 0, 0): b' 1277,11,7,1024,10,259,2,8,7,1,1,-52,0,1025,11940,77,100,2,0,0 '
Received from ('fd00::200:0:0:d', 8765, 0, 0): b' 1277,13,9,1024,0,157,2,13,7,1,1,-52,0,700,9329,37,100,2,0,0 '
Received from ('fd00::200:0:0:e', 8765, 0, 0): b' 1276,14,10,1024,10,222,2,4,7,1,1,-52,0,769,6802,73,100,1,0,0 '
Received from ('fd00::200:0:0:14', 8765, 0, 0): b' 1279,20,15,1280,0,207,4,6,7,1,2,-70,1,1215,10943,64,100,2,0,0 '
Received from ('fd00::200:0:0:12', 8765, 0, 0): b' 1278,18,15,1280,0,222,2,4,5,1,1,-70,2,499,5903,71,100,1,0,0 '
Received from ('fd00::200:0:0:7', 8765, 0, 0): b' 1280,7,4,768,10,234,4,11,7,1,2,-70,1,1299,14367,80,100,1,0,0 '
Received from ('fd00::200:0:0:3', 8765, 0, 0): b' 1280,3,1,512,0,210,6,2,7,1,2,-64,1,670,10561,81,100,1,0,0 '
Received from ('fd00::200:0:0:10', 8765, 0, 0): b' 1280,16,15,1280,0,218,5,10,7,1,3,-52,0,711,9519,63,100,1,0,0 '
Received from ('fd00::200:0:0:2', 8765, 0, 0): b' 1280,2,1,512,10,204,6,1,6,1,1,-88,8,1806,10660,86,100,1,0,0 '
Received from ('fd00::200:0:0:5', 8765, 0, 0): b' 1282,5,1,512,0,209,6,1,6,1,1,-94,0,259,6226,85,100,1,0,0 '
Received from ('fd00::200:0:0:15', 8765, 0, 0): b' 1280,21,20,1536,10,208,2,7,5,1,1,-52,0,261,4486,58,100,1,0,0 '
Received from ('fd00::200:0:0:6', 8765, 0, 0): b' 1281,6,3,768,10,226,6,7,7,1,3,-70,0,365,4559,60,100,1,0,0 '
Received from ('fd00::200:0:0:f', 8765, 0, 0): b' 1280,15,10,1024,10,209,2,14,7,1,1,-70,5,3579,29069,73,100,2,0,0 '
Received from ('fd00::200:0:0:11', 8765, 0, 0): b' 1281,17,12,1280,0,215,4,6,7,1,2,-70,0,569,8400,64,100,2,0,0 '
Received from ('fd00::200:0:0:13', 8765, 0, 0): b' 1280,19,15,1280,10,222,3,4,7,1,1,-52,0,499,6746,72,100,1,0,0 '
Received from ('fd00::200:0:0:b', 8765, 0, 0): b' 1283,11,7,1024,0,261,2,9,7,1,1,-52,0,636,7095,77,100,2,0,0 '
Received from ('fd00::200:0:0:1', 5678, 0, 0): b' 1284,1,0,256,0,10,0,0,4,0,0,0,10,1852,17313,1397,100,2,0,0 '
Received from ('fd00::200:0:0:4', 8765, 0, 0): b' 1284,4,1,512,10,204,7,1,7,1,1,-66,7,3059,24843,86,100,2,0,0 '
Received from ('fd00::200:0:0:a', 8765, 0, 0): b' 1282,10,2,768,0,204,2,4,7,1,1,-95,7,2372,15737,75,100,2,0,0 '
Received from ('fd00::200:0:0:9', 8765, 0, 0): b' 1282,9,4,768,0,230,2,2,7,1,1,-70,3,2141,22573,81,100,3,0,0 '
Received from ('fd00::200:0:0:8', 8765, 0, 0): b' 1282,8,4,768,0,234,4,11,7,1,2,-52,0,1179,15143,80,100,2,0,0 '
Received from ('fd00::200:0:0:c', 8765, 0, 0): b' 1284,12,9,1024,20,176,3,15,7,1,2,-70,1,878,9314,42,100,2,0,0 '
Received from ('fd00::200:0:0:e', 8765, 0, 0): b' 1284,14,10,1024,0,224,2,4,7,1,1,-52,0,645,8263,73,100,2,0,0 '
Received from ('fd00::200:0:0:14', 8765, 0, 0): b' 1286,20,15,1280,10,207,4,6,7,1,2,-70,1,581,8635,64,100,1,0,0 '
Received from ('fd00::200:0:0:13', 8765, 0, 0): b' 1286,19,15,1280,0,225,3,4,7,1,1,-52,0,663,5909,73,100,1,0,0 '
Received from ('fd00::200:0:0:5', 8765, 0, 0): b' 1288,5,1,512,10,213,6,1,6,1,1,-94,0,786,8835,86,100,1,0,0 '
Received from ('fd00::200:0:0:d', 8765, 0, 0): b' 1288,13,9,1024,0,160,2,13,7,1,1,-52,0,878,10641,38,100,1,0,0 '
Received from ('fd00::200:0:0:1', 5678, 0, 0): b' 1288,1,0,256,0,10,0,0,4,0,0,0,10,1195,12053,1405,100,1,0,0 '
Received from ('fd00::200:0:0:f', 8765, 0, 0): b' 1286,15,10,1024,0,211,2,14,7,1,1,-70,5,1685,15837,73,100,1,0,0 '
Received from ('fd00::200:0:0:8', 8765, 0, 0): b' 1289,8,4,768,0,234,4,11,7,1,2,-52,0,261,5625,80,100,1,0,0 '
Received from ('fd00::200:0:0:10', 8765, 0, 0): b' 1287,16,15,1280,0,219,5,10,7,1,3,-52,0,393,6035,63,100,1,0,0 '
Received from ('fd00::200:0:0:11', 8765, 0, 0): b' 1289,17,12,1280,0,217,4,6,7,1,2,-70,0,589,7258,64,100,1,0,0 '
Received from ('fd00::200:0:0:7', 8765, 0, 0): b' 1290,7,4,768,0,240,4,11,7,1,2,-70,1,1683,16592,81,100,2,0,0 '
Received from ('fd00::200:0:0:4', 8765, 0, 0): b' 1291,4,1,512,0,204,7,1,7,1,1,-66,7,2524,17977,86,100,1,0,0 '
Received from ('fd00::200:0:0:3', 8765, 0, 0): b' 1290,3,1,512,0,211,6,2,7,1,2,-64,1,1098,15807,82,100,2,0,0 '
Received from ('fd00::200:0:0:2', 8765, 0, 0): b' 1291,2,1,512,10,207,6,1,6,1,1,-88,8,3027,19712,86,100,2,0,0 '
Received from ('fd00::200:0:0:9', 8765, 0, 0): b' 1292,9,4,768,0,233,2,2,7,1,1,-70,3,1613,16045,81,100,1,0,0 '
Received from ('fd00::200:0:0:a', 8765, 0, 0): b' 1291,10,2,768,0,205,2,4,7,1,1,-95,7,2013,16074,76,100,1,0,0 '
Received from ('fd00::200:0:0:f', 8765, 0, 0): b' 1290,15,10,1024,0,211,2,14,7,1,1,-70,5,1112,10687,74,100,1,0,0 '
Received from ('fd00::200:0:0:b', 8765, 0, 0): b' 1293,11,7,1024,0,264,2,9,7,1,1,-52,0,834,12533,78,100,2,0,0 '
Received from ('fd00::200:0:0:10', 8765, 0, 0): b' 1290,16,15,1280,0,220,5,10,7,1,3,-52,0,425,4416,64,100,1,0,0 '
Received from ('fd00::200:0:0:6', 8765, 0, 0): b' 1293,6,3,768,0,229,6,7,7,1,3,-70,0,936,11455,61,100,2,0,0 '
Received from ('fd00::200:0:0:8', 8765, 0, 0): b' 1294,8,4,768,0,235,4,11,7,1,2,-52,0,450,6016,81,100,1,0,0 '
Received from ('fd00::200:0:0:12', 8765, 0, 0): b' 1290,18,15,1280,0,226,2,4,5,1,1,-70,2,938,11499,72,100,2,0,0 '
Received from ('fd00::200:0:0:13', 8765, 0, 0): b' 1291,19,15,1280,0,227,3,4,7,1,1,-52,0,593,6816,73,100,1,0,0 '
Received from ('fd00::200:0:0:15', 8765, 0, 0): b' 1292,21,20,1536,10,212,2,7,5,1,1,-52,0,939,11687,59,100,2,0,0 '
Received from ('fd00::200:0:0:c', 8765, 0, 0): b' 1296,12,9,1024,0,179,3,15,7,1,2,-70,1,1358,14221,43,100,2,0,0 '
Received from ('fd00::200:0:0:11', 8765, 0, 0): b' 1294,17,12,1280,0,218,4,6,7,1,2,-70,0,392,5619,64,100,1,0,0 '
Received from ('fd00::200:0:0:14', 8765, 0, 0): b' 1293,20,15,1280,0,209,4,6,7,1,2,-70,1,1173,12348,65,100,2,0,0 '
Received from ('fd00::200:0:0:5', 8765, 0, 0): b' 1296,5,1,512,0,216,6,1,6,1,1,-94,0,628,9229,86,100,1,0,0 '
Received from ('fd00::200:0:0:f', 8765, 0, 0): b' 1294,15,10,1024,0,213,2,14,7,1,1,-70,5,1558,11418,74,100,1,0,0 '
Received from ('fd00::200:0:0:e', 8765, 0, 0): b' 1294,14,10,1024,10,227,2,4,7,1,1,-52,0,603,9328,74,100,1,0,0 '
Received from ('fd00::200:0:0:4', 8765, 0, 0): b' 1297,4,1,512,0,204,7,1,7,1,1,-66,7,1722,15541,86,100,1,0,0 '
Received from ('fd00::200:0:0:3', 8765, 0, 0): b' 1297,3,1,512,0,214,6,2,7,1,2,-64,1,948,10746,82,100,1,0,0 '
Received from ('fd00::200:0:0:12', 8765, 0, 0): b' 1294,18,15,1280,10,228,2,4,5,1,1,-70,2,476,4525,73,100,1,0,0 '
Received from ('fd00::200:0:0:8', 8765, 0, 0): b' 1298,8,4,768,0,237,4,11,7,1,2,-52,0,376,5341,81,100,0,0,0 '
Received from ('fd00::200:0:0:d', 8765, 0, 0): b' 1298,13,9,1024,0,161,2,13,7,1,1,-52,0,580,9017,38,100,2,0,0 '
Received from ('fd00::200:0:0:10', 8765, 0, 0): b' 1295,16,15,1280,10,222,5,10,7,1,3,-52,0,500,6125,64,100,1,0,0 '
Received from ('fd00::200:0:0:1', 5678, 0, 0): b' 1299,1,0,256,0,10,0,0,4,0,0,0,10,2638,25944,1417,100,2,0,0 '
Received from ('fd00::200:0:0:13', 8765, 0, 0): b' 1296,19,15,1280,0,229,3,4,7,1,1,-52,0,531,5402,74,100,1,0,0 '
Received from ('fd00::200:0:0:7', 8765, 0, 0): b' 1300,7,4,768,0,242,4,11,7,1,2,-70,1,1021,15059,81,100,2,0,0 '
Received from ('fd00::200:0:0:c', 8765, 0, 0): b' 1300,12,9,1024,0,181,3,15,7,1,2,-70,1,738,6856,43,100,0,0,0 '
Received from ('fd00::200:0:0:2', 8765, 0, 0): b' 1301,2,1,512,20,211,6,1,6,1,1,-88,8,3091,18562,87,100,1,0,0 '
Received from ('fd00::200:0:0:f', 8765, 0, 0): b' 1298,15,10,1024,0,216,2,14,7,1,1,-70,5,1611,12989,74,100,0,0,0 '
Received from ('fd00::200:0:0:14', 8765, 0, 0): b' 1299,20,15,1280,10,210,4,6,7,1,2,-70,1,534,7471,65,100,1,0,0 '
Received from ('fd00::200:0:0:9', 8765, 0, 0): b' 1302,9,4,768,0,234,2,2,7,1,1,-70,3,1999,21823,82,100,2,0,0 '
Received from ('fd00::200:0:0:a', 8765, 0, 0): b' 1302,10,2,768,0,207,2,4,7,1,1,-95,7,3736,26166,76,100,2,0,0 '
Received from ('fd00::200:0:0:6', 8765, 0, 0): b' 1302,6,3,768,0,234,6,7,7,1,3,-70,0,1019,9876,62,100,2,0,0 '
Received from ('fd00::200:0:0:b', 8765, 0, 0): b' 1303,11,7,1024,0,268,2,9,7,1,1,-52,0,846,12770,79,100,1,0,0 '
Received from ('fd00::200:0:0:5', 8765, 0, 0): b' 1303,5,1,512,0,217,6,1,6,1,1,-94,0,585,9712,87,100,2,0,0 '
Received from ('fd00::200:0:0:c', 8765, 0, 0): b' 1305,12,9,1024,0,183,3,15,7,1,2,-70,1,643,6166,44,100,1,0,0 '
Received from ('fd00::200:0:0:15', 8765, 0, 0): b' 1303,21,20,1536,0,214,2,7,5,1,1,-52,0,726,10115,60,100,2,0,0 '
Received from ('fd00::200:0:0:d', 8765, 0, 0): b' 1304,13,9,1024,0,163,2,13,7,1,1,-52,0,621,6588,39,100,1,0,0 '
Received from ('fd00::200:0:0:12', 8765, 0, 0): b' 1302,18,15,1280,0,230,2,4,5,1,1,-70,2,677,7805,73,100,2,0,0 '
Received from ('fd00::200:0:0:8', 8765, 0, 0): b' 1304,8,4,768,0,238,4,11,7,1,2,-52,0,414,8560,81,100,1,0,0 '
Received from ('fd00::200:0:0:11', 8765, 0, 0): b' 1305,17,12,1280,0,223,4,6,7,1,2,-70,0,1091,10606,65,100,2,0,0 '
Received from ('fd00::200:0:0:10', 8765, 0, 0): b' 1303,16,15,1280,10,225,5,10,7,1,3,-52,0,800,7586,65,100,2,0,0 '
Received from ('fd00::200:0:0:1', 5678, 0, 0): b' 1306,1,0,256,0,10,0,0,4,0,0,0,10,1821,17482,1429,100,1,0,0 '
Received from ('fd00::200:0:0:2', 8765, 0, 0): b' 1306,2,1,512,0,213,6,1,6,1,1,-88,8,2141,12419,87,100,1,0,0 '
Received from ('fd00::200:0:0:7', 8765, 0, 0): b' 1306,7,4,768,0,243,4,11,7,1,2,-70,1,999,11796,82,100,1,0,0 '
Received from ('fd00::200:0:0:3', 8765, 0, 0): b' 1306,3,1,512,0,216,6,2,7,1,2,-64,1,1085,15033,83,100,1,0,0 '
Received from ('fd00::200:0:0:13', 8765, 0, 0): b' 1304,19,15,1280,10,231,3,4,7,1,1,-52,0,513,7264,74,100,2,0,0 '
Received from ('fd00::200:0:0:e', 8765, 0, 0): b' 1305,14,10,1024,0,230,2,4,7,1,1,-52,0,986,11149,75,100,2,0,0 '
Received from ('fd00::200:0:0:4', 8765, 0, 0): b' 1308,4,1,512,0,204,7,1,7,1,1,-66,7,3520,28269,87,100,2,0,0 '
Received from ('fd00::200:0:0:b', 8765, 0, 0): b' 1307,11,7,1024,0,268,2,9,7,1,1,-52,0,285,6661,79,100,1,0,0 '
Received from ('fd00::200:0:0:9', 8765, 0, 0): b' 1308,9,4,768,0,235,2,2,7,1,1,-70,3,1312,13195,82,100,1,0,0 '
Received from ('fd00::200:0:0:14', 8765, 0, 0): b' 1307,20,15,1280,0,210,4,6,7,1,2,-70,1,725,10709,66,100,1,0,0 '
Received from ('fd00::200:0:0:d', 8765, 0, 0): b' 1309,13,9,1024,0,166,2,13,7,1,1,-52,0,606,6132,39,100,1,0,0 '
Received from ('fd00::200:0:0:6', 8765, 0, 0): b' 1310,6,3,768,0,237,6,7,7,1,3,-70,0,628,7762,62,100,1,0,0 '
Received from ('fd00::200:0:0:2', 8765, 0, 0): b' 1311,2,1,512,0,214,6,1,6,1,1,-88,8,1127,8631,88,100,1,0,0 '
Received from ('fd00::200:0:0:f', 8765, 0, 0): b' 1310,15,10,1024,10,218,2,14,7,1,1,-70,5,2977,28738,75,100,2,0,0 '
Received from ('fd00::200:0:0:5', 8765, 0, 0): b' 1312,5,1,512,0,218,6,1,6,1,1,-94,0,413,9943,87,100,1,0,0 '
Received from ('fd00::200:0:0:a', 8765, 0, 0): b' 1311,10,2,768,20,211,2,4,7,1,1,-95,7,2651,19787,77,100,2,0,0 '
Received from ('fd00::200:0:0:8', 8765, 0, 0): b' 1312,8,4,768,0,241,4,11,7,1,2,-52,0,809,10270,82,100,2,0,0 '
Received from ('fd00::200:0:0:15', 8765, 0, 0): b' 1310,21,20,1536,0,215,2,7,5,1,1,-52,0,417,7074,60,100,1,0,0 '
Received from ('fd00::200:0:0:11', 8765, 0, 0): b' 1313,17,12,1280,10,226,4,6,7,1,2,-70,0,761,7170,66,100,2,0,0 '
Received from ('fd00::200:0:0:12', 8765, 0, 0): b' 1309,18,15,1280,0,234,2,4,5,1,1,-70,2,737,7290,73,100,1,0,0 '
Received from ('fd00::200:0:0:c', 8765, 0, 0): b' 1312,12,9,1024,0,184,3,15,7,1,2,-70,1,1192,11964,44,100,2,0,0 '
Received from ('fd00::200:0:0:1', 5678, 0, 0): b' 1314,1,0,256,0,10,0,0,4,0,0,0,10,1706,17927,1435,100,1,0,0 '
Received from ('fd00::200:0:0:3', 8765, 0, 0): b' 1315,3,1,512,0,219,6,2,7,1,2,-64,1,1318,15037,83,100,2,0,0 '
Received from ('fd00::200:0:0:13', 8765, 0, 0): b' 1313,19,15,1280,0,236,3,4,7,1,1,-52,0,1032,9857,75,100,1,0,0 '
Received from ('fd00::200:0:0:e', 8765, 0, 0): b' 1315,14,10,1024,0,233,2,4,7,1,1,-52,0,753,8813,75,100,2,0,0 '
Received from ('fd00::200:0:0:5', 8765, 0, 0): b' 1318,5,1,512,0,219,6,1,6,1,1,-94,0,464,7453,88,100,1,0,0 '
Received from ('fd00::200:0:0:4', 8765, 0, 0): b' 1318,4,1,512,10,208,7,1,7,1,1,-66,7,3126,23602,88,100,2,0,0 '
Received from ('fd00::200:0:0:2', 8765, 0, 0): b' 1317,2,1,512,20,216,6,1,6,1,1,-88,8,1791,12156,88,100,1,0,0 '
Received from ('fd00::200:0:0:1', 5678, 0, 0): b' 1318,1,0,256,0,10,0,0,4,0,0,0,10,1212,10965,1442,100,1,0,0 '
Received from ('fd00::200:0:0:7', 8765, 0, 0): b' 1318,7,4,768,0,244,4,11,7,1,2,-70,1,1347,18621,83,100,3,0,0 '
Received from ('fd00::200:0:0:10', 8765, 0, 0): b' 1313,16,15,1280,10,227,5,10,7,1,3,-52,0,702,10074,65,100,2,0,0 '
Received from ('fd00::200:0:0:9', 8765, 0, 0): b' 1318,9,4,768,0,237,2,2,7,1,1,-70,3,1768,18701,83,100,2,0,0 '
Received from ('fd00::200:0:0:b', 8765, 0, 0): b' 1317,11,7,1024,0,268,3,9,7,1,1,-52,0,593,12370,80,100,2,0,0 '
Received from ('fd00::200:0:0:3', 8765, 0, 0): b' 1320,3,1,512,0,221,6,2,7,1,2,-64,1,633,7302,84,100,1,0,0 '
Received from ('fd00::200:0:0:12', 8765, 0, 0): b' 1316,18,15,1280,10,237,2,4,5,1,1,-70,2,662,7446,74,100,1,0,0 '
Received from ('fd00::200:0:0:c', 8765, 0, 0): b' 1317,12,9,1024,10,187,3,15,7,1,2,-70,1,749,7855,45,100,1,0,0 '
Received from ('fd00::200:0:0:d', 8765, 0, 0): b' 1318,13,9,1024,10,168,2,13,7,1,1,-52,0,676,8640,40,100,2,0,0 '
Received from ('fd00::200:0:0:6', 8765, 0, 0): b' 1320,6,3,768,0,239,7,7,7,1,3,-70,0,777,9945,63,100,2,0,0 '
Received from ('fd00::200:0:0:8', 8765, 0, 0): b' 1319,8,4,768,0,244,4,11,7,1,2,-52,0,605,9084,82,100,1,0,0 '
Received from ('fd00::200:0:0:14', 8765, 0, 0): b' 1318,20,15,1280,0,213,4,6,7,1,2,-70,1,1166,13319,66,100,2,0,0 '
Received from ('fd00::200:0:0:10', 8765, 0, 0): b' 1318,16,15,1280,0,228,5,10,7,1,3,-52,0,354,5090,66,100,0,0,0 '
Received from ('fd00::200:0:0:5', 8765, 0, 0): b' 1322,5,1,512,0,221,6,1,6,1,1,-94,0,472,5134,88,100,1,0,0 '
Received from ('fd00::200:0:0:15', 8765, 0, 0): b' 1318,21,20,1536,0,216,2,7,5,1,1,-52,0,569,8988,61,100,2,0,0 '
Received from ('fd00::200:0:0:f', 8765, 0, 0): b' 1321,15,10,1024,10,221,2,14,7,1,1,-70,5,3552,29596,76,100,2,0,0 '
Received from ('fd00::200:0:0:a', 8765, 0, 0): b' 1324,10,2,768,0,216,2,4,7,1,1,-95,7,4105,27189,78,100,2,0,0 '
Received from ('fd00::200:0:0:11', 8765, 0, 0): b' 1325,17,12,1280,0,231,4,6,7,1,2,-70,0,883,11236,66,100,2,0,0 '
Received from ('fd00::200:0:0:e', 8765, 0, 0): b' 1325,14,10,1024,0,235,3,4,7,1,1,-52,0,659,8337,76,100,1,0,0 '
Received from ('fd00::200:0:0:b', 8765, 0, 0): b' 1324,11,7,1024,0,268,3,9,7,1,1,-52,0,285,7340,80,100,1,0,0 '
Received from ('fd00::200:0:0:14', 8765, 0, 0): b' 1323,20,15,1280,10,215,4,6,7,1,2,-70,1,715,6826,67,100,1,0,0 '
Received from ('fd00::200:0:0:6', 8765, 0, 0): b' 1326,6,3,768,0,241,7,7,7,1,3,-70,0,496,5502,63,100,1,0,0 '
Received from ('fd00::200:0:0:1', 5678, 0, 0): b' 1326,1,0,256,0,10,0,0,4,0,0,0,10,2022,20143,1453,100,1,0,0 '
Received from ('fd00::200:0:0:d', 8765, 0, 0): b' 1325,13,9,1024,0,170,2,13,7,1,1,-52,0,524,6815,40,100,1,0,0 '
Received from ('fd00::200:0:0:2', 8765, 0, 0): b' 1327,2,1,512,30,220,6,1,6,1,1,-88,8,3489,20938,89,100,2,0,0 '
Received from ('fd00::200:0:0:7', 8765, 0, 0): b' 1326,7,4,768,0,246,4,11,7,1,2,-70,1,940,12889,83,100,1,0,0 '
Received from ('fd00::200:0:0:8', 8765, 0, 0): b' 1327,8,4,768,0,245,4,11,7,1,2,-52,0,595,9607,83,100,2,0,0 '
Received from ('fd00::200:0:0:10', 8765, 0, 0): b' 1324,16,15,1280,0,229,5,10,7,1,3,-52,0,490,5671,66,100,2,0,0 '
Received from ('fd00::200:0:0:9', 8765, 0, 0): b' 1327,9,4,768,20,239,2,2,7,1,1,-70,3,1828,18270,84,100,1,0,0 '
Received from ('fd00::200:0:0:f', 8765, 0, 0): b' 1328,15,10,1024,0,222,2,14,7,1,1,-70,5,1424,15051,76,100,1,0,0 '
Received from ('fd00::200:0:0:c', 8765, 0, 0): b' 1326,12,9,1024,0,189,3,15,7,1,2,-70,1,1093,11722,45,100,2,0,0 '
Received from ('fd00::200:0:0:13', 8765, 0, 0): b' 1325,19,15,1280,0,240,3,4,7,1,1,-52,0,1036,11906,76,100,3,0,0 '
Received from ('fd00::200:0:0:4', 8765, 0, 0): b' 1329,4,1,512,0,213,7,1,7,1,1,-66,7,4189,29423,88,100,2,0,0 '
Received from ('fd00::200:0:0:3', 8765, 0, 0): b' 1328,3,1,512,10,222,6,2,7,1,2,-64,1,881,13058,84,100,1,0,0 '
Received from ('fd00::200:0:0:12', 8765, 0, 0): b' 1326,18,15,1280,0,243,2,4,5,1,1,-70,2,1123,9315,75,100,3,0,0 '
Received from ('fd00::200:0:0:b', 8765, 0, 0): b' 1328,11,7,1024,0,268,3,9,7,1,1,-52,0,260,4961,80,100,1,0,0 '
Received from ('fd00::200:0:0:15', 8765, 0, 0): b' 1326,21,20,1536,0,218,2,7,5,1,1,-52,0,523,7473,61,100,1,0,0 '
Received from ('fd00::200:0:0:2', 8765, 0, 0): b' 1332,2,1,512,10,223,6,1,6,1,1,-88,8,1555,9437,89,100,1,0,0 '
Received from ('fd00::200:0:0:6', 8765, 0, 0): b' 1331,6,3,768,0,241,7,7,7,1,3,-70,0,314,5104,64,100,1,0,0 '
Received from ('fd00::200:0:0:f', 8765, 0, 0): b' 1332,15,10,1024,0,222,2,14,7,1,1,-70,5,1035,10468,76,100,1,0,0 '
Received from ('fd00::200:0:0:7', 8765, 0, 0): b' 1332,7,4,768,10,247,4,11,7,1,2,-70,1,715,8166,84,100,1,0,0 '
Received from ('fd00::200:0:0:e', 8765, 0, 0): b' 1334,14,10,1024,0,236,3,4,7,1,1,-52,0,513,7717,76,100,2,0,0 '
Received from ('fd00::200:0:0:a', 8765, 0, 0): b' 1333,10,2,768,20,220,2,4,7,1,1,-95,7,3226,22361,79,100,2,0,0 '
Received from ('fd00::200:0:0:d', 8765, 0, 0): b' 1332,13,9,1024,0,174,2,13,7,1,1,-52,0,770,7222,41,100,1,0,0 '
Received from ('fd00::200:0:0:5', 8765, 0, 0): b' 1334,5,1,512,0,224,6,1,6,1,1,-94,0,847,14517,89,100,2,0,0 '
Received from ('fd00::200:0:0:14', 8765, 0, 0): b' 1330,20,15,1280,0,217,4,6,7,1,2,-70,1,1142,10649,67,100,2,0,0 '
Received from ('fd00::200:0:0:1', 5678, 0, 0): b' 1334,1,0,256,0,10,0,0,4,0,0,0,10,2245,19996,1467,100,2,0,0 '
Received from ('fd00::200:0:0:15', 8765, 0, 0): b' 1331,21,20,1536,0,219,2,7,5,1,1,-52,0,448,4966,62,100,1,0,0 '
Received from ('fd00::200:0:0:11', 8765, 0, 0): b' 1333,17,12,1280,0,233,4,6,7,1,2,-70,0,604,8483,67,100,1,0,0 '
Received from ('fd00::200:0:0:c', 8765, 0, 0): b' 1335,12,9,1024,0,192,3,15,7,1,2,-70,1,1010,11010,46,100,1,0,0 '
Received from ('fd00::200:0:0:4', 8765, 0, 0): b' 1336,4,1,512,0,215,7,1,7,1,1,-66,7,2694,20131,89,100,1,0,0 '
Received from ('fd00::200:0:0:13', 8765, 0, 0): b' 1333,19,15,1280,0,243,3,4,7,1,1,-52,0,525,7639,76,100,1,0,0 '
Received from ('fd00::200:0:0:10', 8765, 0, 0): b' 1334,16,15,1280,0,231,5,10,7,1,3,-52,0,598,9505,67,100,2,0,0 '
Received from ('fd00::200:0:0:f', 8765, 0, 0): b' 1337,15,10,1024,0,223,2,14,7,1,1,-70,5,2016,17679,77,100,1,0,0 '
Received from ('fd00::200:0:0:9', 8765, 0, 0): b' 1338,9,4,768,0,244,2,2,7,1,1,-70,3,2365,20912,84,100,3,0,0 '
Received from ('fd00::200:0:0:8', 8765, 0, 0): b' 1338,8,4,768,0,248,5,11,7,1,2,-52,0,840,13688,84,100,1,0,0 '
Received from ('fd00::200:0:0:e', 8765, 0, 0): b' 1337,14,10,1024,0,237,3,4,7,1,1,-52,0,448,5588,77,100,1,0,0 '
Received from ('fd00::200:0:0:d', 8765, 0, 0): b' 1338,13,9,1024,0,175,2,13,7,1,1,-52,0,392,5135,41,100,1,0,0 '
Received from ('fd00::200:0:0:2', 8765, 0, 0): b' 1339,2,1,512,10,224,6,1,6,1,1,-88,8,2595,15911,90,100,1,0,0 '
Received from ('fd00::200:0:0:12', 8765, 0, 0): b' 1336,18,15,1280,0,248,2,4,5,1,1,-70,2,966,9864,75,100,2,0,0 '
Received from ('fd00::200:0:0:7', 8765, 0, 0): b' 1340,7,4,768,0,249,4,11,7,1,2,-70,1,868,11947,84,100,1,0,0 '
Received from ('fd00::200:0:0:6', 8765, 0, 0): b' 1339,6,3,768,0,244,7,7,7,1,3,-70,0,794,8070,64,100,2,0,0 '
Received from ('fd00::200:0:0:a', 8765, 0, 0): b' 1339,10,2,768,0,221,2,4,7,1,1,-95,7,1880,13508,79,100,1,0,0 '
Received from ('fd00::200:0:0:3', 8765, 0, 0): b' 1340,3,1,512,0,228,6,2,7,1,2,-64,1,1807,18810,85,100,2,0,0 '
Received from ('fd00::200:0:0:b', 8765, 0, 0): b' 1340,11,7,1024,0,272,3,9,7,1,1,-52,0,1035,14505,81,100,2,0,0 '
Received from ('fd00::200:0:0:11', 8765, 0, 0): b' 1342,17,12,1280,10,235,4,6,7,1,2,-70,0,614,7855,68,100,3,0,0 '
Received from ('fd00::200:0:0:15', 8765, 0, 0): b' 1340,21,20,1536,0,224,2,7,5,1,1,-52,0,935,8831,62,100,3,0,0 '
Received from ('fd00::200:0:0:c', 8765, 0, 0): b' 1342,12,9,1024,0,195,3,15,7,1,2,-70,1,1020,9805,46,100,1,0,0 '
Received from ('fd00::200:0:0:1', 5678, 0, 0): b' 1343,1,0,256,0,10,0,0,4,0,0,0,10,2045,21476,1476,100,1,0,0 '
Received from ('fd00::200:0:0:4', 8765, 0, 0): b' 1343,4,1,512,10,217,7,1,7,1,1,-66,7,2428,17834,89,100,2,0,0 '
Received from ('fd00::200:0:0:d', 8765, 0, 0): b' 1344,13,9,1024,0,176,2,13,7,1,1,-52,0,392,5584,41,100,1,0,0 '
Received from ('fd00::200:0:0:10', 8765, 0, 0): b' 1341,16,15,1280,10,235,5,10,7,1,3,-52,0,811,7166,67,100,2,0,0 '
Received from ('fd00::200:0:0:e', 8765, 0, 0): b' 1343,14,10,1024,0,239,3,4,7,1,1,-52,0,499,5586,77,100,1,0,0 '
Received from ('fd00::200:0:0:6', 8765, 0, 0): b' 1344,6,3,768,0,247,7,7,7,1,3,-70,0,562,5312,65,100,0,0,0 '
Received from ('fd00::200:0:0:14', 8765, 0, 0): b' 1342,20,15,1280,0,221,4,6,7,1,2,-70,1,1498,15352,68,100,2,0,0 '
Received from ('fd00::200:0:0:5', 8765, 0, 0): b' 1345,5,1,512,0,225,6,1,6,1,1,-94,0,634,13738,90,100,2,0,0 '
Received from ('fd00::200:0:0:8', 8765, 0, 0): b' 1345,8,4,768,0,251,5,11,7,1,2,-52,0,696,8672,84,100,3,0,0 '
Received from ('fd00::200:0:0:a', 8765, 0, 0): b' 1345,10,2,768,0,222,2,4,7,1,1,-95,7,1421,12379,79,100,1,0,0 '
Received from ('fd00::200:0:0:13', 8765, 0, 0): b' 1343,19,15,1280,0,247,3,4,7,1,1,-52,0,914,10233,77,100,2,0,0 '
Received from ('fd00::200:0:0:7', 8765, 0, 0): b' 1347,7,4,768,0,252,4,11,7,1,2,-70,1,1295,12234,85,100,2,0,0 '
Received from ('fd00::200:0:0:9', 8765, 0, 0): b' 1347,9,4,768,0,245,2,2,7,1,1,-70,3,1637,17174,85,100,1,0,0 '
Received from ('fd00::200:0:0:2', 8765, 0, 0): b' 1348,2,1,512,10,225,6,1,6,1,1,-88,8,2250,15632,90,100,2,0,0 '
Received from ('fd00::200:0:0:11', 8765, 0, 0): b' 1347,17,12,1280,0,237,4,6,7,1,2,-70,0,556,5180,68,100,1,0,0 '
Received from ('fd00::200:0:0:3', 8765, 0, 0): b' 1348,3,1,512,0,232,6,2,7,1,2,-64,1,1368,13372,86,100,2,0,0 '
Received from ('fd00::200:0:0:f', 8765, 0, 0): b' 1347,15,10,1024,10,223,2,14,7,1,1,-70,5,2413,25527,77,100,2,0,0 '
Received from ('fd00::200:0:0:c', 8765, 0, 0): b' 1349,12,9,1024,0,195,3,15,7,1,2,-70,1,762,8126,46,100,2,1,5 '
Received from ('fd00::200:0:0:e', 8765, 0, 0): b' 1348,14,10,1024,0,240,3,4,7,1,1,-52,0,424,4588,78,100,1,0,0 '
Received from ('fd00::200:0:0:12', 8765, 0, 0): b' 1348,18,15,1280,0,250,2,4,5,1,1,-70,2,724,10977,76,100,2,0,0 '
Received from ('fd00::200:0:0:4', 8765, 0, 0): b' 1350,4,1,512,0,217,7,1,7,1,1,-66,7,2250,17648,90,100,1,0,0 '
Received from ('fd00::200:0:0:10', 8765, 0, 0): b' 1351,16,15,1280,0,235,5,10,7,1,3,-52,0,367,7075,68,100,1,0,0 '
Received from ('fd00::200:0:0:d', 8765, 0, 0): b' 1352,13,9,1024,0,176,2,13,7,1,1,-52,0,462,7585,42,100,2,0,0 '
Received from ('fd00::200:0:0:b', 8765, 0, 0): b' 1352,11,7,1024,0,276,3,9,7,1,1,-52,0,967,14637,82,100,2,0,0 '
Received from ('fd00::200:0:0:14', 8765, 0, 0): b' 1351,20,15,1280,0,223,4,6,7,1,2,-70,1,846,9460,69,100,1,0,0 '
Received from ('fd00::200:0:0:1', 5678, 0, 0): b' 1353,1,0,256,0,10,0,0,4,0,0,0,10,2519,24332,1490,100,2,0,0 '
Received from ('fd00::200:0:0:9', 8765, 0, 0): b' 1354,9,4,768,0,246,2,2,7,1,1,-70,3,1098,13288,85,100,1,0,0 '
Received from ('fd00::200:0:0:3', 8765, 0, 0): b' 1353,3,1,512,0,233,6,2,7,1,2,-64,1,531,8753,86,100,1,0,0 '
Received from ('fd00::200:0:0:8', 8765, 0, 0): b' 1354,8,4,768,0,254,5,11,7,1,2,-52,0,736,11277,85,100,1,0,0 '
Received from ('fd00::200:0:0:15', 8765, 0, 0): b' 1351,21,20,1536,10,229,2,7,5,1,1,-52,0,938,10995,63,100,2,0,0 '
Received from ('fd00::200:0:0:5', 8765, 0, 0): b' 1354,5,1,512,0,229,6,1,6,1,1,-94,0,832,10736,90,100,2,0,0 '
Received from ('fd00::200:0:0:6', 8765, 0, 0): b' 1354,6,3,768,0,250,7,7,7,1,3,-70,0,748,9954,65,100,2,0,0 '
Received from ('fd00::200:0:0:2', 8765, 0, 0): b' 1355,2,1,512,0,225,6,1,6,1,1,-88,8,1970,14319,91,100,1,0,0 '
Received from ('fd00::200:0:0:11', 8765, 0, 0): b' 1355,17,12,1280,0,241,4,6,7,1,2,-70,0,804,8708,68,100,1,0,0 '
Received from ('fd00::200:0:0:7', 8765, 0, 0): b' 1356,7,4,768,0,252,4,11,7,1,2,-70,1,743,13361,85,100,1,0,0 '
Received from ('fd00::200:0:0:13', 8765, 0, 0): b' 1355,19,15,1280,0,250,3,4,7,1,1,-52,0,752,9716,77,100,2,0,0 '
Received from ('fd00::200:0:0:a', 8765, 0, 0): b' 1356,10,2,768,0,225,2,4,7,1,1,-95,7,3101,23336,80,100,2,0,0 '
Received from ('fd00::200:0:0:e', 8765, 0, 0): b' 1356,14,10,1024,0,242,3,4,7,1,1,-52,0,620,7635,78,100,2,0,0 '
Received from ('fd00::200:0:0:c', 8765, 0, 0): b' 1357,12,9,1024,0,196,3,15,7,1,2,-70,1,830,10727,46,100,1,1,5 '
Received from ('fd00::200:0:0:12', 8765, 0, 0): b' 1356,18,15,1280,0,251,2,4,5,1,1,-70,2,393,6255,76,100,1,0,0 '
Received from ('fd00::200:0:0:f', 8765, 0, 0): b' 1356,15,10,1024,0,227,2,14,7,1,1,-70,5,2813,24782,78,100,2,0,0 '
Received from ('fd00::200:0:0:14', 8765, 0, 0): b' 1356,20,15,1280,0,224,4,6,7,1,2,-70,1,716,7174,69,100,1,0,0 '
Received from ('fd00::200:0:0:6', 8765, 0, 0): b' 1358,6,3,768,0,252,7,7,7,1,3,-70,0,472,4339,65,100,1,1,5 '
Received from ('fd00::200:0:0:d', 8765, 0, 0): b' 1359,13,9,1024,0,178,2,13,7,1,1,-52,0,499,6674,42,100,1,0,0 '
Received from ('fd00::200:0:0:10', 8765, 0, 0): b' 1359,16,15,1280,0,239,5,10,7,1,3,-52,0,738,8527,68,100,1,0,0 '
Received from ('fd00::200:0:0:4', 8765, 0, 0): b' 1361,4,1,512,0,220,7,1,7,1,1,-66,7,2950,24960,91,100,2,0,0 '
Received from ('fd00::200:0:0:b', 8765, 0, 0): b' 1361,11,7,1024,0,279,3,9,7,1,1,-52,0,727,10360,82,100,2,0,0 '
Received from ('fd00::200:0:0:8', 8765, 0, 0): b' 1361,8,4,768,0,255,5,11,7,1,2,-52,0,488,7961,85,100,2,0,0 '
Received from ('fd00::200:0:0:3', 8765, 0, 0): b' 1361,3,1,512,10,237,6,2,7,1,2,-64,1,1171,12560,87,100,1,0,0 '
Received from ('fd00::200:0:0:12', 8765, 0, 0): b' 1362,18,15,1280,0,251,2,4,5,1,1,-70,2,341,5267,77,100,1,0,0 '
Received from ('fd00::200:0:0:7', 8765, 0, 0): b' 1361,7,4,768,0,253,4,11,7,1,2,-70,1,861,9544,86,100,1,0,0 '
Received from ('fd00::200:0:0:5', 8765, 0, 0): b' 1363,5,1,512,0,233,6,1,6,1,1,-94,0,828,10990,91,100,2,0,0 '
Received from ('fd00::200:0:0:9', 8765, 0, 0): b' 1362,9,4,768,0,248,2,2,7,1,1,-70,3,1456,14443,85,100,2,1,5 '
Received from ('fd00::200:0:0:1', 5678, 0, 0): b' 1363,1,0,256,0,10,0,0,4,0,0,0,10,2357,23721,1498,100,2,0,0 '
Received from ('fd00::200:0:0:11', 8765, 0, 0): b' 1364,17,12,1280,0,242,4,6,7,1,2,-70,0,593,8845,69,100,2,0,0 '
Received from ('fd00::200:0:0:b', 8765, 0, 0): b' 1366,11,7,1024,0,279,3,9,7,1,1,-52,0,345,5621,83,100,1,0,0 '
Received from ('fd00::200:0:0:c', 8765, 0, 0): b' 1365,12,9,1024,0,197,3,15,7,1,2,-70,1,863,10508,47,100,2,1,5 '
Received from ('fd00::200:0:0:2', 8765, 0, 0): b' 1366,2,1,512,10,227,6,1,6,1,1,-88,8,2703,20075,91,100,2,0,0 '
Received from ('fd00::200:0:0:f', 8765, 0, 0): b' 1365,15,10,1024,0,228,2,14,7,1,1,-70,5,1979,21955,79,100,1,0,0 '
Received from ('fd00::200:0:0:6', 8765, 0, 0): b' 1366,6,3,768,10,255,7,7,7,1,3,-70,0,724,7525,65,100,2,1,5 '
Received from ('fd00::200:0:0:15', 8765, 0, 0): b' 1365,21,20,1536,0,231,2,7,5,1,1,-52,0,903,11282,64,100,2,0,0 '
Received from ('fd00::200:0:0:13', 8765, 0, 0): b' 1367,19,15,1280,0,252,3,4,7,1,1,-52,0,724,11051,78,100,2,0,0 '
Received from ('fd00::200:0:0:7', 8765, 0, 0): b' 1368,7,4,768,0,255,4,11,7,1,2,-70,1,971,10703,86,100,2,0,0 '
Received from ('fd00::200:0:0:d', 8765, 0, 0): b' 1368,13,9,1024,0,181,2,13,7,1,1,-52,0,751,8814,42,100,2,1,5 '
Received from ('fd00::200:0:0:a', 8765, 0, 0): b' 1368,10,2,768,0,227,2,4,7,1,1,-95,7,3355,26082,80,100,2,1,5 '
Received from ('fd00::200:0:0:3', 8765, 0, 0): b' 1369,3,1,512,0,238,6,2,7,1,2,-64,1,842,12236,87,100,1,0,0 '
Received from ('fd00::200:0:0:14', 8765, 0, 0): b' 1368,20,15,1280,0,228,4,6,7,1,2,-70,1,1353,15063,70,100,2,0,0 '
Received from ('fd00::200:0:0:e', 8765, 0, 0): b' 1367,14,10,1024,10,248,3,4,7,1,1,-52,0,1045,11806,79,100,2,0,0 '
Received from ('fd00::200:0:0:9', 8765, 0, 0): b' 1370,9,4,768,0,249,2,2,7,1,1,-70,3,1378,16145,85,100,1,1,5 '
Received from ('fd00::200:0:0:10', 8765, 0, 0): b' 1368,16,15,1280,0,243,5,10,7,1,3,-52,0,915,9751,69,100,2,0,0 '
Received from ('fd00::200:0:0:f', 8765, 0, 0): b' 1369,15,10,1024,0,228,2,14,7,1,1,-70,5,1448,12668,79,100,1,0,0 '
Received from ('fd00::200:0:0:8', 8765, 0, 0): b' 1371,8,4,768,0,257,5,11,7,1,2,-52,0,699,12272,86,100,1,0,0 '
Received from ('fd00::200:0:0:12', 8765, 0, 0): b' 1370,18,15,1280,0,252,2,4,5,1,1,-70,2,514,7518,77,100,2,0,0 '
Received from ('fd00::200:0:0:1', 5678, 0, 0): b' 1371,1,0,256,0,10,0,0,4,0,0,0,10,1874,20064,1509,100,1,0,0 '
Received from ('fd00::200:0:0:b', 8765, 0, 0): b' 1372,11,7,1024,0,282,3,9,7,1,1,-52,0,605,8074,83,100,1,0,0 '
Received from ('fd00::200:0:0:5', 8765, 0, 0): b' 1372,5,1,512,10,235,6,1,6,1,1,-94,0,693,11466,92,100,2,0,0 '
Received from ('fd00::200:0:0:4', 8765, 0, 0): b' 1373,4,1,512,0,223,7,1,7,1,1,-66,7,4109,31001,91,100,2,0,0 '
Received from ('fd00::200:0:0:11', 8765, 0, 0): b' 1374,17,12,1280,0,246,4,6,7,1,2,-70,0,890,9024,70,100,2,0,0 '
Received from ('fd00::200:0:0:12', 8765, 0, 0): b' 1373,18,15,1280,0,253,2,4,5,1,1,-70,2,327,4213,78,100,0,0,0 '
Received from ('fd00::200:0:0:c', 8765, 0, 0): b' 1374,12,9,1024,0,199,3,15,7,1,2,-70,1,966,11680,47,100,1,1,5 '
Received from ('fd00::200:0:0:10', 8765, 0, 0): b' 1373,16,15,1280,10,244,5,10,7,1,3,-52,0,286,5064,69,100,1,0,0 '
Received from ('fd00::200:0:0:3', 8765, 0, 0): b' 1375,3,1,512,0,238,6,2,7,1,2,-64,1,652,9577,88,100,2,0,0 '
Received from ('fd00::200:0:0:e', 8765, 0, 0): b' 1374,14,10,1024,0,251,3,4,7,1,1,-52,0,716,6517,79,100,1,0,0 '
Received from ('fd00::200:0:0:9', 8765, 0, 0): b' 1375,9,4,768,0,250,2,2,7,1,1,-70,3,1131,10840,86,100,1,1,5 '
Received from ('fd00::200:0:0:8', 8765, 0, 0): b' 1376,8,4,768,0,260,5,11,7,1,2,-52,0,581,6278,86,100,1,0,0 '
Received from ('fd00::200:0:0:15', 8765, 0, 0): b' 1375,21,20,1536,0,234,2,7,5,1,1,-52,0,752,9800,64,100,2,0,0 '
Received from ('fd00::200:0:0:d', 8765, 0, 0): b' 1375,13,9,1024,10,183,2,13,7,1,1,-52,0,499,6685,42,100,1,1,5 '
Received from ('fd00::200:0:0:2', 8765, 0, 0): b' 1377,2,1,512,0,229,6,1,6,1,1,-88,8,3320,21474,92,100,2,0,0 '
Received from ('fd00::200:0:0:6', 8765, 0, 0): b' 1377,6,3,768,0,256,7,7,7,1,3,-70,0,591,10152,66,100,2,1,5 '
Received from ('fd00::200:0:0:4', 8765, 0, 0): b' 1378,4,1,512,0,225,7,1,7,1,1,-66,7,2055,13741,92,100,1,0,0 '
Received from ('fd00::200:0:0:7', 8765, 0, 0): b' 1378,7,4,768,0,256,4,11,7,1,2,-70,1,1185,16811,87,100,1,0,0 '
Received from ('fd00::200:0:0:b', 8765, 0, 0): b' 1379,11,7,1024,0,287,3,9,7,1,1,-52,0,921,9561,84,100,2,0,0 '
Received from ('fd00::200:0:0:14', 8765, 0, 0): b' 1377,20,15,1280,0,229,4,6,7,1,2,-70,1,948,12041,70,100,2,0,0 '
Received from ('fd00::200:0:0:5', 8765, 0, 0): b' 1379,5,1,512,0,237,6,1,6,1,1,-94,0,522,8728,92,100,1,0,0 '
Received from ('fd00::200:0:0:13', 8765, 0, 0): b' 1377,19,15,1280,0,256,3,4,7,1,1,-52,0,939,11459,79,100,2,0,0 '
Received from ('fd00::200:0:0:a', 8765, 0, 0): b' 1380,10,2,768,10,230,2,4,7,1,1,-95,7,3741,26707,81,100,2,1,5 '
Received from ('fd00::200:0:0:12', 8765, 0, 0): b' 1378,18,15,1280,0,255,2,4,5,1,1,-70,2,499,5334,78,100,1,0,0 '
Received from ('fd00::200:0:0:1', 5678, 0, 0): b' 1381,1,0,256,0,10,0,0,4,0,0,0,10,2514,24644,1524,100,2,0,0 '
Received from ('fd00::200:0:0:f', 8765, 0, 0): b' 1381,15,10,1024,0,229,2,14,7,1,1,-70,5,3055,29174,80,100,2,0,0 '
Received from ('fd00::200:0:0:6', 8765, 0, 0): b' 1381,6,3,768,0,256,7,7,7,1,3,-70,0,162,3980,66,100,0,1,5 '
Received from ('fd00::200:0:0:10', 8765, 0, 0): b' 1380,16,15,1280,0,246,5,10,7,1,3,-52,0,664,6958,70,100,1,0,0 '
Received from ('fd00::200:0:0:9', 8765, 0, 0): b' 1383,9,4,768,0,251,2,2,7,1,1,-70,3,1133,14206,86,100,2,1,5 '
Received from ('fd00::200:0:0:c', 8765, 0, 0): b' 1383,12,9,1024,0,201,3,15,7,1,2,-70,1,953,12049,48,100,2,1,5 '
Received from ('fd00::200:0:0:15', 8765, 0, 0): b' 1382,21,20,1536,0,239,2,7,5,1,1,-52,0,900,7522,65,100,1,0,0 '
Received from ('fd00::200:0:0:e', 8765, 0, 0): b' 1382,14,10,1024,20,255,3,4,7,1,1,-52,0,686,8693,80,100,1,0,0 '
Received from ('fd00::200:0:0:11', 8765, 0, 0): b' 1384,17,12,1280,0,250,4,6,7,1,2,-70,0,882,10371,70,100,2,0,0 '
Received from ('fd00::200:0:0:13', 8765, 0, 0): b' 1384,19,15,1280,10,260,3,4,7,1,1,-52,0,690,5929,79,100,1,0,0 '
Received from ('fd00::200:0:0:4', 8765, 0, 0): b' 1386,4,1,512,0,227,7,1,7,1,1,-66,7,2104,18971,92,100,1,0,0 '
Received from ('fd00::200:0:0:d', 8765, 0, 0): b' 1386,13,9,1024,0,184,2,13,7,1,1,-52,0,618,10043,43,100,2,1,5 '
Received from ('fd00::200:0:0:f', 8765, 0, 0): b' 1385,15,10,1024,10,230,2,14,7,1,1,-70,5,1128,11135,80,100,1,0,0 '
Received from ('fd00::200:0:0:8', 8765, 0, 0): b' 1387,8,4,768,0,262,5,11,7,1,2,-52,0,750,13722,87,100,2,0,0 '
Received from ('fd00::200:0:0:12', 8765, 0, 0): b' 1385,18,15,1280,0,256,2,4,5,1,1,-70,2,489,5957,78,100,2,0,0 '
Received from ('fd00::200:0:0:3', 8765, 0, 0): b' 1386,3,1,512,10,241,6,2,7,1,2,-64,1,1245,17646,88,100,2,0,0 '
Received from ('fd00::200:0:0:7', 8765, 0, 0): b' 1387,7,4,768,0,260,4,11,7,1,2,-70,1,1156,13917,87,100,2,0,0 '
Received from ('fd00::200:0:0:1', 5678, 0, 0): b' 1388,1,0,256,0,10,0,0,4,0,0,0,10,1416,15110,1530,100,1,0,0 '
Received from ('fd00::200:0:0:2', 8765, 0, 0): b' 1388,2,1,512,10,231,6,1,6,1,1,-88,8,3512,23447,93,100,3,0,0 '
Received from ('fd00::200:0:0:14', 8765, 0, 0): b' 1387,20,15,1280,10,232,4,6,7,1,2,-70,1,1227,12708,71,100,2,0,0 '
Received from ('fd00::200:0:0:b', 8765, 0, 0): b' 1388,11,7,1024,0,289,3,9,7,1,1,-52,0,643,12396,84,100,2,0,0 '
Received from ('fd00::200:0:0:10', 8765, 0, 0): b' 1388,16,15,1280,0,247,5,10,7,1,3,-52,0,417,6695,70,100,1,0,0 '
Received from ('fd00::200:0:0:c', 8765, 0, 0): b' 1388,12,9,1024,10,202,3,15,7,1,2,-70,1,700,6645,48,100,1,1,5 '
Received from ('fd00::200:0:0:9', 8765, 0, 0): b' 1389,9,4,768,0,252,2,2,7,1,1,-70,3,1410,12561,87,100,1,1,5 '
Received from ('fd00::200:0:0:6', 8765, 0, 0): b' 1389,6,3,768,0,257,7,7,7,1,3,-70,0,566,7849,67,100,2,1,5 '
Received from ('fd00::200:0:0:5', 8765, 0, 0): b' 1390,5,1,512,0,240,6,1,6,1,1,-94,0,824,13008,93,100,2,0,0 '
Received from ('fd00::200:0:0:e', 8765, 0, 0): b' 1390,14,10,1024,0,256,3,4,7,1,1,-52,0,621,6728,80,100,2,0,0 '
Received from ('fd00::200:0:0:d', 8765, 0, 0): b' 1390,13,9,1024,0,185,2,13,7,1,1,-52,0,369,4287,43,100,1,1,5 '
Received from ('fd00::200:0:0:11', 8765, 0, 0): b' 1391,17,12,1280,0,250,4,6,7,1,2,-70,0,342,5670,71,100,1,0,0 '
Received from ('fd00::200:0:0:13', 8765, 0, 0): b' 1390,19,15,1280,10,260,3,4,7,1,1,-52,0,342,5818,80,100,1,0,0 '
Received from ('fd00::200:0:0:a', 8765, 0, 0): b' 1392,10,2,768,0,235,2,4,7,1,1,-95,7,3633,25913,82,100,2,1,5 '
Received from ('fd00::200:0:0:4', 8765, 0, 0): b' 1391,4,1,512,20,228,7,1,7,1,1,-66,7,2775,18529,93,100,2,0,0 '
Received from ('fd00::200:0:0:1', 5678, 0, 0): b' 1392,1,0,256,0,10,0,0,4,0,0,0,10,1193,10967,1537,100,1,0,0 '
Received from ('fd00::200:0:0:14', 8765, 0, 0): b' 1391,20,15,1280,0,232,4,6,7,1,2,-70,1,484,5495,71,100,1,0,0 '
Received from ('fd00::200:0:0:7', 8765, 0, 0): b' 1392,7,4,768,10,263,4,11,7,1,2,-70,1,983,8638,88,100,1,0,0 '
Received from ('fd00::200:0:0:2', 8765, 0, 0): b' 1392,2,1,512,20,231,6,1,6,1,1,-88,8,1483,9616,93,100,0,0,0 '
Received from ('fd00::200:0:0:15', 8765, 0, 0): b' 1393,21,20,1536,0,243,2,7,5,1,1,-52,0,914,10561,66,100,2,0,0 '
Received from ('fd00::200:0:0:5', 8765, 0, 0): b' 1394,5,1,512,0,240,6,1,6,1,1,-94,0,283,5477,93,100,1,0,0 '
Received from ('fd00::200:0:0:9', 8765, 0, 0): b' 1395,9,4,768,10,253,2,2,7,1,1,-70,3,1135,11695,87,100,1,1,5 '
Received from ('fd00::200:0:0:e', 8765, 0, 0): b' 1395,14,10,1024,0,257,3,4,7,1,1,-52,0,327,4887,81,100,0,0,0 '
Received from ('fd00::200:0:0:3', 8765, 0, 0): b' 1395,3,1,512,0,245,6,2,7,1,2,-64,1,1212,14278,89,100,1,0,0 '
Received from ('fd00::200:0:0:c', 8765, 0, 0): b' 1394,12,9,1024,10,203,3,15,7,1,2,-70,1,686,7924,49,100,1,1,5 '
Received from ('fd00::200:0:0:f', 8765, 0, 0): b' 1396,15,10,1024,0,231,2,14,7,1,1,-70,5,2922,29015,81,100,2,0,0 '
Received from ('fd00::200:0:0:8', 8765, 0, 0): b' 1397,8,4,768,0,266,5,11,7,1,2,-52,0,941,13485,88,100,2,0,0 '
Received from ('fd00::200:0:0:12', 8765, 0, 0): b' 1396,18,15,1280,0,259,2,4,5,1,1,-70,2,780,10643,79,100,1,0,0 '
Received from ('fd00::200:0:0:b', 8765, 0, 0): b' 1397,11,7,1024,0,291,3,9,7,1,1,-52,0,704,10968,85,100,2,0,0 '
Received from ('fd00::200:0:0:14', 8765, 0, 0): b' 1396,20,15,1280,0,234,4,6,7,1,2,-70,1,860,7219,71,100,0,0,0 '
Received from ('fd00::200:0:0:7', 8765, 0, 0): b' 1397,7,4,768,0,264,4,11,7,1,2,-70,1,806,9784,88,100,1,0,0 '
Received from ('fd00::200:0:0:6', 8765, 0, 0): b' 1397,6,3,768,10,258,7,7,7,1,3,-70,0,413,7859,67,100,1,1,5 '
Received from ('fd00::200:0:0:10', 8765, 0, 0): b' 1398,16,15,1280,0,249,5,10,7,1,3,-52,0,701,10113,71,100,2,0,0 '
Received from ('fd00::200:0:0:2', 8765, 0, 0): b' 1399,2,1,512,0,232,6,1,6,1,1,-88,8,2061,13855,94,100,2,0,0 '
Received from ('fd00::200:0:0:d', 8765, 0, 0): b' 1400,13,9,1024,0,187,2,13,7,1,1,-52,0,694,9340,44,100,3,1,5 '
Received from ('fd00::200:0:0:e', 8765, 0, 0): b' 1400,14,10,1024,0,257,3,4,7,1,1,-52,0,285,4988,81,100,1,0,0 '
Received from ('fd00::200:0:0:11', 8765, 0, 0): b' 1401,17,12,1280,0,251,4,6,7,1,2,-70,0,440,8798,71,100,1,0,0 '
Received from ('fd00::200:0:0:f', 8765, 0, 0): b' 1401,15,10,1024,20,232,2,14,7,1,1,-70,5,1405,14172,81,100,1,0,0 '
Received from ('fd00::200:0:0:4', 8765, 0, 0): b' 1401,4,1,512,0,230,7,1,7,1,1,-66,7,3052,24661,93,100,1,0,0 '
Received from ('fd00::200:0:0:13', 8765, 0, 0): b' 1401,19,15,1280,0,262,3,4,7,1,1,-52,0,669,10169,80,100,2,0,0 '
Received from ('fd00::200:0:0:1', 5678, 0, 0): b' 1402,1,0,256,0,10,0,0,4,0,0,0,10,2448,24732,1549,100,2,0,0 '
Received from ('fd00::200:0:0:c', 8765, 0, 0): b' 1402,12,9,1024,10,205,3,15,7,1,2,-70,1,883,10471,49,100,1,1,5 '
Received from ('fd00::200:0:0:a', 8765, 0, 0): b' 1402,10,2,768,10,236,2,4,7,1,1,-95,7,2970,23510,82,100,2,1,5 '
Received from ('fd00::200:0:0:8', 8765, 0, 0): b' 1404,8,4,768,0,268,5,11,7,1,2,-52,0,619,9297,88,100,2,0,0 '
Received from ('fd00::200:0:0:d', 8765, 0, 0): b' 1405,13,9,1024,0,188,2,13,7,1,1,-52,0,271,4494,44,100,0,1,5 '
Received from ('fd00::200:0:0:15', 8765, 0, 0): b' 1403,21,20,1536,0,246,2,7,5,1,1,-52,0,752,10066,66,100,2,0,0 '
Received from ('fd00::200:0:0:9', 8765, 0, 0): b' 1405,9,4,768,10,257,2,2,7,1,1,-70,3,2288,21400,88,100,2,1,5 '
Received from ('fd00::200:0:0:14', 8765, 0, 0): b' 1405,20,15,1280,0,236,4,6,7,1,2,-70,1,998,11112,72,100,2,0,0 '
Received from ('fd00::200:0:0:11', 8765, 0, 0): b' 1406,17,12,1280,0,251,4,6,7,1,2,-70,0,317,5025,72,100,1,0,0 '
Received from ('fd00::200:0:0:b', 8765, 0, 0): b' 1405,11,7,1024,0,294,3,9,7,1,1,-52,0,751,11277,85,100,2,0,0 '
Received from ('fd00::200:0:0:5', 8765, 0, 0): b' 1406,5,1,512,0,243,6,1,6,1,1,-94,0,944,14606,94,100,3,0,0 '
Received from ('fd00::200:0:0:10', 8765, 0, 0): b' 1406,16,15,1280,0,252,5,10,7,1,3,-52,0,729,7291,71,100,2,0,0 '
Received from ('fd00::200:0:0:3', 8765, 0, 0): b' 1407,3,1,512,0,249,6,2,7,1,2,-64,1,1388,19001,90,100,2,0,0 '
Received from ('fd00::200:0:0:12', 8765, 0, 0): b' 1406,18,15,1280,0,261,2,4,5,1,1,-70,2,725,9973,80,100,2,0,0 '
Received from ('fd00::200:0:0:4', 8765, 0, 0): b' 1407,4,1,512,0,231,7,1,7,1,1,-66,7,2383,16808,94,100,1,0,0 '
Received from ('fd00::200:0:0:7', 8765, 0, 0): b' 1408,7,4,768,0,268,4,11,7,1,2,-70,1,1573,17920,89,100,2,0,0 '
Received from ('fd00::200:0:0:2', 8765, 0, 0): b' 1409,2,1,512,10,236,6,1,6,1,1,-88,8,3063,19432,94,100,1,0,0 '
Received from ('fd00::200:0:0:6', 8765, 0, 0): b' 1409,6,3,768,0,261,7,7,7,1,3,-70,0,926,11564,68,100,3,1,5 '
Received from ('fd00::200:0:0:e', 8765, 0, 0): b' 1409,14,10,1024,0,258,3,4,7,1,1,-52,0,569,8173,82,100,2,0,0 '
Received from ('fd00::200:0:0:1', 5678, 0, 0): b' 1410,1,0,256,0,10,0,0,4,0,0,0,10,2115,19636,1563,100,2,0,0 '
Received from ('fd00::200:0:0:14', 8765, 0, 0): b' 1410,20,15,1280,0,237,4,6,7,1,2,-70,1,598,6731,72,100,1,0,0 '
Received from ('fd00::200:0:0:10', 8765, 0, 0): b' 1410,16,15,1280,0,253,5,10,7,1,3,-52,0,425,5028,72,100,1,0,0 '
Received from ('fd00::200:0:0:c', 8765, 0, 0): b' 1412,12,9,1024,0,208,3,15,7,1,2,-70,1,1131,12494,50,100,2,1,5 '
Received from ('fd00::200:0:0:f', 8765, 0, 0): b' 1411,15,10,1024,10,235,2,14,7,1,1,-70,5,3305,28067,82,100,2,0,0 '
Received from ('fd00::200:0:0:13', 8765, 0, 0): b' 1412,19,15,1280,0,266,3,4,7,1,1,-52,0,915,10645,81,100,2,0,0 '
Received from ('fd00::200:0:0:4', 8765, 0, 0): b' 1413,4,1,512,0,231,7,1,7,1,1,-66,7,1014,12410,94,100,1,0,0 '
Received from ('fd00::200:0:0:3', 8765, 0, 0): b' 1413,3,1,512,0,251,6,2,7,1,2,-64,1,873,10336,90,100,1,0,0 '
Received from ('fd00::200:0:0:8', 8765, 0, 0): b' 1413,8,4,768,0,270,5,11,7,1,2,-52,0,629,11837,89,100,1,0,0 '
Received from ('fd00::200:0:0:5', 8765, 0, 0): b' 1415,5,1,512,0,246,6,1,6,1,1,-94,0,628,10762,94,100,1,0,0 '
Received from ('fd00::200:0:0:a', 8765, 0, 0): b' 1414,10,2,768,10,238,2,4,7,1,1,-95,7,3326,26164,83,100,2,1,5 '
Received from ('fd00::200:0:0:9', 8765, 0, 0): b' 1415,9,4,768,0,260,2,2,7,1,1,-70,3,1601,18791,88,100,2,1,5 '
Received from ('fd00::200:0:0:15', 8765, 0, 0): b' 1416,21,20,1536,0,249,2,7,5,1,1,-52,0,832,11357,67,100,2,0,0 '
Received from ('fd00::200:0:0:d', 8765, 0, 0): b' 1416,13,9,1024,0,191,2,13,7,1,1,-52,0,928,11496,45,100,3,1,5 '
Received from ('fd00::200:0:0:7', 8765, 0, 0): b' 1416,7,4,768,0,268,4,11,7,1,2,-70,1,602,11946,89,100,2,0,0 '
Received from ('fd00::200:0:0:c', 8765, 0, 0): b' 1416,12,9,1024,0,209,3,15,7,1,2,-70,1,591,6743,50,100,1,1,5 '
Received from ('fd00::200:0:0:6', 8765, 0, 0): b' 1417,6,3,768,0,265,7,7,7,1,3,-70,0,735,8178,68,100,1,1,5 '
Received from ('fd00::200:0:0:b', 8765, 0, 0): b' 1415,11,7,1024,0,296,3,9,7,1,1,-52,0,701,12684,86,100,1,0,0 '
Received from ('fd00::200:0:0:12', 8765, 0, 0): b' 1418,18,15,1280,0,263,2,4,5,1,1,-70,2,700,10639,81,100,2,0,0 '
Received from ('fd00::200:0:0:11', 8765, 0, 0): b' 1418,17,12,1280,0,256,4,6,7,1,2,-70,0,989,11177,72,100,2,0,0 '
Received from ('fd00::200:0:0:2', 8765, 0, 0): b' 1419,2,1,512,0,238,6,1,6,1,1,-88,8,2350,17979,95,100,2,0,0 '
Received from ('fd00::200:0:0:e', 8765, 0, 0): b' 1417,14,10,1024,0,260,3,4,7,1,1,-52,0,644,9506,82,100,2,0,0 '
Received from ('fd00::200:0:0:1', 5678, 0, 0): b' 1420,1,0,256,0,10,0,0,4,0,0,0,10,2278,23334,1575,100,1,0,0 '
Received from ('fd00::200:0:0:14', 8765, 0, 0): b' 1420,20,15,1280,10,240,4,6,7,1,2,-70,1,1077,12420,73,100,2,0,0 '
Received from ('fd00::200:0:0:f', 8765, 0, 0): b' 1420,15,10,1024,0,235,2,14,7,1,1,-70,5,1946,23185,82,100,2,0,0 '
Received from ('fd00::200:0:0:8', 8765, 0, 0): b' 1420,8,4,768,0,274,5,11,7,1,2,-52,0,879,8683,89,100,2,0,0 '
Received from ('fd00::200:0:0:c', 8765, 0, 0): b' 1420,12,9,1024,0,211,3,15,7,1,2,-70,1,834,6717,50,100,1,1,5 '
Received from ('fd00::200:0:0:5', 8765, 0, 0): b' 1422,5,1,512,10,249,6,1,6,1,1,-94,0,679,8822,95,100,1,0,0 '
Received from ('fd00::200:0:0:10', 8765, 0, 0): b' 1422,16,15,1280,0,255,5,10,7,1,3,-52,0,669,10982,72,100,2,0,0 '
Received from ('fd00::200:0:0:4', 8765, 0, 0): b' 1423,4,1,512,0,235,7,1,7,1,1,-66,7,3698,25459,95,100,2,0,0 '
Received from ('fd00::200:0:0:11', 8765, 0, 0): b' 1424,17,12,1280,0,258,4,6,7,1,2,-70,0,653,6320,73,100,1,0,0 '
Received from ('fd00::200:0:0:13', 8765, 0, 0): b' 1423,19,15,1280,0,269,3,4,7,1,1,-52,0,832,11156,82,100,2,0,0 '
Received from ('fd00::200:0:0:a', 8765, 0, 0): b' 1425,10,2,768,0,240,2,4,7,1,1,-95,7,2849,21644,84,100,2,1,5 '
Received from ('fd00::200:0:0:3', 8765, 0, 0): b' 1425,3,1,512,0,253,6,2,7,1,2,-64,1,1372,18143,91,100,3,0,0 '
Received from ('fd00::200:0:0:7', 8765, 0, 0): b' 1425,7,4,768,0,269,4,11,7,1,2,-70,1,1055,13360,90,100,1,0,0 '
Received from ('fd00::200:0:0:12', 8765, 0, 0): b' 1426,18,15,1280,0,265,2,4,5,1,1,-70,2,621,7482,81,100,2,0,0 '
Received from ('fd00::200:0:0:9', 8765, 0, 0): b' 1426,9,4,768,10,262,2,2,7,1,1,-70,3,2224,22170,89,100,2,1,5 '
Received from ('fd00::200:0:0:6', 8765, 0, 0): b' 1427,6,3,768,0,267,7,7,7,1,3,-70,0,697,8990,69,100,2,1,5 '
Received from ('fd00::200:0:0:d', 8765, 0, 0): b' 1426,13,9,1024,0,195,2,13,7,1,1,-52,0,915,10087,46,100,2,1,5 '
Received from ('fd00::200:0:0:2', 8765, 0, 0): b' 1428,2,1,512,10,238,6,1,6,1,1,-88,8,2349,15973,96,100,1,0,0 '
Received from ('fd00::200:0:0:b', 8765, 0, 0): b' 1426,11,7,1024,0,301,3,9,7,1,1,-52,0,1049,13654,87,100,2,0,0 '
Received from ('fd00::200:0:0:10', 8765, 0, 0): b' 1426,16,15,1280,0,256,5,10,7,1,3,-52,0,426,4506,73,100,1,0,0 '
Received from ('fd00::200:0:0:c', 8765, 0, 0): b' 1426,12,9,1024,0,213,3,15,7,1,2,-70,1,792,8088,51,100,1,1,5 '
Received from ('fd00::200:0:0:14', 8765, 0, 0): b' 1425,20,15,1280,0,240,4,6,7,1,2,-70,1,629,8562,74,100,1,0,0 '
Received from ('fd00::200:0:0:e', 8765, 0, 0): b' 1426,14,10,1024,0,264,3,4,7,1,1,-52,0,817,8974,83,100,1,0,0 '
Received from ('fd00::200:0:0:15', 8765, 0, 0): b' 1428,21,20,1536,10,252,2,7,5,1,1,-52,0,725,11085,68,100,2,0,0 '
Received from ('fd00::200:0:0:13', 8765, 0, 0): b' 1428,19,15,1280,0,270,3,4,7,1,1,-52,0,393,5690,82,100,1,0,0 '
Received from ('fd00::200:0:0:4', 8765, 0, 0): b' 1430,4,1,512,0,236,7,1,7,1,1,-66,7,2143,16552,95,100,2,0,0 '
Received from ('fd00::200:0:0:1', 5678, 0, 0): b' 1430,1,0,256,0,10,0,0,4,0,0,0,10,2367,23555,1586,100,2,0,0 '
Received from ('fd00::200:0:0:8', 8765, 0, 0): b' 1430,8,4,768,0,279,5,11,7,1,2,-52,0,950,12090,90,100,1,0,0 '
Received from ('fd00::200:0:0:d', 8765, 0, 0): b' 1431,13,9,1024,0,197,2,13,7,1,1,-52,0,403,4933,46,100,0,1,5 '
Received from ('fd00::200:0:0:a', 8765, 0, 0): b' 1432,10,2,768,0,241,2,4,7,1,1,-95,7,1865,14527,84,100,2,1,5 '
Received from ('fd00::200:0:0:10', 8765, 0, 0): b' 1430,16,15,1280,0,256,5,10,7,1,3,-52,0,189,4547,73,100,0,0,0 '
Received from ('fd00::200:0:0:6', 8765, 0, 0): b' 1431,6,3,768,10,268,7,7,7,1,3,-70,0,268,4406,69,100,0,1,5 '
Received from ('fd00::200:0:0:12', 8765, 0, 0): b' 1431,18,15,1280,0,268,2,4,5,1,1,-70,2,606,6383,81,100,1,0,0 '
Received from ('fd00::200:0:0:7', 8765, 0, 0): b' 1432,7,4,768,0,273,4,11,7,1,2,-70,1,1003,11722,90,100,1,0,0 '
Received from ('fd00::200:0:0:f', 8765, 0, 0): b' 1433,15,10,1024,0,237,2,14,7,1,1,-70,5,3402,31401,83,100,2,0,0 '
Received from ('fd00::200:0:0:5', 8765, 0, 0): b' 1433,5,1,512,0,255,6,1,6,1,1,-94,0,1169,14366,96,100,2,0,0 '
Received from ('fd00::200:0:0:9', 8765, 0, 0): b' 1433,9,4,768,10,265,2,2,7,1,1,-70,3,1521,14191,90,100,1,1,5 '
Received from ('fd00::200:0:0:3', 8765, 0, 0): b' 1435,3,1,512,0,256,6,2,7,1,2,-64,1,1509,16554,92,100,2,0,0 '
Received from ('fd00::200:0:0:e', 8765, 0, 0): b' 1435,14,10,1024,0,267,3,4,7,1,1,-52,0,728,7399,83,100,2,0,0 '
Received from ('fd00::200:0:0:a', 8765, 0, 0): b' 1436,10,2,768,10,242,2,4,7,1,1,-95,7,1354,9766,85,100,0,1,5 '
Received from ('fd00::200:0:0:8', 8765, 0, 0): b' 1434,8,4,768,0,281,5,11,7,1,2,-52,0,474,5935,90,100,1,0,0 '
Received from ('fd00::200:0:0:11', 8765, 0, 0): b' 1435,17,12,1280,0,259,4,6,7,1,2,-70,0,683,10698,74,100,2,0,0 '
Received from ('fd00::200:0:0:14', 8765, 0, 0): b' 1436,20,15,1280,10,244,4,6,7,1,2,-70,1,1336,13465,74,100,2,0,0 '
Received from ('fd00::200:0:0:6', 8765, 0, 0): b' 1437,6,3,768,0,268,7,7,7,1,3,-70,0,436,5403,70,100,2,1,5 '
Received from ('fd00::200:0:0:f', 8765, 0, 0): b' 1438,15,10,1024,20,238,2,14,7,1,1,-70,5,1189,11735,84,100,1,0,0 '
Received from ('fd00::200:0:0:c', 8765, 0, 0): b' 1437,12,9,1024,0,213,3,15,7,1,2,-70,1,929,13511,52,100,2,1,5 '
Received from ('fd00::200:0:0:1', 5678, 0, 0): b' 1439,1,0,256,0,10,0,0,4,0,0,0,10,2458,21988,1601,100,2,0,0 '
Received from ('fd00::200:0:0:5', 8765, 0, 0): b' 1439,5,1,512,0,258,6,1,6,1,1,-94,0,702,7017,96,100,2,0,0 '
Received from ('fd00::200:0:0:b', 8765, 0, 0): b' 1438,11,7,1024,0,306,3,9,7,1,1,-52,0,1171,14864,88,100,3,0,0 '
Received from ('fd00::200:0:0:2', 8765, 0, 0): b' 1440,2,1,512,10,239,6,1,6,1,1,-88,8,3496,23017,96,100,3,0,0 '
Received from ('fd00::200:0:0:8', 8765, 0, 0): b' 1439,8,4,768,0,283,5,11,7,1,2,-52,0,473,5617,90,100,1,0,0 '
Received from ('fd00::200:0:0:15', 8765, 0, 0): b' 1436,21,20,1536,0,254,2,7,5,1,1,-52,0,809,9745,69,100,2,0,0 '
Received from ('fd00::200:0:0:11', 8765, 0, 0): b' 1440,17,12,1280,0,260,4,6,7,1,2,-70,0,369,5121,74,100,1,0,0 '
Received from ('fd00::200:0:0:3', 8765, 0, 0): b' 1440,3,1,512,0,256,6,2,7,1,2,-64,1,425,6949,92,100,0,0,0 '
Received from ('fd00::200:0:0:7', 8765, 0, 0): b' 1439,7,4,768,10,274,4,11,7,1,2,-70,1,1158,11809,91,100,2,0,0 '
Received from ('fd00::200:0:0:13', 8765, 0, 0): b' 1440,19,15,1280,0,271,3,4,7,1,1,-52,0,593,9214,83,100,2,0,0 '
Received from ('fd00::200:0:0:4', 8765, 0, 0): b' 1441,4,1,512,0,241,7,1,7,1,1,-66,7,4356,29468,96,100,2,0,0 '
Received from ('fd00::200:0:0:d', 8765, 0, 0): b' 1439,13,9,1024,0,198,2,13,7,1,1,-52,0,569,8729,47,100,2,1,5 '
Received from ('fd00::200:0:0:10', 8765, 0, 0): b' 1440,16,15,1280,0,257,5,10,7,1,3,-52,0,546,6970,74,100,2,0,0 '
Received from ('fd00::200:0:0:e', 8765, 0, 0): b' 1441,14,10,1024,0,270,3,4,7,1,1,-52,0,662,6150,84,100,1,0,0 '
Received from ('fd00::200:0:0:9', 8765, 0, 0): b' 1442,9,4,768,10,267,2,2,7,1,1,-70,3,1814,15874,90,100,3,1,5 '
Received from ('fd00::200:0:0:1', 5678, 0, 0): b' 1443,1,0,256,0,10,0,0,4,0,0,0,10,1018,10875,1606,100,0,0,0 '
Received from ('fd00::200:0:0:12', 8765, 0, 0): b' 1444,18,15,1280,0,271,2,4,5,1,1,-70,2,831,11112,82,100,2,0,0 '
Received from ('fd00::200:0:0:c', 8765, 0, 0): b' 1443,12,9,1024,0,216,3,15,7,1,2,-70,1,800,7775,52,100,0,1,5 '
Received from ('fd00::200:0:0:15', 8765, 0, 0): b' 1445,21,20,1536,0,257,2,7,5,1,1,-52,0,606,6194,69,100,1,0,0 '
Received from ('fd00::200:0:0:7', 8765, 0, 0): b' 1444,7,4,768,0,274,4,11,7,1,2,-70,1,398,7313,91,100,1,0,0 '
Received from ('fd00::200:0:0:6', 8765, 0, 0): b' 1445,6,3,768,10,270,7,7,7,1,3,-70,0,520,7843,70,100,1,1,5 '
Received from ('fd00::200:0:0:5', 8765, 0, 0): b' 1446,5,1,512,10,261,6,1,6,1,1,-94,0,767,9585,97,100,1,0,0 '
Received from ('fd00::200:0:0:2', 8765, 0, 0): b' 1447,2,1,512,0,240,6,1,6,1,1,-88,8,1807,14332,97,100,1,0,0 '
Received from ('fd00::200:0:0:f', 8765, 0, 0): b' 1448,15,10,1024,20,241,2,14,7,1,1,-70,5,2491,25691,84,100,1,0,0 '
Received from ('fd00::200:0:0:a', 8765, 0, 0): b' 1448,10,2,768,0,245,2,4,7,1,1,-95,7,3407,25734,85,100,3,1,5 '
Received from ('fd00::200:0:0:c', 8765, 0, 0): b' 1447,12,9,1024,0,216,3,15,7,1,2,-70,1,438,5546,52,100,1,1,5 '
Received from ('fd00::200:0:0:13', 8765, 0, 0): b' 1448,19,15,1280,0,272,3,4,7,1,1,-52,0,416,8025,83,100,1,0,0 '
Received from ('fd00::200:0:0:11', 8765, 0, 0): b' 1448,17,12,1280,0,262,4,6,7,1,2,-70,0,603,8475,75,100,1,0,0 '
Received from ('fd00::200:0:0:e', 8765, 0, 0): b' 1448,14,10,1024,0,274,3,4,7,1,1,-52,0,713,6807,84,100,1,0,0 '
Received from ('fd00::200:0:0:14', 8765, 0, 0): b' 1449,20,15,1280,0,245,4,6,7,1,2,-70,1,1243,14815,75,100,2,0,0 '
Received from ('fd00::200:0:0:6', 8765, 0, 0): b' 1450,6,3,768,0,270,7,7,7,1,3,-70,0,283,4140,70,100,1,1,5 '
Received from ('fd00::200:0:0:b', 8765, 0, 0): b' 1450,11,7,1024,0,310,3,9,7,1,1,-52,0,842,13980,89,100,1,0,0 '
Received from ('fd00::200:0:0:8', 8765, 0, 0): b' 1450,8,4,768,0,288,5,11,7,1,2,-52,0,1211,14756,91,100,2,0,0 '
Received from ('fd00::200:0:0:15', 8765, 0, 0): b' 1450,21,20,1536,0,258,2,7,5,1,1,-52,0,392,4512,69,100,1,0,0 '
Received from ('fd00::200:0:0:3', 8765, 0, 0): b' 1452,3,1,512,0,260,6,2,7,1,2,-64,1,1578,19206,93,100,2,0,0 '
Received from ('fd00::200:0:0:4', 8765, 0, 0): b' 1453,4,1,512,0,244,7,1,7,1,1,-66,7,3697,29275,97,100,2,0,0 '
Received from ('fd00::200:0:0:9', 8765, 0, 0): b' 1453,9,4,768,0,270,2,2,7,1,1,-70,3,1827,20820,91,100,2,1,5 '
Received from ('fd00::200:0:0:10', 8765, 0, 0): b' 1451,16,15,1280,0,262,5,10,7,1,3,-52,0,990,10734,74,100,2,0,0 '
Received from ('fd00::200:0:0:12', 8765, 0, 0): b' 1451,18,15,1280,0,274,2,4,5,1,1,-70,2,663,6779,83,100,1,0,0 '
Received from ('fd00::200:0:0:1', 5678, 0, 0): b' 1454,1,0,256,0,10,0,0,4,0,0,0,10,2550,25786,1620,100,2,0,0 '
Received from ('fd00::200:0:0:f', 8765, 0, 0): b' 1454,15,10,1024,0,241,2,14,7,1,1,-70,5,1997,16407,85,100,2,0,0 '
Received from ('fd00::200:0:0:2', 8765, 0, 0): b' 1455,2,1,512,10,241,6,1,6,1,1,-88,8,2662,15991,97,100,1,0,0 '
Received from ('fd00::200:0:0:12', 8765, 0, 0): b' 1456,18,15,1280,10,275,2,4,5,1,1,-70,2,285,4399,83,100,1,0,0 '
Received from ('fd00::200:0:0:13', 8765, 0, 0): b' 1455,19,15,1280,10,274,3,4,7,1,1,-52,0,569,6945,84,100,2,0,0 '
Received from ('fd00::200:0:0:7', 8765, 0, 0): b' 1456,7,4,768,0,276,4,11,7,1,2,-70,1,1305,18519,92,100,2,0,0 '
Received from ('fd00::200:0:0:5', 8765, 0, 0): b' 1457,5,1,512,0,266,6,1,6,1,1,-94,0,1038,13080,97,100,2,0,0 '
Received from ('fd00::200:0:0:b', 8765, 0, 0): b' 1455,11,7,1024,0,310,3,9,7,1,1,-52,0,313,6871,89,100,1,0,0 '
Received from ('fd00::200:0:0:11', 8765, 0, 0): b' 1456,17,12,1280,10,265,4,6,7,1,2,-70,0,703,7011,75,100,2,0,0 '
Received from ('fd00::200:0:0:14', 8765, 0, 0): b' 1459,20,15,1280,0,248,4,6,7,1,2,-70,1,1307,13438,76,100,2,0,0 '
Received from ('fd00::200:0:0:3', 8765, 0, 0): b' 1458,3,1,512,10,261,6,2,7,1,2,-64,1,531,9927,93,100,1,0,0 '
Received from ('fd00::200:0:0:a', 8765, 0, 0): b' 1459,10,2,768,20,252,2,4,7,1,1,-95,7,3887,26216,86,100,2,1,5 '
Received from ('fd00::200:0:0:c', 8765, 0, 0): b' 1459,12,9,1024,0,220,3,15,7,1,2,-70,1,1497,16080,53,100,2,1,5 '
Received from ('fd00::200:0:0:10', 8765, 0, 0): b' 1460,16,15,1280,0,264,5,10,7,1,3,-52,0,581,8972,75,100,1,0,0 '
Received from ('fd00::200:0:0:2', 8765, 0, 0): b' 1461,2,1,512,20,243,6,1,6,1,1,-88,8,1746,11773,98,100,1,0,0 '
Received from ('fd00::200:0:0:e', 8765, 0, 0): b' 1460,14,10,1024,10,277,3,4,7,1,1,-52,0,790,11569,85,100,2,0,0 '
Received from ('fd00::200:0:0:9', 8765, 0, 0): b' 1461,9,4,768,0,272,2,2,7,1,1,-70,3,1083,14972,92,100,1,1,5 '
Received from ('fd00::200:0:0:13', 8765, 0, 0): b' 1461,19,15,1280,0,277,3,4,7,1,1,-52,0,690,5569,84,100,1,0,0 '
Received from ('fd00::200:0:0:15', 8765, 0, 0): b' 1461,21,20,1536,0,261,2,7,5,1,1,-52,0,831,11337,70,100,2,0,0 '
Received from ('fd00::200:0:0:8', 8765, 0, 0): b' 1462,8,4,768,10,291,5,11,7,1,2,-52,0,835,13919,92,100,2,0,0 '
Received from ('fd00::200:0:0:6', 8765, 0, 0): b' 1462,6,3,768,10,274,7,7,7,1,3,-70,0,911,11511,71,100,2,1,5 '
Received from ('fd00::200:0:0:1', 5678, 0, 0): b' 1462,1,0,256,0,10,0,0,4,0,0,0,10,1916,19947,1627,100,2,0,0 '
Received from ('fd00::200:0:0:4', 8765, 0, 0): b' 1463,4,1,512,10,246,7,1,7,1,1,-66,7,2505,24635,97,100,2,0,0 '
Received from ('fd00::200:0:0:13', 8765, 0, 0): b' 1465,19,15,1280,0,279,3,4,7,1,1,-52,0,475,4156,84,100,1,0,0 '
Received from ('fd00::200:0:0:b', 8765, 0, 0): b' 1463,11,7,1024,0,312,3,9,7,1,1,-52,0,595,8587,89,100,2,0,0 '
Received from ('fd00::200:0:0:c', 8765, 0, 0): b' 1464,12,9,1024,0,222,3,15,7,1,2,-70,1,706,6482,53,100,1,1,5 '
Received from ('fd00::200:0:0:12', 8765, 0, 0): b' 1465,18,15,1280,0,278,2,4,5,1,1,-70,2,891,9393,84,100,2,0,0 '
Received from ('fd00::200:0:0:f', 8765, 0, 0): b' 1465,15,10,1024,0,241,2,14,7,1,1,-70,5,3038,29627,85,100,1,0,0 '
Received from ('fd00::200:0:0:5', 8765, 0, 0): b' 1466,5,1,512,0,270,6,1,6,1,1,-94,0,811,11647,98,100,1,0,0 '
Received from ('fd00::200:0:0:8', 8765, 0, 0): b' 1466,8,4,768,10,291,5,11,7,1,2,-52,0,261,5009,92,100,1,0,0 '
Received from ('fd00::200:0:0:a', 8765, 0, 0): b' 1467,10,2,768,20,255,2,4,7,1,1,-95,7,2472,16674,87,100,1,1,5 '
Received from ('fd00::200:0:0:3', 8765, 0, 0): b' 1467,3,1,512,0,265,6,2,7,1,2,-64,1,1253,14408,94,100,2,0,0 '
Received from ('fd00::200:0:0:15', 8765, 0, 0): b' 1466,21,20,1536,0,261,2,7,5,1,1,-52,0,262,3709,70,100,1,0,0 '
Received from ('fd00::200:0:0:7', 8765, 0, 0): b' 1467,7,4,768,0,276,4,11,7,1,2,-70,1,1221,17359,93,100,2,0,0 '
Received from ('fd00::200:0:0:2', 8765, 0, 0): b' 1467,2,1,512,10,243,6,1,6,1,1,-88,8,2227,14338,98,100,2,0,0 '
Received from ('fd00::200:0:0:9', 8765, 0, 0): b' 1467,9,4,768,10,273,2,2,7,1,1,-70,3,899,12312,92,100,1,1,5 '
Received from ('fd00::200:0:0:11', 8765, 0, 0): b' 1466,17,12,1280,0,267,4,6,7,1,2,-70,0,725,11010,76,100,2,0,0 '
Received from ('fd00::200:0:0:14', 8765, 0, 0): b' 1468,20,15,1280,10,252,4,6,7,1,2,-70,1,1187,12229,76,100,1,0,0 '
Received from ('fd00::200:0:0:10', 8765, 0, 0): b' 1469,16,15,1280,0,266,5,10,7,1,3,-52,0,645,8310,75,100,2,0,0 '
Received from ('fd00::200:0:0:e', 8765, 0, 0): b' 1469,14,10,1024,0,280,3,4,7,1,1,-52,0,836,8492,85,100,2,0,0 '
Received from ('fd00::200:0:0:b', 8765, 0, 0): b' 1471,11,7,1024,0,314,3,9,7,1,1,-52,0,607,9366,90,100,1,0,0 '
Received from ('fd00::200:0:0:4', 8765, 0, 0): b' 1472,4,1,512,0,246,7,1,7,1,1,-66,7,2641,21652,98,100,1,0,0 '
Received from ('fd00::200:0:0:f', 8765, 0, 0): b' 1470,15,10,1024,0,242,2,14,7,1,1,-70,5,1649,13380,86,100,1,0,0 '
Received from ('fd00::200:0:0:c', 8765, 0, 0): b' 1470,12,9,1024,0,223,3,15,7,1,2,-70,1,952,9617,54,100,1,1,5 '
Received from ('fd00::200:0:0:12', 8765, 0, 0): b' 1471,18,15,1280,0,280,2,4,5,1,1,-70,2,499,5274,84,100,1,0,0 '
Received from ('fd00::200:0:0:7', 8765, 0, 0): b' 1472,7,4,768,0,277,4,11,7,1,2,-70,1,656,7803,93,100,1,0,0 '
Received from ('fd00::200:0:0:5', 8765, 0, 0): b' 1472,5,1,512,10,272,6,1,6,1,1,-94,0,594,7690,98,100,2,0,0 '
Received from ('fd00::200:0:0:9', 8765, 0, 0): b' 1472,9,4,768,0,275,2,2,7,1,1,-70,3,919,10146,92,100,1,1,5 '
Received from ('fd00::200:0:0:8', 8765, 0, 0): b' 1472,8,4,768,0,292,5,11,7,1,2,-52,0,499,9044,93,100,1,0,0 '
Received from ('fd00::200:0:0:1', 5678, 0, 0): b' 1474,1,0,256,0,10,0,0,4,0,0,0,10,2892,28283,1643,100,2,0,0 '
Received from ('fd00::200:0:0:15', 8765, 0, 0): b' 1473,21,20,1536,10,263,2,7,5,1,1,-52,0,514,6871,71,100,1,0,0 '
Received from ('fd00::200:0:0:13', 8765, 0, 0): b' 1475,19,15,1280,0,281,3,4,7,1,1,-52,0,603,9903,85,100,1,0,0 '
Received from ('fd00::200:0:0:2', 8765, 0, 0): b' 1474,2,1,512,20,248,6,1,6,1,1,-88,8,2691,15074,99,100,1,0,0 '
Received from ('fd00::200:0:0:a', 8765, 0, 0): b' 1474,10,2,768,0,259,2,4,7,1,1,-95,7,2860,18548,87,100,1,1,5 '
Received from ('fd00::200:0:0:10', 8765, 0, 0): b' 1474,16,15,1280,0,268,5,10,7,1,3,-52,0,556,6722,76,100,1,0,0 '
Received from ('fd00::200:0:0:11', 8765, 0, 0): b' 1475,17,12,1280,10,270,4,6,7,1,2,-70,0,701,7988,76,100,1,0,0 '
Received from ('fd00::200:0:0:14', 8765, 0, 0): b' 1476,20,15,1280,0,254,4,6,7,1,2,-70,1,1094,9973,77,100,2,0,0 '
Received from ('fd00::200:0:0:b', 8765, 0, 0): b' 1476,11,7,1024,0,315,3,9,7,1,1,-52,0,391,6867,90,100,1,0,0 '
Received from ('fd00::200:0:0:c', 8765, 0, 0): b' 1476,12,9,1024,0,225,3,15,7,1,2,-70,1,794,7172,54,100,1,1,5 '
Received from ('fd00::200:0:0:3', 8765, 0, 0): b' 1478,3,1,512,10,269,6,2,7,1,2,-64,1,750,15512,95,100,2,0,0 '
Received from ('fd00::200:0:0:e', 8765, 0, 0): b' 1477,14,10,1024,0,283,3,4,7,1,1,-52,0,710,9226,86,100,1,0,0 '
Received from ('fd00::200:0:0:9', 8765, 0, 0): b' 1478,9,4,768,0,276,2,2,7,1,1,-70,3,950,11452,93,100,1,1,5 '
Received from ('fd00::200:0:0:13', 8765, 0, 0): b' 1479,19,15,1280,0,281,3,4,7,1,1,-52,0,261,3648,85,100,1,0,0 '
Received from ('fd00::200:0:0:f', 8765, 0, 0): b' 1478,15,10,1024,0,245,2,14,7,1,1,-70,5,2677,26187,86,100,2,0,0 '
Received from ('fd00::200:0:0:4', 8765, 0, 0): b' 1480,4,1,512,0,247,7,1,7,1,1,-66,7,2830,21329,98,100,2,0,0 '
Received from ('fd00::200:0:0:7', 8765, 0, 0): b' 1481,7,4,768,0,280,4,11,7,1,2,-70,1,1061,14101,94,100,1,0,0 '
Received from ('fd00::200:0:0:8', 8765, 0, 0): b' 1480,8,4,768,0,294,5,11,7,1,2,-52,0,618,9432,93,100,2,0,0 '
Received from ('fd00::200:0:0:12', 8765, 0, 0): b' 1480,18,15,1280,0,284,2,4,5,1,1,-70,2,914,9995,85,100,2,0,0 '
Received from ('fd00::200:0:0:1', 5678, 0, 0): b' 1482,1,0,256,0,10,0,0,4,0,0,0,10,2037,20550,1653,100,1,0,0 '
Received from ('fd00::200:0:0:b', 8765, 0, 0): b' 1481,11,7,1024,0,317,3,9,7,1,1,-52,0,474,6254,90,100,1,0,0 '
Received from ('fd00::200:0:0:a', 8765, 0, 0): b' 1481,10,2,768,10,261,2,4,7,1,1,-95,7,2302,16042,88,100,2,1,5 '
Received from ('fd00::200:0:0:11', 8765, 0, 0): b' 1480,17,12,1280,0,272,4,6,7,1,2,-70,0,556,6013,77,100,1,0,0 '
Received from ('fd00::200:0:0:2', 8765, 0, 0): b' 1482,2,1,512,30,252,6,1,6,1,1,-88,8,2714,16612,99,100,1,0,0 '
Received from ('fd00::200:0:0:10', 8765, 0, 0): b' 1481,16,15,1280,0,272,5,10,7,1,3,-52,0,714,6627,76,100,1,0,0 '
Received from ('fd00::200:0:0:14', 8765, 0, 0): b' 1483,20,15,1280,0,255,4,6,7,1,2,-70,1,477,8335,77,100,1,0,0 '
Received from ('fd00::200:0:0:5', 8765, 0, 0): b' 1484,5,1,512,10,274,6,1,6,1,1,-94,0,741,14267,99,100,2,0,0 '
Received from ('fd00::200:0:0:13', 8765, 0, 0): b' 1481,19,15,1280,0,282,3,4,7,1,1,-52,0,448,4626,86,100,1,0,0 '
Received from ('fd00::200:0:0:15', 8765, 0, 0): b' 1484,21,20,1536,0,264,2,7,5,1,1,-52,0,669,10039,71,100,2,0,0 '
Received from ('fd00::200:0:0:8', 8765, 0, 0): b' 1485,8,4,768,10,296,5,11,7,1,2,-52,0,269,5218,93,100,0,0,0 '
Received from ('fd00::200:0:0:10', 8765, 0, 0): b' 1484,16,15,1280,10,273,5,10,7,1,3,-52,0,425,4233,77,100,1,0,0 '
Received from ('fd00::200:0:0:7', 8765, 0, 0): b' 1487,7,4,768,0,280,4,11,7,1,2,-70,1,783,8982,94,100,1,0,0 '
Received from ('fd00::200:0:0:e', 8765, 0, 0): b' 1485,14,10,1024,10,285,3,4,7,1,1,-52,0,569,7347,87,100,2,0,0 '
Received from ('fd00::200:0:0:b', 8765, 0, 0): b' 1487,11,7,1024,0,320,3,9,7,1,1,-52,0,689,7511,91,100,1,0,0 '
Received from ('fd00::200:0:0:a', 8765, 0, 0): b' 1486,10,2,768,20,265,2,4,7,1,1,-95,7,2075,12300,88,100,1,1,5 '
Received from ('fd00::200:0:0:f', 8765, 0, 0): b' 1486,15,10,1024,0,247,2,14,7,1,1,-70,5,2868,23690,87,100,2,0,0 '
Received from ('fd00::200:0:0:2', 8765, 0, 0): b' 1489,2,1,512,10,254,6,1,6,1,1,-88,8,2289,12713,100,100,1,0,0 '
Received from ('fd00::200:0:0:3', 8765, 0, 0): b' 1489,3,1,512,0,274,6,2,7,1,2,-64,1,1063,17233,95,100,2,0,0 '
Received from ('fd00::200:0:0:e', 8765, 0, 0): b' 1489,14,10,1024,0,286,3,4,7,1,1,-52,0,379,4248,87,100,0,0,0 '
Received from ('fd00::200:0:0:4', 8765, 0, 0): b' 1491,4,1,512,0,250,7,2,7,1,1,-66,7,2861,24969,99,100,3,0,0 '
Received from ('fd00::200:0:0:14', 8765, 0, 0): b' 1488,20,15,1280,0,258,4,6,7,1,2,-70,1,1101,10386,78,100,1,0,0 '
Received from ('fd00::200:0:0:12', 8765, 0, 0): b' 1488,18,15,1280,0,288,2,4,5,1,1,-70,2,858,9304,85,100,2,0,0 '
Received from ('fd00::200:0:0:5', 8765, 0, 0): b' 1492,5,1,512,0,275,6,1,6,1,1,-94,0,415,8996,99,100,1,0,0 '
Received from ('fd00::200:0:0:10', 8765, 0, 0): b' 1491,16,15,1280,0,274,5,10,7,1,3,-52,0,418,6452,77,100,1,0,0 '
Received from ('fd00::200:0:0:15', 8765, 0, 0): b' 1491,21,20,1536,0,267,2,7,5,1,1,-52,0,808,9515,72,100,2,0,0 '
Received from ('fd00::200:0:0:1', 5678, 0, 0): b' 1494,1,0,256,0,11,0,0,4,0,0,0,10,2701,27752,1665,100,4,0,0 '
Received from ('fd00::200:0:0:13', 8765, 0, 0): b' 1493,19,15,1280,0,285,3,4,7,1,1,-52,0,961,11167,86,100,2,0,0 '
Received from ('fd00::200:0:0:8', 8765, 0, 0): b' 1496,8,4,768,0,298,5,12,7,1,2,-52,0,862,12590,94,100,3,0,0 '
Received from ('fd00::200:0:0:4', 8765, 0, 0): b' 1496,4,1,512,0,251,7,2,7,1,1,-66,7,994,12153,99,100,1,0,0 '
Received from ('fd00::200:0:0:f', 8765, 0, 0): b' 1494,15,10,1024,0,252,2,14,7,1,1,-70,5,2310,19452,87,100,1,0,0 '
Received from ('fd00::200:0:0:7', 8765, 0, 0): b' 1496,7,4,768,0,284,4,11,7,1,2,-70,1,1344,15536,95,100,2,0,0 '
Received from ('fd00::200:0:0:a', 8765, 0, 0): b' 1496,10,2,768,10,265,2,4,7,1,1,-95,7,2454,19455,89,100,1,1,5 '
Received from ('fd00::200:0:0:2', 8765, 0, 0): b' 1497,2,1,512,0,256,6,1,6,1,1,-88,8,2502,16059,100,100,3,0,0 '
Received from ('fd00::200:0:0:b', 8765, 0, 0): b' 1497,11,7,1024,10,325,3,10,7,1,1,-52,0,992,13101,92,100,3,0,0 '
Received from ('fd00::200:0:0:5', 8765, 0, 0): b' 1500,5,1,512,0,280,6,1,6,1,1,-94,0,1001,10350,100,100,4,0,0 '
Received from ('fd00::200:0:0:e', 8765, 0, 0): b' 1500,14,10,1024,0,289,3,4,7,1,1,-52,0,807,10511,88,100,2,0,0 '
Received from ('fd00::200:0:0:3', 8765, 0, 0): b' 1501,3,1,512,0,276,6,2,7,1,2,-64,1,736,17170,96,100,3,0,0 '
Received from ('fd00::200:0:0:12', 8765, 0, 0): b' 1500,18,15,1280,0,290,2,4,5,1,1,-70,2,700,10472,86,100,2,0,0 '
Received from ('fd00::200:0:0:14', 8765, 0, 0): b' 1500,20,15,1280,0,261,4,6,7,1,2,-70,1,1275,14654,78,100,2,0,0 '
Received from ('fd00::200:0:0:4', 8765, 0, 0): b' 1501,4,1,512,0,254,7,2,7,1,1,-66,7,1637,14897,100,100,2,0,0 '
Received from ('fd00::200:0:0:a', 8765, 0, 0): b' 1501,10,2,768,0,266,2,4,7,1,1,-95,7,1685,13817,89,100,2,1,5 '
Received from ('fd00::200:0:0:7', 8765, 0, 0): b' 1501,7,4,768,0,287,5,12,7,1,2,-70,1,1215,11883,95,100,2,0,0 '
Received from ('fd00::200:0:0:10', 8765, 0, 0): b' 1502,16,15,1280,0,278,5,10,7,1,3,-52,0,915,10777,78,100,2,0,0 '
Received from ('fd00::200:0:0:15', 8765, 0, 0): b' 1501,21,20,1536,0,270,2,7,5,1,1,-52,0,807,9538,73,100,2,0,0 '
Received from ('fd00::200:0:0:8', 8765, 0, 0): b' 1502,8,4,768,10,300,5,12,7,1,2,-52,0,697,10180,95,100,3,0,0 '
Received from ('fd00::200:0:0:f', 8765, 0, 0): b' 1503,15,10,1024,0,256,2,14,7,1,1,-70,5,2418,22013,88,100,2,0,0 '
Received from ('fd00::200:0:0:13', 8765, 0, 0): b' 1505,19,15,1280,0,287,3,4,7,1,1,-52,0,725,10769,87,100,2,0,0 '
Received from ('fd00::200:0:0:1', 5678, 0, 0): b' 1506,1,0,256,0,12,0,0,4,0,0,0,10,2592,27074,1676,100,3,0,0 '
Received from ('fd00::200:0:0:14', 8765, 0, 0): b' 1505,20,15,1280,0,262,4,6,7,1,2,-70,1,664,6876,79,100,1,0,0 '
Received from ('fd00::200:0:0:b', 8765, 0, 0): b' 1508,11,7,1024,0,329,3,10,7,1,1,-52,0,938,12949,92,100,3,0,0 '
Received from ('fd00::200:0:0:2', 8765, 0, 0): b' 1508,2,1,512,0,260,6,1,6,1,1,-88,8,2718,20452,101,100,3,0,0 '
Received from ('fd00::200:0:0:3', 8765, 0, 0): b' 1508,3,1,512,0,280,6,2,7,1,2,-64,1,820,10954,96,100,4,0,0 '
Received from ('fd00::200:0:0:f', 8765, 0, 0): b' 1508,15,10,1024,0,258,2,14,7,1,1,-70,5,1253,13322,88,100,2,0,0 '
Received from ('fd00::200:0:0:e', 8765, 0, 0): b' 1508,14,10,1024,0,293,3,4,7,1,1,-52,0,835,8131,88,100,2,0,0 '
Received from ('fd00::200:0:0:5', 8765, 0, 0): b' 1510,5,1,512,0,281,6,1,6,1,1,-94,0,612,12017,101,100,2,0,0 '
Received from ('fd00::200:0:0:15', 8765, 0, 0): b' 1508,21,20,1536,0,271,2,7,5,1,1,-52,0,392,6313,73,100,1,0,0 '
Received from ('fd00::200:0:0:4', 8765, 0, 0): b' 1510,4,1,512,10,257,7,2,7,1,1,-66,7,1914,20497,100,100,2,0,0 '
Received from ('fd00::200:0:0:12', 8765, 0, 0): b' 1509,18,15,1280,0,291,2,4,5,1,1,-70,2,497,9138,87,100,1,0,0 '
Received from ('fd00::200:0:0:8', 8765, 0, 0): b' 1510,8,4,768,10,304,5,13,7,1,2,-52,1,965,10908,95,100,3,0,0 '
Received from ('fd00::200:0:0:1', 5678, 0, 0): b' 1512,1,0,256,0,12,0,0,4,0,0,0,10,1491,15402,1684,100,1,0,0 '
Received from ('fd00::200:0:0:14', 8765, 0, 0): b' 1510,20,15,1280,0,264,4,6,7,1,2,-70,1,764,7851,79,100,1,0,0 '
Received from ('fd00::200:0:0:7', 8765, 0, 0): b' 1511,7,4,768,0,289,5,12,7,1,2,-70,1,1265,16234,96,100,3,0,0 '
Received from ('fd00::200:0:0:10', 8765, 0, 0): b' 1511,16,15,1280,0,282,5,10,7,1,3,-52,0,854,10141,78,100,3,0,0 '
Received from ('fd00::200:0:0:a', 8765, 0, 0): b' 1513,10,2,768,0,269,2,4,7,1,1,-95,7,3311,23386,90,100,3,1,5 '
Received from ('fd00::200:0:0:b', 8765, 0, 0): b' 1512,11,7,1024,10,332,3,10,7,1,1,-52,0,601,6655,93,100,2,0,0 '
Received from ('fd00::200:0:0:13', 8765, 0, 0): b' 1512,19,15,1280,0,289,3,4,7,1,1,-52,0,677,7959,88,100,2,0,0 '
Received from ('fd00::200:0:0:c', 8765, 0, 0): b' 1487,12,8,1152,20,229,4,15,7,0,3,-52,1,1856,15297,55,100,2,1,5 '
Received from ('fd00::200:0:0:c', 8765, 0, 0): b' 1491,12,8,1152,70,231,5,15,7,0,3,-52,1,931,7055,55,100,1,1,5 '
Received from ('fd00::200:0:0:5', 8765, 0, 0): b' 1515,5,1,512,0,285,6,1,6,1,1,-94,0,706,6707,101,100,2,0,0 '
Received from ('fd00::200:0:0:2', 8765, 0, 0): b' 1514,2,1,512,10,261,6,1,6,1,1,-88,8,2434,13687,101,100,2,0,0 '
Received from ('fd00::200:0:0:c', 8765, 0, 0): b' 1500,12,8,1152,80,234,5,15,7,0,3,-52,1,775,8394,56,100,3,1,5 '
Received from ('fd00::200:0:0:c', 8765, 0, 0): b' 1508,12,8,1152,100,238,5,15,7,0,3,-52,1,1145,12527,56,100,4,1,5 '
Received from ('fd00::200:0:0:f', 8765, 0, 0): b' 1515,15,10,1024,0,259,2,14,7,1,1,-70,5,2450,20065,89,100,2,0,0 '
Received from ('fd00::200:0:0:e', 8765, 0, 0): b' 1517,14,10,1024,10,295,3,4,7,1,1,-52,0,646,8833,89,100,1,0,0 '
Received from ('fd00::200:0:0:c', 8765, 0, 0): b' 1516,12,8,1024,10,242,5,15,7,1,3,-52,1,1885,12386,57,100,4,1,5 '
Received from ('fd00::200:0:0:1', 5678, 0, 0): b' 1518,1,0,256,0,12,0,0,4,0,0,0,10,1460,14268,1693,100,1,0,0 '
Received from ('fd00::200:0:0:12', 8765, 0, 0): b' 1517,18,15,1280,0,294,2,4,5,1,1,-70,2,727,7678,87,100,2,0,0 '
Received from ('fd00::200:0:0:3', 8765, 0, 0): b' 1519,3,1,512,0,283,6,2,7,1,2,-64,1,818,15448,97,100,3,0,0 '
Received from ('fd00::200:0:0:14', 8765, 0, 0): b' 1517,20,15,1280,0,266,4,6,7,1,2,-70,1,840,9832,80,100,1,0,0 '
Received from ('fd00::200:0:0:4', 8765, 0, 0): b' 1519,4,1,512,0,261,7,2,7,1,1,-66,7,2986,22606,101,100,2,0,0 '
Received from ('fd00::200:0:0:b', 8765, 0, 0): b' 1520,11,7,1024,0,337,3,10,7,1,1,-52,0,923,10581,93,100,2,0,0 '
Received from ('fd00::200:0:0:7', 8765, 0, 0): b' 1519,7,4,768,0,292,5,12,7,1,2,-70,1,1339,13650,96,100,3,0,0 '
Received from ('fd00::200:0:0:15', 8765, 0, 0): b' 1519,21,20,1536,0,273,2,7,5,1,1,-52,0,724,10761,74,100,2,0,0 '
Received from ('fd00::200:0:0:11', 8765, 0, 0): b' 1520,17,12,1280,10,285,5,6,7,1,2,-70,0,296,4750,79,100,0,0,0 '
Received from ('fd00::200:0:0:a', 8765, 0, 0): b' 1520,10,2,768,0,272,3,4,7,1,1,-95,7,2493,19260,90,100,2,1,5 '
Received from ('fd00::200:0:0:8', 8765, 0, 0): b' 1520,8,4,768,0,307,5,13,7,1,2,-52,1,2421,18573,96,100,2,0,0 '
Received from ('fd00::200:0:0:e', 8765, 0, 0): b' 1520,14,10,1024,0,295,3,4,7,1,1,-52,0,286,4539,89,100,1,0,0 '
Received from ('fd00::200:0:0:10', 8765, 0, 0): b' 1521,16,15,1280,0,285,5,10,7,1,3,-52,0,873,10127,79,100,3,0,0 '
Received from ('fd00::200:0:0:5', 8765, 0, 0): b' 1523,5,1,512,0,288,6,1,6,1,1,-94,0,697,9954,102,100,2,0,0 '
Received from ('fd00::200:0:0:3', 8765, 0, 0): b' 1523,3,1,512,0,284,6,2,7,1,2,-64,1,360,6836,97,100,2,0,0 '
Received from ('fd00::200:0:0:4', 8765, 0, 0): b' 1523,4,1,512,0,262,7,2,7,1,1,-66,7,1401,10918,101,100,2,0,0 '
Received from ('fd00::200:0:0:13', 8765, 0, 0): b' 1523,19,15,1280,0,294,3,4,7,1,1,-52,0,965,11246,88,100,2,0,0 '
Received from ('fd00::200:0:0:c', 8765, 0, 0): b' 1523,12,8,1024,10,243,5,15,7,1,3,-52,1,834,9127,57,100,1,1,5 '
Received from ('fd00::200:0:0:1', 5678, 0, 0): b' 1525,1,0,256,0,12,0,0,4,0,0,0,10,1633,16755,1700,100,1,0,0 '
Received from ('fd00::200:0:0:f', 8765, 0, 0): b' 1524,15,10,1024,10,261,2,14,7,1,1,-70,5,2403,25344,90,100,1,0,0 '
Received from ('fd00::200:0:0:2', 8765, 0, 0): b' 1525,2,1,512,10,265,6,1,6,1,1,-88,8,3579,22159,102,100,3,0,0 '
Received from ('fd00::200:0:0:14', 8765, 0, 0): b' 1524,20,15,1280,0,267,4,6,7,1,2,-70,1,757,8004,80,100,2,0,0 '
Received from ('fd00::200:0:0:15', 8765, 0, 0): b' 1524,21,20,1536,0,274,2,7,5,1,1,-52,0,369,4428,74,100,1,0,0 '
Received from ('fd00::200:0:0:10', 8765, 0, 0): b' 1526,16,15,1280,0,287,5,10,7,1,3,-52,0,501,5733,79,100,1,0,0 '
Received from ('fd00::200:0:0:8', 8765, 0, 0): b' 1529,8,4,768,0,308,5,13,7,1,2,-52,1,867,11529,96,100,2,0,0 '
Received from ('fd00::200:0:0:e', 8765, 0, 0): b' 1528,14,10,1024,0,296,3,4,7,1,1,-52,0,392,6449,89,100,1,0,0 '
Received from ('fd00::200:0:0:12', 8765, 0, 0): b' 1527,18,15,1280,0,297,2,4,5,1,1,-70,2,831,11064,88,100,2,0,0 '
Received from ('fd00::200:0:0:11', 8765, 0, 0): b' 1528,17,12,1280,0,288,5,6,7,1,2,-70,0,891,8447,80,100,2,0,0 '
Received from ('fd00::200:0:0:c', 8765, 0, 0): b' 1528,12,8,1024,0,245,5,15,7,1,3,-52,1,816,7746,58,100,2,1,5 '
Received from ('fd00::200:0:0:5', 8765, 0, 0): b' 1530,5,1,512,10,290,6,1,6,1,1,-94,0,491,8241,102,100,2,0,0 '
Received from ('fd00::200:0:0:a', 8765, 0, 0): b' 1530,10,2,768,20,274,3,4,7,1,1,-95,7,3099,21812,91,100,2,1,5 '
Received from ('fd00::200:0:0:14', 8765, 0, 0): b' 1529,20,15,1280,10,271,4,6,7,1,2,-70,1,1211,8892,81,100,1,0,0 '
Received from ('fd00::200:0:0:7', 8765, 0, 0): b' 1531,7,4,768,10,295,5,12,7,1,2,-70,1,1163,17396,97,100,2,0,0 '
Received from ('fd00::200:0:0:1', 5678, 0, 0): b' 1532,1,0,256,0,12,0,0,4,0,0,0,10,1451,17050,1710,100,1,0,0 '
Received from ('fd00::200:0:0:15', 8765, 0, 0): b' 1528,21,20,1536,0,277,2,7,5,1,1,-52,0,638,5152,75,100,1,0,0 '
Received from ('fd00::200:0:0:b', 8765, 0, 0): b' 1530,11,7,1024,10,342,3,10,7,1,1,-52,0,1031,14774,94,100,3,0,0 '
Received from ('fd00::200:0:0:10', 8765, 0, 0): b' 1531,16,15,1280,10,290,5,10,7,1,3,-52,0,526,4766,80,100,2,0,0 '
Received from ('fd00::200:0:0:f', 8765, 0, 0): b' 1532,15,10,1024,0,262,2,14,7,1,1,-70,5,2778,23922,90,100,2,0,0 '
Received from ('fd00::200:0:0:3', 8765, 0, 0): b' 1535,3,1,512,0,287,7,2,7,1,2,-64,1,800,16040,98,100,2,0,0 '
Received from ('fd00::200:0:0:4', 8765, 0, 0): b' 1535,4,1,512,10,265,7,2,7,1,1,-66,7,2543,24535,102,100,3,0,0 '
Received from ('fd00::200:0:0:8', 8765, 0, 0): b' 1534,8,4,768,0,308,5,13,7,1,2,-52,1,787,9138,97,100,1,0,0 '
Received from ('fd00::200:0:0:13', 8765, 0, 0): b' 1532,19,15,1280,0,296,3,4,7,1,1,-52,0,701,9879,89,100,2,0,0 '
Received from ('fd00::200:0:0:15', 8765, 0, 0): b' 1533,21,20,1536,0,279,2,7,5,1,1,-52,0,499,5267,75,100,1,0,0 '
Received from ('fd00::200:0:0:2', 8765, 0, 0): b' 1537,2,1,512,0,266,6,1,6,1,1,-88,8,3104,21599,103,100,2,0,0 '
Received from ('fd00::200:0:0:e', 8765, 0, 0): b' 1536,14,10,1024,0,298,3,4,7,1,1,-52,0,746,8035,90,100,2,0,0 '
Received from ('fd00::200:0:0:11', 8765, 0, 0): b' 1536,17,12,1280,10,292,5,6,7,1,2,-70,0,737,8083,81,100,1,0,0 '
Received from ('fd00::200:0:0:5', 8765, 0, 0): b' 1538,5,1,512,10,290,6,1,6,1,1,-94,0,480,9695,103,100,2,0,0 '
Received from ('fd00::200:0:0:12', 8765, 0, 0): b' 1537,18,15,1280,0,301,2,4,5,1,1,-70,2,915,9991,89,100,2,0,0 '
Received from ('fd00::200:0:0:f', 8765, 0, 0): b' 1539,15,10,1024,0,265,2,14,7,1,1,-70,5,1762,16638,90,100,1,0,0 '
Received from ('fd00::200:0:0:1', 5678, 0, 0): b' 1541,1,0,256,0,12,0,0,4,0,0,0,10,1905,20002,1718,100,2,0,0 '
Received from ('fd00::200:0:0:4', 8765, 0, 0): b' 1541,4,1,512,0,265,7,2,7,1,1,-66,7,1122,14251,102,100,1,0,0 '
Received from ('fd00::200:0:0:a', 8765, 0, 0): b' 1541,10,2,768,0,275,3,4,7,1,1,-95,7,2573,20301,91,100,1,1,5 '
Received from ('fd00::200:0:0:7', 8765, 0, 0): b' 1542,7,4,768,0,296,5,12,7,1,2,-70,1,1004,14870,98,100,2,0,0 '
Received from ('fd00::200:0:0:13', 8765, 0, 0): b' 1539,19,15,1280,0,296,3,4,7,1,1,-52,0,365,6438,90,100,1,0,0 '
Received from ('fd00::200:0:0:3', 8765, 0, 0): b' 1543,3,1,512,0,289,7,2,7,1,2,-64,1,693,11626,99,100,2,0,0 '
Received from ('fd00::200:0:0:e', 8765, 0, 0): b' 1541,14,10,1024,0,298,3,4,7,1,1,-52,0,285,4586,90,100,1,0,0 '
Received from ('fd00::200:0:0:c', 8765, 0, 0): b' 1541,12,8,1024,0,248,5,15,7,1,3,-52,1,1354,14839,58,100,3,1,5 '
Received from ('fd00::200:0:0:14', 8765, 0, 0): b' 1540,20,15,1280,10,271,4,6,7,1,2,-70,1,935,13708,81,100,2,0,0 '
Received from ('fd00::200:0:0:2', 8765, 0, 0): b' 1544,2,1,512,0,269,6,1,6,1,1,-88,8,2314,13429,103,100,1,0,0 '
Received from ('fd00::200:0:0:b', 8765, 0, 0): b' 1542,11,7,1024,0,346,3,10,7,1,1,-52,0,1024,14498,95,100,2,0,0 '
Received from ('fd00::200:0:0:10', 8765, 0, 0): b' 1541,16,15,1280,10,294,5,10,7,1,3,-52,0,967,10404,80,100,2,0,0 '
Received from ('fd00::200:0:0:12', 8765, 0, 0): b' 1543,18,15,1280,0,303,2,4,5,1,1,-70,2,499,5842,89,100,1,0,0 '
Received from ('fd00::200:0:0:4', 8765, 0, 0): b' 1546,4,1,512,0,265,7,2,7,1,1,-66,7,1373,12798,103,100,1,0,0 '
Received from ('fd00::200:0:0:15', 8765, 0, 0): b' 1543,21,20,1536,0,281,2,7,5,1,1,-52,0,700,9650,76,100,2,0,0 '
Received from ('fd00::200:0:0:8', 8765, 0, 0): b' 1546,8,4,768,0,313,5,13,7,1,2,-52,1,1701,18861,97,100,3,0,0 '
Received from ('fd00::200:0:0:1', 5678, 0, 0): b' 1548,1,0,256,0,12,0,0,4,0,0,0,10,1540,16849,1727,100,1,0,0 '
Received from ('fd00::200:0:0:c', 8765, 0, 0): b' 1547,12,8,1024,10,249,5,15,7,1,3,-52,1,590,8612,59,100,1,1,5 '
Received from ('fd00::200:0:0:11', 8765, 0, 0): b' 1548,17,12,1280,0,295,5,6,7,1,2,-70,0,832,10304,81,100,2,0,0 '
Received from ('fd00::200:0:0:e', 8765, 0, 0): b' 1549,14,10,1024,0,299,3,4,7,1,1,-52,0,472,7409,91,100,1,0,0 '
Received from ('fd00::200:0:0:5', 8765, 0, 0): b' 1550,5,1,512,10,295,6,1,6,1,1,-94,0,988,14570,104,100,2,0,0 '
Received from ('fd00::200:0:0:13', 8765, 0, 0): b' 1547,19,15,1280,0,297,3,4,7,1,1,-52,0,513,7758,90,100,2,0,0 '
Received from ('fd00::200:0:0:7', 8765, 0, 0): b' 1550,7,4,768,10,301,5,12,7,1,2,-70,1,1500,14729,98,100,2,0,0 '
Received from ('fd00::200:0:0:a', 8765, 0, 0): b' 1549,10,2,768,0,275,3,4,7,1,1,-95,7,2569,20790,92,100,2,1,5 '
Received from ('fd00::200:0:0:f', 8765, 0, 0): b' 1551,15,10,1024,0,266,2,14,7,1,1,-70,5,2755,28171,91,100,2,0,0 '
Received from ('fd00::200:0:0:b', 8765, 0, 0): b' 1549,11,7,1024,0,351,3,10,7,1,1,-52,0,874,9402,95,100,1,0,0 '
Received from ('fd00::200:0:0:14', 8765, 0, 0): b' 1549,20,15,1280,0,275,4,6,7,1,2,-70,1,1279,12654,82,100,2,0,0 '
Received from ('fd00::200:0:0:3', 8765, 0, 0): b' 1552,3,1,512,10,290,7,2,7,1,2,-64,1,535,15046,99,100,2,0,0 '
Received from ('fd00::200:0:0:10', 8765, 0, 0): b' 1550,16,15,1280,0,296,5,10,7,1,3,-52,0,606,8924,81,100,1,0,0 '
Received from ('fd00::200:0:0:11', 8765, 0, 0): b' 1553,17,12,1280,0,295,5,6,7,1,2,-70,0,318,4754,82,100,1,0,0 '
Received from ('fd00::200:0:0:2', 8765, 0, 0): b' 1555,2,1,512,20,272,6,1,6,1,1,-88,8,2858,20707,104,100,3,0,0 '
Received from ('fd00::200:0:0:4', 8765, 0, 0): b' 1554,4,1,512,0,267,7,2,7,1,1,-66,7,2132,19447,103,100,2,0,0 '
Received from ('fd00::200:0:0:8', 8765, 0, 0): b' 1554,8,4,768,0,314,5,13,7,1,2,-52,1,1347,12933,98,100,2,0,0 '
Received from ('fd00::200:0:0:c', 8765, 0, 0): b' 1553,12,8,1024,10,252,5,15,7,1,3,-52,1,1133,8767,59,100,2,1,5 '
Received from ('fd00::200:0:0:12', 8765, 0, 0): b' 1552,18,15,1280,10,307,2,4,5,1,1,-70,2,686,8920,90,100,1,0,0 '
Received from ('fd00::200:0:0:15', 8765, 0, 0): b' 1552,21,20,1536,0,284,2,7,5,1,1,-52,0,727,8042,76,100,2,0,0 '
Received from ('fd00::200:0:0:e', 8765, 0, 0): b' 1555,14,10,1024,0,301,3,4,7,1,1,-52,0,499,5762,91,100,1,0,0 '
Received from ('fd00::200:0:0:1', 5678, 0, 0): b' 1558,1,0,256,0,12,0,0,4,0,0,0,10,2295,23830,1739,100,2,0,0 '
Received from ('fd00::200:0:0:5', 8765, 0, 0): b' 1558,5,1,512,0,296,6,1,6,1,1,-94,0,515,10440,104,100,1,0,0 '
Received from ('fd00::200:0:0:3', 8765, 0, 0): b' 1558,3,1,512,0,293,7,2,7,1,2,-64,1,698,9623,100,100,2,0,0 '
Received from ('fd00::200:0:0:10', 8765, 0, 0): b' 1557,16,15,1280,0,299,5,10,7,1,3,-52,0,698,6516,81,100,3,0,0 '
Received from ('fd00::200:0:0:b', 8765, 0, 0): b' 1560,11,7,1024,0,354,3,10,7,1,1,-52,0,811,11087,96,100,2,0,0 '
Received from ('fd00::200:0:0:2', 8765, 0, 0): b' 1560,2,1,512,10,273,6,1,6,1,1,-88,8,1668,10809,104,100,1,0,0 '
Received from ('fd00::200:0:0:8', 8765, 0, 0): b' 1560,8,4,768,0,315,5,13,7,1,2,-52,1,724,8902,98,100,1,0,0 '
Received from ('fd00::200:0:0:14', 8765, 0, 0): b' 1557,20,15,1280,10,276,4,6,7,1,2,-70,1,767,9672,82,100,1,0,0 '
Received from ('fd00::200:0:0:13', 8765, 0, 0): b' 1558,19,15,1280,0,299,3,4,7,1,1,-52,0,603,10083,91,100,1,0,0 '
Received from ('fd00::200:0:0:7', 8765, 0, 0): b' 1561,7,4,768,0,304,5,12,7,1,2,-70,1,1653,17755,99,100,2,0,0 '
Received from ('fd00::200:0:0:4', 8765, 0, 0): b' 1562,4,1,512,0,267,7,2,7,1,1,-66,7,2091,19549,104,100,1,0,0 '
Received from ('fd00::200:0:0:f', 8765, 0, 0): b' 1561,15,10,1024,10,267,2,14,7,1,1,-70,5,2971,28869,92,100,2,0,0 '
Received from ('fd00::200:0:0:a', 8765, 0, 0): b' 1562,10,2,768,0,280,3,4,7,1,1,-95,7,3809,26785,93,100,2,1,5 '
Received from ('fd00::200:0:0:11', 8765, 0, 0): b' 1563,17,12,1280,0,297,5,6,7,1,2,-70,0,644,9155,82,100,2,0,0 '
Received from ('fd00::200:0:0:12', 8765, 0, 0): b' 1560,18,15,1280,0,308,2,4,5,1,1,-70,2,621,7518,90,100,2,0,0 '
Received from ('fd00::200:0:0:c', 8765, 0, 0): b' 1563,12,8,1024,0,253,5,15,7,1,3,-52,1,926,12650,60,100,1,1,5 '
Received from ('fd00::200:0:0:10', 8765, 0, 0): b' 1563,16,15,1280,0,300,5,10,7,1,3,-52,0,449,5896,82,100,1,0,0 '
Received from ('fd00::200:0:0:8', 8765, 0, 0): b' 1565,8,4,768,0,317,5,13,7,1,2,-52,1,1019,8800,99,100,1,0,0 '
Received from ('fd00::200:0:0:15', 8765, 0, 0): b' 1562,21,20,1536,0,286,2,7,5,1,1,-52,0,627,10410,77,100,1,0,0 '
Received from ('fd00::200:0:0:b', 8765, 0, 0): b' 1566,11,7,1024,0,356,3,10,7,1,1,-52,0,524,8102,96,100,1,0,0 '
Received from ('fd00::200:0:0:2', 8765, 0, 0): b' 1567,2,1,512,10,276,7,1,6,1,1,-88,8,2318,13509,105,100,1,0,0 '
Received from ('fd00::200:0:0:1', 5678, 0, 0): b' 1567,1,0,256,0,12,0,0,4,0,0,0,10,1863,20049,1746,100,2,0,0 '
Received from ('fd00::200:0:0:13', 8765, 0, 0): b' 1564,19,15,1280,0,299,3,4,7,1,1,-52,0,286,5504,91,100,1,0,0 '
Received from ('fd00::200:0:0:4', 8765, 0, 0): b' 1567,4,1,512,0,267,7,2,7,1,1,-66,7,1235,12220,104,100,1,0,0 '
Received from ('fd00::200:0:0:3', 8765, 0, 0): b' 1568,3,1,512,0,297,7,2,7,1,2,-64,1,735,14073,100,100,1,0,0 '
Received from ('fd00::200:0:0:e', 8765, 0, 0): b' 1566,14,10,1024,0,306,3,4,7,1,1,-52,0,1021,11123,92,100,2,0,0 '
Received from ('fd00::200:0:0:14', 8765, 0, 0): b' 1565,20,15,1280,0,278,4,6,7,1,2,-70,1,940,10853,83,100,1,0,0 '
Received from ('fd00::200:0:0:5', 8765, 0, 0): b' 1569,5,1,512,0,298,6,1,6,1,1,-94,0,782,12196,105,100,3,0,0 '
Received from ('fd00::200:0:0:7', 8765, 0, 0): b' 1569,7,4,768,0,305,5,12,7,1,2,-70,1,765,12181,99,100,1,0,0 '
Received from ('fd00::200:0:0:a', 8765, 0, 0): b' 1569,10,2,768,10,280,3,4,7,1,1,-95,7,1829,15124,93,100,1,1,5 '
Received from ('fd00::200:0:0:11', 8765, 0, 0): b' 1568,17,12,1280,10,297,5,6,7,1,2,-70,0,317,4498,83,100,1,0,0 '
Received from ('fd00::200:0:0:8', 8765, 0, 0): b' 1569,8,4,768,0,318,5,13,7,1,2,-52,1,630,6932,99,100,0,0,0 '
Received from ('fd00::200:0:0:f', 8765, 0, 0): b' 1570,15,10,1024,0,271,3,14,7,1,1,-70,5,2694,23827,92,100,2,0,0 '
Received from ('fd00::200:0:0:12', 8765, 0, 0): b' 1569,18,15,1280,0,311,2,4,5,1,1,-70,2,710,8959,91,100,1,0,0 '
Received from ('fd00::200:0:0:2', 8765, 0, 0): b' 1573,2,1,512,0,278,7,1,6,1,1,-88,8,2121,12738,105,100,2,0,0 '
Received from ('fd00::200:0:0:10', 8765, 0, 0): b' 1571,16,15,1280,10,302,5,10,7,1,3,-52,0,417,7428,82,100,1,0,0 '
Received from ('fd00::200:0:0:15', 8765, 0, 0): b' 1569,21,20,1536,0,288,2,7,5,1,1,-52,0,621,7189,77,100,2,0,0 '
Received from ('fd00::200:0:0:8', 8765, 0, 0): b' 1573,8,4,768,0,318,5,13,7,1,2,-52,1,488,6884,99,100,1,0,0 '
Received from ('fd00::200:0:0:4', 8765, 0, 0): b' 1575,4,1,512,10,272,7,2,7,1,1,-66,7,2162,16928,105,100,1,0,0 '
Received from ('fd00::200:0:0:7', 8765, 0, 0): b' 1575,7,4,768,0,306,5,12,7,1,2,-70,1,765,9001,100,100,1,0,0 '
Received from ('fd00::200:0:0:a', 8765, 0, 0): b' 1575,10,2,768,10,280,3,4,7,1,1,-95,7,1649,12216,94,100,1,1,5 '
Received from ('fd00::200:0:0:13', 8765, 0, 0): b' 1573,19,15,1280,0,301,3,4,7,1,1,-52,0,700,8928,92,100,2,0,0 '
Received from ('fd00::200:0:0:11', 8765, 0, 0): b' 1574,17,12,1280,10,297,5,6,7,1,2,-70,0,286,5305,83,100,1,0,0 '
Received from ('fd00::200:0:0:b', 8765, 0, 0): b' 1576,11,7,1024,0,359,3,10,7,1,1,-52,0,805,11513,97,100,3,0,0 '
Received from ('fd00::200:0:0:5', 8765, 0, 0): b' 1577,5,1,512,0,303,6,1,6,1,1,-94,0,940,10338,105,100,2,0,0 '
Received from ('fd00::200:0:0:14', 8765, 0, 0): b' 1574,20,15,1280,0,280,4,6,7,1,2,-70,1,1144,12204,84,100,2,0,0 '
Received from ('fd00::200:0:0:c', 8765, 0, 0): b' 1575,12,8,1024,0,258,5,15,7,1,3,-52,1,1610,15710,61,100,3,1,5 '
Received from ('fd00::200:0:0:e', 8765, 0, 0): b' 1576,14,10,1024,0,309,3,4,7,1,1,-52,0,809,9185,93,100,2,0,0 '
Received from ('fd00::200:0:0:12', 8765, 0, 0): b' 1574,18,15,1280,10,315,2,4,5,1,1,-70,2,689,5304,91,100,1,0,0 '
Received from ('fd00::200:0:0:1', 5678, 0, 0): b' 1579,1,0,256,0,12,0,0,4,0,0,0,10,3059,29294,1761,100,2,0,0 '
Received from ('fd00::200:0:0:3', 8765, 0, 0): b' 1579,3,1,512,0,299,7,2,7,1,2,-64,1,742,16514,101,100,2,0,0 '
Received from ('fd00::200:0:0:7', 8765, 0, 0): b' 1580,7,4,768,0,308,5,12,7,1,2,-70,1,792,9145,100,100,1,0,0 '
Received from ('fd00::200:0:0:2', 8765, 0, 0): b' 1580,2,1,512,20,281,7,1,6,1,1,-88,8,2221,14178,106,100,1,0,0 '
Received from ('fd00::200:0:0:10', 8765, 0, 0): b' 1577,16,15,1280,0,302,5,10,7,1,3,-52,0,474,6590,83,100,1,0,0 '
Received from ('fd00::200:0:0:b', 8765, 0, 0): b' 1581,11,7,1024,0,361,3,10,7,1,1,-52,0,500,6480,97,100,1,0,0 '
Received from ('fd00::200:0:0:f', 8765, 0, 0): b' 1580,15,10,1024,10,272,3,14,7,1,1,-70,5,2462,24792,93,100,1,0,0 '
Received from ('fd00::200:0:0:15', 8765, 0, 0): b' 1577,21,20,1536,0,288,2,7,5,1,1,-52,0,341,6571,78,100,1,0,0 '
Received from ('fd00::200:0:0:a', 8765, 0, 0): b' 1582,10,2,768,0,283,3,4,7,1,1,-95,7,2359,15576,94,100,2,1,5 '
Received from ('fd00::200:0:0:e', 8765, 0, 0): b' 1581,14,10,1024,0,313,3,4,7,1,1,-52,0,713,5901,93,100,1,0,0 '
Received from ('fd00::200:0:0:11', 8765, 0, 0): b' 1581,17,12,1280,0,300,5,6,7,1,2,-70,0,711,8237,84,100,1,0,0 '
Received from ('fd00::200:0:0:4', 8765, 0, 0): b' 1583,4,1,512,10,277,7,2,7,1,1,-66,7,2634,21617,105,100,2,0,0 '
Received from ('fd00::200:0:0:14', 8765, 0, 0): b' 1581,20,15,1280,0,281,4,6,7,1,2,-70,1,681,8907,84,100,2,0,0 '
Received from ('fd00::200:0:0:8', 8765, 0, 0): b' 1583,8,4,768,0,321,5,13,7,1,2,-52,1,1499,15386,100,100,3,0,0 '
Received from ('fd00::200:0:0:c', 8765, 0, 0): b' 1583,12,8,1024,10,260,5,15,7,1,3,-52,1,927,9492,61,100,3,1,5 '
Received from ('fd00::200:0:0:f', 8765, 0, 0): b' 1584,15,10,1024,0,272,3,14,7,1,1,-70,5,1278,11061,93,100,1,0,0 '
Received from ('fd00::200:0:0:5', 8765, 0, 0): b' 1585,5,1,512,0,305,6,1,6,1,1,-94,0,597,9626,106,100,1,0,0 '
Received from ('fd00::200:0:0:3', 8765, 0, 0): b' 1584,3,1,512,20,304,7,2,7,1,2,-64,1,757,8263,102,100,2,0,0 '
Received from ('fd00::200:0:0:7', 8765, 0, 0): b' 1586,7,4,768,20,310,5,12,7,1,2,-70,1,660,9353,101,100,1,0,0 '
Received from ('fd00::200:0:0:10', 8765, 0, 0): b' 1583,16,15,1280,0,303,5,11,7,1,3,-52,0,397,5504,83,100,2,0,0 '
Received from ('fd00::200:0:0:12', 8765, 0, 0): b' 1584,18,15,1280,0,317,2,4,5,1,1,-70,2,701,9192,92,100,2,0,0 '
Received from ('fd00::200:0:0:2', 8765, 0, 0): b' 1588,2,1,512,10,282,7,1,6,1,1,-88,8,2759,16210,106,100,3,0,0 '
Received from ('fd00::200:0:0:13', 8765, 0, 0): b' 1584,19,15,1280,0,305,3,4,7,1,1,-52,0,908,10372,93,100,3,0,0 '
Received from ('fd00::200:0:0:15', 8765, 0, 0): b' 1584,21,20,1536,0,291,2,7,5,1,1,-52,0,834,7693,78,100,2,0,0 '
Received from ('fd00::200:0:0:8', 8765, 0, 0): b' 1588,8,4,768,0,323,5,13,7,1,2,-52,1,859,8663,100,100,1,0,0 '
Received from ('fd00::200:0:0:11', 8765, 0, 0): b' 1587,17,12,1280,0,305,5,6,7,1,2,-70,0,814,6267,84,100,2,0,0 '
Received from ('fd00::200:0:0:1', 5678, 0, 0): b' 1590,1,0,256,0,12,0,0,4,0,0,0,10,2743,27377,1775,100,2,0,0 '
Received from ('fd00::200:0:0:a', 8765, 0, 0): b' 1590,10,2,768,0,286,3,4,7,1,1,-95,7,2790,20036,95,100,1,1,5 '
Received from ('fd00::200:0:0:f', 8765, 0, 0): b' 1589,15,10,1024,10,274,3,14,7,1,1,-70,5,1684,13980,94,100,2,0,0 '
Received from ('fd00::200:0:0:4', 8765, 0, 0): b' 1592,4,1,512,0,279,7,2,7,1,1,-66,7,2254,19526,106,100,3,0,0 '
Received from ('fd00::200:0:0:13', 8765, 0, 0): b' 1590,19,15,1280,0,308,3,4,7,1,1,-52,0,607,5741,93,100,1,0,0 '
Received from ('fd00::200:0:0:e', 8765, 0, 0): b' 1591,14,10,1024,0,318,3,4,7,1,1,-52,0,1015,10388,94,100,3,0,0 '
Received from ('fd00::200:0:0:b', 8765, 0, 0): b' 1594,11,7,1024,0,365,3,10,7,1,1,-52,0,954,15214,98,100,4,0,0 '
Received from ('fd00::200:0:0:3', 8765, 0, 0): b' 1594,3,1,512,0,307,7,2,7,1,2,-64,1,857,13365,102,100,2,0,0 '
Received from ('fd00::200:0:0:c', 8765, 0, 0): b' 1591,12,8,1024,10,262,5,15,7,1,3,-52,1,1064,11426,62,100,1,1,5 '
Received from ('fd00::200:0:0:2', 8765, 0, 0): b' 1594,2,1,512,20,285,7,1,6,1,1,-88,8,1982,11642,106,100,2,0,0 '
Received from ('fd00::200:0:0:7', 8765, 0, 0): b' 1593,7,4,768,0,315,5,12,7,1,2,-70,1,1544,13131,101,100,3,0,0 '
Received from ('fd00::200:0:0:14', 8765, 0, 0): b' 1591,20,15,1280,0,284,4,6,7,1,2,-70,1,1215,11765,85,100,3,0,0 '
Received from ('fd00::200:0:0:10', 8765, 0, 0): b' 1593,16,15,1280,0,306,5,11,7,1,3,-52,0,695,9033,84,100,3,0,0 '
Received from ('fd00::200:0:0:8', 8765, 0, 0): b' 1594,8,4,768,0,324,5,15,7,1,2,-52,1,975,9714,101,100,4,0,0 '
Received from ('fd00::200:0:0:e', 8765, 0, 0): b' 1595,14,10,1024,0,322,3,4,7,1,1,-52,0,588,4596,94,100,1,0,0 '
Received from ('fd00::200:0:0:1', 5678, 0, 0): b' 1597,1,0,256,0,12,0,0,4,0,0,0,10,1371,15009,1781,100,1,0,0 '
Received from ('fd00::200:0:0:5', 8765, 0, 0): b' 1597,5,1,512,0,308,7,1,6,1,1,-94,0,894,13841,107,100,3,0,0 '
Received from ('fd00::200:0:0:b', 8765, 0, 0): b' 1599,11,7,1024,0,365,3,10,7,1,1,-52,0,290,5773,98,100,1,0,0 '
Received from ('fd00::200:0:0:a', 8765, 0, 0): b' 1597,10,2,768,10,289,3,4,7,1,1,-95,7,2098,15209,95,100,2,1,5 '
Received from ('fd00::200:0:0:12', 8765, 0, 0): b' 1596,18,15,1280,0,320,2,4,5,1,1,-70,2,832,11458,93,100,2,0,0 '
Received from ('fd00::200:0:0:4', 8765, 0, 0): b' 1599,4,1,512,10,279,7,2,7,1,1,-66,7,1858,17383,106,100,1,0,0 '
Received from ('fd00::200:0:0:2', 8765, 0, 0): b' 1600,2,1,512,20,288,7,1,6,1,1,-88,9,1916,12204,107,100,1,0,0 '
Received from ('fd00::200:0:0:f', 8765, 0, 0): b' 1598,15,10,1024,10,277,3,14,7,1,1,-70,5,2379,23386,94,100,3,0,0 '
Received from ('fd00::200:0:0:15', 8765, 0, 0): b' 1597,21,20,1536,0,294,2,7,5,1,1,-52,0,922,10899,79,100,4,0,0 '
Received from ('fd00::200:0:0:11', 8765, 0, 0): b' 1597,17,12,1280,10,307,5,6,7,1,2,-70,0,587,9482,85,100,3,0,0 '
Received from ('fd00::200:0:0:13', 8765, 0, 0): b' 1598,19,15,1280,0,312,3,4,7,1,1,-52,0,884,8604,94,100,3,0,0 '
Received from ('fd00::200:0:0:8', 8765, 0, 0): b' 1600,8,4,768,0,326,5,15,7,1,2,-52,1,972,10874,101,100,1,0,0 '
Received from ('fd00::200:0:0:3', 8765, 0, 0): b' 1603,3,1,512,0,314,7,2,7,1,2,-64,1,1120,14231,103,100,3,0,0 '
Received from ('fd00::200:0:0:c', 8765, 0, 0): b' 1601,12,8,1024,0,271,5,15,7,1,3,-52,1,1776,13349,63,100,4,1,5 '
Received from ('fd00::200:0:0:7', 8765, 0, 0): b' 1603,7,4,768,0,317,5,12,7,1,2,-70,1,988,13788,102,100,3,0,0 '
Received from ('fd00::200:0:0:1', 5678, 0, 0): b' 1604,1,0,256,0,12,0,0,4,0,0,0,10,2013,18766,1790,100,2,0,0 '
Received from ('fd00::200:0:0:4', 8765, 0, 0): b' 1604,4,1,512,0,281,7,2,7,1,1,-66,7,1869,13925,107,100,2,0,0 '
Received from ('fd00::200:0:0:14', 8765, 0, 0): b' 1603,20,15,1280,0,288,4,6,7,1,2,-70,1,1210,14355,85,100,2,0,0 '
Received from ('fd00::200:0:0:5', 8765, 0, 0): b' 1605,5,1,512,0,311,7,1,6,1,1,-94,0,748,10021,107,100,3,0,0 '
Received from ('fd00::200:0:0:11', 8765, 0, 0): b' 1603,17,12,1280,10,311,5,6,7,1,2,-70,0,714,6034,85,100,1,0,0 '
Received from ('fd00::200:0:0:10', 8765, 0, 0): b' 1604,16,15,1280,0,308,5,11,7,1,3,-52,0,639,9813,84,100,3,0,0 '
Received from ('fd00::200:0:0:2', 8765, 0, 0): b' 1606,2,1,512,0,293,7,1,6,1,1,-88,9,2305,13704,107,100,2,0,0 '
Received from ('fd00::200:0:0:15', 8765, 0, 0): b' 1605,21,20,1536,0,296,2,7,5,1,1,-52,0,556,7140,80,100,1,0,0 '
Received from ('fd00::200:0:0:e', 8765, 0, 0): b' 1606,14,10,1024,0,327,3,4,7,1,1,-52,0,1015,11133,95,100,3,0,0 '
Received from ('fd00::200:0:0:8', 8765, 0, 0): b' 1607,8,4,768,0,328,5,15,7,1,2,-52,1,1126,10817,102,100,1,0,0 '
Received from ('fd00::200:0:0:a', 8765, 0, 0): b' 1609,10,2,768,0,289,3,4,7,1,1,-95,7,3148,25358,96,100,2,1,5 '
Received from ('fd00::200:0:0:12', 8765, 0, 0): b' 1607,18,15,1280,0,327,2,4,5,1,1,-70,2,1180,11081,93,100,2,0,0 '
Received from ('fd00::200:0:0:b', 8765, 0, 0): b' 1610,11,7,1024,0,369,3,10,7,1,1,-52,0,1144,15060,99,100,3,0,0 '
Received from ('fd00::200:0:0:f', 8765, 0, 0): b' 1609,15,10,1024,10,281,3,14,7,1,1,-70,5,3416,29137,95,100,2,0,0 '
Received from ('fd00::200:0:0:c', 8765, 0, 0): b' 1608,12,8,1024,0,274,5,15,7,1,3,-52,1,1011,10391,63,100,1,1,5 '
Received from ('fd00::200:0:0:13', 8765, 0, 0): b' 1608,19,15,1280,10,316,4,4,7,1,1,-52,0,811,8960,94,100,2,0,0 '
Received from ('fd00::200:0:0:10', 8765, 0, 0): b' 1609,16,15,1280,0,310,5,11,7,1,3,-52,0,556,6002,85,100,1,0,0 '
Received from ('fd00::200:0:0:14', 8765, 0, 0): b' 1610,20,15,1280,0,290,4,6,7,1,2,-70,1,935,9267,86,100,2,0,0 '
Received from ('fd00::200:0:0:4', 8765, 0, 0): b' 1611,4,1,512,10,286,7,2,7,1,1,-66,7,1920,15929,107,100,1,0,0 '
Received from ('fd00::200:0:0:7', 8765, 0, 0): b' 1611,7,4,768,0,321,5,12,7,1,2,-70,1,1352,14729,102,100,1,0,0 '
Received from ('fd00::200:0:0:3', 8765, 0, 0): b' 1613,3,1,512,0,318,7,2,7,1,2,-64,1,882,16512,103,100,2,0,0 '
Received from ('fd00::200:0:0:e', 8765, 0, 0): b' 1615,14,10,1024,0,327,3,4,7,1,1,-52,0,408,6789,95,100,2,0,0 '
Received from ('fd00::200:0:0:1', 5678, 0, 0): b' 1615,1,0,256,0,12,0,0,4,0,0,0,10,2333,25582,1800,100,2,0,0 '
Received from ('fd00::200:0:0:2', 8765, 0, 0): b' 1616,2,1,512,0,294,7,1,6,1,1,-88,9,2591,18151,108,100,2,0,0 '
Received from ('fd00::200:0:0:4', 8765, 0, 0): b' 1616,4,1,512,20,289,7,2,7,1,1,-66,7,1241,12265,107,100,1,0,0 '
Received from ('fd00::200:0:0:5', 8765, 0, 0): b' 1616,5,1,512,0,313,7,1,6,1,1,-94,0,712,13030,108,100,3,0,0 '
Received from ('fd00::200:0:0:13', 8765, 0, 0): b' 1615,19,15,1280,0,319,4,4,7,1,1,-52,0,784,7524,95,100,2,0,0 '
Received from ('fd00::200:0:0:11', 8765, 0, 0): b' 1614,17,12,1280,0,317,5,6,7,1,2,-70,0,1230,10501,86,100,3,0,0 '
Received from ('fd00::200:0:0:a', 8765, 0, 0): b' 1618,10,2,768,10,290,3,4,7,1,1,-95,7,2282,18658,97,100,1,1,5 '
Received from ('fd00::200:0:0:b', 8765, 0, 0): b' 1617,11,7,1024,0,373,3,10,7,1,1,-52,0,733,9170,99,100,2,0,0 '
Received from ('fd00::200:0:0:15', 8765, 0, 0): b' 1615,21,20,1536,0,299,2,7,5,1,1,-52,0,745,9268,80,100,3,0,0 '
Received from ('fd00::200:0:0:7', 8765, 0, 0): b' 1617,7,4,768,10,324,5,12,7,1,2,-70,1,950,10011,103,100,2,0,0 '
Received from ('fd00::200:0:0:8', 8765, 0, 0): b' 1618,8,4,768,10,332,5,16,7,1,2,-52,1,1718,18499,102,100,3,0,0 '
Received from ('fd00::200:0:0:12', 8765, 0, 0): b' 1616,18,15,1280,0,330,2,4,5,1,1,-70,2,809,8562,94,100,2,0,0 '
Received from ('fd00::200:0:0:c', 8765, 0, 0): b' 1616,12,8,1024,10,277,5,15,7,1,3,-52,1,1150,11153,64,100,2,1,5 '
Received from ('fd00::200:0:0:10', 8765, 0, 0): b' 1617,16,15,1280,0,313,5,11,7,1,3,-52,0,625,7666,85,100,2,0,0 '
Received from ('fd00::200:0:0:3', 8765, 0, 0): b' 1621,3,1,512,0,320,7,2,7,1,2,-64,1,762,11854,104,100,3,0,0 '
Received from ('fd00::200:0:0:f', 8765, 0, 0): b' 1620,15,10,1024,0,284,3,14,7,1,1,-70,5,3211,28155,96,100,2,0,0 '
Received from ('fd00::200:0:0:1', 5678, 0, 0): b' 1622,1,0,256,0,12,0,0,4,0,0,0,10,1542,15478,1809,100,1,0,0 '
Received from ('fd00::200:0:0:14', 8765, 0, 0): b' 1621,20,15,1280,0,291,4,6,7,1,2,-70,1,1091,13411,87,100,2,0,0 '
Received from ('fd00::200:0:0:4', 8765, 0, 0): b' 1622,4,1,512,10,291,7,2,7,1,1,-66,7,2008,15142,108,100,1,0,0 '
Received from ('fd00::200:0:0:11', 8765, 0, 0): b' 1620,17,12,1280,0,318,5,6,7,1,2,-70,0,394,5885,86,100,1,0,0 '
Received from ('fd00::200:0:0:7', 8765, 0, 0): b' 1622,7,4,768,20,326,5,12,7,1,2,-70,1,660,7892,103,100,1,0,0 '
Received from ('fd00::200:0:0:5', 8765, 0, 0): b' 1623,5,1,512,0,314,7,1,6,1,1,-94,0,583,8327,108,100,1,0,0 '
Received from ('fd00::200:0:0:2', 8765, 0, 0): b' 1623,2,1,512,0,294,7,1,6,1,1,-88,9,2361,14909,108,100,1,0,0 '
Received from ('fd00::200:0:0:b', 8765, 0, 0): b' 1623,11,7,1024,10,373,3,10,7,1,1,-52,0,345,6409,100,100,1,0,0 '
Received from ('fd00::200:0:0:12', 8765, 0, 0): b' 1622,18,15,1280,0,332,2,4,5,1,1,-70,2,499,5920,94,100,1,0,0 '
Received from ('fd00::200:0:0:e', 8765, 0, 0): b' 1624,14,10,1024,10,331,3,4,7,1,1,-52,0,860,9496,96,100,1,0,0 '
Received from ('fd00::200:0:0:13', 8765, 0, 0): b' 1626,19,15,1280,0,322,4,4,7,1,1,-52,0,654,9326,95,100,1,0,0 '
Received from ('fd00::200:0:0:6', 8765, 0, 0): b' 1587,6,11,1408,30,1,1,2,2,0,1,-70,0,999,4592,0,100,7,0,0 '
Received from ('fd00::200:0:0:7', 8765, 0, 0): b' 1627,7,4,768,0,326,5,12,7,1,2,-70,1,633,6867,103,100,1,0,0 '
Received from ('fd00::200:0:0:8', 8765, 0, 0): b' 1627,8,4,768,0,333,5,16,7,1,2,-52,1,1020,13068,103,100,2,0,0 '
Received from ('fd00::200:0:0:3', 8765, 0, 0): b' 1627,3,1,512,10,321,7,2,7,1,2,-64,1,367,8528,104,100,1,0,0 '
Received from ('fd00::200:0:0:6', 8765, 0, 0): b' 1593,6,2,896,60,1,3,2,4,0,2,-52,0,708,3876,0,100,6,0,0 '
Received from ('fd00::200:0:0:6', 8765, 0, 0): b' 1602,6,2,896,50,2,4,2,4,0,2,-52,0,1346,8049,0,100,8,0,0 '
Received from ('fd00::200:0:0:c', 8765, 0, 0): b' 1627,12,8,1024,0,277,5,15,7,1,3,-52,1,1052,13091,64,100,2,1,5 '
Received from ('fd00::200:0:0:1', 5678, 0, 0): b' 1628,1,0,256,0,12,0,0,4,0,0,0,10,1330,15169,1815,100,1,0,0 '
Received from ('fd00::200:0:0:6', 8765, 0, 0): b' 1609,6,2,896,70,3,4,2,5,0,2,-52,0,856,7577,1,100,6,0,0 '
Received from ('fd00::200:0:0:4', 8765, 0, 0): b' 1629,4,1,512,0,291,7,2,7,1,1,-66,7,1605,14590,108,100,1,0,0 '
Received from ('fd00::200:0:0:6', 8765, 0, 0): b' 1621,6,2,896,70,4,4,2,6,0,2,-52,0,979,10301,2,100,7,0,0 '
Received from ('fd00::200:0:0:f', 8765, 0, 0): b' 1628,15,10,1024,40,290,3,15,7,1,1,-70,5,2212,22489,96,100,2,0,0 '
Received from ('fd00::200:0:0:a', 8765, 0, 0): b' 1629,10,2,768,0,295,3,4,7,1,1,-95,7,3489,25689,97,100,2,1,5 '
Received from ('fd00::200:0:0:10', 8765, 0, 0): b' 1629,16,15,1280,0,315,5,11,7,1,3,-52,0,701,9207,86,100,2,0,0 '
Received from ('fd00::200:0:0:6', 8765, 0, 0): b' 1630,6,2,768,0,6,4,2,6,1,2,-52,0,1511,9507,2,100,5,0,0 '
Received from ('fd00::200:0:0:15', 8765, 0, 0): b' 1627,21,20,1536,0,303,2,7,5,1,1,-52,0,938,11449,81,100,2,0,0 '
Received from ('fd00::200:0:0:3', 8765, 0, 0): b' 1631,3,1,512,0,321,7,2,7,1,2,-64,1,359,6853,105,100,1,0,0 '
Received from ('fd00::200:0:0:2', 8765, 0, 0): b' 1632,2,1,512,60,295,7,1,6,1,1,-88,9,3367,19734,109,100,2,0,0 '
Received from ('fd00::200:0:0:11', 8765, 0, 0): b' 1630,17,12,1280,0,319,5,6,7,1,2,-70,0,593,9563,87,100,2,0,0 '
Received from ('fd00::200:0:0:14', 8765, 0, 0): b' 1629,20,15,1280,0,293,4,6,7,1,2,-70,1,823,8979,87,100,1,0,0 '
Received from ('fd00::200:0:0:b', 8765, 0, 0): b' 1631,11,7,1024,10,376,3,10,7,1,1,-52,0,753,12093,101,100,2,0,0 '
Received from ('fd00::200:0:0:5', 8765, 0, 0): b' 1633,5,1,512,0,317,7,1,6,1,1,-94,0,866,12705,109,100,2,0,0 '
Received from ('fd00::200:0:0:13', 8765, 0, 0): b' 1630,19,15,1280,0,323,4,4,7,1,1,-52,0,317,4097,96,100,1,0,0 '
Received from ('fd00::200:0:0:1', 5678, 0, 0): b' 1634,1,0,256,0,12,0,0,4,0,0,0,10,1625,15164,1825,100,1,0,0 '
Received from ('fd00::200:0:0:12', 8765, 0, 0): b' 1632,18,15,1280,10,334,2,4,5,1,1,-70,2,555,7690,95,100,1,0,0 '
Received from ('fd00::200:0:0:8', 8765, 0, 0): b' 1636,8,4,768,0,335,5,16,7,1,2,-52,1,1211,15364,103,100,1,0,0 '
Received from ('fd00::200:0:0:b', 8765, 0, 0): b' 1636,11,7,1024,0,378,3,10,7,1,1,-52,0,586,6447,101,100,1,0,0 '
Received from ('fd00::200:0:0:f', 8765, 0, 0): b' 1636,15,10,1024,0,292,3,15,7,1,1,-70,5,2078,16732,97,100,1,0,0 '
Received from ('fd00::200:0:0:7', 8765, 0, 0): b' 1637,7,4,768,0,328,5,12,7,1,2,-70,1,1439,16960,104,100,2,0,0 '
Received from ('fd00::200:0:0:e', 8765, 0, 0): b' 1636,14,10,1024,0,334,3,4,7,1,1,-52,0,923,11124,97,100,4,0,0 '
Received from ('fd00::200:0:0:15', 8765, 0, 0): b' 1635,21,20,1536,0,306,2,7,5,1,1,-52,0,657,6425,82,100,2,0,0 '
Received from ('fd00::200:0:0:a', 8765, 0, 0): b' 1637,10,2,768,0,295,3,4,7,1,1,-95,7,2769,18166,98,100,2,1,5 '
Received from ('fd00::200:0:0:10', 8765, 0, 0): b' 1638,16,15,1280,0,318,5,11,7,1,3,-52,0,687,8253,87,100,1,0,0 '
Received from ('fd00::200:0:0:3', 8765, 0, 0): b' 1637,3,1,512,0,322,7,2,7,1,2,-64,1,458,9361,105,100,2,0,0 '
Received from ('fd00::200:0:0:6', 8765, 0, 0): b' 1637,6,2,768,0,7,4,2,6,1,2,-52,0,720,8048,3,100,4,0,0 '
Received from ('fd00::200:0:0:12', 8765, 0, 0): b' 1639,18,15,1280,0,335,2,4,5,1,1,-70,2,417,5903,95,100,1,0,0 '
Received from ('fd00::200:0:0:13', 8765, 0, 0): b' 1639,19,15,1280,0,323,4,4,7,1,1,-52,0,410,7042,96,100,2,0,0 '
Received from ('fd00::200:0:0:14', 8765, 0, 0): b' 1640,20,15,1280,10,294,4,6,7,1,2,-70,1,1063,13339,88,100,2,0,0 '
Received from ('fd00::200:0:0:11', 8765, 0, 0): b' 1637,17,12,1280,0,322,5,6,7,1,2,-70,0,624,6666,87,100,2,0,0 '
Received from ('fd00::200:0:0:4', 8765, 0, 0): b' 1639,4,1,512,10,293,7,2,7,1,1,-66,7,2765,25863,109,100,2,0,0 '
Received from ('fd00::200:0:0:c', 8765, 0, 0): b' 1640,12,8,1024,0,280,5,15,7,1,3,-52,1,1470,15246,65,100,3,1,5 '
Received from ('fd00::200:0:0:f', 8765, 0, 0): b' 1642,15,10,1024,0,295,3,15,7,1,1,-70,5,2224,17383,97,100,2,0,0 '
Received from ('fd00::200:0:0:2', 8765, 0, 0): b' 1642,2,1,512,0,300,7,1,6,2,1,-88,9,4536,26586,110,100,3,0,0 '
Received from ('fd00::200:0:0:3', 8765, 0, 0): b' 1644,3,1,512,10,325,7,2,7,1,2,-64,1,580,8331,105,100,1,0,0 '
Received from ('fd00::200:0:0:15', 8765, 0, 0): b' 1644,21,20,1536,0,309,2,7,5,1,1,-52,0,751,8468,82,100,2,0,0 '
Received from ('fd00::200:0:0:b', 8765, 0, 0): b' 1644,11,7,1024,0,381,3,10,7,1,1,-52,0,671,8901,101,100,2,0,0 '
Received from ('fd00::200:0:0:4', 8765, 0, 0): b' 1644,4,1,512,10,296,7,2,7,1,1,-66,7,1340,11968,109,100,1,0,0 '
Received from ('fd00::200:0:0:8', 8765, 0, 0): b' 1644,8,4,768,10,339,5,16,7,1,2,-52,1,1493,13433,104,100,2,0,0 '
Received from ('fd00::200:0:0:e', 8765, 0, 0): b' 1646,14,10,1024,0,337,3,4,7,1,1,-52,0,655,9576,97,100,1,0,0 '
Received from ('fd00::200:0:0:5', 8765, 0, 0): b' 1645,5,1,512,0,319,7,1,6,1,1,-94,0,736,13813,110,100,3,0,0 '
Received from ('fd00::200:0:0:1', 5678, 0, 0): b' 1645,1,0,256,0,12,0,0,4,0,0,0,10,2653,28751,1837,100,2,0,0 '
Received from ('fd00::200:0:0:6', 8765, 0, 0): b' 1645,6,2,768,0,7,4,2,6,1,2,-52,0,552,7913,4,100,3,0,0 '
Received from ('fd00::200:0:0:c', 8765, 0, 0): b' 1646,12,8,1024,0,283,5,15,7,1,3,-52,1,926,8816,66,100,1,1,5 '
Received from ('fd00::200:0:0:14', 8765, 0, 0): b' 1645,20,15,1280,0,295,4,6,7,1,2,-70,1,688,7240,88,100,1,0,0 '
Received from ('fd00::200:0:0:7', 8765, 0, 0): b' 1647,7,4,768,0,331,5,12,7,1,2,-70,1,1114,16042,104,100,1,0,0 '
Received from ('fd00::200:0:0:10', 8765, 0, 0): b' 1646,16,15,1280,0,321,5,11,7,1,3,-52,0,728,8017,87,100,2,0,0 '
Received from ('fd00::200:0:0:13', 8765, 0, 0): b' 1647,19,15,1280,0,325,4,4,7,1,1,-52,0,676,7995,97,100,2,0,0 '
Received from ('fd00::200:0:0:3', 8765, 0, 0): b' 1649,3,1,512,0,326,7,2,7,1,2,-64,1,537,7985,106,100,1,0,0 '
Received from ('fd00::200:0:0:11', 8765, 0, 0): b' 1646,17,12,1280,0,326,5,6,7,1,2,-70,0,890,9294,88,100,2,0,0 '
Received from ('fd00::200:0:0:4', 8765, 0, 0): b' 1651,4,1,512,0,297,7,2,7,1,1,-66,7,1812,15817,110,100,2,0,0 '
Received from ('fd00::200:0:0:2', 8765, 0, 0): b' 1651,2,1,512,0,305,7,1,6,2,1,-88,9,2482,19240,110,100,2,0,0 '
Received from ('fd00::200:0:0:1', 5678, 0, 0): b' 1652,1,0,256,0,12,0,0,4,0,0,0,10,1479,18535,1844,100,1,0,0 '
Received from ('fd00::200:0:0:b', 8765, 0, 0): b' 1652,11,7,1024,0,383,3,10,7,1,1,-52,0,729,11542,102,100,2,0,0 '
Received from ('fd00::200:0:0:6', 8765, 0, 0): b' 1654,6,2,768,0,8,4,2,6,1,2,-52,0,597,7768,4,100,4,0,0 '
Received from ('fd00::200:0:0:c', 8765, 0, 0): b' 1655,12,8,1024,0,285,5,15,7,1,3,-52,1,844,10788,66,100,1,1,5 '
Received from ('fd00::200:0:0:11', 8765, 0, 0): b' 1655,17,12,1280,0,327,5,6,7,1,2,-70,0,392,5817,88,100,1,0,0 '
Received from ('fd00::200:0:0:5', 8765, 0, 0): b' 1655,5,1,512,0,322,7,1,6,1,1,-94,0,750,12014,110,100,2,0,0 '
Received from ('fd00::200:0:0:8', 8765, 0, 0): b' 1656,8,4,768,0,341,5,16,7,1,2,-52,1,1742,19701,105,100,2,0,0 '
Received from ('fd00::200:0:0:2', 8765, 0, 0): b' 1657,2,1,512,0,307,7,1,6,2,1,-88,9,731,10671,110,100,1,0,0 '
Received from ('fd00::200:0:0:7', 8765, 0, 0): b' 1657,7,4,768,0,333,5,12,7,1,2,-70,1,1287,16366,105,100,2,0,0 '
Received from ('fd00::200:0:0:3', 8765, 0, 0): b' 1657,3,1,512,0,329,7,2,7,1,2,-64,1,652,13410,106,100,1,0,0 '
Received from ('fd00::200:0:0:b', 8765, 0, 0): b' 1657,11,7,1024,0,385,3,10,7,1,1,-52,0,533,6527,102,100,1,0,0 '
Received from ('fd00::200:0:0:5', 8765, 0, 0): b' 1661,5,1,512,0,324,7,1,6,1,1,-94,0,643,8008,111,100,1,0,0 '
Received from ('fd00::200:0:0:8', 8765, 0, 0): b' 1662,8,4,768,10,343,5,17,7,1,2,-52,1,910,10182,105,100,2,0,0 '
Received from ('fd00::200:0:0:1', 5678, 0, 0): b' 1662,1,0,256,0,12,0,0,4,0,0,0,10,1874,23756,1851,100,2,0,0 '
Received from ('fd00::200:0:0:4', 8765, 0, 0): b' 1662,4,1,512,10,299,7,2,7,1,1,-66,8,2749,26682,111,100,2,0,0 '
Received from ('fd00::200:0:0:6', 8765, 0, 0): b' 1662,6,2,768,0,8,4,2,6,1,2,-52,0,619,8256,5,100,3,0,0 '
Received from ('fd00::200:0:0:11', 8765, 0, 0): b' 1661,17,12,1280,0,329,5,6,7,1,2,-70,0,579,6747,89,100,1,0,0 '
Received from ('fd00::200:0:0:c', 8765, 0, 0): b' 1665,12,8,1024,0,290,5,15,7,1,3,-52,1,1617,13983,67,100,2,1,5 '
Received from ('fd00::200:0:0:3', 8765, 0, 0): b' 1665,3,1,512,0,332,7,2,7,1,2,-64,1,771,10689,107,100,3,0,0 '
Received from ('fd00::200:0:0:2', 8765, 0, 0): b' 1665,2,1,512,0,312,7,1,6,2,1,-88,9,1301,14182,111,100,3,0,0 '
Received from ('fd00::200:0:0:7', 8765, 0, 0): b' 1665,7,4,768,0,335,5,12,7,1,2,-70,2,1286,13503,106,100,2,0,0 '
Received from ('fd00::200:0:0:b', 8765, 0, 0): b' 1665,11,7,1024,0,387,3,10,7,1,1,-52,1,850,10219,103,100,2,0,0 '
Received from ('fd00::200:0:0:1', 5678, 0, 0): b' 1667,1,0,256,0,12,0,0,4,0,0,0,10,1036,12512,1854,100,1,0,0 '
Received from ('fd00::200:0:0:11', 8765, 0, 0): b' 1667,17,12,1280,0,329,5,6,7,1,2,-70,0,382,5564,89,100,2,0,0 '
Received from ('fd00::200:0:0:6', 8765, 0, 0): b' 1668,6,2,768,0,10,4,2,6,1,2,-52,0,583,5508,5,100,3,0,0 '
Received from ('fd00::200:0:0:3', 8765, 0, 0): b' 1669,3,1,512,0,334,7,2,7,1,2,-64,1,401,7684,107,100,0,0,0 '
Received from ('fd00::200:0:0:e', 8765, 0, 0): b' 1656,14,11,1408,40,340,5,4,7,0,2,-70,0,2455,14627,98,100,3,0,0 '
Received from ('fd00::200:0:0:2', 8765, 0, 0): b' 1670,2,1,512,0,314,7,1,6,2,1,-88,9,731,10625,111,100,1,0,0 '
Received from ('fd00::200:0:0:b', 8765, 0, 0): b' 1670,11,7,1024,10,389,3,11,7,1,1,-52,1,897,8682,103,100,2,0,0 '
Received from ('fd00::200:0:0:7', 8765, 0, 0): b' 1671,7,4,768,0,338,5,13,7,1,2,-70,2,1394,11090,106,100,3,0,0 '
Received from ('fd00::200:0:0:e', 8765, 0, 0): b' 1665,14,11,1408,70,344,6,4,7,0,2,-70,0,1220,10707,99,100,3,0,0 '
Received from ('fd00::200:0:0:e', 8765, 0, 0): b' 1670,14,11,1280,40,345,6,4,7,1,2,-70,0,682,5337,99,100,1,0,0 '
Received from ('fd00::200:0:0:8', 8765, 0, 0): b' 1672,8,4,768,10,345,5,17,7,1,2,-52,1,1387,16123,106,100,2,0,0 '
Received from ('fd00::200:0:0:c', 8765, 0, 0): b' 1672,12,8,1024,10,292,5,15,7,1,3,-52,1,909,10119,67,100,3,1,5 '
Received from ('fd00::200:0:0:5', 8765, 0, 0): b' 1673,5,1,512,0,329,7,1,6,1,1,-94,0,1050,14258,112,100,4,0,0 '
Received from ('fd00::200:0:0:1', 5678, 0, 0): b' 1673,1,0,256,0,12,0,0,4,0,0,0,10,1306,16515,1859,100,1,0,0 '
Received from ('fd00::200:0:0:4', 8765, 0, 0): b' 1674,4,1,512,0,304,7,2,7,1,1,-66,8,4120,29832,111,100,4,0,0 '
Received from ('fd00::200:0:0:11', 8765, 0, 0): b' 1674,17,12,1280,0,329,5,6,7,1,2,-70,0,407,6695,90,100,1,0,0 '
Received from ('fd00::200:0:0:6', 8765, 0, 0): b' 1676,6,2,768,0,12,4,2,6,1,2,-52,0,602,6597,5,100,4,0,0 '
Received from ('fd00::200:0:0:7', 8765, 0, 0): b' 1675,7,4,768,0,340,5,13,7,1,2,-70,2,767,6675,106,100,1,0,0 '
Received from ('fd00::200:0:0:b', 8765, 0, 0): b' 1675,11,7,1024,0,390,3,11,7,1,1,-52,1,1070,7919,103,100,2,0,0 '
Received from ('fd00::200:0:0:3', 8765, 0, 0): b' 1677,3,1,512,10,338,7,2,7,1,2,-64,1,951,12030,108,100,3,0,0 '
Received from ('fd00::200:0:0:2', 8765, 0, 0): b' 1679,2,1,512,10,316,7,1,6,2,1,-88,9,942,15311,112,100,1,0,0 '
Received from ('fd00::200:0:0:e', 8765, 0, 0): b' 1675,14,11,1280,0,348,6,4,7,1,2,-70,0,697,6528,99,100,2,0,0 '
Received from ('fd00::200:0:0:7', 8765, 0, 0): b' 1679,7,4,768,0,341,5,13,7,1,2,-70,2,1226,8642,107,100,1,0,0 '
Received from ('fd00::200:0:0:6', 8765, 0, 0): b' 1681,6,2,768,0,13,4,2,6,1,2,-52,0,412,4405,6,100,2,0,0 '
Received from ('fd00::200:0:0:8', 8765, 0, 0): b' 1680,8,4,768,0,349,5,17,7,1,2,-52,2,1369,13507,106,100,2,0,0 '
Received from ('fd00::200:0:0:b', 8765, 0, 0): b' 1680,11,7,1024,0,392,3,11,7,1,1,-52,1,941,8431,104,100,2,0,0 '
Received from ('fd00::200:0:0:c', 8765, 0, 0): b' 1680,12,8,1024,0,296,5,16,7,1,3,-52,2,1277,11183,68,100,4,1,5 '
Received from ('fd00::200:0:0:1', 5678, 0, 0): b' 1681,1,0,256,0,12,0,0,4,0,0,0,10,1794,21164,1866,100,2,0,0 '
Received from ('fd00::200:0:0:4', 8765, 0, 0): b' 1683,4,1,512,0,309,7,2,7,1,1,-66,9,3378,23093,112,100,3,0,0 '
Received from ('fd00::200:0:0:5', 8765, 0, 0): b' 1683,5,1,512,0,332,7,1,6,1,1,-94,0,941,13123,112,100,3,0,0 '
Received from ('fd00::200:0:0:11', 8765, 0, 0): b' 1684,17,12,1280,0,332,5,6,7,1,2,-70,1,1050,10711,90,100,2,0,0 '
Received from ('fd00::200:0:0:6', 8765, 0, 0): b' 1685,6,2,768,0,13,4,2,6,1,2,-52,0,352,4007,6,100,2,0,0 '
Received from ('fd00::200:0:0:7', 8765, 0, 0): b' 1685,7,4,768,10,343,5,13,7,1,2,-70,3,815,8631,107,100,2,0,0 '
Received from ('fd00::200:0:0:8', 8765, 0, 0): b' 1685,8,4,768,0,351,5,17,7,1,2,-52,2,1136,9920,107,100,2,0,0 '
Received from ('fd00::200:0:0:c', 8765, 0, 0): b' 1686,12,8,1024,0,298,5,16,7,1,3,-52,2,796,8402,68,100,1,1,5 '
Received from ('fd00::200:0:0:b', 8765, 0, 0): b' 1686,11,7,1024,0,396,3,11,7,1,1,-52,1,851,11576,104,100,1,0,0 '
Received from ('fd00::200:0:0:3', 8765, 0, 0): b' 1686,3,1,512,10,344,7,2,7,1,2,-64,1,1066,15406,108,100,3,0,0 '
Received from ('fd00::200:0:0:2', 8765, 0, 0): b' 1688,2,1,512,0,318,7,1,6,2,1,-88,9,1156,16681,113,100,2,0,0 '
Received from ('fd00::200:0:0:e', 8765, 0, 0): b' 1687,14,11,1280,0,352,6,4,7,1,2,-70,0,1088,11780,100,100,3,0,0 '
Received from ('fd00::200:0:0:c', 8765, 0, 0): b' 1690,12,8,1024,0,299,5,16,7,1,3,-52,2,567,5485,68,100,2,1,5 '
Received from ('fd00::200:0:0:5', 8765, 0, 0): b' 1690,5,1,512,10,337,7,1,6,1,1,-94,0,916,9418,113,100,2,0,0 '
Received from ('fd00::200:0:0:1', 5678, 0, 0): b' 1691,1,0,256,0,12,0,0,4,0,0,0,10,1866,25380,1874,100,1,0,0 '
Received from ('fd00::200:0:0:6', 8765, 0, 0): b' 1692,6,2,768,0,13,4,2,6,1,2,-52,0,456,7107,7,100,2,0,0 '
Received from ('fd00::200:0:0:b', 8765, 0, 0): b' 1692,11,7,1024,10,399,3,11,7,1,1,-52,1,874,8532,104,100,2,0,0 '
Received from ('fd00::200:0:0:4', 8765, 0, 0): b' 1692,4,1,512,10,312,7,2,7,1,1,-66,10,2968,25737,113,100,2,0,0 '
Received from ('fd00::200:0:0:e', 8765, 0, 0): b' 1694,14,11,1280,0,355,6,4,7,1,2,-70,0,659,6127,101,100,2,0,0 '
Received from ('fd00::200:0:0:7', 8765, 0, 0): b' 1693,7,4,768,0,346,5,13,7,1,2,-70,5,2594,20178,108,100,3,0,0 '
Received from ('fd00::200:0:0:8', 8765, 0, 0): b' 1693,8,4,768,10,355,5,17,7,1,2,-52,2,1562,17236,107,100,4,0,0 '
Received from ('fd00::200:0:0:11', 8765, 0, 0): b' 1695,17,12,1280,0,337,5,6,7,1,2,-70,1,1498,12773,91,100,4,0,0 '
Received from ('fd00::200:0:0:6', 8765, 0, 0): b' 1697,6,2,768,0,13,4,2,6,1,2,-52,0,255,4256,7,100,1,0,0 '
Received from ('fd00::200:0:0:c', 8765, 0, 0): b' 1697,12,8,1024,10,303,5,16,7,1,3,-52,2,924,9012,69,100,2,1,5 '
Received from ('fd00::200:0:0:1', 5678, 0, 0): b' 1697,1,0,256,0,12,0,0,4,0,0,0,10,1118,13445,1877,100,1,0,0 '
Received from ('fd00::200:0:0:4', 8765, 0, 0): b' 1697,4,1,512,0,314,7,2,7,1,1,-66,10,1767,11681,113,100,1,0,0 '
Received from ('fd00::200:0:0:3', 8765, 0, 0): b' 1697,3,1,512,0,350,7,2,7,1,2,-64,1,1166,17295,109,100,3,0,0 '
Received from ('fd00::200:0:0:5', 8765, 0, 0): b' 1698,5,1,512,0,338,7,1,6,1,1,-94,2,733,9214,113,100,2,0,0 '
Received from ('fd00::200:0:0:2', 8765, 0, 0): b' 1700,2,1,512,0,322,7,1,6,2,1,-88,9,1425,21017,113,100,3,0,0 '
Received from ('fd00::200:0:0:8', 8765, 0, 0): b' 1699,8,4,768,0,356,5,17,7,1,2,-52,2,900,9518,108,100,1,0,0 '
Received from ('fd00::200:0:0:11', 8765, 0, 0): b' 1701,17,12,1280,0,338,5,6,7,1,2,-70,1,472,5740,91,100,2,0,0 '
Received from ('fd00::200:0:0:3', 8765, 0, 0): b' 1702,3,1,512,0,350,7,2,7,1,2,-64,1,261,6146,109,100,1,0,0 '
Received from ('fd00::200:0:0:1', 5678, 0, 0): b' 1702,1,0,256,0,12,0,0,4,0,0,0,10,875,13367,1880,100,1,0,0 '
Received from ('fd00::200:0:0:b', 8765, 0, 0): b' 1702,11,7,1024,10,403,3,11,7,1,1,-52,1,1270,16877,105,100,3,0,0 '
Received from ('fd00::200:0:0:c', 8765, 0, 0): b' 1703,12,8,1024,10,306,5,16,7,1,3,-52,2,1072,9736,69,100,1,1,5 '
Received from ('fd00::200:0:0:e', 8765, 0, 0): b' 1704,14,11,1280,0,357,6,4,7,1,2,-70,0,645,10027,101,100,2,0,0 '
Received from ('fd00::200:0:0:6', 8765, 0, 0): b' 1704,6,2,768,10,14,4,2,6,1,2,-52,0,598,7739,7,100,4,0,0 '
Received from ('fd00::200:0:0:7', 8765, 0, 0): b' 1704,7,4,768,0,350,5,13,7,1,2,-70,5,1475,16190,108,100,3,0,0 '
Received from ('fd00::200:0:0:5', 8765, 0, 0): b' 1705,5,1,512,0,339,7,1,6,1,1,-94,2,586,9067,114,100,2,0,0 '
Received from ('fd00::200:0:0:11', 8765, 0, 0): b' 1706,17,12,1280,0,341,5,6,7,1,2,-70,1,688,5586,92,100,2,0,0 '
Received from ('fd00::200:0:0:3', 8765, 0, 0): b' 1706,3,1,512,0,353,7,2,7,1,2,-64,1,655,7403,110,100,1,0,0 '
Received from ('fd00::200:0:0:4', 8765, 0, 0): b' 1706,4,1,512,10,316,7,2,7,1,1,-66,10,2372,21846,113,100,3,0,0 '
Received from ('fd00::200:0:0:7', 8765, 0, 0): b' 1708,7,4,768,20,353,5,13,7,1,2,-70,5,825,7278,109,100,1,0,0 '
Received from ('fd00::200:0:0:b', 8765, 0, 0): b' 1708,11,7,1024,0,404,3,11,7,1,1,-52,1,942,10776,106,100,2,0,0 '
Received from ('fd00::200:0:0:f', 8765, 0, 0): b' 1675,15,7,1408,100,317,7,15,7,0,3,-95,5,1629,19741,99,100,3,0,0 '
Received from ('fd00::200:0:0:f', 8765, 0, 0): b' 1684,15,7,1408,90,322,7,15,7,0,3,-95,5,1248,19102,100,100,2,0,0 '
Received from ('fd00::200:0:0:2', 8765, 0, 0): b' 1710,2,1,512,0,326,7,1,6,2,1,-88,9,1452,20733,114,100,2,0,0 '
Received from ('fd00::200:0:0:1', 5678, 0, 0): b' 1711,1,0,256,0,12,0,0,4,0,0,0,10,2201,24647,1889,100,2,0,0 '
Received from ('fd00::200:0:0:f', 8765, 0, 0): b' 1690,15,7,1408,80,326,7,15,7,0,3,-95,5,1481,12237,100,100,2,0,0 '
Received from ('fd00::200:0:0:3', 8765, 0, 0): b' 1711,3,1,512,0,357,7,2,7,1,2,-64,1,608,8051,110,100,1,0,0 '
Received from ('fd00::200:0:0:8', 8765, 0, 0): b' 1710,8,4,768,10,360,5,18,7,1,2,-52,2,1672,17416,108,100,4,0,0 '
Received from ('fd00::200:0:0:5', 8765, 0, 0): b' 1712,5,1,512,0,344,7,1,6,1,1,-94,2,812,8955,114,100,2,0,0 '
Received from ('fd00::200:0:0:f', 8765, 0, 0): b' 1698,15,7,1408,100,327,7,15,7,0,3,-95,5,1314,15909,101,100,2,0,0 '
Received from ('fd00::200:0:0:11', 8765, 0, 0): b' 1711,17,12,1280,0,343,5,6,7,1,2,-70,1,521,5304,92,100,2,0,0 '
Received from ('fd00::200:0:0:f', 8765, 0, 0): b' 1705,15,7,1408,90,331,7,15,7,0,3,-95,5,1396,15977,101,100,2,0,0 '
Received from ('fd00::200:0:0:7', 8765, 0, 0): b' 1712,7,4,768,10,354,5,13,7,1,2,-70,5,2007,11562,109,100,1,0,0 '
Received from ('fd00::200:0:0:f', 8765, 0, 0): b' 1711,15,7,1058,60,332,7,15,7,1,3,-95,5,1602,14030,102,100,2,0,0 '
Received from ('fd00::200:0:0:6', 8765, 0, 0): b' 1714,6,2,768,10,15,4,2,6,1,2,-52,0,582,9366,8,100,3,0,0 '
Received from ('fd00::200:0:0:c', 8765, 0, 0): b' 1714,12,8,1024,0,311,5,16,7,1,3,-52,2,1593,15353,70,100,4,1,5 '
Received from ('fd00::200:0:0:13', 8765, 0, 0): b' 1711,19,15,1664,0,346,5,4,7,1,1,-52,0,365,3927,101,100,2,0,0 '
Received from ('fd00::200:0:0:12', 8765, 0, 0): b' 1711,18,15,1664,0,354,3,4,5,1,1,-70,2,1021,10813,100,100,2,0,0 '
Received from ('fd00::200:0:0:14', 8765, 0, 0): b' 1713,20,15,1664,0,315,6,6,7,1,2,-70,1,387,8343,92,100,2,0,0 '
Received from ('fd00::200:0:0:5', 8765, 0, 0): b' 1716,5,1,512,0,347,7,1,6,1,1,-94,2,673,6230,115,100,2,0,0 '
Received from ('fd00::200:0:0:4', 8765, 0, 0): b' 1716,4,1,512,40,318,7,2,7,1,1,-66,10,4554,28015,114,100,3,0,0 '
Received from ('fd00::200:0:0:e', 8765, 0, 0): b' 1715,14,11,1280,0,361,6,4,7,1,2,-70,0,904,10469,102,100,4,0,0 '
Received from ('fd00::200:0:0:12', 8765, 0, 0): b' 1716,18,15,1664,0,354,3,4,5,1,1,-70,2,288,4968,100,100,1,0,0 '
Received from ('fd00::200:0:0:b', 8765, 0, 0): b' 1716,11,7,1024,0,406,3,11,7,1,1,-52,1,819,11216,106,100,2,0,0 '
Received from ('fd00::200:0:0:14', 8765, 0, 0): b' 1717,20,15,1664,0,316,6,6,7,1,2,-70,1,518,5954,93,100,1,0,0 '
Received from ('fd00::200:0:0:3', 8765, 0, 0): b' 1719,3,1,512,0,362,7,2,7,1,2,-64,1,933,12269,110,100,3,0,0 '
Received from ('fd00::200:0:0:11', 8765, 0, 0): b' 1718,17,12,1280,10,344,5,6,7,1,2,-70,1,420,6140,93,100,1,0,0 '
Received from ('fd00::200:0:0:2', 8765, 0, 0): b' 1721,2,1,512,0,331,7,1,6,2,1,-88,9,2243,20310,115,100,2,0,0 '
Received from ('fd00::200:0:0:f', 8765, 0, 0): b' 1720,15,7,1024,0,337,7,15,7,1,3,-95,4,2733,20456,102,100,2,0,0 '
Received from ('fd00::200:0:0:5', 8765, 0, 0): b' 1721,5,1,512,0,347,7,1,6,1,1,-94,2,259,5657,115,100,1,0,0 '
Received from ('fd00::200:0:0:8', 8765, 0, 0): b' 1720,8,4,768,0,364,5,18,7,1,2,-52,4,2107,17973,109,100,3,0,0 '
Received from ('fd00::200:0:0:13', 8765, 0, 0): b' 1722,19,15,1664,0,348,5,4,7,1,1,-52,0,725,10684,102,100,2,0,0 '
Received from ('fd00::200:0:0:1', 5678, 0, 0): b' 1722,1,0,256,0,12,0,0,4,0,0,0,10,2648,29224,1901,100,2,0,0 '
Received from ('fd00::200:0:0:c', 8765, 0, 0): b' 1720,12,8,1024,0,313,5,16,7,1,3,-52,2,934,11094,71,100,2,1,5 '
Received from ('fd00::200:0:0:7', 8765, 0, 0): b' 1724,7,4,768,10,358,5,13,7,1,2,-70,5,3664,26074,110,100,3,0,0 '
Received from ('fd00::200:0:0:3', 8765, 0, 0): b' 1725,3,1,512,0,365,7,2,7,1,2,-64,1,680,9595,111,100,1,0,0 '
Received from ('fd00::200:0:0:14', 8765, 0, 0): b' 1725,20,15,1664,0,319,6,6,7,1,2,-70,1,606,9425,93,100,1,0,0 '
Received from ('fd00::200:0:0:6', 8765, 0, 0): b' 1726,6,2,768,0,17,4,2,6,1,2,-52,0,1131,11276,9,100,4,0,0 '
Received from ('fd00::200:0:0:4', 8765, 0, 0): b' 1726,4,1,512,50,322,7,2,7,1,1,-66,10,4023,26508,115,100,3,0,0 '
Received from ('fd00::200:0:0:1', 5678, 0, 0): b' 1726,1,0,256,0,12,0,0,4,0,0,0,10,1023,10883,1906,100,1,0,0 '
Received from ('fd00::200:0:0:b', 8765, 0, 0): b' 1724,11,7,1024,0,410,3,11,7,1,1,-52,1,1228,14875,107,100,3,0,0 '
Received from ('fd00::200:0:0:f', 8765, 0, 0): b' 1725,15,7,1024,0,340,7,15,7,1,3,-95,4,1424,12952,103,100,2,0,0 '
Received from ('fd00::200:0:0:8', 8765, 0, 0): b' 1725,8,4,768,0,366,5,18,7,1,2,-52,4,732,8402,109,100,2,0,0 '
Received from ('fd00::200:0:0:e', 8765, 0, 0): b' 1725,14,11,1280,0,366,6,4,7,1,2,-70,0,1041,11247,103,100,3,0,0 '
Received from ('fd00::200:0:0:12', 8765, 0, 0): b' 1727,18,15,1664,0,359,3,4,5,1,1,-70,2,1022,10809,101,100,2,0,0 '
Received from ('fd00::200:0:0:c', 8765, 0, 0): b' 1725,12,8,1024,20,314,5,16,7,1,3,-52,2,481,5839,71,100,1,1,5 '
Received from ('fd00::200:0:0:11', 8765, 0, 0): b' 1725,17,12,1280,0,344,5,6,7,1,2,-70,1,506,7947,93,100,1,0,0 '
Received from ('fd00::200:0:0:2', 8765, 0, 0): b' 1730,2,1,512,0,334,7,1,6,2,1,-88,9,1568,17882,115,100,1,0,0 '
Received from ('fd00::200:0:0:11', 8765, 0, 0): b' 1729,17,12,1280,0,346,5,6,7,1,2,-70,1,553,4185,93,100,2,0,0 '
Received from ('fd00::200:0:0:f', 8765, 0, 0): b' 1730,15,7,1024,10,342,7,15,7,1,3,-95,4,1036,11033,103,100,1,0,0 '
Received from ('fd00::200:0:0:b', 8765, 0, 0): b' 1730,11,7,1024,10,411,3,11,7,1,1,-52,1,667,8254,107,100,1,0,0 '
Received from ('fd00::200:0:0:5', 8765, 0, 0): b' 1731,5,1,512,0,353,7,1,6,1,1,-94,2,1139,13025,116,100,3,0,0 '
Received from ('fd00::200:0:0:6', 8765, 0, 0): b' 1731,6,2,768,0,18,4,2,6,1,2,-52,0,490,5236,9,100,2,0,0 '
Received from ('fd00::200:0:0:7', 8765, 0, 0): b' 1730,7,4,768,10,360,5,13,7,1,2,-70,5,2148,14488,110,100,2,0,0 '
Received from ('fd00::200:0:0:14', 8765, 0, 0): b' 1731,20,15,1664,10,321,6,6,7,1,2,-70,1,549,7616,94,100,2,0,0 '
Received from ('fd00::200:0:0:13', 8765, 0, 0): b' 1732,19,15,1664,0,352,5,4,7,1,1,-52,0,854,10050,102,100,3,0,0 '
Received from ('fd00::200:0:0:d', 8765, 0, 0): b' 1707,13,8,1152,80,4,4,6,5,0,2,-70,1,958,7650,0,100,7,0,0 '
Received from ('fd00::200:0:0:e', 8765, 0, 0): b' 1732,14,11,1280,0,367,6,4,7,1,2,-70,0,395,6346,103,100,1,0,0 '
Received from ('fd00::200:0:0:1', 5678, 0, 0): b' 1734,1,0,256,0,12,0,0,4,0,0,0,10,1592,19718,1912,100,1,0,0 '
Received from ('fd00::200:0:0:d', 8765, 0, 0): b' 1715,13,8,1152,100,5,4,6,6,0,2,-70,1,768,6583,1,100,4,0,0 '
Received from ('fd00::200:0:0:3', 8765, 0, 0): b' 1736,3,1,512,0,369,7,2,7,1,2,-64,1,850,14769,111,100,3,0,0 '
Received from ('fd00::200:0:0:d', 8765, 0, 0): b' 1722,13,8,1152,80,6,4,6,6,0,2,-70,1,882,6659,1,100,4,0,0 '
Received from ('fd00::200:0:0:15', 8765, 0, 0): b' 1691,21,17,1664,70,325,4,7,5,0,2,-52,0,1080,8159,86,100,4,0,0 '
Received from ('fd00::200:0:0:12', 8765, 0, 0): b' 1735,18,15,1664,0,361,3,4,5,1,1,-70,2,526,7781,101,100,1,0,0 '
Received from ('fd00::200:0:0:6', 8765, 0, 0): b' 1736,6,2,768,0,18,4,2,6,1,2,-52,0,352,4620,9,100,2,0,0 '
Received from ('fd00::200:0:0:5', 8765, 0, 0): b' 1737,5,1,512,10,355,7,1,6,1,1,-94,2,392,7067,116,100,1,0,0 '
Received from ('fd00::200:0:0:4', 8765, 0, 0): b' 1737,4,1,512,90,324,7,2,7,1,1,-66,10,4883,30594,116,100,2,0,0 '
Received from ('fd00::200:0:0:15', 8765, 0, 0): b' 1703,21,17,1664,80,328,4,7,5,0,2,-52,0,443,4087,86,100,1,0,0 '
Received from ('fd00::200:0:0:15', 8765, 0, 0): b' 1709,21,17,1664,70,329,4,7,5,0,2,-52,0,336,5161,87,100,2,0,0 '
Received from ('fd00::200:0:0:d', 8765, 0, 0): b' 1736,13,8,1024,0,9,4,6,6,1,2,-70,1,1395,8519,2,100,3,0,0 '
Received from ('fd00::200:0:0:2', 8765, 0, 0): b' 1740,2,1,512,0,335,7,1,6,2,1,-88,9,1133,18170,116,100,2,0,0 '
Received from ('fd00::200:0:0:e', 8765, 0, 0): b' 1736,14,11,1280,10,367,6,4,7,1,2,-70,0,262,4002,104,100,1,0,0 '
Received from ('fd00::200:0:0:c', 8765, 0, 0): b' 1736,12,8,1024,10,317,5,16,7,1,3,-52,2,2508,17060,72,100,3,1,5 '
Received from ('fd00::200:0:0:15', 8765, 0, 0): b' 1726,21,17,1664,90,332,4,7,5,0,2,-52,0,474,6502,88,100,1,0,0 '
Received from ('fd00::200:0:0:1', 5678, 0, 0): b' 1741,1,0,256,0,12,0,0,4,0,0,0,10,1626,18485,1922,100,2,0,0 '
Received from ('fd00::200:0:0:f', 8765, 0, 0): b' 1738,15,7,1024,10,343,7,15,7,1,3,-95,3,1947,19784,104,100,2,0,0 '
Received from ('fd00::200:0:0:15', 8765, 0, 0): b' 1732,21,17,1664,80,334,4,7,5,0,2,-52,0,401,5287,88,100,2,0,0 '
Received from ('fd00::200:0:0:13', 8765, 0, 0): b' 1740,19,15,1664,0,355,5,4,7,1,1,-52,0,688,8485,103,100,1,0,0 '
Received from ('fd00::200:0:0:11', 8765, 0, 0): b' 1740,17,12,1280,0,347,5,6,7,1,2,-70,1,1606,11016,94,100,1,0,0 '
Received from ('fd00::200:0:0:4', 8765, 0, 0): b' 1744,4,1,512,100,325,7,2,7,1,1,-66,10,3176,20026,116,100,1,0,0 '
Received from ('fd00::200:0:0:14', 8765, 0, 0): b' 1741,20,15,1664,0,325,6,6,7,1,2,-70,0,963,13434,94,100,2,0,0 '
Received from ('fd00::200:0:0:8', 8765, 0, 0): b' 1742,8,4,768,10,373,5,18,7,2,2,-52,4,2174,10766,111,100,2,0,0 '
Received from ('fd00::200:0:0:15', 8765, 0, 0): b' 1741,21,17,1536,0,337,4,7,5,1,2,-52,0,1725,11439,89,100,3,0,0 '
Received from ('fd00::200:0:0:7', 8765, 0, 0): b' 1743,7,4,768,0,366,5,13,7,1,2,-70,5,2057,14226,111,100,1,0,0 '
Received from ('fd00::200:0:0:e', 8765, 0, 0): b' 1742,14,11,1280,0,370,6,4,7,1,2,-70,0,790,6365,104,100,1,0,0 '
Received from ('fd00::200:0:0:f', 8765, 0, 0): b' 1742,15,7,1024,0,345,7,15,7,1,3,-95,3,1119,10846,104,100,1,0,0 '
Received from ('fd00::200:0:0:1', 5678, 0, 0): b' 1746,1,0,256,0,12,0,0,4,0,0,0,10,1076,13241,1928,100,0,0,0 '
Received from ('fd00::200:0:0:13', 8765, 0, 0): b' 1745,19,15,1664,10,358,5,4,7,1,1,-52,0,583,5272,103,100,1,0,0 '
Received from ('fd00::200:0:0:3', 8765, 0, 0): b' 1748,3,1,512,0,371,7,2,7,1,2,-64,1,742,16928,112,100,2,0,0 '
Received from ('fd00::200:0:0:b', 8765, 0, 0): b' 1744,11,7,1024,0,415,3,11,7,1,1,-52,1,1208,13691,108,100,1,0,0 '
Received from ('fd00::200:0:0:12', 8765, 0, 0): b' 1747,18,15,1664,0,363,3,4,5,1,1,-70,2,725,10646,102,100,2,0,0 '
Received from ('fd00::200:0:0:6', 8765, 0, 0): b' 1748,6,2,768,0,18,4,2,6,1,2,-52,0,504,10878,10,100,2,0,0 '
Received from ('fd00::200:0:0:d', 8765, 0, 0): b' 1746,13,8,1024,0,10,4,6,6,1,2,-70,1,1085,10230,3,100,5,0,0 '
Received from ('fd00::200:0:0:5', 8765, 0, 0): b' 1749,5,1,512,0,357,7,1,6,1,1,-94,2,849,14367,117,100,2,0,0 '
Received from ('fd00::200:0:0:2', 8765, 0, 0): b' 1750,2,1,512,0,338,7,1,6,1,1,-88,9,1180,16835,117,100,3,0,0 '
Received from ('fd00::200:0:0:11', 8765, 0, 0): b' 1746,17,12,1280,0,347,5,6,7,1,2,-70,1,666,9002,95,100,1,0,0 '
Received from ('fd00::200:0:0:13', 8765, 0, 0): b' 1748,19,15,1664,10,360,5,4,7,1,1,-52,0,527,4560,104,100,2,0,0 '
Received from ('fd00::200:0:0:14', 8765, 0, 0): b' 1749,20,15,1664,0,327,6,6,7,1,2,-70,0,677,10962,95,100,2,0,0 '
Received from ('fd00::200:0:0:f', 8765, 0, 0): b' 1750,15,7,1024,10,347,7,15,7,1,3,-95,3,1936,18713,104,100,1,0,0 '
Received from ('fd00::200:0:0:3', 8765, 0, 0): b' 1753,3,1,512,0,372,7,2,7,1,2,-64,1,442,8312,113,100,1,0,0 '
Received from ('fd00::200:0:0:1', 5678, 0, 0): b' 1753,1,0,256,0,12,0,0,4,0,0,0,10,1584,15565,1937,100,2,0,0 '
Received from ('fd00::200:0:0:7', 8765, 0, 0): b' 1752,7,4,768,0,367,5,13,7,1,2,-70,5,2372,19518,111,100,1,0,0 '
Received from ('fd00::200:0:0:6', 8765, 0, 0): b' 1753,6,2,768,0,18,4,2,6,1,2,-52,0,505,5597,11,100,2,0,0 '
Received from ('fd00::200:0:0:4', 8765, 0, 0): b' 1755,4,1,512,90,328,7,2,7,2,1,-66,10,4726,33610,117,100,2,0,0 '
Received from ('fd00::200:0:0:8', 8765, 0, 0): b' 1754,8,4,768,0,378,5,18,7,2,2,-52,4,2357,22668,111,100,3,0,0 '
Received from ('fd00::200:0:0:11', 8765, 0, 0): b' 1752,17,12,1280,10,351,5,6,7,1,2,-70,1,940,7554,95,100,2,0,0 '
Received from ('fd00::200:0:0:e', 8765, 0, 0): b' 1751,14,11,1280,10,372,6,4,7,1,2,-70,0,729,9687,105,100,2,0,0 '
Received from ('fd00::200:0:0:15', 8765, 0, 0): b' 1751,21,17,1536,20,342,4,7,5,1,2,-52,0,910,10973,90,100,3,0,0 '
Received from ('fd00::200:0:0:10', 8765, 0, 0): b' 1716,16,13,1536,90,342,8,13,7,0,4,-70,0,401,4751,92,100,2,0,0 '
Received from ('fd00::200:0:0:d', 8765, 0, 0): b' 1756,13,8,1024,20,11,4,6,6,1,2,-70,1,1390,11218,4,100,4,0,0 '
Received from ('fd00::200:0:0:10', 8765, 0, 0): b' 1727,16,13,1536,100,344,8,13,7,0,4,-70,0,517,10911,93,100,2,0,0 '
Received from ('fd00::200:0:0:12', 8765, 0, 0): b' 1756,18,15,1664,0,368,3,4,5,1,1,-70,2,1023,9894,103,100,2,0,0 '
Received from ('fd00::200:0:0:10', 8765, 0, 0): b' 1734,16,13,1536,70,346,8,13,7,0,4,-70,0,353,5511,93,100,2,0,0 '
Received from ('fd00::200:0:0:10', 8765, 0, 0): b' 1741,16,13,1408,80,348,8,13,7,0,4,-70,0,490,6239,93,100,1,0,0 '
Received from ('fd00::200:0:0:b', 8765, 0, 0): b' 1755,11,7,1024,0,418,3,11,7,1,1,-52,1,1653,18738,109,100,3,0,0 '
Received from ('fd00::200:0:0:1', 5678, 0, 0): b' 1757,1,0,256,0,12,0,0,4,0,0,0,10,1296,12459,1943,100,1,0,0 '
Received from ('fd00::200:0:0:2', 8765, 0, 0): b' 1758,2,1,512,0,342,7,1,6,1,1,-88,9,1485,15669,117,100,2,0,0 '
Received from ('fd00::200:0:0:7', 8765, 0, 0): b' 1757,7,4,768,0,369,5,13,7,1,2,-70,5,1598,11660,112,100,2,0,0 '
Received from ('fd00::200:0:0:10', 8765, 0, 0): b' 1745,16,13,1408,90,349,8,13,7,0,4,-70,0,359,3934,94,100,1,0,0 '
Received from ('fd00::200:0:0:10', 8765, 0, 0): b' 1754,16,13,1280,80,351,8,13,7,1,4,-70,0,752,8267,94,100,3,0,0 '
Received from ('fd00::200:0:0:5', 8765, 0, 0): b' 1758,5,1,512,10,360,7,1,6,1,1,-94,1,800,11399,117,100,3,0,0 '
Received from ('fd00::200:0:0:14', 8765, 0, 0): b' 1757,20,15,1664,0,327,6,6,7,1,2,-70,0,366,9608,96,100,1,0,0 '
Received from ('fd00::200:0:0:11', 8765, 0, 0): b' 1758,17,12,1280,10,353,5,6,7,1,2,-70,1,877,6758,95,100,2,0,0 '
Received from ('fd00::200:0:0:13', 8765, 0, 0): b' 1758,19,15,1664,0,365,5,4,7,1,1,-52,0,991,10220,104,100,2,0,0 '
Received from ('fd00::200:0:0:15', 8765, 0, 0): b' 1757,21,17,1536,10,346,4,7,5,1,2,-52,0,816,6439,90,100,2,0,0 '
Received from ('fd00::200:0:0:e', 8765, 0, 0): b' 1759,14,11,1280,0,375,6,4,7,1,2,-70,0,855,7858,105,100,2,0,0 '
Received from ('fd00::200:0:0:f', 8765, 0, 0): b' 1761,15,7,1024,0,352,7,15,7,1,3,-95,3,2382,21194,105,100,3,0,0 '
Received from ('fd00::200:0:0:3', 8765, 0, 0): b' 1762,3,1,512,0,376,7,2,7,1,2,-64,1,753,13747,113,100,2,0,0 '
Received from ('fd00::200:0:0:8', 8765, 0, 0): b' 1762,8,4,768,0,383,5,18,7,2,2,-52,4,3515,21118,112,100,3,0,0 '
Received from ('fd00::200:0:0:c', 8765, 0, 0): b' 1762,12,8,1024,0,324,5,16,7,1,3,-52,2,1734,14728,73,100,4,1,5 '
Received from ('fd00::200:0:0:7', 8765, 0, 0): b' 1762,7,4,768,20,373,5,14,7,1,2,-70,5,1603,11309,112,100,2,0,0 '
Received from ('fd00::200:0:0:10', 8765, 0, 0): b' 1762,16,13,1280,0,354,8,13,7,1,4,-70,0,1410,9887,95,100,2,0,0 '
Received from ('fd00::200:0:0:2', 8765, 0, 0): b' 1762,2,1,512,0,345,7,1,6,1,1,-88,9,902,8757,118,100,2,0,0 '
Received from ('fd00::200:0:0:14', 8765, 0, 0): b' 1761,20,15,1280,0,329,6,6,7,1,2,-70,0,469,4981,96,100,2,0,0 '
Received from ('fd00::200:0:0:4', 8765, 0, 0): b' 1764,4,1,512,30,334,7,2,7,2,1,-66,10,6290,32451,117,100,3,0,0 '
Received from ('fd00::200:0:0:11', 8765, 0, 0): b' 1762,17,12,1280,10,355,5,6,7,1,2,-70,1,908,6383,96,100,1,0,0 '
Received from ('fd00::200:0:0:5', 8765, 0, 0): b' 1763,5,1,512,0,363,7,1,6,1,1,-94,1,675,7293,118,100,2,0,0 '
Received from ('fd00::200:0:0:1', 5678, 0, 0): b' 1764,1,0,256,0,12,0,0,4,0,0,0,10,1729,17951,1951,100,1,0,0 '
Received from ('fd00::200:0:0:d', 8765, 0, 0): b' 1764,13,8,1024,0,11,4,6,7,1,2,-70,1,1734,11953,4,100,3,0,0 '
Received from ('fd00::200:0:0:6', 8765, 0, 0): b' 1764,6,2,768,0,19,4,2,6,1,2,-52,0,527,9722,11,100,3,0,0 '
Received from ('fd00::200:0:0:15', 8765, 0, 0): b' 1762,21,17,1536,0,347,4,7,5,1,2,-52,0,393,4408,90,100,1,0,0 '
Received from ('fd00::200:0:0:12', 8765, 0, 0): b' 1764,18,15,1280,0,371,3,4,5,1,1,-70,2,729,7958,103,100,2,0,0 '
Received from ('fd00::200:0:0:b', 8765, 0, 0): b' 1764,11,7,1024,0,420,3,11,7,1,1,-52,1,843,12329,109,100,2,0,0 '
Received from ('fd00::200:0:0:e', 8765, 0, 0): b' 1764,14,11,1280,0,377,6,4,7,1,2,-70,0,373,4049,105,100,1,0,0 '
Received from ('fd00::200:0:0:f', 8765, 0, 0): b' 1767,15,7,1024,0,356,7,15,7,1,3,-95,3,1568,12398,106,100,2,0,0 '
Received from ('fd00::200:0:0:1', 5678, 0, 0): b' 1768,1,0,256,0,12,0,0,4,0,0,0,10,1045,11111,1958,100,1,0,0 '
Received from ('fd00::200:0:0:2', 8765, 0, 0): b' 1768,2,1,512,0,349,7,1,6,1,1,-88,9,1246,11139,118,100,2,0,0 '
Received from ('fd00::200:0:0:5', 8765, 0, 0): b' 1768,5,1,512,0,364,7,1,6,1,1,-94,1,269,5951,118,100,0,0,0 '
Received from ('fd00::200:0:0:8', 8765, 0, 0): b' 1770,8,4,768,0,388,5,18,7,2,2,-52,4,2092,16425,112,100,3,0,0 '
Received from ('fd00::200:0:0:10', 8765, 0, 0): b' 1771,16,13,1280,0,356,8,13,7,1,4,-70,0,616,7583,95,100,3,0,0 '
Received from ('fd00::200:0:0:7', 8765, 0, 0): b' 1770,7,4,768,10,376,5,14,7,1,2,-70,5,2492,18555,113,100,3,0,0 '
Received from ('fd00::200:0:0:3', 8765, 0, 0): b' 1771,3,1,512,0,379,7,2,7,1,2,-64,1,795,13838,114,100,3,0,0 '
Received from ('fd00::200:0:0:13', 8765, 0, 0): b' 1769,19,15,1280,0,368,5,4,7,1,1,-52,0,809,10880,105,100,2,0,0 '
Received from ('fd00::200:0:0:4', 8765, 0, 0): b' 1772,4,1,512,0,337,7,2,7,2,1,-66,10,3948,27323,118,100,3,0,0 '
Received from ('fd00::200:0:0:d', 8765, 0, 0): b' 1773,13,8,1024,0,12,4,6,7,1,2,-70,1,912,11493,5,100,3,0,0 '
Received from ('fd00::200:0:0:14', 8765, 0, 0): b' 1772,20,15,1280,0,329,6,6,7,1,2,-70,0,486,12072,97,100,2,0,0 '
Received from ('fd00::200:0:0:e', 8765, 0, 0): b' 1772,14,11,1280,0,377,6,4,7,1,2,-70,0,674,7955,106,100,2,0,0 '
Received from ('fd00::200:0:0:15', 8765, 0, 0): b' 1771,21,17,1536,0,349,4,7,5,1,2,-52,0,700,9210,91,100,2,0,0 '
Received from ('fd00::200:0:0:12', 8765, 0, 0): b' 1773,18,15,1280,0,373,3,4,5,1,1,-70,2,604,8825,104,100,1,0,0 '
Received from ('fd00::200:0:0:c', 8765, 0, 0): b' 1774,12,8,1024,10,326,5,16,7,1,3,-52,2,1610,16934,74,100,3,1,5 '
Received from ('fd00::200:0:0:11', 8765, 0, 0): b' 1773,17,12,1280,0,361,5,6,7,1,2,-70,1,1838,16283,96,100,3,0,0 '
Received from ('fd00::200:0:0:1', 5678, 0, 0): b' 1774,1,0,256,0,12,0,0,4,0,0,0,10,1347,16957,1965,100,1,0,0 '
Received from ('fd00::200:0:0:6', 8765, 0, 0): b' 1775,6,2,768,0,21,4,2,6,1,2,-52,0,707,11003,12,100,4,0,0 '
Received from ('fd00::200:0:0:8', 8765, 0, 0): b' 1777,8,4,768,0,392,5,18,7,2,2,-52,4,2215,15655,113,100,2,0,0 '
Received from ('fd00::200:0:0:f', 8765, 0, 0): b' 1775,15,7,1024,0,357,7,15,7,1,3,-95,3,1469,16629,106,100,2,0,0 '
Received from ('fd00::200:0:0:b', 8765, 0, 0): b' 1776,11,7,1024,0,424,3,11,7,1,1,-52,1,1582,19208,110,100,4,0,0 '
Received from ('fd00::200:0:0:d', 8765, 0, 0): b' 1777,13,8,1024,0,13,4,6,7,1,2,-70,1,747,6089,5,100,2,0,0 '
Received from ('fd00::200:0:0:5', 8765, 0, 0): b' 1779,5,1,512,0,366,7,1,6,1,1,-94,1,735,13460,119,100,3,0,0 '
Received from ('fd00::200:0:0:4', 8765, 0, 0): b' 1779,4,1,512,0,338,7,2,7,2,1,-66,10,2931,20798,118,100,2,0,0 '
Received from ('fd00::200:0:0:13', 8765, 0, 0): b' 1777,19,15,1280,0,369,5,4,7,1,1,-52,0,498,8656,106,100,1,0,0 '
Received from ('fd00::200:0:0:1', 5678, 0, 0): b' 1779,1,0,256,0,12,0,0,4,0,0,0,10,934,11974,1971,100,1,0,0 '
Received from ('fd00::200:0:0:15', 8765, 0, 0): b' 1779,21,17,1536,0,350,4,7,5,1,2,-52,0,448,6351,92,100,1,0,0 '
Received from ('fd00::200:0:0:2', 8765, 0, 0): b' 1780,2,1,512,0,352,7,1,6,1,1,-88,9,1492,21471,119,100,3,0,0 '
Received from ('fd00::200:0:0:7', 8765, 0, 0): b' 1780,7,4,768,0,379,5,16,7,1,2,-70,5,2468,20724,113,100,5,0,0 '
Received from ('fd00::200:0:0:10', 8765, 0, 0): b' 1780,16,13,1280,10,358,8,13,7,1,4,-70,0,580,9506,96,100,1,0,0 '
Received from ('fd00::200:0:0:12', 8765, 0, 0): b' 1779,18,15,1280,0,374,3,4,5,1,1,-70,2,490,6542,104,100,2,0,0 '
Received from ('fd00::200:0:0:3', 8765, 0, 0): b' 1780,3,1,512,10,381,7,2,7,1,2,-64,1,638,15134,114,100,3,0,0 '
Received from ('fd00::200:0:0:b', 8765, 0, 0): b' 1781,11,7,1024,0,428,3,11,7,1,1,-52,1,798,8011,110,100,2,0,0 '
Received from ('fd00::200:0:0:11', 8765, 0, 0): b' 1782,17,12,1280,0,363,5,6,7,1,2,-70,1,962,11074,97,100,2,0,0 '
Received from ('fd00::200:0:0:e', 8765, 0, 0): b' 1782,14,11,1280,0,381,6,4,7,1,2,-70,0,859,9821,106,100,2,0,0 '
Received from ('fd00::200:0:0:8', 8765, 0, 0): b' 1784,8,4,768,0,396,5,18,7,2,2,-52,4,1875,15442,113,100,2,0,0 '
Received from ('fd00::200:0:0:f', 8765, 0, 0): b' 1782,15,7,1024,0,358,7,15,7,1,3,-95,3,1429,13711,107,100,3,0,0 '
Received from ('fd00::200:0:0:c', 8765, 0, 0): b' 1783,12,8,1024,0,330,5,16,7,1,3,-52,2,1700,14359,75,100,3,1,5 '
Received from ('fd00::200:0:0:14', 8765, 0, 0): b' 1783,20,15,1280,0,330,6,6,7,1,2,-70,0,562,13311,97,100,2,0,0 '
Received from ('fd00::200:0:0:4', 8765, 0, 0): b' 1784,4,1,512,10,341,7,2,7,2,1,-66,10,3697,18923,119,100,2,0,0 '
Received from ('fd00::200:0:0:10', 8765, 0, 0): b' 1785,16,13,1280,0,359,8,13,7,1,4,-70,0,388,4663,96,100,2,0,0 '
Received from ('fd00::200:0:0:6', 8765, 0, 0): b' 1784,6,2,768,0,23,4,2,6,1,2,-52,0,887,9267,13,100,2,0,0 '
Received from ('fd00::200:0:0:13', 8765, 0, 0): b' 1784,19,15,1280,10,371,5,4,7,1,1,-52,0,369,5057,106,100,1,0,0 '
Received from ('fd00::200:0:0:5', 8765, 0, 0): b' 1785,5,1,512,0,367,7,1,6,1,1,-94,1,488,8379,119,100,2,0,0 '
Received from ('fd00::200:0:0:7', 8765, 0, 0): b' 1787,7,4,768,0,380,5,16,7,1,2,-70,5,2222,16610,114,100,1,0,0 '
Received from ('fd00::200:0:0:1', 5678, 0, 0): b' 1787,1,0,256,0,12,0,0,4,0,0,0,10,1988,22013,1981,100,1,0,0 '
Received from ('fd00::200:0:0:d', 8765, 0, 0): b' 1788,13,8,1024,0,13,4,6,7,1,2,-70,1,985,13559,6,100,2,0,0 '
Received from ('fd00::200:0:0:f', 8765, 0, 0): b' 1790,15,7,1024,10,360,7,15,7,1,3,-95,3,1327,12110,107,100,1,0,0 '
Received from ('fd00::200:0:0:11', 8765, 0, 0): b' 1788,17,12,1280,0,364,5,6,7,1,2,-70,1,654,8274,97,100,2,0,0 '
Received from ('fd00::200:0:0:14', 8765, 0, 0): b' 1789,20,15,1280,0,332,6,6,7,1,2,-70,0,556,7084,98,100,1,0,0 '
Received from ('fd00::200:0:0:3', 8765, 0, 0): b' 1789,3,1,512,0,385,7,2,7,1,2,-64,1,927,14045,115,100,3,0,0 '
Received from ('fd00::200:0:0:b', 8765, 0, 0): b' 1790,11,7,1024,0,433,3,11,7,1,1,-52,1,1414,13796,111,100,2,0,0 '
Received from ('fd00::200:0:0:13', 8765, 0, 0): b' 1790,19,15,1280,0,371,5,4,7,1,1,-52,0,395,5256,106,100,1,0,0 '
Received from ('fd00::200:0:0:2', 8765, 0, 0): b' 1790,2,1,512,0,357,7,1,6,1,1,-88,9,1746,20144,120,100,3,0,0 '
Received from ('fd00::200:0:0:15', 8765, 0, 0): b' 1790,21,17,1536,0,353,4,7,5,1,2,-52,0,769,10750,92,100,3,0,0 '
Received from ('fd00::200:0:0:6', 8765, 0, 0): b' 1790,6,2,768,10,23,4,2,6,1,2,-52,0,585,6028,13,100,3,0,0 '
Received from ('fd00::200:0:0:12', 8765, 0, 0): b' 1791,18,15,1280,10,377,3,4,5,1,1,-70,2,808,10375,105,100,2,0,0 '
Received from ('fd00::200:0:0:5', 8765, 0, 0): b' 1792,5,1,512,0,369,7,1,6,1,1,-94,1,572,7647,120,100,1,0,0 '
Received from ('fd00::200:0:0:8', 8765, 0, 0): b' 1794,8,4,768,0,399,5,18,7,2,2,-52,4,2220,20291,114,100,2,0,0 '
Received from ('fd00::200:0:0:e', 8765, 0, 0): b' 1793,14,11,1280,0,382,6,4,7,1,2,-70,0,762,10429,107,100,2,0,0 '
Received from ('fd00::200:0:0:4', 8765, 0, 0): b' 1793,4,1,512,10,343,7,2,7,2,1,-66,10,4076,28810,119,100,2,0,0 '
Received from ('fd00::200:0:0:d', 8765, 0, 0): b' 1794,13,8,1024,0,13,4,6,7,1,2,-70,1,697,8592,6,100,2,0,0 '
Received from ('fd00::200:0:0:c', 8765, 0, 0): b' 1795,12,8,1024,10,333,5,16,7,1,3,-52,2,1399,14171,76,100,3,1,5 '
Received from ('fd00::200:0:0:14', 8765, 0, 0): b' 1796,20,15,1280,0,335,6,6,7,1,2,-70,0,606,8312,98,100,1,0,0 '
Received from ('fd00::200:0:0:10', 8765, 0, 0): b' 1797,16,13,1280,0,366,8,13,7,1,4,-70,0,1260,12265,97,100,2,0,0 '
Received from ('fd00::200:0:0:11', 8765, 0, 0): b' 1797,17,12,1280,0,365,5,6,7,1,2,-70,1,915,11214,98,100,1,0,0 '
Received from ('fd00::200:0:0:7', 8765, 0, 0): b' 1798,7,4,768,0,382,5,16,7,1,2,-70,5,2608,22866,114,100,2,0,0 '
Received from ('fd00::200:0:0:3', 8765, 0, 0): b' 1797,3,1,512,0,390,7,2,7,1,2,-64,1,912,12361,116,100,2,0,0 '
Received from ('fd00::200:0:0:13', 8765, 0, 0): b' 1798,19,15,1280,0,371,5,4,7,1,1,-52,0,463,7450,107,100,2,0,0 '
Received from ('fd00::200:0:0:b', 8765, 0, 0): b' 1798,11,7,1024,0,436,3,11,7,1,1,-52,1,985,13291,111,100,1,0,0 '
Received from ('fd00::200:0:0:1', 5678, 0, 0): b' 1799,1,0,256,0,12,0,0,4,0,0,0,10,2666,31149,1996,100,2,0,0 '
Received from ('fd00::200:0:0:f', 8765, 0, 0): b' 1799,15,7,1024,0,363,7,15,7,1,3,-95,3,2322,19706,108,100,3,0,0 '
Received from ('fd00::200:0:0:2', 8765, 0, 0): b' 1800,2,1,512,0,363,7,1,6,1,1,-88,9,1729,17921,120,100,3,0,0 '
Received from ('fd00::200:0:0:15', 8765, 0, 0): b' 1799,21,17,1536,10,357,4,7,5,1,2,-52,0,784,8539,93,100,2,0,0 '
Received from ('fd00::200:0:0:5', 8765, 0, 0): b' 1800,5,1,512,0,370,7,1,6,1,1,-94,1,438,10881,120,100,1,0,0 '
Received from ('fd00::200:0:0:e', 8765, 0, 0): b' 1799,14,11,1280,0,383,6,4,7,1,2,-70,0,516,6590,108,100,1,0,0 '
Received from ('fd00::200:0:0:4', 8765, 0, 0): b' 1801,4,1,512,0,345,7,2,7,2,1,-66,10,3487,23831,120,100,2,0,0 '
Received from ('fd00::200:0:0:8', 8765, 0, 0): b' 1802,8,4,768,10,401,5,18,7,2,2,-52,4,1821,17481,114,100,2,0,0 '
Received from ('fd00::200:0:0:6', 8765, 0, 0): b' 1802,6,2,768,0,24,4,2,6,1,2,-52,0,608,11049,14,100,3,0,0 '
Received from ('fd00::200:0:0:12', 8765, 0, 0): b' 1802,18,15,1280,0,379,3,4,5,1,1,-70,2,727,10475,106,100,2,0,0 '
Received from ('fd00::200:0:0:c', 8765, 0, 0): b' 1804,12,8,1024,0,335,5,16,7,1,3,-52,2,1085,11623,76,100,2,1,5 '
Received from ('fd00::200:0:0:d', 8765, 0, 0): b' 1804,13,8,1024,0,13,4,6,7,1,2,-70,1,988,12428,7,100,3,0,0 '
Received from ('fd00::200:0:0:e', 8765, 0, 0): b' 1803,14,11,1280,0,384,6,4,7,1,2,-70,0,369,4099,108,100,1,0,0 '
Received from ('fd00::200:0:0:10', 8765, 0, 0): b' 1806,16,13,1280,0,368,8,13,7,1,4,-70,0,679,8782,98,100,2,0,0 '
Received from ('fd00::200:0:0:b', 8765, 0, 0): b' 1806,11,7,1024,0,437,3,11,7,1,1,-52,1,1159,13233,112,100,3,0,0 '
Received from ('fd00::200:0:0:4', 8765, 0, 0): b' 1807,4,1,512,0,347,7,2,7,2,1,-66,10,2320,15944,120,100,1,0,0 '
Received from ('fd00::200:0:0:14', 8765, 0, 0): b' 1807,20,15,1280,10,337,6,6,7,1,2,-70,0,700,12321,99,100,2,0,0 '
Received from ('fd00::200:0:0:3', 8765, 0, 0): b' 1806,3,1,512,10,392,7,2,7,1,2,-64,1,512,13034,116,100,2,0,0 '
Received from ('fd00::200:0:0:7', 8765, 0, 0): b' 1807,7,4,768,0,386,5,16,7,1,2,-70,5,2819,21008,115,100,1,0,0 '
Received from ('fd00::200:0:0:1', 5678, 0, 0): b' 1807,1,0,256,0,12,0,0,4,0,0,0,10,1940,20932,2004,100,2,0,0 '
Received from ('fd00::200:0:0:c', 8765, 0, 0): b' 1808,12,8,1024,0,336,5,16,7,1,3,-52,2,519,5745,76,100,1,1,5 '
Received from ('fd00::200:0:0:15', 8765, 0, 0): b' 1807,21,17,1536,0,358,4,7,5,1,2,-52,0,524,6986,93,100,1,0,0 '
Received from ('fd00::200:0:0:12', 8765, 0, 0): b' 1808,18,15,1280,0,379,3,4,5,1,1,-70,2,190,4365,106,100,0,0,0 '
Received from ('fd00::200:0:0:f', 8765, 0, 0): b' 1809,15,7,1024,0,367,7,15,7,1,3,-95,3,2003,19347,108,100,1,0,0 '
Received from ('fd00::200:0:0:11', 8765, 0, 0): b' 1808,17,12,1280,0,365,5,6,7,1,2,-70,1,1014,14125,99,100,2,0,0 '
Received from ('fd00::200:0:0:13', 8765, 0, 0): b' 1809,19,15,1280,10,374,5,4,7,1,1,-52,0,808,10570,108,100,2,0,0 '
Received from ('fd00::200:0:0:8', 8765, 0, 0): b' 1809,8,4,768,0,401,5,18,7,2,2,-52,4,2090,17805,115,100,2,0,0 '
Received from ('fd00::200:0:0:6', 8765, 0, 0): b' 1811,6,2,768,0,24,4,2,6,1,2,-52,0,331,7920,14,100,1,0,0 '
Received from ('fd00::200:0:0:5', 8765, 0, 0): b' 1810,5,1,512,0,373,7,1,6,1,1,-94,1,825,12555,121,100,2,0,0 '
Received from ('fd00::200:0:0:14', 8765, 0, 0): b' 1811,20,15,1280,10,339,6,6,7,1,2,-70,0,477,5214,99,100,1,0,0 '
Received from ('fd00::200:0:0:2', 8765, 0, 0): b' 1810,2,1,512,10,368,7,1,6,1,1,-88,9,1918,21769,121,100,2,0,0 '
Received from ('fd00::200:0:0:12', 8765, 0, 0): b' 1812,18,15,1280,0,380,3,4,5,1,1,-70,2,522,5213,107,100,2,0,0 '
Received from ('fd00::200:0:0:d', 8765, 0, 0): b' 1813,13,8,1024,0,13,4,6,7,1,2,-70,1,819,11165,7,100,2,0,0 '
Received from ('fd00::200:0:0:e', 8765, 0, 0): b' 1814,14,11,1280,20,387,6,4,7,1,2,-70,0,525,8941,109,100,1,0,0 '
Received from ('fd00::200:0:0:1', 5678, 0, 0): b' 1815,1,0,256,0,12,0,0,4,0,0,0,10,1786,21091,2015,100,1,0,0 '
Received from ('fd00::200:0:0:3', 8765, 0, 0): b' 1815,3,1,512,0,393,7,2,7,1,2,-64,1,622,13027,117,100,1,0,0 '
Received from ('fd00::200:0:0:b', 8765, 0, 0): b' 1814,11,7,1024,0,439,3,11,7,1,1,-52,1,999,14413,113,100,1,0,0 '
Received from ('fd00::200:0:0:f', 8765, 0, 0): b' 1815,15,7,1024,0,367,7,15,7,1,3,-95,3,1419,13566,109,100,2,0,0 '
Received from ('fd00::200:0:0:10', 8765, 0, 0): b' 1816,16,13,1280,20,372,8,13,7,1,4,-70,0,746,9787,98,100,3,0,0 '
Received from ('fd00::200:0:0:c', 8765, 0, 0): b' 1817,12,8,1024,0,340,5,16,7,1,3,-52,2,1432,12432,77,100,2,1,5 '
Received from ('fd00::200:0:0:8', 8765, 0, 0): b' 1816,8,4,768,0,405,5,18,7,2,2,-52,4,1549,13723,115,100,1,0,0 '
Received from ('fd00::200:0:0:7', 8765, 0, 0): b' 1816,7,4,768,0,388,5,16,7,1,2,-70,5,2981,22248,116,100,2,0,0 '
Received from ('fd00::200:0:0:11', 8765, 0, 0): b' 1816,17,12,1280,0,366,5,6,7,1,2,-70,1,776,10323,99,100,2,0,0 '
Received from ('fd00::200:0:0:4', 8765, 0, 0): b' 1817,4,1,512,0,350,7,2,7,2,1,-66,10,5816,37005,121,100,2,0,0 '
Received from ('fd00::200:0:0:13', 8765, 0, 0): b' 1818,19,15,1280,0,378,5,4,7,1,1,-52,0,758,9568,108,100,2,0,0 '
Received from ('fd00::200:0:0:12', 8765, 0, 0): b' 1818,18,15,1280,0,382,3,4,5,1,1,-70,2,500,5965,107,100,1,0,0 '
Received from ('fd00::200:0:0:14', 8765, 0, 0): b' 1820,20,15,1280,0,344,6,6,7,1,2,-70,0,1046,13039,100,100,2,0,0 '
Received from ('fd00::200:0:0:6', 8765, 0, 0): b' 1820,6,2,768,10,24,4,2,6,1,2,-52,0,457,8832,15,100,2,0,0 '
Received from ('fd00::200:0:0:2', 8765, 0, 0): b' 1822,2,1,512,0,371,7,1,6,1,1,-88,9,1549,18818,122,100,2,0,0 '
Received from ('fd00::200:0:0:8', 8765, 0, 0): b' 1821,8,4,768,10,408,5,18,7,2,2,-52,4,1199,10588,116,100,1,0,0 '
Received from ('fd00::200:0:0:10', 8765, 0, 0): b' 1822,16,13,1280,10,373,8,13,7,1,4,-70,0,599,6054,99,100,1,0,0 '
Received from ('fd00::200:0:0:5', 8765, 0, 0): b' 1822,5,1,512,0,380,7,1,6,1,1,-94,1,1247,14302,122,100,3,0,0 '
Received from ('fd00::200:0:0:d', 8765, 0, 0): b' 1823,13,8,1024,0,13,4,6,7,1,2,-70,1,1237,12610,8,100,3,0,0 '
Received from ('fd00::200:0:0:1', 5678, 0, 0): b' 1825,1,0,256,0,12,0,0,4,0,0,0,10,1940,24445,2023,100,2,0,0 '
Received from ('fd00::200:0:0:4', 8765, 0, 0): b' 1825,4,1,512,10,352,7,2,7,2,1,-66,10,2154,18021,121,100,2,0,0 '
Received from ('fd00::200:0:0:e', 8765, 0, 0): b' 1824,14,11,1280,0,388,6,4,7,1,2,-70,0,720,10514,109,100,2,0,0 '
Received from ('fd00::200:0:0:3', 8765, 0, 0): b' 1826,3,1,512,0,394,7,2,7,1,2,-64,1,429,15714,117,100,2,0,0 '
Received from ('fd00::200:0:0:12', 8765, 0, 0): b' 1826,18,15,1280,0,385,3,4,5,1,1,-70,2,631,7331,107,100,1,0,0 '
Received from ('fd00::200:0:0:b', 8765, 0, 0): b' 1826,11,7,1024,0,443,3,11,7,1,1,-52,1,1263,17145,113,100,2,0,0 '
Received from ('fd00::200:0:0:f', 8765, 0, 0): b' 1828,15,7,1024,0,370,7,16,7,1,3,-95,3,2667,23964,110,100,3,0,0 '
Received from ('fd00::200:0:0:d', 8765, 0, 0): b' 1828,13,8,1024,0,14,4,6,7,1,2,-70,1,661,6380,8,100,1,0,0 '
Received from ('fd00::200:0:0:7', 8765, 0, 0): b' 1828,7,4,768,0,392,5,16,7,1,2,-70,5,2597,22298,116,100,2,0,0 '
Received from ('fd00::200:0:0:2', 8765, 0, 0): b' 1829,2,1,512,10,374,7,1,6,1,1,-88,9,975,12846,122,100,2,0,0 '
Received from ('fd00::200:0:0:14', 8765, 0, 0): b' 1828,20,15,1280,10,348,6,6,7,1,2,-70,0,786,9407,100,100,1,0,0 '
Received from ('fd00::200:0:0:1', 5678, 0, 0): b' 1830,1,0,256,0,12,0,0,4,0,0,0,10,1335,14492,2032,100,1,0,0 '
Received from ('fd00::200:0:0:8', 8765, 0, 0): b' 1830,8,4,768,0,412,5,18,7,2,2,-52,4,1470,16045,116,100,2,0,0 '
Received from ('fd00::200:0:0:13', 8765, 0, 0): b' 1830,19,15,1280,0,379,5,4,7,1,1,-52,0,715,10850,109,100,3,0,0 '
Received from ('fd00::200:0:0:6', 8765, 0, 0): b' 1831,6,2,768,0,25,4,2,6,1,2,-52,0,608,10121,16,100,3,0,0 '
Received from ('fd00::200:0:0:10', 8765, 0, 0): b' 1832,16,13,1280,0,375,8,13,7,1,4,-70,0,764,10105,99,100,2,0,0 '
Received from ('fd00::200:0:0:e', 8765, 0, 0): b' 1832,14,11,1280,0,389,6,4,7,1,2,-70,0,571,6955,110,100,2,0,0 '
Received from ('fd00::200:0:0:f', 8765, 0, 0): b' 1834,15,7,1024,0,372,7,16,7,1,3,-95,3,1242,11942,110,100,1,0,0 '
Received from ('fd00::200:0:0:5', 8765, 0, 0): b' 1834,5,1,512,0,381,7,1,6,1,1,-94,1,561,14386,122,100,2,0,0 '
Received from ('fd00::200:0:0:12', 8765, 0, 0): b' 1835,18,15,1280,0,387,3,4,5,1,1,-70,2,580,7781,108,100,1,0,0 '
Received from ('fd00::200:0:0:14', 8765, 0, 0): b' 1836,20,15,1280,0,349,6,6,7,1,2,-70,0,474,8607,101,100,1,0,0 '
Received from ('fd00::200:0:0:3', 8765, 0, 0): b' 1835,3,1,512,0,400,7,2,7,1,2,-64,1,1247,15024,118,100,3,0,0 '
Received from ('fd00::200:0:0:4', 8765, 0, 0): b' 1836,4,1,512,0,357,7,2,7,2,1,-66,10,5372,36434,122,100,2,0,0 '
Received from ('fd00::200:0:0:b', 8765, 0, 0): b' 1837,11,7,1024,0,446,3,11,7,1,1,-52,1,1428,17624,114,100,4,0,0 '
Received from ('fd00::200:0:0:d', 8765, 0, 0): b' 1837,13,8,1024,0,14,4,6,7,1,2,-70,3,1539,14312,9,100,3,0,0 '
Received from ('fd00::200:0:0:7', 8765, 0, 0): b' 1839,7,4,768,0,395,5,16,7,1,2,-70,5,2878,23884,117,100,2,0,0 '
Received from ('fd00::200:0:0:8', 8765, 0, 0): b' 1839,8,4,768,0,416,5,18,7,2,2,-52,5,1572,17959,117,100,2,0,0 '
Received from ('fd00::200:0:0:1', 5678, 0, 0): b' 1839,1,0,256,0,12,0,0,4,0,0,0,10,1842,23762,2038,100,1,0,0 '
Received from ('fd00::200:0:0:6', 8765, 0, 0): b' 1840,6,2,768,0,26,4,2,6,1,2,-52,0,831,8240,16,100,2,0,0 '
Received from ('fd00::200:0:0:f', 8765, 0, 0): b' 1840,15,7,1024,10,373,7,16,7,1,3,-95,3,1274,13190,110,100,1,0,0 '
Received from ('fd00::200:0:0:2', 8765, 0, 0): b' 1840,2,1,512,0,376,7,1,6,1,1,-88,9,1608,21851,123,100,2,0,0 '
Received from ('fd00::200:0:0:e', 8765, 0, 0): b' 1840,14,11,1280,0,392,6,4,7,1,2,-70,0,631,8244,110,100,1,0,0 '
Received from ('fd00::200:0:0:10', 8765, 0, 0): b' 1839,16,13,1280,0,376,8,13,7,1,4,-70,0,571,8617,100,100,2,0,0 '
Received from ('fd00::200:0:0:12', 8765, 0, 0): b' 1841,18,15,1280,0,388,3,4,5,1,1,-70,2,490,5975,108,100,2,0,0 '
Received from ('fd00::200:0:0:11', 8765, 0, 0): b' 1823,17,13,1408,0,367,6,6,7,0,3,-52,1,1125,9407,100,100,1,0,0 '
Received from ('fd00::200:0:0:11', 8765, 0, 0): b' 1829,17,13,1408,80,369,7,6,7,0,3,-52,1,1180,8944,100,100,2,0,0 '
Received from ('fd00::200:0:0:13', 8765, 0, 0): b' 1843,19,15,1280,10,385,5,4,7,1,1,-52,0,1151,12322,110,100,2,0,0 '
Received from ('fd00::200:0:0:11', 8765, 0, 0): b' 1839,17,13,1408,90,374,7,6,7,1,3,-52,1,1891,15065,101,100,3,0,0 '
Received from ('fd00::200:0:0:3', 8765, 0, 0): b' 1843,3,1,512,0,401,7,2,7,1,2,-64,1,491,11616,119,100,1,0,0 '
Received from ('fd00::200:0:0:7', 8765, 0, 0): b' 1843,7,4,768,0,396,5,16,7,1,2,-70,5,1376,9803,117,100,1,0,0 '
Received from ('fd00::200:0:0:15', 8765, 0, 0): b' 1839,21,17,1664,0,367,5,7,5,1,2,-52,0,448,5624,96,100,1,0,0 '
Received from ('fd00::200:0:0:5', 8765, 0, 0): b' 1844,5,1,512,0,385,7,1,6,1,1,-94,1,956,13648,123,100,2,0,0 '
Received from ('fd00::200:0:0:b', 8765, 0, 0): b' 1844,11,7,1024,20,449,3,11,7,1,1,-52,1,932,10175,114,100,1,0,0 '
Received from ('fd00::200:0:0:2', 8765, 0, 0): b' 1844,2,1,512,0,378,7,1,6,1,1,-88,9,891,9414,123,100,1,0,0 '
Received from ('fd00::200:0:0:4', 8765, 0, 0): b' 1845,4,1,512,0,361,7,2,7,2,1,-66,10,4613,30066,123,100,1,0,0 '
Received from ('fd00::200:0:0:10', 8765, 0, 0): b' 1845,16,13,1280,0,377,8,13,7,1,4,-70,0,394,5619,100,100,1,0,0 '
Received from ('fd00::200:0:0:14', 8765, 0, 0): b' 1847,20,15,1280,0,351,6,6,7,1,2,-70,0,861,13142,102,100,2,0,0 '
Received from ('fd00::200:0:0:11', 8765, 0, 0): b' 1845,17,13,1280,0,376,7,6,7,1,3,-52,1,1174,8834,101,100,2,0,0 '
Received from ('fd00::200:0:0:6', 8765, 0, 0): b' 1847,6,2,768,0,26,4,2,6,1,2,-52,0,467,6978,17,100,1,0,0 '
Received from ('fd00::200:0:0:3', 8765, 0, 0): b' 1847,3,1,512,0,403,7,2,7,1,2,-64,1,474,6270,119,100,1,0,0 '
Received from ('fd00::200:0:0:f', 8765, 0, 0): b' 1848,15,7,1024,0,375,7,16,7,1,3,-95,3,1838,15999,111,100,2,0,0 '
Received from ('fd00::200:0:0:d', 8765, 0, 0): b' 1848,13,8,1024,0,14,4,6,7,1,2,-70,3,2418,18416,10,100,2,0,0 '
Received from ('fd00::200:0:0:15', 8765, 0, 0): b' 1848,21,17,1536,0,367,5,7,5,1,2,-52,0,476,7750,96,100,2,0,0 '
Received from ('fd00::200:0:0:e', 8765, 0, 0): b' 1849,14,11,1280,0,393,6,4,7,1,2,-70,0,570,8210,111,100,2,0,0 '
Received from ('fd00::200:0:0:8', 8765, 0, 0): b' 1850,8,4,768,0,417,5,18,7,2,2,-52,5,2554,22594,118,100,2,0,0 '
Received from ('fd00::200:0:0:2', 8765, 0, 0): b' 1849,2,1,512,0,378,7,1,6,1,1,-88,9,594,8550,123,100,1,0,0 '
Received from ('fd00::200:0:0:1', 5678, 0, 0): b' 1851,1,0,256,0,12,0,0,4,0,0,0,10,2917,30621,2055,100,2,0,0 '
Received from ('fd00::200:0:0:4', 8765, 0, 0): b' 1850,4,1,512,10,361,7,2,7,2,1,-66,10,2149,15494,123,100,1,0,0 '
Received from ('fd00::200:0:0:7', 8765, 0, 0): b' 1852,7,4,768,0,397,5,16,7,1,2,-70,5,1915,17206,118,100,1,0,0 '
Received from ('fd00::200:0:0:10', 8765, 0, 0): b' 1850,16,13,1280,0,379,8,13,7,1,4,-70,0,533,4919,101,100,1,0,0 '
Received from ('fd00::200:0:0:12', 8765, 0, 0): b' 1852,18,15,1280,0,391,3,4,5,1,1,-70,2,735,10148,109,100,1,0,0 '
Received from ('fd00::200:0:0:11', 8765, 0, 0): b' 1852,17,13,1280,10,378,7,6,7,1,3,-52,1,820,7266,102,100,2,0,0 '
Received from ('fd00::200:0:0:14', 8765, 0, 0): b' 1853,20,15,1280,10,353,6,6,7,1,2,-70,0,394,5738,102,100,1,0,0 '
Received from ('fd00::200:0:0:f', 8765, 0, 0): b' 1854,15,7,1024,0,378,7,16,7,1,3,-95,3,1405,12150,111,100,1,0,0 '
Received from ('fd00::200:0:0:5', 8765, 0, 0): b' 1853,5,1,512,10,388,7,1,6,1,1,-94,1,764,11001,124,100,2,0,0 '
Received from ('fd00::200:0:0:13', 8765, 0, 0): b' 1854,19,15,1280,0,388,5,4,7,1,1,-52,0,942,11723,111,100,2,0,0 '
Received from ('fd00::200:0:0:8', 8765, 0, 0): b' 1854,8,4,768,0,417,5,18,7,2,2,-52,5,806,8463,118,100,1,0,0 '
Received from ('fd00::200:0:0:b', 8765, 0, 0): b' 1855,11,7,1024,0,451,3,11,7,1,1,-52,1,1129,16318,115,100,1,0,0 '
Received from ('fd00::200:0:0:6', 8765, 0, 0): b' 1855,6,2,768,0,26,4,2,6,1,2,-52,0,305,7401,17,100,1,0,0 '
Received from ('fd00::200:0:0:3', 8765, 0, 0): b' 1855,3,1,512,0,406,7,2,7,1,2,-64,1,725,12548,119,100,2,0,0 '
Received from ('fd00::200:0:0:10', 8765, 0, 0): b' 1855,16,13,1280,0,381,8,13,7,1,4,-70,0,502,5148,101,100,1,0,0 '
Received from ('fd00::200:0:0:1', 5678, 0, 0): b' 1857,1,0,256,0,12,0,0,4,0,0,0,10,1269,15392,2058,100,1,0,0 '
Received from ('fd00::200:0:0:e', 8765, 0, 0): b' 1858,14,11,1280,0,394,6,4,7,1,2,-70,0,487,7493,111,100,1,0,0 '
Received from ('fd00::200:0:0:4', 8765, 0, 0): b' 1856,4,1,512,30,362,7,2,7,2,1,-66,10,2609,17864,123,100,1,0,0 '
Received from ('fd00::200:0:0:d', 8765, 0, 0): b' 1856,13,8,1024,0,14,4,6,7,1,2,-70,3,1692,15433,10,100,2,0,0 '
Received from ('fd00::200:0:0:f', 8765, 0, 0): b' 1858,15,7,1024,0,378,7,16,7,1,3,-95,3,845,9158,112,100,1,0,0 '
Received from ('fd00::200:0:0:7', 8765, 0, 0): b' 1859,7,4,768,10,398,5,16,7,1,2,-70,5,2330,17436,119,100,2,0,0 '
Received from ('fd00::200:0:0:8', 8765, 0, 0): b' 1858,8,4,768,0,417,5,18,7,2,2,-52,5,838,9616,118,100,1,0,0 '
Received from ('fd00::200:0:0:15', 8765, 0, 0): b' 1859,21,17,1536,0,372,5,7,5,1,2,-52,0,942,11180,97,100,2,0,0 '
Received from ('fd00::200:0:0:5', 8765, 0, 0): b' 1860,5,1,512,0,393,7,1,6,1,1,-94,1,927,8750,124,100,1,0,0 '
Received from ('fd00::200:0:0:14', 8765, 0, 0): b' 1860,20,15,1280,0,354,6,6,7,1,2,-70,0,598,7089,102,100,2,0,0 '
Received from ('fd00::200:0:0:2', 8765, 0, 0): b' 1860,2,1,512,0,380,7,1,6,1,1,-88,9,1397,18712,124,100,2,0,0 '
Received from ('fd00::200:0:0:b', 8765, 0, 0): b' 1859,11,7,1024,0,452,3,11,7,1,1,-52,1,866,9881,116,100,1,0,0 '
Received from ('fd00::200:0:0:3', 8765, 0, 0): b' 1861,3,1,512,0,407,7,2,7,1,2,-64,1,466,8575,120,100,1,0,0 '
Received from ('fd00::200:0:0:11', 8765, 0, 0): b' 1860,17,13,1280,10,380,7,6,7,1,3,-52,1,927,10757,102,100,2,0,0 '
Received from ('fd00::200:0:0:f', 8765, 0, 0): b' 1862,15,7,1024,10,379,7,16,7,1,3,-95,3,800,8274,112,100,0,0,0 '
Received from ('fd00::200:0:0:13', 8765, 0, 0): b' 1862,19,15,1280,0,390,5,4,7,1,1,-52,0,525,7598,111,100,1,0,0 '
Received from ('fd00::200:0:0:12', 8765, 0, 0): b' 1863,18,15,1280,0,394,3,4,5,1,1,-70,2,906,10904,110,100,3,0,0 '
Received from ('fd00::200:0:0:e', 8765, 0, 0): b' 1862,14,11,1280,10,396,6,4,7,1,2,-70,0,449,5967,112,100,1,0,0 '
Received from ('fd00::200:0:0:d', 8765, 0, 0): b' 1863,13,8,1024,0,14,4,6,7,1,2,-70,3,1052,10940,11,100,1,0,0 '
Received from ('fd00::200:0:0:4', 8765, 0, 0): b' 1864,4,1,512,0,364,7,2,7,2,1,-66,10,4024,24288,124,100,2,0,0 '
Received from ('fd00::200:0:0:b', 8765, 0, 0): b' 1865,11,7,1024,0,454,3,11,7,1,1,-52,1,800,8874,116,100,1,0,0 '
Received from ('fd00::200:0:0:11', 8765, 0, 0): b' 1865,17,13,1280,0,383,7,6,7,1,3,-52,1,832,6581,102,100,1,0,0 '
Received from ('fd00::200:0:0:7', 8765, 0, 0): b' 1865,7,4,768,20,398,5,16,7,1,2,-70,5,1916,14618,119,100,1,0,0 '
Received from ('fd00::200:0:0:10', 8765, 0, 0): b' 1866,16,13,1280,0,384,8,13,7,1,4,-70,0,712,9931,102,100,1,0,0 '
Received from ('fd00::200:0:0:2', 8765, 0, 0): b' 1866,2,1,512,10,383,7,1,6,1,1,-88,9,889,11577,125,100,2,0,0 '
Received from ('fd00::200:0:0:15', 8765, 0, 0): b' 1866,21,17,1536,0,375,5,7,5,1,2,-52,0,728,7324,97,100,2,0,0 '
Received from ('fd00::200:0:0:6', 8765, 0, 0): b' 1867,6,2,768,0,26,4,2,6,1,2,-52,0,571,11314,18,100,2,0,0 '
Received from ('fd00::200:0:0:1', 5678, 0, 0): b' 1868,1,0,256,0,12,0,0,4,0,0,0,10,2866,30279,2073,100,3,0,0 '
Received from ('fd00::200:0:0:3', 8765, 0, 0): b' 1868,3,1,512,0,409,7,2,7,1,2,-64,1,567,10459,120,100,1,0,0 '
Received from ('fd00::200:0:0:e', 8765, 0, 0): b' 1868,14,11,1280,0,399,6,4,7,1,2,-70,0,715,6128,112,100,1,0,0 '
Received from ('fd00::200:0:0:5', 8765, 0, 0): b' 1870,5,1,512,0,396,7,1,6,1,1,-94,1,819,12163,125,100,3,0,0 '
Received from ('fd00::200:0:0:8', 8765, 0, 0): b' 1869,8,4,768,0,419,5,18,7,2,2,-52,5,2096,21492,119,100,2,0,0 '
Received from ('fd00::200:0:0:13', 8765, 0, 0): b' 1869,19,15,1280,0,393,5,4,7,1,1,-52,0,784,8461,112,100,2,0,0 '
Received from ('fd00::200:0:0:11', 8765, 0, 0): b' 1870,17,13,1280,10,387,7,6,7,1,3,-52,1,1098,7041,103,100,2,0,0 '
Received from ('fd00::200:0:0:10', 8765, 0, 0): b' 1870,16,13,1280,0,385,8,13,7,1,4,-70,0,370,4303,102,100,1,0,0 '
Received from ('fd00::200:0:0:14', 8765, 0, 0): b' 1870,20,15,1280,0,357,6,6,7,1,2,-70,0,832,11129,103,100,2,0,0 '
Received from ('fd00::200:0:0:12', 8765, 0, 0): b' 1869,18,15,1280,10,398,3,4,5,1,1,-70,2,949,8770,110,100,1,0,0 '
Received from ('fd00::200:0:0:7', 8765, 0, 0): b' 1872,7,4,768,20,401,5,16,7,1,2,-70,5,1892,14792,120,100,1,0,0 '
Received from ('fd00::200:0:0:3', 8765, 0, 0): b' 1872,3,1,512,0,409,7,2,7,1,2,-64,1,359,6866,121,100,1,0,0 '
Received from ('fd00::200:0:0:2', 8765, 0, 0): b' 1873,2,1,512,0,384,7,1,6,1,1,-88,9,986,12213,125,100,1,0,0 '
Received from ('fd00::200:0:0:b', 8765, 0, 0): b' 1871,11,7,1024,0,455,3,11,7,1,1,-52,1,683,10384,116,100,1,0,0 '
Received from ('fd00::200:0:0:f', 8765, 0, 0): b' 1872,15,7,1024,0,384,7,16,7,1,3,-95,3,2854,23314,113,100,2,0,0 '
Received from ('fd00::200:0:0:4', 8765, 0, 0): b' 1873,4,1,512,10,367,7,2,7,2,1,-66,10,4235,28716,124,100,2,0,0 '
Received from ('fd00::200:0:0:15', 8765, 0, 0): b' 1874,21,17,1536,0,379,5,7,5,1,2,-52,0,769,7799,98,100,1,0,0 '
Received from ('fd00::200:0:0:d', 8765, 0, 0): b' 1874,13,8,1024,0,15,4,6,7,1,2,-70,3,2600,20617,12,100,3,0,0 '
Received from ('fd00::200:0:0:13', 8765, 0, 0): b' 1874,19,15,1280,0,395,5,4,7,1,1,-52,0,500,5843,112,100,1,0,0 '
Received from ('fd00::200:0:0:7', 8765, 0, 0): b' 1876,7,4,768,0,401,5,16,7,1,2,-70,5,1327,9905,120,100,1,0,0 '
Received from ('fd00::200:0:0:5', 8765, 0, 0): b' 1877,5,1,512,0,398,7,1,6,1,1,-94,1,522,9678,125,100,1,0,0 '
Received from ('fd00::200:0:0:e', 8765, 0, 0): b' 1876,14,11,1280,0,400,6,4,7,1,2,-70,0,570,7735,113,100,2,0,0 '
Received from ('fd00::200:0:0:14', 8765, 0, 0): b' 1876,20,15,1280,0,358,6,6,7,1,2,-70,0,450,5839,104,100,1,0,0 '
Received from ('fd00::200:0:0:11', 8765, 0, 0): b' 1878,17,13,1280,0,388,7,6,7,1,3,-52,1,822,10843,103,100,1,0,0 '
Received from ('fd00::200:0:0:10', 8765, 0, 0): b' 1877,16,13,1280,20,387,8,13,7,1,4,-70,0,394,6483,102,100,1,0,0 '
Received from ('fd00::200:0:0:6', 8765, 0, 0): b' 1878,6,2,768,10,28,4,2,6,1,2,-52,0,905,11066,19,100,3,0,0 '
Received from ('fd00::200:0:0:1', 5678, 0, 0): b' 1879,1,0,256,0,12,0,0,4,0,0,0,10,2614,30579,2087,100,2,0,0 '
Received from ('fd00::200:0:0:8', 8765, 0, 0): b' 1878,8,4,768,0,422,5,18,7,2,2,-52,5,2064,19374,120,100,3,0,0 '
Received from ('fd00::200:0:0:12', 8765, 0, 0): b' 1878,18,15,1280,0,403,3,4,5,1,1,-70,2,1023,9206,111,100,2,0,0 '
Received from ('fd00::200:0:0:b', 8765, 0, 0): b' 1880,11,7,1024,0,457,3,11,7,1,1,-52,1,1121,13806,117,100,2,0,0 '
Received from ('fd00::200:0:0:f', 8765, 0, 0): b' 1880,15,7,1024,0,386,7,16,7,1,3,-95,3,1887,17198,113,100,2,0,0 '
Received from ('fd00::200:0:0:d', 8765, 0, 0): b' 1881,13,8,1024,0,15,4,6,7,1,2,-70,3,1305,11664,12,100,1,0,0 '
Received from ('fd00::200:0:0:7', 8765, 0, 0): b' 1882,7,4,768,0,403,5,16,7,1,2,-70,5,1593,12489,120,100,1,0,0 '
Received from ('fd00::200:0:0:2', 8765, 0, 0): b' 1883,2,1,512,10,387,7,1,6,1,1,-88,9,1194,17020,126,100,2,0,0 '
Received from ('fd00::200:0:0:3', 8765, 0, 0): b' 1882,3,1,512,10,410,7,2,7,1,2,-64,1,511,14369,121,100,2,0,0 '
Received from ('fd00::200:0:0:8', 8765, 0, 0): b' 1882,8,4,768,0,422,5,18,7,2,2,-52,5,491,7830,120,100,0,0,0 '
Received from ('fd00::200:0:0:4', 8765, 0, 0): b' 1884,4,1,512,20,369,7,2,7,2,1,-66,10,4387,31453,125,100,1,0,0 '
Received from ('fd00::200:0:0:13', 8765, 0, 0): b' 1882,19,15,1280,0,397,5,4,7,1,1,-52,0,580,7553,113,100,1,0,0 '
Received from ('fd00::200:0:0:1', 5678, 0, 0): b' 1885,1,0,256,0,12,0,0,4,0,0,0,10,1132,14636,2092,100,1,0,0 '
Received from ('fd00::200:0:0:5', 8765, 0, 0): b' 1885,5,1,512,0,399,7,1,6,1,1,-94,1,586,9709,126,100,2,0,0 '
Received from ('fd00::200:0:0:15', 8765, 0, 0): b' 1885,21,17,1536,0,383,5,7,5,1,2,-52,0,1106,11610,99,100,2,0,0 '
Received from ('fd00::200:0:0:14', 8765, 0, 0): b' 1885,20,15,1280,0,360,6,6,7,1,2,-70,0,524,8021,104,100,1,0,0 '
Received from ('fd00::200:0:0:6', 8765, 0, 0): b' 1888,6,2,768,10,28,4,2,6,1,2,-52,0,642,7784,20,100,2,0,0 '
Received from ('fd00::200:0:0:e', 8765, 0, 0): b' 1886,14,11,1280,0,401,6,4,7,1,2,-70,0,538,9090,113,100,2,0,0 '
Received from ('fd00::200:0:0:10', 8765, 0, 0): b' 1886,16,13,1280,0,391,8,14,7,1,4,-70,0,1070,10873,103,100,4,0,0 '
Received from ('fd00::200:0:0:11', 8765, 0, 0): b' 1886,17,13,1280,10,390,7,6,7,1,3,-52,1,1248,13220,104,100,2,0,0 '
Received from ('fd00::200:0:0:8', 8765, 0, 0): b' 1887,8,4,768,0,423,5,18,7,2,2,-52,5,1080,10435,120,100,1,0,0 '
Received from ('fd00::200:0:0:4', 8765, 0, 0): b' 1889,4,1,512,0,370,7,2,7,2,1,-66,10,2244,14998,125,100,1,0,0 '
Received from ('fd00::200:0:0:6', 8765, 0, 0): b' 1891,6,2,768,0,29,4,2,6,1,2,-52,0,415,4385,20,100,2,0,0 '
Received from ('fd00::200:0:0:12', 8765, 0, 0): b' 1891,18,15,1280,0,408,3,4,5,1,1,-70,2,1041,11410,112,100,3,0,0 '
Received from ('fd00::200:0:0:7', 8765, 0, 0): b' 1891,7,4,768,10,406,5,16,7,1,2,-70,5,2246,19094,121,100,2,0,0 '
Received from ('fd00::200:0:0:13', 8765, 0, 0): b' 1891,19,15,1280,0,399,5,4,7,1,1,-52,0,621,7983,113,100,2,0,0 '
Received from ('fd00::200:0:0:b', 8765, 0, 0): b' 1891,11,7,1024,0,460,3,11,7,1,1,-52,1,1327,17513,118,100,3,0,0 '
Received from ('fd00::200:0:0:2', 8765, 0, 0): b' 1893,2,1,512,0,391,7,1,6,1,1,-88,9,1783,19587,126,100,3,0,0 '
Received from ('fd00::200:0:0:e', 8765, 0, 0): b' 1892,14,11,1280,0,403,6,4,7,1,2,-70,0,550,6051,114,100,2,0,0 '
Received from ('fd00::200:0:0:f', 8765, 0, 0): b' 1893,15,7,1024,0,389,7,16,7,1,3,-95,3,2364,22847,114,100,3,0,0 '
Received from ('fd00::200:0:0:3', 8765, 0, 0): b' 1894,3,1,512,0,413,7,2,7,1,2,-64,1,850,17301,122,100,2,0,0 '
Received from ('fd00::200:0:0:14', 8765, 0, 0): b' 1893,20,15,1280,0,362,6,6,7,1,2,-70,0,677,7699,105,100,2,0,0 '
Received from ('fd00::200:0:0:d', 8765, 0, 0): b' 1893,13,8,1024,0,15,4,6,7,1,2,-70,3,1766,19048,13,100,3,0,0 '
Received from ('fd00::200:0:0:5', 8765, 0, 0): b' 1895,5,1,512,0,401,7,1,6,1,1,-94,1,717,11769,127,100,2,0,0 '
Received from ('fd00::200:0:0:1', 5678, 0, 0): b' 1896,1,0,256,0,12,0,0,4,0,0,0,10,2411,28075,2107,100,2,0,0 '
Received from ('fd00::200:0:0:15', 8765, 0, 0): b' 1893,21,17,1536,0,389,5,7,5,1,2,-52,0,1116,10303,99,100,2,0,0 '
Received from ('fd00::200:0:0:10', 8765, 0, 0): b' 1894,16,13,1280,0,394,8,14,7,1,4,-70,0,787,8265,104,100,2,0,0 '
Received from ('fd00::200:0:0:13', 8765, 0, 0): b' 1897,19,15,1280,0,400,5,4,7,1,1,-52,0,449,5236,114,100,1,0,0 '
Received from ('fd00::200:0:0:4', 8765, 0, 0): b' 1896,4,1,512,20,371,7,2,7,2,1,-66,10,3253,23312,126,100,2,0,0 '
Received from ('fd00::200:0:0:7', 8765, 0, 0): b' 1896,7,4,768,0,407,5,16,7,1,2,-70,5,1608,11646,121,100,2,0,0 '
Received from ('fd00::200:0:0:11', 8765, 0, 0): b' 1897,17,13,1280,0,391,7,6,7,1,3,-52,1,1200,13048,105,100,2,0,0 '
Received from ('fd00::200:0:0:14', 8765, 0, 0): b' 1899,20,15,1280,0,363,6,6,7,1,2,-70,0,393,5449,105,100,1,0,0 '
Received from ('fd00::200:0:0:5', 8765, 0, 0): b' 1900,5,1,512,0,402,7,1,6,1,1,-94,1,270,5484,127,100,0,0,0 '
Received from ('fd00::200:0:0:f', 8765, 0, 0): b' 1899,15,7,1024,20,392,7,16,7,1,3,-95,3,1523,13496,114,100,2,0,0 '
Received from ('fd00::200:0:0:2', 8765, 0, 0): b' 1901,2,1,512,0,393,7,1,6,1,1,-88,9,652,12667,127,100,2,0,0 '
Received from ('fd00::200:0:0:8', 8765, 0, 0): b' 1899,8,4,768,0,428,5,18,7,2,2,-52,5,2142,23137,121,100,2,0,0 '
Received from ('fd00::200:0:0:12', 8765, 0, 0): b' 1899,18,15,1280,0,411,3,4,5,1,1,-70,2,627,7979,112,100,2,0,0 '
Received from ('fd00::200:0:0:4', 8765, 0, 0): b' 1901,4,1,512,10,371,7,2,7,2,1,-66,10,1615,12079,126,100,0,0,0 '
Received from ('fd00::200:0:0:6', 8765, 0, 0): b' 1901,6,2,768,0,30,4,2,7,1,2,-52,0,526,9588,20,100,3,0,0 '
Received from ('fd00::200:0:0:3', 8765, 0, 0): b' 1901,3,1,512,0,415,7,2,7,1,2,-64,1,591,11002,123,100,2,0,0 '
Received from ('fd00::200:0:0:7', 8765, 0, 0): b' 1900,7,4,768,0,408,5,16,7,1,2,-70,5,1068,8654,121,100,1,0,0 '
Received from ('fd00::200:0:0:15', 8765, 0, 0): b' 1899,21,17,1536,0,390,5,7,5,1,2,-52,0,450,5908,100,100,1,0,0 '
Received from ('fd00::200:0:0:e', 8765, 0, 0): b' 1901,14,11,1280,0,407,6,4,7,1,2,-70,0,756,9309,114,100,2,0,0 '
Received from ('fd00::200:0:0:d', 8765, 0, 0): b' 1901,13,8,1024,10,15,4,6,7,1,2,-70,3,1520,14010,14,100,2,0,0 '
Received from ('fd00::200:0:0:b', 8765, 0, 0): b' 1902,11,7,1024,0,462,3,11,7,1,1,-52,1,1331,17283,118,100,3,0,0 '
Received from ('fd00::200:0:0:13', 8765, 0, 0): b' 1904,19,15,1280,0,403,5,4,7,1,1,-52,0,607,6944,114,100,1,0,0 '
Received from ('fd00::200:0:0:1', 5678, 0, 0): b' 1904,1,0,256,0,12,0,0,4,0,0,0,10,1658,21650,2114,100,1,0,0 '
Received from ('fd00::200:0:0:12', 8765, 0, 0): b' 1905,18,15,1280,0,412,3,4,5,1,1,-70,2,657,6424,113,100,1,0,0 '
Received from ('fd00::200:0:0:10', 8765, 0, 0): b' 1904,16,13,1280,0,397,8,14,7,1,4,-70,0,632,8476,104,100,1,0,0 '
Received from ('fd00::200:0:0:7', 8765, 0, 0): b' 1904,7,4,768,0,409,5,16,7,1,2,-70,5,1669,10443,122,100,1,0,0 '
Received from ('fd00::200:0:0:2', 8765, 0, 0): b' 1907,2,1,512,10,396,7,1,6,1,1,-88,9,1161,12980,127,100,1,0,0 '
Received from ('fd00::200:0:0:6', 8765, 0, 0): b' 1907,6,2,768,0,30,4,2,7,1,2,-52,0,336,5621,21,100,1,0,0 '
Received from ('fd00::200:0:0:14', 8765, 0, 0): b' 1907,20,15,1280,0,367,6,6,7,1,2,-70,0,788,8139,106,100,2,0,0 '
Received from ('fd00::200:0:0:5', 8765, 0, 0): b' 1908,5,1,512,0,404,7,1,6,1,1,-94,1,642,10640,127,100,2,0,0 '
Received from ('fd00::200:0:0:4', 8765, 0, 0): b' 1910,4,1,512,10,371,7,2,7,2,1,-66,10,3506,24557,127,100,2,0,0 '
Received from ('fd00::200:0:0:f', 8765, 0, 0): b' 1908,15,7,1024,0,394,7,16,7,1,3,-95,3,2061,18004,115,100,3,0,0 '
Received from ('fd00::200:0:0:1', 5678, 0, 0): b' 1910,1,0,256,0,12,0,0,4,0,0,0,10,1114,13252,2120,100,1,0,0 '
Received from ('fd00::200:0:0:11', 8765, 0, 0): b' 1908,17,13,1280,0,391,7,6,7,1,3,-52,1,900,13400,105,100,2,0,0 '
Received from ('fd00::200:0:0:a', 8765, 0, 0): b' 1895,10,11,1408,30,1,1,4,3,0,1,-52,0,875,7685,0,100,7,0,0 '
Received from ('fd00::200:0:0:3', 8765, 0, 0): b' 1910,3,1,512,0,416,7,2,7,1,2,-64,1,512,12447,123,100,2,0,0 '
Received from ('fd00::200:0:0:a', 8765, 0, 0): b' 1904,10,7,1152,80,2,3,4,5,0,2,-70,0,1015,7306,1,100,7,0,0 '
Received from ('fd00::200:0:0:b', 8765, 0, 0): b' 1910,11,7,1024,0,464,3,11,7,1,1,-52,1,843,12287,119,100,1,0,0 '
Received from ('fd00::200:0:0:7', 8765, 0, 0): b' 1910,7,4,768,10,410,5,16,7,1,2,-70,6,1914,14106,122,100,1,0,0 '
Received from ('fd00::200:0:0:13', 8765, 0, 0): b' 1911,19,15,1280,0,403,5,4,7,1,1,-52,0,436,6817,115,100,1,0,0 '
Received from ('fd00::200:0:0:8', 8765, 0, 0): b' 1910,8,4,768,10,429,5,18,7,2,2,-52,5,1689,20726,122,100,2,0,0 '
Received from ('fd00::200:0:0:e', 8765, 0, 0): b' 1911,14,11,1280,0,411,6,4,7,1,2,-70,0,979,10045,115,100,3,0,0 '
Received from ('fd00::200:0:0:15', 8765, 0, 0): b' 1911,21,17,1536,0,391,5,7,5,1,2,-52,0,538,9344,100,100,2,0,0 '
Received from ('fd00::200:0:0:2', 8765, 0, 0): b' 1914,2,1,512,0,398,7,1,6,1,1,-88,9,984,12624,128,100,3,0,0 '
Received from ('fd00::200:0:0:d', 8765, 0, 0): b' 1911,13,8,1024,0,15,4,6,7,1,2,-70,3,1647,18115,14,100,2,0,0 '
Received from ('fd00::200:0:0:5', 8765, 0, 0): b' 1914,5,1,512,10,404,7,1,6,1,1,-94,1,335,6959,128,100,1,0,0 '
Received from ('fd00::200:0:0:6', 8765, 0, 0): b' 1914,6,2,768,10,31,4,2,7,1,2,-52,0,708,7785,21,100,1,0,0 '
Received from ('fd00::200:0:0:12', 8765, 0, 0): b' 1914,18,15,1280,0,414,3,4,5,1,1,-70,2,659,8649,113,100,2,0,0 '
Received from ('fd00::200:0:0:f', 8765, 0, 0): b' 1915,15,7,1024,0,395,7,16,7,1,3,-95,3,1245,13149,116,100,1,0,0 '
Received from ('fd00::200:0:0:b', 8765, 0, 0): b' 1916,11,7,1024,0,467,3,11,7,1,1,-52,1,1022,9893,119,100,3,0,0 '
Received from ('fd00::200:0:0:11', 8765, 0, 0): b' 1916,17,13,1280,0,394,7,6,7,1,3,-52,1,1172,10530,106,100,2,0,0 '
Received from ('fd00::200:0:0:1', 5678, 0, 0): b' 1918,1,0,256,0,12,0,0,4,0,0,0,10,1930,21855,2130,100,2,0,0 '
Received from ('fd00::200:0:0:e', 8765, 0, 0): b' 1916,14,11,1280,0,413,6,4,7,1,2,-70,0,501,6245,115,100,1,0,0 '
Received from ('fd00::200:0:0:2', 8765, 0, 0): b' 1918,2,1,512,0,399,7,1,6,1,1,-88,9,1194,10629,128,100,1,0,0 '
Received from ('fd00::200:0:0:d', 8765, 0, 0): b' 1916,13,8,1024,0,15,4,6,7,1,2,-70,3,718,8213,15,100,1,0,0 '
Received from ('fd00::200:0:0:3', 8765, 0, 0): b' 1919,3,1,512,0,419,7,2,7,1,2,-64,1,728,14589,124,100,1,0,0 '
Received from ('fd00::200:0:0:14', 8765, 0, 0): b' 1919,20,15,1280,0,369,6,6,7,1,2,-70,0,669,10781,106,100,2,0,0 '
Received from ('fd00::200:0:0:4', 8765, 0, 0): b' 1919,4,1,512,10,375,7,2,7,2,1,-66,10,5057,33102,127,100,2,0,0 '
Received from ('fd00::200:0:0:7', 8765, 0, 0): b' 1919,7,4,768,50,415,5,16,7,1,2,-70,6,3047,22580,123,100,3,0,0 '
Received from ('fd00::200:0:0:f', 8765, 0, 0): b' 1919,15,7,1024,20,397,7,16,7,1,3,-95,3,1035,8953,116,100,1,0,0 '
Received from ('fd00::200:0:0:8', 8765, 0, 0): b' 1920,8,4,768,0,432,5,19,7,2,2,-52,5,1803,17939,122,100,3,0,0 '
Received from ('fd00::200:0:0:15', 8765, 0, 0): b' 1919,21,17,1536,0,393,5,7,5,1,2,-52,0,677,7610,101,100,2,0,0 '
Received from ('fd00::200:0:0:13', 8765, 0, 0): b' 1921,19,15,1280,0,406,5,4,7,1,1,-52,0,752,10231,115,100,2,0,0 '
Received from ('fd00::200:0:0:b', 8765, 0, 0): b' 1922,11,7,1024,0,469,3,12,7,1,1,-52,1,944,9940,120,100,2,0,0 '
Received from ('fd00::200:0:0:11', 8765, 0, 0): b' 1922,17,13,1280,0,395,7,6,7,1,3,-52,1,661,7682,106,100,1,0,0 '
Received from ('fd00::200:0:0:2', 8765, 0, 0): b' 1923,2,1,512,0,400,7,1,6,1,1,-88,9,424,8251,128,100,1,0,0 '
Received from ('fd00::200:0:0:6', 8765, 0, 0): b' 1924,6,2,768,0,32,4,2,7,1,2,-52,0,833,9807,22,100,3,0,0 '
Received from ('fd00::200:0:0:e', 8765, 0, 0): b' 1922,14,11,1280,0,414,6,4,7,1,2,-70,0,449,5937,116,100,1,0,0 '
Received from ('fd00::200:0:0:12', 8765, 0, 0): b' 1925,18,15,1280,10,420,3,4,5,1,1,-70,2,1123,10465,114,100,3,0,0 '
Received from ('fd00::200:0:0:15', 8765, 0, 0): b' 1923,21,17,1536,0,394,5,7,5,1,2,-52,0,296,4431,101,100,0,0,0 '
Received from ('fd00::200:0:0:3', 8765, 0, 0): b' 1925,3,1,512,0,422,7,2,7,1,2,-64,1,702,9606,124,100,2,0,0 '
Received from ('fd00::200:0:0:5', 8765, 0, 0): b' 1926,5,1,512,0,406,7,1,6,1,1,-94,1,742,13792,129,100,2,0,0 '
Received from ('fd00::200:0:0:14', 8765, 0, 0): b' 1925,20,15,1280,0,370,6,6,7,1,2,-70,0,541,6084,107,100,3,0,0 '
Received from ('fd00::200:0:0:1', 5678, 0, 0): b' 1927,1,0,256,0,12,0,0,4,0,0,0,10,2147,23994,2141,100,1,0,0 '
Received from ('fd00::200:0:0:8', 8765, 0, 0): b' 1927,8,4,768,0,433,5,19,7,2,2,-52,5,1145,12675,123,100,1,0,0 '
Received from ('fd00::200:0:0:d', 8765, 0, 0): b' 1926,13,8,1024,0,16,4,6,7,1,2,-70,3,1658,14180,15,100,1,0,0 '
Received from ('fd00::200:0:0:2', 8765, 0, 0): b' 1927,2,1,512,0,402,7,1,6,1,1,-88,9,656,8066,129,100,0,0,0 '
Received from ('fd00::200:0:0:11', 8765, 0, 0): b' 1927,17,13,1280,10,396,7,6,7,1,3,-52,1,737,7319,107,100,2,0,0 '
Received from ('fd00::200:0:0:13', 8765, 0, 0): b' 1927,19,15,1280,0,408,5,4,7,1,1,-52,0,551,6152,116,100,2,0,0 '
Received from ('fd00::200:0:0:7', 8765, 0, 0): b' 1929,7,4,768,0,418,5,16,7,1,2,-70,6,2504,22022,123,100,2,0,0 '
Received from ('fd00::200:0:0:12', 8765, 0, 0): b' 1929,18,15,1280,0,423,3,4,5,1,1,-70,2,604,4948,114,100,2,0,0 '
Received from ('fd00::200:0:0:b', 8765, 0, 0): b' 1929,11,7,1024,0,471,3,12,7,1,1,-52,1,845,10749,120,100,2,0,0 '
Received from ('fd00::200:0:0:e', 8765, 0, 0): b' 1929,14,11,1280,0,417,6,4,7,1,2,-70,0,699,6479,116,100,3,0,0 '
Received from ('fd00::200:0:0:f', 8765, 0, 0): b' 1931,15,7,1024,0,400,7,17,7,1,3,-95,3,2586,24087,117,100,3,0,0 '
Received from ('fd00::200:0:0:1', 5678, 0, 0): b' 1931,1,0,256,0,12,0,0,4,0,0,0,10,1027,12022,2145,100,1,0,0 '
Received from ('fd00::200:0:0:15', 8765, 0, 0): b' 1930,21,17,1536,0,395,5,7,5,1,2,-52,0,546,6377,102,100,2,0,0 '
Received from ('fd00::200:0:0:4', 8765, 0, 0): b' 1931,4,1,512,0,377,7,2,7,2,1,-66,10,5741,36112,128,100,2,0,0 '
Received from ('fd00::200:0:0:8', 8765, 0, 0): b' 1932,8,4,768,0,434,5,19,7,2,2,-52,5,1006,9688,123,100,1,0,0 '
Received from ('fd00::200:0:0:5', 8765, 0, 0): b' 1933,5,1,512,0,408,7,1,6,1,1,-94,1,619,8762,129,100,2,0,0 '
Received from ('fd00::200:0:0:14', 8765, 0, 0): b' 1933,20,15,1280,0,375,6,6,7,1,2,-70,0,839,7919,107,100,2,0,0 '
Received from ('fd00::200:0:0:d', 8765, 0, 0): b' 1932,13,8,1024,0,16,4,6,7,1,2,-70,3,827,9972,16,100,1,0,0 '
Received from ('fd00::200:0:0:11', 8765, 0, 0): b' 1934,17,13,1280,0,397,7,6,7,1,3,-52,1,719,8019,107,100,2,0,0 '
Received from ('fd00::200:0:0:3', 8765, 0, 0): b' 1935,3,1,512,0,425,7,2,7,1,2,-64,1,727,14937,125,100,1,0,0 '
Received from ('fd00::200:0:0:6', 8765, 0, 0): b' 1935,6,2,768,0,32,4,2,7,1,2,-52,1,697,11627,23,100,2,0,0 '
Received from ('fd00::200:0:0:13', 8765, 0, 0): b' 1936,19,15,1280,0,409,5,4,7,1,1,-52,0,532,8176,116,100,3,0,0 '
Received from ('fd00::200:0:0:f', 8765, 0, 0): b' 1936,15,7,1024,0,401,7,17,7,1,3,-95,3,1254,11449,117,100,1,0,0 '
Received from ('fd00::200:0:0:b', 8765, 0, 0): b' 1936,11,7,1024,0,473,3,12,7,1,1,-52,1,935,12045,121,100,2,0,0 '
Received from ('fd00::200:0:0:2', 8765, 0, 0): b' 1937,2,1,512,0,404,7,1,6,1,1,-88,9,1247,18279,129,100,2,0,0 '
Received from ('fd00::200:0:0:12', 8765, 0, 0): b' 1937,18,15,1280,10,426,3,4,5,1,1,-70,2,657,7388,115,100,2,0,0 '
Received from ('fd00::200:0:0:8', 8765, 0, 0): b' 1938,8,4,768,10,435,5,19,7,1,2,-52,5,921,12655,124,100,1,0,0 '
Received from ('fd00::200:0:0:5', 8765, 0, 0): b' 1939,5,1,512,0,411,7,1,6,1,1,-94,1,604,7898,129,100,1,0,0 '
Received from ('fd00::200:0:0:7', 8765, 0, 0): b' 1939,7,4,768,0,421,5,16,7,1,2,-70,6,3290,26320,124,100,3,0,0 '
Received from ('fd00::200:0:0:1', 5678, 0, 0): b' 1940,1,0,256,0,12,0,0,4,0,0,0,10,2052,23542,2155,100,2,0,0 '
Received from ('fd00::200:0:0:15', 8765, 0, 0): b' 1938,21,17,1536,0,398,5,7,5,1,2,-52,0,631,8480,102,100,1,0,0 '
Received from ('fd00::200:0:0:14', 8765, 0, 0): b' 1940,20,15,1280,10,377,6,6,7,1,2,-70,0,556,6717,108,100,1,0,0 '
Received from ('fd00::200:0:0:d', 8765, 0, 0): b' 1940,13,8,1024,0,16,4,6,7,1,2,-70,3,881,11499,16,100,2,0,0 '
Received from ('fd00::200:0:0:11', 8765, 0, 0): b' 1940,17,13,1280,0,399,7,6,7,1,3,-52,1,822,8663,107,100,1,0,0 '
Received from ('fd00::200:0:0:e', 8765, 0, 0): b' 1941,14,11,1280,0,420,6,4,7,1,2,-70,0,826,11071,117,100,3,0,0 '
Received from ('fd00::200:0:0:f', 8765, 0, 0): b' 1940,15,7,1024,10,404,7,17,7,1,3,-95,3,1185,10525,117,100,1,0,0 '
Received from ('fd00::200:0:0:12', 8765, 0, 0): b' 1941,18,15,1280,10,429,3,4,5,1,1,-70,2,501,5236,115,100,1,0,0 '
Received from ('fd00::200:0:0:4', 8765, 0, 0): b' 1942,4,1,512,10,380,7,2,7,2,1,-66,10,5052,33664,129,100,2,0,0 '
Received from ('fd00::200:0:0:3', 8765, 0, 0): b' 1944,3,1,512,10,428,7,2,7,1,2,-64,1,619,12396,125,100,2,0,0 '
Received from ('fd00::200:0:0:b', 8765, 0, 0): b' 1944,11,7,1024,0,476,3,12,7,1,1,-52,1,1081,13162,121,100,2,0,0 '
Received from ('fd00::200:0:0:7', 8765, 0, 0): b' 1945,7,4,768,10,424,5,16,7,1,2,-70,6,1683,14592,124,100,2,0,0 '
Received from ('fd00::200:0:0:5', 8765, 0, 0): b' 1946,5,1,512,0,414,7,1,6,1,1,-94,1,703,9485,130,100,1,0,0 '
Received from ('fd00::200:0:0:13', 8765, 0, 0): b' 1945,19,15,1280,0,410,5,4,7,1,1,-52,0,594,9665,117,100,2,0,0 '
Received from ('fd00::200:0:0:6', 8765, 0, 0): b' 1946,6,2,768,0,33,4,2,7,1,2,-52,1,889,11270,24,100,2,0,0 '
Received from ('fd00::200:0:0:8', 8765, 0, 0): b' 1947,8,4,768,0,436,5,19,7,1,2,-52,5,1401,16201,124,100,3,0,0 '
Received from ('fd00::200:0:0:1', 5678, 0, 0): b' 1948,1,0,256,0,12,0,0,4,0,0,0,10,1501,18645,2162,100,1,0,0 '
Received from ('fd00::200:0:0:4', 8765, 0, 0): b' 1948,4,1,512,0,380,7,2,7,2,1,-66,10,1697,13408,129,100,1,0,0 '
Received from ('fd00::200:0:0:12', 8765, 0, 0): b' 1946,18,15,1280,0,431,3,4,5,1,1,-70,2,658,6571,116,100,2,0,0 '
Received from ('fd00::200:0:0:d', 8765, 0, 0): b' 1947,13,8,1024,10,16,4,6,7,1,2,-70,3,736,10992,17,100,1,0,0 '
Received from ('fd00::200:0:0:15', 8765, 0, 0): b' 1947,21,17,1536,0,398,5,7,5,1,2,-52,0,463,7733,103,100,2,0,0 '
Received from ('fd00::200:0:0:2', 8765, 0, 0): b' 1949,2,1,512,0,408,7,1,6,1,1,-88,9,1540,21428,130,100,3,0,0 '
Received from ('fd00::200:0:0:f', 8765, 0, 0): b' 1948,15,7,1024,10,406,7,17,7,1,3,-95,3,1620,14564,118,100,1,0,0 '
Received from ('fd00::200:0:0:14', 8765, 0, 0): b' 1949,20,15,1280,0,382,6,6,7,1,2,-70,0,1041,10675,109,100,3,0,0 '
Received from ('fd00::200:0:0:11', 8765, 0, 0): b' 1950,17,13,1280,0,401,7,6,7,1,3,-52,1,1138,12025,108,100,3,0,0 '
Received from ('fd00::200:0:0:e', 8765, 0, 0): b' 1952,14,11,1280,0,425,6,4,7,1,2,-70,0,1115,11169,118,100,3,0,0 '
Received from ('fd00::200:0:0:3', 8765, 0, 0): b' 1953,3,1,512,0,431,7,2,7,1,2,-64,1,836,14893,126,100,1,0,0 '
Received from ('fd00::200:0:0:13', 8765, 0, 0): b' 1954,19,15,1280,0,414,5,4,7,1,1,-52,0,764,7565,118,100,2,0,0 '
Received from ('fd00::200:0:0:1', 5678, 0, 0): b' 1955,1,0,256,0,12,0,0,4,0,0,0,10,1599,19125,2170,100,1,0,0 '
Received from ('fd00::200:0:0:8', 8765, 0, 0): b' 1955,8,4,768,0,438,5,19,7,1,2,-52,5,1271,15570,125,100,2,0,0 '
Received from ('fd00::200:0:0:f', 8765, 0, 0): b' 1955,15,7,1024,0,409,7,17,7,1,3,-95,3,1718,13132,118,100,1,0,0 '
Received from ('fd00::200:0:0:d', 8765, 0, 0): b' 1954,13,8,1024,10,16,4,6,7,1,2,-70,3,847,10765,17,100,1,0,0 '
Received from ('fd00::200:0:0:2', 8765, 0, 0): b' 1954,2,1,512,10,412,7,1,6,1,1,-88,9,797,10633,131,100,1,0,0 '
Received from ('fd00::200:0:0:b', 8765, 0, 0): b' 1954,11,7,1024,0,478,3,12,7,1,1,-52,1,1403,17330,122,100,3,0,0 '
Received from ('fd00::200:0:0:7', 8765, 0, 0): b' 1955,7,4,768,0,425,5,16,7,1,2,-70,6,2944,25237,125,100,2,0,0 '
Received from ('fd00::200:0:0:6', 8765, 0, 0): b' 1955,6,2,768,0,34,4,2,7,1,2,-52,1,1063,9065,24,100,3,0,0 '
Received from ('fd00::200:0:0:12', 8765, 0, 0): b' 1956,18,15,1280,0,432,3,4,5,1,1,-70,2,514,7438,116,100,2,0,0 '
Received from ('fd00::200:0:0:15', 8765, 0, 0): b' 1955,21,17,1536,0,403,5,7,5,1,2,-52,0,845,8431,103,100,1,0,0 '
Received from ('fd00::200:0:0:e', 8765, 0, 0): b' 1956,14,11,1280,0,427,6,4,7,1,2,-70,0,381,4761,118,100,0,0,0 '
Received from ('fd00::200:0:0:4', 8765, 0, 0): b' 1957,4,1,512,0,384,7,2,7,2,1,-66,10,4428,27217,130,100,1,0,0 '
Received from ('fd00::200:0:0:11', 8765, 0, 0): b' 1958,17,13,1280,0,405,7,6,7,1,3,-52,1,1194,10789,109,100,1,0,0 '
Received from ('fd00::200:0:0:5', 8765, 0, 0): b' 1958,5,1,512,10,416,7,1,6,1,1,-94,1,717,14102,131,100,2,0,0 '
Received from ('fd00::200:0:0:13', 8765, 0, 0): b' 1958,19,15,1280,10,417,5,4,7,1,1,-52,0,500,5073,118,100,1,0,0 '
Received from ('fd00::200:0:0:3', 8765, 0, 0): b' 1961,3,1,512,0,435,7,2,7,1,2,-64,1,827,12080,126,100,3,0,0 '
Received from ('fd00::200:0:0:f', 8765, 0, 0): b' 1961,15,7,1024,0,409,7,17,7,1,3,-95,3,1047,11513,119,100,1,0,0 '
Received from ('fd00::200:0:0:8', 8765, 0, 0): b' 1962,8,4,768,0,440,5,20,7,1,2,-52,5,1384,14353,125,100,3,0,0 '
Received from ('fd00::200:0:0:5', 8765, 0, 0): b' 1963,5,1,512,0,418,7,1,6,1,1,-94,1,493,5651,131,100,2,0,0 '
Received from ('fd00::200:0:0:e', 8765, 0, 0): b' 1961,14,11,1280,10,428,6,4,7,1,2,-70,0,369,4344,118,100,1,0,0 '
Received from ('fd00::200:0:0:14', 8765, 0, 0): b' 1962,20,15,1280,0,385,6,6,7,1,2,-70,0,754,10845,109,100,2,0,0 '
Received from ('fd00::200:0:0:6', 8765, 0, 0): b' 1962,6,2,768,0,35,4,2,7,1,2,-52,1,575,7169,25,100,2,0,0 '
Received from ('fd00::200:0:0:2', 8765, 0, 0): b' 1964,2,1,512,0,414,7,1,6,1,1,-88,9,1284,16937,131,100,2,0,0 '
Received from ('fd00::200:0:0:1', 5678, 0, 0): b' 1965,1,0,256,0,12,0,0,4,0,0,0,10,2301,26876,2182,100,2,0,0 '
Received from ('fd00::200:0:0:b', 8765, 0, 0): b' 1964,11,7,1024,0,481,3,12,7,1,1,-52,1,1221,15557,122,100,2,0,0 '
Received from ('fd00::200:0:0:3', 8765, 0, 0): b' 1965,3,1,512,0,438,7,2,7,1,2,-64,1,543,6364,127,100,2,0,0 '
Received from ('fd00::200:0:0:15', 8765, 0, 0): b' 1964,21,17,1536,0,406,5,7,5,1,2,-52,0,808,8412,104,100,2,0,0 '
Received from ('fd00::200:0:0:d', 8765, 0, 0): b' 1965,13,8,1024,10,18,4,6,7,1,2,-70,3,1941,17719,18,100,3,0,0 '
Received from ('fd00::200:0:0:7', 8765, 0, 0): b' 1965,7,4,768,10,431,5,16,7,1,2,-70,6,3004,24697,126,100,3,0,0 '
Received from ('fd00::200:0:0:11', 8765, 0, 0): b' 1965,17,13,1280,10,407,7,6,7,1,3,-52,1,819,8892,109,100,1,0,0 '
Received from ('fd00::200:0:0:12', 8765, 0, 0): b' 1967,18,15,1280,0,434,3,4,5,1,1,-70,2,725,9945,117,100,2,0,0 '
Received from ('fd00::200:0:0:5', 8765, 0, 0): b' 1967,5,1,512,0,418,7,1,6,1,1,-94,1,259,5730,131,100,1,0,0 '
Received from ('fd00::200:0:0:14', 8765, 0, 0): b' 1968,20,15,1280,0,386,6,6,7,1,2,-70,0,450,5934,110,100,1,0,0 '
Received from ('fd00::200:0:0:e', 8765, 0, 0): b' 1967,14,11,1280,0,429,6,4,7,1,2,-70,0,571,6803,119,100,2,0,0 '
Received from ('fd00::200:0:0:2', 8765, 0, 0): b' 1968,2,1,512,10,415,7,1,6,1,1,-88,9,480,8022,131,100,1,0,0 '
Received from ('fd00::200:0:0:15', 8765, 0, 0): b' 1968,21,17,1536,0,410,5,7,5,1,2,-52,0,690,4719,104,100,1,0,0 '
Received from ('fd00::200:0:0:6', 8765, 0, 0): b' 1967,6,2,768,10,36,4,2,7,1,2,-52,1,357,4783,25,100,2,0,0 '
Received from ('fd00::200:0:0:4', 8765, 0, 0): b' 1969,4,1,512,0,389,7,2,7,2,1,-66,10,5234,33757,131,100,5,0,0 '
Received from ('fd00::200:0:0:1', 5678, 0, 0): b' 1971,1,0,256,0,12,0,0,4,0,0,0,10,1350,15136,2188,100,1,0,0 '
Received from ('fd00::200:0:0:13', 8765, 0, 0): b' 1969,19,15,1280,0,419,5,4,7,1,1,-52,0,803,10369,119,100,3,0,0 '
Received from ('fd00::200:0:0:10', 8765, 0, 0): b' 1954,16,12,1408,90,407,10,14,7,0,5,-52,0,768,10500,108,100,3,0,0 '
Received from ('fd00::200:0:0:d', 8765, 0, 0): b' 1970,13,8,1024,0,19,4,6,7,1,2,-70,3,944,9184,18,100,2,0,0 '
Received from ('fd00::200:0:0:b', 8765, 0, 0): b' 1970,11,7,1024,0,482,3,12,7,1,1,-52,1,739,9856,123,100,2,0,0 '
Received from ('fd00::200:0:0:f', 8765, 0, 0): b' 1971,15,7,1024,10,414,7,17,7,1,3,-95,4,3001,25514,119,100,2,0,0 '
Received from ('fd00::200:0:0:a', 8765, 0, 0): b' 1935,10,6,1152,80,7,5,4,7,0,3,-52,0,964,8134,2,100,6,0,0 '
Received from ('fd00::200:0:0:a', 8765, 0, 0): b' 1945,10,6,1152,80,7,5,4,7,0,3,-52,0,591,9239,2,100,3,0,0 '
Received from ('fd00::200:0:0:7', 8765, 0, 0): b' 1972,7,4,768,20,434,5,16,7,1,2,-70,7,2459,18131,126,100,2,0,0 '
Received from ('fd00::200:0:0:8', 8765, 0, 0): b' 1973,8,4,768,0,447,5,20,7,1,2,-52,5,2638,23691,126,100,3,0,0 '
Received from ('fd00::200:0:0:10', 8765, 0, 0): b' 1960,16,12,1408,80,408,10,14,7,0,5,-52,0,627,5490,108,100,3,0,0 '
Received from ('fd00::200:0:0:a', 8765, 0, 0): b' 1955,10,6,1152,80,9,5,4,7,0,3,-52,0,844,9386,3,100,5,0,0 '
Received from ('fd00::200:0:0:5', 8765, 0, 0): b' 1973,5,1,512,0,419,7,1,6,1,1,-94,1,460,7288,132,100,2,0,0 '
Received from ('fd00::200:0:0:a', 8765, 0, 0): b' 1960,10,6,1152,90,9,5,4,7,0,3,-52,0,482,4879,3,100,2,0,0 '
Received from ('fd00::200:0:0:10', 8765, 0, 0): b' 1969,16,15,1408,70,410,12,14,7,0,6,-52,0,818,7834,109,100,2,0,0 '
Received from ('fd00::200:0:0:12', 8765, 0, 0): b' 1973,18,15,1280,0,436,3,4,5,1,1,-70,2,500,6392,117,100,1,0,0 '
Received from ('fd00::200:0:0:a', 8765, 0, 0): b' 1968,10,6,1152,90,9,5,4,7,0,3,-52,0,430,6745,4,100,2,0,0 '
Received from ('fd00::200:0:0:11', 8765, 0, 0): b' 1974,17,13,1280,10,411,7,6,7,1,3,-52,1,1526,13043,110,100,2,0,0 '
Received from ('fd00::200:0:0:14', 8765, 0, 0): b' 1973,20,15,1280,0,387,6,6,7,1,2,-70,0,393,5732,110,100,1,0,0 '
Received from ('fd00::200:0:0:6', 8765, 0, 0): b' 1973,6,2,768,10,36,4,2,7,1,2,-52,1,1663,9610,25,100,1,0,0 '
Received from ('fd00::200:0:0:13', 8765, 0, 0): b' 1973,19,15,1280,0,419,5,4,7,1,1,-52,0,263,3784,119,100,1,0,0 '
Received from ('fd00::200:0:0:c', 8765, 0, 0): b' 1964,12,8,1152,0,1,1,2,2,0,1,-52,0,1007,4590,0,100,7,0,0 '
Received from ('fd00::200:0:0:e', 8765, 0, 0): b' 1973,14,11,1280,0,432,6,4,7,1,2,-70,0,601,6713,119,100,2,0,0 '
Received from ('fd00::200:0:0:c', 8765, 0, 0): b' 1972,12,8,1152,60,2,2,2,5,0,1,-52,0,1055,6859,1,100,7,0,0 '
Received from ('fd00::200:0:0:3', 8765, 0, 0): b' 1976,3,1,512,0,441,7,2,7,1,2,-64,1,749,16534,127,100,2,0,0 '
Received from ('fd00::200:0:0:d', 8765, 0, 0): b' 1976,13,8,1024,0,19,4,6,7,1,2,-70,3,784,8421,18,100,1,0,0 '
Received from ('fd00::200:0:0:1', 5678, 0, 0): b' 1978,1,0,256,0,12,0,0,4,0,0,0,10,2106,21483,2202,100,1,0,0 '
Received from ('fd00::200:0:0:5', 8765, 0, 0): b' 1978,5,1,512,0,419,7,1,6,1,1,-94,1,283,6125,132,100,1,0,0 '
Received from ('fd00::200:0:0:7', 8765, 0, 0): b' 1978,7,4,768,10,436,5,16,7,1,2,-70,7,2165,15874,127,100,2,0,0 '
Received from ('fd00::200:0:0:12', 8765, 0, 0): b' 1977,18,15,1280,0,438,3,4,5,1,1,-70,2,526,4843,118,100,2,0,0 '
Received from ('fd00::200:0:0:8', 8765, 0, 0): b' 1979,8,4,768,10,447,5,20,7,1,2,-52,4,1600,13191,126,100,1,0,0 '
Received from ('fd00::200:0:0:b', 8765, 0, 0): b' 1978,11,7,1024,0,485,3,12,7,1,1,-52,1,1171,13304,123,100,2,0,0 '
Received from ('fd00::200:0:0:2', 8765, 0, 0): b' 1979,2,1,512,0,417,7,1,6,1,1,-88,9,3115,24262,132,100,2,0,0 '
Received from ('fd00::200:0:0:4', 8765, 0, 0): b' 1979,4,1,512,10,392,7,2,7,2,1,-66,10,5495,30648,131,100,2,0,0 '
Received from ('fd00::200:0:0:15', 8765, 0, 0): b' 1978,21,17,1536,0,413,5,7,5,1,2,-52,0,705,9615,105,100,2,0,0 '
Received from ('fd00::200:0:0:3', 8765, 0, 0): b' 1980,3,1,512,0,443,7,2,7,1,2,-64,1,453,6725,128,100,0,0,0 '
Received from ('fd00::200:0:0:f', 8765, 0, 0): b' 1979,15,7,1024,0,417,7,17,7,1,3,-95,4,2463,19591,120,100,2,0,0 '
Received from ('fd00::200:0:0:6', 8765, 0, 0): b' 1979,6,2,768,10,37,4,2,7,1,2,-52,1,787,8098,26,100,2,0,0 '
Received from ('fd00::200:0:0:a', 8765, 0, 0): b' 1979,10,6,1024,0,11,5,4,7,1,3,-52,0,1767,12695,5,100,6,0,0 '
Received from ('fd00::200:0:0:c', 8765, 0, 0): b' 1981,12,8,1024,0,3,2,2,5,1,1,-52,0,1455,9669,1,100,8,0,0 '
Received from ('fd00::200:0:0:13', 8765, 0, 0): b' 1978,19,15,1280,0,420,5,4,7,1,1,-52,0,393,5789,119,100,1,0,0 '
Received from ('fd00::200:0:0:10', 8765, 0, 0): b' 1980,16,15,1280,0,412,12,14,7,1,6,-52,0,1422,11922,109,100,3,0,0 '
Received from ('fd00::200:0:0:11', 8765, 0, 0): b' 1981,17,13,1280,0,414,7,6,7,1,3,-52,1,993,10356,110,100,1,0,0 '
Received from ('fd00::200:0:0:e', 8765, 0, 0): b' 1981,14,11,1280,0,434,6,4,7,1,2,-70,0,580,7983,120,100,1,0,0 '
Received from ('fd00::200:0:0:14', 8765, 0, 0): b' 1983,20,15,1280,0,389,6,6,7,1,2,-70,0,695,9873,111,100,3,0,0 '
Received from ('fd00::200:0:0:7', 8765, 0, 0): b' 1985,7,4,768,0,436,5,16,7,1,2,-70,6,2138,15931,127,100,1,0,0 '
Received from ('fd00::200:0:0:d', 8765, 0, 0): b' 1985,13,8,1024,0,20,4,6,7,1,2,-70,2,1198,15353,19,100,3,0,0 '
Received from ('fd00::200:0:0:f', 8765, 0, 0): b' 1985,15,7,1024,0,419,7,17,7,1,3,-95,4,1748,15989,120,100,1,0,0 '
Received from ('fd00::200:0:0:c', 8765, 0, 0): b' 1986,12,8,1024,0,4,2,2,5,1,1,-52,0,609,5059,2,100,4,0,0 '
Received from ('fd00::200:0:0:11', 8765, 0, 0): b' 1985,17,13,1280,0,416,7,6,7,1,3,-52,1,585,6619,110,100,1,0,0 '
Received from ('fd00::200:0:0:15', 8765, 0, 0): b' 1985,21,17,1536,10,414,5,7,5,1,2,-52,0,490,6935,105,100,2,0,0 '
Received from ('fd00::200:0:0:12', 8765, 0, 0): b' 1987,18,15,1280,0,439,3,4,5,1,1,-70,2,441,8807,118,100,1,0,0 '
Received from ('fd00::200:0:0:2', 8765, 0, 0): b' 1987,2,1,512,0,419,7,1,6,1,1,-88,9,1272,14882,133,100,2,0,0 '
Received from ('fd00::200:0:0:5', 8765, 0, 0): b' 1988,5,1,512,0,423,7,1,6,1,1,-94,1,901,12090,133,100,3,0,0 '
Received from ('fd00::200:0:0:13', 8765, 0, 0): b' 1987,19,15,1280,0,421,5,4,7,1,1,-52,0,473,8127,120,100,1,0,0 '
Received from ('fd00::200:0:0:e', 8765, 0, 0): b' 1988,14,11,1280,0,435,6,4,7,1,2,-70,0,393,5200,120,100,1,0,0 '
Received from ('fd00::200:0:0:8', 8765, 0, 0): b' 1988,8,4,768,0,450,5,20,7,1,2,-52,4,2249,20092,127,100,3,0,0 '
Received from ('fd00::200:0:0:b', 8765, 0, 0): b' 1988,11,7,1024,0,489,3,12,7,1,1,-52,1,1445,16530,124,100,3,0,0 '
Received from ('fd00::200:0:0:1', 5678, 0, 0): b' 1990,1,0,256,0,12,0,0,4,0,0,0,10,2843,31318,2214,100,3,0,0 '
Received from ('fd00::200:0:0:3', 8765, 0, 0): b' 1990,3,1,512,0,447,7,2,7,1,2,-64,1,850,14727,128,100,3,0,0 '
Received from ('fd00::200:0:0:10', 8765, 0, 0): b' 1990,16,15,1280,0,415,12,14,7,1,6,-52,0,806,9839,110,100,3,0,0 '
Received from ('fd00::200:0:0:6', 8765, 0, 0): b' 1989,6,2,768,0,37,4,2,7,1,2,-52,1,959,12559,26,100,2,0,0 '
Received from ('fd00::200:0:0:4', 8765, 0, 0): b' 1990,4,1,512,0,395,7,2,7,2,1,-66,10,5418,31440,132,100,3,0,0 '
Received from ('fd00::200:0:0:a', 8765, 0, 0): b' 1990,10,6,1024,0,12,5,4,7,1,3,-52,0,682,9771,5,100,3,0,0 '
Received from ('fd00::200:0:0:d', 8765, 0, 0): b' 1991,13,8,1024,0,20,4,6,7,1,2,-70,2,920,9688,19,100,1,0,0 '
Received from ('fd00::200:0:0:7', 8765, 0, 0): b' 1991,7,4,768,0,438,5,16,7,1,2,-70,6,1805,13998,127,100,1,0,0 '
Received from ('fd00::200:0:0:c', 8765, 0, 0): b' 1992,12,8,1024,0,4,2,2,5,1,1,-52,0,498,6433,2,100,3,0,0 '
Received from ('fd00::200:0:0:f', 8765, 0, 0): b' 1991,15,7,1024,0,420,7,17,7,1,3,-95,4,1543,15120,121,100,1,0,0 '
Received from ('fd00::200:0:0:14', 8765, 0, 0): b' 1991,20,15,1280,10,392,6,6,7,1,2,-70,0,548,8554,111,100,1,0,0 '
Received from ('fd00::200:0:0:5', 8765, 0, 0): b' 1994,5,1,512,0,425,7,1,6,1,1,-94,1,522,7806,133,100,1,0,0 '
Received from ('fd00::200:0:0:11', 8765, 0, 0): b' 1993,17,13,1280,10,419,7,6,7,1,3,-52,1,1025,10784,111,100,1,0,0 '
Received from ('fd00::200:0:0:15', 8765, 0, 0): b' 1993,21,17,1536,0,416,5,7,5,1,2,-52,0,605,8206,106,100,1,0,0 '
Received from ('fd00::200:0:0:b', 8765, 0, 0): b' 1995,11,7,1024,10,490,3,12,7,1,1,-52,1,628,9660,125,100,1,0,0 '
Received from ('fd00::200:0:0:13', 8765, 0, 0): b' 1995,19,15,1280,0,421,5,4,7,1,1,-52,0,487,8351,121,100,2,0,0 '
Received from ('fd00::200:0:0:2', 8765, 0, 0): b' 1996,2,1,512,10,421,7,1,6,1,1,-88,9,1847,16506,133,100,2,0,0 '
Received from ('fd00::200:0:0:1', 5678, 0, 0): b' 1997,1,0,256,0,12,0,0,4,0,0,0,10,1924,20865,2227,100,1,0,0 '
Received from ('fd00::200:0:0:7', 8765, 0, 0): b' 1997,7,4,768,0,438,5,16,7,1,2,-70,6,1862,13735,128,100,2,0,0 '
Received from ('fd00::200:0:0:d', 8765, 0, 0): b' 1998,13,8,1024,0,20,4,6,7,1,2,-70,2,818,10604,20,100,1,0,0 '
Received from ('fd00::200:0:0:e', 8765, 0, 0): b' 1998,14,11,1280,0,439,6,4,7,1,2,-70,0,915,10184,121,100,2,0,0 '
Received from ('fd00::200:0:0:6', 8765, 0, 0): b' 1998,6,2,768,0,37,4,2,7,1,2,-52,1,826,11951,27,100,1,0,0 '
Received from ('fd00::200:0:0:f', 8765, 0, 0): b' 1999,15,7,1024,20,420,7,17,7,1,3,-95,4,1344,15708,121,100,1,0,0 '
Received from ('fd00::200:0:0:15', 8765, 0, 0): b' 1998,21,17,1536,0,416,5,7,5,1,2,-52,0,262,4422,106,100,1,0,0 '
Received from ('fd00::200:0:0:a', 8765, 0, 0): b' 1999,10,6,1024,0,12,5,4,7,1,3,-52,0,788,9029,6,100,3,0,0 '
Received from ('fd00::200:0:0:3', 8765, 0, 0): b' 2000,3,1,512,0,449,7,2,7,1,2,-64,1,718,15234,129,100,2,0,0 '
Received from ('fd00::200:0:0:12', 8765, 0, 0): b' 1998,18,15,1280,0,442,3,4,5,1,1,-70,2,929,11601,119,100,3,0,0 '
Received from ('fd00::200:0:0:8', 8765, 0, 0): b' 2000,8,4,768,0,454,5,20,7,1,2,-52,4,2541,23374,128,100,2,0,0 '
Received from ('fd00::200:0:0:10', 8765, 0, 0): b' 1999,16,15,1280,0,418,12,14,7,1,6,-52,0,748,9440,110,100,3,0,0 '
Received from ('fd00::200:0:0:14', 8765, 0, 0): b' 2000,20,15,1280,0,394,6,6,7,1,2,-70,0,785,8724,112,100,2,0,0 '
Received from ('fd00::200:0:0:b', 8765, 0, 0): b' 2002,11,7,1024,0,492,3,12,7,1,1,-52,1,908,10349,125,100,1,0,0 '
Received from ('fd00::200:0:0:4', 8765, 0, 0): b' 2002,4,1,512,0,399,7,2,7,2,1,-66,10,5708,34157,133,100,2,0,0 '
Received from ('fd00::200:0:0:2', 8765, 0, 0): b' 2001,2,1,512,0,422,7,1,6,1,1,-88,9,891,8973,134,100,1,0,0 '
Received from ('fd00::200:0:0:c', 8765, 0, 0): b' 2003,12,8,1024,0,5,2,2,5,1,1,-52,0,873,10136,3,100,6,0,0 '
Received from ('fd00::200:0:0:12', 8765, 0, 0): b' 2003,18,15,1280,0,443,3,4,5,1,1,-70,2,273,4163,119,100,0,0,0 '
Received from ('fd00::200:0:0:a', 8765, 0, 0): b' 2004,10,6,1024,0,13,5,4,7,1,3,-52,0,571,5039,6,100,2,0,0 '
Received from ('fd00::200:0:0:5', 8765, 0, 0): b' 2005,5,1,512,0,429,7,1,6,1,1,-94,1,931,13323,134,100,2,0,0 '
Received from ('fd00::200:0:0:10', 8765, 0, 0): b' 2005,16,15,1280,0,420,12,14,7,1,6,-52,0,558,6303,111,100,1,0,0 '
Received from ('fd00::200:0:0:8', 8765, 0, 0): b' 2006,8,4,768,0,456,5,20,7,1,2,-52,4,1004,11677,128,100,1,0,0 '
Received from ('fd00::200:0:0:b', 8765, 0, 0): b' 2007,11,7,1024,0,495,3,12,7,1,1,-52,1,757,8105,125,100,1,0,0 '
Received from ('fd00::200:0:0:11', 8765, 0, 0): b' 2005,17,13,1280,0,421,7,6,7,1,3,-52,1,1529,15851,112,100,2,0,0 '
Received from ('fd00::200:0:0:3', 8765, 0, 0): b' 2007,3,1,512,0,451,7,2,7,1,2,-64,1,522,10445,129,100,1,0,0 '
Received from ('fd00::200:0:0:7', 8765, 0, 0): b' 2007,7,4,768,0,441,5,16,7,1,2,-70,6,2818,21456,128,100,1,0,0 '
Received from ('fd00::200:0:0:1', 5678, 0, 0): b' 2008,1,0,256,0,12,0,0,4,0,0,0,10,2392,28765,2238,100,2,0,0 '
Received from ('fd00::200:0:0:4', 8765, 0, 0): b' 2008,4,1,512,10,400,7,2,7,2,1,-66,10,2375,17087,133,100,1,0,0 '
Received from ('fd00::200:0:0:f', 8765, 0, 0): b' 2008,15,7,1024,0,421,7,17,7,1,3,-95,4,2373,20785,122,100,2,0,0 '
Received from ('fd00::200:0:0:e', 8765, 0, 0): b' 2007,14,11,1280,10,441,6,4,7,1,2,-70,0,595,8765,122,100,2,0,0 '
Received from ('fd00::200:0:0:d', 8765, 0, 0): b' 2008,13,8,1024,0,21,4,6,7,1,2,-70,2,1765,17947,21,100,2,0,0 '
Received from ('fd00::200:0:0:13', 8765, 0, 0): b' 2007,19,15,1280,0,426,5,4,7,1,1,-52,0,990,11551,121,100,2,0,0 '
Received from ('fd00::200:0:0:6', 8765, 0, 0): b' 2009,6,2,768,20,38,4,2,7,1,2,-52,1,1178,16562,28,100,3,0,0 '
Received from ('fd00::200:0:0:14', 8765, 0, 0): b' 2009,20,15,1280,0,396,6,6,7,1,2,-70,0,701,9239,113,100,2,0,0 '
Received from ('fd00::200:0:0:3', 8765, 0, 0): b' 2011,3,1,512,0,453,7,2,7,1,2,-64,1,543,6651,130,100,2,0,0 '
Received from ('fd00::200:0:0:15', 8765, 0, 0): b' 2010,21,17,1536,0,417,5,7,5,1,2,-52,0,618,10718,107,100,2,0,0 '
Received from ('fd00::200:0:0:2', 8765, 0, 0): b' 2012,2,1,512,0,427,7,1,6,1,1,-88,9,1740,17446,135,100,1,0,0 '
Received from ('fd00::200:0:0:5', 8765, 0, 0): b' 2012,5,1,512,20,433,7,1,6,1,1,-94,1,599,8385,134,100,2,0,0 '
Received from ('fd00::200:0:0:11', 8765, 0, 0): b' 2012,17,13,1280,0,421,7,6,7,1,3,-52,1,527,7862,112,100,1,0,0 '
Received from ('fd00::200:0:0:e', 8765, 0, 0): b' 2013,14,11,1280,0,443,6,4,7,1,2,-70,0,608,5920,122,100,1,0,0 '
Received from ('fd00::200:0:0:c', 8765, 0, 0): b' 2013,12,8,1024,0,6,2,2,5,1,1,-52,0,853,8988,3,100,5,0,0 '
Received from ('fd00::200:0:0:a', 8765, 0, 0): b' 2013,10,6,1024,10,13,5,4,7,1,3,-52,0,745,9194,7,100,2,0,0 '
Received from ('fd00::200:0:0:12', 8765, 0, 0): b' 2013,18,15,1280,0,446,3,4,5,1,1,-70,2,808,9692,120,100,2,0,0 '
Received from ('fd00::200:0:0:b', 8765, 0, 0): b' 2015,11,7,1024,0,496,3,12,7,1,1,-52,1,1104,13715,126,100,2,0,0 '
Received from ('fd00::200:0:0:8', 8765, 0, 0): b' 2015,8,4,768,0,458,5,20,7,1,2,-52,4,1750,17201,129,100,1,0,0 '
Received from ('fd00::200:0:0:15', 8765, 0, 0): b' 2014,21,17,1536,0,417,5,7,5,1,2,-52,0,263,3902,107,100,1,0,0 '
Received from ('fd00::200:0:0:f', 8765, 0, 0): b' 2015,15,7,1024,0,424,7,17,7,1,3,-95,4,1935,17830,122,100,1,0,0 '
Received from ('fd00::200:0:0:6', 8765, 0, 0): b' 2015,6,2,768,10,39,4,2,7,1,2,-52,1,874,9463,28,100,2,0,0 '
Received from ('fd00::200:0:0:13', 8765, 0, 0): b' 2015,19,15,1280,10,428,5,4,7,1,1,-52,0,581,7943,122,100,1,0,0 '
Received from ('fd00::200:0:0:10', 8765, 0, 0): b' 2016,16,15,1280,0,422,12,14,7,1,6,-52,0,703,10516,112,100,2,0,0 '
Received from ('fd00::200:0:0:1', 5678, 0, 0): b' 2018,1,0,256,0,12,0,0,4,0,0,0,10,2381,24959,2251,100,2,0,0 '
Received from ('fd00::200:0:0:3', 8765, 0, 0): b' 2018,3,1,512,0,454,7,2,7,1,2,-64,1,390,9626,130,100,1,0,0 '
Received from ('fd00::200:0:0:d', 8765, 0, 0): b' 2017,13,8,1024,0,21,4,6,7,1,2,-70,2,1186,13703,21,100,2,0,0 '
Received from ('fd00::200:0:0:7', 8765, 0, 0): b' 2018,7,4,768,0,446,5,16,7,1,2,-70,6,3742,26547,129,100,2,0,0 '
Received from ('fd00::200:0:0:14', 8765, 0, 0): b' 2018,20,15,1280,0,398,6,6,7,1,2,-70,0,524,8284,113,100,1,0,0 '
Received from ('fd00::200:0:0:11', 8765, 0, 0): b' 2018,17,13,1280,10,426,7,6,7,1,3,-52,1,1094,8253,113,100,1,0,0 '
Received from ('fd00::200:0:0:4', 8765, 0, 0): b' 2020,4,1,512,0,402,7,2,7,2,1,-66,10,5804,33619,134,100,2,0,0 '
Received from ('fd00::200:0:0:f', 8765, 0, 0): b' 2020,15,7,1024,0,426,7,17,7,1,3,-95,4,1449,11237,123,100,1,0,0 '
Received from ('fd00::200:0:0:e', 8765, 0, 0): b' 2020,14,11,1280,0,444,6,4,7,1,2,-70,0,449,7047,123,100,1,0,0 '
Received from ('fd00::200:0:0:5', 8765, 0, 0): b' 2022,5,1,512,0,433,7,1,6,1,1,-94,1,653,12177,135,100,2,0,0 '
Received from ('fd00::200:0:0:12', 8765, 0, 0): b' 2021,18,15,1280,0,449,3,4,5,1,1,-70,2,784,8271,121,100,2,0,0 '
Received from ('fd00::200:0:0:b', 8765, 0, 0): b' 2023,11,7,1024,0,499,3,12,7,1,1,-52,1,1048,13274,126,100,1,0,0 '
Received from ('fd00::200:0:0:c', 8765, 0, 0): b' 2022,12,8,1024,0,6,2,2,5,1,1,-52,0,648,9301,4,100,3,0,0 '
Received from ('fd00::200:0:0:2', 8765, 0, 0): b' 2023,2,1,512,10,429,7,1,6,1,1,-88,9,1432,17572,135,100,2,0,0 '
Received from ('fd00::200:0:0:1', 5678, 0, 0): b' 2024,1,0,256,0,12,0,0,4,0,0,0,10,1287,16182,2259,100,1,0,0 '
Received from ('fd00::200:0:0:a', 8765, 0, 0): b' 2023,10,6,1024,0,15,5,4,7,1,3,-52,0,915,11902,7,100,5,0,0 '
Received from ('fd00::200:0:0:15', 8765, 0, 0): b' 2022,21,17,1536,0,421,5,7,5,1,2,-52,0,891,8448,108,100,2,0,0 '
Received from ('fd00::200:0:0:10', 8765, 0, 0): b' 2024,16,15,1280,0,424,12,14,7,1,6,-52,0,521,7236,112,100,2,0,0 '
Received from ('fd00::200:0:0:7', 8765, 0, 0): b' 2024,7,4,768,10,448,5,16,7,1,2,-70,6,2052,13822,130,100,2,0,0 '
Received from ('fd00::200:0:0:f', 8765, 0, 0): b' 2024,15,7,1024,10,427,7,17,7,1,3,-95,4,1196,10551,123,100,1,0,0 '
Received from ('fd00::200:0:0:11', 8765, 0, 0): b' 2025,17,13,1280,0,427,7,6,7,1,3,-52,1,917,9198,113,100,1,0,0 '
Received from ('fd00::200:0:0:8', 8765, 0, 0): b' 2026,8,4,768,10,460,5,20,7,1,2,-52,4,2214,22544,129,100,3,0,0 '
Received from ('fd00::200:0:0:6', 8765, 0, 0): b' 2025,6,2,768,10,40,4,2,7,1,2,-52,1,903,14692,29,100,3,0,0 '
Received from ('fd00::200:0:0:d', 8765, 0, 0): b' 2027,13,8,1024,0,21,4,6,7,1,2,-70,2,1143,14605,22,100,1,0,0 '
Received from ('fd00::200:0:0:3', 8765, 0, 0): b' 2028,3,1,512,0,455,7,2,7,1,2,-64,1,610,14810,131,100,2,0,0 '
Received from ('fd00::200:0:0:13', 8765, 0, 0): b' 2028,19,15,1280,0,433,5,4,7,1,1,-52,0,1017,11207,123,100,3,0,0 '
Received from ('fd00::200:0:0:e', 8765, 0, 0): b' 2028,14,11,1280,0,447,6,4,7,1,2,-70,0,728,7558,123,100,2,0,0 '
Received from ('fd00::200:0:0:14', 8765, 0, 0): b' 2028,20,15,1280,0,401,6,6,7,1,2,-70,0,808,9514,114,100,2,0,0 '
Received from ('fd00::200:0:0:2', 8765, 0, 0): b' 2029,2,1,512,0,429,7,1,6,1,1,-88,9,1032,9749,136,100,1,0,0 '
Received from ('fd00::200:0:0:12', 8765, 0, 0): b' 2029,18,15,1280,0,452,3,4,5,1,1,-70,2,631,6933,121,100,1,0,0 '
Received from ('fd00::200:0:0:a', 8765, 0, 0): b' 2028,10,6,1024,0,15,5,4,7,1,3,-52,0,367,6600,8,100,1,0,0 '
Received from ('fd00::200:0:0:1', 5678, 0, 0): b' 2030,1,0,256,0,12,0,0,4,0,0,0,10,1505,15854,2267,100,1,0,0 '
Received from ('fd00::200:0:0:c', 8765, 0, 0): b' 2030,12,8,1024,0,6,2,2,5,1,1,-52,0,531,6542,5,100,3,0,0 '
Received from ('fd00::200:0:0:5', 8765, 0, 0): b' 2031,5,1,512,0,434,7,1,6,1,1,-94,1,639,10803,136,100,2,0,0 '
Received from ('fd00::200:0:0:b', 8765, 0, 0): b' 2031,11,7,1024,0,499,3,12,7,1,1,-52,1,747,12207,127,100,1,0,0 '
Received from ('fd00::200:0:0:4', 8765, 0, 0): b' 2031,4,1,512,0,405,7,2,7,2,1,-66,10,5628,34561,135,100,2,0,0 '
Received from ('fd00::200:0:0:10', 8765, 0, 0): b' 2032,16,15,1280,0,426,12,14,7,1,6,-52,0,679,7488,113,100,2,0,0 '
Received from ('fd00::200:0:0:3', 8765, 0, 0): b' 2033,3,1,512,0,457,7,2,7,1,2,-64,1,572,7808,131,100,1,0,0 '
Received from ('fd00::200:0:0:2', 8765, 0, 0): b' 2034,2,1,512,0,430,7,1,6,1,1,-88,9,573,6843,136,100,1,0,0 '
Received from ('fd00::200:0:0:f', 8765, 0, 0): b' 2033,15,7,1024,0,428,7,17,7,1,3,-95,4,2079,20147,123,100,1,0,0 '
Received from ('fd00::200:0:0:8', 8765, 0, 0): b' 2033,8,4,768,0,462,5,20,7,1,2,-52,4,1517,14588,130,100,1,0,0 '
Received from ('fd00::200:0:0:7', 8765, 0, 0): b' 2034,7,4,768,0,451,5,16,7,1,2,-70,6,2639,20013,130,100,1,0,0 '
Received from ('fd00::200:0:0:11', 8765, 0, 0): b' 2034,17,13,1280,10,427,7,6,7,1,3,-52,1,696,9961,114,100,2,0,0 '
Received from ('fd00::200:0:0:c', 8765, 0, 0): b' 2034,12,8,1024,0,7,2,2,5,1,1,-52,0,478,4376,5,100,3,0,0 '
Received from ('fd00::200:0:0:6', 8765, 0, 0): b' 2036,6,2,768,0,41,4,2,7,1,2,-52,1,1268,14337,29,100,2,0,0 '
Received from ('fd00::200:0:0:15', 8765, 0, 0): b' 2035,21,17,1536,0,424,5,7,5,1,2,-52,0,832,11180,109,100,2,0,0 '
Received from ('fd00::200:0:0:5', 8765, 0, 0): b' 2037,5,1,512,0,435,7,1,6,1,1,-94,1,391,6980,136,100,1,0,0 '
Received from ('fd00::200:0:0:4', 8765, 0, 0): b' 2036,4,1,512,0,406,7,2,7,2,1,-66,10,2043,12589,135,100,1,0,0 '
Received from ('fd00::200:0:0:13', 8765, 0, 0): b' 2036,19,15,1280,10,437,5,4,7,1,1,-52,0,754,8339,123,100,2,0,0 '
Received from ('fd00::200:0:0:a', 8765, 0, 0): b' 2037,10,6,1024,0,15,5,4,7,1,3,-52,0,511,9699,8,100,2,0,0 '
Received from ('fd00::200:0:0:d', 8765, 0, 0): b' 2037,13,8,1024,0,21,4,6,7,1,2,-70,2,1094,16006,22,100,2,0,0 '
Received from ('fd00::200:0:0:b', 8765, 0, 0): b' 2037,11,7,1024,0,499,3,12,7,1,1,-52,1,548,9767,127,100,1,0,0 '
Received from ('fd00::200:0:0:7', 8765, 0, 0): b' 2038,7,4,768,10,452,5,16,7,1,2,-70,6,1182,9734,131,100,1,0,0 '
Received from ('fd00::200:0:0:10', 8765, 0, 0): b' 2038,16,15,1280,0,428,12,14,7,1,6,-52,0,502,6262,113,100,1,0,0 '
Received from ('fd00::200:0:0:14', 8765, 0, 0): b' 2039,20,15,1280,0,405,6,6,7,1,2,-70,0,752,9785,114,100,2,0,0 '
Received from ('fd00::200:0:0:11', 8765, 0, 0): b' 2039,17,13,1280,0,428,7,6,7,1,3,-52,1,564,7072,114,100,0,0,0 '
Received from ('fd00::200:0:0:6', 8765, 0, 0): b' 2041,6,2,768,0,41,4,2,7,1,2,-52,1,628,6809,30,100,1,0,0 '
Received from ('fd00::200:0:0:e', 8765, 0, 0): b' 2039,14,11,1280,0,451,6,4,7,1,2,-70,0,968,11414,124,100,2,0,0 '
Received from ('fd00::200:0:0:12', 8765, 0, 0): b' 2040,18,15,1280,0,456,3,4,5,1,1,-70,2,909,10860,122,100,3,0,0 '
Received from ('fd00::200:0:0:13', 8765, 0, 0): b' 2040,19,15,1280,0,437,5,4,7,1,1,-52,0,426,4358,124,100,1,0,0 '
Received from ('fd00::200:0:0:1', 5678, 0, 0): b' 2042,1,0,256,0,12,0,0,4,0,0,0,10,2678,31111,2283,100,2,0,0 '
Received from ('fd00::200:0:0:3', 8765, 0, 0): b' 2042,3,1,512,0,457,7,2,7,1,2,-64,1,382,12936,132,100,1,0,0 '
Received from ('fd00::200:0:0:f', 8765, 0, 0): b' 2041,15,7,1024,0,428,7,17,7,1,3,-95,4,2221,18763,124,100,2,0,0 '
Received from ('fd00::200:0:0:5', 8765, 0, 0): b' 2042,5,1,512,0,436,7,1,6,1,1,-94,1,390,6698,136,100,1,0,0 '
Received from ('fd00::200:0:0:d', 8765, 0, 0): b' 2042,13,8,1024,0,21,4,6,7,1,2,-70,2,555,6772,23,100,1,0,0 '
Received from ('fd00::200:0:0:8', 8765, 0, 0): b' 2043,8,4,768,0,462,5,20,7,1,2,-52,4,1876,18506,131,100,2,0,0 '
Received from ('fd00::200:0:0:2', 8765, 0, 0): b' 2044,2,1,512,0,431,7,1,6,1,1,-88,9,1584,16624,137,100,2,0,0 '
Received from ('fd00::200:0:0:c', 8765, 0, 0): b' 2045,12,8,1024,0,7,2,2,5,1,1,-52,0,606,10166,6,100,3,0,0 '
Received from ('fd00::200:0:0:6', 8765, 0, 0): b' 2047,6,2,768,0,41,4,2,7,1,2,-52,1,542,9005,30,100,1,0,0 '
Received from ('fd00::200:0:0:15', 8765, 0, 0): b' 2045,21,17,1536,0,425,5,7,5,1,2,-52,0,442,9223,109,100,1,0,0 '
Received from ('fd00::200:0:0:10', 8765, 0, 0): b' 2045,16,15,1280,0,429,12,14,7,1,6,-52,0,475,7285,114,100,1,0,0 '
Received from ('fd00::200:0:0:1', 5678, 0, 0): b' 2047,1,0,256,0,12,0,0,4,0,0,0,10,1103,13519,2288,100,1,0,0 '
Received from ('fd00::200:0:0:f', 8765, 0, 0): b' 2046,15,7,1024,0,429,7,17,7,1,3,-95,4,1094,12666,124,100,1,0,0 '
Received from ('fd00::200:0:0:a', 8765, 0, 0): b' 2047,10,6,1024,0,17,5,4,7,1,3,-52,0,826,11999,9,100,3,0,0 '
Received from ('fd00::200:0:0:e', 8765, 0, 0): b' 2046,14,11,1280,0,454,6,4,7,1,2,-70,0,608,7030,124,100,1,0,0 '
Received from ('fd00::200:0:0:5', 8765, 0, 0): b' 2047,5,1,512,0,437,7,1,6,1,1,-94,1,441,6264,137,100,1,0,0 '
Received from ('fd00::200:0:0:4', 8765, 0, 0): b' 2048,4,1,512,0,407,7,2,7,2,1,-66,10,4979,30560,136,100,2,0,0 '
Received from ('fd00::200:0:0:8', 8765, 0, 0): b' 2047,8,4,768,0,462,5,20,7,1,2,-52,4,768,8516,131,100,0,0,0 '
Received from ('fd00::200:0:0:d', 8765, 0, 0): b' 2047,13,8,1024,0,21,4,6,7,1,2,-70,2,643,8433,23,100,1,0,0 '
Received from ('fd00::200:0:0:12', 8765, 0, 0): b' 2047,18,15,1280,0,457,3,4,5,1,1,-70,2,418,7381,122,100,1,0,0 '
Received from ('fd00::200:0:0:13', 8765, 0, 0): b' 2047,19,15,1280,0,441,5,4,7,1,1,-52,0,714,7191,124,100,1,0,0 '
Received from ('fd00::200:0:0:7', 8765, 0, 0): b' 2048,7,4,768,0,454,5,16,7,1,2,-70,6,3089,22400,131,100,2,0,0 '
Received from ('fd00::200:0:0:b', 8765, 0, 0): b' 2048,11,7,1024,0,499,3,12,7,1,1,-52,1,1318,18232,128,100,3,0,0 '
Received from ('fd00::200:0:0:14', 8765, 0, 0): b' 2048,20,15,1280,10,408,6,6,7,1,2,-70,0,802,10382,115,100,3,0,0 '
Received from ('fd00::200:0:0:11', 8765, 0, 0): b' 2050,17,13,1280,0,430,7,6,7,1,3,-52,1,1265,14075,115,100,3,0,0 '
Received from ('fd00::200:0:0:6', 8765, 0, 0): b' 2052,6,2,768,0,41,4,2,7,1,2,-52,1,572,8175,31,100,1,0,0 '
Received from ('fd00::200:0:0:2', 8765, 0, 0): b' 2052,2,1,512,0,432,7,1,6,1,1,-88,9,1183,13469,137,100,1,0,0 '
Received from ('fd00::200:0:0:4', 8765, 0, 0): b' 2053,4,1,512,0,410,7,2,7,2,1,-66,10,2607,15224,136,100,1,0,0 '
Received from ('fd00::200:0:0:5', 8765, 0, 0): b' 2053,5,1,512,0,438,7,1,6,1,1,-94,1,390,6843,137,100,1,0,0 '
Received from ('fd00::200:0:0:1', 5678, 0, 0): b' 2053,1,0,256,0,12,0,0,4,0,0,0,10,1537,17191,2297,100,1,0,0 '
Received from ('fd00::200:0:0:c', 8765, 0, 0): b' 2053,12,8,1024,0,7,2,2,5,1,1,-52,0,500,6850,6,100,3,0,0 '
Received from ('fd00::200:0:0:3', 8765, 0, 0): b' 2054,3,1,512,0,458,7,2,7,1,2,-64,1,732,17232,133,100,3,0,0 '
Received from ('fd00::200:0:0:8', 8765, 0, 0): b' 2054,8,4,768,10,465,5,20,7,1,2,-52,4,1566,13638,131,100,2,0,0 '
Received from ('fd00::200:0:0:15', 8765, 0, 0): b' 2053,21,17,1536,0,427,5,7,5,1,2,-52,0,677,7767,110,100,2,0,0 '
Received from ('fd00::200:0:0:f', 8765, 0, 0): b' 2054,15,7,1024,10,430,7,17,7,1,3,-95,4,1865,20332,125,100,1,0,0 '
Received from ('fd00::200:0:0:e', 8765, 0, 0): b' 2055,14,11,1280,10,456,6,4,7,1,2,-70,0,594,8458,125,100,2,0,0 '
Received from ('fd00::200:0:0:4', 8765, 0, 0): b' 2057,4,1,512,20,412,7,2,7,2,1,-66,10,2334,13956,137,100,1,0,0 '
Received from ('fd00::200:0:0:a', 8765, 0, 0): b' 2058,10,6,1024,0,17,5,4,7,1,3,-52,0,592,11858,10,100,2,0,0 '
Received from ('fd00::200:0:0:d', 8765, 0, 0): b' 2056,13,8,1024,0,21,4,6,7,1,2,-70,2,1088,13993,24,100,2,0,0 '
Received from ('fd00::200:0:0:12', 8765, 0, 0): b' 2054,18,15,1280,0,458,3,4,5,1,1,-70,2,570,7863,123,100,2,0,0 '
Received from ('fd00::200:0:0:7', 8765, 0, 0): b' 2057,7,4,768,30,457,5,16,7,1,2,-70,6,2559,20029,132,100,1,0,0 '
Received from ('fd00::200:0:0:b', 8765, 0, 0): b' 2055,11,7,1024,10,501,3,12,7,1,1,-52,1,821,11695,129,100,1,0,0 '
Received from ('fd00::200:0:0:3', 8765, 0, 0): b' 2058,3,1,512,0,459,7,2,7,1,2,-64,1,270,6582,133,100,0,0,0 '
Received from ('fd00::200:0:0:13', 8765, 0, 0): b' 2054,19,15,1280,0,442,5,4,7,1,1,-52,0,570,7497,125,100,2,0,0 '
Received from ('fd00::200:0:0:8', 8765, 0, 0): b' 2058,8,4,768,0,467,5,20,7,1,2,-52,4,855,8113,132,100,0,0,0 '
Received from ('fd00::200:0:0:10', 8765, 0, 0): b' 2055,16,15,1280,0,430,12,14,7,1,6,-52,0,540,9790,114,100,2,0,0 '
Received from ('fd00::200:0:0:11', 8765, 0, 0): b' 2058,17,13,1280,10,433,7,6,7,1,3,-52,1,959,9695,115,100,1,0,0 '
Received from ('fd00::200:0:0:14', 8765, 0, 0): b' 2057,20,15,1280,10,410,6,6,7,1,2,-70,0,801,8938,116,100,1,0,0 '
Received from ('fd00::200:0:0:15', 8765, 0, 0): b' 2058,21,17,1536,10,428,5,7,5,1,2,-52,0,459,5015,110,100,1,0,0 '
Received from ('fd00::200:0:0:6', 8765, 0, 0): b' 2061,6,2,768,0,42,4,2,7,1,2,-52,1,877,13512,31,100,2,0,0 '
Received from ('fd00::200:0:0:c', 8765, 0, 0): b' 2061,12,8,1024,0,8,2,3,5,1,1,-52,0,592,8013,7,100,3,0,0 '
Received from ('fd00::200:0:0:12', 8765, 0, 0): b' 2060,18,15,1280,0,459,3,4,5,1,1,-70,2,393,5592,123,100,1,0,0 '
Received from ('fd00::200:0:0:b', 8765, 0, 0): b' 2061,11,7,1024,0,503,3,12,7,1,1,-52,1,692,9372,129,100,2,0,0 '
Received from ('fd00::200:0:0:10', 8765, 0, 0): b' 2061,16,15,1280,0,433,12,14,7,1,6,-52,0,735,6409,115,100,1,0,0 '
Received from ('fd00::200:0:0:2', 8765, 0, 0): b' 2062,2,1,512,0,436,7,1,6,1,1,-88,9,1703,18578,138,100,3,0,0 '
Received from ('fd00::200:0:0:11', 8765, 0, 0): b' 2063,17,13,1280,0,436,7,6,7,1,3,-52,1,1132,7595,116,100,1,0,0 '
Received from ('fd00::200:0:0:5', 8765, 0, 0): b' 2063,5,1,512,0,440,7,1,6,1,1,-94,1,717,12216,138,100,2,0,0 '
Received from ('fd00::200:0:0:13', 8765, 0, 0): b' 2062,19,15,1280,0,444,5,4,7,1,1,-52,0,524,7185,125,100,1,0,0 '
Received from ('fd00::200:0:0:15', 8765, 0, 0): b' 2063,21,17,1536,0,430,5,7,5,1,2,-52,0,380,4199,110,100,0,0,0 '
Received from ('fd00::200:0:0:1', 5678, 0, 0): b' 2065,1,0,256,0,12,0,0,4,0,0,0,10,2744,30280,2310,100,2,0,0 '
Received from ('fd00::200:0:0:a', 8765, 0, 0): b' 2066,10,6,1024,0,18,5,4,7,1,3,-52,0,534,9273,10,100,3,0,0 '
Received from ('fd00::200:0:0:14', 8765, 0, 0): b' 2064,20,15,1280,0,413,6,6,7,1,2,-70,0,723,7171,116,100,3,0,0 '
Received from ('fd00::200:0:0:8', 8765, 0, 0): b' 2065,8,4,768,0,471,5,20,7,1,2,-52,4,2099,16225,132,100,3,0,0 '
Received from ('fd00::200:0:0:3', 8765, 0, 0): b' 2066,3,1,512,0,461,7,2,7,1,2,-64,1,612,11086,133,100,3,0,0 '
Received from ('fd00::200:0:0:e', 8765, 0, 0): b' 2066,14,11,1280,0,457,6,4,7,1,2,-70,0,702,10235,126,100,2,0,0 '
Received from ('fd00::200:0:0:f', 8765, 0, 0): b' 2067,15,7,1024,0,434,7,18,7,1,3,-95,4,3481,27851,126,100,4,0,0 '
Received from ('fd00::200:0:0:b', 8765, 0, 0): b' 2067,11,7,1024,0,506,3,12,7,1,1,-52,1,915,8932,129,100,1,0,0 '
Received from ('fd00::200:0:0:d', 8765, 0, 0): b' 2068,13,8,1024,0,23,4,6,7,1,2,-70,2,2299,17657,25,100,3,0,0 '
Received from ('fd00::200:0:0:7', 8765, 0, 0): b' 2068,7,4,768,20,460,5,16,7,1,2,-70,6,3514,23645,133,100,3,0,0 '
Received from ('fd00::200:0:0:4', 8765, 0, 0): b' 2069,4,1,512,0,416,7,2,7,2,1,-66,10,6179,34222,137,100,3,0,0 '
Received from ('fd00::200:0:0:2', 8765, 0, 0): b' 2070,2,1,512,0,436,7,1,6,1,1,-88,9,727,9967,138,100,1,0,0 '
Received from ('fd00::200:0:0:12', 8765, 0, 0): b' 2068,18,15,1280,0,464,3,4,5,1,1,-70,2,901,8075,124,100,1,0,0 '
Received from ('fd00::200:0:0:6', 8765, 0, 0): b' 2069,6,2,768,0,42,4,2,7,1,2,-52,1,774,14668,32,100,2,0,0 '
Received from ('fd00::200:0:0:c', 8765, 0, 0): b' 2069,12,8,1024,0,8,2,3,6,1,1,-52,0,498,8037,7,100,3,0,0 '
Received from ('fd00::200:0:0:10', 8765, 0, 0): b' 2071,16,15,1280,0,439,12,14,7,1,6,-52,0,1063,10361,115,100,4,0,0 '
Received from ('fd00::200:0:0:13', 8765, 0, 0): b' 2071,19,15,1280,0,447,5,4,7,1,1,-52,0,687,8940,126,100,1,0,0 '
Received from ('fd00::200:0:0:3', 8765, 0, 0): b' 2072,3,1,512,10,463,7,2,7,1,2,-64,1,573,10301,134,100,1,0,0 '
Received from ('fd00::200:0:0:b', 8765, 0, 0): b' 2072,11,7,1024,0,509,3,12,7,1,1,-52,1,826,8519,130,100,2,0,0 '
Received from ('fd00::200:0:0:5', 8765, 0, 0): b' 2073,5,1,512,0,443,7,1,6,1,1,-94,1,647,12196,138,100,2,0,0 '
Received from ('fd00::200:0:0:15', 8765, 0, 0): b' 2072,21,17,1536,0,432,5,7,5,1,2,-52,0,677,9291,111,100,2,0,0 '
Received from ('fd00::200:0:0:2', 8765, 0, 0): b' 2074,2,1,512,0,436,7,1,6,1,1,-88,9,718,7432,139,100,1,0,0 '
Received from ('fd00::200:0:0:14', 8765, 0, 0): b' 2073,20,15,1280,0,417,6,6,7,1,2,-70,0,788,8465,117,100,2,0,0 '
Received from ('fd00::200:0:0:12', 8765, 0, 0): b' 2073,18,15,1280,0,464,3,4,5,1,1,-70,2,262,4413,124,100,1,0,0 '
Received from ('fd00::200:0:0:1', 5678, 0, 0): b' 2075,1,0,256,0,12,0,0,4,0,0,0,10,2473,27144,2325,100,2,0,0 '
Received from ('fd00::200:0:0:e', 8765, 0, 0): b' 2074,14,11,1280,0,460,6,4,7,1,2,-70,0,660,7937,126,100,1,0,0 '
Received from ('fd00::200:0:0:6', 8765, 0, 0): b' 2074,6,2,768,0,42,4,2,7,1,2,-52,1,516,8177,32,100,1,0,0 '
Received from ('fd00::200:0:0:11', 8765, 0, 0): b' 2074,17,13,1280,0,442,7,6,7,1,3,-52,1,1931,16382,116,100,4,0,0 '
Received from ('fd00::200:0:0:a', 8765, 0, 0): b' 2077,10,6,1024,0,20,5,4,7,1,3,-52,0,1135,13248,11,100,4,0,0 '
Received from ('fd00::200:0:0:f', 8765, 0, 0): b' 2076,15,7,1024,0,435,7,18,7,1,3,-95,4,2407,21641,126,100,2,0,0 '
Received from ('fd00::200:0:0:8', 8765, 0, 0): b' 2076,8,4,768,0,473,5,20,7,1,2,-52,4,1952,21411,133,100,3,0,0 '
Received from ('fd00::200:0:0:7', 8765, 0, 0): b' 2076,7,4,768,0,462,5,17,7,1,2,-70,6,2731,19615,133,100,4,0,0 '
Received from ('fd00::200:0:0:4', 8765, 0, 0): b' 2078,4,1,512,0,417,7,2,7,2,1,-66,10,3742,24291,138,100,2,0,0 '
Received from ('fd00::200:0:0:d', 8765, 0, 0): b' 2078,13,8,1024,0,24,4,6,7,1,2,-70,2,1214,13366,25,100,3,0,0 '
Received from ('fd00::200:0:0:5', 8765, 0, 0): b' 2079,5,1,512,0,445,7,1,6,1,1,-94,1,573,6927,139,100,1,0,0 '
Received from ('fd00::200:0:0:2', 8765, 0, 0): b' 2080,2,1,512,0,436,7,1,6,1,1,-88,9,827,9843,139,100,1,0,0 '
Received from ('fd00::200:0:0:c', 8765, 0, 0): b' 2081,12,8,1024,0,8,2,3,6,1,1,-52,0,602,11014,8,100,3,0,0 '
Received from ('fd00::200:0:0:15', 8765, 0, 0): b' 2081,21,17,1536,0,433,5,7,5,1,2,-52,0,594,8679,112,100,2,0,0 '
Received from ('fd00::200:0:0:3', 8765, 0, 0): b' 2081,3,1,512,0,466,7,2,7,1,2,-64,1,821,12670,134,100,2,0,0 '
Received from ('fd00::200:0:0:1', 5678, 0, 0): b' 2082,1,0,256,0,12,0,0,4,0,0,0,10,1344,17491,2332,100,1,0,0 '
Received from ('fd00::200:0:0:12', 8765, 0, 0): b' 2081,18,15,1280,0,466,3,4,5,1,1,-70,2,580,7907,125,100,1,0,0 '
Received from ('fd00::200:0:0:13', 8765, 0, 0): b' 2082,19,15,1280,10,450,5,4,7,1,1,-52,0,752,9568,126,100,2,0,0 '
Received from ('fd00::200:0:0:5', 8765, 0, 0): b' 2083,5,1,512,0,446,7,1,6,1,1,-94,1,366,5135,139,100,1,0,0 '
Received from ('fd00::200:0:0:b', 8765, 0, 0): b' 2082,11,7,1024,0,510,3,12,7,1,1,-52,1,981,15499,130,100,2,0,0 '
Received from ('fd00::200:0:0:a', 8765, 0, 0): b' 2085,10,6,1024,0,20,5,4,7,1,3,-52,0,417,9552,11,100,1,0,0 '
Received from ('fd00::200:0:0:10', 8765, 0, 0): b' 2082,16,15,1280,10,444,12,14,7,1,6,-52,0,920,10456,116,100,2,0,0 '
Received from ('fd00::200:0:0:8', 8765, 0, 0): b' 2084,8,4,768,0,474,5,20,7,1,2,-52,4,1229,13853,133,100,1,0,0 '
Received from ('fd00::200:0:0:11', 8765, 0, 0): b' 2084,17,13,1280,10,447,7,6,7,1,3,-52,1,1353,12178,117,100,3,0,0 '
Received from ('fd00::200:0:0:e', 8765, 0, 0): b' 2084,14,11,1280,0,462,6,4,7,1,2,-70,0,701,9519,127,100,2,0,0 '
Received from ('fd00::200:0:0:6', 8765, 0, 0): b' 2086,6,2,768,0,43,4,2,7,1,2,-52,1,1297,15723,33,100,2,0,0 '
Received from ('fd00::200:0:0:14', 8765, 0, 0): b' 2084,20,15,1280,20,422,6,6,7,1,2,-70,0,966,10665,118,100,2,0,0 '
Received from ('fd00::200:0:0:d', 8765, 0, 0): b' 2085,13,8,1024,0,25,4,6,7,1,2,-70,2,1038,9952,26,100,2,0,0 '
Received from ('fd00::200:0:0:f', 8765, 0, 0): b' 2085,15,7,1024,10,436,7,18,7,1,3,-95,4,2307,21971,127,100,2,0,0 '
Received from ('fd00::200:0:0:15', 8765, 0, 0): b' 2086,21,17,1536,0,433,5,7,5,1,2,-52,0,262,4089,112,100,1,0,0 '
Received from ('fd00::200:0:0:4', 8765, 0, 0): b' 2087,4,1,512,10,422,7,2,7,2,1,-66,10,4491,25693,138,100,3,0,0 '
Received from ('fd00::200:0:0:2', 8765, 0, 0): b' 2087,2,1,512,10,438,7,1,6,1,1,-88,9,1202,11214,139,100,1,0,0 '
Received from ('fd00::200:0:0:1', 5678, 0, 0): b' 2087,1,0,256,0,12,0,0,4,0,0,0,10,1586,15388,2341,100,1,0,0 '
Received from ('fd00::200:0:0:7', 8765, 0, 0): b' 2086,7,4,768,0,464,5,17,7,1,2,-70,6,2737,21642,134,100,3,0,0 '
Received from ('fd00::200:0:0:c', 8765, 0, 0): b' 2088,12,8,1024,0,8,2,3,6,1,1,-52,0,559,7189,9,100,2,0,0 '
Received from ('fd00::200:0:0:12', 8765, 0, 0): b' 2088,18,15,1280,0,467,3,4,5,1,1,-70,2,490,5327,125,100,2,0,0 '
Received from ('fd00::200:0:0:b', 8765, 0, 0): b' 2088,11,7,1024,0,513,3,12,7,1,1,-52,1,953,9876,131,100,2,0,0 '
Received from ('fd00::200:0:0:9', 8765, 0, 0): b' 2051,9,4,896,90,16,3,4,7,0,2,-70,0,169,4886,19,100,1,0,0 '
Received from ('fd00::200:0:0:5', 8765, 0, 0): b' 2090,5,1,512,30,447,7,1,6,1,1,-94,1,751,9788,140,100,1,0,0 '
Received from ('fd00::200:0:0:14', 8765, 0, 0): b' 2090,20,15,1280,0,424,6,6,7,1,2,-70,0,576,5859,118,100,2,0,0 '
Received from ('fd00::200:0:0:9', 8765, 0, 0): b' 2059,9,4,896,90,17,3,4,7,0,2,-70,0,391,6785,20,100,3,0,0 '
Received from ('fd00::200:0:0:d', 8765, 0, 0): b' 2091,13,8,1024,0,25,4,6,7,1,2,-70,2,579,7536,26,100,1,0,0 '
Received from ('fd00::200:0:0:9', 8765, 0, 0): b' 2068,9,4,896,90,18,3,4,7,0,2,-70,0,366,8084,20,100,2,0,0 '
Received from ('fd00::200:0:0:6', 8765, 0, 0): b' 2092,6,2,768,0,43,4,2,7,1,2,-52,1,652,9679,33,100,1,0,0 '
Received from ('fd00::200:0:0:3', 8765, 0, 0): b' 2092,3,1,512,0,469,7,2,7,1,2,-64,1,860,13318,135,100,2,0,0 '
Received from ('fd00::200:0:0:8', 8765, 0, 0): b' 2091,8,4,768,10,478,5,20,7,1,2,-52,4,1925,16202,134,100,2,0,0 '
Received from ('fd00::200:0:0:9', 8765, 0, 0): b' 2078,9,4,896,100,19,3,4,7,0,2,-70,0,415,8664,21,100,3,0,0 '
Received from ('fd00::200:0:0:9', 8765, 0, 0): b' 2086,9,4,896,90,20,3,4,7,0,2,-70,0,404,7826,22,100,2,0,0 '
Received from ('fd00::200:0:0:1', 5678, 0, 0): b' 2093,1,0,256,0,12,0,0,4,0,0,0,10,1558,16050,2349,100,1,0,0 '
Received from ('fd00::200:0:0:4', 8765, 0, 0): b' 2095,4,1,512,0,423,7,2,7,2,1,-66,10,3426,21103,139,100,1,0,0 '
Received from ('fd00::200:0:0:a', 8765, 0, 0): b' 2096,10,6,1024,0,21,5,4,7,1,3,-52,0,847,13145,12,100,3,0,0 '
Received from ('fd00::200:0:0:10', 8765, 0, 0): b' 2094,16,15,1280,0,449,12,14,7,1,6,-52,0,1151,11610,117,100,3,0,0 '
Received from ('fd00::200:0:0:7', 8765, 0, 0): b' 2095,7,4,768,50,469,5,19,7,1,2,-70,6,2270,18161,134,100,3,0,0 '
Received from ('fd00::200:0:0:d', 8765, 0, 0): b' 2095,13,8,1024,10,26,4,6,7,1,2,-70,2,668,5858,26,100,1,0,0 '
Received from ('fd00::200:0:0:b', 8765, 0, 0): b' 2094,11,7,1024,10,514,3,12,7,1,1,-52,1,561,8665,131,100,1,0,0 '
Received from ('fd00::200:0:0:11', 8765, 0, 0): b' 2094,17,13,1280,0,452,7,6,7,1,3,-52,1,1738,16050,118,100,2,0,0 '
Received from ('fd00::200:0:0:13', 8765, 0, 0): b' 2094,19,15,1280,0,452,5,4,7,1,1,-52,0,726,11226,127,100,2,0,0 '
Received from ('fd00::200:0:0:2', 8765, 0, 0): b' 2097,2,1,512,10,443,7,1,6,1,1,-88,9,1846,17178,140,100,3,0,0 '
Received from ('fd00::200:0:0:15', 8765, 0, 0): b' 2095,21,17,1536,0,438,5,7,5,1,2,-52,0,925,9997,113,100,1,0,0 '
Received from ('fd00::200:0:0:e', 8765, 0, 0): b' 2094,14,11,1280,10,465,6,4,7,1,2,-70,0,752,9293,128,100,2,0,0 '
Received from ('fd00::200:0:0:9', 8765, 0, 0): b' 2098,9,5,768,0,21,5,4,7,1,3,-52,0,1963,13515,22,100,4,0,0 '
Received from ('fd00::200:0:0:1', 5678, 0, 0): b' 2098,1,0,256,0,12,0,0,4,0,0,0,10,1182,12884,2354,100,1,0,0 '
Received from ('fd00::200:0:0:f', 8765, 0, 0): b' 2097,15,7,1024,0,439,7,18,7,1,3,-95,4,2741,26956,128,100,3,0,0 '
Received from ('fd00::200:0:0:8', 8765, 0, 0): b' 2098,8,4,768,0,482,5,20,7,1,2,-52,4,1651,13878,134,100,3,0,0 '
Received from ('fd00::200:0:0:12', 8765, 0, 0): b' 2098,18,15,1280,0,470,3,4,5,1,1,-70,2,711,10361,126,100,1,0,0 '
Received from ('fd00::200:0:0:3', 8765, 0, 0): b' 2099,3,1,512,0,472,7,2,7,1,2,-64,1,726,10015,136,100,2,0,0 '
Received from ('fd00::200:0:0:c', 8765, 0, 0): b' 2099,12,8,1024,0,9,2,3,6,1,1,-52,0,647,10311,9,100,4,0,0 '
Received from ('fd00::200:0:0:5', 8765, 0, 0): b' 2100,5,1,512,10,451,7,1,6,1,1,-94,2,2329,17942,140,100,2,0,0 '
Received from ('fd00::200:0:0:7', 8765, 0, 0): b' 2099,7,4,768,10,471,5,19,7,1,2,-70,6,1645,10574,135,100,1,0,0 '
Received from ('fd00::200:0:0:2', 8765, 0, 0): b' 2101,2,1,512,0,445,7,1,6,1,1,-88,9,486,6189,140,100,1,0,0 '
Received from ('fd00::200:0:0:4', 8765, 0, 0): b' 2101,4,1,512,10,428,7,2,7,2,1,-66,10,3915,18364,139,100,3,0,0 '
Received from ('fd00::200:0:0:6', 8765, 0, 0): b' 2101,6,2,768,10,45,4,2,7,1,2,-52,1,1380,14771,34,100,4,0,0 '
Received from ('fd00::200:0:0:14', 8765, 0, 0): b' 2101,20,15,1280,0,428,6,6,7,1,2,-70,0,915,10904,119,100,2,0,0 '
Received from ('fd00::200:0:0:11', 8765, 0, 0): b' 2100,17,13,1280,0,453,7,6,7,1,3,-52,1,717,7336,118,100,1,0,0 '
Received from ('fd00::200:0:0:b', 8765, 0, 0): b' 2101,11,7,1024,0,516,3,12,7,1,1,-52,1,1042,12464,132,100,3,0,0 '
Received from ('fd00::200:0:0:f', 8765, 0, 0): b' 2102,15,7,1024,0,440,7,18,7,1,3,-95,4,1425,13302,128,100,1,0,0 '
Received from ('fd00::200:0:0:13', 8765, 0, 0): b' 2103,19,15,1280,0,453,5,4,7,1,1,-52,0,595,8638,128,100,2,0,0 '
Received from ('fd00::200:0:0:a', 8765, 0, 0): b' 2104,10,6,1024,0,23,5,4,7,1,3,-52,0,799,11321,13,100,4,0,0 '
Received from ('fd00::200:0:0:10', 8765, 0, 0): b' 2104,16,15,1280,10,455,12,14,7,1,6,-52,0,1026,10758,118,100,2,0,0 '
Received from ('fd00::200:0:0:12', 8765, 0, 0): b' 2105,18,15,1280,0,472,3,4,5,1,1,-70,2,525,6304,126,100,1,0,0 '
Received from ('fd00::200:0:0:4', 8765, 0, 0): b' 2106,4,1,512,10,431,7,2,7,2,1,-66,10,2567,13306,140,100,2,0,0 '
Received from ('fd00::200:0:0:15', 8765, 0, 0): b' 2105,21,17,1536,0,442,5,7,5,1,2,-52,0,859,9280,113,100,2,0,0 '
Received from ('fd00::200:0:0:1', 5678, 0, 0): b' 2106,1,0,256,0,12,0,0,4,0,0,0,10,2318,22907,2368,100,2,0,0 '
Received from ('fd00::200:0:0:7', 8765, 0, 0): b' 2106,7,4,768,20,474,5,19,7,1,2,-70,6,2160,14672,135,100,1,0,0 '
Received from ('fd00::200:0:0:d', 8765, 0, 0): b' 2105,13,8,1024,0,27,4,6,7,1,2,-70,2,1430,14361,27,100,2,0,0 '
Received from ('fd00::200:0:0:14', 8765, 0, 0): b' 2105,20,15,1280,10,429,6,6,7,1,2,-70,0,263,4108,119,100,1,0,0 '
Received from ('fd00::200:0:0:c', 8765, 0, 0): b' 2105,12,8,1024,0,10,2,3,7,1,1,-52,0,536,6545,10,100,3,0,0 '
Received from ('fd00::200:0:0:e', 8765, 0, 0): b' 2105,14,11,1280,0,468,6,4,7,1,2,-70,0,833,11555,128,100,2,0,0 '
Received from ('fd00::200:0:0:3', 8765, 0, 0): b' 2108,3,1,512,0,475,7,2,7,1,2,-64,1,623,10129,136,100,2,0,0 '
Received from ('fd00::200:0:0:9', 8765, 0, 0): b' 2108,9,5,768,0,22,5,4,7,1,3,-52,0,540,9949,23,100,2,0,0 '
Received from ('fd00::200:0:0:b', 8765, 0, 0): b' 2107,11,7,1024,0,519,3,12,7,1,1,-52,1,802,8675,132,100,1,0,0 '
Received from ('fd00::200:0:0:8', 8765, 0, 0): b' 2108,8,4,768,0,487,5,20,7,1,2,-52,4,2393,20207,135,100,3,0,0 '
Received from ('fd00::200:0:0:2', 8765, 0, 0): b' 2110,2,1,512,0,447,7,1,6,1,1,-88,9,1410,14325,141,100,2,0,0 '
Received from ('fd00::200:0:0:12', 8765, 0, 0): b' 2109,18,15,1280,0,473,3,4,5,1,1,-70,2,425,4264,127,100,1,0,0 '
Received from ('fd00::200:0:0:6', 8765, 0, 0): b' 2111,6,2,768,0,45,4,2,7,1,2,-52,1,871,15221,34,100,2,0,0 '
Received from ('fd00::200:0:0:4', 8765, 0, 0): b' 2111,4,1,512,0,432,7,2,7,2,1,-66,10,2380,13411,140,100,1,0,0 '
Received from ('fd00::200:0:0:a', 8765, 0, 0): b' 2111,10,6,1024,0,23,5,4,7,1,3,-52,0,497,8933,13,100,1,0,0 '
Received from ('fd00::200:0:0:5', 8765, 0, 0): b' 2111,5,1,512,0,451,7,1,6,1,1,-94,2,877,16788,141,100,2,0,0 '
Received from ('fd00::200:0:0:e', 8765, 0, 0): b' 2110,14,11,1280,0,470,6,4,7,1,2,-70,0,534,5046,129,100,1,0,0 '
Received from ('fd00::200:0:0:b', 8765, 0, 0): b' 2111,11,7,1024,0,519,3,12,7,1,1,-52,1,695,6829,132,100,1,0,0 '
Received from ('fd00::200:0:0:13', 8765, 0, 0): b' 2112,19,15,1280,10,455,5,4,7,1,1,-52,0,621,8500,128,100,2,0,0 '
Received from ('fd00::200:0:0:11', 8765, 0, 0): b' 2112,17,13,1280,0,455,7,6,7,1,3,-52,1,1252,15271,119,100,2,0,0 '
Received from ('fd00::200:0:0:9', 8765, 0, 0): b' 2113,9,5,768,0,23,5,4,7,1,3,-52,0,357,4515,23,100,2,0,0 '
Received from ('fd00::200:0:0:7', 8765, 0, 0): b' 2114,7,4,768,10,474,5,19,7,1,2,-70,6,2079,16653,136,100,1,0,0 '
Received from ('fd00::200:0:0:14', 8765, 0, 0): b' 2113,20,15,1280,0,430,6,6,7,1,2,-70,0,622,7525,119,100,2,0,0 '
Received from ('fd00::200:0:0:f', 8765, 0, 0): b' 2113,15,7,1024,20,444,7,18,7,1,3,-95,4,3244,27607,129,100,3,0,0 '
Received from ('fd00::200:0:0:10', 8765, 0, 0): b' 2114,16,15,1280,0,459,12,14,7,1,6,-52,0,868,9499,118,100,2,0,0 '
Received from ('fd00::200:0:0:8', 8765, 0, 0): b' 2116,8,4,768,0,489,5,20,7,1,2,-52,4,1016,12798,135,100,1,0,0 '
Received from ('fd00::200:0:0:d', 8765, 0, 0): b' 2115,13,8,1024,10,30,4,6,7,1,2,-70,2,1345,13400,28,100,2,0,0 '
Received from ('fd00::200:0:0:2', 8765, 0, 0): b' 2116,2,1,512,0,450,7,1,6,1,1,-88,9,1076,10125,141,100,1,0,0 '
Received from ('fd00::200:0:0:3', 8765, 0, 0): b' 2115,3,1,512,0,478,7,2,7,1,2,-64,1,801,10291,137,100,2,0,0 '
Received from ('fd00::200:0:0:15', 8765, 0, 0): b' 2115,21,17,1536,0,445,5,7,5,1,2,-52,0,808,9733,114,100,2,0,0 '
Received from ('fd00::200:0:0:4', 8765, 0, 0): b' 2117,4,1,512,0,433,7,2,7,2,1,-66,10,2923,16427,140,100,1,0,0 '
Received from ('fd00::200:0:0:9', 8765, 0, 0): b' 2117,9,5,768,0,23,5,4,7,1,3,-52,0,340,4260,24,100,1,0,0 '
Received from ('fd00::200:0:0:1', 5678, 0, 0): b' 2117,1,0,256,0,12,0,0,4,0,0,0,10,2921,31472,2382,100,2,0,0 '
Received from ('fd00::200:0:0:c', 8765, 0, 0): b' 2117,12,8,1024,0,11,2,3,7,1,1,-52,0,650,11006,10,100,4,0,0 '
Received from ('fd00::200:0:0:13', 8765, 0, 0): b' 2119,19,15,1280,0,458,5,4,7,1,1,-52,0,688,6989,129,100,1,0,0 '
Received from ('fd00::200:0:0:7', 8765, 0, 0): b' 2120,7,4,768,0,474,5,20,7,1,2,-70,6,1619,12710,136,100,2,0,0 '
Received from ('fd00::200:0:0:6', 8765, 0, 0): b' 2119,6,2,768,0,47,4,2,7,1,2,-52,1,1005,13205,35,100,3,0,0 '
Received from ('fd00::200:0:0:11', 8765, 0, 0): b' 2117,17,13,1280,0,456,7,6,7,1,3,-52,1,661,7494,119,100,1,0,0 '
Received from ('fd00::200:0:0:f', 8765, 0, 0): b' 2120,15,7,1024,0,444,7,18,7,1,3,-95,4,1277,11766,129,100,1,0,0 '
Received from ('fd00::200:0:0:5', 8765, 0, 0): b' 2120,5,1,512,0,456,7,1,6,1,1,-94,2,1549,14286,141,100,2,0,0 '
Received from ('fd00::200:0:0:8', 8765, 0, 0): b' 2120,8,4,768,10,490,5,20,7,1,2,-52,4,1397,9652,136,100,2,0,0 '
Received from ('fd00::200:0:0:12', 8765, 0, 0): b' 2120,18,15,1280,0,476,3,4,5,1,1,-70,2,752,10139,127,100,2,0,0 '
Received from ('fd00::200:0:0:e', 8765, 0, 0): b' 2119,14,11,1280,0,476,6,4,7,1,2,-70,0,977,9328,129,100,1,0,0 '
Received from ('fd00::200:0:0:2', 8765, 0, 0): b' 2120,2,1,512,10,451,7,1,6,1,1,-88,9,822,8128,142,100,2,0,0 '
Received from ('fd00::200:0:0:b', 8765, 0, 0): b' 2121,11,7,1024,0,523,3,12,7,1,1,-52,1,1395,15072,133,100,4,0,0 '
Received from ('fd00::200:0:0:a', 8765, 0, 0): b' 2122,10,6,1024,0,24,5,4,7,1,3,-52,0,823,12979,14,100,3,0,0 '
Received from ('fd00::200:0:0:1', 5678, 0, 0): b' 2123,1,0,256,0,12,0,0,4,0,0,0,10,1410,15319,2389,100,1,0,0 '
Received from ('fd00::200:0:0:4', 8765, 0, 0): b' 2122,4,1,512,10,436,7,2,7,2,1,-66,10,2663,15070,141,100,2,0,0 '
Received from ('fd00::200:0:0:9', 8765, 0, 0): b' 2123,9,5,768,0,25,5,4,7,1,3,-52,0,488,5654,24,100,2,0,0 '
Received from ('fd00::200:0:0:7', 8765, 0, 0): b' 2124,7,4,768,0,474,5,20,7,1,2,-70,6,1052,8840,136,100,1,0,0 '
Received from ('fd00::200:0:0:3', 8765, 0, 0): b' 2124,3,1,512,0,482,7,2,7,1,2,-64,1,730,10258,137,100,2,0,0 '
Received from ('fd00::200:0:0:5', 8765, 0, 0): b' 2125,5,1,512,0,460,7,1,6,1,1,-94,2,993,8374,142,100,1,0,0 '
Received from ('fd00::200:0:0:15', 8765, 0, 0): b' 2124,21,17,1536,0,448,5,7,5,1,2,-52,0,784,8602,115,100,2,0,0 '
Received from ('fd00::200:0:0:f', 8765, 0, 0): b' 2125,15,7,1024,20,446,7,18,7,1,3,-95,4,1269,12071,130,100,2,0,0 '
Received from ('fd00::200:0:0:14', 8765, 0, 0): b' 2124,20,15,1280,0,434,6,6,7,1,2,-70,0,909,10060,120,100,3,0,0 '
Received from ('fd00::200:0:0:10', 8765, 0, 0): b' 2125,16,15,1280,0,464,12,14,7,1,6,-52,0,1121,11117,119,100,3,0,0 '
Received from ('fd00::200:0:0:12', 8765, 0, 0): b' 2125,18,15,1280,0,478,3,4,5,1,1,-70,2,557,5702,128,100,1,0,0 '
Received from ('fd00::200:0:0:6', 8765, 0, 0): b' 2126,6,2,768,10,48,4,2,7,1,2,-52,1,648,10550,35,100,2,0,0 '
Received from ('fd00::200:0:0:7', 8765, 0, 0): b' 2127,7,4,768,0,475,5,20,7,1,2,-70,6,1441,9745,136,100,1,0,0 '
Received from ('fd00::200:0:0:d', 8765, 0, 0): b' 2126,13,8,1024,10,31,4,6,7,1,2,-70,2,1467,15017,28,100,2,0,0 '
Received from ('fd00::200:0:0:2', 8765, 0, 0): b' 2127,2,1,512,0,456,7,1,6,1,1,-88,9,1458,12955,142,100,2,0,0 '
Received from ('fd00::200:0:0:9', 8765, 0, 0): b' 2128,9,5,768,0,26,5,4,7,1,3,-52,0,381,4767,24,100,2,0,0 '
Received from ('fd00::200:0:0:c', 8765, 0, 0): b' 2128,12,8,1024,0,13,2,3,7,1,1,-52,0,614,10174,11,100,3,0,0 '
Received from ('fd00::200:0:0:13', 8765, 0, 0): b' 2127,19,15,1280,0,460,5,4,7,1,1,-52,0,621,8234,129,100,2,0,0 '
Received from ('fd00::200:0:0:e', 8765, 0, 0): b' 2128,14,11,1280,0,479,6,4,7,1,2,-70,0,784,8415,130,100,2,0,0 '
Received from ('fd00::200:0:0:8', 8765, 0, 0): b' 2130,8,4,768,0,496,5,20,7,1,2,-52,4,2111,20739,136,100,3,0,0 '
Received from ('fd00::200:0:0:b', 8765, 0, 0): b' 2130,11,7,1024,10,529,3,12,7,1,1,-52,1,1286,14691,133,100,2,0,0 '
Received from ('fd00::200:0:0:11', 8765, 0, 0): b' 2130,17,13,1280,0,461,7,6,7,1,3,-52,1,1495,14880,120,100,2,0,0 '
Received from ('fd00::200:0:0:a', 8765, 0, 0): b' 2131,10,6,1024,0,25,5,4,7,1,3,-52,0,718,10941,14,100,3,0,0 '
Received from ('fd00::200:0:0:3', 8765, 0, 0): b' 2132,3,1,512,0,485,7,2,7,1,2,-64,1,795,10667,138,100,3,0,0 '
Received from ('fd00::200:0:0:f', 8765, 0, 0): b' 2132,15,7,1024,10,447,7,18,7,1,3,-95,4,1798,17722,130,100,1,0,0 '
Received from ('fd00::200:0:0:6', 8765, 0, 0): b' 2131,6,2,768,10,51,4,2,7,1,2,-52,1,924,9637,36,100,1,0,0 '
Received from ('fd00::200:0:0:10', 8765, 0, 0): b' 2132,16,15,1280,0,464,12,14,7,1,6,-52,0,314,6879,119,100,1,0,0 '
Received from ('fd00::200:0:0:1', 5678, 0, 0): b' 2133,1,0,256,0,12,0,0,4,0,0,0,10,2426,26798,2402,100,1,0,0 '
Received from ('fd00::200:0:0:c', 8765, 0, 0): b' 2132,12,8,1024,0,13,2,3,7,1,1,-52,0,361,3997,11,100,2,0,0 '
Received from ('fd00::200:0:0:4', 8765, 0, 0): b' 2133,4,1,512,20,439,7,2,7,2,1,-66,10,5076,27965,142,100,3,0,0 '
Received from ('fd00::200:0:0:e', 8765, 0, 0): b' 2131,14,11,1280,0,479,6,4,7,1,2,-70,0,165,3828,130,100,0,0,0 '
Received from ('fd00::200:0:0:14', 8765, 0, 0): b' 2133,20,15,1280,0,437,6,6,7,1,2,-70,0,778,8927,121,100,1,0,0 '
Received from ('fd00::200:0:0:12', 8765, 0, 0): b' 2133,18,15,1280,0,479,3,4,5,1,1,-70,2,514,7368,128,100,2,0,0 '
Received from ('fd00::200:0:0:9', 8765, 0, 0): b' 2135,9,5,768,0,26,5,4,7,1,3,-52,0,464,6973,25,100,1,0,0 '
Received from ('fd00::200:0:0:5', 8765, 0, 0): b' 2135,5,1,512,0,463,7,1,6,1,1,-94,2,1461,17057,142,100,2,0,0 '
Received from ('fd00::200:0:0:10', 8765, 0, 0): b' 2136,16,15,1280,0,464,12,14,7,1,6,-52,0,320,4277,120,100,1,0,0 '
Received from ('fd00::200:0:0:1', 5678, 0, 0): b' 2137,1,0,256,0,12,0,0,4,0,0,0,10,1093,11214,2408,100,1,0,0 '
Received from ('fd00::200:0:0:d', 8765, 0, 0): b' 2137,13,8,1024,30,34,4,6,7,1,2,-70,2,1273,13884,29,100,2,0,0 '
Received from ('fd00::200:0:0:b', 8765, 0, 0): b' 2136,11,7,1024,0,532,3,12,7,1,1,-52,1,1216,12368,134,100,2,0,0 '
Received from ('fd00::200:0:0:4', 8765, 0, 0): b' 2137,4,1,512,0,440,7,2,7,2,1,-66,10,1653,10104,142,100,0,0,0 '
Received from ('fd00::200:0:0:7', 8765, 0, 0): b' 2138,7,4,768,10,476,5,20,7,1,2,-70,6,3222,24480,137,100,2,0,0 '
Received from ('fd00::200:0:0:15', 8765, 0, 0): b' 2136,21,17,1536,0,452,5,7,5,1,2,-52,0,883,11348,115,100,2,0,0 '
Received from ('fd00::200:0:0:14', 8765, 0, 0): b' 2138,20,15,1280,0,438,6,6,7,1,2,-70,0,369,4583,121,100,1,0,0 '
Received from ('fd00::200:0:0:2', 8765, 0, 0): b' 2139,2,1,512,0,457,7,1,6,1,1,-88,9,1362,17476,143,100,3,0,0 '
Received from ('fd00::200:0:0:c', 8765, 0, 0): b' 2138,12,8,1024,10,14,2,3,7,1,1,-52,0,537,6465,12,100,3,0,0 '
Received from ('fd00::200:0:0:11', 8765, 0, 0): b' 2139,17,13,1280,0,464,7,6,7,1,3,-52,1,1283,12777,121,100,2,0,0 '
Received from ('fd00::200:0:0:9', 8765, 0, 0): b' 2140,9,5,768,0,28,5,4,7,1,3,-52,0,488,6933,25,100,2,0,0 '
Received from ('fd00::200:0:0:8', 8765, 0, 0): b' 2139,8,4,768,0,503,5,20,7,1,2,-52,4,2856,22436,137,100,3,0,0 '
Received from ('fd00::200:0:0:13', 8765, 0, 0): b' 2139,19,15,1280,0,461,5,4,7,1,1,-52,0,688,11256,130,100,2,0,0 '
Received from ('fd00::200:0:0:e', 8765, 0, 0): b' 2139,14,11,1280,0,480,6,4,7,1,2,-70,0,664,7701,131,100,2,0,0 '
Received from ('fd00::200:0:0:a', 8765, 0, 0): b' 2141,10,6,1024,0,27,5,4,7,1,3,-52,0,829,12533,15,100,3,0,0 '
Received from ('fd00::200:0:0:f', 8765, 0, 0): b' 2141,15,7,1024,0,449,7,18,7,1,3,-95,4,2493,21595,131,100,3,0,0 '
Received from ('fd00::200:0:0:12', 8765, 0, 0): b' 2141,18,15,1280,0,481,3,4,5,1,1,-70,2,580,7951,129,100,1,0,0 '
Received from ('fd00::200:0:0:3', 8765, 0, 0): b' 2142,3,1,512,0,490,7,2,7,1,2,-64,1,861,12470,138,100,2,0,0 '
Received from ('fd00::200:0:0:15', 8765, 0, 0): b' 2142,21,17,1536,0,452,5,7,5,1,2,-52,0,343,5327,116,100,1,0,0 '
Received from ('fd00::200:0:0:6', 8765, 0, 0): b' 2141,6,2,768,0,53,4,2,7,1,2,-52,1,1203,16161,37,100,3,0,0 '
Received from ('fd00::200:0:0:7', 8765, 0, 0): b' 2143,7,4,768,0,477,5,20,7,1,2,-70,6,1509,11393,137,100,1,0,0 '
Received from ('fd00::200:0:0:1', 5678, 0, 0): b' 2145,1,0,256,0,12,0,0,4,0,0,0,10,1896,20616,2418,100,2,0,0 '
Received from ('fd00::200:0:0:4', 8765, 0, 0): b' 2144,4,1,512,0,442,7,2,7,2,1,-66,10,3521,19789,142,100,2,0,0 '
Received from ('fd00::200:0:0:b', 8765, 0, 0): b' 2143,11,7,1024,10,534,3,12,7,1,1,-52,1,744,10970,134,100,2,0,0 '
Received from ('fd00::200:0:0:c', 8765, 0, 0): b' 2143,12,8,1024,0,14,2,3,7,1,1,-52,0,308,5955,12,100,1,0,0 '
Received from ('fd00::200:0:0:5', 8765, 0, 0): b' 2146,5,1,512,0,464,7,1,6,1,1,-94,2,1211,17149,143,100,2,0,0 '
Received from ('fd00::200:0:0:14', 8765, 0, 0): b' 2146,20,15,1280,0,440,6,6,7,1,2,-70,0,701,8820,122,100,2,0,0 '
Received from ('fd00::200:0:0:6', 8765, 0, 0): b' 2147,6,2,768,10,54,4,2,7,1,2,-52,1,474,8024,37,100,1,0,0 '
Received from ('fd00::200:0:0:10', 8765, 0, 0): b' 2148,16,15,1280,0,466,12,14,7,1,6,-52,0,671,10667,120,100,2,0,0 '
Received from ('fd00::200:0:0:13', 8765, 0, 0): b' 2148,19,15,1280,0,465,5,4,7,1,1,-52,0,861,8473,131,100,1,0,0 '
Received from ('fd00::200:0:0:3', 8765, 0, 0): b' 2148,3,1,512,10,492,7,2,7,1,2,-64,1,670,8639,139,100,2,0,0 '
Received from ('fd00::200:0:0:11', 8765, 0, 0): b' 2148,17,13,1280,0,466,7,6,7,1,3,-52,1,845,11378,121,100,1,0,0 '
Received from ('fd00::200:0:0:d', 8765, 0, 0): b' 2146,13,8,1024,10,35,4,6,7,1,2,-70,2,1592,16203,30,100,2,0,0 '
Received from ('fd00::200:0:0:e', 8765, 0, 0): b' 2148,14,11,1280,0,481,6,4,7,1,2,-70,0,417,7801,131,100,1,0,0 '
Received from ('fd00::200:0:0:8', 8765, 0, 0): b' 2148,8,4,768,10,507,5,20,7,1,2,-52,4,1956,19083,138,100,1,0,0 '
Received from ('fd00::200:0:0:12', 8765, 0, 0): b' 2149,18,15,1280,0,483,3,4,5,1,1,-70,2,705,7858,129,100,2,0,0 '
Received from ('fd00::200:0:0:15', 8765, 0, 0): b' 2149,21,17,1536,0,453,5,7,5,1,2,-52,0,487,7061,116,100,1,0,0 '
Received from ('fd00::200:0:0:f', 8765, 0, 0): b' 2150,15,7,1024,10,450,7,18,7,1,3,-95,4,2397,22171,131,100,2,0,0 '
Received from ('fd00::200:0:0:4', 8765, 0, 0): b' 2150,4,1,512,10,445,7,2,7,2,1,-66,9,3480,17002,143,100,1,0,0 '
Received from ('fd00::200:0:0:2', 8765, 0, 0): b' 2151,2,1,512,10,461,7,1,6,1,1,-88,9,1995,19391,144,100,2,0,0 '
Received from ('fd00::200:0:0:9', 8765, 0, 0): b' 2151,9,5,768,0,32,5,4,7,1,3,-52,0,932,13498,26,100,3,0,0 '
Received from ('fd00::200:0:0:c', 8765, 0, 0): b' 2151,12,8,1024,0,15,2,3,7,1,1,-52,0,781,7442,13,100,2,0,0 '
Received from ('fd00::200:0:0:a', 8765, 0, 0): b' 2153,10,6,1024,0,27,5,4,7,1,3,-52,0,537,14265,16,100,2,0,0 '
Received from ('fd00::200:0:0:14', 8765, 0, 0): b' 2152,20,15,1280,0,441,6,6,7,1,2,-70,0,393,6099,122,100,1,0,0 '
Received from ('fd00::200:0:0:b', 8765, 0, 0): b' 2153,11,7,1024,0,537,3,12,7,1,1,-52,1,1299,15108,135,100,2,0,0 '
Received from ('fd00::200:0:0:5', 8765, 0, 0): b' 2154,5,1,512,0,467,7,1,6,1,1,-94,2,995,12408,144,100,1,0,0 '
Received from ('fd00::200:0:0:7', 8765, 0, 0): b' 2153,7,4,768,0,480,5,20,7,1,2,-70,6,3200,23586,138,100,2,0,0 '
Received from ('fd00::200:0:0:d', 8765, 0, 0): b' 2151,13,8,1024,0,37,4,6,7,1,2,-70,2,924,7299,30,100,1,0,0 '
Received from ('fd00::200:0:0:6', 8765, 0, 0): b' 2153,6,2,768,0,54,4,2,7,1,2,-52,1,793,9527,37,100,2,0,0 '
Received from ('fd00::200:0:0:15', 8765, 0, 0): b' 2153,21,17,1536,0,455,5,7,5,1,2,-52,0,532,4637,117,100,1,0,0 '
Received from ('fd00::200:0:0:f', 8765, 0, 0): b' 2154,15,7,1024,10,453,7,18,7,1,3,-95,4,1221,10698,132,100,0,0,0 '
Received from ('fd00::200:0:0:13', 8765, 0, 0): b' 2155,19,15,1280,0,467,5,4,7,1,1,-52,0,687,6939,131,100,2,0,0 '
Received from ('fd00::200:0:0:1', 5678, 0, 0): b' 2156,1,0,256,0,12,0,0,4,0,0,0,10,2916,30765,2432,100,2,0,0 '
Received from ('fd00::200:0:0:e', 8765, 0, 0): b' 2155,14,11,1280,0,483,6,4,7,1,2,-70,0,747,8250,132,100,2,0,0 '
Received from ('fd00::200:0:0:2', 8765, 0, 0): b' 2158,2,1,512,10,461,7,1,6,1,1,-88,9,997,11297,144,100,2,0,0 '
Received from ('fd00::200:0:0:c', 8765, 0, 0): b' 2156,12,8,1024,0,15,2,3,7,1,1,-52,0,259,4585,13,100,1,0,0 '
Received from ('fd00::200:0:0:3', 8765, 0, 0): b' 2158,3,1,512,0,495,7,2,7,1,2,-64,1,821,11851,139,100,2,0,0 '
Received from ('fd00::200:0:0:9', 8765, 0, 0): b' 2158,9,5,768,0,33,5,4,7,1,3,-52,0,510,8321,26,100,2,0,0 '
Received from ('fd00::200:0:0:12', 8765, 0, 0): b' 2158,18,15,1280,0,488,3,4,5,1,1,-70,2,971,8449,130,100,1,0,0 '
Received from ('fd00::200:0:0:11', 8765, 0, 0): b' 2155,17,13,1280,0,467,7,6,7,1,3,-52,1,1197,12703,122,100,2,0,0 '
Received from ('fd00::200:0:0:10', 8765, 0, 0): b' 2158,16,15,1280,0,467,12,14,7,1,6,-52,0,597,9946,121,100,2,0,0 '
Received from ('fd00::200:0:0:a', 8765, 0, 0): b' 2159,10,6,1024,0,27,5,4,7,1,3,-52,0,392,7682,16,100,1,0,0 '
Received from ('fd00::200:0:0:8', 8765, 0, 0): b' 2158,8,4,768,0,509,5,20,7,1,2,-52,4,2210,19683,138,100,2,0,0 '
Received from ('fd00::200:0:0:5', 8765, 0, 0): b' 2160,5,1,512,0,467,7,1,6,1,1,-94,2,687,9243,144,100,1,0,0 '
Received from ('fd00::200:0:0:13', 8765, 0, 0): b' 2159,19,15,1280,0,468,5,4,7,1,1,-52,0,491,4844,132,100,1,0,0 '
Received from ('fd00::200:0:0:b', 8765, 0, 0): b' 2160,11,7,1024,10,539,3,12,7,1,1,-52,1,889,9945,135,100,1,0,0 '
Received from ('fd00::200:0:0:4', 8765, 0, 0): b' 2161,4,1,512,0,448,7,2,7,2,1,-66,9,4549,26969,143,100,2,0,0 '
Received from ('fd00::200:0:0:14', 8765, 0, 0): b' 2162,20,15,1280,0,445,6,6,7,1,2,-70,0,909,9404,123,100,3,0,0 '
Received from ('fd00::200:0:0:1', 5678, 0, 0): b' 2163,1,0,256,0,12,0,0,4,0,0,0,10,1602,18132,2441,100,1,0,0 '
Received from ('fd00::200:0:0:7', 8765, 0, 0): b' 2163,7,4,768,0,481,5,20,7,1,2,-70,6,2833,21484,139,100,2,0,0 '
Received from ('fd00::200:0:0:d', 8765, 0, 0): b' 2162,13,8,1024,10,43,4,6,7,1,2,-70,2,1553,13197,31,100,2,0,0 '
Received from ('fd00::200:0:0:f', 8765, 0, 0): b' 2163,15,7,1024,20,458,7,18,7,1,3,-95,4,2729,21791,132,100,2,0,0 '
Received from ('fd00::200:0:0:13', 8765, 0, 0): b' 2163,19,15,1280,0,469,5,4,7,1,1,-52,0,272,4066,132,100,0,0,0 '
Received from ('fd00::200:0:0:6', 8765, 0, 0): b' 2166,6,2,768,0,56,4,2,7,1,2,-52,1,1091,17109,38,100,1,0,0 '
Received from ('fd00::200:0:0:15', 8765, 0, 0): b' 2161,21,17,1536,0,458,5,7,5,1,2,-52,0,753,9722,117,100,2,0,0 '
Received from ('fd00::200:0:0:10', 8765, 0, 0): b' 2165,16,15,1280,0,468,12,14,7,1,6,-52,0,461,6797,121,100,1,0,0 '
Received from ('fd00::200:0:0:b', 8765, 0, 0): b' 2165,11,7,1024,0,541,3,12,7,1,1,-52,1,748,8305,136,100,2,0,0 '
Received from ('fd00::200:0:0:8', 8765, 0, 0): b' 2166,8,4,768,0,510,5,20,7,1,2,-52,4,1247,13432,139,100,1,0,0 '
Received from ('fd00::200:0:0:e', 8765, 0, 0): b' 2167,14,11,1280,0,489,6,4,7,1,2,-70,0,1073,10353,132,100,2,0,0 '
Received from ('fd00::200:0:0:5', 8765, 0, 0): b' 2167,5,1,512,10,470,7,1,6,1,1,-94,2,809,10969,145,100,2,0,0 '
Received from ('fd00::200:0:0:c', 8765, 0, 0): b' 2166,12,8,1024,0,15,2,3,7,1,1,-52,0,484,9338,14,100,2,0,0 '
Received from ('fd00::200:0:0:3', 8765, 0, 0): b' 2168,3,1,512,0,497,7,2,7,1,2,-64,1,621,12274,140,100,1,0,0 '
Received from ('fd00::200:0:0:9', 8765, 0, 0): b' 2168,9,5,768,0,34,5,4,7,1,3,-52,0,513,11393,27,100,2,0,0 '
Received from ('fd00::200:0:0:11', 8765, 0, 0): b' 2165,17,13,1280,0,472,7,6,7,1,3,-52,1,1547,14058,123,100,2,0,0 '
Received from ('fd00::200:0:0:1', 5678, 0, 0): b' 2169,1,0,256,0,12,0,0,4,0,0,0,10,1608,16715,2450,100,1,0,0 '
Received from ('fd00::200:0:0:14', 8765, 0, 0): b' 2169,20,15,1280,0,447,6,6,7,1,2,-70,0,500,6282,123,100,1,0,0 '
Received from ('fd00::200:0:0:2', 8765, 0, 0): b' 2169,2,1,512,0,464,7,1,6,1,1,-88,9,1583,18525,145,100,2,0,0 '
Received from ('fd00::200:0:0:15', 8765, 0, 0): b' 2165,21,17,1536,0,460,5,7,5,1,2,-52,0,556,4956,118,100,1,0,0 '
Received from ('fd00::200:0:0:a', 8765, 0, 0): b' 2170,10,6,1024,0,27,5,4,7,1,3,-52,0,512,11272,17,100,2,0,0 '
Received from ('fd00::200:0:0:4', 8765, 0, 0): b' 2170,4,1,512,0,452,7,2,7,2,1,-66,9,4199,22850,144,100,1,0,0 '
Received from ('fd00::200:0:0:12', 8765, 0, 0): b' 2169,18,15,1280,10,490,3,4,5,1,1,-70,2,670,10630,131,100,2,0,0 '
Received from ('fd00::200:0:0:b', 8765, 0, 0): b' 2170,11,7,1024,0,542,3,12,7,1,1,-52,1,689,8875,136,100,1,0,0 '
Received from ('fd00::200:0:0:10', 8765, 0, 0): b' 2171,16,15,1280,0,470,12,14,7,1,6,-52,0,624,6297,122,100,1,0,0 '
Received from ('fd00::200:0:0:13', 8765, 0, 0): b' 2171,19,15,1280,10,472,5,4,7,1,1,-52,0,621,7361,132,100,2,0,0 '
Received from ('fd00::200:0:0:8', 8765, 0, 0): b' 2173,8,4,768,20,513,5,20,7,1,2,-52,4,1603,14830,139,100,2,0,0 '
Received from ('fd00::200:0:0:a', 8765, 0, 0): b' 2175,10,6,1024,0,27,5,4,7,1,3,-52,0,368,5761,17,100,1,0,0 '
Received from ('fd00::200:0:0:d', 8765, 0, 0): b' 2173,13,8,1024,10,43,4,6,7,1,2,-70,2,1496,13782,32,100,2,0,0 '
Received from ('fd00::200:0:0:f', 8765, 0, 0): b' 2173,15,7,1024,10,458,7,18,7,1,3,-95,4,2598,23601,133,100,2,0,0 '
Received from ('fd00::200:0:0:14', 8765, 0, 0): b' 2174,20,15,1280,0,448,6,6,7,1,2,-70,0,425,5108,124,100,1,0,0 '
Received from ('fd00::200:0:0:6', 8765, 0, 0): b' 2175,6,2,768,10,59,4,2,7,1,2,-52,1,1218,14942,39,100,3,0,0 '
Received from ('fd00::200:0:0:3', 8765, 0, 0): b' 2175,3,1,512,10,499,7,2,7,1,2,-64,1,595,8368,140,100,2,0,0 '
Received from ('fd00::200:0:0:7', 8765, 0, 0): b' 2175,7,4,768,0,484,5,20,7,1,2,-70,6,3640,26363,139,100,2,0,0 '
Received from ('fd00::200:0:0:15', 8765, 0, 0): b' 2172,21,17,1536,0,461,5,7,5,1,2,-52,0,393,6140,118,100,1,0,0 '
Received from ('fd00::200:0:0:13', 8765, 0, 0): b' 2175,19,15,1280,0,473,5,4,7,1,1,-52,0,436,4287,133,100,0,0,0 '
Received from ('fd00::200:0:0:c', 8765, 0, 0): b' 2177,12,8,1024,0,15,2,3,7,1,1,-52,0,404,7960,14,100,2,0,0 '
Received from ('fd00::200:0:0:1', 5678, 0, 0): b' 2177,1,0,256,0,12,0,0,4,0,0,0,10,1770,20549,2460,100,1,0,0 '
Received from ('fd00::200:0:0:2', 8765, 0, 0): b' 2177,2,1,512,0,465,7,1,6,1,1,-88,9,1269,12641,145,100,2,0,0 '
Received from ('fd00::200:0:0:e', 8765, 0, 0): b' 2176,14,11,1280,10,493,6,4,7,1,2,-70,0,810,8953,133,100,2,0,0 '
Received from ('fd00::200:0:0:12', 8765, 0, 0): b' 2176,18,15,1280,0,492,3,4,5,1,1,-70,2,558,7077,131,100,1,0,0 '
Received from ('fd00::200:0:0:10', 8765, 0, 0): b' 2176,16,15,1280,0,472,12,14,7,1,6,-52,0,502,5311,122,100,1,0,0 '
Received from ('fd00::200:0:0:4', 8765, 0, 0): b' 2178,4,1,512,0,454,7,2,7,2,1,-66,9,4019,21339,144,100,2,0,0 '
Received from ('fd00::200:0:0:5', 8765, 0, 0): b' 2178,5,1,512,10,471,7,1,6,1,1,-94,2,1157,17016,145,100,2,0,0 '
Received from ('fd00::200:0:0:9', 8765, 0, 0): b' 2179,9,5,768,0,36,5,4,7,1,3,-52,0,725,13508,28,100,2,0,0 '
Received from ('fd00::200:0:0:d', 8765, 0, 0): b' 2179,13,8,1024,10,44,4,6,7,1,2,-70,2,581,7564,32,100,1,0,0 '
Received from ('fd00::200:0:0:11', 8765, 0, 0): b' 2176,17,13,1280,0,472,7,6,7,1,3,-52,1,966,13545,123,100,2,0,0 '
Received from ('fd00::200:0:0:b', 8765, 0, 0): b' 2180,11,7,1024,10,542,3,12,7,1,1,-52,1,866,14618,137,100,1,0,0 '
Received from ('fd00::200:0:0:f', 8765, 0, 0): b' 2180,15,7,1024,0,460,7,18,7,1,3,-95,4,1886,16920,133,100,1,0,0 '
Received from ('fd00::200:0:0:c', 8765, 0, 0): b' 2181,12,8,1024,0,16,2,3,7,1,1,-52,0,440,5072,15,100,2,0,0 '
Received from ('fd00::200:0:0:a', 8765, 0, 0): b' 2183,10,6,1024,0,28,5,4,7,1,3,-52,0,492,9644,18,100,2,0,0 '
Received from ('fd00::200:0:0:e', 8765, 0, 0): b' 2181,14,11,1280,10,494,6,4,7,1,2,-70,0,477,5332,133,100,1,0,0 '
Received from ('fd00::200:0:0:14', 8765, 0, 0): b' 2181,20,15,1280,0,451,6,6,7,1,2,-70,0,631,7686,124,100,1,0,0 '
Received from ('fd00::200:0:0:13', 8765, 0, 0): b' 2183,19,15,1280,0,474,5,4,7,1,1,-52,0,514,7117,133,100,2,0,0 '
Received from ('fd00::200:0:0:12', 8765, 0, 0): b' 2184,18,15,1280,0,493,3,4,5,1,1,-70,2,571,7675,132,100,2,0,0 '
Received from ('fd00::200:0:0:8', 8765, 0, 0): b' 2184,8,4,768,10,517,5,20,7,1,2,-52,4,2408,21764,140,100,2,0,0 '
Received from ('fd00::200:0:0:2', 8765, 0, 0): b' 2186,2,1,512,10,466,7,1,6,1,1,-88,9,1206,13984,146,100,2,0,0 '
Received from ('fd00::200:0:0:10', 8765, 0, 0): b' 2185,16,15,1280,0,478,12,14,7,1,6,-52,0,987,9646,123,100,1,0,0 '
Received from ('fd00::200:0:0:15', 8765, 0, 0): b' 2182,21,17,1536,10,463,5,7,5,1,2,-52,0,594,8949,119,100,2,0,0 '
Received from ('fd00::200:0:0:6', 8765, 0, 0): b' 2185,6,2,768,0,63,4,2,7,1,2,-52,1,1351,17060,39,100,2,0,0 '
Received from ('fd00::200:0:0:3', 8765, 0, 0): b' 2186,3,1,512,0,502,7,2,7,1,2,-64,1,746,13307,141,100,2,0,0 '
Received from ('fd00::200:0:0:b', 8765, 0, 0): b' 2186,11,7,1024,0,544,3,12,7,1,1,-52,1,741,9023,137,100,1,0,0 '
Received from ('fd00::200:0:0:d', 8765, 0, 0): b' 2186,13,8,1024,0,46,4,6,7,1,2,-70,2,1297,10303,32,100,1,0,0 '
Received from ('fd00::200:0:0:7', 8765, 0, 0): b' 2187,7,4,768,10,487,5,21,7,1,2,-70,6,3807,27182,140,100,3,0,0 '
Received from ('fd00::200:0:0:14', 8765, 0, 0): b' 2186,20,15,1280,0,453,6,6,7,1,2,-70,0,500,4981,124,100,1,0,0 '
Received from ('fd00::200:0:0:1', 5678, 0, 0): b' 2188,1,0,256,0,12,0,0,4,0,0,0,10,2521,29306,2474,100,2,0,0 '
Received from ('fd00::200:0:0:5', 8765, 0, 0): b' 2188,5,1,512,10,472,7,1,6,1,1,-94,2,989,14986,146,100,2,0,0 '
Received from ('fd00::200:0:0:9', 8765, 0, 0): b' 2188,9,5,768,10,39,5,4,7,1,3,-52,0,718,10518,28,100,3,0,0 '
Received from ('fd00::200:0:0:a', 8765, 0, 0): b' 2190,10,6,1024,0,28,5,4,7,1,3,-52,0,415,8676,18,100,1,0,0 '
Received from ('fd00::200:0:0:e', 8765, 0, 0): b' 2188,14,11,1280,0,495,6,4,7,1,2,-70,0,474,6665,134,100,1,0,0 '
Received from ('fd00::200:0:0:4', 8765, 0, 0): b' 2190,4,1,512,0,456,7,2,7,2,1,-66,9,4651,27971,145,100,2,0,0 '
Received from ('fd00::200:0:0:2', 8765, 0, 0): b' 2190,2,1,512,0,467,7,1,6,1,1,-88,9,780,7072,146,100,0,0,0 '
Received from ('fd00::200:0:0:11', 8765, 0, 0): b' 2188,17,13,1280,0,477,7,6,7,1,3,-52,1,1439,13765,124,100,2,0,0 '
Received from ('fd00::200:0:0:15', 8765, 0, 0): b' 2187,21,17,1536,0,464,5,7,5,1,2,-52,0,477,4812,119,100,1,0,0 '
Received from ('fd00::200:0:0:c', 8765, 0, 0): b' 2190,12,8,1024,10,16,2,3,7,1,1,-52,0,433,8709,15,100,1,0,0 '
Received from ('fd00::200:0:0:f', 8765, 0, 0): b' 2191,15,7,1024,0,461,7,18,7,1,3,-95,4,2582,24485,134,100,2,0,0 '
Received from ('fd00::200:0:0:3', 8765, 0, 0): b' 2193,3,1,512,0,503,7,2,7,1,2,-64,1,563,7652,142,100,2,0,0 '
Received from ('fd00::200:0:0:10', 8765, 0, 0): b' 2192,16,15,1280,0,481,12,14,7,1,6,-52,0,957,7253,123,100,3,0,0 '
Received from ('fd00::200:0:0:a', 8765, 0, 0): b' 2195,10,6,1024,0,28,5,4,7,1,3,-52,0,315,5617,19,100,1,0,0 '
Received from ('fd00::200:0:0:e', 8765, 0, 0): b' 2193,14,11,1280,0,497,6,4,7,1,2,-70,0,476,4787,134,100,1,0,0 '
Received from ('fd00::200:0:0:13', 8765, 0, 0): b' 2194,19,15,1280,0,476,5,4,7,1,1,-52,0,701,10436,134,100,2,0,0 '
Received from ('fd00::200:0:0:b', 8765, 0, 0): b' 2194,11,7,1024,0,547,3,12,7,1,1,-52,1,1406,14918,138,100,2,0,0 '
Received from ('fd00::200:0:0:9', 8765, 0, 0): b' 2195,9,5,768,0,42,5,4,7,1,3,-52,0,712,9135,29,100,1,0,0 '
Received from ('fd00::200:0:0:7', 8765, 0, 0): b' 2194,7,4,768,0,488,5,21,7,1,2,-70,6,2262,16859,141,100,1,0,0 '
Received from ('fd00::200:0:0:8', 8765, 0, 0): b' 2195,8,4,768,0,519,5,21,7,1,2,-52,4,2132,21261,141,100,2,0,0 '
Received from ('fd00::200:0:0:12', 8765, 0, 0): b' 2195,18,15,1280,0,495,3,4,5,1,1,-70,2,669,10302,132,100,2,0,0 '
Received from ('fd00::200:0:0:4', 8765, 0, 0): b' 2196,4,1,512,0,458,7,2,7,2,1,-66,9,3247,17177,146,100,1,0,0 '
Received from ('fd00::200:0:0:6', 8765, 0, 0): b' 2197,6,2,768,0,64,4,2,7,1,2,-52,1,1211,16286,40,100,2,0,0 '
Received from ('fd00::200:0:0:14', 8765, 0, 0): b' 2196,20,15,1280,0,454,6,6,7,1,2,-70,0,570,8994,125,100,2,0,0 '
Received from ('fd00::200:0:0:f', 8765, 0, 0): b' 2197,15,7,1024,0,462,7,18,7,1,3,-95,4,1587,14237,134,100,1,0,0 '
Received from ('fd00::200:0:0:c', 8765, 0, 0): b' 2197,12,8,1024,0,16,2,3,7,1,1,-52,0,545,6699,16,100,2,0,0 '
Received from ('fd00::200:0:0:d', 8765, 0, 0): b' 2197,13,8,1024,0,50,4,6,7,1,2,-70,2,1621,15961,33,100,2,0,0 '
Received from ('fd00::200:0:0:5', 8765, 0, 0): b' 2198,5,1,512,0,472,7,1,6,1,1,-94,2,1154,16624,147,100,1,0,0 '
Received from ('fd00::200:0:0:2', 8765, 0, 0): b' 2199,2,1,512,0,469,7,1,6,1,1,-88,9,1366,14982,147,100,2,0,0 '
Received from ('fd00::200:0:0:1', 5678, 0, 0): b' 2199,1,0,256,0,12,0,0,4,0,0,0,10,2919,30696,2491,100,2,0,0 '
Received from ('fd00::200:0:0:a', 8765, 0, 0): b' 2200,10,6,1024,0,28,5,4,7,1,3,-52,0,312,6031,19,100,1,0,0 '
Received from ('fd00::200:0:0:15', 8765, 0, 0): b' 2195,21,17,1536,10,465,5,7,5,1,2,-52,0,417,7378,120,100,1,0,0 '
Received from ('fd00::200:0:0:10', 8765, 0, 0): b' 2199,16,15,1280,0,483,12,14,7,1,6,-52,0,582,7218,124,100,1,0,0 '
Received from ('fd00::200:0:0:4', 8765, 0, 0): b' 2201,4,1,512,0,460,7,2,7,2,1,-66,9,1911,11096,146,100,1,0,0 '
Received from ('fd00::200:0:0:7', 8765, 0, 0): b' 2200,7,4,768,0,488,5,21,7,1,2,-70,6,1385,11744,141,100,1,0,0 '
Received from ('fd00::200:0:0:8', 8765, 0, 0): b' 2200,8,4,768,0,520,5,21,7,1,2,-52,4,1206,11439,141,100,1,0,0 '
Received from ('fd00::200:0:0:3', 8765, 0, 0): b' 2201,3,1,512,0,506,7,2,7,1,2,-64,1,652,10919,142,100,1,0,0 '
Received from ('fd00::200:0:0:e', 8765, 0, 0): b' 2201,14,11,1280,0,498,6,4,7,1,2,-70,0,417,7093,134,100,1,0,0 '
Received from ('fd00::200:0:0:11', 8765, 0, 0): b' 2199,17,13,1280,0,481,7,6,7,1,3,-52,1,1500,14809,125,100,1,0,0 '
Received from ('fd00::200:0:0:6', 8765, 0, 0): b' 2203,6,2,768,0,65,4,2,7,1,2,-52,1,625,9042,40,100,1,0,0 '
Received from ('fd00::200:0:0:d', 8765, 0, 0): b' 2202,13,8,1024,0,51,4,6,7,1,2,-70,2,940,7293,33,100,1,0,0 '
Received from ('fd00::200:0:0:4', 8765, 0, 0): b' 2205,4,1,512,0,460,7,2,7,2,1,-66,9,1388,10082,146,100,0,0,0 '
Received from ('fd00::200:0:0:13', 8765, 0, 0): b' 2204,19,15,1280,0,477,5,4,7,1,1,-52,0,563,9774,134,100,2,0,0 '
Received from ('fd00::200:0:0:9', 8765, 0, 0): b' 2204,9,5,768,10,45,5,4,7,1,3,-52,0,746,11512,30,100,2,0,0 '
Received from ('fd00::200:0:0:10', 8765, 0, 0): b' 2204,16,15,1280,0,483,12,14,7,1,6,-52,0,264,4963,124,100,1,0,0 '
Received from ('fd00::200:0:0:b', 8765, 0, 0): b' 2205,11,7,1024,0,549,3,12,7,1,1,-52,1,1146,16578,138,100,2,0,0 '
Received from ('fd00::200:0:0:2', 8765, 0, 0): b' 2206,2,1,512,0,470,7,1,6,1,1,-88,9,1067,11503,147,100,1,0,0 '
Received from ('fd00::200:0:0:15', 8765, 0, 0): b' 2205,21,17,1536,0,467,5,7,5,1,2,-52,0,678,7697,120,100,2,0,0 '
Received from ('fd00::200:0:0:8', 8765, 0, 0): b' 2207,8,4,768,20,523,5,21,7,1,2,-52,4,1329,11597,141,100,2,0,0 '
Received from ('fd00::200:0:0:3', 8765, 0, 0): b' 2206,3,1,512,0,507,7,2,7,1,2,-64,1,442,7093,143,100,1,0,0 '
Received from ('fd00::200:0:0:c', 8765, 0, 0): b' 2205,12,8,1024,0,16,2,3,7,1,1,-52,0,307,7817,16,100,1,0,0 '
Received from ('fd00::200:0:0:12', 8765, 0, 0): b' 2206,18,15,1280,0,500,3,4,5,1,1,-70,2,1047,11717,133,100,2,0,0 '
Received from ('fd00::200:0:0:a', 8765, 0, 0): b' 2209,10,6,1024,0,28,5,4,7,1,3,-52,0,512,10054,19,100,2,0,0 '
Received from ('fd00::200:0:0:1', 5678, 0, 0): b' 2208,1,0,256,0,12,0,0,4,0,0,0,10,2064,23083,2500,100,2,0,0 '
Received from ('fd00::200:0:0:7', 8765, 0, 0): b' 2209,7,4,768,10,491,5,21,7,1,2,-70,6,2178,17126,142,100,2,0,0 '
Received from ('fd00::200:0:0:5', 8765, 0, 0): b' 2208,5,1,512,10,476,7,1,6,1,1,-94,2,1379,15816,147,100,2,0,0 '
Received from ('fd00::200:0:0:f', 8765, 0, 0): b' 2207,15,7,1024,0,463,7,18,7,1,3,-95,4,2309,23265,135,100,2,0,0 '
Received from ('fd00::200:0:0:14', 8765, 0, 0): b' 2208,20,15,1280,0,457,6,6,7,1,2,-70,0,832,11417,126,100,2,0,0 '
Received from ('fd00::200:0:0:11', 8765, 0, 0): b' 2208,17,13,1280,0,485,7,6,7,1,3,-52,1,1159,11982,125,100,2,0,0 '
Received from ('fd00::200:0:0:d', 8765, 0, 0): b' 2210,13,8,1024,0,52,4,6,7,1,2,-70,2,921,10079,34,100,1,0,0 '
Received from ('fd00::200:0:0:9', 8765, 0, 0): b' 2209,9,5,768,0,48,5,4,7,1,3,-52,0,689,7865,30,100,1,0,0 '
Received from ('fd00::200:0:0:15', 8765, 0, 0): b' 2209,21,17,1536,10,469,5,7,5,1,2,-52,0,476,4618,120,100,1,0,0 '
Received from ('fd00::200:0:0:2', 8765, 0, 0): b' 2212,2,1,512,0,471,7,1,6,1,1,-88,9,938,9325,148,100,1,0,0 '
Received from ('fd00::200:0:0:e', 8765, 0, 0): b' 2210,14,11,1280,0,502,6,4,7,1,2,-70,0,915,10284,135,100,2,0,0 '
Received from ('fd00::200:0:0:b', 8765, 0, 0): b' 2212,11,7,1024,0,551,3,12,7,1,1,-52,1,933,11623,139,100,1,0,0 '
Received from ('fd00::200:0:0:10', 8765, 0, 0): b' 2212,16,15,1280,0,486,12,14,7,1,6,-52,0,689,8037,125,100,1,0,0 '
Received from ('fd00::200:0:0:c', 8765, 0, 0): b' 2214,12,8,1024,0,17,2,3,7,1,1,-52,0,464,7359,17,100,2,0,0 '
Received from ('fd00::200:0:0:1', 5678, 0, 0): b' 2214,1,0,256,0,12,0,0,4,0,0,0,10,1574,16574,2511,100,1,0,0 '
Received from ('fd00::200:0:0:6', 8765, 0, 0): b' 2215,6,2,768,0,70,4,2,7,1,2,-52,1,1538,19064,41,100,2,0,0 '
Received from ('fd00::200:0:0:3', 8765, 0, 0): b' 2214,3,1,512,0,507,7,2,7,1,2,-64,1,307,9236,143,100,1,0,0 '
Received from ('fd00::200:0:0:5', 8765, 0, 0): b' 2214,5,1,512,0,477,7,1,6,1,1,-94,2,781,9857,148,100,1,0,0 '
Received from ('fd00::200:0:0:4', 8765, 0, 0): b' 2215,4,1,512,0,466,7,2,7,2,1,-66,9,5316,27506,147,100,2,0,0 '
Received from ('fd00::200:0:0:8', 8765, 0, 0): b' 2215,8,4,768,0,523,5,21,7,1,2,-52,4,1818,17248,142,100,1,0,0 '
Received from ('fd00::200:0:0:9', 8765, 0, 0): b' 2214,9,5,768,0,50,5,4,7,1,3,-52,0,470,6085,30,100,1,0,0 '
Received from ('fd00::200:0:0:11', 8765, 0, 0): b' 2214,17,13,1280,0,487,7,6,7,1,3,-52,1,946,8140,126,100,1,0,0 '
Received from ('fd00::200:0:0:f', 8765, 0, 0): b' 2217,15,7,1024,0,464,7,18,7,1,3,-95,4,1879,19625,136,100,2,0,0 '
Received from ('fd00::200:0:0:d', 8765, 0, 0): b' 2217,13,8,1024,0,53,4,6,7,1,2,-70,2,1153,9025,34,100,2,0,0 '
Received from ('fd00::200:0:0:13', 8765, 0, 0): b' 2216,19,15,1280,0,480,5,4,7,1,1,-52,0,832,11445,135,100,2,0,0 '
Received from ('fd00::200:0:0:a', 8765, 0, 0): b' 2218,10,6,1024,0,29,5,4,7,1,3,-52,0,729,11192,20,100,2,0,0 '
Received from ('fd00::200:0:0:12', 8765, 0, 0): b' 2218,18,15,1280,0,501,3,4,5,1,1,-70,2,596,10055,134,100,2,0,0 '
Received from ('fd00::200:0:0:15', 8765, 0, 0): b' 2216,21,17,1536,0,471,5,7,5,1,2,-52,0,581,6850,121,100,1,0,0 '
Received from ('fd00::200:0:0:10', 8765, 0, 0): b' 2218,16,15,1280,0,488,12,14,7,1,6,-52,0,502,4838,125,100,1,0,0 '
Received from ('fd00::200:0:0:c', 8765, 0, 0): b' 2218,12,8,1024,0,17,2,3,7,1,1,-52,0,259,4066,17,100,1,0,0 '
Received from ('fd00::200:0:0:e', 8765, 0, 0): b' 2219,14,11,1280,0,505,6,4,7,1,2,-70,0,813,7504,136,100,2,0,0 '
Received from ('fd00::200:0:0:14', 8765, 0, 0): b' 2219,20,15,1280,0,460,6,6,7,1,2,-70,0,833,10841,127,100,2,0,0 '
Received from ('fd00::200:0:0:7', 8765, 0, 0): b' 2221,7,4,768,20,494,5,21,7,1,2,-70,6,3611,26723,142,100,2,0,0 '
Received from ('fd00::200:0:0:1', 5678, 0, 0): b' 2220,1,0,256,0,12,0,0,4,0,0,0,10,1518,16903,2518,100,1,0,0 '
Received from ('fd00::200:0:0:a', 8765, 0, 0): b' 2222,10,6,1024,0,29,5,4,7,1,3,-52,0,163,4870,20,100,0,0,0 '
Received from ('fd00::200:0:0:3', 8765, 0, 0): b' 2220,3,1,512,10,509,7,2,7,1,2,-64,1,670,8162,144,100,2,0,0 '
Received from ('fd00::200:0:0:b', 8765, 0, 0): b' 2220,11,7,1024,0,554,3,12,7,1,1,-52,1,1200,13024,139,100,2,0,0 '
Received from ('fd00::200:0:0:11', 8765, 0, 0): b' 2220,17,13,1280,0,488,7,6,7,1,3,-52,1,687,7531,126,100,1,0,0 '
Received from ('fd00::200:0:0:9', 8765, 0, 0): b' 2221,9,5,768,0,51,5,4,7,1,3,-52,0,471,7484,31,100,1,0,0 '
Received from ('fd00::200:0:0:13', 8765, 0, 0): b' 2221,19,15,1280,0,480,5,4,7,1,1,-52,0,319,4583,136,100,1,0,0 '
Received from ('fd00::200:0:0:2', 8765, 0, 0): b' 2223,2,1,512,10,476,7,1,6,1,1,-88,9,1946,18164,148,100,3,0,0 '
Received from ('fd00::200:0:0:5', 8765, 0, 0): b' 2222,5,1,512,10,478,7,1,6,1,1,-94,2,1123,12564,148,100,2,0,0 '
Received from ('fd00::200:0:0:12', 8765, 0, 0): b' 2222,18,15,1280,0,501,3,4,5,1,1,-70,2,263,3948,134,100,1,0,0 '
Received from ('fd00::200:0:0:10', 8765, 0, 0): b' 2223,16,15,1280,0,490,12,14,7,1,6,-52,0,478,5037,125,100,1,0,0 '
Received from ('fd00::200:0:0:4', 8765, 0, 0): b' 2225,4,1,512,0,470,7,2,7,2,1,-66,9,4853,26263,147,100,2,0,0 '
Received from ('fd00::200:0:0:8', 8765, 0, 0): b' 2225,8,4,768,0,526,5,21,7,1,2,-52,4,2068,19533,143,100,2,0,0 '
Received from ('fd00::200:0:0:6', 8765, 0, 0): b' 2225,6,2,768,0,73,4,2,7,1,2,-52,1,1455,16878,42,100,2,0,0 '
Received from ('fd00::200:0:0:15', 8765, 0, 0): b' 2223,21,17,1536,0,472,5,7,5,1,2,-52,0,393,6008,121,100,1,0,0 '
Received from ('fd00::200:0:0:3', 8765, 0, 0): b' 2225,3,1,512,0,509,7,2,7,1,2,-64,1,187,5493,144,100,0,0,0 '
Received from ('fd00::200:0:0:f', 8765, 0, 0): b' 2227,15,7,1024,10,466,7,18,7,1,3,-95,4,2684,23594,136,100,2,0,0 '
Received from ('fd00::200:0:0:9', 8765, 0, 0): b' 2227,9,5,768,0,53,5,4,7,1,3,-52,0,494,6361,31,100,1,0,0 '
Received from ('fd00::200:0:0:b', 8765, 0, 0): b' 2227,11,7,1024,0,557,3,12,7,1,1,-52,1,777,9548,140,100,1,0,0 '
Received from ('fd00::200:0:0:c', 8765, 0, 0): b' 2227,12,8,1024,0,18,2,3,7,1,1,-52,0,591,8446,18,100,2,0,0 '
Received from ('fd00::200:0:0:1', 5678, 0, 0): b' 2227,1,0,256,0,12,0,0,4,0,0,0,10,2055,19519,2528,100,1,0,0 '
Received from ('fd00::200:0:0:14', 8765, 0, 0): b' 2227,20,15,1280,0,465,6,6,7,1,2,-70,0,846,7953,127,100,1,0,0 '
Received from ('fd00::200:0:0:11', 8765, 0, 0): b' 2228,17,13,1280,0,491,7,6,7,1,3,-52,1,966,8066,126,100,1,0,0 '
Received from ('fd00::200:0:0:13', 8765, 0, 0): b' 2227,19,15,1280,0,484,5,4,7,1,1,-52,0,714,6433,136,100,1,0,0 '
Received from ('fd00::200:0:0:d', 8765, 0, 0): b' 2228,13,8,1024,10,56,4,6,7,1,2,-70,2,1750,15851,35,100,1,0,0 '
Received from ('fd00::200:0:0:e', 8765, 0, 0): b' 2228,14,11,1280,0,506,6,4,7,1,2,-70,0,441,8329,136,100,1,0,0 '
Received from ('fd00::200:0:0:7', 8765, 0, 0): b' 2231,7,4,768,10,499,5,21,7,1,2,-70,6,3362,23697,143,100,2,0,0 '
Received from ('fd00::200:0:0:c', 8765, 0, 0): b' 2232,12,8,1024,0,18,2,4,7,1,1,-52,0,287,4338,18,100,2,0,0 '
Received from ('fd00::200:0:0:a', 8765, 0, 0): b' 2232,10,6,1024,0,30,5,4,7,1,3,-52,0,721,12570,21,100,3,0,0 '
Received from ('fd00::200:0:0:3', 8765, 0, 0): b' 2232,3,1,512,0,511,7,2,7,1,2,-64,1,588,8156,144,100,3,0,0 '
Received from ('fd00::200:0:0:14', 8765, 0, 0): b' 2233,20,15,1280,0,466,6,6,7,1,2,-70,0,579,5633,127,100,1,0,0 '
Received from ('fd00::200:0:0:b', 8765, 0, 0): b' 2232,11,7,1024,10,559,3,12,7,1,1,-52,1,794,9523,140,100,1,0,0 '
Received from ('fd00::200:0:0:6', 8765, 0, 0): b' 2234,6,2,768,10,74,4,2,7,1,2,-52,1,826,12255,43,100,3,0,0 '
Received from ('fd00::200:0:0:2', 8765, 0, 0): b' 2233,2,1,512,0,479,7,1,6,1,1,-88,9,2016,18401,149,100,2,0,0 '
Received from ('fd00::200:0:0:8', 8765, 0, 0): b' 2234,8,4,768,10,528,5,21,7,1,2,-52,4,1925,17854,143,100,1,0,0 '
Received from ('fd00::200:0:0:5', 8765, 0, 0): b' 2233,5,1,512,0,483,7,1,6,1,1,-94,2,1438,17421,149,100,2,0,0 '
Received from ('fd00::200:0:0:11', 8765, 0, 0): b' 2234,17,13,1280,0,493,7,6,7,1,3,-52,1,738,7618,127,100,1,0,0 '
Received from ('fd00::200:0:0:15', 8765, 0, 0): b' 2234,21,17,1536,0,474,5,7,5,1,2,-52,0,701,8752,122,100,2,0,0 '
Received from ('fd00::200:0:0:12', 8765, 0, 0): b' 2233,18,15,1280,0,503,3,4,5,1,1,-70,2,725,10222,135,100,2,0,0 '
Received from ('fd00::200:0:0:13', 8765, 0, 0): b' 2233,19,15,1280,0,485,5,4,7,1,1,-52,0,393,5240,136,100,1,0,0 '
Received from ('fd00::200:0:0:4', 8765, 0, 0): b' 2235,4,1,512,10,473,7,2,7,2,1,-66,9,5061,27944,148,100,2,0,0 '
Received from ('fd00::200:0:0:1', 5678, 0, 0): b' 2235,1,0,256,0,12,0,0,4,0,0,0,10,1812,20696,2538,100,1,0,0 '
Received from ('fd00::200:0:0:f', 8765, 0, 0): b' 2235,15,7,1024,10,467,7,18,7,1,3,-95,4,2449,20327,137,100,1,0,0 '
Received from ('fd00::200:0:0:10', 8765, 0, 0): b' 2234,16,15,1280,0,494,12,14,7,1,6,-52,0,941,11194,126,100,2,0,0 '
Received from ('fd00::200:0:0:d', 8765, 0, 0): b' 2237,13,8,1024,0,59,4,6,7,1,2,-70,2,1381,12096,36,100,2,0,0 '
Received from ('fd00::200:0:0:e', 8765, 0, 0): b' 2235,14,11,1280,10,507,6,4,7,1,2,-70,0,546,7187,137,100,2,0,0 '
Received from ('fd00::200:0:0:9', 8765, 0, 0): b' 2237,9,5,768,0,57,5,4,7,1,3,-52,0,1007,13358,32,100,2,0,0 '
Received from ('fd00::200:0:0:7', 8765, 0, 0): b' 2239,7,4,768,10,503,5,21,7,1,2,-70,6,2581,17974,144,100,1,0,0 '
Received from ('fd00::200:0:0:a', 8765, 0, 0): b' 2241,10,6,1024,0,30,5,4,7,1,3,-52,0,489,9473,22,100,2,0,0 '
Received from ('fd00::200:0:0:4', 8765, 0, 0): b' 2240,4,1,512,10,475,7,2,7,2,1,-66,9,2219,12925,148,100,1,0,0 '
Received from ('fd00::200:0:0:8', 8765, 0, 0): b' 2240,8,4,768,10,530,5,21,7,1,2,-52,4,1400,12556,144,100,1,0,0 '
Received from ('fd00::200:0:0:15', 8765, 0, 0): b' 2239,21,17,1536,0,478,5,7,5,1,2,-52,0,690,5082,122,100,1,0,0 '
Received from ('fd00::200:0:0:c', 8765, 0, 0): b' 2240,12,8,1024,0,18,2,4,7,1,1,-52,0,363,7615,19,100,1,0,0 '
Received from ('fd00::200:0:0:10', 8765, 0, 0): b' 2239,16,15,1280,0,497,12,14,7,1,6,-52,0,610,5615,126,100,1,0,0 '
Received from ('fd00::200:0:0:1', 5678, 0, 0): b' 2241,1,0,256,0,12,0,0,4,0,0,0,10,1530,16085,2546,100,1,0,0 '
Received from ('fd00::200:0:0:f', 8765, 0, 0): b' 2241,15,7,1024,20,468,7,18,7,1,3,-95,4,1311,13471,137,100,1,0,0 '
Received from ('fd00::200:0:0:12', 8765, 0, 0): b' 2240,18,15,1280,0,505,3,4,5,1,1,-70,2,501,6210,135,100,1,0,0 '
Received from ('fd00::200:0:0:14', 8765, 0, 0): b' 2242,20,15,1280,10,470,6,6,7,1,2,-70,0,808,8803,128,100,2,0,0 '
Received from ('fd00::200:0:0:5', 8765, 0, 0): b' 2242,5,1,512,10,487,7,1,6,1,1,-94,2,1311,14168,150,100,1,0,0 '
Received from ('fd00::200:0:0:13', 8765, 0, 0): b' 2241,19,15,1280,10,488,5,4,7,1,1,-52,0,580,7784,137,100,1,0,0 '
Received from ('fd00::200:0:0:11', 8765, 0, 0): b' 2242,17,13,1280,0,495,7,6,7,1,3,-52,1,1238,11823,128,100,2,0,0 '
Received from ('fd00::200:0:0:2', 8765, 0, 0): b' 2242,2,1,512,0,482,7,1,6,1,1,-88,9,1231,14659,150,100,1,0,0 '
Received from ('fd00::200:0:0:e', 8765, 0, 0): b' 2242,14,11,1280,0,507,6,4,7,1,2,-70,0,311,5910,137,100,1,0,0 '
Received from ('fd00::200:0:0:6', 8765, 0, 0): b' 2243,6,2,768,0,77,4,2,7,1,2,-52,1,1243,16368,43,100,2,0,0 '
Received from ('fd00::200:0:0:3', 8765, 0, 0): b' 2243,3,1,512,0,513,7,2,7,1,2,-64,1,742,13829,145,100,2,0,0 '
Received from ('fd00::200:0:0:b', 8765, 0, 0): b' 2244,11,7,1024,0,560,3,12,7,1,1,-52,1,1221,17627,141,100,2,0,0 '
Received from ('fd00::200:0:0:9', 8765, 0, 0): b' 2245,9,5,768,0,61,5,4,7,1,3,-52,0,826,9596,32,100,3,0,0 '
Received from ('fd00::200:0:0:10', 8765, 0, 0): b' 2246,16,15,1280,0,498,12,14,7,1,6,-52,0,427,5484,127,100,1,0,0 '
Received from ('fd00::200:0:0:7', 8765, 0, 0): b' 2246,7,4,768,10,507,5,21,7,1,2,-70,6,2698,17405,144,100,1,0,0 '
Received from ('fd00::200:0:0:e', 8765, 0, 0): b' 2246,14,11,1280,0,512,6,4,7,1,2,-70,0,700,4993,137,100,0,0,0 '
Received from ('fd00::200:0:0:d', 8765, 0, 0): b' 2247,13,8,1024,20,59,4,6,7,1,2,-70,2,1123,13786,36,100,2,0,0 '
Received from ('fd00::200:0:0:2', 8765, 0, 0): b' 2247,2,1,512,0,484,7,1,6,1,1,-88,9,940,9662,150,100,1,0,0 '
Received from ('fd00::200:0:0:5', 8765, 0, 0): b' 2248,5,1,512,0,490,7,1,6,1,1,-94,2,972,10131,150,100,1,0,0 '
Received from ('fd00::200:0:0:15', 8765, 0, 0): b' 2247,21,17,1536,0,480,5,7,5,1,2,-52,0,604,8209,123,100,1,0,0 '
Received from ('fd00::200:0:0:13', 8765, 0, 0): b' 2248,19,15,1280,0,489,5,4,7,1,1,-52,0,598,6273,137,100,2,0,0 '
Received from ('fd00::200:0:0:4', 8765, 0, 0): b' 2248,4,1,512,10,476,7,2,7,2,1,-66,9,3962,22997,149,100,1,0,0 '
Received from ('fd00::200:0:0:c', 8765, 0, 0): b' 2248,12,8,1024,0,18,2,4,7,1,1,-52,0,404,7905,19,100,2,0,0 '
Received from ('fd00::200:0:0:f', 8765, 0, 0): b' 2249,15,7,1024,10,469,7,18,7,1,3,-95,4,2322,19668,138,100,2,0,0 '
Received from ('fd00::200:0:0:8', 8765, 0, 0): b' 2250,8,4,768,0,533,5,21,7,1,2,-52,4,2195,19567,144,100,2,0,0 '
Received from ('fd00::200:0:0:a', 8765, 0, 0): b' 2249,10,6,1024,0,30,5,4,7,1,3,-52,0,439,10524,22,100,1,0,0 '
Received from ('fd00::200:0:0:14', 8765, 0, 0): b' 2249,20,15,1280,0,472,6,6,7,1,2,-70,0,688,7604,129,100,1,0,0 '
Received from ('fd00::200:0:0:6', 8765, 0, 0): b' 2249,6,2,768,0,78,4,2,7,1,2,-52,1,682,9814,44,100,1,0,0 '
Received from ('fd00::200:0:0:b', 8765, 0, 0): b' 2249,11,7,1024,0,561,3,12,7,1,1,-52,1,782,8812,141,100,1,0,0 '
Received from ('fd00::200:0:0:1', 5678, 0, 0): b' 2250,1,0,256,0,12,0,0,4,0,0,0,10,2480,26174,2558,100,2,0,0 '
Received from ('fd00::200:0:0:11', 8765, 0, 0): b' 2251,17,13,1280,10,496,7,6,7,1,3,-52,1,960,11030,128,100,2,0,0 '
Received from ('fd00::200:0:0:12', 8765, 0, 0): b' 2251,18,15,1280,0,505,3,4,5,1,1,-70,2,488,9358,136,100,2,0,0 '
Received from ('fd00::200:0:0:10', 8765, 0, 0): b' 2252,16,15,1280,0,499,12,14,7,1,6,-52,0,395,5427,127,100,1,0,0 '
Received from ('fd00::200:0:0:d', 8765, 0, 0): b' 2253,13,8,1024,0,64,4,6,7,1,2,-70,2,1244,8057,37,100,1,0,0 '
Received from ('fd00::200:0:0:3', 8765, 0, 0): b' 2252,3,1,512,0,518,7,2,7,1,2,-64,1,918,11392,146,100,1,0,0 '
Received from ('fd00::200:0:0:13', 8765, 0, 0): b' 2253,19,15,1280,0,489,5,4,7,1,1,-52,0,221,4066,138,100,0,0,0 '
Received from ('fd00::200:0:0:7', 8765, 0, 0): b' 2253,7,4,768,10,509,5,21,7,1,2,-70,6,2573,16200,145,100,2,0,0 '
Received from ('fd00::200:0:0:e', 8765, 0, 0): b' 2253,14,11,1280,0,514,6,4,7,1,2,-70,0,653,6340,138,100,2,0,0 '
Received from ('fd00::200:0:0:b', 8765, 0, 0): b' 2253,11,7,1024,0,561,3,12,7,1,1,-52,1,612,6871,142,100,1,0,0 '
Received from ('fd00::200:0:0:a', 8765, 0, 0): b' 2253,10,6,1024,0,30,5,4,7,1,3,-52,0,344,6550,23,100,1,0,0 '
Received from ('fd00::200:0:0:15', 8765, 0, 0): b' 2256,21,17,1536,0,484,5,7,5,1,2,-52,0,835,8335,123,100,2,0,0 '
Received from ('fd00::200:0:0:9', 8765, 0, 0): b' 2255,9,5,768,0,63,5,4,7,1,3,-52,0,626,12542,33,100,1,0,0 '
Received from ('fd00::200:0:0:12', 8765, 0, 0): b' 2257,18,15,1280,0,507,3,4,5,1,1,-70,2,500,5456,136,100,1,0,0 '
Received from ('fd00::200:0:0:2', 8765, 0, 0): b' 2255,2,1,512,0,486,7,1,6,1,1,-88,9,1550,13777,151,100,2,0,0 '
Received from ('fd00::200:0:0:14', 8765, 0, 0): b' 2257,20,15,1280,0,473,6,6,7,1,2,-70,0,490,7026,129,100,2,0,0 '
Received from ('fd00::200:0:0:1', 5678, 0, 0): b' 2257,1,0,256,0,12,0,0,4,0,0,0,10,1618,17018,2566,100,1,0,0 '
Received from ('fd00::200:0:0:c', 8765, 0, 0): b' 2257,12,8,1024,0,18,2,4,7,1,1,-52,0,387,8355,20,100,1,0,0 '
Received from ('fd00::200:0:0:13', 8765, 0, 0): b' 2258,19,15,1280,0,491,5,4,7,1,1,-52,0,500,5125,138,100,1,0,0 '
Received from ('fd00::200:0:0:e', 8765, 0, 0): b' 2257,14,11,1280,0,516,6,4,7,1,2,-70,0,379,4658,138,100,0,0,0 '
Received from ('fd00::200:0:0:a', 8765, 0, 0): b' 2257,10,6,1024,0,30,5,4,7,1,3,-52,0,259,4827,23,100,1,0,0 '
Received from ('fd00::200:0:0:8', 8765, 0, 0): b' 2258,8,4,768,20,534,5,21,7,1,2,-52,4,1743,17894,145,100,2,0,0 '
Received from ('fd00::200:0:0:d', 8765, 0, 0): b' 2259,13,8,1024,0,64,4,6,7,1,2,-70,2,793,8441,37,100,1,0,0 '
Received from ('fd00::200:0:0:b', 8765, 0, 0): b' 2258,11,7,1024,0,564,3,12,7,1,1,-52,1,901,9729,142,100,1,0,0 '
Received from ('fd00::200:0:0:5', 8765, 0, 0): b' 2259,5,1,512,0,491,7,1,6,1,1,-94,2,1235,18140,151,100,2,0,0 '
Received from ('fd00::200:0:0:11', 8765, 0, 0): b' 2260,17,13,1280,0,498,7,6,7,1,3,-52,1,1049,11537,129,100,1,0,0 '
Received from ('fd00::200:0:0:4', 8765, 0, 0): b' 2259,4,1,512,0,479,7,2,7,2,1,-66,9,6114,30904,150,100,2,0,0 '
Received from ('fd00::200:0:0:3', 8765, 0, 0): b' 2260,3,1,512,0,520,7,2,7,1,2,-64,1,619,9351,146,100,2,0,0 '
Received from ('fd00::200:0:0:9', 8765, 0, 0): b' 2261,9,5,768,0,66,5,4,7,1,3,-52,0,603,6919,33,100,1,0,0 '
Received from ('fd00::200:0:0:7', 8765, 0, 0): b' 2259,7,4,768,20,511,5,21,7,1,2,-70,6,2211,17318,145,100,1,0,0 '
Received from ('fd00::200:0:0:6', 8765, 0, 0): b' 2260,6,2,768,0,84,4,2,7,1,2,-52,1,1689,18488,45,100,2,0,0 '
Received from ('fd00::200:0:0:f', 8765, 0, 0): b' 2260,15,7,1024,0,470,7,18,7,1,3,-95,4,2939,27583,139,100,2,0,0 '
Received from ('fd00::200:0:0:12', 8765, 0, 0): b' 2263,18,15,1280,0,510,3,4,5,1,1,-70,2,663,6077,137,100,1,0,0 '
Received from ('fd00::200:0:0:c', 8765, 0, 0): b' 2262,12,8,1024,0,18,2,4,7,1,1,-52,0,259,4630,20,100,1,0,0 '
Received from ('fd00::200:0:0:10', 8765, 0, 0): b' 2262,16,15,1280,0,501,12,14,7,1,6,-52,0,703,9876,128,100,2,0,0 '
Received from ('fd00::200:0:0:a', 8765, 0, 0): b' 2262,10,6,1024,0,30,5,4,7,1,3,-52,0,391,5932,23,100,1,0,0 '
Received from ('fd00::200:0:0:3', 8765, 0, 0): b' 2264,3,1,512,0,521,7,2,7,1,2,-64,1,511,5338,147,100,1,0,0 '
Received from ('fd00::200:0:0:d', 8765, 0, 0): b' 2265,13,8,1024,0,65,4,6,7,1,2,-70,2,715,7743,37,100,1,0,0 '
Received from ('fd00::200:0:0:9', 8765, 0, 0): b' 2265,9,5,768,0,69,5,4,7,1,3,-52,0,661,5856,34,100,1,0,0 '
Received from ('fd00::200:0:0:14', 8765, 0, 0): b' 2264,20,15,1280,0,476,6,6,7,1,2,-70,0,711,8621,130,100,1,0,0 '
Received from ('fd00::200:0:0:8', 8765, 0, 0): b' 2264,8,4,768,0,535,5,21,7,1,2,-52,4,1428,13770,145,100,1,0,0 '
Received from ('fd00::200:0:0:15', 8765, 0, 0): b' 2266,21,17,1536,0,487,5,7,5,1,2,-52,0,711,9568,124,100,1,0,0 '
Received from ('fd00::200:0:0:4', 8765, 0, 0): b' 2265,4,1,512,10,481,7,2,7,2,1,-66,9,2606,14725,150,100,2,0,0 '
Received from ('fd00::200:0:0:b', 8765, 0, 0): b' 2265,11,7,1024,0,566,3,12,7,1,1,-52,1,733,9827,142,100,1,0,0 '
Received from ('fd00::200:0:0:1', 5678, 0, 0): b' 2266,1,0,256,0,12,0,0,4,0,0,0,10,2226,24680,2578,100,2,0,0 '
Received from ('fd00::200:0:0:e', 8765, 0, 0): b' 2266,14,11,1280,0,517,6,4,7,1,2,-70,0,594,8447,139,100,2,0,0 '
Received from ('fd00::200:0:0:7', 8765, 0, 0): b' 2265,7,4,768,0,512,5,21,7,1,2,-70,6,1979,13554,146,100,1,0,0 '
Received from ('fd00::200:0:0:6', 8765, 0, 0): b' 2266,6,2,768,0,84,4,2,7,1,2,-52,1,519,8685,45,100,1,0,0 '
Received from ('fd00::200:0:0:2', 8765, 0, 0): b' 2267,2,1,512,0,490,7,1,6,1,1,-88,9,1944,19028,151,100,2,0,0 '
Received from ('fd00::200:0:0:13', 8765, 0, 0): b' 2267,19,15,1280,0,493,5,4,7,1,1,-52,0,701,9701,139,100,2,0,0 '
Received from ('fd00::200:0:0:3', 8765, 0, 0): b' 2269,3,1,512,0,522,7,2,7,1,2,-64,1,293,5933,147,100,0,0,0 '
Received from ('fd00::200:0:0:c', 8765, 0, 0): b' 2269,12,8,1024,0,19,2,4,7,1,1,-52,0,567,6891,21,100,2,0,0 '
Received from ('fd00::200:0:0:12', 8765, 0, 0): b' 2269,18,15,1280,0,510,3,4,5,1,1,-70,2,310,7192,137,100,1,0,0 '
Received from ('fd00::200:0:0:11', 8765, 0, 0): b' 2271,17,13,1280,0,503,7,6,7,1,3,-52,1,1346,14089,129,100,2,0,0 '
Received from ('fd00::200:0:0:a', 8765, 0, 0): b' 2269,10,6,1024,0,31,5,4,7,1,3,-52,0,498,8928,24,100,1,0,0 '
Received from ('fd00::200:0:0:5', 8765, 0, 0): b' 2270,5,1,512,10,493,7,1,6,1,1,-94,2,1463,17072,151,100,2,0,0 '
Received from ('fd00::200:0:0:b', 8765, 0, 0): b' 2270,11,7,1024,0,566,3,12,7,1,1,-52,1,608,7984,143,100,1,0,0 '
Received from ('fd00::200:0:0:9', 8765, 0, 0): b' 2271,9,5,768,0,70,5,4,7,1,3,-52,0,387,6929,34,100,1,0,0 '
Received from ('fd00::200:0:0:e', 8765, 0, 0): b' 2271,14,11,1280,0,518,6,4,7,1,2,-70,0,397,4909,139,100,1,0,0 '
Received from ('fd00::200:0:0:f', 8765, 0, 0): b' 2271,15,7,1024,10,473,7,18,7,1,3,-95,4,2553,25633,139,100,2,0,0 '
Received from ('fd00::200:0:0:15', 8765, 0, 0): b' 2273,21,17,1536,0,488,5,7,5,1,2,-52,0,546,6755,125,100,2,0,0 '
Received from ('fd00::200:0:0:10', 8765, 0, 0): b' 2272,16,15,1280,0,503,12,14,7,1,6,-52,0,671,10460,128,100,2,0,0 '
Received from ('fd00::200:0:0:7', 8765, 0, 0): b' 2272,7,4,768,20,514,5,21,7,1,2,-70,6,2018,14296,146,100,2,0,0 '
Received from ('fd00::200:0:0:2', 8765, 0, 0): b' 2274,2,1,512,0,490,7,1,6,1,1,-88,9,899,10309,152,100,1,0,0 '
Received from ('fd00::200:0:0:13', 8765, 0, 0): b' 2272,19,15,1280,20,494,5,4,7,1,1,-52,0,262,4195,139,100,1,0,0 '
Received from ('fd00::200:0:0:3', 8765, 0, 0): b' 2274,3,1,512,0,524,7,2,7,1,2,-64,1,473,6311,147,100,1,0,0 '
Received from ('fd00::200:0:0:14', 8765, 0, 0): b' 2273,20,15,1280,0,478,6,6,7,1,2,-70,0,621,8276,130,100,2,0,0 '
Received from ('fd00::200:0:0:6', 8765, 0, 0): b' 2273,6,2,768,0,88,4,2,7,1,2,-52,1,1149,12034,45,100,1,0,0 '
Received from ('fd00::200:0:0:4', 8765, 0, 0): b' 2275,4,1,512,10,482,7,2,7,2,1,-66,9,4288,25076,151,100,1,0,0 '
Received from ('fd00::200:0:0:9', 8765, 0, 0): b' 2275,9,5,768,0,71,5,4,7,1,3,-52,0,363,5533,34,100,1,0,0 '
Received from ('fd00::200:0:0:d', 8765, 0, 0): b' 2273,13,8,1024,10,69,4,6,7,1,2,-70,2,1867,15576,38,100,2,0,0 '
Received from ('fd00::200:0:0:a', 8765, 0, 0): b' 2274,10,6,1024,0,31,5,4,7,1,3,-52,0,259,5418,24,100,1,0,0 '
Received from ('fd00::200:0:0:8', 8765, 0, 0): b' 2274,8,4,768,10,536,5,21,7,1,2,-52,4,2236,21777,146,100,2,0,0 '
Received from ('fd00::200:0:0:1', 5678, 0, 0): b' 2276,1,0,256,0,12,0,0,4,0,0,0,10,2805,28185,2593,100,2,0,0 '
Received from ('fd00::200:0:0:11', 8765, 0, 0): b' 2276,17,13,1280,0,504,7,6,7,1,3,-52,1,838,7175,130,100,1,0,0 '
Received from ('fd00::200:0:0:b', 8765, 0, 0): b' 2276,11,7,1024,0,568,3,12,7,1,1,-52,1,766,9339,143,100,1,0,0 '
Received from ('fd00::200:0:0:13', 8765, 0, 0): b' 2277,19,15,1280,0,494,5,4,7,1,1,-52,0,394,4544,139,100,1,0,0 '
Received from ('fd00::200:0:0:f', 8765, 0, 0): b' 2277,15,7,1024,0,473,7,18,7,1,3,-95,4,1720,14807,140,100,1,0,0 '
Received from ('fd00::200:0:0:3', 8765, 0, 0): b' 2278,3,1,512,10,524,7,2,7,1,2,-64,1,362,5302,148,100,1,0,0 '
Received from ('fd00::200:0:0:7', 8765, 0, 0): b' 2277,7,4,768,20,515,5,21,7,1,2,-70,6,1763,12932,146,100,0,0,0 '
Received from ('fd00::200:0:0:12', 8765, 0, 0): b' 2278,18,15,1280,0,511,3,4,5,1,1,-70,2,570,7995,138,100,2,0,0 '
Received from ('fd00::200:0:0:8', 8765, 0, 0): b' 2279,8,4,768,0,536,5,21,7,1,2,-52,4,722,8570,146,100,1,0,0 '
Received from ('fd00::200:0:0:15', 8765, 0, 0): b' 2281,21,17,1536,0,491,5,7,5,1,2,-52,0,631,7608,125,100,1,0,0 '
Received from ('fd00::200:0:0:4', 8765, 0, 0): b' 2280,4,1,512,0,483,7,2,7,2,1,-66,9,2451,13871,151,100,1,0,0 '
Received from ('fd00::200:0:0:c', 8765, 0, 0): b' 2279,12,8,1024,0,19,2,4,7,1,1,-52,0,518,11010,21,100,2,0,0 '
Received from ('fd00::200:0:0:2', 8765, 0, 0): b' 2280,2,1,512,0,490,7,1,6,1,1,-88,9,1069,12355,152,100,1,0,0 '
Received from ('fd00::200:0:0:5', 8765, 0, 0): b' 2281,5,1,512,0,495,7,1,6,1,1,-94,2,1437,17748,152,100,2,0,0 '
Received from ('fd00::200:0:0:d', 8765, 0, 0): b' 2279,13,8,1024,0,72,4,6,7,1,2,-70,2,1056,8397,39,100,1,0,0 '
Received from ('fd00::200:0:0:e', 8765, 0, 0): b' 2280,14,11,1280,0,520,6,4,7,1,2,-70,0,701,9924,140,100,2,0,0 '
Received from ('fd00::200:0:0:12', 8765, 0, 0): b' 2282,18,15,1280,0,512,3,4,5,1,1,-70,2,369,4201,138,100,1,0,0 '
Received from ('fd00::200:0:0:1', 5678, 0, 0): b' 2283,1,0,256,0,12,0,0,4,0,0,0,10,1699,18687,2602,100,1,0,0 '
Received from ('fd00::200:0:0:10', 8765, 0, 0): b' 2284,16,15,1280,0,506,12,14,7,1,6,-52,0,835,11144,129,100,2,0,0 '
Received from ('fd00::200:0:0:b', 8765, 0, 0): b' 2284,11,7,1024,10,571,3,12,7,1,1,-52,1,1148,13267,144,100,2,0,0 '
Received from ('fd00::200:0:0:6', 8765, 0, 0): b' 2284,6,2,768,0,92,4,2,7,1,2,-52,1,1483,17241,46,100,2,0,0 '
Received from ('fd00::200:0:0:14', 8765, 0, 0): b' 2284,20,15,1280,0,481,6,6,7,1,2,-70,0,832,11026,131,100,2,0,0 '
Received from ('fd00::200:0:0:13', 8765, 0, 0): b' 2285,19,15,1280,0,494,5,4,7,1,1,-52,0,366,7337,140,100,1,0,0 '
Received from ('fd00::200:0:0:9', 8765, 0, 0): b' 2286,9,5,768,0,75,5,4,7,1,3,-52,0,937,12733,35,100,2,0,0 '
Received from ('fd00::200:0:0:11', 8765, 0, 0): b' 2283,17,13,1280,0,506,7,6,7,1,3,-52,1,1116,13489,130,100,2,0,0 '
Received from ('fd00::200:0:0:a', 8765, 0, 0): b' 2284,10,6,1024,10,31,5,4,7,1,3,-52,0,690,13512,25,100,2,0,0 '
Received from ('fd00::200:0:0:3', 8765, 0, 0): b' 2286,3,1,512,0,526,7,2,7,1,2,-64,1,661,9764,148,100,2,0,0 '
Received from ('fd00::200:0:0:2', 8765, 0, 0): b' 2287,2,1,512,0,492,7,1,6,1,1,-88,9,1141,10642,153,100,1,0,0 '
Received from ('fd00::200:0:0:d', 8765, 0, 0): b' 2286,13,8,1024,10,72,4,6,7,1,2,-70,2,714,7483,39,100,1,0,0 '
Received from ('fd00::200:0:0:f', 8765, 0, 0): b' 2288,15,7,1024,0,475,7,18,7,1,3,-95,4,2422,23937,140,100,2,0,0 '
Received from ('fd00::200:0:0:7', 8765, 0, 0): b' 2287,7,4,768,10,517,5,21,7,1,2,-70,6,2704,21155,147,100,2,0,0 '
Received from ('fd00::200:0:0:e', 8765, 0, 0): b' 2287,14,11,1280,0,524,6,4,7,1,2,-70,0,738,7445,140,100,1,0,0 '
Received from ('fd00::200:0:0:c', 8765, 0, 0): b' 2287,12,8,1024,0,19,2,4,7,1,1,-52,0,364,7744,22,100,1,0,0 '
Received from ('fd00::200:0:0:4', 8765, 0, 0): b' 2289,4,1,512,10,485,7,2,7,2,1,-66,9,4078,22500,152,100,2,0,0 '
Received from ('fd00::200:0:0:12', 8765, 0, 0): b' 2289,18,15,1280,0,512,3,4,5,1,1,-70,2,366,6285,139,100,1,0,0 '
Received from ('fd00::200:0:0:6', 8765, 0, 0): b' 2289,6,2,768,0,92,4,2,7,1,2,-52,1,496,7482,46,100,1,0,0 '
Received from ('fd00::200:0:0:8', 8765, 0, 0): b' 2288,8,4,768,0,537,5,21,7,1,2,-52,4,2125,19304,147,100,2,0,0 '
Received from ('fd00::200:0:0:15', 8765, 0, 0): b' 2291,21,17,1536,0,492,5,7,5,1,2,-52,0,594,9139,126,100,2,0,0 '
Received from ('fd00::200:0:0:3', 8765, 0, 0): b' 2290,3,1,512,0,527,7,2,7,1,2,-64,1,269,5379,148,100,0,0,0 '
Received from ('fd00::200:0:0:13', 8765, 0, 0): b' 2290,19,15,1280,0,496,5,4,7,1,1,-52,0,476,5187,140,100,1,0,0 '
Received from ('fd00::200:0:0:10', 8765, 0, 0): b' 2290,16,15,1280,0,507,12,14,7,1,6,-52,0,549,6344,130,100,2,0,0 '
Received from ('fd00::200:0:0:5', 8765, 0, 0): b' 2291,5,1,512,0,498,7,1,6,1,1,-94,2,1256,15784,153,100,2,0,0 '
Received from ('fd00::200:0:0:d', 8765, 0, 0): b' 2291,13,8,1024,0,73,4,6,7,1,2,-70,2,713,7429,39,100,1,0,0 '
Received from ('fd00::200:0:0:2', 8765, 0, 0): b' 2293,2,1,512,0,493,7,1,6,1,1,-88,9,859,9784,153,100,1,0,0 '
Received from ('fd00::200:0:0:1', 5678, 0, 0): b' 2294,1,0,256,0,12,0,0,4,0,0,0,10,2599,27862,2618,100,2,0,0 '
Received from ('fd00::200:0:0:b', 8765, 0, 0): b' 2292,11,7,1024,10,572,3,12,7,1,1,-52,1,863,13578,144,100,1,0,0 '
Received from ('fd00::200:0:0:e', 8765, 0, 0): b' 2292,14,11,1280,0,524,6,4,7,1,2,-70,0,342,5563,141,100,1,0,0 '
Received from ('fd00::200:0:0:14', 8765, 0, 0): b' 2294,20,15,1280,0,485,6,6,7,1,2,-70,0,916,9987,132,100,2,0,0 '
Received from ('fd00::200:0:0:4', 8765, 0, 0): b' 2294,4,1,512,0,487,7,2,7,2,1,-66,9,2516,13671,152,100,1,0,0 '
Received from ('fd00::200:0:0:11', 8765, 0, 0): b' 2292,17,13,1280,0,510,7,6,7,1,3,-52,1,1267,12313,131,100,2,0,0 '
Received from ('fd00::200:0:0:f', 8765, 0, 0): b' 2295,15,7,1024,0,476,7,18,7,1,3,-95,4,1939,16215,141,100,1,0,0 '
Received from ('fd00::200:0:0:a', 8765, 0, 0): b' 2294,10,6,1024,0,31,5,4,7,1,3,-52,0,538,10904,25,100,2,0,0 '
Received from ('fd00::200:0:0:13', 8765, 0, 0): b' 2295,19,15,1280,0,498,5,4,7,1,1,-52,0,556,5402,141,100,1,0,0 '
Received from ('fd00::200:0:0:9', 8765, 0, 0): b' 2296,9,5,768,0,78,5,4,7,1,3,-52,0,856,12712,36,100,2,0,0 '
Received from ('fd00::200:0:0:c', 8765, 0, 0): b' 2294,12,8,1024,0,19,2,4,7,1,1,-52,0,380,6013,22,100,2,0,0 '
Received from ('fd00::200:0:0:7', 8765, 0, 0): b' 2294,7,4,768,10,520,5,21,7,1,2,-70,6,2873,17350,147,100,2,0,0 '
Received from ('fd00::200:0:0:10', 8765, 0, 0): b' 2295,16,15,1280,0,507,12,14,7,1,6,-52,0,288,4840,130,100,1,0,0 '
Received from ('fd00::200:0:0:d', 8765, 0, 0): b' 2296,13,8,1024,10,74,4,6,7,1,2,-70,2,714,6690,40,100,1,0,0 '
Received from ('fd00::200:0:0:12', 8765, 0, 0): b' 2297,18,15,1280,0,513,3,4,5,1,1,-70,2,514,7977,139,100,2,0,0 '
Received from ('fd00::200:0:0:15', 8765, 0, 0): b' 2297,21,17,1536,10,494,5,7,5,1,2,-52,0,500,6137,126,100,1,0,0 '
Received from ('fd00::200:0:0:2', 8765, 0, 0): b' 2299,2,1,512,10,494,7,1,6,1,1,-88,9,837,8777,153,100,1,0,0 '
Received from ('fd00::200:0:0:b', 8765, 0, 0): b' 2297,11,7,1024,10,574,3,12,7,1,1,-52,1,960,9581,145,100,1,0,0 '
Received from ('fd00::200:0:0:8', 8765, 0, 0): b' 2297,8,4,768,0,539,5,21,7,1,2,-52,4,1909,17959,147,100,1,0,0 '
Received from ('fd00::200:0:0:e', 8765, 0, 0): b' 2297,14,11,1280,0,525,6,4,7,1,2,-70,0,369,4486,141,100,1,0,0 '
Received from ('fd00::200:0:0:5', 8765, 0, 0): b' 2300,5,1,512,0,500,7,1,6,1,1,-94,2,1080,12951,153,100,2,0,0 '
Received from ('fd00::200:0:0:f', 8765, 0, 0): b' 2298,15,7,1024,0,479,7,18,7,1,3,-95,4,1470,11077,141,100,1,0,0 '
Received from ('fd00::200:0:0:6', 8765, 0, 0): b' 2299,6,2,768,0,96,4,2,7,1,2,-52,1,1379,16087,47,100,2,0,0 '
Received from ('fd00::200:0:0:13', 8765, 0, 0): b' 2300,19,15,1280,0,502,5,4,7,1,1,-52,0,714,5815,141,100,1,0,0 '
Received from ('fd00::200:0:0:3', 8765, 0, 0): b' 2301,3,1,512,0,529,7,2,7,1,2,-64,1,741,13163,149,100,2,0,0 '
Received from ('fd00::200:0:0:15', 8765, 0, 0): b' 2301,21,17,1536,0,497,5,7,5,1,2,-52,0,664,4904,127,100,1,0,0 '
Received from ('fd00::200:0:0:4', 8765, 0, 0): b' 2302,4,1,512,0,488,7,2,7,2,1,-66,9,3894,19934,153,100,1,0,0 '
Received from ('fd00::200:0:0:14', 8765, 0, 0): b' 2301,20,15,1280,0,485,6,6,7,1,2,-70,0,310,7316,132,100,1,0,0 '
Received from ('fd00::200:0:0:8', 8765, 0, 0): b' 2303,8,4,768,10,539,5,21,7,1,2,-52,4,935,10128,148,100,1,0,0 '
Received from ('fd00::200:0:0:10', 8765, 0, 0): b' 2301,16,15,1280,20,510,12,14,7,1,6,-52,0,496,6230,131,100,2,0,0 '
Received from ('fd00::200:0:0:11', 8765, 0, 0): b' 2300,17,13,1280,0,514,7,6,7,1,3,-52,1,1521,11670,132,100,1,0,0 '
Received from ('fd00::200:0:0:1', 5678, 0, 0): b' 2305,1,0,256,0,12,0,0,4,0,0,0,10,2864,30604,2631,100,2,0,0 '
Received from ('fd00::200:0:0:c', 8765, 0, 0): b' 2305,12,8,1024,0,19,2,4,7,1,1,-52,0,387,9015,23,100,1,0,0 '
Received from ('fd00::200:0:0:2', 8765, 0, 0): b' 2306,2,1,512,0,496,7,1,6,1,1,-88,9,985,10675,154,100,2,0,0 '
Received from ('fd00::200:0:0:a', 8765, 0, 0): b' 2305,10,6,1024,0,34,5,4,7,1,3,-52,0,886,14603,26,100,2,0,0 '
Received from ('fd00::200:0:0:7', 8765, 0, 0): b' 2306,7,4,768,0,523,5,21,7,1,2,-70,6,3133,24385,148,100,2,0,0 '
Received from ('fd00::200:0:0:f', 8765, 0, 0): b' 2306,15,7,1024,0,482,7,18,7,1,3,-95,4,2052,18123,142,100,1,0,0 '
Received from ('fd00::200:0:0:15', 8765, 0, 0): b' 2304,21,17,1536,0,500,5,7,5,1,2,-52,0,607,6481,127,100,1,0,0 '
Received from ('fd00::200:0:0:9', 8765, 0, 0): b' 2308,9,5,768,0,79,5,4,7,1,3,-52,0,628,13963,36,100,2,0,0 '
Received from ('fd00::200:0:0:d', 8765, 0, 0): b' 2307,13,8,1024,0,76,4,6,7,1,2,-70,2,1673,14671,40,100,2,0,0 '
Received from ('fd00::200:0:0:12', 8765, 0, 0): b' 2306,18,15,1280,0,516,3,4,5,1,1,-70,2,711,9463,140,100,1,0,0 '
Received from ('fd00::200:0:0:6', 8765, 0, 0): b' 2308,6,2,768,0,98,4,2,7,1,2,-52,1,1046,13936,48,100,2,0,0 '
Received from ('fd00::200:0:0:3', 8765, 0, 0): b' 2309,3,1,512,0,534,7,2,7,1,2,-64,1,1015,10233,150,100,2,0,0 '
Received from ('fd00::200:0:0:e', 8765, 0, 0): b' 2306,14,11,1280,10,528,6,4,7,1,2,-70,0,752,8918,142,100,2,0,0 '
Received from ('fd00::200:0:0:b', 8765, 0, 0): b' 2308,11,7,1024,0,575,3,12,7,1,1,-52,1,1165,15955,145,100,2,0,0 '
Received from ('fd00::200:0:0:13', 8765, 0, 0): b' 2308,19,15,1280,0,504,5,4,7,1,1,-52,0,677,8476,142,100,2,0,0 '
Received from ('fd00::200:0:0:5', 8765, 0, 0): b' 2310,5,1,512,20,504,7,1,6,1,1,-94,2,1314,16517,154,100,2,0,0 '
Received from ('fd00::200:0:0:11', 8765, 0, 0): b' 2309,17,13,1280,0,515,7,6,7,1,3,-52,1,838,10779,132,100,2,0,0 '
Received from ('fd00::200:0:0:a', 8765, 0, 0): b' 2310,10,6,1024,10,35,5,4,7,1,3,-52,0,503,5979,27,100,1,0,0 '
Received from ('fd00::200:0:0:4', 8765, 0, 0): b' 2312,4,1,512,0,491,7,2,7,2,1,-66,9,4323,25619,153,100,2,0,0 '
Received from ('fd00::200:0:0:10', 8765, 0, 0): b' 2311,16,15,1280,0,514,12,14,7,1,6,-52,0,1025,9900,131,100,2,0,0 '
Received from ('fd00::200:0:0:1', 5678, 0, 0): b' 2313,1,0,256,0,12,0,0,4,0,0,0,10,2007,20835,2642,100,2,0,0 '
Received from ('fd00::200:0:0:9', 8765, 0, 0): b' 2314,9,5,768,0,80,5,4,7,1,3,-52,0,449,7138,37,100,1,0,0 '
Received from ('fd00::200:0:0:8', 8765, 0, 0): b' 2314,8,4,768,20,540,5,21,7,1,2,-52,4,1861,20048,148,100,2,0,0 '
Received from ('fd00::200:0:0:14', 8765, 0, 0): b' 2313,20,15,1280,10,487,6,6,7,1,2,-70,0,695,10899,133,100,3,0,0 '
Received from ('fd00::200:0:0:d', 8765, 0, 0): b' 2312,13,8,1024,10,78,4,6,7,1,2,-70,2,743,7687,41,100,1,0,0 '
Received from ('fd00::200:0:0:12', 8765, 0, 0): b' 2313,18,15,1280,0,518,3,4,5,1,1,-70,2,621,7275,140,100,2,0,0 '
Received from ('fd00::200:0:0:2', 8765, 0, 0): b' 2316,2,1,512,0,496,7,1,6,1,1,-88,9,1419,16950,154,100,1,0,0 '
Received from ('fd00::200:0:0:15', 8765, 0, 0): b' 2311,21,17,1536,0,502,5,7,5,1,2,-52,0,500,6199,127,100,1,0,0 '
Received from ('fd00::200:0:0:f', 8765, 0, 0): b' 2314,15,7,1024,0,483,7,18,7,1,3,-95,4,2140,19476,142,100,2,0,0 '
Received from ('fd00::200:0:0:b', 8765, 0, 0): b' 2316,11,7,1024,10,576,3,12,7,1,1,-52,1,741,11381,146,100,1,0,0 '
Received from ('fd00::200:0:0:e', 8765, 0, 0): b' 2314,14,11,1280,0,529,6,4,7,1,2,-70,0,474,7634,142,100,1,0,0 '
Received from ('fd00::200:0:0:c', 8765, 0, 0): b' 2316,12,8,1024,0,19,2,4,7,1,1,-52,0,508,10885,24,100,2,0,0 '
Received from ('fd00::200:0:0:5', 8765, 0, 0): b' 2317,5,1,512,0,506,7,1,6,1,1,-94,2,1023,11389,155,100,1,0,0 '
Received from ('fd00::200:0:0:11', 8765, 0, 0): b' 2315,17,13,1280,0,518,7,6,7,1,3,-52,1,1079,8863,133,100,1,0,0 '
Received from ('fd00::200:0:0:7', 8765, 0, 0): b' 2318,7,4,768,0,524,5,21,7,1,2,-70,6,3300,24772,149,100,2,0,0 '
Received from ('fd00::200:0:0:3', 8765, 0, 0): b' 2319,3,1,512,0,537,7,2,7,1,2,-64,1,724,12276,150,100,1,0,0 '
Received from ('fd00::200:0:0:9', 8765, 0, 0): b' 2319,9,5,768,0,83,5,4,7,1,3,-52,0,601,6680,37,100,1,0,0 '
Received from ('fd00::200:0:0:13', 8765, 0, 0): b' 2319,19,15,1280,0,506,5,4,7,1,1,-52,0,645,9259,142,100,2,0,0 '
Received from ('fd00::200:0:0:15', 8765, 0, 0): b' 2315,21,17,1536,10,504,5,7,5,1,2,-52,0,742,5444,128,100,1,0,0 '
Received from ('fd00::200:0:0:6', 8765, 0, 0): b' 2320,6,2,768,10,101,4,2,7,1,2,-52,1,1225,16901,48,100,2,0,0 '
Received from ('fd00::200:0:0:f', 8765, 0, 0): b' 2320,15,7,1024,0,483,7,18,7,1,3,-95,4,992,10519,142,100,1,0,0 '
Received from ('fd00::200:0:0:4', 8765, 0, 0): b' 2321,4,1,512,0,495,7,2,7,2,1,-66,9,4041,21681,154,100,1,0,0 '
Received from ('fd00::200:0:0:2', 8765, 0, 0): b' 2321,2,1,512,10,499,7,1,6,1,1,-88,9,1056,8966,155,100,1,0,0 '
Received from ('fd00::200:0:0:10', 8765, 0, 0): b' 2320,16,15,1280,0,514,12,14,7,1,6,-52,0,369,7356,132,100,1,0,0 '
Received from ('fd00::200:0:0:c', 8765, 0, 0): b' 2321,12,8,1024,0,19,2,4,7,1,1,-52,0,260,4512,24,100,1,0,0 '
Received from ('fd00::200:0:0:a', 8765, 0, 0): b' 2321,10,6,1024,0,38,5,4,7,1,3,-52,0,778,11741,27,100,2,0,0 '
Received from ('fd00::200:0:0:1', 5678, 0, 0): b' 2322,1,0,256,0,12,0,0,4,0,0,0,10,2342,25996,2656,100,1,0,0 '
Received from ('fd00::200:0:0:5', 8765, 0, 0): b' 2322,5,1,512,10,508,7,1,6,1,1,-94,2,703,8081,155,100,2,0,0 '
Received from ('fd00::200:0:0:8', 8765, 0, 0): b' 2323,8,4,768,0,542,5,21,7,1,2,-52,4,2121,18004,149,100,2,0,0 '
Received from ('fd00::200:0:0:14', 8765, 0, 0): b' 2323,20,15,1280,0,489,6,6,7,1,2,-70,0,703,8876,134,100,2,0,0 '
Received from ('fd00::200:0:0:15', 8765, 0, 0): b' 2320,21,17,1536,0,504,5,7,5,1,2,-52,0,287,4581,128,100,1,0,0 '
Received from ('fd00::200:0:0:13', 8765, 0, 0): b' 2323,19,15,1280,0,508,5,4,7,1,1,-52,0,435,4297,143,100,0,0,0 '
Received from ('fd00::200:0:0:d', 8765, 0, 0): b' 2324,13,8,1024,0,82,4,7,7,1,2,-70,2,2105,15806,41,100,3,0,0 '
Received from ('fd00::200:0:0:6', 8765, 0, 0): b' 2325,6,2,768,0,104,4,2,7,1,2,-52,1,1033,8591,49,100,1,0,0 '
Received from ('fd00::200:0:0:2', 8765, 0, 0): b' 2326,2,1,512,0,502,7,1,6,1,1,-88,9,1257,8948,155,100,1,0,0 '
Received from ('fd00::200:0:0:f', 8765, 0, 0): b' 2325,15,7,1024,0,483,7,18,7,1,3,-95,4,1469,13560,143,100,1,0,0 '
Received from ('fd00::200:0:0:12', 8765, 0, 0): b' 2325,18,15,1280,0,521,3,4,5,1,1,-70,2,808,10428,141,100,2,0,0 '
Received from ('fd00::200:0:0:a', 8765, 0, 0): b' 2325,10,6,1024,10,40,5,4,7,1,3,-52,0,555,6028,28,100,1,0,0 '
Received from ('fd00::200:0:0:10', 8765, 0, 0): b' 2325,16,15,1280,0,517,12,14,7,1,6,-52,0,609,6239,132,100,1,0,0 '
Received from ('fd00::200:0:0:8', 8765, 0, 0): b' 2328,8,4,768,0,542,5,21,7,1,2,-52,4,831,8036,149,100,1,0,0 '
Received from ('fd00::200:0:0:b', 8765, 0, 0): b' 2326,11,7,1024,20,580,3,12,7,1,1,-52,1,1226,16311,147,100,2,0,0 '
Received from ('fd00::200:0:0:e', 8765, 0, 0): b' 2325,14,11,1280,0,530,6,4,7,1,2,-70,0,594,10174,143,100,2,0,0 '
Received from ('fd00::200:0:0:11', 8765, 0, 0): b' 2327,17,13,1280,0,522,7,6,7,1,3,-52,1,1337,12634,133,100,2,0,0 '
Received from ('fd00::200:0:0:6', 8765, 0, 0): b' 2329,6,2,768,0,107,4,2,7,1,2,-52,1,958,7316,49,100,1,0,0 '
Received from ('fd00::200:0:0:9', 8765, 0, 0): b' 2329,9,5,768,0,85,5,4,7,1,3,-52,0,723,12560,38,100,2,0,0 '
Received from ('fd00::200:0:0:7', 8765, 0, 0): b' 2330,7,4,768,0,526,5,21,7,1,2,-70,6,3255,24788,150,100,2,0,0 '
Received from ('fd00::200:0:0:c', 8765, 0, 0): b' 2329,12,8,1024,0,20,2,4,7,1,1,-52,0,561,7524,25,100,3,0,0 '
Received from ('fd00::200:0:0:3', 8765, 0, 0): b' 2331,3,1,512,0,538,7,2,7,1,2,-64,1,778,13540,151,100,3,0,0 '
Received from ('fd00::200:0:0:14', 8765, 0, 0): b' 2330,20,15,1280,10,490,6,6,7,1,2,-70,0,393,6546,134,100,1,0,0 '
Received from ('fd00::200:0:0:a', 8765, 0, 0): b' 2330,10,6,1024,0,41,5,4,7,1,3,-52,0,502,5811,28,100,1,0,0 '
Received from ('fd00::200:0:0:12', 8765, 0, 0): b' 2331,18,15,1280,0,522,3,4,5,1,1,-70,2,464,4884,141,100,1,0,0 '
Received from ('fd00::200:0:0:b', 8765, 0, 0): b' 2330,11,7,1024,0,581,3,12,7,1,1,-52,1,690,6649,147,100,1,0,0 '
Received from ('fd00::200:0:0:d', 8765, 0, 0): b' 2331,13,8,1024,20,84,4,7,7,1,2,-70,2,768,8513,42,100,1,0,0 '
Received from ('fd00::200:0:0:4', 8765, 0, 0): b' 2332,4,1,512,0,497,7,2,7,2,1,-66,9,5520,30146,155,100,3,0,0 '
Received from ('fd00::200:0:0:1', 5678, 0, 0): b' 2332,1,0,256,0,12,0,0,4,0,0,0,10,2751,27602,2669,100,2,0,0 '
Received from ('fd00::200:0:0:15', 8765, 0, 0): b' 2332,21,17,1536,0,505,5,7,5,1,2,-52,0,570,7641,129,100,2,0,0 '
Received from ('fd00::200:0:0:2', 8765, 0, 0): b' 2333,2,1,512,0,505,7,1,6,1,1,-88,9,1480,12353,156,100,1,0,0 '
Received from ('fd00::200:0:0:5', 8765, 0, 0): b' 2334,5,1,512,0,514,7,1,6,1,1,-94,2,1793,18908,156,100,3,0,0 '
Received from ('fd00::200:0:0:10', 8765, 0, 0): b' 2334,16,15,1280,0,518,12,14,7,1,6,-52,0,572,8115,133,100,2,0,0 '
Received from ('fd00::200:0:0:a', 8765, 0, 0): b' 2334,10,6,1024,0,42,5,4,7,1,3,-52,0,269,4896,28,100,0,0,0 '
Received from ('fd00::200:0:0:13', 8765, 0, 0): b' 2335,19,15,1280,0,512,5,4,7,1,1,-52,0,877,11127,143,100,3,0,0 '
Received from ('fd00::200:0:0:c', 8765, 0, 0): b' 2336,12,8,1024,0,20,2,4,7,1,1,-52,0,283,5919,25,100,1,0,0 '
Received from ('fd00::200:0:0:3', 8765, 0, 0): b' 2336,3,1,512,0,541,7,2,7,1,2,-64,1,680,8136,152,100,1,0,0 '
Received from ('fd00::200:0:0:9', 8765, 0, 0): b' 2336,9,5,768,0,87,5,4,7,1,3,-52,0,520,8317,38,100,1,0,0 '
Received from ('fd00::200:0:0:7', 8765, 0, 0): b' 2337,7,4,768,30,528,5,21,7,1,2,-70,6,1851,15227,150,100,1,0,0 '
Received from ('fd00::200:0:0:f', 8765, 0, 0): b' 2335,15,7,1024,10,483,7,18,7,1,3,-95,4,2369,22528,143,100,2,0,0 '
Received from ('fd00::200:0:0:e', 8765, 0, 0): b' 2335,14,11,1280,10,533,6,4,7,1,2,-70,0,712,8601,143,100,2,0,0 '
Received from ('fd00::200:0:0:8', 8765, 0, 0): b' 2339,8,4,768,0,544,5,21,7,1,2,-52,4,2131,21937,150,100,2,0,0 '
Received from ('fd00::200:0:0:2', 8765, 0, 0): b' 2338,2,1,512,0,508,7,1,6,1,1,-88,9,1132,10389,156,100,2,0,0 '
Received from ('fd00::200:0:0:6', 8765, 0, 0): b' 2337,6,2,768,0,110,4,2,7,1,2,-52,1,1261,15498,50,100,1,0,0 '
Received from ('fd00::200:0:0:12', 8765, 0, 0): b' 2337,18,15,1280,0,523,3,4,5,1,1,-70,2,449,5898,142,100,1,0,0 '
Received from ('fd00::200:0:0:11', 8765, 0, 0): b' 2339,17,13,1280,0,525,7,6,7,1,3,-52,1,1306,14998,134,100,2,0,0 '
Received from ('fd00::200:0:0:4', 8765, 0, 0): b' 2340,4,1,512,20,500,7,2,7,2,1,-66,9,3149,21107,155,100,1,0,0 '
Received from ('fd00::200:0:0:3', 8765, 0, 0): b' 2341,3,1,512,0,541,7,2,7,1,2,-64,1,284,5218,152,100,1,0,0 '
Received from ('fd00::200:0:0:9', 8765, 0, 0): b' 2341,9,5,768,0,88,5,4,7,1,3,-52,0,447,5852,39,100,1,0,0 '
Received from ('fd00::200:0:0:14', 8765, 0, 0): b' 2340,20,15,1280,0,492,6,6,7,1,2,-70,0,726,9747,135,100,2,0,0 '
Received from ('fd00::200:0:0:b', 8765, 0, 0): b' 2339,11,7,1024,10,583,3,12,7,1,1,-52,1,1117,14383,148,100,2,0,0 '
Received from ('fd00::200:0:0:1', 5678, 0, 0): b' 2341,1,0,256,0,12,0,0,4,0,0,0,10,2190,24281,2680,100,1,0,0 '
Received from ('fd00::200:0:0:15', 8765, 0, 0): b' 2342,21,17,1536,0,508,5,7,5,1,2,-52,0,655,8913,129,100,1,0,0 '
Received from ('fd00::200:0:0:d', 8765, 0, 0): b' 2342,13,8,1024,0,87,4,7,7,1,2,-70,2,1829,14566,42,100,2,0,0 '
Received from ('fd00::200:0:0:12', 8765, 0, 0): b' 2340,18,15,1280,0,525,3,4,5,1,1,-70,2,476,4719,142,100,1,0,0 '
Received from ('fd00::200:0:0:7', 8765, 0, 0): b' 2344,7,4,768,0,529,5,21,7,1,2,-70,6,2186,15164,151,100,1,0,0 '
Received from ('fd00::200:0:0:2', 8765, 0, 0): b' 2343,2,1,512,0,510,7,1,6,1,1,-88,9,1039,8736,156,100,1,0,0 '
Received from ('fd00::200:0:0:10', 8765, 0, 0): b' 2344,16,15,1280,0,522,12,14,7,1,6,-52,0,764,9109,133,100,1,0,0 '
Received from ('fd00::200:0:0:a', 8765, 0, 0): b' 2343,10,6,1024,0,45,5,4,7,1,3,-52,0,941,11568,29,100,2,0,0 '
Received from ('fd00::200:0:0:b', 8765, 0, 0): b' 2344,11,7,1024,0,585,3,13,7,1,1,-52,1,675,7025,148,100,2,0,0 '
Received from ('fd00::200:0:0:5', 8765, 0, 0): b' 2346,5,1,512,0,522,7,1,6,1,1,-94,2,1996,19494,156,100,3,0,0 '
Received from ('fd00::200:0:0:f', 8765, 0, 0): b' 2346,15,7,1024,0,487,7,18,7,1,3,-95,4,2648,24375,144,100,2,0,0 '
Received from ('fd00::200:0:0:8', 8765, 0, 0): b' 2347,8,4,768,10,547,5,21,7,1,2,-52,4,1767,16414,151,100,1,0,0 '
Received from ('fd00::200:0:0:11', 8765, 0, 0): b' 2345,17,13,1280,0,526,7,6,7,1,3,-52,1,782,8267,134,100,1,0,0 '
Received from ('fd00::200:0:0:14', 8765, 0, 0): b' 2346,20,15,1280,0,493,6,6,7,1,2,-70,0,393,6134,135,100,1,0,0 '
Received from ('fd00::200:0:0:9', 8765, 0, 0): b' 2347,9,5,768,0,89,5,4,7,1,3,-52,0,387,6816,39,100,1,0,0 '
Received from ('fd00::200:0:0:15', 8765, 0, 0): b' 2347,21,17,1536,0,510,5,7,5,1,2,-52,0,556,5860,130,100,1,0,0 '
Received from ('fd00::200:0:0:e', 8765, 0, 0): b' 2346,14,11,1280,0,535,6,4,7,1,2,-70,0,809,10255,144,100,2,0,0 '
Received from ('fd00::200:0:0:c', 8765, 0, 0): b' 2347,12,8,1024,0,21,2,4,7,1,1,-52,0,615,10071,26,100,2,0,0 '
Received from ('fd00::200:0:0:13', 8765, 0, 0): b' 2346,19,15,1280,0,516,5,4,7,1,1,-52,0,1037,11094,144,100,3,0,0 '
Received from ('fd00::200:0:0:1', 5678, 0, 0): b' 2348,1,0,256,0,12,0,0,4,0,0,0,10,2017,19437,2689,100,2,0,0 '
Received from ('fd00::200:0:0:4', 8765, 0, 0): b' 2348,4,1,512,20,505,7,2,7,2,1,-66,9,4711,22360,156,100,2,0,0 '
Received from ('fd00::200:0:0:6', 8765, 0, 0): b' 2347,6,2,768,10,113,4,2,7,1,2,-52,1,1225,15305,50,100,2,0,0 '
Received from ('fd00::200:0:0:12', 8765, 0, 0): b' 2346,18,15,1280,0,526,3,4,5,1,1,-70,2,449,5631,143,100,1,0,0 '
Received from ('fd00::200:0:0:10', 8765, 0, 0): b' 2348,16,15,1280,0,524,12,14,7,1,6,-52,0,534,4545,134,100,1,0,0 '
Received from ('fd00::200:0:0:3', 8765, 0, 0): b' 2350,3,1,512,0,544,7,2,7,1,2,-64,1,628,11068,152,100,1,0,0 '
Received from ('fd00::200:0:0:2', 8765, 0, 0): b' 2350,2,1,512,0,514,7,1,6,1,1,-88,9,1370,12753,157,100,1,0,0 '
Received from ('fd00::200:0:0:d', 8765, 0, 0): b' 2352,13,8,1024,0,89,4,7,7,1,2,-70,2,1475,13707,43,100,2,0,0 '
Received from ('fd00::200:0:0:b', 8765, 0, 0): b' 2351,11,7,1024,0,585,3,13,7,1,1,-52,1,581,10009,148,100,1,0,0 '
Received from ('fd00::200:0:0:15', 8765, 0, 0): b' 2351,21,17,1536,0,511,5,7,5,1,2,-52,0,369,4387,130,100,1,0,0 '
Received from ('fd00::200:0:0:7', 8765, 0, 0): b' 2353,7,4,768,0,532,5,21,7,1,2,-70,6,2887,20290,151,100,2,0,0 '
Received from ('fd00::200:0:0:14', 8765, 0, 0): b' 2353,20,15,1280,10,495,6,6,7,1,2,-70,0,449,6018,136,100,1,0,0 '
Received from ('fd00::200:0:0:11', 8765, 0, 0): b' 2354,17,13,1280,0,526,7,6,7,1,3,-52,1,963,11215,135,100,2,0,0 '
Received from ('fd00::200:0:0:5', 8765, 0, 0): b' 2355,5,1,512,0,528,7,1,6,1,1,-94,2,1537,14971,157,100,1,0,0 '
Received from ('fd00::200:0:0:f', 8765, 0, 0): b' 2355,15,7,1024,0,489,7,18,7,1,3,-95,4,2632,21311,145,100,1,0,0 '
Received from ('fd00::200:0:0:13', 8765, 0, 0): b' 2354,19,15,1280,0,520,5,4,7,1,1,-52,0,796,7878,145,100,1,0,0 '
Received from ('fd00::200:0:0:6', 8765, 0, 0): b' 2354,6,2,768,0,115,4,2,7,1,2,-52,1,691,10465,51,100,1,0,0 '
Received from ('fd00::200:0:0:3', 8765, 0, 0): b' 2355,3,1,512,0,545,7,2,7,1,2,-64,1,466,6721,153,100,1,0,0 '
Received from ('fd00::200:0:0:8', 8765, 0, 0): b' 2357,8,4,768,10,553,5,21,7,1,2,-52,4,2455,19507,151,100,2,0,0 '
Received from ('fd00::200:0:0:c', 8765, 0, 0): b' 2356,12,8,1024,0,21,2,4,7,1,1,-52,0,308,7811,26,100,1,0,0 '
Received from ('fd00::200:0:0:a', 8765, 0, 0): b' 2355,10,6,1024,10,47,5,4,7,1,3,-52,0,769,13976,30,100,3,0,0 '
Received from ('fd00::200:0:0:15', 8765, 0, 0): b' 2356,21,17,1536,0,512,5,7,5,1,2,-52,0,369,4521,130,100,1,0,0 '
Received from ('fd00::200:0:0:9', 8765, 0, 0): b' 2357,9,5,768,0,91,5,4,7,1,3,-52,0,723,12141,40,100,2,0,0 '
Received from ('fd00::200:0:0:e', 8765, 0, 0): b' 2356,14,11,1280,0,538,6,4,7,1,2,-70,0,879,10046,145,100,2,0,0 '
Received from ('fd00::200:0:0:4', 8765, 0, 0): b' 2358,4,1,512,0,506,7,2,7,2,1,-66,9,3886,23060,156,100,1,0,0 '
Received from ('fd00::200:0:0:7', 8765, 0, 0): b' 2358,7,4,768,0,533,5,21,7,1,2,-70,6,1746,11949,152,100,1,0,0 '
Received from ('fd00::200:0:0:10', 8765, 0, 0): b' 2358,16,15,1280,10,527,12,14,7,1,6,-52,0,647,9769,134,100,2,0,0 '
Received from ('fd00::200:0:0:2', 8765, 0, 0): b' 2359,2,1,512,0,514,7,1,6,1,1,-88,9,1080,12355,157,100,1,0,0 '
Received from ('fd00::200:0:0:12', 8765, 0, 0): b' 2359,18,15,1280,10,531,3,4,5,1,1,-70,2,1056,11427,143,100,2,0,0 '
Received from ('fd00::200:0:0:1', 5678, 0, 0): b' 2359,1,0,256,0,12,0,0,4,0,0,0,10,2688,29289,2702,100,2,0,0 '
Received from ('fd00::200:0:0:11', 8765, 0, 0): b' 2360,17,13,1280,0,527,7,6,7,1,3,-52,1,636,6350,135,100,1,0,0 '
Received from ('fd00::200:0:0:d', 8765, 0, 0): b' 2360,13,8,1024,10,92,4,7,7,1,2,-70,2,1443,11468,44,100,1,0,0 '
Received from ('fd00::200:0:0:b', 8765, 0, 0): b' 2360,11,7,1024,20,590,3,13,7,1,1,-52,1,1239,13754,149,100,1,0,0 '
Received from ('fd00::200:0:0:9', 8765, 0, 0): b' 2362,9,5,768,0,93,5,4,7,1,3,-52,0,466,5924,40,100,2,0,0 '
Received from ('fd00::200:0:0:15', 8765, 0, 0): b' 2361,21,17,1536,0,512,5,7,5,1,2,-52,0,342,4519,131,100,1,0,0 '
Received from ('fd00::200:0:0:6', 8765, 0, 0): b' 2361,6,2,768,0,117,4,2,7,1,2,-52,1,1037,10539,51,100,2,0,0 '
Received from ('fd00::200:0:0:14', 8765, 0, 0): b' 2361,20,15,1280,0,497,6,6,7,1,2,-70,0,729,8592,136,100,2,0,0 '
Received from ('fd00::200:0:0:8', 8765, 0, 0): b' 2363,8,4,768,0,554,5,21,7,1,2,-52,4,1777,13613,152,100,1,0,0 '
Received from ('fd00::200:0:0:5', 8765, 0, 0): b' 2363,5,1,512,0,531,7,1,6,1,1,-94,2,1270,12972,158,100,2,0,0 '
Received from ('fd00::200:0:0:10', 8765, 0, 0): b' 2363,16,15,1280,0,529,12,14,7,1,6,-52,0,642,4795,135,100,1,0,0 '
Received from ('fd00::200:0:0:a', 8765, 0, 0): b' 2362,10,6,1024,0,48,5,4,7,1,3,-52,0,573,8598,30,100,2,0,0 '
Received from ('fd00::200:0:0:3', 8765, 0, 0): b' 2364,3,1,512,0,548,7,2,7,1,2,-64,1,719,10604,153,100,3,0,0 '
Received from ('fd00::200:0:0:f', 8765, 0, 0): b' 2365,15,7,1024,0,493,7,18,7,1,3,-95,4,2666,23007,145,100,2,0,0 '
Received from ('fd00::200:0:0:c', 8765, 0, 0): b' 2365,12,8,1024,0,21,2,4,7,1,1,-52,0,484,8752,27,100,2,0,0 '
Received from ('fd00::200:0:0:13', 8765, 0, 0): b' 2366,19,15,1280,0,523,5,4,7,1,1,-52,0,752,10567,145,100,2,0,0 '
Received from ('fd00::200:0:0:4', 8765, 0, 0): b' 2365,4,1,512,0,508,7,2,7,2,1,-66,9,3757,21368,157,100,2,0,0 '
Received from ('fd00::200:0:0:2', 8765, 0, 0): b' 2366,2,1,512,0,516,7,1,6,1,1,-88,9,1114,11696,158,100,2,0,0 '
Received from ('fd00::200:0:0:b', 8765, 0, 0): b' 2366,11,7,1024,0,590,3,13,7,1,1,-52,1,657,10033,149,100,2,0,0 '
Received from ('fd00::200:0:0:e', 8765, 0, 0): b' 2366,14,11,1280,0,540,6,4,7,1,2,-70,0,646,9156,145,100,2,0,0 '
Received from ('fd00::200:0:0:8', 8765, 0, 0): b' 2366,8,4,768,0,556,5,21,7,1,2,-52,4,888,8586,152,100,1,0,0 '
Received from ('fd00::200:0:0:7', 8765, 0, 0): b' 2366,7,4,768,0,536,5,21,7,1,2,-70,6,2678,20145,152,100,2,0,0 '
Received from ('fd00::200:0:0:5', 8765, 0, 0): b' 2367,5,1,512,0,531,7,1,6,1,1,-94,2,373,7109,158,100,1,0,0 '
Received from ('fd00::200:0:0:a', 8765, 0, 0): b' 2367,10,6,1024,0,50,5,4,7,1,3,-52,0,376,5826,30,100,0,0,0 '
Received from ('fd00::200:0:0:14', 8765, 0, 0): b' 2368,20,15,1280,0,499,6,6,7,1,2,-70,0,500,5639,136,100,1,0,0 '
Received from ('fd00::200:0:0:d', 8765, 0, 0): b' 2368,13,8,1024,10,96,4,7,7,1,2,-70,2,1208,10820,44,100,2,0,0 '
Received from ('fd00::200:0:0:15', 8765, 0, 0): b' 2367,21,17,1536,0,515,5,7,5,1,2,-52,0,607,6458,131,100,1,0,0 '
Received from ('fd00::200:0:0:1', 5678, 0, 0): b' 2369,1,0,256,0,12,0,0,4,0,0,0,10,2552,26502,2717,100,2,0,0 '
Received from ('fd00::200:0:0:11', 8765, 0, 0): b' 2369,17,13,1280,10,529,7,6,7,1,3,-52,1,1051,11484,136,100,1,0,0 '
Received from ('fd00::200:0:0:9', 8765, 0, 0): b' 2368,9,5,768,10,97,5,4,7,1,3,-52,0,681,8576,41,100,1,0,0 '
Received from ('fd00::200:0:0:6', 8765, 0, 0): b' 2370,6,2,768,0,120,4,2,7,1,2,-52,1,1155,12124,52,100,1,0,0 '
Received from ('fd00::200:0:0:10', 8765, 0, 0): b' 2369,16,15,1280,0,531,12,14,7,1,6,-52,0,568,6500,135,100,1,0,0 '
Received from ('fd00::200:0:0:3', 8765, 0, 0): b' 2370,3,1,512,0,550,7,2,7,1,2,-64,1,573,6985,154,100,1,0,0 '
Received from ('fd00::200:0:0:12', 8765, 0, 0): b' 2370,18,15,1280,0,532,3,4,5,1,1,-70,2,597,10470,144,100,2,0,0 '
Received from ('fd00::200:0:0:13', 8765, 0, 0): b' 2370,19,15,1280,10,523,5,4,7,1,1,-52,0,389,4588,146,100,1,0,0 '
Received from ('fd00::200:0:0:15', 8765, 0, 0): b' 2372,21,17,1536,0,516,5,7,5,1,2,-52,0,369,3919,131,100,1,0,0 '
Received from ('fd00::200:0:0:c', 8765, 0, 0): b' 2372,12,8,1024,0,21,2,4,7,1,1,-52,0,353,6561,27,100,1,0,0 '
Received from ('fd00::200:0:0:e', 8765, 0, 0): b' 2372,14,11,1280,0,542,6,4,7,1,2,-70,0,556,6214,146,100,1,0,0 '
Received from ('fd00::200:0:0:4', 8765, 0, 0): b' 2374,4,1,512,10,510,7,2,7,2,1,-66,9,3660,20434,157,100,1,0,0 '
Received from ('fd00::200:0:0:2', 8765, 0, 0): b' 2374,2,1,512,0,517,7,1,6,1,1,-88,9,1329,12980,158,100,1,0,0 '
Received from ('fd00::200:0:0:8', 8765, 0, 0): b' 2373,8,4,768,10,557,5,21,7,1,2,-52,4,1536,13864,152,100,1,0,0 '
Received from ('fd00::200:0:0:10', 8765, 0, 0): b' 2374,16,15,1280,0,533,12,14,7,1,6,-52,0,502,5067,135,100,1,0,0 '
Received from ('fd00::200:0:0:f', 8765, 0, 0): b' 2376,15,7,1024,0,498,7,18,7,1,3,-95,4,3094,25459,146,100,2,0,0 '
Received from ('fd00::200:0:0:d', 8765, 0, 0): b' 2376,13,8,1024,0,98,4,7,7,1,2,-70,2,1455,11639,45,100,1,0,0 '
Received from ('fd00::200:0:0:14', 8765, 0, 0): b' 2375,20,15,1280,0,504,6,6,7,1,2,-70,0,901,8089,137,100,1,0,0 '
Received from ('fd00::200:0:0:7', 8765, 0, 0): b' 2376,7,4,768,0,540,5,21,7,1,2,-70,6,3088,21263,153,100,1,0,0 '
Received from ('fd00::200:0:0:11', 8765, 0, 0): b' 2376,17,13,1280,0,529,7,6,7,1,3,-52,1,854,9770,136,100,1,0,0 '
Received from ('fd00::200:0:0:3', 8765, 0, 0): b' 2376,3,1,512,10,553,7,2,7,1,2,-64,1,497,7816,154,100,1,0,0 '
Received from ('fd00::200:0:0:5', 8765, 0, 0): b' 2376,5,1,512,10,534,7,1,6,1,1,-94,2,1174,14081,158,100,1,0,0 '
Received from ('fd00::200:0:0:a', 8765, 0, 0): b' 2377,10,6,1024,0,54,5,4,7,1,3,-52,0,1048,11784,31,100,2,0,0 '
Received from ('fd00::200:0:0:9', 8765, 0, 0): b' 2377,9,5,768,0,100,5,4,7,1,3,-52,0,859,10996,41,100,2,0,0 '
Received from ('fd00::200:0:0:b', 8765, 0, 0): b' 2377,11,7,1024,0,592,3,13,7,1,1,-52,1,1328,16715,150,100,2,0,0 '
Received from ('fd00::200:0:0:c', 8765, 0, 0): b' 2378,12,8,1024,0,21,2,4,7,1,1,-52,0,436,5874,28,100,2,0,0 '
Received from ('fd00::200:0:0:e', 8765, 0, 0): b' 2379,14,11,1280,0,542,6,4,7,1,2,-70,0,286,5451,146,100,1,0,0 '
Received from ('fd00::200:0:0:8', 8765, 0, 0): b' 2378,8,4,768,0,559,5,21,7,1,2,-52,4,1462,11118,153,100,1,0,0 '
Received from ('fd00::200:0:0:14', 8765, 0, 0): b' 2379,20,15,1280,0,504,6,6,7,1,2,-70,0,262,4189,137,100,1,0,0 '
Received from ('fd00::200:0:0:1', 5678, 0, 0): b' 2380,1,0,256,0,12,0,0,4,0,0,0,10,2644,29735,2731,100,2,0,0 '
Received from ('fd00::200:0:0:12', 8765, 0, 0): b' 2379,18,15,1280,10,535,3,4,5,1,1,-70,2,702,8854,145,100,2,0,0 '
Received from ('fd00::200:0:0:6', 8765, 0, 0): b' 2381,6,2,768,10,122,4,2,7,1,2,-52,1,1282,17572,52,100,2,0,0 '
Received from ('fd00::200:0:0:3', 8765, 0, 0): b' 2381,3,1,512,0,555,7,2,7,1,2,-64,1,680,7046,155,100,1,0,0 '
Received from ('fd00::200:0:0:2', 8765, 0, 0): b' 2382,2,1,512,0,517,7,1,6,1,1,-88,9,1013,13648,159,100,2,0,0 '
Received from ('fd00::200:0:0:13', 8765, 0, 0): b' 2383,19,15,1280,0,526,5,4,7,1,1,-52,0,777,11278,146,100,2,0,0 '
Received from ('fd00::200:0:0:15', 8765, 0, 0): b' 2383,21,17,1536,0,520,5,7,5,1,2,-52,0,939,10797,132,100,2,0,0 '
Received from ('fd00::200:0:0:b', 8765, 0, 0): b' 2382,11,7,1024,0,595,3,13,7,1,1,-52,1,968,9045,150,100,1,0,0 '
Received from ('fd00::200:0:0:4', 8765, 0, 0): b' 2383,4,1,512,10,511,7,2,7,2,1,-66,9,4280,25593,158,100,2,0,0 '
Received from ('fd00::200:0:0:5', 8765, 0, 0): b' 2384,5,1,512,0,536,7,1,6,1,1,-94,2,1044,11789,159,100,2,0,0 '
Received from ('fd00::200:0:0:7', 8765, 0, 0): b' 2383,7,4,768,20,541,5,21,7,1,2,-70,6,2200,16677,153,100,2,0,0 '
Received from ('fd00::200:0:0:8', 8765, 0, 0): b' 2384,8,4,768,0,561,5,21,7,1,2,-52,4,825,10719,153,100,1,0,0 '
Received from ('fd00::200:0:0:10', 8765, 0, 0): b' 2385,16,15,1280,0,535,12,14,7,1,6,-52,0,703,9953,136,100,2,0,0 '
Received from ('fd00::200:0:0:f', 8765, 0, 0): b' 2386,15,7,1024,0,498,7,18,7,1,3,-95,4,2477,23700,147,100,2,0,0 '
Received from ('fd00::200:0:0:d', 8765, 0, 0): b' 2385,13,8,1024,0,99,4,7,7,1,2,-70,2,1163,13636,45,100,2,0,0 '
Received from ('fd00::200:0:0:c', 8765, 0, 0): b' 2385,12,8,1024,0,21,2,4,7,1,1,-52,0,307,6912,28,100,1,0,0 '
Received from ('fd00::200:0:0:a', 8765, 0, 0): b' 2387,10,6,1024,10,56,5,4,7,1,3,-52,0,728,10796,31,100,2,0,0 '
Received from ('fd00::200:0:0:9', 8765, 0, 0): b' 2386,9,5,768,10,104,5,4,7,1,3,-52,0,736,11144,42,100,1,0,0 '
Received from ('fd00::200:0:0:e', 8765, 0, 0): b' 2387,14,11,1280,0,543,6,4,7,1,2,-70,0,473,7691,147,100,1,0,0 '
Received from ('fd00::200:0:0:11', 8765, 0, 0): b' 2386,17,13,1280,0,532,7,6,7,1,3,-52,1,1215,13589,137,100,2,0,0 '
Received from ('fd00::200:0:0:13', 8765, 0, 0): b' 2387,19,15,1280,0,527,5,4,7,1,1,-52,0,450,4593,147,100,1,0,0 '
Received from ('fd00::200:0:0:3', 8765, 0, 0): b' 2388,3,1,512,0,558,7,2,7,1,2,-64,1,497,8724,155,100,1,0,0 '
Received from ('fd00::200:0:0:12', 8765, 0, 0): b' 2389,18,15,1280,0,537,3,4,5,1,1,-70,2,632,8512,145,100,1,0,0 '
Received from ('fd00::200:0:0:14', 8765, 0, 0): b' 2390,20,15,1280,0,506,6,6,7,1,2,-70,0,701,9538,138,100,2,0,0 '
Received from ('fd00::200:0:0:6', 8765, 0, 0): b' 2390,6,2,768,0,124,4,2,7,1,2,-52,1,1277,15404,53,100,2,0,0 '
Received from ('fd00::200:0:0:1', 5678, 0, 0): b' 2390,1,0,256,0,12,0,0,4,0,0,0,10,2433,27270,2743,100,2,0,0 '
Received from ('fd00::200:0:0:5', 8765, 0, 0): b' 2390,5,1,512,10,536,7,1,6,1,1,-94,2,748,10243,159,100,1,0,0 '
Received from ('fd00::200:0:0:11', 8765, 0, 0): b' 2390,17,13,1280,0,532,7,6,7,1,3,-52,1,521,6188,137,100,1,0,0 '
Received from ('fd00::200:0:0:13', 8765, 0, 0): b' 2392,19,15,1280,0,528,5,4,7,1,1,-52,0,369,4067,147,100,1,0,0 '
Received from ('fd00::200:0:0:2', 8765, 0, 0): b' 2391,2,1,512,10,519,7,1,6,1,1,-88,9,1319,14523,160,100,1,0,0 '
Received from ('fd00::200:0:0:7', 8765, 0, 0): b' 2391,7,4,768,10,543,5,21,7,1,2,-70,6,2396,17510,154,100,1,0,0 '
Received from ('fd00::200:0:0:f', 8765, 0, 0): b' 2392,15,7,1024,0,501,7,18,7,1,3,-95,4,1905,16521,147,100,1,0,0 '
Received from ('fd00::200:0:0:b', 8765, 0, 0): b' 2393,11,7,1024,0,597,3,13,7,1,1,-52,1,1038,16034,151,100,1,0,0 '
Received from ('fd00::200:0:0:10', 8765, 0, 0): b' 2394,16,15,1280,0,538,12,14,7,1,6,-52,0,810,8947,137,100,2,0,0 '
Received from ('fd00::200:0:0:9', 8765, 0, 0): b' 2394,9,5,768,0,104,5,4,7,1,3,-52,0,512,9366,42,100,2,0,0 '
Received from ('fd00::200:0:0:d', 8765, 0, 0): b' 2393,13,8,1024,10,100,4,7,7,1,2,-70,2,1071,10535,46,100,2,0,0 '
Received from ('fd00::200:0:0:4', 8765, 0, 0): b' 2394,4,1,512,0,513,7,2,7,2,1,-66,9,5306,29113,159,100,2,0,0 '
Received from ('fd00::200:0:0:15', 8765, 0, 0): b' 2393,21,17,1536,0,523,5,7,5,1,2,-52,0,809,10182,133,100,2,0,0 '
Received from ('fd00::200:0:0:14', 8765, 0, 0): b' 2396,20,15,1280,0,507,6,6,7,1,2,-70,0,393,5391,138,100,1,0,0 '
Received from ('fd00::200:0:0:8', 8765, 0, 0): b' 2395,8,4,768,0,563,5,21,7,1,2,-52,4,2418,22197,154,100,2,0,0 '
Received from ('fd00::200:0:0:a', 8765, 0, 0): b' 2397,10,6,1024,0,56,5,4,7,1,3,-52,0,417,11753,32,100,1,0,0 '
Received from ('fd00::200:0:0:7', 8765, 0, 0): b' 2396,7,4,768,0,544,5,21,7,1,2,-70,6,1370,10077,154,100,1,0,0 '
Received from ('fd00::200:0:0:1', 5678, 0, 0): b' 2397,1,0,256,0,12,0,0,4,0,0,0,10,1626,16939,2753,100,1,0,0 '
Received from ('fd00::200:0:0:5', 8765, 0, 0): b' 2396,5,1,512,0,537,7,1,6,1,1,-94,2,725,9594,160,100,1,0,0 '
Received from ('fd00::200:0:0:f', 8765, 0, 0): b' 2396,15,7,1024,0,502,7,18,7,1,3,-95,4,1180,10276,147,100,1,0,0 '
Received from ('fd00::200:0:0:c', 8765, 0, 0): b' 2396,12,8,1024,10,21,2,4,7,1,1,-52,0,550,10402,29,100,2,0,0 '
Received from ('fd00::200:0:0:6', 8765, 0, 0): b' 2397,6,2,768,0,125,4,2,7,1,2,-52,1,707,10027,54,100,1,0,0 '
Received from ('fd00::200:0:0:b', 8765, 0, 0): b' 2396,11,7,1024,0,598,3,13,7,1,1,-52,1,548,7262,151,100,1,0,0 '
Received from ('fd00::200:0:0:12', 8765, 0, 0): b' 2397,18,15,1280,0,539,3,4,5,1,1,-70,2,701,8920,146,100,2,0,0 '
Received from ('fd00::200:0:0:e', 8765, 0, 0): b' 2398,14,11,1280,10,548,6,4,7,1,2,-70,0,1023,10764,148,100,2,0,0 '
Received from ('fd00::200:0:0:3', 8765, 0, 0): b' 2398,3,1,512,10,563,7,2,7,1,2,-64,1,1038,13322,156,100,2,0,0 '
Received from ('fd00::200:0:0:13', 8765, 0, 0): b' 2398,19,15,1280,10,528,5,4,7,1,1,-52,0,310,6982,148,100,1,0,0 '
Received from ('fd00::200:0:0:4', 8765, 0, 0): b' 2399,4,1,512,0,514,7,2,7,2,1,-66,9,2506,13933,159,100,1,0,0 '
Received from ('fd00::200:0:0:2', 8765, 0, 0): b' 2401,2,1,512,0,521,7,1,6,1,1,-88,9,1373,14755,160,100,2,0,0 '
Received from ('fd00::200:0:0:11', 8765, 0, 0): b' 2401,17,13,1280,10,536,7,6,7,1,3,-52,1,1215,13504,138,100,2,0,0 '
Received from ('fd00::200:0:0:e', 8765, 0, 0): b' 2402,14,11,1280,0,548,6,4,7,1,2,-70,0,289,4790,148,100,1,0,0 '
Received from ('fd00::200:0:0:d', 8765, 0, 0): b' 2402,13,8,1024,10,102,4,7,7,1,2,-70,2,1196,12199,46,100,1,0,0 '
Received from ('fd00::200:0:0:1', 5678, 0, 0): b' 2403,1,0,256,0,12,0,0,4,0,0,0,10,1722,18591,2761,100,1,0,0 '
Received from ('fd00::200:0:0:14', 8765, 0, 0): b' 2402,20,15,1280,0,509,6,6,7,1,2,-70,0,677,8010,139,100,2,0,0 '
Received from ('fd00::200:0:0:12', 8765, 0, 0): b' 2402,18,15,1280,0,540,3,4,5,1,1,-70,2,393,6005,146,100,1,0,0 '
Received from ('fd00::200:0:0:9', 8765, 0, 0): b' 2403,9,5,768,0,106,5,4,7,1,3,-52,0,725,12247,43,100,2,0,0 '
Received from ('fd00::200:0:0:15', 8765, 0, 0): b' 2403,21,17,1536,0,528,5,7,5,1,2,-52,0,967,9541,133,100,2,0,0 '
Received from ('fd00::200:0:0:10', 8765, 0, 0): b' 2404,16,15,1280,10,541,12,14,7,1,6,-52,0,754,11345,137,100,2,0,0 '
Received from ('fd00::200:0:0:6', 8765, 0, 0): b' 2407,6,2,768,0,127,4,2,7,1,2,-52,1,1048,15044,54,100,2,0,0 '
Received from ('fd00::200:0:0:8', 8765, 0, 0): b' 2405,8,4,768,10,566,5,21,7,1,2,-52,4,1985,20680,155,100,2,0,0 '
Received from ('fd00::200:0:0:7', 8765, 0, 0): b' 2405,7,4,768,10,545,5,21,7,1,2,-70,6,2885,22192,155,100,2,0,0 '
Received from ('fd00::200:0:0:f', 8765, 0, 0): b' 2405,15,7,1024,0,502,7,18,7,1,3,-95,4,2260,22990,148,100,1,0,0 '
Received from ('fd00::200:0:0:a', 8765, 0, 0): b' 2409,10,6,1024,0,61,5,4,7,1,3,-52,0,1277,15247,33,100,3,0,0 '
Received from ('fd00::200:0:0:b', 8765, 0, 0): b' 2407,11,7,1024,0,602,3,14,7,1,1,-52,1,1507,16819,152,100,3,0,0 '
Received from ('fd00::200:0:0:5', 8765, 0, 0): b' 2408,5,1,512,0,538,7,1,6,1,1,-94,2,1211,18050,161,100,2,0,0 '
Received from ('fd00::200:0:0:4', 8765, 0, 0): b' 2408,4,1,512,0,517,7,2,7,2,1,-66,9,3792,21204,160,100,2,0,0 '
Received from ('fd00::200:0:0:13', 8765, 0, 0): b' 2407,19,15,1280,0,530,5,4,7,1,1,-52,0,678,9301,148,100,2,0,0 '
Received from ('fd00::200:0:0:c', 8765, 0, 0): b' 2408,12,8,1024,10,21,2,4,7,1,1,-52,0,510,11271,30,100,2,0,0 '
Received from ('fd00::200:0:0:9', 8765, 0, 0): b' 2408,9,5,768,0,108,5,4,7,1,3,-52,0,473,6295,43,100,1,0,0 '
Received from ('fd00::200:0:0:14', 8765, 0, 0): b' 2407,20,15,1280,0,511,6,6,7,1,2,-70,0,403,5294,139,100,0,0,0 '
Received from ('fd00::200:0:0:3', 8765, 0, 0): b' 2409,3,1,512,0,567,7,2,7,1,2,-64,1,883,13160,156,100,2,0,0 '
Received from ('fd00::200:0:0:1', 5678, 0, 0): b' 2410,1,0,256,0,12,0,0,4,0,0,0,10,1624,18132,2773,100,1,0,0 '
Received from ('fd00::200:0:0:11', 8765, 0, 0): b' 2409,17,13,1280,0,537,7,6,7,1,3,-52,1,1095,11515,139,100,2,0,0 '
Received from ('fd00::200:0:0:e', 8765, 0, 0): b' 2409,14,11,1280,0,552,6,4,7,1,2,-70,0,738,8053,148,100,1,0,0 '
Received from ('fd00::200:0:0:2', 8765, 0, 0): b' 2411,2,1,512,0,523,7,1,6,1,1,-88,9,1535,17569,161,100,2,0,0 '
Received from ('fd00::200:0:0:d', 8765, 0, 0): b' 2409,13,8,1024,0,104,4,7,7,1,2,-70,2,1338,12110,47,100,2,0,0 '
Received from ('fd00::200:0:0:6', 8765, 0, 0): b' 2413,6,2,768,0,128,4,2,7,1,2,-52,1,741,9422,55,100,1,0,0 '
Received from ('fd00::200:0:0:5', 8765, 0, 0): b' 2413,5,1,512,0,540,7,1,6,1,1,-94,2,755,8119,161,100,2,0,0 '
Received from ('fd00::200:0:0:12', 8765, 0, 0): b' 2411,18,15,1280,10,543,3,4,5,1,1,-70,2,687,8597,147,100,1,0,0 '
Received from ('fd00::200:0:0:8', 8765, 0, 0): b' 2412,8,4,768,0,569,5,21,7,1,2,-52,4,1529,14349,155,100,1,0,0 '
Received from ('fd00::200:0:0:7', 8765, 0, 0): b' 2412,7,4,768,0,546,5,21,7,1,2,-70,6,2141,16423,155,100,1,0,0 '
Received from ('fd00::200:0:0:9', 8765, 0, 0): b' 2414,9,5,768,0,110,5,4,7,1,3,-52,0,552,7369,44,100,1,0,0 '
Received from ('fd00::200:0:0:a', 8765, 0, 0): b' 2416,10,6,1024,0,62,5,4,7,1,3,-52,0,524,8528,33,100,1,0,0 '
Received from ('fd00::200:0:0:15', 8765, 0, 0): b' 2415,21,17,1536,0,530,5,7,5,1,2,-52,0,725,10858,134,100,2,0,0 '
Received from ('fd00::200:0:0:10', 8765, 0, 0): b' 2415,16,15,1280,0,543,12,14,7,1,6,-52,0,842,10909,138,100,1,0,0 '
Received from ('fd00::200:0:0:3', 8765, 0, 0): b' 2416,3,1,512,0,569,7,2,7,1,2,-64,1,573,9315,157,100,1,0,0 '
Received from ('fd00::200:0:0:b', 8765, 0, 0): b' 2416,11,7,1024,0,605,3,14,7,1,1,-52,1,1309,14962,153,100,2,0,0 '
Received from ('fd00::200:0:0:c', 8765, 0, 0): b' 2416,12,8,1024,0,21,2,4,7,1,1,-52,0,333,7893,30,100,1,0,0 '
Received from ('fd00::200:0:0:f', 8765, 0, 0): b' 2416,15,7,1024,0,505,7,18,7,1,3,-95,4,2608,24584,149,100,2,0,0 '
Received from ('fd00::200:0:0:6', 8765, 0, 0): b' 2417,6,2,768,0,129,4,2,7,1,2,-52,1,775,8894,55,100,1,0,0 '
Received from ('fd00::200:0:0:14', 8765, 0, 0): b' 2416,20,15,1280,0,515,6,6,7,1,2,-70,0,891,8957,140,100,2,0,0 '
Received from ('fd00::200:0:0:7', 8765, 0, 0): b' 2418,7,4,768,10,546,5,21,7,1,2,-70,6,1584,11444,156,100,1,0,0 '
Received from ('fd00::200:0:0:8', 8765, 0, 0): b' 2417,8,4,768,10,571,5,21,7,1,2,-52,4,1031,10842,155,100,1,0,0 '
Received from ('fd00::200:0:0:13', 8765, 0, 0): b' 2417,19,15,1280,0,532,5,4,7,1,1,-52,0,604,9402,149,100,1,0,0 '
Received from ('fd00::200:0:0:12', 8765, 0, 0): b' 2417,18,15,1280,0,544,3,4,5,1,1,-70,2,491,5540,147,100,2,0,0 '
Received from ('fd00::200:0:0:11', 8765, 0, 0): b' 2416,17,13,1280,0,542,7,6,7,1,3,-52,1,1319,11887,139,100,2,0,0 '
Received from ('fd00::200:0:0:4', 8765, 0, 0): b' 2419,4,1,512,20,520,7,2,7,2,1,-66,9,5048,29200,160,100,2,0,0 '
Received from ('fd00::200:0:0:e', 8765, 0, 0): b' 2417,14,11,1280,0,555,6,4,7,1,2,-70,0,802,8550,149,100,3,0,0 '
Received from ('fd00::200:0:0:1', 5678, 0, 0): b' 2420,1,0,256,0,12,0,0,4,0,0,0,10,2300,26255,2783,100,2,0,0 '
Received from ('fd00::200:0:0:f', 8765, 0, 0): b' 2420,15,7,1024,0,505,7,18,7,1,3,-95,4,1035,9655,149,100,1,0,0 '
Received from ('fd00::200:0:0:5', 8765, 0, 0): b' 2422,5,1,512,0,542,7,1,6,1,1,-94,2,1265,14089,162,100,2,0,0 '
Received from ('fd00::200:0:0:9', 8765, 0, 0): b' 2422,9,5,768,0,114,5,4,7,1,3,-52,0,738,8443,44,100,1,0,0 '
Received from ('fd00::200:0:0:d', 8765, 0, 0): b' 2420,13,8,1024,0,107,4,7,7,1,2,-70,2,1577,14886,48,100,2,0,0 '
Received from ('fd00::200:0:0:2', 8765, 0, 0): b' 2423,2,1,512,10,527,7,1,6,1,1,-88,9,1718,19055,162,100,2,0,0 '
Received from ('fd00::200:0:0:13', 8765, 0, 0): b' 2422,19,15,1280,0,533,5,4,7,1,1,-52,0,393,4921,149,100,1,0,0 '
Received from ('fd00::200:0:0:a', 8765, 0, 0): b' 2424,10,6,1024,0,64,5,4,7,1,3,-52,0,702,9876,34,100,2,0,0 '
Received from ('fd00::200:0:0:10', 8765, 0, 0): b' 2422,16,15,1280,10,545,12,14,7,1,6,-52,0,656,7238,139,100,2,0,0 '
Received from ('fd00::200:0:0:11', 8765, 0, 0): b' 2421,17,13,1280,0,544,7,6,7,1,3,-52,1,558,6404,139,100,0,0,0 '
Received from ('fd00::200:0:0:7', 8765, 0, 0): b' 2424,7,4,768,10,546,5,21,7,1,2,-70,6,1546,11825,156,100,1,0,0 '
Received from ('fd00::200:0:0:15', 8765, 0, 0): b' 2424,21,17,1536,0,532,5,7,5,1,2,-52,0,678,8738,135,100,2,0,0 '
Received from ('fd00::200:0:0:6', 8765, 0, 0): b' 2424,6,2,768,10,131,4,2,7,1,2,-52,1,871,10921,56,100,1,0,0 '
Received from ('fd00::200:0:0:b', 8765, 0, 0): b' 2424,11,7,1024,0,607,3,14,7,1,1,-52,1,848,12808,153,100,1,0,0 '
Received from ('fd00::200:0:0:12', 8765, 0, 0): b' 2424,18,15,1280,0,545,3,4,5,1,1,-70,2,473,6674,148,100,1,0,0 '
Received from ('fd00::200:0:0:3', 8765, 0, 0): b' 2427,3,1,512,0,571,7,2,7,1,2,-64,1,717,12034,158,100,2,0,0 '
Received from ('fd00::200:0:0:5', 8765, 0, 0): b' 2426,5,1,512,0,542,7,1,6,1,1,-94,2,450,7317,162,100,0,0,0 '
Received from ('fd00::200:0:0:e', 8765, 0, 0): b' 2424,14,11,1280,10,557,6,4,7,1,2,-70,0,476,5496,149,100,1,0,0 '
Received from ('fd00::200:0:0:8', 8765, 0, 0): b' 2428,8,4,768,0,573,5,21,7,1,2,-52,4,1951,17500,156,100,2,0,0 '
Received from ('fd00::200:0:0:a', 8765, 0, 0): b' 2428,10,6,1024,0,65,5,4,7,1,3,-52,0,401,6697,34,100,0,0,0 '
Received from ('fd00::200:0:0:4', 8765, 0, 0): b' 2429,4,1,512,0,521,7,2,7,2,1,-66,9,3582,21797,161,100,1,0,0 '
Received from ('fd00::200:0:0:c', 8765, 0, 0): b' 2429,12,8,1024,0,22,2,4,7,1,1,-52,0,591,10509,31,100,2,0,0 '
Received from ('fd00::200:0:0:14', 8765, 0, 0): b' 2427,20,15,1280,0,517,6,6,7,1,2,-70,0,669,10139,140,100,2,0,0 '
Received from ('fd00::200:0:0:9', 8765, 0, 0): b' 2428,9,5,768,0,118,5,4,7,1,3,-52,0,790,9810,45,100,1,0,0 '
Received from ('fd00::200:0:0:11', 8765, 0, 0): b' 2425,17,13,1280,10,544,7,6,7,1,3,-52,1,528,5736,140,100,1,0,0 '
Received from ('fd00::200:0:0:2', 8765, 0, 0): b' 2430,2,1,512,0,527,7,1,6,1,1,-88,9,1250,11866,162,100,1,0,0 '
Received from ('fd00::200:0:0:7', 8765, 0, 0): b' 2430,7,4,768,10,548,5,21,7,1,2,-70,6,1717,12490,156,100,1,0,0 '
Received from ('fd00::200:0:0:1', 5678, 0, 0): b' 2430,1,0,256,0,12,0,0,4,0,0,0,10,2465,26681,2798,100,2,0,0 '
Received from ('fd00::200:0:0:13', 8765, 0, 0): b' 2430,19,15,1280,0,534,5,4,7,1,1,-52,0,570,7511,150,100,2,0,0 '
Received from ('fd00::200:0:0:f', 8765, 0, 0): b' 2430,15,7,1024,10,508,7,18,7,1,3,-95,4,2714,24165,150,100,2,0,0 '
Received from ('fd00::200:0:0:8', 8765, 0, 0): b' 2432,8,4,768,10,575,5,21,7,1,2,-52,4,879,8849,156,100,0,0,0 '
Received from ('fd00::200:0:0:10', 8765, 0, 0): b' 2430,16,15,1280,0,546,12,14,7,1,6,-52,0,420,7074,139,100,1,0,0 '
Received from ('fd00::200:0:0:15', 8765, 0, 0): b' 2431,21,17,1536,0,532,5,7,5,1,2,-52,0,310,6336,135,100,1,0,0 '
Received from ('fd00::200:0:0:3', 8765, 0, 0): b' 2433,3,1,512,0,574,7,2,7,1,2,-64,1,605,7950,158,100,1,0,0 '
Received from ('fd00::200:0:0:4', 8765, 0, 0): b' 2433,4,1,512,0,522,7,2,7,2,1,-66,9,2363,11647,161,100,1,0,0 '
Received from ('fd00::200:0:0:6', 8765, 0, 0): b' 2433,6,2,768,10,135,4,2,7,1,2,-52,1,1149,13205,56,100,1,0,0 '
Received from ('fd00::200:0:0:d', 8765, 0, 0): b' 2433,13,8,1024,10,108,4,7,7,1,2,-70,2,1441,14719,49,100,2,0,0 '
Received from ('fd00::200:0:0:e', 8765, 0, 0): b' 2434,14,11,1280,0,559,6,4,7,1,2,-70,0,702,9427,150,100,2,0,0 '
Received from ('fd00::200:0:0:14', 8765, 0, 0): b' 2434,20,15,1280,0,517,6,6,7,1,2,-70,0,343,5799,141,100,1,0,0 '
Received from ('fd00::200:0:0:5', 8765, 0, 0): b' 2436,5,1,512,0,543,7,1,6,1,1,-94,2,1103,14761,163,100,2,0,0 '
Received from ('fd00::200:0:0:c', 8765, 0, 0): b' 2437,12,8,1024,0,22,2,4,7,1,1,-52,0,461,7266,32,100,2,0,0 '
Received from ('fd00::200:0:0:a', 8765, 0, 0): b' 2437,10,6,1024,0,67,5,4,7,1,3,-52,0,702,10260,35,100,2,0,0 '
Received from ('fd00::200:0:0:9', 8765, 0, 0): b' 2435,9,5,768,0,119,5,4,7,1,3,-52,0,538,8669,45,100,2,0,0 '
Received from ('fd00::200:0:0:7', 8765, 0, 0): b' 2437,7,4,768,0,550,5,21,7,1,2,-70,6,1762,14138,157,100,1,0,0 '
Received from ('fd00::200:0:0:12', 8765, 0, 0): b' 2435,18,15,1280,10,549,3,4,5,1,1,-70,2,853,10554,148,100,3,0,0 '
Received from ('fd00::200:0:0:b', 8765, 0, 0): b' 2436,11,7,1024,0,607,3,14,7,1,1,-52,1,1167,17789,154,100,2,0,0 '
Received from ('fd00::200:0:0:1', 5678, 0, 0): b' 2438,1,0,256,0,12,0,0,4,0,0,0,10,2032,21032,2808,100,1,0,0 '
Received from ('fd00::200:0:0:4', 8765, 0, 0): b' 2438,4,1,512,10,523,7,2,7,2,1,-66,9,2448,14237,162,100,1,0,0 '
Received from ('fd00::200:0:0:11', 8765, 0, 0): b' 2435,17,13,1280,0,544,7,6,7,1,3,-52,1,819,11798,140,100,2,0,0 '
Received from ('fd00::200:0:0:8', 8765, 0, 0): b' 2440,8,4,768,10,575,5,21,7,1,2,-52,4,1678,14631,157,100,2,0,0 '
Received from ('fd00::200:0:0:2', 8765, 0, 0): b' 2439,2,1,512,10,530,7,1,6,1,1,-88,9,1562,15772,163,100,2,0,0 '
Received from ('fd00::200:0:0:d', 8765, 0, 0): b' 2438,13,8,1024,0,109,4,7,7,1,2,-70,2,851,7028,49,100,1,0,0 '
Received from ('fd00::200:0:0:5', 8765, 0, 0): b' 2440,5,1,512,10,546,7,1,6,1,1,-94,2,844,7278,163,100,1,0,0 '
Received from ('fd00::200:0:0:15', 8765, 0, 0): b' 2439,21,17,1536,0,533,5,7,5,1,2,-52,0,570,7757,136,100,2,0,0 '
Received from ('fd00::200:0:0:f', 8765, 0, 0): b' 2440,15,7,1024,10,510,7,18,7,1,3,-95,4,2198,21625,150,100,2,0,0 '
Received from ('fd00::200:0:0:14', 8765, 0, 0): b' 2440,20,15,1280,0,518,6,6,7,1,2,-70,0,393,5483,141,100,1,0,0 '
Received from ('fd00::200:0:0:10', 8765, 0, 0): b' 2440,16,15,1280,10,548,12,14,7,1,6,-52,0,703,9486,140,100,2,0,0 '
Received from ('fd00::200:0:0:13', 8765, 0, 0): b' 2441,19,15,1280,0,539,5,4,7,1,1,-52,0,990,11387,150,100,2,0,0 '
Received from ('fd00::200:0:0:3', 8765, 0, 0): b' 2444,3,1,512,0,577,7,2,7,1,2,-64,1,849,13909,159,100,2,0,0 '
Received from ('fd00::200:0:0:4', 8765, 0, 0): b' 2444,4,1,512,10,525,7,2,7,2,1,-66,9,2420,14482,162,100,1,0,0 '
Received from ('fd00::200:0:0:2', 8765, 0, 0): b' 2444,2,1,512,0,532,7,1,6,1,1,-88,9,768,8012,163,100,1,0,0 '
Received from ('fd00::200:0:0:6', 8765, 0, 0): b' 2444,6,2,768,0,139,4,2,7,1,2,-52,1,1499,18426,57,100,3,0,0 '
Received from ('fd00::200:0:0:12', 8765, 0, 0): b' 2443,18,15,1280,0,552,3,4,5,1,1,-70,2,689,7319,149,100,1,0,0 '
Received from ('fd00::200:0:0:14', 8765, 0, 0): b' 2444,20,15,1280,0,518,6,6,7,1,2,-70,0,318,4410,142,100,1,0,0 '
Received from ('fd00::200:0:0:15', 8765, 0, 0): b' 2445,21,17,1536,0,535,5,7,5,1,2,-52,0,566,5743,136,100,1,0,0 '
Received from ('fd00::200:0:0:c', 8765, 0, 0): b' 2446,12,8,1024,0,22,2,4,7,1,1,-52,0,331,8999,32,100,1,0,0 '
Received from ('fd00::200:0:0:b', 8765, 0, 0): b' 2445,11,7,1024,0,611,3,14,7,1,1,-52,1,1207,14958,155,100,2,0,0 '
Received from ('fd00::200:0:0:a', 8765, 0, 0): b' 2446,10,6,1024,0,68,5,4,7,1,3,-52,0,784,13353,36,100,2,0,0 '
Received from ('fd00::200:0:0:5', 8765, 0, 0): b' 2447,5,1,512,10,550,7,1,6,1,1,-94,2,911,10949,163,100,1,0,0 '
Received from ('fd00::200:0:0:8', 8765, 0, 0): b' 2448,8,4,768,0,577,5,21,7,1,2,-52,4,1416,15633,157,100,1,0,0 '
Received from ('fd00::200:0:0:7', 8765, 0, 0): b' 2448,7,4,768,10,554,6,22,7,1,2,-70,6,3807,26365,158,100,3,0,0 '
Received from ('fd00::200:0:0:1', 5678, 0, 0): b' 2448,1,0,256,0,12,0,0,4,0,0,0,10,2552,27370,2821,100,2,0,0 '
Received from ('fd00::200:0:0:e', 8765, 0, 0): b' 2446,14,11,1280,0,560,6,4,7,1,2,-70,0,618,10883,151,100,2,0,0 '
Received from ('fd00::200:0:0:9', 8765, 0, 0): b' 2447,9,5,768,0,122,5,4,7,1,3,-52,0,856,14190,46,100,2,0,0 '
Received from ('fd00::200:0:0:f', 8765, 0, 0): b' 2446,15,7,1024,0,514,7,18,7,1,3,-95,4,2210,16823,151,100,1,0,0 '
Received from ('fd00::200:0:0:d', 8765, 0, 0): b' 2448,13,8,1024,10,111,4,7,7,1,2,-70,2,1287,13007,50,100,2,0,0 '
Received from ('fd00::200:0:0:13', 8765, 0, 0): b' 2447,19,15,1280,0,542,5,4,7,1,1,-52,0,640,5566,151,100,1,0,0 '
Received from ('fd00::200:0:0:10', 8765, 0, 0): b' 2447,16,15,1280,0,550,12,14,7,1,6,-52,0,527,6868,140,100,1,0,0 '
Received from ('fd00::200:0:0:11', 8765, 0, 0): b' 2450,17,13,1280,0,548,7,6,7,1,3,-52,1,1692,16378,141,100,2,0,0 '
Received from ('fd00::200:0:0:a', 8765, 0, 0): b' 2452,10,6,1024,0,70,5,4,7,1,3,-52,0,652,6773,36,100,1,0,0 '
Received from ('fd00::200:0:0:15', 8765, 0, 0): b' 2452,21,17,1536,0,537,5,7,5,1,2,-52,0,556,6549,137,100,1,0,0 '
Received from ('fd00::200:0:0:5', 8765, 0, 0): b' 2453,5,1,512,0,554,7,1,6,1,1,-94,2,1187,10280,164,100,1,0,0 '
Received from ('fd00::200:0:0:1', 5678, 0, 0): b' 2453,1,0,256,0,12,0,0,4,0,0,0,10,1298,13805,2829,100,1,0,0 '
Received from ('fd00::200:0:0:f', 8765, 0, 0): b' 2451,15,7,1024,0,515,7,18,7,1,3,-95,4,1359,12039,151,100,1,0,0 '
Received from ('fd00::200:0:0:2', 8765, 0, 0): b' 2453,2,1,512,0,533,7,1,6,1,1,-88,9,1441,15041,164,100,2,0,0 '
Received from ('fd00::200:0:0:12', 8765, 0, 0): b' 2451,18,15,1280,0,555,3,4,5,1,1,-70,2,808,8884,150,100,2,0,0 '
Received from ('fd00::200:0:0:c', 8765, 0, 0): b' 2454,12,8,1024,0,22,2,4,7,1,1,-52,0,460,7330,33,100,2,0,0 '
Received from ('fd00::200:0:0:d', 8765, 0, 0): b' 2453,13,8,1024,0,111,4,7,7,1,2,-70,2,867,7741,50,100,1,0,0 '
Received from ('fd00::200:0:0:6', 8765, 0, 0): b' 2454,6,2,768,0,141,4,2,7,1,2,-52,1,1404,16198,58,100,2,0,0 '
Received from ('fd00::200:0:0:7', 8765, 0, 0): b' 2454,7,4,768,10,554,6,22,7,1,2,-70,6,1650,13249,158,100,1,0,0 '
Received from ('fd00::200:0:0:10', 8765, 0, 0): b' 2452,16,15,1280,0,553,12,14,7,1,6,-52,0,609,5551,140,100,1,0,0 '
Received from ('fd00::200:0:0:3', 8765, 0, 0): b' 2456,3,1,512,10,581,7,2,7,1,2,-64,1,932,13876,160,100,2,0,0 '
Received from ('fd00::200:0:0:4', 8765, 0, 0): b' 2456,4,1,512,10,527,7,2,7,2,1,-66,9,5320,29576,163,100,2,0,0 '
Received from ('fd00::200:0:0:13', 8765, 0, 0): b' 2453,19,15,1280,10,546,5,4,7,1,1,-52,0,714,6644,151,100,1,0,0 '
Received from ('fd00::200:0:0:e', 8765, 0, 0): b' 2454,14,11,1280,10,563,6,4,7,1,2,-70,0,729,8472,151,100,2,0,0 '
Received from ('fd00::200:0:0:9', 8765, 0, 0): b' 2455,9,5,768,0,123,5,4,7,1,3,-52,0,414,9423,46,100,1,0,0 '
Received from ('fd00::200:0:0:14', 8765, 0, 0): b' 2454,20,15,1280,0,520,6,6,7,1,2,-70,0,645,9651,142,100,2,0,0 '
Received from ('fd00::200:0:0:b', 8765, 0, 0): b' 2457,11,7,1024,20,617,3,14,7,1,1,-52,1,1530,16693,155,100,2,0,0 '
Received from ('fd00::200:0:0:15', 8765, 0, 0): b' 2456,21,17,1536,0,538,5,7,5,1,2,-52,0,369,4184,137,100,1,0,0 '
Received from ('fd00::200:0:0:8', 8765, 0, 0): b' 2458,8,4,768,0,578,5,21,7,1,2,-52,4,2253,20921,158,100,2,0,0 '
Received from ('fd00::200:0:0:1', 5678, 0, 0): b' 2458,1,0,256,0,12,0,0,4,0,0,0,10,1192,12853,2834,100,1,0,0 '
Received from ('fd00::200:0:0:3', 8765, 0, 0): b' 2461,3,1,512,0,581,7,2,7,1,2,-64,1,285,5993,160,100,1,0,0 '
Received from ('fd00::200:0:0:c', 8765, 0, 0): b' 2460,12,8,1024,0,22,2,4,7,1,1,-52,0,283,5825,33,100,1,0,0 '
Received from ('fd00::200:0:0:d', 8765, 0, 0): b' 2460,13,8,1024,0,115,4,7,7,1,2,-70,2,1034,8859,50,100,1,0,0 '
Received from ('fd00::200:0:0:11', 8765, 0, 0): b' 2460,17,13,1280,0,552,7,6,7,1,3,-52,1,1501,14333,142,100,2,0,0 '
Received from ('fd00::200:0:0:f', 8765, 0, 0): b' 2462,15,7,1024,0,517,7,18,7,1,3,-95,4,2126,19566,152,100,1,0,0 '
Received from ('fd00::200:0:0:6', 8765, 0, 0): b' 2461,6,2,768,0,143,4,2,7,1,2,-52,1,755,11155,58,100,1,0,0 '
Received from ('fd00::200:0:0:13', 8765, 0, 0): b' 2462,19,15,1280,0,548,5,4,7,1,1,-52,0,678,6988,152,100,2,0,0 '
Received from ('fd00::200:0:0:a', 8765, 0, 0): b' 2463,10,6,1024,0,73,5,4,7,1,3,-52,0,941,13153,37,100,2,0,0 '
Received from ('fd00::200:0:0:12', 8765, 0, 0): b' 2463,18,15,1280,10,557,3,4,5,1,1,-70,2,524,9061,150,100,1,0,0 '
Received from ('fd00::200:0:0:10', 8765, 0, 0): b' 2465,16,15,1280,0,557,12,14,7,1,6,-52,0,911,10242,141,100,3,0,0 '
Received from ('fd00::200:0:0:5', 8765, 0, 0): b' 2464,5,1,512,20,558,7,1,6,1,1,-94,2,1351,17808,164,100,2,0,0 '
Received from ('fd00::200:0:0:7', 8765, 0, 0): b' 2465,7,4,768,0,557,6,22,7,1,2,-70,6,3327,24101,159,100,2,0,0 '
Received from ('fd00::200:0:0:2', 8765, 0, 0): b' 2465,2,1,512,20,537,7,1,6,1,1,-88,9,1815,18823,164,100,2,0,0 '
Received from ('fd00::200:0:0:14', 8765, 0, 0): b' 2465,20,15,1280,0,520,6,6,7,1,2,-70,0,487,8376,143,100,2,0,0 '
Received from ('fd00::200:0:0:f', 8765, 0, 0): b' 2466,15,7,1024,0,517,7,18,7,1,3,-95,4,1307,10307,152,100,1,0,0 '
Received from ('fd00::200:0:0:d', 8765, 0, 0): b' 2465,13,8,1024,0,118,4,7,7,1,2,-70,2,995,7335,51,100,1,0,0 '
Received from ('fd00::200:0:0:e', 8765, 0, 0): b' 2464,14,11,1280,0,566,6,4,7,1,2,-70,0,809,9196,152,100,2,0,0 '
Received from ('fd00::200:0:0:b', 8765, 0, 0): b' 2465,11,7,1024,10,620,3,14,7,1,1,-52,1,1114,14183,156,100,1,0,0 '
Received from ('fd00::200:0:0:1', 5678, 0, 0): b' 2466,1,0,256,0,12,0,0,4,0,0,0,10,2070,22812,2846,100,1,0,0 '
Received from ('fd00::200:0:0:9', 8765, 0, 0): b' 2466,9,5,768,0,129,5,4,7,1,3,-52,0,1153,14165,47,100,2,0,0 '
Received from ('fd00::200:0:0:4', 8765, 0, 0): b' 2467,4,1,512,0,530,7,2,7,2,1,-66,9,5287,30576,163,100,2,0,0 '
Received from ('fd00::200:0:0:15', 8765, 0, 0): b' 2466,21,17,1536,0,543,5,7,5,1,2,-52,0,949,10425,138,100,1,0,0 '
Received from ('fd00::200:0:0:6', 8765, 0, 0): b' 2467,6,2,768,0,143,4,2,7,1,2,-52,1,604,9296,58,100,1,0,0 '
Received from ('fd00::200:0:0:8', 8765, 0, 0): b' 2468,8,4,768,10,580,5,21,7,1,2,-52,4,2253,20660,159,100,2,0,0 '
Received from ('fd00::200:0:0:3', 8765, 0, 0): b' 2469,3,1,512,0,582,7,2,7,1,2,-64,1,511,9805,160,100,2,0,0 '
Received from ('fd00::200:0:0:13', 8765, 0, 0): b' 2469,19,15,1280,0,551,5,4,7,1,1,-52,0,631,7213,152,100,1,0,0 '
Received from ('fd00::200:0:0:e', 8765, 0, 0): b' 2469,14,11,1280,0,568,6,4,7,1,2,-70,0,403,5035,152,100,0,0,0 '
Received from ('fd00::200:0:0:2', 8765, 0, 0): b' 2471,2,1,512,0,540,7,1,6,1,1,-88,9,1080,9938,165,100,1,0,0 '
Received from ('fd00::200:0:0:7', 8765, 0, 0): b' 2471,7,4,768,0,557,6,22,7,1,2,-70,6,1626,12690,159,100,1,0,0 '
Received from ('fd00::200:0:0:c', 8765, 0, 0): b' 2472,12,8,1024,0,22,2,4,7,1,1,-52,0,550,10239,34,100,2,0,0 '
Received from ('fd00::200:0:0:11', 8765, 0, 0): b' 2470,17,13,1280,0,553,7,6,7,1,3,-52,1,1152,13199,143,100,2,0,0 '
Received from ('fd00::200:0:0:12', 8765, 0, 0): b' 2472,18,15,1280,0,560,3,4,5,1,1,-70,2,809,8931,151,100,2,0,0 '
Received from ('fd00::200:0:0:d', 8765, 0, 0): b' 2472,13,8,1024,10,120,4,7,7,1,2,-70,2,963,7979,51,100,1,0,0 '
Received from ('fd00::200:0:0:15', 8765, 0, 0): b' 2471,21,17,1536,0,545,5,7,5,1,2,-52,0,477,4981,138,100,1,0,0 '
Received from ('fd00::200:0:0:10', 8765, 0, 0): b' 2473,16,15,1280,0,558,12,14,7,1,6,-52,0,476,7733,142,100,1,0,0 '
Received from ('fd00::200:0:0:f', 8765, 0, 0): b' 2473,15,7,1024,20,519,7,18,7,1,3,-95,4,2114,19922,153,100,2,0,0 '
Received from ('fd00::200:0:0:4', 8765, 0, 0): b' 2475,4,1,512,0,530,7,2,7,2,1,-66,9,3155,18251,164,100,1,0,0 '
Received from ('fd00::200:0:0:6', 8765, 0, 0): b' 2474,6,2,768,0,144,4,2,7,1,2,-52,1,641,10066,59,100,1,0,0 '
Received from ('fd00::200:0:0:3', 8765, 0, 0): b' 2475,3,1,512,0,584,7,2,7,1,2,-64,1,572,7775,161,100,1,0,0 '
Received from ('fd00::200:0:0:14', 8765, 0, 0): b' 2474,20,15,1280,0,522,6,6,7,1,2,-70,0,524,8092,143,100,1,0,0 '
Received from ('fd00::200:0:0:a', 8765, 0, 0): b' 2475,10,6,1024,0,76,5,4,7,1,3,-52,0,882,13861,37,100,2,0,0 '
Received from ('fd00::200:0:0:5', 8765, 0, 0): b' 2475,5,1,512,10,559,7,1,6,1,1,-94,2,1375,17772,165,100,2,0,0 '
Received from ('fd00::200:0:0:9', 8765, 0, 0): b' 2474,9,5,768,0,132,5,4,7,1,3,-52,0,880,10409,48,100,2,0,0 '
Received from ('fd00::200:0:0:b', 8765, 0, 0): b' 2476,11,7,1024,0,621,3,14,7,1,1,-52,1,1359,17348,157,100,2,0,0 '
Received from ('fd00::200:0:0:11', 8765, 0, 0): b' 2476,17,13,1280,0,553,7,6,7,1,3,-52,1,498,6906,143,100,1,0,0 '
Received from ('fd00::200:0:0:2', 8765, 0, 0): b' 2477,2,1,512,0,541,7,1,6,1,1,-88,9,1007,10688,165,100,1,0,0 '
Received from ('fd00::200:0:0:e', 8765, 0, 0): b' 2476,14,11,1280,0,572,6,4,7,1,2,-70,0,867,6859,153,100,2,0,0 '
Received from ('fd00::200:0:0:d', 8765, 0, 0): b' 2478,13,8,1024,0,120,4,7,7,1,2,-70,2,702,8279,51,100,1,0,0 '
Received from ('fd00::200:0:0:1', 5678, 0, 0): b' 2477,1,0,256,0,12,0,0,4,0,0,0,10,2623,29620,2861,100,2,0,0 '
Received from ('fd00::200:0:0:10', 8765, 0, 0): b' 2477,16,15,1280,0,560,12,14,7,1,6,-52,0,478,4362,142,100,1,0,0 '
Received from ('fd00::200:0:0:12', 8765, 0, 0): b' 2479,18,15,1280,0,562,3,4,5,1,1,-70,2,500,5901,151,100,1,0,0 '
Received from ('fd00::200:0:0:8', 8765, 0, 0): b' 2480,8,4,768,30,585,5,21,7,1,2,-52,4,2562,23956,159,100,2,0,0 '
Received from ('fd00::200:0:0:c', 8765, 0, 0): b' 2480,12,8,1024,0,26,2,4,7,1,1,-52,0,913,9427,35,100,2,0,0 '
Received from ('fd00::200:0:0:a', 8765, 0, 0): b' 2480,10,6,1024,0,77,5,4,7,1,3,-52,0,475,7114,38,100,1,0,0 '
Received from ('fd00::200:0:0:13', 8765, 0, 0): b' 2481,19,15,1280,0,554,5,4,7,1,1,-52,0,808,10739,153,100,2,0,0 '
Received from ('fd00::200:0:0:6', 8765, 0, 0): b' 2480,6,2,768,0,145,4,2,7,1,2,-52,1,984,10128,59,100,1,0,0 '
Received from ('fd00::200:0:0:10', 8765, 0, 0): b' 2482,16,15,1280,0,562,12,14,7,1,6,-52,0,478,4643,142,100,1,0,0 '
Received from ('fd00::200:0:0:15', 8765, 0, 0): b' 2480,21,17,1536,0,546,5,7,5,1,2,-52,0,570,7838,139,100,2,0,0 '
Received from ('fd00::200:0:0:7', 8765, 0, 0): b' 2482,7,4,768,0,562,6,22,7,1,2,-70,6,3578,24380,160,100,2,0,0 '
Received from ('fd00::200:0:0:14', 8765, 0, 0): b' 2482,20,15,1280,0,526,6,6,7,1,2,-70,0,891,8531,144,100,2,0,0 '
Received from ('fd00::200:0:0:11', 8765, 0, 0): b' 2482,17,13,1280,0,554,7,6,7,1,3,-52,1,752,7940,143,100,1,0,0 '
Received from ('fd00::200:0:0:5', 8765, 0, 0): b' 2483,5,1,512,0,560,7,1,6,1,1,-94,2,986,11677,166,100,2,0,0 '
Received from ('fd00::200:0:0:4', 8765, 0, 0): b' 2483,4,1,512,0,532,7,2,7,2,1,-66,9,4351,22670,165,100,2,0,0 '
Received from ('fd00::200:0:0:f', 8765, 0, 0): b' 2482,15,7,1024,0,522,7,18,7,1,3,-95,4,2738,22217,153,100,1,0,0 '
Received from ('fd00::200:0:0:2', 8765, 0, 0): b' 2484,2,1,512,0,541,7,1,6,1,1,-88,9,981,10658,166,100,1,0,0 '
Received from ('fd00::200:0:0:b', 8765, 0, 0): b' 2484,11,7,1024,0,621,3,14,7,1,1,-52,1,816,11950,157,100,2,0,0 '
Received from ('fd00::200:0:0:9', 8765, 0, 0): b' 2485,9,5,768,0,135,5,4,7,1,3,-52,0,749,11452,48,100,2,0,0 '
Received from ('fd00::200:0:0:3', 8765, 0, 0): b' 2487,3,1,512,0,588,7,2,7,1,2,-64,1,1025,14606,162,100,2,0,0 '
Received from ('fd00::200:0:0:12', 8765, 0, 0): b' 2484,18,15,1280,0,565,3,4,5,1,1,-70,2,784,7698,152,100,2,0,0 '
Received from ('fd00::200:0:0:d', 8765, 0, 0): b' 2486,13,8,1024,0,123,4,7,7,1,2,-70,2,1416,11926,52,100,2,0,0 '
Received from ('fd00::200:0:0:10', 8765, 0, 0): b' 2484,16,15,1280,0,564,12,14,7,1,6,-52,0,558,5048,143,100,1,0,0 '
Received from ('fd00::200:0:0:15', 8765, 0, 0): b' 2486,21,17,1536,0,548,5,7,5,1,2,-52,0,500,5884,139,100,1,0,0 '
Received from ('fd00::200:0:0:7', 8765, 0, 0): b' 2488,7,4,768,30,564,6,22,7,1,2,-70,6,2028,14134,160,100,2,0,0 '
Received from ('fd00::200:0:0:6', 8765, 0, 0): b' 2487,6,2,768,0,147,4,2,7,1,2,-52,1,870,11202,60,100,2,0,0 '
Received from ('fd00::200:0:0:f', 8765, 0, 0): b' 2487,15,7,1024,10,523,7,18,7,1,3,-95,4,1139,9729,154,100,1,0,0 '
Received from ('fd00::200:0:0:1', 5678, 0, 0): b' 2489,1,0,256,0,12,0,0,4,0,0,0,10,2793,30024,2877,100,2,0,0 '
Received from ('fd00::200:0:0:e', 8765, 0, 0): b' 2487,14,11,1280,0,577,6,4,7,1,2,-70,0,1022,10341,154,100,2,0,0 '
Received from ('fd00::200:0:0:13', 8765, 0, 0): b' 2487,19,15,1280,0,555,5,4,7,1,1,-52,0,418,7654,153,100,1,0,0 '
Received from ('fd00::200:0:0:9', 8765, 0, 0): b' 2488,9,5,768,0,137,5,4,7,1,3,-52,0,460,6020,49,100,0,0,0 '
Received from ('fd00::200:0:0:8', 8765, 0, 0): b' 2490,8,4,768,0,586,5,21,7,1,2,-52,4,2134,20251,160,100,2,0,0 '
Received from ('fd00::200:0:0:c', 8765, 0, 0): b' 2491,12,8,1024,0,29,2,4,7,1,1,-52,0,676,10827,35,100,1,0,0 '
Received from ('fd00::200:0:0:a', 8765, 0, 0): b' 2490,10,6,1024,0,81,5,4,7,1,3,-52,0,964,13411,38,100,2,0,0 '
Received from ('fd00::200:0:0:10', 8765, 0, 0): b' 2490,16,15,1280,0,564,12,14,7,1,6,-52,0,264,4967,143,100,1,0,0 '
Received from ('fd00::200:0:0:d', 8765, 0, 0): b' 2493,13,8,1024,10,124,4,7,7,1,2,-70,2,715,8117,52,100,1,0,0 '
Received from ('fd00::200:0:0:f', 8765, 0, 0): b' 2491,15,7,1024,0,524,7,18,7,1,3,-95,4,1288,11352,154,100,1,0,0 '
Received from ('fd00::200:0:0:b', 8765, 0, 0): b' 2493,11,7,1024,10,622,3,14,7,1,1,-52,1,891,13478,158,100,1,0,0 '
Received from ('fd00::200:0:0:15', 8765, 0, 0): b' 2491,21,17,1536,0,549,5,7,5,1,2,-52,0,393,5168,139,100,1,0,0 '
Received from ('fd00::200:0:0:14', 8765, 0, 0): b' 2492,20,15,1280,0,529,6,6,7,1,2,-70,0,832,10707,145,100,2,0,0 '
Received from ('fd00::200:0:0:4', 8765, 0, 0): b' 2494,4,1,512,0,534,7,2,7,2,1,-66,9,4802,26778,165,100,2,0,0 '
Received from ('fd00::200:0:0:e', 8765, 0, 0): b' 2492,14,11,1280,0,577,6,4,7,1,2,-70,0,191,4951,154,100,0,0,0 '
Received from ('fd00::200:0:0:2', 8765, 0, 0): b' 2493,2,1,512,0,542,7,1,6,1,1,-88,9,1391,15477,166,100,2,0,0 '
Received from ('fd00::200:0:0:12', 8765, 0, 0): b' 2492,18,15,1280,0,567,3,4,5,1,1,-70,2,524,7574,152,100,1,0,0 '
Received from ('fd00::200:0:0:11', 8765, 0, 0): b' 2494,17,13,1280,0,556,7,6,7,1,3,-52,1,1261,14523,144,100,2,0,0 '
Received from ('fd00::200:0:0:6', 8765, 0, 0): b' 2494,6,2,768,0,148,4,2,7,1,2,-52,1,832,10196,60,100,1,0,0 '
Received from ('fd00::200:0:0:5', 8765, 0, 0): b' 2494,5,1,512,0,562,7,1,6,1,1,-94,2,1395,17685,166,100,2,0,0 '
Received from ('fd00::200:0:0:8', 8765, 0, 0): b' 2495,8,4,768,0,587,5,21,7,1,2,-52,4,1270,10387,160,100,1,0,0 '
Received from ('fd00::200:0:0:a', 8765, 0, 0): b' 2494,10,6,1024,0,81,5,4,7,1,3,-52,0,247,5070,39,100,0,0,0 '
Received from ('fd00::200:0:0:3', 8765, 0, 0): b' 2497,3,1,512,0,589,7,2,7,1,2,-64,1,537,12227,162,100,2,0,0 '
Received from ('fd00::200:0:0:7', 8765, 0, 0): b' 2497,7,4,768,10,565,6,22,7,1,2,-70,6,2573,18801,161,100,1,0,0 '
Received from ('fd00::200:0:0:c', 8765, 0, 0): b' 2497,12,8,1024,0,30,2,4,7,1,1,-52,0,520,5371,36,100,2,0,0 '
Received from ('fd00::200:0:0:1', 5678, 0, 0): b' 2498,1,0,256,0,12,0,0,4,0,0,0,10,2291,24409,2889,100,2,0,0 '
Received from ('fd00::200:0:0:13', 8765, 0, 0): b' 2497,19,15,1280,0,559,5,4,7,1,1,-52,0,915,9262,154,100,2,0,0 '
Received from ('fd00::200:0:0:10', 8765, 0, 0): b' 2498,16,15,1280,0,565,12,14,7,1,6,-52,0,419,6685,143,100,1,0,0 '
Received from ('fd00::200:0:0:6', 8765, 0, 0): b' 2500,6,2,768,0,149,4,2,7,1,2,-52,1,681,8077,61,100,1,0,0 '
Received from ('fd00::200:0:0:9', 8765, 0, 0): b' 2499,9,5,768,10,141,5,4,7,1,3,-52,0,925,13351,49,100,2,0,0 '
Received from ('fd00::200:0:0:15', 8765, 0, 0): b' 2500,21,17,1536,0,551,5,7,5,1,2,-52,0,580,7807,140,100,1,0,0 '
Received from ('fd00::200:0:0:f', 8765, 0, 0): b' 2501,15,7,1024,0,525,7,18,7,1,3,-95,4,2034,20526,154,100,1,0,0 '
Received from ('fd00::200:0:0:c', 8765, 0, 0): b' 2502,12,8,1024,0,32,2,4,7,1,1,-52,0,400,5419,36,100,0,0,0 '
Received from ('fd00::200:0:0:5', 8765, 0, 0): b' 2502,5,1,512,0,564,7,1,6,1,1,-94,2,989,12747,167,100,1,0,0 '
Received from ('fd00::200:0:0:d', 8765, 0, 0): b' 2503,13,8,1024,0,126,4,7,7,1,2,-70,2,1574,14774,53,100,2,0,0 '
Received from ('fd00::200:0:0:12', 8765, 0, 0): b' 2502,18,15,1280,20,569,3,4,5,1,1,-70,2,570,8565,153,100,2,0,0 '
Received from ('fd00::200:0:0:11', 8765, 0, 0): b' 2503,17,13,1280,0,559,7,6,7,1,3,-52,1,1253,12303,145,100,2,0,0 '
Received from ('fd00::200:0:0:10', 8765, 0, 0): b' 2504,16,15,1280,0,568,12,14,7,1,6,-52,0,665,6215,144,100,1,0,0 '
Received from ('fd00::200:0:0:4', 8765, 0, 0): b' 2503,4,1,512,0,536,7,2,7,2,1,-66,9,4456,27354,166,100,2,0,0 '
Received from ('fd00::200:0:0:2', 8765, 0, 0): b' 2503,2,1,512,0,544,8,1,6,1,1,-88,9,1710,18133,167,100,2,0,0 '
Received from ('fd00::200:0:0:7', 8765, 0, 0): b' 2504,7,4,768,20,568,6,22,7,1,2,-70,6,2451,18397,161,100,2,0,0 '
Received from ('fd00::200:0:0:3', 8765, 0, 0): b' 2504,3,1,512,10,593,7,2,7,1,2,-64,1,811,10637,163,100,1,0,0 '
Received from ('fd00::200:0:0:b', 8765, 0, 0): b' 2503,11,7,1024,0,624,3,14,7,1,1,-52,1,1146,17091,159,100,2,0,0 '
Received from ('fd00::200:0:0:6', 8765, 0, 0): b' 2506,6,2,768,10,152,4,2,7,1,2,-52,1,906,10271,61,100,1,0,0 '
Received from ('fd00::200:0:0:e', 8765, 0, 0): b' 2504,14,11,1280,0,578,6,4,7,1,2,-70,0,715,10954,155,100,3,0,0 '
Received from ('fd00::200:0:0:a', 8765, 0, 0): b' 2507,10,6,1024,0,83,5,4,7,1,3,-52,0,806,12964,40,100,2,0,0 '
Received from ('fd00::200:0:0:14', 8765, 0, 0): b' 2504,20,15,1280,10,535,6,6,7,1,2,-70,0,967,10840,145,100,2,0,0 '
Received from ('fd00::200:0:0:8', 8765, 0, 0): b' 2506,8,4,768,0,591,5,21,7,1,2,-52,4,2490,23836,161,100,2,0,0 '
Received from ('fd00::200:0:0:13', 8765, 0, 0): b' 2506,19,15,1280,0,562,5,4,7,1,1,-52,0,784,8621,155,100,2,0,0 '
Received from ('fd00::200:0:0:12', 8765, 0, 0): b' 2507,18,15,1280,10,571,3,4,5,1,1,-70,2,487,4530,153,100,0,0,0 '
Received from ('fd00::200:0:0:9', 8765, 0, 0): b' 2508,9,5,768,0,142,5,4,7,1,3,-52,0,620,10668,50,100,2,0,0 '
Received from ('fd00::200:0:0:f', 8765, 0, 0): b' 2508,15,7,1024,0,529,7,18,7,1,3,-95,4,2696,20443,155,100,2,0,0 '
Received from ('fd00::200:0:0:1', 5678, 0, 0): b' 2509,1,0,256,0,12,0,0,4,0,0,0,10,2667,30021,2902,100,2,0,0 '
Received from ('fd00::200:0:0:e', 8765, 0, 0): b' 2508,14,11,1280,0,581,6,4,7,1,2,-70,0,487,5223,155,100,0,0,0 '
Received from ('fd00::200:0:0:10', 8765, 0, 0): b' 2509,16,15,1280,0,569,12,14,7,1,6,-52,0,371,5162,144,100,1,0,0 '
Received from ('fd00::200:0:0:15', 8765, 0, 0): b' 2509,21,17,1536,0,554,5,7,5,1,2,-52,0,752,8825,140,100,2,0,0 '
Received from ('fd00::200:0:0:5', 8765, 0, 0): b' 2510,5,1,512,0,567,7,1,6,1,1,-94,2,1187,13063,167,100,2,0,0 '
Received from ('fd00::200:0:0:3', 8765, 0, 0): b' 2510,3,1,512,0,594,7,2,7,1,2,-64,1,392,7471,163,100,1,0,0 '
Received from ('fd00::200:0:0:8', 8765, 0, 0): b' 2509,8,4,768,10,592,5,21,7,1,2,-52,4,942,8577,161,100,1,0,0 '
Received from ('fd00::200:0:0:c', 8765, 0, 0): b' 2510,12,8,1024,0,32,2,4,7,1,1,-52,0,460,7913,37,100,2,0,0 '
Received from ('fd00::200:0:0:2', 8765, 0, 0): b' 2511,2,1,512,0,545,8,1,6,1,1,-88,9,1113,12600,168,100,1,0,0 '
Received from ('fd00::200:0:0:9', 8765, 0, 0): b' 2513,9,5,768,0,142,5,4,7,1,3,-52,0,259,4707,50,100,1,0,0 '
Received from ('fd00::200:0:0:12', 8765, 0, 0): b' 2512,18,15,1280,0,572,3,4,5,1,1,-70,2,394,5014,153,100,1,0,0 '
Received from ('fd00::200:0:0:d', 8765, 0, 0): b' 2513,13,8,1024,0,128,4,7,7,1,2,-70,2,1260,13395,54,100,1,0,0 '
Received from ('fd00::200:0:0:4', 8765, 0, 0): b' 2512,4,1,512,0,538,7,2,7,2,1,-66,9,4199,23023,167,100,1,0,0 '
Received from ('fd00::200:0:0:7', 8765, 0, 0): b' 2511,7,4,768,0,570,6,22,7,1,2,-70,6,2583,18979,162,100,1,0,0 '
Received from ('fd00::200:0:0:11', 8765, 0, 0): b' 2514,17,13,1280,0,563,7,6,7,1,3,-52,1,1389,13620,145,100,2,0,0 '
Received from ('fd00::200:0:0:b', 8765, 0, 0): b' 2513,11,7,1024,0,626,3,14,7,1,1,-52,1,1237,15883,159,100,2,0,0 '
Received from ('fd00::200:0:0:15', 8765, 0, 0): b' 2515,21,17,1536,0,556,5,7,5,1,2,-52,0,532,5158,141,100,1,0,0 '
Received from ('fd00::200:0:0:f', 8765, 0, 0): b' 2515,15,7,1024,10,531,7,18,7,1,3,-95,4,1591,15062,155,100,1,0,0 '
Received from ('fd00::200:0:0:a', 8765, 0, 0): b' 2515,10,6,1024,10,85,5,4,7,1,3,-52,0,564,11266,40,100,2,0,0 '
Received from ('fd00::200:0:0:14', 8765, 0, 0): b' 2515,20,15,1280,0,537,6,6,7,1,2,-70,0,904,11208,146,100,2,0,0 '
Received from ('fd00::200:0:0:13', 8765, 0, 0): b' 2515,19,15,1280,0,564,5,4,7,1,1,-52,0,548,9091,155,100,1,0,0 '
Received from ('fd00::200:0:0:5', 8765, 0, 0): b' 2516,5,1,512,0,567,7,1,6,1,1,-94,2,618,9649,168,100,1,0,0 '
Received from ('fd00::200:0:0:4', 8765, 0, 0): b' 2516,4,1,512,0,538,7,2,7,2,1,-66,9,1912,10542,167,100,1,0,0 '
Received from ('fd00::200:0:0:6', 8765, 0, 0): b' 2518,6,2,768,10,156,4,2,7,1,2,-52,1,1473,17824,62,100,2,0,0 '
Received from ('fd00::200:0:0:7', 8765, 0, 0): b' 2516,7,4,768,20,572,6,22,7,1,2,-70,6,1574,9986,162,100,1,0,0 '
Received from ('fd00::200:0:0:e', 8765, 0, 0): b' 2516,14,11,1280,0,584,6,4,7,1,2,-70,0,784,7915,156,100,2,0,0 '
Received from ('fd00::200:0:0:8', 8765, 0, 0): b' 2517,8,4,768,0,595,5,21,7,1,2,-52,4,1801,16211,162,100,1,0,0 '
Received from ('fd00::200:0:0:c', 8765, 0, 0): b' 2519,12,8,1024,0,35,2,4,7,1,1,-52,0,628,8445,37,100,1,0,0 '
Received from ('fd00::200:0:0:12', 8765, 0, 0): b' 2518,18,15,1280,0,572,3,4,5,1,1,-70,2,439,5679,154,100,2,0,0 '
Received from ('fd00::200:0:0:3', 8765, 0, 0): b' 2519,3,1,512,0,596,7,2,7,1,2,-64,1,718,10737,164,100,2,0,0 '
Received from ('fd00::200:0:0:9', 8765, 0, 0): b' 2519,9,5,768,0,142,5,4,7,1,3,-52,0,366,7309,51,100,1,0,0 '
Received from ('fd00::200:0:0:1', 5678, 0, 0): b' 2519,1,0,256,0,12,0,0,4,0,0,0,10,2692,27671,2917,100,2,0,0 '
Received from ('fd00::200:0:0:d', 8765, 0, 0): b' 2519,13,8,1024,10,129,4,7,7,1,2,-70,2,1103,8909,54,100,2,0,0 '
Received from ('fd00::200:0:0:15', 8765, 0, 0): b' 2520,21,17,1536,0,558,5,7,5,1,2,-52,0,500,4921,141,100,1,0,0 '
Received from ('fd00::200:0:0:b', 8765, 0, 0): b' 2519,11,7,1024,0,626,3,14,7,1,1,-52,1,760,9137,160,100,1,0,0 '
Received from ('fd00::200:0:0:10', 8765, 0, 0): b' 2519,16,15,1280,10,572,12,14,7,1,6,-52,0,810,10104,145,100,2,0,0 '
Received from ('fd00::200:0:0:2', 8765, 0, 0): b' 2520,2,1,512,0,547,8,1,6,1,1,-88,9,1658,15430,168,100,2,0,0 '
Received from ('fd00::200:0:0:11', 8765, 0, 0): b' 2522,17,13,1280,0,566,7,6,7,1,3,-52,1,1165,10761,146,100,1,0,0 '
Received from ('fd00::200:0:0:6', 8765, 0, 0): b' 2522,6,2,768,10,158,4,2,7,1,2,-52,1,765,7542,62,100,1,0,0 '
Received from ('fd00::200:0:0:f', 8765, 0, 0): b' 2522,15,7,1024,0,533,7,18,7,1,3,-95,4,1924,16657,156,100,1,0,0 '
Received from ('fd00::200:0:0:1', 5678, 0, 0): b' 2524,1,0,256,0,12,0,0,4,0,0,0,10,1009,11662,2922,100,1,0,0 '
Received from ('fd00::200:0:0:10', 8765, 0, 0): b' 2524,16,15,1280,0,574,12,14,7,1,6,-52,0,504,4534,145,100,1,0,0 '
Received from ('fd00::200:0:0:3', 8765, 0, 0): b' 2525,3,1,512,0,597,7,2,7,1,2,-64,1,391,7214,164,100,1,0,0 '
Received from ('fd00::200:0:0:7', 8765, 0, 0): b' 2524,7,4,768,0,573,6,22,7,1,2,-70,6,2296,17630,163,100,2,0,0 '
Received from ('fd00::200:0:0:5', 8765, 0, 0): b' 2526,5,1,512,0,572,7,1,6,1,1,-94,2,1455,15454,168,100,2,0,0 '
Received from ('fd00::200:0:0:14', 8765, 0, 0): b' 2525,20,15,1280,0,542,6,6,7,1,2,-70,0,1023,10572,147,100,2,0,0 '
Received from ('fd00::200:0:0:4', 8765, 0, 0): b' 2526,4,1,512,10,542,7,2,7,2,1,-66,9,4336,24320,167,100,2,0,0 '
Received from ('fd00::200:0:0:e', 8765, 0, 0): b' 2525,14,11,1280,0,587,6,4,7,1,2,-70,0,753,8972,156,100,2,0,0 '
Received from ('fd00::200:0:0:a', 8765, 0, 0): b' 2527,10,6,1024,0,89,5,4,7,1,3,-52,0,1181,14362,41,100,2,0,0 '
Received from ('fd00::200:0:0:c', 8765, 0, 0): b' 2525,12,8,1024,0,37,2,4,7,1,1,-52,0,674,7475,38,100,2,0,0 '
Received from ('fd00::200:0:0:13', 8765, 0, 0): b' 2526,19,15,1280,0,566,5,4,7,1,1,-52,0,725,10244,156,100,2,0,0 '
Received from ('fd00::200:0:0:15', 8765, 0, 0): b' 2528,21,17,1536,0,560,5,7,5,1,2,-52,0,580,7710,142,100,1,0,0 '
Received from ('fd00::200:0:0:b', 8765, 0, 0): b' 2525,11,7,1024,0,627,3,14,7,1,1,-52,1,836,11362,160,100,2,0,0 '
Received from ('fd00::200:0:0:11', 8765, 0, 0): b' 2529,17,13,1280,0,566,7,6,7,1,3,-52,1,773,8583,146,100,2,0,0 '
Received from ('fd00::200:0:0:9', 8765, 0, 0): b' 2528,9,5,768,0,145,5,4,7,1,3,-52,0,651,11816,51,100,1,0,0 '
Received from ('fd00::200:0:0:d', 8765, 0, 0): b' 2527,13,8,1024,10,131,4,7,7,1,2,-70,2,1576,14006,55,100,1,0,0 '
Received from ('fd00::200:0:0:3', 8765, 0, 0): b' 2529,3,1,512,10,599,7,2,7,1,2,-64,1,435,5029,165,100,2,0,0 '
Received from ('fd00::200:0:0:f', 8765, 0, 0): b' 2528,15,7,1024,0,535,7,18,7,1,3,-95,4,1832,16419,156,100,2,0,0 '
Received from ('fd00::200:0:0:8', 8765, 0, 0): b' 2528,8,4,768,0,600,5,21,7,1,2,-52,4,3128,23476,163,100,2,0,0 '
Received from ('fd00::200:0:0:12', 8765, 0, 0): b' 2530,18,15,1280,0,575,3,4,5,1,1,-70,2,832,11272,155,100,2,0,0 '
Received from ('fd00::200:0:0:10', 8765, 0, 0): b' 2530,16,15,1280,0,576,12,14,7,1,6,-52,0,558,6600,146,100,1,0,0 '
Received from ('fd00::200:0:0:6', 8765, 0, 0): b' 2531,6,2,768,0,159,4,2,7,1,2,-52,1,926,13889,63,100,1,0,0 '
Received from ('fd00::200:0:0:2', 8765, 0, 0): b' 2531,2,1,512,0,551,8,1,6,1,1,-88,9,1669,17419,169,100,2,0,0 '
Received from ('fd00::200:0:0:c', 8765, 0, 0): b' 2530,12,8,1024,0,39,2,4,7,1,1,-52,0,497,5325,38,100,1,0,0 '
Received from ('fd00::200:0:0:13', 8765, 0, 0): b' 2531,19,15,1280,0,569,5,4,7,1,1,-52,0,584,4913,156,100,1,0,0 '
Received from ('fd00::200:0:0:a', 8765, 0, 0): b' 2533,10,6,1024,0,91,5,4,7,1,3,-52,0,607,7279,41,100,1,0,0 '
Received from ('fd00::200:0:0:14', 8765, 0, 0): b' 2532,20,15,1280,0,545,6,6,7,1,2,-70,0,609,6295,147,100,1,0,0 '
Received from ('fd00::200:0:0:e', 8765, 0, 0): b' 2531,14,11,1280,0,589,6,4,7,1,2,-70,0,556,5480,157,100,1,0,0 '
Received from ('fd00::200:0:0:3', 8765, 0, 0): b' 2533,3,1,512,0,599,7,2,7,1,2,-64,1,367,5150,165,100,1,0,0 '
Received from ('fd00::200:0:0:d', 8765, 0, 0): b' 2531,13,8,1024,10,132,4,7,7,1,2,-70,2,427,5636,55,100,1,0,0 '
Received from ('fd00::200:0:0:1', 5678, 0, 0): b' 2534,1,0,256,0,12,0,0,4,0,0,0,10,2721,28722,2937,100,2,0,0 '
Received from ('fd00::200:0:0:12', 8765, 0, 0): b' 2533,18,15,1280,0,575,3,4,5,1,1,-70,2,166,3731,155,100,0,0,0 '
Received from ('fd00::200:0:0:5', 8765, 0, 0): b' 2535,5,1,512,0,573,7,1,6,1,1,-94,2,1004,14111,169,100,1,0,0 '
Received from ('fd00::200:0:0:7', 8765, 0, 0): b' 2533,7,4,768,0,575,6,22,7,1,2,-70,6,3178,21333,163,100,1,0,0 '
Received from ('fd00::200:0:0:4', 8765, 0, 0): b' 2535,4,1,512,10,542,8,2,7,2,1,-66,9,4638,24546,168,100,2,0,0 '
Received from ('fd00::200:0:0:9', 8765, 0, 0): b' 2536,9,5,768,0,146,5,4,7,1,3,-52,0,641,8828,52,100,2,0,0 '
Received from ('fd00::200:0:0:10', 8765, 0, 0): b' 2536,16,15,1280,0,578,12,14,7,1,6,-52,0,502,5098,146,100,1,0,0 '
Received from ('fd00::200:0:0:11', 8765, 0, 0): b' 2533,17,13,1280,0,569,7,6,7,1,3,-52,1,856,10037,147,100,1,0,0 '
Received from ('fd00::200:0:0:b', 8765, 0, 0): b' 2534,11,7,1024,0,627,3,14,7,1,1,-52,1,1015,14642,161,100,2,0,0 '
Received from ('fd00::200:0:0:8', 8765, 0, 0): b' 2535,8,4,768,10,600,5,21,7,1,2,-52,4,1231,14364,163,100,2,0,0 '
Received from ('fd00::200:0:0:f', 8765, 0, 0): b' 2535,15,7,1024,10,537,7,18,7,1,3,-95,4,2552,19417,157,100,1,0,0 '
Received from ('fd00::200:0:0:c', 8765, 0, 0): b' 2535,12,8,1024,0,41,2,4,7,1,1,-52,0,473,5035,38,100,1,0,0 '
Received from ('fd00::200:0:0:e', 8765, 0, 0): b' 2536,14,11,1280,0,592,6,4,7,1,2,-70,0,667,5525,157,100,1,0,0 '
Received from ('fd00::200:0:0:14', 8765, 0, 0): b' 2535,20,15,1280,10,547,6,6,7,1,2,-70,0,532,4479,148,100,1,0,0 '
Received from ('fd00::200:0:0:15', 8765, 0, 0): b' 2538,21,17,1536,0,562,5,7,5,1,2,-52,0,645,9721,142,100,2,0,0 '
Received from ('fd00::200:0:0:3', 8765, 0, 0): b' 2538,3,1,512,0,602,7,2,7,1,2,-64,1,580,6320,165,100,1,0,0 '
Received from ('fd00::200:0:0:2', 8765, 0, 0): b' 2541,2,1,512,0,556,8,1,6,1,1,-88,9,1555,14883,170,100,2,0,0 '
Received from ('fd00::200:0:0:9', 8765, 0, 0): b' 2540,9,5,768,10,148,5,4,7,1,3,-52,0,292,5413,52,100,0,0,0 '
Received from ('fd00::200:0:0:11', 8765, 0, 0): b' 2538,17,13,1280,0,570,7,6,7,1,3,-52,1,725,6391,147,100,1,0,0 '
Received from ('fd00::200:0:0:6', 8765, 0, 0): b' 2542,6,2,768,10,162,4,2,7,1,2,-52,1,1246,15931,63,100,2,0,0 '
Received from ('fd00::200:0:0:1', 5678, 0, 0): b' 2541,1,0,256,0,12,0,0,4,0,0,0,10,1686,18635,2945,100,1,0,0 '
Received from ('fd00::200:0:0:4', 8765, 0, 0): b' 2542,4,1,512,0,544,8,2,7,2,1,-66,9,2687,14892,168,100,0,0,0 '
Received from ('fd00::200:0:0:8', 8765, 0, 0): b' 2540,8,4,768,10,601,5,21,7,1,2,-52,4,1322,9916,163,100,0,0,0 '
Received from ('fd00::200:0:0:7', 8765, 0, 0): b' 2540,7,4,768,0,577,6,22,7,1,2,-70,6,1925,14836,164,100,2,0,0 '
Received from ('fd00::200:0:0:a', 8765, 0, 0): b' 2542,10,6,1024,0,93,5,4,7,1,3,-52,0,715,11408,42,100,2,0,0 '
Received from ('fd00::200:0:0:c', 8765, 0, 0): b' 2540,12,8,1024,0,46,2,4,7,1,1,-52,0,940,5768,39,100,1,0,0 '
Received from ('fd00::200:0:0:d', 8765, 0, 0): b' 2539,13,8,1024,10,134,4,7,7,1,2,-70,2,1442,11155,56,100,2,0,0 '
Received from ('fd00::200:0:0:b', 8765, 0, 0): b' 2540,11,7,1024,0,628,3,14,7,1,1,-52,1,662,8576,161,100,1,0,0 '
Received from ('fd00::200:0:0:3', 8765, 0, 0): b' 2543,3,1,512,0,602,7,2,7,1,2,-64,1,162,4896,165,100,0,0,0 '
Received from ('fd00::200:0:0:f', 8765, 0, 0): b' 2540,15,7,1024,10,538,7,18,7,1,3,-95,4,957,10647,157,100,1,0,0 '
Received from ('fd00::200:0:0:13', 8765, 0, 0): b' 2541,19,15,1280,0,572,5,4,7,1,1,-52,0,832,10857,157,100,2,0,0 '
Received from ('fd00::200:0:0:9', 8765, 0, 0): b' 2544,9,5,768,0,149,5,4,7,1,3,-52,0,473,5344,52,100,1,0,0 '
Received from ('fd00::200:0:0:14', 8765, 0, 0): b' 2543,20,15,1280,0,550,6,6,7,1,2,-70,0,656,8381,148,100,1,0,0 '
Received from ('fd00::200:0:0:12', 8765, 0, 0): b' 2545,18,15,1280,0,578,3,4,5,1,1,-70,2,832,11347,156,100,2,0,0 '
Received from ('fd00::200:0:0:5', 8765, 0, 0): b' 2547,5,1,512,20,575,7,1,6,1,1,-94,2,1367,18126,170,100,2,0,0 '
Received from ('fd00::200:0:0:e', 8765, 0, 0): b' 2543,14,11,1280,10,595,6,4,7,1,2,-70,0,781,8818,158,100,1,0,0 '
Received from ('fd00::200:0:0:2', 8765, 0, 0): b' 2547,2,1,512,0,559,8,1,6,1,1,-88,9,1282,11499,170,100,1,0,0 '
Received from ('fd00::200:0:0:a', 8765, 0, 0): b' 2548,10,6,1024,0,94,5,4,7,1,3,-52,0,499,7121,42,100,1,0,0 '
Received from ('fd00::200:0:0:13', 8765, 0, 0): b' 2546,19,15,1280,0,573,5,4,7,1,1,-52,0,370,4607,157,100,1,0,0 '
Received from ('fd00::200:0:0:6', 8765, 0, 0): b' 2549,6,2,768,0,165,4,2,7,1,2,-52,1,1254,12234,64,100,2,0,0 '
Received from ('fd00::200:0:0:7', 8765, 0, 0): b' 2546,7,4,768,20,579,6,22,7,1,2,-70,6,1981,13911,164,100,1,0,0 '
Received from ('fd00::200:0:0:3', 8765, 0, 0): b' 2549,3,1,512,0,604,7,2,7,1,2,-64,1,572,7481,166,100,1,0,0 '
Received from ('fd00::200:0:0:8', 8765, 0, 0): b' 2547,8,4,768,10,602,5,21,7,1,2,-52,4,1278,13879,164,100,2,0,0 '
Received from ('fd00::200:0:0:4', 8765, 0, 0): b' 2549,4,1,512,10,544,8,2,7,2,1,-66,9,3369,19349,169,100,2,0,0 '
Received from ('fd00::200:0:0:10', 8765, 0, 0): b' 2546,16,15,1280,0,580,12,15,7,1,6,-52,0,755,11101,147,100,3,0,0 '
Received from ('fd00::200:0:0:15', 8765, 0, 0): b' 2546,21,17,1536,0,567,5,7,5,1,2,-52,0,1022,10168,143,100,2,0,0 '
Received from ('fd00::200:0:0:f', 8765, 0, 0): b' 2547,15,7,1024,0,538,7,18,7,1,3,-95,4,1825,16311,158,100,1,0,0 '
Received from ('fd00::200:0:0:1', 5678, 0, 0): b' 2550,1,0,256,0,12,0,0,4,0,0,0,10,2575,25611,2959,100,2,0,0 '
Received from ('fd00::200:0:0:c', 8765, 0, 0): b' 2549,12,8,1024,0,48,2,4,7,1,1,-52,0,521,8437,39,100,1,0,0 '
Received from ('fd00::200:0:0:e', 8765, 0, 0): b' 2547,14,11,1280,0,598,6,4,7,1,2,-70,0,640,4812,158,100,1,0,0 '
Received from ('fd00::200:0:0:11', 8765, 0, 0): b' 2548,17,13,1280,0,572,7,6,7,1,3,-52,1,1137,12917,148,100,2,0,0 '
Received from ('fd00::200:0:0:d', 8765, 0, 0): b' 2549,13,8,1024,20,137,4,7,7,1,2,-70,2,1437,12848,56,100,2,0,0 '
Received from ('fd00::200:0:0:7', 8765, 0, 0): b' 2551,7,4,768,10,580,6,22,7,1,2,-70,6,1520,10363,165,100,0,0,0 '
Received from ('fd00::200:0:0:13', 8765, 0, 0): b' 2551,19,15,1280,10,575,5,4,7,1,1,-52,0,532,4892,158,100,1,0,0 '
Received from ('fd00::200:0:0:9', 8765, 0, 0): b' 2553,9,5,768,0,150,5,4,7,1,3,-52,0,594,10218,53,100,2,0,0 '
Received from ('fd00::200:0:0:5', 8765, 0, 0): b' 2553,5,1,512,0,576,8,1,6,1,1,-94,2,1083,11129,170,100,2,0,0 '
Received from ('fd00::200:0:0:b', 8765, 0, 0): b' 2551,11,7,1024,0,632,3,14,7,1,1,-52,1,1682,18697,162,100,2,0,0 '
Received from ('fd00::200:0:0:10', 8765, 0, 0): b' 2552,16,15,1280,0,581,12,15,7,1,6,-52,0,396,5745,147,100,1,0,0 '
Received from ('fd00::200:0:0:12', 8765, 0, 0): b' 2552,18,15,1280,0,579,3,4,5,1,1,-70,2,515,7027,156,100,1,0,0 '
Received from ('fd00::200:0:0:14', 8765, 0, 0): b' 2554,20,15,1280,0,552,6,6,7,1,2,-70,0,701,10075,149,100,2,0,0 '
Received from ('fd00::200:0:0:6', 8765, 0, 0): b' 2555,6,2,768,0,168,4,2,7,1,2,-52,1,924,12104,64,100,1,0,0 '
Received from ('fd00::200:0:0:7', 8765, 0, 0): b' 2557,7,4,768,0,582,6,22,7,1,2,-70,6,1595,10891,165,100,1,0,0 '
Received from ('fd00::200:0:0:11', 8765, 0, 0): b' 2556,17,13,1280,0,575,7,6,7,1,3,-52,1,842,8255,148,100,1,0,0 '
Received from ('fd00::200:0:0:4', 8765, 0, 0): b' 2557,4,1,512,10,549,8,2,7,2,1,-66,9,4434,23719,169,100,1,0,0 '
Received from ('fd00::200:0:0:5', 8765, 0, 0): b' 2558,5,1,512,0,578,8,1,6,1,1,-94,2,566,7284,171,100,0,0,0 '
Received from ('fd00::200:0:0:c', 8765, 0, 0): b' 2556,12,8,1024,0,50,2,4,7,1,1,-52,0,571,6843,40,100,2,0,0 '
Received from ('fd00::200:0:0:2', 8765, 0, 0): b' 2558,2,1,512,0,560,8,1,6,1,1,-88,9,1610,18150,171,100,2,0,0 '
Received from ('fd00::200:0:0:15', 8765, 0, 0): b' 2555,21,17,1536,0,570,5,7,5,1,2,-52,0,810,9060,144,100,2,0,0 '
Received from ('fd00::200:0:0:8', 8765, 0, 0): b' 2558,8,4,768,10,606,5,21,7,1,2,-52,4,2545,20937,165,100,1,0,0 '
Received from ('fd00::200:0:0:13', 8765, 0, 0): b' 2557,19,15,1280,0,577,5,4,7,1,1,-52,0,501,5645,158,100,1,0,0 '
Received from ('fd00::200:0:0:a', 8765, 0, 0): b' 2558,10,6,1024,0,98,5,4,7,1,3,-52,0,940,12448,43,100,2,0,0 '
Received from ('fd00::200:0:0:b', 8765, 0, 0): b' 2557,11,7,1024,0,635,3,14,7,1,1,-52,1,721,8570,162,100,1,0,0 '
Received from ('fd00::200:0:0:f', 8765, 0, 0): b' 2558,15,7,1024,0,541,7,18,7,1,3,-95,4,2882,25410,158,100,2,0,0 '
Received from ('fd00::200:0:0:3', 8765, 0, 0): b' 2559,3,1,512,0,606,7,2,7,1,2,-64,1,741,13364,167,100,2,0,0 '
Received from ('fd00::200:0:0:9', 8765, 0, 0): b' 2559,9,5,768,0,151,5,4,7,1,3,-52,0,390,7583,53,100,1,0,0 '
Received from ('fd00::200:0:0:14', 8765, 0, 0): b' 2559,20,15,1280,10,555,6,6,7,1,2,-70,0,477,4593,149,100,1,0,0 '
Received from ('fd00::200:0:0:10', 8765, 0, 0): b' 2558,16,15,1280,0,582,12,15,7,1,6,-52,0,451,6379,148,100,1,0,0 '
Received from ('fd00::200:0:0:12', 8765, 0, 0): b' 2559,18,15,1280,0,581,3,4,5,1,1,-70,2,580,7542,157,100,1,0,0 '
Received from ('fd00::200:0:0:e', 8765, 0, 0): b' 2559,14,11,1280,0,602,6,4,7,1,2,-70,0,939,11039,159,100,2,0,0 '
Received from ('fd00::200:0:0:1', 5678, 0, 0): b' 2562,1,0,256,0,12,0,0,4,0,0,0,10,2854,31650,2975,100,2,0,0 '
Received from ('fd00::200:0:0:5', 8765, 0, 0): b' 2562,5,1,512,10,579,8,1,6,1,1,-94,2,771,7413,171,100,1,0,0 '
Received from ('fd00::200:0:0:d', 8765, 0, 0): b' 2562,13,8,1024,0,140,4,7,7,1,2,-70,2,1610,16014,57,100,2,0,0 '
Received from ('fd00::200:0:0:11', 8765, 0, 0): b' 2562,17,13,1280,0,576,7,6,7,1,3,-52,1,743,8068,149,100,1,0,0 '
Received from ('fd00::200:0:0:6', 8765, 0, 0): b' 2561,6,2,768,0,170,4,2,7,1,2,-52,1,814,10547,65,100,1,0,0 '
Received from ('fd00::200:0:0:13', 8765, 0, 0): b' 2562,19,15,1280,0,578,5,4,7,1,1,-52,0,393,4953,158,100,1,0,0 '
Received from ('fd00::200:0:0:a', 8765, 0, 0): b' 2564,10,6,1024,0,98,5,4,7,1,3,-52,0,416,7811,43,100,1,0,0 '
Received from ('fd00::200:0:0:14', 8765, 0, 0): b' 2563,20,15,1280,0,555,6,6,7,1,2,-70,0,394,4804,149,100,1,0,0 '
Received from ('fd00::200:0:0:c', 8765, 0, 0): b' 2564,12,8,1024,0,51,2,4,7,1,1,-52,0,511,7565,40,100,2,0,0 '
Received from ('fd00::200:0:0:b', 8765, 0, 0): b' 2564,11,7,1024,0,638,3,14,7,1,1,-52,1,1135,11425,163,100,1,0,0 '
Received from ('fd00::200:0:0:7', 8765, 0, 0): b' 2565,7,4,768,0,583,6,22,7,1,2,-70,6,3011,19984,165,100,2,0,0 '
Received from ('fd00::200:0:0:2', 8765, 0, 0): b' 2565,2,1,512,0,563,8,1,6,1,1,-88,9,1458,12810,171,100,1,0,0 '
Received from ('fd00::200:0:0:15', 8765, 0, 0): b' 2563,21,17,1536,0,572,5,7,5,1,2,-52,0,524,7554,144,100,1,0,0 '
Received from ('fd00::200:0:0:3', 8765, 0, 0): b' 2568,3,1,512,0,606,7,2,7,1,2,-64,1,405,9644,167,100,2,0,0 '
Received from ('fd00::200:0:0:8', 8765, 0, 0): b' 2568,8,4,768,30,608,5,21,7,1,2,-52,4,1801,18357,165,100,2,0,0 '
Received from ('fd00::200:0:0:10', 8765, 0, 0): b' 2568,16,15,1280,0,587,12,15,7,1,6,-52,0,944,8851,148,100,2,0,0 '
Received from ('fd00::200:0:0:1', 5678, 0, 0): b' 2569,1,0,256,0,12,0,0,4,0,0,0,10,1638,18379,2983,100,1,0,0 '
Received from ('fd00::200:0:0:4', 8765, 0, 0): b' 2569,4,1,512,0,551,8,2,7,2,1,-66,9,5623,31076,170,100,3,0,0 '
Received from ('fd00::200:0:0:6', 8765, 0, 0): b' 2568,6,2,768,0,170,4,2,7,1,2,-52,1,724,10593,65,100,1,0,0 '
Received from ('fd00::200:0:0:d', 8765, 0, 0): b' 2568,13,8,1024,0,141,4,7,7,1,2,-70,2,893,9499,58,100,1,0,0 '
Received from ('fd00::200:0:0:b', 8765, 0, 0): b' 2570,11,7,1024,10,638,3,14,7,1,1,-52,1,376,6502,163,100,1,0,0 '
Received from ('fd00::200:0:0:7', 8765, 0, 0): b' 2570,7,4,768,20,584,6,22,7,1,2,-70,6,978,9799,166,100,1,0,0 '
Received from ('fd00::200:0:0:9', 8765, 0, 0): b' 2571,9,5,768,0,156,5,4,7,1,3,-52,0,1070,14871,54,100,2,0,0 '
Received from ('fd00::200:0:0:f', 8765, 0, 0): b' 2570,15,7,1024,10,543,7,18,7,1,3,-95,4,2852,25791,159,100,2,0,0 '
Received from ('fd00::200:0:0:12', 8765, 0, 0): b' 2569,18,15,1280,0,584,3,4,5,1,1,-70,2,728,8346,157,100,2,0,0 '
Received from ('fd00::200:0:0:e', 8765, 0, 0): b' 2570,14,11,1280,0,606,6,4,7,1,2,-70,0,860,9922,159,100,2,0,0 '
Received from ('fd00::200:0:0:8', 8765, 0, 0): b' 2572,8,4,768,20,610,5,21,7,1,2,-52,4,1020,8793,165,100,1,0,0 '
Received from ('fd00::200:0:0:11', 8765, 0, 0): b' 2571,17,13,1280,0,579,7,6,7,1,3,-52,1,1171,11965,149,100,2,0,0 '
Received from ('fd00::200:0:0:5', 8765, 0, 0): b' 2573,5,1,512,0,584,8,1,6,1,1,-94,2,1467,17717,172,100,2,0,0 '
Received from ('fd00::200:0:0:c', 8765, 0, 0): b' 2572,12,8,1024,10,52,2,4,7,1,1,-52,0,446,7219,41,100,1,0,0 '
Received from ('fd00::200:0:0:1', 5678, 0, 0): b' 2574,1,0,256,0,12,0,0,4,0,0,0,10,1372,13287,2992,100,1,0,0 '
Received from ('fd00::200:0:0:13', 8765, 0, 0): b' 2574,19,15,1280,0,580,5,4,7,1,1,-52,0,701,10357,159,100,2,0,0 '
Received from ('fd00::200:0:0:3', 8765, 0, 0): b' 2575,3,1,512,0,609,7,2,7,1,2,-64,1,703,9552,168,100,1,0,0 '
Received from ('fd00::200:0:0:14', 8765, 0, 0): b' 2575,20,15,1280,0,558,6,6,7,1,2,-70,0,808,9909,150,100,2,0,0 '
Received from ('fd00::200:0:0:10', 8765, 0, 0): b' 2575,16,15,1280,10,589,12,15,7,1,6,-52,0,558,6518,149,100,1,0,0 '
Received from ('fd00::200:0:0:8', 8765, 0, 0): b' 2575,8,4,768,0,611,5,21,7,1,2,-52,4,978,8761,166,100,0,0,0 '
Received from ('fd00::200:0:0:a', 8765, 0, 0): b' 2575,10,6,1024,0,101,5,4,7,1,3,-52,0,858,14519,44,100,2,0,0 '
Received from ('fd00::200:0:0:b', 8765, 0, 0): b' 2577,11,7,1024,0,640,3,14,7,1,1,-52,1,884,10428,163,100,1,0,0 '
Received from ('fd00::200:0:0:2', 8765, 0, 0): b' 2576,2,1,512,0,566,8,1,6,1,1,-88,9,1625,17779,172,100,3,0,0 '
Received from ('fd00::200:0:0:f', 8765, 0, 0): b' 2577,15,7,1024,0,544,7,18,7,1,3,-95,4,1804,15310,159,100,2,0,0 '
Received from ('fd00::200:0:0:15', 8765, 0, 0): b' 2578,21,17,1536,0,576,5,7,5,1,2,-52,0,939,11187,145,100,2,0,0 '
Received from ('fd00::200:0:0:9', 8765, 0, 0): b' 2577,9,5,768,0,160,5,4,7,1,3,-52,0,762,7942,55,100,2,0,0 '
Received from ('fd00::200:0:0:4', 8765, 0, 0): b' 2577,4,1,512,0,553,8,2,7,2,1,-66,9,4121,21769,171,100,1,0,0 '
Received from ('fd00::200:0:0:d', 8765, 0, 0): b' 2577,13,8,1024,0,144,4,7,7,1,2,-70,2,1448,12037,58,100,2,0,0 '
Received from ('fd00::200:0:0:7', 8765, 0, 0): b' 2578,7,4,768,20,589,6,22,7,1,2,-70,6,2938,20003,166,100,1,0,0 '
Received from ('fd00::200:0:0:12', 8765, 0, 0): b' 2579,18,15,1280,0,586,3,4,5,1,1,-70,2,701,8921,158,100,2,0,0 '
Received from ('fd00::200:0:0:6', 8765, 0, 0): b' 2580,6,2,768,0,173,4,2,7,1,2,-52,1,1509,18626,66,100,3,0,0 '
Received from ('fd00::200:0:0:e', 8765, 0, 0): b' 2582,14,11,1280,0,607,6,4,7,1,2,-70,0,594,9560,160,100,2,0,0 '
Received from ('fd00::200:0:0:15', 8765, 0, 0): b' 2582,21,17,1536,0,577,5,7,5,1,2,-52,0,370,4024,145,100,1,0,0 '
Received from ('fd00::200:0:0:10', 8765, 0, 0): b' 2582,16,15,1280,0,590,12,15,7,1,6,-52,0,420,6824,149,100,1,0,0 '
Received from ('fd00::200:0:0:1', 5678, 0, 0): b' 2583,1,0,256,0,12,0,0,4,0,0,0,10,1979,22705,3000,100,2,0,0 '
Received from ('fd00::200:0:0:c', 8765, 0, 0): b' 2580,12,8,1024,0,56,2,4,7,1,1,-52,0,857,9370,41,100,2,0,0 '
Received from ('fd00::200:0:0:3', 8765, 0, 0): b' 2583,3,1,512,0,610,7,2,7,1,2,-64,1,414,9216,168,100,1,0,0 '
Received from ('fd00::200:0:0:4', 8765, 0, 0): b' 2582,4,1,512,0,555,8,2,7,2,1,-66,9,2242,13237,171,100,1,0,0 '
Received from ('fd00::200:0:0:8', 8765, 0, 0): b' 2582,8,4,768,0,613,5,21,7,1,2,-52,4,1666,13542,166,100,2,0,0 '
Received from ('fd00::200:0:0:a', 8765, 0, 0): b' 2581,10,6,1024,0,102,5,4,7,1,3,-52,0,584,8147,45,100,1,0,0 '
Received from ('fd00::200:0:0:5', 8765, 0, 0): b' 2584,5,1,512,0,585,8,1,6,1,1,-94,2,1138,16039,172,100,2,0,0 '
Received from ('fd00::200:0:0:11', 8765, 0, 0): b' 2582,17,13,1280,0,581,7,6,7,1,3,-52,1,1288,15085,150,100,2,0,0 '
Received from ('fd00::200:0:0:14', 8765, 0, 0): b' 2584,20,15,1280,0,559,6,6,7,1,2,-70,0,588,8666,151,100,3,0,0 '
Received from ('fd00::200:0:0:13', 8765, 0, 0): b' 2584,19,15,1280,0,584,5,4,7,1,1,-52,0,916,10134,160,100,2,0,0 '
Received from ('fd00::200:0:0:b', 8765, 0, 0): b' 2585,11,7,1024,0,641,3,14,7,1,1,-52,1,921,13377,164,100,2,0,0 '
Received from ('fd00::200:0:0:c', 8765, 0, 0): b' 2585,12,8,1024,0,57,2,4,7,1,1,-52,0,422,4313,42,100,1,0,0 '
Received from ('fd00::200:0:0:e', 8765, 0, 0): b' 2587,14,11,1280,0,608,6,4,7,1,2,-70,0,369,4472,160,100,1,0,0 '
Received from ('fd00::200:0:0:f', 8765, 0, 0): b' 2585,15,7,1024,0,551,7,18,7,1,3,-95,4,2769,23676,160,100,1,0,0 '
Received from ('fd00::200:0:0:d', 8765, 0, 0): b' 2586,13,8,1024,0,146,4,7,7,1,2,-70,2,1147,12057,59,100,1,0,0 '
Received from ('fd00::200:0:0:10', 8765, 0, 0): b' 2587,16,15,1280,0,591,12,15,7,1,6,-52,0,451,5191,150,100,1,0,0 '
Received from ('fd00::200:0:0:2', 8765, 0, 0): b' 2587,2,1,512,0,571,8,1,6,1,1,-88,9,1953,18706,173,100,2,0,0 '
Received from ('fd00::200:0:0:9', 8765, 0, 0): b' 2587,9,5,768,0,163,5,4,7,1,3,-52,0,776,11949,55,100,2,0,0 '
Received from ('fd00::200:0:0:7', 8765, 0, 0): b' 2587,7,4,768,10,590,6,22,7,1,2,-70,6,2930,20163,167,100,2,0,0 '
Received from ('fd00::200:0:0:8', 8765, 0, 0): b' 2588,8,4,768,10,615,5,21,7,1,2,-52,4,1429,12353,167,100,1,0,0 '
Received from ('fd00::200:0:0:15', 8765, 0, 0): b' 2587,21,17,1536,0,579,5,7,5,1,2,-52,0,556,6898,146,100,1,0,0 '
Received from ('fd00::200:0:0:12', 8765, 0, 0): b' 2588,18,15,1280,0,587,3,4,5,1,1,-70,2,497,9654,159,100,1,0,0 '
Received from ('fd00::200:0:0:4', 8765, 0, 0): b' 2590,4,1,512,0,555,8,2,7,2,1,-66,9,3651,19860,172,100,1,0,0 '
Received from ('fd00::200:0:0:11', 8765, 0, 0): b' 2590,17,13,1280,0,582,7,6,7,1,3,-52,1,890,10081,151,100,1,0,0 '
Received from ('fd00::200:0:0:a', 8765, 0, 0): b' 2590,10,6,1024,10,105,5,4,7,1,3,-52,0,726,11411,45,100,2,0,0 '
Received from ('fd00::200:0:0:13', 8765, 0, 0): b' 2591,19,15,1280,0,587,5,4,7,1,1,-52,0,703,7534,160,100,1,0,0 '
Received from ('fd00::200:0:0:c', 8765, 0, 0): b' 2592,12,8,1024,0,59,2,4,7,1,1,-52,0,707,6430,42,100,1,0,0 '
Received from ('fd00::200:0:0:6', 8765, 0, 0): b' 2592,6,2,768,10,176,5,2,7,1,2,-52,1,1444,17801,67,100,2,0,0 '
Received from ('fd00::200:0:0:9', 8765, 0, 0): b' 2592,9,5,768,0,165,5,4,7,1,3,-52,0,553,7248,56,100,1,0,0 '
Received from ('fd00::200:0:0:b', 8765, 0, 0): b' 2593,11,7,1024,0,644,3,15,7,1,1,-52,1,1075,12857,164,100,2,0,0 '
Received from ('fd00::200:0:0:3', 8765, 0, 0): b' 2593,3,1,512,0,611,7,2,7,1,2,-64,1,610,12790,169,100,2,0,0 '
Received from ('fd00::200:0:0:12', 8765, 0, 0): b' 2592,18,15,1280,0,588,3,4,5,1,1,-70,2,369,3953,159,100,1,0,0 '
Received from ('fd00::200:0:0:1', 5678, 0, 0): b' 2594,1,0,256,0,12,0,0,4,0,0,0,10,2828,30213,3016,100,2,0,0 '
Received from ('fd00::200:0:0:2', 8765, 0, 0): b' 2593,2,1,512,0,573,8,1,6,1,1,-88,9,1148,10585,173,100,1,0,0 '
Received from ('fd00::200:0:0:4', 8765, 0, 0): b' 2594,4,1,512,10,556,8,2,7,2,1,-66,9,1711,10568,172,100,1,0,0 '
Received from ('fd00::200:0:0:5', 8765, 0, 0): b' 2595,5,1,512,0,587,8,1,6,1,1,-94,2,1467,17727,173,100,2,0,0 '
Received from ('fd00::200:0:0:8', 8765, 0, 0): b' 2594,8,4,768,10,617,5,21,7,1,2,-52,4,1334,12029,167,100,1,0,0 '
Received from ('fd00::200:0:0:10', 8765, 0, 0): b' 2593,16,15,1280,0,591,12,15,7,1,6,-52,0,398,5683,150,100,2,0,0 '
Received from ('fd00::200:0:0:d', 8765, 0, 0): b' 2593,13,8,1024,0,149,4,7,7,1,2,-70,2,1274,10585,59,100,2,0,0 '
Received from ('fd00::200:0:0:14', 8765, 0, 0): b' 2593,20,15,1280,10,559,6,6,7,1,2,-70,0,310,8827,151,100,1,0,0 '
Received from ('fd00::200:0:0:7', 8765, 0, 0): b' 2596,7,4,768,10,593,6,22,7,1,2,-70,6,2408,18554,167,100,1,0,0 '
Received from ('fd00::200:0:0:f', 8765, 0, 0): b' 2596,15,7,1024,0,554,7,18,7,1,3,-95,4,2656,22100,161,100,2,0,0 '
Received from ('fd00::200:0:0:e', 8765, 0, 0): b' 2596,14,11,1280,0,613,6,4,7,1,2,-70,0,1023,10496,161,100,2,0,0 '
Received from ('fd00::200:0:0:a', 8765, 0, 0): b' 2598,10,6,1024,0,107,5,4,7,1,3,-52,0,716,8533,46,100,1,0,0 '
Received from ('fd00::200:0:0:15', 8765, 0, 0): b' 2597,21,17,1536,0,580,5,7,5,1,2,-52,0,617,9146,146,100,2,0,0 '
Received from ('fd00::200:0:0:1', 5678, 0, 0): b' 2599,1,0,256,0,12,0,0,4,0,0,0,10,1258,14326,3024,100,1,0,0 '
Received from ('fd00::200:0:0:13', 8765, 0, 0): b' 2599,19,15,1280,0,589,5,4,7,1,1,-52,0,580,7502,161,100,1,0,0 '
Received from ('fd00::200:0:0:9', 8765, 0, 0): b' 2599,9,5,768,0,166,5,4,7,1,3,-52,0,538,8802,56,100,2,0,0 '
Received from ('fd00::200:0:0:4', 8765, 0, 0): b' 2601,4,1,512,0,556,8,2,7,2,1,-66,9,2418,14030,172,100,1,0,0 '
Received from ('fd00::200:0:0:6', 8765, 0, 0): b' 2600,6,2,768,0,177,5,2,7,1,2,-52,1,939,12783,67,100,1,0,0 '
Received from ('fd00::200:0:0:10', 8765, 0, 0): b' 2600,16,15,1280,10,592,12,15,7,1,6,-52,0,358,6257,150,100,1,0,0 '
Received from ('fd00::200:0:0:8', 8765, 0, 0): b' 2601,8,4,768,10,618,5,21,7,1,2,-52,4,1261,14068,167,100,1,0,0 '
Received from ('fd00::200:0:0:2', 8765, 0, 0): b' 2602,2,1,512,0,574,8,1,6,1,1,-88,9,1225,13673,174,100,1,0,0 '
Received from ('fd00::200:0:0:d', 8765, 0, 0): b' 2601,13,8,1024,10,150,4,7,7,1,2,-70,2,917,10174,60,100,1,0,0 '
Received from ('fd00::200:0:0:3', 8765, 0, 0): b' 2602,3,1,512,0,612,7,2,7,1,2,-64,1,512,10647,169,100,2,0,0 '
Received from ('fd00::200:0:0:11', 8765, 0, 0): b' 2601,17,13,1280,0,586,7,6,7,1,3,-52,1,1401,13998,151,100,2,0,0 '
Received from ('fd00::200:0:0:12', 8765, 0, 0): b' 2603,18,15,1280,0,591,3,4,5,1,1,-70,2,808,9165,160,100,2,0,0 '
Received from ('fd00::200:0:0:c', 8765, 0, 0): b' 2603,12,8,1024,0,62,2,4,7,1,1,-52,0,829,11040,43,100,2,0,0 '
Received from ('fd00::200:0:0:b', 8765, 0, 0): b' 2602,11,7,1024,0,646,3,15,7,1,1,-52,1,1139,15987,165,100,2,0,0 '
Received from ('fd00::200:0:0:14', 8765, 0, 0): b' 2604,20,15,1280,0,565,6,6,7,1,2,-70,0,1154,10616,152,100,2,0,0 '
Received from ('fd00::200:0:0:9', 8765, 0, 0): b' 2605,9,5,768,0,168,5,4,7,1,3,-52,0,472,5929,56,100,1,0,0 '
Received from ('fd00::200:0:0:4', 8765, 0, 0): b' 2606,4,1,512,20,558,8,2,7,2,1,-66,9,2609,14139,173,100,1,0,0 '
Received from ('fd00::200:0:0:7', 8765, 0, 0): b' 2605,7,4,768,0,594,6,22,7,1,2,-70,6,2330,18866,168,100,2,0,0 '
Received from ('fd00::200:0:0:13', 8765, 0, 0): b' 2606,19,15,1280,0,593,5,4,7,1,1,-52,0,811,6843,161,100,2,0,0 '
Received from ('fd00::200:0:0:5', 8765, 0, 0): b' 2607,5,1,512,0,588,8,1,6,1,1,-94,2,1216,18105,174,100,2,0,0 '
Received from ('fd00::200:0:0:11', 8765, 0, 0): b' 2605,17,13,1280,10,586,7,6,7,1,3,-52,1,432,5439,152,100,1,0,0 '
Received from ('fd00::200:0:0:1', 5678, 0, 0): b' 2607,1,0,256,0,12,0,0,4,0,0,0,10,1753,20609,3034,100,1,0,0 '
Received from ('fd00::200:0:0:12', 8765, 0, 0): b' 2607,18,15,1280,0,591,3,4,5,1,1,-70,2,262,3768,160,100,1,0,0 '
Received from ('fd00::200:0:0:e', 8765, 0, 0): b' 2608,14,11,1280,0,616,6,4,7,1,2,-70,0,834,10555,162,100,2,0,0 '
Received from ('fd00::200:0:0:c', 8765, 0, 0): b' 2608,12,8,1024,10,63,2,4,7,1,1,-52,0,367,5119,43,100,1,0,0 '
Received from ('fd00::200:0:0:2', 8765, 0, 0): b' 2609,2,1,512,10,576,8,1,6,1,1,-88,9,909,10833,174,100,2,0,0 '
Received from ('fd00::200:0:0:f', 8765, 0, 0): b' 2608,15,7,1024,0,555,7,18,7,1,3,-95,4,2868,27753,162,100,2,0,0 '
Received from ('fd00::200:0:0:8', 8765, 0, 0): b' 2609,8,4,768,10,621,5,21,7,1,2,-52,4,2014,16544,168,100,2,0,0 '
Received from ('fd00::200:0:0:a', 8765, 0, 0): b' 2608,10,6,1024,0,113,5,4,7,1,3,-52,0,1230,13985,47,100,3,0,0 '
Received from ('fd00::200:0:0:15', 8765, 0, 0): b' 2608,21,17,1536,0,585,5,7,5,1,2,-52,0,1143,10879,147,100,3,0,0 '
Received from ('fd00::200:0:0:14', 8765, 0, 0): b' 2610,20,15,1280,0,567,6,6,7,1,2,-70,0,502,6150,152,100,1,0,0 '
Received from ('fd00::200:0:0:3', 8765, 0, 0): b' 2611,3,1,512,0,613,7,2,7,1,2,-64,1,611,10604,170,100,2,0,0 '
Received from ('fd00::200:0:0:11', 8765, 0, 0): b' 2609,17,13,1280,10,588,7,6,7,1,3,-52,1,620,5591,152,100,0,0,0 '
Received from ('fd00::200:0:0:10', 8765, 0, 0): b' 2611,16,15,1280,10,593,12,15,7,1,6,-52,0,704,10481,151,100,2,0,0 '
Received from ('fd00::200:0:0:6', 8765, 0, 0): b' 2611,6,2,768,0,179,5,2,7,1,2,-52,1,1465,17913,68,100,3,0,0 '
Received from ('fd00::200:0:0:1', 5678, 0, 0): b' 2612,1,0,256,0,12,0,0,4,0,0,0,10,1348,14079,3041,100,1,0,0 '
Received from ('fd00::200:0:0:d', 8765, 0, 0): b' 2613,13,8,1024,0,154,4,7,7,1,2,-70,2,1907,16198,61,100,2,0,0 '
Received from ('fd00::200:0:0:9', 8765, 0, 0): b' 2614,9,5,768,10,172,5,4,7,1,3,-52,0,818,11112,57,100,1,0,0 '
Received from ('fd00::200:0:0:7', 8765, 0, 0): b' 2613,7,4,768,10,596,6,22,7,1,2,-70,6,2488,19383,169,100,1,0,0 '
Received from ('fd00::200:0:0:e', 8765, 0, 0): b' 2613,14,11,1280,0,620,6,4,7,1,2,-70,0,715,7183,162,100,1,0,0 '
Received from ('fd00::200:0:0:b', 8765, 0, 0): b' 2614,11,7,1024,0,648,4,15,7,1,1,-52,1,1546,18984,166,100,2,0,0 '
Received from ('fd00::200:0:0:4', 8765, 0, 0): b' 2616,4,1,512,0,561,8,2,7,2,1,-66,9,4480,25658,173,100,2,0,0 '
Received from ('fd00::200:0:0:14', 8765, 0, 0): b' 2616,20,15,1280,10,568,6,6,7,1,2,-70,0,522,5609,153,100,2,0,0 '
Received from ('fd00::200:0:0:3', 8765, 0, 0): b' 2617,3,1,512,0,614,7,2,7,1,2,-64,1,391,7043,170,100,1,0,0 '
Received from ('fd00::200:0:0:10', 8765, 0, 0): b' 2617,16,15,1280,0,595,12,15,7,1,6,-52,0,504,5164,151,100,1,0,0 '
Received from ('fd00::200:0:0:15', 8765, 0, 0): b' 2615,21,17,1536,10,586,5,7,5,1,2,-52,0,451,6947,148,100,1,0,0 '
Received from ('fd00::200:0:0:5', 8765, 0, 0): b' 2617,5,1,512,0,591,8,1,6,1,1,-94,2,1325,16937,174,100,2,0,0 '
Received from ('fd00::200:0:0:c', 8765, 0, 0): b' 2616,12,8,1024,0,65,2,4,7,1,1,-52,0,602,8647,44,100,1,0,0 '
Received from ('fd00::200:0:0:12', 8765, 0, 0): b' 2617,18,15,1280,0,594,3,4,5,1,1,-70,2,711,9915,161,100,1,0,0 '
Received from ('fd00::200:0:0:13', 8765, 0, 0): b' 2617,19,15,1280,0,596,5,4,7,1,1,-52,0,832,11050,162,100,2,0,0 '
Received from ('fd00::200:0:0:11', 8765, 0, 0): b' 2616,17,13,1280,10,593,7,6,7,1,3,-52,1,1224,10021,152,100,2,0,0 '
Received from ('fd00::200:0:0:f', 8765, 0, 0): b' 2618,15,7,1024,0,556,7,18,7,1,3,-95,4,2829,25259,162,100,2,0,0 '
Received from ('fd00::200:0:0:8', 8765, 0, 0): b' 2620,8,4,768,20,623,5,21,7,1,2,-52,4,2389,21420,169,100,2,0,0 '
Received from ('fd00::200:0:0:d', 8765, 0, 0): b' 2619,13,8,1024,0,155,4,7,7,1,2,-70,2,966,8456,61,100,1,0,0 '
Received from ('fd00::200:0:0:b', 8765, 0, 0): b' 2619,11,7,1024,10,649,4,15,7,1,1,-52,1,507,8125,166,100,1,0,0 '
Received from ('fd00::200:0:0:7', 8765, 0, 0): b' 2620,7,4,768,0,597,6,22,7,1,2,-70,6,2224,15232,169,100,2,0,0 '
Received from ('fd00::200:0:0:2', 8765, 0, 0): b' 2621,2,1,512,0,579,8,1,6,1,1,-88,9,1615,18947,175,100,2,0,0 '
Received from ('fd00::200:0:0:1', 5678, 0, 0): b' 2622,1,0,256,0,12,0,0,4,0,0,0,10,2260,24736,3052,100,2,0,0 '
Received from ('fd00::200:0:0:a', 8765, 0, 0): b' 2620,10,6,1024,0,117,5,4,7,1,3,-52,0,911,14474,47,100,2,0,0 '
Received from ('fd00::200:0:0:15', 8765, 0, 0): b' 2621,21,17,1536,0,586,5,7,5,1,2,-52,0,287,4818,148,100,1,0,0 '
Received from ('fd00::200:0:0:5', 8765, 0, 0): b' 2623,5,1,512,10,594,8,1,6,1,1,-94,2,821,8904,175,100,1,0,0 '
Received from ('fd00::200:0:0:6', 8765, 0, 0): b' 2622,6,2,768,0,181,5,2,7,1,2,-52,1,1128,17368,69,100,2,0,0 '
Received from ('fd00::200:0:0:9', 8765, 0, 0): b' 2624,9,5,768,0,174,5,4,7,1,3,-52,0,751,12881,58,100,2,0,0 '
Received from ('fd00::200:0:0:e', 8765, 0, 0): b' 2624,14,11,1280,0,622,6,4,7,1,2,-70,0,701,9748,163,100,2,0,0 '
Received from ('fd00::200:0:0:13', 8765, 0, 0): b' 2624,19,15,1280,0,596,5,4,7,1,1,-52,0,367,7238,163,100,1,0,0 '
Received from ('fd00::200:0:0:c', 8765, 0, 0): b' 2625,12,8,1024,0,68,2,4,7,1,1,-52,0,725,8511,44,100,2,0,0 '
Received from ('fd00::200:0:0:12', 8765, 0, 0): b' 2624,18,15,1280,0,597,3,4,5,1,1,-70,2,728,8175,161,100,2,0,0 '
Received from ('fd00::200:0:0:4', 8765, 0, 0): b' 2627,4,1,512,0,562,8,2,7,2,1,-66,9,4766,28018,174,100,2,0,0 '
Received from ('fd00::200:0:0:1', 5678, 0, 0): b' 2627,1,0,256,0,12,0,0,4,0,0,0,10,1261,13917,3059,100,1,0,0 '
Received from ('fd00::200:0:0:3', 8765, 0, 0): b' 2626,3,1,512,10,618,7,2,7,1,2,-64,1,810,12408,171,100,1,0,0 '
Received from ('fd00::200:0:0:7', 8765, 0, 0): b' 2626,7,4,768,10,598,6,22,7,1,2,-70,6,1660,13895,170,100,1,0,0 '
Received from ('fd00::200:0:0:d', 8765, 0, 0): b' 2627,13,8,1024,20,157,4,7,7,1,2,-70,2,941,10222,62,100,1,0,0 '
Received from ('fd00::200:0:0:f', 8765, 0, 0): b' 2626,15,7,1024,0,558,7,18,7,1,3,-95,4,1875,18704,163,100,2,0,0 '
Received from ('fd00::200:0:0:14', 8765, 0, 0): b' 2626,20,15,1280,0,571,6,6,7,1,2,-70,0,899,11197,154,100,2,0,0 '
Received from ('fd00::200:0:0:11', 8765, 0, 0): b' 2626,17,13,1280,0,593,7,6,7,1,3,-52,1,822,11776,153,100,1,0,0 '
Received from ('fd00::200:0:0:15', 8765, 0, 0): b' 2626,21,17,1536,0,587,5,7,5,1,2,-52,0,393,5376,148,100,1,0,0 '
Received from ('fd00::200:0:0:10', 8765, 0, 0): b' 2626,16,15,1280,20,600,12,15,7,1,6,-52,0,917,10665,152,100,2,0,0 '
Received from ('fd00::200:0:0:8', 8765, 0, 0): b' 2629,8,4,768,10,626,6,21,7,1,2,-52,4,2101,18449,169,100,1,0,0 '
Received from ('fd00::200:0:0:6', 8765, 0, 0): b' 2628,6,2,768,0,183,5,2,7,1,2,-52,1,817,9766,69,100,1,0,0 '
Received from ('fd00::200:0:0:b', 8765, 0, 0): b' 2629,11,7,1024,0,651,4,15,7,1,1,-52,1,1345,15638,167,100,1,0,0 '
Received from ('fd00::200:0:0:4', 8765, 0, 0): b' 2632,4,1,512,0,562,8,2,7,2,1,-66,9,2369,12479,174,100,1,0,0 '
Received from ('fd00::200:0:0:12', 8765, 0, 0): b' 2631,18,15,1280,0,599,3,4,5,1,1,-70,2,570,5976,161,100,1,0,0 '
Received from ('fd00::200:0:0:a', 8765, 0, 0): b' 2630,10,6,1024,0,121,5,4,7,1,3,-52,0,1120,13086,48,100,2,0,0 '
Received from ('fd00::200:0:0:9', 8765, 0, 0): b' 2632,9,5,768,0,177,5,4,7,1,3,-52,0,604,8806,58,100,1,0,0 '
Received from ('fd00::200:0:0:2', 8765, 0, 0): b' 2633,2,1,512,0,583,8,1,6,1,1,-88,9,2253,19636,176,100,2,0,0 '
Received from ('fd00::200:0:0:e', 8765, 0, 0): b' 2631,14,11,1280,0,625,6,4,7,1,2,-70,0,631,7707,163,100,1,0,0 '
Received from ('fd00::200:0:0:14', 8765, 0, 0): b' 2632,20,15,1280,0,571,6,6,7,1,2,-70,0,190,4826,154,100,0,0,0 '
Received from ('fd00::200:0:0:13', 8765, 0, 0): b' 2633,19,15,1280,0,598,5,4,7,1,1,-52,0,621,7984,163,100,2,0,0 '
Received from ('fd00::200:0:0:6', 8765, 0, 0): b' 2633,6,2,768,0,184,5,2,7,1,2,-52,1,687,7409,70,100,1,0,0 '
Received from ('fd00::200:0:0:5', 8765, 0, 0): b' 2634,5,1,512,0,596,8,1,6,1,1,-94,2,1510,17804,176,100,3,0,0 '
Received from ('fd00::200:0:0:c', 8765, 0, 0): b' 2633,12,8,1024,0,69,2,4,7,1,1,-52,0,470,7851,45,100,1,0,0 '
Received from ('fd00::200:0:0:7', 8765, 0, 0): b' 2635,7,4,768,10,600,6,22,7,1,2,-70,6,2570,18919,170,100,1,0,0 '
Received from ('fd00::200:0:0:f', 8765, 0, 0): b' 2634,15,7,1024,0,562,7,18,7,1,3,-95,4,2347,19064,163,100,1,0,0 '
Received from ('fd00::200:0:0:3', 8765, 0, 0): b' 2637,3,1,512,0,622,7,2,7,1,2,-64,1,957,13116,172,100,2,0,0 '
Received from ('fd00::200:0:0:10', 8765, 0, 0): b' 2636,16,15,1280,0,600,12,15,7,1,6,-52,0,501,9144,153,100,1,0,0 '
Received from ('fd00::200:0:0:d', 8765, 0, 0): b' 2637,13,8,1024,10,158,4,7,7,1,2,-70,2,1230,12622,62,100,2,0,0 '
Received from ('fd00::200:0:0:2', 8765, 0, 0): b' 2638,2,1,512,0,584,8,1,6,1,1,-88,9,654,7763,176,100,1,0,0 '
Received from ('fd00::200:0:0:12', 8765, 0, 0): b' 2636,18,15,1280,0,601,3,4,5,1,1,-70,2,556,5669,162,100,1,0,0 '
Received from ('fd00::200:0:0:9', 8765, 0, 0): b' 2638,9,5,768,10,177,5,4,7,1,3,-52,0,435,7408,59,100,2,0,0 '
Received from ('fd00::200:0:0:8', 8765, 0, 0): b' 2638,8,4,768,10,629,6,21,7,1,2,-52,4,1731,17784,170,100,2,0,0 '
Received from ('fd00::200:0:0:15', 8765, 0, 0): b' 2637,21,17,1536,0,592,5,7,5,1,2,-52,0,1022,10327,149,100,2,0,0 '
Received from ('fd00::200:0:0:1', 5678, 0, 0): b' 2639,1,0,256,0,12,0,0,4,0,0,0,10,3151,32815,3077,100,2,0,0 '
Received from ('fd00::200:0:0:11', 8765, 0, 0): b' 2639,17,13,1280,0,596,7,6,7,1,3,-52,1,1669,15939,154,100,3,0,0 '
Received from ('fd00::200:0:0:4', 8765, 0, 0): b' 2640,4,1,512,0,565,8,2,7,2,1,-66,9,3802,21005,175,100,1,0,0 '
Received from ('fd00::200:0:0:f', 8765, 0, 0): b' 2639,15,7,1024,0,562,7,18,7,1,3,-95,4,1065,10729,164,100,1,0,0 '
Received from ('fd00::200:0:0:5', 8765, 0, 0): b' 2640,5,1,512,10,599,8,1,6,1,1,-94,2,1011,10330,176,100,1,0,0 '
Received from ('fd00::200:0:0:6', 8765, 0, 0): b' 2641,6,2,768,10,185,5,2,7,1,2,-52,1,651,9847,70,100,1,0,0 '
Received from ('fd00::200:0:0:e', 8765, 0, 0): b' 2638,14,11,1280,0,629,6,4,7,1,2,-70,0,892,8185,164,100,2,0,0 '
Received from ('fd00::200:0:0:d', 8765, 0, 0): b' 2641,13,8,1024,0,158,4,7,7,1,2,-70,2,712,6281,62,100,1,0,0 '
Received from ('fd00::200:0:0:b', 8765, 0, 0): b' 2640,11,7,1024,0,654,4,15,7,1,1,-52,1,1612,17635,168,100,3,0,0 '
Received from ('fd00::200:0:0:14', 8765, 0, 0): b' 2640,20,15,1280,0,574,6,6,7,1,2,-70,0,728,8087,154,100,2,0,0 '
Received from ('fd00::200:0:0:10', 8765, 0, 0): b' 2640,16,15,1280,0,602,12,15,7,1,6,-52,0,502,4695,153,100,1,0,0 '
Received from ('fd00::200:0:0:a', 8765, 0, 0): b' 2643,10,6,1024,10,123,5,4,7,1,3,-52,0,755,13617,49,100,2,0,0 '
Received from ('fd00::200:0:0:c', 8765, 0, 0): b' 2644,12,8,1024,10,71,2,4,7,1,1,-52,0,535,8610,45,100,2,0,0 '
Received from ('fd00::200:0:0:1', 5678, 0, 0): b' 2643,1,0,256,0,12,0,0,4,0,0,0,10,1285,13210,3082,100,1,0,0 '
Received from ('fd00::200:0:0:12', 8765, 0, 0): b' 2643,18,15,1280,0,602,3,4,5,1,1,-70,2,393,5374,162,100,1,0,0 '
Received from ('fd00::200:0:0:8', 8765, 0, 0): b' 2645,8,4,768,10,629,6,21,7,1,2,-52,4,1499,12903,170,100,1,0,0 '
Received from ('fd00::200:0:0:7', 8765, 0, 0): b' 2645,7,4,768,0,603,6,22,7,1,2,-70,6,3168,20577,171,100,2,0,0 '
Received from ('fd00::200:0:0:3', 8765, 0, 0): b' 2645,3,1,512,0,624,7,2,7,1,2,-64,1,619,9874,172,100,2,0,0 '
Received from ('fd00::200:0:0:13', 8765, 0, 0): b' 2645,19,15,1280,0,602,5,4,7,1,1,-52,0,939,11350,164,100,2,0,0 '
Received from ('fd00::200:0:0:4', 8765, 0, 0): b' 2646,4,1,512,0,567,8,2,7,2,1,-66,9,3051,15803,175,100,1,0,0 '
Received from ('fd00::200:0:0:2', 8765, 0, 0): b' 2646,2,1,512,0,587,8,1,6,1,1,-88,9,1476,13971,177,100,1,0,0 '
Received from ('fd00::200:0:0:14', 8765, 0, 0): b' 2646,20,15,1280,0,575,6,6,7,1,2,-70,0,449,5176,155,100,1,0,0 '
Received from ('fd00::200:0:0:6', 8765, 0, 0): b' 2647,6,2,768,0,187,5,2,7,1,2,-52,1,876,9587,71,100,1,0,0 '
Received from ('fd00::200:0:0:9', 8765, 0, 0): b' 2647,9,5,768,0,179,5,4,7,1,3,-52,0,643,11598,59,100,1,0,0 '
Received from ('fd00::200:0:0:15', 8765, 0, 0): b' 2646,21,17,1536,10,595,5,7,5,1,2,-52,0,689,8399,150,100,1,0,0 '
Received from ('fd00::200:0:0:11', 8765, 0, 0): b' 2648,17,13,1280,0,599,7,6,7,1,3,-52,1,1077,11632,154,100,1,0,0 '
Received from ('fd00::200:0:0:10', 8765, 0, 0): b' 2648,16,15,1280,10,605,12,15,7,1,6,-52,0,502,6254,153,100,1,0,0 '
Received from ('fd00::200:0:0:e', 8765, 0, 0): b' 2647,14,11,1280,0,632,6,4,7,1,2,-70,0,631,7994,164,100,1,0,0 '
Received from ('fd00::200:0:0:4', 8765, 0, 0): b' 2650,4,1,512,0,569,8,2,7,2,1,-66,9,1618,9742,175,100,1,0,0 '
Received from ('fd00::200:0:0:13', 8765, 0, 0): b' 2649,19,15,1280,0,603,5,4,7,1,1,-52,0,273,4386,164,100,0,0,0 '
Received from ('fd00::200:0:0:5', 8765, 0, 0): b' 2650,5,1,512,0,604,8,1,6,1,1,-94,2,1320,15367,177,100,1,0,0 '
Received from ('fd00::200:0:0:d', 8765, 0, 0): b' 2650,13,8,1024,0,159,4,7,7,1,2,-70,2,1140,10911,63,100,2,0,0 '
Received from ('fd00::200:0:0:1', 5678, 0, 0): b' 2650,1,0,256,0,12,0,0,4,0,0,0,10,1698,18293,3092,100,1,0,0 '
Received from ('fd00::200:0:0:7', 8765, 0, 0): b' 2650,7,4,768,10,604,6,22,7,1,2,-70,6,1555,11830,171,100,1,0,0 '
Received from ('fd00::200:0:0:b', 8765, 0, 0): b' 2649,11,7,1024,0,656,4,15,7,1,1,-52,1,929,14954,168,100,1,0,0 '
Received from ('fd00::200:0:0:2', 8765, 0, 0): b' 2651,2,1,512,10,587,8,1,6,1,1,-88,9,580,7834,177,100,1,0,0 '
Received from ('fd00::200:0:0:f', 8765, 0, 0): b' 2650,15,7,1024,10,565,7,18,7,1,3,-95,4,3444,27795,164,100,2,0,0 '
Received from ('fd00::200:0:0:12', 8765, 0, 0): b' 2649,18,15,1280,0,605,3,4,5,1,1,-70,2,663,7269,163,100,1,0,0 '
Received from ('fd00::200:0:0:3', 8765, 0, 0): b' 2651,3,1,512,0,626,7,2,7,1,2,-64,1,572,8205,173,100,1,0,0 '
Received from ('fd00::200:0:0:14', 8765, 0, 0): b' 2651,20,15,1280,0,577,6,6,7,1,2,-70,0,476,4741,155,100,1,0,0 '
Received from ('fd00::200:0:0:8', 8765, 0, 0): b' 2652,8,4,768,0,631,6,21,7,1,2,-52,4,1424,13878,171,100,1,0,0 '
Received from ('fd00::200:0:0:c', 8765, 0, 0): b' 2652,12,8,1024,0,72,2,4,7,1,1,-52,0,578,8188,46,100,1,0,0 '
Received from ('fd00::200:0:0:6', 8765, 0, 0): b' 2654,6,2,768,0,188,5,2,7,1,2,-52,1,526,9829,71,100,1,0,0 '
Received from ('fd00::200:0:0:9', 8765, 0, 0): b' 2652,9,5,768,0,181,5,4,7,1,3,-52,0,678,7888,60,100,2,0,0 '
Received from ('fd00::200:0:0:a', 8765, 0, 0): b' 2655,10,6,1024,0,125,5,4,7,1,3,-52,0,808,13344,50,100,2,0,0 '
Received from ('fd00::200:0:0:15', 8765, 0, 0): b' 2653,21,17,1536,0,597,5,7,5,1,2,-52,0,501,5337,150,100,1,0,0 '
Received from ('fd00::200:0:0:1', 5678, 0, 0): b' 2654,1,0,256,0,12,0,0,4,0,0,0,10,1230,11722,3097,100,1,0,0 '
Received from ('fd00::200:0:0:5', 8765, 0, 0): b' 2655,5,1,512,0,606,8,1,6,1,1,-94,2,903,9027,177,100,1,0,0 '
Received from ('fd00::200:0:0:13', 8765, 0, 0): b' 2655,19,15,1280,0,603,5,4,7,1,1,-52,0,439,5686,165,100,2,0,0 '
Received from ('fd00::200:0:0:7', 8765, 0, 0): b' 2656,7,4,768,0,605,6,22,7,1,2,-70,6,1963,13848,171,100,1,0,0 '
Received from ('fd00::200:0:0:11', 8765, 0, 0): b' 2656,17,13,1280,0,602,7,6,7,1,3,-52,1,1136,11123,155,100,2,0,0 '
Received from ('fd00::200:0:0:3', 8765, 0, 0): b' 2657,3,1,512,0,627,7,2,7,1,2,-64,1,390,7170,173,100,1,0,0 '
Received from ('fd00::200:0:0:4', 8765, 0, 0): b' 2659,4,1,512,0,571,8,2,7,2,1,-66,9,4370,24505,176,100,2,0,0 '
Received from ('fd00::200:0:0:12', 8765, 0, 0): b' 2659,18,15,1280,0,610,3,4,5,1,1,-70,2,942,8378,163,100,2,0,0 '
Received from ('fd00::200:0:0:e', 8765, 0, 0): b' 2657,14,11,1280,0,632,6,4,7,1,2,-70,0,487,8559,165,100,2,0,0 '
Received from ('fd00::200:0:0:9', 8765, 0, 0): b' 2658,9,5,768,0,183,5,4,7,1,3,-52,0,399,7139,60,100,0,0,0 '
Received from ('fd00::200:0:0:10', 8765, 0, 0): b' 2659,16,15,1280,0,610,12,15,7,1,6,-52,0,1132,11388,154,100,2,0,0 '
Received from ('fd00::200:0:0:a', 8765, 0, 0): b' 2661,10,6,1024,0,125,5,4,7,1,3,-52,0,421,6816,50,100,1,0,0 '
Received from ('fd00::200:0:0:d', 8765, 0, 0): b' 2660,13,8,1024,0,162,5,7,7,1,2,-70,2,1418,13619,64,100,1,0,0 '
Received from ('fd00::200:0:0:b', 8765, 0, 0): b' 2659,11,7,1024,0,660,4,15,7,1,1,-52,1,1308,14162,169,100,2,0,0 '
Received from ('fd00::200:0:0:1', 5678, 0, 0): b' 2660,1,0,256,0,12,0,0,4,0,0,0,10,1202,14620,3104,100,1,0,0 '
Received from ('fd00::200:0:0:f', 8765, 0, 0): b' 2661,15,7,1024,0,569,7,18,7,1,3,-95,4,2779,22924,165,100,2,0,0 '
Received from ('fd00::200:0:0:15', 8765, 0, 0): b' 2660,21,17,1536,10,602,5,7,5,1,2,-52,0,835,7868,150,100,2,0,0 '
Received from ('fd00::200:0:0:c', 8765, 0, 0): b' 2662,12,8,1024,0,73,2,4,7,1,1,-52,0,591,9836,47,100,2,0,0 '
Received from ('fd00::200:0:0:14', 8765, 0, 0): b' 2661,20,15,1280,0,583,6,6,7,1,2,-70,0,1129,10977,156,100,2,0,0 '
Received from ('fd00::200:0:0:8', 8765, 0, 0): b' 2663,8,4,768,10,637,6,21,7,1,2,-52,4,2839,22670,171,100,2,0,0 '
Received from ('fd00::200:0:0:3', 8765, 0, 0): b' 2663,3,1,512,0,629,7,2,7,1,2,-64,1,473,5752,173,100,1,0,0 '
Received from ('fd00::200:0:0:6', 8765, 0, 0): b' 2663,6,2,768,10,192,5,2,7,1,2,-52,1,1375,14329,72,100,2,0,0 '
Received from ('fd00::200:0:0:2', 8765, 0, 0): b' 2663,2,1,512,0,588,8,1,6,1,1,-88,9,2033,20062,178,100,3,0,0 '
Received from ('fd00::200:0:0:10', 8765, 0, 0): b' 2663,16,15,1280,20,614,12,15,7,1,6,-52,0,694,5068,155,100,1,0,0 '
Received from ('fd00::200:0:0:7', 8765, 0, 0): b' 2664,7,4,768,0,606,6,22,7,1,2,-70,6,2288,17498,172,100,1,0,0 '
Received from ('fd00::200:0:0:15', 8765, 0, 0): b' 2664,21,17,1536,0,603,5,7,5,1,2,-52,0,533,4327,151,100,1,0,0 '
Received from ('fd00::200:0:0:9', 8765, 0, 0): b' 2665,9,5,768,0,185,5,4,7,1,3,-52,0,496,6963,60,100,1,0,0 '
Received from ('fd00::200:0:0:13', 8765, 0, 0): b' 2666,19,15,1280,0,604,5,4,7,1,1,-52,0,538,9892,165,100,2,0,0 '
Received from ('fd00::200:0:0:5', 8765, 0, 0): b' 2667,5,1,512,10,611,8,1,6,1,1,-94,2,1671,18706,178,100,2,0,0 '
Received from ('fd00::200:0:0:1', 5678, 0, 0): b' 2667,1,0,256,0,12,0,0,4,0,0,0,10,1747,18899,3113,100,1,0,0 '
Received from ('fd00::200:0:0:4', 8765, 0, 0): b' 2668,4,1,512,10,575,8,2,7,2,1,-66,9,3997,22616,177,100,1,0,0 '
Received from ('fd00::200:0:0:a', 8765, 0, 0): b' 2668,10,6,1024,0,128,5,4,7,1,3,-52,0,629,8938,50,100,1,0,0 '
Received from ('fd00::200:0:0:f', 8765, 0, 0): b' 2668,15,7,1024,0,570,7,18,7,1,3,-95,4,1723,16302,165,100,1,0,0 '
Received from ('fd00::200:0:0:12', 8765, 0, 0): b' 2668,18,15,1280,10,613,3,4,5,1,1,-70,2,604,8683,164,100,1,0,0 '
Received from ('fd00::200:0:0:11', 8765, 0, 0): b' 2667,17,13,1280,0,606,7,6,7,1,3,-52,1,1651,15435,156,100,2,0,0 '
Received from ('fd00::200:0:0:7', 8765, 0, 0): b' 2669,7,4,768,30,607,6,22,7,1,2,-70,6,1032,8610,172,100,1,0,0 '
Received from ('fd00::200:0:0:c', 8765, 0, 0): b' 2669,12,8,1024,0,76,2,4,7,1,1,-52,0,628,7517,47,100,1,0,0 '
Received from ('fd00::200:0:0:2', 8765, 0, 0): b' 2668,2,1,512,0,592,8,1,6,1,1,-88,9,1263,11454,178,100,1,0,0 '
Received from ('fd00::200:0:0:e', 8765, 0, 0): b' 2667,14,11,1280,0,635,7,4,7,1,2,-70,0,832,9636,165,100,2,0,0 '
Received from ('fd00::200:0:0:b', 8765, 0, 0): b' 2670,11,7,1024,0,662,4,15,7,1,1,-52,1,1366,16722,170,100,2,0,0 '
Received from ('fd00::200:0:0:10', 8765, 0, 0): b' 2670,16,15,1280,0,617,12,15,7,1,6,-52,0,690,6799,155,100,1,0,0 '
Received from ('fd00::200:0:0:d', 8765, 0, 0): b' 2671,13,8,1024,0,165,5,7,7,1,2,-70,2,1656,15238,64,100,2,0,0 '
Received from ('fd00::200:0:0:14', 8765, 0, 0): b' 2669,20,15,1280,0,586,6,6,7,1,2,-70,0,633,8068,156,100,1,0,0 '
Received from ('fd00::200:0:0:8', 8765, 0, 0): b' 2672,8,4,768,0,639,6,21,7,1,2,-52,4,1886,18001,172,100,2,0,0 '
Received from ('fd00::200:0:0:4', 8765, 0, 0): b' 2671,4,1,512,10,577,8,2,7,2,1,-66,9,2724,12059,177,100,1,0,0 '
Received from ('fd00::200:0:0:6', 8765, 0, 0): b' 2672,6,2,768,10,197,5,2,7,1,2,-52,1,1451,16123,72,100,1,0,0 '
Received from ('fd00::200:0:0:3', 8765, 0, 0): b' 2672,3,1,512,0,632,7,2,7,1,2,-64,1,824,13073,174,100,2,0,0 '
Received from ('fd00::200:0:0:13', 8765, 0, 0): b' 2672,19,15,1280,10,606,5,4,7,1,1,-52,0,450,5418,166,100,1,0,0 '
Received from ('fd00::200:0:0:9', 8765, 0, 0): b' 2673,9,5,768,0,187,5,4,7,1,3,-52,0,701,10562,61,100,2,0,0 '
Received from ('fd00::200:0:0:12', 8765, 0, 0): b' 2675,18,15,1280,0,615,3,4,5,1,1,-70,2,705,6614,164,100,2,0,0 '
Received from ('fd00::200:0:0:15', 8765, 0, 0): b' 2673,21,17,1536,0,604,5,7,5,1,2,-52,0,441,8555,151,100,1,0,0 '
Received from ('fd00::200:0:0:c', 8765, 0, 0): b' 2676,12,8,1024,0,76,2,4,7,1,1,-52,0,436,6271,48,100,2,0,0 '
Received from ('fd00::200:0:0:1', 5678, 0, 0): b' 2677,1,0,256,0,12,0,0,4,0,0,0,10,2457,26584,3127,100,2,0,0 '
Received from ('fd00::200:0:0:a', 8765, 0, 0): b' 2676,10,6,1024,0,130,5,4,7,1,3,-52,0,906,12226,51,100,2,0,0 '
Received from ('fd00::200:0:0:e', 8765, 0, 0): b' 2676,14,11,1280,0,638,7,4,7,1,2,-70,0,687,8484,166,100,1,0,0 '
Received from ('fd00::200:0:0:2', 8765, 0, 0): b' 2677,2,1,512,0,592,8,1,6,1,1,-88,9,1120,13176,179,100,1,0,0 '
Received from ('fd00::200:0:0:11', 8765, 0, 0): b' 2677,17,13,1280,0,607,7,6,7,1,3,-52,1,1025,12674,156,100,2,0,0 '
Received from ('fd00::200:0:0:5', 8765, 0, 0): b' 2678,5,1,512,0,614,8,1,6,1,1,-94,2,1367,17158,178,100,2,0,0 '
Received from ('fd00::200:0:0:8', 8765, 0, 0): b' 2679,8,4,768,20,640,6,21,7,1,2,-52,4,1520,14309,172,100,1,0,0 '
Received from ('fd00::200:0:0:b', 8765, 0, 0): b' 2678,11,7,1024,0,664,4,15,7,1,1,-52,1,820,12304,170,100,1,0,0 '
Received from ('fd00::200:0:0:6', 8765, 0, 0): b' 2678,6,2,768,0,199,5,2,7,1,2,-52,1,1122,10459,73,100,2,0,0 '
Received from ('fd00::200:0:0:15', 8765, 0, 0): b' 2677,21,17,1536,0,605,5,7,5,1,2,-52,0,495,4516,152,100,1,0,0 '
Received from ('fd00::200:0:0:7', 8765, 0, 0): b' 2679,7,4,768,20,609,6,22,7,1,2,-70,6,3264,23877,173,100,2,0,0 '
Received from ('fd00::200:0:0:f', 8765, 0, 0): b' 2679,15,7,1024,0,571,7,18,7,1,3,-95,4,2862,26950,166,100,2,0,0 '
Received from ('fd00::200:0:0:13', 8765, 0, 0): b' 2679,19,15,1280,0,608,5,4,7,1,1,-52,0,632,7465,166,100,1,0,0 '
Received from ('fd00::200:0:0:10', 8765, 0, 0): b' 2679,16,15,1280,0,618,12,15,7,1,6,-52,0,572,8702,156,100,2,0,0 '
Received from ('fd00::200:0:0:3', 8765, 0, 0): b' 2681,3,1,512,0,635,7,2,7,1,2,-64,1,728,10691,175,100,1,0,0 '
Received from ('fd00::200:0:0:14', 8765, 0, 0): b' 2680,20,15,1280,10,590,6,6,7,1,2,-70,0,915,10182,157,100,2,0,0 '
Received from ('fd00::200:0:0:12', 8765, 0, 0): b' 2681,18,15,1280,10,618,4,4,5,1,1,-70,2,743,6529,165,100,1,0,0 '
Received from ('fd00::200:0:0:a', 8765, 0, 0): b' 2681,10,6,1024,0,131,5,4,7,1,3,-52,0,368,5502,51,100,1,0,0 '
Received from ('fd00::200:0:0:d', 8765, 0, 0): b' 2682,13,8,1024,10,170,5,7,7,1,2,-70,2,1799,15247,65,100,2,0,0 '
Received from ('fd00::200:0:0:9', 8765, 0, 0): b' 2682,9,5,768,20,189,5,4,7,1,3,-52,0,567,10143,62,100,2,0,0 '
Received from ('fd00::200:0:0:b', 8765, 0, 0): b' 2683,11,7,1024,0,667,4,15,7,1,1,-52,1,777,7871,171,100,1,0,0 '
Received from ('fd00::200:0:0:4', 8765, 0, 0): b' 2682,4,1,512,10,581,8,2,7,2,1,-66,10,5294,29680,178,100,2,0,0 '
Received from ('fd00::200:0:0:11', 8765, 0, 0): b' 2682,17,13,1280,0,607,7,6,7,1,3,-52,1,461,6092,157,100,0,0,0 '
Received from ('fd00::200:0:0:15', 8765, 0, 0): b' 2682,21,17,1536,0,606,5,7,5,1,2,-52,0,369,4210,152,100,1,0,0 '
Received from ('fd00::200:0:0:14', 8765, 0, 0): b' 2684,20,15,1280,0,592,6,6,7,1,2,-70,0,502,4353,157,100,1,0,0 '
Received from ('fd00::200:0:0:7', 8765, 0, 0): b' 2685,7,4,768,0,610,6,22,7,1,2,-70,6,2095,14885,173,100,1,0,0 '
Received from ('fd00::200:0:0:d', 8765, 0, 0): b' 2685,13,8,1024,0,171,5,7,7,1,2,-70,2,827,6344,65,100,1,0,0 '
Received from ('fd00::200:0:0:8', 8765, 0, 0): b' 2686,8,4,768,10,642,6,21,7,1,2,-52,4,1753,16777,173,100,1,0,0 '
Received from ('fd00::200:0:0:a', 8765, 0, 0): b' 2686,10,6,1024,0,133,5,4,7,1,3,-52,0,690,7217,52,100,1,0,0 '
Received from ('fd00::200:0:0:13', 8765, 0, 0): b' 2687,19,15,1280,0,609,5,4,7,1,1,-52,0,473,6949,167,100,1,0,0 '
Received from ('fd00::200:0:0:c', 8765, 0, 0): b' 2687,12,8,1024,0,80,2,4,7,1,1,-52,0,880,11436,48,100,2,0,0 '
Received from ('fd00::200:0:0:1', 5678, 0, 0): b' 2688,1,0,256,0,12,0,0,4,0,0,0,10,2946,30184,3142,100,2,0,0 '
Received from ('fd00::200:0:0:4', 8765, 0, 0): b' 2688,4,1,512,10,583,8,2,7,2,1,-66,10,2497,14338,178,100,1,0,0 '
Received from ('fd00::200:0:0:e', 8765, 0, 0): b' 2687,14,11,1280,0,640,7,4,7,1,2,-70,0,725,10398,167,100,2,0,0 '
Received from ('fd00::200:0:0:6', 8765, 0, 0): b' 2688,6,2,768,0,202,5,2,7,1,2,-52,1,1359,16091,73,100,1,0,0 '
Received from ('fd00::200:0:0:5', 8765, 0, 0): b' 2689,5,1,512,0,617,8,1,6,1,1,-94,2,1340,17632,179,100,2,0,0 '
Received from ('fd00::200:0:0:2', 8765, 0, 0): b' 2688,2,1,512,10,592,8,1,6,1,1,-88,9,1638,18614,180,100,2,0,0 '
Received from ('fd00::200:0:0:15', 8765, 0, 0): b' 2689,21,17,1536,0,607,5,7,5,1,2,-52,0,417,6404,152,100,1,0,0 '
Received from ('fd00::200:0:0:f', 8765, 0, 0): b' 2690,15,7,1024,0,574,7,18,7,1,3,-95,4,3020,26335,167,100,2,0,0 '
Received from ('fd00::200:0:0:10', 8765, 0, 0): b' 2692,16,15,1280,0,623,12,15,7,1,6,-52,0,992,11710,156,100,2,0,0 '
Received from ('fd00::200:0:0:b', 8765, 0, 0): b' 2691,11,7,1024,0,668,4,15,7,1,1,-52,1,958,13075,171,100,2,0,0 '
Received from ('fd00::200:0:0:11', 8765, 0, 0): b' 2691,17,13,1280,0,608,7,6,7,1,3,-52,1,1135,12011,157,100,2,0,0 '
Received from ('fd00::200:0:0:d', 8765, 0, 0): b' 2692,13,8,1024,0,172,5,7,7,1,2,-70,2,962,9259,66,100,1,0,0 '
Received from ('fd00::200:0:0:12', 8765, 0, 0): b' 2693,18,15,1280,0,620,4,4,5,1,1,-70,2,726,10698,166,100,2,0,0 '
Received from ('fd00::200:0:0:3', 8765, 0, 0): b' 2693,3,1,512,10,638,7,2,7,1,2,-64,1,774,14708,176,100,2,0,0 '
Received from ('fd00::200:0:0:14', 8765, 0, 0): b' 2694,20,15,1280,10,594,6,6,7,1,2,-70,0,473,8082,158,100,1,0,0 '
Received from ('fd00::200:0:0:9', 8765, 0, 0): b' 2693,9,5,768,0,193,5,4,7,1,3,-52,0,1016,14455,62,100,2,0,0 '
Received from ('fd00::200:0:0:c', 8765, 0, 0): b' 2693,12,8,1024,0,81,2,4,7,1,1,-52,0,447,5772,49,100,1,0,0 '
Received from ('fd00::200:0:0:a', 8765, 0, 0): b' 2693,10,6,1024,0,135,5,4,7,1,3,-52,0,595,8187,52,100,2,0,0 '
Received from ('fd00::200:0:0:8', 8765, 0, 0): b' 2693,8,4,768,10,645,6,21,7,1,2,-52,4,2110,16674,174,100,2,0,0 '
Received from ('fd00::200:0:0:e', 8765, 0, 0): b' 2694,14,11,1280,0,642,7,4,7,1,2,-70,0,501,6418,167,100,1,0,0 '
Received from ('fd00::200:0:0:13', 8765, 0, 0): b' 2695,19,15,1280,0,612,5,4,7,1,1,-52,0,728,7702,167,100,2,0,0 '
Received from ('fd00::200:0:0:15', 8765, 0, 0): b' 2694,21,17,1536,0,609,5,7,5,1,2,-52,0,550,5396,153,100,2,0,0 '
Received from ('fd00::200:0:0:7', 8765, 0, 0): b' 2694,7,4,768,0,612,6,22,7,1,2,-70,6,2975,22000,174,100,2,0,0 '
Received from ('fd00::200:0:0:5', 8765, 0, 0): b' 2696,5,1,512,0,618,8,1,6,1,1,-94,2,940,11216,180,100,2,0,0 '
Received from ('fd00::200:0:0:4', 8765, 0, 0): b' 2697,4,1,512,0,586,8,2,7,2,1,-66,10,4172,21579,179,100,2,0,0 '
Received from ('fd00::200:0:0:b', 8765, 0, 0): b' 2694,11,7,1024,10,671,4,15,7,1,1,-52,1,906,8360,172,100,1,0,0 '
Received from ('fd00::200:0:0:6', 8765, 0, 0): b' 2697,6,2,768,0,202,5,2,7,1,2,-52,1,927,13949,74,100,2,0,0 '
Received from ('fd00::200:0:0:2', 8765, 0, 0): b' 2699,2,1,512,0,595,8,1,6,1,1,-88,9,1487,15848,180,100,2,0,0 '
Received from ('fd00::200:0:0:11', 8765, 0, 0): b' 2698,17,13,1280,10,608,7,6,7,1,3,-52,1,708,8881,158,100,1,0,0 '
Received from ('fd00::200:0:0:1', 5678, 0, 0): b' 2700,1,0,256,0,12,0,0,4,0,0,0,10,2982,31836,3158,100,2,0,0 '
Received from ('fd00::200:0:0:a', 8765, 0, 0): b' 2699,10,6,1024,0,136,5,4,7,1,3,-52,0,583,7706,53,100,1,0,0 '
Received from ('fd00::200:0:0:7', 8765, 0, 0): b' 2698,7,4,768,0,612,6,22,7,1,2,-70,6,894,9265,174,100,1,0,0 '
Received from ('fd00::200:0:0:f', 8765, 0, 0): b' 2698,15,7,1024,0,575,7,18,7,1,3,-95,4,2273,23094,168,100,2,0,0 '
Received from ('fd00::200:0:0:15', 8765, 0, 0): b' 2700,21,17,1536,10,612,5,7,5,1,2,-52,0,583,5746,153,100,1,0,0 '
Received from ('fd00::200:0:0:12', 8765, 0, 0): b' 2700,18,15,1280,0,624,4,4,5,1,1,-70,2,926,9391,166,100,2,0,0 '
Received from ('fd00::200:0:0:6', 8765, 0, 0): b' 2701,6,2,768,0,204,5,2,7,1,2,-52,1,794,7584,74,100,1,0,0 '
Received from ('fd00::200:0:0:9', 8765, 0, 0): b' 2703,9,5,768,0,195,5,4,7,1,3,-52,0,727,11035,63,100,2,0,0 '
Received from ('fd00::200:0:0:4', 8765, 0, 0): b' 2703,4,1,512,0,589,8,2,7,2,1,-66,10,2306,15312,179,100,1,0,0 '
Received from ('fd00::200:0:0:c', 8765, 0, 0): b' 2702,12,8,1024,10,84,2,4,7,1,1,-52,0,781,9324,50,100,2,0,0 '
Received from ('fd00::200:0:0:14', 8765, 0, 0): b' 2701,20,15,1280,0,596,6,6,7,1,2,-70,0,879,9806,159,100,2,0,0 '
Received from ('fd00::200:0:0:10', 8765, 0, 0): b' 2701,16,15,1280,0,626,12,15,7,1,6,-52,0,835,11368,157,100,2,0,0 '
Received from ('fd00::200:0:0:d', 8765, 0, 0): b' 2703,13,8,1024,0,175,5,7,7,1,2,-70,2,1569,15084,66,100,2,0,0 '
Received from ('fd00::200:0:0:b', 8765, 0, 0): b' 2701,11,7,1024,0,671,4,15,7,1,1,-52,1,573,10906,172,100,1,0,0 '
Received from ('fd00::200:0:0:13', 8765, 0, 0): b' 2702,19,15,1280,0,614,5,4,7,1,1,-52,0,580,8432,168,100,1,0,0 '
Received from ('fd00::200:0:0:3', 8765, 0, 0): b' 2704,3,1,512,0,642,7,2,7,1,2,-64,1,1030,14710,176,100,3,0,0 '
Received from ('fd00::200:0:0:e', 8765, 0, 0): b' 2702,14,11,1280,0,645,7,4,7,1,2,-70,0,808,9505,168,100,2,0,0 '
Received from ('fd00::200:0:0:8', 8765, 0, 0): b' 2704,8,4,768,0,647,6,21,7,1,2,-52,4,2258,21873,174,100,2,0,0 '
Received from ('fd00::200:0:0:6', 8765, 0, 0): b' 2705,6,2,768,0,204,5,2,7,1,2,-52,1,342,5996,74,100,1,0,0 '
Received from ('fd00::200:0:0:5', 8765, 0, 0): b' 2706,5,1,512,0,623,8,1,6,1,1,-94,2,1409,17070,180,100,1,0,0 '
Received from ('fd00::200:0:0:c', 8765, 0, 0): b' 2707,12,8,1024,0,85,2,4,7,1,1,-52,0,391,4671,50,100,1,0,0 '
Received from ('fd00::200:0:0:a', 8765, 0, 0): b' 2706,10,6,1024,0,139,5,4,7,1,3,-52,0,629,9572,53,100,1,0,0 '
Received from ('fd00::200:0:0:2', 8765, 0, 0): b' 2709,2,1,512,0,599,8,1,6,1,1,-88,9,2019,17501,181,100,2,0,0 '
Received from ('fd00::200:0:0:e', 8765, 0, 0): b' 2706,14,11,1280,0,645,7,4,7,1,2,-70,0,262,3821,168,100,1,0,0 '
Received from ('fd00::200:0:0:7', 8765, 0, 0): b' 2708,7,4,768,10,615,6,22,7,1,2,-70,6,2687,20550,175,100,1,0,0 '
Received from ('fd00::200:0:0:11', 8765, 0, 0): b' 2709,17,13,1280,0,609,7,6,7,1,3,-52,1,1007,13279,158,100,2,0,0 '
Received from ('fd00::200:0:0:1', 5678, 0, 0): b' 2709,1,0,256,0,12,0,0,4,0,0,0,10,2418,26247,3169,100,2,0,0 '
Received from ('fd00::200:0:0:13', 8765, 0, 0): b' 2707,19,15,1280,0,615,5,4,7,1,1,-52,0,369,4408,168,100,1,0,0 '
Received from ('fd00::200:0:0:f', 8765, 0, 0): b' 2708,15,7,1024,0,575,7,18,7,1,3,-95,4,2451,22472,168,100,2,0,0 '
Received from ('fd00::200:0:0:15', 8765, 0, 0): b' 2708,21,17,1536,10,613,5,7,5,1,2,-52,0,571,7763,154,100,2,0,0 '
Received from ('fd00::200:0:0:4', 8765, 0, 0): b' 2711,4,1,512,10,591,8,2,7,2,1,-66,10,3862,20697,179,100,1,0,0 '
Received from ('fd00::200:0:0:12', 8765, 0, 0): b' 2707,18,15,1280,10,627,4,4,5,1,1,-70,2,580,7688,167,100,1,0,0 '
Received from ('fd00::200:0:0:b', 8765, 0, 0): b' 2711,11,7,1024,0,673,4,15,7,1,1,-52,1,945,12334,172,100,1,0,0 '
Received from ('fd00::200:0:0:14', 8765, 0, 0): b' 2710,20,15,1280,0,597,6,6,7,1,2,-70,0,514,7744,159,100,2,0,0 '
Received from ('fd00::200:0:0:5', 8765, 0, 0): b' 2713,5,1,512,10,623,8,1,6,1,1,-94,2,824,10699,181,100,2,0,0 '
Received from ('fd00::200:0:0:f', 8765, 0, 0): b' 2713,15,7,1024,10,575,7,18,7,1,3,-95,4,882,9508,168,100,1,0,0 '
Received from ('fd00::200:0:0:9', 8765, 0, 0): b' 2713,9,5,768,0,198,5,4,7,1,3,-52,0,833,13234,64,100,2,0,0 '
Received from ('fd00::200:0:0:d', 8765, 0, 0): b' 2713,13,8,1024,0,176,5,7,7,1,2,-70,2,1259,13674,67,100,2,0,0 '
Received from ('fd00::200:0:0:c', 8765, 0, 0): b' 2713,12,8,1024,0,87,2,4,7,1,1,-52,0,497,6315,50,100,1,0,0 '
Received from ('fd00::200:0:0:a', 8765, 0, 0): b' 2714,10,6,1024,10,139,5,4,7,1,3,-52,0,368,8257,54,100,1,0,0 '
Received from ('fd00::200:0:0:10', 8765, 0, 0): b' 2713,16,15,1280,0,629,12,15,7,1,6,-52,0,811,10035,158,100,2,0,0 '
Received from ('fd00::200:0:0:13', 8765, 0, 0): b' 2713,19,15,1280,0,615,5,4,7,1,1,-52,0,286,5384,168,100,1,0,0 '
Received from ('fd00::200:0:0:e', 8765, 0, 0): b' 2715,14,11,1280,0,647,7,4,7,1,2,-70,0,556,6760,169,100,1,0,0 '
Received from ('fd00::200:0:0:3', 8765, 0, 0): b' 2715,3,1,512,0,646,7,2,7,1,2,-64,1,957,13914,177,100,2,0,0 '
Received from ('fd00::200:0:0:15', 8765, 0, 0): b' 2715,21,17,1536,0,614,5,7,5,1,2,-52,0,418,6113,154,100,1,0,0 '
Received from ('fd00::200:0:0:12', 8765, 0, 0): b' 2714,18,15,1280,10,628,4,4,5,1,1,-70,2,477,5326,167,100,1,0,0 '
Received from ('fd00::200:0:0:b', 8765, 0, 0): b' 2716,11,7,1024,0,673,4,15,7,1,1,-52,1,758,8791,173,100,1,0,0 '
Received from ('fd00::200:0:0:8', 8765, 0, 0): b' 2716,8,4,768,0,649,6,21,7,1,2,-52,4,2308,23615,175,100,2,0,0 '
Received from ('fd00::200:0:0:4', 8765, 0, 0): b' 2717,4,1,512,10,593,8,2,7,2,1,-66,10,3356,17802,180,100,1,0,0 '
Received from ('fd00::200:0:0:11', 8765, 0, 0): b' 2717,17,13,1280,0,611,7,6,7,1,3,-52,1,1156,10717,159,100,2,0,0 '
Received from ('fd00::200:0:0:6', 8765, 0, 0): b' 2717,6,2,768,10,209,5,2,7,1,2,-52,1,1614,18468,75,100,2,0,0 '
Received from ('fd00::200:0:0:10', 8765, 0, 0): b' 2718,16,15,1280,0,629,12,15,7,1,6,-52,0,289,4297,158,100,1,0,0 '
Received from ('fd00::200:0:0:7', 8765, 0, 0): b' 2717,7,4,768,10,617,6,22,7,1,2,-70,6,3241,20753,176,100,2,0,0 '
Received from ('fd00::200:0:0:2', 8765, 0, 0): b' 2718,2,1,512,0,602,8,1,6,1,1,-88,9,1683,16523,182,100,2,0,0 '
Received from ('fd00::200:0:0:14', 8765, 0, 0): b' 2719,20,15,1280,0,599,6,6,7,1,2,-70,0,580,8096,160,100,1,0,0 '
Received from ('fd00::200:0:0:1', 5678, 0, 0): b' 2721,1,0,256,0,12,0,0,4,0,0,0,10,2814,30965,3184,100,2,0,0 '
Received from ('fd00::200:0:0:c', 8765, 0, 0): b' 2721,12,8,1024,0,89,2,4,7,1,1,-52,0,577,7502,51,100,1,0,0 '
Received from ('fd00::200:0:0:11', 8765, 0, 0): b' 2721,17,13,1280,0,611,7,6,7,1,3,-52,1,497,6004,159,100,1,0,0 '
Received from ('fd00::200:0:0:e', 8765, 0, 0): b' 2723,14,11,1280,0,649,7,4,7,1,2,-70,0,621,7599,169,100,2,0,0 '
Received from ('fd00::200:0:0:a', 8765, 0, 0): b' 2723,10,6,1024,0,141,5,4,7,1,3,-52,0,752,10746,54,100,2,0,0 '
Received from ('fd00::200:0:0:13', 8765, 0, 0): b' 2723,19,15,1280,10,619,5,4,7,1,1,-52,0,808,8945,169,100,2,0,0 '
Received from ('fd00::200:0:0:10', 8765, 0, 0): b' 2723,16,15,1280,0,630,12,15,7,1,6,-52,0,427,5284,159,100,1,0,0 '
Received from ('fd00::200:0:0:5', 8765, 0, 0): b' 2724,5,1,512,0,623,8,1,6,1,1,-94,2,805,15394,181,100,2,0,0 '
Received from ('fd00::200:0:0:8', 8765, 0, 0): b' 2725,8,4,768,0,651,6,21,7,1,2,-52,4,1727,15439,176,100,1,0,0 '
Received from ('fd00::200:0:0:f', 8765, 0, 0): b' 2725,15,7,1024,0,580,7,18,7,1,3,-95,4,3406,26786,169,100,2,0,0 '
Received from ('fd00::200:0:0:2', 8765, 0, 0): b' 2725,2,1,512,0,603,8,1,6,1,1,-88,9,714,9815,182,100,1,0,0 '
Received from ('fd00::200:0:0:9', 8765, 0, 0): b' 2724,9,5,768,0,201,5,4,7,1,3,-52,0,773,13525,64,100,2,0,0 '
Received from ('fd00::200:0:0:7', 8765, 0, 0): b' 2725,7,4,768,0,618,6,22,7,1,2,-70,6,1902,14585,176,100,1,0,0 '
Received from ('fd00::200:0:0:4', 8765, 0, 0): b' 2725,4,1,512,0,595,8,2,7,2,1,-66,10,3702,20981,180,100,2,0,0 '
Received from ('fd00::200:0:0:d', 8765, 0, 0): b' 2726,13,8,1024,0,180,5,7,7,1,2,-70,2,1750,15695,68,100,2,0,0 '
Received from ('fd00::200:0:0:14', 8765, 0, 0): b' 2727,20,15,1280,0,601,6,6,7,1,2,-70,0,500,6544,160,100,1,0,0 '
Received from ('fd00::200:0:0:6', 8765, 0, 0): b' 2728,6,2,768,0,210,5,2,7,1,2,-52,1,1008,14913,76,100,1,0,0 '
Received from ('fd00::200:0:0:3', 8765, 0, 0): b' 2726,3,1,512,0,647,7,2,7,1,2,-64,1,538,13673,178,100,1,0,0 '
Received from ('fd00::200:0:0:12', 8765, 0, 0): b' 2727,18,15,1280,10,631,4,4,5,1,1,-70,2,726,11053,168,100,2,0,0 '
Received from ('fd00::200:0:0:b', 8765, 0, 0): b' 2729,11,7,1024,0,677,4,15,7,1,1,-52,1,1446,17869,174,100,3,0,0 '
Received from ('fd00::200:0:0:15', 8765, 0, 0): b' 2727,21,17,1536,0,621,5,7,5,1,2,-52,0,1260,12195,155,100,2,0,0 '
Received from ('fd00::200:0:0:c', 8765, 0, 0): b' 2729,12,8,1024,10,92,2,4,7,1,1,-52,0,701,7376,51,100,2,0,0 '
Received from ('fd00::200:0:0:4', 8765, 0, 0): b' 2730,4,1,512,0,596,8,2,7,2,1,-66,10,2028,12050,181,100,1,0,0 '
Received from ('fd00::200:0:0:a', 8765, 0, 0): b' 2731,10,6,1024,0,144,5,4,7,1,3,-52,0,822,9696,55,100,1,0,0 '
Received from ('fd00::200:0:0:13', 8765, 0, 0): b' 2730,19,15,1280,10,622,5,4,7,1,1,-52,0,608,6902,169,100,1,0,0 '
Received from ('fd00::200:0:0:14', 8765, 0, 0): b' 2730,20,15,1280,10,602,6,6,7,1,2,-70,0,369,4241,160,100,1,0,0 '
Received from ('fd00::200:0:0:d', 8765, 0, 0): b' 2731,13,8,1024,0,181,5,7,7,1,2,-70,2,702,7092,68,100,1,0,0 '
Received from ('fd00::200:0:0:2', 8765, 0, 0): b' 2731,2,1,512,0,604,8,1,6,1,1,-88,9,1157,10884,182,100,1,0,0 '
Received from ('fd00::200:0:0:8', 8765, 0, 0): b' 2731,8,4,768,10,651,6,21,7,1,2,-52,4,1484,14168,176,100,2,0,0 '
Received from ('fd00::200:0:0:1', 5678, 0, 0): b' 2732,1,0,256,0,12,0,0,4,0,0,0,10,2583,29303,3199,100,2,0,0 '
Received from ('fd00::200:0:0:11', 8765, 0, 0): b' 2731,17,13,1280,0,614,7,6,7,1,3,-52,1,1147,12595,160,100,1,0,0 '
Received from ('fd00::200:0:0:5', 8765, 0, 0): b' 2732,5,1,512,0,624,8,1,6,1,1,-94,2,979,13072,182,100,1,0,0 '
Received from ('fd00::200:0:0:7', 8765, 0, 0): b' 2732,7,4,768,20,620,6,22,7,1,2,-70,6,2251,16659,177,100,2,0,0 '
Received from ('fd00::200:0:0:b', 8765, 0, 0): b' 2733,11,7,1024,0,678,4,15,7,1,1,-52,1,503,7874,174,100,0,0,0 '
Received from ('fd00::200:0:0:6', 8765, 0, 0): b' 2734,6,2,768,0,210,5,2,7,1,2,-52,1,824,10431,76,100,2,0,0 '
Received from ('fd00::200:0:0:3', 8765, 0, 0): b' 2733,3,1,512,0,648,7,2,7,1,2,-64,1,488,7860,178,100,2,0,0 '
Received from ('fd00::200:0:0:e', 8765, 0, 0): b' 2734,14,11,1280,0,652,7,4,7,1,2,-70,0,735,10374,170,100,1,0,0 '
Received from ('fd00::200:0:0:9', 8765, 0, 0): b' 2733,9,5,768,0,203,5,4,7,1,3,-52,0,605,10789,65,100,1,0,0 '
Received from ('fd00::200:0:0:12', 8765, 0, 0): b' 2734,18,15,1280,0,634,4,4,5,1,1,-70,2,837,7960,168,100,2,0,0 '
Received from ('fd00::200:0:0:f', 8765, 0, 0): b' 2734,15,7,1024,0,582,7,18,7,1,3,-95,4,2589,23532,170,100,2,0,0 '
Received from ('fd00::200:0:0:2', 8765, 0, 0): b' 2735,2,1,512,10,605,8,1,6,1,1,-88,9,654,6627,183,100,1,0,0 '
Received from ('fd00::200:0:0:13', 8765, 0, 0): b' 2735,19,15,1280,0,623,5,4,7,1,1,-52,0,557,5677,170,100,1,0,0 '
Received from ('fd00::200:0:0:10', 8765, 0, 0): b' 2735,16,15,1280,0,634,12,15,7,1,6,-52,0,885,11373,159,100,2,0,0 '
Received from ('fd00::200:0:0:15', 8765, 0, 0): b' 2734,21,17,1536,0,623,5,7,5,1,2,-52,0,502,6375,155,100,1,0,0 '
Received from ('fd00::200:0:0:c', 8765, 0, 0): b' 2737,12,8,1024,0,93,2,4,7,1,1,-52,0,495,8053,52,100,1,0,0 '
Received from ('fd00::200:0:0:8', 8765, 0, 0): b' 2738,8,4,768,0,653,6,21,7,1,2,-52,4,1490,14216,176,100,1,0,0 '
Received from ('fd00::200:0:0:b', 8765, 0, 0): b' 2738,11,7,1024,0,679,4,15,7,1,1,-52,1,729,9184,174,100,2,0,0 '
Received from ('fd00::200:0:0:a', 8765, 0, 0): b' 2740,10,6,1024,0,145,5,4,7,1,3,-52,0,512,10405,55,100,2,0,0 '
Received from ('fd00::200:0:0:1', 5678, 0, 0): b' 2739,1,0,256,0,12,0,0,4,0,0,0,10,1647,19605,3209,100,1,0,0 '
Received from ('fd00::200:0:0:4', 8765, 0, 0): b' 2740,4,1,512,0,600,8,2,7,2,1,-66,10,4395,25170,181,100,1,0,0 '
Received from ('fd00::200:0:0:3', 8765, 0, 0): b' 2740,3,1,512,0,650,7,2,7,1,2,-64,1,642,8425,179,100,1,0,0 '
Received from ('fd00::200:0:0:11', 8765, 0, 0): b' 2740,17,13,1280,0,616,7,6,7,1,3,-52,1,1038,11266,160,100,2,0,0 '
Received from ('fd00::200:0:0:14', 8765, 0, 0): b' 2740,20,15,1280,10,604,6,6,7,1,2,-70,0,702,9520,161,100,2,0,0 '
Received from ('fd00::200:0:0:2', 8765, 0, 0): b' 2741,2,1,512,10,605,8,1,6,1,1,-88,9,636,8971,183,100,1,0,0 '
Received from ('fd00::200:0:0:f', 8765, 0, 0): b' 2740,15,7,1024,0,582,7,18,7,1,3,-95,4,1530,15005,170,100,1,0,0 '
Received from ('fd00::200:0:0:15', 8765, 0, 0): b' 2742,21,17,1536,0,625,5,7,5,1,2,-52,0,677,7357,156,100,2,0,0 '
Received from ('fd00::200:0:0:7', 8765, 0, 0): b' 2742,7,4,768,0,622,6,22,7,1,2,-70,6,2917,22307,177,100,2,0,0 '
Received from ('fd00::200:0:0:d', 8765, 0, 0): b' 2743,13,8,1024,10,185,5,7,7,1,2,-70,2,1930,16714,69,100,2,0,0 '
Received from ('fd00::200:0:0:5', 8765, 0, 0): b' 2742,5,1,512,20,624,8,1,6,1,1,-94,2,985,15161,183,100,2,0,0 '
Received from ('fd00::200:0:0:b', 8765, 0, 0): b' 2742,11,7,1024,0,681,4,15,7,1,1,-52,1,547,7570,175,100,0,0,0 '
Received from ('fd00::200:0:0:9', 8765, 0, 0): b' 2743,9,5,768,10,207,5,4,7,1,3,-52,0,805,12130,66,100,2,0,0 '
Received from ('fd00::200:0:0:6', 8765, 0, 0): b' 2744,6,2,768,0,214,5,2,7,1,2,-52,1,1257,16238,77,100,1,0,0 '
Received from ('fd00::200:0:0:8', 8765, 0, 0): b' 2744,8,4,768,0,654,6,21,7,1,2,-52,4,1317,12244,177,100,1,0,0 '
Received from ('fd00::200:0:0:e', 8765, 0, 0): b' 2743,14,11,1280,0,654,7,4,7,1,2,-70,0,793,10687,171,100,4,0,0 '
Received from ('fd00::200:0:0:1', 5678, 0, 0): b' 2745,1,0,256,0,12,0,0,4,0,0,0,10,1639,16363,3218,100,1,0,0 '
Received from ('fd00::200:0:0:12', 8765, 0, 0): b' 2745,18,15,1280,0,637,4,4,5,1,1,-70,2,832,10388,169,100,2,0,0 '
Received from ('fd00::200:0:0:13', 8765, 0, 0): b' 2745,19,15,1280,0,626,5,4,7,1,1,-52,0,752,9578,170,100,2,0,0 '
Received from ('fd00::200:0:0:c', 8765, 0, 0): b' 2747,12,8,1024,0,97,2,4,7,1,1,-52,0,832,9549,52,100,2,0,0 '
Received from ('fd00::200:0:0:10', 8765, 0, 0): b' 2746,16,15,1280,0,637,12,15,7,1,6,-52,0,835,10889,160,100,2,0,0 '
Received from ('fd00::200:0:0:11', 8765, 0, 0): b' 2746,17,13,1280,0,618,7,6,7,1,3,-52,1,960,9031,161,100,1,0,0 '
Received from ('fd00::200:0:0:3', 8765, 0, 0): b' 2747,3,1,512,0,651,7,2,7,1,2,-64,1,414,9023,179,100,1,0,0 '
Received from ('fd00::200:0:0:14', 8765, 0, 0): b' 2746,20,15,1280,0,607,6,6,7,1,2,-70,0,688,6857,162,100,1,0,0 '
Received from ('fd00::200:0:0:5', 8765, 0, 0): b' 2748,5,1,512,10,625,8,1,6,1,1,-94,2,826,9845,183,100,1,0,0 '
Received from ('fd00::200:0:0:7', 8765, 0, 0): b' 2749,7,4,768,0,624,6,22,7,1,2,-70,6,2195,15705,178,100,1,0,0 '
Received from ('fd00::200:0:0:1', 5678, 0, 0): b' 2750,1,0,256,0,12,0,0,4,0,0,0,10,968,12605,3224,100,1,0,0 '
Received from ('fd00::200:0:0:4', 8765, 0, 0): b' 2751,4,1,512,0,604,8,2,7,2,1,-66,10,4999,27937,182,100,2,0,0 '
Received from ('fd00::200:0:0:b', 8765, 0, 0): b' 2750,11,7,1024,0,683,4,15,7,1,1,-52,1,1009,11243,175,100,2,0,0 '
Received from ('fd00::200:0:0:a', 8765, 0, 0): b' 2752,10,6,1024,0,149,5,4,7,1,3,-52,0,1074,14739,56,100,2,0,0 '
Received from ('fd00::200:0:0:2', 8765, 0, 0): b' 2751,2,1,512,0,606,8,1,6,1,1,-88,9,1367,17027,184,100,1,0,0 '
Received from ('fd00::200:0:0:f', 8765, 0, 0): b' 2751,15,7,1024,0,585,7,18,7,1,3,-95,4,2628,24726,171,100,2,0,0 '
Received from ('fd00::200:0:0:6', 8765, 0, 0): b' 2753,6,2,768,0,216,5,2,7,1,2,-52,1,1112,79091,77,100,2,0,0 '
Received from ('fd00::200:0:0:c', 8765, 0, 0): b' 2752,12,8,1024,0,98,2,4,7,1,1,-52,0,446,5287,53,100,1,0,0 '
Received from ('fd00::200:0:0:9', 8765, 0, 0): b' 2751,9,5,768,0,209,5,4,7,1,3,-52,0,778,11133,66,100,2,0,0 '
Received from ('fd00::200:0:0:8', 8765, 0, 0): b' 2753,8,4,768,10,656,6,21,7,1,2,-52,4,1857,19003,177,100,2,0,0 '
Received from ('fd00::200:0:0:d', 8765, 0, 0): b' 2753,13,8,1024,0,189,5,7,7,1,2,-70,2,1533,15416,70,100,2,0,0 '
Received from ('fd00::200:0:0:10', 8765, 0, 0): b' 2754,16,15,1280,0,639,12,15,7,1,6,-52,0,680,7881,161,100,2,0,0 '
Received from ('fd00::200:0:0:15', 8765, 0, 0): b' 2754,21,17,1536,10,630,5,7,5,1,2,-52,0,939,11508,157,100,2,0,0 '
Received from ('fd00::200:0:0:13', 8765, 0, 0): b' 2755,19,15,1280,0,630,5,4,7,1,1,-52,0,915,9965,171,100,2,0,0 '
Received from ('fd00::200:0:0:e', 8765, 0, 0): b' 2753,14,11,1280,0,656,7,4,7,1,2,-70,0,549,9423,171,100,1,0,0 '
Received from ('fd00::200:0:0:14', 8765, 0, 0): b' 2755,20,15,1280,0,611,6,6,7,1,2,-70,0,835,8501,162,100,2,0,0 '
Received from ('fd00::200:0:0:11', 8765, 0, 0): b' 2756,17,13,1280,0,621,7,6,7,1,3,-52,1,1145,11884,161,100,2,0,0 '
Received from ('fd00::200:0:0:12', 8765, 0, 0): b' 2756,18,15,1280,0,642,4,4,5,1,1,-70,2,1023,11315,170,100,2,0,0 '
Received from ('fd00::200:0:0:3', 8765, 0, 0): b' 2757,3,1,512,0,652,7,2,7,1,2,-64,1,610,11725,180,100,2,0,0 '
Received from ('fd00::200:0:0:9', 8765, 0, 0): b' 2758,9,5,768,0,211,5,4,7,1,3,-52,0,543,6679,66,100,1,0,0 '
Received from ('fd00::200:0:0:5', 8765, 0, 0): b' 2758,5,1,512,10,627,8,1,6,1,1,-94,2,1271,15213,184,100,2,0,0 '
Received from ('fd00::200:0:0:4', 8765, 0, 0): b' 2758,4,1,512,10,604,8,2,7,2,1,-66,10,3485,21213,183,100,2,0,0 '
Received from ('fd00::200:0:0:6', 8765, 0, 0): b' 2760,6,2,768,10,216,5,2,7,1,2,-52,1,710,10963,78,100,1,0,0 '
Received from ('fd00::200:0:0:1', 5678, 0, 0): b' 2759,1,0,256,0,12,0,0,4,0,0,0,10,2302,23881,3238,100,2,0,0 '
Received from ('fd00::200:0:0:10', 8765, 0, 0): b' 2758,16,15,1280,0,640,12,15,7,1,6,-52,0,371,4305,161,100,1,0,0 '
Received from ('fd00::200:0:0:b', 8765, 0, 0): b' 2759,11,7,1024,10,688,4,15,7,1,1,-52,1,1211,13968,176,100,1,0,0 '
Received from ('fd00::200:0:0:a', 8765, 0, 0): b' 2760,10,6,1024,0,152,5,4,7,1,3,-52,0,715,10130,57,100,1,0,0 '
Received from ('fd00::200:0:0:7', 8765, 0, 0): b' 2759,7,4,768,0,628,6,22,7,1,2,-70,6,3262,23267,178,100,2,0,0 '
Received from ('fd00::200:0:0:8', 8765, 0, 0): b' 2759,8,4,768,10,658,6,21,7,1,2,-52,4,1316,11815,178,100,1,0,0 '
Received from ('fd00::200:0:0:2', 8765, 0, 0): b' 2760,2,1,512,0,609,8,1,6,1,1,-88,9,1736,15810,184,100,2,0,0 '
Received from ('fd00::200:0:0:f', 8765, 0, 0): b' 2761,15,7,1024,20,587,7,18,7,1,3,-95,4,2684,24032,172,100,2,0,0 '
Received from ('fd00::200:0:0:15', 8765, 0, 0): b' 2761,21,17,1536,0,630,5,7,5,1,2,-52,0,419,6627,157,100,1,0,0 '
Received from ('fd00::200:0:0:12', 8765, 0, 0): b' 2761,18,15,1280,0,643,4,4,5,1,1,-70,2,395,4678,170,100,1,0,0 '
Received from ('fd00::200:0:0:4', 8765, 0, 0): b' 2763,4,1,512,0,606,8,2,7,2,1,-66,10,2105,11057,183,100,1,0,0 '
Received from ('fd00::200:0:0:3', 8765, 0, 0): b' 2763,3,1,512,0,655,7,2,7,1,2,-64,1,605,8165,180,100,1,0,0 '
Received from ('fd00::200:0:0:5', 8765, 0, 0): b' 2763,5,1,512,0,628,8,1,6,1,1,-94,2,648,8717,184,100,1,0,0 '
Received from ('fd00::200:0:0:d', 8765, 0, 0): b' 2763,13,8,1024,0,192,5,7,7,1,2,-70,2,1549,13635,70,100,2,0,0 '
Received from ('fd00::200:0:0:c', 8765, 0, 0): b' 2764,12,8,1024,10,101,2,4,7,1,1,-52,0,773,11733,54,100,2,0,0 '
Received from ('fd00::200:0:0:10', 8765, 0, 0): b' 2765,16,15,1280,0,641,12,15,7,1,6,-52,0,395,6222,161,100,1,0,0 '
Received from ('fd00::200:0:0:b', 8765, 0, 0): b' 2765,11,7,1024,0,692,4,15,7,1,1,-52,1,1061,10206,176,100,2,0,0 '
Received from ('fd00::200:0:0:13', 8765, 0, 0): b' 2764,19,15,1280,0,633,5,4,7,1,1,-52,0,808,9825,172,100,2,0,0 '
Received from ('fd00::200:0:0:14', 8765, 0, 0): b' 2764,20,15,1280,0,616,6,6,7,1,2,-70,0,925,10658,163,100,1,0,0 '
Received from ('fd00::200:0:0:1', 5678, 0, 0): b' 2767,1,0,256,0,12,0,0,4,0,0,0,10,1625,19496,3245,100,1,0,0 '
Received from ('fd00::200:0:0:e', 8765, 0, 0): b' 2766,14,11,1280,0,658,7,4,7,1,2,-70,0,796,10475,172,100,2,0,0 '
Received from ('fd00::200:0:0:11', 8765, 0, 0): b' 2766,17,13,1280,10,623,7,6,7,1,3,-52,1,1147,13495,162,100,2,0,0 '
Received from ('fd00::200:0:0:2', 8765, 0, 0): b' 2768,2,1,512,0,610,8,1,6,1,1,-88,9,841,11069,185,100,2,0,0 '
Received from ('fd00::200:0:0:15', 8765, 0, 0): b' 2766,21,17,1536,0,632,5,7,5,1,2,-52,0,532,5477,158,100,1,0,0 '
Received from ('fd00::200:0:0:8', 8765, 0, 0): b' 2767,8,4,768,0,658,6,21,7,1,2,-52,4,1758,16348,178,100,1,0,0 '
Received from ('fd00::200:0:0:6', 8765, 0, 0): b' 2768,6,2,768,10,219,5,2,7,1,2,-52,1,1153,13634,79,100,2,0,0 '
Received from ('fd00::200:0:0:a', 8765, 0, 0): b' 2769,10,6,1024,0,153,5,4,7,1,3,-52,0,621,10110,57,100,2,0,0 '
Received from ('fd00::200:0:0:7', 8765, 0, 0): b' 2768,7,4,768,10,628,6,22,7,1,2,-70,6,2262,18705,179,100,1,0,0 '
Received from ('fd00::200:0:0:c', 8765, 0, 0): b' 2768,12,8,1024,0,103,2,4,7,1,1,-52,0,532,4995,54,100,1,0,0 '
Received from ('fd00::200:0:0:12', 8765, 0, 0): b' 2767,18,15,1280,10,643,4,4,5,1,1,-70,2,342,6867,171,100,1,0,0 '
Received from ('fd00::200:0:0:5', 8765, 0, 0): b' 2769,5,1,512,10,629,8,1,6,1,1,-94,2,530,8542,184,100,1,0,0 '
Received from ('fd00::200:0:0:3', 8765, 0, 0): b' 2770,3,1,512,0,657,7,2,7,1,2,-64,1,572,8412,181,100,1,0,0 '
Received from ('fd00::200:0:0:9', 8765, 0, 0): b' 2768,9,5,768,0,214,5,4,7,1,3,-52,0,856,14574,67,100,2,0,0 '
Received from ('fd00::200:0:0:4', 8765, 0, 0): b' 2769,4,1,512,0,607,8,2,7,2,1,-66,10,3083,17869,183,100,1,0,0 '
Received from ('fd00::200:0:0:11', 8765, 0, 0): b' 2771,17,13,1280,0,625,7,6,7,1,3,-52,1,769,6302,162,100,1,0,0 '
Received from ('fd00::200:0:0:13', 8765, 0, 0): b' 2770,19,15,1280,0,633,5,4,7,1,1,-52,0,286,5428,172,100,1,0,0 '
Received from ('fd00::200:0:0:f', 8765, 0, 0): b' 2771,15,7,1024,0,587,7,18,7,1,3,-95,4,2330,23492,172,100,1,0,0 '
Received from ('fd00::200:0:0:8', 8765, 0, 0): b' 2772,8,4,768,10,659,6,21,7,1,2,-52,4,1036,9641,179,100,1,0,0 '
Received from ('fd00::200:0:0:1', 5678, 0, 0): b' 2773,1,0,256,0,12,0,0,4,0,0,0,10,1608,16707,3253,100,1,0,0 '
Received from ('fd00::200:0:0:d', 8765, 0, 0): b' 2772,13,8,1024,0,194,5,7,7,1,2,-70,2,1552,12917,71,100,2,0,0 '
Received from ('fd00::200:0:0:10', 8765, 0, 0): b' 2772,16,15,1280,0,642,12,15,7,1,6,-52,0,475,7220,162,100,1,0,0 '
Received from ('fd00::200:0:0:2', 8765, 0, 0): b' 2773,2,1,512,0,611,8,1,6,1,1,-88,9,1020,10129,185,100,1,0,0 '
Received from ('fd00::200:0:0:15', 8765, 0, 0): b' 2772,21,17,1536,10,634,5,7,5,1,2,-52,0,417,6122,158,100,1,0,0 '
Received from ('fd00::200:0:0:5', 8765, 0, 0): b' 2774,5,1,512,0,632,8,1,6,1,1,-94,2,1033,8123,185,100,1,0,0 '
Received from ('fd00::200:0:0:14', 8765, 0, 0): b' 2773,20,15,1280,0,618,6,6,7,1,2,-70,0,622,7435,163,100,2,0,0 '
Received from ('fd00::200:0:0:9', 8765, 0, 0): b' 2774,9,5,768,0,215,5,4,7,1,3,-52,0,474,7547,68,100,1,0,0 '
Received from ('fd00::200:0:0:b', 8765, 0, 0): b' 2774,11,7,1024,0,693,4,15,7,1,1,-52,1,1055,16324,177,100,1,0,0 '
Received from ('fd00::200:0:0:a', 8765, 0, 0): b' 2777,10,6,1024,0,157,5,4,7,1,3,-52,0,1027,10849,58,100,2,0,0 '
Received from ('fd00::200:0:0:4', 8765, 0, 0): b' 2776,4,1,512,0,609,8,2,7,2,1,-66,10,3064,17383,184,100,1,0,0 '
Received from ('fd00::200:0:0:1', 5678, 0, 0): b' 2777,1,0,256,0,12,0,0,4,0,0,0,10,1346,12354,3260,100,1,0,0 '
Received from ('fd00::200:0:0:12', 8765, 0, 0): b' 2775,18,15,1280,0,645,4,4,5,1,1,-70,2,622,7676,171,100,2,0,0 '
Received from ('fd00::200:0:0:7', 8765, 0, 0): b' 2777,7,4,768,20,632,6,22,7,1,2,-70,6,2728,20114,180,100,2,0,0 '
Received from ('fd00::200:0:0:15', 8765, 0, 0): b' 2777,21,17,1536,0,636,5,7,5,1,2,-52,0,584,4804,158,100,1,0,0 '
Received from ('fd00::200:0:0:e', 8765, 0, 0): b' 2778,14,11,1280,0,662,7,4,7,1,2,-70,0,940,11335,173,100,2,0,0 '
Received from ('fd00::200:0:0:c', 8765, 0, 0): b' 2777,12,8,1024,0,107,2,4,7,1,1,-52,0,983,10279,55,100,2,0,0 '
Received from ('fd00::200:0:0:6', 8765, 0, 0): b' 2780,6,2,768,0,223,5,2,7,1,2,-52,1,1647,18950,79,100,2,0,0 '
Received from ('fd00::200:0:0:5', 8765, 0, 0): b' 2779,5,1,512,0,635,8,1,6,1,1,-94,2,732,8423,185,100,1,0,0 '
Received from ('fd00::200:0:0:f', 8765, 0, 0): b' 2777,15,7,1024,0,588,7,18,7,1,3,-95,4,1635,15034,173,100,1,0,0 '
Received from ('fd00::200:0:0:3', 8765, 0, 0): b' 2780,3,1,512,0,663,7,2,7,1,2,-64,1,1141,13164,181,100,2,0,0 '
Received from ('fd00::200:0:0:9', 8765, 0, 0): b' 2780,9,5,768,0,216,5,4,7,1,3,-52,0,389,6462,68,100,1,0,0 '
Received from ('fd00::200:0:0:d', 8765, 0, 0): b' 2779,13,8,1024,10,197,5,7,7,1,2,-70,2,1080,9663,72,100,1,0,0 '
Received from ('fd00::200:0:0:2', 8765, 0, 0): b' 2781,2,1,512,0,613,8,1,6,1,1,-88,9,1344,14047,186,100,1,0,0 '
Received from ('fd00::200:0:0:c', 8765, 0, 0): b' 2782,12,8,1024,0,110,2,4,7,1,1,-52,0,582,4469,55,100,1,0,0 '
Received from ('fd00::200:0:0:13', 8765, 0, 0): b' 2782,19,15,1280,0,634,5,4,7,1,1,-52,0,660,10147,173,100,2,0,0 '
Received from ('fd00::200:0:0:8', 8765, 0, 0): b' 2782,8,4,768,20,662,6,21,7,1,2,-52,4,2527,21828,179,100,2,0,0 '
Received from ('fd00::200:0:0:10', 8765, 0, 0): b' 2782,16,15,1280,10,646,12,15,7,1,6,-52,0,931,9607,163,100,2,0,0 '
Received from ('fd00::200:0:0:11', 8765, 0, 0): b' 2782,17,13,1280,0,627,7,6,7,1,3,-52,1,1258,14299,163,100,1,0,0 '
Received from ('fd00::200:0:0:a', 8765, 0, 0): b' 2784,10,6,1024,0,160,5,4,7,1,3,-52,0,631,9144,58,100,1,0,0 '
Received from ('fd00::200:0:0:f', 8765, 0, 0): b' 2783,15,7,1024,10,589,7,18,7,1,3,-95,4,1397,12715,173,100,1,0,0 '
Received from ('fd00::200:0:0:15', 8765, 0, 0): b' 2783,21,17,1536,0,638,5,7,5,1,2,-52,0,556,5612,159,100,1,0,0 '
Received from ('fd00::200:0:0:14', 8765, 0, 0): b' 2783,20,15,1280,0,619,6,6,7,1,2,-70,0,594,9248,164,100,2,0,0 '
Received from ('fd00::200:0:0:e', 8765, 0, 0): b' 2783,14,11,1280,0,662,7,4,7,1,2,-70,0,384,5456,173,100,2,0,0 '
Received from ('fd00::200:0:0:6', 8765, 0, 0): b' 2786,6,2,768,0,224,5,2,7,1,2,-52,1,739,9824,80,100,1,0,0 '
Received from ('fd00::200:0:0:b', 8765, 0, 0): b' 2785,11,7,1024,0,696,4,15,7,1,1,-52,1,1203,15614,177,100,2,0,0 '
Received from ('fd00::200:0:0:d', 8765, 0, 0): b' 2786,13,8,1024,0,201,5,7,7,1,2,-70,2,1313,9520,72,100,1,0,0 '
Received from ('fd00::200:0:0:1', 5678, 0, 0): b' 2787,1,0,256,0,12,0,0,4,0,0,0,10,2339,25957,3271,100,2,0,0 '
Received from ('fd00::200:0:0:4', 8765, 0, 0): b' 2787,4,1,512,0,610,8,2,7,2,1,-66,10,4869,27663,185,100,2,0,0 '
Received from ('fd00::200:0:0:c', 8765, 0, 0): b' 2786,12,8,1024,10,110,2,4,7,1,1,-52,0,163,3986,55,100,0,0,0 '
Received from ('fd00::200:0:0:7', 8765, 0, 0): b' 2787,7,4,768,0,638,6,22,7,1,2,-70,6,3195,22202,180,100,2,0,0 '
Received from ('fd00::200:0:0:12', 8765, 0, 0): b' 2786,18,15,1280,0,648,4,4,5,1,1,-70,2,832,10707,172,100,2,0,0 '
Received from ('fd00::200:0:0:5', 8765, 0, 0): b' 2788,5,1,512,20,641,8,1,6,1,1,-94,2,1455,15035,186,100,1,0,0 '
Received from ('fd00::200:0:0:10', 8765, 0, 0): b' 2787,16,15,1280,10,648,12,15,7,1,6,-52,0,535,5713,163,100,1,0,0 '
Received from ('fd00::200:0:0:a', 8765, 0, 0): b' 2790,10,6,1024,0,160,5,4,7,1,3,-52,0,476,7449,59,100,1,0,0 '
Received from ('fd00::200:0:0:13', 8765, 0, 0): b' 2788,19,15,1280,0,635,5,4,7,1,1,-52,0,418,6941,173,100,1,0,0 '
Received from ('fd00::200:0:0:3', 8765, 0, 0): b' 2790,3,1,512,0,664,7,2,7,1,2,-64,1,612,12432,182,100,2,0,0 '
Received from ('fd00::200:0:0:9', 8765, 0, 0): b' 2790,9,5,768,0,220,5,4,7,1,3,-52,0,939,12579,69,100,2,0,0 '
Received from ('fd00::200:0:0:14', 8765, 0, 0): b' 2789,20,15,1280,10,622,6,6,7,1,2,-70,0,631,7491,165,100,1,0,0 '
Received from ('fd00::200:0:0:7', 8765, 0, 0): b' 2791,7,4,768,0,638,6,22,7,1,2,-70,6,1445,10140,180,100,1,0,0 '
Received from ('fd00::200:0:0:e', 8765, 0, 0): b' 2791,14,11,1280,0,663,7,4,7,1,2,-70,0,473,7456,174,100,1,0,0 '
Received from ('fd00::200:0:0:11', 8765, 0, 0): b' 2792,17,13,1280,0,629,7,6,7,1,3,-52,1,1025,12735,164,100,2,0,0 '
Received from ('fd00::200:0:0:2', 8765, 0, 0): b' 2792,2,1,512,0,614,8,1,6,1,1,-88,9,1534,16970,187,100,2,0,0 '
Received from ('fd00::200:0:0:f', 8765, 0, 0): b' 2792,15,7,1024,10,592,7,18,7,1,3,-95,4,2492,22001,174,100,2,0,0 '
Received from ('fd00::200:0:0:8', 8765, 0, 0): b' 2792,8,4,768,0,663,6,21,7,1,2,-52,4,1960,19701,180,100,2,0,0 '
Received from ('fd00::200:0:0:a', 8765, 0, 0): b' 2795,10,6,1024,0,162,5,4,7,1,3,-52,0,474,5414,59,100,1,0,0 '
Received from ('fd00::200:0:0:c', 8765, 0, 0): b' 2793,12,8,1024,10,112,2,4,7,1,1,-52,0,620,6948,56,100,2,0,0 '
Received from ('fd00::200:0:0:d', 8765, 0, 0): b' 2794,13,8,1024,0,202,5,7,7,1,2,-70,2,987,10986,73,100,2,0,0 '
Received from ('fd00::200:0:0:15', 8765, 0, 0): b' 2794,21,17,1536,0,638,5,7,5,1,2,-52,0,431,9838,159,100,2,0,0 '
Received from ('fd00::200:0:0:6', 8765, 0, 0): b' 2794,6,2,768,0,225,5,2,7,1,2,-52,1,1240,15793,80,100,2,0,0 '
Received from ('fd00::200:0:0:3', 8765, 0, 0): b' 2795,3,1,512,0,666,7,2,7,1,2,-64,1,498,6362,182,100,1,0,0 '
Received from ('fd00::200:0:0:7', 8765, 0, 0): b' 2796,7,4,768,0,640,6,22,7,1,2,-70,6,1333,10559,181,100,1,0,0 '
Received from ('fd00::200:0:0:1', 5678, 0, 0): b' 2797,1,0,256,0,12,0,0,4,0,0,0,10,2597,27205,3287,100,2,0,0 '
Received from ('fd00::200:0:0:10', 8765, 0, 0): b' 2795,16,15,1280,0,652,12,15,7,1,6,-52,0,765,8814,163,100,1,0,0 '
Received from ('fd00::200:0:0:b', 8765, 0, 0): b' 2796,11,7,1024,0,699,4,15,7,1,1,-52,1,1305,17258,178,100,2,0,0 '
Received from ('fd00::200:0:0:2', 8765, 0, 0): b' 2798,2,1,512,0,616,8,1,6,1,1,-88,9,1001,8594,187,100,1,0,0 '
Received from ('fd00::200:0:0:5', 8765, 0, 0): b' 2798,5,1,512,0,643,8,1,6,1,1,-94,2,1107,15033,186,100,2,0,0 '
Received from ('fd00::200:0:0:4', 8765, 0, 0): b' 2799,4,1,512,0,613,8,2,7,2,1,-66,10,4976,29000,185,100,2,0,0 '
Received from ('fd00::200:0:0:a', 8765, 0, 0): b' 2797,10,6,1024,0,164,5,4,7,1,3,-52,0,498,6773,59,100,1,0,0 '
Received from ('fd00::200:0:0:12', 8765, 0, 0): b' 2798,18,15,1280,0,651,4,4,5,1,1,-70,2,833,11015,173,100,2,0,0 '
Received from ('fd00::200:0:0:c', 8765, 0, 0): b' 2800,12,8,1024,0,114,2,4,7,1,1,-52,0,555,6586,56,100,1,0,0 '
Received from ('fd00::200:0:0:13', 8765, 0, 0): b' 2800,19,15,1280,10,636,5,4,7,1,1,-52,0,594,10231,174,100,2,0,0 '
Received from ('fd00::200:0:0:10', 8765, 0, 0): b' 2800,16,15,1280,0,654,12,15,7,1,6,-52,0,534,4915,164,100,1,0,0 '
Received from ('fd00::200:0:0:15', 8765, 0, 0): b' 2799,21,17,1536,0,640,5,7,5,1,2,-52,0,556,5693,160,100,1,0,0 '
Received from ('fd00::200:0:0:9', 8765, 0, 0): b' 2801,9,5,768,0,220,5,4,7,1,3,-52,0,428,12365,69,100,2,0,0 '
Received from ('fd00::200:0:0:b', 8765, 0, 0): b' 2800,11,7,1024,0,700,4,15,7,1,1,-52,1,483,7081,178,100,1,0,0 '
Received from ('fd00::200:0:0:d', 8765, 0, 0): b' 2800,13,8,1024,0,204,5,7,7,1,2,-70,2,984,8656,73,100,1,0,0 '
Received from ('fd00::200:0:0:3', 8765, 0, 0): b' 2802,3,1,512,0,670,7,2,7,1,2,-64,1,786,8788,183,100,1,0,0 '
Received from ('fd00::200:0:0:f', 8765, 0, 0): b' 2801,15,7,1024,0,595,7,18,7,1,3,-95,4,2392,20455,174,100,2,0,0 '
Received from ('fd00::200:0:0:14', 8765, 0, 0): b' 2801,20,15,1280,0,626,6,6,7,1,2,-70,0,916,10783,165,100,2,0,0 '
Received from ('fd00::200:0:0:5', 8765, 0, 0): b' 2803,5,1,512,0,644,8,1,6,1,1,-94,2,674,7793,187,100,1,0,0 '
Received from ('fd00::200:0:0:1', 5678, 0, 0): b' 2803,1,0,256,0,12,0,0,4,0,0,0,10,1801,18318,3296,100,1,0,0 '
Received from ('fd00::200:0:0:8', 8765, 0, 0): b' 2803,8,4,768,10,667,6,21,7,1,2,-52,4,2711,21879,181,100,2,0,0 '
Received from ('fd00::200:0:0:e', 8765, 0, 0): b' 2801,14,11,1280,0,666,7,4,7,1,2,-70,0,752,9919,174,100,2,0,0 '
Received from ('fd00::200:0:0:11', 8765, 0, 0): b' 2803,17,13,1280,10,630,8,6,7,1,3,-52,1,1273,14462,165,100,2,0,0 '
Received from ('fd00::200:0:0:10', 8765, 0, 0): b' 2804,16,15,1280,0,657,12,15,7,1,6,-52,0,585,4407,164,100,1,0,0 '
Received from ('fd00::200:0:0:d', 8765, 0, 0): b' 2804,13,8,1024,10,205,5,7,7,1,2,-70,2,741,6115,73,100,0,0,0 '
Received from ('fd00::200:0:0:7', 8765, 0, 0): b' 2805,7,4,768,0,642,6,22,7,1,2,-70,6,3024,20975,181,100,1,0,0 '
Received from ('fd00::200:0:0:13', 8765, 0, 0): b' 2805,19,15,1280,0,637,5,4,7,1,1,-52,0,395,4977,174,100,1,0,0 '
Received from ('fd00::200:0:0:12', 8765, 0, 0): b' 2805,18,15,1280,0,654,4,4,5,1,1,-70,2,608,6576,173,100,1,0,0 '
Received from ('fd00::200:0:0:6', 8765, 0, 0): b' 2807,6,2,768,0,227,5,2,7,1,2,-52,1,1306,18018,81,100,2,0,0 '
Received from ('fd00::200:0:0:9', 8765, 0, 0): b' 2807,9,5,768,0,222,5,4,7,1,3,-52,0,581,7092,70,100,1,0,0 '
Received from ('fd00::200:0:0:f', 8765, 0, 0): b' 2807,15,7,1024,0,598,7,18,7,1,3,-95,4,2252,15675,175,100,1,0,0 '
Received from ('fd00::200:0:0:2', 8765, 0, 0): b' 2807,2,1,512,0,619,8,1,6,1,1,-88,9,1624,16856,188,100,2,0,0 '
Received from ('fd00::200:0:0:b', 8765, 0, 0): b' 2807,11,7,1024,0,702,4,15,7,1,1,-52,1,999,10737,179,100,1,0,0 '
Received from ('fd00::200:0:0:4', 8765, 0, 0): b' 2808,4,1,512,0,615,8,2,7,2,1,-66,10,5277,27977,186,100,2,0,0 '
Received from ('fd00::200:0:0:a', 8765, 0, 0): b' 2807,10,6,1024,0,166,5,4,7,1,3,-52,0,835,12028,60,100,2,0,0 '
Received from ('fd00::200:0:0:5', 8765, 0, 0): b' 2810,5,1,512,0,646,8,1,6,1,1,-94,2,1013,11196,187,100,1,0,0 '
Received from ('fd00::200:0:0:d', 8765, 0, 0): b' 2810,13,8,1024,10,205,5,7,7,1,2,-70,2,454,6796,74,100,1,0,0 '
Received from ('fd00::200:0:0:7', 8765, 0, 0): b' 2810,7,4,768,0,642,6,22,7,1,2,-70,7,1524,10905,182,100,1,0,0 '
Received from ('fd00::200:0:0:11', 8765, 0, 0): b' 2810,17,13,1280,0,633,8,6,7,1,3,-52,1,927,9058,165,100,2,0,0 '
Received from ('fd00::200:0:0:3', 8765, 0, 0): b' 2810,3,1,512,10,671,7,3,7,1,2,-64,1,539,10253,183,100,3,0,0 '
Received from ('fd00::200:0:0:c', 8765, 0, 0): b' 2811,12,8,1024,0,116,2,4,7,1,1,-52,0,723,10632,57,100,2,0,0 '
Received from ('fd00::200:0:0:e', 8765, 0, 0): b' 2810,14,11,1280,0,668,7,4,7,1,2,-70,0,677,8847,175,100,2,0,0 '
Received from ('fd00::200:0:0:6', 8765, 0, 0): b' 2811,6,2,768,0,227,5,2,7,1,2,-52,1,553,7212,82,100,1,0,0 '
Received from ('fd00::200:0:0:15', 8765, 0, 0): b' 2810,21,17,1536,0,643,5,7,5,1,2,-52,0,808,10096,161,100,2,0,0 '
Received from ('fd00::200:0:0:12', 8765, 0, 0): b' 2811,18,15,1280,0,656,4,4,5,1,1,-70,2,556,6060,174,100,1,0,0 '
Received from ('fd00::200:0:0:1', 5678, 0, 0): b' 2812,1,0,256,0,12,0,0,4,0,0,0,10,2243,24121,3308,100,2,0,0 '
Received from ('fd00::200:0:0:14', 8765, 0, 0): b' 2813,20,15,1280,0,632,7,6,7,1,2,-70,0,1234,12113,166,100,2,0,0 '
Received from ('fd00::200:0:0:8', 8765, 0, 0): b' 2814,8,4,768,0,669,6,21,7,1,2,-52,4,2347,22372,181,100,2,0,0 '
Received from ('fd00::200:0:0:10', 8765, 0, 0): b' 2813,16,15,1280,0,659,12,15,7,1,6,-52,0,703,8997,165,100,2,0,0 '
Received from ('fd00::200:0:0:15', 8765, 0, 0): b' 2815,21,17,1536,0,645,5,7,5,1,2,-52,0,501,4782,161,100,1,0,0 '
Received from ('fd00::200:0:0:2', 8765, 0, 0): b' 2815,2,1,512,0,622,8,1,6,1,1,-88,9,1158,12694,188,100,1,0,0 '
Received from ('fd00::200:0:0:9', 8765, 0, 0): b' 2816,9,5,768,0,225,5,4,7,1,3,-52,0,627,10031,70,100,1,0,0 '
Received from ('fd00::200:0:0:7', 8765, 0, 0): b' 2815,7,4,768,0,644,6,22,7,1,2,-70,7,1455,11134,182,100,1,0,0 '
Received from ('fd00::200:0:0:b', 8765, 0, 0): b' 2815,11,7,1024,20,704,4,15,7,1,1,-52,1,1070,12441,179,100,2,0,0 '
Received from ('fd00::200:0:0:a', 8765, 0, 0): b' 2816,10,6,1024,0,168,5,4,7,1,3,-52,0,523,9113,60,100,1,0,0 '
Received from ('fd00::200:0:0:e', 8765, 0, 0): b' 2815,14,11,1280,10,669,7,4,7,1,2,-70,0,272,4119,175,100,0,0,0 '
Received from ('fd00::200:0:0:13', 8765, 0, 0): b' 2817,19,15,1280,0,641,5,4,7,1,1,-52,0,939,11484,175,100,2,0,0 '
Received from ('fd00::200:0:0:f', 8765, 0, 0): b' 2818,15,7,1024,0,599,8,18,7,1,3,-95,4,2488,25330,176,100,2,0,0 '
Received from ('fd00::200:0:0:15', 8765, 0, 0): b' 2819,21,17,1536,0,647,5,7,5,1,2,-52,0,476,4094,161,100,1,0,0 '
Received from ('fd00::200:0:0:10', 8765, 0, 0): b' 2819,16,15,1280,0,661,12,15,7,1,6,-52,0,478,4232,165,100,1,0,0 '
Received from ('fd00::200:0:0:4', 8765, 0, 0): b' 2821,4,1,512,20,623,8,2,7,2,1,-66,10,5687,30509,187,100,2,0,0 '
Received from ('fd00::200:0:0:7', 8765, 0, 0): b' 2820,7,4,768,20,647,6,22,7,1,2,-70,7,2048,12120,182,100,1,0,0 '
Received from ('fd00::200:0:0:e', 8765, 0, 0): b' 2819,14,11,1280,0,671,7,4,7,1,2,-70,0,558,4682,176,100,1,0,0 '
Received from ('fd00::200:0:0:9', 8765, 0, 0): b' 2820,9,5,768,10,226,5,4,7,1,3,-52,0,460,6018,71,100,1,0,0 '
Received from ('fd00::200:0:0:d', 8765, 0, 0): b' 2819,13,8,1024,0,205,5,7,7,1,2,-70,2,1513,13381,74,100,2,0,0 '
Received from ('fd00::200:0:0:5', 8765, 0, 0): b' 2821,5,1,512,0,651,8,1,6,1,1,-94,2,1859,19180,188,100,3,0,0 '
Received from ('fd00::200:0:0:11', 8765, 0, 0): b' 2821,17,13,1280,0,635,8,6,7,1,3,-52,1,1561,14838,166,100,2,0,0 '
Received from ('fd00::200:0:0:8', 8765, 0, 0): b' 2822,8,4,768,0,673,6,21,7,1,2,-52,4,1759,15848,182,100,1,0,0 '
Received from ('fd00::200:0:0:12', 8765, 0, 0): b' 2821,18,15,1280,0,659,4,4,5,1,1,-70,2,752,9332,174,100,2,0,0 '
Received from ('fd00::200:0:0:b', 8765, 0, 0): b' 2821,11,7,1024,0,707,4,15,7,1,1,-52,1,1373,11918,180,100,1,0,0 '
Received from ('fd00::200:0:0:6', 8765, 0, 0): b' 2824,6,2,768,10,229,5,2,7,1,2,-52,1,1247,17445,82,100,2,0,0 '
Received from ('fd00::200:0:0:3', 8765, 0, 0): b' 2823,3,1,512,10,676,7,3,7,1,2,-64,1,1064,14810,184,100,2,0,0 '
Received from ('fd00::200:0:0:14', 8765, 0, 0): b' 2822,20,15,1280,0,635,7,6,7,1,2,-70,0,810,9186,167,100,2,0,0 '
Received from ('fd00::200:0:0:a', 8765, 0, 0): b' 2823,10,6,1024,0,169,5,4,7,1,3,-52,0,583,8021,61,100,1,0,0 '
Received from ('fd00::200:0:0:f', 8765, 0, 0): b' 2823,15,7,1024,0,601,8,18,7,1,3,-95,4,1714,12685,176,100,1,0,0 '
Received from ('fd00::200:0:0:1', 5678, 0, 0): b' 2824,1,0,256,0,12,0,0,4,0,0,0,10,3143,32150,3322,100,2,0,0 '
Received from ('fd00::200:0:0:c', 8765, 0, 0): b' 2822,12,8,1024,0,117,2,4,7,1,1,-52,0,561,10870,57,100,2,0,0 '
Received from ('fd00::200:0:0:13', 8765, 0, 0): b' 2823,19,15,1280,10,645,6,4,7,1,1,-52,0,744,6783,176,100,1,0,0 '
Received from ('fd00::200:0:0:2', 8765, 0, 0): b' 2825,2,1,512,10,623,8,1,6,1,1,-88,9,1515,14646,189,100,2,0,0 '
Received from ('fd00::200:0:0:10', 8765, 0, 0): b' 2826,16,15,1280,0,661,12,15,7,1,6,-52,0,312,6615,165,100,1,0,0 '
Received from ('fd00::200:0:0:8', 8765, 0, 0): b' 2826,8,4,768,0,677,6,21,7,1,2,-52,4,1346,10151,182,100,1,0,0 '
Received from ('fd00::200:0:0:12', 8765, 0, 0): b' 2826,18,15,1280,0,662,4,4,5,1,1,-70,2,639,4982,175,100,1,0,0 '
Received from ('fd00::200:0:0:3', 8765, 0, 0): b' 2828,3,1,512,0,680,7,3,7,1,2,-64,1,607,5557,184,100,1,0,0 '
Received from ('fd00::200:0:0:5', 8765, 0, 0): b' 2827,5,1,512,0,651,8,1,6,1,1,-94,2,397,8678,188,100,1,0,0 '
Received from ('fd00::200:0:0:15', 8765, 0, 0): b' 2827,21,17,1536,0,648,5,7,5,1,2,-52,0,473,7878,162,100,1,0,0 '
Received from ('fd00::200:0:0:1', 5678, 0, 0): b' 2829,1,0,256,0,12,0,0,4,0,0,0,10,1021,12983,3329,100,0,0,0 '
Received from ('fd00::200:0:0:a', 8765, 0, 0): b' 2829,10,6,1024,0,169,5,4,7,1,3,-52,0,284,6951,61,100,1,0,0 '
Received from ('fd00::200:0:0:d', 8765, 0, 0): b' 2829,13,8,1024,20,208,5,7,7,1,2,-70,2,1384,12324,75,100,2,0,0 '
Received from ('fd00::200:0:0:11', 8765, 0, 0): b' 2829,17,13,1280,0,636,8,6,7,1,3,-52,1,834,10299,166,100,1,0,0 '
Received from ('fd00::200:0:0:2', 8765, 0, 0): b' 2830,2,1,512,0,626,8,1,6,1,1,-88,9,901,8770,189,100,1,0,0 '
Received from ('fd00::200:0:0:9', 8765, 0, 0): b' 2830,9,5,768,10,227,5,4,7,1,3,-52,0,595,10954,71,100,2,0,0 '
Received from ('fd00::200:0:0:f', 8765, 0, 0): b' 2830,15,7,1024,10,604,8,18,7,1,3,-95,4,1863,15784,176,100,1,0,0 '
Received from ('fd00::200:0:0:e', 8765, 0, 0): b' 2830,14,11,1280,0,677,7,4,7,1,2,-70,0,1073,10711,176,100,2,0,0 '
Received from ('fd00::200:0:0:4', 8765, 0, 0): b' 2832,4,1,512,10,626,8,2,7,2,1,-66,10,5259,28378,188,100,2,0,0 '
Received from ('fd00::200:0:0:c', 8765, 0, 0): b' 2830,12,8,1024,10,118,2,4,7,1,1,-52,0,448,7237,58,100,1,0,0 '
Received from ('fd00::200:0:0:5', 8765, 0, 0): b' 2832,5,1,512,0,652,8,1,6,1,1,-94,2,678,6819,189,100,1,0,0 '
Received from ('fd00::200:0:0:b', 8765, 0, 0): b' 2831,11,7,1024,0,709,4,15,7,1,1,-52,1,1032,14156,180,100,2,0,0 '
Received from ('fd00::200:0:0:7', 8765, 0, 0): b' 2832,7,4,768,30,649,6,22,7,1,2,-70,7,3405,25532,183,100,2,0,0 '
Received from ('fd00::200:0:0:6', 8765, 0, 0): b' 2833,6,2,768,10,230,5,2,7,1,2,-52,1,1106,15213,83,100,2,0,0 '
Received from ('fd00::200:0:0:14', 8765, 0, 0): b' 2832,20,15,1280,0,638,7,6,7,1,2,-70,0,752,9392,167,100,2,0,0 '
Received from ('fd00::200:0:0:8', 8765, 0, 0): b' 2833,8,4,768,0,678,6,21,7,1,2,-52,4,1574,14188,183,100,1,0,0 '
Received from ('fd00::200:0:0:a', 8765, 0, 0): b' 2834,10,6,1024,0,170,5,4,7,1,3,-52,0,423,6355,62,100,1,0,0 '
Received from ('fd00::200:0:0:13', 8765, 0, 0): b' 2835,19,15,1280,0,647,6,4,7,1,1,-52,0,940,10917,176,100,3,0,0 '
Received from ('fd00::200:0:0:d', 8765, 0, 0): b' 2835,13,8,1024,0,210,5,7,7,1,2,-70,2,913,8678,75,100,1,0,0 '
Received from ('fd00::200:0:0:e', 8765, 0, 0): b' 2835,14,11,1280,0,678,7,4,7,1,2,-70,0,451,5132,177,100,1,0,0 '
Received from ('fd00::200:0:0:c', 8765, 0, 0): b' 2836,12,8,1024,0,120,2,4,7,1,1,-52,0,500,5391,58,100,1,0,0 '
Received from ('fd00::200:0:0:12', 8765, 0, 0): b' 2836,18,15,1280,0,662,4,4,5,1,1,-70,2,431,8929,175,100,2,0,0 '
Received from ('fd00::200:0:0:5', 8765, 0, 0): b' 2837,5,1,512,0,652,8,1,6,1,1,-94,2,412,7490,189,100,0,0,0 '
Received from ('fd00::200:0:0:15', 8765, 0, 0): b' 2836,21,17,1536,0,650,5,7,5,1,2,-52,0,621,7860,162,100,2,0,0 '
Received from ('fd00::200:0:0:3', 8765, 0, 0): b' 2838,3,1,512,10,682,7,3,7,1,2,-64,1,596,11946,185,100,1,0,0 '
Received from ('fd00::200:0:0:10', 8765, 0, 0): b' 2837,16,15,1280,0,661,12,15,7,1,6,-52,0,489,9837,166,100,2,0,0 '
Received from ('fd00::200:0:0:4', 8765, 0, 0): b' 2838,4,1,512,0,627,8,2,7,2,1,-66,10,3185,17283,188,100,1,0,0 '
Received from ('fd00::200:0:0:1', 5678, 0, 0): b' 2838,1,0,256,0,12,0,0,4,0,0,0,10,2533,25989,3341,100,2,0,0 '
Received from ('fd00::200:0:0:7', 8765, 0, 0): b' 2838,7,4,768,0,650,6,22,7,1,2,-70,7,2081,15080,184,100,1,0,0 '
Received from ('fd00::200:0:0:2', 8765, 0, 0): b' 2839,2,1,512,0,630,8,1,6,1,1,-88,9,1760,15541,190,100,2,0,0 '
Received from ('fd00::200:0:0:8', 8765, 0, 0): b' 2839,8,4,768,10,679,6,21,7,1,2,-52,4,1103,11630,183,100,1,0,0 '
Received from ('fd00::200:0:0:11', 8765, 0, 0): b' 2840,17,13,1280,0,639,8,6,7,1,3,-52,1,1277,14811,167,100,2,0,0 '
Received from ('fd00::200:0:0:13', 8765, 0, 0): b' 2840,19,15,1280,0,648,6,4,7,1,1,-52,0,426,4968,177,100,1,0,0 '
Received from ('fd00::200:0:0:9', 8765, 0, 0): b' 2841,9,5,768,0,227,5,4,7,1,3,-52,0,537,13329,72,100,2,0,0 '
Received from ('fd00::200:0:0:f', 8765, 0, 0): b' 2841,15,7,1024,20,608,8,18,7,1,3,-95,4,2744,25551,177,100,2,0,0 '
Received from ('fd00::200:0:0:6', 8765, 0, 0): b' 2841,6,2,768,0,233,5,2,7,1,2,-52,1,1087,13538,84,100,1,0,0 '
Received from ('fd00::200:0:0:7', 8765, 0, 0): b' 2842,7,4,768,0,652,6,22,7,1,2,-70,7,1198,8588,184,100,1,0,0 '
Received from ('fd00::200:0:0:14', 8765, 0, 0): b' 2842,20,15,1280,0,639,7,6,7,1,2,-70,0,497,9311,168,100,1,0,0 '
Received from ('fd00::200:0:0:c', 8765, 0, 0): b' 2842,12,8,1024,0,121,2,4,7,1,1,-52,0,568,6446,59,100,2,0,0 '
Received from ('fd00::200:0:0:1', 5678, 0, 0): b' 2843,1,0,256,0,12,0,0,4,0,0,0,10,1067,12344,3347,100,1,0,0 '
Received from ('fd00::200:0:0:b', 8765, 0, 0): b' 2842,11,7,1024,0,712,4,15,7,1,1,-52,1,1362,17583,181,100,2,0,0 '
Received from ('fd00::200:0:0:a', 8765, 0, 0): b' 2843,10,6,1024,0,172,5,4,7,1,3,-52,0,849,12097,62,100,2,0,0 '
Received from ('fd00::200:0:0:4', 8765, 0, 0): b' 2843,4,1,512,0,629,8,2,7,2,1,-66,10,2599,14912,188,100,1,0,0 '
Received from ('fd00::200:0:0:10', 8765, 0, 0): b' 2844,16,15,1280,0,661,12,15,7,1,6,-52,0,368,6363,167,100,1,0,0 '
Received from ('fd00::200:0:0:2', 8765, 0, 0): b' 2844,2,1,512,0,631,8,1,6,1,1,-88,9,870,8557,190,100,1,0,0 '
Received from ('fd00::200:0:0:5', 8765, 0, 0): b' 2845,5,1,512,0,653,8,1,6,1,1,-94,2,859,12712,189,100,2,0,0 '
Received from ('fd00::200:0:0:f', 8765, 0, 0): b' 2845,15,7,1024,0,609,8,18,7,1,3,-95,4,1149,9854,177,100,1,0,0 '
Received from ('fd00::200:0:0:d', 8765, 0, 0): b' 2846,13,8,1024,0,211,5,7,7,1,2,-70,2,1135,13376,75,100,2,1,5 '
Received from ('fd00::200:0:0:e', 8765, 0, 0): b' 2845,14,11,1280,0,683,7,4,7,1,2,-70,0,1032,10179,177,100,2,0,0 '
Received from ('fd00::200:0:0:13', 8765, 0, 0): b' 2846,19,15,1280,0,651,6,4,7,1,1,-52,0,631,6437,177,100,1,0,0 '
Received from ('fd00::200:0:0:3', 8765, 0, 0): b' 2847,3,1,512,0,686,8,3,7,1,2,-64,1,1037,13843,186,100,2,0,0 '
Received from ('fd00::200:0:0:8', 8765, 0, 0): b' 2847,8,4,768,20,679,6,21,7,1,2,-52,4,1544,15997,184,100,2,0,0 '
Received from ('fd00::200:0:0:a', 8765, 0, 0): b' 2847,10,6,1024,0,172,5,4,7,1,3,-52,0,317,4984,63,100,1,0,0 '
Received from ('fd00::200:0:0:9', 8765, 0, 0): b' 2847,9,5,768,0,231,5,4,7,1,3,-52,0,735,8746,72,100,1,0,0 '
Received from ('fd00::200:0:0:15', 8765, 0, 0): b' 2846,21,17,1536,0,652,5,7,5,1,2,-52,0,701,9435,163,100,2,0,0 '
Received from ('fd00::200:0:0:12', 8765, 0, 0): b' 2848,18,15,1280,0,664,4,4,5,1,1,-70,2,725,10910,176,100,2,0,0 '
Received from ('fd00::200:0:0:14', 8765, 0, 0): b' 2849,20,15,1280,0,642,7,6,7,1,2,-70,0,760,6557,169,100,2,0,0 '
Received from ('fd00::200:0:0:7', 8765, 0, 0): b' 2850,7,4,768,0,654,6,22,7,1,2,-70,7,2561,17693,184,100,1,0,0 '
Received from ('fd00::200:0:0:d', 8765, 0, 0): b' 2850,13,8,1024,20,213,5,7,7,1,2,-70,2,893,6937,75,100,1,1,5 '
Received from ('fd00::200:0:0:f', 8765, 0, 0): b' 2850,15,7,1024,0,609,8,18,7,1,3,-95,4,1460,12713,178,100,1,0,0 '
Received from ('fd00::200:0:0:c', 8765, 0, 0): b' 2850,12,8,1024,0,123,2,4,7,1,1,-52,0,522,7478,59,100,1,0,0 '
Received from ('fd00::200:0:0:5', 8765, 0, 0): b' 2851,5,1,512,0,654,8,1,6,1,1,-94,2,926,10314,190,100,1,0,0 '
Received from ('fd00::200:0:0:11', 8765, 0, 0): b' 2850,17,13,1280,0,643,8,6,7,1,3,-52,1,1239,12940,168,100,2,0,0 '
Received from ('fd00::200:0:0:1', 5678, 0, 0): b' 2852,1,0,256,0,12,0,0,4,0,0,0,10,2441,24368,3359,100,2,0,0 '
Received from ('fd00::200:0:0:6', 8765, 0, 0): b' 2850,6,2,768,0,235,5,2,7,1,2,-52,1,1378,16245,84,100,2,0,0 '
Received from ('fd00::200:0:0:2', 8765, 0, 0): b' 2852,2,1,512,0,633,8,1,6,1,1,-88,9,1369,13693,191,100,1,0,0 '
Received from ('fd00::200:0:0:4', 8765, 0, 0): b' 2852,4,1,512,0,630,8,2,7,2,1,-66,10,4094,24058,189,100,2,0,0 '
Received from ('fd00::200:0:0:3', 8765, 0, 0): b' 2853,3,1,512,0,690,8,3,7,1,2,-64,1,713,7592,186,100,1,0,0 '
Received from ('fd00::200:0:0:b', 8765, 0, 0): b' 2853,11,7,1024,0,716,4,15,7,1,1,-52,1,1350,17410,182,100,1,0,0 '
Received from ('fd00::200:0:0:e', 8765, 0, 0): b' 2853,14,11,1280,0,684,7,4,7,1,2,-70,0,475,7861,178,100,1,0,0 '
Received from ('fd00::200:0:0:a', 8765, 0, 0): b' 2853,10,6,1024,0,175,5,4,7,1,3,-52,0,765,8880,63,100,1,0,0 '
Received from ('fd00::200:0:0:10', 8765, 0, 0): b' 2855,16,15,1280,0,666,12,15,7,1,6,-52,0,968,11113,167,100,2,0,0 '
Received from ('fd00::200:0:0:5', 8765, 0, 0): b' 2855,5,1,512,0,655,8,1,6,1,1,-94,2,479,6223,190,100,1,0,0 '
Received from ('fd00::200:0:0:d', 8765, 0, 0): b' 2854,13,8,1024,10,213,5,7,7,1,2,-70,2,553,5848,76,100,1,1,5 '
Received from ('fd00::200:0:0:f', 8765, 0, 0): b' 2855,15,7,1024,0,611,8,18,7,1,3,-95,4,1325,12404,178,100,1,0,0 '
Received from ('fd00::200:0:0:9', 8765, 0, 0): b' 2857,9,5,768,0,234,5,4,7,1,3,-52,0,808,11183,73,100,2,0,0 '
Received from ('fd00::200:0:0:13', 8765, 0, 0): b' 2856,19,15,1280,0,654,6,4,7,1,1,-52,0,711,10087,178,100,1,0,0 '
Received from ('fd00::200:0:0:15', 8765, 0, 0): b' 2856,21,17,1536,0,655,5,7,5,1,2,-52,0,832,10090,164,100,2,0,0 '
Received from ('fd00::200:0:0:12', 8765, 0, 0): b' 2858,18,15,1280,0,667,4,4,5,1,1,-70,2,712,9673,177,100,1,0,0 '
Received from ('fd00::200:0:0:3', 8765, 0, 0): b' 2858,3,1,512,0,690,8,3,7,1,2,-64,1,306,6028,187,100,1,0,0 '
Received from ('fd00::200:0:0:8', 8765, 0, 0): b' 2858,8,4,768,0,683,6,21,7,1,2,-52,4,2563,23098,184,100,2,0,0 '
Received from ('fd00::200:0:0:2', 8765, 0, 0): b' 2859,2,1,512,0,634,8,1,6,1,1,-88,9,822,11427,191,100,1,0,0 '
Received from ('fd00::200:0:0:a', 8765, 0, 0): b' 2858,10,6,1024,0,178,5,4,7,1,3,-52,0,581,6561,63,100,1,0,0 '
Received from ('fd00::200:0:0:11', 8765, 0, 0): b' 2857,17,13,1280,0,644,8,6,7,1,3,-52,1,891,11543,168,100,1,0,0 '
Received from ('fd00::200:0:0:d', 8765, 0, 0): b' 2859,13,8,1024,0,216,5,7,7,1,2,-70,2,972,7450,76,100,0,1,5 '
Received from ('fd00::200:0:0:7', 8765, 0, 0): b' 2859,7,4,768,0,657,6,22,7,1,2,-70,7,2598,21851,185,100,2,0,0 '
Received from ('fd00::200:0:0:14', 8765, 0, 0): b' 2859,20,15,1280,0,646,7,6,7,1,2,-70,0,883,10972,169,100,2,0,0 '
Received from ('fd00::200:0:0:c', 8765, 0, 0): b' 2861,12,8,1024,0,126,2,4,7,1,1,-52,0,806,10959,60,100,2,0,0 '
Received from ('fd00::200:0:0:b', 8765, 0, 0): b' 2861,11,7,1024,10,717,4,15,7,1,1,-52,1,919,12963,182,100,2,0,0 '
Received from ('fd00::200:0:0:5', 8765, 0, 0): b' 2863,5,1,512,0,658,8,1,6,1,1,-94,2,1120,12159,191,100,1,0,0 '
Received from ('fd00::200:0:0:1', 5678, 0, 0): b' 2863,1,0,256,0,12,0,0,4,0,0,0,10,2821,30741,3375,100,2,0,0 '
Received from ('fd00::200:0:0:6', 8765, 0, 0): b' 2862,6,2,768,0,238,5,2,7,1,2,-52,1,1565,18936,85,100,2,0,0 '
Received from ('fd00::200:0:0:e', 8765, 0, 0): b' 2861,14,11,1280,0,687,7,4,7,1,2,-70,0,728,7462,178,100,2,0,0 '
Received from ('fd00::200:0:0:4', 8765, 0, 0): b' 2864,4,1,512,10,634,8,2,7,2,1,-66,10,4941,28369,190,100,2,0,0 '
Received from ('fd00::200:0:0:12', 8765, 0, 0): b' 2862,18,15,1280,0,668,4,4,5,1,1,-70,2,393,5338,177,100,1,0,0 '
Received from ('fd00::200:0:0:13', 8765, 0, 0): b' 2862,19,15,1280,0,659,6,4,7,1,1,-52,0,913,6972,178,100,3,0,0 '
Received from ('fd00::200:0:0:9', 8765, 0, 0): b' 2865,9,5,768,0,239,5,4,7,1,3,-52,0,842,9971,73,100,1,0,0 '
Received from ('fd00::200:0:0:10', 8765, 0, 0): b' 2864,16,15,1280,0,667,12,15,7,1,6,-52,0,597,9322,168,100,2,0,0 '
Received from ('fd00::200:0:0:15', 8765, 0, 0): b' 2864,21,17,1536,0,659,5,7,5,1,2,-52,0,739,8024,164,100,1,0,0 '
Received from ('fd00::200:0:0:8', 8765, 0, 0): b' 2864,8,4,768,0,683,6,21,7,1,2,-52,4,1496,14173,185,100,1,0,0 '
Received from ('fd00::200:0:0:e', 8765, 0, 0): b' 2865,14,11,1280,0,687,7,4,7,1,2,-70,0,318,4325,179,100,1,0,0 '
Received from ('fd00::200:0:0:11', 8765, 0, 0): b' 2864,17,13,1280,0,644,8,6,7,1,3,-52,1,842,8837,169,100,2,0,0 '
Received from ('fd00::200:0:0:3', 8765, 0, 0): b' 2867,3,1,512,0,692,8,3,7,1,2,-64,1,669,10570,187,100,2,0,0 '
Received from ('fd00::200:0:0:2', 8765, 0, 0): b' 2868,2,1,512,0,636,8,1,6,1,1,-88,9,1466,13136,192,100,2,0,0 '
Received from ('fd00::200:0:0:a', 8765, 0, 0): b' 2866,10,6,1024,0,180,5,4,7,1,3,-52,0,811,10019,64,100,2,0,0 '
Received from ('fd00::200:0:0:f', 8765, 0, 0): b' 2867,15,7,1024,0,616,8,18,7,1,3,-95,4,3322,28615,179,100,2,0,0 '
Received from ('fd00::200:0:0:d', 8765, 0, 0): b' 2866,13,8,1024,10,219,5,7,7,1,2,-70,2,1281,9754,77,100,2,1,5 '
Received from ('fd00::200:0:0:7', 8765, 0, 0): b' 2866,7,4,768,0,658,6,22,7,1,2,-70,7,2591,16756,185,100,2,0,0 '
Received from ('fd00::200:0:0:13', 8765, 0, 0): b' 2867,19,15,1280,0,662,6,4,7,1,1,-52,0,639,4987,179,100,1,0,0 '
Received from ('fd00::200:0:0:b', 8765, 0, 0): b' 2868,11,7,1024,0,717,4,15,7,1,1,-52,1,859,10987,183,100,1,0,0 '
Received from ('fd00::200:0:0:c', 8765, 0, 0): b' 2868,12,8,1024,0,129,2,4,7,1,1,-52,0,630,7620,60,100,1,0,0 '
Received from ('fd00::200:0:0:5', 8765, 0, 0): b' 2870,5,1,512,0,659,8,1,6,1,1,-94,2,1061,11778,191,100,2,0,0 '
Received from ('fd00::200:0:0:14', 8765, 0, 0): b' 2868,20,15,1280,0,648,7,6,7,1,2,-70,0,581,8567,170,100,1,0,0 '
Received from ('fd00::200:0:0:9', 8765, 0, 0): b' 2871,9,5,768,0,242,5,4,7,1,3,-52,0,687,7800,74,100,1,0,0 '
Received from ('fd00::200:0:0:11', 8765, 0, 0): b' 2869,17,13,1280,0,646,8,6,7,1,3,-52,1,654,6196,169,100,0,0,0 '
Received from ('fd00::200:0:0:d', 8765, 0, 0): b' 2870,13,8,1024,10,220,5,7,7,1,2,-70,2,744,6812,77,100,0,1,5 '
Received from ('fd00::200:0:0:15', 8765, 0, 0): b' 2871,21,17,1536,0,662,5,7,5,1,2,-52,0,663,6439,165,100,1,0,0 '
Received from ('fd00::200:0:0:1', 5678, 0, 0): b' 2873,1,0,256,0,12,0,0,4,0,0,0,10,2173,25345,3386,100,1,0,0 '
Received from ('fd00::200:0:0:6', 8765, 0, 0): b' 2872,6,2,768,10,241,5,2,7,1,2,-52,1,1268,14684,85,100,2,1,5 '
Received from ('fd00::200:0:0:13', 8765, 0, 0): b' 2872,19,15,1280,0,664,6,4,7,1,1,-52,0,403,5035,179,100,0,0,0 '
Received from ('fd00::200:0:0:4', 8765, 0, 0): b' 2873,4,1,512,10,640,8,2,7,2,1,-66,10,4902,25184,190,100,2,0,0 '
Received from ('fd00::200:0:0:a', 8765, 0, 0): b' 2872,10,6,1024,10,184,6,4,7,1,3,-52,0,793,8410,64,100,1,0,0 '
Received from ('fd00::200:0:0:e', 8765, 0, 0): b' 2872,14,11,1280,10,688,7,4,7,1,2,-70,0,393,6442,179,100,1,0,0 '
Received from ('fd00::200:0:0:8', 8765, 0, 0): b' 2874,8,4,768,0,685,6,21,7,1,2,-52,4,2131,17941,185,100,2,0,0 '
Received from ('fd00::200:0:0:12', 8765, 0, 0): b' 2873,18,15,1280,0,671,4,4,5,1,1,-70,2,878,10490,178,100,2,0,0 '
Received from ('fd00::200:0:0:10', 8765, 0, 0): b' 2874,16,15,1280,0,669,12,15,7,1,6,-52,0,703,9709,169,100,2,0,0 '
Received from ('fd00::200:0:0:7', 8765, 0, 0): b' 2875,7,4,768,0,658,6,22,7,1,2,-70,7,1948,16116,186,100,1,0,0 '
Received from ('fd00::200:0:0:14', 8765, 0, 0): b' 2875,20,15,1280,10,650,7,6,7,1,2,-70,0,667,6878,170,100,2,0,0 '
Received from ('fd00::200:0:0:b', 8765, 0, 0): b' 2876,11,7,1024,0,720,4,15,7,1,1,-52,1,1024,11932,183,100,2,0,0 '
Received from ('fd00::200:0:0:3', 8765, 0, 0): b' 2877,3,1,512,0,695,8,3,7,1,2,-64,1,825,12532,188,100,2,0,0 '
Received from ('fd00::200:0:0:5', 8765, 0, 0): b' 2877,5,1,512,0,660,8,1,6,1,1,-94,2,839,11672,192,100,1,0,0 '
Received from ('fd00::200:0:0:c', 8765, 0, 0): b' 2877,12,8,1024,0,131,2,4,7,1,1,-52,0,675,7907,61,100,2,0,0 '
Received from ('fd00::200:0:0:9', 8765, 0, 0): b' 2878,9,5,768,0,246,5,4,7,1,3,-52,0,831,9634,74,100,2,0,0 '
Received from ('fd00::200:0:0:12', 8765, 0, 0): b' 2877,18,15,1280,0,673,4,4,5,1,1,-70,2,370,4021,178,100,1,0,0 '
Received from ('fd00::200:0:0:1', 5678, 0, 0): b' 2879,1,0,256,0,12,0,0,4,0,0,0,10,1786,17582,3395,100,2,0,0 '
Received from ('fd00::200:0:0:11', 8765, 0, 0): b' 2879,17,13,1280,0,650,8,6,7,1,3,-52,1,1241,11047,170,100,2,0,0 '
Received from ('fd00::200:0:0:2', 8765, 0, 0): b' 2879,2,1,512,0,637,8,1,6,1,1,-88,9,1652,19079,192,100,2,0,0 '
Received from ('fd00::200:0:0:f', 8765, 0, 0): b' 2878,15,7,1024,0,616,8,18,7,1,3,-95,4,2819,27002,180,100,2,0,0 '
Received from ('fd00::200:0:0:d', 8765, 0, 0): b' 2879,13,8,1024,0,221,5,7,7,1,2,-70,2,1084,10381,77,100,2,1,5 '
Received from ('fd00::200:0:0:10', 8765, 0, 0): b' 2879,16,15,1280,0,670,12,15,7,1,6,-52,0,395,5074,169,100,1,0,0 '
Received from ('fd00::200:0:0:6', 8765, 0, 0): b' 2881,6,2,768,0,243,5,2,7,1,2,-52,1,1019,13003,85,100,1,1,5 '
Received from ('fd00::200:0:0:8', 8765, 0, 0): b' 2881,8,4,768,0,687,6,21,7,1,2,-52,4,1420,13031,186,100,1,0,0 '
Received from ('fd00::200:0:0:5', 8765, 0, 0): b' 2881,5,1,512,0,661,8,1,6,1,1,-94,2,533,6528,192,100,0,0,0 '
Received from ('fd00::200:0:0:b', 8765, 0, 0): b' 2880,11,7,1024,10,723,4,15,7,1,1,-52,1,778,7833,184,100,0,0,0 '
Received from ('fd00::200:0:0:15', 8765, 0, 0): b' 2880,21,17,1536,0,665,5,7,5,1,2,-52,0,752,9642,165,100,2,0,0 '
Received from ('fd00::200:0:0:e', 8765, 0, 0): b' 2880,14,11,1280,0,689,7,4,7,1,2,-70,0,474,7378,180,100,1,0,0 '
Received from ('fd00::200:0:0:c', 8765, 0, 0): b' 2881,12,8,1024,0,132,2,4,7,1,1,-52,0,367,4288,61,100,1,0,0 '
Received from ('fd00::200:0:0:9', 8765, 0, 0): b' 2882,9,5,768,0,248,5,4,7,1,3,-52,0,472,5228,74,100,1,1,5 '
Received from ('fd00::200:0:0:7', 8765, 0, 0): b' 2884,7,4,768,30,658,6,22,7,1,2,-70,7,2453,17776,187,100,1,0,0 '
Received from ('fd00::200:0:0:a', 8765, 0, 0): b' 2881,10,6,1024,0,185,6,4,7,1,3,-52,0,632,11148,65,100,1,0,0 '
Received from ('fd00::200:0:0:14', 8765, 0, 0): b' 2881,20,15,1280,0,650,7,6,7,1,2,-70,0,367,5876,171,100,1,0,0 '
Received from ('fd00::200:0:0:12', 8765, 0, 0): b' 2881,18,15,1280,0,673,4,4,5,1,1,-70,2,262,3749,178,100,1,0,0 '
Received from ('fd00::200:0:0:13', 8765, 0, 0): b' 2881,19,15,1280,10,667,6,4,7,1,1,-52,0,728,8462,180,100,1,0,0 '
Received from ('fd00::200:0:0:4', 8765, 0, 0): b' 2885,4,1,512,0,643,8,2,7,2,1,-66,10,5847,30794,191,100,2,0,0 '
Received from ('fd00::200:0:0:10', 8765, 0, 0): b' 2883,16,15,1280,0,671,12,15,7,1,6,-52,0,371,4098,169,100,1,0,0 '
Received from ('fd00::200:0:0:5', 8765, 0, 0): b' 2886,5,1,512,0,662,8,1,6,1,1,-94,2,600,7071,192,100,1,0,0 '
Received from ('fd00::200:0:0:b', 8765, 0, 0): b' 2886,11,7,1024,0,723,4,15,7,1,1,-52,1,553,7979,184,100,1,0,0 '
Received from ('fd00::200:0:0:d', 8765, 0, 0): b' 2886,13,8,1024,0,222,5,7,7,1,2,-70,2,892,9244,78,100,1,1,5 '
Received from ('fd00::200:0:0:1', 5678, 0, 0): b' 2887,1,0,256,0,12,0,0,4,0,0,0,10,1686,19465,3404,100,1,0,0 '
Received from ('fd00::200:0:0:13', 8765, 0, 0): b' 2885,19,15,1280,20,669,6,4,7,1,1,-52,0,426,4301,180,100,1,0,0 '
Received from ('fd00::200:0:0:2', 8765, 0, 0): b' 2887,2,1,512,10,637,8,1,6,1,1,-88,9,891,11630,193,100,1,0,0 '
Received from ('fd00::200:0:0:11', 8765, 0, 0): b' 2886,17,13,1280,0,653,8,6,7,1,3,-52,1,1020,10227,170,100,1,0,0 '
Received from ('fd00::200:0:0:f', 8765, 0, 0): b' 2888,15,7,1024,10,618,8,18,7,1,3,-95,4,2409,19111,180,100,1,0,0 '
Received from ('fd00::200:0:0:15', 8765, 0, 0): b' 2886,21,17,1536,0,667,5,7,5,1,2,-52,0,556,6019,166,100,1,0,0 '
Received from ('fd00::200:0:0:c', 8765, 0, 0): b' 2888,12,8,1024,0,136,2,4,7,1,1,-52,0,768,6753,62,100,1,0,0 '
Received from ('fd00::200:0:0:8', 8765, 0, 0): b' 2888,8,4,768,0,690,6,21,7,1,2,-52,4,2088,16714,186,100,1,0,0 '
Received from ('fd00::200:0:0:3', 8765, 0, 0): b' 2889,3,1,512,10,699,8,3,7,1,2,-64,1,881,14525,189,100,2,0,0 '
Received from ('fd00::200:0:0:10', 8765, 0, 0): b' 2891,16,15,1280,0,674,12,15,7,1,6,-52,0,568,5995,170,100,0,0,0 '
Received from ('fd00::200:0:0:6', 8765, 0, 0): b' 2891,6,2,768,0,247,5,2,7,1,2,-52,1,1346,16369,86,100,2,1,5 '
Received from ('fd00::200:0:0:e', 8765, 0, 0): b' 2890,14,11,1280,10,693,7,4,7,1,2,-70,0,859,10118,180,100,2,0,0 '
Received from ('fd00::200:0:0:12', 8765, 0, 0): b' 2893,18,15,1280,0,675,4,4,5,1,1,-70,2,701,9179,179,100,2,0,0 '
Received from ('fd00::200:0:0:9', 8765, 0, 0): b' 2892,9,5,768,0,250,5,4,7,1,3,-52,0,544,11979,74,100,1,1,5 '
Received from ('fd00::200:0:0:11', 8765, 0, 0): b' 2892,17,13,1280,10,655,8,6,7,1,3,-52,1,856,8134,171,100,1,0,0 '
Received from ('fd00::200:0:0:5', 8765, 0, 0): b' 2893,5,1,512,0,665,8,1,6,1,1,-94,2,1092,11090,193,100,2,0,0 '
Received from ('fd00::200:0:0:13', 8765, 0, 0): b' 2893,19,15,1280,10,673,6,4,7,1,1,-52,0,822,6889,180,100,1,0,0 '
Received from ('fd00::200:0:0:2', 8765, 0, 0): b' 2893,2,1,512,0,638,8,1,6,1,1,-88,9,1026,10800,193,100,1,0,0 '
Received from ('fd00::200:0:0:d', 8765, 0, 0): b' 2893,13,8,1024,0,225,5,7,7,1,2,-70,2,1328,9946,78,100,1,1,5 '
Received from ('fd00::200:0:0:4', 8765, 0, 0): b' 2894,4,1,512,10,644,8,2,7,2,1,-66,10,4035,23186,192,100,1,0,0 '
Received from ('fd00::200:0:0:b', 8765, 0, 0): b' 2893,11,7,1024,20,723,4,15,7,1,1,-52,1,679,9824,185,100,2,0,0 '
Received from ('fd00::200:0:0:7', 8765, 0, 0): b' 2894,7,4,768,30,663,6,22,7,1,2,-70,7,3356,23080,187,100,2,0,0 '
Received from ('fd00::200:0:0:14', 8765, 0, 0): b' 2894,20,15,1280,0,652,7,6,7,1,2,-70,0,645,10391,171,100,2,0,0 '
Received from ('fd00::200:0:0:a', 8765, 0, 0): b' 2893,10,6,1024,10,189,6,4,7,1,3,-52,0,1050,13726,66,100,2,0,0 '
Received from ('fd00::200:0:0:f', 8765, 0, 0): b' 2895,15,7,1024,0,618,8,18,7,1,3,-95,4,1717,15890,181,100,2,0,0 '
Received from ('fd00::200:0:0:8', 8765, 0, 0): b' 2895,8,4,768,0,692,6,21,7,1,2,-52,4,1399,13371,187,100,1,0,0 '
Received from ('fd00::200:0:0:12', 8765, 0, 0): b' 2897,18,15,1280,0,676,4,4,5,1,1,-70,2,272,4044,179,100,0,0,0 '
Received from ('fd00::200:0:0:10', 8765, 0, 0): b' 2897,16,15,1280,0,674,12,15,7,1,6,-52,0,385,5968,170,100,2,0,0 '
Received from ('fd00::200:0:0:1', 5678, 0, 0): b' 2898,1,0,256,0,12,0,0,4,0,0,0,10,2943,30055,3420,100,2,0,0 '
Received from ('fd00::200:0:0:c', 8765, 0, 0): b' 2896,12,8,1024,10,139,2,5,7,1,1,-52,0,671,8509,62,100,3,0,0 '
Received from ('fd00::200:0:0:6', 8765, 0, 0): b' 2898,6,2,768,0,249,5,2,7,1,2,-52,1,1068,11290,86,100,2,1,5 '
Received from ('fd00::200:0:0:15', 8765, 0, 0): b' 2898,21,17,1536,0,671,5,7,5,1,2,-52,0,859,10283,166,100,2,0,0 '
Received from ('fd00::200:0:0:a', 8765, 0, 0): b' 2897,10,6,1024,0,190,6,4,7,1,3,-52,0,394,5203,66,100,1,0,0 '
Received from ('fd00::200:0:0:4', 8765, 0, 0): b' 2899,4,1,512,0,644,8,2,7,2,1,-66,10,2396,13328,192,100,1,0,0 '
Received from ('fd00::200:0:0:2', 8765, 0, 0): b' 2899,2,1,512,0,639,8,1,6,1,1,-88,9,1104,10164,194,100,1,0,0 '
Received from ('fd00::200:0:0:9', 8765, 0, 0): b' 2898,9,5,768,0,251,5,4,7,1,3,-52,0,571,8146,75,100,2,1,5 '
Received from ('fd00::200:0:0:3', 8765, 0, 0): b' 2899,3,1,512,0,702,8,3,7,1,2,-64,1,896,13075,189,100,2,0,0 '
Received from ('fd00::200:0:0:14', 8765, 0, 0): b' 2900,20,15,1280,0,652,7,6,7,1,2,-70,0,343,5983,172,100,1,0,0 '
Received from ('fd00::200:0:0:8', 8765, 0, 0): b' 2900,8,4,768,0,693,6,21,7,1,2,-52,4,1028,9392,187,100,1,0,0 '
Received from ('fd00::200:0:0:7', 8765, 0, 0): b' 2900,7,4,768,10,665,6,22,7,1,2,-70,7,2166,14607,188,100,1,0,0 '
Received from ('fd00::200:0:0:13', 8765, 0, 0): b' 2900,19,15,1280,0,674,6,4,7,1,1,-52,0,474,6641,181,100,1,0,0 '
Received from ('fd00::200:0:0:e', 8765, 0, 0): b' 2901,14,11,1280,0,695,7,4,7,1,2,-70,0,703,8707,181,100,2,0,0 '
Received from ('fd00::200:0:0:d', 8765, 0, 0): b' 2901,13,8,1024,0,226,5,7,7,1,2,-70,2,985,11077,79,100,2,1,5 '
Received from ('fd00::200:0:0:12', 8765, 0, 0): b' 2901,18,15,1280,10,677,4,4,5,1,1,-70,2,369,4216,180,100,1,0,0 '
Received from ('fd00::200:0:0:a', 8765, 0, 0): b' 2901,10,6,1024,10,192,6,4,7,1,3,-52,0,450,4901,66,100,1,0,0 '
Received from ('fd00::200:0:0:5', 8765, 0, 0): b' 2903,5,1,512,0,668,8,1,6,1,1,-94,2,1142,15390,193,100,1,0,0 '
Received from ('fd00::200:0:0:1', 5678, 0, 0): b' 2903,1,0,256,0,12,0,0,4,0,0,0,10,1184,13892,3425,100,1,0,0 '
Received from ('fd00::200:0:0:c', 8765, 0, 0): b' 2904,12,8,1024,0,140,3,5,7,1,1,-52,0,635,7248,63,100,1,0,0 '
Received from ('fd00::200:0:0:2', 8765, 0, 0): b' 2904,2,1,512,10,641,8,1,6,1,1,-88,9,662,7688,194,100,1,0,0 '
Received from ('fd00::200:0:0:b', 8765, 0, 0): b' 2904,11,7,1024,0,726,4,15,7,1,1,-52,1,1332,18051,185,100,2,0,0 '
Received from ('fd00::200:0:0:6', 8765, 0, 0): b' 2904,6,2,768,0,249,5,2,7,1,2,-52,1,813,9820,87,100,1,1,5 '
Received from ('fd00::200:0:0:11', 8765, 0, 0): b' 2904,17,13,1280,0,657,8,6,7,1,3,-52,1,1489,15464,171,100,2,0,0 '
Received from ('fd00::200:0:0:4', 8765, 0, 0): b' 2905,4,1,512,0,644,8,2,7,2,1,-66,10,2582,14966,192,100,1,0,0 '
Received from ('fd00::200:0:0:f', 8765, 0, 0): b' 2905,15,7,1024,0,621,8,18,7,1,3,-95,4,2782,26510,181,100,1,0,0 '
Received from ('fd00::200:0:0:13', 8765, 0, 0): b' 2906,19,15,1280,0,676,6,4,7,1,1,-52,0,597,5586,181,100,2,0,0 '
Received from ('fd00::200:0:0:12', 8765, 0, 0): b' 2907,18,15,1280,0,679,4,4,5,1,1,-70,2,581,7005,180,100,1,0,0 '
Received from ('fd00::200:0:0:8', 8765, 0, 0): b' 2908,8,4,768,0,693,6,21,7,1,2,-52,4,1661,16124,188,100,2,0,0 '
Received from ('fd00::200:0:0:15', 8765, 0, 0): b' 2908,21,17,1536,0,672,6,7,5,1,2,-52,0,675,9691,167,100,2,0,0 '
Received from ('fd00::200:0:0:9', 8765, 0, 0): b' 2907,9,5,768,0,252,5,4,7,1,3,-52,0,437,10984,75,100,1,1,5 '
Received from ('fd00::200:0:0:10', 8765, 0, 0): b' 2909,16,15,1280,0,678,12,15,7,1,6,-52,0,941,11843,171,100,2,0,0 '
Received from ('fd00::200:0:0:e', 8765, 0, 0): b' 2907,14,11,1280,10,697,7,4,7,1,2,-70,0,524,7122,182,100,1,0,0 '
Received from ('fd00::200:0:0:14', 8765, 0, 0): b' 2908,20,15,1280,0,654,7,6,7,1,2,-70,0,548,8557,172,100,1,0,0 '
Received from ('fd00::200:0:0:3', 8765, 0, 0): b' 2911,3,1,512,0,705,8,3,7,1,2,-64,1,825,12978,190,100,2,0,0 '
Received from ('fd00::200:0:0:d', 8765, 0, 0): b' 2909,13,8,1024,0,229,5,7,7,1,2,-70,2,1253,11409,79,100,1,1,5 '
Received from ('fd00::200:0:0:b', 8765, 0, 0): b' 2911,11,7,1024,0,727,4,15,7,1,1,-52,1,843,9254,186,100,1,0,0 '
Received from ('fd00::200:0:0:1', 5678, 0, 0): b' 2910,1,0,256,0,12,0,0,4,0,0,0,10,1890,20359,3434,100,1,0,0 '
Received from ('fd00::200:0:0:7', 8765, 0, 0): b' 2911,7,4,768,10,668,6,22,7,1,2,-70,7,3425,23614,188,100,2,0,0 '
Received from ('fd00::200:0:0:2', 8765, 0, 0): b' 2911,2,1,512,0,642,8,1,6,1,1,-88,9,1181,11483,194,100,2,0,0 '
Received from ('fd00::200:0:0:13', 8765, 0, 0): b' 2912,19,15,1280,0,678,6,4,7,1,1,-52,0,580,7373,182,100,1,0,0 '
Received from ('fd00::200:0:0:15', 8765, 0, 0): b' 2913,21,17,1536,0,673,6,7,5,1,2,-52,0,393,4852,167,100,1,0,0 '
Received from ('fd00::200:0:0:5', 8765, 0, 0): b' 2914,5,1,512,0,671,8,1,6,1,1,-94,2,1344,17097,194,100,2,0,0 '
Received from ('fd00::200:0:0:4', 8765, 0, 0): b' 2914,4,1,512,10,647,8,2,7,2,1,-66,10,4230,23618,193,100,2,0,0 '
Received from ('fd00::200:0:0:e', 8765, 0, 0): b' 2913,14,11,1280,0,700,7,4,7,1,2,-70,0,664,6159,182,100,1,0,0 '
Received from ('fd00::200:0:0:a', 8765, 0, 0): b' 2913,10,6,1024,0,196,6,4,7,1,3,-52,0,1074,14478,67,100,2,0,0 '
Received from ('fd00::200:0:0:c', 8765, 0, 0): b' 2914,12,8,1024,0,141,3,5,7,1,1,-52,0,439,8613,63,100,1,0,0 '
Received from ('fd00::200:0:0:6', 8765, 0, 0): b' 2914,6,2,768,0,249,5,2,7,1,2,-52,1,888,14820,87,100,1,1,5 '
Received from ('fd00::200:0:0:f', 8765, 0, 0): b' 2915,15,7,1024,10,623,8,18,7,1,3,-95,4,2370,22491,182,100,2,0,0 '
Received from ('fd00::200:0:0:11', 8765, 0, 0): b' 2915,17,13,1280,0,658,8,6,7,1,3,-52,1,1217,13853,172,100,2,0,0 '
Received from ('fd00::200:0:0:14', 8765, 0, 0): b' 2914,20,15,1280,0,657,7,6,7,1,2,-70,0,663,6609,173,100,1,0,0 '
Received from ('fd00::200:0:0:2', 8765, 0, 0): b' 2916,2,1,512,10,644,8,1,6,1,1,-88,9,842,7415,195,100,0,0,0 '
Received from ('fd00::200:0:0:10', 8765, 0, 0): b' 2916,16,15,1280,0,680,12,15,7,1,6,-52,0,503,6521,171,100,1,0,0 '
Received from ('fd00::200:0:0:12', 8765, 0, 0): b' 2918,18,15,1280,0,680,4,4,5,1,1,-70,2,594,9321,181,100,2,0,0 '
Received from ('fd00::200:0:0:8', 8765, 0, 0): b' 2918,8,4,768,0,696,6,21,7,1,2,-52,4,2280,20574,188,100,2,0,0 '
Received from ('fd00::200:0:0:3', 8765, 0, 0): b' 2919,3,1,512,0,707,8,3,7,1,2,-64,1,522,9790,190,100,1,0,0 '
Received from ('fd00::200:0:0:d', 8765, 0, 0): b' 2918,13,8,1024,0,231,5,7,7,1,2,-70,2,1276,11572,80,100,2,1,5 '
Received from ('fd00::200:0:0:7', 8765, 0, 0): b' 2919,7,4,768,10,668,6,22,7,1,2,-70,7,2053,16027,189,100,2,0,0 '
Received from ('fd00::200:0:0:13', 8765, 0, 0): b' 2919,19,15,1280,0,679,6,4,7,1,1,-52,0,369,4934,182,100,1,0,0 '
Received from ('fd00::200:0:0:b', 8765, 0, 0): b' 2920,11,7,1024,0,730,4,15,7,1,1,-52,1,1034,13703,186,100,1,0,0 '
Received from ('fd00::200:0:0:5', 8765, 0, 0): b' 2919,5,1,512,0,672,8,1,6,1,1,-94,2,448,8433,194,100,1,0,0 '
Received from ('fd00::200:0:0:9', 8765, 0, 0): b' 2920,9,5,768,0,252,5,4,7,1,3,-52,0,512,12975,76,100,2,1,5 '
Received from ('fd00::200:0:0:11', 8765, 0, 0): b' 2920,17,13,1280,0,660,8,6,7,1,3,-52,1,562,6471,172,100,1,0,0 '
Received from ('fd00::200:0:0:12', 8765, 0, 0): b' 2922,18,15,1280,0,681,4,4,5,1,1,-70,2,369,3949,181,100,1,0,0 '
Received from ('fd00::200:0:0:15', 8765, 0, 0): b' 2920,21,17,1536,10,674,6,7,5,1,2,-52,0,449,6841,168,100,1,0,0 '
Received from ('fd00::200:0:0:1', 5678, 0, 0): b' 2922,1,0,256,0,12,0,0,4,0,0,0,10,2999,31402,3451,100,3,0,0 '
Received from ('fd00::200:0:0:14', 8765, 0, 0): b' 2923,20,15,1280,10,658,7,6,7,1,2,-70,0,490,6769,173,100,2,0,0 '
Received from ('fd00::200:0:0:c', 8765, 0, 0): b' 2922,12,8,1024,10,147,3,5,7,1,1,-52,0,1103,9900,64,100,2,0,0 '
Received from ('fd00::200:0:0:f', 8765, 0, 0): b' 2924,15,7,1024,0,623,8,18,7,1,3,-95,4,2331,20255,183,100,2,0,0 '
Received from ('fd00::200:0:0:6', 8765, 0, 0): b' 2923,6,2,768,0,249,5,2,7,1,2,-52,1,914,15082,88,100,2,1,5 '
Received from ('fd00::200:0:0:e', 8765, 0, 0): b' 2925,14,11,1280,0,703,7,4,7,1,2,-70,0,808,10295,183,100,2,0,0 '
Received from ('fd00::200:0:0:10', 8765, 0, 0): b' 2926,16,15,1280,0,681,12,15,7,1,6,-52,0,596,8959,172,100,2,0,0 '
Received from ('fd00::200:0:0:11', 8765, 0, 0): b' 2924,17,13,1280,0,661,8,6,7,1,3,-52,1,716,6454,173,100,1,0,0 '
Received from ('fd00::200:0:0:2', 8765, 0, 0): b' 2925,2,1,512,0,645,8,1,6,1,1,-88,9,1211,15412,195,100,2,0,0 '
Received from ('fd00::200:0:0:a', 8765, 0, 0): b' 2924,10,6,1024,0,201,6,4,7,1,3,-52,0,1182,14010,68,100,2,0,0 '
Received from ('fd00::200:0:0:4', 8765, 0, 0): b' 2926,4,1,512,0,651,8,2,7,2,1,-66,10,5668,31160,194,100,2,0,0 '
Received from ('fd00::200:0:0:8', 8765, 0, 0): b' 2927,8,4,768,10,698,6,21,7,1,2,-52,4,1842,16526,189,100,1,0,0 '
Received from ('fd00::200:0:0:3', 8765, 0, 0): b' 2928,3,1,512,0,710,8,3,7,1,2,-64,1,824,11106,191,100,2,0,0 '
Received from ('fd00::200:0:0:5', 8765, 0, 0): b' 2927,5,1,512,0,674,8,1,6,1,1,-94,2,1182,12400,195,100,2,0,0 '
Received from ('fd00::200:0:0:7', 8765, 0, 0): b' 2928,7,4,768,10,670,6,22,7,1,2,-70,7,2581,20819,190,100,1,0,0 '
Received from ('fd00::200:0:0:d', 8765, 0, 0): b' 2928,13,8,1024,10,233,5,7,7,1,2,-70,2,1399,12582,81,100,2,1,5 '
Received from ('fd00::200:0:0:9', 8765, 0, 0): b' 2929,9,5,768,0,254,5,4,7,1,3,-52,0,726,11373,77,100,2,1,5 '
Received from ('fd00::200:0:0:b', 8765, 0, 0): b' 2929,11,7,1024,0,734,4,15,7,1,1,-52,1,1362,15710,187,100,2,0,0 '
Received from ('fd00::200:0:0:c', 8765, 0, 0): b' 2930,12,8,1024,0,150,3,5,7,1,1,-52,0,631,7030,64,100,1,0,0 '
Received from ('fd00::200:0:0:12', 8765, 0, 0): b' 2929,18,15,1280,0,683,4,4,5,1,1,-70,2,524,7480,181,100,1,0,0 '
Received from ('fd00::200:0:0:6', 8765, 0, 0): b' 2930,6,2,768,0,250,5,2,7,1,2,-52,1,783,9710,89,100,2,1,5 '
Received from ('fd00::200:0:0:1', 5678, 0, 0): b' 2930,1,0,256,0,12,0,0,4,0,0,0,10,1927,20875,3462,100,1,0,0 '
Received from ('fd00::200:0:0:13', 8765, 0, 0): b' 2930,19,15,1280,0,682,6,4,7,1,1,-52,0,832,11377,183,100,2,0,0 '
Received from ('fd00::200:0:0:15', 8765, 0, 0): b' 2929,21,17,1536,0,676,6,7,5,1,2,-52,0,772,8967,169,100,2,0,0 '
Received from ('fd00::200:0:0:14', 8765, 0, 0): b' 2931,20,15,1280,0,661,7,6,7,1,2,-70,0,778,8544,174,100,1,0,0 '
Received from ('fd00::200:0:0:5', 8765, 0, 0): b' 2931,5,1,512,0,675,8,1,6,1,1,-94,2,603,6673,195,100,1,0,0 '
Received from ('fd00::200:0:0:8', 8765, 0, 0): b' 2932,8,4,768,0,699,6,21,7,1,2,-52,4,1444,12002,189,100,1,0,0 '
Received from ('fd00::200:0:0:f', 8765, 0, 0): b' 2933,15,7,1024,10,626,8,18,7,1,3,-95,4,2398,22053,183,100,1,0,0 '
Received from ('fd00::200:0:0:10', 8765, 0, 0): b' 2933,16,15,1280,10,682,12,15,7,1,6,-52,0,419,7440,173,100,1,0,0 '
Received from ('fd00::200:0:0:e', 8765, 0, 0): b' 2933,14,11,1280,0,705,7,4,7,1,2,-70,0,646,9199,183,100,2,0,0 '
Received from ('fd00::200:0:0:1', 5678, 0, 0): b' 2934,1,0,256,0,12,0,0,4,0,0,0,10,927,11008,3466,100,1,0,0 '
Received from ('fd00::200:0:0:9', 8765, 0, 0): b' 2934,9,5,768,0,254,5,4,7,1,3,-52,0,396,6904,77,100,1,1,5 '
Received from ('fd00::200:0:0:11', 8765, 0, 0): b' 2935,17,13,1280,0,664,8,6,7,1,3,-52,1,1167,13240,173,100,2,0,0 '
Received from ('fd00::200:0:0:2', 8765, 0, 0): b' 2935,2,1,512,10,648,8,1,6,1,1,-88,9,1438,15358,196,100,2,0,0 '
Received from ('fd00::200:0:0:12', 8765, 0, 0): b' 2934,18,15,1280,0,683,4,4,5,1,1,-70,2,318,4802,182,100,1,0,0 '
Received from ('fd00::200:0:0:3', 8765, 0, 0): b' 2935,3,1,512,10,712,8,3,7,1,2,-64,1,573,9838,192,100,1,0,0 '
Received from ('fd00::200:0:0:7', 8765, 0, 0): b' 2936,7,4,768,0,672,6,22,7,1,2,-70,7,2539,17484,190,100,2,0,0 '
Received from ('fd00::200:0:0:d', 8765, 0, 0): b' 2936,13,8,1024,0,236,5,7,7,1,2,-70,2,1260,11604,81,100,1,1,5 '
Received from ('fd00::200:0:0:a', 8765, 0, 0): b' 2936,10,6,1024,0,203,6,4,7,1,3,-52,0,823,13556,68,100,2,0,0 '
Received from ('fd00::200:0:0:b', 8765, 0, 0): b' 2936,11,7,1024,0,734,4,15,7,1,1,-52,1,610,10621,187,100,1,0,0 '
Received from ('fd00::200:0:0:4', 8765, 0, 0): b' 2937,4,1,512,0,654,8,2,7,2,1,-66,10,5036,27956,195,100,2,0,0 '
Received from ('fd00::200:0:0:10', 8765, 0, 0): b' 2938,16,15,1280,0,685,12,15,7,1,6,-52,0,636,4493,173,100,2,0,0 '
Received from ('fd00::200:0:0:6', 8765, 0, 0): b' 2937,6,2,768,10,252,5,2,7,1,2,-52,1,939,11212,89,100,2,1,5 '
Received from ('fd00::200:0:0:5', 8765, 0, 0): b' 2938,5,1,512,0,677,8,1,6,1,1,-94,2,834,10666,196,100,1,0,0 '
Received from ('fd00::200:0:0:c', 8765, 0, 0): b' 2938,12,8,1024,0,154,3,5,7,1,1,-52,0,959,9217,65,100,2,0,0 '
Received from ('fd00::200:0:0:1', 5678, 0, 0): b' 2939,1,0,256,0,12,0,0,4,0,0,0,10,1264,12896,3473,100,0,0,0 '
Received from ('fd00::200:0:0:f', 8765, 0, 0): b' 2940,15,7,1024,0,628,8,18,7,1,3,-95,4,1748,15766,184,100,2,0,0 '
Received from ('fd00::200:0:0:15', 8765, 0, 0): b' 2939,21,17,1536,0,677,6,7,5,1,2,-52,0,538,8892,169,100,2,0,0 '
Received from ('fd00::200:0:0:8', 8765, 0, 0): b' 2941,8,4,768,0,703,6,21,7,1,2,-52,4,2074,18728,190,100,2,0,0 '
Received from ('fd00::200:0:0:13', 8765, 0, 0): b' 2941,19,15,1280,0,684,6,4,7,1,1,-52,0,646,10019,183,100,2,0,0 '
Received from ('fd00::200:0:0:14', 8765, 0, 0): b' 2941,20,15,1280,0,665,7,6,7,1,2,-70,0,915,10250,175,100,2,0,0 '
Received from ('fd00::200:0:0:2', 8765, 0, 0): b' 2942,2,1,512,0,650,8,1,6,1,1,-88,9,1315,12347,197,100,1,0,0 '
Received from ('fd00::200:0:0:12', 8765, 0, 0): b' 2942,18,15,1280,0,685,4,4,5,1,1,-70,2,621,6995,182,100,2,0,0 '
Received from ('fd00::200:0:0:9', 8765, 0, 0): b' 2943,9,5,768,0,256,5,4,7,1,3,-52,0,604,10050,78,100,1,1,5 '
Received from ('fd00::200:0:0:7', 8765, 0, 0): b' 2943,7,4,768,0,673,6,22,7,1,2,-70,7,2171,16585,190,100,1,0,0 '
Received from ('fd00::200:0:0:6', 8765, 0, 0): b' 2943,6,2,768,0,253,5,2,7,1,2,-52,1,654,9387,89,100,1,1,5 '
Received from ('fd00::200:0:0:c', 8765, 0, 0): b' 2944,12,8,1024,0,154,3,5,7,1,1,-52,0,284,5422,65,100,1,0,0 '
Received from ('fd00::200:0:0:11', 8765, 0, 0): b' 2945,17,13,1280,0,665,8,6,7,1,3,-52,1,894,11529,174,100,2,0,0 '
Received from ('fd00::200:0:0:1', 5678, 0, 0): b' 2945,1,0,256,0,12,0,0,4,0,0,0,10,1454,16242,3482,100,1,0,0 '
Received from ('fd00::200:0:0:b', 8765, 0, 0): b' 2944,11,7,1024,0,736,4,15,7,1,1,-52,1,1094,13964,188,100,2,0,0 '
Received from ('fd00::200:0:0:3', 8765, 0, 0): b' 2945,3,1,512,0,716,8,3,7,1,2,-64,1,881,12345,192,100,2,0,0 '
Received from ('fd00::200:0:0:d', 8765, 0, 0): b' 2945,13,8,1024,10,237,5,7,7,1,2,-70,2,985,11656,82,100,2,1,5 '
Received from ('fd00::200:0:0:e', 8765, 0, 0): b' 2945,14,11,1280,0,708,7,4,7,1,2,-70,0,878,10503,184,100,2,0,0 '
Received from ('fd00::200:0:0:4', 8765, 0, 0): b' 2946,4,1,512,10,656,8,2,7,2,1,-66,10,4318,24793,195,100,2,0,0 '
Received from ('fd00::200:0:0:10', 8765, 0, 0): b' 2946,16,15,1280,0,688,12,15,7,1,6,-52,0,754,8800,173,100,2,0,0 '
Received from ('fd00::200:0:0:15', 8765, 0, 0): b' 2946,21,17,1536,0,678,6,7,5,1,2,-52,0,449,5983,170,100,1,0,0 '
Received from ('fd00::200:0:0:14', 8765, 0, 0): b' 2947,20,15,1280,0,667,7,6,7,1,2,-70,0,501,5784,175,100,1,0,0 '
Received from ('fd00::200:0:0:5', 8765, 0, 0): b' 2948,5,1,512,0,678,8,1,6,1,1,-94,2,984,15040,196,100,1,0,0 '
Received from ('fd00::200:0:0:a', 8765, 0, 0): b' 2947,10,6,1024,10,206,6,4,7,1,3,-52,0,752,14070,69,100,2,0,0 '
Received from ('fd00::200:0:0:f', 8765, 0, 0): b' 2949,15,7,1024,10,631,8,18,7,1,3,-95,4,2473,20732,184,100,1,0,0 '
Received from ('fd00::200:0:0:6', 8765, 0, 0): b' 2948,6,2,768,0,253,5,2,7,1,2,-52,1,608,7994,90,100,1,1,5 '
Received from ('fd00::200:0:0:7', 8765, 0, 0): b' 2949,7,4,768,0,674,6,22,7,1,2,-70,7,1630,12826,191,100,1,0,0 '
Received from ('fd00::200:0:0:8', 8765, 0, 0): b' 2949,8,4,768,0,705,6,21,7,1,2,-52,4,1726,16037,190,100,1,0,0 '
Received from ('fd00::200:0:0:3', 8765, 0, 0): b' 2950,3,1,512,0,716,8,3,7,1,2,-64,1,335,5549,193,100,1,0,0 '
Received from ('fd00::200:0:0:12', 8765, 0, 0): b' 2949,18,15,1280,0,688,4,4,5,1,1,-70,2,687,7079,183,100,1,0,0 '
Received from ('fd00::200:0:0:e', 8765, 0, 0): b' 2950,14,11,1280,0,709,7,4,7,1,2,-70,0,394,5207,184,100,1,0,0 '
Received from ('fd00::200:0:0:d', 8765, 0, 0): b' 2951,13,8,1024,10,238,5,7,7,1,2,-70,2,907,7916,82,100,1,1,5 '
Received from ('fd00::200:0:0:10', 8765, 0, 0): b' 2951,16,15,1280,0,689,12,15,7,1,6,-52,0,330,4508,174,100,0,0,0 '
Received from ('fd00::200:0:0:2', 8765, 0, 0): b' 2951,2,1,512,0,656,8,1,6,1,1,-88,9,1900,15097,197,100,2,0,0 '
Received from ('fd00::200:0:0:4', 8765, 0, 0): b' 2951,4,1,512,20,658,8,2,7,2,1,-66,10,2524,13239,196,100,1,0,0 '
Received from ('fd00::200:0:0:13', 8765, 0, 0): b' 2951,19,15,1280,10,687,6,4,7,1,1,-52,0,809,9925,184,100,2,0,0 '
Received from ('fd00::200:0:0:15', 8765, 0, 0): b' 2951,21,17,1536,10,681,6,7,5,1,2,-52,0,583,4863,170,100,1,0,0 '
Received from ('fd00::200:0:0:9', 8765, 0, 0): b' 2952,9,5,768,10,257,5,4,7,1,3,-52,0,511,10868,78,100,2,1,5 '
Received from ('fd00::200:0:0:b', 8765, 0, 0): b' 2953,11,7,1024,0,738,4,15,7,1,1,-52,1,1003,13494,188,100,1,0,0 '
Received from ('fd00::200:0:0:8', 8765, 0, 0): b' 2954,8,4,768,10,706,6,21,7,1,2,-52,4,1023,9273,191,100,1,0,0 '
Received from ('fd00::200:0:0:11', 8765, 0, 0): b' 2953,17,13,1280,0,667,8,6,7,1,3,-52,1,1231,12255,175,100,1,0,0 '
Received from ('fd00::200:0:0:1', 5678, 0, 0): b' 2954,1,0,256,0,12,0,0,4,0,0,0,10,2362,24915,3492,100,2,0,0 '
Received from ('fd00::200:0:0:14', 8765, 0, 0): b' 2955,20,15,1280,10,673,7,6,7,1,2,-70,0,1025,7997,175,100,2,0,0 '
Received from ('fd00::200:0:0:c', 8765, 0, 0): b' 2956,12,8,1024,0,157,3,5,7,1,1,-52,0,830,10953,66,100,2,0,0 '
Received from ('fd00::200:0:0:a', 8765, 0, 0): b' 2954,10,6,1024,0,209,6,4,7,1,3,-52,0,930,9896,70,100,1,0,0 '
Received from ('fd00::200:0:0:e', 8765, 0, 0): b' 2956,14,11,1280,0,710,7,4,7,1,2,-70,0,449,5309,185,100,1,0,0 '
Received from ('fd00::200:0:0:5', 8765, 0, 0): b' 2956,5,1,512,0,678,8,1,6,1,1,-94,2,886,12568,197,100,2,0,0 '
Received from ('fd00::200:0:0:4', 8765, 0, 0): b' 2957,4,1,512,0,659,8,2,7,2,1,-66,10,2520,14358,196,100,1,0,0 '
Received from ('fd00::200:0:0:7', 8765, 0, 0): b' 2957,7,4,768,0,674,6,22,7,1,2,-70,7,2445,17958,191,100,2,0,0 '
Received from ('fd00::200:0:0:13', 8765, 0, 0): b' 2957,19,15,1280,10,687,6,4,7,1,1,-52,0,413,5911,185,100,1,0,0 '
Received from ('fd00::200:0:0:15', 8765, 0, 0): b' 2958,21,17,1536,0,682,6,7,5,1,2,-52,0,418,5988,170,100,1,0,0 '
Received from ('fd00::200:0:0:10', 8765, 0, 0): b' 2958,16,15,1280,0,691,12,15,7,1,6,-52,0,599,6389,174,100,2,0,0 '
Received from ('fd00::200:0:0:1', 5678, 0, 0): b' 2958,1,0,256,0,12,0,0,4,0,0,0,10,1083,11208,3499,100,1,0,0 '
Received from ('fd00::200:0:0:9', 8765, 0, 0): b' 2958,9,5,768,0,260,5,4,7,1,3,-52,0,713,8311,79,100,1,1,5 '
Received from ('fd00::200:0:0:6', 8765, 0, 0): b' 2959,6,2,768,10,256,5,2,7,1,2,-52,1,1330,16503,90,100,2,1,5 '
Received from ('fd00::200:0:0:f', 8765, 0, 0): b' 2959,15,7,1024,0,634,8,18,7,1,3,-95,4,3139,26803,185,100,2,0,0 '
Received from ('fd00::200:0:0:12', 8765, 0, 0): b' 2959,18,15,1280,0,690,4,4,5,1,1,-70,2,645,9613,183,100,2,0,0 '
Received from ('fd00::200:0:0:14', 8765, 0, 0): b' 2960,20,15,1280,0,674,7,6,7,1,2,-70,0,451,5458,176,100,1,0,0 '
Received from ('fd00::200:0:0:8', 8765, 0, 0): b' 2961,8,4,768,0,708,6,21,7,1,2,-52,4,1425,14406,191,100,1,0,0 '
Received from ('fd00::200:0:0:d', 8765, 0, 0): b' 2961,13,8,1024,0,240,5,7,7,1,2,-70,2,1576,14144,83,100,2,1,5 '
Received from ('fd00::200:0:0:3', 8765, 0, 0): b' 2962,3,1,512,0,717,8,3,7,1,2,-64,1,559,13512,193,100,2,0,0 '
Received from ('fd00::200:0:0:5', 8765, 0, 0): b' 2961,5,1,512,0,678,8,1,6,1,1,-94,2,604,7697,197,100,1,0,0 '
Received from ('fd00::200:0:0:e', 8765, 0, 0): b' 2961,14,11,1280,0,711,7,4,7,1,2,-70,0,369,4748,185,100,1,0,0 '
Received from ('fd00::200:0:0:b', 8765, 0, 0): b' 2961,11,7,1024,0,740,4,15,7,1,1,-52,1,1276,13354,189,100,2,0,0 '
Received from ('fd00::200:0:0:2', 8765, 0, 0): b' 2962,2,1,512,0,660,8,1,6,1,1,-88,9,1725,17797,198,100,2,0,0 '
Received from ('fd00::200:0:0:10', 8765, 0, 0): b' 2963,16,15,1280,0,692,12,15,7,1,6,-52,0,395,4945,174,100,1,0,0 '
Received from ('fd00::200:0:0:4', 8765, 0, 0): b' 2963,4,1,512,0,661,8,2,7,2,1,-66,10,3094,15794,196,100,1,0,0 '
Received from ('fd00::200:0:0:9', 8765, 0, 0): b' 2963,9,5,768,0,260,5,4,7,1,3,-52,0,258,5082,79,100,1,1,5 '
Received from ('fd00::200:0:0:11', 8765, 0, 0): b' 2963,17,13,1280,0,669,8,6,7,1,3,-52,1,1090,12142,175,100,2,0,0 '
Received from ('fd00::200:0:0:a', 8765, 0, 0): b' 2963,10,6,1024,0,211,6,4,7,1,3,-52,0,619,9872,70,100,2,0,0 '
Received from ('fd00::200:0:0:c', 8765, 0, 0): b' 2964,12,8,1024,0,158,3,5,7,1,1,-52,0,569,7744,67,100,2,0,0 '
Received from ('fd00::200:0:0:15', 8765, 0, 0): b' 2965,21,17,1536,10,685,6,7,5,1,2,-52,0,663,7519,171,100,1,0,0 '
Received from ('fd00::200:0:0:12', 8765, 0, 0): b' 2965,18,15,1280,0,693,4,4,5,1,1,-70,2,657,6697,184,100,2,0,0 '
Received from ('fd00::200:0:0:5', 8765, 0, 0): b' 2966,5,1,512,10,678,8,1,6,1,1,-94,2,522,8257,197,100,1,0,0 '
Received from ('fd00::200:0:0:8', 8765, 0, 0): b' 2968,8,4,768,0,710,6,21,7,1,2,-52,4,1529,13159,191,100,1,0,0 '
Received from ('fd00::200:0:0:13', 8765, 0, 0): b' 2967,19,15,1280,0,688,6,4,7,1,1,-52,0,563,9557,185,100,2,0,0 '
Received from ('fd00::200:0:0:3', 8765, 0, 0): b' 2968,3,1,512,0,718,8,3,7,1,2,-64,1,466,7843,194,100,1,0,0 '
Received from ('fd00::200:0:0:7', 8765, 0, 0): b' 2967,7,4,768,0,678,6,22,7,1,2,-70,7,3111,23231,192,100,2,0,0 '
Received from ('fd00::200:0:0:b', 8765, 0, 0): b' 2968,11,7,1024,0,741,4,15,7,1,1,-52,1,644,10727,189,100,1,0,0 '
Received from ('fd00::200:0:0:14', 8765, 0, 0): b' 2968,20,15,1280,10,675,7,6,7,1,2,-70,0,441,7922,176,100,1,0,0 '
Received from ('fd00::200:0:0:4', 8765, 0, 0): b' 2970,4,1,512,0,662,8,2,7,2,1,-66,10,2651,16728,197,100,1,0,0 '
Received from ('fd00::200:0:0:10', 8765, 0, 0): b' 2970,16,15,1280,0,694,12,15,7,1,6,-52,0,558,6769,175,100,1,0,0 '
Received from ('fd00::200:0:0:1', 5678, 0, 0): b' 2970,1,0,256,0,12,0,0,4,0,0,0,10,2783,31070,3513,100,2,0,0 '
Received from ('fd00::200:0:0:d', 8765, 0, 0): b' 2970,13,8,1024,0,243,5,7,7,1,2,-70,2,1324,12851,83,100,2,1,5 '
Received from ('fd00::200:0:0:2', 8765, 0, 0): b' 2971,2,1,512,0,662,8,1,6,1,1,-88,9,1086,13843,198,100,1,0,0 '
Received from ('fd00::200:0:0:f', 8765, 0, 0): b' 2971,15,7,1024,10,636,8,18,7,1,3,-95,4,2907,25440,186,100,2,0,0 '
Received from ('fd00::200:0:0:6', 8765, 0, 0): b' 2971,6,2,768,10,256,5,2,7,1,2,-52,1,1092,18361,91,100,2,1,5 '
Received from ('fd00::200:0:0:e', 8765, 0, 0): b' 2971,14,11,1280,10,717,7,4,7,1,2,-70,0,1129,10999,186,100,2,0,0 '
Received from ('fd00::200:0:0:8', 8765, 0, 0): b' 2972,8,4,768,10,710,6,21,7,1,2,-52,4,833,9916,192,100,1,0,0 '
Received from ('fd00::200:0:0:12', 8765, 0, 0): b' 2971,18,15,1280,0,695,4,4,5,1,1,-70,2,597,5799,184,100,2,0,0 '
Received from ('fd00::200:0:0:9', 8765, 0, 0): b' 2973,9,5,768,0,262,5,4,7,1,3,-52,0,725,11925,80,100,2,1,5 '
Received from ('fd00::200:0:0:c', 8765, 0, 0): b' 2972,12,8,1024,0,162,3,5,7,1,1,-52,0,736,8610,67,100,1,0,0 '
Received from ('fd00::200:0:0:a', 8765, 0, 0): b' 2973,10,6,1024,0,215,6,4,7,1,3,-52,0,1049,13070,71,100,2,0,0 '
Received from ('fd00::200:0:0:13', 8765, 0, 0): b' 2974,19,15,1280,0,690,6,4,7,1,1,-52,0,556,6254,186,100,1,0,0 '
Received from ('fd00::200:0:0:11', 8765, 0, 0): b' 2974,17,13,1280,10,672,8,6,7,1,3,-52,1,1330,13693,176,100,2,0,0 '
Received from ('fd00::200:0:0:3', 8765, 0, 0): b' 2974,3,1,512,0,723,8,3,7,1,2,-64,1,818,9158,194,100,1,0,0 '
Received from ('fd00::200:0:0:14', 8765, 0, 0): b' 2975,20,15,1280,0,676,7,6,7,1,2,-70,0,426,5406,177,100,1,0,0 '
Received from ('fd00::200:0:0:b', 8765, 0, 0): b' 2973,11,7,1024,0,743,4,15,7,1,1,-52,1,1004,10189,190,100,1,0,0 '
Received from ('fd00::200:0:0:5', 8765, 0, 0): b' 2974,5,1,512,0,680,8,1,6,1,1,-94,2,1110,13239,198,100,1,0,0 '
Received from ('fd00::200:0:0:15', 8765, 0, 0): b' 2976,21,17,1536,0,691,6,7,5,1,2,-52,0,1154,11003,172,100,2,0,0 '
Received from ('fd00::200:0:0:e', 8765, 0, 0): b' 2975,14,11,1280,0,719,7,4,7,1,2,-70,0,503,4737,186,100,1,0,0 '
Received from ('fd00::200:0:0:6', 8765, 0, 0): b' 2976,6,2,768,0,260,5,2,7,1,2,-52,1,1063,9729,92,100,1,1,5 '
Received from ('fd00::200:0:0:7', 8765, 0, 0): b' 2977,7,4,768,20,680,6,22,7,1,2,-70,7,3243,21997,193,100,1,0,0 '
Received from ('fd00::200:0:0:f', 8765, 0, 0): b' 2976,15,7,1024,0,638,8,18,7,1,3,-95,4,1736,15220,186,100,1,0,0 '
Received from ('fd00::200:0:0:12', 8765, 0, 0): b' 2978,18,15,1280,0,695,4,4,5,1,1,-70,2,245,4923,185,100,0,0,0 '
Received from ('fd00::200:0:0:d', 8765, 0, 0): b' 2978,13,8,1024,10,245,5,7,7,1,2,-70,2,1048,11210,84,100,1,1,5 '
Received from ('fd00::200:0:0:3', 8765, 0, 0): b' 2980,3,1,512,0,724,8,3,7,1,2,-64,1,465,7260,195,100,1,0,0 '
Received from ('fd00::200:0:0:4', 8765, 0, 0): b' 2981,4,1,512,0,666,8,2,7,2,1,-66,10,5187,29188,198,100,2,0,0 '
Received from ('fd00::200:0:0:a', 8765, 0, 0): b' 2981,10,6,1024,0,216,6,4,7,1,3,-52,0,417,8217,71,100,1,0,0 '
Received from ('fd00::200:0:0:13', 8765, 0, 0): b' 2981,19,15,1280,0,694,6,4,7,1,1,-52,0,714,6429,186,100,1,0,0 '
Received from ('fd00::200:0:0:10', 8765, 0, 0): b' 2981,16,15,1280,0,698,12,15,7,1,6,-52,0,941,10934,176,100,2,0,0 '
Received from ('fd00::200:0:0:9', 8765, 0, 0): b' 2981,9,5,768,0,265,5,4,7,1,3,-52,0,698,10726,80,100,1,1,5 '
Received from ('fd00::200:0:0:2', 8765, 0, 0): b' 2981,2,1,512,0,662,8,1,6,1,1,-88,9,1712,18320,199,100,2,0,0 '
Received from ('fd00::200:0:0:f', 8765, 0, 0): b' 2981,15,7,1024,0,639,8,18,7,1,3,-95,4,1435,12393,187,100,1,0,0 '
Received from ('fd00::200:0:0:1', 5678, 0, 0): b' 2982,1,0,256,0,12,0,0,4,0,0,0,10,2819,31754,3529,100,2,0,0 '
Received from ('fd00::200:0:0:15', 8765, 0, 0): b' 2981,21,17,1536,10,691,6,7,5,1,2,-52,0,264,4408,172,100,1,0,0 '
Received from ('fd00::200:0:0:5', 8765, 0, 0): b' 2982,5,1,512,0,682,8,1,6,1,1,-94,2,915,11459,198,100,2,0,0 '
Received from ('fd00::200:0:0:14', 8765, 0, 0): b' 2983,20,15,1280,0,678,7,6,7,1,2,-70,0,615,7313,177,100,3,0,0 '
Received from ('fd00::200:0:0:8', 8765, 0, 0): b' 2983,8,4,768,10,715,6,21,7,1,2,-52,4,2850,23731,193,100,2,0,0 '
Received from ('fd00::200:0:0:c', 8765, 0, 0): b' 2983,12,8,1024,0,167,3,5,7,1,1,-52,0,1044,11492,68,100,2,0,0 '
Received from ('fd00::200:0:0:11', 8765, 0, 0): b' 2982,17,13,1280,0,674,8,6,7,1,3,-52,1,1248,13475,177,100,2,0,0 '
Received from ('fd00::200:0:0:6', 8765, 0, 0): b' 2986,6,2,768,0,263,5,2,7,1,2,-52,1,1248,15055,92,100,2,1,5 '
Received from ('fd00::200:0:0:2', 8765, 0, 0): b' 2987,2,1,512,0,662,8,1,6,1,1,-88,9,675,8277,199,100,1,0,0 '
Received from ('fd00::200:0:0:b', 8765, 0, 0): b' 2986,11,7,1024,0,745,4,15,7,1,1,-52,1,1287,18191,191,100,2,0,0 '
Received from ('fd00::200:0:0:3', 8765, 0, 0): b' 2987,3,1,512,0,727,8,3,7,1,2,-64,1,628,9870,195,100,1,0,0 '
Received from ('fd00::200:0:0:12', 8765, 0, 0): b' 2988,18,15,1280,0,697,4,4,5,1,1,-70,2,645,9595,185,100,2,0,0 '
Received from ('fd00::200:0:0:1', 5678, 0, 0): b' 2988,1,0,256,0,12,0,0,4,0,0,0,10,1559,17032,3539,100,1,0,0 '
Received from ('fd00::200:0:0:7', 8765, 0, 0): b' 2988,7,4,768,20,686,6,22,7,1,2,-70,7,3217,24109,193,100,2,0,0 '
Received from ('fd00::200:0:0:d', 8765, 0, 0): b' 2989,13,8,1024,0,247,5,7,7,1,2,-70,2,1535,13559,85,100,2,1,5 '
Received from ('fd00::200:0:0:e', 8765, 0, 0): b' 2988,14,11,1280,10,725,7,4,7,1,2,-70,0,1129,11340,187,100,2,0,0 '
Received from ('fd00::200:0:0:4', 8765, 0, 0): b' 2989,4,1,512,0,669,8,2,7,2,1,-66,10,3738,21087,198,100,1,0,0 '
Received from ('fd00::200:0:0:f', 8765, 0, 0): b' 2988,15,7,1024,10,640,8,18,7,1,3,-95,4,1421,14356,187,100,1,0,0 '
Received from ('fd00::200:0:0:11', 8765, 0, 0): b' 2987,17,13,1280,10,677,8,6,7,1,3,-52,1,669,6283,177,100,1,0,0 '
Received from ('fd00::200:0:0:a', 8765, 0, 0): b' 2989,10,6,1024,0,217,6,4,7,1,3,-52,0,705,10334,72,100,2,0,0 '
Received from ('fd00::200:0:0:14', 8765, 0, 0): b' 2988,20,15,1280,10,680,7,6,7,1,2,-70,0,556,6156,178,100,1,0,0 '
Received from ('fd00::200:0:0:13', 8765, 0, 0): b' 2988,19,15,1280,0,695,6,4,7,1,1,-52,0,473,7853,187,100,1,0,0 '
Received from ('fd00::200:0:0:8', 8765, 0, 0): b' 2990,8,4,768,10,715,6,21,7,1,2,-52,4,1336,12838,193,100,1,0,0 '
Received from ('fd00::200:0:0:10', 8765, 0, 0): b' 2992,16,15,1280,10,701,13,15,7,1,6,-52,0,891,11424,177,100,2,0,0 '
Received from ('fd00::200:0:0:15', 8765, 0, 0): b' 2992,21,17,1536,0,692,6,7,5,1,2,-52,0,620,10295,173,100,2,0,0 '
Received from ('fd00::200:0:0:9', 8765, 0, 0): b' 2992,9,5,768,10,267,5,4,7,1,3,-52,0,643,13410,81,100,2,1,5 '
Received from ('fd00::200:0:0:5', 8765, 0, 0): b' 2993,5,1,512,0,685,8,1,6,1,1,-94,2,1395,17748,199,100,2,0,0 '
Received from ('fd00::200:0:0:e', 8765, 0, 0): b' 2993,14,11,1280,0,727,7,4,7,1,2,-70,0,503,5571,187,100,1,0,0 '
Received from ('fd00::200:0:0:3', 8765, 0, 0): b' 2993,3,1,512,0,728,8,3,7,1,2,-64,1,390,7011,195,100,1,0,0 '
Received from ('fd00::200:0:0:13', 8765, 0, 0): b' 2994,19,15,1280,0,697,6,4,7,1,1,-52,0,500,5363,187,100,1,0,0 '
Received from ('fd00::200:0:0:1', 5678, 0, 0): b' 2994,1,0,256,0,12,0,0,4,0,0,0,10,1407,15171,3545,100,1,0,0 '
Received from ('fd00::200:0:0:f', 8765, 0, 0): b' 2995,15,7,1024,0,640,8,18,7,1,3,-95,4,2026,16602,187,100,2,0,0 '
Received from ('fd00::200:0:0:c', 8765, 0, 0): b' 2995,12,8,1024,0,170,3,5,7,1,1,-52,0,832,11551,69,100,2,0,0 '
Received from ('fd00::200:0:0:7', 8765, 0, 0): b' 2995,7,4,768,0,687,6,22,7,1,2,-70,7,2478,16332,194,100,2,0,0 '
Received from ('fd00::200:0:0:6', 8765, 0, 0): b' 2996,6,2,768,0,268,5,2,7,1,2,-52,1,1300,15444,93,100,1,1,5 '
Received from ('fd00::200:0:0:12', 8765, 0, 0): b' 2997,18,15,1280,0,699,4,4,5,1,1,-70,2,677,7766,186,100,2,0,0 '
Received from ('fd00::200:0:0:2', 8765, 0, 0): b' 2996,2,1,512,0,666,8,1,6,1,1,-88,9,1574,15439,200,100,2,0,0 '
Received from ('fd00::200:0:0:8', 8765, 0, 0): b' 2996,8,4,768,10,719,6,21,7,1,2,-52,4,1406,12391,193,100,1,0,0 '
Received from ('fd00::200:0:0:4', 8765, 0, 0): b' 2997,4,1,512,10,671,8,2,7,2,1,-66,10,3999,21051,199,100,2,0,0 '
Received from ('fd00::200:0:0:b', 8765, 0, 0): b' 2996,11,7,1024,10,749,4,15,7,1,1,-52,1,1396,15940,191,100,2,0,0 '
Received from ('fd00::200:0:0:d', 8765, 0, 0): b' 2999,13,8,1024,0,250,5,7,7,1,2,-70,2,1557,14407,85,100,2,1,5 '
Received from ('fd00::200:0:0:a', 8765, 0, 0): b' 2999,10,6,1024,0,220,6,4,7,1,3,-52,0,943,12667,73,100,2,0,0 '
Received from ('fd00::200:0:0:11', 8765, 0, 0): b' 2997,17,13,1280,10,682,8,6,7,1,3,-52,1,1384,13659,178,100,2,0,0 '
Received from ('fd00::200:0:0:14', 8765, 0, 0): b' 2999,20,15,1280,10,686,7,6,7,1,2,-70,0,1047,11640,179,100,2,0,0 '
Received from ('fd00::200:0:0:9', 8765, 0, 0): b' 3001,9,5,768,0,271,5,4,7,1,3,-52,0,940,10603,81,100,2,1,5 '
Received from ('fd00::200:0:0:12', 8765, 0, 0): b' 3000,18,15,1280,0,701,4,4,5,1,1,-70,2,476,4556,186,100,1,0,0 '
Received from ('fd00::200:0:0:1', 5678, 0, 0): b' 3001,1,0,256,0,12,0,0,4,0,0,0,10,1989,20156,3554,100,2,0,0 '
Received from ('fd00::200:0:0:7', 8765, 0, 0): b' 3002,7,4,768,30,688,6,22,7,1,2,-70,7,1690,13630,194,100,1,0,0 '
Received from ('fd00::200:0:0:5', 8765, 0, 0): b' 3002,5,1,512,10,691,8,1,6,1,1,-94,2,1457,14207,200,100,1,0,0 '
Received from ('fd00::200:0:0:e', 8765, 0, 0): b' 3001,14,11,1280,10,728,7,4,7,1,2,-70,0,418,7081,188,100,1,0,0 '
Received from ('fd00::200:0:0:15', 8765, 0, 0): b' 3003,21,17,1536,0,693,6,7,5,1,2,-52,0,539,9164,173,100,2,0,0 '
Received from ('fd00::200:0:0:3', 8765, 0, 0): b' 3003,3,1,512,0,732,8,3,7,1,2,-64,1,931,12514,196,100,2,0,0 '
Received from ('fd00::200:0:0:f', 8765, 0, 0): b' 3003,15,7,1024,0,643,8,18,7,1,3,-95,4,2043,19870,188,100,1,0,0 '
Received from ('fd00::200:0:0:10', 8765, 0, 0): b' 3003,16,15,1280,10,704,13,15,7,1,6,-52,0,780,11329,177,100,2,0,0 '
Received from ('fd00::200:0:0:b', 8765, 0, 0): b' 3004,11,7,1024,0,751,4,15,7,1,1,-52,1,1096,12498,192,100,2,0,0 '
Received from ('fd00::200:0:0:4', 8765, 0, 0): b' 3005,4,1,512,10,673,8,2,7,2,1,-66,10,3392,20299,199,100,1,0,0 '
Received from ('fd00::200:0:0:2', 8765, 0, 0): b' 3005,2,1,512,0,668,8,1,6,1,1,-88,9,1514,15753,201,100,1,0,0 '
Received from ('fd00::200:0:0:c', 8765, 0, 0): b' 3005,12,8,1024,0,171,3,5,7,1,1,-52,0,537,9297,69,100,2,0,0 '
Received from ('fd00::200:0:0:14', 8765, 0, 0): b' 3005,20,15,1280,0,687,7,6,7,1,2,-70,0,503,5127,179,100,1,0,0 '
Received from ('fd00::200:0:0:6', 8765, 0, 0): b' 3007,6,2,768,0,271,5,2,7,1,2,-52,1,1361,16379,94,100,2,1,5 '
Received from ('fd00::200:0:0:12', 8765, 0, 0): b' 3005,18,15,1280,10,703,4,4,5,1,1,-70,2,379,4523,186,100,0,0,0 '
Received from ('fd00::200:0:0:13', 8765, 0, 0): b' 3004,19,15,1280,0,700,6,4,7,1,1,-52,0,832,11309,188,100,2,0,0 '
Received from ('fd00::200:0:0:e', 8765, 0, 0): b' 3006,14,11,1280,0,728,7,4,7,1,2,-70,0,343,4949,188,100,1,0,0 '
Received from ('fd00::200:0:0:8', 8765, 0, 0): b' 3007,8,4,768,0,721,6,21,7,1,2,-52,4,2248,21620,194,100,2,0,0 '
Received from ('fd00::200:0:0:11', 8765, 0, 0): b' 3006,17,13,1280,0,685,8,6,7,1,3,-52,1,1156,11751,178,100,1,0,0 '
Received from ('fd00::200:0:0:9', 8765, 0, 0): b' 3007,9,5,768,0,273,5,4,7,1,3,-52,0,581,7817,82,100,1,1,5 '
Received from ('fd00::200:0:0:7', 8765, 0, 0): b' 3009,7,4,768,0,688,6,22,7,1,2,-70,7,2403,16296,195,100,1,0,0 '
Received from ('fd00::200:0:0:a', 8765, 0, 0): b' 3009,10,6,1024,0,223,6,4,7,1,3,-52,0,654,11783,73,100,1,0,0 '
Received from ('fd00::200:0:0:3', 8765, 0, 0): b' 3009,3,1,512,0,732,8,3,7,1,2,-64,1,359,6923,197,100,1,0,0 '
Received from ('fd00::200:0:0:d', 8765, 0, 0): b' 3010,13,8,1024,0,256,5,7,7,1,2,-70,2,1831,14926,86,100,2,1,5 '
Received from ('fd00::200:0:0:15', 8765, 0, 0): b' 3010,21,17,1536,0,698,6,7,5,1,2,-52,0,998,7623,174,100,2,0,0 '
Received from ('fd00::200:0:0:4', 8765, 0, 0): b' 3011,4,1,512,10,676,8,2,7,2,1,-66,10,3174,16769,200,100,2,0,0 '
Received from ('fd00::200:0:0:b', 8765, 0, 0): b' 3010,11,7,1024,0,754,4,15,7,1,1,-52,1,899,10322,192,100,1,0,0 '
Received from ('fd00::200:0:0:f', 8765, 0, 0): b' 3011,15,7,1024,0,645,8,18,7,1,3,-95,4,2247,19299,189,100,2,0,0 '
Received from ('fd00::200:0:0:6', 8765, 0, 0): b' 3013,6,2,768,0,273,5,2,7,1,2,-52,1,942,10000,94,100,1,1,5 '
Received from ('fd00::200:0:0:10', 8765, 0, 0): b' 3012,16,15,1280,0,706,13,15,7,1,6,-52,0,705,8437,178,100,2,0,0 '
Received from ('fd00::200:0:0:1', 5678, 0, 0): b' 3013,1,0,256,0,12,0,0,4,0,0,0,10,2982,32033,3571,100,2,0,0 '
Received from ('fd00::200:0:0:13', 8765, 0, 0): b' 3013,19,15,1280,0,705,6,4,7,1,1,-52,0,943,8250,188,100,2,0,0 '
Received from ('fd00::200:0:0:11', 8765, 0, 0): b' 3013,17,13,1280,10,686,8,6,7,1,3,-52,1,749,6534,179,100,1,0,0 '
Received from ('fd00::200:0:0:5', 8765, 0, 0): b' 3013,5,1,512,0,694,8,1,6,1,1,-94,2,1315,17976,200,100,2,0,0 '
Received from ('fd00::200:0:0:c', 8765, 0, 0): b' 3015,12,8,1024,0,172,3,5,7,1,1,-52,0,568,8635,70,100,2,0,0 '
Received from ('fd00::200:0:0:12', 8765, 0, 0): b' 3014,18,15,1280,0,705,4,4,5,1,1,-70,2,702,9090,187,100,2,0,0 '
Received from ('fd00::200:0:0:8', 8765, 0, 0): b' 3015,8,4,768,0,721,6,22,7,1,2,-52,4,1666,16056,195,100,3,0,0 '
Received from ('fd00::200:0:0:b', 8765, 0, 0): b' 3016,11,7,1024,0,756,4,15,7,1,1,-52,1,757,8523,193,100,1,0,0 '
Received from ('fd00::200:0:0:2', 8765, 0, 0): b' 3016,2,1,512,0,670,8,1,6,1,1,-88,9,1693,16777,201,100,2,0,0 '
Received from ('fd00::200:0:0:d', 8765, 0, 0): b' 3016,13,8,1024,0,257,5,7,7,1,2,-70,2,991,8754,86,100,1,1,5 '
Received from ('fd00::200:0:0:14', 8765, 0, 0): b' 3016,20,15,1280,0,690,7,6,7,1,2,-70,0,808,10619,180,100,2,0,0 '
Received from ('fd00::200:0:0:e', 8765, 0, 0): b' 3018,14,11,1280,0,731,7,4,7,1,2,-70,0,832,11456,189,100,2,0,0 '
Received from ('fd00::200:0:0:5', 8765, 0, 0): b' 3019,5,1,512,0,696,8,1,6,1,1,-94,2,574,7736,201,100,1,0,0 '
Received from ('fd00::200:0:0:7', 8765, 0, 0): b' 3019,7,4,768,10,692,6,22,7,1,2,-70,7,3098,22554,195,100,2,0,0 '
Received from ('fd00::200:0:0:c', 8765, 0, 0): b' 3019,12,8,1024,0,173,3,5,7,1,1,-52,0,367,4044,70,100,1,0,0 '
Received from ('fd00::200:0:0:10', 8765, 0, 0): b' 3017,16,15,1280,0,707,13,15,7,1,6,-52,0,395,5334,178,100,1,0,0 '
Received from ('fd00::200:0:0:a', 8765, 0, 0): b' 3020,10,6,1024,0,225,6,4,7,1,3,-52,0,836,13140,74,100,2,0,0 '
Received from ('fd00::200:0:0:3', 8765, 0, 0): b' 3019,3,1,512,0,735,8,3,7,1,2,-64,1,749,12722,197,100,2,0,0 '
Received from ('fd00::200:0:0:12', 8765, 0, 0): b' 3019,18,15,1280,0,707,4,4,5,1,1,-70,2,500,5061,187,100,1,0,0 '
Received from ('fd00::200:0:0:b', 8765, 0, 0): b' 3020,11,7,1024,0,756,4,15,7,1,1,-52,1,693,6759,193,100,1,0,0 '
Received from ('fd00::200:0:0:15', 8765, 0, 0): b' 3020,21,17,1536,10,700,6,7,5,1,2,-52,0,548,9512,175,100,1,0,0 '
Received from ('fd00::200:0:0:14', 8765, 0, 0): b' 3021,20,15,1280,0,690,7,6,7,1,2,-70,0,287,4990,180,100,1,0,0 '
Received from ('fd00::200:0:0:6', 8765, 0, 0): b' 3022,6,2,768,0,276,5,2,7,1,2,-52,1,1183,15733,95,100,2,1,5 '
Received from ('fd00::200:0:0:13', 8765, 0, 0): b' 3021,19,15,1280,10,707,6,4,7,1,1,-52,0,473,7505,189,100,1,0,0 '
Received from ('fd00::200:0:0:4', 8765, 0, 0): b' 3023,4,1,512,0,679,8,2,7,2,1,-66,10,5545,30616,200,100,2,0,0 '
Received from ('fd00::200:0:0:1', 5678, 0, 0): b' 3023,1,0,256,0,12,0,0,4,0,0,0,10,2447,26510,3585,100,2,0,0 '
Received from ('fd00::200:0:0:f', 8765, 0, 0): b' 3024,15,7,1024,0,647,8,18,7,1,3,-95,4,3402,28564,189,100,2,0,0 '
Received from ('fd00::200:0:0:8', 8765, 0, 0): b' 3024,8,4,768,0,722,6,22,7,1,2,-52,4,1492,16496,195,100,1,0,0 '
Received from ('fd00::200:0:0:12', 8765, 0, 0): b' 3024,18,15,1280,0,711,4,4,5,1,1,-70,2,746,5247,188,100,1,0,0 '
Received from ('fd00::200:0:0:e', 8765, 0, 0): b' 3024,14,11,1280,0,736,7,4,7,1,2,-70,0,919,6797,189,100,2,0,0 '
Received from ('fd00::200:0:0:a', 8765, 0, 0): b' 3025,10,6,1024,0,226,6,4,7,1,3,-52,0,392,6364,74,100,1,0,0 '
Received from ('fd00::200:0:0:7', 8765, 0, 0): b' 3026,7,4,768,0,694,6,22,7,1,2,-70,7,2263,15197,196,100,1,0,0 '
Received from ('fd00::200:0:0:2', 8765, 0, 0): b' 3026,2,1,512,0,674,8,1,6,1,1,-88,9,1701,17016,202,100,2,0,0 '
Received from ('fd00::200:0:0:14', 8765, 0, 0): b' 3025,20,15,1280,0,691,7,6,7,1,2,-70,0,272,4246,180,100,0,0,0 '
Received from ('fd00::200:0:0:5', 8765, 0, 0): b' 3026,5,1,512,10,698,8,1,6,1,1,-94,2,594,10903,201,100,2,0,0 '
Received from ('fd00::200:0:0:8', 8765, 0, 0): b' 3029,8,4,768,10,723,6,22,7,1,2,-52,4,453,8414,195,100,1,0,0 '
Received from ('fd00::200:0:0:f', 8765, 0, 0): b' 3029,15,7,1024,10,650,8,19,7,1,3,-95,4,1339,11944,190,100,2,0,0 '
Received from ('fd00::200:0:0:b', 8765, 0, 0): b' 3028,11,7,1024,10,760,4,15,7,1,1,-52,1,1118,13883,193,100,1,0,0 '
Received from ('fd00::200:0:0:c', 8765, 0, 0): b' 3029,12,8,1024,0,177,3,6,7,1,1,-52,0,844,10279,71,100,2,0,0 '
Received from ('fd00::200:0:0:3', 8765, 0, 0): b' 3029,3,1,512,0,736,8,3,7,1,2,-64,1,611,11839,198,100,2,0,0 '
Received from ('fd00::200:0:0:10', 8765, 0, 0): b' 3028,16,15,1280,0,708,13,15,7,1,6,-52,0,746,10198,179,100,2,0,0 '
Received from ('fd00::200:0:0:13', 8765, 0, 0): b' 3028,19,15,1280,10,711,6,4,7,1,1,-52,0,836,7701,189,100,2,0,0 '
Received from ('fd00::200:0:0:2', 8765, 0, 0): b' 3031,2,1,512,10,676,8,1,6,1,1,-88,9,887,8524,202,100,1,0,0 '
Received from ('fd00::200:0:0:1', 5678, 0, 0): b' 3032,1,0,256,0,12,0,0,4,0,0,0,10,1908,23061,3593,100,2,0,0 '
Received from ('fd00::200:0:0:4', 8765, 0, 0): b' 3031,4,1,512,0,680,8,2,7,2,1,-66,10,3528,22492,201,100,2,0,0 '
Received from ('fd00::200:0:0:14', 8765, 0, 0): b' 3032,20,15,1280,0,694,7,6,7,1,2,-70,0,820,6933,181,100,3,0,0 '
Received from ('fd00::200:0:0:c', 8765, 0, 0): b' 3033,12,8,1024,0,179,3,6,7,1,1,-52,0,469,4637,71,100,2,0,0 '
Received from ('fd00::200:0:0:e', 8765, 0, 0): b' 3032,14,11,1280,10,739,7,4,7,1,2,-70,0,626,8149,190,100,2,0,0 '
Received from ('fd00::200:0:0:6', 8765, 0, 0): b' 3033,6,2,768,10,279,5,2,7,1,2,-52,1,1137,17011,95,100,2,1,5 '
Received from ('fd00::200:0:0:3', 8765, 0, 0): b' 3033,3,1,512,0,738,8,3,7,1,2,-64,1,468,5605,198,100,2,0,0 '
Received from ('fd00::200:0:0:12', 8765, 0, 0): b' 3034,18,15,1280,0,714,4,4,5,1,1,-70,2,747,9914,188,100,3,0,0 '
Received from ('fd00::200:0:0:5', 8765, 0, 0): b' 3035,5,1,512,0,700,8,1,6,1,1,-94,2,622,12899,202,100,1,0,0 '
Received from ('fd00::200:0:0:7', 8765, 0, 0): b' 3034,7,4,768,0,698,6,22,7,1,2,-70,8,3176,22065,196,100,3,0,0 '
Received from ('fd00::200:0:0:2', 8765, 0, 0): b' 3035,2,1,512,0,677,8,1,6,1,1,-88,9,789,8923,203,100,1,0,0 '
Received from ('fd00::200:0:0:f', 8765, 0, 0): b' 3036,15,7,1024,20,651,8,20,7,1,3,-95,5,2192,20261,190,100,2,0,0 '
Received from ('fd00::200:0:0:a', 8765, 0, 0): b' 3037,10,6,1024,0,229,6,4,7,1,3,-52,0,960,14679,75,100,3,0,0 '
Received from ('fd00::200:0:0:13', 8765, 0, 0): b' 3036,19,15,1280,0,715,6,4,7,1,1,-52,0,872,7805,190,100,2,0,0 '
Received from ('fd00::200:0:0:c', 8765, 0, 0): b' 3037,12,8,1024,0,181,3,6,7,1,1,-52,0,554,5195,72,100,1,0,0 '
Received from ('fd00::200:0:0:b', 8765, 0, 0): b' 3038,11,7,1024,0,765,4,15,7,1,1,-52,1,1547,15867,194,100,3,0,0 '
Received from ('fd00::200:0:0:6', 8765, 0, 0): b' 3038,6,2,768,0,279,5,2,7,1,2,-52,1,773,8444,96,100,1,1,5 '
Received from ('fd00::200:0:0:4', 8765, 0, 0): b' 3038,4,1,512,0,681,8,2,7,2,1,-66,10,2634,16311,201,100,1,0,0 '
Received from ('fd00::200:0:0:12', 8765, 0, 0): b' 3038,18,15,1280,0,715,4,4,5,1,1,-70,2,419,4131,189,100,2,0,0 '
Received from ('fd00::200:0:0:10', 8765, 0, 0): b' 3039,16,15,1280,0,712,13,16,7,1,6,-52,1,1238,11194,180,100,5,0,0 '
Received from ('fd00::200:0:0:8', 8765, 0, 0): b' 3038,8,4,768,0,725,6,22,7,1,2,-52,4,1606,22348,196,100,2,0,0 '
Received from ('fd00::200:0:0:3', 8765, 0, 0): b' 3040,3,1,512,0,740,8,3,7,1,2,-64,1,572,8837,199,100,1,0,0 '
Received from ('fd00::200:0:0:13', 8765, 0, 0): b' 3040,19,15,1280,0,718,6,4,7,1,1,-52,0,577,4412,190,100,2,0,0 '
Received from ('fd00::200:0:0:1', 5678, 0, 0): b' 3041,1,0,256,0,12,0,0,4,0,0,0,10,2059,23723,3603,100,1,0,0 '
Received from ('fd00::200:0:0:e', 8765, 0, 0): b' 3041,14,11,1280,0,740,7,4,7,1,2,-70,0,565,8215,190,100,3,0,0 '
Received from ('fd00::200:0:0:2', 8765, 0, 0): b' 3041,2,1,512,0,680,8,1,6,1,1,-88,9,1262,9655,203,100,1,0,0 '
Received from ('fd00::200:0:0:14', 8765, 0, 0): b' 3042,20,15,1280,0,698,7,6,7,1,2,-70,0,877,10646,181,100,3,0,0 '
Received from ('fd00::200:0:0:c', 8765, 0, 0): b' 3043,12,8,1024,0,183,3,6,7,1,1,-52,0,468,5235,72,100,2,0,0 '
Received from ('fd00::200:0:0:6', 8765, 0, 0): b' 3044,6,2,768,0,279,5,2,7,1,2,-52,1,628,9272,96,100,1,1,5 '
Received from ('fd00::200:0:0:1', 5678, 0, 0): b' 3046,1,0,256,0,12,0,0,4,0,0,0,10,1256,14268,3609,100,1,0,0 '
Received from ('fd00::200:0:0:e', 8765, 0, 0): b' 3046,14,11,1280,0,742,7,4,7,1,2,-70,0,397,4565,190,100,1,0,0 '
Received from ('fd00::200:0:0:3', 8765, 0, 0): b' 3046,3,1,512,0,742,8,3,7,1,2,-64,1,497,7344,199,100,1,0,0 '
Received from ('fd00::200:0:0:5', 8765, 0, 0): b' 3046,5,1,512,10,704,8,1,6,1,1,-94,2,932,16469,203,100,2,0,0 '
Received from ('fd00::200:0:0:8', 8765, 0, 0): b' 3045,8,4,768,0,726,6,22,7,1,2,-52,4,895,12392,197,100,2,0,0 '
Received from ('fd00::200:0:0:7', 8765, 0, 0): b' 3046,7,4,768,40,703,6,22,7,1,2,-70,9,3779,26687,197,100,4,0,0 '
Received from ('fd00::200:0:0:4', 8765, 0, 0): b' 3047,4,1,512,0,685,8,2,7,2,1,-66,10,3457,22067,202,100,1,0,0 '
Received from ('fd00::200:0:0:a', 8765, 0, 0): b' 3048,10,6,1024,0,237,6,4,7,1,3,-52,0,1578,14595,76,100,4,0,0 '
Received from ('fd00::200:0:0:b', 8765, 0, 0): b' 3046,11,7,1024,10,767,4,15,7,1,1,-52,1,1074,13504,195,100,3,0,0 '
Received from ('fd00::200:0:0:f', 8765, 0, 0): b' 3046,15,7,1024,20,655,8,21,7,1,3,-95,6,3062,24241,191,100,3,0,0 '
Received from ('fd00::200:0:0:10', 8765, 0, 0): b' 3045,16,15,1280,0,714,13,16,7,1,6,-52,1,652,6510,180,100,2,0,0 '
Received from ('fd00::200:0:0:12', 8765, 0, 0): b' 3047,18,15,1280,0,718,4,4,5,1,1,-70,2,649,8651,189,100,2,0,0 '
Received from ('fd00::200:0:0:2', 8765, 0, 0): b' 3049,2,1,512,0,684,8,1,6,1,1,-88,9,1515,14035,204,100,2,0,0 '
Received from ('fd00::200:0:0:13', 8765, 0, 0): b' 3048,19,15,1280,10,720,6,4,7,1,1,-52,0,640,8465,191,100,2,0,0 '
Received from ('fd00::200:0:0:8', 8765, 0, 0): b' 3049,8,4,768,0,726,6,22,7,1,2,-52,4,313,7384,197,100,0,0,0 '
Received from ('fd00::200:0:0:c', 8765, 0, 0): b' 3050,12,8,1024,0,186,3,6,7,1,1,-52,0,800,9308,73,100,3,0,0 '
Received from ('fd00::200:0:0:f', 8765, 0, 0): b' 3050,15,7,1024,10,657,8,21,7,1,3,-95,6,1457,12455,191,100,1,0,0 '
Received from ('fd00::200:0:0:14', 8765, 0, 0): b' 3051,20,15,1280,0,704,7,6,7,1,2,-70,0,1039,10104,182,100,3,0,0 '
Received from ('fd00::200:0:0:10', 8765, 0, 0): b' 3052,16,15,1280,0,716,13,16,7,1,6,-52,2,774,7597,180,100,1,0,0 '
Received from ('fd00::200:0:0:4', 8765, 0, 0): b' 3052,4,1,512,0,686,8,2,7,2,1,-66,10,2633,13649,202,100,1,0,0 '
Received from ('fd00::200:0:0:e', 8765, 0, 0): b' 3052,14,11,1280,0,747,7,4,7,1,2,-70,0,968,6884,191,100,3,0,0 '
Received from ('fd00::200:0:0:6', 8765, 0, 0): b' 3053,6,2,768,0,279,5,2,7,1,2,-52,1,889,14314,97,100,2,1,5 '
Received from ('fd00::200:0:0:7', 8765, 0, 0): b' 3053,7,4,768,10,708,6,22,7,1,2,-70,9,2769,15864,198,100,2,0,0 '
Received from ('fd00::200:0:0:5', 8765, 0, 0): b' 3053,5,1,512,0,705,8,1,6,1,1,-94,2,513,10230,203,100,2,0,0 '
Received from ('fd00::200:0:0:b', 8765, 0, 0): b' 3052,11,7,1024,0,770,4,15,7,1,1,-52,1,1168,11757,195,100,3,0,0 '
Received from ('fd00::200:0:0:a', 8765, 0, 0): b' 3053,10,6,1024,0,242,6,4,7,1,3,-52,0,840,8882,76,100,2,0,0 '
Received from ('fd00::200:0:0:12', 8765, 0, 0): b' 3053,18,15,1280,0,719,4,4,5,1,1,-70,2,443,5786,190,100,2,0,0 '
Received from ('fd00::200:0:0:3', 8765, 0, 0): b' 3056,3,1,512,0,744,8,3,7,1,2,-64,1,717,11849,200,100,2,0,0 '
Received from ('fd00::200:0:0:8', 8765, 0, 0): b' 3055,8,4,768,10,728,6,22,7,1,2,-52,4,763,10287,197,100,1,0,0 '
Received from ('fd00::200:0:0:c', 8765, 0, 0): b' 3055,12,8,1024,0,188,3,6,7,1,1,-52,0,468,4780,73,100,2,0,0 '
Received from ('fd00::200:0:0:2', 8765, 0, 0): b' 3056,2,1,512,0,686,8,1,6,1,1,-88,9,1036,10988,204,100,1,0,0 '
Received from ('fd00::200:0:0:1', 5678, 0, 0): b' 3057,1,0,256,0,12,0,0,4,0,0,0,10,2554,28114,3619,100,2,0,0 '
Received from ('fd00::200:0:0:7', 8765, 0, 0): b' 3057,7,4,768,0,708,6,22,7,1,2,-70,9,901,8562,198,100,1,0,0 '
Received from ('fd00::200:0:0:13', 8765, 0, 0): b' 3059,19,15,1280,0,722,6,4,7,1,1,-52,0,664,10879,191,100,3,0,0 '
Received from ('fd00::200:0:0:4', 8765, 0, 0): b' 3059,4,1,512,0,689,8,2,7,2,1,-66,10,2659,16431,203,100,2,0,0 '
Received from ('fd00::200:0:0:5', 8765, 0, 0): b' 3060,5,1,512,10,707,8,1,6,1,1,-94,2,391,8683,203,100,1,0,0 '
Received from ('fd00::200:0:0:a', 8765, 0, 0): b' 3059,10,6,1024,0,244,6,4,7,1,3,-52,0,582,6925,76,100,1,1,5 '
Received from ('fd00::200:0:0:f', 8765, 0, 0): b' 3058,15,7,1024,10,657,8,21,7,1,3,-95,6,2136,20661,192,100,2,0,0 '
Received from ('fd00::200:0:0:6', 8765, 0, 0): b' 3061,6,2,768,0,282,5,2,7,1,2,-52,1,1253,13628,97,100,2,1,5 '
Received from ('fd00::200:0:0:b', 8765, 0, 0): b' 3060,11,7,1024,10,774,4,15,7,1,1,-52,1,829,12179,196,100,1,0,0 '
Received from ('fd00::200:0:0:14', 8765, 0, 0): b' 3061,20,15,1280,0,705,7,6,7,1,2,-70,0,834,9861,183,100,2,0,0 '
Received from ('fd00::200:0:0:15', 8765, 0, 0): b' 3036,21,16,1664,50,703,8,7,5,0,3,-70,0,683,9526,175,100,1,0,0 '
Received from ('fd00::200:0:0:15', 8765, 0, 0): b' 3041,21,16,1664,70,705,8,7,5,0,3,-70,0,427,4086,175,100,2,0,0 '
Received from ('fd00::200:0:0:1', 5678, 0, 0): b' 3064,1,0,256,0,12,0,0,4,0,0,0,10,1449,16890,3627,100,1,0,0 '
Received from ('fd00::200:0:0:e', 8765, 0, 0): b' 3062,14,11,1280,0,748,7,4,7,1,2,-70,0,497,10349,192,100,1,0,0 '
Received from ('fd00::200:0:0:15', 8765, 0, 0): b' 3048,21,16,1664,70,706,8,7,5,0,3,-70,0,754,6618,175,100,3,0,0 '
Received from ('fd00::200:0:0:8', 8765, 0, 0): b' 3062,8,4,768,10,730,6,22,7,1,2,-52,4,1002,13690,198,100,2,0,0 '
Received from ('fd00::200:0:0:3', 8765, 0, 0): b' 3064,3,1,512,0,747,8,3,7,1,2,-64,1,726,10839,200,100,2,0,0 '
Received from ('fd00::200:0:0:15', 8765, 0, 0): b' 3058,21,16,1664,80,707,8,7,5,0,3,-70,0,420,7989,176,100,2,0,0 '
Received from ('fd00::200:0:0:c', 8765, 0, 0): b' 3063,12,8,1024,0,193,3,6,7,1,1,-52,0,917,9534,74,100,2,0,0 '
Received from ('fd00::200:0:0:2', 8765, 0, 0): b' 3066,2,1,512,0,688,8,1,6,1,1,-88,9,1208,14409,205,100,1,0,0 '
Received from ('fd00::200:0:0:6', 8765, 0, 0): b' 3065,6,2,768,0,282,5,2,7,1,2,-52,1,303,6177,98,100,0,1,5 '
Received from ('fd00::200:0:0:12', 8765, 0, 0): b' 3063,18,15,1280,0,722,4,4,5,1,1,-70,2,752,9480,190,100,2,0,0 '
Received from ('fd00::200:0:0:10', 8765, 0, 0): b' 3064,16,15,1280,0,720,13,17,7,1,6,-52,2,1507,13023,181,100,5,0,0 '
Received from ('fd00::200:0:0:a', 8765, 0, 0): b' 3067,10,6,1024,0,247,6,4,7,1,3,-52,0,726,10486,76,100,2,1,5 '
Received from ('fd00::200:0:0:15', 8765, 0, 0): b' 3065,21,20,1536,10,708,10,7,5,1,4,-52,0,1437,8767,177,100,3,0,0 '
Received from ('fd00::200:0:0:13', 8765, 0, 0): b' 3064,19,15,1280,0,724,6,4,7,1,1,-52,0,648,5990,192,100,3,0,0 '
Received from ('fd00::200:0:0:7', 8765, 0, 0): b' 3068,7,4,768,30,712,6,22,7,1,2,-70,9,4530,27649,199,100,3,0,0 '
Received from ('fd00::200:0:0:f', 8765, 0, 0): b' 3066,15,7,1024,20,661,8,23,7,1,3,-95,6,3504,22892,192,100,3,0,0 '
Received from ('fd00::200:0:0:c', 8765, 0, 0): b' 3068,12,8,1024,0,196,3,6,7,1,1,-52,0,581,4948,74,100,1,0,0 '
Received from ('fd00::200:0:0:5', 8765, 0, 0): b' 3070,5,1,512,0,709,8,1,6,1,1,-94,2,825,14844,204,100,2,0,0 '
Received from ('fd00::200:0:0:14', 8765, 0, 0): b' 3066,20,15,1280,0,707,7,6,7,1,2,-70,1,1791,10495,183,100,2,0,0 '
Received from ('fd00::200:0:0:12', 8765, 0, 0): b' 3068,18,15,1280,0,723,4,4,5,1,1,-70,2,449,6537,191,100,1,0,0 '
Received from ('fd00::200:0:0:4', 8765, 0, 0): b' 3071,4,1,512,0,693,8,2,7,2,1,-66,10,5498,29793,204,100,2,0,0 '
Received from ('fd00::200:0:0:3', 8765, 0, 0): b' 3072,3,1,512,0,748,8,3,7,1,2,-64,1,490,8708,201,100,1,0,0 '
Received from ('fd00::200:0:0:13', 8765, 0, 0): b' 3070,19,15,1280,0,727,6,4,7,1,1,-52,0,601,6103,192,100,2,0,0 '
Received from ('fd00::200:0:0:b', 8765, 0, 0): b' 3071,11,7,1024,0,778,4,15,7,1,1,-52,1,1456,17085,196,100,4,0,0 '
Received from ('fd00::200:0:0:1', 5678, 0, 0): b' 3072,1,0,256,0,12,0,0,4,0,0,0,10,2249,23725,3638,100,2,0,0 '
Received from ('fd00::200:0:0:8', 8765, 0, 0): b' 3071,8,4,768,0,731,6,22,7,1,2,-52,4,1119,16125,199,100,1,0,0 '
Received from ('fd00::200:0:0:2', 8765, 0, 0): b' 3073,2,1,512,0,688,8,1,6,1,1,-88,9,1120,12197,205,100,2,0,0 '
Received from ('fd00::200:0:0:e', 8765, 0, 0): b' 3072,14,11,1280,0,753,7,4,7,1,2,-70,0,955,9842,192,100,4,0,0 '
Received from ('fd00::200:0:0:7', 8765, 0, 0): b' 3073,7,4,768,0,713,6,22,7,1,2,-70,9,1712,10556,199,100,2,0,0 '
Received from ('fd00::200:0:0:6', 8765, 0, 0): b' 3074,6,2,768,0,282,5,2,7,1,2,-52,1,958,13379,98,100,2,1,5 '
Received from ('fd00::200:0:0:f', 8765, 0, 0): b' 3073,15,7,1024,10,664,8,23,7,1,3,-95,6,1957,17204,193,100,1,0,0 '
Received from ('fd00::200:0:0:15', 8765, 0, 0): b' 3074,21,20,1536,0,712,10,7,5,1,4,-52,0,815,9084,177,100,2,0,0 '
Received from ('fd00::200:0:0:c', 8765, 0, 0): b' 3074,12,8,1024,0,199,3,7,7,1,1,-52,0,627,6320,74,100,3,0,0 '
Received from ('fd00::200:0:0:10', 8765, 0, 0): b' 3075,16,15,1280,10,728,13,17,7,1,6,-52,2,1553,12619,182,100,5,0,0 '
Received from ('fd00::200:0:0:a', 8765, 0, 0): b' 3075,10,6,1024,0,251,6,4,7,1,3,-52,0,923,10170,77,100,2,1,5 '
Received from ('fd00::200:0:0:3', 8765, 0, 0): b' 3077,3,1,512,0,748,8,3,7,1,2,-64,1,259,5172,201,100,1,0,0 '
Received from ('fd00::200:0:0:4', 8765, 0, 0): b' 3077,4,1,512,10,694,8,2,7,2,1,-66,10,2565,14734,204,100,1,0,0 '
Received from ('fd00::200:0:0:14', 8765, 0, 0): b' 3076,20,15,1280,0,715,7,6,7,1,2,-70,1,1715,13677,184,100,4,0,0 '
Received from ('fd00::200:0:0:e', 8765, 0, 0): b' 3076,14,11,1280,10,756,7,4,7,1,2,-70,0,577,4297,192,100,2,0,0 '
Received from ('fd00::200:0:0:1', 5678, 0, 0): b' 3079,1,0,256,0,12,0,0,4,0,0,0,10,1388,16925,3647,100,1,0,0 '
Received from ('fd00::200:0:0:8', 8765, 0, 0): b' 3079,8,4,768,0,734,6,22,7,1,2,-52,4,1104,13014,199,100,1,0,0 '
Received from ('fd00::200:0:0:15', 8765, 0, 0): b' 3079,21,20,1536,0,713,10,7,5,1,4,-52,0,450,5277,178,100,1,0,0 '
Received from ('fd00::200:0:0:13', 8765, 0, 0): b' 3079,19,15,1280,0,729,6,4,7,1,1,-52,0,574,8436,193,100,2,0,0 '
Received from ('fd00::200:0:0:5', 8765, 0, 0): b' 3081,5,1,512,0,712,8,1,6,1,1,-94,2,849,16090,205,100,2,0,0 '
Received from ('fd00::200:0:0:6', 8765, 0, 0): b' 3081,6,2,768,0,283,5,2,7,1,2,-52,1,683,10031,99,100,1,1,5 '
Received from ('fd00::200:0:0:b', 8765, 0, 0): b' 3080,11,7,1024,0,782,4,15,7,1,1,-52,1,1512,15845,197,100,3,0,0 '
Received from ('fd00::200:0:0:12', 8765, 0, 0): b' 3079,18,15,1280,10,728,4,4,5,1,1,-70,2,978,10780,192,100,4,0,0 '
Received from ('fd00::200:0:0:14', 8765, 0, 0): b' 3080,20,15,1280,0,716,7,6,7,1,2,-70,1,675,5766,184,100,1,0,0 '
Received from ('fd00::200:0:0:2', 8765, 0, 0): b' 3083,2,1,512,0,690,8,1,6,1,1,-88,9,1306,15287,206,100,1,0,0 '
Received from ('fd00::200:0:0:a', 8765, 0, 0): b' 3083,10,6,1024,0,252,6,4,7,1,3,-52,0,507,8110,77,100,3,1,5 '
Received from ('fd00::200:0:0:8', 8765, 0, 0): b' 3084,8,4,768,0,735,6,22,7,1,2,-52,4,453,7265,199,100,1,0,0 '
Received from ('fd00::200:0:0:f', 8765, 0, 0): b' 3082,15,7,1024,0,665,8,24,7,1,3,-95,6,2752,20510,193,100,3,0,0 '
Received from ('fd00::200:0:0:4', 8765, 0, 0): b' 3085,4,1,512,0,695,8,2,7,2,1,-66,10,3036,19357,205,100,1,0,0 '
Received from ('fd00::200:0:0:7', 8765, 0, 0): b' 3085,7,4,768,0,715,6,22,7,1,2,-70,9,3643,25746,200,100,3,0,0 '
Received from ('fd00::200:0:0:15', 8765, 0, 0): b' 3083,21,20,1536,0,715,10,7,5,1,4,-52,0,495,5287,178,100,2,0,0 '
Received from ('fd00::200:0:0:3', 8765, 0, 0): b' 3086,3,1,512,0,750,8,3,7,1,2,-64,1,620,11847,202,100,1,0,0 '
Received from ('fd00::200:0:0:c', 8765, 0, 0): b' 3086,12,8,1024,0,204,3,8,7,1,1,-52,0,1042,10526,75,100,4,0,0 '
Received from ('fd00::200:0:0:13', 8765, 0, 0): b' 3084,19,15,1280,0,729,6,4,7,1,1,-52,0,286,4610,193,100,1,0,0 '
Received from ('fd00::200:0:0:b', 8765, 0, 0): b' 3085,11,7,1024,0,783,4,15,7,1,1,-52,1,330,6296,197,100,0,0,0 '
Received from ('fd00::200:0:0:e', 8765, 0, 0): b' 3086,14,11,1280,0,756,7,4,7,1,2,-70,0,488,8965,193,100,2,0,0 '
Received from ('fd00::200:0:0:5', 8765, 0, 0): b' 3088,5,1,512,0,714,8,1,6,1,1,-94,2,498,10697,205,100,1,0,0 '
Received from ('fd00::200:0:0:10', 8765, 0, 0): b' 3087,16,15,1280,0,733,13,17,7,1,6,-52,2,1221,12394,183,100,2,0,0 '
Received from ('fd00::200:0:0:12', 8765, 0, 0): b' 3085,18,15,1280,0,730,4,4,5,1,1,-70,2,558,6247,192,100,1,0,0 '
Received from ('fd00::200:0:0:6', 8765, 0, 0): b' 3089,6,2,768,0,287,5,2,7,1,2,-52,1,1470,14187,99,100,2,1,5 '
Received from ('fd00::200:0:0:1', 5678, 0, 0): b' 3089,1,0,256,0,12,0,0,4,0,0,0,10,2341,27549,3656,100,2,0,0 '
Received from ('fd00::200:0:0:13', 8765, 0, 0): b' 3088,19,15,1280,0,729,6,4,7,1,1,-52,0,262,3960,193,100,1,0,0 '
Received from ('fd00::200:0:0:8', 8765, 0, 0): b' 3091,8,4,768,0,740,6,22,7,1,2,-52,4,1249,14569,200,100,1,0,0 '
Received from ('fd00::200:0:0:2', 8765, 0, 0): b' 3091,2,1,512,0,693,8,1,6,1,1,-88,9,1747,14849,206,100,2,0,0 '
Received from ('fd00::200:0:0:4', 8765, 0, 0): b' 3092,4,1,512,0,698,8,2,7,2,1,-66,10,3237,18108,205,100,1,0,0 '
Received from ('fd00::200:0:0:14', 8765, 0, 0): b' 3090,20,15,1280,0,718,7,6,7,1,2,-70,1,1130,12919,185,100,3,0,0 '
Received from ('fd00::200:0:0:3', 8765, 0, 0): b' 3091,3,1,512,0,753,8,3,7,1,2,-64,1,605,7921,202,100,1,0,0 '
Received from ('fd00::200:0:0:f', 8765, 0, 0): b' 3091,15,7,1024,10,667,8,24,7,1,3,-95,6,2430,21892,194,100,1,0,0 '
Received from ('fd00::200:0:0:e', 8765, 0, 0): b' 3091,14,11,1280,0,758,7,4,7,1,2,-70,0,494,4955,193,100,2,0,0 '
Received from ('fd00::200:0:0:12', 8765, 0, 0): b' 3090,18,15,1280,0,732,4,4,5,1,1,-70,2,476,4869,192,100,1,0,0 '
Received from ('fd00::200:0:0:6', 8765, 0, 0): b' 3096,6,2,768,0,287,5,2,7,1,2,-52,1,340,10368,100,100,1,1,5 '
Received from ('fd00::200:0:0:7', 8765, 0, 0): b' 3096,7,4,768,20,721,6,22,7,1,2,-70,10,4182,26175,201,100,3,0,0 '
Received from ('fd00::200:0:0:15', 8765, 0, 0): b' 3093,21,20,1536,0,720,10,7,5,1,4,-52,0,1093,11626,179,100,2,0,0 '
Received from ('fd00::200:0:0:b', 8765, 0, 0): b' 3096,11,7,1024,10,786,4,15,7,1,1,-52,2,1511,16887,198,100,3,0,0 '
Received from ('fd00::200:0:0:c', 8765, 0, 0): b' 3098,12,8,1024,0,207,3,8,7,1,1,-52,0,826,12218,76,100,3,0,0 '
Received from ('fd00::200:0:0:13', 8765, 0, 0): b' 3095,19,15,1280,0,732,6,4,7,1,1,-52,0,657,6854,194,100,2,0,0 '
Received from ('fd00::200:0:0:2', 8765, 0, 0): b' 3098,2,1,512,0,694,8,1,6,1,1,-88,9,883,10643,207,100,1,0,0 '
Received from ('fd00::200:0:0:3', 8765, 0, 0): b' 3097,3,1,512,10,756,8,3,7,1,2,-64,1,759,8328,203,100,1,0,0 '
Received from ('fd00::200:0:0:14', 8765, 0, 0): b' 3096,20,15,1280,0,719,7,6,7,1,2,-70,1,758,8506,185,100,1,0,0 '
Received from ('fd00::200:0:0:5', 8765, 0, 0): b' 3098,5,1,512,10,715,8,1,6,1,1,-94,2,528,15404,206,100,2,0,0 '
Received from ('fd00::200:0:0:f', 8765, 0, 0): b' 3099,15,7,1024,20,670,8,25,7,1,3,-95,6,2149,16178,194,100,3,0,0 '
Received from ('fd00::200:0:0:4', 8765, 0, 0): b' 3099,4,1,512,10,701,8,2,7,2,1,-66,10,3435,19479,206,100,2,0,0 '
Received from ('fd00::200:0:0:8', 8765, 0, 0): b' 3100,8,4,768,0,742,6,22,7,1,2,-52,4,1008,15713,200,100,2,0,0 '
Received from ('fd00::200:0:0:10', 8765, 0, 0): b' 3098,16,15,1280,0,735,13,17,7,1,6,-52,2,901,11223,184,100,3,0,0 '
Received from ('fd00::200:0:0:d', 8765, 0, 0): b' 3091,13,11,1664,10,1,0,1,1,0,1,-95,0,828,7593,0,100,8,0,0 '
Received from ('fd00::200:0:0:d', 8765, 0, 0): b' 3096,13,11,1664,40,1,1,1,1,0,1,-95,0,894,4376,1,100,6,0,0 '
Received from ('fd00::200:0:0:1', 5678, 0, 0): b' 3101,1,0,256,0,12,0,0,4,0,0,0,10,2726,31050,3670,100,2,0,0 '
Received from ('fd00::200:0:0:b', 8765, 0, 0): b' 3101,11,7,1024,0,787,4,15,7,1,1,-52,2,1209,10450,198,100,1,0,0 '
Received from ('fd00::200:0:0:c', 8765, 0, 0): b' 3102,12,8,1024,0,208,3,8,7,1,1,-52,0,368,4570,76,100,1,0,0 '
Received from ('fd00::200:0:0:7', 8765, 0, 0): b' 3103,7,4,768,10,721,6,22,7,1,2,-70,10,2530,15843,201,100,1,0,0 '
Received from ('fd00::200:0:0:d', 8765, 0, 0): b' 3101,13,11,1422,0,2,1,1,1,1,1,-95,0,1134,5807,1,100,6,0,0 '
Received from ('fd00::200:0:0:8', 8765, 0, 0): b' 3104,8,4,768,0,743,6,22,7,1,2,-52,4,661,7986,201,100,1,0,0 '
Received from ('fd00::200:0:0:5', 8765, 0, 0): b' 3103,5,1,512,0,717,8,1,6,1,1,-94,2,582,7907,206,100,1,0,0 '
Received from ('fd00::200:0:0:15', 8765, 0, 0): b' 3101,21,20,1536,10,722,10,7,5,1,4,-52,0,503,6953,179,100,1,0,0 '
Received from ('fd00::200:0:0:e', 8765, 0, 0): b' 3103,14,11,1280,0,764,7,4,7,1,2,-70,0,1129,11163,194,100,2,0,0 '
Received from ('fd00::200:0:0:12', 8765, 0, 0): b' 3101,18,15,1280,0,735,4,4,5,1,1,-70,2,1036,11057,193,100,3,0,0 '
Received from ('fd00::200:0:0:2', 8765, 0, 0): b' 3105,2,1,512,0,696,8,1,6,1,1,-88,9,889,10317,207,100,1,0,0 '
Received from ('fd00::200:0:0:3', 8765, 0, 0): b' 3105,3,1,512,0,758,8,3,7,1,2,-64,1,694,9227,203,100,2,0,0 '
Received from ('fd00::200:0:0:f', 8765, 0, 0): b' 3105,15,7,1024,0,673,8,25,7,1,3,-95,6,1758,15234,195,100,1,0,0 '
Received from ('fd00::200:0:0:6', 8765, 0, 0): b' 3105,6,2,768,0,291,5,2,7,1,2,-52,1,857,13987,100,100,2,1,5 '
Received from ('fd00::200:0:0:14', 8765, 0, 0): b' 3103,20,15,1280,0,720,7,6,7,1,2,-70,1,798,9316,186,100,1,0,0 '
Received from ('fd00::200:0:0:b', 8765, 0, 0): b' 3106,11,7,1024,0,788,4,15,7,1,1,-52,2,987,9112,199,100,1,0,0 '
Received from ('fd00::200:0:0:13', 8765, 0, 0): b' 3106,19,15,1280,0,735,6,4,7,1,1,-52,0,832,10828,195,100,2,0,0 '
Received from ('fd00::200:0:0:4', 8765, 0, 0): b' 3109,4,1,512,0,705,8,2,7,2,1,-66,10,4660,25414,206,100,2,0,0 '
Received from ('fd00::200:0:0:2', 8765, 0, 0): b' 3109,2,1,512,0,697,8,1,6,1,1,-88,9,945,7825,208,100,1,0,0 '
Received from ('fd00::200:0:0:e', 8765, 0, 0): b' 3109,14,11,1280,0,765,7,4,7,1,2,-70,0,451,5623,195,100,1,0,0 '
Received from ('fd00::200:0:0:10', 8765, 0, 0): b' 3109,16,15,1280,0,738,13,17,7,1,6,-52,2,892,11492,184,100,2,0,0 '
Received from ('fd00::200:0:0:f', 8765, 0, 0): b' 3111,15,7,1024,0,674,8,25,7,1,3,-95,6,1530,12749,195,100,1,0,0 '
Received from ('fd00::200:0:0:d', 8765, 0, 0): b' 3108,13,11,1328,10,2,1,1,1,1,1,-95,0,727,6221,2,100,5,0,0 '
Received from ('fd00::200:0:0:5', 8765, 0, 0): b' 3111,5,1,512,0,719,8,1,6,1,1,-94,2,596,11587,207,100,1,0,0 '
Received from ('fd00::200:0:0:15', 8765, 0, 0): b' 3109,21,20,1536,0,723,10,7,5,1,4,-52,0,572,7277,180,100,2,0,0 '
Received from ('fd00::200:0:0:c', 8765, 0, 0): b' 3111,12,8,1024,10,210,3,9,7,1,1,-52,0,703,8822,77,100,3,0,0 '
Received from ('fd00::200:0:0:8', 8765, 0, 0): b' 3112,8,4,768,0,743,6,22,7,1,2,-52,4,778,15081,201,100,1,0,0 '
Received from ('fd00::200:0:0:3', 8765, 0, 0): b' 3113,3,1,512,0,759,8,3,7,1,2,-64,1,390,8991,203,100,1,0,0 '
Received from ('fd00::200:0:0:1', 5678, 0, 0): b' 3113,1,0,256,0,12,0,0,4,0,0,0,10,2765,30937,3684,100,2,0,0 '
Received from ('fd00::200:0:0:4', 8765, 0, 0): b' 3113,4,1,512,20,706,8,2,7,2,1,-66,10,2043,12053,207,100,1,0,0 '
Received from ('fd00::200:0:0:7', 8765, 0, 0): b' 3114,7,4,768,10,722,6,22,7,1,2,-70,10,3863,26079,202,100,2,0,0 '
Received from ('fd00::200:0:0:12', 8765, 0, 0): b' 3111,18,15,1280,0,737,4,4,5,1,1,-70,2,703,9540,194,100,2,0,0 '
Received from ('fd00::200:0:0:e', 8765, 0, 0): b' 3113,14,11,1280,10,768,7,4,7,1,2,-70,0,583,4753,195,100,1,0,0 '
Received from ('fd00::200:0:0:13', 8765, 0, 0): b' 3112,19,15,1280,0,738,6,4,7,1,1,-52,0,608,6238,195,100,1,0,0 '
Received from ('fd00::200:0:0:f', 8765, 0, 0): b' 3115,15,7,1024,10,676,8,26,7,1,3,-95,6,1389,10367,195,100,2,0,0 '
Received from ('fd00::200:0:0:14', 8765, 0, 0): b' 3113,20,15,1280,0,722,7,6,7,1,2,-70,1,1112,12418,186,100,3,0,0 '
Received from ('fd00::200:0:0:10', 8765, 0, 0): b' 3116,16,15,1280,0,740,13,17,7,1,6,-52,2,637,6437,185,100,2,0,0 '
Received from ('fd00::200:0:0:6', 8765, 0, 0): b' 3117,6,2,768,10,296,5,2,7,1,2,-52,1,816,16068,101,100,1,1,5 '
Received from ('fd00::200:0:0:15', 8765, 0, 0): b' 3115,21,20,1536,0,726,10,7,5,1,4,-52,0,608,6245,180,100,1,0,0 '
Received from ('fd00::200:0:0:b', 8765, 0, 0): b' 3117,11,7,1024,0,793,4,15,7,1,1,-52,2,2079,22232,199,100,3,0,0 '
Received from ('fd00::200:0:0:7', 8765, 0, 0): b' 3118,7,4,768,10,725,6,22,7,1,2,-70,10,2141,10775,202,100,2,0,0 '
Received from ('fd00::200:0:0:13', 8765, 0, 0): b' 3117,19,15,1280,0,740,6,4,7,1,1,-52,0,470,4557,195,100,2,0,0 '
Received from ('fd00::200:0:0:c', 8765, 0, 0): b' 3119,12,8,1024,10,214,3,9,7,1,1,-52,0,731,8457,77,100,2,0,0 '
Received from ('fd00::200:0:0:f', 8765, 0, 0): b' 3119,15,7,1024,0,677,8,26,7,1,3,-95,6,1525,11601,196,100,2,0,0 '
Received from ('fd00::200:0:0:8', 8765, 0, 0): b' 3120,8,4,768,0,745,6,22,7,1,2,-52,4,1019,14397,202,100,3,0,0 '
Received from ('fd00::200:0:0:e', 8765, 0, 0): b' 3119,14,11,1280,0,771,7,4,7,1,2,-70,0,602,5504,195,100,2,0,0 '
Received from ('fd00::200:0:0:d', 8765, 0, 0): b' 3119,13,11,1280,0,3,1,1,2,1,1,-95,0,941,9630,2,100,7,0,0 '
Received from ('fd00::200:0:0:4', 8765, 0, 0): b' 3120,4,1,512,0,709,8,2,7,2,1,-66,10,4036,19076,207,100,3,0,0 '
Received from ('fd00::200:0:0:2', 8765, 0, 0): b' 3120,2,1,512,10,700,8,1,6,1,1,-88,9,1363,17991,208,100,2,0,0 '
Received from ('fd00::200:0:0:1', 5678, 0, 0): b' 3122,1,0,256,0,12,0,0,4,0,0,0,10,2128,24211,3693,100,2,0,0 '
Received from ('fd00::200:0:0:14', 8765, 0, 0): b' 3122,20,15,1280,0,723,7,6,7,1,2,-70,1,797,9503,187,100,2,0,0 '
Received from ('fd00::200:0:0:6', 8765, 0, 0): b' 3123,6,2,768,0,297,5,2,7,1,2,-52,1,611,9668,101,100,1,1,5 '
Received from ('fd00::200:0:0:5', 8765, 0, 0): b' 3122,5,1,512,0,722,8,1,6,1,1,-94,2,825,16547,208,100,2,0,0 '
Received from ('fd00::200:0:0:3', 8765, 0, 0): b' 3122,3,1,512,0,763,8,3,7,1,2,-64,1,931,13098,204,100,2,0,0 '
Received from ('fd00::200:0:0:12', 8765, 0, 0): b' 3123,18,15,1280,0,741,4,4,5,1,1,-70,2,829,8585,194,100,3,0,0 '
Received from ('fd00::200:0:0:2', 8765, 0, 0): b' 3124,2,1,512,0,701,8,1,6,1,1,-88,9,936,7035,209,100,1,0,0 '
Received from ('fd00::200:0:0:7', 8765, 0, 0): b' 3123,7,4,768,10,726,6,22,7,1,2,-70,10,2289,16531,202,100,2,0,0 '
Received from ('fd00::200:0:0:4', 8765, 0, 0): b' 3124,4,1,512,0,709,8,2,7,2,1,-66,10,1251,10076,207,100,0,0,0 '
Received from ('fd00::200:0:0:10', 8765, 0, 0): b' 3125,16,15,1280,0,742,13,17,7,1,6,-52,1,865,9936,185,100,3,0,0 '
Received from ('fd00::200:0:0:8', 8765, 0, 0): b' 3124,8,4,768,0,749,6,22,7,1,2,-52,4,914,11166,202,100,2,0,0 '
Received from ('fd00::200:0:0:b', 8765, 0, 0): b' 3124,11,7,1024,0,796,4,15,7,1,1,-52,2,1532,15006,200,100,2,0,0 '
Received from ('fd00::200:0:0:d', 8765, 0, 0): b' 3123,13,11,1280,0,4,1,1,3,1,1,-95,0,512,4560,3,100,3,0,0 '
Received from ('fd00::200:0:0:1', 5678, 0, 0): b' 3127,1,0,256,0,12,0,0,4,0,0,0,10,1226,13200,3701,100,1,0,0 '
Received from ('fd00::200:0:0:12', 8765, 0, 0): b' 3127,18,15,1280,0,743,4,4,5,1,1,-70,2,526,4244,195,100,2,0,0 '
Received from ('fd00::200:0:0:c', 8765, 0, 0): b' 3125,12,8,1024,0,216,3,9,7,1,1,-52,0,598,8892,78,100,2,0,0 '
Received from ('fd00::200:0:0:15', 8765, 0, 0): b' 3127,21,20,1536,0,731,10,7,5,1,4,-52,0,1017,10640,181,100,3,0,0 '
Received from ('fd00::200:0:0:13', 8765, 0, 0): b' 3127,19,15,1280,0,742,6,4,7,1,1,-52,0,695,8735,196,100,3,0,0 '
Received from ('fd00::200:0:0:e', 8765, 0, 0): b' 3128,14,11,1280,0,774,7,4,7,1,2,-70,0,705,8974,196,100,2,0,0 '
Received from ('fd00::200:0:0:b', 8765, 0, 0): b' 3127,11,7,1024,10,797,4,15,7,1,1,-52,2,718,7915,200,100,1,0,0 '
Received from ('fd00::200:0:0:d', 8765, 0, 0): b' 3128,13,11,1280,0,4,1,1,3,1,1,-95,0,355,4514,3,100,2,0,0 '
Received from ('fd00::200:0:0:6', 8765, 0, 0): b' 3130,6,2,768,0,299,5,2,7,1,2,-52,1,674,10910,102,100,2,1,5 '
Received from ('fd00::200:0:0:f', 8765, 0, 0): b' 3128,15,7,1024,0,681,8,26,7,1,3,-95,6,2896,26154,196,100,2,0,0 '
Received from ('fd00::200:0:0:2', 8765, 0, 0): b' 3131,2,1,512,10,702,8,1,6,1,1,-88,9,683,9725,209,100,1,0,0 '
Received from ('fd00::200:0:0:3', 8765, 0, 0): b' 3131,3,1,512,0,769,8,3,7,1,2,-64,1,1146,11694,205,100,2,0,0 '
Received from ('fd00::200:0:0:14', 8765, 0, 0): b' 3132,20,15,1280,0,725,7,6,7,1,2,-70,1,1120,12265,187,100,2,0,0 '
Received from ('fd00::200:0:0:12', 8765, 0, 0): b' 3132,18,15,1280,0,744,4,4,5,1,1,-70,2,296,4718,195,100,0,0,0 '
Received from ('fd00::200:0:0:7', 8765, 0, 0): b' 3131,7,4,768,0,728,6,22,7,1,2,-70,10,3144,18094,203,100,3,0,0 '
Received from ('fd00::200:0:0:15', 8765, 0, 0): b' 3134,21,20,1536,0,733,10,7,5,1,4,-52,0,527,6821,181,100,1,0,0 '
Received from ('fd00::200:0:0:10', 8765, 0, 0): b' 3132,16,15,1280,0,746,13,17,7,1,6,-52,1,874,8427,186,100,2,0,0 '
Received from ('fd00::200:0:0:e', 8765, 0, 0): b' 3134,14,11,1280,0,775,7,4,7,1,2,-70,0,393,5396,196,100,1,0,0 '
Received from ('fd00::200:0:0:5', 8765, 0, 0): b' 3134,5,1,512,0,727,8,1,6,1,1,-94,2,988,17679,208,100,2,0,0 '
Received from ('fd00::200:0:0:d', 8765, 0, 0): b' 3133,13,11,1280,0,5,1,1,3,1,1,-95,0,480,4811,3,100,3,0,0 '
Received from ('fd00::200:0:0:14', 8765, 0, 0): b' 3134,20,15,1280,0,726,7,6,7,1,2,-70,1,633,5428,188,100,2,0,0 '
Received from ('fd00::200:0:0:8', 8765, 0, 0): b' 3134,8,4,768,0,752,6,22,7,1,2,-52,4,1127,18558,203,100,2,0,0 '
Received from ('fd00::200:0:0:13', 8765, 0, 0): b' 3133,19,15,1280,10,744,6,4,7,1,1,-52,0,500,7206,196,100,1,0,0 '
Received from ('fd00::200:0:0:4', 8765, 0, 0): b' 3136,4,1,512,0,713,8,2,7,2,1,-66,10,5660,29559,208,100,3,0,0 '
Received from ('fd00::200:0:0:12', 8765, 0, 0): b' 3135,18,15,1280,0,745,4,4,5,1,1,-70,2,369,4556,195,100,1,0,0 '
Received from ('fd00::200:0:0:b', 8765, 0, 0): b' 3136,11,7,1024,0,800,4,15,7,1,1,-52,2,1747,16530,201,100,3,0,0 '
Received from ('fd00::200:0:0:6', 8765, 0, 0): b' 3138,6,2,768,10,300,5,2,7,1,2,-52,1,391,10286,102,100,1,1,5 '
Received from ('fd00::200:0:0:c', 8765, 0, 0): b' 3136,12,8,1024,0,216,3,9,7,1,1,-52,0,457,9518,78,100,2,0,0 '
Received from ('fd00::200:0:0:5', 8765, 0, 0): b' 3138,5,1,512,0,728,8,1,6,1,1,-94,2,442,6390,209,100,1,0,0 '
Received from ('fd00::200:0:0:1', 5678, 0, 0): b' 3138,1,0,256,0,12,0,0,4,0,0,0,10,2697,30670,3713,100,2,0,0 '
Received from ('fd00::200:0:0:13', 8765, 0, 0): b' 3138,19,15,1280,0,748,6,4,7,1,1,-52,0,765,5347,197,100,2,0,0 '
Received from ('fd00::200:0:0:2', 8765, 0, 0): b' 3140,2,1,512,0,703,8,1,6,1,1,-88,9,1370,15339,210,100,2,0,0 '
Received from ('fd00::200:0:0:f', 8765, 0, 0): b' 3139,15,7,1024,10,682,8,27,7,1,3,-95,6,2984,24819,197,100,3,0,0 '
Received from ('fd00::200:0:0:e', 8765, 0, 0): b' 3140,14,11,1280,0,776,7,4,7,1,2,-70,0,540,5974,197,100,3,0,0 '
Received from ('fd00::200:0:0:14', 8765, 0, 0): b' 3139,20,15,1280,10,727,7,6,7,1,2,-70,1,575,6304,188,100,1,0,0 '
Received from ('fd00::200:0:0:3', 8765, 0, 0): b' 3142,3,1,512,0,771,8,3,7,1,2,-64,1,547,13181,205,100,1,0,0 '
Received from ('fd00::200:0:0:7', 8765, 0, 0): b' 3142,7,4,768,20,729,6,22,7,1,2,-70,10,3476,22579,204,100,1,0,0 '
Received from ('fd00::200:0:0:15', 8765, 0, 0): b' 3138,21,20,1536,0,734,10,7,5,1,4,-52,0,604,6887,182,100,1,0,0 '
Received from ('fd00::200:0:0:10', 8765, 0, 0): b' 3139,16,15,1280,0,746,13,17,7,1,6,-52,1,368,7276,186,100,1,0,0 '
Received from ('fd00::200:0:0:4', 8765, 0, 0): b' 3144,4,1,512,10,713,8,2,7,2,1,-66,10,3211,19223,209,100,2,0,0 '
Received from ('fd00::200:0:0:13', 8765, 0, 0): b' 3142,19,15,1280,0,749,6,4,7,1,1,-52,0,369,4337,197,100,1,0,0 '
Received from ('fd00::200:0:0:b', 8765, 0, 0): b' 3143,11,7,1024,10,803,4,15,7,1,1,-52,2,1025,13300,201,100,1,0,0 '
Received from ('fd00::200:0:0:c', 8765, 0, 0): b' 3143,12,8,1024,0,218,3,9,7,1,1,-52,0,669,7875,79,100,3,0,0 '
Received from ('fd00::200:0:0:12', 8765, 0, 0): b' 3144,18,15,1280,0,748,4,4,5,1,1,-70,2,802,8721,196,100,3,0,0 '
Received from ('fd00::200:0:0:8', 8765, 0, 0): b' 3146,8,4,768,0,756,6,22,7,1,2,-52,4,1747,19330,203,100,2,0,0 '
Received from ('fd00::200:0:0:d', 8765, 0, 0): b' 3142,13,8,1152,0,6,3,1,5,0,2,-70,0,1172,8874,3,100,5,0,0 '
Received from ('fd00::200:0:0:6', 8765, 0, 0): b' 3149,6,2,768,10,302,5,2,7,1,2,-52,1,617,15968,103,100,2,1,5 '
Received from ('fd00::200:0:0:e', 8765, 0, 0): b' 3147,14,11,1280,0,779,7,4,7,1,2,-70,0,631,7983,197,100,1,0,0 '
Received from ('fd00::200:0:0:4', 8765, 0, 0): b' 3149,4,1,512,0,716,8,2,7,2,1,-66,10,2170,12540,209,100,1,0,0 '
Received from ('fd00::200:0:0:7', 8765, 0, 0): b' 3149,7,4,768,0,729,6,22,7,1,2,-70,10,1872,15256,204,100,2,0,0 '
Received from ('fd00::200:0:0:f', 8765, 0, 0): b' 3148,15,7,1024,0,683,8,28,7,1,3,-95,6,2492,21245,198,100,3,0,0 '
Received from ('fd00::200:0:0:3', 8765, 0, 0): b' 3149,3,1,512,0,771,8,3,7,1,2,-64,1,480,8822,206,100,2,0,0 '
Received from ('fd00::200:0:0:5', 8765, 0, 0): b' 3149,5,1,512,0,733,8,1,6,1,1,-94,2,987,17296,209,100,2,0,0 '
Received from ('fd00::200:0:0:14', 8765, 0, 0): b' 3148,20,15,1280,10,730,7,6,7,1,2,-70,1,956,11813,189,100,1,0,0 '
Received from ('fd00::200:0:0:1', 5678, 0, 0): b' 3150,1,0,256,0,12,0,0,4,0,0,0,10,2571,30567,3723,100,2,0,0 '
Received from ('fd00::200:0:0:b', 8765, 0, 0): b' 3149,11,7,1024,10,804,4,15,7,1,1,-52,2,663,10696,201,100,1,0,0 '
Received from ('fd00::200:0:0:2', 8765, 0, 0): b' 3151,2,1,512,0,706,8,1,6,1,1,-88,9,1323,15757,210,100,2,0,0 '
Received from ('fd00::200:0:0:15', 8765, 0, 0): b' 3150,21,20,1536,0,737,10,7,5,1,4,-52,0,777,10594,182,100,2,0,0 '
Received from ('fd00::200:0:0:d', 8765, 0, 0): b' 3149,13,8,1024,0,7,3,1,5,1,2,-70,0,703,6843,3,100,4,0,0 '
Received from ('fd00::200:0:0:10', 8765, 0, 0): b' 3150,16,15,1280,0,750,13,17,7,1,6,-52,1,1155,10910,187,100,2,0,0 '
Received from ('fd00::200:0:0:8', 8765, 0, 0): b' 3152,8,4,768,0,757,6,22,7,1,2,-52,4,1131,12819,204,100,2,0,0 '
Received from ('fd00::200:0:0:c', 8765, 0, 0): b' 3151,12,8,1024,0,218,3,9,7,1,1,-52,0,308,7345,79,100,1,0,0 '
Received from ('fd00::200:0:0:11', 8765, 0, 0): b' 3133,17,16,1664,60,717,10,6,7,0,4,-52,0,931,13360,186,100,4,0,0 '
Received from ('fd00::200:0:0:6', 8765, 0, 0): b' 3154,6,2,768,10,304,5,2,7,1,2,-52,1,582,7415,103,100,1,1,5 '
Received from ('fd00::200:0:0:7', 8765, 0, 0): b' 3154,7,4,768,0,730,6,22,7,1,2,-70,10,1681,10728,204,100,0,0,0 '
Received from ('fd00::200:0:0:f', 8765, 0, 0): b' 3152,15,7,1024,20,685,8,28,7,1,3,-95,6,1522,11124,198,100,0,0,0 '
Received from ('fd00::200:0:0:2', 8765, 0, 0): b' 3155,2,1,512,0,708,8,1,6,1,1,-88,9,936,7362,211,100,1,0,0 '
Received from ('fd00::200:0:0:5', 8765, 0, 0): b' 3154,5,1,512,10,736,8,1,6,1,1,-94,2,656,7746,210,100,1,0,0 '
Received from ('fd00::200:0:0:1', 5678, 0, 0): b' 3155,1,0,256,0,12,0,0,4,0,0,0,10,1417,14099,3733,100,1,0,0 '
Received from ('fd00::200:0:0:3', 8765, 0, 0): b' 3155,3,1,512,0,773,8,3,7,1,2,-64,1,497,7533,206,100,1,0,0 '
Received from ('fd00::200:0:0:11', 8765, 0, 0): b' 3140,17,16,1664,40,720,10,6,7,0,4,-52,0,250,7647,186,100,2,0,0 '
Received from ('fd00::200:0:0:11', 8765, 0, 0): b' 3147,17,16,1664,60,721,10,6,7,0,4,-52,0,653,8397,187,100,1,0,0 '
Received from ('fd00::200:0:0:11', 8765, 0, 0): b' 3152,17,16,1536,60,722,10,6,7,1,4,-52,0,550,5637,187,100,1,0,0 '
Received from ('fd00::200:0:0:c', 8765, 0, 0): b' 3155,12,8,1024,0,219,3,9,7,1,1,-52,0,423,4214,80,100,1,0,0 '
Received from ('fd00::200:0:0:14', 8765, 0, 0): b' 3153,20,15,1280,0,731,7,6,7,1,2,-70,1,836,7171,189,100,1,0,0 '
Received from ('fd00::200:0:0:13', 8765, 0, 0): b' 3153,19,15,1280,0,753,6,4,7,1,1,-52,0,915,10225,198,100,2,0,0 '
Received from ('fd00::200:0:0:8', 8765, 0, 0): b' 3159,8,4,768,0,760,6,22,7,1,2,-52,4,1293,12039,204,100,1,0,0 '
Received from ('fd00::200:0:0:12', 8765, 0, 0): b' 3156,18,15,1280,0,751,4,4,5,1,1,-70,2,832,11178,197,100,2,0,0 '
Received from ('fd00::200:0:0:4', 8765, 0, 0): b' 3159,4,1,512,0,718,8,2,7,2,1,-66,10,5386,27756,210,100,2,0,0 '
Received from ('fd00::200:0:0:e', 8765, 0, 0): b' 3158,14,11,1280,0,781,7,4,7,1,2,-70,0,701,9636,198,100,2,0,0 '
Received from ('fd00::200:0:0:14', 8765, 0, 0): b' 3158,20,15,1280,0,731,7,6,7,1,2,-70,1,346,6296,189,100,1,0,0 '
Received from ('fd00::200:0:0:11', 8765, 0, 0): b' 3159,17,16,1536,0,728,10,6,7,1,4,-52,0,1370,10913,188,100,2,0,0 '
Received from ('fd00::200:0:0:7', 8765, 0, 0): b' 3161,7,4,768,10,731,6,22,7,1,2,-70,10,3202,18772,205,100,2,0,0 '
Received from ('fd00::200:0:0:6', 8765, 0, 0): b' 3162,6,2,768,0,308,5,2,7,1,2,-52,1,816,12474,104,100,1,1,5 '
Received from ('fd00::200:0:0:10', 8765, 0, 0): b' 3158,16,15,1280,0,754,13,17,7,1,6,-52,1,2316,14592,188,100,2,0,0 '
Received from ('fd00::200:0:0:3', 8765, 0, 0): b' 3161,3,1,512,0,773,8,3,7,1,2,-64,1,428,7922,207,100,1,0,0 '
Received from ('fd00::200:0:0:13', 8765, 0, 0): b' 3158,19,15,1280,0,755,6,4,7,1,1,-52,0,501,5983,198,100,1,0,0 '
Received from ('fd00::200:0:0:12', 8765, 0, 0): b' 3159,18,15,1280,0,752,4,4,5,1,1,-70,2,370,4203,197,100,1,0,0 '
Received from ('fd00::200:0:0:b', 8765, 0, 0): b' 3161,11,7,1024,10,810,4,15,7,1,1,-52,2,1547,21425,202,100,2,0,0 '
Received from ('fd00::200:0:0:5', 8765, 0, 0): b' 3163,5,1,512,0,736,8,1,6,1,1,-94,2,332,12344,210,100,1,0,0 '
Received from ('fd00::200:0:0:d', 8765, 0, 0): b' 3161,13,8,1024,0,9,3,1,5,1,2,-70,0,874,10754,4,100,5,0,0 '
Received from ('fd00::200:0:0:2', 8765, 0, 0): b' 3164,2,1,512,0,713,8,1,6,1,1,-88,9,1363,14462,211,100,1,0,0 '
Received from ('fd00::200:0:0:15', 8765, 0, 0): b' 3160,21,20,1536,10,740,10,7,5,1,4,-52,0,703,11011,183,100,2,0,0 '
Received from ('fd00::200:0:0:f', 8765, 0, 0): b' 3162,15,7,1024,0,686,8,28,7,1,3,-95,6,3874,26493,199,100,2,0,0 '
Received from ('fd00::200:0:0:8', 8765, 0, 0): b' 3165,8,4,768,10,764,6,22,7,1,2,-52,4,1202,12617,205,100,1,0,0 '
Received from ('fd00::200:0:0:e', 8765, 0, 0): b' 3163,14,11,1280,0,782,7,4,7,1,2,-70,0,393,4774,198,100,1,0,0 '
Received from ('fd00::200:0:0:c', 8765, 0, 0): b' 3165,12,8,1024,10,221,3,9,7,1,1,-52,0,495,7221,80,100,1,0,0 '
Received from ('fd00::200:0:0:10', 8765, 0, 0): b' 3162,16,15,1280,0,754,13,17,7,1,6,-52,1,378,5813,188,100,1,0,0 '
Received from ('fd00::200:0:0:1', 5678, 0, 0): b' 3166,1,0,256,0,12,0,0,4,0,0,0,10,2565,28802,3745,100,2,0,0 '
Received from ('fd00::200:0:0:b', 8765, 0, 0): b' 3166,11,7,1024,0,810,4,15,7,1,1,-52,2,610,7640,202,100,1,0,0 '
Received from ('fd00::200:0:0:11', 8765, 0, 0): b' 3166,17,16,1536,0,730,10,6,7,1,4,-52,0,688,7355,188,100,3,0,0 '
Received from ('fd00::200:0:0:f', 8765, 0, 0): b' 3168,15,7,1024,0,687,8,28,7,1,3,-95,6,1074,9729,199,100,1,0,0 '
Received from ('fd00::200:0:0:4', 8765, 0, 0): b' 3168,4,1,512,10,721,8,2,7,2,1,-66,10,4562,24255,210,100,1,0,0 '
Received from ('fd00::200:0:0:6', 8765, 0, 0): b' 3168,6,2,768,0,310,5,2,7,1,2,-52,1,595,10857,104,100,2,1,5 '
Received from ('fd00::200:0:0:13', 8765, 0, 0): b' 3170,19,15,1280,0,758,6,4,7,1,1,-52,0,802,9003,199,100,3,0,0 '
Received from ('fd00::200:0:0:3', 8765, 0, 0): b' 3169,3,1,512,10,775,8,3,7,1,2,-64,1,497,8861,207,100,1,0,0 '
Received from ('fd00::200:0:0:8', 8765, 0, 0): b' 3170,8,4,768,20,767,6,22,7,1,2,-52,4,1020,9939,205,100,2,0,0 '
Received from ('fd00::200:0:0:7', 8765, 0, 0): b' 3170,7,4,768,10,734,6,22,7,1,2,-70,10,3398,21031,206,100,1,0,0 '
Received from ('fd00::200:0:0:14', 8765, 0, 0): b' 3171,20,15,1280,0,736,7,6,7,1,2,-70,1,1524,14738,190,100,2,0,0 '
Received from ('fd00::200:0:0:c', 8765, 0, 0): b' 3172,12,8,1024,0,223,3,9,7,1,1,-52,0,777,7376,81,100,3,0,0 '
Received from ('fd00::200:0:0:e', 8765, 0, 0): b' 3169,14,11,1280,10,784,7,4,7,1,2,-70,0,444,6063,199,100,2,0,0 '
Received from ('fd00::200:0:0:12', 8765, 0, 0): b' 3171,18,15,1280,0,754,4,4,5,1,1,-70,2,615,8331,197,100,3,0,0 '
Received from ('fd00::200:0:0:d', 8765, 0, 0): b' 3172,13,8,1024,10,10,3,1,5,1,2,-70,0,663,8611,5,100,3,0,0 '
Received from ('fd00::200:0:0:f', 8765, 0, 0): b' 3173,15,7,1024,0,687,8,28,7,1,3,-95,6,1368,11540,199,100,1,0,0 '
Received from ('fd00::200:0:0:2', 8765, 0, 0): b' 3173,2,1,512,0,715,8,1,6,1,1,-88,9,1505,16059,212,100,2,0,0 '
Received from ('fd00::200:0:0:3', 8765, 0, 0): b' 3173,3,1,512,0,778,8,3,7,1,2,-64,1,652,6512,208,100,1,0,0 '
Received from ('fd00::200:0:0:b', 8765, 0, 0): b' 3174,11,7,1024,0,811,4,15,7,1,1,-52,2,883,13829,203,100,2,0,0 '
Received from ('fd00::200:0:0:4', 8765, 0, 0): b' 3174,4,1,512,0,723,8,2,7,2,1,-66,10,3267,16411,211,100,2,0,0 '
Received from ('fd00::200:0:0:13', 8765, 0, 0): b' 3174,19,15,1280,0,759,6,4,7,1,1,-52,0,272,3959,199,100,0,0,0 '
Received from ('fd00::200:0:0:1', 5678, 0, 0): b' 3174,1,0,256,0,12,0,0,4,0,0,0,10,2110,22551,3757,100,2,0,0 '
Received from ('fd00::200:0:0:5', 8765, 0, 0): b' 3174,5,1,512,0,738,8,1,6,1,1,-94,2,718,16143,211,100,2,0,0 '
Received from ('fd00::200:0:0:15', 8765, 0, 0): b' 3175,21,20,1536,0,742,10,7,5,1,4,-52,0,1002,11595,184,100,3,0,0 '
Received from ('fd00::200:0:0:10', 8765, 0, 0): b' 3176,16,15,1280,10,755,13,17,7,1,6,-52,1,1124,14496,189,100,2,0,0 '
Received from ('fd00::200:0:0:7', 8765, 0, 0): b' 3177,7,4,768,10,738,6,22,7,1,2,-70,10,2594,16124,206,100,2,0,0 '
Received from ('fd00::200:0:0:11', 8765, 0, 0): b' 3177,17,16,1536,0,736,10,6,7,1,4,-52,0,1051,10977,189,100,2,0,0 '
Received from ('fd00::200:0:0:3', 8765, 0, 0): b' 3177,3,1,512,0,778,8,3,7,1,2,-64,1,287,5164,208,100,1,0,0 '
Received from ('fd00::200:0:0:8', 8765, 0, 0): b' 3178,8,4,768,10,769,6,22,7,1,2,-52,4,1306,15234,206,100,1,0,0 '
Received from ('fd00::200:0:0:14', 8765, 0, 0): b' 3178,20,15,1280,10,737,7,6,7,1,2,-70,1,841,10139,191,100,2,0,0 '
Received from ('fd00::200:0:0:13', 8765, 0, 0): b' 3179,19,15,1280,0,760,6,4,7,1,1,-52,0,490,6132,199,100,2,0,0 '
Received from ('fd00::200:0:0:6', 8765, 0, 0): b' 3179,6,2,768,0,311,5,2,7,1,2,-52,1,616,16496,105,100,2,1,5 '
Received from ('fd00::200:0:0:10', 8765, 0, 0): b' 3181,16,15,1280,0,756,13,17,7,1,6,-52,1,668,6001,189,100,1,0,0 '
Received from ('fd00::200:0:0:2', 8765, 0, 0): b' 3181,2,1,512,0,717,8,1,6,1,1,-88,9,1099,11663,213,100,1,0,0 '
Received from ('fd00::200:0:0:12', 8765, 0, 0): b' 3181,18,15,1280,0,758,4,4,5,1,1,-70,2,939,10488,198,100,2,0,0 '
Received from ('fd00::200:0:0:e', 8765, 0, 0): b' 3181,14,11,1280,0,788,7,4,7,1,2,-70,0,991,11407,199,100,2,0,0 '
Received from ('fd00::200:0:0:d', 8765, 0, 0): b' 3182,13,8,1024,10,11,3,1,5,1,2,-70,0,626,8978,5,100,4,0,0 '
Received from ('fd00::200:0:0:5', 8765, 0, 0): b' 3182,5,1,512,0,739,8,1,6,1,1,-94,2,659,11636,212,100,2,0,0 '
Received from ('fd00::200:0:0:b', 8765, 0, 0): b' 3184,11,7,1024,0,813,4,15,7,1,1,-52,2,1109,17701,204,100,2,0,0 '
Received from ('fd00::200:0:0:c', 8765, 0, 0): b' 3183,12,8,1024,0,226,3,9,7,1,1,-52,0,844,11393,81,100,2,0,0 '
Received from ('fd00::200:0:0:f', 8765, 0, 0): b' 3184,15,7,1024,0,687,8,28,7,1,3,-95,6,3094,26195,200,100,2,0,0 '
Received from ('fd00::200:0:0:7', 8765, 0, 0): b' 3184,7,4,768,10,738,6,22,7,1,2,-70,10,2447,16613,206,100,1,0,0 '
Received from ('fd00::200:0:0:11', 8765, 0, 0): b' 3184,17,16,1536,0,738,10,6,7,1,4,-52,0,600,6673,189,100,2,0,0 '
Received from ('fd00::200:0:0:6', 8765, 0, 0): b' 3185,6,2,768,0,311,5,2,7,1,2,-52,1,340,8237,106,100,1,1,5 '
Received from ('fd00::200:0:0:15', 8765, 0, 0): b' 3185,21,20,1536,0,745,10,7,5,1,4,-52,0,829,10378,185,100,3,0,0 '
Received from ('fd00::200:0:0:4', 8765, 0, 0): b' 3186,4,1,512,10,729,8,2,7,2,1,-66,10,5312,29704,211,100,2,0,0 '
Received from ('fd00::200:0:0:1', 5678, 0, 0): b' 3186,1,0,256,0,12,0,0,4,0,0,0,10,2841,31232,3772,100,2,0,0 '
Received from ('fd00::200:0:0:8', 8765, 0, 0): b' 3187,8,4,768,0,771,6,22,7,1,2,-52,4,1446,16137,206,100,2,0,0 '
Received from ('fd00::200:0:0:5', 8765, 0, 0): b' 3187,5,1,512,0,740,8,1,6,1,1,-94,2,391,7119,212,100,1,0,0 '
Received from ('fd00::200:0:0:3', 8765, 0, 0): b' 3188,3,1,512,0,782,8,3,7,1,2,-64,1,856,12019,208,100,2,0,0 '
Received from ('fd00::200:0:0:12', 8765, 0, 0): b' 3189,18,15,1280,0,759,4,4,5,1,1,-70,2,450,6390,199,100,1,0,0 '
Received from ('fd00::200:0:0:2', 8765, 0, 0): b' 3188,2,1,512,0,719,8,1,6,1,1,-88,9,1061,11945,213,100,2,0,0 '
Received from ('fd00::200:0:0:13', 8765, 0, 0): b' 3189,19,15,1280,0,762,6,4,7,1,1,-52,0,580,7849,200,100,1,0,0 '
Received from ('fd00::200:0:0:14', 8765, 0, 0): b' 3189,20,15,1280,0,741,7,6,7,1,2,-70,1,1289,14342,191,100,1,0,0 '
Received from ('fd00::200:0:0:f', 8765, 0, 0): b' 3191,15,7,1024,0,689,8,28,7,1,3,-95,6,2238,17492,200,100,1,0,0 '
Received from ('fd00::200:0:0:1', 5678, 0, 0): b' 3191,1,0,256,0,12,0,0,4,0,0,0,10,899,11396,3776,100,1,0,0 '
Received from ('fd00::200:0:0:e', 8765, 0, 0): b' 3190,14,11,1280,0,790,7,4,7,1,2,-70,0,678,8557,200,100,2,0,0 '
Received from ('fd00::200:0:0:11', 8765, 0, 0): b' 3191,17,16,1536,0,740,10,6,7,1,4,-52,0,594,6573,190,100,1,0,0 '
Received from ('fd00::200:0:0:b', 8765, 0, 0): b' 3191,11,7,1024,0,816,4,15,7,1,1,-52,2,1145,15133,204,100,2,0,0 '
Received from ('fd00::200:0:0:10', 8765, 0, 0): b' 3192,16,15,1280,0,759,13,17,7,1,6,-52,1,1437,14699,190,100,2,0,0 '
Received from ('fd00::200:0:0:7', 8765, 0, 0): b' 3193,7,4,768,10,740,6,22,7,1,2,-70,10,3204,21084,207,100,2,0,0 '
Received from ('fd00::200:0:0:d', 8765, 0, 0): b' 3193,13,8,1024,0,11,3,1,5,1,2,-70,0,702,10079,6,100,4,0,0 '
Received from ('fd00::200:0:0:13', 8765, 0, 0): b' 3193,19,15,1280,0,764,6,4,7,1,1,-52,0,476,4328,200,100,1,0,0 '
Received from ('fd00::200:0:0:4', 8765, 0, 0): b' 3194,4,1,512,20,729,8,2,7,2,1,-66,10,3338,20436,212,100,1,0,0 '
Received from ('fd00::200:0:0:c', 8765, 0, 0): b' 3194,12,8,1024,0,228,3,9,7,1,1,-52,0,700,10228,82,100,2,0,0 '
Received from ('fd00::200:0:0:14', 8765, 0, 0): b' 3194,20,15,1280,0,744,7,6,7,1,2,-70,1,749,7189,192,100,1,0,0 '
Received from ('fd00::200:0:0:8', 8765, 0, 0): b' 3195,8,4,768,0,774,6,22,7,1,2,-52,4,1300,15998,207,100,1,0,0 '
Received from ('fd00::200:0:0:6', 8765, 0, 0): b' 3195,6,2,768,0,312,5,2,7,1,2,-52,1,535,14309,106,100,2,1,5 '
Received from ('fd00::200:0:0:15', 8765, 0, 0): b' 3196,21,20,1536,10,748,10,7,5,1,4,-52,0,754,9593,185,100,2,0,0 '
Received from ('fd00::200:0:0:5', 8765, 0, 0): b' 3196,5,1,512,0,743,8,1,6,1,1,-94,2,703,13342,213,100,1,0,0 '
Received from ('fd00::200:0:0:10', 8765, 0, 0): b' 3195,16,15,1280,0,762,13,17,7,1,6,-52,1,492,6384,190,100,0,0,0 '
Received from ('fd00::200:0:0:3', 8765, 0, 0): b' 3198,3,1,512,0,788,8,3,7,1,2,-64,1,1049,12973,209,100,1,0,0 '
Received from ('fd00::200:0:0:1', 5678, 0, 0): b' 3198,1,0,256,0,12,0,0,4,0,0,0,10,1648,18777,3783,100,1,0,0 '
Received from ('fd00::200:0:0:f', 8765, 0, 0): b' 3198,15,7,1024,0,692,8,29,7,1,3,-95,6,2511,18301,201,100,2,0,0 '
Received from ('fd00::200:0:0:4', 8765, 0, 0): b' 3198,4,1,512,10,729,8,2,7,2,1,-66,10,1876,10977,212,100,1,0,0 '
Received from ('fd00::200:0:0:12', 8765, 0, 0): b' 3198,18,15,1280,0,761,4,4,5,1,1,-70,2,645,9616,199,100,2,0,0 '
Received from ('fd00::200:0:0:e', 8765, 0, 0): b' 3198,14,11,1280,0,791,7,4,7,1,2,-70,0,683,8325,201,100,1,0,0 '
Received from ('fd00::200:0:0:13', 8765, 0, 0): b' 3199,19,15,1280,0,766,6,4,7,1,1,-52,0,580,6940,201,100,1,0,0 '
Received from ('fd00::200:0:0:2', 8765, 0, 0): b' 3200,2,1,512,10,722,8,1,6,1,1,-88,9,1465,17736,214,100,2,0,0 '
Received from ('fd00::200:0:0:10', 8765, 0, 0): b' 3200,16,15,1280,0,763,13,17,7,1,6,-52,1,455,6099,190,100,1,0,0 '
Received from ('fd00::200:0:0:c', 8765, 0, 0): b' 3202,12,8,1024,0,230,3,9,7,1,1,-52,0,579,7531,83,100,1,0,0 '
Received from ('fd00::200:0:0:f', 8765, 0, 0): b' 3202,15,7,1024,0,693,8,29,7,1,3,-95,6,1301,10041,201,100,1,0,0 '
Received from ('fd00::200:0:0:d', 8765, 0, 0): b' 3202,13,8,1024,0,11,3,1,5,1,2,-70,0,485,8701,7,100,2,0,0 '
Received from ('fd00::200:0:0:4', 8765, 0, 0): b' 3203,4,1,512,0,730,8,2,7,2,1,-66,10,2357,12814,213,100,1,0,0 '
Received from ('fd00::200:0:0:b', 8765, 0, 0): b' 3203,11,7,1024,0,820,4,15,7,1,1,-52,1,1548,21521,205,100,2,0,0 '
Received from ('fd00::200:0:0:11', 8765, 0, 0): b' 3203,17,16,1536,10,742,10,6,7,1,4,-52,0,664,10847,191,100,3,0,0 '
Received from ('fd00::200:0:0:6', 8765, 0, 0): b' 3203,6,2,768,0,315,5,2,7,1,2,-52,1,685,12068,107,100,1,1,5 '
Received from ('fd00::200:0:0:12', 8765, 0, 0): b' 3204,18,15,1280,0,762,4,4,5,1,1,-70,2,449,5610,200,100,1,0,0 '
Received from ('fd00::200:0:0:5', 8765, 0, 0): b' 3205,5,1,512,0,744,8,1,6,1,1,-94,2,536,12789,213,100,2,0,0 '
Received from ('fd00::200:0:0:7', 8765, 0, 0): b' 3204,7,4,768,10,743,6,22,7,1,2,-70,9,4179,27032,208,100,2,0,0 '
Received from ('fd00::200:0:0:8', 8765, 0, 0): b' 3205,8,4,768,0,775,6,22,7,1,2,-52,4,1419,19303,207,100,2,0,0 '
Received from ('fd00::200:0:0:14', 8765, 0, 0): b' 3204,20,15,1280,10,746,7,6,7,1,2,-70,1,1094,12735,192,100,2,0,0 '
Received from ('fd00::200:0:0:1', 5678, 0, 0): b' 3206,1,0,256,0,12,0,0,4,0,0,0,10,1849,21253,3794,100,1,0,0 '
Received from ('fd00::200:0:0:15', 8765, 0, 0): b' 3204,21,20,1536,0,750,10,7,5,1,4,-52,0,582,8892,186,100,1,0,0 '
Received from ('fd00::200:0:0:13', 8765, 0, 0): b' 3206,19,15,1280,0,767,6,4,7,1,1,-52,0,514,6750,201,100,2,0,0 '
Received from ('fd00::200:0:0:10', 8765, 0, 0): b' 3207,16,15,1280,0,766,13,17,7,1,6,-52,1,999,8784,191,100,1,0,0 '
Received from ('fd00::200:0:0:c', 8765, 0, 0): b' 3207,12,8,1024,0,232,3,9,7,1,1,-52,0,498,6030,83,100,1,0,0 '
Received from ('fd00::200:0:0:3', 8765, 0, 0): b' 3208,3,1,512,0,793,8,3,7,1,2,-64,1,1111,13539,210,100,2,0,0 '
Received from ('fd00::200:0:0:4', 8765, 0, 0): b' 3208,4,1,512,20,730,8,2,7,2,1,-66,10,2172,12017,213,100,1,0,0 '
Received from ('fd00::200:0:0:f', 8765, 0, 0): b' 3209,15,7,1024,20,693,8,29,7,1,3,-95,6,2133,17486,202,100,1,0,0 '
Received from ('fd00::200:0:0:11', 8765, 0, 0): b' 3209,17,16,1536,0,742,10,6,7,1,4,-52,0,321,5130,191,100,1,0,0 '
Received from ('fd00::200:0:0:2', 8765, 0, 0): b' 3209,2,1,512,0,724,8,1,6,1,1,-88,9,1481,15759,214,100,2,0,0 '
Received from ('fd00::200:0:0:14', 8765, 0, 0): b' 3210,20,15,1280,0,747,7,6,7,1,2,-70,1,827,8569,193,100,1,0,0 '
Received from ('fd00::200:0:0:e', 8765, 0, 0): b' 3210,14,11,1280,0,795,7,4,7,1,2,-70,0,884,11359,201,100,2,0,0 '
Received from ('fd00::200:0:0:8', 8765, 0, 0): b' 3211,8,4,768,10,777,6,22,7,1,2,-52,4,961,11758,208,100,1,0,0 '
Received from ('fd00::200:0:0:d', 8765, 0, 0): b' 3211,13,8,1024,0,12,3,1,5,1,2,-70,0,671,8906,7,100,4,0,0 '
Received from ('fd00::200:0:0:4', 8765, 0, 0): b' 3213,4,1,512,0,732,8,2,7,2,1,-66,10,2238,13090,213,100,1,0,0 '
Received from ('fd00::200:0:0:13', 8765, 0, 0): b' 3213,19,15,1280,0,767,6,4,7,1,1,-52,0,342,6286,202,100,1,0,0 '
Received from ('fd00::200:0:0:c', 8765, 0, 0): b' 3212,12,8,1024,10,234,3,9,7,1,1,-52,0,530,5828,84,100,1,0,0 '
Received from ('fd00::200:0:0:1', 5678, 0, 0): b' 3214,1,0,256,0,12,0,0,4,0,0,0,10,1913,21156,3804,100,2,0,0 '
Received from ('fd00::200:0:0:b', 8765, 0, 0): b' 3214,11,7,1024,0,822,4,15,7,1,1,-52,1,1176,18668,206,100,2,0,0 '
Received from ('fd00::200:0:0:3', 8765, 0, 0): b' 3215,3,1,512,0,796,8,3,7,1,2,-64,1,606,7853,210,100,1,0,0 '
Received from ('fd00::200:0:0:5', 8765, 0, 0): b' 3214,5,1,512,0,747,8,1,6,1,1,-94,2,801,14250,214,100,2,0,0 '
Received from ('fd00::200:0:0:12', 8765, 0, 0): b' 3214,18,15,1280,0,764,4,4,5,1,1,-70,2,639,9413,200,100,3,0,0 '
Received from ('fd00::200:0:0:15', 8765, 0, 0): b' 3214,21,20,1536,0,754,10,7,5,1,4,-52,0,916,9775,187,100,2,0,0 '
Received from ('fd00::200:0:0:2', 8765, 0, 0): b' 3215,2,1,512,10,725,8,1,6,1,1,-88,9,733,8486,215,100,1,0,0 '
Received from ('fd00::200:0:0:6', 8765, 0, 0): b' 3215,6,2,768,0,318,5,2,7,1,2,-52,1,830,17415,108,100,2,1,5 '
Received from ('fd00::200:0:0:7', 8765, 0, 0): b' 3215,7,4,768,20,746,6,22,7,1,2,-70,9,3751,26753,209,100,2,0,0 '
Received from ('fd00::200:0:0:11', 8765, 0, 0): b' 3216,17,16,1536,0,746,10,6,7,1,4,-52,0,849,7654,191,100,2,0,0 '
Received from ('fd00::200:0:0:10', 8765, 0, 0): b' 3218,16,15,1280,0,769,13,17,7,1,6,-52,1,1368,14647,191,100,2,0,0 '
Received from ('fd00::200:0:0:d', 8765, 0, 0): b' 3218,13,8,1024,0,12,3,1,5,1,2,-70,1,630,7249,8,100,1,0,0 '
Received from ('fd00::200:0:0:9', 8765, 0, 0): b' 3208,9,13,1280,10,0,0,3,1,0,1,-52,0,24,8248,0,100,0,0,0 '
Received from ('fd00::200:0:0:e', 8765, 0, 0): b' 3218,14,11,1280,0,796,7,4,7,1,2,-70,0,571,7002,202,100,2,0,0 '
Received from ('fd00::200:0:0:c', 8765, 0, 0): b' 3219,12,8,1024,0,235,3,9,7,1,1,-52,0,416,5915,84,100,1,0,0 '
Received from ('fd00::200:0:0:9', 8765, 0, 0): b' 3218,9,13,1280,40,2,1,3,1,1,1,-52,0,1950,9109,1,100,15,0,0 '
Received from ('fd00::200:0:0:5', 8765, 0, 0): b' 3220,5,1,512,0,749,8,1,6,1,1,-94,2,583,9017,214,100,1,0,0 '
Received from ('fd00::200:0:0:f', 8765, 0, 0): b' 3220,15,7,1024,0,695,8,29,7,1,3,-95,6,3189,26876,202,100,2,0,0 '
Received from ('fd00::200:0:0:4', 8765, 0, 0): b' 3221,4,1,512,0,734,8,2,7,2,1,-66,10,3887,21097,214,100,1,0,0 '
Received from ('fd00::200:0:0:14', 8765, 0, 0): b' 3220,20,15,1280,20,752,7,6,7,1,2,-70,1,1251,12556,193,100,2,0,0 '
Received from ('fd00::200:0:0:1', 5678, 0, 0): b' 3222,1,0,256,0,12,0,0,4,0,0,0,10,1955,21718,3814,100,1,0,0 '
Received from ('fd00::200:0:0:15', 8765, 0, 0): b' 3221,21,20,1536,0,755,10,7,5,1,4,-52,0,418,6756,187,100,1,0,0 '
Received from ('fd00::200:0:0:8', 8765, 0, 0): b' 3222,8,4,768,10,780,6,22,7,1,2,-52,5,2409,21451,208,100,2,0,0 '
Received from ('fd00::200:0:0:12', 8765, 0, 0): b' 3221,18,15,1280,0,767,4,4,5,1,1,-70,2,687,7155,201,100,1,0,0 '
Received from ('fd00::200:0:0:d', 8765, 0, 0): b' 3223,13,8,1024,0,12,3,1,5,1,2,-70,1,849,6449,8,100,1,0,0 '
Received from ('fd00::200:0:0:3', 8765, 0, 0): b' 3224,3,1,512,10,801,8,3,7,1,2,-64,1,1014,11532,211,100,2,0,0 '
Received from ('fd00::200:0:0:7', 8765, 0, 0): b' 3223,7,4,768,20,750,6,22,7,1,2,-70,9,2617,17195,209,100,1,0,0 '
Received from ('fd00::200:0:0:13', 8765, 0, 0): b' 3221,19,15,1280,0,769,6,4,7,1,1,-52,0,590,7992,202,100,1,0,0 '
Received from ('fd00::200:0:0:11', 8765, 0, 0): b' 3224,17,16,1536,0,749,10,6,7,1,4,-52,0,688,7673,192,100,1,0,0 '
Received from ('fd00::200:0:0:10', 8765, 0, 0): b' 3223,16,15,1280,0,769,13,17,7,1,6,-52,1,734,7585,192,100,1,0,0 '
Received from ('fd00::200:0:0:2', 8765, 0, 0): b' 3226,2,1,512,10,727,8,1,6,1,1,-88,9,1351,16476,216,100,2,0,0 '
Received from ('fd00::200:0:0:9', 8765, 0, 0): b' 3225,9,13,1280,0,3,1,3,1,1,1,-52,0,893,6959,1,100,6,0,0 '
Received from ('fd00::200:0:0:5', 8765, 0, 0): b' 3226,5,1,512,0,749,8,1,6,1,1,-94,2,586,10070,215,100,1,0,0 '
Received from ('fd00::200:0:0:f', 8765, 0, 0): b' 3226,15,7,1024,0,696,8,29,7,1,3,-95,6,1925,13700,203,100,1,0,0 '
Received from ('fd00::200:0:0:b', 8765, 0, 0): b' 3225,11,7,1024,0,825,4,15,7,1,1,-52,1,1333,18195,207,100,2,0,0 '
Received from ('fd00::200:0:0:6', 8765, 0, 0): b' 3227,6,2,768,10,325,5,2,7,1,2,-52,1,1178,17186,108,100,2,1,5 '
Received from ('fd00::200:0:0:1', 5678, 0, 0): b' 3228,1,0,256,0,12,0,0,4,0,0,0,10,1502,17095,3823,100,1,0,0 '
Received from ('fd00::200:0:0:7', 8765, 0, 0): b' 3228,7,4,768,0,752,6,22,7,1,2,-70,9,1852,11352,209,100,1,0,0 '
Received from ('fd00::200:0:0:4', 8765, 0, 0): b' 3229,4,1,512,0,737,8,2,7,2,1,-66,10,3865,22268,214,100,1,0,0 '
Received from ('fd00::200:0:0:c', 8765, 0, 0): b' 3229,12,8,1024,10,236,3,9,7,1,1,-52,0,512,9165,84,100,2,1,5 '
Received from ('fd00::200:0:0:14', 8765, 0, 0): b' 3229,20,15,1280,0,754,7,6,7,1,2,-70,1,1297,12157,194,100,2,0,0 '
Received from ('fd00::200:0:0:3', 8765, 0, 0): b' 3231,3,1,512,0,803,8,3,7,1,2,-64,1,524,8921,211,100,1,0,0 '
Received from ('fd00::200:0:0:13', 8765, 0, 0): b' 3229,19,15,1280,0,770,6,4,7,1,1,-52,0,570,7493,203,100,2,0,0 '
Received from ('fd00::200:0:0:10', 8765, 0, 0): b' 3229,16,15,1280,10,770,13,17,7,1,6,-52,1,507,7330,192,100,1,0,0 '
Received from ('fd00::200:0:0:8', 8765, 0, 0): b' 3232,8,4,768,10,781,6,22,7,1,2,-52,5,1448,17852,209,100,2,0,0 '
Received from ('fd00::200:0:0:d', 8765, 0, 0): b' 3231,13,8,1024,0,12,3,1,5,1,2,-70,1,817,10412,9,100,3,0,0 '
Received from ('fd00::200:0:0:2', 8765, 0, 0): b' 3232,2,1,512,0,727,8,1,6,1,1,-88,9,777,10143,216,100,1,0,0 '
Received from ('fd00::200:0:0:e', 8765, 0, 0): b' 3230,14,11,1280,0,799,7,4,7,1,2,-70,0,832,11566,203,100,2,0,0 '
Received from ('fd00::200:0:0:7', 8765, 0, 0): b' 3232,7,4,768,20,755,6,22,7,1,2,-70,9,1608,9942,210,100,1,0,0 '
Received from ('fd00::200:0:0:12', 8765, 0, 0): b' 3230,18,15,1280,10,769,4,4,5,1,1,-70,2,621,8631,201,100,2,0,0 '
Received from ('fd00::200:0:0:9', 8765, 0, 0): b' 3232,9,13,1280,0,4,1,3,2,1,1,-52,0,672,6013,1,100,5,0,0 '
Received from ('fd00::200:0:0:15', 8765, 0, 0): b' 3230,21,20,1536,0,757,10,7,5,1,4,-52,0,702,8832,188,100,2,0,0 '
Received from ('fd00::200:0:0:f', 8765, 0, 0): b' 3231,15,7,1024,0,696,8,29,7,1,3,-95,6,1784,15419,203,100,1,0,0 '
Received from ('fd00::200:0:0:5', 8765, 0, 0): b' 3233,5,1,512,0,749,8,1,6,1,1,-94,2,336,10617,215,100,1,0,0 '
Received from ('fd00::200:0:0:b', 8765, 0, 0): b' 3232,11,7,1024,10,827,4,15,7,1,1,-52,1,919,10972,207,100,1,0,0 '
Received from ('fd00::200:0:0:1', 5678, 0, 0): b' 3234,1,0,256,0,12,0,0,4,0,0,0,10,1527,16663,3829,100,2,0,0 '
Received from ('fd00::200:0:0:14', 8765, 0, 0): b' 3233,20,15,1280,0,754,7,6,7,1,2,-70,1,559,5646,194,100,1,0,0 '
Received from ('fd00::200:0:0:c', 8765, 0, 0): b' 3236,12,8,1024,0,237,3,9,7,1,1,-52,0,410,6527,84,100,2,1,5 '
Received from ('fd00::200:0:0:11', 8765, 0, 0): b' 3234,17,16,1536,0,752,10,6,7,1,4,-52,0,809,10604,193,100,2,0,0 '
Received from ('fd00::200:0:0:10', 8765, 0, 0): b' 3234,16,15,1280,0,773,13,17,7,1,6,-52,1,1003,7284,193,100,1,0,0 '
Received from ('fd00::200:0:0:12', 8765, 0, 0): b' 3235,18,15,1280,0,771,4,4,5,1,1,-70,2,557,5373,202,100,1,0,0 '
Received from ('fd00::200:0:0:4', 8765, 0, 0): b' 3237,4,1,512,0,742,8,2,7,2,1,-66,10,4706,22714,215,100,2,0,0 '
Received from ('fd00::200:0:0:8', 8765, 0, 0): b' 3238,8,4,768,0,782,6,22,7,1,2,-52,5,1136,12002,210,100,1,0,0 '
Received from ('fd00::200:0:0:6', 8765, 0, 0): b' 3237,6,2,768,0,325,5,2,7,1,2,-52,1,511,14962,109,100,2,1,5 '
Received from ('fd00::200:0:0:f', 8765, 0, 0): b' 3237,15,7,1024,10,698,8,29,7,1,3,-95,6,1908,13842,204,100,1,0,0 '
Received from ('fd00::200:0:0:e', 8765, 0, 0): b' 3237,14,11,1280,0,802,7,4,7,1,2,-70,0,602,6296,203,100,2,0,0 '
Received from ('fd00::200:0:0:13', 8765, 0, 0): b' 3236,19,15,1280,0,772,6,4,7,1,1,-52,0,518,6597,203,100,2,0,0 '
Received from ('fd00::200:0:0:3', 8765, 0, 0): b' 3239,3,1,512,0,804,8,3,7,1,2,-64,1,586,10307,212,100,2,0,0 '
Received from ('fd00::200:0:0:15', 8765, 0, 0): b' 3239,21,20,1536,0,760,10,7,5,1,4,-52,0,633,8720,188,100,1,0,0 '
Received from ('fd00::200:0:0:2', 8765, 0, 0): b' 3241,2,1,512,10,731,8,1,6,1,1,-88,9,1316,14423,217,100,1,0,0 '
Received from ('fd00::200:0:0:7', 8765, 0, 0): b' 3242,7,4,768,20,758,6,22,7,1,2,-70,9,3589,23128,210,100,1,0,0 '
Received from ('fd00::200:0:0:12', 8765, 0, 0): b' 3240,18,15,1280,0,771,4,4,5,1,1,-70,2,165,4106,202,100,0,0,0 '
Received from ('fd00::200:0:0:14', 8765, 0, 0): b' 3241,20,15,1280,0,755,7,6,7,1,2,-70,1,862,10616,195,100,1,0,0 '
Received from ('fd00::200:0:0:d', 8765, 0, 0): b' 3243,13,8,1024,0,13,3,1,5,1,2,-70,1,1104,14180,10,100,2,0,0 '
Received from ('fd00::200:0:0:e', 8765, 0, 0): b' 3242,14,11,1280,0,805,7,4,7,1,2,-70,0,673,5805,203,100,1,0,0 '
Received from ('fd00::200:0:0:6', 8765, 0, 0): b' 3243,6,2,768,0,328,5,2,7,1,2,-52,1,661,9796,110,100,1,1,5 '
Received from ('fd00::200:0:0:11', 8765, 0, 0): b' 3242,17,16,1536,0,753,10,6,7,1,4,-52,0,657,8402,193,100,1,0,0 '
Received from ('fd00::200:0:0:8', 8765, 0, 0): b' 3244,8,4,768,30,783,6,22,7,1,2,-52,5,1042,12907,210,100,1,0,0 '
Received from ('fd00::200:0:0:4', 8765, 0, 0): b' 3245,4,1,512,30,745,8,2,7,2,1,-66,10,3714,20895,215,100,1,0,0 '
Received from ('fd00::200:0:0:b', 8765, 0, 0): b' 3243,11,7,1024,0,829,4,15,7,1,1,-52,1,1429,17496,208,100,2,0,0 '
Received from ('fd00::200:0:0:9', 8765, 0, 0): b' 3243,9,13,1280,10,5,1,3,2,1,1,-52,0,971,10125,2,100,7,0,0 '
Received from ('fd00::200:0:0:1', 5678, 0, 0): b' 3245,1,0,256,0,12,0,0,4,0,0,0,10,2522,27995,3842,100,1,0,0 '
Received from ('fd00::200:0:0:c', 8765, 0, 0): b' 3244,12,8,1024,0,238,3,9,7,1,1,-52,0,568,8021,85,100,2,1,5 '
Received from ('fd00::200:0:0:10', 8765, 0, 0): b' 3244,16,15,1280,0,774,13,17,7,1,6,-52,1,948,12649,193,100,2,0,0 '
Received from ('fd00::200:0:0:5', 8765, 0, 0): b' 3245,5,1,512,0,753,8,1,6,1,1,-94,2,1338,18968,216,100,3,0,0 '
Received from ('fd00::200:0:0:f', 8765, 0, 0): b' 3246,15,7,1024,0,699,8,30,7,1,3,-95,6,2219,20105,204,100,2,0,0 '
Received from ('fd00::200:0:0:13', 8765, 0, 0): b' 3246,19,15,1280,0,774,6,4,7,1,1,-52,0,677,8878,204,100,2,0,0 '
Received from ('fd00::200:0:0:12', 8765, 0, 0): b' 3247,18,15,1280,10,771,4,4,5,1,1,-70,2,407,6144,203,100,2,0,0 '
Received from ('fd00::200:0:0:2', 8765, 0, 0): b' 3248,2,1,512,0,731,8,1,6,1,1,-88,9,1100,12307,217,100,2,0,0 '
Received from ('fd00::200:0:0:3', 8765, 0, 0): b' 3249,3,1,512,0,807,8,3,7,1,2,-64,1,653,11400,212,100,1,0,0 '
Received from ('fd00::200:0:0:8', 8765, 0, 0): b' 3249,8,4,768,10,784,6,22,7,1,2,-52,5,822,8591,210,100,1,0,0 '
Received from ('fd00::200:0:0:d', 8765, 0, 0): b' 3249,13,8,1024,0,14,3,1,5,1,2,-70,1,714,7572,10,100,2,0,0 '
Received from ('fd00::200:0:0:14', 8765, 0, 0): b' 3248,20,15,1280,0,757,7,6,7,1,2,-70,1,665,9008,195,100,1,0,0 '
Received from ('fd00::200:0:0:9', 8765, 0, 0): b' 3249,9,13,1280,0,5,1,3,2,1,1,-52,0,436,5588,3,100,2,0,0 '
Received from ('fd00::200:0:0:7', 8765, 0, 0): b' 3250,7,4,768,0,759,6,22,7,1,2,-70,9,2815,17971,211,100,2,0,0 '
Received from ('fd00::200:0:0:10', 8765, 0, 0): b' 3249,16,15,1280,10,776,13,17,7,1,6,-52,1,713,6660,194,100,1,0,0 '
Received from ('fd00::200:0:0:4', 8765, 0, 0): b' 3251,4,1,512,0,745,8,2,7,2,1,-66,10,3214,16973,216,100,1,0,0 '
Received from ('fd00::200:0:0:c', 8765, 0, 0): b' 3251,12,8,1024,0,239,3,9,7,1,1,-52,0,391,6216,85,100,1,1,5 '
Received from ('fd00::200:0:0:11', 8765, 0, 0): b' 3251,17,16,1536,0,756,10,6,7,1,4,-52,0,809,8986,194,100,2,0,0 '
Received from ('fd00::200:0:0:15', 8765, 0, 0): b' 3251,21,20,1536,0,763,10,7,5,1,4,-52,0,833,11051,189,100,2,0,0 '
Received from ('fd00::200:0:0:6', 8765, 0, 0): b' 3253,6,2,768,0,333,5,2,7,1,2,-52,1,939,12323,110,100,2,1,5 '
Received from ('fd00::200:0:0:13', 8765, 0, 0): b' 3251,19,15,1280,0,775,6,4,7,1,1,-52,0,519,5446,204,100,1,0,0 '
Received from ('fd00::200:0:0:b', 8765, 0, 0): b' 3252,11,7,1024,10,830,4,16,7,1,1,-52,1,861,14064,208,100,3,0,0 '
Received from ('fd00::200:0:0:f', 8765, 0, 0): b' 3254,15,7,1024,10,701,8,30,7,1,3,-95,6,2720,18665,205,100,2,0,0 '
Received from ('fd00::200:0:0:5', 8765, 0, 0): b' 3254,5,1,512,0,754,8,1,6,1,1,-94,2,729,13102,216,100,1,0,0 '
Received from ('fd00::200:0:0:e', 8765, 0, 0): b' 3254,14,11,1280,0,809,7,4,7,1,2,-70,0,939,11046,204,100,2,0,0 '
Received from ('fd00::200:0:0:c', 8765, 0, 0): b' 3255,12,8,1024,0,240,3,9,7,1,1,-52,0,270,4171,85,100,0,1,5 '
Received from ('fd00::200:0:0:2', 8765, 0, 0): b' 3255,2,1,512,10,733,8,1,6,1,1,-88,9,1070,10928,217,100,1,0,0 '
Received from ('fd00::200:0:0:1', 5678, 0, 0): b' 3255,1,0,256,0,12,0,0,4,0,0,0,10,2445,28455,3854,100,2,0,0 '
Received from ('fd00::200:0:0:8', 8765, 0, 0): b' 3256,8,4,768,10,786,6,22,7,1,2,-52,5,1562,14790,211,100,1,0,0 '
Received from ('fd00::200:0:0:d', 8765, 0, 0): b' 3257,13,8,1024,10,14,3,1,5,1,2,-70,1,693,10069,10,100,2,0,0 '
Received from ('fd00::200:0:0:3', 8765, 0, 0): b' 3256,3,1,512,0,811,8,3,7,1,2,-64,1,903,10785,213,100,3,0,0 '
Received from ('fd00::200:0:0:14', 8765, 0, 0): b' 3256,20,15,1280,0,760,7,6,7,1,2,-70,1,1257,10631,196,100,2,0,0 '
Received from ('fd00::200:0:0:9', 8765, 0, 0): b' 3257,9,13,1280,0,5,1,3,3,1,1,-52,0,498,6764,3,100,3,0,0 '
Received from ('fd00::200:0:0:12', 8765, 0, 0): b' 3257,18,15,1280,0,774,4,4,5,1,1,-70,2,809,9533,203,100,2,0,0 '
Received from ('fd00::200:0:0:7', 8765, 0, 0): b' 3259,7,4,768,0,761,6,22,7,1,2,-70,9,3253,22642,211,100,2,0,0 '
Received from ('fd00::200:0:0:6', 8765, 0, 0): b' 3260,6,2,768,0,335,5,2,7,1,2,-52,1,578,11589,111,100,1,1,5 '
Received from ('fd00::200:0:0:10', 8765, 0, 0): b' 3260,16,15,1280,0,778,13,17,7,1,6,-52,1,995,12912,194,100,2,0,0 '
Received from ('fd00::200:0:0:11', 8765, 0, 0): b' 3260,17,16,1536,10,759,10,6,7,1,4,-52,0,750,8521,194,100,3,0,0 '
Received from ('fd00::200:0:0:3', 8765, 0, 0): b' 3261,3,1,512,0,812,8,3,7,1,2,-64,1,385,5899,213,100,2,0,0 '
Received from ('fd00::200:0:0:1', 5678, 0, 0): b' 3262,1,0,256,0,12,0,0,4,0,0,0,10,1523,16138,3863,100,2,0,0 '
Received from ('fd00::200:0:0:5', 8765, 0, 0): b' 3262,5,1,512,0,757,8,1,6,1,1,-94,2,879,12150,217,100,2,0,0 '
Received from ('fd00::200:0:0:d', 8765, 0, 0): b' 3263,13,8,1024,0,14,3,1,5,1,2,-70,1,767,7461,11,100,2,0,0 '
Received from ('fd00::200:0:0:4', 8765, 0, 0): b' 3262,4,1,512,0,746,8,2,7,2,1,-66,10,4963,29932,216,100,3,0,0 '
Received from ('fd00::200:0:0:13', 8765, 0, 0): b' 3261,19,15,1280,0,778,6,4,7,1,1,-52,0,892,9771,205,100,2,0,0 '
Received from ('fd00::200:0:0:8', 8765, 0, 0): b' 3261,8,4,768,0,787,6,22,7,1,2,-52,5,1310,13819,211,100,1,0,0 '
Received from ('fd00::200:0:0:2', 8765, 0, 0): b' 3264,2,1,512,0,738,8,1,6,1,1,-88,9,1548,14250,218,100,2,0,0 '
Received from ('fd00::200:0:0:f', 8765, 0, 0): b' 3264,15,7,1024,10,705,8,30,7,1,3,-95,6,2999,24104,205,100,2,0,0 '
Received from ('fd00::200:0:0:6', 8765, 0, 0): b' 3265,6,2,768,0,335,5,2,7,1,2,-52,1,260,6303,111,100,1,1,5 '
Received from ('fd00::200:0:0:b', 8765, 0, 0): b' 3264,11,7,1024,0,834,4,16,7,1,1,-52,1,1553,17955,209,100,2,0,0 '
Received from ('fd00::200:0:0:15', 8765, 0, 0): b' 3262,21,20,1536,0,770,10,7,5,1,4,-52,0,1359,11789,190,100,3,0,0 '
Received from ('fd00::200:0:0:7', 8765, 0, 0): b' 3264,7,4,768,30,764,6,22,7,1,2,-70,9,2167,13580,212,100,1,0,0 '
Received from ('fd00::200:0:0:14', 8765, 0, 0): b' 3263,20,15,1280,0,762,7,6,7,1,2,-70,1,883,8796,196,100,1,0,0 '
Received from ('fd00::200:0:0:9', 8765, 0, 0): b' 3265,9,13,1280,0,6,1,3,3,1,1,-52,0,752,7791,4,100,5,0,0 '
Received from ('fd00::200:0:0:e', 8765, 0, 0): b' 3264,14,11,1280,0,815,7,4,7,1,2,-70,0,1130,10144,205,100,2,0,0 '
Received from ('fd00::200:0:0:12', 8765, 0, 0): b' 3265,18,15,1280,0,776,4,4,5,1,1,-70,2,580,7216,204,100,1,0,0 '
Received from ('fd00::200:0:0:4', 8765, 0, 0): b' 3266,4,1,512,10,748,8,2,7,2,1,-66,10,2485,12129,217,100,0,0,0 '
Received from ('fd00::200:0:0:c', 8765, 0, 0): b' 3265,12,8,1024,0,242,3,9,7,1,1,-52,0,820,11237,86,100,3,1,5 '
Received from ('fd00::200:0:0:f', 8765, 0, 0): b' 3268,15,7,1024,0,707,8,30,7,1,3,-95,6,1164,10076,205,100,0,0,0 '
Received from ('fd00::200:0:0:10', 8765, 0, 0): b' 3267,16,15,1280,10,779,13,17,7,1,6,-52,1,897,9965,195,100,1,0,0 '
Received from ('fd00::200:0:0:1', 5678, 0, 0): b' 3269,1,0,256,0,12,0,0,4,0,0,0,10,2003,21313,3872,100,1,0,0 '
Received from ('fd00::200:0:0:8', 8765, 0, 0): b' 3268,8,4,768,0,790,6,22,7,1,2,-52,5,1436,13572,212,100,2,0,0 '
Received from ('fd00::200:0:0:3', 8765, 0, 0): b' 3270,3,1,512,0,815,8,3,7,1,2,-64,1,800,10841,214,100,2,0,0 '
Received from ('fd00::200:0:0:5', 8765, 0, 0): b' 3270,5,1,512,0,760,8,1,6,1,1,-94,2,1234,14778,218,100,1,0,0 '
Received from ('fd00::200:0:0:11', 8765, 0, 0): b' 3270,17,16,1536,0,761,10,6,7,1,4,-52,0,834,9960,195,100,2,0,0 '
Received from ('fd00::200:0:0:b', 8765, 0, 0): b' 3270,11,7,1024,0,838,4,16,7,1,1,-52,1,1036,11707,209,100,1,0,0 '
Received from ('fd00::200:0:0:15', 8765, 0, 0): b' 3271,21,20,1536,0,773,10,7,5,1,4,-52,0,628,7535,190,100,2,0,0 '
Received from ('fd00::200:0:0:2', 8765, 0, 0): b' 3271,2,1,512,0,741,8,1,6,1,1,-88,9,1295,13481,219,100,1,0,0 '
Received from ('fd00::200:0:0:4', 8765, 0, 0): b' 3272,4,1,512,20,751,8,2,7,2,1,-66,10,2553,14954,217,100,1,0,0 '
Received from ('fd00::200:0:0:13', 8765, 0, 0): b' 3271,19,15,1280,10,780,6,4,7,1,1,-52,0,441,8554,205,100,1,0,0 '
Received from ('fd00::200:0:0:e', 8765, 0, 0): b' 3272,14,11,1280,0,816,7,4,7,1,2,-70,0,419,7004,205,100,1,0,0 '
Received from ('fd00::200:0:0:d', 8765, 0, 0): b' 3269,13,8,1024,10,14,3,1,5,1,2,-70,1,810,12091,12,100,2,0,0 '
Received from ('fd00::200:0:0:10', 8765, 0, 0): b' 3271,16,15,1280,10,781,13,17,7,1,6,-52,1,690,5526,195,100,1,0,0 '
Received from ('fd00::200:0:0:9', 8765, 0, 0): b' 3273,9,13,1280,0,6,1,4,3,1,1,-52,0,453,7735,4,100,3,0,0 '
Received from ('fd00::200:0:0:14', 8765, 0, 0): b' 3271,20,15,1280,0,763,7,6,7,1,2,-70,1,889,11142,197,100,1,0,0 '
Received from ('fd00::200:0:0:6', 8765, 0, 0): b' 3273,6,2,768,0,338,5,2,7,1,2,-52,1,805,14736,112,100,2,1,5 '
Received from ('fd00::200:0:0:7', 8765, 0, 0): b' 3273,7,4,768,30,767,6,22,7,1,2,-70,9,3610,22598,212,100,2,0,0 '
Received from ('fd00::200:0:0:f', 8765, 0, 0): b' 3272,15,7,1024,20,710,8,30,7,1,3,-95,6,2569,15908,206,100,2,0,0 '
Received from ('fd00::200:0:0:12', 8765, 0, 0): b' 3273,18,15,1280,10,779,4,4,5,1,1,-70,2,524,7388,204,100,1,0,0 '
Received from ('fd00::200:0:0:3', 8765, 0, 0): b' 3276,3,1,512,0,819,8,3,7,1,2,-64,1,706,7431,214,100,2,0,0 '
Received from ('fd00::200:0:0:1', 5678, 0, 0): b' 3276,1,0,256,0,12,0,0,4,0,0,0,10,1708,18946,3882,100,1,0,0 '
Received from ('fd00::200:0:0:b', 8765, 0, 0): b' 3274,11,7,1024,10,838,4,16,7,1,1,-52,1,586,6523,210,100,1,0,0 '
Received from ('fd00::200:0:0:5', 8765, 0, 0): b' 3276,5,1,512,0,763,8,1,6,1,1,-94,2,606,9198,218,100,1,0,0 '
Received from ('fd00::200:0:0:11', 8765, 0, 0): b' 3275,17,16,1536,0,762,10,6,7,1,4,-52,0,370,4780,195,100,1,0,0 '
Received from ('fd00::200:0:0:10', 8765, 0, 0): b' 3275,16,15,1280,0,782,13,17,7,1,6,-52,1,635,6330,195,100,1,0,0 '
Received from ('fd00::200:0:0:8', 8765, 0, 0): b' 3276,8,4,768,10,791,6,22,7,1,2,-52,5,1130,15008,212,100,1,0,0 '
Received from ('fd00::200:0:0:c', 8765, 0, 0): b' 3276,12,8,1024,0,244,3,9,7,1,1,-52,0,724,10754,87,100,2,1,5 '
Received from ('fd00::200:0:0:14', 8765, 0, 0): b' 3276,20,15,1280,0,764,7,6,7,1,2,-70,1,548,6861,197,100,1,0,0 '
Received from ('fd00::200:0:0:13', 8765, 0, 0): b' 3277,19,15,1280,0,786,6,4,7,1,1,-52,0,1189,7839,206,100,2,0,0 '
Received from ('fd00::200:0:0:2', 8765, 0, 0): b' 3279,2,1,512,0,742,8,1,6,1,1,-88,9,815,11349,219,100,1,0,0 '
Received from ('fd00::200:0:0:15', 8765, 0, 0): b' 3278,21,20,1536,0,774,10,7,5,1,4,-52,0,474,7840,191,100,1,0,0 '
Received from ('fd00::200:0:0:7', 8765, 0, 0): b' 3279,7,4,768,10,767,6,22,7,1,2,-70,9,2136,13329,213,100,1,0,0 '
Received from ('fd00::200:0:0:12', 8765, 0, 0): b' 3278,18,15,1280,0,781,4,4,5,1,1,-70,2,664,6663,205,100,1,0,0 '
Received from ('fd00::200:0:0:e', 8765, 0, 0): b' 3280,14,11,1280,0,816,7,4,7,1,2,-70,0,366,7355,206,100,1,0,0 '
Received from ('fd00::200:0:0:f', 8765, 0, 0): b' 3279,15,7,1024,10,711,8,30,7,1,3,-95,6,2634,19571,206,100,1,0,0 '
Received from ('fd00::200:0:0:10', 8765, 0, 0): b' 3280,16,15,1280,0,782,13,17,7,1,6,-52,1,525,6086,196,100,1,0,0 '
Received from ('fd00::200:0:0:6', 8765, 0, 0): b' 3281,6,2,768,0,339,5,2,7,1,2,-52,1,512,11075,112,100,2,1,5 '
Received from ('fd00::200:0:0:3', 8765, 0, 0): b' 3282,3,1,512,0,819,8,3,7,1,2,-64,1,358,7495,215,100,1,0,0 '
Received from ('fd00::200:0:0:11', 8765, 0, 0): b' 3281,17,16,1536,0,763,10,6,7,1,4,-52,0,353,5478,196,100,0,0,0 '
Received from ('fd00::200:0:0:9', 8765, 0, 0): b' 3279,9,13,1280,0,6,1,4,3,1,1,-52,0,651,8037,5,100,4,0,0 '
Received from ('fd00::200:0:0:4', 8765, 0, 0): b' 3282,4,1,512,0,754,8,2,7,2,1,-66,10,5789,28916,218,100,2,0,0 '
Received from ('fd00::200:0:0:c', 8765, 0, 0): b' 3280,12,8,1024,0,245,3,9,7,1,1,-52,0,271,4177,87,100,0,1,5 '
Received from ('fd00::200:0:0:8', 8765, 0, 0): b' 3282,8,4,768,10,794,6,22,7,1,2,-52,5,1437,12680,213,100,1,0,0 '
Received from ('fd00::200:0:0:d', 8765, 0, 0): b' 3280,13,8,1024,0,14,3,1,5,1,2,-70,1,1017,13549,12,100,2,0,0 '
Received from ('fd00::200:0:0:1', 5678, 0, 0): b' 3284,1,0,256,0,12,0,0,4,0,0,0,10,2076,22241,3892,100,2,0,0 '
Received from ('fd00::200:0:0:b', 8765, 0, 0): b' 3283,11,7,1024,0,841,4,16,7,1,1,-52,1,1099,15379,210,100,1,0,0 '
Received from ('fd00::200:0:0:12', 8765, 0, 0): b' 3284,18,15,1280,0,783,4,4,5,1,1,-70,2,500,5550,205,100,1,0,0 '
Received from ('fd00::200:0:0:3', 8765, 0, 0): b' 3286,3,1,512,0,819,8,3,7,1,2,-64,1,162,4890,215,100,0,0,0 '
Received from ('fd00::200:0:0:e', 8765, 0, 0): b' 3286,14,11,1280,0,819,7,4,7,1,2,-70,0,607,5946,206,100,1,0,0 '
Received from ('fd00::200:0:0:2', 8765, 0, 0): b' 3286,2,1,512,0,743,8,1,6,1,1,-88,9,1066,11565,220,100,2,0,0 '
Received from ('fd00::200:0:0:6', 8765, 0, 0): b' 3285,6,2,768,0,340,5,2,7,1,2,-52,1,326,6872,113,100,0,1,5 '
Received from ('fd00::200:0:0:5', 8765, 0, 0): b' 3287,5,1,512,10,766,8,1,6,1,1,-94,2,1131,15617,219,100,2,0,0 '
Received from ('fd00::200:0:0:13', 8765, 0, 0): b' 3285,19,15,1280,0,788,6,4,7,1,1,-52,0,549,8160,206,100,1,0,0 '
Received from ('fd00::200:0:0:4', 8765, 0, 0): b' 3287,4,1,512,0,757,8,2,7,2,1,-66,10,2798,14869,218,100,1,0,0 '
Received from ('fd00::200:0:0:11', 8765, 0, 0): b' 3287,17,16,1536,0,764,10,6,7,1,4,-52,0,491,5745,196,100,2,0,0 '
Received from ('fd00::200:0:0:15', 8765, 0, 0): b' 3286,21,20,1536,10,777,10,7,5,1,4,-52,0,678,8073,192,100,2,0,0 '
Received from ('fd00::200:0:0:8', 8765, 0, 0): b' 3287,8,4,768,0,795,6,22,7,1,2,-52,5,873,9474,213,100,1,0,0 '
Received from ('fd00::200:0:0:7', 8765, 0, 0): b' 3288,7,4,768,20,771,6,22,7,1,2,-70,9,3492,21714,213,100,1,0,0 '
Received from ('fd00::200:0:0:d', 8765, 0, 0): b' 3286,13,8,1024,0,14,3,1,5,1,2,-70,1,453,7366,13,100,1,0,0 '
Received from ('fd00::200:0:0:14', 8765, 0, 0): b' 3287,20,15,1280,0,767,7,6,7,1,2,-70,1,1464,14403,198,100,2,0,0 '
Received from ('fd00::200:0:0:c', 8765, 0, 0): b' 3289,12,8,1024,0,247,3,9,7,1,1,-52,0,703,8143,88,100,2,1,5 '
Received from ('fd00::200:0:0:f', 8765, 0, 0): b' 3288,15,7,1024,0,713,8,30,7,1,3,-95,6,2677,21569,207,100,1,0,0 '
Received from ('fd00::200:0:0:12', 8765, 0, 0): b' 3289,18,15,1280,0,784,4,4,5,1,1,-70,2,370,4883,205,100,1,0,0 '
Received from ('fd00::200:0:0:10', 8765, 0, 0): b' 3290,16,15,1280,10,785,13,17,7,1,6,-52,1,1344,13941,196,100,2,0,0 '
Received from ('fd00::200:0:0:9', 8765, 0, 0): b' 3290,9,13,1280,0,7,1,5,3,1,1,-52,0,657,9625,5,100,4,0,0 '
Received from ('fd00::200:0:0:13', 8765, 0, 0): b' 3292,19,15,1280,0,791,6,4,7,1,1,-52,0,663,6749,207,100,1,0,0 '
Received from ('fd00::200:0:0:d', 8765, 0, 0): b' 3292,13,8,1024,0,14,3,1,5,1,2,-70,1,582,7065,13,100,1,0,0 '
Received from ('fd00::200:0:0:4', 8765, 0, 0): b' 3294,4,1,512,10,759,8,2,7,2,1,-66,10,3625,19207,219,100,1,0,0 '
Received from ('fd00::200:0:0:b', 8765, 0, 0): b' 3293,11,7,1024,10,843,4,16,7,1,1,-52,1,1150,14967,211,100,2,0,0 '
Received from ('fd00::200:0:0:2', 8765, 0, 0): b' 3296,2,1,512,0,744,8,1,6,1,1,-88,9,1316,14675,220,100,2,0,0 '
Received from ('fd00::200:0:0:3', 8765, 0, 0): b' 3296,3,1,512,0,824,8,3,7,1,2,-64,1,1038,12959,216,100,2,0,0 '
Received from ('fd00::200:0:0:1', 5678, 0, 0): b' 3296,1,0,256,0,12,0,0,4,0,0,0,10,2825,31860,3907,100,2,0,0 '
Received from ('fd00::200:0:0:8', 8765, 0, 0): b' 3295,8,4,768,0,799,6,23,7,1,2,-52,5,1866,16052,213,100,3,0,0 '
Received from ('fd00::200:0:0:e', 8765, 0, 0): b' 3296,14,11,1280,0,821,7,4,7,1,2,-70,0,701,9768,207,100,2,0,0 '
Received from ('fd00::200:0:0:5', 8765, 0, 0): b' 3297,5,1,512,0,770,8,1,6,1,1,-94,2,1315,16419,219,100,2,0,0 '
Received from ('fd00::200:0:0:15', 8765, 0, 0): b' 3296,21,20,1536,0,779,10,7,5,1,4,-52,0,754,9767,192,100,2,0,0 '
Received from ('fd00::200:0:0:6', 8765, 0, 0): b' 3297,6,2,768,0,344,5,2,7,1,2,-52,1,1097,17655,113,100,4,1,5 '
Received from ('fd00::200:0:0:13', 8765, 0, 0): b' 3297,19,15,1280,0,793,6,4,7,1,1,-52,0,476,4329,207,100,1,0,0 '
Received from ('fd00::200:0:0:f', 8765, 0, 0): b' 3297,15,7,1024,20,715,8,30,7,1,3,-95,6,2551,21232,207,100,2,0,0 '
Received from ('fd00::200:0:0:10', 8765, 0, 0): b' 3297,16,15,1280,0,787,13,17,7,1,6,-52,1,812,9054,197,100,2,0,0 '
Received from ('fd00::200:0:0:9', 8765, 0, 0): b' 3297,9,13,1280,0,8,1,5,3,1,1,-52,0,628,7032,6,100,3,0,0 '
Received from ('fd00::200:0:0:7', 8765, 0, 0): b' 3300,7,4,768,20,776,6,22,7,1,2,-70,9,3848,26626,214,100,3,0,0 '
Received from ('fd00::200:0:0:d', 8765, 0, 0): b' 3298,13,8,1024,0,15,3,1,5,1,2,-70,1,714,7540,13,100,3,0,0 '
Received from ('fd00::200:0:0:11', 8765, 0, 0): b' 3298,17,16,1536,10,770,10,6,7,1,4,-52,0,1023,10811,197,100,2,0,0 '
Received from ('fd00::200:0:0:c', 8765, 0, 0): b' 3299,12,8,1024,0,252,3,9,7,1,1,-52,0,1100,10405,88,100,3,1,5 '
Received from ('fd00::200:0:0:3', 8765, 0, 0): b' 3301,3,1,512,10,828,8,3,7,1,2,-64,1,600,7200,216,100,2,0,0 '
Received from ('fd00::200:0:0:14', 8765, 0, 0): b' 3298,20,15,1280,0,772,7,6,7,1,2,-70,1,1524,15313,199,100,3,0,0 '
Received from ('fd00::200:0:0:e', 8765, 0, 0): b' 3301,14,11,1280,0,821,7,4,7,1,2,-70,0,262,4024,207,100,1,0,0 '
Received from ('fd00::200:0:0:12', 8765, 0, 0): b' 3300,18,15,1280,0,788,4,4,5,1,1,-70,2,939,10577,206,100,2,0,0 '
Received from ('fd00::200:0:0:8', 8765, 0, 0): b' 3302,8,4,768,0,800,6,23,7,1,2,-52,5,1477,14486,214,100,1,0,0 '
Received from ('fd00::200:0:0:b', 8765, 0, 0): b' 3301,11,7,1024,0,846,4,16,7,1,1,-52,1,1201,12680,212,100,3,0,0 '
Received from ('fd00::200:0:0:13', 8765, 0, 0): b' 3302,19,15,1280,0,794,6,4,7,1,1,-52,0,449,5112,208,100,1,0,0 '
Received from ('fd00::200:0:0:e', 8765, 0, 0): b' 3306,14,11,1280,0,823,7,4,7,1,2,-70,0,556,5183,208,100,1,0,0 '
Received from ('fd00::200:0:0:6', 8765, 0, 0): b' 3307,6,2,768,0,350,5,2,7,1,2,-52,1,1085,12742,114,100,2,1,5 '
Received from ('fd00::200:0:0:4', 8765, 0, 0): b' 3307,4,1,512,0,763,8,2,7,2,1,-66,10,5538,30640,219,100,4,0,0 '
Received from ('fd00::200:0:0:c', 8765, 0, 0): b' 3305,12,8,1024,0,253,3,9,7,1,1,-52,0,443,5944,89,100,2,1,5 '
Received from ('fd00::200:0:0:7', 8765, 0, 0): b' 3306,7,4,768,0,779,6,22,7,1,2,-70,9,2545,16220,215,100,2,0,0 '
Received from ('fd00::200:0:0:2', 8765, 0, 0): b' 3307,2,1,512,10,745,8,1,6,1,1,-88,9,1695,18743,221,100,2,0,0 '
Received from ('fd00::200:0:0:1', 5678, 0, 0): b' 3308,1,0,256,0,12,0,0,4,0,0,0,10,2719,30373,3921,100,2,0,0 '
Received from ('fd00::200:0:0:15', 8765, 0, 0): b' 3307,21,20,1536,0,781,10,7,5,1,4,-52,0,702,9693,193,100,2,0,0 '
Received from ('fd00::200:0:0:5', 8765, 0, 0): b' 3309,5,1,512,10,775,8,1,6,1,1,-94,2,1537,16764,220,100,4,0,0 '
Received from ('fd00::200:0:0:f', 8765, 0, 0): b' 3307,15,7,1024,30,717,8,30,7,1,3,-95,6,2716,24421,208,100,2,0,0 '
Received from ('fd00::200:0:0:8', 8765, 0, 0): b' 3308,8,4,768,0,803,6,23,7,1,2,-52,5,927,11540,214,100,1,0,0 '
Received from ('fd00::200:0:0:3', 8765, 0, 0): b' 3309,3,1,512,0,831,8,3,7,1,2,-64,1,730,9422,216,100,2,0,0 '
Received from ('fd00::200:0:0:b', 8765, 0, 0): b' 3309,11,7,1024,0,849,4,16,7,1,1,-52,1,1071,13053,212,100,2,0,0 '
Received from ('fd00::200:0:0:14', 8765, 0, 0): b' 3307,20,15,1280,0,773,7,6,7,1,2,-70,1,887,11683,199,100,1,0,0 '
Received from ('fd00::200:0:0:d', 8765, 0, 0): b' 3309,13,8,1024,0,16,3,1,7,1,2,-70,1,693,12290,14,100,3,0,0 '
Received from ('fd00::200:0:0:10', 8765, 0, 0): b' 3308,16,15,1280,0,791,13,17,7,1,6,-52,1,1442,14778,198,100,3,0,0 '
Received from ('fd00::200:0:0:4', 8765, 0, 0): b' 3312,4,1,512,0,764,8,2,7,2,1,-66,10,2215,12593,220,100,1,0,0 '
Received from ('fd00::200:0:0:11', 8765, 0, 0): b' 3310,17,16,1536,0,774,10,6,7,1,4,-52,0,1117,12079,198,100,2,0,0 '
Received from ('fd00::200:0:0:12', 8765, 0, 0): b' 3309,18,15,1280,0,790,4,4,5,1,1,-70,2,678,8789,207,100,2,0,0 '
Received from ('fd00::200:0:0:13', 8765, 0, 0): b' 3309,19,15,1280,0,795,6,4,7,1,1,-52,0,514,7343,208,100,2,0,0 '
Received from ('fd00::200:0:0:7', 8765, 0, 0): b' 3312,7,4,768,10,782,6,22,7,1,2,-70,9,2445,13963,215,100,2,0,0 '
Received from ('fd00::200:0:0:e', 8765, 0, 0): b' 3311,14,11,1280,0,823,7,4,7,1,2,-70,0,286,6217,208,100,1,0,0 '
Received from ('fd00::200:0:0:9', 8765, 0, 0): b' 3302,9,5,896,10,8,2,5,4,0,2,-52,0,818,5840,6,100,2,0,0 '
Received from ('fd00::200:0:0:15', 8765, 0, 0): b' 3311,21,20,1536,0,781,10,7,5,1,4,-52,0,287,4536,193,100,1,0,0 '
Received from ('fd00::200:0:0:2', 8765, 0, 0): b' 3314,2,1,512,0,747,8,1,6,1,1,-88,9,701,10005,221,100,1,0,0 '
Received from ('fd00::200:0:0:f', 8765, 0, 0): b' 3313,15,7,1024,0,719,8,30,7,1,3,-95,6,2123,13936,209,100,1,0,0 '
Received from ('fd00::200:0:0:9', 8765, 0, 0): b' 3314,9,5,768,20,10,3,5,4,1,2,-52,0,989,9386,7,100,5,0,0 '
Received from ('fd00::200:0:0:5', 8765, 0, 0): b' 3315,5,1,512,0,776,8,1,6,1,1,-94,2,1305,10158,221,100,1,0,0 '
Received from ('fd00::200:0:0:1', 5678, 0, 0): b' 3316,1,0,256,0,12,0,0,4,0,0,0,10,2114,22068,3934,100,1,0,0 '
Received from ('fd00::200:0:0:11', 8765, 0, 0): b' 3315,17,16,1536,0,777,10,6,7,1,4,-52,0,610,5943,198,100,1,0,0 '
Received from ('fd00::200:0:0:c', 8765, 0, 0): b' 3314,12,8,1024,0,254,3,9,7,1,1,-52,0,499,9341,89,100,2,1,5 '
Received from ('fd00::200:0:0:3', 8765, 0, 0): b' 3316,3,1,512,0,834,8,3,7,1,2,-64,1,770,8962,217,100,3,0,0 '
Received from ('fd00::200:0:0:6', 8765, 0, 0): b' 3317,6,2,768,10,353,5,2,7,1,2,-52,1,723,14850,115,100,3,1,5 '
Received from ('fd00::200:0:0:e', 8765, 0, 0): b' 3316,14,11,1280,0,825,7,4,7,1,2,-70,0,470,4309,208,100,2,0,0 '
Received from ('fd00::200:0:0:10', 8765, 0, 0): b' 3316,16,15,1280,0,795,13,17,7,1,6,-52,1,1386,11956,198,100,1,0,0 '
Received from ('fd00::200:0:0:d', 8765, 0, 0): b' 3317,13,8,1024,10,16,3,1,7,1,2,-70,1,308,9282,15,100,1,0,0 '
Received from ('fd00::200:0:0:14', 8765, 0, 0): b' 3317,20,15,1280,0,774,7,6,7,1,2,-70,1,1011,12576,200,100,2,0,0 '
Received from ('fd00::200:0:0:7', 8765, 0, 0): b' 3319,7,4,768,30,784,6,22,7,1,2,-70,9,2683,16462,216,100,2,0,0 '
Received from ('fd00::200:0:0:8', 8765, 0, 0): b' 3319,8,4,768,0,803,6,23,7,1,2,-52,5,1488,20273,215,100,2,0,0 '
Received from ('fd00::200:0:0:13', 8765, 0, 0): b' 3317,19,15,1280,0,797,6,4,7,1,1,-52,0,580,7797,209,100,1,0,0 '
Received from ('fd00::200:0:0:2', 8765, 0, 0): b' 3321,2,1,512,0,750,8,1,6,1,1,-88,9,1476,12442,222,100,2,0,0 '
Received from ('fd00::200:0:0:9', 8765, 0, 0): b' 3320,9,5,768,0,11,3,5,4,1,2,-52,0,578,6536,7,100,3,0,0 '
Received from ('fd00::200:0:0:12', 8765, 0, 0): b' 3318,18,15,1280,0,793,4,4,5,1,1,-70,2,746,8544,207,100,3,0,0 '
Received from ('fd00::200:0:0:15', 8765, 0, 0): b' 3318,21,20,1536,0,782,10,7,5,1,4,-52,0,450,6432,194,100,1,0,0 '
Received from ('fd00::200:0:0:4', 8765, 0, 0): b' 3322,4,1,512,0,769,8,2,7,2,1,-66,10,5170,26825,220,100,3,0,0 '
Received from ('fd00::200:0:0:3', 8765, 0, 0): b' 3321,3,1,512,0,836,8,3,7,1,2,-64,1,567,6689,217,100,1,0,0 '
Received from ('fd00::200:0:0:b', 8765, 0, 0): b' 3319,11,7,1024,0,852,4,16,7,1,1,-52,1,1401,16124,213,100,3,0,0 '
Received from ('fd00::200:0:0:1', 5678, 0, 0): b' 3322,1,0,256,0,12,0,0,4,0,0,0,10,1349,15707,3939,100,1,0,0 '
Received from ('fd00::200:0:0:5', 8765, 0, 0): b' 3322,5,1,512,0,777,8,1,6,1,1,-94,2,675,9837,221,100,2,0,0 '
Received from ('fd00::200:0:0:f', 8765, 0, 0): b' 3322,15,7,1024,0,722,8,30,7,1,3,-95,6,2626,20026,209,100,3,0,0 '
Received from ('fd00::200:0:0:11', 8765, 0, 0): b' 3324,17,16,1536,0,777,10,6,7,1,4,-52,0,311,7346,198,100,1,0,0 '
Received from ('fd00::200:0:0:e', 8765, 0, 0): b' 3323,14,11,1280,0,827,7,4,7,1,2,-70,0,574,7103,209,100,2,0,0 '
Received from ('fd00::200:0:0:d', 8765, 0, 0): b' 3324,13,8,1024,0,17,3,1,7,1,2,-70,1,538,8321,15,100,3,0,0 '
Received from ('fd00::200:0:0:13', 8765, 0, 0): b' 3324,19,15,1280,0,798,6,4,7,1,1,-52,0,363,5001,209,100,2,0,0 '
Received from ('fd00::200:0:0:6', 8765, 0, 0): b' 3326,6,2,768,0,357,5,2,7,1,2,-52,1,1485,15852,115,100,3,1,5 '
Received from ('fd00::200:0:0:1', 5678, 0, 0): b' 3326,1,0,256,0,12,0,0,4,0,0,0,10,987,11526,3945,100,1,0,0 '
Received from ('fd00::200:0:0:c', 8765, 0, 0): b' 3324,12,8,1024,0,255,3,9,7,1,1,-52,0,586,9089,90,100,3,1,5 '
Received from ('fd00::200:0:0:15', 8765, 0, 0): b' 3324,21,20,1536,0,783,10,7,5,1,4,-52,0,394,5566,194,100,1,0,0 '
Received from ('fd00::200:0:0:b', 8765, 0, 0): b' 3324,11,7,1024,0,855,4,16,7,1,1,-52,1,869,8985,213,100,2,0,0 '
Received from ('fd00::200:0:0:f', 8765, 0, 0): b' 3326,15,7,1024,0,722,8,30,7,1,3,-95,6,1247,10497,209,100,1,0,0 '
Received from ('fd00::200:0:0:9', 8765, 0, 0): b' 3328,9,5,768,0,13,3,5,4,1,2,-52,0,668,6955,8,100,3,0,0 '
Received from ('fd00::200:0:0:12', 8765, 0, 0): b' 3327,18,15,1280,0,797,4,4,5,1,1,-70,2,788,8868,208,100,2,0,0 '
Received from ('fd00::200:0:0:7', 8765, 0, 0): b' 3328,7,4,768,10,786,6,22,7,1,2,-70,9,3119,20705,216,100,2,0,0 '
Received from ('fd00::200:0:0:10', 8765, 0, 0): b' 3328,16,15,1280,0,800,13,17,7,1,6,-52,1,1464,15216,199,100,3,0,0 '
Received from ('fd00::200:0:0:8', 8765, 0, 0): b' 3329,8,4,768,0,806,6,23,7,1,2,-52,5,1448,19582,216,100,2,0,0 '
Received from ('fd00::200:0:0:6', 8765, 0, 0): b' 3330,6,2,768,0,358,5,2,7,1,2,-52,1,383,6627,116,100,0,1,5 '
Received from ('fd00::200:0:0:14', 8765, 0, 0): b' 3330,20,15,1280,0,777,7,6,7,1,2,-70,1,1433,15513,201,100,2,0,0 '
Received from ('fd00::200:0:0:2', 8765, 0, 0): b' 3331,2,1,512,10,756,8,1,6,1,1,-88,9,2082,17735,223,100,3,0,0 '
Received from ('fd00::200:0:0:e', 8765, 0, 0): b' 3330,14,11,1280,0,829,7,4,7,1,2,-70,0,664,6962,209,100,2,0,0 '
Received from ('fd00::200:0:0:5', 8765, 0, 0): b' 3331,5,1,512,0,781,8,1,6,1,1,-94,2,1562,15870,222,100,2,0,0 '
Received from ('fd00::200:0:0:b', 8765, 0, 0): b' 3331,11,7,1024,0,856,4,16,7,1,1,-52,1,772,10069,214,100,1,0,0 '
Received from ('fd00::200:0:0:11', 8765, 0, 0): b' 3330,17,16,1536,0,778,10,6,7,1,4,-52,0,599,7581,199,100,2,0,0 '
Received from ('fd00::200:0:0:3', 8765, 0, 0): b' 3332,3,1,512,0,838,8,3,7,1,2,-64,1,717,13433,218,100,2,0,0 '
Received from ('fd00::200:0:0:4', 8765, 0, 0): b' 3334,4,1,512,0,772,8,2,7,2,1,-66,10,5068,30471,221,100,2,0,0 '
Received from ('fd00::200:0:0:1', 5678, 0, 0): b' 3334,1,0,256,0,12,0,0,4,0,0,0,10,2137,23017,3957,100,2,0,0 '
Received from ('fd00::200:0:0:9', 8765, 0, 0): b' 3334,9,5,768,0,13,3,5,4,1,2,-52,0,279,5788,8,100,1,0,0 '
Received from ('fd00::200:0:0:7', 8765, 0, 0): b' 3334,7,4,768,10,786,6,22,7,1,2,-70,9,1987,14630,217,100,1,0,0 '
Received from ('fd00::200:0:0:c', 8765, 0, 0): b' 3334,12,8,1024,0,258,3,9,7,1,1,-52,0,828,10161,91,100,3,1,5 '
Received from ('fd00::200:0:0:13', 8765, 0, 0): b' 3335,19,15,1280,0,801,6,4,7,1,1,-52,0,832,10995,210,100,2,0,0 '
Received from ('fd00::200:0:0:6', 8765, 0, 0): b' 3337,6,2,768,0,360,5,2,7,1,2,-52,1,679,9033,116,100,2,1,5 '
Received from ('fd00::200:0:0:f', 8765, 0, 0): b' 3336,15,7,1024,0,723,8,30,7,1,3,-95,6,2556,22996,210,100,2,0,0 '
Received from ('fd00::200:0:0:8', 8765, 0, 0): b' 3335,8,4,768,10,807,6,23,7,1,2,-52,5,1012,11988,216,100,1,0,0 '
Received from ('fd00::200:0:0:d', 8765, 0, 0): b' 3335,13,8,1024,0,18,3,1,7,1,2,-70,1,615,13496,16,100,2,0,0 '
Received from ('fd00::200:0:0:15', 8765, 0, 0): b' 3336,21,20,1536,10,785,10,7,5,1,4,-52,0,608,9979,195,100,2,0,0 '
Received from ('fd00::200:0:0:4', 8765, 0, 0): b' 3338,4,1,512,0,772,8,2,7,2,1,-66,10,1968,11059,221,100,1,0,0 '
Received from ('fd00::200:0:0:e', 8765, 0, 0): b' 3336,14,11,1280,10,830,7,4,7,1,2,-70,0,449,6220,210,100,1,0,0 '
Received from ('fd00::200:0:0:12', 8765, 0, 0): b' 3337,18,15,1280,10,802,4,4,5,1,1,-70,2,966,9935,209,100,2,0,0 '
Received from ('fd00::200:0:0:11', 8765, 0, 0): b' 3337,17,16,1536,10,779,10,6,7,1,4,-52,0,394,6275,199,100,1,0,0 '
Received from ('fd00::200:0:0:10', 8765, 0, 0): b' 3338,16,15,1280,10,800,13,17,7,1,6,-52,1,998,12497,200,100,2,0,0 '
Received from ('fd00::200:0:0:2', 8765, 0, 0): b' 3340,2,1,512,0,759,8,1,6,1,1,-88,9,1094,13823,223,100,3,0,0 '
Received from ('fd00::200:0:0:b', 8765, 0, 0): b' 3339,11,7,1024,0,860,4,16,7,1,1,-52,1,1111,12910,214,100,3,0,0 '
Received from ('fd00::200:0:0:1', 5678, 0, 0): b' 3341,1,0,256,0,12,0,0,4,0,0,0,10,1502,17447,3964,100,1,0,0 '
Received from ('fd00::200:0:0:f', 8765, 0, 0): b' 3340,15,7,1024,10,723,8,30,7,1,3,-95,6,1538,11322,210,100,1,0,0 '
Received from ('fd00::200:0:0:5', 8765, 0, 0): b' 3341,5,1,512,0,785,8,1,6,1,1,-94,2,1310,15605,222,100,3,0,0 '
Received from ('fd00::200:0:0:14', 8765, 0, 0): b' 3341,20,15,1280,0,780,7,6,7,1,2,-70,1,1134,13316,201,100,2,0,0 '
Received from ('fd00::200:0:0:7', 8765, 0, 0): b' 3341,7,4,768,0,789,6,22,7,1,2,-70,9,2850,17534,217,100,3,0,0 '
Received from ('fd00::200:0:0:e', 8765, 0, 0): b' 3342,14,11,1280,0,833,7,4,7,1,2,-70,0,602,5833,210,100,2,0,0 '
Received from ('fd00::200:0:0:4', 8765, 0, 0): b' 3344,4,1,512,0,772,8,2,7,2,1,-66,10,2324,15680,222,100,1,0,0 '
Received from ('fd00::200:0:0:3', 8765, 0, 0): b' 3345,3,1,512,0,841,8,3,7,1,2,-64,1,843,14607,219,100,3,0,0 '
Received from ('fd00::200:0:0:c', 8765, 0, 0): b' 3342,12,8,1024,0,261,3,9,7,1,1,-52,0,630,8150,91,100,1,1,5 '
Received from ('fd00::200:0:0:9', 8765, 0, 0): b' 3344,9,5,768,0,14,3,5,5,1,2,-52,0,707,9243,9,100,4,0,0 '
Received from ('fd00::200:0:0:d', 8765, 0, 0): b' 3342,13,8,1024,0,18,3,1,7,1,2,-70,1,308,8889,16,100,1,0,0 '
Received from ('fd00::200:0:0:2', 8765, 0, 0): b' 3346,2,1,512,0,760,8,1,6,1,1,-88,9,907,9625,224,100,1,0,0 '
Received from ('fd00::200:0:0:15', 8765, 0, 0): b' 3344,21,20,1536,0,787,10,7,5,1,4,-52,0,633,7827,195,100,1,0,0 '
Received from ('fd00::200:0:0:1', 5678, 0, 0): b' 3346,1,0,256,0,12,0,0,4,0,0,0,10,1212,13577,3971,100,1,0,0 '
Received from ('fd00::200:0:0:12', 8765, 0, 0): b' 3344,18,15,1280,0,805,4,4,5,1,1,-70,2,779,7282,209,100,3,0,0 '
Received from ('fd00::200:0:0:13', 8765, 0, 0): b' 3345,19,15,1280,0,803,6,4,7,1,1,-52,0,646,9398,210,100,2,0,0 '
Received from ('fd00::200:0:0:8', 8765, 0, 0): b' 3345,8,4,768,0,811,6,23,7,1,2,-52,5,1763,20023,217,100,2,0,0 '
Received from ('fd00::200:0:0:5', 8765, 0, 0): b' 3347,5,1,512,0,787,8,1,6,1,1,-94,2,967,9904,223,100,1,0,0 '
Received from ('fd00::200:0:0:6', 8765, 0, 0): b' 3349,6,2,768,0,366,5,2,7,1,2,-52,1,1491,19182,117,100,3,1,5 '
Received from ('fd00::200:0:0:10', 8765, 0, 0): b' 3346,16,15,1280,10,803,13,17,7,1,6,-52,1,931,10591,200,100,3,0,0 '
Received from ('fd00::200:0:0:d', 8765, 0, 0): b' 3347,13,8,1024,0,18,3,1,7,1,2,-70,1,259,5961,16,100,1,0,0 '
Received from ('fd00::200:0:0:9', 8765, 0, 0): b' 3348,9,5,768,0,15,3,5,5,1,2,-52,0,482,5357,9,100,2,0,0 '
Received from ('fd00::200:0:0:7', 8765, 0, 0): b' 3348,7,4,768,20,794,6,22,7,1,2,-70,9,2340,16007,217,100,1,0,0 '
Received from ('fd00::200:0:0:f', 8765, 0, 0): b' 3348,15,7,1024,10,724,8,30,7,1,3,-95,6,2001,18805,211,100,1,0,0 '
Received from ('fd00::200:0:0:11', 8765, 0, 0): b' 3348,17,16,1536,0,780,10,6,7,1,4,-52,0,621,10561,200,100,2,0,0 '
Received from ('fd00::200:0:0:b', 8765, 0, 0): b' 3349,11,7,1024,10,865,4,16,7,1,1,-52,1,1416,16382,215,100,2,0,0 '
Received from ('fd00::200:0:0:c', 8765, 0, 0): b' 3350,12,8,1024,0,267,3,9,7,1,1,-52,0,996,8566,92,100,2,1,5 '
Received from ('fd00::200:0:0:4', 8765, 0, 0): b' 3351,4,1,512,10,774,8,2,7,2,1,-66,10,4166,22449,222,100,2,0,0 '
Received from ('fd00::200:0:0:e', 8765, 0, 0): b' 3349,14,11,1280,0,834,7,4,7,1,2,-70,0,473,7511,211,100,1,0,0 '
Received from ('fd00::200:0:0:15', 8765, 0, 0): b' 3350,21,20,1536,0,789,10,7,5,1,4,-52,0,581,6520,196,100,1,0,0 '
Received from ('fd00::200:0:0:14', 8765, 0, 0): b' 3352,20,15,1280,0,781,7,6,7,1,2,-70,1,1251,14376,202,100,2,0,0 '
Received from ('fd00::200:0:0:1', 5678, 0, 0): b' 3353,1,0,256,0,12,0,0,4,0,0,0,10,1435,17844,3977,100,1,0,0 '
Received from ('fd00::200:0:0:9', 8765, 0, 0): b' 3353,9,5,768,0,15,3,5,5,1,2,-52,0,353,5787,9,100,1,0,0 '
Received from ('fd00::200:0:0:6', 8765, 0, 0): b' 3354,6,2,768,0,367,5,2,7,1,2,-52,1,476,7924,117,100,1,1,5 '
Received from ('fd00::200:0:0:12', 8765, 0, 0): b' 3353,18,15,1280,0,808,4,4,5,1,1,-70,2,687,8523,210,100,1,0,0 '
Received from ('fd00::200:0:0:7', 8765, 0, 0): b' 3352,7,4,768,0,795,6,22,7,1,2,-70,9,2191,13041,218,100,1,0,0 '
Received from ('fd00::200:0:0:8', 8765, 0, 0): b' 3353,8,4,768,0,812,6,23,7,1,2,-52,5,1186,14121,217,100,1,0,0 '
Received from ('fd00::200:0:0:3', 8765, 0, 0): b' 3354,3,1,512,0,843,8,3,7,1,2,-64,1,713,12623,219,100,2,0,0 '
Received from ('fd00::200:0:0:2', 8765, 0, 0): b' 3354,2,1,512,10,761,8,1,6,1,1,-88,9,1108,14500,224,100,1,0,0 '
Received from ('fd00::200:0:0:10', 8765, 0, 0): b' 3353,16,15,1280,0,805,13,17,7,1,6,-52,1,973,9187,201,100,1,0,0 '
Received from ('fd00::200:0:0:5', 8765, 0, 0): b' 3355,5,1,512,0,790,8,1,6,1,1,-94,2,1303,12915,223,100,2,0,0 '
Received from ('fd00::200:0:0:13', 8765, 0, 0): b' 3355,19,15,1280,0,804,6,4,7,1,1,-52,0,594,9257,211,100,2,0,0 '
Received from ('fd00::200:0:0:b', 8765, 0, 0): b' 3354,11,7,1024,0,867,4,16,7,1,1,-52,1,876,9457,215,100,1,0,0 '
Received from ('fd00::200:0:0:d', 8765, 0, 0): b' 3354,13,8,1024,0,19,3,1,7,1,2,-70,1,510,7975,17,100,2,0,0 '
Received from ('fd00::200:0:0:15', 8765, 0, 0): b' 3356,21,20,1536,0,791,10,7,5,1,4,-52,0,477,5438,196,100,1,0,0 '
Received from ('fd00::200:0:0:c', 8765, 0, 0): b' 3356,12,8,1024,0,268,3,9,7,1,1,-52,0,461,5994,92,100,1,1,5 '
Received from ('fd00::200:0:0:11', 8765, 0, 0): b' 3358,17,16,1536,0,782,10,6,7,1,4,-52,0,679,8562,201,100,2,0,0 '
Received from ('fd00::200:0:0:e', 8765, 0, 0): b' 3357,14,11,1280,0,836,7,4,7,1,2,-70,0,621,7394,211,100,2,0,0 '
Received from ('fd00::200:0:0:1', 5678, 0, 0): b' 3359,1,0,256,0,12,0,0,4,0,0,0,10,1605,17510,3986,100,1,0,0 '
Received from ('fd00::200:0:0:2', 8765, 0, 0): b' 3359,2,1,512,10,762,8,1,6,1,1,-88,9,655,8216,225,100,1,0,0 '
Received from ('fd00::200:0:0:8', 8765, 0, 0): b' 3359,8,4,768,10,814,6,23,7,1,2,-52,4,1247,12801,218,100,1,0,0 '
Received from ('fd00::200:0:0:9', 8765, 0, 0): b' 3360,9,5,768,0,16,3,5,5,1,2,-52,0,635,8900,10,100,3,0,0 '
Received from ('fd00::200:0:0:f', 8765, 0, 0): b' 3359,15,7,1024,20,725,8,30,7,1,3,-95,6,3312,28168,212,100,2,0,0 '
Received from ('fd00::200:0:0:d', 8765, 0, 0): b' 3359,13,8,1024,0,19,3,1,7,1,2,-70,0,363,6127,17,100,1,0,0 '
Received from ('fd00::200:0:0:10', 8765, 0, 0): b' 3360,16,15,1280,0,806,13,17,7,1,6,-52,1,634,7612,201,100,1,0,0 '
Received from ('fd00::200:0:0:3', 8765, 0, 0): b' 3362,3,1,512,0,846,8,3,7,1,2,-64,1,705,10406,220,100,1,0,0 '
Received from ('fd00::200:0:0:4', 8765, 0, 0): b' 3362,4,1,512,0,777,8,2,7,2,1,-66,10,4889,27928,223,100,2,0,0 '
Received from ('fd00::200:0:0:14', 8765, 0, 0): b' 3363,20,15,1280,0,784,7,6,7,1,2,-70,1,1307,15610,203,100,2,0,0 '
Received from ('fd00::200:0:0:6', 8765, 0, 0): b' 3365,6,2,768,0,368,5,2,7,1,2,-52,1,731,15407,118,100,2,1,5 '
Received from ('fd00::200:0:0:f', 8765, 0, 0): b' 3363,15,7,1024,10,725,8,30,7,1,3,-95,6,1128,10466,212,100,1,0,0 '
Received from ('fd00::200:0:0:9', 8765, 0, 0): b' 3365,9,5,768,0,16,3,5,5,1,2,-52,0,280,5913,10,100,1,0,0 '
Received from ('fd00::200:0:0:15', 8765, 0, 0): b' 3365,21,20,1536,0,792,10,7,5,1,4,-52,0,595,8294,197,100,2,0,0 '
Received from ('fd00::200:0:0:7', 8765, 0, 0): b' 3364,7,4,768,10,796,6,22,7,1,2,-70,9,3509,25793,219,100,3,0,0 '
Received from ('fd00::200:0:0:13', 8765, 0, 0): b' 3365,19,15,1280,0,806,6,4,7,1,1,-52,0,701,9455,212,100,2,0,0 '
Received from ('fd00::200:0:0:12', 8765, 0, 0): b' 3364,18,15,1280,10,812,4,4,5,1,1,-70,2,877,10987,210,100,3,0,0 '
Received from ('fd00::200:0:0:5', 8765, 0, 0): b' 3367,5,1,512,0,793,8,1,6,1,1,-94,2,1316,18188,224,100,2,0,0 '
Received from ('fd00::200:0:0:b', 8765, 0, 0): b' 3365,11,7,1024,0,869,4,16,7,1,1,-52,1,1190,17648,216,100,3,0,0 '
Received from ('fd00::200:0:0:e', 8765, 0, 0): b' 3365,14,11,1280,10,839,7,4,7,1,2,-70,0,598,9142,212,100,2,0,0 '
Received from ('fd00::200:0:0:4', 8765, 0, 0): b' 3369,4,1,512,10,778,8,2,7,2,1,-66,10,2407,15140,223,100,1,0,0 '
Received from ('fd00::200:0:0:10', 8765, 0, 0): b' 3366,16,15,1280,0,808,13,17,7,1,6,-52,1,847,10659,202,100,2,0,0 '
Received from ('fd00::200:0:0:1', 5678, 0, 0): b' 3370,1,0,256,0,12,0,0,4,0,0,0,10,2574,28424,4000,100,2,0,0 '
Received from ('fd00::200:0:0:2', 8765, 0, 0): b' 3369,2,1,512,0,768,8,1,6,1,1,-88,9,1488,15807,225,100,3,0,0 '
Received from ('fd00::200:0:0:3', 8765, 0, 0): b' 3370,3,1,512,0,850,8,3,7,1,2,-64,1,908,9887,221,100,2,0,0 '
Received from ('fd00::200:0:0:11', 8765, 0, 0): b' 3369,17,16,1536,0,783,10,6,7,1,4,-52,0,619,10128,202,100,2,0,0 '
Received from ('fd00::200:0:0:8', 8765, 0, 0): b' 3371,8,4,768,10,816,6,23,7,1,2,-52,4,1082,20341,218,100,2,0,0 '
Received from ('fd00::200:0:0:d', 8765, 0, 0): b' 3370,13,8,1024,0,19,3,1,7,1,2,-70,0,508,13357,18,100,2,0,0 '
Received from ('fd00::200:0:0:15', 8765, 0, 0): b' 3371,21,20,1536,10,795,10,7,5,1,4,-52,0,655,7123,197,100,1,0,0 '
Received from ('fd00::200:0:0:12', 8765, 0, 0): b' 3371,18,15,1280,0,815,4,4,5,1,1,-70,2,762,7339,211,100,2,0,0 '
Received from ('fd00::200:0:0:13', 8765, 0, 0): b' 3372,19,15,1280,0,809,6,4,7,1,1,-52,0,631,8016,212,100,1,0,0 '
Received from ('fd00::200:0:0:4', 8765, 0, 0): b' 3373,4,1,512,0,778,8,2,7,2,1,-66,10,1787,11024,224,100,1,0,0 '
Received from ('fd00::200:0:0:1', 5678, 0, 0): b' 3375,1,0,256,0,12,0,0,4,0,0,0,10,1099,11971,4006,100,1,0,0 '
Received from ('fd00::200:0:0:3', 8765, 0, 0): b' 3374,3,1,512,0,851,8,3,7,1,2,-64,1,269,5329,221,100,0,0,0 '
Received from ('fd00::200:0:0:14', 8765, 0, 0): b' 3373,20,15,1280,0,787,7,6,7,1,2,-70,1,1290,13283,203,100,2,0,0 '
Received from ('fd00::200:0:0:5', 8765, 0, 0): b' 3375,5,1,512,0,795,8,1,6,1,1,-94,2,880,12402,225,100,1,0,0 '
Received from ('fd00::200:0:0:f', 8765, 0, 0): b' 3373,15,7,1024,10,729,8,30,7,1,3,-95,6,3632,26552,213,100,2,0,0 '
Received from ('fd00::200:0:0:6', 8765, 0, 0): b' 3374,6,2,768,0,372,5,2,7,1,2,-52,1,1099,17188,119,100,3,1,5 '
Received from ('fd00::200:0:0:9', 8765, 0, 0): b' 3376,9,5,768,0,17,3,5,5,1,2,-52,0,610,12440,11,100,3,0,0 '
Received from ('fd00::200:0:0:7', 8765, 0, 0): b' 3376,7,4,768,20,799,6,22,7,1,2,-70,9,3682,24614,219,100,2,0,0 '
Received from ('fd00::200:0:0:b', 8765, 0, 0): b' 3374,11,7,1024,0,870,4,16,7,1,1,-52,1,883,13447,217,100,1,0,0 '
Received from ('fd00::200:0:0:d', 8765, 0, 0): b' 3375,13,8,1024,0,19,3,1,7,1,2,-70,0,260,5486,18,100,1,0,0 '
Received from ('fd00::200:0:0:10', 8765, 0, 0): b' 3373,16,15,1280,10,810,13,17,7,1,6,-52,1,864,9181,202,100,1,0,0 '
Received from ('fd00::200:0:0:11', 8765, 0, 0): b' 3375,17,16,1536,0,785,10,6,7,1,4,-52,0,568,6372,202,100,1,0,0 '
Received from ('fd00::200:0:0:e', 8765, 0, 0): b' 3374,14,11,1280,0,841,7,4,7,1,2,-70,0,729,7544,212,100,2,0,0 '
Received from ('fd00::200:0:0:14', 8765, 0, 0): b' 3377,20,15,1280,0,787,7,6,7,1,2,-70,1,551,6121,204,100,1,0,0 '
Received from ('fd00::200:0:0:8', 8765, 0, 0): b' 3379,8,4,768,0,816,6,23,7,1,2,-52,4,827,12851,219,100,2,0,0 '
Received from ('fd00::200:0:0:5', 8765, 0, 0): b' 3379,5,1,512,0,797,8,1,6,1,1,-94,2,680,6597,225,100,1,0,0 '
Received from ('fd00::200:0:0:12', 8765, 0, 0): b' 3377,18,15,1280,0,817,4,4,5,1,1,-70,2,524,6258,211,100,1,0,0 '
Received from ('fd00::200:0:0:15', 8765, 0, 0): b' 3379,21,20,1536,0,798,10,7,5,1,4,-52,0,917,8826,198,100,2,0,0 '
Received from ('fd00::200:0:0:6', 8765, 0, 0): b' 3380,6,2,768,0,375,5,2,7,1,2,-52,1,690,8854,119,100,1,1,5 '
Received from ('fd00::200:0:0:4', 8765, 0, 0): b' 3381,4,1,512,10,781,8,2,7,2,1,-66,10,3585,19784,224,100,1,0,0 '
Received from ('fd00::200:0:0:2', 8765, 0, 0): b' 3381,2,1,512,0,771,8,1,6,1,1,-88,9,1733,19598,226,100,2,0,0 '
Received from ('fd00::200:0:0:f', 8765, 0, 0): b' 3382,15,7,1024,0,729,8,30,7,1,3,-95,6,2160,18728,213,100,1,0,0 '
Received from ('fd00::200:0:0:7', 8765, 0, 0): b' 3382,7,4,768,0,800,6,22,7,1,2,-70,9,2275,15717,220,100,1,0,0 '
Received from ('fd00::200:0:0:3', 8765, 0, 0): b' 3383,3,1,512,0,853,8,3,7,1,2,-64,1,717,11663,222,100,2,0,0 '
Received from ('fd00::200:0:0:11', 8765, 0, 0): b' 3383,17,16,1536,0,787,10,6,7,1,4,-52,0,581,7788,203,100,1,0,0 '
Received from ('fd00::200:0:0:14', 8765, 0, 0): b' 3384,20,15,1280,0,790,7,6,7,1,2,-70,1,878,7372,204,100,1,0,0 '
Received from ('fd00::200:0:0:1', 5678, 0, 0): b' 3385,1,0,256,0,12,0,0,4,0,0,0,10,2625,28422,4018,100,2,0,0 '
Received from ('fd00::200:0:0:9', 8765, 0, 0): b' 3384,9,5,768,0,17,3,5,5,1,2,-52,0,403,9761,11,100,2,0,0 '
Received from ('fd00::200:0:0:e', 8765, 0, 0): b' 3382,14,11,1280,0,845,7,4,7,1,2,-70,0,794,8232,213,100,1,0,0 '
Received from ('fd00::200:0:0:12', 8765, 0, 0): b' 3384,18,15,1280,0,819,4,4,5,1,1,-70,2,602,5641,212,100,1,0,0 '
Received from ('fd00::200:0:0:5', 8765, 0, 0): b' 3386,5,1,512,0,802,8,1,6,1,1,-94,2,1136,11004,225,100,1,0,0 '
Received from ('fd00::200:0:0:13', 8765, 0, 0): b' 3384,19,15,1280,10,811,6,4,7,1,1,-52,0,767,10682,213,100,2,0,0 '
Received from ('fd00::200:0:0:10', 8765, 0, 0): b' 3386,16,15,1280,0,815,13,17,7,1,6,-52,1,1704,15130,203,100,2,0,0 '
Received from ('fd00::200:0:0:b', 8765, 0, 0): b' 3386,11,7,1024,0,874,4,16,7,1,1,-52,1,1539,18312,217,100,2,0,0 '
Received from ('fd00::200:0:0:6', 8765, 0, 0): b' 3387,6,2,768,0,376,5,2,7,1,2,-52,1,530,9464,120,100,1,1,5 '
Received from ('fd00::200:0:0:7', 8765, 0, 0): b' 3388,7,4,768,20,802,6,22,7,1,2,-70,9,1949,11759,220,100,1,0,0 '
Received from ('fd00::200:0:0:8', 8765, 0, 0): b' 3388,8,4,768,10,819,6,23,7,1,2,-52,4,971,16771,220,100,1,0,0 '
Received from ('fd00::200:0:0:e', 8765, 0, 0): b' 3387,14,11,1280,0,845,7,4,7,1,2,-70,0,262,3852,213,100,1,0,0 '
Received from ('fd00::200:0:0:d', 8765, 0, 0): b' 3387,13,8,1024,0,20,3,1,7,1,2,-70,0,615,13685,19,100,2,0,0 '
Received from ('fd00::200:0:0:4', 8765, 0, 0): b' 3389,4,1,512,10,783,8,2,7,2,1,-66,10,3918,22230,225,100,2,0,0 '
Received from ('fd00::200:0:0:14', 8765, 0, 0): b' 3389,20,15,1280,10,790,7,6,7,1,2,-70,1,538,6987,205,100,1,0,0 '
Received from ('fd00::200:0:0:13', 8765, 0, 0): b' 3389,19,15,1280,0,812,6,4,7,1,1,-52,0,395,4722,213,100,1,0,0 '
Received from ('fd00::200:0:0:2', 8765, 0, 0): b' 3390,2,1,512,0,775,8,1,6,1,1,-88,9,1551,14988,227,100,2,0,0 '
Received from ('fd00::200:0:0:15', 8765, 0, 0): b' 3388,21,20,1536,0,802,10,7,5,1,4,-52,0,739,8388,198,100,1,0,0 '
Received from ('fd00::200:0:0:10', 8765, 0, 0): b' 3390,16,15,1280,0,816,13,17,7,1,6,-52,1,513,5346,203,100,1,0,0 '
Received from ('fd00::200:0:0:b', 8765, 0, 0): b' 3390,11,7,1024,0,874,4,16,7,1,1,-52,1,671,6840,218,100,1,0,0 '
Received from ('fd00::200:0:0:5', 8765, 0, 0): b' 3392,5,1,512,10,805,8,1,6,1,1,-94,2,964,10806,226,100,1,0,0 '
Received from ('fd00::200:0:0:12', 8765, 0, 0): b' 3391,18,15,1280,0,820,4,4,5,1,1,-70,2,417,6115,212,100,1,0,0 '
Received from ('fd00::200:0:0:6', 8765, 0, 0): b' 3391,6,2,768,0,378,5,2,7,1,2,-52,1,473,6945,120,100,1,1,5 '
Received from ('fd00::200:0:0:3', 8765, 0, 0): b' 3393,3,1,512,10,857,8,3,7,1,2,-64,1,833,11303,222,100,2,0,0 '
Received from ('fd00::200:0:0:15', 8765, 0, 0): b' 3392,21,20,1536,10,805,10,7,5,1,4,-52,0,533,4344,199,100,1,0,0 '
Received from ('fd00::200:0:0:7', 8765, 0, 0): b' 3394,7,4,768,10,803,6,22,7,1,2,-70,9,2346,14380,221,100,1,0,0 '
Received from ('fd00::200:0:0:f', 8765, 0, 0): b' 3393,15,7,1024,30,731,8,30,7,1,3,-95,6,3891,28962,214,100,3,0,0 '
Received from ('fd00::200:0:0:1', 5678, 0, 0): b' 3396,1,0,256,0,12,0,0,4,0,0,0,10,2555,28236,4029,100,2,0,0 '
Received from ('fd00::200:0:0:11', 8765, 0, 0): b' 3394,17,16,1536,0,790,10,6,7,1,4,-52,0,781,9835,203,100,2,0,0 '
Received from ('fd00::200:0:0:9', 8765, 0, 0): b' 3396,9,5,768,0,19,3,5,5,1,2,-52,0,1206,14147,12,100,4,0,0 '
Received from ('fd00::200:0:0:13', 8765, 0, 0): b' 3395,19,15,1280,0,813,6,4,7,1,1,-52,0,449,5388,214,100,1,0,0 '
Received from ('fd00::200:0:0:2', 8765, 0, 0): b' 3396,2,1,512,0,775,8,1,6,1,1,-88,9,589,8548,227,100,1,0,0 '
Received from ('fd00::200:0:0:12', 8765, 0, 0): b' 3396,18,15,1280,0,822,4,4,5,1,1,-70,2,476,4758,212,100,1,0,0 '
Received from ('fd00::200:0:0:d', 8765, 0, 0): b' 3396,13,8,1024,0,20,3,1,7,1,2,-70,0,528,8295,20,100,2,0,0 '
Received from ('fd00::200:0:0:e', 8765, 0, 0): b' 3395,14,11,1280,10,851,7,4,7,1,2,-70,0,980,8072,214,100,1,0,0 '
Received from ('fd00::200:0:0:14', 8765, 0, 0): b' 3397,20,15,1280,0,794,7,6,7,1,2,-70,1,1367,11009,205,100,1,0,0 '
Received from ('fd00::200:0:0:b', 8765, 0, 0): b' 3397,11,7,1024,0,875,4,16,7,1,1,-52,1,837,10995,218,100,1,0,0 '
Received from ('fd00::200:0:0:4', 8765, 0, 0): b' 3398,4,1,512,0,785,8,2,7,2,1,-66,10,4377,24051,225,100,1,0,0 '
Received from ('fd00::200:0:0:8', 8765, 0, 0): b' 3399,8,4,768,0,824,6,23,7,1,2,-52,4,1505,19473,220,100,2,0,0 '
Received from ('fd00::200:0:0:10', 8765, 0, 0): b' 3399,16,15,1280,10,820,13,17,7,1,6,-52,1,1207,11938,204,100,2,0,0 '
Received from ('fd00::200:0:0:9', 8765, 0, 0): b' 3401,9,5,768,0,19,3,5,5,1,2,-52,0,553,6802,13,100,1,0,0 '
Received from ('fd00::200:0:0:3', 8765, 0, 0): b' 3401,3,1,512,0,863,8,3,7,1,2,-64,1,1044,11547,223,100,2,0,0 '
Received from ('fd00::200:0:0:1', 5678, 0, 0): b' 3402,1,0,256,0,12,0,0,4,0,0,0,10,1504,16612,4038,100,1,0,0 '
Received from ('fd00::200:0:0:f', 8765, 0, 0): b' 3400,15,7,1024,0,731,8,30,7,1,3,-95,6,2051,18185,214,100,1,0,0 '
Received from ('fd00::200:0:0:15', 8765, 0, 0): b' 3402,21,20,1536,10,810,10,7,5,1,4,-52,0,944,8850,199,100,2,0,0 '
Received from ('fd00::200:0:0:e', 8765, 0, 0): b' 3402,14,11,1280,10,853,7,4,7,1,2,-70,0,617,6557,214,100,2,0,0 '
Received from ('fd00::200:0:0:6', 8765, 0, 0): b' 3402,6,2,768,0,382,5,2,7,1,2,-52,1,1076,16837,121,100,2,1,5 '
Received from ('fd00::200:0:0:5', 8765, 0, 0): b' 3403,5,1,512,0,806,8,1,6,1,1,-94,2,1454,17568,227,100,3,0,0 '
Received from ('fd00::200:0:0:12', 8765, 0, 0): b' 3404,18,15,1280,0,824,4,4,5,1,1,-70,2,581,7440,213,100,1,0,0 '
Received from ('fd00::200:0:0:13', 8765, 0, 0): b' 3403,19,15,1280,0,815,6,4,7,1,1,-52,0,524,8052,214,100,1,0,0 '
Received from ('fd00::200:0:0:7', 8765, 0, 0): b' 3405,7,4,768,10,806,6,22,7,1,2,-70,9,4269,27964,221,100,3,0,0 '
Received from ('fd00::200:0:0:14', 8765, 0, 0): b' 3403,20,15,1280,0,796,7,6,7,1,2,-70,1,1152,10824,206,100,2,0,0 '
Received from ('fd00::200:0:0:11', 8765, 0, 0): b' 3406,17,16,1536,0,794,10,6,7,1,4,-52,0,1094,12049,204,100,2,0,0 '
Received from ('fd00::200:0:0:4', 8765, 0, 0): b' 3407,4,1,512,10,790,8,2,7,2,1,-66,10,3951,23080,226,100,2,0,0 '
Received from ('fd00::200:0:0:10', 8765, 0, 0): b' 3407,16,15,1280,10,824,13,17,7,1,6,-52,1,1086,9800,204,100,2,0,0 '
Received from ('fd00::200:0:0:b', 8765, 0, 0): b' 3406,11,7,1024,0,877,4,16,7,1,1,-52,1,1180,13615,219,100,2,0,0 '
Received from ('fd00::200:0:0:8', 8765, 0, 0): b' 3408,8,4,768,20,829,6,23,7,1,2,-52,4,1274,16436,221,100,2,0,0 '
Received from ('fd00::200:0:0:f', 8765, 0, 0): b' 3407,15,7,1024,0,734,8,30,7,1,3,-95,6,2456,17072,215,100,1,0,0 '
Received from ('fd00::200:0:0:2', 8765, 0, 0): b' 3408,2,1,512,0,779,8,1,6,1,1,-88,9,1725,19215,228,100,2,0,0 '
Received from ('fd00::200:0:0:15', 8765, 0, 0): b' 3408,21,20,1536,0,812,10,7,5,1,4,-52,0,665,6022,200,100,1,0,0 '
Received from ('fd00::200:0:0:d', 8765, 0, 0): b' 3407,13,8,1024,0,20,3,1,7,1,2,-70,0,452,10172,20,100,2,0,0 '
Received from ('fd00::200:0:0:12', 8765, 0, 0): b' 3407,18,15,1280,0,824,4,4,5,1,1,-70,2,286,5109,213,100,1,0,0 '
Received from ('fd00::200:0:0:e', 8765, 0, 0): b' 3408,14,11,1280,0,854,7,4,7,1,2,-70,0,501,6264,214,100,1,0,0 '
Received from ('fd00::200:0:0:3', 8765, 0, 0): b' 3410,3,1,512,0,867,8,3,7,1,2,-64,1,834,10844,223,100,2,0,0 '
Received from ('fd00::200:0:0:1', 5678, 0, 0): b' 3412,1,0,256,0,12,0,0,4,0,0,0,10,2497,27563,4050,100,2,0,0 '
Received from ('fd00::200:0:0:9', 8765, 0, 0): b' 3412,9,5,768,0,19,3,5,5,1,2,-52,0,524,12344,13,100,2,0,0 '
Received from ('fd00::200:0:0:6', 8765, 0, 0): b' 3412,6,2,768,0,386,5,2,7,1,2,-52,1,1070,15114,121,100,3,1,5 '
Received from ('fd00::200:0:0:13', 8765, 0, 0): b' 3412,19,15,1280,0,816,6,4,7,1,1,-52,0,594,9402,215,100,2,0,0 '
Received from ('fd00::200:0:0:5', 8765, 0, 0): b' 3414,5,1,512,0,809,8,1,6,1,1,-94,2,1022,16122,227,100,1,0,0 '
Received from ('fd00::200:0:0:4', 8765, 0, 0): b' 3414,4,1,512,10,791,8,2,7,2,1,-66,10,2525,15340,226,100,1,0,0 '
Received from ('fd00::200:0:0:10', 8765, 0, 0): b' 3412,16,15,1280,10,825,13,17,7,1,6,-52,1,728,8815,205,100,1,0,0 '
Received from ('fd00::200:0:0:7', 8765, 0, 0): b' 3414,7,4,768,10,808,6,22,7,1,2,-70,9,3052,20953,222,100,1,0,0 '
Received from ('fd00::200:0:0:8', 8765, 0, 0): b' 3415,8,4,768,0,831,6,23,7,1,2,-52,4,826,13143,221,100,1,0,0 '
Received from ('fd00::200:0:0:12', 8765, 0, 0): b' 3413,18,15,1280,0,826,4,4,5,1,1,-70,2,532,5232,214,100,1,0,0 '
Received from ('fd00::200:0:0:3', 8765, 0, 0): b' 3415,3,1,512,0,868,8,3,7,1,2,-64,1,466,7164,224,100,1,0,0 '
Received from ('fd00::200:0:0:11', 8765, 0, 0): b' 3415,17,16,1536,0,799,10,6,7,1,4,-52,0,1025,10099,205,100,2,0,0 '
Received from ('fd00::200:0:0:9', 8765, 0, 0): b' 3416,9,5,768,10,19,3,5,5,1,2,-52,0,342,5563,14,100,1,0,0 '
Received from ('fd00::200:0:0:14', 8765, 0, 0): b' 3416,20,15,1280,0,802,7,6,7,1,2,-70,1,1549,15569,206,100,2,0,0 '
Received from ('fd00::200:0:0:f', 8765, 0, 0): b' 3416,15,7,1024,0,734,8,30,7,1,3,-95,6,2796,22238,215,100,2,0,0 '
Received from ('fd00::200:0:0:e', 8765, 0, 0): b' 3417,14,11,1280,0,855,7,4,7,1,2,-70,0,498,8246,215,100,1,0,0 '
Received from ('fd00::200:0:0:d', 8765, 0, 0): b' 3418,13,8,1024,0,21,3,1,7,1,2,-70,0,586,9899,21,100,3,0,0 '
Received from ('fd00::200:0:0:b', 8765, 0, 0): b' 3418,11,7,1024,0,881,4,16,7,1,1,-52,1,1539,18789,219,100,2,0,0 '
Received from ('fd00::200:0:0:10', 8765, 0, 0): b' 3418,16,15,1280,0,825,13,17,7,1,6,-52,1,720,7093,205,100,1,0,0 '
Received from ('fd00::200:0:0:13', 8765, 0, 0): b' 3417,19,15,1280,0,819,6,4,7,1,1,-52,0,607,5517,215,100,1,0,0 '
Received from ('fd00::200:0:0:2', 8765, 0, 0): b' 3421,2,1,512,0,782,8,1,6,1,1,-88,9,1535,18960,229,100,2,0,0 '
Received from ('fd00::200:0:0:15', 8765, 0, 0): b' 3417,21,20,1536,0,814,10,7,5,1,4,-52,0,736,10671,200,100,2,0,0 '
Received from ('fd00::200:0:0:4', 8765, 0, 0): b' 3421,4,1,512,10,792,8,2,7,2,1,-66,10,3318,18178,227,100,1,0,0 '
Received from ('fd00::200:0:0:12', 8765, 0, 0): b' 3420,18,15,1280,10,831,4,4,5,1,1,-70,2,815,6546,214,100,2,0,0 '
Received from ('fd00::200:0:0:1', 5678, 0, 0): b' 3422,1,0,256,0,12,0,0,4,0,0,0,10,2462,26413,4063,100,2,0,0 '
Received from ('fd00::200:0:0:11', 8765, 0, 0): b' 3421,17,16,1536,0,802,10,6,7,1,4,-52,0,610,5607,205,100,1,0,0 '
Received from ('fd00::200:0:0:5', 8765, 0, 0): b' 3422,5,1,512,0,814,8,1,6,1,1,-94,2,1442,13584,228,100,3,0,0 '
Received from ('fd00::200:0:0:7', 8765, 0, 0): b' 3423,7,4,768,20,809,6,22,7,1,2,-70,9,3027,17939,223,100,2,0,0 '
Received from ('fd00::200:0:0:14', 8765, 0, 0): b' 3420,20,15,1280,0,804,7,6,7,1,2,-70,1,868,6621,207,100,1,0,0 '
Received from ('fd00::200:0:0:f', 8765, 0, 0): b' 3422,15,7,1024,0,736,8,30,7,1,3,-95,6,2246,16139,216,100,1,0,0 '
Received from ('fd00::200:0:0:6', 8765, 0, 0): b' 3423,6,2,768,0,387,5,2,7,1,2,-52,1,733,15501,122,100,2,1,5 '
Received from ('fd00::200:0:0:3', 8765, 0, 0): b' 3425,3,1,512,0,871,8,3,7,1,2,-64,1,749,12245,224,100,2,0,0 '
Received from ('fd00::200:0:0:9', 8765, 0, 0): b' 3425,9,5,768,0,19,3,5,5,1,2,-52,0,427,10205,14,100,2,0,0 '
Received from ('fd00::200:0:0:11', 8765, 0, 0): b' 3425,17,16,1536,0,803,10,6,7,1,4,-52,0,370,4203,205,100,1,0,0 '
Received from ('fd00::200:0:0:8', 8765, 0, 0): b' 3426,8,4,768,0,834,6,23,7,1,2,-52,4,1271,19960,222,100,2,0,0 '
Received from ('fd00::200:0:0:d', 8765, 0, 0): b' 3426,13,8,1024,0,21,3,1,7,1,2,-70,0,363,7148,22,100,1,0,0 '
Received from ('fd00::200:0:0:14', 8765, 0, 0): b' 3425,20,15,1280,0,806,7,6,7,1,2,-70,1,463,5621,207,100,0,0,0 '
Received from ('fd00::200:0:0:b', 8765, 0, 0): b' 3426,11,7,1024,0,882,4,16,7,1,1,-52,1,833,12954,220,100,2,0,0 '
Received from ('fd00::200:0:0:4', 8765, 0, 0): b' 3428,4,1,512,0,796,8,2,7,2,1,-66,10,3133,17613,227,100,1,0,0 '
Received from ('fd00::200:0:0:5', 8765, 0, 0): b' 3428,5,1,512,0,815,8,1,6,1,1,-94,2,626,8867,228,100,1,0,0 '
Received from ('fd00::200:0:0:12', 8765, 0, 0): b' 3427,18,15,1280,0,833,4,4,5,1,1,-70,2,622,7062,214,100,2,0,0 '
Received from ('fd00::200:0:0:e', 8765, 0, 0): b' 3427,14,11,1280,10,858,7,4,7,1,2,-70,0,702,9784,216,100,2,0,0 '
Received from ('fd00::200:0:0:f', 8765, 0, 0): b' 3428,15,7,1024,10,736,8,30,7,1,3,-95,6,1293,11444,216,100,1,0,0 '
Received from ('fd00::200:0:0:1', 5678, 0, 0): b' 3429,1,0,256,0,12,0,0,4,0,0,0,10,1624,19216,4069,100,1,0,0 '
Received from ('fd00::200:0:0:13', 8765, 0, 0): b' 3427,19,15,1280,0,821,6,4,7,1,1,-52,0,677,9089,216,100,2,0,0 '
Received from ('fd00::200:0:0:10', 8765, 0, 0): b' 3427,16,15,1280,10,828,13,17,7,1,6,-52,1,1294,13200,206,100,2,0,0 '
Received from ('fd00::200:0:0:7', 8765, 0, 0): b' 3431,7,4,768,20,809,6,22,7,1,2,-70,9,2670,18644,223,100,1,0,0 '
Received from ('fd00::200:0:0:14', 8765, 0, 0): b' 3429,20,15,1280,0,806,7,6,7,1,2,-70,1,342,5278,207,100,1,0,0 '
Received from ('fd00::200:0:0:2', 8765, 0, 0): b' 3432,2,1,512,0,786,8,1,6,1,1,-88,9,1286,16871,229,100,2,0,0 '
Received from ('fd00::200:0:0:9', 8765, 0, 0): b' 3431,9,5,768,0,19,3,5,5,1,2,-52,0,366,7307,15,100,1,0,0 '
Received from ('fd00::200:0:0:15', 8765, 0, 0): b' 3429,21,20,1536,0,815,10,7,5,1,4,-52,0,620,10627,201,100,2,0,0 '
Received from ('fd00::200:0:0:b', 8765, 0, 0): b' 3432,11,7,1024,0,883,4,16,7,1,1,-52,1,637,7248,220,100,1,0,0 '
Received from ('fd00::200:0:0:e', 8765, 0, 0): b' 3432,14,11,1280,0,858,7,4,7,1,2,-70,0,370,4294,216,100,1,0,0 '
Received from ('fd00::200:0:0:d', 8765, 0, 0): b' 3433,13,8,1024,0,22,3,1,7,1,2,-70,0,701,6606,22,100,2,0,0 '
Received from ('fd00::200:0:0:6', 8765, 0, 0): b' 3434,6,2,768,0,390,5,2,7,1,2,-52,1,998,16504,123,100,2,1,5 '
Received from ('fd00::200:0:0:3', 8765, 0, 0): b' 3435,3,1,512,0,871,8,3,7,1,2,-64,1,504,12283,225,100,2,0,0 '
Received from ('fd00::200:0:0:12', 8765, 0, 0): b' 3435,18,15,1280,0,835,4,4,5,1,1,-70,2,580,7274,215,100,1,0,0 '
Received from ('fd00::200:0:0:11', 8765, 0, 0): b' 3435,17,16,1536,0,810,10,6,7,1,4,-52,0,1265,10539,206,100,2,0,0 '
Received from ('fd00::200:0:0:14', 8765, 0, 0): b' 3435,20,15,1280,0,806,7,6,7,1,2,-70,1,731,8054,208,100,1,0,0 '
Received from ('fd00::200:0:0:e', 8765, 0, 0): b' 3437,14,11,1280,0,859,7,4,7,1,2,-70,0,369,4124,216,100,1,0,0 '
Received from ('fd00::200:0:0:1', 5678, 0, 0): b' 3438,1,0,256,0,12,0,0,4,0,0,0,10,2066,22887,4082,100,2,0,0 '
Received from ('fd00::200:0:0:5', 8765, 0, 0): b' 3438,5,1,512,0,817,8,1,6,1,1,-94,2,1176,14881,229,100,2,0,0 '
Received from ('fd00::200:0:0:13', 8765, 0, 0): b' 3436,19,15,1280,0,822,6,4,7,1,1,-52,0,538,8218,216,100,2,0,0 '
Received from ('fd00::200:0:0:4', 8765, 0, 0): b' 3439,4,1,512,20,798,8,2,7,2,1,-66,10,4627,26691,228,100,2,0,0 '
Received from ('fd00::200:0:0:8', 8765, 0, 0): b' 3436,8,4,768,10,836,6,23,7,1,2,-52,4,1199,20176,223,100,2,0,0 '
Received from ('fd00::200:0:0:f', 8765, 0, 0): b' 3437,15,7,1024,0,737,8,30,7,1,3,-95,6,2807,21549,217,100,2,0,0 '
Received from ('fd00::200:0:0:10', 8765, 0, 0): b' 3437,16,15,1280,0,829,13,17,7,1,6,-52,1,1111,13002,206,100,1,0,0 '
Received from ('fd00::200:0:0:15', 8765, 0, 0): b' 3438,21,20,1536,0,817,10,7,5,1,4,-52,0,679,7988,202,100,2,0,0 '
Received from ('fd00::200:0:0:7', 8765, 0, 0): b' 3438,7,4,768,0,812,6,22,7,1,2,-70,9,3559,21958,224,100,2,0,0 '
Received from ('fd00::200:0:0:9', 8765, 0, 0): b' 3440,9,5,768,0,19,3,5,5,1,2,-52,0,401,10095,15,100,2,0,0 '
Received from ('fd00::200:0:0:d', 8765, 0, 0): b' 3439,13,8,1024,0,22,3,1,7,1,2,-70,0,363,6967,23,100,1,0,0 '
Received from ('fd00::200:0:0:b', 8765, 0, 0): b' 3441,11,7,1024,10,885,4,16,7,1,1,-52,1,1257,15417,221,100,1,0,0 '
Received from ('fd00::200:0:0:12', 8765, 0, 0): b' 3440,18,15,1280,10,838,4,4,5,1,1,-70,2,500,5221,215,100,1,0,0 '
Received from ('fd00::200:0:0:2', 8765, 0, 0): b' 3442,2,1,512,0,788,8,1,6,1,1,-88,9,1329,16580,230,100,2,0,0 '
Received from ('fd00::200:0:0:e', 8765, 0, 0): b' 3441,14,11,1280,0,862,7,4,7,1,2,-70,0,564,4266,217,100,1,0,0 '
Received from ('fd00::200:0:0:6', 8765, 0, 0): b' 3442,6,2,768,0,392,5,2,7,1,2,-52,1,634,11798,123,100,1,1,5 '
Received from ('fd00::200:0:0:3', 8765, 0, 0): b' 3443,3,1,512,0,873,8,3,7,1,2,-64,1,522,9102,225,100,1,0,0 '
Received from ('fd00::200:0:0:4', 8765, 0, 0): b' 3444,4,1,512,0,799,8,2,7,2,1,-66,10,2362,13105,228,100,1,0,0 '
Received from ('fd00::200:0:0:f', 8765, 0, 0): b' 3444,15,7,1024,0,739,8,30,7,1,3,-95,6,1919,16727,217,100,1,0,0 '
Received from ('fd00::200:0:0:15', 8765, 0, 0): b' 3444,21,20,1536,0,819,10,7,5,1,4,-52,0,501,5828,202,100,1,0,0 '
Received from ('fd00::200:0:0:13', 8765, 0, 0): b' 3445,19,15,1280,0,824,6,4,7,1,1,-52,0,580,8260,217,100,1,0,0 '
Received from ('fd00::200:0:0:1', 5678, 0, 0): b' 3447,1,0,256,0,12,0,0,4,0,0,0,10,1891,22600,4092,100,1,0,0 '
Received from ('fd00::200:0:0:d', 8765, 0, 0): b' 3445,13,8,1024,0,22,3,1,7,1,2,-70,0,283,4969,23,100,1,0,0 '
Received from ('fd00::200:0:0:10', 8765, 0, 0): b' 3446,16,15,1280,0,830,13,17,7,1,6,-52,1,863,10107,207,100,2,0,0 '
Received from ('fd00::200:0:0:11', 8765, 0, 0): b' 3446,17,16,1536,10,816,10,6,7,1,4,-52,0,1132,10741,207,100,2,0,0 '
Received from ('fd00::200:0:0:5', 8765, 0, 0): b' 3447,5,1,512,0,821,8,1,6,1,1,-94,2,1393,15282,230,100,2,0,0 '
Received from ('fd00::200:0:0:14', 8765, 0, 0): b' 3447,20,15,1280,0,808,7,6,7,1,2,-70,1,1179,13401,208,100,2,0,0 '
Received from ('fd00::200:0:0:9', 8765, 0, 0): b' 3448,9,5,768,0,19,3,5,5,1,2,-52,0,414,9738,16,100,1,0,0 '
Received from ('fd00::200:0:0:e', 8765, 0, 0): b' 3447,14,11,1280,0,863,7,4,7,1,2,-70,0,514,6389,217,100,1,0,0 '
Received from ('fd00::200:0:0:8', 8765, 0, 0): b' 3448,8,4,768,0,838,6,23,7,1,2,-52,4,1205,20454,223,100,2,0,0 '
Received from ('fd00::200:0:0:2', 8765, 0, 0): b' 3450,2,1,512,0,792,8,1,6,1,1,-88,9,1407,13327,231,100,2,0,0 '
Received from ('fd00::200:0:0:12', 8765, 0, 0): b' 3450,18,15,1280,0,842,4,4,5,1,1,-70,2,902,9479,216,100,1,0,0 '
Received from ('fd00::200:0:0:7', 8765, 0, 0): b' 3449,7,4,768,0,815,6,22,7,1,2,-70,9,3826,25268,224,100,2,0,0 '
Received from ('fd00::200:0:0:11', 8765, 0, 0): b' 3450,17,16,1536,0,817,10,6,7,1,4,-52,0,300,4079,207,100,0,0,0 '
Received from ('fd00::200:0:0:15', 8765, 0, 0): b' 3449,21,20,1536,10,821,10,7,5,1,4,-52,0,426,4722,203,100,1,0,0 '
Received from ('fd00::200:0:0:13', 8765, 0, 0): b' 3451,19,15,1280,0,827,6,4,7,1,1,-52,0,607,5545,217,100,1,0,0 '
Received from ('fd00::200:0:0:6', 8765, 0, 0): b' 3452,6,2,768,0,394,5,2,7,1,2,-52,1,787,12861,124,100,2,1,5 '
Received from ('fd00::200:0:0:f', 8765, 0, 0): b' 3452,15,7,1024,0,743,8,30,7,1,3,-95,6,3071,19727,218,100,1,0,0 '
Received from ('fd00::200:0:0:d', 8765, 0, 0): b' 3451,13,8,1024,0,22,3,1,7,1,2,-70,0,283,6044,23,100,1,0,0 '
Received from ('fd00::200:0:0:b', 8765, 0, 0): b' 3452,11,7,1024,10,887,4,16,7,1,1,-52,1,1293,17130,222,100,2,0,0 '
Received from ('fd00::200:0:0:3', 8765, 0, 0): b' 3453,3,1,512,0,876,8,3,7,1,2,-64,1,824,12297,226,100,2,0,0 '
Received from ('fd00::200:0:0:4', 8765, 0, 0): b' 3455,4,1,512,0,801,8,2,7,2,1,-66,10,4858,28189,229,100,2,0,0 '
Received from ('fd00::200:0:0:9', 8765, 0, 0): b' 3454,9,5,768,10,20,3,5,5,1,2,-52,0,357,6877,16,100,2,0,0 '
Received from ('fd00::200:0:0:2', 8765, 0, 0): b' 3456,2,1,512,0,794,8,1,6,1,1,-88,9,763,8563,231,100,1,0,0 '
Received from ('fd00::200:0:0:1', 5678, 0, 0): b' 3456,1,0,256,0,12,0,0,4,0,0,0,10,2287,25017,4103,100,2,0,0 '
Received from ('fd00::200:0:0:12', 8765, 0, 0): b' 3455,18,15,1280,0,845,4,4,5,1,1,-70,2,607,5359,216,100,1,0,0 '
Received from ('fd00::200:0:0:14', 8765, 0, 0): b' 3455,20,15,1280,10,811,7,6,7,1,2,-70,1,1097,11357,209,100,2,0,0 '
Received from ('fd00::200:0:0:b', 8765, 0, 0): b' 3457,11,7,1024,0,890,4,16,7,1,1,-52,1,815,7804,222,100,1,0,0 '
Received from ('fd00::200:0:0:6', 8765, 0, 0): b' 3458,6,2,768,0,395,5,2,7,1,2,-52,1,475,8524,124,100,1,1,5 '
Received from ('fd00::200:0:0:10', 8765, 0, 0): b' 3458,16,15,1280,0,830,13,17,7,1,6,-52,1,1051,14363,208,100,2,0,0 '
Received from ('fd00::200:0:0:5', 8765, 0, 0): b' 3458,5,1,512,0,824,8,1,6,1,1,-94,2,1094,16865,230,100,1,0,0 '
Received from ('fd00::200:0:0:e', 8765, 0, 0): b' 3458,14,11,1280,0,868,7,4,7,1,2,-70,0,1022,10942,218,100,2,0,0 '
Received from ('fd00::200:0:0:7', 8765, 0, 0): b' 3457,7,4,768,0,817,6,22,7,1,2,-70,9,2813,18476,225,100,1,0,0 '
Received from ('fd00::200:0:0:8', 8765, 0, 0): b' 3457,8,4,768,0,839,6,23,7,1,2,-52,4,1006,17181,224,100,2,0,0 '
Received from ('fd00::200:0:0:15', 8765, 0, 0): b' 3458,21,20,1536,0,823,10,7,5,1,4,-52,0,627,7592,203,100,2,0,0 '
Received from ('fd00::200:0:0:f', 8765, 0, 0): b' 3459,15,7,1024,10,744,8,30,7,1,3,-95,6,2057,17763,218,100,2,0,0 '
Received from ('fd00::200:0:0:11', 8765, 0, 0): b' 3459,17,16,1536,0,819,10,6,7,1,4,-52,0,622,8879,207,100,2,0,0 '
Received from ('fd00::200:0:0:9', 8765, 0, 0): b' 3462,9,5,768,0,21,3,5,5,1,2,-52,0,897,9110,17,100,1,0,0 '
Received from ('fd00::200:0:0:12', 8765, 0, 0): b' 3462,18,15,1280,0,847,4,4,5,1,1,-70,2,556,6357,217,100,1,0,0 '
Received from ('fd00::200:0:0:d', 8765, 0, 0): b' 3461,13,8,1024,0,22,3,1,7,1,2,-70,0,484,9124,24,100,2,0,0 '
Received from ('fd00::200:0:0:5', 8765, 0, 0): b' 3463,5,1,512,0,825,8,1,6,1,1,-94,2,870,7722,231,100,1,0,0 '
Received from ('fd00::200:0:0:13', 8765, 0, 0): b' 3462,19,15,1280,0,829,6,4,7,1,1,-52,0,701,10461,218,100,2,0,0 '
Received from ('fd00::200:0:0:1', 5678, 0, 0): b' 3463,1,0,256,0,12,0,0,4,0,0,0,10,1550,18644,4110,100,1,0,0 '
Received from ('fd00::200:0:0:8', 8765, 0, 0): b' 3462,8,4,768,0,839,6,23,7,1,2,-52,4,469,7717,224,100,1,0,0 '
Received from ('fd00::200:0:0:3', 8765, 0, 0): b' 3463,3,1,512,0,877,8,3,7,1,2,-64,1,611,11857,227,100,2,0,0 '
Received from ('fd00::200:0:0:14', 8765, 0, 0): b' 3462,20,15,1280,10,814,7,6,7,1,2,-70,1,1092,9735,209,100,1,0,0 '
Received from ('fd00::200:0:0:15', 8765, 0, 0): b' 3462,21,20,1536,10,825,10,7,5,1,4,-52,0,477,4386,203,100,1,0,0 '
Received from ('fd00::200:0:0:4', 8765, 0, 0): b' 3465,4,1,512,0,802,8,2,7,2,1,-66,10,4120,24870,230,100,2,0,0 '
Received from ('fd00::200:0:0:b', 8765, 0, 0): b' 3464,11,7,1024,0,892,4,16,7,1,1,-52,1,1029,11893,223,100,2,0,0 '
Received from ('fd00::200:0:0:7', 8765, 0, 0): b' 3465,7,4,768,10,820,6,22,7,1,2,-70,9,2875,17500,225,100,2,0,0 '
Received from ('fd00::200:0:0:2', 8765, 0, 0): b' 3467,2,1,512,0,796,8,1,6,1,1,-88,9,1322,18177,232,100,2,0,0 '
Received from ('fd00::200:0:0:d', 8765, 0, 0): b' 3466,13,8,1024,0,22,3,1,7,1,2,-70,0,259,4447,24,100,1,0,0 '
Received from ('fd00::200:0:0:e', 8765, 0, 0): b' 3466,14,11,1280,0,871,7,4,7,1,2,-70,0,633,7814,218,100,1,0,0 '
Received from ('fd00::200:0:0:6', 8765, 0, 0): b' 3467,6,2,768,10,397,5,2,7,1,2,-52,1,634,14038,125,100,1,1,5 '
Received from ('fd00::200:0:0:5', 8765, 0, 0): b' 3468,5,1,512,0,827,8,1,6,1,1,-94,2,529,7536,231,100,1,0,0 '
Received from ('fd00::200:0:0:12', 8765, 0, 0): b' 3466,18,15,1280,0,850,4,4,5,1,1,-70,2,583,4294,217,100,1,0,0 '
Received from ('fd00::200:0:0:f', 8765, 0, 0): b' 3466,15,7,1024,0,746,8,30,7,1,3,-95,6,2505,19643,219,100,1,0,0 '
Received from ('fd00::200:0:0:10', 8765, 0, 0): b' 3468,16,15,1280,0,833,13,17,7,1,6,-52,1,1228,13322,208,100,2,0,0 '
Received from ('fd00::200:0:0:15', 8765, 0, 0): b' 3469,21,20,1536,0,827,10,7,5,1,4,-52,0,582,6857,204,100,1,0,0 '
Received from ('fd00::200:0:0:3', 8765, 0, 0): b' 3470,3,1,512,0,879,8,3,7,1,2,-64,1,595,8912,227,100,2,0,0 '
Received from ('fd00::200:0:0:b', 8765, 0, 0): b' 3468,11,7,1024,10,894,4,16,7,1,1,-52,1,773,8936,223,100,1,0,0 '
Received from ('fd00::200:0:0:7', 8765, 0, 0): b' 3470,7,4,768,30,822,6,22,7,1,2,-70,9,2043,12827,226,100,1,0,0 '
Received from ('fd00::200:0:0:14', 8765, 0, 0): b' 3469,20,15,1280,0,816,7,6,7,1,2,-70,1,1102,9811,210,100,1,0,0 '
Received from ('fd00::200:0:0:9', 8765, 0, 0): b' 3472,9,5,768,0,21,3,5,5,1,2,-52,0,453,11870,17,100,2,0,0 '
Received from ('fd00::200:0:0:e', 8765, 0, 0): b' 3470,14,11,1280,0,872,7,4,7,1,2,-70,0,425,4059,219,100,1,0,0 '
Received from ('fd00::200:0:0:8', 8765, 0, 0): b' 3472,8,4,768,0,844,6,23,7,1,2,-52,4,1426,18600,225,100,3,0,0 '
Received from ('fd00::200:0:0:12', 8765, 0, 0): b' 3468,18,15,1280,0,851,4,4,5,1,1,-70,2,369,4144,217,100,1,0,0 '
Received from ('fd00::200:0:0:1', 5678, 0, 0): b' 3474,1,0,256,0,12,0,0,4,0,0,0,10,2546,29353,4123,100,2,0,0 '
Received from ('fd00::200:0:0:11', 8765, 0, 0): b' 3471,17,16,1536,0,821,10,6,7,1,4,-52,0,726,10700,208,100,2,0,0 '
Received from ('fd00::200:0:0:13', 8765, 0, 0): b' 3470,19,15,1280,0,829,6,4,7,1,1,-52,0,488,8719,219,100,2,0,0 '
Received from ('fd00::200:0:0:d', 8765, 0, 0): b' 3474,13,8,1024,0,23,3,1,7,1,2,-70,0,464,7481,25,100,2,0,0 '
Received from ('fd00::200:0:0:2', 8765, 0, 0): b' 3474,2,1,512,10,798,8,1,6,1,1,-88,9,1025,12232,232,100,2,0,0 '
Received from ('fd00::200:0:0:6', 8765, 0, 0): b' 3474,6,2,768,0,400,5,2,7,1,2,-52,1,894,10600,125,100,2,1,5 '
Received from ('fd00::200:0:0:10', 8765, 0, 0): b' 3472,16,15,1280,0,835,13,17,7,1,6,-52,1,798,6214,209,100,2,0,0 '
Received from ('fd00::200:0:0:4', 8765, 0, 0): b' 3476,4,1,512,0,807,8,2,7,2,1,-66,10,5298,30152,230,100,3,0,0 '
Received from ('fd00::200:0:0:f', 8765, 0, 0): b' 3473,15,7,1024,0,750,8,30,7,1,3,-95,6,2784,19089,219,100,2,0,0 '
Received from ('fd00::200:0:0:e', 8765, 0, 0): b' 3475,14,11,1280,10,873,7,4,7,1,2,-70,0,369,4506,219,100,1,0,0 '
Received from ('fd00::200:0:0:14', 8765, 0, 0): b' 3477,20,15,1280,0,817,7,6,7,1,2,-70,1,677,9574,210,100,3,0,0 '
Received from ('fd00::200:0:0:6', 8765, 0, 0): b' 3478,6,2,768,10,400,5,2,7,1,2,-52,1,424,6669,126,100,1,1,5 '
Received from ('fd00::200:0:0:5', 8765, 0, 0): b' 3479,5,1,512,0,830,8,1,6,1,1,-94,2,1336,17720,232,100,2,0,0 '
Received from ('fd00::200:0:0:e', 8765, 0, 0): b' 3479,14,11,1280,0,875,7,4,7,1,2,-70,0,501,4774,219,100,1,0,0 '
Received from ('fd00::200:0:0:3', 8765, 0, 0): b' 3482,3,1,512,0,880,8,3,7,1,2,-64,1,538,12821,228,100,1,0,0 '
Received from ('fd00::200:0:0:13', 8765, 0, 0): b' 3480,19,15,1280,0,831,6,4,7,1,1,-52,0,645,8861,219,100,2,0,0 '
Received from ('fd00::200:0:0:7', 8765, 0, 0): b' 3480,7,4,768,10,828,6,22,7,1,2,-70,9,3835,24602,226,100,2,0,0 '
Received from ('fd00::200:0:0:d', 8765, 0, 0): b' 3480,13,8,1024,0,24,3,1,7,1,2,-70,1,603,6880,25,100,1,0,0 '
Received from ('fd00::200:0:0:b', 8765, 0, 0): b' 3479,11,7,1024,0,899,4,16,7,1,1,-52,1,1899,18765,224,100,4,0,0 '
Received from ('fd00::200:0:0:10', 8765, 0, 0): b' 3480,16,15,1280,0,841,13,17,7,1,6,-52,1,1103,11291,209,100,2,0,0 '
Received from ('fd00::200:0:0:9', 8765, 0, 0): b' 3482,9,5,768,0,23,3,5,5,1,2,-52,0,737,12822,18,100,4,0,0 '
Received from ('fd00::200:0:0:15', 8765, 0, 0): b' 3479,21,20,1536,10,831,10,7,5,1,4,-52,0,916,10753,205,100,2,0,0 '
Received from ('fd00::200:0:0:2', 8765, 0, 0): b' 3484,2,1,512,0,802,8,1,6,1,1,-88,9,1436,13814,233,100,1,0,0 '
Received from ('fd00::200:0:0:12', 8765, 0, 0): b' 3480,18,15,1280,0,852,4,4,5,1,1,-70,2,618,10181,218,100,2,0,0 '
Received from ('fd00::200:0:0:8', 8765, 0, 0): b' 3483,8,4,768,0,846,6,23,7,1,2,-52,4,1229,19176,226,100,2,0,0 '
Received from ('fd00::200:0:0:1', 5678, 0, 0): b' 3484,1,0,256,0,12,0,0,4,0,0,0,10,2583,26516,4136,100,2,0,0 '
Received from ('fd00::200:0:0:11', 8765, 0, 0): b' 3481,17,16,1536,0,826,10,6,7,1,4,-52,0,1012,10452,209,100,4,0,0 '
Received from ('fd00::200:0:0:4', 8765, 0, 0): b' 3485,4,1,512,0,809,8,2,7,2,1,-66,10,3987,21746,231,100,3,0,0 '
Received from ('fd00::200:0:0:5', 8765, 0, 0): b' 3486,5,1,512,0,834,8,1,6,1,1,-94,2,947,10879,232,100,1,0,0 '
Received from ('fd00::200:0:0:3', 8765, 0, 0): b' 3487,3,1,512,0,881,8,3,7,1,2,-64,1,367,6005,228,100,1,0,0 '
Received from ('fd00::200:0:0:f', 8765, 0, 0): b' 3485,15,7,1024,10,755,8,30,7,1,3,-95,6,3403,28220,220,100,4,0,0 '
Received from ('fd00::200:0:0:7', 8765, 0, 0): b' 3485,7,4,768,10,830,6,22,7,1,2,-70,9,2057,12667,227,100,2,0,0 '
Received from ('fd00::200:0:0:d', 8765, 0, 0): b' 3485,13,8,1024,0,24,3,1,7,1,2,-70,1,521,5025,26,100,2,0,0 '
Received from ('fd00::200:0:0:14', 8765, 0, 0): b' 3485,20,15,1280,0,818,7,6,7,1,2,-70,1,1035,11499,211,100,3,0,0 '
Received from ('fd00::200:0:0:13', 8765, 0, 0): b' 3485,19,15,1280,0,832,6,4,7,1,1,-52,0,449,5760,220,100,1,0,0 '
Received from ('fd00::200:0:0:6', 8765, 0, 0): b' 3486,6,2,768,0,403,5,2,7,1,2,-52,1,817,13278,126,100,1,1,5 '
Received from ('fd00::200:0:0:12', 8765, 0, 0): b' 3487,18,15,1280,0,854,4,4,5,1,1,-70,2,557,6556,219,100,1,0,0 '
Received from ('fd00::200:0:0:1', 5678, 0, 0): b' 3489,1,0,256,0,12,0,0,4,0,0,0,10,1059,11989,4142,100,1,0,0 '
Received from ('fd00::200:0:0:b', 8765, 0, 0): b' 3488,11,7,1024,0,902,4,16,7,1,1,-52,1,838,11748,224,100,1,0,0 '
Received from ('fd00::200:0:0:9', 8765, 0, 0): b' 3489,9,5,768,0,23,3,5,5,1,2,-52,0,282,7555,18,100,1,0,0 '
Received from ('fd00::200:0:0:15', 8765, 0, 0): b' 3487,21,20,1536,0,831,10,7,5,1,4,-52,0,313,7130,205,100,1,0,0 '
Received from ('fd00::200:0:0:e', 8765, 0, 0): b' 3488,14,11,1280,20,878,7,4,7,1,2,-70,0,581,8492,220,100,1,0,0 '
Received from ('fd00::200:0:0:c', 8765, 0, 0): b' 3481,12,13,1408,20,1,1,2,3,0,1,-52,0,1137,8100,1,100,9,0,0 '
Received from ('fd00::200:0:0:4', 8765, 0, 0): b' 3491,4,1,512,10,811,8,2,7,2,1,-66,10,2895,16275,231,100,1,0,0 '
Received from ('fd00::200:0:0:13', 8765, 0, 0): b' 3490,19,15,1280,0,833,6,4,7,1,1,-52,0,369,4220,220,100,1,0,0 '
Received from ('fd00::200:0:0:c', 8765, 0, 0): b' 3487,12,13,1408,40,2,1,2,4,0,1,-52,0,682,5912,1,100,6,0,0 '
Received from ('fd00::200:0:0:11', 8765, 0, 0): b' 3491,17,16,1536,0,829,10,6,7,1,4,-52,0,811,10361,210,100,2,0,0 '
Received from ('fd00::200:0:0:2', 8765, 0, 0): b' 3492,2,1,512,0,803,8,1,6,1,1,-88,9,1024,13534,233,100,2,0,0 '
Received from ('fd00::200:0:0:7', 8765, 0, 0): b' 3491,7,4,768,0,831,6,22,7,1,2,-70,9,2167,14136,227,100,2,0,0 '
Received from ('fd00::200:0:0:14', 8765, 0, 0): b' 3491,20,15,1280,10,819,7,6,7,1,2,-70,1,638,7252,211,100,1,0,0 '
Received from ('fd00::200:0:0:8', 8765, 0, 0): b' 3492,8,4,768,10,849,6,23,7,1,2,-52,4,1508,16241,226,100,2,0,0 '
Received from ('fd00::200:0:0:1', 5678, 0, 0): b' 3494,1,0,256,0,12,0,0,4,0,0,0,10,1162,13142,4148,100,1,0,0 '
Received from ('fd00::200:0:0:5', 8765, 0, 0): b' 3493,5,1,512,0,835,8,1,6,1,1,-94,2,1018,12421,233,100,2,0,0 '
Received from ('fd00::200:0:0:10', 8765, 0, 0): b' 3492,16,15,1280,0,842,13,17,7,1,6,-52,1,1309,15715,210,100,2,0,0 '
Received from ('fd00::200:0:0:e', 8765, 0, 0): b' 3494,14,11,1280,0,880,7,4,7,1,2,-70,0,608,5481,220,100,1,0,0 '
Received from ('fd00::200:0:0:15', 8765, 0, 0): b' 3494,21,20,1536,0,833,10,7,5,1,4,-52,0,678,6919,206,100,2,0,0 '
Received from ('fd00::200:0:0:12', 8765, 0, 0): b' 3494,18,15,1280,10,856,4,4,5,1,1,-70,2,417,6786,219,100,1,0,0 '
Received from ('fd00::200:0:0:3', 8765, 0, 0): b' 3497,3,1,512,10,886,8,3,7,1,2,-64,1,931,13289,229,100,2,0,0 '
Received from ('fd00::200:0:0:f', 8765, 0, 0): b' 3496,15,7,1024,0,758,8,30,7,1,3,-95,6,3585,26947,221,100,3,0,0 '
Received from ('fd00::200:0:0:d', 8765, 0, 0): b' 3496,13,8,1024,0,25,3,1,7,1,2,-70,1,1370,14343,26,100,3,0,0 '
Received from ('fd00::200:0:0:5', 8765, 0, 0): b' 3498,5,1,512,0,836,8,1,6,1,1,-94,2,424,6814,233,100,1,0,0 '
Received from ('fd00::200:0:0:9', 8765, 0, 0): b' 3499,9,5,768,0,25,3,5,5,1,2,-52,0,932,12007,19,100,3,0,0 '
Received from ('fd00::200:0:0:4', 8765, 0, 0): b' 3499,4,1,512,0,814,8,2,7,2,1,-66,10,3671,20874,232,100,2,0,0 '
Received from ('fd00::200:0:0:10', 8765, 0, 0): b' 3497,16,15,1280,0,844,13,17,7,1,6,-52,1,582,7041,210,100,2,0,0 '
Received from ('fd00::200:0:0:6', 8765, 0, 0): b' 3498,6,2,768,0,407,5,2,7,1,2,-52,1,1298,18368,127,100,2,1,5 '
Received from ('fd00::200:0:0:8', 8765, 0, 0): b' 3497,8,4,768,0,851,6,23,7,1,2,-52,4,993,9385,227,100,2,0,0 '
Received from ('fd00::200:0:0:b', 8765, 0, 0): b' 3498,11,7,1024,0,906,4,16,7,1,1,-52,1,1574,16684,225,100,3,0,0 '
Received from ('fd00::200:0:0:c', 8765, 0, 0): b' 3499,12,13,1280,0,4,1,2,4,1,1,-52,0,1516,12208,2,100,9,0,0 '
Received from ('fd00::200:0:0:2', 8765, 0, 0): b' 3501,2,1,512,10,806,8,1,6,1,1,-88,9,1273,14331,234,100,1,0,0 '
Received from ('fd00::200:0:0:13', 8765, 0, 0): b' 3500,19,15,1280,0,836,6,4,7,1,1,-52,0,711,9991,221,100,1,0,0 '
Received from ('fd00::200:0:0:11', 8765, 0, 0): b' 3500,17,16,1536,0,832,10,6,7,1,4,-52,0,651,8924,210,100,2,0,0 '
Received from ('fd00::200:0:0:d', 8765, 0, 0): b' 3501,13,8,1024,0,26,3,1,7,1,2,-70,1,632,6044,27,100,1,0,0 '
Received from ('fd00::200:0:0:7', 8765, 0, 0): b' 3502,7,4,768,10,831,6,23,7,1,2,-70,9,3479,24164,228,100,3,0,0 '
Received from ('fd00::200:0:0:14', 8765, 0, 0): b' 3501,20,15,1280,0,823,7,6,7,1,2,-70,1,1281,13848,212,100,2,0,0 '
Received from ('fd00::200:0:0:8', 8765, 0, 0): b' 3503,8,4,768,0,851,6,23,7,1,2,-52,4,764,8797,227,100,1,0,0 '
Received from ('fd00::200:0:0:4', 8765, 0, 0): b' 3505,4,1,512,0,817,8,2,7,2,1,-66,10,2772,15356,232,100,1,0,0 '
Received from ('fd00::200:0:0:5', 8765, 0, 0): b' 3505,5,1,512,0,837,8,1,6,1,1,-94,2,676,10606,233,100,1,0,0 '
Received from ('fd00::200:0:0:e', 8765, 0, 0): b' 3503,14,11,1280,10,882,7,4,7,1,2,-70,0,594,8777,221,100,2,0,0 '
Received from ('fd00::200:0:0:1', 5678, 0, 0): b' 3505,1,0,256,0,12,0,0,4,0,0,0,10,2772,30465,4162,100,2,0,0 '
Received from ('fd00::200:0:0:15', 8765, 0, 0): b' 3502,21,20,1536,0,834,10,7,5,1,4,-52,0,418,7751,206,100,1,0,0 '
Received from ('fd00::200:0:0:c', 8765, 0, 0): b' 3503,12,13,1280,0,4,1,2,4,1,1,-52,0,357,4029,2,100,2,0,0 '
Received from ('fd00::200:0:0:6', 8765, 0, 0): b' 3504,6,2,768,0,407,5,2,7,1,2,-52,1,369,9082,127,100,1,1,5 '
Received from ('fd00::200:0:0:12', 8765, 0, 0): b' 3503,18,15,1280,0,860,4,4,5,1,1,-70,2,999,8968,220,100,2,0,0 '
Received from ('fd00::200:0:0:9', 8765, 0, 0): b' 3506,9,5,768,0,26,3,5,5,1,2,-52,0,681,8661,19,100,2,0,0 '
Received from ('fd00::200:0:0:3', 8765, 0, 0): b' 3506,3,1,512,0,889,8,3,7,1,2,-64,1,927,12468,230,100,3,0,0 '
Received from ('fd00::200:0:0:f', 8765, 0, 0): b' 3505,15,7,1024,0,765,8,30,7,1,3,-95,6,3224,23442,221,100,2,0,0 '
Received from ('fd00::200:0:0:10', 8765, 0, 0): b' 3506,16,15,1280,0,845,13,17,7,1,6,-52,1,960,11505,211,100,2,0,0 '
Received from ('fd00::200:0:0:13', 8765, 0, 0): b' 3507,19,15,1280,10,837,6,4,7,1,1,-52,0,435,6915,221,100,1,0,0 '
Received from ('fd00::200:0:0:d', 8765, 0, 0): b' 3507,13,8,1024,0,26,3,1,7,1,2,-70,1,517,8151,27,100,1,0,0 '
Received from ('fd00::200:0:0:b', 8765, 0, 0): b' 3509,11,7,1024,0,910,4,16,7,1,1,-52,1,1439,17297,226,100,3,0,0 '
Received from ('fd00::200:0:0:2', 8765, 0, 0): b' 3511,2,1,512,0,811,8,1,6,1,1,-88,9,1440,15904,235,100,3,0,0 '
Received from ('fd00::200:0:0:1', 5678, 0, 0): b' 3511,1,0,256,0,12,0,0,4,0,0,0,10,1458,15752,4172,100,1,0,0 '
Received from ('fd00::200:0:0:9', 8765, 0, 0): b' 3511,9,5,768,0,26,3,5,5,1,2,-52,0,490,6594,20,100,1,0,0 '
Received from ('fd00::200:0:0:8', 8765, 0, 0): b' 3509,8,4,768,10,855,6,23,7,1,2,-52,4,1078,11054,227,100,2,0,0 '
Received from ('fd00::200:0:0:11', 8765, 0, 0): b' 3509,17,16,1536,0,832,10,6,7,1,4,-52,0,492,8979,211,100,2,0,0 '
Received from ('fd00::200:0:0:12', 8765, 0, 0): b' 3510,18,15,1280,0,862,4,4,5,1,1,-70,2,518,6639,220,100,2,0,0 '
Received from ('fd00::200:0:0:c', 8765, 0, 0): b' 3509,12,13,1280,0,5,1,2,4,1,1,-52,0,536,6140,3,100,3,0,0 '
Received from ('fd00::200:0:0:5', 8765, 0, 0): b' 3512,5,1,512,0,838,8,1,6,1,1,-94,2,1018,11796,234,100,1,0,0 '
Received from ('fd00::200:0:0:7', 8765, 0, 0): b' 3510,7,4,768,0,833,6,23,7,1,2,-70,9,3357,21773,228,100,2,0,0 '
Received from ('fd00::200:0:0:14', 8765, 0, 0): b' 3511,20,15,1280,10,826,7,6,7,1,2,-70,1,1231,12815,213,100,2,0,0 '
Received from ('fd00::200:0:0:f', 8765, 0, 0): b' 3512,15,7,1024,0,767,8,30,7,1,3,-95,6,1999,15992,222,100,1,0,0 '
Received from ('fd00::200:0:0:d', 8765, 0, 0): b' 3512,13,8,1024,0,26,3,1,7,1,2,-70,1,610,6647,27,100,1,0,0 '
Received from ('fd00::200:0:0:3', 8765, 0, 0): b' 3514,3,1,512,0,892,8,3,7,1,2,-64,1,623,9610,230,100,2,0,0 '
Received from ('fd00::200:0:0:6', 8765, 0, 0): b' 3514,6,2,768,0,412,5,2,7,1,2,-52,1,1011,13948,128,100,4,1,5 '
Received from ('fd00::200:0:0:15', 8765, 0, 0): b' 3513,21,20,1536,10,839,10,7,5,1,4,-52,0,1023,10832,207,100,2,0,0 '
Received from ('fd00::200:0:0:e', 8765, 0, 0): b' 3514,14,11,1280,0,887,7,4,7,1,2,-70,0,1342,11985,222,100,3,0,0 '
Received from ('fd00::200:0:0:4', 8765, 0, 0): b' 3516,4,1,512,10,821,8,2,7,2,1,-66,10,5458,29918,233,100,4,0,0 '
Received from ('fd00::200:0:0:9', 8765, 0, 0): b' 3516,9,5,768,0,27,3,5,6,1,2,-52,0,357,5897,20,100,2,0,0 '
Received from ('fd00::200:0:0:8', 8765, 0, 0): b' 3516,8,4,768,10,858,6,23,7,1,2,-52,4,1155,8486,228,100,2,0,0 '
Received from ('fd00::200:0:0:c', 8765, 0, 0): b' 3513,12,13,1280,0,6,1,2,5,1,1,-52,0,456,4202,3,100,3,0,0 '
Received from ('fd00::200:0:0:11', 8765, 0, 0): b' 3515,17,16,1536,20,836,10,6,7,1,4,-52,0,608,6167,211,100,1,0,0 '
Received from ('fd00::200:0:0:7', 8765, 0, 0): b' 3518,7,4,768,0,833,6,23,7,1,2,-70,9,1604,13141,229,100,1,0,0 '
Received from ('fd00::200:0:0:f', 8765, 0, 0): b' 3517,15,7,1024,10,769,8,30,7,1,3,-95,6,1394,11692,222,100,2,0,0 '
Received from ('fd00::200:0:0:10', 8765, 0, 0): b' 3517,16,15,1280,10,848,13,17,7,1,6,-52,1,1454,15311,212,100,2,0,0 '
Received from ('fd00::200:0:0:6', 8765, 0, 0): b' 3519,6,2,768,0,413,5,2,7,1,2,-52,1,749,8555,128,100,1,1,5 '
Received from ('fd00::200:0:0:13', 8765, 0, 0): b' 3518,19,15,1280,0,840,6,4,7,1,1,-52,0,861,10547,222,100,2,0,0 '
Received from ('fd00::200:0:0:8', 8765, 0, 0): b' 3520,8,4,768,10,860,6,23,7,1,2,-52,4,668,7098,228,100,1,0,0 '
Received from ('fd00::200:0:0:b', 8765, 0, 0): b' 3519,11,7,1024,0,914,4,16,7,1,1,-52,1,1357,16758,226,100,3,0,0 '
Received from ('fd00::200:0:0:2', 8765, 0, 0): b' 3521,2,1,512,0,814,8,1,6,1,1,-88,9,1395,15641,235,100,3,0,0 '
Received from ('fd00::200:0:0:15', 8765, 0, 0): b' 3517,21,20,1536,0,841,10,7,5,1,4,-52,0,504,4705,207,100,1,0,0 '
Received from ('fd00::200:0:0:1', 5678, 0, 0): b' 3522,1,0,256,0,12,0,0,4,0,0,0,10,2466,28533,4183,100,2,0,0 '
Received from ('fd00::200:0:0:12', 8765, 0, 0): b' 3521,18,15,1280,0,864,4,4,5,1,1,-70,2,701,10386,221,100,2,0,0 '
Received from ('fd00::200:0:0:14', 8765, 0, 0): b' 3521,20,15,1280,0,828,7,6,7,1,2,-70,1,1207,12569,213,100,3,0,0 '
Received from ('fd00::200:0:0:f', 8765, 0, 0): b' 3521,15,7,1024,0,771,8,30,7,1,3,-95,6,1726,11086,222,100,1,0,0 '
Received from ('fd00::200:0:0:d', 8765, 0, 0): b' 3521,13,8,1024,0,26,3,1,7,1,2,-70,1,723,11078,28,100,2,0,0 '
Received from ('fd00::200:0:0:5', 8765, 0, 0): b' 3522,5,1,512,0,840,8,1,6,1,1,-94,2,1230,16713,235,100,2,0,0 '
Received from ('fd00::200:0:0:9', 8765, 0, 0): b' 3523,9,5,768,0,27,3,5,6,1,2,-52,0,388,8667,21,100,1,0,0 '
Received from ('fd00::200:0:0:1', 5678, 0, 0): b' 3526,1,0,256,0,12,0,0,4,0,0,0,10,1119,11360,4190,100,1,0,0 '
Received from ('fd00::200:0:0:8', 8765, 0, 0): b' 3526,8,4,768,10,863,6,23,7,1,2,-52,4,971,9814,228,100,2,0,0 '
Received from ('fd00::200:0:0:3', 8765, 0, 0): b' 3525,3,1,512,0,897,8,3,7,1,2,-64,1,1153,14912,231,100,4,0,0 '
Received from ('fd00::200:0:0:4', 8765, 0, 0): b' 3526,4,1,512,10,825,8,2,7,2,1,-66,10,4557,26288,234,100,3,0,0 '
Received from ('fd00::200:0:0:e', 8765, 0, 0): b' 3525,14,11,1280,10,892,7,4,7,1,2,-70,0,968,10950,222,100,2,0,0 '
Received from ('fd00::200:0:0:c', 8765, 0, 0): b' 3523,12,13,1280,0,6,1,2,6,1,1,-52,0,701,10208,4,100,4,0,0 '
Received from ('fd00::200:0:0:11', 8765, 0, 0): b' 3525,17,16,1536,10,836,10,6,7,1,4,-52,0,596,9433,212,100,2,0,0 '
Received from ('fd00::200:0:0:10', 8765, 0, 0): b' 3526,16,15,1280,0,851,13,17,7,1,6,-52,1,1062,11190,212,100,3,0,0 '
Received from ('fd00::200:0:0:2', 8765, 0, 0): b' 3528,2,1,512,0,817,8,1,6,1,1,-88,9,1283,12572,236,100,2,0,0 '
Received from ('fd00::200:0:0:15', 8765, 0, 0): b' 3526,21,20,1536,0,842,10,7,5,1,4,-52,0,571,8039,208,100,2,0,0 '
Received from ('fd00::200:0:0:12', 8765, 0, 0): b' 3526,18,15,1280,0,866,4,4,5,1,1,-70,2,501,5875,221,100,1,0,0 '
Received from ('fd00::200:0:0:13', 8765, 0, 0): b' 3527,19,15,1280,0,841,6,4,7,1,1,-52,0,539,9554,222,100,2,0,0 '
Received from ('fd00::200:0:0:7', 8765, 0, 0): b' 3530,7,4,768,0,837,6,24,7,1,2,-70,9,4331,27721,230,100,3,0,0 '
Received from ('fd00::200:0:0:6', 8765, 0, 0): b' 3529,6,2,768,0,419,5,2,7,1,2,-52,1,1247,13838,129,100,3,1,5 '
Received from ('fd00::200:0:0:9', 8765, 0, 0): b' 3529,9,5,768,0,28,3,5,6,1,2,-52,0,381,7223,21,100,2,0,0 '
Received from ('fd00::200:0:0:1', 5678, 0, 0): b' 3530,1,0,256,0,12,0,0,4,0,0,0,10,1107,12191,4197,100,0,0,0 '
Received from ('fd00::200:0:0:b', 8765, 0, 0): b' 3530,11,7,1024,0,917,4,16,7,1,1,-52,1,1389,16188,227,100,3,0,0 '
Received from ('fd00::200:0:0:d', 8765, 0, 0): b' 3531,13,8,1024,0,27,3,1,7,1,2,-70,1,822,9868,29,100,2,0,0 '
Received from ('fd00::200:0:0:4', 8765, 0, 0): b' 3532,4,1,512,0,828,8,2,7,2,1,-66,10,3092,14902,234,100,1,0,0 '
Received from ('fd00::200:0:0:f', 8765, 0, 0): b' 3531,15,7,1024,0,774,8,30,7,1,3,-95,6,2626,20960,223,100,3,0,0 '
Received from ('fd00::200:0:0:5', 8765, 0, 0): b' 3532,5,1,512,0,845,8,1,6,1,1,-94,2,1346,14334,235,100,3,0,0 '
Received from ('fd00::200:0:0:e', 8765, 0, 0): b' 3530,14,11,1280,10,895,7,4,7,1,2,-70,0,665,6276,223,100,1,0,0 '
Received from ('fd00::200:0:0:14', 8765, 0, 0): b' 3533,20,15,1280,0,829,7,6,7,1,2,-70,1,1069,13350,214,100,2,0,0 '
Received from ('fd00::200:0:0:10', 8765, 0, 0): b' 3533,16,15,1280,0,852,13,17,7,1,6,-52,1,594,6758,213,100,1,0,0 '
Received from ('fd00::200:0:0:15', 8765, 0, 0): b' 3531,21,20,1536,0,844,10,7,5,1,4,-52,0,381,4323,208,100,0,0,0 '
Received from ('fd00::200:0:0:8', 8765, 0, 0): b' 3534,8,4,768,0,866,6,23,7,1,2,-52,4,1252,12581,229,100,2,0,0 '
Received from ('fd00::200:0:0:12', 8765, 0, 0): b' 3534,18,15,1280,0,867,4,4,5,1,1,-70,2,393,5137,221,100,1,0,0 '
Received from ('fd00::200:0:0:3', 8765, 0, 0): b' 3534,3,1,512,0,899,8,3,7,1,2,-64,1,592,10180,232,100,2,0,0 '
Received from ('fd00::200:0:0:c', 8765, 0, 0): b' 3534,12,13,1280,10,8,1,2,6,1,1,-52,0,749,7521,4,100,5,0,0 '
Received from ('fd00::200:0:0:e', 8765, 0, 0): b' 3537,14,11,1280,0,896,7,4,7,1,2,-70,0,394,5263,223,100,1,0,0 '
Received from ('fd00::200:0:0:10', 8765, 0, 0): b' 3538,16,15,1280,0,852,13,17,7,1,6,-52,1,526,5732,213,100,1,0,0 '
Received from ('fd00::200:0:0:11', 8765, 0, 0): b' 3538,17,16,1536,0,840,10,6,7,1,4,-52,0,935,10856,213,100,3,0,0 '
Received from ('fd00::200:0:0:d', 8765, 0, 0): b' 3538,13,8,1024,0,27,3,1,7,1,2,-70,1,668,9484,29,100,2,0,0 '
Received from ('fd00::200:0:0:1', 5678, 0, 0): b' 3539,1,0,256,0,12,0,0,4,0,0,0,10,2038,22703,4208,100,2,0,0 '
Received from ('fd00::200:0:0:6', 8765, 0, 0): b' 3538,6,2,768,0,423,5,2,7,1,2,-52,1,852,10780,130,100,3,1,5 '
Received from ('fd00::200:0:0:2', 8765, 0, 0): b' 3539,2,1,512,10,821,8,1,6,1,1,-88,9,1591,18538,237,100,4,0,0 '
Received from ('fd00::200:0:0:5', 8765, 0, 0): b' 3539,5,1,512,0,847,8,1,6,1,1,-94,2,880,11798,236,100,1,0,0 '
Received from ('fd00::200:0:0:b', 8765, 0, 0): b' 3538,11,7,1024,10,921,4,17,7,1,1,-52,1,1382,14369,228,100,4,0,0 '
Received from ('fd00::200:0:0:4', 8765, 0, 0): b' 3540,4,1,512,10,832,8,2,7,2,1,-66,10,3780,21138,235,100,3,0,0 '
Received from ('fd00::200:0:0:9', 8765, 0, 0): b' 3539,9,5,768,0,30,3,5,7,1,2,-52,0,711,12456,22,100,4,0,0 '
Received from ('fd00::200:0:0:13', 8765, 0, 0): b' 3539,19,15,1280,0,843,6,4,7,1,1,-52,0,701,9393,223,100,2,0,0 '
Received from ('fd00::200:0:0:12', 8765, 0, 0): b' 3540,18,15,1280,0,867,4,4,5,1,1,-70,2,342,5839,222,100,2,0,0 '
Received from ('fd00::200:0:0:7', 8765, 0, 0): b' 3541,7,4,768,10,842,6,25,7,1,2,-70,10,4498,28747,230,100,3,0,0 '
Received from ('fd00::200:0:0:f', 8765, 0, 0): b' 3542,15,7,1024,0,778,8,30,7,1,3,-95,6,3291,25690,224,100,3,0,0 '
Received from ('fd00::200:0:0:14', 8765, 0, 0): b' 3542,20,15,1280,0,831,7,6,7,1,2,-70,1,1051,12736,215,100,1,0,0 '
Received from ('fd00::200:0:0:e', 8765, 0, 0): b' 3542,14,11,1280,0,897,7,4,7,1,2,-70,0,497,5974,223,100,1,0,0 '
Received from ('fd00::200:0:0:15', 8765, 0, 0): b' 3544,21,20,1536,0,846,10,7,5,1,4,-52,0,726,10457,209,100,2,0,0 '
Received from ('fd00::200:0:0:11', 8765, 0, 0): b' 3544,17,16,1536,0,841,10,6,7,1,4,-52,0,395,5672,213,100,1,0,0 '
Received from ('fd00::200:0:0:4', 8765, 0, 0): b' 3545,4,1,512,0,832,8,3,7,2,1,-66,10,2352,13318,235,100,2,0,0 '
Received from ('fd00::200:0:0:8', 8765, 0, 0): b' 3546,8,4,768,10,869,6,25,7,1,2,-52,4,1518,19068,230,100,5,0,0 '
Received from ('fd00::200:0:0:d', 8765, 0, 0): b' 3545,13,8,1024,0,29,3,1,7,1,2,-70,1,813,8625,29,100,2,0,0 '
Received from ('fd00::200:0:0:b', 8765, 0, 0): b' 3545,11,7,1024,0,922,4,17,7,1,1,-52,1,927,11153,228,100,3,0,0 '
Received from ('fd00::200:0:0:2', 8765, 0, 0): b' 3546,2,1,512,0,825,8,1,6,1,1,-88,9,965,10449,237,100,2,0,0 '
Received from ('fd00::200:0:0:3', 8765, 0, 0): b' 3545,3,1,512,0,904,8,3,7,1,2,-64,1,982,14701,232,100,3,0,0 '
Received from ('fd00::200:0:0:9', 8765, 0, 0): b' 3546,9,5,768,0,31,3,5,7,1,2,-52,0,481,7290,22,100,3,0,0 '
Received from ('fd00::200:0:0:10', 8765, 0, 0): b' 3547,16,15,1280,0,854,13,17,7,1,6,-52,1,1177,12686,214,100,2,0,0 '
Received from ('fd00::200:0:0:12', 8765, 0, 0): b' 3548,18,15,1280,0,869,4,4,5,1,1,-70,2,621,7255,222,100,1,0,0 '
Received from ('fd00::200:0:0:1', 5678, 0, 0): b' 3548,1,0,256,0,13,0,0,4,0,0,0,10,2123,23579,4216,100,3,0,0 '
Received from ('fd00::200:0:0:7', 8765, 0, 0): b' 3548,7,4,768,0,843,6,25,7,1,2,-70,10,2552,16003,231,100,2,0,0 '
Received from ('fd00::200:0:0:5', 8765, 0, 0): b' 3548,5,1,512,0,848,8,1,6,1,1,-94,2,918,13018,236,100,3,0,0 '
Received from ('fd00::200:0:0:f', 8765, 0, 0): b' 3548,15,7,1024,0,782,8,30,7,1,3,-95,6,2375,17036,224,100,2,0,0 '
Received from ('fd00::200:0:0:11', 8765, 0, 0): b' 3549,17,16,1536,10,842,10,6,7,1,4,-52,0,370,4751,213,100,1,0,0 '
Received from ('fd00::200:0:0:13', 8765, 0, 0): b' 3550,19,15,1280,0,847,6,4,7,1,1,-52,0,915,10579,224,100,2,0,0 '
Received from ('fd00::200:0:0:6', 8765, 0, 0): b' 3550,6,2,768,0,427,5,2,7,1,2,-52,1,875,14553,130,100,3,1,5 '
Received from ('fd00::200:0:0:8', 8765, 0, 0): b' 3551,8,4,768,10,874,6,25,7,1,2,-52,4,1172,9174,230,100,2,0,0 '
Received from ('fd00::200:0:0:9', 8765, 0, 0): b' 3551,9,5,768,0,31,3,5,7,1,2,-52,0,183,6729,22,100,0,0,0 '
Received from ('fd00::200:0:0:4', 8765, 0, 0): b' 3553,4,1,512,0,835,8,3,7,2,1,-66,10,3251,20402,236,100,3,0,0 '
Received from ('fd00::200:0:0:2', 8765, 0, 0): b' 3553,2,1,512,0,826,8,1,6,1,1,-88,9,940,11495,238,100,2,0,0 '
Received from ('fd00::200:0:0:15', 8765, 0, 0): b' 3554,21,20,1536,0,851,10,7,5,1,4,-52,0,917,10063,210,100,2,0,0 '
Received from ('fd00::200:0:0:e', 8765, 0, 0): b' 3552,14,11,1280,0,900,7,4,7,1,2,-70,0,808,10149,224,100,2,0,0 '
Received from ('fd00::200:0:0:d', 8765, 0, 0): b' 3554,13,8,1024,0,30,3,1,7,1,2,-70,1,953,11537,30,100,3,0,0 '
Received from ('fd00::200:0:0:b', 8765, 0, 0): b' 3554,11,7,1024,0,925,4,17,7,1,1,-52,1,1067,13681,229,100,1,0,0 '
Received from ('fd00::200:0:0:14', 8765, 0, 0): b' 3554,20,15,1280,0,833,7,6,7,1,2,-70,1,1453,15430,215,100,3,0,0 '
Received from ('fd00::200:0:0:6', 8765, 0, 0): b' 3556,6,2,768,0,427,5,2,7,1,2,-52,1,341,6427,131,100,1,1,5 '
Received from ('fd00::200:0:0:3', 8765, 0, 0): b' 3555,3,1,512,0,908,8,3,7,1,2,-64,1,926,13361,233,100,3,0,0 '
Received from ('fd00::200:0:0:7', 8765, 0, 0): b' 3556,7,4,768,10,845,6,25,7,1,2,-70,10,2771,18731,231,100,3,0,0 '
Received from ('fd00::200:0:0:13', 8765, 0, 0): b' 3556,19,15,1280,0,848,6,4,7,1,1,-52,0,394,5314,224,100,1,0,0 '
Received from ('fd00::200:0:0:4', 8765, 0, 0): b' 3557,4,1,512,0,837,8,3,7,2,1,-66,10,2137,11718,236,100,1,0,0 '
Received from ('fd00::200:0:0:11', 8765, 0, 0): b' 3558,17,16,1536,0,843,10,6,7,1,4,-52,0,596,8249,214,100,2,0,0 '
Received from ('fd00::200:0:0:1', 5678, 0, 0): b' 3558,1,0,256,0,14,0,0,4,0,0,0,10,2559,27106,4228,100,3,0,0 '
Received from ('fd00::200:0:0:5', 8765, 0, 0): b' 3557,5,1,512,0,850,9,1,6,1,1,-94,2,1382,15732,237,100,2,0,0 '
Received from ('fd00::200:0:0:2', 8765, 0, 0): b' 3558,2,1,512,0,827,9,1,6,1,1,-88,9,959,9765,238,100,1,0,0 '
Received from ('fd00::200:0:0:12', 8765, 0, 0): b' 3558,18,15,1280,0,871,4,4,5,1,1,-70,2,701,10035,223,100,2,0,0 '
Received from ('fd00::200:0:0:9', 8765, 0, 0): b' 3559,9,5,768,10,31,3,5,7,1,2,-52,0,485,9208,23,100,2,0,0 '
Received from ('fd00::200:0:0:e', 8765, 0, 0): b' 3557,14,11,1280,0,902,7,4,7,1,2,-70,0,557,5404,225,100,1,0,0 '
Received from ('fd00::200:0:0:f', 8765, 0, 0): b' 3558,15,7,1024,10,786,8,30,7,1,3,-95,6,3190,25475,225,100,2,0,0 '
Received from ('fd00::200:0:0:10', 8765, 0, 0): b' 3559,16,15,1280,0,857,13,17,7,1,6,-52,1,1402,15059,214,100,3,0,0 '
Received from ('fd00::200:0:0:b', 8765, 0, 0): b' 3559,11,7,1024,10,927,4,17,7,1,1,-52,1,755,8512,229,100,1,0,0 '
Received from ('fd00::200:0:0:6', 8765, 0, 0): b' 3561,6,2,768,0,428,5,2,7,1,2,-52,1,366,6488,131,100,1,1,5 '
Received from ('fd00::200:0:0:13', 8765, 0, 0): b' 3562,19,15,1280,0,849,6,4,7,1,1,-52,0,449,6225,225,100,1,0,0 '
Received from ('fd00::200:0:0:8', 8765, 0, 0): b' 3561,8,4,768,0,876,6,25,7,1,2,-52,4,1278,18337,231,100,2,0,0 '
Received from ('fd00::200:0:0:5', 8765, 0, 0): b' 3563,5,1,512,0,851,9,1,6,1,1,-94,2,626,8409,237,100,1,0,0 '
Received from ('fd00::200:0:0:3', 8765, 0, 0): b' 3563,3,1,512,0,912,9,3,7,1,2,-64,1,885,10283,234,100,2,0,0 '
Received from ('fd00::200:0:0:d', 8765, 0, 0): b' 3564,13,8,1024,0,30,3,1,7,1,2,-70,1,364,11693,31,100,1,0,0 '
Received from ('fd00::200:0:0:2', 8765, 0, 0): b' 3564,2,1,512,10,830,9,1,6,1,1,-88,9,782,8804,238,100,2,0,0 '
Received from ('fd00::200:0:0:15', 8765, 0, 0): b' 3565,21,20,1536,0,856,10,7,5,1,4,-52,0,992,11311,210,100,2,0,0 '
Received from ('fd00::200:0:0:9', 8765, 0, 0): b' 3565,9,5,768,0,32,3,5,7,1,2,-52,0,383,7862,23,100,2,0,0 '
Received from ('fd00::200:0:0:12', 8765, 0, 0): b' 3566,18,15,1280,0,876,4,4,5,1,1,-70,2,902,7906,224,100,1,0,0 '
Received from ('fd00::200:0:0:1', 5678, 0, 0): b' 3566,1,0,256,0,14,0,0,4,0,0,0,10,1707,21099,4236,100,1,0,0 '
Received from ('fd00::200:0:0:14', 8765, 0, 0): b' 3566,20,15,1280,0,835,7,6,7,1,2,-70,1,1193,15647,216,100,2,0,0 '
Received from ('fd00::200:0:0:7', 8765, 0, 0): b' 3566,7,4,768,10,848,6,25,7,1,2,-70,10,3483,25038,232,100,2,0,0 '
Received from ('fd00::200:0:0:b', 8765, 0, 0): b' 3566,11,7,1024,0,931,4,18,7,1,1,-52,1,1133,13094,229,100,4,0,0 '
Received from ('fd00::200:0:0:f', 8765, 0, 0): b' 3567,15,7,1024,0,788,8,31,7,1,3,-95,6,2790,24230,225,100,3,0,0 '
Received from ('fd00::200:0:0:8', 8765, 0, 0): b' 3568,8,4,768,0,879,6,25,7,1,2,-52,4,986,11168,231,100,3,0,0 '
Received from ('fd00::200:0:0:4', 8765, 0, 0): b' 3569,4,1,512,0,840,9,3,7,2,1,-66,10,4755,29209,237,100,2,0,0 '
Received from ('fd00::200:0:0:10', 8765, 0, 0): b' 3568,16,15,1280,20,861,13,17,7,1,6,-52,1,1076,12821,215,100,3,0,0 '
Received from ('fd00::200:0:0:d', 8765, 0, 0): b' 3569,13,8,1024,0,31,3,1,7,1,2,-70,1,385,6643,31,100,2,0,0 '
Received from ('fd00::200:0:0:6', 8765, 0, 0): b' 3569,6,2,768,0,432,5,2,7,1,2,-52,1,882,10498,132,100,3,1,5 '
Received from ('fd00::200:0:0:11', 8765, 0, 0): b' 3569,17,16,1536,0,850,10,6,7,1,4,-52,0,1255,12563,215,100,3,0,0 '
Received from ('fd00::200:0:0:13', 8765, 0, 0): b' 3571,19,15,1280,0,855,6,4,7,1,1,-52,0,1109,8942,225,100,3,0,0 '
Received from ('fd00::200:0:0:3', 8765, 0, 0): b' 3570,3,1,512,0,915,9,3,7,1,2,-64,1,696,8331,234,100,3,0,0 '
Received from ('fd00::200:0:0:9', 8765, 0, 0): b' 3570,9,5,768,0,32,4,5,7,1,2,-52,0,420,6282,24,100,1,0,0 '
Received from ('fd00::200:0:0:e', 8765, 0, 0): b' 3569,14,11,1280,10,906,7,4,7,1,2,-70,0,853,10950,225,100,3,0,0 '
Received from ('fd00::200:0:0:b', 8765, 0, 0): b' 3570,11,7,1024,0,933,4,18,7,1,1,-52,1,727,6870,230,100,1,0,0 '
Received from ('fd00::200:0:0:1', 5678, 0, 0): b' 3572,1,0,256,0,14,0,0,4,0,0,0,10,1637,16548,4246,100,1,0,0 '
Received from ('fd00::200:0:0:7', 8765, 0, 0): b' 3571,7,4,768,0,851,6,25,7,1,2,-70,10,2450,14175,232,100,2,0,0 '
Received from ('fd00::200:0:0:5', 8765, 0, 0): b' 3572,5,1,512,0,853,9,1,6,1,1,-94,2,1376,15176,238,100,3,0,0 '
Received from ('fd00::200:0:0:2', 8765, 0, 0): b' 3573,2,1,512,0,833,9,1,6,1,1,-88,9,1738,15984,239,100,2,0,0 '
Received from ('fd00::200:0:0:12', 8765, 0, 0): b' 3574,18,15,1280,10,878,4,4,5,1,1,-70,2,494,7255,224,100,2,0,0 '
Received from ('fd00::200:0:0:d', 8765, 0, 0): b' 3575,13,8,1024,0,31,3,1,7,1,2,-70,1,283,5954,31,100,1,0,0 '
Received from ('fd00::200:0:0:11', 8765, 0, 0): b' 3574,17,16,1536,0,852,10,6,7,1,4,-52,0,473,4330,215,100,2,0,0 '
Received from ('fd00::200:0:0:4', 8765, 0, 0): b' 3576,4,1,512,10,840,9,3,7,2,1,-66,10,3319,19335,237,100,2,0,0 '
Received from ('fd00::200:0:0:8', 8765, 0, 0): b' 3576,8,4,768,0,881,6,25,7,1,2,-52,4,1226,13034,232,100,1,0,0 '
Received from ('fd00::200:0:0:e', 8765, 0, 0): b' 3575,14,11,1280,0,910,8,4,7,1,2,-70,0,870,7135,226,100,2,0,0 '
Received from ('fd00::200:0:0:14', 8765, 0, 0): b' 3577,20,15,1280,10,838,7,6,7,1,2,-70,1,1144,13305,217,100,4,0,0 '
Received from ('fd00::200:0:0:15', 8765, 0, 0): b' 3577,21,20,1536,0,860,10,7,5,1,4,-52,0,1011,11858,211,100,2,0,0 '
Received from ('fd00::200:0:0:10', 8765, 0, 0): b' 3578,16,15,1280,0,864,13,17,7,1,6,-52,1,1580,13323,216,100,4,0,0 '
Received from ('fd00::200:0:0:f', 8765, 0, 0): b' 3576,15,7,1024,0,792,8,32,7,1,3,-95,6,3320,24284,226,100,3,0,0 '
Received from ('fd00::200:0:0:5', 8765, 0, 0): b' 3578,5,1,512,0,855,9,1,6,1,1,-94,2,583,8477,238,100,1,0,0 '
Received from ('fd00::200:0:0:3', 8765, 0, 0): b' 3579,3,1,512,0,921,9,3,7,1,2,-64,1,1042,11633,235,100,2,0,0 '
Received from ('fd00::200:0:0:12', 8765, 0, 0): b' 3580,18,15,1280,20,883,4,4,5,1,1,-70,2,816,6120,225,100,2,0,0 '
Received from ('fd00::200:0:0:6', 8765, 0, 0): b' 3579,6,2,768,20,437,5,2,7,1,2,-52,1,857,12951,132,100,2,1,5 '
Received from ('fd00::200:0:0:1', 5678, 0, 0): b' 3580,1,0,256,0,14,0,0,4,0,0,0,10,1857,21590,4254,100,2,0,0 '
Received from ('fd00::200:0:0:d', 8765, 0, 0): b' 3581,13,8,1024,0,31,3,1,7,1,2,-70,1,339,7974,32,100,1,0,0 '
Received from ('fd00::200:0:0:9', 8765, 0, 0): b' 3580,9,5,768,10,33,4,5,7,1,2,-52,0,853,11956,24,100,2,0,0 '
Received from ('fd00::200:0:0:14', 8765, 0, 0): b' 3582,20,15,1280,0,840,7,6,7,1,2,-70,1,669,6250,217,100,1,0,0 '
Received from ('fd00::200:0:0:13', 8765, 0, 0): b' 3582,19,15,1280,0,861,6,4,7,1,1,-52,0,1142,11208,226,100,4,0,0 '
Received from ('fd00::200:0:0:f', 8765, 0, 0): b' 3580,15,7,1024,10,793,8,32,7,1,3,-95,6,1322,10108,226,100,1,0,0 '
Received from ('fd00::200:0:0:b', 8765, 0, 0): b' 3582,11,7,1024,0,939,4,18,7,1,1,-52,1,1902,19590,230,100,5,0,0 '
Received from ('fd00::200:0:0:4', 8765, 0, 0): b' 3583,4,1,512,0,840,9,3,7,2,1,-66,10,2709,17242,238,100,1,0,0 '
Received from ('fd00::200:0:0:7', 8765, 0, 0): b' 3582,7,4,768,0,853,6,25,7,1,2,-70,10,3858,25676,233,100,3,0,0 '
Received from ('fd00::200:0:0:10', 8765, 0, 0): b' 3584,16,15,1280,0,866,13,17,7,1,6,-52,1,675,7272,216,100,2,0,0 '
Received from ('fd00::200:0:0:2', 8765, 0, 0): b' 3584,2,1,512,0,839,9,1,6,1,1,-88,8,1668,17699,240,100,2,0,0 '
Received from ('fd00::200:0:0:8', 8765, 0, 0): b' 3583,8,4,768,0,884,6,25,7,1,2,-52,4,1073,12185,232,100,3,0,0 '
Received from ('fd00::200:0:0:9', 8765, 0, 0): b' 3585,9,5,768,0,33,4,5,7,1,2,-52,0,474,6448,25,100,1,0,0 '
Received from ('fd00::200:0:0:3', 8765, 0, 0): b' 3586,3,1,512,0,921,9,3,7,1,2,-64,1,285,7811,235,100,1,0,0 '
Received from ('fd00::200:0:0:14', 8765, 0, 0): b' 3586,20,15,1280,0,842,7,6,7,1,2,-70,1,681,5881,218,100,1,0,0 '
Received from ('fd00::200:0:0:11', 8765, 0, 0): b' 3586,17,16,1536,0,856,10,6,7,1,4,-52,0,934,11144,216,100,3,0,0 '
Received from ('fd00::200:0:0:5', 8765, 0, 0): b' 3587,5,1,512,0,857,9,1,6,1,1,-94,2,1327,15508,239,100,2,0,0 '
Received from ('fd00::200:0:0:15', 8765, 0, 0): b' 3588,21,20,1536,0,862,10,7,5,1,4,-52,0,704,9966,212,100,2,0,0 '
Received from ('fd00::200:0:0:12', 8765, 0, 0): b' 3588,18,15,1280,0,890,4,4,5,1,1,-70,2,1225,9266,225,100,4,0,0 '
Received from ('fd00::200:0:0:10', 8765, 0, 0): b' 3588,16,15,1280,0,868,13,17,7,1,6,-52,1,712,5960,216,100,2,0,0 '
Received from ('fd00::200:0:0:e', 8765, 0, 0): b' 3587,14,11,1280,0,917,8,4,7,1,2,-70,0,1198,11403,226,100,3,0,0 '
Received from ('fd00::200:0:0:2', 8765, 0, 0): b' 3589,2,1,512,0,840,9,1,6,1,1,-88,8,476,7429,240,100,0,0,0 '
Received from ('fd00::200:0:0:f', 8765, 0, 0): b' 3587,15,7,1024,0,794,8,33,7,1,3,-95,6,2390,18142,227,100,2,0,0 '
Received from ('fd00::200:0:0:6', 8765, 0, 0): b' 3591,6,2,768,0,442,5,2,7,1,2,-52,0,1226,15106,133,100,3,1,5 '
Received from ('fd00::200:0:0:1', 5678, 0, 0): b' 3590,1,0,256,0,14,0,0,4,0,0,0,9,2432,27583,4268,100,1,0,0 '
Received from ('fd00::200:0:0:11', 8765, 0, 0): b' 3591,17,16,1536,0,860,10,6,7,1,4,-52,0,686,5061,216,100,2,0,0 '
Received from ('fd00::200:0:0:9', 8765, 0, 0): b' 3591,9,5,768,0,34,4,5,7,1,2,-52,0,381,6948,25,100,2,0,0 '
Received from ('fd00::200:0:0:b', 8765, 0, 0): b' 3591,11,7,1024,0,941,4,19,7,1,1,-52,1,1049,13655,231,100,3,0,0 '
Received from ('fd00::200:0:0:13', 8765, 0, 0): b' 3590,19,15,1280,0,866,6,4,7,1,1,-52,0,1018,10641,227,100,3,0,0 '
Received from ('fd00::200:0:0:4', 8765, 0, 0): b' 3592,4,1,512,10,845,9,3,7,2,1,-66,10,4609,25530,238,100,2,0,0 '
Received from ('fd00::200:0:0:7', 8765, 0, 0): b' 3592,7,4,768,0,858,6,25,7,1,2,-70,10,3826,22819,234,100,2,0,0 '
Received from ('fd00::200:0:0:3', 8765, 0, 0): b' 3592,3,1,512,10,925,9,3,7,1,2,-64,1,695,8414,235,100,3,0,0 '
Received from ('fd00::200:0:0:10', 8765, 0, 0): b' 3593,16,15,1280,0,868,13,17,7,1,6,-52,1,639,6586,217,100,1,0,0 '
Received from ('fd00::200:0:0:8', 8765, 0, 0): b' 3592,8,4,768,10,888,6,25,7,1,2,-52,4,1191,15068,233,100,1,0,0 '
Received from ('fd00::200:0:0:d', 8765, 0, 0): b' 3593,13,8,1024,0,31,3,1,7,1,2,-70,1,605,13920,33,100,3,0,0 '
Received from ('fd00::200:0:0:5', 8765, 0, 0): b' 3593,5,1,512,0,857,9,1,6,1,1,-94,2,518,9125,239,100,1,0,0 '
Received from ('fd00::200:0:0:e', 8765, 0, 0): b' 3593,14,11,1280,0,918,8,4,7,1,2,-70,0,445,6178,227,100,2,0,0 '
Received from ('fd00::200:0:0:f', 8765, 0, 0): b' 3593,15,7,1024,0,795,8,33,7,1,3,-95,6,1647,15577,227,100,1,0,0 '
Received from ('fd00::200:0:0:12', 8765, 0, 0): b' 3594,18,15,1280,0,894,4,4,5,1,1,-70,2,892,8050,226,100,2,0,0 '
Received from ('fd00::200:0:0:14', 8765, 0, 0): b' 3594,20,15,1280,0,843,7,6,7,1,2,-70,1,868,12312,218,100,3,0,0 '
Received from ('fd00::200:0:0:9', 8765, 0, 0): b' 3597,9,5,768,0,34,4,5,7,1,2,-52,0,280,6790,25,100,1,0,0 '
Received from ('fd00::200:0:0:13', 8765, 0, 0): b' 3595,19,15,1280,0,867,6,4,7,1,1,-52,0,365,4218,227,100,2,0,0 '
Received from ('fd00::200:0:0:2', 8765, 0, 0): b' 3596,2,1,512,0,842,9,1,6,1,1,-88,8,1212,14195,240,100,2,0,0 '
Received from ('fd00::200:0:0:1', 5678, 0, 0): b' 3597,1,0,256,0,14,0,0,4,0,0,0,9,1696,19059,4275,100,2,0,0 '
Received from ('fd00::200:0:0:15', 8765, 0, 0): b' 3596,21,20,1536,0,863,10,7,5,1,4,-52,0,539,9173,212,100,2,0,0 '
