timestamp,node_id,parent_id,rank,buf_occupancy,dio_sent,dao_sent,dis_sent,nbr_count,tx_slot_count,parent_switch_count,rssi,route_count,delta_tx,delta_rx,app_packet_count,forward_ratio,bcast_tx,is_attacker,attack_type
8,1,0,256,0,1,0,0,0,0,0,0,0,586,3712,0,100,15,0,0
13,1,0,256,0,2,0,0,0,0,0,0,0,489,3615,0,100,5,0,0
17,1,0,256,0,2,0,0,2,0,0,0,2,530,3731,0,100,4,0,0
25,1,0,256,0,3,0,0,3,0,0,0,2,923,7282,0,100,6,0,0
15,4,1,640,30,1,1,1,2,0,1,-66,0,859,5355,0,100,7,0,0
23,4,1,640,40,2,1,1,3,0,1,-66,0,1194,7542,0,100,8,0,0
32,4,1,640,60,2,1,1,3,0,1,-66,1,1170,8655,1,100,6,0,0
34,1,0,256,0,3,0,0,3,0,0,0,4,966,9233,1,100,5,0,0
38,4,1,512,0,4,1,1,3,1,1,-66,1,1209,7137,1,100,3,0,0
14,3,1,640,10,1,0,1,2,0,1,-64,0,436,6255,0,100,4,0,0
21,3,1,640,40,2,1,1,3,0,1,-64,0,1333,6971,0,100,9,0,0
26,3,1,640,70,2,1,1,4,0,1,-64,1,567,4597,1,100,3,0,0
33,3,1,640,80,3,1,1,4,0,1,-64,1,1029,7500,1,100,5,0,0
42,4,1,512,0,4,1,1,3,1,1,-66,1,705,4696,2,100,4,0,0
37,3,1,640,60,3,1,1,4,0,1,-64,1,493,3824,1,100,3,0,0
44,1,0,256,0,3,0,0,3,0,0,0,4,1509,14087,4,100,4,0,0
20,5,4,896,70,2,2,1,3,0,1,-52,0,1289,9693,0,100,11,0,0
30,5,4,1024,80,2,2,1,3,0,1,-52,0,1450,9969,1,100,8,0,0
46,4,1,512,10,5,1,1,3,1,1,-66,1,1001,5974,2,100,3,0,0
36,5,4,1024,80,3,2,1,3,0,1,-52,0,560,5485,1,100,4,0,0
48,1,0,256,0,3,0,0,3,0,0,0,4,667,7157,5,100,2,0,0
49,3,1,512,0,5,1,1,4,1,1,-64,1,2301,14356,2,100,7,0,0
46,5,4,896,50,3,2,1,3,1,1,-52,0,1092,9432,2,100,5,0,0
52,5,4,896,0,5,2,1,3,1,1,-52,0,1236,7848,2,100,4,0,0
54,4,1,512,0,6,1,1,3,1,1,-66,1,2222,13023,3,100,3,0,0
54,3,1,512,0,6,1,1,4,1,1,-64,1,673,5408,2,100,2,0,0
55,1,0,256,0,4,0,0,3,0,0,0,4,1234,11432,7,100,3,0,0
57,5,4,896,0,6,2,1,3,1,1,-52,0,652,5407,3,100,4,0,0
62,4,1,512,0,7,2,1,3,1,1,-66,1,1775,12120,3,100,3,0,0
64,3,1,512,0,7,1,1,4,1,1,-64,1,955,8947,3,100,5,0,0
63,5,4,768,0,6,2,1,3,1,1,-52,0,461,4973,3,100,2,0,0
66,1,0,256,0,4,0,0,4,0,0,0,5,1488,16650,9,100,5,0,0
66,4,1,512,10,7,2,1,5,1,1,-66,2,1448,9003,3,100,3,0,0
71,5,4,768,0,7,3,1,3,1,1,-52,0,919,8770,3,100,4,0,0
72,1,0,256,0,4,0,0,4,0,0,0,5,733,8795,11,100,2,0,0
75,3,1,512,0,7,1,1,5,1,1,-64,1,1140,11784,4,100,4,0,0
77,4,1,512,20,8,2,1,5,1,1,-66,2,2110,19253,4,100,5,0,0
76,5,4,768,0,7,3,1,3,1,1,-52,0,475,4312,4,100,2,0,0
66,7,4,896,10,1,0,2,2,0,1,-70,0,831,4723,0,100,8,0,0
70,7,4,896,50,1,1,2,3,0,1,-70,0,613,3583,1,100,5,0,0
78,3,1,512,0,7,1,1,5,1,1,-64,1,375,4642,4,100,2,0,0
80,1,0,256,0,4,0,0,4,0,0,0,5,890,10988,13,100,2,0,0
75,7,4,896,50,2,1,2,3,0,1,-70,0,829,4606,1,100,5,0,0
46,2,3,896,80,3,1,1,2,0,1,-52,0,443,6383,2,100,3,0,0
58,2,1,640,90,3,2,1,3,0,2,-88,0,958,10800,3,100,6,0,0
86,7,4,768,0,3,1,2,3,1,1,-70,0,1931,11869,2,100,9,0,0
69,2,1,640,100,6,3,1,4,0,2,-88,0,1162,10238,3,100,6,0,0
78,2,1,640,80,6,3,1,4,0,2,-88,0,580,8188,4,100,3,0,0
82,2,1,640,90,6,3,1,4,0,2,-88,0,169,3995,4,100,1,0,0
88,4,1,512,0,9,2,1,5,1,1,-66,2,2999,24052,5,100,4,0,0
87,5,4,768,10,8,3,1,3,1,1,-52,0,866,12034,5,100,5,0,0
90,3,1,512,10,8,1,1,5,1,1,-64,1,888,15144,5,100,4,0,0
91,1,0,256,0,4,0,0,4,0,0,0,5,2518,21535,21,100,4,0,0
91,2,1,512,0,8,3,1,4,1,2,-88,0,2283,12436,5,100,6,0,0
91,7,4,768,0,4,1,2,3,1,1,-70,0,758,6874,2,100,4,0,0
95,4,1,512,0,9,2,1,5,1,1,-66,2,1283,14079,5,100,3,0,0
95,2,1,512,0,9,3,1,4,1,2,-88,0,464,4317,5,100,2,0,0
96,7,4,768,0,4,1,2,3,1,1,-70,0,587,4619,2,100,2,0,0
96,5,4,768,0,9,3,1,3,1,1,-52,0,826,10749,5,100,3,0,0
99,1,0,256,0,4,0,0,4,0,0,0,5,1013,14347,22,100,2,0,0
98,3,1,512,0,9,1,1,5,1,1,-64,1,621,9783,5,100,4,0,0
100,7,4,768,10,4,1,2,3,1,1,-70,0,405,4294,3,100,2,0,0
102,4,1,512,10,9,2,1,5,1,1,-66,2,1703,14656,6,100,2,0,0
104,2,1,512,0,9,3,1,4,1,2,-88,0,781,8503,6,100,2,0,0
104,1,0,256,0,4,0,0,4,0,0,0,5,801,9368,25,100,2,0,0
104,5,4,768,10,9,3,1,3,1,1,-52,0,715,9929,6,100,3,0,0
106,3,1,512,0,10,1,1,5,1,1,-64,1,1162,9926,6,100,2,0,0
105,7,4,768,0,5,1,2,3,1,1,-70,0,504,5208,3,100,4,0,0
108,4,1,512,0,10,2,1,5,1,1,-66,2,1422,11862,6,100,3,0,0
108,5,4,768,0,9,3,1,3,1,1,-52,0,334,5730,6,100,1,0,0
112,3,1,512,0,11,1,1,5,1,1,-64,1,477,6763,6,100,3,0,0
113,1,0,256,0,4,0,0,4,0,0,0,5,964,15184,26,100,2,0,0
115,2,1,512,20,10,3,1,4,1,2,-88,0,1030,11933,7,100,5,0,0
117,1,0,256,0,4,0,0,4,0,0,0,5,920,9033,31,100,1,0,0
117,7,4,768,0,5,1,2,3,1,1,-70,0,1117,10999,4,100,4,0,0
118,4,1,512,0,11,2,1,5,1,1,-66,2,2081,20107,7,100,3,0,0
122,1,0,256,0,4,0,0,4,0,0,0,5,645,9112,31,100,1,0,0
120,5,4,768,0,10,3,1,3,1,1,-52,0,849,13688,7,100,5,0,0
122,3,1,512,0,11,1,1,5,1,1,-64,0,727,12941,7,100,3,0,0
122,2,1,512,0,10,3,1,4,1,2,-88,0,522,7912,7,100,2,0,0
125,7,4,768,0,5,1,2,3,1,1,-70,0,757,9292,4,100,3,0,0
128,4,1,512,0,11,2,1,5,1,1,-66,2,1479,19734,7,100,2,0,0
128,1,0,256,0,4,0,0,4,0,0,0,5,623,9952,31,100,2,0,0
128,5,4,768,0,10,3,1,3,1,1,-52,0,424,9754,7,100,2,0,0
129,3,1,512,0,12,1,1,5,1,1,-64,0,667,9236,7,100,3,0,0
132,2,1,512,10,11,3,1,4,1,2,-88,0,1044,10684,8,100,2,0,0
136,1,0,256,0,4,0,0,4,0,0,0,5,1523,15934,36,100,2,0,0
137,4,1,512,0,11,2,1,5,1,1,-66,2,1436,17927,8,100,3,0,0
137,7,4,768,0,7,1,2,3,1,1,-70,0,998,14600,5,100,6,0,0
137,3,1,512,0,12,1,1,5,1,1,-64,0,659,10644,8,100,2,0,0
139,2,1,512,0,12,3,1,4,1,2,-88,0,629,9113,8,100,3,0,0
140,5,4,768,10,12,3,1,3,1,1,-52,0,943,13230,8,100,4,0,0
141,1,0,256,0,4,0,0,4,0,0,0,5,557,8552,36,100,1,0,0
142,7,4,768,0,7,1,2,3,1,1,-70,0,254,5527,5,100,1,0,0
143,3,1,512,10,12,1,1,5,1,1,-64,0,389,6263,8,100,1,0,0
147,4,1,512,10,11,2,1,5,1,1,-66,2,1478,19137,9,100,2,0,0
148,5,4,768,0,12,3,1,3,1,1,-52,0,533,10019,9,100,2,0,0
150,2,1,512,0,13,3,1,4,1,2,-88,0,1231,14637,9,100,4,0,0
151,1,0,256,0,4,0,0,4,0,0,0,5,1322,17512,41,100,2,0,0
152,3,1,512,0,12,1,1,5,1,1,-64,0,623,11535,9,100,2,0,0
150,7,4,768,10,8,1,2,3,1,1,-70,0,814,10682,6,100,3,0,0
155,7,4,768,0,9,1,2,3,1,1,-70,0,452,6044,6,100,2,0,0
159,1,0,256,0,4,0,0,4,0,0,0,5,927,13964,42,100,2,0,0
159,3,1,512,0,12,1,1,5,1,1,-64,0,586,10291,9,100,2,0,0
158,4,1,512,20,12,2,1,5,1,1,-66,2,1816,22344,10,100,3,0,0
159,5,4,768,0,12,3,1,3,1,1,-52,0,424,11700,9,100,2,0,0
161,2,1,585,0,14,3,1,4,1,2,-88,0,960,14684,10,100,4,0,0
162,7,4,768,0,10,1,2,3,1,1,-70,0,769,9925,7,100,4,0,0
164,3,1,512,0,13,1,1,5,1,1,-64,0,479,6318,10,100,2,0,0
166,2,1,527,0,14,3,1,4,1,2,-88,0,280,5294,10,100,1,0,0
164,5,4,768,0,12,3,1,3,1,1,-52,0,594,9091,10,100,2,0,0
166,1,0,256,0,4,0,0,4,0,0,0,5,1256,13260,46,100,2,0,0
165,4,1,512,10,13,2,1,6,1,1,-66,3,1849,15346,10,100,3,0,0
169,3,1,512,0,14,1,1,6,1,1,-64,0,404,7079,10,100,2,0,0
171,4,1,512,0,14,2,2,6,1,1,-66,3,935,10315,10,100,3,0,0
173,2,1,512,10,14,3,1,4,1,2,-88,0,303,7818,10,100,1,0,0
171,7,4,768,0,11,1,2,5,1,1,-70,1,1307,13405,7,100,3,0,0
172,5,4,768,10,12,3,1,5,1,1,-52,0,400,9804,10,100,2,0,0
178,1,0,256,0,4,0,0,4,0,0,0,7,1612,21014,50,100,2,0,0
178,3,1,512,0,14,1,1,6,1,1,-64,0,571,11451,11,100,2,0,0
162,8,7,1024,0,0,0,3,1,0,1,-52,0,28,43982,0,100,1,0,0
178,5,4,768,0,13,3,1,5,1,1,-52,0,548,7222,11,100,2,0,0
168,8,4,896,30,1,2,3,3,0,2,-52,0,1060,6266,0,100,8,0,0
183,4,1,512,40,14,2,2,7,1,1,-66,5,3514,26553,11,100,3,0,0
183,2,1,522,10,14,3,1,4,1,2,-88,0,946,13430,11,100,3,0,0
179,8,4,768,50,3,3,3,4,1,2,-52,0,1688,10819,1,100,9,0,0
184,1,0,256,0,4,0,0,4,0,0,0,8,894,11202,52,100,1,0,0
183,7,4,768,0,12,1,2,6,1,1,-70,2,929,14489,8,100,4,0,0
185,8,4,768,0,4,3,3,6,1,2,-52,0,986,7449,1,100,5,0,0
189,3,1,512,0,16,1,1,6,1,1,-64,0,871,12925,11,100,3,0,0
189,4,1,512,10,15,2,2,7,1,1,-66,5,1463,15213,11,100,2,0,0
188,5,4,768,0,15,3,1,5,1,1,-52,0,765,13686,11,100,3,0,0
168,9,4,896,50,1,2,3,3,0,1,-70,0,1916,8199,0,100,14,0,0
194,2,1,512,0,15,3,1,4,1,2,-88,0,864,14545,12,100,3,0,0
190,7,4,768,10,12,1,2,6,1,1,-70,2,722,9794,9,100,2,0,0
196,1,0,256,0,4,0,0,4,0,0,0,9,2144,22900,59,100,3,0,0
175,12,7,1152,10,0,0,3,2,0,1,-70,0,391,47748,0,100,4,0,0
195,7,4,768,30,12,1,2,6,1,1,-70,2,1309,9117,9,100,1,0,0
186,12,7,1152,60,2,1,3,4,0,1,-70,0,1545,10305,1,100,11,0,0
196,8,4,768,0,5,3,3,7,1,2,-52,0,988,11777,2,100,6,0,0
199,3,1,512,0,16,1,1,6,1,1,-64,0,552,11793,12,100,2,0,0
197,12,7,1024,0,3,1,3,5,1,1,-70,0,2405,14315,2,100,8,0,0
201,4,1,512,0,15,2,2,7,1,1,-66,6,4246,32472,12,100,3,0,0
203,1,0,256,0,5,0,0,4,0,0,0,9,1024,12569,61,100,2,0,0
199,5,4,768,0,16,3,1,6,1,1,-52,0,731,13042,12,100,4,0,0
202,8,4,768,0,5,3,3,7,1,2,-52,0,614,5924,2,100,3,0,0
204,3,1,512,0,16,1,1,6,1,1,-64,0,280,5452,12,100,1,0,0
204,7,4,768,0,12,1,2,6,1,1,-70,2,1458,13955,9,100,2,0,0
204,2,1,523,0,16,3,1,4,1,2,-88,0,1269,14145,13,100,3,0,0
204,5,4,768,10,16,3,1,6,1,1,-52,0,392,6519,12,100,1,0,0
204,12,7,1024,0,4,1,3,5,1,1,-70,0,746,6561,2,100,4,0,0
210,3,1,512,0,16,2,1,6,1,1,-64,0,722,8234,13,100,2,0,0
210,4,1,512,20,15,3,2,7,1,1,-66,6,3284,23851,13,100,2,0,0
210,1,0,256,0,5,0,0,4,0,0,0,9,1605,15318,67,100,2,0,0
210,8,4,768,0,6,3,3,7,1,2,-52,0,704,7706,3,100,4,0,0
211,12,7,1024,20,6,1,3,5,1,1,-70,0,1200,7875,3,100,4,0,0
214,7,4,768,0,13,1,2,6,1,1,-70,2,1845,17456,10,100,3,0,0
215,2,1,529,0,16,3,1,4,1,2,-88,0,1059,14111,13,100,2,0,0
214,5,4,768,0,16,3,1,6,1,1,-52,0,673,11658,13,100,2,0,0
215,8,4,768,0,6,4,3,7,1,2,-52,0,552,6181,3,100,2,0,0
183,13,9,1280,60,1,2,3,3,0,1,-52,0,1416,8130,0,100,10,0,0
221,1,0,256,0,5,0,0,4,0,0,0,9,1440,18938,69,100,2,0,0
222,3,1,512,0,17,2,1,6,1,1,-64,0,1001,15159,14,100,3,0,0
222,4,1,512,80,16,3,2,7,1,1,-66,6,3854,30511,14,100,3,0,0
226,1,0,256,0,5,0,0,4,0,0,0,9,775,9865,72,100,1,0,0
228,3,1,512,0,17,2,1,6,1,1,-64,0,306,7523,14,100,1,0,0
227,2,1,512,0,16,3,1,4,1,2,-88,0,622,14168,14,100,2,0,0
222,9,5,1024,20,7,4,3,6,1,2,-52,1,1447,8678,4,100,4,0,0
226,12,7,1024,0,8,2,3,5,1,1,-70,0,916,9480,4,100,3,0,0
226,8,4,768,0,8,4,3,7,1,2,-52,1,2854,20088,4,100,5,0,0
227,7,4,768,0,15,2,2,6,1,1,-70,2,1438,12787,11,100,1,0,0
228,13,8,1024,0,7,5,4,4,1,2,-70,0,1955,14078,3,100,8,0,0
229,5,4,768,0,18,4,1,6,1,1,-52,2,2381,17105,14,100,3,0,0
231,4,1,512,0,17,3,2,7,2,1,-66,6,4091,26037,14,100,3,0,0
232,1,0,256,0,5,0,0,4,0,0,0,9,1236,13514,77,100,1,0,0
233,2,1,512,0,17,3,1,4,1,2,-88,0,700,7631,14,100,3,0,0
233,12,7,1024,0,8,2,3,6,1,1,-70,0,525,8801,4,100,3,0,0
234,7,4,768,0,16,2,2,7,1,1,-70,1,900,11135,11,100,3,0,0
233,9,5,1024,0,8,5,3,6,1,2,-52,1,1017,11420,4,100,4,0,0
235,5,4,768,0,18,4,1,6,1,1,-52,2,515,7900,14,100,1,0,0
236,1,0,256,0,5,0,0,4,0,0,0,9,751,10510,81,100,1,0,0
236,8,4,768,0,10,4,3,7,1,2,-52,1,1631,16829,4,100,5,0,0
237,4,1,512,0,18,3,2,7,2,1,-66,6,1987,16177,15,100,2,0,0
237,13,8,1024,0,7,5,4,5,1,2,-70,0,612,8214,3,100,3,0,0
238,7,4,768,0,16,2,2,7,1,1,-70,1,502,6428,12,100,1,0,0
238,3,1,512,10,17,2,1,7,1,1,-64,0,633,13608,15,100,2,0,0
237,9,5,1024,0,9,5,3,6,1,2,-52,1,510,4270,5,100,3,0,0
240,2,1,512,0,17,3,1,4,1,2,-88,0,378,7997,15,100,1,0,0
241,5,4,768,0,19,4,1,6,1,1,-52,2,869,9340,15,100,2,0,0
242,12,7,1024,0,9,2,3,6,1,1,-70,0,856,11887,5,100,4,0,0
243,7,4,768,0,16,2,2,7,1,1,-70,2,1068,9050,12,100,1,0,0
244,2,1,512,0,17,3,1,4,1,2,-88,0,303,6012,15,100,1,0,0
244,8,4,768,0,10,4,3,7,1,2,-52,1,1141,12722,5,100,3,0,0
245,1,0,256,0,5,0,0,4,0,0,0,10,1566,19957,86,100,1,0,0
247,5,4,768,0,19,4,1,6,1,1,-52,2,419,8064,15,100,1,0,0
245,13,8,1024,0,8,5,4,5,1,2,-70,0,817,8312,4,100,4,0,0
249,9,5,1024,0,10,5,3,6,1,2,-52,1,673,9502,5,100,4,0,0
249,4,1,512,0,19,3,2,7,2,1,-66,7,3998,29823,15,100,2,0,0
249,3,1,512,0,18,2,1,7,1,1,-64,0,993,14071,15,100,2,0,0
249,8,4,768,0,11,4,3,7,1,2,-52,1,663,7365,5,100,2,0,0
251,7,4,768,0,17,2,2,7,1,1,-70,2,625,12602,13,100,2,0,0
251,2,1,512,0,18,3,1,4,1,2,-88,0,922,9375,16,100,1,0,0
252,12,7,1024,10,10,2,3,6,1,1,-70,0,720,11348,5,100,5,0,0
254,5,4,768,0,21,4,1,6,1,1,-52,2,933,11348,15,100,3,0,0
255,13,8,1024,0,8,5,4,5,1,2,-70,0,721,9919,5,100,3,0,0
256,1,0,256,0,5,0,0,4,0,0,0,10,2028,24190,95,100,2,0,0
256,2,1,512,0,18,3,1,4,1,2,-88,0,279,5702,16,100,1,0,0
257,9,5,1024,0,11,5,3,6,1,2,-52,1,956,8587,6,100,2,0,0
257,3,1,512,0,18,2,1,7,1,1,-64,0,404,9185,16,100,1,0,0
257,7,4,768,0,19,2,2,7,1,1,-70,3,1321,10705,13,100,4,0,0
258,8,4,768,0,11,4,3,7,1,2,-52,1,1206,14314,6,100,3,0,0
260,4,1,512,0,20,3,2,7,2,1,-66,8,4151,30068,16,100,3,0,0
261,5,4,768,0,21,4,1,6,1,1,-52,2,1253,12896,16,100,1,0,0
262,13,8,1024,0,8,5,4,5,1,2,-70,0,428,6258,5,100,2,0,0
264,3,1,512,0,18,2,1,7,1,1,-64,0,377,8939,16,100,1,0,0
263,12,7,1024,10,11,2,3,7,1,1,-70,0,806,14755,6,100,4,0,0
267,7,4,768,0,20,2,2,7,1,1,-70,3,1054,15406,14,100,2,0,0
266,9,5,1024,10,12,5,3,6,1,2,-52,1,951,11310,6,100,4,0,0
268,1,0,256,0,5,0,0,4,0,0,0,10,1885,25783,100,100,2,0,0
267,2,1,512,10,20,3,1,5,1,2,-88,0,887,13180,17,100,4,0,0
269,5,4,768,10,21,4,1,6,1,1,-52,2,964,12748,16,100,1,0,0
270,4,1,512,0,20,3,2,7,2,1,-66,8,3325,26797,17,100,2,0,0
271,3,1,512,0,18,2,1,7,1,1,-64,0,559,8082,17,100,2,0,0
270,8,4,768,10,11,4,3,7,1,2,-52,1,1489,18487,7,100,3,0,0
271,13,8,1024,0,9,5,4,5,1,2,-70,0,731,10202,6,100,3,0,0
272,1,0,256,0,5,0,0,4,0,0,0,10,1011,10162,104,100,1,0,0
273,5,4,768,0,21,4,1,6,1,1,-52,2,693,7206,17,100,1,0,0
273,7,4,768,0,20,2,2,7,1,1,-70,3,848,10328,14,100,1,0,0
273,9,5,1024,0,13,5,3,6,1,2,-52,1,684,9532,7,100,3,0,0
273,12,7,1024,10,12,2,3,7,1,1,-70,0,811,11967,7,100,4,0,0
276,2,1,512,0,20,3,1,5,1,2,-88,0,621,11979,17,100,2,0,0
277,13,8,1024,0,10,5,4,5,1,2,-70,0,617,7733,6,100,3,0,0
277,7,4,768,0,21,2,2,7,1,1,-70,3,1033,7520,14,100,2,0,0
278,12,7,1024,0,13,2,3,7,1,1,-70,0,456,7086,7,100,2,0,0
279,4,1,512,0,21,3,2,7,2,1,-66,8,3343,23342,17,100,3,0,0
280,8,4,768,10,11,4,4,7,1,2,-52,1,1375,16106,7,100,4,0,0
282,5,4,768,0,22,4,1,6,1,1,-52,1,945,13422,17,100,3,0,0
281,3,1,512,0,20,2,1,7,1,1,-64,0,766,13839,17,100,3,0,0
282,13,8,1024,0,10,5,4,5,1,2,-70,0,401,5913,6,100,2,0,0
284,1,0,256,0,5,0,0,4,0,0,0,10,2041,25725,111,100,3,0,0
284,4,1,512,0,21,3,2,7,2,1,-66,8,1872,13326,18,100,1,0,0
284,7,4,768,0,21,2,2,7,1,1,-70,3,994,11579,15,100,1,0,0
284,2,1,512,10,21,3,1,5,1,2,-88,0,581,10901,18,100,2,0,0
285,9,5,1024,0,14,5,3,6,1,2,-52,0,866,13960,8,100,4,0,0
285,8,4,768,0,13,4,4,7,1,2,-52,1,1171,8963,8,100,2,0,0
287,5,4,768,0,22,4,1,6,1,1,-52,1,779,7263,18,100,1,0,0
289,12,7,1024,0,15,2,3,7,1,1,-70,0,1076,13549,8,100,4,0,0
289,13,8,1024,0,12,5,4,5,1,2,-70,0,1038,9358,7,100,3,0,0
290,2,1,512,10,21,3,1,5,1,2,-88,0,508,6908,18,100,1,0,0
292,7,4,768,0,22,2,2,7,1,1,-70,3,1081,12198,15,100,3,0,0
293,8,4,768,0,13,4,4,7,1,2,-52,1,747,11276,8,100,2,0,0
292,3,1,512,10,21,2,1,7,1,1,-64,0,649,12545,18,100,3,0,0
293,1,0,256,0,5,0,0,4,0,0,0,10,1264,19691,113,100,1,0,0
294,5,4,768,0,22,4,1,6,1,1,-52,1,447,10113,18,100,1,0,0
296,13,8,1024,0,12,5,4,5,1,2,-70,0,282,6891,7,100,1,0,0
296,4,1,512,0,22,3,2,7,2,1,-66,8,3955,29263,19,100,3,0,0
295,9,5,1024,0,16,5,3,6,1,2,-52,0,651,11940,8,100,4,0,0
300,2,1,512,0,21,3,1,5,1,2,-88,0,653,13141,19,100,2,0,0
301,5,4,768,20,22,4,1,6,1,1,-52,1,715,10890,19,100,1,0,0
298,7,4,768,10,23,2,2,7,1,1,-70,3,810,10298,16,100,2,0,0
301,1,0,256,0,5,0,0,4,0,0,0,10,1684,18250,121,100,2,0,0
303,8,4,768,0,13,4,5,7,1,2,-52,1,1088,15776,9,100,3,0,0
300,12,7,1024,0,16,2,3,7,1,1,-70,0,730,14159,9,100,4,0,0
303,3,1,512,0,22,2,1,7,1,1,-64,0,812,14039,19,100,3,0,0
304,4,1,512,0,23,3,2,7,2,1,-66,10,3261,22376,19,100,3,0,0
303,9,5,1024,0,16,5,3,6,1,2,-52,0,586,9699,9,100,3,0,0
305,13,8,1024,0,12,5,4,5,1,2,-70,0,765,11187,8,100,3,0,0
308,2,1,512,20,22,3,1,5,1,2,-88,0,1036,10357,20,100,2,0,0
309,4,1,512,0,24,3,2,7,2,1,-66,10,951,11377,20,100,1,0,0
310,5,4,768,0,23,4,1,6,1,1,-52,1,1316,15202,19,100,2,0,0
310,13,8,1024,0,12,5,4,5,1,2,-70,0,330,7025,8,100,1,0,0
310,9,5,1024,0,16,5,3,6,1,2,-52,0,327,8627,9,100,1,0,0
310,8,4,768,0,13,4,5,7,1,2,-52,1,842,12778,9,100,2,0,0
312,1,0,256,0,5,0,0,4,0,0,0,10,1561,21901,124,100,2,0,0
314,3,1,512,0,23,2,1,7,1,1,-64,0,763,14177,20,100,2,0,0
315,5,4,768,0,23,4,1,6,1,1,-52,1,693,7829,19,100,1,0,0
315,2,1,512,0,23,3,1,5,1,2,-88,0,633,9293,20,100,2,0,0
317,4,1,512,40,25,3,2,7,1,1,-66,10,2484,18622,20,100,2,0,0
315,13,8,1024,10,12,5,4,5,1,2,-70,0,340,5574,9,100,1,0,0
315,9,5,1024,0,16,5,3,6,1,2,-52,0,363,5799,10,100,1,0,0
319,13,8,1024,0,13,5,4,5,1,2,-70,0,407,5619,9,100,2,0,0
320,9,5,1024,0,16,5,3,6,1,2,-52,0,304,6047,10,100,1,0,0
320,2,1,512,10,23,3,1,5,1,2,-88,1,577,6750,20,100,1,0,0
321,8,4,768,0,13,4,5,7,1,2,-52,1,1250,17048,10,100,3,0,0
323,1,0,256,0,5,0,0,4,0,0,0,10,1863,22048,129,100,2,0,0
324,3,1,512,0,23,2,1,7,1,1,-64,0,521,12543,20,100,2,0,0
324,5,4,768,0,23,4,1,6,1,1,-52,1,970,14699,20,100,2,0,0
325,4,1,512,0,26,3,2,7,1,1,-66,10,2156,20056,21,100,3,0,0
325,13,8,1024,10,13,5,4,5,1,2,-70,0,281,6497,9,100,1,0,0
328,8,4,768,0,14,4,5,7,1,2,-52,1,902,10948,11,100,2,0,0
328,9,5,1024,0,17,5,3,6,1,2,-52,0,746,10789,11,100,3,0,0
329,2,1,512,0,23,3,1,5,1,2,-88,1,750,11476,21,100,2,0,0
332,13,8,1024,0,14,5,4,5,1,2,-70,0,1100,9600,10,100,2,0,0
331,3,1,512,10,24,2,1,7,1,1,-64,0,504,9097,21,100,2,0,0
331,5,4,768,10,23,4,1,6,1,1,-52,1,922,11448,21,100,1,0,0
334,4,1,512,0,26,3,2,7,1,1,-66,10,2449,20711,21,100,1,0,0
334,1,0,256,0,5,0,0,4,0,0,0,10,1944,21153,136,100,2,0,0
336,3,1,512,0,24,2,1,7,1,1,-64,0,304,6409,21,100,1,0,0
337,9,5,1024,0,18,5,3,6,1,2,-52,0,831,10619,11,100,2,0,0
336,2,1,512,10,23,3,1,5,1,2,-88,1,582,8356,21,100,1,0,0
339,1,0,256,0,5,0,0,4,0,0,0,10,489,8751,137,100,1,0,0
338,8,4,768,0,15,4,5,7,1,2,-52,1,1478,16601,11,100,3,0,0
340,13,8,1024,0,14,5,4,5,1,2,-70,0,583,9988,10,100,2,0,0
340,5,4,768,0,24,4,1,6,1,1,-52,1,805,13470,21,100,2,0,0
342,4,1,512,0,27,3,2,7,1,1,-66,10,1799,19726,22,100,3,0,0
344,8,4,768,20,15,4,5,7,1,2,-52,1,908,9580,12,100,1,0,0
344,13,8,1024,0,14,5,4,5,1,2,-70,0,314,5123,11,100,1,0,0
347,2,1,512,20,25,3,1,6,1,2,-88,2,1407,15225,22,100,4,0,0
348,3,1,512,10,26,2,1,7,1,1,-64,0,749,13999,22,100,4,0,0
347,9,5,1024,0,18,5,3,6,1,2,-52,0,646,11809,12,100,2,0,0
349,1,0,256,0,5,0,0,4,0,0,0,10,1559,19774,143,100,1,0,0
352,4,1,512,10,27,3,2,7,1,1,-66,10,2451,22157,22,100,1,0,0
350,5,4,768,0,24,4,1,6,1,1,-52,1,1025,15549,22,100,2,0,0
351,8,4,768,0,15,4,5,7,1,2,-52,1,727,11871,12,100,1,0,0
353,13,8,1024,0,14,5,4,5,1,2,-70,0,623,11400,11,100,2,0,0
355,1,0,256,0,5,0,0,4,0,0,0,10,584,8491,143,100,1,0,0
353,9,5,1024,0,18,5,3,6,1,2,-52,0,282,6787,12,100,1,0,0
355,3,1,512,10,26,2,1,7,1,1,-64,0,334,7863,22,100,1,0,0
356,2,1,582,0,25,3,1,6,1,2,-88,2,625,11820,23,100,1,0,0
358,8,4,768,0,15,4,5,7,1,2,-52,1,696,10402,13,100,2,0,0
359,5,4,768,0,24,4,1,6,1,1,-52,1,914,13946,22,100,2,0,0
361,4,1,512,10,28,3,2,7,1,1,-66,10,2297,21998,23,100,3,0,0
360,13,8,1024,0,14,5,4,5,1,2,-70,0,572,9826,12,100,2,0,0
361,9,5,1024,0,18,5,3,6,1,2,-52,0,485,8897,13,100,2,0,0
363,1,0,256,0,5,0,0,4,0,0,0,10,1710,16848,150,100,2,0,0
364,3,1,512,0,27,2,1,7,1,1,-64,0,679,11239,23,100,3,0,0
364,5,4,768,0,24,4,1,6,1,1,-52,1,545,6572,23,100,1,0,0
364,8,4,768,0,15,4,5,7,1,2,-52,1,837,9573,13,100,0,0,0
365,9,5,1024,0,18,5,3,6,1,2,-52,0,280,5436,13,100,1,0,0
366,2,1,512,0,27,3,1,6,1,2,-88,2,829,12268,23,100,3,0,0
368,1,0,256,0,5,0,0,4,0,0,0,10,496,8404,150,100,1,0,0
370,13,8,1024,0,14,5,4,5,1,2,-70,0,334,9858,12,100,1,0,0
371,4,1,512,10,29,3,2,7,1,1,-66,9,2643,24369,24,100,2,0,0
370,5,4,768,0,24,4,1,6,1,1,-52,1,596,10226,23,100,1,0,0
374,8,4,768,10,15,4,6,7,1,2,-52,1,984,15003,14,100,3,0,0
374,3,1,512,0,27,2,1,7,1,1,-64,0,600,13418,24,100,2,0,0
373,9,5,1024,0,19,5,3,6,1,2,-52,0,739,10038,14,100,2,0,0
374,13,8,1024,0,14,5,4,5,1,2,-70,0,314,5520,13,100,1,0,0
345,6,2,896,50,1,1,6,2,0,1,-52,0,1140,9909,1,100,8,0,0
350,6,2,896,70,2,1,6,2,0,1,-52,0,584,4862,1,100,4,0,0
378,4,1,512,0,29,3,2,7,1,1,-66,9,2216,17483,24,100,1,0,0
378,2,1,512,20,27,3,1,6,1,2,-88,2,1574,18478,24,100,2,0,0
379,1,0,256,0,5,0,0,4,0,0,0,10,1958,21159,158,100,2,0,0
378,5,4,768,0,24,4,1,6,1,1,-52,1,1116,13066,24,100,1,0,0
357,6,2,896,70,2,1,6,2,0,1,-52,0,711,5682,1,100,5,0,0
380,8,4,768,0,15,4,6,7,1,2,-52,2,897,9879,14,100,1,0,0
381,13,8,1024,0,15,5,4,5,1,2,-70,0,693,9032,13,100,3,0,0
366,6,2,896,100,3,1,6,3,0,1,-52,0,707,8056,2,100,6,0,0
383,1,0,256,0,5,0,0,4,0,0,0,10,374,7321,159,100,0,0,0
372,6,2,896,90,3,1,6,3,0,1,-52,0,266,4530,2,100,2,0,0
377,6,2,768,60,3,1,6,3,1,1,-52,0,1196,5873,3,100,3,0,0
384,3,1,512,0,28,2,1,7,1,1,-64,0,877,11695,24,100,2,0,0
384,5,4,768,0,24,4,1,6,1,1,-52,1,470,8575,24,100,1,0,0
385,8,4,768,0,15,4,6,7,1,2,-52,2,489,6678,14,100,1,0,0
385,9,5,1024,0,20,5,3,6,1,2,-52,0,1062,13764,14,100,2,0,0
386,4,1,512,10,29,3,2,7,1,1,-66,9,1631,17594,24,100,2,0,0
386,13,8,1024,0,15,5,4,5,1,2,-70,0,282,5063,13,100,1,0,0
387,2,1,512,50,28,3,1,6,1,2,-88,3,2519,16923,25,100,3,0,0
384,6,2,768,0,4,1,6,3,1,1,-52,0,1221,9163,3,100,4,0,0
391,1,0,256,0,5,0,0,4,0,0,0,10,1802,17075,167,100,2,0,0
392,3,1,512,0,29,2,1,7,1,1,-64,0,820,10706,25,100,2,0,0
392,5,4,768,0,24,4,1,6,1,1,-52,1,925,12405,25,100,2,0,0
393,2,1,512,0,28,3,1,6,1,2,-88,3,777,9399,25,100,1,0,0
393,8,4,768,0,16,4,7,7,1,2,-52,2,1655,13925,15,100,3,0,0
393,4,1,512,20,29,3,2,7,1,1,-66,9,2002,19014,25,100,1,0,0
393,13,8,1024,0,15,5,4,6,1,2,-70,0,558,9577,14,100,1,0,0
392,9,5,1024,10,20,5,3,6,1,2,-52,0,592,9394,15,100,2,0,0
394,6,2,768,0,7,1,6,4,1,1,-52,0,845,9622,4,100,4,0,0
396,9,5,1024,0,20,5,3,6,1,2,-52,0,209,5283,15,100,0,0,0
396,5,4,768,10,25,4,1,6,1,1,-52,1,770,7328,25,100,0,0,0
400,3,1,512,0,30,2,1,7,1,1,-64,0,433,9525,25,100,2,0,0
401,1,0,256,0,5,0,0,4,0,0,0,10,1164,16874,169,100,2,0,0
402,5,4,768,0,25,4,1,6,1,1,-52,1,798,8988,25,100,1,0,0
402,8,4,768,10,17,4,7,7,1,2,-52,2,722,14032,15,100,2,0,0
404,2,1,642,0,28,3,1,6,1,2,-88,4,1344,17781,26,100,2,0,0
404,13,8,1024,10,18,5,4,6,1,2,-70,0,802,12414,15,100,4,0,0
405,4,1,512,10,29,3,2,7,1,1,-66,9,2612,26345,26,100,2,0,0
405,9,5,1024,0,20,5,3,6,1,2,-52,0,597,10610,16,100,2,0,0
407,6,2,768,10,8,1,6,5,1,1,-52,0,1475,12474,5,100,6,0,0
407,8,4,768,0,18,4,7,7,1,2,-52,2,909,8944,16,100,2,0,0
409,3,1,512,0,31,2,1,7,1,1,-64,0,710,12135,26,100,3,0,0
410,4,1,512,0,29,3,2,7,1,1,-66,9,1298,13162,26,100,1,0,0
410,1,0,256,0,5,0,0,4,0,0,0,10,1491,18689,176,100,1,0,0
410,5,4,768,0,25,4,1,6,1,1,-52,1,798,11629,26,100,2,0,0
411,13,8,1024,0,18,5,4,6,1,2,-70,0,531,9600,15,100,1,0,0
415,1,0,256,0,5,0,0,4,0,0,0,10,570,8026,177,100,1,0,0
415,2,1,656,10,28,3,1,6,1,2,-88,4,1560,19234,27,100,2,0,0
415,8,4,768,0,18,4,7,7,1,2,-52,2,746,11699,16,100,2,0,0
415,3,1,512,10,32,2,1,7,1,1,-64,0,429,8211,26,100,2,0,0
417,4,1,512,20,30,3,2,7,1,1,-66,9,1272,13896,27,100,2,0,0
416,9,5,1024,10,20,5,3,6,1,2,-52,0,507,12807,17,100,2,0,0
419,1,0,256,0,5,0,0,4,0,0,0,10,995,9239,182,100,1,0,0
418,13,8,1024,0,19,5,4,6,1,2,-70,0,560,8074,16,100,3,0,0
419,6,2,768,10,10,1,6,5,1,1,-52,0,869,11145,5,100,6,0,0
420,5,4,768,10,25,4,1,6,1,1,-52,1,1034,16279,27,100,2,0,0
424,1,0,256,0,5,0,0,4,0,0,0,10,724,7659,184,100,1,0,0
424,4,1,512,30,30,3,2,7,1,1,-66,9,2462,19867,27,100,2,0,0
423,9,5,1024,0,20,5,3,6,1,2,-52,0,335,8702,17,100,1,0,0
424,13,8,1024,0,19,5,4,6,1,2,-70,0,541,7649,16,100,1,0,0
426,3,1,512,0,32,2,1,7,1,1,-64,0,529,11452,27,100,2,0,0
425,6,2,768,0,11,1,6,5,1,1,-52,0,608,6970,6,100,3,0,0
425,5,4,768,0,25,4,1,6,1,1,-52,1,760,7449,27,100,1,0,0
426,2,1,630,20,28,3,1,6,1,2,-88,6,2161,19145,27,100,2,0,0
427,8,4,768,0,20,4,7,7,1,2,-52,2,1629,18901,17,100,4,0,0
428,1,0,256,0,5,0,0,4,0,0,0,10,541,8050,184,100,0,0,0
429,4,1,512,0,30,3,2,7,1,1,-66,9,989,10590,27,100,0,0,0
428,13,8,1024,0,19,5,4,6,1,2,-70,0,258,4839,16,100,1,0,0
431,3,1,512,0,33,2,1,7,1,1,-64,0,381,5765,27,100,2,0,0
432,8,4,768,0,20,4,8,7,1,2,-52,2,700,8589,17,100,2,0,0
434,4,1,512,0,30,3,2,7,1,1,-66,9,1272,11408,28,100,1,0,0
434,6,2,768,0,11,1,6,5,1,1,-52,0,447,8013,6,100,2,0,0
434,9,5,1024,0,20,5,3,6,1,2,-52,0,603,12897,18,100,2,0,0
436,3,1,512,0,33,2,1,7,1,1,-64,0,354,6497,28,100,1,0,0
437,2,1,533,0,29,3,1,6,1,2,-88,6,1993,20030,28,100,2,0,0
436,5,4,768,0,25,4,1,6,1,1,-52,1,1184,17086,28,100,2,0,0
437,13,8,1024,0,20,5,4,6,1,2,-70,0,949,10635,17,100,1,0,0
438,1,0,256,0,5,0,0,4,0,0,0,10,1881,20317,192,100,3,0,0
439,4,1,512,20,31,3,3,7,1,1,-66,9,1878,12808,28,100,2,0,0
437,8,4,768,0,21,4,8,7,1,2,-52,2,1019,9352,18,100,1,0,0
441,9,5,1024,0,20,5,3,6,1,2,-52,0,282,7506,18,100,1,0,0
442,3,1,512,0,34,2,1,7,1,1,-64,0,600,8049,28,100,2,0,0
442,6,2,768,0,12,1,6,5,1,1,-52,0,556,7641,7,100,3,0,0
444,2,1,514,50,30,3,1,6,1,2,-88,6,1430,15679,29,100,2,0,0
443,5,4,768,0,26,4,1,6,1,1,-52,1,644,10035,28,100,2,0,0
405,7,2,896,60,34,4,2,7,0,2,-70,6,1073,17120,23,100,5,0,0
445,4,1,512,10,31,3,3,7,1,1,-66,9,1458,14012,29,100,1,0,0
413,7,2,896,80,34,4,2,7,0,2,-70,7,503,11835,23,100,1,0,0
423,7,2,896,60,36,4,2,7,0,2,-70,7,920,14773,24,100,4,0,0
429,7,2,896,90,36,4,2,7,0,2,-70,6,373,8924,25,100,1,0,0
448,3,1,512,10,34,2,1,7,1,1,-64,0,480,8049,29,100,1,0,0
444,8,4,768,20,22,4,8,7,1,2,-52,2,870,9207,18,100,2,0,0
436,7,2,896,80,36,4,2,7,0,2,-70,6,211,8435,25,100,1,0,0
443,13,8,1024,0,20,5,4,6,1,2,-70,0,380,7560,17,100,2,0,0
446,9,5,1024,0,20,5,3,6,1,2,-52,0,360,6796,19,100,1,0,0
450,1,0,256,0,7,0,0,4,0,0,0,9,2192,23711,199,100,4,0,0
447,7,2,768,0,38,4,2,7,1,2,-70,6,1540,15791,26,100,4,0,0
448,8,4,768,0,22,4,8,7,1,2,-52,2,755,7817,18,100,1,0,0
448,6,2,768,0,12,1,6,5,1,1,-52,0,375,5268,7,100,2,0,0
451,5,4,768,0,27,4,1,6,1,1,-52,1,1067,12290,28,100,2,0,0
454,4,1,512,20,31,4,3,7,1,1,-66,9,3208,22776,29,100,2,0,0
452,9,5,1024,0,20,5,3,6,1,2,-52,0,332,6601,19,100,1,0,0
452,13,8,1024,0,21,5,4,6,1,2,-70,0,652,10394,18,100,2,0,0
455,2,1,512,20,30,4,1,6,1,2,-88,5,3818,24863,29,100,3,0,0
456,7,2,768,0,39,4,2,7,1,2,-70,6,716,13966,26,100,3,0,0
457,1,0,256,0,7,0,0,4,0,0,0,9,1256,13027,203,100,1,0,0
455,6,2,768,10,12,1,6,5,1,1,-52,0,455,7273,8,100,2,0,0
456,9,5,1024,0,20,5,3,6,1,2,-52,0,391,5509,19,100,1,0,0
458,5,4,768,0,27,4,1,6,1,1,-52,1,1115,10146,29,100,2,0,0
457,3,1,512,10,34,3,1,7,1,1,-64,0,928,12928,29,100,2,0,0
461,8,4,768,0,22,4,8,7,1,2,-52,2,1364,18130,19,100,2,0,0
461,4,1,512,0,31,4,3,7,1,1,-66,9,1587,17115,30,100,1,0,0
462,2,1,604,10,30,4,1,6,1,2,-88,5,1633,14449,30,100,1,0,0
462,9,5,1024,0,20,5,3,6,1,2,-52,0,364,6289,20,100,1,0,0
464,1,0,256,0,8,0,0,4,0,0,0,9,1469,14658,209,100,2,0,0
462,13,8,1024,10,21,5,4,6,1,2,-70,0,780,13265,19,100,2,0,0
464,3,1,512,0,36,3,1,7,1,1,-64,0,730,8946,30,100,2,0,0
464,6,2,768,0,12,1,6,5,1,1,-52,0,496,8632,8,100,2,0,0
466,5,4,768,0,27,4,1,6,1,1,-52,1,801,12416,29,100,1,0,0
468,8,4,768,0,23,4,8,7,1,2,-52,2,1275,12544,20,100,1,0,0
469,4,1,512,10,31,5,4,7,1,1,-66,9,2110,18601,30,100,3,0,0
467,7,2,768,0,41,4,2,7,1,2,-70,6,1337,17369,27,100,3,0,0
471,1,0,256,0,9,0,0,4,0,0,0,9,1078,12610,212,100,2,0,0
470,5,4,768,0,28,4,1,6,1,1,-52,1,549,7873,30,100,2,0,0
471,2,1,592,30,31,5,1,6,1,2,-88,5,2171,18301,30,100,1,0,0
471,13,8,1024,0,21,5,4,6,1,2,-70,0,780,11305,19,100,2,0,0
472,9,5,1024,0,21,5,3,6,1,2,-52,0,770,12235,20,100,2,0,0
473,4,1,512,30,31,5,4,7,1,1,-66,9,993,10110,30,100,0,0,0
472,6,2,768,0,13,1,6,5,1,1,-52,0,556,7777,9,100,3,0,0
472,8,4,768,10,23,4,9,7,1,2,-52,2,521,6859,20,100,2,0,0
475,3,1,512,0,36,4,1,7,1,1,-64,0,612,13274,30,100,2,0,0
477,9,5,1024,0,21,5,3,7,1,2,-52,0,390,6415,21,100,1,0,0
478,4,1,512,0,31,5,4,7,1,1,-66,9,1181,10803,31,100,1,0,0
479,7,2,768,0,41,4,2,7,1,2,-70,6,587,15695,28,100,2,0,0
478,5,4,768,0,29,4,1,6,1,1,-52,1,1231,13471,30,100,2,0,0
481,2,1,540,40,31,5,1,6,1,2,-88,5,2214,20267,31,100,2,0,0
482,1,0,256,0,10,0,0,4,0,0,0,9,2326,22691,220,100,3,0,0
481,9,5,1024,0,21,5,3,7,1,2,-52,0,470,6174,21,100,1,0,0
481,13,8,1024,0,22,5,4,6,1,2,-70,0,1095,13525,20,100,2,0,0
482,6,2,768,0,15,1,6,5,1,1,-52,0,1381,10678,10,100,3,0,0
482,8,4,768,0,24,4,9,7,1,2,-52,2,1316,17937,21,100,3,0,0
484,7,2,768,0,41,4,2,7,1,2,-70,6,458,6670,28,100,1,0,0
485,4,1,512,0,32,5,4,7,1,1,-66,9,2171,18795,31,100,2,0,0
485,3,1,512,0,36,4,1,7,1,1,-64,0,691,13608,31,100,2,0,0
446,10,7,1280,100,12,3,5,7,0,1,-70,2,246,4820,12,100,2,0,0
452,10,7,1280,100,12,3,5,7,0,1,-70,2,266,4633,12,100,2,0,0
486,13,8,1024,0,22,5,4,6,1,2,-70,0,423,6213,20,100,1,0,0
488,1,0,256,0,10,0,0,4,0,0,0,9,837,12431,222,100,1,0,0
489,5,4,768,0,29,4,1,6,1,1,-52,1,838,15826,31,100,1,0,0
491,7,2,768,0,41,4,2,7,1,2,-70,6,859,10330,29,100,1,0,0
490,9,5,1024,0,21,5,3,7,1,2,-52,0,384,10263,22,100,1,0,0
466,10,7,1152,90,13,3,5,7,0,1,-70,2,328,4731,13,100,1,0,0
491,6,2,768,0,15,1,6,5,1,1,-52,0,451,8796,10,100,2,0,0
493,2,1,512,20,31,5,1,6,1,2,-88,5,3758,26358,32,100,2,0,0
493,4,1,512,0,32,5,4,7,1,1,-66,9,1749,18049,32,100,1,0,0
494,1,0,256,0,11,0,0,4,0,0,0,9,1305,12375,228,100,2,0,0
494,3,1,512,0,36,4,1,7,1,1,-64,0,595,11599,32,100,2,0,0
494,8,4,768,0,24,4,9,7,1,2,-52,2,914,17072,21,100,2,0,0
495,13,8,1024,0,22,5,4,6,1,2,-70,0,418,10130,21,100,1,0,0
495,9,5,1024,0,21,5,3,7,1,2,-52,0,334,6520,22,100,1,0,0
499,2,1,512,30,31,6,1,6,1,2,-88,5,1412,12620,32,100,1,0,0
498,4,1,512,20,32,6,4,7,1,1,-66,9,1730,12620,32,100,1,0,0
497,5,4,768,0,30,4,1,6,1,1,-52,1,1126,13324,32,100,2,0,0
499,7,2,768,0,42,4,2,7,1,2,-70,6,808,10632,29,100,2,0,0
498,6,2,768,0,16,1,6,5,1,1,-52,0,589,6760,11,100,3,0,0
503,4,1,512,0,32,6,4,7,1,1,-66,9,735,11122,32,100,1,0,0
503,2,1,522,60,32,6,1,6,1,2,-88,5,1487,9551,33,100,1,0,0
504,5,4,768,10,30,4,1,6,1,1,-52,1,593,8173,32,100,2,0,0
504,3,1,512,0,36,5,1,7,1,1,-64,0,532,12206,32,100,1,0,0
503,9,5,1024,0,21,5,3,7,1,2,-52,0,527,8974,22,100,2,0,0
503,13,8,1024,0,22,5,4,6,1,2,-70,0,335,9977,21,100,1,0,0
503,6,2,768,0,16,1,6,5,1,1,-52,0,327,4676,11,100,1,0,0
506,1,0,256,0,11,0,0,4,0,0,0,9,1943,22098,234,100,2,0,0
505,8,4,768,10,25,4,10,7,1,2,-52,2,1667,18832,22,100,3,0,0
508,2,1,512,10,32,6,1,6,1,2,-88,5,1326,9502,33,100,1,0,0
509,4,1,512,10,32,6,4,7,1,1,-66,9,2027,15834,33,100,1,0,0
509,3,1,512,0,36,5,1,7,1,1,-64,0,452,7189,33,100,2,0,0
510,1,0,256,0,11,0,0,4,0,0,0,9,928,9233,237,100,1,0,0
510,7,2,768,0,42,4,2,7,1,2,-70,6,647,14080,30,100,2,0,0
511,5,4,768,10,30,4,1,6,1,1,-52,1,953,13065,33,100,2,0,0
512,9,5,1024,0,22,5,3,7,1,2,-52,0,629,11024,23,100,2,0,0
513,2,1,512,10,32,6,1,6,1,2,-88,5,1020,10981,33,100,1,0,0
514,6,2,768,0,16,1,6,5,1,1,-52,0,528,10830,12,100,2,0,0
514,1,0,256,0,11,0,0,4,0,0,0,10,637,7658,239,100,1,0,0
516,4,1,512,30,32,6,4,7,1,1,-66,10,1725,15697,33,100,1,0,0
511,13,8,1024,0,22,5,4,6,1,2,-70,0,785,10173,22,100,2,0,0
514,8,4,768,0,25,4,10,7,1,2,-52,3,1667,14781,23,100,2,0,0
517,3,1,512,0,37,5,1,7,1,1,-64,0,452,9663,33,100,2,0,0
517,7,2,768,0,42,4,2,7,1,2,-70,6,575,11511,30,100,2,0,0
515,13,8,1024,0,24,5,4,6,1,2,-70,0,681,5679,22,100,2,0,0
518,2,1,512,20,32,6,1,6,1,2,-88,5,1445,11483,33,100,1,0,0
521,5,4,768,0,31,4,1,6,1,1,-52,1,1436,16079,33,100,1,0,0
524,1,0,256,0,12,0,0,4,0,0,0,10,1854,19028,245,100,2,0,0
525,6,2,768,0,18,1,6,6,1,1,-52,0,764,10630,12,100,3,0,0
526,4,1,512,10,32,6,4,7,1,1,-66,10,2924,26529,34,100,2,0,0
525,3,1,512,0,37,5,1,7,1,1,-64,0,406,10111,34,100,1,0,0
523,9,5,1024,0,22,5,3,7,1,2,-52,0,583,14498,24,100,2,0,0
525,2,1,535,10,32,6,1,6,1,2,-88,5,1584,17332,34,100,1,0,0
527,8,4,768,0,26,4,11,7,1,2,-52,3,1246,18458,24,100,3,0,0
526,5,4,768,0,31,4,1,6,1,1,-52,1,798,8215,34,100,1,0,0
526,13,8,1024,0,24,5,4,7,1,2,-70,0,797,13599,23,100,2,0,0
528,9,5,1024,0,23,5,3,7,1,2,-52,0,748,5318,24,100,1,0,0
529,7,2,768,0,44,4,2,7,1,2,-70,6,1325,18657,31,100,3,0,0
530,3,1,512,0,38,5,1,7,1,1,-64,0,741,6231,34,100,1,0,0
530,13,8,1024,0,24,5,4,7,1,2,-70,0,259,4822,23,100,1,0,0
532,1,0,256,0,12,0,0,4,0,0,0,10,1422,15749,249,100,2,0,0
533,4,1,512,0,32,7,4,7,1,1,-66,10,1480,14991,34,100,1,0,0
534,8,4,768,0,26,4,11,7,1,2,-52,3,776,12002,24,100,2,0,0
536,3,1,512,0,38,5,1,7,1,1,-64,0,517,6391,34,100,1,0,0
534,6,2,768,0,18,1,6,6,1,1,-52,0,592,9307,13,100,2,0,0
537,2,1,512,10,32,6,1,6,1,2,-88,5,2179,21546,35,100,2,0,0
538,4,1,512,10,33,7,4,7,1,1,-66,10,1370,12419,35,100,1,0,0
537,5,4,768,0,31,4,1,6,1,1,-52,1,1164,17690,34,100,2,0,0
537,13,8,1024,10,24,5,4,7,1,2,-70,0,467,8565,24,100,1,0,0
538,7,2,768,0,45,4,2,7,1,2,-70,6,800,16639,32,100,3,0,0
539,9,5,1024,0,23,5,3,7,1,2,-52,0,882,14031,25,100,2,0,0
539,3,1,512,0,38,5,1,7,1,1,-64,0,465,5566,35,100,1,0,0
543,1,0,256,0,12,0,0,4,0,0,0,10,1920,21551,258,100,2,0,0
542,13,8,1024,10,24,5,4,7,1,2,-70,0,391,6401,24,100,1,0,0
543,8,4,768,0,26,4,11,7,1,2,-52,3,1163,14603,25,100,2,0,0
543,9,5,1024,0,23,5,3,7,1,2,-52,0,258,4821,25,100,1,0,0
544,2,1,512,10,32,6,1,6,1,2,-88,5,1034,13150,35,100,1,0,0
543,6,2,768,0,18,1,6,6,1,1,-52,0,566,8045,14,100,2,0,0
546,4,1,512,0,33,7,5,7,1,1,-66,10,2190,19328,35,100,2,0,0
547,9,5,1024,0,23,5,3,7,1,2,-52,0,256,5245,25,100,1,0,0
548,1,0,256,0,12,0,0,4,0,0,0,10,689,9437,259,100,1,0,0
549,8,4,768,0,26,4,11,7,1,2,-52,3,623,8535,25,100,1,0,0
549,5,4,768,0,33,4,1,6,1,1,-52,1,1775,18099,35,100,3,0,0
549,3,1,512,0,38,5,1,7,1,1,-64,0,558,12153,35,100,2,0,0
552,6,2,768,0,19,1,6,6,1,1,-52,0,404,7888,14,100,2,0,0
552,9,5,1024,0,23,5,3,7,1,2,-52,0,365,6204,26,100,1,0,0
551,7,2,768,0,46,4,2,7,1,2,-70,6,1023,17684,33,100,3,0,0
554,2,1,512,0,33,6,1,6,1,2,-88,5,2113,19868,36,100,3,0,0
556,3,1,512,0,38,5,1,7,1,1,-64,0,578,7751,36,100,1,0,0
556,1,0,256,0,12,0,0,4,0,0,0,10,1495,15605,265,100,2,0,0
556,4,1,512,30,33,7,5,7,1,1,-66,10,2820,24911,36,100,2,0,0
553,13,8,1024,0,24,5,4,7,1,2,-70,0,588,13768,25,100,2,0,0
557,5,4,768,0,33,4,1,6,1,1,-52,1,833,12243,36,100,2,0,0
558,8,4,768,0,26,4,11,7,1,2,-52,3,1168,15962,26,100,1,0,0
559,9,5,1024,0,23,5,3,7,1,2,-52,0,280,7862,26,100,1,0,0
562,6,2,768,0,20,1,6,6,1,1,-52,0,689,9325,15,100,3,0,0
562,4,1,512,0,33,7,5,7,1,1,-66,10,1583,13477,36,100,2,0,0
563,2,1,512,0,33,6,1,6,1,2,-88,5,1447,16771,36,100,2,0,0
564,1,0,256,0,12,0,0,4,0,0,0,10,1088,14097,269,100,1,0,0
566,3,1,512,0,38,5,1,7,1,1,-64,1,744,13105,36,100,2,0,0
565,8,4,768,0,26,4,11,7,1,2,-52,3,626,9605,26,100,2,0,0
565,13,8,1024,0,24,5,4,7,1,2,-70,0,576,14024,25,100,2,0,0
568,2,1,512,0,33,6,1,6,1,2,-88,5,493,8642,37,100,1,0,0
566,9,5,1024,10,23,5,3,7,1,2,-52,0,364,7782,27,100,1,0,0
567,5,4,768,0,33,4,1,6,1,1,-52,1,945,14799,36,100,1,0,0
571,6,2,768,0,20,1,6,6,1,1,-52,0,476,8662,15,100,2,0,0
571,5,4,768,0,34,4,1,6,1,1,-52,1,545,6952,37,100,2,0,0
573,1,0,256,0,13,0,0,4,0,0,0,10,1765,17454,275,100,2,0,0
573,4,1,512,10,33,7,5,7,1,1,-66,10,2703,26343,37,100,2,0,0
572,13,8,1024,0,25,5,4,7,1,2,-70,0,547,9412,26,100,1,0,0
573,9,5,1024,0,23,5,3,7,1,2,-52,0,564,8742,27,100,2,0,0
577,3,1,512,0,38,6,2,7,1,1,-64,1,656,14310,37,100,3,0,0
576,8,4,768,0,27,4,11,7,1,2,-52,3,1394,17323,27,100,2,0,0
579,2,1,512,20,34,7,1,6,1,2,-88,5,1283,20724,38,100,2,0,0
577,6,2,768,0,22,1,6,6,1,1,-52,0,888,6603,16,100,2,0,0
579,9,5,1024,0,23,5,3,7,1,2,-52,0,336,7289,28,100,1,0,0
580,4,1,512,10,33,8,5,7,1,1,-66,10,2047,17808,37,100,1,0,0
582,1,0,256,0,14,0,0,4,0,0,0,10,1302,16466,278,100,3,0,0
582,6,2,768,0,22,1,6,6,1,1,-52,0,518,5160,16,100,1,0,0
583,8,4,768,0,27,4,12,7,1,2,-52,3,471,10372,27,100,2,0,0
582,13,8,1024,0,25,5,4,7,1,2,-70,0,967,12495,26,100,2,0,0
585,2,1,512,0,34,7,1,6,1,2,-88,5,1239,11197,38,100,1,0,0
584,5,4,768,0,35,4,1,6,1,1,-52,1,1415,18569,37,100,3,0,0
585,3,1,512,0,39,6,2,7,1,1,-64,1,865,11279,38,100,1,0,0
589,1,0,256,0,14,0,0,4,0,0,0,10,1351,14037,283,100,1,0,0
591,4,1,512,10,33,8,5,7,1,1,-66,10,2493,23909,38,100,2,0,0
591,9,5,1024,0,23,5,3,7,1,2,-52,0,501,13483,28,100,2,0,0
590,6,2,768,0,23,1,6,6,1,1,-52,1,766,7941,17,100,2,0,0
591,8,4,768,0,27,4,12,7,1,2,-52,3,1092,13496,28,100,2,0,0
593,5,4,768,0,36,4,1,6,1,1,-52,1,1232,14851,38,100,3,0,0
594,2,1,512,0,34,7,1,6,1,2,-88,6,1520,19244,39,100,2,0,0
594,3,1,512,10,39,6,2,7,1,1,-64,1,715,10236,38,100,2,0,0
594,13,8,1024,0,25,5,4,7,1,2,-70,0,849,14453,27,100,2,0,0
600,1,0,256,0,15,0,0,4,0,0,0,10,1603,20366,288,100,3,0,0
600,4,1,512,10,34,8,5,7,1,1,-66,10,2296,21928,39,100,2,0,0
600,5,4,768,0,37,4,1,6,1,1,-52,1,810,11036,38,100,1,0,0
601,2,1,512,10,34,7,1,6,1,2,-88,6,798,12599,39,100,1,0,0
600,6,2,768,0,23,1,6,6,1,1,-52,1,559,9531,17,100,2,0,0
601,9,5,1024,0,24,5,3,7,1,2,-52,0,1070,11893,29,100,2,0,0
602,8,4,768,0,28,4,12,7,1,2,-52,3,1201,16444,29,100,2,0,0
604,3,1,512,0,40,6,2,7,1,1,-64,1,970,13395,39,100,2,0,0
603,13,8,1024,10,25,5,4,7,1,2,-70,0,391,9645,28,100,1,0,0
606,2,1,512,10,38,7,1,6,1,2,-88,6,1413,11140,39,100,1,0,0
581,7,3,896,70,48,6,2,7,0,3,-52,6,465,15783,35,100,3,0,0
607,1,0,256,0,15,0,0,4,0,0,0,10,1402,13576,291,100,2,0,0
591,7,3,896,70,50,6,2,7,0,3,-52,6,354,13172,35,100,2,0,0
606,5,4,768,0,39,4,1,6,1,1,-52,1,1107,10922,39,100,2,0,0
597,7,3,896,70,50,6,2,7,0,3,-52,6,534,7829,36,100,1,0,0
603,7,3,896,60,50,6,2,7,0,3,-52,6,362,8636,36,100,2,0,0
609,4,1,512,0,36,8,5,7,1,1,-66,10,2855,23240,39,100,1,0,0
606,6,2,768,0,24,1,6,6,1,1,-52,1,553,6189,18,100,1,0,0
611,7,3,768,0,52,6,2,7,1,3,-52,6,1275,12798,37,100,2,0,0
613,3,1,512,20,42,6,2,7,1,1,-64,1,2203,16014,40,100,1,0,0
613,2,1,588,20,39,7,1,6,1,2,-88,6,1424,13288,40,100,1,0,0
611,8,4,768,0,31,4,12,7,1,2,-52,3,1013,13990,29,100,2,0,0
612,9,5,1024,0,28,5,3,7,1,2,-52,0,940,13230,30,100,2,0,0
612,13,8,1024,0,26,5,4,7,1,2,-70,0,605,10968,28,100,2,0,0
617,1,0,256,0,15,0,0,4,0,0,0,10,2020,20549,298,100,1,0,0
617,7,3,768,0,54,6,2,7,1,3,-52,6,752,10258,37,100,2,0,0
582,10,6,1152,80,27,7,5,7,0,3,-52,2,579,6915,20,100,3,0,0
617,5,4,768,0,44,4,1,6,1,1,-52,1,1594,17975,40,100,2,0,0
619,4,1,512,10,38,8,5,7,1,1,-66,10,2721,24762,40,100,2,0,0
598,10,6,1152,100,27,7,5,7,0,3,-52,2,398,7807,21,100,2,0,0
622,3,1,512,0,46,6,2,7,1,1,-64,1,1529,14842,40,100,2,0,0
622,1,0,256,0,15,0,0,4,0,0,0,10,984,9748,303,100,1,0,0
622,8,4,768,0,35,4,12,7,1,2,-52,3,1549,17356,30,100,2,0,0
622,13,8,1024,0,27,5,4,7,1,2,-70,0,723,12289,29,100,2,0,0
622,2,1,512,70,41,7,1,6,1,2,-88,5,2175,20318,40,100,2,0,0
622,9,5,1024,10,31,5,3,7,1,2,-52,0,772,12655,30,100,2,0,0
607,10,6,1152,90,29,7,5,7,0,3,-52,2,412,7716,22,100,2,0,0
622,5,4,768,0,47,4,1,6,1,1,-52,1,923,8252,40,100,1,0,0
616,10,6,1024,50,29,7,5,7,1,3,-52,2,1137,8911,22,100,2,0,0
627,9,5,1024,0,32,5,3,7,1,2,-52,0,484,6105,31,100,0,0,0
628,4,1,512,10,42,8,5,7,1,1,-66,10,2649,21378,41,100,2,0,0
628,1,0,256,0,15,0,0,4,0,0,0,10,1758,15333,309,100,1,0,0
621,6,2,768,0,27,1,6,6,1,1,-52,1,1690,9914,19,100,1,0,0
626,7,3,768,10,56,6,2,7,1,3,-52,6,696,13336,38,100,2,0,0
627,8,4,768,0,35,4,12,7,1,2,-52,3,542,8734,30,100,1,0,0
628,2,1,512,30,41,7,1,6,2,2,-88,5,1787,13827,41,100,1,0,0
629,3,1,512,10,50,6,2,7,1,1,-64,1,1858,14009,41,100,1,0,0
628,10,6,1024,10,33,7,5,7,1,3,-52,2,1371,12357,23,100,4,0,0
631,13,8,1024,30,30,5,4,7,1,2,-70,0,959,11431,30,100,3,0,0
631,6,2,768,0,31,1,6,6,1,1,-52,1,1561,14571,19,100,2,0,0
632,7,3,768,0,58,6,2,7,1,3,-52,6,601,8874,38,100,2,0,0
632,5,4,768,0,49,4,1,6,1,1,-52,1,1250,16110,41,100,2,0,0
633,2,1,512,0,44,7,1,6,2,2,-88,5,1596,11641,41,100,1,0,0
633,4,1,512,0,43,8,5,7,1,1,-66,10,1791,14765,41,100,1,0,0
635,1,0,256,0,15,0,0,4,0,0,0,10,1612,17214,313,100,2,0,0
634,10,6,1024,10,33,7,5,7,1,3,-52,2,369,5853,24,100,1,0,0
637,9,5,1024,0,35,5,3,7,1,2,-52,0,877,13782,31,100,2,0,0
638,7,3,768,0,60,6,2,7,1,3,-52,6,834,9092,39,100,1,0,0
636,8,4,768,20,40,4,12,7,1,2,-52,3,2226,16614,31,100,2,0,0
640,3,1,512,0,52,6,2,7,1,1,-64,1,1523,17030,41,100,2,0,0
640,2,1,512,20,46,7,1,6,2,2,-88,5,1621,13657,42,100,3,0,0
640,6,2,768,0,34,1,6,6,1,1,-52,1,1541,12855,20,100,1,0,0
635,13,8,1024,10,31,5,4,7,1,2,-70,0,485,5972,30,100,0,0,0
641,1,0,256,0,15,0,0,4,0,0,0,10,1089,12670,318,100,1,0,0
641,4,1,512,0,43,8,5,7,1,1,-66,10,1695,17703,41,100,1,0,0
642,10,6,1024,10,34,7,5,7,1,3,-52,2,880,8910,24,100,2,0,0
643,5,4,768,0,52,4,1,6,1,1,-52,1,1400,17449,41,100,2,0,0
644,9,5,1024,0,35,5,3,7,1,2,-52,0,599,9139,32,100,2,0,0
646,8,4,768,10,42,4,12,7,1,2,-52,3,1888,16488,32,100,2,0,0
646,6,2,768,0,37,1,6,6,1,1,-52,1,963,8303,20,100,2,0,0
647,1,0,256,0,15,0,0,4,0,0,0,10,995,12614,322,100,1,0,0
645,13,8,1024,20,33,5,4,7,1,2,-70,0,754,12397,31,100,2,0,0
648,5,4,768,0,53,4,1,6,1,1,-52,1,777,7057,42,100,1,0,0
647,2,1,512,20,47,7,1,6,2,2,-88,5,2008,15870,42,100,1,0,0
648,7,3,768,0,65,6,2,7,1,3,-52,6,1104,19178,39,100,3,0,0
650,3,1,512,0,53,6,2,7,1,1,-64,2,1530,19208,42,100,2,0,0
651,10,6,1024,0,36,7,5,7,1,3,-52,2,675,9359,25,100,2,0,0
653,4,1,512,20,45,8,5,7,1,1,-66,10,2879,27494,42,100,2,0,0
652,8,4,768,0,44,4,12,7,1,2,-52,3,1032,9687,32,100,1,0,0
652,9,5,1024,10,35,5,3,7,1,2,-52,0,280,8778,32,100,1,0,0
653,5,4,768,0,54,4,1,6,1,1,-52,1,596,7404,42,100,1,0,0
655,2,1,512,10,52,7,1,6,2,2,-88,5,2191,16434,42,100,2,0,0
656,6,2,768,0,42,2,6,6,1,1,-52,1,1750,14396,21,100,2,0,0
657,4,1,512,30,46,8,5,7,1,1,-66,10,1377,10340,43,100,1,0,0
657,1,0,256,0,15,0,0,4,0,0,0,10,2085,23557,329,100,2,0,0
656,13,8,1024,0,35,5,4,7,1,2,-70,0,1009,14088,31,100,2,0,0
657,7,3,768,0,70,6,2,7,1,3,-52,6,1141,17070,40,100,2,0,0
661,3,1,512,0,56,6,2,7,1,1,-64,2,1508,16107,43,100,2,0,0
661,8,4,768,0,45,4,12,7,1,2,-52,3,1212,15044,33,100,1,0,0
662,9,5,1024,0,38,5,3,7,1,2,-52,0,832,11614,33,100,2,0,0
662,2,1,512,0,54,7,1,6,2,2,-88,5,1405,15615,43,100,2,0,0
663,6,2,768,10,42,2,6,6,1,1,-52,1,693,8627,21,100,1,0,0
664,4,1,512,0,48,8,5,7,1,1,-66,10,2080,18963,43,100,2,0,0
664,5,4,768,0,56,4,1,6,1,1,-52,1,1355,18016,43,100,2,0,0
663,10,6,1024,0,41,7,5,7,1,3,-52,2,1364,12762,26,100,2,0,0
666,13,8,1024,0,37,5,4,7,1,2,-70,0,842,12075,32,100,2,0,0
667,2,1,544,10,54,7,1,6,2,2,-88,5,1166,9622,43,100,1,0,0
667,8,4,768,0,46,4,12,7,1,2,-52,3,886,10463,33,100,2,0,0
666,9,5,1024,0,40,5,3,7,1,2,-52,0,496,5892,33,100,1,0,0
668,1,0,256,0,15,0,0,4,0,0,0,10,1843,24029,335,100,2,0,0
667,7,3,768,0,74,6,2,7,1,3,-52,6,1119,18106,41,100,3,0,0
670,3,1,512,0,58,6,2,7,1,1,-64,2,1438,15644,43,100,2,0,0
670,6,2,768,0,45,2,6,6,1,1,-52,1,1275,10929,22,100,1,0,0
671,4,1,512,20,48,8,5,7,1,1,-66,10,1517,14311,44,100,1,0,0
671,10,6,1024,0,44,7,5,7,1,3,-52,2,1048,8606,26,100,2,0,0
673,2,1,521,0,55,7,1,6,2,2,-88,5,2057,14108,44,100,1,0,0
673,9,5,1024,0,42,5,3,7,1,2,-52,0,709,8858,34,100,1,0,0
674,5,4,768,0,58,4,1,6,1,1,-52,1,2047,17258,43,100,2,0,0
677,2,1,512,0,56,7,1,6,2,2,-88,5,459,7150,44,100,0,0,0
675,13,8,1024,10,39,5,4,7,1,2,-70,0,979,12084,33,100,2,0,0
677,6,2,768,20,48,2,6,6,1,1,-52,1,923,8709,22,100,1,0,0
679,8,4,768,0,47,4,12,7,1,2,-52,3,1449,17774,34,100,2,0,0
678,7,3,768,0,77,6,2,7,1,3,-52,6,1039,19114,41,100,2,0,0
680,1,0,256,0,16,0,0,4,0,0,0,10,2258,25147,343,100,3,0,0
680,4,1,512,0,53,8,5,7,1,1,-66,10,2967,24131,44,100,2,0,0
678,10,6,1024,0,46,7,5,7,1,3,-52,2,571,7046,27,100,2,0,0
682,3,1,512,0,59,6,3,7,1,1,-64,2,1116,17996,44,100,3,0,0
684,1,0,256,0,17,0,0,4,0,0,0,10,681,9788,345,100,2,0,0
684,4,1,512,40,55,8,5,7,1,1,-66,10,669,10052,44,100,1,0,0
686,3,1,512,10,61,6,3,7,1,1,-64,2,861,7516,44,100,1,0,0
684,6,2,768,0,51,2,6,6,1,1,-52,1,1511,11188,23,100,2,0,0
684,7,3,768,0,77,6,2,7,1,3,-52,6,394,10290,42,100,1,0,0
683,8,4,768,0,48,4,12,7,1,2,-52,3,353,6841,34,100,0,0,0
683,5,4,768,0,61,5,1,6,1,1,-52,1,1264,13708,44,100,3,0,0
684,9,5,1024,10,44,5,3,7,1,2,-52,0,751,12907,35,100,2,0,0
687,13,8,1024,30,41,5,4,7,1,2,-70,0,585,13178,34,100,2,0,0
687,5,4,768,0,64,5,1,6,1,1,-52,1,955,7189,44,100,1,0,0
689,2,1,571,30,61,8,1,6,2,2,-88,5,2863,24361,45,100,4,0,0
689,10,6,1024,10,52,7,5,7,1,3,-52,2,1346,10929,27,100,2,0,0
693,4,1,512,0,57,9,5,7,1,1,-66,10,3067,22838,45,100,3,0,0
694,8,4,768,10,48,5,12,7,1,2,-52,3,1416,17912,35,100,2,0,0
694,1,0,256,0,17,0,0,4,0,0,0,10,2207,23366,353,100,2,0,0
695,2,1,512,10,63,8,1,6,2,2,-88,5,1914,12988,45,100,1,0,0
695,9,5,1024,0,47,5,3,7,1,2,-52,0,825,13039,35,100,2,0,0
696,6,2,768,0,58,2,6,6,1,1,-52,1,2047,16591,24,100,2,0,0
696,7,3,768,0,80,6,2,7,1,3,-52,6,798,20282,42,100,2,0,0
697,5,4,768,0,68,5,1,6,1,1,-52,1,1410,15298,45,100,3,0,0
698,3,1,512,10,63,7,3,7,1,1,-64,2,1252,17595,45,100,2,0,0
698,13,8,1024,0,43,5,4,7,1,2,-70,0,1279,14994,34,100,2,0,0
700,8,4,768,10,50,5,12,7,1,2,-52,3,787,9664,35,100,1,0,0
701,1,0,256,0,18,0,0,4,0,0,0,10,1471,16378,359,100,2,0,0
700,10,6,1024,0,57,7,5,7,1,3,-52,2,1181,12852,28,100,2,0,0
702,2,1,512,10,65,8,1,6,2,2,-88,5,1994,16986,46,100,3,0,0
704,4,1,512,0,61,9,5,7,1,1,-66,10,2688,25803,46,100,3,0,0
703,9,5,1024,10,51,5,3,7,1,2,-52,0,866,10500,36,100,1,0,0
704,13,8,1024,10,47,5,4,7,1,2,-70,0,689,7280,35,100,1,0,0
706,3,1,512,0,64,7,3,7,1,1,-64,2,1146,13724,46,100,2,0,0
706,6,2,768,10,60,2,6,6,1,1,-52,1,1362,13563,24,100,2,0,0
707,2,1,582,10,65,8,1,6,2,2,-88,5,951,8490,46,100,1,0,0
707,8,4,768,0,52,5,12,7,1,2,-52,3,1391,12923,36,100,2,0,0
708,7,3,768,10,85,6,2,7,1,3,-52,6,1095,19790,43,100,3,0,0
710,10,6,1024,0,60,7,5,7,1,3,-52,2,936,8851,29,100,2,0,0
708,5,4,768,10,72,5,1,6,1,1,-52,1,1735,18553,46,100,2,0,0
711,3,1,512,0,65,7,3,7,1,1,-64,2,583,7802,46,100,0,0,0
709,9,5,1024,0,51,5,3,7,1,2,-52,0,390,7467,36,100,1,0,0
711,1,0,256,0,18,0,0,4,0,0,0,10,1591,21325,364,100,2,0,0
712,6,2,768,0,60,2,6,6,1,1,-52,1,686,7692,25,100,1,0,0
676,12,8,1152,80,37,5,4,7,0,2,-52,1,290,9767,34,100,2,0,0
712,2,1,512,0,65,8,1,6,2,2,-88,5,1165,11113,46,100,1,0,0
712,4,1,512,20,62,9,5,7,1,1,-66,10,2403,20724,46,100,1,0,0
686,12,8,1152,90,38,5,4,7,0,2,-52,1,719,11067,34,100,2,0,0
713,8,4,768,30,53,5,12,7,1,2,-52,3,1489,12030,36,100,1,0,0
690,12,8,1152,90,38,5,4,7,0,2,-52,1,153,4341,35,100,1,0,0
699,12,8,1152,100,38,5,4,7,0,2,-52,1,495,9909,35,100,1,0,0
714,5,4,768,0,74,5,1,6,1,1,-52,1,1017,9834,46,100,1,0,0
717,7,3,768,0,86,6,2,7,1,3,-52,6,754,16361,44,100,2,0,0
710,12,8,1152,100,38,5,5,7,0,2,-52,1,454,12206,36,100,3,0,0
715,9,5,1024,0,53,5,3,7,1,2,-52,0,574,7430,37,100,1,0,0
714,13,8,1024,10,50,5,4,7,1,2,-70,0,1020,12735,35,100,2,0,0
719,3,1,512,0,66,7,3,7,1,1,-64,2,1387,16047,47,100,2,0,0
720,10,6,1024,0,63,7,5,7,1,3,-52,2,887,10193,29,100,2,0,0
720,1,0,256,0,18,0,0,4,0,0,0,10,1647,20371,370,100,1,0,0
718,8,4,768,20,54,5,12,7,1,2,-52,3,1658,11094,37,100,1,0,0
722,6,2,768,0,65,2,6,6,1,1,-52,1,1589,14876,25,100,2,0,0
718,5,4,768,0,76,5,1,6,1,1,-52,1,680,7102,46,100,1,0,0
723,4,1,512,80,64,9,5,7,1,1,-66,10,4049,27284,47,100,2,0,0
720,13,8,1024,0,53,5,4,7,1,2,-70,0,865,8882,36,100,1,0,0
724,2,1,512,0,68,8,1,6,2,2,-88,5,2058,23577,47,100,2,0,0
720,9,5,1024,0,55,5,3,7,1,2,-52,0,470,6695,37,100,1,0,0
721,12,8,1024,0,44,5,6,7,1,2,-52,1,2104,17001,37,100,4,0,0
725,10,6,1024,0,63,7,5,7,1,3,-52,2,339,5249,30,100,1,0,0
722,8,4,768,10,54,5,12,7,1,2,-52,3,1040,9013,37,100,1,0,0
726,1,0,256,0,18,0,0,4,0,0,0,10,1424,13745,375,100,1,0,0
726,12,8,1024,0,46,5,6,7,1,2,-52,1,496,5449,37,100,2,0,0
728,8,4,768,10,57,5,13,7,1,2,-52,3,1149,10849,37,100,2,0,0
727,7,3,768,0,87,6,2,7,1,3,-52,6,1001,18203,44,100,2,0,0
727,5,4,768,0,79,5,1,6,1,1,-52,1,1328,14726,47,100,3,0,0
729,2,1,512,10,70,8,1,6,2,2,-88,5,1191,9623,47,100,2,0,0
727,13,8,1024,0,56,5,4,7,1,2,-70,0,1309,10620,36,100,1,0,0
730,9,5,1024,0,58,6,3,7,1,2,-52,0,928,12555,38,100,3,0,0
730,3,1,512,20,71,7,3,7,1,1,-64,2,1733,18557,48,100,2,0,0
732,12,8,1024,0,50,5,6,7,1,2,-52,1,1077,8341,37,100,2,0,0
733,4,1,512,0,66,9,5,7,2,1,-66,10,4241,29061,48,100,3,0,0
732,7,3,768,0,89,6,2,7,1,3,-52,6,889,9108,45,100,2,0,0
733,6,2,768,10,69,2,6,6,1,1,-52,1,1251,13794,26,100,3,0,0
735,2,1,512,0,72,8,1,6,1,2,-88,5,1055,12618,48,100,1,0,0
736,10,6,1024,0,66,7,5,7,1,3,-52,2,776,10635,30,100,2,0,0
736,5,4,768,0,80,5,1,6,1,1,-52,1,1087,12314,47,100,1,0,0
737,1,0,256,0,18,0,0,4,0,0,0,10,2367,28107,383,100,2,0,0
737,8,4,768,0,61,5,14,7,1,2,-52,3,2465,20508,38,100,2,0,0
736,3,1,512,10,74,7,3,7,1,1,-64,2,1180,10326,48,100,1,0,0
738,6,2,768,0,72,2,6,6,1,1,-52,1,881,6739,26,100,1,0,0
737,9,5,1024,0,59,6,3,7,1,2,-52,0,527,8190,38,100,1,0,0
739,13,8,1024,10,60,5,4,7,1,2,-70,0,1188,14577,37,100,3,0,0
739,4,1,512,10,71,9,5,7,2,1,-66,10,2236,15846,48,100,3,0,0
739,12,8,1024,0,53,5,7,7,1,2,-52,1,820,10162,38,100,3,0,0
741,5,4,768,0,81,6,1,6,1,1,-52,1,1156,8955,48,100,1,0,0
742,1,0,256,0,18,0,0,4,0,0,0,10,950,10789,386,100,1,0,0
741,8,4,768,0,63,6,14,7,1,2,-52,3,1162,9034,38,100,2,0,0
744,7,3,768,0,91,6,2,7,1,3,-52,6,1022,20296,45,100,3,0,0
743,2,1,512,20,75,8,1,6,1,2,-88,5,1422,14560,48,100,2,0,0
745,13,8,1024,0,62,5,4,7,1,2,-70,1,858,8052,37,100,3,0,0
746,12,8,1024,0,53,5,7,7,1,2,-52,1,408,7633,38,100,2,0,0
743,6,2,768,0,74,2,6,6,1,1,-52,1,838,8389,27,100,2,0,0
745,9,5,1024,0,62,6,3,7,1,2,-52,0,931,11174,39,100,3,0,0
746,3,1,512,0,78,7,3,7,1,1,-64,2,1761,17162,49,100,2,0,0
747,8,4,768,0,66,6,14,7,1,2,-52,4,1663,12982,39,100,2,0,0
749,1,0,256,0,18,0,0,4,0,0,0,10,2038,18584,394,100,1,0,0
744,10,6,1024,0,69,7,5,7,1,3,-52,2,1126,9226,31,100,2,0,0
750,4,1,512,0,75,9,5,7,2,1,-66,10,3948,28603,49,100,3,0,0
749,6,2,768,0,75,2,6,6,1,1,-52,1,650,7474,27,100,1,0,0
752,5,4,768,10,84,6,1,6,1,1,-52,1,1460,17922,48,100,2,0,0
753,2,1,512,40,81,8,1,6,1,2,-88,5,2969,21479,49,100,3,0,0
753,12,8,1024,0,55,5,7,7,1,2,-52,1,656,9427,39,100,1,0,0
755,8,4,768,20,68,6,14,7,1,2,-52,4,1758,14413,39,100,2,0,0
754,3,1,512,20,80,7,3,7,1,1,-64,2,745,11615,49,100,1,0,0
752,13,8,1024,0,64,6,4,7,1,2,-70,1,819,9558,38,100,2,0,0
754,7,3,768,0,93,6,3,7,1,3,-52,6,851,18048,46,100,4,0,0
757,5,4,768,0,84,6,1,6,1,1,-52,1,503,7044,49,100,1,0,0
756,4,1,512,10,75,9,5,7,2,1,-66,10,2043,15665,49,100,1,0,0
757,9,5,1024,0,66,6,3,7,1,2,-52,0,1234,14828,40,100,3,0,0
758,13,8,1024,10,64,6,4,7,1,2,-70,1,467,8424,38,100,1,0,0
760,1,0,256,0,18,0,0,4,0,0,0,10,1854,23558,397,100,2,0,0
760,3,1,512,40,82,7,3,7,1,1,-64,2,1581,12038,50,100,2,0,0
760,7,3,768,0,94,6,3,7,1,3,-52,6,693,11161,47,100,1,0,0
763,8,4,768,10,71,6,14,7,1,2,-52,4,1747,16595,40,100,2,0,0
763,12,8,1024,10,59,6,7,7,1,2,-52,1,958,12971,40,100,3,0,0
764,9,5,1024,10,70,6,3,7,1,2,-52,0,775,8310,40,100,2,0,0
765,4,1,512,0,79,9,5,7,2,1,-66,10,3207,23347,50,100,3,0,0
765,13,8,1024,10,66,6,4,7,1,2,-70,1,762,8049,39,100,2,0,0
768,5,4,768,0,88,6,1,6,1,1,-52,1,1877,18694,49,100,2,0,0
768,8,4,768,0,71,6,14,7,1,2,-52,4,1022,9704,40,100,1,0,0
768,1,0,256,0,18,0,0,4,0,0,0,10,1520,18730,403,100,2,0,0
768,3,1,512,10,85,7,3,7,1,1,-64,3,1349,13363,50,100,1,0,0
770,12,8,1024,0,63,6,7,7,1,2,-52,1,1089,9782,40,100,1,0,0
770,13,8,1024,0,67,6,4,7,1,2,-70,1,521,7084,39,100,1,0,0
771,7,3,768,0,99,6,3,7,1,3,-52,6,1182,21289,47,100,3,0,0
772,9,5,1024,0,70,6,3,7,1,2,-52,0,510,8860,40,100,2,0,0
774,5,4,768,0,88,6,1,6,1,1,-52,1,1152,10650,50,100,1,0,0
774,1,0,256,0,18,0,0,4,0,0,0,10,971,14009,406,100,1,0,0
775,4,1,512,0,83,9,5,7,2,1,-66,10,3740,25989,51,100,2,0,0
775,3,1,512,0,86,7,3,7,1,1,-64,3,1314,13420,51,100,1,0,0
777,8,4,768,10,76,6,14,7,1,2,-52,4,2106,20190,41,100,2,0,0
777,12,8,1024,20,67,6,7,7,1,2,-52,1,770,8582,40,100,1,0,0
778,13,8,1024,0,67,6,4,7,1,2,-70,1,623,9230,40,100,2,0,0
779,9,5,1024,0,72,6,3,7,1,2,-52,0,626,9534,41,100,1,0,0
780,4,1,512,0,85,9,5,7,2,1,-66,10,2200,14295,51,100,1,0,0
783,7,3,768,0,103,6,3,7,1,3,-52,6,1184,21561,48,100,2,0,0
784,8,4,768,0,76,6,14,7,1,2,-52,4,1307,12751,41,100,1,0,0
786,5,4,1024,0,94,6,1,6,1,1,-52,1,2125,19567,51,100,2,0,0
786,1,0,256,0,18,0,0,4,0,0,0,10,1546,25157,412,100,2,0,0
787,3,1,512,0,88,7,3,7,1,1,-64,4,2023,20097,51,100,2,0,0
788,7,3,768,0,107,6,3,7,1,3,-52,5,1011,8657,48,100,1,0,0
791,9,5,1024,0,76,6,3,7,1,2,-52,0,1034,14782,42,100,3,0,0
792,5,4,1024,0,94,7,1,6,1,1,-52,1,1033,11529,51,100,2,0,0
794,1,0,256,0,18,0,0,4,0,0,0,10,1066,16570,415,100,2,0,0
795,3,1,512,10,90,7,3,7,1,1,-64,6,2023,18363,52,100,2,0,0
797,4,1,512,0,91,13,5,7,2,3,-66,10,2450,21289,51,100,3,0,0
799,5,4,768,0,97,7,1,6,1,1,-52,1,875,11060,52,100,1,0,0
800,7,3,768,20,114,6,4,7,1,3,-52,5,1770,22376,49,100,4,0,0
803,4,1,512,0,95,13,5,7,2,3,-66,10,1904,15360,52,100,2,0,0
805,1,0,256,0,18,0,0,4,0,0,0,10,1286,22665,418,100,2,0,0
806,3,1,512,0,93,7,3,7,1,1,-64,6,2128,20109,53,100,2,0,0
809,1,0,256,0,18,0,0,4,0,0,0,10,419,8191,419,100,0,0,0
809,4,1,512,10,95,13,5,7,2,3,-66,10,449,11546,52,100,1,0,0
810,5,4,768,10,100,7,1,6,1,1,-52,1,993,16835,52,100,2,0,0
810,7,3,768,10,118,6,4,7,1,3,-52,5,1179,20854,50,100,2,0,0
815,3,1,512,0,99,7,3,7,1,1,-64,9,2127,20844,53,100,2,0,0
816,5,4,768,0,101,8,1,6,1,1,-52,1,578,10225,53,100,1,0,0
818,4,1,512,0,99,13,5,7,2,3,-66,10,2503,25175,53,100,3,0,0
821,1,0,256,0,18,0,0,4,0,0,0,10,1569,25054,423,100,2,0,0
821,7,3,768,0,119,6,4,7,1,3,-52,5,724,19830,51,100,2,0,0
822,5,4,768,10,104,8,1,6,1,1,-52,1,631,9335,53,100,1,0,0
825,1,0,256,0,18,0,0,4,0,0,0,10,624,9774,423,100,1,0,0
825,3,1,512,0,103,7,3,7,1,1,-64,10,2153,23799,54,100,2,0,0
825,4,1,512,10,102,13,5,7,2,3,-66,10,1110,14682,53,100,1,0,0
826,7,3,768,0,120,6,4,7,1,3,-52,5,573,9960,51,100,1,0,0
827,5,4,768,0,105,8,1,6,1,1,-52,1,472,6515,53,100,1,0,0
829,4,1,512,0,105,13,5,7,2,3,-66,10,1380,10355,53,100,1,0,0
834,1,0,256,0,18,0,0,4,0,0,0,10,1059,17855,426,100,2,0,0
834,5,4,768,0,105,8,1,6,1,1,-52,1,509,11638,54,100,2,0,0
835,3,1,512,0,103,7,3,7,1,1,-64,10,928,19954,54,100,1,0,0
838,4,1,512,0,106,13,5,7,2,3,-66,10,1074,17944,54,100,1,0,0
837,7,3,768,0,122,6,4,7,1,3,-52,5,952,18296,52,100,2,0,0
841,1,0,256,0,18,0,0,4,0,0,0,10,760,15097,427,100,1,0,0
841,5,4,768,0,107,8,1,6,1,1,-52,1,740,11490,54,100,1,0,0
817,8,3,896,100,88,8,16,7,0,3,-70,5,1366,14062,43,100,3,0,0
847,1,0,256,0,18,0,0,4,0,0,0,10,792,11415,428,100,1,0,0
846,3,1,512,10,107,7,3,7,1,1,-64,10,2252,26802,55,100,2,0,0
824,8,3,896,90,92,8,16,7,0,3,-70,5,1076,12510,44,100,2,0,0
846,5,4,768,0,109,8,1,6,1,1,-52,1,580,7023,55,100,1,0,0
848,7,3,768,0,126,6,4,7,1,3,-52,5,1158,19269,52,100,3,0,0
833,8,3,896,90,96,8,16,7,0,3,-70,5,1170,15432,44,100,1,0,0
847,4,1,512,0,107,13,5,7,2,3,-66,9,1975,22678,55,100,2,0,0
857,1,0,256,0,18,0,0,4,0,0,0,9,1241,20818,433,100,2,0,0
856,3,1,512,0,108,7,3,7,1,1,-64,10,2212,23739,56,100,2,0,0
856,7,3,768,10,129,6,4,7,1,3,-52,5,861,16504,53,100,2,0,0
857,4,1,512,0,108,13,5,7,2,3,-66,8,975,20040,55,100,3,0,0
857,5,4,768,10,111,8,1,6,1,1,-52,0,903,16814,56,100,2,0,0
864,3,1,512,0,109,7,3,7,1,1,-64,10,1181,16107,56,100,2,0,0
864,5,4,768,0,112,8,1,6,1,1,-52,0,581,9244,56,100,1,0,0
865,1,0,256,0,18,0,0,4,0,0,0,9,1021,16407,436,100,2,0,0
864,4,1,512,0,111,13,5,7,2,3,-66,8,1223,14260,56,100,2,0,0
867,7,3,768,20,133,6,4,7,1,3,-52,5,1121,20426,54,100,3,0,0
870,1,0,256,0,18,0,0,4,0,0,0,9,474,11299,437,100,1,0,0
869,4,1,512,0,113,13,5,7,2,3,-66,8,608,11329,56,100,2,0,0
870,3,1,512,0,110,7,3,7,1,1,-64,10,1006,13463,57,100,1,0,0
874,5,4,768,0,116,8,1,6,1,1,-52,0,961,15981,57,100,2,0,0
877,7,3,768,0,136,6,4,7,1,3,-52,8,1471,18640,55,100,3,0,0
879,1,0,256,0,18,0,0,4,0,0,0,10,1049,17604,440,100,1,0,0
879,3,1,512,0,112,7,3,7,1,1,-64,9,1638,20861,57,100,1,0,0
879,4,1,512,0,115,13,5,7,2,3,-66,8,1417,21016,57,100,2,0,0
878,5,4,768,0,118,8,1,6,1,1,-52,0,603,7548,57,100,1,0,0
884,5,4,768,10,120,8,1,6,1,1,-52,0,363,7964,57,100,1,0,0
887,1,0,256,0,18,0,0,4,0,0,0,10,926,16149,441,100,2,0,0
886,7,3,768,0,139,6,4,7,1,3,-52,8,799,15364,55,100,3,0,0
887,4,1,512,0,119,13,5,7,2,3,-66,8,1241,17401,57,100,2,0,0
888,3,1,512,10,114,7,3,7,1,1,-64,10,1802,19939,58,100,2,0,0
891,1,0,256,0,18,0,0,4,0,0,0,10,457,8720,442,100,0,0,0
893,3,1,512,0,116,7,3,7,1,1,-64,10,667,8860,58,100,1,0,0
891,7,3,768,10,140,6,4,7,1,3,-52,9,609,9759,55,100,1,0,0
896,5,4,768,0,123,8,1,6,1,1,-52,0,1035,18185,58,100,2,0,0
898,3,1,512,10,116,7,3,7,1,1,-64,10,916,11132,59,100,1,0,0
899,4,1,512,0,123,13,5,7,2,3,-66,8,1896,24820,58,100,2,0,0
899,1,0,256,0,18,0,0,4,0,0,0,10,1045,16654,445,100,2,0,0
903,3,1,512,0,118,7,4,7,1,1,-64,10,1182,11996,59,100,2,0,0
902,7,3,768,10,145,6,4,7,1,3,-52,9,1085,18513,56,100,1,0,0
904,5,4,768,0,127,8,1,6,1,1,-52,0,1006,12121,59,100,2,0,0
908,1,0,256,0,19,0,0,4,0,0,0,10,740,16516,446,100,2,0,0
907,7,3,768,0,148,6,4,7,1,3,-52,9,870,10620,56,100,1,0,0
910,4,1,512,0,124,13,5,7,2,3,-66,8,1204,22780,59,100,3,0,0
911,3,1,512,0,120,7,4,7,1,1,-64,10,1472,18581,59,100,1,0,0
911,5,4,768,0,128,8,1,6,1,1,-52,0,539,10747,59,100,2,0,0
871,8,7,1152,90,115,10,18,7,0,4,-52,6,461,7842,47,100,1,0,0
880,8,7,1152,90,118,10,19,7,0,4,-52,6,1443,17265,47,100,3,0,0
889,8,7,1152,90,122,10,19,7,0,4,-52,6,1314,14922,48,100,4,0,0
894,8,7,1152,100,122,10,19,7,0,4,-52,6,530,8662,48,100,0,0,0
917,1,0,256,0,20,0,0,4,0,0,0,10,1469,19235,451,100,3,0,0
917,7,3,768,40,153,6,4,7,1,3,-52,9,2440,21271,57,100,3,0,0
904,8,7,1152,100,124,10,19,7,0,4,-52,6,1324,17832,49,100,2,0,0
918,4,1,512,0,127,13,5,7,1,3,-66,8,1165,17715,59,100,3,0,0
915,8,7,1024,70,127,10,19,7,1,4,-52,6,2956,21611,50,100,3,0,0
915,17,12,1408,0,34,2,8,6,1,1,-70,0,904,10522,30,100,2,0,0
921,5,4,768,0,132,8,1,6,1,1,-52,0,927,14706,60,100,1,0,0
922,3,1,512,40,123,7,4,7,1,1,-64,10,3774,29789,60,100,3,0,0
924,1,0,256,0,20,0,0,4,0,0,0,10,1026,12698,456,100,1,0,0
915,12,8,1152,0,104,7,11,7,1,2,-52,2,1707,18261,50,100,1,0,0
918,13,8,1408,10,117,7,4,7,1,2,-70,1,1114,13891,49,100,1,0,0
921,17,12,1408,0,36,2,8,6,1,1,-70,0,516,6855,30,100,2,0,0
923,8,7,1024,0,128,10,21,7,1,4,-52,6,2216,18030,50,100,4,0,0
929,4,1,512,10,130,14,5,7,1,3,-66,8,1813,23672,60,100,3,0,0
929,5,4,768,0,135,8,1,6,1,1,-52,0,752,11748,60,100,2,0,0
926,13,8,1408,0,117,7,4,7,1,2,-70,1,531,11414,49,100,2,0,0
932,1,0,256,0,21,0,0,4,0,0,0,10,1296,15963,460,100,3,0,0
928,7,3,768,10,153,6,4,7,1,3,-52,9,3310,28827,58,100,2,0,0
927,12,8,1152,10,107,7,11,7,1,2,-52,2,1640,19385,50,100,2,0,0
928,17,12,1408,0,36,2,8,6,1,1,-70,0,658,8123,31,100,2,0,0
935,3,1,512,30,128,8,4,7,2,1,-64,10,4434,31642,61,100,3,0,0
934,5,4,768,0,136,8,1,6,1,1,-52,0,437,8156,60,100,1,0,0
931,12,8,1152,0,107,7,11,7,1,2,-52,2,663,7578,51,100,1,0,0
935,4,1,512,20,132,14,5,7,1,3,-66,8,1139,13721,60,100,1,0,0
934,8,7,1024,0,131,10,22,7,1,4,-52,6,2470,22286,51,100,4,0,0
936,13,8,1408,20,120,7,4,7,1,2,-70,1,737,14646,50,100,1,0,0
938,1,0,256,0,21,0,0,4,0,0,0,10,953,12862,464,100,1,0,0
940,3,1,512,0,128,8,4,7,2,1,-64,10,1166,12836,61,100,1,0,0
940,7,3,768,10,157,6,4,7,1,3,-52,9,2976,27192,59,100,2,0,0
938,12,8,1152,0,108,7,11,7,1,2,-52,2,584,9707,51,100,1,0,0
939,17,12,1408,0,39,2,8,6,1,1,-70,0,1128,11507,31,100,1,0,0
941,8,7,1024,0,134,10,22,7,1,4,-52,6,1769,14580,52,100,2,0,0
943,1,0,256,0,21,0,0,4,0,0,0,10,763,11423,468,100,1,0,0
943,5,4,768,0,139,8,1,6,1,1,-52,0,845,13340,61,100,1,0,0
943,13,8,1408,0,121,7,4,7,1,2,-70,1,700,10163,51,100,2,0,0
946,3,1,512,10,130,8,4,7,2,1,-64,10,2582,16638,62,100,2,0,0
908,9,8,1280,100,91,8,3,7,0,3,-52,0,221,4922,50,100,1,0,0
946,4,1,512,0,134,14,5,7,1,3,-66,8,1726,24500,61,100,3,0,0
945,8,7,1024,20,135,10,23,7,1,4,-52,6,1674,11422,52,100,2,0,0
911,9,8,1280,100,91,8,3,7,0,3,-52,0,145,4701,50,100,1,0,0
921,9,8,1280,100,92,8,3,7,0,3,-52,0,318,10866,50,100,2,0,0
948,1,0,256,0,21,0,0,4,0,0,0,10,833,11452,470,100,1,0,0
926,9,8,1280,100,93,8,3,7,0,3,-52,0,173,5393,51,100,1,0,0
935,9,8,1280,80,93,8,3,7,0,3,-52,0,494,9236,51,100,2,0,0
952,5,4,768,0,140,8,1,6,1,1,-52,0,590,13783,62,100,2,0,0
953,3,1,512,0,135,8,4,7,2,1,-64,10,2935,19553,62,100,2,0,0
952,7,3,768,60,161,7,4,7,1,3,-52,9,4164,31499,60,100,2,0,0
948,17,12,1408,10,41,2,8,6,1,1,-70,0,1031,9349,32,100,2,0,0
953,8,7,1024,0,136,10,23,7,1,4,-52,6,3055,20859,52,100,1,0,0
953,17,12,1408,10,43,2,8,6,1,1,-70,0,698,5245,32,100,1,0,0
958,3,1,512,0,135,8,4,7,2,1,-64,10,1601,11508,63,100,1,0,0
958,4,1,512,0,136,14,5,7,1,3,-66,8,1542,25232,62,100,2,0,0
955,9,8,1152,0,98,8,3,7,1,3,-52,0,1047,10433,53,100,3,0,0
958,1,0,256,0,21,0,0,4,0,0,0,10,1389,20815,478,100,1,0,0
961,5,4,768,0,141,8,1,6,1,1,-52,0,441,12076,62,100,1,0,0
961,7,3,768,10,164,7,4,7,1,3,-52,9,2916,23969,60,100,2,0,0
958,12,8,1152,0,113,7,11,7,1,2,-52,3,1255,14080,52,100,2,0,0
961,17,12,1408,0,44,2,8,6,1,1,-70,0,797,8293,33,100,1,0,0
963,3,1,512,0,136,8,4,7,2,1,-64,10,1648,15907,63,100,1,0,0
962,9,8,1152,10,100,8,3,7,1,3,-52,0,497,8088,53,100,1,0,0
964,8,7,1024,10,141,10,24,7,1,4,-52,6,2937,27991,53,100,3,0,0
966,1,0,256,0,21,0,0,4,0,0,0,10,763,14909,480,100,2,0,0
966,5,4,768,0,142,8,1,6,1,1,-52,0,359,7047,62,100,2,0,0
966,4,1,512,0,136,14,5,7,1,3,-66,8,861,16664,62,100,1,0,0
966,12,8,1152,0,114,7,11,7,1,2,-52,3,1026,13443,53,100,1,0,0
968,3,1,512,10,139,8,4,7,2,1,-64,10,1634,11464,63,100,1,0,0
972,1,0,256,0,21,0,0,4,0,0,0,10,911,13143,485,100,1,0,0
972,7,3,768,10,167,7,4,7,1,3,-52,9,2918,25043,61,100,2,0,0
970,17,12,1408,20,48,2,8,6,1,1,-70,0,904,9385,33,100,2,0,0
972,5,4,768,0,144,8,1,6,1,1,-52,0,572,8579,63,100,2,0,0
972,9,8,1152,0,101,8,3,7,1,3,-52,0,915,13342,54,100,3,0,0
973,3,1,512,10,140,8,4,7,2,1,-64,10,1503,10006,64,100,1,0,0
973,8,7,1024,10,142,10,25,7,1,4,-52,6,1807,20710,54,100,3,0,0
975,4,1,512,0,139,14,5,7,1,3,-66,8,1604,20370,63,100,3,0,0
975,12,8,1152,10,116,7,11,7,1,2,-52,3,1334,15644,54,100,2,0,0
978,7,3,768,0,171,7,4,7,1,3,-52,9,2108,16452,61,100,1,0,0
978,5,4,768,0,145,8,1,6,1,1,-52,0,786,11514,63,100,2,0,0
977,17,12,1408,0,49,2,8,6,1,1,-70,0,741,7254,34,100,1,0,0
980,1,0,256,0,21,0,0,4,0,0,0,10,885,16633,488,100,1,0,0
978,8,7,1024,0,144,10,25,7,1,4,-52,6,1390,12681,54,100,1,0,0
981,3,1,512,0,141,8,4,7,2,1,-64,10,1769,13514,64,100,2,0,0
981,9,8,1152,0,104,8,3,7,1,3,-52,0,749,10628,54,100,2,0,0
983,7,3,768,10,173,7,4,7,1,3,-52,9,1331,11549,62,100,1,0,0
986,3,1,512,10,143,8,4,7,2,1,-64,10,1525,10141,64,100,1,0,0
987,4,1,512,10,143,14,5,7,1,3,-66,8,1943,25449,64,100,2,0,0
985,12,8,1152,10,117,7,11,7,1,2,-52,3,1089,15089,54,100,2,0,0
984,17,12,1408,10,50,2,8,6,1,1,-70,0,676,7137,34,100,1,0,0
988,5,4,768,0,150,8,1,6,1,1,-52,0,1112,15441,64,100,3,0,0
989,1,0,256,0,21,0,0,4,0,0,0,10,1510,20768,495,100,2,0,0
990,3,1,512,10,145,8,4,7,2,1,-64,10,1682,9704,65,100,1,0,0
989,9,8,1152,0,106,8,3,7,1,3,-52,0,681,11142,55,100,1,0,0
991,8,7,1024,10,146,10,25,7,1,4,-52,6,2257,26405,55,100,2,0,0
994,4,1,512,10,145,14,5,7,1,3,-66,8,1094,15563,64,100,1,0,0
993,5,4,768,0,150,8,1,6,1,1,-52,0,276,6872,64,100,0,0,0
995,7,3,768,0,174,7,4,7,1,3,-52,9,2641,26052,62,100,2,0,0
995,3,1,512,0,145,8,4,7,2,1,-64,10,1150,8192,65,100,1,0,0
995,1,0,256,0,21,0,0,4,0,0,0,10,611,12408,496,100,1,0,0
996,12,8,1152,0,119,7,11,7,1,2,-52,3,1406,17225,55,100,2,0,0
996,9,8,1152,0,108,8,3,7,1,3,-52,0,612,8030,55,100,3,0,0
998,8,7,1024,30,146,10,25,7,1,4,-52,6,1168,14389,55,100,1,0,0
998,4,1,512,0,145,14,5,7,1,3,-66,8,683,9411,65,100,1,0,0
996,17,12,1408,10,54,2,8,6,1,1,-70,0,1298,12106,35,100,4,0,0
999,3,1,512,0,148,8,4,7,2,1,-64,10,1663,10208,65,100,1,0,0
1000,5,4,768,0,150,8,1,6,1,1,-52,0,485,9953,65,100,2,0,0
1002,1,0,256,0,21,0,0,4,0,0,0,10,904,13329,501,100,1,0,0
1002,12,8,1152,10,121,7,11,7,1,2,-52,3,1032,9580,55,100,2,0,0
1003,9,8,1152,0,110,8,3,7,1,3,-52,0,552,7887,56,100,1,0,0
1003,17,12,1408,20,57,2,8,6,1,1,-70,0,1100,8366,36,100,1,0,0
1005,7,3,768,0,177,7,4,7,1,3,-52,9,2797,26124,63,100,4,0,0
1006,12,8,1152,0,123,7,11,7,1,2,-52,3,901,7866,56,100,1,0,0
1007,9,8,1152,0,111,8,3,7,1,3,-52,0,269,5145,56,100,0,0,0
1009,4,1,512,0,146,14,5,7,1,3,-66,8,1114,22207,65,100,2,0,0
1009,8,7,1024,0,148,10,25,7,1,4,-52,6,2973,29260,56,100,3,0,0
1011,3,1,512,0,150,8,4,7,2,1,-64,10,3162,22118,66,100,3,0,0
1011,5,4,768,0,154,8,1,6,1,1,-52,0,935,16132,66,100,2,0,0
1012,1,0,256,0,21,0,0,4,0,0,0,10,1307,22191,505,100,2,0,0
1012,12,8,1152,0,124,7,11,7,1,2,-52,3,741,10184,56,100,2,0,0
1015,7,3,768,10,178,7,4,7,1,3,-52,8,2311,21809,64,100,2,0,0
1013,17,12,1408,0,61,2,8,6,1,1,-70,0,1510,12232,36,100,2,0,0
1017,9,8,1152,0,111,8,3,7,1,3,-52,0,696,11255,57,100,2,0,0
1018,8,7,1024,0,151,11,26,7,1,4,-52,6,1921,23102,57,100,4,0,0
1018,3,1,512,0,151,8,4,7,2,1,-64,10,2706,16880,67,100,2,0,0
1020,7,3,768,0,179,7,4,7,1,3,-52,8,1293,11341,64,100,1,0,0
1021,1,0,256,0,21,0,0,4,0,0,0,10,1075,18814,511,100,1,0,0
1021,4,1,512,0,148,14,5,7,1,3,-66,8,1635,25480,66,100,2,0,0
1022,5,4,768,0,158,8,1,6,1,1,-52,0,986,17170,66,100,3,0,0
1022,17,12,1408,10,65,2,8,6,1,1,-70,0,1198,9809,37,100,1,0,0
1024,12,8,1152,0,127,7,11,7,1,2,-52,3,1929,16979,57,100,3,0,0
1026,4,1,512,20,149,14,5,7,1,3,-66,8,969,11262,67,100,1,0,0
1026,9,8,1152,0,112,8,3,7,1,3,-52,0,619,10627,57,100,2,0,0
1027,1,0,256,0,21,0,0,4,0,0,0,10,928,12656,514,100,1,0,0
1029,8,7,1024,0,155,11,26,7,1,4,-52,6,2147,27304,57,100,3,0,0
1031,7,3,768,0,182,7,4,7,1,3,-52,8,1911,22577,65,100,3,0,0
1030,3,1,512,10,153,8,4,7,2,1,-64,10,2514,22104,67,100,3,0,0
1029,12,8,1152,10,128,7,11,7,1,2,-52,3,594,6937,57,100,1,0,0
1031,4,1,512,10,150,14,5,7,1,3,-66,8,882,10880,67,100,1,0,0
1031,9,8,1152,0,115,8,3,7,1,3,-52,0,744,6167,58,100,1,0,0
1030,17,12,1408,10,68,2,8,6,1,1,-70,0,824,8743,37,100,2,0,0
1032,5,4,768,0,161,8,1,6,1,1,-52,0,1015,15058,67,100,2,0,0
1034,1,0,256,0,21,0,0,4,0,0,0,10,1070,13848,518,100,2,0,0
1035,7,3,768,0,183,7,4,7,1,3,-52,8,1140,9958,65,100,1,0,0
1035,8,7,1024,20,157,11,26,7,1,4,-52,6,1364,13157,58,100,1,0,0
1036,4,1,512,20,151,14,5,7,1,3,-66,8,1147,11213,67,100,1,0,0
1036,9,8,1152,0,117,8,3,7,1,3,-52,0,497,6357,58,100,1,0,0
1036,17,12,1408,0,69,2,8,6,1,1,-70,0,803,7903,38,100,1,0,0
1041,9,8,1152,0,118,8,3,7,1,3,-52,0,504,6817,58,100,1,0,0
1041,3,1,512,0,155,8,4,7,2,1,-64,10,3303,22473,68,100,2,0,0
1042,1,0,256,0,21,0,0,4,0,0,0,10,921,16460,521,100,1,0,0
1041,12,8,1152,0,130,7,11,7,1,2,-52,3,1585,16206,58,100,2,0,0
1043,7,3,768,10,184,7,4,7,1,3,-52,8,2106,20655,65,100,1,0,0
1045,5,4,768,0,166,8,1,6,1,1,-52,0,1179,17743,68,100,2,0,0
1041,17,12,1408,0,69,2,8,6,1,1,-70,0,399,4653,38,100,1,0,0
1002,6,3,896,90,130,7,6,7,0,3,-70,0,573,13632,43,100,3,0,0
1046,4,1,512,0,152,14,5,7,1,3,-66,8,1626,23776,68,100,2,0,0
1044,8,7,1024,20,162,11,27,7,1,4,-52,7,2478,26087,58,100,2,0,0
1013,6,3,896,80,132,7,6,7,0,3,-70,0,556,9641,44,100,2,0,0
1022,6,3,896,100,132,7,6,7,0,3,-70,0,400,10787,44,100,2,0,0
1048,7,3,768,0,188,7,4,7,1,3,-52,9,1919,16216,66,100,2,0,0
1049,12,8,1152,0,132,7,11,7,1,2,-52,4,1131,11034,58,100,1,0,0
1031,6,3,896,90,134,7,6,7,0,3,-70,0,554,9930,45,100,3,0,0
1042,6,3,896,100,134,7,6,7,0,3,-70,0,324,11344,46,100,1,0,0
1047,6,3,768,50,136,7,6,7,1,3,-70,0,1407,10333,46,100,3,0,0
1051,4,1,512,0,155,14,5,7,1,3,-66,8,956,10395,68,100,1,0,0
1052,1,0,256,0,21,0,0,4,0,0,0,10,2147,23300,530,100,2,0,0
1049,9,8,1152,0,124,8,3,7,1,3,-52,0,999,11723,59,100,2,0,0
1052,3,1,512,20,159,8,4,7,2,1,-64,10,5714,29327,69,100,3,0,0
1050,17,12,1408,0,71,2,8,6,1,1,-70,0,817,9578,39,100,1,0,0
1052,6,3,768,0,137,7,6,7,1,3,-70,0,1104,8011,47,100,2,0,0
1053,8,7,1024,0,164,11,27,7,1,4,-52,7,2291,24146,59,100,2,0,0
1055,5,4,768,0,169,8,1,6,1,1,-52,0,1028,16444,68,100,2,0,0
1053,7,3,768,10,190,7,5,7,1,3,-52,9,1518,13496,66,100,2,0,0
1056,1,0,256,0,21,0,0,4,0,0,0,10,714,10379,533,100,1,0,0
1054,12,8,1152,10,135,7,11,7,1,2,-52,4,1083,8661,59,100,1,0,0
1055,17,12,1408,0,72,2,8,6,1,1,-70,0,391,5062,39,100,1,0,0
1058,3,1,512,0,159,8,4,7,2,1,-64,10,2326,14549,69,100,1,0,0
1059,4,1,512,10,156,14,5,7,1,3,-66,8,1122,17455,69,100,1,0,0
1058,12,8,1152,10,136,7,11,7,1,2,-52,4,704,5771,59,100,1,0,0
1060,8,7,1024,10,165,11,27,7,1,4,-52,7,1721,17743,59,100,2,0,0
1061,1,0,256,0,21,0,0,4,0,0,0,10,768,11012,536,100,1,0,0
1062,6,3,768,0,139,7,6,7,1,3,-70,0,647,10859,47,100,2,0,0
1062,7,3,768,10,194,7,5,7,1,3,-52,9,2101,18602,67,100,2,0,0
1064,5,4,768,0,172,8,1,6,1,1,-52,0,1047,14517,69,100,1,0,0
1060,9,8,1152,0,129,8,3,7,1,3,-52,0,1124,15151,60,100,2,0,0
1064,3,1,512,0,162,8,4,7,2,1,-64,10,2522,15169,70,100,1,0,0
1037,13,12,1536,80,133,9,4,7,0,3,-52,1,798,14099,57,100,2,0,0
1063,17,12,1408,0,73,2,8,6,1,1,-70,0,592,7450,40,100,2,0,0
1041,13,12,1536,90,133,9,4,7,0,3,-52,1,97,5707,57,100,1,0,0
1070,3,1,512,20,163,8,4,7,2,1,-64,10,2092,10750,70,100,1,0,0
1067,8,7,1024,0,166,11,27,7,1,4,-52,7,2051,17764,60,100,1,0,0
1066,12,8,1152,40,136,7,11,7,1,2,-52,4,1808,14196,59,100,1,0,0
1070,4,1,512,0,163,14,5,7,1,3,-66,8,2309,25435,69,100,2,0,0
1050,13,12,1536,80,134,9,4,7,0,3,-52,1,310,12983,58,100,1,0,0
1070,6,3,768,0,142,7,6,7,1,3,-70,0,781,10461,48,100,2,0,0
1056,13,12,1536,80,134,9,4,7,0,3,-52,1,298,7282,58,100,2,0,0
1070,7,3,768,50,195,7,5,7,1,3,-52,9,2580,21058,67,100,2,0,0
1073,1,0,256,0,21,0,0,4,0,0,0,10,2335,26388,545,100,2,0,0
1072,5,4,768,0,173,8,1,6,1,1,-52,0,644,13099,70,100,2,0,0
1066,13,12,1408,0,137,9,4,7,1,3,-52,1,1817,15762,59,100,3,0,0
1070,13,12,1408,10,137,9,4,7,1,3,-52,1,287,6244,59,100,1,0,0
1076,3,1,512,0,165,8,4,7,2,1,-64,10,3232,17546,70,100,1,0,0
1073,9,8,1152,10,132,8,3,7,1,3,-52,0,952,14123,61,100,2,0,0
1073,17,12,1408,0,75,2,8,7,1,1,-70,0,980,10208,40,100,2,0,0
1078,1,0,256,0,21,0,0,4,0,0,0,10,1046,12949,552,100,1,0,0
1078,5,4,768,0,176,8,1,6,1,1,-52,0,604,8489,70,100,1,0,0
1077,12,8,1152,10,138,7,11,7,1,2,-52,4,2836,20687,60,100,2,0,0
1079,8,7,1024,30,169,11,27,7,1,4,-52,7,4069,33221,61,100,2,0,0
1078,9,8,1152,0,134,8,3,7,1,3,-52,0,671,6975,61,100,1,0,0
1081,6,3,768,0,145,7,6,7,1,3,-70,0,863,14163,48,100,4,0,0
1079,13,12,1408,0,141,9,4,7,1,3,-52,1,860,13854,60,100,2,0,0
1080,4,1,512,10,165,14,5,7,1,3,-66,8,1731,23032,70,100,2,0,0
1082,7,3,768,0,197,7,5,7,1,3,-52,9,3365,28887,68,100,2,0,0
1082,12,8,1152,0,138,7,11,7,1,2,-52,4,817,8265,60,100,1,0,0
1085,3,1,512,0,168,8,4,7,2,1,-64,10,3596,22285,71,100,2,0,0
1085,6,3,768,0,146,7,6,7,1,3,-70,0,698,7052,49,100,2,0,0
1051,10,11,1536,100,110,12,5,7,0,5,-52,1,789,12086,50,100,1,0,0
1084,17,12,1408,0,79,2,8,7,1,1,-70,0,841,11098,41,100,1,0,0
1085,4,1,512,30,166,14,5,7,1,3,-66,8,803,10532,71,100,1,0,0
1054,2,3,896,100,132,11,1,6,0,3,-52,3,372,7089,68,100,1,0,0
1060,2,3,896,100,133,11,1,6,0,3,-52,3,311,8236,68,100,1,0,0
1085,5,4,768,10,179,8,1,6,1,1,-52,0,677,10994,71,100,2,0,0
1056,10,11,1536,100,111,12,5,7,0,5,-52,1,318,5875,51,100,2,0,0
1064,2,3,896,100,133,11,1,6,0,3,-52,3,359,7424,69,100,1,0,0
1088,1,0,256,0,21,0,0,4,0,0,0,10,1649,21367,558,100,2,0,0
1068,10,11,1536,100,111,12,5,7,0,5,-52,1,338,12729,51,100,2,0,0
1073,2,3,896,80,135,11,1,6,0,3,-52,3,521,14967,69,100,2,0,0
1073,10,11,1536,100,111,12,5,7,0,5,-52,1,121,5272,52,100,1,0,0
1081,10,11,1536,100,111,12,5,7,0,5,-52,1,314,9680,52,100,2,0,0
1081,2,3,896,90,136,11,1,6,0,3,-52,3,290,11986,70,100,2,0,0
1085,2,3,896,70,137,11,1,6,1,3,-52,3,360,7653,70,100,1,0,0
1090,4,1,512,10,166,14,5,7,1,3,-66,8,903,11050,71,100,1,0,0
1090,10,6,1024,0,113,14,5,7,1,6,-52,1,1302,10245,53,100,2,0,0
1091,7,3,768,0,198,7,5,7,1,3,-52,9,1401,21063,69,100,2,0,0
1091,6,3,768,20,147,7,6,7,1,3,-70,1,2546,14126,49,100,1,0,0
1091,8,7,1024,40,173,11,27,7,1,4,-52,7,2557,30701,62,100,2,0,0
1088,9,8,1152,10,137,8,3,7,1,3,-52,0,929,12689,62,100,1,0,0
1095,1,0,256,0,21,0,0,4,0,0,0,10,1624,17178,567,100,1,0,0
1095,3,1,512,30,172,8,4,7,2,1,-64,10,7158,34015,72,100,2,0,0
1094,2,3,768,0,141,11,1,6,1,3,-52,3,1771,17002,71,100,3,0,0
1091,13,12,1408,0,146,9,4,7,1,3,-52,1,1241,18423,61,100,4,0,0
1095,9,5,1024,0,140,9,3,7,1,4,-52,0,825,8795,62,100,3,0,0
1092,17,12,1408,0,81,2,8,7,1,1,-70,0,676,8535,42,100,2,0,0
1095,12,8,1152,10,139,7,11,7,1,2,-52,4,2609,21083,61,100,2,0,0
1097,4,1,512,10,167,14,5,7,1,3,-66,9,1376,14950,71,100,1,0,0
1096,5,4,768,0,184,8,1,6,1,1,-52,1,1969,18977,71,100,2,0,0
1096,13,12,1408,0,148,9,4,7,1,3,-52,1,477,7440,61,100,1,0,0
1096,17,12,1408,0,83,2,8,7,1,1,-70,0,468,4010,42,100,2,0,0
1096,10,6,1024,10,117,14,5,7,1,6,-52,1,696,9176,53,100,2,0,0
1097,7,3,768,10,199,7,5,7,1,3,-52,9,2230,16802,69,100,1,0,0
1097,8,7,1024,10,176,11,27,7,1,4,-52,7,2442,18774,62,100,1,0,0
1100,2,3,768,0,143,11,1,6,1,3,-52,3,601,10872,71,100,2,0,0
1102,6,3,768,0,150,7,6,7,1,3,-70,1,2158,19786,50,100,3,0,0
1103,7,3,768,0,200,7,5,7,1,3,-52,9,1045,12677,70,100,1,0,0
1104,1,0,256,0,21,0,0,4,0,0,0,10,1582,20208,574,100,2,0,0
1103,12,8,1152,10,139,7,11,7,1,2,-52,4,1146,14401,62,100,1,0,0
1104,13,12,1408,0,151,9,4,7,1,3,-52,1,630,11207,61,100,1,0,0
1106,4,1,512,0,171,14,5,7,1,3,-66,9,1642,20976,72,100,2,0,0
1107,5,4,768,0,186,8,1,6,1,1,-52,1,1046,14917,72,100,2,0,0
1107,3,1,512,10,175,8,4,7,2,1,-64,10,6025,33925,73,100,2,0,0
1108,9,5,1024,0,145,10,3,7,1,4,-52,0,1141,15132,63,100,3,0,0
1107,10,6,1024,0,119,14,5,7,1,6,-52,1,925,13676,54,100,2,0,0
1109,8,7,1024,0,181,11,27,7,1,4,-52,7,2634,28314,63,100,2,0,0
1109,1,0,256,0,21,0,0,4,0,0,0,10,846,11805,579,100,0,0,0
1109,7,3,768,0,203,7,5,7,1,3,-52,9,2141,16579,70,100,1,0,0
1109,17,12,1408,0,85,2,8,7,1,1,-70,0,723,10682,43,100,2,0,0
1111,4,1,512,0,171,14,5,7,1,3,-66,9,998,11146,72,100,1,0,0
1111,2,3,768,0,147,11,1,6,1,3,-52,3,983,18005,72,100,3,0,0
1113,9,5,1024,0,146,10,3,7,1,4,-52,0,369,5899,63,100,1,0,0
1112,6,3,768,10,153,7,6,7,1,3,-70,1,1737,16869,51,100,1,0,0
1113,13,12,1408,0,153,9,4,7,1,3,-52,1,859,12759,62,100,2,0,0
1114,5,4,768,10,187,8,1,6,1,1,-52,1,1202,11654,72,100,1,0,0
1113,17,12,1408,10,86,2,8,7,1,1,-70,0,556,5254,43,100,1,0,0
1114,12,8,1152,0,142,7,11,7,1,2,-52,4,2310,21769,62,100,3,0,0
1118,3,1,512,0,176,8,4,7,2,1,-64,10,4418,31380,73,100,2,0,0
1118,10,6,1024,0,123,14,5,7,1,6,-52,1,1171,14154,55,100,3,0,0
1119,4,1,512,0,172,14,5,7,1,3,-66,9,1522,18942,73,100,1,0,0
1119,1,0,256,0,21,0,0,4,0,0,0,10,1636,22438,587,100,2,0,0
1116,8,7,1024,10,182,11,27,7,1,4,-52,7,1392,18199,63,100,2,0,0
1119,2,3,768,0,148,11,1,6,1,3,-52,3,875,15262,72,100,2,0,0
1118,17,12,1408,0,87,2,8,7,1,1,-70,0,343,5107,43,100,0,0,0
1121,9,5,1024,10,148,10,3,7,1,4,-52,0,718,10926,64,100,2,0,0
1121,7,3,768,10,207,7,5,7,1,3,-52,9,3044,26719,71,100,2,0,0
1122,13,12,1408,0,154,9,4,7,1,3,-52,1,853,14643,63,100,2,0,0
1123,8,7,1024,0,184,11,27,7,1,4,-52,7,1366,17703,64,100,1,0,0
1123,6,3,768,30,156,7,6,7,1,3,-70,1,1724,18389,51,100,2,0,0
1124,12,8,1152,0,146,7,11,7,1,2,-52,4,2200,19705,63,100,3,0,0
1124,2,3,768,0,148,11,1,6,1,3,-52,3,342,8863,73,100,0,0,0
1125,4,1,512,0,172,14,5,7,1,3,-66,9,757,12860,73,100,1,0,0
1126,5,4,768,10,193,8,1,6,1,1,-52,1,1820,19557,73,100,2,0,0
1126,9,5,1024,0,150,10,3,7,1,4,-52,0,500,5949,64,100,1,0,0
1127,3,1,512,0,182,8,4,7,2,1,-64,10,5124,28391,74,100,2,0,0
1127,1,0,256,0,21,0,0,4,0,0,0,10,1793,18998,593,100,2,0,0
1123,10,6,1024,10,125,14,5,7,1,6,-52,1,505,6287,55,100,1,0,0
1127,17,12,1408,0,92,2,8,7,1,1,-70,0,1405,10493,44,100,2,0,0
1128,6,3,793,10,158,7,6,7,1,3,-70,1,1320,9181,52,100,2,0,0
1128,10,6,1024,0,125,14,5,7,1,6,-52,1,486,5666,55,100,1,0,0
1129,8,7,1024,0,186,11,28,7,1,4,-52,7,1049,13655,64,100,2,0,0
1129,7,3,768,0,210,7,5,7,1,3,-52,9,1975,19977,71,100,1,0,0
1131,12,8,1152,0,148,7,11,7,1,2,-52,4,1330,15167,64,100,1,0,0
1131,4,1,512,50,173,14,5,7,1,3,-66,9,1285,13438,74,100,1,0,0
1130,9,5,1024,0,150,10,3,7,1,4,-52,0,260,4937,64,100,1,0,0
1134,13,12,1408,0,158,9,4,7,1,3,-52,1,1027,20018,63,100,3,0,0
1135,2,3,768,0,153,11,1,6,1,3,-52,3,979,16831,73,100,4,0,0
1134,5,4,768,10,196,8,1,6,1,1,-52,1,1390,13391,74,100,2,0,0
1134,10,6,1024,10,128,14,5,7,1,6,-52,1,662,8091,56,100,1,0,0
1137,3,1,512,10,184,8,4,7,2,1,-64,10,4238,26545,75,100,1,0,0
1137,1,0,256,0,21,0,0,4,0,0,0,10,1615,21603,601,100,1,0,0
1135,17,12,1408,0,94,2,8,7,1,1,-70,0,869,8828,44,100,2,0,0
1138,9,5,1024,0,152,10,3,7,1,4,-52,0,832,10231,65,100,1,0,0
1138,6,3,768,0,161,7,6,7,1,3,-70,1,1604,16929,52,100,2,0,0
1138,7,3,768,20,213,7,5,7,1,3,-52,9,1925,20331,72,100,2,0,0
1140,2,3,768,10,153,11,1,6,1,3,-52,3,316,7784,74,100,1,0,0
1140,4,1,512,0,174,14,5,7,1,3,-66,9,2068,20758,74,100,2,0,0
1140,8,7,1024,0,186,11,28,7,1,4,-52,7,1822,25571,65,100,2,0,0
1141,17,12,1408,0,95,2,8,7,1,1,-70,0,645,5362,45,100,1,0,0
1141,1,0,256,0,21,0,0,4,0,0,0,10,950,9884,604,100,1,0,0
1142,12,8,1152,0,152,7,11,7,1,2,-52,4,2286,20898,64,100,2,0,0
1142,5,4,768,10,198,8,1,6,1,1,-52,1,989,12578,74,100,1,0,0
1143,10,6,1024,0,132,14,5,7,1,6,-52,1,994,11563,56,100,3,0,0
1143,9,5,1024,0,153,10,3,7,1,4,-52,0,476,6248,65,100,1,0,0
1146,7,3,768,30,214,7,5,7,1,3,-52,9,1363,17164,72,100,1,0,0
1148,3,1,512,0,188,8,4,7,2,1,-64,10,4176,28568,75,100,3,0,0
1144,13,12,1408,0,162,9,4,7,1,3,-52,1,938,17949,64,100,3,0,0
1146,5,4,768,0,200,8,1,6,1,1,-52,1,730,7008,74,100,1,0,0
1149,2,3,768,0,154,11,1,6,1,3,-52,3,616,15781,74,100,2,0,0
1149,1,0,256,0,21,0,0,4,0,0,0,10,984,16563,607,100,2,0,0
1148,6,3,801,20,165,7,6,7,1,3,-70,1,1563,16326,53,100,3,0,0
1147,17,12,1408,0,95,2,8,7,1,1,-70,0,308,6095,45,100,1,0,0
1149,12,8,1152,0,153,7,11,7,1,2,-52,4,1293,15083,65,100,2,0,0
1149,10,6,1024,0,134,14,5,7,1,6,-52,1,663,7505,57,100,1,0,0
1150,8,7,1024,0,189,11,28,7,1,4,-52,6,2163,25831,65,100,2,0,0
1151,4,1,516,30,177,14,5,7,1,3,-66,9,2310,26217,75,100,2,0,0
1149,9,5,1024,10,154,10,3,7,1,4,-52,0,367,6831,65,100,1,0,0
1153,3,1,512,10,190,8,4,7,2,1,-64,10,3427,16081,76,100,1,0,0
1154,1,0,256,0,21,0,0,4,0,0,0,10,1430,12640,615,100,0,0,0
1153,7,3,768,0,215,7,5,7,1,3,-52,8,2136,18181,73,100,2,0,0
1154,6,3,768,0,166,7,6,7,1,3,-70,1,964,9793,53,100,2,0,0
1154,5,4,768,0,202,8,1,6,1,1,-52,1,1171,14400,75,100,2,0,0
1155,13,12,1408,0,165,9,4,7,1,3,-52,1,926,19378,65,100,3,0,0
1158,2,3,768,0,162,11,1,6,1,3,-52,3,1553,15933,75,100,3,0,0
1157,9,5,1024,0,158,10,3,7,1,4,-52,0,1047,9989,66,100,3,0,0
1158,6,3,768,0,167,7,6,7,1,3,-70,1,505,6252,54,100,1,0,0
1160,8,7,1024,0,193,11,29,7,1,4,-52,6,1720,24435,66,100,2,0,0
1160,10,6,1024,0,136,14,5,7,1,6,-52,1,644,12674,57,100,2,0,0
1161,5,4,768,10,206,8,1,6,1,1,-52,1,1130,10780,75,100,1,0,0
1158,17,12,1408,0,99,2,8,7,1,1,-70,0,1290,12033,46,100,2,0,0
1160,12,8,1152,20,161,7,11,7,1,2,-52,4,2864,25361,66,100,2,0,0
1163,1,0,256,0,21,0,0,4,0,0,0,10,1693,21038,621,100,2,0,0
1163,3,1,512,10,191,8,5,7,2,1,-64,10,4303,29501,76,100,4,0,0
1163,4,1,512,20,182,14,5,7,1,3,-66,9,2872,27388,76,100,2,0,0
1164,2,3,768,10,165,11,1,6,1,3,-52,3,630,11130,75,100,1,0,0
1164,7,3,768,0,218,7,5,7,1,3,-52,8,2235,24279,73,100,2,0,0
1163,9,5,1024,0,159,10,3,7,1,4,-52,0,416,8451,66,100,1,0,0
1168,1,0,256,0,21,0,0,4,0,0,0,10,851,11767,624,100,1,0,0
1169,3,1,512,10,194,8,5,7,2,1,-64,10,2210,17476,77,100,2,0,0
1168,6,3,768,0,171,7,6,7,1,3,-70,1,1773,16900,54,100,2,0,0
1169,9,5,1024,0,160,10,3,7,1,4,-52,0,554,8239,67,100,1,0,0
1171,4,1,512,10,186,14,5,7,1,3,-66,9,1852,18277,76,100,4,0,0
1172,10,6,1024,0,143,14,5,7,1,6,-52,1,1260,15178,58,100,2,0,0
1172,5,4,768,0,212,9,1,6,1,1,-52,1,2169,19792,76,100,2,0,0
1175,2,3,768,0,169,11,1,6,1,3,-52,3,1046,21340,76,100,2,0,0
1175,7,3,768,0,221,7,5,7,1,3,-52,8,1050,22985,74,100,2,0,0
1177,4,1,512,0,186,14,5,7,1,3,-66,9,1024,13950,77,100,1,0,0
1178,1,0,256,0,21,0,0,4,0,0,0,10,1401,20577,628,100,2,0,0
1177,10,6,1024,0,144,14,5,7,1,6,-52,1,444,5823,59,100,2,0,0
1179,3,1,512,10,195,8,5,7,2,1,-64,10,2733,22581,77,100,3,0,0
1179,6,3,768,30,173,7,6,7,1,3,-70,1,1746,17869,55,100,2,0,0
1177,9,5,1024,10,164,10,3,7,1,4,-52,0,950,9969,67,100,1,0,0
1178,5,4,768,0,213,9,1,6,1,1,-52,1,1108,10330,77,100,1,0,0
1180,2,3,768,0,173,11,1,6,1,3,-52,3,799,9135,76,100,2,0,0
1183,1,0,256,0,21,0,0,4,0,0,0,10,824,10353,632,100,1,0,0
1182,10,6,1024,0,145,14,5,7,1,6,-52,1,368,5759,59,100,1,0,0
1186,7,3,768,0,225,7,5,7,1,3,-52,8,929,20575,75,100,4,0,0
1185,4,1,512,10,191,14,5,7,1,3,-66,9,1724,16943,77,100,2,0,0
1185,9,5,1024,10,170,10,3,7,1,4,-52,0,1575,11780,68,100,2,0,0
1187,6,3,768,20,175,7,6,7,1,3,-70,1,1482,13885,56,100,2,0,0
1188,3,1,512,0,197,8,5,7,2,1,-64,10,2913,23341,78,100,2,0,0
1190,4,1,512,0,192,14,5,7,1,3,-66,9,732,11636,77,100,1,0,0
1190,2,3,768,0,174,11,1,6,1,3,-52,3,781,17229,77,100,2,0,0
1190,5,4,768,0,214,9,1,6,1,1,-52,1,1678,18881,77,100,3,0,0
1192,10,6,1024,0,146,14,5,7,1,6,-52,1,555,11656,59,100,3,0,0
1194,1,0,256,0,21,0,0,4,0,0,0,10,1438,22903,636,100,2,0,0
1195,7,3,768,20,228,7,5,7,1,3,-52,8,597,18067,76,100,1,0,0
1196,3,1,512,20,201,8,5,7,2,1,-64,10,2573,18950,79,100,1,0,0
1196,6,3,768,0,177,7,6,7,1,3,-70,1,1467,15301,56,100,3,0,0
1197,5,4,768,0,215,9,1,6,1,1,-52,1,801,9652,78,100,1,0,0
1197,2,3,768,0,177,11,1,6,1,3,-52,3,843,12552,77,100,1,0,0
1196,9,5,1024,10,174,10,3,7,1,4,-52,0,992,13814,69,100,2,0,0
1200,1,0,256,0,21,0,0,4,0,0,0,10,1051,13873,641,100,1,0,0
1200,6,3,768,0,177,7,6,7,1,3,-70,1,299,6349,56,100,0,0,0
1201,4,1,512,10,194,14,5,7,1,3,-66,9,1956,23059,78,100,2,0,0
1201,9,5,1024,0,174,10,3,7,1,4,-52,0,310,6310,69,100,1,0,0
1202,10,6,1024,0,151,14,5,7,1,6,-52,1,1016,13042,60,100,3,0,0
1204,2,3,768,0,179,11,1,6,1,3,-52,3,666,12783,78,100,1,0,0
1205,7,3,768,0,231,7,5,7,1,3,-52,8,1159,23424,76,100,3,0,0
1207,10,6,1024,10,151,14,5,7,1,6,-52,1,222,5641,61,100,0,0,0
1207,1,0,256,0,21,0,0,4,0,0,0,10,893,14698,643,100,1,0,0
1181,11,7,1152,80,99,7,16,7,0,2,-52,2,395,5232,64,100,1,0,0
1206,4,1,512,0,196,14,5,7,1,3,-66,9,1063,12566,78,100,1,0,0
1207,3,1,512,10,203,8,5,7,2,1,-64,10,3927,29220,79,100,2,0,0
1185,11,7,1152,70,101,7,17,7,0,2,-52,2,125,3370,64,100,1,0,0
1195,11,7,1152,70,103,7,17,7,0,2,-52,2,921,10312,65,100,3,0,0
1207,5,4,768,0,219,9,1,6,1,1,-52,1,1612,18174,78,100,2,0,0
1204,11,7,1152,90,104,7,17,7,0,2,-52,2,515,8509,66,100,1,0,0
1209,9,5,1024,0,175,10,3,7,1,4,-52,0,551,10552,69,100,1,0,0
1211,6,3,768,0,179,7,6,7,1,3,-70,1,1532,18400,57,100,2,0,0
1212,7,3,768,0,233,7,5,7,1,3,-52,8,1906,18264,77,100,1,0,0
1212,3,1,512,20,204,8,5,7,2,1,-64,10,3152,15332,80,100,1,0,0
1212,2,3,768,10,181,11,1,6,1,3,-52,3,512,12764,78,100,2,0,0
1213,11,7,1024,0,105,7,18,7,1,2,-52,2,1617,10628,66,100,4,0,0
1218,4,1,512,0,200,14,5,7,1,3,-66,9,2230,25133,79,100,3,0,0
1218,10,6,1024,0,153,14,5,7,1,6,-52,1,1093,13730,61,100,3,0,0
1219,1,0,256,0,21,0,0,4,0,0,0,10,2108,26719,652,100,2,0,0
1218,11,7,1024,0,109,7,18,7,1,2,-52,2,1257,6331,66,100,2,0,0
1218,5,4,768,0,219,9,1,6,1,1,-52,1,956,16375,79,100,2,0,0
1218,7,3,768,10,235,7,5,7,1,3,-52,8,1425,17712,77,100,2,0,0
1220,2,3,768,0,184,11,1,6,1,3,-52,3,1044,15333,79,100,1,0,0
1220,9,5,1024,10,177,10,3,7,1,4,-52,0,802,12929,70,100,3,0,0
1222,3,1,512,0,206,8,5,7,2,1,-64,10,3990,24730,80,100,2,0,0
1221,6,3,768,10,183,7,6,7,1,3,-70,1,1591,16729,58,100,2,0,0
1223,11,7,1024,10,112,7,18,7,1,2,-52,2,751,5909,67,100,1,0,0
1227,3,1,512,0,208,8,5,7,2,1,-64,10,2023,13544,81,100,1,0,0
1229,6,3,768,0,184,7,6,7,1,3,-70,1,645,10182,58,100,1,0,0
1229,2,3,768,0,185,11,1,6,1,3,-52,3,513,12244,79,100,2,0,0
1228,7,3,768,20,240,7,5,7,1,3,-52,7,1987,20779,78,100,2,0,0
1228,9,5,1024,10,180,10,3,7,1,4,-52,0,920,10154,71,100,2,0,0
1229,10,6,1024,10,155,14,5,7,1,6,-52,1,671,12952,62,100,1,0,0
1229,1,0,256,0,21,0,0,4,0,0,0,10,1599,22089,660,100,2,0,0
1228,11,7,1024,10,116,7,18,7,1,2,-52,2,1042,6283,67,100,1,0,0
1229,4,1,512,0,205,14,5,7,1,3,-66,9,2408,27221,80,100,2,0,0
1229,5,4,768,0,225,9,1,6,1,1,-52,1,1860,18516,80,100,2,0,0
1231,3,1,512,0,209,8,5,7,2,1,-64,10,1780,11719,81,100,0,0,0
1194,15,11,1536,90,68,2,6,7,0,1,-52,0,372,5648,63,100,1,0,0
1205,15,11,1536,90,69,2,6,7,0,1,-52,0,500,10008,63,100,3,0,0
1234,7,3,768,20,244,7,5,7,1,3,-52,7,1536,15479,78,100,1,0,0
1216,15,11,1536,90,69,2,6,7,0,1,-52,0,314,9344,64,100,2,0,0
1233,9,5,1024,0,182,10,3,7,1,4,-52,0,548,7702,71,100,1,0,0
1223,15,11,1536,100,69,2,6,7,0,1,-52,0,169,5680,64,100,1,0,0
1231,15,11,1536,60,70,2,6,7,1,1,-52,0,684,8326,65,100,1,0,0
1236,11,7,1024,10,119,7,18,7,1,2,-52,2,2237,11948,68,100,2,0,0
1238,6,3,768,0,186,7,6,7,1,3,-70,1,1184,14156,59,100,2,0,0
1237,3,1,512,0,211,8,5,7,2,1,-64,10,3353,17780,81,100,2,0,0
1236,4,1,512,20,208,14,5,7,1,3,-66,9,1316,14744,81,100,1,0,0
1240,5,4,768,0,226,9,1,6,1,1,-52,1,903,13977,81,100,1,0,0
1240,2,3,768,0,187,11,1,6,1,3,-52,3,775,19871,80,100,2,0,0
1240,10,6,1024,0,158,14,5,7,1,6,-52,1,827,13441,63,100,3,0,0
1240,1,0,256,0,21,0,0,4,0,0,0,10,2110,24669,669,100,2,0,0
1241,7,3,768,0,245,7,5,7,1,3,-52,8,1770,17520,79,100,1,0,0
1243,6,3,768,0,187,7,6,7,1,3,-70,1,843,8991,59,100,1,0,0
1242,15,11,1408,0,74,2,6,7,1,1,-52,0,1512,11424,66,100,3,0,0
1244,5,4,768,0,227,9,1,6,1,1,-52,1,753,7140,81,100,1,0,0
1244,3,1,512,0,212,8,5,7,2,1,-64,10,2576,17506,82,100,1,0,0
1246,2,3,768,0,187,11,1,6,1,3,-52,3,392,10805,81,100,1,0,0
1245,11,7,1024,0,121,7,18,7,1,2,-52,2,1517,13856,68,100,2,0,0
1244,9,5,1024,0,185,10,3,7,1,4,-52,0,966,13673,72,100,2,0,0
1247,4,1,522,20,212,14,5,7,1,3,-66,9,2554,26397,81,100,3,0,0
1249,1,0,256,0,21,0,0,4,0,0,0,10,1548,21452,675,100,2,0,0
1250,7,3,768,0,246,7,5,7,1,3,-52,8,1497,21026,79,100,2,0,0
1251,10,6,1024,0,163,14,5,7,1,6,-52,1,1345,14977,63,100,2,0,0
1252,11,7,1024,0,121,7,18,7,1,2,-52,2,347,6675,69,100,1,0,0
1251,5,4,768,10,230,9,1,6,1,1,-52,1,1494,13411,81,100,3,0,0
1254,6,3,768,20,191,7,6,7,1,3,-70,1,1423,18444,60,100,2,0,0
1253,9,5,1024,0,187,10,3,7,1,4,-52,0,571,11143,72,100,1,0,0
1256,3,1,512,0,218,8,5,7,2,1,-64,10,4062,30353,82,100,4,0,0
1256,10,6,1024,0,165,14,5,7,1,6,-52,1,696,6382,64,100,1,0,0
1258,7,3,768,0,248,7,5,7,1,3,-52,8,952,15461,80,100,1,0,0
1258,2,3,768,10,190,11,1,6,1,3,-52,3,768,18708,81,100,3,0,0
1258,4,1,512,0,217,14,5,7,1,3,-66,9,2221,23555,82,100,3,0,0
1261,11,7,1024,0,125,7,18,7,1,2,-52,2,1116,11921,69,100,2,0,0
1261,1,0,256,0,21,0,0,4,0,0,0,10,1820,25452,682,100,2,0,0
1261,6,3,768,0,194,7,6,7,1,3,-70,1,1310,11913,60,100,1,0,0
1261,5,4,768,0,232,9,1,6,1,1,-52,1,1432,15733,82,100,3,0,0
1263,10,6,1024,10,167,14,5,7,1,6,-52,1,620,8696,64,100,2,0,0
1262,9,5,1024,0,190,11,3,7,1,4,-52,0,863,11128,73,100,2,0,0
1264,3,1,512,0,219,8,5,7,2,1,-64,10,3212,23924,83,100,2,0,0
1266,2,3,768,10,193,11,1,6,1,3,-52,3,869,14731,82,100,1,0,0
1266,7,3,768,0,249,7,5,7,1,3,-52,8,1210,18038,80,100,2,0,0
1267,11,7,1024,0,129,7,18,7,1,2,-52,2,872,8469,70,100,2,0,0
1269,4,1,512,10,220,14,5,7,1,3,-66,9,1693,24132,83,100,2,0,0
1270,6,3,768,20,197,7,6,7,1,3,-70,1,1629,13629,61,100,2,0,0
1270,5,4,768,0,235,9,1,6,1,1,-52,1,1149,13011,83,100,2,0,0
1270,3,1,512,0,221,8,5,7,2,1,-64,10,2170,14688,83,100,1,0,0
1270,9,5,1024,10,192,11,3,7,1,4,-52,0,523,9751,73,100,1,0,0
1272,1,0,256,0,21,0,0,4,0,0,0,10,1547,23591,688,100,2,0,0
1272,10,6,1024,10,169,14,5,7,1,6,-52,1,693,11104,65,100,1,0,0
1275,11,7,1024,0,132,7,19,7,1,2,-52,2,710,9793,70,100,2,0,0
1276,2,3,768,0,197,11,1,6,1,3,-52,3,1500,19109,83,100,2,0,0
1275,7,3,768,0,252,7,5,7,1,3,-52,8,1977,23441,81,100,3,0,0
1276,10,6,1024,0,170,14,5,7,1,6,-52,1,738,5774,65,100,2,0,0
1276,6,3,768,0,198,7,6,7,1,3,-70,1,1275,13611,62,100,2,0,0
1276,9,5,1024,0,194,11,3,7,1,4,-52,0,676,8438,74,100,2,0,0
1278,3,1,512,0,224,8,5,7,2,1,-64,10,2819,21440,84,100,2,0,0
1279,11,7,1024,0,133,7,19,7,1,2,-52,2,496,8651,71,100,1,0,0
1280,4,1,512,0,223,14,5,7,1,3,-66,9,1987,25392,84,100,3,0,0
1280,7,3,768,0,254,7,5,7,1,3,-52,8,1151,14589,81,100,1,0,0
1281,1,0,256,0,21,0,0,4,0,0,0,10,1398,20212,694,100,2,0,0
1282,5,4,768,0,239,9,1,6,1,1,-52,1,1611,19112,83,100,2,0,0
1283,2,3,768,0,199,11,1,6,1,3,-52,3,620,16229,83,100,2,0,0
1284,3,1,512,0,226,8,5,7,2,1,-64,10,1969,16102,84,100,2,0,0
1284,11,7,1024,0,135,7,19,7,1,2,-52,2,555,6712,71,100,1,0,0
1286,5,4,768,0,242,9,1,6,1,1,-52,1,843,6994,84,100,1,0,0
1286,9,5,1024,0,197,11,3,7,1,4,-52,0,741,11372,75,100,1,0,0
1284,6,3,768,0,201,7,6,7,1,3,-70,1,1061,12419,62,100,3,0,0
1284,10,6,1024,0,174,14,5,7,1,6,-52,1,1149,13016,66,100,4,0,0
1288,4,1,512,0,224,14,5,7,1,3,-66,9,1486,18240,84,100,1,0,0
1288,1,0,256,0,21,0,0,4,0,0,0,10,1156,15482,700,100,1,0,0
1287,7,3,768,0,255,7,5,7,1,3,-52,8,1058,17693,82,100,3,0,0
1290,6,3,768,30,203,7,6,7,1,3,-70,1,888,10615,63,100,1,0,0
1292,3,1,512,10,226,8,5,7,2,1,-64,10,2567,18377,85,100,2,0,0
1291,2,3,768,0,200,11,1,6,1,3,-52,3,523,13481,84,100,1,0,0
1292,7,3,768,20,255,7,5,7,1,3,-52,8,452,8814,82,100,0,0,0
1294,4,1,512,0,225,14,5,7,1,3,-66,9,668,11889,84,100,1,0,0
1292,10,6,1024,0,176,14,5,7,1,6,-52,1,776,9793,66,100,2,0,0
1295,1,0,256,0,21,0,0,4,0,0,0,10,1022,15268,703,100,1,0,0
1296,5,4,768,0,246,9,1,6,1,1,-52,1,1205,15412,84,100,2,0,0
1297,9,5,1024,10,200,11,3,7,1,4,-52,0,775,13424,75,100,2,0,0
1296,3,1,512,10,228,8,5,7,2,1,-64,10,1603,11759,85,100,1,0,0
1295,11,7,1024,10,140,7,20,7,1,2,-52,3,1295,14714,72,100,5,0,0
1298,7,3,768,0,258,7,5,7,1,3,-52,8,1632,14324,83,100,3,0,0
1300,2,3,768,0,203,11,1,6,1,3,-52,3,750,15135,84,100,2,0,0
1301,10,6,1024,0,179,14,5,7,1,6,-52,1,839,10968,67,100,2,0,0
1302,5,4,768,30,249,9,1,6,1,1,-52,1,1308,11444,85,100,2,0,0
1301,11,7,1024,0,142,7,20,7,1,2,-52,3,786,8168,72,100,2,0,0
1303,1,0,256,0,21,0,0,4,0,0,0,10,1181,16118,708,100,2,0,0
1302,6,3,768,0,206,7,6,7,1,3,-70,1,1938,19330,63,100,3,0,0
1303,4,1,512,10,225,14,5,7,1,3,-66,9,1587,19805,85,100,2,0,0
1305,9,5,1024,0,201,11,3,7,1,4,-52,0,794,9735,76,100,2,0,0
1305,3,1,512,0,231,8,5,7,2,1,-64,10,3373,22364,86,100,1,0,0
1307,5,4,768,0,249,9,1,6,1,1,-52,1,872,8081,85,100,0,0,0
1306,2,1,737,10,204,12,1,6,1,4,-88,3,648,10556,85,100,1,0,0
1308,1,0,256,0,21,0,0,4,0,0,0,10,894,11301,711,100,1,0,0
1308,10,6,1024,0,182,14,5,7,1,6,-52,1,1069,11202,67,100,1,0,0
1308,6,3,768,0,206,7,6,7,1,3,-70,1,828,10440,64,100,1,0,0
1277,15,10,1408,90,82,4,6,7,0,2,-70,0,646,7146,68,100,3,0,0
1309,4,1,512,20,226,14,5,7,1,3,-66,9,1035,14714,86,100,1,0,0
1310,11,7,1024,0,143,7,20,7,1,2,-52,2,580,10146,73,100,1,0,0
1281,15,10,1408,90,84,4,6,7,0,2,-70,0,412,4648,68,100,2,0,0
1311,7,3,768,0,262,7,5,7,1,3,-52,8,2080,32162,83,100,3,0,0
1286,15,10,1408,70,85,4,7,7,0,2,-70,0,422,4796,69,100,2,0,0
1293,15,10,1408,100,87,4,7,7,0,2,-70,0,570,8506,69,100,2,0,0
1314,5,4,768,0,251,9,1,6,1,1,-52,1,915,11795,85,100,2,0,0
1310,2,1,543,10,207,13,1,6,1,4,-88,3,672,8856,85,100,2,0,0
1313,6,3,768,30,208,7,6,7,1,3,-70,1,1812,10482,64,100,1,0,0
1314,11,7,1024,0,144,7,20,7,1,2,-52,2,555,6958,73,100,2,0,0
1315,3,1,512,0,233,8,5,7,2,1,-64,10,3939,26674,86,100,2,0,0
1315,9,5,1024,10,207,11,3,7,1,4,-52,0,989,13504,76,100,2,0,0
1313,10,6,1024,30,184,14,5,7,1,6,-52,1,1793,11722,68,100,2,0,0
1316,1,0,256,0,21,0,0,4,0,0,0,10,1728,19185,717,100,1,0,0
1306,15,10,1408,90,88,4,7,7,0,2,-70,0,671,10001,70,100,3,0,0
1317,2,1,512,0,209,13,1,6,1,4,-88,3,986,11734,85,100,2,0,0
1318,4,1,512,10,230,14,5,7,1,3,-66,9,2038,20852,86,100,2,0,0
1316,15,10,1280,0,93,4,8,7,1,2,-70,0,2275,13146,71,100,4,0,0
1318,7,3,768,0,265,7,5,7,1,3,-52,8,1568,23130,84,100,1,0,0
1320,3,1,512,0,234,8,5,7,2,1,-64,10,1824,13145,87,100,1,0,0
1321,5,4,768,0,254,9,1,6,1,1,-52,1,1440,10980,86,100,1,0,0
1320,10,6,1024,0,187,14,5,7,1,6,-52,1,1571,12387,68,100,1,0,0
1319,11,7,1024,10,150,7,20,7,1,2,-52,2,1006,11687,73,100,2,0,0
1321,2,1,512,20,211,13,1,6,1,4,-88,3,978,8710,86,100,1,0,0
1321,6,3,768,0,210,7,6,7,1,3,-70,1,2276,15448,65,100,3,0,0
1304,14,11,1408,80,100,6,11,7,0,2,-70,1,449,5655,67,100,1,0,0
1322,7,3,768,10,265,7,5,7,1,3,-52,8,1092,12258,84,100,1,0,0
1312,14,11,1408,70,102,6,11,7,0,2,-70,1,625,6553,67,100,2,0,0
1316,14,11,1408,70,102,6,11,7,0,2,-70,1,80,3434,67,100,0,0,0
1324,4,1,512,20,233,14,5,7,1,3,-66,9,1002,13024,86,100,1,0,0
1318,14,11,1408,80,103,6,11,7,0,2,-70,1,373,3980,68,100,1,0,0
1324,14,11,1280,0,106,6,11,7,1,2,-70,1,1638,8024,68,100,2,0,0
1324,9,5,1024,0,210,11,3,7,1,4,-52,0,866,11362,77,100,1,0,0
1326,10,6,1024,0,189,14,5,7,1,6,-52,1,673,8996,68,100,1,0,0
1327,3,1,512,10,236,8,5,7,2,1,-64,10,3513,18988,87,100,1,0,0
1327,1,0,256,0,21,0,0,4,0,0,0,10,2689,25989,727,100,2,0,0
1327,2,1,552,0,213,13,1,6,1,4,-88,3,892,10105,86,100,1,0,0
1324,11,7,1024,0,151,7,21,7,1,2,-52,2,1817,10002,74,100,3,0,0
1327,15,10,1280,10,96,4,8,7,1,2,-70,0,931,11451,71,100,2,0,0
1328,14,11,1280,0,106,6,11,7,1,2,-70,1,525,4735,68,100,1,0,0
1330,9,5,1024,0,212,11,3,7,1,4,-52,0,523,7455,77,100,1,0,0
1330,5,4,768,0,256,9,1,6,1,1,-52,1,1336,16212,86,100,2,0,0
1330,6,3,768,10,211,7,6,7,1,3,-70,1,1256,14583,65,100,1,0,0
1330,7,3,768,0,268,7,5,7,1,3,-52,8,2157,22172,85,100,1,0,0
1331,4,1,512,10,234,14,5,7,1,3,-66,9,1833,18187,87,100,1,0,0
1334,2,1,512,0,216,13,1,6,1,4,-88,3,939,12507,87,100,2,0,0
1332,14,11,1280,0,109,6,11,7,1,2,-70,1,683,5949,69,100,1,0,0
1335,5,4,768,10,258,9,1,6,1,1,-52,1,912,9090,87,100,1,0,0
1334,10,6,1024,0,190,14,5,7,1,6,-52,1,1228,15233,69,100,2,0,0
1337,1,0,256,0,21,0,0,4,0,0,0,10,2147,23973,735,100,2,0,0
1338,3,1,528,20,239,8,5,7,2,1,-64,10,3928,28585,88,100,2,0,0
1335,11,7,1024,10,156,7,21,7,1,2,-52,2,1579,16802,74,100,3,0,0
1336,15,10,1280,10,104,4,9,7,1,2,-70,0,1758,11735,72,100,4,0,0
1340,7,3,768,10,269,7,5,7,1,3,-52,8,1628,21149,85,100,2,0,0
1340,6,3,768,10,211,7,6,7,1,3,-70,2,1267,15213,66,100,2,0,0
1336,14,11,1280,0,110,6,11,7,1,2,-70,1,589,5183,69,100,2,0,0
1341,1,0,256,0,21,0,0,4,0,0,0,10,1131,10702,738,100,1,0,0
1340,10,6,1024,0,191,14,5,7,1,6,-52,2,1004,8915,69,100,2,0,0
1341,9,5,1024,10,214,11,3,7,1,4,-52,0,755,13994,78,100,2,0,0
1343,4,1,512,10,237,14,5,7,1,3,-66,9,2401,25494,88,100,2,0,0
1343,2,1,512,0,219,13,1,6,1,4,-88,3,1500,18217,87,100,2,0,0
1343,5,4,768,10,260,9,1,6,1,1,-52,1,867,12734,87,100,1,0,0
1342,14,11,1280,0,112,6,11,7,1,2,-70,1,732,5361,69,100,2,0,0
1347,7,3,768,0,271,7,5,7,1,3,-52,8,1467,15797,86,100,1,0,0
1348,4,1,512,20,240,14,5,7,1,3,-66,9,1098,11763,88,100,1,0,0
1348,3,1,512,10,241,8,5,7,2,1,-64,10,4130,30809,89,100,2,0,0
1346,11,7,1024,0,159,7,21,7,1,2,-52,2,1658,19237,75,100,3,0,0
1348,9,5,1024,10,215,11,3,7,1,4,-52,0,562,9049,79,100,2,0,0
1347,15,10,1280,0,104,4,9,7,1,2,-70,1,955,11479,73,100,2,0,0
1349,5,4,768,0,262,9,1,6,1,1,-52,1,940,8407,88,100,1,0,0
1350,6,3,768,0,212,7,6,7,1,3,-70,2,1284,14832,66,100,1,0,0
1346,14,11,1280,10,112,6,11,7,1,2,-70,1,547,4728,70,100,1,0,0
1351,2,1,691,20,222,13,1,6,1,4,-88,3,1002,14092,88,100,1,0,0
1351,1,0,256,0,21,0,0,4,0,0,0,10,2055,22665,747,100,2,0,0
1349,10,6,1024,10,195,14,5,7,1,6,-52,2,1329,14545,70,100,3,0,0
1354,6,3,768,10,212,7,6,7,1,3,-70,2,665,6963,67,100,1,0,0
1355,3,1,512,0,241,8,5,7,2,1,-64,10,1833,14690,89,100,1,0,0
1355,4,1,512,0,242,14,5,7,1,3,-66,9,1131,15322,88,100,1,0,0
1356,7,3,768,0,273,7,5,7,1,3,-52,8,1567,19862,86,100,3,0,0
1356,5,4,768,0,263,9,1,6,1,1,-52,1,736,10549,88,100,1,0,0
1358,9,5,1024,0,218,11,3,7,1,4,-52,0,938,12782,79,100,2,0,0
1331,12,7,1152,100,223,10,12,7,0,3,-70,4,1103,17862,77,100,3,0,0
1358,11,7,1024,0,160,7,21,7,1,2,-52,2,1198,16155,76,100,3,0,0
1360,2,1,512,0,223,13,1,6,1,4,-88,3,586,15610,88,100,2,0,0
1340,12,7,1152,90,226,10,12,7,0,3,-70,4,1249,15976,78,100,2,0,0
1344,12,7,1152,90,226,10,12,7,0,3,-70,4,330,7683,78,100,2,0,0
1359,4,1,512,20,244,14,5,7,1,3,-66,9,897,9766,88,100,1,1,1
1350,12,7,1152,100,227,10,12,7,0,3,-70,4,615,10764,78,100,1,0,0
1361,1,0,256,0,21,0,0,4,0,0,0,10,1529,22042,751,100,1,0,0
1360,7,3,768,30,276,7,5,7,1,3,-52,8,2010,15505,86,100,2,0,0
1360,6,3,768,10,216,7,6,7,1,3,-70,2,1259,13300,67,100,2,0,0
1359,14,11,1280,10,116,6,11,7,1,2,-70,1,1312,12979,70,100,3,0,0
1358,15,10,1280,0,106,4,10,7,1,2,-70,1,936,11927,73,100,3,0,0
1361,12,7,1038,40,231,10,12,7,1,3,-70,4,2668,18482,79,100,4,0,0
1360,10,6,1024,0,200,14,5,7,1,6,-52,2,1472,18179,71,100,4,0,0
1330,8,3,896,100,224,13,33,7,0,5,-70,5,662,12746,78,100,1,0,0
1364,2,1,512,10,225,13,1,6,1,4,-88,3,526,8059,89,100,1,0,0
1342,8,3,896,80,227,13,33,7,0,5,-70,5,1024,22538,78,100,2,0,0
1364,9,5,1024,0,219,11,3,7,1,4,-52,0,518,7836,80,100,1,0,0
1348,8,3,896,90,228,13,33,7,0,5,-70,5,712,12546,79,100,1,0,0
1358,8,3,896,100,230,13,34,7,0,5,-70,5,940,18867,79,100,3,0,0
1325,20,16,1920,80,25,1,18,5,0,1,-52,0,169,4586,20,100,1,0,0
1367,3,1,512,20,244,8,5,7,2,1,-64,9,6916,39875,90,100,2,0,0
1366,4,1,512,0,245,14,5,7,1,3,-66,9,1392,16625,88,50,2,1,1
1332,20,15,1664,90,26,2,18,5,0,2,-70,0,335,7684,20,100,1,0,0
1362,8,3,768,90,230,13,34,7,1,5,-70,5,795,11966,80,100,1,0,0
1365,10,6,1024,0,200,14,5,7,1,6,-52,2,947,7877,71,100,1,0,0
1339,20,15,1664,90,29,3,18,6,0,2,-70,0,714,6784,20,100,3,0,0
1368,1,0,256,0,21,0,0,4,0,0,0,10,1969,17020,760,100,2,0,0
1366,13,8,1024,20,235,12,4,7,1,4,-70,1,1430,22138,79,100,3,0,0
1368,9,5,1024,0,221,11,3,7,1,4,-52,0,599,6355,80,100,2,0,0
1345,20,15,1664,90,31,3,18,7,0,2,-70,0,599,5272,20,100,2,0,0
1370,4,1,512,0,246,14,5,7,1,3,-66,9,507,8516,88,100,0,1,1
1370,13,8,1024,0,236,12,4,7,1,4,-70,1,716,8189,79,100,1,0,0
1369,6,3,768,20,219,7,6,7,1,3,-70,2,2752,18572,68,100,2,0,0
1371,2,1,512,10,227,13,1,6,1,4,-88,3,881,13465,89,100,2,0,0
1370,14,11,1280,10,120,6,11,7,1,2,-70,1,1179,11698,71,100,4,0,0
1353,20,15,1664,90,33,3,18,7,0,2,-70,0,311,6761,21,100,1,0,0
1371,7,3,768,30,279,7,5,7,1,3,-52,8,2456,29929,86,40,3,1,1
1360,20,15,1664,80,35,3,18,7,0,2,-70,0,933,6406,21,100,4,0,0
1372,8,3,768,0,233,13,34,7,1,5,-70,5,2419,22260,80,100,4,0,0
1369,15,10,1280,50,110,4,10,7,1,2,-70,1,3392,19334,74,100,3,0,0
1370,12,7,1024,10,240,10,12,7,1,3,-70,4,2160,21329,80,100,3,0,0
1371,10,6,1024,10,204,14,5,7,1,6,-52,2,1896,11640,71,100,2,0,0
1372,17,12,1408,0,161,3,11,7,1,1,-70,0,922,6597,60,100,3,1,3
1367,20,15,1536,40,38,3,18,7,1,2,-70,0,2097,8972,22,100,2,0,0
1376,3,1,512,10,244,8,5,7,2,1,-64,9,5516,32671,90,100,2,0,0
1375,6,3,768,40,219,7,6,7,1,3,-70,2,1800,11495,68,100,1,0,0
1376,1,0,256,0,21,0,0,4,0,0,0,10,1627,19954,767,100,1,0,0
1377,2,1,512,10,229,13,1,6,1,4,-88,3,547,9999,89,100,1,0,0
1372,20,15,1536,10,40,3,18,7,1,2,-70,0,858,6116,22,100,1,0,0
1377,8,3,768,0,234,13,34,7,1,5,-70,5,785,12075,81,100,1,0,0
1379,7,3,768,0,285,7,5,7,1,3,-52,8,1845,18733,87,50,2,1,1
1378,14,11,1280,0,125,6,11,7,1,2,-70,1,1257,12043,72,100,2,0,0
1380,4,1,512,0,248,14,5,7,1,3,-66,9,1452,21185,89,20,2,1,1
1376,17,12,1408,0,162,3,12,7,1,1,-70,0,397,3976,60,100,2,1,3
1380,10,6,1024,20,205,14,5,7,1,6,-52,2,1579,14847,72,100,2,0,0
1378,15,10,1280,10,114,4,10,7,1,2,-70,1,2400,13550,75,100,3,0,0
1384,3,1,512,0,245,8,5,7,2,1,-64,9,3604,23210,91,100,1,0,0
1384,1,0,256,0,21,0,0,4,0,0,0,10,1517,16704,774,100,2,0,0
1384,8,3,768,20,235,13,34,7,1,5,-70,5,681,12145,81,100,2,0,0
1380,20,15,1536,0,45,3,18,7,1,2,-70,0,1488,10433,23,100,3,0,0
1382,13,8,1024,10,239,12,4,7,1,4,-70,1,1150,20661,80,100,3,0,0
1387,6,3,768,10,223,7,6,7,1,3,-70,2,2374,18245,69,100,4,0,0
1386,2,1,512,10,232,13,1,6,1,4,-88,3,981,16810,90,100,2,0,0
1388,7,3,768,0,287,7,5,7,1,3,-52,8,1802,21339,87,25,3,1,1
1387,5,4,768,10,271,9,1,6,1,1,-52,1,620,8526,90,100,1,0,0
1387,10,6,1024,0,208,14,5,7,1,6,-52,2,1104,11736,72,100,2,0,0
1389,8,3,768,0,237,13,34,7,1,5,-70,5,914,10363,81,100,1,0,0
1386,15,10,1280,0,117,4,10,7,1,2,-70,1,1626,12549,75,100,3,0,0
1390,1,0,256,0,21,0,0,4,0,0,0,10,1134,14011,777,100,1,0,0
1391,3,1,512,0,246,8,5,7,2,1,-64,9,3162,23242,91,100,3,0,0
1391,4,1,512,0,250,14,5,7,1,3,-66,9,1630,25006,90,50,2,1,1
1390,17,12,1408,10,166,3,16,7,1,1,-70,0,705,6947,61,100,4,1,3
1393,13,8,1024,0,244,12,4,7,1,4,-70,1,1302,19039,81,100,4,0,0
1392,20,15,1536,10,51,3,18,7,1,2,-70,0,1027,12150,23,100,4,0,0
1394,6,3,768,20,225,7,6,7,1,3,-70,2,1774,16124,70,100,3,0,0
1394,7,3,768,10,289,7,5,7,1,3,-52,7,1508,19409,88,40,2,1,1
1395,10,6,1024,0,209,14,5,7,1,6,-52,2,1192,12506,73,100,3,0,0
1395,17,12,1408,0,167,3,17,7,1,1,-70,0,692,6163,62,100,2,1,3
1396,2,1,512,20,236,13,1,6,1,4,-88,3,1594,22693,91,100,2,0,0
1398,1,0,256,0,21,0,0,4,0,0,0,10,1710,18766,787,100,1,0,0
1397,8,3,768,0,240,13,34,7,1,5,-70,5,1396,19956,82,100,3,0,0
1398,13,8,1024,0,246,12,4,7,1,4,-70,1,584,8604,81,100,1,0,0
1396,15,10,1280,0,120,4,10,7,1,2,-70,1,1399,13511,76,100,2,0,0
1399,10,6,1024,0,209,14,5,7,1,6,-52,2,680,7592,73,100,1,0,0
1400,4,1,512,0,253,14,5,7,1,3,-66,9,1364,18554,90,33,2,1,1
1399,9,5,1024,10,228,11,3,7,1,4,-52,0,630,9362,82,100,1,0,0
1402,1,0,256,0,21,0,0,4,0,0,0,10,765,8816,789,100,1,0,0
1400,15,10,1280,0,122,4,10,7,1,2,-70,1,669,5914,76,100,1,0,0
1398,17,12,1408,0,169,3,18,7,1,1,-70,0,504,4450,62,100,2,1,3
1402,3,1,512,30,249,8,5,7,2,1,-64,9,5555,35264,92,100,3,0,0
1400,20,15,1536,0,53,3,18,7,1,2,-70,0,1012,9328,24,100,2,0,0
1402,8,3,768,0,241,13,34,7,1,5,-70,5,1040,11865,82,100,1,0,0
1403,6,3,768,0,228,7,6,7,1,3,-70,2,2174,15673,70,100,3,0,0
1404,14,11,1280,0,135,6,11,7,1,2,-70,1,700,9157,73,100,2,0,0
1404,4,1,512,0,255,14,5,7,1,3,-66,9,894,10178,91,100,0,1,1
1405,10,6,1024,0,210,14,5,7,1,6,-52,2,1115,9805,74,100,1,0,0
1405,15,10,1280,0,125,4,10,7,1,2,-70,1,1049,7484,77,100,2,0,0
1405,7,3,768,10,295,7,5,7,1,3,-52,7,2993,28828,89,50,2,1,1
1407,8,3,768,0,242,13,34,7,1,5,-70,5,814,10103,83,100,2,0,0
1407,5,4,768,10,275,9,1,6,1,1,-52,1,1555,18485,92,100,2,0,0
1407,2,1,512,0,241,13,1,6,1,4,-88,3,1286,19833,91,100,1,0,0
1409,13,8,1024,10,250,12,4,7,1,4,-70,1,1504,19956,82,100,3,0,0
1410,3,1,512,20,251,8,5,7,2,1,-64,9,3503,25716,93,100,1,0,0
1412,1,0,256,0,21,0,0,4,0,0,0,10,2215,23806,800,100,2,0,0
1409,20,15,1536,0,55,3,18,7,1,2,-70,0,574,7859,25,100,2,0,0
1411,8,3,768,0,244,13,34,7,1,5,-70,5,1024,10417,83,100,2,0,0
1412,4,1,512,10,257,14,5,7,1,3,-66,9,1135,17241,91,40,2,1,1
1412,6,3,768,10,230,7,6,7,1,3,-70,2,1622,15553,71,100,1,0,0
1414,13,8,1024,0,251,12,4,7,1,4,-70,1,419,9157,82,100,1,0,0
1410,12,7,1024,0,253,10,12,7,1,3,-70,2,1816,21379,82,100,3,0,0
1388,18,14,1664,90,80,5,5,5,0,1,-52,0,383,4211,73,100,1,0,0
1414,10,6,1024,0,213,14,5,7,1,6,-52,2,1436,16294,74,100,3,0,0
1398,18,14,1664,100,81,5,5,5,0,1,-52,0,587,8775,74,100,2,0,0
1417,1,0,256,0,21,0,0,4,0,0,0,10,1017,11638,803,100,1,0,0
1417,7,3,768,50,300,7,5,7,1,3,-52,7,3632,30692,89,52,3,1,1
1415,15,10,1280,0,128,4,10,7,1,2,-70,1,1329,13749,77,100,3,0,0
1415,18,14,1536,0,82,5,5,5,1,1,-52,0,1261,7907,75,100,2,0,0
1415,17,12,1280,10,176,3,22,7,1,1,-70,0,1318,8459,63,100,2,1,3
1416,11,7,1024,10,181,7,26,7,1,2,-52,2,2844,19205,80,100,2,0,0
1419,2,1,815,20,243,13,1,6,1,4,-88,3,1204,19135,92,100,2,0,0
1421,3,1,512,0,255,8,6,7,2,1,-64,9,5039,33201,93,100,3,0,0
1421,6,3,768,20,233,7,6,7,1,3,-70,2,1796,15044,71,100,2,0,0
1422,5,4,768,0,278,9,1,6,1,1,-52,1,1099,10226,93,100,2,0,0
1416,20,15,1536,0,58,3,18,7,1,2,-70,0,1011,7597,25,100,2,0,0
1418,14,11,1280,0,140,6,11,7,1,2,-70,1,1063,7561,74,100,1,0,0
1419,17,12,1280,10,177,3,23,7,1,1,-70,0,472,3917,63,100,2,1,3
1422,7,3,768,10,302,7,5,7,1,3,-52,7,1892,14756,90,50,2,1,1
1422,8,3,768,20,247,13,34,7,1,5,-70,5,2047,24430,84,100,3,0,0
1420,13,8,1024,10,252,12,4,7,1,4,-70,1,524,10786,83,100,1,0,0
1424,4,1,512,10,259,14,5,7,1,3,-66,9,1676,25424,92,50,2,1,1
1422,10,6,1024,0,215,14,5,7,1,6,-52,2,1429,13979,75,100,2,0,0
1420,20,15,1536,0,61,3,18,7,1,2,-70,0,957,5755,25,100,2,0,0
1426,2,1,555,10,245,13,1,6,1,4,-88,3,1189,13935,93,100,3,0,0
1423,15,10,1300,20,133,4,10,7,1,2,-70,1,2316,13909,78,100,2,0,0
1424,13,8,1024,0,254,12,4,7,1,4,-70,1,471,7095,83,100,2,0,0
1425,17,12,1280,10,179,3,24,7,1,1,-70,0,693,6299,64,100,4,1,3
1428,9,5,1024,0,240,11,3,7,1,4,-52,0,938,12770,84,100,2,0,0
1429,1,0,256,0,21,0,0,4,0,0,0,10,2850,28177,818,100,2,0,0
1430,3,1,512,0,258,8,6,7,2,1,-64,9,4821,26690,94,100,1,0,0
1428,6,3,768,10,235,7,6,7,1,3,-70,2,2065,13534,72,100,2,0,0
1427,20,15,1536,0,63,3,18,7,1,2,-70,0,601,6529,26,100,2,0,0
1430,11,7,1024,0,188,7,28,7,1,2,-52,2,1360,11100,81,100,3,0,0
1430,18,14,1536,10,89,5,5,5,1,1,-52,0,1246,11632,76,100,4,0,0
1432,2,1,692,10,248,13,1,6,1,4,-88,3,965,12696,93,100,1,0,0
1432,7,3,768,0,305,7,5,7,1,3,-52,7,2670,27412,90,69,3,1,1
1433,4,1,512,0,260,14,5,7,1,3,-66,9,1352,20299,93,50,1,1,1
1432,14,11,1280,0,147,6,11,7,1,2,-70,1,1024,9382,75,100,1,0,0
1433,10,6,1024,0,219,14,5,7,1,6,-52,2,1847,16895,76,100,3,0,0
1432,13,8,1024,10,257,12,4,7,1,4,-70,1,803,15250,83,100,2,0,0
1434,8,3,768,10,250,13,34,7,1,5,-70,5,1828,26061,85,100,3,0,0
1434,15,10,1280,20,137,4,10,7,1,2,-70,1,1753,15038,79,100,4,0,0
1432,12,7,1024,20,262,10,12,7,1,3,-70,2,1097,11958,84,100,2,0,0
1433,20,15,1536,0,64,3,18,7,1,2,-70,0,629,6744,26,100,2,0,0
1436,6,3,768,0,237,7,6,7,1,3,-70,2,1611,14143,72,100,2,0,0
1436,13,8,1024,10,259,12,4,7,1,4,-70,1,740,8949,84,100,1,0,0
1439,3,1,512,20,261,8,6,7,2,1,-64,9,4841,30117,95,100,2,0,0
1438,7,3,768,0,308,7,5,7,1,3,-52,7,1502,16470,91,40,1,1,1
1441,1,0,256,0,21,0,0,4,0,0,0,10,2866,28938,830,100,2,0,0
1436,18,14,1536,0,91,5,5,5,1,1,-52,0,761,6377,77,100,2,0,0
1440,17,12,1280,0,184,3,28,7,1,1,-70,0,631,5090,65,100,4,1,3
1442,2,1,523,0,250,13,1,6,1,4,-88,3,1458,19386,94,100,2,0,0
1440,15,10,1280,0,139,4,10,7,1,2,-70,1,875,8064,79,100,2,0,0
1442,18,14,1536,0,92,5,5,5,1,1,-52,0,415,5704,77,100,1,0,0
1444,13,8,1024,0,263,12,4,7,1,4,-70,1,998,13730,84,100,3,0,0
1445,4,1,512,10,262,14,5,7,1,3,-66,9,1629,24482,93,33,3,1,1
1442,20,15,1536,0,66,3,18,7,1,2,-70,0,710,9738,27,100,2,0,0
1444,7,3,768,10,312,7,5,7,1,3,-52,7,1891,16502,91,87,1,1,1
1447,3,1,512,30,264,8,6,7,2,1,-64,9,3814,24286,95,100,2,0,0
1445,8,3,768,0,254,13,34,7,1,5,-70,5,1770,23705,85,100,4,0,0
1444,6,3,768,10,242,7,6,7,1,3,-70,2,1722,14768,73,100,3,0,0
1445,10,6,1024,10,223,14,5,7,1,6,-52,2,2586,20620,76,100,3,0,0
1444,12,7,1024,0,266,10,12,7,1,3,-70,2,1991,22599,85,100,4,0,0
1444,14,11,1280,0,151,6,11,7,1,2,-70,1,1793,16786,76,100,3,0,0
1449,4,1,512,0,263,14,5,7,1,3,-66,9,762,10216,94,0,0,1,1
1450,5,4,768,10,287,9,1,6,1,1,-52,1,1275,18333,95,100,2,0,0
1448,20,15,1536,0,68,3,18,7,1,2,-70,0,710,5911,27,100,3,0,0
1447,11,7,1024,0,193,7,29,7,1,2,-52,2,2239,17435,82,100,4,0,0
1451,1,0,256,0,21,0,0,4,0,0,0,10,2114,23709,838,100,2,0,0
1450,15,10,1280,0,144,4,10,7,1,2,-70,1,1560,14099,80,100,4,0,0
1448,18,14,1536,0,93,5,5,5,1,1,-52,0,415,6053,77,100,1,0,0
1453,7,3,768,10,316,7,5,7,1,3,-52,7,2269,18254,92,100,1,1,1
1452,6,3,768,0,244,7,6,7,1,3,-70,2,1486,12624,73,100,1,0,0
1452,2,1,512,0,252,13,1,6,1,4,-88,3,702,17374,94,100,1,0,0
1449,17,12,1280,0,187,3,30,7,1,1,-70,0,859,9920,65,100,4,1,3
1451,14,11,1280,0,153,6,11,7,1,2,-70,1,884,7555,76,100,2,0,0
1452,8,3,768,30,257,13,34,7,1,5,-70,5,903,15565,86,100,2,0,0
1452,12,7,1024,0,273,10,12,7,1,3,-70,2,1553,16020,85,100,3,0,0
1456,3,1,512,20,267,8,6,7,2,1,-64,9,6096,31494,96,100,2,0,0
1452,13,8,1024,0,265,12,4,7,1,4,-70,1,882,15051,85,100,3,0,0
1453,18,14,1536,0,95,5,5,5,1,1,-52,0,661,5898,78,100,1,0,0
1454,15,10,1280,0,147,4,10,7,1,2,-70,1,692,6228,80,100,2,0,0
1456,10,6,1024,0,229,14,5,7,1,6,-52,2,2084,19992,77,100,4,0,0
1458,4,1,512,10,265,14,5,7,1,3,-66,9,1375,20057,94,33,2,1,1
1459,1,0,256,0,21,0,0,4,0,0,0,10,1750,19452,847,100,1,0,0
1458,8,3,768,10,257,13,34,7,1,5,-70,5,1112,14943,86,100,1,0,0
1457,13,8,1024,0,268,12,4,7,1,4,-70,1,708,9462,85,100,2,0,0
1458,11,7,1024,10,197,7,30,7,1,2,-52,2,2181,20009,83,100,4,0,0
1458,17,12,1280,0,189,3,34,7,1,1,-70,0,783,8584,66,100,7,1,3
1457,9,5,1024,0,254,11,3,7,1,4,-52,0,763,6667,86,100,2,0,0
1459,15,10,1280,10,148,4,10,7,1,2,-70,1,901,7577,80,100,1,0,0
1458,20,15,1536,30,74,3,18,7,1,2,-70,0,1362,10633,28,100,4,0,0
1461,5,4,768,0,287,9,1,6,1,1,-52,1,1386,18339,95,100,2,0,0
1461,6,3,768,30,249,7,6,7,1,3,-70,2,1978,15606,74,100,4,0,0
1462,2,1,512,0,253,13,1,6,1,4,-88,3,1012,17812,95,100,2,0,0
1461,14,11,1280,10,155,6,11,7,1,2,-70,1,1698,15706,77,100,4,0,0
1464,7,3,768,0,318,7,5,7,1,3,-52,7,3177,31621,92,100,3,1,1
1460,10,6,1024,0,229,14,5,7,1,6,-52,2,937,7322,77,100,1,0,0
1461,12,7,1024,0,276,10,12,7,1,3,-70,2,1751,18380,86,100,3,0,0
1464,8,3,768,0,258,13,35,7,1,5,-70,5,842,15273,86,100,2,0,0
1465,3,1,512,30,270,8,6,7,2,1,-64,9,5794,32707,96,100,3,0,0
1466,1,0,256,0,21,0,0,4,0,0,0,10,1649,17190,854,100,1,0,0
1466,9,5,1024,0,257,11,3,7,1,4,-52,0,744,11128,86,100,3,0,0
1462,18,14,1536,0,96,5,5,5,1,1,-52,0,415,8047,78,100,1,0,0
1465,13,8,1024,0,272,12,4,7,1,4,-70,1,857,15555,86,100,3,0,0
1468,4,1,512,0,270,14,5,7,1,3,-66,9,2379,23223,95,100,3,1,1
1468,6,3,768,20,252,7,6,7,1,3,-70,2,1832,13944,75,100,2,0,0
1468,2,1,512,0,254,13,1,6,1,4,-88,3,639,10941,95,100,1,0,0
1466,10,6,1024,0,232,14,5,7,1,6,-52,2,952,10143,78,100,1,0,0
1469,3,1,512,20,271,8,6,7,2,1,-64,9,2265,14811,97,100,2,0,0
1468,12,7,1024,0,277,10,12,7,1,3,-70,2,961,11900,86,100,3,0,0
1465,15,10,1280,10,150,4,10,7,1,2,-70,1,1056,9077,81,100,2,0,0
1467,20,15,1536,0,76,3,18,7,1,2,-70,0,1159,10298,28,100,2,0,0
1468,5,4,768,10,292,9,1,6,1,1,-52,1,1270,13323,96,100,2,0,0
1471,1,0,256,0,21,0,0,4,0,0,0,10,1682,13595,861,100,1,0,0
1470,11,7,1024,0,202,7,30,7,1,2,-52,2,1724,19953,83,100,4,0,0
1471,9,5,1024,0,261,11,3,7,1,4,-52,0,819,7321,87,100,2,0,0
1469,18,14,1536,0,98,5,5,5,1,1,-52,0,808,7458,79,100,3,0,0
1472,8,3,768,0,261,13,35,7,1,5,-70,5,1415,19156,87,100,4,0,0
1471,15,10,1280,0,152,4,10,7,1,2,-70,1,973,8637,81,100,2,0,0
1471,7,3,768,0,322,7,5,7,1,3,-52,7,2109,23551,93,100,2,1,1
1472,13,8,1024,0,274,12,4,7,1,4,-70,1,566,10578,86,100,2,0,0
1469,17,12,1280,20,194,3,36,7,1,1,-70,0,1068,11283,66,100,6,1,3
1472,6,3,768,0,254,7,6,7,1,3,-70,2,1415,9022,75,100,2,0,0
1472,14,11,1280,0,159,6,11,7,1,2,-70,1,2068,16330,78,100,3,0,0
1475,2,1,512,20,256,13,1,6,1,4,-88,3,948,12805,96,100,1,0,0
1475,3,1,512,10,272,8,6,7,2,1,-64,9,4088,20957,97,100,2,0,0
1475,5,4,768,20,297,9,1,6,1,1,-52,1,1274,12148,96,100,3,0,0
1474,10,6,1024,0,232,14,5,7,1,6,-52,2,1163,12479,78,100,2,0,0
1475,12,7,1024,0,279,10,12,7,1,3,-70,2,1129,13611,87,100,2,0,0
1477,13,8,1024,0,277,12,4,7,1,4,-70,1,601,8877,86,100,2,0,0
1475,18,14,1536,0,101,5,5,5,1,1,-52,0,581,5645,79,100,1,0,0
1477,6,3,768,10,256,7,6,7,1,3,-70,2,1033,8433,75,100,2,0,0
1478,8,3,768,20,263,13,35,7,1,5,-70,5,1044,15682,87,100,2,0,0
1479,1,0,256,0,21,0,0,4,0,0,0,10,1777,19299,868,100,2,0,0
1478,4,1,512,10,273,14,5,7,1,3,-66,9,2300,23845,96,100,3,1,1
1477,20,15,1536,0,81,3,18,7,1,2,-70,0,914,10856,29,100,3,0,0
1476,17,12,1280,0,199,3,38,7,1,1,-70,0,1312,8767,67,100,4,1,3
1481,2,1,512,0,257,13,1,6,1,4,-88,3,1139,12881,96,100,1,0,0
1480,11,7,1024,0,206,7,31,7,1,2,-52,2,1781,17388,84,100,5,0,0
1483,8,3,768,10,264,13,35,7,1,5,-70,5,758,10812,88,100,1,0,0
1481,7,3,768,0,324,7,5,7,1,3,-52,7,2656,26478,94,100,4,1,1
1481,9,5,1024,0,266,11,3,7,1,4,-52,0,1180,12654,87,100,3,0,0
1483,1,0,256,0,21,0,0,4,0,0,0,10,950,9591,873,100,1,0,0
1484,5,4,768,0,297,9,1,6,1,1,-52,1,995,13520,97,100,1,0,0
1484,13,8,1024,0,277,12,4,7,1,4,-70,1,369,77450,87,100,1,0,0
1482,14,11,1280,20,163,6,11,7,1,2,-70,1,1774,14736,78,100,3,0,0
1486,3,1,512,20,276,8,6,7,2,1,-64,9,4722,30041,98,100,3,0,0
1483,6,3,768,30,257,7,6,7,1,3,-70,2,962,9308,76,100,1,0,0
1484,12,7,1024,0,284,10,12,7,1,3,-70,2,1629,17140,87,100,4,0,0
1483,15,10,1280,0,158,4,10,7,1,2,-70,1,1702,16746,82,100,3,0,0
1487,4,1,512,10,276,14,5,7,1,3,-66,9,1777,19081,96,100,2,1,1
1486,11,7,1024,0,208,7,31,7,1,2,-52,2,980,8859,84,100,2,0,0
1486,18,14,1536,0,104,5,5,5,1,1,-52,0,962,11098,80,100,2,0,0
1487,7,3,768,10,325,7,5,7,1,3,-52,7,1330,13949,94,100,2,1,1
1484,10,6,1024,10,236,14,5,7,1,6,-52,2,2029,16823,79,100,4,0,0
1489,9,5,1024,0,270,11,3,7,1,4,-52,0,788,9605,88,100,2,0,0
1489,6,3,768,20,260,7,6,7,1,3,-70,2,1835,11361,76,100,2,0,0
1491,8,3,768,0,266,13,35,7,1,5,-70,5,893,19711,88,100,2,0,0
1492,4,1,512,0,276,14,5,7,1,3,-66,9,714,11209,97,100,1,1,1
1492,1,0,256,0,21,0,0,4,0,0,0,10,1694,20514,882,100,1,0,0
1491,5,4,768,10,298,9,1,6,1,1,-52,1,836,11599,97,100,2,0,0
1486,20,15,1536,0,85,3,18,7,1,2,-70,0,1098,9970,30,100,3,0,0
1493,3,1,512,40,277,8,6,7,2,1,-64,9,4305,27655,98,100,2,0,0
1493,2,1,512,30,259,13,1,6,1,4,-88,3,1032,21357,97,100,3,0,0
1491,11,7,1024,0,211,7,31,7,1,2,-52,2,1223,11177,85,100,1,0,0
1492,13,8,1024,0,280,12,4,7,1,4,-70,1,984,14895,87,100,3,0,0
1494,15,10,1280,10,163,4,10,7,1,2,-70,1,1916,16588,82,100,4,0,0
1493,7,3,768,0,326,7,5,7,1,3,-52,7,1504,16728,95,100,1,1,1
1495,10,6,1024,0,238,14,5,7,1,6,-52,2,1367,16555,80,100,1,0,0
1492,14,11,1280,0,167,6,11,7,1,2,-70,1,1584,14852,79,100,4,0,0
1493,18,14,1536,10,105,5,5,5,1,1,-52,0,417,7205,80,100,1,0,0
1497,9,5,1024,10,274,11,3,7,1,4,-52,0,653,11228,88,100,1,0,0
1496,12,7,1024,0,286,10,12,7,1,3,-70,2,1406,21859,88,100,3,0,0
1499,8,3,768,0,271,13,36,7,1,5,-70,5,1764,20911,89,100,4,0,0
1498,6,3,768,10,264,7,6,7,1,3,-70,2,2928,18277,77,100,3,0,0
1499,4,1,512,20,280,14,5,7,1,3,-66,9,1538,15987,97,100,3,1,1
1499,13,8,1024,10,285,12,4,7,1,4,-70,1,1146,12209,88,100,3,0,0
1502,1,0,256,0,21,0,0,4,0,0,0,10,2438,23333,896,100,2,0,0
1498,20,15,1536,20,89,3,18,7,1,2,-70,0,1153,12500,31,100,4,0,0
1502,5,4,768,0,299,9,1,6,1,1,-52,1,1219,17562,98,100,2,0,0
1502,3,1,512,0,279,8,6,7,2,1,-64,10,5518,30850,99,100,3,0,0
1500,15,10,1280,10,166,4,10,7,1,2,-70,1,1070,8624,83,100,2,0,0
1502,7,3,768,10,331,7,5,7,1,3,-52,7,2394,22544,95,83,3,1,1
1503,6,3,768,0,265,7,6,7,1,3,-70,2,1168,8960,77,100,1,0,0
1505,2,1,541,10,261,13,1,6,1,4,-88,3,1351,21441,98,100,2,0,0
1504,9,5,1024,0,277,11,3,7,1,4,-52,0,1099,10143,89,100,4,0,0
1504,10,6,1024,0,242,14,5,7,1,6,-52,2,1670,16337,80,100,3,0,0
1507,13,8,1024,0,290,12,4,7,1,4,-70,2,1151,15312,88,100,3,0,0
1507,4,1,512,10,284,14,5,7,1,3,-66,9,1627,17478,98,100,2,1,1
1507,1,0,256,0,21,0,0,4,0,0,0,10,1198,13364,899,100,1,0,0
1507,15,10,1280,0,166,4,10,7,1,2,-70,1,679,9090,83,100,1,0,0
1486,17,12,1280,10,202,3,40,7,1,1,-70,0,1073,10643,68,100,5,1,3
1500,17,13,1408,70,207,5,40,7,0,2,-52,0,1240,11814,68,100,3,1,3
1510,8,3,768,0,278,13,36,7,1,5,-70,5,2381,27110,89,100,3,0,0
1509,6,3,768,0,269,7,6,7,1,3,-70,2,1406,10160,77,100,2,0,0
1510,2,1,512,0,262,13,1,6,1,4,-88,3,628,10448,98,100,1,0,0
1507,17,13,1408,90,209,5,43,7,0,2,-52,0,1037,7090,69,100,6,1,3
1511,7,3,768,10,333,7,5,7,1,3,-52,7,2095,23836,96,40,2,1,1
1510,5,4,768,0,303,9,1,6,1,1,-52,1,1031,13415,99,100,1,0,0
1512,3,1,512,0,281,8,6,7,2,1,-64,10,4283,28581,100,100,2,0,0
1511,11,7,1024,0,221,7,32,7,1,2,-52,2,2416,17171,86,100,3,0,0
1512,9,5,1024,0,280,11,3,7,1,4,-52,0,649,9929,89,100,2,0,0
1510,20,15,1536,0,95,3,18,7,1,2,-70,0,1228,12916,31,100,4,0,0
1513,1,0,256,0,21,0,0,4,0,0,0,10,1391,14507,908,100,1,0,0
1514,4,1,512,0,286,14,5,7,1,3,-66,9,1593,16573,98,100,1,1,1
1511,15,10,1280,10,168,4,10,7,1,2,-70,1,929,6266,84,100,2,0,0
1515,6,3,768,0,272,7,6,7,1,3,-70,2,1677,11802,78,100,1,0,0
1514,18,14,1536,0,113,5,5,5,1,1,-52,0,718,6582,82,100,1,0,0
1516,5,4,768,0,304,9,1,6,1,1,-52,1,869,9716,99,100,1,0,0
1517,7,3,768,0,337,7,5,7,1,3,-52,7,1331,14480,96,66,2,1,1
1517,8,3,768,30,281,13,36,7,1,5,-70,5,1572,17969,90,100,3,0,0
1516,17,13,1280,0,211,5,44,7,1,2,-52,0,1262,9710,69,100,4,1,3
1516,10,6,1024,0,243,14,5,7,1,6,-52,2,1883,18430,81,100,2,0,0
1518,15,10,1280,10,170,4,10,7,1,2,-70,1,744,8572,84,100,2,0,0
1518,13,8,1024,10,296,12,4,7,1,4,-70,2,2560,24731,89,100,4,0,0
1521,2,1,512,10,264,13,1,6,1,4,-88,3,984,18618,99,100,2,0,0
1521,3,1,512,10,286,8,6,7,2,1,-64,10,5251,29643,100,100,3,0,0
1523,5,4,768,0,306,9,1,6,1,1,-52,1,767,9277,99,100,1,0,0
1518,12,8,1024,0,296,11,12,7,1,4,-52,2,1310,21136,89,100,4,0,0
1523,1,0,256,0,21,0,0,4,0,0,0,10,2042,23154,915,100,2,0,0
1521,20,15,1536,0,97,3,18,7,1,2,-70,0,910,10833,32,100,3,0,0
1523,10,6,1024,10,246,14,5,7,1,6,-52,2,1334,11179,82,100,4,0,0
1525,2,1,512,20,265,13,1,6,1,4,-88,3,377,7071,99,100,1,0,0
1526,4,1,512,10,289,14,5,7,1,3,-66,9,2700,27395,99,57,4,1,1
1525,8,4,768,20,283,14,36,7,1,6,-52,6,2440,22695,90,100,1,0,0
1527,6,3,792,0,275,7,6,7,1,3,-70,2,2439,19839,78,100,4,0,0
1526,15,10,1280,30,175,4,10,7,1,2,-70,1,1707,12082,85,100,3,0,0
1530,2,1,512,0,265,13,1,6,1,4,-88,3,712,10584,100,100,1,0,0
1530,3,1,512,10,294,8,6,7,2,1,-64,10,5224,31575,101,100,4,0,0
1531,13,8,1024,0,299,12,4,7,1,4,-70,2,964,13021,90,100,1,0,0
1526,20,15,1536,0,99,3,18,7,1,2,-70,0,483,4846,32,100,2,0,0
1532,6,3,768,40,277,7,6,7,1,3,-70,2,1372,10060,79,100,2,0,0
1533,8,4,768,10,287,15,37,7,1,6,-52,6,2320,20237,90,100,4,0,0
1534,1,0,256,0,21,0,0,4,0,0,0,10,2215,24361,922,100,2,0,0
1530,10,6,1024,0,248,14,5,7,1,6,-52,2,1517,13906,82,100,2,0,0
1530,20,15,1536,10,102,3,18,7,1,2,-70,0,811,5250,33,100,2,0,0
1537,4,1,512,20,295,14,5,7,1,3,-66,10,2765,25845,100,18,4,1,1
1540,3,1,512,0,295,8,6,7,2,1,-64,10,1645,20925,101,100,2,0,0
1539,2,1,512,10,269,13,1,6,1,4,-88,3,1056,16589,100,100,1,0,0
1539,6,3,845,40,279,7,6,7,1,3,-70,2,1769,13125,79,100,3,0,0
1540,1,0,256,0,21,0,0,4,0,0,0,10,948,13827,925,100,1,0,0
1538,15,10,1280,0,178,4,10,7,1,2,-70,1,1984,16720,86,100,4,0,0
1543,4,1,512,10,296,14,5,7,1,3,-66,10,1573,14662,100,12,1,1,1
1539,10,6,1024,0,254,14,5,7,1,6,-52,2,2011,15068,83,100,3,0,0
1543,5,4,768,0,313,9,1,6,1,1,-52,1,1484,17231,101,100,2,0,0
1544,6,3,768,50,280,7,6,7,1,3,-70,2,1402,10913,80,100,0,0,0
1541,20,15,1536,10,106,3,18,7,1,2,-70,0,1068,10569,33,100,3,0,0
1545,2,1,512,20,271,13,1,6,1,4,-88,3,707,11050,101,100,1,0,0
1547,1,0,256,0,21,0,0,4,0,0,0,10,1421,15801,931,100,1,0,0
1544,13,8,1024,0,306,13,4,7,1,4,-70,2,1117,14391,91,100,2,0,0
1543,15,10,1280,0,179,4,10,7,1,2,-70,1,773,7129,86,100,1,0,0
1548,3,1,512,0,297,8,6,7,2,1,-64,10,3129,25611,102,100,3,0,0
1547,15,10,1280,0,181,4,10,7,1,2,-70,1,796,6064,86,100,2,0,0
1547,20,15,1536,0,109,3,18,7,1,2,-70,0,1030,8030,34,100,2,0,0
1544,12,8,1024,10,311,13,12,7,1,4,-52,2,1500,20921,90,100,4,0,0
1548,13,8,1024,10,307,13,4,7,1,4,-70,2,1065,9226,91,100,1,0,0
1552,3,1,512,0,297,8,6,7,2,1,-64,10,806,11481,102,100,1,0,0
1551,10,6,1024,0,261,14,5,7,1,6,-52,2,2404,20121,83,100,2,0,0
1550,5,4,768,10,315,9,1,6,1,1,-52,1,1028,12195,101,100,2,0,0
1554,4,1,512,30,302,14,5,7,1,3,-66,10,4799,32655,101,75,3,1,1
1551,8,4,768,0,295,15,37,7,1,6,-52,6,3690,31838,91,100,4,0,0
1551,17,13,1558,10,227,5,52,7,1,2,-52,0,566,4761,72,100,2,1,3
1555,6,3,768,0,283,7,6,7,1,3,-70,2,2602,19380,80,100,3,0,0
1552,12,8,1024,10,315,13,12,7,1,4,-52,2,1357,16341,91,100,2,0,0
1556,20,15,1536,0,112,3,18,7,1,2,-70,0,848,8429,34,100,4,0,0
1558,3,1,512,0,298,8,6,7,2,1,-64,10,1853,15012,103,100,1,0,0
1559,1,0,256,0,21,0,0,4,0,0,0,10,2110,25432,937,100,2,0,0
1557,2,1,512,20,273,13,1,6,1,4,-88,3,1625,22344,101,100,2,0,0
1557,15,10,1280,0,185,4,10,7,1,2,-70,1,1533,14303,87,100,2,0,0
1560,8,4,768,0,298,15,37,7,1,6,-52,6,2535,25333,92,100,3,0,0
1559,10,6,1024,0,262,14,5,7,1,6,-52,2,1213,13341,84,100,2,0,0
1563,2,1,546,30,276,13,1,6,1,4,-88,3,1186,11376,102,100,2,0,0
1563,4,1,512,10,304,14,5,7,1,3,-66,10,2289,20810,101,18,3,1,1
1563,13,8,1024,10,316,13,4,7,1,4,-70,2,1580,12956,92,100,2,0,0
1563,6,3,768,0,285,7,6,7,1,3,-70,2,1757,15376,81,100,3,0,0
1565,3,1,512,0,298,8,7,7,2,1,-64,10,1307,17807,103,100,2,0,0
1563,17,13,1280,0,230,5,55,7,1,2,-52,0,1345,12587,73,100,7,1,3
1565,8,4,768,20,299,15,37,7,1,6,-52,6,1059,13123,92,100,0,0,0
1565,15,10,1280,0,188,4,10,7,1,2,-70,1,1178,9997,87,100,4,0,0
1564,20,15,1536,10,115,3,18,7,1,2,-70,0,812,8209,35,100,2,0,0
1567,5,4,768,0,322,9,1,6,1,1,-52,1,1937,18021,102,100,3,0,0
1568,2,1,512,10,276,14,1,6,1,4,-88,3,706,10436,102,100,1,0,0
1567,10,6,1024,0,262,14,5,7,1,6,-52,2,1078,12518,84,100,2,0,0
1569,1,0,256,0,23,0,0,4,0,0,0,10,2380,24380,943,100,4,0,0
1570,3,1,512,10,299,9,7,7,2,1,-64,10,1440,16111,104,100,1,0,0
1571,6,3,768,20,288,7,6,7,1,3,-70,3,2134,15384,81,100,2,0,0
1569,20,15,1536,0,117,3,18,7,1,2,-70,0,525,5556,35,100,1,0,0
1573,4,1,512,0,306,15,5,7,1,3,-66,10,3102,26001,102,46,3,1,1
1575,1,0,256,0,23,0,0,4,0,0,0,10,1298,14173,948,100,1,0,0
1571,10,6,1024,10,265,14,5,7,1,6,-52,2,1062,8786,85,100,0,0,0
1575,15,10,1280,0,191,4,10,7,1,2,-70,1,1828,15084,88,100,3,0,0
1577,2,1,537,10,279,15,1,6,1,4,-88,3,1314,16964,103,100,3,0,0
1576,5,4,768,0,324,10,1,6,1,1,-52,1,722,7543,103,100,1,0,0
1576,8,4,768,0,306,15,37,7,1,6,-52,6,3065,29389,93,100,3,0,0
1577,6,3,768,0,290,7,6,7,1,3,-70,4,1579,10656,82,100,1,0,0
1578,17,13,1280,0,237,6,58,7,1,2,-52,0,604,5628,74,100,3,1,3
1577,20,15,1536,0,123,3,18,7,1,2,-70,0,1682,9322,36,100,4,0,0
1577,12,8,1024,0,323,13,12,7,1,4,-52,2,761,13606,92,100,2,0,0
1553,11,6,1152,70,237,10,35,7,0,3,-70,2,1073,10581,88,100,2,0,0
1563,11,6,1152,80,240,10,35,7,0,3,-70,2,1065,15424,88,100,3,0,0
1581,3,1,512,0,303,9,7,7,2,1,-64,10,3370,29283,104,100,2,0,0
1573,11,6,1152,70,242,10,35,7,0,3,-70,2,1440,16039,89,100,3,0,0
1582,13,8,1024,0,325,13,4,7,1,4,-70,2,2063,20529,93,100,4,0,0
1582,10,6,1024,10,270,14,5,7,1,6,-52,2,1777,17187,86,100,3,0,0
1578,11,6,1152,80,244,10,35,7,0,3,-70,2,628,7089,90,100,3,0,0
1586,2,1,512,0,284,15,1,6,1,4,-88,3,1175,15765,103,100,3,0,0
1577,14,11,1408,10,197,8,11,7,1,2,-70,1,1036,6593,85,100,1,0,0
1585,4,1,512,0,312,15,5,7,1,3,-66,10,3210,28783,103,33,3,1,1
1584,8,4,768,0,311,15,37,7,1,6,-52,6,2252,21975,93,100,4,0,0
1587,1,0,256,0,23,0,0,4,0,0,0,9,2117,25949,954,100,2,0,0
1585,5,4,768,0,326,10,1,6,1,1,-52,1,1014,14048,104,100,3,0,0
1586,6,3,768,0,294,7,6,7,1,3,-70,4,3443,21558,82,100,2,0,0
1582,18,14,1536,0,132,5,5,5,1,1,-52,0,729,7549,86,100,2,0,0
1589,3,1,512,0,305,9,7,7,2,1,-64,8,3082,24485,105,100,2,0,0
1584,15,10,1280,30,196,4,10,7,1,2,-70,1,1802,14152,89,100,3,0,0
1588,11,6,1024,0,248,10,35,7,1,3,-70,2,2829,19349,90,100,2,0,0
1587,20,15,1536,10,128,3,18,7,1,2,-70,0,1150,10869,36,100,2,0,0
1591,2,1,512,0,287,15,1,6,1,4,-88,3,819,10469,104,100,1,0,0
1588,15,10,1280,0,197,4,10,7,1,2,-70,1,1340,7213,89,100,1,0,0
1588,14,11,1408,10,204,8,11,7,1,2,-70,1,1747,15697,85,100,4,0,0
1594,1,0,256,0,23,0,0,4,0,0,0,9,1554,17146,959,100,2,0,0
1591,10,6,1024,0,274,14,5,7,1,6,-52,2,2056,16856,86,100,3,0,0
1595,4,1,512,0,315,15,5,7,1,3,-66,10,2398,23699,103,30,3,1,1
1595,12,8,1024,0,329,13,13,7,1,4,-52,2,1302,19534,93,100,5,0,0
1595,3,1,512,0,308,9,7,7,2,1,-64,8,2510,16957,105,100,2,0,0
1593,11,6,1024,0,250,10,35,7,1,3,-70,2,1644,11201,91,100,2,0,0
1598,8,4,768,10,314,15,37,7,1,6,-52,6,1668,21167,94,100,1,0,0
1597,6,3,768,10,298,7,6,7,1,3,-70,4,3868,25174,83,100,4,0,0
1593,18,14,1536,10,134,5,5,5,1,1,-52,0,934,10461,87,100,2,0,0
1598,9,5,1024,0,316,11,3,7,1,4,-52,0,542,6778,95,100,2,0,0
1596,15,10,1280,10,201,4,10,7,1,2,-70,1,1038,10521,89,100,2,0,0
1595,14,11,1408,0,206,8,11,7,1,2,-70,1,1223,9619,86,100,1,0,0
1600,17,13,1280,0,245,6,64,7,1,2,-52,0,467,8025,75,100,4,1,3
1600,2,1,512,10,291,15,1,6,1,4,-88,3,1200,17151,104,100,2,0,0
1601,11,6,1024,0,253,10,35,7,1,3,-70,2,1797,14038,91,100,2,0,0
1604,6,3,768,10,299,8,6,7,1,3,-70,4,2363,14675,83,100,2,0,0
1604,4,1,512,10,319,15,5,7,1,3,-66,10,2403,20378,104,50,2,1,1
1589,16,12,1408,70,216,9,64,7,0,3,-52,1,939,9381,86,100,6,1,3
1602,10,6,1024,0,279,14,6,7,1,6,-52,2,1862,18275,87,100,4,0,0
1605,1,0,256,0,23,0,0,4,0,0,0,9,2748,27339,969,100,2,0,0
1606,3,1,512,0,312,9,7,7,2,1,-64,8,4377,30586,106,100,2,0,0
1606,2,1,512,20,293,15,1,6,1,4,-88,3,1215,11651,105,100,1,0,0
1602,18,14,1536,0,135,5,5,5,1,1,-52,0,522,8801,88,100,1,0,0
1605,13,8,1024,0,334,13,4,7,1,4,-70,2,1091,10221,95,100,2,0,0
1608,6,3,768,20,302,8,6,7,1,3,-70,4,1340,9527,84,100,2,0,0
1606,15,10,1280,0,204,4,10,7,1,2,-70,1,1095,14596,90,100,3,0,0
1610,3,1,512,0,312,9,7,7,2,1,-64,8,1028,10747,106,100,1,0,0
1610,8,4,768,20,319,15,37,7,1,6,-52,6,1477,11216,95,100,0,0,0
1611,5,4,768,0,330,10,1,6,1,1,-52,1,1143,11409,105,100,2,0,0
1609,11,6,1024,60,259,11,35,7,1,3,-70,2,1896,14355,92,100,3,0,0
1613,4,1,512,0,323,15,5,7,1,3,-66,10,2951,24908,105,40,2,1,1
1606,14,11,1408,0,210,8,11,7,1,2,-70,1,1827,15999,87,100,5,0,0
1614,9,5,1024,0,320,11,3,7,1,4,-52,0,368,5632,96,100,1,0,0
1612,10,6,1024,10,279,15,6,7,1,6,-52,2,998,14179,87,100,2,0,0
1614,12,8,1024,20,335,13,14,7,1,4,-52,3,1193,12262,95,100,2,0,0
1615,8,4,768,20,321,15,37,7,1,6,-52,6,1391,12837,95,100,2,0,0
1609,18,14,1536,0,136,5,5,5,1,1,-52,0,489,6844,88,100,2,0,0
1616,2,1,512,0,295,15,1,6,1,4,-88,3,808,17109,105,100,3,0,0
1617,1,0,256,0,23,0,0,4,0,0,0,10,2233,25570,979,100,2,0,0
1615,11,6,1024,30,261,11,35,7,1,3,-70,3,1436,11677,92,100,2,0,0
1616,15,10,1280,10,209,4,10,7,1,2,-70,1,988,11601,91,100,4,0,0
1615,13,8,1024,20,338,13,4,7,1,4,-70,2,1460,17162,96,100,3,0,0
1618,3,1,512,0,314,9,7,7,2,1,-64,10,2786,23379,107,100,2,0,0
1619,5,4,768,0,331,10,1,6,1,1,-52,1,821,11711,106,100,1,0,0
1618,6,3,768,0,307,8,6,7,1,3,-70,5,4169,25140,84,100,2,0,0
1620,8,4,768,0,322,15,38,7,1,6,-52,6,1196,12177,96,100,2,0,0
1613,18,14,1536,0,138,5,5,5,1,1,-52,0,426,5336,88,100,0,0,0
1621,4,1,512,10,325,15,5,7,1,3,-66,9,3095,21019,105,100,1,1,1
1621,9,5,1024,0,324,11,3,7,1,4,-52,0,1097,8976,96,100,3,0,0
1618,14,11,1280,0,215,8,11,7,1,2,-70,2,2330,18636,87,100,3,0,0
1623,3,1,512,0,317,9,7,7,2,1,-64,10,2275,15056,107,100,1,0,0
1623,10,6,1024,0,283,15,6,7,1,6,-52,2,2000,18922,88,100,3,0,0
1625,1,0,256,0,23,0,0,4,0,0,0,10,2104,21288,989,100,1,0,0
1604,19,14,1792,30,0,2,2,2,0,1,-70,0,568,24034,0,100,5,0,0
1622,16,12,1280,0,230,9,72,7,1,3,-52,2,1701,12479,88,100,6,1,3
1614,19,14,1792,80,2,3,2,3,0,1,-70,0,1763,9667,0,100,9,0,0
1626,2,1,962,10,299,15,1,6,1,4,-88,3,1900,21214,106,100,2,0,0
1623,5,4,768,0,333,10,1,6,1,1,-52,1,988,10016,106,100,1,0,0
1627,6,3,768,0,310,8,6,7,1,3,-70,5,3004,20316,85,100,2,0,0
1626,11,6,1024,50,266,11,35,7,1,3,-70,3,2868,21947,93,100,3,0,0
1625,15,10,1280,0,212,4,10,7,1,2,-70,1,723,11875,91,100,2,0,0
1622,17,13,1280,0,252,6,69,7,1,2,-52,0,1267,12263,77,100,6,1,3
1625,8,4,768,10,322,15,38,7,1,6,-52,6,1266,12979,96,100,1,0,0
1621,18,14,1536,0,139,5,5,5,1,1,-52,0,593,7468,89,100,2,0,0
1626,12,8,1024,0,339,13,14,7,1,4,-52,3,1697,22416,96,100,4,0,0
1621,19,14,1792,90,2,3,2,4,1,1,-70,0,582,5975,1,100,4,0,0
1626,13,8,1024,0,339,13,4,7,1,4,-70,2,1485,21827,96,100,3,0,0
1628,16,12,1280,0,233,9,73,7,1,3,-52,2,1032,7239,88,100,3,1,3
1631,3,1,512,0,321,9,7,7,2,1,-64,10,2969,23067,107,100,2,0,0
1628,14,11,1280,0,215,9,11,7,1,2,-70,2,1836,14594,88,100,1,0,0
1625,19,14,1664,10,3,3,2,4,1,1,-70,0,1041,6558,1,100,4,0,0
1632,10,6,1024,10,288,15,6,7,1,6,-52,2,1592,14435,89,100,2,0,0
1635,2,1,512,0,301,15,1,6,1,4,-88,3,910,15387,107,100,1,0,0
1633,11,6,1028,40,270,11,35,7,1,3,-70,3,1716,13306,93,100,3,0,0
1633,4,1,512,50,330,15,5,7,1,3,-66,9,4456,31088,106,100,2,1,1
1636,1,0,256,0,23,0,0,4,0,0,0,10,2654,25826,1000,100,2,0,0
1631,9,5,1024,0,327,11,3,7,1,4,-52,0,989,14207,97,100,3,0,0
1632,17,13,1280,0,254,6,72,7,1,2,-52,0,594,8266,77,100,6,1,3
1638,3,1,512,0,323,9,7,7,2,1,-64,10,2315,17923,108,100,2,0,0
1632,16,12,1280,0,234,9,74,7,1,3,-52,2,491,4572,89,100,2,1,3
1629,18,14,1536,0,141,5,5,5,1,1,-52,0,541,7741,89,100,2,0,0
1633,12,8,1024,0,341,13,14,7,1,4,-52,3,1306,16170,96,100,2,0,0
1638,6,3,768,80,315,8,6,7,1,3,-70,6,4355,27147,86,100,2,0,0
1639,2,1,512,0,301,15,1,6,1,4,-88,3,333,8347,107,100,1,0,0
1632,19,14,1664,0,3,3,2,4,1,1,-70,0,526,5878,1,100,3,0,0
1636,9,5,1024,10,330,11,3,7,1,4,-52,0,632,7277,98,100,2,0,0
1636,13,8,1024,0,344,13,4,7,1,4,-70,2,1447,18986,97,100,3,0,0
1635,14,11,1280,0,218,9,11,7,1,2,-70,2,1461,11301,88,100,3,0,0
1638,17,13,1280,0,257,6,73,7,1,2,-52,0,792,6906,78,100,2,1,3
1641,4,1,512,60,332,15,5,7,2,3,-66,10,3341,20480,106,100,2,1,1
1638,8,4,768,10,328,15,38,7,1,6,-52,6,1784,14078,97,100,0,0,0
1642,3,1,512,0,324,9,7,7,2,1,-64,10,1536,13659,108,100,1,0,0
1638,12,8,1024,0,346,13,15,7,1,4,-52,3,1184,9831,96,100,3,0,0
1640,16,12,1280,0,237,9,76,7,1,3,-52,2,1298,8871,89,100,5,1,3
1644,1,0,256,0,23,0,0,4,0,0,0,10,1729,19789,1007,100,2,0,0
1635,18,14,1536,0,141,5,5,5,1,1,-52,0,317,5244,90,100,1,0,0
1644,5,4,768,10,336,10,1,6,1,1,-52,1,915,14052,108,100,2,0,0
1645,17,13,1280,0,260,6,75,7,1,2,-52,0,867,7333,78,100,4,1,3
1646,6,3,768,90,316,8,6,7,2,3,-70,7,2829,18561,86,100,2,0,0
1642,19,14,1571,0,4,3,2,5,1,1,-70,0,681,8030,2,100,4,0,0
1645,16,12,1280,0,242,9,77,7,1,3,-52,2,1167,7680,90,100,3,1,3
1646,9,5,1024,0,332,11,3,7,1,4,-52,0,635,11607,98,100,2,0,0
1641,18,14,1571,0,142,5,5,5,1,1,-52,0,392,4801,90,100,1,0,0
1640,15,10,1280,10,217,5,10,7,1,2,-70,1,829,6527,92,100,2,0,0
1647,8,4,768,60,333,16,38,7,1,6,-52,6,3043,25333,98,100,3,0,0
1644,10,6,1024,0,295,15,6,7,1,6,-52,3,2068,19712,89,100,3,0,0
1645,11,6,1024,20,273,11,35,7,1,3,-70,3,1889,15639,94,100,2,0,0
1649,3,1,512,0,325,9,7,7,2,1,-64,10,2614,21540,108,100,1,0,0
1646,14,11,1280,10,221,9,11,7,1,2,-70,2,2822,20246,89,100,3,0,0
1649,2,1,833,0,305,15,1,6,1,4,-88,3,1640,19350,108,100,3,0,0
1648,15,10,1280,0,221,5,10,7,1,2,-70,1,1105,10843,93,100,4,0,0
1650,18,14,1571,0,144,6,5,5,1,1,-52,0,860,9250,91,100,2,0,0
1617,21,16,1792,100,139,7,8,5,0,2,-70,0,650,3813,76,100,2,0,0
1651,11,6,1024,0,275,11,35,7,1,3,-70,3,1250,12172,94,100,2,0,0
1624,21,16,1792,90,141,7,8,5,0,2,-70,0,318,6118,76,100,1,0,0
1630,21,16,1792,80,143,7,8,5,0,2,-70,0,803,5835,76,100,3,0,0
1651,19,14,1571,10,6,4,2,6,1,1,-70,0,1031,9852,2,100,6,0,0
1651,10,6,1024,0,299,15,6,7,1,6,-52,2,1284,13099,90,100,1,0,0
1653,9,5,1024,0,334,11,3,7,1,4,-52,0,646,8014,99,100,3,0,0
1637,21,16,1664,80,146,8,8,5,0,2,-70,0,864,6893,77,100,3,0,0
1653,4,1,512,20,336,15,5,7,2,3,-66,10,6140,31338,107,100,4,1,1
1645,21,16,1664,80,150,8,8,5,1,2,-70,0,1109,8031,77,100,2,0,0
1653,5,4,768,0,338,10,1,6,1,1,-52,1,1299,14298,108,100,1,0,0
1655,1,0,256,0,23,0,0,4,0,0,0,10,3383,31883,1023,100,2,0,0
1656,6,3,768,0,318,8,6,7,2,3,-70,6,4251,24743,87,100,3,0,0
1652,21,16,1536,0,151,8,8,5,1,2,-70,0,1439,8136,78,100,2,0,0
1653,12,8,1024,0,350,13,15,7,1,4,-52,3,1799,13722,97,100,1,0,0
1658,3,1,512,0,326,9,7,7,2,1,-64,10,3056,27811,109,100,2,0,0
1657,14,11,1280,30,222,9,11,7,1,2,-70,2,2438,20236,90,100,4,0,0
1658,8,4,768,70,338,16,38,7,2,6,-52,6,4715,33383,98,100,3,0,0
1654,17,13,1280,0,262,6,78,7,1,2,-52,0,779,8836,79,100,6,1,3
1657,19,14,1536,0,7,4,2,6,1,1,-70,0,618,5616,3,100,3,0,0
1655,13,8,1024,20,353,13,4,7,1,4,-70,2,1320,15672,98,100,3,0,0
1659,10,6,1024,20,299,15,6,7,1,6,-52,2,665,12174,90,100,1,0,0
1658,2,1,537,0,307,15,1,6,1,4,-88,3,1272,16977,108,100,2,0,0
1657,16,12,1280,10,247,9,80,7,1,3,-52,2,2888,17954,90,100,6,1,3
1659,15,10,1280,0,224,5,10,7,1,2,-70,0,1075,13565,94,100,3,0,0
1660,12,8,1024,10,352,13,15,7,1,4,-52,3,1927,16231,98,100,3,0,0
1661,5,4,768,0,338,10,1,6,1,1,-52,1,881,11415,109,100,2,0,0
1661,11,6,1024,20,278,11,35,7,1,3,-70,3,1881,19611,95,100,2,0,0
1660,13,8,1024,20,356,13,4,7,1,4,-70,2,1111,9721,99,100,2,0,0
1658,18,14,1536,0,147,6,5,5,1,1,-52,0,892,8406,91,100,1,0,0
1661,19,14,1536,0,7,4,2,6,1,1,-70,0,342,4304,3,100,1,0,0
1663,4,1,512,10,337,15,5,7,2,3,-66,10,5072,29257,108,100,3,1,1
1662,16,12,1280,0,250,9,81,7,1,3,-52,2,921,6765,91,100,3,1,3
1662,21,16,1536,0,154,8,8,5,1,2,-70,0,911,10833,79,100,3,0,0
1663,9,5,1024,0,339,11,3,7,1,4,-52,0,1089,13497,99,100,3,0,0
1665,17,13,1280,0,267,6,81,7,1,2,-52,0,1184,12167,79,100,7,1,3
1665,1,0,256,0,23,0,0,4,0,0,0,10,2561,28418,1037,100,2,0,0
1667,16,12,1280,10,252,9,83,7,1,3,-52,2,713,6425,91,100,4,1,3
1663,18,14,1536,0,148,6,5,5,1,1,-52,0,424,4316,92,100,1,0,0
1666,6,3,768,0,321,8,6,7,2,3,-70,6,3956,26300,88,100,3,0,0
1666,12,8,1024,0,354,13,15,7,1,4,-52,3,1745,13929,98,100,2,0,0
1665,2,1,512,10,308,15,1,6,1,4,-88,3,999,12257,109,100,1,0,0
1668,3,1,512,20,328,9,7,7,2,1,-64,10,3294,30186,110,100,1,0,0
1664,14,11,1280,10,226,9,11,7,1,2,-70,2,2154,14781,90,100,2,0,0
1665,15,10,1280,0,226,5,10,7,1,2,-70,0,520,8090,94,100,2,0,0
1668,8,4,768,0,342,16,38,7,2,6,-52,6,3945,28576,99,100,3,0,0
1668,5,4,768,0,340,10,1,6,1,1,-52,1,1292,13369,109,100,1,0,0
1668,10,6,1024,0,304,15,6,7,1,6,-52,2,1784,15218,91,100,2,0,0
1669,9,5,1024,0,342,11,3,7,1,4,-52,0,657,7107,100,100,2,0,0
1669,21,16,1536,0,154,8,8,5,1,2,-70,0,660,7237,79,100,3,0,0
1670,17,13,1280,0,270,6,82,7,1,2,-52,0,1107,6184,80,100,3,1,3
1671,4,1,512,0,341,15,5,7,2,3,-66,10,4058,23473,108,100,1,1,1
1671,11,6,1024,40,283,11,35,7,1,3,-70,3,3101,22969,96,100,3,0,0
1669,19,14,1536,0,8,4,2,6,1,1,-70,0,1364,9460,4,100,4,0,0
1668,18,14,1536,0,148,6,5,5,1,1,-52,0,425,5950,92,100,1,0,0
1671,16,12,1280,0,253,9,84,7,1,3,-52,2,844,6914,91,100,3,1,3
1672,13,8,1024,0,360,13,4,7,1,4,-70,2,2063,22008,99,100,4,0,0
1673,3,1,512,0,328,9,7,7,2,1,-64,10,2047,16436,110,100,1,0,0
1674,12,8,1024,0,356,13,15,7,1,4,-52,3,981,12324,99,100,2,0,0
1672,2,1,512,10,309,15,1,6,1,4,-88,3,737,12964,109,100,1,0,0
1669,14,11,1280,0,228,9,11,7,1,2,-70,2,1386,9839,91,100,1,0,0
1674,1,0,256,0,23,0,0,4,0,0,0,10,1794,22297,1044,100,1,0,0
1675,21,16,1536,10,157,8,8,5,1,2,-70,0,493,5809,79,100,2,0,0
1674,10,6,1024,0,305,15,6,7,1,6,-52,2,776,10701,91,100,1,0,0
1675,6,3,768,20,323,8,6,7,2,3,-70,6,3378,22134,88,100,2,0,0
1672,18,14,1536,10,149,6,5,5,1,1,-52,0,582,4663,92,100,1,0,0
1674,19,14,1536,0,9,4,2,6,1,1,-70,0,505,4780,4,100,3,0,0
1677,8,4,768,10,348,16,38,7,2,6,-52,6,2988,25270,100,100,4,0,0
1674,14,11,1280,0,230,9,11,7,1,2,-70,2,1090,7572,91,100,2,0,0
1678,1,0,256,0,23,0,0,4,0,0,0,10,1225,11934,1051,100,1,0,0
1676,11,6,1024,10,287,11,35,7,1,3,-70,3,2031,13164,96,100,2,0,0
1677,15,10,1280,20,234,5,10,7,1,2,-70,0,1627,15582,95,100,4,0,0
1678,17,13,1280,0,272,6,85,7,1,2,-52,0,790,8518,80,100,5,1,3
1679,4,1,512,10,342,15,5,7,2,3,-66,10,3487,22518,109,100,2,1,1
1678,9,5,1024,0,347,11,3,7,1,4,-52,0,977,13413,100,100,4,0,0
1679,13,8,1024,0,363,13,4,7,1,4,-70,2,1104,14245,100,100,2,0,0
1679,12,8,1024,0,357,13,15,7,1,4,-52,3,1238,12086,99,100,3,0,0
1679,21,16,1536,0,159,8,8,5,1,2,-70,0,1196,5371,80,100,2,0,0
1679,5,4,768,20,345,10,1,6,1,1,-52,1,1685,19101,110,100,2,0,0
1680,2,1,512,0,310,15,1,6,1,4,-88,3,919,15664,110,100,2,0,0
1681,3,1,512,0,332,9,7,7,2,1,-64,10,3604,27800,111,100,3,0,0
1680,14,11,1280,0,230,9,11,7,1,2,-70,2,969,11055,92,100,1,0,0
1681,18,14,1536,10,150,6,5,5,1,1,-52,0,834,8860,93,100,1,0,0
1682,16,12,1280,10,255,9,86,7,1,3,-52,2,2024,16444,92,100,5,1,3
1683,19,14,1536,0,11,4,2,6,1,1,-70,0,1396,11046,5,100,4,0,0
1684,8,4,768,0,351,16,38,7,2,6,-52,6,2217,18643,100,100,2,0,0
1683,9,5,1024,0,351,11,3,7,1,4,-52,0,643,6744,101,100,1,0,0
1684,5,4,768,0,346,10,1,6,1,1,-52,1,946,8992,110,100,1,0,0
1685,15,10,1280,0,237,5,10,7,1,2,-70,0,1021,11379,95,100,2,0,0
1684,13,8,1024,0,365,13,4,7,1,4,-70,2,848,10289,100,100,2,0,0
1685,11,6,1024,0,294,11,35,7,1,3,-70,3,2307,19316,97,100,2,0,0
1687,12,8,1024,0,359,13,15,7,1,4,-52,3,1222,14111,99,100,2,0,0
1685,10,6,1024,0,306,15,6,7,1,6,-52,2,1324,17396,92,100,2,0,0
1687,1,0,256,0,23,0,0,4,0,0,0,10,2408,24811,1061,100,2,0,0
1686,6,3,768,10,325,8,6,7,2,3,-70,6,5082,28730,89,100,2,0,0
1687,21,16,1536,0,163,8,8,5,1,2,-70,0,1036,9324,80,100,3,0,0
1688,2,1,512,0,311,15,1,6,1,4,-88,3,628,14426,110,100,1,0,0
1689,4,1,512,0,343,15,5,7,2,3,-66,10,5221,30496,110,100,2,1,1
1688,17,13,1280,0,278,6,87,7,1,2,-52,0,1197,10390,81,100,6,1,3
1690,16,12,1280,0,258,9,87,7,1,3,-52,2,1093,10328,93,100,3,1,3
1691,13,8,1024,0,367,13,4,7,1,4,-70,2,1337,12665,100,100,1,0,0
1691,12,8,1024,10,361,13,15,7,1,4,-52,3,1015,8652,100,100,2,0,0
1692,5,4,768,0,348,10,1,6,1,1,-52,1,718,11123,111,100,1,0,0
1691,14,11,1280,0,234,9,11,7,1,2,-70,2,1761,18440,92,100,4,0,0
1692,3,1,512,20,334,9,7,7,2,1,-64,10,3302,35184,111,100,2,0,0
1693,4,1,512,20,344,15,5,7,2,3,-66,10,2658,13677,110,100,0,1,1
1691,18,14,1536,10,153,6,5,5,1,1,-52,0,832,11489,94,100,2,0,0
1694,6,3,768,0,327,8,6,7,2,3,-70,6,2215,17183,90,100,1,0,0
1695,8,4,768,10,355,16,38,7,2,6,-52,6,3589,31614,101,100,3,0,0
1694,10,6,1024,0,310,15,6,7,1,6,-52,2,2112,16476,93,100,2,0,0
1693,9,5,1024,0,354,11,3,7,1,4,-52,0,751,12244,101,100,2,0,0
1693,19,14,1536,0,12,4,2,6,1,1,-70,0,949,10638,5,100,4,0,0
1696,17,13,1280,0,280,6,89,7,1,2,-52,0,600,7442,81,100,4,1,3
1696,11,6,1024,0,298,11,35,7,1,3,-70,3,2006,21003,97,100,4,0,0
1696,15,10,1280,0,240,5,10,7,1,2,-70,0,1197,14189,96,100,3,0,0
1697,3,1,512,0,334,9,7,7,2,1,-64,10,2297,17229,112,100,1,0,0
1699,4,1,512,0,346,15,5,7,2,3,-66,10,1980,13524,110,100,2,1,1
1697,2,1,516,10,313,15,1,6,1,4,-88,3,1229,16959,111,100,3,0,0
1699,1,0,256,0,23,0,0,4,0,0,0,10,3412,34053,1078,100,2,0,0
1699,12,8,1024,20,366,14,15,7,1,4,-52,3,1629,18035,100,100,2,0,0
1698,18,14,1536,0,153,6,5,5,1,1,-52,0,692,7691,94,100,2,0,0
1698,16,12,1280,0,260,9,90,7,1,3,-52,2,1040,10808,93,100,4,1,3
1697,21,16,1536,0,165,8,8,5,1,2,-70,0,830,9898,81,100,3,0,0
1700,13,8,1024,0,370,14,4,7,1,4,-70,2,1458,17708,101,100,4,0,0
1700,2,1,512,0,315,15,1,6,1,4,-88,3,921,8982,111,100,1,0,0
1700,17,13,1280,0,281,6,90,7,1,2,-52,0,681,4613,82,100,3,1,3
1700,19,14,1536,0,13,4,2,6,1,1,-70,0,562,6541,6,100,3,0,0
1701,6,3,768,0,332,8,6,7,2,3,-70,6,2878,18191,90,100,3,0,0
1703,8,4,768,0,358,16,38,7,2,6,-52,6,2790,22482,101,100,4,0,0
1704,1,0,256,0,23,0,0,4,0,0,0,10,929,12307,1080,100,0,0,0
1703,16,12,1280,0,261,9,92,7,1,3,-52,2,812,6365,93,100,3,1,3
1702,14,11,1280,0,237,9,11,7,1,2,-70,2,2476,20684,93,100,3,0,0
1703,5,4,768,10,351,10,1,6,1,1,-52,1,1851,18714,111,100,3,0,0
1705,13,8,1024,0,372,14,4,7,1,4,-70,2,1047,8881,101,100,2,0,0
1705,3,1,512,0,337,9,7,7,2,1,-64,10,1877,22929,112,100,1,0,0
1703,10,6,1024,0,314,15,6,7,1,6,-52,2,1778,15570,93,100,4,0,0
1706,4,1,512,20,350,15,5,7,2,3,-66,10,3385,20836,111,100,2,1,1
1706,15,10,1280,0,245,5,10,7,1,2,-70,0,1215,12768,97,100,4,0,0
1705,9,5,1024,0,357,11,3,7,1,4,-52,0,868,14979,102,100,4,0,0
1706,2,1,512,0,318,15,1,6,1,4,-88,3,675,10972,111,100,2,0,0
1707,12,8,1024,10,370,14,15,7,1,4,-52,3,1854,16567,101,100,3,0,0
1707,6,3,768,0,335,8,6,7,2,3,-70,6,1535,11329,90,100,2,0,0
1707,11,6,1024,30,301,11,35,7,1,3,-70,3,2047,21526,98,100,3,0,0
1703,18,14,1536,10,153,6,5,5,1,1,-52,0,401,4790,94,100,1,0,0
1709,5,4,768,10,354,10,1,6,1,1,-52,1,1169,10111,112,100,1,0,0
1708,21,16,1536,0,168,8,8,5,1,2,-70,0,942,11001,82,100,3,0,0
1708,14,11,1280,30,238,9,11,7,1,2,-70,2,1383,10451,94,100,2,0,0
1710,9,5,1024,0,358,11,3,7,1,4,-52,0,473,6201,103,100,1,0,0
1710,10,6,1024,0,314,15,6,7,1,6,-52,2,983,10644,94,100,1,0,0
1712,13,8,1024,0,372,14,4,7,1,4,-70,2,672,13046,102,100,1,0,0
1708,19,14,1536,0,15,4,2,6,1,1,-70,0,662,7705,7,100,4,0,0
1712,4,1,512,0,351,15,5,7,2,3,-66,10,2931,18543,111,100,2,1,1
1713,16,12,1280,0,262,9,94,7,1,3,-52,2,1689,16877,94,100,4,1,3
1712,12,8,1024,10,373,14,15,7,1,4,-52,3,1043,9505,101,100,2,0,0
1713,1,0,256,0,23,0,0,4,0,0,0,10,2911,26737,1094,100,2,0,0
1712,17,13,1280,0,284,6,93,7,1,2,-52,0,920,11238,82,100,7,1,3
1711,18,14,1536,0,154,6,5,5,1,1,-52,0,473,7017,95,100,1,0,0
1713,3,1,512,10,341,9,7,7,2,1,-64,10,3501,26297,113,100,2,0,0
1713,15,10,1280,0,247,5,10,7,1,2,-70,0,772,7799,97,100,3,0,0
1714,8,4,768,0,361,16,38,7,2,6,-52,6,3168,30495,102,100,3,0,0
1716,5,4,768,0,355,10,1,6,1,1,-52,1,748,10955,112,100,1,0,0
1716,2,1,512,10,321,15,1,6,1,4,-88,3,1039,17770,112,100,1,0,0
1714,14,11,1280,10,241,9,11,7,1,2,-70,2,1478,10813,94,100,1,0,0
1716,19,14,1536,0,15,4,2,6,1,1,-70,0,404,7121,7,100,2,0,0
1717,13,8,1024,10,374,14,4,7,1,4,-70,2,1125,10493,102,100,2,0,0
1719,4,1,512,10,354,15,5,7,2,3,-66,10,2366,17636,112,100,2,1,1
1717,6,3,768,0,337,8,6,7,2,3,-70,6,3211,22870,91,100,1,0,0
1715,18,14,1536,10,155,6,5,5,1,1,-52,0,392,4360,95,100,1,0,0
1720,17,13,1280,0,284,6,95,7,1,2,-52,0,734,9242,83,100,4,1,3
1720,3,1,512,0,343,9,7,7,2,1,-64,10,1826,20541,113,100,1,0,0
1720,16,12,1280,0,266,10,96,7,1,3,-52,2,1584,15148,95,100,5,1,3
1718,10,6,1024,10,317,15,6,7,1,6,-52,2,1115,11763,94,100,3,0,0
1721,1,0,256,0,23,0,0,4,0,0,0,10,1844,22528,1100,100,2,0,0
1719,21,16,1536,20,175,8,8,5,1,2,-70,0,1584,14408,82,100,4,0,0
1722,13,8,1024,10,378,14,4,7,1,4,-70,2,1099,9247,102,100,2,0,0
1718,11,6,1024,10,305,11,35,7,1,3,-70,3,2993,24470,99,100,3,0,0
1721,9,5,1024,0,362,11,3,7,1,4,-52,0,968,13809,103,100,3,0,0
1720,18,14,1536,0,157,6,5,5,1,1,-52,0,734,5645,95,100,1,0,0
1722,8,4,768,0,365,16,38,7,1,6,-52,6,2911,24251,102,100,1,0,0
1722,10,6,1024,0,319,15,6,7,1,6,-52,2,796,6910,94,100,0,0,0
1724,5,4,768,0,357,10,1,6,1,1,-52,1,1036,12291,113,100,1,0,0
1723,15,10,1280,10,249,5,10,7,1,2,-70,0,680,9791,98,100,2,0,0
1724,17,13,1280,10,287,6,96,7,1,2,-52,0,712,4188,83,100,3,1,3
1724,12,8,1024,10,381,14,15,7,1,4,-52,3,2409,23463,102,100,3,0,0
1726,4,1,512,0,355,15,5,7,2,3,-66,10,4311,20386,112,100,1,1,1
1724,21,16,1536,0,176,9,8,5,1,2,-70,0,823,7032,83,100,2,0,0
1726,2,1,512,0,325,15,1,6,1,4,-88,3,1596,17970,113,100,3,0,0
1724,11,6,1024,30,305,11,35,7,1,3,-70,3,1068,12557,99,100,1,0,0
1726,3,1,512,0,344,9,7,7,2,1,-64,10,2429,17756,114,100,1,0,0
1726,6,3,768,20,341,8,6,7,1,3,-70,6,3920,23630,92,100,3,0,0
1721,19,14,1536,0,16,4,2,6,1,1,-70,0,963,5858,7,100,2,0,0
1729,8,4,768,10,367,16,38,7,1,6,-52,6,1896,16657,103,100,2,0,0
1696,7,4,896,70,384,10,7,7,0,4,-70,4,270,9299,108,100,2,1,1
1730,4,1,512,0,355,15,5,7,2,3,-66,10,1275,9968,112,100,1,1,1
1729,15,10,1280,0,252,5,10,7,1,2,-70,0,985,7105,98,100,3,0,0
1729,10,6,1024,0,322,15,6,7,1,6,-52,2,1408,12103,95,100,1,0,0
1700,7,4,896,80,384,10,7,7,0,4,-70,4,72,8822,108,100,0,1,1
1730,16,12,1280,0,271,10,98,7,1,3,-52,2,2101,16873,95,100,4,1,3
1726,14,11,1280,0,247,9,11,7,1,2,-70,2,2892,21191,95,100,4,0,0
1710,7,4,896,90,387,10,7,7,0,4,-70,4,576,19835,109,100,2,1,1
1731,17,13,1280,0,291,6,98,7,1,2,-52,0,970,7536,84,100,5,1,3
1721,7,4,896,90,391,10,7,7,0,4,-70,4,318,19452,110,100,2,1,1
1732,1,0,256,0,23,0,0,4,0,0,0,10,3185,31122,1117,100,2,0,0
1730,7,4,896,80,391,10,7,7,0,4,-70,4,512,15676,110,100,2,1,1
1730,18,14,1536,0,158,6,5,5,1,1,-52,0,617,9727,96,100,2,0,0
1732,5,4,768,0,360,10,1,6,1,1,-52,1,1041,13525,113,100,2,0,0
1732,9,5,1024,10,364,11,3,7,1,4,-52,0,802,13261,104,100,3,0,0
1730,19,14,1536,0,17,4,2,6,1,1,-70,0,723,9171,8,100,3,0,0
1733,13,8,1024,20,384,14,4,7,1,4,-70,2,2068,23115,103,100,3,0,0
1735,12,8,1024,0,385,14,15,7,1,4,-52,3,1751,20278,103,100,3,0,0
1732,14,11,1280,0,249,9,11,7,1,2,-70,2,1049,9610,95,100,2,0,0
1731,2,1,512,10,326,15,1,6,1,4,-88,3,476,7908,113,100,1,0,0
1737,1,0,256,0,23,0,0,4,0,0,0,10,854,11495,1121,100,0,0,0
1736,15,10,1280,0,256,5,10,7,1,2,-70,0,1020,8002,99,100,3,0,0
1737,3,1,512,0,347,9,7,7,2,1,-64,10,4366,31076,114,100,2,0,0
1739,8,4,768,30,369,16,38,7,1,6,-52,6,2506,25433,103,100,3,0,0
1737,6,3,768,30,346,8,6,7,1,3,-70,6,3745,23917,93,100,3,0,0
1736,21,16,1536,10,179,9,8,5,1,2,-70,0,1004,14180,84,100,3,0,0
1736,10,6,1024,0,325,15,6,7,1,6,-52,2,1282,11872,95,100,2,0,0
1738,12,8,1024,0,386,14,15,7,1,4,-52,3,816,8298,103,100,2,0,0
1736,11,6,1024,10,309,11,35,7,1,3,-70,3,3362,24648,100,100,4,0,0
1735,18,14,1536,10,160,6,5,5,1,1,-52,0,475,4837,96,100,1,0,0
1740,4,1,512,0,358,15,5,7,2,3,-66,10,4845,27375,113,100,2,1,1
1741,17,13,1280,0,295,6,100,7,1,2,-52,0,933,9811,84,100,5,1,3
1741,3,1,512,0,349,9,7,7,2,1,-64,10,1856,12173,115,100,1,0,0
1740,7,3,768,0,394,12,7,7,1,5,-52,4,2226,25366,110,100,4,1,1
1743,13,8,1024,10,387,14,4,7,1,4,-70,2,1387,17365,104,100,3,0,0
1736,19,14,1536,0,18,4,2,6,1,1,-70,0,397,5595,8,100,2,0,0
1742,9,5,1024,0,365,11,3,7,1,4,-52,0,613,12105,105,100,3,0,0
1742,16,12,1280,0,275,10,100,7,1,3,-52,2,2125,20264,96,100,6,1,3
1744,1,0,256,0,23,0,0,4,0,0,0,10,2403,21191,1131,100,2,0,0
1744,5,4,768,0,364,10,1,6,1,1,-52,1,1565,18762,114,100,2,0,0
1743,12,8,1024,10,387,14,15,7,1,4,-52,3,839,10519,103,100,2,0,0
1741,14,11,1280,20,252,9,11,7,1,2,-70,2,2126,16303,96,100,4,0,0
1745,8,4,768,0,369,16,38,7,1,6,-52,6,2144,19864,104,100,1,0,0
1744,21,16,1536,10,185,9,8,5,1,2,-70,0,1337,11823,84,100,4,0,0
1747,3,1,512,0,351,9,7,7,2,1,-64,10,1871,16830,115,100,1,0,0
1748,7,3,768,10,395,12,7,7,1,5,-52,4,449,14185,111,100,1,1,1
1750,4,1,512,0,360,15,5,7,2,3,-66,10,3352,22525,114,100,2,1,1
1751,1,0,256,0,23,0,0,4,0,0,0,10,942,16084,1137,100,1,0,0
1747,6,3,768,90,350,8,6,7,1,3,-70,7,3994,25151,93,100,3,0,0
1745,15,10,1280,0,259,5,10,7,1,2,-70,0,698,9227,99,100,2,0,0
1740,2,6,1152,30,329,16,1,6,0,5,-52,3,1847,18637,113,100,2,0,0
1750,8,4,768,0,372,16,38,7,1,6,-52,6,1306,13422,104,100,2,0,0
1751,9,5,1024,10,368,11,3,7,1,4,-52,0,615,10285,105,100,3,0,0
1749,21,16,1536,10,189,9,8,5,1,2,-70,0,827,5812,84,100,1,0,0
1747,10,6,1024,0,328,15,6,7,1,6,-52,2,1425,18422,96,100,2,0,0
1749,2,6,1024,0,332,17,1,6,1,5,-52,3,1304,17507,113,100,3,0,0
1749,19,14,1536,0,20,4,2,6,1,1,-70,0,630,8503,9,100,4,0,0
1754,5,4,768,0,367,10,1,6,1,1,-52,1,1366,15940,115,100,2,0,0
1754,3,1,512,20,351,9,7,7,2,1,-64,10,2583,21549,116,100,1,0,0
1750,18,14,1536,0,165,6,5,5,1,1,-52,0,571,9068,97,100,1,0,0
1751,13,8,1024,0,390,14,4,7,1,4,-70,2,1469,17757,104,100,4,0,0
1754,6,3,768,40,354,8,6,7,1,3,-70,7,2805,18439,94,100,2,0,0
1755,7,3,768,0,395,12,7,7,1,5,-52,4,310,13149,111,100,1,1,1
1752,17,13,1280,0,300,7,102,7,1,2,-52,0,1390,12349,85,100,6,1,3
1752,14,11,1280,30,260,9,11,7,1,2,-70,2,2531,18421,96,100,3,0,0
1751,12,8,1024,10,391,14,15,7,1,4,-52,3,1933,17528,104,100,3,0,0
1752,16,12,1280,0,281,10,102,7,1,3,-52,2,2428,18232,97,100,6,1,3
1754,21,16,1536,10,192,9,8,5,1,2,-70,0,685,7723,85,100,2,0,0
1753,15,10,1325,10,262,5,10,7,1,2,-70,0,1039,9404,100,100,3,0,0
1759,1,0,256,0,23,0,0,4,0,0,0,10,2413,22976,1148,100,2,0,0
1754,10,6,1024,20,329,15,6,7,1,6,-52,2,1044,10744,97,100,1,0,0
1757,17,13,1280,10,302,7,104,7,1,2,-52,0,553,4932,85,100,4,1,3
1756,11,6,1024,30,320,11,35,7,1,3,-70,3,2038,18703,101,100,3,0,0
1758,9,5,1024,0,372,11,3,7,1,4,-52,0,970,9779,106,100,3,0,0
1757,12,8,1024,10,393,14,15,7,1,4,-52,3,1208,13503,104,100,2,0,0
1758,13,8,1024,30,393,14,4,7,1,4,-70,2,1588,14403,105,100,2,0,0
1755,19,14,1536,0,21,4,2,6,1,1,-70,0,440,5369,10,100,2,0,0
1756,14,11,1280,10,260,9,11,7,1,2,-70,2,926,7901,97,100,0,0,0
1762,8,4,768,0,375,16,38,7,2,6,-52,6,4399,31111,105,100,4,0,0
1762,4,1,512,0,362,15,5,7,2,3,-66,10,5867,33087,114,100,2,1,1
1760,18,14,1536,0,167,6,5,5,1,1,-52,0,700,9287,98,100,2,0,0
1761,2,6,1024,0,335,17,1,6,1,5,-52,3,880,20526,114,100,3,0,0
1761,7,3,768,0,397,12,7,7,1,5,-52,4,646,13188,112,100,3,1,1
1761,19,14,1536,0,21,4,2,6,1,1,-70,0,388,5503,10,100,1,0,0
1761,16,12,1280,0,284,10,105,7,1,3,-52,2,1832,17668,97,100,5,1,3
1762,3,1,512,20,357,9,7,7,2,1,-64,10,4892,26599,116,100,2,0,0
1762,14,11,1280,0,263,9,11,7,1,2,-70,2,1323,9259,97,100,1,0,0
1763,6,3,768,0,355,8,6,7,1,3,-70,7,3756,23521,94,100,3,0,0
1763,15,10,1280,10,265,5,10,7,1,2,-70,0,1067,10684,101,100,3,0,0
1763,11,6,1024,0,322,11,35,7,1,3,-70,3,1956,16485,102,100,1,0,0
1765,5,4,768,0,370,10,1,6,1,1,-52,1,1305,17729,115,100,2,0,0
1764,10,6,1024,0,331,15,6,7,1,6,-52,2,1338,16158,97,100,2,0,0
1765,17,13,1280,10,304,7,106,7,1,2,-52,2,1290,11273,86,100,3,1,3
1766,3,1,512,0,357,9,7,7,2,1,-64,10,1589,11854,116,100,1,0,0
1732,20,16,1664,80,172,6,18,7,0,3,-52,0,546,7559,45,100,3,0,0
1767,12,8,1024,0,395,14,15,7,1,4,-52,3,1334,17970,105,100,3,0,0
1739,20,16,1664,100,175,6,18,7,0,3,-52,0,401,5623,45,100,2,0,0
1770,1,0,256,0,23,0,0,4,0,0,0,10,2678,30899,1164,100,2,0,0
1770,5,4,768,0,371,10,1,6,1,1,-52,1,794,7545,116,100,1,0,0
1768,14,11,1280,20,264,9,11,7,1,2,-70,2,848,9580,98,100,1,0,0
1748,20,16,1664,90,178,7,18,7,0,3,-52,0,681,8273,46,100,3,0,0
1768,7,3,768,0,400,12,7,7,1,5,-52,4,737,15030,112,100,1,1,1
1769,13,8,1024,40,397,14,4,7,1,4,-70,3,2769,22623,106,100,4,0,0
1771,4,1,512,40,365,15,5,7,2,3,-66,10,4595,27400,115,100,1,1,1
1769,16,12,1280,0,288,10,106,7,1,3,-52,2,1018,12567,98,100,5,1,3
1769,15,10,1280,10,266,5,10,7,1,2,-70,0,523,6492,101,100,2,0,0
1773,3,1,512,20,358,9,7,7,2,1,-64,10,2419,18147,117,100,1,0,0
1770,18,14,1536,0,171,6,5,5,1,1,-52,0,946,9558,99,100,2,0,0
1771,8,4,768,0,380,16,38,7,2,6,-52,6,3642,26918,106,100,3,0,0
1771,2,6,1024,0,336,17,1,6,1,5,-52,3,705,16852,115,100,3,0,0
1757,20,17,1664,80,180,8,18,7,0,4,-70,0,830,8607,47,100,2,0,0
1769,17,13,1280,0,306,7,107,7,1,2,-52,2,1522,7910,86,100,3,1,3
1770,9,5,1024,20,377,11,3,7,1,4,-52,0,1156,14641,107,100,4,0,0
1773,6,3,768,10,356,8,6,7,1,3,-70,7,3221,26254,95,100,1,0,0
1774,5,4,768,0,371,10,1,6,1,1,-52,1,568,7985,116,100,0,0,0
1773,19,14,1536,0,22,4,2,6,1,1,-70,0,988,11484,11,100,4,0,0
1773,11,6,1024,0,325,11,35,7,1,3,-70,3,2050,19810,103,100,4,0,0
1774,10,6,1024,10,333,15,6,7,1,6,-52,2,1222,14251,98,100,2,0,0
1776,1,0,256,0,23,0,0,4,0,0,0,10,1483,16075,1171,100,1,0,0
1774,15,10,1280,0,267,5,10,7,1,2,-70,0,563,5276,101,100,2,0,0
1776,12,8,1024,0,397,14,17,7,1,4,-52,3,1341,17286,105,100,5,0,0
1778,6,3,768,0,357,8,6,7,1,3,-70,7,1618,11211,95,100,1,0,0
1779,4,1,512,10,368,15,5,7,2,3,-66,10,3070,20645,116,70,3,1,1
1778,16,12,1280,0,293,10,109,7,1,3,-52,2,1160,14346,98,100,5,1,3
1779,3,1,512,0,362,9,7,7,2,1,-64,10,2950,21393,117,100,1,0,0
1779,7,3,768,0,404,12,7,7,1,5,-52,4,932,22477,113,100,3,1,1
1777,14,11,1280,10,267,9,11,7,1,2,-70,2,1879,17146,98,100,3,0,0
1782,2,6,1024,0,339,17,1,6,1,5,-52,3,804,18980,115,100,2,0,0
1785,4,1,512,0,369,15,5,7,2,3,-66,10,1516,14329,116,40,2,1,1
1785,8,4,768,10,386,16,38,7,2,6,-52,6,2568,25308,107,100,2,0,0
1783,16,12,1280,0,294,10,111,7,1,3,-52,2,503,8508,99,100,4,1,3
1785,6,3,768,80,358,8,6,7,1,3,-70,8,2459,18634,96,100,2,0,0
1781,11,6,1024,20,328,11,35,7,1,3,-70,4,1660,16236,103,100,3,0,0
1779,18,14,1536,0,174,6,5,5,1,1,-52,0,823,11219,99,100,2,0,0
1785,12,8,1024,0,400,14,17,7,1,4,-52,3,1311,17367,106,100,2,0,0
1787,1,0,256,0,23,0,0,4,0,0,0,10,1710,26062,1178,100,2,0,0
1780,19,14,1536,0,24,4,2,6,1,1,-70,1,976,9816,11,100,4,0,0
1784,10,6,1024,20,334,15,6,7,1,6,-52,2,1552,17100,99,100,3,0,0
1790,8,4,768,0,387,16,38,7,2,6,-52,6,1224,11873,107,100,2,0,0
1790,3,1,512,40,365,9,7,7,2,1,-64,10,3776,29597,118,100,2,0,0
1790,17,13,1280,0,318,7,113,7,1,2,-52,2,1237,10786,88,100,5,1,3
1787,11,6,1024,10,329,11,35,7,1,3,-70,4,1589,12324,103,100,1,0,0
1787,14,11,1280,0,270,9,11,7,1,2,-70,3,2573,18107,99,100,3,0,0
1791,10,6,1024,10,338,15,6,7,1,6,-52,2,1163,10347,99,100,3,0,0
1793,1,0,256,0,23,0,0,4,0,0,0,10,1162,15156,1186,100,1,0,0
1790,2,6,1024,10,341,17,1,6,1,5,-52,3,1145,14748,116,100,2,0,0
1790,7,3,768,10,407,12,7,7,1,5,-52,4,745,20687,114,100,3,1,1
1792,6,3,768,0,361,8,6,7,2,3,-70,8,3455,18290,96,100,2,0,0
1793,11,6,1024,20,332,11,35,7,1,3,-70,4,1117,11502,104,100,2,0,0
1793,16,12,1280,0,300,10,114,7,1,3,-52,2,1147,14481,99,100,7,1,3
1793,15,10,1280,0,279,5,11,7,1,2,-70,0,940,11016,103,100,4,0,0
1789,18,14,1536,0,176,6,5,5,1,1,-52,0,754,9495,100,100,1,0,0
1795,4,1,512,10,374,15,5,7,2,3,-66,10,3103,26222,117,50,2,1,1
1788,19,14,1536,10,24,4,2,6,1,1,-70,1,476,8391,12,100,1,0,0
1794,14,11,1280,0,273,9,11,7,1,2,-70,3,1567,12539,99,100,2,0,0
1798,1,0,256,0,23,0,0,4,0,0,0,10,981,13158,1191,100,1,0,0
1797,2,6,1024,0,343,17,1,6,1,5,-52,3,776,13758,117,100,2,0,0
1800,3,1,512,10,368,9,7,7,2,1,-64,10,5657,35172,119,100,2,0,0
1799,6,3,768,0,363,8,6,7,2,3,-70,8,3150,20329,97,100,2,0,0
1797,19,14,1536,0,26,4,2,6,1,1,-70,1,736,8734,13,100,4,0,0
1802,7,3,768,0,409,12,7,7,1,5,-52,4,695,20334,114,100,3,1,1
1801,10,6,1024,0,344,15,6,7,1,6,-52,2,1969,18225,100,100,3,0,0
1800,18,14,1536,0,178,6,5,5,1,1,-52,0,996,11453,101,100,2,0,0
1798,21,17,1536,0,205,11,8,5,1,3,-52,0,1735,9680,88,100,2,0,0
1778,20,19,1920,80,188,11,18,7,0,5,-52,0,1106,8786,48,100,2,0,0
1783,20,19,1920,70,191,11,18,7,0,5,-52,0,509,5150,48,100,2,0,0
1805,3,1,512,10,368,9,7,7,2,1,-64,10,2244,17521,119,100,1,0,0
1805,15,10,1280,0,285,5,11,7,1,2,-70,0,1232,12176,103,100,5,0,0
1806,1,0,256,0,23,0,0,4,0,0,0,9,1608,21038,1200,100,1,0,0
1805,4,1,512,10,377,15,5,7,2,3,-66,10,2316,24344,117,13,2,1,1
1806,11,6,1024,10,339,11,35,7,1,3,-70,4,3639,26301,105,100,4,0,0
1792,20,19,1920,70,194,11,18,7,0,5,-52,0,1127,11187,49,100,4,0,0
1806,14,11,1280,20,277,9,11,7,1,2,-70,3,2955,21164,100,100,4,0,0
1807,2,6,1024,10,346,17,1,6,1,5,-52,3,800,15737,117,100,2,0,0
1804,19,14,1536,30,27,4,2,6,1,1,-70,1,1820,9804,13,100,1,0,0
1809,10,6,1024,0,344,15,6,7,1,6,-52,2,724,11398,100,100,1,0,0
1800,20,19,1920,60,196,11,18,7,1,5,-52,0,551,7232,50,100,2,0,0
1806,20,19,1792,0,197,11,18,7,1,5,-52,0,1019,5661,50,100,2,0,0
1810,11,6,1024,10,340,11,35,7,1,3,-70,4,1840,10412,105,100,2,0,0
1811,9,5,1024,0,398,11,3,7,1,4,-52,0,1438,14203,109,100,4,0,0
1811,6,3,768,0,366,8,6,7,2,3,-70,8,5778,33049,98,100,3,0,0
1810,18,14,1536,0,178,6,5,5,1,1,-52,0,612,9277,101,100,2,0,0
1813,7,3,768,0,411,12,7,7,1,5,-52,4,724,21235,115,100,2,1,1
1811,5,4,768,20,384,10,1,6,1,1,-52,1,1299,15633,119,100,2,0,0
1813,3,1,512,10,371,9,7,7,2,1,-64,10,5069,28579,119,100,1,0,0
1812,14,11,1280,30,279,9,11,7,1,2,-70,3,1832,11233,100,100,2,0,0
1813,8,4,768,20,398,16,38,7,2,6,-52,6,3086,24256,109,100,2,0,0
1813,15,10,1280,0,287,5,11,7,1,2,-70,0,705,8777,104,100,2,0,0
1813,12,8,1024,0,410,14,18,7,1,4,-52,3,1419,16214,108,100,2,0,0
1811,19,14,1536,0,28,4,2,6,1,1,-70,1,1329,8678,13,100,2,0,0
1816,4,1,512,0,379,15,5,7,2,3,-66,10,3552,29431,118,50,2,1,1
1817,1,0,256,0,23,0,0,4,0,0,0,9,2297,29068,1215,100,2,0,0
1813,20,19,1792,0,198,11,18,7,1,5,-52,0,656,7340,50,100,3,0,0
1816,10,6,1024,0,348,15,6,7,1,6,-52,2,1481,13454,101,100,2,0,0
1815,18,14,1536,0,181,6,5,5,1,1,-52,0,677,5121,102,100,1,0,0
1815,19,14,1536,0,29,4,2,6,1,1,-70,1,737,6728,14,100,2,0,0
1817,14,11,1280,20,281,9,11,7,1,2,-70,3,1965,10723,101,100,2,0,0
1819,2,6,1024,0,350,17,1,6,1,5,-52,3,1071,20463,118,100,2,0,0
1821,6,3,768,10,366,8,6,7,2,3,-70,8,4022,25179,98,100,2,0,0
1819,9,5,1024,0,400,11,3,7,1,4,-52,0,693,10167,110,100,1,0,0
1819,16,12,1280,10,311,10,121,7,1,3,-52,0,901,11190,101,100,3,1,3
1823,7,3,768,0,412,12,7,7,1,5,-52,4,617,19626,116,100,2,1,1
1821,10,6,1024,10,351,15,6,7,1,6,-52,2,536,6883,101,100,1,0,0
1821,11,6,1024,40,345,11,35,7,1,3,-70,4,3519,25199,106,100,3,0,0
1823,4,1,512,0,381,15,5,7,2,3,-66,10,1903,16570,119,36,1,1,1
1822,15,10,1280,0,291,5,11,7,1,2,-70,0,1292,8890,104,100,3,0,0
1818,20,19,1792,10,201,11,18,7,1,5,-52,0,561,5578,51,100,1,0,0
1822,21,17,1536,0,214,11,8,5,1,3,-52,0,540,8791,89,100,2,0,0
1825,3,1,512,0,373,9,7,7,2,1,-64,10,5679,39413,120,100,2,0,0
1826,6,3,768,20,366,8,6,7,2,3,-70,8,2298,13637,99,100,1,0,0
1825,8,4,768,0,404,16,38,7,2,6,-52,6,3837,31650,109,100,5,0,0
1826,1,0,256,0,23,0,0,4,0,0,0,9,1919,23562,1225,100,2,0,0
1826,2,6,1024,0,352,17,1,6,1,5,-52,3,501,10720,118,100,1,0,0
1824,18,14,1536,0,183,6,5,5,1,1,-52,0,689,9082,102,100,1,0,0
1824,17,13,1280,20,334,7,121,7,1,2,-52,2,967,9901,90,100,4,1,3
1826,14,11,1280,0,283,9,11,7,1,2,-70,3,1583,14466,101,100,3,0,0
1827,10,6,1024,0,351,15,6,7,1,6,-52,2,783,9677,101,100,1,0,0
1827,15,10,1280,0,294,5,11,7,1,2,-70,0,778,6320,105,100,2,0,0
1830,7,3,768,0,415,12,7,7,1,5,-52,4,737,14143,116,100,1,1,1
1830,3,1,512,0,374,9,7,7,2,1,-64,10,2844,17712,120,100,1,0,0
1827,19,14,1536,0,30,4,2,6,1,1,-70,1,1362,16007,15,100,3,0,0
1831,11,6,1024,0,351,11,35,7,1,3,-70,4,2254,20432,106,100,3,0,0
1827,20,19,1792,0,205,11,18,7,1,5,-52,0,986,9315,51,100,3,0,0
1832,8,4,768,0,406,16,38,7,2,6,-52,5,2455,20401,110,100,2,0,0
1834,1,0,256,0,23,0,0,4,0,0,0,9,1485,19498,1236,100,1,0,0
1835,4,1,512,10,383,15,5,7,2,3,-66,9,3271,29382,120,47,2,1,1
1831,20,19,1792,10,208,11,18,7,1,5,-52,0,634,4544,52,100,2,0,0
1836,6,3,768,0,369,8,6,7,2,3,-70,8,5401,31296,99,100,2,0,0
1834,18,14,1536,0,186,6,5,5,1,1,-52,0,888,10681,103,100,2,0,0
1837,2,6,1024,0,357,17,1,6,1,5,-52,3,1260,19397,119,100,2,0,0
1835,5,4,768,20,390,10,1,6,1,1,-52,1,1296,14944,120,100,2,0,0
1837,10,6,1024,20,353,15,6,7,1,6,-52,2,1082,15544,102,100,2,0,0
1836,15,10,1280,0,299,5,11,7,1,2,-70,0,864,8734,105,100,2,0,0
1837,14,11,1280,10,289,9,11,7,1,2,-70,3,3113,19643,102,100,4,0,0
1840,7,3,768,0,419,12,7,7,1,5,-52,4,932,21037,117,100,3,1,1
1840,4,1,512,10,385,15,5,7,2,3,-66,9,1275,12885,120,50,1,1,1
1837,21,17,1536,10,220,11,8,5,1,3,-52,0,578,6138,90,100,2,0,0
1841,3,1,512,0,378,9,7,7,2,1,-64,10,4684,35533,121,100,3,0,0
1841,1,0,256,0,23,0,0,4,0,0,0,9,1306,17690,1243,100,1,0,0
1840,19,14,1536,0,31,4,2,6,1,1,-70,1,1788,16892,15,100,3,0,0
1840,15,10,1280,10,301,5,11,7,1,2,-70,0,690,4587,106,100,2,0,0
1841,18,14,1536,0,186,6,5,5,1,1,-52,0,384,5640,103,100,2,0,0
1841,2,6,1024,0,357,17,1,6,1,5,-52,3,287,8018,119,100,1,0,0
1843,11,6,1024,0,354,11,36,7,1,3,-70,4,2714,24108,107,100,6,0,0
1844,4,1,512,0,388,15,5,7,2,3,-66,9,1592,10977,120,37,1,1,1
1844,14,11,1280,0,290,9,11,7,1,2,-70,3,1545,13060,103,100,2,0,0
1845,13,8,1024,0,431,14,6,7,1,4,-70,2,1364,12696,111,100,3,0,0
1848,6,3,768,10,371,8,6,7,2,3,-70,8,4149,29500,100,100,2,0,0
1848,3,1,512,0,380,9,7,7,2,1,-64,10,3362,22791,122,100,3,0,0
1847,10,6,1024,0,354,15,6,7,1,6,-52,2,1463,15856,103,100,2,0,0
1849,7,3,768,0,422,12,7,7,1,5,-52,4,654,17996,117,100,1,1,1
1846,16,12,1280,0,321,10,128,7,1,3,-52,0,828,11291,103,100,4,1,3
1842,20,19,1792,10,214,11,18,7,1,5,-52,0,1325,11125,52,100,4,0,0
1848,8,4,768,20,415,16,38,7,1,6,-52,5,3174,26570,111,100,4,0,0
1849,1,0,256,0,23,0,0,4,0,0,0,9,1935,22348,1254,100,2,0,0
1849,19,14,1536,0,33,4,2,6,1,1,-70,1,1786,14620,16,100,2,0,0
1849,9,5,1024,0,412,11,3,7,1,4,-52,0,919,9387,112,100,2,0,0
1851,11,6,1024,10,358,11,36,7,1,3,-70,4,2099,17666,108,100,2,0,0
1850,15,10,1280,20,307,5,11,7,1,2,-70,0,1218,11105,106,100,4,0,0
1851,14,11,1280,10,291,9,11,7,1,2,-70,3,1729,12770,103,100,1,0,0
1851,20,19,1792,10,218,11,18,7,1,5,-52,0,792,8455,53,100,2,0,0
1851,18,14,1536,10,190,6,5,5,1,1,-52,0,828,10528,104,100,1,0,0
1854,7,3,768,0,424,12,7,7,1,5,-52,4,778,10249,118,100,1,1,1
1854,2,6,1024,20,362,17,1,6,1,5,-52,3,1283,21114,120,100,2,0,0
1854,19,14,1536,0,33,4,2,6,1,1,-70,1,883,6586,16,100,1,0,0
1855,1,0,256,0,23,0,0,4,0,0,0,9,996,14120,1257,100,1,0,0
1856,4,1,512,0,391,15,5,7,2,3,-66,9,3089,25779,121,44,2,1,1
1856,10,6,1024,10,356,15,6,7,1,6,-52,2,1165,14358,103,100,2,0,0
1857,8,4,768,10,419,16,38,7,1,6,-52,5,2501,22380,112,100,2,0,0
1858,5,4,768,0,393,10,1,6,1,1,-52,1,1213,13779,122,100,2,0,0
1859,6,3,768,20,375,8,6,7,2,3,-70,8,4736,29910,101,100,2,0,0
1858,3,1,512,0,381,9,7,7,2,1,-64,10,4719,34966,122,100,1,0,0
1858,2,6,1024,0,364,17,1,6,1,5,-52,3,613,7965,120,100,1,0,0
1856,17,13,1280,0,351,7,128,7,1,2,-52,1,1646,16903,92,100,6,1,3
1857,21,17,1536,0,226,11,8,5,1,3,-52,0,929,12934,92,100,4,0,0
1858,11,6,1024,20,360,11,36,7,1,3,-70,4,1634,13887,108,100,2,0,0
1858,14,11,1280,0,293,9,11,7,1,2,-70,3,1696,11795,104,100,3,0,0
1858,9,5,1024,10,415,11,3,7,1,4,-52,0,745,11630,112,100,3,0,0
1855,15,10,1280,10,309,5,11,7,1,2,-70,0,807,6287,107,100,2,0,0
1858,20,19,1792,0,220,11,18,7,1,5,-52,0,520,6587,53,100,2,0,0
1859,16,12,1280,0,327,10,132,7,1,3,-52,0,786,11475,104,100,6,1,3
1862,7,3,768,0,429,12,7,7,1,5,-52,4,1105,17840,118,100,2,1,1
1858,13,8,1024,10,435,14,6,7,1,4,-70,2,1445,14156,112,100,2,0,0
1861,18,14,1536,0,192,6,5,5,1,1,-52,0,866,9688,105,100,2,0,0
1863,8,4,768,30,420,16,38,7,1,6,-52,5,1759,14856,112,100,1,0,0
1863,3,1,512,0,381,9,7,7,2,1,-64,10,2919,19699,123,100,1,0,0
1864,1,0,256,0,23,0,0,4,0,0,0,9,1851,23117,1270,100,1,0,0
1863,12,8,1024,0,427,14,18,7,1,4,-52,1,1128,14691,111,100,3,0,0
1863,10,6,1024,0,357,15,6,7,1,6,-52,2,1255,12458,104,100,1,0,0
1864,14,11,1280,0,294,9,11,7,1,2,-70,3,1413,10638,104,100,1,0,0
1862,21,17,1536,0,229,11,8,5,1,3,-52,0,866,6755,92,100,2,0,0
1863,17,13,1280,10,356,7,130,7,1,2,-52,1,1612,12821,93,100,4,1,3
1864,19,14,1536,0,35,4,2,6,1,1,-70,1,1275,13474,17,100,4,0,0
1866,5,4,768,0,395,10,1,6,1,1,-52,1,1001,12434,122,100,1,0,0
1866,4,1,512,0,393,15,5,7,2,3,-66,9,4673,26138,122,94,2,1,1
1866,11,6,1024,0,364,11,36,7,1,3,-70,4,2298,17579,109,100,4,0,0
1868,13,8,1024,10,438,14,6,7,1,4,-70,2,1803,17189,112,100,4,0,0
1868,6,3,768,0,378,8,6,7,2,3,-70,8,4930,28879,101,100,1,0,0
1865,15,10,1280,0,313,5,11,7,1,2,-70,0,1084,10824,107,100,4,0,0
1868,12,8,1024,10,430,14,18,7,1,4,-52,1,1000,10549,112,100,2,0,0
1869,3,1,513,10,383,9,7,7,2,1,-64,10,3110,21521,123,100,2,0,0
1867,9,5,1024,0,416,11,3,7,1,4,-52,0,613,10790,113,100,3,0,0
1870,7,3,768,0,430,12,7,7,1,5,-52,4,686,16331,119,100,1,1,1
1867,16,12,1280,0,330,10,135,7,1,3,-52,0,817,11881,105,100,5,1,3
1867,18,14,1536,0,195,6,5,5,1,1,-52,0,607,5917,105,100,1,0,0
1871,4,1,512,60,394,15,5,7,2,3,-66,9,2483,13408,122,100,1,1,1
1870,2,6,1024,10,368,17,1,6,1,5,-52,3,1054,20442,121,100,3,0,0
1868,17,13,1280,0,357,7,131,7,1,2,-52,1,811,6844,93,100,3,1,3
1872,1,0,256,0,23,0,0,4,0,0,0,9,1886,21374,1276,100,2,0,0
1870,19,14,1536,0,35,4,2,6,1,1,-70,1,600,8311,17,100,1,0,0
1868,21,17,1536,0,232,11,8,5,1,3,-52,0,601,8226,92,100,2,0,0
1870,10,6,1024,0,357,15,6,7,1,6,-52,2,689,10080,104,100,1,0,0
1870,20,19,1792,0,227,11,18,7,1,5,-52,0,1403,12611,54,100,5,0,0
1874,5,4,768,0,399,10,1,6,1,1,-52,1,1397,13615,123,100,1,0,0
1874,8,4,768,10,423,16,38,7,1,6,-52,5,3799,32641,113,100,2,0,0
1873,15,10,1280,0,315,5,11,7,1,2,-70,0,740,8203,108,100,2,0,0
1874,14,11,1280,30,299,9,11,7,1,2,-70,3,2847,17839,105,100,4,0,0
1876,10,6,1024,0,357,15,6,7,1,6,-52,2,755,10326,105,100,1,0,0
1877,4,1,512,20,396,15,5,7,2,3,-66,9,2881,17401,122,100,1,1,1
1876,2,6,1024,0,368,17,1,6,1,5,-52,3,614,13685,122,100,1,0,0
1876,6,3,768,10,379,8,6,7,2,3,-70,8,4213,26880,102,100,2,0,0
1872,18,14,1536,10,195,6,5,5,1,1,-52,0,435,5051,106,100,1,0,0
1877,9,5,1024,10,421,11,3,7,1,4,-52,0,1030,12065,114,100,3,0,0
1875,16,12,1280,0,331,10,136,7,1,3,-52,0,564,9960,105,100,4,1,3
1877,12,8,1024,0,436,14,18,7,1,4,-52,1,1520,17385,112,100,4,0,0
1878,11,6,1035,30,367,11,36,7,1,3,-70,4,3172,25619,109,100,4,0,0
1880,3,1,512,10,387,9,7,7,2,1,-64,10,5201,36256,124,100,3,0,0
1879,13,8,1024,10,444,14,6,7,1,4,-70,2,2336,23887,113,100,4,0,0
1880,7,3,768,10,432,12,7,7,1,5,-52,4,714,22079,119,100,2,1,1
1882,8,4,768,0,426,16,38,7,1,6,-52,5,2132,19554,113,100,3,0,0
1879,17,13,1280,0,361,7,133,7,1,2,-52,1,1662,14916,94,100,6,1,3
1877,19,14,1536,10,36,4,2,6,1,1,-70,1,960,8712,18,100,2,0,0
1882,1,0,256,0,23,0,0,4,0,0,0,9,2669,28635,1294,100,2,0,0
1880,21,17,1536,0,239,11,8,5,1,3,-52,0,1318,14955,93,100,5,0,0
1882,5,4,768,0,404,10,1,6,1,1,-52,1,1650,16001,123,100,2,0,0
1882,19,14,1536,0,37,4,2,6,1,1,-70,1,518,6984,18,100,2,0,0
1882,12,8,1024,10,437,14,18,7,1,4,-52,1,651,9488,113,100,2,0,0
1882,20,19,1792,0,230,11,18,7,1,5,-52,0,926,10960,55,100,4,0,0
1883,14,11,1280,0,301,9,11,7,1,2,-70,3,2146,17508,105,100,2,0,0
1884,6,3,768,10,382,8,6,7,2,3,-70,8,2953,19053,102,100,2,0,0
1883,18,14,1536,0,198,6,5,5,1,1,-52,0,908,11186,106,100,2,0,0
1885,13,8,1024,0,446,14,6,7,1,4,-70,2,1285,11449,113,100,2,0,0
1884,15,10,1280,0,321,5,11,7,1,2,-70,0,1093,11718,108,100,4,0,0
1884,17,13,1280,0,363,7,135,7,1,2,-52,1,819,7285,94,100,3,1,3
1886,10,6,1024,0,358,15,6,7,1,6,-52,2,925,13688,105,100,2,0,0
1887,5,4,768,0,406,10,1,6,1,1,-52,1,644,7198,124,100,1,0,0
1886,16,12,1280,20,338,10,139,7,1,3,-52,0,1198,13130,106,100,8,1,3
1888,9,5,1024,0,424,11,3,7,1,4,-52,0,1075,14161,114,100,4,0,0
1887,2,6,1024,0,373,17,1,6,1,5,-52,3,1180,19833,122,100,2,0,0
1889,4,1,512,10,398,15,5,7,2,3,-66,9,4947,29040,123,100,2,1,1
1889,11,6,1024,10,371,11,36,7,1,3,-70,4,2595,22015,110,100,3,0,0
1889,12,8,1024,0,440,14,18,7,1,4,-52,1,1026,12599,113,100,2,0,0
1889,3,1,512,0,387,9,7,7,2,1,-64,10,4179,29593,125,100,1,0,0
1892,1,0,256,0,23,0,0,4,0,0,0,9,2118,25350,1307,100,1,0,0
1891,8,4,768,10,428,16,38,7,1,6,-52,5,3049,26218,114,100,2,0,0
1890,14,11,1280,40,305,9,11,7,1,2,-70,3,1825,13225,106,100,3,0,0
1891,7,3,768,0,436,12,7,7,1,5,-52,4,963,22464,120,100,2,1,1
1894,13,8,1024,0,450,14,6,7,1,4,-70,2,1711,17603,114,100,3,0,0
1889,20,19,1792,0,234,11,18,7,1,5,-52,0,847,7726,55,100,3,0,0
1890,21,17,1536,10,244,11,8,5,1,3,-52,0,1094,12919,94,100,3,0,0
1894,3,1,512,30,390,9,7,7,2,1,-64,10,2249,17331,125,100,1,0,0
1893,10,6,1024,0,360,15,6,7,1,6,-52,2,1329,14842,106,100,2,0,0
1890,18,14,1536,20,200,6,5,5,1,1,-52,0,474,6905,107,100,1,0,0
1895,11,6,1024,10,378,11,36,7,1,3,-70,4,2292,17365,111,100,2,0,0
1896,6,3,768,0,387,8,6,7,2,3,-70,8,5609,33414,103,100,2,0,0
1896,17,13,1280,0,369,7,138,7,1,2,-52,1,2332,16653,95,100,7,1,3
1898,8,4,768,10,430,16,38,7,1,6,-52,5,1951,17930,114,100,3,0,0
1895,15,10,1280,0,324,5,11,7,1,2,-70,0,1454,12094,109,100,4,0,0
1893,19,14,1536,0,39,4,2,6,1,1,-70,1,1695,15629,19,100,5,0,0
1895,18,14,1536,0,202,6,5,5,1,1,-52,0,833,5533,107,100,1,0,0
1898,5,4,768,0,409,10,1,6,1,1,-52,1,1526,18964,124,100,2,0,0
1898,10,6,1024,10,361,15,6,7,1,6,-52,2,571,6597,106,100,0,0,0
1899,14,11,1280,0,310,9,11,7,1,2,-70,3,2859,17231,106,100,2,0,0
1898,2,6,1024,0,375,17,1,6,1,5,-52,3,782,18913,123,100,2,0,0
1900,4,1,512,20,403,15,5,7,2,3,-66,9,4093,28006,124,100,2,1,1
1899,9,5,1024,0,428,11,3,7,1,4,-52,0,1065,14571,115,100,3,0,0
1902,1,0,256,0,23,0,0,4,0,0,0,9,2400,27000,1319,100,2,0,0
1897,21,17,1536,0,247,11,8,5,1,3,-52,0,1197,11353,94,100,2,0,0
1897,16,12,1280,0,343,10,142,7,1,3,-52,0,1285,14916,107,100,6,1,3
1899,20,19,1792,0,238,11,18,7,1,5,-52,0,1124,10008,56,100,3,0,0
1900,19,14,1536,0,40,4,2,6,1,1,-70,1,853,8478,19,100,2,0,0
1900,12,8,1024,0,446,14,18,7,1,4,-52,1,1956,22314,114,100,3,0,0
1903,3,1,512,0,392,9,7,7,2,1,-64,10,4192,28716,125,100,2,0,0
1902,7,3,768,0,439,12,7,7,1,5,-52,4,947,23270,121,100,2,1,1
1901,13,8,1024,10,453,14,6,7,1,4,-70,2,1499,15945,114,100,2,0,0
1904,8,4,768,40,433,16,38,7,1,6,-52,5,2098,16572,115,100,2,0,0
1901,16,12,1280,0,345,10,144,7,1,3,-52,0,406,5491,107,100,2,1,3
1904,11,6,1024,0,382,11,36,7,1,3,-70,4,2261,17880,111,100,3,0,0
1904,17,13,1280,10,373,7,140,7,1,2,-52,1,1521,12577,95,100,4,1,3
1905,4,1,512,0,406,15,5,7,2,3,-66,9,2694,13332,124,100,1,1,1
1903,18,14,1536,0,204,6,5,5,1,1,-52,0,733,7971,108,100,2,0,0
1907,5,4,768,0,412,10,1,6,1,1,-52,1,1169,12170,125,100,2,0,0
1907,1,0,256,0,23,0,0,4,0,0,0,9,1427,14302,1328,100,1,0,0
1906,6,3,768,0,390,8,6,7,2,3,-70,8,4706,28748,104,100,2,0,0
1905,21,17,1536,0,250,11,8,5,1,3,-52,0,731,11835,95,100,2,0,0
1906,10,6,1024,10,365,15,6,7,1,6,-52,2,1680,15826,107,100,2,0,0
1905,20,19,1792,10,241,11,18,7,1,5,-52,0,660,6808,57,100,2,0,0
1905,15,10,1280,0,327,5,11,7,1,2,-70,0,1039,10624,110,100,3,0,0
1908,2,6,1024,10,377,17,1,6,1,5,-52,3,789,16563,124,100,2,0,0
1908,16,12,1280,10,347,10,145,7,1,3,-52,0,757,9331,107,100,3,1,3
1909,7,3,768,0,442,12,7,7,1,5,-52,4,703,13544,121,100,2,1,1
1908,14,11,1280,30,317,9,11,7,1,2,-70,3,3491,21616,107,100,4,0,0
1910,8,4,768,10,436,16,38,7,1,6,-52,5,2428,20021,115,100,2,0,0
1908,19,14,1536,0,43,4,2,6,1,1,-70,1,1284,12910,20,100,4,0,0
1910,3,1,512,10,396,9,7,7,2,1,-64,10,4295,27724,126,100,1,0,0
1909,11,6,1024,20,384,11,36,7,1,3,-70,4,1779,14513,112,100,2,0,0
1912,1,0,256,0,23,0,0,4,0,0,0,9,997,12405,1332,100,1,0,0
1910,13,8,1024,0,459,14,6,7,1,4,-70,2,2366,20263,115,100,4,0,0
1907,18,14,1565,0,207,6,5,5,1,1,-52,0,606,6295,108,100,0,0,0
1911,9,5,1024,10,433,11,3,7,1,4,-52,0,1059,13956,116,100,4,0,0
1911,6,3,768,0,390,8,6,7,2,3,-70,8,2285,13994,104,100,1,0,0
1912,5,4,768,10,413,10,1,6,1,1,-52,1,793,9385,125,100,1,0,0
1909,12,8,1024,0,450,14,18,7,1,4,-52,1,1445,18750,114,100,4,0,0
1912,4,1,512,0,409,15,5,7,2,3,-66,9,3086,19026,125,100,2,1,1
1912,10,6,1024,10,368,15,6,7,1,6,-52,2,871,8719,107,100,1,0,0
1913,7,3,768,0,443,12,7,7,1,5,-52,4,541,9289,122,100,0,1,1
1913,15,10,1280,0,329,5,11,7,1,2,-70,0,714,8263,110,100,2,0,0
1916,3,1,512,0,396,9,7,7,2,1,-64,10,1767,13767,126,100,1,0,0
1916,9,5,1024,0,435,11,3,7,1,4,-52,0,526,6061,116,100,1,0,0
1914,17,13,1280,0,377,7,143,7,1,2,-52,1,1877,19239,96,100,6,1,3
1913,20,19,1792,0,242,11,18,7,1,5,-52,0,437,7807,57,100,2,0,0
1916,5,4,768,0,413,10,1,6,1,1,-52,1,686,7898,126,100,1,0,0
1913,19,14,1536,0,44,4,2,6,1,1,-70,1,698,7981,20,100,2,0,0
1915,21,17,1536,0,255,11,8,5,1,3,-52,0,1153,15238,96,100,4,0,0
1916,13,8,1024,20,462,14,6,7,1,4,-70,2,1085,10774,115,100,2,0,0
1916,12,8,1024,0,453,14,18,7,1,4,-52,1,930,12682,115,100,2,0,0
1915,11,6,1024,20,387,11,36,7,1,3,-70,4,1852,13156,112,100,2,0,0
1918,4,1,512,0,410,15,5,7,2,3,-66,9,2967,14545,125,100,0,1,1
1918,16,12,1280,0,350,10,148,7,1,3,-52,0,811,12843,108,100,6,1,3
1921,3,1,512,0,398,9,7,7,2,1,-64,10,2414,18493,127,100,1,0,0
1920,8,4,768,10,440,16,38,7,1,6,-52,5,3605,29487,116,100,3,0,0
1920,7,3,768,0,445,12,7,7,1,5,-52,4,619,13150,122,100,2,1,1
1920,2,6,1024,0,380,17,1,6,1,5,-52,3,881,20148,125,100,2,0,0
1918,18,14,1536,20,211,6,5,5,1,1,-52,0,1557,12282,109,100,3,0,0
1920,11,6,1024,20,388,11,36,7,1,3,-70,4,1011,10063,112,100,1,0,0
1923,1,0,256,0,23,0,0,4,0,0,0,9,2799,30168,1350,100,2,0,0
1923,6,3,768,20,395,8,6,7,2,3,-70,8,5357,32467,105,100,2,0,0
1921,14,11,1280,0,320,9,11,7,1,2,-70,3,2566,21227,108,100,2,0,0
1924,9,5,1024,0,439,11,3,7,1,4,-52,0,1015,12589,117,100,3,0,0
1921,10,6,1024,0,371,15,6,7,1,6,-52,2,1301,15783,108,100,2,0,0
1921,15,10,1280,0,332,5,11,7,1,2,-70,0,905,9119,111,100,4,0,0
1925,5,4,768,0,415,10,1,6,1,1,-52,1,1119,13711,126,100,1,0,0
1926,4,1,512,10,412,15,5,7,2,3,-66,9,2057,16770,126,100,2,1,1
1924,17,13,1280,0,382,7,146,7,1,2,-52,1,1940,17136,97,100,7,1,3
1923,20,19,1792,0,247,11,18,7,1,5,-52,0,1108,11097,58,100,5,0,0
1925,2,6,1024,10,381,17,1,6,1,5,-52,3,393,7171,125,100,1,0,0
1927,13,8,1024,0,465,14,6,7,1,4,-70,2,1950,21252,116,100,4,0,0
1925,19,14,1536,0,45,4,2,6,1,1,-70,1,1165,15571,21,100,3,0,0
1927,16,12,1280,0,354,10,149,7,1,3,-52,0,911,11316,109,100,5,1,3
1929,3,1,512,0,399,9,7,7,2,1,-64,10,4034,27662,127,100,1,0,0
1925,21,17,1536,10,257,11,8,5,1,3,-52,0,860,15496,96,100,3,0,0
1929,5,4,768,0,417,10,1,6,1,1,-52,1,560,6493,126,100,1,0,0
1928,12,8,1024,0,457,14,18,7,1,4,-52,1,1832,21557,116,100,4,0,0
1930,8,4,768,10,443,16,38,7,1,6,-52,5,2747,25787,117,100,4,0,0
1931,4,1,512,10,413,15,5,7,2,3,-66,9,2844,15150,126,100,1,1,1
1932,6,3,768,0,397,8,6,7,2,3,-70,8,3207,22128,106,100,1,0,0
1933,2,6,1024,0,384,17,1,6,1,5,-52,3,855,13786,125,100,1,0,0
1932,7,3,768,0,450,12,7,7,1,5,-52,4,1283,24094,123,100,2,1,1
1931,11,6,1060,30,393,11,36,7,1,3,-70,4,2849,22155,113,100,3,0,0
1934,10,6,1024,0,375,15,6,7,1,6,-52,2,1647,17803,108,100,2,0,0
1934,1,0,256,0,23,0,0,4,0,0,0,9,2362,29263,1363,100,2,0,0
1933,17,13,1280,0,386,7,148,7,1,2,-52,1,1569,13762,97,100,6,1,3
1928,20,19,1792,0,250,11,18,7,1,5,-52,0,604,5730,58,100,2,0,0
1931,14,11,1280,40,322,9,11,7,1,2,-70,3,1697,16931,109,100,3,0,0
1934,15,10,1280,0,335,5,11,7,1,2,-70,0,1010,12136,112,100,3,0,0
1930,18,14,1536,10,215,6,5,5,1,1,-52,0,934,11501,109,100,2,0,0
1934,13,8,1024,30,470,14,6,7,1,4,-70,2,1497,14557,117,100,2,0,0
1935,16,12,1280,0,356,10,151,7,1,3,-52,0,578,9683,109,100,4,1,3
1935,9,5,1024,0,443,11,3,7,1,4,-52,0,904,13097,118,100,4,0,0
1933,21,17,1536,0,261,11,8,5,1,3,-52,0,836,11968,97,100,3,0,0
1938,11,6,1024,50,393,11,36,7,1,3,-70,4,1500,11400,113,100,1,0,0
1937,3,1,512,10,402,9,7,7,2,1,-64,10,4346,30264,128,100,2,0,0
1938,4,1,512,0,415,15,5,7,2,3,-66,9,2085,15681,126,100,1,1,1
1935,19,14,1536,0,45,4,2,6,1,1,-70,1,741,11020,22,100,1,0,0
1938,5,4,768,0,419,10,1,6,1,1,-52,1,1121,15059,127,100,1,0,0
1935,18,14,1536,0,216,6,5,5,1,1,-52,0,534,4786,110,100,1,0,0
1940,7,3,768,0,452,12,7,7,1,5,-52,4,524,13506,123,100,1,1,1
1940,6,3,768,10,399,8,6,7,2,3,-70,8,3775,21436,106,100,2,0,0
1938,8,4,768,0,445,16,38,7,1,6,-52,5,2095,22691,117,100,2,0,0
1939,12,8,1024,0,461,14,18,7,1,4,-52,1,1200,18963,116,100,4,0,0
1940,1,0,256,0,23,0,0,4,0,0,0,9,1534,18046,1372,100,1,0,0
1938,14,11,1280,20,327,9,11,7,1,2,-70,3,2001,12765,109,100,4,0,0
1942,10,6,1024,0,377,15,6,7,1,6,-52,2,932,12702,109,100,1,0,0
1944,3,1,512,0,402,9,7,7,2,1,-64,10,1846,16578,128,100,1,0,0
1943,17,13,1280,0,390,7,151,7,1,2,-52,1,1701,15918,98,100,6,1,3
1943,2,6,1024,0,386,17,1,6,1,5,-52,3,701,16591,126,100,2,0,0
1945,6,3,768,0,400,8,6,7,2,3,-70,8,1971,13128,106,100,1,0,0
1944,5,4,768,0,420,10,1,6,1,1,-52,1,561,8621,127,100,1,0,0
1945,1,0,256,0,23,0,0,4,0,0,0,9,951,12137,1378,100,1,0,0
1943,11,6,1024,10,395,11,36,7,1,3,-70,4,1231,10525,114,100,1,0,0
1945,8,4,768,0,446,16,38,7,1,6,-52,5,1433,16274,118,100,2,0,0
1945,9,5,1024,0,448,11,3,7,1,4,-52,0,863,11781,118,100,2,0,0
1947,4,1,512,0,418,15,5,7,2,3,-66,9,3414,20409,127,100,2,1,1
1946,16,12,1280,0,357,10,153,7,1,3,-52,0,701,12957,110,100,4,1,3
1947,15,10,1280,0,338,5,11,7,1,2,-70,0,965,11714,113,100,4,0,0
1946,13,8,1024,0,475,14,6,7,1,4,-70,2,2762,24616,117,100,4,0,0
1944,21,17,1536,0,266,11,8,5,1,3,-52,0,1035,16783,98,100,4,0,0
1947,3,1,512,0,402,9,7,7,2,1,-64,10,1826,14911,129,100,1,0,0
1949,7,3,768,0,454,12,7,7,1,5,-52,4,676,18086,124,100,2,1,1
1949,1,0,256,0,23,0,0,4,0,0,0,10,1189,11898,1383,100,1,0,0
1951,2,6,1024,0,388,17,1,6,1,5,-52,3,715,13178,127,100,2,0,0
1952,15,10,1280,10,341,5,11,7,1,2,-70,0,796,6189,113,100,2,0,0
1953,11,6,1024,0,401,11,36,7,1,3,-70,4,1660,17666,114,100,4,0,0
1955,6,3,768,0,402,8,6,7,2,3,-70,8,3110,24262,107,100,1,0,0
1954,10,6,1024,0,379,15,6,7,1,6,-52,3,2065,20030,110,100,2,0,0
1953,9,5,1024,0,451,11,3,7,1,4,-52,0,796,9829,119,100,4,0,0
1955,1,0,256,0,23,0,0,4,0,0,0,10,853,13883,1388,100,1,0,0
1956,4,1,512,0,418,15,5,7,2,3,-66,9,2893,21164,128,69,1,1,1
1955,17,13,1280,10,396,7,153,7,1,2,-52,1,1042,10884,99,100,4,1,3
1957,3,1,512,10,405,9,7,7,2,1,-64,10,3251,29288,129,100,2,0,0
1958,15,10,1280,0,346,5,11,7,1,2,-70,0,1245,7159,113,100,2,0,0
1956,16,12,1280,0,362,10,156,7,1,3,-52,0,1168,13027,111,100,7,1,3
1959,13,8,1024,20,480,14,6,7,1,4,-70,2,1373,10002,118,100,2,0,0
1961,2,6,1024,0,391,17,1,6,1,5,-52,3,859,17622,127,100,2,0,0
1961,7,3,768,0,457,12,7,7,1,5,-52,4,1101,24159,125,100,2,1,1
1962,6,3,768,0,404,8,6,7,2,3,-70,8,2385,17195,107,100,2,0,0
1961,1,0,256,0,23,0,0,4,0,0,0,10,752,12687,1391,100,1,0,0
1960,9,5,1024,10,453,11,3,7,1,4,-52,0,517,8230,119,100,2,0,0
1961,8,4,768,0,450,16,38,7,1,6,-52,5,3063,30176,119,100,5,0,0
1949,14,10,1408,80,329,11,11,7,0,3,-52,3,1965,16594,109,100,2,0,0
1956,14,10,1408,60,330,11,11,7,0,3,-52,3,871,10010,109,100,2,0,0
1961,14,10,1408,70,331,11,11,7,0,3,-52,3,714,8252,109,100,2,0,0
1963,4,1,512,10,421,15,5,7,2,3,-66,9,2458,16542,128,35,2,1,1
1964,11,6,1024,0,406,11,36,7,1,3,-70,4,1285,20176,115,100,3,0,0
1963,15,10,1280,0,347,5,11,7,1,2,-70,0,539,5009,114,100,1,0,0
1965,7,3,768,0,458,12,7,7,1,5,-52,4,272,8093,125,100,0,1,1
1955,20,19,1792,0,259,11,18,7,1,5,-52,0,682,6493,60,100,2,0,0
1958,19,14,1536,0,48,4,2,6,1,1,-70,1,1281,11454,23,100,2,0,0
1965,5,4,768,10,428,10,1,6,1,1,-52,1,1067,14936,129,100,1,0,0
1966,10,6,1024,40,383,15,6,7,1,6,-52,3,3125,22421,111,100,2,0,0
1960,18,14,1536,0,223,6,5,5,1,1,-52,0,525,7201,111,100,1,0,0
1966,3,1,512,0,406,9,7,7,2,1,-64,10,4827,33154,130,100,2,0,0
1965,18,14,1536,0,223,6,5,5,1,1,-52,0,342,4449,112,100,1,0,0
1969,6,3,768,20,407,8,6,7,2,3,-70,8,4286,23613,108,100,1,0,0
1965,21,17,1536,20,277,11,8,5,1,3,-52,0,1463,15873,99,100,4,0,0
1963,20,19,1792,10,262,11,18,7,1,5,-52,0,495,7361,60,100,2,0,0
1971,1,0,256,0,23,0,0,4,0,0,0,10,2101,25578,1401,100,2,0,0
1971,4,1,512,10,422,15,5,7,2,3,-66,9,1762,16234,129,25,1,1,1
1970,15,10,1280,10,349,5,11,7,1,2,-70,0,679,7815,114,100,3,0,0
1971,14,10,1280,10,333,11,11,7,1,3,-52,3,2964,18514,110,100,3,0,0
1972,2,6,1024,10,394,17,1,6,1,5,-52,3,995,19430,128,100,2,0,0
1969,19,14,1536,10,50,5,2,6,1,1,-70,1,1682,15759,24,100,4,0,0
1973,18,14,1536,0,225,7,5,5,1,1,-52,0,684,7744,112,100,1,0,0
1974,7,3,768,0,462,12,7,7,1,5,-52,4,913,18174,126,100,2,1,1
1972,20,19,1792,0,266,11,18,7,1,5,-52,0,1262,9484,61,100,4,0,0
1970,13,8,1024,10,484,14,6,7,1,4,-70,2,2569,22487,119,100,3,0,0
1970,12,8,1024,0,474,14,18,7,1,4,-52,1,1640,19743,119,100,4,0,0
1976,6,3,768,0,408,8,6,7,2,3,-70,8,3219,17821,108,100,1,0,0
1976,11,6,1024,0,413,11,36,7,1,3,-70,4,1386,21238,116,100,4,0,0
1975,10,6,1024,0,385,15,6,7,1,6,-52,4,3364,21886,111,100,2,0,0
1976,3,1,512,0,406,9,7,7,2,1,-64,10,4515,30900,130,100,1,0,0
1976,15,10,1280,20,351,5,11,7,1,2,-70,0,750,6483,115,100,1,0,0
1977,4,1,512,0,423,15,5,7,2,3,-66,9,1449,13790,129,20,1,1,1
1979,2,6,1024,0,397,17,1,6,1,5,-52,3,632,11580,128,100,1,0,0
1976,17,13,1280,0,403,7,159,7,1,2,-52,1,1530,17477,100,100,6,1,3
1979,1,0,256,0,23,0,0,4,0,0,0,10,1466,21391,1407,100,1,0,0
1978,12,8,1024,0,476,14,18,7,1,4,-52,1,875,12582,119,100,2,0,0
1978,19,14,1536,10,52,5,2,6,1,1,-70,1,1435,11950,24,100,4,0,0
1981,8,4,768,0,454,16,38,7,1,6,-52,5,2447,24102,120,100,2,0,0
1980,10,6,1024,10,386,15,6,7,1,6,-52,5,1929,12679,112,100,1,0,0
1981,3,1,512,20,408,9,7,7,2,1,-64,10,2854,18737,131,100,1,0,0
1981,11,6,1024,0,417,11,36,7,1,3,-70,4,783,11101,116,100,2,0,0
1980,20,19,1792,10,269,12,18,7,1,5,-52,0,707,7227,61,100,2,0,0
1983,6,3,768,20,409,8,6,7,2,3,-70,8,4026,22574,109,100,2,0,0
1982,4,1,512,0,426,15,5,7,2,3,-66,9,1873,11540,130,40,1,1,1
1982,14,10,1280,20,341,11,11,7,1,3,-52,3,3192,20658,111,100,4,0,0
1984,1,0,256,0,23,0,0,4,0,0,0,10,1057,12309,1413,100,1,0,0
1982,15,10,1280,0,354,5,11,7,1,2,-70,0,784,6874,115,100,3,0,0
1981,16,12,1280,0,373,10,163,7,1,3,-52,0,912,10046,112,100,5,1,3
1981,18,14,1536,0,228,7,5,5,1,1,-52,0,808,9598,113,100,2,0,0
1983,20,19,1792,0,272,12,18,7,1,5,-52,0,743,5359,62,100,2,0,0
1984,7,3,768,10,466,12,7,7,1,5,-52,4,989,23263,126,100,2,1,1
1987,4,1,512,0,427,15,5,7,2,3,-66,9,1134,10058,130,50,1,1,1
1988,19,14,1536,0,55,5,3,6,1,1,-70,1,2067,14991,25,100,5,0,0
1989,6,3,768,0,410,8,6,7,2,3,-70,8,2227,15146,109,100,1,0,0
1989,5,4,768,0,432,10,1,6,1,1,-52,1,534,8200,130,100,1,0,0
1989,10,6,1024,10,387,15,6,7,1,6,-52,5,2093,18111,112,100,1,0,0
1989,3,1,512,20,410,9,7,7,2,1,-64,10,3869,26550,131,100,2,0,0
1990,14,10,1280,0,343,11,11,7,1,3,-52,3,1662,13789,111,100,3,0,0
1990,15,10,1280,10,358,5,12,7,1,2,-70,0,761,8099,116,100,3,0,0
1990,2,6,1024,0,401,17,1,6,1,5,-52,3,1108,20359,129,100,3,0,0
1990,7,3,768,0,467,12,7,7,1,5,-52,4,580,13981,127,100,1,1,1
1992,4,1,512,10,428,15,5,7,2,3,-66,9,1104,9531,130,25,1,1,1
1988,21,17,1536,10,284,11,8,5,1,3,-52,0,767,15959,100,100,4,0,0
1992,1,0,256,0,23,0,0,4,0,0,0,10,1475,21037,1420,100,2,0,0
1993,11,6,1024,0,421,11,37,7,1,3,-70,4,1092,20993,117,100,5,0,0
1993,18,14,1536,0,230,7,5,5,1,1,-52,0,1024,11296,114,100,2,0,0
1993,13,8,1024,20,495,14,6,7,1,4,-70,2,2172,22507,120,100,5,0,0
1995,17,13,1280,0,410,7,163,7,1,2,-52,1,1589,18346,101,100,7,1,3
1994,7,3,768,0,469,12,7,7,1,5,-52,4,499,8758,127,100,1,1,1
1995,6,3,768,10,413,8,6,7,2,3,-70,8,3603,23516,110,100,1,0,0
1996,14,10,1280,20,344,11,11,7,1,3,-52,3,1071,10135,112,100,1,0,0
1996,16,12,1280,0,384,10,166,7,1,3,-52,0,999,10560,113,100,5,1,3
1995,20,19,1792,0,276,12,18,7,1,5,-52,0,1067,11282,63,100,4,0,0
1998,10,6,1420,0,398,15,6,7,1,6,-52,5,3258,19565,113,100,2,0,0
1997,3,1,512,0,413,9,7,7,2,1,-64,10,4622,29048,132,100,1,0,0
1999,13,8,1024,0,496,14,6,7,1,4,-70,2,1372,12277,121,100,1,0,0
1999,11,6,1024,10,422,11,37,7,1,3,-70,4,452,10215,118,100,1,0,0
2000,5,4,768,0,433,10,1,6,1,1,-52,1,400,7700,131,100,1,0,0
1999,19,14,1536,0,57,5,3,6,1,1,-70,1,1258,15043,26,100,4,0,0
2000,9,5,1024,0,466,11,3,7,1,4,-52,0,1030,12341,122,100,3,0,0
2001,8,4,768,10,459,16,38,7,1,6,-52,5,2360,22092,121,100,3,0,0
2001,20,19,1792,0,277,12,18,7,1,5,-52,0,366,4694,63,100,2,0,0
2002,2,6,1024,10,404,17,1,6,1,5,-52,3,726,20016,130,100,2,0,0
2002,4,1,512,0,434,15,5,7,2,3,-66,9,3694,23631,131,47,4,1,1
2003,1,0,256,0,23,0,0,4,0,0,0,10,2498,29916,1429,100,2,0,0
2003,16,12,1280,0,388,10,168,7,1,3,-52,0,1001,9615,114,100,5,1,3
2004,6,3,768,10,415,8,6,7,2,3,-70,8,3758,25334,110,100,3,0,0
2004,7,3,768,0,472,12,8,7,1,5,-52,4,858,20612,128,100,3,1,1
2008,5,4,768,0,434,10,1,6,1,1,-52,1,1121,13334,132,100,2,0,0
2009,2,6,1024,10,405,17,1,6,1,5,-52,3,501,10916,130,100,1,0,0
2009,4,1,512,0,435,15,5,7,2,3,-66,9,1672,14809,131,26,2,1,1
2009,1,0,256,0,23,0,0,4,0,0,0,10,938,13822,1434,100,1,0,0
2010,11,6,1024,10,430,11,37,7,1,3,-70,3,1443,21029,118,100,4,0,0
2010,3,1,512,0,420,9,7,7,2,1,-64,10,4956,38383,133,100,3,0,0
2008,6,3,768,10,417,8,6,7,2,3,-70,8,1696,10573,111,100,2,0,0
2009,10,6,1420,10,403,15,6,7,1,6,-52,5,1623,21434,113,100,3,0,0
2012,9,5,1024,0,471,11,3,7,1,4,-52,0,675,8170,123,100,2,0,0
2007,20,19,1792,0,282,12,18,7,1,5,-52,0,816,6313,63,100,2,0,0
2013,13,8,1024,0,502,14,6,7,1,4,-70,2,1243,10787,122,100,2,0,0
2009,19,14,1536,0,57,5,3,6,1,1,-70,1,1120,12030,26,100,2,0,0
2013,12,8,1024,0,489,14,19,7,1,4,-52,2,1420,19018,121,100,3,0,0
2013,16,12,1280,0,392,10,170,7,1,3,-52,0,987,12840,114,100,5,1,3
2014,14,11,1345,80,348,15,11,7,1,5,-70,3,3349,19068,113,100,3,0,0
2015,1,0,256,0,23,0,0,4,0,0,0,10,1109,15134,1439,100,1,0,0
2015,3,1,512,0,423,9,7,7,2,1,-64,10,2834,18573,133,100,2,0,0
2015,4,1,512,20,438,15,5,7,2,3,-66,9,1713,13679,132,62,2,1,1
2008,18,14,1536,0,238,7,5,5,1,1,-52,0,855,5002,115,100,1,0,0
2014,7,3,768,0,474,12,8,7,1,5,-52,4,668,19745,128,100,2,1,1
2015,8,4,768,10,462,16,38,7,1,6,-52,6,2466,23738,122,100,3,0,0
1997,15,12,1408,60,360,7,12,7,0,3,-70,0,914,7048,116,100,3,0,0
2007,15,12,1408,70,363,7,12,7,0,3,-70,0,732,9152,117,100,4,0,0
2015,10,6,1420,0,404,15,6,7,1,6,-52,5,690,14073,114,100,2,0,0
2016,17,13,1280,0,423,7,169,7,1,2,-52,1,1300,12822,103,100,5,1,3
2014,2,6,1024,0,409,17,1,6,1,5,-52,3,999,16089,131,100,2,0,0
2013,15,12,1408,70,365,7,12,7,0,3,-70,0,682,5423,117,100,2,0,0
2017,6,3,768,0,420,8,6,7,2,3,-70,8,3990,24304,111,100,1,0,0
2018,15,12,1280,30,367,7,13,7,1,3,-70,0,1394,7381,117,100,2,0,0
2013,18,14,1536,0,240,7,5,5,1,1,-52,0,607,5459,115,100,1,0,0
2019,5,4,768,0,435,10,1,6,1,1,-52,1,1109,17956,132,100,2,0,0
2017,11,6,1024,0,433,11,37,7,1,3,-70,4,3002,22937,119,100,4,0,0
2018,21,17,1536,0,297,11,8,5,1,3,-52,0,1004,16869,102,100,4,0,0
2018,20,19,1792,0,285,12,18,7,1,5,-52,0,989,9853,64,100,4,0,0
2021,9,5,1024,10,475,11,3,7,1,4,-52,0,936,11934,123,100,3,0,0
2021,8,4,768,0,463,16,38,7,1,6,-52,6,2087,17320,123,100,1,0,0
2020,10,6,1420,0,405,15,6,7,1,6,-52,5,501,8958,114,100,1,0,0
2022,13,8,1024,0,507,14,6,7,1,4,-70,2,1643,18893,122,100,3,0,0
2022,3,1,512,0,425,9,7,7,2,1,-64,10,3664,26804,134,100,2,0,0
2023,4,1,512,20,438,15,5,7,2,3,-66,9,3599,21102,132,100,1,1,1
2023,14,11,1280,60,352,15,11,7,1,5,-70,3,2899,19365,114,100,4,0,0
2020,16,12,1280,10,396,10,171,7,1,3,-52,0,1005,10281,115,100,5,1,3
2018,19,14,1536,0,60,5,3,6,1,1,-70,1,1201,12790,27,100,2,0,0
2022,7,3,768,0,475,12,8,7,1,5,-52,4,685,16160,129,100,2,1,1
2022,15,12,1280,10,372,7,13,7,1,3,-70,0,1103,7215,118,100,3,0,0
2023,17,13,1280,0,426,7,170,7,1,2,-52,1,1098,11427,103,100,4,1,3
2024,12,8,1024,0,492,14,19,7,1,4,-52,2,3179,28682,122,100,4,0,0
2025,2,6,1024,0,411,17,1,6,1,5,-52,3,684,17155,132,100,1,0,0
2027,1,0,256,0,23,0,0,4,0,0,0,10,2858,32050,1458,100,2,0,0
2027,16,12,1280,0,399,10,172,7,1,3,-52,0,683,8551,115,100,3,1,3
2026,10,6,1420,0,407,15,6,7,1,6,-52,5,719,11933,115,100,2,0,0
2027,6,3,768,10,421,8,6,7,2,3,-70,8,4489,28428,112,100,2,0,0
2027,4,1,512,0,440,15,5,7,2,3,-66,9,2107,12879,133,100,2,1,1
2027,15,12,1280,10,374,7,13,7,1,3,-70,0,444,5230,118,100,1,0,0
2030,5,4,768,0,439,10,1,6,1,1,-52,1,1650,17688,133,100,2,0,0
2030,8,4,768,0,466,16,38,7,1,6,-52,6,2611,22636,123,100,3,0,0
2030,9,5,1024,0,478,11,3,7,1,4,-52,0,952,11569,124,100,4,0,0
2028,11,6,1024,70,436,11,37,7,1,3,-70,4,2611,22686,120,100,4,0,0
2028,7,3,768,0,475,12,8,7,1,5,-52,4,285,11762,129,100,1,1,1
2031,17,13,1280,10,428,7,172,7,1,2,-52,1,916,11476,104,100,4,1,3
2030,2,6,1024,10,411,17,1,6,1,5,-52,3,520,8056,132,100,1,0,0
2030,21,17,1536,0,301,11,8,5,1,3,-52,0,1082,16152,103,100,4,0,0
2033,3,1,512,0,429,9,7,7,2,1,-64,10,4462,33743,134,100,3,0,0
2033,1,0,256,0,23,0,0,4,0,0,0,10,1262,17383,1466,100,1,0,0
2033,13,8,1024,0,511,14,6,7,1,4,-70,2,2046,21834,123,100,5,0,0
2033,12,8,1024,20,496,14,19,7,1,4,-52,2,1888,18772,123,100,4,0,0
2031,14,11,1280,20,356,15,11,7,1,5,-70,3,2223,16880,114,100,2,0,0
2030,19,14,1536,0,61,6,3,6,1,1,-70,1,1902,15824,28,100,4,0,0
2032,20,19,1792,0,290,12,18,7,1,5,-52,0,683,8410,65,100,2,0,0
2036,6,3,768,10,422,8,6,7,2,3,-70,8,2943,19757,112,100,1,0,0
2035,5,4,768,0,440,10,1,6,1,1,-52,1,771,8930,134,100,1,0,0
2033,18,14,1536,10,246,8,5,5,1,1,-52,0,798,11975,116,100,2,0,0
2033,16,12,1280,0,403,10,174,7,1,3,-52,0,823,8294,116,100,4,1,3
2034,10,6,1420,0,410,15,6,7,1,6,-52,5,729,12970,115,100,2,0,0
2036,9,5,1024,0,480,11,3,7,1,4,-52,0,631,7737,124,100,1,0,0
2035,17,13,1280,10,429,7,173,7,1,2,-52,1,637,6696,104,100,3,1,3
2038,13,8,1024,10,513,14,6,7,1,4,-70,2,1043,9469,123,100,2,0,0
2038,3,1,512,20,430,9,7,7,2,1,-64,10,2431,17470,135,100,0,0,0
2037,15,12,1280,10,378,7,14,7,1,3,-70,0,1148,11325,119,100,4,0,0
2040,14,11,1280,10,359,15,11,7,1,5,-70,3,2156,16746,115,100,2,0,0
2039,4,1,512,0,443,15,5,7,2,3,-66,9,5275,28743,133,100,2,1,1
2041,11,6,1024,0,443,11,37,7,2,3,-70,4,3853,25867,120,100,4,0,0
2040,5,4,768,20,441,10,1,6,1,1,-52,1,809,8441,134,100,1,0,0
2042,7,3,768,10,478,12,8,7,1,5,-52,4,840,23369,130,100,2,1,1
2042,6,3,768,20,424,8,6,7,2,3,-70,8,2620,18819,113,100,1,0,0
2042,8,4,768,20,471,16,38,7,1,6,-52,6,4045,32934,124,100,5,0,0
2041,18,14,1536,0,248,8,5,5,1,1,-52,0,679,7492,117,100,2,0,0
2042,2,6,1024,0,415,17,1,6,1,5,-52,3,987,18133,133,100,2,0,0
2040,17,13,1280,0,431,7,174,7,1,2,-52,1,880,8498,104,100,3,1,3
2044,10,6,1420,10,414,15,6,7,1,6,-52,5,817,12934,116,100,2,0,0
2042,19,14,1536,0,62,6,3,6,1,1,-70,1,1643,16228,29,100,4,0,0
2041,16,12,1280,0,405,10,176,7,1,3,-52,0,668,10559,116,100,6,1,3
2042,12,8,1024,20,498,14,19,7,1,4,-52,2,1859,20768,123,100,3,0,0
2042,20,19,1792,0,295,13,18,7,1,5,-52,0,1350,11066,66,100,4,0,0
2040,21,17,1536,0,306,11,8,5,1,3,-52,0,916,14471,104,100,3,0,0
2045,1,0,256,0,23,0,0,4,0,0,0,10,3312,33718,1482,100,3,0,0
2045,13,12,1280,30,516,15,6,7,1,5,-52,2,1861,15865,124,100,2,0,0
2044,15,12,1280,0,383,7,14,7,1,3,-70,0,1113,8764,119,100,4,0,0
2046,9,5,1024,0,486,11,3,7,1,4,-52,0,1257,13463,125,100,4,0,0
2047,6,3,768,10,425,8,6,7,2,3,-70,8,2318,15552,113,100,1,0,0
2047,8,4,768,10,471,16,38,7,1,6,-52,6,2072,15305,124,100,1,0,0
2047,3,1,512,0,434,9,7,7,2,1,-64,10,3791,28632,135,100,3,0,0
2048,2,6,1024,0,415,17,1,6,1,5,-52,3,262,9087,133,100,1,0,0
2048,18,14,1536,0,251,8,5,5,1,1,-52,0,643,7248,117,100,3,0,0
2048,4,1,512,30,449,15,5,7,2,3,-66,10,4986,25357,134,100,2,1,1
2045,17,13,1536,0,433,7,175,7,1,2,-52,1,929,8686,105,100,3,1,3
2051,10,6,1420,0,417,15,6,7,1,6,-52,5,651,12552,116,100,2,0,0
2050,11,6,1024,0,445,11,37,7,2,3,-70,4,2173,18668,121,100,3,0,0
2051,6,3,768,10,426,8,6,7,2,3,-70,7,1686,12086,113,100,1,0,0
2049,14,11,1280,10,366,15,11,7,1,5,-70,3,2989,22848,115,100,4,0,0
2047,12,8,1024,0,499,14,19,7,1,4,-52,3,1895,13409,124,100,1,0,0
2049,19,14,1536,10,64,6,3,6,1,1,-70,1,1011,10428,29,100,3,0,0
2050,20,19,1792,10,299,13,18,7,1,5,-52,0,981,8760,66,100,3,0,0
2052,7,3,768,0,482,12,8,7,1,5,-52,4,1090,21533,131,100,4,1,1
2051,5,4,768,10,443,10,1,6,1,1,-52,1,1133,18493,135,100,2,0,0
2046,21,17,1536,10,308,11,8,5,1,3,-52,0,669,9809,104,100,3,0,0
2047,16,12,1280,0,406,10,178,7,1,3,-52,0,640,9274,117,100,3,1,3
2052,2,6,1024,10,416,17,1,6,1,5,-52,3,484,7544,133,100,1,0,0
2053,1,0,256,0,23,0,0,4,0,0,0,10,1797,19966,1492,100,1,0,0
2053,9,5,1024,0,487,11,3,7,1,4,-52,0,412,8312,125,100,2,0,0
2051,17,13,1536,0,435,8,176,7,1,2,-52,1,872,9240,105,100,3,1,3
2055,8,4,768,50,478,16,38,7,1,6,-52,6,3004,24125,125,100,2,0,0
2053,12,8,1024,10,500,14,19,7,1,4,-52,4,1572,11709,124,100,2,0,0
2057,7,3,768,0,483,12,8,7,1,5,-52,4,493,9816,131,100,1,1,1
2050,15,12,1280,0,384,7,14,7,1,3,-70,0,445,6264,120,100,2,0,0
2052,21,17,1792,0,309,11,8,5,1,3,-52,0,493,8866,105,100,2,0,0
2056,5,4,768,0,443,10,1,6,1,1,-52,1,697,8113,135,100,1,0,0
2055,13,12,1280,10,518,16,6,7,1,5,-52,2,2142,20546,124,100,3,0,0
2058,3,1,512,0,435,9,7,7,2,1,-64,10,4932,34596,136,100,2,0,0
2058,12,8,1024,20,502,14,19,7,1,4,-52,5,1824,13473,124,100,1,0,0
2059,6,3,768,0,427,8,6,7,2,3,-70,7,2701,22221,114,100,1,0,0
2055,18,14,1536,0,252,8,5,5,1,1,-52,0,473,6857,118,100,1,0,0
2060,10,6,1420,0,420,15,6,7,1,6,-52,3,973,15378,117,100,2,0,0
2055,16,12,1280,0,408,10,181,7,1,3,-52,0,688,9126,117,100,5,1,3
2060,11,6,1024,0,452,11,37,7,2,3,-70,4,3551,24105,122,100,3,0,0
2059,4,1,512,10,452,15,5,7,2,3,-66,10,5423,29700,135,100,2,1,1
2060,9,5,1024,0,488,11,3,7,1,4,-52,0,448,8071,126,100,1,0,0
2061,14,11,1280,0,368,15,11,7,1,5,-70,3,2565,22114,116,100,3,0,0
2061,19,14,1536,0,66,6,3,6,1,1,-70,1,1584,15766,30,100,4,0,0
2061,7,3,768,0,483,12,8,7,1,5,-52,4,260,7769,131,100,1,1,1
2060,20,19,1792,0,301,13,18,7,1,5,-52,0,715,9801,67,100,4,0,0
2062,2,6,1024,0,421,17,1,6,1,5,-52,3,1270,18354,134,100,2,0,0
2058,17,13,1536,0,438,8,177,7,1,2,-52,1,1523,11623,106,100,3,1,3
2062,5,4,768,0,445,10,1,6,1,1,-52,1,967,8222,135,100,1,0,0
2062,1,0,256,0,23,0,0,4,0,0,0,10,2096,24682,1504,100,1,0,0
2057,15,12,1280,10,387,7,14,7,1,3,-70,0,715,6693,120,100,1,0,0
2060,13,12,1280,0,519,16,6,7,1,5,-52,2,1071,9521,125,100,2,0,0
2062,8,4,768,20,483,16,38,7,1,6,-52,6,3627,22888,125,100,3,0,0
2064,6,3,768,0,427,8,6,7,2,3,-70,7,2349,15661,114,100,1,0,0
2062,12,8,1024,20,505,14,19,7,1,4,-52,5,1919,13337,124,100,2,0,0
2062,21,17,1792,0,312,12,8,5,1,3,-52,0,888,14448,105,100,3,0,0
2066,11,6,1024,0,453,11,37,7,2,3,-70,4,953,10391,122,100,1,0,0
2066,18,14,1536,0,254,8,5,5,1,1,-52,0,664,10191,118,100,3,0,0
2067,7,3,768,0,487,12,8,7,1,5,-52,4,869,11821,132,100,2,1,1
2065,16,12,1280,0,412,10,183,7,1,3,-52,0,962,11719,118,100,6,1,3
2066,17,13,1536,0,442,8,179,7,1,2,-52,1,1512,13395,106,100,5,1,3
2068,14,11,1280,0,370,15,11,7,1,5,-70,3,1504,13218,116,100,3,0,0
2068,10,6,1420,0,424,15,6,7,1,6,-52,3,824,15247,117,100,1,0,0
2068,3,1,512,10,437,9,7,7,2,1,-64,10,4603,34613,137,100,2,0,0
2068,1,0,256,0,23,0,0,4,0,0,0,10,1495,16705,1514,100,2,0,0
2066,15,12,1280,0,390,7,14,7,1,3,-70,0,1060,9407,121,100,4,0,0
2066,19,14,1536,10,67,6,3,7,1,1,-70,1,825,8073,30,100,2,0,0
2069,5,4,768,10,448,10,1,6,1,1,-52,1,1277,13500,136,100,1,0,0
2069,9,5,1024,10,492,11,3,7,1,4,-52,0,878,11308,127,100,4,0,0
2071,11,6,1024,0,456,11,37,7,2,3,-70,4,1395,11109,122,100,1,0,0
2068,13,12,1280,0,524,16,6,7,1,5,-52,2,1615,16252,125,100,3,0,0
2071,4,1,512,20,455,15,5,7,2,3,-66,10,5352,30394,136,100,2,1,1
2068,21,17,1792,0,314,12,8,5,1,3,-52,0,552,9659,106,100,2,0,0
2072,2,6,1024,0,422,17,1,6,1,5,-52,3,651,17495,135,100,2,0,0
2071,16,12,1280,0,414,10,184,7,1,3,-52,0,526,7239,118,100,3,1,3
2071,8,4,768,0,486,16,38,7,1,6,-52,6,3255,27387,126,100,3,0,0
2072,12,8,1024,0,512,14,20,7,1,4,-52,5,3688,25922,125,100,5,0,0
2074,14,11,1280,20,374,15,11,7,1,5,-70,3,1782,13138,117,100,2,0,0
2072,9,5,1024,0,492,11,3,7,1,4,-52,0,287,5296,127,100,1,0,0
2074,7,3,768,0,488,12,8,7,1,5,-52,4,416,14715,132,100,1,1,1
2074,6,3,768,0,428,8,6,7,2,3,-70,7,4878,32679,115,100,2,0,0
2074,1,0,256,0,23,0,0,4,0,0,0,10,1508,16113,1523,100,1,0,0
2073,21,17,1792,0,316,12,8,5,1,3,-52,0,547,7136,106,100,2,0,0
2074,3,1,512,0,440,9,7,7,2,1,-64,10,2932,20671,137,100,1,0,0
2072,20,19,1792,20,305,13,18,7,1,5,-52,0,928,11587,68,100,4,0,0
2074,19,14,1536,10,69,6,3,7,1,1,-70,1,1175,10259,31,100,2,0,0
2074,18,14,1536,0,256,8,5,5,1,1,-52,0,847,8590,119,100,1,0,0
2076,4,1,512,10,457,15,5,7,2,3,-66,10,2475,12876,136,100,1,1,1
2076,17,13,1536,0,445,8,181,7,1,2,-52,1,1582,16410,107,100,4,1,3
2077,10,6,1420,0,428,15,6,7,1,6,-52,3,1111,17732,118,100,3,0,0
2077,8,4,768,10,487,16,38,7,1,6,-52,6,1516,14873,127,100,2,0,0
2079,3,1,512,0,443,9,7,7,2,1,-64,10,1568,13440,137,100,1,0,0
2077,5,4,768,10,450,10,1,6,1,1,-52,1,945,12848,136,100,1,0,0
2077,13,12,1280,0,527,16,6,7,1,5,-52,2,2220,19014,126,100,3,0,0
2079,11,6,1024,0,460,11,37,7,2,3,-70,4,3271,19955,123,100,3,0,0
2077,9,5,1024,0,494,11,3,7,1,4,-52,0,469,6006,127,100,2,0,0
2079,2,6,1024,0,424,17,1,6,1,5,-52,3,500,11583,135,100,1,0,0
2078,15,12,1280,10,394,7,14,7,1,3,-70,0,790,11393,121,100,4,0,0
2078,16,12,1280,0,419,10,186,7,1,3,-52,0,921,9768,119,100,4,1,3
2081,19,14,1536,0,70,6,3,7,1,1,-70,1,622,8406,31,100,3,0,0
2081,1,0,256,0,23,0,0,4,0,0,0,10,1375,17898,1528,100,1,0,0
2080,21,17,1792,0,317,12,8,5,1,3,-52,0,533,11224,106,100,3,0,0
2082,14,11,1280,10,378,15,11,7,1,5,-70,3,2197,18941,117,100,3,0,0
2081,8,4,768,0,487,16,38,7,1,6,-52,6,1312,10556,127,100,1,0,0
2083,4,1,512,10,458,15,5,7,2,3,-66,10,3346,18878,136,100,1,1,1
2083,5,4,768,0,452,10,1,6,1,1,-52,1,1077,9206,137,100,1,0,0
2081,12,8,1024,0,515,14,20,7,1,4,-52,5,3207,26311,126,100,4,0,0
2082,9,5,1024,0,495,11,3,7,1,4,-52,0,442,6152,128,100,2,0,0
2083,11,6,1024,0,462,11,37,7,2,3,-70,4,1238,9737,123,100,2,0,0
2082,20,19,1792,20,308,13,18,7,1,5,-52,0,767,9722,68,100,4,0,0
2085,2,6,1024,0,424,17,1,6,1,5,-52,3,342,9460,136,100,1,0,0
2085,3,1,512,10,446,9,7,7,2,1,-64,10,2988,20723,138,100,1,0,0
2085,17,13,1536,10,448,8,183,7,1,2,-52,1,1264,13981,107,100,6,1,3
2085,7,3,768,10,492,12,8,7,1,5,-52,4,1102,23701,133,100,2,1,1
2085,6,3,768,50,431,8,6,7,1,3,-70,7,4286,33562,116,100,3,0,0
2085,15,12,1280,10,398,7,14,7,1,3,-70,0,922,7941,122,100,2,0,0
2084,18,14,1536,0,257,8,5,5,1,1,-52,0,618,9848,120,100,2,0,0
2085,21,17,1792,0,319,12,8,5,1,3,-52,0,431,6171,107,100,1,0,0
2086,13,12,1280,0,534,16,6,7,1,5,-52,2,2107,18198,127,100,4,0,0
2089,9,5,1024,0,496,11,3,7,1,4,-52,0,392,7149,128,100,1,0,0
2087,16,12,1280,0,421,10,188,7,1,3,-52,0,768,11874,119,100,5,1,3
2086,10,6,1024,0,430,15,6,7,1,6,-52,3,697,15830,119,100,3,0,0
2089,1,0,256,0,23,0,0,4,0,0,0,10,2137,23569,1540,100,2,0,0
2090,7,3,768,0,493,12,8,7,1,5,-52,4,512,8831,133,100,1,1,1
2089,21,17,1792,10,320,12,8,5,1,3,-52,0,398,6127,107,100,1,0,0
2090,6,3,768,70,432,8,6,7,1,3,-70,7,1824,13418,116,100,1,0,0
2092,5,4,768,0,454,10,1,6,1,1,-52,1,1225,15093,137,100,2,0,0
2091,13,12,1280,10,539,16,6,7,1,5,-52,2,1032,9609,127,100,1,0,0
2092,8,4,768,20,491,16,38,7,1,6,-52,6,3315,27710,128,100,2,0,0
2091,14,11,1280,30,380,15,11,7,1,5,-70,3,2436,21958,118,100,3,0,0
2094,4,1,512,10,460,15,5,7,2,3,-66,10,4685,27371,137,100,2,1,1
2091,2,6,1024,0,425,17,1,6,1,5,-52,3,606,10882,136,100,1,0,0
2092,16,12,1280,10,423,10,188,7,1,3,-52,0,544,5416,120,100,2,1,3
2089,20,19,1792,0,312,13,18,7,1,5,-52,0,897,7069,69,100,2,0,0
2091,19,14,1536,0,72,6,3,7,1,1,-70,1,858,8073,32,100,2,0,0
2095,20,19,1792,0,314,13,18,7,1,5,-52,0,471,4857,69,100,2,0,0
2096,3,1,512,10,449,9,7,7,2,1,-64,10,3918,30994,138,100,2,0,0
2092,12,8,1024,10,518,14,20,7,1,4,-52,5,3450,26690,127,100,3,0,0
2096,18,14,1536,0,260,8,5,5,1,1,-52,0,794,11405,120,100,3,0,0
2092,15,12,1280,0,403,7,14,7,1,3,-70,0,835,7881,122,100,3,0,0
2095,9,5,1024,0,497,11,3,7,1,4,-52,0,386,7123,128,100,2,0,0
2096,14,11,1280,0,385,15,11,7,1,5,-70,3,1999,15065,118,100,3,0,0
2096,5,4,768,0,454,10,1,6,1,1,-52,1,739,7500,138,100,1,0,0
2097,7,3,768,0,498,12,8,7,1,5,-52,4,882,16378,134,100,2,1,1
2094,10,6,1024,10,432,15,6,7,1,6,-52,3,605,16215,119,100,1,0,0
2094,17,13,1536,0,453,8,185,7,1,2,-52,1,1683,15223,108,100,6,1,3
2098,6,3,768,10,435,8,6,7,2,3,-70,7,3956,24102,117,100,4,0,0
2098,1,0,256,0,23,0,0,4,0,0,0,10,2203,24785,1551,100,1,0,0
2097,12,8,1024,10,518,14,20,7,1,4,-52,5,1254,12927,127,100,1,0,0
2098,2,6,1024,0,428,17,1,6,1,5,-52,3,830,14168,137,100,1,0,0
2098,11,6,1024,0,469,11,37,7,2,3,-70,4,3092,24290,124,100,5,0,0
2100,4,1,512,0,462,15,5,7,2,3,-66,10,2657,15147,137,100,1,1,1
2100,19,14,1536,30,74,6,3,7,1,1,-70,1,1169,11924,33,100,4,0,0
2098,13,12,1280,0,543,16,6,7,1,5,-52,2,1386,16077,127,100,3,0,0
2098,20,19,1792,0,316,13,18,7,1,5,-52,0,495,4681,69,100,2,0,0
2101,18,14,1536,0,261,8,5,5,1,1,-52,0,426,4985,121,100,1,0,0
2100,15,12,1280,0,406,7,14,7,1,3,-70,0,927,8095,123,100,2,0,0
2102,7,3,768,10,500,12,8,7,1,5,-52,4,392,8818,134,100,1,1,1
2102,10,6,1024,0,435,15,6,7,1,6,-52,3,1243,14724,120,100,2,0,0
2100,16,12,1280,0,427,10,190,7,1,3,-52,0,947,11722,120,100,4,1,3
2098,21,17,1792,10,324,12,8,5,1,3,-52,0,1095,14332,108,100,4,0,0
2103,8,4,768,0,497,16,38,7,1,6,-52,6,3437,25752,128,100,3,0,0
2103,6,3,768,0,435,8,6,7,2,3,-70,7,3331,18742,117,100,0,0,0
2104,9,5,1024,0,500,11,3,7,1,4,-52,0,736,10868,129,100,2,0,0
2103,12,8,1024,10,522,14,20,7,1,4,-52,5,2608,16214,127,100,3,0,0
2104,17,13,1536,0,459,8,188,7,1,2,-52,1,2560,20819,109,100,6,1,3
2105,2,6,1024,0,431,17,1,6,1,5,-52,3,920,13667,137,100,2,0,0
2104,20,19,1792,10,320,13,18,7,1,5,-52,0,795,6814,70,100,1,0,0
2106,14,11,1280,10,391,15,11,7,1,5,-70,3,3396,26335,119,100,3,0,0
2108,8,4,768,40,499,16,38,7,1,6,-52,6,1106,9906,129,100,0,0,0
2108,1,0,256,0,23,0,0,4,0,0,0,10,2453,26093,1564,100,2,0,0
2107,3,1,512,0,451,9,7,7,2,1,-64,10,6341,40917,139,100,2,0,0
2107,11,6,1024,10,472,11,37,7,2,3,-70,4,2689,20533,125,100,1,0,0
2108,4,1,512,0,463,15,5,7,2,3,-66,10,3694,21787,138,100,2,1,1
2108,19,14,1536,0,76,6,3,7,1,1,-70,1,1645,12470,33,100,2,0,0
2108,5,4,768,0,457,10,1,6,1,1,-52,1,1349,18664,138,100,2,0,0
2110,6,3,768,0,436,8,6,7,2,3,-70,7,1922,16147,117,100,3,0,0
2105,13,12,1280,10,544,16,6,7,1,5,-52,2,1716,14546,128,100,2,0,0
2110,20,19,1792,0,323,13,18,7,1,5,-52,0,686,4424,70,100,2,0,0
2108,15,12,1280,0,409,7,14,7,1,3,-70,0,822,8293,123,100,3,0,0
2107,16,12,1280,10,433,10,192,7,1,3,-52,0,1159,10419,121,100,5,1,3
2110,7,3,768,0,501,12,8,7,1,5,-52,4,807,18878,135,100,2,1,1
2110,18,14,1536,0,264,8,5,5,1,1,-52,0,752,10148,121,100,2,0,0
2108,21,17,1792,0,327,12,8,5,1,3,-52,0,1241,17711,108,100,3,0,0
2112,8,4,768,0,500,16,38,7,1,6,-52,6,1646,10950,129,100,2,0,0
2111,10,6,1024,0,437,15,6,7,1,6,-52,3,720,13987,120,100,1,0,0
2112,11,6,1024,0,473,11,37,7,2,3,-70,4,1209,10204,125,100,2,0,0
2111,2,6,1024,10,432,17,1,6,1,5,-52,3,356,9678,137,100,1,0,0
2111,14,11,1280,0,392,15,11,7,1,5,-70,3,1297,11744,119,100,2,0,0
2113,4,1,512,0,464,15,5,7,2,3,-66,10,2320,12863,138,100,1,1,1
2115,3,1,512,0,452,9,7,7,2,1,-64,10,3899,24829,140,100,1,0,0
2114,9,5,1024,10,505,11,3,7,1,4,-52,0,1034,14330,130,100,4,0,0
2116,1,0,256,0,23,0,0,4,0,0,0,10,1936,22354,1577,100,1,0,0
2114,18,14,1536,0,265,8,5,5,1,1,-52,0,450,5003,122,100,1,0,0
2116,8,4,768,10,502,16,38,7,1,6,-52,6,1185,11391,129,100,1,0,0
2114,19,14,1536,10,77,6,3,7,1,1,-70,1,1306,11963,34,100,2,0,0
2116,12,8,1024,0,527,14,20,7,1,4,-52,5,3336,27954,128,100,4,0,0
2117,6,3,768,0,440,8,6,7,2,3,-70,7,4012,24527,118,100,2,0,0
2114,21,17,1792,0,328,12,8,5,1,3,-52,0,522,8833,109,100,2,0,0
2118,7,3,768,0,501,12,8,7,1,5,-52,4,309,14964,135,100,1,1,1
2115,13,12,1280,0,546,16,6,7,1,5,-52,2,1807,18796,129,100,4,0,0
2115,17,13,1536,0,465,8,190,7,1,2,-52,1,2022,19164,109,100,6,1,3
2119,5,4,768,0,458,10,1,6,1,1,-52,1,1115,16098,139,100,2,0,0
2118,10,6,1024,0,439,15,6,7,1,6,-52,3,706,11425,121,100,2,0,0
2118,15,12,1280,0,413,7,14,7,1,3,-70,0,1300,10703,124,100,4,0,0
2117,20,19,1792,10,328,13,18,7,1,5,-52,0,1126,9450,71,100,3,0,0
2120,3,1,512,10,452,9,7,7,2,1,-64,10,2161,16648,140,100,1,0,0
2120,4,1,512,0,467,15,5,7,2,3,-66,10,2630,16275,139,100,1,1,1
2120,9,5,1024,0,507,11,3,7,1,4,-52,0,496,6148,130,100,2,0,0
2119,18,14,1536,0,268,8,5,5,1,1,-52,0,831,5884,122,100,1,0,0
2120,14,11,1280,0,397,15,11,7,1,5,-70,3,2948,21321,120,100,4,0,0
2121,12,8,1024,20,530,14,20,7,1,4,-52,5,1974,12233,128,100,2,0,0
2121,8,4,768,0,503,16,38,7,1,6,-52,6,1849,12663,129,100,2,0,0
2121,1,0,256,0,23,0,0,4,0,0,0,10,1309,14710,1582,100,1,0,0
2121,2,6,1024,10,435,17,1,6,1,5,-52,3,1236,18171,138,100,2,0,0
2119,16,12,1280,0,437,10,194,7,1,3,-52,0,957,14768,121,100,6,1,3
2122,11,6,1024,0,476,11,37,7,2,3,-70,4,3485,24141,126,100,3,0,0
2124,5,4,768,10,460,10,1,6,1,1,-52,1,603,6558,139,100,1,0,0
2121,13,12,1280,0,549,16,6,7,1,5,-52,2,968,11500,129,100,2,0,0
2121,19,14,1536,10,79,6,3,7,1,1,-70,1,930,8613,34,100,2,0,0
2126,12,8,1024,0,531,14,20,7,1,4,-52,5,1400,11192,129,100,0,0,0
2126,6,3,768,0,444,8,6,7,2,3,-70,7,3694,24599,118,100,1,0,0
2125,14,11,1280,0,399,15,11,7,1,5,-70,3,938,9955,120,100,1,0,0
2122,21,17,1792,0,332,12,8,5,1,3,-52,0,840,11636,109,100,2,0,0
2125,10,6,1024,0,441,15,6,7,1,6,-52,3,549,10112,121,100,1,0,0
2127,4,1,512,0,468,15,5,7,2,3,-66,10,3243,18180,139,100,1,1,1
2127,15,12,1280,0,417,7,14,7,1,3,-70,0,912,9367,125,100,3,0,0
2128,1,0,256,0,23,0,0,4,0,0,0,10,1155,15585,1590,100,1,0,0
2128,3,1,512,0,454,9,7,7,2,1,-64,10,3401,26158,140,100,2,0,0
2129,7,3,768,0,503,12,8,7,1,5,-52,4,701,20359,136,100,2,1,1
2127,20,19,1792,0,330,13,18,7,1,5,-52,0,660,8827,71,100,4,0,0
2129,9,5,1024,0,510,11,3,7,1,4,-52,0,801,11080,131,100,3,0,0
2129,2,6,1024,0,438,17,1,6,1,5,-52,3,713,13906,139,100,1,0,0
2129,8,4,768,10,504,16,38,7,1,6,-52,6,1975,18912,130,100,1,0,0
2127,19,14,1536,0,82,6,3,7,1,1,-70,1,1363,9838,34,100,3,0,0
2131,6,3,768,10,446,8,6,7,2,3,-70,7,2881,17970,119,100,1,0,0
2127,17,13,1536,0,468,8,194,7,1,2,-52,1,1638,18851,110,100,8,1,3
2130,11,6,1024,10,481,11,37,7,2,3,-70,4,2471,17895,126,100,2,0,0
2130,16,12,1280,0,440,10,197,7,1,3,-52,0,932,13606,122,100,7,1,3
2130,13,12,1280,0,552,16,6,7,1,5,-52,2,1786,17727,130,100,3,0,0
2133,3,1,512,0,454,9,7,7,2,1,-64,10,2426,15978,141,100,0,0,0
2131,14,11,1280,30,403,15,11,7,1,5,-70,3,2234,16357,121,100,2,0,0
2133,12,8,1024,0,532,14,20,7,1,4,-52,5,2334,18832,129,100,3,0,0
2134,9,5,1024,0,511,11,3,7,1,4,-52,0,363,4949,131,100,2,0,0
2131,18,14,1536,10,273,8,5,5,1,1,-52,0,1236,11828,123,100,2,0,0
2134,5,4,768,0,464,10,1,6,1,1,-52,1,1669,18764,140,100,2,0,0
2135,1,0,256,0,23,0,0,4,0,0,0,10,2087,20537,1600,100,2,0,0
2133,19,14,1536,0,82,6,3,7,1,1,-70,1,860,8662,35,100,1,0,0
2133,15,12,1280,0,419,7,14,7,1,3,-70,0,697,7012,125,100,2,0,0
2133,21,17,1792,0,338,12,8,5,1,3,-52,0,1334,17140,110,100,4,0,0
2136,4,1,512,0,474,15,5,7,2,3,-66,10,4401,23597,140,100,2,1,1
2135,10,6,1024,0,443,15,6,7,1,6,-52,3,837,14974,122,100,2,0,0
2135,20,19,1792,0,333,13,18,7,1,5,-52,0,886,8198,72,100,3,0,0
2135,18,14,1536,0,274,8,5,5,1,1,-52,0,444,4615,123,100,1,0,0
2137,8,4,768,0,508,16,38,7,1,6,-52,6,2727,22118,131,100,3,0,0
2137,11,6,1024,0,485,11,37,7,2,3,-70,4,2999,16542,127,100,3,0,0
2138,14,11,1280,0,405,15,11,7,1,5,-70,3,1965,15841,121,100,2,0,0
2139,3,1,512,0,456,9,7,7,2,1,-64,10,3089,23043,141,100,1,0,0
2136,17,13,1536,0,469,8,196,7,1,2,-52,1,1304,14295,111,100,5,1,3
2141,7,3,768,0,506,12,8,7,1,5,-52,4,901,22904,137,100,2,1,1
2138,13,12,1280,0,555,16,6,7,1,5,-52,2,1625,15922,130,100,2,0,0
2140,6,3,768,0,450,8,6,7,2,3,-70,7,4106,28225,119,100,2,0,0
2140,15,12,1280,0,423,7,14,7,1,3,-70,0,984,7173,126,100,3,0,0
2141,2,6,1024,0,441,17,1,6,1,5,-52,3,859,19551,139,100,2,0,0
2140,10,6,1024,10,444,15,6,7,1,6,-52,3,370,6754,122,100,1,0,0
2142,4,1,512,0,476,15,5,7,2,3,-66,10,2385,15177,140,100,1,1,1
2142,1,0,256,0,23,0,0,4,0,0,0,10,1548,19815,1609,100,1,0,0
2140,16,12,1280,10,444,10,200,7,1,3,-52,0,1216,14070,123,100,7,1,3
2142,9,5,1024,20,518,11,3,7,1,4,-52,0,1283,12407,132,100,4,0,0
2138,20,19,1792,0,335,13,18,7,1,5,-52,0,404,4888,72,100,0,0,0
2142,14,11,1280,0,406,15,11,7,1,5,-70,3,1149,10588,121,100,1,0,0
2145,11,6,1024,0,486,11,37,7,2,3,-70,4,1634,15224,127,100,2,0,0
2145,5,4,768,0,467,10,1,6,1,1,-52,1,1469,17489,141,100,2,0,0
2145,12,8,1024,20,535,14,20,7,1,4,-52,5,3246,28389,130,100,4,0,0
2145,6,3,768,20,453,8,6,7,2,3,-70,7,2766,18786,120,100,1,0,0
2146,8,4,768,0,513,16,38,7,1,6,-52,6,2509,20558,131,100,3,0,0
2144,19,14,1536,10,86,6,3,7,1,1,-70,1,1947,16347,36,100,4,0,0
2143,21,17,1792,10,340,12,8,5,1,3,-52,0,698,13898,111,100,3,0,0
2148,14,11,1280,30,411,15,11,7,1,5,-70,3,1752,12479,122,100,2,0,0
2145,18,14,1536,0,275,8,5,5,1,1,-52,0,618,9369,124,100,2,0,0
2148,3,1,512,0,457,9,7,7,2,1,-64,10,3916,30263,142,100,1,0,0
2144,20,19,1792,0,337,13,18,7,1,5,-52,0,648,6126,73,100,3,0,0
2149,1,0,256,0,23,0,0,4,0,0,0,10,1848,19312,1619,100,1,0,0
2149,2,6,1024,0,443,17,1,6,1,5,-52,3,784,13810,140,100,2,0,0
2149,10,6,1024,0,445,15,6,7,1,6,-52,3,764,13825,123,100,1,0,0
2148,13,12,1280,0,560,16,6,7,1,5,-52,2,2118,20371,131,100,5,0,0
2150,6,3,768,0,453,8,6,7,2,3,-70,7,2047,14107,120,100,1,0,0
2150,7,3,768,10,510,12,8,7,1,5,-52,4,876,22203,137,100,3,1,1
2150,8,3,768,20,514,18,38,7,1,7,-70,6,1570,11775,131,100,1,0,0
2151,20,19,1792,10,339,13,18,7,1,5,-52,0,471,5062,73,100,2,0,0
2152,11,6,1024,0,490,11,37,7,2,3,-70,4,2356,18278,128,100,3,0,0
2155,8,3,768,50,518,18,38,7,1,7,-70,6,1377,11310,132,100,1,0,0
2155,19,14,1536,0,89,6,3,7,1,1,-70,1,1301,13202,36,100,4,0,0
2156,3,1,512,30,459,9,7,7,2,1,-64,10,5461,31444,142,100,2,0,0
2151,17,13,1536,0,474,8,200,7,1,2,-52,1,667,9219,112,100,4,1,3
2152,15,12,1280,10,426,7,14,7,1,3,-70,0,735,6775,126,100,3,0,0
2156,7,3,768,0,511,12,9,7,1,5,-52,4,840,12767,138,100,2,1,1
2157,14,11,1280,30,417,15,11,7,1,5,-70,3,2676,22790,122,100,3,0,0
2157,2,6,1024,10,444,17,1,6,1,5,-52,3,441,14813,141,100,1,0,0
2153,21,17,1792,10,345,12,8,5,1,3,-52,0,1027,15521,111,100,5,0,0
2161,1,0,256,0,23,0,0,4,0,0,0,10,1748,28383,1631,100,2,0,0
2159,10,6,1024,0,446,15,6,7,1,6,-52,3,539,14047,123,100,2,0,0
2159,6,3,768,0,455,8,6,7,2,3,-70,7,3251,26781,121,100,2,0,0
2157,16,12,1280,10,446,10,205,7,1,3,-52,0,420,6625,124,100,3,1,3
2160,13,12,1280,0,565,16,6,7,1,5,-52,2,2094,22869,132,100,4,0,0
2161,12,8,1024,0,541,14,20,7,1,4,-52,5,2875,25163,131,100,3,0,0
2161,11,6,1024,0,493,11,37,7,2,3,-70,4,1699,18600,128,100,2,0,0
2162,2,6,1024,0,445,17,1,6,1,5,-52,3,426,8851,141,100,1,0,0
2164,8,3,768,10,521,18,38,7,1,7,-70,6,2684,21567,132,100,2,0,0
2161,17,13,1536,0,479,8,202,7,1,2,-52,1,1516,15527,112,100,6,1,3
2164,3,1,512,0,462,9,7,7,2,1,-64,10,5361,28998,143,100,1,0,0
2161,21,17,1792,0,347,12,8,5,1,3,-52,0,1030,12380,112,100,2,0,0
2165,11,6,1024,0,494,11,37,7,2,3,-70,4,563,7464,129,100,2,0,0
2164,15,12,1280,20,433,7,14,7,1,3,-70,0,1694,14672,127,100,4,0,0
2167,1,0,256,0,23,0,0,4,0,0,0,10,1160,17137,1637,100,2,0,0
2168,6,3,768,0,456,8,6,7,2,3,-70,7,2471,20170,121,100,1,0,0
2166,7,3,768,0,516,12,9,7,1,5,-52,4,1235,21493,139,100,3,1,1
2168,12,8,1024,0,545,14,20,7,1,4,-52,5,1792,14655,131,100,2,0,0
2169,10,6,1024,0,450,15,7,7,1,6,-52,3,1028,15300,124,100,3,0,0
2168,16,12,1280,0,449,10,208,7,1,3,-52,0,962,14098,125,100,6,1,3
2172,8,3,768,30,523,18,38,7,1,7,-70,7,2647,20890,133,100,3,0,0
2173,1,0,256,0,23,0,0,4,0,0,0,10,497,12107,1641,100,1,0,0
2172,3,1,512,40,462,9,7,7,2,1,-64,10,3494,27791,144,100,2,0,0
2173,6,3,768,10,458,8,6,7,2,3,-70,7,1438,12893,121,100,2,0,0
2168,17,13,1536,0,479,8,204,7,1,2,-52,1,805,11870,113,100,3,1,3
2174,2,6,1024,0,450,17,1,6,1,5,-52,3,1146,20235,142,100,3,0,0
2174,7,3,768,0,520,12,9,7,1,5,-52,4,941,14070,139,100,2,1,1
2172,15,12,1280,0,435,7,14,7,1,3,-70,0,1021,9159,128,100,2,0,0
2177,10,6,1024,0,451,15,7,7,1,6,-52,3,475,10735,125,100,1,0,0
2178,11,6,1055,0,500,11,38,7,2,3,-70,4,1376,21180,129,100,5,0,0
2173,13,12,1280,20,568,16,6,7,1,5,-52,2,1774,22442,133,100,3,0,0
2180,8,3,800,40,526,18,38,7,1,7,-70,8,2531,21401,133,100,3,0,0
2180,2,6,1055,0,453,17,1,6,1,5,-52,3,699,10916,142,100,3,0,0
2178,12,8,1024,50,550,14,20,7,1,4,-52,6,2989,22694,132,100,4,0,0
2171,21,17,1792,0,351,12,8,5,1,3,-52,0,1351,15087,113,100,3,0,0
2181,10,6,1055,0,452,15,7,7,1,6,-52,3,446,8249,125,100,1,0,0
2183,6,3,768,0,461,8,6,7,2,3,-70,7,4098,27214,122,100,3,0,0
2176,16,12,1280,0,451,10,211,7,1,3,-52,0,582,8768,125,100,5,1,3
2176,17,13,1536,0,482,8,206,7,1,2,-52,1,1371,13097,113,100,5,1,3
2184,1,0,256,0,23,0,0,4,0,0,0,10,1805,27653,1650,100,2,0,0
2182,12,8,1024,40,554,14,20,7,1,4,-52,6,1802,11646,132,100,1,0,0
2184,3,1,512,0,464,9,7,7,2,1,-64,10,6286,39897,144,100,2,0,0
2180,15,12,1280,0,437,7,14,7,1,3,-70,1,730,7687,128,100,3,0,0
2179,21,17,1792,0,354,12,8,5,1,3,-52,0,1079,11870,113,100,4,0,0
2186,11,6,1055,0,500,11,38,7,2,3,-70,4,421,14468,130,100,1,0,0
2184,13,12,1280,0,572,16,6,7,1,5,-52,2,1818,20483,133,100,4,0,0
2160,9,8,1152,70,527,13,3,7,0,5,-52,0,352,4781,133,100,2,0,0
2188,7,3,768,0,523,12,9,7,1,5,-52,4,831,21017,140,100,2,1,1
2188,8,3,768,100,528,18,38,7,1,7,-70,8,3114,25028,134,100,1,0,0
2185,17,13,1536,0,486,8,208,7,1,2,-52,1,1373,14059,114,100,3,1,3
2185,9,8,1024,60,532,13,3,7,1,5,-52,0,1089,11188,134,100,2,0,0
2186,15,12,1280,0,441,7,14,7,1,3,-70,1,974,7366,129,100,3,0,0
2187,16,12,1280,0,456,10,214,7,1,3,-52,0,1121,14001,126,100,7,1,3
2192,6,3,768,10,463,8,6,7,2,3,-70,7,2197,24296,123,100,2,0,0
2173,4,3,896,60,487,17,5,7,0,4,-52,10,293,9043,142,66,1,1,1
2192,2,6,1024,0,456,17,1,6,1,5,-52,3,826,19117,143,100,3,0,0
2191,13,12,1280,0,574,16,6,7,1,5,-52,2,1426,14049,134,100,3,0,0
2189,17,13,1536,20,488,8,209,7,1,2,-52,1,710,6851,114,100,2,1,3
2178,4,3,896,50,488,17,5,7,0,4,-52,10,642,8210,143,100,2,1,1
2188,4,3,896,70,490,17,5,7,0,4,-52,10,1273,16668,143,20,1,1,1
2194,3,1,512,70,466,9,7,7,2,1,-64,10,6523,37391,145,100,2,0,0
2191,15,12,1280,0,444,7,15,7,1,3,-70,2,709,5451,129,100,1,0,0
2193,5,4,1152,10,479,11,1,6,1,1,-52,1,393,7574,144,100,1,0,0
2192,12,8,1024,10,559,14,20,7,1,4,-52,7,4049,27802,133,100,4,0,0
2188,21,17,1792,0,360,12,8,5,1,3,-52,0,1423,14868,114,100,3,0,0
2194,10,6,1024,0,456,15,7,7,1,6,-52,3,985,17196,126,100,3,0,0
2192,16,12,1280,10,459,10,216,7,1,3,-52,0,638,6608,126,100,4,1,3
2195,1,0,256,0,23,0,0,4,0,0,0,10,2658,31138,1663,100,2,0,0
2196,4,1,512,10,493,18,5,7,3,5,-66,10,1700,15262,144,50,2,1,1
2196,9,8,1024,0,535,13,3,7,1,5,-52,0,1484,14274,135,100,4,0,0
2196,13,12,1280,20,577,16,6,7,1,5,-52,2,1314,10477,134,100,2,0,0
2197,11,6,1024,0,504,11,39,7,1,3,-70,4,1032,18995,131,100,5,0,0
2198,7,3,768,0,528,12,9,7,1,5,-52,4,1256,18528,141,100,4,1,1
2198,8,3,768,20,529,18,38,7,2,7,-70,9,4511,30170,135,100,3,0,0
2193,21,17,1792,0,363,12,8,5,1,3,-52,0,727,7584,114,100,1,0,0
2199,16,12,1280,0,459,10,217,7,1,3,-52,0,495,7259,127,100,2,1,3
2199,6,3,768,10,464,8,6,7,1,3,-70,7,1726,15733,123,100,2,0,0
2199,15,12,1280,0,449,7,16,7,1,3,-70,2,989,7756,129,100,3,0,0
2200,1,0,256,0,23,0,0,4,0,0,0,10,1040,14327,1668,100,1,0,0
2202,3,1,512,10,470,9,7,7,2,1,-64,10,4832,29864,145,100,2,0,0
2176,14,15,1664,60,427,17,11,7,0,6,-52,3,1316,17002,124,100,3,0,0
2180,14,15,1664,70,428,17,11,7,0,6,-52,3,672,8033,124,100,2,0,0
2202,2,6,1024,0,460,17,1,6,1,5,-52,3,786,18112,143,100,1,0,0
2202,4,1,512,10,498,19,5,7,3,5,-66,10,1616,14072,144,0,2,1,1
2203,8,3,768,0,532,18,38,7,2,7,-70,9,2396,15640,135,100,3,0,0
2202,9,8,1024,10,540,13,3,7,1,5,-52,0,888,9951,135,100,2,0,0
2203,12,8,1024,40,563,14,20,7,1,4,-52,7,4001,31078,134,100,3,0,0
2199,17,13,1536,10,491,8,212,7,1,2,-52,1,1645,16533,115,100,5,1,3
2205,7,3,768,0,529,12,9,7,1,5,-52,4,534,14139,141,100,1,1,1
2206,1,0,256,0,23,0,0,4,0,0,0,10,1519,19081,1676,100,1,0,0
2190,14,15,1664,90,429,17,11,7,0,6,-52,3,352,19322,125,100,1,0,0
2207,3,1,512,60,473,9,7,7,2,1,-64,10,5250,27085,146,100,2,0,0
2205,11,6,1024,10,507,11,39,7,1,3,-70,4,1107,16060,131,100,3,0,0
2205,10,6,1024,10,459,15,7,7,1,6,-52,3,795,17524,127,100,3,0,0
2199,21,17,1792,0,365,12,8,5,1,3,-52,0,698,9320,114,100,2,0,0
2203,14,15,1536,30,436,17,11,7,1,6,-52,3,1863,23814,126,100,5,0,0
2205,15,12,1280,10,451,7,16,7,1,3,-70,2,2051,10817,130,100,2,0,0
2210,1,0,256,0,23,0,0,4,0,0,0,10,886,11742,1679,100,1,0,0
2209,6,3,768,10,468,8,6,7,1,3,-70,7,2548,24853,124,100,2,0,0
2209,12,8,1024,60,563,14,20,7,1,4,-52,8,2155,12839,134,100,1,0,0
2209,7,3,768,0,531,12,9,7,1,5,-52,4,475,7481,141,100,1,1,1
2206,16,12,1280,0,461,10,219,7,1,3,-52,0,647,9300,127,100,4,1,3
2208,13,12,1280,0,580,16,6,7,1,5,-52,2,1972,23264,135,100,2,0,0
2211,15,12,1280,0,454,7,16,7,1,3,-70,2,1080,8919,130,100,1,0,0
2212,8,3,768,0,536,18,38,7,2,7,-70,10,5160,29410,135,100,3,0,0
2212,2,6,1024,0,462,17,1,6,1,5,-52,3,701,17624,144,100,2,0,0
2213,9,8,1024,0,543,13,3,7,1,5,-52,0,808,12416,136,100,2,0,0
2210,21,17,1792,0,371,12,8,5,1,3,-52,0,1142,16077,115,100,4,0,0
2213,7,3,768,0,533,12,9,7,1,5,-52,4,554,8169,142,100,1,1,1
2214,4,1,512,0,502,19,5,7,3,5,-66,8,1911,23003,145,20,3,1,1
2213,14,15,1536,0,439,17,11,7,1,6,-52,3,1227,21069,126,100,3,0,0
2210,17,13,1536,0,496,8,215,7,1,2,-52,1,2340,19555,116,100,7,1,3
2213,11,6,1024,0,508,11,39,7,1,3,-70,4,631,14897,132,100,2,0,0
2215,3,1,512,20,474,9,7,7,3,1,-64,10,6381,32382,146,100,3,0,0
2214,16,12,1280,0,466,10,220,7,1,3,-52,2,1522,12322,128,100,3,1,3
2216,10,6,1024,0,461,15,7,7,1,6,-52,3,829,17864,127,100,3,0,0
2216,2,6,1024,10,464,17,1,6,1,5,-52,3,577,7633,144,100,2,0,0
2218,6,3,803,10,471,8,6,7,1,3,-70,7,3121,21988,124,100,3,0,0
2219,5,4,768,10,485,12,1,6,1,1,-52,0,859,14202,146,100,2,0,0
2218,1,0,256,0,23,0,0,4,0,0,0,10,2022,26774,1687,100,1,0,0
2219,12,8,1024,70,568,15,20,7,1,4,-52,8,4267,27698,135,100,3,0,0
2219,8,3,768,0,537,18,38,7,2,7,-70,10,3217,22855,136,100,1,0,0
2220,9,8,1024,0,547,14,3,7,1,5,-52,0,1040,9339,137,100,3,0,0
2217,15,12,1280,0,456,7,16,7,1,3,-70,2,1010,9872,131,100,2,0,0
2221,4,1,512,0,505,19,5,7,3,5,-66,8,1342,14293,145,33,2,1,1
2221,7,3,768,0,535,12,9,7,1,5,-52,4,540,13451,142,100,2,1,1
2221,3,1,512,10,476,9,7,7,3,1,-64,10,4481,22708,147,100,1,0,0
2217,17,13,1536,10,500,8,217,7,1,2,-52,1,1243,10774,116,100,4,1,3
2217,21,17,1792,0,375,12,8,5,1,3,-52,0,815,11071,116,100,2,0,0
2224,8,3,768,0,539,18,38,7,2,7,-70,10,2236,13639,136,100,2,0,0
2221,16,12,1280,0,469,10,222,7,1,3,-52,2,1017,9328,128,100,5,1,3
2221,14,15,1536,10,441,17,11,7,1,6,-52,3,937,17203,127,100,3,0,0
2223,6,3,768,20,473,8,6,7,1,3,-70,7,1215,12556,125,100,1,0,0
2225,1,0,256,0,23,0,0,4,0,0,0,10,1564,20073,1696,100,1,0,0
2222,15,12,1280,0,458,7,16,7,1,3,-70,2,1076,7954,131,100,2,0,0
2226,12,8,1024,20,570,15,20,7,1,4,-52,8,2687,16933,135,100,2,0,0
2226,4,1,512,0,506,19,5,7,3,5,-66,8,850,9968,146,0,1,1,1
2225,13,12,1280,0,589,16,6,7,1,5,-52,2,1819,20695,136,100,3,0,0
2223,11,6,1024,10,512,11,39,7,1,3,-70,4,935,17914,133,100,2,0,0
2225,10,6,1024,0,463,15,7,7,1,6,-52,3,869,13232,128,100,2,0,0
2226,3,1,512,10,477,9,7,7,3,1,-64,10,3503,19969,147,100,2,0,0
2228,5,4,768,0,487,12,1,6,1,1,-52,0,655,13162,146,100,1,0,0
2226,17,13,1536,0,501,8,218,7,1,2,-52,1,926,12084,117,100,2,1,3
2227,21,17,1792,0,377,12,8,5,1,3,-52,0,745,11581,116,100,3,0,0
2226,2,6,1024,0,467,17,1,6,1,5,-52,3,832,16837,145,100,2,0,0
2230,8,3,768,0,542,18,39,7,2,7,-70,10,2833,18149,137,100,3,0,0
2231,9,8,1024,0,551,14,3,7,1,5,-52,0,853,13118,137,100,3,0,0
2231,7,3,768,0,537,12,9,7,1,5,-52,4,907,18125,143,100,2,1,1
2231,14,15,1536,0,444,17,11,7,1,6,-52,1,933,19101,127,100,4,0,0
2231,12,8,1024,0,573,15,20,7,1,4,-52,8,1945,15099,136,100,2,0,0
2230,16,12,1280,10,472,10,225,7,1,3,-52,2,947,12778,129,100,6,1,3
2231,17,13,1536,0,503,8,219,7,1,2,-52,1,849,8038,117,100,2,1,3
2233,15,12,1280,0,462,7,16,7,1,3,-70,2,1622,14965,132,100,4,0,0
2234,1,0,256,0,23,0,0,4,0,0,0,10,1919,27782,1707,100,2,0,0
2234,6,3,768,0,475,8,6,7,1,3,-70,7,3008,26997,125,100,2,0,0
2233,13,12,1280,0,593,16,6,7,1,5,-52,2,1683,15522,136,100,4,0,0
2233,10,6,1024,0,469,15,7,7,1,6,-52,3,1181,13654,128,100,2,0,0
2235,3,1,512,0,479,9,7,7,3,1,-64,10,6206,32785,148,100,1,0,0
2235,4,1,512,10,507,19,5,7,3,5,-66,8,1205,17088,146,50,2,1,1
2236,2,6,1024,0,471,17,1,6,1,5,-52,3,1056,17270,146,100,2,0,0
2236,12,8,1024,0,575,15,21,7,1,4,-52,8,2084,13510,136,100,2,0,0
2236,8,3,768,0,546,18,39,7,2,7,-70,10,3346,20546,137,100,1,0,0
2237,9,8,1024,0,552,14,3,7,1,5,-52,0,473,7796,138,100,1,0,0
2236,14,15,1536,0,445,17,11,7,1,6,-52,1,874,12426,128,100,1,0,0
2236,21,17,1792,0,382,12,8,5,1,3,-52,0,1051,15106,117,100,1,0,0
2238,17,13,1536,0,505,8,221,7,1,2,-52,1,1224,11027,117,100,5,1,3
2238,1,0,256,0,23,0,0,4,0,0,0,10,1594,14934,1713,100,1,0,0
2238,16,12,1280,0,473,10,226,7,1,3,-52,2,798,9889,129,100,3,1,3
2239,7,3,768,0,539,12,9,7,1,5,-52,4,644,14582,143,100,2,1,1
2241,4,1,512,0,510,19,5,7,3,5,-66,8,1016,11664,147,100,2,1,1
2241,6,3,768,0,477,8,6,7,1,3,-70,7,1387,16979,126,100,1,0,0
2242,15,12,1280,10,465,7,17,7,1,3,-70,2,1924,14745,132,100,3,0,0
2242,3,1,512,0,482,9,7,7,3,1,-64,10,3937,24107,148,100,1,0,0
2241,14,15,1536,10,448,17,11,7,1,6,-52,1,706,11027,128,100,2,0,0
2245,8,3,768,10,552,18,39,7,2,7,-70,10,2971,24066,138,100,3,0,0
2245,9,8,1024,0,555,14,3,7,1,5,-52,0,929,10013,138,100,4,0,0
2245,10,6,1024,0,474,15,7,7,1,6,-52,3,1326,18317,129,100,4,0,0
2242,21,17,1792,0,383,12,8,5,1,3,-52,0,690,8695,117,100,4,0,0
2246,2,6,1024,0,476,17,1,6,1,5,-52,3,870,17585,146,100,1,0,0
2247,6,3,768,10,479,8,6,7,1,3,-70,7,1342,12938,126,100,1,0,0
2246,12,8,1024,10,578,15,21,7,1,4,-52,8,3368,25205,137,100,4,0,0
2244,13,12,1280,0,596,16,6,7,1,5,-52,2,2120,22689,137,100,4,0,0
2249,4,1,512,0,511,19,5,7,3,5,-66,8,1036,14346,147,50,1,1,1
2248,17,13,1536,0,508,8,223,7,1,2,-52,1,1243,16267,118,100,4,1,3
2249,16,12,1280,0,475,10,228,7,1,3,-52,2,866,13074,130,100,5,1,3
2249,15,12,1280,20,468,7,18,7,1,3,-70,2,1298,10100,133,100,4,0,0
2250,1,0,256,0,23,0,0,4,0,0,0,10,2369,36096,1724,100,2,0,0
2250,7,3,768,10,542,12,9,7,1,5,-52,4,801,19069,144,100,3,1,1
2251,5,4,768,0,495,12,1,6,1,1,-52,0,1004,14414,148,100,2,0,0
2250,3,1,512,30,485,9,7,7,3,1,-64,10,5505,32146,149,100,2,0,0
2249,14,15,1536,10,449,17,11,7,1,6,-52,1,471,16804,129,100,2,0,0
2251,13,12,1280,0,597,16,6,7,1,5,-52,2,925,13557,138,100,1,0,0
2253,17,13,1536,0,511,8,224,7,1,2,-52,1,1053,8055,118,100,3,1,3
2253,9,8,1024,0,560,14,3,7,1,5,-52,0,1091,11482,139,100,2,0,0
2253,10,6,1024,0,478,15,7,7,1,6,-52,3,1038,12943,130,100,1,0,0
2254,15,12,1280,10,469,7,18,7,1,3,-70,2,601,6128,133,100,1,0,0
2255,8,3,768,10,554,18,40,7,2,7,-70,10,4634,32259,138,100,3,0,0
2255,2,6,1024,0,479,17,1,6,1,5,-52,3,1011,17048,147,100,2,0,0
2256,4,1,512,0,511,19,5,7,3,5,-66,8,968,13615,148,50,2,1,1
2254,21,17,1792,0,387,12,8,5,1,3,-52,0,928,17038,118,100,4,0,0
2256,12,8,1024,20,581,15,22,7,1,4,-52,8,3713,25958,137,100,4,0,0
2256,3,1,512,0,485,9,7,7,3,1,-64,9,3049,19548,149,100,1,0,0
2257,6,3,768,0,480,8,6,7,1,3,-70,7,1892,22503,127,100,3,0,0
2257,14,15,1536,0,452,17,11,7,1,6,-52,1,778,19024,129,100,3,0,0
2259,1,0,256,0,23,0,0,4,0,0,0,10,1739,28287,1731,100,2,0,0
2259,16,12,1280,10,480,10,230,7,1,3,-52,2,1389,13642,131,100,6,1,3
2260,3,1,512,0,487,9,7,7,3,1,-64,9,2193,13623,149,100,2,0,0
2261,5,4,768,0,499,12,1,6,1,1,-52,0,756,14237,148,100,2,0,0
2260,7,3,768,10,546,12,9,7,1,5,-52,4,1021,18242,145,100,3,1,1
2260,17,13,1536,0,513,8,226,7,1,2,-52,1,1137,11829,119,100,3,1,3
2261,2,6,1024,0,480,17,1,6,1,5,-52,3,426,9212,148,100,1,0,0
2262,8,3,793,50,555,18,40,7,2,7,-70,10,3060,19551,139,100,2,0,0
2260,13,12,1280,0,602,16,6,7,1,5,-52,2,1872,17369,138,100,4,0,0
2262,10,6,1024,0,481,15,7,7,1,6,-52,3,843,11666,130,100,3,0,0
2260,21,17,1792,0,390,12,8,5,1,3,-52,0,734,9631,118,100,2,0,0
2262,15,12,1280,0,471,8,18,7,1,3,-70,2,1307,12468,133,100,3,0,0
2263,1,0,256,0,23,0,0,4,0,0,0,10,1128,14189,1737,100,0,0,0
2265,12,8,1024,0,583,15,22,7,1,4,-52,8,3357,23085,138,100,2,0,0
2265,4,1,512,0,516,19,5,7,3,5,-66,8,1773,17740,148,100,2,1,1
2265,9,8,1024,0,565,14,3,7,1,5,-52,0,1142,13888,140,100,4,0,0
2265,17,13,1536,0,515,8,226,7,1,2,-52,1,1094,8776,119,100,3,1,3
2266,16,12,1280,0,481,11,232,7,1,3,-52,2,699,9350,131,100,3,1,3
2266,2,6,1024,0,482,17,1,6,1,5,-52,3,511,9826,148,100,3,0,0
2267,13,12,1280,20,604,17,6,7,1,5,-52,2,1244,13954,139,100,2,0,0
2268,6,3,768,20,486,8,6,7,1,3,-70,7,2961,26247,128,100,3,0,0
2269,8,3,768,0,557,18,40,7,2,7,-70,10,4039,23227,139,100,3,0,0
2268,10,6,1024,0,482,15,7,7,1,6,-52,3,714,10510,131,100,1,0,0
2269,4,1,512,0,518,19,5,7,3,5,-66,8,794,9420,149,100,2,1,1
2269,14,15,1536,10,457,17,11,7,1,6,-52,1,1334,24948,130,100,3,0,0
2270,3,1,512,0,490,9,8,7,3,1,-64,10,6769,37377,150,100,4,0,0
2270,7,3,768,10,551,12,9,7,1,5,-52,4,1144,18773,145,100,3,1,1
2272,5,4,768,0,502,12,1,6,1,1,-52,0,1024,16647,149,100,5,0,0
2270,12,8,1024,0,585,15,22,7,1,4,-52,8,2294,14301,138,100,2,0,0
2271,2,6,1024,0,482,17,1,6,1,5,-52,3,309,9724,148,100,1,0,0
2273,9,8,1024,0,569,14,3,7,1,5,-52,0,849,10543,140,100,2,0,0
2273,1,0,256,0,24,0,0,4,0,0,0,9,1983,29162,1745,100,3,0,0
2271,16,12,1280,0,482,11,234,7,1,3,-52,2,742,7798,131,100,4,1,3
2271,21,17,1792,0,393,12,8,5,1,3,-52,0,912,16494,119,100,3,0,0
2274,15,12,1280,0,480,8,18,7,1,3,-70,1,2558,21701,134,100,4,0,0
2274,8,3,768,10,558,18,40,7,2,7,-70,10,2772,19734,139,100,1,0,0
2275,17,13,1536,0,520,8,229,7,1,2,-52,1,1568,15276,120,100,6,1,3
2275,16,12,1280,0,484,11,235,7,1,3,-52,2,703,5856,132,100,2,1,3
2276,13,12,1280,10,609,17,6,7,1,5,-52,2,1776,17434,140,100,4,0,0
2278,5,4,768,0,505,12,1,6,1,1,-52,0,764,8965,150,100,2,0,0
2276,6,3,768,10,489,8,6,7,1,3,-70,7,1679,20186,128,100,3,0,0
2278,1,0,256,0,25,0,0,4,0,0,0,9,1237,16367,1754,100,2,0,0
2278,12,8,1024,0,587,15,22,7,1,4,-52,8,3062,21083,139,100,3,0,0
2277,7,3,768,0,554,12,9,7,1,5,-52,4,910,13570,146,100,3,1,1
2279,3,1,512,0,493,10,8,7,3,1,-64,10,4663,29254,151,100,1,0,0
2277,10,6,1024,0,483,15,7,7,1,6,-52,3,688,15700,131,100,2,0,0
2281,8,3,768,10,560,18,40,7,2,7,-70,10,2765,16790,140,100,2,0,0
2280,9,8,1024,0,573,14,3,7,1,5,-52,0,953,10036,141,100,2,0,0
2281,4,1,512,0,521,19,5,7,3,5,-66,8,1879,21602,149,100,3,1,1
2279,17,13,1536,20,522,9,231,7,1,2,-52,1,787,6840,120,100,4,1,3
2280,21,17,1792,0,396,12,8,5,1,3,-52,0,790,12430,120,100,2,0,0
2279,14,15,1536,0,463,17,11,7,1,6,-52,1,1499,20606,131,100,3,0,0
2281,2,6,1024,0,486,17,1,6,1,5,-52,3,1202,18624,149,100,3,0,0
2283,1,0,256,0,25,0,0,4,0,0,0,10,1266,15954,1760,100,1,0,0
2283,5,4,768,0,508,12,1,6,1,1,-52,0,764,8858,150,100,1,0,0
2284,16,12,1280,0,488,11,237,7,1,3,-52,2,1087,11108,132,100,5,1,3
2284,17,13,1536,0,525,9,232,7,1,2,-52,1,1038,8864,120,100,3,1,3
2284,15,12,1280,10,486,8,18,7,1,3,-70,1,1986,17917,135,100,3,0,0
2287,3,1,512,0,494,10,8,7,3,1,-64,10,4200,28110,151,100,2,0,0
2288,7,3,768,0,556,12,9,7,1,5,-52,4,699,16755,147,100,1,1,1
2288,12,8,1024,10,591,15,22,7,1,4,-52,8,3666,25694,139,100,2,0,0
2287,13,12,1280,0,613,17,6,7,1,5,-52,2,2028,21583,140,100,4,0,0
2287,6,3,768,10,490,8,6,7,1,3,-70,7,1868,23077,129,100,3,0,0
2289,9,8,1024,0,577,14,3,7,1,5,-52,0,1149,11640,141,100,3,0,0
2289,10,6,1024,0,485,15,7,7,1,6,-52,3,920,17376,132,100,2,0,0
2291,8,3,768,10,563,18,40,7,2,7,-70,10,4782,31773,141,100,3,0,0
2292,7,3,768,0,558,12,9,7,1,5,-52,4,493,7708,147,100,2,1,1
2292,4,1,512,0,524,19,5,7,1,5,-66,8,1883,22337,150,100,2,1,1
2293,3,1,512,40,500,10,8,7,2,1,-64,9,3958,23911,152,100,1,0,0
2290,14,15,1536,0,466,18,11,7,1,6,-52,1,1550,22777,131,100,4,0,0
2293,12,8,1024,50,593,15,23,7,1,4,-52,8,1713,13319,140,100,2,0,0
2294,1,0,256,0,26,0,0,4,0,0,0,9,2223,31689,1768,100,3,0,0
2294,5,4,768,0,515,12,1,6,1,1,-52,0,1352,17533,151,100,3,0,0
2291,15,12,1280,0,487,8,20,7,1,3,-70,1,1060,12723,135,100,5,0,0
2291,21,17,1792,0,400,12,8,5,1,3,-52,0,1180,16322,120,100,4,0,0
2294,16,12,1280,0,491,11,240,7,1,3,-52,2,1188,13816,133,100,5,1,3
2290,2,6,1024,0,488,17,1,6,1,5,-52,3,696,15377,150,100,3,0,0
2297,3,1,512,30,502,10,8,7,2,1,-64,9,2946,15964,152,100,2,0,0
2294,17,13,1536,0,528,9,235,7,1,2,-52,1,1388,15368,121,100,6,1,3
2296,9,8,1024,0,579,14,3,7,1,5,-52,0,575,9698,142,100,2,0,0
2297,13,12,1280,10,615,17,6,7,1,5,-52,2,1517,18266,141,100,2,0,0
2299,8,3,768,0,566,18,40,7,2,7,-70,10,4200,26165,141,100,2,0,0
2300,7,3,768,0,558,12,9,7,1,5,-52,4,405,14605,147,100,2,1,1
2299,5,4,768,0,518,12,1,6,1,1,-52,0,486,7577,151,100,0,0,0
2299,6,3,768,20,491,8,6,7,1,3,-70,6,2772,28533,130,100,2,0,0
2299,15,12,1280,0,490,8,20,7,1,3,-70,1,1210,13127,136,100,3,0,0
2300,17,13,1536,0,530,9,236,7,1,2,-52,1,724,9022,121,100,3,1,3
2298,14,10,1280,0,470,20,11,7,1,7,-52,1,1415,16022,132,100,2,0,0
2302,4,1,512,0,529,19,5,7,1,5,-66,8,2388,21053,151,100,3,1,1
2300,10,6,1024,0,489,15,7,7,1,6,-52,4,2054,20543,133,100,3,0,0
2301,2,6,1024,0,489,17,1,6,1,5,-52,3,441,16731,150,100,1,0,0
2302,12,8,1024,10,596,15,23,7,1,4,-52,9,3655,27922,141,100,3,0,0
2304,8,3,768,0,568,18,40,7,2,7,-70,10,2089,13338,141,100,2,0,0
2305,1,0,256,0,26,0,0,4,0,0,0,10,2526,26862,1779,100,2,0,0
2303,21,17,1792,0,405,13,8,5,1,3,-52,0,1290,17918,121,100,4,0,0
2304,16,12,1280,0,495,11,243,7,1,3,-52,2,985,13888,134,100,7,1,3
2306,9,8,1024,0,584,14,3,7,1,5,-52,0,1007,12432,142,100,3,0,0
2305,15,12,1280,0,492,8,20,7,1,3,-70,2,843,9532,136,100,2,0,0
2306,5,4,768,0,519,12,1,6,1,1,-52,0,627,11510,151,100,2,0,0
2307,3,1,512,20,504,10,8,7,2,1,-64,10,7465,39822,152,100,1,0,0
2305,13,12,1280,0,617,17,6,7,1,5,-52,2,1332,14545,141,100,4,0,0
2305,2,6,1024,0,490,17,1,6,1,5,-52,3,516,8187,151,100,1,0,0
2275,20,16,1664,100,383,17,18,7,0,6,-52,0,371,6404,80,100,1,0,0
2309,7,3,768,0,560,12,9,7,1,5,-52,4,852,17987,148,100,1,1,1
2281,20,12,1664,70,385,18,18,7,0,7,-95,0,685,5365,80,100,3,0,0
2309,6,3,768,30,493,8,6,7,1,3,-70,6,2252,22498,131,100,2,0,0
2308,14,10,1280,0,474,20,11,7,1,7,-52,1,1387,18534,133,100,3,0,0
2311,12,8,1024,70,599,15,23,7,1,4,-52,9,3771,24714,141,100,4,0,0
2291,20,12,1664,80,391,19,18,7,0,7,-95,0,478,8954,80,100,2,0,0
2312,4,1,512,0,532,19,5,7,1,5,-66,8,2148,22086,151,100,3,1,1
2310,10,6,1024,10,492,15,7,7,1,6,-52,4,1340,14761,134,100,2,0,0
2310,17,13,1536,10,532,9,239,7,1,2,-52,1,1392,16138,122,100,6,1,3
2313,8,3,768,10,571,18,40,7,2,7,-70,10,4557,30157,142,100,2,0,0
2314,3,1,512,30,505,10,8,7,2,1,-64,10,5006,27591,153,100,3,0,0
2315,1,0,256,0,26,0,0,4,0,0,0,10,2442,24400,1793,100,2,0,0
2313,14,10,1280,0,476,20,11,7,1,7,-52,1,953,9857,133,100,1,0,0
2309,21,17,1792,0,407,13,8,5,1,3,-52,0,644,9802,122,100,4,0,0
2301,20,12,1664,90,394,19,18,7,0,7,-95,0,661,8406,81,100,3,0,0
2315,10,6,1024,0,493,15,7,7,1,6,-52,4,917,8747,134,100,1,0,0
2307,20,12,1568,80,395,19,18,7,1,7,-95,0,1145,7744,81,100,2,0,0
2313,13,12,1280,0,622,17,6,7,1,5,-52,2,1751,17340,142,100,2,0,0
2314,2,6,1024,10,492,17,1,6,1,5,-52,3,603,16037,151,100,3,0,0
2313,16,12,1280,10,499,11,245,7,1,3,-52,2,1025,12471,134,100,5,1,3
2314,15,12,1280,10,492,8,20,7,1,3,-70,2,523,13876,137,100,1,0,0
2314,20,12,1428,30,397,19,18,7,1,7,-95,0,1783,8787,82,100,3,0,0
2316,5,4,768,0,523,12,1,6,1,1,-52,0,1147,15076,152,100,3,0,0
2317,6,3,768,10,496,8,6,7,1,3,-70,6,2482,19790,131,100,1,0,0
2318,9,8,1024,0,586,14,3,7,1,5,-52,0,726,13932,143,100,2,0,0
2318,7,3,768,0,562,12,9,7,1,5,-52,4,767,15715,149,100,2,1,1
2317,21,17,1792,0,410,13,8,5,1,3,-52,0,894,12457,122,100,1,0,0
2318,8,3,768,10,574,18,40,7,2,7,-70,10,2834,15858,142,100,2,0,0
2316,17,13,1536,0,533,9,241,7,1,2,-52,1,834,10531,122,100,3,1,3
2317,16,12,1280,0,499,11,246,7,1,3,-52,2,348,5205,134,100,2,1,3
2318,20,12,1283,20,400,19,18,7,1,7,-95,0,921,5510,82,100,0,0,0
2321,4,1,512,10,536,19,5,7,1,5,-66,8,2259,19844,152,100,2,1,1
2323,1,0,256,0,26,0,0,4,0,0,0,10,1681,19500,1800,100,1,0,0
2323,3,1,512,10,510,10,8,7,2,1,-64,10,6252,33258,154,100,2,0,0
2321,12,8,1024,20,600,15,23,7,1,4,-52,9,5177,31814,142,100,2,0,0
2323,6,3,768,0,497,8,6,7,1,3,-70,6,1041,12303,131,100,1,0,0
2286,11,8,1152,60,532,13,39,7,0,4,-70,4,574,11582,137,100,2,0,0
2323,15,12,1280,0,494,8,20,7,1,3,-70,2,1246,15108,138,100,3,0,0
2295,11,8,1152,90,535,13,39,7,0,4,-70,4,530,14342,137,100,3,0,0
2324,2,6,1024,0,494,17,1,6,1,5,-52,3,1248,17281,152,100,2,0,0
2327,1,0,256,0,26,0,0,4,0,0,0,10,1203,11438,1810,100,1,0,0
2307,11,8,1152,90,538,13,39,7,0,4,-70,4,1597,20037,138,100,3,0,0
2324,10,6,1024,10,494,15,7,7,1,6,-52,4,866,15287,135,100,1,0,0
2325,14,10,1280,10,480,20,11,7,1,7,-52,1,971,20353,134,100,3,0,0
2324,13,12,1280,0,625,17,6,7,1,5,-52,2,1968,22373,143,100,4,0,0
2314,11,8,1152,100,541,13,39,7,0,4,-70,4,301,11195,138,100,2,0,0
2328,6,3,768,0,498,8,6,7,1,3,-70,6,1647,13975,132,100,1,0,0
2326,5,4,791,10,525,12,1,6,1,1,-52,0,729,15621,153,100,2,0,0
2329,7,3,768,50,566,12,9,7,1,5,-52,4,2157,22155,149,100,3,1,1
2324,11,7,1024,80,544,14,39,7,1,5,-52,4,792,17988,139,100,3,0,0
2331,3,1,512,0,511,10,8,7,2,1,-64,10,4403,28445,154,100,1,0,0
2326,8,4,768,20,577,20,41,7,1,8,-52,10,4061,28482,142,100,2,0,0
2332,11,7,1024,10,547,15,39,7,1,5,-52,4,1654,16361,140,100,2,0,0
2333,6,3,768,0,500,8,6,7,1,3,-70,6,832,10607,132,100,1,0,0
2333,4,1,512,50,539,19,5,7,1,5,-66,10,4446,28326,153,100,2,1,1
2327,9,8,1024,10,589,14,3,7,1,5,-52,0,886,12070,144,100,2,0,0
2327,17,13,1536,10,538,9,244,7,1,2,-52,1,1903,17710,123,100,6,1,3
2333,2,6,1024,0,497,17,1,6,1,5,-52,3,739,14275,152,100,1,0,0
2328,21,17,1792,0,415,13,8,5,1,3,-52,0,1250,16905,123,100,4,0,0
2333,8,4,768,80,582,20,41,7,1,8,-52,10,2894,20445,142,100,4,0,0
2336,7,3,768,0,566,12,9,7,1,5,-52,5,1340,14831,150,100,2,1,1
2335,14,10,1280,0,483,20,11,7,1,7,-52,1,778,16581,134,100,3,0,0
2337,11,7,1024,0,549,15,39,7,1,5,-52,4,498,8883,140,100,2,0,0
2330,16,12,1280,0,505,11,249,7,1,3,-52,2,737,8007,135,100,3,1,3
2336,10,6,1024,0,496,15,7,7,1,6,-52,4,1712,18040,135,100,2,0,0
2338,4,1,512,60,540,19,5,7,1,5,-66,10,2009,12141,153,100,1,1,1
2333,9,8,1024,0,590,15,3,7,1,5,-52,0,516,8192,144,100,2,0,0
2339,1,0,256,0,26,0,0,4,0,0,0,10,2115,26195,1816,100,2,0,0
2332,12,8,1024,10,605,16,23,7,1,4,-52,9,4444,33007,143,100,5,0,0
2332,15,12,1280,0,497,9,20,7,1,3,-70,2,1038,14668,138,100,4,0,0
2337,5,4,791,10,526,12,1,6,1,1,-52,0,725,16473,154,100,2,0,0
2341,6,3,768,40,501,8,6,7,1,3,-70,6,1942,17496,133,100,1,0,0
2341,3,1,512,0,512,10,8,7,2,1,-64,10,3128,29161,155,100,2,0,0
2336,17,13,1536,10,544,10,246,7,1,2,-52,1,2100,17665,124,100,5,1,3
2343,7,3,768,0,568,12,9,7,1,5,-52,5,763,11870,150,100,1,1,1
2340,14,10,1280,0,483,20,11,7,1,7,-52,1,446,8943,135,100,2,0,0
2337,9,8,1024,0,592,15,3,7,1,5,-52,0,525,6157,145,100,2,0,0
2337,16,12,1280,0,509,11,251,7,1,3,-52,2,1067,10520,136,100,4,1,3
2337,15,12,1280,10,498,9,20,7,1,3,-70,2,655,8704,139,100,1,0,0
2337,21,17,1792,0,417,13,8,5,1,3,-52,0,640,11983,123,100,4,0,0
2346,1,0,256,0,26,0,0,4,0,0,0,10,1829,17725,1826,100,1,0,0
2346,3,1,512,20,513,10,8,7,2,1,-64,10,2088,15457,155,100,0,0,0
2345,5,4,791,0,527,12,1,6,1,1,-52,0,534,10338,154,100,1,0,0
2340,12,8,1024,10,608,16,24,7,1,4,-52,9,3401,27437,143,100,4,0,0
2344,2,6,1024,0,499,17,1,6,1,5,-52,3,1009,18663,153,100,2,0,0
2342,16,12,1280,0,511,11,252,7,1,3,-52,2,593,6369,136,100,2,1,3
2344,11,7,1024,10,550,15,39,7,1,5,-52,4,579,14703,141,100,2,0,0
2342,15,12,1280,0,501,9,20,7,1,3,-70,2,716,10132,139,100,2,0,0
2349,4,1,512,40,543,19,5,7,1,5,-66,10,5220,30054,154,100,2,1,1
2345,9,8,1024,20,597,15,3,7,1,5,-52,0,910,11332,145,100,2,0,0
2346,10,6,1024,10,498,15,7,7,1,6,-52,4,1456,18212,136,100,2,0,0
2348,8,4,768,0,588,20,41,7,2,8,-52,10,2502,16245,143,100,1,0,0
2349,7,3,768,10,571,12,9,7,1,5,-52,5,1578,13394,151,100,1,1,1
2347,14,10,1280,0,487,20,11,7,1,7,-52,1,710,12516,135,100,2,0,0
2346,13,12,1280,0,635,18,6,7,1,5,-52,2,1644,17044,144,100,4,0,0
2348,12,8,1024,10,612,16,24,7,1,4,-52,9,2783,20916,144,100,3,0,0
2351,1,0,256,0,26,0,0,4,0,0,0,10,1062,13387,1830,100,1,0,0
2351,6,3,768,10,504,8,6,7,1,3,-70,6,2874,24971,133,100,2,0,0
2348,17,13,1536,10,548,10,249,7,1,2,-52,1,1759,18841,125,100,7,1,3
2352,11,7,1024,0,553,15,39,7,1,5,-52,4,863,14271,141,100,4,0,0
2349,21,17,1792,0,420,14,8,5,1,3,-52,0,986,17482,124,100,4,0,0
2353,2,6,1024,0,505,17,1,6,1,5,-52,3,1130,16534,154,100,2,0,0
2353,14,10,1280,0,489,20,11,7,1,7,-52,1,629,13175,136,100,2,0,0
2357,3,1,512,0,515,10,8,7,2,1,-64,10,4388,34950,156,100,2,0,0
2354,5,4,791,10,530,12,1,6,1,1,-52,0,724,14520,155,100,2,0,0
2356,10,6,1024,0,503,15,7,7,1,6,-52,4,2173,16896,137,100,2,0,0
2357,7,3,768,0,573,12,9,7,1,5,-52,5,817,13843,151,100,1,1,1
2354,21,17,1792,0,424,14,8,5,1,3,-52,0,861,8068,125,100,2,0,0
2358,4,1,512,20,546,19,5,7,1,5,-66,10,3781,24479,154,50,2,1,1
2355,17,13,1536,0,551,10,251,7,1,2,-52,1,1492,12601,125,100,4,1,3
2360,1,0,256,0,26,0,0,4,0,0,0,10,1682,20306,1840,100,2,0,0
2358,8,4,768,0,590,20,41,7,2,8,-52,9,4719,30108,144,100,3,0,0
2361,7,3,768,10,575,12,9,7,1,5,-52,5,754,8645,152,100,2,1,1
2361,6,3,768,0,504,8,6,7,1,3,-70,6,2200,23898,134,100,2,0,0
2360,11,7,1024,0,555,15,39,7,1,5,-52,4,604,13661,142,100,2,0,0
2360,16,12,1280,10,521,12,257,7,1,3,-52,2,1447,15121,137,100,6,1,3
2362,10,6,1024,0,505,15,7,7,1,6,-52,4,700,9893,137,100,1,0,0
2363,2,6,1024,0,507,17,1,6,1,5,-52,3,670,16531,154,100,2,0,0
2361,13,12,1280,10,642,18,6,7,1,5,-52,2,2096,16881,145,100,3,0,0
2363,8,4,768,0,592,20,41,7,2,8,-52,9,2157,15343,144,100,2,0,0
2363,3,1,512,0,515,10,8,7,2,1,-64,10,2383,22798,156,100,2,0,0
2364,17,13,1536,0,554,10,252,7,1,2,-52,1,859,7719,126,100,3,1,3
2364,14,10,1280,0,493,20,11,7,1,7,-52,1,1153,19116,136,100,4,0,0
2366,7,3,768,0,575,12,9,7,1,5,-52,5,501,8563,152,100,1,1,1
2366,6,3,768,20,506,8,6,7,1,3,-70,6,1218,10441,134,100,1,0,0
2369,4,1,512,10,546,19,5,7,1,5,-66,10,2702,27419,155,30,2,1,1
2370,1,0,256,0,26,0,0,4,0,0,0,10,1412,20911,1845,100,2,0,0
2368,10,6,1024,10,506,15,7,7,1,6,-52,4,688,9155,137,100,1,0,0
2371,3,1,512,10,517,10,8,7,2,1,-64,10,2318,23196,157,100,1,0,0
2369,11,7,1024,0,559,15,39,7,1,5,-52,4,879,16489,142,100,3,0,0
2371,2,6,1024,0,509,17,1,6,1,5,-52,3,580,14251,155,100,1,0,0
2372,14,10,1280,0,494,20,11,7,1,7,-52,1,652,14419,137,100,3,0,0
2373,10,6,1024,0,506,15,7,7,1,6,-52,4,936,9461,138,100,1,0,0
2376,1,0,256,0,26,0,0,4,0,0,0,10,909,12513,1849,100,1,0,0
2376,7,3,768,0,578,12,9,7,1,5,-52,5,1503,18023,152,100,2,1,1
2376,6,3,768,0,509,8,6,7,1,3,-70,6,3038,24851,135,100,2,0,0
2376,11,7,1024,0,560,15,39,7,1,5,-52,4,690,11862,143,100,1,0,0
2377,14,10,1280,0,495,20,11,7,1,7,-52,1,366,7084,137,100,2,0,0
2378,13,12,1280,0,647,18,6,7,1,5,-52,2,1019,15224,146,100,3,0,0
2377,10,6,1024,0,509,15,7,7,1,6,-52,4,912,7058,138,100,1,0,0
2379,2,6,1024,10,512,17,1,6,1,5,-52,3,952,12958,155,100,2,0,0
2381,3,1,512,0,521,10,8,7,2,1,-64,10,3651,27810,157,100,2,0,0
2381,1,0,256,0,26,0,0,4,0,0,0,10,618,10515,1851,100,1,0,0
2381,4,1,512,20,549,19,5,7,1,5,-66,10,2122,26808,156,17,2,1,1
2381,6,3,768,0,511,8,6,7,1,3,-70,6,1344,11318,135,100,1,0,0
2382,7,3,768,0,580,12,9,7,1,5,-52,5,852,10596,153,100,1,1,1
2381,17,13,1536,0,561,10,257,7,1,2,-52,1,1584,18460,127,100,7,1,3
2381,16,12,1280,0,529,12,261,7,1,3,-52,2,1045,14948,139,100,6,1,3
2383,11,7,1024,10,564,15,39,7,1,5,-52,4,782,12020,143,100,2,0,0
2382,21,17,1792,0,433,14,8,5,1,3,-52,0,472,6034,126,100,2,0,0
2382,14,10,1280,10,497,20,11,7,1,7,-52,1,558,10176,138,100,1,0,0
2386,6,3,768,0,514,8,6,7,1,3,-70,6,1565,11868,136,100,1,0,0
2386,10,6,1024,0,510,15,7,7,1,6,-52,4,1199,14922,139,100,2,0,0
2385,9,8,1024,0,610,15,3,7,1,5,-52,0,1033,13520,148,100,4,0,0
2386,2,6,1024,0,514,17,1,6,1,5,-52,3,581,13130,156,100,1,0,0
2386,5,4,791,0,538,12,1,6,1,1,-52,0,1098,17804,157,100,2,0,0
2391,1,0,256,0,26,0,0,4,0,0,0,10,1993,22498,1862,100,2,0,0
2390,14,10,1280,10,500,20,11,7,1,7,-52,1,899,12931,138,100,2,0,0
2388,11,7,1024,0,567,15,39,7,1,5,-52,4,708,10477,144,100,2,0,0
2392,3,1,512,0,524,10,8,7,2,1,-64,10,4967,37626,158,100,2,0,0
2392,4,1,512,10,553,19,5,7,1,5,-66,10,3580,28618,157,57,2,1,1
2391,5,4,791,10,541,12,1,6,1,1,-52,0,752,9159,157,100,1,0,0
2392,8,4,768,10,603,20,41,7,2,8,-52,9,2227,17193,146,100,2,0,0
2393,7,3,768,0,583,12,9,7,1,5,-52,5,1889,22889,154,100,2,1,1
2393,12,8,1024,20,629,16,24,7,1,4,-52,8,2060,15046,147,100,3,0,0
2394,14,10,1280,10,502,20,11,7,1,7,-52,2,1042,10972,138,100,1,0,0
2396,2,6,1024,0,517,17,1,6,1,5,-52,3,770,15947,156,100,3,0,0
2397,4,1,512,20,556,19,5,7,1,5,-66,10,1880,13162,157,36,1,1,1
2397,3,1,512,10,524,10,8,7,2,1,-64,10,1196,14760,158,100,1,0,0
2398,6,3,768,0,516,8,6,7,1,3,-70,6,2331,25657,136,100,1,0,0
2397,11,7,1024,0,568,15,39,7,1,5,-52,4,646,14396,144,100,3,0,0
2394,21,17,1792,0,438,14,8,5,1,3,-52,0,387,5941,127,100,1,0,0
2400,9,8,1024,20,616,15,3,7,1,5,-52,0,375,5593,149,100,1,0,0
2402,8,4,768,0,608,20,41,7,2,8,-52,9,4127,27884,147,100,3,0,0
2402,7,3,768,0,585,12,9,7,1,5,-52,5,1020,15121,154,100,2,1,1
2399,13,12,1280,20,656,18,6,7,1,5,-52,2,2092,20655,148,100,4,0,0
2403,1,0,256,0,26,0,0,4,0,0,0,10,2003,26442,1870,100,2,0,0
2398,10,6,1024,0,513,15,7,7,1,6,-52,4,1770,20205,139,100,2,0,0
2404,3,1,512,0,527,10,8,7,2,1,-64,10,2933,22683,159,100,2,0,0
2404,4,1,512,10,558,19,5,7,1,5,-66,10,2446,17739,157,50,1,1,1
2403,16,12,1280,0,535,12,266,7,1,3,-52,2,943,14441,140,100,6,1,3
2405,9,8,1024,0,617,15,3,7,1,5,-52,0,500,6582,149,100,1,0,0
2405,21,17,1792,10,444,14,8,5,1,3,-52,0,1309,15902,128,100,3,0,0
2408,4,1,512,0,560,19,5,7,1,5,-66,10,1511,10369,158,33,1,1,1
2408,6,3,768,100,521,8,6,7,1,3,-70,6,2713,25642,137,100,2,0,0
2410,1,0,256,0,26,0,0,4,0,0,0,10,872,16387,1872,100,1,0,0
2405,10,6,1024,0,515,15,7,7,1,6,-52,4,1099,10618,140,100,2,0,0
2410,8,4,768,10,611,20,41,7,2,8,-52,9,3401,24636,147,100,4,0,0
2404,14,10,1280,10,507,20,11,7,1,7,-52,2,526,8435,139,100,2,0,0
2410,2,6,1024,0,520,17,1,6,1,5,-52,3,863,16671,157,100,2,0,0
2412,15,12,1280,10,531,9,20,7,1,3,-70,1,816,12353,143,100,2,0,0
2413,3,1,512,20,529,10,8,7,2,1,-64,10,2685,25343,159,100,3,0,0
2410,7,3,768,20,587,12,9,7,1,5,-52,5,886,16620,155,50,1,1,1
2412,16,12,1280,0,538,12,268,7,1,3,-52,2,886,10786,141,100,5,1,3
2410,11,7,1024,10,572,15,40,7,1,5,-52,4,757,14750,145,100,2,0,0
2413,6,3,768,10,525,8,6,7,2,3,-70,6,2299,16403,138,100,2,0,0
2410,14,10,1280,10,511,20,11,7,1,7,-52,2,848,11650,139,100,1,0,0
2415,9,8,1024,0,621,15,3,7,1,5,-52,0,1078,13250,150,100,4,0,0
2415,7,3,768,0,588,13,9,7,1,5,-52,5,1086,9947,155,100,1,1,1
2416,1,0,256,0,26,0,0,4,0,0,0,10,1338,13457,1879,100,1,0,0
2416,10,6,1024,10,520,15,7,7,1,6,-52,4,2270,19607,141,100,3,0,0
2416,14,10,1280,0,514,20,11,7,1,7,-52,2,733,10267,140,100,2,0,0
2416,12,8,1024,10,640,16,24,7,1,4,-52,8,3447,27057,148,100,4,0,0
2417,2,6,1024,10,521,18,1,6,1,5,-52,3,529,12402,158,100,1,0,0
2417,13,12,1280,0,663,18,6,7,1,5,-52,2,1620,17520,149,100,2,0,0
2419,4,1,512,20,561,19,5,7,1,5,-66,10,2809,26721,159,40,2,1,1
2421,3,1,512,0,530,10,8,7,2,1,-64,10,3961,31570,160,100,2,0,0
2421,7,3,768,0,589,13,9,7,1,5,-52,5,682,11532,156,50,1,1,1
2420,12,8,1024,20,642,16,24,7,1,4,-52,8,1793,12567,149,100,2,0,0
2423,2,6,1024,10,522,18,1,6,1,5,-52,3,394,10272,158,100,1,0,0
2423,6,3,768,0,530,9,6,7,2,3,-70,6,3530,24924,138,100,3,0,0
2423,14,10,1280,0,518,20,11,7,1,7,-52,2,864,12545,140,100,3,0,0
2424,1,0,256,0,26,0,0,4,0,0,0,10,1279,19133,1883,100,1,0,0
2423,5,4,791,10,548,12,1,6,1,1,-52,0,725,16761,159,100,2,0,0
2425,10,6,1024,0,525,15,7,7,1,6,-52,4,1850,15546,141,100,3,0,0
2429,7,3,768,0,592,13,9,7,1,5,-52,5,975,13294,156,100,3,1,1
2429,1,0,256,0,26,0,0,4,0,0,0,10,985,11470,1891,100,1,0,0
2430,4,1,512,10,565,19,5,7,1,5,-66,10,3410,28622,159,33,2,1,1
2431,11,7,1024,0,580,15,41,7,1,5,-52,4,1139,20891,146,100,5,0,0
2432,6,3,768,0,537,9,6,7,2,3,-70,6,2789,22322,139,100,3,0,0
2433,3,1,512,0,535,10,8,7,2,1,-64,10,4127,39457,161,100,2,0,0
2433,7,3,768,0,594,13,9,7,1,5,-52,6,805,9349,156,50,1,1,1
2432,13,12,1280,0,672,18,6,7,1,5,-52,2,1595,16697,150,100,2,0,0
2434,10,6,1024,0,528,15,7,7,1,6,-52,4,1156,14526,142,100,1,0,0
2434,2,6,1024,10,525,18,1,6,1,5,-52,3,726,19390,159,100,2,0,0
2434,12,8,1024,0,647,16,24,7,1,4,-52,8,2257,19194,150,100,3,0,0
2434,14,10,1280,0,520,20,11,7,1,7,-52,2,798,20670,141,100,3,0,0
2436,11,7,1024,0,582,15,41,7,1,5,-52,4,585,7729,147,100,2,0,0
2438,1,0,256,0,26,0,0,4,0,0,0,10,1254,17501,1894,100,2,0,0
2438,6,3,768,0,539,9,6,7,2,3,-70,6,1220,11869,139,100,1,0,0
2439,5,4,791,0,551,12,1,6,1,1,-52,0,333,10373,160,100,1,0,0
2439,8,4,768,0,623,20,41,7,2,8,-52,9,3100,23464,149,100,4,0,0
2439,7,3,768,0,596,13,9,7,1,5,-52,6,792,10523,157,100,1,1,1
2441,4,1,512,40,568,19,5,7,1,5,-66,10,2371,25702,160,43,2,1,1
2438,9,8,1024,0,630,15,3,7,1,5,-52,0,638,9480,151,100,3,0,0
2441,2,6,1024,0,528,18,1,6,1,5,-52,3,836,12273,159,100,2,0,0
2442,10,6,1024,0,530,15,7,7,1,6,-52,4,1208,13504,142,100,2,0,0
2440,15,12,1280,0,544,9,20,7,1,3,-70,3,1232,13944,145,100,3,0,0
2444,3,1,512,30,538,10,8,7,2,1,-64,10,3639,34471,161,100,2,0,0
2444,1,0,256,0,26,0,0,4,0,0,0,10,1150,14679,1899,100,1,0,0
2443,7,3,768,0,598,13,9,7,1,5,-52,6,581,7434,157,100,2,1,1
2442,16,12,1280,0,551,12,277,7,1,3,-52,2,568,7748,143,100,5,1,3
2441,21,17,1792,0,466,14,8,5,1,3,-52,0,789,10805,131,100,2,0,0
2444,14,10,1280,0,522,20,11,7,1,7,-52,2,702,16263,142,100,3,0,0
2445,11,7,1024,0,585,15,41,7,1,5,-52,4,644,15293,147,100,3,0,0
2442,13,12,1280,0,677,18,6,7,1,5,-52,2,2116,19815,151,100,3,0,0
2448,7,3,768,0,600,13,9,7,1,5,-52,6,907,9486,157,100,1,1,1
2444,12,8,1024,10,650,16,24,7,1,4,-52,8,3232,23276,150,100,3,0,0
2449,10,6,1024,30,534,15,7,7,1,6,-52,4,1662,12195,143,100,2,0,0
2449,6,3,768,20,542,9,6,7,2,3,-70,6,2964,28694,140,100,2,0,0
2427,18,15,1664,90,329,12,5,5,0,2,-70,0,467,4247,143,100,1,0,0
2436,18,15,1664,100,332,12,5,5,0,2,-70,0,1031,9010,143,100,4,0,0
2450,2,6,1024,0,531,18,1,6,1,5,-52,3,687,15138,160,100,1,0,0
2452,1,0,256,0,26,0,0,4,0,0,0,10,1799,19319,1910,100,2,0,0
2441,18,14,1664,90,332,13,5,5,0,3,-52,0,449,5042,144,100,1,0,0
2447,8,4,768,30,625,20,41,7,1,8,-52,9,3058,23542,150,100,2,0,0
2444,9,8,1024,0,631,15,3,7,1,5,-52,0,327,5831,152,100,0,0,0
2453,4,1,512,40,569,19,5,7,1,5,-66,10,4147,28417,161,100,2,1,1
2451,14,10,1280,10,525,20,11,7,1,7,-52,3,1845,20132,142,100,4,0,0
2454,3,1,512,0,541,10,8,7,2,1,-64,10,5294,38900,162,100,2,0,0
2451,18,14,1536,0,337,14,5,5,1,3,-52,0,1827,12088,144,100,4,0,0
2455,6,3,768,0,543,9,6,7,2,3,-70,6,2105,14192,140,100,1,0,0
2449,21,17,1792,0,470,14,8,5,1,3,-52,0,966,12993,131,100,3,0,0
2452,12,8,1024,10,654,16,25,7,1,4,-52,8,2374,19798,151,100,4,0,0
2452,9,8,1024,10,634,15,3,7,1,5,-52,0,828,8729,152,100,3,0,0
2456,10,6,1024,0,535,15,7,7,1,6,-52,4,1938,14100,143,100,2,0,0
2455,11,7,1024,20,589,15,41,7,1,5,-52,4,1095,20424,148,100,3,0,0
2454,5,4,791,0,553,12,1,6,1,1,-52,0,644,13419,161,100,2,0,0
2458,7,3,768,0,603,13,9,7,1,5,-52,6,1351,18846,158,100,2,1,1
2460,1,0,256,0,26,0,0,4,0,0,0,10,1320,17660,1919,100,1,0,0
2457,8,4,768,50,628,20,41,7,1,8,-52,9,3280,28243,151,100,3,0,0
2452,16,12,1280,20,556,12,280,7,1,3,-52,2,1123,13485,144,100,6,1,3
2456,18,14,1536,0,339,14,5,5,1,3,-52,0,767,5490,145,100,2,0,0
2460,2,6,1024,0,533,18,1,6,1,5,-52,3,832,18328,161,100,2,0,0
2462,6,3,768,0,545,9,6,7,2,3,-70,6,2280,17520,141,100,1,0,0
2460,11,7,1024,20,591,15,41,7,1,5,-52,4,498,7606,148,100,2,0,0
2462,10,6,1024,0,537,15,7,7,1,6,-52,4,1704,11775,144,100,1,0,0
2463,4,1,512,70,575,19,5,7,1,5,-66,10,3995,25817,162,100,2,1,1
2463,3,1,512,10,543,10,8,7,2,1,-64,10,4285,35520,163,100,2,0,0
2462,14,10,1280,10,530,20,11,7,1,7,-52,3,1927,22541,143,100,2,0,0
2462,8,4,768,70,628,20,41,7,1,8,-52,9,1487,12218,151,100,1,0,0
2462,18,14,1536,0,340,14,5,5,1,3,-52,0,560,5950,145,100,1,0,0
2466,7,3,768,0,604,13,9,7,1,5,-52,6,906,14458,159,50,1,1,1
2458,9,8,1024,0,637,15,3,7,1,5,-52,0,987,10687,153,100,2,0,0
2456,13,12,1280,0,684,18,6,7,1,5,-52,2,1124,10366,152,100,2,0,0
2465,5,4,791,0,557,12,1,6,1,1,-52,0,1021,15811,162,100,2,0,0
2467,10,6,1024,0,538,15,7,7,1,6,-52,4,1070,8985,144,100,1,0,0
2460,21,17,1792,10,473,14,8,5,1,3,-52,0,935,16633,132,100,3,0,0
2468,3,1,512,0,544,10,8,7,2,1,-64,10,1817,16071,163,100,1,0,0
2469,4,1,512,40,577,19,5,7,1,5,-66,10,2356,13975,162,100,1,1,1
2467,18,14,1536,0,342,14,5,5,1,3,-52,2,840,6072,145,100,1,0,0
2470,1,0,256,0,26,0,0,4,0,0,0,10,2028,24470,1926,100,2,0,0
2469,8,4,768,20,629,20,41,7,1,8,-52,9,2978,21914,151,100,1,0,0
2466,13,12,1280,0,689,18,6,7,1,5,-52,2,1838,19163,152,100,3,0,0
2472,2,6,1024,0,538,18,1,6,1,5,-52,3,1139,20471,161,100,3,0,0
2473,4,1,512,60,578,19,5,7,1,5,-66,10,1928,10789,162,100,1,1,1
2473,6,3,768,20,546,9,6,7,2,3,-70,6,3760,27913,142,100,2,0,0
2428,19,11,1664,80,172,17,3,7,0,6,-95,1,1294,12928,55,100,3,0,0
2470,15,12,1280,0,556,9,20,7,1,3,-70,3,782,9449,147,100,2,0,0
2475,1,0,256,0,26,0,0,4,0,0,0,10,863,10349,1932,100,1,0,0
2473,10,6,1024,20,539,15,7,7,1,6,-52,4,1105,9363,144,100,1,0,0
2474,9,8,1024,0,642,15,3,7,1,5,-52,0,1113,11907,154,100,3,0,0
2473,7,3,768,0,607,13,9,7,1,5,-52,6,1226,14804,159,0,2,1,1
2434,19,11,1664,90,174,17,3,7,0,6,-95,1,829,10031,55,100,2,0,0
2473,14,10,1280,30,534,20,11,7,1,7,-52,3,2534,24287,144,100,3,0,0
2446,19,11,1664,70,179,17,3,7,0,6,-95,1,1315,13378,56,100,4,0,0
2475,5,4,791,0,558,12,1,6,1,1,-52,0,594,14267,163,100,2,0,0
2476,2,6,1024,0,539,18,1,6,1,5,-52,3,450,7852,162,100,1,0,0
2455,19,16,1920,100,182,19,3,7,0,7,-70,1,2238,14199,56,100,3,0,0
2475,8,4,768,0,632,20,41,7,1,8,-52,9,2557,18530,152,100,3,0,0
2462,19,18,1920,80,184,21,3,7,0,8,-52,1,1045,9869,56,100,3,0,0
2478,12,8,1024,20,664,16,25,7,1,4,-52,8,3071,24550,152,100,3,0,0
2467,19,18,1920,80,186,21,3,7,0,8,-52,1,652,6673,56,100,1,0,0
2475,17,13,1536,0,600,10,279,7,1,2,-52,1,1968,18460,133,100,7,1,3
2480,3,1,512,0,547,10,8,7,2,1,-64,10,6154,41563,164,100,2,0,0
2479,10,6,1024,30,540,15,7,7,1,6,-52,4,2488,13789,145,100,1,0,0
2476,16,12,1280,0,560,12,286,7,1,3,-52,1,805,11878,145,100,5,1,3
2476,18,14,1536,50,345,14,5,5,1,3,-52,2,2430,12366,146,100,2,0,0
2475,15,12,1280,0,558,9,20,7,1,3,-70,3,634,6435,148,100,2,0,0
2479,11,7,1024,0,598,15,41,7,1,5,-52,4,677,13282,150,100,3,0,0
2463,20,19,2176,10,464,24,18,7,1,8,-52,0,990,10982,91,100,3,0,0
2472,20,19,2176,0,467,24,18,7,1,8,-52,0,773,9134,91,100,3,0,0
2484,7,3,768,0,610,13,9,7,1,5,-52,6,1506,17796,160,100,1,1,1
2483,4,1,512,40,580,19,5,7,1,5,-66,10,3626,22955,163,100,2,1,1
2484,6,3,768,0,549,9,6,7,2,3,-70,6,5305,29805,142,100,2,0,0
2479,13,12,1280,0,696,18,6,7,1,5,-52,2,1855,16778,153,100,4,0,0
2479,21,17,1792,0,482,14,8,5,1,3,-52,0,724,9086,133,100,2,0,0
2485,3,1,512,0,548,10,8,7,2,1,-64,10,2379,15995,164,100,1,0,0
2483,9,8,1024,0,645,15,3,7,1,5,-52,0,674,10873,154,100,2,0,0
2474,19,18,1792,10,188,21,3,7,1,8,-52,1,2265,10781,57,100,3,0,0
2485,1,0,256,0,26,0,0,4,0,0,0,10,2479,26468,1946,100,2,0,0
2478,20,19,2176,0,471,24,18,7,1,8,-52,0,759,6137,92,100,3,0,0
2484,11,7,1024,20,601,15,41,7,1,5,-52,4,639,8732,150,100,2,0,0
2484,15,12,1280,10,563,9,21,7,1,3,-70,3,1180,10450,148,100,4,0,0
2485,12,8,1024,10,667,16,25,7,1,4,-52,8,2332,17786,153,100,3,0,0
2486,5,4,791,0,561,12,1,6,1,1,-52,0,682,14785,163,100,1,0,0
2482,14,10,1280,10,538,20,11,7,1,7,-52,3,3293,23095,144,100,3,0,0
2481,18,14,1536,0,345,14,5,5,1,3,-52,2,1245,8246,146,100,1,0,0
2485,17,13,1536,10,603,10,282,7,1,2,-52,1,1321,15927,134,100,7,1,3
2488,2,6,1024,0,544,18,1,6,1,5,-52,3,1185,19884,163,100,2,0,0
2491,6,3,814,60,550,9,6,7,2,3,-70,6,3627,20568,143,100,1,0,0
2486,19,18,1792,0,192,21,3,7,1,8,-52,1,1525,14692,57,100,4,0,0
2491,4,1,512,50,582,19,5,7,1,5,-66,10,3294,20531,163,100,1,1,1
2489,8,4,768,50,634,20,41,7,1,8,-52,9,3257,24177,153,100,3,0,0
2489,14,10,1280,0,541,20,11,7,1,7,-52,3,1580,15504,145,100,3,0,0
2490,10,6,1024,0,542,15,7,7,1,6,-52,4,3433,20727,146,100,2,0,0
2494,1,0,256,0,26,0,0,4,0,0,0,10,1776,20504,1957,100,1,0,0
2488,15,12,1280,10,565,9,21,7,1,3,-70,3,605,5510,149,100,2,0,0
2494,7,3,768,10,613,13,9,7,1,5,-52,6,1340,18939,160,100,2,1,1
2491,18,14,1536,0,350,14,5,5,1,3,-52,2,1791,15252,147,100,2,0,0
2493,11,7,1024,0,603,15,41,7,1,5,-52,4,1061,16241,150,100,3,0,0
2485,21,17,1792,0,484,14,8,5,1,3,-52,0,664,9373,134,100,2,0,0
2491,9,8,1024,0,648,15,3,7,1,5,-52,0,885,9721,155,100,3,0,0
2495,19,18,1792,0,194,21,3,7,1,8,-52,1,969,11648,58,100,2,0,0
2494,5,4,791,10,562,12,1,6,1,1,-52,0,569,12530,164,100,2,0,0
2497,3,1,512,0,550,10,8,7,2,1,-64,10,6597,46165,165,100,2,0,0
2494,13,12,1280,0,701,18,6,7,1,5,-52,2,1238,10494,154,100,2,0,0
2494,15,12,1280,0,566,9,21,7,1,3,-70,3,501,7267,149,100,2,0,0
2496,16,12,1280,0,567,12,291,7,1,3,-52,1,856,11977,146,100,8,1,3
2497,2,6,1024,10,546,18,1,6,1,5,-52,3,713,16242,163,100,2,0,0
2497,14,10,1280,0,544,20,11,7,1,7,-52,3,1534,18444,145,100,1,0,0
2498,8,4,768,30,636,20,42,7,1,8,-52,9,3098,25933,153,100,2,0,0
2497,7,3,768,10,614,13,9,7,1,5,-52,6,896,8890,161,100,1,1,1
2499,6,3,768,0,552,9,6,7,1,3,-70,6,3262,22097,143,100,2,0,0
2499,4,1,512,20,583,19,5,7,1,5,-66,10,3150,19006,164,100,2,1,1
2498,13,12,1280,10,703,18,6,7,1,5,-52,2,865,8178,154,100,2,0,0
2495,17,13,1536,0,606,10,285,7,1,2,-52,1,1727,17112,134,100,6,1,3
2501,1,0,256,0,26,0,0,4,0,0,0,10,1268,16635,1961,100,1,0,0
2501,10,6,1024,0,544,15,7,7,1,6,-52,4,1804,17523,146,100,2,0,0
2499,12,8,1024,0,669,16,26,7,1,4,-52,8,2362,19973,154,100,5,0,0
2484,20,21,2176,10,475,25,18,7,0,9,-52,0,1260,8706,92,100,2,0,0
2501,3,1,512,0,554,10,8,7,2,1,-64,10,2490,18579,165,100,2,0,0
2500,19,18,1792,0,195,21,3,7,1,8,-52,1,632,8090,58,100,1,0,0
2496,21,17,1792,10,487,14,8,5,1,3,-52,0,1031,17013,134,100,4,0,0
2499,9,8,1024,0,653,15,3,7,1,5,-52,0,1365,12720,155,100,2,0,0
2502,18,14,1536,0,352,14,5,5,1,3,-52,2,1503,13936,148,100,2,0,0
2503,4,1,512,30,585,19,5,7,1,5,-66,10,1928,10814,164,100,2,1,1
2505,11,7,1024,0,606,15,41,7,1,5,-52,4,853,20180,151,100,3,0,0
2502,5,4,791,0,564,12,1,6,1,1,-52,0,639,11807,164,100,3,0,0
2503,8,4,768,40,640,20,42,7,1,8,-52,9,2291,16090,154,100,2,0,0
2505,6,3,768,30,553,9,6,7,1,3,-70,6,2147,16838,144,100,2,0,0
2502,15,12,1280,0,568,9,21,7,1,3,-70,3,709,10384,149,100,2,0,0
2505,7,3,768,10,616,13,9,7,1,5,-52,6,1057,14757,161,100,2,1,1
2489,20,21,2176,50,477,26,18,7,0,9,-52,0,555,4702,92,100,1,0,0
2506,5,4,791,0,566,12,1,6,1,1,-52,0,593,7314,165,100,0,0,0
2508,1,0,256,0,26,0,0,4,0,0,0,10,1935,17951,1972,100,2,0,0
2505,2,6,1024,10,548,18,1,6,1,5,-52,3,736,14698,164,100,1,0,0
2507,14,10,1280,0,546,20,11,7,1,7,-52,3,1430,18342,146,100,2,0,0
2507,10,6,1024,20,546,15,7,7,1,6,-52,4,1534,11817,147,100,1,0,0
2503,16,12,1280,0,571,12,293,7,1,3,-52,1,896,9471,147,100,4,1,3
2509,3,1,512,10,557,10,8,7,2,1,-64,10,3382,26051,166,100,2,0,0
2505,19,18,1792,0,196,21,3,7,1,8,-52,1,481,6561,59,100,1,0,0
2509,18,14,1536,0,355,14,5,5,1,3,-52,2,1221,10163,148,100,2,0,0
2505,9,8,1024,0,655,15,3,7,1,5,-52,0,672,8137,156,100,3,0,0
2511,7,3,768,0,618,13,9,7,1,5,-52,6,982,12021,162,100,2,1,1
2512,10,6,1024,20,548,15,7,7,1,6,-52,4,1013,8653,147,100,1,0,0
2506,12,8,1024,50,673,16,26,7,1,4,-52,8,3254,22785,154,100,2,0,0
2512,14,10,1280,0,549,20,11,7,1,7,-52,3,1192,11261,146,100,2,0,0
2514,4,1,512,70,589,19,5,7,1,5,-66,10,4564,27665,165,100,3,1,1
2509,19,18,1792,10,198,21,3,7,1,8,-52,1,470,5284,59,100,2,0,0
2514,11,7,1024,0,609,16,41,7,1,5,-52,4,884,18431,152,100,3,0,0
2506,16,12,1280,0,573,12,294,7,1,3,-52,1,555,6390,147,100,2,1,3
2514,8,4,768,50,642,20,43,7,1,8,-52,8,4440,31349,154,100,3,0,0
2508,13,12,1280,0,710,18,6,7,1,5,-52,2,3319,23741,155,100,3,0,0
2514,5,4,768,0,568,12,1,6,1,1,-52,0,691,12688,165,100,3,0,0
2516,6,3,768,50,555,9,6,7,1,3,-70,6,3799,27603,144,100,3,0,0
2506,15,12,1280,0,569,9,21,7,1,3,-70,3,546,7065,150,100,1,0,0
2506,20,21,2048,0,484,26,18,7,1,9,-52,0,836,11058,94,100,2,0,0
2513,2,6,1024,0,552,18,1,6,1,5,-52,3,860,14789,164,100,2,0,0
2513,18,14,1536,10,358,14,5,5,1,3,-52,2,845,5929,148,100,1,0,0
2513,12,8,1024,70,678,16,26,7,1,4,-52,6,3092,18348,155,100,2,0,0
2517,7,3,768,10,618,13,9,7,1,5,-52,6,713,10155,162,100,2,1,1
2511,15,12,1280,0,569,9,21,7,1,3,-70,1,759,7181,150,100,1,0,0
2512,17,13,1536,0,611,10,288,7,1,2,-52,1,1570,16668,135,100,4,1,3
2514,19,18,1792,0,198,21,3,7,1,8,-52,1,405,5891,59,100,1,0,0
2520,1,0,256,0,26,0,0,4,0,0,0,10,2500,28325,1984,100,2,0,0
2513,21,17,1792,0,494,14,8,5,1,3,-52,0,1166,15651,135,100,3,0,0
2519,3,1,512,10,562,10,8,7,2,1,-64,10,4708,33604,167,100,2,0,0
2514,13,12,1280,0,712,18,6,7,1,5,-52,2,1276,11920,155,100,2,0,0
2519,12,8,1024,60,681,16,27,7,1,4,-52,6,2669,16870,155,100,3,0,0
2515,15,12,1280,10,571,9,21,7,1,3,-70,1,471,5681,150,100,2,0,0
2522,11,7,1024,0,614,16,41,7,1,5,-52,4,865,14822,152,100,2,0,0
2516,16,12,1280,0,580,12,296,7,1,3,-52,1,772,6559,148,100,3,1,3
2520,10,6,1024,10,552,16,7,7,1,6,-52,4,2335,17429,148,100,2,0,0
2524,4,1,512,30,590,19,5,7,1,5,-66,10,4414,25511,166,100,2,1,1
2523,14,10,1280,0,550,20,11,7,1,7,-52,3,1944,24777,147,100,2,0,0
2524,3,1,512,0,564,10,8,7,2,1,-64,10,2148,17072,167,100,2,0,0
2525,7,3,768,20,622,13,9,7,1,5,-52,6,1622,15688,163,100,2,1,1
2526,1,0,256,0,26,0,0,4,0,0,0,10,1613,16518,1998,100,1,0,0
2520,17,13,1536,0,612,10,291,7,1,2,-52,1,1427,14121,136,100,5,1,3
2524,2,6,1024,0,554,18,1,6,1,5,-52,3,829,19276,165,100,2,0,0
2517,20,21,2048,10,489,26,18,7,1,9,-52,0,998,10723,94,100,5,0,0
2525,8,4,768,20,644,20,43,7,1,8,-52,8,5625,35562,155,100,4,0,0
2526,6,3,768,20,560,9,6,7,1,3,-70,6,3790,26557,145,100,3,0,0
2522,15,12,1280,0,573,9,21,7,1,3,-70,1,680,8326,151,100,2,0,0
2524,18,14,1536,0,358,14,5,5,1,3,-52,2,1319,14473,149,100,2,0,0
2526,19,18,1792,0,201,21,3,7,1,8,-52,1,1194,15832,60,100,3,0,0
2524,21,17,1792,0,500,14,8,5,1,3,-52,0,1880,19134,136,100,4,0,0
2528,10,6,1024,10,555,16,7,7,1,6,-52,4,1708,13199,148,100,3,0,0
2526,13,12,1280,0,718,18,6,7,1,5,-52,2,3071,25134,156,100,5,0,0
2527,9,8,1024,0,665,15,3,7,1,5,-52,0,745,9056,157,100,3,0,0
2526,16,12,1280,0,583,12,299,7,1,3,-52,1,913,11298,148,100,5,1,3
2529,12,8,1024,20,686,16,27,7,2,4,-52,6,4915,29445,156,100,4,0,0
2532,11,7,1024,0,617,16,41,7,1,5,-52,4,1062,17755,153,100,4,0,0
2530,5,4,768,0,572,12,1,6,1,1,-52,0,721,11568,166,100,3,0,0
2529,17,13,1536,0,618,10,293,7,1,2,-52,1,2195,15463,136,100,4,1,3
2533,7,3,768,0,625,13,9,7,1,5,-52,6,1219,14316,163,100,3,1,1
2534,3,1,512,30,567,10,8,7,2,1,-64,10,4619,34316,167,100,2,0,0
2530,13,12,1280,0,720,18,6,7,1,5,-52,2,1191,12124,157,100,1,0,0
2536,4,1,512,60,593,19,5,7,1,5,-66,10,4529,28403,166,100,3,1,1
2534,14,10,1280,0,554,21,11,7,1,7,-52,3,1999,25400,148,100,3,0,0
2537,6,3,768,30,561,9,6,7,1,3,-70,6,3063,26286,146,100,2,0,0
2538,1,0,256,0,26,0,0,4,0,0,0,10,2430,27343,2011,100,2,0,0
2532,19,18,1792,0,203,21,3,7,1,8,-52,1,605,7400,60,100,2,0,0
2537,7,3,768,0,627,13,9,7,1,5,-52,6,491,6510,163,100,0,1,1
2536,2,6,1024,0,556,18,1,6,1,5,-52,3,911,20794,166,100,2,0,0
2537,11,7,1024,0,619,16,41,7,1,5,-52,4,521,9515,153,100,2,0,0
2532,21,17,1792,0,503,14,8,5,1,3,-52,0,1007,12567,137,100,2,0,0
2535,16,12,1280,0,586,12,301,7,1,3,-52,1,969,12831,149,100,5,1,3
2536,18,14,1536,0,364,14,5,5,1,3,-52,2,2148,19592,150,100,4,0,0
2535,20,21,2048,0,494,26,18,7,1,9,-52,0,672,11434,95,100,3,0,0
2536,21,17,1792,0,506,14,8,5,1,3,-52,0,1068,7325,137,100,1,0,0
2540,4,1,512,60,593,19,5,7,1,5,-66,10,2101,11749,167,100,1,1,1
2540,10,6,1024,10,558,16,7,7,1,6,-52,4,3005,23074,149,100,2,0,0
2537,17,13,1536,30,623,10,295,7,1,2,-52,1,1858,15050,137,100,6,1,3
2541,3,1,512,0,568,10,8,7,2,1,-64,10,3066,22639,168,100,1,0,0
2540,12,8,1024,0,689,16,27,7,2,4,-52,6,3779,26702,157,100,3,0,0
2543,6,3,768,30,562,9,6,7,1,3,-70,5,2119,15858,146,100,1,0,0
2541,19,18,1792,0,207,21,3,7,1,8,-52,1,912,10866,61,100,3,0,0
2545,4,1,512,60,595,19,5,7,1,5,-66,10,1837,10713,167,100,1,1,1
2539,20,21,2048,10,498,26,18,7,1,9,-52,0,742,6149,96,100,2,0,0
2543,8,4,768,10,653,20,43,7,1,8,-52,8,3945,30276,156,100,3,0,0
2546,7,3,768,0,631,13,9,7,1,5,-52,6,1324,14359,164,100,3,1,1
2543,18,14,1536,0,366,15,5,5,1,3,-52,1,1038,12188,150,100,1,0,0
2544,5,4,768,0,580,12,1,6,1,1,-52,0,501,6699,167,100,1,0,0
2541,16,12,1280,0,588,12,303,7,1,3,-52,1,674,9274,150,100,5,1,3
2547,1,0,256,0,26,0,0,4,0,0,0,9,1555,21666,2019,100,2,0,0
2544,13,12,1280,30,727,18,6,7,1,5,-52,2,2918,25150,157,100,4,0,0
2548,11,7,1024,0,625,16,41,7,1,5,-52,4,1439,19912,154,100,4,0,0
2542,21,17,1792,0,510,14,8,5,1,3,-52,0,1410,10833,137,100,3,0,0
2546,14,10,1280,0,558,21,11,7,1,7,-52,2,2427,25843,148,100,3,0,0
2546,12,8,1024,0,691,16,28,7,2,4,-52,6,2242,15364,157,100,3,0,0
2545,20,21,2048,10,500,26,18,7,1,9,-52,0,710,7103,96,100,2,0,0
2550,5,4,768,0,583,12,1,6,1,1,-52,0,478,6623,167,100,1,0,0
2550,3,1,512,10,571,10,8,7,2,1,-64,9,2851,25885,168,100,2,0,0
2546,10,6,1024,10,560,16,7,7,1,6,-52,3,1488,11841,149,100,1,0,0
2547,2,6,1024,10,561,18,1,6,1,5,-52,3,1121,19848,166,100,2,0,0
2548,19,18,1792,0,210,21,3,7,1,8,-52,0,950,12038,61,100,1,0,0
2552,7,3,768,0,633,13,9,7,1,5,-52,6,1179,9915,164,100,1,1,1
2548,21,17,1792,0,513,14,8,5,1,3,-52,0,1198,9716,138,100,2,0,0
2550,15,12,1280,10,588,9,21,7,1,3,-70,1,893,10356,152,100,3,0,0
2552,16,12,1280,0,590,12,305,7,1,3,-52,1,764,11264,150,100,6,1,3
2555,1,0,256,0,26,0,0,4,0,0,0,9,1921,18691,2030,100,1,0,0
2552,18,14,1536,0,371,15,5,5,1,3,-52,1,1770,14551,151,100,3,0,0
2554,8,4,768,70,660,20,43,7,1,8,-52,8,2734,19496,157,100,3,0,0
2555,6,3,768,40,566,9,6,7,1,3,-70,5,4082,29924,147,100,2,0,0
2553,14,10,1280,0,559,21,11,7,1,7,-52,2,1291,15903,149,100,3,0,0
2553,12,8,1024,0,695,16,29,7,2,4,-52,6,2938,20439,158,100,4,0,0
2556,4,1,512,40,598,19,5,7,1,5,-66,10,5217,29614,168,100,3,1,1
2554,19,18,1792,20,212,21,3,7,1,8,-52,0,583,8483,62,100,2,0,0
2553,13,12,1280,0,728,18,6,7,1,5,-52,2,1760,19454,158,100,3,0,0
2554,2,6,1024,0,562,18,1,6,1,5,-52,3,541,12326,167,100,1,0,0
2553,17,13,1536,10,627,10,299,7,1,2,-52,1,1174,10090,138,100,4,1,3
2557,11,7,1024,0,628,16,41,7,1,5,-52,4,781,15446,155,100,3,0,0
2556,10,6,1024,0,562,16,7,7,1,6,-52,3,2132,17717,150,100,3,0,0
2558,7,3,768,0,634,13,9,7,1,5,-52,6,959,9949,165,100,2,1,1
2557,5,4,768,0,586,12,1,6,1,1,-52,0,782,12337,168,100,2,0,0
2559,14,10,1280,0,562,21,11,7,1,7,-52,2,913,11482,149,100,2,0,0
2553,20,21,2048,20,503,26,18,7,1,9,-52,0,772,9915,97,100,3,0,0
2560,1,0,256,0,26,0,0,4,0,0,0,9,929,11548,2032,100,1,0,0
2557,17,13,1536,0,628,10,300,7,1,2,-52,1,1022,7505,138,100,3,1,3
2560,3,1,512,0,574,10,8,7,2,1,-64,9,4666,34064,169,100,1,0,0
2557,12,8,1024,0,697,16,30,7,2,4,-52,6,2293,13382,158,100,3,0,0
2560,8,4,768,40,661,20,43,7,1,8,-52,8,2377,16858,158,100,1,0,0
2558,21,17,1792,0,518,14,8,5,1,3,-52,0,1187,9151,138,100,2,0,0
2558,9,8,1024,10,676,15,3,7,1,5,-52,0,683,6577,159,100,2,0,0
2560,13,12,1280,0,730,18,6,7,1,5,-52,2,1634,13403,158,100,2,0,0
2563,6,3,768,20,569,9,6,7,1,3,-70,5,2797,20203,148,100,2,0,0
2563,2,3,802,0,564,19,1,6,1,6,-52,3,928,15913,167,100,2,0,0
2562,18,14,1536,0,371,15,5,5,1,3,-52,1,926,15261,152,100,2,0,0
2563,4,1,512,70,601,19,5,7,1,5,-66,10,3872,20692,168,100,3,1,1
2566,11,7,1024,0,632,16,41,7,1,5,-52,4,782,15576,155,100,2,0,0
2565,5,4,768,0,587,12,1,6,1,1,-52,0,579,11769,169,100,1,0,0
2566,7,3,768,0,639,13,9,7,1,5,-52,6,1552,15198,165,100,3,1,1
2565,15,12,1280,0,596,9,21,7,1,3,-70,1,980,7025,154,100,2,0,0
2566,17,13,1536,0,630,10,302,7,1,2,-52,1,1407,13607,139,100,4,1,3
2566,13,12,1280,0,734,18,6,7,1,5,-52,2,1661,12888,159,100,2,0,0
2568,1,0,256,0,26,0,0,4,0,0,0,10,1904,20927,2043,100,2,0,0
2564,10,6,1024,0,563,16,7,7,1,6,-52,3,1562,13251,151,100,2,0,0
2565,19,18,1792,0,217,21,3,7,1,8,-52,0,1391,17644,63,100,4,0,0
2568,18,14,1536,0,372,15,5,5,1,3,-52,1,919,9578,152,100,1,0,0
2570,12,8,1024,0,700,16,30,7,2,4,-52,6,4013,29780,159,100,3,0,0
2572,3,1,512,0,575,10,8,7,2,1,-64,10,4595,37634,170,100,3,0,0
2570,14,10,1280,0,565,21,11,7,1,7,-52,2,2003,23863,150,100,4,0,0
2570,10,6,1024,0,564,16,7,7,1,6,-52,3,1146,10949,151,100,1,0,0
2572,4,1,512,50,606,19,5,7,1,5,-66,10,3205,20016,169,100,1,1,1
2569,21,17,1792,0,520,14,8,5,1,3,-52,0,1226,16265,139,100,3,0,0
2572,2,3,768,0,565,20,1,6,1,6,-52,3,702,15575,167,100,3,0,0
2570,9,8,1024,0,681,15,3,7,1,5,-52,0,1112,14403,160,100,3,0,0
2572,7,3,768,0,640,13,9,7,1,5,-52,6,789,9793,166,100,1,1,1
2574,1,0,256,0,26,0,0,4,0,0,0,10,837,12036,2047,100,1,0,0
2573,6,3,768,0,571,9,6,7,1,3,-70,5,2942,25804,148,100,1,0,0
2574,19,18,1792,10,223,21,3,7,1,8,-52,0,1176,15350,63,100,3,0,0
2571,15,12,1280,10,601,9,21,7,1,3,-70,1,1052,7660,154,100,2,0,0
2575,18,14,1536,0,373,15,5,5,1,3,-52,1,879,12344,153,100,1,0,0
2576,11,7,1024,10,635,16,41,7,1,5,-52,4,804,17077,156,100,3,0,0
2571,17,13,1536,0,631,10,303,7,1,2,-52,1,891,8886,139,100,3,1,3
2577,3,1,512,0,575,10,8,7,2,1,-64,10,2577,18299,170,100,1,0,0
2574,12,8,1024,0,702,16,30,7,2,4,-52,6,1940,12034,159,100,2,0,0
2576,14,10,1280,0,567,21,11,7,1,7,-52,2,1204,16534,151,100,2,0,0
2579,4,1,512,70,608,19,5,7,1,5,-66,10,2257,15089,169,100,2,1,1
2578,8,4,768,40,668,20,43,7,1,8,-52,8,2482,20286,159,100,1,0,0
2578,10,6,1024,10,567,16,7,7,1,6,-52,3,1726,14623,151,100,2,0,0
2579,7,3,768,0,643,13,9,7,1,5,-52,6,975,10742,166,100,2,1,1
2579,2,3,768,0,568,20,1,6,1,6,-52,3,708,13816,168,100,2,0,0
2575,21,17,1792,0,523,14,8,5,1,3,-52,0,1294,10580,139,100,2,0,0
2578,17,13,1536,10,633,10,305,7,1,2,-52,1,1416,11100,140,100,4,1,3
2579,19,18,1792,10,225,21,3,7,1,8,-52,0,609,7781,64,100,2,0,0
2585,1,0,256,0,26,0,0,4,0,0,0,10,2640,26486,2063,100,2,0,0
2584,6,3,768,20,575,9,6,7,1,3,-70,5,3686,28320,149,100,3,0,0
2580,18,14,1536,0,373,15,5,5,1,3,-52,1,674,10399,153,100,1,0,0
2585,4,1,512,20,610,19,5,7,1,5,-66,10,2832,16481,170,35,2,1,1
2585,7,3,768,0,644,13,9,7,1,5,-52,6,769,10579,167,100,1,1,1
2584,5,4,768,0,592,12,1,6,1,1,-52,0,841,11575,170,100,2,0,0
2585,10,6,1024,20,573,16,7,7,1,6,-52,3,1747,13836,152,100,2,0,0
2585,18,14,1536,0,374,15,5,5,1,3,-52,1,427,6547,153,100,1,0,0
2587,11,7,1024,20,639,16,41,7,1,5,-52,4,943,20786,157,100,4,0,0
2587,19,18,1792,0,226,21,3,7,1,8,-52,0,461,11598,64,100,2,0,0
2589,3,1,512,20,577,10,8,7,2,1,-64,10,5816,38575,171,100,2,0,0
2586,2,3,768,20,571,20,1,6,1,6,-52,3,707,12653,168,100,1,0,0
2589,12,8,1024,0,707,16,31,7,2,4,-52,6,1245,10940,160,100,1,0,0
2588,14,10,1280,20,575,21,11,7,1,7,-52,2,2478,25995,151,100,4,0,0
2591,1,0,256,0,26,0,0,4,0,0,0,10,925,13840,2065,100,1,0,0
2590,6,3,768,10,577,9,6,7,1,3,-70,5,1736,14706,149,100,1,0,0
2592,11,7,1024,0,641,16,41,7,1,5,-52,4,748,9185,157,100,2,0,0
2591,9,8,1024,0,689,15,3,7,1,5,-52,0,1168,13093,161,100,4,0,0
2594,17,13,1536,0,639,10,309,7,1,2,-52,1,684,6949,141,100,2,1,3
2593,7,3,768,0,645,13,9,7,1,5,-52,6,1069,13205,167,100,2,1,1
2593,10,6,1024,0,574,16,7,7,1,6,-52,3,1487,13282,152,100,1,0,0
2593,5,4,768,10,595,12,1,6,1,1,-52,0,589,8344,170,100,1,0,0
2594,3,1,512,10,577,10,8,7,2,1,-64,10,2305,19036,171,100,1,0,0
2594,4,1,512,0,612,19,5,7,1,5,-66,10,3145,22400,170,32,3,1,1
2595,9,8,1024,0,690,15,3,7,1,5,-52,0,541,5811,162,100,2,0,0
2595,16,12,1280,10,608,12,315,7,1,3,-52,1,656,7131,153,100,3,1,3
2594,18,14,1536,20,379,15,5,5,1,3,-52,1,1481,13779,154,100,2,0,0
2596,11,7,1024,10,643,16,41,7,1,5,-52,4,450,8259,158,100,1,0,0
2595,14,10,1280,10,578,21,11,7,1,7,-52,2,1392,15151,152,100,1,0,0
2591,19,18,1792,10,229,21,3,7,1,8,-52,0,602,8322,64,100,2,0,0
2597,2,3,768,0,575,20,1,6,1,6,-52,3,1496,19834,169,100,4,0,0
2597,7,3,768,10,646,13,9,7,1,5,-52,6,661,6987,167,100,0,1,1
2596,13,12,1280,10,745,18,6,7,1,5,-52,2,2012,15997,161,100,3,0,0
2600,6,3,768,0,578,9,6,7,1,3,-70,5,2292,22670,150,100,2,0,0
2600,4,1,512,40,614,19,5,7,1,5,-66,10,2107,13903,171,63,1,1,1
2597,15,12,1280,0,611,9,21,7,1,3,-70,1,445,7393,156,100,2,0,0
2599,10,6,1024,10,576,16,7,7,1,6,-52,3,1439,11073,153,100,2,0,0
2603,1,0,256,0,26,0,0,4,0,0,0,10,2636,28072,2079,100,2,0,0
2601,12,8,1024,0,713,16,31,7,2,4,-52,6,4315,29795,161,100,4,0,0
2601,19,18,1792,10,233,21,3,7,1,8,-52,0,904,14460,65,100,4,0,0
2602,8,4,768,10,677,20,43,7,1,8,-52,8,2931,23777,161,100,1,0,0
2604,4,1,512,10,615,19,5,7,1,5,-66,10,1467,10094,171,22,1,1,1
2604,18,14,1536,10,384,15,5,5,1,3,-52,1,1842,17079,155,100,1,0,0
2604,7,3,768,0,648,13,9,7,1,5,-52,6,975,11160,168,100,2,1,1
2605,11,7,1024,0,647,16,41,7,1,5,-52,4,1075,16745,158,100,4,0,0
2606,3,1,512,0,579,10,8,7,2,1,-64,10,5408,39203,172,100,2,0,0
2606,2,3,768,20,581,20,1,6,1,6,-52,3,845,14548,169,100,1,0,0
2605,6,3,768,30,580,9,6,7,1,3,-70,5,1498,12956,151,100,0,0,0
2604,20,21,2048,0,523,26,18,7,1,9,-52,0,521,9057,100,100,2,0,0
2606,14,10,1280,0,580,21,11,7,1,7,-52,2,1738,23757,153,100,4,0,0
2608,10,6,1024,10,576,16,7,7,1,6,-52,3,1442,14129,153,100,1,0,0
2610,18,14,1536,0,386,15,5,5,1,3,-52,1,969,9589,155,100,2,0,0
2612,7,3,768,0,648,13,9,7,1,5,-52,6,671,11467,168,100,1,1,1
2613,1,0,256,0,26,0,0,4,0,0,0,10,1872,23333,2090,100,2,0,0
2612,6,3,768,0,583,9,6,7,1,3,-70,5,2350,17169,151,100,2,0,0
2613,4,1,512,10,617,19,5,7,1,5,-66,10,2207,18559,172,21,3,1,1
2613,2,3,768,0,583,20,1,6,1,6,-52,3,795,13392,170,100,1,0,0
2611,19,18,1792,10,238,21,3,7,1,8,-52,0,1149,15296,66,100,3,0,0
2612,5,4,768,10,600,12,1,6,1,1,-52,0,612,14778,172,100,1,0,0
2613,14,10,1280,0,582,21,11,7,1,7,-52,2,1325,17663,153,100,3,0,0
2615,11,7,1024,10,651,16,41,7,1,5,-52,4,839,17393,159,100,2,0,0
2617,1,0,256,0,26,0,0,4,0,0,0,10,458,8503,2092,100,0,0,0
2614,13,12,1280,0,754,18,6,7,1,5,-52,2,1428,13112,162,100,2,0,0
2614,12,8,1024,0,717,16,32,7,2,4,-52,6,2527,16515,162,100,3,0,0
2618,3,1,512,0,579,10,8,7,2,1,-64,10,4670,37857,173,100,2,0,0
2618,7,3,768,0,651,13,9,7,1,5,-52,6,1217,10616,169,100,2,1,1
2617,15,12,1280,0,620,9,21,7,1,3,-70,1,551,7792,157,100,2,0,0
2617,8,4,768,0,681,20,43,7,1,8,-52,8,2021,16190,162,100,1,0,0
2617,10,6,1024,0,578,16,7,7,1,6,-52,3,1806,15312,154,100,2,0,0
2619,11,7,1024,0,653,16,41,7,1,5,-52,4,521,7755,159,100,2,0,0
2616,18,14,1536,0,386,15,5,5,1,3,-52,1,716,11924,155,100,1,0,0
2621,2,3,768,0,586,20,1,6,1,6,-52,3,721,13864,170,100,3,0,0
2619,9,8,1024,0,701,15,3,7,1,5,-52,0,629,8475,163,100,3,0,0
2624,4,1,542,10,622,19,5,7,1,5,-66,10,4012,25941,172,38,4,1,1
2622,15,12,1280,10,626,9,21,7,1,3,-70,1,1394,9972,157,100,3,0,0
2624,6,3,768,60,589,9,6,7,1,3,-70,4,3800,29277,152,100,2,0,0
2626,1,0,256,0,26,0,0,4,0,0,0,10,1689,21131,2100,100,2,0,0
2621,14,10,1280,0,583,21,11,7,1,7,-52,2,1020,15364,154,100,1,0,0
2623,10,6,1024,20,579,16,7,7,1,6,-52,3,1040,9588,154,100,2,0,0
2627,3,1,512,0,579,10,8,7,2,1,-64,10,4131,31555,174,100,2,0,0
2620,19,18,1792,20,245,21,3,7,1,8,-52,0,1339,14457,66,100,4,0,0
2624,11,7,1024,10,656,16,41,7,1,5,-52,4,771,9194,159,100,2,0,0
2621,18,14,1536,0,387,15,5,5,1,3,-52,1,750,9000,156,100,1,0,0
2628,8,4,768,0,681,20,43,7,1,8,-52,8,3710,34083,162,100,2,0,0
2629,7,3,768,30,656,13,9,7,1,5,-52,6,2191,18390,169,100,3,1,1
2625,19,18,1792,20,248,21,3,7,1,8,-52,0,1108,9607,67,100,2,0,0
2630,5,4,768,0,606,12,1,6,1,1,-52,0,377,6302,173,100,0,0,0
2631,6,3,768,20,590,9,6,7,1,3,-70,4,1978,15870,152,100,1,0,0
2632,2,3,768,0,590,20,1,6,1,6,-52,3,1073,18217,171,100,2,0,0
2631,10,6,1024,0,583,16,7,7,1,6,-52,3,1687,14534,155,100,2,0,0
2634,1,0,256,0,26,0,0,4,0,0,0,10,1246,17064,2106,100,1,0,0
2632,14,10,1280,0,586,21,11,7,1,7,-52,2,1684,21425,154,100,4,0,0
2635,4,1,512,20,624,19,5,7,1,5,-66,10,2695,23668,173,22,2,1,1
2635,11,7,1024,0,660,16,41,7,1,5,-52,4,1185,20231,160,100,3,0,0
2633,15,12,1280,10,630,9,21,7,1,3,-70,1,1093,14265,158,100,3,0,0
2633,13,12,1280,0,759,18,6,7,1,5,-52,2,997,8157,163,100,2,0,0
2636,6,3,768,60,592,9,6,7,1,3,-70,4,1449,11473,153,100,1,0,0
2632,18,14,1536,0,389,15,5,5,1,3,-52,1,1252,17717,156,100,2,0,0
2637,3,1,512,0,581,10,8,7,2,1,-64,10,4715,33799,174,100,2,0,0
2634,20,21,2048,0,533,26,18,7,1,9,-52,0,426,6392,102,100,2,0,0
2640,2,3,768,0,592,20,1,6,1,6,-52,3,548,12471,171,100,1,0,0
2636,19,18,1792,0,252,21,3,7,1,8,-52,0,1103,16413,67,100,2,0,0
2642,4,1,512,40,626,19,5,7,1,5,-66,10,1968,14777,174,58,2,1,1
2640,7,3,768,10,663,13,10,7,1,5,-52,6,2075,18970,170,100,4,1,1
2638,8,4,768,40,686,20,43,7,1,8,-52,8,3988,30539,163,100,4,0,0
2639,10,6,1024,10,585,16,7,7,1,6,-52,3,1593,14250,156,100,3,0,0
2637,18,14,1536,0,390,15,5,5,1,3,-52,1,837,8086,157,100,1,0,0
2644,1,0,256,0,26,0,0,4,0,0,0,10,2073,23132,2117,100,2,0,0
2643,11,7,1024,10,664,16,41,7,1,5,-52,4,882,13083,161,100,4,0,0
2641,14,10,1280,0,587,21,11,7,1,7,-52,2,1557,20742,155,100,2,0,0
2645,3,1,512,10,581,10,8,7,2,1,-64,10,3387,24049,175,100,1,0,0
2642,19,18,1792,0,254,21,3,7,1,8,-52,0,649,9415,68,100,3,0,0
2642,16,12,1280,0,626,12,328,7,1,3,-52,1,1423,13785,156,100,7,1,3
2642,15,12,1280,20,632,9,21,7,1,3,-70,1,461,5986,159,100,1,0,0
2645,13,12,1280,0,766,18,6,7,1,5,-52,2,2456,22957,164,100,4,0,0
2643,20,21,2048,0,538,26,18,7,1,9,-52,0,1103,12859,103,100,3,0,0
2646,6,3,768,0,593,9,6,7,1,3,-70,4,3078,25959,153,100,2,0,0
2647,7,3,768,0,665,13,10,7,1,5,-52,6,1266,12035,171,100,1,1,1
2648,4,1,512,20,628,19,5,7,1,5,-66,10,2880,17654,174,57,1,1,1
2648,2,3,768,0,593,20,1,6,1,6,-52,3,742,13386,172,100,1,0,0
2645,18,14,1536,0,390,15,5,5,1,3,-52,1,657,12151,157,100,1,0,0
2648,10,6,1024,10,588,16,7,7,1,6,-52,3,1584,15182,156,100,1,0,0
2649,14,10,1280,0,589,21,11,7,1,7,-52,2,1196,17129,155,100,2,0,0
2649,11,7,1024,0,666,16,41,7,1,5,-52,4,809,12755,161,100,2,0,0
2651,17,13,1536,0,664,10,323,7,1,2,-52,1,699,8236,145,100,2,1,3
2651,6,3,768,40,593,9,6,7,1,3,-70,4,1328,11927,154,100,1,0,0
2653,1,0,256,0,26,0,0,4,0,0,0,10,1562,20447,2126,100,2,0,0
2649,18,14,1536,0,391,15,5,5,1,3,-52,1,687,7362,158,100,1,0,0
2655,7,3,768,0,667,13,10,7,1,5,-52,6,769,10479,171,100,1,1,1
2657,3,1,512,0,583,10,9,7,2,1,-64,10,5230,38075,176,100,3,0,0
2653,9,8,1024,0,712,15,3,7,1,5,-52,0,1014,14510,166,100,5,0,0
2658,4,1,512,50,633,19,5,7,1,5,-66,10,3025,26292,175,42,4,1,1
2654,19,18,1792,0,258,21,3,7,1,8,-52,0,1152,18037,69,100,4,0,0
2658,1,0,256,0,26,0,0,4,0,0,0,10,1116,12576,2134,100,1,0,0
2652,16,12,1280,10,631,12,330,7,1,3,-52,1,1095,14097,157,100,6,1,3
2658,2,3,768,10,597,20,1,6,1,6,-52,3,1052,15954,173,100,3,0,0
2654,13,12,1280,0,770,18,6,7,1,5,-52,2,2129,22024,165,100,4,0,0
2659,6,3,768,0,595,9,6,7,1,3,-70,4,2068,18413,154,100,1,0,0
2656,12,8,1024,0,735,16,33,7,2,4,-52,6,2237,17549,165,100,3,0,0
2655,5,4,768,0,610,12,1,6,1,1,-52,0,878,17822,175,100,2,0,0
2659,10,6,1024,0,590,16,7,7,1,6,-52,3,1991,18880,157,100,4,0,0
2658,9,8,1024,0,715,15,3,7,1,5,-52,0,487,5849,166,100,0,0,0
2660,14,10,1280,0,594,21,11,7,1,7,-52,2,1879,23284,156,100,3,0,0
2659,18,14,1536,0,392,15,5,5,1,3,-52,1,1036,14970,158,100,2,0,0
2663,1,0,256,0,26,0,0,4,0,0,0,10,542,9096,2136,100,0,0,0
2660,19,18,1792,0,260,21,3,7,1,8,-52,0,496,8679,69,100,2,0,0
2663,7,3,768,10,669,13,10,7,1,5,-52,6,977,13261,172,0,2,1,1
2663,4,1,512,30,635,19,5,7,1,5,-66,10,2229,13919,175,42,1,1,1
2663,3,1,512,0,584,10,9,7,2,1,-64,10,2939,22907,176,100,1,0,0
2664,6,3,768,0,595,9,6,7,1,3,-70,4,1406,11565,154,100,1,0,0
2661,8,4,768,10,694,20,43,7,2,8,-52,8,2576,19409,164,100,1,0,0
2665,10,6,1024,0,593,16,7,7,1,6,-52,3,1432,10421,157,100,2,0,0
2668,4,1,512,60,638,19,5,7,1,5,-66,10,1610,11160,175,50,1,1,1
2669,7,3,768,0,671,13,10,7,1,5,-52,6,771,10091,172,0,1,1,1
2670,1,0,256,0,26,0,0,4,0,0,0,10,1300,16155,2141,100,2,0,0
2669,2,3,768,0,600,20,1,6,1,6,-52,3,940,17158,174,100,2,0,0
2665,18,14,1536,0,394,15,5,5,1,3,-52,1,960,9546,159,100,1,0,0
2665,8,4,768,10,695,20,43,7,2,8,-52,8,1739,14342,165,100,2,0,0
2668,14,10,1280,0,596,21,11,7,1,7,-52,2,1706,18224,157,100,4,0,0
2668,19,18,1792,0,264,21,3,7,1,8,-52,0,812,12370,70,100,2,0,0
2672,3,1,512,0,586,10,9,7,2,1,-64,10,3680,28523,177,100,2,0,0
2672,10,6,1024,0,594,16,7,7,1,6,-52,3,1609,11629,158,100,1,0,0
2672,14,10,1280,0,598,21,11,7,1,7,-52,2,589,8522,157,100,1,0,0
2667,17,13,1536,0,672,10,328,7,1,2,-52,1,2243,19754,146,100,7,1,3
2670,18,14,1536,0,395,15,5,5,1,3,-52,1,810,8871,159,100,1,0,0
2670,9,8,1024,10,720,15,3,7,1,5,-52,0,1130,13882,167,100,5,0,0
2676,1,0,256,0,26,0,0,4,0,0,0,10,1184,13989,2148,100,1,0,0
2676,6,3,768,0,596,9,6,7,1,3,-70,4,3064,28418,155,100,2,0,0
2671,15,12,1280,0,644,9,21,7,1,3,-70,1,889,8853,161,100,3,0,0
2675,12,8,1024,0,742,16,33,7,2,4,-52,6,4107,29450,166,100,4,0,0
2674,2,3,768,10,602,20,1,6,1,6,-52,3,420,7815,174,100,1,0,0
2676,13,12,1280,0,779,18,6,7,1,5,-52,2,1099,9911,166,100,2,0,0
2679,4,1,512,30,641,19,5,7,1,5,-66,10,3823,30361,176,34,2,1,1
2676,17,13,1536,0,676,10,330,7,1,2,-52,1,1604,14415,146,100,4,1,3
2679,3,1,512,0,589,10,9,7,2,1,-64,10,2193,20531,177,100,1,0,0
2678,9,8,1024,0,724,15,3,7,1,5,-52,0,782,9469,167,100,2,0,0
2680,7,3,768,10,675,13,10,7,1,5,-52,6,1232,17590,173,50,2,1,1
2680,10,6,1024,0,597,16,7,7,1,6,-52,3,1299,13792,158,100,2,0,0
2679,14,10,1280,10,602,21,11,7,1,7,-52,2,939,12965,157,100,3,0,0
2678,19,18,1792,10,271,21,3,7,1,8,-52,0,1241,15614,70,100,4,0,0
2686,4,1,512,10,642,19,5,7,1,5,-66,10,1538,15764,176,16,1,1,1
2684,2,3,768,0,605,20,1,6,1,6,-52,3,1152,14237,175,100,2,0,0
2682,15,12,1280,0,650,9,21,7,1,3,-70,1,1160,14467,162,100,5,0,0
2686,12,8,1024,0,749,16,33,7,2,4,-52,6,3432,26940,167,100,5,0,0
2687,1,0,256,0,26,0,0,4,0,0,0,10,1858,25150,2157,100,2,0,0
2687,7,3,768,0,676,13,10,7,1,5,-52,6,909,12043,173,0,1,1,1
2688,6,3,768,50,601,9,6,7,1,3,-70,4,2637,26159,156,100,2,0,0
2686,16,12,1280,10,643,12,337,7,1,3,-52,1,931,13562,159,100,7,1,3
2683,18,14,1536,0,398,15,5,5,1,3,-52,1,1537,17475,160,100,2,0,0
2691,3,1,512,10,593,10,9,7,2,1,-64,10,5142,36579,178,100,3,0,0
2687,10,6,1024,0,597,16,7,7,1,6,-52,3,1986,14948,159,100,1,0,0
2690,20,21,2048,0,559,26,18,7,1,9,-52,0,846,13965,106,100,4,0,0
2685,19,18,1792,0,274,21,3,7,1,8,-52,0,791,10973,71,100,2,0,0
2690,14,10,1280,0,607,21,11,7,1,7,-52,2,2440,26007,158,100,4,0,0
2692,7,3,768,0,677,13,10,7,1,5,-52,6,591,8645,174,0,1,1,1
2694,5,4,768,0,618,12,1,6,1,1,-52,0,653,12793,177,100,1,0,0
2692,13,12,1280,0,784,18,6,7,1,5,-52,2,894,9583,167,100,1,0,0
2692,18,14,1536,0,402,15,5,5,1,3,-52,1,1313,14178,160,100,1,0,0
2694,4,1,512,20,643,19,5,7,1,5,-66,10,2374,21500,177,64,1,1,1
2692,21,17,1792,0,571,14,8,5,1,3,-52,0,1642,18004,147,100,4,0,0
2696,2,3,768,0,608,20,1,6,1,6,-52,3,963,17352,175,100,2,0,0
2696,12,8,1024,10,753,16,33,7,2,4,-52,6,2601,21429,167,100,2,0,0
2696,8,4,768,10,707,20,43,7,2,8,-52,8,2612,20958,167,100,3,0,0
2696,7,3,768,0,679,13,10,7,1,5,-52,6,688,7501,174,100,1,1,1
2695,16,12,1280,0,644,12,339,7,1,3,-52,1,803,10799,160,100,4,1,3
2696,15,12,1280,0,653,9,21,7,1,3,-70,1,676,12725,162,100,2,0,0
2697,9,8,1024,10,730,15,3,7,1,5,-52,0,412,9706,168,100,2,0,0
2698,1,0,256,0,26,0,0,4,0,0,0,10,1747,24221,2163,100,2,0,0
2693,19,18,1792,0,279,21,3,7,1,8,-52,0,1255,9474,71,100,2,0,0
2699,6,3,768,50,606,9,6,7,1,3,-70,4,3016,27987,157,100,4,0,0
2696,20,21,2048,0,562,26,18,7,1,9,-52,0,628,7539,106,100,2,0,0
2702,3,1,512,10,600,10,9,7,2,1,-64,10,4989,37536,179,100,3,0,0
2695,14,10,1280,10,607,21,11,7,1,7,-52,2,757,10701,159,100,0,0,0
2698,10,6,1024,10,602,16,7,7,1,6,-52,3,2626,17918,160,100,4,0,0
2704,4,1,512,70,645,19,5,7,1,5,-66,10,3680,24899,178,100,2,1,1
2700,13,12,1280,30,788,18,6,7,1,5,-52,2,2052,16753,168,100,4,0,0
2696,21,17,1792,10,574,14,8,5,1,3,-52,0,820,6642,148,100,2,0,0
2703,8,4,768,10,708,20,43,7,2,8,-52,8,2812,23032,167,100,2,0,0
2698,18,14,1536,0,405,15,5,5,1,3,-52,1,1295,11364,161,100,2,0,0
2703,16,12,1280,0,647,12,340,7,1,3,-52,1,754,10077,160,100,4,1,3
2700,14,10,1280,0,610,21,11,7,1,7,-52,2,1251,11360,159,100,2,0,0
2701,21,17,1792,10,576,14,8,5,1,3,-52,0,777,7949,148,100,2,0,0
2706,2,3,768,0,612,20,1,6,1,6,-52,3,1263,15867,176,100,2,0,0
2704,5,4,768,0,618,12,1,6,1,1,-52,0,562,15397,178,100,2,0,0
2700,19,18,1792,10,280,21,3,7,1,8,-52,0,637,11940,72,100,3,0,0
2707,1,0,256,0,26,0,0,4,0,0,0,10,2069,23093,2178,100,1,0,0
2705,9,8,1024,10,732,15,3,7,1,5,-52,0,564,9318,169,100,3,0,0
2708,7,3,768,0,681,13,10,7,1,5,-52,6,1073,17169,175,50,2,1,1
2708,3,1,512,0,600,10,9,7,2,1,-64,10,2544,19707,179,100,1,0,0
2709,4,1,512,70,647,19,5,7,1,5,-66,10,2166,14513,178,100,1,1,1
2709,6,3,768,60,608,9,6,7,1,3,-70,4,3079,24187,157,100,2,0,0
2703,10,6,1024,0,604,16,7,7,1,6,-52,3,1912,11698,160,100,1,0,0
2707,16,12,1280,0,649,12,341,7,1,3,-52,1,558,5555,161,100,3,1,3
2705,18,14,1536,0,407,15,5,5,1,3,-52,1,851,10900,161,100,1,0,0
2706,21,17,1800,10,580,14,8,5,1,3,-52,0,994,7981,148,100,2,0,0
2705,20,21,2048,0,567,26,18,7,1,9,-52,0,1167,13639,107,100,4,0,0
2707,14,10,1280,0,612,21,11,7,1,7,-52,2,1434,14257,159,100,3,0,0
2706,19,18,1792,0,283,21,3,7,1,8,-52,0,628,9723,72,100,2,0,0
2707,13,12,1280,10,789,18,6,7,1,5,-52,2,1668,15258,168,100,3,0,0
2713,4,1,512,60,648,19,5,7,1,5,-66,10,1556,11887,178,100,1,1,1
2714,3,1,512,10,601,10,9,7,2,1,-64,10,2127,17980,179,100,2,0,0
2712,8,4,768,0,713,20,43,7,2,8,-52,8,3941,29190,168,100,3,0,0
2709,10,6,1024,0,606,16,7,7,1,6,-52,3,1164,10606,160,100,1,0,0
2711,21,17,1800,10,584,14,8,5,1,3,-52,0,1333,9225,149,100,2,0,0
2713,13,12,1280,0,792,18,6,7,1,5,-52,2,1272,11624,169,100,2,0,0
2713,9,8,1024,10,737,15,3,7,1,5,-52,0,964,12180,170,100,3,0,0
2715,19,18,1792,0,286,21,3,7,1,8,-52,0,755,12109,73,100,3,0,0
2717,2,3,768,0,614,20,1,6,1,6,-52,3,1071,16764,177,100,2,0,0
2716,18,14,1536,0,408,15,5,5,1,3,-52,1,1579,17027,162,100,2,0,0
2718,7,3,768,0,683,13,10,7,1,5,-52,6,1005,15860,175,0,2,1,1
2717,14,10,1280,0,615,21,11,7,1,7,-52,2,1805,22258,160,100,3,0,0
2716,5,4,768,0,620,12,1,6,1,1,-52,0,800,17224,179,100,2,0,0
2714,17,13,1536,0,689,10,339,7,1,2,-52,1,2130,19448,149,100,7,1,3
2719,1,0,256,0,26,0,0,4,0,0,0,10,2603,27697,2193,100,3,0,0
2717,12,8,1024,0,766,16,33,7,2,4,-52,6,1778,13319,169,100,2,0,0
2716,16,12,1280,10,652,12,343,7,1,3,-52,1,732,11850,161,100,4,1,3
2718,8,4,768,0,715,20,43,7,2,8,-52,8,2513,17895,168,100,2,0,0
2718,15,12,1280,0,663,9,21,7,1,3,-70,1,1235,14711,164,100,6,0,0
2714,20,21,2056,0,570,26,18,7,1,9,-52,0,1012,11677,107,100,3,0,0
2719,11,7,1024,10,701,16,42,7,1,5,-52,4,1483,20861,166,100,5,0,0
2721,6,3,768,0,612,9,6,7,1,3,-70,4,3399,27310,158,100,3,0,0
2721,4,1,512,60,648,19,5,7,1,5,-66,10,3400,22496,179,100,1,1,1
2718,21,17,1792,10,587,14,8,5,1,3,-52,0,1336,11671,149,100,2,0,0
2719,10,6,1024,0,610,16,7,7,1,6,-52,3,2245,17803,161,100,3,0,0
2721,16,12,1280,10,655,12,344,7,1,3,-52,1,610,5712,161,100,3,1,3
2723,3,1,522,0,601,10,9,7,2,1,-64,10,4225,29800,180,100,1,0,0
2720,17,13,1536,0,692,10,340,7,1,2,-52,1,1554,10374,149,100,3,1,3
2722,8,4,768,0,718,20,43,7,2,8,-52,8,2143,15221,169,100,2,0,0
2723,15,12,1280,0,663,9,21,7,1,3,-70,1,265,5154,164,100,1,0,0
2723,2,3,768,0,617,20,1,6,1,6,-52,3,607,9132,177,100,1,0,0
2722,18,14,1536,0,411,15,5,5,1,3,-52,1,774,9932,162,100,1,0,0
2723,12,8,1024,0,768,16,33,7,2,4,-52,6,2264,17013,169,100,2,0,0
2724,5,4,768,0,624,12,1,6,1,1,-52,0,983,13548,179,100,3,0,0
2725,13,12,1280,0,797,18,7,7,1,5,-52,2,2217,21277,169,100,4,0,0
2724,9,8,1024,10,738,15,3,7,1,5,-52,0,286,6610,170,100,1,0,0
2726,17,13,1536,20,695,10,341,7,1,2,-52,1,666,6811,150,100,3,1,3
2727,1,0,256,0,26,0,0,4,0,0,0,10,1735,21694,2201,100,1,0,0
2727,7,3,768,0,686,13,10,7,1,5,-52,6,1120,15099,176,100,1,1,1
2728,12,8,1024,20,771,16,33,7,2,4,-52,6,1885,15163,169,100,2,0,0
2729,15,12,1280,0,665,9,21,7,1,3,-70,1,551,7111,165,100,2,0,0
2726,21,17,1792,10,588,14,8,5,1,3,-52,0,774,11937,150,100,2,0,0
2729,3,1,512,0,602,10,9,7,2,1,-64,10,2144,22274,180,100,1,0,0
2724,20,21,2048,0,575,26,18,7,1,9,-52,0,1158,12546,108,100,4,0,0
2731,4,1,512,20,654,19,5,7,2,5,-66,10,5602,28716,179,100,4,1,1
2726,19,18,1792,0,289,21,3,7,1,8,-52,0,747,15454,73,100,3,0,0
2729,16,12,1280,0,658,12,347,7,1,3,-52,1,890,11376,162,100,6,1,3
2731,8,4,768,20,720,20,43,7,2,8,-52,8,3504,27815,169,100,2,0,0
2730,17,13,1536,0,695,10,342,7,1,2,-52,1,978,7217,150,100,2,1,3
2731,9,8,1024,0,744,15,3,7,1,5,-52,0,986,9309,171,100,4,0,0
2732,1,0,256,0,26,0,0,4,0,0,0,10,1264,12912,2209,100,1,0,0
2731,5,4,768,10,626,12,1,6,1,1,-52,0,633,11864,180,100,2,0,0
2732,21,17,1792,10,592,14,8,5,1,3,-52,0,1038,9469,150,100,2,0,0
2733,3,1,527,70,603,10,9,7,2,1,-64,10,2279,14198,181,100,1,0,0
2734,13,12,1280,10,802,18,7,7,1,5,-52,2,2642,20091,170,100,3,0,0
2734,17,13,1536,0,697,10,343,7,1,2,-52,1,909,7921,150,100,2,1,3
2736,15,12,1280,20,667,9,21,7,1,3,-70,1,602,8614,165,100,2,0,0
2736,12,8,1024,10,773,16,33,7,2,4,-52,6,2747,18029,170,100,2,0,0
2734,20,21,2048,0,578,26,18,7,1,9,-52,0,807,11555,109,100,2,0,0
2736,9,8,1024,10,746,15,3,7,1,5,-52,0,600,6308,171,100,2,0,0
2740,8,4,768,0,722,20,43,7,2,8,-52,8,3483,27271,170,100,4,0,0
2741,4,1,512,20,654,19,5,7,2,5,-66,10,4000,28397,180,100,1,1,1
2742,1,0,256,0,26,0,0,4,0,0,0,10,1288,23844,2214,100,2,0,0
2741,12,8,1024,10,775,16,33,7,2,4,-52,6,1486,11634,170,100,2,0,0
2740,16,12,1280,0,662,12,349,7,1,3,-52,1,1019,13617,163,100,6,1,3
2743,2,1,592,10,624,21,1,6,1,7,-88,3,1166,18131,178,100,3,0,0
2741,17,13,1536,10,698,10,344,7,1,2,-52,1,1153,11624,151,100,4,1,3
2743,5,4,768,0,627,12,1,6,1,1,-52,0,699,17135,181,100,2,0,0
2741,20,21,2048,0,582,26,18,7,1,9,-52,0,1010,9077,109,100,2,0,0
2745,9,8,1024,0,749,15,3,7,1,5,-52,0,772,9936,171,100,1,0,0
2744,21,17,1792,0,597,14,8,5,1,3,-52,0,1943,18526,151,100,3,0,0
2745,13,12,1280,0,805,18,7,7,1,5,-52,2,2195,21243,171,100,3,0,0
2746,1,0,256,0,26,0,0,4,0,0,0,10,1170,12866,2220,100,1,0,0
2746,15,12,1280,0,673,9,21,7,1,3,-70,1,1132,13745,166,100,4,0,0
2747,12,8,1024,0,778,16,33,7,2,4,-52,6,3057,17903,171,100,2,0,0
2747,4,1,512,0,657,19,5,7,2,5,-66,10,4433,20617,180,100,3,1,1
2747,16,12,1280,0,666,12,352,7,1,3,-52,1,943,8958,163,100,5,1,3
2748,5,4,768,0,631,12,1,6,1,1,-52,0,759,8936,181,100,2,0,0
2750,8,4,768,0,724,20,43,7,1,8,-52,8,4712,34581,170,100,3,0,0
2750,13,12,1280,0,807,18,7,7,1,5,-52,2,900,10165,171,100,2,0,0
2750,21,17,1792,0,597,14,8,5,1,3,-52,0,649,9064,151,100,2,0,0
2743,7,3,1152,0,689,14,10,7,1,5,-52,6,1195,13047,177,100,1,1,1
2749,6,2,1024,70,617,11,6,7,1,4,-52,5,2426,16987,160,100,3,0,0
2750,17,13,1536,10,700,10,346,7,1,2,-52,1,1528,14777,151,100,4,1,3
2742,19,18,2176,0,296,21,3,7,1,8,-52,0,1168,17213,75,100,5,0,0
2752,12,8,1024,0,781,16,33,7,2,4,-52,6,1962,12255,171,100,2,0,0
2746,11,6,1024,20,709,18,42,7,1,6,-70,4,656,11588,167,100,2,0,0
2752,9,8,1024,0,753,15,3,7,1,5,-52,0,781,9400,172,100,3,0,0
2753,2,1,512,60,628,22,1,6,3,7,-88,8,5519,28343,178,100,2,0,0
2748,10,6,1408,0,620,17,7,7,1,6,-52,3,1088,10680,163,100,1,0,0
2752,20,21,2048,10,587,26,18,7,1,9,-52,0,1203,12402,110,100,4,0,0
2749,18,14,1920,0,417,16,5,5,1,3,-52,1,1390,13284,164,100,2,0,0
2750,11,6,1024,0,712,18,42,7,1,6,-70,4,1204,10518,168,100,2,0,0
2754,15,12,1280,0,677,9,21,7,1,3,-70,1,1152,10717,166,100,2,0,0
2750,14,10,1664,20,625,22,11,7,1,7,-52,2,2734,25968,162,100,2,0,0
2749,19,18,2176,0,300,22,3,7,1,8,-52,0,1021,11365,75,100,2,0,0
2753,3,2,796,0,611,14,9,7,1,2,-52,10,2255,25006,181,100,3,0,0
2755,5,4,768,0,632,12,1,6,1,1,-52,0,391,8901,181,100,1,0,0
2755,16,12,1280,0,671,12,353,7,1,3,-52,1,992,10828,164,100,4,1,3
2756,1,0,256,0,26,0,0,4,0,0,0,10,2057,30087,2227,100,1,0,0
2755,6,2,1024,20,621,11,6,7,1,4,-52,5,2207,14788,160,100,3,0,0
2757,8,4,768,10,728,20,43,7,1,8,-52,8,2757,19507,171,100,2,0,0
2755,11,6,1280,0,712,18,42,7,1,6,-70,4,313,9334,168,100,1,0,0
2757,13,12,1280,10,812,18,7,7,1,5,-52,2,1603,13664,172,100,3,0,0
2759,4,1,512,30,661,19,5,7,2,5,-66,10,5883,31041,181,100,2,1,1
2760,9,8,1024,0,755,15,3,7,1,5,-52,0,662,9093,172,100,3,0,0
2760,12,8,1024,10,784,16,33,7,1,4,-52,6,2876,21175,171,100,3,0,0
2756,10,6,1280,0,621,17,7,7,1,6,-52,3,1508,13905,164,100,2,0,0
2758,20,21,2048,0,588,26,18,7,1,9,-52,0,416,7335,110,100,2,0,0
2758,14,10,1664,10,630,22,11,7,1,7,-52,2,1578,18031,163,100,3,0,0
2760,15,12,1280,0,679,9,21,7,1,3,-70,1,661,8023,167,100,2,0,0
2763,1,0,256,0,26,0,0,4,0,0,0,10,2230,22572,2239,100,2,0,0
2759,18,14,1920,0,422,16,5,5,1,3,-52,1,1793,17439,165,100,2,0,0
2760,17,13,1536,0,704,10,349,7,1,2,-52,1,1690,16213,152,100,6,1,3
2762,3,2,768,20,615,14,9,7,1,2,-52,10,948,23321,182,100,3,0,0
2763,5,4,768,0,636,12,1,6,1,1,-52,0,1024,13097,182,100,2,0,0
2763,2,1,512,20,633,22,1,6,3,7,-88,8,7063,29399,179,100,4,0,0
2760,21,17,1792,10,602,14,8,5,1,3,-52,0,1669,16515,152,100,4,0,0
2763,14,10,1664,0,633,22,11,7,1,7,-52,2,1153,9664,163,100,1,0,0
2762,10,6,1280,0,621,18,7,7,1,6,-52,3,1267,10673,164,100,1,0,0
2763,13,12,1280,10,817,18,7,7,1,5,-52,2,2051,13100,172,100,2,0,0
2766,16,12,1280,0,674,12,356,7,1,3,-52,1,834,13137,164,100,6,1,3
2766,6,2,1024,0,626,11,6,7,1,4,-52,5,3418,24001,161,100,2,0,0
2768,8,4,768,40,732,20,43,7,1,8,-52,8,4321,32573,172,100,4,0,0
2767,15,12,1280,0,681,9,21,7,1,3,-70,1,672,9715,167,100,1,0,0
2770,4,1,512,30,663,19,5,7,2,5,-66,10,5484,29394,182,100,2,1,1
2752,7,4,896,50,690,16,10,7,0,6,-70,6,1192,14888,177,100,2,1,1
2767,9,8,1024,10,759,15,3,7,1,5,-52,0,888,10158,173,100,3,0,0
2767,14,10,1664,0,637,22,11,7,1,7,-52,2,953,14082,163,100,3,0,0
2768,13,12,1280,10,819,18,7,7,1,5,-52,2,810,8726,172,100,1,0,0
2763,7,4,896,90,695,16,10,7,0,6,-70,6,1100,16838,178,100,4,1,1
2770,1,0,256,0,26,0,0,4,0,0,0,10,1517,24363,2245,100,1,0,0
2767,20,21,2048,0,595,26,18,7,1,9,-52,0,1449,12470,111,100,3,0,0
2770,10,6,1280,10,622,18,7,7,1,6,-52,3,857,11963,164,100,1,0,0
2770,18,14,1920,0,424,16,5,5,1,3,-52,1,755,15274,165,100,2,0,0
2771,3,2,768,10,616,14,9,7,1,2,-52,10,568,21573,182,100,2,0,0
2770,12,8,1024,0,787,16,33,7,1,4,-52,6,3139,24347,172,100,4,0,0
2771,5,4,768,0,639,12,1,6,1,1,-52,0,723,11772,183,100,2,0,0
2772,2,1,512,10,635,22,1,6,3,7,-88,8,3653,20708,179,100,2,0,0
2772,8,4,768,20,734,20,43,7,1,8,-52,8,1767,13405,172,100,1,0,0
2769,11,7,1152,0,718,20,43,7,1,7,-52,4,954,15082,169,100,4,0,0
2770,17,13,1536,0,710,10,351,7,1,2,-52,1,1924,15861,152,100,6,1,3
2772,7,4,768,0,697,16,10,7,1,6,-70,6,1842,15414,178,100,2,1,1
2775,12,8,1024,10,791,16,33,7,1,4,-52,6,1775,13869,172,100,2,0,0
2772,18,14,1920,0,427,16,5,5,1,3,-52,1,568,7250,166,100,0,0,0
2776,4,1,512,10,665,19,5,7,2,5,-66,10,4453,20873,182,100,1,1,1
2776,1,0,256,0,26,0,0,4,0,0,0,10,1667,19432,2255,100,1,0,0
2774,11,7,1152,10,721,20,43,7,1,7,-52,4,488,8292,169,100,0,0,0
2777,6,2,1024,0,627,11,6,7,1,4,-52,5,1898,21408,162,100,3,0,0
2772,21,17,1792,0,609,14,8,5,1,3,-52,0,2141,20179,153,100,4,0,0
2775,20,21,2048,0,601,26,18,7,1,9,-52,0,957,9735,111,100,3,0,0
2776,14,10,1664,0,639,22,11,7,1,7,-52,2,1407,17356,164,100,3,0,0
2777,9,8,1024,0,761,15,3,7,1,5,-52,0,882,11655,173,100,3,0,0
2776,17,13,1536,0,712,10,353,7,1,2,-52,1,1298,11210,153,100,4,1,3
2780,8,4,768,40,736,20,43,7,1,8,-52,8,2683,20619,172,100,2,0,0
2778,11,7,1152,0,722,20,43,7,1,7,-52,4,632,8391,170,100,2,0,0
2779,2,1,512,0,636,22,1,6,3,7,-88,8,2019,15100,180,100,2,0,0
2780,4,1,512,10,666,19,5,7,2,5,-66,10,2565,13340,183,100,1,1,1
2779,5,4,768,0,642,12,1,6,1,1,-52,0,914,10538,183,100,2,0,0
2778,18,14,1920,0,430,16,5,5,1,3,-52,1,584,7763,166,100,1,0,0
2778,16,12,1280,0,680,12,358,7,1,3,-52,1,1243,14676,165,100,7,1,3
2778,15,12,1280,10,689,9,21,7,1,3,-70,1,1587,14800,168,100,6,0,0
2778,13,12,1280,0,821,18,7,7,1,5,-52,2,2490,18335,173,100,3,0,0
2781,7,4,768,0,701,16,10,7,1,6,-70,6,1662,15111,179,100,3,1,1
2781,10,6,1280,0,622,18,7,7,1,6,-52,3,1940,19068,165,100,2,0,0
2782,3,2,768,0,620,14,9,7,1,2,-52,10,1422,30189,183,100,2,0,0
2781,12,8,1024,20,791,16,33,7,1,4,-52,6,2258,14995,173,100,1,0,0
2784,1,0,256,0,26,0,0,4,0,0,0,10,1707,24169,2263,100,1,0,0
2781,9,8,1024,10,764,15,3,7,1,5,-52,0,526,5393,174,100,2,0,0
2782,18,14,1920,0,432,16,5,5,1,3,-52,1,477,6259,166,100,1,0,0
2780,21,17,1792,0,611,14,8,5,1,3,-52,0,1362,12935,153,100,4,0,0
2785,5,4,768,20,647,12,1,6,1,1,-52,0,1103,9134,184,100,1,0,0
2785,17,13,1536,0,715,10,354,7,1,2,-52,1,1554,13996,153,100,4,1,3
2788,6,2,1024,50,633,11,6,7,1,4,-52,5,2931,23730,163,100,3,0,0
2786,7,4,768,10,702,16,10,7,1,6,-70,6,614,9209,179,100,1,1,1
2786,11,7,1024,0,726,20,43,7,1,7,-52,4,913,13543,170,100,3,0,0
2785,10,6,1280,30,624,18,7,7,1,6,-52,3,989,8489,166,100,1,0,0
2788,15,12,1280,0,694,9,21,7,1,3,-70,1,1239,13292,169,100,3,0,0
2785,14,10,1664,10,642,22,11,7,1,7,-52,2,1343,19009,165,100,2,0,0
2790,8,4,768,70,740,20,43,7,1,8,-52,8,4048,31805,173,100,3,0,0
2791,4,1,512,0,666,19,5,7,2,5,-66,10,4970,31181,183,100,2,1,1
2787,9,8,1024,10,766,15,3,7,1,5,-52,0,719,8351,174,100,2,0,0
2789,14,10,1664,0,643,22,11,7,1,7,-52,2,556,8641,165,100,2,0,0
2789,13,12,1280,10,828,18,7,7,1,5,-52,2,1279,8809,174,100,2,0,0
2791,2,1,512,0,638,22,1,6,3,7,-88,8,4546,28747,181,100,2,0,0
2789,16,12,1280,0,684,12,361,7,1,3,-52,1,1110,14320,166,100,6,1,3
2791,10,6,1280,10,625,18,7,7,1,6,-52,3,999,9662,166,100,1,0,0
2788,20,21,2048,10,605,26,18,7,1,9,-52,0,497,7251,112,100,2,0,0
2791,11,7,1024,0,729,20,43,7,1,7,-52,4,722,10144,170,100,2,0,0
2793,1,0,256,0,26,0,0,4,0,0,0,10,2388,29393,2274,100,2,0,0
2791,18,14,1920,10,437,16,5,5,1,3,-52,1,926,12567,167,100,1,0,0
2793,3,2,768,0,622,14,9,7,1,2,-52,10,670,24959,183,100,2,0,0
2788,21,17,1792,10,616,14,8,5,1,3,-52,0,1491,13633,154,100,3,0,0
2793,5,4,768,0,648,12,1,6,1,1,-52,0,673,9764,184,100,2,0,0
2791,12,8,1024,10,793,16,33,7,1,4,-52,6,3801,27407,174,100,2,0,0
2796,4,1,512,10,667,19,5,7,2,5,-66,10,2976,15688,184,100,1,1,1
2794,16,12,1280,0,687,12,362,7,1,3,-52,1,765,7269,166,100,3,1,3
2795,13,12,1280,0,832,18,7,7,1,5,-52,2,1643,11623,174,100,2,0,0
2796,17,13,1536,0,716,10,357,7,1,2,-52,1,1513,18079,154,100,6,1,3
2797,12,8,1024,0,795,16,33,7,1,4,-52,6,1965,14033,174,100,2,0,0
2798,21,17,1792,0,621,14,8,5,1,3,-52,0,1253,14110,154,100,3,0,0
2796,11,7,1024,0,730,20,43,7,1,7,-52,4,324,7643,171,100,1,0,0
2799,9,8,1024,0,771,15,3,7,1,5,-52,0,1200,14958,175,100,4,0,0
2797,7,4,849,20,704,16,10,7,1,6,-70,6,2233,19280,180,100,3,1,1
2799,2,1,512,0,642,22,1,6,3,7,-88,8,2630,17662,181,100,2,0,0
2798,6,2,1024,0,636,11,6,7,1,4,-52,5,2183,23399,163,100,3,0,0
2797,14,10,1664,10,646,22,11,7,1,7,-52,2,1032,16458,165,100,2,0,0
2800,15,12,1280,0,698,9,21,7,1,3,-70,1,988,14356,169,100,4,0,0
2800,4,1,512,10,669,19,5,7,2,5,-66,10,3620,15425,184,100,1,1,1
2800,8,4,768,0,743,20,43,7,1,8,-52,8,3984,29126,174,100,3,0,0
2801,1,0,256,0,26,0,0,4,0,0,0,10,2087,25883,2285,100,2,0,0
2797,18,14,1920,0,439,16,5,5,1,3,-52,1,838,10147,167,100,2,0,0
2800,3,2,768,0,624,14,9,7,1,2,-52,9,658,17346,184,100,2,0,0
2799,20,21,2048,0,609,26,18,7,1,9,-52,0,1037,13388,113,100,4,0,0
2802,16,12,1280,0,689,12,363,7,1,3,-52,1,824,10236,167,100,4,1,3
2801,10,6,1280,0,626,18,7,7,1,6,-52,3,1479,15501,167,100,2,0,0
2802,17,13,1536,10,718,10,359,7,1,2,-52,1,1377,10067,155,100,4,1,3
2803,5,4,768,0,650,12,1,6,1,1,-52,0,703,11397,185,100,2,0,0
2802,21,17,1792,0,624,14,8,5,1,3,-52,0,846,8059,154,100,2,0,0
2803,6,2,1024,0,636,11,6,7,1,4,-52,5,1376,12766,164,100,0,0,0
2805,12,8,1024,30,797,16,33,7,1,4,-52,6,2649,20770,174,100,3,0,0
2805,2,1,512,10,644,22,1,6,3,7,-88,8,3398,18029,182,100,1,0,0
2805,3,2,768,0,624,14,9,7,1,2,-52,8,505,14695,184,100,1,0,0
2804,14,10,1664,0,649,22,11,7,1,7,-52,2,1095,14443,166,100,2,0,0
2806,17,13,1536,0,719,10,361,7,1,2,-52,1,852,7079,155,100,3,1,3
2808,4,1,512,0,670,19,5,7,2,5,-66,10,3465,20684,184,100,1,1,1
2806,13,12,1280,0,837,18,7,7,1,5,-52,2,2820,20205,175,100,4,0,0
2808,7,4,768,0,705,16,10,7,1,6,-70,6,812,14349,180,100,2,1,1
2807,18,14,1920,0,440,16,5,5,1,3,-52,1,499,14616,168,100,1,0,0
2807,11,7,1024,0,733,20,43,7,1,7,-52,4,975,19479,171,100,4,0,0
2809,8,4,768,10,745,20,43,7,1,8,-52,8,3044,24284,174,100,2,0,0
2810,3,2,768,0,626,14,9,7,1,2,-52,8,714,13441,185,100,1,0,0
2809,12,8,1024,0,798,16,33,7,1,4,-52,6,1955,12305,175,100,2,0,0
2811,9,8,1024,0,777,15,3,7,1,5,-52,0,1035,14296,176,100,5,0,0
2811,10,6,1280,0,626,18,7,7,1,6,-52,3,1103,15125,167,100,1,0,0
2812,1,0,256,0,26,0,0,4,0,0,0,10,2844,36442,2299,100,2,0,0
2810,15,12,1280,20,700,9,21,7,1,3,-70,1,825,13476,170,100,3,0,0
2810,20,21,2048,10,614,26,18,7,1,9,-52,0,1084,13704,114,100,4,0,0
2812,13,12,1280,0,839,18,7,7,1,5,-52,2,960,9636,175,100,1,0,0
2813,6,2,1024,0,640,11,6,7,1,4,-52,5,2088,21279,164,100,3,0,0
2813,2,1,512,0,647,22,1,6,3,7,-88,8,3006,19685,182,100,1,0,0
2812,21,17,1792,0,631,14,8,5,1,3,-52,0,1757,16147,155,100,4,0,0
2814,7,4,768,0,706,16,10,7,1,6,-70,6,1156,11561,181,100,1,1,1
2814,20,21,2048,0,615,26,18,7,1,9,-52,0,562,6199,114,100,2,0,0
2814,16,12,1280,0,694,12,367,7,1,3,-52,1,1505,15857,168,100,8,1,3
2815,5,4,768,0,654,12,1,6,1,1,-52,0,882,14257,185,100,2,0,0
2816,9,8,1024,0,777,15,3,7,1,5,-52,0,388,6690,176,100,1,0,0
2816,10,6,1280,0,628,18,7,7,1,6,-52,3,802,7572,167,100,0,0,0
2816,4,1,512,0,671,19,5,7,2,5,-66,10,5693,28058,185,100,2,1,1
2816,11,7,1024,0,737,20,43,7,1,7,-52,4,1124,17009,172,100,3,0,0
2818,8,4,768,20,750,20,43,7,1,8,-52,9,3582,27028,175,100,3,0,0
2816,17,13,1536,0,723,10,363,7,1,2,-52,1,1782,16810,155,100,6,1,3
2819,1,0,256,0,26,0,0,4,0,0,0,10,1788,22725,2309,100,1,0,0
2815,14,10,1664,0,653,22,11,7,1,7,-52,2,1476,22376,167,100,4,0,0
2819,3,2,768,0,630,14,9,7,1,2,-52,8,886,21114,185,100,2,0,0
2819,12,8,1024,30,801,16,33,7,1,4,-52,7,3525,25424,175,100,4,0,0
2818,18,14,1920,0,441,16,5,5,1,3,-52,0,700,15790,169,100,2,0,0
2794,19,15,1920,100,315,24,3,7,0,9,-52,0,433,9859,78,100,3,0,0
2821,7,4,768,10,708,16,10,7,1,6,-70,6,901,10817,181,100,1,1,1
2821,5,4,768,0,655,12,1,6,1,1,-52,0,476,7781,186,100,1,0,0
2821,2,1,512,0,651,22,1,6,3,7,-88,6,3700,21236,183,100,2,0,0
2819,15,12,1280,0,704,9,21,7,1,3,-70,1,1298,14326,171,100,3,0,0
2822,11,7,1024,0,738,20,43,7,1,7,-52,4,414,8807,172,100,2,0,0
2819,16,12,1280,10,697,12,368,7,1,3,-52,2,1475,9013,168,100,4,1,3
2823,10,6,1280,0,630,18,7,7,1,6,-52,2,1690,13405,168,100,2,0,0
2822,8,4,768,40,751,20,43,7,1,8,-52,9,2091,14211,175,100,2,0,0
2825,6,2,1024,20,643,11,6,7,1,4,-52,3,2786,27575,165,100,3,0,0
2803,19,16,1920,80,319,25,3,7,0,10,-70,0,603,11532,78,100,3,0,0
2808,19,16,2176,90,321,26,3,7,0,10,-70,0,843,7593,78,100,2,0,0
2824,18,14,1920,0,443,16,5,5,1,3,-52,0,502,8974,169,100,1,0,0
2817,19,16,2176,70,324,26,3,7,0,10,-70,0,375,11051,78,100,3,0,0
2821,20,21,2048,0,617,26,18,7,1,9,-52,0,509,8326,114,100,2,0,0
2826,2,1,512,10,651,22,1,6,3,7,-88,6,1840,10571,183,100,1,0,0
2822,13,12,1280,0,842,18,7,7,1,5,-52,2,1948,17456,176,100,4,0,0
2821,19,16,1651,30,326,26,3,7,1,10,-70,0,1782,8624,79,100,2,0,0
2825,14,10,1664,0,656,22,11,7,1,7,-52,1,1501,20514,167,100,3,0,0
2827,3,2,768,0,633,14,9,7,1,2,-52,8,766,20702,186,100,1,0,0
2828,4,1,512,10,676,19,5,7,2,5,-66,10,7245,37450,186,100,2,1,1
2826,8,4,768,50,754,20,44,7,1,8,-52,9,2279,13512,176,100,3,0,0
2829,1,0,256,0,26,0,0,4,0,0,0,10,2541,31631,2320,100,2,0,0
2824,21,17,1792,0,634,14,8,5,1,3,-52,0,1545,17306,156,100,3,0,0
2829,6,2,1024,0,644,11,6,7,1,4,-52,3,973,9398,165,100,0,0,0
2825,12,8,1024,10,802,16,33,7,1,4,-52,7,3328,20130,176,100,1,0,0
2825,9,8,1024,0,781,15,3,7,1,5,-52,0,1012,13504,177,100,3,0,0
2827,16,12,1280,0,700,12,371,7,1,3,-52,2,2040,14884,168,100,5,1,3
2830,7,4,768,0,709,16,10,7,1,6,-70,6,1095,14670,182,100,2,1,1
2830,14,10,1664,0,657,22,11,7,1,7,-52,1,686,11016,167,100,1,0,0
2832,10,6,1280,10,633,18,7,7,1,6,-52,2,1579,14547,169,100,1,0,0
2833,11,7,1024,0,742,20,44,7,1,7,-52,4,1135,19310,173,100,3,0,0
2832,5,4,768,0,659,12,1,6,1,1,-52,0,1187,14600,187,100,2,0,0
2829,15,12,1280,0,709,9,21,7,1,3,-70,1,1293,14283,172,100,5,0,0
2832,18,14,1920,0,447,16,5,5,1,3,-52,0,916,12627,170,100,2,0,0
2831,19,16,1536,30,331,26,3,7,1,10,-70,0,1132,17844,80,100,3,0,0
2834,3,2,768,0,634,14,9,7,1,2,-52,8,489,18262,186,100,2,0,0
2835,2,1,512,0,653,22,1,6,3,7,-88,6,4469,24721,184,100,1,0,0
2836,1,0,256,0,26,0,0,4,0,0,0,10,1708,23600,2329,100,1,0,0
2832,20,19,1792,0,620,27,18,7,1,10,-52,0,908,13501,115,100,3,0,0
2834,12,8,1024,0,807,16,33,7,1,4,-52,7,2659,23135,176,100,4,0,0
2837,6,2,1024,10,648,11,6,7,1,4,-52,3,2443,19038,166,100,3,0,0
2838,8,4,768,70,761,20,45,7,1,8,-52,9,4203,32376,176,100,5,0,0
2839,5,4,768,0,660,12,1,6,1,1,-52,0,634,8291,187,100,2,0,0
2838,10,6,1280,0,634,18,7,7,1,6,-52,2,1347,11602,169,100,3,0,0
2839,3,2,768,0,637,14,9,7,1,2,-52,8,600,12632,186,100,2,0,0
2840,4,1,512,40,680,19,5,7,2,5,-66,10,5959,34776,187,100,2,1,1
2838,18,14,1920,0,449,16,5,5,1,3,-52,0,526,8557,170,100,1,0,0
2835,16,12,1280,0,706,12,372,7,1,3,-52,2,1925,15404,169,100,5,1,3
2835,9,8,1024,0,784,15,3,7,1,5,-52,0,928,12923,178,100,4,0,0
2840,7,4,768,20,712,16,10,7,1,6,-70,6,1221,15959,183,100,2,1,1
2839,14,11,1320,0,661,23,11,7,1,8,-70,1,1514,18288,168,100,4,0,0
2837,20,19,1792,0,623,28,18,7,1,10,-52,0,655,5766,115,100,3,0,0
2842,1,0,256,0,26,0,0,4,0,0,0,10,1320,18831,2335,100,1,0,0
2841,6,2,1024,0,648,11,6,7,1,4,-52,3,751,10450,166,100,1,0,0
2837,15,12,1280,0,712,9,21,7,1,3,-70,1,748,10701,172,100,2,0,0
2838,20,19,1792,0,623,28,18,7,1,10,-52,0,224,5243,116,100,0,0,0
2840,12,8,1024,0,808,16,33,7,1,4,-52,7,1423,14638,177,100,1,0,0
2841,9,8,1024,0,785,15,3,7,1,5,-52,0,393,7140,178,100,1,0,0
2844,11,7,1024,0,745,20,44,7,1,7,-52,4,1843,22771,174,100,5,0,0
2841,19,16,1536,10,335,26,3,7,1,10,-70,1,2158,18698,80,100,2,0,0
2844,18,14,1536,0,450,17,5,5,1,3,-52,0,690,10087,171,100,1,0,0
2842,16,12,1280,0,707,12,374,7,1,3,-52,2,1647,14094,170,100,5,1,3
2845,6,2,1024,0,650,11,6,7,1,4,-52,3,748,9170,166,100,1,0,0
2847,4,1,512,40,684,19,5,7,2,5,-66,10,4488,22566,187,100,1,1,1
2827,13,8,1152,30,843,19,7,7,0,6,-70,2,1105,9062,176,100,1,0,0
2847,2,1,512,20,654,22,1,6,3,7,-88,6,3117,25488,184,100,2,0,0
2847,3,2,768,0,640,14,9,7,1,2,-52,8,843,19319,187,100,2,0,0
2846,10,6,1280,10,637,18,7,7,1,6,-52,2,790,12100,170,100,2,0,0
2838,13,8,1152,70,849,20,7,7,0,6,-70,2,1294,16844,176,100,4,0,0
2848,12,8,1024,10,812,16,33,7,1,4,-52,7,2006,14410,177,100,2,0,0
2848,14,11,1280,0,667,24,11,7,1,8,-70,1,2048,19407,169,100,3,0,0
2849,5,4,768,10,662,12,1,6,1,1,-52,0,773,11532,188,100,1,0,0
2849,8,4,768,40,764,20,45,7,1,8,-52,9,4248,30998,177,100,4,0,0
2845,13,8,1152,90,852,20,7,7,0,6,-70,2,999,9737,177,100,2,0,0
2846,15,12,1280,0,713,9,21,7,1,3,-70,1,614,11568,173,100,3,0,0
2845,21,17,1792,0,639,14,8,5,1,3,-52,0,603,7314,157,100,2,0,0
2845,20,19,1792,0,626,28,18,7,1,10,-52,0,749,8946,116,100,3,0,0
2851,3,2,768,0,641,14,9,7,1,2,-52,8,368,10824,187,100,1,0,0
2852,7,4,768,0,715,16,10,7,1,6,-70,6,2824,21311,183,100,3,1,1
2850,9,8,1024,10,789,15,3,7,1,5,-52,0,963,9382,178,100,2,0,0
2851,13,8,1024,50,855,20,7,7,1,6,-70,2,1958,12231,177,100,2,0,0
2851,6,2,1024,30,652,11,6,7,1,4,-52,3,970,11937,167,100,1,0,0
2853,2,1,512,10,655,22,1,6,3,7,-88,6,1730,11781,185,100,1,0,0
2847,17,13,1536,0,736,10,371,7,1,2,-52,1,1371,12236,157,100,6,1,3
2854,1,0,256,0,26,0,0,4,0,0,0,10,2891,37572,2348,100,2,0,0
2851,10,6,1280,0,638,18,7,7,1,6,-52,2,661,7482,170,100,1,0,0
2855,4,1,529,80,687,19,5,7,2,5,-66,10,6426,28601,188,100,2,1,1
2850,19,16,1536,0,340,26,3,7,1,10,-70,1,1685,15979,81,100,4,0,0
2853,15,12,1287,10,715,9,21,7,1,3,-70,1,711,7876,173,100,2,0,0
2852,21,17,1792,0,641,14,8,5,1,3,-52,0,658,10466,158,100,2,0,0
2853,17,13,1280,10,742,10,372,7,1,2,-52,1,1422,11061,158,100,4,1,3
2858,3,2,768,0,642,14,9,7,1,2,-52,8,586,16791,188,100,2,0,0
2858,5,4,768,0,664,12,1,6,1,1,-52,0,717,11791,188,100,2,0,0
2858,7,4,768,0,718,16,10,7,1,6,-70,6,1326,11361,184,100,3,1,1
2857,13,8,1024,0,856,20,7,7,1,6,-70,2,1369,11068,177,100,2,0,0
2860,2,1,512,0,656,22,1,6,3,7,-88,6,2268,14829,185,100,2,0,0
2859,8,4,768,40,765,20,45,7,1,8,-52,9,4720,33134,178,100,3,0,0
2858,15,12,1280,0,716,9,22,7,1,3,-70,1,417,6149,173,100,3,0,0
2858,9,8,1024,0,796,15,3,7,1,5,-52,0,1464,12295,179,100,2,0,0
2857,21,17,1536,10,645,14,8,5,1,3,-52,0,627,8007,158,100,2,0,0
2862,4,1,512,10,687,19,5,7,2,5,-66,10,4253,20302,188,100,1,1,1
2858,14,11,1280,0,670,24,11,7,1,8,-70,1,1532,21330,169,100,3,0,0
2860,12,8,1024,0,815,16,33,7,1,4,-52,7,2844,27525,178,100,4,0,0
2859,11,7,1024,0,750,20,44,7,1,7,-52,4,878,8782,175,100,1,0,0
2862,6,2,1024,0,656,11,6,7,1,4,-52,3,1878,24710,168,100,3,0,0
2864,1,0,256,0,26,0,0,4,0,0,0,10,2283,30913,2358,100,2,0,0
2862,10,6,1280,10,643,18,7,7,1,6,-52,2,1145,16853,171,100,4,0,0
2864,8,4,768,100,770,20,45,7,1,8,-52,9,2280,16696,178,100,2,0,0
2861,18,14,1536,0,459,17,5,5,1,3,-52,0,966,14166,172,100,1,0,0
2865,2,1,518,0,657,22,1,6,3,7,-88,6,1918,13422,186,100,1,0,0
2867,3,2,768,0,645,14,9,7,1,2,-52,8,973,23889,188,100,2,0,0
2867,6,2,1024,0,657,11,6,7,1,4,-52,3,764,10705,168,100,1,0,0
2870,4,1,512,0,690,19,5,7,2,5,-66,10,2914,22775,189,43,2,1,1
2871,12,8,1024,0,817,16,33,7,1,4,-52,7,2391,25323,179,100,4,0,0
2872,8,4,768,80,775,20,45,7,1,8,-52,9,3810,27824,178,100,3,0,0
2873,3,2,768,0,645,14,9,7,1,2,-52,8,422,11817,189,100,1,0,0
2872,10,6,1280,10,647,18,7,7,1,6,-52,2,928,15809,171,100,3,0,0
2874,1,0,256,0,26,0,0,4,0,0,0,10,1546,28548,2364,100,2,0,0
2874,2,1,529,0,660,22,1,6,3,7,-88,6,2997,18883,186,100,1,0,0
2870,17,13,1280,0,749,11,377,7,1,2,-52,1,659,6642,159,100,3,1,3
2870,19,16,1536,10,344,26,3,7,1,10,-70,1,1905,19267,82,100,5,0,0
2878,7,4,768,0,724,16,10,7,1,6,-70,6,1906,15134,185,33,1,1,1
2878,4,1,512,0,692,19,5,7,2,5,-66,10,3044,22489,189,41,1,1,1
2873,20,19,1792,10,638,28,18,7,1,10,-52,0,1084,13936,118,100,3,0,0
2879,1,0,256,0,26,0,0,4,0,0,0,10,1018,16563,2369,100,1,0,0
2878,6,2,1024,0,660,11,6,7,1,4,-52,3,1551,23432,169,100,2,0,0
2878,19,16,1536,0,347,26,3,7,1,10,-70,1,959,9971,82,100,2,0,0
2879,10,6,1280,0,649,18,7,7,1,6,-52,2,634,10334,172,100,1,0,0
2878,9,8,1024,0,808,15,3,7,1,5,-52,0,1407,13421,180,100,4,0,0
2882,2,1,512,0,660,22,1,6,3,7,-88,6,2074,17769,187,100,2,0,0
2878,20,19,1792,0,642,28,18,7,1,10,-52,0,918,6922,118,100,3,0,0
2884,3,2,768,10,649,14,9,7,1,2,-52,8,1151,27870,189,100,3,0,0
2885,5,4,768,0,672,12,1,6,1,1,-52,0,1089,10797,190,100,1,0,0
2885,4,1,512,0,693,19,5,7,2,5,-66,10,2737,20491,190,38,2,1,1
2887,1,0,256,0,26,0,0,4,0,0,0,10,1204,22285,2375,100,1,0,0
2887,7,4,768,40,726,16,10,7,1,6,-70,6,1428,15154,186,80,3,1,1
2888,6,2,1024,0,663,11,6,7,1,4,-52,3,1480,18632,169,100,2,0,0
2888,2,1,512,0,660,22,1,6,3,7,-88,6,1396,12622,187,100,1,0,0
2889,10,6,1280,0,654,18,7,7,1,6,-52,2,1017,15754,173,100,3,0,0
2887,12,8,1024,0,823,16,33,7,1,4,-52,6,1602,12211,180,100,3,0,0
2891,3,2,768,0,651,14,9,7,1,2,-52,8,799,14670,190,100,1,0,0
2890,4,1,512,10,693,19,5,7,2,5,-66,10,1509,13008,190,41,1,1,1
2887,20,19,1792,0,647,28,18,7,1,10,-52,0,580,5428,119,100,2,0,0
2891,16,12,1280,10,724,12,385,7,1,3,-52,2,2203,19489,173,100,7,1,3
2893,13,8,1024,0,874,20,7,7,1,6,-70,2,1885,17391,180,100,5,0,0
2894,12,8,1024,0,825,16,33,7,1,4,-52,6,1317,15786,180,100,2,0,0
2895,6,2,1024,0,663,11,6,7,1,4,-52,3,941,15576,170,100,1,0,0
2896,4,1,512,0,695,19,5,7,2,5,-66,10,1954,12617,190,66,0,1,1
2894,15,12,1280,0,733,9,22,7,1,3,-70,1,1035,12888,176,100,4,0,0
2897,2,1,650,10,662,22,1,6,3,7,-88,7,3387,21799,188,100,2,0,0
2897,8,4,768,40,783,20,45,7,1,8,-52,9,4238,32735,180,100,3,0,0
2898,1,0,256,0,26,0,0,4,0,0,0,10,2120,35174,2384,100,2,0,0
2900,10,6,1280,0,656,18,7,7,1,6,-52,1,755,15154,173,100,2,0,0
2902,3,2,768,0,653,14,9,7,1,2,-52,8,752,26049,191,100,2,0,0
2899,16,12,1280,0,726,12,387,7,1,3,-52,2,1130,12441,173,100,3,1,3
2902,2,1,512,0,665,22,1,6,3,7,-88,7,2162,13184,188,100,1,0,0
2902,9,8,1024,0,815,15,3,7,1,5,-52,0,778,6830,182,100,3,0,0
2902,15,12,1280,0,735,9,22,7,1,3,-70,1,888,10410,176,100,2,0,0
2905,1,0,256,0,26,0,0,4,0,0,0,10,1406,20723,2389,100,2,0,0
2903,17,13,1280,0,763,11,385,7,1,2,-52,1,1833,15359,161,100,6,1,3
2907,4,1,512,0,700,19,5,7,2,5,-66,10,4000,29127,191,41,2,1,1
2907,6,2,1024,20,665,11,6,7,1,4,-52,2,1533,24630,171,100,2,0,0
2904,10,6,1280,10,657,18,7,7,1,6,-52,1,450,7140,174,100,1,0,0
2908,3,2,768,0,655,14,9,7,1,2,-52,8,643,12757,191,100,1,0,0
2895,7,2,971,40,729,18,10,7,0,7,-70,6,2684,15583,186,0,2,1,1
2903,7,2,971,70,732,18,10,7,0,7,-70,6,1531,12775,187,0,3,1,1
2908,12,8,1024,20,831,16,33,7,1,4,-52,6,756,9827,181,100,1,0,0
2903,18,14,1536,10,471,17,5,5,1,3,-52,0,885,16239,174,100,2,0,0
2910,10,6,1280,0,660,18,7,7,1,6,-52,1,737,8534,174,100,2,0,0
2910,7,2,802,30,732,18,10,7,1,7,-70,6,1429,12645,187,40,1,1,1
2906,13,8,1024,20,879,20,7,7,1,6,-70,2,1465,14172,181,100,3,0,0
2908,11,7,1227,10,773,21,44,7,1,7,-52,4,1887,20406,178,100,1,0,0
2908,17,13,1280,20,765,11,387,7,1,2,-52,1,696,8044,162,100,3,1,3
2911,9,8,1024,10,819,15,3,7,1,5,-52,0,992,9387,182,100,2,0,0
2914,3,2,768,0,656,14,9,7,1,2,-52,8,392,13398,191,100,1,0,0
2914,2,1,512,0,665,22,1,6,3,7,-88,7,4282,32567,189,100,2,0,0
2911,13,8,1024,0,882,20,7,7,1,6,-70,2,1602,9764,181,100,2,0,0
2915,4,1,512,10,701,19,5,7,2,5,-66,10,2562,21595,192,46,2,1,1
2912,14,11,1483,0,694,24,11,7,1,8,-70,1,1132,13116,173,100,2,0,0
2917,1,0,256,0,26,0,0,4,0,0,0,10,2153,34602,2396,100,2,0,0
2917,6,2,1024,0,671,11,6,7,1,4,-52,2,1909,22937,171,100,2,0,0
2919,7,2,768,20,738,18,10,7,1,7,-70,6,2036,15924,188,40,3,1,1
2918,14,11,1483,30,697,25,11,7,1,8,-70,1,1843,12434,173,100,2,0,0
2918,21,17,1536,0,673,15,8,5,1,3,-52,0,984,17090,162,100,3,0,0
2921,2,1,512,20,667,22,1,6,3,7,-88,8,3154,19107,189,100,1,0,0
2920,10,6,1280,0,663,18,7,7,1,6,-52,1,950,16002,175,100,2,0,0
2922,4,1,512,0,701,19,5,7,2,5,-66,10,1223,15845,192,16,1,1,1
2917,19,16,1536,10,365,26,3,7,1,10,-70,1,2238,18572,85,100,4,0,0
2923,3,2,768,0,658,14,9,7,1,2,-52,8,776,21677,192,100,2,0,0
2921,12,8,1024,10,838,16,33,7,1,4,-52,6,1885,18035,182,100,3,0,0
2924,1,0,256,0,26,0,0,4,0,0,0,10,1291,21268,2400,100,1,0,0
2923,5,4,768,0,681,12,1,6,1,1,-52,0,831,14199,193,100,2,0,0
2922,17,13,1280,0,774,11,391,7,1,2,-52,1,1890,16705,162,100,7,1,3
2928,7,2,768,0,739,18,10,7,1,7,-70,6,1392,15006,188,40,2,1,1
2928,2,1,599,0,668,22,1,6,3,7,-88,8,3033,19558,190,100,1,0,0
2928,6,2,1024,0,676,11,6,7,1,4,-52,2,1896,23748,172,100,2,0,0
2928,4,1,512,0,704,19,5,7,2,5,-66,10,2679,17652,193,33,1,1,1
2929,1,0,256,0,26,0,0,4,0,0,0,10,1250,17691,2406,100,1,0,0
2926,19,16,1536,0,371,26,3,7,1,10,-70,1,2050,15402,86,100,3,0,0
2927,15,12,1280,0,743,9,22,7,1,3,-70,1,439,6594,178,100,1,0,0
2930,10,6,1280,10,667,18,7,7,1,6,-52,1,957,16006,175,100,1,0,0
2930,18,14,1536,10,477,17,5,5,1,3,-52,0,393,12632,176,100,1,0,0
2929,16,12,1280,0,740,12,394,7,1,3,-52,2,1521,11269,175,100,3,1,3
2933,4,1,512,20,704,19,5,7,2,5,-66,10,1615,12006,193,75,1,1,1
2934,2,1,512,0,670,22,1,6,3,7,-88,8,1959,15519,190,100,1,0,0
2934,1,0,256,0,26,0,0,4,0,0,0,10,1034,15010,2412,100,1,0,0
2934,11,7,1024,10,778,21,44,7,1,7,-52,4,1241,11061,180,100,1,0,0
2934,6,2,1024,0,676,11,6,7,1,4,-52,2,817,14214,172,100,1,0,0
2930,12,8,1024,0,842,16,34,7,1,4,-52,6,2850,23897,183,100,4,0,0
2935,3,2,768,0,660,14,9,7,1,2,-52,8,747,26262,193,100,3,0,0
2935,5,4,768,0,683,12,1,6,1,1,-52,0,860,14872,194,100,2,0,0
2930,19,16,1536,10,375,26,3,7,1,10,-70,1,887,7337,86,100,2,0,0
2936,18,14,1536,0,478,18,5,5,1,3,-52,0,556,10082,177,100,1,0,0
2937,4,1,512,0,704,19,5,7,2,5,-66,10,1261,10420,193,44,1,1,1
2938,10,6,1280,0,671,18,7,7,1,6,-52,1,1028,11830,176,100,2,0,0
2935,16,12,1280,0,743,12,396,7,1,3,-52,2,1396,12539,176,100,4,1,3
2939,8,4,768,70,797,20,45,7,1,8,-52,9,4992,36728,183,100,3,0,0
2940,7,2,768,0,741,18,10,7,1,7,-70,6,2058,20673,189,62,3,1,1
2940,14,11,1280,0,707,28,11,7,1,10,-70,1,2111,22362,175,100,3,0,0
2941,3,2,768,0,662,14,9,7,1,2,-52,8,615,12130,193,100,1,0,0
2937,21,17,1536,0,681,15,8,5,1,3,-52,0,743,14858,163,100,3,0,0
2941,4,1,512,0,704,19,5,7,2,5,-66,10,1860,11645,193,40,1,1,1
2942,6,2,1024,0,677,11,6,7,1,4,-52,2,951,15578,173,100,2,0,0
2942,1,0,256,0,26,0,0,4,0,0,0,10,1737,25536,2416,100,2,0,0
2939,17,13,1280,0,780,11,394,7,1,2,-52,1,1526,17278,164,100,6,1,3
2941,13,8,1024,10,891,20,7,7,1,6,-70,2,2152,18584,183,100,4,0,0
2940,12,8,1024,0,846,16,34,7,1,4,-52,6,2989,25847,183,100,4,0,0
2942,9,8,1024,0,831,15,3,7,1,5,-52,0,555,5735,185,100,1,0,0
2944,10,6,1280,0,672,18,7,7,1,6,-52,1,395,8799,176,100,1,0,0
2941,19,16,1536,10,377,26,3,7,1,10,-70,1,1674,18240,87,100,4,0,0
2946,2,1,725,0,676,22,1,6,3,7,-88,8,5325,32740,191,100,3,0,0
2947,7,2,768,0,742,18,10,7,1,7,-70,6,1089,12216,190,25,2,1,1
2947,6,2,1299,0,679,11,6,7,1,4,-52,2,822,11077,173,100,1,0,0
2948,4,1,512,0,706,19,5,7,2,5,-66,10,2328,17542,194,46,1,1,1
2946,12,8,1024,10,847,16,34,7,1,4,-52,6,1014,11773,184,100,2,0,0
2949,18,14,1536,10,482,18,5,5,1,3,-52,0,536,9743,177,100,1,0,0
2951,1,0,256,0,26,0,0,4,0,0,0,10,1539,24834,2422,100,1,0,0
2946,15,12,1280,0,750,9,22,7,1,3,-70,1,543,8411,179,100,2,0,0
2945,20,19,1792,10,668,28,18,7,1,10,-52,0,909,11222,123,100,3,0,0
2950,3,2,768,0,666,14,9,7,1,2,-52,8,942,21589,194,100,2,0,0
2951,14,11,1280,20,710,28,11,7,1,10,-70,1,1726,23766,176,100,3,0,0
2949,17,13,1280,10,786,11,398,7,1,2,-52,1,1054,8091,164,100,2,1,3
2953,2,1,512,0,677,22,1,6,3,7,-88,8,4062,23340,191,100,1,0,0
2954,18,14,1536,0,483,18,5,5,1,3,-52,0,558,8190,178,100,1,0,0
2956,7,2,768,0,743,18,10,7,1,7,-70,6,1521,14708,190,85,1,1,1
2956,6,2,1299,0,683,12,6,7,1,4,-52,2,1474,19855,174,100,1,0,0
2957,1,0,256,0,26,0,0,4,0,0,0,10,1177,19062,2428,100,1,0,0
2955,11,7,1024,10,785,21,45,7,1,7,-52,4,1811,16658,181,100,3,0,0
2957,14,11,1280,0,712,28,11,7,1,10,-70,1,1217,15622,176,100,2,0,0
2956,12,8,1024,40,851,16,34,7,1,4,-52,6,2721,24808,184,100,3,0,0
2959,17,13,1280,0,789,11,400,7,1,2,-52,1,1386,15253,165,100,6,1,3
2959,4,1,512,20,707,19,5,7,2,5,-66,10,3586,29201,195,44,2,1,1
2961,7,2,768,0,744,18,10,7,1,7,-70,6,940,8474,191,100,1,1,1
2959,13,8,1024,10,897,20,7,7,1,6,-70,2,1544,13651,184,100,2,0,0
2959,2,1,512,0,678,22,1,6,2,7,-88,8,2310,17777,192,100,2,0,0
2955,15,12,1280,0,755,9,22,7,1,3,-70,1,1129,12292,180,100,3,0,0
2956,16,12,1280,0,751,12,401,7,1,3,-52,2,1196,11185,177,100,5,1,3
2960,8,4,768,40,805,20,45,7,1,8,-52,9,3757,29200,184,100,2,0,0
2961,3,2,768,0,671,14,9,7,1,2,-52,8,1175,21595,194,100,2,0,0
2960,9,8,1024,10,840,15,3,7,1,5,-52,0,706,7400,186,100,2,0,0
2956,19,16,1536,20,380,26,3,7,1,10,-70,1,1352,16378,88,100,3,0,0
2965,7,2,768,0,744,18,11,7,1,7,-70,6,503,7041,191,100,1,1,1
2964,5,4,768,20,689,12,1,6,1,1,-52,0,752,9663,196,100,2,0,0
2965,4,1,512,10,708,19,5,7,2,5,-66,10,2715,15460,195,100,1,1,1
2959,20,19,1792,10,672,28,18,7,1,10,-52,0,473,6822,123,100,2,0,0
2965,1,0,256,0,26,0,0,4,0,0,0,10,2034,24119,2438,100,2,0,0
2964,18,14,1536,0,484,18,5,5,1,3,-52,0,718,15895,178,100,2,0,0
2963,21,17,1536,0,687,15,8,5,1,3,-52,0,575,10132,165,100,2,0,0
2962,12,8,1024,0,853,16,35,7,1,4,-52,6,1993,15531,185,100,3,0,0
2966,6,2,1299,0,686,12,6,7,1,4,-52,2,927,20521,175,100,2,0,0
2963,15,12,1280,0,758,9,22,7,1,3,-70,1,1146,12172,181,100,3,0,0
2967,2,1,512,20,681,22,1,6,2,7,-88,8,3253,19670,192,100,3,0,0
2967,14,11,1280,20,715,28,11,7,1,10,-70,1,1527,18440,177,100,3,0,0
2965,19,16,1536,0,383,26,3,7,1,10,-70,1,1291,14835,88,100,4,0,0
2966,11,7,1024,0,790,21,45,7,1,7,-52,4,2197,22020,182,100,4,0,0
2967,8,4,768,30,808,20,45,7,1,8,-52,9,3114,23807,185,100,3,0,0
2965,16,12,1280,10,755,12,403,7,1,3,-52,2,1706,15992,178,100,5,1,3
2969,18,14,1536,0,485,18,5,5,1,3,-52,0,558,7473,179,100,1,0,0
2968,9,8,1024,0,845,15,3,7,1,5,-52,0,1406,9235,186,100,4,0,0
2968,13,8,1024,10,899,20,7,7,1,6,-70,2,1177,13166,184,100,2,0,0
2970,3,2,768,0,674,14,9,7,1,2,-52,8,1263,20598,195,100,2,0,0
2971,7,2,768,0,746,18,11,7,1,7,-70,6,2110,11522,191,100,3,1,1
2971,11,7,1024,0,793,21,45,7,1,7,-52,4,913,8062,182,100,2,0,0
2972,6,2,768,0,690,12,6,7,1,4,-52,2,736,12358,175,100,2,0,0
2973,1,0,256,0,26,0,0,4,0,0,0,10,1732,21421,2447,100,1,0,0
2969,21,17,1536,20,689,15,8,5,1,3,-52,0,413,7520,165,100,2,0,0
2971,20,19,1792,0,675,28,18,7,1,10,-52,0,824,13205,124,100,4,0,0
2973,14,11,1280,10,716,28,11,7,1,10,-70,1,1035,14908,177,100,3,0,0
2972,9,8,1024,0,848,15,3,7,1,5,-52,0,510,4987,186,100,0,0,0
2970,17,13,1280,10,794,11,402,7,1,2,-52,1,1712,17751,166,100,6,1,3
2954,10,2,1152,40,677,19,7,7,0,7,-95,1,1315,16399,177,100,3,0,0
2975,5,4,768,0,692,12,1,6,1,1,-52,0,975,14005,196,100,2,0,0
2975,2,1,607,20,684,22,1,6,2,7,-88,8,4834,23172,193,100,3,0,0
2974,3,2,768,0,675,14,9,7,1,2,-52,8,393,11012,195,100,1,0,0
2975,8,4,768,50,810,20,45,7,1,8,-52,9,3450,24212,185,100,2,0,0
2965,10,2,1152,70,679,20,7,7,0,7,-95,1,715,15877,178,100,3,0,0
2973,10,2,1152,70,682,20,7,7,0,7,-95,1,366,9977,178,100,2,0,0
2976,4,1,512,10,713,19,5,7,2,5,-66,10,5880,33951,196,100,4,1,1
2973,12,8,1024,10,861,16,35,7,1,4,-52,6,2630,24386,185,100,5,0,0
2977,6,2,768,0,691,12,6,7,1,4,-52,2,1064,11067,175,100,2,0,0
2973,16,12,1280,0,757,12,405,7,1,3,-52,2,1361,14363,178,100,6,1,3
2975,21,17,1536,0,691,15,8,5,1,3,-52,0,798,8174,166,100,4,0,0
2976,20,19,1792,10,676,28,18,7,1,10,-52,0,391,6019,125,100,2,0,0
2976,15,12,1280,0,765,9,22,7,1,3,-70,1,793,7277,181,100,2,0,0
2978,11,7,1024,0,795,21,45,7,1,7,-52,4,1035,13990,183,100,2,0,0
2981,2,1,512,10,686,22,1,6,2,7,-88,8,2731,17651,193,100,1,0,0
2978,13,8,1024,0,903,20,7,7,1,6,-70,2,2668,20002,185,100,4,0,0
2981,10,6,1024,0,684,22,7,7,1,8,-52,1,1523,14062,179,100,3,0,0
2980,7,8,1024,10,748,20,11,7,1,8,-52,6,1934,18196,192,100,3,1,1
2980,12,8,1024,0,863,16,35,7,1,4,-52,6,2303,19704,186,100,2,0,0
2982,1,0,256,0,26,0,0,4,0,0,0,10,2559,29578,2459,100,2,0,0
2981,18,14,1536,0,488,18,5,5,1,3,-52,0,884,16710,179,100,2,0,0
2980,15,12,1280,0,767,9,22,7,1,3,-70,1,610,6312,182,100,0,0,0
2980,9,8,1024,0,854,15,3,7,1,5,-52,0,1116,10239,187,100,4,0,0
2983,14,11,1280,10,717,28,11,7,1,10,-70,1,1534,17941,178,100,1,0,0
2984,4,1,512,0,715,19,5,7,2,5,-66,10,4181,22778,196,100,2,1,1
2985,5,4,768,0,695,12,1,6,1,1,-52,0,786,12385,197,100,1,0,0
2982,20,19,1792,0,678,28,18,7,1,10,-52,0,691,8017,125,100,1,0,0
2985,8,4,768,60,814,20,45,7,1,8,-52,10,5605,36362,186,100,3,0,0
2987,6,2,768,0,694,12,6,7,1,4,-52,2,1524,20724,176,100,3,0,0
2985,11,7,1024,0,796,21,45,7,1,7,-52,4,1041,12243,183,100,2,0,0
2986,3,2,768,0,679,14,9,7,1,2,-52,8,1143,23637,196,100,3,0,0
2982,19,16,1536,0,393,26,3,7,1,10,-70,1,1389,12712,89,100,2,0,0
2984,16,12,1280,0,762,12,408,7,1,3,-52,2,2297,18470,179,100,7,1,3
2986,13,8,1024,10,908,20,7,7,1,6,-70,2,1973,15119,186,100,4,0,0
2989,1,0,256,0,26,0,0,4,0,0,0,10,1470,19817,2466,100,1,0,0
2986,7,8,1024,10,755,20,12,7,1,8,-52,6,2497,18383,192,100,4,1,1
2990,5,4,768,10,697,12,1,6,1,1,-52,0,587,6875,197,100,1,0,0
2991,4,1,512,0,718,19,5,7,2,5,-66,10,3457,20649,197,100,1,1,1
2991,2,1,512,10,691,22,1,6,2,7,-88,8,2888,23388,194,100,3,0,0
2990,3,2,768,0,681,14,9,7,1,2,-52,8,476,8223,196,100,1,0,0
2992,10,6,1024,0,686,22,7,7,1,8,-52,1,1186,16820,179,100,3,0,0
2987,19,16,1536,10,395,26,3,7,1,10,-70,1,908,8717,90,100,2,0,0
2990,12,8,1024,0,866,16,35,7,1,4,-52,6,2888,24654,187,100,3,0,0
2993,8,4,768,60,816,20,45,7,1,8,-52,10,3294,22541,186,100,1,0,0
2996,1,0,256,0,26,0,0,4,0,0,0,10,1011,16849,2471,100,1,0,0
2992,16,12,1280,0,766,12,409,7,1,3,-52,2,1497,13457,179,100,2,1,3
2993,13,8,1024,0,909,20,7,7,1,6,-70,2,1150,11273,186,100,1,0,0
2996,6,2,768,0,695,12,6,7,1,4,-52,2,1126,20094,177,100,3,0,0
2997,11,7,1024,20,801,21,46,7,1,7,-52,4,2032,22457,184,100,5,0,0
2994,21,17,1536,0,700,15,8,5,1,3,-52,0,861,11036,167,100,3,0,0
2994,15,12,1280,0,774,9,22,7,1,3,-70,1,1255,12355,183,100,3,0,0
2997,14,11,1280,0,722,28,11,7,1,10,-70,1,1527,20244,179,100,3,0,0
2998,5,4,768,10,700,12,1,6,1,1,-52,0,942,11030,198,100,2,0,0
2997,11,7,1024,20,801,21,46,7,1,7,-52,4,2032,22457,184,100,5,0,0
2996,18,14,1536,10,492,18,5,5,1,3,-52,0,393,6710,180,100,0,0,0
2996,7,8,1024,10,761,20,12,7,1,8,-52,6,2147,21260,193,100,3,1,1
2999,2,1,573,20,693,22,1,6,2,7,-88,8,3492,23659,194,100,1,0,0
3000,4,1,512,10,722,19,5,7,2,5,-66,10,4827,27453,197,100,3,1,1
3001,8,4,768,60,817,20,45,7,1,8,-52,10,3550,25916,187,100,1,0,0
2998,10,6,1024,0,690,22,7,7,1,8,-52,1,902,9880,180,100,2,0,0
2998,16,12,1280,0,768,12,411,7,1,3,-52,2,691,8899,180,100,4,1,3
2999,3,2,768,20,684,14,9,7,1,2,-52,8,725,18044,197,100,2,0,0
3000,12,8,1024,0,869,16,35,7,1,4,-52,6,2539,24908,187,100,4,0,0
3000,21,17,1536,0,705,15,8,5,1,3,-52,0,1252,9719,168,100,3,0,0
3005,2,1,645,80,695,22,1,6,2,7,-88,8,2838,15157,195,100,1,0,0
3001,14,11,1280,0,724,28,11,7,1,10,-70,1,994,9503,179,100,1,0,0
3006,1,0,256,0,26,0,0,4,0,0,0,10,2732,32014,2484,100,2,0,0
2999,19,18,1792,30,398,27,3,7,1,11,-52,1,1292,17683,91,100,3,0,0
3007,8,4,768,60,820,20,45,7,1,8,-52,10,2730,18689,187,100,2,0,0
3007,5,4,768,0,702,12,1,6,1,1,-52,0,645,10852,198,100,2,0,0
3003,13,8,1024,0,913,20,7,7,1,6,-70,2,2394,19618,187,100,4,0,0
3003,6,2,768,10,697,12,6,7,1,4,-52,3,2604,18151,177,100,2,0,0
3004,16,12,1280,0,770,12,413,7,1,3,-52,2,899,9955,180,100,4,1,3
3003,11,6,1024,20,804,23,46,7,1,8,-70,4,2455,15337,184,100,3,0,0
3004,9,8,1024,0,862,15,3,7,1,5,-52,0,695,6378,189,100,1,0,0
2997,20,19,1792,0,688,28,18,7,1,10,-52,0,898,11637,126,100,2,0,0
3006,14,11,1280,0,726,28,11,7,1,10,-70,1,1211,10646,179,100,1,0,0
3005,7,8,1024,0,762,20,12,7,1,8,-52,6,677,14638,194,100,1,1,1
3005,21,17,1536,0,706,15,8,5,1,3,-52,0,399,5476,168,100,1,0,0
3009,2,1,512,20,696,22,1,6,2,7,-88,9,2673,14553,195,100,1,0,0
3008,3,2,768,0,686,14,9,7,1,2,-52,8,803,16759,198,100,3,0,0
3006,15,12,1280,10,779,9,23,7,1,3,-70,1,1343,14947,183,100,5,0,0
3010,4,1,512,0,723,19,5,7,2,5,-66,10,5124,29048,198,100,2,1,1
3008,17,13,1280,0,811,11,414,7,1,2,-52,1,1913,14554,168,100,5,1,3
3012,5,4,768,0,705,12,1,6,1,1,-52,0,569,6384,199,100,0,0,0
3012,1,0,256,0,26,0,0,4,0,0,0,10,2043,19905,2493,100,1,0,0
3012,8,4,768,10,823,20,45,7,1,8,-52,10,2545,17786,188,100,2,0,0
3012,6,2,768,50,699,12,6,7,1,4,-52,5,3078,23566,178,100,1,0,0
3009,10,6,1024,0,691,22,7,7,1,8,-52,1,810,16566,180,100,2,0,0
3011,12,8,1024,10,875,16,37,7,1,4,-52,6,1993,23379,188,100,5,0,0
3008,18,14,1536,10,496,18,5,5,1,3,-52,1,2040,19962,181,100,3,0,0
3015,3,2,768,0,686,14,9,7,1,2,-52,8,313,11802,198,100,1,0,0
3011,21,17,1536,0,708,15,8,5,1,3,-52,0,819,8492,169,100,2,0,0
3013,14,11,1295,50,728,29,11,7,1,10,-70,2,2035,16479,180,100,3,0,0
3011,15,12,1280,0,780,9,23,7,1,3,-70,1,447,6755,184,100,2,0,0
3007,20,19,1792,10,692,28,18,7,1,10,-52,0,900,11478,126,100,3,0,0
3013,13,8,1024,10,919,20,7,7,1,6,-70,2,2349,18211,187,100,4,0,0
3012,17,13,1280,0,812,11,415,7,1,2,-52,1,782,6858,168,100,2,1,3
3016,5,4,768,10,707,12,1,6,1,1,-52,0,391,5699,199,100,1,0,0
3016,18,14,1536,10,500,18,5,5,1,3,-52,1,1725,13564,182,100,1,0,0
3013,9,8,1024,0,866,15,3,7,1,5,-52,0,929,8550,189,100,4,0,0
3015,14,10,1734,0,728,30,11,7,1,11,-52,2,1339,11268,180,100,0,0,0
3013,16,12,1280,0,775,12,416,7,1,3,-52,2,1097,14985,181,100,7,1,3
3018,10,6,1478,10,698,22,7,7,1,8,-52,2,2241,15848,181,100,4,0,0
3019,4,1,512,40,728,19,5,7,2,5,-66,10,5127,28337,199,100,3,1,1
3015,7,8,1024,0,766,20,12,7,1,8,-52,6,1084,19059,194,100,3,1,1
3015,12,8,1024,10,876,16,38,7,1,4,-52,6,1149,10173,188,100,2,0,0
3021,2,1,512,10,703,22,1,6,3,7,-88,9,6038,35696,196,100,4,0,0
3020,8,4,768,30,826,20,45,7,1,8,-52,10,4402,28016,188,100,4,0,0
3021,6,2,885,10,700,12,6,7,1,4,-52,5,2999,22870,178,100,2,0,0
3020,18,14,1536,0,502,18,5,5,1,3,-52,1,602,8986,182,100,1,0,0
3017,9,8,1024,20,867,15,3,7,1,5,-52,0,484,4514,190,100,1,0,0
3023,1,0,256,0,26,0,0,4,0,0,0,10,2926,36811,2506,100,2,0,0
3021,13,8,1024,0,922,20,7,7,1,6,-70,3,1367,13639,188,100,1,0,0
3021,15,12,1280,0,784,9,23,7,1,3,-70,1,1044,13042,184,100,3,0,0
3024,10,6,1478,10,699,22,8,7,1,8,-52,2,1418,11141,181,100,2,0,0
3020,21,17,1536,0,713,15,8,5,1,3,-52,1,1327,11923,169,100,5,0,0
3025,3,2,885,0,689,14,10,7,1,2,-52,8,979,21967,199,100,3,0,0
3022,9,8,1024,0,869,15,3,7,1,5,-52,0,453,4979,190,100,1,0,0
3026,5,4,768,0,710,12,1,6,1,1,-52,0,970,12825,200,100,2,0,0
3022,12,8,1024,0,878,16,38,7,1,4,-52,6,1150,16097,189,100,3,0,0
3023,16,12,1280,0,779,12,418,7,1,3,-52,2,841,14070,181,100,4,1,3
3028,1,0,256,0,26,0,0,4,0,0,0,10,952,15225,2510,100,1,0,0
3025,7,8,1024,0,771,20,12,7,1,8,-52,6,1042,18178,195,100,3,1,1
3029,6,2,885,30,704,12,6,7,1,4,-52,5,1758,17888,179,100,1,0,0
3025,14,10,1734,0,733,31,11,7,1,11,-52,2,1727,21247,181,100,4,0,0
3030,4,1,512,0,730,19,5,7,2,5,-66,10,5018,30388,199,100,2,1,1
3029,10,6,1478,0,701,22,8,7,1,8,-52,2,853,7554,182,100,2,0,0
3030,2,1,512,10,706,22,1,6,3,7,-88,9,4034,26312,197,100,2,0,0
3027,13,8,1024,0,927,20,7,7,1,6,-70,3,1634,11322,188,100,3,0,0
3030,14,10,1734,10,734,31,11,7,1,11,-52,2,612,9724,181,100,1,0,0
3032,8,4,768,60,830,20,45,7,1,8,-52,10,4752,36878,189,100,3,0,0
3033,10,6,1141,0,701,22,8,7,1,8,-52,2,616,6901,182,100,1,0,0
3027,16,12,1280,0,781,12,420,7,1,3,-52,2,699,7341,182,100,3,1,3
3028,17,13,1280,10,818,11,418,7,1,2,-52,2,1139,10711,169,100,3,1,3
3034,3,2,885,0,692,14,10,7,1,2,-52,8,776,19199,199,100,2,0,0
3036,1,0,256,0,26,0,0,4,0,0,0,10,1502,22561,2519,100,1,0,0
3036,6,2,885,0,708,12,6,7,1,4,-52,5,1775,16590,179,100,3,0,0
3032,9,8,1024,10,872,15,3,7,1,5,-52,0,817,10066,191,100,3,0,0
3032,21,17,1536,0,717,15,8,5,1,3,-52,1,1128,14511,170,100,3,0,0
3036,14,10,1734,0,736,31,11,7,1,11,-52,2,570,13843,181,100,2,0,0
3034,13,8,1024,0,931,20,7,7,1,6,-70,3,1826,13234,189,100,3,0,0
3037,5,4,768,0,713,12,1,6,1,1,-52,0,1007,14713,200,100,2,0,0
3033,16,12,1280,10,783,12,421,7,1,3,-52,2,525,9569,182,100,3,1,3
3039,8,4,768,40,832,20,45,7,1,8,-52,10,3218,22365,189,100,2,0,0
3035,17,13,1280,0,821,11,420,7,1,2,-52,2,1472,12169,170,100,4,1,3
3035,7,8,1024,0,773,20,12,7,1,8,-52,6,777,17680,196,100,3,1,1
3034,12,8,1024,0,883,16,38,7,1,4,-52,6,2714,26790,190,100,4,0,0
3041,4,1,512,20,732,19,5,7,2,5,-66,10,5261,30921,200,100,2,1,1
3042,1,0,256,0,26,0,0,4,0,0,0,10,1582,19018,2525,100,2,0,0
3038,9,8,1024,0,874,15,3,7,1,5,-52,0,776,6507,191,100,2,0,0
3042,2,1,512,10,708,22,1,6,3,7,-88,8,3483,29837,197,100,2,0,0
3042,6,2,885,10,709,12,6,7,1,4,-52,5,1364,15183,180,100,1,0,0
3039,12,8,1024,20,886,16,38,7,1,4,-52,6,1089,10494,190,100,2,0,0
3043,5,4,768,0,714,12,1,6,1,1,-52,0,509,7005,201,100,1,0,0
3041,10,6,1141,0,703,22,8,7,1,8,-52,2,1471,14621,183,100,2,0,0
3043,3,2,885,10,695,14,10,7,1,2,-52,8,841,17385,200,100,2,0,0
3041,13,8,1024,0,934,20,7,7,1,6,-70,3,1179,10530,189,100,3,0,0
3039,15,12,1280,20,792,9,24,7,1,3,-70,1,836,8342,186,100,4,0,0
3046,1,0,256,0,26,0,0,4,0,0,0,10,870,14555,2530,100,0,0,0
3046,14,10,1397,0,738,31,11,7,1,11,-52,2,703,18943,182,100,3,0,0
3047,8,4,768,80,836,20,45,7,1,8,-52,10,4022,28875,190,100,3,0,0
3044,12,8,1024,0,888,16,38,7,1,4,-52,7,1328,11699,190,100,1,0,0
3048,10,6,1141,0,706,22,8,7,1,8,-52,2,907,9939,183,100,2,0,0
3049,2,1,512,10,710,22,1,6,3,7,-88,8,2690,16958,198,100,1,0,0
3021,11,12,1408,80,810,25,46,7,0,9,-52,4,632,13752,186,100,2,0,0
3049,4,1,512,10,734,19,5,7,2,5,-66,10,3554,25165,201,100,1,1,1
3031,11,12,1408,90,813,25,46,7,0,9,-52,4,749,15851,186,100,3,0,0
3044,15,12,1293,30,793,9,24,7,1,3,-70,1,761,7764,186,100,1,0,0
3046,17,13,1280,0,824,11,423,7,1,2,-52,2,1567,17372,171,100,7,1,3
3051,1,0,256,0,26,0,0,4,0,0,0,10,1334,14970,2535,100,1,0,0
3041,11,12,1408,70,817,25,46,7,0,9,-52,4,775,17865,187,100,3,0,0
3045,9,8,1024,20,876,15,3,7,1,5,-52,0,507,7130,191,100,3,0,0
3052,5,4,768,0,718,12,1,6,1,1,-52,0,843,10225,201,100,1,0,0
3049,13,8,1024,0,937,20,7,7,1,6,-70,3,1444,14543,190,100,2,0,0
3048,21,17,1536,0,724,15,8,5,1,3,-52,1,859,8154,171,100,2,0,0
3049,19,16,1636,10,421,30,3,7,1,12,-70,1,721,8251,94,100,1,0,0
3052,6,2,885,10,712,12,6,7,1,4,-52,5,2424,22371,180,100,2,0,0
3052,3,2,885,0,697,14,10,7,1,2,-52,8,854,19101,201,100,2,0,0
3052,10,6,1141,0,708,22,8,7,1,8,-52,2,532,6520,183,100,1,0,0
3050,9,8,1024,0,877,15,3,7,1,5,-52,0,453,4742,192,100,1,0,0
3052,17,13,1280,10,826,11,424,7,1,2,-52,2,844,9850,171,100,4,1,3
3052,12,8,1024,0,893,16,38,7,1,4,-52,7,2685,20014,191,100,4,0,0
3052,11,6,1141,20,821,27,46,7,1,10,-70,4,2443,21712,188,100,4,0,0
3051,15,12,1280,20,797,9,24,7,1,3,-70,1,1088,11085,186,100,4,0,0
3055,4,1,512,30,739,19,5,7,2,5,-66,10,3828,17634,201,100,1,1,1
3056,2,1,512,0,710,22,1,6,3,7,-88,8,3797,21230,198,100,2,0,0
3056,1,0,256,0,26,0,0,4,0,0,0,10,1632,16995,2543,100,1,0,0
3057,5,4,768,0,719,12,1,6,1,1,-52,0,555,6626,202,100,1,0,0
3058,14,10,1397,0,740,31,11,7,1,11,-52,2,751,23102,183,100,3,0,0
3060,3,2,885,10,700,14,10,7,1,2,-52,8,607,13102,201,100,1,0,0
3060,6,2,885,0,716,12,6,7,1,4,-52,5,2782,21065,181,100,1,0,0
3058,13,8,1024,0,943,20,7,7,1,6,-70,3,1960,15767,190,100,4,0,0
3060,10,6,1141,20,712,22,8,7,1,8,-52,2,1339,13583,184,100,3,0,0
3059,12,8,1024,10,894,16,39,7,1,4,-52,7,1513,16134,191,100,3,0,0
3064,1,0,256,0,26,0,0,4,0,0,0,10,1624,24873,2551,100,2,0,0
3062,17,13,1280,20,831,11,426,7,1,2,-52,2,1680,16468,172,100,5,1,3
3062,11,6,1141,0,824,27,46,7,1,10,-70,4,1227,19981,188,100,3,0,0
3064,7,2,885,0,780,22,12,7,1,9,-70,5,1262,14853,198,100,4,1,1
3053,18,15,1792,70,511,22,5,5,0,5,-70,1,798,11872,183,100,2,0,0
3066,4,1,512,0,742,19,5,7,2,5,-66,10,3975,32678,202,42,2,1,1
3067,3,2,885,20,701,14,10,7,1,2,-52,8,539,14078,202,100,2,0,0
3068,2,1,512,10,712,22,1,6,3,7,-88,9,4416,31554,199,100,2,0,0
3066,15,12,1280,0,803,9,26,7,1,3,-70,1,594,8402,187,100,2,0,0
3069,17,13,1280,0,833,11,428,7,1,2,-52,2,1059,11634,172,100,5,1,3
3070,6,2,885,30,717,12,6,7,1,4,-52,5,1701,20697,181,100,2,0,0
3070,7,2,885,10,781,22,12,7,1,9,-70,5,643,11027,198,100,1,1,1
3066,19,16,1536,0,429,31,3,7,1,12,-70,0,1280,17254,95,100,4,0,0
3070,10,6,1141,10,713,22,8,7,1,8,-52,2,1329,15644,185,100,2,0,0
3058,18,15,1792,80,513,22,5,5,0,5,-70,1,240,6336,184,100,2,0,0
3073,4,1,512,0,744,19,5,7,2,5,-66,10,2099,18761,202,41,1,1,1
3073,8,4,768,0,847,20,45,7,2,8,-52,10,2848,22406,192,100,2,0,0
3070,14,10,1397,20,745,31,11,7,1,11,-52,2,1944,25994,184,100,4,0,0
3072,19,16,1536,0,431,31,3,7,1,12,-70,0,617,8585,95,100,2,0,0
3062,18,15,1792,90,514,22,5,5,0,5,-70,1,307,5567,184,100,1,0,0
3074,1,0,256,0,26,0,0,4,0,0,0,10,2368,32347,2561,100,2,0,0
3075,3,2,885,0,704,14,10,7,1,2,-52,8,851,16471,202,100,1,0,0
3071,18,14,1653,20,518,24,5,5,1,6,-52,1,1386,14751,184,100,2,0,0
3074,21,17,1536,0,736,15,8,5,1,3,-52,1,1320,11486,173,100,4,0,0
3075,7,2,885,0,782,22,12,7,1,9,-70,5,501,9454,198,100,1,1,1
3074,11,6,1141,0,827,27,46,7,1,10,-70,3,946,20302,189,100,5,0,0
3076,6,2,885,0,719,12,6,7,1,4,-52,5,2452,17437,182,100,1,0,0
3075,14,10,1397,0,747,31,11,7,1,11,-52,2,1100,12808,184,100,2,0,0
3079,2,1,512,20,717,22,1,6,2,7,-88,9,7176,36502,200,100,2,0,0
3077,10,6,1141,0,714,22,8,7,1,8,-52,2,2201,14271,185,100,2,0,0
3078,8,4,768,10,848,20,45,7,2,8,-52,10,2074,16977,192,100,2,0,0
3079,5,4,768,0,723,12,1,6,1,1,-52,0,677,11870,203,100,1,0,0
3081,4,1,512,0,745,19,5,7,2,5,-66,10,3076,23740,203,50,2,1,1
3081,6,2,885,0,721,12,6,7,1,4,-52,5,1387,12205,182,100,1,0,0
3080,21,17,1536,0,737,15,8,5,1,3,-52,1,396,6428,173,100,1,0,0
3082,1,0,256,0,26,0,0,4,0,0,0,10,1699,22811,2568,100,1,0,0
3082,3,2,768,0,709,14,10,7,1,2,-52,8,1100,15532,203,100,3,0,0
3079,16,12,1280,0,797,12,436,7,1,3,-52,2,1905,19813,185,100,8,1,3
3081,9,8,1024,0,890,15,3,7,1,5,-52,0,787,8864,194,100,2,0,0
3081,18,14,1653,0,521,24,5,5,1,6,-52,1,1625,16127,185,100,3,0,0
3080,11,6,1141,0,828,27,46,7,1,10,-70,3,527,11573,189,100,1,0,0
3085,18,14,1653,0,522,24,5,5,1,6,-52,1,479,6261,185,100,1,0,0
3087,3,2,768,0,709,14,10,7,1,2,-52,8,194,8335,203,100,0,0,0
3087,14,10,1397,0,756,31,11,7,1,11,-52,2,1949,23661,185,100,4,0,0
3087,7,2,885,0,787,22,12,7,1,9,-70,5,1627,22305,199,100,3,1,1
3088,6,2,768,10,723,12,6,7,1,4,-52,5,2091,16641,182,100,1,0,0
3088,4,1,512,0,745,19,5,7,2,5,-66,10,1652,17893,203,36,1,1,1
3087,10,6,1141,0,718,22,8,7,1,8,-52,2,2148,17456,186,100,3,0,0
3088,5,4,768,0,725,12,1,6,1,1,-52,0,975,11656,204,100,2,0,0
3090,1,0,256,0,26,0,0,4,0,0,0,10,1401,20444,2573,100,1,0,0
3089,2,1,512,10,721,22,1,6,2,7,-88,9,4750,29051,200,100,4,0,0
3091,3,2,768,0,711,14,10,7,1,2,-52,8,523,11478,203,100,1,0,0
3091,18,14,1653,10,525,24,5,5,1,6,-52,1,593,9342,186,100,2,0,0
3093,6,2,768,0,724,12,6,7,1,4,-52,5,1084,11915,183,100,1,0,0
3094,4,1,512,0,747,19,5,7,2,5,-66,10,1661,16360,204,41,1,1,1
3092,14,10,1397,10,760,31,11,7,1,11,-52,2,1005,11887,185,100,1,0,0
3090,16,12,1280,10,805,12,440,7,1,3,-52,2,2212,19557,186,100,9,1,3
3092,11,6,1141,0,831,27,46,7,1,10,-70,3,871,21266,190,100,4,0,0
3096,7,2,885,0,789,22,13,7,1,9,-70,5,730,16023,200,100,3,1,1
3097,2,1,512,0,723,22,1,6,2,7,-88,9,2785,19880,201,100,1,0,0
3099,1,0,256,0,26,0,0,4,0,0,0,10,1729,25433,2582,100,2,0,0
3100,8,4,768,0,858,20,45,7,2,8,-52,10,4472,34838,193,100,3,0,0
3098,10,6,1141,20,720,22,8,7,1,8,-52,2,1921,18765,187,100,2,0,0
3098,16,12,1280,0,806,12,441,7,1,3,-52,2,1089,12386,187,100,3,1,3
3097,18,14,1653,10,528,24,5,5,1,6,-52,1,761,10223,186,100,1,0,0
3101,6,2,768,0,726,12,6,7,1,4,-52,5,2390,20282,183,100,1,0,0
3102,3,2,768,0,713,14,10,7,1,2,-52,8,777,19598,204,100,2,0,0
3102,7,2,885,0,791,22,13,7,1,9,-70,5,649,11505,200,100,2,1,1
3099,21,17,1536,10,749,15,8,5,1,3,-52,1,1588,14502,174,100,4,0,0
3104,4,1,512,0,749,20,5,7,2,5,-66,10,2436,26418,204,31,2,1,1
3103,2,1,512,10,723,22,1,6,2,7,-88,9,2649,16163,201,100,1,0,0
3102,14,10,1397,10,763,31,11,7,1,11,-52,2,1534,21680,186,100,3,0,0
3102,16,12,1280,10,808,12,443,7,1,3,-52,2,820,7916,187,100,4,1,3
3103,10,6,1141,0,721,22,8,7,1,8,-52,2,1149,8681,187,100,0,0,0
3103,18,14,1653,0,531,24,5,5,1,6,-52,1,741,8669,186,100,1,0,0
3104,9,8,1024,0,898,15,3,7,1,5,-52,0,393,4658,195,100,1,0,0
3104,11,6,1141,10,836,27,46,7,1,10,-70,3,1338,21387,191,100,4,0,0
3108,1,0,256,0,26,0,0,4,0,0,0,10,1715,26136,2589,100,2,0,0
3109,4,1,512,0,749,20,5,7,2,5,-66,10,1042,12591,205,22,1,1,1
3108,10,6,1141,0,722,22,8,7,1,8,-52,2,850,8814,187,100,1,0,0
3107,7,2,1043,30,792,22,13,7,1,9,-70,5,382,8865,201,100,1,1,1
3108,12,8,1024,20,916,16,39,7,1,4,-52,7,1391,15213,195,100,2,0,0
3108,18,14,1653,0,533,24,5,5,1,6,-52,0,811,8832,187,100,1,0,0
3111,6,2,768,30,728,12,6,7,1,4,-52,5,2886,24324,184,100,2,0,0
3108,11,6,1141,0,837,27,46,7,1,10,-70,3,714,9190,191,100,1,0,0
3109,14,10,1397,0,764,31,11,7,1,11,-52,2,1521,16351,186,100,2,0,0
3113,7,2,768,0,793,22,13,7,1,9,-70,5,795,11458,201,100,1,1,1
3114,4,1,512,0,750,20,5,7,2,5,-66,10,1238,14840,205,25,1,1,1
3115,2,1,621,20,725,22,1,6,2,7,-88,10,6383,35336,202,100,4,0,0
3112,3,2,768,10,717,14,10,7,1,2,-52,8,1329,22992,205,100,2,0,0
3112,19,16,1536,0,450,31,3,7,1,12,-70,0,420,10620,98,100,1,0,0
3116,6,2,768,40,730,12,6,7,1,4,-52,6,1602,11557,184,100,1,0,0
3117,7,2,768,0,793,22,13,7,1,9,-70,5,165,7486,201,100,0,1,1
3118,1,0,256,0,26,0,0,4,0,0,0,10,1826,26624,2596,100,1,0,0
3116,17,13,1280,10,854,11,439,7,1,2,-52,2,1074,12561,175,100,4,1,3
3115,10,6,1141,0,725,22,8,7,1,8,-52,3,1740,13272,188,100,2,0,0
3115,11,6,1141,0,839,27,46,7,1,10,-70,3,576,12170,192,100,2,0,0
3120,2,1,512,0,725,22,1,6,2,7,-88,10,2187,13559,202,100,1,0,0
3118,14,10,1397,20,768,31,11,7,1,11,-52,2,1115,15996,187,100,3,0,0
3118,18,14,1653,10,538,24,5,5,1,6,-52,0,1085,15347,188,100,2,0,0
3121,3,2,768,0,719,14,10,7,1,2,-52,8,990,18323,205,100,2,0,0
3120,13,8,1024,10,971,20,7,7,1,6,-70,3,2590,20125,195,100,5,0,0
3122,6,2,768,0,730,12,6,7,1,4,-52,6,1958,15977,185,100,1,0,0
3123,18,14,1653,0,541,24,5,5,1,6,-52,0,824,8309,188,100,2,0,0
3123,21,17,1536,0,761,15,8,5,1,3,-52,1,764,11796,176,100,2,0,0
3126,7,2,768,0,795,22,13,7,1,9,-70,5,873,15443,202,100,3,1,1
3126,4,1,512,0,752,20,5,7,2,5,-66,10,3349,31285,206,36,3,1,1
3127,1,0,256,0,26,0,0,4,0,0,0,10,1726,25006,2605,100,2,0,0
3128,2,1,512,10,725,22,1,6,2,7,-88,10,3160,22900,203,100,1,0,0
3126,11,6,1141,10,843,27,46,7,1,10,-70,3,1356,19520,193,100,3,0,0
3128,12,8,1024,10,925,16,40,7,1,4,-52,5,1826,19618,196,100,4,0,0
3127,10,6,1141,10,734,22,8,7,1,8,-52,3,2586,24155,189,100,3,0,0
3129,3,2,768,0,721,14,10,7,1,2,-52,8,740,16931,206,100,1,0,0
3130,6,2,768,20,731,12,6,7,1,4,-52,6,1941,18447,185,100,2,0,0
3130,4,1,512,10,754,20,5,7,2,5,-66,10,1282,10522,206,50,2,1,1
3129,17,13,1280,0,859,11,442,7,1,2,-52,2,1216,13250,176,100,5,1,3
3128,16,12,1280,0,814,12,451,7,1,3,-52,1,1293,11945,189,100,6,1,3
3130,14,10,1397,10,771,31,11,7,1,11,-52,2,2052,22875,188,100,3,0,0
3133,7,2,768,10,797,22,13,7,1,9,-70,5,595,11953,202,100,2,1,1
3135,1,0,256,0,26,0,0,4,0,0,0,10,1871,24105,2612,100,2,0,0
3133,12,8,1024,10,927,16,40,7,1,4,-52,5,930,12719,196,100,2,0,0
3136,10,6,1141,0,735,22,8,7,1,8,-52,3,1343,13985,189,100,2,0,0
3137,4,1,512,0,755,20,5,7,2,5,-66,10,1926,18907,206,25,1,1,1
3137,3,2,768,0,723,14,10,7,1,2,-52,8,621,14572,206,100,2,0,0
3134,18,14,1653,10,543,24,5,5,1,6,-52,0,809,15569,189,100,2,0,0
3136,7,2,768,10,798,22,13,7,1,9,-70,5,394,8711,203,100,1,1,1
3133,21,17,1536,10,763,15,8,5,1,3,-52,1,723,11659,177,100,4,0,0
3136,19,16,1536,20,460,31,3,7,1,12,-70,0,819,14480,100,100,2,0,0
3140,2,1,512,10,729,22,1,6,2,7,-88,10,6418,35024,204,100,2,0,0
3140,1,0,256,0,26,0,0,4,0,0,0,10,1160,14577,2618,100,1,0,0
3137,6,2,768,20,734,12,6,7,1,4,-52,6,2280,19701,186,100,1,0,0
3135,11,6,1141,0,846,27,46,7,1,10,-70,3,777,16368,193,100,4,0,0
3142,8,4,768,0,868,20,45,7,2,8,-52,8,2721,21321,196,100,1,0,0
3141,4,1,512,10,755,20,5,7,2,5,-66,9,1439,10710,207,50,1,1,1
3141,14,10,1397,0,774,31,11,7,1,11,-52,2,1502,20072,188,100,3,0,0
3142,21,17,1536,0,765,15,8,5,1,3,-52,1,834,11437,177,100,3,0,0
3142,11,6,1141,0,850,27,46,7,1,10,-70,3,1142,12765,194,100,1,0,0
3148,2,1,527,50,736,22,1,6,2,7,-88,10,5508,24609,204,100,2,0,0
3143,10,6,1141,20,738,22,8,7,1,8,-52,3,1494,13428,190,100,2,0,0
3142,18,14,1653,10,546,24,5,5,1,6,-52,0,909,13216,189,100,1,0,0
3145,3,2,768,20,726,14,10,7,1,2,-52,8,580,16205,207,100,1,0,0
3149,7,2,768,10,801,22,13,7,1,9,-70,5,1164,21237,203,100,3,1,1
3149,4,1,512,0,758,20,5,7,2,5,-66,9,2054,19150,207,31,2,1,1
3150,6,2,1138,10,739,12,6,7,1,4,-52,6,3374,28570,187,100,2,0,0
3152,1,0,256,0,26,0,0,4,0,0,0,10,2579,33522,2627,100,2,0,0
3150,14,10,1397,20,779,31,11,7,1,11,-52,2,1747,18256,189,100,3,0,0
3149,21,17,1536,10,770,15,8,5,1,3,-52,1,915,9024,178,100,3,0,0
3149,18,14,1653,10,548,24,5,5,1,6,-52,0,624,10470,190,100,2,0,0
3151,13,8,1024,20,984,20,7,7,1,6,-70,3,2931,21004,197,100,4,0,0
3150,17,13,1280,10,863,11,447,7,1,2,-52,2,1005,9880,178,100,3,1,3
3152,9,8,1024,0,914,15,3,7,1,5,-52,0,709,5578,198,100,2,0,0
3152,10,6,1141,10,740,22,8,7,1,8,-52,3,1867,17944,190,100,1,0,0
3156,8,4,768,0,875,20,45,7,2,8,-52,8,2065,14906,197,100,1,0,0
3153,16,12,1280,0,822,12,459,7,1,3,-52,1,1240,12444,190,100,4,1,3
3153,11,6,1141,0,852,27,46,7,1,10,-70,3,739,18669,194,100,3,0,0
3153,21,17,1536,10,771,15,8,5,1,3,-52,1,427,5267,178,100,1,0,0
3157,6,2,1138,0,741,12,6,7,1,4,-52,6,1918,16638,187,100,2,0,0
3155,5,4,768,0,744,12,1,6,1,1,-52,0,728,8238,208,100,2,0,0
3156,13,8,1024,0,988,20,7,7,1,6,-70,3,1287,10133,197,100,2,0,0
3157,3,2,768,0,729,14,10,7,1,2,-52,8,1189,24670,207,100,2,0,0
3158,4,1,512,0,761,20,5,7,2,5,-66,9,4118,23964,208,77,2,1,1
3159,2,1,557,0,739,22,1,6,2,7,-88,10,5219,31984,205,100,2,0,0
3160,1,0,256,0,26,0,0,4,0,0,0,10,1877,22717,2637,100,1,0,0
3158,9,8,1024,0,916,15,3,7,1,5,-52,0,549,6239,199,100,2,0,0
3158,17,13,1280,10,865,11,449,7,1,2,-52,2,996,12231,178,100,5,1,3
3161,8,4,768,0,876,20,45,7,2,8,-52,8,2200,16135,198,100,3,0,0
3161,7,2,768,0,801,22,13,7,1,9,-70,5,872,20238,204,100,3,1,1
3160,14,10,1397,10,782,31,11,7,1,11,-52,2,1374,18398,190,100,2,0,0
3161,18,14,1653,0,551,24,5,5,1,6,-52,0,859,17494,190,100,2,0,0
3163,12,8,1024,0,939,16,41,7,1,4,-52,4,2063,23772,198,100,6,0,0
3161,3,2,768,10,731,14,10,7,1,2,-52,8,454,9581,208,100,1,0,0
3161,19,16,1536,10,466,31,3,7,1,12,-70,0,880,17381,101,100,3,0,0
3160,11,6,1141,10,858,27,46,7,1,10,-70,3,898,12997,195,100,2,0,0
3164,10,6,1141,10,743,22,8,7,1,8,-52,3,1982,20564,191,100,4,0,0
3165,2,1,512,0,740,22,1,6,2,7,-88,10,3389,17785,205,100,1,0,0
3165,7,2,768,0,804,22,13,7,1,9,-70,6,818,9919,204,0,1,1,1
3167,6,2,1138,0,743,12,6,7,1,4,-52,6,2663,23795,188,100,1,0,0
3167,8,4,768,30,878,20,45,7,1,8,-52,8,2007,18224,198,100,3,0,0
3167,9,8,1024,0,918,15,3,7,1,5,-52,0,493,6517,199,100,2,0,0
3166,5,4,768,0,746,12,1,6,1,1,-52,0,655,13249,209,100,1,0,0
3166,3,2,768,0,731,14,10,7,1,2,-52,8,510,9344,208,100,1,0,0
3161,21,17,1536,0,773,15,8,5,1,3,-52,1,747,10001,178,100,2,0,0
3167,14,10,1397,0,783,31,11,7,1,11,-52,2,923,13054,190,100,3,0,0
3165,16,12,1280,20,825,12,462,7,1,3,-52,1,1729,19340,191,100,6,1,3
3165,19,16,1536,0,470,31,3,7,1,12,-70,0,709,7143,102,100,2,0,0
3169,4,1,512,30,766,20,5,7,2,5,-66,9,4290,27318,209,100,4,1,1
3168,13,8,1024,30,994,20,7,7,1,6,-70,3,2217,18025,198,100,4,0,0
3130,15,10,1525,70,825,11,26,7,0,4,-70,1,706,10939,190,100,4,0,0
3170,1,0,256,0,26,0,0,4,0,0,0,10,2447,31418,2649,100,2,0,0
3168,18,14,1653,10,552,24,5,5,1,6,-52,0,424,11022,191,100,1,0,0
3167,17,13,1280,0,869,11,451,7,1,2,-52,2,1635,15289,179,100,5,1,3
3168,21,17,1536,0,775,15,8,5,1,3,-52,1,863,8485,179,100,3,0,0
3171,7,2,768,0,805,22,13,7,1,9,-70,6,892,10094,205,100,2,1,1
3138,15,10,1525,100,827,11,26,7,0,4,-70,1,384,9422,191,100,2,0,0
3172,12,8,1024,10,942,16,41,7,1,4,-52,4,1756,18212,199,100,2,0,0
3172,2,1,512,20,743,22,1,6,2,7,-88,10,3823,21959,206,100,1,0,0
3171,5,4,768,10,746,12,1,6,1,1,-52,0,377,5633,209,100,1,0,0
3170,16,12,1280,0,827,12,463,7,1,3,-52,1,1002,6934,191,100,3,1,3
3143,15,10,1525,80,828,11,26,7,0,4,-70,1,383,6214,191,100,1,0,0
3173,13,8,1024,0,994,20,7,7,1,6,-70,3,1284,9851,198,100,1,0,0
3172,11,7,1024,10,865,29,46,7,1,11,-52,3,1726,21551,195,100,4,0,0
3172,19,16,1536,0,472,31,3,7,1,12,-70,0,639,9347,102,100,2,0,0
3173,10,6,1141,30,744,22,8,7,1,8,-52,3,2145,16399,192,100,2,0,0
3151,15,10,1525,90,830,11,26,7,0,4,-70,1,463,9333,192,100,2,0,0
3175,7,2,768,0,806,22,13,7,1,9,-70,6,1020,8282,205,50,1,1,1
3175,8,4,768,10,881,20,45,7,1,8,-52,8,3829,27278,198,100,2,0,0
3176,4,1,512,10,766,20,5,7,2,5,-66,9,2660,16373,209,100,1,1,1
3158,15,10,1525,80,832,11,26,7,0,4,-70,1,701,8901,192,100,3,0,0
3163,15,10,1525,100,834,11,26,7,0,4,-70,1,674,6133,193,100,2,0,0
3176,3,2,768,0,732,14,10,7,1,2,-52,8,799,19830,209,100,1,0,0
3176,16,12,1280,0,831,12,465,7,1,3,-52,1,1220,9067,192,100,4,1,3
3178,2,1,512,10,746,22,1,6,2,7,-88,10,3527,17325,206,100,1,0,0
3176,21,17,1536,0,779,15,8,5,1,3,-52,1,818,10211,179,100,2,0,0
3178,6,2,1138,20,744,12,6,7,1,4,-52,6,3011,26946,188,100,3,0,0
3178,9,8,1024,10,922,15,3,7,1,5,-52,0,1057,11600,200,100,4,0,0
3175,15,10,1397,20,838,11,26,7,1,4,-70,1,2625,15190,193,100,4,0,0
3179,7,2,768,0,807,22,13,7,1,9,-70,6,675,8397,205,100,1,1,1
3180,12,8,1024,0,945,16,42,7,1,4,-52,4,1632,15477,199,100,4,0,0
3180,1,0,256,0,26,0,0,4,0,0,0,10,2360,28693,2663,100,2,0,0
3179,19,16,1536,20,476,31,3,7,1,12,-70,0,683,9942,103,100,2,0,0
3181,13,8,1024,60,996,20,7,7,1,6,-70,3,1314,15442,199,100,2,0,0
3177,14,10,1397,10,789,31,11,7,1,11,-52,1,1610,16572,191,100,3,0,0
3176,18,14,1653,0,553,24,5,5,1,6,-52,0,503,10411,191,100,1,0,0
3182,8,4,768,0,883,20,45,7,1,8,-52,8,2534,19373,199,100,2,0,0
3181,16,12,1280,0,833,12,467,7,1,3,-52,1,986,6716,192,100,4,1,3
3182,10,6,1141,10,745,22,8,7,1,8,-52,3,2736,19068,192,100,1,0,0
3181,15,10,1397,0,838,11,26,7,1,4,-70,1,444,8929,194,100,1,0,0
3184,9,8,1024,10,926,15,3,7,1,5,-52,0,924,5637,200,100,2,0,0
3179,17,13,1280,10,875,11,455,7,1,2,-52,2,2182,19451,180,100,8,1,3
3184,14,10,1397,0,793,31,11,7,1,11,-52,1,1357,13215,191,100,3,0,0
3183,5,4,768,20,752,12,1,6,1,1,-52,0,1097,15183,210,100,2,0,0
3185,6,2,1138,0,745,12,6,7,1,4,-52,6,2308,18603,189,100,1,0,0
3186,4,1,512,10,770,20,5,7,2,5,-66,9,4632,25412,210,100,3,1,1
3184,7,2,768,30,808,22,13,7,1,9,-70,6,745,8883,206,100,2,1,1
3183,17,13,1280,0,876,11,456,7,1,2,-52,2,440,6403,180,100,2,1,3
3182,11,7,1024,0,869,29,46,7,1,11,-52,3,938,18834,196,100,3,0,0
3184,19,16,1536,10,477,31,3,7,1,12,-70,0,497,7582,103,100,2,0,0
3187,2,1,512,10,746,22,1,6,2,7,-88,10,4769,26168,207,100,2,0,0
3185,16,12,1280,0,835,12,467,7,1,3,-52,1,693,6089,192,100,1,1,3
3186,18,14,1653,0,556,24,5,5,1,6,-52,0,918,15156,192,100,2,0,0
3188,9,8,1024,0,928,15,3,7,1,5,-52,0,556,5126,201,100,1,0,0
3188,3,2,768,0,735,14,10,7,1,2,-52,8,929,23331,210,100,3,0,0
3188,17,13,1280,0,878,11,457,7,1,2,-52,2,807,6963,180,100,3,1,3
3189,10,6,1141,10,747,22,8,7,1,8,-52,3,1540,15051,193,100,3,0,0
3189,12,8,1024,10,950,16,42,7,1,4,-52,4,1840,18263,200,100,2,0,0
3191,1,0,256,0,26,0,0,4,0,0,0,10,2622,32856,2677,100,2,0,0
3188,21,17,1536,0,784,15,8,5,1,3,-52,1,1317,14481,180,100,3,0,0
3192,4,1,512,20,773,20,5,7,2,5,-66,9,3052,16806,210,100,2,1,1
3191,5,4,768,0,753,12,1,6,1,1,-52,0,1077,9983,211,100,2,0,0
3190,13,8,1024,0,1001,20,7,7,1,6,-70,3,2477,18828,199,100,4,0,0
3193,9,8,1024,0,929,15,3,7,1,5,-52,0,478,4526,201,100,2,0,0
3192,8,4,768,0,886,20,45,7,1,8,-52,8,4712,36519,200,100,3,0,0
3193,15,10,1397,10,844,11,26,7,1,4,-70,1,1322,16122,195,100,4,0,0
3195,6,2,1138,0,746,12,6,7,1,4,-52,6,1933,21737,189,100,2,0,0
3194,17,13,1280,0,880,11,458,7,1,2,-52,2,874,8397,180,100,3,1,3
3195,14,10,1397,0,797,31,11,7,1,11,-52,1,1555,19980,192,100,3,0,0
3195,7,2,768,0,811,22,13,7,1,9,-70,6,1593,21911,206,50,3,1,1
3197,2,1,512,30,747,22,1,6,2,7,-88,10,4893,29375,208,100,2,0,0
3196,3,2,768,0,736,14,10,7,1,2,-52,8,445,17232,210,100,1,0,0
3195,18,14,1653,0,559,24,5,5,1,6,-52,0,882,13785,193,100,2,0,0
3192,19,16,1536,10,481,31,3,7,1,12,-70,0,959,13483,104,100,2,0,0
3196,13,8,1024,40,1003,20,7,7,1,6,-70,3,1544,15004,200,100,3,0,0
3200,4,1,512,20,778,20,5,7,2,5,-66,9,4195,21464,211,100,1,1,1
3200,1,0,256,0,26,0,0,4,0,0,0,10,2011,25974,2690,100,1,0,0
3198,8,4,768,70,890,20,45,7,1,8,-52,8,2950,21477,200,100,2,0,0
3170,20,21,1920,40,753,30,18,7,0,11,-52,0,139,9045,138,100,1,0,0
3199,10,6,1141,0,756,22,8,7,1,8,-52,3,3005,23360,193,100,3,0,0
3199,5,4,768,0,755,12,1,6,1,1,-52,0,737,10447,211,100,1,0,0
3197,9,8,1024,0,930,15,3,7,1,5,-52,0,392,5370,201,100,1,0,0
3197,12,8,1024,20,953,16,42,7,1,4,-52,4,1331,16403,201,100,4,0,0
3181,20,21,1920,50,758,30,18,7,0,11,-52,0,1036,12615,138,100,5,0,0
3201,15,10,1397,0,847,11,26,7,1,4,-70,1,998,10232,195,100,4,0,0
3197,16,12,1280,0,837,12,470,7,1,3,-52,1,1394,14902,193,100,6,1,3
3200,18,14,1653,0,560,24,5,5,1,6,-52,0,502,9136,193,100,1,0,0
3200,7,2,768,0,814,22,13,7,1,9,-70,6,887,10295,207,100,1,1,1
3202,14,10,1397,0,800,31,11,7,1,11,-52,1,1182,15086,192,100,2,0,0
3193,20,21,1920,90,761,30,18,7,0,11,-52,0,963,12464,139,100,3,0,0
3198,17,13,1280,0,881,11,459,7,1,2,-52,2,1539,8762,181,100,3,1,3
3204,2,1,512,20,749,22,1,6,2,7,-88,10,3190,18040,208,100,1,0,0
3199,21,17,1536,20,789,15,8,5,1,3,-52,1,1943,16407,181,100,4,0,0
3203,8,4,768,70,892,20,45,7,1,8,-52,8,2587,16576,200,100,2,0,0
3203,16,12,1280,0,839,12,471,7,1,3,-52,1,667,7647,193,100,3,1,3
3202,9,8,1024,0,932,15,3,7,1,5,-52,0,522,5394,202,100,1,0,0
3202,20,21,1792,0,764,30,18,7,1,11,-52,0,1581,13241,140,100,4,0,0
3204,17,13,1280,10,884,11,460,7,1,2,-52,2,1326,10408,181,100,3,1,3
3207,4,1,512,0,779,20,5,7,2,5,-66,9,4129,19858,211,100,2,1,1
3204,6,2,1138,10,749,12,6,7,1,4,-52,6,2145,21695,190,100,1,0,0
3207,5,4,768,0,756,12,1,6,1,1,-52,0,751,9572,212,100,2,0,0
3208,2,1,582,70,752,22,1,6,2,7,-88,10,2464,12700,208,100,1,0,0
3204,19,16,1536,10,487,31,3,7,1,12,-70,0,1363,17249,104,100,5,0,0
3206,12,8,1024,0,957,16,42,7,1,4,-52,4,1919,18767,201,100,4,0,0
3206,3,2,768,0,740,14,10,7,1,2,-52,8,1060,20550,211,100,2,0,0
3207,21,17,1536,0,793,15,8,5,1,3,-52,1,1367,12345,181,100,2,0,0
3210,1,0,256,0,26,0,0,4,0,0,0,10,2465,29875,2700,100,2,0,0
3210,8,4,768,70,893,20,45,7,1,8,-52,8,2631,18493,201,100,1,0,0
3208,6,2,1138,10,750,12,6,7,1,4,-52,6,960,9303,190,100,1,0,0
3212,4,1,512,0,779,20,5,7,2,5,-66,9,1907,11761,211,100,1,1,1
3208,7,2,768,0,818,22,13,7,1,9,-70,6,1405,15045,207,50,2,1,1
3208,17,13,1280,0,885,11,461,7,1,2,-52,2,826,8149,181,100,3,1,3
3208,15,10,1397,0,848,11,26,7,1,4,-70,1,446,7575,196,100,2,0,0
3206,18,14,1653,10,563,24,5,5,1,6,-52,0,619,9193,193,100,1,0,0
3210,11,7,1024,0,884,29,46,7,1,11,-52,3,1258,20424,198,100,3,0,0
3210,9,8,1024,0,936,15,3,7,1,5,-52,0,1093,8062,202,100,3,0,0
3210,10,6,1141,0,758,22,8,7,1,8,-52,3,2550,21899,194,100,3,0,0
3211,14,10,1397,0,802,31,11,7,1,11,-52,1,1173,16437,193,100,3,0,0
3214,8,4,768,80,898,20,45,7,1,8,-52,8,2689,17988,201,100,1,0,0
3212,15,10,1397,10,850,11,26,7,1,4,-70,1,750,6214,196,100,0,0,0
3210,13,8,1024,10,1008,20,7,7,1,6,-70,3,2526,21147,201,100,3,0,0
3216,2,1,512,10,754,22,1,6,3,7,-88,10,5379,26642,209,100,1,0,0
3211,21,17,1536,10,795,15,8,5,1,3,-52,1,643,8101,182,100,2,0,0
3211,20,21,1792,0,766,30,18,7,1,11,-52,0,668,10836,140,100,3,0,0
3212,17,13,1280,0,886,11,462,7,1,2,-52,2,868,7463,182,100,2,1,3
3215,5,4,768,10,759,12,1,6,1,1,-52,0,1068,12191,212,100,2,0,0
3215,18,14,1653,10,565,24,5,5,1,6,-52,0,810,12559,194,100,2,0,0
3214,12,8,1024,10,962,16,42,7,1,4,-52,4,1321,14963,202,100,2,0,0
3214,19,16,1536,0,494,31,3,7,1,12,-70,0,1483,16047,105,100,3,0,0
3217,1,0,256,0,26,0,0,4,0,0,0,10,2427,24577,2709,100,1,0,0
3217,3,2,768,0,743,14,10,7,1,2,-52,8,801,20551,211,100,2,0,0
3216,9,8,1024,0,938,15,3,7,1,5,-52,0,598,7052,203,100,2,0,0
3217,7,2,768,10,820,22,13,7,1,9,-70,6,1260,18048,208,100,2,1,1
3217,16,12,1280,20,847,12,474,7,1,3,-52,1,1389,11926,195,100,5,1,3
3217,11,7,1024,0,887,29,46,7,1,11,-52,3,848,13601,199,100,4,0,0
3216,13,8,1024,0,1011,20,7,7,1,6,-70,3,1685,12676,201,100,3,0,0
3218,12,8,1024,10,963,16,42,7,1,4,-52,4,1172,9014,202,100,2,0,0
3218,14,10,1397,10,805,31,11,7,1,11,-52,1,1009,12993,193,100,3,0,0
3218,17,13,1280,20,888,11,463,7,1,2,-52,2,956,9327,182,100,4,1,3
3220,20,21,1792,0,771,30,18,7,1,11,-52,0,1000,9600,141,100,3,0,0
3219,19,16,1536,10,497,31,3,7,1,12,-70,0,712,7034,105,100,2,0,0
3220,21,17,1536,10,799,15,8,5,1,3,-52,1,1442,12979,182,100,3,0,0
3221,2,1,512,0,758,22,1,6,3,7,-88,10,3558,17766,209,100,2,0,0
3222,4,1,512,10,785,20,5,7,2,5,-66,9,6684,32980,212,100,2,1,1
3222,5,4,768,0,759,12,1,6,1,1,-52,0,454,6588,213,100,1,0,0
3220,6,2,768,20,755,12,6,7,1,4,-52,6,3593,29286,191,100,2,0,0
3222,7,2,1095,0,822,22,13,7,1,9,-70,6,1114,9933,208,100,1,1,1
3223,8,4,768,10,901,20,45,7,2,8,-52,8,4063,25519,202,100,4,0,0
3222,10,6,1141,10,758,22,8,7,1,8,-52,3,2147,23680,195,100,2,0,0
3223,12,8,1024,0,966,16,42,7,1,4,-52,4,938,10050,202,100,2,0,0
3224,3,1,512,10,746,16,10,7,2,3,-64,8,873,13148,212,100,2,0,0
3223,15,10,1397,0,859,11,26,7,1,4,-70,1,1614,14933,197,100,5,0,0
3223,13,8,1024,0,1014,20,7,7,1,6,-70,3,1585,13846,202,100,2,0,0
3223,14,10,1397,10,807,31,11,7,1,11,-52,1,926,9345,194,100,2,0,0
3223,19,16,1536,10,499,31,3,7,1,12,-70,0,660,6834,106,100,2,0,0
3226,6,2,845,20,755,12,6,7,1,4,-52,5,1584,14682,192,100,1,0,0
3227,2,1,512,0,760,22,1,6,3,7,-88,10,3923,17094,210,100,2,0,0
3227,1,0,256,0,26,0,0,4,0,0,0,10,3253,34191,2726,100,2,0,0
3227,18,14,1653,0,568,24,5,5,1,6,-52,0,942,16888,195,100,2,0,0
3226,16,12,1280,0,850,12,477,7,1,3,-52,1,2031,15455,195,100,7,1,3
3228,4,1,512,10,787,20,5,7,2,5,-66,9,2450,17019,213,100,1,1,1
3228,9,8,1024,0,941,15,3,7,1,5,-52,0,763,11101,203,100,4,0,0
3229,3,1,512,0,748,16,10,7,2,3,-64,8,792,10956,212,100,2,0,0
3226,20,21,1792,10,776,30,18,7,1,11,-52,0,861,10226,141,100,3,0,0
3229,7,2,845,20,825,22,13,7,1,9,-70,6,987,14119,209,100,2,1,1
3230,8,4,768,10,904,20,45,7,2,8,-52,8,2871,23702,202,100,2,0,0
3228,17,13,1280,20,890,11,467,7,1,2,-52,2,2186,18360,183,100,6,1,3
3228,21,17,1536,0,804,15,8,5,1,3,-52,1,1531,15594,183,100,3,0,0
3230,12,8,1024,10,967,16,42,7,1,4,-52,4,1114,12954,203,100,2,0,0
3231,19,16,1536,0,501,31,3,7,1,12,-70,0,601,11528,106,100,2,0,0
3232,10,6,1141,0,761,22,8,7,1,8,-52,3,1829,19148,195,100,2,0,0
3233,2,1,512,20,762,22,1,6,3,7,-88,10,1668,14176,210,100,1,0,0
3232,5,4,768,10,761,12,1,6,1,1,-52,0,667,12965,213,100,2,0,0
3228,11,7,1351,0,891,29,46,7,1,11,-52,3,908,18938,199,100,3,0,0
3231,18,14,1653,10,570,24,5,5,1,6,-52,0,371,7393,195,100,1,0,0
3234,1,0,256,0,26,0,0,4,0,0,0,10,1557,21031,2733,100,1,0,0
3235,3,1,512,0,749,16,10,7,2,3,-64,8,492,11233,213,100,1,0,0
3234,15,10,1397,0,863,11,26,7,1,4,-70,1,1009,14913,198,100,3,0,0
3234,13,8,1024,0,1020,20,7,7,1,6,-70,3,2862,23515,202,100,4,0,0
3234,14,10,1397,0,809,31,11,7,1,11,-52,1,1328,19522,194,100,3,0,0
3235,6,2,845,0,755,12,6,7,1,4,-52,5,1885,21463,192,100,2,0,0
3234,17,13,1280,10,894,11,469,7,1,2,-52,2,1173,9590,183,100,5,1,3
3234,9,8,1024,10,944,15,3,7,1,5,-52,0,788,6765,204,100,2,0,0
3235,7,2,845,20,827,22,13,7,1,9,-70,6,1560,11635,209,100,1,1,1
3237,4,1,512,0,789,20,5,7,2,5,-66,9,3443,22134,213,100,1,1,1
3235,18,14,1653,0,572,24,5,5,1,6,-52,0,740,7622,195,100,1,0,0
3236,11,7,1351,0,893,29,46,7,1,11,-52,3,601,13471,200,100,2,0,0
3236,21,17,1536,0,807,15,8,5,1,3,-52,1,1064,12563,183,100,4,0,0
3238,12,8,1024,0,971,16,42,7,1,4,-52,4,1354,15123,203,100,2,0,0
3239,14,10,1397,0,811,31,11,7,1,11,-52,1,1094,9703,195,100,2,0,0
3238,13,8,1024,20,1022,20,7,7,1,6,-70,3,1050,8979,203,100,2,0,0
3240,1,0,256,0,26,0,0,4,0,0,0,10,2023,21473,2743,100,1,0,0
3237,16,12,1280,0,856,12,479,7,1,3,-52,1,2009,15508,196,100,6,1,3
3240,3,1,512,0,749,16,10,7,2,3,-64,8,545,11317,213,100,1,0,0
3237,20,21,1792,0,781,30,18,7,1,11,-52,0,1191,14484,142,100,4,0,0
3240,8,4,768,10,906,20,45,7,2,8,-52,8,4315,32753,203,100,3,0,0
3238,19,16,1536,0,502,31,3,7,1,12,-70,0,653,11934,107,100,2,0,0
3241,5,4,768,0,763,12,1,6,1,1,-52,0,749,10816,214,100,1,0,0
3241,6,2,768,30,755,12,6,7,1,4,-52,5,1362,12912,193,100,1,0,0
3242,9,8,1024,0,946,15,3,7,1,5,-52,0,649,7537,204,100,2,0,0
3240,10,6,1141,0,761,22,8,7,1,8,-52,3,2072,17030,196,100,1,0,0
3243,4,1,512,0,793,20,5,7,2,5,-66,9,3843,19688,213,100,1,1,1
3244,2,3,768,20,765,23,1,6,1,8,-52,10,6162,33337,211,100,3,0,0
3244,17,13,1280,0,897,11,471,7,1,2,-52,2,1480,15685,184,100,5,1,3
3242,15,10,1397,0,868,11,26,7,1,4,-70,1,1148,10185,198,100,4,0,0
3246,8,4,768,0,908,20,45,7,2,8,-52,8,2045,17010,203,100,2,0,0
3245,21,17,1536,20,811,15,8,5,1,3,-52,1,1301,14776,184,100,3,0,0
3245,19,16,1536,0,506,31,3,7,1,12,-70,0,825,9985,107,100,3,0,0
3246,13,8,1024,10,1024,20,7,7,1,6,-70,3,1512,15566,203,100,2,0,0
3245,18,14,1653,0,572,24,5,5,1,6,-52,0,439,14697,196,100,1,0,0
3248,2,3,768,0,766,24,1,6,1,8,-52,10,1149,10356,211,100,2,0,0
3248,5,4,768,10,765,12,1,6,1,1,-52,0,784,10385,215,100,2,0,0
3249,3,1,512,10,753,16,10,7,2,3,-64,10,2721,21911,214,100,3,0,0
3248,14,10,1397,20,813,31,11,7,1,11,-52,1,848,16498,195,100,1,0,0
3249,16,12,1280,0,861,12,482,7,1,3,-52,1,1892,16502,197,100,6,1,3
3247,20,21,1792,0,788,30,18,7,1,11,-52,0,1229,13444,143,100,4,0,0
3249,12,8,1024,0,976,17,42,7,1,4,-52,4,2303,23181,204,100,5,0,0
3250,1,0,256,0,26,0,0,4,0,0,0,10,2915,35539,2757,100,2,0,0
3248,17,13,1280,0,899,11,472,7,1,2,-52,2,1167,8539,184,100,3,1,3
3252,6,3,768,0,760,14,6,7,1,5,-70,5,2823,26490,193,100,3,0,0
3251,10,6,1024,0,762,22,8,7,1,8,-52,3,2048,23008,197,100,2,0,0
3252,4,1,512,0,794,20,5,7,2,5,-66,9,4082,26495,214,100,2,1,1
3252,15,10,1397,0,870,11,26,7,1,4,-70,1,991,12977,199,100,4,0,0
3253,8,4,768,10,912,20,45,7,2,8,-52,8,2728,22593,204,100,2,0,0
3252,9,8,1024,10,947,15,3,7,1,5,-52,0,667,10285,205,100,3,0,0
3251,19,16,1536,0,508,31,3,7,1,12,-70,0,520,9275,107,100,2,0,0
3252,21,17,1536,0,814,15,8,5,1,3,-52,1,1100,10191,184,100,2,0,0
3255,1,0,256,0,26,0,0,4,0,0,0,10,834,13553,2761,100,1,0,0
3255,17,13,1280,0,904,11,473,7,1,2,-52,2,1479,12323,185,100,3,1,3
3255,18,14,1653,0,574,24,5,5,1,6,-52,0,759,12965,197,100,2,0,0
3257,3,1,512,0,753,16,10,7,2,3,-64,10,2858,23435,214,100,1,0,0
3257,12,8,1024,0,980,17,42,7,1,4,-52,4,1370,14597,205,100,3,0,0
3255,14,10,1280,0,818,31,11,7,1,11,-52,1,1850,15412,196,100,4,0,0
3257,9,8,1024,0,949,15,3,7,1,5,-52,0,602,5225,205,100,2,0,0
3256,21,17,1536,0,815,15,8,5,1,3,-52,1,604,7004,185,100,2,0,0
3258,13,8,1024,0,1027,20,7,7,1,6,-70,3,3031,24822,204,100,4,0,0
3258,16,12,1280,0,864,12,484,7,1,3,-52,1,1211,12056,197,100,4,1,3
3257,20,21,1792,0,794,30,18,7,1,11,-52,0,1066,12148,143,100,4,0,0
3260,2,3,768,0,771,24,1,6,1,8,-52,10,1518,25092,212,100,3,0,0
3259,5,4,768,10,769,12,1,6,1,1,-52,0,943,14477,215,100,2,0,0
3259,15,10,1397,10,875,11,26,7,1,4,-70,1,986,10507,199,100,2,0,0
3259,18,14,1653,0,576,24,5,5,1,6,-52,0,502,6854,197,100,1,0,0
3262,6,3,768,30,763,14,6,7,1,5,-70,5,2969,25456,194,100,3,0,0
3260,14,10,1280,0,819,31,11,7,1,11,-52,1,909,8911,196,100,1,0,0
3264,4,1,512,0,798,20,5,7,2,5,-66,10,5110,33136,215,100,2,1,1
3264,1,0,256,0,26,0,0,4,0,0,0,10,1944,27748,2771,100,2,0,0
3263,8,4,768,10,916,20,45,7,2,8,-52,8,4511,35415,205,100,4,0,0
3263,12,8,1024,0,981,17,42,7,1,4,-52,4,1253,12347,205,100,2,0,0
3262,19,16,1536,10,511,31,3,7,1,12,-70,0,1042,15474,108,100,3,0,0
3261,10,6,1024,10,763,23,8,7,1,8,-52,3,2388,21318,197,100,2,0,0
3265,2,3,768,10,775,24,1,6,1,8,-52,10,632,11311,212,100,1,0,0
3267,6,3,768,50,766,14,6,7,1,5,-70,5,1440,12395,194,100,1,0,0
3264,21,17,1536,0,817,15,8,5,1,3,-52,1,1211,12483,185,100,3,0,0
3268,4,1,512,10,798,20,5,7,2,5,-66,10,1590,10887,215,100,1,1,1
3265,17,13,1280,10,908,11,476,7,1,2,-52,2,2253,16546,185,100,7,1,3
3267,16,12,1280,10,871,13,486,7,1,3,-52,1,2107,15014,198,100,5,1,3
3265,20,21,1792,0,796,30,18,7,1,11,-52,0,822,10978,144,100,3,0,0
3269,3,1,512,0,756,16,10,7,2,3,-64,10,4022,31303,215,100,2,0,0
3266,15,10,1397,0,876,11,27,7,1,4,-70,1,547,9102,200,100,3,0,0
3270,5,4,768,0,770,12,1,6,1,1,-52,0,632,11307,216,100,1,0,0
3271,1,0,256,0,26,0,0,4,0,0,0,10,1559,22142,2778,100,1,0,0
3268,9,8,1024,10,952,15,3,7,1,5,-52,0,1111,12114,206,100,2,0,0
3269,13,8,1024,30,1032,20,7,7,1,6,-70,3,2348,21709,205,100,4,0,0
3269,19,16,1536,10,515,31,3,7,1,12,-70,0,687,11031,109,100,2,0,0
3272,21,17,1536,0,819,15,8,5,1,3,-52,1,1030,12261,186,100,2,0,0
3270,10,6,1024,10,764,23,8,7,1,8,-52,3,1598,17294,198,100,1,0,0
3273,17,13,1280,0,910,11,477,7,1,2,-52,2,1541,13175,186,100,4,1,3
3269,14,10,1280,0,822,31,11,7,1,11,-52,1,1080,16160,197,100,2,0,0
3274,12,8,1024,10,985,17,42,7,1,4,-52,4,1827,20738,206,100,3,0,0
3275,6,3,768,40,770,14,6,7,1,5,-70,5,2456,19558,195,100,2,0,0
3275,8,4,768,0,918,20,46,7,2,8,-52,8,4643,36547,205,100,4,0,0
3270,18,14,1536,0,579,24,5,5,1,6,-52,0,833,17061,198,100,2,0,0
3275,9,8,1024,10,955,15,3,7,1,5,-52,0,873,6986,207,100,2,0,0
3276,2,3,768,0,778,24,1,6,1,8,-52,10,1314,22404,213,100,3,0,0
3272,20,21,1792,0,798,30,18,7,1,11,-52,0,594,8690,144,100,2,0,0
3277,3,1,512,0,757,16,10,7,2,3,-64,10,2562,17677,215,100,2,0,0
3277,4,1,512,10,802,20,5,7,2,5,-66,10,5112,27672,216,100,1,1,1
3273,15,10,1397,20,878,11,27,7,1,4,-70,1,663,8692,200,100,3,0,0
3276,13,8,1024,10,1034,20,7,7,1,6,-70,3,2108,15920,205,100,3,0,0
3274,14,10,1280,0,823,31,11,7,1,11,-52,1,688,8791,197,100,2,0,0
3278,16,12,1280,0,872,13,488,7,1,3,-52,1,1281,14071,199,100,5,1,3
3276,21,17,1536,0,819,15,8,5,1,3,-52,1,656,6430,186,100,1,0,0
3280,5,4,768,0,772,12,1,6,1,1,-52,0,724,12302,217,100,2,0,0
3280,1,0,256,0,26,0,0,4,0,0,0,10,2365,29597,2790,100,2,0,0
3279,12,8,1024,0,988,17,42,7,1,4,-52,4,965,9559,206,100,2,0,0
3279,10,6,1024,10,766,23,8,7,1,8,-52,3,1772,17506,198,100,2,0,0
3278,19,16,1536,0,518,31,3,7,1,12,-70,0,1177,13435,109,100,4,0,0
3280,9,8,1024,0,956,15,3,7,1,5,-52,0,393,4872,207,100,1,0,0
3282,8,4,768,0,920,20,46,7,2,8,-52,8,2409,20695,206,100,2,0,0
3282,13,8,1024,10,1036,20,7,7,1,6,-70,3,940,10421,205,100,1,0,0
3283,6,3,768,40,774,14,6,7,1,5,-70,5,2610,19545,195,100,2,0,0
3284,1,0,256,0,26,0,0,4,0,0,0,10,932,13585,2794,100,1,0,0
3285,3,1,772,20,760,16,10,7,2,3,-64,10,2921,21848,216,100,1,0,0
3285,4,1,512,30,805,20,5,7,2,5,-66,10,3922,22398,216,100,2,1,1
3284,2,3,768,0,779,24,1,6,1,8,-52,9,924,17344,213,100,2,0,0
3282,20,21,1792,0,801,30,18,7,1,11,-52,0,913,11026,145,100,3,0,0
3281,15,10,1397,10,882,11,27,7,1,4,-70,1,1220,12164,201,100,2,0,0
3281,18,14,1536,0,580,24,5,5,1,6,-52,0,596,14606,199,100,2,0,0
3286,5,4,768,0,774,12,1,6,1,1,-52,0,798,8922,217,100,1,0,0
3284,16,12,1280,10,875,13,489,7,1,3,-52,1,964,8189,199,100,2,1,3
3283,14,10,1280,0,826,31,11,7,1,11,-52,1,1326,16762,198,100,3,0,0
3284,17,13,1280,10,914,11,480,7,1,2,-52,2,2153,19425,187,100,7,1,3
3284,10,6,1024,0,767,23,8,7,1,8,-52,3,1944,13918,199,100,1,0,0
3286,15,10,1397,0,883,11,27,7,1,4,-70,1,392,5716,201,100,2,0,0
3289,8,4,768,50,924,20,46,7,1,8,-52,8,3302,24907,206,100,2,0,0
3287,13,8,1024,20,1038,20,7,7,1,6,-70,3,1410,11540,206,100,2,0,0
3286,19,16,1536,10,521,31,3,7,1,12,-70,0,765,12124,110,100,2,0,0
3291,1,0,256,0,26,0,0,4,0,0,0,10,1877,21820,2802,100,1,0,0
3286,21,17,1536,0,822,15,8,5,1,3,-52,1,1231,16061,187,100,4,0,0
3286,20,21,1792,0,804,30,18,7,1,11,-52,0,634,6613,145,100,1,0,0
3287,18,14,1536,0,584,24,5,5,1,6,-52,0,716,9244,199,100,1,0,0
3291,6,2,826,0,779,15,6,7,1,6,-52,5,2816,21808,196,100,2,0,0
3292,10,6,1082,0,771,23,8,7,1,8,-52,3,1861,15661,199,100,1,0,0
3289,9,8,1024,0,960,15,3,7,1,5,-52,0,840,9029,207,100,5,0,0
3293,3,1,512,10,762,16,10,7,2,3,-64,10,2097,19282,216,100,2,0,0
3289,12,8,1024,0,993,17,43,7,1,4,-52,4,2259,22159,207,100,4,0,0
3291,17,13,1280,0,919,11,481,7,1,2,-52,2,1480,12149,187,100,3,1,3
3295,5,4,768,0,778,12,1,6,1,1,-52,0,913,11052,218,100,2,0,0
3294,14,10,1540,0,834,32,11,7,1,11,-52,1,1957,21817,199,100,3,0,0
3294,15,10,1397,0,885,11,27,7,1,4,-70,1,737,11857,201,100,3,0,0
3295,4,1,512,50,808,20,5,7,2,5,-66,10,5894,30349,217,100,4,1,1
3296,2,1,512,0,785,26,1,6,3,9,-88,9,4203,30738,213,100,4,0,0
3291,19,16,1536,10,524,31,3,7,1,12,-70,0,659,9527,110,100,1,0,0
3294,16,12,1280,0,881,13,492,7,1,3,-52,1,2026,14499,200,100,7,1,3
3293,9,8,1024,0,961,16,3,7,1,5,-52,0,584,4913,208,100,1,0,0
3294,12,8,1024,0,994,17,43,7,1,4,-52,4,1031,9660,207,100,2,0,0
3294,13,8,1024,0,1039,20,7,7,1,6,-70,3,1392,14388,206,100,3,0,0
3294,21,17,1536,0,823,15,8,5,1,3,-52,1,889,11912,187,100,2,0,0
3297,6,2,768,30,780,16,6,7,1,6,-52,5,1539,13630,196,100,1,0,0
3294,20,21,1792,10,809,30,18,7,1,11,-52,0,995,10309,146,100,3,0,0
3296,19,16,1536,0,527,31,3,7,1,12,-70,0,724,7222,110,100,2,0,0
3298,1,0,256,0,26,0,0,4,0,0,0,10,2534,26126,2811,100,1,0,0
3296,18,14,1536,10,586,24,5,5,1,6,-52,0,581,13132,200,100,1,0,0
3300,5,4,768,0,780,12,1,6,1,1,-52,0,503,6141,218,100,1,0,0
3299,8,4,768,0,929,20,46,7,2,8,-52,8,4994,32748,207,100,4,0,0
3299,10,6,1024,0,772,24,8,7,1,8,-52,3,1994,14896,200,100,2,0,0
3300,16,12,1280,0,883,13,494,7,1,3,-52,1,996,9042,200,100,4,1,3
3298,21,17,1536,20,826,15,8,5,1,3,-52,1,1069,7097,188,100,2,0,0
3301,3,1,512,0,765,16,10,7,2,3,-64,10,1655,21034,217,100,1,0,0
3300,9,8,1024,0,963,16,3,7,1,5,-52,0,517,6768,208,100,2,0,0
3302,12,8,1024,0,1000,17,43,7,1,4,-52,4,1581,15101,208,100,3,0,0
3303,19,16,1536,0,529,31,3,7,1,12,-70,0,766,9437,111,100,2,0,0
3303,13,8,1024,20,1046,20,7,7,1,6,-70,3,2796,18809,207,100,3,0,0
3305,5,4,768,0,782,12,1,6,1,1,-52,0,568,6481,218,100,1,0,0
3305,2,1,607,10,787,26,1,6,3,9,-88,8,2858,22427,214,100,1,0,0
3301,18,14,1796,10,587,25,5,5,1,6,-52,0,532,9102,200,100,1,0,0
3305,10,6,1024,0,775,24,8,7,1,8,-52,3,1173,12168,200,100,1,0,0
3302,17,13,1280,30,925,11,484,7,1,2,-52,2,2413,19643,188,100,7,1,3
3304,15,10,1397,10,890,11,27,7,1,4,-70,1,1037,12585,202,100,4,0,0
3301,20,21,1792,0,811,30,18,7,1,11,-52,0,523,7895,146,100,2,0,0
3307,4,1,512,10,810,20,5,7,2,5,-66,10,6735,35241,218,100,2,1,1
3307,9,8,1024,0,967,16,3,7,1,5,-52,0,992,7586,209,100,1,0,0
3304,14,10,1540,10,841,32,11,7,1,11,-52,1,1967,20322,199,100,4,0,0
3309,8,4,768,0,934,20,46,7,2,8,-52,8,4470,31801,207,100,3,0,0
3309,2,1,512,20,790,26,1,6,3,9,-88,8,2259,11706,214,100,2,0,0
3304,21,17,1536,0,831,15,8,5,1,3,-52,1,1299,11090,188,100,2,0,0
3309,1,0,256,0,26,0,0,4,0,0,0,10,3021,35702,2822,100,2,0,0
3308,19,16,1536,0,530,31,3,7,1,12,-70,0,365,6724,111,100,2,0,0
3308,6,2,768,0,782,16,6,7,1,6,-52,5,2895,27091,197,100,3,0,0
3308,13,8,1024,20,1048,20,7,7,1,6,-70,3,1674,12093,207,100,2,0,0
3309,16,12,1280,20,884,13,496,7,1,3,-52,1,1203,10924,201,100,5,1,3
3310,17,13,1280,0,929,11,487,7,1,2,-52,2,1811,12872,188,100,5,1,3
3309,14,10,1540,10,842,32,11,7,1,11,-52,1,769,8864,200,100,1,0,0
3311,3,1,512,0,769,16,10,7,1,3,-64,10,1310,21460,218,100,2,0,0
3313,12,8,1024,20,1003,17,43,7,1,4,-52,4,1717,21475,209,100,4,0,0
3312,18,14,1796,0,590,25,5,5,1,6,-52,0,858,16471,201,100,2,0,0
3313,21,17,1536,0,838,15,8,5,1,3,-52,1,1930,14987,189,100,4,0,0
3313,19,16,1536,30,534,31,3,7,1,12,-70,0,918,8071,112,100,1,0,0
3316,5,4,768,0,783,12,1,6,1,1,-52,0,616,13071,219,100,2,0,0
3312,20,21,1792,10,817,30,18,7,1,11,-52,0,1328,14275,147,100,5,0,0
3283,7,3,896,70,849,24,13,7,0,10,-52,6,963,16713,212,100,2,1,1
3316,10,6,1024,0,778,24,8,7,1,8,-52,3,2740,23813,201,100,2,0,0
3317,13,8,1024,10,1050,20,7,7,1,6,-70,3,2009,16153,208,100,3,0,0
3295,7,3,896,80,850,24,13,7,0,10,-52,6,1023,20730,213,50,2,1,1
3317,6,2,768,0,784,16,6,7,1,6,-52,5,2110,20280,197,100,3,0,0
3317,8,4,768,0,938,20,46,7,2,8,-52,8,3842,28152,208,100,3,0,0
3315,15,10,1397,0,895,11,27,7,1,4,-70,1,1088,14190,203,100,4,0,0
3301,7,3,896,80,851,24,13,7,0,10,-52,6,464,9490,213,100,1,1,1
3309,7,3,896,90,856,24,13,7,0,10,-52,6,729,14243,214,66,2,1,1
3318,4,1,512,0,812,20,5,7,2,5,-66,10,4768,31270,219,73,2,1,1
3315,14,10,1540,0,844,32,11,7,1,11,-52,1,1132,11597,200,100,3,0,0
3319,1,0,256,0,26,0,0,4,0,0,0,10,3219,32705,2836,100,2,0,0
3316,18,14,1796,0,590,25,5,5,1,6,-52,0,264,5708,201,100,1,0,0
3319,9,8,1024,0,971,16,3,7,1,5,-52,0,1104,11282,209,100,4,0,0
3320,2,1,512,0,795,26,1,6,3,9,-88,8,4333,29687,215,100,2,0,0
3318,16,12,1280,10,889,13,499,7,1,3,-52,1,1874,14467,201,100,6,1,3
3318,11,7,1152,0,927,30,46,7,1,11,-52,3,1018,18303,205,100,4,0,0
3321,7,3,768,20,859,24,13,7,1,10,-52,6,1907,21903,215,100,3,1,1
3319,21,17,1536,0,839,15,8,5,1,3,-52,1,640,8603,189,100,1,0,0
3323,13,8,1024,10,1052,20,7,7,1,6,-70,3,1384,11365,208,100,2,0,0
3323,3,1,512,0,772,16,10,7,1,3,-64,10,2434,26919,218,100,4,0,0
3323,17,13,1280,0,937,11,490,7,1,2,-52,2,1572,11920,189,100,4,1,3
3322,19,16,1536,0,539,31,3,7,1,12,-70,0,1385,16881,112,100,3,0,0
3324,16,12,1280,0,891,13,500,7,1,3,-52,1,854,7443,202,100,3,1,3
3322,14,11,1280,0,845,33,11,7,1,12,-70,1,684,10011,200,100,2,0,0
3327,6,2,768,0,786,16,6,7,1,6,-52,5,1959,22930,198,100,2,0,0
3328,4,1,512,10,815,20,5,7,2,5,-66,10,3864,25834,219,55,2,1,1
3329,2,1,512,0,799,26,1,6,3,9,-88,8,2316,21586,215,100,2,0,0
3326,15,10,1397,10,901,11,27,7,1,4,-70,1,1573,14223,204,100,3,0,0
3328,10,6,1024,0,780,24,8,7,1,8,-52,3,2191,23462,202,100,2,0,0
3327,7,3,768,0,864,24,13,7,1,10,-52,6,1529,12843,215,66,2,1,1
3331,1,0,256,0,26,0,0,4,0,0,0,10,2456,32644,2847,100,2,0,0
3326,11,7,1024,10,929,30,46,7,1,11,-52,4,1085,15285,206,100,2,0,0
3330,3,1,678,20,774,16,10,7,1,3,-64,10,1864,20626,219,100,1,0,0
3330,17,13,1280,0,941,11,492,7,1,2,-52,2,1373,11266,190,100,4,1,3
3330,9,8,1024,10,975,16,3,7,1,5,-52,0,797,10464,210,100,4,0,0
3328,14,11,1280,0,845,34,11,7,1,12,-70,1,1101,12474,200,100,1,0,0
3330,12,8,1024,0,1010,17,43,7,1,4,-52,4,1357,14775,210,100,2,0,0
3330,15,10,1397,20,904,11,27,7,1,4,-70,1,720,5855,204,100,1,0,0
3331,19,16,1536,0,542,31,3,7,1,12,-70,0,1068,13274,113,100,2,0,0
3332,8,4,768,0,943,20,46,7,2,8,-52,8,3019,21697,209,100,2,0,0
3331,5,4,768,10,787,12,1,6,1,1,-52,0,285,6247,220,100,1,0,0
3333,2,1,512,0,801,26,1,6,3,9,-88,8,1394,10127,216,100,1,0,0
3332,7,3,768,0,864,24,13,7,1,10,-52,6,909,10033,215,66,1,1,1
3335,6,2,768,0,787,16,6,7,1,6,-52,5,1190,16964,199,100,1,0,0
3333,20,21,1792,10,824,30,18,7,1,11,-52,0,751,10781,148,100,3,0,0
3337,1,0,256,0,26,0,0,4,0,0,0,10,1559,18865,2851,100,1,0,0
3337,4,1,512,0,818,20,5,7,2,5,-66,10,3610,25242,220,61,1,1,1
3339,10,6,1024,0,781,24,8,7,1,8,-52,3,1136,19702,202,100,2,0,0
3340,3,1,512,20,775,16,10,7,1,3,-64,10,1704,22689,219,100,3,0,0
3341,2,1,512,10,803,26,1,6,3,9,-88,8,2933,21177,216,100,2,0,0
3338,18,14,1536,0,593,26,5,5,1,6,-52,0,904,17718,202,100,3,0,0
3340,15,10,1397,10,909,11,27,7,1,4,-70,1,1406,14172,205,100,4,0,0
3343,7,3,768,0,868,24,13,7,1,10,-52,6,1847,20795,216,33,3,1,1
3343,11,7,1024,0,937,30,46,7,1,11,-52,4,1960,16237,207,100,4,0,0
3346,4,1,512,0,821,20,5,7,2,5,-66,10,2354,21459,220,26,2,1,1
3346,1,0,256,0,26,0,0,4,0,0,0,10,1836,24785,2860,100,2,0,0
3345,10,6,1024,0,784,24,8,7,1,8,-52,3,1431,12478,203,100,1,0,0
3347,6,2,768,0,790,16,6,7,1,6,-52,5,1948,25735,199,100,2,0,0
3347,3,1,512,10,777,16,10,7,1,3,-64,9,1602,17220,220,100,1,0,0
3347,17,13,1280,0,948,11,496,7,1,2,-52,2,2451,20143,191,100,7,1,3
3348,2,1,717,0,804,26,1,6,3,9,-88,8,2116,16064,217,100,1,0,0
3348,21,17,1536,10,848,15,8,5,1,3,-52,1,1882,18636,191,100,5,0,0
3347,18,14,1536,0,595,26,5,5,1,6,-52,0,868,14473,203,100,1,0,0
3351,4,1,512,0,821,20,5,7,2,5,-66,10,1265,11832,221,25,1,1,1
3350,15,10,1397,0,912,11,27,7,1,4,-70,1,769,10938,205,100,4,0,0
3351,9,8,1024,0,985,16,3,7,1,5,-52,0,894,7450,212,100,2,0,0
3352,10,6,1024,0,789,24,8,7,1,8,-52,3,1112,12847,203,100,1,0,0
3356,7,3,768,10,869,24,13,7,1,10,-52,6,1396,22115,217,33,2,1,1
3356,3,1,512,10,779,16,10,7,1,3,-64,8,1475,21788,221,100,2,0,0
3356,18,14,1536,0,598,26,5,5,1,6,-52,0,754,12728,203,100,2,0,0
3356,21,17,1536,0,851,15,8,5,1,3,-52,1,1157,13893,191,100,2,0,0
3357,2,1,512,0,805,26,1,6,3,9,-88,8,1662,20671,217,100,2,0,0
3356,12,8,1024,10,1020,17,43,7,1,4,-52,4,1310,16454,211,100,3,0,0
3358,1,0,256,0,26,0,0,4,0,0,0,10,2313,32200,2871,100,2,0,0
3359,6,2,768,0,792,16,6,7,1,6,-52,5,2023,26175,200,100,2,0,0
3359,4,1,512,0,822,20,5,7,2,5,-66,10,2362,22031,221,55,1,1,1
3359,15,10,1397,10,914,11,27,7,1,4,-70,1,601,11246,206,100,2,0,0
3362,7,3,768,0,869,24,13,7,1,10,-52,6,809,12142,217,100,1,1,1
3362,1,0,256,0,26,0,0,4,0,0,0,10,697,11613,2875,100,1,0,0
3362,14,11,1280,0,858,34,11,7,1,12,-70,1,1652,19840,202,100,4,0,0
3363,5,4,768,0,796,12,1,6,1,1,-52,0,883,13768,222,100,2,0,0
3361,21,17,1536,10,852,15,8,5,1,3,-52,1,502,7188,192,100,2,0,0
3362,10,6,1024,10,794,24,8,7,1,8,-52,3,1801,19801,204,100,2,0,0
3364,2,1,512,0,806,26,1,6,3,9,-88,8,1375,16115,218,100,1,0,0
3364,8,4,768,0,955,20,46,7,2,8,-52,8,2267,21525,211,100,2,0,0
3364,3,1,512,10,784,16,10,7,1,3,-64,8,1716,20171,221,100,2,0,0
3365,4,1,512,0,822,20,5,7,2,5,-66,10,1553,13491,222,62,1,1,1
3365,15,10,1397,20,918,11,27,7,1,4,-70,1,968,8048,206,100,3,0,0
3364,18,14,1536,0,600,26,5,5,1,6,-52,0,630,12943,204,100,1,0,0
3362,20,21,1792,0,838,30,18,7,1,11,-52,0,907,12386,150,100,4,0,0
3366,9,8,1024,10,994,16,3,7,1,5,-52,0,902,7072,213,100,1,0,0
3367,6,2,768,0,793,16,6,7,1,6,-52,5,1375,18670,201,100,2,0,0
3368,13,8,1024,40,1065,20,7,7,1,6,-70,3,1500,10117,211,100,2,0,0
3366,21,17,1536,10,855,15,8,5,1,3,-52,1,845,8733,192,100,2,0,0
3370,8,4,768,0,957,20,46,7,2,8,-52,8,2873,19195,211,100,3,0,0
3371,7,3,768,0,873,24,13,7,1,10,-52,6,1582,20350,218,42,2,1,1
3372,3,1,512,0,784,16,10,7,1,3,-64,8,1482,20361,222,100,2,0,0
3372,1,0,256,0,26,0,0,4,0,0,0,10,2177,28976,2884,100,1,0,0
3372,2,1,512,0,808,26,1,6,3,9,-88,8,1578,18700,218,100,1,0,0
3371,5,4,768,0,799,12,1,6,1,1,-52,0,975,12484,223,100,2,0,0
3371,21,17,1536,10,857,15,8,5,1,3,-52,1,751,8142,192,100,2,0,0
3373,9,8,1024,0,999,16,3,7,1,5,-52,0,998,8047,213,100,3,0,0
3373,10,6,1024,0,797,24,8,7,1,8,-52,3,1518,20586,205,100,2,0,0
3374,4,1,512,0,826,20,5,7,2,5,-66,10,4179,25980,222,43,2,1,1
3375,6,2,768,0,794,16,6,7,1,6,-52,5,1042,16001,201,100,1,0,0
3373,17,13,1280,10,959,11,502,7,1,2,-52,2,1598,12692,192,100,4,1,3
3376,3,1,512,0,784,16,10,7,1,3,-64,8,375,9373,222,100,1,0,0
3373,19,16,1536,0,557,31,3,7,1,12,-70,0,774,9785,116,100,3,0,0
3376,15,10,1397,0,920,11,27,7,1,4,-70,1,812,14248,207,100,4,0,0
3376,21,17,1536,10,859,15,8,5,1,3,-52,1,799,8220,193,100,2,0,0
3376,18,14,1536,10,602,26,5,5,1,6,-52,0,703,16513,205,100,2,0,0
3377,20,21,1792,0,843,30,18,7,1,11,-52,0,839,11866,151,100,2,0,0
3379,1,0,256,0,26,0,0,4,0,0,0,10,1717,19846,2889,100,2,0,0
3380,2,1,512,0,811,26,1,6,2,9,-88,8,2577,19351,219,100,3,0,0
3380,5,4,768,0,801,12,1,6,1,1,-52,0,736,9979,223,100,2,0,0
3381,16,12,1280,0,919,13,515,7,1,3,-52,1,1723,11652,205,100,6,1,3
3380,7,3,768,0,878,24,13,7,1,10,-52,6,1438,19458,219,16,2,1,1
3382,6,2,768,0,795,16,6,7,1,6,-52,4,1113,15391,202,100,2,0,0
3382,12,8,1024,0,1029,17,43,7,1,4,-52,4,1910,22640,213,100,4,0,0
3380,17,13,1280,0,961,11,504,7,1,2,-52,2,1080,11249,193,100,5,1,3
3382,21,17,1536,0,860,15,8,5,1,3,-52,1,688,8470,193,100,2,0,0
3384,4,1,512,0,827,20,5,7,2,5,-66,10,4003,26872,223,59,2,1,1
3384,3,1,512,0,789,16,10,7,1,3,-64,8,1697,21681,222,100,1,0,0
3385,1,0,256,0,26,0,0,4,0,0,0,10,1113,14336,2893,100,1,0,0
3384,10,6,1024,0,798,24,8,7,1,8,-52,2,1162,19880,205,100,2,0,0
3385,9,8,1024,0,1002,16,3,7,1,5,-52,0,708,5755,214,100,2,0,0
3385,15,10,1397,0,926,11,27,7,1,4,-70,1,1371,13172,208,100,4,0,0
3386,18,14,1536,10,607,26,5,5,1,6,-52,0,1049,15812,206,100,2,0,0
3388,11,7,1024,0,954,30,46,7,1,11,-52,4,1588,19266,210,100,3,0,0
3390,2,1,512,0,814,26,1,6,2,9,-88,7,2115,22810,219,100,3,0,0
3390,5,4,768,10,803,12,1,6,1,1,-52,0,709,12399,224,100,1,0,0
3390,6,2,768,0,798,16,6,7,1,6,-52,4,1610,18511,202,100,1,0,0
3392,3,1,512,30,792,16,10,7,1,3,-64,8,1476,17036,223,100,1,0,0
3391,8,4,768,0,971,20,46,7,2,8,-52,8,5678,36184,213,100,5,0,0
3389,7,3,768,0,879,24,13,7,1,10,-52,6,1544,16914,219,83,2,1,1
3392,4,1,512,0,828,20,5,7,2,5,-66,10,1917,19488,223,40,1,1,1
3390,14,11,1280,10,874,34,11,7,1,12,-70,1,1835,21706,204,100,5,0,0
3393,1,0,256,0,26,0,0,4,0,0,0,10,1482,19882,2900,100,1,0,0
3392,18,14,1536,0,608,26,5,5,1,6,-52,0,422,8918,206,100,1,0,0
3394,15,10,1397,0,928,11,27,7,1,4,-70,1,763,10745,208,100,3,0,0
3395,3,1,512,10,793,16,10,7,1,3,-64,8,1266,11659,223,100,1,0,0
3395,6,2,768,10,798,16,6,7,1,6,-52,4,487,9410,203,100,1,0,0
3396,5,4,768,10,803,12,1,6,1,1,-52,0,286,6869,224,100,1,0,0
3395,2,1,512,20,815,26,1,6,2,9,-88,7,2143,16379,220,100,1,0,0
3396,17,13,1280,0,965,11,508,7,1,2,-52,2,895,9391,194,100,4,1,3
3397,9,8,1024,0,1005,16,3,7,1,5,-52,0,898,11656,215,100,3,0,0
3395,10,6,1024,0,801,24,8,7,1,8,-52,2,1889,21266,206,100,3,0,0
3398,7,3,768,0,884,24,13,7,1,10,-52,6,1637,17220,220,100,2,1,1
3398,4,1,512,0,828,20,5,7,2,5,-66,10,1650,15455,224,41,2,1,1
3396,11,7,1024,0,958,30,46,7,1,11,-52,4,1293,17653,210,100,3,0,0
3398,19,16,1536,0,564,31,3,7,1,12,-70,0,824,13289,117,100,2,0,0
3399,8,4,768,0,973,20,46,7,2,8,-52,8,3135,25393,213,100,3,0,0
3399,13,8,1024,30,1080,20,7,7,1,6,-70,3,1954,15668,213,100,2,0,0
3401,21,17,1536,0,870,15,8,5,1,3,-52,1,876,7493,194,100,0,0,0
3401,18,14,1536,0,610,26,5,5,1,6,-52,0,646,12005,206,100,2,0,0
3404,1,0,256,0,26,0,0,4,0,0,0,10,2342,29025,2911,100,2,0,0
3403,16,12,1280,0,930,13,521,7,1,3,-52,1,1521,13397,207,100,7,1,3
3401,14,11,1280,0,876,34,11,7,1,12,-70,1,1415,19995,205,100,3,0,0
3405,5,4,768,0,804,12,1,6,1,1,-52,0,724,11486,225,100,2,0,0
3402,7,3,768,0,887,24,13,7,1,10,-52,6,1510,10557,220,100,2,1,1
3404,12,8,1024,10,1040,17,43,7,1,4,-52,4,1525,15544,215,100,4,0,0
3403,15,10,1397,0,932,11,27,7,1,4,-70,1,990,12243,209,100,2,0,0
3406,3,1,512,30,794,16,10,7,1,3,-64,10,4405,33565,224,100,2,0,0
3407,4,1,512,0,831,20,5,7,2,5,-66,10,3592,22707,224,73,1,1,1
3405,6,3,768,0,803,18,6,7,1,7,-70,4,2189,22972,203,100,3,0,0
3405,11,7,1024,10,962,30,46,7,1,11,-52,4,1677,14961,211,100,3,0,0
3405,10,6,1024,0,802,24,8,7,1,8,-52,2,1101,18369,207,100,1,0,0
3409,8,4,768,30,976,20,46,7,1,8,-52,8,4165,33012,214,100,2,0,0
3410,7,3,768,0,890,24,13,7,1,10,-52,6,1366,17244,221,100,1,1,1
3410,1,0,256,0,26,0,0,4,0,0,0,10,1427,16919,2919,100,1,0,0
3409,17,13,1280,0,971,11,511,7,1,2,-52,2,1827,14725,195,100,4,1,3
3412,6,3,768,10,806,18,6,7,1,7,-70,4,1501,14711,204,100,2,0,0
3412,2,3,768,0,820,28,1,6,1,10,-52,7,1371,24447,221,100,3,0,0
3414,4,1,512,0,833,20,5,7,2,5,-66,10,2318,16536,225,30,1,1,1
3413,3,1,512,20,796,16,10,7,1,3,-64,10,2522,19493,224,100,1,0,0
3411,15,10,1397,10,934,11,27,7,1,4,-70,1,650,8857,209,100,4,0,0
3416,1,0,256,0,26,0,0,4,0,0,0,10,720,13019,2921,100,1,0,0
3413,17,13,1280,0,975,11,513,7,1,2,-52,2,1146,7403,195,100,4,1,3
3414,9,8,1024,10,1014,16,3,7,1,5,-52,0,1032,7477,216,100,2,0,0
3417,5,4,768,0,807,12,1,6,1,1,-52,0,627,10205,226,100,1,0,0
3413,19,16,1536,0,573,31,3,7,1,12,-70,0,1081,9415,118,100,2,0,0
3413,14,11,1280,10,878,34,11,7,1,12,-70,1,1719,22336,205,100,3,0,0
3417,8,4,768,70,980,20,46,7,1,8,-52,8,3748,28123,215,100,3,0,0
3415,13,8,1024,0,1087,20,7,7,1,6,-70,3,1990,15131,214,100,3,0,0
3416,12,8,1024,10,1045,17,43,7,1,4,-52,4,1182,10364,216,100,2,0,0
3416,10,6,1024,10,804,25,8,7,1,8,-52,2,1660,21177,208,100,2,0,0
3416,7,3,768,10,891,24,13,7,1,10,-52,6,935,14490,221,100,1,1,1
3415,16,12,1280,10,936,13,524,7,1,3,-52,1,1043,8156,208,100,3,1,3
3417,6,3,768,0,807,18,6,7,1,7,-70,4,1465,13985,204,100,1,0,0
3415,11,7,1024,20,965,30,46,7,1,11,-52,4,1414,20862,212,100,2,0,0
3412,18,14,1536,10,612,26,5,5,1,6,-52,0,810,16740,207,100,2,0,0
3419,14,11,1280,0,879,34,11,7,1,12,-70,1,1259,11348,206,100,2,0,0
3421,2,3,768,10,823,28,1,6,1,10,-52,7,740,17789,221,100,1,0,0
3422,1,0,256,0,26,0,0,4,0,0,0,10,1565,18632,2928,100,2,0,0
3418,17,13,1280,0,976,11,514,7,1,2,-52,2,1037,10069,196,100,3,1,3
3420,15,10,1397,0,940,11,27,7,1,4,-70,1,988,6310,210,100,3,0,0
3422,7,3,768,0,895,24,13,7,1,10,-52,6,1655,14243,221,100,2,1,1
3422,5,4,768,0,807,12,1,6,1,1,-52,0,440,6188,226,100,1,0,0
3420,9,8,1024,0,1017,16,3,7,1,5,-52,0,704,5718,216,100,3,0,0
3424,4,1,512,0,833,20,5,7,2,5,-66,10,4241,25529,225,90,2,1,1
3420,21,17,1536,0,881,15,8,5,1,3,-52,1,1384,16216,196,100,3,0,0
3423,11,7,1024,0,966,30,46,7,1,11,-52,4,1415,15377,212,100,2,0,0
3423,8,4,768,60,981,20,46,7,1,8,-52,8,2474,19515,215,100,1,0,0
3421,16,12,1280,0,940,13,525,7,1,3,-52,1,1063,8582,208,100,3,1,3
3424,3,1,512,0,802,16,10,7,2,3,-64,10,6182,36360,225,100,3,0,0
3421,13,8,1024,0,1090,20,7,7,1,6,-70,3,1447,12163,214,100,2,0,0
3424,18,14,1536,0,613,26,5,5,1,6,-52,0,770,16867,208,100,2,0,0
3421,19,16,1536,0,576,31,3,7,1,12,-70,0,901,12304,119,100,3,0,0
3426,6,3,768,10,809,18,6,7,1,7,-70,4,1288,18327,205,100,2,0,0
3423,12,8,1024,0,1048,17,43,7,1,4,-52,4,1424,15223,216,100,1,0,0
3422,20,21,1792,0,860,30,18,7,1,11,-52,0,726,10037,154,100,3,0,0
3427,1,0,256,0,26,0,0,4,0,0,0,10,1314,14683,2934,100,0,0,0
3422,17,13,1280,0,976,11,515,7,1,2,-52,2,828,9219,196,100,2,1,3
3425,15,10,1397,0,942,11,27,7,1,4,-70,1,613,6289,210,100,1,0,0
3427,10,6,1024,0,805,25,8,7,1,8,-52,2,1188,19145,208,100,2,0,0
3426,14,11,1280,10,881,34,11,7,1,12,-70,1,1228,13651,206,100,3,0,0
3429,8,4,768,20,982,20,46,7,2,8,-52,8,2709,17150,215,100,2,0,0
3428,2,3,768,0,826,28,1,6,1,10,-52,7,855,16563,222,100,3,0,0
3427,13,8,1024,0,1092,20,7,7,1,6,-70,3,1266,11198,215,100,2,0,0
3429,9,8,1024,0,1021,16,3,7,1,5,-52,0,1010,9523,217,100,4,0,0
3428,11,7,1024,0,970,30,46,7,1,11,-52,4,1341,10735,212,100,2,0,0
3430,18,14,1536,0,614,26,5,5,1,6,-52,0,447,9193,208,100,1,0,0
3430,6,3,768,0,811,18,6,7,1,7,-70,4,1456,11014,205,100,2,0,0
3429,12,8,1024,0,1053,17,43,7,1,4,-52,4,1226,11693,216,100,4,0,0
3431,7,3,768,20,900,24,13,7,1,10,-52,6,2536,23044,222,100,2,1,1
3430,14,11,1280,20,881,34,11,7,1,12,-70,1,591,7960,207,100,1,0,0
3432,10,6,1024,0,806,25,8,7,1,8,-52,2,741,10376,209,100,1,0,0
3429,20,21,1792,0,863,30,18,7,1,11,-52,0,816,9489,155,100,2,0,0
3433,3,1,512,0,804,16,10,7,2,3,-64,10,4672,29843,226,100,3,0,0
3434,1,0,256,0,26,0,0,4,0,0,0,10,1890,21103,2947,100,2,0,0
3434,4,1,512,50,838,20,5,7,2,5,-66,10,5970,31948,226,100,2,1,1
3431,16,12,1280,0,946,13,528,7,1,3,-52,1,1808,16741,209,100,7,1,3
3430,21,17,1536,0,884,15,8,5,1,3,-52,1,1668,18349,197,100,4,0,0
3434,5,4,768,0,810,12,1,6,1,1,-52,0,938,13974,227,100,2,0,0
3433,20,21,1792,10,866,30,18,7,1,11,-52,0,785,6448,155,100,2,0,0
3436,12,8,1024,0,1055,17,43,7,1,4,-52,4,957,10853,217,100,1,0,0
3436,8,4,768,10,985,20,46,7,2,8,-52,8,3329,24532,216,100,2,0,0
3434,11,7,1024,0,972,30,46,7,1,11,-52,4,1324,13199,213,100,2,0,0
3435,14,11,1280,0,884,34,11,7,1,12,-70,1,1144,9827,207,100,1,0,0
3434,17,13,1280,0,980,11,518,7,1,2,-52,2,2051,17993,197,100,7,1,3
3432,19,16,1536,10,582,31,3,7,1,12,-70,0,1106,16789,120,100,5,0,0
3434,15,10,1397,20,947,11,27,7,1,4,-70,1,1221,12782,211,100,3,0,0
3436,2,3,768,0,827,28,1,6,1,10,-52,7,393,14394,222,100,1,0,0
3436,7,3,768,0,900,24,13,7,1,10,-52,6,1150,12038,222,100,1,1,1
3437,13,8,1024,0,1097,20,7,7,1,6,-70,3,2707,20065,215,100,4,0,0
3437,6,3,768,30,813,18,6,7,1,7,-70,4,1113,15563,206,100,1,0,0
3439,4,1,512,10,838,20,5,7,2,5,-66,10,2278,13129,226,100,1,1,1
3439,3,1,512,0,804,16,10,7,2,3,-64,10,2278,16447,226,100,1,0,0
3439,10,6,1024,0,806,25,8,7,1,8,-52,2,832,13214,209,100,1,0,0
3439,18,14,1536,0,614,26,5,5,1,6,-52,0,568,14142,209,100,2,0,0
3435,19,16,1536,0,585,31,3,7,1,12,-70,0,721,7192,120,100,2,0,0
3440,9,8,1024,0,1025,16,3,7,1,5,-52,0,757,9751,217,100,2,0,0
3441,1,0,256,0,26,0,0,4,0,0,0,10,1751,21428,2954,100,1,0,0
3440,12,8,1024,0,1058,17,43,7,1,4,-52,4,1241,9727,217,100,1,0,0
3439,5,4,768,10,813,12,1,6,1,1,-52,0,606,7152,227,100,1,0,0
3441,8,4,768,0,986,20,46,7,2,8,-52,8,2398,15611,216,100,2,0,0
3440,21,17,1536,0,886,15,8,5,1,3,-52,1,475,6808,197,100,1,0,0
3441,11,7,1024,20,976,30,46,7,1,11,-52,4,1268,13283,213,100,3,0,0
3443,17,13,1280,10,986,11,520,7,1,2,-52,2,1426,13401,197,100,5,1,3
3441,16,12,1280,0,950,13,530,7,1,3,-52,1,1816,14633,210,100,6,1,3
3444,4,1,512,10,839,20,5,7,2,5,-66,10,3490,19248,227,100,1,1,1
3443,15,10,1397,0,952,11,27,7,1,4,-70,1,1066,13275,211,100,4,0,0
3444,5,4,768,0,815,12,1,6,1,1,-52,0,713,7215,227,100,1,0,0
3442,19,16,1536,0,588,31,3,7,1,12,-70,0,603,9642,120,100,2,0,0
3444,18,14,1536,0,615,26,5,5,1,6,-52,0,538,7644,209,100,1,0,0
3443,20,21,1792,0,868,30,18,7,1,11,-52,0,540,11666,155,100,3,0,0
3445,13,8,1024,0,1100,20,7,7,1,6,-70,3,1882,17282,216,100,2,0,0
3444,6,3,768,0,818,18,6,7,1,7,-70,4,1860,16704,206,100,1,0,0
3444,14,11,1280,0,887,34,11,7,1,12,-70,1,1603,18157,208,100,3,0,0
3447,1,0,256,0,26,0,0,4,0,0,0,10,1511,19047,2964,100,1,0,0
3446,3,1,512,0,805,16,10,7,2,3,-64,10,3193,22363,227,100,2,0,0
3444,21,17,1536,10,888,15,8,5,1,3,-52,1,915,7866,197,100,2,0,0
3445,11,7,1024,10,979,30,46,7,1,11,-52,4,1195,9515,214,100,1,0,0
3446,2,3,768,0,830,28,1,6,1,10,-52,7,1116,21595,223,100,2,0,0
3446,7,3,768,0,903,24,13,7,1,10,-52,6,2475,24320,223,100,2,1,1
3448,10,6,1024,20,810,25,8,7,1,8,-52,2,1579,17678,210,100,2,0,0
3451,4,1,512,10,840,20,5,7,3,5,-66,10,3178,18826,227,100,2,1,1
3449,8,4,768,10,991,20,46,7,2,8,-52,8,3875,31995,217,100,3,0,0
3449,9,8,1024,0,1029,16,3,7,1,5,-52,0,993,11308,218,100,4,0,0
3449,12,8,1024,0,1062,17,43,7,1,4,-52,4,1707,21987,218,100,4,0,0
3450,2,3,768,0,832,28,1,6,1,10,-52,7,617,8243,223,100,2,0,0
3451,16,12,1280,0,953,13,532,7,1,3,-52,1,1465,13222,210,100,5,1,3
3451,17,13,1280,0,988,11,521,7,1,2,-52,2,2114,15759,198,100,4,1,3
3453,1,0,256,0,26,0,0,4,0,0,0,10,1488,19622,2971,100,1,0,0
3452,13,8,1024,0,1102,20,7,7,1,6,-70,3,2056,16668,217,100,4,0,0
3454,19,16,1536,0,591,31,3,7,1,12,-70,0,798,13849,121,100,4,0,0
3452,7,3,768,10,904,24,13,7,1,10,-52,6,624,11240,223,100,1,1,1
3454,5,4,768,0,817,12,1,6,1,1,-52,0,727,12370,228,100,2,0,0
3454,3,1,512,0,807,16,10,7,2,3,-64,10,3391,23732,227,100,2,0,0
3453,15,10,1397,10,955,11,27,7,1,4,-70,1,966,13511,212,100,3,0,0
3451,21,17,1536,10,890,15,8,5,1,3,-52,1,1082,11994,198,100,2,0,0
3454,12,8,1024,0,1063,17,43,7,1,4,-52,4,767,8093,218,100,2,0,0
3454,20,21,1792,0,871,30,18,7,1,11,-52,0,945,13830,156,100,5,0,0
3455,9,8,1024,0,1030,16,3,7,1,5,-52,0,450,5799,219,100,1,0,0
3457,6,3,768,0,819,18,6,7,1,7,-70,4,2015,26484,207,100,2,0,0
3458,7,3,768,10,904,24,13,7,1,10,-52,6,648,11480,224,100,1,1,1
3457,16,12,1280,10,955,13,533,7,1,3,-52,1,768,7606,211,100,3,1,3
3456,14,11,1280,20,893,34,11,7,1,12,-70,1,2256,23410,208,100,4,0,0
3458,10,6,1024,0,813,25,8,7,1,8,-52,2,1499,18236,211,100,2,0,0
3457,11,7,1024,0,984,30,46,7,1,11,-52,4,1885,22851,214,100,4,0,0
3455,18,14,1536,0,616,26,5,5,1,6,-52,0,619,16102,210,100,2,0,0
3459,8,4,768,0,995,20,46,7,2,8,-52,8,4355,30300,217,100,3,0,0
3459,19,16,1536,10,592,31,3,7,1,12,-70,0,414,7681,121,100,2,0,0
3459,15,10,1397,0,958,11,27,7,1,4,-70,1,843,7311,212,100,2,0,0
3461,4,1,512,10,846,20,5,7,3,5,-66,10,5712,30794,228,100,3,1,1
3461,17,13,1280,0,993,11,524,7,1,2,-52,2,1858,16761,199,100,6,1,3
3460,9,8,1024,0,1030,16,3,7,1,5,-52,0,310,5105,219,100,1,0,0
3460,2,3,768,10,835,28,1,6,1,10,-52,6,915,19537,224,100,2,0,0
3461,13,8,1024,10,1105,20,7,7,1,6,-70,3,1881,17997,217,100,3,0,0
3462,3,1,512,10,809,16,10,7,2,3,-64,10,3516,24373,228,100,1,0,0
3461,7,3,768,0,905,24,13,7,1,10,-52,6,1181,11031,224,100,1,1,1
3460,12,8,1024,10,1066,17,43,7,1,4,-52,4,1171,13435,219,100,2,0,0
3463,5,4,768,0,818,12,1,6,1,1,-52,0,597,10863,229,100,2,0,0
3464,1,0,256,0,26,0,0,4,0,0,0,10,2737,35140,2988,100,2,0,0
3463,6,3,768,0,822,18,6,7,1,7,-70,4,1607,16613,207,100,2,0,0
3462,21,17,1536,0,895,15,8,5,1,3,-52,1,1486,16080,199,100,4,0,0
3464,10,6,1024,0,814,25,8,7,1,8,-52,2,1007,13482,211,100,1,0,0
3466,4,1,512,10,847,20,5,7,3,5,-66,10,2677,15935,228,100,1,1,1
3466,13,8,1024,20,1106,20,7,7,1,6,-70,3,1173,10124,218,100,2,0,0
3465,15,10,1397,0,961,11,27,7,1,4,-70,1,1068,9691,213,100,3,0,0
3465,14,11,1280,0,897,34,11,7,1,12,-70,1,1736,17479,209,100,3,0,0
3465,20,21,1792,0,875,30,18,7,1,11,-52,0,882,13852,157,100,3,0,0
3467,8,4,768,0,997,20,46,7,2,8,-52,8,3244,25787,218,100,2,0,0
3465,19,16,1536,0,594,31,3,7,1,12,-70,0,633,10272,122,100,2,0,0
3467,2,3,768,0,837,28,1,6,1,10,-52,6,637,13805,225,100,1,0,0
3467,16,12,1280,0,960,13,536,7,1,3,-52,1,1929,15122,211,100,7,1,3
3466,18,14,1536,0,620,26,5,5,1,6,-52,0,1131,15856,211,100,2,0,0
3467,11,7,1024,0,986,30,47,7,1,11,-52,4,2255,20980,215,100,4,0,0
3467,17,13,1280,0,995,11,525,7,1,2,-52,2,1491,12390,199,100,4,1,3
3470,21,17,1536,0,897,15,8,5,1,3,-52,1,852,11396,199,100,2,0,0
3468,6,3,768,10,822,18,6,7,1,7,-70,4,933,10449,208,100,1,0,0
3470,9,8,1024,0,1031,16,3,7,1,5,-52,0,644,9466,220,100,3,0,0
3471,5,4,768,0,820,12,1,6,1,1,-52,0,640,10455,229,100,1,0,0
3471,13,8,1024,0,1107,20,7,7,1,6,-70,3,1447,10900,218,100,2,0,0
3473,7,3,768,0,909,24,13,7,1,10,-52,6,1966,23723,225,100,2,1,1
3474,1,0,256,0,26,0,0,4,0,0,0,10,1726,29149,2996,100,2,0,0
3472,12,8,1024,0,1070,17,43,7,1,4,-52,4,2200,21879,219,100,5,0,0
3474,2,3,768,0,839,28,1,6,1,10,-52,6,500,12073,225,100,1,0,0
3474,3,1,512,10,812,16,10,7,2,3,-64,10,4255,33355,228,100,3,0,0
3472,10,6,1024,0,814,25,8,7,1,8,-52,2,875,14691,211,100,1,0,0
3475,6,3,768,20,822,18,6,7,1,7,-70,4,1230,13647,208,100,1,0,0
3474,11,7,1024,10,989,30,47,7,1,11,-52,4,804,11858,215,100,3,0,0
3474,17,13,1290,0,999,11,527,7,1,2,-52,2,1205,11746,199,100,5,1,3
3476,4,1,512,0,850,20,5,7,3,5,-66,10,4692,28216,229,100,3,1,1
3475,19,16,1536,0,599,31,3,7,1,12,-70,0,1508,16430,122,100,5,0,0
3474,15,10,1397,0,967,11,27,7,1,4,-70,1,1245,11491,213,100,4,0,0
3473,20,21,1792,0,880,30,18,7,1,11,-52,0,990,11006,158,100,4,0,0
3476,16,12,1280,0,962,13,538,7,1,3,-52,1,1046,11875,212,100,4,1,3
3474,14,11,1280,10,902,34,11,7,1,12,-70,1,1686,17270,210,100,4,0,0
3475,18,14,1536,0,621,26,5,5,1,6,-52,0,468,13646,211,100,1,0,0
3479,7,3,768,10,913,24,13,7,1,10,-52,6,1647,14353,225,100,0,1,1
3478,8,4,768,0,1002,20,46,7,2,8,-52,8,5067,38328,219,100,4,0,0
3480,1,0,256,0,26,0,0,4,0,0,0,10,1765,21212,3008,100,1,0,0
3480,5,4,768,0,822,12,1,6,1,1,-52,0,832,11139,230,100,2,0,0
3479,21,17,1536,0,902,15,8,5,1,3,-52,1,1595,15793,200,100,4,0,0
3479,14,11,1280,10,905,34,11,7,1,12,-70,1,1190,10855,210,100,1,0,0
3479,9,8,1024,10,1035,16,3,7,1,5,-52,0,871,9403,220,100,4,0,0
3482,6,3,768,10,822,18,6,7,1,7,-70,4,910,14182,208,100,1,0,0
3483,3,1,512,0,816,16,10,7,2,3,-64,10,4609,25845,229,100,3,0,0
3480,16,12,1280,0,963,13,539,7,1,3,-52,1,569,6617,212,100,3,1,3
3481,13,8,1024,0,1111,20,7,7,1,6,-70,3,2943,22867,219,100,3,0,0
3481,11,7,1024,0,993,30,47,7,1,11,-52,4,1951,15970,216,100,2,0,0
3481,20,21,1792,0,884,30,18,7,1,11,-52,0,839,9642,158,100,2,0,0
3481,12,8,1024,10,1074,17,43,7,1,4,-52,4,1729,17956,220,100,3,0,0
3484,7,3,768,0,915,24,13,7,1,10,-52,6,1339,13296,226,100,2,1,1
3483,19,16,1536,0,600,31,3,7,1,12,-70,0,575,12060,123,100,2,0,0
3485,2,3,768,0,842,28,1,6,1,10,-52,6,836,20577,226,100,2,0,0
3484,10,6,1024,0,816,25,8,7,1,8,-52,2,1834,22599,212,100,2,0,0
3486,17,13,1280,0,1002,11,529,7,1,2,-52,2,1996,19421,200,100,5,1,3
3488,4,1,512,0,854,20,5,7,3,5,-66,10,4913,32193,230,100,2,1,1
3486,15,10,1397,0,973,11,27,7,1,4,-70,1,1451,16043,214,100,3,0,0
3489,1,0,256,0,26,0,0,4,0,0,0,10,1748,26940,3017,100,2,0,0
3489,7,3,768,20,916,24,13,7,1,10,-52,6,596,8992,226,100,0,1,1
3489,6,3,768,10,823,18,6,7,1,7,-70,4,1175,15974,209,100,1,0,0
3488,21,17,1546,0,908,15,8,5,1,3,-52,1,1486,14258,200,100,3,0,0
3486,14,11,1280,10,905,34,11,7,1,12,-70,1,973,13777,210,100,2,0,0
3489,5,4,768,0,825,12,1,6,1,1,-52,0,630,11060,230,100,1,0,0
3488,9,8,1024,0,1036,16,3,7,1,5,-52,0,613,8563,221,100,3,0,0
3490,3,1,512,10,818,16,10,7,2,3,-64,10,3123,21943,229,100,2,0,0
3489,8,4,768,0,1006,20,46,7,2,8,-52,8,4362,35036,220,100,3,0,0
3488,19,16,1536,0,601,31,3,7,1,12,-70,0,420,8468,123,100,1,0,0
3491,13,8,1024,10,1117,20,7,7,1,6,-70,3,2423,20178,219,100,4,0,0
3484,18,14,1536,0,625,26,5,5,1,6,-52,0,1155,16603,212,100,2,0,0
3491,10,6,1024,0,820,25,8,7,1,8,-52,2,1460,13574,213,100,2,0,0
3492,21,17,1536,10,908,15,8,5,1,3,-52,1,461,6794,201,100,1,0,0
3491,12,8,1024,10,1077,17,43,7,1,4,-52,4,1633,19380,221,100,3,0,0
3491,15,10,1397,10,977,11,27,7,1,4,-70,1,833,6137,214,100,2,0,0
3490,18,14,1536,0,626,26,5,5,1,6,-52,0,428,7992,213,100,1,0,0
3492,16,12,1280,0,966,13,542,7,1,3,-52,1,1496,15613,213,100,7,1,3
3494,1,0,256,0,26,0,0,4,0,0,0,10,1768,18582,3027,100,1,0,0
3494,2,3,768,0,844,28,1,6,1,10,-52,6,786,19203,226,100,2,0,0
3493,11,7,1024,0,995,30,47,7,1,11,-52,4,1801,21968,217,100,3,0,0
3495,6,3,768,10,824,18,6,7,1,7,-70,4,1589,13271,209,100,1,0,0
3495,4,1,512,0,854,20,5,7,3,5,-66,10,3908,21479,230,100,1,1,1
3493,17,13,1280,20,1003,11,532,7,1,2,-52,2,1592,12526,201,100,6,1,3
3496,7,3,768,0,919,24,13,7,1,10,-52,6,1987,17331,226,100,2,1,1
3495,15,10,1399,10,979,11,27,7,1,4,-70,1,935,7603,215,100,2,0,0
3495,10,6,1024,0,820,25,8,7,1,8,-52,2,743,8223,213,100,0,0,0
3495,19,16,1536,0,603,31,3,7,1,12,-70,0,671,9362,124,100,2,0,0
3492,20,21,1792,10,887,30,18,7,1,11,-52,0,643,12404,159,100,3,0,0
3497,12,8,1024,0,1078,17,43,7,1,4,-52,4,1108,11529,221,100,1,0,0
3499,1,0,256,0,26,0,0,4,0,0,0,10,1080,16134,3033,100,1,0,0
3497,20,21,1792,10,891,30,18,7,1,11,-52,0,737,6267,159,100,2,0,0
3499,8,4,768,10,1007,21,46,7,2,8,-52,8,4064,30368,220,100,3,0,0
3499,9,8,1024,0,1039,16,3,7,1,5,-52,0,850,10069,222,100,3,0,0
3501,3,1,512,0,823,16,10,7,2,3,-64,10,4909,33742,230,100,2,0,0
3500,5,4,768,0,828,12,1,6,1,1,-52,0,887,13914,231,100,2,0,0
3501,2,3,768,0,847,28,1,6,1,10,-52,6,715,14792,227,100,1,0,0
3501,13,8,1024,10,1126,20,7,7,1,6,-70,3,3156,22531,220,100,4,0,0
3501,21,17,1536,0,914,15,8,5,1,3,-52,1,2061,15353,201,100,4,0,0
3500,16,12,1280,10,970,13,546,7,1,3,-52,1,1515,12079,214,100,7,1,3
3501,20,21,1792,0,894,30,18,7,1,11,-52,0,940,6843,159,100,2,0,0
3503,12,8,1024,0,1081,17,43,7,1,4,-52,4,1059,10505,221,100,2,0,0
3503,17,13,1280,0,1008,11,534,7,1,2,-52,2,1969,16580,201,100,4,1,3
3503,9,8,1024,0,1041,16,3,7,1,5,-52,0,374,4355,222,100,1,0,0
3504,6,3,768,10,825,18,6,7,1,7,-70,4,1392,21112,210,100,2,0,0
3504,11,7,1024,20,999,30,47,7,1,11,-52,4,1422,19546,217,100,4,0,0
3505,5,4,768,0,830,13,1,6,1,1,-52,0,635,6061,231,100,1,0,0
3503,19,16,1536,0,606,31,3,7,1,12,-70,0,986,14393,124,100,3,0,0
3506,4,1,512,0,857,20,5,7,3,5,-66,10,5787,33558,231,100,2,1,1
3503,10,6,1024,10,822,25,8,7,1,8,-52,2,897,14884,214,100,2,0,0
3507,7,3,768,10,922,24,13,7,1,10,-52,6,1436,23529,227,20,2,1,1
3504,15,10,1397,0,983,11,27,7,1,4,-70,1,783,12018,215,100,2,0,0
3506,16,12,1280,0,971,13,547,7,1,3,-52,1,946,8981,214,100,3,1,3
3508,13,8,1024,30,1128,20,7,7,1,6,-70,3,1615,12984,220,100,2,0,0
3509,5,4,768,0,830,13,1,6,1,1,-52,0,368,5588,232,100,1,0,0
3509,1,0,256,0,26,0,0,4,0,0,0,10,2207,32067,3046,100,1,0,0
3509,8,4,768,10,1012,21,46,7,2,8,-52,8,4443,32197,221,100,4,0,0
3508,12,8,1024,0,1082,17,43,7,1,4,-52,4,910,10383,222,100,2,0,0
3504,20,21,1792,10,896,30,18,7,1,11,-52,0,529,5344,160,100,2,0,0
3506,21,17,1536,0,916,15,8,5,1,3,-52,1,1200,10199,202,100,2,0,0
3511,2,3,768,0,849,28,1,6,1,10,-52,6,641,16965,227,100,1,0,0
3511,3,1,512,0,826,16,10,7,2,3,-64,10,3639,29103,231,100,2,0,0
3508,19,16,1536,10,611,31,3,7,1,12,-70,0,874,8619,125,100,2,0,0
3513,4,1,512,0,858,20,5,7,3,5,-66,10,2564,16434,231,92,1,1,1
3513,7,3,768,10,922,24,13,7,1,10,-52,6,641,12117,228,33,1,1,1
3510,18,14,1536,0,631,26,5,5,1,6,-52,0,638,12702,214,100,1,0,0
3513,10,6,1024,0,823,25,8,7,1,8,-52,2,946,16505,214,100,1,0,0
3513,16,12,1280,0,972,13,550,7,1,3,-52,1,901,8353,214,100,5,1,3
3513,15,10,1397,0,988,11,27,7,1,4,-70,1,1258,11687,216,100,5,0,0
3516,11,7,1024,0,1002,30,47,7,1,11,-52,4,1906,21035,218,100,4,0,0
3514,13,8,1024,20,1132,20,7,7,1,6,-70,3,1643,15760,221,100,2,0,0
3514,20,21,1792,0,901,30,18,7,1,11,-52,0,1370,12608,160,100,3,0,0
3518,2,3,768,20,851,28,1,6,1,10,-52,6,705,13665,228,100,2,0,0
3517,8,4,768,0,1013,21,46,7,2,8,-52,8,3349,26742,221,100,2,0,0
3519,1,0,256,0,26,0,0,4,0,0,0,10,1569,28093,3051,100,2,0,0
3517,6,3,768,20,826,18,6,7,1,7,-70,4,2504,27016,211,100,2,0,0
3517,10,6,1024,20,825,25,8,7,1,8,-52,2,775,9167,214,100,1,0,0
3523,3,1,512,0,826,16,10,7,2,3,-64,10,3828,32499,232,100,2,0,0
3523,7,3,768,0,924,24,13,7,1,10,-52,6,1630,22169,228,66,1,1,1
3523,4,1,512,0,859,20,5,7,3,5,-66,10,3130,26605,232,42,2,1,1
3517,15,10,1397,0,989,11,27,7,1,4,-70,1,373,5562,216,100,1,0,0
3525,2,3,768,0,853,28,1,6,1,10,-52,6,853,17085,228,100,2,0,0
3524,21,17,1536,10,924,15,8,5,1,3,-52,1,1155,15407,203,100,3,0,0
3527,6,3,768,10,829,18,6,7,1,7,-70,4,2408,26760,211,100,2,0,0
3528,1,0,256,0,26,0,0,4,0,0,0,10,1825,28572,3063,100,2,0,0
3524,10,6,1024,10,826,25,8,7,1,8,-52,2,1195,13643,215,100,2,0,0
3525,20,21,1792,0,905,30,18,7,1,11,-52,0,998,13972,161,100,4,0,0
3527,15,10,1397,0,996,11,27,7,1,4,-70,1,1124,13203,217,100,4,0,0
3529,7,3,768,0,925,24,13,7,1,10,-52,6,796,14081,229,0,2,1,1
3531,4,1,512,0,863,20,5,7,3,5,-66,10,2276,17163,233,28,1,1,1
3531,18,14,1536,0,633,26,5,5,1,6,-52,0,492,9435,215,100,2,0,0
3531,16,12,1280,0,979,13,554,7,1,3,-52,1,1736,16036,216,100,6,1,3
3534,2,3,768,0,856,28,1,6,1,10,-52,6,929,17075,229,100,2,0,0
3534,7,3,768,0,927,24,13,7,1,10,-52,6,919,11650,229,75,0,1,1
3534,3,1,512,0,830,16,10,7,2,3,-64,10,5277,36286,232,100,3,0,0
3536,11,7,1024,0,1010,30,47,7,1,11,-52,4,1879,17501,220,100,2,0,0
3536,4,1,512,0,866,20,5,7,3,5,-66,10,1705,12511,233,45,1,1,1
3535,15,10,1400,0,998,11,27,7,1,4,-70,1,1092,10923,218,100,3,0,0
3538,1,0,256,0,26,0,0,4,0,0,0,10,2003,29273,3072,100,1,0,0
3539,6,3,768,10,832,18,6,7,1,7,-70,4,2638,25506,212,100,2,0,0
3538,3,1,512,10,831,16,10,7,2,3,-64,10,1853,13195,233,100,0,0,0
3539,7,3,768,0,927,24,13,7,1,10,-52,6,734,10785,229,50,1,1,1
3535,19,16,1536,20,624,31,3,7,1,12,-70,0,1231,15639,127,100,3,0,0
3537,10,6,1024,0,832,25,8,7,1,8,-52,2,2254,23127,216,100,2,0,0
3539,13,8,1024,20,1144,20,7,7,1,6,-70,3,1993,19934,222,100,3,0,0
3540,2,3,768,0,858,28,1,6,1,10,-52,6,500,12070,229,100,1,0,0
3539,16,12,1280,0,980,13,555,7,1,3,-52,1,982,9957,216,100,2,1,3
3543,1,0,256,0,26,0,0,4,0,0,0,10,940,15624,3078,100,1,0,0
3541,10,6,1024,0,834,25,8,7,1,8,-52,2,562,7678,216,100,1,0,0
3543,9,8,1024,0,1058,16,3,7,1,5,-52,0,1328,10934,224,100,4,0,0
3545,5,4,768,10,839,13,1,6,1,1,-52,0,605,7687,234,100,1,0,0
3545,3,1,512,10,832,16,10,7,2,3,-64,10,2174,17313,233,100,1,0,0
3545,4,1,512,0,866,20,5,7,3,5,-66,10,2552,21015,234,50,2,1,1
3544,2,3,768,0,860,28,1,6,1,10,-52,6,608,11308,230,100,1,0,0
3545,6,3,768,0,835,18,6,7,1,7,-70,4,1561,16549,213,100,2,0,0
3544,13,8,1024,20,1147,20,7,7,1,6,-70,3,1634,11950,223,100,2,0,0
3548,11,7,1024,0,1017,30,47,7,1,11,-52,4,2339,23166,220,100,4,0,0
3546,15,10,1397,0,1002,11,27,7,1,4,-70,1,947,14068,218,100,4,0,0
3547,7,3,768,10,930,24,13,7,1,10,-52,6,1378,18676,230,50,2,1,1
3550,1,0,256,0,26,0,0,4,0,0,0,10,992,20992,3081,100,2,0,0
3549,2,3,768,0,862,28,1,6,1,10,-52,6,476,9221,230,100,1,0,0
3549,14,11,1280,30,928,34,11,7,1,12,-70,1,1463,13457,215,100,2,0,0
3549,18,14,1536,0,637,26,5,5,1,6,-52,0,859,16538,216,100,2,0,0
3553,14,10,1540,10,931,35,11,7,1,13,-52,1,1469,9402,215,100,2,0,0
3550,13,8,1024,10,1147,20,7,7,1,6,-70,3,1124,10926,223,100,0,0,0
3550,9,8,1024,0,1060,16,3,7,1,5,-52,0,582,6888,225,100,1,0,0
3554,6,3,768,40,836,18,6,7,1,7,-70,5,2384,21553,213,100,1,0,0
3550,16,12,1280,20,984,13,558,7,1,3,-52,1,976,9375,217,100,4,1,3
3555,3,1,512,0,837,16,10,7,2,3,-64,10,4283,30959,234,100,2,0,0
3553,10,6,1024,0,838,25,8,7,1,8,-52,2,2204,22840,217,100,2,0,0
3554,7,3,768,0,932,24,13,7,1,10,-52,6,1124,17099,230,0,1,1,1
3557,4,1,512,50,870,20,5,7,1,5,-66,10,3035,24307,235,37,3,1,1
3551,21,17,1536,0,932,15,8,5,1,3,-52,1,1335,15062,205,100,3,0,0
3554,15,10,1397,0,1003,11,27,7,1,4,-70,1,447,8050,219,100,2,0,0
3555,8,4,768,40,1022,21,46,7,1,8,-52,8,3169,24452,224,100,2,0,0
3558,18,14,1796,10,640,27,5,5,1,6,-52,0,787,13640,217,100,2,0,0
3558,14,10,1540,0,934,36,11,7,1,13,-52,1,1249,13155,215,100,1,0,0
3556,5,4,768,0,841,13,1,6,1,1,-52,0,724,13229,235,100,2,0,0
3559,2,3,768,0,864,28,1,6,1,10,-52,6,835,19784,231,100,2,0,0
3554,12,8,1024,0,1103,17,43,7,1,4,-52,4,1471,12261,225,100,3,0,0
3559,10,6,1024,10,838,25,8,7,1,8,-52,3,1403,13134,217,100,1,0,0
3561,1,0,256,0,26,0,0,4,0,0,0,10,2427,28617,3091,100,2,0,0
3563,4,1,512,60,874,20,5,7,1,5,-66,10,2299,14861,235,54,2,1,1
3562,3,1,512,0,839,16,10,7,2,3,-64,10,3191,22258,234,100,2,0,0
3555,19,16,1538,0,632,31,3,7,1,12,-70,0,937,15505,128,100,4,0,0
3555,16,12,1280,10,985,13,560,7,1,3,-52,1,1098,8448,217,100,4,1,3
3563,15,10,1397,0,1007,11,27,7,1,4,-70,1,1136,12092,219,100,4,0,0
3558,13,8,1024,10,1150,20,7,7,1,6,-70,3,1884,16786,224,100,4,0,0
3557,20,21,1792,10,921,30,18,7,1,11,-52,0,1258,12899,163,100,3,0,0
3562,9,8,1024,0,1063,16,3,7,1,5,-52,0,443,6903,226,100,2,0,0
3564,7,3,768,0,937,24,13,7,1,10,-52,6,1411,22077,231,50,2,1,1
3564,6,3,768,0,838,18,6,7,1,7,-70,5,2776,24671,214,100,2,0,0
3566,1,0,256,0,26,0,0,4,0,0,0,10,867,13144,3095,100,1,0,0
3565,8,4,768,20,1027,21,46,7,1,8,-52,8,3634,28339,224,100,3,0,0
3567,10,6,1024,40,841,25,8,7,1,8,-52,3,1878,16224,218,100,1,0,0
3566,14,10,1540,20,936,36,11,7,1,13,-52,1,937,14407,216,100,2,0,0
3567,18,14,1796,10,640,27,5,5,1,6,-52,0,540,12135,218,100,1,0,0
3570,1,0,256,0,26,0,0,4,0,0,0,10,612,10047,3099,100,0,0,0
3569,6,3,768,0,839,18,6,7,1,7,-70,5,1338,12274,214,100,1,0,0
3572,2,3,768,0,866,28,1,6,1,10,-52,6,669,22611,231,100,2,0,0
3573,4,1,512,50,875,20,5,7,1,5,-66,10,3361,23464,236,35,2,1,1
3571,15,10,1397,10,1010,11,27,7,1,4,-70,1,865,11630,220,100,2,0,0
3573,11,7,1024,0,1024,30,47,7,1,11,-52,4,1051,21423,222,100,4,0,0
3574,3,1,512,0,842,16,10,7,2,3,-64,10,4548,34413,235,100,2,0,0
3570,9,8,1024,10,1066,16,3,7,1,5,-52,0,740,8203,226,100,4,0,0
3575,7,3,768,0,939,24,13,7,1,10,-52,6,1244,22072,232,100,2,1,1
3567,20,21,1792,0,926,30,18,7,1,11,-52,0,553,6204,164,100,2,0,0
3575,15,10,1397,0,1011,11,27,7,1,4,-70,1,398,5231,220,100,1,0,0
3576,10,6,1024,0,842,25,8,7,1,8,-52,3,2003,18029,218,100,2,0,0
3577,6,3,768,10,839,18,6,7,1,7,-70,5,1749,16950,215,100,2,0,0
3577,18,14,1796,0,642,27,5,5,1,6,-52,0,728,16772,218,100,2,0,0
3573,16,12,1280,0,991,13,564,7,1,3,-52,1,1192,13693,218,100,6,1,3
3578,14,10,1540,0,939,36,11,7,1,13,-52,1,1442,20906,217,100,3,0,0
3569,21,17,1536,10,939,15,8,5,1,3,-52,1,1246,12135,206,100,3,0,0
3579,3,1,512,10,844,16,10,7,2,3,-64,10,2605,15602,235,100,1,0,0
3580,1,0,256,0,26,0,0,4,0,0,0,10,1907,24824,3108,100,2,0,0
3576,12,8,1024,0,1112,17,43,7,1,4,-52,4,1113,12435,226,100,3,0,0
3581,4,1,512,20,879,20,5,7,1,5,-66,10,2773,18845,236,50,2,1,1
3581,2,3,768,0,867,28,1,6,1,10,-52,6,642,17601,232,100,1,0,0
3576,13,8,1024,10,1157,20,7,7,1,6,-70,3,1083,9355,225,100,1,0,0
3582,8,4,768,40,1032,21,46,7,1,8,-52,8,3075,25179,226,100,3,0,0
3583,6,3,768,0,840,18,6,7,1,7,-70,5,1308,13349,215,100,0,0,0
3585,1,0,256,0,26,0,0,4,0,0,0,10,857,12496,3115,100,1,0,0
3583,11,7,1024,0,1029,30,47,7,1,11,-52,4,583,11239,223,100,1,0,0
3585,3,1,512,10,845,16,10,7,2,3,-64,10,2071,16701,236,100,1,0,0
3584,16,12,1280,0,997,13,567,7,1,3,-52,1,1804,15657,219,100,7,1,3
3585,12,8,1024,0,1115,17,43,7,1,4,-52,4,1345,17575,227,100,2,0,0
3585,15,10,1397,0,1015,11,27,7,1,4,-70,1,1192,13260,221,100,4,0,0
3586,10,6,1024,0,844,25,8,7,1,8,-52,3,1945,20899,219,100,2,0,0
3586,18,14,1796,10,647,27,5,5,1,6,-52,0,917,13600,219,100,2,0,0
3588,7,3,768,0,942,24,13,7,1,10,-52,6,1384,24780,233,33,2,1,1
3589,4,1,512,0,882,20,5,7,1,5,-66,10,2311,18252,237,35,1,1,1
3589,2,3,768,0,868,28,1,6,1,10,-52,6,705,15800,233,100,2,0,0
3588,9,8,1024,0,1069,16,3,7,1,5,-52,0,523,5715,227,100,1,0,0
3589,5,4,768,0,846,13,1,6,1,1,-52,0,309,5895,237,100,1,0,0
3591,12,8,1024,0,1118,17,43,7,1,4,-52,4,1169,9028,227,100,2,0,0
3591,1,0,256,0,26,0,0,4,0,0,0,10,1392,16002,3121,100,1,0,0
3591,6,3,768,40,843,18,6,7,1,7,-70,5,1844,17137,216,100,2,0,0
3589,14,10,1540,0,943,36,11,7,1,13,-52,1,1590,21821,218,100,4,0,0
3592,7,3,768,10,943,24,13,7,1,10,-52,6,510,9319,233,0,1,1,1
3590,15,10,1397,0,1017,11,27,7,1,4,-70,1,475,5699,221,100,2,0,0
3593,3,1,512,0,847,16,10,7,2,3,-64,10,3656,25085,236,100,1,0,0
3594,4,1,512,0,882,20,5,7,1,5,-66,10,1440,11941,237,33,1,1,1
3592,10,6,1024,10,844,25,8,7,1,8,-52,3,1269,12295,219,100,1,0,0
3595,14,10,1540,10,944,36,11,7,1,13,-52,1,656,10743,218,100,2,0,0
3596,13,8,1024,20,1164,20,7,7,1,6,-70,3,3236,24933,226,100,3,0,0
3598,1,0,256,0,26,0,0,4,0,0,0,10,987,15464,3123,100,2,0,0
