timestamp,node_id,parent_id,rank,buf_occupancy,dio_sent,dao_sent,dis_sent,nbr_count,tx_slot_count,parent_switch_count,rssi,route_count,delta_tx,delta_rx,app_packet_count,forward_ratio,bcast_tx,is_attacker,attack_type
8,1,0,256,0,1,0,0,1,0,0,0,0,615,3978,0,100,15,0,0
13,1,0,256,0,2,0,0,2,0,0,0,2,633,4090,0,100,5,0,0
17,1,0,256,0,2,0,0,2,0,0,0,2,540,4034,0,100,3,0,0
26,1,0,256,0,3,0,0,3,0,0,0,3,998,8552,0,100,6,0,0
6,4,1,512,10,0,0,1,1,0,1,-61,0,270,23291,0,100,3,0,0
11,4,1,640,70,2,1,1,2,0,1,-61,0,533,5739,1,100,5,0,0
21,4,1,640,60,2,2,1,2,0,1,-61,0,1254,8632,1,100,8,0,0
31,1,0,256,0,3,0,0,3,0,0,0,3,726,6106,1,100,3,0,0
33,4,1,512,20,4,2,1,2,1,1,-61,0,1902,12447,2,100,8,0,0
9,5,1,512,20,1,1,1,1,0,1,-76,0,790,6860,0,100,7,0,0
13,5,1,640,40,2,1,1,2,0,1,-76,0,642,4568,1,100,4,0,0
20,5,1,640,70,2,2,1,2,0,1,-76,0,818,6049,1,100,4,0,0
29,5,1,640,90,3,2,1,2,0,1,-76,0,1019,9823,2,100,7,0,0
39,1,0,256,0,4,0,0,3,0,0,0,3,1834,13941,4,100,5,0,0
39,5,1,512,0,4,2,2,3,1,1,-76,0,1477,11910,2,100,5,0,0
43,4,1,512,0,5,3,1,4,1,1,-61,0,1196,11676,3,100,6,0,0
43,5,1,512,0,5,3,2,3,1,1,-76,0,756,4655,3,100,4,0,0
48,5,1,512,0,6,3,2,3,1,1,-76,0,644,5239,3,100,3,0,0
50,1,0,256,0,5,0,0,3,0,0,0,4,1755,16256,6,100,6,0,0
51,4,1,512,0,6,3,1,5,1,1,-61,0,786,8933,3,100,5,0,0
58,5,1,512,0,8,3,2,4,1,1,-76,1,1331,10763,4,100,4,0,0
62,1,0,256,0,6,0,0,3,0,0,0,5,1243,20417,8,100,4,0,0
63,4,1,512,0,9,3,1,5,1,1,-61,0,1126,11764,4,100,6,0,0
21,3,1,640,80,2,2,1,3,0,1,-76,0,395,3916,1,100,3,0,0
66,5,1,512,0,9,4,2,4,1,1,-76,1,1202,9101,4,100,4,0,0
67,1,0,256,0,6,0,0,3,0,0,0,6,1203,11525,8,100,3,0,0
30,3,1,640,90,3,2,1,3,0,1,-76,0,1209,8456,2,100,7,0,0
40,3,1,640,80,4,2,1,3,0,1,-76,0,1037,9503,2,100,7,0,0
50,3,1,640,80,5,3,1,5,0,1,-76,1,1329,10939,3,100,5,0,0
70,4,1,512,10,11,4,1,6,1,1,-61,1,1229,10600,5,100,5,0,0
62,3,1,640,100,6,3,1,5,0,1,-76,1,955,10691,4,100,5,0,0
71,1,0,256,0,6,0,0,3,0,0,0,6,890,8118,12,100,2,0,0
71,5,1,512,10,9,4,2,5,1,1,-76,1,501,5950,5,100,2,0,0
73,3,1,512,10,7,3,1,5,1,1,-76,1,2271,13494,4,100,5,0,0
76,1,0,256,0,6,0,0,3,0,0,0,6,895,8709,14,100,2,0,0
75,4,1,512,0,12,4,1,6,1,1,-61,1,628,7678,5,100,3,0,0
76,5,1,512,0,10,4,2,5,1,1,-76,1,580,5760,5,100,2,0,0
78,3,1,512,0,8,3,1,5,1,1,-76,1,785,6419,5,100,3,0,0
80,1,0,256,0,6,0,0,3,0,0,0,6,553,6988,14,100,1,0,0
47,9,5,768,0,0,0,1,1,0,1,-70,0,125,197560,0,100,2,0,0
54,9,5,896,40,1,1,1,2,0,1,-70,0,1416,6890,0,100,12,0,0
82,3,1,512,0,8,3,1,5,1,1,-76,1,308,4238,5,100,1,0,0
63,9,5,896,80,3,1,1,3,0,1,-70,0,1239,7888,1,100,9,0,0
85,4,1,512,0,12,4,1,6,1,1,-61,1,704,11547,5,100,3,0,0
86,5,1,573,50,12,4,2,5,1,1,-76,1,2789,17418,5,100,6,0,0
77,9,5,896,80,4,1,1,5,0,1,-70,0,441,4252,2,100,3,0,0
88,3,1,512,0,10,3,1,5,1,1,-76,1,1071,7932,6,100,2,0,0
84,9,5,768,20,5,2,1,5,1,1,-70,0,1922,8646,2,100,4,0,0
91,1,0,256,0,7,0,0,3,0,0,0,6,2121,21625,20,100,5,0,0
90,9,5,768,10,6,2,1,5,1,1,-70,0,855,6372,3,100,4,0,0
92,4,1,512,0,13,4,1,6,1,1,-61,1,922,10118,6,100,3,0,0
93,3,1,512,0,10,3,1,5,1,1,-76,1,656,5993,6,100,3,0,0
95,5,1,512,0,12,4,2,5,1,1,-76,1,2376,17008,6,100,2,0,0
101,4,1,512,0,13,4,1,6,1,1,-61,1,648,9213,6,100,2,0,0
102,1,0,256,0,7,0,0,3,0,0,0,6,1214,19364,22,100,3,0,0
102,5,1,512,20,12,4,2,5,1,1,-76,1,828,11046,7,100,2,0,0
57,8,3,1024,80,2,1,1,3,0,1,-52,0,538,4889,1,100,4,0,0
67,8,3,1024,90,2,1,1,3,0,1,-52,0,726,8426,1,100,6,0,0
104,3,1,512,50,10,3,1,5,1,1,-76,1,1890,14548,7,100,3,0,0
78,8,3,896,90,3,1,1,3,0,1,-52,0,802,10506,2,100,6,0,0
101,9,5,768,10,7,2,1,5,1,1,-70,0,1030,10760,4,100,4,0,0
87,8,3,896,90,3,1,1,3,0,1,-52,0,677,9480,3,100,5,0,0
99,8,3,896,90,5,1,1,3,0,1,-52,0,823,9643,4,100,5,0,0
108,4,1,512,0,13,4,1,6,1,1,-61,1,785,10248,7,100,2,0,0
109,9,5,768,0,8,2,1,5,1,1,-70,0,874,8343,4,100,4,0,0
110,1,0,256,0,7,0,0,3,0,0,0,6,1561,15159,27,100,2,0,0
112,5,1,512,0,14,4,2,5,1,1,-76,1,1991,16570,7,100,4,0,0
111,8,3,768,0,6,1,1,3,1,1,-52,0,1903,12770,4,100,5,0,0
116,4,1,512,0,14,4,1,7,1,1,-61,1,891,9431,7,100,3,0,0
115,3,1,512,10,10,3,1,5,1,1,-76,1,1756,15339,7,100,3,0,0
118,1,0,256,0,7,0,0,3,0,0,0,7,934,14033,30,100,2,0,0
119,8,3,768,0,7,1,1,5,1,1,-52,0,682,7837,5,100,4,0,0
121,9,5,768,10,8,2,1,5,1,1,-70,0,876,11731,5,100,4,0,0
122,5,1,512,0,14,4,2,6,1,1,-76,1,1828,18772,8,100,3,0,0
123,3,1,512,10,11,3,1,5,1,1,-76,1,1462,10793,8,100,3,0,0
124,4,1,512,0,14,4,1,7,1,1,-61,2,715,10220,8,100,2,0,0
125,8,3,768,0,7,1,1,5,1,1,-52,0,534,5235,5,100,2,0,0
127,1,0,256,0,7,0,0,3,0,0,0,7,1636,15588,32,100,2,0,0
129,9,5,768,0,8,2,1,5,1,1,-70,0,723,8733,5,100,3,0,0
131,4,1,512,0,15,4,1,7,1,1,-61,3,994,10371,9,100,2,0,0
134,5,1,512,0,15,4,2,6,1,1,-76,1,1650,19471,9,100,4,0,0
134,3,1,512,0,12,3,1,5,1,1,-76,1,1354,14867,9,100,3,0,0
133,8,3,768,0,8,1,1,5,1,1,-52,0,663,8757,6,100,3,0,0
137,1,0,256,0,7,0,0,3,0,0,0,8,1784,18971,37,100,2,0,0
139,3,1,512,10,13,3,1,5,1,1,-76,1,838,8055,9,100,1,0,0
140,5,1,512,0,16,4,2,6,1,1,-76,1,992,10498,9,100,3,0,0
140,4,1,512,0,17,4,1,7,1,1,-61,3,1145,13482,9,100,5,0,0
141,9,5,768,0,10,2,1,5,1,1,-70,0,1163,14462,6,100,5,0,0
141,8,3,768,0,8,1,1,5,1,1,-52,0,590,7099,6,100,2,0,0
144,3,1,512,0,13,3,1,5,1,1,-76,1,1184,9598,9,100,3,0,0
146,1,0,256,0,8,0,0,3,0,0,0,8,1316,16362,39,100,4,0,0
147,5,1,512,20,17,4,2,7,1,1,-76,2,1114,12365,10,100,2,0,0
123,6,4,1152,70,2,1,2,2,0,1,-95,0,1789,10592,1,100,13,0,0
130,6,4,1152,80,2,1,3,2,0,1,-95,0,815,7108,1,100,6,0,0
149,8,3,768,0,9,1,1,5,1,1,-52,0,878,9909,7,100,4,0,0
141,6,5,896,80,3,3,4,3,0,2,-52,0,954,9504,2,100,7,0,0
151,4,1,512,0,17,4,1,7,1,1,-61,3,776,12728,10,100,2,0,0
149,6,5,768,30,5,3,4,4,1,2,-52,0,1472,7803,3,100,5,0,0
150,9,5,768,0,11,2,1,6,1,1,-70,0,850,11412,7,100,4,0,0
152,3,1,512,0,14,3,1,5,1,1,-76,1,999,12999,10,100,3,0,0
156,4,1,574,0,18,4,1,7,1,1,-61,3,481,6527,10,100,2,0,0
153,6,5,768,10,5,3,4,4,1,2,-52,0,638,5264,3,100,2,0,0
157,1,0,256,0,8,0,0,3,0,0,0,8,1687,20706,44,100,2,0,0
157,5,1,512,0,17,4,2,7,1,1,-76,3,3501,23069,10,100,3,0,0
157,8,3,768,0,11,1,1,5,1,1,-52,0,906,9723,7,100,2,0,0
159,9,5,768,0,11,2,1,6,1,1,-70,0,545,11366,7,100,3,0,0
161,4,1,512,0,18,4,1,7,1,1,-61,3,479,7339,11,100,2,0,0
164,5,1,512,10,18,4,2,7,1,1,-76,3,1488,13899,11,100,2,0,0
131,11,10,1280,60,2,1,2,2,0,1,-52,0,1250,8886,0,100,8,0,0
163,3,1,512,10,16,3,1,5,1,1,-76,1,1683,17604,11,100,3,0,0
117,14,8,1152,80,1,1,2,3,0,1,-70,0,1222,7875,1,100,10,0,0
165,1,0,256,0,8,0,0,3,0,0,0,8,1511,16333,50,100,2,0,0
128,14,8,1152,80,2,1,2,3,0,1,-70,0,1229,9107,1,100,7,0,0
138,14,8,1152,60,3,1,2,3,0,1,-70,0,731,8033,2,100,7,0,0
140,11,5,896,80,3,3,2,3,0,2,-70,0,1050,8489,1,100,7,0,0
147,14,8,1152,80,3,1,2,3,0,1,-70,0,520,6786,2,100,4,0,0
166,6,5,768,0,6,3,4,4,1,2,-52,0,1304,12134,4,100,6,0,0
150,11,5,896,90,4,3,2,3,0,2,-70,0,889,8418,2,100,5,0,0
158,11,5,896,90,5,3,2,3,0,2,-70,0,717,7179,2,100,5,0,0
167,8,3,768,30,12,1,1,5,1,1,-52,0,2123,17032,8,100,4,0,0
152,14,8,1152,80,3,1,2,3,0,1,-70,0,350,5361,3,100,2,0,0
169,5,1,512,30,18,4,2,7,1,1,-76,3,2354,14486,11,100,2,0,0
161,14,8,1152,90,4,1,2,4,0,1,-70,0,767,8569,3,100,5,0,0
170,9,5,768,0,12,2,1,7,1,1,-70,0,657,12492,8,100,3,0,0
172,4,1,512,10,18,4,1,7,1,1,-61,3,616,13216,11,100,2,0,0
170,11,5,768,10,7,3,2,4,1,2,-70,0,2227,13869,3,100,6,0,0
171,6,5,768,0,7,3,4,4,1,2,-52,0,501,5908,4,100,3,0,0
172,3,1,512,0,16,3,1,5,1,1,-76,1,2180,17431,11,100,2,0,0
176,5,1,512,0,19,4,2,7,1,1,-76,3,1975,15739,11,100,1,0,0
176,6,5,768,0,7,3,4,4,1,2,-52,0,398,5347,4,100,2,0,0
177,1,0,256,0,8,0,0,3,0,0,0,9,2375,23171,60,100,3,0,0
178,8,3,768,10,12,1,2,6,1,1,-52,1,1229,13980,9,100,4,0,0
179,4,1,512,0,18,4,2,7,1,1,-61,3,437,8503,12,100,2,0,0
180,11,5,768,0,9,3,2,4,1,2,-70,0,1307,10789,4,100,5,0,0
181,9,5,768,0,13,2,1,7,1,1,-70,0,1041,13302,9,100,3,0,0
182,3,1,512,0,17,3,1,5,1,1,-76,2,1365,15706,12,100,3,0,0
185,11,5,768,0,10,3,2,4,1,2,-70,0,482,4761,4,100,3,0,0
185,4,1,512,0,19,4,2,7,1,1,-61,3,505,7854,12,100,3,0,0
185,5,1,512,0,20,4,2,7,1,1,-76,3,3305,25965,12,100,3,0,0
186,1,0,256,0,9,0,0,3,0,0,0,9,1449,16724,63,100,3,0,0
184,8,3,768,0,13,1,2,6,1,1,-52,1,520,7864,9,100,2,0,0
188,6,5,768,10,10,3,4,4,1,2,-52,0,1272,13783,5,100,6,0,0
189,9,5,768,0,15,2,1,7,1,1,-70,0,948,10254,9,100,4,0,0
192,8,3,768,0,15,1,2,6,1,1,-52,1,1153,9759,10,100,3,0,0
192,5,1,512,20,21,4,2,7,1,1,-76,3,1805,16016,13,100,3,0,0
193,3,1,512,0,18,3,1,5,1,1,-76,2,1621,18084,13,100,4,0,0
192,11,5,768,0,10,3,3,4,1,2,-70,0,656,7513,4,100,3,0,0
195,4,1,512,0,20,4,2,7,1,1,-61,3,1122,12685,13,100,3,0,0
197,1,0,256,0,10,0,0,3,0,0,0,10,1975,21296,70,100,3,0,0
196,6,5,768,0,11,3,4,4,1,2,-52,0,705,11096,6,100,4,0,0
197,9,5,768,0,15,2,1,7,1,1,-70,1,925,11667,10,100,2,0,0
199,11,5,768,0,10,3,3,4,1,2,-70,0,717,7869,5,100,3,0,0
166,12,8,1152,10,0,0,3,2,0,1,-70,0,290,4227,0,100,2,0,0
201,4,1,512,0,21,4,2,7,1,1,-61,2,779,7357,13,100,1,0,0
200,8,3,768,0,15,1,2,6,1,1,-52,1,883,12063,10,100,2,0,0
202,1,0,256,0,10,0,0,3,0,0,0,10,554,8340,70,100,1,0,0
201,3,1,512,0,19,3,1,5,1,1,-76,2,1010,13155,13,100,2,0,0
171,12,8,1152,40,1,1,3,2,0,1,-70,0,793,4769,0,100,5,0,0
179,12,8,1152,80,3,1,3,2,0,1,-70,0,742,6681,1,100,6,0,0
203,5,1,512,10,21,4,2,7,1,1,-76,6,2802,26843,13,100,2,0,0
203,9,5,768,0,16,2,1,7,1,1,-70,3,952,8697,10,100,3,0,0
189,12,8,1152,80,4,1,3,2,0,1,-70,0,1063,8674,1,100,7,0,0
194,14,9,1152,70,7,3,4,6,0,2,-52,2,433,5962,6,100,3,0,0
198,14,9,1152,90,8,3,4,6,0,2,-52,2,650,4443,6,100,2,0,0
207,3,1,512,30,19,3,1,5,1,1,-76,2,1603,11312,14,100,1,0,0
207,6,5,768,0,11,3,4,4,1,2,-52,0,573,12338,6,100,3,0,0
195,12,8,1152,80,4,1,3,2,0,1,-70,0,464,5631,2,100,4,0,0
209,4,1,512,0,22,4,3,7,1,1,-61,1,867,11315,14,100,4,0,0
206,14,9,1024,10,10,3,5,6,1,2,-52,2,1557,9701,6,100,3,0,0
200,12,8,1024,80,4,1,3,3,1,1,-70,0,600,4346,2,100,2,0,0
210,1,0,256,0,11,0,0,3,0,0,0,10,2131,17884,79,100,3,0,0
209,8,3,768,0,16,1,2,6,1,1,-52,1,2559,16836,11,100,3,0,0
210,12,8,1024,0,7,1,3,3,1,1,-70,0,2441,12906,3,100,6,0,0
209,11,5,768,0,11,3,3,4,1,2,-70,0,750,10347,6,100,4,0,0
213,5,1,512,30,23,4,2,7,1,1,-76,7,4022,26671,14,100,3,0,0
211,9,5,768,0,16,2,1,7,1,1,-70,3,1465,13788,11,100,2,0,0
213,14,9,1024,0,11,3,5,6,1,2,-52,2,1031,9813,7,100,4,0,0
217,11,5,768,0,11,3,3,5,1,2,-70,1,561,7071,6,100,2,0,0
178,18,14,1536,80,1,2,3,3,0,1,-70,0,527,4254,1,100,5,0,0
218,1,0,256,0,11,0,0,3,0,0,0,10,1033,14369,81,100,1,0,0
218,3,1,512,10,19,3,1,5,1,1,-76,2,1929,18194,14,100,2,0,0
217,8,3,768,10,16,1,2,7,1,1,-52,1,1030,13204,11,100,2,0,0
215,12,8,1024,10,7,1,3,3,1,1,-70,0,490,4468,3,100,2,0,0
184,18,14,1536,70,2,3,3,4,0,1,-70,0,597,4901,1,100,5,0,0
190,18,14,1536,100,3,3,3,4,0,1,-70,0,566,5280,1,100,4,0,0
218,6,5,768,0,12,3,4,4,1,2,-52,0,678,12621,7,100,4,0,0
220,5,1,512,60,23,4,2,7,1,1,-76,7,2549,18148,15,100,2,0,0
221,4,1,512,0,24,4,3,7,1,1,-61,1,960,14452,15,100,4,0,0
218,9,5,768,30,16,2,1,7,1,1,-70,3,1051,11777,11,100,1,0,0
182,16,11,1152,70,2,3,3,3,0,2,-52,0,1517,9485,0,100,11,0,0
220,12,8,1024,0,7,1,3,3,1,1,-70,0,425,4842,3,100,2,0,0
199,18,14,1536,100,4,3,3,4,0,1,-70,0,1390,8313,2,100,6,0,0
198,16,11,1152,90,3,3,3,3,0,2,-52,0,333,4894,1,100,3,0,0
215,18,14,1536,90,6,3,3,4,1,1,-70,0,554,5269,3,100,4,0,0
222,8,3,768,0,16,1,2,7,1,1,-52,1,922,8889,12,100,1,0,0
224,11,5,768,70,11,3,3,5,1,2,-70,1,2019,12804,7,100,2,0,0
227,1,0,256,0,12,0,0,3,0,0,0,10,2513,20580,90,100,3,0,0
227,4,1,512,0,24,4,3,7,1,1,-61,1,280,7540,15,100,1,0,0
227,5,1,512,80,23,4,2,7,1,1,-76,8,2974,18905,15,100,1,0,0
207,16,11,1152,90,5,3,3,3,0,2,-52,0,771,7652,1,100,5,0,0
228,3,1,516,10,21,3,1,5,1,1,-76,2,3108,21153,15,100,3,0,0
213,16,11,1152,100,5,3,3,3,0,2,-52,0,527,5770,2,100,3,0,0
223,16,11,1024,10,6,3,3,3,1,2,-52,0,1994,11035,3,100,5,0,0
230,8,3,768,0,16,1,2,7,1,1,-52,1,734,12317,12,100,1,0,0
232,1,0,256,0,12,0,0,3,0,0,0,10,893,9169,92,100,1,0,0
231,12,8,1024,0,8,1,3,3,1,1,-70,0,1009,10567,4,100,5,0,0
189,24,14,1792,90,2,2,3,1,0,1,-95,0,1319,9116,2,100,8,0,0
198,24,14,1792,90,3,2,3,1,0,1,-95,0,485,7264,2,100,4,0,0
233,5,1,512,100,24,5,2,7,2,1,-76,8,2818,17838,15,100,2,0,0
210,24,14,1792,90,4,2,3,1,0,1,-95,0,1059,10469,3,100,7,0,0
218,24,14,1792,80,6,2,3,3,0,1,-95,0,609,7294,3,100,5,0,0
230,18,14,1408,0,9,3,3,5,1,1,-70,2,2478,13005,4,100,3,0,0
232,16,11,1024,10,7,3,3,3,1,2,-52,0,772,8298,3,100,5,0,0
232,6,5,768,10,12,3,4,4,1,2,-52,0,665,10742,8,100,2,0,0
226,24,18,1792,70,8,4,3,4,1,2,-70,1,961,7563,4,100,4,0,0
233,14,9,1024,0,12,3,6,6,1,2,-52,3,3030,18316,8,100,4,0,0
236,4,1,512,0,24,5,3,7,1,1,-61,1,945,12797,16,100,2,0,0
235,18,14,1408,20,9,3,3,6,1,1,-70,2,1086,6811,4,100,2,0,0
237,3,1,512,30,21,4,1,5,1,1,-76,2,1408,13630,16,100,1,0,0
235,24,18,1664,0,9,4,3,5,1,2,-70,1,2193,11255,4,100,3,0,0
236,8,3,768,10,17,1,2,7,1,1,-52,1,703,8272,13,100,2,0,0
238,11,5,768,0,13,3,3,6,1,2,-70,1,1188,14702,8,100,4,0,0
240,1,0,256,0,12,0,0,3,0,0,0,10,2206,21445,101,100,1,0,0
238,9,5,768,30,17,2,1,7,1,1,-70,5,2333,15823,13,100,2,0,0
239,16,11,1024,0,7,3,3,6,1,2,-52,0,556,7160,4,100,3,0,0
243,6,5,768,0,13,4,4,5,1,2,-52,0,735,13571,9,100,3,0,0
243,9,5,768,10,17,3,1,7,1,1,-70,5,1205,8874,13,100,1,0,0
242,12,8,1024,10,8,1,3,3,1,1,-70,0,632,10404,5,100,3,0,0
244,5,1,612,0,28,5,2,7,2,1,-76,9,6935,35001,16,100,4,0,0
248,11,5,768,0,14,4,3,6,1,2,-70,1,1820,16546,8,100,3,0,0
247,8,3,768,0,17,1,2,7,1,1,-52,1,1116,17751,13,100,2,0,0
248,4,1,512,0,26,5,3,7,1,1,-61,2,1174,14799,16,100,3,0,0
248,3,1,512,0,21,4,1,5,1,1,-76,2,1593,18602,16,100,3,0,0
250,6,5,1029,0,13,4,4,5,1,2,-52,0,456,8643,9,100,2,0,0
252,1,0,256,0,12,0,0,3,0,0,0,10,2217,25251,110,100,2,0,0
209,10,4,896,80,14,2,1,7,0,1,-70,0,498,5996,10,100,3,0,0
220,10,4,896,100,14,2,1,7,0,1,-70,0,362,10403,11,100,2,0,0
250,16,11,1024,0,8,3,3,6,1,2,-52,0,647,10661,4,100,4,0,0
228,10,4,896,100,14,2,2,7,0,1,-70,0,342,7058,11,100,3,0,0
254,5,1,512,10,28,5,2,7,2,1,-76,9,2206,22205,17,100,1,0,0
253,11,5,768,0,15,4,3,6,1,2,-70,1,1069,9326,9,100,2,0,0
252,12,8,1024,0,8,1,3,3,1,1,-70,0,822,9406,5,100,3,0,0
238,10,4,896,80,15,2,2,7,0,1,-70,1,950,10644,12,100,4,0,0
253,8,3,768,0,17,1,2,7,1,1,-52,1,1078,10438,14,100,2,0,0
247,10,4,896,80,15,2,2,7,0,1,-70,1,606,8471,12,100,2,0,0
256,4,1,512,20,26,5,3,7,1,1,-61,3,2929,17334,17,100,1,0,0
254,10,4,768,30,16,2,3,7,1,1,-70,1,1842,8733,13,100,3,0,0
255,3,1,512,20,21,4,1,5,1,1,-76,2,1280,12474,17,100,1,0,0
258,5,1,512,0,29,5,2,7,2,1,-76,9,990,10381,17,100,2,0,0
259,11,5,768,0,15,4,3,6,1,2,-70,1,759,9610,9,100,1,0,0
258,12,8,1024,0,10,1,3,3,1,1,-70,0,863,6138,6,100,2,0,0
260,6,5,1029,0,13,4,4,5,1,2,-52,0,677,12322,10,100,3,0,0
261,4,1,512,0,26,5,3,7,1,1,-61,3,811,7390,17,100,1,0,0
261,1,0,256,0,12,0,0,3,0,0,0,10,2008,21783,117,100,2,0,0
261,16,11,1024,0,8,3,3,6,1,2,-52,0,814,10349,5,100,4,0,0
263,5,1,512,0,29,5,2,7,2,1,-76,9,966,9830,17,100,1,0,0
260,8,3,768,0,17,1,2,7,1,1,-52,1,866,10159,14,100,1,0,0
265,6,5,1029,0,13,4,4,5,1,2,-52,0,282,5949,10,100,1,0,0
267,3,1,512,0,21,4,1,5,1,1,-76,2,2513,21742,18,100,2,0,0
266,10,4,768,10,18,2,3,7,1,1,-70,1,1409,12963,14,100,4,0,0
268,4,1,512,10,27,5,3,7,1,1,-61,3,1254,12718,18,100,2,0,0
269,11,5,768,20,15,4,3,6,1,2,-70,1,1301,15945,10,100,3,0,0
268,8,3,768,10,18,1,2,7,1,1,-52,1,1083,13502,15,100,1,0,0
269,16,11,1024,0,8,3,3,6,1,2,-52,0,573,7208,5,100,2,0,0
271,1,0,256,0,12,0,0,3,0,0,0,10,2041,22615,126,100,2,0,0
270,12,8,1024,0,12,1,3,4,1,1,-70,0,1276,14293,7,100,5,0,0
272,6,5,1029,10,14,4,4,5,1,2,-52,0,603,8124,11,100,1,0,0
273,3,1,512,0,21,4,1,5,1,1,-76,2,1190,10959,18,100,1,0,0
274,5,1,512,0,30,5,2,7,2,1,-76,9,2984,26927,18,100,2,0,0
274,8,3,768,0,18,1,2,7,1,1,-52,1,937,10537,15,100,1,0,0
275,10,4,768,0,19,2,3,7,1,1,-70,1,774,9903,14,100,2,0,0
276,11,5,768,0,16,4,3,6,1,2,-70,1,904,11413,10,100,2,0,0
279,4,1,512,0,27,5,3,7,1,1,-61,4,1189,16212,18,100,2,0,0
279,6,5,1029,0,14,4,4,5,1,2,-52,0,497,9048,11,100,2,0,0
279,16,11,1024,0,9,3,3,6,1,2,-52,0,1057,13524,6,100,4,0,0
281,1,0,256,0,12,0,0,3,0,0,0,10,1466,21130,130,100,2,0,0
280,12,8,1024,20,12,1,3,4,1,1,-70,0,711,12999,7,100,3,0,0
281,10,4,768,0,20,2,3,7,1,1,-70,1,521,7159,15,100,2,0,0
282,8,3,768,0,18,1,2,7,1,1,-52,1,1038,13298,16,100,2,0,0
284,5,1,512,10,30,5,2,7,2,1,-76,10,2218,22921,19,100,2,0,0
284,6,5,1029,0,14,4,4,5,1,2,-52,0,364,6622,12,100,1,0,0
286,3,1,512,0,21,4,1,5,1,1,-76,2,1743,18945,19,100,2,0,0
285,11,5,768,10,17,4,3,7,1,2,-70,2,1436,14687,11,100,4,0,0
286,1,0,256,0,12,0,0,3,0,0,0,10,1213,12502,135,100,1,0,0
287,4,1,512,0,28,5,3,7,1,1,-61,5,1996,14990,19,100,2,0,0
288,16,11,1024,0,10,4,3,6,1,2,-52,0,875,9067,7,100,3,0,0
290,11,5,768,0,18,4,3,7,1,2,-70,2,1087,7404,11,100,2,0,0
289,12,8,1024,0,13,1,3,4,1,1,-70,0,875,11985,8,100,3,0,0
290,6,5,1029,0,14,4,4,5,1,2,-52,0,280,6623,12,100,1,0,0
292,4,1,512,10,28,5,3,7,1,1,-61,5,643,8388,19,100,1,0,0
291,10,4,768,0,21,2,3,7,1,1,-70,1,920,14039,15,100,3,0,0
292,8,3,768,10,18,1,2,7,1,1,-52,1,1014,14406,16,100,1,0,0
294,16,11,1024,0,10,4,3,6,1,2,-52,0,677,6013,7,100,2,0,0
295,3,1,512,0,23,4,1,5,1,1,-76,2,1318,15462,19,100,3,0,0
295,1,0,256,0,12,0,0,3,0,0,0,10,893,17054,136,100,1,0,0
295,5,1,512,0,31,5,2,7,2,1,-76,10,2159,24352,19,100,3,0,0
296,11,5,768,0,18,4,3,7,1,2,-70,2,856,11130,11,100,1,0,0
296,10,4,768,0,21,2,3,7,1,1,-70,1,455,5945,16,100,1,0,0
298,6,5,1029,0,14,4,4,5,1,2,-52,0,568,9763,13,100,2,0,0
298,12,8,1024,0,14,1,3,5,1,1,-70,0,917,11166,9,100,2,0,0
301,4,1,512,0,28,5,3,7,1,1,-61,5,1135,14174,20,100,1,0,0
301,1,0,256,0,13,0,0,3,0,0,0,10,1421,14034,144,100,2,0,0
300,16,11,1024,0,10,4,3,6,1,2,-52,0,659,7644,8,100,1,0,0
301,5,1,512,10,31,5,2,7,2,1,-76,10,2024,16163,20,100,1,0,0
304,3,1,512,10,23,4,1,5,1,1,-76,2,1278,14769,20,100,1,0,0
303,8,3,768,10,20,2,2,7,1,1,-52,1,1729,19088,17,100,2,0,0
306,4,1,512,0,28,5,3,7,1,1,-61,5,784,8436,20,100,1,0,0
306,1,0,256,0,13,0,0,3,0,0,0,10,680,10273,144,100,1,0,0
306,11,5,768,10,19,4,3,7,1,2,-70,2,1430,15133,12,100,3,0,0
307,16,11,1024,0,10,4,3,6,1,2,-52,0,487,8492,8,100,2,0,0
303,12,8,1024,0,14,1,3,5,1,1,-70,0,503,7477,9,100,2,0,0
271,15,10,1152,100,6,2,4,5,0,2,-52,0,169,3537,5,100,1,0,0
309,3,1,512,30,23,4,1,5,1,1,-76,2,1193,7485,20,100,1,0,0
307,10,4,768,30,23,2,3,7,1,1,-70,1,1444,17037,16,100,3,0,0
282,15,10,1152,90,7,2,4,5,0,2,-52,0,633,8876,5,100,5,0,0
308,5,1,512,0,32,5,2,7,1,1,-76,9,1362,15528,20,100,2,0,0
310,6,5,1029,10,16,4,4,5,1,2,-52,0,1113,13708,13,100,3,0,0
287,15,10,1152,100,8,2,4,5,0,2,-52,0,222,4204,6,100,2,0,0
293,15,10,1152,100,9,2,4,5,0,2,-52,0,415,6456,6,100,3,0,0
302,15,10,1152,80,10,2,4,5,0,2,-52,0,660,8148,7,100,3,0,0
311,12,8,1024,0,15,1,3,5,1,1,-70,1,876,10485,9,100,3,0,0
311,10,4,768,10,23,2,3,7,1,1,-70,1,1498,8117,17,100,1,0,0
314,3,1,512,10,23,4,1,5,1,1,-76,3,1317,10481,21,100,1,0,0
315,5,1,512,10,32,5,2,7,1,1,-76,9,1371,15433,21,100,1,0,0
314,4,1,512,20,28,5,3,7,1,1,-61,6,2767,17416,21,100,2,0,0
315,8,3,768,0,20,2,2,7,1,1,-52,2,2015,19075,18,100,4,0,0
311,15,10,1024,0,11,2,4,6,1,2,-52,0,1600,11097,7,100,3,0,0
316,11,5,768,10,19,4,3,7,1,2,-70,2,968,15649,13,100,2,0,0
316,6,5,768,0,16,4,4,5,1,2,-52,0,489,8269,14,100,2,0,0
318,1,0,256,0,13,0,0,3,0,0,0,10,2724,25089,156,100,2,0,0
319,16,11,1024,10,10,4,3,7,1,2,-52,0,632,10958,9,100,3,0,0
319,10,4,768,0,23,2,3,7,1,1,-70,1,1234,13693,17,100,2,0,0
319,8,3,768,0,20,2,2,7,1,1,-52,2,449,7180,18,100,0,0,0
320,4,1,512,0,28,5,3,7,1,1,-61,7,1224,12136,21,100,1,0,0
321,15,10,1024,0,12,2,4,6,1,2,-52,0,735,9839,8,100,4,0,0
324,3,1,512,20,24,4,1,5,1,1,-76,3,2027,16786,21,100,2,0,0
325,1,0,256,0,13,0,0,3,0,0,0,10,954,12128,159,100,1,0,0
324,5,1,512,20,33,5,2,7,1,1,-76,9,1818,20997,21,100,3,0,0
323,11,5,768,10,19,4,3,7,1,2,-70,2,956,13159,13,100,2,0,0
285,17,22,2304,80,2,1,5,1,0,1,-52,0,1310,8936,1,100,10,0,0
324,6,5,768,10,16,4,4,5,1,2,-52,0,303,8586,14,100,1,0,0
292,17,18,1792,80,3,2,5,2,0,2,-52,0,814,6240,1,100,6,0,0
288,21,11,1408,40,1,1,5,1,0,1,-95,0,1285,8981,1,100,9,0,0
325,8,3,768,60,20,2,2,7,1,1,-52,3,1266,9701,19,100,1,0,0
323,12,8,1024,20,15,1,3,5,1,1,-70,2,1194,15796,10,100,2,0,0
329,1,0,256,0,13,0,0,3,0,0,0,10,895,8697,165,100,1,0,0
293,21,11,1408,70,2,1,5,2,0,1,-95,0,669,4530,1,100,5,0,0
303,17,12,1408,80,4,4,5,3,0,3,-52,0,1037,9731,2,100,7,0,0
310,17,12,1408,80,5,5,5,3,0,3,-52,0,895,6550,2,100,4,0,0
330,4,1,512,10,28,5,3,7,1,1,-61,7,1276,15918,22,100,2,0,0
329,15,10,1024,0,12,2,4,6,1,2,-52,0,427,7452,8,100,2,0,0
332,3,1,512,10,24,4,1,5,1,1,-76,4,2225,15146,22,100,1,0,0
312,21,11,1408,80,3,1,5,2,0,1,-95,0,782,7732,2,100,6,0,0
329,8,3,768,50,20,2,2,7,1,1,-52,3,1253,7552,19,100,1,0,0
329,6,5,768,0,16,4,4,5,1,2,-52,0,503,6872,15,100,1,0,0
319,17,12,1408,90,6,5,5,3,0,3,-52,0,940,7880,3,100,6,0,0
331,10,4,768,10,23,2,3,7,1,1,-70,1,1345,19605,18,100,2,0,0
333,5,1,512,80,35,5,2,7,1,1,-76,9,3648,23781,22,100,3,0,0
324,24,18,1664,0,16,4,3,7,1,2,-70,2,816,8718,10,100,2,0,0
334,1,0,256,0,13,0,0,3,0,0,0,10,1106,10988,171,100,1,0,0
330,17,12,1280,0,7,5,5,3,1,3,-52,1,1622,9914,4,100,4,0,0
306,20,16,1408,90,8,3,4,5,0,2,-70,0,621,10356,5,100,4,0,0
335,8,3,768,40,20,2,2,7,1,1,-52,3,1637,11896,19,100,1,0,0
314,20,16,1408,80,9,3,4,5,0,2,-70,0,608,6759,5,100,4,0,0
328,18,14,1408,10,16,3,3,7,1,1,-70,6,2409,18975,11,100,2,0,0
334,14,10,1024,50,18,5,6,6,1,3,-70,7,1875,11893,15,100,1,0,0
333,11,5,768,80,21,4,3,7,1,2,-70,2,4329,23796,14,100,3,0,0
337,3,1,512,10,24,4,1,5,1,1,-76,4,1491,10917,22,100,1,0,0
325,29,24,1920,0,8,2,4,3,1,1,-52,0,338,6013,8,100,1,0,0
331,12,8,1024,0,15,1,3,5,1,1,-70,2,1637,13899,11,100,2,0,0
337,5,1,512,70,35,5,2,7,2,1,-76,9,2077,12861,22,100,0,0,0
326,20,16,1408,80,9,3,4,5,1,2,-70,0,715,10196,6,100,3,0,0
338,4,1,512,0,30,5,3,7,1,1,-61,7,2215,15290,22,100,2,0,0
337,17,12,1280,0,8,5,5,3,1,3,-52,1,759,8193,4,100,4,0,0
339,1,0,256,0,13,0,0,3,0,0,0,10,1478,12646,179,100,1,0,0
336,6,5,768,0,16,4,4,5,1,2,-52,0,355,8355,15,100,1,0,0
334,23,18,1664,0,9,1,5,5,1,1,-52,2,709,12299,8,100,3,0,0
331,20,16,1280,10,10,3,4,5,1,2,-70,0,1401,6695,7,100,3,0,0
331,21,11,1184,20,4,1,5,2,1,1,-95,0,2527,12239,4,100,5,0,0
338,12,8,1024,10,15,1,3,5,1,1,-70,2,714,11050,11,100,2,0,0
335,16,11,1024,0,10,4,3,7,1,2,-52,0,1186,10012,10,100,2,0,0
311,22,18,1664,10,9,5,5,5,1,3,-70,1,1545,10024,1,100,6,0,0
341,16,11,1024,0,11,4,3,7,1,2,-52,0,540,7185,10,100,2,0,0
341,10,4,768,0,24,2,4,7,1,1,-70,2,2731,20818,19,100,3,0,0
339,18,14,1408,10,17,3,3,7,1,1,-70,6,1879,19120,11,100,4,0,0
341,15,10,1024,10,14,2,4,6,1,2,-52,0,1199,11428,9,100,4,0,0
340,23,18,1664,0,9,1,5,5,1,1,-52,2,436,6636,8,100,1,0,0
318,22,17,1792,60,10,7,5,5,0,4,-52,1,1527,9626,2,100,3,0,0
343,21,11,1243,0,5,1,5,3,1,1,-95,0,1320,14571,4,100,6,0,0
344,3,1,512,20,24,4,1,5,1,1,-76,4,2054,12883,23,100,1,0,0
343,6,5,768,0,17,4,4,5,1,2,-52,0,1043,10417,16,100,2,0,0
342,8,3,768,0,20,2,2,7,1,1,-52,3,1682,12004,20,100,2,0,0
343,20,16,1280,0,11,3,4,5,1,2,-70,0,1012,11216,7,100,4,0,0
343,11,5,768,20,21,4,3,7,1,2,-70,2,2956,23701,14,100,2,0,0
345,4,1,512,0,30,5,3,7,1,1,-61,7,2067,14188,23,100,2,0,0
342,12,8,1024,50,16,1,3,5,1,1,-70,2,1400,8367,11,100,1,0,0
347,5,1,512,10,37,5,2,7,2,1,-76,9,4181,27731,23,100,4,0,0
348,1,0,256,0,13,0,0,3,0,0,0,10,2238,22146,191,100,2,0,0
331,22,17,1664,90,11,7,5,5,0,4,-52,1,686,9022,3,100,4,0,0
344,14,10,1024,20,20,6,6,6,1,3,-70,7,2647,16662,16,100,5,0,0
337,22,17,1664,100,11,7,5,5,0,4,-52,1,328,5039,3,100,2,0,0
342,22,17,1536,0,12,7,5,5,1,4,-52,1,1160,7007,3,100,3,0,0
350,4,1,512,20,30,5,3,7,1,1,-61,7,989,9132,23,100,1,0,0
351,3,1,512,0,25,4,1,5,1,1,-76,4,2271,14655,23,100,2,0,0
347,17,12,1280,0,8,5,5,3,1,3,-52,1,2221,15057,5,100,3,0,0
347,21,11,1144,0,5,1,5,3,1,1,-95,0,453,4511,5,100,1,0,0
347,15,10,1024,10,14,2,4,6,1,2,-52,0,448,6024,10,100,1,0,0
351,8,3,768,0,21,2,2,7,1,1,-52,3,2645,17563,20,100,1,0,0
349,16,11,1024,0,11,4,3,7,1,2,-52,1,1161,11854,11,100,2,0,0
350,14,10,1024,0,20,6,6,6,1,3,-70,7,869,7531,16,100,1,0,0
352,11,5,768,10,21,4,3,7,1,2,-70,3,2357,18845,15,100,2,0,0
352,10,4,768,10,24,2,4,7,1,1,-70,2,2550,24588,19,100,3,0,0
351,17,12,1280,0,9,5,6,4,1,3,-52,1,690,7028,5,100,5,0,0
353,15,10,1024,0,14,2,4,6,1,2,-52,0,405,5868,10,100,2,0,0
353,6,5,768,0,17,4,4,5,1,2,-52,0,605,11951,16,100,2,0,0
354,1,0,256,0,13,0,0,3,0,0,0,10,1542,15334,198,100,1,0,0
353,20,16,1280,0,13,3,4,6,1,2,-70,1,1303,11144,8,100,4,0,0
353,12,8,1024,0,16,1,3,5,1,1,-70,2,2386,19003,12,100,2,0,0
355,16,11,1024,0,11,4,3,7,1,2,-52,1,786,7204,11,100,1,0,0
353,22,17,1536,0,13,7,5,5,1,4,-52,0,1362,12606,4,100,4,0,0
357,6,5,768,0,17,4,4,5,1,2,-52,0,271,5164,17,100,0,0,0
356,21,11,1143,20,6,1,5,4,1,1,-95,0,1391,11620,5,100,5,0,0
359,5,1,512,0,37,5,2,7,2,1,-76,9,3605,29233,24,100,2,0,0
359,4,1,512,0,30,5,3,7,1,1,-61,7,1711,16278,24,100,1,0,0
360,20,16,1280,0,13,3,4,6,1,2,-70,1,755,6643,8,100,2,0,0
361,1,0,256,0,13,0,0,3,0,0,0,10,1600,15896,206,100,1,0,0
360,14,10,1024,0,21,6,6,6,1,3,-70,7,488,12814,17,100,2,0,0
335,24,20,1664,30,17,5,3,7,0,3,-70,1,1898,14719,11,100,2,0,0
362,10,4,768,20,24,2,4,7,1,1,-70,2,1201,18099,20,100,1,0,0
362,3,1,512,40,25,4,1,5,1,1,-76,6,2871,22888,24,100,2,0,0
362,11,5,768,40,21,4,3,7,1,2,-70,3,2822,21535,16,100,2,0,0
341,24,20,1664,60,18,6,3,7,0,3,-70,1,1209,7802,11,100,3,0,0
362,8,3,768,20,21,2,2,7,1,1,-52,5,2198,18969,21,100,2,0,0
362,15,10,1024,0,14,2,4,7,1,2,-52,0,716,8883,11,100,2,0,0
346,24,20,1664,50,19,6,3,7,0,3,-70,1,542,5164,12,100,2,0,0
360,17,12,1280,10,10,5,6,4,1,3,-52,1,992,9789,6,100,2,0,0
364,20,16,1280,30,13,3,4,7,1,2,-70,1,1223,8528,9,100,1,0,0
362,21,11,1114,10,6,1,5,4,1,1,-95,0,843,6876,6,100,2,0,0
361,22,17,1536,10,13,7,5,5,1,4,-52,0,816,8171,5,100,3,0,0
366,6,5,768,0,17,4,4,5,1,2,-52,0,428,10284,17,100,2,0,0
367,5,1,512,0,38,5,2,7,2,1,-76,9,3258,22874,24,100,3,0,0
363,12,8,1024,0,17,1,3,5,1,1,-70,4,2152,17764,13,100,3,0,0
367,15,10,1024,0,15,2,4,7,1,2,-52,0,422,4705,11,100,2,0,0
368,4,1,512,0,31,5,3,7,1,1,-61,7,1912,14800,24,100,2,0,0
367,8,3,768,0,21,2,2,7,1,1,-52,5,920,7865,21,100,1,0,0
356,24,20,1664,90,19,6,3,7,0,3,-70,1,695,11764,12,100,2,0,0
366,16,11,1024,0,11,4,3,7,1,2,-52,1,1873,15686,12,100,2,0,0
361,24,20,1536,60,19,6,3,7,1,3,-70,1,856,7453,13,100,1,0,0
369,3,1,512,10,25,4,1,5,1,1,-76,7,1808,12434,24,100,1,0,0
343,19,18,1792,80,4,1,5,4,0,1,-52,0,892,10098,3,100,5,0,0
372,1,0,256,0,14,0,0,3,0,0,0,10,2644,25975,217,100,3,0,0
371,14,10,1024,50,21,6,6,6,1,3,-70,6,1700,18824,17,100,3,0,0
371,11,5,768,70,21,4,3,7,1,2,-70,3,3424,21423,16,100,2,0,0
372,4,1,512,30,31,5,3,7,1,1,-61,7,1168,8598,25,100,1,0,0
371,6,5,768,10,17,4,4,5,1,2,-52,0,365,5759,18,100,1,0,0
348,19,18,1792,70,5,1,5,4,0,1,-52,0,548,4836,4,100,3,0,0
372,17,12,1280,20,10,5,6,4,1,3,-52,1,1554,15612,6,100,4,0,0
362,29,24,1920,0,9,2,4,4,1,1,-52,0,379,5233,10,100,2,0,0
356,19,18,1792,80,5,2,5,4,0,1,-52,0,515,7328,4,100,3,0,0
369,22,17,1536,10,14,7,5,5,1,4,-52,0,505,7585,5,100,3,0,0
374,10,4,768,10,25,2,4,7,1,1,-70,3,2522,21949,21,100,3,0,0
370,21,11,1121,0,8,1,5,4,1,1,-95,0,968,9635,6,100,3,0,0
374,12,8,1024,30,18,1,3,5,1,1,-70,5,1679,17187,14,100,2,0,0
366,19,14,1408,80,6,4,6,5,0,2,-52,0,1142,9638,5,100,4,0,0
375,5,1,512,10,38,5,2,7,2,1,-76,9,2639,20488,25,100,1,0,0
375,15,10,1024,0,15,2,4,7,1,2,-52,0,452,8457,11,100,2,0,0
376,8,3,768,10,21,2,2,7,1,1,-52,6,1734,17059,22,100,1,0,0
375,19,14,1280,0,7,4,6,5,1,2,-52,0,1312,9367,6,100,5,0,0
377,3,1,512,20,25,4,1,5,1,1,-76,7,2504,15699,25,100,2,0,0
375,20,16,1280,10,13,3,4,7,1,2,-70,2,1293,10179,10,100,2,0,0
379,12,8,1024,0,18,1,3,5,1,1,-70,5,1168,8490,14,100,1,0,0
374,24,20,1536,10,21,6,3,7,1,3,-70,1,982,9269,14,100,2,0,0
380,4,1,512,0,31,5,3,7,1,1,-61,6,2153,15451,25,100,1,0,0
378,16,11,1024,0,12,4,3,7,1,2,-52,2,1021,8454,13,100,1,0,0
380,22,17,1536,0,15,7,5,5,1,4,-52,0,1057,11716,6,100,3,0,0
380,29,24,1792,0,10,3,4,4,1,1,-52,0,834,8121,11,100,2,0,0
381,5,1,512,10,38,5,2,7,2,1,-76,9,2878,18527,25,100,2,0,0
381,11,5,768,10,21,4,3,7,1,2,-70,4,3124,21136,17,100,1,0,0
382,16,11,1024,0,12,4,3,7,1,2,-52,2,467,5176,13,100,1,0,0
382,3,1,512,0,25,4,1,5,1,1,-76,7,808,9368,25,100,1,0,0
382,6,5,768,0,17,4,4,5,1,2,-52,0,612,13741,18,100,2,0,0
382,14,10,1024,10,22,6,6,6,1,3,-70,6,1722,17798,18,100,3,0,0
383,17,12,1280,0,11,5,6,4,1,3,-52,1,1556,15067,7,100,4,0,0
384,1,0,256,0,14,0,0,3,0,0,0,10,2911,28659,236,100,2,0,0
382,21,11,1097,10,8,1,5,4,1,1,-95,0,1055,12245,7,100,4,0,0
381,19,14,1280,0,8,4,6,5,1,2,-52,0,536,5598,6,100,3,0,0
386,10,4,768,0,25,2,4,7,1,1,-70,3,2262,23577,22,100,2,0,0
385,20,16,1280,20,15,3,4,7,1,2,-70,2,1254,11780,10,100,3,0,0
386,4,1,512,10,31,5,3,7,1,1,-61,6,1319,10378,25,100,1,0,0
384,24,20,1536,0,22,6,3,7,1,3,-70,1,1217,12804,14,100,3,0,0
388,14,10,1024,0,22,6,6,6,1,3,-70,6,621,7389,18,100,1,0,0
387,3,1,512,0,26,4,1,5,1,1,-76,7,860,8173,26,100,1,0,0
388,15,10,1024,10,16,2,4,7,1,2,-52,0,1019,10957,12,100,2,0,0
385,29,24,1792,10,10,3,4,4,1,1,-52,0,339,5497,12,100,1,0,0
386,8,3,768,10,22,2,2,7,1,1,-52,6,1612,17717,23,100,3,0,0
386,11,5,768,0,21,4,3,7,2,2,-70,4,2061,12740,17,100,1,0,0
388,5,1,512,10,39,5,2,7,2,1,-76,9,3057,18078,25,100,2,0,0
342,31,21,2055,80,4,3,6,2,0,2,-95,0,927,7093,2,100,7,0,0
391,10,4,768,20,26,2,4,7,1,1,-70,3,1316,12301,22,100,2,0,0
392,1,0,256,0,14,0,0,3,0,0,0,10,1946,19770,250,100,1,0,0
392,20,16,1280,0,15,3,4,7,1,2,-70,2,1220,9929,11,100,2,0,0
391,8,3,768,40,23,2,2,7,1,1,-52,6,1036,8950,23,100,1,0,0
391,21,11,1049,30,8,1,5,5,1,1,-95,0,1380,12109,8,100,2,0,0
392,6,5,768,0,17,4,4,5,1,2,-52,0,509,11830,19,100,2,0,0
392,16,11,1024,0,12,4,3,7,1,2,-52,2,2023,15550,14,100,2,0,0
389,22,17,1536,0,16,7,5,5,1,4,-52,0,562,7795,7,100,3,0,0
351,31,21,1768,90,4,3,6,2,0,2,-95,0,1085,8567,2,100,5,0,0
394,29,24,1792,10,10,3,4,4,1,1,-52,0,405,6908,12,100,2,0,0
390,12,8,1024,10,18,1,3,5,1,1,-70,5,1404,18139,15,100,2,0,0
392,19,14,1280,0,9,4,6,5,1,2,-52,0,1014,11867,7,100,5,0,0
394,11,5,768,40,23,4,3,7,2,2,-70,4,3182,19146,18,100,4,0,0
396,14,10,1024,10,23,6,6,6,1,3,-70,5,1373,13726,19,100,1,0,0
361,31,21,1768,90,5,3,6,2,0,2,-95,0,665,7246,3,100,5,0,0
391,17,12,1280,0,12,5,6,4,1,3,-52,1,1282,11149,8,100,3,0,0
396,24,20,1536,0,23,6,3,7,1,3,-70,1,2057,16748,15,100,2,0,0
397,4,1,512,0,31,5,3,7,1,1,-61,6,1986,19482,26,100,2,0,0
395,8,3,768,0,23,2,2,7,1,1,-52,6,916,7502,23,100,1,0,0
396,10,4,768,10,26,2,4,7,1,1,-70,3,1264,11355,22,100,1,0,0
397,3,1,578,20,27,4,1,5,1,1,-76,7,3704,19963,26,100,2,0,0
398,15,10,1024,0,16,2,4,7,1,2,-52,0,567,10566,13,100,2,0,0
395,21,11,1038,70,8,1,5,5,1,1,-95,0,1294,7079,8,100,2,0,0
398,1,0,256,0,14,0,0,3,0,0,0,10,1312,14258,253,100,2,0,0
372,31,21,1768,90,5,3,6,2,0,2,-95,0,484,8452,3,100,4,0,0
393,22,17,1536,10,16,7,5,5,1,4,-52,0,258,4132,7,100,1,0,0
377,31,21,1768,90,5,3,6,2,0,2,-95,0,266,4182,4,100,2,0,0
400,5,1,512,10,39,5,2,7,2,1,-76,9,4660,35655,26,100,2,0,0
399,12,8,1024,0,18,1,3,5,1,1,-70,5,1273,14818,15,100,2,0,0
384,31,21,1768,100,5,3,6,2,0,2,-95,0,290,5906,4,100,2,0,0
389,31,21,1729,90,5,3,6,2,1,2,-95,0,497,5621,5,100,2,0,0
400,8,3,768,10,23,2,2,7,1,1,-52,6,642,7652,24,100,1,0,0
401,6,5,768,0,17,4,4,5,1,2,-52,0,384,11080,20,100,1,0,0
402,11,5,768,0,23,4,3,7,2,2,-70,4,2465,17762,18,100,1,0,0
404,14,10,1024,0,23,6,6,6,1,3,-70,5,502,11435,19,100,1,0,0
397,31,21,1445,0,6,3,6,2,1,2,-95,0,2216,10181,5,100,4,0,0
403,17,12,1280,10,12,5,6,4,1,3,-52,1,925,14052,8,100,3,0,0
404,8,3,768,30,23,2,2,7,1,1,-52,6,1015,7749,24,100,1,0,0
403,22,17,1536,0,16,7,5,5,1,4,-52,0,590,8272,7,100,2,0,0
403,16,11,1024,10,12,4,3,7,1,2,-52,2,1297,15087,15,100,2,0,0
406,5,1,512,0,39,5,2,7,2,1,-76,9,2879,19088,27,100,1,0,0
407,4,1,512,10,31,5,3,7,1,1,-61,6,1693,16918,27,100,2,0,0
406,21,11,1024,60,10,1,5,5,1,1,-95,0,2688,20438,9,100,5,0,0
407,11,5,768,10,23,4,3,7,2,2,-70,4,1438,11797,19,100,1,0,0
407,10,4,768,10,26,2,4,7,1,1,-70,3,1807,22650,23,100,2,0,0
409,1,0,256,0,14,0,0,3,0,0,0,10,2921,27651,269,100,2,0,0
408,3,1,512,30,27,4,1,5,1,1,-76,7,2584,21108,27,100,2,0,0
408,16,11,1024,0,12,4,3,7,1,2,-52,2,517,6779,15,100,1,0,0
407,17,12,1280,0,12,5,6,4,1,3,-52,1,587,5535,9,100,1,0,0
401,31,21,1445,10,8,3,6,2,1,2,-95,0,760,5096,5,100,2,0,0
407,15,10,1024,0,17,2,4,7,1,2,-52,0,731,10569,14,100,4,0,0
404,19,14,1280,0,10,4,6,5,1,2,-52,0,858,11545,8,100,4,0,0
408,22,17,1536,10,16,7,5,5,1,4,-52,0,435,5199,8,100,2,0,0
411,14,10,1024,0,23,6,6,6,1,3,-70,4,1565,13173,20,100,2,0,0
411,6,5,768,0,18,4,4,5,1,2,-52,0,770,11626,20,100,2,0,0
409,31,21,1407,0,8,3,6,2,1,2,-95,0,781,8432,6,100,2,0,0
409,8,3,768,10,23,2,2,7,1,1,-52,6,1530,10173,24,100,1,0,0
412,5,1,512,0,39,5,2,7,2,1,-76,10,2376,18588,27,100,1,0,0
379,9,4,896,80,27,6,1,7,0,2,-52,7,460,11720,22,100,1,0,0
408,12,8,1024,0,18,1,3,5,1,1,-70,5,1890,15710,16,100,2,0,0
386,9,4,896,80,28,6,1,7,0,2,-52,7,348,9551,22,100,1,0,0
412,15,10,1024,0,18,2,4,7,1,2,-52,0,409,5272,14,100,2,0,0
396,9,4,896,70,28,6,1,7,0,2,-52,6,655,16007,23,100,3,0,0
415,17,12,1280,0,12,5,6,5,1,3,-52,1,666,9894,9,100,2,0,0
415,21,11,1032,0,10,1,5,6,1,1,-95,1,2372,16364,9,100,2,0,0
416,3,1,512,0,27,4,1,5,1,1,-76,7,2192,14323,28,100,2,0,0
416,11,5,768,0,25,4,3,7,2,2,-70,5,2306,18317,19,100,3,0,0
416,12,8,1024,0,18,1,3,5,1,1,-70,5,709,11289,16,100,1,0,0
418,4,1,512,70,31,5,3,7,1,1,-61,6,3575,24364,27,100,2,0,0
418,1,0,256,0,14,0,0,3,0,0,0,10,2171,21989,278,100,1,0,0
417,6,5,768,0,18,4,4,5,1,2,-52,0,416,8045,21,100,1,0,0
418,22,17,1536,0,17,7,5,5,1,4,-52,0,529,8475,8,100,3,0,0
408,9,4,896,90,28,6,1,7,0,2,-52,6,496,16169,24,100,2,0,0
414,10,4,768,10,26,2,4,7,1,1,-70,3,1611,13311,24,100,1,0,0
420,5,1,512,10,40,5,2,7,2,1,-76,10,2364,22539,28,100,2,0,0
420,8,3,768,10,23,2,2,7,1,1,-52,6,1594,17327,25,100,2,0,0
419,16,11,1024,0,13,4,3,7,1,2,-52,2,876,13685,16,100,2,0,0
415,19,14,1280,0,11,4,7,5,1,2,-52,0,702,9916,8,100,5,0,0
421,21,11,1042,20,11,1,5,6,1,1,-95,1,863,11066,10,100,2,0,0
418,14,10,1024,0,23,6,6,6,1,3,-70,4,599,10225,20,100,1,0,0
418,9,4,768,10,29,6,1,7,1,2,-52,6,1550,18159,25,100,3,0,0
424,4,1,512,60,31,5,3,7,1,1,-61,8,2371,14274,28,100,1,0,0
424,1,0,256,0,14,0,0,3,0,0,0,10,1749,15819,288,100,1,0,0
419,10,4,768,10,26,2,4,7,1,1,-70,3,973,10041,24,100,1,0,0
423,6,5,768,0,18,4,4,5,1,2,-52,0,279,7014,21,100,1,0,0
425,3,1,512,0,27,4,1,5,1,1,-76,7,1509,15649,28,100,1,0,0
419,15,10,1024,0,20,2,4,7,1,2,-52,0,919,7254,14,100,2,0,0
419,31,21,1384,0,9,3,6,3,1,2,-95,0,703,10597,7,100,4,0,0
426,17,12,1280,0,14,5,6,5,1,3,-52,1,1339,14149,10,100,5,0,0
424,11,5,768,0,25,4,3,7,2,2,-70,5,1595,16526,20,100,1,0,0
427,8,3,768,0,23,2,2,7,1,1,-52,6,835,11216,25,100,1,0,0
427,10,4,768,0,26,2,4,7,1,1,-70,5,1703,18166,24,100,1,0,0
427,12,8,1024,10,20,1,3,5,1,1,-70,5,1926,18799,17,100,3,0,0
426,15,10,1024,0,21,2,4,7,1,2,-52,1,697,7711,15,100,3,0,0
429,1,0,256,0,14,0,0,3,0,0,0,10,903,10267,291,100,1,0,0
428,14,10,1024,10,25,6,6,6,1,3,-70,5,1389,19846,21,100,4,0,0
428,21,11,1033,10,13,1,5,6,1,1,-95,1,1708,11921,10,100,3,0,0
429,9,4,768,0,30,6,1,7,1,2,-52,6,719,16217,25,100,3,0,0
426,19,14,1280,10,12,4,7,5,1,2,-52,1,1216,11213,9,100,3,0,0
432,5,1,512,0,41,5,2,7,1,1,-76,10,3357,30726,28,100,3,0,0
427,22,17,1536,0,19,7,6,6,1,4,-52,0,1147,9814,9,100,4,0,0
431,16,11,1024,0,13,4,3,7,1,2,-52,2,429,13096,16,100,2,0,0
431,19,14,1280,0,13,4,7,5,1,2,-52,1,386,4621,9,100,2,0,0
431,31,21,1323,0,9,3,6,3,1,2,-95,0,757,11497,7,100,3,0,0
432,11,5,768,0,25,4,3,7,2,2,-70,5,1568,16499,20,100,2,0,0
433,10,4,768,0,26,2,4,7,1,1,-70,5,1460,12698,25,100,1,0,0
432,8,3,768,0,23,2,2,7,1,1,-52,5,857,9150,26,100,1,0,0
434,4,1,512,10,31,5,3,7,1,1,-61,8,2959,23596,29,100,2,0,0
433,6,5,768,0,19,4,4,5,1,2,-52,0,657,12469,22,100,3,0,0
435,3,1,534,40,27,4,1,5,1,1,-76,6,2123,18605,29,100,2,0,0
436,1,0,256,0,14,0,0,3,0,0,0,10,1784,15498,302,100,1,0,0
436,5,1,512,30,42,5,2,7,1,1,-76,10,1450,12247,29,100,1,0,0
435,14,10,1024,20,26,6,6,6,1,3,-70,5,1320,11146,22,100,2,0,0
434,17,12,1280,10,15,5,6,6,1,3,-52,1,835,9166,10,100,3,0,0
435,15,10,1024,0,22,2,4,7,1,2,-52,1,436,8434,15,100,2,0,0
436,12,8,1024,0,21,1,3,5,1,1,-70,4,1686,14225,18,100,3,0,0
437,22,17,1536,0,20,7,6,6,1,4,-52,0,679,9220,10,100,3,0,0
439,9,4,768,0,31,6,1,7,1,2,-52,6,976,13246,26,100,2,0,0
436,21,11,1024,10,14,1,5,6,1,1,-95,1,1205,13190,11,100,3,0,0
438,31,21,1323,0,10,3,6,3,1,2,-95,0,752,7528,8,100,3,0,0
441,1,0,256,0,14,0,0,3,0,0,0,10,1176,10951,309,100,1,0,0
441,10,4,768,0,28,2,4,7,1,1,-70,5,1520,15592,25,100,3,0,0
442,4,1,512,0,32,5,3,7,1,1,-61,8,1654,15300,29,100,1,0,0
440,14,10,1024,0,27,6,6,6,1,3,-70,5,597,7139,22,100,2,0,0
442,5,1,512,20,42,5,2,7,1,1,-76,10,1441,15344,29,100,1,0,0
407,18,12,1408,90,23,5,3,7,0,2,-70,4,1037,15566,16,100,3,0,0
417,18,12,1408,100,23,5,3,7,0,2,-70,4,578,12853,16,100,2,0,0
440,19,14,1280,0,15,4,8,6,1,2,-52,1,858,9879,10,100,6,0,0
441,21,11,1024,10,15,1,5,6,1,1,-95,1,773,8002,11,100,2,0,0
443,16,11,1024,0,15,4,3,7,1,2,-52,2,735,13829,17,100,4,0,0
444,11,5,768,0,27,4,3,7,2,2,-70,5,2469,23628,21,100,3,0,0
425,18,12,1408,80,25,5,3,7,0,2,-70,3,667,11362,17,100,3,0,0
433,18,12,1408,90,26,5,3,7,0,2,-70,3,700,11771,17,100,2,0,0
445,6,5,768,10,19,4,4,5,1,2,-52,0,450,13407,23,100,2,0,0
446,3,1,512,80,27,4,1,5,2,1,-76,6,3537,23004,30,100,2,0,0
441,17,12,1280,0,16,5,6,6,1,3,-52,1,853,10034,11,100,3,0,0
447,4,1,512,0,32,5,3,7,1,1,-61,8,1031,10342,29,100,1,0,0
446,5,1,512,10,42,5,2,7,1,1,-76,10,1239,11921,29,100,1,0,0
445,21,11,1032,0,15,1,5,6,1,1,-95,1,556,7350,11,100,1,0,0
443,8,3,768,0,23,2,2,7,1,1,-52,5,3029,22340,26,100,2,0,0
441,23,18,1664,0,15,2,5,6,1,1,-52,1,853,10868,15,100,4,0,0
447,9,4,768,0,32,6,1,7,1,2,-52,6,537,9969,27,100,2,0,0
447,16,11,1024,0,15,4,3,7,1,2,-52,2,451,5844,17,100,1,0,0
445,12,8,1024,10,21,1,3,5,1,1,-70,4,2850,20484,18,100,1,0,0
444,18,12,1321,20,29,5,3,7,1,2,-70,3,2248,18953,18,100,5,0,0
445,15,10,1024,0,23,2,4,7,1,2,-52,1,755,10152,16,100,3,0,0
449,1,0,256,0,14,0,0,3,0,0,0,10,2083,19668,316,100,2,0,0
448,14,10,1024,0,28,6,6,6,1,3,-70,5,947,10589,22,100,3,0,0
448,22,17,1536,10,20,7,6,6,1,4,-52,0,919,13214,11,100,3,0,0
447,19,14,1280,10,15,4,8,6,1,2,-52,1,542,7786,10,100,2,0,0
451,10,4,768,20,29,2,4,7,1,1,-70,5,2321,19971,26,100,3,0,0
452,5,1,512,50,43,5,2,7,1,1,-76,10,2012,17726,30,100,2,0,0
449,17,12,1280,0,17,5,6,6,1,3,-52,1,1192,10512,12,100,2,0,0
452,18,12,1280,10,30,5,3,7,1,2,-70,3,937,12055,19,100,2,0,0
447,31,21,1328,10,10,3,6,4,1,2,-95,0,869,10789,8,100,2,0,0
452,23,18,1664,0,17,2,5,6,1,1,-52,1,1145,11224,16,100,3,0,0
455,10,4,768,10,29,2,4,7,1,1,-70,5,1004,9371,26,100,0,0,0
455,3,1,512,10,28,4,1,5,2,1,-76,6,3577,20212,30,100,3,0,0
454,15,10,1024,10,24,2,4,7,1,2,-52,1,702,8574,17,100,2,0,0
452,11,5,768,0,27,4,3,7,2,2,-70,5,1814,17917,22,100,1,0,0
455,8,3,768,0,23,2,2,7,1,1,-52,5,2837,22428,27,100,2,0,0
454,6,5,768,0,20,4,4,5,1,2,-52,0,535,9986,23,100,2,0,0
456,12,8,1024,0,22,1,3,5,1,1,-70,4,2507,22683,19,100,3,0,0
457,4,1,512,10,32,5,3,7,1,1,-61,8,3139,23278,30,100,2,0,0
452,21,11,1025,40,15,1,5,6,1,1,-95,2,1627,12064,12,100,2,0,0
457,9,4,768,0,33,6,1,7,1,2,-52,6,766,11591,27,100,3,0,0
453,31,21,1280,0,11,3,6,4,1,2,-95,0,1009,6972,9,100,2,0,0
457,22,17,1536,10,20,7,6,6,1,4,-52,0,375,8086,11,100,1,0,0
458,5,1,512,30,43,5,2,7,1,1,-76,10,2104,17627,30,100,1,0,0
460,1,0,256,0,14,0,0,3,0,0,0,10,2490,24809,331,100,2,0,0
457,16,11,1024,0,15,4,3,7,1,2,-52,2,598,12251,18,100,2,0,0
459,6,5,768,0,20,4,4,5,1,2,-52,0,790,6038,23,100,1,0,0
459,14,10,1024,0,28,6,6,6,1,3,-70,5,1139,13928,23,100,2,0,0
460,17,12,1280,0,18,5,6,6,1,3,-52,1,1044,14142,12,100,4,0,0
459,19,14,1280,0,16,4,8,6,1,2,-52,1,861,11688,11,100,4,0,0
462,9,4,768,0,34,6,1,7,1,2,-52,6,543,8818,28,100,2,0,0
459,21,11,1078,0,16,1,5,6,1,1,-95,2,957,10780,12,100,2,0,0
462,10,4,768,10,30,2,4,7,1,1,-70,5,1716,13707,27,100,3,0,0
460,22,17,1536,0,21,7,6,6,1,4,-52,0,605,4410,11,100,1,0,0
464,4,1,512,20,32,5,3,7,1,1,-61,8,2290,16968,31,100,1,0,0
464,5,1,512,50,43,5,2,7,1,1,-76,10,2122,16417,30,100,1,0,0
461,23,18,1664,0,17,2,5,6,1,1,-52,1,430,8753,16,100,2,0,0
461,15,10,1024,0,24,2,4,7,1,2,-52,1,587,11110,17,100,2,0,0
462,11,5,768,10,27,4,3,7,2,2,-70,6,2791,21228,22,100,2,0,0
463,18,12,1280,20,30,5,3,7,1,2,-70,3,1340,17169,20,100,3,0,0
464,16,11,1024,0,16,4,3,7,1,2,-52,2,465,8074,19,100,2,0,0
465,3,1,512,0,29,4,1,5,2,1,-76,6,2963,19129,31,100,3,0,0
465,8,3,768,40,24,2,2,7,1,1,-52,5,2557,18389,28,100,2,0,0
467,6,5,768,0,20,4,4,5,1,2,-52,0,497,9834,24,100,1,0,0
464,31,21,1280,20,11,3,6,4,1,2,-95,0,500,10443,10,100,2,0,0
465,12,8,1024,20,22,1,3,5,1,1,-70,4,2252,17804,20,100,2,0,0
469,4,1,512,10,32,5,3,7,1,1,-61,8,832,8620,31,100,1,0,0
467,19,14,1280,0,17,4,8,6,1,2,-52,1,719,10782,12,100,1,0,0
470,1,0,256,0,14,0,0,3,0,0,0,10,2833,27464,348,100,1,0,0
468,15,10,1024,0,25,2,4,7,1,2,-52,1,535,8705,18,100,2,0,0
468,31,21,1280,10,11,3,6,4,1,2,-95,0,481,4851,10,100,1,0,0
469,8,3,768,20,24,2,2,7,1,1,-52,5,1241,9358,28,100,1,0,0
467,18,12,1280,0,31,5,3,7,1,2,-70,3,617,7505,20,100,1,0,0
469,14,10,1024,0,29,6,6,6,1,3,-70,5,1321,13448,24,100,3,0,0
470,21,11,1137,10,17,1,5,6,1,1,-95,2,1871,18113,13,100,3,0,0
467,22,17,1536,10,22,7,6,6,1,4,-52,0,893,6889,12,100,3,0,0
471,9,4,768,0,35,6,1,7,1,2,-52,6,577,14134,28,100,3,0,0
470,12,8,1024,10,22,1,3,5,1,1,-70,4,1452,11354,20,100,1,0,0
471,5,1,512,10,44,5,2,7,2,1,-76,10,3250,22673,31,100,3,0,0
470,11,5,768,10,27,4,3,7,2,2,-70,6,2506,17611,23,100,2,0,0
470,23,18,1664,10,18,2,6,6,1,1,-52,1,631,8936,17,100,4,0,0
473,10,4,768,0,30,2,4,7,1,1,-70,5,2432,22636,28,100,1,0,0
471,17,12,1280,0,18,5,6,6,1,3,-52,1,1126,14635,13,100,2,0,0
472,22,17,1536,0,22,7,6,6,1,4,-52,0,466,5169,12,100,1,0,0
473,31,21,1280,10,11,3,6,4,1,2,-95,0,308,4159,10,100,1,0,0
472,19,14,1280,10,17,4,8,6,1,2,-52,1,464,8071,12,100,2,0,0
475,1,0,256,0,14,0,0,3,0,0,0,10,922,13148,349,100,1,0,0
475,16,11,1024,0,17,4,3,7,1,2,-52,2,942,13756,19,100,2,0,0
476,6,5,768,0,20,4,4,5,1,2,-52,0,536,10870,25,100,2,0,0
476,18,12,1280,0,31,5,3,7,1,2,-70,3,890,13009,20,100,2,0,0
477,3,1,512,10,31,4,1,5,2,1,-76,6,4256,21711,32,100,3,0,0
477,9,4,768,10,35,6,1,7,1,2,-52,6,280,7093,29,100,1,0,0
477,4,1,512,0,32,5,3,7,1,1,-61,8,2278,18902,31,100,1,0,0
477,11,5,768,0,28,4,3,7,1,2,-70,6,1153,12878,23,100,2,0,0
477,8,3,768,20,24,2,2,7,1,1,-52,5,1742,13676,28,100,1,0,0
477,23,18,1664,0,18,2,6,6,1,1,-52,1,332,6648,17,100,1,0,0
476,22,17,1536,0,22,7,6,6,1,4,-52,0,325,4702,12,100,1,0,0
448,25,21,1451,70,7,1,7,6,0,1,-70,1,832,6894,3,100,6,0,0
476,15,10,1024,0,25,2,4,7,1,2,-52,1,387,7858,18,100,1,0,0
482,5,1,512,30,46,5,2,7,2,1,-76,10,3563,26962,32,100,2,0,0
481,6,5,768,0,20,4,4,5,1,2,-52,0,424,6888,25,100,1,0,0
482,3,1,512,20,31,4,1,5,2,1,-76,6,1630,10347,32,100,1,0,0
480,14,10,1024,0,30,6,6,6,1,3,-70,5,1049,13709,24,100,1,0,0
480,21,11,1032,50,17,1,5,6,1,1,-95,2,2025,19173,14,100,2,0,0
453,25,21,1451,80,7,1,7,6,0,1,-70,1,587,4604,4,100,1,0,0
479,12,8,1024,70,23,1,3,5,1,1,-70,4,2672,21499,21,100,2,0,0
461,25,21,1451,90,7,1,7,6,0,1,-70,1,517,7270,4,100,3,0,0
478,17,12,1280,10,19,5,6,6,1,3,-52,1,992,9731,13,100,2,0,0
482,10,4,768,30,31,2,4,7,1,1,-70,5,1975,18878,28,100,2,0,0
483,1,0,256,0,14,0,0,3,0,0,0,10,2536,23892,364,100,2,0,0
483,4,1,512,0,32,5,3,7,1,1,-61,8,1445,12944,32,100,1,0,0
483,16,11,1024,0,18,4,3,7,1,2,-52,2,663,9560,20,100,2,0,0
483,8,3,768,10,24,2,2,7,1,1,-52,5,1838,11944,29,100,1,0,0
483,23,18,1664,0,18,2,6,6,1,1,-52,1,416,6303,18,100,1,0,0
480,19,14,1280,0,17,4,8,6,1,2,-52,1,753,9140,13,100,1,0,0
482,17,12,1280,0,19,5,6,6,1,3,-52,1,489,6293,14,100,1,0,0
472,25,21,1451,90,9,1,7,6,0,1,-70,1,1079,9523,5,100,5,0,0
486,9,4,768,0,36,6,1,7,1,2,-52,6,595,13614,29,100,2,0,0
486,3,1,512,0,31,4,1,5,2,1,-76,6,1794,9838,32,100,0,0,0
483,12,8,1024,20,24,1,3,5,1,1,-70,4,1478,9541,21,100,0,0,0
478,25,21,1451,90,9,1,7,6,1,1,-70,1,658,5883,5,100,2,0,0
483,18,12,1280,0,31,5,3,7,1,2,-70,3,1091,12708,21,100,2,0,0
487,11,5,768,30,28,4,3,7,1,2,-70,6,2422,17867,24,100,2,0,0
483,22,17,1536,0,22,7,6,6,1,4,-52,0,671,9623,13,100,1,0,0
487,6,5,768,0,20,4,4,5,1,2,-52,0,279,6185,25,100,1,0,0
487,1,0,256,0,14,0,0,3,0,0,0,10,928,10652,369,100,1,0,0
487,23,18,1664,0,18,2,6,6,1,1,-52,1,259,3952,18,100,1,0,0
482,31,21,1280,10,11,3,6,4,1,2,-95,0,745,9783,11,100,3,0,0
486,15,10,1024,10,25,2,4,7,1,2,-52,1,460,9371,19,100,2,0,0
487,21,11,1024,30,17,1,5,7,1,1,-95,2,2185,14906,14,100,1,0,0
489,10,4,768,20,31,2,4,7,1,1,-70,5,1321,13631,29,100,1,0,0
483,25,21,1323,50,10,1,7,6,1,1,-70,1,1666,7687,6,100,3,0,0
488,19,14,1280,0,18,4,8,6,1,2,-52,1,585,6827,13,100,3,0,0
488,12,8,1024,0,24,1,3,5,1,1,-70,4,1533,9741,21,100,2,0,0
491,11,5,768,10,29,4,3,7,1,2,-70,6,1081,9086,24,100,1,0,0
488,17,12,1280,0,20,5,6,6,1,3,-52,1,620,7394,14,100,2,0,0
489,14,10,1024,0,31,6,6,6,1,3,-70,5,1412,12294,25,100,3,0,0
491,5,1,512,0,47,5,2,7,2,1,-76,10,4017,24919,32,100,3,0,0
490,8,3,768,10,24,2,2,7,1,1,-52,5,1782,12958,29,100,1,0,0
492,1,0,256,0,14,0,0,3,0,0,0,10,1042,11540,373,100,0,0,0
489,18,12,1280,0,31,5,3,7,1,2,-70,3,743,9741,21,100,1,0,0
491,16,11,1024,0,19,4,3,7,1,2,-52,2,685,7504,20,100,3,0,0
493,6,5,768,0,20,4,4,5,1,2,-52,0,363,7313,26,100,1,0,0
491,21,11,1024,0,18,1,5,7,1,1,-95,2,813,8627,14,100,2,0,0
490,31,21,1280,0,11,3,6,4,1,2,-95,0,766,8242,11,100,1,0,0
472,20,15,1408,70,25,5,6,7,0,3,-52,1,408,7679,16,100,1,0,0
496,11,5,768,10,29,4,3,7,1,2,-70,6,1347,11033,25,100,1,0,0
495,4,1,512,20,32,5,3,7,1,1,-61,8,3239,25354,33,100,2,0,0
496,3,1,512,0,32,4,1,5,2,1,-76,6,2662,19521,33,100,3,0,0
481,20,15,1408,60,25,5,6,7,0,3,-52,1,320,8647,17,100,2,0,0
494,10,4,768,30,32,2,4,7,1,1,-70,5,1560,11824,29,100,2,0,0
496,9,4,768,0,36,6,1,7,1,2,-52,6,533,15296,30,100,2,0,0
492,25,21,1323,0,11,1,7,6,1,1,-70,1,650,9051,6,100,3,0,0
495,16,11,1024,0,19,4,3,7,1,2,-52,2,505,4521,21,100,1,0,0
496,8,3,768,20,24,2,2,7,1,1,-52,5,1177,10266,30,100,1,0,0
487,20,15,1408,70,26,5,7,7,0,3,-52,1,444,7373,17,100,3,0,0
497,5,1,567,20,47,5,2,7,2,1,-76,10,3279,20097,33,100,1,0,0
492,22,17,1536,0,23,7,6,6,1,4,-52,0,837,7598,14,100,2,0,0
496,23,18,1664,10,19,2,6,6,1,1,-52,1,561,8513,19,100,3,0,0
497,22,17,1536,0,23,7,6,6,1,4,-52,0,335,4951,14,100,1,0,0
500,6,5,768,0,20,4,4,5,1,2,-52,0,279,7865,26,100,1,0,0
498,18,12,1280,0,32,5,3,7,1,2,-70,3,1023,14748,22,100,2,0,0
500,1,0,256,0,14,0,0,3,0,0,0,10,2861,25123,392,100,2,0,0
498,12,8,1024,0,24,1,3,5,1,1,-70,4,2430,21000,22,100,2,0,0
500,4,1,512,50,32,5,4,7,1,1,-61,8,1620,12234,33,100,2,0,0
497,15,10,1024,0,27,2,4,7,1,2,-52,1,2104,15045,19,100,3,0,0
466,24,19,1664,80,33,8,3,7,0,4,-52,1,293,6670,20,100,1,0,0
501,21,11,1024,10,19,1,5,7,1,1,-95,2,1618,19115,15,100,3,0,0
500,17,12,1280,0,20,5,6,6,1,3,-52,1,1044,14260,15,100,2,0,0
499,14,10,1024,70,31,6,6,6,1,3,-70,5,1859,14887,26,100,2,0,0
505,6,5,768,0,20,4,4,5,1,2,-52,0,389,5682,26,100,1,0,0
504,5,1,512,10,47,5,2,7,2,1,-76,10,1949,15628,33,100,2,0,0
505,11,5,768,0,31,4,3,7,1,2,-70,6,2017,18249,25,100,3,0,0
480,24,19,1664,80,33,8,3,7,0,4,-52,1,193,5801,21,100,1,0,0
502,9,4,768,0,36,6,1,7,1,2,-52,6,436,8976,30,100,1,0,0
502,31,21,1280,0,12,3,6,4,1,2,-95,0,1296,12472,12,100,4,0,0
487,24,19,1664,100,33,8,3,7,0,4,-52,1,217,6923,21,100,1,0,0
499,24,19,1536,10,35,8,3,7,1,4,-52,0,1910,14966,22,100,4,0,0
505,16,11,1024,0,20,4,3,7,1,2,-52,2,574,9839,21,100,2,0,0
506,3,1,512,10,32,4,1,5,2,1,-76,6,2686,19807,34,100,2,0,0
504,15,10,1024,0,27,2,4,7,1,2,-52,1,782,9121,20,100,2,0,0
475,29,25,1835,60,18,5,4,7,0,2,-70,0,700,8751,18,100,2,0,0
506,10,4,768,10,32,2,4,7,1,1,-70,5,4225,28880,30,100,2,0,0
507,24,19,1536,0,36,8,3,7,1,4,-52,0,411,8326,22,100,2,0,0
507,14,10,1024,0,31,6,6,6,1,3,-70,5,2085,13818,26,100,1,0,0
508,8,3,768,20,24,2,2,7,1,1,-52,5,2544,20611,30,100,3,0,0
509,15,10,1024,0,27,2,4,7,1,2,-52,1,506,6910,20,100,1,0,0
510,5,1,512,0,47,5,2,7,2,1,-76,10,1854,14988,33,100,1,0,0
506,12,8,1024,20,24,1,3,5,1,1,-70,4,1053,13341,22,100,2,0,0
511,4,1,512,0,34,5,4,7,2,1,-61,8,4710,27526,34,100,3,0,0
511,1,0,256,0,14,0,0,3,0,0,0,10,2972,31980,409,100,2,0,0
511,3,1,512,0,32,4,1,5,2,1,-76,6,1294,10219,34,100,1,0,0
506,17,12,1280,0,21,5,6,6,1,3,-52,1,745,7239,15,100,2,0,0
511,10,4,768,10,32,2,5,7,1,1,-70,5,1714,11288,30,100,2,0,0
509,21,11,1106,60,20,1,5,7,1,1,-95,2,2811,18434,16,100,3,0,0
511,16,11,1024,0,21,4,3,7,1,2,-52,2,586,4900,22,100,2,0,0
503,25,21,1280,10,12,1,7,7,1,1,-70,1,1182,13301,7,100,4,0,0
513,9,4,768,0,37,6,1,7,1,2,-52,6,875,16591,31,100,2,0,0
483,29,25,1835,50,19,5,4,7,0,2,-70,0,282,6325,18,100,2,0,0
506,22,17,1536,20,23,7,6,6,1,4,-52,0,1026,9813,14,100,1,0,0
514,6,5,768,0,20,4,4,5,1,2,-52,0,484,10777,27,100,2,0,0
506,23,18,1664,10,20,2,6,7,1,1,-52,1,433,9346,19,100,2,0,0
498,27,22,1920,80,7,1,7,3,0,1,-52,0,936,9782,5,100,4,0,0
493,29,25,1835,70,19,5,4,7,0,2,-70,0,569,10287,19,100,3,0,0
515,8,3,768,40,25,2,2,7,1,1,-52,5,2421,14206,31,100,1,0,0
515,16,11,1024,0,22,4,3,7,1,2,-52,2,460,4627,22,100,2,0,0
507,27,22,1792,10,7,1,8,3,1,1,-52,0,1105,8822,5,100,3,0,0
516,11,5,768,0,32,4,3,7,1,2,-70,6,3863,26714,26,100,3,0,0
509,18,12,1280,20,32,5,3,7,1,2,-70,3,1245,17988,23,100,2,0,0
517,5,1,512,0,48,5,2,7,2,1,-76,10,3190,20105,34,100,2,0,0
516,15,10,1024,0,28,2,4,7,1,2,-52,1,726,9122,21,100,2,0,0
511,25,21,1280,10,13,1,7,7,1,1,-70,1,2143,12765,8,100,2,0,0
516,19,14,1280,0,19,4,8,6,1,2,-52,1,638,10060,15,100,1,0,0
518,1,0,256,0,14,0,0,3,0,0,0,10,1886,21045,418,100,1,0,0
517,24,19,1536,0,38,8,3,7,1,4,-52,0,895,7687,23,100,2,0,0
518,21,11,1040,50,21,1,5,7,1,1,-95,2,3167,17456,16,100,1,0,0
511,23,18,1664,0,20,2,6,7,1,1,-52,1,365,5211,20,100,1,0,0
518,14,10,1024,10,32,6,6,6,1,3,-70,5,1872,15702,27,100,3,0,0
519,9,4,768,0,38,6,1,7,1,2,-52,6,661,10432,31,100,2,0,0
513,17,12,1280,0,22,5,6,6,1,3,-52,1,1880,11116,16,100,2,0,0
520,10,4,768,0,33,2,5,7,1,1,-70,5,2582,19252,31,100,2,0,0
516,12,8,1024,10,24,1,3,5,1,1,-70,4,3424,22447,23,100,2,0,0
516,18,12,1280,0,32,5,3,7,1,2,-70,3,734,10700,23,100,1,0,0
520,4,1,512,0,36,5,4,7,2,1,-61,8,3939,23049,34,100,4,0,0
522,24,19,1536,0,38,8,3,7,1,4,-52,0,162,5905,23,100,0,0,0
520,23,18,1664,0,21,2,6,7,1,1,-52,1,577,7994,20,100,3,0,0
511,31,21,1280,10,13,3,6,4,1,2,-95,0,903,10406,13,100,2,0,0
522,15,10,1024,0,29,2,5,7,1,2,-52,1,412,6455,21,100,3,0,0
522,6,5,768,0,22,4,4,5,1,2,-52,0,709,11825,28,100,3,0,0
518,22,17,1536,0,23,7,6,6,1,4,-52,0,1441,16076,15,100,2,0,0
522,3,1,512,10,33,4,1,5,2,1,-76,6,4899,25867,35,100,2,0,0
522,16,11,1024,0,22,4,3,7,1,2,-52,2,283,6729,22,100,1,0,0
521,19,14,1280,0,20,4,8,6,1,2,-52,1,827,6972,15,100,2,0,0
522,8,3,768,30,26,2,2,7,1,1,-52,5,3139,17381,31,100,2,0,0
517,29,25,1577,0,21,5,4,7,1,2,-70,0,1376,10527,21,100,2,0,0
519,27,22,1792,0,9,1,8,4,1,1,-52,0,974,11486,6,100,5,0,0
525,14,10,1024,20,33,6,6,7,1,3,-70,5,1541,10722,28,100,3,0,0
521,17,12,1280,0,22,5,6,6,1,3,-52,1,822,9472,16,100,2,0,0
526,1,0,256,0,14,0,0,3,0,0,0,10,2224,24331,429,100,2,0,0
526,4,1,512,10,36,5,4,7,2,1,-61,8,1152,10786,35,100,1,0,0
525,11,5,768,80,33,4,3,7,1,2,-70,7,2579,19235,27,100,2,0,0
526,5,1,512,0,49,5,2,7,2,1,-76,10,3338,23659,34,100,3,0,0
523,18,12,1280,0,33,5,3,7,1,2,-70,3,1261,12295,24,100,2,0,0
524,22,17,1536,0,23,7,6,6,1,4,-52,0,635,7108,15,100,1,0,0
524,24,19,1536,0,38,8,3,7,1,4,-52,0,439,7659,24,100,1,0,0
493,30,25,1835,70,8,3,7,4,0,2,-52,0,547,7340,5,100,4,0,0
522,25,21,1280,30,13,1,7,7,1,1,-70,1,2267,15608,8,100,3,0,0
527,19,14,1280,0,20,4,8,6,1,2,-52,1,1072,8566,16,100,2,0,0
497,30,25,1835,100,8,3,7,5,0,2,-52,0,300,4354,6,100,1,0,0
526,16,11,1024,0,23,4,3,7,1,2,-52,2,416,4284,23,100,2,0,0
514,30,25,1664,80,8,3,7,5,0,2,-52,0,411,7549,7,100,3,0,0
522,31,21,1402,10,13,3,6,4,1,2,-95,0,670,10924,13,100,2,0,0
528,21,11,1024,80,23,1,5,7,1,1,-95,3,3974,22870,17,100,4,0,0
530,10,4,768,20,35,2,6,7,1,1,-70,5,2962,22627,31,100,3,0,0
530,9,4,768,10,40,6,1,7,1,2,-52,6,759,17517,32,100,4,0,0
530,15,10,1024,0,29,2,5,7,1,2,-52,1,363,9638,22,100,1,0,0
526,29,25,1536,0,22,5,4,7,1,2,-70,0,815,6681,21,100,1,0,0
530,8,3,768,70,26,2,2,7,1,1,-52,5,2931,17044,32,100,3,0,0
532,11,5,768,40,34,4,3,7,2,2,-70,7,3894,20500,27,100,3,0,0
532,3,1,512,20,33,4,1,5,2,1,-76,6,3615,21256,35,100,2,0,0
527,23,18,1536,0,21,2,6,7,1,1,-52,1,471,7576,21,100,1,0,0
532,5,1,512,40,49,5,2,7,2,1,-76,10,3334,22263,35,100,1,0,0
527,27,22,1792,0,9,1,8,4,1,1,-52,0,556,6990,7,100,3,0,0
530,16,11,1024,0,24,4,3,7,1,2,-52,2,536,5153,23,100,2,0,0
528,12,8,1024,10,25,1,3,5,1,1,-70,4,3410,25821,24,100,3,0,0
529,17,12,1280,0,23,5,6,6,1,3,-52,1,1276,10817,17,100,2,0,0
528,25,21,1280,0,15,1,7,7,1,1,-70,1,1658,11593,9,100,3,0,0
533,6,5,768,0,24,4,4,5,1,2,-52,0,1061,12549,28,100,3,0,0
531,24,19,1536,0,38,8,3,7,1,4,-52,0,408,9495,24,100,2,0,0
526,31,21,1522,10,13,3,6,4,1,2,-95,0,577,5805,14,100,1,0,0
528,22,17,1536,0,23,7,6,6,1,4,-52,0,637,6005,16,100,1,0,0
528,30,25,1536,10,10,3,7,5,1,2,-52,0,417,4031,8,100,2,0,0
531,18,12,1280,0,33,5,4,7,1,2,-70,3,1180,12553,24,100,2,0,0
532,14,10,1024,0,34,6,6,7,1,3,-70,5,1425,10890,28,100,2,0,0
533,22,17,1536,0,23,7,6,6,1,4,-52,0,477,6022,16,100,1,0,0
535,1,0,256,0,14,0,0,3,0,0,0,10,2557,27199,446,100,1,0,0
534,19,14,1280,0,21,4,8,7,1,2,-52,1,876,8607,16,100,2,0,0
533,27,22,1792,0,10,1,8,4,1,1,-52,0,538,6140,7,100,2,0,0
535,23,18,1536,0,23,2,6,7,1,1,-52,1,619,7859,21,100,2,0,0
533,29,25,1536,0,23,5,4,7,1,2,-70,0,879,7476,22,100,2,0,0
534,16,11,1024,0,25,4,3,7,1,2,-52,2,360,4018,23,100,2,0,0
536,25,21,1280,0,15,1,7,7,1,1,-70,1,1168,13520,9,100,2,0,0
537,14,10,1024,0,35,6,7,7,1,3,-70,5,720,5657,28,100,3,0,0
537,30,25,1536,0,10,3,7,5,1,2,-52,0,452,7986,8,100,2,0,0
538,4,1,512,0,37,5,4,7,2,1,-61,8,3989,28735,36,100,3,0,0
537,6,5,768,0,24,4,4,5,1,2,-52,0,342,5664,29,100,1,0,0
538,8,3,768,10,28,2,2,7,1,1,-52,5,1980,12872,32,100,2,0,0
539,1,0,256,0,14,0,0,3,0,0,0,10,1187,12545,451,100,1,0,0
538,3,1,512,10,33,4,1,5,2,1,-76,6,2673,13912,36,100,1,0,0
538,9,4,768,10,41,6,1,7,1,2,-52,6,669,12433,33,100,3,0,0
537,17,12,1280,0,24,5,6,6,1,3,-52,1,1474,11601,17,100,2,0,0
539,5,1,512,40,50,5,2,7,2,1,-76,10,3591,21012,35,100,2,0,0
538,15,10,1024,0,30,2,5,7,1,2,-52,1,643,10960,22,100,3,0,0
539,21,11,1058,0,25,1,5,7,2,1,-95,3,3853,27424,18,100,4,0,0
537,18,12,1280,20,33,5,4,7,1,2,-70,3,636,9350,25,100,1,0,0
540,11,5,768,0,35,4,3,7,2,2,-70,7,3305,21969,28,100,2,0,0
540,12,8,1024,10,25,1,3,5,1,1,-70,4,2372,21186,24,100,2,0,0
540,10,4,768,10,36,2,6,7,1,1,-70,5,3002,21578,32,100,4,0,0
540,16,11,1024,10,26,4,3,7,1,2,-52,2,557,5303,24,100,1,0,0
539,24,19,1536,0,38,8,3,7,1,4,-52,0,505,11129,25,100,1,0,0
542,4,1,512,0,37,5,4,7,2,1,-61,8,1734,10965,36,100,1,0,0
539,31,21,1432,10,13,3,6,4,1,2,-95,0,549,11386,14,100,2,0,0
540,19,14,1280,0,21,4,8,7,1,2,-52,1,726,8153,17,100,1,0,0
544,9,4,768,0,42,6,1,7,1,2,-52,6,407,8314,33,100,2,0,0
542,25,21,1280,0,15,1,7,7,1,1,-70,1,872,9583,10,100,2,0,0
543,29,25,1536,0,23,5,4,7,1,2,-70,0,662,10185,22,100,2,0,0
539,27,22,1792,0,10,1,8,4,1,1,-52,0,548,6708,8,100,2,0,0
541,22,17,1536,20,25,7,6,6,1,4,-52,0,1383,11000,17,100,2,0,0
545,16,11,1024,0,27,4,3,7,1,2,-52,2,385,5475,24,100,2,0,0
544,8,3,768,0,29,2,2,7,1,1,-52,5,2235,13098,33,100,2,0,0
547,30,25,1536,0,11,3,7,5,1,2,-52,0,657,8395,9,100,4,0,0
546,23,18,1536,0,23,2,6,7,1,1,-52,1,620,9585,22,100,2,0,0
544,14,10,1024,10,36,6,7,7,1,3,-70,5,1141,11329,29,100,2,0,0
547,3,1,512,0,33,4,1,5,1,1,-76,6,3181,19229,36,100,2,0,0
548,17,12,1280,0,24,5,6,6,1,3,-52,1,1247,13092,18,100,2,0,0
548,6,5,768,0,24,4,4,5,1,2,-52,0,546,13055,29,100,2,0,0
548,10,4,768,50,37,3,6,7,1,1,-70,5,2614,19180,33,100,2,0,0
523,20,21,1408,70,30,7,7,7,0,4,-52,1,942,11423,19,100,4,0,0
546,15,10,1024,0,32,2,5,7,1,2,-52,1,917,10771,23,100,2,0,0
543,24,19,1536,0,38,8,3,7,1,4,-52,0,284,6700,25,100,1,0,0
544,19,14,1280,0,21,4,8,7,1,2,-52,1,494,5551,17,100,1,0,0
550,18,12,1280,0,33,5,4,7,1,2,-70,3,1122,16950,25,100,2,0,0
550,5,1,512,0,51,5,2,7,2,1,-76,10,4521,32116,36,100,3,0,0
550,1,0,256,0,14,0,0,3,0,0,0,10,3284,34031,473,100,2,0,0
535,20,21,1408,50,33,7,7,7,0,4,-52,1,591,13402,20,100,3,0,0
550,11,5,768,10,36,4,3,7,2,2,-70,7,2922,24558,28,100,3,0,0
551,4,1,512,0,38,5,4,7,2,1,-61,8,2842,20680,36,100,3,0,0
550,12,8,1024,10,28,1,3,5,1,1,-70,4,2546,20592,25,100,2,0,0
549,22,17,1536,0,25,7,6,6,1,4,-52,0,787,9655,17,100,2,0,0
550,19,14,1280,0,22,4,8,7,1,2,-52,1,675,9149,17,100,2,0,0
550,25,21,1280,0,16,1,7,7,1,1,-70,1,1265,12191,10,100,2,0,0
549,27,22,1792,10,10,1,8,4,1,1,-52,0,572,9243,8,100,3,0,0
553,9,4,768,0,43,6,1,7,1,2,-52,6,542,14007,34,100,1,0,0
553,8,3,768,0,30,2,2,7,1,1,-52,5,1758,14407,33,100,3,0,0
553,10,4,768,20,37,3,6,7,1,1,-70,5,1550,11962,33,100,1,0,0
551,24,19,1536,0,39,8,3,7,1,4,-52,0,436,10784,25,100,2,0,0
553,15,10,1024,10,32,2,5,7,1,2,-52,1,391,7728,23,100,1,0,0
551,21,11,1035,20,25,1,5,7,2,1,-95,3,3426,27354,18,100,2,0,0
549,31,21,1434,0,13,3,6,4,1,2,-95,0,866,11723,15,100,2,0,0
542,20,21,1408,70,33,7,7,7,0,4,-52,1,830,8854,21,100,3,0,0
553,20,21,1280,20,35,7,7,7,1,4,-52,1,1424,14745,21,100,3,0,0
553,29,25,1536,0,23,5,4,7,1,2,-70,0,575,10208,23,100,2,0,0
555,11,5,902,0,37,4,3,7,2,2,-70,7,3147,16574,29,100,2,0,0
557,5,1,512,40,54,5,2,7,3,1,-76,10,5610,26554,37,100,3,0,0
554,30,25,1536,0,12,3,7,5,1,2,-52,0,493,8251,10,100,1,0,0
557,3,1,512,10,35,4,1,5,1,1,-76,6,2373,18481,37,100,4,0,0
554,31,21,1410,10,13,3,6,4,1,2,-95,0,451,5040,15,100,1,0,0
558,8,3,768,60,30,2,2,7,1,1,-52,5,1076,9311,34,100,1,0,0
556,6,5,768,0,24,4,4,5,1,2,-52,0,534,11441,30,100,2,0,0
558,10,4,768,50,37,3,6,7,1,1,-70,5,1524,10696,33,100,1,0,0
555,12,8,1024,20,28,2,3,5,1,1,-70,4,1322,9421,25,100,2,0,0
559,16,11,1024,0,28,4,3,7,1,2,-52,2,536,8640,25,100,2,0,0
555,14,10,1024,20,37,6,7,7,1,3,-70,5,2268,19319,30,100,3,0,0
559,9,4,768,0,44,6,1,7,1,2,-52,6,478,9937,34,100,3,0,0
557,21,11,1024,0,26,1,5,7,2,1,-95,3,2995,22139,19,100,3,0,0
561,1,0,256,0,14,0,0,3,0,0,0,10,3396,33658,493,100,2,0,0
556,19,14,1280,0,24,4,8,7,1,2,-52,1,1547,11564,18,100,3,0,0
561,25,21,1280,10,16,1,8,7,1,1,-70,1,1536,18864,11,100,4,0,0
560,6,5,768,0,25,4,4,5,1,2,-52,0,684,5078,30,100,1,0,0
562,3,1,512,40,36,4,1,5,1,1,-76,6,2129,10653,37,100,1,0,0
560,17,12,1377,40,24,5,6,6,1,3,-52,1,1965,17327,19,100,2,0,0
556,24,19,1536,0,40,8,3,7,1,4,-52,0,755,10606,26,100,2,0,0
562,29,25,1536,0,25,5,4,7,1,2,-70,0,631,8376,23,100,2,0,0
562,31,21,1280,0,13,3,6,4,1,2,-95,0,527,7035,16,100,1,0,0
561,18,12,1280,0,33,5,4,7,1,2,-70,3,1067,18020,26,100,2,0,0
563,4,1,512,0,39,5,4,7,2,1,-61,9,3945,29183,37,100,3,0,0
563,20,21,1280,0,36,7,7,7,1,4,-52,1,926,13175,22,100,3,0,0
555,27,22,1792,10,12,1,8,4,1,1,-52,0,603,6137,9,100,2,0,0
563,11,5,768,20,37,4,3,7,2,2,-70,7,2815,20600,29,100,2,0,0
557,22,17,1536,0,25,7,6,6,1,4,-52,0,1180,12334,18,100,1,0,0
562,15,10,1024,0,33,2,5,7,1,2,-52,1,634,12356,24,100,3,0,0
562,21,11,1190,20,26,1,5,7,2,1,-95,3,2440,11948,19,100,1,0,0
562,30,25,1536,0,12,3,7,5,1,2,-52,0,380,6710,10,100,2,0,0
564,12,8,1024,0,28,2,3,5,1,1,-70,4,2270,18873,26,100,2,0,0
563,27,22,1792,0,12,1,8,4,1,1,-52,0,904,7521,9,100,2,0,0
564,6,5,768,0,26,4,4,5,1,2,-52,0,307,5284,30,100,1,0,0
565,8,3,768,0,30,2,3,7,1,1,-52,5,2082,15225,34,100,2,0,0
566,25,21,1280,10,17,1,8,7,1,1,-70,1,1344,9311,11,100,2,0,0
565,14,10,1024,10,39,6,7,7,1,3,-70,5,1974,18807,30,100,3,0,0
566,10,4,768,10,37,3,6,7,1,1,-70,6,2463,18700,34,100,1,0,0
566,29,25,1536,0,25,5,4,7,1,2,-70,0,367,4641,24,100,1,0,0
567,31,21,1280,0,14,3,6,4,1,2,-95,0,683,6103,16,100,1,0,0
566,19,14,1280,0,25,4,8,7,1,2,-52,2,1211,14981,18,100,2,0,0
567,9,4,768,0,44,6,1,7,1,2,-52,6,387,11171,35,100,1,0,0
568,30,25,1536,0,13,3,7,5,1,2,-52,0,384,5640,10,100,2,0,0
567,22,17,1594,0,25,7,6,6,1,4,-52,0,752,10889,18,100,2,0,0
568,5,1,512,0,55,5,2,7,3,1,-76,10,5928,35717,37,100,3,0,0
569,16,11,1024,0,28,4,3,7,1,2,-52,2,598,9344,26,100,2,0,0
568,18,12,1280,0,34,5,4,7,1,2,-70,3,814,12644,27,100,2,0,0
569,11,5,768,20,37,4,3,7,2,2,-70,7,2902,16114,30,100,1,0,0
567,24,19,1536,0,42,8,3,7,1,4,-52,0,883,19557,27,100,3,0,0
570,20,21,1280,0,36,7,7,7,1,4,-52,1,569,9127,22,100,2,0,0
571,4,1,512,0,39,5,4,7,2,1,-61,9,2367,17079,38,100,1,0,0
570,15,10,1024,0,33,2,5,7,1,2,-52,1,405,9339,24,100,2,0,0
571,1,0,256,0,14,0,0,3,0,0,0,10,3026,30813,507,100,2,0,0
569,6,5,768,0,26,4,4,5,1,2,-52,0,363,6115,31,100,1,0,0
571,9,4,768,0,44,6,1,7,1,2,-52,6,367,6719,35,100,1,0,0
570,21,11,1024,10,26,1,5,7,2,1,-95,3,2574,18981,20,100,1,0,0
572,12,8,1024,10,30,2,3,5,1,1,-70,4,1480,16321,27,100,3,0,0
572,10,4,768,10,37,3,6,7,1,1,-70,5,1818,13595,34,100,1,0,0
572,19,14,1280,0,25,4,8,7,1,2,-52,2,840,9652,19,100,1,0,0
573,31,21,1280,0,14,3,6,4,1,2,-95,0,619,6600,17,100,1,0,0
573,14,10,1024,0,40,6,8,7,1,3,-70,5,1632,13591,31,100,3,0,0
574,20,21,1280,0,36,7,7,7,1,4,-52,1,336,7334,23,100,0,0,0
573,3,1,512,20,37,4,1,5,1,1,-76,6,3503,23911,38,100,3,0,0
571,17,12,1280,40,26,6,6,6,1,3,-52,1,2252,16217,20,100,3,0,0
575,4,1,512,0,40,5,4,7,2,1,-61,8,2006,10554,38,100,1,0,0
574,15,10,1024,0,33,2,5,7,1,2,-52,0,298,5335,25,100,0,0,0
574,8,3,768,0,30,2,3,7,1,1,-52,5,1892,15681,35,100,1,0,0
575,24,19,1536,0,43,8,3,7,1,4,-52,0,578,12138,27,100,1,0,0
575,11,5,768,10,37,4,3,7,2,2,-70,7,2115,16199,30,100,1,0,0
574,25,21,1280,0,17,1,8,7,1,1,-70,1,1243,15079,12,100,2,0,0
576,5,1,518,10,55,5,2,7,3,1,-76,10,4254,25492,38,100,2,0,0
574,18,12,1280,0,35,5,4,7,1,2,-70,3,719,8536,27,100,1,0,0
576,6,5,768,0,26,4,4,5,1,2,-52,0,303,7355,31,100,1,0,0
576,9,4,768,0,44,6,1,7,1,2,-52,6,279,7326,35,100,1,0,0
576,10,4,768,0,38,3,6,7,1,1,-70,5,1393,9860,34,100,2,0,0
577,16,11,1024,0,28,4,3,7,1,2,-52,2,602,8656,26,100,2,0,0
573,27,22,1792,0,12,1,8,4,1,1,-52,0,459,7970,10,100,2,0,0
577,30,25,1536,0,13,3,7,5,1,2,-52,0,581,8853,11,100,3,0,0
578,1,0,256,0,14,0,0,3,0,0,0,10,2225,23611,520,100,1,0,0
553,23,18,1536,20,23,2,6,7,1,1,-52,1,932,8501,22,100,2,0,0
578,29,25,1536,0,25,5,4,7,1,2,-70,0,655,11597,25,100,2,0,0
562,23,19,1664,50,24,4,6,7,0,2,-70,1,1286,10607,22,100,2,0,0
573,22,17,1594,0,26,7,6,6,1,4,-52,0,1097,8533,19,100,1,0,0
579,17,12,1280,20,27,6,6,6,1,3,-52,1,1618,12068,20,100,1,0,0
579,20,21,1280,0,37,7,7,7,1,4,-52,1,595,10206,23,100,3,0,0
580,9,4,768,0,45,6,1,7,1,2,-52,6,440,6371,36,100,2,0,0
580,21,11,1024,0,27,1,5,7,2,1,-95,3,3141,24189,20,100,3,0,0
580,6,5,768,0,26,4,4,5,1,2,-52,0,255,4960,31,100,1,0,0
579,14,10,1024,10,41,6,8,7,1,3,-70,5,1398,10627,31,100,2,0,0
581,10,4,768,50,38,3,6,7,1,1,-70,5,1711,11485,35,100,1,0,0
570,23,19,1664,80,25,4,6,7,0,2,-70,1,479,8934,22,100,3,0,0
583,4,1,512,0,41,5,4,7,2,1,-61,8,3192,20193,39,100,3,0,0
582,31,21,1280,0,14,3,6,4,1,2,-95,0,894,10444,17,100,2,0,0
582,3,1,512,30,38,4,2,6,1,1,-76,7,2268,15933,39,100,3,0,0
581,8,3,768,0,31,2,3,7,1,1,-52,5,1437,12910,35,100,3,0,0
580,15,10,1024,0,34,3,5,7,1,2,-52,0,464,7400,25,100,2,0,0
584,11,5,768,0,37,4,3,7,2,2,-70,7,2592,21801,30,100,2,0,0
580,24,19,1536,0,44,8,3,7,1,4,-52,0,853,9024,27,100,3,0,0
581,19,14,1280,0,26,4,9,7,1,2,-52,2,2042,18041,19,100,4,0,0
582,12,8,1024,0,30,2,3,6,1,1,-70,4,2391,19291,27,100,2,0,0
583,25,21,1280,10,17,1,9,7,1,1,-70,1,1218,14597,13,100,3,0,0
586,1,0,256,0,15,0,0,3,0,0,0,10,2206,23255,532,100,2,0,0
583,29,25,1536,0,25,5,4,7,1,2,-70,0,458,6619,25,100,2,0,0
585,16,11,1024,0,28,4,3,7,1,2,-52,2,489,8321,27,100,1,0,0
582,23,19,1536,0,26,4,6,7,1,2,-70,1,1268,12845,23,100,3,0,0
583,22,17,1594,10,26,7,6,6,1,4,-52,0,783,11387,19,100,2,0,0
587,5,1,512,0,58,6,2,7,3,1,-76,10,5272,34158,38,100,4,0,0
583,18,12,1280,10,36,5,4,7,1,2,-70,3,1061,13655,27,100,3,0,0
588,10,4,768,50,38,3,6,7,1,1,-70,5,2085,14699,35,100,1,0,0
586,8,3,768,10,31,2,3,7,1,1,-52,5,1053,7760,35,100,1,0,0
588,21,11,1024,20,28,1,5,7,2,1,-95,3,2210,18655,21,100,2,0,0
588,3,1,512,50,38,5,2,6,1,1,-76,7,2293,13321,39,100,2,0,0
588,6,5,768,0,26,4,4,5,1,2,-52,0,541,10113,32,100,2,0,0
587,30,25,1536,0,13,3,7,5,1,2,-52,0,652,10249,12,100,2,0,0
590,4,1,512,0,42,6,4,7,2,1,-61,8,2452,16146,39,100,2,0,0
591,9,4,768,0,46,6,1,7,1,2,-52,6,549,15395,36,100,3,0,0
590,20,21,1280,0,38,7,7,7,1,4,-52,1,752,14993,24,100,3,0,0
587,15,10,1024,0,36,3,5,7,1,2,-52,0,832,9351,25,100,2,0,0
585,27,22,1792,0,12,1,8,4,1,1,-52,0,476,10248,10,100,2,0,0
588,17,12,1280,40,28,6,6,6,1,3,-52,1,2047,14090,21,100,4,0,0
592,11,5,768,0,39,4,3,7,2,2,-70,7,3159,21800,31,100,1,0,0
588,19,14,1280,0,26,4,9,7,1,2,-52,2,1074,13291,20,100,1,0,0
591,12,8,1024,0,32,2,3,6,1,1,-70,4,2996,20627,28,100,3,0,0
594,3,1,512,90,38,6,2,6,1,1,-76,7,1950,12166,39,100,1,0,0
593,31,21,1280,0,15,3,6,5,1,2,-95,0,682,10839,18,100,3,0,0
558,2,3,896,60,1,2,10,2,0,1,-52,0,1303,36601,0,100,11,0,0
589,14,10,1024,0,42,7,8,7,1,3,-70,5,2578,21062,32,100,3,0,0
595,16,11,1024,0,30,4,3,7,1,2,-52,2,658,8771,27,100,4,0,0
576,2,3,896,90,3,2,10,2,0,1,-52,0,705,5900,1,100,5,0,0
591,23,19,1536,0,28,4,6,7,1,2,-70,1,694,8313,24,100,3,0,0
591,24,19,1536,0,45,8,3,7,1,4,-52,0,1076,16017,28,100,4,0,0
596,1,0,256,0,16,0,0,3,0,0,0,10,2934,31567,548,100,3,0,0
592,19,14,1280,10,26,4,9,7,1,2,-52,2,1032,8135,20,100,1,0,0
593,30,25,1536,0,13,3,7,6,1,2,-52,0,356,6943,12,100,1,0,0
596,6,5,768,0,26,4,4,5,1,2,-52,0,471,9610,33,100,1,0,0
596,14,10,1024,0,42,7,8,7,1,3,-70,5,923,10664,32,100,2,0,0
587,2,3,896,90,5,2,10,4,0,1,-52,0,1071,9737,2,100,8,0,0
596,24,19,1536,0,45,8,3,7,1,4,-52,0,280,6966,28,100,0,0,0
593,8,3,768,10,32,2,3,7,1,1,-52,5,2700,17468,36,100,1,0,0
587,26,21,1280,10,0,0,10,1,0,1,-52,0,270,50912,0,100,3,0,0
592,2,3,768,50,5,2,10,4,1,1,-52,0,545,4823,2,100,1,0,0
597,11,5,768,30,39,4,3,7,1,2,-70,8,1905,12065,31,100,2,0,0
598,5,1,512,0,59,7,2,7,3,1,-76,10,4132,31217,39,100,3,0,0
594,18,12,1280,10,37,5,4,7,1,2,-70,3,950,16432,28,100,3,0,0
598,10,4,768,20,39,3,6,7,1,1,-70,5,2752,23417,36,100,2,0,0
595,20,21,1280,0,39,7,7,7,1,4,-52,1,581,6743,24,100,1,0,0
597,15,10,1024,0,37,3,5,7,1,2,-52,0,793,12842,26,100,4,0,0
595,25,21,1280,10,17,1,9,7,1,1,-70,1,1684,18927,13,100,3,0,0
599,9,4,768,0,46,6,1,7,1,2,-52,6,572,12787,37,100,1,0,0
597,19,14,1280,0,26,4,9,7,1,2,-52,2,559,9084,20,100,0,0,0
601,4,1,512,0,44,7,4,7,2,1,-61,8,3917,25819,40,100,3,0,0
601,1,0,256,0,16,0,0,3,0,0,0,10,1357,14582,554,100,1,0,0
591,27,22,1792,10,12,1,8,4,1,1,-52,0,565,6563,11,100,2,0,0
598,23,19,1536,0,28,4,6,7,1,2,-70,1,401,6940,24,100,1,0,0
600,6,5,768,0,26,4,4,5,1,2,-52,0,283,5184,33,100,1,0,0
597,17,12,1280,0,28,6,6,6,1,3,-52,1,1529,13699,21,100,1,0,0
602,3,1,512,100,41,6,2,6,1,1,-76,7,3926,22206,40,100,2,0,0
604,11,5,768,90,41,4,3,7,1,2,-70,8,2080,15969,32,100,2,0,0
602,23,19,1536,0,30,4,6,7,1,2,-70,1,785,6922,25,100,2,0,0
605,6,5,768,0,27,4,4,5,1,2,-52,0,396,5645,33,100,0,0,0
606,1,0,256,0,17,0,0,3,0,0,0,10,1548,14505,565,100,2,0,0
600,21,11,1056,10,30,1,5,7,2,1,-95,4,5286,33816,22,100,3,0,0
601,2,3,768,0,7,3,10,4,1,1,-52,0,1868,11398,3,100,6,0,0
600,30,25,1536,0,13,3,7,6,1,2,-52,0,363,6296,13,100,1,0,0
602,19,14,1280,0,29,4,9,7,1,2,-52,2,1739,14023,21,100,3,0,0
607,5,1,512,0,59,8,2,7,3,1,-76,10,3576,24658,40,100,1,0,0
601,12,8,1024,10,34,2,3,6,1,1,-70,4,2215,22712,29,100,2,0,0
602,31,21,1280,10,18,3,6,5,1,2,-95,0,994,10553,19,100,2,0,0
602,17,12,1280,10,28,6,6,6,1,3,-52,1,865,7533,22,100,1,0,0
603,24,19,1536,0,49,8,3,7,1,4,-52,0,1137,12499,29,100,3,0,0
604,16,11,1024,10,31,4,3,7,1,2,-52,2,754,9576,28,100,2,0,0
606,10,4,768,10,40,3,6,7,1,1,-70,5,2451,16748,36,100,2,0,0
603,27,22,1792,0,12,1,8,4,1,1,-52,0,629,11271,12,100,2,0,0
609,4,1,512,10,46,8,4,7,1,1,-61,8,2714,18907,40,100,2,0,0
604,25,21,1302,0,20,1,9,7,1,1,-70,1,2130,14269,14,100,2,0,0
607,2,3,768,10,7,3,10,4,1,1,-52,0,447,5271,3,100,2,0,0
606,20,21,1280,0,42,7,7,7,1,4,-52,1,1109,14392,25,100,3,0,0
607,8,3,768,30,35,3,3,7,1,1,-52,5,2828,18486,37,100,2,0,0
609,21,11,1031,40,30,1,5,7,2,1,-95,4,2950,23712,22,100,2,0,0
605,18,12,1280,10,39,5,4,7,1,2,-70,3,1012,17173,29,100,3,0,0
607,26,21,1302,0,5,1,10,3,1,1,-52,0,1489,9137,1,100,8,0,0
606,22,17,1536,10,26,7,6,6,1,4,-52,0,972,10122,21,100,1,0,0
606,14,10,1024,10,46,7,8,7,1,3,-70,5,2882,19752,33,100,3,0,0
606,31,21,1280,20,20,3,6,5,1,2,-95,0,392,4412,19,100,1,0,0
607,30,25,1536,0,16,3,7,6,1,2,-52,0,773,7868,13,100,2,0,0
607,15,10,1024,10,39,3,5,7,1,2,-52,0,592,12089,27,100,2,0,0
607,12,8,1024,10,34,2,3,6,1,1,-70,4,1865,14860,29,100,1,0,0
608,27,22,1792,0,15,1,8,4,1,1,-52,0,712,6551,12,100,1,0,0
610,20,21,1280,0,44,7,7,7,1,4,-52,1,379,5200,25,100,0,0,0
612,17,12,1296,10,32,6,6,6,1,3,-52,1,2185,15110,22,100,3,0,0
612,6,5,768,0,28,4,4,5,1,2,-52,0,683,9434,34,100,2,0,0
613,16,11,1024,0,34,4,3,7,1,2,-52,2,901,8339,28,100,2,0,0
614,11,5,768,20,46,4,3,7,2,2,-70,8,4468,26387,32,100,4,0,0
614,1,0,256,0,17,0,0,3,0,0,0,10,2872,28046,576,100,2,0,0
614,3,1,512,0,45,7,2,6,2,1,-76,6,5383,29248,41,100,3,0,0
614,5,1,512,0,60,8,2,7,3,1,-76,10,4714,25612,40,100,2,0,0
615,4,1,512,90,51,8,4,7,1,1,-61,8,2230,15120,41,100,3,0,0
611,10,4,768,0,41,3,6,7,1,1,-70,5,1273,11310,37,100,1,0,0
611,9,4,768,0,49,6,1,7,1,2,-52,6,1057,18336,38,100,3,0,0
614,18,12,1280,0,41,5,4,7,1,2,-70,2,1202,14692,29,100,2,0,0
610,23,19,1536,0,33,4,6,7,1,2,-70,1,768,10625,25,100,1,0,0
617,6,5,768,0,28,4,4,5,1,2,-52,0,186,5498,34,100,0,0,0
613,31,21,1280,0,22,3,6,5,1,2,-95,0,949,7664,20,100,2,0,0
613,22,17,1536,0,29,8,6,6,1,4,-52,0,1086,9926,21,100,1,0,0
614,19,14,1280,0,33,4,10,7,1,2,-52,2,1966,19979,21,100,2,0,0
614,24,19,1536,0,51,8,3,7,1,4,-52,0,780,15615,30,100,2,0,0
617,10,4,768,30,41,4,6,7,1,1,-70,5,1741,14540,37,100,1,0,0
618,11,5,768,0,49,4,3,7,2,2,-70,8,2359,12755,33,100,2,0,0
616,2,3,768,0,12,3,10,4,1,1,-52,0,1385,10851,4,100,5,0,0
614,27,22,1792,0,17,1,8,4,1,1,-52,0,491,4875,12,100,2,0,0
618,9,4,768,0,50,7,1,7,1,2,-52,6,710,11074,38,100,3,0,0
616,25,21,1302,10,24,1,9,7,1,1,-70,2,1717,16773,15,100,3,0,0
614,12,8,1024,0,37,2,3,6,1,1,-70,3,2574,16112,29,100,3,0,0
616,14,10,1024,20,48,7,8,7,1,3,-70,5,1855,15867,34,100,2,0,0
619,21,11,1024,10,34,1,5,7,2,1,-95,5,5603,32567,23,100,3,0,0
615,15,10,1024,20,43,3,5,7,1,2,-52,0,713,8400,27,100,1,0,0
620,4,1,512,0,53,8,4,7,2,1,-61,8,2883,14132,41,100,1,0,0
619,8,3,768,50,38,4,3,7,1,1,-52,4,3451,23260,38,100,2,0,0
617,26,21,1302,10,9,1,10,6,1,1,-52,0,1234,10889,2,100,5,0,0
617,30,25,1558,0,17,3,7,6,1,2,-52,1,863,11081,14,100,2,0,0
621,3,1,512,20,48,7,2,6,2,1,-76,6,4382,20120,41,100,3,0,0
622,1,0,256,0,17,0,0,3,0,0,0,10,2973,26794,593,100,1,0,0
622,5,1,512,10,62,8,2,7,3,1,-76,10,3887,26506,41,100,1,0,0
619,18,12,1280,20,45,5,4,7,1,2,-70,2,1428,8901,30,100,1,0,0
618,23,19,1536,0,35,4,6,7,1,2,-70,1,725,9653,26,100,3,0,0
623,16,11,1024,0,35,4,3,7,1,2,-52,2,639,10957,29,100,2,0,0
621,22,17,1536,0,32,8,6,6,1,4,-52,0,1251,10282,22,100,2,0,0
619,24,19,1536,0,52,8,3,7,1,4,-52,0,461,7926,30,100,2,0,0
621,19,14,1280,0,34,4,10,7,1,2,-52,2,1697,15340,22,100,2,0,0
621,17,12,1310,10,33,6,6,6,1,3,-52,1,2324,16831,23,100,2,0,0
625,18,12,1280,0,47,5,4,7,1,2,-70,2,921,9286,30,100,2,0,0
625,22,17,1566,0,32,8,6,6,1,4,-52,0,356,6224,22,100,0,0,0
625,14,10,1024,0,52,7,8,7,1,3,-70,5,2179,16370,34,100,3,0,0
625,12,8,1024,10,38,2,3,6,1,1,-70,3,2463,21851,30,100,1,0,0
625,15,10,1024,0,50,3,5,7,1,2,-52,0,1682,14396,28,100,4,0,0
626,27,22,1792,0,20,1,8,4,1,1,-52,0,1040,11568,13,100,3,0,0
626,8,3,768,0,40,4,3,7,1,1,-52,4,2062,14296,38,100,1,0,0
628,1,0,256,0,17,0,0,3,0,0,0,10,1794,22166,601,100,1,0,0
627,19,14,1280,0,34,4,10,7,1,2,-52,2,656,10227,22,100,1,0,0
629,2,3,771,10,14,4,10,4,1,1,-52,0,1024,11601,5,100,4,0,0
629,6,5,768,0,32,4,4,5,1,2,-52,0,1047,14751,35,100,4,0,0
629,11,5,768,10,56,4,3,7,2,2,-70,8,3204,25457,33,100,2,0,0
629,9,4,768,10,56,7,1,7,1,2,-52,6,1124,16129,39,100,2,0,0
629,10,4,768,40,46,4,6,7,1,1,-70,6,3812,27300,38,100,2,0,0
632,4,1,512,10,59,8,4,7,2,1,-61,9,4174,27846,42,100,4,0,0
632,3,1,539,10,53,7,2,6,2,1,-76,6,5029,28526,42,100,2,0,0
633,1,0,256,0,17,0,0,3,0,0,0,10,1153,14730,605,100,1,0,0
627,17,12,1280,0,34,6,6,6,1,3,-52,1,944,8750,23,100,2,0,0
633,5,1,512,10,65,8,2,7,3,1,-76,10,3029,29910,42,100,2,0,0
632,12,8,1024,10,39,2,3,6,1,1,-70,3,1730,15944,31,100,2,0,0
630,15,10,1024,0,53,3,5,7,1,2,-52,1,797,6107,28,100,1,0,0
635,16,11,1024,0,38,4,3,7,1,2,-52,2,937,10825,30,100,2,0,0
632,17,12,1280,60,37,6,6,6,1,3,-52,1,1254,6934,24,100,1,0,0
635,10,4,768,70,49,4,6,7,1,1,-70,6,1961,12809,38,100,1,0,0
635,18,12,1280,0,50,5,4,7,1,2,-70,2,1126,15219,31,100,2,0,0
635,6,5,768,0,32,4,4,5,1,2,-52,0,306,7241,35,100,1,0,0
629,24,19,1536,0,54,8,3,7,1,4,-52,0,833,15344,31,100,2,0,0
630,27,22,1792,0,21,1,8,4,1,1,-52,0,424,4198,14,100,1,0,0
637,8,3,771,30,43,4,3,7,1,1,-52,4,2913,18737,39,100,2,0,0
630,22,17,1566,0,32,8,6,6,1,4,-52,0,792,6969,22,100,1,0,0
632,14,10,1024,0,54,7,8,7,1,3,-70,5,1520,12863,35,100,1,0,0
633,19,14,1280,10,34,4,10,7,1,2,-52,2,1539,11855,23,100,1,0,0
635,27,22,1792,0,23,1,8,4,1,1,-52,0,587,4694,14,100,1,0,0
636,22,17,1566,10,33,8,6,6,1,4,-52,0,714,7311,23,100,1,0,0
636,15,10,1024,0,55,3,5,7,1,2,-52,1,605,8285,29,100,1,0,0
639,1,0,256,0,17,0,0,3,0,0,0,10,1653,19946,616,100,1,0,0
639,9,4,768,0,57,7,1,7,1,2,-52,6,722,15473,40,100,2,0,0
639,18,12,1280,10,52,5,4,7,1,2,-70,2,493,7124,31,100,2,0,0
640,11,5,768,0,58,4,3,7,2,2,-70,8,1720,24496,34,100,3,0,0
640,3,1,512,20,54,7,2,6,2,1,-76,6,3848,19416,43,100,2,0,0
641,4,1,512,0,59,8,4,7,2,1,-61,9,3637,23456,42,100,1,0,0
640,5,1,512,0,66,8,2,7,3,1,-76,10,1595,17305,42,100,1,0,0
640,24,19,1536,0,57,8,3,7,1,4,-52,0,796,16802,31,100,3,0,0
641,2,3,771,0,16,4,10,4,1,1,-52,0,974,11423,6,100,3,0,0
639,17,12,1280,10,38,6,6,6,1,3,-52,1,1204,10195,24,100,1,0,0
642,10,4,768,10,51,4,6,7,2,1,-70,6,2255,16749,39,100,2,0,0
642,8,3,771,10,44,4,3,7,1,1,-52,5,1588,11312,39,100,1,0,0
643,14,10,1024,0,56,7,8,7,1,3,-70,5,1962,18555,35,100,3,0,0
641,22,17,1566,0,34,8,6,6,1,4,-52,0,475,6398,23,100,1,0,0
644,12,8,1024,0,42,2,3,6,1,1,-70,4,3016,20506,31,100,1,0,0
644,18,12,1280,10,52,5,4,7,1,2,-70,2,285,6610,31,100,1,0,0
643,19,14,1280,10,36,4,10,7,1,2,-52,2,1475,19794,23,100,3,0,0
644,3,1,512,0,56,7,2,6,2,1,-76,7,2667,12420,43,100,1,0,0
644,15,10,1024,0,57,3,5,7,1,2,-52,2,651,10407,29,100,2,0,0
645,16,11,1024,10,44,4,3,7,1,2,-52,2,1107,11208,31,100,4,0,0
646,4,1,512,0,59,8,4,7,2,1,-61,10,2077,14035,43,100,1,0,0
643,27,22,1792,10,24,1,8,4,1,1,-52,0,438,8161,14,100,1,0,0
647,6,5,768,0,35,4,4,5,1,2,-52,0,1172,15438,36,100,2,0,0
647,1,0,256,0,17,0,0,3,0,0,0,10,2360,26640,625,100,1,0,0
647,2,3,771,0,18,4,10,4,1,1,-52,0,696,5864,6,100,3,0,0
648,8,3,771,40,44,4,3,7,1,1,-52,5,1723,11166,40,100,1,0,0
648,11,5,768,10,60,4,3,7,2,2,-70,8,1083,17350,35,100,1,0,0
646,22,17,1566,10,35,8,6,6,1,4,-52,0,779,6797,24,100,1,0,0
648,9,4,768,0,59,7,1,7,1,2,-52,6,661,13358,40,100,3,0,0
646,24,19,1536,0,58,8,3,7,1,4,-52,0,804,10318,32,100,2,0,0
650,18,12,1280,0,54,5,4,7,1,2,-70,2,572,10199,32,100,2,0,0
651,4,1,512,0,61,8,4,7,2,1,-61,10,1617,13514,43,100,1,0,0
651,5,1,512,0,69,8,2,7,3,1,-76,10,2993,28322,43,100,2,0,0
648,27,22,1792,0,25,1,8,4,1,1,-52,0,447,5023,15,100,1,0,0
651,1,0,256,0,17,0,0,3,0,0,0,10,1222,13890,633,100,1,0,0
651,10,4,768,0,54,4,6,7,2,1,-70,8,2677,20348,39,100,3,0,0
652,12,8,1024,10,44,2,3,6,1,1,-70,4,2538,18421,32,100,2,0,0
653,16,11,1024,0,44,4,3,7,1,2,-52,2,485,8214,31,100,1,0,0
652,15,10,1024,0,59,3,5,7,1,2,-52,2,721,10697,30,100,3,0,0
652,17,12,1280,20,39,6,6,6,1,3,-52,2,2015,16925,25,100,2,0,0
654,9,4,768,0,61,7,1,7,1,2,-52,6,737,9547,41,100,1,0,0
631,23,19,1536,30,40,4,6,7,1,2,-70,1,392,5941,27,100,1,0,0
655,14,10,1024,10,59,7,8,7,1,3,-70,6,2465,21154,36,100,3,0,0
642,23,17,1664,50,42,6,6,7,0,3,-70,1,1406,13865,27,100,3,0,0
656,3,1,512,10,62,7,2,6,2,1,-76,7,5751,27989,44,100,2,0,0
654,19,14,1280,0,39,4,10,7,1,2,-52,3,1831,20639,24,100,3,0,0
655,22,17,1566,0,39,8,6,6,1,4,-52,0,1518,12739,24,100,2,0,0
656,12,8,1024,10,45,2,3,6,1,1,-70,4,1393,9458,32,100,1,0,0
657,11,5,768,10,65,4,3,7,2,2,-70,8,1334,20245,35,100,3,0,0
657,8,3,771,20,46,4,3,7,1,1,-52,5,2771,17770,40,100,2,0,0
646,23,17,1664,90,43,6,6,7,0,3,-70,1,336,5430,28,100,2,0,0
658,6,5,768,0,37,4,4,5,1,2,-52,0,721,13626,37,100,2,0,0
658,2,3,771,0,19,4,10,4,1,1,-52,0,756,10894,7,100,3,0,0
654,27,22,1792,10,29,1,8,4,1,1,-52,0,711,6370,15,100,1,0,0
657,24,19,1536,10,62,8,3,7,1,4,-52,0,889,14830,33,100,2,0,0
660,5,1,512,0,72,8,2,7,3,1,-76,10,2320,23955,43,100,2,0,0
656,23,17,1536,0,45,6,6,7,1,3,-70,1,1215,13054,28,100,2,0,0
661,16,11,1024,0,46,4,3,7,1,2,-52,2,674,7777,32,100,2,0,0
662,1,0,256,0,17,0,0,3,0,0,0,10,2635,32981,644,100,2,0,0
662,4,1,512,10,63,8,4,7,2,1,-61,10,2963,26643,44,100,2,0,0
662,10,4,768,0,59,4,6,7,2,1,-70,8,3041,22506,40,100,3,0,0
663,3,1,512,10,64,7,2,6,2,1,-76,7,2881,16705,44,100,1,0,0
662,15,10,1024,0,62,3,5,7,1,2,-52,2,845,10829,30,100,2,0,0
663,11,5,768,0,67,4,3,7,2,2,-70,8,980,11662,36,100,1,0,0
660,17,12,1280,20,41,6,6,6,1,3,-52,2,2666,15259,25,100,2,0,0
663,19,14,1280,0,44,4,10,7,1,2,-52,3,1545,16608,25,100,2,0,0
663,2,3,771,0,20,4,10,4,1,1,-52,0,615,5414,7,100,2,0,0
664,14,10,1024,10,63,7,8,7,1,3,-70,6,2443,17000,37,100,3,0,0
665,8,3,771,20,51,4,3,7,1,1,-52,5,2160,15652,41,100,1,0,0
665,9,4,768,0,62,7,1,7,1,2,-52,6,665,15931,41,100,2,0,0
666,6,5,768,10,40,4,4,5,1,2,-52,0,664,9965,37,100,1,0,0
660,22,17,1566,0,39,8,6,6,1,4,-52,0,694,7129,24,100,1,0,0
667,3,1,512,10,65,7,2,6,2,1,-76,7,2117,11268,44,100,1,0,0
662,18,12,1280,0,55,5,4,7,1,2,-70,2,688,16920,33,100,2,0,0
667,10,4,768,0,61,4,6,7,2,1,-70,8,1911,11742,41,100,1,0,0
666,12,8,1024,40,47,2,3,6,1,1,-70,4,3032,21964,33,100,2,0,0
667,5,1,512,10,74,8,2,7,3,1,-76,10,2291,21196,44,100,2,0,0
668,4,1,512,0,64,8,4,7,2,1,-61,10,2363,16656,44,100,1,0,0
662,27,22,1792,0,31,1,8,4,1,1,-52,0,937,8208,16,100,2,0,0
668,24,19,1536,0,63,8,3,7,1,4,-52,0,631,16597,33,100,3,0,0
668,2,3,771,0,21,4,10,4,1,1,-52,0,362,4606,7,100,1,0,0
670,16,11,1024,0,48,4,4,7,1,2,-52,2,543,8592,32,100,3,0,0
670,19,14,1280,10,45,4,11,7,1,2,-52,3,814,11619,25,100,3,0,0
663,23,17,1536,0,47,6,6,7,1,3,-70,1,573,8205,29,100,2,0,0
669,14,10,1024,10,65,7,8,7,1,3,-70,6,1060,9235,37,100,2,0,0
670,11,5,768,0,70,4,3,7,2,2,-70,8,968,16376,36,100,2,0,0
671,1,0,256,0,17,0,0,3,0,0,0,10,2638,31498,658,100,2,0,0
669,17,12,1280,20,42,6,6,6,1,3,-52,2,2313,17010,26,100,1,0,0
667,23,17,1536,20,49,6,6,7,1,3,-70,1,1185,6886,29,100,1,0,0
671,9,4,768,0,63,7,2,7,1,2,-52,6,471,9309,42,100,1,0,0
672,8,3,771,20,53,4,3,7,1,1,-52,5,2131,14245,41,100,1,0,0
673,4,1,512,10,65,8,4,7,2,1,-61,10,1682,12615,45,100,1,0,0
673,3,1,512,10,68,7,2,6,2,1,-76,7,3170,16120,45,100,1,0,0
669,27,22,1792,0,32,1,8,4,1,1,-52,0,438,7022,16,100,1,0,0
672,15,10,1024,0,65,3,5,7,1,2,-52,4,1152,11484,31,100,3,0,0
671,22,17,1566,20,40,8,6,6,1,4,-52,0,1065,13183,25,100,2,0,0
674,2,3,771,0,23,4,10,4,1,1,-52,0,646,5821,8,100,2,0,0
673,18,12,1280,10,60,5,4,7,1,2,-70,2,1190,14530,33,100,4,0,0
674,10,4,768,10,64,4,6,7,2,1,-70,10,2388,16151,41,100,2,0,0
673,16,11,1024,10,51,4,4,7,1,2,-52,2,598,5511,32,100,2,0,0
674,12,8,1024,0,48,2,3,6,1,1,-70,4,2671,17774,33,100,1,0,0
674,14,10,1024,10,66,7,8,7,1,3,-70,6,635,7359,37,100,1,0,0
674,24,19,1536,0,67,8,3,7,1,4,-52,0,921,11128,34,100,2,0,0
676,1,0,256,0,17,0,0,3,0,0,0,10,1509,17022,664,100,1,0,0
678,4,1,512,0,66,8,4,7,2,1,-61,10,2069,14260,45,100,2,0,0
678,6,5,768,10,45,4,4,5,1,2,-52,0,1189,14972,38,100,4,0,0
678,10,4,768,10,67,4,6,7,2,1,-70,10,2165,10787,41,100,2,0,0
676,23,19,1536,20,54,9,6,7,1,4,-70,1,2127,13637,30,100,3,0,0
678,5,1,512,0,75,8,2,7,3,1,-76,10,2294,28594,45,100,3,0,0
679,14,10,1024,0,67,7,8,7,1,3,-70,6,1188,8590,38,100,2,0,0
680,2,3,771,0,25,4,10,4,1,1,-52,0,517,5915,8,100,1,0,0
679,9,4,768,0,67,7,2,7,1,2,-52,6,932,12493,42,100,3,0,0
681,15,10,1024,0,67,3,5,7,1,2,-52,4,858,8947,32,100,3,0,0
680,12,8,1027,50,50,2,3,6,1,1,-70,4,1438,11884,34,100,1,0,0
680,19,14,1280,0,46,4,11,7,1,2,-52,3,2179,22361,26,100,3,0,0
682,11,5,768,0,76,4,3,7,2,2,-70,8,1803,24642,37,100,4,0,0
680,24,19,1536,0,69,8,3,7,1,4,-52,0,522,8768,34,100,1,0,0
683,3,1,512,10,72,7,2,6,2,1,-76,7,3477,22463,45,100,4,0,0
682,23,19,1536,0,57,9,6,7,1,4,-70,2,1055,8939,30,100,2,0,0
684,8,3,768,0,56,4,3,7,1,1,-52,5,3196,21300,42,100,5,0,0
684,6,5,768,10,46,4,4,5,1,2,-52,0,511,8051,38,100,2,0,0
684,5,1,512,0,77,8,2,7,3,1,-76,9,1283,14968,45,100,2,0,0
684,10,4,768,0,70,4,6,7,2,1,-70,10,2253,14913,42,100,2,0,0
685,4,1,512,0,69,8,4,7,2,1,-61,10,3282,20215,45,100,2,0,0
678,17,12,1280,0,43,6,6,6,1,3,-52,2,1745,15689,27,100,2,0,0
685,2,3,771,0,26,4,10,4,1,1,-52,0,386,4634,8,100,1,0,0
686,19,14,1280,10,49,4,11,7,1,2,-52,4,1292,11016,26,100,2,0,0
684,16,11,1024,0,54,4,4,7,1,2,-52,2,1555,13330,33,100,3,0,0
686,11,5,768,0,77,4,3,7,2,2,-70,7,865,9598,37,100,1,0,0
686,15,10,1024,0,68,3,5,7,1,2,-52,4,478,5302,32,100,1,0,0
665,29,23,1920,30,50,9,4,7,0,4,-70,0,1379,9083,30,100,2,0,0
679,22,17,1566,0,43,8,6,6,1,4,-52,0,1286,11621,26,100,1,0,0
687,1,0,256,0,17,0,0,3,0,0,0,10,2949,35622,679,100,1,0,0
679,18,12,1280,10,61,5,4,7,1,2,-70,2,590,7685,34,100,1,0,0
675,29,23,1920,80,53,10,4,7,0,4,-70,0,750,9174,30,100,3,0,0
681,27,22,1792,0,37,1,8,4,1,1,-52,0,1067,11024,17,100,2,0,0
684,17,12,1280,0,44,6,6,6,1,3,-52,2,894,9847,27,100,1,0,0
689,9,4,768,0,70,7,2,7,1,2,-52,6,1037,15113,43,100,2,0,0
689,4,1,512,10,70,8,4,7,2,1,-61,10,1778,11475,46,100,1,0,0
686,22,17,1566,0,46,8,6,6,1,4,-52,0,951,8981,26,100,1,0,0
691,3,1,512,0,75,7,2,6,2,1,-76,7,3518,20087,46,100,2,0,0
688,14,10,1024,0,68,8,9,7,1,3,-70,6,2214,17447,38,100,2,0,0
689,18,12,1280,0,67,5,4,7,1,2,-70,2,1517,12810,34,100,3,0,0
691,2,3,768,10,28,4,10,5,1,1,-52,0,747,6986,9,100,3,0,0
686,29,23,1792,40,54,10,4,7,1,4,-70,0,1319,10502,31,100,3,0,0
690,19,14,1280,10,49,4,11,7,1,2,-52,4,1416,9957,26,100,1,0,0
693,6,5,768,0,49,5,4,5,1,2,-52,0,809,10804,39,100,1,0,0
691,10,4,768,20,74,4,6,7,2,1,-70,10,3614,18271,42,100,2,0,0
689,12,8,1027,10,52,3,3,6,1,1,-70,4,3521,22720,34,100,2,0,0
689,24,19,1536,0,75,8,3,7,1,4,-52,0,1013,13738,35,100,3,0,0
691,23,19,1536,0,61,9,6,7,1,4,-70,2,2121,14836,30,100,3,0,0
693,9,4,768,10,72,7,2,7,1,2,-52,6,466,6775,43,100,2,0,0
694,8,3,796,70,59,4,4,7,1,1,-52,5,3506,21560,43,100,4,0,0
694,15,10,1024,0,71,4,5,7,1,2,-52,4,842,8226,33,100,2,0,0
694,16,11,1024,0,57,4,4,7,1,2,-52,2,831,10004,34,100,2,0,0
690,17,12,1280,10,46,6,6,6,1,3,-52,2,922,10541,28,100,1,0,0
696,1,0,256,0,17,0,0,3,0,0,0,10,2764,29341,692,100,2,0,0
695,14,10,1024,30,70,8,9,7,1,3,-70,7,2385,14812,39,100,3,0,0
676,20,14,1408,40,67,8,11,7,0,5,-70,3,1319,11485,30,100,3,0,0
696,5,1,512,0,81,8,2,7,3,1,-76,9,3413,32709,46,100,3,0,0
697,4,1,512,0,74,8,4,7,2,1,-61,10,4153,22391,46,100,2,0,0
697,9,4,768,0,76,7,2,7,1,2,-52,6,581,6930,43,100,1,0,0
693,27,22,1792,0,42,1,8,4,1,1,-52,0,1069,11636,18,100,2,0,0
697,19,14,1280,0,52,4,11,7,1,2,-52,4,1474,13690,27,100,1,0,0
698,11,5,768,0,80,5,3,7,2,2,-70,7,1425,24010,38,100,3,0,0
696,22,17,1566,0,49,8,6,6,1,4,-52,0,1356,13704,27,100,2,0,0
695,29,23,1792,0,56,10,4,7,1,4,-70,0,790,9587,31,100,3,0,0
696,23,19,1536,30,63,9,6,7,1,4,-70,2,859,9171,31,100,0,0,0
697,27,22,1792,10,45,1,8,4,1,1,-52,0,582,4542,18,100,1,0,0
699,10,4,768,0,75,4,6,7,2,1,-70,10,3157,18388,43,100,3,0,0
699,24,19,1536,0,78,8,3,7,1,4,-52,0,934,15273,35,100,2,0,0
698,18,12,1280,10,69,5,4,7,1,2,-70,2,938,11344,35,100,2,0,0
699,17,12,1280,0,48,6,6,6,1,3,-52,2,1735,15155,28,100,2,0,0
701,6,5,768,0,55,5,4,5,1,2,-52,0,978,10437,39,100,3,0,0
699,12,8,1024,10,56,3,3,6,1,1,-70,4,3183,22785,35,100,4,0,0
701,2,3,768,0,33,4,10,5,1,1,-52,0,1089,9578,10,100,2,0,0
699,29,23,1792,0,57,10,4,7,1,4,-70,0,538,4341,32,100,1,0,0
702,8,3,768,0,63,4,4,7,1,1,-52,5,2376,15690,43,100,2,0,0
702,3,1,512,10,78,8,3,6,2,1,-76,8,5630,31438,47,100,4,0,0
703,11,5,768,0,83,5,3,7,2,2,-70,7,642,10311,38,100,1,0,0
703,16,11,1024,0,61,4,4,7,1,2,-52,2,1041,8911,34,100,3,0,0
703,14,10,1024,10,74,8,9,7,1,3,-70,7,2419,17317,39,100,2,0,0
704,19,14,1280,0,54,4,11,7,1,2,-52,4,2163,17310,27,100,3,0,0
705,18,12,1280,0,75,5,4,7,1,2,-70,2,1183,10808,35,100,2,0,0
705,15,10,1024,0,76,4,5,7,1,2,-52,4,1148,12115,33,100,3,0,0
707,3,1,512,40,78,8,3,7,2,1,-76,8,1487,10709,47,100,1,0,0
706,5,1,512,0,85,9,2,7,3,1,-76,9,3107,27225,46,100,3,0,0
706,2,3,768,20,35,4,10,5,1,1,-52,0,605,5159,10,100,3,0,0
707,6,5,768,0,59,5,4,5,1,2,-52,0,816,8373,40,100,1,0,0
704,27,22,1792,20,46,1,8,4,1,1,-52,0,415,6188,18,100,1,0,0
706,9,4,768,10,79,7,2,7,1,2,-52,6,744,13981,44,100,3,0,0
707,1,0,256,0,19,0,0,3,0,0,0,10,3559,38899,708,100,4,0,0
706,17,12,1280,30,49,6,6,7,1,3,-52,2,1109,12557,29,100,1,0,0
708,4,1,512,0,81,9,4,7,2,1,-61,10,5150,31740,47,100,6,0,0
706,23,19,1536,30,66,9,6,7,1,4,-70,2,1859,16017,32,100,2,0,0
708,8,3,768,20,65,4,5,7,1,1,-52,5,1389,11290,44,100,3,0,0
706,22,17,1566,0,53,8,6,6,1,4,-52,0,1856,14137,27,100,2,0,0
708,19,14,1280,0,55,4,11,7,1,2,-52,5,1010,9131,28,100,1,0,0
708,12,8,1024,0,58,3,3,7,1,1,-70,4,2330,20405,36,100,1,0,0
710,10,4,768,20,80,4,7,7,2,1,-70,10,3990,25732,43,100,3,0,0
710,18,12,1280,0,77,5,4,7,1,2,-70,2,995,6865,36,100,2,0,0
706,29,23,1792,20,59,10,4,7,1,4,-70,0,498,6324,32,100,1,0,0
710,27,22,1792,0,47,1,8,4,1,1,-52,0,782,6354,19,100,2,0,0
712,11,5,768,0,86,5,3,7,2,2,-70,7,1853,20594,39,100,4,0,0
712,9,4,768,0,81,7,2,7,1,2,-52,6,680,8871,44,100,2,0,0
711,15,10,1024,10,79,4,5,7,1,2,-52,4,549,6123,34,100,2,0,0
712,14,10,1024,10,75,8,9,7,1,3,-70,8,1949,15641,40,100,3,0,0
713,12,8,1024,0,59,3,3,7,1,1,-70,4,1186,9805,36,100,1,0,0
711,24,19,1536,0,82,8,3,7,1,4,-52,0,1334,18294,36,100,2,0,0
714,3,1,512,0,82,8,3,7,2,1,-76,8,3913,21070,48,100,2,0,0
713,16,11,1024,0,68,4,4,7,1,2,-52,2,1294,11046,35,100,2,0,0
714,1,0,256,0,19,0,0,3,0,0,0,10,2169,22881,718,100,2,0,0
715,2,3,768,0,37,4,10,5,1,1,-52,0,903,8858,10,100,2,0,0
714,5,1,512,0,88,9,2,7,3,1,-76,9,1816,19723,47,100,2,0,0
712,23,19,1536,10,68,9,6,7,1,4,-70,2,897,9001,32,100,1,0,0
715,6,5,768,0,62,5,4,5,1,2,-52,0,750,9989,40,100,2,0,0
716,4,1,512,10,84,9,4,7,2,1,-61,10,3621,20402,47,100,2,0,0
715,22,17,1566,0,60,8,6,6,1,4,-52,0,1654,14742,28,100,2,0,0
716,9,4,768,0,81,8,3,7,1,2,-52,6,447,6909,45,100,2,0,0
718,8,3,768,20,71,5,5,7,1,1,-52,5,2593,18029,44,100,4,0,0
715,19,14,1280,10,58,5,11,7,1,2,-52,5,1945,14496,28,100,2,0,0
719,5,1,512,10,90,9,2,7,3,1,-76,9,1526,13120,47,100,2,0,0
719,15,10,1024,10,81,4,5,7,1,2,-52,4,964,8910,34,100,2,0,0
720,6,5,768,0,64,5,4,5,1,2,-52,0,685,7423,41,100,1,0,0
722,11,5,768,20,90,5,3,7,1,2,-70,7,1711,19787,40,100,3,0,0
722,4,1,512,20,87,9,4,7,2,1,-61,10,2558,15504,48,100,1,0,0
721,2,3,768,0,38,5,10,5,1,1,-52,0,776,8996,11,100,2,0,0
718,29,23,1792,0,62,10,4,7,1,4,-70,0,1203,12138,33,100,3,0,0
721,16,11,1024,0,71,4,4,7,1,2,-52,2,783,8573,36,100,2,0,0
723,1,0,256,0,19,0,0,3,0,0,0,10,2767,29539,728,100,1,0,0
718,17,12,1280,20,54,6,6,7,1,3,-52,2,2027,20692,29,100,3,0,0
722,10,4,768,10,82,5,7,7,1,1,-70,10,4102,27117,44,100,5,0,0
722,9,4,768,0,84,8,3,7,1,2,-52,7,704,10560,45,100,1,0,0
723,12,8,1024,20,63,4,4,7,1,1,-70,4,2017,17640,37,100,3,0,0
722,27,22,1792,10,50,1,8,4,1,1,-52,0,1259,11929,20,100,3,0,0
725,3,1,512,0,85,8,3,7,2,1,-76,8,4475,28691,48,100,3,0,0
721,18,12,1280,20,81,5,4,7,1,2,-70,2,773,13916,36,100,2,0,0
721,14,10,1024,60,78,8,9,7,1,3,-70,8,2893,19626,41,100,1,0,0
724,17,12,1280,10,55,6,6,7,1,3,-52,2,1387,11273,30,100,1,0,0
704,7,3,896,80,8,2,12,4,0,1,-70,0,1160,7224,1,100,7,0,0
719,23,19,1536,0,69,9,6,7,1,4,-70,2,1179,9912,32,100,2,0,0
726,27,22,1792,0,52,1,8,4,1,1,-52,0,524,4952,20,100,1,0,0
710,7,3,896,70,10,2,12,5,0,1,-70,0,403,5844,2,100,3,0,0
729,8,3,768,10,76,5,5,7,1,1,-52,5,3326,22395,45,100,3,0,0
717,7,3,896,80,13,3,12,5,0,1,-70,0,1090,6605,2,100,5,0,0
727,11,5,768,0,93,6,3,7,1,2,-70,7,1348,15429,40,100,2,0,0
729,6,5,768,0,66,6,4,5,1,2,-52,0,742,10675,41,100,2,0,0
726,22,17,1566,0,63,8,6,6,1,4,-52,0,1583,14858,29,100,4,0,0
727,7,3,896,80,16,3,12,5,0,1,-70,0,1258,8746,3,100,5,0,0
731,5,1,512,0,97,9,2,7,3,1,-76,9,3597,26296,48,100,3,0,0
728,2,3,768,20,40,5,10,5,1,1,-52,0,585,6874,12,100,3,0,0
731,12,8,1024,0,65,4,4,7,1,1,-70,3,2710,18973,37,100,1,0,0
731,1,0,256,0,19,0,0,3,0,0,0,10,2137,24089,740,100,2,0,0
730,17,12,1280,20,58,6,6,7,1,3,-52,2,1228,9591,30,100,1,0,0
731,7,3,768,10,16,3,12,5,1,1,-70,0,1408,6358,3,100,3,0,0
720,24,19,1536,0,86,8,3,7,1,4,-52,0,884,13615,37,100,3,0,0
731,16,11,1024,0,74,5,4,7,1,2,-52,2,823,9686,36,100,3,0,0
733,4,1,512,70,91,9,4,7,1,1,-61,10,3534,25885,49,100,4,0,0
732,18,12,1280,10,88,5,4,7,1,2,-70,2,1952,15486,37,100,3,0,0
735,12,8,1024,0,67,4,4,7,1,1,-70,3,1061,9303,37,100,1,0,0
733,22,17,1566,0,67,8,6,6,1,4,-52,0,933,8681,29,100,1,0,0
731,10,4,768,90,87,5,7,7,1,1,-70,10,3468,21078,45,100,2,0,0
721,19,14,1280,0,60,5,11,7,1,2,-52,5,1754,14223,28,100,1,0,0
735,11,5,768,10,93,6,3,7,1,2,-70,7,830,15128,41,100,1,0,0
732,9,4,768,10,86,8,3,7,1,2,-52,7,805,14087,46,100,3,0,0
737,17,12,1280,20,60,6,6,7,1,3,-52,1,1085,10921,31,100,1,0,0
729,15,10,1024,0,83,4,5,7,1,2,-52,4,852,10481,35,100,3,0,0
735,10,4,768,80,87,5,8,7,1,1,-70,10,1332,9194,45,100,2,0,0
729,23,19,1536,0,70,10,6,7,1,4,-70,2,981,12619,33,100,2,0,0
738,5,1,512,0,100,9,2,7,3,1,-76,9,2181,17865,49,100,2,0,0
737,3,1,512,0,87,8,3,7,2,1,-76,7,6129,35106,49,100,2,0,0
738,8,3,768,20,80,5,5,7,1,1,-52,4,2660,18112,46,100,2,0,0
731,19,14,1280,0,64,5,12,7,1,2,-52,5,2341,22253,29,100,4,0,0
737,16,11,1024,0,75,5,4,7,1,2,-52,2,656,6854,37,100,1,0,0
738,6,5,768,0,67,6,4,5,1,2,-52,0,519,10830,42,100,1,0,0
733,14,10,1024,10,83,8,9,7,1,3,-70,8,3360,21982,41,100,3,0,0
735,24,19,1536,0,89,9,3,7,1,4,-52,0,682,10390,38,100,1,0,0
736,27,22,1792,0,56,1,8,4,1,1,-52,0,953,9951,21,100,1,0,0
734,23,19,1536,0,70,10,6,7,1,4,-70,2,621,6955,33,100,1,0,0
739,4,1,512,30,93,9,4,7,2,1,-61,10,4123,20182,49,100,2,0,0
740,1,0,256,0,19,0,0,3,0,0,0,10,2992,31248,758,100,1,0,0
710,13,9,1152,70,6,3,12,4,0,2,-70,0,994,6029,2,100,6,0,0
721,13,9,1152,90,8,4,12,4,0,2,-70,0,880,9186,3,100,6,0,0
727,13,9,1152,90,9,4,12,4,0,2,-70,0,611,5812,3,100,3,0,0
739,22,17,1566,0,70,8,6,6,1,4,-52,0,1186,9009,30,100,1,0,0
735,13,9,1152,100,9,4,12,4,0,2,-70,0,792,6748,3,100,4,0,0
740,2,3,768,0,41,5,10,5,1,1,-52,0,614,11050,12,100,2,0,0
741,17,12,1280,0,60,6,6,7,1,3,-52,1,954,8633,31,100,0,0,0
743,18,12,1280,0,93,5,4,7,1,2,-70,2,1801,14009,38,100,2,0,0
744,12,8,1024,0,67,4,4,7,1,1,-70,3,2466,18601,38,100,1,0,0
741,13,9,1024,40,11,4,12,5,1,2,-70,0,1412,7194,4,100,3,0,0
743,7,3,768,0,21,3,12,5,1,1,-70,0,1695,12528,4,100,7,0,0
742,9,4,768,10,88,8,3,7,1,2,-52,7,2064,20025,46,100,2,0,0
741,19,14,1280,10,66,5,12,7,1,2,-52,6,1780,17976,30,100,1,0,0
741,14,10,1024,30,86,9,9,7,1,3,-70,8,2375,17606,42,100,2,0,0
740,15,10,1024,0,86,4,5,7,1,2,-52,4,882,12083,36,100,2,0,0
744,16,11,1024,10,79,5,5,7,1,2,-52,2,870,8100,37,100,2,0,0
745,3,1,512,10,88,8,3,7,2,1,-76,7,3613,21599,50,100,1,0,0
746,8,3,768,0,80,5,5,7,1,1,-52,4,1976,14800,46,100,2,0,0
745,11,5,768,0,95,6,3,7,1,2,-70,7,1525,21481,41,100,3,0,0
739,23,19,1536,10,72,10,6,7,1,4,-70,2,1008,7483,34,100,1,0,0
746,6,5,768,10,69,6,4,5,1,2,-52,0,726,9915,42,100,2,0,0
746,10,4,768,40,91,5,8,7,2,1,-70,10,4925,29617,46,100,3,0,0
745,14,10,1024,100,88,9,9,7,1,3,-70,9,1337,8474,42,100,1,0,0
747,9,4,768,0,90,8,3,7,1,2,-52,7,793,9453,47,100,0,0,0
747,2,3,768,0,43,5,10,5,1,1,-52,0,667,7289,13,100,3,0,0
748,1,0,256,0,19,0,0,3,0,0,0,10,2361,27715,770,100,2,0,0
748,5,1,512,0,103,9,2,7,3,1,-76,9,2771,25224,49,100,3,0,0
748,13,9,1024,0,15,4,12,5,1,2,-70,0,1237,8936,4,100,4,0,0
749,4,1,512,20,94,9,4,7,2,1,-61,10,5113,28256,50,100,3,0,0
724,30,26,2048,90,43,6,7,6,0,3,-70,1,362,10908,20,100,2,0,0
728,30,26,2048,90,43,6,7,6,0,3,-70,0,877,5309,20,100,1,0,0
746,24,19,1536,10,91,9,3,7,1,4,-52,1,1897,20171,39,100,2,0,0
734,30,26,2048,90,43,6,7,6,0,3,-70,0,231,6607,20,100,1,0,0
752,7,3,768,0,26,3,12,5,1,1,-70,0,1445,10650,5,100,3,0,0
752,8,3,768,40,82,5,5,7,1,1,-52,4,1041,9001,47,100,1,0,0
748,12,8,1024,20,69,4,4,7,1,1,-70,3,861,9505,38,100,1,0,0
752,5,1,512,0,104,9,2,7,3,1,-76,9,1156,11232,50,100,0,0,0
747,27,22,1792,0,59,1,8,4,1,1,-52,0,845,10780,21,100,2,0,0
752,9,4,768,10,90,8,3,7,1,2,-52,7,574,8190,47,100,1,0,0
746,29,23,1792,20,73,10,4,7,1,4,-70,0,865,6119,35,100,1,0,0
749,15,10,1024,0,91,5,5,7,1,2,-52,4,1237,10087,36,100,2,0,0
753,1,0,256,0,19,0,0,3,0,0,0,10,1878,17946,780,100,1,0,0
749,18,12,1280,0,94,5,4,7,1,2,-70,2,416,9158,38,100,1,0,0
752,10,4,768,30,93,5,8,7,2,1,-70,10,4315,19397,46,100,2,0,0
749,19,14,1280,30,68,5,12,7,1,2,-52,7,3435,20313,30,100,3,0,0
754,3,1,512,10,91,8,3,7,2,1,-76,7,3479,25166,50,100,2,0,0
750,17,12,1280,10,62,6,6,7,1,3,-52,1,1351,14831,31,100,2,0,0
755,11,5,768,0,98,6,3,7,1,2,-70,7,1391,21617,42,100,2,0,0
756,16,11,1024,0,80,5,5,7,1,2,-52,2,779,11845,38,100,2,0,0
757,6,5,768,0,72,6,4,5,1,2,-52,0,1017,14008,43,100,2,0,0
754,12,8,1024,40,71,4,4,7,1,1,-70,3,2232,15360,39,100,1,0,0
757,13,9,1024,0,15,4,13,5,1,2,-70,0,843,9729,5,100,4,0,0
749,22,17,1566,0,74,8,6,6,1,4,-52,0,1483,12543,30,100,3,0,0
757,2,3,768,0,44,5,10,5,1,1,-52,0,604,9011,13,100,2,0,0
759,4,1,512,0,95,9,4,7,2,1,-61,10,3792,27695,50,100,2,0,0
756,17,12,1280,0,62,6,6,7,1,3,-52,1,941,11306,32,100,1,0,0
759,7,3,768,10,29,3,12,6,1,1,-70,0,815,6965,5,100,4,0,0
759,9,4,768,0,93,8,3,7,1,2,-52,7,1179,13374,47,100,3,0,0
759,3,1,512,40,93,8,3,7,2,1,-76,7,2921,15855,51,100,1,0,0
757,27,22,1792,10,61,1,8,4,1,1,-52,0,723,9480,22,100,2,0,0
760,5,1,512,10,106,9,2,7,3,1,-76,9,2293,21121,50,100,2,0,0
759,12,8,1024,0,73,4,4,7,2,1,-70,3,1700,12202,39,100,1,0,0
760,16,11,1024,10,81,5,5,7,1,2,-52,2,361,3982,38,100,2,0,0
761,1,0,256,0,19,0,0,3,0,0,0,10,1827,24269,786,100,1,0,0
762,8,3,768,0,85,5,5,7,1,1,-52,4,3457,23779,47,100,2,0,0
761,6,5,768,0,73,6,4,5,1,2,-52,0,505,5816,44,100,1,0,0
761,11,5,768,0,100,6,3,7,1,2,-70,7,979,10215,42,100,2,0,0
760,22,17,1566,10,76,8,6,6,1,4,-52,0,1481,14225,31,100,2,0,0
765,4,1,512,0,96,9,4,7,2,1,-61,10,1000,13532,51,100,2,0,0
765,1,0,256,0,19,0,0,3,0,0,0,10,996,12818,792,100,1,0,0
765,3,1,512,10,95,8,3,7,2,1,-76,7,1715,13223,51,100,1,0,0
766,8,3,768,40,87,5,5,7,1,1,-52,4,1341,8807,48,100,1,0,0
765,9,4,768,0,96,8,3,7,1,2,-52,7,1011,12380,48,100,1,0,0
766,6,5,768,10,75,6,4,5,1,2,-52,0,438,5727,44,100,0,0,0
766,11,5,768,0,102,6,3,7,1,2,-70,7,1301,11949,43,100,1,0,0
762,17,12,1280,20,63,6,6,7,1,3,-52,1,1671,10913,32,100,1,0,0
764,13,9,1024,20,18,4,13,5,1,2,-70,1,816,6968,5,100,4,0,0
767,5,1,512,0,107,9,2,7,3,1,-76,10,3270,19829,51,100,1,0,0
766,2,3,768,0,45,5,10,5,1,1,-52,0,612,9455,14,100,2,0,0
766,16,11,1024,0,83,5,5,7,1,2,-52,2,602,7471,39,100,1,0,0
766,12,8,1024,0,76,4,4,7,2,1,-70,3,1495,13652,40,100,2,0,0
766,27,22,1792,0,63,1,8,4,1,1,-52,0,854,8888,23,100,2,0,0
766,22,17,1566,10,78,8,6,6,1,4,-52,0,829,8235,31,100,1,0,0
770,7,3,768,20,33,3,12,6,1,1,-70,0,1472,12288,6,100,3,0,0
770,4,1,525,10,99,9,4,7,2,1,-61,10,1395,13744,51,100,1,0,0
770,22,17,1566,0,80,8,6,6,1,4,-52,0,830,5590,31,100,2,0,0
772,5,1,512,10,108,9,2,7,3,1,-76,10,931,9638,51,100,2,0,0
771,2,3,768,0,46,5,10,5,1,1,-52,0,490,4861,14,100,0,0,0
772,9,4,768,0,98,8,3,7,1,2,-52,7,926,13297,48,100,2,0,0
773,12,8,1024,10,80,4,4,7,2,1,-70,3,2154,15076,40,100,3,0,0
773,13,9,1024,10,21,4,13,5,1,2,-70,1,1198,9886,6,100,4,0,0
773,17,12,1280,0,63,6,6,7,1,3,-52,1,1891,14992,33,100,2,0,0
774,6,5,768,0,76,6,4,5,1,2,-52,0,532,10112,44,100,2,0,0
774,7,3,872,0,34,3,12,6,1,1,-70,0,583,5035,6,100,2,0,0
776,8,3,768,10,89,5,5,7,1,1,-52,4,2661,21645,48,100,2,0,0
775,3,1,512,0,97,8,3,7,2,1,-76,7,5264,29748,52,100,2,0,0
775,1,0,256,0,19,0,0,3,0,0,0,10,2573,32955,802,100,2,0,0
777,11,5,768,0,108,6,3,7,1,2,-70,7,1871,24009,43,100,4,0,0
776,27,22,1822,0,65,1,8,4,1,1,-52,0,690,10459,23,100,2,0,0
778,16,11,1024,10,89,5,5,7,1,2,-52,2,1130,12635,40,100,4,0,0
779,4,1,512,0,101,9,4,7,2,1,-61,10,1655,20360,52,100,2,0,0
781,8,3,768,30,91,5,5,7,1,1,-52,4,1198,10895,49,100,1,0,0
758,10,5,896,90,96,6,8,7,0,2,-52,10,2034,16187,46,100,1,0,0
780,12,8,1024,0,81,4,4,7,2,1,-70,3,1053,12878,40,100,1,0,0
767,10,5,896,80,97,7,8,7,0,2,-52,10,1830,18004,46,100,3,0,0
781,1,0,256,0,19,0,0,3,0,0,0,10,1449,17043,811,100,1,0,0
780,5,1,512,10,111,9,2,7,3,1,-76,10,3167,25279,52,100,2,0,0
771,10,5,896,100,99,7,8,7,0,2,-52,10,900,9482,47,100,1,0,0
781,10,5,768,70,102,7,8,7,1,2,-52,10,2600,22325,47,100,3,0,0
781,2,3,768,0,49,5,10,5,1,1,-52,0,802,9589,15,100,2,0,0
782,9,4,768,0,101,8,3,7,1,2,-52,7,1477,18756,49,100,3,0,0
777,24,19,1536,0,102,10,3,7,1,4,-52,1,1136,8950,41,100,2,0,0
782,13,9,1024,0,26,4,13,5,1,2,-70,1,1315,10232,7,100,4,0,0
778,14,10,1024,0,100,9,10,7,2,3,-70,9,2274,13325,44,100,3,0,0
778,15,10,1024,10,104,5,6,7,1,2,-52,4,726,7608,38,100,1,0,0
784,12,8,1024,0,85,4,4,7,2,1,-70,4,1042,9623,41,100,2,0,0
779,19,14,1280,0,79,6,12,7,2,2,-52,7,2616,22089,32,100,2,0,0
786,7,3,768,20,37,3,12,6,1,1,-70,0,1218,11490,7,100,4,0,0
786,3,1,519,0,99,8,3,7,2,1,-76,8,4017,27983,52,100,1,0,0
786,6,5,768,0,80,6,4,5,1,2,-52,0,1068,14848,45,100,2,0,0
786,11,5,768,0,110,6,3,7,1,2,-70,7,1939,20356,44,100,1,0,0
783,29,23,1792,20,82,10,4,7,1,4,-70,0,557,9943,37,100,2,0,0
787,13,9,1024,0,28,4,14,6,1,2,-70,1,647,5466,7,100,3,0,0
785,15,10,1024,0,105,5,6,7,1,2,-52,4,962,8156,39,100,3,0,0
785,23,19,1536,0,88,11,6,7,1,4,-70,2,1357,12299,37,100,2,0,0
786,30,24,1792,10,60,8,7,6,1,4,-70,0,1067,11140,24,100,2,0,0
787,14,10,1024,0,104,9,11,7,2,3,-70,9,2269,19689,45,100,3,0,0
788,10,5,768,10,105,7,8,7,1,2,-52,10,3212,20546,48,100,4,0,0
789,5,1,512,10,112,9,2,7,3,1,-76,10,5854,29329,52,100,2,0,0
788,16,11,1024,10,93,5,5,7,1,2,-52,2,933,10619,40,100,3,0,0
790,12,8,1024,0,86,4,4,7,2,1,-70,4,984,9297,41,100,2,0,0
790,6,5,768,10,82,6,4,5,1,2,-52,0,365,5187,45,100,1,0,0
791,8,3,768,0,97,5,5,7,1,1,-52,5,2416,21120,49,100,3,0,0
791,7,3,768,0,40,3,12,7,1,1,-70,0,915,6395,7,100,2,0,0
788,24,19,1536,0,106,10,3,7,1,4,-52,1,1691,21715,41,100,4,0,0
791,4,1,512,0,106,9,4,7,2,1,-61,10,2532,27398,52,100,4,0,0
791,19,14,1280,0,83,6,12,7,2,2,-52,7,2930,22486,33,100,4,0,0
792,1,0,256,0,19,0,0,3,0,0,0,10,3203,36883,827,100,2,0,0
793,3,1,512,0,100,8,3,7,2,1,-76,8,1932,16296,53,100,2,0,0
792,2,3,768,0,51,5,10,5,1,1,-52,0,970,10926,16,100,2,0,0
793,9,4,768,10,110,8,3,7,1,2,-52,7,2052,20448,50,100,3,0,0
755,20,16,1459,70,97,16,13,7,0,9,-70,2,1070,5255,34,100,3,0,0
794,10,5,768,30,105,7,8,7,1,2,-52,10,1626,14087,48,100,1,0,0
766,20,14,1408,80,102,18,13,7,0,10,-70,2,740,10038,35,100,4,0,0
793,15,10,1024,20,110,5,6,7,1,2,-52,4,1059,8474,39,100,2,0,0
795,13,9,1024,10,32,4,14,7,1,2,-70,1,831,7734,8,100,2,0,0
794,14,10,1024,40,107,9,11,7,2,3,-70,9,3030,19109,45,100,3,0,0
792,23,19,1536,0,91,11,6,7,1,4,-70,2,1297,9699,37,100,2,0,0
778,20,14,1408,100,107,18,13,7,0,10,-70,2,908,11648,36,100,4,0,0
797,11,5,768,30,114,6,3,7,1,2,-70,7,1517,22900,45,100,3,0,0
797,3,1,512,0,101,8,3,7,2,1,-76,8,1473,12704,53,100,0,0,0
797,2,3,768,0,52,5,10,5,1,1,-52,0,365,4568,16,100,1,0,0
798,1,0,256,0,19,0,0,3,0,0,0,10,2040,22578,840,100,1,0,0
792,29,23,1792,10,87,10,4,7,1,4,-70,0,1613,10720,38,100,2,0,0
799,8,3,768,10,99,5,5,7,1,1,-52,5,1421,15512,50,100,3,0,0
799,12,8,1024,0,92,4,4,7,2,1,-70,4,1191,16433,42,100,2,0,0
799,6,5,768,0,84,6,4,5,1,2,-52,0,1044,12288,46,100,2,0,0
795,24,19,1536,10,108,10,3,7,1,4,-52,1,674,11168,42,100,1,0,0
797,16,11,1024,0,96,5,5,7,1,2,-52,2,917,9740,41,100,3,0,0
800,4,1,512,0,108,9,4,7,2,1,-61,10,1807,20490,53,100,1,0,0
800,5,1,512,20,113,9,2,7,3,1,-76,10,6538,35650,53,100,2,0,0
796,30,24,1792,0,65,8,7,6,1,4,-70,0,1222,10395,24,100,3,0,0
800,9,4,768,20,111,8,3,7,1,2,-52,8,1295,16438,50,100,1,0,0
800,13,9,1024,0,33,4,14,7,1,2,-70,2,722,5349,8,100,2,0,0
801,11,5,768,0,116,6,3,7,1,2,-70,7,986,10745,45,100,1,0,0
799,14,10,1024,10,111,9,11,7,2,3,-70,9,3027,15605,46,100,2,0,0
802,7,3,768,0,41,3,12,7,1,1,-70,0,732,11060,8,100,3,0,0
802,3,1,759,0,101,8,3,7,2,1,-76,8,2388,13279,53,100,1,0,0
797,23,19,1536,10,93,11,6,7,1,4,-70,2,1276,7845,38,100,2,0,0
803,1,0,256,0,19,0,0,3,0,0,0,10,1209,13842,843,100,1,0,0
798,29,23,1792,0,89,10,4,7,1,4,-70,0,468,5781,38,100,1,0,0
800,30,24,1792,20,66,8,7,6,1,4,-70,0,740,4641,25,100,0,0,0
803,10,5,768,30,110,7,8,7,1,2,-52,10,4067,25739,49,100,3,0,0
803,19,14,1280,0,88,6,13,7,2,2,-52,7,3363,25460,34,100,4,0,0
807,8,3,768,0,102,5,5,7,1,1,-52,5,785,14550,50,100,1,0,0
804,6,5,768,10,87,6,4,5,1,2,-52,0,716,7639,46,100,1,0,0
805,15,10,1024,10,113,5,7,7,1,2,-52,4,961,11843,40,100,4,0,0
806,2,3,768,0,56,5,10,5,1,1,-52,0,903,9069,17,100,3,0,0
805,14,10,1024,10,112,9,11,7,2,3,-70,9,1848,15579,46,100,1,0,0
803,29,23,1792,10,92,10,4,7,1,4,-70,0,746,5698,39,100,2,0,0
809,12,8,1024,0,94,4,4,7,2,1,-70,4,752,18100,42,100,3,0,0
808,5,1,512,10,116,9,2,7,3,1,-76,10,4595,27416,53,100,2,0,0
805,23,19,1536,0,95,11,6,7,1,4,-70,2,1279,11601,38,100,1,0,0
808,13,9,1024,0,36,4,14,7,1,2,-70,2,1164,9033,8,100,3,0,0
809,9,4,768,0,113,8,3,7,1,2,-52,8,1219,15367,51,100,3,0,0
808,11,5,768,0,118,6,3,7,1,2,-70,7,860,15990,45,100,3,0,0
806,24,19,1536,0,113,10,3,7,1,4,-52,1,1888,21739,43,100,4,0,0
810,4,1,512,0,111,9,4,7,2,1,-61,10,2213,23453,54,100,3,0,0
810,10,5,768,20,112,7,8,7,1,2,-52,10,2838,17626,49,100,2,0,0
808,16,11,1024,10,103,5,5,7,1,2,-52,2,1302,11520,41,100,3,0,0
812,6,5,768,0,89,6,4,5,1,2,-52,0,765,8743,47,100,1,0,0
812,3,1,512,20,102,8,3,7,2,1,-76,8,2900,26422,54,100,3,0,0
813,16,11,1024,0,104,5,5,7,1,2,-52,2,543,4813,42,100,0,0,0
813,11,5,768,0,120,6,3,7,1,2,-70,7,1115,10515,46,100,1,0,0
813,8,3,768,20,105,5,5,7,1,1,-52,5,1254,13614,51,100,3,0,0
814,1,0,256,0,19,0,0,3,0,0,0,10,2970,36178,859,100,2,0,0
814,12,8,1024,0,96,4,4,7,2,1,-70,4,599,8835,43,100,2,0,0
813,7,3,768,0,42,3,12,7,1,1,-70,0,872,11620,9,100,3,0,0
814,13,9,1024,0,39,4,14,7,1,2,-70,2,1034,6806,9,100,3,0,0
810,29,23,1792,10,95,10,4,7,1,4,-70,0,619,6975,39,100,1,0,0
814,9,4,768,10,114,8,3,7,1,2,-52,8,924,11428,51,100,1,0,0
815,4,1,512,0,112,9,4,7,2,1,-61,10,974,11294,54,100,1,0,0
816,2,3,768,0,58,5,10,5,1,1,-52,0,663,9816,17,100,2,0,0
811,30,24,1792,0,69,8,7,6,1,4,-70,0,1009,12142,26,100,2,0,0
811,23,19,1536,0,96,11,6,7,1,4,-70,2,869,8261,39,100,2,0,0
812,19,14,1280,0,91,6,13,7,2,2,-52,6,2777,20805,34,100,3,0,0
817,10,5,768,80,114,7,8,7,1,2,-52,10,2309,19278,50,100,2,0,0
819,7,3,768,10,44,3,12,7,1,1,-70,0,470,5273,9,100,1,0,0
813,24,19,1536,0,115,10,3,7,1,4,-52,1,1087,13547,43,100,2,0,0
820,12,8,1024,0,98,4,4,7,2,1,-70,3,787,11934,43,100,1,0,0
819,5,1,512,0,119,9,2,7,3,1,-76,10,7074,37644,54,100,3,0,0
820,8,3,768,0,106,5,5,7,1,1,-52,4,1061,12952,51,100,1,0,0
816,14,10,1024,0,114,9,11,7,2,3,-70,9,3091,28198,47,100,3,0,0
815,23,19,1536,0,98,11,6,7,1,4,-70,2,604,5774,39,100,2,0,0
821,4,1,512,0,113,9,4,7,2,1,-61,10,929,11484,54,100,1,0,0
817,15,10,1024,10,118,5,7,7,1,2,-52,5,1176,12692,41,100,3,0,0
820,16,11,1024,0,107,5,5,7,1,2,-52,2,720,7813,42,100,3,0,0
816,29,23,1807,0,96,10,4,7,1,4,-70,0,643,7010,39,100,1,0,0
818,24,19,1536,0,118,10,3,7,1,4,-52,1,719,7878,43,100,2,0,0
819,19,14,1280,0,93,6,13,7,2,2,-52,6,1648,14620,35,100,3,0,0
822,10,5,768,60,115,7,8,7,1,2,-52,10,1879,13122,50,100,1,0,0
823,11,5,768,10,122,6,3,7,1,2,-70,7,1170,20149,46,100,2,0,0
819,30,24,1814,20,72,8,7,6,1,4,-70,0,939,8422,26,100,2,0,0
824,1,0,256,0,19,0,0,3,0,0,0,10,2572,32721,870,100,2,0,0
824,6,5,768,0,90,6,4,5,1,2,-52,0,639,14291,48,100,2,0,0
823,3,1,512,0,105,8,3,7,2,1,-76,7,3374,26976,55,100,2,0,0
826,12,8,1024,10,98,4,4,7,2,1,-70,3,307,9493,44,100,1,0,0
825,13,9,1024,10,42,4,14,7,1,2,-70,3,1334,11278,9,100,5,0,0
826,2,3,768,0,59,5,10,5,1,1,-52,0,491,8920,18,100,1,0,0
826,8,3,768,0,106,5,5,7,1,1,-52,4,837,12186,52,100,1,0,0
826,9,4,768,0,116,8,3,7,1,2,-52,9,1201,20544,52,100,3,0,0
824,16,11,1024,0,108,5,5,7,1,2,-52,2,431,4810,43,100,0,0,0
820,29,23,1792,0,96,10,4,7,1,4,-70,0,455,4542,40,100,1,0,0
820,23,19,1536,0,100,11,6,7,1,4,-70,2,986,6785,39,100,2,0,0
823,15,10,1024,0,121,5,7,7,1,2,-52,5,785,7402,41,100,2,0,0
827,5,1,512,10,122,9,2,7,3,1,-76,10,5533,28628,55,100,2,0,0
824,24,19,1536,0,118,10,3,7,1,4,-52,1,825,10571,44,100,1,0,0
828,7,3,768,20,48,3,12,7,1,1,-70,0,1078,10136,10,100,3,0,0
829,4,1,512,0,116,9,4,7,2,1,-61,10,1640,18962,55,100,1,0,0
827,14,10,1024,20,120,9,11,7,2,3,-70,9,3650,27744,48,100,4,0,0
827,30,24,1792,0,74,9,7,6,1,4,-70,0,1011,8607,27,100,1,0,0
830,9,4,768,10,117,8,3,7,1,2,-52,9,813,9101,52,100,2,0,0
832,6,5,768,0,92,6,4,5,1,2,-52,0,625,10564,48,100,1,0,0
832,1,0,256,0,19,0,0,3,0,0,0,10,2237,27625,882,100,1,0,0
826,29,23,1792,0,97,10,4,7,1,4,-70,0,530,5702,40,100,1,0,0
828,19,14,1280,10,96,6,13,7,2,2,-52,6,2357,19966,35,100,2,0,0
832,2,3,768,0,62,5,10,5,1,1,-52,0,722,7193,18,100,2,0,0
833,11,5,768,10,126,6,3,7,1,2,-70,7,1725,22829,47,100,3,0,0
834,5,1,512,10,124,9,2,7,3,1,-76,10,3291,20176,55,100,2,0,0
834,16,11,1024,0,112,5,5,7,1,2,-52,2,1052,10719,43,100,3,0,0
835,13,9,1024,0,45,4,14,7,1,2,-70,3,1326,11282,10,100,2,0,0
833,10,5,768,30,119,7,9,7,1,2,-52,10,3958,27993,51,100,4,0,0
832,23,19,1536,0,102,11,6,7,1,4,-70,2,1152,14305,40,100,2,0,0
835,3,1,512,20,107,8,3,7,2,1,-76,7,2910,27533,56,100,2,0,0
833,15,10,1024,10,121,5,7,7,1,2,-52,5,448,9248,42,100,1,0,0
834,7,3,768,0,49,3,12,7,1,1,-70,0,626,7848,10,100,1,0,0
837,4,1,512,0,116,9,4,7,2,1,-61,10,821,15517,55,100,2,0,0
836,12,8,1024,0,100,4,4,7,1,1,-70,3,932,17956,44,100,3,0,0
837,6,5,768,0,93,6,4,5,1,2,-52,0,476,6545,49,100,1,0,0
838,8,3,768,0,108,5,5,7,1,1,-52,4,1266,18389,53,100,3,0,0
833,24,19,1536,10,121,10,3,7,1,4,-52,1,1142,16741,44,100,2,0,0
835,29,23,1792,0,98,11,4,7,1,4,-70,0,979,9857,41,100,2,0,0
836,30,24,1792,10,77,9,7,6,1,4,-70,0,894,9818,27,100,2,0,0
837,14,10,1024,0,123,9,11,7,2,3,-70,9,3368,23647,48,100,3,0,0
838,23,19,1536,0,103,11,6,7,1,4,-70,2,915,7960,40,100,1,0,0
839,19,14,1280,10,98,6,13,7,1,2,-52,6,2479,21091,36,100,3,0,0
839,7,3,768,10,51,3,12,7,1,1,-70,0,460,4694,10,100,2,0,0
840,9,4,768,10,119,8,3,7,1,2,-52,9,1197,18429,53,100,1,0,0
839,24,19,1536,10,122,10,3,7,1,4,-52,1,820,10206,45,100,2,0,0
842,1,0,256,0,19,0,0,3,0,0,0,10,3010,33040,898,100,2,0,0
842,11,5,768,0,129,6,3,7,1,2,-70,7,1483,20874,48,100,2,0,0
843,2,3,768,10,66,5,10,5,1,1,-52,0,981,11004,19,100,2,0,0
844,6,5,768,0,94,6,4,5,1,2,-52,0,583,8620,49,100,2,0,0
845,13,9,1024,0,47,4,14,7,1,2,-70,3,1168,11113,11,100,4,0,0
845,10,5,768,0,121,7,9,7,1,2,-52,10,4307,34722,51,100,4,0,0
847,12,8,1024,0,105,4,4,7,1,1,-70,2,1614,19834,45,100,3,0,0
845,3,1,512,0,111,8,3,7,2,1,-76,6,4087,27330,56,100,2,0,0
845,5,1,512,20,130,9,2,7,3,1,-76,10,7475,40099,56,100,2,0,0
845,15,10,1024,10,126,5,7,7,1,2,-52,5,1530,13231,43,100,5,0,0
846,16,11,1024,0,118,5,5,7,1,2,-52,2,1248,12103,44,100,4,0,0
845,30,24,1792,0,82,9,7,6,1,4,-70,0,1268,9875,28,100,1,0,0
848,4,1,512,10,120,9,4,7,1,1,-61,10,1753,24365,56,100,3,0,0
845,23,19,1536,0,105,11,6,7,1,4,-70,2,946,10275,41,100,3,0,0
849,8,3,768,0,108,5,5,7,1,1,-52,3,1253,17853,53,100,2,0,0
847,7,3,768,10,52,3,12,7,1,1,-70,0,875,8918,11,100,2,0,0
851,1,0,256,0,19,0,0,3,0,0,0,10,1450,23601,903,100,1,0,0
848,29,23,1792,10,101,11,4,7,1,4,-70,0,1037,12107,41,100,2,0,0
849,14,10,1024,0,128,9,11,7,2,3,-70,9,3371,26033,49,100,3,0,0
851,9,4,768,0,122,8,4,7,1,2,-52,9,1199,18815,53,100,3,0,0
851,5,1,512,0,132,9,2,7,3,1,-76,10,3534,19411,56,100,1,0,0
849,24,19,1536,0,127,10,3,7,1,4,-52,1,1567,21190,45,100,3,0,0
851,19,14,1280,10,105,6,13,7,1,2,-52,6,3028,25552,37,100,3,0,0
852,10,5,768,10,124,7,9,7,1,2,-52,10,2561,19848,52,100,1,0,0
852,11,5,768,10,132,6,3,7,1,2,-70,7,1544,20718,48,100,1,0,0
852,3,1,512,0,113,8,3,7,2,1,-76,6,1520,15104,57,100,1,0,0
853,6,5,768,0,96,6,4,5,1,2,-52,0,597,10700,50,100,1,0,0
852,29,23,1792,0,103,11,4,7,1,4,-70,0,820,5018,42,100,1,0,0
851,30,24,1792,0,84,9,7,6,1,4,-70,0,661,7016,28,100,3,0,0
853,13,9,1024,0,49,4,14,7,1,2,-70,3,857,8337,11,100,1,0,0
855,4,1,512,0,124,9,4,7,1,1,-61,10,1576,15013,57,100,3,0,0
854,2,3,768,0,70,5,10,5,1,1,-52,0,1064,12233,20,100,2,0,0
855,15,10,1024,10,132,5,7,7,1,2,-52,5,1260,11206,44,100,3,0,0
856,24,19,1536,0,130,10,3,7,1,4,-52,1,1234,12306,46,100,2,0,0
853,23,19,1536,10,105,11,6,7,1,4,-70,2,1310,13081,41,100,2,0,0
857,14,10,1024,0,132,9,11,7,2,3,-70,8,3537,19555,50,100,1,0,0
858,1,0,256,0,19,0,0,3,0,0,0,10,2304,23303,919,100,2,0,0
857,9,4,768,0,122,8,4,7,1,2,-52,9,943,12219,54,100,1,0,0
858,11,5,768,10,135,6,3,7,1,2,-70,7,954,13828,49,100,1,0,0
858,5,1,512,0,133,9,2,7,3,1,-76,10,4344,23928,57,100,1,0,0
858,16,11,1024,0,123,5,5,7,1,2,-52,2,1161,11382,45,100,4,0,0
857,30,24,1792,0,87,9,7,6,1,4,-70,0,587,5876,29,100,0,0,0
858,7,3,768,0,57,3,12,7,1,1,-70,0,1030,10889,12,100,4,0,0
859,6,5,768,0,96,6,4,5,1,2,-52,0,304,7904,50,100,1,0,0
858,19,14,1280,10,108,6,13,7,1,2,-52,6,2323,16688,38,100,2,0,0
861,4,1,512,0,126,9,4,7,1,1,-61,10,1114,13434,57,100,1,0,0
858,23,19,1536,0,106,11,6,7,1,4,-70,2,869,6671,42,100,1,0,0
860,15,10,1024,0,133,5,7,7,1,2,-52,5,408,5314,44,100,0,0,0
860,2,3,768,0,70,5,10,5,1,1,-52,0,283,5648,20,100,1,0,0
861,3,1,512,0,115,8,3,7,2,1,-76,6,2459,22033,57,100,2,0,0
859,29,23,1792,10,104,11,4,7,1,4,-70,0,440,8411,42,100,1,0,0
862,10,5,768,0,127,7,9,7,1,2,-52,10,3944,31447,53,100,1,0,0
864,13,9,1024,0,51,4,14,7,1,2,-70,3,1045,10464,12,100,4,0,0
863,14,10,1024,0,134,9,11,7,2,3,-70,8,1992,13469,50,100,2,0,0
863,6,5,768,0,97,6,4,5,1,2,-52,0,386,6000,50,100,1,0,0
863,23,19,1536,0,109,11,6,7,1,4,-70,2,1165,7748,42,100,1,0,0
865,2,3,768,0,71,5,10,5,1,1,-52,0,363,4583,20,100,1,0,0
865,5,1,512,20,136,9,2,7,3,1,-76,10,3713,23283,57,100,2,0,0
864,24,19,1536,0,131,10,3,7,1,4,-52,1,938,15722,46,100,2,0,0
866,15,10,1024,0,135,5,7,7,1,2,-52,5,685,6276,44,100,1,0,0
865,7,3,768,0,60,3,12,7,1,1,-70,0,652,7369,12,100,1,0,0
867,9,4,768,0,124,8,4,7,1,2,-52,9,1338,18351,54,100,3,0,0
868,1,0,256,0,19,0,0,3,0,0,0,10,2284,29904,928,100,2,0,0
869,11,5,768,0,137,6,3,7,1,2,-70,7,1096,21694,49,100,2,0,0
867,19,14,1280,10,111,6,13,7,1,2,-52,6,2257,18557,38,100,2,0,0
868,16,11,1024,0,124,5,5,7,1,2,-52,2,441,9655,45,100,1,0,0
867,30,24,1792,10,90,9,7,6,1,4,-70,0,1209,12939,29,100,3,0,0
869,2,3,768,0,72,5,10,5,1,1,-52,0,412,5000,21,100,0,0,0
869,13,9,1024,10,52,4,14,7,1,2,-70,3,542,5615,12,100,1,0,0
869,6,5,768,0,100,6,4,5,1,2,-52,0,791,7028,51,100,1,0,0
867,29,23,1792,20,107,11,4,7,1,4,-70,0,949,8969,43,100,2,0,0
871,4,1,512,20,130,9,4,7,1,1,-61,10,1838,22318,58,100,3,0,0
870,7,3,768,20,62,3,12,7,1,1,-70,0,574,5854,13,100,3,0,0
871,14,10,1024,10,136,9,11,7,2,3,-70,8,2314,17328,50,100,2,0,0
872,5,1,512,0,139,9,2,7,3,1,-76,10,3889,22860,58,100,1,0,0
873,10,5,768,50,129,7,9,7,1,2,-52,10,3428,28964,53,100,2,0,0
873,3,1,512,10,117,8,3,7,2,1,-76,6,2893,27610,58,100,2,0,0
870,23,19,1536,0,110,11,6,7,1,4,-70,2,1104,9770,42,100,2,0,0
871,24,19,1536,0,131,10,3,7,1,4,-52,1,925,12185,47,100,1,0,0
874,9,4,768,0,126,8,4,7,1,2,-52,9,1099,14099,55,100,1,0,0
872,19,14,1280,10,112,6,13,7,1,2,-52,6,1596,11671,38,100,1,0,0
874,13,9,1024,10,56,4,14,7,1,2,-70,3,826,6440,13,100,1,0,0
876,1,0,256,0,19,0,0,3,0,0,0,10,1811,22626,938,100,1,0,0
874,11,5,768,0,139,6,3,7,1,2,-70,7,1379,15046,50,100,2,0,0
875,7,3,768,0,63,3,12,7,1,1,-70,0,732,6017,13,100,1,0,0
876,16,11,1024,0,127,5,5,7,1,2,-52,2,1306,9507,46,100,2,0,0
878,15,10,1024,0,138,5,7,7,1,2,-52,5,1278,12636,45,100,3,0,0
878,23,19,1536,20,114,11,6,7,1,4,-70,2,1290,11190,43,100,1,0,0
879,6,5,768,0,103,6,4,5,1,2,-52,0,794,12547,51,100,2,0,0
878,30,24,1792,10,94,9,7,6,1,4,-70,0,1421,12130,30,100,2,0,0
881,5,1,512,10,143,9,2,7,3,1,-76,10,4608,26397,58,100,1,0,0
881,4,1,512,0,131,9,4,7,1,1,-61,10,1383,22466,58,100,2,0,0
882,1,0,256,0,19,0,0,3,0,0,0,10,1115,15709,942,100,1,0,0
880,2,3,768,10,75,5,10,5,1,1,-52,0,1006,11316,22,100,3,0,0
881,10,5,768,20,130,7,9,7,1,2,-52,10,2315,21447,54,100,3,0,0
880,19,14,1280,10,113,6,13,7,1,2,-52,6,1486,16339,39,100,1,0,0
878,29,23,1792,0,107,11,4,7,1,4,-70,0,959,11578,44,100,2,0,0
882,14,10,1024,0,137,9,12,7,2,3,-70,8,2525,23879,51,100,3,0,0
881,9,4,768,10,129,8,4,7,1,2,-52,9,1002,12036,55,100,2,0,0
884,3,1,512,0,118,8,3,7,2,1,-76,6,1908,25044,59,100,2,0,0
883,13,9,1024,0,59,4,14,7,1,2,-70,3,1221,9892,13,100,3,0,0
884,11,5,768,0,140,6,3,7,1,2,-70,7,1146,20855,51,100,2,0,0
885,15,10,1024,20,142,5,7,7,1,2,-52,5,1199,12730,46,100,2,0,0
885,7,3,768,10,65,3,12,7,1,1,-70,1,650,8710,13,100,1,0,0
885,2,3,768,0,76,5,10,5,1,1,-52,0,294,5246,22,100,0,0,0
886,16,11,1024,0,131,5,5,7,1,2,-52,2,908,10676,47,100,3,0,0
887,10,5,768,10,132,7,9,7,1,2,-52,10,1871,17443,54,100,2,0,0
888,13,9,1024,0,61,4,14,7,1,2,-70,3,636,5783,14,100,2,0,0
889,5,1,512,0,144,9,2,7,3,1,-76,10,4501,25622,59,100,2,0,0
888,11,5,768,0,141,6,3,7,1,2,-70,7,868,9493,51,100,0,0,0
889,9,4,768,0,134,8,4,7,1,2,-52,9,1792,16140,56,100,3,0,0
890,4,1,512,0,132,9,4,7,1,1,-61,10,1938,21461,59,100,1,0,0
892,1,0,256,0,19,0,0,3,0,0,0,10,2302,28835,953,100,2,0,0
890,6,5,768,0,106,6,4,5,1,2,-52,0,940,13665,52,100,2,0,0
891,14,10,1024,0,139,9,12,7,2,3,-70,8,1020,16623,52,100,2,0,0
892,3,1,512,0,121,8,3,7,2,1,-76,6,1759,18191,59,100,1,0,0
892,16,11,1024,0,132,5,5,7,1,2,-52,2,536,5521,47,100,1,0,0
893,13,9,1024,10,63,4,14,7,1,2,-70,3,501,4728,14,100,1,0,0
892,15,10,1024,0,144,5,7,7,1,2,-52,5,603,8970,46,100,2,0,0
893,5,1,512,0,147,9,2,7,3,1,-76,10,2246,13662,59,100,1,0,0
859,8,4,896,30,110,6,5,7,0,2,-70,3,1869,16283,54,100,3,0,0
864,8,4,896,70,111,7,5,7,0,2,-70,3,319,7944,54,100,1,0,0
894,2,3,768,20,78,5,10,5,1,1,-52,0,826,9718,23,100,2,0,0
895,9,4,768,0,136,8,5,7,1,2,-52,9,959,11998,56,100,2,0,0
896,10,5,768,0,133,7,9,7,1,2,-52,10,1508,21045,55,100,2,0,0
895,11,5,768,10,142,6,3,7,1,2,-70,7,871,14154,51,100,2,0,0
896,7,3,768,0,70,3,12,7,1,1,-70,1,1780,12378,14,100,3,0,0
898,1,0,256,0,19,0,0,3,0,0,0,10,1143,16702,957,100,1,0,0
898,14,10,1024,0,141,9,12,7,2,3,-70,8,933,11038,52,100,2,0,0
896,16,11,1024,0,132,5,5,7,1,2,-52,2,386,4310,47,100,1,0,0
899,4,1,512,60,136,9,4,7,1,1,-61,10,2301,22025,60,100,2,0,0
869,8,4,896,70,112,7,5,7,0,2,-70,3,650,7219,55,100,2,0,0
899,15,10,1024,0,144,5,8,7,1,2,-52,5,489,8289,46,100,3,0,0
898,6,5,768,0,109,6,4,5,1,2,-52,0,808,10222,53,100,2,0,0
880,8,4,896,90,113,7,5,7,0,2,-70,3,830,15058,55,100,2,0,0
900,5,1,512,0,147,9,2,7,3,1,-76,10,2377,19480,59,100,1,0,0
887,8,4,896,100,114,7,5,7,0,2,-70,3,464,10367,56,100,2,0,0
900,11,5,768,0,144,6,3,7,1,2,-70,8,1049,10832,52,100,0,0,0
896,8,4,768,70,114,7,5,7,1,2,-70,3,701,13186,56,100,1,0,0
901,10,5,768,0,133,7,9,7,1,2,-52,10,1192,13537,55,100,1,0,0
903,3,1,512,10,124,8,3,7,2,1,-76,6,2459,25857,60,100,2,0,0
904,4,1,512,50,137,9,4,7,1,1,-61,10,1753,13782,60,100,1,0,0
904,7,3,768,0,73,3,12,7,1,1,-70,1,1068,9170,15,100,1,0,0
903,2,3,768,0,81,5,10,5,1,1,-52,0,828,9104,23,100,2,0,0
900,8,4,768,60,115,7,5,7,1,2,-70,3,1190,7841,57,100,2,0,0
901,13,9,1024,0,66,4,14,7,1,2,-70,3,761,9456,15,100,1,0,0
905,14,10,1024,0,143,9,12,7,2,3,-70,8,915,10887,53,100,1,0,0
905,1,0,256,0,19,0,0,3,0,0,0,10,2217,22798,969,100,1,0,0
904,16,11,1024,0,132,5,5,7,1,2,-52,3,647,7601,48,100,1,0,0
905,9,4,768,0,138,8,5,7,1,2,-52,9,1348,18840,57,100,3,0,0
906,5,1,512,20,147,9,2,7,2,1,-76,10,2687,18277,60,100,1,0,0
905,6,5,768,0,112,6,4,5,1,2,-52,0,651,8336,53,100,1,0,0
906,15,10,1024,0,146,5,8,7,1,2,-52,5,683,9064,47,100,2,0,0
907,8,4,768,0,119,7,5,7,1,2,-70,3,1244,13230,57,100,3,0,0
908,10,5,768,20,137,7,9,7,1,2,-52,10,1547,16852,56,100,2,0,0
908,11,5,768,0,146,6,3,7,1,2,-70,8,1235,18525,52,100,2,0,0
907,13,9,1024,0,70,4,14,7,1,2,-70,3,940,7293,15,100,2,0,0
909,16,11,1024,0,133,5,5,7,1,2,-52,3,447,5153,48,100,1,0,0
909,3,1,512,0,125,8,3,7,2,1,-76,6,1321,14659,60,100,1,0,0
910,4,1,512,10,139,9,4,7,1,1,-61,10,1808,17207,60,100,1,0,0
911,1,0,256,0,19,0,0,3,0,0,0,10,1039,14110,971,100,1,0,0
912,15,10,1024,0,147,5,8,7,1,2,-52,5,392,7103,47,100,1,0,0
912,14,10,1038,0,145,9,12,7,2,3,-70,8,893,12291,53,100,1,0,0
913,5,1,512,10,150,9,2,7,2,1,-76,10,2783,21226,60,100,2,0,0
914,2,3,768,0,82,5,10,5,1,1,-52,0,668,9472,24,100,2,0,0
914,7,3,768,0,77,3,12,7,1,1,-70,1,1312,11134,15,100,3,0,0
914,16,11,1024,0,134,5,5,7,1,2,-52,3,391,5102,48,100,1,0,0
916,4,1,512,0,141,9,4,7,1,1,-61,10,1106,14061,61,100,1,0,0
917,9,4,768,0,142,8,5,7,1,2,-52,9,1414,21081,58,100,3,0,0
914,13,9,1024,20,72,4,15,7,1,2,-70,3,912,8425,16,100,3,0,0
917,3,1,512,20,128,8,3,7,2,1,-76,5,1900,17530,61,100,3,0,0
918,8,4,768,0,121,7,5,7,1,2,-70,2,880,16532,58,100,3,0,0
918,7,3,768,0,77,3,12,7,1,1,-70,1,461,5295,16,100,1,0,0
920,1,0,256,0,19,0,0,3,0,0,0,9,2318,25326,983,100,2,0,0
921,2,3,768,0,83,5,10,5,1,1,-52,0,411,7571,24,100,1,0,0
922,3,1,512,0,130,8,3,7,2,1,-76,5,1631,12054,61,100,1,0,0
923,4,1,512,20,145,9,4,7,1,1,-61,10,2308,21078,61,100,2,0,0
922,15,10,1024,0,152,5,8,7,1,2,-52,5,1104,13807,48,100,4,0,0
923,14,10,1024,0,149,9,13,7,2,3,-70,8,1509,17084,54,100,5,0,0
923,9,4,768,0,144,8,5,7,1,2,-52,10,1206,12768,58,100,2,0,0
926,1,0,256,0,19,0,0,3,0,0,0,9,609,12231,984,100,1,0,0
926,8,4,768,0,125,7,5,7,1,2,-70,2,841,11719,58,100,2,0,0
926,3,1,512,10,130,8,3,7,2,1,-76,5,782,10109,61,100,1,0,0
925,7,3,768,10,80,3,12,7,1,1,-70,1,741,7833,16,100,1,0,0
926,13,9,1024,10,76,4,15,7,1,2,-70,4,1419,12682,16,100,3,0,0
930,1,0,256,0,19,0,0,3,0,0,0,10,693,10490,987,100,1,0,0
932,3,1,512,0,130,8,3,7,2,1,-76,5,954,11976,62,100,1,0,0
932,4,1,512,80,150,9,4,7,1,1,-61,10,3337,25825,62,100,1,0,0
927,10,4,768,10,144,9,9,7,2,3,-70,10,2602,27145,57,100,3,0,0
929,9,4,768,10,147,8,5,7,1,2,-52,10,1115,11675,59,100,1,0,0
934,2,3,768,10,86,5,10,5,1,1,-52,0,802,11313,25,100,2,0,0
935,1,0,256,0,19,0,0,3,0,0,0,10,911,13232,990,100,1,0,0
933,14,10,1024,0,153,9,13,7,2,3,-70,8,1209,15338,55,100,3,0,0
932,13,9,1029,0,76,4,15,7,1,2,-70,5,831,7895,17,100,1,0,0
934,15,10,1024,0,154,5,8,7,1,2,-52,5,932,15694,49,100,2,0,0
935,9,4,768,10,148,8,5,7,1,2,-52,10,903,12246,59,100,2,0,0
937,8,4,768,10,128,7,5,7,1,2,-70,2,1025,17443,59,100,3,0,0
937,10,4,768,0,149,9,9,7,2,3,-70,10,2257,24437,58,100,3,0,0
939,7,3,768,0,83,3,12,7,1,1,-70,1,1530,13737,17,100,3,0,0
938,14,10,1024,0,154,9,13,7,2,3,-70,8,536,9063,55,100,1,0,0
938,13,9,1024,0,78,4,15,7,1,2,-70,5,797,9259,17,100,1,0,0
939,15,10,1024,10,156,5,8,7,1,2,-52,5,497,5811,49,100,2,0,0
939,9,4,768,0,148,8,5,7,1,2,-52,10,519,7843,59,100,1,0,0
941,2,3,768,0,89,5,10,5,1,1,-52,0,1037,7453,25,100,2,0,0
942,7,3,768,0,84,3,12,7,1,1,-70,1,411,4215,17,100,0,0,0
942,4,1,512,10,152,9,5,7,2,1,-61,10,4318,32754,63,100,4,0,0
944,3,1,512,0,137,8,3,7,2,1,-76,5,3227,29254,63,100,5,0,0
945,1,0,256,0,20,0,0,3,0,0,0,10,1770,26668,999,100,2,0,0
943,10,4,768,0,153,9,9,7,2,3,-70,10,1794,18016,58,100,2,0,0
944,14,10,1024,0,156,9,13,7,2,3,-70,8,945,9756,55,100,2,0,0
945,9,4,768,0,151,8,5,7,1,2,-52,10,967,9148,60,100,2,0,0
944,13,9,1024,20,80,4,15,7,1,2,-70,5,730,7480,18,100,1,0,0
948,8,4,768,0,132,7,5,7,1,2,-70,2,1059,17769,60,100,3,0,0
950,2,3,768,0,92,5,10,5,1,1,-52,0,827,9296,26,100,2,0,0
950,3,1,512,0,139,8,3,7,2,1,-76,5,945,12296,63,100,2,0,0
950,14,10,1024,0,161,9,13,7,2,3,-70,7,1134,9877,56,100,2,0,0
950,15,10,1024,0,160,5,8,7,1,2,-52,5,962,14881,50,100,2,0,0
952,9,4,768,0,154,8,5,7,1,2,-52,10,1091,12217,60,100,2,0,0
953,8,4,768,0,133,7,5,7,1,2,-70,2,360,6033,60,100,2,0,0
954,4,1,512,0,156,9,6,7,2,1,-61,10,4444,33395,63,100,4,0,0
952,7,3,768,0,84,3,12,7,1,1,-70,1,613,10032,18,100,2,0,0
954,2,3,768,0,94,5,10,5,1,1,-52,0,488,4342,26,100,2,0,0
955,1,0,256,0,21,0,0,3,0,0,0,10,1383,25712,1003,100,3,0,0
954,10,4,768,0,155,9,9,7,2,3,-70,9,2789,27799,59,100,3,0,0
955,13,9,1024,0,83,4,15,7,1,2,-70,5,1386,11567,18,100,2,0,0
957,15,10,1024,10,163,5,8,7,1,2,-52,5,648,8003,50,100,1,0,0
959,3,1,512,0,141,8,3,7,2,1,-76,5,1757,20143,64,100,1,0,0
960,8,4,768,0,135,7,5,7,1,2,-70,2,681,10858,61,100,1,0,0
961,13,9,1024,0,84,4,15,7,1,2,-70,5,477,4771,18,100,1,0,0
960,10,4,768,0,158,9,9,7,2,3,-70,9,1448,15953,59,100,1,0,0
962,7,3,768,10,88,3,12,7,1,1,-70,1,1042,10059,19,100,3,0,0
962,15,10,1024,10,165,5,8,7,1,2,-52,5,472,6442,51,100,1,0,0
963,4,1,512,0,159,9,7,7,2,1,-61,10,3600,27105,64,100,2,0,0
963,9,4,768,20,156,8,5,7,1,2,-52,10,1572,21921,61,100,2,0,0
963,2,3,768,10,97,5,10,5,1,1,-52,0,941,9820,27,100,2,0,0
966,1,0,256,0,21,0,0,3,0,0,0,10,1820,29456,1011,100,2,0,0
967,15,10,1024,0,166,5,8,7,1,2,-52,5,579,7575,51,100,1,0,0
966,7,3,768,10,89,3,12,7,1,1,-70,1,479,4564,19,100,1,0,0
969,3,1,512,0,144,8,3,7,2,1,-76,5,2162,22700,64,100,3,0,0
969,4,1,512,0,162,9,8,7,2,1,-61,10,2186,16846,64,100,4,0,0
970,8,4,768,0,140,7,5,7,1,2,-70,2,950,15272,61,100,4,0,0
971,1,0,256,0,22,0,0,3,0,0,0,10,710,13137,1012,100,2,0,0
971,10,4,768,0,161,9,9,7,2,3,-70,9,1690,24392,60,100,4,0,0
971,13,9,1024,0,87,4,15,7,1,2,-70,5,1217,11094,19,100,2,0,0
972,2,3,768,0,101,5,10,5,1,1,-52,0,915,9574,28,100,2,0,0
973,9,4,768,10,158,8,5,7,1,2,-52,10,1158,18222,62,100,4,0,0
974,3,1,512,0,144,8,3,7,2,1,-76,5,1035,12341,65,100,1,0,0
975,1,0,256,0,22,0,0,3,0,0,0,10,1026,12863,1019,100,1,0,0
951,5,4,896,80,165,11,2,7,0,2,-52,9,536,9950,63,100,1,0,0
959,5,4,896,90,166,11,2,7,0,2,-52,9,730,16354,63,100,2,0,0
968,5,4,896,90,167,11,2,7,0,2,-52,9,836,22349,64,100,3,0,0
975,8,4,768,10,140,7,5,7,1,2,-70,2,314,7188,62,100,1,0,0
976,13,9,1024,10,90,4,15,7,1,2,-70,5,864,5590,20,100,2,0,0
975,5,4,768,40,169,11,2,7,1,2,-52,9,1132,16437,64,100,2,0,0
977,7,3,768,0,90,3,12,7,1,1,-70,1,859,11808,20,100,2,0,0
979,10,4,768,0,164,9,9,7,2,3,-70,10,1408,18547,60,100,3,0,0
980,8,4,768,0,141,7,5,7,1,2,-70,2,455,8109,62,100,2,0,0
980,4,1,512,0,167,9,9,7,2,1,-61,10,5742,37387,65,100,2,0,0
979,15,10,1024,10,170,6,8,7,1,2,-52,5,1222,15245,52,100,3,0,0
980,2,3,768,0,105,6,10,5,1,1,-52,0,1018,8467,28,100,3,0,0
984,1,0,256,0,23,0,0,3,0,0,0,10,1627,23845,1024,100,3,0,0
984,9,4,768,0,160,8,5,7,1,2,-52,10,1430,22549,62,100,3,0,0
985,10,4,768,10,166,9,9,7,2,3,-70,10,1122,15115,61,100,1,0,0
986,3,1,512,0,148,9,3,7,2,1,-76,5,2828,26832,65,100,3,0,0
984,15,10,1024,0,171,6,8,7,1,2,-52,5,394,6833,52,100,1,0,0
985,5,4,768,0,174,11,2,7,1,2,-52,9,1501,23634,65,100,4,0,0
987,2,3,768,0,110,6,10,5,1,1,-52,0,761,5574,29,100,2,0,0
986,8,4,768,0,143,7,5,7,1,2,-70,2,605,10611,62,100,1,0,0
987,13,9,1024,0,91,4,15,7,1,2,-70,5,811,10873,20,100,2,0,0
986,7,3,768,0,91,4,12,7,1,1,-70,1,601,8530,20,100,1,0,0
988,4,1,512,10,168,9,9,7,2,1,-61,10,3257,27680,66,100,2,0,0
989,1,0,256,0,23,0,0,3,0,0,0,10,1092,15342,1030,100,0,0,0
989,15,10,1024,10,172,6,8,7,1,2,-52,5,587,6013,53,100,1,0,0
988,9,4,768,0,163,8,5,7,1,2,-52,10,1038,8975,63,100,1,0,0
992,8,4,768,0,146,7,5,7,1,2,-70,2,653,9303,63,100,2,0,0
994,1,0,256,0,24,0,0,3,0,0,0,10,685,11269,1033,100,2,0,0
994,3,1,512,10,151,9,3,7,2,1,-76,5,2667,20414,66,100,3,0,0
994,4,1,512,20,170,10,10,7,2,1,-61,10,2205,18673,66,100,2,0,0
993,15,10,1024,0,172,6,8,7,1,2,-52,5,251,5764,53,100,0,0,0
994,2,3,768,10,111,6,10,5,1,1,-52,0,461,7764,29,100,1,0,0
993,13,9,1024,10,93,4,15,7,1,2,-70,5,1032,8553,21,100,1,0,0
996,10,4,768,0,169,9,9,7,2,3,-70,10,1857,27680,61,100,3,0,0
997,8,4,768,10,148,7,5,7,1,2,-70,2,494,6662,63,100,1,0,0
997,5,4,768,0,175,11,2,7,1,2,-52,9,616,25202,66,100,2,0,0
998,2,3,768,0,113,6,10,5,1,1,-52,0,605,4403,29,100,2,0,0
998,7,3,768,0,93,4,12,7,1,1,-70,1,962,11984,21,100,2,0,0
997,13,9,1024,0,94,4,15,7,1,2,-70,5,392,4119,21,100,1,0,0
1000,3,1,512,10,152,10,3,7,2,1,-76,5,1391,14513,66,100,1,0,0
1000,9,4,768,10,168,8,5,7,1,2,-52,10,2155,22992,63,100,3,0,0
1002,1,0,256,0,24,0,0,3,0,0,0,10,1214,21472,1035,100,2,0,0
1001,15,10,1024,0,175,6,8,7,1,2,-52,5,754,10337,53,100,2,0,0
1001,13,9,1024,0,94,4,15,7,1,2,-70,5,186,4031,21,100,0,0,0
1002,5,4,768,0,177,11,2,7,1,2,-52,9,491,12464,66,100,2,0,0
1003,10,4,768,0,172,9,9,7,2,3,-70,10,1427,18587,62,100,1,0,0
1006,2,3,768,0,113,6,10,5,1,1,-52,0,366,6545,30,100,1,0,0
1005,8,4,768,10,151,7,5,7,1,2,-70,2,918,12427,64,100,2,0,0
1005,4,1,512,10,173,10,11,7,2,1,-61,10,4537,35108,67,100,3,0,0
1006,3,1,512,0,152,10,3,7,2,1,-76,5,1560,14782,67,100,1,0,0
1006,9,4,768,0,168,8,6,7,1,2,-52,10,943,12256,64,100,2,0,0
1007,5,4,768,10,178,11,2,7,1,2,-52,8,559,12352,67,100,1,0,0
1008,13,9,1024,0,97,4,15,7,1,2,-70,5,862,7523,22,100,2,0,0
1010,7,3,768,0,98,4,12,7,1,1,-70,1,1470,12641,22,100,2,0,0
1009,8,4,768,0,152,7,5,7,1,2,-70,2,391,6707,64,100,1,0,0
1010,1,0,256,0,25,0,0,3,0,0,0,10,1482,23218,1043,100,2,0,0
1012,3,1,512,0,156,11,3,7,2,1,-76,5,1496,14225,67,100,1,0,0
1014,2,3,768,0,115,6,10,5,1,1,-52,0,676,7690,30,100,1,0,0
1012,15,10,1024,0,175,6,8,7,1,2,-52,5,515,13582,54,100,2,0,0
991,6,10,1152,60,137,11,4,5,0,4,-70,0,278,11910,59,100,2,0,0
1001,6,10,1152,70,138,11,4,5,0,4,-70,0,826,12886,59,100,3,0,0
1013,10,4,768,0,174,9,9,7,2,3,-70,10,2310,26981,63,100,2,0,0
1015,1,0,256,0,25,0,0,3,0,0,0,10,864,13115,1046,100,1,0,0
1015,4,1,512,30,175,11,11,7,2,1,-61,9,4261,32022,67,100,2,0,0
1011,6,10,1152,70,140,11,4,5,1,4,-70,0,907,11656,60,100,3,0,0
983,17,13,1408,80,115,8,7,7,0,4,-70,2,1010,12430,47,100,3,0,0
989,17,13,1408,100,116,8,7,7,0,4,-70,2,818,6877,47,100,1,0,0
1018,3,1,512,20,158,11,3,7,2,1,-76,5,1335,12814,68,100,1,0,0
996,17,13,1408,100,117,8,7,7,0,4,-70,2,636,9533,48,100,2,0,0
1018,7,3,768,0,101,4,12,7,1,1,-70,1,778,9053,22,100,2,0,0
1017,5,4,768,0,181,11,2,7,1,2,-52,7,1127,22460,67,100,2,0,0
1016,13,9,1024,50,100,4,15,7,1,2,-70,5,1769,12178,22,100,1,0,0
1018,9,4,768,10,170,8,6,7,1,2,-52,10,2004,22849,65,100,3,0,0
1006,17,13,1408,90,118,8,7,7,0,4,-70,2,814,10987,49,100,2,0,0
1019,8,4,768,20,156,7,5,7,1,2,-70,2,752,14456,64,100,2,0,0
1018,15,10,1024,10,178,6,8,7,1,2,-52,5,607,7770,54,100,1,0,0
1012,17,13,1280,70,119,8,7,7,1,4,-70,2,819,8653,49,100,1,0,0
1021,2,3,768,0,118,6,10,5,1,1,-52,0,751,8374,31,100,2,0,0
1021,1,0,256,0,26,0,0,3,0,0,0,10,1716,18327,1055,100,2,0,0
1021,10,4,768,20,176,9,9,7,1,3,-70,10,2341,21160,63,100,2,0,0
1022,4,1,512,20,176,11,11,7,2,1,-61,10,4566,24368,68,100,1,0,0
1016,22,17,1536,0,149,9,6,7,1,4,-52,1,687,10991,48,100,1,0,0
1022,7,3,768,20,102,4,12,7,1,1,-70,1,419,4569,23,100,1,0,0
1024,8,4,768,0,156,7,5,7,1,2,-70,2,604,8747,65,100,1,0,0
1021,6,10,1024,20,144,11,4,5,1,4,-70,0,1590,14880,61,100,3,0,0
1024,17,13,1280,20,123,8,7,7,1,4,-70,2,2079,16571,50,100,4,0,0
1023,22,17,1536,0,151,9,6,7,1,4,-52,1,799,11467,48,100,3,0,0
1026,5,4,768,0,186,11,2,7,1,2,-52,7,1153,22146,68,100,2,0,0
1027,3,1,512,20,160,11,3,7,1,1,-76,5,2568,22553,68,100,2,0,0
1027,9,4,768,10,172,8,6,7,1,2,-52,10,2122,19430,65,100,2,0,0
994,12,7,1152,80,126,6,4,7,0,2,-52,2,469,12104,54,100,1,0,0
1027,10,4,768,10,177,9,9,7,1,3,-70,10,1368,19021,64,100,1,0,0
1029,1,0,256,0,27,0,0,3,0,0,0,10,1832,20946,1062,100,3,0,0
1027,7,3,768,40,104,4,12,7,1,1,-70,1,1029,7274,23,100,0,0,0
1026,6,10,1024,10,147,11,4,5,1,4,-70,0,865,7316,61,100,2,0,0
1027,13,9,1024,0,102,4,15,7,1,2,-70,5,2667,20375,23,100,2,0,0
1029,15,10,1024,10,182,6,8,7,1,2,-52,5,939,14369,55,100,2,0,0
1031,4,1,512,50,178,11,11,7,1,1,-61,10,4511,28940,68,100,3,0,0
996,19,13,1408,90,148,8,14,7,0,3,-70,7,985,12182,46,100,1,0,0
998,12,7,1152,90,126,6,4,7,0,2,-52,2,217,6696,54,100,1,0,0
1006,19,13,1408,90,151,8,14,7,0,3,-70,7,1240,17869,46,100,2,0,0
1018,12,7,1152,90,127,6,4,7,0,2,-52,2,380,8119,55,100,2,0,0
1011,19,13,1408,100,153,8,14,7,0,3,-70,7,648,9397,47,100,1,0,0
1033,13,9,1024,50,103,4,15,7,1,2,-70,5,2329,13160,23,100,1,0,0
1034,10,4,768,40,179,9,9,7,1,3,-70,10,2460,23139,64,100,3,0,0
1034,5,4,768,0,190,11,2,7,1,2,-52,7,839,16267,68,100,2,0,0
1026,16,10,1152,70,170,7,5,7,0,3,-70,4,254,3878,55,100,0,0,0
1037,3,1,512,100,169,11,3,7,2,1,-76,5,4292,26274,69,100,3,0,0
1031,7,3,768,50,105,4,12,7,1,1,-70,1,1645,7370,23,100,1,0,0
1033,16,10,1024,50,172,7,5,7,1,3,-70,4,1271,7511,55,100,2,0,0
1032,2,3,768,20,122,6,10,5,1,1,-52,0,1013,10344,32,100,3,0,0
1031,19,13,1280,50,158,8,14,7,1,3,-70,7,2790,20382,48,100,2,0,0
1033,6,10,1024,10,148,11,4,5,1,4,-70,0,641,8590,61,100,1,0,0
1028,12,7,1024,10,129,6,4,7,1,2,-52,2,1634,15052,56,100,2,0,0
1038,9,4,768,90,173,8,6,7,1,2,-52,10,2972,21071,66,100,2,0,0
1036,7,3,768,0,106,4,12,7,1,1,-70,1,1210,7725,23,100,1,0,0
1037,12,7,1024,0,132,6,4,7,1,2,-52,2,803,11436,57,100,3,0,0
1039,5,4,768,0,193,11,2,7,1,2,-52,7,717,11181,69,100,1,0,0
1029,30,24,1792,0,122,9,7,6,1,4,-70,0,925,12014,40,100,2,0,0
1040,1,0,256,0,27,0,0,3,0,0,0,10,3257,32460,1077,100,2,0,0
1036,15,10,1024,0,183,6,8,7,1,2,-52,5,603,9070,56,100,2,0,0
1041,4,1,512,80,184,11,11,7,2,1,-61,10,6655,35764,69,100,4,0,0
1039,8,4,768,0,161,7,5,7,1,2,-70,2,625,13454,66,100,1,0,0
1032,29,23,1792,0,147,11,4,7,1,4,-70,0,366,4868,54,100,1,0,0
1032,24,19,1536,0,179,10,3,7,1,4,-52,1,1052,13608,58,100,2,0,0
1042,2,3,768,10,123,7,10,5,1,1,-52,0,782,10721,32,100,2,0,0
1038,6,10,1024,0,153,11,4,5,1,4,-70,0,1085,8079,62,100,2,0,0
1035,22,17,1536,0,155,9,6,7,1,4,-52,1,523,7488,49,100,1,0,0
1043,9,4,768,20,174,8,6,7,2,2,-52,10,2225,14272,66,100,2,0,0
1035,23,19,1536,20,152,11,7,7,1,4,-70,3,1781,14740,54,100,2,0,0
1042,10,4,768,20,183,9,9,7,1,3,-70,10,2943,25740,65,100,1,0,0
1043,13,9,1024,70,106,4,16,7,1,2,-70,5,3384,18944,24,100,2,0,0
1045,5,1,512,0,196,13,2,7,2,3,-76,7,1066,14481,69,100,1,0,0
1035,17,13,1280,0,128,8,7,7,1,4,-70,2,2460,17833,51,100,2,0,0
1044,7,3,768,0,108,5,12,7,1,1,-70,1,1655,12391,24,100,1,0,0
1042,15,10,1024,0,185,6,8,7,1,2,-52,5,499,7258,56,100,1,0,0
1040,30,24,1792,0,124,9,7,6,1,4,-70,0,797,11367,41,100,2,0,0
1044,16,10,1024,10,177,7,5,7,1,3,-70,4,1419,12171,56,100,4,0,0
1044,6,10,1024,0,153,11,4,5,1,4,-70,0,358,7650,62,100,1,0,0
1040,29,23,1792,0,149,11,4,7,1,4,-70,0,548,7376,54,100,1,0,0
1047,1,0,256,0,27,0,0,3,0,0,0,10,1700,19837,1086,100,1,0,0
1042,19,13,1280,30,161,8,14,7,1,3,-70,7,3180,27960,49,100,2,0,0
1048,3,1,512,10,172,11,3,7,2,1,-76,5,4591,29412,69,100,4,0,0
1048,8,4,768,0,164,7,5,7,1,2,-70,2,1011,14063,66,100,2,0,0
1047,13,9,1024,80,107,4,16,7,1,2,-70,5,1799,9783,24,100,2,0,0
1050,16,10,1024,0,179,7,5,7,1,3,-70,4,633,6206,56,100,1,0,0
1050,10,4,768,20,185,9,9,7,1,3,-70,10,2353,26347,65,100,2,0,0
1049,7,3,768,20,109,5,12,7,1,1,-70,1,826,7707,24,100,1,0,0
1050,2,3,768,0,124,7,10,5,1,1,-52,0,678,8745,33,100,1,0,0
1048,12,7,1024,10,135,6,4,7,1,2,-52,2,1097,14204,58,100,3,0,0
1052,4,1,512,0,186,11,11,7,2,1,-61,10,6848,40844,70,100,3,0,0
1053,9,4,768,0,177,8,6,7,2,2,-52,10,3772,28078,67,100,3,0,0
1052,11,5,768,0,189,13,3,7,1,5,-70,7,504,14864,62,100,0,0,0
1045,29,23,1792,10,151,11,4,7,1,4,-70,0,1000,6295,55,100,1,0,0
1046,17,13,1280,20,129,8,7,7,1,4,-70,1,1222,13870,51,100,3,0,0
1054,1,0,256,0,27,0,0,3,0,0,0,10,1949,21304,1099,100,1,0,0
1053,15,10,1024,10,191,6,8,7,1,2,-52,5,1388,15137,57,100,2,0,0
1055,3,1,512,0,174,11,3,7,2,1,-76,5,2279,17780,70,100,2,0,0
1055,5,1,512,0,201,14,2,7,2,3,-76,7,1812,24390,70,100,4,0,0
1054,16,10,1024,0,180,7,5,7,1,3,-70,4,714,5519,57,100,1,0,0
1049,30,24,1792,0,127,9,7,6,1,4,-70,0,952,8138,41,100,2,0,0
1056,8,4,768,0,166,7,5,7,1,2,-70,2,741,13272,67,100,1,0,0
1051,19,13,1280,40,163,8,14,7,1,3,-70,7,3014,21042,49,100,3,0,0
1058,15,10,1024,0,193,6,8,7,1,2,-52,5,526,6958,57,100,1,0,0
1056,6,5,768,0,157,13,4,5,1,5,-52,0,1319,16139,63,100,3,0,0
1059,2,3,768,0,128,7,10,5,1,1,-52,0,820,10851,33,100,4,0,0
1059,13,9,1024,60,110,4,16,7,1,2,-70,7,3766,26270,25,100,2,0,0
1060,11,5,768,0,192,14,3,7,1,5,-70,7,1250,14890,62,100,2,0,0
1060,16,11,1024,0,183,8,5,7,1,4,-52,4,593,6010,57,100,2,0,0
1058,7,3,768,0,111,5,12,7,1,1,-70,1,1518,12920,25,100,2,0,0
1052,22,17,1536,0,160,9,6,7,1,4,-52,0,619,9888,50,100,1,0,0
1061,10,4,768,0,186,9,9,7,1,3,-70,10,2156,32478,66,100,1,0,0
1048,23,19,1536,10,153,11,7,7,1,4,-70,3,1217,9092,55,100,1,0,0
1059,12,7,1024,0,138,6,4,7,1,2,-52,2,884,12954,58,100,2,0,0
1061,8,4,768,0,166,7,5,7,1,2,-70,2,397,6953,67,100,1,0,0
1057,17,13,1280,0,131,8,7,7,1,4,-70,1,1906,15769,52,100,2,0,0
1062,9,4,768,0,181,8,6,7,2,2,-52,10,3029,23678,67,100,1,0,0
1063,4,1,512,10,187,11,11,7,2,1,-61,10,5011,34491,70,100,3,0,0
1062,15,10,1024,0,195,6,8,7,1,2,-52,5,475,6549,57,100,1,0,0
1064,5,1,512,0,202,14,2,7,2,3,-76,9,2025,23279,70,100,2,0,0
1064,3,1,512,0,175,11,3,7,2,1,-76,5,2594,22895,71,100,2,0,0
1064,7,3,768,0,112,5,12,7,1,1,-70,1,1143,8209,25,100,1,0,0
1062,22,17,1536,10,162,9,6,7,1,4,-52,0,766,12738,51,100,1,0,0
1065,1,0,256,0,27,0,0,3,0,0,0,10,3023,34218,1112,100,2,0,0
1065,10,4,768,0,187,9,9,7,1,3,-70,10,751,13840,66,100,1,0,0
1064,11,5,768,20,194,14,3,7,1,5,-70,8,868,9819,62,100,1,0,0
1065,2,3,768,10,130,7,10,5,1,1,-52,0,582,7914,34,100,1,0,0
1069,5,1,512,10,203,14,2,7,2,3,-76,9,1514,14259,71,100,0,0,0
1066,6,5,768,10,158,13,4,5,1,5,-52,0,755,10643,64,100,3,0,0
1068,16,11,1024,0,187,9,5,7,1,4,-52,4,1079,8412,57,100,2,0,0
1068,9,4,768,10,184,8,7,7,2,2,-52,10,1594,13561,68,100,4,0,0
1069,8,4,768,10,168,7,5,7,1,2,-70,2,780,11486,68,100,3,0,0
1068,7,3,768,20,113,5,12,7,1,1,-70,1,665,6090,26,100,1,0,0
1068,13,9,1024,10,112,4,16,7,1,2,-70,7,2051,18909,26,100,1,0,0
1068,11,5,768,0,196,14,3,7,1,5,-70,8,1750,10911,63,100,2,0,0
1069,17,13,1280,10,134,8,7,7,1,4,-70,1,1403,14694,53,100,2,0,0
1067,12,7,1024,0,141,6,4,7,1,2,-52,2,946,10658,59,100,1,0,0
1071,2,3,768,0,135,7,10,5,1,1,-52,0,736,7311,34,100,1,0,0
1072,4,1,512,20,191,11,11,7,2,1,-61,10,3456,30371,71,100,4,0,0
1072,12,7,1024,0,143,6,4,7,1,2,-52,2,499,6622,59,100,1,0,0
1073,6,5,768,0,161,13,4,5,1,5,-52,0,702,10140,64,100,1,0,0
1072,10,4,768,20,193,9,9,7,1,3,-70,10,1244,20794,67,100,3,0,0
1073,11,5,768,0,197,14,3,7,1,5,-70,8,917,11522,63,100,1,0,0
1074,1,0,256,0,27,0,0,3,0,0,0,10,1844,24174,1118,100,2,0,0
1070,15,10,1024,20,197,6,9,7,1,2,-52,6,880,9114,58,100,2,0,0
1074,8,4,768,0,170,8,5,7,1,2,-70,2,794,8681,68,100,2,0,0
1028,14,9,1152,80,171,11,13,7,0,4,-52,7,930,11431,61,100,3,0,0
1072,22,17,1536,0,166,9,6,7,1,4,-52,0,1071,15408,52,100,2,0,0
1040,14,9,1152,90,171,11,13,7,0,4,-52,7,509,16721,62,100,2,0,0
1051,14,9,1152,90,174,11,13,7,0,4,-52,7,756,14381,62,100,1,0,0
1076,3,1,512,0,180,11,3,7,2,1,-76,5,3697,29210,71,100,4,0,0
1076,4,1,512,0,191,11,11,7,2,1,-61,10,2309,14769,71,100,0,0,0
1076,15,10,1024,0,199,6,9,7,1,2,-52,6,842,6953,58,100,1,0,0
1056,14,9,1152,80,175,11,13,7,0,4,-52,7,547,7526,63,100,3,0,0
1077,5,1,512,0,205,14,2,7,2,3,-76,9,2482,22912,71,100,3,0,0
1065,14,9,1152,100,175,11,13,7,0,4,-52,7,390,12221,63,100,2,0,0
1076,7,3,768,0,117,5,12,7,1,1,-70,1,1541,11933,26,100,1,0,0
1076,12,7,1024,0,143,6,4,7,1,2,-52,2,260,5020,59,100,1,0,0
1074,14,9,1152,90,177,11,13,7,0,4,-52,7,472,11795,64,100,4,0,0
1076,13,9,1024,10,115,4,16,7,1,2,-70,7,2064,16307,26,100,2,0,0
1078,9,4,768,0,185,9,7,7,2,2,-52,10,3524,25113,69,100,1,0,0
1078,14,9,1024,0,178,11,13,7,1,4,-52,7,1508,10138,64,100,2,0,0
1079,16,11,1024,0,192,10,5,7,1,4,-52,4,1310,15462,58,100,4,0,0
1076,17,13,1280,10,135,8,7,7,1,4,-70,1,1333,11091,53,100,2,0,0
1075,22,17,1536,10,167,9,6,7,1,4,-52,0,453,5704,52,100,1,0,0
1081,1,0,256,0,27,0,0,3,0,0,0,10,1786,20198,1129,100,1,0,0
1081,10,4,768,10,193,9,9,7,1,3,-70,10,1350,25152,67,100,2,0,0
1082,2,3,768,0,139,7,10,5,1,1,-52,0,1172,14597,35,100,3,0,0
1081,15,10,1024,30,203,6,9,7,1,2,-52,7,1078,6509,59,100,1,0,0
1082,22,17,1536,0,169,9,6,7,1,4,-52,0,689,10114,52,100,1,0,0
1083,9,4,768,0,188,9,7,7,2,2,-52,10,2162,16879,69,100,1,0,0
1085,6,5,768,0,166,13,4,5,1,5,-52,0,1173,14543,65,100,3,0,0
1085,11,5,768,10,201,14,3,7,1,5,-70,8,1573,23901,64,100,3,0,0
1085,7,3,768,0,119,5,12,7,1,1,-70,1,1677,13235,27,100,2,0,0
1085,12,7,1024,0,147,6,4,7,1,2,-52,2,1066,12353,60,100,3,0,0
1086,4,1,512,10,196,11,11,7,2,1,-61,10,5221,33366,72,100,2,0,0
1085,8,4,768,0,173,8,5,7,1,2,-70,2,852,17111,69,100,2,0,0
1087,5,1,512,0,208,14,2,7,2,3,-76,9,2924,26197,72,100,2,0,0
1086,15,10,1024,0,206,6,9,7,1,2,-52,7,739,5560,59,100,1,0,0
1088,3,1,512,10,182,11,3,7,2,1,-76,5,3296,27970,72,100,3,0,0
1086,13,9,1024,10,117,4,16,7,1,2,-70,7,1798,17424,27,100,2,0,0
1088,1,0,256,0,27,0,0,3,0,0,0,10,1714,21851,1139,100,1,0,0
1088,14,9,1024,0,182,11,13,7,1,4,-52,7,1086,15390,65,100,3,0,0
1090,11,5,768,10,202,14,3,7,1,5,-70,8,689,10393,64,100,1,0,0
1090,16,11,1024,0,195,10,5,7,1,4,-52,4,1123,15753,59,100,3,0,0
1088,17,13,1280,10,136,8,7,7,1,4,-70,1,1925,16284,54,100,2,0,0
1090,15,10,1024,0,207,6,9,7,1,2,-52,7,903,6906,59,100,1,0,0
1091,2,3,768,0,140,7,10,5,1,1,-52,0,629,10054,35,100,2,0,0
1088,22,17,1536,0,170,9,6,7,1,4,-52,0,580,9798,53,100,1,0,0
1093,5,1,512,0,210,14,2,7,2,3,-76,9,1468,15904,72,100,1,0,0
1092,6,5,768,0,168,13,4,5,1,5,-52,0,630,8936,65,100,1,0,0
1093,8,4,768,10,177,8,5,7,1,2,-70,2,991,12829,69,100,2,0,0
1093,10,4,768,20,196,9,9,7,1,3,-70,10,2599,36726,68,100,3,0,0
1093,9,4,768,0,194,9,7,7,2,2,-52,10,2835,27623,70,100,2,0,0
1094,3,1,512,10,182,11,3,7,2,1,-76,5,1394,15449,73,100,1,0,0
1094,7,3,768,10,124,5,12,7,1,1,-70,1,1879,14426,27,100,1,0,0
1094,13,9,1024,0,119,4,16,7,2,2,-70,7,1484,14513,27,100,2,0,0
1095,14,9,1024,0,184,11,13,7,1,4,-52,7,502,10289,65,100,1,0,0
1096,15,10,1024,10,209,6,9,7,1,2,-52,7,845,7608,60,100,1,0,0
1097,4,1,512,0,197,11,11,7,2,1,-61,10,5052,36656,73,100,3,0,0
1097,11,5,768,0,204,14,3,7,1,5,-70,8,1022,14136,65,100,2,0,0
1098,1,0,256,0,27,0,0,3,0,0,0,10,2450,29140,1154,100,2,0,0
1098,8,4,768,0,178,8,5,7,1,2,-70,2,503,8079,70,100,1,0,0
1098,2,3,768,10,141,7,10,5,1,1,-52,0,486,9378,36,100,1,0,0
1097,22,17,1536,10,171,9,6,7,1,4,-52,0,537,13386,53,100,2,0,0
1096,12,7,1024,0,151,6,4,7,1,2,-52,2,1100,16430,61,100,3,0,0
1099,10,4,768,0,197,9,9,7,1,3,-70,10,988,18636,68,100,1,0,0
1100,17,13,1280,0,140,8,7,7,1,4,-70,1,1826,15391,55,100,2,0,0
1101,6,5,768,0,171,13,4,5,1,5,-52,0,964,10887,66,100,2,0,0
1101,5,1,512,10,210,14,2,7,2,3,-76,9,1791,21573,73,100,1,0,0
1102,4,1,512,10,199,11,11,7,2,1,-61,10,1986,15741,73,100,1,0,0
1101,13,9,1024,0,120,4,16,7,2,2,-70,7,1452,12162,28,100,3,0,0
1103,2,3,768,0,142,7,10,5,1,1,-52,0,474,5398,36,100,1,0,0
1103,1,0,256,0,27,0,0,3,0,0,0,10,901,12666,1157,100,1,0,0
1102,16,11,1024,0,197,10,5,7,1,4,-52,4,862,14783,60,100,2,0,0
1103,9,4,768,0,196,9,8,7,2,2,-52,10,2445,25531,70,100,3,0,0
1104,3,1,512,0,184,11,3,7,2,1,-76,5,2930,25033,73,100,2,0,0
1104,22,17,1536,0,172,9,6,7,1,4,-52,0,498,10529,54,100,1,0,0
1105,14,9,1024,0,186,11,13,7,1,4,-52,7,744,14870,66,100,3,0,0
1106,11,5,768,0,209,14,3,7,1,5,-70,8,1412,19178,65,100,2,0,0
1106,7,3,768,0,131,5,12,7,1,1,-70,1,2475,20564,28,100,4,0,0
1107,12,7,1024,0,152,7,4,7,1,2,-52,2,660,15530,61,100,3,0,0
1107,17,13,1280,20,141,8,7,7,1,4,-70,1,1046,9626,55,100,1,0,0
1108,10,4,768,10,201,9,9,7,1,3,-70,10,1571,24464,69,100,2,0,0
1108,4,1,512,40,200,11,11,7,2,1,-61,10,2442,19794,73,100,1,0,0
1109,16,11,1024,0,198,10,5,7,1,4,-52,4,774,12866,60,100,1,0,0
1107,15,10,1024,0,211,6,9,7,1,2,-52,7,876,17029,60,100,2,0,0
1109,8,4,768,30,182,8,5,7,1,2,-70,2,986,16074,71,100,2,0,0
1110,5,1,512,0,211,14,2,7,2,3,-76,9,2081,24934,73,100,2,0,0
1110,14,9,1024,0,187,11,13,7,1,4,-52,7,394,6674,66,100,1,0,0
1111,2,3,768,0,148,7,10,5,1,1,-52,0,1051,11312,37,100,2,0,0
1111,6,5,768,0,176,13,4,5,1,5,-52,0,1138,14595,67,100,3,0,0
1112,3,1,512,10,186,11,3,7,2,1,-76,5,2185,21262,74,100,2,0,0
1112,13,9,1024,0,122,4,16,7,2,2,-70,7,1698,18029,29,100,1,0,0
1113,7,3,768,20,132,5,12,7,1,1,-70,1,1227,12263,29,100,2,0,0
1112,22,17,1536,0,173,9,6,7,1,4,-52,0,514,11432,54,100,2,0,0
1114,11,5,768,20,211,14,3,7,1,5,-70,8,1262,17690,66,100,2,0,0
1112,12,7,1024,0,153,7,4,7,1,2,-52,2,559,7948,62,100,1,0,0
1114,16,11,1024,0,199,10,5,7,1,4,-52,4,426,5883,61,100,1,0,0
1115,1,0,256,0,27,0,0,3,0,0,0,10,2842,34628,1172,100,2,0,0
1113,17,13,1280,10,141,8,7,7,1,4,-70,1,1237,9718,56,100,2,0,0
1115,9,4,768,0,197,9,8,7,2,2,-52,10,3007,28388,71,100,2,0,0
1116,8,4,768,0,184,8,5,7,1,2,-70,2,872,10463,71,100,1,0,0
1115,10,4,768,10,206,9,9,7,1,3,-70,9,1671,23334,70,100,2,0,0
1117,4,1,512,20,203,11,11,7,2,1,-61,10,4753,30182,74,100,2,0,0
1118,3,1,512,0,188,11,3,7,2,1,-76,5,1451,12625,74,100,1,0,0
1116,14,9,1024,0,189,11,13,7,1,4,-52,7,780,10599,67,100,1,0,0
1118,5,1,512,0,213,14,2,7,2,3,-76,9,1925,21526,74,100,2,0,0
1119,2,3,768,0,150,7,10,5,1,1,-52,0,620,9078,37,100,2,0,0
1117,22,17,1536,0,175,9,6,7,1,4,-52,0,612,7754,55,100,1,0,0
1119,15,10,1024,10,213,6,9,7,1,2,-52,7,945,17729,61,100,2,0,0
1120,6,5,768,0,179,13,4,5,1,5,-52,0,985,11754,67,100,2,0,0
1122,14,9,1024,0,192,11,13,7,1,4,-52,7,602,8990,67,100,2,0,0
1121,17,13,1280,10,142,8,7,7,1,4,-70,1,1066,10794,56,100,1,0,0
1121,22,17,1536,10,175,9,6,7,1,4,-52,0,330,6637,55,100,0,0,0
1124,1,0,256,0,27,0,0,3,0,0,0,10,1836,24841,1177,100,2,0,0
1123,11,5,768,0,214,14,3,7,1,5,-70,8,1396,19713,66,100,2,0,0
1123,7,3,768,0,134,5,12,7,1,1,-70,1,1240,17351,29,100,3,0,0
1125,16,11,1024,0,201,10,5,7,1,4,-52,4,1199,15191,61,100,2,0,0
1123,12,7,1024,0,159,7,4,7,1,2,-52,2,1306,17513,63,100,2,0,0
1124,13,9,1024,0,124,4,16,7,2,2,-70,6,2991,21715,29,100,4,0,0
1124,10,4,768,20,208,9,9,7,1,3,-70,9,1549,24717,70,100,2,0,0
1125,3,1,512,10,191,11,3,7,2,1,-76,5,2174,17945,75,100,1,0,0
1123,15,10,1024,10,215,6,10,7,1,2,-52,7,525,6238,61,100,1,0,0
1126,8,4,768,0,187,8,5,7,1,2,-70,2,927,15847,72,100,3,0,0
1127,2,3,768,10,150,7,10,5,1,1,-52,0,392,9594,38,100,1,0,0
1127,9,4,768,0,199,9,8,7,1,2,-52,10,2760,27273,72,100,3,0,0
1128,1,0,256,0,27,0,0,3,0,0,0,10,1192,12456,1187,100,1,0,0
1129,6,5,768,0,180,13,4,5,1,5,-52,0,638,9431,68,100,1,0,0
1129,4,1,512,10,206,11,11,7,2,1,-61,10,4966,38082,75,100,2,0,0
1129,5,1,512,0,219,14,2,7,2,3,-76,9,3105,27376,75,100,3,0,0
1128,10,4,768,20,209,9,9,7,1,3,-70,9,834,12144,70,100,1,0,0
1128,13,9,1024,20,125,4,16,7,2,2,-70,6,601,7653,30,100,0,0,0
1130,7,3,768,0,134,5,12,7,1,1,-70,1,888,11264,30,100,1,0,0
1128,17,13,1280,0,146,8,7,7,1,4,-70,1,1369,9991,57,100,2,0,0
1129,16,11,1024,10,202,10,5,7,1,4,-52,4,316,7980,62,100,1,0,0
1130,14,9,1024,0,195,12,13,7,1,4,-52,7,785,12088,68,100,2,0,0
1130,12,7,1024,10,161,7,4,7,1,2,-52,2,706,10378,63,100,1,0,0
1131,15,10,1024,0,216,6,10,7,1,2,-52,7,792,11254,62,100,2,0,0
1131,11,5,768,10,216,14,3,7,1,5,-70,8,1524,16797,67,100,3,0,0
1131,22,17,1536,0,179,9,6,7,1,4,-52,0,854,14506,56,100,2,0,0
1133,3,1,512,0,193,11,3,7,2,1,-76,5,1702,18590,75,100,1,0,0
1134,1,0,256,0,27,0,0,3,0,0,0,10,1266,17794,1191,100,1,0,0
1133,2,3,768,0,150,7,10,5,1,1,-52,0,402,8252,38,100,1,0,0
1136,11,5,768,0,217,14,3,7,1,5,-70,8,648,9237,67,100,1,0,0
1135,13,9,1024,0,128,5,16,7,2,2,-70,6,1768,11800,30,100,2,0,0
1135,17,13,1280,0,147,8,7,7,1,4,-70,2,1160,9920,57,100,2,0,0
1135,22,17,1536,0,181,9,6,7,1,4,-52,0,736,6871,56,100,3,0,0
1136,12,7,1024,0,164,7,4,7,1,2,-52,2,708,8654,63,100,2,0,0
1137,10,4,768,0,209,9,9,7,1,3,-70,9,1067,23686,71,100,1,0,0
1102,18,13,1408,90,145,8,7,7,0,3,-52,2,217,6359,61,100,1,0,0
1137,8,4,768,20,190,8,5,7,1,2,-70,2,738,17231,72,100,2,0,0
1139,4,1,512,40,210,11,11,7,2,1,-61,10,4535,29902,75,100,2,0,0
1139,5,1,512,0,224,14,2,7,2,3,-76,9,2840,26545,75,100,3,0,0
1139,9,4,768,20,204,9,8,7,1,2,-52,10,3841,29273,73,100,4,0,0
1137,14,9,1024,0,199,12,13,7,1,4,-52,7,709,10257,68,100,2,0,0
1140,1,0,256,0,27,0,0,3,0,0,0,10,1738,18464,1200,100,1,0,0
1139,15,10,1024,10,219,6,10,7,1,2,-52,7,929,14393,62,100,2,0,0
1140,6,5,768,0,182,13,4,5,1,5,-52,0,868,13928,69,100,2,0,0
1141,11,5,768,10,218,14,3,7,1,5,-70,8,667,10875,68,100,1,0,0
1113,18,13,1408,90,146,8,7,7,0,3,-52,2,314,12095,62,100,2,0,0
1123,18,13,1408,100,146,8,7,7,0,3,-52,2,442,10935,62,100,1,0,0
1141,16,11,1024,0,206,10,5,7,1,4,-52,4,1175,15492,62,100,4,0,0
1141,7,3,768,30,138,5,12,7,1,1,-70,3,2916,22520,31,100,3,0,0
1142,13,9,1024,0,131,5,16,7,2,2,-70,6,1374,12577,31,100,1,0,0
1143,5,1,512,10,225,14,2,7,2,3,-76,9,1896,12499,76,100,0,0,0
1144,8,4,768,0,192,8,5,7,1,2,-70,2,757,10844,73,100,1,0,0
1144,3,1,512,30,197,11,3,7,2,1,-76,7,4286,29776,76,100,2,0,0
1145,1,0,256,0,27,0,0,3,0,0,0,10,1343,14267,1207,100,1,0,0
1144,14,9,1024,10,203,12,13,7,1,4,-52,7,868,11480,69,100,2,0,0
1135,18,13,1408,100,149,8,8,7,0,3,-52,2,682,13455,63,100,3,0,0
1138,24,18,1664,0,213,13,4,7,1,5,-70,0,1143,13858,64,100,3,0,0
1146,9,4,768,0,209,9,8,7,1,2,-52,10,2323,17584,73,100,1,0,0
1146,6,5,768,0,183,13,4,5,1,5,-52,0,391,7107,69,100,1,0,0
1144,2,3,768,10,152,7,10,5,1,1,-52,0,802,13765,39,100,2,0,0
1144,24,18,1664,30,217,13,4,7,1,5,-70,0,1707,11362,64,100,2,0,0
1145,12,7,1024,0,167,7,4,7,1,2,-52,4,2759,21006,64,100,2,0,0
1146,18,12,1280,0,155,10,8,7,1,4,-70,3,2912,17714,64,100,5,0,0
1147,7,3,768,0,140,5,12,7,1,1,-70,3,1880,11988,31,100,1,0,0
1148,10,4,768,0,211,9,9,7,1,3,-70,9,1644,30169,72,100,2,0,0
1148,13,9,1024,0,134,5,16,7,2,2,-70,6,757,10732,31,100,2,0,0
1149,5,1,569,0,226,14,2,7,2,3,-76,9,1257,15144,76,100,3,0,0
1150,16,11,1024,0,210,10,5,7,1,4,-52,4,921,11236,63,100,2,0,0
1150,3,1,512,0,199,11,3,7,2,1,-76,7,3204,17434,76,100,2,0,0
1150,4,1,512,0,214,11,11,7,2,1,-61,10,5346,32618,76,100,2,0,0
1150,11,5,768,0,222,14,3,7,1,5,-70,8,1785,20959,68,100,2,0,0
1152,8,4,768,0,195,8,5,7,1,2,-70,2,1021,12587,73,100,1,0,0
1150,15,10,1024,0,222,6,10,7,1,2,-52,7,1092,16038,63,100,2,0,0
1151,12,7,1024,20,168,7,4,7,1,2,-52,4,931,10869,65,100,1,0,0
1152,9,4,768,0,213,9,8,7,1,2,-52,10,1224,14731,73,100,1,0,0
1154,1,0,256,0,27,0,0,3,0,0,0,10,2397,28601,1215,100,1,0,0
1153,14,9,1024,0,207,12,13,7,1,4,-52,7,873,14392,69,100,4,0,0
1155,10,4,768,0,212,9,9,7,1,3,-70,9,756,17422,72,100,1,0,0
1154,13,9,1024,0,137,5,16,7,2,2,-70,6,732,9432,31,100,2,0,0
1156,4,1,512,0,215,11,11,7,2,1,-61,10,3423,17428,77,100,1,0,0
1155,5,1,512,10,227,14,2,7,2,3,-76,9,1698,16907,77,100,1,0,0
1155,6,5,768,10,183,13,4,5,1,5,-52,0,686,11818,70,100,2,0,0
1155,2,3,768,0,154,7,10,5,1,1,-52,0,752,13392,40,100,2,0,0
1156,8,4,768,20,196,8,5,7,1,2,-70,2,396,6372,74,100,1,0,0
1150,24,18,1664,0,218,13,4,7,1,5,-70,0,764,10310,65,100,1,0,0
1151,18,12,1280,20,156,10,9,7,1,4,-70,3,610,5836,64,100,1,0,0
1158,3,1,512,0,201,11,3,7,2,1,-76,8,2771,20258,77,100,1,0,0
1158,11,5,768,0,227,14,3,7,1,5,-70,8,1782,18476,69,100,3,0,0
1158,15,10,1024,0,225,6,10,7,1,2,-52,7,900,14013,64,100,1,0,0
1157,7,3,768,40,142,5,12,7,1,1,-70,4,2542,19949,32,100,2,0,0
1157,18,12,1280,0,159,10,9,7,1,4,-70,3,1520,10399,65,100,2,0,0
1156,24,18,1664,0,220,13,4,7,1,5,-70,0,603,8837,65,100,2,0,0
1161,4,1,512,0,215,11,11,7,2,1,-61,10,1243,11423,77,100,1,0,0
1161,10,4,768,0,213,9,9,7,1,3,-70,9,1268,16243,73,100,1,0,0
1121,19,9,1408,90,186,12,14,7,0,5,-95,7,385,7985,53,100,0,0,0
1161,16,11,1024,10,211,10,5,7,1,4,-52,4,1107,17025,64,100,3,0,0
1162,12,7,1024,0,172,7,4,7,1,2,-52,4,2376,21427,65,100,4,0,0
1163,9,4,768,0,216,9,8,7,1,2,-52,10,2598,28711,74,100,2,0,0
1163,6,5,768,10,188,13,4,5,1,5,-52,0,862,10434,70,100,2,0,0
1164,15,10,1024,0,225,6,11,7,1,2,-52,7,451,8090,64,100,2,0,0
1148,21,16,1408,70,153,8,7,7,0,3,-52,4,247,6211,57,100,1,0,0
1164,1,0,256,0,27,0,0,3,0,0,0,10,2324,28517,1227,100,2,0,0
1132,19,9,1664,90,192,13,14,7,0,5,-95,7,1219,18547,54,100,5,0,0
1165,8,4,768,0,198,8,6,7,1,2,-70,2,825,13541,74,100,3,0,0
1162,24,18,1664,20,225,13,4,7,1,5,-70,0,1087,10005,65,100,2,0,0
1138,19,9,1664,80,195,13,14,7,0,5,-95,7,518,9324,54,100,2,0,0
1144,19,9,1664,70,196,13,14,7,0,5,-95,7,518,10645,55,100,2,0,0
1166,3,1,512,0,203,11,3,7,2,1,-76,8,2622,19533,77,100,2,0,0
1166,5,1,512,0,228,14,2,7,2,3,-76,10,2466,28077,77,100,1,0,0
1165,14,9,1024,10,210,12,13,7,1,4,-52,7,1093,17433,70,100,3,0,0
1158,21,16,1408,70,154,8,7,7,0,3,-52,4,562,13503,58,100,2,0,0
1162,21,16,1280,60,154,8,7,7,1,3,-52,4,662,7222,58,100,0,0,0
1166,2,3,768,0,158,7,10,5,1,1,-52,0,963,12703,41,100,3,0,0
1165,10,4,768,0,214,9,9,7,1,3,-70,9,602,11022,73,100,1,0,0
1155,19,9,1664,70,197,13,14,7,0,5,-95,7,807,18092,55,100,3,0,0
1162,19,9,1504,90,199,13,14,7,1,5,-95,7,1486,13515,56,100,2,0,0
1166,7,3,768,20,145,5,12,7,1,1,-70,4,2737,17534,32,100,2,0,0
1169,8,4,768,0,199,8,7,7,1,2,-70,2,321,6743,74,100,1,0,0
1169,6,5,768,0,189,13,4,5,1,5,-52,0,612,8238,71,100,1,0,0
1169,11,5,768,50,230,14,3,7,1,5,-70,8,3287,26605,70,100,2,0,0
1171,4,1,512,0,220,11,11,7,2,1,-61,10,5033,29836,78,100,3,0,0
1166,16,11,1024,10,212,10,5,7,1,4,-52,4,948,8675,64,100,0,0,0
1172,10,4,768,0,216,9,9,7,1,3,-70,9,1083,19317,73,100,2,0,0
1172,15,10,1024,0,227,6,11,7,1,2,-52,7,784,10733,65,100,2,0,0
1173,5,1,512,0,229,14,2,7,2,3,-76,10,2560,19776,78,100,2,0,0
1169,12,7,1024,10,175,7,4,7,1,2,-52,5,1716,15289,66,100,1,0,0
1168,18,12,1280,0,162,10,9,7,1,4,-70,3,2076,17889,65,100,3,0,0
1174,1,0,256,0,27,0,0,3,0,0,0,10,3173,30543,1242,100,2,0,0
1173,11,5,768,20,233,14,3,7,1,5,-70,8,1643,12128,70,100,2,0,0
1174,2,3,768,20,162,7,10,5,1,1,-52,0,1117,11360,41,100,3,0,0
1175,9,4,768,10,217,9,8,7,1,2,-52,10,3397,31659,75,100,3,0,0
1172,21,11,1024,10,160,10,7,7,2,4,-95,4,3151,23219,58,100,5,0,0
1175,3,1,512,0,207,11,3,7,2,1,-76,10,4482,29020,78,100,3,0,0
1174,14,9,1024,0,212,12,13,7,1,4,-52,7,601,14077,71,100,2,0,0
1175,7,3,768,40,150,5,12,7,1,1,-70,7,2979,18931,33,100,1,0,0
1175,16,11,1024,0,215,10,5,7,1,4,-52,4,911,14055,65,100,3,0,0
1174,19,9,1024,100,204,13,14,7,1,5,-95,7,3919,26801,57,100,3,0,0
1177,6,5,768,0,191,13,4,5,1,5,-52,0,884,9876,71,100,2,0,0
1179,4,1,512,10,225,11,11,7,2,1,-61,10,3190,22332,78,100,2,0,0
1160,23,17,1792,90,191,15,7,7,0,5,-70,4,1059,12798,62,100,4,0,0
1166,23,17,1792,90,191,15,7,7,0,5,-70,4,809,6685,62,100,1,0,0
1174,12,7,1024,0,177,7,4,7,1,2,-52,5,890,9366,66,100,1,0,0
1180,8,4,768,0,203,8,7,7,1,2,-70,2,1177,18132,75,100,2,0,0
1180,2,3,768,0,162,7,10,5,1,1,-52,0,393,6397,41,100,1,0,0
1180,9,4,768,0,217,9,8,7,1,2,-52,10,1787,14941,75,100,1,0,0
1179,14,9,1024,0,214,12,13,7,1,4,-52,7,495,7075,71,100,2,0,0
1181,10,4,768,0,218,9,9,7,1,3,-70,9,1089,22825,74,100,1,0,0
1182,5,1,512,0,230,14,2,7,2,3,-76,10,2443,23670,78,100,1,0,0
1180,16,11,1024,10,218,10,5,7,1,4,-52,4,501,7924,65,100,1,0,0
1183,1,0,256,0,27,0,0,3,0,0,0,10,2030,24968,1248,100,1,0,0
1181,6,5,768,0,193,13,4,5,1,5,-52,0,376,5407,71,100,0,0,0
1176,23,19,1280,10,194,17,7,7,1,6,-70,4,2037,14818,63,100,3,0,0
1181,7,3,768,50,151,5,12,7,1,1,-70,8,1941,12255,33,100,1,0,0
1180,21,11,1031,0,163,10,7,7,2,4,-95,4,1433,13825,58,100,2,0,0
1178,12,7,1024,0,178,7,4,7,1,2,-52,5,418,7113,66,100,2,0,0
1183,15,10,1024,0,231,6,11,7,1,2,-52,7,1038,15152,65,100,2,0,0
1177,18,12,1280,0,165,10,9,7,1,4,-70,3,906,11767,66,100,4,0,0
1184,3,1,512,10,210,11,3,7,2,1,-76,10,3064,22094,79,100,2,0,0
1182,19,9,1024,90,208,13,14,7,1,5,-95,7,2573,18258,57,100,2,0,0
1185,4,1,512,10,227,11,11,7,2,1,-61,10,3117,17420,79,100,1,0,0
1185,11,5,768,20,236,14,3,7,1,5,-70,8,2655,26079,71,100,2,0,0
1185,9,4,768,20,220,9,8,7,1,2,-52,10,2059,17009,76,100,1,0,0
1186,10,4,768,0,219,9,9,7,1,3,-70,9,661,12115,74,100,1,0,0
1185,16,11,1024,0,220,10,5,7,1,4,-52,4,758,7608,65,100,1,0,0
1183,18,12,1280,10,167,10,9,7,1,4,-70,3,549,8094,66,100,1,0,0
1188,1,0,256,0,27,0,0,3,0,0,0,10,1854,18143,1261,100,1,0,0
1184,12,7,1024,0,182,7,4,7,1,2,-52,5,1295,14739,67,100,1,0,0
1177,29,23,1536,30,191,15,4,7,1,6,-70,1,1587,11158,63,100,4,0,0
1188,7,3,768,10,153,5,12,7,1,1,-70,8,2116,13246,34,100,2,0,0
1188,19,9,1042,90,208,13,15,7,1,5,-95,7,1887,13395,58,100,2,0,0
1189,5,1,512,0,233,14,2,7,2,3,-76,10,3724,22728,79,100,2,0,0
1180,23,19,1280,10,195,17,7,7,1,6,-70,4,941,7183,63,100,1,0,0
1189,3,1,512,0,214,11,3,7,2,1,-76,10,2236,13394,79,100,2,0,0
1188,14,9,1024,0,217,12,13,7,1,4,-52,7,728,13030,71,100,2,0,0
1190,10,4,768,0,220,9,9,7,1,3,-70,9,840,12494,75,100,1,0,0
1183,24,19,1280,10,232,15,5,7,1,6,-52,1,728,11225,67,100,2,0,0
1191,2,3,768,0,165,7,10,5,1,1,-52,0,921,13981,42,100,3,0,0
1191,15,10,1024,0,234,6,11,7,1,2,-52,7,960,14715,66,100,1,0,0
1191,6,5,768,0,194,13,4,5,1,5,-52,0,643,11915,72,100,2,0,0
1192,8,4,768,0,208,8,7,7,1,2,-70,2,1269,18152,76,100,3,0,0
1186,23,19,1280,10,196,17,8,7,1,6,-70,4,770,8303,64,100,2,0,0
1191,18,12,1280,0,171,10,9,7,1,4,-70,3,1073,12082,67,100,2,0,0
1194,4,1,512,10,230,11,11,7,2,1,-61,10,4453,25655,79,100,3,0,0
1193,16,11,1024,0,224,10,5,7,1,4,-52,4,1304,13993,66,100,2,0,0
1192,21,16,1280,20,169,12,7,7,1,5,-52,4,2134,20430,59,100,3,0,0
1193,19,9,1024,80,209,13,15,7,1,5,-95,8,1694,11281,58,100,1,0,0
1195,11,5,768,10,238,14,3,7,1,5,-70,8,1839,22259,71,100,3,0,0
1197,9,4,768,10,225,9,9,7,1,2,-52,9,4120,35634,76,100,3,0,0
1198,1,0,256,0,27,0,0,3,0,0,0,10,2483,28605,1269,100,2,0,0
1195,12,7,1024,0,186,7,4,7,1,2,-52,5,1660,20657,68,100,2,0,0
1197,2,3,768,0,167,7,10,5,1,1,-52,0,606,8235,43,100,1,0,0
1199,3,1,512,20,221,11,3,7,2,1,-76,10,3456,27020,80,100,3,0,0
1200,8,4,810,0,209,8,8,7,1,2,-70,2,704,12649,77,100,3,0,0
1200,5,1,512,0,239,14,2,7,2,3,-76,10,4071,31375,80,100,3,0,0
1190,23,19,1280,10,197,17,8,7,1,6,-70,4,712,6602,64,100,1,0,0
1198,7,3,768,0,158,5,12,7,1,1,-70,9,2578,19971,35,100,4,0,0
1199,14,9,1024,0,221,12,13,7,1,4,-52,7,1174,16282,72,100,3,0,0
1200,6,5,768,0,194,13,4,5,1,5,-52,0,490,11189,73,100,2,0,0
1200,21,16,1280,0,171,12,7,7,1,5,-52,4,1019,12353,60,100,3,0,0
1201,12,7,1024,0,187,7,4,7,1,2,-52,5,597,9978,68,100,2,0,0
1194,24,19,1280,0,235,15,6,7,1,6,-52,1,1116,15970,68,100,4,0,0
1201,10,4,768,20,226,10,9,7,1,3,-70,9,1538,28355,75,100,4,0,0
1200,18,12,1280,0,175,10,9,7,1,4,-70,3,1107,11953,68,100,2,0,0
1204,4,1,512,0,232,11,11,7,2,1,-61,10,3271,24670,80,100,4,0,0
1203,11,5,768,40,242,14,3,7,1,5,-70,8,1553,17360,72,100,2,0,0
1203,15,10,1024,0,235,6,11,7,1,2,-52,7,854,15605,67,100,2,0,0
1202,16,11,1024,0,229,10,5,7,1,4,-52,4,1556,15099,67,100,1,0,0
1206,9,4,768,0,227,9,9,7,1,2,-52,8,3053,25020,77,100,4,0,0
1207,8,4,768,0,211,8,8,7,1,2,-70,2,629,10537,77,100,2,0,0
1208,1,0,256,0,27,0,0,3,0,0,0,10,2592,28872,1283,100,2,0,0
1207,21,16,1280,10,173,12,7,7,1,5,-52,4,473,9274,60,100,2,0,0
1207,11,5,768,0,243,14,3,7,1,5,-70,8,1034,10903,72,100,1,0,0
1207,3,1,512,50,223,11,3,7,1,1,-76,10,2910,21136,80,100,3,0,0
1205,2,3,768,0,171,7,10,5,1,1,-52,0,820,9501,43,100,4,0,0
1205,12,7,1024,10,188,7,4,7,1,2,-52,5,560,8059,68,100,1,0,0
1205,18,12,1280,10,178,10,9,7,1,4,-70,3,930,7743,68,100,1,0,0
1210,5,1,512,0,242,14,2,7,2,3,-76,10,3140,26694,80,100,2,0,0
1203,19,9,1024,90,211,13,15,7,1,5,-95,8,2705,21924,59,100,3,0,0
1209,14,9,1024,0,223,12,13,7,1,4,-52,7,606,15194,73,100,1,0,0
1208,10,4,768,10,229,10,9,7,1,3,-70,9,1403,18358,76,100,2,0,0
1210,6,5,768,0,197,13,4,5,1,5,-52,0,677,11282,73,100,1,0,0
1209,15,10,1024,0,235,6,11,7,1,2,-52,7,399,8925,67,100,1,0,0
1209,7,3,768,0,163,5,12,7,1,1,-70,9,2611,20117,35,100,2,0,0
1209,16,11,1024,0,231,10,5,7,1,4,-52,4,1038,11906,67,100,2,0,0
1184,17,7,1408,100,163,10,7,7,0,5,-95,5,1254,13503,60,100,2,0,0
1211,19,9,1024,90,214,13,15,7,1,5,-95,8,2067,17140,59,100,2,0,0
1203,24,19,1280,10,237,15,7,7,1,6,-52,1,514,8077,68,100,2,0,0
1211,2,3,768,0,172,7,10,5,1,1,-52,0,474,7734,44,100,1,0,0
1214,3,1,512,10,224,11,3,7,1,1,-76,10,2273,16235,81,100,1,0,0
1215,4,1,512,10,234,11,11,7,2,1,-61,10,4037,28024,81,100,2,0,0
1206,29,23,1536,0,201,16,4,7,1,6,-70,1,1380,8053,64,100,2,0,0
1191,17,7,1408,100,166,10,7,7,0,5,-95,5,746,8337,60,100,2,0,0
1214,10,4,768,0,231,10,9,7,1,3,-70,9,1180,14546,76,100,1,0,0
1213,15,10,1024,0,238,6,11,7,1,2,-52,7,663,6503,67,100,1,0,0
1211,12,7,1024,30,191,7,4,7,1,2,-52,5,1111,11298,69,100,2,0,0
1215,21,16,1280,0,175,12,7,7,1,5,-52,4,796,13288,61,100,1,0,0
1210,18,12,1280,0,178,10,9,7,1,4,-70,3,287,5018,68,100,1,0,0
1202,17,7,1408,100,169,10,7,7,0,5,-95,5,1142,13331,61,100,2,0,0
1217,9,4,768,20,229,9,9,7,1,2,-52,8,2865,29499,78,100,2,0,0
1217,8,4,768,0,214,8,8,7,1,2,-70,2,823,15668,78,100,3,0,0
1217,14,9,1024,0,226,12,13,7,1,4,-52,7,944,11131,73,100,2,0,0
1219,1,0,256,0,27,0,0,3,0,0,0,10,3053,30655,1299,100,2,0,0
1218,6,5,788,0,198,13,4,5,1,5,-52,0,596,9875,74,100,2,0,0
1218,11,5,788,10,248,14,3,7,1,5,-70,8,2166,23405,73,100,3,0,0
1211,17,7,1162,60,174,11,7,7,1,5,-95,5,3358,15655,61,100,2,0,0
1219,19,9,1181,80,215,13,15,7,1,5,-95,8,1831,18876,60,100,2,0,0
1216,2,3,768,10,175,7,10,5,1,1,-52,0,692,7059,44,100,1,0,0
1221,4,1,512,10,236,11,11,7,2,1,-61,10,2696,16590,81,100,2,0,0
1220,3,1,512,80,226,11,3,7,1,1,-76,10,2430,17163,81,100,2,0,0
1220,5,1,522,20,247,14,2,7,2,3,-76,10,4308,31412,81,100,3,0,0
1212,23,19,1280,10,205,17,8,7,1,6,-70,5,1944,14869,66,100,2,0,0
1218,16,11,1024,10,233,10,5,7,1,4,-52,4,975,12095,68,100,1,0,0
1216,12,7,1024,10,192,7,4,7,1,2,-52,5,784,9662,69,100,0,0,0
1214,24,19,1280,0,242,15,7,7,1,6,-52,1,1075,16498,69,100,2,0,0
1210,28,22,1792,10,52,7,16,7,1,4,-70,0,1283,11095,20,100,2,0,0
1222,15,10,1024,0,239,6,11,7,1,2,-52,7,654,11236,68,100,2,0,0
1216,18,12,1280,10,180,10,9,7,1,4,-70,3,492,7635,69,100,2,0,0
1218,17,7,1024,100,176,11,7,7,1,5,-95,5,1828,9863,62,100,3,0,0
1223,9,4,768,0,232,9,9,7,1,2,-52,8,2132,16734,78,100,2,0,0
1215,29,23,1536,0,204,16,4,7,1,6,-70,1,1186,9643,65,100,2,0,0
1223,21,16,1280,10,179,12,7,7,1,5,-52,4,1080,12680,61,100,2,0,0
1210,22,17,1664,0,205,10,6,7,1,4,-52,2,1152,12795,61,100,2,0,0
1224,5,1,512,0,248,14,2,7,2,3,-76,10,1522,11581,81,100,1,0,0
1225,10,4,768,0,233,10,9,7,1,3,-70,9,1851,30418,77,100,3,0,0
1222,2,3,768,0,177,7,10,5,1,1,-52,0,503,6765,44,100,1,0,0
1225,8,4,768,10,214,8,9,7,1,2,-70,2,432,9923,78,100,3,0,0
1215,28,22,1792,10,53,7,16,7,1,4,-70,0,395,4455,20,100,1,0,0
1204,26,21,1408,90,120,11,10,7,0,3,-52,0,481,7113,40,100,3,0,0
1226,4,1,512,10,236,11,11,7,2,1,-61,10,2219,14866,81,100,1,0,0
1219,29,23,1536,0,206,16,4,7,1,6,-70,1,626,4592,65,100,1,0,0
1227,14,9,1024,0,231,12,13,7,1,4,-52,7,1134,15311,74,100,2,0,0
1215,26,21,1408,80,122,11,10,7,0,3,-52,0,327,9740,40,100,1,0,0
1226,6,5,788,0,202,13,4,5,1,5,-52,0,759,9998,74,100,1,0,0
1226,11,5,788,10,249,14,3,7,1,5,-70,8,1821,19284,73,100,1,0,0
1228,9,4,768,20,233,9,9,7,1,2,-52,7,1673,15273,79,100,1,0,0
1229,1,0,256,0,27,0,0,3,0,0,0,10,3088,30545,1313,100,2,0,0
1226,7,3,768,20,165,5,12,7,1,1,-70,9,2064,18666,36,100,2,0,0
1221,24,19,1280,0,244,15,7,7,1,6,-52,1,496,10053,69,100,2,0,0
1220,26,21,1408,90,124,11,10,7,0,3,-52,0,181,4106,41,100,1,0,0
1231,4,1,512,20,237,11,11,7,2,1,-61,10,1875,12839,82,100,1,0,0
1230,19,9,1386,70,217,13,15,7,1,5,-95,8,3510,27092,60,100,3,0,0
1230,8,4,768,0,217,8,9,7,1,2,-70,2,708,9571,79,100,1,0,0
1232,3,1,512,100,232,11,3,7,1,1,-76,9,3936,28178,82,100,3,0,0
1231,6,5,788,0,204,13,4,5,1,5,-52,0,695,7345,75,100,1,0,0
1230,15,10,1024,0,240,6,11,7,1,2,-52,7,586,9652,69,100,1,0,0
1227,16,11,1024,20,234,10,5,7,1,4,-52,4,1919,16126,68,100,1,0,0
1227,21,16,1280,0,180,12,7,7,1,5,-52,4,1209,9218,61,100,1,0,0
1225,17,7,1340,70,177,11,7,7,1,5,-95,4,1639,11279,62,100,1,0,0
1234,1,0,256,0,27,0,0,3,0,0,0,10,1561,13962,1320,100,1,0,0
1233,10,4,768,10,235,10,9,7,1,3,-70,9,1387,23413,77,100,2,0,0
1227,12,7,1024,0,196,7,4,7,1,2,-52,5,2108,22116,70,100,3,0,0
1233,11,5,1080,80,253,14,3,7,1,5,-70,8,2494,17142,74,100,2,0,0
1226,18,12,1280,10,182,10,9,7,1,4,-70,3,1150,14330,69,100,2,0,0
1235,5,1,512,0,252,14,2,7,2,3,-76,10,4224,31747,82,100,2,0,0
1235,15,10,1024,0,240,6,11,7,1,2,-52,7,338,6311,69,100,1,0,0
1235,19,9,1548,60,219,13,15,7,2,5,-95,8,1720,13196,61,100,1,0,0
1232,2,3,768,0,181,7,10,5,1,1,-52,0,1083,13083,45,100,3,0,0
1235,14,9,1024,20,237,12,13,7,1,4,-52,7,1099,14044,75,100,2,0,0
1229,24,19,1280,0,247,15,7,7,1,6,-52,1,903,12464,70,100,2,0,0
1239,9,4,768,20,236,9,9,7,1,2,-52,7,3075,28181,79,100,2,0,0
1230,23,19,1280,10,211,17,8,7,1,6,-70,5,1270,9160,67,100,1,0,0
1237,24,19,1642,0,247,15,7,7,1,6,-52,1,339,10409,70,100,1,0,0
1235,7,3,768,10,169,5,12,7,1,1,-70,8,3100,19839,37,100,2,0,0
1240,3,1,512,60,234,11,3,7,1,1,-76,9,2919,21072,82,100,2,0,0
1240,4,1,512,0,240,11,11,7,2,1,-61,10,4228,25118,82,100,1,0,0
1240,19,9,1024,0,221,13,15,7,2,5,-95,8,1859,13269,61,100,1,0,0
1239,8,4,768,0,218,8,9,7,1,2,-70,2,631,13549,79,100,2,0,0
1241,10,4,768,10,237,10,9,7,1,3,-70,9,1272,17734,78,100,1,0,0
1243,1,0,256,0,27,0,0,3,0,0,0,10,2029,23592,1328,100,1,0,0
1225,13,7,1152,70,157,7,16,7,0,3,-70,4,312,6146,36,100,2,0,0
1236,13,7,1024,60,158,7,16,7,1,3,-70,4,1225,16321,37,100,2,0,0
1231,28,22,1792,10,56,7,16,7,1,4,-70,0,650,8556,21,100,2,0,0
1245,9,4,768,0,236,9,9,7,1,2,-52,7,1795,17794,80,100,1,0,0
1239,12,7,1024,0,198,7,4,7,1,2,-52,4,1794,20077,70,100,2,0,0
1245,10,4,768,0,237,10,9,7,1,3,-70,9,371,11722,78,100,1,0,0
1245,14,9,1024,0,239,12,13,7,1,4,-52,7,835,14817,75,100,2,0,0
1246,19,9,1024,0,224,13,15,7,2,5,-95,8,1716,13714,61,100,3,0,0
1246,8,4,768,10,220,8,9,7,1,2,-70,2,647,9978,80,100,2,0,0
1245,7,3,768,20,176,5,12,7,2,1,-70,8,5285,30007,38,100,3,0,0
1249,1,0,256,0,27,0,0,3,0,0,0,10,1224,15332,1337,100,1,0,0
1248,15,10,1024,10,243,6,11,7,1,2,-52,7,856,14339,70,100,2,0,0
1249,4,1,512,10,242,11,11,7,2,1,-61,10,4174,25668,83,100,2,0,0
1248,24,19,1312,0,248,15,7,7,1,6,-52,0,965,17751,71,100,2,0,0
1250,3,1,512,80,238,11,3,7,1,1,-76,9,4440,31755,83,100,2,0,0
1250,9,4,768,0,238,9,9,7,1,2,-52,7,1541,16472,80,100,1,0,0
1239,22,17,1596,0,211,11,6,7,1,4,-52,1,569,8150,63,100,1,0,0
1253,15,10,1024,0,244,6,11,7,1,2,-52,7,633,6720,70,100,1,0,0
1249,12,7,1024,0,202,7,4,7,1,2,-52,4,1566,19619,71,100,3,0,0
1248,18,12,1280,0,192,10,10,7,1,4,-70,2,1084,12510,71,100,2,0,0
1244,22,17,1596,0,213,11,6,7,1,4,-52,1,772,8159,63,100,1,0,0
1246,28,22,1792,0,59,7,16,7,1,4,-70,0,774,6712,22,100,1,0,0
1255,3,1,512,80,239,11,3,7,1,1,-76,9,2064,14547,83,100,1,0,0
1253,24,19,1312,0,249,15,7,7,1,6,-52,0,492,8309,71,100,1,0,0
1256,4,1,512,10,242,11,11,7,2,1,-61,10,1854,16353,83,100,1,0,0
1255,10,4,768,10,240,10,9,7,1,3,-70,9,2053,27218,79,100,3,0,0
1251,13,7,1024,0,168,7,16,7,1,3,-70,4,664,8456,38,100,1,0,0
1255,19,9,1031,40,227,13,15,7,2,5,-95,8,2283,22423,62,100,2,0,0
1256,8,4,768,10,221,8,9,7,1,2,-70,2,641,15521,80,100,1,0,0
1257,9,4,768,10,239,9,10,7,1,2,-52,7,1602,20488,80,100,2,0,0
1234,30,24,1833,70,156,14,7,7,0,6,-70,0,617,6937,54,100,1,0,0
1252,17,7,1024,10,188,11,7,7,2,5,-95,2,2369,14102,64,100,2,0,0
1252,22,17,1596,0,214,11,6,7,1,4,-52,1,1061,13697,64,100,2,0,0
1258,1,0,256,0,27,0,0,3,0,0,0,10,2050,26503,1348,100,2,0,0
1258,14,9,1024,10,240,12,13,7,1,4,-52,7,691,16526,76,100,2,0,0
1241,30,24,1833,70,156,14,7,7,0,6,-70,0,464,5515,54,100,1,0,0
1255,13,7,1024,0,169,7,16,7,1,3,-70,4,416,6296,38,100,1,0,0
1257,2,3,768,0,189,7,10,5,1,1,-52,0,569,10143,47,100,2,0,0
1259,15,10,1024,0,245,7,11,7,1,2,-52,7,501,8441,70,100,1,0,0
1255,28,22,1792,10,61,7,16,7,1,4,-70,0,700,8775,23,100,2,0,0
1248,30,24,1833,70,157,14,7,7,0,6,-70,0,242,5678,55,100,2,0,0
1259,12,7,1024,20,206,7,4,7,1,2,-52,5,1480,17433,72,100,2,0,0
1259,17,7,1024,0,190,11,7,7,2,5,-95,2,1690,10923,65,100,3,0,0
1259,22,17,1280,0,215,11,6,7,1,4,-52,1,1002,10986,64,100,1,0,0
1256,18,12,1280,0,193,10,10,7,1,4,-70,3,597,12034,71,100,2,0,0
1262,9,4,768,30,239,9,10,7,1,2,-52,7,2096,14836,81,100,1,0,0
1252,30,24,1833,70,157,14,7,7,1,6,-70,0,215,3852,55,100,1,0,0
1260,13,7,1024,0,171,7,16,7,1,3,-70,4,609,8372,38,100,2,0,0
1261,19,9,1024,30,231,13,16,7,2,5,-95,8,3271,15616,62,100,2,0,0
1264,1,0,256,0,27,0,0,3,0,0,0,10,1505,17937,1356,100,1,0,0
1260,18,12,1280,0,194,10,10,7,1,4,-70,3,427,6161,72,100,1,0,0
1264,4,1,512,10,244,11,11,7,2,1,-61,10,4653,25110,84,100,2,0,0
1262,14,9,1024,0,240,12,13,7,1,4,-52,7,407,7189,76,100,1,0,0
1264,10,4,768,0,244,10,9,7,1,3,-70,9,1463,20878,79,100,1,0,0
1266,3,1,518,40,241,11,3,7,2,1,-76,9,5638,33368,84,100,2,0,0
1258,30,24,1536,0,158,14,7,7,1,6,-70,0,1663,8540,55,100,3,0,0
1265,2,3,768,0,190,7,10,5,1,1,-52,0,540,9174,47,100,2,0,0
1264,8,4,768,0,222,8,9,7,1,2,-70,2,699,12776,81,100,2,0,0
1265,7,3,768,0,180,5,12,7,2,1,-70,7,4903,36323,39,100,2,0,0
1266,17,7,1337,20,192,11,7,7,2,5,-95,2,1474,9952,65,100,1,0,0
1266,13,7,1024,0,173,7,16,7,1,3,-70,4,755,8231,39,100,0,0,0
1262,24,19,1312,0,252,15,7,7,1,6,-52,1,2467,19773,72,100,2,0,0
1261,28,22,1792,20,64,7,16,7,1,4,-70,0,762,7238,24,100,1,0,0
1267,15,10,1024,0,247,7,11,7,1,2,-52,7,1359,10792,71,100,2,0,0
1264,30,24,1536,0,160,14,7,7,1,6,-70,0,669,6395,56,100,2,0,0
1267,28,22,1792,0,65,7,16,7,1,4,-70,0,493,5622,24,100,0,0,0
1269,4,1,512,0,245,11,11,7,2,1,-61,10,2930,15386,84,100,1,0,0
1270,3,1,512,0,242,11,3,7,2,1,-76,9,2512,13041,84,100,2,0,0
1267,18,12,1280,0,195,10,10,7,1,4,-70,3,560,11374,72,100,1,0,0
1270,12,7,1024,0,213,7,4,7,1,2,-52,5,2066,21431,72,100,2,0,0
1269,14,9,1024,0,241,12,13,7,1,4,-52,7,585,10789,77,100,1,0,0
1268,19,9,1434,20,233,13,16,7,2,5,-95,8,2143,19283,63,100,2,0,0
1269,22,17,1593,10,217,11,6,7,1,4,-52,1,1901,15522,65,100,2,0,0
1272,2,3,774,0,191,7,10,5,1,1,-52,0,605,8876,48,100,1,0,0
1271,8,4,768,10,223,8,9,7,1,2,-70,2,567,10433,82,100,1,0,0
1273,15,10,1024,0,249,7,11,7,1,2,-52,7,732,8783,71,100,1,0,0
1273,9,4,768,0,243,9,11,7,1,2,-52,7,3935,34614,81,100,3,0,0
1274,3,1,512,10,243,11,3,7,2,1,-76,9,1935,12970,85,100,1,0,0
1274,1,0,256,0,27,0,0,3,0,0,0,10,2544,29507,1369,100,2,0,0
1275,17,7,1060,20,196,11,7,7,2,5,-95,2,3542,15718,66,100,2,0,0
1272,28,22,1792,0,67,7,16,7,1,4,-70,0,499,5154,24,100,1,0,0
1274,18,12,1280,0,196,10,10,7,1,4,-70,3,689,8840,73,100,1,0,0
1276,7,3,768,0,182,5,12,7,2,1,-70,7,3988,30236,40,100,2,0,0
1274,4,1,512,20,247,11,11,7,2,1,-61,10,2300,14698,84,100,1,0,0
1276,13,7,1024,0,176,7,16,7,1,3,-70,4,847,15490,39,100,2,0,0
1274,10,4,768,0,246,10,9,7,1,3,-70,9,2056,25753,80,100,2,0,0
1276,14,9,1024,0,242,12,13,7,1,4,-52,7,466,11180,77,100,1,0,0
1250,5,4,896,80,260,16,2,7,0,4,-52,10,1950,26015,83,100,3,0,0
1254,5,4,896,80,263,16,2,7,0,4,-52,10,1208,12534,83,100,1,0,0
1264,5,4,896,90,266,16,2,7,0,4,-52,10,961,23368,84,100,3,0,0
1275,5,4,896,100,269,16,2,7,0,4,-52,10,1047,28970,84,100,2,0,0
1280,3,1,512,0,245,11,3,7,2,1,-76,9,2683,18967,85,100,1,0,0
1279,12,7,1024,0,215,7,4,7,1,2,-52,5,1257,17825,73,100,2,0,0
1281,1,0,256,0,27,0,0,3,0,0,0,10,1647,20123,1382,100,1,0,0
1281,9,4,768,20,246,9,11,7,1,2,-52,7,1918,22088,82,100,1,0,0
1279,19,9,1495,10,236,16,16,7,2,5,-95,8,2671,25149,64,100,3,0,0
1282,15,10,1024,0,251,7,12,7,1,2,-52,7,968,11688,72,100,2,0,0
1278,22,17,1593,10,221,11,6,7,1,4,-52,1,1266,12436,66,100,1,0,0
1281,8,4,768,0,226,8,9,7,1,2,-70,2,993,14596,82,100,2,0,0
1281,2,3,774,0,194,7,10,5,1,1,-52,0,628,10392,48,100,1,0,0
1280,18,12,1280,0,199,10,10,7,1,4,-70,3,738,10162,73,100,1,0,0
1278,28,22,1792,0,68,7,16,7,1,4,-70,0,1151,7389,25,100,2,0,0
1283,7,3,768,0,183,5,12,7,2,1,-70,7,2312,20164,40,100,2,0,0
1282,6,5,1152,0,217,14,4,5,1,5,-52,1,1498,15769,78,100,2,0,0
1284,4,1,512,10,251,11,11,7,2,1,-61,10,5294,31658,85,100,2,0,0
1284,10,4,768,10,249,10,10,7,1,3,-70,9,1440,23301,81,100,3,0,0
1284,13,7,1024,0,178,7,16,7,1,3,-70,4,719,12449,40,100,3,0,0
1286,2,3,768,0,194,7,10,5,1,1,-52,0,483,6413,49,100,1,0,0
1285,17,7,1024,10,200,11,7,7,2,5,-95,2,2645,17596,66,100,2,0,0
1285,5,4,768,0,271,16,2,7,1,4,-52,10,2255,27036,85,100,3,0,0
1284,22,17,1593,0,223,11,6,7,1,4,-52,1,1128,8287,66,100,2,0,0
1287,1,0,256,0,27,0,0,3,0,0,0,10,1501,19572,1387,100,1,0,0
1289,12,7,1024,0,218,7,4,7,1,2,-52,5,1035,15440,74,100,1,0,0
1287,8,4,768,10,228,8,9,7,1,2,-70,2,676,9888,83,100,1,0,0
1287,14,9,1024,0,246,12,13,7,1,4,-52,7,934,16660,78,100,3,0,0
1289,9,4,768,20,249,9,11,7,1,2,-52,7,1864,23849,83,100,2,0,0
1288,28,22,1792,0,70,7,16,7,1,4,-70,0,683,9376,25,100,2,0,0
1290,15,10,1024,0,252,7,12,7,1,2,-52,7,735,10482,73,100,2,0,0
1291,17,7,1042,0,201,11,7,7,2,5,-95,2,1913,9759,67,100,1,0,0
1289,19,9,1053,0,239,16,16,7,2,5,-95,8,993,19908,64,100,3,0,0
1290,7,3,768,10,184,5,12,7,2,1,-70,7,2506,20532,41,100,1,0,0
1289,6,5,1024,0,219,14,4,5,1,5,-52,1,804,10582,79,100,1,0,0
1292,3,1,512,0,247,11,3,7,2,1,-76,9,5714,34230,86,100,3,0,0
1289,18,12,1280,10,202,10,10,7,1,4,-70,3,689,13040,73,100,3,0,0
1291,22,17,1593,0,226,11,6,7,1,4,-52,1,1031,7780,66,100,1,0,0
1292,1,0,256,0,27,0,0,3,0,0,0,10,1333,15107,1394,100,1,0,0
1293,4,1,512,10,254,11,11,7,2,1,-61,9,4378,28449,86,100,1,0,0
1293,14,9,1024,0,247,12,13,7,1,4,-52,7,394,8094,78,100,1,0,0
1293,10,4,768,0,253,10,10,7,1,3,-70,9,1488,22993,81,100,2,0,0
1295,2,3,768,0,195,7,10,5,1,1,-52,0,511,10300,49,100,2,0,0
1294,13,7,1024,20,182,7,16,7,1,3,-70,4,1088,15264,41,100,1,0,0
1295,6,5,1024,10,221,14,4,5,1,5,-52,1,619,8552,79,100,1,0,0
1295,8,4,768,10,233,8,9,7,1,2,-70,2,1044,12122,83,100,3,0,0
1296,5,4,768,0,273,16,2,7,1,4,-52,10,1549,28173,86,100,3,0,0
1297,7,3,768,10,184,5,12,7,2,1,-70,7,2288,17968,41,100,1,0,0
1296,9,4,768,0,251,9,11,7,1,2,-52,6,1478,21071,83,100,2,0,0
1298,19,9,1024,0,241,16,16,7,2,5,-95,7,1296,19976,65,100,3,0,0
1298,15,10,1024,0,255,7,13,7,1,2,-52,7,814,10447,73,100,2,0,0
1298,17,7,1047,0,207,11,7,7,2,5,-95,2,2757,14325,67,100,1,0,0
1296,18,12,1280,10,204,10,10,7,1,4,-70,3,985,13322,74,100,1,0,0
1300,2,3,768,0,197,7,10,5,1,1,-52,0,578,6712,50,100,1,0,0
1299,8,4,768,0,234,8,9,7,1,2,-70,2,591,6559,83,100,1,0,0
1300,12,7,1024,0,220,7,4,7,1,2,-52,5,1757,22062,74,100,2,0,0
1302,1,0,256,0,27,0,0,3,0,0,0,10,1952,26081,1403,100,2,0,0
1300,22,17,1593,10,231,11,6,7,1,4,-52,1,1546,13158,67,100,1,0,0
1301,28,22,1792,0,75,7,16,7,1,4,-70,0,1200,12586,26,100,2,0,0
1303,3,1,512,10,248,11,3,7,2,1,-76,9,4758,35330,87,100,2,0,0
1302,9,4,768,0,251,9,11,7,1,2,-52,6,1068,15309,83,100,1,0,0
1302,10,4,768,10,256,10,10,7,1,3,-70,9,1440,21612,82,100,1,0,0
1302,14,9,1024,0,249,12,13,7,1,4,-52,7,808,14752,79,100,2,0,0
1303,13,7,1024,0,186,7,16,7,1,3,-70,4,1294,14438,41,100,2,0,0
1305,4,1,512,10,258,11,11,7,2,1,-61,9,5554,35233,86,100,2,0,0
1306,7,3,768,10,186,5,12,7,2,1,-70,7,3662,24512,42,100,2,0,0
1306,12,7,1024,0,222,7,4,7,1,2,-52,5,692,9704,75,100,1,0,0
1306,22,17,1593,0,232,11,6,7,1,4,-52,1,918,7512,67,100,1,0,0
1305,6,5,1024,0,224,14,4,5,1,5,-52,1,855,15948,80,100,2,0,0
1306,9,4,768,20,254,9,11,7,1,2,-52,6,860,12398,84,100,1,0,0
1308,15,10,1024,10,257,7,13,7,1,2,-52,7,726,12091,74,100,2,0,0
1308,19,9,1024,0,246,16,17,7,2,5,-95,7,1868,23108,65,100,2,0,0
1306,8,4,768,10,235,8,9,7,1,2,-70,2,683,10901,84,100,1,0,0
1308,5,4,768,0,277,16,2,7,1,4,-52,10,1492,28753,87,100,3,0,0
1309,1,0,256,0,27,0,0,3,0,0,0,10,1705,21559,1415,100,1,0,0
1309,14,9,1024,0,251,12,13,7,1,4,-52,7,557,9998,80,100,1,0,0
1310,17,7,1024,10,210,11,7,7,2,5,-95,2,2614,17099,68,100,3,0,0
1310,12,7,1024,0,223,7,4,7,1,2,-52,5,367,7869,75,100,1,0,0
1310,2,3,768,0,201,7,10,5,1,1,-52,0,1061,13033,50,100,2,0,0
1311,10,4,768,0,258,10,10,7,1,3,-70,9,1845,20469,82,100,2,0,0
1312,9,4,768,0,255,9,11,7,1,2,-52,6,1544,15121,84,100,1,0,0
1313,3,1,512,0,251,11,3,7,2,1,-76,9,3795,26848,87,100,3,0,0
1312,22,17,1593,0,232,11,6,7,1,4,-52,1,740,8340,68,100,1,0,0
1311,28,22,1792,10,77,7,16,7,1,4,-70,0,1067,10838,27,100,2,0,0
1312,4,1,512,0,260,11,11,7,2,1,-61,9,4089,23943,87,100,1,0,0
1314,7,3,768,0,187,5,12,7,2,1,-70,7,2488,21970,42,100,1,0,0
1313,1,0,256,0,27,0,0,3,0,0,0,10,867,11965,1418,100,1,0,0
1314,13,7,1024,0,188,7,16,7,1,3,-70,4,868,15975,42,100,2,0,0
1315,2,3,768,0,203,7,10,5,1,1,-52,0,549,5935,51,100,2,0,0
1314,14,9,1024,0,252,12,13,7,1,4,-52,7,504,7821,80,100,1,0,0
1315,5,4,768,0,280,16,2,7,1,4,-52,10,937,19297,87,100,1,0,0
1316,17,7,1024,0,211,11,8,7,2,5,-95,2,1567,10293,68,100,2,0,0
1315,8,4,768,0,236,8,10,7,1,2,-70,2,860,12568,84,100,2,0,0
1316,10,4,768,10,259,10,10,7,1,3,-70,10,1027,10199,83,100,1,0,0
1315,19,9,1265,10,248,16,17,7,2,5,-95,7,1271,15514,66,100,2,0,0
1315,6,5,1024,10,227,14,4,5,1,5,-52,1,755,14313,80,100,2,0,0
1319,15,10,1024,0,263,7,13,7,1,2,-52,7,1249,15023,74,100,2,0,0
1319,13,7,1024,0,190,7,16,7,1,3,-70,4,607,7624,42,100,1,0,0
1319,4,1,512,10,263,11,11,7,2,1,-61,10,3603,21728,87,100,1,0,0
1320,3,1,512,10,254,11,3,7,2,1,-76,9,3397,22007,88,100,1,0,0
1320,19,9,1051,0,250,16,17,7,2,5,-95,7,730,10046,66,100,1,0,0
1321,1,0,256,0,27,0,0,3,0,0,0,10,2179,22604,1429,100,1,0,0
1321,17,7,1057,0,211,11,8,7,2,5,-95,2,753,7396,69,100,1,0,0
1321,12,7,1024,0,227,7,4,7,1,2,-52,5,1007,18653,76,100,3,0,0
1321,22,17,1593,10,235,11,6,7,1,4,-52,1,1290,13372,68,100,3,0,0
1323,2,3,768,0,205,7,10,5,1,1,-52,0,549,9336,51,100,1,0,0
1324,10,4,768,0,261,10,10,7,1,3,-70,10,1169,17279,83,100,1,0,0
1321,6,5,1024,0,229,14,4,5,1,5,-52,1,636,9626,81,100,1,0,0
1324,4,1,512,10,265,11,11,7,2,1,-61,10,2081,14868,88,100,1,0,0
1325,7,3,768,0,191,5,12,7,2,1,-70,8,3937,31008,43,100,5,0,0
1324,9,4,768,0,260,9,11,7,1,2,-52,6,2371,32260,85,100,2,0,0
1325,13,7,1024,20,192,7,16,7,1,3,-70,4,587,9959,43,100,1,0,0
1326,8,4,768,0,240,8,10,7,1,2,-70,2,1183,17261,85,100,2,0,0
1327,5,4,768,0,282,16,2,7,1,4,-52,10,1629,30079,88,100,2,0,0
1325,14,9,1024,10,254,12,13,7,1,4,-52,7,702,16573,81,100,2,0,0
1328,12,7,1024,0,230,7,4,7,1,2,-52,5,839,11983,76,100,2,0,0
1325,6,5,1024,0,231,14,4,5,1,5,-52,1,474,6901,81,100,1,0,0
1328,15,10,1024,0,266,7,13,7,1,2,-52,7,1238,12403,75,100,2,0,0
1329,7,3,768,0,193,5,12,7,2,1,-70,8,1294,11906,43,100,0,0,0
1329,1,0,256,0,27,0,0,3,0,0,0,10,1508,23248,1435,100,2,0,0
1329,9,4,768,0,263,9,11,7,1,2,-52,6,1522,15770,85,100,1,0,0
1330,10,4,768,20,264,10,10,7,1,3,-70,10,1144,14790,84,100,1,0,0
1330,17,7,1029,0,212,11,8,7,2,5,-95,3,1748,13079,69,100,1,0,0
1330,19,9,1298,10,253,16,17,7,2,5,-95,7,2320,23007,67,100,2,0,0
1331,14,9,1024,0,255,12,13,7,1,4,-52,7,395,7484,81,100,1,0,0
1331,6,5,1024,0,235,14,4,5,1,5,-52,1,795,8233,81,100,1,0,0
1332,3,1,512,10,255,11,3,7,2,1,-76,10,4140,34536,88,100,2,0,0
1332,15,10,1024,0,269,7,13,7,1,2,-52,7,740,6571,75,100,1,0,0
1331,5,4,768,10,283,16,2,7,1,4,-52,10,924,14076,88,100,2,0,0
1332,9,4,768,10,264,9,11,7,1,2,-52,6,824,10965,85,100,1,0,0
1334,2,3,768,0,207,7,10,5,1,1,-52,0,857,13725,52,100,2,0,0
1334,1,0,256,0,27,0,0,3,0,0,0,10,1050,14233,1439,100,1,0,0
1333,8,4,768,0,242,8,10,7,1,2,-70,2,972,12150,85,100,2,0,0
1333,13,7,1024,0,193,7,16,7,1,3,-70,4,669,12084,43,100,2,0,0
1333,19,9,1035,10,255,16,17,7,2,5,-95,7,766,10320,67,100,1,0,0
1334,22,17,1593,0,240,11,6,7,1,4,-52,1,1115,15258,69,100,3,0,0
1336,4,1,512,20,268,11,11,7,2,1,-61,10,6552,38971,89,100,3,0,0
1336,17,7,1024,0,213,11,8,7,2,5,-95,5,1309,10059,70,100,1,0,0
1338,12,7,1024,0,233,7,4,7,1,2,-52,5,860,18154,77,100,2,0,0
1339,15,10,1024,0,272,7,13,7,1,2,-52,7,770,8963,76,100,1,0,0
1339,2,3,768,0,208,7,10,5,1,1,-52,0,367,5524,52,100,1,0,0
1339,13,7,1024,0,194,7,16,7,1,3,-70,4,524,8821,43,100,1,0,0
1338,14,9,1024,0,255,12,13,7,1,4,-52,7,463,11562,82,100,2,0,0
1341,3,1,512,20,258,11,3,7,2,1,-76,10,3550,27303,89,100,2,0,0
1340,7,3,768,0,195,5,12,7,2,1,-70,8,3871,32059,44,100,2,0,0
1341,10,4,768,0,265,10,10,7,1,3,-70,10,1844,25595,84,100,3,0,0
1341,19,9,1109,20,257,16,17,7,2,5,-95,7,1806,18920,68,100,2,0,0
1343,4,1,512,10,268,11,11,7,2,1,-61,10,2306,20409,89,100,1,0,0
1342,6,5,1024,10,240,14,4,5,1,5,-52,0,1122,15977,82,100,3,0,0
1342,8,4,768,0,245,8,10,7,1,2,-70,2,830,15370,86,100,2,0,0
1343,5,4,768,0,285,16,2,7,1,4,-52,9,2088,32037,89,100,2,0,0
1344,1,0,256,0,27,0,0,3,0,0,0,10,1889,27848,1450,100,2,0,0
1344,9,4,768,0,265,9,11,7,1,2,-52,7,2291,31620,86,100,2,0,0
1344,17,7,1024,0,215,11,8,7,2,5,-95,5,1638,12516,70,100,2,0,0
1344,2,3,768,0,209,7,10,5,1,1,-52,0,390,7132,52,100,1,0,0
1343,14,9,1024,10,255,12,13,7,1,4,-52,7,287,7632,82,100,1,0,0
1345,12,7,1024,0,234,7,4,7,1,2,-52,5,386,11361,77,100,2,0,0
1345,7,3,768,10,198,5,12,7,1,1,-70,8,1662,13346,44,100,3,0,0
1345,22,17,1593,10,243,11,6,7,1,4,-52,1,866,13910,70,100,4,0,0
1347,8,4,768,0,245,8,10,7,1,2,-70,2,163,6351,86,100,0,0,0
1348,1,0,256,0,27,0,0,3,0,0,0,10,687,11609,1453,100,0,0,0
1347,19,9,1077,0,257,16,18,7,2,5,-95,7,787,13134,68,100,2,0,0
1349,6,5,1024,0,245,14,4,5,1,5,-52,0,864,10896,82,100,2,0,0
1348,14,9,1024,10,257,12,13,7,1,4,-52,7,394,8168,82,100,1,0,0
1350,10,4,768,0,267,10,11,7,1,3,-70,10,1041,20309,85,100,2,0,0
1351,3,1,512,20,261,11,3,7,2,1,-76,10,3752,27618,90,100,2,0,0
1350,2,3,768,0,211,7,10,5,1,1,-52,0,605,7370,53,100,1,0,0
1351,15,10,1024,0,274,7,13,7,1,2,-52,6,856,14757,76,100,2,0,0
1351,9,4,768,10,267,9,11,7,1,2,-52,7,1436,19537,87,100,2,0,0
1351,7,3,768,40,203,5,12,7,1,1,-70,8,2719,18857,45,100,3,0,0
1351,8,4,768,0,247,8,10,7,1,2,-70,2,611,6888,86,100,1,1,1
1350,17,7,1031,10,216,11,8,7,2,5,-95,5,1482,9439,71,100,1,0,0
1350,12,7,1024,0,236,7,4,7,1,2,-52,5,662,10496,78,100,1,0,0
1352,4,1,512,10,271,11,11,7,2,1,-61,10,4372,28126,90,100,2,0,0
1350,13,7,1024,0,197,7,16,7,1,3,-70,4,938,16572,44,100,2,0,0
1353,5,4,768,10,286,16,2,7,1,4,-52,9,1199,26851,90,100,3,0,0
1353,22,17,1593,0,244,11,6,7,1,4,-52,1,646,10440,70,100,1,0,0
1355,10,4,768,0,269,10,11,7,1,3,-70,10,1087,11741,85,100,1,0,0
1355,19,9,1087,0,260,16,18,7,2,5,-95,7,2256,19341,69,100,1,0,0
1356,1,0,256,0,27,0,0,3,0,0,0,10,1989,23117,1464,100,2,0,0
1355,13,7,1024,0,198,7,16,7,1,3,-70,4,611,8394,45,100,2,0,0
1358,2,3,768,0,213,7,10,5,1,1,-52,0,642,9831,53,100,2,0,0
1358,17,7,1024,0,217,11,8,7,2,5,-95,5,1496,12469,71,100,2,0,0
1357,14,9,1024,10,260,12,13,7,1,4,-52,7,903,14897,83,100,3,0,0
1360,7,3,768,10,204,5,12,7,1,1,-70,8,2390,22788,45,100,1,0,0
1360,9,4,768,0,270,9,11,7,1,2,-52,7,2268,25341,87,100,2,0,0
1359,12,7,1024,20,241,7,4,7,1,2,-52,4,1121,17536,78,100,2,0,0
1360,8,4,768,0,250,8,10,7,1,2,-70,2,874,13280,86,100,3,1,1
1361,4,1,512,0,275,11,11,7,2,1,-61,10,3438,24993,90,100,3,0,0
1362,3,1,512,0,263,11,3,7,2,1,-76,10,4204,28718,90,100,2,0,0
1362,5,4,768,20,291,16,2,7,1,4,-52,9,1478,21903,90,100,3,0,0
1360,6,5,1024,10,249,14,4,5,1,5,-52,0,930,16407,83,100,4,0,0
1363,1,0,256,0,27,0,0,3,0,0,0,10,1148,18626,1467,100,1,0,0
1363,19,9,1184,0,262,16,18,7,2,5,-95,7,1168,18386,69,100,2,0,0
1364,13,7,1024,0,202,7,16,7,1,3,-70,4,910,13500,45,100,2,0,0
1363,14,9,1024,0,261,12,13,7,1,4,-52,7,419,8598,83,100,1,0,0
1365,15,10,1024,0,281,7,13,7,1,2,-52,6,478,6397,77,100,1,0,0
1365,10,4,768,0,270,10,11,7,1,3,-70,10,1178,21474,85,50,2,1,1
1366,4,1,512,10,276,11,11,7,2,1,-61,10,2778,17337,91,100,1,0,0
1367,9,4,768,0,272,9,11,7,1,2,-52,7,1523,20859,88,100,2,0,0
1368,6,5,1024,10,250,14,4,5,1,5,-52,0,626,11825,84,100,2,0,0
1370,14,9,1024,0,264,12,13,7,1,4,-52,7,784,10130,84,100,2,0,0
1372,19,9,1024,0,263,16,18,7,2,5,-95,7,735,17187,70,100,1,0,0
1372,8,4,768,0,253,8,11,7,1,2,-70,2,959,17857,87,100,4,1,1
1373,1,0,256,0,27,0,0,3,0,0,0,10,1682,27292,1477,100,2,0,0
1373,5,4,768,10,294,16,2,7,1,4,-52,9,1706,30814,91,100,2,0,0
1374,10,4,768,0,274,10,11,7,1,3,-70,10,1365,18735,86,0,2,1,1
1374,14,9,1024,0,265,12,13,7,1,4,-52,7,273,6127,84,100,0,0,0
1375,6,5,1024,0,253,14,4,5,1,5,-52,0,673,10832,84,100,2,0,0
1376,4,1,512,10,280,11,11,7,2,1,-61,10,4482,30435,91,100,2,0,0
1376,9,4,768,0,274,9,11,7,1,2,-52,7,2046,25636,88,100,2,0,0
1378,5,4,768,10,295,16,2,7,1,4,-52,9,689,10885,91,100,2,0,0
1380,10,4,768,0,275,10,11,7,1,3,-70,10,707,11935,86,0,0,1,1
1381,1,0,256,0,27,0,0,3,0,0,0,10,982,21566,1481,100,2,0,0
1381,14,9,1024,10,268,12,13,7,1,4,-52,7,698,10091,84,100,3,0,0
1382,8,4,768,0,255,8,11,7,1,2,-70,2,741,15099,88,100,3,1,1
1382,19,9,1024,0,267,16,18,7,2,5,-95,7,1307,22588,70,100,2,0,0
1384,5,4,768,10,297,16,2,7,1,4,-52,9,795,15480,92,100,1,0,0
1383,6,5,1024,0,256,14,4,5,1,5,-52,0,1050,14334,85,100,2,0,0
1386,4,1,512,0,282,11,11,7,2,1,-61,10,4059,29284,92,100,2,0,0
1387,8,4,768,10,255,8,11,7,1,2,-70,4,528,7694,88,100,1,1,1
1389,1,0,256,0,27,0,0,3,0,0,0,10,665,18147,1485,100,1,0,0
1389,9,4,768,0,277,9,11,7,1,2,-52,7,2915,34577,89,100,3,0,0
1388,14,9,1024,10,268,12,13,7,1,4,-52,7,475,10018,85,100,1,0,0
1389,10,4,768,0,280,10,11,7,1,3,-70,10,1671,22057,87,0,2,1,1
1391,19,9,1124,0,271,16,18,7,2,5,-95,7,1734,20880,71,100,3,0,0
1394,9,4,768,20,278,9,11,7,1,2,-52,7,1173,13133,89,100,1,0,0
1394,4,1,512,0,284,11,11,7,2,1,-61,10,2882,22178,92,100,2,0,0
1395,5,4,768,0,298,16,2,7,1,4,-52,9,1132,27459,92,100,2,0,0
1395,1,0,256,0,27,0,0,3,0,0,0,10,600,15955,1488,100,1,0,0
1393,14,9,1024,10,271,12,13,7,1,4,-52,7,735,9225,85,100,2,0,0
1395,6,5,1024,10,259,14,4,5,1,5,-52,0,856,16163,86,100,2,0,0
1397,8,4,768,10,257,8,12,7,1,2,-70,4,678,15599,89,100,2,1,1
1396,19,9,1024,0,271,16,18,7,2,5,-95,7,275,10130,71,100,0,0,0
1398,15,10,1024,0,290,7,13,7,1,2,-52,6,581,9517,80,100,1,0,0
1400,14,9,1024,0,273,12,13,7,1,4,-52,7,819,10981,86,100,1,0,0
1400,10,4,768,10,285,10,11,7,1,3,-70,10,2286,24393,87,33,2,1,1
1403,9,4,768,0,279,9,11,7,1,2,-52,7,1951,25357,90,100,1,0,0
1403,5,4,768,0,302,16,2,7,1,4,-52,9,1215,21470,93,100,1,0,0
1406,1,0,256,0,27,0,0,3,0,0,0,10,957,26573,1493,100,2,0,0
1406,4,1,512,0,285,11,11,7,2,1,-61,10,4309,35899,93,100,2,0,0
1407,6,5,1024,10,261,14,4,5,1,5,-52,0,846,16590,86,100,2,0,0
1406,19,9,1096,0,272,16,18,7,2,5,-95,7,1364,20203,72,100,2,0,0
1374,3,4,896,90,272,13,3,7,0,2,-52,10,902,9741,91,100,2,0,0
1407,10,4,768,0,287,10,11,7,1,3,-70,10,1373,16043,88,0,2,1,1
1379,3,4,896,80,274,13,3,7,0,2,-52,9,787,10511,91,100,1,0,0
1408,8,4,768,0,261,8,12,7,1,2,-70,4,980,16994,90,100,3,1,1
1384,3,4,896,70,276,13,3,7,0,2,-52,9,1089,9540,92,100,2,0,0
1394,3,4,896,100,278,13,3,7,0,2,-52,9,1612,20578,92,100,2,0,0
1409,14,9,1024,0,275,12,13,7,1,4,-52,7,622,13318,86,100,2,0,0
1402,3,4,896,100,279,13,3,7,0,2,-52,9,896,15620,93,100,2,0,0
1411,1,0,256,0,27,0,0,3,0,0,0,10,1034,15849,1499,100,1,0,0
1411,9,4,768,0,282,9,11,7,1,2,-52,7,1726,23410,91,100,2,0,0
1412,5,4,768,0,303,16,2,7,1,4,-52,9,1037,23005,93,100,2,0,0
1413,4,1,512,60,289,11,11,7,2,1,-61,10,4844,28212,94,100,1,0,0
1412,8,4,768,0,263,8,12,7,1,2,-70,4,584,6560,90,100,2,1,1
1407,2,3,1152,10,224,8,10,5,1,1,-52,1,812,11129,57,100,2,0,0
1413,6,5,1024,0,265,14,4,5,1,5,-52,0,923,10227,87,100,2,0,0
1412,10,4,768,0,287,10,11,7,1,3,-70,10,492,9049,88,100,0,1,1
1412,2,3,1024,0,226,8,10,5,1,1,-52,1,623,6120,57,100,0,0,0
1414,3,4,768,10,283,13,3,7,1,2,-52,9,3011,28109,94,100,3,0,0
1413,15,10,1024,0,295,7,13,7,1,2,-52,6,843,11934,81,100,1,0,0
1414,14,9,1024,0,277,12,13,7,1,4,-52,7,609,7952,87,100,1,0,0
1416,2,3,1024,0,228,8,10,5,1,1,-52,1,581,5218,57,100,1,0,0
1416,5,4,768,0,303,16,2,7,1,4,-52,9,611,11095,94,100,1,0,0
1415,19,14,1397,10,274,17,18,7,1,6,-52,7,1303,19389,72,100,2,0,0
1417,1,0,256,0,27,0,0,3,0,0,0,10,1147,17429,1502,100,1,0,0
1418,3,4,768,0,285,13,3,7,1,2,-52,9,992,10282,94,100,2,0,0
1419,6,5,1024,0,266,14,4,5,1,5,-52,0,392,8920,87,100,1,0,0
1421,9,4,768,0,285,9,11,7,1,2,-52,7,1692,25648,91,100,1,0,0
1419,19,14,1280,0,277,18,18,7,1,6,-52,7,685,9453,72,100,2,0,0
1421,10,4,768,0,292,10,11,7,1,3,-70,10,1721,22455,89,50,2,1,1
1421,14,9,1024,0,278,12,13,7,1,4,-52,8,1087,11250,87,100,1,0,0
1422,4,1,512,0,291,11,11,7,3,1,-61,10,5480,32764,94,100,2,0,0
1422,8,4,768,0,267,8,12,7,1,2,-70,4,1048,15658,91,100,3,1,1
1422,5,4,768,10,308,16,2,7,1,4,-52,9,1131,18440,94,100,1,0,0
1424,1,0,256,0,27,0,0,3,0,0,0,10,851,18749,1505,100,2,0,0
1425,2,3,1024,10,228,8,10,5,1,1,-52,2,677,11084,58,100,2,0,0
1427,4,1,512,0,293,11,11,7,3,1,-61,10,2796,18756,95,100,1,0,0
1428,9,4,768,0,288,9,11,7,1,2,-52,7,1521,19996,92,100,2,0,0
1427,6,5,1024,0,268,14,4,5,1,5,-52,0,810,12264,88,100,2,0,0
1428,8,4,768,0,270,8,12,7,1,2,-70,4,1150,9920,91,100,1,1,1
1427,19,14,1280,0,278,18,18,7,1,6,-52,7,750,14805,72,100,2,0,0
1427,3,4,768,10,287,13,3,7,1,2,-52,9,1619,20838,95,100,2,0,0
1429,5,4,768,0,308,16,2,7,1,4,-52,9,1000,16483,95,100,1,0,0
1430,1,0,256,0,27,0,0,3,0,0,0,9,1119,20078,1512,100,1,0,0
1430,10,4,768,0,292,10,11,7,1,3,-70,10,930,18920,89,0,2,1,1
1432,8,4,768,0,271,8,12,7,1,2,-70,4,476,6316,91,100,2,1,1
1430,2,3,1024,0,232,8,10,5,1,1,-52,2,846,9769,58,100,1,0,0
1432,4,1,512,0,293,11,11,7,3,1,-61,10,2931,17632,95,100,1,0,0
1432,14,9,1024,0,283,12,13,7,1,4,-52,8,1705,19143,88,100,2,0,0
1434,3,4,768,0,289,13,3,7,1,2,-52,8,1239,14187,95,100,2,0,0
1436,9,4,768,0,289,9,12,7,1,2,-52,7,1396,21117,92,100,1,0,0
1434,19,14,1280,0,278,18,18,7,1,6,-52,7,465,15200,73,100,2,0,0
1435,6,5,1024,0,271,14,4,5,1,5,-52,0,654,14394,88,100,1,0,0
1438,1,0,256,0,27,0,0,3,0,0,0,9,635,21030,1514,100,1,0,0
1440,4,1,512,50,295,11,11,7,3,1,-61,10,3673,25471,96,100,2,0,0
1438,8,4,768,10,273,8,12,7,1,2,-70,4,1104,10925,92,100,1,1,1
1437,15,10,1024,0,299,7,13,7,1,2,-52,6,782,12931,82,100,2,0,0
1438,5,4,768,0,311,16,2,7,1,4,-52,9,1231,25889,95,100,2,0,0
1439,2,3,1024,0,233,8,10,5,1,1,-52,2,663,10065,59,100,1,0,0
1440,14,9,1024,0,285,12,13,7,1,4,-52,8,875,11924,88,100,1,0,0
1442,10,4,768,0,293,10,11,7,1,3,-70,10,1768,24660,90,100,2,1,1
1441,19,14,1280,10,282,18,18,7,1,6,-52,7,683,12626,73,100,2,0,0
1446,3,4,768,0,292,13,4,7,1,2,-52,8,2159,26151,96,100,3,0,0
1425,7,2,1152,80,224,8,12,7,0,2,-52,7,601,10563,48,100,2,0,0
1420,11,10,1152,90,309,18,3,7,0,7,-52,8,1439,21612,85,100,4,0,0
1447,6,5,1024,10,273,14,4,5,1,5,-52,0,669,14966,89,100,2,0,0
1447,9,4,768,20,296,9,12,7,1,2,-52,7,2931,30970,93,100,3,0,0
1431,7,2,1152,80,226,8,12,7,0,2,-52,5,476,12131,49,100,1,0,0
1445,14,9,1024,0,285,12,13,7,1,4,-52,8,738,8549,89,100,1,0,0
1448,5,4,768,0,312,16,2,7,1,4,-52,9,1242,23507,96,100,2,0,0
1436,7,2,1152,50,227,8,12,7,0,2,-52,5,865,11994,49,100,1,0,0
1449,1,0,256,0,27,0,0,3,0,0,0,9,1748,32179,1525,100,2,0,0
1445,7,2,1152,70,228,8,12,7,0,2,-52,5,629,18343,50,100,3,0,0
1449,2,3,1024,0,237,8,10,5,1,1,-52,2,2110,15956,59,100,4,0,0
1450,8,4,768,0,276,8,12,7,1,2,-70,4,1084,18269,92,100,2,1,1
1430,11,10,1152,100,312,18,3,7,0,7,-52,8,840,17649,86,100,3,0,0
1436,11,10,1152,100,313,18,3,7,0,7,-52,8,342,11033,86,100,1,0,0
1450,19,14,1280,0,285,18,18,7,1,6,-52,7,821,18451,74,100,1,0,0
1451,4,1,512,20,296,11,11,7,3,1,-61,10,7653,43381,96,100,2,0,0
1450,12,7,1408,0,269,9,4,7,1,2,-52,4,692,17001,84,100,2,0,0
1452,10,4,768,10,295,10,12,7,1,3,-70,10,2446,26806,91,55,3,1,1
1453,9,4,768,0,297,9,12,7,1,2,-52,7,1030,16394,93,100,1,0,0
1453,14,9,1024,0,288,12,13,7,1,4,-52,8,1100,12435,89,100,2,0,0
1454,1,0,256,0,27,0,0,3,0,0,0,9,1259,17079,1532,100,1,0,0
1454,3,4,768,10,294,13,4,7,1,2,-52,8,2328,20546,96,100,2,0,0
1453,2,3,1024,10,237,8,10,5,1,1,-52,2,776,7771,60,100,1,0,0
1456,8,4,768,0,278,8,12,7,1,2,-70,4,662,10245,93,100,1,1,1
1434,25,19,1664,100,147,17,14,7,0,6,-70,1,605,8657,69,100,2,0,0
1458,6,5,1024,0,275,14,4,5,1,5,-52,0,836,15175,90,100,2,0,0
1445,25,19,1664,90,147,17,14,7,0,6,-70,1,362,9938,69,100,2,0,0
1453,7,2,1024,10,231,8,12,7,1,2,-52,5,1954,23341,50,100,2,0,0
1459,5,4,768,0,317,16,2,7,1,4,-52,9,2287,30002,97,100,3,0,0
1451,25,19,1664,90,147,17,14,7,0,6,-70,1,223,5468,70,100,1,0,0
1458,2,3,1024,0,237,8,10,5,1,1,-52,2,1092,7480,60,100,1,0,0
1458,7,2,1024,0,234,8,12,7,1,2,-52,5,980,12346,51,100,2,0,0
1460,4,1,512,0,298,11,11,7,3,1,-61,10,6462,33451,97,100,2,0,0
1461,10,4,768,0,297,10,12,7,1,3,-70,10,1480,20940,91,50,2,1,1
1462,3,4,768,0,298,13,4,7,1,2,-52,8,2201,18289,97,100,2,0,0
1463,9,4,768,10,303,9,12,7,1,2,-52,7,2818,28408,94,100,3,0,0
1463,14,9,1024,30,291,12,13,7,1,4,-52,8,1988,15997,90,100,2,0,0
1462,12,7,1280,0,274,9,4,7,1,2,-52,4,1073,20872,85,100,2,0,0
1461,19,14,1280,0,286,18,18,7,1,6,-52,7,1854,26972,75,100,4,0,0
1465,6,5,1024,10,279,14,4,5,1,5,-52,0,828,13225,90,100,3,0,0
1466,1,0,256,0,27,0,0,3,0,0,0,10,1948,35298,1544,100,2,0,0
1462,25,19,1536,10,150,17,14,7,1,6,-70,1,1711,11949,71,100,4,0,0
1468,5,1,512,0,321,18,2,7,2,5,-76,9,1720,23390,97,100,2,0,0
1467,10,4,768,0,301,10,12,7,1,3,-70,10,1458,17514,92,0,2,1,1
1467,14,9,1024,10,294,12,13,7,1,4,-52,8,1282,8434,90,100,2,0,0
1467,8,4,768,10,281,8,12,7,1,2,-70,4,876,15742,94,100,3,1,1
1469,2,3,1024,10,244,8,10,5,1,1,-52,2,2078,18635,61,100,3,0,0
1469,4,1,512,0,298,11,11,7,3,1,-61,10,4924,34078,98,100,1,0,0
1468,7,2,1024,20,236,8,12,7,1,2,-52,5,1036,22404,51,100,2,0,0
1471,11,5,768,0,323,20,3,7,2,8,-70,8,883,17460,88,100,1,0,0
1469,3,4,768,20,302,13,4,7,1,2,-52,8,2402,20489,98,100,1,0,0
1467,12,7,1280,0,276,9,4,7,1,2,-52,4,526,9129,86,100,2,0,0
1472,15,10,1024,10,307,7,14,7,1,2,-52,6,622,11106,84,100,2,0,0
1473,5,1,512,0,323,18,2,7,2,5,-76,10,1617,16536,98,100,2,0,0
1471,25,19,1536,0,152,17,14,7,1,6,-70,1,750,8751,71,100,3,0,0
1471,2,3,1024,0,247,8,10,5,1,1,-52,2,1491,8135,61,100,1,0,0
1474,9,4,768,0,307,9,12,7,1,2,-52,7,2983,33420,95,100,3,0,0
1473,19,14,1280,0,289,19,18,7,1,6,-52,7,1363,25312,75,100,3,0,0
1473,8,4,768,0,283,8,12,7,1,2,-70,4,595,10668,94,100,1,1,1
1475,4,1,512,0,298,11,11,7,3,1,-61,10,2789,17720,98,100,1,0,0
1473,6,5,768,10,282,15,4,5,1,5,-52,0,950,13863,91,100,1,0,0
1476,14,9,1024,0,298,12,14,7,1,4,-52,8,1927,18216,91,100,4,0,0
1477,1,0,256,0,27,0,0,3,0,0,0,10,2134,33447,1557,100,2,0,0
1475,2,3,1024,0,250,8,10,5,1,1,-52,2,864,7812,61,100,0,0,0
1478,19,14,1280,0,291,19,18,7,1,6,-52,7,968,12079,76,100,1,0,0
1478,7,2,1024,0,240,8,12,7,1,2,-52,5,1757,23070,52,100,3,0,0
1479,10,4,768,10,302,10,13,7,1,3,-70,10,1882,27944,93,100,4,1,1
1478,12,7,1280,0,278,9,4,7,1,2,-52,4,574,18423,86,100,1,0,0
1479,15,10,1024,0,309,7,14,7,1,2,-52,6,630,9748,85,100,1,0,0
1479,3,4,768,0,303,13,4,7,1,2,-52,8,2100,23133,98,100,2,0,0
1481,11,5,768,0,329,20,3,7,2,8,-70,8,1298,21397,88,100,4,0,0
1481,5,1,512,0,324,18,2,7,2,5,-76,10,1258,21990,98,100,2,0,0
1482,14,9,1024,0,299,12,14,7,1,4,-52,8,1025,11618,91,100,1,0,0
1484,15,10,1024,0,310,7,14,7,1,2,-52,6,641,6899,85,100,1,0,0
1483,6,5,768,0,285,15,4,5,1,5,-52,0,971,14429,92,100,2,0,0
1484,10,4,768,0,304,10,13,7,1,3,-70,10,989,13900,93,100,2,1,1
1482,19,14,1280,0,292,19,18,7,1,6,-52,7,483,9645,76,100,1,0,0
1483,25,19,1536,0,157,18,14,7,1,6,-70,1,1246,11375,72,100,4,0,0
1485,9,4,768,10,309,9,12,7,1,2,-52,7,2698,31717,96,100,3,0,0
1484,8,4,768,0,285,8,12,7,1,2,-70,4,1096,16827,95,100,2,1,1
1486,4,1,512,0,301,11,11,7,3,1,-61,10,5170,36642,99,100,2,0,0
1485,2,3,1024,0,251,8,10,5,1,1,-52,2,1231,13361,62,100,2,0,0
1488,1,0,256,0,27,0,0,3,0,0,0,10,2278,33302,1570,100,2,0,0
1486,7,2,1024,10,241,8,12,7,1,2,-52,5,1066,18640,53,100,1,0,0
1488,11,5,768,10,330,20,3,7,2,8,-70,8,841,14655,89,100,1,0,0
1490,8,4,768,10,288,8,12,7,1,2,-70,4,802,7118,95,100,1,1,1
1489,5,1,512,0,327,18,2,7,2,5,-76,10,2469,26585,99,100,3,0,0
1491,10,4,768,0,305,10,13,7,1,3,-70,10,707,14531,93,100,1,1,1
1491,15,10,1024,0,311,7,14,7,1,2,-52,7,529,8542,86,100,1,0,0
1488,12,7,1280,10,280,9,4,7,1,2,-52,4,1072,18489,87,100,2,0,0
1491,6,5,768,0,288,15,4,5,1,5,-52,0,820,11510,92,100,1,0,0
1489,3,4,768,10,305,13,4,7,1,2,-52,8,1981,23291,99,100,2,0,0
1491,21,11,1024,0,279,19,7,7,2,8,-95,5,1101,18073,79,100,4,0,0
1491,25,19,1536,10,158,18,14,7,1,6,-70,1,583,8161,73,100,1,0,0
1492,19,14,1280,10,293,19,18,7,1,6,-52,7,1337,22867,77,100,2,0,0
1492,4,1,512,0,301,11,11,7,3,1,-61,10,3493,22725,99,100,2,0,0
1494,14,9,1024,0,302,12,15,7,1,4,-52,8,2600,23743,92,100,4,0,0
1494,1,0,256,0,27,0,0,3,0,0,0,10,967,18322,1574,100,2,0,0
1494,5,1,512,20,328,18,2,7,2,5,-76,10,775,12688,99,100,0,0,0
1497,9,4,768,0,311,9,12,7,1,2,-52,7,1961,31291,96,100,2,0,0
1496,6,5,768,0,288,15,4,5,1,5,-52,0,284,9406,92,100,1,0,0
1498,10,4,768,0,307,10,13,7,1,3,-70,10,820,16108,94,100,1,1,1
1497,2,3,1024,0,253,8,10,5,1,1,-52,2,1645,19453,62,100,2,0,0
1497,7,2,1024,0,247,8,12,7,1,2,-52,5,2114,26146,53,100,3,0,0
1498,11,5,768,0,332,20,3,7,2,8,-70,7,1836,23941,90,100,4,0,0
1498,12,7,1280,0,287,9,4,7,1,2,-52,4,1326,17408,87,100,2,0,0
1500,15,10,1024,0,312,7,14,7,1,2,-52,7,562,11610,86,100,2,0,0
1501,14,9,1024,0,303,12,15,7,1,4,-52,8,525,11139,92,100,2,0,0
1500,19,14,1280,0,295,19,18,7,1,6,-52,7,886,18329,77,100,1,0,0
1499,8,4,768,0,289,8,12,7,1,2,-70,4,1008,12557,96,100,2,1,1
1501,5,1,512,0,328,18,2,7,2,5,-76,10,1823,20524,100,100,2,0,0
1502,9,4,768,10,312,9,12,7,1,2,-52,7,985,13990,97,100,1,0,0
1501,3,4,768,0,305,13,4,7,1,2,-52,8,1745,24309,100,100,2,0,0
1500,25,19,1536,0,164,18,14,7,1,6,-70,1,1248,10121,73,100,3,0,0
1502,2,3,1024,0,254,8,10,5,1,1,-52,2,1245,9358,63,100,1,0,0
1501,21,11,1187,10,284,19,7,7,2,8,-95,5,1921,20336,80,100,3,0,0
1504,4,1,512,10,302,11,11,7,2,1,-61,10,5545,37616,100,100,2,0,0
1503,6,5,768,0,288,15,4,5,1,5,-52,0,488,9806,93,100,2,0,0
1504,12,7,1280,10,292,9,4,7,1,2,-52,4,1155,11909,88,100,1,0,0
1504,11,5,768,0,334,20,3,7,2,8,-70,7,934,12056,90,100,1,0,0
1506,1,0,256,0,27,0,0,3,0,0,0,10,2423,35479,1586,100,2,0,0
1505,25,19,1536,0,167,18,14,7,1,6,-70,1,889,5629,73,100,2,0,0
1507,10,4,768,20,309,10,13,7,1,3,-70,10,1552,23108,94,100,3,1,1
1506,8,4,768,10,293,8,12,7,1,2,-70,4,1370,10138,96,100,1,1,1
1506,21,11,1024,0,286,19,7,7,2,8,-95,5,682,8228,80,100,1,0,0
1506,19,14,1280,20,297,19,18,7,1,6,-52,7,1369,16159,78,100,2,0,0
1508,15,10,1024,0,315,7,14,7,1,2,-52,7,892,10332,87,100,2,0,0
1509,9,4,768,0,313,9,12,7,1,2,-52,7,1687,19878,97,100,1,0,0
1508,7,2,1024,10,250,8,12,7,1,2,-52,5,1785,27203,54,100,3,0,0
1510,11,5,768,0,338,20,3,7,2,8,-70,7,1222,14118,90,100,1,0,0
1510,19,14,1280,0,299,19,18,7,1,6,-52,7,696,10219,78,100,1,0,0
1511,4,1,512,0,304,11,11,7,2,1,-61,10,3789,25776,100,100,2,0,0
1512,14,9,1024,0,307,12,15,7,1,4,-52,8,2652,23378,93,100,2,0,0
1514,5,1,512,0,329,18,2,7,2,5,-76,10,2680,32052,100,100,2,0,0
1514,10,4,768,0,310,10,13,7,1,3,-70,10,884,15177,95,100,1,1,1
1513,3,4,768,0,305,13,4,7,1,2,-52,8,1428,23926,100,100,2,0,0
1513,6,5,768,10,290,15,4,5,1,5,-52,0,832,14018,93,100,2,0,0
1513,25,19,1536,20,170,18,14,7,1,6,-70,2,1067,9370,74,100,2,0,0
1513,8,4,768,10,298,8,12,7,1,2,-70,4,1427,10359,97,100,3,1,1
1513,2,3,1024,0,256,8,10,5,1,1,-52,2,1390,17085,63,100,2,0,0
1513,12,7,1280,0,297,9,4,7,1,2,-52,4,1112,15937,88,100,2,0,0
1515,9,4,768,0,314,9,12,7,1,2,-52,7,1265,17328,98,100,2,0,0
1515,15,10,1024,10,318,7,14,7,1,2,-52,7,501,8332,87,100,1,0,0
1517,1,0,256,0,27,0,0,3,0,0,0,10,2270,30222,1601,100,1,0,0
1517,4,1,512,20,308,11,11,7,2,1,-61,10,3687,20396,101,100,2,0,0
1518,10,4,768,0,311,10,13,7,1,3,-70,10,661,9815,95,100,1,1,1
1517,3,4,768,10,307,13,4,7,1,2,-52,8,1645,12059,101,100,1,0,0
1517,21,11,1024,0,290,19,7,7,2,8,-95,5,1259,16678,81,100,3,0,0
1517,19,14,1280,10,301,19,18,7,1,6,-52,7,909,15284,78,100,2,0,0
1519,9,4,768,20,316,9,12,7,1,2,-52,7,1082,11791,98,100,1,0,0
1518,7,2,1024,0,254,8,12,7,1,2,-52,5,1560,20961,55,100,3,0,0
1520,5,1,512,0,333,18,2,7,2,5,-76,10,2208,19920,101,100,1,0,0
1520,2,3,1024,0,258,8,10,5,1,1,-52,2,1396,11634,64,100,1,0,0
1520,11,5,768,0,340,20,3,7,2,8,-70,7,1717,20878,91,100,3,0,0
1522,1,0,256,0,27,0,0,3,0,0,0,10,1006,15144,1604,100,2,0,0
1524,6,5,768,0,293,15,4,5,1,5,-52,0,786,13798,94,100,1,0,0
1523,12,7,1280,0,299,9,4,7,1,2,-52,4,656,16043,89,100,1,0,0
1523,15,10,1024,10,321,7,14,7,1,2,-52,7,688,10084,88,100,1,0,0
1519,25,19,1536,0,170,18,14,7,1,6,-70,2,444,6530,74,100,1,0,0
1525,10,4,768,0,311,10,13,7,1,3,-70,10,899,16701,96,100,1,1,1
1523,8,4,768,20,302,8,12,7,1,2,-70,4,1475,13822,97,100,2,1,1
1524,21,11,1024,0,293,19,7,7,2,8,-95,5,1008,10998,81,100,2,0,0
1524,14,9,1024,30,314,12,15,7,1,4,-52,8,2370,23776,94,100,2,0,0
1526,9,4,768,20,319,9,12,7,1,2,-52,8,1933,18763,98,100,1,0,0
1526,4,1,512,0,309,11,11,7,2,1,-61,10,4981,31913,101,100,2,0,0
1525,25,19,1536,0,174,18,14,7,1,6,-70,2,872,6872,75,100,2,0,0
1526,3,4,768,0,309,13,4,7,1,2,-52,8,1277,17523,101,100,1,0,0
1528,6,5,768,0,293,15,4,5,1,5,-52,0,260,6153,94,100,1,0,0
1527,1,0,256,0,27,0,0,3,0,0,0,10,985,14948,1607,100,0,0,0
1528,19,14,1280,10,305,19,18,7,1,6,-52,7,1751,26075,79,100,2,0,0
1529,7,2,1024,0,259,8,12,7,1,2,-52,5,1504,25756,55,100,2,0,0
1530,5,1,512,20,335,18,2,7,2,5,-76,10,2594,27519,101,100,2,0,0
1529,8,4,768,10,302,8,12,7,1,2,-70,4,810,7677,98,100,1,1,1
1530,4,1,512,20,311,11,11,7,2,1,-61,10,2698,16452,102,100,1,0,0
1529,11,5,768,0,342,20,3,7,2,8,-70,7,1578,20503,92,100,1,0,0
1529,21,11,1024,0,295,19,7,7,2,8,-95,5,1040,9594,82,100,2,0,0
1532,25,19,1536,0,176,18,14,7,1,6,-70,2,664,6830,75,100,3,0,0
1533,14,9,1024,10,318,12,15,7,1,4,-52,8,2049,18301,95,100,3,0,0
1533,3,4,768,40,311,13,4,7,1,2,-52,8,1448,15811,102,100,2,0,0
1533,1,0,256,0,27,0,0,3,0,0,0,10,1877,18684,1616,100,2,0,0
1533,10,4,768,0,315,10,13,7,1,3,-70,10,1323,23140,96,0,2,1,1
1533,8,4,768,10,304,8,12,7,1,2,-70,4,568,5920,98,100,0,1,1
1530,2,3,1024,0,259,8,10,5,1,1,-52,2,1614,17332,65,100,2,0,0
1534,12,7,1280,0,304,9,4,7,1,2,-52,4,1057,19295,90,100,4,0,0
1535,5,1,512,0,337,18,2,7,2,5,-76,10,1821,20312,102,100,1,0,0
1535,15,10,1024,0,325,7,14,7,1,2,-52,7,671,7797,89,100,3,0,0
1536,11,5,768,0,344,20,3,7,2,8,-70,7,910,13793,92,100,1,0,0
1536,9,4,768,10,323,9,12,7,1,2,-52,8,2379,30735,99,100,3,0,0
1539,6,5,768,0,295,15,4,5,1,5,-52,0,750,15738,95,100,2,0,0
1537,19,14,1280,0,309,19,18,7,1,6,-52,7,1593,23410,80,100,3,0,0
1538,1,0,256,0,27,0,0,3,0,0,0,10,969,14198,1622,100,0,0,0
1538,21,11,1024,0,299,19,7,7,2,8,-95,5,1253,14414,82,100,2,0,0
1538,12,7,1280,0,305,9,4,7,1,2,-52,4,397,8866,90,100,1,0,0
1539,7,2,1024,0,264,8,12,7,1,2,-52,5,1925,27754,56,100,3,0,0
1540,2,3,1024,0,261,8,10,5,1,1,-52,2,1804,16828,65,100,2,0,0
1540,10,4,768,10,317,10,13,7,1,3,-70,10,1191,16618,97,66,1,1,1
1541,8,4,768,0,310,8,12,7,1,2,-70,4,1380,11793,98,100,4,1,1
1542,4,1,512,0,316,11,11,7,2,1,-61,10,5974,39851,102,100,2,0,0
1542,5,1,512,0,338,18,2,7,2,5,-76,10,1302,16552,102,100,1,0,0
1543,3,4,768,0,313,13,4,7,1,2,-52,8,1862,20953,102,100,3,0,0
1541,14,9,1024,10,322,12,15,7,1,4,-52,9,2078,21501,95,100,4,0,0
1543,25,19,1536,0,180,18,14,7,1,6,-70,2,1202,12143,76,100,3,0,0
1543,6,5,768,0,296,15,4,5,1,5,-52,0,643,10103,96,100,1,0,0
1543,11,5,768,20,346,20,3,7,2,8,-70,7,1737,17495,93,100,1,0,0
1544,9,4,768,10,326,9,12,7,1,2,-52,9,1999,25335,100,100,3,0,0
1545,2,3,1024,20,262,8,10,5,1,1,-52,2,705,8387,66,100,1,0,0
1544,7,2,1024,0,267,8,12,7,1,2,-52,5,804,11964,56,100,1,0,0
1546,5,1,512,0,338,18,2,7,2,5,-76,10,1357,12782,102,100,1,0,0
1546,10,4,768,10,320,10,13,7,1,3,-70,10,718,13856,97,100,1,1,1
1514,20,14,1408,100,200,28,18,7,0,15,-70,3,535,7754,84,100,3,0,0
1545,21,11,1102,0,301,19,7,7,2,8,-95,5,1252,12609,83,100,2,0,0
1548,4,1,512,0,316,11,11,7,2,1,-61,10,3526,22017,103,100,1,0,0
1524,20,14,1408,90,200,28,18,7,0,15,-70,3,594,9544,85,100,2,0,0
1548,12,7,1280,0,309,9,4,7,1,2,-52,4,955,17616,91,100,3,0,0
1549,1,0,256,0,27,0,0,3,0,0,0,10,2514,31731,1635,100,3,0,0
1535,20,14,1408,80,201,28,18,7,0,15,-70,3,524,9249,85,100,2,0,0
1550,6,5,768,0,298,15,4,5,1,5,-52,0,671,9975,96,100,1,0,0
1548,14,9,1024,40,323,12,15,7,1,4,-52,10,2627,18715,96,100,1,0,0
1551,8,4,768,0,311,8,12,7,1,2,-70,4,802,12381,99,100,1,1,1
1551,11,5,768,10,350,20,3,7,2,8,-70,7,1925,16997,93,100,1,0,0
1551,3,4,768,0,315,13,4,7,1,2,-52,8,2086,20720,103,100,2,0,0
1544,20,14,1408,90,202,28,18,7,0,15,-70,3,933,8030,86,100,2,0,0
1548,20,14,1280,70,205,28,18,7,1,15,-70,3,1397,5539,86,100,2,0,0
1548,19,14,1280,0,311,19,18,7,1,6,-52,7,1859,26924,80,100,3,0,0
1552,10,4,768,0,320,10,13,7,1,3,-70,10,601,14142,97,50,1,1,1
1550,25,19,1536,0,182,18,14,7,1,6,-70,2,898,7255,76,100,1,0,0
1552,7,2,1024,0,270,8,12,7,1,2,-52,5,1604,20854,57,100,2,0,0
1553,9,4,768,10,327,9,12,7,1,2,-52,9,2960,26029,100,100,2,0,0
1553,12,7,1280,0,311,9,4,7,1,2,-52,4,634,8940,91,100,1,0,0
1554,21,11,1049,0,302,19,7,7,2,8,-95,5,898,13876,83,100,2,0,0
1517,23,19,1664,80,283,22,8,7,0,8,-70,3,628,6374,86,100,2,0,0
1556,4,1,512,0,317,11,11,7,2,1,-61,10,4810,29824,103,100,1,0,0
1556,2,3,1024,0,265,8,10,5,1,1,-52,2,2354,16681,66,100,2,0,0
1555,6,5,768,0,299,15,4,5,1,5,-52,0,504,7603,96,100,1,0,0
1558,1,0,256,0,27,0,0,3,0,0,0,10,1777,24032,1642,100,1,0,0
1558,5,1,512,0,345,18,2,7,2,5,-76,9,4691,35699,103,100,2,0,0
1558,3,4,768,0,319,13,4,7,1,2,-52,8,1306,14232,103,100,2,0,0
1528,23,19,1664,70,283,22,9,7,0,8,-70,3,687,11733,87,100,3,0,0
1559,10,4,768,0,320,10,13,7,1,3,-70,10,584,13480,98,0,1,1,1
1534,23,19,1664,100,285,22,9,7,0,8,-70,4,312,5885,87,100,2,0,0
1557,20,14,1280,0,206,28,18,7,1,15,-70,3,1353,10372,87,100,3,0,0
1560,8,4,768,10,314,8,12,7,1,2,-70,4,915,11562,100,100,3,1,1
1560,11,5,768,10,355,20,3,7,1,8,-70,7,1791,21058,94,100,3,0,0
1545,23,19,1664,80,288,22,9,7,0,8,-70,4,764,12537,88,100,3,0,0
1561,2,3,1024,0,265,8,10,5,1,1,-52,2,911,10613,67,100,1,0,0
1560,14,9,1024,60,327,12,15,7,1,4,-52,10,4347,30262,97,100,3,0,0
1554,23,19,1536,80,288,22,9,7,1,8,-70,4,1093,11549,88,100,2,0,0
1563,3,4,768,0,321,13,4,7,1,2,-52,8,1500,13806,104,100,1,0,0
1564,4,1,512,50,320,11,11,7,2,1,-61,10,5573,30079,104,100,2,0,0
1559,19,14,1280,0,314,19,18,7,1,6,-52,7,3288,28349,81,100,3,0,0
1566,1,0,256,0,27,0,0,3,0,0,0,10,1905,22904,1656,100,1,0,0
1562,7,2,1024,10,275,8,12,7,1,2,-52,5,1715,24737,58,100,3,0,0
1564,5,1,512,20,345,18,2,7,1,5,-76,9,1728,17716,104,100,1,0,0
1564,9,4,768,10,330,9,12,7,1,2,-52,9,3518,32852,101,100,3,0,0
1561,21,11,1024,0,305,19,7,7,2,8,-95,5,1006,12497,84,100,1,0,0
1561,25,19,1536,10,189,18,14,7,1,6,-70,2,1520,12290,77,100,4,0,0
1562,12,7,1280,10,312,9,4,7,1,2,-52,4,590,15988,92,100,3,0,0
1565,10,4,768,20,322,10,13,7,1,3,-70,10,919,11375,98,100,2,1,1
1565,8,4,768,0,317,8,12,7,1,2,-70,4,973,7977,100,100,1,1,1
1562,20,14,1280,20,209,28,18,7,1,15,-70,3,528,5254,87,100,1,0,0
1564,19,14,1280,10,316,19,18,7,1,6,-52,7,1511,14974,82,100,1,0,0
1566,6,5,768,0,301,15,4,5,1,5,-52,0,798,16067,97,100,2,0,0
1567,15,10,1024,0,335,7,14,7,1,2,-52,7,777,13173,91,100,1,0,0
1565,23,19,1536,0,293,22,9,7,1,8,-70,4,2174,16257,89,100,4,0,0
1569,4,1,512,40,320,11,11,7,2,1,-61,10,4168,20768,104,100,1,0,0
1566,20,14,1280,0,209,28,18,7,1,15,-70,3,508,4967,88,100,1,0,0
1568,14,9,1024,30,328,12,15,7,1,4,-52,10,2799,20389,97,100,2,0,0
1570,21,11,1200,0,308,19,7,7,2,8,-95,5,2046,16161,84,100,4,0,0
1570,2,3,1024,0,267,8,10,5,1,1,-52,2,1620,13874,67,100,1,0,0
1568,25,19,1536,0,190,18,14,7,1,6,-70,2,646,7108,78,100,2,0,0
1570,10,4,768,0,324,10,13,7,1,3,-70,10,881,9776,99,100,0,1,1
1569,19,14,1280,0,317,19,18,7,1,6,-52,7,1114,11280,82,100,1,0,0
1571,15,10,1024,0,336,7,14,7,1,2,-52,7,418,5841,91,100,1,0,0
1571,11,5,768,20,360,20,3,7,1,8,-70,7,2376,24129,95,100,3,0,0
1572,8,4,768,0,318,8,12,7,1,2,-70,4,502,8345,100,100,1,1,1
1528,27,23,2048,100,24,10,3,5,0,4,-70,0,434,4718,25,100,2,0,0
1574,1,0,256,0,27,0,0,3,0,0,0,10,2121,22929,1667,100,2,0,0
1571,23,19,1536,30,294,22,9,7,1,8,-70,4,1047,9999,90,100,1,0,0
1574,5,1,512,20,348,18,2,7,1,5,-76,9,2951,26775,104,100,4,0,0
1534,27,23,2048,100,25,10,3,5,0,4,-70,0,438,4619,25,100,2,0,0
1573,6,5,768,0,303,15,4,5,1,5,-52,0,675,10945,98,100,2,0,0
1575,3,4,768,10,324,13,4,7,1,2,-52,8,1845,24668,105,100,2,0,0
1574,9,4,768,30,332,9,12,7,1,2,-52,9,3896,32833,102,100,2,0,0
1574,2,3,1024,20,270,8,10,5,1,1,-52,2,832,8789,68,100,1,0,0
1543,27,23,2048,100,26,10,3,5,0,4,-70,0,591,8389,26,100,3,0,0
1573,12,7,1280,10,313,9,4,7,1,2,-52,4,465,17009,92,100,1,0,0
1574,7,2,1024,0,278,8,12,7,1,2,-52,5,1687,26515,58,100,2,0,0
1556,27,23,2048,90,28,10,3,5,0,4,-70,0,415,9706,27,100,3,0,0
1577,4,1,512,30,321,11,11,7,2,1,-61,10,6184,31004,105,100,1,0,0
1565,27,23,1920,90,28,10,3,5,0,4,-70,0,753,8361,27,100,2,0,0
1577,8,4,768,10,319,8,12,7,1,2,-70,4,773,7673,101,100,1,1,1
1575,23,19,1536,20,294,22,9,7,1,8,-70,4,1498,8518,90,100,1,0,0
1577,20,14,1280,0,213,28,18,7,1,15,-70,3,838,10146,88,100,2,0,0
1575,27,23,1792,10,29,10,3,5,1,4,-70,0,1902,11426,28,100,3,0,0
1578,12,7,1280,0,314,9,4,7,1,2,-52,4,590,8432,93,100,1,0,0
1578,10,4,768,0,328,10,13,7,1,3,-70,10,1373,16586,99,100,2,1,1
1578,19,14,1280,0,319,19,18,7,1,6,-52,7,3068,27169,82,100,2,0,0
1578,14,9,1024,30,330,12,15,7,1,4,-52,10,3651,25450,98,100,2,0,0
1580,9,4,768,10,333,9,12,7,1,2,-52,9,2223,17327,102,100,2,0,0
1580,6,5,768,0,304,15,4,5,1,5,-52,0,419,9698,98,100,1,0,0
1578,25,19,1536,0,194,18,14,7,1,6,-70,2,950,11030,78,100,3,0,0
1579,21,11,1024,0,311,19,7,7,2,8,-95,5,835,14991,85,100,2,0,0
1579,20,14,1280,0,213,28,18,7,1,15,-70,3,444,6828,88,100,1,0,0
1581,2,3,1024,0,273,8,10,5,1,1,-52,2,1690,12551,68,100,2,0,0
1583,4,1,512,20,321,11,11,7,2,1,-61,10,4441,22875,105,100,1,0,0
1581,7,2,1024,0,283,8,12,7,1,2,-52,5,1259,18808,59,100,2,0,0
1581,11,5,768,10,364,20,3,7,1,8,-70,7,1925,22592,95,100,3,0,0
1584,5,1,512,10,351,18,2,7,1,5,-76,9,2868,26923,105,100,2,0,0
1584,3,4,768,20,325,13,4,7,1,2,-52,8,2660,23051,105,100,2,0,0
1583,12,7,1280,0,314,9,4,7,1,2,-52,4,288,8156,93,100,1,0,0
1585,10,4,768,0,329,10,13,7,1,3,-70,10,1102,12371,100,50,1,1,1
1583,14,9,1024,20,330,12,15,7,1,4,-52,10,1450,12734,98,100,1,0,0
1583,19,14,1280,10,320,19,18,7,1,6,-52,7,1150,14352,83,100,1,0,0
1586,1,0,256,0,27,0,0,3,0,0,0,10,2721,32128,1682,100,2,0,0
1582,8,4,768,10,322,8,12,7,1,2,-70,4,740,10344,101,100,1,1,1
1588,2,3,1024,0,273,8,10,5,1,1,-52,2,852,10113,68,100,1,0,0
1584,23,19,1536,0,299,22,9,7,1,8,-70,4,1439,15257,90,100,2,0,0
1553,13,8,1152,90,242,9,19,7,0,4,-52,6,794,7646,58,100,3,0,0
1584,20,14,1280,0,213,28,18,7,1,15,-70,3,428,7223,89,100,1,0,0
1587,11,5,768,0,364,20,3,7,1,8,-70,7,648,12036,96,100,1,0,0
1590,15,10,1024,0,344,7,14,7,1,2,-52,7,1126,14039,92,100,2,0,0
1591,4,1,512,20,324,11,11,7,2,1,-61,10,4758,29096,106,100,3,0,0
1591,9,4,768,50,338,9,12,7,1,2,-52,9,3821,32485,103,100,2,0,0
1585,27,23,1792,0,30,10,3,5,1,4,-70,0,660,10037,29,100,2,0,0
1592,8,4,768,0,323,8,13,7,1,2,-70,4,2338,19791,102,42,4,1,1
1592,5,1,512,70,355,18,2,7,1,5,-76,9,2060,20639,106,100,2,0,0
1585,13,8,1168,90,253,9,19,7,1,4,-52,6,563,6053,60,100,1,0,0
1589,14,9,1024,0,331,12,15,7,1,4,-52,10,1845,15837,99,100,1,0,0
1592,10,4,768,0,330,10,13,7,1,3,-70,10,1096,14830,100,100,2,1,1
1594,2,3,1024,0,276,8,10,5,1,1,-52,2,684,9348,69,100,2,0,0
1588,21,11,1035,30,316,19,7,7,2,8,-95,5,1821,15173,86,100,3,0,0
1595,1,0,256,0,27,0,0,3,0,0,0,10,2138,24599,1697,100,2,0,0
1592,20,14,1280,0,214,28,18,7,1,15,-70,3,681,12028,89,100,1,0,0
1592,6,5,787,0,309,15,4,5,1,5,-52,0,1150,16629,99,100,2,0,0
1595,13,8,1024,20,259,9,19,7,1,4,-52,6,2585,11650,61,100,3,0,0
1592,23,19,1536,10,300,22,9,7,1,8,-70,4,1188,13665,91,100,1,0,0
1595,21,11,1041,0,318,19,7,7,2,8,-95,5,1269,11839,86,100,2,0,0
1595,15,10,1024,0,347,7,14,7,1,2,-52,7,818,8099,93,100,2,0,0
1594,14,9,1024,20,331,12,15,7,1,4,-52,10,1361,13031,99,100,1,0,0
1597,5,1,512,0,355,18,2,7,1,5,-76,10,1668,15475,106,100,1,0,0
1593,19,14,1280,30,326,19,18,7,1,6,-52,7,2801,29601,84,100,2,0,0
1597,6,5,787,0,312,15,4,5,1,5,-52,0,628,8663,99,100,2,0,0
1599,3,4,768,0,329,13,4,7,1,2,-52,8,2137,22097,106,100,4,0,0
1592,27,23,1865,10,31,10,3,5,1,4,-70,0,976,6713,29,100,3,0,0
1599,13,8,1024,10,259,9,19,7,1,4,-52,6,413,4413,61,100,2,0,0
1599,11,5,787,0,367,20,3,7,1,8,-70,7,2170,26325,96,100,2,0,0
1601,9,4,768,50,339,9,12,7,1,2,-52,9,3308,30742,103,100,1,0,0
1601,4,1,512,0,328,11,11,7,2,1,-61,10,6062,36273,106,100,3,0,0
1595,25,19,1536,10,199,18,14,7,1,6,-70,2,1162,12008,80,100,3,0,0
1601,2,3,1024,10,279,8,10,5,1,1,-52,2,623,10769,69,100,2,0,0
1597,27,23,1817,0,31,10,3,5,1,4,-70,0,334,5017,29,100,1,0,0
1599,20,14,1280,0,218,28,18,7,1,15,-70,3,1305,12074,90,100,3,0,0
1603,10,4,768,0,334,10,13,7,1,3,-70,10,1831,21075,101,100,2,1,1
1603,15,10,1024,0,347,7,14,7,1,2,-52,7,499,10219,93,100,1,0,0
1604,1,0,256,0,27,0,0,3,0,0,0,10,1876,23649,1707,100,1,0,0
1601,25,19,1536,10,203,18,14,7,1,6,-70,2,947,7531,80,100,2,0,0
1603,8,4,768,20,328,8,13,7,1,2,-70,5,2229,18897,103,100,2,1,1
1604,5,1,512,10,358,18,2,7,1,5,-76,10,2142,19390,106,100,2,0,0
1603,23,19,1536,10,304,22,9,7,1,8,-70,4,2657,19864,92,100,3,0,0
1608,4,1,512,20,330,11,11,7,2,1,-61,10,4061,24453,107,100,1,0,0
1604,14,9,1024,10,333,12,15,7,1,4,-52,10,2945,24353,100,100,1,0,0
1604,19,14,1280,0,331,19,18,7,1,6,-52,7,3534,29729,84,100,2,0,0
1608,2,3,1024,0,280,8,10,5,1,1,-52,2,642,10534,70,100,1,0,0
1609,10,4,768,20,335,10,13,7,1,3,-70,10,859,9330,101,100,0,1,1
1608,27,23,1792,10,31,10,3,5,1,4,-70,0,413,9752,30,100,1,0,0
1610,8,4,768,0,330,8,13,7,1,2,-70,6,1391,13278,103,0,1,1,1
1606,6,5,787,10,315,15,4,5,1,5,-52,0,688,12312,100,100,1,0,0
1610,14,9,1024,20,336,12,15,7,1,4,-52,10,1813,13661,100,100,1,0,0
1606,11,5,787,10,368,20,3,7,1,8,-70,8,1067,12951,97,100,1,0,0
1612,9,4,768,10,341,9,13,7,1,2,-52,9,4008,34946,104,100,4,0,0
1610,3,4,768,10,330,13,4,7,1,2,-52,8,1356,22526,107,100,2,0,0
1606,21,11,1043,0,321,19,7,7,1,8,-95,5,1838,19391,87,100,3,0,0
1612,15,10,1024,0,348,7,14,7,1,2,-52,7,474,10237,94,100,1,0,0
1612,1,0,256,0,27,0,0,3,0,0,0,10,1609,20713,1715,100,2,0,0
1610,20,14,1280,10,222,28,18,7,1,15,-70,3,1023,17165,91,100,2,0,0
1613,2,3,1024,0,281,8,10,5,1,1,-52,2,362,6308,70,100,2,0,0
1612,5,1,512,20,363,18,2,7,1,5,-76,10,2864,22848,107,100,1,0,0
1613,25,19,1536,0,208,18,14,7,1,6,-70,1,1336,11719,81,100,3,0,0
1611,23,19,1536,0,306,22,9,7,1,8,-70,4,1414,16139,92,100,2,0,0
1614,4,1,512,0,330,11,11,7,2,1,-61,10,3838,22049,107,100,1,0,0
1612,6,5,787,20,318,15,4,5,1,5,-52,0,622,9648,100,100,2,0,0
1616,10,4,768,20,337,10,13,7,1,3,-70,10,1035,13214,102,100,2,1,1
1616,5,1,512,40,364,18,2,7,1,5,-76,10,1194,10847,107,100,1,0,0
1614,21,11,1043,0,322,19,7,7,1,8,-95,5,691,11518,87,100,2,0,0
1615,19,14,1280,0,334,19,18,7,1,6,-52,7,2195,27296,85,100,2,0,0
1614,11,5,787,0,372,20,3,7,1,8,-70,8,1873,17525,97,100,3,0,0
1618,2,3,1024,0,281,8,10,5,1,1,-52,2,332,8323,70,100,1,0,0
1618,6,5,787,0,318,15,4,5,1,5,-52,0,520,10793,101,100,1,0,0
1620,4,1,512,40,331,11,11,7,2,1,-61,10,2832,20145,108,100,1,0,0
1620,15,10,1024,0,350,7,14,7,1,2,-52,7,646,10008,94,100,2,0,0
1619,25,19,1536,0,213,18,14,7,1,6,-70,1,842,6645,81,100,2,0,0
1620,3,4,768,20,334,13,4,7,1,2,-52,8,1982,22460,108,100,2,0,0
1616,20,14,1280,10,226,28,18,7,1,15,-70,3,850,10045,91,100,1,0,0
1621,1,0,256,0,27,0,0,3,0,0,0,10,1901,23415,1726,100,1,0,0
1615,27,23,1792,0,34,10,3,5,1,4,-70,0,1015,9482,31,100,3,0,0
1621,9,4,768,30,343,9,13,7,1,2,-52,9,2256,25428,105,100,1,0,0
1619,14,9,1024,20,338,12,15,7,1,4,-52,10,2651,22420,100,100,2,0,0
1622,8,4,768,20,335,8,13,7,1,2,-70,6,1711,18133,104,33,3,1,1
1623,10,4,768,10,338,10,13,7,1,3,-70,10,1020,13469,102,100,1,1,1
1621,13,8,1024,0,265,9,19,7,1,4,-52,6,408,7441,62,100,2,0,0
1620,23,19,1536,0,309,22,9,7,1,8,-70,4,1422,14817,93,100,2,0,0
1624,25,19,1536,0,216,18,14,7,1,6,-70,1,650,5174,81,100,2,0,0
1624,21,11,1222,10,323,19,7,7,1,8,-95,5,1488,20156,88,100,2,0,0
1624,11,5,787,0,374,20,3,7,1,8,-70,9,2025,20765,98,100,2,0,0
1625,4,1,512,0,334,11,11,7,2,1,-61,10,3890,20121,108,100,1,0,0
1626,15,10,1024,0,351,7,14,7,1,2,-52,7,506,7579,95,100,1,0,0
1626,9,4,768,0,344,9,13,7,1,2,-52,9,1771,15332,105,100,1,0,0
1626,8,4,768,0,335,8,13,7,1,2,-70,6,539,7237,104,100,0,1,1
1627,3,4,768,0,334,13,4,7,1,2,-52,8,722,13525,108,100,1,0,0
1626,2,3,1024,0,282,8,10,5,1,1,-52,2,596,10932,71,100,2,0,0
1624,20,14,1280,10,228,28,18,7,1,15,-70,3,919,12054,92,100,2,0,0
1627,14,9,1024,10,341,12,15,7,1,4,-52,10,2242,20676,101,100,2,0,0
1628,5,1,512,10,371,18,2,7,1,5,-76,10,3472,32024,108,100,2,0,0
1626,19,14,1280,0,335,19,18,7,1,6,-52,7,2195,28750,86,100,3,0,0
1631,6,5,787,0,320,15,4,5,1,5,-52,0,865,17467,101,100,2,0,0
1630,15,10,1024,0,351,7,14,7,1,2,-52,7,403,5754,95,100,1,0,0
1631,8,4,768,0,336,8,13,7,1,2,-70,6,618,7968,104,0,1,1,1
1626,27,23,1792,0,38,10,3,5,1,4,-70,0,1401,12260,32,100,3,0,0
1632,10,4,768,0,341,10,13,7,1,3,-70,10,1596,17602,103,100,2,1,1
1630,25,19,1536,0,217,18,14,7,1,6,-70,1,500,5955,82,100,2,0,0
1629,20,14,1280,0,230,28,18,7,1,15,-70,3,634,7585,92,100,2,0,0
1632,1,0,256,0,27,0,0,3,0,0,0,10,2230,28484,1737,100,2,0,0
1633,9,4,768,0,345,9,13,7,1,2,-52,9,2111,20897,106,100,2,0,0
1632,19,14,1280,20,336,19,18,7,1,6,-52,8,1210,13194,86,100,2,0,0
1634,11,5,787,30,376,20,3,7,1,8,-70,9,1257,18426,99,100,1,0,0
1631,23,19,1536,0,313,22,9,7,1,8,-70,5,1709,18240,94,100,4,0,0
1632,21,11,1064,0,325,19,7,7,1,8,-95,5,711,12209,88,100,2,0,0
1636,4,1,512,30,338,11,11,7,2,1,-61,10,5798,37759,109,100,2,0,0
1636,5,1,512,10,371,18,2,7,1,5,-76,10,2151,20045,108,100,2,0,0
1634,25,19,1536,0,219,18,14,7,1,6,-70,1,755,5234,82,100,1,0,0
1636,3,4,768,10,336,13,4,7,1,2,-52,8,1645,20909,109,100,1,0,0
1636,8,4,768,0,339,8,13,7,1,2,-70,6,964,8884,105,100,1,1,1
1635,14,9,1024,40,343,12,15,7,1,4,-52,10,2625,18782,102,100,3,0,0
1632,27,23,1792,0,39,10,3,5,1,4,-70,0,506,5481,32,100,2,0,0
1638,2,3,1024,0,287,8,10,5,1,1,-52,2,1281,17602,72,100,3,0,0
1637,6,5,787,20,322,15,4,5,1,5,-52,0,500,10678,102,100,1,0,0
1640,1,0,256,0,27,0,0,3,0,0,0,10,1825,19808,1748,100,2,0,0
1637,19,14,1280,0,336,19,18,7,1,6,-52,8,1142,12287,87,100,1,0,0
1639,13,8,1024,0,267,9,19,7,1,4,-52,6,726,13336,64,100,2,0,0
1641,15,10,1024,0,356,7,14,7,1,2,-52,7,1123,13245,96,100,3,0,0
1641,10,4,778,10,342,10,13,7,1,3,-70,10,1452,18722,103,100,2,1,1
1637,27,23,1792,10,42,10,3,5,1,4,-70,0,1052,6215,32,100,1,0,0
1639,20,14,1280,10,232,28,18,7,1,15,-70,3,933,16105,92,100,2,0,0
1639,11,5,787,0,376,20,3,7,1,8,-70,9,958,10859,99,100,1,0,0
1640,21,11,1043,10,328,19,7,7,1,8,-95,5,1218,13953,89,100,3,0,0
1640,25,19,1536,10,222,18,14,7,1,6,-70,2,633,6307,82,100,1,0,0
1645,9,4,768,10,347,9,13,7,1,2,-52,9,3313,34228,106,100,2,0,0
1641,23,19,1536,0,315,22,9,7,1,8,-70,5,1771,16850,94,100,1,0,0
1645,2,3,1024,0,288,8,10,5,1,1,-52,2,393,10730,72,100,1,0,0
1645,4,1,512,0,344,11,11,7,2,1,-61,10,6352,35323,109,100,2,0,0
1644,14,9,1024,20,344,12,15,7,1,4,-52,10,2801,20480,102,100,2,0,0
1646,8,4,768,0,339,8,13,7,1,2,-70,6,887,15516,105,50,2,1,1
1643,19,14,1280,0,338,19,18,7,1,6,-52,9,1963,18158,87,100,2,0,0
1647,5,1,512,40,374,18,2,7,1,5,-76,10,2706,28647,109,100,2,0,0
1648,3,4,768,10,342,13,4,7,1,2,-52,7,1859,25337,109,100,3,0,0
1648,15,10,1024,0,357,7,14,7,1,2,-52,7,419,7991,96,100,1,0,0
1648,25,19,1536,0,224,18,14,7,1,6,-70,2,1087,8955,83,100,2,0,0
1650,1,0,256,0,27,0,0,3,0,0,0,10,1821,25709,1756,100,1,0,0
1646,21,11,1043,0,329,19,7,7,1,8,-95,5,551,9324,89,100,1,0,0
1646,27,23,1792,10,43,10,3,5,1,4,-70,0,726,9132,33,100,2,0,0
1650,10,4,768,0,344,10,13,7,1,3,-70,10,1184,17975,104,100,1,1,1
1650,9,4,768,20,348,9,13,7,1,2,-52,9,1906,19813,107,100,1,0,0
1648,23,19,1536,0,316,22,9,7,1,8,-70,5,1202,11242,95,100,3,0,0
1650,20,14,1280,10,235,28,18,7,1,15,-70,3,934,15648,93,100,3,0,0
1653,5,1,512,90,377,18,2,7,1,5,-76,10,1637,15573,110,100,1,0,0
1653,3,4,768,0,346,13,4,7,1,2,-52,7,1325,12634,110,100,1,0,0
1648,6,5,787,0,325,15,4,5,1,5,-52,0,1178,15742,103,100,2,0,0
1651,19,14,1280,10,338,19,18,7,1,6,-52,9,1734,20100,88,100,1,0,0
1655,8,4,768,0,340,8,13,7,1,2,-70,6,912,13375,106,0,1,1,1
1654,9,4,768,0,350,9,13,7,1,2,-52,9,1334,12457,107,100,1,0,0
1656,4,1,512,0,348,11,11,7,2,1,-61,10,5834,36552,110,100,2,0,0
1656,1,0,256,0,27,0,0,3,0,0,0,10,1777,17311,1765,100,1,0,0
1651,11,5,787,0,379,20,3,7,1,8,-70,9,1822,20758,100,100,3,0,0
1655,14,9,1024,10,346,12,15,7,1,4,-52,10,3181,25564,103,100,2,0,0
1654,23,19,1536,0,319,22,9,7,1,8,-70,5,907,9874,95,100,2,0,0
1656,2,3,1024,0,290,8,10,5,1,1,-52,1,986,17580,73,100,2,0,0
1652,21,11,1043,0,331,19,7,7,1,8,-95,5,705,9387,90,100,2,0,0
1660,3,4,768,0,346,13,4,7,1,2,-52,7,965,13541,110,100,1,0,0
1655,6,5,787,10,328,15,4,5,1,5,-52,0,766,10881,103,100,1,0,0
1658,11,5,787,0,382,20,3,7,1,8,-70,9,1416,14793,100,100,1,0,0
1659,9,4,768,10,351,9,13,7,1,2,-52,9,1041,12667,107,100,1,0,0
1659,10,4,768,10,347,10,13,7,1,3,-70,10,1118,15277,104,0,2,1,1
1661,8,4,768,0,343,8,13,7,1,2,-70,6,1158,11068,106,0,1,1,1
1659,25,19,1536,0,229,18,14,7,1,6,-70,2,1365,12060,84,100,3,0,0
1658,27,23,1792,10,49,10,3,5,1,4,-70,0,1446,13513,34,100,3,0,0
1660,19,14,1280,10,338,19,18,7,1,6,-52,9,1864,21636,88,100,2,0,0
1660,20,14,1280,10,237,28,18,7,1,15,-70,3,753,15084,94,100,2,0,0
1665,5,1,512,50,382,18,2,7,1,5,-76,10,4072,36126,110,100,2,0,0
1665,1,0,256,0,27,0,0,3,0,0,0,10,1896,23947,1775,100,2,0,0
1661,21,11,1043,20,334,19,7,7,1,8,-95,5,941,13941,90,100,2,0,0
1661,23,19,1536,10,319,22,9,7,1,8,-70,5,1183,12187,96,100,1,0,0
1666,10,4,768,0,348,10,13,7,1,3,-70,10,1282,13658,105,0,1,1,1
1667,3,4,768,0,347,13,4,7,1,2,-52,7,1264,15158,111,100,2,0,0
1667,4,1,512,30,351,11,11,7,2,1,-61,10,6407,40059,111,100,2,0,0
1665,14,9,1024,20,348,12,15,7,1,4,-52,10,2899,24698,103,100,2,0,0
1666,25,19,1536,0,231,18,14,7,1,6,-70,2,1070,7821,84,100,2,0,0
1668,8,4,768,10,344,8,13,7,1,2,-70,5,1009,11014,107,0,1,1,1
1669,2,3,1024,0,294,8,10,5,1,1,-52,1,1063,17457,74,100,3,0,0
1665,19,14,1280,30,342,19,18,7,1,6,-52,9,1695,13934,89,100,1,0,0
1662,27,23,1792,10,52,10,3,5,1,4,-70,0,579,4038,34,100,2,0,0
1668,11,5,787,0,384,20,3,7,1,8,-70,9,1743,17508,101,100,1,0,0
1667,6,5,787,0,330,15,4,5,1,5,-52,0,1254,18516,104,100,2,0,0
1670,9,4,768,10,354,9,13,7,1,2,-52,10,3832,34144,108,100,1,0,0
1672,1,0,256,0,27,0,0,3,0,0,0,10,1442,18320,1784,100,1,0,0
1672,10,4,768,0,349,10,13,7,1,3,-70,10,648,12070,105,100,1,1,1
1669,19,14,1280,30,343,19,18,7,1,6,-52,9,1028,12041,89,100,0,0,0
1673,15,10,1024,0,362,7,14,7,1,2,-52,7,809,11745,98,100,2,0,0
1672,8,4,768,10,345,8,13,7,1,2,-70,5,975,9133,107,50,1,1,1
1671,20,14,1280,0,237,28,18,7,1,15,-70,3,902,17133,95,100,2,0,0
1670,25,19,1536,10,233,18,14,7,1,6,-70,2,788,5559,84,100,0,0,0
1675,3,1,587,10,350,15,4,7,2,3,-76,7,1840,20941,111,100,2,0,0
1676,5,1,512,10,386,18,2,7,1,5,-76,10,2471,27854,111,100,2,0,0
1675,14,9,1024,20,350,12,15,7,1,4,-52,10,3113,24515,104,100,3,0,0
1677,4,1,512,20,352,11,11,7,2,1,-61,10,5033,34782,111,100,2,0,0
1673,19,14,1280,30,346,19,18,7,1,6,-52,9,1351,10922,89,100,0,0,0
1671,27,23,1792,0,55,10,3,5,1,4,-70,0,759,9137,35,100,1,0,0
1678,9,4,768,20,355,9,13,7,1,2,-52,10,2175,22916,108,100,2,0,0
1677,2,3,843,10,297,8,10,5,1,1,-52,1,679,14343,74,100,1,0,0
1672,23,19,1536,0,322,22,10,7,1,8,-70,5,2008,17843,96,100,4,0,0
1675,27,23,1792,0,56,10,3,5,1,4,-70,0,582,4767,35,100,1,0,0
1679,10,4,768,0,351,10,13,7,1,3,-70,10,1340,11679,106,100,2,1,1
1677,25,19,1536,10,235,18,14,7,1,6,-70,3,1199,8744,85,100,2,0,0
1672,21,11,1043,10,336,19,7,7,1,8,-95,5,1138,16928,91,100,3,0,0
1680,1,0,256,0,27,0,0,3,0,0,0,10,2295,22917,1794,100,2,0,0
1678,6,5,787,0,331,15,4,5,1,5,-52,0,670,16643,105,100,2,0,0
1679,15,10,1024,0,363,7,14,7,1,2,-52,7,394,7810,98,100,1,0,0
1680,11,5,787,0,385,20,3,7,1,8,-70,9,1319,21830,102,100,2,0,0
1679,19,14,1280,0,347,19,18,7,1,6,-52,9,1414,14230,89,100,1,0,0
1682,5,1,512,30,388,18,2,7,1,5,-76,10,2276,18894,111,100,1,0,0
1682,3,1,512,0,354,15,4,7,2,3,-76,7,1927,16772,112,100,3,0,0
1681,13,8,1024,10,278,9,19,7,1,4,-52,5,776,15621,66,100,2,0,0
1647,28,23,1920,80,4,2,4,3,0,2,-52,0,629,10217,2,100,5,0,0
1684,14,9,1024,50,353,12,15,7,1,4,-52,10,2789,22158,105,100,2,0,0
1685,4,1,512,10,355,11,11,7,2,1,-61,10,4690,27916,112,100,1,0,0
1681,20,14,1280,10,240,28,18,7,1,15,-70,3,738,14897,95,100,3,0,0
1653,28,23,1920,90,5,3,5,3,0,2,-52,0,777,5219,2,100,6,0,0
1685,8,4,806,30,348,8,13,7,1,2,-70,5,1843,20254,108,100,2,1,1
1685,10,4,768,10,352,10,13,7,1,3,-70,10,1000,9320,106,100,1,1,1
1680,21,11,1128,0,339,19,7,7,1,8,-95,5,1814,14852,92,100,3,0,0
1681,23,19,1536,40,324,22,10,7,1,8,-70,5,1808,17757,97,100,3,0,0
1687,5,1,512,40,391,18,2,7,1,5,-76,10,1608,13512,112,100,1,0,0
1688,3,1,512,0,355,15,4,7,2,3,-76,7,481,9865,112,100,1,0,0
1661,28,23,1920,80,6,3,5,6,0,2,-52,0,958,8047,2,100,4,0,0
1689,9,4,768,10,356,9,13,7,1,2,-52,10,3049,30883,109,100,2,0,0
1688,2,3,768,0,302,9,10,5,1,1,-52,1,1291,16757,75,100,3,0,0
1679,28,23,1920,60,8,3,5,7,0,2,-52,0,758,9198,3,100,5,0,0
1689,4,1,516,10,357,11,11,7,2,1,-61,10,2918,15657,112,100,1,0,0
1685,11,5,787,10,386,20,3,7,1,8,-70,9,972,11125,102,100,1,0,0
1680,27,23,1792,10,59,10,3,5,1,4,-70,0,740,5670,35,100,2,0,0
1687,13,8,1024,20,281,9,19,7,1,4,-52,5,581,9466,67,100,1,0,0
1687,6,5,787,10,334,15,4,5,1,5,-52,0,829,12063,105,100,2,0,0
1685,20,14,1280,10,241,28,18,7,1,15,-70,3,780,7772,96,100,0,0,0
1688,21,11,1043,20,343,19,7,7,1,8,-95,5,1163,11416,92,100,2,0,0
1687,25,19,1536,10,240,18,14,7,1,6,-70,3,1541,10950,86,100,3,0,0
1692,1,0,256,0,27,0,0,3,0,0,0,10,2752,31653,1806,100,2,0,0
1691,19,14,1280,0,348,19,18,7,1,6,-52,9,3238,27963,90,100,2,0,0
1695,11,5,787,0,387,20,3,7,1,8,-70,9,1712,17624,103,100,2,0,0
1693,8,4,768,0,352,8,13,7,1,2,-70,5,1756,15452,108,100,1,1,1
1694,2,3,768,0,303,9,10,5,1,1,-52,1,392,8492,75,100,1,0,0
1693,10,4,768,0,356,10,13,7,1,3,-70,10,1249,12872,107,0,1,1,1
1695,4,1,512,30,359,11,11,7,2,1,-61,10,3162,17168,112,100,1,0,0
1692,14,9,1024,0,356,12,15,7,2,4,-52,10,3213,21514,105,100,2,0,0
1689,23,19,1536,20,328,22,10,7,1,8,-70,5,2358,17802,97,100,1,0,0
1696,5,1,512,10,393,18,2,7,1,5,-76,10,2814,25724,112,100,1,0,0
1688,28,23,1792,0,9,3,5,7,1,2,-52,0,1699,10147,4,100,4,0,0
1697,3,1,512,0,357,15,4,7,2,3,-76,7,1569,22390,113,100,3,0,0
1692,25,19,1536,10,241,18,14,7,1,6,-70,3,408,5360,86,100,0,0,0
1674,26,25,1920,70,243,21,10,7,0,6,-52,2,870,8094,71,100,3,0,0
1679,26,25,1920,80,245,21,10,7,0,6,-52,2,451,4420,71,100,3,0,0
1698,9,4,768,70,357,9,13,7,2,2,-52,10,3660,33044,110,100,1,0,0
1693,27,23,1792,0,61,10,3,5,1,4,-70,0,1107,12951,36,100,2,0,0
1698,21,11,1043,0,346,19,7,7,1,8,-95,5,1500,16441,93,100,3,0,0
1690,26,25,1920,80,249,21,10,7,0,6,-52,2,989,8913,72,100,3,0,0
1697,20,14,1280,0,244,28,18,7,1,15,-70,3,1036,16841,96,100,3,0,0
1697,6,5,787,0,337,15,4,5,1,5,-52,0,1215,15937,106,100,2,0,0
1697,25,19,1536,0,243,18,14,7,1,6,-70,3,1837,9063,86,100,2,0,0
1696,23,19,1536,30,332,22,10,7,1,8,-70,5,1672,13135,98,100,2,0,0
1699,26,25,1792,10,252,21,10,7,1,6,-52,2,1958,14654,72,100,4,0,0
1700,8,4,768,20,357,8,13,7,1,2,-70,5,1259,11107,109,100,2,1,1
1701,1,0,256,0,27,0,0,3,0,0,0,10,2903,26113,1824,100,2,0,0
1700,5,1,512,10,395,18,2,7,1,5,-76,10,1432,12815,113,100,1,0,0
1700,14,9,1024,0,357,12,15,7,2,4,-52,10,4017,21956,106,100,3,0,0
1703,4,1,512,60,359,11,11,7,2,1,-61,10,6187,97258,113,100,1,0,0
1702,3,1,512,0,359,15,4,7,2,3,-76,7,743,11734,113,100,1,0,0
1699,15,10,1024,0,366,7,14,7,1,2,-52,7,522,10262,100,100,1,0,0
1701,10,4,768,10,357,10,13,7,1,3,-70,10,1130,10196,107,100,2,1,1
1703,2,3,768,0,304,9,10,5,1,1,-52,1,643,12445,76,100,2,0,0
1698,28,23,1792,0,10,3,5,7,1,2,-52,0,833,9849,5,100,4,0,0
1701,11,5,787,0,388,20,3,7,1,8,-70,9,1287,15922,103,100,2,0,0
1701,25,19,1536,0,245,18,14,7,1,6,-70,3,1044,7535,87,100,1,0,0
1698,13,8,1024,10,283,9,19,7,1,4,-52,5,979,17657,68,100,2,0,0
1706,21,11,1043,0,348,19,7,7,1,8,-95,5,699,12174,93,100,2,0,0
1705,8,4,780,30,358,8,13,7,1,2,-70,5,958,8996,109,100,0,1,1
1702,13,8,1024,0,283,9,19,7,1,4,-52,5,399,6653,68,100,1,0,0
1706,19,14,1280,30,353,19,18,7,1,6,-52,9,3858,29369,91,100,2,0,0
1704,27,23,1792,0,64,10,3,5,1,4,-70,0,985,10551,37,100,3,0,0
1706,26,25,1792,0,256,21,10,7,1,6,-52,2,1180,11591,73,100,2,0,0
1707,10,4,768,0,359,10,13,7,1,3,-70,10,972,8682,108,100,2,1,1
1709,9,4,768,10,360,9,13,7,2,2,-52,10,4681,36570,110,100,3,0,0
1708,23,19,1536,0,333,22,10,7,1,8,-70,5,2209,20152,98,100,1,0,0
1708,2,3,768,0,306,9,10,5,1,1,-52,1,720,8998,76,100,1,0,0
1708,15,10,1024,0,369,7,14,7,1,2,-52,7,873,11473,100,100,2,0,0
1709,6,5,787,0,339,15,4,5,1,5,-52,0,939,16382,107,100,2,0,0
1710,1,0,256,0,27,0,0,3,0,0,0,10,2120,23184,1835,100,1,0,0
1710,4,1,512,0,359,11,11,7,2,1,-61,10,4030,25769,113,100,2,0,0
1710,3,1,512,0,361,15,4,7,2,3,-76,7,1465,17241,114,100,1,0,0
1709,20,14,1280,0,247,28,18,7,1,15,-70,3,943,17217,97,100,2,0,0
1707,28,23,1792,0,11,3,5,7,1,2,-52,0,529,8610,5,100,3,0,0
1712,13,8,1024,10,288,9,19,7,1,4,-52,5,1066,14019,68,100,3,0,0
1712,14,9,1024,0,358,12,15,7,2,4,-52,10,3482,28283,107,100,2,0,0
1710,25,19,1536,10,248,18,14,7,1,6,-70,3,1781,13370,87,100,3,0,0
1677,29,23,1920,80,4,3,6,3,0,2,-70,0,956,9349,2,100,8,0,0
1713,19,14,1280,50,355,19,18,7,1,6,-52,9,2533,20811,92,100,1,0,0
1712,5,1,512,0,399,18,2,7,1,5,-76,10,3103,31738,113,100,2,0,0
1711,26,25,1792,10,258,21,10,7,1,6,-52,2,503,8279,73,100,1,0,0
1714,10,4,768,0,359,10,13,7,1,3,-70,10,805,9127,108,50,1,1,1
1688,29,23,1920,90,4,3,6,4,0,2,-70,0,830,10217,3,100,6,0,0
1713,11,5,787,0,391,20,3,7,1,8,-70,9,1528,19847,104,100,2,0,0
1715,1,0,256,0,27,0,0,3,0,0,0,10,1373,13313,1843,100,1,0,0
1696,29,23,1920,90,5,3,6,5,0,2,-70,0,576,6458,3,100,4,0,0
1715,8,4,768,10,361,8,13,7,1,2,-70,5,1617,16872,110,100,2,1,1
1714,3,1,512,0,362,15,4,7,2,3,-76,7,590,10503,114,100,1,0,0
1715,4,1,512,0,360,11,11,7,2,1,-61,10,3328,18899,114,100,1,0,0
1714,23,19,1536,50,334,22,10,7,1,8,-70,5,2282,13607,99,100,2,0,0
1716,14,9,1024,0,358,12,15,7,2,4,-52,10,1846,11293,107,100,0,0,0
1715,2,3,768,0,307,9,10,5,1,1,-52,1,692,11802,77,100,1,0,0
1713,6,5,787,10,342,15,4,5,1,5,-52,0,610,8511,107,100,1,0,0
1718,11,5,787,20,393,20,3,7,1,8,-70,9,1255,75213,104,100,1,0,0
1716,20,14,1280,0,251,28,18,7,1,15,-70,3,818,9127,97,100,2,0,0
1718,9,4,768,10,364,9,13,7,2,2,-52,10,4817,32345,111,100,3,0,0
1718,5,1,512,40,401,18,2,7,1,5,-76,10,2056,15802,114,100,1,0,0
1701,29,23,1920,90,5,3,6,5,0,2,-70,0,385,4648,4,100,3,0,0
1710,29,23,1792,0,7,3,7,5,1,2,-70,0,1622,9959,4,100,6,0,0
1719,19,14,1280,40,357,19,18,7,1,6,-52,9,2153,15981,92,100,2,0,0
1718,3,1,512,0,362,15,4,7,2,3,-76,7,577,8640,114,100,1,0,0
1716,25,19,1536,0,249,18,15,7,1,6,-70,3,1307,8759,88,100,3,0,0
1718,6,5,787,10,344,15,4,5,1,5,-52,0,685,6841,107,100,1,0,0
1711,27,23,1792,0,65,10,3,5,1,4,-70,0,501,7352,37,100,1,0,0
1716,21,11,1043,10,350,19,8,7,1,8,-95,5,986,17131,94,100,3,0,0
1719,15,10,1024,0,375,7,14,7,1,2,-52,7,1149,13844,101,100,3,0,0
1720,1,0,256,0,27,0,0,3,0,0,0,10,1381,14561,1848,100,1,0,0
1720,4,1,512,10,361,11,11,7,2,1,-61,10,3322,19298,114,100,1,0,0
1720,2,3,768,0,310,9,10,5,1,1,-52,1,720,7409,77,100,1,0,0
1718,26,25,1792,0,261,21,10,7,1,6,-52,1,819,10545,74,100,2,0,0
1716,29,23,1792,0,7,3,7,6,1,2,-70,0,460,5459,5,100,2,0,0
1722,6,5,787,0,345,15,4,5,1,5,-52,0,727,7838,108,100,0,0,0
1724,9,4,768,0,367,9,14,7,2,2,-52,10,2630,22403,111,100,2,0,0
1719,27,23,1792,0,67,10,3,5,1,4,-70,0,710,7361,38,100,1,0,0
1723,11,5,787,10,396,20,3,7,1,8,-70,9,1342,11400,105,100,2,0,0
1724,8,4,768,20,364,8,13,7,1,2,-70,5,1034,14104,110,100,2,1,1
1724,21,11,1108,0,354,19,8,7,1,8,-95,5,1200,12952,94,100,2,0,0
1725,20,14,1280,0,255,28,18,7,1,15,-70,3,1076,13972,98,100,2,0,0
1726,14,9,1024,10,363,12,15,7,2,4,-52,10,3961,26403,107,100,2,0,0
1726,5,1,512,0,403,18,2,7,1,5,-76,10,2492,21466,114,100,2,0,0
1722,10,4,768,10,363,10,13,7,1,3,-70,10,1291,12325,109,100,2,1,1
1718,28,23,1792,10,11,3,5,7,1,2,-52,0,677,10131,6,100,3,0,0
1723,13,8,1024,20,291,9,19,7,1,4,-52,5,799,17458,69,100,2,0,0
1728,4,1,512,30,364,11,11,7,2,1,-61,10,4392,26786,115,100,1,0,0
1727,13,8,1024,10,292,9,19,7,1,4,-52,5,478,6241,69,100,1,0,0
1723,25,19,1536,0,252,18,15,7,1,6,-70,4,1222,10667,88,100,3,0,0
1726,23,19,1536,10,339,22,10,7,1,8,-70,5,3642,26613,100,100,3,0,0
1725,27,23,1792,10,69,10,3,5,1,4,-70,0,779,6045,38,100,2,0,0
1730,19,14,1280,10,363,19,18,7,1,6,-52,9,4118,28983,93,100,3,0,0
1728,26,25,1792,0,265,21,10,7,1,6,-52,1,1034,15395,74,100,3,0,0
1729,3,1,512,0,364,15,4,7,2,3,-76,7,1579,23468,115,100,2,0,0
1730,1,0,256,0,27,0,0,3,0,0,0,10,2838,27854,1866,100,2,0,0
1724,29,23,1792,0,10,3,7,6,1,2,-70,0,1130,8077,5,100,5,0,0
1731,9,4,768,0,372,9,14,7,2,2,-52,10,3801,25522,112,100,3,0,0
1726,28,23,1792,0,12,3,5,7,1,2,-52,0,835,8164,7,100,2,0,0
1731,5,1,512,10,405,18,2,7,1,5,-76,10,963,12825,115,100,1,0,0
1733,14,9,1024,0,363,12,15,7,2,4,-52,10,3198,20967,108,100,1,0,0
1732,13,8,1024,10,294,9,19,7,1,4,-52,5,473,7507,70,100,1,0,0
1732,2,3,768,0,312,9,10,5,1,1,-52,1,822,17809,78,100,2,0,0
1711,7,8,1152,70,312,10,12,7,0,3,-52,5,923,24154,67,100,2,0,0
1733,10,4,768,10,366,10,13,7,1,3,-70,10,1667,14871,109,50,3,1,1
1715,7,8,1152,90,313,10,12,7,0,3,-52,5,663,9711,68,100,1,0,0
1729,29,23,1792,10,10,3,7,6,1,2,-70,0,469,4818,6,100,2,0,0
1726,7,8,1152,80,314,10,12,7,0,3,-52,5,881,23334,68,100,2,0,0
1734,4,1,512,10,365,11,11,7,2,1,-61,10,4719,25039,115,100,1,0,0
1730,25,19,1536,20,252,18,15,7,1,6,-70,4,985,9433,89,100,2,0,0
1735,1,0,256,0,27,0,0,3,0,0,0,10,1276,14746,1873,100,1,0,0
1735,8,4,768,20,365,8,13,7,1,2,-70,5,2474,21397,111,100,2,1,1
1733,27,23,1792,10,70,10,3,5,1,4,-70,0,746,8217,39,100,1,0,0
1733,28,23,1792,0,12,3,5,7,1,2,-52,0,380,5513,7,100,2,0,0
1735,20,14,1280,10,260,28,18,7,1,15,-70,3,1342,17272,99,100,3,0,0
1737,25,19,1536,10,255,18,15,7,1,6,-70,4,1137,8600,89,100,2,0,0
1736,3,1,512,0,365,15,4,7,2,3,-76,7,1689,15833,115,100,1,0,0
1737,19,14,1280,20,367,19,18,7,1,6,-52,9,3410,22340,93,100,2,0,0
1735,7,3,768,40,317,11,12,7,1,4,-70,5,2023,24411,69,100,2,0,0
1702,31,25,1920,80,162,21,83,5,0,7,-70,0,867,9237,92,100,4,1,3
1737,23,19,1536,0,341,22,10,7,1,8,-70,5,3140,22537,100,100,2,0,0
1739,13,8,1024,0,295,9,19,7,1,4,-52,5,500,10062,70,100,1,0,0
1711,31,25,1920,80,165,21,84,5,0,7,-70,0,575,7942,93,100,4,1,3
1723,31,25,1920,70,171,21,86,5,0,7,-70,0,1013,9859,93,100,6,1,3
1735,12,7,1408,0,354,10,4,7,1,2,-52,4,1013,16297,103,100,2,0,0
1740,14,9,1024,0,366,12,15,7,2,4,-52,10,3592,19631,108,100,2,0,0
1741,9,4,768,20,374,9,14,7,2,2,-52,10,4520,34458,113,100,1,0,0
1736,26,25,1792,0,270,21,10,7,1,6,-52,1,1037,12269,75,100,4,0,0
1736,29,23,1792,0,11,3,7,6,1,2,-70,0,530,6396,6,100,3,0,0
1742,3,1,512,0,368,15,4,7,2,3,-76,8,2321,16623,116,100,1,0,0
1742,10,4,768,0,368,10,13,7,1,3,-70,10,1106,12542,110,50,2,1,1
1742,2,3,768,0,314,9,10,5,1,1,-52,1,882,15513,79,100,2,0,0
1743,4,1,512,70,367,11,11,7,2,1,-61,10,6929,36448,116,100,2,0,0
1744,1,0,256,0,27,0,0,3,0,0,0,10,1990,23062,1885,100,1,0,0
1727,31,25,1920,100,171,21,87,5,0,7,-70,0,283,4229,94,100,2,1,3
1744,12,7,1024,10,357,10,4,7,1,2,-52,4,778,13071,103,100,2,0,0
1741,25,19,1536,20,255,18,15,7,1,6,-70,4,1717,9598,89,100,0,0,0
1736,6,5,1152,0,349,15,4,5,1,5,-52,0,499,7566,108,100,1,0,0
1741,31,25,1792,20,175,21,90,5,1,7,-70,0,2086,9981,94,100,5,1,3
1740,27,23,1792,10,74,10,3,5,1,4,-70,0,997,8926,39,100,1,0,0
1745,19,14,1280,60,371,19,18,7,1,6,-52,9,3802,23601,94,100,2,0,0
1745,8,4,768,0,369,8,13,7,1,2,-70,5,1538,18905,112,100,2,1,1
1742,23,19,1536,0,341,22,10,7,1,8,-70,5,1404,11631,101,100,0,0,0
1743,26,25,1792,0,271,21,10,7,1,6,-52,1,717,8992,75,100,2,0,0
1746,7,3,768,10,320,12,12,7,1,4,-70,5,2205,26991,70,100,3,0,0
1746,20,14,1280,0,261,28,18,7,1,15,-70,3,682,11532,99,100,2,0,0
1747,28,23,1792,0,13,3,5,7,1,2,-52,0,516,6904,8,100,2,0,0
1749,14,9,1024,10,367,12,15,7,2,4,-52,10,4370,26872,109,100,1,0,0
1749,10,4,768,10,371,10,13,7,1,3,-70,10,1099,10956,110,0,1,1,1
1748,23,19,1536,0,343,22,10,7,1,8,-70,5,1108,10774,101,100,1,0,0
1748,26,25,1792,0,274,21,10,7,1,6,-52,1,799,9455,76,100,1,0,0
1749,19,14,1280,30,372,19,19,7,1,6,-52,9,1888,14617,94,100,2,0,0
1748,12,7,1024,10,358,11,4,7,1,2,-52,4,559,7153,104,100,1,0,0
1750,20,14,1280,0,261,28,18,7,1,15,-70,3,609,4881,100,100,1,0,0
1750,13,8,1024,0,296,9,19,7,1,4,-52,5,786,17094,71,100,2,0,0
1750,25,19,1536,0,259,18,15,7,1,6,-70,4,2569,19795,90,100,3,0,0
1751,3,1,512,10,370,15,4,7,1,3,-76,8,2537,21051,116,100,3,0,0
1749,29,23,1792,0,12,3,7,6,1,2,-70,0,950,10894,7,100,4,0,0
1751,31,25,1792,0,180,21,93,5,1,7,-70,0,1397,11146,95,100,6,1,3
1751,9,4,768,0,378,9,14,7,2,2,-52,10,6180,44343,113,100,3,0,0
1751,8,4,768,0,371,8,13,7,1,2,-70,5,866,14342,112,100,1,1,1
1754,25,19,1536,20,260,18,15,7,1,6,-70,4,979,8137,90,100,2,0,0
1754,10,4,768,0,373,10,13,7,1,3,-70,10,1068,7832,111,100,2,1,1
1752,7,3,768,0,320,12,12,7,1,4,-70,5,1041,15165,70,100,1,0,0
1755,20,14,1280,0,263,28,18,7,1,15,-70,3,824,5509,100,100,1,0,0
1754,1,0,256,0,27,0,0,3,0,0,0,10,2673,27077,1899,100,2,0,0
1755,4,1,512,30,369,11,11,7,2,1,-61,10,8603,45547,116,100,2,0,0
1753,2,3,768,0,318,9,10,5,1,1,-52,1,1082,17336,80,100,2,0,0
1753,15,10,1024,10,387,7,14,7,1,2,-52,7,934,14911,103,100,2,0,0
1754,26,25,1792,10,277,21,10,7,1,6,-52,1,578,7562,76,100,2,0,0
1756,9,4,768,10,379,9,14,7,2,2,-52,10,1216,13411,114,100,1,0,0
1753,23,19,1536,20,345,22,10,7,1,8,-70,5,1310,10952,101,100,1,0,0
1757,7,3,768,0,323,12,12,7,1,4,-70,5,1194,12376,71,100,2,0,0
1757,3,1,512,10,372,15,4,7,1,3,-76,8,1900,15895,117,100,2,0,0
1753,27,23,1792,0,76,10,3,5,1,4,-70,0,827,10108,40,100,3,0,0
1753,29,23,1792,0,13,3,7,6,1,2,-70,0,506,4593,7,100,3,0,0
1757,8,4,768,10,371,8,13,7,1,2,-70,5,453,10303,113,100,1,1,1
1754,28,23,1792,0,13,3,5,7,1,2,-52,0,452,7804,8,100,2,0,0
1759,14,9,1024,0,368,12,15,7,2,4,-52,10,4677,27439,110,100,2,0,0
1759,25,19,1536,20,262,18,15,7,1,6,-70,4,1184,10447,90,100,1,0,0
1759,10,4,768,10,375,10,13,7,1,3,-70,10,1074,8705,111,100,1,1,1
1758,2,3,768,0,319,9,10,5,1,1,-52,1,424,7010,80,100,1,0,0
1759,12,7,1024,0,362,11,5,7,1,2,-52,4,1102,15934,104,100,3,0,0
1758,13,8,1024,0,296,9,19,7,1,4,-52,5,352,11103,71,100,1,0,0
1759,15,10,1024,0,388,7,14,7,1,2,-52,7,690,7846,104,100,1,0,0
1760,19,14,1280,0,375,19,19,7,1,6,-52,9,3843,30862,95,100,2,0,0
1760,27,23,1792,0,77,10,3,5,1,4,-70,0,631,7031,40,100,2,0,0
1758,31,25,1792,0,182,21,95,5,1,7,-70,0,746,7587,96,100,3,1,3
1763,1,0,256,0,27,0,0,3,0,0,0,10,2121,20140,1913,100,2,0,0
1762,9,4,768,0,381,9,14,7,2,2,-52,10,3314,23609,114,100,1,0,0
1760,26,25,1792,0,278,21,10,7,1,6,-52,0,576,9317,76,100,2,0,0
1764,4,1,512,20,371,11,11,7,2,1,-61,10,6488,34514,117,100,2,0,0
1763,29,23,1792,0,15,3,7,6,1,2,-70,0,662,8717,8,100,4,0,0
1764,20,14,1280,0,265,28,18,7,1,15,-70,3,756,9362,101,100,2,0,0
1763,8,4,768,0,374,8,13,7,1,2,-70,5,1343,11763,113,100,3,1,1
1763,15,10,1024,0,389,7,14,7,1,2,-52,7,393,4684,104,100,1,0,0
1763,31,25,1792,10,184,21,96,5,1,7,-70,0,523,4772,96,100,3,1,3
1764,23,19,1536,10,349,22,10,7,1,8,-70,5,3488,24411,102,100,2,0,0
1764,28,23,1792,0,14,3,5,7,1,2,-52,0,1002,8996,9,100,2,0,0
1765,7,3,768,0,326,12,12,7,1,4,-70,5,1661,20763,71,100,3,0,0
1765,27,23,1792,0,78,10,3,5,1,4,-70,0,607,6725,41,100,1,0,0
1766,10,4,768,0,377,10,13,7,1,3,-70,10,1348,10709,111,100,1,1,1
1766,3,1,512,0,375,15,4,7,1,3,-76,8,2060,20989,117,100,2,0,0
1767,26,25,1792,0,280,21,10,7,1,6,-52,0,727,11204,77,100,1,0,0
1767,1,0,256,0,27,0,0,3,0,0,0,10,1067,11632,1917,100,1,0,0
1765,13,8,1024,0,300,9,19,7,1,4,-52,5,1072,13195,72,100,3,0,0
1768,12,7,1024,10,368,11,5,7,1,2,-52,4,1187,14312,105,100,2,0,0
1768,14,9,1024,0,370,12,15,7,2,4,-52,10,3601,24344,110,100,2,0,0
1769,20,14,1280,10,266,28,18,7,1,15,-70,3,420,5223,101,100,1,0,0
1748,5,4,896,60,415,20,2,7,0,6,-52,10,1286,14302,116,100,1,0,0
1768,2,3,768,20,322,9,10,5,1,1,-52,1,887,14627,81,100,4,0,0
1756,5,4,896,50,416,20,2,7,0,6,-52,10,1239,19794,116,100,1,0,0
1769,19,14,1280,0,376,19,20,7,1,6,-52,9,2892,24525,95,100,2,0,0
1770,9,4,768,30,383,9,14,7,2,2,-52,10,3677,29338,115,100,2,0,0
1769,25,19,1536,0,268,18,15,7,1,6,-70,4,3456,24665,91,100,5,0,0
1763,5,4,896,60,419,20,2,7,0,6,-52,10,691,16296,117,100,3,0,0
1769,5,4,768,30,419,20,2,7,1,6,-52,10,1337,14195,117,100,1,0,0
1770,15,10,1024,0,390,7,14,7,1,2,-52,7,631,7050,105,100,2,0,0
1772,29,23,1792,0,16,3,7,6,1,2,-70,0,650,8568,8,100,4,0,0
1772,23,19,1536,0,352,22,10,7,1,8,-70,5,1979,16967,103,100,2,0,0
1772,31,25,1792,20,189,21,98,5,1,7,-70,0,1131,9914,97,100,4,1,3
1775,20,14,1280,0,267,28,18,7,1,15,-70,3,469,6302,101,100,1,0,0
1773,26,25,1792,0,281,21,10,7,1,6,-52,0,389,8062,77,100,2,0,0
1775,4,1,512,50,373,11,11,7,2,1,-61,10,8851,49163,118,100,3,0,0
1775,3,1,512,50,379,15,4,7,1,3,-76,8,2444,19445,118,100,3,0,0
1774,8,4,768,20,378,8,14,7,1,2,-70,5,1953,20804,114,100,4,1,1
1774,10,4,768,10,379,10,13,7,1,3,-70,10,1421,15327,112,100,3,1,1
1773,28,23,1792,0,14,3,5,7,1,2,-52,0,509,9026,10,100,2,0,0
1749,11,10,1154,60,405,22,3,7,0,9,-52,9,1260,13711,105,100,3,0,0
1772,7,3,768,0,329,12,12,7,1,4,-70,5,1532,18074,72,100,3,0,0
1776,19,14,1280,20,378,19,20,7,1,6,-52,9,2406,18628,96,100,1,0,0
1761,11,10,1154,60,409,22,3,7,0,9,-52,9,751,18712,106,100,3,0,0
1777,1,0,256,0,27,0,0,3,0,0,0,10,2568,25199,1935,100,1,0,0
1774,25,19,1536,10,269,18,15,7,1,6,-70,4,1305,9637,91,100,0,0,0
1776,15,10,1024,0,390,7,14,7,1,2,-52,7,311,5583,105,100,1,0,0
1776,12,7,1024,0,372,11,5,7,1,2,-52,4,1056,13020,106,100,3,0,0
1775,27,23,1792,20,83,10,3,5,1,4,-70,0,1358,11019,41,100,2,0,0
1775,6,5,1024,10,361,16,4,5,1,5,-52,0,1073,16860,111,100,2,0,0
1776,2,3,768,0,326,9,10,5,1,1,-52,1,947,12867,81,100,2,0,0
1771,11,10,1154,70,411,22,3,7,0,9,-52,9,879,16815,107,100,2,0,0
1777,5,4,768,0,421,20,2,7,1,6,-52,10,2599,22060,118,100,2,0,0
1776,11,5,1024,40,413,23,3,7,1,10,-70,9,1286,9746,107,100,1,0,0
1778,7,3,768,0,329,12,12,7,1,4,-70,5,737,12989,72,100,1,0,0
1779,14,9,1024,0,375,12,15,7,2,4,-52,10,4805,29462,111,100,4,0,0
1776,13,8,1024,0,302,9,19,7,1,4,-52,5,838,16585,73,100,3,0,0
1778,29,23,1792,0,16,3,7,6,1,2,-70,0,516,6308,9,100,2,0,0
1777,31,25,1792,0,191,21,99,5,1,7,-70,0,587,5167,97,100,2,1,3
1781,26,25,1792,0,285,21,10,7,1,6,-52,0,957,11894,78,100,2,0,0
1780,23,19,1536,0,352,22,10,7,1,8,-70,5,1847,16584,103,100,1,0,0
1781,12,7,1024,10,374,11,5,7,1,2,-52,5,637,8003,106,100,2,0,0
1780,6,5,1024,0,362,16,4,5,1,5,-52,0,395,7364,111,100,1,0,0
1781,9,4,768,0,387,9,14,7,2,2,-52,10,4646,36358,115,100,4,0,0
1781,10,4,768,20,383,10,13,7,1,3,-70,10,1134,9959,112,100,2,1,1
1780,27,23,1792,0,84,10,3,5,1,4,-70,0,654,5801,42,100,1,0,0
1783,14,9,1024,0,376,12,15,7,2,4,-52,10,1556,10867,111,100,0,0,0
1783,4,1,512,60,375,11,11,7,2,1,-61,10,7520,36645,118,100,2,0,0
1782,28,23,1792,0,14,3,5,7,1,2,-52,0,429,8887,10,100,2,0,0
1786,2,3,768,0,328,9,10,5,1,1,-52,1,693,12395,82,100,3,0,0
1780,8,4,768,20,379,8,14,7,1,2,-70,5,1546,14389,114,100,2,1,1
1785,1,0,256,0,27,0,0,3,0,0,0,10,2666,22462,1947,100,2,0,0
1782,15,10,1024,0,390,7,14,7,1,2,-52,7,413,6223,105,100,1,0,0
1784,7,3,768,20,332,12,12,7,1,4,-70,5,1205,15000,72,100,2,0,0
1787,3,1,512,0,381,15,4,7,1,3,-76,8,3985,30144,119,100,3,0,0
1785,8,4,768,0,382,8,14,7,1,2,-70,5,996,8996,115,100,0,1,1
1785,20,14,1280,0,269,28,18,7,1,15,-70,3,835,10382,102,100,2,0,0
1786,5,4,768,10,425,20,2,7,1,6,-52,10,2459,22966,118,100,3,0,0
1785,29,23,1792,0,17,3,7,6,1,2,-70,0,546,6429,9,100,2,0,0
1786,23,19,1536,0,352,22,10,7,1,8,-70,5,1352,11073,104,100,1,0,0
1786,11,5,1024,10,416,24,3,7,1,10,-70,9,1670,18996,108,100,4,0,0
1786,6,5,1024,10,363,16,4,5,1,5,-52,0,369,8872,112,100,1,0,0
1786,10,4,768,40,384,10,13,7,1,3,-70,10,1016,7311,113,100,1,1,1
1786,26,25,1792,0,288,21,10,7,1,6,-52,0,739,9316,78,100,1,0,0
1787,14,9,1024,0,377,12,15,7,2,4,-52,10,2057,13713,112,100,1,0,0
1787,13,8,1024,0,306,9,19,7,1,4,-52,5,853,14639,73,100,3,0,0
1788,15,10,1024,0,390,7,14,7,1,2,-52,7,385,5390,106,100,1,0,0
1787,19,14,1280,10,381,19,21,7,1,6,-52,9,4111,33045,97,100,3,0,0
1789,8,4,768,20,384,8,14,7,1,2,-70,5,1148,9331,115,100,2,1,1
1790,9,4,768,0,391,9,14,7,2,2,-52,10,4399,33672,116,100,1,0,0
1788,31,25,1792,10,195,21,102,5,1,7,-70,0,994,10884,98,100,6,1,3
1791,20,14,1280,10,270,28,18,7,1,15,-70,3,979,6927,103,100,1,0,0
1791,11,5,1024,0,417,24,3,7,1,10,-70,9,453,9793,108,100,1,0,0
1791,7,3,768,0,338,12,12,7,1,4,-70,5,1924,19600,73,100,2,0,0
1792,19,14,1280,80,384,19,21,7,1,6,-52,9,1927,14677,97,100,1,0,0
1792,12,7,1024,10,378,11,5,7,1,2,-52,5,1264,18418,107,100,3,0,0
1793,4,1,512,10,377,11,11,7,3,1,-61,10,8462,43420,119,100,3,0,0
1790,25,19,1536,0,277,18,15,7,1,6,-70,4,1853,12509,92,100,2,0,0
1790,29,23,1792,0,18,3,7,6,1,2,-70,0,511,5602,9,100,2,0,0
1791,26,25,1792,10,290,21,10,7,1,6,-52,0,726,9036,79,100,2,0,0
1794,14,9,1024,20,383,12,16,7,2,4,-52,10,3224,18560,112,100,4,0,0
1795,1,0,256,0,27,0,0,3,0,0,0,9,2468,26684,1962,100,2,0,0
1791,27,23,1792,0,88,10,3,5,1,4,-70,0,989,11433,42,100,2,0,0
1795,5,4,768,0,427,20,2,7,1,6,-52,10,1521,21671,119,100,2,0,0
1795,13,8,1024,0,311,9,19,7,1,4,-52,5,961,13433,74,100,2,0,0
1795,26,25,1792,0,292,21,10,7,1,6,-52,0,556,7805,79,100,2,0,0
1796,6,5,1024,0,366,16,4,5,1,5,-52,0,859,13345,112,100,2,0,0
1793,28,23,1792,0,14,3,5,7,1,2,-52,0,561,10911,11,100,2,0,0
1797,9,4,768,0,392,9,14,7,2,2,-52,10,2941,21596,116,100,2,0,0
1795,2,3,768,10,335,9,10,5,1,1,-52,1,1428,16758,82,100,3,0,0
1795,29,23,1792,0,18,3,7,6,1,2,-70,0,339,4592,10,100,1,0,0
1796,25,19,1536,0,278,18,15,7,1,6,-70,4,1371,11762,93,100,1,0,0
1798,3,1,512,30,387,15,4,7,1,3,-76,8,3033,27585,120,100,3,0,0
1797,10,4,768,10,388,10,13,7,1,3,-70,10,1910,16363,113,100,4,1,1
1796,23,19,1536,0,355,22,10,7,1,8,-70,5,2572,22011,104,100,2,0,0
1795,7,3,768,10,339,12,12,7,1,4,-70,5,751,10448,73,100,1,0,0
1798,31,25,1792,0,196,21,104,5,1,7,-70,0,562,9101,98,100,3,1,3
1797,15,10,1024,10,392,7,14,7,1,2,-52,7,658,8331,106,100,3,0,0
1797,12,7,1024,10,381,11,5,7,1,2,-52,5,782,8184,107,100,2,0,0
1797,27,23,1792,0,89,10,3,5,1,4,-70,0,668,5700,43,100,1,0,0
1800,4,1,512,10,380,11,11,7,3,1,-61,10,5939,30426,120,100,2,0,0
1801,20,14,1280,0,273,28,18,7,1,15,-70,3,798,9207,103,100,3,0,0
1798,11,5,1024,10,418,24,3,7,1,10,-70,9,690,11894,109,100,2,0,0
1799,13,8,1024,0,311,9,19,7,1,4,-52,5,379,6163,74,100,1,0,0
1801,2,3,768,0,336,9,10,5,1,1,-52,1,557,8493,83,100,1,0,0
1800,8,4,768,10,388,8,14,7,1,2,-70,4,1707,21960,116,100,3,1,1
1802,14,9,1024,40,385,12,16,7,2,4,-52,10,3763,22116,113,100,1,0,0
1802,15,10,1024,0,394,7,14,7,1,2,-52,7,461,5601,107,100,0,0,0
1800,28,23,1792,0,14,3,5,7,1,2,-52,0,438,6325,12,100,2,0,0
1804,3,1,512,70,388,15,4,7,1,3,-76,8,1718,13536,120,100,1,0,0
1801,19,14,1280,40,386,19,21,7,1,6,-52,9,3653,27209,98,100,3,0,0
1801,29,23,1792,0,18,3,7,6,1,2,-70,0,284,5362,10,100,1,0,0
1762,30,25,1920,90,15,4,2,7,0,2,-52,0,145,4252,9,100,1,0,0
1804,9,4,768,10,394,9,14,7,2,2,-52,10,3677,24482,117,100,2,0,0
1805,1,0,256,0,27,0,0,3,0,0,0,9,2553,27071,1980,100,1,0,0
1774,30,25,1920,80,17,4,2,7,0,2,-52,0,1053,10732,9,100,5,0,0
1804,5,4,768,0,428,20,2,7,1,6,-52,10,2184,23595,119,100,2,0,0
1804,11,5,1024,0,422,24,3,7,1,10,-70,9,1381,14246,109,100,2,0,0
1800,7,3,768,10,341,12,12,7,1,4,-70,5,931,12535,73,100,1,0,0
1806,25,19,1536,90,278,18,15,7,1,6,-70,4,2795,23068,93,100,2,0,0
1801,12,7,1024,0,382,11,5,7,1,2,-52,5,533,6431,107,100,1,0,0
1807,20,14,1280,0,276,28,18,7,1,15,-70,3,660,6754,104,100,2,0,0
1785,30,25,1920,70,19,4,2,7,0,2,-52,0,827,9165,10,100,5,0,0
1805,6,5,1024,0,371,16,4,5,1,5,-52,0,1372,15795,113,100,2,0,0
1809,3,1,520,30,389,15,4,7,1,3,-76,8,1713,11500,120,100,1,0,0
1792,30,25,1920,100,19,4,2,7,0,2,-52,0,353,6567,11,100,1,0,0
1809,1,0,256,0,27,0,0,3,0,0,0,10,924,10784,1987,100,1,0,0
1805,28,23,1792,0,14,3,5,7,1,2,-52,0,514,5222,12,100,1,0,0
1808,19,14,1280,80,390,19,21,7,1,6,-52,9,3034,21705,98,100,3,0,0
1809,4,1,512,0,382,11,11,7,3,1,-61,10,7163,39982,120,100,2,0,0
1809,8,4,768,0,389,8,14,7,1,2,-70,4,849,14279,116,100,3,1,1
1808,23,19,1536,20,359,22,10,7,1,8,-70,5,3258,24257,105,100,2,0,0
1808,10,4,768,10,391,10,13,7,1,3,-70,10,2080,16005,114,100,3,1,1
1808,2,3,768,0,338,9,10,5,1,1,-52,1,652,11461,83,100,1,0,0
1801,30,25,1920,90,20,4,2,7,0,2,-52,0,439,7162,11,100,3,0,0
1808,7,3,768,10,342,12,12,7,1,4,-70,5,1293,20155,74,100,2,0,0
1810,13,8,1024,0,313,9,19,7,1,4,-52,5,742,15150,75,100,3,0,0
1810,15,10,1024,0,397,7,14,7,1,2,-52,7,914,9277,107,100,3,0,0
1805,26,25,1792,10,295,21,10,7,1,6,-52,0,1024,18207,80,100,3,0,0
1806,30,25,1792,0,22,4,2,7,1,2,-52,0,1574,7458,11,100,4,0,0
1811,14,9,1024,0,387,12,16,7,2,4,-52,10,4730,28580,113,100,2,0,0
1811,12,7,1024,0,385,11,5,7,1,2,-52,5,994,14749,108,100,3,0,0
1813,20,14,1280,0,278,28,18,7,1,15,-70,3,665,6635,104,100,2,0,0
1809,29,23,1792,0,19,3,7,6,1,2,-70,0,816,7682,11,100,3,0,0
1813,9,4,768,20,398,9,14,7,2,2,-52,10,4362,29874,117,100,2,0,0
1813,5,4,768,20,432,20,2,7,1,6,-52,10,2368,22876,120,100,2,0,0
1808,31,25,1800,0,198,21,107,5,1,7,-70,0,1085,11527,99,100,4,1,3
1813,8,4,768,10,389,8,14,7,1,2,-70,4,624,8545,116,100,0,1,1
1810,27,23,1792,0,91,10,3,5,1,4,-70,0,649,7560,44,100,1,0,0
1809,26,25,1792,0,297,21,10,7,1,6,-52,0,584,7915,80,100,1,0,0
1814,4,1,512,0,384,11,11,7,3,1,-61,10,5515,26635,121,100,2,0,0
1812,28,23,1792,0,15,3,5,7,1,2,-52,0,385,6199,12,100,2,0,0
1814,11,5,1024,0,424,24,3,7,1,10,-70,7,998,18968,110,100,1,0,0
1816,1,0,256,0,27,0,0,3,0,0,0,10,1995,20564,1998,100,1,0,0
1813,3,1,512,30,390,15,4,7,1,3,-76,8,1365,14116,121,100,1,0,0
1815,6,5,1024,0,375,16,4,5,1,5,-52,0,989,16071,114,100,1,0,0
1813,26,25,1792,0,300,21,10,7,1,6,-52,0,533,7565,80,100,1,0,0
1817,19,14,1280,20,392,19,22,7,1,6,-52,9,3645,22037,98,100,4,0,0
1814,2,3,768,10,341,9,10,5,1,1,-52,1,661,9332,84,100,1,0,0
1814,25,19,1536,0,282,18,15,7,1,6,-70,4,3858,24903,94,100,4,0,0
1815,7,3,768,0,346,12,12,7,1,4,-70,5,1298,17664,74,100,2,0,0
1818,20,14,1302,10,281,28,18,7,1,15,-70,3,962,7412,104,100,2,0,0
1817,30,25,1792,0,24,4,2,7,1,2,-52,0,736,10446,12,100,4,0,0
1818,10,4,768,10,394,10,13,7,1,3,-70,10,1380,14307,115,100,2,1,1
1819,14,9,1024,20,388,12,16,7,2,4,-52,10,4287,23902,114,100,1,0,0
1819,13,8,1024,0,316,9,19,7,1,4,-52,5,906,14280,76,100,3,0,0
1817,23,19,1536,10,364,22,10,7,1,8,-70,5,2905,21919,106,100,4,0,0
1817,28,23,1792,0,16,3,5,7,1,2,-52,0,465,5189,13,100,2,0,0
1821,19,14,1280,20,393,19,22,7,1,6,-52,9,1749,12521,99,100,0,0,0
1819,31,25,1792,10,204,21,110,5,1,7,-70,0,1769,12722,100,100,6,1,3
1819,12,7,1024,0,388,11,5,7,1,2,-52,5,897,12932,109,100,2,0,0
1820,27,23,1792,0,96,10,3,5,1,4,-70,0,1334,10437,44,100,2,0,0
1821,26,25,1792,0,304,21,10,7,1,6,-52,0,910,14879,81,100,3,0,0
1821,5,4,768,10,432,20,2,7,1,6,-52,10,1585,21603,121,100,1,0,0
1821,6,5,1024,0,376,16,4,5,1,5,-52,0,490,8608,114,100,2,0,0
1822,15,10,1024,0,400,7,14,7,1,2,-52,7,977,11860,108,100,3,0,0
1822,8,4,768,10,391,8,14,7,1,2,-70,4,1204,16560,117,100,3,1,1
1819,29,23,1792,20,20,3,7,6,1,2,-70,0,602,9850,12,100,3,0,0
1823,3,1,512,30,394,15,4,7,1,3,-76,8,2772,23437,121,100,2,0,0
1823,10,4,768,0,396,10,13,7,1,3,-70,10,943,7105,115,100,2,1,1
1823,9,4,768,10,399,9,14,7,2,2,-52,10,5507,35472,118,100,3,0,0
1824,4,1,512,10,387,11,11,7,3,1,-61,10,7501,38079,121,100,2,0,0
1823,11,5,1024,0,427,24,3,7,1,10,-70,7,861,14667,110,100,2,0,0
1820,2,3,768,10,341,9,10,5,1,1,-52,1,491,10930,84,100,1,0,0
1824,13,8,1024,10,317,9,19,7,1,4,-52,5,393,7384,76,100,1,0,0
1822,28,23,1792,0,16,3,5,7,1,2,-52,0,284,4826,13,100,1,0,0
1826,1,0,256,0,27,0,0,3,0,0,0,10,2495,26714,2014,100,2,0,0
1824,30,25,1792,0,24,4,2,7,1,2,-52,0,341,5746,13,100,1,0,0
1824,27,23,1792,10,98,10,3,5,1,4,-70,0,758,4567,45,100,1,0,0
1827,19,14,1280,20,395,19,22,7,1,6,-52,9,2660,18036,99,100,2,0,0
1823,31,25,1792,0,204,21,112,5,1,7,-70,0,431,4375,100,100,3,1,3
1826,25,19,1536,20,286,18,16,7,1,6,-70,4,3916,29499,95,100,4,0,0
1828,7,3,768,20,350,12,12,7,1,4,-70,5,2385,28170,75,100,2,0,0
1827,15,10,1024,0,402,7,14,7,1,2,-52,7,502,5495,108,100,1,0,0
1825,12,7,1024,0,389,11,5,7,1,2,-52,5,530,9266,109,100,1,0,0
1828,5,4,768,0,433,20,2,7,1,6,-52,10,1447,17374,121,100,1,0,0
1829,20,14,1280,0,284,28,18,7,1,15,-70,3,902,11505,105,100,3,0,0
1827,26,25,1792,0,306,21,10,7,1,6,-52,0,619,9444,81,100,2,0,0
1830,9,4,768,10,401,9,14,7,2,2,-52,10,2616,20162,118,100,2,0,0
1828,23,19,1536,0,366,22,10,7,1,8,-70,5,2356,21230,106,100,2,0,0
1829,13,8,1024,0,318,9,19,7,1,4,-52,5,500,8248,76,100,1,0,0
1830,14,9,1024,0,389,12,16,7,2,4,-52,10,4585,30145,115,100,3,0,0
1832,3,1,512,0,395,15,4,7,1,3,-76,8,1998,20166,122,100,1,0,0
1832,19,14,1280,20,397,19,22,7,1,6,-52,9,2128,14744,100,100,1,0,0
1834,2,3,768,0,343,9,10,5,1,1,-52,1,891,16677,85,100,4,0,0
1832,30,25,1792,0,26,4,2,7,1,2,-52,0,607,7290,13,100,4,0,0
1831,28,23,1792,0,17,3,5,7,1,2,-52,0,513,8162,14,100,2,0,0
1831,26,25,1792,10,308,21,10,7,1,6,-52,0,388,7907,81,100,2,0,0
1832,23,19,1536,20,367,22,10,7,1,8,-70,5,843,8114,107,100,2,0,0
1834,8,4,768,0,392,8,14,7,1,2,-70,4,1612,19520,118,100,2,1,1
1835,4,1,512,40,388,11,11,7,3,1,-61,10,7854,45262,122,100,2,0,0
1834,9,4,768,0,401,9,14,7,2,2,-52,10,2280,14926,119,100,0,0,0
1834,15,10,1024,0,404,7,14,7,1,2,-52,7,654,7031,109,100,2,0,0
1831,11,5,1024,10,429,24,3,7,1,10,-70,7,633,14962,111,100,2,0,0
1833,6,5,1024,0,381,16,4,5,1,5,-52,0,1260,18138,115,100,2,0,0
1835,10,4,768,0,400,10,13,7,1,3,-70,10,2165,17703,116,100,2,1,1
1836,14,9,1024,0,390,12,16,7,2,4,-52,10,1941,14276,115,100,1,0,0
1835,25,19,1540,40,291,18,16,7,1,6,-70,4,2636,20335,95,100,3,0,0
1833,31,25,1792,0,204,21,114,5,1,7,-70,0,546,8815,101,100,4,1,3
1837,1,0,256,0,27,0,0,3,0,0,0,10,2738,30386,2032,100,2,0,0
1837,3,1,512,0,395,15,4,7,1,3,-76,8,1074,12633,122,100,2,0,0
1835,12,7,1024,0,389,11,5,7,1,2,-52,5,897,13980,110,100,2,0,0
1838,19,14,1280,20,400,19,22,7,1,6,-52,9,2077,16299,100,100,2,0,0
1838,7,3,784,10,353,12,12,7,1,4,-70,5,2188,25423,76,100,2,0,0
1835,27,23,1792,10,101,10,3,5,1,4,-70,0,776,11254,45,100,2,0,0
1839,2,3,768,0,343,9,10,5,1,1,-52,1,284,7631,85,100,1,0,0
1837,13,8,1024,0,319,9,19,7,1,4,-52,5,496,12232,77,100,1,0,0
1837,23,19,1536,10,369,22,10,7,1,8,-70,5,1183,10510,107,100,2,0,0
1839,9,4,768,0,403,9,14,7,2,2,-52,10,1985,15241,119,100,1,0,0
1840,5,4,768,0,435,20,2,7,1,6,-52,10,1614,26987,122,100,2,0,0
1839,15,10,1024,10,407,7,14,7,1,2,-52,7,605,5068,109,100,0,0,0
1840,14,9,1024,10,391,12,16,7,2,4,-52,10,1973,11200,115,100,2,0,0
1841,8,4,768,0,396,8,14,7,1,2,-70,4,1339,10698,118,100,2,1,1
1840,10,4,768,50,402,10,13,7,1,3,-70,10,1398,9069,116,100,1,1,1
1841,20,14,1280,10,289,28,18,7,1,15,-70,3,1369,12341,106,100,3,0,0
1842,3,1,512,10,396,15,4,7,1,3,-76,8,1279,10733,123,100,0,0,0
1838,30,25,1792,0,27,4,2,7,1,2,-52,0,661,6582,14,100,1,0,0
1812,16,10,1152,90,17,5,3,5,0,3,-70,1,416,4373,14,100,2,0,0
1842,19,14,1280,30,403,19,22,7,1,6,-52,9,1872,14095,100,100,1,0,0
1842,11,5,1024,20,432,24,3,7,1,10,-70,7,1688,18251,112,100,2,0,0
1841,31,25,1792,0,208,21,116,5,1,7,-70,0,1267,10039,101,100,4,1,3
1823,16,10,1152,70,19,5,3,5,0,3,-70,1,481,8617,14,100,3,0,0
1841,27,23,1792,0,103,10,3,5,1,4,-70,0,606,6549,46,100,1,0,0
1844,6,5,1024,0,385,16,4,5,1,5,-52,0,945,15652,116,100,2,0,0
1830,16,10,1152,80,20,5,3,5,0,3,-70,1,558,5968,15,100,2,0,0
1842,28,23,1792,0,19,3,5,7,1,2,-52,0,832,10981,15,100,3,0,0
1835,16,10,1152,80,20,5,3,5,0,3,-70,1,582,5166,15,100,1,0,0
1845,13,8,1024,0,322,9,19,7,1,4,-52,5,738,10830,77,100,1,0,0
1844,25,19,1536,10,295,18,16,7,1,6,-70,4,2780,21791,96,100,3,0,0
1847,4,1,512,0,391,11,12,7,3,1,-61,10,10050,50915,123,100,3,0,0
1843,26,25,1792,20,313,21,10,7,1,6,-52,0,1249,21117,82,100,3,0,0
1843,12,7,1024,10,392,11,5,7,1,2,-52,5,660,11817,110,100,1,0,0
1847,30,25,1792,0,29,4,2,7,1,2,-52,0,859,8444,14,100,3,0,0
1847,11,5,1024,0,432,24,3,7,1,10,-70,7,423,9876,112,100,1,0,0
1846,16,10,1024,0,22,5,3,5,1,3,-70,1,1696,12158,16,100,4,0,0
1848,1,0,256,0,28,0,0,3,0,0,0,10,3035,31699,2053,100,3,0,0
1848,10,4,768,10,404,10,13,7,1,3,-70,10,2794,16398,117,100,2,1,1
1849,14,9,1024,10,394,12,16,7,2,4,-52,10,4135,25952,116,100,3,0,0
1849,19,14,1280,0,406,19,22,7,1,6,-52,9,2535,19927,101,100,1,0,0
1849,20,14,1280,0,291,28,18,7,1,15,-70,3,707,8926,107,100,2,0,0
1850,9,4,768,0,407,9,14,7,2,2,-52,10,5193,36561,120,100,3,0,0
1850,5,4,768,20,438,20,2,7,1,6,-52,10,1916,24667,122,100,3,0,0
1847,7,3,768,0,357,12,12,7,1,4,-70,5,1767,23106,76,100,1,0,0
1851,6,5,1024,0,389,16,4,5,1,5,-52,0,839,10030,116,100,2,0,0
1848,2,3,768,0,346,9,10,5,1,1,-52,1,816,14045,86,100,2,0,0
1847,31,25,1792,0,211,21,117,5,1,7,-70,0,973,7399,102,100,2,1,3
1849,26,25,1792,0,314,21,10,7,1,6,-52,0,546,10262,82,100,2,0,0
1850,15,10,1024,0,410,7,14,7,1,2,-52,7,1200,12496,110,100,4,0,0
1852,25,19,1536,20,296,18,16,7,1,6,-70,4,2392,18275,96,100,3,0,0
1850,16,10,1024,0,23,5,3,5,1,3,-70,1,364,3647,16,100,2,0,0
1853,3,1,512,30,401,15,4,7,1,3,-76,8,3474,28803,123,100,3,0,0
1851,8,4,768,10,399,8,14,7,1,2,-70,4,1410,17302,119,100,2,1,1
1852,13,8,1024,10,324,9,19,7,1,4,-52,5,764,11405,78,100,3,0,0
1854,1,0,256,0,29,0,0,3,0,0,0,10,1334,15857,2059,100,2,0,0
1853,20,14,1280,10,294,28,18,7,1,15,-70,3,604,4414,107,100,2,0,0
1855,4,1,512,0,392,11,12,7,3,1,-61,10,6967,38207,123,100,1,0,0
1854,31,25,1792,0,211,21,119,5,1,7,-70,0,514,6549,102,100,4,1,3
1857,30,25,1792,10,30,4,2,7,1,2,-52,0,586,9425,15,100,3,0,0
1857,14,9,1024,0,395,12,16,7,2,4,-52,10,2884,20531,116,100,2,0,0
1858,5,4,768,20,441,20,2,7,1,6,-52,10,1527,20043,123,100,3,0,0
1853,12,7,1024,0,396,11,5,7,1,2,-52,5,1229,16099,111,100,3,0,0
1858,11,5,1024,0,433,24,3,7,1,10,-70,7,770,18581,113,100,2,0,0
1856,7,3,768,0,359,12,12,7,1,4,-70,5,1407,21490,77,100,2,0,0
1858,10,4,779,60,409,10,14,7,1,3,-70,10,2403,19210,118,100,4,1,1
1856,15,10,1024,10,413,7,14,7,1,2,-52,7,610,6188,110,100,1,0,0
1858,6,5,1024,20,392,16,4,5,1,5,-52,0,713,11628,117,100,2,0,0
1859,9,4,768,0,414,9,14,7,2,2,-52,10,3591,29018,120,100,3,0,0
1857,2,3,768,0,349,9,10,5,1,1,-52,1,776,13855,86,100,3,0,0
1857,16,10,1024,20,23,5,3,5,1,3,-70,1,312,6718,17,100,1,0,0
1859,13,8,1024,10,325,9,19,7,1,4,-52,5,311,9702,78,100,1,0,0
1861,19,14,1280,10,409,19,22,7,1,6,-52,9,3472,29983,101,100,4,0,0
1859,31,25,1792,0,213,21,121,5,1,7,-70,0,607,5438,102,100,3,1,3
1861,1,0,256,0,29,0,0,3,0,0,0,10,1888,20152,2071,100,2,0,0
1861,14,9,1024,0,397,12,16,7,2,4,-52,10,930,9158,117,100,2,0,0
1861,26,25,1792,0,317,21,10,7,1,6,-52,0,1090,17233,83,100,3,0,0
1863,8,4,768,0,406,8,14,7,1,2,-70,4,2077,20416,120,66,4,1,1
1863,25,19,1536,10,299,18,17,7,1,6,-70,4,3159,26427,97,100,4,0,0
1864,3,1,512,70,407,15,4,7,1,3,-76,8,3630,26892,124,100,3,0,0
1863,10,4,768,0,410,10,14,7,1,3,-70,10,1242,9560,118,100,1,1,1
1864,30,25,1792,0,31,4,2,7,1,2,-52,0,410,6008,15,100,2,0,0
1820,21,16,1536,100,381,23,8,7,0,10,-52,5,567,9032,101,100,2,0,0
1865,4,1,512,30,395,11,12,7,2,1,-61,10,7328,41711,124,100,3,0,0
1864,20,14,1280,0,297,28,18,7,1,15,-70,3,985,11245,108,100,3,0,0
1865,5,4,768,0,445,20,2,7,1,6,-52,10,1592,18046,123,100,2,0,0
1866,1,0,256,0,29,0,0,3,0,0,0,10,1200,13176,2077,100,0,0,0
1830,21,16,1536,100,386,23,8,7,0,10,-52,5,948,14198,102,100,4,0,0
1863,7,3,776,0,359,12,12,7,1,4,-70,5,834,17054,77,100,1,0,0
1865,13,8,1024,0,326,9,19,7,1,4,-52,5,612,9443,79,100,1,0,0
1867,19,14,1280,10,412,19,22,7,1,6,-52,9,1653,16137,102,100,2,0,0
1865,16,10,1024,60,24,5,3,5,1,3,-70,1,1251,10432,17,100,2,0,0
1868,3,1,512,70,411,15,4,7,1,3,-76,8,1357,10242,124,100,2,0,0
1865,11,5,1024,0,437,24,3,7,1,10,-70,7,995,15949,113,100,3,0,0
1865,26,25,1792,0,318,21,10,7,1,6,-52,0,590,6343,84,100,2,0,0
1840,21,16,1536,100,388,23,8,7,0,10,-52,5,563,12908,102,100,2,0,0
1865,2,3,768,0,350,9,10,5,1,1,-52,1,495,11319,87,100,1,0,0
1864,12,7,1024,0,399,11,5,7,1,2,-52,5,1365,17943,112,100,2,0,0
1868,9,4,768,10,419,9,14,7,2,2,-52,10,3585,27000,121,100,3,0,0
1868,15,10,1024,0,417,7,14,7,1,2,-52,7,1536,12722,111,100,4,0,0
1868,31,25,1792,0,216,21,122,5,1,7,-70,0,960,8871,103,100,2,1,3
1868,10,4,768,30,412,10,14,7,1,3,-70,10,1881,10199,118,100,2,1,1
1869,6,5,1024,0,396,16,4,5,1,5,-52,0,1293,17730,117,100,5,0,0
1872,7,3,768,0,360,12,12,7,1,4,-70,5,1427,20556,78,100,2,0,0
1870,14,9,1024,10,398,12,16,7,2,4,-52,10,2896,22849,117,100,3,0,0
1870,26,25,1792,0,319,21,10,7,1,6,-52,0,388,5346,84,100,2,0,0
1849,21,16,1408,80,392,23,8,7,0,10,-52,5,640,12207,103,100,3,0,0
1871,5,4,768,0,448,20,2,7,1,6,-52,9,1441,13438,124,100,2,0,0
1873,1,0,256,0,29,0,0,3,0,0,0,10,1847,16291,2086,100,2,0,0
1859,21,16,1408,100,394,23,8,7,0,10,-52,5,733,13059,104,100,2,0,0
1872,19,14,1280,10,413,19,22,7,1,6,-52,9,1224,12709,102,100,1,0,0
1866,21,16,1280,10,397,23,8,7,1,10,-52,5,1883,12718,104,100,3,0,0
1874,2,3,785,10,356,9,10,5,1,1,-52,1,1093,13722,87,100,3,0,0
1874,4,1,512,70,399,11,12,7,2,1,-61,10,7522,34520,125,100,3,0,0
1874,12,7,1024,0,401,11,5,7,1,2,-52,5,862,13698,112,100,2,0,0
1873,10,4,768,0,412,10,14,7,1,3,-70,10,1601,9214,119,100,1,1,1
1873,8,4,768,0,407,8,14,7,1,2,-70,4,1068,16351,120,100,3,1,1
1873,20,14,1280,10,300,28,18,7,1,15,-70,3,691,8712,108,100,2,0,0
1873,15,10,1024,0,419,7,14,7,1,2,-52,7,553,5978,112,100,2,0,0
1874,25,19,1536,10,303,18,18,7,1,6,-70,4,3015,25584,98,100,5,0,0
1875,16,10,1024,0,26,5,3,5,1,3,-70,1,2819,15472,18,100,3,0,0
1876,14,9,1024,0,399,12,16,7,2,4,-52,10,1496,13466,118,100,1,0,0
1875,30,25,1792,10,33,4,2,7,1,2,-52,0,826,10793,16,100,4,0,0
1876,13,8,1024,10,330,9,19,7,1,4,-52,5,1236,16642,79,100,2,0,0
1876,11,5,1024,0,447,24,3,7,1,10,-70,7,2060,21936,114,100,2,0,0
1879,4,1,512,50,401,11,12,7,3,1,-61,10,4560,23427,125,100,2,0,0
1876,21,16,1280,0,399,23,8,7,1,10,-52,5,919,15214,105,100,3,0,0
1879,3,1,512,20,413,15,4,7,1,3,-76,8,3029,28609,125,100,2,0,0
1878,31,25,1792,0,221,21,124,5,1,7,-70,0,1331,10499,104,100,6,1,3
1879,5,4,768,0,451,20,2,7,1,6,-52,9,1856,18652,124,100,3,0,0
1879,9,4,768,10,421,9,14,7,2,2,-52,10,3308,33281,122,100,2,0,0
1879,20,14,1280,0,303,28,18,7,1,15,-70,3,986,7265,109,100,3,0,0
1880,8,4,768,0,410,8,14,7,1,2,-70,4,1024,10554,121,100,1,1,1
1880,12,7,1024,0,403,11,5,7,1,2,-52,5,557,8940,113,100,1,0,0
1879,15,10,1024,0,421,7,14,7,1,2,-52,7,501,5864,112,100,1,0,0
1879,26,25,1792,10,321,21,10,7,1,6,-52,0,673,10665,84,100,3,0,0
1881,7,3,768,0,363,12,12,7,1,4,-70,5,1496,22259,79,100,1,0,0
1881,1,0,256,0,29,0,0,3,0,0,0,10,2782,25605,2103,100,1,0,0
1881,14,9,1024,0,399,12,16,7,2,4,-52,10,1511,12642,118,100,1,0,0
1882,19,14,1280,20,417,19,23,7,1,6,-52,9,2380,27273,103,100,4,0,0
1884,3,1,512,0,413,15,4,7,1,3,-76,8,1045,9947,125,100,1,0,0
1881,6,5,1024,20,402,16,4,5,1,5,-52,0,1117,17780,118,100,3,0,0
1882,16,10,1024,0,27,5,3,5,1,3,-70,1,955,8963,18,100,2,0,0
1883,10,4,768,0,414,10,14,7,1,3,-70,10,2859,19947,119,100,2,1,1
1884,30,25,1792,0,33,4,2,7,1,2,-52,0,583,9444,17,100,2,0,0
1884,25,19,1536,0,306,18,18,7,1,6,-70,4,2663,24619,98,100,2,0,0
1886,2,3,785,0,359,9,10,5,1,1,-52,1,908,17704,88,100,2,0,0
1884,21,16,1280,10,401,23,8,7,1,10,-52,5,839,11766,105,100,2,0,0
1887,19,14,1280,0,418,19,23,7,1,6,-52,9,1194,12067,103,100,1,0,0
1887,14,9,1024,0,401,12,16,7,2,4,-52,10,1987,15464,118,100,2,0,0
1886,11,5,1024,0,451,24,3,7,1,10,-70,7,963,16258,114,100,3,0,0
1887,31,25,1792,0,224,21,127,5,1,7,-70,0,889,9279,104,100,5,1,3
1888,5,4,768,20,456,20,2,7,1,6,-52,9,2205,20714,125,100,1,0,0
1886,15,10,1024,0,422,7,14,7,1,2,-52,7,418,7057,112,100,1,0,0
1886,12,7,1024,0,407,11,5,7,1,2,-52,5,742,10469,113,100,1,0,0
1888,8,4,768,0,415,8,14,7,1,2,-70,4,1436,13822,121,0,3,1,1
1889,4,1,512,40,404,11,12,7,3,1,-61,10,8118,39559,126,100,4,0,0
1888,9,4,768,0,424,9,14,7,2,2,-52,10,3215,28472,122,100,3,0,0
1887,26,25,1792,0,326,21,10,7,1,6,-52,0,932,10345,85,100,1,0,0
1887,16,10,1024,0,27,5,3,5,1,3,-70,1,878,7645,19,100,1,0,0
1889,20,14,1280,10,306,28,18,7,1,15,-70,3,706,9991,109,100,1,0,0
1889,25,19,1536,0,308,18,18,7,1,6,-70,4,1427,11967,99,100,1,0,0
1891,3,1,512,20,416,15,4,7,1,3,-76,8,2017,17978,126,100,1,0,0
1891,1,0,256,0,29,0,0,3,0,0,0,10,2424,26336,2116,100,2,0,0
1890,7,3,768,0,365,12,12,7,1,4,-70,5,1714,22598,79,100,2,0,0
1890,30,25,1792,0,34,4,2,7,1,2,-52,0,409,5285,17,100,2,0,0
1892,19,14,1280,0,419,19,23,7,1,6,-52,9,1255,12998,103,100,2,0,0
1893,6,5,1024,0,407,16,4,5,1,5,-52,0,1482,18435,119,100,2,0,0
1894,10,4,768,0,418,10,15,7,1,3,-70,10,2468,21237,120,100,4,1,1
1894,9,4,768,30,425,9,14,7,2,2,-52,10,1963,18154,123,100,1,0,0
1895,8,4,768,0,417,8,14,7,1,2,-70,4,848,11190,122,100,1,1,1
1895,3,1,512,30,419,15,4,7,1,3,-76,8,1418,11324,126,100,1,0,0
1894,30,25,1792,0,34,4,2,7,1,2,-52,0,260,4269,17,100,1,0,0
1860,24,19,1664,80,24,3,12,6,0,2,-52,0,201,5235,24,100,2,0,0
1872,24,19,1664,90,25,3,12,6,0,2,-52,0,682,10493,25,100,4,0,0
1895,5,4,768,0,458,20,2,7,1,6,-52,9,1914,17982,125,100,2,0,0
1896,1,0,256,0,29,0,0,3,0,0,0,10,1404,14031,2127,100,1,0,0
1884,24,19,1664,90,26,3,13,6,0,2,-52,0,505,10161,26,100,3,0,0
1896,15,10,1024,0,424,7,14,7,1,2,-52,7,672,8482,113,100,3,0,0
1893,12,7,1024,0,407,11,5,7,1,2,-52,5,611,10726,114,100,1,0,0
1896,14,9,1024,0,408,12,16,7,2,4,-52,10,3989,26131,119,100,3,0,0
1897,19,14,1280,70,423,19,23,7,1,6,-52,9,2224,13806,104,100,2,0,0
1896,21,16,1280,0,405,23,8,7,1,10,-52,5,965,16904,106,100,3,0,0
1897,2,3,785,20,363,9,10,5,1,1,-52,1,1144,17820,89,100,2,0,0
1897,11,5,1024,0,453,24,3,7,1,10,-70,7,1304,20517,115,100,2,0,0
1898,7,3,768,0,366,12,12,7,1,4,-70,5,1261,19000,80,100,1,0,0
1896,31,25,1792,10,229,21,128,5,1,7,-70,0,1188,9534,105,100,3,1,3
1898,9,4,768,0,426,9,14,7,2,2,-52,10,2321,15477,123,100,1,0,0
1899,20,14,1280,0,309,28,18,7,1,15,-70,3,1028,9841,110,100,4,0,0
1892,24,19,1664,90,28,3,13,6,0,2,-52,0,325,7437,27,100,3,0,0
1898,10,4,768,10,420,10,15,7,1,3,-70,10,908,8326,120,100,1,1,1
1900,4,1,512,10,404,11,12,7,3,1,-61,10,8871,46528,126,100,2,0,0
1899,25,19,1536,10,314,18,18,7,1,6,-70,4,3340,23509,99,100,3,0,0
1900,5,4,768,10,459,20,2,7,1,6,-52,9,978,10154,126,100,1,0,0
1901,6,5,1024,10,408,16,4,5,1,5,-52,0,311,11070,119,100,1,0,0
1900,30,25,1792,10,35,4,2,7,1,2,-52,0,489,5664,18,100,2,0,0
1902,8,4,768,0,418,8,14,7,1,2,-70,4,667,10550,122,0,1,1,1
1902,19,14,1280,10,424,19,23,7,1,6,-52,9,2427,15392,104,100,1,0,0
1900,26,25,1792,0,331,21,10,7,1,6,-52,0,682,7124,86,100,2,0,0
1901,11,5,1024,0,454,24,3,7,1,10,-70,7,636,7612,115,100,1,0,0
1901,31,25,1792,0,230,21,130,5,1,7,-70,0,609,6754,105,100,3,1,3
1903,14,9,1024,0,410,12,16,7,2,4,-52,10,3222,17491,119,100,3,0,0
1904,1,0,256,0,29,0,0,3,0,0,0,10,1924,21375,2138,100,1,0,0
1902,12,7,1024,0,413,11,5,7,1,2,-52,5,1186,13719,114,100,4,0,0
1906,5,4,768,10,461,20,2,7,1,6,-52,9,1949,15490,126,100,1,0,0
1907,4,1,512,0,404,11,12,7,3,1,-61,10,3675,23025,127,100,1,0,0
1905,11,5,1024,10,456,24,3,7,1,10,-70,7,977,10209,116,100,1,0,0
1906,19,14,1280,10,425,19,23,7,1,6,-52,9,1011,11689,105,100,2,0,0
1907,3,1,530,30,420,15,4,7,1,3,-76,8,2995,28531,127,100,2,0,0
1906,26,25,1792,0,334,21,10,7,1,6,-52,0,749,7340,86,100,2,0,0
1905,6,5,1024,10,408,16,4,5,1,5,-52,0,474,7431,120,100,1,0,0
1907,16,10,1024,0,27,5,3,6,1,3,-70,1,1207,12637,20,100,1,0,0
1906,7,3,768,0,368,12,12,7,1,4,-70,5,1359,19634,80,100,2,0,0
1906,21,16,1280,10,409,23,8,7,1,10,-52,5,1432,16826,107,100,2,0,0
1908,13,8,1024,0,337,9,19,7,1,4,-52,5,1171,18261,82,100,3,0,0
1906,2,3,785,10,365,9,10,5,1,1,-52,1,919,13092,90,100,3,0,0
1909,10,4,768,10,424,10,16,7,1,3,-70,10,2313,21034,121,57,3,1,1
1908,30,25,1792,10,36,4,2,7,1,2,-52,0,434,8738,18,100,2,0,0
1909,14,9,1024,0,412,12,16,7,1,4,-52,10,1506,13548,120,100,1,0,0
1910,15,10,1024,0,428,7,14,7,1,2,-52,7,287,5434,114,100,1,0,0
1910,9,4,768,10,426,9,14,7,2,2,-52,10,4461,35617,124,100,2,0,0
1911,8,4,768,0,419,8,14,7,1,2,-70,4,1198,14151,123,50,2,1,1
1910,5,4,768,0,464,20,2,7,1,6,-52,9,1336,10337,126,100,2,0,0
1911,25,19,1536,10,315,18,19,7,1,6,-70,4,3024,27496,100,100,4,0,0
1912,19,14,1280,20,426,19,23,7,1,6,-52,9,1300,12160,105,100,1,0,0
1913,10,4,768,0,424,10,17,7,1,3,-70,10,725,8554,121,50,2,1,1
1912,11,5,1024,0,457,24,3,7,1,10,-70,7,653,11831,116,100,1,0,0
1911,7,3,768,10,369,12,12,7,1,4,-70,6,986,12185,81,100,1,0,0
1913,13,8,1024,0,338,9,19,7,1,4,-52,5,394,7337,82,100,1,0,0
1913,6,5,1024,20,410,16,4,5,1,5,-52,0,517,12279,120,100,1,0,0
1910,12,7,1024,0,415,11,5,7,1,2,-52,5,798,12037,115,100,1,0,0
1915,1,0,256,0,29,0,0,3,0,0,0,10,2711,30681,2150,100,2,0,0
1915,4,1,512,0,407,11,12,7,3,1,-61,10,5774,31073,127,100,1,0,0
1909,31,25,1792,20,232,21,132,5,1,7,-70,0,880,7969,106,100,4,1,3
1914,8,4,768,0,419,8,14,7,1,2,-70,4,772,7460,123,100,1,1,1
1916,9,4,768,0,426,9,14,7,2,2,-52,10,1562,15498,124,100,1,0,0
1916,5,4,768,0,466,20,2,7,1,6,-52,9,1149,13457,127,100,1,0,0
1917,26,25,1792,0,337,21,10,7,1,6,-52,0,1117,14440,87,100,3,0,0
1918,3,1,512,20,422,15,4,7,1,3,-76,8,2979,27816,128,100,2,0,0
1916,2,3,785,0,370,9,10,5,1,1,-52,1,1609,17720,90,100,2,0,0
1921,12,7,1024,0,417,11,5,7,1,2,-52,5,842,16173,115,100,3,0,0
1921,2,3,785,0,372,9,10,5,1,1,-52,1,531,7359,91,100,1,0,0
1923,7,3,768,20,372,12,12,7,1,4,-70,6,1729,28019,82,100,2,0,0
1925,1,0,256,0,29,0,0,3,0,0,0,10,1973,25974,2160,100,2,0,0
1925,2,3,785,0,374,9,10,5,1,1,-52,1,542,6840,91,100,0,0,0
1926,5,4,768,0,468,20,2,7,1,6,-52,9,1641,20396,127,100,1,0,0
1925,6,5,1024,10,417,16,4,5,1,5,-52,0,1488,15781,121,100,4,0,0
1929,7,3,768,0,373,12,12,7,1,4,-70,6,900,15493,82,100,1,0,0
1929,3,1,512,0,426,15,5,7,1,3,-76,8,3682,26880,128,100,3,0,0
1931,1,0,256,0,30,0,0,3,0,0,0,10,628,12853,2161,100,2,0,0
1932,11,5,1024,0,459,24,3,7,1,10,-70,7,578,15590,117,100,1,0,0
1930,12,7,1024,0,417,11,5,7,1,2,-52,5,572,12707,116,100,2,0,0
1934,5,1,512,10,470,22,2,7,1,7,-76,9,1968,18610,127,100,3,0,0
1934,2,3,785,0,377,9,10,5,1,1,-52,1,833,12400,91,100,3,0,0
1937,3,1,512,40,429,15,5,7,1,3,-76,9,2074,20216,129,100,1,0,0
1936,6,5,1024,0,421,16,4,5,1,5,-52,0,1425,14776,122,100,2,0,0
1935,12,7,1024,0,419,11,5,7,1,2,-52,5,632,8836,116,100,1,0,0
1926,4,3,913,60,418,14,12,7,0,2,-52,10,4952,37049,128,100,2,0,0
1937,11,5,1024,10,462,24,3,7,1,10,-70,7,784,10471,118,100,1,0,0
1939,4,3,913,80,427,14,12,7,1,2,-52,10,2883,31274,129,100,5,0,0
1941,1,0,256,0,31,0,0,3,0,0,0,10,1800,24487,2167,100,3,0,0
1942,5,1,512,10,474,22,2,7,1,7,-76,9,2785,20514,127,100,2,0,0
1941,6,5,768,0,424,17,4,5,1,5,-52,0,790,7001,122,100,2,0,0
1944,11,5,768,0,463,25,3,7,1,10,-70,7,903,11623,118,100,1,0,0
1939,13,8,1024,0,345,9,19,7,1,4,-52,5,606,13686,84,100,1,0,0
1941,7,3,768,0,374,12,12,7,1,4,-70,6,1598,28685,83,100,3,0,0
1943,8,3,768,0,430,10,14,7,1,3,-52,4,1189,12239,125,100,2,1,1
1948,5,1,512,10,475,22,2,7,1,7,-76,10,1507,15023,128,100,1,0,0
1948,3,1,512,50,432,15,5,7,1,3,-76,10,4827,33333,130,100,2,0,0
1945,2,3,785,0,381,9,10,5,1,1,-52,1,307,7508,92,100,1,0,0
1946,7,3,768,10,374,12,12,7,1,4,-70,6,939,15694,83,100,1,0,0
1946,13,8,1024,0,349,9,19,7,1,4,-52,5,912,10851,84,100,3,0,0
1951,1,0,256,0,32,0,0,3,0,0,0,10,1650,24877,2172,100,3,0,0
1953,5,1,512,40,477,22,2,7,1,7,-76,10,1568,13085,128,100,1,0,0
1949,6,5,768,10,429,17,4,5,1,5,-52,0,913,10428,123,100,2,0,0
1951,2,3,785,10,383,9,10,5,1,1,-52,1,595,9394,93,100,2,0,0
1952,4,3,785,0,434,14,12,7,1,2,-52,10,1154,19965,130,100,3,0,0
1953,12,7,1024,20,424,11,5,7,1,2,-52,5,1165,17035,118,100,3,0,0
1954,8,3,768,0,432,10,14,7,1,3,-52,4,1370,16535,126,100,3,1,1
1954,7,3,768,0,375,12,12,7,1,4,-70,6,1022,17317,84,100,1,0,0
1955,13,8,1024,0,350,9,19,7,1,4,-52,5,497,14061,85,100,1,0,0
1957,5,1,512,40,480,22,2,7,1,7,-76,10,1556,10695,128,100,2,0,0
1953,11,5,768,0,466,25,3,7,1,10,-70,7,882,17268,119,100,2,0,0
1959,3,1,512,0,434,15,5,7,1,3,-76,10,4594,32248,130,100,2,0,0
1958,4,3,785,0,435,14,12,7,1,2,-52,10,395,16729,130,100,1,0,0
1958,7,3,768,10,378,12,12,7,1,4,-70,6,1248,11798,84,100,1,0,0
1959,12,7,1024,0,426,11,5,7,1,2,-52,5,800,8728,118,100,1,0,0
1961,1,0,256,0,32,0,0,3,0,0,0,10,1679,22976,2178,100,2,0,0
1957,6,5,768,0,431,17,4,5,1,5,-52,0,608,10148,123,100,1,0,0
1961,2,3,785,0,386,9,10,5,1,1,-52,1,834,14935,93,100,2,0,0
1961,8,3,768,10,432,10,14,7,1,3,-52,4,577,10954,126,100,1,1,1
1963,11,5,768,0,471,25,3,7,1,10,-70,7,1209,17799,119,100,2,0,0
1963,6,5,768,0,433,17,4,5,1,5,-52,0,615,6807,123,100,1,0,0
1967,5,1,512,20,481,22,2,7,1,7,-76,10,3130,25539,129,100,2,0,0
1967,3,1,512,30,435,15,5,7,1,3,-76,10,3613,25733,131,100,2,0,0
1968,1,0,256,0,32,0,0,3,0,0,0,10,950,18027,2185,100,1,0,0
1966,8,3,768,0,436,10,14,7,1,3,-52,4,1026,9078,127,100,2,1,1
1970,11,5,768,10,473,25,3,7,1,10,-70,7,705,12769,120,100,1,0,0
1970,6,5,768,0,435,17,4,5,1,5,-52,0,740,9055,124,100,2,0,0
1966,13,8,1024,0,353,9,19,7,1,4,-52,5,856,16711,86,100,2,0,0
1972,3,1,524,70,436,15,5,7,1,3,-76,10,2019,12969,131,100,1,0,0
1968,4,3,785,10,438,14,12,7,1,2,-52,10,706,20836,131,100,2,0,0
1968,7,3,768,20,379,12,12,7,1,4,-70,6,1209,20981,85,100,2,0,0
1969,2,3,785,0,389,9,10,5,1,1,-52,1,685,11496,94,100,1,0,0
1971,12,7,1024,0,429,11,5,7,1,2,-52,5,1042,17672,119,100,2,0,0
1975,1,0,256,0,33,0,0,3,0,0,0,10,970,15931,2188,100,2,0,0
1975,5,1,512,20,484,22,2,7,1,7,-76,10,1886,18352,130,100,1,0,0
1972,7,3,768,0,380,12,12,7,1,4,-70,6,646,11131,85,100,0,0,0
1974,8,3,768,0,439,10,14,7,1,3,-52,4,977,12262,127,100,1,1,1
1979,3,1,512,70,438,16,5,7,1,3,-76,10,3116,21762,132,100,1,0,0
1977,11,5,768,10,474,25,3,7,1,10,-70,7,515,11207,120,100,1,0,0
1979,4,3,785,0,443,14,12,7,1,2,-52,10,1104,29097,132,100,2,0,0
1981,1,0,256,0,33,0,0,3,0,0,0,10,871,14562,2191,100,1,0,0
1978,6,5,768,10,436,17,4,5,1,5,-52,0,614,8924,124,100,2,0,0
1984,5,1,512,30,486,23,2,7,1,7,-76,10,2580,22138,130,100,2,0,0
1978,13,8,1024,0,357,9,19,7,1,4,-52,5,1097,18283,86,100,2,0,0
1983,11,5,768,0,475,25,3,7,1,10,-70,7,488,11116,121,100,1,0,0
1985,3,1,512,80,440,16,5,7,1,3,-76,10,2486,16175,132,100,1,0,0
1980,12,7,1024,10,433,11,5,7,1,2,-52,5,1084,12024,119,100,2,0,0
1980,8,3,768,0,439,10,14,7,1,3,-52,4,759,10946,128,100,1,1,1
1988,6,5,768,0,438,17,4,5,1,5,-52,0,952,12337,125,100,2,0,0
1989,3,1,512,90,440,16,5,7,1,3,-76,10,1455,12045,132,100,1,0,0
1989,1,0,256,0,33,0,0,3,0,0,0,10,1188,18431,2197,100,2,0,0
1986,8,3,768,0,439,10,14,7,1,3,-52,4,450,8456,128,100,1,1,1
1993,5,1,512,0,487,23,2,7,1,7,-76,10,1820,20497,131,100,1,0,0
1993,6,5,768,0,438,17,4,5,1,5,-52,0,309,6326,125,100,1,0,0
1989,13,8,1024,0,360,9,19,7,1,4,-52,5,892,14344,87,100,2,0,0
1993,1,0,256,0,33,0,0,3,0,0,0,10,397,10329,2199,100,0,0,0
1993,11,5,768,0,479,25,3,7,1,10,-70,7,954,17848,121,100,3,0,0
1996,3,1,512,90,445,16,5,7,2,3,-76,10,2630,19413,133,100,1,0,0
1993,13,8,1024,0,362,9,19,7,1,4,-52,5,593,6741,87,100,1,0,0
1998,11,5,768,0,481,25,3,7,1,10,-70,7,960,10155,122,100,1,0,0
1996,4,3,785,0,449,14,12,7,1,2,-52,9,557,13364,133,100,1,0,0
1996,7,3,768,0,387,12,12,7,1,4,-70,6,1029,17888,86,100,2,0,0
1995,2,3,785,10,394,9,10,5,1,1,-52,1,613,17020,95,100,2,0,0
2000,5,1,512,10,489,23,2,7,1,7,-76,10,2343,19307,131,100,2,0,0
1999,13,8,1024,0,367,9,19,7,1,4,-52,5,1057,10656,88,100,2,0,0
2000,12,7,1024,10,439,11,5,7,1,2,-52,5,911,9691,121,100,2,0,0
2002,3,1,512,0,447,16,5,7,2,3,-76,10,3173,20101,133,100,2,0,0
2002,1,0,256,0,33,0,0,3,0,0,0,10,1851,24478,2208,100,2,0,0
2003,6,5,768,0,440,17,4,5,1,5,-52,0,884,12142,126,100,1,0,0
2001,2,3,768,0,395,9,10,5,1,1,-52,1,672,8916,96,100,1,0,0
2002,4,3,768,0,450,14,12,7,1,2,-52,9,512,17423,133,100,3,0,0
2003,7,3,768,0,391,12,12,7,1,4,-70,6,1529,19143,87,100,1,0,0
2003,8,3,768,10,445,10,14,7,1,3,-52,4,1168,14011,129,100,3,1,1
2005,5,1,512,10,490,23,2,7,1,7,-76,10,1160,12067,132,100,1,0,0
2006,12,7,1024,0,440,11,5,7,1,2,-52,5,606,8201,121,100,1,0,0
2007,3,1,512,0,448,16,5,7,2,3,-76,10,2643,16146,133,100,2,0,0
2008,11,5,768,0,483,25,3,7,1,10,-70,7,670,16638,122,100,2,0,0
2009,2,3,768,0,396,10,10,5,1,1,-52,1,656,10831,96,100,1,0,0
2008,8,3,768,0,447,10,14,7,1,3,-52,4,763,8510,129,100,2,1,1
2008,13,8,1024,10,369,9,19,7,1,4,-52,5,729,14139,88,100,2,0,0
2011,7,3,768,10,393,12,12,7,1,4,-70,6,997,17677,87,100,1,0,0
2011,1,0,256,0,33,0,0,3,0,0,0,10,1674,24930,2215,100,2,0,0
2012,6,5,768,10,441,17,4,5,1,5,-52,0,639,12062,127,100,3,0,0
2012,8,3,768,0,450,10,14,7,1,3,-52,4,945,8206,130,100,0,1,1
2014,3,1,512,10,449,16,5,7,2,3,-76,10,3216,21233,134,100,1,0,0
2013,4,3,768,0,453,15,12,7,1,2,-52,9,1062,28159,134,100,3,0,0
2015,5,1,512,10,492,23,2,7,1,7,-76,10,2176,23342,132,100,1,0,0
2016,12,7,1024,0,444,11,5,7,1,2,-52,5,1044,12050,122,100,3,0,0
2018,8,3,768,0,452,10,14,7,1,3,-52,4,721,7614,130,100,2,1,1
2018,11,5,768,0,487,25,3,7,1,10,-70,7,1363,19734,123,100,3,0,0
2017,6,5,768,10,443,17,4,5,1,5,-52,0,500,6917,127,100,1,0,0
2018,2,3,768,10,398,10,10,5,1,1,-52,1,920,14795,97,100,2,0,0
2019,3,1,512,0,451,16,5,7,2,3,-76,10,2006,14983,134,100,2,0,0
2020,5,1,512,10,494,23,2,7,1,7,-76,10,1051,11304,133,100,1,0,0
2020,1,0,256,0,33,0,0,3,0,0,0,10,1098,22683,2218,100,1,0,0
2020,13,8,1024,0,371,9,19,7,1,4,-52,5,911,16971,89,100,2,0,0
2024,1,0,256,0,33,0,0,3,0,0,0,10,664,10529,2222,100,1,0,0
2021,7,3,768,0,395,12,12,7,1,4,-70,6,1495,25797,88,100,2,0,0
2026,4,3,768,0,455,15,12,7,1,2,-52,9,1018,27180,135,100,3,0,0
2025,5,1,512,20,497,23,2,7,1,7,-76,10,1166,12802,133,100,1,0,0
2026,13,8,1024,0,372,9,19,7,1,4,-52,5,505,9559,90,100,1,0,0
2027,12,7,1024,0,445,11,5,7,1,2,-52,5,523,12272,122,100,1,0,0
2026,8,3,768,0,455,10,14,7,1,3,-52,4,1627,15185,131,100,2,1,1
2027,2,3,768,10,402,10,10,5,1,1,-52,1,1239,15546,98,100,2,0,0
2027,6,5,768,0,444,17,4,5,1,5,-52,0,669,13086,128,100,2,0,0
2029,3,1,512,10,453,16,5,7,2,3,-76,10,5324,33104,135,100,2,0,0
2031,1,0,256,0,33,0,0,3,0,0,0,10,1176,18475,2227,100,1,0,0
2031,7,3,768,10,397,12,12,7,1,4,-70,6,1744,23531,89,100,2,0,0
2032,13,8,1024,0,374,9,19,7,1,4,-52,5,499,8718,90,100,1,0,0
2032,5,1,512,30,499,23,2,7,1,7,-76,10,1981,17288,134,100,2,0,0
2027,11,5,768,10,489,25,3,7,1,10,-70,8,1075,20126,124,100,3,0,0
2033,3,1,566,0,456,16,5,7,2,3,-76,10,1644,13147,135,100,1,0,0
2035,12,7,1024,0,446,11,5,7,1,2,-52,5,741,10658,123,100,2,0,0
2034,8,3,1073,0,457,10,14,7,1,3,-52,4,995,12951,131,100,2,1,1
2034,6,5,768,0,445,17,4,5,1,5,-52,0,392,7637,128,100,1,0,0
2034,4,3,768,0,459,15,12,7,1,2,-52,9,907,24154,135,100,2,0,0
2035,11,5,768,0,491,25,3,7,1,10,-70,8,753,14814,124,100,2,0,0
2038,2,3,768,0,403,10,10,5,1,1,-52,1,591,15895,98,100,2,0,0
2039,3,1,532,20,457,16,5,7,2,3,-76,10,2834,18056,136,100,2,0,0
2038,8,3,1073,0,459,11,14,7,1,3,-52,4,743,7938,131,100,2,1,1
2041,1,0,256,0,33,0,0,3,0,0,0,10,1592,27022,2234,100,2,0,0
2039,6,5,768,10,447,18,4,5,1,5,-52,0,864,7902,129,100,1,0,0
2043,5,1,512,0,502,23,2,7,1,7,-76,10,3051,26100,134,100,3,0,0
2042,7,3,1073,10,401,13,12,7,1,4,-70,7,2448,29140,90,100,3,0,0
2042,11,5,768,0,493,26,3,7,1,10,-70,8,761,13533,125,100,1,0,0
2046,12,7,1329,0,448,12,5,7,1,2,-52,6,890,12955,124,100,2,0,0
2044,8,3,1073,0,462,11,14,7,1,3,-52,4,1024,9627,132,100,2,1,1
2046,4,3,768,0,463,15,12,7,1,2,-52,9,1180,29756,136,100,5,0,0
2048,3,1,512,20,459,16,5,7,2,3,-76,10,3533,25294,136,100,3,0,0
2047,2,3,768,0,406,10,10,5,1,1,-52,1,732,13682,99,100,2,0,0
2050,12,7,1329,20,452,12,5,7,1,2,-52,6,713,5766,124,100,2,0,0
2051,1,0,256,0,33,0,0,3,0,0,0,10,1477,25458,2238,100,2,0,0
2049,4,3,768,0,463,15,12,7,1,2,-52,9,284,9445,136,100,0,0,0
2051,6,5,768,0,450,18,4,5,1,5,-52,0,831,12982,129,100,2,0,0
2052,5,1,512,10,505,23,2,7,1,7,-76,10,1753,18792,135,100,2,0,0
2053,11,5,768,0,495,26,3,7,1,10,-70,8,1294,17730,126,100,3,0,0
2053,8,3,1073,0,465,11,14,7,1,3,-52,4,736,13302,132,100,1,1,1
2051,7,3,1073,10,406,13,12,7,1,4,-70,7,1849,20815,90,100,3,0,0
2054,3,1,512,0,462,16,5,7,2,3,-76,10,3074,20442,137,100,1,0,0
2054,4,3,768,0,465,15,12,7,1,2,-52,9,690,11706,137,100,1,0,0
2058,12,7,1329,0,454,12,5,7,1,2,-52,6,852,9971,124,100,2,0,0
2056,2,3,768,10,410,10,10,5,1,1,-52,1,965,13213,100,100,2,0,0
2057,7,3,1073,10,409,13,12,7,1,4,-70,8,1632,16313,91,100,2,0,0
2059,6,5,768,0,453,18,4,5,1,5,-52,0,942,12275,130,100,2,0,0
2060,3,1,512,0,464,16,5,7,2,3,-76,10,2778,18309,137,100,1,0,0
2061,1,0,256,0,33,0,0,3,0,0,0,10,1976,29476,2247,100,2,0,0
2062,7,3,1073,0,409,13,12,7,1,4,-70,8,736,11470,91,100,1,0,0
2062,5,1,512,10,509,23,2,7,1,7,-76,10,2629,25391,136,100,3,0,0
2062,11,5,768,0,497,26,3,7,1,10,-70,8,904,19254,126,100,3,0,0
2064,6,5,768,0,456,18,4,5,1,5,-52,0,582,5708,130,100,1,0,0
2064,4,3,768,0,470,15,12,7,1,2,-52,9,960,22663,137,100,3,0,0
2069,12,7,1329,0,457,12,5,7,1,2,-52,6,938,13909,125,100,3,0,0
2068,3,1,512,10,466,16,5,7,2,3,-76,10,1970,20438,138,100,1,0,0
2067,2,3,768,0,412,10,10,5,1,1,-52,1,913,17480,100,100,2,0,0
2068,6,5,768,10,458,18,4,5,1,5,-52,0,508,5517,131,100,0,0,0
2069,7,3,1073,0,410,13,12,7,1,4,-70,8,882,13029,91,100,2,0,0
2071,1,0,256,0,33,0,0,3,0,0,0,10,1356,24611,2251,100,2,0,0
2069,11,5,768,0,498,26,3,7,1,10,-70,8,590,12584,127,100,1,0,0
2072,5,1,512,0,512,23,2,7,1,7,-76,10,2903,25425,136,100,2,0,0
2073,2,3,768,0,414,10,10,5,1,1,-52,1,560,7859,101,100,1,0,0
2074,4,3,768,0,474,15,12,7,1,2,-52,9,1090,19483,138,100,1,0,0
2074,6,5,768,0,460,18,4,5,1,5,-52,0,894,8216,131,100,2,0,0
2078,12,7,1329,0,461,12,5,7,1,2,-52,6,1000,10954,126,100,2,0,0
2078,3,1,512,0,467,16,5,7,2,3,-76,10,2943,28938,138,100,2,0,0
2078,7,3,1073,10,411,13,12,7,1,4,-70,9,1910,17787,92,100,2,0,0
2081,5,1,512,0,515,23,2,7,1,7,-76,10,2278,21671,137,100,2,0,0
2082,1,0,256,0,33,0,0,3,0,0,0,10,1714,30356,2256,100,2,0,0
2084,7,3,1073,0,412,13,12,7,1,4,-70,9,992,11636,92,100,1,0,0
2082,6,5,768,0,464,18,4,5,1,5,-52,0,760,9915,131,100,1,0,0
2087,12,7,1329,0,463,12,5,7,1,2,-52,6,710,11757,126,100,1,0,0
2085,5,1,512,20,518,23,2,7,1,7,-76,10,1510,10160,137,100,0,0,0
2085,4,3,768,0,477,15,12,7,1,2,-52,9,1596,27193,139,100,3,0,0
2086,3,1,512,10,470,16,5,7,2,3,-76,10,3321,23672,139,100,2,0,0
2081,11,5,768,10,502,26,3,7,1,10,-70,8,1354,19938,128,100,2,0,0
2089,1,0,256,0,33,0,0,3,0,0,0,10,1202,17799,2261,100,1,0,0
2088,6,5,768,0,465,18,4,5,1,5,-52,0,527,7832,132,100,1,0,0
2088,2,3,768,0,416,10,10,5,1,1,-52,1,370,9990,102,100,1,0,0
2090,4,3,768,0,478,15,12,7,1,2,-52,9,470,9909,139,100,0,0,0
2090,7,3,1073,10,414,13,12,7,1,4,-70,9,1652,13076,93,100,2,0,0
2094,5,1,512,10,523,23,2,7,1,7,-76,10,2308,18474,138,100,2,0,0
2092,6,5,768,0,465,18,4,5,1,5,-52,0,308,5344,132,100,1,0,0
2095,3,1,512,0,473,16,5,7,2,3,-76,10,2795,23952,139,100,1,0,0
2092,11,5,768,10,508,26,3,7,1,10,-70,9,2045,21703,128,100,3,0,0
2094,12,7,1329,10,465,12,5,7,1,2,-52,6,1001,12058,127,100,3,0,0
2053,16,11,1408,100,38,10,3,7,0,5,-52,2,710,8469,29,100,3,0,0
2097,5,1,512,30,524,23,2,7,1,7,-76,10,1702,10736,138,100,1,0,0
2096,2,3,768,10,417,10,10,5,1,1,-52,1,685,12464,102,100,2,0,0
2098,4,3,768,0,481,15,12,7,1,2,-52,9,769,18117,139,100,3,0,0
2064,16,11,1408,90,38,10,3,7,0,5,-52,2,419,15484,30,100,2,0,0
2084,9,3,896,80,473,11,17,7,0,3,-70,10,1275,17886,134,100,3,0,0
2100,1,0,256,0,33,0,0,3,0,0,0,10,2077,31827,2268,100,2,0,0
2075,16,11,1408,100,38,10,3,7,0,5,-52,2,741,15428,31,100,1,0,0
2093,9,3,896,80,475,11,17,7,0,3,-70,10,1188,17936,135,100,2,0,0
2099,24,19,1536,0,55,3,14,7,1,2,-52,0,565,9031,40,100,3,0,0
2084,16,11,1408,90,40,10,3,7,0,5,-52,2,977,13269,31,100,3,0,0
2101,2,3,768,0,420,10,10,5,1,1,-52,1,608,7231,102,100,1,0,0
2101,7,3,1073,30,419,13,12,7,1,4,-70,9,1738,20827,93,100,4,0,0
2091,16,11,1408,90,42,10,3,7,1,5,-52,2,1098,11773,32,100,3,0,0
2103,11,5,768,30,510,26,3,7,1,10,-70,9,3297,22969,129,100,2,0,0
2105,1,0,256,0,33,0,0,3,0,0,0,10,1035,12538,2275,100,1,0,0
2101,12,7,1329,10,468,12,5,7,1,2,-52,6,955,10322,127,100,1,0,0
2105,3,1,512,0,476,16,5,7,2,3,-76,10,4604,34509,140,100,2,0,0
2107,7,3,1073,0,420,13,12,7,1,4,-70,9,1400,15267,94,100,1,0,0
2109,4,3,768,20,486,15,12,7,1,2,-52,9,1266,25939,140,100,2,0,0
2106,5,1,512,70,526,23,2,7,1,7,-76,10,2805,21752,139,100,1,0,0
2103,16,11,1280,0,46,10,3,7,1,5,-52,2,2787,20853,33,100,4,0,0
2109,11,5,768,10,512,26,3,7,1,10,-70,9,1523,12332,129,100,1,0,0
2108,16,11,1280,0,48,10,3,7,1,5,-52,2,613,7834,33,100,1,0,0
2110,2,3,768,10,422,10,10,5,1,1,-52,1,687,14110,103,100,1,0,0
2112,3,1,512,0,478,16,5,7,2,3,-76,10,1714,17390,140,100,2,0,0
2110,21,16,1664,10,486,25,9,7,1,10,-52,5,1256,18006,120,100,4,0,0
2113,4,3,768,0,488,15,12,7,1,2,-52,9,558,10052,141,100,1,0,0
2112,7,3,1073,10,421,13,12,7,1,4,-70,9,690,9348,94,100,1,0,0
2112,12,7,1329,0,469,12,5,7,1,2,-52,6,755,13767,128,100,2,0,0
2115,1,0,256,0,33,0,0,3,0,0,0,10,1981,29225,2280,100,2,0,0
2115,5,1,512,20,529,23,2,7,1,7,-76,10,3616,26178,139,100,2,0,0
2114,11,5,768,10,513,26,3,7,1,10,-70,9,1161,10722,130,100,1,0,0
2115,6,5,768,20,473,18,4,5,1,5,-52,0,695,12324,134,100,3,0,0
2118,2,3,768,0,423,10,10,5,1,1,-52,1,599,10975,104,100,2,0,0
2117,12,7,1329,0,469,12,5,7,1,2,-52,6,311,7162,128,100,1,0,0
2104,9,3,768,90,478,11,17,7,1,3,-70,10,3107,23002,136,100,3,0,0
2115,21,16,1664,0,490,25,9,7,1,10,-52,5,793,8586,121,100,2,0,0
2119,16,11,1280,0,51,10,3,7,1,5,-52,2,1723,16762,34,100,3,0,0
2123,1,0,256,0,33,0,0,3,0,0,0,10,1516,20827,2288,100,1,0,0
2119,11,5,768,0,514,26,3,7,1,10,-70,9,1321,10993,130,100,1,0,0
2122,7,3,1073,0,426,13,12,7,1,4,-70,9,2104,20174,95,100,3,0,0
2110,9,5,896,90,479,12,17,7,0,4,-70,10,1542,11669,136,100,2,0,0
2123,3,1,512,10,481,16,5,7,2,3,-76,10,4171,31440,141,100,2,0,0
2118,13,9,1024,0,397,13,19,7,1,6,-70,6,1751,17350,96,100,4,0,0
2123,12,7,1329,0,471,12,5,7,1,2,-52,6,584,8059,129,100,1,0,0
2125,5,1,512,60,532,23,2,7,1,7,-76,10,4652,31126,140,100,2,0,0
2125,4,3,768,10,489,15,12,7,1,2,-52,9,1219,26334,141,100,2,0,0
2127,1,0,256,0,33,0,0,3,0,0,0,10,766,11482,2289,100,1,0,0
2127,2,3,768,0,427,10,10,5,1,1,-52,1,941,14268,104,100,1,0,0
2123,25,19,1536,20,388,18,21,7,1,6,-70,4,2093,20144,114,100,4,0,0
2096,17,13,1536,90,12,6,7,4,0,3,-70,0,741,5011,8,100,3,0,0
2127,9,5,768,70,483,13,17,7,1,4,-70,10,2896,17846,137,100,2,0,0
2130,5,1,512,50,533,23,2,7,1,7,-76,10,2885,17165,140,100,1,0,0
2130,4,3,768,0,489,15,12,7,1,2,-52,9,675,13469,142,100,1,0,0
2131,7,3,1073,10,429,13,12,7,1,4,-70,9,1056,14026,95,100,1,0,0
2132,3,1,512,10,485,16,5,7,2,3,-76,10,3706,27737,142,100,1,0,0
2131,11,5,768,10,518,26,3,7,1,10,-70,9,1393,13300,131,100,1,0,0
2126,30,25,1792,0,63,4,2,7,1,2,-52,1,244,3969,33,100,0,0,0
2128,25,19,1536,10,390,18,21,7,1,6,-70,4,1921,12429,115,100,2,0,0
2132,12,7,1329,0,475,12,5,7,1,2,-52,6,835,11287,129,100,2,0,0
2129,19,14,1280,0,477,19,23,7,1,6,-52,9,2937,26271,119,100,2,0,0
2131,24,19,1536,10,64,3,14,7,1,2,-52,1,1066,11809,42,100,2,0,0
2135,4,3,768,10,492,15,12,7,1,2,-52,9,486,10857,142,100,0,0,0
2135,7,3,1073,0,429,13,12,7,1,4,-70,9,1465,11023,96,100,1,0,0
2118,17,13,1408,100,14,7,7,4,0,3,-70,0,398,5667,10,100,2,0,0
2137,1,0,256,0,33,0,0,3,0,0,0,10,1838,28242,2298,100,2,0,0
2138,2,3,768,0,431,10,10,5,1,1,-52,1,1158,16220,105,100,3,0,0
2136,11,5,768,0,518,26,3,7,1,10,-70,9,682,9524,131,100,1,0,0
2140,5,1,512,50,536,23,2,7,2,7,-76,10,4393,30897,141,100,2,0,0
2133,26,25,1792,10,408,21,10,7,1,6,-52,0,972,12543,101,100,4,0,0
2141,7,3,1073,10,431,13,12,7,1,4,-70,9,804,9984,96,100,2,0,0
2141,3,1,512,20,487,16,5,7,2,3,-76,10,2878,24539,142,100,2,0,0
2142,1,0,256,0,33,0,0,3,0,0,0,10,908,14095,2299,100,1,0,0
2138,17,13,1280,0,16,7,7,5,1,3,-70,1,1366,11338,11,100,4,0,0
2141,12,7,1329,0,477,12,5,7,1,2,-52,6,716,8829,130,100,1,0,0
2138,14,9,1024,20,482,14,18,7,1,4,-52,10,3241,22533,135,100,3,0,0
2112,29,24,2048,90,72,6,10,7,0,4,-52,0,768,6180,31,100,2,0,0
2140,13,9,1024,0,404,13,19,7,2,6,-70,7,1135,9972,97,100,2,0,0
2120,29,24,2048,80,76,7,10,7,0,4,-52,0,437,6879,31,100,3,0,0
2144,2,3,768,10,431,10,10,5,1,1,-52,2,637,8774,105,100,1,0,0
2142,14,9,1024,80,484,14,18,7,1,4,-52,10,1303,8622,135,100,0,0,0
2137,30,25,1792,0,66,4,2,7,1,2,-52,1,1521,11415,34,100,4,0,0
2145,4,3,768,10,495,15,12,7,1,2,-52,9,1561,24215,143,100,3,0,0
2144,11,5,768,0,519,26,3,7,1,10,-70,9,1093,15595,132,100,2,0,0
2132,29,24,2048,90,79,7,10,7,0,4,-52,0,803,10346,32,100,3,0,0
2140,19,14,1280,40,482,19,23,7,1,6,-52,9,3338,29701,120,100,2,0,0
2146,12,7,1329,0,480,12,5,7,1,2,-52,6,742,7790,130,100,2,0,0
2146,9,5,768,50,491,13,17,7,1,4,-70,10,4280,27486,138,100,2,0,0
2146,16,11,1280,0,58,10,3,7,1,5,-52,2,1293,17655,36,100,2,0,0
2148,5,1,512,50,540,23,2,7,2,7,-76,10,5062,25607,141,100,3,0,0
2138,29,24,2048,80,80,7,10,7,1,4,-52,0,626,6158,33,100,2,0,0
2146,17,13,1280,0,17,7,7,5,1,3,-70,1,733,8342,12,100,2,0,0
2148,3,1,512,0,490,16,5,7,2,3,-76,10,2979,20864,143,100,2,0,0
2149,7,3,1073,0,434,13,12,7,1,4,-70,8,1495,16293,97,100,3,0,0
2146,21,16,1664,0,499,25,9,7,1,10,-52,5,842,14912,123,100,3,0,0
2140,25,19,1536,20,392,18,21,7,1,6,-70,4,2144,22535,116,100,3,0,0
2138,26,25,1792,0,409,21,10,7,1,6,-52,0,592,6360,102,100,2,0,0
2151,1,0,256,0,33,0,0,3,0,0,0,10,2686,31468,2315,100,1,0,0
2143,24,19,1536,0,69,3,14,7,1,2,-52,1,2764,16635,43,100,2,0,0
2112,31,30,2176,80,273,23,179,5,0,8,-52,0,638,8795,119,100,5,1,3
2124,31,30,2176,60,274,23,183,5,0,8,-52,0,1140,10504,120,100,5,1,3
2153,4,3,768,0,496,15,12,7,1,2,-52,9,934,18845,143,100,2,0,0
2132,31,30,2176,90,275,23,185,5,0,8,-52,0,607,7124,121,100,4,1,3
2134,8,2,1152,70,484,20,14,7,0,6,-70,3,683,14228,138,100,3,1,1
2154,12,7,1329,0,481,12,5,7,1,2,-52,5,776,10183,131,100,3,0,0
2154,11,5,768,10,519,26,3,7,1,10,-70,9,1325,17953,132,100,2,0,0
2146,25,19,1536,40,395,18,21,7,1,6,-70,4,2047,12668,116,100,1,0,0
2154,16,11,1280,0,63,10,3,7,1,5,-52,2,1376,14035,36,100,2,0,0
2154,2,3,768,10,434,10,10,5,1,1,-52,2,1490,18260,106,100,2,0,0
2140,31,30,2176,70,276,23,187,5,1,8,-52,0,508,7169,121,100,4,1,3
2139,8,2,1152,70,486,20,14,7,0,6,-70,3,480,6799,138,100,2,1,1
2145,8,2,1152,90,488,20,14,7,0,6,-70,3,700,8675,139,100,2,1,1
2156,5,1,512,30,543,23,2,7,2,7,-76,10,4964,27950,142,100,1,0,0
2156,6,5,768,10,482,18,4,5,1,5,-52,0,846,13848,136,100,2,0,0
2152,8,2,1152,90,489,20,14,7,0,6,-70,3,421,8558,139,100,1,1,1
2156,7,3,1073,0,436,13,12,7,1,4,-70,8,1152,14486,97,100,2,0,0
2153,17,13,1280,0,18,7,7,5,1,3,-70,1,669,7463,12,100,3,0,0
2157,1,0,256,0,33,0,0,3,0,0,0,10,1469,20588,2321,100,2,0,0
2154,14,9,1024,100,488,14,18,7,1,4,-52,10,2765,16462,136,100,2,0,0
2157,3,1,512,10,492,16,5,7,2,3,-76,10,3588,25755,143,100,3,0,0
2147,29,24,1920,0,83,7,10,7,1,4,-52,0,1421,11426,33,100,4,0,0
2157,9,5,768,60,494,13,17,7,1,4,-70,10,4843,31149,139,100,4,0,0
2157,11,5,768,10,520,26,3,7,1,10,-70,9,802,8453,133,100,0,0,0
2148,30,25,1792,0,67,4,2,7,1,2,-52,1,1792,15135,34,100,3,0,0
2154,19,14,1280,60,488,19,23,7,1,6,-52,9,1476,10893,121,100,0,0,0
2158,21,16,1664,0,504,25,9,7,1,10,-52,5,981,16819,123,100,4,0,0
2151,31,30,2048,0,280,23,191,5,1,8,-52,0,1848,12839,122,100,8,1,3
2161,12,7,1329,0,484,12,5,7,1,2,-52,5,798,9147,131,100,1,0,0
2159,14,9,1024,60,491,14,18,7,2,4,-52,10,2091,10882,136,100,0,0,0
2153,29,24,1792,0,86,7,10,7,1,4,-52,0,1266,7675,34,100,1,0,0
2157,26,25,1792,0,415,21,10,7,1,6,-52,0,528,6239,103,100,2,0,0
2160,2,3,768,10,436,10,10,5,1,1,-52,2,1517,13278,107,100,1,0,0
2161,11,5,768,10,522,26,3,7,1,10,-70,9,900,8073,133,100,1,0,0
2162,8,2,1024,10,491,20,14,7,1,6,-70,3,1551,18223,140,100,3,1,1
2163,3,1,512,0,494,16,5,7,2,3,-76,10,2189,17147,144,100,1,0,0
2158,30,25,1792,0,71,4,2,7,1,2,-52,1,1236,12887,35,100,3,0,0
2162,4,3,768,0,496,15,12,7,1,2,-52,9,1650,24566,144,100,1,0,0
2159,25,19,1536,10,400,18,21,7,1,6,-70,4,1799,17189,117,100,1,0,0
2164,9,5,768,70,496,13,17,7,1,4,-70,10,3186,19739,139,100,1,0,0
2165,5,1,512,20,545,23,2,7,2,7,-76,10,6210,32507,143,100,3,0,0
2164,16,11,1280,0,65,10,3,7,1,5,-52,2,1176,15058,37,100,2,0,0
2165,6,5,768,0,483,18,4,5,1,5,-52,0,912,13118,137,100,2,0,0
2167,8,2,1024,0,493,20,14,7,1,6,-70,3,545,7377,140,100,2,1,1
2162,31,30,2048,0,282,23,193,5,1,8,-52,0,925,10399,123,100,4,1,3
2167,7,3,1073,0,441,13,12,7,1,4,-70,7,2036,20837,98,100,2,0,0
2167,21,16,1664,10,507,25,9,7,1,10,-52,5,1034,14083,124,100,4,0,0
2168,1,0,256,0,33,0,0,3,0,0,0,10,3312,36384,2338,100,2,0,0
2164,17,13,1280,0,18,7,7,5,1,3,-70,1,728,10880,13,100,2,0,0
2166,14,9,1024,0,494,14,18,7,2,4,-52,10,2804,15916,137,100,3,0,0
2165,19,14,1280,50,491,19,23,7,1,6,-52,9,1078,10921,122,100,0,0,0
2164,25,19,1536,0,403,18,21,7,1,6,-70,4,1292,11039,117,100,2,0,0
2164,24,19,1536,0,76,3,14,7,1,2,-52,1,1029,10767,45,100,1,0,0
2171,3,1,512,0,497,16,5,7,2,3,-76,10,2837,24740,144,100,2,0,0
2164,29,24,1792,20,92,7,10,7,1,4,-52,0,1285,11682,34,100,4,0,0
2171,12,7,1329,0,488,12,5,7,1,2,-52,5,1619,15611,132,100,3,0,0
2169,13,9,1024,0,411,13,20,7,2,6,-70,7,1785,19349,99,100,3,0,0
2171,6,5,768,0,484,18,4,5,1,5,-52,0,416,6990,137,100,1,0,0
2171,4,3,768,0,497,15,12,7,1,2,-52,9,1309,16839,144,100,2,0,0
2171,2,3,768,0,439,10,10,5,1,1,-52,2,1369,19966,107,100,2,0,0
2171,21,16,1664,0,510,25,9,7,1,10,-52,5,631,6940,124,100,1,0,0
2171,11,5,768,0,526,26,3,7,1,10,-70,9,1882,20464,134,100,2,0,0
2173,16,11,1280,0,67,10,3,7,1,5,-52,2,1373,16270,37,100,2,0,0
2174,9,5,768,70,500,13,17,7,1,4,-70,10,4147,29054,140,100,3,0,0
2167,26,25,1792,10,421,21,10,7,1,6,-52,0,1248,13804,103,100,3,0,0
2176,1,0,256,0,33,0,0,3,0,0,0,10,1691,24856,2345,100,1,0,0
2176,5,1,512,10,550,23,2,7,2,7,-76,10,6639,36945,143,100,2,0,0
2176,7,3,1073,10,445,13,12,7,1,4,-70,7,1504,17548,98,100,3,0,0
2178,11,5,768,40,528,26,3,7,1,10,-70,9,862,10402,134,100,1,0,0
2177,8,2,1024,0,495,20,14,7,1,6,-70,3,743,17478,141,100,3,1,1
2178,9,5,768,90,501,13,17,7,1,4,-70,10,1378,12984,140,100,0,0,0
2178,4,3,768,0,500,15,12,7,1,2,-52,9,846,13016,145,100,1,0,0
2177,21,16,1664,10,514,25,9,7,1,10,-52,5,780,9549,125,100,3,0,0
2181,2,3,768,0,442,10,10,5,1,1,-52,2,1510,16882,108,100,2,0,0
2181,3,1,512,0,500,16,5,7,2,3,-76,10,4570,29517,145,100,1,0,0
2181,12,7,1329,0,491,12,6,7,1,2,-52,5,962,12189,133,100,3,0,0
2182,6,5,768,10,487,18,4,5,1,5,-52,0,858,12770,138,100,2,0,0
2182,11,5,1166,0,528,26,3,7,1,10,-70,9,873,8457,134,100,1,0,0
2183,1,0,256,0,33,0,0,3,0,0,0,10,1600,21989,2353,100,1,0,0
2182,5,1,512,20,553,23,2,7,2,7,-76,10,3161,21779,144,100,1,0,0
2175,24,19,1536,20,78,3,14,7,1,2,-52,1,1465,15168,46,100,3,0,0
2182,9,5,768,90,503,13,17,7,1,4,-70,10,1438,11788,141,100,1,0,0
2180,17,13,1280,0,20,7,7,5,1,3,-70,1,310,4906,14,100,1,0,0
2183,16,11,1280,10,68,10,3,7,1,5,-52,2,837,14025,38,100,1,0,0
2185,2,3,768,0,445,10,10,5,1,1,-52,2,710,7574,108,100,1,0,0
2177,30,25,1792,0,77,4,2,7,1,2,-52,1,1535,11611,36,100,4,0,0
2180,14,9,1024,0,498,14,18,7,2,4,-52,10,1845,9880,138,100,1,0,0
2180,13,9,1024,0,414,13,20,7,2,6,-70,7,1851,19143,100,100,2,0,0
2184,8,2,1024,0,496,20,14,7,1,6,-70,3,418,10702,141,100,1,1,1
2186,7,3,1073,0,448,13,12,7,1,4,-70,6,1497,17590,99,100,1,0,0
2184,21,16,1664,0,515,25,9,7,1,10,-52,5,527,10353,125,100,1,0,0
2180,25,19,1536,0,410,18,21,7,1,6,-70,4,2369,16344,118,100,2,0,0
2184,30,25,1792,0,78,4,2,7,1,2,-52,1,590,7194,37,100,1,0,0
2182,24,19,1536,0,78,3,15,7,1,2,-52,1,841,9717,46,100,2,0,0
2189,3,1,512,0,501,16,5,7,2,3,-76,10,2008,19724,146,100,2,0,0
2189,5,1,512,50,557,23,2,7,2,7,-76,10,5445,25242,144,100,2,0,0
2181,29,24,1792,0,102,7,10,7,1,4,-52,0,1041,9045,36,100,3,0,0
2189,4,1,512,0,505,17,12,7,3,3,-61,9,1658,20308,146,100,3,0,0
2190,7,3,1073,0,449,13,12,7,1,4,-70,6,609,9112,99,100,1,0,0
2190,12,7,1329,0,494,12,6,7,1,2,-52,5,836,11848,133,100,1,0,0
2186,19,14,1280,10,496,20,23,7,1,6,-52,9,4179,28977,123,100,2,0,0
2192,1,0,256,0,33,0,0,3,0,0,0,10,2565,30490,2362,100,2,0,0
2186,14,9,1024,0,500,14,18,7,2,4,-52,10,2110,12274,138,100,2,0,0
2187,25,19,1536,20,413,18,21,7,1,6,-70,4,1495,13243,119,100,1,0,0
2192,6,5,768,0,487,18,4,5,1,5,-52,0,539,12470,139,100,2,0,0
2189,31,30,2048,0,293,23,200,5,1,8,-52,0,912,10757,124,100,5,1,3
2193,9,5,768,60,507,13,17,7,1,4,-70,10,4829,31343,141,100,3,0,0
2192,11,5,1166,40,531,26,3,7,1,10,-70,9,2206,21718,135,100,2,0,0
2195,2,3,768,0,447,10,10,5,1,1,-52,2,1429,19059,109,100,2,0,0
2190,16,11,1280,20,71,10,3,7,1,5,-52,2,1301,13091,39,100,2,0,0
2193,17,13,1280,0,21,7,7,5,1,3,-70,1,586,7495,15,100,3,0,0
2191,21,16,1664,10,520,25,9,7,1,10,-52,5,898,10601,126,100,2,0,0
2197,4,1,512,0,507,17,12,7,3,3,-61,9,1148,14369,146,100,3,0,0
2192,26,25,1792,0,432,21,10,7,1,6,-52,0,605,7101,105,100,2,0,0
2191,29,24,1792,10,105,7,10,7,1,4,-52,0,830,9273,36,100,3,0,0
2197,12,7,1329,0,494,12,6,7,1,2,-52,5,634,8016,134,100,2,0,0
2198,3,1,516,10,505,16,5,7,2,3,-76,10,3247,92964,146,100,1,0,0
2194,31,30,2048,0,294,23,201,5,1,8,-52,0,354,4228,125,100,2,1,3
2197,21,16,1664,0,524,25,9,7,1,10,-52,5,760,9382,126,100,2,0,0
2198,7,3,1073,10,450,13,12,7,1,4,-70,6,1508,15481,100,100,2,0,0
2197,11,5,1166,0,533,26,3,7,1,10,-70,9,1233,10924,135,100,1,0,0
2199,6,5,768,0,489,18,4,5,1,5,-52,0,606,8273,139,100,1,0,0
2195,30,25,1792,0,80,4,2,7,1,2,-52,1,1269,13627,37,100,3,0,0
2195,19,14,1280,20,498,20,23,7,1,6,-52,9,3057,22173,124,100,2,0,0
2202,5,1,512,40,558,23,2,7,2,7,-76,10,7680,41037,145,100,2,0,0
2202,1,0,256,0,33,0,0,3,0,0,0,10,2304,30817,2370,100,2,0,0
2199,16,11,1280,10,71,10,3,7,1,5,-52,2,1093,15063,39,100,2,0,0
2203,7,3,1073,0,451,13,12,7,1,4,-70,6,631,9214,100,100,0,0,0
2202,11,5,1166,0,534,26,3,7,1,10,-70,9,696,7555,136,100,1,0,0
2203,12,7,1329,0,497,12,6,7,1,2,-52,5,661,7247,134,100,2,0,0
2199,30,25,1792,0,84,4,2,7,1,2,-52,1,1041,7029,38,100,2,0,0
2204,6,5,768,0,489,18,4,5,1,5,-52,0,399,6625,139,100,1,0,0
2200,19,14,1280,0,500,20,23,7,1,6,-52,9,1878,13652,124,100,1,0,0
2204,9,5,768,60,509,13,17,7,1,4,-70,10,2257,17554,142,100,1,0,0
2205,3,1,512,0,508,16,5,7,2,3,-76,10,2022,16184,147,100,2,0,0
2201,26,25,1792,10,437,21,10,7,1,6,-52,0,1191,11966,106,100,4,0,0
2205,4,1,512,0,509,17,12,7,3,3,-61,10,1051,14627,147,100,1,0,0
2203,14,9,1024,0,508,14,18,7,2,4,-52,10,3956,21932,139,100,2,0,0
2207,5,1,512,20,561,23,2,7,2,7,-76,10,3563,18041,145,100,1,0,0
2201,29,24,1792,0,110,7,10,7,1,4,-52,0,1073,9825,37,100,3,0,0
2206,2,3,768,0,449,10,10,5,1,1,-52,2,878,21348,110,100,2,0,0
2205,16,11,1280,0,72,10,3,7,1,5,-52,2,667,10159,40,100,1,0,0
2204,30,25,1792,10,86,4,2,7,1,2,-52,1,757,5721,38,100,1,0,0
2204,13,9,1024,0,421,13,20,7,2,6,-70,7,1302,9265,102,100,1,0,0
2208,7,3,1073,0,452,13,12,7,1,4,-70,6,687,9425,100,100,1,0,0
2204,31,30,2048,0,297,23,203,5,1,8,-52,0,859,9489,125,100,4,1,3
2206,19,14,1280,0,503,20,23,7,1,6,-52,9,2043,15068,124,100,1,0,0
2206,25,19,1536,10,421,18,21,7,1,6,-70,4,2401,20391,120,100,4,0,0
2207,21,16,1664,0,529,25,9,7,1,10,-52,5,1279,17838,127,100,4,0,0
2206,24,19,1536,0,85,3,15,7,1,2,-52,1,1011,10423,48,100,1,0,0
2208,26,25,1792,0,439,21,10,7,1,6,-52,0,673,8394,106,100,2,0,0
2210,12,7,1329,0,498,12,6,7,1,2,-52,5,521,9866,135,100,1,0,0
2206,29,24,1792,0,111,7,10,7,1,4,-52,0,412,5429,37,100,2,0,0
2210,30,25,1792,0,88,4,2,7,1,2,-52,1,980,8265,39,100,3,0,0
2212,1,0,256,0,33,0,0,3,0,0,0,10,3149,35048,2390,100,1,0,0
2211,14,9,1024,0,512,14,18,7,2,4,-52,10,3538,19142,140,100,2,0,0
2212,11,5,1166,0,538,26,3,7,1,10,-70,9,1616,19000,136,100,1,0,0
2213,3,1,512,20,511,16,5,7,2,3,-76,10,2240,21897,147,100,2,0,0
2213,2,3,768,0,451,10,10,5,1,1,-52,2,546,9676,110,100,2,0,0
2212,17,13,1280,0,21,7,8,5,1,3,-70,0,337,7458,16,100,2,0,0
2214,5,1,512,20,562,23,2,7,2,7,-76,10,4895,26191,146,100,1,0,0
2212,13,9,1024,0,423,13,20,7,2,6,-70,7,1053,12806,102,100,3,0,0
2212,31,30,2048,0,299,23,205,5,1,8,-52,0,843,8972,126,100,4,1,3
2214,6,5,768,0,491,18,4,5,1,5,-52,0,803,13189,140,100,2,0,0
2215,4,1,512,0,514,17,12,7,3,3,-61,10,1780,19437,147,100,4,0,0
2214,9,5,768,20,510,13,17,7,2,4,-70,10,5743,34730,143,100,3,0,0
2213,25,19,1536,10,425,18,21,7,1,6,-70,4,1815,13907,121,100,2,0,0
2214,26,25,1792,0,441,21,10,7,1,6,-52,0,552,6839,107,100,2,0,0
2216,7,3,1073,10,457,13,12,7,1,4,-70,6,1578,16518,101,100,3,0,0
2213,16,11,1280,0,74,10,3,7,1,5,-52,2,967,12531,40,100,1,0,0
2216,14,9,1024,10,514,14,18,7,2,4,-52,10,1746,11075,140,100,2,0,0
2215,29,24,1792,0,112,7,10,7,1,4,-52,0,588,7958,38,100,3,0,0
2214,21,16,1664,0,530,25,9,7,1,10,-52,5,397,9131,127,100,1,0,0
2217,19,14,1280,0,507,20,23,7,1,6,-52,9,4057,27351,125,100,3,0,0
2219,11,5,1166,0,543,26,3,7,1,10,-70,9,1661,13300,137,100,2,0,0
2217,17,13,1280,0,22,7,8,6,1,3,-70,0,868,7357,17,100,1,0,0
2220,5,1,512,40,562,23,2,7,2,7,-76,10,4965,26817,146,100,1,0,0
2220,2,3,768,0,453,10,10,5,1,1,-52,2,541,14037,110,100,2,0,0
2218,6,5,768,10,492,18,4,5,1,5,-52,0,499,5237,140,100,1,0,0
2218,24,19,1536,0,86,3,16,7,1,2,-52,1,1663,15537,48,100,3,0,0
2219,12,7,1329,0,503,12,6,7,1,2,-52,5,958,11181,135,100,4,0,0
2219,13,9,1024,0,424,13,20,7,2,6,-70,7,1353,12829,103,100,1,0,0
2219,25,19,1536,10,427,19,21,7,1,6,-70,4,1193,11617,121,100,2,0,0
2220,9,5,768,0,512,13,17,7,2,4,-70,10,2889,17141,143,100,2,0,0
2222,3,1,512,0,514,16,5,7,2,3,-76,10,2105,22528,148,100,3,0,0
2220,29,24,1792,10,115,7,10,7,1,4,-52,0,708,4968,38,100,2,0,0
2222,1,0,256,0,33,0,0,3,0,0,0,10,2400,31751,2401,100,2,0,0
2222,30,25,1792,0,91,4,2,7,1,2,-52,1,1536,15550,39,100,4,0,0
2190,8,2,1024,10,498,20,14,7,1,6,-70,3,771,9332,142,100,1,1,1
2221,19,14,1280,10,508,20,23,7,1,6,-52,9,1477,11592,125,100,2,0,0
2221,31,30,2048,0,301,23,208,5,1,8,-52,0,1146,9788,127,100,5,1,3
2197,8,4,896,30,501,22,14,7,0,7,-70,3,988,10454,142,100,2,1,1
2223,7,3,768,0,460,13,12,7,1,4,-70,6,1414,14475,102,100,2,0,0
2221,21,16,1664,0,531,25,9,7,1,10,-52,5,598,10067,128,100,3,0,0
2223,6,5,768,0,494,18,4,5,1,5,-52,0,583,5993,141,100,1,0,0
2206,8,4,896,60,502,22,14,7,0,7,-70,3,768,10729,143,100,3,1,1
2226,3,1,512,30,514,16,5,7,2,3,-76,10,2070,12621,148,100,0,0,0
2223,14,9,1024,0,517,14,18,7,2,4,-52,10,2688,13717,140,100,2,0,0
2210,8,4,896,90,502,22,15,7,0,7,-70,3,221,6255,143,100,2,1,1
2222,8,4,896,100,506,22,15,7,0,7,-70,3,723,17358,144,100,3,1,1
2225,16,11,1280,0,78,10,3,7,1,5,-52,2,1740,16471,41,100,2,0,0
2226,4,1,512,0,519,17,12,7,3,3,-61,10,1402,20856,148,100,3,0,0
2227,1,0,256,0,33,0,0,3,0,0,0,10,1609,17571,2410,100,1,0,0
2226,2,3,768,0,454,10,10,5,1,1,-52,2,533,10718,111,100,1,0,0
2224,12,7,1024,30,504,12,6,7,1,2,-52,5,370,6565,136,100,1,0,0
2225,25,19,1547,50,429,19,21,7,1,6,-70,4,2247,13732,121,100,3,0,0
2227,8,3,768,20,508,23,15,7,1,8,-52,3,1203,8834,144,100,1,1,1
2227,19,14,1280,10,509,20,23,7,1,6,-52,9,1379,12070,126,100,1,0,0
2227,9,5,768,20,514,13,17,7,2,4,-70,10,3604,21442,144,100,1,0,0
2225,21,16,1664,0,531,25,9,7,1,10,-52,5,272,6722,128,100,0,0,0
2225,29,24,1792,0,118,7,10,7,1,4,-52,0,765,5971,39,100,2,0,0
2229,5,1,512,30,563,23,2,7,2,7,-76,10,6536,35158,147,100,2,0,0
2227,14,9,1024,10,519,14,18,7,2,4,-52,10,1456,9151,141,100,1,0,0
2227,24,19,1536,0,87,4,16,7,1,2,-52,1,1465,12653,49,100,2,0,0
2227,17,13,1280,10,23,7,8,6,1,3,-70,0,843,9432,17,100,3,0,0
2229,12,7,1024,0,505,12,6,7,1,2,-52,5,633,6311,136,100,1,0,0
2229,6,5,768,0,496,18,4,5,1,5,-52,0,637,8084,141,100,1,0,0
2228,13,9,1024,10,427,13,20,7,2,6,-70,7,1541,14534,103,100,3,0,0
2230,11,5,1166,10,546,26,3,7,1,10,-70,9,1996,21592,137,100,2,0,0
2231,14,9,1024,0,520,14,18,7,2,4,-52,10,996,8420,141,100,1,0,0
2232,8,3,768,0,509,24,15,7,1,8,-52,3,673,7765,144,100,3,1,1
2230,16,11,1280,0,79,10,3,7,1,5,-52,2,662,8523,41,100,1,0,0
2232,7,3,768,0,462,13,12,7,1,4,-70,6,1783,16909,102,100,3,0,0
2233,2,3,768,0,455,10,10,5,1,1,-52,2,500,11825,111,100,1,0,0
2233,21,16,1664,0,534,25,9,7,1,10,-52,5,885,10124,128,100,3,0,0
2234,4,1,512,0,524,17,12,7,3,3,-61,10,1431,15969,149,100,3,0,0
2234,9,5,768,10,517,13,17,7,2,4,-70,10,3093,23484,144,100,2,0,0
2235,3,1,512,0,516,16,5,7,2,3,-76,10,4171,28370,149,100,2,0,0
2236,5,1,512,0,563,23,2,7,2,7,-76,10,3103,21670,147,100,1,0,0
2234,13,9,1024,0,428,13,20,7,2,6,-70,7,765,10589,104,100,2,0,0
2236,1,0,256,0,33,0,0,3,0,0,0,10,2505,30349,2420,100,2,0,0
2236,14,9,1024,0,521,14,18,7,2,4,-52,10,523,7558,141,100,1,0,0
2237,19,14,1280,10,514,20,23,7,1,6,-52,9,1862,22404,126,100,2,0,0
2235,24,19,1536,10,91,4,18,7,1,2,-52,1,1019,11212,49,100,3,0,0
2236,17,13,1280,10,24,7,8,6,1,3,-70,0,727,8698,18,100,3,0,0
2239,2,3,768,10,457,10,10,5,1,1,-52,2,723,10982,112,100,3,0,0
2239,7,3,768,0,463,13,12,7,1,4,-70,6,773,13447,103,100,1,0,0
2236,16,11,1280,0,81,10,3,7,1,5,-52,2,932,9549,42,100,1,0,0
2239,11,5,1166,0,547,26,3,7,1,10,-70,9,1839,18624,138,100,1,0,0
2241,8,3,768,10,510,24,15,7,1,8,-52,3,562,14489,145,100,1,1,1
2235,29,24,1792,0,122,7,10,7,1,4,-52,0,890,10098,39,100,1,0,0
2242,3,1,512,20,520,16,5,7,2,3,-76,10,2520,19442,149,100,2,0,0
2242,4,1,512,0,525,17,12,7,3,3,-61,10,841,13823,149,100,1,0,0
2240,12,7,1024,10,511,12,6,7,1,2,-52,5,1016,13522,137,100,3,0,0
2242,6,5,768,0,497,18,4,5,1,5,-52,0,724,14530,142,100,2,0,0
2243,1,0,256,0,33,0,0,3,0,0,0,10,1890,23106,2430,100,1,0,0
2244,7,3,768,10,464,13,12,7,1,4,-70,6,1237,9487,103,100,1,0,0
2243,5,1,512,20,566,23,2,7,2,7,-76,10,4712,28042,148,100,1,0,0
2242,21,16,1664,0,538,25,9,7,1,10,-52,5,1271,13843,129,100,2,0,0
2244,19,14,1280,0,516,20,23,7,1,6,-52,9,1958,15854,127,100,2,0,0
2243,16,11,1280,10,82,10,3,7,1,5,-52,2,894,11417,42,100,1,0,0
2243,14,9,1024,0,522,14,18,7,2,4,-52,10,2120,13628,142,100,2,0,0
2243,24,19,1536,0,93,4,18,7,1,2,-52,2,1599,12088,50,100,2,0,0
2244,13,9,1039,20,431,13,20,7,1,6,-70,7,1368,16007,104,100,1,0,0
2246,12,7,1024,0,513,12,6,7,1,2,-52,5,639,7466,137,100,1,0,0
2242,17,13,1280,0,25,7,8,6,1,3,-70,0,526,5912,18,100,2,0,0
2245,11,5,1166,0,549,26,3,7,1,10,-70,9,1041,10454,138,100,1,0,0
2247,2,3,768,0,458,10,10,5,1,1,-52,2,442,13286,112,100,1,0,0
2246,9,5,768,10,518,13,17,7,2,4,-70,10,5303,32121,145,100,2,0,0
2247,14,9,1024,0,522,14,18,7,2,4,-52,10,517,6758,142,100,0,0,0
2248,16,11,1280,0,85,10,3,7,1,5,-52,2,1017,8313,42,100,1,0,0
2246,29,24,1792,10,127,7,10,7,1,4,-52,0,1035,11131,40,100,4,0,0
2249,8,3,768,10,515,24,15,7,1,8,-52,3,1329,12783,145,100,3,1,1
2250,5,1,512,0,567,23,2,7,2,7,-76,10,4593,25077,148,100,1,0,0
2251,4,1,512,0,526,17,12,7,3,3,-61,10,802,15951,150,100,1,0,0
2250,19,14,1280,10,516,20,23,7,1,6,-52,9,861,13291,127,100,1,0,0
2249,17,13,1280,0,25,7,8,6,1,3,-70,0,448,6937,19,100,1,0,0
2252,3,1,512,10,521,16,5,7,2,3,-76,9,2670,26358,150,100,2,0,0
2250,12,7,1024,0,515,12,6,7,1,2,-52,5,403,5860,137,100,0,0,0
2251,13,9,1024,10,433,13,20,7,1,6,-70,7,1387,11428,105,100,3,0,0
2251,14,9,1024,0,524,14,18,7,2,4,-52,10,957,7123,142,100,1,0,0
2253,2,3,768,0,459,10,10,5,1,1,-52,1,529,10934,113,100,1,0,0
2251,24,19,1536,0,94,4,18,7,1,2,-52,3,931,10774,50,100,1,0,0
2253,6,5,768,10,500,18,4,5,1,5,-52,0,856,14248,143,100,2,0,0
2253,9,5,768,10,519,13,17,7,2,4,-70,10,3084,18885,145,100,2,0,0
2255,5,1,512,40,568,23,2,7,2,7,-76,10,3190,18454,148,100,1,0,0
2256,7,3,768,10,468,13,12,7,1,4,-70,6,2308,22821,104,100,2,0,0
2255,1,0,256,0,33,0,0,3,0,0,0,10,3185,38291,2443,100,2,0,0
2254,8,7,1152,40,516,25,15,7,0,9,-52,3,933,8086,146,100,1,1,1
2253,11,5,1166,30,551,26,3,7,1,10,-70,9,2023,17140,139,100,2,0,0
2253,16,11,1280,10,86,10,3,7,1,5,-52,2,850,8254,43,100,1,0,0
2256,4,1,512,0,526,17,12,7,3,3,-61,10,380,9992,150,100,1,0,0
2258,3,1,512,0,522,16,5,7,2,3,-76,9,2597,18499,150,100,1,0,0
2251,21,16,1664,10,541,25,9,7,1,10,-52,5,951,13746,130,100,3,0,0
2257,9,5,768,0,521,13,17,7,2,4,-70,10,1150,10213,146,100,2,0,0
2257,13,9,1024,0,435,13,20,7,1,6,-70,7,686,10546,105,100,2,0,0
2259,5,1,512,0,569,23,2,7,2,7,-76,10,2511,16762,149,100,1,0,0
2257,12,7,1024,0,518,12,6,7,1,2,-52,5,760,8504,138,100,2,0,0
2259,19,14,1280,10,518,20,23,7,1,6,-52,9,1713,20367,128,100,1,0,0
2255,29,24,1792,0,129,7,10,7,1,4,-52,0,836,10464,41,100,3,0,0
2258,17,13,1280,0,25,7,8,6,1,3,-70,0,477,9113,19,100,2,0,0
2256,21,16,1664,10,544,25,9,7,1,10,-52,5,588,9175,130,100,1,0,0
2259,2,3,768,10,462,10,10,5,1,1,-52,1,653,11541,113,100,2,0,0
2259,8,7,1024,0,517,26,15,7,1,9,-52,3,726,8617,146,100,2,1,1
2260,4,1,512,0,528,17,12,7,3,3,-61,10,858,7841,150,100,2,0,0
2261,6,5,768,20,503,18,4,5,1,5,-52,0,849,9525,143,100,2,0,0
2262,1,0,256,0,33,0,0,3,0,0,0,10,1929,22622,2449,100,2,0,0
2259,16,11,1280,0,88,10,3,7,1,5,-52,2,1190,10988,43,100,1,0,0
2262,14,9,1024,10,528,14,19,7,2,4,-52,10,2587,20041,143,100,3,0,0
2263,7,3,768,10,469,13,12,7,1,4,-70,7,1983,18024,104,100,2,0,0
2261,24,19,1536,40,96,4,18,7,1,2,-52,3,1894,15858,51,100,2,0,0
2264,3,1,512,0,524,16,5,7,2,3,-76,9,2429,17592,151,100,1,0,0
2264,5,1,512,0,571,23,2,7,2,7,-76,10,3097,18675,149,100,1,0,0
2264,2,3,768,0,465,10,10,5,1,1,-52,1,608,8118,113,100,1,0,0
2264,11,5,1166,20,556,26,3,7,1,10,-70,9,2853,22049,140,100,2,0,0
2264,19,14,1280,30,519,20,23,7,1,6,-52,9,1078,10695,128,100,1,0,0
2241,30,24,1920,90,97,7,2,7,0,3,-70,1,815,10015,41,100,2,0,0
2251,30,24,1920,70,102,7,2,7,0,3,-70,1,1144,10855,41,100,4,0,0
2264,13,9,1024,30,440,13,20,7,1,6,-70,7,1488,12421,106,100,1,0,0
2260,29,24,1792,0,131,7,10,7,1,4,-52,0,471,4926,41,100,2,0,0
2265,21,16,1664,0,546,25,9,7,1,10,-52,5,628,11558,130,100,2,0,0
2267,7,3,768,0,470,13,12,7,1,4,-70,7,791,9416,104,100,0,0,0
2266,16,11,1280,10,90,10,3,7,1,5,-52,2,850,10814,44,100,2,0,0
2267,9,5,768,10,522,13,17,7,2,4,-70,10,3975,26653,146,100,2,0,0
2268,4,1,512,0,533,17,12,7,3,3,-61,10,1083,14176,151,100,3,0,0
2268,3,1,512,0,524,16,5,7,2,3,-76,9,1270,12807,151,100,1,0,0
2255,30,24,1920,70,106,7,2,7,0,3,-70,1,614,7647,42,100,1,0,0
2269,6,5,768,0,505,18,4,5,1,5,-52,0,762,11546,144,100,1,0,0
2269,14,9,1024,10,531,14,19,7,2,4,-52,10,2410,13122,144,100,2,0,0
2270,5,1,512,0,572,23,2,7,2,7,-76,10,4711,24676,149,100,1,0,0
2261,30,24,1792,40,109,7,2,7,1,3,-70,1,1334,8626,42,100,3,0,0
2270,8,7,1024,0,521,26,15,7,1,9,-52,3,1133,14864,147,100,3,1,1
2270,12,7,1024,0,520,12,6,7,1,2,-52,5,693,14261,138,100,2,0,0
2268,17,13,1280,0,26,7,8,6,1,3,-70,0,586,9282,20,100,3,0,0
2272,1,0,256,0,33,0,0,3,0,0,0,10,2893,34457,2466,100,1,0,0
2229,10,5,896,90,464,15,17,7,0,4,-52,9,769,11956,143,100,2,1,1
2271,21,16,1664,10,547,25,9,7,1,10,-52,5,576,8264,131,100,1,0,0
2234,10,5,896,90,466,15,17,7,0,4,-52,9,763,7898,143,100,1,1,1
2273,2,3,768,0,467,10,10,5,1,1,-52,1,776,15468,114,100,2,0,0
2273,4,1,512,0,535,17,12,7,3,3,-61,10,1069,10812,151,100,1,0,0
2246,10,5,896,90,470,15,17,7,0,4,-52,9,538,15144,144,100,2,1,1
2273,16,11,1280,0,91,10,3,7,1,5,-52,2,1022,10962,44,100,1,0,0
2274,3,1,512,0,525,16,5,7,2,3,-76,9,1622,14002,151,100,1,0,0
2252,10,5,896,70,471,15,17,7,0,4,-52,9,329,8128,144,100,2,1,1
2258,10,5,896,90,472,15,17,7,0,4,-52,9,582,9120,144,100,2,1,1
2272,13,9,1024,10,443,13,20,7,1,6,-70,7,1675,13341,106,100,3,0,0
2265,10,5,896,70,474,15,17,7,0,4,-52,9,570,10056,145,100,3,1,1
2275,7,3,768,10,472,13,12,7,1,4,-70,7,1842,19055,105,100,2,0,0
2266,24,19,1536,0,98,4,18,7,1,2,-52,4,1784,11431,51,100,2,0,0
2274,14,9,1024,10,532,14,19,7,2,4,-52,10,1448,10425,144,100,1,0,0
2274,19,14,1280,70,526,20,23,7,1,6,-52,9,3764,27282,129,100,3,0,0
2274,11,5,1166,20,559,26,3,7,1,10,-70,9,2196,20353,140,100,2,0,0
2266,30,24,1792,30,111,7,2,7,1,3,-70,1,1416,7540,42,100,1,0,0
2275,8,7,1024,0,523,26,15,7,1,9,-52,3,502,9085,147,100,1,1,1
2273,17,13,1280,10,27,7,8,6,1,3,-70,0,570,5821,20,100,1,0,0
2277,6,5,768,0,508,18,4,5,1,5,-52,0,775,10681,144,100,2,0,0
2279,3,1,512,0,526,16,5,7,2,3,-76,9,1430,13745,152,100,1,0,0
2279,5,1,512,60,574,23,2,7,2,7,-76,10,6821,38264,150,100,2,0,0
2272,24,19,1536,70,101,4,18,7,1,2,-52,5,1968,15184,52,100,1,0,0
2279,1,0,256,0,33,0,0,3,0,0,0,10,1843,21867,2473,100,1,0,0
2279,2,3,768,0,469,10,10,5,1,1,-52,1,500,10597,114,100,1,0,0
2267,29,24,1792,0,136,8,10,7,1,4,-52,0,812,7512,41,100,2,0,0
2280,12,7,1024,0,525,12,6,7,1,2,-52,5,1283,13355,139,100,3,0,0
2263,31,30,2176,0,313,24,217,5,1,8,-52,0,823,9703,130,100,4,1,3
2280,8,7,1024,0,526,26,15,7,1,9,-52,3,657,8613,148,100,2,1,1
2271,31,30,2048,0,315,24,219,5,1,8,-52,0,607,7619,130,100,3,1,3
2240,28,24,1920,90,8,3,1,6,0,2,-70,1,846,8631,6,100,4,0,0
2272,29,24,1792,0,138,8,10,7,1,4,-52,0,526,5362,42,100,2,0,0
2281,6,5,768,0,508,18,4,5,1,5,-52,0,244,5477,145,100,0,0,0
2274,30,24,1792,10,115,8,2,7,1,3,-70,1,2552,13262,43,100,4,0,0
2282,9,5,768,10,526,13,17,7,2,4,-70,10,3431,18587,147,100,1,0,0
2283,1,0,256,0,33,0,0,3,0,0,0,10,1451,15276,2481,100,1,0,0
2284,4,1,512,0,538,17,12,7,3,3,-61,10,1007,19468,152,100,2,0,0
2249,28,24,1920,90,8,3,1,6,0,2,-70,1,714,9303,7,100,4,0,0
2281,14,9,1024,10,534,14,19,7,2,4,-52,10,3400,17453,144,100,2,0,0
2283,21,16,1664,10,553,25,9,7,1,10,-52,5,858,9239,132,100,2,0,0
2286,7,3,768,0,474,13,12,7,1,4,-70,7,2346,23914,106,100,2,0,0
2255,28,24,1920,100,8,3,1,6,0,2,-70,1,221,4917,7,100,1,0,0
2285,5,1,512,70,575,23,2,7,2,7,-76,10,5508,31632,151,100,1,0,0
2286,8,7,1024,0,527,26,15,7,1,9,-52,3,417,8540,148,100,1,1,1
2279,30,24,1792,0,117,8,2,7,1,3,-70,1,1049,7572,43,100,0,0,0
2284,17,13,1280,0,28,7,8,6,1,3,-70,0,660,10405,21,100,3,0,0
2284,24,19,1536,90,104,4,18,7,1,2,-52,5,4396,34096,53,100,4,0,0
2287,2,3,768,0,472,10,10,5,1,1,-52,1,771,13699,115,100,1,0,0
2288,3,1,512,10,528,16,5,7,2,3,-76,9,3216,26575,152,100,2,0,0
2288,10,5,768,0,482,15,17,7,1,4,-52,9,986,11837,146,100,1,1,1
2288,12,7,1024,0,526,12,6,7,1,2,-52,5,499,9140,140,100,1,0,0
2288,21,16,1664,0,555,25,9,7,1,10,-52,5,526,6669,132,100,2,0,0
2289,4,1,512,0,539,17,12,7,1,3,-61,9,861,10242,152,100,2,0,0
2289,6,5,768,0,512,18,4,5,1,5,-52,0,968,9748,145,100,2,0,0
2280,29,24,1792,0,139,8,10,7,1,4,-52,0,659,7292,42,100,2,0,0
2291,9,5,799,0,527,13,17,7,2,4,-70,9,4453,24900,148,100,2,0,0
2292,1,0,256,0,33,0,0,3,0,0,0,10,2538,25082,2495,100,2,0,0
2291,19,14,1280,30,530,20,23,7,1,6,-52,8,2928,20264,130,100,1,0,0
2291,7,3,768,20,475,13,12,7,1,4,-70,7,1142,12024,106,100,1,0,0
2283,30,24,1792,20,119,8,2,7,1,3,-70,1,1219,6687,44,100,2,0,0
2282,31,30,2048,10,321,25,222,5,1,8,-52,0,1507,12072,131,100,5,1,3
2292,14,9,1024,10,534,14,19,7,2,4,-52,9,3810,22189,145,100,1,0,0
2290,24,19,1536,70,105,4,18,7,1,2,-52,5,1791,15089,53,100,1,0,0
2291,8,7,1024,0,530,26,15,7,1,9,-52,3,690,7551,148,100,1,1,1
2292,12,7,1024,0,528,12,6,7,1,2,-52,5,504,5351,140,100,1,0,0
2280,28,24,1881,80,11,4,1,6,1,2,-70,1,1580,6793,9,100,2,0,0
2290,17,13,1280,10,29,7,8,6,1,3,-70,0,514,5826,22,100,2,0,0
2294,11,5,1166,10,565,26,3,7,1,10,-70,9,1760,21577,142,100,3,0,0
2295,7,3,768,0,475,13,12,7,1,4,-70,7,1241,10761,106,100,0,0,0
2286,29,24,1792,0,140,8,10,7,1,4,-52,0,443,5812,43,100,2,0,0
2296,5,1,512,60,579,23,2,7,2,7,-76,9,8140,45162,151,100,2,0,0
2294,30,24,1792,10,124,8,2,7,1,3,-70,1,1994,16025,44,100,4,0,0
2295,6,5,768,0,516,18,4,5,1,5,-52,0,923,10080,146,100,1,0,0
2297,2,3,768,10,473,10,10,5,1,1,-52,1,562,17410,116,100,2,0,0
2297,21,16,1664,10,557,25,9,7,1,10,-52,5,697,13677,133,100,3,0,0
2298,3,1,512,0,529,16,5,7,2,3,-76,9,3498,30364,153,100,2,0,0
2299,4,1,512,0,545,17,12,7,1,3,-61,9,1617,20492,153,100,4,0,0
2300,8,7,1024,10,532,26,15,7,1,9,-52,3,701,12737,149,100,2,1,1
2296,29,24,1792,0,143,8,11,7,1,4,-52,0,1095,10065,43,100,4,0,0
2298,16,11,1280,10,100,10,4,7,1,5,-52,2,755,7541,46,100,1,0,0
2297,13,9,1024,10,450,13,20,7,1,6,-70,7,807,9327,108,100,2,0,0
2301,1,0,256,0,33,0,0,3,0,0,0,10,2744,26367,2507,100,2,0,0
2303,12,7,1024,0,531,12,6,7,1,2,-52,5,796,12082,141,100,4,0,0
2304,7,3,768,0,478,13,12,7,1,4,-70,7,1635,18733,107,100,2,0,0
2299,17,13,1280,10,33,7,9,6,1,3,-70,0,836,9511,22,100,3,0,0
2302,14,9,1024,0,536,14,19,7,2,4,-52,9,3110,20685,146,100,2,0,0
2301,11,5,1166,10,567,26,3,7,1,10,-70,9,1401,13966,142,100,1,0,0
2304,5,1,512,40,581,23,2,7,2,7,-76,9,5387,32739,152,100,1,0,0
2301,24,19,1536,0,110,4,18,7,1,2,-52,5,3620,30208,54,100,4,0,0
2303,6,5,768,0,520,18,4,5,1,5,-52,0,911,9188,146,100,3,0,0
2302,30,24,1792,10,126,8,2,7,1,3,-70,1,1006,10518,45,100,3,0,0
2301,31,30,2048,0,329,25,228,5,1,8,-52,0,908,8739,132,100,6,1,3
2303,16,11,1280,10,102,10,4,7,1,5,-52,2,676,7530,46,100,1,0,0
2306,1,0,256,0,33,0,0,3,0,0,0,10,1235,12359,2512,100,1,0,0
2306,8,7,1024,20,535,26,15,7,1,9,-52,3,496,9104,149,100,2,1,1
2306,2,3,768,10,477,10,10,5,1,1,-52,1,1062,15380,116,100,2,0,0
2304,10,5,768,0,487,15,17,7,1,4,-52,9,1044,17761,148,100,2,1,1
2307,3,1,512,0,533,16,5,7,2,3,-76,9,3003,22691,153,100,1,0,0
2306,9,5,768,0,533,13,17,7,2,4,-70,9,2268,14676,149,100,2,0,0
2305,24,19,1536,0,112,4,18,7,1,2,-52,5,1109,11334,54,100,1,0,0
2306,13,9,1024,10,452,13,20,7,1,6,-70,7,1628,15853,109,100,3,0,0
2310,7,3,768,0,479,13,12,7,1,4,-70,7,1073,13364,107,100,1,0,0
2308,31,30,2048,0,332,25,230,5,1,8,-52,0,965,7281,132,100,3,1,3
2311,2,3,768,0,479,10,10,5,1,1,-52,1,621,8250,116,100,1,0,0
2308,30,24,1792,10,126,8,2,7,1,3,-70,1,770,8361,45,100,1,0,0
2310,4,1,512,20,551,17,12,7,1,3,-61,9,1592,19839,154,100,2,0,0
2307,29,24,1792,10,145,8,11,7,1,4,-52,0,541,11113,44,100,2,0,0
2312,19,14,1280,20,534,20,23,7,1,6,-52,8,2670,25999,131,100,3,0,0
2310,17,13,1280,0,37,7,9,6,1,3,-70,0,1377,12533,23,100,3,0,0
2312,12,7,1024,0,534,12,6,7,1,2,-52,5,678,12141,141,100,2,0,0
2312,8,7,1024,0,537,26,15,7,1,9,-52,3,869,11825,150,100,2,1,1
2312,10,5,768,0,492,15,18,7,1,4,-52,9,1179,11807,148,100,5,1,1
2313,13,9,1024,0,453,13,20,7,1,6,-70,7,1216,11950,109,100,1,0,0
2313,6,5,768,0,523,18,4,5,1,5,-52,0,923,13203,147,100,3,0,0
2312,9,5,768,0,536,13,17,7,2,4,-70,9,3052,22102,150,100,2,0,0
2313,14,9,1024,30,541,14,20,7,2,4,-52,9,3539,22347,147,100,3,0,0
2312,24,19,1536,0,115,4,18,7,1,2,-52,5,1588,14712,54,100,2,0,0
2315,1,0,256,0,33,0,0,3,0,0,0,10,2335,24996,2524,100,1,0,0
2315,5,1,512,10,584,23,2,7,2,7,-76,9,6922,41612,152,100,3,0,0
2312,30,24,1792,10,128,8,2,7,1,3,-70,1,651,5549,46,100,1,0,0
2312,29,24,1792,0,147,8,11,7,1,4,-52,0,579,5130,44,100,2,0,0
2315,31,30,2048,0,334,25,231,5,1,8,-52,0,647,6524,133,100,3,1,3
2316,3,1,512,0,536,16,5,7,2,3,-76,9,2434,26514,154,100,2,0,0
2318,2,3,768,10,479,10,10,5,1,1,-52,1,393,12564,117,100,1,0,0
2315,17,13,1280,10,40,7,9,6,1,3,-70,0,607,5211,23,100,1,0,0
2319,4,1,512,0,555,17,12,7,1,3,-61,9,1268,16063,154,100,3,0,0
2319,1,0,256,0,33,0,0,3,0,0,0,10,1234,12238,2531,100,1,0,0
2318,9,5,768,0,538,13,17,7,2,4,-70,9,3012,18663,150,100,1,0,0
2319,6,5,768,0,526,18,4,5,1,5,-52,0,600,7346,147,100,2,0,0
2318,29,24,1792,0,151,8,11,7,1,4,-52,0,820,6334,45,100,2,0,0
2320,14,9,1024,10,544,14,20,7,2,4,-52,9,2812,14979,147,100,2,0,0
2320,7,3,768,20,482,13,12,7,1,4,-70,7,2476,23655,108,100,2,0,0
2320,19,14,1280,10,537,20,23,7,1,6,-52,8,2355,19811,132,100,2,0,0
2319,13,9,1024,10,456,13,20,7,1,6,-70,7,1010,10436,110,100,2,0,0
2318,12,7,1024,0,536,12,6,7,1,2,-52,5,648,7982,142,100,3,0,0
2320,24,19,1536,0,117,4,18,7,1,2,-52,6,2028,21410,55,100,2,0,0
2321,30,24,1792,10,130,8,2,7,1,3,-70,2,1479,12736,46,100,3,0,0
2323,12,7,1024,10,537,12,6,7,1,2,-52,5,514,5779,142,100,1,0,0
2323,8,7,1024,10,541,26,15,7,1,9,-52,3,984,15365,150,100,4,1,1
2322,31,30,2048,0,338,25,233,5,1,8,-52,0,1011,8097,133,100,3,1,3
2324,10,5,768,0,495,15,18,7,1,4,-52,9,852,18174,149,100,3,1,1
2326,5,1,512,0,587,23,2,7,2,7,-76,9,5448,39017,153,100,3,0,0
2324,24,19,1536,10,121,4,18,7,1,2,-52,6,1252,11007,55,100,2,0,0
2326,3,4,768,10,540,18,5,7,1,4,-52,9,3241,25878,154,100,2,0,0
2326,14,9,1024,0,548,14,20,7,2,4,-52,9,1730,12487,147,100,2,0,0
2325,29,24,1792,0,154,8,11,7,1,4,-52,0,746,7228,45,100,3,0,0
2328,1,0,256,0,33,0,0,3,0,0,0,10,1943,22982,2538,100,2,0,0
2328,19,14,1280,10,539,20,23,7,1,6,-52,8,1888,18025,132,100,3,0,0
2326,2,3,768,0,483,10,10,5,1,1,-52,1,961,13437,117,100,2,0,0
2327,9,5,768,0,540,13,17,7,2,4,-70,9,4832,27726,150,100,2,0,0
2328,7,3,768,0,484,13,12,7,1,4,-70,7,1693,17530,108,100,1,0,0
2326,17,13,1280,0,44,7,9,6,1,3,-70,0,1155,11208,24,100,3,0,0
2329,4,1,512,0,560,17,12,7,1,3,-61,10,3548,23115,155,100,3,0,0
2326,30,24,1792,0,133,8,2,7,1,3,-70,2,1436,8391,46,100,2,0,0
2329,6,5,768,0,533,18,4,5,1,5,-52,1,1501,14013,148,100,3,0,0
2329,8,7,1024,10,543,26,15,7,1,9,-52,3,677,9662,151,100,1,1,1
2331,13,9,1024,0,460,13,20,7,1,6,-70,7,1899,19092,110,100,3,0,0
2330,10,5,768,0,498,15,18,7,1,4,-52,9,650,10410,149,100,2,1,1
2331,14,9,1024,0,550,14,20,7,2,4,-52,9,1770,10893,148,100,2,0,0
2331,12,7,1024,10,540,12,6,7,1,2,-52,5,674,10073,142,100,2,0,0
2333,6,5,768,0,535,18,4,5,1,5,-52,1,379,5771,148,100,0,0,0
2335,24,19,1536,20,125,4,18,7,1,2,-52,6,2468,26921,56,100,3,0,0
2335,4,1,512,10,564,17,12,7,1,3,-61,10,1923,13585,155,100,2,0,0
2336,5,1,512,0,588,23,2,7,2,7,-76,9,5442,39768,154,100,2,0,0
2335,8,7,1024,0,546,26,15,7,1,9,-52,3,744,9296,151,100,2,1,1
2333,31,30,2048,0,343,25,235,5,1,8,-52,0,1154,11471,134,100,4,1,3
2337,1,0,256,0,33,0,0,3,0,0,0,10,1803,23024,2549,100,1,0,0
2335,10,5,768,0,498,15,19,7,1,4,-52,9,516,7506,150,0,2,1,1
2335,13,9,1024,20,461,13,20,7,1,6,-70,7,973,8392,111,100,1,0,0
2335,30,24,1792,20,139,8,2,7,1,3,-70,2,1742,13145,47,100,3,0,0
2336,2,3,1024,0,486,10,10,5,1,1,-52,1,854,16769,118,100,3,0,0
2334,17,13,1280,0,45,7,9,6,1,3,-70,0,713,7897,24,100,1,0,0
2337,3,4,768,10,543,18,5,7,1,4,-52,9,3081,30136,154,100,4,0,0
2335,29,24,1792,0,158,8,11,7,1,4,-52,0,954,10153,46,100,2,0,0
2336,7,3,768,10,487,13,12,7,1,4,-70,7,2254,23709,109,100,3,0,0
2337,9,5,768,20,543,13,18,7,2,4,-70,9,4321,31664,151,100,4,0,0
2338,19,14,1280,10,541,20,23,7,1,6,-52,8,2284,22331,133,100,4,0,0
2338,14,9,1024,0,555,14,20,7,2,4,-52,9,2085,13925,148,100,2,0,0
2340,6,5,768,0,537,18,4,5,1,5,-52,1,516,6313,148,100,2,0,0
2341,30,24,1792,0,140,8,2,7,1,3,-70,2,755,7043,47,100,1,0,0
2342,4,1,512,10,566,17,12,7,1,3,-61,10,1653,14263,156,100,2,0,0
2340,2,3,1024,0,488,10,10,5,1,1,-52,1,519,6694,118,100,2,0,0
2341,8,7,1024,0,550,26,15,7,1,9,-52,3,820,10071,152,100,2,1,1
2342,19,14,1280,10,543,20,23,7,1,6,-52,8,919,10577,133,100,1,0,0
2341,24,19,1536,10,126,4,18,7,1,2,-52,6,1650,17578,56,100,1,0,0
2341,10,5,768,10,502,15,19,7,1,4,-52,10,1495,12331,150,33,2,1,1
2343,5,1,512,20,591,23,2,7,2,7,-76,10,4869,30132,154,100,4,0,0
2340,31,30,2048,10,344,25,237,5,1,8,-52,0,779,6739,135,100,3,1,3
2344,3,4,768,30,546,18,5,7,1,4,-52,9,1902,17938,155,100,2,0,0
2343,12,7,1024,0,544,12,6,7,1,2,-52,5,1045,14930,143,100,2,0,0
2346,1,0,256,0,33,0,0,3,0,0,0,10,2374,26348,2563,100,2,0,0
2346,6,5,768,0,539,18,4,5,1,5,-52,1,712,7716,149,100,2,0,0
2347,5,1,512,60,593,23,2,7,2,7,-76,10,2936,17989,155,100,1,0,0
2344,29,24,1792,0,160,8,11,7,1,4,-52,0,682,7460,47,100,2,0,0
2345,13,9,1045,0,463,13,20,7,1,6,-70,7,1594,16255,111,100,3,0,0
2346,8,7,1024,0,550,26,15,7,1,9,-52,3,263,7220,152,100,1,1,1
2345,17,13,1280,0,49,7,9,6,1,3,-70,1,1441,12630,25,100,3,0,0
2346,10,5,768,0,504,15,19,7,1,4,-52,10,769,8389,150,0,2,1,1
2347,9,5,768,0,547,13,18,7,2,4,-70,10,4916,28855,152,100,2,0,0
2346,7,3,768,10,490,13,12,7,1,4,-70,7,2116,23219,110,100,3,0,0
2348,14,9,1024,0,563,14,21,7,2,4,-52,10,3132,19541,149,100,5,0,0
2350,4,1,512,10,568,17,12,7,1,3,-61,10,2171,17477,156,100,1,0,0
2348,12,7,1024,0,545,12,6,7,1,2,-52,5,427,5635,144,100,1,0,0
2349,13,9,1024,0,463,13,20,7,1,6,-70,7,607,7141,111,100,1,0,0
2349,24,19,1536,10,129,4,18,7,1,2,-52,6,2213,21149,57,100,2,0,0
2349,30,24,1792,0,143,8,2,7,1,3,-70,2,1137,11074,48,100,2,0,0
2349,2,3,1024,0,489,10,10,5,1,1,-52,1,647,13123,119,100,2,0,0
2351,19,14,1280,0,546,20,23,7,1,6,-52,7,2137,21122,134,100,1,0,0
2353,5,1,512,70,594,23,2,7,2,7,-76,10,3316,18895,155,100,0,0,0
2349,17,13,1280,10,50,7,9,6,1,3,-70,1,486,4274,26,100,1,0,0
2351,31,30,2048,0,346,25,240,5,1,8,-52,0,1125,10984,135,100,7,1,3
2351,10,5,768,0,504,15,19,7,1,4,-52,10,705,7971,151,50,1,1,1
2327,11,6,1152,80,573,28,3,7,0,11,-52,9,1334,15258,144,100,3,0,0
2333,11,6,1152,70,574,28,3,7,0,11,-52,9,663,10740,144,100,1,0,0
2355,4,1,512,10,570,17,12,7,1,3,-61,10,1213,10437,156,100,2,0,0
2339,11,6,1152,70,575,28,3,7,0,11,-52,9,240,9535,145,100,2,0,0
2356,1,0,256,0,33,0,0,3,0,0,0,10,1959,24619,2571,100,2,0,0
2353,29,24,1792,0,163,8,11,7,1,4,-52,0,645,8619,47,100,2,0,0
2344,11,6,1152,50,577,28,3,7,0,11,-52,9,708,8321,145,100,2,0,0
2353,21,16,1536,0,584,25,9,7,1,10,-52,5,641,8577,136,100,2,0,0
2356,3,4,768,0,549,18,5,7,1,4,-52,9,3059,30377,156,100,3,0,0
2354,11,6,1024,50,579,28,3,7,1,11,-52,9,1171,15554,146,100,3,0,0
2358,6,5,768,0,542,18,4,5,1,5,-52,1,2647,19619,150,100,2,0,0
2355,8,7,1024,0,552,26,15,7,1,9,-52,3,725,13137,153,100,2,1,1
2356,19,14,1280,10,550,20,23,7,1,6,-52,7,1323,13539,134,100,2,0,0
2356,9,5,768,10,550,13,18,7,2,4,-70,10,3754,24688,152,100,2,0,0
2356,31,30,2048,0,348,25,241,5,1,8,-52,0,859,6083,136,100,2,1,3
2355,7,3,768,20,494,13,12,7,1,4,-70,7,1881,19957,110,100,3,0,0
2358,24,19,1536,10,130,4,18,7,1,2,-52,5,1640,21514,58,100,1,0,0
2356,17,13,1280,0,50,7,9,6,1,3,-70,1,462,7032,26,100,2,0,0
2359,14,9,1024,0,567,14,21,7,2,4,-52,10,2826,19938,150,100,3,0,0
2358,30,24,1792,0,144,8,2,7,1,3,-70,2,1204,11854,48,100,2,0,0
2358,29,24,1792,0,165,8,11,7,1,4,-52,0,379,4878,47,100,0,0,0
2363,5,1,512,50,595,23,2,7,2,7,-76,10,7185,41702,156,100,2,0,0
2357,2,3,1024,20,491,11,10,5,1,1,-52,1,762,10987,120,100,2,0,0
2360,13,9,1024,0,468,13,20,7,1,6,-70,7,2246,19782,112,100,3,0,0
2363,4,1,512,50,574,17,12,7,1,3,-61,10,2595,18312,157,100,1,0,0
2361,10,5,768,0,508,15,19,7,1,4,-52,10,1471,17828,151,25,1,1,1
2363,11,6,1024,0,582,28,3,7,1,11,-52,9,1539,18115,146,100,2,0,0
2363,21,16,1536,0,588,25,9,7,1,10,-52,5,911,15325,137,100,3,0,0
2356,12,7,1024,0,548,12,6,7,1,2,-52,5,784,10147,144,100,2,0,0
2364,19,14,1280,10,553,20,23,7,1,6,-52,7,2166,19233,135,100,2,0,0
2363,24,19,1536,10,132,4,18,7,1,2,-52,5,1251,15596,58,100,1,0,0
2364,9,5,768,10,551,13,18,7,2,4,-70,10,3406,21875,153,100,2,0,0
2365,6,5,768,0,545,18,4,5,1,5,-52,1,1636,14759,150,100,3,0,0
2362,2,3,1024,0,492,11,10,5,1,1,-52,1,726,8961,120,100,1,0,0
2365,29,24,1792,0,167,8,11,7,1,4,-52,0,891,7530,48,100,2,0,0
2363,3,4,768,0,552,18,5,7,1,4,-52,9,2588,21192,156,100,1,0,0
2367,4,1,512,20,574,17,12,7,1,3,-61,10,1397,10071,157,100,1,0,0
2367,31,30,2048,0,351,25,244,5,1,8,-52,0,766,10221,136,100,4,1,3
2368,1,0,256,0,33,0,0,3,0,0,0,10,2924,32732,2588,100,2,0,0
2364,17,13,1280,0,52,7,9,6,1,3,-70,1,522,7360,26,100,1,0,0
2367,13,9,1024,10,473,13,20,7,1,6,-70,7,1592,12654,113,100,2,0,0
2364,8,7,1024,0,556,26,15,7,1,9,-52,3,841,13595,153,100,2,1,1
2368,9,5,768,20,553,13,18,7,2,4,-70,10,2003,12374,153,100,2,0,0
2369,14,9,1024,10,572,14,22,7,2,4,-52,10,2794,21190,150,100,3,0,0
2369,24,19,1536,0,135,4,18,7,1,2,-52,5,1253,13146,58,100,2,0,0
2369,30,24,1792,20,148,8,2,7,1,3,-70,2,1579,15163,49,100,3,0,0
2365,12,7,1024,10,552,12,6,7,1,2,-52,5,1131,11995,145,100,2,0,0
2372,4,1,512,30,575,17,12,7,1,3,-61,10,1572,10854,158,100,2,0,0
2369,21,16,1536,0,590,25,9,7,1,10,-52,5,497,9076,137,100,2,0,0
2367,2,3,1024,0,493,11,10,5,1,1,-52,1,500,7290,120,100,1,0,0
2367,7,3,768,0,501,13,12,7,1,4,-70,7,3062,25681,111,100,2,0,0
2371,19,14,1280,0,555,20,23,7,1,6,-52,7,1688,16295,135,100,2,0,0
2370,12,7,1024,0,553,12,6,7,1,2,-52,5,896,6610,145,100,2,0,0
2372,10,5,768,0,513,15,19,7,1,4,-52,10,2061,19021,152,80,5,1,1
2374,5,1,512,10,598,23,2,7,2,7,-76,10,7131,44965,156,100,2,0,0
2372,2,3,1024,0,494,11,10,5,1,1,-52,1,449,8370,121,100,1,0,0
2373,6,5,768,10,547,18,4,5,1,5,-52,1,1218,13056,151,100,2,0,0
2374,31,30,2048,0,352,25,245,5,1,8,-52,0,602,6215,137,100,3,1,3
2375,3,4,768,0,554,18,5,7,1,4,-52,9,3225,30873,157,100,3,0,0
2373,11,6,1024,0,586,28,3,7,1,11,-52,9,946,19155,147,100,2,0,0
2374,17,13,1280,0,53,7,9,6,1,3,-70,1,1021,14510,27,100,2,0,0
2378,1,0,256,0,33,0,0,3,0,0,0,10,2462,26802,2604,100,2,0,0
2374,29,24,1792,10,171,8,11,7,1,4,-52,0,782,9172,49,100,3,0,0
2372,8,7,1024,0,558,26,15,7,1,9,-52,3,784,10433,154,100,3,1,1
2376,24,19,1536,0,140,4,19,7,1,2,-52,5,2290,19866,59,100,4,0,0
2375,14,9,1024,10,574,14,22,7,2,4,-52,10,2497,16486,151,100,3,0,0
2377,19,14,1280,0,556,20,23,7,1,6,-52,7,1564,13640,136,100,2,0,0
2376,13,9,1024,0,474,13,20,7,1,6,-70,7,938,15343,113,100,3,0,0
2378,30,24,1792,0,151,8,2,7,1,3,-70,2,1641,12482,50,100,2,0,0
2380,4,1,512,30,579,17,12,7,1,3,-61,10,3211,20849,158,100,2,0,0
2378,12,7,1024,0,556,12,6,7,1,2,-52,5,874,10787,146,100,2,0,0
2379,7,3,768,20,507,13,12,7,1,4,-70,7,2717,24016,112,100,2,0,0
2379,17,13,1280,0,55,7,9,6,1,3,-70,1,794,6805,27,100,1,0,0
2380,6,5,768,10,548,18,4,5,1,5,-52,1,1243,11910,151,100,1,0,0
2382,5,1,512,40,602,23,2,7,2,7,-76,10,5111,33090,157,100,2,0,0
2379,8,7,1024,0,560,26,15,7,1,9,-52,3,645,8856,154,100,2,1,1
2379,29,24,1792,0,172,8,11,7,1,4,-52,0,422,5000,49,100,1,0,0
2381,10,5,768,30,515,15,19,7,1,4,-52,10,1016,12643,153,50,2,1,1
2382,12,7,1024,0,558,12,6,7,1,2,-52,5,529,5733,146,100,1,0,0
2382,2,3,1024,0,496,11,10,5,1,1,-52,1,780,14333,121,100,2,0,0
2379,21,16,1280,0,593,26,9,7,1,10,-52,5,1043,15214,138,100,3,0,0
2382,9,5,768,20,558,13,18,7,2,4,-70,10,5948,33079,154,100,3,0,0
2381,24,19,1536,0,144,4,19,7,1,2,-52,5,1197,13379,59,100,1,0,0
2341,27,17,1920,80,10,4,2,4,0,2,-95,0,379,3453,8,100,1,0,0
2383,13,9,1024,0,474,13,20,7,1,6,-70,7,1240,11513,114,100,1,0,0
2384,19,14,1280,10,557,20,23,7,1,6,-52,7,1190,16587,136,100,1,0,0
2386,1,0,256,0,33,0,0,3,0,0,0,10,1635,22091,2611,100,1,0,0
2386,10,5,768,0,517,15,19,7,1,4,-52,10,925,7763,153,0,2,1,1
2384,30,24,1792,20,154,8,2,7,1,3,-70,2,1015,8858,50,100,2,0,0
2386,3,4,768,0,556,18,5,7,1,4,-52,9,2731,27576,158,100,1,0,0
2385,17,13,1280,0,57,7,9,6,1,3,-70,1,1016,8248,28,100,1,0,0
2384,14,9,1024,10,577,14,22,7,2,4,-52,10,2339,17277,151,100,1,0,0
2385,11,6,1024,0,593,28,3,7,1,11,-52,9,1484,21718,148,100,4,0,0
2388,7,3,768,0,508,13,12,7,1,4,-70,7,1469,15162,112,100,2,0,0
2387,8,7,1024,20,565,26,15,7,1,9,-52,3,881,9710,155,100,2,1,1
2385,29,24,1792,0,173,8,11,7,1,4,-52,0,393,5546,49,100,1,0,0
2390,4,1,512,10,582,17,12,7,1,3,-61,10,3251,22385,159,100,3,0,0
2389,12,7,1024,0,559,12,6,7,1,2,-52,5,394,7231,146,100,1,0,0
2390,10,5,768,0,518,15,19,7,1,4,-52,10,681,7655,153,33,1,1,1
2391,1,0,256,0,33,0,0,3,0,0,0,10,1471,14534,2620,100,1,0,0
2389,17,13,1280,0,61,7,9,6,1,3,-70,1,683,4551,28,100,2,0,0
2391,6,5,768,0,554,18,4,5,1,5,-52,1,2176,18837,152,100,2,0,0
2390,11,6,1024,10,594,28,3,7,1,11,-52,9,216,8027,148,100,0,0,0
2388,24,19,1536,10,146,4,19,7,1,2,-52,5,1608,18275,60,100,1,0,0
2393,9,5,768,10,563,13,18,7,2,4,-70,10,5064,30859,155,100,3,0,0
2394,2,3,1024,0,499,11,10,5,1,1,-52,1,758,14639,122,100,2,0,0
2394,5,1,512,10,604,23,2,7,2,7,-76,10,8322,46186,158,100,2,0,0
2389,29,24,1792,10,176,8,11,7,1,4,-52,0,633,5166,50,100,2,0,0
2394,7,3,768,0,510,13,12,7,1,4,-70,7,1248,12304,113,100,1,0,0
2392,31,30,2048,0,358,25,250,5,1,8,-52,0,976,9028,138,100,4,1,3
2394,11,6,1024,0,596,28,3,7,1,11,-52,8,987,9012,149,100,1,0,0
2393,13,9,1024,20,476,13,20,7,1,6,-70,6,1504,17793,114,100,3,0,0
2396,4,1,512,0,583,17,12,7,1,3,-61,10,1453,11256,159,100,1,0,0
2395,8,7,1024,10,567,26,15,7,1,9,-52,3,646,10264,155,100,2,1,1
2393,24,19,1536,10,148,4,19,7,1,2,-52,5,1324,12499,60,100,2,0,0
2396,6,5,768,0,556,18,4,5,1,5,-52,1,1384,10307,152,100,1,0,0
2394,19,14,1280,0,561,20,23,7,1,6,-52,7,2899,25502,137,100,3,0,0
2397,3,4,768,20,557,18,5,7,1,4,-52,9,3352,30448,158,100,2,0,0
2394,30,24,1792,0,158,8,2,7,1,3,-70,2,1923,14502,51,100,4,0,0
2398,9,5,768,10,563,13,18,7,2,4,-70,10,2023,12860,155,100,1,0,0
2399,5,1,512,30,604,23,2,7,2,7,-76,10,3608,19923,158,100,1,0,0
2393,29,24,1792,0,177,8,11,7,1,4,-52,0,463,5065,50,100,1,0,0
2395,16,10,1024,30,134,12,7,7,1,6,-70,2,2063,19804,52,100,4,0,0
2396,14,9,1024,0,581,14,22,7,1,4,-52,10,4240,24245,152,100,3,0,0
2397,31,30,2048,0,361,25,251,5,1,8,-52,0,878,5186,138,100,2,1,3
2400,10,5,768,20,520,15,19,7,1,4,-52,10,1143,16424,154,50,1,1,1
2400,4,1,512,0,583,17,12,7,1,3,-61,10,853,9565,159,100,1,0,0
2401,6,5,768,0,557,18,4,5,1,5,-52,1,594,7664,153,100,1,0,0
2400,16,10,1024,10,134,12,7,7,1,6,-70,2,838,8094,53,100,1,0,0
2403,1,0,256,0,33,0,0,3,0,0,0,10,2479,30627,2635,100,2,0,0
2400,13,9,1024,20,478,13,20,7,1,6,-70,6,1027,11588,115,100,1,0,0
2400,7,3,768,30,514,13,12,7,1,4,-70,7,1962,13370,113,100,1,0,0
2402,3,4,768,0,558,18,5,7,1,4,-52,9,1158,11505,159,100,1,0,0
2399,12,7,1024,0,561,12,6,7,1,2,-52,5,1144,13346,147,100,3,0,0
2401,19,14,1280,10,562,20,23,7,1,6,-52,7,1414,14959,137,100,1,0,0
2402,2,3,1024,0,502,11,10,5,1,1,-52,1,777,14051,122,100,2,0,0
2400,17,13,1280,0,63,7,9,6,1,3,-70,1,727,10377,29,100,2,0,0
2401,31,30,2048,0,363,25,252,5,1,8,-52,0,587,5083,139,100,2,1,3
2404,11,6,1024,0,599,28,3,7,1,11,-52,8,847,17383,149,100,3,0,0
2406,10,5,768,10,521,15,19,7,1,4,-52,10,1213,10207,154,100,1,1,1
2406,9,5,768,10,566,13,18,7,2,4,-70,10,3742,20869,156,100,2,0,0
2403,24,19,1536,0,151,4,19,7,1,2,-52,5,2418,25575,61,100,2,0,0
2402,29,24,1792,0,181,8,11,7,1,4,-52,0,915,9559,51,100,2,0,0
2405,13,9,1024,0,478,13,20,7,1,6,-70,6,748,8351,115,100,1,0,0
2409,5,1,512,30,604,23,2,7,2,7,-76,10,6825,39729,159,100,2,0,0
2405,8,7,1024,0,571,26,15,7,1,9,-52,3,1122,13458,156,100,3,1,1
2406,17,13,1280,0,64,7,9,6,1,3,-70,1,547,6588,29,100,1,0,0
2406,14,9,1024,40,587,14,23,7,1,4,-52,10,3331,20391,153,100,4,0,0
2408,12,7,1024,10,564,12,6,7,1,2,-52,5,985,11643,147,100,2,0,0
2407,2,3,1024,10,502,11,10,5,1,1,-52,1,371,7875,123,100,1,0,0
2406,19,14,1280,0,563,20,23,7,1,6,-52,7,1301,12272,138,100,1,0,0
2405,30,24,1792,10,161,8,2,7,1,3,-70,2,1972,17684,52,100,3,0,0
2411,4,1,512,20,584,17,12,7,1,3,-61,10,3248,22832,160,100,2,0,0
2413,6,5,768,0,561,18,4,5,1,5,-52,1,2029,18153,153,100,2,0,0
2413,1,0,256,0,33,0,0,3,0,0,0,10,2352,26586,2648,100,2,0,0
2411,13,9,1024,0,481,13,20,7,1,6,-70,6,1307,10079,116,100,1,0,0
2411,29,24,1792,0,184,8,11,7,1,4,-52,0,625,8165,51,100,2,0,0
2412,31,30,2048,0,367,25,256,5,1,8,-52,0,1219,10873,139,100,7,1,3
2414,9,5,768,0,567,13,18,7,2,4,-70,10,2923,18873,156,100,1,0,0
2410,7,3,768,0,514,13,12,7,1,4,-70,7,1960,20626,114,100,2,0,0
2412,17,13,1280,0,65,7,9,6,1,3,-70,1,610,6347,30,100,1,0,0
2413,14,9,1024,10,588,14,23,7,1,4,-52,10,1489,11970,153,100,2,0,0
2412,3,4,768,0,560,18,5,7,1,4,-52,9,3189,28405,159,100,2,0,0
2414,24,19,1536,0,153,4,19,7,1,2,-52,5,2112,27924,61,100,2,0,0
2415,19,14,1280,10,566,20,23,7,1,6,-52,7,1718,20180,138,100,3,0,0
2417,10,5,768,10,525,15,19,7,1,4,-52,10,2080,19268,155,50,3,1,1
2412,2,3,1024,0,505,11,10,5,1,1,-52,1,608,7532,123,100,1,0,0
2416,11,6,1024,0,601,28,3,7,1,11,-52,8,727,20038,150,100,2,0,0
2415,13,9,1024,0,482,13,20,7,1,6,-70,6,955,8079,116,100,2,0,0
2419,1,0,256,0,33,0,0,3,0,0,0,10,1539,17515,2656,100,1,0,0
2419,9,5,768,0,567,13,18,7,2,4,-70,10,1710,10856,156,100,1,0,0
2419,4,1,512,40,587,17,12,7,1,3,-61,10,2303,18305,161,100,1,0,0
2416,30,24,1792,10,165,8,2,7,1,3,-70,2,1494,14345,52,100,4,0,0
2420,5,1,512,20,606,23,2,7,2,7,-76,10,7332,42076,160,100,2,0,0
2416,12,7,1024,0,566,12,6,7,1,2,-52,6,819,10194,148,100,2,0,0
2418,8,7,1024,0,575,26,15,7,1,9,-52,3,1074,13897,157,100,3,1,1
2420,6,5,768,0,563,18,4,5,1,5,-52,1,981,13696,154,100,1,0,0
2420,3,4,768,10,564,18,5,7,1,4,-52,10,2341,20716,160,100,1,0,0
2422,7,3,768,0,517,13,12,7,1,4,-70,8,2933,24994,115,100,2,0,0
2424,9,5,768,0,567,13,18,7,2,4,-70,10,1679,13487,157,100,1,0,0
2424,5,1,512,10,607,23,2,7,2,7,-76,10,1945,15009,160,100,0,0,0
2421,14,9,1024,20,590,14,23,7,1,4,-52,10,2088,15917,154,100,2,0,0
2423,12,7,1024,0,569,12,6,7,1,2,-52,6,896,8902,148,100,1,0,0
2423,17,13,1280,10,67,7,9,6,1,3,-70,1,819,11577,31,100,2,0,0
2424,8,7,1024,0,576,26,15,7,1,9,-52,3,538,8060,157,100,1,1,1
2423,24,19,1536,10,154,4,19,7,1,2,-52,5,1477,20913,62,100,1,0,0
2425,11,6,1024,0,603,28,3,7,1,11,-52,8,945,15045,151,100,2,0,0
2426,10,5,768,20,528,15,19,7,1,4,-52,10,1350,14505,156,50,2,1,1
2421,31,30,2048,0,369,25,258,5,1,8,-52,0,721,9727,140,100,3,1,3
2424,2,3,1024,0,510,11,10,5,1,1,-52,1,1420,18208,124,100,2,0,0
2422,29,24,1792,0,188,8,11,7,1,4,-52,0,1046,11471,52,100,2,0,0
2423,30,24,1792,0,168,8,2,7,1,3,-70,2,1323,9983,53,100,3,0,0
2427,1,0,256,0,33,0,0,3,0,0,0,10,2012,20496,2668,100,2,0,0
2423,21,16,1280,0,613,26,9,7,1,10,-52,5,884,13660,141,100,3,0,0
2424,13,9,1024,0,484,13,20,7,1,6,-70,6,1235,14138,117,100,2,0,0
2428,7,3,768,0,520,13,12,7,1,4,-70,8,1416,11370,115,100,1,0,0
2428,3,4,768,10,567,18,5,7,1,4,-52,10,2554,21763,160,100,2,0,0
2425,31,30,2048,0,370,25,259,5,1,8,-52,0,520,4289,140,100,2,1,3
2425,19,14,1280,0,568,20,23,7,1,6,-52,7,2893,28302,139,100,2,0,0
2429,4,1,512,0,589,17,12,7,1,3,-61,10,3205,21691,161,100,3,0,0
2429,9,5,768,0,569,13,18,7,2,4,-70,10,2799,15100,157,100,1,0,0
2428,16,10,1024,10,141,12,7,7,1,6,-70,3,1648,15378,54,100,2,0,0
2430,8,7,1024,0,577,26,15,7,1,9,-52,3,528,7292,157,100,2,1,1
2430,5,1,512,20,608,23,2,7,2,7,-76,10,4391,21924,160,100,2,0,0
2431,21,16,1280,0,620,26,9,7,1,10,-52,5,1209,12826,142,100,3,0,0
2433,6,5,768,0,567,18,4,5,1,5,-52,1,2067,19770,155,100,2,0,0
2430,17,13,1473,0,68,7,9,6,1,3,-70,1,727,8002,31,100,1,0,0
2433,12,7,1024,10,574,12,6,7,1,2,-52,6,1107,13664,149,100,2,0,0
2432,14,9,1024,20,592,14,23,7,1,4,-52,10,2345,18245,155,100,2,0,0
2434,1,0,256,0,33,0,0,3,0,0,0,10,1844,21006,2679,100,1,0,0
2434,2,3,1024,0,513,11,10,5,1,1,-52,1,1072,14956,125,100,2,0,0
2431,24,19,1536,0,157,4,19,7,1,2,-52,5,2506,21672,63,100,2,0,0
2436,7,3,768,0,521,13,12,7,1,4,-70,8,1380,15577,116,100,1,0,0
2430,29,24,1792,10,192,8,11,7,1,4,-52,0,898,7890,52,100,2,0,0
2437,3,4,768,0,570,18,5,7,1,4,-52,10,2172,24250,161,100,1,0,0
2431,30,24,1792,0,173,8,2,7,1,3,-70,2,1773,12051,53,100,3,0,0
2436,11,6,1024,0,605,28,3,7,1,11,-52,8,737,18760,151,100,2,0,0
2436,10,5,768,0,532,15,19,7,1,4,-52,10,2188,20223,156,100,2,1,1
2438,5,1,512,80,609,23,2,7,2,7,-76,10,4941,31406,161,100,1,0,0
2432,31,30,2048,0,370,25,262,5,1,8,-52,0,429,6103,141,100,4,1,3
2440,7,3,768,10,524,13,12,7,1,4,-70,8,1140,8580,116,100,1,0,0
2437,13,9,1024,0,487,13,20,7,1,6,-70,6,1609,19356,117,100,2,0,0
2440,4,1,512,0,591,17,12,7,1,3,-61,10,3108,24785,162,100,2,0,0
2435,19,14,1280,20,571,20,23,7,1,6,-52,7,2961,24132,140,100,3,0,0
2441,1,0,256,0,33,0,0,3,0,0,0,10,1345,16335,2686,100,1,0,0
2432,29,24,1792,0,193,8,11,7,1,4,-52,0,603,5019,53,100,1,0,0
2442,8,7,1024,0,579,26,15,7,1,9,-52,3,887,14646,158,100,2,1,1
2438,14,9,1024,10,592,14,23,7,1,4,-52,10,2212,12779,155,100,1,0,0
2435,24,19,1536,0,161,4,19,7,1,2,-52,5,1922,13744,63,100,2,0,0
2439,16,10,1024,0,147,12,7,7,1,6,-70,3,2126,19289,55,100,2,0,0
2439,29,24,1792,0,195,8,11,7,1,4,-52,0,518,5574,53,100,2,0,0
2442,2,3,1024,10,515,11,10,5,1,1,-52,1,524,10986,125,100,2,0,0
2443,3,4,768,0,573,18,5,7,1,4,-52,10,2182,19038,161,100,2,0,0
2442,10,5,768,0,533,15,19,7,1,4,-52,10,885,8782,157,100,1,1,1
2442,21,16,1280,0,626,26,9,7,1,10,-52,5,1103,16437,142,100,3,0,0
2441,19,14,1280,0,571,20,23,7,1,6,-52,8,1273,13404,140,100,1,0,0
2446,1,0,256,0,33,0,0,3,0,0,0,10,1107,13326,2689,100,1,0,0
2439,17,13,1280,10,70,7,9,6,1,3,-70,1,1143,9345,32,100,2,0,0
2444,17,13,1280,0,72,7,9,6,1,3,-70,1,548,5130,32,100,1,0,0
2440,30,24,1792,20,176,8,2,7,1,3,-70,2,1497,15074,54,100,3,0,0
2445,9,5,768,0,575,13,18,7,2,4,-70,10,3668,21338,158,100,1,0,0
2446,5,1,512,50,611,23,2,7,3,7,-76,10,5996,31675,161,100,1,0,0
2447,7,3,768,30,531,13,12,7,1,4,-70,8,1912,14693,116,100,1,0,0
2446,11,6,1024,0,609,28,3,7,1,11,-52,8,1301,17270,152,100,2,0,0
2446,14,9,1024,10,596,14,23,7,1,4,-52,10,1782,14039,155,100,2,0,0
2443,29,24,1792,0,197,8,11,7,1,4,-52,0,470,4422,53,100,2,0,0
2444,12,7,1024,0,577,12,6,7,1,2,-52,6,1372,15910,150,100,2,0,0
2445,24,19,1536,20,165,4,20,7,1,2,-52,5,1844,16408,64,100,3,0,0
2446,21,16,1280,10,629,26,9,7,1,10,-52,5,768,7017,143,100,1,0,0
2448,6,5,768,0,571,18,4,5,1,5,-52,1,1552,16046,156,100,2,0,0
2424,18,12,1408,100,31,7,7,7,0,4,-70,3,740,5976,20,100,2,0,0
2450,4,1,512,20,594,17,12,7,1,3,-61,10,2983,21960,163,100,2,0,0
2449,13,9,1024,20,492,13,20,7,1,6,-70,6,1919,19468,118,100,2,0,0
2431,18,12,1536,90,32,7,7,7,0,4,-70,3,735,7325,21,100,3,0,0
2451,5,1,512,10,612,23,2,7,3,7,-76,10,3016,17902,162,100,2,0,0
2450,10,5,768,20,537,15,19,7,1,4,-52,10,2098,15993,157,100,2,1,1
2450,16,10,1049,10,147,12,7,7,1,6,-70,3,1881,20365,56,100,2,0,0
2449,12,7,1024,30,578,12,6,7,1,2,-52,6,1366,8241,150,100,1,0,0
2443,31,30,2048,0,375,25,264,5,1,8,-52,0,1250,12048,142,100,5,1,3
2452,3,4,768,10,575,18,5,7,1,4,-52,10,2771,23118,162,100,1,0,0
2448,19,14,1280,20,574,20,23,7,1,6,-52,8,1993,15436,141,100,2,0,0
2441,18,12,1536,70,33,7,8,7,0,4,-70,3,564,8721,22,100,4,0,0
2448,18,12,1377,20,35,7,8,7,1,4,-70,3,1256,8735,22,100,1,0,0
2447,30,24,1792,0,177,8,2,7,1,3,-70,2,1622,10351,55,100,3,0,0
2454,14,9,1024,30,598,14,23,7,1,4,-52,9,2707,15672,156,100,2,0,0
2449,31,30,2048,0,377,25,265,5,1,8,-52,0,533,5607,142,100,2,1,3
2455,10,5,768,0,539,15,19,7,1,4,-52,10,1155,8986,158,100,1,1,1
2456,4,1,512,30,597,17,12,7,1,3,-61,10,2450,14544,163,100,1,0,0
2456,6,5,768,20,573,18,4,5,1,5,-52,1,660,11217,156,100,1,0,0
2456,1,0,256,0,33,0,0,3,0,0,0,10,3094,32439,2708,100,2,0,0
2454,2,3,1024,10,518,11,10,5,1,1,-52,1,1141,17990,126,100,3,0,0
2456,9,5,768,0,575,13,19,7,2,4,-70,9,3998,26337,159,100,3,0,0
2451,8,7,1024,0,582,26,15,7,1,9,-52,3,859,11855,159,100,3,1,1
2453,12,7,1024,0,579,12,6,7,1,2,-52,6,879,7096,150,100,1,0,0
2455,24,19,1536,10,172,4,20,7,1,2,-52,5,2746,21063,64,100,3,0,0
2456,3,4,768,0,576,18,5,7,1,4,-52,10,1572,12144,162,100,1,0,0
2457,7,3,768,60,534,13,12,7,1,4,-70,8,4052,25452,117,100,2,0,0
2458,11,5,768,0,615,30,3,7,1,12,-70,8,1744,20845,152,100,5,0,0
2454,30,24,1792,10,180,8,2,7,1,3,-70,2,1189,9110,55,100,2,0,0
2455,17,13,1280,0,75,7,9,6,1,3,-70,1,906,11456,33,100,2,0,0
2458,14,9,1024,40,599,14,23,7,1,4,-52,9,1004,7523,156,100,1,0,0
2456,18,12,1291,0,35,7,8,7,1,4,-70,3,997,8424,23,100,2,0,0
2458,12,7,1024,0,580,12,6,7,1,2,-52,6,1109,8165,151,100,1,0,0
2460,1,0,256,0,33,0,0,3,0,0,0,10,896,12448,2712,100,1,0,0
2461,4,1,512,20,598,17,12,7,1,3,-61,10,1865,12487,164,100,2,0,0
2460,13,9,1024,0,502,13,20,7,1,6,-70,6,2738,21876,119,100,3,0,0
2460,8,7,1024,0,583,26,15,7,1,9,-52,3,657,11539,159,100,2,1,1
2455,29,24,1792,0,202,8,11,7,1,4,-52,0,1140,11100,54,100,3,0,0
2461,2,3,1024,0,520,11,10,5,1,1,-52,1,527,10525,126,100,1,0,0
2457,19,14,1280,0,576,20,23,7,1,6,-52,8,1984,21212,141,100,3,0,0
2463,5,1,512,0,616,23,2,7,3,7,-76,9,7257,42858,162,100,3,0,0
2464,7,3,1024,10,536,14,12,7,1,4,-70,8,1944,15220,117,100,3,0,0
2465,12,7,1024,0,582,12,6,7,1,2,-52,6,627,10628,151,100,2,0,0
2457,31,30,2048,20,382,25,267,5,1,8,-52,0,959,8296,143,100,4,1,3
2445,15,10,1152,70,14,2,6,4,0,2,-52,1,1129,8871,8,100,5,0,0
2449,15,10,1152,100,14,2,6,5,0,2,-52,1,193,4280,8,100,1,0,0
2465,3,4,768,10,580,18,5,7,1,4,-52,10,3288,24218,163,100,3,0,0
2457,15,11,1152,70,15,4,7,5,0,3,-70,1,370,6889,8,100,2,0,0
2465,10,5,768,0,542,15,19,7,1,4,-52,10,887,14943,158,100,3,1,1
2466,4,1,512,10,599,17,12,7,1,3,-61,10,1542,11080,164,100,1,0,0
2466,18,12,1280,0,37,7,8,7,1,4,-70,3,669,8642,23,100,4,0,0
2467,11,5,768,0,618,30,3,7,1,12,-70,10,1917,20138,152,100,2,0,0
2467,6,5,768,0,575,18,4,5,1,5,-52,1,991,17072,157,100,2,0,0
2467,15,11,1024,30,16,4,7,5,1,3,-70,1,1270,10162,8,100,4,0,0
2466,9,5,768,20,577,13,19,7,2,4,-70,9,3554,25428,160,100,3,0,0
2466,8,7,1024,10,586,26,15,7,1,9,-52,3,645,6966,160,100,2,1,1
2462,29,24,1792,0,205,8,11,7,1,4,-52,0,898,8218,55,100,2,0,0
2466,17,13,1280,0,80,7,9,6,1,3,-70,1,1169,11970,33,100,2,0,0
2464,19,14,1280,20,579,20,23,7,1,6,-52,8,1595,15001,142,100,2,0,0
2468,1,0,256,0,33,0,0,3,0,0,0,10,1987,23150,2724,100,1,0,0
2462,30,24,1792,10,182,8,2,7,1,3,-70,2,995,9667,56,100,2,0,0
2464,31,30,2048,0,383,25,269,5,1,8,-52,0,634,7497,143,100,4,1,3
2471,4,1,512,20,600,17,12,7,1,3,-61,10,1127,10150,164,100,2,0,0
2471,15,11,1024,0,17,4,7,5,1,3,-70,1,682,5359,9,100,3,0,0
2469,12,7,1024,0,586,12,6,7,1,2,-52,6,977,7424,152,100,2,0,0
2471,9,5,768,0,579,13,19,7,2,4,-70,9,2132,12271,160,100,2,0,0
2472,13,9,1024,0,506,13,21,7,1,6,-70,6,1469,17356,120,100,5,0,0
2471,3,4,768,0,581,18,5,7,1,4,-52,10,1971,16909,163,100,1,0,0
2470,14,9,1024,30,602,14,24,7,1,4,-52,9,3863,23556,157,100,5,0,0
2472,2,3,1024,0,524,11,10,5,1,1,-52,1,1051,15607,127,100,2,0,0
2473,7,3,1024,0,540,14,12,7,1,4,-70,8,2788,19296,118,100,2,0,0
2472,17,13,1280,10,81,7,9,6,1,3,-70,1,515,5635,34,100,1,0,0
2471,18,12,1280,10,38,7,8,7,1,4,-70,3,441,5322,24,100,2,0,0
2467,24,19,1536,0,174,4,20,7,1,2,-52,5,2904,24528,65,100,4,0,0
2469,30,24,1792,10,186,8,2,7,1,3,-70,2,1247,10194,56,100,2,0,0
2475,5,1,512,0,620,23,2,7,3,7,-76,10,7718,44060,163,100,4,0,0
2475,10,5,768,0,543,15,19,7,1,4,-52,10,614,14744,159,100,3,1,1
2474,8,7,1024,10,591,26,15,7,1,9,-52,3,925,12639,160,100,2,1,1
2469,31,30,2048,10,385,25,270,5,1,8,-52,0,531,5056,143,100,2,1,3
2471,29,24,1792,10,209,8,11,7,1,4,-52,0,829,8716,55,100,3,0,0
2477,1,0,256,0,33,0,0,3,0,0,0,10,1811,26156,2736,100,2,0,0
2477,11,5,768,0,623,30,3,7,1,12,-70,10,2232,24263,153,100,2,0,0
2477,9,5,768,10,581,13,19,7,2,4,-70,9,2742,15306,160,100,1,0,0
2479,3,4,768,0,585,18,5,7,1,4,-52,10,2578,20004,164,100,3,0,0
2478,6,5,768,0,580,18,4,5,1,5,-52,1,1440,18425,158,100,3,0,0
2477,19,14,1280,0,583,20,23,7,1,6,-52,8,3236,29151,143,100,3,0,0
2480,5,1,512,10,622,23,2,7,3,7,-76,10,3484,18529,163,100,0,0,0
2476,24,19,1536,10,179,4,20,7,1,2,-52,5,2380,18924,66,100,1,0,0
2479,4,1,512,20,601,17,12,7,1,3,-61,10,2495,19046,165,100,1,0,0
2480,15,11,1024,0,19,4,8,5,1,3,-70,1,755,8357,9,100,6,0,0
2480,14,9,1024,30,606,14,24,7,1,4,-52,9,3404,20324,158,100,3,0,0
2475,30,24,1792,0,188,8,2,7,1,3,-70,2,1386,9356,56,100,1,0,0
2481,2,3,1024,0,525,11,10,5,1,1,-52,1,739,13374,128,100,2,0,0
2480,7,3,1024,20,541,14,12,7,1,4,-70,8,1787,13745,119,100,3,0,0
2481,17,13,1280,10,84,7,9,6,1,3,-70,1,1421,10021,34,100,4,0,0
2479,31,30,2048,0,389,25,273,5,1,8,-52,0,1021,10391,144,100,6,1,3
2483,13,9,1024,10,511,13,21,7,1,6,-70,6,2042,19695,120,100,3,0,0
2480,12,7,1280,0,593,12,6,7,1,2,-52,6,2048,18952,152,100,3,0,0
2482,18,12,1280,0,39,7,8,7,1,4,-70,3,747,10603,24,100,3,0,0
2485,1,0,256,0,33,0,0,3,0,0,0,10,1780,21407,2749,100,1,0,0
2484,8,7,1024,0,593,26,15,7,1,9,-52,3,971,11780,161,100,4,1,1
2484,9,5,768,0,582,13,19,7,2,4,-70,9,3136,18081,161,100,1,0,0
2485,19,14,1280,10,588,20,23,7,1,6,-52,8,2477,18807,143,100,2,0,0
2486,6,5,768,10,582,18,4,5,1,5,-52,1,840,11754,158,100,1,0,0
2486,11,5,768,0,629,30,3,7,1,12,-70,10,1934,20066,154,100,4,0,0
2484,10,5,768,20,546,15,19,7,1,4,-52,10,748,14360,160,100,3,1,1
2481,29,24,1792,0,214,8,11,7,1,4,-52,0,1148,10850,56,100,3,0,0
2487,15,11,1024,0,19,4,8,5,1,3,-70,1,387,7082,10,100,1,0,0
2488,4,1,512,0,603,17,12,7,1,3,-61,10,2173,17511,165,100,3,0,0
2487,24,19,1536,0,182,4,21,7,1,2,-52,5,2127,19449,66,100,3,0,0
2488,3,4,768,10,586,18,5,7,1,4,-52,10,2701,25040,164,100,3,0,0
2489,5,1,528,20,624,23,2,7,3,7,-76,10,6275,33494,164,100,2,0,0
2489,7,3,1024,0,543,14,12,7,1,4,-70,8,2253,20606,119,100,2,0,0
2485,30,24,1792,20,192,8,2,7,1,3,-70,2,1508,13420,57,100,3,0,0
2487,17,13,1280,0,85,7,9,6,1,3,-70,1,531,6687,35,100,1,0,0
2490,19,14,1280,20,589,20,23,7,1,6,-52,8,1003,10759,143,100,1,0,0
2490,14,9,1024,10,608,14,24,7,1,4,-52,9,2602,18676,158,100,3,0,0
2487,29,24,1792,10,214,8,11,7,1,4,-52,0,288,5563,56,100,1,0,0
2490,8,7,1024,0,594,26,15,7,1,9,-52,3,394,7272,161,100,1,1,1
2491,10,5,768,0,549,15,19,7,1,4,-52,10,815,10106,160,100,2,1,1
2490,2,3,1024,0,528,11,10,5,1,1,-52,1,916,12961,128,100,1,0,0
2490,18,12,1280,0,40,7,8,7,1,4,-70,3,911,7961,25,100,3,0,0
2490,12,7,1280,0,598,13,6,7,1,2,-52,6,1750,17902,153,100,3,0,0
2494,5,1,512,0,625,23,2,7,3,7,-76,10,3269,20166,164,100,2,0,0
2493,13,9,1024,0,514,13,21,7,1,6,-70,6,1585,16374,121,100,3,0,0
2495,11,5,768,10,632,30,3,7,1,12,-70,10,1151,17677,154,100,2,0,0
2492,31,30,2048,0,392,25,277,5,1,8,-52,0,949,11052,145,100,6,1,3
2495,9,5,768,30,585,13,19,7,2,4,-70,9,4105,25813,162,100,2,0,0
2496,4,1,512,50,604,17,12,7,1,3,-61,10,2778,19278,166,100,1,0,0
2496,1,0,256,0,33,0,0,3,0,0,0,10,2694,34781,2765,100,2,0,0
2496,17,13,1280,0,86,7,9,6,1,3,-70,1,453,6153,35,100,1,0,0
2498,15,11,1024,0,19,4,9,5,1,3,-70,0,758,11347,10,100,4,0,0
2496,14,9,1024,10,608,14,24,7,1,4,-52,9,1583,12292,159,100,1,0,0
2497,10,5,768,0,550,15,19,7,1,4,-52,10,502,9431,160,100,1,1,1
2496,30,24,1792,0,196,8,2,7,1,3,-70,2,1539,11863,58,100,4,0,0
2495,7,3,1024,0,543,14,12,7,1,4,-70,8,1417,12207,119,100,1,0,0
2494,2,3,1024,10,529,11,10,5,1,1,-52,1,426,5341,129,100,1,0,0
2498,6,5,768,10,584,18,4,5,1,5,-52,1,753,17663,159,100,2,0,0
2497,24,19,1536,0,185,4,22,7,1,2,-52,5,2333,20549,67,100,3,0,0
2497,3,4,768,10,590,18,5,7,1,4,-52,10,2776,23561,165,100,2,0,0
2498,29,24,1792,10,218,8,11,7,1,4,-52,0,960,8861,57,100,4,0,0
2494,8,7,1024,0,596,26,15,7,1,9,-52,3,689,5893,162,100,2,1,1
2500,5,1,512,10,625,23,2,7,3,7,-76,10,4556,24571,165,100,1,0,0
2502,1,0,256,0,33,0,0,3,0,0,0,10,1293,15687,2772,100,1,0,0
2498,18,12,1280,0,41,7,8,7,1,4,-70,3,754,7487,25,100,2,0,0
2499,12,7,1280,0,602,13,6,7,1,2,-52,6,1274,13230,154,100,2,0,0
2503,13,9,1024,0,518,13,21,7,1,6,-70,6,1621,15848,122,100,3,0,0
2501,3,4,768,0,591,18,5,7,1,4,-52,10,1656,12552,165,100,1,0,0
2501,7,3,1024,20,546,14,12,7,1,4,-70,8,2233,14773,120,100,2,0,0
2499,8,7,1024,0,598,26,15,7,1,9,-52,3,938,7709,162,100,1,1,1
2500,19,14,1280,10,593,20,23,7,1,6,-52,8,3694,27933,144,100,4,0,0
2503,2,3,1024,0,531,11,10,5,1,1,-52,1,730,10517,129,100,2,0,0
2504,15,11,1024,0,20,4,9,5,1,3,-70,0,680,7295,11,100,2,0,0
2506,1,0,256,0,33,0,0,3,0,0,0,10,886,13082,2776,100,1,0,0
2507,4,1,512,40,608,17,12,7,1,3,-61,10,3955,26653,167,100,2,0,0
2506,6,5,768,0,588,18,4,5,1,5,-52,1,891,11801,160,100,2,0,0
2506,10,5,768,0,553,15,19,7,1,4,-52,9,939,14008,161,100,3,1,1
2506,18,12,1280,0,41,7,8,7,1,4,-70,2,631,8153,26,100,2,0,0
2511,1,0,256,0,33,0,0,3,0,0,0,10,551,11418,2779,100,1,0,0
2510,5,4,768,0,631,25,2,7,1,8,-52,10,5237,32610,165,100,4,0,0
2511,3,4,768,40,596,18,5,7,1,4,-52,9,2916,25919,166,100,1,0,0
2512,4,1,512,50,611,17,12,7,1,3,-61,10,2360,15007,167,100,1,0,0
2509,7,3,1024,40,549,14,12,7,1,4,-70,7,2279,17257,120,100,1,0,0
2513,11,5,768,0,636,30,3,7,1,12,-70,10,1182,17125,155,100,2,0,0
2512,2,3,1024,0,533,11,10,5,1,1,-52,1,630,11183,130,100,1,0,0
2513,6,5,1152,0,591,18,4,5,1,5,-52,0,732,10850,160,100,2,0,0
2509,8,7,1024,0,601,26,15,7,1,9,-52,3,1139,11856,163,100,2,1,1
2513,7,3,1024,10,549,14,12,7,1,4,-70,7,1012,8823,121,100,1,0,0
2514,5,4,768,0,634,25,2,7,1,8,-52,10,1572,13657,166,100,1,0,0
2515,15,11,1024,0,20,4,9,5,1,3,-70,0,429,9622,11,100,2,0,0
2517,8,7,1024,0,602,26,15,7,1,9,-52,3,419,8620,163,100,1,1,1
2515,18,12,1280,0,42,7,8,7,1,4,-70,2,463,8661,26,100,1,0,0
2517,12,7,1280,10,606,13,6,7,1,2,-52,5,967,12649,155,100,2,0,0
2518,1,0,256,0,33,0,0,3,0,0,0,10,1410,22115,2786,100,1,0,0
2517,10,5,768,0,555,15,19,7,1,4,-52,8,733,10005,162,100,2,1,1
2518,7,3,1024,10,550,14,12,7,1,4,-70,7,1202,9432,121,100,0,0,0
2518,5,4,768,0,636,25,2,7,1,8,-52,10,1441,12757,166,100,2,0,0
2521,3,4,768,10,598,18,5,7,1,4,-52,9,3518,28484,167,100,2,0,0
2520,2,3,1024,0,534,11,10,5,1,1,-52,1,568,9700,130,100,2,0,0
2521,18,12,1280,0,42,7,8,7,1,4,-70,2,821,6682,27,100,2,0,0
2522,4,1,512,10,615,17,12,7,2,3,-61,10,5793,31029,168,100,3,0,0
2519,6,5,1152,20,592,18,4,5,1,5,-52,0,495,10364,161,100,2,0,0
2522,15,11,1024,0,21,4,9,5,1,3,-70,0,1062,7616,12,100,2,0,0
2521,10,5,768,0,555,15,19,7,1,4,-52,8,166,5802,162,100,0,1,1
2523,11,5,1070,0,639,30,3,7,1,12,-70,10,1792,25971,156,100,3,0,0
2525,12,7,1280,0,608,13,6,7,1,2,-52,5,935,13345,155,100,1,0,0
2528,3,4,768,10,598,18,5,7,1,4,-52,9,1519,18007,167,100,2,0,0
2528,4,1,512,0,616,17,12,7,2,3,-61,10,2458,16114,168,100,2,0,0
2528,7,3,1024,20,553,14,12,7,1,4,-70,7,1870,19515,122,100,2,0,0
2529,1,0,256,0,33,0,0,3,0,0,0,10,1538,32470,2794,100,2,0,0
2529,10,5,768,0,560,15,19,7,1,4,-52,8,960,12270,162,100,3,1,1
2530,5,4,768,10,640,25,2,7,1,8,-52,10,3962,34022,167,100,2,0,0
2528,8,7,1024,10,606,26,15,7,1,9,-52,3,963,14304,164,100,2,1,1
2528,11,5,1024,10,641,30,3,7,1,12,-70,10,1093,11025,157,100,2,0,0
2530,6,5,1152,0,596,18,4,5,1,5,-52,0,1211,17449,161,100,2,0,0
2531,2,3,1024,0,537,11,10,5,1,1,-52,1,943,14102,131,100,2,0,0
2533,3,4,768,10,599,18,5,7,1,4,-52,9,1477,13076,167,100,0,0,0
2534,5,4,768,10,641,25,2,7,1,8,-52,10,959,12021,167,100,0,0,0
2533,7,3,1024,20,554,14,12,7,1,4,-70,7,1548,13543,122,100,1,0,0
2533,18,12,1280,0,43,7,8,7,1,4,-70,2,610,10627,28,100,3,0,0
2535,8,7,1024,0,608,26,15,7,1,9,-52,3,520,8497,164,100,2,1,1
2535,12,7,1280,0,612,13,6,7,1,2,-52,5,1510,15286,156,100,3,0,0
2537,1,0,256,0,33,0,0,3,0,0,0,10,1296,23904,2801,100,2,0,0
2538,4,1,512,10,621,17,12,7,2,3,-61,10,5055,27724,169,100,3,0,0
2536,11,5,1024,0,642,30,3,7,1,12,-70,10,690,16361,157,100,1,0,0
2539,2,3,1024,0,541,11,10,5,1,1,-52,1,943,9442,131,100,2,0,0
2540,10,5,768,0,560,15,19,7,1,4,-52,8,606,16744,163,100,2,1,1
2543,3,4,768,0,602,18,5,7,1,4,-52,9,3344,28983,168,100,2,0,0
2541,6,5,1152,0,600,18,4,5,1,5,-52,0,1074,17336,162,100,3,0,0
2541,18,12,1280,0,43,7,8,7,1,4,-70,2,357,7924,28,100,1,0,0
2546,4,1,512,20,625,17,12,7,2,3,-61,10,2904,21569,169,100,1,0,0
2546,5,4,768,10,646,25,2,7,1,8,-52,10,2806,30984,168,100,3,0,0
2544,2,3,1024,0,544,11,10,5,1,1,-52,1,915,8025,132,100,1,0,0
2544,7,3,1062,30,558,14,12,7,1,4,-70,7,2764,23913,123,100,2,0,0
2547,1,0,256,0,33,0,0,3,0,0,0,10,1247,27354,2808,100,2,0,0
2546,11,5,1024,0,647,30,3,7,1,12,-70,10,1646,22143,158,100,3,0,0
2549,3,4,768,10,604,18,5,7,1,4,-52,9,2044,17707,168,100,2,0,0
2549,6,5,1152,10,603,18,4,5,1,5,-52,0,715,9308,162,100,1,0,0
2544,8,7,1024,0,610,26,15,7,1,9,-52,3,771,11927,165,100,2,1,1
2546,12,7,1280,0,614,13,6,7,1,2,-52,5,1211,16874,157,100,2,0,0
2550,11,5,1024,0,647,30,3,7,1,12,-70,10,266,8247,158,100,1,0,0
2551,10,5,768,0,563,15,19,7,1,4,-52,8,975,17307,164,100,2,1,1
2553,5,4,768,0,648,25,2,7,1,8,-52,10,2207,22855,168,100,1,0,0
2553,1,0,256,0,33,0,0,3,0,0,0,10,743,17594,2812,100,1,0,0
2553,4,1,512,0,626,17,12,7,2,3,-61,10,3577,22540,170,100,2,0,0
2553,18,12,1280,0,43,7,8,7,1,4,-70,2,557,10779,29,100,2,0,0
2553,2,3,1024,0,548,11,10,5,1,1,-52,1,855,10594,132,100,1,0,0
2555,12,7,1280,0,615,13,6,7,1,2,-52,5,1085,14840,157,100,2,0,0
2556,11,5,1024,0,649,30,3,7,1,12,-70,10,578,11677,158,100,1,0,0
2556,7,3,1024,0,561,14,12,7,1,4,-70,7,3451,25626,124,100,3,0,0
2556,10,5,768,0,564,15,19,7,1,4,-52,8,394,7656,164,100,1,1,1
2558,3,4,768,10,605,18,5,7,1,4,-52,9,2633,24252,169,100,1,0,0
2559,1,0,256,0,33,0,0,3,0,0,0,10,639,14931,2815,100,1,0,0
2545,9,4,1024,90,600,15,19,7,0,5,-52,10,1664,18347,165,100,2,0,0
2551,9,4,1024,90,602,15,19,7,0,5,-52,10,1349,11277,165,100,2,0,0
2561,4,1,512,20,630,17,12,7,2,3,-61,10,3553,24458,170,100,1,0,0
2560,6,5,1152,0,606,18,4,5,1,5,-52,0,985,17029,163,100,3,0,0
2557,9,4,1024,80,603,15,19,7,0,5,-52,10,788,11852,166,100,1,0,0
2562,5,4,768,0,650,25,2,7,1,8,-52,10,2114,25760,169,100,2,0,0
2562,10,5,768,10,565,15,19,7,1,4,-52,8,590,9998,165,100,1,1,1
2564,2,3,1024,10,552,11,10,5,1,1,-52,1,1230,14324,133,100,2,0,0
2564,7,3,1024,0,562,14,12,7,1,4,-70,8,1470,14772,124,100,1,0,0
2564,9,4,768,0,606,15,19,7,1,5,-52,10,1601,15475,166,100,4,0,0
2562,11,5,1024,0,651,30,3,7,1,12,-70,10,857,13822,159,100,1,0,0
2565,3,4,768,0,609,18,5,7,1,4,-52,10,2305,19716,169,100,1,0,0
2564,18,12,1280,0,45,7,8,7,1,4,-70,2,712,10306,30,100,4,0,0
2562,14,9,1024,10,629,15,24,7,1,4,-52,9,896,10767,163,100,2,0,0
2567,1,0,256,0,33,0,0,3,0,0,0,10,1385,24073,2822,100,1,0,0
2565,12,7,1280,10,617,13,6,7,1,2,-52,5,1115,15336,158,100,1,0,0
2566,5,4,768,10,651,25,2,7,1,8,-52,10,1345,13284,169,100,0,0,0
2567,10,5,768,0,567,15,19,7,1,4,-52,8,632,7230,165,100,1,1,1
2567,6,5,1152,0,609,18,4,5,1,5,-52,0,784,10959,164,100,2,0,0
2568,4,1,512,0,634,17,12,7,2,3,-61,10,5080,27122,171,100,1,0,0
2568,2,3,1024,10,554,11,10,5,1,1,-52,1,503,5668,133,100,1,0,0
2570,9,4,768,0,607,15,19,7,1,5,-52,10,1202,12099,167,100,2,0,0
2569,18,12,1280,0,45,7,8,7,1,4,-70,2,285,4719,30,100,1,0,0
2572,7,3,1024,10,565,14,12,7,1,4,-70,8,1588,15158,125,100,1,0,0
2571,14,9,1024,0,632,15,24,7,1,4,-52,9,1135,14769,164,100,4,0,0
2572,3,4,768,0,613,18,5,7,1,4,-52,10,2672,23768,170,100,2,0,0
2572,5,4,768,10,653,25,2,7,1,8,-52,10,1561,17637,170,100,2,0,0
2572,11,5,1024,0,654,30,3,7,1,12,-70,10,936,18912,159,100,3,0,0
2574,4,1,512,10,636,17,12,7,2,3,-61,10,2799,18394,171,100,1,0,0
2573,10,5,768,0,568,15,19,7,1,4,-52,8,417,9258,165,100,1,1,1
2574,12,7,1280,0,618,13,6,7,1,2,-52,5,885,14320,159,100,2,0,0
2574,2,3,1024,0,554,11,10,5,1,1,-52,1,585,9976,134,100,1,0,0
2578,1,0,256,0,33,0,0,3,0,0,0,10,1733,32833,2831,100,2,0,0
2576,11,5,1024,10,655,30,3,7,1,12,-70,10,717,9388,160,100,1,0,0
2579,6,5,1152,0,613,18,4,5,1,5,-52,0,967,17096,165,100,2,0,0
2579,9,4,768,0,608,15,19,7,1,5,-52,10,1169,17377,167,100,1,0,0
2579,3,4,768,0,613,18,6,7,1,4,-52,10,1236,17479,170,100,1,0,0
2580,12,7,1280,10,620,13,6,7,1,2,-52,5,599,8368,159,100,1,0,0
2580,18,12,1280,10,48,7,8,7,1,4,-70,2,973,11802,31,100,4,0,0
2581,5,4,768,0,656,25,2,7,1,8,-52,10,2813,26498,170,100,1,0,0
2581,14,9,1024,0,636,15,24,7,1,4,-52,9,964,16353,165,100,3,0,0
2581,10,5,768,0,571,15,19,7,1,4,-52,8,925,13529,166,100,1,1,1
2581,11,5,1024,0,656,30,3,7,1,12,-70,10,792,11039,160,100,0,0,0
2584,9,4,768,0,610,15,19,7,1,5,-52,10,732,9901,167,100,1,0,0
2585,4,1,512,50,639,18,12,7,2,3,-61,10,5311,35000,172,100,3,0,0
2584,7,3,1024,10,569,14,12,7,1,4,-70,8,2098,23492,125,100,3,0,0
2586,1,0,256,0,34,0,0,3,0,0,0,10,1481,24793,2839,100,3,0,0
2585,2,3,1024,0,555,11,10,5,1,1,-52,1,801,13513,135,100,2,0,0
2587,14,9,1024,0,640,15,24,7,1,4,-52,9,817,8859,165,100,2,0,0
2585,12,7,1280,10,622,13,6,7,1,2,-52,6,1011,8602,159,100,1,0,0
2588,5,4,768,10,658,25,2,7,1,8,-52,9,1616,18756,171,100,1,0,0
2587,18,12,1280,0,48,7,8,7,1,4,-70,3,681,6595,31,100,2,0,0
2589,2,3,1024,0,555,11,10,5,1,1,-52,1,287,5285,135,100,1,0,0
2592,4,1,512,50,641,18,12,7,2,3,-61,10,3385,20887,172,100,1,0,0
2590,6,5,1152,10,616,18,4,5,1,5,-52,0,828,16093,165,100,2,0,0
2590,3,4,768,10,616,18,6,7,1,4,-52,10,3536,31246,171,100,3,0,0
2593,7,3,1024,0,571,14,12,7,1,4,-70,9,1884,18968,126,100,1,0,0
2592,10,5,768,0,575,15,19,7,1,4,-52,8,1041,16663,167,100,3,1,1
2592,9,4,768,0,610,15,19,7,1,5,-52,10,1122,14503,168,100,3,0,0
2592,11,5,1024,0,662,30,3,7,1,12,-70,9,1705,22988,161,100,2,0,0
2594,12,7,1280,10,625,13,6,7,1,2,-52,6,1241,14384,160,100,3,0,0
2595,2,3,1024,0,556,11,10,5,1,1,-52,1,369,5512,135,100,1,0,0
2595,14,9,1024,0,642,15,24,7,1,4,-52,9,549,11274,165,100,1,0,0
2596,3,4,768,10,616,18,6,7,1,4,-52,10,1393,14115,172,100,1,0,0
2594,18,12,1280,0,49,7,8,7,1,4,-70,3,527,7280,32,100,2,0,0
2598,7,3,1024,20,574,14,12,7,1,4,-70,9,1321,10093,126,100,1,0,0
2598,1,0,256,0,35,0,0,3,0,0,0,10,1767,34118,2848,100,3,0,0
2598,5,4,768,0,660,25,2,7,1,8,-52,9,2463,27460,171,100,2,0,0
2599,12,7,1280,0,627,13,6,7,1,2,-52,6,1217,8329,160,100,1,0,0
2601,4,1,512,20,643,19,12,7,2,3,-61,10,4294,27275,173,100,1,0,0
2600,2,3,1024,0,556,11,10,5,1,1,-52,1,273,6162,136,100,0,0,0
2599,10,5,768,0,576,15,19,7,1,4,-52,8,599,10350,167,100,2,1,1
2599,18,12,1280,0,49,7,8,7,1,4,-70,3,288,4147,32,100,1,0,0
2600,6,5,1152,0,617,18,4,5,1,5,-52,0,647,14859,166,100,2,0,0
2603,9,4,768,20,613,15,19,7,1,5,-52,10,1925,18957,169,100,2,0,0
2578,20,18,1920,50,1,1,3,2,0,1,-95,0,1140,9796,0,100,8,0,0
2602,11,5,1024,0,664,30,3,7,1,12,-70,9,915,19439,161,100,2,0,0
2600,14,9,1024,0,644,15,24,7,1,4,-52,9,846,9383,166,100,2,0,0
2585,20,18,1920,70,2,1,3,2,0,1,-95,0,938,6972,1,100,6,0,0
2605,6,5,1152,0,620,18,4,5,1,5,-52,0,690,7673,166,100,1,0,0
2607,3,4,768,10,619,18,6,7,1,4,-52,10,3111,27465,172,100,2,0,0
2604,12,7,1280,0,629,13,6,7,1,2,-52,6,1213,9250,160,100,1,0,0
2606,4,1,512,10,644,19,12,7,2,3,-61,10,4132,22655,173,100,3,0,0
2608,2,3,1024,0,559,11,10,5,1,1,-52,1,704,8560,136,100,2,0,0
2609,7,3,1024,10,576,14,12,7,1,4,-70,8,3304,24592,127,100,2,0,0
2609,1,0,256,0,36,0,0,3,0,0,0,10,1822,31765,2858,100,3,0,0
2606,18,12,1280,10,50,7,8,7,1,4,-70,3,1028,10487,33,100,2,0,0
2609,5,4,768,0,662,25,2,7,1,8,-52,9,3081,33618,172,100,2,0,0
2585,13,7,1152,80,543,16,21,7,0,7,-70,6,645,11302,126,100,2,0,0
2592,13,7,1152,80,545,16,21,7,0,7,-70,6,578,9340,126,100,2,0,0
2611,3,4,768,0,619,19,7,7,1,4,-52,10,2083,14925,173,100,2,0,0
2611,10,5,768,10,582,15,19,7,1,4,-52,8,1279,17915,168,100,3,1,1
2612,2,3,1024,0,560,11,10,5,1,1,-52,1,393,5801,136,100,1,0,0
2613,14,9,1024,10,647,15,25,7,1,4,-52,9,1080,18870,167,100,3,0,0
2611,11,5,1024,0,668,30,3,7,1,12,-70,9,998,19068,162,100,2,0,0
2613,9,4,768,10,617,16,19,7,1,5,-52,9,1834,21571,169,100,3,0,0
2612,18,12,1280,0,50,7,8,7,1,4,-70,3,399,8228,33,100,1,0,0
2599,13,7,1152,90,545,16,21,7,0,7,-70,6,447,10208,127,100,1,0,0
2615,4,1,512,10,647,19,12,7,2,3,-61,10,4106,24219,174,100,1,0,0
2603,13,7,1152,90,546,16,21,7,0,7,-70,6,313,7191,127,100,1,0,0
2615,1,0,256,0,36,0,0,3,0,0,0,10,1106,19855,2864,100,1,0,0
2615,7,3,1024,40,579,14,12,7,1,4,-70,8,2417,17426,127,100,1,0,0
2615,3,4,768,10,620,19,7,7,1,4,-52,10,2070,14697,173,100,1,0,0
2600,19,15,1408,90,613,22,25,7,0,7,-70,8,1144,18736,151,100,2,0,0
2616,5,4,768,20,664,26,2,7,1,8,-52,9,1719,18971,173,100,2,0,0
2615,6,5,1152,0,625,18,4,5,1,5,-52,0,994,15613,167,100,2,0,0
2605,19,15,1536,90,615,22,25,7,0,7,-70,8,518,9009,151,100,2,0,0
2611,13,7,1024,60,550,16,21,7,1,7,-70,6,1109,12508,128,100,1,0,0
2614,19,15,1536,90,616,23,25,7,0,7,-70,8,945,15472,152,100,1,0,0
2618,9,4,768,20,618,16,19,7,1,5,-52,8,1805,13286,170,100,2,0,0
2618,10,5,768,10,584,15,19,7,1,4,-52,8,604,11189,168,100,2,1,1
2613,31,30,2048,10,428,25,305,5,1,8,-52,0,643,5579,153,100,2,1,3
2613,29,24,1792,0,266,8,11,7,1,4,-52,0,1025,12190,65,100,2,0,0
2620,1,0,256,0,38,0,0,3,0,0,0,10,1320,16458,2870,100,3,0,0
2615,12,7,1280,10,630,13,6,7,1,2,-52,6,1383,17505,161,100,3,0,0
2617,30,24,1792,0,244,8,2,7,1,3,-70,2,1335,11160,66,100,1,0,0
2620,11,5,1024,0,670,30,3,7,1,12,-70,9,912,17615,162,100,1,0,0
2612,17,13,1280,0,115,7,13,6,1,3,-70,1,471,5475,43,100,2,0,0
2620,19,14,1280,20,617,24,25,7,1,8,-52,8,1791,14134,152,100,1,0,0
2618,31,30,2048,10,432,25,306,5,1,8,-52,0,960,6410,153,100,2,1,3
2618,17,13,1280,0,116,7,13,6,1,3,-70,1,590,7100,44,100,1,0,0
2624,4,1,512,70,653,20,12,7,2,3,-61,10,7119,34463,174,100,3,0,0
2621,14,9,1024,10,650,15,25,7,1,4,-52,9,2770,18245,167,100,2,0,0
2622,3,4,768,20,622,19,7,7,1,4,-52,10,2439,20511,173,100,1,0,0
2623,9,4,768,10,620,16,19,7,1,5,-52,9,1707,12475,170,100,0,0,0
2623,5,4,768,0,666,26,2,7,1,8,-52,9,1861,20364,173,100,1,0,0
2620,2,3,1024,0,565,11,10,5,1,1,-52,1,1064,12670,137,100,2,0,0
2622,7,3,1024,30,583,14,12,7,1,4,-70,8,2782,17986,128,100,3,0,0
2625,6,5,1152,10,626,18,4,5,1,5,-52,0,781,14074,168,100,2,0,0
2625,14,9,1024,60,653,15,25,7,1,4,-52,9,1331,7968,168,100,2,0,0
2622,13,7,1024,20,556,16,21,7,1,7,-70,6,2792,20726,129,100,4,0,0
2628,3,4,768,20,623,19,7,7,1,4,-52,10,1630,13217,174,100,1,0,0
2623,18,12,1280,0,52,7,8,7,1,4,-70,3,820,13202,34,100,4,0,0
2624,24,19,1536,0,224,4,26,7,1,2,-52,5,2229,23274,75,100,3,0,0
2625,12,7,1280,0,633,13,6,7,1,2,-52,6,1493,15634,162,100,3,0,0
2624,29,24,1792,10,270,8,11,7,1,4,-52,0,956,10383,65,100,4,0,0
2627,7,3,1024,0,587,14,12,7,1,4,-70,8,2292,13445,128,100,2,0,0
2630,1,0,256,0,38,0,0,3,0,0,0,10,1675,28080,2883,100,1,0,0
2629,4,1,512,60,654,20,12,7,2,3,-61,10,4709,21508,175,100,1,0,0
2628,10,5,768,0,589,15,19,7,1,4,-52,8,1290,17041,169,100,3,1,1
2628,13,7,1024,0,556,16,21,7,1,7,-70,6,718,8713,129,100,2,0,0
2627,11,5,1024,10,672,30,3,7,1,12,-70,9,961,14991,163,100,2,0,0
2601,15,9,1152,70,29,6,9,6,0,4,-70,0,289,7020,17,100,1,0,0
2631,12,7,1280,0,635,13,6,7,1,2,-52,6,769,9280,162,100,1,0,0
2630,2,3,1024,10,567,11,10,5,1,1,-52,1,948,13122,138,100,3,0,0
2631,11,5,1066,10,673,30,3,7,1,12,-70,9,840,11230,163,100,0,0,0
2617,15,9,1152,80,31,6,9,6,0,4,-70,0,453,7468,18,100,3,0,0
2634,1,0,256,0,38,0,0,3,0,0,0,10,806,13889,2890,100,1,0,0
2632,13,7,1024,0,558,16,21,7,1,7,-70,6,676,6946,129,100,0,0,0
2632,5,4,768,0,670,26,2,7,1,8,-52,9,1298,13957,174,100,1,0,0
2634,7,3,1024,30,591,14,12,7,1,4,-70,8,2010,15008,129,100,1,0,0
2633,18,12,1280,0,52,7,8,7,1,4,-70,3,430,11658,34,100,2,0,0
2634,9,4,768,90,621,16,20,7,1,5,-52,9,3930,30946,171,100,4,0,0
2631,19,14,1280,0,623,25,25,7,1,8,-52,8,3121,26354,153,100,5,0,0
2630,29,24,1792,0,273,8,11,7,1,4,-52,0,721,6151,66,100,1,0,0
2629,31,30,2048,0,439,25,310,5,1,8,-52,0,1646,12891,154,100,6,1,3
2634,17,13,1280,10,122,7,13,6,1,3,-70,1,713,7314,45,100,1,0,0
2633,15,9,1024,0,33,6,9,6,1,4,-70,0,1655,11771,19,100,3,0,0
2637,12,7,1280,10,640,13,6,7,1,2,-52,6,1150,9675,163,100,2,0,0
2638,4,1,512,30,656,20,12,7,2,3,-61,10,6384,33395,175,100,2,0,0
2633,30,24,1792,0,249,8,2,7,1,3,-70,2,1214,11206,67,100,2,0,0
2640,2,3,1024,0,570,11,10,5,1,1,-52,1,651,9193,138,100,2,0,0
2635,14,9,1024,0,655,15,26,7,1,4,-52,9,1601,11419,168,100,2,0,0
2635,24,19,1536,0,226,4,26,7,1,2,-52,5,2642,23593,76,100,2,0,0
2637,11,5,1024,0,676,30,3,7,1,12,-70,9,829,13935,164,100,2,0,0
2613,16,11,1454,90,189,14,7,7,0,7,-52,3,1337,13195,67,100,2,0,0
2641,7,3,1024,0,592,14,12,7,1,4,-70,8,1636,12546,129,100,1,0,0
2639,18,12,1280,20,55,7,8,7,1,4,-70,3,808,8704,35,100,2,0,0
2636,31,30,2048,10,442,25,311,5,1,8,-52,0,664,6674,154,100,2,1,3
2639,10,5,768,10,593,15,19,7,1,4,-52,9,1713,18416,170,42,2,1,1
2628,16,11,1454,90,194,14,7,7,0,7,-52,3,552,8994,68,100,1,0,0
2641,15,9,1024,0,35,6,9,6,1,4,-70,0,918,7629,20,100,2,0,0
2638,16,10,1024,50,198,15,7,7,1,8,-70,3,2641,17005,68,100,1,0,0
2641,19,14,1280,20,625,25,25,7,1,8,-52,8,2053,24374,154,100,2,0,0
2642,9,4,768,0,622,16,20,7,2,5,-52,9,3061,20653,171,100,3,0,0
2642,12,7,1280,0,642,13,6,7,1,2,-52,6,1153,10161,163,100,1,0,0
2642,5,4,768,20,671,26,2,7,1,8,-52,9,2868,29119,174,100,1,0,0
2642,24,19,1536,40,227,4,26,7,1,2,-52,5,1459,12992,77,100,2,0,0
2642,17,13,1280,0,124,7,13,6,1,3,-70,1,813,8213,45,100,1,0,0
2645,1,0,256,0,39,0,0,3,0,0,0,10,2533,35388,2905,100,3,0,0
2643,10,5,768,0,594,15,19,7,1,4,-52,10,1607,8727,170,100,1,1,1
2641,29,24,1792,0,276,8,11,7,1,4,-52,0,770,10450,66,100,3,0,0
2648,4,1,512,70,660,21,12,7,3,3,-61,10,7701,39407,176,100,2,0,0
2646,3,4,768,10,624,19,7,7,1,4,-52,10,3180,31141,175,100,2,0,0
2647,12,7,1280,0,643,13,6,7,1,2,-52,6,595,6795,163,100,2,0,0
2646,14,9,1024,0,657,15,26,7,1,4,-52,9,2551,20008,169,100,2,0,0
2646,19,14,1280,0,627,25,25,7,1,8,-52,8,1521,13273,154,100,2,0,0
2647,15,9,1024,0,36,6,9,6,1,4,-70,0,408,5908,20,100,2,0,0
2644,11,5,1036,20,678,30,3,7,1,12,-70,9,682,13669,164,100,1,0,0
2647,5,4,768,0,672,26,2,7,1,8,-52,9,1499,16068,175,100,1,0,0
2648,2,3,1024,10,572,11,10,5,1,1,-52,1,761,10971,139,100,2,0,0
2649,7,3,1024,10,593,14,12,7,1,4,-70,8,1908,17089,130,100,1,0,0
2645,30,24,1792,0,251,8,2,7,1,3,-70,2,1569,15904,68,100,3,0,0
2649,16,10,1024,0,200,16,7,7,1,8,-70,3,1648,18105,68,100,4,0,0
2647,13,7,1024,10,563,16,21,7,1,7,-70,6,993,11449,130,100,1,0,0
2648,29,24,1792,0,277,8,11,7,1,4,-52,0,474,6389,67,100,1,0,0
2648,18,12,1280,0,58,7,8,7,1,4,-70,3,998,11347,35,100,2,0,0
2647,31,30,2048,0,445,25,313,5,1,8,-52,0,916,10536,155,100,4,1,3
2651,11,5,1024,0,679,30,3,7,1,12,-70,9,965,16645,165,100,1,0,0
2653,1,0,256,0,39,0,0,3,0,0,0,10,1687,25241,2913,100,2,0,0
2653,3,4,768,10,625,20,7,7,1,4,-52,10,1939,21250,175,100,1,0,0
2651,24,19,1536,0,229,4,26,7,1,2,-52,5,2186,18742,77,100,3,0,0
2648,17,13,1280,10,125,7,13,6,1,3,-70,1,497,5637,45,100,1,0,0
2653,15,9,1024,0,36,6,9,6,1,4,-70,0,363,6069,21,100,1,0,0
2654,9,4,768,0,629,16,20,7,2,5,-52,10,4309,30627,172,100,4,0,0
2653,21,16,1710,0,709,27,9,7,1,10,-52,5,863,17194,157,100,2,0,0
2652,30,24,1792,0,252,8,2,7,1,3,-70,2,1092,9626,68,100,3,0,0
2656,4,1,512,10,664,21,12,7,3,3,-61,10,7184,34057,176,100,3,0,0
2655,10,5,768,20,597,15,19,7,1,4,-52,10,2650,24174,171,87,2,1,1
2656,14,9,1024,10,657,16,27,7,1,4,-52,9,2598,18869,169,100,3,0,0
2653,16,10,1024,10,202,16,7,7,1,8,-70,3,975,8274,69,100,1,0,0
2628,6,10,1152,30,628,19,4,5,0,6,-70,0,750,7894,168,100,1,0,0
2633,6,10,1152,70,630,20,4,5,0,6,-70,0,568,7183,168,100,3,0,0
2655,2,3,1024,0,574,11,10,5,1,1,-52,1,550,8987,139,100,1,0,0
2657,5,4,768,0,675,27,2,7,1,8,-52,9,3258,30301,175,100,2,0,0
2653,12,7,1280,10,645,13,6,7,1,2,-52,6,1238,11601,164,100,1,0,0
2654,13,7,1024,0,566,16,21,7,1,7,-70,6,1177,10792,131,100,1,0,0
2656,19,14,1280,20,633,25,25,7,1,8,-52,8,2366,22891,155,100,2,0,0
2655,7,3,1024,20,596,14,12,7,1,4,-70,8,2915,17312,130,100,2,0,0
2659,9,4,768,0,630,17,20,7,2,5,-52,10,2308,13789,172,100,1,0,0
2659,15,9,1024,0,37,7,9,6,1,4,-70,0,592,6536,21,100,2,0,0
2653,17,13,1280,0,125,7,13,6,1,3,-70,1,656,6009,46,100,1,0,0
2662,4,1,512,60,668,21,12,7,3,3,-61,10,5822,28416,177,100,2,0,0
2656,18,12,1280,10,60,7,8,7,1,4,-70,3,974,10042,36,100,2,0,0
2659,10,5,768,50,601,15,19,7,1,4,-52,10,1433,10297,171,100,0,1,1
2659,12,7,1280,10,648,13,6,7,1,2,-52,6,900,9313,164,100,2,0,0
2662,3,4,768,30,629,20,7,7,1,4,-52,10,3846,30249,176,100,2,0,0
2658,30,24,1792,0,254,8,2,7,1,3,-70,2,687,7496,69,100,1,0,0
2657,31,30,2048,10,447,25,315,5,1,8,-52,0,761,9252,156,100,4,1,3
2663,1,0,256,0,39,0,0,3,0,0,0,10,2596,36948,2932,100,2,0,0
2662,11,5,1024,0,679,30,3,7,1,12,-70,9,533,18687,165,100,2,0,0
2659,6,10,1024,50,637,20,4,5,1,6,-70,0,1992,16061,170,100,2,0,0
2661,18,12,1280,0,63,7,8,7,1,4,-70,2,910,8811,36,100,2,0,0
2663,19,14,1280,40,635,25,25,7,1,8,-52,8,1978,17069,155,100,3,0,0
2664,14,9,1024,0,657,16,27,7,1,4,-52,9,1927,15852,170,100,2,0,0
2660,16,10,1024,0,203,16,7,7,1,8,-70,3,978,10877,69,100,3,0,0
2660,29,24,1792,10,285,8,11,7,1,4,-52,0,1569,12457,68,100,4,0,0
2661,17,13,1280,10,128,8,14,6,1,3,-70,1,953,8418,46,100,2,0,0
2666,2,3,1024,10,578,11,10,5,1,1,-52,1,940,13845,140,100,2,0,0
2663,21,16,1280,0,714,28,9,7,1,10,-52,5,1071,15979,157,100,3,0,0
2662,24,19,1536,0,231,4,26,7,1,2,-52,5,2710,23565,78,100,3,0,0
2666,5,4,768,20,678,27,2,7,1,8,-52,10,3347,27599,176,100,1,0,0
2664,30,24,1792,0,257,8,2,7,1,3,-70,2,1209,8327,69,100,3,0,0
2666,15,9,1024,0,38,7,9,6,1,4,-70,0,436,6270,21,100,2,0,0
2669,4,1,515,70,671,21,12,7,3,3,-61,10,5716,26039,177,100,2,0,0
2668,9,4,768,0,632,17,20,7,2,5,-52,10,2585,21876,173,100,2,0,0
2664,13,7,1024,0,570,16,21,7,1,7,-70,6,2148,18870,131,100,4,0,0
2666,6,10,1024,30,641,20,4,5,1,6,-70,0,1132,12638,171,100,3,0,0
2667,19,14,1280,10,636,25,25,7,1,8,-52,8,896,10988,155,100,0,0,0
2668,7,3,1024,20,599,14,12,7,1,4,-70,8,3430,25281,131,100,2,0,0
2668,11,5,1024,20,683,30,3,7,1,12,-70,9,852,13511,166,100,1,0,0
2671,3,4,768,60,632,20,7,7,1,4,-52,10,2926,29783,177,100,2,0,0
2672,1,0,256,0,39,0,0,3,0,0,0,10,1991,30434,2944,100,1,0,0
2670,10,5,768,20,607,15,19,7,1,4,-52,10,3479,24069,172,100,2,1,1
2671,5,4,768,0,680,27,2,7,1,8,-52,10,1899,15046,176,100,1,0,0
2671,16,10,1024,0,206,16,7,7,1,8,-70,3,1308,17049,70,100,2,0,0
2666,17,13,1280,10,130,8,14,6,1,3,-70,1,755,5523,47,100,1,0,0
2668,12,7,1280,0,651,13,6,7,1,2,-52,5,1514,15266,165,100,2,0,0
2668,29,24,1792,0,286,8,11,7,1,4,-52,0,593,7946,68,100,2,0,0
2672,21,16,1280,0,719,28,9,7,1,10,-52,5,1181,12628,158,100,4,0,0
2670,18,12,1284,0,66,7,8,7,1,4,-70,2,911,12235,37,100,2,0,0
2672,11,5,1024,10,684,30,3,7,1,12,-70,9,710,11035,166,100,1,0,0
2666,31,30,2048,0,451,25,317,5,1,8,-52,0,1020,9264,156,100,5,1,3
2672,13,7,1024,0,573,16,21,7,1,7,-70,6,1442,13778,132,100,2,0,0
2673,9,4,768,20,635,17,20,7,2,5,-52,10,1993,15311,173,100,2,0,0
2673,15,9,1024,0,38,7,9,6,1,4,-70,0,598,7648,22,100,2,0,0
2674,6,10,1024,0,644,20,4,5,1,6,-70,0,1089,13650,171,100,1,0,0
2674,14,9,1024,10,659,16,27,7,1,4,-52,9,2427,17532,171,100,3,0,0
2674,17,13,1280,10,133,8,14,6,1,3,-70,1,836,8563,47,100,2,0,0
2674,19,14,1280,10,641,25,25,7,1,8,-52,8,1672,14951,156,100,3,0,0
2675,18,12,1280,0,68,7,8,7,1,4,-70,2,493,6304,37,100,2,0,0
2678,3,4,768,30,633,20,7,7,1,4,-52,10,2307,23888,177,100,1,0,0
2678,1,0,256,0,39,0,0,3,0,0,0,10,1370,19749,2951,100,1,0,0
2676,16,10,1024,10,207,16,7,7,1,8,-70,3,625,8278,70,100,0,0,0
2677,2,3,1024,0,580,11,10,5,1,1,-52,1,856,14357,141,100,3,0,0
2677,12,7,1280,0,653,13,6,7,1,2,-52,5,1204,14406,165,100,2,0,0
2678,9,4,768,0,636,17,20,7,2,5,-52,10,1654,12734,174,100,0,0,0
2678,5,4,768,0,682,27,2,7,1,8,-52,10,1944,21627,177,100,2,0,0
2679,7,3,1024,20,603,14,12,7,1,4,-70,8,3138,24164,132,100,2,0,0
2680,4,1,512,20,674,21,12,7,3,3,-61,10,11990,51226,178,100,2,0,0
2679,14,9,1024,0,661,16,28,7,1,4,-52,9,1164,9936,171,100,3,0,0
2679,13,7,1024,20,576,16,21,7,1,7,-70,6,1059,11673,132,100,2,0,0
2681,10,5,768,0,609,15,19,7,1,4,-52,10,2220,22789,173,100,2,1,1
2679,17,13,1280,10,135,8,14,6,1,3,-70,1,632,5451,48,100,1,0,0
2681,11,5,1024,10,685,30,3,7,1,12,-70,9,722,17579,167,100,2,0,0
2683,5,4,768,0,683,27,2,7,1,8,-52,10,1424,13667,177,100,0,0,0
2684,3,4,768,30,636,20,7,7,1,4,-52,10,2467,20568,177,100,1,0,0
2682,6,10,1024,0,647,20,4,5,1,6,-70,0,887,12291,172,100,3,0,0
2683,15,9,1024,0,40,7,9,6,1,4,-70,0,692,10181,23,100,3,0,0
2682,16,10,1024,30,209,16,7,7,1,8,-70,4,807,10481,71,100,2,0,0
2682,21,16,1280,0,721,28,9,7,1,10,-52,6,1005,15294,158,100,3,0,0
2684,17,13,1280,0,141,8,14,6,1,3,-70,1,965,6099,48,100,1,0,0
2685,9,4,768,0,637,17,20,7,2,5,-52,10,1474,16091,174,100,2,0,0
2686,2,3,1024,0,584,11,10,5,1,1,-52,1,1109,11523,141,100,2,0,0
2687,13,7,1024,0,579,16,21,7,1,7,-70,6,1739,12879,133,100,2,0,0
2685,19,14,1280,0,644,25,26,7,1,8,-52,10,1514,23396,157,100,4,0,0
2688,14,9,1032,20,662,16,28,7,1,4,-52,10,1445,15316,172,100,1,0,0
2689,12,7,1280,10,659,13,6,7,1,2,-52,5,1781,19298,166,100,3,0,0
2689,1,0,256,0,39,0,0,3,0,0,0,10,2533,39255,2966,100,2,0,0
2689,4,1,512,10,674,21,12,7,3,3,-61,10,6686,37862,179,100,1,0,0
2691,7,3,1024,0,607,14,12,7,1,4,-70,8,3173,25071,132,100,3,0,0
2691,10,5,768,20,615,15,19,7,1,4,-52,10,2859,23363,173,100,3,1,1
2692,5,4,768,20,685,27,2,7,1,8,-52,10,2398,24106,178,100,2,0,0
2691,9,4,768,0,638,17,20,7,2,5,-52,10,1430,14276,175,100,2,0,0
2690,11,5,1024,0,687,30,3,7,1,12,-70,9,1003,19094,167,100,1,0,0
2689,21,16,1280,0,724,28,9,7,1,10,-52,6,872,11190,159,100,2,0,0
2692,17,13,1280,10,145,8,15,6,1,3,-70,1,1373,8479,48,100,4,0,0
2692,15,9,1024,0,41,7,9,6,1,4,-70,0,872,9217,23,100,1,0,0
2691,19,14,1280,0,646,25,26,7,1,8,-52,10,634,12132,157,100,2,0,0
2692,16,10,1024,0,211,16,7,7,1,8,-70,4,1668,16968,71,100,1,0,0
2692,6,10,1024,0,650,20,4,5,1,6,-70,0,1052,17170,172,100,3,0,0
2694,4,1,512,0,676,21,12,7,3,3,-61,10,3641,18159,179,100,1,0,0
2695,3,4,768,0,638,20,7,7,1,4,-52,10,3139,35572,178,100,2,0,0
2695,11,5,1024,0,688,30,3,7,1,12,-70,9,559,8656,168,100,1,0,0
2696,2,3,1024,0,586,11,10,5,1,1,-52,1,731,12297,142,100,2,0,0
2697,5,4,768,10,686,27,2,7,1,8,-52,10,1708,15886,178,100,1,0,0
2698,7,3,1024,20,610,14,12,7,1,4,-70,8,1752,13988,133,100,2,0,0
2697,1,0,256,0,39,0,0,3,0,0,0,10,1333,25732,2971,100,2,0,0
2697,14,9,1024,0,666,17,28,7,1,4,-52,10,1425,15431,172,100,3,0,0
2698,12,7,1280,0,661,13,6,7,1,2,-52,5,1056,15495,167,100,2,0,0
2696,10,5,768,10,616,15,19,7,1,4,-52,10,1464,13885,174,100,2,1,1
2701,4,1,512,30,680,21,12,7,3,3,-61,10,4948,27351,179,100,2,0,0
2699,13,7,1280,10,585,17,21,7,1,7,-70,6,2193,20252,133,100,3,0,0
2701,3,4,768,40,639,20,7,7,1,4,-52,10,1945,20263,179,100,1,0,0
2700,19,14,1280,0,649,26,26,7,1,8,-52,10,1540,17324,158,100,3,0,0
2702,9,4,768,10,645,17,20,7,2,5,-52,10,3217,28175,175,100,3,0,0
2701,2,3,1024,10,587,11,10,5,1,1,-52,1,415,5640,142,100,0,0,0
2702,1,0,256,0,39,0,0,3,0,0,0,10,1270,16921,2981,100,1,0,0
2701,14,9,1024,0,667,17,28,7,1,4,-52,10,919,8594,173,100,0,0,0
2700,16,10,1024,30,214,16,7,7,1,8,-70,4,1044,13099,72,100,2,0,0
2700,17,13,1280,10,146,8,15,6,1,3,-70,1,579,8829,49,100,1,0,0
2702,7,3,1024,0,610,14,12,7,1,4,-70,8,1271,9165,133,100,1,0,0
2704,13,7,1280,0,586,17,21,7,1,7,-70,6,1107,8371,134,100,2,0,0
2702,15,9,1024,10,47,8,9,6,1,4,-70,0,1546,11397,24,100,3,0,0
2699,21,16,1280,0,728,28,9,7,1,10,-52,6,1330,16118,160,100,4,0,0
2703,10,5,768,10,620,15,19,7,1,4,-52,10,2292,17543,174,100,1,1,1
2704,19,14,1280,0,649,26,27,7,1,8,-52,10,254,8038,158,100,1,0,0
2702,6,10,1024,10,653,20,4,5,1,6,-70,0,1137,18004,173,100,2,0,0
2706,1,0,256,0,39,0,0,3,0,0,0,10,1028,14425,2985,100,0,0,0
2707,5,4,768,0,692,27,2,7,1,8,-52,10,3343,30688,179,100,3,0,0
2707,17,13,1280,0,149,8,15,6,1,3,-70,1,859,7171,49,100,2,0,0
2706,11,5,1024,0,691,30,3,7,1,12,-70,9,1281,19622,168,100,2,0,0
2709,16,10,1024,0,217,16,7,7,1,8,-70,4,1391,13837,72,100,1,0,0
2709,12,7,1280,0,664,13,6,7,1,2,-52,5,804,15180,168,100,3,0,0
2710,3,4,768,0,640,20,7,7,1,4,-52,10,2707,28332,179,100,2,0,0
2711,2,3,1024,10,589,11,10,5,1,1,-52,1,968,12822,143,100,2,0,0
2711,4,1,512,0,683,21,12,7,3,3,-61,10,6717,37220,180,100,1,0,0
2711,7,3,1024,0,613,14,12,7,1,4,-70,8,2003,18156,134,100,3,0,0
2710,14,9,1024,30,669,17,28,7,1,4,-52,10,1187,14968,173,100,2,0,0
2711,15,9,1024,0,48,8,9,6,1,4,-70,0,691,9642,25,100,2,0,0
2712,13,7,1280,0,587,17,21,7,1,7,-70,6,1042,13533,134,100,2,0,0
2712,1,0,256,0,39,0,0,3,0,0,0,10,932,20075,2990,100,2,0,0
2709,19,14,1280,10,652,26,27,7,1,8,-52,10,716,8451,158,100,1,0,0
2710,11,5,1024,10,694,30,3,7,1,12,-70,9,642,9236,169,100,1,0,0
2713,17,13,1280,10,151,8,15,6,1,3,-70,1,1151,7457,50,100,2,0,0
2714,9,4,768,10,649,17,20,7,2,5,-52,10,2813,29173,176,100,3,0,0
2714,5,4,768,10,695,27,2,7,1,8,-52,10,1821,21827,179,100,2,0,0
2712,21,16,1280,0,732,28,9,7,1,10,-52,6,1017,16923,160,100,3,0,0
2713,10,5,768,0,621,15,19,7,1,4,-52,10,1941,21236,175,100,2,1,1
2715,3,4,768,0,641,20,7,7,1,4,-52,10,1608,14288,179,100,1,0,0
2716,4,1,512,0,683,21,12,7,3,3,-61,10,3297,18316,180,100,1,0,0
2714,6,10,1024,0,657,20,4,5,1,6,-70,0,1088,20330,174,100,3,0,0
2718,12,7,1280,0,665,13,6,7,1,2,-52,5,734,12391,168,100,1,0,0
2718,2,3,1024,10,590,11,10,5,1,1,-52,1,540,9198,143,100,2,0,0
2718,1,0,256,0,39,0,0,3,0,0,0,10,1197,19431,2998,100,1,0,0
2715,16,10,1024,0,219,16,7,7,1,8,-70,4,1070,12104,73,100,2,0,0
2719,7,3,1024,10,613,14,12,7,1,4,-70,8,1511,16269,134,100,1,0,0
2718,21,16,1280,0,736,28,9,7,1,10,-52,6,1038,10655,161,100,3,0,0
2720,14,9,1024,0,671,17,28,7,1,4,-52,10,1889,17440,174,100,2,0,0
2720,19,14,1280,0,654,26,27,7,1,8,-52,10,1184,20787,159,100,3,0,0
2723,15,9,1024,10,52,8,9,6,1,4,-70,0,676,10664,25,100,1,0,0
2721,13,7,1280,0,590,17,21,7,1,7,-70,6,1488,16993,135,100,2,0,0
2725,9,4,768,0,651,17,20,7,2,5,-52,10,2458,29434,177,100,2,0,0
2724,3,4,768,10,644,20,7,7,1,4,-52,10,2471,29411,180,100,2,0,0
2723,5,4,768,20,696,27,2,7,1,8,-52,10,2379,30756,180,100,2,0,0
2725,4,1,512,10,686,21,12,7,3,3,-61,10,5627,35239,181,100,2,0,0
2724,16,10,1024,0,222,16,7,7,1,8,-70,4,1706,15519,73,100,1,0,0
2724,6,10,1024,0,657,20,4,5,1,6,-70,0,533,19652,174,100,2,0,0
2724,17,13,1280,10,154,8,15,6,1,3,-70,1,1171,11895,50,100,2,0,0
2722,10,5,768,0,627,15,19,7,1,4,-52,10,2882,22595,175,100,2,1,1
2723,11,5,1024,0,695,30,3,7,1,12,-70,9,784,20254,169,100,2,0,0
2728,13,7,1280,0,591,17,21,7,1,7,-70,6,1445,11204,135,100,1,0,0
2728,12,7,1280,0,669,13,6,7,1,2,-52,5,934,17148,169,100,3,0,0
2729,2,3,1024,10,592,11,10,5,1,1,-52,1,866,14115,144,100,2,0,0
2730,1,0,256,0,39,0,0,3,0,0,0,10,1872,37866,3007,100,2,0,0
2729,10,4,768,60,631,17,19,7,1,5,-70,10,2096,18109,175,100,2,1,1
2731,7,3,1024,10,615,14,12,7,1,4,-70,8,2959,24796,135,100,2,0,0
2732,15,9,1024,0,54,8,9,7,1,4,-70,0,1189,11047,26,100,2,0,0
2727,21,16,1280,20,740,28,9,7,1,10,-52,6,982,13353,161,100,3,0,0
2732,9,4,768,0,653,17,20,7,2,5,-52,10,1559,19615,177,100,1,0,0
2732,5,4,768,0,701,27,2,7,1,8,-52,10,2399,29250,180,100,2,0,0
2733,3,4,768,10,646,20,7,7,1,4,-52,10,2812,33082,181,100,1,0,0
2730,16,10,1024,0,223,16,7,7,1,8,-70,4,1177,11047,74,100,1,0,0
2731,21,16,1280,0,740,28,9,7,1,10,-52,6,356,6584,162,100,0,0,0
2736,7,3,1024,20,615,14,12,7,1,4,-70,8,931,8777,135,100,1,0,0
2735,6,10,1024,0,660,20,4,5,1,6,-70,0,1048,17429,175,100,2,0,0
2736,1,0,256,0,39,0,0,3,0,0,0,10,1222,19221,3015,100,1,0,0
2736,4,1,512,0,688,21,12,7,3,3,-61,10,7322,40042,182,100,2,0,0
2735,11,5,1024,0,699,30,3,7,1,12,-70,9,1267,21088,170,100,4,0,0
2735,21,16,1280,0,741,28,9,7,1,10,-52,6,423,7275,162,100,1,0,0
2737,9,4,768,0,655,17,21,7,2,5,-52,10,1021,12711,178,100,2,0,0
2735,17,13,1536,10,158,8,15,6,1,3,-70,1,925,11347,51,100,3,0,0
2736,12,7,1280,0,670,13,6,7,1,2,-52,5,797,12168,169,100,2,0,0
2738,16,10,1024,0,224,16,7,7,1,8,-70,4,1073,11307,74,100,2,0,0
2739,5,4,768,0,702,27,2,7,1,8,-52,10,1436,20819,181,100,2,0,0
2737,2,3,1024,0,594,11,10,5,1,1,-52,1,939,12023,145,100,3,0,0
2738,13,7,1280,10,595,17,21,7,1,7,-70,6,1482,17282,136,100,3,0,0
2741,3,4,768,30,648,20,7,7,1,4,-52,8,2242,22977,181,100,2,0,0
2740,10,4,768,10,636,17,19,7,1,5,-70,10,3360,26838,175,100,3,1,1
2742,15,9,1024,20,59,8,9,7,1,4,-70,0,1616,11592,27,100,2,0,0
2742,12,7,1280,0,670,13,6,7,1,2,-52,3,583,8499,170,100,1,0,0
2742,2,3,1024,0,596,11,10,5,1,1,-52,1,487,5951,145,100,0,0,0
2743,11,5,1024,10,701,30,3,7,1,12,-70,9,635,15915,171,100,1,0,0
2745,4,1,512,30,689,21,12,7,3,3,-61,10,5475,33888,182,100,1,0,0
2746,5,4,768,0,705,27,2,7,1,8,-52,10,1197,19084,181,100,1,0,0
2746,1,0,256,0,39,0,0,3,0,0,0,10,1331,32820,3024,100,2,0,0
2741,21,16,1280,0,744,28,9,7,1,10,-52,6,738,9101,162,100,2,0,0
2746,9,4,768,10,659,17,21,7,2,5,-52,10,1840,23217,178,100,3,0,0
2747,2,3,1024,0,597,11,10,5,1,1,-52,1,369,5519,145,100,1,0,0
2744,7,3,1024,40,619,14,12,7,1,4,-70,6,3246,23195,136,100,3,0,0
2745,6,10,1024,0,665,21,4,5,1,6,-70,0,1235,18716,176,100,2,0,0
2743,17,13,1536,0,159,9,15,6,1,3,-70,1,961,10285,52,100,1,0,0
2749,16,10,1024,0,226,16,7,7,1,8,-70,4,1780,20159,75,100,2,0,0
2748,11,5,1024,0,703,30,3,7,1,12,-70,9,479,8756,171,100,1,0,0
2745,13,7,1280,0,598,17,22,7,1,7,-70,6,1346,12916,137,100,2,0,0
2750,10,4,768,0,640,17,19,7,1,5,-70,10,3080,23994,176,100,3,1,1
2750,15,9,1024,0,62,8,9,7,1,4,-70,0,978,9931,27,100,3,0,0
2751,3,4,768,10,652,20,7,7,1,4,-52,9,3743,36198,182,100,3,0,0
2752,6,10,1024,10,669,21,4,5,1,6,-70,0,869,11704,176,100,2,0,0
2751,12,7,1280,0,672,13,6,7,1,2,-52,3,677,12619,170,100,2,0,0
2754,1,0,256,0,39,0,0,3,0,0,0,10,1363,25597,3031,100,1,0,0
2753,21,16,1280,0,749,28,9,7,1,10,-52,6,1377,19398,163,100,3,0,0
2753,7,3,1024,30,622,14,12,7,1,4,-70,7,2613,17839,137,100,3,0,0
2755,15,9,1024,0,64,8,9,7,1,4,-70,0,664,5777,27,100,2,0,0
2750,13,7,1280,0,598,17,22,7,1,7,-70,6,655,8004,137,100,1,0,0
2757,4,1,512,20,691,21,12,7,3,3,-61,10,6621,40687,183,100,2,0,0
2756,5,4,768,10,706,27,2,7,1,8,-52,10,1260,29794,182,100,2,0,0
2756,9,4,768,0,663,17,21,7,2,5,-52,10,1743,21112,179,100,3,0,0
2728,25,21,1664,90,54,6,5,7,0,3,-70,0,567,9864,25,100,3,0,0
2754,17,13,1536,10,162,9,15,6,1,3,-70,3,1198,11587,52,100,2,0,0
2758,11,5,1024,10,706,30,3,7,1,12,-70,9,1167,17337,172,100,2,0,0
2759,10,4,768,40,642,17,19,7,1,5,-70,10,2137,20839,177,100,2,1,1
2756,13,7,1280,0,599,17,22,7,1,7,-70,6,1785,12249,137,100,1,0,0
2760,5,4,768,0,707,27,2,7,1,8,-52,10,1239,14819,182,100,1,0,0
2761,1,0,256,0,39,0,0,3,0,0,0,10,1223,22415,3040,100,2,0,0
2760,3,4,768,30,655,20,7,7,1,4,-52,9,3337,30434,183,100,2,0,0
2740,25,21,1664,100,55,6,5,7,0,3,-70,0,477,9836,26,100,3,0,0
2761,9,4,768,10,666,17,21,7,2,5,-52,10,1244,13157,179,100,1,0,0
2761,15,9,1024,0,64,8,9,7,1,4,-70,1,556,6634,28,100,1,0,0
2758,2,3,1024,0,601,11,10,5,1,1,-52,1,1108,13755,146,100,2,0,0
2748,25,21,1664,100,56,6,5,7,0,3,-70,0,318,7526,26,100,2,0,0
2757,25,21,1575,20,58,6,6,7,1,3,-70,0,1301,9712,27,100,4,0,0
2762,7,3,1024,20,626,14,12,7,1,4,-70,7,2842,20936,137,100,1,0,0
2761,12,7,1280,0,676,13,6,7,1,2,-52,3,1018,15660,171,100,3,0,0
2765,4,1,512,40,692,21,12,7,2,3,-61,10,6293,33812,184,100,2,0,0
2760,6,10,1024,10,672,21,4,5,1,6,-70,0,835,15395,177,100,2,0,0
2761,16,10,1024,30,229,16,7,7,1,8,-70,4,2459,20666,76,100,2,0,0
2764,11,5,1024,0,707,30,3,7,1,12,-70,9,580,11248,172,100,1,0,0
2763,2,3,1024,10,603,11,10,5,1,1,-52,1,590,6732,147,100,1,0,0
2767,1,0,256,0,39,0,0,3,0,0,0,10,1252,19613,3047,100,1,0,0
2766,15,9,1024,0,66,8,9,7,1,4,-70,1,606,5349,28,100,1,0,0
2764,13,7,1280,0,601,17,22,7,1,7,-70,6,1013,12397,138,100,2,0,0
2763,17,13,1536,10,166,9,15,6,1,3,-70,3,1242,11122,53,100,2,0,0
2768,10,4,768,50,645,17,19,7,1,5,-70,10,3279,23586,177,100,1,1,1
2765,6,10,1024,0,672,21,4,5,1,6,-70,0,371,7463,177,100,1,0,0
2766,12,7,1280,10,678,13,6,7,1,2,-52,3,520,10021,171,100,2,0,0
2769,3,4,768,10,658,20,7,7,1,4,-52,10,3162,27966,183,100,2,0,0
2767,17,13,1536,0,170,9,15,7,1,3,-70,4,880,5000,53,100,1,0,0
2769,9,4,768,10,670,17,21,7,2,5,-52,10,1495,16791,180,100,2,0,0
2766,16,10,1024,0,230,16,7,7,1,8,-70,4,886,10188,76,100,1,0,0
2770,5,4,768,0,711,27,3,7,1,8,-52,10,1608,28427,183,100,3,0,0
2768,25,21,1536,0,60,6,6,7,1,3,-70,0,975,11421,27,100,4,0,0
2770,7,3,1024,20,630,14,12,7,1,4,-70,8,2697,18504,138,100,3,0,0
2773,1,0,256,0,39,0,0,3,0,0,0,10,753,16139,3049,100,1,0,0
2770,21,16,1280,30,754,28,9,7,1,10,-52,6,1220,13514,164,100,2,0,0
2772,11,5,1024,10,709,30,3,7,1,12,-70,9,822,14448,173,100,2,0,0
2771,13,7,1298,10,605,17,23,7,1,7,-70,6,1864,12479,138,100,2,0,0
2776,15,9,1024,10,67,8,9,7,1,4,-70,1,973,10935,29,100,2,0,0
2777,4,1,512,10,696,21,12,7,2,3,-61,10,7461,42821,184,100,4,0,0
2749,22,17,1664,90,21,5,13,7,0,3,-52,0,682,9863,6,100,4,0,0
2777,10,4,768,10,647,17,19,7,1,5,-70,10,2612,23366,178,25,2,1,1
2778,9,4,768,0,673,17,22,7,2,5,-52,10,2069,19518,180,100,3,0,0
2773,17,13,1536,60,174,9,15,7,1,3,-70,4,1804,9809,54,100,1,0,0
2775,25,21,1536,0,61,6,6,7,1,3,-70,0,606,7925,28,100,2,0,0
2778,11,5,1024,0,709,30,3,7,1,12,-70,9,373,9669,173,100,1,0,0
2780,1,0,256,0,39,0,0,3,0,0,0,10,1160,21130,3056,100,1,0,0
2779,3,4,768,50,661,20,7,7,1,4,-52,10,4087,35438,184,100,2,0,0
2780,5,4,768,0,716,27,3,7,1,8,-52,10,1909,28212,184,100,1,0,0
2761,22,17,1664,90,22,5,13,7,0,3,-52,0,442,6947,7,100,2,0,0
2778,7,3,1024,70,631,14,12,7,1,4,-70,8,2606,17943,138,100,1,0,0
2776,12,7,1280,10,681,13,6,7,1,2,-52,3,886,14789,172,100,2,0,0
2771,22,17,1536,30,24,5,13,7,1,3,-52,0,1533,9532,8,100,4,0,0
2785,4,1,512,30,701,21,12,7,2,3,-61,10,5504,30086,185,100,1,0,0
2782,25,21,1536,0,62,6,6,7,1,3,-70,0,671,6613,29,100,2,0,0
2775,22,17,1536,0,26,5,13,7,1,3,-52,0,574,4909,8,100,2,0,0
2780,17,13,1536,0,177,9,15,7,1,3,-70,4,1480,10835,54,100,1,0,0
2782,13,7,1280,0,606,17,23,7,1,7,-70,6,3063,22127,139,100,2,0,0
2783,12,7,1280,30,683,13,6,7,1,2,-52,3,648,10756,172,100,1,0,0
2786,15,9,1024,0,67,8,9,7,1,4,-70,1,749,11107,30,100,2,0,0
2786,7,3,1024,10,634,14,12,7,1,4,-70,8,3115,19623,139,100,2,0,0
2788,1,0,256,0,39,0,0,3,0,0,0,10,1336,25017,3063,100,2,0,0
2787,10,4,768,10,654,17,19,7,1,5,-70,10,2434,25005,178,42,2,1,1
2788,9,4,768,0,676,17,22,7,2,5,-52,10,1699,21528,181,100,2,0,0
2788,5,4,768,10,720,27,3,7,1,8,-52,9,1618,25137,184,100,2,0,0
2789,3,4,768,20,664,20,7,7,1,4,-52,10,3927,33089,184,100,1,0,0
2788,2,3,1024,0,609,11,10,5,1,1,-52,1,944,12671,148,100,2,0,0
2788,11,5,1024,0,713,30,3,7,1,12,-70,9,1130,18363,174,100,2,0,0
2789,12,7,1280,0,684,13,6,7,1,2,-52,3,726,10238,173,100,1,0,0
2789,13,7,1280,10,608,17,23,7,1,7,-70,6,1306,13257,140,100,2,0,0
2793,5,4,768,0,721,27,3,7,1,8,-52,9,914,12675,184,100,0,0,0
2794,9,4,768,0,676,17,23,7,2,5,-52,10,536,11585,181,100,2,0,0
2790,25,21,1536,0,63,6,6,7,1,3,-70,0,578,8516,29,100,3,0,0
2793,15,9,1024,10,69,8,9,7,1,4,-70,1,928,7174,30,100,2,0,0
2795,4,1,512,0,702,21,12,7,2,3,-61,10,6442,39187,186,100,2,0,0
2796,10,4,768,20,659,17,19,7,1,5,-70,10,1907,17703,179,33,1,1,1
2796,1,0,256,0,39,0,0,3,0,0,0,10,1472,23697,3074,100,1,0,0
2796,7,3,1024,20,635,14,12,7,1,4,-70,8,2722,21084,140,100,2,0,0
2795,16,10,1024,0,237,16,7,7,1,8,-70,4,2216,19829,78,100,2,0,0
2796,2,3,1024,0,611,11,10,5,1,1,-52,1,633,11016,149,100,1,0,0
2793,13,7,1280,10,610,17,23,7,1,7,-70,6,479,7785,140,100,0,0,0
2795,21,16,1280,0,765,28,9,7,1,10,-52,6,1056,15710,166,100,1,0,0
2797,11,5,1024,0,715,30,3,7,1,12,-70,9,579,14947,174,100,1,0,0
2798,15,9,1024,0,72,8,9,7,1,4,-70,1,736,5197,30,100,1,0,0
2800,10,4,768,0,660,17,19,7,1,5,-70,10,1530,12125,179,50,1,1,1
2799,16,10,1024,10,237,16,7,7,1,8,-70,4,1702,9386,79,100,1,0,0
2801,3,4,768,10,668,20,7,7,1,4,-52,10,3579,35681,185,100,2,0,0
2802,9,4,768,10,681,17,24,7,2,5,-52,10,1708,18737,182,100,2,0,0
2799,12,7,1280,0,690,13,6,7,1,2,-52,3,1212,16230,173,100,3,0,0
2802,21,16,1280,0,768,28,9,7,1,10,-52,6,991,11361,166,100,2,0,0
2800,2,3,1024,10,612,11,10,5,1,1,-52,1,370,5767,149,100,1,0,0
2803,7,3,1024,0,635,14,12,7,1,4,-70,8,1225,13413,140,100,1,0,0
2805,1,0,256,0,39,0,0,3,0,0,0,10,1139,24880,3080,100,2,0,0
2805,5,4,768,0,723,27,3,7,1,8,-52,9,1431,33472,185,100,3,0,0
2806,4,1,512,10,707,21,12,7,2,3,-61,10,5711,35855,186,100,2,0,0
2804,13,7,1280,0,613,17,24,7,1,7,-70,6,1207,16348,141,100,3,0,0
2807,9,4,768,0,683,17,24,7,2,5,-52,10,991,10576,182,100,1,0,0
2806,11,5,1024,0,718,30,3,7,1,12,-70,9,918,16475,175,100,2,0,0
2809,10,4,768,30,661,17,19,7,1,5,-70,10,1576,19089,180,71,1,1,1
2809,1,0,256,0,39,0,0,3,0,0,0,10,875,12958,3085,100,0,0,0
2808,2,3,1024,0,615,11,10,5,1,1,-52,1,688,8302,150,100,1,0,0
2810,15,9,1024,0,75,8,9,7,1,4,-70,1,919,11961,31,100,3,0,0
2804,25,21,1536,0,66,6,6,7,1,3,-70,0,458,8078,30,100,2,0,0
2811,5,4,768,0,723,27,3,7,1,8,-52,9,1089,16470,186,100,1,0,0
2813,3,4,768,10,675,20,7,7,1,4,-52,10,3849,32607,186,100,2,0,0
2810,25,21,1536,0,66,6,6,7,1,3,-70,0,611,6226,30,100,1,0,0
2810,13,7,1280,10,614,17,24,7,1,7,-70,6,396,8869,141,100,1,0,0
2811,12,7,1280,0,690,13,6,7,1,2,-52,3,541,16832,174,100,2,0,0
2815,4,1,512,50,714,21,12,7,3,3,-61,10,6518,37321,187,100,2,0,0
2814,16,10,1024,0,243,16,7,7,1,8,-70,4,1007,8593,80,100,1,0,0
2815,2,3,1024,0,618,11,10,5,1,1,-52,1,756,8652,150,100,2,0,0
2814,7,3,1024,0,640,14,12,7,1,4,-70,8,2350,22591,141,100,2,0,0
2818,10,4,768,0,662,17,19,7,1,5,-70,10,1814,21175,180,50,2,1,1
2816,11,5,1024,0,721,30,3,7,1,12,-70,9,885,17359,175,100,2,0,0
2819,9,4,768,0,685,17,24,7,2,5,-52,10,1275,25148,183,100,2,0,0
2819,1,0,256,0,39,0,0,3,0,0,0,10,1774,32391,3092,100,2,0,0
2820,5,4,768,0,723,27,3,7,1,8,-52,9,947,24876,186,100,2,0,0
2819,15,9,1024,10,78,8,9,7,1,4,-70,1,943,11060,32,100,1,0,0
2820,7,3,1024,0,640,14,12,7,1,4,-70,8,1255,12466,141,100,1,0,0
2821,2,3,1024,10,619,11,10,5,1,1,-52,1,534,7602,151,100,1,0,0
2819,16,10,1024,0,245,16,7,7,1,8,-70,4,887,8968,80,100,2,0,0
2822,3,4,768,20,676,20,7,7,1,4,-52,10,2622,25830,187,100,2,0,0
2819,13,7,1280,10,615,17,24,7,1,7,-70,6,799,14698,142,100,2,0,0
2823,15,9,1024,0,80,8,9,7,1,4,-70,1,523,5297,32,100,1,0,0
2825,9,4,768,0,686,17,24,7,2,5,-52,10,895,12600,183,100,1,0,0
2825,10,4,787,40,663,17,19,7,1,5,-70,10,1878,17930,181,57,1,1,1
2823,12,7,1280,0,694,13,6,7,1,2,-52,3,1121,18165,175,100,3,0,0
2825,4,1,512,10,719,21,12,7,3,3,-61,10,5707,33412,188,100,4,0,0
2825,7,3,1024,20,642,14,12,7,1,4,-70,8,1320,10380,142,100,1,0,0
2827,3,4,768,20,677,20,7,7,1,4,-52,10,1293,13363,187,100,1,0,0
2821,6,10,1024,0,690,21,4,5,1,6,-70,0,758,9641,181,100,1,0,0
2824,13,7,1280,0,615,17,24,7,1,7,-70,6,314,6851,142,100,1,0,0
2824,21,16,1280,0,777,28,9,7,1,10,-52,6,1757,18885,168,100,4,0,0
2825,2,3,1024,20,620,11,10,5,1,1,-52,1,454,5696,151,100,1,0,0
2829,5,4,768,10,726,27,3,7,1,8,-52,9,1340,27426,187,100,1,0,0
2828,11,5,1024,0,727,30,3,7,1,12,-70,9,1556,21434,176,100,2,0,0
2830,1,0,256,0,39,0,0,3,0,0,0,10,2003,35794,3103,100,2,0,0
2830,10,4,768,0,664,17,19,7,1,5,-70,10,1228,12985,181,33,1,1,1
2832,9,4,768,0,688,17,24,7,2,5,-52,10,1014,16234,184,100,2,0,0
2832,4,1,512,10,719,21,12,7,3,3,-61,10,3632,23905,188,100,1,0,0
2834,3,4,768,10,678,20,7,7,1,4,-52,10,1191,16140,187,100,1,0,0
2832,2,3,1024,0,622,11,10,5,1,1,-52,1,774,8947,151,100,1,0,0
2835,7,3,1024,30,645,14,12,7,1,4,-70,9,1638,18154,142,100,3,0,0
2835,15,9,1024,0,84,8,9,7,1,4,-70,1,1155,12518,33,100,4,0,0
2837,4,1,512,20,721,21,12,7,3,3,-61,10,2312,16089,189,100,2,0,0
2837,1,0,256,0,39,0,0,3,0,0,0,10,979,22086,3109,100,2,0,0
2833,12,7,1280,0,696,13,6,7,1,2,-52,3,652,15808,176,100,2,0,0
2834,10,4,768,10,665,17,19,7,1,5,-70,10,843,9365,182,0,1,1,1
2839,9,4,768,0,690,17,24,7,2,5,-52,10,882,13528,184,100,2,0,0
2835,13,7,1280,0,616,17,25,7,1,7,-70,7,893,17884,143,100,3,0,0
2839,5,4,768,10,729,27,3,7,1,8,-52,9,1645,27413,187,100,2,0,0
2835,21,16,1280,40,782,28,9,7,1,10,-52,6,1677,14039,168,100,2,0,0
2840,15,9,1024,0,87,8,9,7,1,4,-70,1,723,5101,33,100,1,0,0
2842,11,5,1024,0,730,30,3,7,1,12,-70,9,1018,20207,177,100,2,0,0
2842,16,10,1024,0,252,16,7,7,1,8,-70,4,1722,12964,81,100,1,0,0
2842,3,4,768,10,678,20,7,7,1,4,-52,10,2016,20851,188,100,2,0,0
2842,12,7,1280,0,702,13,6,7,1,2,-52,3,1092,13337,176,100,3,0,0
2842,10,4,768,0,669,17,19,7,1,5,-70,10,2380,19746,182,37,2,1,1
2843,2,3,1024,10,625,11,10,5,1,1,-52,1,1070,13970,152,100,2,0,0
2842,6,10,1024,20,694,21,4,5,1,6,-70,0,783,15840,182,100,2,0,0
2843,13,7,1280,0,620,17,25,7,1,7,-70,7,1174,13095,143,100,1,0,0
2845,4,1,512,10,725,21,12,7,3,3,-61,10,5423,30391,189,100,2,0,0
2844,25,21,1536,0,70,6,6,7,1,3,-70,0,602,9198,32,100,2,0,0
2846,15,9,1024,0,90,8,9,7,1,4,-70,1,1094,6734,33,100,1,0,0
2845,7,3,1024,0,649,14,12,7,1,4,-70,9,2499,22754,143,100,2,0,0
2847,1,0,256,0,39,0,0,3,0,0,0,10,1462,31875,3119,100,1,0,0
2848,11,5,1024,0,733,30,3,7,1,12,-70,9,848,10953,177,100,1,0,0
2847,6,10,1024,0,695,21,4,5,1,6,-70,0,502,9724,182,100,1,0,0
2848,16,10,1024,0,253,16,7,7,1,8,-70,4,1036,10406,82,100,2,0,0
2848,5,4,768,10,730,27,3,7,1,8,-52,9,1203,27350,188,100,2,0,0
2847,12,7,1280,0,704,13,6,7,1,2,-52,3,558,8207,177,100,1,0,0
2849,9,4,768,0,692,17,24,7,2,5,-52,10,1588,22079,185,100,3,0,0
2849,10,4,768,30,670,17,19,7,1,5,-70,10,1834,15322,182,100,1,1,1
2850,3,4,768,0,680,20,7,7,1,4,-52,10,2632,24481,188,100,1,0,0
2852,2,3,1024,0,625,11,10,5,1,1,-52,1,410,8662,152,100,2,0,0
2853,4,1,512,10,726,21,12,7,3,3,-61,10,4402,30000,190,100,1,0,0
2817,8,3,1152,100,651,28,15,7,0,10,-52,3,388,4480,183,100,1,1,1
2854,1,0,256,0,39,0,0,3,0,0,0,10,1336,22852,3127,100,2,0,0
2825,8,3,1152,100,651,28,15,7,0,10,-52,3,270,6415,184,100,2,1,1
2832,8,3,1152,100,653,28,15,7,0,10,-52,3,525,5935,184,100,1,1,1
2855,3,4,768,40,681,20,7,7,1,4,-52,10,2167,18846,189,100,1,0,0
2855,10,4,768,80,672,17,19,7,1,5,-70,10,2048,16561,183,100,1,1,1
2842,8,3,1152,90,657,28,15,7,0,10,-52,3,1189,8894,185,100,3,1,1
2851,25,21,1536,0,70,6,6,7,1,3,-70,0,509,7432,33,100,2,0,0
2854,7,3,1024,0,651,14,12,7,1,4,-70,8,1632,17607,143,100,2,0,0
2854,16,10,1024,40,255,16,7,7,1,8,-70,4,1531,11727,82,100,1,0,0
2858,11,5,1024,0,734,30,3,7,1,12,-70,9,799,18138,178,100,2,0,0
2848,8,3,1152,100,657,28,15,7,0,10,-52,3,274,4962,185,100,2,1,1
2858,15,9,1024,10,94,8,9,7,1,4,-70,1,1028,12135,34,100,3,0,0
2816,26,25,1920,70,2,2,6,4,0,1,-52,0,333,3772,1,100,3,0,0
2858,5,4,768,10,734,27,3,7,1,8,-52,9,1694,29663,189,100,2,0,0
2826,26,21,1664,90,3,4,6,6,0,2,-52,0,1411,9336,1,100,9,0,0
2858,6,10,1024,0,697,21,4,5,1,6,-70,0,777,17776,183,100,2,0,0
2858,9,4,768,0,695,17,24,7,2,5,-52,10,1399,21943,186,100,3,0,0
2834,26,21,1664,90,4,4,6,7,0,2,-52,0,635,6147,2,100,5,0,0
2859,1,0,256,0,39,0,0,3,0,0,0,10,1147,18273,3131,100,1,0,0
2857,26,21,1536,0,8,4,6,7,1,2,-52,0,1584,8023,3,100,4,0,0
2861,4,1,512,20,727,21,12,7,3,3,-61,10,6296,32981,190,100,1,0,0
2858,21,16,1280,10,788,28,9,7,1,10,-52,6,3245,21839,170,100,2,0,0
2855,8,3,1024,30,659,28,15,7,1,10,-52,3,1179,7948,186,100,2,1,1
2857,2,3,1024,0,626,11,10,5,1,1,-52,1,608,7699,153,100,1,0,0
2862,3,4,768,70,687,20,7,7,1,4,-52,10,2925,23164,189,100,1,0,0
2855,13,7,1280,0,623,17,25,7,1,7,-70,6,1291,18384,144,100,2,0,0
2863,15,9,1024,10,95,8,9,7,1,4,-70,1,719,5895,35,100,1,0,0
2861,26,21,1536,0,9,4,6,7,1,2,-52,0,468,4711,4,100,2,0,0
2863,25,21,1536,0,72,6,6,7,1,3,-70,0,581,7647,34,100,1,0,0
2856,12,7,1280,0,709,13,6,7,1,2,-52,3,1008,13958,177,100,2,0,0
2859,8,3,1024,0,661,28,15,7,1,10,-52,3,721,5631,186,100,2,1,1
2864,9,4,768,0,695,17,25,7,2,5,-52,10,725,12051,186,100,2,0,0
2864,6,10,1024,0,699,21,4,5,1,6,-70,0,691,11964,183,100,1,0,0
2864,11,5,1024,0,735,30,3,7,1,12,-70,9,527,12923,179,100,1,0,0
2865,10,4,768,10,675,17,19,7,2,5,-70,10,4936,29399,184,100,3,1,1
2866,5,4,768,0,736,27,3,7,1,8,-52,9,1477,24289,189,100,1,0,0
2867,3,4,768,70,688,20,7,7,1,4,-52,10,2038,15400,190,100,1,0,0
2866,16,10,1024,0,258,16,7,7,1,8,-70,4,4092,24238,83,100,2,0,0
2868,21,16,1280,0,792,28,9,7,1,10,-52,6,2462,21539,171,100,3,0,0
2865,8,3,1024,0,663,28,15,7,1,10,-52,3,664,6127,187,100,1,1,1
2869,15,9,1024,0,98,8,9,7,1,4,-70,1,768,6643,35,100,1,0,0
2866,7,3,1024,0,655,14,12,7,1,4,-70,8,2433,22334,144,100,3,0,0
2870,10,4,768,10,678,17,19,7,2,5,-70,10,1848,13393,184,100,1,1,1
2868,11,5,1024,0,737,30,3,7,1,12,-70,9,530,7607,179,100,1,0,0
2866,13,7,1280,20,628,17,25,7,1,7,-70,6,1461,18116,145,100,2,0,0
2869,26,21,1536,0,9,4,6,7,1,2,-52,0,528,6890,4,100,3,0,0
2871,6,10,1024,0,701,21,4,5,1,6,-70,0,870,11818,184,100,1,0,0
2871,1,0,256,0,39,0,0,3,0,0,0,10,2644,39698,3149,100,2,0,0
2869,2,3,1024,0,632,11,10,5,1,1,-52,1,1385,14715,154,100,3,0,0
2869,25,21,1536,0,74,6,6,7,1,3,-70,0,1035,6383,34,100,2,0,0
2871,4,1,512,10,729,21,12,7,3,3,-61,10,8973,45748,191,100,2,0,0
2867,12,7,1280,0,709,13,6,7,1,2,-52,3,598,15629,178,100,2,0,0
2871,3,4,768,30,690,20,7,7,1,4,-52,10,1935,14189,190,100,1,0,0
2873,8,3,1024,10,667,28,15,7,1,10,-52,3,1068,8463,187,100,3,1,1
2874,9,4,768,0,697,17,25,7,1,5,-52,10,1197,20004,187,100,3,0,0
2874,16,10,1024,0,260,16,7,7,1,8,-70,4,2134,15176,83,100,2,0,0
2875,2,3,1024,0,633,11,10,5,1,1,-52,1,625,8346,154,100,1,0,0
2874,5,4,768,10,740,27,3,7,1,8,-52,9,1520,23904,190,100,3,0,0
2873,7,3,1096,30,657,14,12,7,1,4,-70,8,2047,16157,145,100,2,0,0
2875,21,16,1280,20,795,28,9,7,1,10,-52,6,1805,17677,171,100,1,0,0
2876,6,10,1024,10,702,21,4,5,1,6,-70,0,395,8849,184,100,1,0,0
2877,4,1,512,0,732,21,12,7,3,3,-61,10,3905,21402,191,100,2,0,0
2873,13,7,1280,0,629,17,25,7,1,7,-70,6,753,11167,145,100,3,0,0
2874,26,21,1536,0,10,4,6,7,1,2,-52,0,762,5425,5,100,2,0,0
2877,11,5,1024,0,740,30,3,7,1,12,-70,9,965,16666,180,100,2,0,0
2880,1,0,256,0,39,0,0,3,0,0,0,10,1582,28515,3157,100,2,0,0
2880,15,9,1024,0,103,8,9,7,1,4,-70,1,1153,11873,36,100,5,0,0
2881,6,10,1024,0,702,21,4,5,1,6,-70,0,287,8414,184,100,1,0,0
2880,9,4,768,20,701,17,25,7,1,5,-52,10,1230,15142,187,100,2,0,0
2881,10,4,768,0,684,17,19,7,2,5,-70,10,4357,29530,185,100,4,1,1
2881,5,4,768,0,742,27,3,7,1,8,-52,9,1347,21671,190,100,2,0,0
2882,4,1,512,0,733,21,12,7,3,3,-61,10,2852,17279,191,100,2,0,0
2881,2,3,1024,0,634,11,10,5,1,1,-52,1,477,8021,154,100,1,0,0
2878,12,7,1292,0,712,13,6,7,1,2,-52,3,1026,17033,179,100,5,0,0
2882,3,4,768,40,692,20,7,7,1,4,-52,10,3532,33856,191,100,2,0,0
2883,16,10,1024,20,264,17,7,7,1,8,-70,5,2220,16253,84,100,3,0,0
2882,11,5,1024,10,741,30,3,7,1,12,-70,9,167,7639,180,100,0,0,0
2878,13,7,1280,20,631,17,25,7,1,7,-70,7,590,7259,145,100,2,0,0
2880,25,21,1536,0,76,6,6,7,1,3,-70,0,857,10639,35,100,5,0,0
2883,26,21,1536,0,11,4,6,7,1,2,-52,1,1271,9639,5,100,4,0,0
2885,1,0,256,0,39,0,0,3,0,0,0,10,1025,17550,3164,100,1,0,0
2883,7,3,1024,0,661,14,12,7,1,4,-70,9,2726,21488,145,100,2,0,0
2885,21,16,1280,10,800,28,9,7,1,10,-52,6,2413,21855,172,100,3,0,0
2884,8,3,1024,10,670,28,15,7,1,10,-52,3,890,12166,188,100,2,1,1
2885,25,21,1536,0,79,6,7,7,1,3,-70,0,986,5954,35,100,2,0,0
2885,12,7,1292,0,714,13,6,7,1,2,-52,3,558,9271,179,100,1,0,0
2886,15,9,1024,10,104,8,9,7,1,4,-70,1,607,6116,36,100,1,0,0
2885,6,10,1024,20,703,21,4,5,1,6,-70,0,466,10073,185,100,1,0,0
2886,13,7,1280,20,633,17,25,7,1,7,-70,7,1231,13932,146,100,1,0,0
2888,5,4,768,0,743,27,3,7,1,8,-52,9,1221,21238,191,100,1,0,0
2890,7,3,1024,0,662,14,12,7,1,4,-70,9,1520,13731,146,100,2,0,0
2891,16,10,1024,20,266,17,7,7,1,8,-70,5,1619,13652,85,100,1,0,0
2891,12,7,1292,20,715,13,6,7,1,2,-52,3,342,8785,180,100,1,0,0
2892,2,3,1024,0,639,11,10,5,1,1,-52,1,1285,15146,155,100,2,0,0
2892,9,4,768,0,707,17,25,7,1,5,-52,10,1864,24657,188,100,3,0,0
2893,4,1,512,0,739,21,12,7,3,3,-61,10,8079,43197,192,100,2,0,0
2892,10,4,768,0,688,17,19,7,2,5,-70,10,3458,27495,185,100,2,1,1
2892,11,5,1024,0,745,30,3,7,1,12,-70,9,1131,18753,181,100,2,0,0
2892,3,4,768,0,692,20,7,7,1,4,-52,10,3079,27312,191,100,2,0,0
2892,21,16,1280,10,804,28,9,7,1,10,-52,6,1969,16495,172,100,2,0,0
2893,8,3,1024,0,671,28,15,7,1,10,-52,3,802,9319,188,100,1,1,1
2894,5,4,768,10,745,27,3,7,1,8,-52,9,1115,16634,191,100,2,0,0
2891,13,7,1280,10,634,17,25,7,1,7,-70,7,659,8082,146,100,1,0,0
2894,26,21,1536,0,13,4,6,7,1,2,-52,1,1319,11822,6,100,5,0,0
2896,1,0,256,0,39,0,0,3,0,0,0,10,1927,36734,3175,100,2,0,0
2895,25,21,1536,0,82,6,7,7,1,3,-70,0,1099,10930,36,100,3,0,0
2897,6,10,1024,0,705,21,4,5,1,6,-70,0,1203,20415,186,100,2,0,0
2898,4,1,512,10,741,21,12,7,3,3,-61,10,3919,23804,192,100,1,0,0
2898,15,9,1123,0,107,8,9,7,1,4,-70,1,1483,13815,37,100,3,0,0
2899,7,3,1024,0,665,14,12,7,1,4,-70,9,1699,17466,146,100,1,0,0
2899,9,4,768,0,709,17,25,7,1,5,-52,10,1121,14890,188,100,1,0,0
2898,11,5,1024,0,747,30,3,7,1,12,-70,9,579,10881,181,100,1,0,0
2900,3,4,768,20,692,20,7,7,1,4,-52,10,1954,18151,192,100,1,0,0
2902,5,4,768,0,746,27,3,7,1,8,-52,9,1110,20382,192,100,2,0,0
2898,13,7,1280,10,638,17,25,7,1,7,-70,7,1193,11312,147,100,2,0,0
2902,8,3,1024,0,674,28,15,7,1,10,-52,3,835,8754,189,100,3,1,1
2902,16,10,1024,0,268,17,7,7,1,8,-70,5,2653,20022,85,100,4,0,0
2902,10,4,768,0,692,17,19,7,2,5,-70,10,3131,24427,186,100,3,1,1
2903,1,0,256,0,39,0,0,3,0,0,0,10,1335,21763,3184,100,1,0,0
2904,2,3,1024,0,642,11,10,5,1,1,-52,1,918,13459,156,100,2,0,0
2902,12,7,1292,0,719,13,6,7,1,2,-52,3,1106,16625,180,100,2,0,0
2903,21,16,1280,10,808,28,9,7,1,10,-52,6,2269,24579,173,100,3,0,0
2902,26,21,1536,0,13,4,6,7,1,2,-52,1,554,11106,6,100,2,0,0
2905,9,4,768,0,710,17,25,7,1,5,-52,10,564,12391,189,100,1,0,0
2904,25,21,1536,0,84,6,7,7,1,3,-70,0,812,9108,37,100,3,0,0
2907,4,1,512,20,743,21,13,7,3,3,-61,10,5399,30723,193,100,3,0,0
2905,11,5,1024,0,750,30,3,7,1,12,-70,9,1099,12287,181,100,2,0,0
2906,13,7,1280,0,641,17,25,7,1,7,-70,7,946,10234,147,100,2,0,0
2907,8,3,1024,0,674,28,15,7,1,10,-52,3,311,5884,189,100,1,1,1
2907,15,9,1024,0,108,8,9,7,1,4,-70,1,642,9941,38,100,2,0,0
2907,12,7,1292,10,719,13,6,7,1,2,-52,3,497,5706,181,100,2,0,0
2907,6,10,1024,10,708,21,4,5,1,6,-70,0,1319,18573,186,100,2,0,0
2909,16,10,1024,0,272,17,7,7,1,8,-70,5,1678,13441,86,100,1,0,0
2909,7,3,1024,20,665,14,12,7,1,4,-70,9,2070,19982,147,100,2,0,0
2910,21,16,1280,0,809,28,9,7,1,10,-52,6,1275,13549,173,100,2,0,0
2911,3,4,768,20,696,20,7,7,1,4,-52,10,3647,30688,192,100,2,0,0
2910,11,5,1024,10,752,30,3,7,1,12,-70,9,653,9393,182,100,0,0,0
2912,5,4,768,0,750,27,3,7,1,8,-52,9,2026,33900,192,100,3,0,0
2913,4,1,512,10,745,21,13,7,3,3,-61,10,4494,25533,193,100,1,0,0
2912,9,4,768,0,712,17,25,7,1,5,-52,10,942,15772,189,100,1,0,0
2914,1,0,256,0,39,0,0,3,0,0,0,10,2005,36009,3196,100,2,0,0
2912,15,9,1024,10,110,8,9,7,1,4,-70,1,498,5149,38,100,1,0,0
2914,10,4,768,10,699,17,19,7,2,5,-70,10,4143,30783,187,100,2,1,1
2914,8,3,1024,0,676,28,15,7,1,10,-52,3,557,6705,190,100,1,1,1
2913,12,7,1292,0,720,13,6,7,1,2,-52,3,446,7808,181,100,1,0,0
2914,26,21,1536,0,15,4,6,7,1,2,-52,1,1184,14993,7,100,5,0,0
2915,2,3,1024,0,644,11,10,5,1,1,-52,1,806,14691,157,100,2,0,0
2916,25,21,1536,0,92,6,7,7,1,3,-70,0,1540,12147,37,100,4,0,0
2916,11,5,1024,10,752,30,3,7,1,12,-70,9,538,9760,182,100,1,0,0
2916,6,10,1024,10,709,21,4,5,1,6,-70,0,512,15515,187,100,1,0,0
2917,21,16,1280,0,811,28,9,7,1,10,-52,6,1530,16181,174,100,2,0,0
2917,7,3,1024,30,668,14,12,7,1,4,-70,9,1720,15841,148,100,2,0,0
2916,13,7,1280,0,645,17,25,7,1,7,-70,7,892,13548,148,100,1,0,0
2919,2,3,1024,0,644,11,10,5,1,1,-52,1,291,5073,157,100,1,0,0
2920,16,10,1024,0,274,17,7,7,1,8,-70,5,2175,19215,87,100,2,0,0
2884,14,4,1152,90,705,22,29,7,0,7,-95,10,758,10768,183,100,2,0,0
2921,10,4,768,10,701,17,19,7,2,5,-70,10,2121,14431,187,100,1,1,1
2920,9,4,768,20,715,17,25,7,1,5,-52,9,1364,16301,190,100,3,0,0
2920,5,4,768,10,751,27,3,7,1,8,-52,9,940,18494,193,100,1,0,0
2920,8,3,1024,0,677,28,15,7,1,10,-52,3,525,6810,190,100,1,1,1
2893,14,4,1152,80,709,23,29,7,0,7,-95,10,476,12440,184,100,2,0,0
2922,6,10,1024,0,711,21,4,5,1,6,-70,0,585,7250,187,100,1,0,0
2904,14,4,1152,90,711,23,29,7,0,7,-95,10,1043,16009,184,100,3,0,0
2920,12,7,1292,0,720,13,6,7,1,2,-52,3,403,7922,181,100,1,0,0
2921,25,21,1536,0,95,6,7,7,1,3,-70,0,657,5488,38,100,2,0,0
2922,1,0,256,0,39,0,0,3,0,0,0,10,1707,28481,3206,100,1,0,0
2922,3,4,768,10,696,20,8,7,1,4,-52,10,3333,28770,193,100,3,0,0
2916,14,4,1152,90,714,23,29,7,0,7,-95,10,547,15709,185,100,3,0,0
2920,13,7,1280,10,645,17,25,7,1,7,-70,7,522,6147,148,100,1,0,0
2923,21,16,1280,0,813,28,9,7,1,10,-52,6,1197,13661,174,100,2,0,0
2922,14,4,898,60,714,23,29,7,1,7,-95,10,1676,10473,185,100,1,0,0
2923,15,9,1024,10,112,8,9,7,1,4,-70,0,1354,12043,39,100,3,0,0
2924,2,3,1024,0,646,11,10,5,1,1,-52,1,500,6228,157,100,1,0,0
2925,10,4,768,0,701,17,19,7,2,5,-70,10,1040,10480,187,100,0,1,1
2924,26,21,1536,0,15,4,6,7,1,2,-52,1,811,11865,8,100,3,0,0
2925,4,1,512,10,747,21,13,7,3,3,-61,10,10735,53967,194,100,2,0,0
2925,5,4,768,0,752,27,3,7,1,8,-52,9,796,15213,193,100,1,0,0
2926,16,10,1024,0,275,17,7,7,1,8,-70,5,1325,11375,87,100,1,0,0
2926,8,3,1024,0,680,28,15,7,1,10,-52,3,827,6516,191,100,1,1,1
2925,11,5,1024,10,754,30,3,7,1,12,-70,9,696,16070,183,100,2,0,0
2926,7,3,1024,10,672,14,12,7,1,4,-70,9,2440,19559,148,100,1,0,0
2926,13,7,1280,0,648,17,25,7,1,7,-70,7,777,7832,149,100,1,0,0
2928,3,4,768,0,698,20,8,7,1,4,-52,10,2314,16883,193,100,1,0,0
2928,6,10,1024,0,711,21,4,5,1,6,-70,0,515,12392,188,100,2,0,0
2929,5,4,768,0,753,27,3,7,1,8,-52,9,811,12307,193,100,0,0,0
2928,26,21,1536,0,16,4,6,7,1,2,-52,1,389,4995,8,100,2,0,0
2928,14,4,854,70,718,23,29,7,1,7,-95,10,1976,11077,186,100,3,0,0
2884,31,25,1980,30,530,26,369,5,0,9,-70,0,981,9101,171,100,4,1,3
2931,8,3,1024,0,683,28,15,7,1,10,-52,3,584,5273,191,100,1,1,1
2932,9,4,768,0,718,17,25,7,1,5,-52,9,1626,24696,191,100,2,0,0
2931,16,10,1024,10,277,17,7,7,1,8,-70,5,1090,8789,87,100,2,0,0
2930,25,21,1536,70,98,6,8,7,1,3,-70,0,1521,13882,38,100,3,0,0
2932,12,7,1292,0,724,13,6,7,1,2,-52,3,1027,14996,182,100,3,0,0
2932,11,5,1024,0,757,30,3,7,1,12,-70,9,955,12719,183,100,1,0,0
2933,1,0,256,0,41,0,0,3,0,0,0,10,2687,37705,3222,100,4,0,0
2933,2,3,1024,0,649,11,10,5,1,1,-52,1,860,10952,158,100,2,0,0
2932,15,9,1024,10,115,8,9,7,1,4,-70,0,798,9466,39,100,1,0,0
2934,3,4,768,10,701,20,9,7,1,4,-52,10,2081,20635,194,100,2,0,0
2935,7,3,1024,0,675,14,12,7,1,4,-70,9,1594,16113,149,100,2,0,0
2896,31,25,1980,90,533,27,370,5,0,9,-70,0,762,9909,172,100,4,1,3
2935,10,4,768,10,706,17,19,7,2,5,-70,10,4013,28588,188,100,1,1,1
2937,4,1,512,0,749,21,13,7,3,3,-61,10,8901,49326,195,100,2,0,0
2935,16,10,1024,50,278,17,7,7,1,8,-70,5,1256,7856,88,100,1,0,0
2937,12,7,1292,0,725,13,6,7,1,2,-52,3,586,7432,183,100,1,0,0
2939,9,4,768,0,718,17,25,7,1,5,-52,9,701,13956,191,100,1,0,0
2938,2,3,1024,0,651,11,10,5,1,1,-52,1,715,7222,158,100,1,0,0
2938,5,4,768,20,754,27,3,7,1,8,-52,9,1440,28597,194,100,2,0,0
2939,8,3,1024,0,686,28,15,7,1,10,-52,3,729,7864,191,100,2,1,1
2936,11,5,1024,20,760,30,3,7,1,12,-70,9,713,8736,184,100,1,0,0
2939,1,0,256,0,41,0,0,3,0,0,0,10,923,20074,3226,100,1,0,0
2903,31,25,1980,80,534,27,372,5,0,9,-70,0,494,5408,172,100,4,1,3
2937,13,7,1280,20,654,17,25,7,1,7,-70,7,1617,16402,150,100,3,0,0
2939,10,4,768,50,707,17,19,7,1,5,-70,10,1353,10466,188,100,1,1,1
2942,15,9,1024,0,117,8,9,7,1,4,-70,0,816,9091,40,100,2,0,0
2939,6,10,1024,0,714,21,4,5,1,6,-70,0,795,18821,188,100,3,0,0
2942,3,4,768,0,703,20,9,7,1,4,-52,10,2736,22831,194,100,2,0,0
2941,16,10,1038,70,278,17,7,7,1,8,-70,5,1336,10428,88,100,1,0,0
2933,26,21,1536,0,16,4,6,7,1,2,-52,1,412,7030,9,100,1,0,0
2942,11,5,1024,0,761,30,3,7,1,12,-70,9,586,10248,184,100,1,0,0
2919,31,25,2236,90,539,27,374,5,0,9,-70,0,601,4057,173,100,2,1,3
2945,7,3,1024,0,678,14,12,7,1,4,-70,9,2669,23776,149,100,2,0,0
2947,4,1,512,10,753,21,13,7,3,3,-61,10,7291,37332,196,100,3,0,0
2947,1,0,256,0,42,0,0,3,0,0,0,10,1597,24512,3238,100,3,0,0
2946,2,3,1024,0,653,11,10,5,1,1,-52,1,818,10422,159,100,1,0,0
2948,9,4,768,0,720,17,25,7,1,5,-52,9,1186,20338,192,100,2,0,0
2947,10,4,768,90,712,17,19,7,1,5,-70,10,3472,19695,189,100,3,1,1
2947,12,7,1292,0,728,13,6,7,1,2,-52,3,859,12181,183,100,2,0,0
2944,6,10,1024,0,714,21,4,5,1,6,-70,0,246,8355,189,100,0,0,0
2942,21,16,1280,0,817,28,9,7,1,10,-52,6,1644,18318,176,100,2,0,0
2941,25,21,1536,20,100,6,8,7,2,3,-70,0,2548,17490,39,100,4,0,0
2942,31,25,1792,0,544,27,378,5,1,9,-70,0,936,11534,175,100,5,1,3
2944,26,21,1536,0,18,4,6,7,1,2,-52,1,807,12037,9,100,5,0,0
2946,21,16,1280,10,820,28,9,7,1,10,-52,6,1603,10213,176,100,1,0,0
2949,5,4,768,0,758,27,3,7,1,8,-52,9,1999,32535,195,100,2,0,0
2949,3,4,768,0,704,20,9,7,1,4,-52,10,1582,16811,195,100,2,0,0
2951,16,10,1024,30,281,17,7,7,1,8,-70,5,3822,22812,89,100,2,0,0
2948,8,3,1024,10,689,28,16,7,1,10,-52,3,917,11192,192,100,3,1,1
2950,11,5,1024,10,763,30,3,7,1,12,-70,9,825,14570,185,100,2,0,0
2949,13,7,1280,0,659,17,25,7,1,7,-70,7,1485,16666,150,100,3,0,0
2949,25,21,1536,0,103,6,8,7,2,3,-70,0,1457,11813,40,100,2,0,0
2955,1,0,256,0,42,0,0,3,0,0,0,10,1345,25859,3245,100,1,0,0
2953,26,21,1536,0,19,4,6,7,1,2,-52,1,703,9874,10,100,3,0,0
2955,10,4,768,20,718,17,19,7,2,5,-70,10,3873,23778,190,100,3,1,1
2955,4,1,512,10,758,22,13,7,3,3,-61,10,7295,35256,196,100,3,0,0
2951,12,7,1292,0,730,13,6,7,1,2,-52,3,613,5926,183,100,2,0,0
2956,5,4,768,0,761,27,3,7,1,8,-52,9,1232,17936,195,100,1,0,0
2954,6,10,1024,10,716,21,4,5,1,6,-70,0,721,16851,189,100,2,0,0
2954,11,5,1024,10,764,30,3,7,1,12,-70,9,475,8080,185,100,0,0,0
2953,8,3,1024,0,691,29,16,7,1,10,-52,3,583,5430,192,100,1,1,1
2957,9,4,768,0,723,17,25,7,1,5,-52,9,738,15105,192,100,3,0,0
2954,2,3,1024,0,655,12,10,5,1,1,-52,1,717,10375,159,100,2,0,0
2958,3,4,768,50,709,20,9,7,1,4,-52,10,3716,25907,196,100,3,0,0
2957,21,16,1280,10,826,28,10,7,1,10,-52,6,2940,27006,177,100,4,0,0
2959,26,21,1536,0,21,4,6,7,1,2,-52,1,865,7645,10,100,2,0,0
2960,5,4,768,0,763,28,3,7,1,8,-52,9,1174,16658,196,100,1,0,0
2962,16,10,1024,0,284,17,7,7,1,8,-70,5,2674,21146,89,100,1,0,0
2956,7,3,1024,0,682,15,12,7,1,4,-70,9,2916,24077,150,100,4,0,0
2962,6,10,1024,20,718,22,4,5,1,6,-70,0,847,14730,190,100,2,0,0
2964,1,0,256,0,42,0,0,3,0,0,0,10,1831,29326,3255,100,2,0,0
2963,10,4,768,0,725,18,19,7,2,5,-70,10,3850,24123,190,100,2,1,1
2964,4,1,512,0,760,22,13,7,3,3,-61,10,6129,35667,197,100,2,0,0
2964,21,16,1280,0,829,28,10,7,1,10,-52,6,1349,14775,177,100,2,0,0
2962,12,7,1280,0,736,14,6,7,1,2,-52,3,1410,15042,184,100,3,0,0
2965,9,4,768,0,726,18,25,7,1,5,-52,9,995,16653,193,100,2,0,0
2962,8,3,1024,0,695,29,16,7,1,10,-52,3,1244,11840,193,100,1,1,1
2965,5,4,768,10,764,28,3,7,1,8,-52,9,923,14662,196,100,1,0,0
2963,11,5,1024,10,766,30,3,7,1,12,-70,9,913,16904,185,100,2,0,0
2964,2,3,1024,0,660,12,10,5,1,1,-52,1,1315,13431,160,100,3,0,0
2968,1,0,256,0,42,0,0,3,0,0,0,10,679,13330,3258,100,0,0,0
2967,7,3,1024,0,686,15,12,7,1,4,-70,9,1985,21698,151,100,3,0,0
2969,6,10,1024,10,721,22,4,5,1,6,-70,0,895,12804,190,100,1,0,0
2968,3,4,768,20,711,21,9,7,1,4,-52,10,3847,30698,196,100,2,0,0
2970,10,4,768,10,726,18,19,7,2,5,-70,10,1927,15531,190,100,1,1,1
2970,21,16,1280,10,830,28,10,7,1,10,-52,6,647,11833,177,100,1,0,0
2967,12,7,1280,0,738,14,6,7,1,2,-52,3,552,7055,185,100,2,0,0
2970,26,21,1536,0,23,4,6,7,1,2,-52,1,870,13582,11,100,4,0,0
2967,8,3,1024,0,696,29,16,7,1,10,-52,3,372,5169,193,100,1,1,1
2971,4,1,512,10,761,22,13,7,3,3,-61,10,4377,23695,197,100,1,0,0
2971,5,4,768,10,765,28,3,7,1,8,-52,10,869,16279,196,100,1,0,0
2973,12,7,1280,0,738,14,6,7,1,2,-52,3,338,5538,185,100,1,0,0
2973,16,10,1024,20,287,17,7,7,1,8,-70,5,2328,19531,90,100,3,0,0
2973,3,4,768,0,715,21,9,7,1,4,-52,10,1922,14967,197,100,0,0,0
2974,11,5,1024,0,768,30,3,7,1,12,-70,10,1000,17601,186,100,2,0,0
2976,1,0,256,0,43,0,0,3,0,0,0,10,2073,28083,3268,100,3,0,0
2976,10,4,768,10,731,18,19,7,2,5,-70,10,2768,17400,191,100,1,1,1
2976,6,10,1024,10,722,22,4,5,1,6,-70,0,967,12206,191,100,1,0,0
2975,2,3,1024,0,665,12,10,5,1,1,-52,1,1126,13186,161,100,3,0,0
2978,4,1,512,10,764,22,13,7,3,3,-61,10,4128,25487,198,100,1,0,0
2977,9,4,768,10,728,18,25,7,1,5,-52,9,695,20556,194,100,3,0,0
2977,8,3,1024,0,700,29,16,7,1,10,-52,3,1105,9188,194,100,3,1,1
2977,7,3,1024,0,689,15,12,7,1,4,-70,8,1680,19485,152,100,1,0,0
2979,11,5,1024,0,768,30,3,7,1,12,-70,10,508,9097,186,100,1,0,0
2980,1,0,256,0,43,0,0,3,0,0,0,10,657,14846,3271,100,1,0,0
2979,3,4,768,20,717,21,9,7,1,4,-52,10,2056,15696,197,100,2,0,0
2980,10,4,768,10,731,18,19,7,2,5,-70,10,1100,10811,191,100,0,1,1
2979,12,7,1280,0,739,14,6,7,1,2,-52,3,417,7794,185,100,1,0,0
2982,16,10,1024,20,289,17,7,7,1,8,-70,5,1412,15756,91,100,1,0,0
2983,8,3,1024,0,702,29,16,7,1,10,-52,3,502,6043,194,100,1,1,1
2980,26,21,1536,10,26,4,6,7,1,2,-52,1,1126,14367,12,100,6,0,0
2983,2,3,1024,0,666,12,10,5,1,1,-52,1,419,8850,161,100,1,0,0
2982,21,16,1280,0,833,28,10,7,1,10,-52,6,1680,24888,178,100,5,0,0
2984,5,4,768,0,768,28,3,7,1,8,-52,10,2079,35293,197,100,2,0,0
2984,6,10,1024,10,723,22,4,5,1,6,-70,0,516,13580,191,100,2,0,0
2985,3,4,768,0,719,21,9,7,1,4,-52,10,1654,14504,197,100,0,0,0
2985,4,1,512,10,767,23,13,7,3,3,-61,10,5070,28708,198,100,1,0,0
2986,11,5,1024,10,768,30,3,7,1,12,-70,10,589,11720,187,100,1,0,0
2986,7,3,1024,0,692,15,12,7,1,4,-70,8,1412,16809,152,100,2,0,0
2987,10,4,768,0,732,18,19,7,2,5,-70,10,2219,16783,192,100,2,1,1
2988,9,4,768,0,729,18,25,7,1,5,-52,9,729,18204,194,100,2,0,0
2988,1,0,256,0,43,0,0,3,0,0,0,10,1627,26062,3279,100,1,0,0
2989,5,4,768,0,768,28,3,7,1,8,-52,10,870,13722,197,100,1,0,0
2989,16,10,1024,30,291,17,7,7,1,8,-70,5,1377,11541,91,100,1,0,0
2988,26,21,1536,0,26,4,6,7,1,2,-52,1,395,8642,12,100,1,0,0
2990,4,1,512,0,768,23,13,7,3,3,-61,10,2942,17041,199,100,1,0,0
2988,12,7,1280,20,740,14,6,7,1,2,-52,3,466,11022,186,100,1,0,0
2991,2,3,1024,0,667,12,10,5,1,1,-52,1,598,9886,162,100,2,0,0
2990,11,5,1024,20,769,30,3,7,1,12,-70,10,550,7749,187,100,1,0,0
2991,7,3,1024,0,694,15,12,7,1,4,-70,8,1089,10836,153,100,1,0,0
2992,10,4,768,0,736,18,19,7,2,5,-70,10,1683,12438,192,75,1,1,1
2993,3,4,768,0,722,21,9,7,1,4,-52,10,2355,20187,198,100,2,0,0
2993,1,0,256,0,43,0,0,3,0,0,0,10,817,16932,3284,100,1,0,0
2993,8,3,1024,0,703,29,16,7,1,10,-52,3,619,10550,195,100,2,1,1
2995,4,1,512,0,768,23,13,7,3,3,-61,10,2264,16010,199,100,1,0,0
2995,5,4,768,10,769,28,3,7,1,8,-52,10,852,19557,198,100,1,0,0
2995,11,5,1024,0,770,30,3,7,1,12,-70,10,791,8777,187,100,1,0,0
2995,7,3,1024,10,697,15,12,7,1,4,-70,8,562,7380,153,100,1,0,0
2956,13,14,1540,40,662,19,25,7,0,8,-52,7,1582,10326,150,100,3,0,0
2997,26,21,1536,0,28,4,6,7,1,2,-52,1,743,10434,13,100,4,0,0
2998,3,4,768,0,724,21,9,7,1,4,-52,10,1306,12952,198,100,1,0,0
2999,9,4,768,0,734,18,25,7,1,5,-52,9,1147,19211,195,100,3,0,0
2960,13,14,1540,90,664,20,25,7,0,8,-52,7,673,6600,150,100,1,0,0
2999,16,10,1024,20,294,17,7,7,1,8,-70,5,2357,19164,92,100,2,0,0
2967,13,14,1540,70,665,20,25,7,0,8,-52,7,671,7952,150,100,2,0,0
2998,8,3,1024,0,704,29,16,7,1,10,-52,3,514,5477,195,100,1,1,1
3000,11,5,1024,0,773,30,3,7,1,12,-70,10,684,9102,188,100,0,0,0
2999,2,3,1024,10,669,12,10,5,1,1,-52,1,625,10053,162,100,2,0,0
3000,5,4,768,0,770,28,3,7,1,8,-52,10,1264,17925,198,100,2,0,0
2999,7,3,1024,60,698,15,12,7,1,4,-70,8,1703,9888,153,100,1,0,0
2999,12,7,1280,0,743,14,6,7,1,2,-52,3,1062,14264,187,100,3,0,0
3003,1,0,256,0,43,0,0,3,0,0,0,10,1688,29991,3292,100,2,0,0
2973,13,14,1540,100,665,20,25,7,0,8,-52,7,225,5161,151,100,1,0,0
3003,10,4,768,0,740,18,19,7,2,5,-70,10,3023,27486,193,54,2,1,1
2980,13,14,1540,90,666,20,25,7,0,8,-52,6,360,6079,151,100,2,0,0
3005,4,1,512,0,771,23,13,7,2,3,-61,10,6817,37524,199,100,2,0,0
3004,2,3,1024,0,671,12,10,5,1,1,-52,1,586,5768,163,100,1,0,0
2990,13,14,1540,90,666,20,25,7,0,8,-52,6,516,8522,152,100,2,0,0
2998,13,7,1280,60,668,21,25,7,1,9,-70,6,1225,8543,152,100,2,0,0
3005,12,7,1280,0,745,14,6,7,1,2,-52,3,548,9270,187,100,2,0,0
3006,3,4,768,0,724,21,9,7,1,4,-52,10,4242,31154,199,100,1,0,0
3008,16,10,1024,0,296,17,7,7,1,8,-70,5,1816,15851,92,100,2,0,0
3007,7,3,1024,0,703,15,12,7,2,4,-70,8,3023,19221,154,100,2,0,0
3008,8,3,1024,0,707,29,16,7,1,10,-52,3,833,10694,196,100,2,1,1
3009,13,7,1280,10,671,22,25,7,1,9,-70,6,1611,12908,152,100,4,0,0
3009,9,4,768,0,738,18,25,7,1,5,-52,9,1165,21248,196,100,2,0,0
3009,10,4,768,0,743,18,19,7,2,5,-70,10,1182,14559,193,25,1,1,1
3009,2,3,1024,0,672,12,10,5,1,1,-52,1,393,7484,163,100,1,0,0
3011,11,5,1024,0,777,30,3,7,1,12,-70,10,1420,20401,188,100,3,0,0
3011,5,4,768,10,773,29,3,7,1,8,-52,10,1324,29739,199,100,1,0,0
3012,1,0,256,0,43,0,0,3,0,0,0,10,1531,26198,3299,100,2,0,0
3012,7,3,1024,0,704,15,12,7,2,4,-70,8,930,8427,154,100,2,0,0
2982,14,10,1156,90,731,25,29,7,0,8,-70,10,689,17097,190,100,2,0,0
3014,4,1,512,0,778,23,13,7,2,3,-61,10,6268,35105,200,100,3,0,0
2987,14,10,1156,80,731,25,29,7,0,8,-70,10,314,6292,190,100,1,0,0
3015,10,4,768,10,745,19,19,7,2,5,-70,10,2295,17216,194,30,1,1,1
3017,1,0,256,0,43,0,0,3,0,0,0,10,689,11838,3306,100,1,0,0
3014,21,16,1280,20,849,28,10,7,1,10,-52,5,2771,21386,180,100,4,0,0
3016,12,7,1280,0,747,14,6,7,1,2,-52,3,729,13007,188,100,2,0,0
3004,14,10,1156,90,733,25,29,7,0,8,-70,10,448,12302,191,100,1,0,0
3016,11,5,1024,10,779,30,3,7,1,12,-70,10,894,10200,189,100,3,0,0
3018,4,1,512,30,778,23,13,7,2,3,-61,10,2347,14999,200,100,1,0,0
3016,3,4,768,10,725,22,9,7,1,4,-52,10,3067,30073,200,100,2,0,0
3018,16,10,1024,30,298,17,7,7,1,8,-70,5,3416,21400,93,100,4,0,0
3015,26,21,1536,0,32,4,6,7,1,2,-52,2,1872,14659,14,100,4,0,0
3017,7,3,1024,0,706,15,12,7,2,4,-70,8,1257,11261,154,100,1,0,0
3020,9,4,768,0,742,19,25,7,1,5,-52,9,1087,18172,197,100,2,0,0
3021,1,0,256,0,43,0,0,3,0,0,0,10,787,13012,3309,100,0,0,0
3020,10,4,768,10,745,19,19,7,2,5,-70,10,2266,15248,194,31,1,1,1
3016,2,3,1024,10,674,12,10,5,1,1,-52,1,760,9391,164,100,2,0,0
3020,5,4,768,10,775,29,3,7,1,8,-52,10,1625,28063,200,100,2,0,0
2992,18,14,1796,90,137,15,11,7,0,6,-70,2,430,5994,57,100,2,0,0
3021,11,5,1024,0,780,30,3,7,1,12,-70,10,441,8409,189,100,0,0,0
3019,13,7,1280,0,672,22,25,7,1,9,-70,6,573,10219,153,100,1,0,0
3018,8,3,1024,0,711,29,16,7,1,10,-52,3,941,10784,197,100,2,1,1
3024,4,1,512,30,779,23,13,7,2,3,-61,10,4471,22490,201,100,1,0,0
3024,13,7,1280,0,672,22,25,7,1,9,-70,6,312,4751,153,100,1,0,0
3022,16,10,1024,0,299,17,7,7,1,8,-70,5,1210,9651,93,100,1,0,0
3024,7,3,1024,0,707,15,12,7,2,4,-70,8,1192,11455,155,100,2,0,0
3024,2,3,1024,0,676,12,10,5,1,1,-52,1,660,9110,164,100,1,0,0
3023,12,7,1280,20,751,14,6,7,1,2,-52,3,680,10075,188,100,1,0,0
3028,5,4,768,10,777,29,3,7,1,8,-52,10,851,20043,200,100,1,0,0
3029,3,4,768,20,729,22,9,7,1,4,-52,10,4141,35699,200,100,2,0,0
3029,11,5,1024,0,782,30,3,7,1,12,-70,10,697,12623,190,100,3,0,0
3028,12,7,1280,10,751,14,6,7,1,2,-52,3,665,6577,189,100,1,0,0
3026,26,21,1536,10,33,4,6,7,1,2,-52,2,1563,16754,15,100,3,0,0
3028,8,3,1024,10,713,29,16,7,1,10,-52,3,443,9138,197,100,1,1,1
3032,4,1,512,0,781,23,13,7,2,3,-61,10,4378,27501,201,100,1,0,0
3032,9,4,768,0,745,19,25,7,1,5,-52,9,777,20056,197,100,2,0,0
3032,1,0,256,0,43,0,0,3,0,0,0,10,1760,29781,3319,100,2,0,0
3031,10,4,768,0,749,19,19,7,2,5,-70,10,3499,32032,195,25,2,1,1
3029,2,3,1024,10,678,12,10,5,1,1,-52,1,500,6265,165,100,1,0,0
3033,11,5,1024,0,787,30,3,7,1,12,-70,10,1203,8629,190,100,1,0,0
3033,13,7,1322,0,675,22,25,7,1,9,-70,6,1361,10162,154,100,4,0,0
3031,18,14,1280,10,146,15,11,7,1,6,-70,2,1137,9653,60,100,2,0,0
3033,12,7,1280,0,752,14,6,7,1,2,-52,3,422,6218,189,100,1,0,0
3031,30,26,1792,0,373,11,2,7,1,4,-70,2,920,8121,93,100,2,0,0
3035,7,3,1024,0,710,15,12,7,2,4,-70,8,2997,24130,155,100,2,0,0
3032,31,30,2176,0,572,30,398,5,1,10,-52,0,864,8696,181,100,5,1,3
3035,16,10,1024,0,303,17,7,7,1,8,-70,5,1279,8559,94,100,2,0,0
3039,9,4,768,0,748,19,25,7,1,5,-52,9,657,11119,198,100,2,0,0
3038,3,4,768,0,731,22,9,7,1,4,-52,10,3149,27848,201,100,2,0,0
3039,5,4,768,0,782,29,3,7,1,8,-52,10,2301,32451,201,100,3,0,0
3039,13,7,1280,0,676,22,25,7,1,9,-70,6,540,6672,154,100,1,0,0
3038,8,3,1024,0,715,29,16,7,1,10,-52,3,882,10418,198,100,2,1,1
3036,30,26,1792,0,376,11,2,7,1,4,-70,2,982,6575,94,100,2,0,0
3040,7,3,1024,0,710,15,12,7,2,4,-70,8,671,9260,156,100,1,0,0
3042,1,0,256,0,43,0,0,3,0,0,0,10,1465,24723,3326,100,2,0,0
3042,4,1,512,10,784,23,13,7,2,3,-61,10,5923,34382,202,100,2,0,0
3041,2,3,1024,0,680,12,10,5,1,1,-52,1,810,13668,165,100,2,0,0
3039,26,21,1536,0,35,4,6,7,1,2,-52,2,1626,13678,16,100,2,0,0
3042,10,4,768,10,751,19,19,7,2,5,-70,10,3449,29602,195,38,2,1,1
3044,3,4,768,0,732,22,9,7,1,4,-52,10,1609,15265,201,100,1,0,0
3043,18,14,1280,0,149,15,11,7,1,6,-70,2,1128,12687,61,100,3,0,0
3044,11,5,1024,0,790,30,3,7,1,12,-70,10,1101,20348,191,100,2,0,0
3046,4,1,512,50,785,23,13,7,2,3,-61,10,2930,15636,202,100,1,0,0
3044,12,7,1280,0,756,14,6,7,1,2,-52,3,933,13992,190,100,3,0,0
3045,5,4,768,0,782,29,3,7,1,8,-52,10,651,17319,201,100,1,0,0
3043,13,7,1280,10,678,22,25,7,1,9,-70,6,551,4626,155,100,2,0,0
3047,1,0,256,0,43,0,0,3,0,0,0,10,905,15757,3331,100,1,0,0
3045,8,3,1024,0,715,29,16,7,1,10,-52,3,344,5975,199,100,1,1,1
3046,7,3,1024,0,710,15,12,7,2,4,-70,8,1094,11723,156,100,1,0,0
3045,30,26,1792,0,378,11,2,7,1,4,-70,2,940,11374,94,100,1,0,0
3048,11,5,1024,0,790,30,3,7,1,12,-70,10,406,7710,191,100,1,0,0
3049,3,4,768,0,735,22,9,7,1,4,-52,10,2379,18118,202,100,1,0,0
3049,10,4,768,0,755,19,19,7,2,5,-70,10,2037,19131,196,37,1,1,1
3050,9,4,768,0,752,19,25,7,1,5,-52,9,1005,20940,199,100,3,0,0
3049,13,7,1280,10,680,22,25,7,1,9,-70,6,562,6548,155,100,1,0,0
3050,2,3,1024,0,684,12,10,5,1,1,-52,1,913,11982,166,100,2,0,0
3050,8,3,1024,10,716,29,16,7,1,10,-52,3,394,5174,199,100,1,1,1
3052,4,1,512,10,786,23,13,7,2,3,-61,10,5011,25216,203,100,1,0,0
3053,1,0,256,0,43,0,0,3,0,0,0,10,1222,15372,3339,100,1,0,0
3052,12,7,1280,0,757,14,6,7,1,2,-52,3,553,8785,190,100,1,0,0
3054,3,4,768,0,737,22,9,7,1,4,-52,10,1659,14667,202,100,1,0,0
3055,7,3,1024,0,714,15,12,7,2,4,-70,8,1920,17562,157,100,2,0,0
3054,16,10,1024,10,303,17,7,7,1,8,-70,6,1136,12015,95,100,2,0,0
3055,5,4,768,0,784,29,3,7,1,8,-52,10,1167,28110,202,100,2,0,0
3056,8,3,1024,0,720,29,16,7,1,10,-52,3,710,5571,199,100,2,1,1
3057,9,4,768,10,754,19,25,7,1,5,-52,9,828,12543,199,100,3,0,0
3057,10,4,768,40,756,19,19,7,1,5,-70,10,1985,20867,196,46,1,1,1
3052,26,21,1536,0,37,4,6,7,1,2,-52,2,661,6625,17,100,2,0,0
3057,2,3,1024,0,686,12,10,5,1,1,-52,1,525,7761,166,100,1,0,0
3054,21,16,1280,10,868,28,10,7,1,10,-52,6,2293,22911,183,100,2,0,0
3056,12,7,1280,0,757,14,6,7,1,2,-52,3,403,5998,190,100,1,0,0
3060,4,1,512,50,788,23,13,7,2,3,-61,10,4362,25683,203,100,2,0,0
3050,31,30,2048,10,574,30,402,5,1,10,-52,0,426,6098,182,100,2,1,3
3058,6,10,1024,0,745,22,4,5,1,6,-70,0,552,13696,196,100,2,0,0
3060,11,5,1024,0,795,30,3,7,1,12,-70,10,1277,20994,192,100,3,0,0
3061,3,4,768,30,740,22,9,7,1,4,-52,10,2182,20033,203,100,1,0,0
3058,14,10,1024,30,753,25,29,7,1,8,-70,10,1532,18225,195,100,1,0,0
3058,13,7,1280,0,684,22,25,7,1,9,-70,6,1173,10416,156,100,3,0,0
3038,25,21,1536,20,1,1,1,1,0,1,-70,0,913,23568,0,100,7,0,0
3062,9,4,768,0,755,19,25,7,1,5,-52,9,485,9135,199,100,1,0,0
3056,25,21,1664,90,3,1,1,4,0,1,-70,0,1070,9328,1,100,9,0,0
3064,1,0,256,0,43,0,0,3,0,0,0,10,1747,31386,3349,100,2,0,0
3063,10,4,768,20,759,19,19,7,1,5,-70,10,2639,17878,197,50,2,1,1
3063,8,3,1024,0,721,29,16,7,1,10,-52,3,571,7307,200,100,2,1,1
3062,21,16,1280,10,870,28,10,7,1,10,-52,6,2869,20455,184,100,4,0,0
3066,7,3,1024,0,716,15,12,7,2,4,-70,8,1896,20371,157,100,1,0,0
3065,16,10,1024,0,306,17,7,7,1,8,-70,6,3082,21868,96,100,1,0,0
3066,2,3,1024,0,690,12,10,5,1,1,-52,1,948,10617,167,100,2,0,0
3066,5,4,768,0,786,29,3,7,1,8,-52,10,1697,33575,203,100,2,0,0
3066,11,5,1024,10,797,30,3,7,1,12,-70,10,641,10823,192,100,1,0,0
3066,12,7,1280,0,759,14,6,7,1,2,-52,3,733,11280,191,100,2,0,0
3065,26,21,1536,20,40,4,6,7,1,2,-52,2,536,8305,17,100,1,0,0
3068,13,7,1280,10,685,22,25,7,1,9,-70,6,540,9477,156,100,1,0,0
3069,8,3,1024,0,722,29,16,7,1,10,-52,3,394,5357,200,100,1,1,1
3069,6,10,1024,0,748,23,4,5,1,6,-70,0,1389,19299,197,100,2,0,0
3068,21,16,1280,20,873,28,10,7,1,10,-52,6,1907,14297,184,100,2,0,0
3070,11,5,1024,0,797,30,3,7,1,12,-70,10,374,7763,192,100,1,0,0
3071,4,1,512,0,791,23,13,7,2,3,-61,10,8697,41207,204,100,2,0,0
3071,3,4,768,0,742,22,9,7,1,4,-52,10,3168,31022,203,100,2,0,0
3072,9,4,768,0,757,19,25,7,1,5,-52,9,804,19257,200,100,2,0,0
3069,26,21,1536,0,45,4,6,7,1,2,-52,2,1316,8010,18,100,1,0,0
3070,25,21,1536,0,6,1,1,4,1,1,-70,0,589,5178,2,100,3,0,0
3073,10,4,768,10,763,19,19,7,1,5,-70,10,3340,28605,197,75,3,1,1
3068,31,30,2048,0,580,30,407,5,1,10,-52,0,947,6161,183,100,3,1,3
3074,12,7,1280,0,762,14,6,7,1,2,-52,3,788,11007,192,100,1,0,0
3075,11,5,1024,0,797,30,3,7,1,12,-70,10,247,7301,193,100,0,0,0
3075,1,0,256,0,43,0,0,3,0,0,0,10,2126,30761,3361,100,2,0,0
3075,7,3,1024,10,719,15,12,7,2,4,-70,8,2202,19679,158,100,2,0,0
3076,2,3,1024,0,694,12,10,5,1,1,-52,1,1023,12296,167,100,2,0,0
3073,21,16,1280,30,874,28,10,7,1,10,-52,6,1784,13672,184,100,1,0,0
3075,6,10,1024,20,751,23,4,5,1,6,-70,0,550,9554,198,100,1,0,0
3077,3,4,768,40,742,22,9,7,1,4,-52,10,1808,15612,204,100,1,0,0
3074,13,7,1280,10,687,22,25,7,1,9,-70,6,638,6595,157,100,1,0,0
3079,5,4,768,0,788,29,3,7,1,8,-52,10,2193,33852,204,100,2,0,0
3076,16,10,1024,20,308,17,7,7,1,8,-70,6,3645,23010,97,100,3,0,0
3079,9,4,768,0,760,19,25,7,1,5,-52,9,631,11948,200,100,1,0,0
3076,8,3,1024,10,726,29,16,7,1,10,-52,3,867,8844,201,100,1,1,1
3081,11,5,1024,0,797,30,3,7,1,12,-70,10,372,8668,193,100,1,0,0
3079,12,7,1280,0,762,14,7,7,1,2,-52,3,315,6542,192,100,2,0,0
3081,4,1,512,20,791,23,13,7,2,3,-61,10,6485,35257,205,100,1,0,0
3074,26,21,1536,0,48,4,6,7,1,2,-52,2,1004,7557,18,100,2,0,0
3082,10,4,768,10,768,19,19,7,1,5,-70,10,3336,25237,198,100,2,1,1
3081,8,3,1024,0,727,29,16,7,1,10,-52,3,597,4380,201,100,1,1,1
3083,3,4,768,10,743,22,9,7,1,4,-52,10,2141,19583,204,100,1,0,0
3083,1,0,256,0,43,0,0,3,0,0,0,10,1548,23184,3372,100,2,0,0
3083,13,7,1280,0,689,22,25,7,1,9,-70,6,933,9117,157,100,2,0,0
3085,5,4,768,0,789,29,3,7,1,8,-52,10,835,17313,204,100,1,0,0
3086,2,3,1024,0,696,12,10,5,1,1,-52,1,866,12060,168,100,2,0,0
3074,31,30,2048,0,582,30,408,5,1,10,-52,0,588,6198,184,100,2,1,3
3085,4,1,512,20,792,23,13,7,2,3,-61,9,2785,14835,205,100,1,0,0
3085,7,3,1024,10,720,15,12,7,2,4,-70,8,2113,20014,159,100,2,0,0
3086,10,4,768,70,771,19,19,7,1,5,-70,9,1649,11401,198,100,2,1,1
3077,30,26,1792,10,393,11,2,7,1,4,-70,2,1597,14642,96,100,3,0,0
3081,25,21,1536,0,8,1,1,5,1,1,-70,0,1578,12101,3,100,7,0,0
3085,6,10,1024,0,753,23,4,5,1,6,-70,0,1284,18594,198,100,2,0,0
3089,9,4,768,0,763,19,25,7,1,5,-52,9,705,17525,201,100,2,0,0
3091,1,0,256,0,43,0,0,3,0,0,0,10,922,19533,3376,100,1,0,0
3085,16,10,1024,60,312,17,7,7,1,8,-70,5,2747,17896,98,100,1,0,0
3089,8,3,1024,0,728,29,16,7,1,10,-52,3,678,7947,201,100,1,1,1
3090,10,4,768,80,774,19,19,7,2,5,-70,9,2501,14703,199,100,2,1,1
3091,11,5,1024,0,799,30,3,7,1,12,-70,10,1016,19182,194,100,2,0,0
3081,30,26,1792,0,395,11,2,7,1,4,-70,2,829,6505,97,100,1,0,0
3092,3,4,768,10,743,22,9,7,1,4,-52,10,2451,25097,205,100,2,0,0
3089,16,10,1024,40,315,17,7,7,1,8,-70,5,1762,8067,98,100,1,0,0
3090,6,10,1024,10,753,23,4,5,1,6,-70,0,223,7835,199,100,0,0,0
3093,5,4,768,0,792,29,3,7,1,8,-52,10,1161,22317,204,100,1,0,0
3091,13,7,1280,10,694,22,25,7,1,9,-70,6,1380,9259,158,100,4,0,0
3094,7,3,1024,0,722,15,12,7,2,4,-70,8,2054,18553,159,100,2,0,0
3093,8,3,1024,0,730,29,16,7,1,10,-52,3,533,4529,202,100,1,1,1
3094,9,4,768,0,765,19,25,7,1,5,-52,9,583,9105,201,100,1,0,0
3094,16,10,1024,50,318,17,7,7,1,8,-70,5,1590,9555,98,100,2,0,0
3090,25,21,1536,0,8,1,1,5,1,1,-70,0,1103,9142,4,100,4,0,0
3091,26,21,1536,0,55,4,6,7,1,2,-52,2,1229,11827,19,100,2,0,0
3097,4,1,512,30,796,23,13,7,2,3,-61,10,8855,46624,206,100,3,0,0
3097,2,3,1024,10,699,12,10,5,1,1,-52,1,772,14088,169,100,3,0,0
3097,6,10,1024,0,757,23,4,5,1,6,-70,0,860,12407,199,100,1,0,0
3098,5,4,768,0,793,29,3,7,1,8,-52,10,680,15783,205,100,1,0,0
3094,21,16,1280,0,879,28,10,7,1,10,-52,5,2043,22339,186,100,2,0,0
3095,30,26,1792,0,398,11,2,7,1,4,-70,2,1497,15513,98,100,2,0,0
3101,3,4,768,30,746,22,9,7,1,4,-52,10,2430,25362,205,100,1,0,0
3101,9,4,768,10,767,19,25,7,1,5,-52,9,750,12589,202,100,3,0,0
3096,31,30,2048,0,588,30,413,5,1,10,-52,0,1060,9015,185,100,4,1,3
3102,11,5,1024,0,801,30,3,7,1,12,-70,10,1162,19116,194,100,2,0,0
3101,12,7,1280,10,770,14,7,7,1,2,-52,3,1232,13707,193,100,4,0,0
3064,14,4,1152,80,756,27,29,7,0,9,-95,10,1717,14983,195,100,3,0,0
3102,1,0,256,0,43,0,0,3,0,0,0,10,2217,33073,3387,100,2,0,0
3100,13,7,1280,10,696,22,25,7,1,9,-70,6,737,8781,158,100,2,0,0
3074,14,4,1152,90,758,27,29,7,0,9,-95,10,2053,20432,196,100,3,0,0
3080,14,4,1152,90,759,27,29,7,0,9,-95,10,429,10017,196,100,1,0,0
3102,10,4,768,0,780,19,19,7,2,5,-70,9,5486,35241,199,100,3,1,1
3102,16,10,1024,60,320,18,7,7,1,8,-70,5,2475,16700,99,100,2,0,0
3104,7,3,1024,10,723,15,12,7,2,4,-70,8,1663,19328,160,100,1,0,0
3097,25,21,1536,0,8,1,1,5,1,1,-70,0,380,6393,4,100,2,0,0
3103,8,3,1024,0,731,29,16,7,1,10,-52,3,681,9511,202,100,2,1,1
3096,14,4,1152,100,761,27,30,7,0,9,-95,10,1558,21434,197,100,4,0,0
3098,21,16,1280,10,880,28,10,7,1,10,-52,5,1400,11217,186,100,2,0,0
3099,26,21,1536,0,57,4,6,7,1,2,-52,2,1226,12419,20,100,2,0,0
3103,6,10,1024,0,760,23,4,5,1,6,-70,0,736,14075,200,100,1,0,0
3105,13,7,1280,0,699,22,25,7,1,9,-70,6,713,6575,159,100,1,0,0
3103,14,9,1133,70,763,28,30,7,1,10,-52,10,1318,13550,198,100,2,0,0
3107,5,4,768,20,795,29,3,7,1,8,-52,10,1573,25898,205,100,2,0,0
3107,11,5,1027,10,802,30,3,7,1,12,-70,10,797,9397,195,100,1,0,0
3103,21,16,1280,10,881,28,10,7,1,10,-52,5,812,9586,186,100,1,0,0
3108,12,7,1280,0,772,14,7,7,1,2,-52,3,666,8167,194,100,1,0,0
3103,30,26,1792,0,402,11,2,7,1,4,-70,2,1327,11052,98,100,2,0,0
3108,4,1,512,50,802,23,13,7,3,3,-61,10,9578,47403,207,100,4,0,0
3103,31,30,2048,0,589,30,415,5,1,10,-52,0,478,6207,185,100,3,1,3
3106,2,3,1024,0,703,12,10,5,1,1,-52,1,1066,12778,170,100,3,0,0
3107,25,21,1536,0,10,1,1,7,1,1,-70,0,1015,9850,5,100,6,0,0
3108,7,3,1024,0,724,15,12,7,2,4,-70,8,1096,9641,160,100,1,0,0
3110,3,4,768,10,750,22,9,7,1,4,-52,10,3960,28886,206,100,2,0,0
3108,21,16,1280,0,885,28,10,7,1,10,-52,5,1527,12072,187,100,2,0,0
3109,20,14,1408,0,11,4,4,5,1,2,-70,0,920,10753,6,100,4,0,0
3109,8,3,1024,10,732,29,16,7,1,10,-52,3,450,6271,203,100,1,1,1
3110,9,4,768,0,768,19,25,7,1,5,-52,10,2314,20670,203,100,1,0,0
3110,10,4,768,0,786,19,19,7,2,5,-70,9,4972,29404,200,100,2,1,1
3110,16,10,1024,20,323,18,7,7,2,8,-70,5,2786,16573,99,100,3,0,0
3109,26,21,1536,0,59,4,6,7,1,2,-52,2,1623,17387,20,100,3,0,0
3112,13,7,1280,0,702,22,25,7,1,9,-70,6,745,7413,159,100,2,0,0
3111,31,30,2048,0,591,30,417,5,1,10,-52,0,809,8524,186,100,4,1,3
3113,11,5,1024,0,802,30,3,7,1,12,-70,10,370,11186,195,100,1,0,0
3110,18,14,1408,0,176,16,11,7,1,6,-70,4,1312,10807,65,100,3,0,0
3111,6,10,1024,0,763,23,4,5,1,6,-70,0,757,13659,200,100,2,0,0
3113,1,0,256,0,43,0,0,3,0,0,0,10,2910,36130,3406,100,2,0,0
3113,4,1,512,0,805,23,13,7,3,3,-61,10,4823,21826,207,100,2,0,0
3113,14,9,1024,0,768,29,30,7,1,10,-52,10,4032,29828,198,100,4,0,0
3114,8,3,1024,0,732,29,16,7,1,10,-52,3,416,4906,203,100,1,1,1
3115,2,3,1024,0,705,12,10,5,1,1,-52,1,913,11511,170,100,2,0,0
3116,12,7,1280,10,776,14,7,7,1,2,-52,3,964,10831,194,100,3,0,0
3112,30,26,1792,10,405,11,2,7,1,4,-70,2,1622,13628,99,100,4,0,0
3117,5,4,768,0,797,29,3,7,1,8,-52,10,1462,28908,206,100,2,0,0
3116,31,30,2048,0,592,30,418,5,1,10,-52,0,546,4486,186,100,2,1,3
3116,6,10,1024,0,764,23,4,5,1,6,-70,0,273,7536,200,100,0,0,0
3117,10,4,768,0,786,19,19,7,2,5,-70,9,2608,22136,200,100,1,1,1
3118,8,3,1024,0,732,29,16,7,1,10,-52,3,284,4422,203,100,0,1,1
3118,14,9,1024,0,772,29,30,7,1,10,-52,10,1474,11781,199,100,2,0,0
3119,3,4,768,0,755,22,9,7,1,4,-52,10,2871,27265,206,100,1,0,0
3119,16,10,1024,0,327,18,7,7,2,8,-70,5,2450,15724,100,100,2,0,0
3118,21,16,1280,20,892,28,10,7,1,10,-52,5,3003,23404,187,100,3,0,0
3120,7,3,1024,0,726,15,12,7,2,4,-70,8,2448,24269,161,100,2,0,0
3083,17,18,1664,90,243,15,15,7,0,6,-52,4,1688,14518,74,100,2,0,0
3120,1,0,256,0,43,0,0,3,0,0,0,10,1177,19908,3414,100,1,0,0
3121,11,5,1024,20,803,30,3,7,1,12,-70,10,916,14850,196,100,1,0,0
3120,9,4,768,20,773,19,25,7,1,5,-52,10,2598,21734,203,100,3,0,0
3085,15,11,1408,100,139,10,10,7,0,5,-70,0,193,4078,50,100,1,0,0
3120,20,14,1280,0,12,5,4,5,1,2,-70,0,859,11398,7,100,4,0,0
3094,15,11,1408,90,142,10,10,7,0,5,-70,0,771,7810,50,100,3,0,0
3121,2,3,1024,0,705,12,10,5,1,1,-52,1,287,6922,170,100,1,0,0
3123,4,1,512,60,808,23,13,7,3,3,-61,10,7402,38083,207,100,3,0,0
3118,25,21,1554,0,11,1,1,7,1,1,-70,0,827,12174,6,100,4,0,0
3119,26,21,1536,0,64,4,6,7,1,2,-52,2,1962,16813,21,100,3,0,0
3123,5,4,768,10,798,29,3,7,1,8,-52,10,1963,21270,207,100,1,0,0
3094,17,18,1664,100,247,15,15,7,0,6,-52,4,1286,11522,75,100,3,0,0
3124,10,4,768,0,789,19,19,7,2,5,-70,9,2888,20942,201,100,1,1,1
3100,15,11,1408,90,143,10,10,7,0,5,-70,0,532,5365,51,100,2,0,0
3123,13,7,1280,0,707,22,25,7,1,9,-70,6,1059,11968,160,100,4,0,0
3122,30,26,1792,10,409,11,2,7,1,4,-70,2,1829,13702,99,100,3,0,0
3112,15,11,1408,80,145,10,10,7,0,5,-70,0,439,9555,51,100,3,0,0
3122,18,14,1280,20,179,17,11,7,1,6,-70,4,2188,16151,66,100,3,0,0
3125,12,7,1280,0,779,14,7,7,1,2,-52,3,945,12579,195,100,2,0,0
3106,17,18,1792,90,252,16,15,7,0,6,-52,4,767,13313,76,100,3,0,0
3125,1,0,256,0,43,0,0,3,0,0,0,10,1745,15911,3429,100,1,0,0
3125,16,10,1024,20,329,18,7,7,2,8,-70,5,2488,12843,100,100,1,0,0
3119,15,11,1408,80,147,10,10,7,0,5,-70,0,681,6821,52,100,2,0,0
3125,3,4,768,0,757,22,9,7,1,4,-52,10,2338,20459,207,100,2,0,0
3122,31,30,2048,0,593,30,420,5,1,10,-52,0,613,6400,187,100,3,1,3
3126,6,10,1024,0,767,23,4,5,1,6,-70,0,1265,16331,201,100,2,0,0
3126,8,3,1024,0,733,29,16,7,1,10,-52,3,785,8215,204,100,2,1,1
3118,17,18,1792,80,257,16,15,7,0,6,-52,4,1001,8062,77,100,3,0,0
3126,21,16,1280,10,895,28,10,7,1,10,-52,5,2524,19882,188,100,2,0,0
3128,4,1,512,90,808,23,14,7,3,3,-61,10,6064,25934,208,100,2,0,0
3120,22,17,2048,0,110,11,13,7,1,5,-52,0,584,4580,31,100,1,0,0
3126,26,21,1536,0,65,4,6,7,1,2,-52,2,1094,11640,21,100,2,0,0
3127,7,3,1024,0,727,15,12,7,2,4,-70,8,1380,13873,162,100,2,0,0
3126,18,14,1280,10,181,17,11,7,1,6,-70,4,1769,7856,66,100,2,0,0
3128,15,11,1280,0,149,10,10,7,1,5,-70,0,2317,11903,52,100,3,0,0
3127,2,3,1024,0,707,12,10,5,1,1,-52,1,1180,8847,171,100,1,0,0
3126,17,18,1536,0,262,16,15,7,1,6,-52,4,2450,12686,77,100,3,0,0
3128,5,4,768,0,800,29,3,7,1,8,-52,10,1679,15622,207,100,1,0,0
3127,14,9,1024,0,775,29,30,7,1,10,-52,10,3335,23936,199,100,3,0,0
3127,22,17,1920,0,113,12,13,7,1,5,-52,0,706,7135,31,100,2,0,0
3129,12,7,1280,0,779,14,7,7,1,2,-52,3,238,5708,195,100,0,0,0
3129,13,7,1280,10,708,22,25,7,1,9,-70,6,396,5179,160,100,1,0,0
3130,11,5,1024,0,804,30,3,7,1,12,-70,10,2306,21873,196,100,2,0,0
3131,3,4,768,0,759,22,9,7,1,4,-52,10,1848,17719,207,100,1,0,0
3132,10,4,768,0,790,19,19,7,2,5,-70,9,2522,24697,201,100,2,1,1
3130,25,21,1536,0,14,1,1,7,1,1,-70,0,1159,12286,6,100,6,0,0
3132,9,4,768,30,776,19,25,7,1,5,-52,10,3565,24093,204,100,3,0,0
3132,4,1,512,0,808,23,14,7,3,3,-61,10,4124,17959,208,100,1,0,0
3132,21,16,1280,0,896,28,10,7,1,10,-52,5,1132,13246,188,100,1,0,0
3132,14,9,1024,30,775,29,30,7,1,10,-52,10,1220,11002,200,100,0,0,0
3133,13,7,1280,0,709,22,25,7,1,9,-70,6,665,5649,161,100,1,0,0
3134,7,3,1024,10,728,15,12,7,2,4,-70,8,1799,79871,162,100,1,0,0
3134,16,10,1024,0,333,18,7,7,2,8,-70,5,2869,18007,101,100,2,0,0
3132,26,21,1536,0,68,4,6,7,1,2,-52,2,1070,10901,22,100,2,0,0
3134,8,3,1024,0,734,29,16,7,1,10,-52,3,442,7676,204,100,1,1,1
3135,11,5,1024,0,805,30,3,7,1,12,-70,10,862,11189,197,100,2,0,0
3134,2,3,1024,10,709,12,10,5,1,1,-52,1,680,8880,171,100,1,0,0
3135,6,10,1024,0,768,23,4,5,1,6,-70,0,672,16050,202,100,2,0,0
3135,5,4,768,10,801,29,3,7,1,8,-52,10,1416,22742,207,100,1,0,0
3136,12,7,1280,0,779,14,7,7,1,2,-52,3,439,7842,196,100,2,0,0
3137,1,0,256,0,43,0,0,3,0,0,0,10,2638,32034,3446,100,2,0,0
3137,15,11,1280,0,152,10,10,7,1,5,-70,0,943,9564,53,100,2,0,0
3133,30,26,1818,20,415,11,2,7,1,4,-70,2,1947,15000,100,100,4,0,0
3133,31,30,2048,0,595,30,423,5,1,10,-52,0,630,9670,187,100,5,1,3
3138,10,4,768,10,793,19,19,7,2,5,-70,9,2903,21230,202,100,1,1,1
3134,18,14,1280,0,182,17,11,7,1,6,-70,5,1888,12989,67,100,2,0,0
3138,8,3,1024,0,734,29,16,7,1,10,-52,3,319,3901,205,100,1,1,1
3135,17,18,1536,10,264,17,15,7,1,6,-52,4,1318,12504,78,100,2,0,0
3137,21,16,1280,0,899,28,10,7,1,10,-52,5,1696,12875,189,100,1,0,0
3141,9,4,768,30,779,19,25,7,1,5,-52,10,2384,20097,205,100,3,0,0
3139,26,21,1536,0,72,4,6,7,1,2,-52,2,1512,11736,22,100,3,0,0
3139,14,9,1024,30,780,29,30,7,1,10,-52,10,3228,20805,200,100,3,0,0
3142,3,4,768,0,763,22,9,7,1,4,-52,10,3601,31459,208,100,3,0,0
3138,20,14,1280,0,14,5,4,5,1,2,-70,0,602,6807,8,100,2,0,0
3141,31,30,2048,0,597,30,425,5,1,10,-52,0,737,8285,188,100,4,1,3
3142,2,3,1024,0,710,12,10,5,1,1,-52,1,934,9995,172,100,4,0,0
3142,1,0,256,0,44,0,0,3,0,0,0,10,1265,13501,3457,100,2,0,0
3143,10,4,768,0,795,19,19,7,2,5,-70,9,1618,13804,202,100,2,1,1
3139,22,17,1792,10,117,13,13,7,1,5,-52,0,1480,12995,32,100,2,0,0
3142,30,26,1792,0,417,11,2,7,1,4,-70,2,1723,12886,101,100,3,0,0
3142,17,18,1536,0,267,17,15,7,1,6,-52,4,1277,10242,78,100,2,0,0
3142,25,21,1536,0,15,1,1,7,1,1,-70,0,1110,12662,7,100,4,0,0
3142,11,5,1024,0,805,30,3,7,1,12,-70,10,733,16317,197,100,2,0,0
3143,8,3,1024,0,736,29,16,7,1,10,-52,3,599,5418,205,100,2,1,1
3144,4,1,512,0,809,23,15,7,3,3,-61,10,10352,49929,209,100,3,0,0
3144,5,4,768,10,803,29,3,7,1,8,-52,10,1097,20827,208,100,3,0,0
3145,18,14,1280,10,184,17,11,7,1,6,-70,5,2161,15084,67,100,2,0,0
3145,7,3,1024,0,730,15,12,7,2,4,-70,8,1606,21024,163,100,2,0,0
3145,16,10,1024,10,337,18,7,7,2,8,-70,5,3441,22204,101,100,3,0,0
3145,13,7,1280,10,712,22,25,7,1,9,-70,6,937,11194,161,100,3,0,0
3148,6,10,1024,10,772,23,4,5,1,6,-70,0,1015,20530,202,100,2,0,0
3146,20,14,1280,0,14,5,4,5,1,2,-70,0,542,7864,8,100,2,0,0
3148,9,4,768,0,782,19,25,7,1,5,-52,10,2149,16214,205,100,1,0,0
3147,12,7,1280,0,781,14,7,7,1,2,-52,3,663,13306,196,100,3,0,0
3147,26,21,1536,0,75,4,6,7,1,2,-52,2,1403,13151,23,100,2,0,0
3149,21,16,1280,10,906,28,10,7,1,10,-52,5,2698,24329,189,100,4,0,0
3148,2,3,1024,10,713,13,10,5,1,1,-52,1,574,7225,172,100,2,0,0
3148,8,3,1024,0,737,29,16,7,1,10,-52,3,364,4781,205,100,2,1,1
3150,4,1,512,70,814,24,15,7,3,3,-61,10,5449,26441,209,100,1,0,0
3151,1,0,256,0,45,0,0,3,0,0,0,10,1912,23417,3466,100,3,0,0
3148,30,26,1792,10,420,11,2,7,1,4,-70,2,816,8774,101,100,1,0,0
3148,25,21,1536,0,15,1,1,7,1,1,-70,0,462,5672,8,100,2,0,0
3145,15,11,1280,10,155,10,10,7,1,5,-70,0,771,9413,54,100,3,0,0
3150,11,5,1024,20,809,31,3,7,1,12,-70,10,2107,18729,198,100,1,0,0
3151,3,4,768,10,765,22,9,7,1,4,-52,10,2968,29769,209,100,2,0,0
3149,31,30,2048,10,599,30,427,5,1,10,-52,0,844,8324,189,100,4,1,3
3151,26,21,1536,0,76,4,6,7,1,2,-52,2,889,7141,23,100,1,0,0
3151,14,9,1024,60,782,29,30,7,1,10,-52,10,3493,29604,201,100,2,0,0
3154,16,10,1024,0,338,18,7,7,2,8,-70,5,2607,16866,102,100,2,0,0
3155,10,4,768,0,802,19,19,7,2,5,-70,9,5311,38916,203,100,3,1,1
3153,12,7,1280,0,784,14,7,7,1,2,-52,3,846,7988,197,100,1,0,0
3146,22,17,1792,10,119,13,13,7,1,5,-52,0,735,7299,33,100,1,0,0
3155,21,16,1280,0,909,28,10,7,1,10,-52,5,1880,15295,190,100,2,0,0
3154,8,3,1024,0,738,29,16,7,1,10,-52,3,630,6443,206,100,1,1,1
3148,17,18,1536,0,270,17,15,7,1,6,-52,4,1077,8120,79,100,2,0,0
3154,7,3,1024,0,731,15,12,7,2,4,-70,8,2642,21857,163,100,2,0,0
3156,9,4,768,20,784,19,25,7,1,5,-52,10,2006,16603,206,100,3,0,0
3150,20,14,1280,0,14,5,5,6,1,2,-70,1,471,4833,9,100,2,0,0
3156,5,4,768,10,809,29,4,7,1,8,-52,10,2940,33838,209,100,4,0,0
3155,17,18,1536,0,271,17,15,7,1,6,-52,4,508,7867,79,100,1,0,0
3157,1,0,256,0,46,0,0,3,0,0,0,10,1698,16664,3479,100,2,0,0
3157,6,10,1024,0,778,23,4,5,1,6,-70,0,1435,18998,203,100,2,0,0
3157,2,3,1024,0,714,13,10,5,1,1,-52,1,730,11106,173,100,2,0,0
3121,19,14,1408,80,8,4,4,6,0,1,-52,0,294,7091,5,100,2,0,0
3156,25,21,1536,0,16,1,1,7,1,1,-70,0,757,7880,8,100,3,0,0
3158,16,10,1024,0,339,18,7,7,2,8,-70,5,780,7869,102,100,1,0,0
3156,18,14,1280,0,189,17,11,7,1,6,-70,5,2600,18958,68,100,3,0,0
3132,19,14,1408,80,10,4,4,6,0,1,-52,0,543,10466,6,100,3,0,0
3155,30,26,1792,20,423,11,2,7,1,4,-70,2,1576,10496,102,100,3,0,0
3155,31,30,2048,0,601,30,428,5,1,10,-52,0,558,5354,189,100,1,1,3
3158,14,9,1024,70,785,30,31,7,1,10,-52,10,2946,20061,201,100,2,0,0
3158,11,5,1024,0,813,31,3,7,1,12,-70,10,1206,17431,198,100,2,0,0
3159,3,4,768,10,766,22,9,7,1,4,-52,10,2436,24273,209,100,2,0,0
3149,19,14,1408,90,10,4,4,6,0,1,-52,0,242,5802,7,100,2,0,0
3159,30,26,1792,0,424,11,2,7,1,4,-70,2,1019,6773,102,100,2,0,0
3154,19,14,1408,70,11,4,4,7,0,1,-52,0,398,5344,7,100,2,0,0
3160,26,21,1536,0,80,4,6,7,1,2,-52,2,1729,15030,24,100,3,0,0
3160,8,3,1024,0,741,29,16,7,1,10,-52,3,664,6600,206,100,2,1,1
3162,4,1,512,0,816,25,15,7,3,3,-61,10,12100,54178,210,100,2,0,0
3161,25,21,1536,0,18,1,1,7,1,1,-70,0,688,4756,8,100,2,0,0
3127,24,20,1664,80,2,3,3,6,0,2,-70,0,1012,9218,1,100,8,0,0
3160,19,14,1280,10,12,4,4,7,1,1,-52,0,1253,6900,8,100,2,0,0
3161,7,3,1024,10,732,15,12,7,2,4,-70,8,796,15279,164,100,1,0,0
3135,24,20,1664,80,4,4,3,6,0,2,-70,0,809,7072,1,100,5,0,0
3164,12,7,1280,0,788,14,7,7,1,2,-52,3,1260,13783,198,100,3,0,0
3164,9,4,768,40,786,19,25,7,1,5,-52,10,3613,22056,206,100,2,0,0
3162,18,14,1280,20,191,17,11,7,1,6,-70,5,962,8286,68,100,2,0,0
3164,5,4,768,0,812,29,4,7,1,8,-52,10,1579,23116,209,100,3,0,0
3165,10,4,768,10,806,19,19,7,2,5,-70,9,4225,33778,204,100,4,1,1
3164,14,9,1024,90,788,30,31,7,1,10,-52,10,2529,15711,202,100,2,0,0
3162,2,3,1024,10,718,13,10,5,1,1,-52,1,709,8413,173,100,2,0,0
3166,6,10,1024,10,779,23,4,5,1,6,-70,0,729,15543,204,100,1,0,0
3165,8,3,1024,10,743,30,16,7,1,10,-52,3,811,5744,206,100,2,1,1
3166,31,30,2048,0,608,30,431,5,1,10,-52,0,1589,11695,190,100,7,1,3
3167,1,0,256,0,47,0,0,3,0,0,0,10,2850,28590,3497,100,3,0,0
3157,24,20,1664,80,5,4,3,7,0,2,-70,0,989,10617,3,100,5,0,0
3167,21,16,1284,10,910,28,10,7,1,10,-52,5,3324,28404,191,100,4,0,0
3165,19,14,1280,0,12,4,4,7,1,1,-52,0,478,5805,8,100,2,0,0
3165,22,17,1792,0,125,13,13,7,1,5,-52,0,965,9615,34,100,2,0,0
3168,12,7,1280,0,790,14,7,7,1,2,-52,3,510,5919,198,100,1,0,0
3166,30,26,1792,10,426,11,2,7,1,4,-70,2,1096,9537,102,100,1,0,0
3167,11,5,1024,0,816,31,3,7,1,12,-70,10,841,19354,199,100,1,0,0
3168,25,21,1536,0,19,1,1,7,1,1,-70,0,747,8263,9,100,3,0,0
3169,3,4,768,0,771,22,9,7,1,4,-52,10,3668,30619,210,100,2,0,0
3169,5,4,768,0,813,29,4,7,1,8,-52,10,1331,15217,210,100,1,0,0
3170,16,10,1024,0,344,18,7,7,2,8,-70,5,4233,25270,103,100,3,0,0
3169,7,3,1024,0,733,16,12,7,2,4,-70,8,1277,15605,165,100,2,0,0
3164,24,20,1536,10,7,4,3,7,1,2,-70,0,1973,9782,3,100,4,0,0
3169,17,18,1536,10,276,17,15,7,1,6,-52,4,1250,11508,80,100,1,0,0
3170,20,14,1280,0,17,5,5,6,1,2,-70,1,2389,15430,10,100,3,0,0
3171,10,4,768,0,811,19,19,7,2,5,-70,9,3361,21839,204,100,1,1,1
3171,8,3,1024,0,743,30,16,7,1,10,-52,3,392,6830,207,100,1,1,1
3171,26,21,1536,0,86,4,6,7,1,2,-52,2,2190,19355,24,100,3,0,0
3173,11,5,1024,0,818,31,3,7,1,12,-70,10,527,9458,199,100,1,0,0
3173,4,1,512,0,820,26,15,7,3,3,-61,10,11168,51411,211,100,2,0,0
3171,14,9,1024,20,790,30,31,7,1,10,-52,10,3056,19458,202,100,1,0,0
3170,18,14,1280,20,196,17,11,7,1,6,-70,5,2327,17618,69,100,2,0,0
3174,9,4,768,40,786,19,25,7,1,5,-52,10,3859,23824,207,100,2,0,0
3172,31,30,2048,0,608,30,432,5,1,10,-52,0,428,6042,190,100,2,1,3
3173,5,4,768,10,815,29,4,7,1,8,-52,10,657,11149,210,100,0,0,0
3172,2,3,1024,0,720,13,10,5,1,1,-52,1,812,12134,174,100,1,0,0
3175,12,7,1280,0,791,14,7,7,1,2,-52,3,490,7748,198,100,2,0,0
3173,24,20,1536,0,8,4,3,7,1,2,-70,0,1143,11226,4,100,4,0,0
3174,30,26,1819,0,428,11,2,7,1,4,-70,2,1552,12622,103,100,2,0,0
3177,1,0,256,0,48,0,0,3,0,0,0,10,2310,26547,3509,100,2,0,0
3137,23,18,1664,40,2,1,4,5,0,1,-52,0,788,5559,1,100,6,0,0
3176,19,14,1280,0,13,4,4,7,1,1,-52,0,818,10955,9,100,4,0,0
3176,21,16,1284,0,914,28,10,7,1,10,-52,5,2808,23046,191,100,2,0,0
3176,8,3,1024,10,744,30,16,7,1,10,-52,3,482,4902,207,100,2,1,1
3178,4,1,512,40,821,26,15,7,3,3,-61,10,5355,21732,211,100,1,0,0
3177,6,10,1024,0,780,23,4,5,1,6,-70,0,640,19667,204,100,2,0,0
3145,23,18,1664,40,2,1,4,5,0,1,-52,0,1021,8038,1,100,5,0,0
3176,7,3,1024,0,734,16,12,7,2,4,-70,8,858,12834,165,100,1,0,0
3177,25,21,1536,0,21,1,1,7,1,1,-70,0,678,8383,9,100,4,0,0
3176,18,14,1280,60,199,17,11,7,1,6,-70,6,2150,12084,70,100,2,0,0
3180,10,4,768,0,814,19,19,7,2,5,-70,9,3619,25860,205,80,3,1,1
3180,5,4,768,0,817,29,4,7,1,8,-52,10,1103,16548,210,100,1,0,0
3177,31,30,2048,10,610,30,434,5,1,10,-52,0,578,5446,191,100,4,1,3
3180,3,4,768,10,775,22,9,7,1,4,-52,10,2793,31960,211,100,2,0,0
3180,14,9,1024,60,793,30,31,7,1,10,-52,10,3979,25446,203,100,2,0,0
3181,26,21,1536,0,88,4,6,7,1,2,-52,2,2007,16039,25,100,3,0,0
3182,12,7,1280,0,795,14,7,7,1,2,-52,3,923,9896,199,100,2,0,0
3180,19,14,1280,0,14,4,4,7,1,1,-52,0,385,5347,9,100,2,0,0
3168,23,18,1664,100,4,1,4,5,0,1,-52,0,685,8445,3,100,5,0,0
3184,11,5,1024,0,819,31,3,7,1,12,-70,10,680,20924,200,100,2,0,0
3183,2,3,1024,0,724,13,10,5,1,1,-52,1,1111,14282,175,100,2,0,0
3184,9,4,768,20,790,19,26,7,1,5,-52,10,4203,27558,208,100,3,0,0
3183,7,3,1024,0,734,16,12,7,2,4,-70,8,1111,13534,165,100,1,0,0
3181,23,18,1536,0,7,1,4,6,1,1,-52,1,1475,7363,4,100,3,0,0
3186,10,4,768,10,818,19,19,7,2,5,-70,9,2002,16928,205,28,2,1,1
3187,1,0,256,0,48,0,0,3,0,0,0,10,2599,29271,3530,100,2,0,0
3187,5,4,768,0,819,29,4,7,1,8,-52,10,1561,19618,211,100,3,0,0
3186,8,3,1024,10,749,30,16,7,1,10,-52,3,1114,11460,208,100,3,1,1
3188,4,1,512,10,823,27,15,7,3,3,-61,10,8704,43314,212,100,3,0,0
3181,22,17,1792,0,131,13,13,7,1,5,-52,0,508,5195,35,100,1,0,0
3188,14,9,1024,60,797,30,31,7,1,10,-52,10,3528,23956,203,100,2,0,0
3189,6,10,1024,0,782,23,4,5,1,6,-70,0,621,11822,205,100,2,0,0
3189,9,4,768,20,792,19,27,7,1,5,-52,10,1668,10526,208,100,1,0,0
3184,17,18,1536,0,283,17,15,7,1,6,-52,4,1823,13263,81,100,2,0,0
3187,18,14,1280,10,202,17,11,7,1,6,-70,6,1289,10201,70,100,0,0,0
3190,3,4,768,10,780,22,9,7,1,4,-52,10,3015,29264,211,100,3,0,0
3188,22,17,1792,10,134,13,13,7,1,5,-52,0,633,6397,35,100,1,0,0
3189,17,18,1536,10,283,17,15,7,1,6,-52,4,668,7193,82,100,0,0,0
3191,7,3,1024,0,737,16,12,7,2,4,-70,8,1301,14544,166,100,3,0,0
3190,23,18,1536,0,8,1,4,6,1,1,-52,1,896,10744,4,100,6,0,0
3195,1,0,256,0,48,0,0,3,0,0,0,10,1137,18229,3537,100,2,0,0
3194,12,7,1280,10,797,14,7,7,1,2,-52,3,693,14582,200,100,2,0,0
3196,4,1,512,10,826,27,15,7,3,3,-61,10,4430,27036,212,100,2,0,0
3196,10,4,768,20,822,20,19,7,2,5,-70,10,2092,25363,206,60,3,1,1
3195,2,3,1024,0,730,13,10,5,1,1,-52,1,1215,14453,175,100,4,0,0
3192,22,17,1792,0,135,13,13,7,1,5,-52,0,461,4879,36,100,0,0,0
3195,8,3,1024,0,753,30,16,7,1,10,-52,3,940,9610,208,100,3,1,1
3197,14,9,1024,40,800,30,31,7,1,10,-52,10,3466,23813,204,100,3,0,0
3195,24,20,1536,10,10,4,3,7,1,2,-70,0,802,9347,6,100,4,0,0
3197,7,3,1024,0,739,16,12,7,2,4,-70,8,1097,11365,166,100,2,0,0
3198,5,4,768,0,822,30,4,7,1,8,-52,10,1414,30805,212,100,3,0,0
3200,4,1,512,30,830,27,15,7,3,3,-61,10,3536,18428,213,100,1,0,0
3199,3,4,768,0,782,23,9,7,1,4,-52,10,3198,29498,212,100,2,0,0
3196,18,14,1280,0,203,17,11,7,1,6,-70,6,2038,17106,71,100,2,0,0
3200,9,4,768,10,793,20,27,7,1,5,-52,10,3802,26318,209,100,3,0,0
3199,12,7,1280,0,799,15,7,7,1,2,-52,3,708,8944,200,100,2,0,0
3198,20,14,1280,0,19,5,5,7,1,2,-70,1,2062,16558,12,100,3,0,0
3198,22,17,1792,0,136,13,13,7,1,5,-52,0,816,6120,36,100,2,0,0
3198,23,18,1536,0,8,1,4,7,1,1,-52,1,568,7363,5,100,2,0,0
3203,10,4,768,0,823,20,19,7,2,5,-70,10,904,15716,206,0,1,1,1
3199,17,18,1536,0,284,17,15,7,1,6,-52,4,1168,12535,82,100,2,0,0
3204,1,0,256,0,49,0,0,3,0,0,0,10,2244,24707,3550,100,3,0,0
3204,24,20,1536,0,11,4,3,7,1,2,-70,0,1055,11885,6,100,3,0,0
3202,22,17,1792,0,137,13,13,7,1,5,-52,0,512,5328,36,100,1,0,0
3206,14,9,1024,20,804,30,31,7,1,10,-52,10,3962,29310,205,100,2,0,0
3207,5,4,768,0,825,30,4,7,1,8,-52,10,626,20269,212,100,2,0,0
3206,11,6,1280,0,829,33,3,7,1,13,-52,10,1310,22601,201,100,3,0,0
3207,3,4,768,40,786,23,9,7,1,4,-52,10,2213,20640,212,100,1,0,0
3209,4,1,512,10,832,28,15,7,3,3,-61,10,5674,32060,213,100,2,0,0
3205,8,3,1024,0,757,30,16,7,1,10,-52,3,819,9709,209,100,1,1,1
3205,2,3,1024,10,731,13,10,5,1,1,-52,1,444,12322,176,100,1,0,0
3206,19,14,1280,0,17,4,4,7,1,1,-52,0,368,4300,11,100,1,0,0
3209,10,4,768,0,826,20,19,7,2,5,-70,10,1120,16596,206,33,1,1,1
3207,7,3,1024,0,742,16,12,7,1,4,-70,8,1679,18455,167,100,2,0,0
3208,20,14,1280,0,19,5,5,7,1,2,-70,1,981,14233,13,100,2,0,0
3208,18,14,1280,30,209,17,11,7,1,6,-70,6,1869,12580,72,100,2,0,0
3208,12,7,1280,0,800,15,7,7,1,2,-52,3,884,11711,201,100,2,0,0
3212,9,4,768,0,797,20,27,7,1,5,-52,10,4374,28625,209,100,2,0,0
3210,8,3,1024,10,760,30,16,7,1,10,-52,3,806,5665,209,100,3,1,1
3213,1,0,256,0,49,0,0,3,0,0,0,10,1477,22380,3562,100,1,0,0
3212,2,3,1024,0,732,13,10,5,1,1,-52,1,786,8529,177,100,2,0,0
3207,23,18,1536,0,9,1,4,7,1,1,-52,1,733,9684,6,100,4,0,0
3213,3,4,768,20,787,23,9,7,1,4,-52,9,2906,20011,213,100,2,0,0
3213,6,10,1024,0,791,23,4,5,1,6,-70,1,1944,22959,207,100,2,0,0
3208,17,18,1536,0,286,17,15,7,1,6,-52,4,1241,12269,83,100,2,0,0
3215,5,4,768,0,830,30,4,7,1,8,-52,9,1072,20358,213,100,3,0,0
3211,24,20,1536,0,12,4,3,7,1,2,-70,0,906,11772,7,100,4,0,0
3215,7,3,1024,20,745,17,12,7,1,4,-70,7,2121,17633,167,100,3,0,0
3212,20,14,1280,0,19,5,5,7,1,2,-70,1,813,6404,13,100,1,0,0
3213,22,17,1792,0,141,13,13,7,1,5,-52,1,1005,10704,37,100,2,0,0
3212,23,18,1536,0,9,1,4,7,1,1,-52,1,355,4466,6,100,2,0,0
3217,4,1,512,0,833,28,15,7,3,3,-61,10,6328,33932,214,100,2,0,0
3217,16,10,1024,0,362,22,7,7,2,10,-70,5,1973,18047,106,100,4,0,0
3214,12,7,1280,0,801,15,7,7,1,2,-52,3,422,7217,201,100,1,0,0
3216,8,3,1024,10,764,30,16,7,1,10,-52,3,766,6356,210,100,2,1,1
3217,14,9,1024,30,810,30,31,7,1,10,-52,10,5058,32380,205,100,4,0,0
3217,10,4,768,0,829,20,20,7,2,5,-70,10,2302,22380,207,50,4,1,1
3215,17,18,1536,0,288,17,15,7,1,6,-52,4,964,9697,83,100,1,0,0
3216,19,14,1280,0,18,4,4,7,1,1,-52,0,808,10393,11,100,3,0,0
3218,2,3,1024,10,732,14,10,5,1,1,-52,1,629,8643,177,100,1,0,0
3219,9,4,768,20,799,20,27,7,1,5,-52,10,2823,17536,210,100,3,0,0
3181,29,23,2048,90,2,1,4,2,0,1,-70,0,1318,8515,1,100,10,0,0
3220,6,10,1024,10,793,23,4,5,1,6,-70,1,641,10789,207,100,3,0,0
3221,5,4,768,0,832,30,4,7,1,8,-52,9,748,17802,213,100,1,0,0
3196,29,23,1920,90,3,1,4,2,0,1,-70,0,718,6986,2,100,6,0,0
3220,18,14,1280,0,210,17,11,7,2,6,-70,6,3488,23646,73,100,3,0,0
3223,14,9,1024,50,812,30,31,7,1,10,-52,10,2690,18892,206,100,1,0,0
3222,12,7,1280,10,806,15,7,7,1,2,-52,3,821,8944,201,100,1,0,0
3225,1,0,256,0,49,0,0,3,0,0,0,10,1786,28168,3569,100,2,0,0
3224,3,4,768,10,788,23,9,7,1,4,-52,9,2472,27399,213,100,2,0,0
3225,10,4,768,0,831,20,20,7,2,5,-70,10,1162,18152,207,60,1,1,1
3225,21,16,1280,10,936,29,10,7,1,10,-52,5,992,19138,195,100,3,0,0
3215,29,23,1920,90,5,1,4,4,0,1,-70,0,657,9555,4,100,4,0,0
3224,8,3,1024,10,767,30,16,7,1,10,-52,3,675,8261,210,100,2,1,1
3224,7,3,1024,10,750,17,12,7,1,4,-70,7,1990,18973,168,100,2,0,0
3226,2,3,1024,0,734,14,10,5,1,1,-52,1,688,9877,178,100,1,0,0
3228,4,1,512,10,838,28,15,7,3,3,-61,10,7999,42660,215,100,3,0,0
3227,5,4,768,10,834,30,4,7,1,8,-52,9,730,14571,214,100,2,0,0
3229,10,4,768,0,832,20,20,7,2,5,-70,10,1265,11137,208,33,1,1,1
3230,1,0,256,0,49,0,0,3,0,0,0,10,1477,15291,3581,100,1,0,0
3229,14,9,1024,60,815,30,31,7,1,10,-52,10,2310,16822,206,100,2,0,0
3230,9,4,768,0,802,20,27,7,1,5,-52,10,3316,24912,211,100,2,0,0
3228,12,7,1280,0,807,15,7,7,1,2,-52,3,474,8263,202,100,1,0,0
3232,3,4,768,0,790,23,9,7,1,4,-52,9,3293,24389,214,100,2,0,0
3226,23,18,1536,0,10,1,4,7,1,1,-52,1,2371,13769,7,100,4,0,0
3227,20,14,1280,0,21,5,5,7,1,2,-70,2,1118,10857,14,100,3,0,0
3232,7,3,1024,20,754,17,12,7,1,4,-70,7,2296,19026,169,100,3,0,0
3230,29,23,1792,0,7,1,4,5,1,1,-70,0,562,5593,5,100,3,0,0
3235,9,4,768,30,803,20,27,7,1,5,-52,10,1620,12075,211,100,1,0,0
3227,27,23,1920,80,3,3,4,3,0,2,-70,0,497,3722,0,100,3,0,0
3236,10,4,768,10,835,20,20,7,1,5,-70,10,1455,18795,208,0,1,1,1
3235,2,3,1024,0,737,14,10,5,1,1,-52,1,808,10709,178,100,2,0,0
3236,8,3,1024,0,770,30,16,7,1,10,-52,3,1132,11968,211,100,2,1,1
3238,4,1,512,10,839,28,15,7,3,3,-61,10,5710,37679,215,100,2,0,0
3235,24,20,1536,0,14,4,3,7,1,2,-70,0,775,14790,8,100,3,0,0
3239,1,0,256,0,49,0,0,3,0,0,0,10,1173,20204,3587,100,2,0,0
3238,14,9,1024,70,819,30,31,7,2,10,-52,10,4204,27625,207,100,3,0,0
3238,5,4,768,0,839,30,4,7,1,8,-52,9,1192,28848,214,100,3,0,0
3233,27,23,1792,40,5,3,4,4,1,2,-70,0,1575,8720,1,100,6,0,0
3238,6,10,1024,10,801,23,4,5,1,6,-70,1,589,10678,209,100,2,0,0
3234,19,14,1280,0,19,4,4,7,1,1,-52,0,882,10107,13,100,2,0,0
3235,23,18,1536,0,10,1,4,7,1,1,-52,2,2364,16166,7,100,2,0,0
3239,12,7,1280,0,811,16,7,7,1,2,-52,3,1065,13847,203,100,2,0,0
3244,3,4,768,20,794,23,9,7,1,4,-52,9,3315,29820,215,100,2,0,0
3244,4,1,512,20,840,28,15,7,3,3,-61,10,3601,19716,216,100,1,0,0
3239,20,14,1280,0,22,5,5,7,1,2,-70,2,1154,15310,15,100,3,0,0
3239,29,23,1792,10,8,1,4,6,1,1,-70,0,625,7775,5,100,4,0,0
3244,1,0,256,0,49,0,0,3,0,0,0,10,1081,14140,3597,100,1,0,0
3242,7,3,1024,0,755,17,12,7,1,4,-70,7,1539,17239,169,100,1,0,0
3244,9,4,768,60,804,20,27,7,1,5,-52,10,3934,25658,212,100,2,0,0
3242,18,14,1280,0,216,18,11,7,2,6,-70,5,3255,20990,74,100,3,0,0
3244,27,23,1792,0,6,3,4,4,1,2,-70,0,1197,10792,2,100,7,0,0
3245,21,16,1280,10,946,30,10,7,1,10,-52,5,989,20586,196,100,2,0,0
3243,12,7,1280,0,815,16,7,7,1,2,-52,3,692,5651,203,100,1,0,0
3244,24,20,1536,0,14,4,3,7,1,2,-70,0,801,12911,9,100,2,0,0
3245,16,10,1024,10,372,22,7,7,2,10,-70,5,1844,18279,108,100,3,0,0
3244,19,14,1280,0,20,5,4,7,1,1,-52,1,356,7052,13,100,0,0,0
3246,20,14,1280,0,22,6,5,7,1,2,-70,2,1156,11050,15,100,2,0,0
3246,2,3,1024,0,738,14,10,5,1,1,-52,1,759,12698,179,100,2,0,0
3248,10,4,768,0,838,20,20,7,1,5,-70,10,2173,28760,209,57,3,1,1
3249,8,3,1024,0,773,30,16,7,1,10,-52,3,829,11886,212,100,3,1,1
3213,25,19,1664,50,24,3,1,7,0,2,-70,0,897,11342,12,100,4,0,0
3249,5,4,768,20,842,30,4,7,1,8,-52,8,935,27452,215,100,2,0,0
3248,12,7,1280,0,816,16,7,7,1,2,-52,3,393,6229,203,100,1,0,0
3250,7,3,1024,0,759,17,12,7,1,4,-70,7,1828,16437,170,100,2,0,0
3247,6,10,1024,10,802,24,4,5,1,6,-70,1,569,8615,209,100,1,0,0
3250,9,4,768,60,806,20,27,7,1,5,-52,10,2566,16895,212,100,1,0,0
3251,4,1,512,10,842,28,15,7,3,3,-61,10,5986,29140,216,100,1,0,0
3240,25,19,1664,100,28,4,1,7,0,2,-70,0,844,8036,14,100,3,0,0
3249,25,19,1536,20,30,4,1,7,1,2,-70,0,1633,9600,14,100,3,0,0
3249,29,23,1792,0,10,1,4,6,1,1,-70,0,1191,11802,6,100,5,0,0
3250,27,23,1792,0,6,3,4,4,1,2,-70,0,640,7226,2,100,3,0,0
3251,18,14,1280,0,217,18,11,7,2,6,-70,5,1611,14072,75,100,1,0,0
3253,10,4,768,20,840,20,20,7,1,5,-70,10,1556,13508,209,100,2,1,1
3251,21,16,1280,0,950,30,10,7,1,10,-52,4,1211,14384,196,100,3,0,0
3253,3,4,768,10,796,23,9,7,1,4,-52,9,2730,27964,215,100,1,0,0
3255,1,0,256,0,49,0,0,3,0,0,0,10,1992,28818,3607,100,2,0,0
3254,2,3,1024,0,740,14,10,5,1,1,-52,1,519,9699,179,100,2,0,0
3253,24,20,1536,0,15,4,3,7,1,2,-70,0,620,10651,9,100,3,0,0
3256,7,3,1024,10,763,17,12,7,1,4,-70,7,1000,10456,170,100,1,0,0
3253,20,14,1280,0,23,6,5,7,1,2,-70,2,994,12826,16,100,1,0,0
3257,16,10,1024,0,374,22,7,7,2,10,-70,4,1961,19734,109,100,2,0,0
3254,29,23,1792,10,11,1,4,6,1,1,-70,0,535,4607,6,100,3,0,0
3257,3,4,768,0,797,23,9,7,1,4,-52,9,1788,13015,216,100,2,0,0
3258,9,4,768,60,808,20,27,7,1,5,-52,10,2607,19884,213,100,1,0,0
3257,12,7,1280,0,816,16,7,7,1,2,-52,3,463,10133,204,100,2,0,0
3256,19,14,1280,0,20,5,4,7,1,1,-52,1,809,7988,14,100,1,0,0
3259,4,1,512,30,843,28,15,7,3,3,-61,10,6544,29888,217,100,2,0,0
3256,14,9,1024,10,825,30,32,7,2,10,-52,10,3897,22652,208,100,3,0,0
3259,8,3,1024,0,777,30,16,7,1,10,-52,3,1209,11432,213,100,3,1,1
3258,18,14,1280,10,218,18,11,7,2,6,-70,5,1315,11463,75,100,2,0,0
3260,5,4,768,0,845,30,4,7,1,8,-52,8,1190,28305,216,100,3,0,0
3259,23,18,1536,0,11,1,4,7,1,1,-52,2,1024,11211,9,100,1,0,0
3260,6,10,1024,10,808,24,4,5,1,6,-70,1,1302,18422,210,100,2,0,0
3260,21,16,1280,10,952,30,10,7,1,10,-52,4,743,18376,197,100,2,0,0
3260,20,14,1280,0,24,6,5,7,1,2,-70,2,1605,12388,16,100,2,0,0
3259,29,23,1792,0,12,1,4,7,1,1,-70,0,441,5025,7,100,2,0,0
3261,19,14,1280,10,20,5,4,7,1,1,-52,1,386,6070,14,100,1,0,0
3263,10,4,768,0,841,20,20,7,1,5,-70,10,2865,28110,210,100,2,1,1
3263,2,3,1024,0,742,14,10,5,1,1,-52,1,705,10985,180,100,2,0,0
3261,24,20,1536,0,15,4,3,7,1,2,-70,0,513,9530,10,100,2,0,0
3265,1,0,256,0,49,0,0,3,0,0,0,10,2372,90635,3622,100,2,0,0
3259,25,19,1536,0,32,4,1,7,1,2,-70,0,514,4703,15,100,3,0,0
3264,7,3,1024,10,767,17,12,7,1,4,-70,7,1980,17180,171,100,3,0,0
3261,27,23,1792,0,7,3,4,5,1,2,-70,0,1176,10726,3,100,6,0,0
3265,3,4,768,20,800,23,9,7,1,4,-52,9,2088,20487,216,100,2,0,0
3266,14,9,1024,0,826,31,33,7,2,10,-52,10,3601,27046,209,100,4,0,0
3263,12,7,1280,0,816,16,7,7,1,2,-52,3,315,7443,204,100,1,0,0
3268,9,4,768,80,813,20,27,7,1,5,-52,10,4593,28642,213,100,4,0,0
3269,10,4,768,0,845,20,20,7,1,5,-70,10,1133,13946,210,100,2,1,1
3269,1,0,256,0,49,0,0,3,0,0,0,10,486,10856,3626,100,0,0,0
3267,24,20,1536,0,15,4,3,7,1,2,-70,0,284,7207,10,100,1,0,0
3270,4,1,512,20,847,28,15,7,3,3,-61,10,7279,37447,217,100,2,0,0
3266,25,19,1536,10,32,4,1,7,1,2,-70,0,423,6632,16,100,1,0,0
3269,8,3,1024,0,781,31,16,7,1,10,-52,3,960,10153,213,100,3,1,1
3269,7,3,1024,0,768,17,12,7,1,4,-70,7,967,10268,171,100,1,0,0
3269,2,3,1024,20,744,14,10,5,1,1,-52,1,418,7485,180,100,1,0,0
3270,16,10,1024,0,379,22,7,7,2,10,-70,3,1863,20235,110,100,3,0,0
3272,5,4,768,0,847,30,4,7,1,8,-52,8,669,28615,216,100,2,0,0
3272,12,7,1280,20,820,16,7,7,1,2,-52,3,941,11808,205,100,3,0,0
3268,18,14,1280,10,223,18,11,7,2,6,-70,5,3007,22021,76,100,3,0,0
3274,1,0,256,0,49,0,0,3,0,0,0,10,1220,13367,3636,100,1,0,0
3269,29,23,1792,0,14,1,4,7,1,1,-70,0,913,10323,7,100,5,0,0
3269,19,14,1280,0,20,5,4,7,1,1,-52,1,563,6542,15,100,1,0,0
3275,4,1,512,10,848,28,15,7,3,3,-61,10,4559,22376,218,100,2,0,0
3270,21,16,1280,0,957,30,10,7,1,10,-52,3,1526,21824,198,100,3,0,0
3274,3,4,768,10,802,23,9,7,1,4,-52,9,3119,26404,217,100,1,0,0
3271,6,10,1024,0,812,24,4,5,1,6,-70,0,1526,18745,211,100,3,0,0
3271,25,19,1536,0,33,4,1,7,1,2,-70,0,442,5109,16,100,2,0,0
3274,2,3,1024,0,745,14,10,5,1,1,-52,1,502,6696,181,100,1,0,0
3272,14,9,1024,0,829,31,34,7,2,10,-52,10,3280,20773,209,100,2,0,0
3271,27,23,1792,10,7,3,4,5,1,2,-70,0,1088,10957,4,100,4,0,0
3273,18,14,1280,0,226,18,11,7,2,6,-70,5,1299,9705,76,100,2,0,0
3274,19,14,1280,0,21,5,4,7,1,1,-52,1,617,7194,15,100,2,0,0
3275,7,3,1024,0,770,17,12,7,1,4,-70,7,1576,13811,172,100,1,0,0
3277,14,9,1024,0,829,31,34,7,2,10,-52,10,1303,11992,209,100,1,0,0
3278,24,20,1536,0,17,5,3,7,1,2,-70,0,1263,13771,11,100,4,0,0
3277,5,4,768,0,849,30,4,7,1,8,-52,8,792,14653,217,100,1,0,0
3279,4,1,512,0,850,28,15,7,3,3,-61,10,3770,16895,218,100,2,0,0
3278,9,4,768,0,816,20,27,7,2,5,-52,10,4689,29607,214,100,3,0,0
3279,10,4,768,40,849,20,20,7,1,5,-70,9,3472,30091,211,100,3,1,1
3277,20,14,1280,0,26,6,5,7,1,2,-70,2,1220,16462,17,100,3,0,0
3278,16,10,1024,0,382,23,7,7,2,10,-70,3,1617,15439,110,100,3,0,0
3277,27,23,1792,0,8,3,4,5,1,2,-70,0,619,6323,4,100,3,0,0
3278,23,18,1536,0,12,1,4,7,1,1,-52,2,1618,17779,10,100,3,0,0
3281,1,0,256,0,49,0,0,3,0,0,0,10,1389,18042,3644,100,2,0,0
3279,3,4,768,10,802,23,9,7,1,4,-52,9,1180,12962,217,100,1,0,0
3279,18,14,1280,20,230,18,11,7,2,6,-70,5,1498,11350,77,100,2,0,0
3279,6,10,1024,0,814,24,4,5,1,6,-70,0,606,11035,211,100,1,0,0
3280,8,3,1024,0,787,31,16,7,1,10,-52,3,1119,11455,214,100,4,1,1
3280,2,3,1024,0,748,14,10,5,1,1,-52,1,608,8092,181,100,1,0,0
3278,29,23,1792,0,15,1,4,7,1,1,-70,0,961,9579,8,100,4,0,0
3280,21,16,1280,0,959,30,10,7,1,10,-52,3,672,19200,198,100,3,0,0
3281,7,3,1024,10,773,17,12,7,1,4,-70,7,812,11171,172,100,3,0,0
3283,12,7,1280,0,823,16,7,7,1,2,-52,3,1042,13176,206,100,3,0,0
3285,10,4,768,0,850,20,20,7,1,5,-70,9,1380,14383,212,100,2,1,1
3283,25,19,1536,20,35,4,1,7,1,2,-70,0,901,12611,17,100,3,0,0
3283,27,23,1792,0,9,3,4,5,1,2,-70,0,413,5506,4,100,1,0,0
3284,19,14,1280,0,22,5,4,7,1,1,-52,1,922,11669,16,100,3,0,0
3287,1,0,256,0,49,0,0,3,0,0,0,10,1307,15068,3655,100,1,0,0
3287,4,1,512,10,850,28,15,7,3,3,-61,10,6187,31941,219,100,1,0,0
3286,5,4,768,0,854,30,4,7,1,8,-52,8,1173,20480,217,100,3,0,0
3286,2,3,1024,0,750,14,10,5,1,1,-52,1,608,7056,182,100,1,0,0
3287,9,4,768,10,821,20,28,7,2,5,-52,10,3761,23017,215,100,4,0,0
3287,3,4,768,0,803,23,9,7,1,4,-52,9,2735,22347,218,100,3,0,0
3285,29,23,1792,0,15,1,4,7,1,1,-70,0,404,6751,8,100,2,0,0
3289,16,10,1024,0,384,23,7,7,2,10,-70,3,1741,17989,111,100,3,0,0
3287,20,14,1280,10,27,6,5,7,1,2,-70,3,1392,16829,18,100,3,0,0
3289,14,9,1024,10,833,31,34,7,2,10,-52,10,4842,33724,210,100,3,0,0
3287,24,20,1536,0,18,5,3,7,1,2,-70,0,723,12658,12,100,3,0,0
3288,8,3,1024,0,791,31,16,7,1,10,-52,3,1096,8959,214,100,3,1,1
3287,25,19,1536,0,35,4,1,7,1,2,-70,0,483,4783,17,100,1,0,0
3289,6,10,1024,10,816,24,4,5,1,6,-70,0,1046,16144,212,100,2,0,0
3287,27,23,1792,0,9,3,4,5,1,2,-70,0,580,4409,5,100,2,0,0
3288,23,18,1536,20,12,1,4,7,1,1,-52,2,1611,17137,11,100,2,0,0
3290,21,16,1280,10,967,31,10,7,1,10,-52,3,1561,21104,199,100,3,0,0
3289,18,14,1280,0,232,18,11,7,2,6,-70,4,2207,18011,77,100,2,0,0
3291,1,0,256,0,49,0,0,3,0,0,0,10,997,13041,3661,100,0,0,0
3290,7,3,1024,10,777,17,12,7,1,4,-70,7,1691,18121,173,100,2,0,0
3291,5,4,768,10,857,30,4,7,1,8,-52,8,655,11896,218,100,1,0,0
3292,10,4,768,0,853,20,20,7,1,5,-70,9,2059,19717,212,100,2,1,1
3291,2,3,1024,0,750,14,10,5,1,1,-52,1,286,6423,182,100,1,0,0
3292,12,7,1280,0,824,16,7,7,1,2,-52,3,538,10463,206,100,3,0,0
3292,27,23,1792,0,9,3,4,5,1,2,-70,0,395,4722,5,100,1,0,0
3295,4,1,512,0,854,28,15,7,3,3,-61,10,6666,31592,219,100,3,0,0
3292,19,14,1280,0,24,5,4,7,1,1,-52,1,1195,12157,17,100,3,0,0
3293,23,18,1536,0,12,1,4,7,1,1,-52,2,700,7255,11,100,1,0,0
3295,6,10,1024,0,817,24,4,5,1,6,-70,0,503,8861,212,100,1,0,0
3293,29,23,1792,0,16,1,4,7,1,1,-70,0,633,7970,9,100,3,0,0
3295,24,20,1536,0,19,5,3,7,1,2,-70,1,611,9077,12,100,3,0,0
3296,10,4,768,10,858,20,20,7,1,5,-70,9,1363,12449,212,100,2,1,1
3296,3,4,768,0,805,23,9,7,1,4,-52,9,2210,23326,218,100,2,0,0
3297,9,4,768,10,826,20,28,7,2,5,-52,10,4236,27798,215,100,4,0,0
3296,2,3,1024,10,751,14,10,5,1,1,-52,1,535,6719,182,100,1,0,0
3297,25,19,1536,0,36,4,1,7,1,2,-70,0,578,8768,17,100,3,0,0
3297,20,14,1280,0,27,6,5,7,1,2,-70,4,1012,14871,18,100,1,0,0
3298,16,10,1024,10,390,23,7,7,2,10,-70,3,2277,17576,112,100,2,0,0
3300,1,0,256,0,49,0,0,3,0,0,0,10,1360,20202,3671,100,2,0,0
3299,8,3,1024,0,796,31,16,7,1,10,-52,3,1052,11411,215,100,2,1,1
3298,18,14,1280,0,233,18,11,7,2,6,-70,4,1253,13826,78,100,2,0,0
3300,14,9,1024,0,835,31,34,7,2,10,-52,10,4293,33206,211,100,3,0,0
3300,12,7,1280,0,827,16,7,7,1,2,-52,3,740,10730,207,100,1,0,0
3300,5,4,768,0,862,31,4,7,1,8,-52,8,1157,21834,218,100,2,0,0
3300,19,14,1280,0,24,5,4,7,1,1,-52,1,818,9312,17,100,2,0,0
3300,6,10,1024,10,817,24,4,5,1,6,-70,0,286,7038,212,100,1,0,0
3302,3,4,768,10,805,24,9,7,1,4,-52,9,1610,14948,219,100,1,0,0
3301,7,3,1024,0,778,17,12,7,1,4,-70,7,1271,19485,173,100,3,0,0
3303,4,1,512,30,855,28,15,7,3,3,-61,10,7516,36099,220,100,2,0,0
3302,21,16,1280,0,971,31,10,7,1,10,-52,3,1046,23478,200,100,3,0,0
3302,20,14,1280,10,27,6,5,7,1,2,-70,4,777,8973,19,100,1,0,0
3302,27,23,1792,0,9,3,4,5,1,2,-70,0,580,9465,6,100,3,0,0
3303,23,18,1536,10,12,1,4,7,1,1,-52,2,1187,15338,12,100,2,0,0
3303,25,19,1536,0,36,4,1,7,1,2,-70,0,412,6455,18,100,1,0,0
3304,8,3,1024,0,797,31,16,7,1,10,-52,3,564,5792,216,100,1,1,1
3303,18,14,1280,10,234,18,11,7,2,6,-70,4,1195,10189,78,100,1,0,0
3305,10,4,768,10,860,21,20,7,1,5,-70,9,2210,22671,213,100,2,1,1
3302,29,23,1792,0,17,1,4,7,1,1,-70,0,633,8759,10,100,3,0,0
3304,24,20,1536,0,19,5,3,7,1,2,-70,1,593,11140,13,100,2,0,0
3306,16,10,1024,0,392,23,7,7,2,10,-70,3,1123,12881,112,100,1,0,0
3305,2,3,1024,10,756,14,10,5,1,1,-52,1,1038,10758,183,100,1,0,0
3306,5,4,768,10,864,31,4,7,1,8,-52,8,681,11990,219,100,2,0,0
3308,9,4,768,10,828,21,28,7,2,5,-52,10,4568,32416,216,100,2,0,0
3305,12,7,1280,0,827,16,7,7,1,2,-52,3,477,7287,207,100,1,0,0
3285,26,20,1664,90,121,7,6,7,0,3,-70,2,1044,13691,32,100,2,0,0
3309,3,4,768,0,808,24,9,7,1,4,-52,9,2007,18800,219,100,1,0,0
3310,1,0,256,0,49,0,0,3,0,0,0,10,2559,28168,3685,100,1,0,0
3307,25,19,1536,0,36,4,1,7,1,2,-70,0,260,4354,18,100,1,0,0
3310,6,10,1024,0,820,24,4,5,1,6,-70,0,1207,15961,213,100,2,0,0
3307,27,23,1792,0,9,3,4,5,1,2,-70,0,379,4961,6,100,2,0,0
3294,26,20,1664,90,124,7,6,7,0,3,-70,2,1004,12956,33,100,3,0,0
3309,7,3,1024,0,781,17,12,7,1,4,-70,7,1571,16342,174,100,3,0,0
3310,5,4,768,0,866,31,4,7,1,8,-52,8,735,11333,219,100,1,0,0
3308,23,18,1536,0,12,1,4,7,1,1,-52,2,822,9536,12,100,1,0,0
3309,21,16,1280,0,973,31,10,7,1,10,-52,3,599,15328,200,100,2,0,0
3302,26,20,1664,80,126,7,6,7,0,3,-70,2,1240,12303,33,100,3,0,0
3308,29,23,1792,0,18,1,4,7,1,1,-70,0,385,5381,10,100,2,0,0
3312,4,1,512,10,861,28,15,7,3,3,-61,10,8939,40729,220,100,2,0,0
3312,14,9,1024,10,839,32,34,7,2,10,-52,10,5404,34721,212,100,3,0,0
3312,16,10,1024,0,392,23,8,7,2,10,-70,3,608,11191,112,100,1,0,0
3310,24,20,1536,10,20,5,3,7,1,2,-70,1,837,9257,13,100,1,0,0
3311,12,7,1280,0,828,16,7,7,1,2,-52,3,449,6560,208,100,1,0,0
3311,18,14,1280,0,235,18,11,7,2,6,-70,4,1760,14381,79,100,2,0,0
3307,30,26,1920,20,476,13,2,7,1,4,-70,2,1686,14800,112,100,3,0,0
3313,10,4,768,0,862,21,20,7,1,5,-70,8,1962,21547,213,100,2,1,1
3312,31,30,2176,0,646,32,466,5,1,10,-52,0,944,11272,199,100,5,1,3
3312,19,14,1280,0,26,5,4,7,1,1,-52,1,1348,15398,18,100,3,0,0
3312,2,3,1024,0,757,14,10,5,1,1,-52,1,444,9306,183,100,1,0,0
3314,20,14,1280,30,28,6,5,7,1,2,-70,4,4125,25808,20,100,2,0,0
3313,26,20,1536,10,131,7,6,7,1,3,-70,2,2887,20427,34,100,4,0,0
3316,8,3,1024,0,802,31,17,7,1,10,-52,3,1013,11804,216,100,4,1,1
3315,25,19,1536,0,37,4,1,7,1,2,-70,0,569,8339,19,100,2,0,0
3314,6,10,1024,0,823,24,4,5,1,6,-70,0,669,8991,214,100,1,0,0
3317,14,9,1024,0,840,32,34,7,2,10,-52,10,3593,19269,212,100,1,0,0
3318,1,0,256,0,49,0,0,3,0,0,0,10,2755,26204,3704,100,2,0,0
3317,21,16,1280,0,975,31,10,7,1,10,-52,3,675,14241,201,100,3,0,0
3316,27,23,1792,0,9,3,4,5,1,2,-70,0,758,8812,7,100,2,0,0
3317,3,4,768,30,811,24,9,7,1,4,-52,9,2631,23366,220,100,2,0,0
3319,9,4,768,20,830,21,29,7,2,5,-52,10,6578,34753,217,100,4,0,0
3319,5,4,768,0,866,31,4,7,1,8,-52,8,583,20268,220,100,2,0,0
3317,12,7,1280,0,829,16,7,7,1,2,-52,3,542,8328,208,100,2,0,0
3315,30,26,1920,0,479,13,2,7,1,4,-70,2,1797,12194,113,100,4,0,0
3317,24,20,1536,0,21,5,3,7,1,2,-70,1,855,12115,14,100,1,0,0
3317,7,3,1024,10,786,17,12,7,1,4,-70,7,1506,15514,174,100,1,0,0
3320,16,10,1024,10,395,23,8,7,2,10,-70,3,2043,14897,113,100,4,0,0
3322,10,4,768,0,866,21,20,7,1,5,-70,8,2750,24936,214,100,2,1,1
3323,4,1,512,20,868,28,15,7,3,3,-61,10,9950,46421,221,100,2,0,0
3321,26,20,1536,0,134,7,6,7,1,3,-70,2,1403,12375,34,100,3,0,0
3320,23,18,1536,0,12,1,4,7,1,1,-52,2,1491,17778,13,100,3,0,0
3321,18,14,1280,10,238,18,11,7,1,6,-70,4,1674,17310,79,100,3,0,0
3322,6,10,1024,0,824,24,4,5,1,6,-70,0,645,11747,214,100,2,0,0
3320,29,23,1792,0,20,1,4,7,1,1,-70,0,880,11285,11,100,5,0,0
3324,14,9,1024,30,844,32,34,7,2,10,-52,10,3118,19015,212,100,1,0,0
3322,25,19,1536,0,38,4,1,7,1,2,-70,0,409,6315,19,100,2,0,0
3323,8,3,1024,0,803,31,17,7,1,10,-52,3,645,7814,217,100,2,1,1
3325,3,4,768,20,813,24,9,7,1,4,-52,9,2219,20352,220,100,1,0,0
3321,31,30,2176,0,648,32,470,5,1,10,-52,0,930,10937,200,100,6,1,3
3322,12,7,1280,0,832,16,7,7,1,2,-52,3,708,7942,208,100,2,0,0
3322,19,14,1280,10,26,5,4,7,1,1,-52,1,1497,14186,19,100,2,0,0
3325,5,4,768,0,869,31,4,7,1,8,-52,8,600,13429,220,100,2,0,0
3324,2,3,1024,0,762,14,10,5,1,1,-52,1,1405,14835,184,100,2,0,0
3293,28,24,1920,100,12,4,3,7,0,2,-70,0,617,9204,11,100,4,0,0
3325,20,14,1280,0,29,6,5,7,1,2,-70,4,3338,23883,20,100,4,0,0
3301,28,24,1920,90,13,4,3,7,0,2,-70,0,257,6031,11,100,1,0,0
3328,4,1,512,0,868,28,15,7,3,3,-61,10,4470,20828,221,100,1,0,0
3306,28,24,1920,80,13,4,3,7,0,2,-70,0,274,4333,11,100,2,0,0
3315,28,24,1920,90,13,4,3,7,0,2,-70,0,660,8208,12,100,2,0,0
3325,27,23,1792,0,10,3,4,5,1,2,-70,0,677,8652,7,100,4,0,0
3327,24,20,1536,30,21,5,3,7,1,2,-70,1,1768,18269,14,100,3,0,0
3330,1,0,256,0,49,0,0,3,0,0,0,10,2606,30728,3721,100,2,0,0
3330,9,4,768,0,834,21,29,7,2,5,-52,10,6188,36040,217,100,2,0,0
3330,2,3,1024,0,764,14,10,5,1,1,-52,1,502,6613,184,100,1,0,0
3329,8,3,1024,0,804,31,17,7,1,10,-52,3,536,6029,217,100,1,1,1
3328,7,3,1024,0,789,17,12,7,1,4,-70,7,1943,21685,175,100,2,0,0
3326,30,26,1920,0,486,13,2,7,1,4,-70,2,1399,14418,113,100,3,0,0
3329,10,4,768,30,868,21,20,7,1,5,-70,8,1253,18266,215,100,1,1,1
3328,25,19,1536,10,39,4,1,7,1,2,-70,0,577,6619,20,100,2,0,0
3329,18,14,1280,10,244,18,11,7,1,6,-70,4,2003,14061,80,100,2,0,0
3329,21,16,1280,10,982,31,10,7,1,10,-52,3,1286,24250,201,100,4,0,0
3329,26,20,1536,0,135,7,6,7,1,3,-70,2,1073,12599,35,100,2,0,0
3326,28,24,1792,20,13,4,3,7,1,2,-70,0,1467,11240,13,100,2,0,0
3329,6,10,1024,0,825,24,4,5,1,6,-70,0,522,10801,215,100,1,0,0
3332,20,14,1280,20,29,6,5,7,1,2,-70,4,2842,16566,21,100,1,0,0
3331,16,10,1024,0,399,23,8,7,2,10,-70,3,1546,18719,114,100,2,0,0
3334,1,0,256,0,49,0,0,3,0,0,0,10,1448,13285,3734,100,1,0,0
3329,31,30,2176,0,650,32,472,5,1,10,-52,0,908,8410,201,100,4,1,3
3332,23,18,1536,0,12,2,4,7,1,1,-52,2,1551,18595,14,100,2,0,0
3331,12,7,1280,10,834,16,7,7,1,2,-52,3,716,11063,209,100,1,0,0
3335,14,9,1024,0,848,32,34,7,2,10,-52,10,6128,31409,213,100,2,0,0
3331,29,23,1792,0,22,1,4,7,1,1,-70,0,753,9916,11,100,5,0,0
3335,3,4,768,0,815,24,9,7,1,4,-52,9,2935,27884,221,100,2,0,0
3335,10,4,768,0,870,21,20,7,1,5,-70,8,2343,18412,215,100,1,1,1
3334,19,14,1280,0,26,5,4,7,1,1,-52,1,1006,14718,19,100,2,0,0
3337,5,4,768,0,874,31,4,7,1,8,-52,8,1184,26334,221,100,3,0,0
3332,27,23,1792,0,10,3,4,5,1,2,-70,0,443,6821,8,100,1,0,0
3338,4,1,512,0,870,28,15,7,3,3,-61,10,9876,46204,222,100,2,0,0
3335,30,26,1792,0,489,13,2,7,1,4,-70,2,1688,12446,114,100,3,0,0
3337,12,7,1280,10,837,16,7,7,1,2,-52,3,770,7233,209,100,2,0,0
3339,6,10,1024,0,828,24,4,5,1,6,-70,0,791,13547,215,100,1,0,0
3340,1,0,256,0,49,0,0,3,0,0,0,10,1031,13687,3739,100,1,0,0
3338,8,3,1024,0,808,31,17,7,1,10,-52,3,968,9426,218,100,2,1,1
3340,9,4,768,10,840,21,29,7,2,5,-52,10,5383,29187,218,100,1,0,0
3339,20,14,1280,30,29,6,5,7,1,2,-70,4,1955,15456,21,100,1,0,0
3338,7,3,1024,20,795,17,12,7,1,4,-70,7,2058,20548,176,100,4,0,0
3340,14,9,1024,10,851,32,34,7,2,10,-52,10,2616,16386,213,100,1,0,0
3337,28,24,1792,10,15,4,3,7,1,2,-70,0,1145,11542,14,100,5,0,0
3339,21,16,1280,0,985,31,10,7,1,10,-52,3,1201,21381,202,100,3,0,0
3339,24,20,1536,0,21,5,3,7,1,2,-70,1,1506,19299,15,100,2,0,0
3341,3,4,768,10,816,24,9,7,1,4,-52,9,1696,16713,221,100,1,0,0
3340,25,19,1536,0,41,4,1,7,1,2,-70,0,1051,11788,20,100,5,0,0
3340,2,3,1024,10,766,14,10,5,1,1,-52,1,933,13914,185,100,3,0,0
3339,26,20,1536,0,140,7,6,7,1,3,-70,2,1881,16744,36,100,4,0,0
3338,18,14,1280,10,247,18,12,7,1,6,-70,4,2398,16390,81,100,3,0,0
3336,29,23,1792,0,24,1,4,7,1,1,-70,0,770,5556,12,100,2,0,0
3343,16,10,1024,0,403,23,8,7,2,10,-70,3,2112,19182,115,100,2,0,0
3343,5,4,768,0,874,31,4,7,1,8,-52,8,310,13084,221,100,1,0,0
3341,31,30,2048,0,655,32,475,5,1,10,-52,0,1209,12007,201,100,5,1,3
3339,23,18,1536,0,15,2,4,7,1,1,-52,2,1457,12159,14,100,3,0,0
3346,10,4,768,10,874,21,20,7,1,5,-70,8,2870,26572,216,71,2,1,1
3342,30,26,1792,0,492,13,2,7,1,4,-70,2,1174,9260,114,100,2,0,0
3323,15,9,1152,100,199,14,13,7,0,6,-70,1,135,4314,65,100,1,0,0
3345,12,7,1280,0,838,16,7,7,1,2,-52,3,672,9730,210,100,3,0,0
3347,14,9,1024,70,852,32,34,7,2,10,-52,10,4397,20261,214,100,2,0,0
3346,7,3,1024,30,799,17,12,7,1,4,-70,7,1033,13170,176,100,2,0,0
3348,4,1,512,70,875,28,15,7,3,3,-61,10,9854,44960,223,100,1,0,0
3347,9,4,768,30,843,21,30,7,2,5,-52,10,4276,24393,218,100,3,0,0
3328,15,9,1152,90,199,14,13,7,0,6,-70,1,156,3856,66,100,0,0,0
3346,8,3,1024,10,809,31,17,7,1,10,-52,3,571,8017,219,100,2,1,1
3343,19,14,1280,0,27,5,4,7,1,1,-52,1,995,12217,20,100,3,0,0
3341,15,9,1152,100,200,14,13,7,0,6,-70,1,145,4005,66,100,1,0,0
3344,26,20,1536,20,141,7,6,7,1,3,-70,2,957,8291,36,100,1,0,0
3343,23,18,1536,0,15,2,4,7,1,1,-52,2,836,7393,15,100,1,0,0
3344,25,19,1536,0,41,4,1,7,1,2,-70,0,245,4626,21,100,0,0,0
3348,3,4,768,0,818,24,9,7,1,4,-52,9,2251,18578,222,100,1,0,0
3347,15,9,1024,50,202,14,13,7,1,6,-70,1,1025,7140,67,100,1,0,0
3345,24,20,1536,0,21,5,3,7,1,2,-70,1,451,8967,16,100,1,0,0
3345,28,24,1792,10,16,4,3,7,1,2,-70,0,497,8450,14,100,1,0,0
3349,2,3,1024,10,766,14,10,5,1,1,-52,1,444,10146,186,100,1,0,0
3345,29,23,1792,0,24,1,4,7,1,1,-70,0,520,7685,12,100,2,0,0
3351,1,0,256,0,49,0,0,3,0,0,0,10,2906,32508,3758,100,2,0,0
3347,18,14,1280,20,252,18,12,7,1,6,-70,4,2746,15846,81,100,2,0,0
3350,6,10,1024,10,831,24,4,5,1,6,-70,0,988,16335,216,100,2,0,0
3347,31,30,2048,0,655,32,477,5,1,10,-52,0,484,6026,202,100,3,1,3
3351,14,9,1024,30,855,32,34,7,2,10,-52,10,3276,14481,214,100,1,0,0
3349,27,23,1792,0,10,4,4,5,1,2,-70,0,725,7791,9,100,2,0,0
3352,10,4,768,10,878,21,20,7,1,5,-70,8,2132,17804,216,66,2,1,1
3350,20,14,1280,10,29,6,5,7,1,2,-70,4,3783,24330,22,100,2,0,0
3350,21,16,1280,10,990,31,10,7,1,10,-52,3,687,9297,203,100,2,0,0
3349,19,14,1280,10,28,5,4,7,1,1,-52,1,926,8430,21,100,1,0,0
3350,30,26,1792,0,493,13,2,7,1,4,-70,2,1464,11245,115,100,3,0,0
3352,7,3,1024,0,800,17,12,7,1,4,-70,7,951,11652,177,100,2,0,0
3353,3,4,768,0,821,24,9,7,1,4,-52,9,1425,12367,222,100,2,0,0
3352,8,3,1024,10,811,31,17,7,1,10,-52,3,633,6327,219,100,1,1,1
3353,15,9,1024,0,203,14,13,7,1,6,-70,1,1072,7872,67,100,2,0,0
3355,5,4,768,0,877,31,4,7,1,8,-52,8,1036,26160,222,100,3,0,0
3352,23,18,1536,10,16,2,4,7,1,1,-52,2,1411,14767,15,100,3,0,0
3356,10,4,768,10,881,21,20,7,1,5,-70,8,1260,11063,216,0,1,1,1
3353,24,20,1536,10,21,5,3,7,1,2,-70,1,975,14238,16,100,2,0,0
3352,12,7,1280,0,841,16,7,7,1,2,-52,3,945,10585,211,100,1,0,0
3356,9,4,768,10,845,21,31,7,2,5,-52,10,6251,32242,219,100,2,0,0
3357,4,1,512,10,877,28,15,7,4,3,-61,10,10391,41554,223,100,4,0,0
3356,14,9,1024,30,855,32,34,7,2,10,-52,10,2189,13713,215,100,1,0,0
3352,29,23,1792,0,25,1,4,7,1,1,-70,0,545,7215,13,100,2,0,0
3354,26,20,1536,10,143,7,6,7,1,3,-70,2,1773,19108,37,100,3,0,0
3354,30,26,1792,0,493,13,2,7,1,4,-70,2,294,5149,115,100,0,0,0
3354,25,19,1536,0,42,4,1,7,1,2,-70,0,578,10529,21,100,3,0,0
3358,15,9,1024,0,205,14,13,7,1,6,-70,1,590,4759,68,100,2,0,0
3355,28,24,1792,10,17,4,3,7,1,2,-70,0,930,10542,15,100,4,0,0
3359,2,3,1024,10,768,15,10,5,1,1,-52,1,630,10032,186,100,1,0,0
3360,8,3,1024,10,815,32,17,7,1,10,-52,3,796,6511,219,100,1,1,1
3355,31,30,2048,10,655,32,478,5,1,10,-52,0,412,6948,202,100,2,1,3
3357,19,14,1280,0,28,6,4,7,1,1,-52,1,1041,10340,21,100,1,0,0
3359,20,14,1280,10,29,7,5,7,1,2,-70,4,2911,20096,23,100,2,0,0
3359,18,14,1280,40,254,18,12,7,1,6,-70,4,2395,18063,82,100,2,0,0
3362,1,0,256,0,49,0,0,3,0,0,0,10,2847,33091,3779,100,2,0,0
3357,23,18,1536,0,16,2,4,7,1,1,-52,2,1065,9328,16,100,1,0,0
3361,5,4,768,10,879,31,4,7,1,8,-52,8,494,12788,223,100,2,0,0
3358,24,20,1536,10,21,5,3,7,1,2,-70,1,576,7995,17,100,1,0,0
3362,14,9,1024,0,858,32,34,7,2,10,-52,10,4203,19564,215,100,2,0,0
3360,26,20,1573,30,145,7,6,7,1,3,-70,2,1494,12777,37,100,2,0,0
3361,12,7,1280,0,844,16,7,7,1,2,-52,3,939,10936,211,100,3,0,0
3364,3,4,768,0,825,24,9,7,1,4,-52,9,3863,29602,223,100,4,0,0
3364,7,3,1024,10,806,18,12,7,1,4,-70,7,2128,21333,177,100,3,0,0
3358,27,23,1792,0,10,4,4,5,1,2,-70,0,542,8774,9,100,2,0,0
3364,10,4,768,10,883,21,20,7,1,5,-70,8,1451,19314,217,0,3,1,1
3363,18,14,1280,60,255,19,12,7,1,6,-70,4,1311,7034,82,100,2,0,0
3358,29,23,1792,0,26,2,4,7,1,1,-70,0,514,6246,13,100,2,0,0
3366,4,1,512,0,879,28,15,7,4,3,-61,10,9312,42220,224,100,3,0,0
3365,16,10,1024,0,411,24,8,7,2,10,-70,3,606,6975,116,100,1,0,0
3368,8,3,1024,0,818,32,17,7,1,10,-52,3,707,7604,220,100,2,1,1
3366,9,4,768,0,848,21,31,7,2,5,-52,10,6127,33740,220,100,2,0,0
3365,19,14,1280,0,29,6,4,7,1,1,-52,1,725,9754,22,100,3,0,0
3361,31,30,2048,0,657,32,480,5,1,10,-52,0,679,7117,203,100,4,1,3
3368,1,0,256,0,49,0,0,3,0,0,0,10,1394,17438,3785,100,1,0,0
3367,28,24,1792,0,18,4,3,7,1,2,-70,0,701,11033,15,100,4,0,0
3365,27,23,1792,0,10,4,4,5,1,2,-70,0,620,7496,10,100,2,0,0
3369,14,9,1024,20,860,32,34,7,2,10,-52,10,3678,19969,215,100,2,0,0
3366,25,19,1536,0,45,4,1,7,1,2,-70,0,819,10420,22,100,4,0,0
3369,15,9,1024,0,210,14,13,7,1,6,-70,1,1263,12714,68,100,3,0,0
3370,3,4,768,20,827,24,9,7,1,4,-52,9,1517,16421,223,100,2,0,0
3367,26,20,1536,30,148,8,6,7,1,3,-70,2,2332,17023,38,100,3,0,0
3369,20,14,1280,10,30,7,5,7,1,2,-70,5,3340,24257,23,100,2,0,0
3371,4,1,512,10,880,28,15,7,4,3,-61,10,4217,20273,224,100,1,0,0
3370,2,3,1024,10,771,15,10,5,1,1,-52,1,914,14389,187,100,2,0,0
3365,30,26,1792,0,497,13,2,7,1,4,-70,2,1726,15053,116,100,4,0,0
3366,29,23,1792,0,27,2,4,7,1,1,-70,0,778,7619,14,100,3,0,0
3370,24,20,1536,0,21,6,3,7,1,2,-70,1,1512,18598,17,100,2,0,0
3372,5,4,768,10,881,31,4,7,1,8,-52,8,594,20098,223,100,2,0,0
3369,12,7,1280,10,847,16,7,7,1,2,-52,3,772,10869,212,100,2,0,0
3374,8,3,1024,0,820,32,17,7,1,10,-52,3,616,6379,220,100,3,1,1
3368,23,18,1536,10,17,2,4,7,1,1,-52,2,1934,18009,16,100,3,0,0
3373,10,4,768,0,885,21,20,7,1,5,-70,8,1681,23915,217,50,1,1,1
3371,31,30,2048,0,660,32,481,5,1,10,-52,0,784,9585,203,100,3,1,3
3374,14,9,1024,0,861,32,34,7,2,10,-52,10,2730,14188,216,100,2,0,0
3372,18,14,1280,30,258,19,12,7,1,6,-70,4,2351,15439,83,100,3,0,0
3376,1,0,256,0,49,0,0,3,0,0,0,10,1843,21789,3798,100,2,0,0
3370,27,23,1792,10,11,4,4,5,1,2,-70,0,613,4981,10,100,1,0,0
3374,24,20,1536,10,22,6,3,7,1,2,-70,1,695,6921,18,100,1,0,0
3374,7,3,1024,0,807,18,12,7,1,4,-70,7,1585,19659,178,100,3,0,0
3377,3,4,768,10,829,24,9,7,1,4,-52,9,2358,19201,224,100,2,0,0
3378,12,7,1280,0,849,17,7,7,1,2,-52,3,687,6757,212,100,2,0,0
3377,9,4,768,10,853,21,31,7,2,5,-52,10,6750,36289,221,100,4,0,0
3378,16,10,1024,0,415,24,8,7,2,10,-70,3,1894,20375,117,100,3,0,0
3376,30,26,1792,10,498,14,2,7,1,4,-70,2,1496,14626,117,100,3,0,0
3374,29,23,1792,10,28,2,4,7,1,1,-70,0,644,8806,14,100,2,0,0
3376,31,30,2048,0,662,33,482,5,1,10,-52,0,845,5689,204,100,2,1,3
3378,20,14,1280,10,31,7,5,7,1,2,-70,5,2496,18535,24,100,3,0,0
3374,27,23,1792,10,11,4,4,5,1,2,-70,0,309,4280,11,100,1,0,0
3379,15,9,1024,0,213,14,14,7,1,6,-70,1,1100,10641,69,100,3,0,0
3379,6,10,1024,0,838,25,4,5,1,6,-70,0,758,12302,218,100,2,0,0
3376,23,18,1536,0,18,2,4,7,1,1,-52,2,1543,14460,17,100,2,0,0
3379,28,24,1792,0,19,4,3,7,1,2,-70,0,780,11403,16,100,2,0,0
3381,8,3,1024,10,824,32,17,7,1,10,-52,3,795,7953,221,100,1,1,1
3381,14,9,1024,10,863,32,34,7,2,10,-52,10,3358,17193,216,100,3,0,0
3378,29,23,1792,10,28,2,4,7,1,1,-70,0,374,4324,15,100,1,0,0
3381,10,4,768,0,886,21,20,7,1,5,-70,8,1539,19000,218,40,3,1,1
3382,1,0,256,0,49,0,0,3,0,0,0,10,1484,18223,3807,100,1,0,0
3381,2,3,1024,0,774,15,10,5,1,1,-52,1,1217,15364,188,100,3,0,0
3380,18,14,1280,0,258,19,12,7,1,6,-70,4,1628,12695,83,100,1,0,0
3380,26,20,1536,10,151,8,6,7,1,3,-70,2,2114,22867,38,100,3,0,0
3383,7,3,1024,0,810,18,12,7,1,4,-70,7,1171,15796,179,100,2,0,0
3383,4,1,512,10,885,28,15,7,4,3,-61,10,10885,50093,225,100,3,0,0
3383,5,4,768,0,883,31,4,7,1,8,-52,8,826,19962,224,100,3,0,0
3385,12,7,1280,0,849,17,7,7,1,2,-52,3,455,8964,212,100,2,0,0
3384,3,4,768,10,831,24,9,7,1,4,-52,9,2103,17765,224,100,1,0,0
3384,20,14,1280,10,32,7,5,7,1,2,-70,5,1320,12243,24,100,2,0,0
3385,10,4,768,0,888,21,20,7,1,5,-70,8,1015,11374,218,0,2,1,1
3387,9,4,768,20,859,21,31,7,2,5,-52,10,4668,28658,221,100,3,0,0
3384,24,20,1536,0,22,6,3,7,1,2,-70,1,1142,14942,18,100,2,0,0
3386,2,3,1024,10,777,15,10,5,1,1,-52,1,502,6169,188,100,1,0,0
3388,16,10,1024,0,420,24,8,7,2,10,-70,3,1825,17125,118,100,3,0,0
3387,31,30,2048,0,664,33,484,5,1,10,-52,0,608,8352,204,100,3,1,3
3388,1,0,256,0,49,0,0,3,0,0,0,10,1035,18080,3813,100,1,0,0
3385,29,23,1792,0,28,2,4,7,1,1,-70,0,473,7245,15,100,1,0,0
3387,23,18,1536,20,19,2,4,7,1,1,-52,2,1570,17414,18,100,3,0,0
3386,27,23,1792,0,11,4,4,5,1,2,-70,0,914,12563,11,100,2,0,0
3390,5,4,768,0,886,31,4,7,1,8,-52,8,716,14716,224,100,2,0,0
3388,26,20,1536,20,156,8,6,7,1,3,-70,2,1414,16672,39,100,1,0,0
3389,20,14,1280,50,33,7,5,7,1,2,-70,5,1633,12164,25,100,1,0,0
3389,6,10,1024,0,840,25,4,5,1,6,-70,0,459,8268,219,100,1,0,0
3391,4,1,512,10,889,28,15,7,4,3,-61,10,6396,32266,226,100,1,0,0
3390,8,3,1024,10,827,32,17,7,1,10,-52,3,748,8673,221,100,3,1,1
3389,18,14,1280,0,261,19,12,7,1,6,-70,4,1710,13486,84,100,3,0,0
3392,12,7,1280,0,850,17,7,7,1,2,-52,3,467,9307,213,100,2,0,0
3388,28,24,1792,0,20,4,3,7,1,2,-70,0,582,8795,17,100,2,0,0
3391,15,9,1024,10,216,14,14,7,1,6,-70,1,1292,13188,70,100,2,0,0
3387,30,26,1792,0,501,14,2,7,1,4,-70,2,1578,12873,117,100,3,0,0
3393,9,4,768,0,861,21,31,7,2,5,-52,10,3615,21756,222,100,1,0,0
3393,1,0,256,0,49,0,0,3,0,0,0,10,1202,14629,3822,100,1,0,0
3392,3,4,768,20,832,24,9,7,1,4,-52,9,2337,22575,225,100,2,0,0
3393,7,3,1024,0,811,18,12,7,1,4,-70,7,1077,17455,179,100,1,0,0
3393,14,9,1024,0,868,32,34,7,2,10,-52,10,5200,30195,217,100,3,0,0
3393,31,30,2048,0,667,33,486,5,1,10,-52,0,723,6899,205,100,3,1,3
3394,21,16,1280,0,1011,32,10,7,1,10,-52,3,1659,22324,206,100,3,0,0
3393,18,14,1280,0,262,19,12,7,1,6,-70,4,948,6700,84,100,1,0,0
3395,10,4,768,0,889,21,20,7,1,5,-70,8,1747,24196,219,37,2,1,1
3395,30,26,1792,0,504,14,2,7,1,4,-70,2,1574,11769,118,100,3,0,0
3396,8,3,1024,0,828,32,17,7,1,10,-52,3,558,6332,222,100,1,1,1
3395,28,24,1792,0,20,4,3,7,1,2,-70,0,635,6824,17,100,2,0,0
3396,2,3,1024,0,778,15,10,5,1,1,-52,1,657,12424,189,100,1,0,0
3392,29,23,1792,10,29,2,4,7,1,1,-70,0,433,7331,16,100,2,0,0
3396,24,20,1536,0,22,6,3,7,1,2,-70,1,1217,18599,19,100,2,0,0
3395,23,18,1536,0,20,2,4,7,1,1,-52,2,1465,12815,18,100,2,0,0
3398,5,4,768,0,888,31,4,7,1,8,-52,8,670,15824,225,100,3,0,0
3395,27,23,1792,10,11,4,4,5,1,2,-70,0,622,8738,12,100,2,0,0
3398,16,10,1024,0,423,24,8,7,1,10,-70,3,1401,10398,118,100,2,0,0
3399,9,4,768,0,863,21,31,7,2,5,-52,10,3192,18226,222,100,2,0,0
3398,12,7,1280,10,853,17,7,7,1,2,-52,3,583,6772,213,100,1,0,0
3399,4,1,512,0,889,28,15,7,4,3,-61,10,7292,33915,226,100,2,0,0
3400,3,4,768,10,832,24,9,7,1,4,-52,9,1665,19085,225,100,1,0,0
3399,20,14,1280,0,34,7,5,7,1,2,-70,6,3712,23126,25,100,3,0,0
3399,26,20,1536,0,162,8,6,7,1,3,-70,2,2235,21560,40,100,4,0,0
3400,14,9,1024,0,869,32,34,7,2,10,-52,10,3904,20492,217,100,2,0,0
3401,8,3,1024,10,828,32,17,7,1,10,-52,3,263,4350,222,100,1,1,1
3400,15,9,1024,10,221,14,16,7,1,6,-70,2,1393,11361,70,100,4,0,0
3402,5,4,768,0,889,31,4,7,1,8,-52,8,368,7959,225,100,1,0,0
3402,18,14,1280,20,263,19,12,7,1,6,-70,4,1505,10218,85,100,1,0,0
3403,1,0,256,0,49,0,0,3,0,0,0,10,1877,26791,3833,100,2,0,0
3400,23,18,1536,10,20,2,4,7,1,1,-52,2,748,8011,19,100,1,0,0
3403,7,3,1024,0,817,18,12,7,1,4,-70,7,2082,21773,180,100,3,0,0
3400,29,23,1792,10,30,2,4,7,1,1,-70,0,659,8120,16,100,3,0,0
3404,4,1,512,0,891,28,15,7,4,3,-61,10,3959,19588,226,100,1,0,0
3402,27,23,1792,0,11,4,4,5,1,2,-70,0,467,6220,12,100,2,0,0
3403,30,26,1792,0,505,14,2,7,1,4,-70,2,675,9869,118,100,2,0,0
3404,9,4,768,0,865,21,31,7,2,5,-52,10,3482,19783,222,100,2,0,0
3404,21,16,1280,10,1015,32,10,7,1,10,-52,3,1091,18822,206,100,4,0,0
3405,3,4,768,20,833,24,9,7,1,4,-52,9,1567,14970,226,100,1,0,0
3406,10,4,768,0,893,21,20,7,1,5,-70,8,2259,24157,220,66,3,1,1
3404,2,3,1024,10,782,15,10,5,1,1,-52,1,878,10008,189,100,3,0,0
3405,24,20,1536,10,23,6,3,7,1,2,-70,1,731,14134,20,100,1,0,0
3407,12,7,1280,10,854,17,8,7,1,2,-52,3,735,10813,214,100,3,0,0
3404,28,24,1792,0,20,4,3,7,1,2,-70,0,652,10633,18,100,1,0,0
3406,26,20,1536,0,164,8,6,7,1,3,-70,2,1073,12282,40,100,2,0,0
3408,16,10,1024,10,426,24,8,7,1,10,-70,3,1473,16988,119,100,3,0,0
3407,8,3,1024,0,829,32,17,7,1,10,-52,3,451,5623,223,100,1,1,1
3405,29,23,1792,10,31,2,4,7,1,1,-70,0,410,5057,16,100,2,0,0
3409,4,1,512,0,892,28,15,7,4,3,-61,10,5157,24872,227,100,1,0,0
3409,20,14,1280,40,35,7,5,7,1,2,-70,6,3113,22342,26,100,3,0,0
3409,15,9,1024,0,226,14,16,7,1,6,-70,3,1472,10413,71,100,2,0,0
3405,31,30,2048,0,668,33,489,5,1,10,-52,0,674,10852,205,100,5,1,3
3411,14,9,1024,0,872,32,34,7,2,10,-52,10,4729,27421,218,100,4,0,0
3408,21,16,1280,10,1015,32,10,7,1,10,-52,3,228,6853,207,100,0,0,0
3409,18,14,1280,10,267,19,13,7,1,6,-70,4,1769,10904,85,100,3,0,0
3413,3,4,768,20,835,24,9,7,1,4,-52,9,1973,18610,226,100,1,0,0
3412,9,4,768,0,868,21,31,7,2,5,-52,10,3397,24995,223,100,2,0,0
3413,1,0,256,0,49,0,0,3,0,0,0,10,2093,30430,3849,100,2,0,0
3412,5,4,768,10,893,31,4,7,1,8,-52,8,1248,22183,226,100,3,0,0
3413,7,3,1024,10,824,18,12,7,1,4,-70,7,1798,19412,181,100,3,0,0
3414,2,3,1024,0,786,15,10,5,1,1,-52,1,1070,12114,190,100,3,0,0
3414,18,14,1280,30,271,19,13,7,1,6,-70,4,1525,8367,85,100,1,0,0
3409,23,18,1536,0,20,3,4,7,1,1,-52,2,1621,15608,19,100,1,0,0
3415,4,1,512,10,895,28,15,7,4,3,-61,10,4461,22368,227,100,1,0,0
3414,8,3,1024,0,833,32,17,7,1,10,-52,3,845,8227,223,100,2,1,1
3416,14,9,1024,10,873,32,34,7,2,10,-52,10,1554,10586,218,100,1,0,0
3416,10,4,768,0,895,21,20,7,1,5,-70,8,1726,21709,220,50,2,1,1
3416,12,7,1280,10,857,17,8,7,1,2,-52,3,758,11420,214,100,2,0,0
3416,15,9,1024,0,228,14,17,7,1,6,-70,3,826,7678,72,100,3,0,0
3416,21,16,1280,10,1018,32,10,7,1,10,-52,3,831,13964,207,100,3,0,0
3412,27,23,1792,0,11,4,4,5,1,2,-70,0,688,9730,13,100,2,0,0
3419,1,0,256,0,49,0,0,3,0,0,0,10,1009,16800,3854,100,1,0,0
3420,14,9,1024,20,874,32,34,7,2,10,-52,10,1003,8761,219,100,2,0,0
3416,29,23,1792,0,32,3,4,7,1,1,-70,0,831,11070,17,100,3,0,0
3420,10,4,768,10,897,21,20,7,1,5,-70,8,983,10482,220,50,2,1,1
3420,2,3,1024,0,786,15,10,5,1,1,-52,1,312,7771,190,100,1,0,0
3421,9,4,768,10,873,21,31,7,2,5,-52,10,3428,26238,223,100,2,0,0
3419,23,18,1536,0,22,3,4,7,1,1,-52,2,1563,16259,20,100,4,0,0
3421,12,7,1280,0,861,17,8,7,1,2,-52,3,939,8937,215,100,3,0,0
3419,27,23,1913,0,11,4,4,5,1,2,-70,0,567,8431,13,100,1,0,0
3423,5,4,768,0,896,31,4,7,1,8,-52,8,1108,22888,227,100,3,0,0
3421,16,10,1024,10,434,24,8,7,1,10,-70,3,1890,15717,120,100,2,0,0
3424,3,4,768,0,840,24,9,7,1,4,-52,9,3762,33070,227,100,3,0,0
3424,7,3,1024,0,826,18,12,7,1,4,-70,7,1714,21433,181,100,3,0,0
3424,14,9,1024,10,878,32,34,7,2,10,-52,10,1737,10766,219,100,1,0,0
3425,4,1,512,0,897,28,16,7,4,3,-61,10,7658,40565,228,100,2,0,0
3425,8,3,1024,0,836,32,17,7,1,10,-52,3,1242,11473,224,100,3,1,1
3425,16,10,1024,0,436,24,8,7,1,10,-70,3,831,7509,120,100,2,0,0
3424,18,14,1280,10,274,19,13,7,1,6,-70,4,3025,18095,86,100,2,0,0
3424,23,18,1536,0,22,3,4,7,1,1,-52,2,892,7776,20,100,1,0,0
3426,15,9,1024,0,229,14,17,7,1,6,-70,4,811,10850,72,100,2,0,0
3426,21,16,1280,0,1025,32,10,7,1,10,-52,3,1258,17878,208,100,4,0,0
3396,22,17,1792,20,184,14,13,7,1,5,-52,0,597,7660,49,100,1,0,0
3428,1,0,256,0,50,0,0,3,0,0,0,10,1863,24995,3866,100,2,0,0
3426,12,7,1280,0,863,17,8,7,1,2,-52,3,500,6901,215,100,1,0,0
3430,4,1,512,10,900,29,16,7,4,3,-61,10,2747,17383,228,100,1,0,0
3430,9,4,768,0,876,21,31,7,2,5,-52,10,3446,23956,224,100,3,0,0
3430,2,3,1024,10,791,15,10,5,1,1,-52,1,1175,12068,191,100,3,0,0
3424,29,23,1792,0,34,3,4,7,1,1,-70,0,993,8712,18,100,2,0,0
3431,15,9,1024,0,229,14,17,7,1,6,-70,4,343,4777,73,100,1,0,0
3432,10,4,768,10,901,21,20,7,1,5,-70,8,2692,26145,221,100,3,1,1
3431,14,9,1024,0,881,32,34,7,2,10,-52,10,2000,15207,220,100,2,0,0
3432,1,0,256,0,51,0,0,3,0,0,0,10,714,11204,3869,100,2,0,0
3426,27,23,1830,0,11,4,4,5,1,2,-70,0,500,6760,14,100,1,0,0
3433,7,3,1024,20,828,18,12,7,1,4,-70,7,1354,14474,182,100,1,0,0
3433,18,14,1280,80,277,19,13,7,1,6,-70,4,2977,18727,87,100,1,0,0
3411,22,18,1664,90,190,17,13,7,0,6,-70,0,550,4299,49,100,2,0,0
3434,8,3,1024,0,839,32,17,7,1,10,-52,3,755,8495,224,100,2,1,1
3415,22,18,1664,90,191,17,13,7,0,6,-70,0,177,3613,50,100,1,0,0
3422,22,18,1664,80,193,17,13,7,0,6,-70,0,579,5940,50,100,2,0,0
3433,16,10,1024,0,438,24,8,7,1,10,-70,3,1321,14162,121,100,1,0,0
3415,6,5,1152,60,848,27,4,5,0,7,-52,0,1131,12685,220,100,1,0,0
3433,21,16,1280,0,1030,32,10,7,1,10,-52,3,976,13387,208,100,2,0,0
3435,5,4,768,0,899,31,4,7,1,8,-52,8,1458,27649,228,100,4,0,0
3436,3,4,768,10,842,24,9,7,1,4,-52,9,3382,31610,228,100,3,0,0
3437,12,7,1280,0,866,17,8,7,1,2,-52,3,947,12214,216,100,2,0,0
3434,23,18,1536,10,23,3,4,7,1,1,-52,2,993,12586,21,100,2,0,0
3438,10,4,768,10,904,21,20,7,1,5,-70,8,1538,13255,222,100,1,1,1
3424,6,5,1152,80,850,27,4,5,0,7,-52,0,522,11719,221,100,4,0,0
3438,9,4,768,10,877,21,31,7,2,5,-52,10,2786,22791,224,100,1,0,0
3430,29,23,1792,0,35,3,4,7,1,1,-70,0,612,5646,18,100,2,0,0
3431,6,5,1152,40,850,27,4,5,0,7,-52,0,561,9435,221,100,2,0,0
3433,22,18,1536,0,197,17,13,7,1,6,-70,0,1926,12731,51,100,3,0,0
3438,14,9,1024,10,883,32,34,7,2,10,-52,10,2640,16811,220,100,1,0,0
3440,4,1,512,0,900,29,16,7,4,3,-61,10,9662,42956,229,100,2,0,0
3439,2,3,1024,0,794,15,10,5,1,1,-52,1,764,11970,192,100,2,0,0
3432,30,26,1792,0,519,14,2,7,1,4,-70,2,1974,13740,120,100,3,0,0
3435,27,23,1818,10,12,4,4,5,1,2,-70,0,766,7333,14,100,2,0,0
3441,1,0,256,0,51,0,0,3,0,0,0,10,2305,26178,3884,100,2,0,0
3440,5,4,768,10,902,31,4,7,1,8,-52,8,1642,13709,228,100,1,0,0
3441,27,23,1806,0,13,4,4,5,1,2,-70,0,718,6386,15,100,2,0,0
3442,6,5,1024,0,855,27,4,5,1,7,-52,0,1632,18618,222,100,4,0,0
3442,23,18,1536,10,23,3,4,7,1,1,-52,2,1462,14386,21,100,2,0,0
3440,16,10,1024,0,440,24,8,7,1,10,-70,3,1774,12993,121,100,3,0,0
3443,8,3,1024,0,841,32,17,7,1,10,-52,3,599,9441,225,100,2,1,1
3443,7,3,1024,10,830,18,12,7,1,4,-70,7,1788,23217,183,100,3,0,0
3443,15,9,1024,0,231,14,17,7,1,6,-70,4,1130,12237,73,100,2,0,0
3444,18,14,1280,30,280,19,13,7,1,6,-70,4,3573,22932,87,100,3,0,0
3445,10,4,768,40,908,21,20,7,1,5,-70,9,2677,18974,222,100,3,1,1
3445,3,4,768,0,845,24,9,7,1,4,-52,9,2899,25428,228,100,2,0,0
3440,29,23,1792,0,35,3,4,7,1,1,-70,0,653,10464,19,100,2,0,0
3446,1,0,256,0,51,0,0,3,0,0,0,10,1010,15409,3892,100,1,0,0
3446,4,1,512,0,904,29,16,7,4,3,-61,10,5347,27136,229,100,1,0,0
3446,14,9,1024,30,888,32,34,7,2,10,-52,10,2485,16241,220,100,2,0,0
3439,26,21,1536,0,176,11,6,7,1,4,-52,2,2596,23839,42,100,4,0,0
3444,22,18,1536,10,200,17,13,7,1,6,-70,0,1066,9761,52,100,3,0,0
3441,21,16,1280,0,1034,32,10,7,1,10,-52,4,1750,15372,209,100,2,0,0
3445,27,23,1792,10,13,4,4,5,1,2,-70,0,211,4153,15,100,0,0,0
3440,31,30,2048,0,676,33,497,5,1,10,-52,0,790,8758,208,100,5,1,3
3441,30,26,1792,0,520,14,2,7,1,4,-70,2,1034,11571,121,100,3,0,0
3447,2,3,1024,10,798,15,10,5,1,1,-52,1,854,10305,192,100,3,0,0
3449,3,4,768,10,845,24,9,7,1,4,-52,9,751,10256,228,100,1,0,0
3445,21,16,1280,0,1035,32,10,7,1,10,-52,4,870,8102,209,100,1,0,0
3447,12,7,1280,0,869,17,8,7,1,2,-52,3,982,14065,217,100,3,0,0
3450,9,4,768,0,879,21,31,7,2,5,-52,10,4602,34952,225,100,3,0,0
3449,16,10,1024,10,442,24,8,7,1,10,-70,4,2262,16277,122,100,1,0,0
3449,18,14,1280,0,281,19,13,7,1,6,-70,4,1178,8250,88,100,0,0,0
3451,4,1,536,20,904,29,16,7,4,3,-61,10,4985,20825,229,100,1,0,0
3447,29,23,1792,0,36,3,4,7,1,1,-70,0,526,6099,19,100,2,0,0
3449,23,18,1536,0,23,3,4,7,1,1,-52,2,1431,13025,22,100,1,0,0
3450,5,4,768,20,908,31,4,7,1,8,-52,8,1884,23491,229,100,2,0,0
3452,10,4,768,20,908,21,20,7,1,5,-70,9,2458,18991,223,100,1,1,1
3448,30,26,1792,0,522,14,2,7,1,4,-70,2,834,8724,121,100,2,0,0
3453,27,23,1792,0,13,4,4,5,1,2,-70,0,518,7542,16,100,2,0,0
3451,6,5,1024,10,858,27,4,5,1,7,-52,0,1064,14372,223,100,3,0,0
3451,7,3,1024,10,835,18,12,7,1,4,-70,7,1406,13870,183,100,2,0,0
3453,1,0,256,0,52,0,0,3,0,0,0,10,2233,23292,3905,100,2,0,0
3452,8,3,1024,10,843,32,17,7,1,10,-52,3,539,9210,225,100,2,1,1
3453,2,3,1024,0,800,15,10,5,1,1,-52,1,634,7834,193,100,1,0,0
3454,14,9,1024,0,890,32,34,7,2,10,-52,10,2485,17383,221,100,2,0,0
3453,22,18,1536,0,204,17,13,7,1,6,-70,0,1330,11417,52,100,2,0,0
3449,26,21,1536,10,180,11,6,7,1,4,-52,2,1904,19557,43,100,3,0,0
3453,12,7,1280,0,869,17,8,7,1,2,-52,3,287,7038,217,100,1,0,0
3452,21,16,1280,30,1039,32,10,7,1,10,-52,4,1800,15107,210,100,2,0,0
3454,15,9,1024,0,234,14,17,7,1,6,-70,4,1645,13150,74,100,2,0,0
3455,4,1,512,10,904,30,16,7,4,3,-61,10,5160,20823,230,100,1,0,0
3454,16,10,1024,0,442,24,8,7,1,10,-70,4,1245,10487,122,100,1,0,0
3456,8,3,1024,0,843,32,17,7,1,10,-52,3,534,4514,226,100,1,1,1
3452,31,30,2048,0,682,33,501,5,1,10,-52,0,1455,11930,209,100,5,1,3
3457,23,18,1536,10,24,3,4,7,1,1,-52,2,1154,10884,22,100,3,0,0
3456,26,21,1536,10,183,11,6,7,1,4,-52,2,1473,13366,43,100,3,0,0
3459,9,4,768,0,879,21,31,7,2,5,-52,10,2616,22408,226,100,2,0,0
3455,30,26,1792,0,525,14,2,7,1,4,-70,2,1221,10454,122,100,2,0,0
3459,3,4,768,0,848,24,9,7,1,4,-52,9,3438,26616,229,100,2,0,0
3457,21,16,1280,0,1040,32,10,7,1,10,-52,4,1140,10067,210,100,2,0,0
3459,4,1,512,10,904,30,16,7,4,3,-61,10,2991,16552,230,100,1,0,0
3460,5,4,768,0,911,31,4,7,1,8,-52,8,1401,22544,229,100,2,0,0
3458,29,23,1792,0,37,3,4,7,1,1,-70,0,634,9184,20,100,3,0,0
3459,7,3,1024,20,839,18,12,7,1,4,-70,7,1836,16301,184,100,1,0,0
3460,18,14,1280,20,283,19,13,7,1,6,-70,4,2753,20520,88,100,2,0,0
3459,22,18,1536,0,205,17,13,7,1,6,-70,0,452,5200,53,100,1,0,0
3461,8,3,1024,0,845,32,17,7,1,10,-52,3,602,5070,226,100,2,1,1
3462,10,4,768,20,909,21,20,7,1,5,-70,9,3338,25379,223,100,2,1,1
3462,16,10,1024,10,444,24,8,7,1,10,-70,4,2242,15438,123,100,2,0,0
3464,7,3,1024,20,842,18,12,7,1,4,-70,7,1649,12103,184,100,1,0,0
3464,14,9,1024,20,893,32,34,7,2,10,-52,10,2484,21883,222,100,3,0,0
3464,23,18,1536,20,24,3,4,7,1,1,-52,2,879,11872,23,100,1,0,0
3463,6,5,1024,0,861,27,4,5,1,7,-52,0,855,17001,223,100,3,0,0
3464,2,3,1024,0,803,15,10,5,1,1,-52,1,776,13437,193,100,2,0,0
3464,27,23,1792,0,13,4,4,5,1,2,-70,0,686,10763,16,100,2,0,0
3465,4,1,512,10,905,30,16,7,4,3,-61,10,4677,23828,230,100,1,0,0
3465,5,4,768,0,912,31,4,7,1,8,-52,8,879,12934,230,100,1,0,0
3465,1,0,256,0,52,0,0,3,0,0,0,10,2272,33631,3920,100,2,0,0
3459,31,30,2048,0,684,33,502,5,1,10,-52,0,707,6923,209,100,4,1,3
3464,29,23,1792,0,38,3,4,7,1,1,-70,0,409,5138,20,100,2,0,0
3466,9,4,768,10,881,21,31,7,2,5,-52,10,2799,22758,226,100,1,0,0
3464,15,9,1024,0,238,14,17,7,1,6,-70,3,1166,11558,75,100,2,0,0
3466,3,4,768,30,850,24,9,7,1,4,-52,9,2136,18246,230,100,1,0,0
3461,12,7,1280,0,873,17,8,7,1,2,-52,3,812,11021,218,100,2,0,0
3466,22,18,1536,0,207,17,13,7,1,6,-70,0,753,7446,53,100,2,0,0
3463,21,16,1280,0,1040,32,10,7,1,10,-52,4,1042,12005,210,100,1,0,0
3468,8,3,1024,0,848,32,17,7,1,10,-52,3,796,7454,227,100,1,1,1
3469,10,4,768,50,912,21,20,7,1,5,-70,8,2299,16842,224,100,2,1,1
3469,27,23,1792,0,13,4,4,5,1,2,-70,0,317,5009,17,100,1,0,0
3468,29,23,1792,0,38,3,4,7,1,1,-70,0,260,4386,20,100,1,0,0
3470,3,4,768,0,851,24,9,7,1,4,-52,9,1372,11802,230,100,1,0,0
3462,30,26,1792,10,527,14,2,7,1,4,-70,2,945,9620,122,100,3,0,0
3470,18,14,1280,10,284,19,13,7,1,6,-70,4,2599,18535,89,100,2,0,0
3470,1,0,256,0,52,0,0,3,0,0,0,10,1161,14700,3928,100,1,0,0
3470,14,9,1024,0,897,32,34,7,2,10,-52,10,2281,14418,222,100,1,0,0
3471,12,7,1280,0,875,17,8,7,1,2,-52,3,757,10236,218,100,2,0,0
3470,15,9,1024,10,238,14,17,7,1,6,-70,3,700,6682,75,100,2,0,0
3472,4,1,512,0,906,30,16,7,4,3,-61,10,5948,28641,231,100,1,0,0
3473,16,10,1024,40,447,24,8,7,1,10,-70,4,2491,18341,123,100,2,0,0
3474,9,4,768,10,882,21,31,7,2,5,-52,10,2196,19593,227,100,2,0,0
3469,26,21,1536,20,187,11,6,7,1,4,-52,2,2107,23273,44,100,3,0,0
3467,30,26,1792,0,528,15,2,7,1,4,-70,2,899,7347,123,100,1,0,0
3475,6,5,1024,10,865,27,4,5,1,7,-52,0,1237,16434,224,100,2,0,0
3471,21,16,1280,10,1043,32,10,7,1,10,-52,4,1893,15957,211,100,4,0,0
3475,8,3,1024,0,850,32,17,7,1,10,-52,3,501,6373,227,100,1,1,1
3469,31,30,2048,0,686,33,505,5,1,10,-52,0,789,10781,210,100,5,1,3
3475,22,18,1536,0,212,17,13,7,1,6,-70,0,950,8811,54,100,1,0,0
3475,2,3,1024,0,805,15,10,5,1,1,-52,1,810,12999,194,100,2,0,0
3475,23,18,1536,0,25,3,4,7,1,1,-52,2,1857,17949,23,100,2,0,0
3476,3,4,768,0,851,24,9,7,1,4,-52,9,1515,15696,230,100,1,0,0
3475,27,23,1792,0,13,4,4,5,1,2,-70,0,332,5727,17,100,1,0,0
3477,5,4,768,0,917,31,4,7,1,8,-52,8,1751,26640,230,100,3,0,0
3475,7,3,1024,10,844,18,12,7,1,4,-70,7,1534,19839,185,100,2,0,0
3478,10,4,768,0,913,21,20,7,1,5,-70,8,2750,23673,224,100,2,1,1
3478,1,0,256,0,53,0,0,3,0,0,0,10,1740,22705,3940,100,3,0,0
3478,14,9,1024,20,899,32,34,7,2,10,-52,9,1839,16067,222,100,2,0,0
3479,18,14,1280,0,286,19,13,7,1,6,-70,4,1964,16117,90,100,3,0,0
3480,9,4,768,20,883,21,31,7,2,5,-52,10,2026,17792,227,100,1,0,0
3478,29,23,1792,0,39,3,4,7,1,1,-70,0,952,10388,21,100,3,0,0
3478,16,10,1024,0,449,24,8,7,1,10,-70,4,1651,11021,124,100,1,0,0
3481,27,23,1792,0,13,4,4,5,1,2,-70,0,423,6342,17,100,1,0,0
3481,15,9,1024,10,240,14,17,7,1,6,-70,3,1319,11589,76,100,3,0,0
3482,5,4,768,0,920,31,4,7,1,8,-52,8,1019,14168,231,100,1,0,0
3482,4,1,512,10,907,31,16,7,4,3,-61,10,8271,42636,232,100,2,0,0
3482,7,3,1024,0,847,18,12,7,1,4,-70,7,1154,13412,185,100,1,0,0
3483,12,7,1280,0,880,17,8,7,1,2,-52,3,1203,15619,219,100,2,0,0
3484,6,5,1024,0,867,27,4,5,1,7,-52,0,731,13340,225,100,2,0,0
3476,26,21,1536,20,191,11,6,7,1,4,-52,2,1329,14586,45,100,2,0,0
3476,31,30,2048,0,687,34,506,5,1,10,-52,0,554,7078,210,100,2,1,3
3480,21,16,1280,20,1048,32,10,7,1,10,-52,4,2046,18789,211,100,2,0,0
3486,1,0,256,0,53,0,0,3,0,0,0,10,1450,20840,3951,100,1,0,0
3487,9,4,768,0,885,21,31,7,2,5,-52,10,1996,18156,228,100,1,0,0
3480,30,26,1792,20,533,15,2,7,1,4,-70,2,1921,14967,123,100,2,0,0
3486,22,18,1536,0,216,17,13,7,1,6,-70,0,1087,11621,54,100,3,0,0
3487,15,9,1024,0,244,14,17,7,1,6,-70,4,1308,6994,76,100,2,0,0
3487,3,4,768,0,853,24,9,7,1,4,-52,9,2183,27085,231,100,1,0,0
3481,26,21,1536,10,193,11,6,7,1,4,-52,2,1475,11090,45,100,2,0,0
3486,8,3,1024,10,854,32,17,7,1,10,-52,3,1002,11882,228,100,3,1,1
3486,23,18,1536,10,27,3,4,7,1,1,-52,2,1739,16900,24,100,4,0,0
3486,16,10,1024,60,454,24,8,7,1,10,-70,4,3246,18717,124,100,2,0,0
3489,10,4,768,40,916,21,20,7,1,5,-70,8,3332,27829,225,100,2,1,1
3489,4,1,512,0,908,31,16,7,4,3,-61,10,4629,24938,232,100,1,0,0
3487,2,3,1024,0,810,15,10,5,1,1,-52,1,1232,15080,195,100,3,0,0
3489,18,14,1280,20,289,19,13,7,1,6,-70,4,2826,19366,90,100,3,0,0
3490,1,0,256,0,53,0,0,3,0,0,0,10,839,12030,3956,100,1,0,0
3491,14,9,1024,10,904,32,34,7,2,10,-52,9,2689,24572,223,100,3,0,0
3491,5,4,768,0,922,31,4,7,1,8,-52,8,1023,19452,231,100,2,0,0
3491,3,4,768,0,853,24,9,7,1,4,-52,9,1555,12414,231,100,1,0,0
3485,21,16,1280,10,1050,32,10,7,1,10,-52,4,1334,9899,212,100,2,0,0
3488,29,23,1792,0,41,3,4,7,1,1,-70,0,693,9223,22,100,2,0,0
3482,31,30,2048,0,689,34,508,5,1,10,-52,0,720,7212,211,100,3,1,3
3492,8,3,1024,0,855,32,17,7,1,10,-52,3,611,5977,228,100,1,1,1
3491,27,23,1792,10,13,5,4,5,1,2,-70,0,661,9620,18,100,2,0,0
3493,4,1,512,0,909,31,16,7,4,3,-61,10,3102,16422,232,100,1,0,0
3487,26,21,1536,0,194,11,6,7,1,4,-52,2,852,11010,45,100,1,0,0
3493,12,7,1280,0,882,17,8,7,1,2,-52,3,779,12179,220,100,2,0,0
3493,7,3,1024,0,852,18,12,7,1,4,-70,7,2241,22954,186,100,3,0,0
3495,15,9,1024,0,245,14,17,7,1,6,-70,5,972,8771,77,100,1,0,0
3493,22,18,1536,0,218,17,13,7,1,6,-70,0,1003,7854,55,100,1,0,0
3490,21,16,1280,0,1052,32,10,7,1,10,-52,4,1001,8742,212,100,1,0,0
3494,23,18,1536,0,27,3,4,7,1,1,-52,2,1129,12167,25,100,1,0,0
3496,6,5,1024,0,874,27,4,5,1,7,-52,0,1305,18040,225,100,3,0,0
3496,9,4,768,0,887,21,31,7,2,5,-52,10,4459,29585,228,100,2,0,0
3496,10,4,768,50,917,21,20,7,1,5,-70,8,2610,17606,225,100,1,1,1
3496,3,4,768,10,856,24,9,7,1,4,-52,9,1717,13576,231,100,1,0,0
3489,30,26,1792,10,534,15,2,7,1,4,-70,2,1382,13163,124,100,3,0,0
3497,4,1,512,10,910,31,16,7,4,3,-61,10,4341,19548,232,100,1,0,0
3498,1,0,256,0,53,0,0,3,0,0,0,10,1678,22774,3970,100,1,0,0
3497,8,3,1024,10,856,32,17,7,1,10,-52,3,394,4668,228,100,1,1,1
3497,18,14,1280,20,293,19,13,7,1,6,-70,4,2661,15771,91,100,1,0,0
3497,2,3,1024,0,812,15,10,5,1,1,-52,1,894,13439,196,100,2,0,0
3495,16,10,1024,0,455,24,8,7,1,10,-70,4,2003,16342,125,100,1,0,0
3496,27,23,1792,0,14,5,4,5,1,2,-70,0,490,5431,19,100,2,0,0
3497,7,3,1024,0,854,18,12,7,1,4,-70,7,431,7137,186,100,1,0,0
3500,12,7,1280,10,884,17,8,7,1,2,-52,3,554,9090,220,100,2,0,0
3501,14,9,1024,0,906,32,34,7,2,10,-52,9,2931,22615,224,100,3,0,0
3496,29,23,1792,10,42,3,4,7,1,1,-70,0,645,7287,22,100,3,0,0
3498,21,16,1280,10,1055,32,10,7,1,10,-52,4,1242,15173,213,100,3,0,0
3501,5,4,768,0,925,31,4,7,1,8,-52,8,1762,26703,232,100,2,0,0
3501,23,18,1536,0,28,3,5,7,1,1,-52,2,1307,12048,25,100,4,0,0
3502,9,4,768,0,888,21,32,7,2,5,-52,10,1669,15180,229,100,2,0,0
3500,22,18,1536,10,223,17,13,7,1,6,-70,0,807,7105,55,100,3,0,0
3494,31,30,2048,0,693,34,511,5,1,10,-52,0,1182,12270,212,100,5,1,3
3503,2,3,1024,0,813,15,10,5,1,1,-52,1,422,6095,196,100,1,0,0
3501,29,23,1792,10,43,3,4,7,1,1,-70,0,482,5517,23,100,2,0,0
3498,30,26,1792,0,538,15,2,7,1,4,-70,2,1569,13196,125,100,3,0,0
3504,8,3,1024,10,858,32,17,7,1,10,-52,3,475,6554,229,100,1,1,1
3505,1,0,256,0,53,0,0,3,0,0,0,10,1555,20693,3980,100,2,0,0
3505,3,4,768,0,859,24,9,7,1,4,-52,9,3111,25218,232,100,3,0,0
3505,7,3,1024,10,858,18,12,7,1,4,-70,7,1712,15770,187,100,3,0,0
3505,12,7,1280,0,886,17,8,7,1,2,-52,3,686,7273,221,100,2,0,0
3505,15,9,1024,0,247,14,17,7,1,6,-70,5,843,10520,78,100,3,0,0
3500,26,21,1536,0,200,11,6,7,1,4,-52,2,2313,22873,46,100,4,0,0
3507,14,9,1024,0,911,32,34,7,2,10,-52,9,2437,13841,224,100,1,0,0
3502,31,30,2048,0,694,34,512,5,1,10,-52,0,403,4361,212,100,2,1,3
3507,6,5,1024,0,879,27,4,5,1,7,-52,0,1185,20236,226,100,4,0,0
3508,9,4,768,10,888,21,32,7,2,5,-52,10,1679,15163,229,100,1,0,0
3507,4,1,512,0,912,31,16,7,4,3,-61,10,8503,41766,233,100,2,0,0
3507,27,23,1792,10,16,5,4,5,1,2,-70,0,796,10425,19,100,3,0,0
3508,10,4,768,70,921,21,20,7,1,5,-70,8,3509,29234,226,100,2,1,1
3508,18,14,1280,0,297,19,15,7,1,6,-70,4,3087,20776,91,100,5,0,0
3510,3,4,768,0,859,24,9,7,1,4,-52,10,934,11550,232,100,1,0,0
3505,21,16,1280,0,1056,32,10,7,1,10,-52,4,1450,13512,213,100,3,0,0
3510,15,9,1024,0,248,14,17,7,1,6,-70,5,675,5241,78,100,1,0,0
3510,22,18,1536,0,227,17,13,7,1,6,-70,0,1547,12075,56,100,3,0,0
3506,16,10,1024,0,456,24,8,7,1,10,-70,4,2306,19920,125,100,2,0,0
3511,7,3,1024,10,860,18,12,7,1,4,-70,8,1097,10443,187,100,2,0,0
3511,5,4,768,10,931,31,4,7,1,8,-52,8,1482,22916,233,100,3,0,0
3507,26,21,1536,0,203,11,6,7,1,4,-52,2,1229,12503,47,100,3,0,0
3511,23,18,1536,0,29,3,5,7,1,1,-52,2,1622,17417,26,100,3,0,0
3507,30,26,1792,0,544,15,2,7,1,4,-70,2,1397,12330,125,100,3,0,0
3513,4,1,512,0,912,31,16,7,4,3,-61,10,4480,22804,234,100,1,0,0
3513,1,0,256,0,53,0,0,3,0,0,0,10,1624,22803,3992,100,1,0,0
3511,2,3,1024,0,815,15,10,5,1,1,-52,1,572,10375,196,100,1,0,0
3511,8,3,1024,0,860,32,17,7,1,10,-52,3,633,7640,229,100,1,1,1
3513,18,14,1280,0,297,19,15,7,1,6,-70,4,1182,8870,92,100,1,0,0
3513,29,23,1792,0,44,3,4,7,1,1,-70,0,963,12140,23,100,3,0,0
3510,21,16,1280,0,1060,32,10,7,1,10,-52,4,1260,11588,213,100,2,0,0
3515,14,9,1024,0,912,32,34,7,2,10,-52,10,2887,19053,225,100,2,0,0
3512,26,21,1536,10,206,11,6,7,1,4,-52,2,985,10300,47,100,2,0,0
3514,12,7,1280,0,887,17,8,7,1,2,-52,3,835,10553,221,100,2,0,0
3511,31,30,2048,0,698,34,515,5,1,10,-52,0,947,9917,212,100,5,1,3
3516,2,3,1024,0,816,15,10,5,1,1,-52,1,426,5201,197,100,1,0,0
3513,16,10,1024,20,457,24,8,7,1,10,-70,4,1704,13491,126,100,1,0,0
3516,15,9,1024,20,251,14,17,7,1,6,-70,5,821,6373,78,100,1,0,0
3517,6,5,1024,10,881,27,4,5,1,7,-52,0,706,16351,227,100,2,0,0
3516,22,18,1536,0,230,17,13,7,1,6,-70,0,830,6660,56,100,1,0,0
3518,9,4,768,0,892,21,33,7,2,5,-52,10,4056,29944,230,100,3,0,0
3517,5,4,768,0,931,31,4,7,1,8,-52,8,972,13732,233,100,2,0,0
3519,10,4,768,30,922,21,20,7,1,5,-70,8,3602,28007,227,100,2,1,1
3518,8,3,1024,10,863,32,17,7,1,10,-52,3,658,5911,230,100,2,1,1
3519,1,0,256,0,53,0,0,3,0,0,0,10,1232,18156,4000,100,1,0,0
3520,12,7,1280,0,889,17,8,7,1,2,-52,3,688,7773,222,100,1,0,0
3515,30,26,1792,10,549,15,2,7,1,4,-70,2,1787,12092,126,100,3,0,0
3518,27,23,1792,0,17,5,4,5,1,2,-70,0,783,10545,20,100,2,0,0
3519,23,18,1536,0,29,3,5,7,1,1,-52,3,1146,12098,26,100,1,0,0
3521,2,3,1024,0,816,15,10,5,1,1,-52,1,338,5836,197,100,1,0,0
3515,31,30,2048,0,699,34,517,5,1,10,-52,0,699,4450,213,100,3,1,3
3521,7,3,1024,0,863,18,12,7,1,4,-70,8,1901,18337,188,100,1,0,0
3518,16,10,1024,10,459,24,8,7,1,10,-70,4,1429,9862,126,100,1,0,0
3521,4,1,512,0,916,31,16,7,4,3,-61,10,7604,35233,234,100,2,0,0
3522,3,4,768,0,865,24,9,7,1,4,-52,10,4081,32566,233,100,3,0,0
3518,26,21,1536,0,209,11,6,7,1,4,-52,2,1581,12691,47,100,2,0,0
3522,14,9,1024,0,915,32,34,7,2,10,-52,10,1541,14115,225,100,2,0,0
3524,18,14,1280,30,299,19,15,7,1,6,-70,5,2788,19720,93,100,3,0,0
3521,21,16,1280,0,1062,32,10,7,1,10,-52,4,2306,21035,214,100,2,0,0
3522,29,23,1792,0,44,3,4,7,1,1,-70,0,534,8753,24,100,2,0,0
3525,1,0,256,0,53,0,0,3,0,0,0,10,1059,16613,4008,100,1,0,0
3522,27,23,1792,0,17,5,4,5,1,2,-70,0,285,4303,20,100,1,0,0
3526,15,9,1024,0,256,14,17,7,1,6,-70,5,1819,12550,79,100,1,0,0
3525,5,1,556,30,934,32,4,7,1,9,-76,8,1695,23264,234,100,2,0,0
3526,9,4,768,0,895,21,33,7,2,5,-52,10,3342,26093,231,100,2,0,0
3522,31,30,2048,0,702,34,518,5,1,10,-52,0,532,6147,213,100,2,1,3
3525,16,10,1024,40,461,24,8,7,1,10,-70,4,2020,12848,127,100,1,0,0
3524,30,26,1792,0,551,15,2,7,1,4,-70,2,1234,11353,126,100,3,0,0
3528,14,9,1024,10,916,32,34,7,2,10,-52,10,1595,12714,226,100,1,0,0
3526,22,18,1536,0,233,17,13,7,1,6,-70,0,827,10721,57,100,3,0,0
3526,31,30,2048,0,702,34,519,5,1,10,-52,0,221,4341,213,100,1,1,3
3526,6,5,1024,0,885,27,4,5,1,7,-52,0,1073,17390,227,100,3,0,0
3529,8,3,1024,0,865,32,17,7,1,10,-52,3,977,11160,231,100,2,1,1
3527,23,18,1536,10,32,3,5,7,1,1,-52,3,1592,13995,27,100,3,0,0
3527,7,3,1024,20,865,18,12,7,1,4,-70,8,1175,13144,188,100,3,0,0
3527,21,16,1280,10,1063,32,10,7,1,10,-52,4,1254,12393,214,100,2,0,0
3529,4,1,512,0,919,31,16,7,4,3,-61,10,7018,33621,235,100,2,0,0
3529,29,23,1792,0,46,3,4,7,1,1,-70,0,492,6088,24,100,2,0,0
3529,10,4,768,40,923,21,20,7,1,5,-70,8,3511,28392,228,100,2,1,1
3530,12,7,1280,0,893,17,8,7,1,2,-52,3,998,12741,222,100,3,0,0
3529,5,1,512,10,937,33,4,7,1,9,-76,8,1270,11151,234,100,2,0,0
3530,2,3,1024,10,818,15,10,5,1,1,-52,1,762,11843,198,100,2,0,0
3505,28,23,1920,70,26,6,3,7,0,3,-52,0,282,4360,25,100,2,0,0
3532,15,9,1024,0,257,14,17,7,1,6,-70,5,492,5796,79,100,2,0,0
3532,27,23,1792,0,17,5,4,5,1,2,-70,0,687,10112,21,100,2,0,0
3532,6,5,768,0,886,27,4,5,1,7,-52,0,502,10052,228,100,1,0,0
3528,26,21,1536,0,213,11,6,7,1,4,-52,2,2121,19876,48,100,3,0,0
3510,28,23,1920,70,27,6,3,7,0,3,-52,0,408,4864,25,100,2,0,0
3532,3,4,768,0,866,24,9,7,1,4,-52,10,2631,28778,234,100,3,0,0
3530,16,10,1024,20,462,24,8,7,1,10,-70,4,1602,9499,127,100,1,0,0
3534,7,3,1024,0,866,18,12,7,1,4,-70,8,1007,11999,189,100,1,0,0
3534,1,0,256,0,53,0,0,3,0,0,0,10,2602,28223,4022,100,2,0,0
3534,9,4,768,0,897,21,33,7,2,5,-52,10,2333,20825,231,100,1,0,0
3535,18,14,1280,60,301,19,15,7,1,6,-70,6,3553,22581,93,100,2,0,0
3536,10,4,768,0,925,21,20,7,1,5,-70,8,1743,15590,228,100,1,1,1
3536,14,9,1024,0,920,32,34,7,2,10,-52,10,2794,19596,226,100,2,0,0
3535,16,10,1046,60,464,24,8,7,1,10,-70,4,932,10524,127,100,1,0,0
3535,12,7,1280,30,894,17,8,7,1,2,-52,3,321,6809,223,100,0,0,0
3537,4,1,512,0,924,31,16,7,4,3,-61,10,6107,29286,235,100,2,0,0
3534,21,16,1280,10,1067,32,10,7,1,10,-52,4,1432,13929,215,100,2,0,0
3534,31,30,2048,0,703,34,520,5,1,10,-52,0,626,7028,214,100,3,1,3
3523,28,23,1920,70,29,6,3,7,0,3,-52,0,356,6323,26,100,2,0,0
3537,3,4,768,10,869,24,9,7,1,4,-52,10,1420,13331,234,100,1,0,0
3539,8,3,1024,0,867,32,17,7,1,10,-52,3,778,10102,231,100,2,1,1
3535,22,18,1536,0,235,17,13,7,1,6,-70,1,1151,10729,58,100,1,0,0
3535,26,21,1536,0,213,11,6,7,1,4,-52,2,828,11523,49,100,1,0,0
3540,12,7,1280,0,897,17,8,7,1,2,-52,3,799,6499,223,100,1,0,0
3537,23,18,1536,10,33,3,5,7,1,1,-52,3,2859,21619,28,100,1,0,0
3540,18,14,1280,50,301,19,15,7,1,6,-70,6,1741,10776,94,100,1,0,0
3541,5,1,512,30,942,33,4,7,1,9,-76,8,1996,27689,235,100,3,0,0
3541,2,3,1024,0,821,15,10,5,1,1,-52,1,927,13048,198,100,3,0,0
3539,6,5,768,0,889,28,4,5,1,7,-52,0,921,13522,228,100,1,0,0
3541,9,4,768,20,900,21,33,7,2,5,-52,10,2459,20287,232,100,1,0,0
3538,29,23,1792,0,47,3,4,7,1,1,-70,0,708,8825,25,100,2,0,0
3542,7,3,1024,0,867,18,12,7,1,4,-70,8,1393,16158,189,100,1,0,0
3540,28,23,1792,0,30,6,3,7,1,3,-52,0,808,8402,27,100,3,0,0
3542,10,4,768,40,926,21,20,7,1,5,-70,8,1949,16270,229,100,1,1,1
3542,22,18,1536,0,237,17,13,7,1,6,-70,1,555,5493,58,100,1,0,0
3542,29,23,1792,0,47,3,4,7,1,1,-70,0,308,4190,25,100,1,0,0
3543,14,9,1024,0,922,32,34,7,2,10,-52,10,2838,17278,227,100,1,0,0
3543,15,9,1024,10,260,14,17,7,1,6,-70,5,1185,12279,80,100,3,0,0
3535,30,26,1792,0,552,15,2,7,1,4,-70,2,1478,14727,127,100,2,0,0
3542,27,23,1792,0,17,5,4,5,1,2,-70,0,590,10076,22,100,2,0,0
3543,23,18,1536,0,34,3,5,7,1,1,-52,3,1404,11724,28,100,1,0,0
3540,31,30,2048,0,704,34,522,5,1,10,-52,0,453,5085,214,100,3,1,3
3545,3,4,768,0,870,24,9,7,1,4,-52,10,1895,19507,235,100,1,0,0
3546,1,0,256,0,53,0,0,3,0,0,0,10,2788,33513,4037,100,2,0,0
3540,21,16,1280,0,1068,32,10,7,1,10,-52,4,1419,13090,215,100,1,0,0
3547,4,1,512,10,926,31,16,7,2,3,-61,10,7220,39940,236,100,2,0,0
3546,18,14,1280,10,303,19,15,7,1,6,-70,6,1931,11322,94,100,1,0,0
3547,7,3,1024,0,867,18,12,7,1,4,-70,8,433,8780,190,100,1,0,0
3544,30,26,1792,0,556,15,2,7,1,4,-70,2,1186,11197,127,100,3,0,0
3546,29,23,1792,0,48,3,4,7,1,1,-70,0,385,4236,25,100,2,0,0
3548,14,9,1024,0,923,32,34,7,2,10,-52,10,1399,10731,227,100,1,0,0
3547,6,5,768,20,892,28,4,5,1,7,-52,0,607,13682,229,100,1,0,0
3550,8,3,1024,0,871,32,18,7,1,10,-52,3,1132,10810,232,100,3,1,1
3549,15,9,1024,0,260,14,17,7,1,6,-70,5,373,5355,81,100,1,0,0
3549,5,1,512,40,944,33,4,7,1,9,-76,9,2830,22757,235,100,2,0,0
3549,9,4,768,10,903,21,33,7,2,5,-52,10,3716,23459,232,100,3,0,0
3544,26,21,1536,20,219,11,6,7,1,4,-52,2,2075,19120,49,100,3,0,0
3547,27,23,1792,10,17,5,4,5,1,2,-70,0,493,5003,22,100,1,0,0
3552,2,3,1024,0,824,15,10,5,1,1,-52,1,831,13141,199,100,3,0,0
3552,7,3,1024,20,869,18,12,7,1,4,-70,8,816,9504,190,100,2,0,0
3553,1,0,256,0,53,0,0,3,0,0,0,10,1323,15669,4044,100,1,0,0
3546,31,30,2048,0,705,34,524,5,1,10,-52,0,654,6378,215,100,3,1,3
3549,23,18,1536,10,35,3,5,7,1,1,-52,3,1360,11004,28,100,1,0,0
3550,10,5,768,20,929,23,20,7,1,6,-52,8,3114,20571,229,80,3,1,1
3551,12,7,1280,0,902,17,8,7,1,2,-52,3,1010,12997,224,100,4,0,0
3553,18,14,1280,50,307,19,15,7,1,6,-70,6,2727,15356,95,100,1,0,0
3554,9,4,768,10,906,21,33,7,2,5,-52,10,2115,15816,232,100,2,0,0
3549,26,21,1536,0,221,11,6,7,1,4,-52,2,845,8650,49,100,2,0,0
3554,14,9,1024,0,927,32,34,7,2,10,-52,10,2336,14362,228,100,3,0,0
3556,3,4,768,0,874,24,9,7,1,4,-52,10,2812,28129,236,100,4,0,0
3557,7,3,1024,0,870,18,12,7,1,4,-70,8,1001,9627,190,100,2,0,0
3552,29,23,1792,0,49,3,4,7,1,1,-70,0,695,6207,26,100,2,0,0
3552,28,23,1792,10,32,6,3,7,1,3,-52,0,839,11744,28,100,4,0,0
3556,6,5,768,0,894,28,4,5,1,7,-52,0,863,15449,229,100,3,0,0
3559,8,3,1024,0,873,32,18,7,1,10,-52,3,607,9089,233,100,1,1,1
3559,4,1,512,10,931,31,16,7,2,3,-61,10,7069,42453,237,100,4,0,0
3553,27,23,1792,10,18,5,4,5,1,2,-70,0,434,6227,22,100,2,0,0
3559,5,1,512,30,946,33,4,7,1,9,-76,9,2784,26536,236,100,2,0,0
3559,1,0,256,0,53,0,0,3,0,0,0,10,1699,17054,4053,100,1,0,0
3559,9,4,768,0,908,21,33,7,2,5,-52,10,1723,13438,233,100,1,0,0
3559,14,9,1024,0,927,32,34,7,2,10,-52,10,1043,9860,228,100,1,0,0
3558,27,23,1792,0,18,5,4,5,1,2,-70,0,538,5052,23,100,1,0,0
3560,12,7,1280,0,906,17,8,7,1,2,-52,3,1039,11914,224,100,3,0,0
3560,15,9,1024,0,263,14,17,7,1,6,-70,5,998,12143,81,100,2,0,0
3558,10,5,768,0,933,23,20,7,1,6,-52,8,1750,18887,230,14,2,1,1
3559,23,18,1536,0,41,3,5,7,1,1,-52,3,2914,20836,29,100,3,0,0
3561,22,18,1536,0,241,17,13,7,1,6,-70,1,870,9894,59,100,2,0,0
3559,28,23,1792,0,32,6,3,7,1,3,-52,0,334,6349,28,100,1,0,0
3561,29,23,1792,0,50,3,4,7,1,1,-70,0,554,8117,26,100,3,0,0
3563,2,3,1024,0,827,15,10,5,1,1,-52,1,855,12858,200,100,3,0,0
3563,3,4,768,0,876,25,9,7,1,4,-52,10,2102,17334,236,100,1,0,0
3563,4,1,512,10,931,31,16,7,2,3,-61,10,3117,16717,237,100,1,0,0
3563,18,14,1280,50,310,19,16,7,1,6,-70,6,3625,21482,95,100,3,0,0
3565,7,3,1024,0,871,18,12,7,1,4,-70,8,862,14875,191,100,1,0,0
3544,11,9,1408,100,896,39,3,7,0,15,-95,9,723,17505,223,100,3,0,0
3563,27,23,1792,0,19,5,4,5,1,2,-70,0,795,5039,23,100,1,0,0
3556,11,5,1453,90,897,40,3,7,1,16,-70,9,1509,20153,223,100,2,0,0
3563,16,10,1024,0,470,24,8,7,1,10,-70,4,2760,19830,129,100,2,0,0
3564,23,18,1536,0,43,3,5,7,1,1,-52,4,1758,10764,29,100,1,0,0
3565,6,5,768,0,894,28,4,5,1,7,-52,0,1632,17803,230,100,2,0,0
3566,1,0,256,0,53,0,0,3,0,0,0,10,1936,18124,4064,100,2,0,0
3565,10,5,768,0,936,23,20,7,1,6,-52,8,1880,18154,230,66,1,1,1
3567,15,9,1024,0,263,14,17,7,1,6,-70,5,507,6657,82,100,1,0,0
3568,4,1,512,10,933,31,16,7,2,3,-61,10,2127,15661,237,100,0,0,0
3567,5,1,512,30,949,33,4,7,1,9,-76,10,4015,27588,236,100,2,0,0
3568,18,14,1280,30,310,19,16,7,1,6,-70,6,1494,9519,96,100,1,0,0
3567,11,6,1280,0,902,43,3,7,1,17,-52,9,2699,21734,223,100,4,0,0
3570,9,4,768,0,912,21,33,7,2,5,-52,10,4437,31328,233,100,3,0,0
3568,12,7,1280,0,908,17,8,7,1,2,-52,3,819,10977,225,100,2,0,0
3569,29,23,1792,0,51,3,4,7,1,1,-70,0,513,7974,27,100,2,0,0
3571,1,0,256,0,53,0,0,3,0,0,0,10,1031,10583,4070,100,1,0,0
3568,8,3,1024,0,876,32,18,7,1,10,-52,3,884,11140,233,100,2,1,1
3568,28,23,1792,0,34,6,3,7,1,3,-52,0,1175,9943,29,100,2,0,0
3569,30,26,1792,10,564,15,2,7,1,4,-70,2,1332,13821,129,100,3,0,0
3571,14,9,1024,0,929,32,34,7,2,10,-52,10,3643,25837,229,100,3,0,0
3571,2,3,1024,0,830,15,10,5,1,1,-52,1,656,10322,200,100,1,0,0
3570,22,18,1536,0,243,17,13,7,1,6,-70,1,841,9489,60,100,2,0,0
3572,4,1,512,10,935,31,16,7,2,3,-61,10,3060,19186,238,100,1,0,0
3572,23,18,1536,10,45,3,5,7,1,1,-52,4,2107,18479,30,100,2,0,0
3574,18,14,1280,30,311,19,16,7,1,6,-70,6,1761,12001,96,100,1,0,0
3574,3,4,768,0,881,25,9,7,1,4,-52,10,3748,32320,237,100,3,0,0
3575,5,1,512,50,950,33,4,7,1,9,-76,10,2476,21816,237,100,1,0,0
3575,9,4,768,0,913,21,33,7,2,5,-52,10,1790,15767,234,100,1,0,0
3575,7,3,1024,0,876,19,12,7,1,4,-70,8,1842,20740,191,100,3,0,0
3571,27,23,1792,0,19,5,4,5,1,2,-70,0,436,8426,24,100,1,0,0
3574,10,5,768,10,939,23,20,7,1,6,-52,8,1433,18719,231,25,3,1,1
3577,15,9,1024,0,264,14,18,7,1,6,-70,5,809,10608,82,100,3,0,0
3573,26,21,1536,10,235,11,6,7,1,4,-52,2,1944,17618,51,100,3,0,0
3576,6,5,768,0,896,28,4,5,1,7,-52,1,1693,19913,231,100,2,0,0
3576,12,7,1280,0,910,17,8,7,1,2,-52,3,751,10087,225,100,2,0,0
3576,11,6,1280,10,907,43,3,7,1,17,-52,9,916,13900,224,100,3,0,0
3579,2,3,1024,10,833,16,10,5,1,1,-52,1,1157,10880,201,100,3,0,0
3578,1,0,256,0,53,0,0,3,0,0,0,10,1657,18401,4078,100,1,0,0
3579,18,14,1280,90,312,19,16,7,1,6,-70,6,1509,9538,96,100,1,0,0
3579,14,9,1024,0,930,32,34,7,2,10,-52,10,1544,17321,229,100,1,0,0
3579,8,3,1024,0,877,33,18,7,1,10,-52,3,804,11118,234,100,2,1,1
3573,29,23,1792,0,51,3,4,7,1,1,-70,0,284,5246,27,100,1,0,0
3575,22,18,1536,0,244,17,13,7,1,6,-70,1,512,5179,60,100,1,0,0
3576,28,23,1792,0,35,6,3,7,1,3,-52,0,532,7402,29,100,1,0,0
3580,16,10,1024,20,473,24,8,7,1,10,-70,4,2060,16340,130,100,2,0,0
3583,11,6,1280,0,909,43,3,7,1,17,-52,9,711,12048,224,100,2,0,0
3581,7,3,1024,0,879,19,12,7,1,4,-70,8,1276,10942,192,100,1,0,0
3583,3,4,768,0,881,25,9,7,1,4,-52,10,2995,24008,237,100,2,0,0
3583,5,1,512,30,951,33,4,7,1,9,-76,10,2243,19931,237,100,1,0,0
3583,15,9,1024,0,267,14,18,7,1,6,-70,5,934,6642,83,100,1,0,0
3583,4,1,512,30,936,31,16,7,2,3,-61,10,5847,38894,238,100,3,0,0
3585,1,0,256,0,53,0,0,3,0,0,0,10,1242,14148,4085,100,1,0,0
3583,14,9,1024,10,931,32,34,7,2,10,-52,10,1643,9696,230,100,1,0,0
3582,10,5,768,0,939,23,20,7,1,6,-52,8,1270,18135,231,44,1,1,1
3580,22,18,1536,10,246,17,13,7,1,6,-70,1,548,4986,61,100,0,0,0
3584,6,5,768,0,898,28,4,5,1,7,-52,1,1113,17619,231,100,1,0,0
3581,26,21,1536,0,236,11,6,7,1,4,-52,2,1466,16086,52,100,3,0,0
3582,29,23,1792,0,52,3,4,7,1,1,-70,0,677,7329,28,100,3,0,0
3583,27,23,1792,0,21,5,4,5,1,2,-70,0,691,11069,24,100,2,0,0
3584,23,18,1536,0,46,3,5,7,1,1,-52,4,2488,25477,31,100,2,0,0
3586,9,4,768,20,914,21,33,7,2,5,-52,10,3886,29913,235,100,2,0,0
3587,3,4,768,20,882,25,9,7,1,4,-52,9,786,9852,237,100,1,0,0
3586,8,3,1024,0,881,33,18,7,1,10,-52,3,740,7313,234,100,1,1,1
3588,5,1,512,50,953,33,4,7,1,9,-76,10,1818,14420,238,100,1,0,0
3585,22,18,1536,0,249,17,13,7,1,6,-70,1,824,6857,61,100,1,0,0
3589,15,9,1024,0,268,14,18,7,1,6,-70,4,702,6632,83,100,1,0,0
3588,11,6,1280,0,911,43,3,7,1,17,-52,9,558,9572,225,100,1,0,0
3588,7,3,1024,20,881,19,12,7,1,4,-70,7,1159,13655,192,100,2,0,0
3589,18,14,1280,20,313,19,16,7,1,6,-70,6,3156,19431,97,100,2,0,0
3586,12,7,1280,10,913,17,8,7,1,2,-52,3,1007,12700,226,100,2,0,0
3590,2,3,1024,0,837,16,10,5,1,1,-52,1,934,13633,201,100,2,0,0
3590,14,9,1024,0,932,32,34,7,1,10,-52,10,2427,16228,230,100,1,0,0
3586,28,23,1792,0,39,6,3,7,1,3,-52,0,907,9897,30,100,3,0,0
3589,16,10,1024,0,475,24,8,7,1,10,-70,4,2397,17746,131,100,3,0,0
3592,1,0,256,0,53,0,0,3,0,0,0,10,1740,17898,4096,100,1,0,0
3590,27,23,1792,0,24,5,4,5,1,2,-70,0,841,8001,25,100,1,0,0
3590,29,23,1792,10,54,3,4,7,1,1,-70,0,558,7715,28,100,3,0,0
3592,6,5,768,0,901,28,4,5,1,7,-52,1,1416,15699,232,100,2,0,0
3592,12,7,1280,0,914,17,8,7,1,2,-52,3,921,7622,226,100,1,0,0
3591,9,4,768,10,915,21,33,7,2,5,-52,10,2461,17731,235,100,1,0,0
3594,7,3,1024,40,883,19,12,7,1,4,-70,7,1688,12838,193,100,1,0,0
3592,31,30,2048,0,719,34,534,5,1,10,-52,0,402,5917,218,100,3,1,3
3547,17,22,1920,100,6,4,2,4,0,3,-52,0,785,8673,3,100,5,0,0
3594,4,1,512,20,940,31,16,7,2,3,-61,10,7033,39245,239,100,1,0,0
3594,10,5,768,10,942,23,20,7,1,6,-52,8,2106,25827,232,41,2,1,1
3557,17,23,1920,80,9,6,2,5,0,4,-70,0,850,8704,3,100,6,0,0
3596,11,6,1280,0,914,43,3,7,1,17,-52,9,626,14193,225,100,2,0,0
3594,8,3,1024,0,882,33,18,7,1,10,-52,3,571,7647,235,100,2,1,1
3564,17,23,1920,70,10,6,2,5,0,4,-70,0,537,5882,4,100,3,0,0
3594,18,14,1280,20,314,19,16,7,1,6,-70,6,1635,11462,97,100,0,0,0
3595,3,4,768,10,884,25,9,7,1,4,-52,9,4010,29585,238,100,2,0,0
3597,5,1,512,10,956,33,4,7,1,9,-76,10,2990,24985,238,100,2,0,0
3570,17,23,1920,90,10,6,2,5,0,4,-70,0,366,5370,4,100,2,0,0
3598,15,9,1024,0,268,14,18,7,1,6,-70,4,830,9363,84,100,2,0,0
3582,17,12,1664,90,11,8,2,6,0,5,-52,0,1325,11202,5,100,5,0,0
3597,9,4,768,0,916,21,33,7,2,5,-52,10,1619,14209,235,100,1,0,0
