# run_metadata: attack=timekeep nodes=21 placement=core atkcount=5 seed=42 worker=0 csc=v3 attackers=2,3,4,7,8
# started: 2026-06-03T23:38:17
Logging to: /home/ev/6tisch-ng-sra/2026-06-03_23-38-10_timekeep-n21-core-a5-w0.log
Listening on UDP port 5678 (IPv6)...
Received from ('fd00::200:0:0:1', 5678, 0, 0): b' 8,1,0,256,0,1,0,0,0,0,0,0,0,586,3713,0,0,0 '
Received from ('fd00::200:0:0:1', 5678, 0, 0): b' 13,1,0,256,0,2,0,0,0,0,0,0,0,489,3633,0,0,0 '
Received from ('fd00::200:0:0:1', 5678, 0, 0): b' 17,1,0,256,0,2,0,0,3,0,0,0,2,558,3885,0,0,0 '
Received from ('fd00::200:0:0:1', 5678, 0, 0): b' 25,1,0,256,0,3,0,0,4,0,0,0,3,980,7715,0,0,0 '
Received from ('fd00::200:0:0:1', 5678, 0, 0): b' 34,1,0,256,0,3,0,0,4,0,0,0,3,846,8622,0,0,0 '
Received from ('fd00::200:0:0:4', 8765, 0, 0): b' 32,4,1,640,10,3,2,1,4,0,1,-66,1,1339,8895,1,0,0 '
Received from ('fd00::200:0:0:4', 8765, 0, 0): b' 40,4,1,640,30,3,2,1,4,0,1,-66,1,1267,8717,2,0,0 '
Received from ('fd00::200:0:0:1', 5678, 0, 0): b' 43,1,0,256,0,3,0,0,4,0,0,0,4,1061,9416,2,0,0 '
Received from ('fd00::200:0:0:4', 8765, 0, 0): b' 44,4,1,512,0,4,2,1,4,1,1,-66,1,801,5052,2,0,0 '
Received from ('fd00::200:0:0:2', 8765, 0, 0): b' 14,2,1,640,40,1,1,1,3,0,1,-88,0,678,5090,0,0,0 '
Received from ('fd00::200:0:0:2', 8765, 0, 0): b' 22,2,1,640,60,2,1,1,3,0,1,-88,0,1013,6919,0,0,0 '
Received from ('fd00::200:0:0:2', 8765, 0, 0): b' 32,2,1,640,40,3,2,1,3,0,1,-88,0,1131,8362,1,0,0 '
Received from ('fd00::200:0:0:2', 8765, 0, 0): b' 39,2,1,640,60,3,2,1,3,0,1,-88,0,694,7522,2,0,0 '
Received from ('fd00::200:0:0:2', 8765, 0, 0): b' 44,2,1,640,80,4,2,1,3,0,1,-88,0,391,3877,2,0,0 '
Received from ('fd00::200:0:0:1', 5678, 0, 0): b' 49,1,0,256,0,4,0,0,4,0,0,0,4,1098,8922,4,0,0 '
Received from ('fd00::200:0:0:2', 8765, 0, 0): b' 50,2,1,512,0,5,2,1,3,1,1,-88,0,1298,8102,2,0,0 '
Received from ('fd00::200:0:0:4', 8765, 0, 0): b' 52,4,1,512,0,6,2,1,4,1,1,-66,1,1134,7840,2,0,0 '
Received from ('fd00::200:0:0:1', 5678, 0, 0): b' 57,1,0,256,0,4,0,0,4,0,0,0,4,944,10584,6,0,0 '
Received from ('fd00::200:0:0:4', 8765, 0, 0): b' 61,4,1,512,0,7,2,1,5,1,1,-66,1,909,8900,3,0,0 '
Received from ('fd00::200:0:0:2', 8765, 0, 0): b' 61,2,1,512,0,7,2,1,4,1,1,-88,0,1121,10603,3,0,0 '
Received from ('fd00::200:0:0:3', 8765, 0, 0): b' 29,3,1,640,90,2,2,1,4,0,1,-64,0,750,6667,1,0,0 '
Received from ('fd00::200:0:0:3', 8765, 0, 0): b' 36,3,1,640,70,3,2,1,4,0,1,-64,0,690,5956,1,0,0 '
Received from ('fd00::200:0:0:3', 8765, 0, 0): b' 44,3,1,640,80,4,2,1,4,0,1,-64,0,731,6851,2,0,0 '
Received from ('fd00::200:0:0:3', 8765, 0, 0): b' 52,3,1,640,100,6,2,1,4,0,1,-64,0,739,8994,2,0,0 '
Received from ('fd00::200:0:0:1', 5678, 0, 0): b' 64,1,0,256,0,4,0,0,4,0,0,0,5,1120,12212,9,0,0 '
Received from ('fd00::200:0:0:3', 8765, 0, 0): b' 63,3,1,512,20,6,2,1,5,1,1,-64,1,1630,12065,3,0,0 '
Received from ('fd00::200:0:0:4', 8765, 0, 0): b' 65,4,1,512,0,7,2,1,5,1,1,-66,1,343,4102,3,0,0 '
Received from ('fd00::200:0:0:2', 8765, 0, 0): b' 66,2,1,512,0,7,2,1,4,1,1,-88,0,248,4712,3,0,0 '
Received from ('fd00::200:0:0:7', 8765, 0, 0): b' 45,7,3,896,10,0,0,1,1,0,1,-52,0,318,154415,0,0,0 '
Received from ('fd00::200:0:0:7', 8765, 0, 0): b' 51,7,3,1024,60,1,1,1,3,0,1,-52,0,947,4907,0,0,0 '
Received from ('fd00::200:0:0:7', 8765, 0, 0): b' 62,7,3,1024,70,2,1,1,3,0,1,-52,0,1103,9824,1,0,0 '
Received from ('fd00::200:0:0:3', 8765, 0, 0): b' 69,3,1,512,10,7,2,1,5,1,1,-64,1,1381,6973,3,0,0 '
Received from ('fd00::200:0:0:7', 8765, 0, 0): b' 67,7,3,768,30,3,1,1,3,1,1,-52,0,1075,7330,1,0,0 '
Received from ('fd00::200:0:0:2', 8765, 0, 0): b' 72,2,1,512,0,8,2,1,4,1,1,-88,0,711,6144,4,0,0 '
Received from ('fd00::200:0:0:5', 8765, 0, 0): b' 38,5,4,1024,80,3,3,1,3,0,1,-52,0,728,6743,1,0,0 '
Received from ('fd00::200:0:0:5', 8765, 0, 0): b' 42,5,4,1024,80,3,3,1,3,0,1,-52,0,367,3462,1,0,0 '
Received from ('fd00::200:0:0:5', 8765, 0, 0): b' 46,5,4,1024,90,3,3,1,3,0,1,-52,0,386,4431,2,0,0 '
Received from ('fd00::200:0:0:5', 8765, 0, 0): b' 52,5,4,896,80,4,3,1,3,0,1,-52,0,528,5519,2,0,0 '
Received from ('fd00::200:0:0:1', 5678, 0, 0): b' 76,1,0,256,0,4,0,0,4,0,0,0,5,2226,22852,15,0,0 '
Received from ('fd00::200:0:0:4', 8765, 0, 0): b' 77,4,1,512,30,8,2,1,5,1,1,-66,1,2230,17105,4,0,0 '
Received from ('fd00::200:0:0:5', 8765, 0, 0): b' 63,5,4,896,100,4,3,1,3,0,1,-52,0,788,9558,3,0,0 '
Received from ('fd00::200:0:0:2', 8765, 0, 0): b' 77,2,1,512,0,8,2,1,4,1,1,-88,0,395,5247,4,0,0 '
Received from ('fd00::200:0:0:5', 8765, 0, 0): b' 74,5,4,768,70,5,3,1,3,1,1,-52,0,955,10983,4,0,0 '
Received from ('fd00::200:0:0:7', 8765, 0, 0): b' 79,7,3,768,0,5,1,1,4,1,1,-52,0,1347,11234,2,0,0 '
Received from ('fd00::200:0:0:1', 5678, 0, 0): b' 80,1,0,256,0,4,0,0,4,0,0,0,7,735,8137,17,0,0 '
Received from ('fd00::200:0:0:3', 8765, 0, 0): b' 81,3,1,512,10,9,2,1,6,1,1,-64,2,1743,16055,4,0,0 '
Received from ('fd00::200:0:0:a', 8765, 0, 0): b' 74,10,7,1024,20,1,0,2,1,0,1,-70,0,706,18322,0,0,0 '
Received from ('fd00::200:0:0:a', 8765, 0, 0): b' 79,10,7,1024,80,1,1,2,1,0,1,-70,0,485,3497,0,0,0 '
Received from ('fd00::200:0:0:4', 8765, 0, 0): b' 83,4,1,512,10,9,2,1,6,1,1,-66,2,1196,10887,5,0,0 '
Received from ('fd00::200:0:0:5', 8765, 0, 0): b' 82,5,4,768,0,6,3,1,4,1,1,-52,0,1227,9260,4,0,0 '
Received from ('fd00::200:0:0:2', 8765, 0, 0): b' 84,2,1,512,0,9,2,1,5,1,1,-88,0,762,9244,5,0,0 '
Received from ('fd00::200:0:0:7', 8765, 0, 0): b' 85,7,3,768,0,6,1,1,5,1,1,-52,1,1239,7964,2,0,0 '
Received from ('fd00::200:0:0:1', 5678, 0, 0): b' 86,1,0,256,0,4,0,0,4,0,0,0,7,983,10433,19,0,0 '
Received from ('fd00::200:0:0:8', 8765, 0, 0): b' 77,8,4,768,10,0,0,2,1,0,1,-52,0,391,69777,0,0,0 '
Received from ('fd00::200:0:0:3', 8765, 0, 0): b' 87,3,1,512,10,10,2,1,6,1,1,-64,2,1445,11440,5,0,0 '
Received from ('fd00::200:0:0:5', 8765, 0, 0): b' 87,5,4,768,0,7,3,1,4,1,1,-52,0,501,4430,5,0,0 '
Received from ('fd00::200:0:0:8', 8765, 0, 0): b' 84,8,4,896,60,1,1,2,2,0,1,-52,0,937,6431,0,0,0 '
Received from ('fd00::200:0:0:a', 8765, 0, 0): b' 88,10,7,1024,0,3,1,2,1,1,1,-70,0,1586,9543,1,0,0 '
Received from ('fd00::200:0:0:8', 8765, 0, 0): b' 89,8,4,768,50,2,1,2,3,1,1,-52,0,890,4825,1,0,0 '
Received from ('fd00::200:0:0:7', 8765, 0, 0): b' 91,7,3,768,0,6,1,1,5,1,1,-52,1,913,8286,3,0,0 '
Received from ('fd00::200:0:0:4', 8765, 0, 0): b' 91,4,1,512,0,10,2,1,6,1,1,-66,2,2169,16801,5,0,0 '
Received from ('fd00::200:0:0:1', 5678, 0, 0): b' 92,1,0,256,0,4,0,0,4,0,0,0,7,1091,12767,24,0,0 '
Received from ('fd00::200:0:0:3', 8765, 0, 0): b' 93,3,1,512,0,10,2,1,6,1,1,-64,2,1014,8131,5,0,0 '
Received from ('fd00::200:0:0:2', 8765, 0, 0): b' 95,2,1,512,0,10,2,1,5,1,1,-88,0,613,12817,5,0,0 '
Received from ('fd00::200:0:0:7', 8765, 0, 0): b' 96,7,3,768,0,7,1,1,5,1,1,-52,1,627,6025,3,0,0 '
Received from ('fd00::200:0:0:8', 8765, 0, 0): b' 98,8,4,768,0,3,1,2,3,1,1,-52,0,1053,10196,1,0,0 '
Received from ('fd00::200:0:0:4', 8765, 0, 0): b' 99,4,1,512,10,10,2,1,6,1,1,-66,2,1301,15538,6,0,0 '
Received from ('fd00::200:0:0:5', 8765, 0, 0): b' 99,5,4,768,0,8,3,1,4,1,1,-52,0,1089,11573,5,0,0 '
Received from ('fd00::200:0:0:2', 8765, 0, 0): b' 100,2,1,512,0,10,2,1,5,1,1,-88,0,323,5685,6,0,0 '
Received from ('fd00::200:0:0:a', 8765, 0, 0): b' 98,10,7,1024,0,4,1,2,1,1,1,-70,0,1056,10531,1,0,0 '
Received from ('fd00::200:0:0:7', 8765, 0, 0): b' 99,7,3,768,0,7,1,1,5,1,1,-52,1,612,5931,3,0,0 '
Received from ('fd00::200:0:0:1', 5678, 0, 0): b' 103,1,0,256,0,4,0,0,4,0,0,0,7,1767,20637,31,0,0 '
Received from ('fd00::200:0:0:3', 8765, 0, 0): b' 104,3,1,512,10,11,2,1,6,1,1,-64,2,1911,16291,6,0,0 '
Received from ('fd00::200:0:0:7', 8765, 0, 0): b' 104,7,3,768,0,8,1,1,5,1,1,-52,1,912,8768,4,0,0 '
Received from ('fd00::200:0:0:4', 8765, 0, 0): b' 108,4,1,512,0,10,2,1,6,1,1,-66,2,1015,15321,6,0,0 '
Received from ('fd00::200:0:0:5', 8765, 0, 0): b' 108,5,4,768,0,9,3,1,4,1,1,-52,0,699,8214,6,0,0 '
Received from ('fd00::200:0:0:8', 8765, 0, 0): b' 109,8,4,768,0,5,1,2,3,1,1,-52,0,995,9929,2,0,0 '
Received from ('fd00::200:0:0:2', 8765, 0, 0): b' 109,2,1,512,10,12,2,1,5,1,1,-88,0,805,10300,6,0,0 '
Received from ('fd00::200:0:0:3', 8765, 0, 0): b' 109,3,1,512,0,12,2,1,6,1,1,-64,2,599,8477,6,0,0 '
Received from ('fd00::200:0:0:a', 8765, 0, 0): b' 109,10,7,1024,0,5,1,2,2,1,1,-70,0,895,9560,2,0,0 '
Received from ('fd00::200:0:0:4', 8765, 0, 0): b' 112,4,1,512,0,10,2,1,6,1,1,-66,2,841,8639,6,0,0 '
Received from ('fd00::200:0:0:1', 5678, 0, 0): b' 112,1,0,256,0,5,0,0,4,0,0,0,7,1022,15233,31,0,0 '
Received from ('fd00::200:0:0:5', 8765, 0, 0): b' 114,5,4,768,0,9,3,1,4,1,1,-52,0,369,7305,6,0,0 '
Received from ('fd00::200:0:0:8', 8765, 0, 0): b' 115,8,4,768,0,5,1,2,4,1,1,-52,0,549,6447,3,0,0 '
Received from ('fd00::200:0:0:a', 8765, 0, 0): b' 113,10,7,1024,0,5,1,2,2,1,1,-70,0,552,5216,2,0,0 '
Received from ('fd00::200:0:0:2', 8765, 0, 0): b' 117,2,1,512,0,12,3,1,5,1,1,-88,0,644,10794,7,0,0 '
Received from ('fd00::200:0:0:3', 8765, 0, 0): b' 116,3,1,512,0,13,3,1,6,1,1,-64,2,1131,12972,7,0,0 '
Received from ('fd00::200:0:0:7', 8765, 0, 0): b' 115,7,3,768,0,9,1,1,5,1,1,-52,1,1298,17706,5,0,0 '
Received from ('fd00::200:0:0:4', 8765, 0, 0): b' 119,4,1,512,0,10,3,1,6,1,1,-66,2,1335,14438,7,0,0 '
Received from ('fd00::200:0:0:a', 8765, 0, 0): b' 118,10,7,1024,0,6,1,2,2,1,1,-70,0,601,5324,3,0,0 '
Received from ('fd00::200:0:0:1', 5678, 0, 0): b' 121,1,0,256,0,5,0,0,4,0,0,0,7,1506,17795,38,0,0 '
Received from ('fd00::200:0:0:2', 8765, 0, 0): b' 122,2,1,512,0,12,3,1,5,1,1,-88,0,374,6491,7,0,0 '
Received from ('fd00::200:0:0:3', 8765, 0, 0): b' 124,3,1,512,0,15,3,1,6,1,1,-64,2,1343,12766,7,0,0 '
Received from ('fd00::200:0:0:7', 8765, 0, 0): b' 125,7,3,768,0,9,2,1,5,1,1,-52,1,1059,13137,5,0,0 '
Received from ('fd00::200:0:0:5', 8765, 0, 0): b' 126,5,4,768,0,11,3,1,4,1,1,-52,0,924,13537,7,0,0 '
Received from ('fd00::200:0:0:8', 8765, 0, 0): b' 126,8,4,768,0,6,1,2,4,1,1,-52,0,833,11654,3,0,0 '
Received from ('fd00::200:0:0:a', 8765, 0, 0): b' 127,10,7,1024,0,8,1,2,2,1,1,-70,0,699,9614,3,0,0 '
Received from ('fd00::200:0:0:4', 8765, 0, 0): b' 128,4,1,512,0,10,3,1,6,1,1,-66,2,1062,17038,7,0,0 '
Received from ('fd00::200:0:0:2', 8765, 0, 0): b' 129,2,1,512,10,13,3,1,5,1,1,-88,0,373,7763,7,0,0 '
Received from ('fd00::200:0:0:8', 8765, 0, 0): b' 130,8,4,768,0,6,1,2,4,1,1,-52,0,429,5309,4,0,0 '
Received from ('fd00::200:0:0:7', 8765, 0, 0): b' 131,7,3,768,0,11,2,1,5,1,1,-52,1,806,8931,5,0,0 '
Received from ('fd00::200:0:0:1', 5678, 0, 0): b' 132,1,0,256,0,5,0,0,4,0,0,0,7,1456,19099,44,0,0 '
Received from ('fd00::200:0:0:2', 8765, 0, 0): b' 133,2,1,512,0,13,3,1,5,1,1,-88,0,348,5578,8,0,0 '
Received from ('fd00::200:0:0:3', 8765, 0, 0): b' 135,3,1,512,0,15,3,1,6,1,1,-64,2,1641,17800,8,0,0 '
Received from ('fd00::200:0:0:7', 8765, 0, 0): b' 136,7,3,768,0,11,2,1,5,1,1,-52,1,676,8769,6,0,0 '
Received from ('fd00::200:0:0:5', 8765, 0, 0): b' 137,5,4,768,0,12,3,1,4,1,1,-52,0,724,13298,8,0,0 '
Received from ('fd00::200:0:0:a', 8765, 0, 0): b' 138,10,7,1024,0,8,2,2,2,1,1,-70,0,776,11946,4,0,0 '
Received from ('fd00::200:0:0:8', 8765, 0, 0): b' 138,8,4,768,0,8,1,2,4,1,1,-52,0,691,9308,4,0,0 '
Received from ('fd00::200:0:0:2', 8765, 0, 0): b' 140,2,1,512,0,13,3,1,5,1,1,-88,0,397,8409,8,0,0 '
Received from ('fd00::200:0:0:4', 8765, 0, 0): b' 140,4,1,512,0,11,3,1,6,1,1,-66,2,1821,21606,8,0,0 '
Received from ('fd00::200:0:0:1', 5678, 0, 0): b' 140,1,0,256,0,5,0,0,4,0,0,0,8,964,14591,45,0,0 '
Received from ('fd00::200:0:0:3', 8765, 0, 0): b' 142,3,1,512,0,15,3,1,6,1,1,-64,2,643,10495,8,0,0 '
Received from ('fd00::200:0:0:8', 8765, 0, 0): b' 144,8,4,768,0,10,1,2,5,1,1,-52,1,973,7531,4,0,0 '
Received from ('fd00::200:0:0:5', 8765, 0, 0): b' 144,5,4,768,0,13,3,1,5,1,1,-52,0,426,9264,8,0,0 '
Received from ('fd00::200:0:0:d', 8765, 0, 0): b' 136,13,8,1152,0,0,0,3,2,0,1,-70,0,125,272089,0,0,0 '
Received from ('fd00::200:0:0:d', 8765, 0, 0): b' 144,13,8,1152,10,1,1,3,2,0,1,-70,0,1255,7504,0,0,0 '
Received from ('fd00::200:0:0:1', 5678, 0, 0): b' 147,1,0,256,0,5,0,0,4,0,0,0,8,1047,12361,50,0,0 '
Received from ('fd00::200:0:0:4', 8765, 0, 0): b' 147,4,1,512,0,11,3,1,6,1,1,-66,3,1685,15449,9,0,0 '
Received from ('fd00::200:0:0:3', 8765, 0, 0): b' 147,3,1,512,0,15,3,1,6,1,1,-64,2,529,8260,9,0,0 '
Received from ('fd00::200:0:0:2', 8765, 0, 0): b' 147,2,1,512,0,13,3,1,5,1,1,-88,0,469,9192,9,0,0 '
Received from ('fd00::200:0:0:7', 8765, 0, 0): b' 148,7,3,768,10,12,2,1,5,1,1,-52,1,962,17249,7,0,0 '
Received from ('fd00::200:0:0:d', 8765, 0, 0): b' 148,13,8,1024,0,1,1,3,2,1,1,-70,0,751,4538,1,0,0 '
Received from ('fd00::200:0:0:a', 8765, 0, 0): b' 149,10,7,1024,0,9,2,2,2,1,1,-70,0,770,12471,5,0,0 '
Received from ('fd00::200:0:0:8', 8765, 0, 0): b' 151,8,4,768,0,10,1,2,5,1,1,-52,1,1319,11517,5,0,0 '
Received from ('fd00::200:0:0:2', 8765, 0, 0): b' 152,2,1,512,0,13,3,1,5,1,1,-88,0,248,5288,9,0,0 '
Received from ('fd00::200:0:0:5', 8765, 0, 0): b' 151,5,4,768,10,13,3,1,5,1,1,-52,0,495,9557,9,0,0 '
Received from ('fd00::200:0:0:a', 8765, 0, 0): b' 157,10,7,1024,0,9,2,2,2,1,1,-70,0,423,8264,5,0,0 '
Received from ('fd00::200:0:0:1', 5678, 0, 0): b' 156,1,0,256,0,5,0,0,4,0,0,0,8,1110,16957,53,0,0 '
Received from ('fd00::200:0:0:2', 8765, 0, 0): b' 156,2,1,512,0,13,3,1,5,1,1,-88,0,248,5799,9,0,0 '
Received from ('fd00::200:0:0:3', 8765, 0, 0): b' 157,3,1,512,0,15,3,1,6,1,1,-64,2,1333,16389,9,0,0 '
Received from ('fd00::200:0:0:4', 8765, 0, 0): b' 157,4,1,512,0,11,3,1,6,1,1,-66,3,1403,19249,9,0,0 '
Received from ('fd00::200:0:0:7', 8765, 0, 0): b' 159,7,3,768,0,12,2,1,5,1,1,-52,1,1123,15817,7,0,0 '
Received from ('fd00::200:0:0:d', 8765, 0, 0): b' 159,13,8,1024,0,3,1,3,2,1,1,-70,0,1157,10448,1,0,0 '
Received from ('fd00::200:0:0:8', 8765, 0, 0): b' 159,8,4,768,0,11,1,2,5,1,1,-52,1,901,14248,5,0,0 '
Received from ('fd00::200:0:0:5', 8765, 0, 0): b' 160,5,4,768,0,15,3,1,5,1,1,-52,0,626,10918,9,0,0 '
Received from ('fd00::200:0:0:1', 5678, 0, 0): b' 162,1,0,256,0,5,0,0,4,0,0,0,8,1181,12032,61,0,0 '
Received from ('fd00::200:0:0:a', 8765, 0, 0): b' 164,10,7,1024,0,10,2,2,2,1,1,-70,0,533,8139,6,0,0 '
Received from ('fd00::200:0:0:8', 8765, 0, 0): b' 165,8,4,768,0,12,1,2,5,1,1,-52,1,958,9610,6,0,0 '
Received from ('fd00::200:0:0:5', 8765, 0, 0): b' 166,5,4,768,0,15,3,1,5,1,1,-52,0,454,7159,10,0,0 '
Received from ('fd00::200:0:0:d', 8765, 0, 0): b' 165,13,8,1024,0,4,1,3,2,1,1,-70,0,678,7316,2,0,0 '
Received from ('fd00::200:0:0:2', 8765, 0, 0): b' 168,2,1,512,0,13,3,1,5,1,1,-88,0,641,13368,10,0,0 '
Received from ('fd00::200:0:0:4', 8765, 0, 0): b' 168,4,1,512,0,12,3,1,6,1,1,-66,4,2509,22379,10,0,0 '
Received from ('fd00::200:0:0:3', 8765, 0, 0): b' 167,3,1,512,0,16,3,2,6,1,1,-64,2,1421,18451,10,0,0 '
Received from ('fd00::200:0:0:7', 8765, 0, 0): b' 168,7,3,768,0,13,2,1,5,1,1,-52,1,1266,17070,8,0,0 '
Received from ('fd00::200:0:0:1', 5678, 0, 0): b' 170,1,0,256,0,5,0,0,4,0,0,0,9,853,14097,61,0,0 '
Received from ('fd00::200:0:0:a', 8765, 0, 0): b' 172,10,7,1024,0,12,2,3,2,1,1,-70,0,774,10104,6,0,0 '
Received from ('fd00::200:0:0:3', 8765, 0, 0): b' 173,3,1,512,0,17,3,2,6,1,1,-64,2,697,7039,10,0,0 '
Received from ('fd00::200:0:0:d', 8765, 0, 0): b' 172,13,8,1024,0,5,1,3,3,1,1,-70,1,989,7588,2,0,0 '
Received from ('fd00::200:0:0:10', 8765, 0, 0): b' 162,16,13,1280,0,0,0,3,1,0,1,-70,0,28,91578,0,0,0 '
Received from ('fd00::200:0:0:8', 8765, 0, 0): b' 175,8,4,768,10,13,2,2,6,1,1,-52,2,1542,16788,6,0,0 '
Received from ('fd00::200:0:0:2', 8765, 0, 0): b' 176,2,1,512,0,14,3,1,5,1,1,-88,0,496,9627,10,0,0 '
Received from ('fd00::200:0:0:7', 8765, 0, 0): b' 175,7,3,768,0,15,2,1,5,1,1,-52,1,829,11272,8,0,0 '
Received from ('fd00::200:0:0:10', 8765, 0, 0): b' 172,16,13,1408,30,2,1,3,2,0,1,-70,0,1809,9704,0,0,0 '
Received from ('fd00::200:0:0:4', 8765, 0, 0): b' 178,4,1,512,0,13,3,1,6,1,1,-66,4,2276,20151,11,0,0 '
Received from ('fd00::200:0:0:5', 8765, 0, 0): b' 177,5,4,768,0,15,4,1,5,1,1,-52,0,606,13750,11,0,0 '
Received from ('fd00::200:0:0:3', 8765, 0, 0): b' 179,3,1,512,0,17,3,2,7,1,1,-64,2,963,10270,11,0,0 '
Received from ('fd00::200:0:0:1', 5678, 0, 0): b' 179,1,0,256,0,5,0,0,4,0,0,0,9,1704,17107,70,0,0 '
Received from ('fd00::200:0:0:d', 8765, 0, 0): b' 177,13,8,1024,0,5,1,3,4,1,1,-70,1,1021,7147,3,0,0 '
Received from ('fd00::200:0:0:10', 8765, 0, 0): b' 179,16,13,1280,0,3,1,3,3,1,1,-70,0,1317,8498,1,0,0 '
Received from ('fd00::200:0:0:a', 8765, 0, 0): b' 184,10,7,1024,0,13,2,3,3,1,1,-70,0,702,13738,7,0,0 '
Received from ('fd00::200:0:0:2', 8765, 0, 0): b' 183,2,1,512,0,15,3,1,5,1,1,-88,0,501,8980,11,0,0 '
Received from ('fd00::200:0:0:3', 8765, 0, 0): b' 186,3,1,512,0,19,3,2,7,1,1,-64,3,927,11937,11,0,0 '
Received from ('fd00::200:0:0:8', 8765, 0, 0): b' 186,8,4,768,0,14,2,2,7,1,1,-52,3,1960,17688,7,0,0 '
Received from ('fd00::200:0:0:4', 8765, 0, 0): b' 186,4,1,512,10,13,3,1,6,1,1,-66,5,1395,16551,11,0,0 '
Received from ('fd00::200:0:0:7', 8765, 0, 0): b' 186,7,3,768,0,16,2,1,7,1,1,-52,2,1304,17896,9,0,0 '
Received from ('fd00::200:0:0:2', 8765, 0, 0): b' 188,2,1,512,0,16,3,1,5,1,1,-88,0,356,5157,11,0,0 '
Received from ('fd00::200:0:0:5', 8765, 0, 0): b' 187,5,4,768,0,15,4,1,5,1,1,-52,0,475,12279,11,0,0 '
Received from ('fd00::200:0:0:d', 8765, 0, 0): b' 188,13,8,1024,0,7,1,3,4,1,1,-70,1,1442,14224,3,0,0 '
Received from ('fd00::200:0:0:1', 5678, 0, 0): b' 191,1,0,256,0,5,0,0,4,0,0,0,10,1413,21139,74,0,0 '
Received from ('fd00::200:0:0:10', 8765, 0, 0): b' 190,16,13,1280,0,4,1,3,5,1,1,-70,0,978,10756,2,0,0 '
Received from ('fd00::200:0:0:a', 8765, 0, 0): b' 194,10,7,1024,0,15,2,3,5,1,1,-70,0,775,13069,8,0,0 '
Received from ('fd00::200:0:0:2', 8765, 0, 0): b' 194,2,1,512,0,17,3,1,5,1,1,-88,0,546,8389,12,0,0 '
Received from ('fd00::200:0:0:8', 8765, 0, 0): b' 196,8,4,768,0,14,2,2,7,1,1,-52,4,1717,16629,8,0,0 '
Received from ('fd00::200:0:0:3', 8765, 0, 0): b' 196,3,1,512,0,19,3,2,7,1,1,-64,3,1377,16606,12,0,0 '
Received from ('fd00::200:0:0:5', 8765, 0, 0): b' 195,5,4,768,0,16,4,1,5,1,1,-52,0,580,9841,12,0,0 '
Received from ('fd00::200:0:0:7', 8765, 0, 0): b' 196,7,3,768,0,17,2,1,7,1,1,-52,2,1123,14136,10,0,0 '
Received from ('fd00::200:0:0:d', 8765, 0, 0): b' 197,13,8,1024,0,9,1,3,4,1,1,-70,1,1116,11714,4,0,0 '
Received from ('fd00::200:0:0:1', 5678, 0, 0): b' 198,1,0,256,0,5,0,0,4,0,0,0,10,1168,13594,79,0,0 '
Received from ('fd00::200:0:0:4', 8765, 0, 0): b' 198,4,1,512,0,13,3,1,6,1,1,-66,6,2550,24036,12,0,0 '
Received from ('fd00::200:0:0:f', 8765, 0, 0): b' 177,15,7,1408,0,0,0,3,1,0,1,-95,0,319,172437,0,0,0 '
Received from ('fd00::200:0:0:2', 8765, 0, 0): b' 199,2,1,512,0,17,3,1,5,1,1,-88,0,273,5584,12,0,0 '
Received from ('fd00::200:0:0:a', 8765, 0, 0): b' 198,10,7,1024,0,15,2,3,5,1,1,-70,2,873,9686,8,0,0 '
Received from ('fd00::200:0:0:10', 8765, 0, 0): b' 199,16,13,1280,0,4,1,3,5,1,1,-70,0,685,7761,2,0,0 '
Received from ('fd00::200:0:0:f', 8765, 0, 0): b' 188,15,7,1408,70,2,1,3,3,0,1,-95,0,2198,11275,1,0,0 '
Received from ('fd00::200:0:0:f', 8765, 0, 0): b' 199,15,10,1408,70,3,3,3,6,1,2,-70,1,1457,10579,1,0,0 '
Received from ('fd00::200:0:0:7', 8765, 0, 0): b' 203,7,3,768,0,17,2,1,7,1,1,-52,3,1395,12086,10,0,0 '
Received from ('fd00::200:0:0:4', 8765, 0, 0): b' 206,4,1,512,0,13,3,1,6,1,1,-66,6,1121,14469,13,0,0 '
Received from ('fd00::200:0:0:5', 8765, 0, 0): b' 205,5,4,768,0,16,4,1,5,1,1,-52,0,502,11685,13,0,0 '
Received from ('fd00::200:0:0:8', 8765, 0, 0): b' 206,8,4,768,10,14,2,2,7,1,1,-52,4,1193,16054,9,0,0 '
Received from ('fd00::200:0:0:10', 8765, 0, 0): b' 207,16,13,1280,0,5,1,3,5,1,1,-70,0,746,7157,3,0,0 '
Received from ('fd00::200:0:0:3', 8765, 0, 0): b' 208,3,1,512,20,20,3,2,7,1,1,-64,4,2319,20379,13,0,0 '
Received from ('fd00::200:0:0:12', 8765, 0, 0): b' 188,18,15,1664,20,0,0,4,1,0,1,-70,0,706,5474,0,0,0 '
Received from ('fd00::200:0:0:2', 8765, 0, 0): b' 209,2,1,512,0,17,3,1,5,1,1,-88,0,521,11818,13,0,0 '
Received from ('fd00::200:0:0:a', 8765, 0, 0): b' 208,10,7,1024,0,17,2,3,5,1,1,-70,2,1655,15726,9,0,0 '
Received from ('fd00::200:0:0:1', 5678, 0, 0): b' 209,1,0,256,0,5,0,0,4,0,0,0,10,1984,22373,90,0,0 '
Received from ('fd00::200:0:0:f', 8765, 0, 0): b' 208,15,10,1280,0,5,3,3,6,1,2,-70,1,1971,14820,1,0,0 '
Received from ('fd00::200:0:0:d', 8765, 0, 0): b' 209,13,8,1024,0,9,1,3,4,1,1,-70,1,1701,18761,5,0,0 '
Received from ('fd00::200:0:0:12', 8765, 0, 0): b' 198,18,15,1792,60,2,1,4,3,0,1,-70,0,1248,8685,1,0,0 '
Received from ('fd00::200:0:0:7', 8765, 0, 0): b' 211,7,3,768,20,18,2,1,7,1,1,-52,3,1929,14240,11,0,0 '
Received from ('fd00::200:0:0:12', 8765, 0, 0): b' 210,18,15,1536,60,3,1,4,3,1,1,-70,0,1367,11588,2,0,0 '
Received from ('fd00::200:0:0:2', 8765, 0, 0): b' 212,2,1,512,0,17,3,1,5,1,1,-88,0,153,4917,13,0,0 '
Received from ('fd00::200:0:0:5', 8765, 0, 0): b' 213,5,4,768,0,16,4,1,5,1,1,-52,0,274,8665,13,0,0 '
Received from ('fd00::200:0:0:3', 8765, 0, 0): b' 213,3,1,512,0,20,3,2,7,1,1,-64,4,1674,12092,13,0,0 '
Received from ('fd00::200:0:0:a', 8765, 0, 0): b' 213,10,7,1024,0,17,2,3,5,1,1,-70,2,1118,9957,9,0,0 '
Received from ('fd00::200:0:0:12', 8765, 0, 0): b' 214,18,15,1536,0,4,2,4,3,1,1,-70,0,828,6943,2,0,0 '
Received from ('fd00::200:0:0:b', 8765, 0, 0): b' 180,11,8,1152,90,3,2,3,6,0,2,-70,0,1610,10886,1,0,0 '
Received from ('fd00::200:0:0:7', 8765, 0, 0): b' 215,7,3,768,0,18,2,1,7,1,1,-52,3,793,9366,11,0,0 '
Received from ('fd00::200:0:0:4', 8765, 0, 0): b' 216,4,1,512,10,13,3,1,6,1,1,-66,6,2182,21540,13,0,0 '
Received from ('fd00::200:0:0:b', 8765, 0, 0): b' 187,11,8,1152,90,3,2,3,7,0,2,-70,0,841,7657,1,0,0 '
Received from ('fd00::200:0:0:a', 8765, 0, 0): b' 217,10,7,1024,0,17,2,3,5,1,1,-70,2,450,6109,9,0,0 '
Received from ('fd00::200:0:0:b', 8765, 0, 0): b' 199,11,8,1152,70,4,2,3,7,0,2,-70,1,1048,10915,2,0,0 '
Received from ('fd00::200:0:0:2', 8765, 0, 0): b' 217,2,1,512,0,17,3,1,5,1,1,-88,0,249,5955,13,0,0 '
Received from ('fd00::200:0:0:b', 8765, 0, 0): b' 205,11,8,1152,80,4,2,3,7,0,2,-70,1,419,5145,2,0,0 '
Received from ('fd00::200:0:0:1', 5678, 0, 0): b' 219,1,0,256,0,5,0,0,4,0,0,0,10,1464,17729,95,0,0 '
Received from ('fd00::200:0:0:8', 8765, 0, 0): b' 218,8,4,768,10,15,2,2,7,1,1,-52,4,2427,21314,9,0,0 '
Received from ('fd00::200:0:0:b', 8765, 0, 0): b' 213,11,8,1152,100,4,2,3,7,0,2,-70,1,714,8662,3,0,0 '
Received from ('fd00::200:0:0:10', 8765, 0, 0): b' 219,16,13,1280,0,7,1,3,5,1,1,-70,0,1075,14369,3,0,0 '
Received from ('fd00::200:0:0:f', 8765, 0, 0): b' 220,15,10,1280,0,6,3,3,6,1,2,-70,1,2101,16581,2,0,0 '
Received from ('fd00::200:0:0:4', 8765, 0, 0): b' 220,4,1,512,30,13,3,1,6,1,1,-66,6,1801,10655,14,0,0 '
Received from ('fd00::200:0:0:d', 8765, 0, 0): b' 220,13,8,1024,0,10,1,3,4,1,1,-70,1,903,15444,5,0,0 '
Received from ('fd00::200:0:0:3', 8765, 0, 0): b' 221,3,1,512,0,20,3,2,7,1,1,-64,4,1509,14209,14,0,0 '
Received from ('fd00::200:0:0:b', 8765, 0, 0): b' 221,11,8,1024,0,5,2,3,7,1,2,-70,1,1430,9222,3,0,0 '
Received from ('fd00::200:0:0:8', 8765, 0, 0): b' 222,8,4,768,0,15,2,2,7,1,1,-52,4,1671,9541,10,0,0 '
Received from ('fd00::200:0:0:5', 8765, 0, 0): b' 223,5,4,768,0,17,4,1,5,1,1,-52,0,609,11113,14,0,0 '
Received from ('fd00::200:0:0:10', 8765, 0, 0): b' 224,16,13,1280,0,7,1,3,6,1,1,-70,1,663,7404,4,0,0 '
Received from ('fd00::200:0:0:a', 8765, 0, 0): b' 224,10,7,1024,0,17,2,3,5,1,1,-70,2,1123,11160,10,0,0 '
Received from ('fd00::200:0:0:12', 8765, 0, 0): b' 225,18,15,1536,0,5,2,4,3,1,1,-70,0,891,10935,3,0,0 '
Received from ('fd00::200:0:0:7', 8765, 0, 0): b' 225,7,3,768,0,18,2,1,7,1,1,-52,3,1584,16259,12,0,0 '
Received from ('fd00::200:0:0:1', 5678, 0, 0): b' 226,1,0,256,0,5,0,0,4,0,0,0,10,1894,16628,107,0,0 '
Received from ('fd00::200:0:0:d', 8765, 0, 0): b' 227,13,8,1024,0,10,1,3,4,1,1,-70,2,1022,11378,6,0,0 '
Received from ('fd00::200:0:0:13', 8765, 0, 0): b' 220,19,16,1536,30,1,1,4,1,0,1,-70,0,682,5884,0,0,0 '
Received from ('fd00::200:0:0:2', 8765, 0, 0): b' 227,2,1,512,0,18,3,1,5,1,1,-88,0,594,11909,14,0,0 '
Received from ('fd00::200:0:0:b', 8765, 0, 0): b' 228,11,8,1024,0,7,2,3,7,1,2,-70,1,986,7914,4,0,0 '
Received from ('fd00::200:0:0:5', 8765, 0, 0): b' 227,5,4,768,0,17,4,1,5,1,1,-52,0,275,7553,14,0,0 '
Received from ('fd00::200:0:0:13', 8765, 0, 0): b' 228,19,16,1536,10,1,1,4,3,1,1,-70,0,1249,8126,1,0,0 '
Received from ('fd00::200:0:0:3', 8765, 0, 0): b' 229,3,1,512,10,20,3,2,7,1,1,-64,4,1340,13263,14,0,0 '
Received from ('fd00::200:0:0:8', 8765, 0, 0): b' 230,8,4,768,0,16,2,2,7,1,1,-52,5,2252,17548,10,0,0 '
Received from ('fd00::200:0:0:4', 8765, 0, 0): b' 231,4,1,512,0,13,3,1,6,1,1,-66,7,3355,24797,14,0,0 '
Received from ('fd00::200:0:0:f', 8765, 0, 0): b' 231,15,10,1280,0,7,3,3,7,1,2,-70,1,1229,14836,3,0,0 '
Received from ('fd00::200:0:0:b', 8765, 0, 0): b' 233,11,8,1024,0,7,2,3,7,1,2,-70,1,389,4916,4,0,0 '
Received from ('fd00::200:0:0:10', 8765, 0, 0): b' 232,16,13,1280,10,9,1,3,6,1,1,-70,1,1376,12293,4,0,0 '
Received from ('fd00::200:0:0:1', 5678, 0, 0): b' 235,1,0,256,0,5,0,0,4,0,0,0,10,1145,16532,112,0,0 '
Received from ('fd00::200:0:0:d', 8765, 0, 0): b' 236,13,8,1024,0,11,1,3,4,1,1,-70,2,1292,13899,7,0,0 '
Received from ('fd00::200:0:0:a', 8765, 0, 0): b' 235,10,7,1024,0,18,2,3,6,1,1,-70,2,1050,16710,10,0,0 '
Received from ('fd00::200:0:0:7', 8765, 0, 0): b' 235,7,3,768,10,19,2,1,7,1,1,-52,3,980,15894,12,0,0 '
Received from ('fd00::200:0:0:8', 8765, 0, 0): b' 237,8,4,768,0,16,2,2,7,1,1,-52,5,1358,13524,11,0,0 '
Received from ('fd00::200:0:0:12', 8765, 0, 0): b' 236,18,15,1536,0,6,2,4,4,1,1,-70,0,812,9923,3,0,0 '
Received from ('fd00::200:0:0:13', 8765, 0, 0): b' 236,19,16,1536,0,2,1,4,4,1,1,-70,0,789,7019,1,0,0 '
Received from ('fd00::200:0:0:5', 8765, 0, 0): b' 237,5,4,768,0,18,4,1,5,1,1,-52,0,603,10684,15,0,0 '
Received from ('fd00::200:0:0:f', 8765, 0, 0): b' 236,15,10,1280,10,7,3,3,7,1,2,-70,1,548,6677,3,0,0 '
Received from ('fd00::200:0:0:2', 8765, 0, 0): b' 239,2,1,512,10,18,3,1,5,1,1,-88,0,494,12187,15,0,0 '
Received from ('fd00::200:0:0:1', 5678, 0, 0): b' 239,1,0,256,0,5,0,0,4,0,0,0,10,1098,9259,119,0,0 '
Received from ('fd00::200:0:0:4', 8765, 0, 0): b' 241,4,1,512,0,14,3,1,6,1,1,-66,7,2717,21505,15,0,0 '
Received from ('fd00::200:0:0:3', 8765, 0, 0): b' 241,3,1,512,0,20,3,2,7,1,1,-64,4,2026,20039,15,0,0 '
Received from ('fd00::200:0:0:f', 8765, 0, 0): b' 241,15,10,1280,0,7,3,3,7,1,2,-70,1,605,6019,4,0,0 '
Received from ('fd00::200:0:0:13', 8765, 0, 0): b' 240,19,16,1536,0,3,1,4,4,1,1,-70,0,625,5087,2,0,0 '
Received from ('fd00::200:0:0:10', 8765, 0, 0): b' 241,16,13,1280,0,9,1,3,6,1,1,-70,1,1122,14676,5,0,0 '
Received from ('fd00::200:0:0:b', 8765, 0, 0): b' 242,11,8,1024,0,8,2,3,7,1,2,-70,1,937,9763,5,0,0 '
Received from ('fd00::200:0:0:5', 8765, 0, 0): b' 242,5,4,768,0,18,4,1,5,1,1,-52,0,250,5923,15,0,0 '
Received from ('fd00::200:0:0:e', 8765, 0, 0): b' 191,14,11,1536,90,2,1,3,5,0,1,-70,0,940,6731,1,0,0 '
Received from ('fd00::200:0:0:2', 8765, 0, 0): b' 245,2,1,512,0,18,3,1,5,1,1,-88,0,327,7775,15,0,0 '
Received from ('fd00::200:0:0:e', 8765, 0, 0): b' 200,14,11,1536,70,3,1,3,5,0,1,-70,0,791,7506,1,0,0 '
Received from ('fd00::200:0:0:d', 8765, 0, 0): b' 245,13,8,1024,0,11,1,3,4,1,1,-70,2,1291,15393,7,0,0 '
Received from ('fd00::200:0:0:3', 8765, 0, 0): b' 247,3,1,512,0,20,3,2,7,1,1,-64,4,474,8184,15,0,0 '
Received from ('fd00::200:0:0:e', 8765, 0, 0): b' 209,14,11,1536,80,3,1,3,5,0,1,-70,0,922,8504,2,0,0 '
Received from ('fd00::200:0:0:7', 8765, 0, 0): b' 248,7,3,768,0,20,2,1,7,1,1,-52,3,1598,17693,13,0,0 '
Received from ('fd00::200:0:0:e', 8765, 0, 0): b' 221,14,11,1536,90,4,1,3,5,0,1,-70,0,929,11335,3,0,0 '
Received from ('fd00::200:0:0:e', 8765, 0, 0): b' 231,14,11,1408,80,5,1,3,6,0,1,-70,0,435,8644,3,0,0 '
Received from ('fd00::200:0:0:a', 8765, 0, 0): b' 247,10,7,1024,0,18,2,3,6,1,1,-70,2,1411,18359,11,0,0 '
Received from ('fd00::200:0:0:12', 8765, 0, 0): b' 247,18,15,1536,0,6,2,4,4,1,1,-70,0,693,10436,4,0,0 '
Received from ('fd00::200:0:0:f', 8765, 0, 0): b' 248,15,10,1280,0,7,3,3,7,1,2,-70,1,599,8243,4,0,0 '
Received from ('fd00::200:0:0:8', 8765, 0, 0): b' 247,8,4,768,20,16,2,2,7,1,1,-52,5,3166,25009,11,0,0 '
Received from ('fd00::200:0:0:e', 8765, 0, 0): b' 239,14,11,1408,90,5,1,3,6,0,1,-70,0,464,6100,4,0,0 '
Received from ('fd00::200:0:0:1', 5678, 0, 0): b' 250,1,0,256,0,5,0,0,4,0,0,0,10,1553,19569,126,0,0 '
Received from ('fd00::200:0:0:e', 8765, 0, 0): b' 247,14,11,1280,50,5,1,3,6,1,1,-70,0,867,7505,4,0,0 '
Received from ('fd00::200:0:0:5', 8765, 0, 0): b' 248,5,4,768,0,18,4,1,5,1,1,-52,0,399,7353,16,0,0 '
Received from ('fd00::200:0:0:4', 8765, 0, 0): b' 250,4,1,512,20,14,3,1,6,1,1,-66,7,3356,21370,16,0,0 '
Received from ('fd00::200:0:0:2', 8765, 0, 0): b' 252,2,1,512,0,19,3,1,5,1,1,-88,0,455,8218,16,0,0 '
Received from ('fd00::200:0:0:10', 8765, 0, 0): b' 249,16,13,1280,0,9,1,3,6,1,1,-70,1,714,13613,6,0,0 '
Received from ('fd00::200:0:0:b', 8765, 0, 0): b' 251,11,8,1024,0,9,2,3,7,1,2,-70,1,2250,15969,5,0,0 '
Received from ('fd00::200:0:0:13', 8765, 0, 0): b' 250,19,16,1536,10,3,1,4,4,1,1,-70,0,710,10242,2,0,0 '
Received from ('fd00::200:0:0:3', 8765, 0, 0): b' 254,3,1,512,10,21,3,2,7,1,1,-64,4,1474,13291,16,0,0 '
Received from ('fd00::200:0:0:e', 8765, 0, 0): b' 252,14,11,1280,0,6,1,3,6,1,1,-70,0,952,8470,5,0,0 '
Received from ('fd00::200:0:0:f', 8765, 0, 0): b' 253,15,10,1280,0,8,3,3,7,1,2,-70,1,649,7167,4,0,0 '
Received from ('fd00::200:0:0:12', 8765, 0, 0): b' 254,18,15,1536,0,7,2,4,4,1,1,-70,0,639,5858,5,0,0 '
Received from ('fd00::200:0:0:d', 8765, 0, 0): b' 254,13,8,1024,0,11,1,3,4,1,1,-70,2,1302,16486,8,0,0 '
Received from ('fd00::200:0:0:a', 8765, 0, 0): b' 255,10,7,1024,0,18,2,3,6,1,1,-70,2,1256,12801,12,0,0 '
Received from ('fd00::200:0:0:8', 8765, 0, 0): b' 255,8,4,768,0,16,2,2,7,1,1,-52,5,2414,17602,12,0,0 '
Received from ('fd00::200:0:0:5', 8765, 0, 0): b' 256,5,4,768,0,18,4,1,5,1,1,-52,0,325,9101,16,0,0 '
Received from ('fd00::200:0:0:10', 8765, 0, 0): b' 255,16,13,1280,0,10,1,3,6,1,1,-70,1,897,9729,6,0,0 '
Received from ('fd00::200:0:0:2', 8765, 0, 0): b' 258,2,1,512,0,19,3,1,5,1,1,-88,0,273,6644,16,0,0 '
Received from ('fd00::200:0:0:7', 8765, 0, 0): b' 259,7,3,768,0,20,2,1,7,1,1,-52,3,1899,19684,14,0,0 '
Received from ('fd00::200:0:0:1', 5678, 0, 0): b' 260,1,0,256,0,5,0,0,4,0,0,0,10,1972,21060,138,0,0 '
Received from ('fd00::200:0:0:f', 8765, 0, 0): b' 260,15,10,1280,0,9,3,3,7,1,2,-70,1,755,8860,5,0,0 '
Received from ('fd00::200:0:0:e', 8765, 0, 0): b' 261,14,11,1280,0,7,1,3,6,1,1,-70,0,747,7577,5,0,0 '
Received from ('fd00::200:0:0:4', 8765, 0, 0): b' 262,4,1,512,0,14,3,1,6,1,1,-66,7,2923,24706,16,0,0 '
Received from ('fd00::200:0:0:2', 8765, 0, 0): b' 263,2,1,512,10,19,3,1,5,1,1,-88,0,249,5808,16,0,0 '
Received from ('fd00::200:0:0:3', 8765, 0, 0): b' 264,3,1,512,0,21,3,2,7,1,1,-64,4,1575,15523,16,0,0 '
Received from ('fd00::200:0:0:5', 8765, 0, 0): b' 262,5,4,768,0,18,4,1,5,1,1,-52,0,357,7523,17,0,0 '
Received from ('fd00::200:0:0:b', 8765, 0, 0): b' 262,11,8,1024,0,10,2,3,7,1,2,-70,1,1180,18138,6,0,0 '
Received from ('fd00::200:0:0:13', 8765, 0, 0): b' 262,19,16,1536,0,5,1,4,6,1,1,-70,0,1093,11533,3,0,0 '
Received from ('fd00::200:0:0:8', 8765, 0, 0): b' 264,8,4,768,0,16,2,2,7,1,1,-52,6,1422,16181,12,0,0 '
Received from ('fd00::200:0:0:12', 8765, 0, 0): b' 264,18,15,1536,10,9,2,4,5,1,1,-70,0,1248,10558,5,0,0 '
Received from ('fd00::200:0:0:14', 8765, 0, 0): b' 259,20,16,1664,60,1,2,5,3,0,1,-52,0,1486,9601,0,0,0 '
Received from ('fd00::200:0:0:10', 8765, 0, 0): b' 265,16,13,1280,0,12,1,3,7,1,1,-70,2,1486,15266,6,0,0 '
Received from ('fd00::200:0:0:7', 8765, 0, 0): b' 268,7,3,768,0,20,2,1,7,1,1,-52,3,826,12660,14,0,0 '
Received from ('fd00::200:0:0:a', 8765, 0, 0): b' 267,10,7,1024,10,18,2,3,6,1,1,-70,2,1170,17973,12,0,0 '
Received from ('fd00::200:0:0:d', 8765, 0, 0): b' 266,13,8,1024,0,12,1,3,4,1,1,-70,3,1683,19033,9,0,0 '
Received from ('fd00::200:0:0:5', 8765, 0, 0): b' 267,5,4,768,0,18,4,1,5,1,1,-52,0,301,6170,17,0,0 '
Received from ('fd00::200:0:0:3', 8765, 0, 0): b' 268,3,1,512,10,21,3,2,7,1,1,-64,4,721,7415,17,0,0 '
Received from ('fd00::200:0:0:4', 8765, 0, 0): b' 268,4,1,512,0,14,3,1,6,1,1,-66,8,2565,16118,17,0,0 '
Received from ('fd00::200:0:0:8', 8765, 0, 0): b' 268,8,4,768,0,17,2,2,7,1,1,-52,6,1476,10071,13,0,0 '
Received from ('fd00::200:0:0:13', 8765, 0, 0): b' 267,19,16,1536,0,5,1,4,6,1,1,-70,0,470,5439,3,0,0 '
Received from ('fd00::200:0:0:f', 8765, 0, 0): b' 269,15,10,1280,10,9,3,3,7,1,2,-70,1,799,11652,6,0,0 '
Received from ('fd00::200:0:0:1', 5678, 0, 0): b' 271,1,0,256,0,5,0,0,4,0,0,0,10,2215,22136,153,0,0 '
Received from ('fd00::200:0:0:2', 8765, 0, 0): b' 271,2,1,512,0,19,3,1,5,1,1,-88,0,494,10356,17,0,0 '
Received from ('fd00::200:0:0:e', 8765, 0, 0): b' 270,14,11,1280,0,8,1,3,6,1,1,-70,0,673,9301,6,0,0 '
Received from ('fd00::200:0:0:10', 8765, 0, 0): b' 271,16,13,1280,0,12,1,3,7,1,1,-70,2,1068,12044,7,0,0 '
Received from ('fd00::200:0:0:14', 8765, 0, 0): b' 271,20,16,1536,0,3,2,5,4,1,1,-52,0,1710,11417,1,0,0 '
Received from ('fd00::200:0:0:d', 8765, 0, 0): b' 271,13,8,1024,10,12,1,3,4,1,1,-70,3,1041,9715,9,0,0 '
Received from ('fd00::200:0:0:a', 8765, 0, 0): b' 274,10,7,1024,0,19,2,3,6,1,1,-70,2,1028,10716,13,0,0 '
Received from ('fd00::200:0:0:b', 8765, 0, 0): b' 272,11,8,1024,0,11,2,3,7,1,2,-70,1,1079,15117,7,0,0 '
Received from ('fd00::200:0:0:12', 8765, 0, 0): b' 273,18,15,1536,0,10,2,4,5,1,1,-70,0,676,8438,6,0,0 '
Received from ('fd00::200:0:0:5', 8765, 0, 0): b' 275,5,4,768,0,18,4,1,5,1,1,-52,0,398,8486,17,0,0 '
Received from ('fd00::200:0:0:3', 8765, 0, 0): b' 276,3,1,512,10,22,3,2,7,1,1,-64,4,1567,13922,17,0,0 '
Received from ('fd00::200:0:0:7', 8765, 0, 0): b' 277,7,3,768,0,21,2,1,7,1,1,-52,3,1667,15343,15,0,0 '
Received from ('fd00::200:0:0:1', 5678, 0, 0): b' 277,1,0,256,0,5,0,0,4,0,0,0,10,666,10299,153,0,0 '
Received from ('fd00::200:0:0:f', 8765, 0, 0): b' 277,15,10,1280,10,10,3,4,7,1,2,-70,1,912,9833,6,0,0 '
Received from ('fd00::200:0:0:4', 8765, 0, 0): b' 279,4,1,512,0,15,3,1,6,1,1,-66,8,2643,22049,18,0,0 '
Received from ('fd00::200:0:0:8', 8765, 0, 0): b' 278,8,4,768,0,17,2,2,7,1,1,-52,6,2020,20063,13,0,0 '
Received from ('fd00::200:0:0:2', 8765, 0, 0): b' 279,2,1,512,0,19,3,1,5,1,1,-88,0,466,9449,17,0,0 '
Received from ('fd00::200:0:0:14', 8765, 0, 0): b' 278,20,16,1536,0,3,2,5,5,1,1,-52,0,591,6628,1,0,0 '
Received from ('fd00::200:0:0:5', 8765, 0, 0): b' 280,5,4,768,0,18,4,1,5,1,1,-52,0,260,6156,18,0,0 '
Received from ('fd00::200:0:0:13', 8765, 0, 0): b' 279,19,16,1536,0,6,1,4,6,1,1,-70,0,673,10028,4,0,0 '
Received from ('fd00::200:0:0:b', 8765, 0, 0): b' 280,11,8,1024,0,12,2,3,7,1,2,-70,1,610,11417,7,0,0 '
Received from ('fd00::200:0:0:a', 8765, 0, 0): b' 282,10,7,1024,0,20,2,3,6,1,1,-70,2,803,12704,13,0,0 '
Received from ('fd00::200:0:0:e', 8765, 0, 0): b' 280,14,11,1280,0,9,1,3,6,1,1,-70,0,673,9350,7,0,0 '
Received from ('fd00::200:0:0:10', 8765, 0, 0): b' 280,16,13,1280,0,13,1,3,7,1,1,-70,2,1291,17473,8,0,0 '
Received from ('fd00::200:0:0:7', 8765, 0, 0): b' 284,7,3,768,10,22,2,1,7,1,1,-52,3,1051,11835,16,0,0 '
Received from ('fd00::200:0:0:14', 8765, 0, 0): b' 282,20,16,1536,0,4,2,5,5,1,1,-52,0,545,4547,1,0,0 '
Received from ('fd00::200:0:0:3', 8765, 0, 0): b' 284,3,1,512,20,22,3,2,7,1,1,-64,4,1373,14152,18,0,0 '
Received from ('fd00::200:0:0:d', 8765, 0, 0): b' 282,13,8,1024,0,12,1,3,5,1,1,-70,3,1521,18224,10,0,0 '
Received from ('fd00::200:0:0:12', 8765, 0, 0): b' 283,18,15,1536,0,11,2,4,5,1,1,-70,0,674,9751,7,0,0 '
Received from ('fd00::200:0:0:1', 5678, 0, 0): b' 286,1,0,256,0,5,0,0,4,0,0,0,10,1823,17732,166,0,0 '
Received from ('fd00::200:0:0:13', 8765, 0, 0): b' 285,19,16,1536,0,7,1,4,6,1,1,-70,0,473,5622,4,0,0 '
Received from ('fd00::200:0:0:5', 8765, 0, 0): b' 285,5,4,768,0,18,4,1,5,1,1,-52,0,273,6438,18,0,0 '
Received from ('fd00::200:0:0:2', 8765, 0, 0): b' 288,2,1,512,0,20,3,1,5,1,1,-88,0,576,10119,18,0,0 '
Received from ('fd00::200:0:0:b', 8765, 0, 0): b' 287,11,8,1024,0,13,2,3,7,1,2,-70,1,877,10780,8,0,0 '
Received from ('fd00::200:0:0:f', 8765, 0, 0): b' 288,15,10,1280,0,10,3,5,7,1,2,-70,1,1003,14860,7,0,0 '
Received from ('fd00::200:0:0:4', 8765, 0, 0): b' 288,4,1,512,0,15,3,1,6,1,1,-66,8,3390,22327,18,0,0 '
Received from ('fd00::200:0:0:12', 8765, 0, 0): b' 288,18,15,1536,0,12,2,4,5,1,1,-70,0,352,4039,7,0,0 '
Received from ('fd00::200:0:0:10', 8765, 0, 0): b' 287,16,13,1280,0,14,1,3,7,1,1,-70,2,1143,13137,8,0,0 '
Received from ('fd00::200:0:0:3', 8765, 0, 0): b' 290,3,1,512,0,22,3,2,7,1,1,-64,4,1029,10296,18,0,0 '
Received from ('fd00::200:0:0:5', 8765, 0, 0): b' 290,5,4,768,0,19,4,1,5,1,1,-52,0,356,5247,18,0,0 '
Received from ('fd00::200:0:0:8', 8765, 0, 0): b' 290,8,4,768,0,17,2,2,7,1,1,-52,6,3100,25624,14,0,0 '
Received from ('fd00::200:0:0:13', 8765, 0, 0): b' 291,19,16,1536,0,8,1,4,6,1,1,-70,0,528,6021,5,0,0 '
Received from ('fd00::200:0:0:d', 8765, 0, 0): b' 290,13,8,1024,0,13,1,3,5,1,1,-70,3,1229,12813,10,0,0 '
Received from ('fd00::200:0:0:e', 8765, 0, 0): b' 292,14,11,1280,0,12,1,3,6,1,1,-70,0,849,10997,7,0,0 '
Received from ('fd00::200:0:0:1', 5678, 0, 0): b' 293,1,0,256,0,5,0,0,4,0,0,0,10,1068,13851,169,0,0 '
Received from ('fd00::200:0:0:14', 8765, 0, 0): b' 292,20,16,1536,0,6,2,5,5,1,1,-52,0,996,9420,2,0,0 '
Received from ('fd00::200:0:0:a', 8765, 0, 0): b' 294,10,7,1024,0,22,2,3,6,1,1,-70,2,1644,18788,14,0,0 '
Received from ('fd00::200:0:0:4', 8765, 0, 0): b' 294,4,1,512,10,15,3,1,6,1,1,-66,8,1555,12734,19,0,0 '
Received from ('fd00::200:0:0:2', 8765, 0, 0): b' 295,2,1,512,0,20,3,1,5,1,1,-88,0,298,7928,18,0,0 '
Received from ('fd00::200:0:0:7', 8765, 0, 0): b' 295,7,3,768,10,24,2,1,7,1,1,-52,3,1669,18009,16,0,0 '
Received from ('fd00::200:0:0:12', 8765, 0, 0): b' 294,18,15,1536,0,13,2,4,5,1,1,-70,0,473,5731,7,0,0 '
Received from ('fd00::200:0:0:b', 8765, 0, 0): b' 295,11,8,1024,0,14,2,3,7,1,2,-70,1,848,11649,8,0,0 '
Received from ('fd00::200:0:0:5', 8765, 0, 0): b' 295,5,4,768,0,19,4,1,5,1,1,-52,0,357,6551,19,0,0 '
Received from ('fd00::200:0:0:10', 8765, 0, 0): b' 295,16,13,1280,0,15,1,3,7,1,1,-70,2,1226,16331,9,0,0 '
Received from ('fd00::200:0:0:1', 5678, 0, 0): b' 298,1,0,256,0,5,0,0,4,0,0,0,10,1098,9388,177,0,0 '
Received from ('fd00::200:0:0:f', 8765, 0, 0): b' 298,15,10,1280,0,10,3,6,7,1,2,-70,1,971,13219,7,0,0 '
Received from ('fd00::200:0:0:4', 8765, 0, 0): b' 298,4,1,512,0,15,3,1,6,1,1,-66,8,1552,9981,19,0,0 '
Received from ('fd00::200:0:0:8', 8765, 0, 0): b' 298,8,4,768,0,17,2,2,7,1,1,-52,6,2056,16625,15,0,0 '
Received from ('fd00::200:0:0:2', 8765, 0, 0): b' 299,2,1,512,0,21,3,1,5,1,1,-88,0,425,5742,19,0,0 '
Received from ('fd00::200:0:0:e', 8765, 0, 0): b' 298,14,11,1280,0,13,1,3,6,1,1,-70,0,558,5912,8,0,0 '
Received from ('fd00::200:0:0:3', 8765, 0, 0): b' 301,3,1,512,0,22,3,2,7,1,1,-64,4,1762,18299,19,0,0 '
Received from ('fd00::200:0:0:a', 8765, 0, 0): b' 301,10,7,1024,0,23,2,3,6,1,1,-70,2,1050,11313,15,0,0 '
Received from ('fd00::200:0:0:d', 8765, 0, 0): b' 301,13,8,1024,0,13,1,3,5,1,1,-70,4,1421,15412,11,0,0 '
Received from ('fd00::200:0:0:b', 8765, 0, 0): b' 301,11,8,1024,0,15,2,3,7,1,2,-70,1,786,10521,9,0,0 '
Received from ('fd00::200:0:0:1', 5678, 0, 0): b' 303,1,0,256,0,5,0,0,4,0,0,0,10,798,9412,183,0,0 '
Received from ('fd00::200:0:0:13', 8765, 0, 0): b' 302,19,16,1536,0,11,1,4,6,1,1,-70,0,1155,10629,6,0,0 '
Received from ('fd00::200:0:0:5', 8765, 0, 0): b' 303,5,4,768,0,19,4,1,5,1,1,-52,0,370,8336,19,0,0 '
Received from ('fd00::200:0:0:4', 8765, 0, 0): b' 304,4,1,512,0,16,3,1,6,1,1,-66,9,1874,13086,19,0,0 '
Received from ('fd00::200:0:0:2', 8765, 0, 0): b' 305,2,1,512,0,21,3,1,5,1,1,-88,0,301,6623,19,0,0 '
Received from ('fd00::200:0:0:14', 8765, 0, 0): b' 303,20,16,1536,0,7,2,5,5,1,1,-52,0,933,10252,3,0,0 '
Received from ('fd00::200:0:0:7', 8765, 0, 0): b' 307,7,3,768,0,25,2,1,7,1,1,-52,3,1574,17645,17,0,0 '
Received from ('fd00::200:0:0:8', 8765, 0, 0): b' 305,8,4,768,0,17,2,2,7,1,1,-52,7,1664,15127,15,0,0 '
Received from ('fd00::200:0:0:3', 8765, 0, 0): b' 306,3,1,512,0,22,3,2,7,1,1,-64,4,621,8392,19,0,0 '
Received from ('fd00::200:0:0:12', 8765, 0, 0): b' 307,18,15,1536,0,14,2,4,5,1,1,-70,0,698,11078,8,0,0 '
Received from ('fd00::200:0:0:f', 8765, 0, 0): b' 308,15,10,1280,0,11,3,7,7,1,2,-70,1,994,12440,8,0,0 '
Received from ('fd00::200:0:0:5', 8765, 0, 0): b' 308,5,4,768,0,19,4,1,5,1,1,-52,0,301,6018,19,0,0 '
Received from ('fd00::200:0:0:4', 8765, 0, 0): b' 309,4,1,512,20,16,3,1,6,1,1,-66,9,925,8687,20,0,0 '
Received from ('fd00::200:0:0:10', 8765, 0, 0): b' 308,16,13,1280,0,17,1,3,7,1,1,-70,2,1755,20637,9,0,0 '
Received from ('fd00::200:0:0:2', 8765, 0, 0): b' 310,2,1,512,0,21,3,1,5,1,1,-88,0,249,5954,19,0,0 '
Received from ('fd00::200:0:0:a', 8765, 0, 0): b' 310,10,7,1024,0,23,2,3,6,1,1,-70,2,755,13366,15,0,0 '
Received from ('fd00::200:0:0:13', 8765, 0, 0): b' 308,19,16,1536,0,11,1,4,6,1,1,-70,0,398,6156,6,0,0 '
Received from ('fd00::200:0:0:e', 8765, 0, 0): b' 308,14,11,1280,0,13,1,3,6,1,1,-70,0,476,9815,9,0,0 '
Received from ('fd00::200:0:0:d', 8765, 0, 0): b' 309,13,8,1024,0,14,1,3,5,1,1,-70,4,1416,14314,12,0,0 '
Received from ('fd00::200:0:0:12', 8765, 0, 0): b' 312,18,15,1536,0,14,2,4,5,1,1,-70,0,276,4999,8,0,0 '
Received from ('fd00::200:0:0:b', 8765, 0, 0): b' 310,11,8,1024,0,16,2,3,7,1,2,-70,1,1201,13893,9,0,0 '
Received from ('fd00::200:0:0:8', 8765, 0, 0): b' 311,8,4,768,20,17,2,2,7,1,1,-52,7,1558,12493,16,0,0 '
Received from ('fd00::200:0:0:1', 5678, 0, 0): b' 313,1,0,256,0,5,0,0,4,0,0,0,10,1846,20090,191,0,0 '
Received from ('fd00::200:0:0:e', 8765, 0, 0): b' 312,14,11,1280,0,14,1,3,6,1,1,-70,0,352,4092,9,0,0 '
Received from ('fd00::200:0:0:3', 8765, 0, 0): b' 314,3,1,512,10,22,3,2,7,1,1,-64,4,1564,14514,20,0,0 '
Received from ('fd00::200:0:0:4', 8765, 0, 0): b' 315,4,1,512,10,16,3,1,6,1,1,-66,9,2210,14302,20,0,0 '
Received from ('fd00::200:0:0:f', 8765, 0, 0): b' 313,15,10,1280,10,11,3,7,7,1,2,-70,1,560,7261,9,0,0 '
Received from ('fd00::200:0:0:12', 8765, 0, 0): b' 316,18,15,1536,0,15,2,4,5,1,1,-70,0,408,4347,9,0,0 '
Received from ('fd00::200:0:0:14', 8765, 0, 0): b' 314,20,16,1536,0,8,2,5,5,1,1,-52,0,739,10132,3,0,0 '
Received from ('fd00::200:0:0:2', 8765, 0, 0): b' 316,2,1,512,0,21,3,1,5,1,1,-88,0,348,7625,20,0,0 '
Received from ('fd00::200:0:0:7', 8765, 0, 0): b' 317,7,3,768,0,27,2,1,7,1,1,-52,3,2353,19937,18,0,0 '
Received from ('fd00::200:0:0:10', 8765, 0, 0): b' 317,16,13,1280,0,18,1,3,7,1,1,-70,2,1361,17169,10,0,0 '
Received from ('fd00::200:0:0:5', 8765, 0, 0): b' 317,5,4,768,0,19,4,1,5,1,1,-52,0,381,10616,20,0,0 '
Received from ('fd00::200:0:0:8', 8765, 0, 0): b' 319,8,4,768,0,18,2,2,7,1,1,-52,7,1588,14537,16,0,0 '
Received from ('fd00::200:0:0:f', 8765, 0, 0): b' 319,15,10,1280,0,11,3,8,7,1,2,-70,1,626,7859,9,0,0 '
Received from ('fd00::200:0:0:d', 8765, 0, 0): b' 319,13,8,1024,0,14,1,3,5,1,1,-70,4,1357,14957,12,0,0 '
Received from ('fd00::200:0:0:1', 5678, 0, 0): b' 321,1,0,256,0,5,0,0,4,0,0,0,10,1300,14750,198,0,0 '
Received from ('fd00::200:0:0:14', 8765, 0, 0): b' 319,20,16,1536,0,8,2,5,5,1,1,-52,0,404,4593,4,0,0 '
Received from ('fd00::200:0:0:a', 8765, 0, 0): b' 320,10,7,1024,0,24,2,3,6,1,1,-70,2,1509,17429,16,0,0 '
Received from ('fd00::200:0:0:e', 8765, 0, 0): b' 319,14,11,1280,10,14,1,3,6,1,1,-70,0,372,6153,9,0,0 '
Received from ('fd00::200:0:0:13', 8765, 0, 0): b' 320,19,16,1536,0,12,1,4,6,1,1,-70,0,674,10834,7,0,0 '
Received from ('fd00::200:0:0:4', 8765, 0, 0): b' 322,4,1,512,0,16,3,1,6,1,1,-66,9,2105,16640,21,0,0 '
Received from ('fd00::200:0:0:b', 8765, 0, 0): b' 322,11,8,1024,0,17,2,3,7,1,2,-70,1,1259,18090,10,0,0 '
Received from ('fd00::200:0:0:8', 8765, 0, 0): b' 323,8,4,768,10,18,2,2,7,1,1,-52,7,970,8646,16,0,0 '
Received from ('fd00::200:0:0:7', 8765, 0, 0): b' 323,7,3,768,0,27,2,1,7,1,1,-52,3,677,9280,18,0,0 '
Received from ('fd00::200:0:0:2', 8765, 0, 0): b' 324,2,1,512,0,21,3,1,5,1,1,-88,0,297,8982,20,0,0 '
Received from ('fd00::200:0:0:10', 8765, 0, 0): b' 323,16,13,1280,0,18,1,3,7,1,1,-70,2,736,10975,10,0,0 '
Received from ('fd00::200:0:0:12', 8765, 0, 0): b' 325,18,15,1536,0,15,2,4,5,1,1,-70,0,396,8087,9,0,0 '
Received from ('fd00::200:0:0:14', 8765, 0, 0): b' 324,20,16,1536,0,8,2,5,5,1,1,-52,0,371,4460,4,0,0 '
Received from ('fd00::200:0:0:5', 8765, 0, 0): b' 326,5,4,768,0,19,4,1,5,1,1,-52,0,504,10498,21,0,0 '
Received from ('fd00::200:0:0:3', 8765, 0, 0): b' 327,3,1,512,0,22,3,2,7,1,1,-64,4,1812,19251,21,0,0 '
Received from ('fd00::200:0:0:1', 5678, 0, 0): b' 327,1,0,256,0,5,0,0,4,0,0,0,10,1293,12836,206,0,0 '
Received from ('fd00::200:0:0:10', 8765, 0, 0): b' 327,16,13,1280,0,18,1,3,7,1,1,-70,2,564,7475,11,0,0 '
Received from ('fd00::200:0:0:a', 8765, 0, 0): b' 328,10,7,1024,0,24,2,3,6,1,1,-70,2,873,11502,17,0,0 '
Received from ('fd00::200:0:0:d', 8765, 0, 0): b' 329,13,8,1024,0,14,1,3,5,1,1,-70,4,1635,14779,13,0,0 '
Received from ('fd00::200:0:0:e', 8765, 0, 0): b' 327,14,11,1280,0,14,1,3,6,1,1,-70,0,477,7661,10,0,0 '
Received from ('fd00::200:0:0:f', 8765, 0, 0): b' 328,15,10,1280,0,11,3,8,7,1,2,-70,1,950,13478,10,0,0 '
Received from ('fd00::200:0:0:8', 8765, 0, 0): b' 330,8,4,768,10,18,2,2,7,1,1,-52,7,1972,15399,17,0,0 '
Received from ('fd00::200:0:0:3', 8765, 0, 0): b' 331,3,1,512,0,22,3,2,7,1,1,-64,4,1145,8576,21,0,0 '
Received from ('fd00::200:0:0:11', 8765, 0, 0): b' 287,17,13,1408,50,4,6,5,4,0,3,-52,0,1015,9047,1,0,0 '
Received from ('fd00::200:0:0:7', 8765, 0, 0): b' 332,7,3,768,0,27,2,1,7,1,1,-52,3,1293,12819,19,0,0 '
Received from ('fd00::200:0:0:11', 8765, 0, 0): b' 294,17,13,1408,50,5,7,5,4,0,3,-52,0,765,6517,1,0,0 '
Received from ('fd00::200:0:0:14', 8765, 0, 0): b' 330,20,16,1536,0,8,2,5,5,1,1,-52,0,250,4940,4,0,0 '
Received from ('fd00::200:0:0:5', 8765, 0, 0): b' 331,5,4,768,0,19,4,1,5,1,1,-52,0,274,6603,21,0,0 '
Received from ('fd00::200:0:0:4', 8765, 0, 0): b' 333,4,1,512,30,16,3,1,6,1,1,-66,9,3678,24611,21,0,0 '
Received from ('fd00::200:0:0:b', 8765, 0, 0): b' 332,11,8,1024,0,17,2,3,7,1,2,-70,1,832,12958,11,0,0 '
Received from ('fd00::200:0:0:11', 8765, 0, 0): b' 305,17,13,1408,60,6,7,5,4,0,3,-52,0,999,8844,2,0,0 '
Received from ('fd00::200:0:0:2', 8765, 0, 0): b' 333,2,1,512,0,21,3,1,5,1,1,-88,0,493,10969,21,0,0 '
Received from ('fd00::200:0:0:12', 8765, 0, 0): b' 331,18,15,1536,0,16,2,4,5,1,1,-70,0,583,8134,10,0,0 '
Received from ('fd00::200:0:0:11', 8765, 0, 0): b' 316,17,13,1408,90,8,7,5,4,0,3,-52,0,831,10259,3,0,0 '
Received from ('fd00::200:0:0:11', 8765, 0, 0): b' 322,17,13,1408,70,8,7,5,4,0,3,-52,0,457,5044,3,0,0 '
Received from ('fd00::200:0:0:13', 8765, 0, 0): b' 331,19,16,1536,0,12,1,4,6,1,1,-70,0,695,11138,8,0,0 '
Received from ('fd00::200:0:0:11', 8765, 0, 0): b' 333,17,13,1280,20,8,7,5,4,1,3,-52,0,1191,10381,4,0,0 '
Received from ('fd00::200:0:0:10', 8765, 0, 0): b' 334,16,13,1280,0,18,1,3,7,1,1,-70,2,948,11467,11,0,0 '
Received from ('fd00::200:0:0:a', 8765, 0, 0): b' 336,10,7,1024,0,24,2,3,6,1,1,-70,2,880,12748,17,0,0 '
Received from ('fd00::200:0:0:1', 5678, 0, 0): b' 337,1,0,256,0,5,0,0,4,0,0,0,10,1757,19371,216,0,0 '
Received from ('fd00::200:0:0:d', 8765, 0, 0): b' 335,13,8,1024,20,14,1,3,5,1,1,-70,4,2249,14741,13,0,0 '
Received from ('fd00::200:0:0:10', 8765, 0, 0): b' 338,16,13,1280,0,18,1,3,7,1,1,-70,2,365,7683,11,0,0 '
Received from ('fd00::200:0:0:f', 8765, 0, 0): b' 337,15,10,1280,10,11,3,8,7,1,2,-70,1,683,10409,10,0,0 '
Received from ('fd00::200:0:0:12', 8765, 0, 0): b' 336,18,15,1536,0,16,2,4,5,1,1,-70,0,349,4753,10,0,0 '
Received from ('fd00::200:0:0:8', 8765, 0, 0): b' 339,8,4,768,0,18,2,2,7,1,1,-52,7,2939,19584,17,0,0 '
Received from ('fd00::200:0:0:3', 8765, 0, 0): b' 340,3,1,512,0,22,3,2,7,1,1,-64,4,1235,14734,22,0,0 '
Received from ('fd00::200:0:0:14', 8765, 0, 0): b' 341,20,16,1536,0,10,2,5,5,1,1,-52,0,877,9094,5,0,0 '
Received from ('fd00::200:0:0:4', 8765, 0, 0): b' 341,4,1,512,10,16,3,1,6,1,1,-66,9,3234,20744,22,0,0 '
Received from ('fd00::200:0:0:b', 8765, 0, 0): b' 340,11,8,1024,0,18,2,3,7,1,2,-70,1,762,13662,11,0,0 '
Received from ('fd00::200:0:0:e', 8765, 0, 0): b' 339,14,11,1280,0,16,1,3,6,1,1,-70,0,806,11078,11,0,0 '
Received from ('fd00::200:0:0:2', 8765, 0, 0): b' 342,2,1,512,0,21,3,1,5,1,1,-88,0,471,9810,22,0,0 '
Received from ('fd00::200:0:0:7', 8765, 0, 0): b' 342,7,3,768,0,27,2,1,7,1,1,-52,3,1171,16608,19,0,0 '
Received from ('fd00::200:0:0:11', 8765, 0, 0): b' 341,17,13,1280,0,9,7,5,4,1,3,-52,0,644,7643,4,0,0 '
Received from ('fd00::200:0:0:5', 8765, 0, 0): b' 341,5,4,768,0,20,4,1,5,1,1,-52,0,603,11325,22,0,0 '
Received from ('fd00::200:0:0:13', 8765, 0, 0): b' 342,19,16,1536,0,12,1,4,6,1,1,-70,0,421,9278,8,0,0 '
Received from ('fd00::200:0:0:d', 8765, 0, 0): b' 344,13,8,1024,0,14,1,3,5,1,1,-70,4,1518,16573,14,0,0 '
Received from ('fd00::200:0:0:10', 8765, 0, 0): b' 345,16,13,1280,0,18,1,3,7,1,1,-70,2,937,12383,12,0,0 '
Received from ('fd00::200:0:0:11', 8765, 0, 0): b' 345,17,13,1280,0,10,7,5,4,1,3,-52,0,407,4083,5,0,0 '
Received from ('fd00::200:0:0:f', 8765, 0, 0): b' 343,15,10,1280,0,12,3,8,7,1,2,-70,1,885,9406,11,0,0 '
Received from ('fd00::200:0:0:8', 8765, 0, 0): b' 346,8,4,768,10,18,2,2,7,1,1,-52,7,2532,17987,18,0,0 '
Received from ('fd00::200:0:0:1', 5678, 0, 0): b' 346,1,0,256,0,5,0,0,4,0,0,0,10,2160,20245,231,0,0 '
Received from ('fd00::200:0:0:14', 8765, 0, 0): b' 346,20,16,1536,0,10,2,5,5,1,1,-52,0,387,4888,5,0,0 '
Received from ('fd00::200:0:0:a', 8765, 0, 0): b' 347,10,7,1024,0,25,2,3,6,1,1,-70,2,1547,18418,18,0,0 '
Received from ('fd00::200:0:0:d', 8765, 0, 0): b' 349,13,8,1024,0,14,1,3,5,1,1,-70,4,1220,10436,14,0,0 '
Received from ('fd00::200:0:0:12', 8765, 0, 0): b' 347,18,15,1536,10,17,2,4,5,1,1,-70,0,578,9978,11,0,0 '
Received from ('fd00::200:0:0:10', 8765, 0, 0): b' 350,16,13,1280,0,19,1,3,7,1,1,-70,2,824,8568,12,0,0 '
Received from ('fd00::200:0:0:4', 8765, 0, 0): b' 349,4,1,512,0,16,3,1,6,1,1,-66,9,2903,20024,22,0,0 '
Received from ('fd00::200:0:0:b', 8765, 0, 0): b' 350,11,8,1024,0,19,2,3,7,1,2,-70,1,840,14037,12,0,0 '
Received from ('fd00::200:0:0:8', 8765, 0, 0): b' 351,8,4,768,0,18,2,2,7,1,1,-52,7,1094,8866,18,0,0 '
Received from ('fd00::200:0:0:3', 8765, 0, 0): b' 350,3,1,512,0,23,3,2,7,1,1,-64,4,1796,18381,22,0,0 '
Received from ('fd00::200:0:0:13', 8765, 0, 0): b' 350,19,16,1536,0,13,1,4,6,1,1,-70,0,553,7783,9,0,0 '
Received from ('fd00::200:0:0:7', 8765, 0, 0): b' 351,7,3,768,0,28,2,1,7,1,1,-52,3,1547,15894,20,0,0 '
Received from ('fd00::200:0:0:11', 8765, 0, 0): b' 351,17,13,1280,0,10,7,5,4,1,3,-52,0,372,5790,5,0,0 '
Received from ('fd00::200:0:0:2', 8765, 0, 0): b' 352,2,1,512,0,21,3,1,5,1,1,-88,0,345,12747,22,0,0 '
Received from ('fd00::200:0:0:e', 8765, 0, 0): b' 351,14,11,1280,0,16,1,3,6,1,1,-70,0,422,10447,11,0,0 '
Received from ('fd00::200:0:0:10', 8765, 0, 0): b' 354,16,13,1280,0,19,1,3,7,1,1,-70,2,538,7728,12,0,0 '
Received from ('fd00::200:0:0:5', 8765, 0, 0): b' 352,5,4,768,0,20,4,1,5,1,1,-52,0,447,13143,22,0,0 '
Received from ('fd00::200:0:0:f', 8765, 0, 0): b' 353,15,10,1280,0,12,3,8,7,1,2,-70,1,655,10508,11,0,0 '
Received from ('fd00::200:0:0:1', 5678, 0, 0): b' 355,1,0,256,0,5,0,0,4,0,0,0,10,1238,16121,236,0,0 '
Received from ('fd00::200:0:0:d', 8765, 0, 0): b' 355,13,8,1024,10,14,1,3,5,1,1,-70,4,1105,12370,15,0,0 '
Received from ('fd00::200:0:0:12', 8765, 0, 0): b' 354,18,15,1536,0,17,2,4,5,1,1,-70,0,301,6257,11,0,0 '
Received from ('fd00::200:0:0:a', 8765, 0, 0): b' 355,10,7,1024,0,25,2,3,6,1,1,-70,2,851,12014,18,0,0 '
Received from ('fd00::200:0:0:14', 8765, 0, 0): b' 356,20,16,1536,0,10,2,5,5,1,1,-52,0,670,9586,6,0,0 '
Received from ('fd00::200:0:0:8', 8765, 0, 0): b' 355,8,4,768,0,18,2,2,7,1,1,-52,7,1763,13712,19,0,0 '
Received from ('fd00::200:0:0:b', 8765, 0, 0): b' 357,11,8,1024,0,19,2,3,7,1,2,-70,1,748,10461,12,0,0 '
Received from ('fd00::200:0:0:11', 8765, 0, 0): b' 358,17,13,1280,0,10,7,5,4,1,3,-52,0,372,5677,5,0,0 '
Received from ('fd00::200:0:0:e', 8765, 0, 0): b' 356,14,11,1280,0,16,1,3,6,1,1,-70,0,430,5274,12,0,0 '
Received from ('fd00::200:0:0:f', 8765, 0, 0): b' 358,15,10,1280,0,12,3,8,7,1,2,-70,1,548,5976,11,0,0 '
Received from ('fd00::200:0:0:2', 8765, 0, 0): b' 359,2,1,512,0,21,3,1,5,1,1,-88,0,474,7499,23,0,0 '
Received from ('fd00::200:0:0:5', 8765, 0, 0): b' 360,5,4,768,0,20,4,1,5,1,1,-52,0,358,6986,23,0,0 '
Received from ('fd00::200:0:0:13', 8765, 0, 0): b' 358,19,16,1536,0,13,1,4,6,1,1,-70,0,420,7981,9,0,0 '
Received from ('fd00::200:0:0:1', 5678, 0, 0): b' 360,1,0,256,0,5,0,0,4,0,0,0,10,1263,11478,246,0,0 '
Received from ('fd00::200:0:0:4', 8765, 0, 0): b' 361,4,1,512,0,16,3,1,6,1,1,-66,9,4124,27020,23,0,0 '
Received from ('fd00::200:0:0:3', 8765, 0, 0): b' 361,3,1,512,10,23,3,2,7,1,1,-64,4,1878,18759,23,0,0 '
Received from ('fd00::200:0:0:7', 8765, 0, 0): b' 362,7,3,768,0,28,2,1,7,1,1,-52,3,1591,18065,21,0,0 '
Received from ('fd00::200:0:0:b', 8765, 0, 0): b' 362,11,8,1024,0,19,2,3,7,1,2,-70,1,589,8917,13,0,0 '
Received from ('fd00::200:0:0:e', 8765, 0, 0): b' 361,14,11,1280,10,16,1,3,6,1,1,-70,0,280,4321,12,0,0 '
Received from ('fd00::200:0:0:d', 8765, 0, 0): b' 363,13,8,1024,0,14,1,3,5,1,1,-70,4,1443,15675,15,0,0 '
Received from ('fd00::200:0:0:10', 8765, 0, 0): b' 365,16,13,1280,0,19,1,3,7,1,1,-70,2,1259,19716,13,0,0 '
Received from ('fd00::200:0:0:a', 8765, 0, 0): b' 365,10,7,1024,0,26,2,3,6,1,1,-70,2,1059,13573,19,0,0 '
Received from ('fd00::200:0:0:14', 8765, 0, 0): b' 365,20,16,1536,0,10,2,5,5,1,1,-52,0,476,9212,7,0,0 '
Received from ('fd00::200:0:0:5', 8765, 0, 0): b' 366,5,4,768,0,20,4,1,5,1,1,-52,0,297,8021,23,0,0 '
Received from ('fd00::200:0:0:12', 8765, 0, 0): b' 364,18,15,1536,10,17,2,4,5,1,1,-70,0,453,8540,12,0,0 '
Received from ('fd00::200:0:0:7', 8765, 0, 0): b' 367,7,3,768,10,28,2,1,7,1,1,-52,3,680,8436,21,0,0 '
Received from ('fd00::200:0:0:11', 8765, 0, 0): b' 367,17,13,1280,0,12,7,5,4,1,3,-52,0,684,8813,6,0,0 '
Received from ('fd00::200:0:0:b', 8765, 0, 0): b' 367,11,8,1024,0,19,2,3,7,1,2,-70,1,453,7203,13,0,0 '
Received from ('fd00::200:0:0:f', 8765, 0, 0): b' 366,15,10,1280,10,12,3,8,7,1,2,-70,1,767,11024,12,0,0 '
Received from ('fd00::200:0:0:e', 8765, 0, 0): b' 367,14,11,1280,0,16,1,3,6,1,1,-70,0,277,4804,12,0,0 '
Received from ('fd00::200:0:0:d', 8765, 0, 0): b' 368,13,8,1024,0,14,1,3,5,1,1,-70,4,800,9199,15,0,0 '
Received from ('fd00::200:0:0:8', 8765, 0, 0): b' 369,8,4,768,0,18,2,2,7,1,1,-52,7,3214,25294,19,0,0 '
Received from ('fd00::200:0:0:13', 8765, 0, 0): b' 368,19,16,1536,0,14,1,4,6,1,1,-70,0,680,9252,10,0,0 '
Received from ('fd00::200:0:0:1', 5678, 0, 0): b' 370,1,0,256,0,5,0,0,4,0,0,0,10,1430,18075,250,0,0 '
Received from ('fd00::200:0:0:a', 8765, 0, 0): b' 370,10,7,1024,0,26,2,3,6,1,1,-70,2,626,7957,19,0,0 '
Received from ('fd00::200:0:0:2', 8765, 0, 0): b' 371,2,1,512,0,22,3,1,5,1,1,-88,0,624,14180,24,0,0 '
Received from ('fd00::200:0:0:5', 8765, 0, 0): b' 372,5,4,768,0,21,4,1,5,1,1,-52,0,305,6259,24,0,0 '
Received from ('fd00::200:0:0:4', 8765, 0, 0): b' 373,4,1,512,0,16,3,1,6,1,1,-66,9,3599,26963,24,0,0 '
Received from ('fd00::200:0:0:f', 8765, 0, 0): b' 372,15,10,1280,0,12,3,8,7,1,2,-70,1,427,7110,12,0,0 '
Received from ('fd00::200:0:0:3', 8765, 0, 0): b' 374,3,1,512,0,23,3,2,7,1,1,-64,4,1873,20081,24,0,0 '
Received from ('fd00::200:0:0:10', 8765, 0, 0): b' 376,16,13,1280,0,20,1,3,7,1,1,-70,2,1263,19403,14,0,0 '
Received from ('fd00::200:0:0:b', 8765, 0, 0): b' 376,11,8,1024,0,19,2,3,7,1,2,-70,1,734,12383,14,0,0 '
Received from ('fd00::200:0:0:a', 8765, 0, 0): b' 376,10,7,1024,10,26,2,3,6,1,1,-70,2,802,10306,20,0,0 '
Received from ('fd00::200:0:0:8', 8765, 0, 0): b' 376,8,4,768,20,18,2,2,7,1,1,-52,7,1828,16407,20,0,0 '
Received from ('fd00::200:0:0:12', 8765, 0, 0): b' 375,18,15,1536,0,17,2,4,5,1,1,-70,0,599,10096,13,0,0 '
Received from ('fd00::200:0:0:7', 8765, 0, 0): b' 377,7,3,768,10,28,2,1,7,1,1,-52,3,1736,16438,22,0,0 '
Received from ('fd00::200:0:0:11', 8765, 0, 0): b' 376,17,13,1280,0,12,7,5,4,1,3,-52,0,549,8253,7,0,0 '
Received from ('fd00::200:0:0:5', 8765, 0, 0): b' 378,5,4,768,0,21,4,1,5,1,1,-52,0,436,7253,24,0,0 '
Received from ('fd00::200:0:0:f', 8765, 0, 0): b' 376,15,10,1280,0,12,3,8,7,1,2,-70,1,562,6135,13,0,0 '
Received from ('fd00::200:0:0:d', 8765, 0, 0): b' 377,13,8,1024,10,15,1,3,5,1,1,-70,4,1761,17347,16,0,0 '
Received from ('fd00::200:0:0:e', 8765, 0, 0): b' 377,14,11,1280,0,16,1,3,6,1,1,-70,0,477,8605,13,0,0 '
Received from ('fd00::200:0:0:14', 8765, 0, 0): b' 377,20,16,1536,0,10,2,5,5,1,1,-52,0,670,10619,8,0,0 '
Received from ('fd00::200:0:0:13', 8765, 0, 0): b' 377,19,16,1536,0,14,1,4,6,1,1,-70,0,453,7694,11,0,0 '
Received from ('fd00::200:0:0:2', 8765, 0, 0): b' 380,2,1,512,0,22,3,1,5,1,1,-88,0,395,10854,24,0,0 '
Received from ('fd00::200:0:0:1', 5678, 0, 0): b' 381,1,0,256,0,5,0,0,4,0,0,0,10,2091,21466,264,0,0 '
Received from ('fd00::200:0:0:a', 8765, 0, 0): b' 381,10,7,1024,0,26,2,3,6,1,1,-70,2,652,8908,20,0,0 '
Received from ('fd00::200:0:0:4', 8765, 0, 0): b' 382,4,1,512,0,16,3,1,6,1,1,-66,9,2443,19606,24,0,0 '
Received from ('fd00::200:0:0:f', 8765, 0, 0): b' 382,15,10,1280,0,12,3,8,7,1,2,-70,1,308,6268,13,0,0 '
Received from ('fd00::200:0:0:3', 8765, 0, 0): b' 383,3,1,512,0,23,3,2,7,1,1,-64,4,1779,16775,24,0,0 '
Received from ('fd00::200:0:0:10', 8765, 0, 0): b' 384,16,13,1280,0,20,1,3,7,1,1,-70,2,1003,15121,14,0,0 '
Received from ('fd00::200:0:0:b', 8765, 0, 0): b' 385,11,8,1024,0,20,2,3,7,1,2,-70,1,762,12416,14,0,0 '
Received from ('fd00::200:0:0:14', 8765, 0, 0): b' 384,20,16,1536,0,10,2,5,5,1,1,-52,0,300,6249,8,0,0 '
Received from ('fd00::200:0:0:8', 8765, 0, 0): b' 385,8,4,768,20,19,2,2,7,1,1,-52,7,2189,17534,20,0,0 '
Received from ('fd00::200:0:0:e', 8765, 0, 0): b' 383,14,11,1280,0,16,1,3,6,1,1,-70,0,276,6153,13,0,0 '
Received from ('fd00::200:0:0:12', 8765, 0, 0): b' 385,18,15,1536,0,17,2,4,5,1,1,-70,0,325,8564,13,0,0 '
Received from ('fd00::200:0:0:d', 8765, 0, 0): b' 385,13,8,1024,0,15,1,3,5,1,1,-70,4,1188,15104,17,0,0 '
Received from ('fd00::200:0:0:7', 8765, 0, 0): b' 386,7,3,768,10,29,2,1,7,1,1,-52,3,1126,14383,22,0,0 '
Received from ('fd00::200:0:0:2', 8765, 0, 0): b' 387,2,1,512,10,22,3,1,5,1,1,-88,0,349,7532,25,0,0 '
Received from ('fd00::200:0:0:5', 8765, 0, 0): b' 386,5,4,768,0,21,4,1,5,1,1,-52,0,544,11180,25,0,0 '
Received from ('fd00::200:0:0:a', 8765, 0, 0): b' 387,10,7,1024,0,26,2,3,6,1,1,-70,2,742,8428,20,0,0 '
Received from ('fd00::200:0:0:11', 8765, 0, 0): b' 386,17,13,1280,0,12,7,5,4,1,3,-52,0,420,8629,7,0,0 '
Received from ('fd00::200:0:0:13', 8765, 0, 0): b' 386,19,16,1536,0,14,1,4,6,1,1,-70,0,397,8126,11,0,0 '
Received from ('fd00::200:0:0:4', 8765, 0, 0): b' 388,4,1,512,10,17,3,1,6,1,1,-66,9,2715,16678,25,0,0 '
Received from ('fd00::200:0:0:e', 8765, 0, 0): b' 389,14,11,1280,0,16,1,3,6,1,1,-70,0,332,5183,14,0,0 '
Received from ('fd00::200:0:0:d', 8765, 0, 0): b' 390,13,8,1024,0,15,1,3,5,1,1,-70,4,862,9415,17,0,0 '
Received from ('fd00::200:0:0:f', 8765, 0, 0): b' 389,15,10,1280,0,12,3,8,7,1,2,-70,1,706,9559,14,0,0 '
Received from ('fd00::200:0:0:1', 5678, 0, 0): b' 390,1,0,256,0,5,0,0,4,0,0,0,10,2012,19630,276,0,0 '
Received from ('fd00::200:0:0:10', 8765, 0, 0): b' 390,16,13,1280,0,21,1,3,7,1,1,-70,2,920,11495,15,0,0 '
Received from ('fd00::200:0:0:8', 8765, 0, 0): b' 392,8,4,768,0,19,2,2,7,1,1,-52,7,2483,17837,21,0,0 '
Received from ('fd00::200:0:0:7', 8765, 0, 0): b' 392,7,3,768,0,29,2,1,7,1,1,-52,3,1093,11092,23,0,0 '
Received from ('fd00::200:0:0:3', 8765, 0, 0): b' 393,3,1,512,0,23,3,2,7,1,1,-64,4,1876,17723,25,0,0 '
Received from ('fd00::200:0:0:5', 8765, 0, 0): b' 394,5,4,768,0,21,4,1,5,1,1,-52,0,302,8039,25,0,0 '
Received from ('fd00::200:0:0:14', 8765, 0, 0): b' 393,20,16,1536,10,11,2,5,5,1,1,-52,0,650,8533,9,0,0 '
Received from ('fd00::200:0:0:4', 8765, 0, 0): b' 394,4,1,512,0,17,3,1,6,1,1,-66,9,1746,12457,25,0,0 '
Received from ('fd00::200:0:0:b', 8765, 0, 0): b' 394,11,8,1024,10,20,2,3,7,1,2,-70,1,1028,15848,15,0,0 '
Received from ('fd00::200:0:0:13', 8765, 0, 0): b' 394,19,16,1536,0,15,1,4,6,1,1,-70,0,554,7547,12,0,0 '
Received from ('fd00::200:0:0:1', 5678, 0, 0): b' 395,1,0,256,0,5,0,0,4,0,0,0,10,752,9900,280,0,0 '
Received from ('fd00::200:0:0:12', 8765, 0, 0): b' 395,18,15,1536,0,17,2,4,5,1,1,-70,0,477,9371,14,0,0 '
Received from ('fd00::200:0:0:e', 8765, 0, 0): b' 395,14,11,1280,0,16,1,3,6,1,1,-70,0,373,5799,14,0,0 '
Received from ('fd00::200:0:0:10', 8765, 0, 0): b' 397,16,13,1280,0,21,1,3,7,1,1,-70,2,921,12227,15,0,0 '
Received from ('fd00::200:0:0:a', 8765, 0, 0): b' 396,10,7,1024,0,27,2,3,6,1,1,-70,2,979,14276,21,0,0 '
Received from ('fd00::200:0:0:2', 8765, 0, 0): b' 397,2,1,512,0,22,3,1,5,1,1,-88,0,471,12547,25,0,0 '
Received from ('fd00::200:0:0:11', 8765, 0, 0): b' 397,17,13,1280,0,13,7,5,4,1,3,-52,0,698,10542,8,0,0 '
Received from ('fd00::200:0:0:3', 8765, 0, 0): b' 398,3,1,512,0,23,3,2,7,1,1,-64,4,621,7702,25,0,0 '
Received from ('fd00::200:0:0:b', 8765, 0, 0): b' 399,11,8,1024,0,20,2,3,7,1,2,-70,1,382,6761,15,0,0 '
Received from ('fd00::200:0:0:4', 8765, 0, 0): b' 398,4,1,512,0,17,3,1,6,1,1,-66,9,1235,9319,25,0,0 '
Received from ('fd00::200:0:0:d', 8765, 0, 0): b' 399,13,8,1024,0,15,1,3,5,1,1,-70,4,1655,17113,17,0,0 '
Received from ('fd00::200:0:0:14', 8765, 0, 0): b' 400,20,16,1536,0,12,2,5,5,1,1,-52,0,498,6537,9,0,0 '
Received from ('fd00::200:0:0:f', 8765, 0, 0): b' 401,15,10,1280,10,12,3,8,7,1,2,-70,1,787,14337,14,0,0 '
Received from ('fd00::200:0:0:5', 8765, 0, 0): b' 401,5,4,768,0,21,4,1,5,1,1,-52,0,353,9429,26,0,0 '
Received from ('fd00::200:0:0:10', 8765, 0, 0): b' 400,16,13,1280,10,22,1,3,7,1,1,-70,2,694,8450,16,0,0 '
Received from ('fd00::200:0:0:13', 8765, 0, 0): b' 402,19,16,1536,0,16,1,4,6,1,1,-70,0,498,7538,12,0,0 '
Received from ('fd00::200:0:0:11', 8765, 0, 0): b' 403,17,13,1280,0,14,7,5,4,1,3,-52,0,377,5244,8,0,0 '
Received from ('fd00::200:0:0:7', 8765, 0, 0): b' 403,7,3,768,0,30,2,1,7,1,1,-52,3,1220,15867,23,0,0 '
Received from ('fd00::200:0:0:8', 8765, 0, 0): b' 403,8,4,768,10,19,2,2,7,1,1,-52,7,3014,23703,22,0,0 '
Received from ('fd00::200:0:0:2', 8765, 0, 0): b' 404,2,1,512,0,22,3,1,5,1,1,-88,0,349,8830,26,0,0 '
Received from ('fd00::200:0:0:a', 8765, 0, 0): b' 403,10,7,1024,0,27,2,3,6,1,1,-70,2,842,10508,21,0,0 '
Received from ('fd00::200:0:0:e', 8765, 0, 0): b' 404,14,11,1280,0,17,1,3,6,1,1,-70,0,457,7801,15,0,0 '
Received from ('fd00::200:0:0:3', 8765, 0, 0): b' 405,3,1,512,0,23,3,2,7,1,1,-64,4,1237,12404,26,0,0 '
Received from ('fd00::200:0:0:12', 8765, 0, 0): b' 404,18,15,1536,10,17,2,4,5,1,1,-70,0,453,8234,15,0,0 '
Received from ('fd00::200:0:0:4', 8765, 0, 0): b' 406,4,1,512,10,17,3,1,6,1,1,-66,9,2999,19715,26,0,0 '
Received from ('fd00::200:0:0:b', 8765, 0, 0): b' 407,11,8,1024,10,20,2,3,7,1,2,-70,1,880,11787,16,0,0 '
Received from ('fd00::200:0:0:f', 8765, 0, 0): b' 406,15,10,1280,0,12,3,8,7,1,2,-70,1,579,6300,15,0,0 '
Received from ('fd00::200:0:0:10', 8765, 0, 0): b' 406,16,13,1280,0,22,1,3,7,1,1,-70,2,828,11556,16,0,0 '
Received from ('fd00::200:0:0:1', 5678, 0, 0): b' 407,1,0,256,0,5,0,0,4,0,0,0,10,2477,24843,296,0,0 '
Received from ('fd00::200:0:0:14', 8765, 0, 0): b' 406,20,16,1536,0,12,2,5,6,1,1,-52,0,331,6777,10,0,0 '
Received from ('fd00::200:0:0:13', 8765, 0, 0): b' 406,19,16,1536,0,16,1,4,7,1,1,-70,0,332,5110,13,0,0 '
Received from ('fd00::200:0:0:11', 8765, 0, 0): b' 409,17,13,1280,10,14,7,5,5,1,3,-52,1,606,6022,9,0,0 '
Received from ('fd00::200:0:0:d', 8765, 0, 0): b' 410,13,8,1024,0,17,1,3,6,1,1,-70,5,2836,24445,18,0,0 '
Received from ('fd00::200:0:0:a', 8765, 0, 0): b' 409,10,7,1024,0,28,2,3,6,1,1,-70,2,871,10019,22,0,0 '
Received from ('fd00::200:0:0:15', 8765, 0, 0): b' 401,21,17,1664,20,0,1,7,2,0,1,-52,0,568,255403,0,0,0 '
Received from ('fd00::200:0:0:10', 8765, 0, 0): b' 412,16,13,1280,10,23,1,3,7,1,1,-70,2,890,10213,16,0,0 '
Received from ('fd00::200:0:0:1', 5678, 0, 0): b' 412,1,0,256,0,5,0,0,4,0,0,0,10,553,8308,297,0,0 '
Received from ('fd00::200:0:0:13', 8765, 0, 0): b' 411,19,16,1536,0,17,1,4,7,1,1,-70,0,256,4589,13,0,0 '
Received from ('fd00::200:0:0:3', 8765, 0, 0): b' 413,3,1,512,0,24,3,2,7,1,1,-64,4,1104,12485,26,0,0 '
Received from ('fd00::200:0:0:5', 8765, 0, 0): b' 412,5,4,768,0,21,4,1,5,1,1,-52,0,498,13330,26,0,0 '
Received from ('fd00::200:0:0:2', 8765, 0, 0): b' 413,2,1,512,0,22,3,1,5,1,1,-88,0,349,10259,26,0,0 '
Received from ('fd00::200:0:0:7', 8765, 0, 0): b' 412,7,3,768,0,30,2,1,7,1,1,-52,3,1471,16063,24,0,0 '
Received from ('fd00::200:0:0:15', 8765, 0, 0): b' 413,21,17,1536,0,1,2,7,3,1,1,-52,0,2192,11225,1,0,0 '
Received from ('fd00::200:0:0:f', 8765, 0, 0): b' 412,15,10,1280,0,12,3,8,7,1,2,-70,1,482,8596,15,0,0 '
Received from ('fd00::200:0:0:8', 8765, 0, 0): b' 414,8,4,768,10,19,2,2,7,1,1,-52,8,2960,22663,22,0,0 '
Received from ('fd00::200:0:0:b', 8765, 0, 0): b' 414,11,8,1024,0,22,2,3,7,1,2,-70,1,775,12120,16,0,0 '
Received from ('fd00::200:0:0:12', 8765, 0, 0): b' 413,18,15,1536,0,19,2,4,5,1,1,-70,0,630,8216,15,0,0 '
Received from ('fd00::200:0:0:4', 8765, 0, 0): b' 415,4,1,512,10,17,3,1,6,1,1,-66,10,2803,19775,27,0,0 '
Received from ('fd00::200:0:0:14', 8765, 0, 0): b' 414,20,16,1536,0,13,2,5,6,1,1,-52,0,592,8167,10,0,0 '
Received from ('fd00::200:0:0:a', 8765, 0, 0): b' 415,10,7,1024,0,28,2,3,6,1,1,-70,2,752,9077,22,0,0 '
Received from ('fd00::200:0:0:d', 8765, 0, 0): b' 416,13,8,1024,10,17,1,3,6,1,1,-70,5,1350,11917,19,0,0 '
Received from ('fd00::200:0:0:e', 8765, 0, 0): b' 415,14,11,1280,0,17,1,3,6,1,1,-70,0,529,10925,16,0,0 '
Received from ('fd00::200:0:0:10', 8765, 0, 0): b' 417,16,13,1280,0,23,1,3,7,1,1,-70,2,736,9376,17,0,0 '
Received from ('fd00::200:0:0:11', 8765, 0, 0): b' 418,17,13,1280,0,15,7,5,5,1,3,-52,1,1140,11644,9,0,0 '
Received from ('fd00::200:0:0:12', 8765, 0, 0): b' 418,18,15,1536,0,19,2,4,5,1,1,-70,0,332,5476,16,0,0 '
Received from ('fd00::200:0:0:13', 8765, 0, 0): b' 419,19,16,1536,0,18,1,4,7,1,1,-70,0,504,7886,13,0,0 '
Received from ('fd00::200:0:0:15', 8765, 0, 0): b' 421,21,17,1536,0,2,2,7,4,1,1,-52,0,821,6772,2,0,0 '
Received from ('fd00::200:0:0:2', 8765, 0, 0): b' 421,2,1,512,0,22,3,1,5,1,1,-88,0,470,9593,27,0,0 '
Received from ('fd00::200:0:0:14', 8765, 0, 0): b' 422,20,16,1536,0,13,2,5,6,1,1,-52,0,453,7333,11,0,0 '
Received from ('fd00::200:0:0:5', 8765, 0, 0): b' 423,5,4,768,0,21,4,1,5,1,1,-52,0,503,13196,27,0,0 '
Received from ('fd00::200:0:0:f', 8765, 0, 0): b' 422,15,10,1280,10,13,3,8,7,1,2,-70,1,1153,12842,16,0,0 '
Received from ('fd00::200:0:0:8', 8765, 0, 0): b' 423,8,4,768,0,19,2,2,7,1,1,-52,8,3126,23193,23,0,0 '
Received from ('fd00::200:0:0:1', 5678, 0, 0): b' 424,1,0,256,0,5,0,0,4,0,0,0,10,2518,24260,314,0,0 '
Received from ('fd00::200:0:0:10', 8765, 0, 0): b' 424,16,13,1280,0,24,1,3,7,1,1,-70,2,1147,13327,17,0,0 '
Received from ('fd00::200:0:0:3', 8765, 0, 0): b' 423,3,1,512,10,24,3,2,7,1,1,-64,4,2052,19495,27,0,0 '
Received from ('fd00::200:0:0:4', 8765, 0, 0): b' 424,4,1,512,0,17,3,1,6,1,1,-66,10,3551,22104,27,0,0 '
Received from ('fd00::200:0:0:b', 8765, 0, 0): b' 424,11,8,1024,0,22,2,3,7,1,2,-70,1,908,16118,17,0,0 '
Received from ('fd00::200:0:0:7', 8765, 0, 0): b' 424,7,3,768,10,30,2,1,7,1,1,-52,3,1819,19575,25,0,0 '
Received from ('fd00::200:0:0:12', 8765, 0, 0): b' 424,18,15,1536,0,19,2,4,5,1,1,-70,0,155,4587,16,0,0 '
Received from ('fd00::200:0:0:a', 8765, 0, 0): b' 425,10,7,1024,0,28,2,3,6,1,1,-70,2,1297,16400,23,0,0 '
Received from ('fd00::200:0:0:d', 8765, 0, 0): b' 427,13,8,1024,10,18,1,3,6,1,1,-70,5,2254,21129,19,0,0 '
Received from ('fd00::200:0:0:11', 8765, 0, 0): b' 426,17,13,1280,0,16,7,5,5,1,3,-52,1,931,11131,10,0,0 '
Received from ('fd00::200:0:0:e', 8765, 0, 0): b' 427,14,11,1280,0,18,1,3,6,1,1,-70,0,650,10539,16,0,0 '
Received from ('fd00::200:0:0:15', 8765, 0, 0): b' 428,21,17,1536,0,3,2,7,5,1,1,-52,0,690,7223,2,0,0 '
Received from ('fd00::200:0:0:13', 8765, 0, 0): b' 427,19,16,1536,0,19,1,4,7,1,1,-70,0,554,8047,14,0,0 '
Received from ('fd00::200:0:0:7', 8765, 0, 0): b' 429,7,3,768,0,30,2,1,7,1,1,-52,3,623,6971,25,0,0 '
Received from ('fd00::200:0:0:f', 8765, 0, 0): b' 428,15,10,1280,10,13,3,8,7,1,2,-70,1,480,7571,16,0,0 '
Received from ('fd00::200:0:0:1', 5678, 0, 0): b' 429,1,0,256,0,5,0,0,4,0,0,0,10,802,10508,315,0,0 '
Received from ('fd00::200:0:0:2', 8765, 0, 0): b' 430,2,1,512,0,22,3,1,5,1,1,-88,0,539,10982,28,0,0 '
Received from ('fd00::200:0:0:12', 8765, 0, 0): b' 429,18,15,1536,0,19,2,4,5,1,1,-70,0,373,5603,16,0,0 '
Received from ('fd00::200:0:0:8', 8765, 0, 0): b' 430,8,4,768,0,19,2,2,7,1,1,-52,8,1695,14817,24,0,0 '
Received from ('fd00::200:0:0:4', 8765, 0, 0): b' 431,4,1,512,0,17,3,1,6,1,1,-66,10,1909,15508,28,0,0 '
Received from ('fd00::200:0:0:14', 8765, 0, 0): b' 430,20,16,1536,0,15,2,5,6,1,1,-52,0,1033,7902,11,0,0 '
Received from ('fd00::200:0:0:11', 8765, 0, 0): b' 432,17,13,1280,0,16,7,5,5,1,3,-52,1,476,6801,10,0,0 '
Received from ('fd00::200:0:0:15', 8765, 0, 0): b' 434,21,17,1536,0,3,2,7,5,1,1,-52,0,468,4980,2,0,0 '
Received from ('fd00::200:0:0:f', 8765, 0, 0): b' 433,15,10,1280,0,13,3,8,7,1,2,-70,1,655,7148,17,0,0 '
Received from ('fd00::200:0:0:3', 8765, 0, 0): b' 435,3,1,512,0,24,3,2,7,1,1,-64,4,2014,19000,28,0,0 '
Received from ('fd00::200:0:0:5', 8765, 0, 0): b' 435,5,4,768,0,21,4,1,5,1,1,-52,0,527,13376,28,0,0 '
Received from ('fd00::200:0:0:a', 8765, 0, 0): b' 435,10,7,1024,0,28,2,3,6,1,1,-70,2,1240,15078,24,0,0 '
Received from ('fd00::200:0:0:2', 8765, 0, 0): b' 436,2,1,512,0,22,3,1,5,1,1,-88,0,274,6931,28,0,0 '
Received from ('fd00::200:0:0:b', 8765, 0, 0): b' 434,11,8,1024,10,22,2,3,7,1,2,-70,1,912,16554,18,0,0 '
Received from ('fd00::200:0:0:1', 5678, 0, 0): b' 436,1,0,256,0,5,0,0,4,0,0,0,10,1666,15008,330,0,0 '
Received from ('fd00::200:0:0:10', 8765, 0, 0): b' 435,16,13,1280,10,24,1,3,7,1,1,-70,2,1171,19531,18,0,0 '
Received from ('fd00::200:0:0:e', 8765, 0, 0): b' 435,14,11,1280,0,18,1,3,6,1,1,-70,0,358,7297,17,0,0 '
Received from ('fd00::200:0:0:12', 8765, 0, 0): b' 436,18,15,1536,0,19,2,4,5,1,1,-70,0,356,6834,17,0,0 '
Received from ('fd00::200:0:0:11', 8765, 0, 0): b' 436,17,13,1280,0,16,7,5,5,1,3,-52,1,652,7809,11,0,0 '
Received from ('fd00::200:0:0:d', 8765, 0, 0): b' 436,13,8,1024,0,18,1,3,6,1,1,-70,5,2551,23800,20,0,0 '
Received from ('fd00::200:0:0:13', 8765, 0, 0): b' 438,19,16,1536,0,19,1,4,7,1,1,-70,0,477,9518,15,0,0 '
Received from ('fd00::200:0:0:7', 8765, 0, 0): b' 438,7,3,768,0,30,2,1,7,1,1,-52,3,1586,15822,26,0,0 '
Received from ('fd00::200:0:0:8', 8765, 0, 0): b' 440,8,4,768,10,19,2,2,7,1,1,-52,8,2927,20068,24,0,0 '
Received from ('fd00::200:0:0:14', 8765, 0, 0): b' 439,20,16,1536,10,15,2,5,6,1,1,-52,0,454,7883,12,0,0 '
Received from ('fd00::200:0:0:4', 8765, 0, 0): b' 440,4,1,512,0,17,3,1,6,1,1,-66,10,3372,21327,28,0,0 '
Received from ('fd00::200:0:0:f', 8765, 0, 0): b' 440,15,10,1280,0,13,3,8,7,1,2,-70,1,505,7892,17,0,0 '
Received from ('fd00::200:0:0:1', 5678, 0, 0): b' 441,1,0,256,0,5,0,0,4,0,0,0,10,668,9058,331,0,0 '
Received from ('fd00::200:0:0:15', 8765, 0, 0): b' 442,21,17,1536,0,4,2,7,5,1,1,-52,0,746,7940,3,0,0 '
Received from ('fd00::200:0:0:b', 8765, 0, 0): b' 440,11,8,1024,0,23,2,3,7,1,2,-70,1,613,9363,18,0,0 '
Received from ('fd00::200:0:0:e', 8765, 0, 0): b' 441,14,11,1280,10,18,1,3,6,1,1,-70,0,276,6789,17,0,0 '
Received from ('fd00::200:0:0:a', 8765, 0, 0): b' 442,10,7,1024,10,29,2,3,6,1,1,-70,2,842,11330,24,0,0 '
Received from ('fd00::200:0:0:13', 8765, 0, 0): b' 443,19,16,1536,0,19,1,4,7,1,1,-70,0,276,4961,15,0,0 '
Received from ('fd00::200:0:0:12', 8765, 0, 0): b' 442,18,15,1536,0,19,2,4,5,1,1,-70,0,276,5479,17,0,0 '
Received from ('fd00::200:0:0:10', 8765, 0, 0): b' 442,16,13,1280,0,25,1,3,7,1,1,-70,2,1447,17706,18,0,0 '
Received from ('fd00::200:0:0:3', 8765, 0, 0): b' 445,3,1,512,0,24,3,2,7,1,1,-64,4,1637,16957,28,0,0 '
Received from ('fd00::200:0:0:4', 8765, 0, 0): b' 445,4,1,512,0,17,3,1,6,1,1,-66,10,1119,10441,29,0,0 '
Received from ('fd00::200:0:0:f', 8765, 0, 0): b' 446,15,10,1280,0,13,3,8,7,1,2,-70,1,533,7410,17,0,0 '
Received from ('fd00::200:0:0:5', 8765, 0, 0): b' 445,5,4,768,20,21,4,1,5,1,1,-52,0,419,12686,29,0,0 '
Received from ('fd00::200:0:0:2', 8765, 0, 0): b' 448,2,1,512,0,23,3,1,5,1,1,-88,0,653,14051,29,0,0 '
Received from ('fd00::200:0:0:14', 8765, 0, 0): b' 449,20,16,1536,0,15,2,5,6,1,1,-52,0,422,8734,12,0,0 '
Received from ('fd00::200:0:0:7', 8765, 0, 0): b' 448,7,3,768,10,30,2,1,7,1,1,-52,3,1447,16502,27,0,0 '
Received from ('fd00::200:0:0:8', 8765, 0, 0): b' 449,8,4,768,0,20,2,2,7,1,1,-52,8,2276,19392,25,0,0 '
Received from ('fd00::200:0:0:11', 8765, 0, 0): b' 447,17,13,1280,0,17,7,5,5,1,3,-52,1,863,13235,11,0,0 '
Received from ('fd00::200:0:0:1', 5678, 0, 0): b' 450,1,0,256,0,5,0,0,4,0,0,0,10,1757,16943,342,0,0 '
Received from ('fd00::200:0:0:d', 8765, 0, 0): b' 448,13,8,1024,20,19,1,3,6,1,1,-70,5,2221,22025,21,0,0 '
Received from ('fd00::200:0:0:a', 8765, 0, 0): b' 450,10,7,1024,0,29,2,3,6,1,1,-70,2,945,11723,25,0,0 '
Received from ('fd00::200:0:0:4', 8765, 0, 0): b' 451,4,1,512,10,18,3,1,6,1,1,-66,10,2475,14605,29,0,0 '
Received from ('fd00::200:0:0:b', 8765, 0, 0): b' 449,11,8,1024,10,23,2,3,7,1,2,-70,1,747,12261,19,0,0 '
Received from ('fd00::200:0:0:f', 8765, 0, 0): b' 451,15,10,1280,0,13,3,8,7,1,2,-70,1,509,6600,18,0,0 '
Received from ('fd00::200:0:0:15', 8765, 0, 0): b' 447,21,17,1536,0,4,2,7,5,1,1,-52,0,492,7147,3,0,0 '
Received from ('fd00::200:0:0:2', 8765, 0, 0): b' 451,2,1,512,0,23,3,1,5,1,1,-88,0,278,5580,29,0,0 '
Received from ('fd00::200:0:0:5', 8765, 0, 0): b' 452,5,4,768,0,22,4,1,5,1,1,-52,0,490,7905,29,0,0 '
Received from ('fd00::200:0:0:13', 8765, 0, 0): b' 451,19,16,1536,0,20,1,4,7,1,1,-70,0,377,6775,15,0,0 '
Received from ('fd00::200:0:0:12', 8765, 0, 0): b' 453,18,15,1536,0,20,2,4,5,1,1,-70,0,798,9915,18,0,0 '
Received from ('fd00::200:0:0:14', 8765, 0, 0): b' 451,20,16,1536,0,16,2,5,6,1,1,-52,0,409,4400,13,0,0 '
Received from ('fd00::200:0:0:e', 8765, 0, 0): b' 451,14,11,1280,0,18,1,3,6,1,1,-70,0,502,9601,18,0,0 '
Received from ('fd00::200:0:0:10', 8765, 0, 0): b' 451,16,13,1280,0,26,1,3,7,1,1,-70,2,1483,17083,19,0,0 '
Received from ('fd00::200:0:0:d', 8765, 0, 0): b' 452,13,8,1024,0,19,1,3,6,1,1,-70,5,1263,9674,21,0,0 '
Received from ('fd00::200:0:0:3', 8765, 0, 0): b' 454,3,1,512,0,24,3,2,7,1,1,-64,4,1878,17664,29,0,0 '
Received from ('fd00::200:0:0:a', 8765, 0, 0): b' 455,10,7,1024,0,29,2,3,6,1,1,-70,2,678,8233,25,0,0 '
Received from ('fd00::200:0:0:7', 8765, 0, 0): b' 456,7,3,768,0,31,2,1,7,1,1,-52,3,1466,13152,27,0,0 '
Received from ('fd00::200:0:0:b', 8765, 0, 0): b' 455,11,8,1024,0,23,2,3,7,1,2,-70,1,614,10199,19,0,0 '
Received from ('fd00::200:0:0:2', 8765, 0, 0): b' 457,2,1,512,0,23,3,1,5,1,1,-88,0,176,5412,29,0,0 '
Received from ('fd00::200:0:0:11', 8765, 0, 0): b' 454,17,13,1280,0,18,7,5,5,1,3,-52,1,879,9775,12,0,0 '
Received from ('fd00::200:0:0:13', 8765, 0, 0): b' 455,19,16,1536,0,20,1,4,7,1,1,-70,0,332,5877,16,0,0 '
Received from ('fd00::200:0:0:14', 8765, 0, 0): b' 455,20,16,1536,0,16,2,5,6,1,1,-52,0,252,3993,13,0,0 '
Received from ('fd00::200:0:0:8', 8765, 0, 0): b' 458,8,4,768,0,20,2,2,7,1,1,-52,8,3112,21496,25,0,0 '
Received from ('fd00::200:0:0:e', 8765, 0, 0): b' 457,14,11,1280,0,18,1,3,6,1,1,-70,0,252,4788,18,0,0 '
Received from ('fd00::200:0:0:1', 5678, 0, 0): b' 459,1,0,256,0,5,0,0,4,0,0,0,10,1512,17836,349,0,0 '
Received from ('fd00::200:0:0:5', 8765, 0, 0): b' 460,5,4,768,0,22,4,1,5,1,1,-52,0,440,8662,29,0,0 '
Received from ('fd00::200:0:0:15', 8765, 0, 0): b' 457,21,17,1536,0,4,2,7,5,1,1,-52,0,669,9704,4,0,0 '
Received from ('fd00::200:0:0:4', 8765, 0, 0): b' 460,4,1,512,10,18,3,1,6,1,1,-66,10,3223,21367,30,0,0 '
Received from ('fd00::200:0:0:a', 8765, 0, 0): b' 459,10,7,1024,0,29,2,3,6,1,1,-70,2,307,6367,25,0,0 '
Received from ('fd00::200:0:0:10', 8765, 0, 0): b' 458,16,13,1280,0,26,1,3,7,1,1,-70,2,766,12514,19,0,0 '
Received from ('fd00::200:0:0:3', 8765, 0, 0): b' 461,3,1,512,0,24,3,2,7,1,1,-64,4,838,10375,30,0,0 '
Received from ('fd00::200:0:0:12', 8765, 0, 0): b' 461,18,15,1536,0,20,2,4,5,1,1,-70,0,412,7289,18,0,0 '
Received from ('fd00::200:0:0:1', 5678, 0, 0): b' 463,1,0,256,0,5,0,0,4,0,0,0,10,1013,8722,356,0,0 '
Received from ('fd00::200:0:0:14', 8765, 0, 0): b' 461,20,16,1536,0,16,2,5,6,1,1,-52,0,276,5473,13,0,0 '
Received from ('fd00::200:0:0:2', 8765, 0, 0): b' 463,2,1,512,0,23,3,1,5,1,1,-88,0,445,7925,30,0,0 '
Received from ('fd00::200:0:0:7', 8765, 0, 0): b' 462,7,3,768,20,31,2,1,7,1,1,-52,3,648,9920,28,0,0 '
Received from ('fd00::200:0:0:11', 8765, 0, 0): b' 461,17,13,1280,0,18,7,5,5,1,3,-52,1,624,8505,12,0,0 '
Received from ('fd00::200:0:0:d', 8765, 0, 0): b' 462,13,8,1024,10,20,1,3,6,1,1,-70,5,2099,19325,22,0,0 '
Received from ('fd00::200:0:0:f', 8765, 0, 0): b' 462,15,10,1280,10,14,3,8,7,1,2,-70,1,1010,14804,19,0,0 '
Received from ('fd00::200:0:0:a', 8765, 0, 0): b' 464,10,7,1024,0,29,2,3,6,1,1,-70,2,842,7292,26,0,0 '
Received from ('fd00::200:0:0:e', 8765, 0, 0): b' 465,14,11,1280,0,18,1,3,6,1,1,-70,0,422,6793,19,0,0 '
Received from ('fd00::200:0:0:5', 8765, 0, 0): b' 466,5,4,768,10,22,4,1,5,1,1,-52,0,385,7960,30,0,0 '
Received from ('fd00::200:0:0:4', 8765, 0, 0): b' 466,4,1,512,10,18,3,1,6,1,1,-66,10,2588,16320,30,0,0 '
Received from ('fd00::200:0:0:8', 8765, 0, 0): b' 467,8,4,768,0,20,2,2,7,1,1,-52,8,2785,19380,26,0,0 '
Received from ('fd00::200:0:0:12', 8765, 0, 0): b' 466,18,15,1536,0,20,2,4,5,1,1,-70,0,308,5027,19,0,0 '
Received from ('fd00::200:0:0:13', 8765, 0, 0): b' 465,19,16,1536,0,20,1,4,7,1,1,-70,0,477,9174,17,0,0 '
Received from ('fd00::200:0:0:15', 8765, 0, 0): b' 465,21,17,1536,0,6,2,7,5,1,1,-52,0,853,7616,5,0,0 '
Received from ('fd00::200:0:0:b', 8765, 0, 0): b' 468,11,8,1024,0,23,2,3,7,1,2,-70,1,1056,17423,20,0,0 '
Received from ('fd00::200:0:0:3', 8765, 0, 0): b' 469,3,1,512,0,24,3,2,7,1,1,-64,4,1778,13759,30,0,0 '
Received from ('fd00::200:0:0:f', 8765, 0, 0): b' 469,15,10,1280,0,14,3,8,7,1,2,-70,1,657,7893,19,0,0 '
Received from ('fd00::200:0:0:14', 8765, 0, 0): b' 468,20,16,1536,0,16,2,5,6,1,1,-52,0,453,6819,14,0,0 '
Received from ('fd00::200:0:0:2', 8765, 0, 0): b' 470,2,1,512,0,23,3,1,5,1,1,-88,0,273,7781,30,0,0 '
Received from ('fd00::200:0:0:d', 8765, 0, 0): b' 470,13,8,1024,20,20,1,3,6,1,1,-70,5,1404,13873,22,0,0 '
Received from ('fd00::200:0:0:10', 8765, 0, 0): b' 468,16,13,1280,0,26,1,3,7,1,1,-70,2,1408,19208,20,0,0 '
Received from ('fd00::200:0:0:8', 8765, 0, 0): b' 471,8,4,768,0,20,2,2,7,1,1,-52,8,1111,9503,26,0,0 '
Received from ('fd00::200:0:0:4', 8765, 0, 0): b' 472,4,1,512,10,18,3,1,6,1,1,-66,10,1683,12190,31,0,0 '
Received from ('fd00::200:0:0:e', 8765, 0, 0): b' 471,14,11,1280,0,18,1,3,6,1,1,-70,0,346,5538,19,0,0 '
Received from ('fd00::200:0:0:11', 8765, 0, 0): b' 471,17,13,1280,10,18,7,5,5,1,3,-52,1,881,12271,13,0,0 '
Received from ('fd00::200:0:0:a', 8765, 0, 0): b' 472,10,7,1024,10,29,2,3,6,1,1,-70,2,928,13319,26,0,0 '
Received from ('fd00::200:0:0:15', 8765, 0, 0): b' 471,21,17,1536,0,6,2,7,5,1,1,-52,0,274,4808,5,0,0 '
Received from ('fd00::200:0:0:1', 5678, 0, 0): b' 474,1,0,256,0,5,0,0,4,0,0,0,10,1948,21740,366,0,0 '
Received from ('fd00::200:0:0:7', 8765, 0, 0): b' 474,7,3,768,0,31,2,1,7,1,1,-52,3,1787,19132,28,0,0 '
Received from ('fd00::200:0:0:2', 8765, 0, 0): b' 476,2,1,512,0,23,3,1,5,1,1,-88,0,348,6566,31,0,0 '
Received from ('fd00::200:0:0:8', 8765, 0, 0): b' 476,8,4,768,20,20,2,2,7,1,1,-52,8,905,8754,27,0,0 '
Received from ('fd00::200:0:0:f', 8765, 0, 0): b' 475,15,10,1280,0,14,3,8,7,1,2,-70,1,360,7908,19,0,0 '
Received from ('fd00::200:0:0:5', 8765, 0, 0): b' 477,5,4,768,0,22,4,1,5,1,1,-52,0,499,12291,31,0,0 '
Received from ('fd00::200:0:0:13', 8765, 0, 0): b' 473,19,16,1536,0,20,1,4,7,1,1,-70,0,421,8824,17,0,0 '
Received from ('fd00::200:0:0:d', 8765, 0, 0): b' 475,13,8,1024,20,20,1,3,6,1,1,-70,5,1233,11530,23,0,0 '
Received from ('fd00::200:0:0:10', 8765, 0, 0): b' 474,16,13,1280,0,27,1,3,7,1,1,-70,2,754,10720,21,0,0 '
Received from ('fd00::200:0:0:14', 8765, 0, 0): b' 475,20,16,1536,0,16,2,5,6,1,1,-52,0,300,7192,14,0,0 '
Received from ('fd00::200:0:0:12', 8765, 0, 0): b' 478,18,15,1536,10,20,2,4,5,1,1,-70,0,445,10555,20,0,0 '
Received from ('fd00::200:0:0:b', 8765, 0, 0): b' 478,11,8,1024,0,23,2,3,7,1,2,-70,1,926,16280,20,0,0 '
Received from ('fd00::200:0:0:3', 8765, 0, 0): b' 480,3,1,512,10,24,3,2,7,1,1,-64,4,1824,18967,31,0,0 '
Received from ('fd00::200:0:0:4', 8765, 0, 0): b' 480,4,1,512,30,18,3,1,6,1,1,-66,10,3023,19673,31,0,0 '
Received from ('fd00::200:0:0:e', 8765, 0, 0): b' 479,14,11,1280,0,18,1,3,6,1,1,-70,0,453,7671,20,0,0 '
Received from ('fd00::200:0:0:f', 8765, 0, 0): b' 481,15,10,1280,0,14,3,8,7,1,2,-70,1,656,7474,20,0,0 '
Received from ('fd00::200:0:0:1', 5678, 0, 0): b' 481,1,0,256,0,5,0,0,4,0,0,0,10,1728,15986,380,0,0 '
Received from ('fd00::200:0:0:5', 8765, 0, 0): b' 481,5,4,768,0,23,4,1,5,1,1,-52,0,385,4962,31,0,0 '
Received from ('fd00::200:0:0:10', 8765, 0, 0): b' 478,16,13,1280,10,27,1,3,7,1,1,-70,2,752,8451,21,0,0 '
Received from ('fd00::200:0:0:15', 8765, 0, 0): b' 479,21,17,1536,0,6,2,7,5,1,1,-52,0,618,8051,6,0,0 '
Received from ('fd00::200:0:0:12', 8765, 0, 0): b' 483,18,15,1536,0,20,2,4,5,1,1,-70,0,334,4943,20,0,0 '
Received from ('fd00::200:0:0:14', 8765, 0, 0): b' 481,20,16,1536,0,16,2,5,6,1,1,-52,0,332,5159,15,0,0 '
Received from ('fd00::200:0:0:d', 8765, 0, 0): b' 483,13,8,1024,0,20,1,3,6,1,1,-70,5,1711,15062,23,0,0 '
Received from ('fd00::200:0:0:7', 8765, 0, 0): b' 484,7,3,768,10,31,2,1,7,1,1,-52,3,1618,16308,29,0,0 '
Received from ('fd00::200:0:0:2', 8765, 0, 0): b' 484,2,1,512,0,23,3,1,5,1,1,-88,0,297,10170,31,0,0 '
Received from ('fd00::200:0:0:a', 8765, 0, 0): b' 483,10,7,1024,0,29,2,3,6,1,1,-70,2,1341,17346,27,0,0 '
Received from ('fd00::200:0:0:11', 8765, 0, 0): b' 484,17,13,1280,10,18,7,5,5,1,3,-52,1,998,13966,14,0,0 '
Received from ('fd00::200:0:0:1', 5678, 0, 0): b' 486,1,0,256,0,5,0,0,4,0,0,0,10,665,9077,382,0,0 '
Received from ('fd00::200:0:0:8', 8765, 0, 0): b' 486,8,4,768,0,21,2,2,7,1,1,-52,8,3525,25117,27,0,0 '
Received from ('fd00::200:0:0:5', 8765, 0, 0): b' 486,5,4,768,0,23,4,1,5,1,1,-52,0,273,7569,31,0,0 '
Received from ('fd00::200:0:0:4', 8765, 0, 0): b' 488,4,1,512,10,18,3,1,6,1,1,-66,10,2278,17080,32,0,0 '
Received from ('fd00::200:0:0:13', 8765, 0, 0): b' 485,19,16,1536,0,20,1,4,7,1,1,-70,0,501,10238,18,0,0 '
Received from ('fd00::200:0:0:b', 8765, 0, 0): b' 488,11,8,1024,10,23,2,3,7,1,2,-70,1,738,14114,21,0,0 '
Received from ('fd00::200:0:0:10', 8765, 0, 0): b' 487,16,13,1280,10,27,1,3,7,1,1,-70,2,789,14069,21,0,0 '
Received from ('fd00::200:0:0:f', 8765, 0, 0): b' 488,15,10,1280,0,15,3,8,7,1,2,-70,1,761,9600,20,0,0 '
Received from ('fd00::200:0:0:3', 8765, 0, 0): b' 491,3,1,512,0,25,3,2,7,1,1,-64,4,1545,16690,31,0,0 '
Received from ('fd00::200:0:0:1', 5678, 0, 0): b' 492,1,0,256,0,6,0,0,4,0,0,0,10,1118,10794,388,0,0 '
Received from ('fd00::200:0:0:8', 8765, 0, 0): b' 491,8,4,768,20,21,2,2,7,1,1,-52,8,1219,10523,28,0,0 '
Received from ('fd00::200:0:0:e', 8765, 0, 0): b' 491,14,11,1280,0,19,1,3,6,1,1,-70,0,552,10657,20,0,0 '
Received from ('fd00::200:0:0:12', 8765, 0, 0): b' 491,18,15,1536,0,20,2,4,5,1,1,-70,0,300,7202,20,0,0 '
Received from ('fd00::200:0:0:7', 8765, 0, 0): b' 492,7,3,768,0,31,2,1,7,1,1,-52,3,877,12602,29,0,0 '
Received from ('fd00::200:0:0:2', 8765, 0, 0): b' 493,2,1,512,0,23,3,1,5,1,1,-88,0,494,10390,32,0,0 '
Received from ('fd00::200:0:0:15', 8765, 0, 0): b' 490,21,17,1536,0,6,2,7,5,1,1,-52,0,613,9354,6,0,0 '
Received from ('fd00::200:0:0:10', 8765, 0, 0): b' 493,16,13,1280,0,27,1,3,7,1,1,-70,2,502,7957,22,0,0 '
Received from ('fd00::200:0:0:14', 8765, 0, 0): b' 493,20,16,1536,0,16,2,5,6,1,1,-52,0,477,10166,16,0,0 '
Received from ('fd00::200:0:0:a', 8765, 0, 0): b' 494,10,7,1024,0,29,2,3,6,1,1,-70,2,1150,16925,28,0,0 '
Received from ('fd00::200:0:0:4', 8765, 0, 0): b' 495,4,1,512,10,18,4,1,6,1,1,-66,10,2857,18070,32,0,0 '
Received from ('fd00::200:0:0:d', 8765, 0, 0): b' 494,13,8,1024,0,20,1,3,6,1,1,-70,5,2011,21552,24,0,0 '
Received from ('fd00::200:0:0:11', 8765, 0, 0): b' 494,17,13,1280,0,18,7,5,5,1,3,-52,1,730,12531,14,0,0 '
Received from ('fd00::200:0:0:e', 8765, 0, 0): b' 495,14,11,1280,0,19,1,3,6,1,1,-70,0,337,4342,21,0,0 '
Received from ('fd00::200:0:0:f', 8765, 0, 0): b' 496,15,10,1280,10,15,3,8,7,1,2,-70,1,682,9611,21,0,0 '
Received from ('fd00::200:0:0:3', 8765, 0, 0): b' 497,3,1,512,0,25,4,2,7,1,1,-64,4,1641,13088,32,0,0 '
Received from ('fd00::200:0:0:12', 8765, 0, 0): b' 496,18,15,1536,0,20,2,4,5,1,1,-70,0,308,4883,21,0,0 '
Received from ('fd00::200:0:0:b', 8765, 0, 0): b' 496,11,8,1024,0,23,2,3,7,1,2,-70,1,905,13002,22,0,0 '
Received from ('fd00::200:0:0:2', 8765, 0, 0): b' 498,2,1,512,0,23,4,1,5,1,1,-88,0,330,5904,32,0,0 '
Received from ('fd00::200:0:0:8', 8765, 0, 0): b' 497,8,4,768,10,21,2,2,7,1,1,-52,8,2281,14534,28,0,0 '
Received from ('fd00::200:0:0:5', 8765, 0, 0): b' 498,5,4,768,0,23,4,1,5,1,1,-52,0,582,13544,32,0,0 '
Received from ('fd00::200:0:0:13', 8765, 0, 0): b' 497,19,16,1536,0,21,1,4,7,1,1,-70,0,585,10835,19,0,0 '
Received from ('fd00::200:0:0:15', 8765, 0, 0): b' 496,21,17,1536,10,6,2,7,5,1,1,-52,0,427,5915,7,0,0 '
Received from ('fd00::200:0:0:7', 8765, 0, 0): b' 500,7,3,768,0,32,2,1,7,1,1,-52,3,1517,14577,30,0,0 '
Received from ('fd00::200:0:0:d', 8765, 0, 0): b' 500,13,8,1024,0,21,1,3,6,1,1,-70,5,1215,10864,24,0,0 '
Received from ('fd00::200:0:0:1', 5678, 0, 0): b' 501,1,0,256,0,6,0,0,4,0,0,0,10,1951,19549,399,0,0 '
Received from ('fd00::200:0:0:10', 8765, 0, 0): b' 499,16,13,1280,10,27,1,3,7,1,1,-70,2,951,13741,22,0,0 '
Received from ('fd00::200:0:0:a', 8765, 0, 0): b' 501,10,7,1024,0,29,2,3,6,1,1,-70,2,802,10329,28,0,0 '
Received from ('fd00::200:0:0:b', 8765, 0, 0): b' 503,11,8,1024,0,23,2,3,7,1,2,-70,1,486,9572,22,0,0 '
Received from ('fd00::200:0:0:5', 8765, 0, 0): b' 502,5,4,768,0,23,4,1,5,1,1,-52,0,250,5255,32,0,0 '
Received from ('fd00::200:0:0:12', 8765, 0, 0): b' 503,18,15,1536,0,20,2,4,5,1,1,-70,0,397,6099,21,0,0 '
Received from ('fd00::200:0:0:15', 8765, 0, 0): b' 501,21,17,1536,0,6,2,7,5,1,1,-52,0,275,4342,7,0,0 '
Received from ('fd00::200:0:0:3', 8765, 0, 0): b' 503,3,1,512,0,25,4,2,7,1,1,-64,4,962,11099,32,0,0 '
Received from ('fd00::200:0:0:4', 8765, 0, 0): b' 504,4,1,512,20,18,4,1,6,1,1,-66,10,2851,20305,33,0,0 '
Received from ('fd00::200:0:0:11', 8765, 0, 0): b' 503,17,13,1280,0,19,7,5,5,1,3,-52,1,952,11213,15,0,0 '
Received from ('fd00::200:0:0:8', 8765, 0, 0): b' 503,8,4,768,0,21,2,2,7,1,1,-52,8,1512,13602,28,0,0 '
Received from ('fd00::200:0:0:2', 8765, 0, 0): b' 505,2,1,512,0,24,4,1,5,1,1,-88,0,549,9428,33,0,0 '
Received from ('fd00::200:0:0:13', 8765, 0, 0): b' 503,19,16,1536,0,22,1,4,7,1,1,-70,0,378,5505,19,0,0 '
Received from ('fd00::200:0:0:14', 8765, 0, 0): b' 504,20,16,1536,0,16,2,5,6,1,1,-52,0,446,10227,16,0,0 '
Received from ('fd00::200:0:0:7', 8765, 0, 0): b' 507,7,3,768,0,32,2,1,7,1,1,-52,3,678,9663,30,0,0 '
Received from ('fd00::200:0:0:d', 8765, 0, 0): b' 505,13,8,1024,0,22,1,3,6,1,1,-70,5,1396,11399,25,0,0 '
Received from ('fd00::200:0:0:5', 8765, 0, 0): b' 506,5,4,768,0,23,4,1,5,1,1,-52,0,333,5384,33,0,0 '
Received from ('fd00::200:0:0:f', 8765, 0, 0): b' 506,15,10,1280,10,15,3,8,7,1,2,-70,1,824,12512,21,0,0 '
Received from ('fd00::200:0:0:e', 8765, 0, 0): b' 506,14,11,1280,10,19,1,3,6,1,1,-70,0,477,10245,22,0,0 '
Received from ('fd00::200:0:0:12', 8765, 0, 0): b' 508,18,15,1536,0,20,2,4,5,1,1,-70,0,308,4715,22,0,0 '
Received from ('fd00::200:0:0:1', 5678, 0, 0): b' 510,1,0,256,0,6,0,0,4,0,0,0,10,1919,17906,412,0,0 '
Received from ('fd00::200:0:0:8', 8765, 0, 0): b' 508,8,4,768,20,21,2,2,7,1,1,-52,8,1758,12198,29,0,0 '
Received from ('fd00::200:0:0:10', 8765, 0, 0): b' 509,16,13,1280,10,28,1,3,7,1,1,-70,2,1385,16305,23,0,0 '
Received from ('fd00::200:0:0:b', 8765, 0, 0): b' 508,11,8,1024,10,24,2,3,7,1,2,-70,1,700,9654,23,0,0 '
Received from ('fd00::200:0:0:4', 8765, 0, 0): b' 510,4,1,512,10,18,4,1,6,1,1,-66,10,2988,16801,33,0,0 '
Received from ('fd00::200:0:0:11', 8765, 0, 0): b' 508,17,13,1280,0,19,7,5,5,1,3,-52,1,361,6798,15,0,0 '
Received from ('fd00::200:0:0:13', 8765, 0, 0): b' 507,19,16,1536,0,22,1,4,7,1,1,-70,0,276,4533,19,0,0 '
Received from ('fd00::200:0:0:3', 8765, 0, 0): b' 512,3,1,512,0,25,4,2,7,1,1,-64,4,1534,14886,33,0,0 '
Received from ('fd00::200:0:0:e', 8765, 0, 0): b' 510,14,11,1280,0,19,1,3,6,1,1,-70,0,279,4688,22,0,0 '
Received from ('fd00::200:0:0:2', 8765, 0, 0): b' 512,2,1,512,0,24,4,1,5,1,1,-88,0,422,9282,33,0,0 '
Received from ('fd00::200:0:0:a', 8765, 0, 0): b' 512,10,7,1024,0,30,2,3,6,1,1,-70,2,1421,18028,29,0,0 '
Received from ('fd00::200:0:0:5', 8765, 0, 0): b' 512,5,4,768,0,23,4,1,5,1,1,-52,0,273,6645,33,0,0 '
Received from ('fd00::200:0:0:8', 8765, 0, 0): b' 513,8,4,768,10,21,2,2,7,1,1,-52,8,1482,9804,29,0,0 '
Received from ('fd00::200:0:0:15', 8765, 0, 0): b' 512,21,17,1536,0,6,2,7,5,1,1,-52,0,572,9850,8,0,0 '
Received from ('fd00::200:0:0:12', 8765, 0, 0): b' 514,18,15,1536,0,20,2,4,5,1,1,-70,0,276,6125,22,0,0 '
Received from ('fd00::200:0:0:10', 8765, 0, 0): b' 514,16,13,1280,0,28,1,3,7,1,1,-70,2,685,11754,23,0,0 '
Received from ('fd00::200:0:0:d', 8765, 0, 0): b' 515,13,8,1024,0,22,1,3,6,1,1,-70,5,1915,20039,25,0,0 '
Received from ('fd00::200:0:0:f', 8765, 0, 0): b' 516,15,10,1280,0,15,3,8,7,1,2,-70,1,1003,12721,22,0,0 '
Received from ('fd00::200:0:0:b', 8765, 0, 0): b' 516,11,8,1024,0,25,2,3,7,1,2,-70,1,748,11949,23,0,0 '
Received from ('fd00::200:0:0:13', 8765, 0, 0): b' 515,19,16,1536,0,22,1,4,7,1,1,-70,0,565,8282,20,0,0 '
Received from ('fd00::200:0:0:14', 8765, 0, 0): b' 516,20,16,1536,0,18,2,5,6,1,1,-52,0,1031,11519,17,0,0 '
Received from ('fd00::200:0:0:7', 8765, 0, 0): b' 517,7,3,768,0,32,2,1,7,1,1,-52,3,1738,18687,31,0,0 '
Received from ('fd00::200:0:0:5', 8765, 0, 0): b' 516,5,4,768,10,24,4,1,5,1,1,-52,0,356,6259,33,0,0 '
Received from ('fd00::200:0:0:15', 8765, 0, 0): b' 515,21,17,1536,0,6,2,7,5,1,1,-52,0,250,4272,8,0,0 '
Received from ('fd00::200:0:0:11', 8765, 0, 0): b' 516,17,13,1280,0,19,7,5,5,1,3,-52,1,972,11832,16,0,0 '
Received from ('fd00::200:0:0:4', 8765, 0, 0): b' 519,4,1,512,10,19,4,1,6,1,1,-66,10,3096,20975,34,0,0 '
Received from ('fd00::200:0:0:3', 8765, 0, 0): b' 519,3,1,512,10,25,4,2,7,1,1,-64,4,969,11564,33,0,0 '
Received from ('fd00::200:0:0:1', 5678, 0, 0): b' 521,1,0,256,0,6,0,0,4,0,0,0,10,2053,23043,421,0,0 '
Received from ('fd00::200:0:0:a', 8765, 0, 0): b' 521,10,7,1024,0,31,2,3,6,1,1,-70,2,868,12607,29,0,0 '
Received from ('fd00::200:0:0:8', 8765, 0, 0): b' 521,8,4,768,0,21,2,2,7,1,1,-52,8,2169,18243,30,0,0 '
Received from ('fd00::200:0:0:2', 8765, 0, 0): b' 522,2,1,512,0,24,4,1,5,1,1,-88,0,400,10781,34,0,0 '
Received from ('fd00::200:0:0:d', 8765, 0, 0): b' 522,13,8,1024,10,22,1,3,6,1,1,-70,5,1372,13030,26,0,0 '
Received from ('fd00::200:0:0:13', 8765, 0, 0): b' 520,19,16,1536,0,22,1,4,7,1,1,-70,0,252,4664,20,0,0 '
Received from ('fd00::200:0:0:e', 8765, 0, 0): b' 521,14,11,1280,0,19,1,3,6,1,1,-70,0,501,10530,23,0,0 '
Received from ('fd00::200:0:0:7', 8765, 0, 0): b' 524,7,3,768,0,32,2,1,7,1,1,-52,3,776,8932,32,0,0 '
Received from ('fd00::200:0:0:b', 8765, 0, 0): b' 523,11,8,1024,0,25,2,3,7,1,2,-70,1,599,10004,23,0,0 '
Received from ('fd00::200:0:0:f', 8765, 0, 0): b' 523,15,10,1280,0,15,3,8,7,1,2,-70,1,535,9582,22,0,0 '
Received from ('fd00::200:0:0:5', 8765, 0, 0): b' 523,5,4,768,0,24,4,1,5,1,1,-52,0,382,7546,34,0,0 '
Received from ('fd00::200:0:0:11', 8765, 0, 0): b' 522,17,13,1280,10,20,7,5,5,1,3,-52,1,539,6865,16,0,0 '
Received from ('fd00::200:0:0:15', 8765, 0, 0): b' 521,21,17,1536,0,7,2,7,5,1,1,-52,0,544,5836,8,0,0 '
Received from ('fd00::200:0:0:10', 8765, 0, 0): b' 523,16,13,1280,0,29,1,3,7,1,1,-70,2,1240,16080,24,0,0 '
Received from ('fd00::200:0:0:12', 8765, 0, 0): b' 525,18,15,1536,0,22,2,4,5,1,1,-70,0,775,10474,23,0,0 '
Received from ('fd00::200:0:0:1', 5678, 0, 0): b' 526,1,0,256,0,6,0,0,4,0,0,0,10,1258,10989,430,0,0 '
Received from ('fd00::200:0:0:14', 8765, 0, 0): b' 524,20,16,1536,0,18,2,5,6,1,1,-52,0,562,7791,18,0,0 '
Received from ('fd00::200:0:0:4', 8765, 0, 0): b' 529,4,1,512,0,19,4,1,6,1,1,-66,10,3440,22178,34,0,0 '
Received from ('fd00::200:0:0:2', 8765, 0, 0): b' 529,2,1,512,0,24,4,1,5,1,1,-88,0,395,8663,34,0,0 '
Received from ('fd00::200:0:0:e', 8765, 0, 0): b' 528,14,11,1280,0,19,1,3,6,1,1,-70,0,277,5837,23,0,0 '
Received from ('fd00::200:0:0:d', 8765, 0, 0): b' 529,13,8,1024,0,22,1,3,6,1,1,-70,5,1569,15270,26,0,0 '
Received from ('fd00::200:0:0:1', 5678, 0, 0): b' 531,1,0,256,0,6,0,0,4,0,0,0,10,607,8794,433,0,0 '
Received from ('fd00::200:0:0:3', 8765, 0, 0): b' 532,3,1,512,10,25,4,2,7,1,1,-64,4,1812,20154,34,0,0 '
Received from ('fd00::200:0:0:8', 8765, 0, 0): b' 530,8,4,768,0,21,2,2,7,1,1,-52,8,2734,20804,30,0,0 '
Received from ('fd00::200:0:0:a', 8765, 0, 0): b' 531,10,7,1024,10,31,2,3,6,1,1,-70,2,1098,14695,30,0,0 '
Received from ('fd00::200:0:0:12', 8765, 0, 0): b' 531,18,15,1536,0,22,2,4,5,1,1,-70,0,277,5184,23,0,0 '
Received from ('fd00::200:0:0:10', 8765, 0, 0): b' 531,16,13,1280,0,29,1,3,7,1,1,-70,2,862,14724,24,0,0 '
Received from ('fd00::200:0:0:f', 8765, 0, 0): b' 532,15,10,1280,0,15,3,8,7,1,2,-70,1,858,10882,23,0,0 '
Received from ('fd00::200:0:0:7', 8765, 0, 0): b' 534,7,3,768,0,32,2,1,7,1,1,-52,3,1368,15830,32,0,0 '
Received from ('fd00::200:0:0:b', 8765, 0, 0): b' 532,11,8,1024,0,25,2,3,7,1,2,-70,1,790,14508,24,0,0 '
Received from ('fd00::200:0:0:5', 8765, 0, 0): b' 533,5,4,768,0,24,4,1,5,1,1,-52,0,321,11566,34,0,0 '
Received from ('fd00::200:0:0:11', 8765, 0, 0): b' 531,17,13,1280,0,20,7,5,5,1,3,-52,1,826,11974,17,0,0 '
Received from ('fd00::200:0:0:4', 8765, 0, 0): b' 535,4,1,512,20,19,4,1,6,1,1,-66,10,1771,14090,35,0,0 '
Received from ('fd00::200:0:0:13', 8765, 0, 0): b' 532,19,16,1536,0,22,1,4,7,1,1,-70,0,501,10755,21,0,0 '
Received from ('fd00::200:0:0:e', 8765, 0, 0): b' 533,14,11,1280,0,20,1,3,6,1,1,-70,0,353,4329,23,0,0 '
Received from ('fd00::200:0:0:15', 8765, 0, 0): b' 531,21,17,1536,0,8,2,7,5,1,1,-52,0,673,9055,9,0,0 '
Received from ('fd00::200:0:0:1', 5678, 0, 0): b' 537,1,0,256,0,6,0,0,4,0,0,0,10,991,10865,437,0,0 '
Received from ('fd00::200:0:0:a', 8765, 0, 0): b' 537,10,7,1024,0,31,2,3,6,1,1,-70,2,723,9097,30,0,0 '
Received from ('fd00::200:0:0:10', 8765, 0, 0): b' 535,16,13,1280,10,29,1,3,7,1,1,-70,2,675,8277,25,0,0 '
Received from ('fd00::200:0:0:3', 8765, 0, 0): b' 538,3,1,512,20,25,4,2,7,1,1,-64,4,1161,10424,35,0,0 '
Received from ('fd00::200:0:0:d', 8765, 0, 0): b' 537,13,8,1024,10,22,1,3,6,1,1,-70,5,1458,14588,27,0,0 '
Received from ('fd00::200:0:0:14', 8765, 0, 0): b' 535,20,16,1536,0,18,2,5,6,1,1,-52,0,421,9797,18,0,0 '
Received from ('fd00::200:0:0:b', 8765, 0, 0): b' 537,11,8,1024,0,25,2,3,7,1,2,-70,1,570,7249,24,0,0 '
Received from ('fd00::200:0:0:f', 8765, 0, 0): b' 539,15,10,1280,0,15,3,8,7,1,2,-70,1,576,9105,23,0,0 '
Received from ('fd00::200:0:0:13', 8765, 0, 0): b' 537,19,16,1536,0,22,1,4,7,1,1,-70,0,277,5208,21,0,0 '
Received from ('fd00::200:0:0:11', 8765, 0, 0): b' 537,17,13,1280,10,20,7,5,5,1,3,-52,1,533,7316,17,0,0 '
Received from ('fd00::200:0:0:8', 8765, 0, 0): b' 541,8,4,768,20,21,2,2,7,1,1,-52,8,3086,20754,31,0,0 '
Received from ('fd00::200:0:0:7', 8765, 0, 0): b' 542,7,3,768,0,33,2,1,7,1,1,-52,3,1353,12468,33,0,0 '
Received from ('fd00::200:0:0:2', 8765, 0, 0): b' 541,2,1,512,0,24,4,1,5,1,1,-88,0,517,13706,35,0,0 '
Received from ('fd00::200:0:0:5', 8765, 0, 0): b' 541,5,4,768,10,24,4,1,5,1,1,-52,0,484,8997,35,0,0 '
Received from ('fd00::200:0:0:14', 8765, 0, 0): b' 540,20,16,1536,0,18,2,5,6,1,1,-52,0,332,5152,19,0,0 '
Received from ('fd00::200:0:0:4', 8765, 0, 0): b' 543,4,1,512,10,19,4,1,6,1,1,-66,10,3363,20143,35,0,0 '
Received from ('fd00::200:0:0:12', 8765, 0, 0): b' 542,18,15,1536,0,22,2,4,5,1,1,-70,0,501,10727,24,0,0 '
Received from ('fd00::200:0:0:15', 8765, 0, 0): b' 542,21,17,1536,0,8,2,7,5,1,1,-52,0,475,8844,10,0,0 '
Received from ('fd00::200:0:0:e', 8765, 0, 0): b' 542,14,11,1280,0,20,1,3,6,1,1,-70,0,505,8765,24,0,0 '
Received from ('fd00::200:0:0:8', 8765, 0, 0): b' 545,8,4,768,0,22,2,2,7,1,1,-52,8,1335,9917,31,0,0 '
Received from ('fd00::200:0:0:13', 8765, 0, 0): b' 543,19,16,1536,0,23,1,4,7,1,1,-70,0,439,5695,22,0,0 '
Received from ('fd00::200:0:0:a', 8765, 0, 0): b' 546,10,7,1024,0,31,2,3,6,1,1,-70,2,1093,13953,31,0,0 '
Received from ('fd00::200:0:0:d', 8765, 0, 0): b' 545,13,8,1024,0,23,1,3,6,1,1,-70,5,2030,17259,27,0,0 '
Received from ('fd00::200:0:0:10', 8765, 0, 0): b' 544,16,13,1280,0,29,1,3,7,1,1,-70,2,1291,17095,25,0,0 '
Received from ('fd00::200:0:0:2', 8765, 0, 0): b' 547,2,1,512,0,24,4,1,5,1,1,-88,0,274,6285,35,0,0 '
Received from ('fd00::200:0:0:3', 8765, 0, 0): b' 546,3,1,512,0,25,4,2,7,1,1,-64,4,1632,16140,35,0,0 '
Received from ('fd00::200:0:0:b', 8765, 0, 0): b' 545,11,8,1024,10,25,2,3,7,1,2,-70,1,616,11756,25,0,0 '
Received from ('fd00::200:0:0:f', 8765, 0, 0): b' 547,15,10,1280,0,15,3,8,7,1,2,-70,1,614,9322,24,0,0 '
Received from ('fd00::200:0:0:1', 5678, 0, 0): b' 547,1,0,256,0,6,0,0,4,0,0,0,10,2324,22417,452,0,0 '
Received from ('fd00::200:0:0:11', 8765, 0, 0): b' 546,17,13,1280,0,20,7,5,5,1,3,-52,1,707,10903,18,0,0 '
Received from ('fd00::200:0:0:8', 8765, 0, 0): b' 550,8,4,768,0,22,2,2,7,1,1,-52,8,1392,11209,31,0,0 '
Received from ('fd00::200:0:0:b', 8765, 0, 0): b' 549,11,8,1024,10,25,2,3,7,1,2,-70,1,361,6766,25,0,0 '
Received from ('fd00::200:0:0:2', 8765, 0, 0): b' 551,2,1,512,0,24,4,1,5,1,1,-88,0,324,5500,36,0,0 '
Received from ('fd00::200:0:0:5', 8765, 0, 0): b' 551,5,4,768,10,24,4,1,5,1,1,-52,0,350,11374,36,0,0 '
Received from ('fd00::200:0:0:7', 8765, 0, 0): b' 553,7,3,768,10,33,2,1,7,1,1,-52,3,1146,17228,33,0,0 '
Received from ('fd00::200:0:0:4', 8765, 0, 0): b' 553,4,1,512,40,19,4,1,6,1,1,-66,10,3041,21794,36,0,0 '
Received from ('fd00::200:0:0:12', 8765, 0, 0): b' 551,18,15,1536,0,22,2,4,5,1,1,-70,0,454,8537,25,0,0 '
Received from ('fd00::200:0:0:13', 8765, 0, 0): b' 549,19,16,1536,10,23,1,4,7,1,1,-70,0,252,5270,22,0,0 '
Received from ('fd00::200:0:0:1', 5678, 0, 0): b' 554,1,0,256,0,6,0,0,4,0,0,0,10,1169,12210,461,0,0 '
Received from ('fd00::200:0:0:e', 8765, 0, 0): b' 550,14,11,1280,0,20,1,3,6,1,1,-70,0,356,7084,25,0,0 '
Received from ('fd00::200:0:0:d', 8765, 0, 0): b' 551,13,8,1024,0,23,1,3,6,1,1,-70,5,1061,11730,28,0,0 '
Received from ('fd00::200:0:0:3', 8765, 0, 0): b' 554,3,1,512,0,26,4,2,7,1,1,-64,4,1511,13161,36,0,0 '
Received from ('fd00::200:0:0:14', 8765, 0, 0): b' 551,20,16,1536,0,19,2,5,6,1,1,-52,0,980,10969,19,0,0 '
Received from ('fd00::200:0:0:11', 8765, 0, 0): b' 553,17,13,1280,0,20,7,5,5,1,3,-52,1,333,6556,18,0,0 '
Received from ('fd00::200:0:0:f', 8765, 0, 0): b' 555,15,10,1280,0,15,3,8,7,1,2,-70,1,803,11191,25,0,0 '
Received from ('fd00::200:0:0:a', 8765, 0, 0): b' 556,10,7,1024,10,31,2,3,6,1,1,-70,2,1053,15882,32,0,0 '
Received from ('fd00::200:0:0:15', 8765, 0, 0): b' 553,21,17,1536,0,8,2,7,5,1,1,-52,0,597,10646,11,0,0 '
Received from ('fd00::200:0:0:4', 8765, 0, 0): b' 557,4,1,512,10,19,4,1,6,1,1,-66,10,1811,11181,36,0,0 '
Received from ('fd00::200:0:0:e', 8765, 0, 0): b' 555,14,11,1280,0,20,1,3,6,1,1,-70,0,252,4673,25,0,0 '
Received from ('fd00::200:0:0:10', 8765, 0, 0): b' 556,16,13,1280,0,29,1,3,7,1,1,-70,2,1345,21375,26,0,0 '
Received from ('fd00::200:0:0:5', 8765, 0, 0): b' 557,5,4,768,10,24,4,1,5,1,1,-52,0,456,7546,36,0,0 '
Received from ('fd00::200:0:0:b', 8765, 0, 0): b' 558,11,8,1024,0,25,2,3,7,1,2,-70,1,976,13924,26,0,0 '
Received from ('fd00::200:0:0:8', 8765, 0, 0): b' 559,8,4,768,10,22,2,2,7,1,1,-52,8,2999,22197,32,0,0 '
Received from ('fd00::200:0:0:1', 5678, 0, 0): b' 560,1,0,256,0,6,0,0,4,0,0,0,10,1092,12581,467,0,0 '
Received from ('fd00::200:0:0:13', 8765, 0, 0): b' 558,19,16,1536,0,23,1,4,7,1,1,-70,0,381,8355,23,0,0 '
Received from ('fd00::200:0:0:14', 8765, 0, 0): b' 559,20,16,1536,0,19,2,5,6,1,1,-52,0,404,6975,20,0,0 '
Received from ('fd00::200:0:0:2', 8765, 0, 0): b' 561,2,1,512,10,24,4,1,5,1,1,-88,0,297,10625,36,0,0 '
Received from ('fd00::200:0:0:3', 8765, 0, 0): b' 561,3,1,512,0,26,4,2,7,1,1,-64,4,863,10391,36,0,0 '
Received from ('fd00::200:0:0:7', 8765, 0, 0): b' 561,7,3,768,0,33,2,1,7,1,1,-52,3,1326,14986,34,0,0 '
Received from ('fd00::200:0:0:11', 8765, 0, 0): b' 560,17,13,1280,0,20,7,5,5,1,3,-52,1,803,9241,19,0,0 '
Received from ('fd00::200:0:0:e', 8765, 0, 0): b' 561,14,11,1280,0,20,1,3,6,1,1,-70,0,276,5198,25,0,0 '
Received from ('fd00::200:0:0:d', 8765, 0, 0): b' 562,13,8,1024,0,23,1,3,6,1,1,-70,5,2259,22026,28,0,0 '
Received from ('fd00::200:0:0:4', 8765, 0, 0): b' 564,4,1,512,10,19,4,1,6,1,1,-66,10,2198,15199,37,0,0 '
Received from ('fd00::200:0:0:12', 8765, 0, 0): b' 563,18,15,1536,0,22,2,4,5,1,1,-70,0,511,10843,25,0,0 '
Received from ('fd00::200:0:0:5', 8765, 0, 0): b' 563,5,4,768,0,24,4,1,5,1,1,-52,0,274,6853,36,0,0 '
Received from ('fd00::200:0:0:15', 8765, 0, 0): b' 564,21,17,1536,0,8,2,7,5,1,1,-52,0,518,10122,11,0,0 '
Received from ('fd00::200:0:0:b', 8765, 0, 0): b' 565,11,8,1024,0,25,2,3,7,1,2,-70,1,622,10253,26,0,0 '
Received from ('fd00::200:0:0:a', 8765, 0, 0): b' 567,10,7,1024,0,31,2,3,6,1,1,-70,2,952,15794,32,0,0 '
Received from ('fd00::200:0:0:2', 8765, 0, 0): b' 567,2,1,512,0,25,4,1,5,1,1,-88,0,572,7846,37,0,0 '
Received from ('fd00::200:0:0:f', 8765, 0, 0): b' 567,15,10,1280,10,15,3,8,7,1,2,-70,1,788,13890,25,0,0 '
Received from ('fd00::200:0:0:13', 8765, 0, 0): b' 567,19,16,1536,0,23,1,4,7,1,1,-70,0,397,8292,23,0,0 '
Received from ('fd00::200:0:0:5', 8765, 0, 0): b' 570,5,4,768,10,24,4,1,5,1,1,-52,0,357,7484,37,0,0 '
Received from ('fd00::200:0:0:7', 8765, 0, 0): b' 570,7,3,768,0,33,2,1,7,1,1,-52,3,1300,14742,35,0,0 '
Received from ('fd00::200:0:0:10', 8765, 0, 0): b' 569,16,13,1280,0,30,1,3,7,1,1,-70,2,1599,21625,27,0,0 '
Received from ('fd00::200:0:0:8', 8765, 0, 0): b' 571,8,4,768,0,22,2,2,7,1,1,-52,8,3035,23852,33,0,0 '
Received from ('fd00::200:0:0:1', 5678, 0, 0): b' 572,1,0,256,0,6,0,0,4,0,0,0,10,2294,23545,483,0,0 '
Received from ('fd00::200:0:0:11', 8765, 0, 0): b' 571,17,13,1280,0,20,7,5,5,1,3,-52,1,702,12769,19,0,0 '
Received from ('fd00::200:0:0:3', 8765, 0, 0): b' 572,3,1,512,10,26,4,2,7,1,1,-64,4,1781,18523,37,0,0 '
Received from ('fd00::200:0:0:14', 8765, 0, 0): b' 572,20,16,1536,0,19,2,5,6,1,1,-52,0,501,11126,21,0,0 '
Received from ('fd00::200:0:0:4', 8765, 0, 0): b' 573,4,1,512,10,20,4,1,6,1,1,-66,10,3134,20229,37,0,0 '
Received from ('fd00::200:0:0:b', 8765, 0, 0): b' 572,11,8,1024,0,25,2,3,7,1,2,-70,1,472,9853,27,0,0 '
Received from ('fd00::200:0:0:d', 8765, 0, 0): b' 572,13,8,1024,0,23,1,3,6,1,1,-70,5,1973,19486,29,0,0 '
Received from ('fd00::200:0:0:a', 8765, 0, 0): b' 574,10,7,1024,0,31,2,3,6,1,1,-70,2,829,10492,33,0,0 '
Received from ('fd00::200:0:0:e', 8765, 0, 0): b' 572,14,11,1280,0,21,1,3,6,1,1,-70,0,608,10934,26,0,0 '
Received from ('fd00::200:0:0:12', 8765, 0, 0): b' 573,18,15,1536,0,22,2,4,5,1,1,-70,0,381,9111,26,0,0 '
Received from ('fd00::200:0:0:5', 8765, 0, 0): b' 574,5,4,768,0,24,4,1,5,1,1,-52,0,274,5032,37,0,0 '
Received from ('fd00::200:0:0:f', 8765, 0, 0): b' 574,15,10,1280,0,15,3,8,7,1,2,-70,1,628,8832,26,0,0 '
Received from ('fd00::200:0:0:10', 8765, 0, 0): b' 574,16,13,1280,10,30,1,3,7,1,1,-70,2,606,9225,27,0,0 '
Received from ('fd00::200:0:0:15', 8765, 0, 0): b' 575,21,17,1536,0,8,2,7,5,1,1,-52,0,477,8749,12,0,0 '
Received from ('fd00::200:0:0:13', 8765, 0, 0): b' 574,19,16,1536,0,23,1,4,7,1,1,-70,0,332,6108,24,0,0 '
Received from ('fd00::200:0:0:2', 8765, 0, 0): b' 576,2,1,512,0,25,4,1,5,1,1,-88,0,325,10094,37,0,0 '
Received from ('fd00::200:0:0:7', 8765, 0, 0): b' 577,7,3,768,0,33,2,1,7,1,1,-52,3,874,10348,35,0,0 '
Received from ('fd00::200:0:0:1', 5678, 0, 0): b' 578,1,0,256,0,6,0,0,4,0,0,0,10,1085,11910,486,0,0 '
Received from ('fd00::200:0:0:8', 8765, 0, 0): b' 578,8,4,768,0,22,2,2,7,1,1,-52,8,1848,15264,33,0,0 '
Received from ('fd00::200:0:0:a', 8765, 0, 0): b' 580,10,7,1024,0,31,2,3,6,1,1,-70,2,650,9583,33,0,0 '
Received from ('fd00::200:0:0:11', 8765, 0, 0): b' 579,17,13,1280,10,20,7,5,5,1,3,-52,1,738,10043,20,0,0 '
Received from ('fd00::200:0:0:3', 8765, 0, 0): b' 581,3,1,512,10,26,4,2,7,1,1,-64,4,1283,13990,37,0,0 '
Received from ('fd00::200:0:0:12', 8765, 0, 0): b' 579,18,15,1536,0,22,2,4,5,1,1,-70,0,276,5647,26,0,0 '
Received from ('fd00::200:0:0:15', 8765, 0, 0): b' 578,21,17,1536,0,8,2,7,5,1,1,-52,0,251,3898,12,0,0 '
Received from ('fd00::200:0:0:10', 8765, 0, 0): b' 580,16,13,1280,0,30,1,3,7,1,1,-70,2,646,10514,28,0,0 '
Received from ('fd00::200:0:0:13', 8765, 0, 0): b' 580,19,16,1536,0,23,1,4,7,1,1,-70,0,300,5956,24,0,0 '
Received from ('fd00::200:0:0:1', 5678, 0, 0): b' 582,1,0,256,0,6,0,0,4,0,0,0,10,793,9021,492,0,0 '
Received from ('fd00::200:0:0:4', 8765, 0, 0): b' 583,4,1,512,30,20,4,1,6,1,1,-66,10,3383,23472,38,0,0 '
Received from ('fd00::200:0:0:d', 8765, 0, 0): b' 581,13,8,1024,10,23,1,3,6,1,1,-70,5,2022,18101,30,0,0 '
Received from ('fd00::200:0:0:7', 8765, 0, 0): b' 584,7,3,768,30,33,2,1,7,1,1,-52,3,810,9896,36,0,0 '
Received from ('fd00::200:0:0:14', 8765, 0, 0): b' 580,20,16,1536,0,19,2,5,6,1,1,-52,0,422,8164,21,0,0 '
Received from ('fd00::200:0:0:2', 8765, 0, 0): b' 584,2,1,512,0,25,4,1,5,1,1,-88,0,470,9262,38,0,0 '
Received from ('fd00::200:0:0:b', 8765, 0, 0): b' 582,11,8,1024,10,25,2,3,7,1,2,-70,1,827,15761,27,0,0 '
Received from ('fd00::200:0:0:e', 8765, 0, 0): b' 581,14,11,1280,10,21,1,3,6,1,1,-70,0,454,8276,27,0,0 '
Received from ('fd00::200:0:0:11', 8765, 0, 0): b' 584,17,13,1280,0,20,7,5,5,1,3,-52,1,571,6840,20,0,0 '
Received from ('fd00::200:0:0:f', 8765, 0, 0): b' 585,15,10,1280,10,16,3,8,7,1,2,-70,1,962,13176,27,0,0 '
Received from ('fd00::200:0:0:5', 8765, 0, 0): b' 585,5,4,768,0,25,4,1,5,1,1,-52,0,637,12885,38,0,0 '
Received from ('fd00::200:0:0:12', 8765, 0, 0): b' 585,18,15,1536,0,22,2,4,5,1,1,-70,0,332,5327,27,0,0 '
Received from ('fd00::200:0:0:e', 8765, 0, 0): b' 585,14,11,1280,0,21,1,3,6,1,1,-70,0,305,4032,27,0,0 '
Received from ('fd00::200:0:0:b', 8765, 0, 0): b' 587,11,8,1024,0,25,2,3,7,1,2,-70,1,656,7363,28,0,0 '
Received from ('fd00::200:0:0:2', 8765, 0, 0): b' 588,2,1,512,0,26,4,1,5,1,1,-88,0,259,5062,38,0,0 '
Received from ('fd00::200:0:0:1', 5678, 0, 0): b' 589,1,0,256,0,6,0,0,4,0,0,0,10,1222,12506,500,0,0 '
Received from ('fd00::200:0:0:3', 8765, 0, 0): b' 590,3,1,512,0,26,4,2,7,1,1,-64,4,1682,15627,38,0,0 '
Received from ('fd00::200:0:0:8', 8765, 0, 0): b' 590,8,4,768,10,22,2,2,7,1,1,-52,8,3471,25612,34,0,0 '
Received from ('fd00::200:0:0:13', 8765, 0, 0): b' 588,19,16,1536,0,23,1,4,7,1,1,-70,0,453,7451,25,0,0 '
Received from ('fd00::200:0:0:15', 8765, 0, 0): b' 588,21,17,1536,0,9,2,7,5,1,1,-52,0,690,9337,13,0,0 '
Received from ('fd00::200:0:0:a', 8765, 0, 0): b' 591,10,7,1024,0,32,2,3,6,1,1,-70,2,1588,16758,34,0,0 '
Received from ('fd00::200:0:0:10', 8765, 0, 0): b' 589,16,13,1280,0,30,1,3,7,1,1,-70,2,1255,16772,28,0,0 '
Received from ('fd00::200:0:0:4', 8765, 0, 0): b' 591,4,1,512,20,20,4,1,6,1,1,-66,10,2842,19153,38,0,0 '
Received from ('fd00::200:0:0:11', 8765, 0, 0): b' 589,17,13,1280,0,20,7,5,5,1,3,-52,1,536,6766,21,0,0 '
Received from ('fd00::200:0:0:12', 8765, 0, 0): b' 592,18,15,1536,0,22,2,4,5,1,1,-70,0,373,5672,27,0,0 '
Received from ('fd00::200:0:0:d', 8765, 0, 0): b' 592,13,8,1024,0,24,1,3,6,1,1,-70,5,2027,19323,30,0,0 '
Received from ('fd00::200:0:0:14', 8765, 0, 0): b' 591,20,16,1536,0,19,2,5,6,1,1,-52,0,477,10026,22,0,0 '
Received from ('fd00::200:0:0:e', 8765, 0, 0): b' 591,14,11,1280,0,21,1,3,6,1,1,-70,0,193,4895,27,0,0 '
Received from ('fd00::200:0:0:7', 8765, 0, 0): b' 594,7,3,768,0,33,2,1,7,1,1,-52,3,1656,17057,36,0,0 '
Received from ('fd00::200:0:0:f', 8765, 0, 0): b' 595,15,10,1280,0,16,3,8,7,1,2,-70,1,923,12252,27,0,0 '
Received from ('fd00::200:0:0:d', 8765, 0, 0): b' 596,13,8,1024,10,24,1,3,6,1,1,-70,5,717,9017,31,0,0 '
Received from ('fd00::200:0:0:8', 8765, 0, 0): b' 597,8,4,768,0,22,2,2,7,1,1,-52,8,2065,15312,34,0,0 '
Received from ('fd00::200:0:0:12', 8765, 0, 0): b' 597,18,15,1536,0,22,2,4,5,1,1,-70,0,211,4240,28,0,0 '
Received from ('fd00::200:0:0:1', 5678, 0, 0): b' 597,1,0,256,0,6,0,0,4,0,0,0,10,1533,16169,508,0,0 '
Received from ('fd00::200:0:0:2', 8765, 0, 0): b' 598,2,1,512,0,26,4,1,5,1,1,-88,0,521,11467,39,0,0 '
Received from ('fd00::200:0:0:5', 8765, 0, 0): b' 597,5,4,768,0,25,4,1,5,1,1,-52,0,527,13919,39,0,0 '
Received from ('fd00::200:0:0:11', 8765, 0, 0): b' 595,17,13,1280,0,21,7,5,5,1,3,-52,1,402,7120,21,0,0 '
Received from ('fd00::200:0:0:14', 8765, 0, 0): b' 596,20,16,1536,0,20,2,5,6,1,1,-52,0,354,4721,22,0,0 '
Received from ('fd00::200:0:0:a', 8765, 0, 0): b' 599,10,7,1024,10,32,2,3,6,1,1,-70,2,1170,12909,35,0,0 '
Received from ('fd00::200:0:0:4', 8765, 0, 0): b' 599,4,1,512,30,20,4,1,6,1,1,-66,10,2896,19017,39,0,0 '
Received from ('fd00::200:0:0:15', 8765, 0, 0): b' 596,21,17,1536,0,9,2,7,5,1,1,-52,0,452,8117,14,0,0 '
Received from ('fd00::200:0:0:3', 8765, 0, 0): b' 600,3,1,512,0,27,4,2,7,1,1,-64,4,2133,17965,39,0,0 '
Received from ('fd00::200:0:0:b', 8765, 0, 0): b' 598,11,8,1024,10,26,2,3,7,1,2,-70,1,975,15400,28,0,0 '
Received from ('fd00::200:0:0:13', 8765, 0, 0): b' 598,19,16,1536,0,23,1,4,7,1,1,-70,0,300,8351,25,0,0 '
Received from ('fd00::200:0:0:10', 8765, 0, 0): b' 600,16,13,1280,0,30,1,3,7,1,1,-70,2,1461,20870,29,0,0 '
Received from ('fd00::200:0:0:e', 8765, 0, 0): b' 600,14,11,1280,0,21,1,3,6,1,1,-70,0,477,8961,28,0,0 '
Received from ('fd00::200:0:0:d', 8765, 0, 0): b' 603,13,8,1024,0,24,1,3,6,1,1,-70,5,1537,12650,31,0,0 '
Received from ('fd00::200:0:0:f', 8765, 0, 0): b' 604,15,10,1280,0,17,3,8,7,1,2,-70,1,842,10563,28,0,0 '
Received from ('fd00::200:0:0:11', 8765, 0, 0): b' 602,17,13,1280,0,22,7,5,5,1,3,-52,1,863,8672,21,0,0 '
Received from ('fd00::200:0:0:4', 8765, 0, 0): b' 603,4,1,512,0,20,4,1,6,1,1,-66,10,1841,11157,39,0,0 '
Received from ('fd00::200:0:0:5', 8765, 0, 0): b' 604,5,4,768,0,29,4,1,5,1,1,-52,0,730,8472,39,0,0 '
Received from ('fd00::200:0:0:13', 8765, 0, 0): b' 604,19,16,1536,0,24,1,4,7,1,1,-70,0,439,5561,26,0,0 '
Received from ('fd00::200:0:0:7', 8765, 0, 0): b' 605,7,3,768,0,34,2,1,7,1,1,-52,3,1700,17918,37,0,0 '
Received from ('fd00::200:0:0:1', 5678, 0, 0): b' 605,1,0,256,0,6,0,0,4,0,0,0,10,1737,17611,519,0,0 '
Received from ('fd00::200:0:0:12', 8765, 0, 0): b' 606,18,15,1536,0,23,2,4,5,1,1,-70,0,528,8635,28,0,0 '
Received from ('fd00::200:0:0:2', 8765, 0, 0): b' 607,2,1,512,10,29,4,1,5,1,1,-88,0,791,11294,40,0,0 '
Received from ('fd00::200:0:0:3', 8765, 0, 0): b' 607,3,1,512,0,28,4,2,7,1,1,-64,4,981,12140,39,0,0 '
Received from ('fd00::200:0:0:a', 8765, 0, 0): b' 607,10,7,1024,0,33,2,3,6,1,1,-70,2,1101,14409,35,0,0 '
Received from ('fd00::200:0:0:8', 8765, 0, 0): b' 607,8,4,768,0,23,2,2,7,1,1,-52,8,3035,23228,35,0,0 '
Received from ('fd00::200:0:0:14', 8765, 0, 0): b' 607,20,16,1536,10,22,2,5,6,1,1,-52,0,608,9753,23,0,0 '
Received from ('fd00::200:0:0:11', 8765, 0, 0): b' 607,17,13,1280,10,23,7,5,5,1,3,-52,1,528,6133,22,0,0 '
Received from ('fd00::200:0:0:5', 8765, 0, 0): b' 609,5,4,768,0,30,4,1,5,1,1,-52,0,380,5689,39,0,0 '
Received from ('fd00::200:0:0:4', 8765, 0, 0): b' 609,4,1,512,30,23,4,1,6,1,1,-66,10,1882,13335,40,0,0 '
Received from ('fd00::200:0:0:15', 8765, 0, 0): b' 606,21,17,1536,0,10,2,7,5,1,1,-52,0,527,9090,14,0,0 '
Received from ('fd00::200:0:0:12', 8765, 0, 0): b' 610,18,15,1536,0,23,2,4,5,1,1,-70,0,252,4051,28,0,0 '
Received from ('fd00::200:0:0:f', 8765, 0, 0): b' 612,15,10,1280,0,18,3,8,7,1,2,-70,1,935,10179,28,0,0 '
Received from ('fd00::200:0:0:b', 8765, 0, 0): b' 609,11,8,1024,0,29,2,3,7,1,2,-70,1,1285,17978,29,0,0 '
Received from ('fd00::200:0:0:7', 8765, 0, 0): b' 610,7,3,768,20,35,2,1,7,1,1,-52,3,1133,10848,37,0,0 '
Received from ('fd00::200:0:0:e', 8765, 0, 0): b' 608,14,11,1280,0,22,1,3,6,1,1,-70,0,560,7278,29,0,0 '
Received from ('fd00::200:0:0:13', 8765, 0, 0): b' 609,19,16,1536,0,26,1,4,7,1,1,-70,0,556,5849,26,0,0 '
Received from ('fd00::200:0:0:a', 8765, 0, 0): b' 613,10,7,1024,0,35,2,3,6,1,1,-70,2,907,8332,35,0,0 '
Received from ('fd00::200:0:0:5', 8765, 0, 0): b' 613,5,4,768,0,33,4,1,5,1,1,-52,0,626,5584,40,0,0 '
Received from ('fd00::200:0:0:10', 8765, 0, 0): b' 611,16,13,1280,0,31,1,3,7,1,1,-70,2,1543,19151,30,0,0 '
Received from ('fd00::200:0:0:14', 8765, 0, 0): b' 611,20,16,1536,0,23,2,5,6,1,1,-52,0,467,4291,23,0,0 '
Received from ('fd00::200:0:0:d', 8765, 0, 0): b' 613,13,8,1024,0,27,1,3,6,1,1,-70,5,2864,23482,32,0,0 '
Received from ('fd00::200:0:0:13', 8765, 0, 0): b' 614,19,16,1536,0,27,1,4,7,1,1,-70,0,359,4317,26,0,0 '
Received from ('fd00::200:0:0:1', 5678, 0, 0): b' 615,1,0,256,0,6,0,0,4,0,0,0,10,2285,21772,531,0,0 '
Received from ('fd00::200:0:0:11', 8765, 0, 0): b' 615,17,13,1280,0,24,7,5,5,1,3,-52,1,808,9234,22,0,0 '
Received from ('fd00::200:0:0:10', 8765, 0, 0): b' 616,16,13,1280,10,32,1,3,7,1,1,-70,2,969,8858,30,0,0 '
Received from ('fd00::200:0:0:2', 8765, 0, 0): b' 617,2,1,512,0,31,4,1,5,1,1,-88,0,658,11961,40,0,0 '
Received from ('fd00::200:0:0:3', 8765, 0, 0): b' 618,3,1,512,0,32,4,2,7,1,1,-64,4,2362,19096,40,0,0 '
Received from ('fd00::200:0:0:14', 8765, 0, 0): b' 616,20,16,1536,0,24,2,5,6,1,1,-52,0,415,4719,24,0,0 '
Received from ('fd00::200:0:0:a', 8765, 0, 0): b' 618,10,7,1024,0,36,2,3,6,1,1,-70,2,671,8446,36,0,0 '
Received from ('fd00::200:0:0:8', 8765, 0, 0): b' 617,8,4,768,0,25,2,2,7,1,1,-52,8,3807,23845,36,0,0 '
Received from ('fd00::200:0:0:4', 8765, 0, 0): b' 619,4,1,512,20,25,4,1,6,1,1,-66,10,4026,23893,40,0,0 '
Received from ('fd00::200:0:0:e', 8765, 0, 0): b' 618,14,11,1280,0,24,1,3,6,1,1,-70,0,514,7474,29,0,0 '
Received from ('fd00::200:0:0:7', 8765, 0, 0): b' 619,7,3,768,0,36,2,1,7,1,1,-52,3,1462,15088,38,0,0 '
Received from ('fd00::200:0:0:13', 8765, 0, 0): b' 618,19,16,1536,0,29,1,4,7,1,1,-70,0,522,4752,27,0,0 '
Received from ('fd00::200:0:0:15', 8765, 0, 0): b' 618,21,17,1536,0,13,2,7,5,1,1,-52,0,822,10709,15,0,0 '
Received from ('fd00::200:0:0:12', 8765, 0, 0): b' 618,18,15,1536,0,26,2,4,5,1,1,-70,0,701,9104,29,0,0 '
Received from ('fd00::200:0:0:f', 8765, 0, 0): b' 619,15,10,1280,0,19,3,8,7,1,2,-70,1,1048,12477,29,0,0 '
Received from ('fd00::200:0:0:b', 8765, 0, 0): b' 621,11,8,1024,0,32,2,3,7,1,2,-70,1,1366,17648,30,0,0 '
Received from ('fd00::200:0:0:3', 8765, 0, 0): b' 622,3,1,512,0,35,4,2,7,1,1,-64,4,1105,7593,40,0,0 '
Received from ('fd00::200:0:0:10', 8765, 0, 0): b' 622,16,13,1280,0,33,1,3,7,1,1,-70,2,1104,12467,30,0,0 '
Received from ('fd00::200:0:0:e', 8765, 0, 0): b' 622,14,11,1280,0,25,1,3,6,1,1,-70,0,359,4203,29,0,0 '
Received from ('fd00::200:0:0:1', 5678, 0, 0): b' 623,1,0,256,0,6,0,0,4,0,0,0,10,1648,15912,537,0,0 '
Received from ('fd00::200:0:0:11', 8765, 0, 0): b' 622,17,13,1280,0,24,7,5,5,1,3,-52,1,660,8436,23,0,0 '
Received from ('fd00::200:0:0:4', 8765, 0, 0): b' 624,4,1,512,20,26,4,1,6,1,1,-66,10,1910,12161,41,0,0 '
Received from ('fd00::200:0:0:d', 8765, 0, 0): b' 622,13,8,1024,0,28,1,3,6,1,1,-70,5,2241,19646,32,0,0 '
Received from ('fd00::200:0:0:5', 8765, 0, 0): b' 623,5,4,768,10,38,4,1,5,1,1,-52,0,1051,14302,40,0,0 '
Received from ('fd00::200:0:0:7', 8765, 0, 0): b' 625,7,3,768,10,36,3,1,7,1,1,-52,3,852,9870,38,0,0 '
Received from ('fd00::200:0:0:8', 8765, 0, 0): b' 625,8,4,768,0,28,2,2,7,1,1,-52,8,2607,18829,36,0,0 '
Received from ('fd00::200:0:0:15', 8765, 0, 0): b' 625,21,17,1536,10,15,2,7,5,1,1,-52,0,378,5764,15,0,0 '
Received from ('fd00::200:0:0:f', 8765, 0, 0): b' 624,15,10,1280,10,21,3,8,7,1,2,-70,1,673,7128,29,0,0 '
Received from ('fd00::200:0:0:11', 8765, 0, 0): b' 625,17,13,1280,0,24,7,5,5,1,3,-52,1,482,5358,23,0,0 '
Received from ('fd00::200:0:0:2', 8765, 0, 0): b' 627,2,1,512,0,32,4,1,5,1,1,-88,0,504,12544,41,0,0 '
Received from ('fd00::200:0:0:a', 8765, 0, 0): b' 625,10,7,1024,0,37,2,3,6,1,1,-70,2,1106,12808,36,0,0 '
Received from ('fd00::200:0:0:10', 8765, 0, 0): b' 626,16,13,1280,10,34,1,3,7,1,1,-70,2,751,10082,31,0,0 '
Received from ('fd00::200:0:0:12', 8765, 0, 0): b' 627,18,15,1536,0,28,2,4,5,1,1,-70,0,667,7902,30,0,0 '
Received from ('fd00::200:0:0:14', 8765, 0, 0): b' 627,20,16,1536,0,27,2,5,6,1,1,-52,0,645,9922,24,0,0 '
Received from ('fd00::200:0:0:b', 8765, 0, 0): b' 629,11,8,1024,0,35,2,3,7,1,2,-70,1,1126,13093,30,0,0 '
Received from ('fd00::200:0:0:13', 8765, 0, 0): b' 628,19,16,1536,0,34,1,4,7,1,1,-70,0,980,10987,27,0,0 '
Received from ('fd00::200:0:0:d', 8765, 0, 0): b' 630,13,8,1024,0,29,1,3,6,1,1,-70,5,1694,13460,33,0,0 '
Received from ('fd00::200:0:0:f', 8765, 0, 0): b' 629,15,10,1280,0,23,3,8,7,1,2,-70,1,697,6744,30,0,0 '
Received from ('fd00::200:0:0:14', 8765, 0, 0): b' 631,20,16,1536,0,29,2,5,6,1,1,-52,0,546,5599,25,0,0 '
Received from ('fd00::200:0:0:5', 8765, 0, 0): b' 631,5,4,768,10,39,4,1,5,1,1,-52,0,491,9576,41,0,0 '
Received from ('fd00::200:0:0:2', 8765, 0, 0): b' 632,2,1,512,0,32,4,1,5,1,1,-88,0,250,6075,41,0,0 '
Received from ('fd00::200:0:0:7', 8765, 0, 0): b' 632,7,3,768,0,36,3,1,7,1,1,-52,3,1422,12763,39,0,0 '
Received from ('fd00::200:0:0:1', 5678, 0, 0): b' 632,1,0,256,0,6,0,0,4,0,0,0,10,2292,20236,551,0,0 '
Received from ('fd00::200:0:0:10', 8765, 0, 0): b' 632,16,13,1280,0,35,1,3,7,1,1,-70,2,1231,12080,31,0,0 '
Received from ('fd00::200:0:0:3', 8765, 0, 0): b' 633,3,1,512,0,42,4,2,7,1,1,-64,4,3027,22125,41,0,0 '
Received from ('fd00::200:0:0:e', 8765, 0, 0): b' 633,14,11,1280,0,29,1,3,6,1,1,-70,0,999,11516,30,0,0 '
Received from ('fd00::200:0:0:15', 8765, 0, 0): b' 633,21,17,1536,0,16,2,7,5,1,1,-52,0,668,8456,16,0,0 '
Received from ('fd00::200:0:0:8', 8765, 0, 0): b' 635,8,4,768,0,32,2,2,7,1,1,-52,8,3481,22031,37,0,0 '
Received from ('fd00::200:0:0:4', 8765, 0, 0): b' 636,4,1,512,0,27,4,1,6,1,1,-66,10,4701,29112,41,0,0 '
Received from ('fd00::200:0:0:a', 8765, 0, 0): b' 636,10,7,1024,20,43,2,3,6,1,1,-70,2,1729,17722,37,0,0 '
Received from ('fd00::200:0:0:14', 8765, 0, 0): b' 635,20,16,1536,0,30,2,5,6,1,1,-52,0,359,4113,25,0,0 '
Received from ('fd00::200:0:0:12', 8765, 0, 0): b' 635,18,15,1536,0,33,2,4,5,1,1,-70,0,891,8714,30,0,0 '
Received from ('fd00::200:0:0:11', 8765, 0, 0): b' 636,17,13,1280,10,28,7,5,5,1,3,-52,1,1242,14249,24,0,0 '
Received from ('fd00::200:0:0:b', 8765, 0, 0): b' 637,11,8,1024,0,36,2,3,7,1,2,-70,1,918,13328,31,0,0 '
Received from ('fd00::200:0:0:7', 8765, 0, 0): b' 638,7,3,768,10,38,3,1,7,1,1,-52,3,1005,9583,39,0,0 '
Received from ('fd00::200:0:0:f', 8765, 0, 0): b' 637,15,10,1280,0,28,3,8,7,1,2,-70,1,1205,10985,30,0,0 '
Received from ('fd00::200:0:0:8', 8765, 0, 0): b' 639,8,4,768,0,33,2,2,7,1,1,-52,8,1094,8493,37,0,0 '
Received from ('fd00::200:0:0:5', 8765, 0, 0): b' 638,5,4,768,10,42,4,1,5,1,1,-52,0,609,8790,41,0,0 '
Received from ('fd00::200:0:0:d', 8765, 0, 0): b' 640,13,8,1024,10,30,1,3,6,1,1,-70,5,2138,20755,34,0,0 '
Received from ('fd00::200:0:0:1', 5678, 0, 0): b' 640,1,0,256,0,6,0,0,4,0,0,0,10,1417,15428,557,0,0 '
Received from ('fd00::200:0:0:12', 8765, 0, 0): b' 640,18,15,1536,0,34,2,4,5,1,1,-70,0,318,4340,31,0,0 '
Received from ('fd00::200:0:0:2', 8765, 0, 0): b' 640,2,1,512,0,34,4,1,5,1,1,-88,0,707,10632,42,0,0 '
Received from ('fd00::200:0:0:3', 8765, 0, 0): b' 641,3,1,512,0,44,4,2,7,1,1,-64,4,1541,13658,42,0,0 '
Received from ('fd00::200:0:0:13', 8765, 0, 0): b' 640,19,16,1536,0,35,1,4,7,1,1,-70,0,603,11054,28,0,0 '
Received from ('fd00::200:0:0:11', 8765, 0, 0): b' 641,17,13,1280,0,29,7,5,5,1,3,-52,1,527,6276,24,0,0 '
Received from ('fd00::200:0:0:4', 8765, 0, 0): b' 643,4,1,512,20,30,4,1,6,1,1,-66,10,2925,19034,42,0,0 '
Received from ('fd00::200:0:0:10', 8765, 0, 0): b' 643,16,13,1280,0,38,1,3,7,1,1,-70,2,1543,19934,32,0,0 '
Received from ('fd00::200:0:0:f', 8765, 0, 0): b' 642,15,10,1280,10,29,3,8,7,1,2,-70,1,736,6930,31,0,0 '
Received from ('fd00::200:0:0:b', 8765, 0, 0): b' 645,11,8,1024,10,38,2,3,7,1,2,-70,1,900,11720,31,0,0 '
Received from ('fd00::200:0:0:2', 8765, 0, 0): b' 644,2,1,512,0,37,4,1,5,1,1,-88,0,571,5382,42,0,0 '
Received from ('fd00::200:0:0:a', 8765, 0, 0): b' 644,10,7,1024,0,47,2,3,6,1,1,-70,2,1872,14074,38,0,0 '
Received from ('fd00::200:0:0:1', 5678, 0, 0): b' 645,1,0,256,0,6,0,0,4,0,0,0,10,1338,11270,565,0,0 '
Received from ('fd00::200:0:0:e', 8765, 0, 0): b' 644,14,11,1280,0,34,1,3,6,1,1,-70,0,1013,10754,31,0,0 '
Received from ('fd00::200:0:0:15', 8765, 0, 0): b' 645,21,17,1536,0,21,2,7,5,1,1,-52,0,1036,11892,17,0,0 '
Received from ('fd00::200:0:0:7', 8765, 0, 0): b' 646,7,3,768,0,38,3,1,7,1,1,-52,3,1622,15248,40,0,0 '
Received from ('fd00::200:0:0:8', 8765, 0, 0): b' 647,8,4,768,20,35,2,2,7,1,1,-52,8,2684,19364,38,0,0 '
Received from ('fd00::200:0:0:13', 8765, 0, 0): b' 645,19,16,1536,0,37,1,4,7,1,1,-70,0,523,5416,29,0,0 '
Received from ('fd00::200:0:0:12', 8765, 0, 0): b' 647,18,15,1536,0,37,2,4,5,1,1,-70,0,718,6879,31,0,0 '
Received from ('fd00::200:0:0:5', 8765, 0, 0): b' 647,5,4,768,0,42,4,1,5,1,1,-52,0,489,10535,42,0,0 '
Received from ('fd00::200:0:0:14', 8765, 0, 0): b' 645,20,16,1536,0,32,2,5,6,1,1,-52,0,691,9487,26,0,0 '
Received from ('fd00::200:0:0:f', 8765, 0, 0): b' 648,15,10,1280,10,31,3,8,7,1,2,-70,1,673,7146,31,0,0 '
Received from ('fd00::200:0:0:e', 8765, 0, 0): b' 648,14,11,1280,0,34,1,3,6,1,1,-70,0,278,4374,31,0,0 '
Received from ('fd00::200:0:0:4', 8765, 0, 0): b' 650,4,1,512,0,30,4,1,6,1,1,-66,10,2360,15141,42,0,0 '
Received from ('fd00::200:0:0:10', 8765, 0, 0): b' 649,16,13,1280,0,41,1,3,7,1,1,-70,2,1357,12087,32,0,0 '
Received from ('fd00::200:0:0:1', 5678, 0, 0): b' 652,1,0,256,0,6,0,0,4,0,0,0,10,995,12049,570,0,0 '
Received from ('fd00::200:0:0:14', 8765, 0, 0): b' 650,20,16,1536,0,35,2,5,6,1,1,-52,0,573,4603,26,0,0 '
Received from ('fd00::200:0:0:3', 8765, 0, 0): b' 651,3,1,512,0,46,4,2,7,1,1,-64,4,2014,18693,42,0,0 '
Received from ('fd00::200:0:0:d', 8765, 0, 0): b' 650,13,8,1024,10,34,1,3,6,1,1,-70,5,3093,24527,34,0,0 '
Received from ('fd00::200:0:0:a', 8765, 0, 0): b' 652,10,7,1024,0,47,2,3,6,1,1,-70,2,788,12255,38,0,0 '
Received from ('fd00::200:0:0:13', 8765, 0, 0): b' 651,19,16,1536,0,40,1,4,7,1,1,-70,0,663,6397,29,0,0 '
Received from ('fd00::200:0:0:11', 8765, 0, 0): b' 651,17,13,1280,0,33,7,5,5,1,3,-52,1,1453,14375,25,0,0 '
Received from ('fd00::200:0:0:f', 8765, 0, 0): b' 653,15,10,1280,0,31,3,8,7,1,2,-70,1,525,6286,31,0,0 '
Received from ('fd00::200:0:0:e', 8765, 0, 0): b' 653,14,11,1280,0,34,1,3,6,1,1,-70,0,252,4088,31,0,0 '
Received from ('fd00::200:0:0:2', 8765, 0, 0): b' 653,2,1,512,0,38,4,1,5,1,1,-88,0,479,10597,43,0,0 '
Received from ('fd00::200:0:0:7', 8765, 0, 0): b' 654,7,3,768,0,39,3,1,7,1,1,-52,3,1262,12647,40,0,0 '
Received from ('fd00::200:0:0:b', 8765, 0, 0): b' 654,11,8,1024,0,39,2,3,7,1,2,-70,1,1134,14982,32,0,0 '
Received from ('fd00::200:0:0:10', 8765, 0, 0): b' 654,16,13,1280,10,45,1,3,7,1,1,-70,2,1147,9890,33,0,0 '
Received from ('fd00::200:0:0:d', 8765, 0, 0): b' 655,13,8,1024,10,36,1,3,6,1,1,-70,5,1447,10116,35,0,0 '
Received from ('fd00::200:0:0:5', 8765, 0, 0): b' 657,5,4,768,0,43,4,1,5,1,1,-52,0,526,10253,42,0,0 '
Received from ('fd00::200:0:0:1', 5678, 0, 0): b' 657,1,0,256,0,6,0,0,4,0,0,0,10,1215,11474,576,0,0 '
Received from ('fd00::200:0:0:14', 8765, 0, 0): b' 654,20,16,1536,0,37,2,5,6,1,1,-52,0,369,4379,26,0,0 '
Received from ('fd00::200:0:0:15', 8765, 0, 0): b' 655,21,17,1536,0,25,2,7,5,1,1,-52,0,851,9353,17,0,0 '
Received from ('fd00::200:0:0:8', 8765, 0, 0): b' 658,8,4,768,20,38,2,2,7,1,1,-52,8,4151,26897,39,0,0 '
Received from ('fd00::200:0:0:2', 8765, 0, 0): b' 657,2,1,512,10,40,4,1,5,1,1,-88,0,464,5529,43,0,0 '
Received from ('fd00::200:0:0:12', 8765, 0, 0): b' 658,18,15,1536,0,40,2,4,5,1,1,-70,0,868,10767,32,0,0 '
Received from ('fd00::200:0:0:3', 8765, 0, 0): b' 659,3,1,512,0,47,4,2,7,1,1,-64,4,1519,13600,43,0,0 '
Received from ('fd00::200:0:0:e', 8765, 0, 0): b' 658,14,11,1280,0,35,1,3,6,1,1,-70,0,318,4648,32,0,0 '
Received from ('fd00::200:0:0:11', 8765, 0, 0): b' 657,17,13,1280,0,35,7,5,5,1,3,-52,1,842,8095,25,0,0 '
Received from ('fd00::200:0:0:b', 8765, 0, 0): b' 659,11,8,1024,0,40,2,3,7,1,2,-70,1,641,7215,32,0,0 '
Received from ('fd00::200:0:0:f', 8765, 0, 0): b' 661,15,10,1280,0,34,3,8,7,1,2,-70,1,1056,11106,32,0,0 '
Received from ('fd00::200:0:0:4', 8765, 0, 0): b' 661,4,1,512,20,35,4,1,6,1,1,-66,10,5054,29740,43,0,0 '
Received from ('fd00::200:0:0:d', 8765, 0, 0): b' 660,13,8,1024,10,39,1,3,6,1,1,-70,5,1392,10263,35,0,0 '
Received from ('fd00::200:0:0:7', 8765, 0, 0): b' 661,7,3,768,0,40,3,1,7,1,1,-52,3,1198,12875,41,0,0 '
Received from ('fd00::200:0:0:14', 8765, 0, 0): b' 660,20,16,1536,0,38,2,5,6,1,1,-52,0,536,5863,27,0,0 '
Received from ('fd00::200:0:0:10', 8765, 0, 0): b' 661,16,13,1280,0,47,1,3,7,1,1,-70,2,1533,15002,33,0,0 '
Received from ('fd00::200:0:0:a', 8765, 0, 0): b' 662,10,7,1024,10,49,2,3,6,1,1,-70,2,1596,17337,39,0,0 '
Received from ('fd00::200:0:0:1', 5678, 0, 0): b' 663,1,0,256,0,6,0,0,4,0,0,0,10,1379,13558,584,0,0 '
Received from ('fd00::200:0:0:8', 8765, 0, 0): b' 663,8,4,768,0,40,2,2,7,1,1,-52,8,1937,11624,39,0,0 '
Received from ('fd00::200:0:0:12', 8765, 0, 0): b' 663,18,15,1536,0,40,2,4,5,1,1,-70,0,277,4481,32,0,0 '
Received from ('fd00::200:0:0:11', 8765, 0, 0): b' 662,17,13,1280,0,35,7,5,5,1,3,-52,1,332,5293,25,0,0 '
Received from ('fd00::200:0:0:2', 8765, 0, 0): b' 663,2,1,512,0,40,4,1,5,1,1,-88,0,274,6768,43,0,0 '
Received from ('fd00::200:0:0:13', 8765, 0, 0): b' 662,19,16,1536,10,43,1,4,7,1,1,-70,0,798,10307,30,0,0 '
Received from ('fd00::200:0:0:e', 8765, 0, 0): b' 663,14,11,1280,0,39,1,3,6,1,1,-70,0,704,6060,32,0,0 '
Received from ('fd00::200:0:0:15', 8765, 0, 0): b' 662,21,17,1536,0,25,2,7,5,1,1,-52,0,453,7339,18,0,0 '
Received from ('fd00::200:0:0:3', 8765, 0, 0): b' 666,3,1,512,0,48,4,2,7,1,1,-64,4,1404,12288,43,0,0 '
Received from ('fd00::200:0:0:d', 8765, 0, 0): b' 667,13,8,1024,0,41,1,3,6,1,1,-70,5,1547,12425,35,0,0 '
Received from ('fd00::200:0:0:5', 8765, 0, 0): b' 667,5,4,768,0,46,4,1,5,1,1,-52,0,824,13955,43,0,0 '
Received from ('fd00::200:0:0:10', 8765, 0, 0): b' 667,16,13,1280,0,48,1,3,7,1,1,-70,2,897,11233,34,0,0 '
Received from ('fd00::200:0:0:13', 8765, 0, 0): b' 668,19,16,1536,0,45,1,4,7,1,1,-70,0,613,6355,30,0,0 '
Received from ('fd00::200:0:0:2', 8765, 0, 0): b' 670,2,1,512,0,41,4,1,5,1,1,-88,0,455,6825,44,0,0 '
Received from ('fd00::200:0:0:4', 8765, 0, 0): b' 670,4,1,512,20,39,4,1,6,1,1,-66,10,3649,22041,44,0,0 '
Received from ('fd00::200:0:0:b', 8765, 0, 0): b' 669,11,8,1024,0,42,2,3,7,1,2,-70,1,1116,16329,33,0,0 '
Received from ('fd00::200:0:0:e', 8765, 0, 0): b' 668,14,11,1280,10,39,1,3,6,1,1,-70,0,252,4352,32,0,0 '
Received from ('fd00::200:0:0:14', 8765, 0, 0): b' 670,20,16,1536,0,43,2,5,6,1,1,-52,0,859,9868,27,0,0 '
Received from ('fd00::200:0:0:f', 8765, 0, 0): b' 671,15,10,1280,0,37,3,8,7,1,2,-70,1,1206,13630,32,0,0 '
Received from ('fd00::200:0:0:a', 8765, 0, 0): b' 672,10,7,1024,0,52,2,3,6,1,1,-70,2,1219,14505,39,0,0 '
Received from ('fd00::200:0:0:1', 5678, 0, 0): b' 673,1,0,256,0,6,0,0,4,0,0,0,10,2103,19779,594,0,0 '
Received from ('fd00::200:0:0:8', 8765, 0, 0): b' 672,8,4,768,0,42,2,2,7,1,1,-52,8,3063,20428,40,0,0 '
Received from ('fd00::200:0:0:7', 8765, 0, 0): b' 672,7,3,768,10,45,3,1,7,1,1,-52,3,2002,18442,41,0,0 '
Received from ('fd00::200:0:0:b', 8765, 0, 0): b' 674,11,8,1024,0,43,2,3,7,1,2,-70,1,683,6921,33,0,0 '
Received from ('fd00::200:0:0:12', 8765, 0, 0): b' 672,18,15,1536,0,43,2,4,5,1,1,-70,0,774,9048,33,0,0 '
Received from ('fd00::200:0:0:11', 8765, 0, 0): b' 673,17,13,1280,10,37,7,5,5,1,3,-52,1,1154,13784,26,0,0 '
Received from ('fd00::200:0:0:3', 8765, 0, 0): b' 674,3,1,512,20,50,4,2,7,1,1,-64,4,1557,14315,44,0,0 '
Received from ('fd00::200:0:0:15', 8765, 0, 0): b' 672,21,17,1536,0,27,2,7,5,1,1,-52,0,691,9715,19,0,0 '
Received from ('fd00::200:0:0:4', 8765, 0, 0): b' 676,4,1,512,0,41,4,1,6,1,1,-66,10,2303,13879,44,0,0 '
Received from ('fd00::200:0:0:5', 8765, 0, 0): b' 676,5,4,768,0,47,4,1,5,1,1,-52,0,513,10234,44,0,0 '
Received from ('fd00::200:0:0:d', 8765, 0, 0): b' 678,13,8,1024,0,43,1,3,6,1,1,-70,5,2434,23541,36,0,0 '
Received from ('fd00::200:0:0:15', 8765, 0, 0): b' 677,21,17,1536,10,28,2,7,5,1,1,-52,0,262,4462,19,0,0 '
Received from ('fd00::200:0:0:b', 8765, 0, 0): b' 679,11,8,1024,10,44,2,3,7,1,2,-70,1,473,8690,34,0,0 '
Received from ('fd00::200:0:0:10', 8765, 0, 0): b' 680,16,13,1280,0,51,1,3,7,1,1,-70,2,1805,22370,34,0,0 '
Received from ('fd00::200:0:0:e', 8765, 0, 0): b' 681,14,11,1280,0,42,1,3,6,1,1,-70,0,823,11342,33,0,0 '
Received from ('fd00::200:0:0:a', 8765, 0, 0): b' 679,10,7,1024,0,53,2,3,6,1,1,-70,2,871,12701,40,0,0 '
Received from ('fd00::200:0:0:2', 8765, 0, 0): b' 681,2,1,512,10,44,4,1,5,1,1,-88,0,814,13026,45,0,0 '
Received from ('fd00::200:0:0:3', 8765, 0, 0): b' 680,3,1,512,0,53,4,2,7,1,1,-64,4,1309,11187,44,0,0 '
Received from ('fd00::200:0:0:8', 8765, 0, 0): b' 681,8,4,768,0,44,2,2,7,1,1,-52,8,2678,20477,40,0,0 '
Received from ('fd00::200:0:0:12', 8765, 0, 0): b' 680,18,15,1536,0,46,2,4,5,1,1,-70,0,621,7778,33,0,0 '
Received from ('fd00::200:0:0:13', 8765, 0, 0): b' 681,19,16,1536,0,48,1,4,7,1,1,-70,0,822,11530,31,0,0 '
Received from ('fd00::200:0:0:14', 8765, 0, 0): b' 682,20,16,1536,0,45,2,5,6,1,1,-52,0,715,10616,28,0,0 '
Received from ('fd00::200:0:0:1', 5678, 0, 0): b' 682,1,0,256,0,6,0,0,4,0,0,0,10,2031,19616,604,0,0 '
Received from ('fd00::200:0:0:7', 8765, 0, 0): b' 682,7,3,768,0,48,3,1,7,1,1,-52,3,1581,16080,42,0,0 '
Received from ('fd00::200:0:0:f', 8765, 0, 0): b' 683,15,10,1280,0,38,3,8,7,1,2,-70,1,1180,14427,33,0,0 '
Received from ('fd00::200:0:0:11', 8765, 0, 0): b' 683,17,13,1280,0,38,7,5,5,1,3,-52,1,1022,11711,27,0,0 '
Received from ('fd00::200:0:0:b', 8765, 0, 0): b' 684,11,8,1024,0,45,2,3,7,1,2,-70,1,692,8089,34,0,0 '
Received from ('fd00::200:0:0:e', 8765, 0, 0): b' 685,14,11,1280,0,42,1,3,6,1,1,-70,0,277,4037,33,0,0 '
Received from ('fd00::200:0:0:5', 8765, 0, 0): b' 684,5,4,768,0,51,4,1,5,1,1,-52,0,823,11216,44,0,0 '
Received from ('fd00::200:0:0:d', 8765, 0, 0): b' 685,13,8,1024,10,47,1,3,6,1,1,-70,5,2115,15828,37,0,0 '
Received from ('fd00::200:0:0:3', 8765, 0, 0): b' 686,3,1,512,0,54,4,2,7,1,1,-64,4,1091,9667,45,0,0 '
Received from ('fd00::200:0:0:4', 8765, 0, 0): b' 687,4,1,512,30,43,4,1,6,1,1,-66,10,4243,26287,45,0,0 '
Received from ('fd00::200:0:0:1', 5678, 0, 0): b' 687,1,0,256,0,6,0,0,4,0,0,0,10,1121,10928,612,0,0 '
Received from ('fd00::200:0:0:7', 8765, 0, 0): b' 686,7,3,768,10,49,3,1,7,1,1,-52,3,739,7296,42,0,0 '
Received from ('fd00::200:0:0:10', 8765, 0, 0): b' 687,16,13,1280,0,51,1,3,7,1,1,-70,2,1071,14288,35,0,0 '
Received from ('fd00::200:0:0:14', 8765, 0, 0): b' 689,20,16,1536,10,48,2,5,6,1,1,-52,0,695,6992,29,0,0 '
Received from ('fd00::200:0:0:2', 8765, 0, 0): b' 690,2,1,512,0,48,4,1,5,1,1,-88,0,918,11460,45,0,0 '
Received from ('fd00::200:0:0:13', 8765, 0, 0): b' 689,19,16,1536,10,51,1,4,7,1,1,-70,0,598,7596,31,0,0 '
Received from ('fd00::200:0:0:a', 8765, 0, 0): b' 688,10,7,1024,0,56,2,3,6,1,1,-70,2,1444,15278,40,0,0 '
Received from ('fd00::200:0:0:d', 8765, 0, 0): b' 690,13,8,1024,10,49,1,3,6,1,1,-70,5,1341,9990,37,0,0 '
Received from ('fd00::200:0:0:f', 8765, 0, 0): b' 690,15,10,1280,0,41,3,8,7,1,2,-70,1,832,9259,34,0,0 '
Received from ('fd00::200:0:0:15', 8765, 0, 0): b' 690,21,17,1536,0,31,2,7,5,1,1,-52,0,907,11213,20,0,0 '
Received from ('fd00::200:0:0:11', 8765, 0, 0): b' 691,17,13,1280,10,40,7,5,5,1,3,-52,1,925,10737,27,0,0 '
Received from ('fd00::200:0:0:12', 8765, 0, 0): b' 690,18,15,1536,10,47,2,4,5,1,1,-70,0,584,9641,34,0,0 '
Received from ('fd00::200:0:0:8', 8765, 0, 0): b' 692,8,4,768,10,46,2,2,7,1,1,-52,8,3710,25529,41,0,0 '
Received from ('fd00::200:0:0:5', 8765, 0, 0): b' 691,5,4,768,10,51,4,1,5,1,1,-52,0,428,8054,45,0,0 '
Received from ('fd00::200:0:0:7', 8765, 0, 0): b' 692,7,3,768,0,50,3,1,7,1,1,-52,3,1133,9614,43,0,0 '
Received from ('fd00::200:0:0:10', 8765, 0, 0): b' 694,16,13,1280,0,51,1,4,7,1,1,-70,2,1191,12938,35,0,0 '
Received from ('fd00::200:0:0:b', 8765, 0, 0): b' 694,11,8,1024,0,45,2,3,7,1,2,-70,1,845,14900,35,0,0 '
Received from ('fd00::200:0:0:a', 8765, 0, 0): b' 693,10,7,1024,0,57,2,3,6,1,1,-70,2,694,7088,41,0,0 '
Received from ('fd00::200:0:0:1', 5678, 0, 0): b' 695,1,0,256,0,6,0,0,4,0,0,0,10,1550,15186,620,0,0 '
Received from ('fd00::200:0:0:15', 8765, 0, 0): b' 695,21,17,1536,0,32,2,7,5,1,1,-52,0,468,5274,20,0,0 '
Received from ('fd00::200:0:0:3', 8765, 0, 0): b' 694,3,1,512,0,54,4,2,7,1,1,-64,4,1969,15509,45,0,0 '
Received from ('fd00::200:0:0:e', 8765, 0, 0): b' 696,14,11,1280,0,46,1,3,6,1,1,-70,0,905,10479,34,0,0 '
Received from ('fd00::200:0:0:4', 8765, 0, 0): b' 697,4,1,512,30,45,4,1,6,1,1,-66,10,3569,23997,45,0,0 '
Received from ('fd00::200:0:0:d', 8765, 0, 0): b' 697,13,8,1024,10,50,1,3,6,1,1,-70,5,1614,14965,38,0,0 '
Received from ('fd00::200:0:0:10', 8765, 0, 0): b' 697,16,13,1280,0,52,1,4,7,1,1,-70,2,517,8111,36,0,0 '
Received from ('fd00::200:0:0:1', 5678, 0, 0): b' 699,1,0,256,0,6,0,0,4,0,0,0,10,914,8891,625,0,0 '
Received from ('fd00::200:0:0:14', 8765, 0, 0): b' 699,20,16,1536,0,52,2,5,6,1,1,-52,0,809,10096,29,0,0 '
Received from ('fd00::200:0:0:5', 8765, 0, 0): b' 699,5,4,768,0,54,4,1,5,1,1,-52,0,740,9938,45,0,0 '
Received from ('fd00::200:0:0:13', 8765, 0, 0): b' 699,19,16,1536,0,54,1,4,7,1,1,-70,0,823,10345,32,0,0 '
Received from ('fd00::200:0:0:7', 8765, 0, 0): b' 699,7,3,768,0,52,3,1,7,1,1,-52,3,1046,12353,43,0,0 '
Received from ('fd00::200:0:0:2', 8765, 0, 0): b' 701,2,1,512,0,51,4,1,5,1,1,-88,0,839,13821,46,0,0 '
Received from ('fd00::200:0:0:8', 8765, 0, 0): b' 702,8,4,768,0,47,2,2,7,1,1,-52,8,3052,21511,42,0,0 '
Received from ('fd00::200:0:0:b', 8765, 0, 0): b' 702,11,8,1024,0,49,2,3,7,1,2,-70,1,1288,13535,35,0,0 '
Received from ('fd00::200:0:0:f', 8765, 0, 0): b' 702,15,10,1280,10,44,3,8,7,1,2,-70,1,1287,15496,35,0,0 '
Received from ('fd00::200:0:0:11', 8765, 0, 0): b' 702,17,13,1280,0,44,7,5,5,1,3,-52,1,1366,14826,28,0,0 '
Received from ('fd00::200:0:0:12', 8765, 0, 0): b' 702,18,15,1536,0,48,2,4,5,1,1,-70,0,609,10719,35,0,0 '
Received from ('fd00::200:0:0:e', 8765, 0, 0): b' 703,14,11,1280,0,49,1,3,6,1,1,-70,0,654,7423,35,0,0 '
Received from ('fd00::200:0:0:3', 8765, 0, 0): b' 703,3,1,512,0,56,4,2,7,1,1,-64,4,1336,13565,46,0,0 '
Received from ('fd00::200:0:0:13', 8765, 0, 0): b' 704,19,16,1536,0,54,1,4,7,1,1,-70,0,323,4387,32,0,0 '
Received from ('fd00::200:0:0:10', 8765, 0, 0): b' 704,16,13,1280,20,56,1,4,7,1,1,-70,2,1469,13266,36,0,0 '
Received from ('fd00::200:0:0:a', 8765, 0, 0): b' 704,10,7,1024,0,60,2,3,6,1,1,-70,2,1503,16627,42,0,0 '
Received from ('fd00::200:0:0:14', 8765, 0, 0): b' 705,20,16,1536,0,54,2,5,6,1,1,-52,0,669,6848,30,0,0 '
Received from ('fd00::200:0:0:15', 8765, 0, 0): b' 706,21,17,1536,0,34,2,7,5,1,1,-52,0,733,10323,21,0,0 '
Received from ('fd00::200:0:0:2', 8765, 0, 0): b' 707,2,1,512,10,51,4,1,5,1,1,-88,0,250,6045,46,0,0 '
Received from ('fd00::200:0:0:d', 8765, 0, 0): b' 708,13,8,1024,0,53,1,3,6,1,1,-70,5,2860,22436,38,0,0 '
Received from ('fd00::200:0:0:4', 8765, 0, 0): b' 708,4,1,512,10,46,4,1,6,1,1,-66,10,4391,27478,46,0,0 '
Received from ('fd00::200:0:0:5', 8765, 0, 0): b' 708,5,4,768,0,56,4,1,5,1,1,-52,0,595,10455,46,0,0 '
Received from ('fd00::200:0:0:a', 8765, 0, 0): b' 708,10,7,1024,0,61,2,3,6,1,1,-70,2,472,6074,42,0,0 '
Received from ('fd00::200:0:0:1', 5678, 0, 0): b' 709,1,0,256,0,6,0,0,4,0,0,0,10,1885,19296,636,0,0 '
Received from ('fd00::200:0:0:3', 8765, 0, 0): b' 709,3,1,512,0,59,4,2,7,1,1,-64,4,1347,10788,46,0,0 '
Received from ('fd00::200:0:0:8', 8765, 0, 0): b' 711,8,4,768,0,48,2,2,7,1,1,-52,8,2371,18754,42,0,0 '
Received from ('fd00::200:0:0:7', 8765, 0, 0): b' 709,7,3,768,10,53,3,1,7,1,1,-52,3,1691,16967,44,0,0 '
Received from ('fd00::200:0:0:f', 8765, 0, 0): b' 710,15,10,1280,0,46,3,8,7,1,2,-70,1,901,10097,35,0,0 '
Received from ('fd00::200:0:0:b', 8765, 0, 0): b' 710,11,8,1024,0,51,2,3,7,1,2,-70,1,1034,13680,36,0,0 '
Received from ('fd00::200:0:0:e', 8765, 0, 0): b' 712,14,11,1280,0,51,1,3,6,1,1,-70,0,701,8628,35,0,0 '
Received from ('fd00::200:0:0:11', 8765, 0, 0): b' 711,17,13,1280,0,46,7,5,5,1,3,-52,1,1037,11646,29,0,0 '
Received from ('fd00::200:0:0:12', 8765, 0, 0): b' 712,18,15,1536,0,50,2,4,5,1,1,-70,0,636,9383,35,0,0 '
Received from ('fd00::200:0:0:5', 8765, 0, 0): b' 712,5,4,768,10,57,4,1,5,1,1,-52,0,250,5443,46,0,0 '
Received from ('fd00::200:0:0:10', 8765, 0, 0): b' 713,16,13,1280,0,60,1,4,7,1,1,-70,2,1614,17489,37,0,0 '
Received from ('fd00::200:0:0:2', 8765, 0, 0): b' 715,2,1,512,0,53,4,1,5,1,1,-88,0,611,9984,47,0,0 '
Received from ('fd00::200:0:0:4', 8765, 0, 0): b' 715,4,1,512,0,46,4,1,6,1,1,-66,10,2268,15586,47,0,0 '
Received from ('fd00::200:0:0:a', 8765, 0, 0): b' 715,10,7,1024,0,63,2,3,6,1,1,-70,2,1065,10977,42,0,0 '
Received from ('fd00::200:0:0:15', 8765, 0, 0): b' 714,21,17,1536,0,35,2,7,5,1,1,-52,0,529,8022,21,0,0 '
Received from ('fd00::200:0:0:13', 8765, 0, 0): b' 715,19,16,1536,0,57,1,4,7,1,1,-70,0,822,11036,33,0,0 '
Received from ('fd00::200:0:0:d', 8765, 0, 0): b' 717,13,8,1024,0,56,1,3,6,1,1,-70,5,2044,18472,39,0,0 '
Received from ('fd00::200:0:0:3', 8765, 0, 0): b' 717,3,1,512,0,61,4,2,7,1,1,-64,4,1689,14246,47,0,0 '
Received from ('fd00::200:0:0:14', 8765, 0, 0): b' 716,20,16,1536,0,57,2,5,6,1,1,-52,0,812,10786,30,0,0 '
Received from ('fd00::200:0:0:1', 5678, 0, 0): b' 718,1,0,256,0,6,0,0,4,0,0,0,10,1956,18979,648,0,0 '
Received from ('fd00::200:0:0:8', 8765, 0, 0): b' 718,8,4,768,0,49,2,2,7,1,1,-52,8,2609,17876,43,0,0 '
Received from ('fd00::200:0:0:b', 8765, 0, 0): b' 719,11,8,1024,0,53,2,3,7,1,2,-70,1,949,13041,36,0,0 '
Received from ('fd00::200:0:0:7', 8765, 0, 0): b' 718,7,3,768,0,58,3,1,7,1,1,-52,3,1623,14791,44,0,0 '
Received from ('fd00::200:0:0:10', 8765, 0, 0): b' 719,16,13,1280,0,61,1,4,7,1,1,-70,2,932,11197,37,0,0 '
Received from ('fd00::200:0:0:e', 8765, 0, 0): b' 720,14,11,1280,0,55,1,3,6,1,1,-70,0,778,8139,36,0,0 '
Received from ('fd00::200:0:0:a', 8765, 0, 0): b' 719,10,7,1024,0,63,2,3,6,1,1,-70,2,430,6725,42,0,0 '
Received from ('fd00::200:0:0:f', 8765, 0, 0): b' 720,15,10,1280,0,48,3,8,7,1,2,-70,1,1126,12902,36,0,0 '
Received from ('fd00::200:0:0:4', 8765, 0, 0): b' 722,4,1,512,0,47,4,1,6,1,1,-66,10,2309,15408,47,0,0 '
Received from ('fd00::200:0:0:12', 8765, 0, 0): b' 721,18,15,1536,0,52,2,4,5,1,1,-70,0,691,8603,36,0,0 '
Received from ('fd00::200:0:0:11', 8765, 0, 0): b' 721,17,13,1280,0,47,7,5,5,1,3,-52,1,1034,12934,29,0,0 '
Received from ('fd00::200:0:0:13', 8765, 0, 0): b' 722,19,16,1536,10,59,1,4,7,1,1,-70,0,440,6114,34,0,0 '
Received from ('fd00::200:0:0:15', 8765, 0, 0): b' 722,21,17,1536,0,37,2,7,5,1,1,-52,0,546,6892,22,0,0 '
Received from ('fd00::200:0:0:a', 8765, 0, 0): b' 724,10,7,1024,0,64,2,3,6,1,1,-70,2,846,7510,43,0,0 '
Received from ('fd00::200:0:0:5', 8765, 0, 0): b' 724,5,4,768,0,59,4,1,5,1,1,-52,0,848,13702,47,0,0 '
Received from ('fd00::200:0:0:2', 8765, 0, 0): b' 725,2,1,512,0,57,4,1,5,1,1,-88,0,921,12896,48,0,0 '
Received from ('fd00::200:0:0:1', 5678, 0, 0): b' 726,1,0,256,0,6,0,0,4,0,0,0,10,1485,15135,654,0,0 '
Received from ('fd00::200:0:0:3', 8765, 0, 0): b' 725,3,1,512,10,63,4,2,7,1,1,-64,4,1725,14534,47,0,0 '
Received from ('fd00::200:0:0:b', 8765, 0, 0): b' 726,11,8,1024,0,53,2,3,7,1,2,-70,1,642,11122,37,0,0 '
Received from ('fd00::200:0:0:f', 8765, 0, 0): b' 727,15,10,1280,0,50,3,8,7,1,2,-70,1,801,9236,36,0,0 '
Received from ('fd00::200:0:0:e', 8765, 0, 0): b' 727,14,11,1280,0,55,1,3,6,1,1,-70,0,397,7185,36,0,0 '
Received from ('fd00::200:0:0:10', 8765, 0, 0): b' 727,16,13,1280,20,64,1,4,7,1,1,-70,2,1450,14908,38,0,0 '
Received from ('fd00::200:0:0:4', 8765, 0, 0): b' 729,4,1,512,20,51,4,1,6,1,1,-66,10,2950,19093,48,0,0 '
Received from ('fd00::200:0:0:7', 8765, 0, 0): b' 728,7,3,768,10,62,3,1,7,1,1,-52,3,2125,17719,45,0,0 '
Received from ('fd00::200:0:0:d', 8765, 0, 0): b' 729,13,8,1024,10,61,1,3,6,1,1,-70,5,2740,23895,40,0,0 '
Received from ('fd00::200:0:0:14', 8765, 0, 0): b' 726,20,16,1536,0,61,2,5,6,1,1,-52,0,906,9935,31,0,0 '
Received from ('fd00::200:0:0:12', 8765, 0, 0): b' 728,18,15,1536,0,53,2,4,5,1,1,-70,0,439,6818,37,0,0 '
Received from ('fd00::200:0:0:8', 8765, 0, 0): b' 730,8,4,768,20,53,2,2,7,1,1,-52,8,3643,25555,43,0,0 '
Received from ('fd00::200:0:0:b', 8765, 0, 0): b' 730,11,8,1024,0,53,2,3,7,1,2,-70,1,453,6262,37,0,0 '
Received from ('fd00::200:0:0:13', 8765, 0, 0): b' 731,19,16,1536,0,60,1,4,7,1,1,-70,0,636,8921,34,0,0 '
Received from ('fd00::200:0:0:1', 5678, 0, 0): b' 733,1,0,256,0,6,0,0,4,0,0,0,10,1653,15899,665,0,0 '
Received from ('fd00::200:0:0:11', 8765, 0, 0): b' 732,17,13,1280,0,49,7,5,5,1,3,-52,1,1155,13640,30,0,0 '
Received from ('fd00::200:0:0:5', 8765, 0, 0): b' 733,5,4,768,0,65,4,1,5,1,1,-52,0,1121,11856,48,0,0 '
Received from ('fd00::200:0:0:a', 8765, 0, 0): b' 732,10,7,1024,0,65,2,3,6,1,1,-70,2,1213,14938,43,0,0 '
Received from ('fd00::200:0:0:15', 8765, 0, 0): b' 733,21,17,1536,0,40,2,7,5,1,1,-52,0,822,11123,23,0,0 '
Received from ('fd00::200:0:0:2', 8765, 0, 0): b' 734,2,1,512,0,59,4,1,5,1,1,-88,0,609,10699,48,0,0 '
Received from ('fd00::200:0:0:10', 8765, 0, 0): b' 734,16,13,1280,0,64,1,4,7,1,1,-70,2,874,12809,38,0,0 '
Received from ('fd00::200:0:0:12', 8765, 0, 0): b' 734,18,15,1536,10,55,2,4,5,1,1,-70,0,383,5380,37,0,0 '
Received from ('fd00::200:0:0:7', 8765, 0, 0): b' 736,7,3,768,0,66,3,1,7,1,1,-52,3,1526,13357,46,0,0 '
Received from ('fd00::200:0:0:3', 8765, 0, 0): b' 737,3,1,512,0,64,4,2,7,1,1,-64,4,2451,21335,48,0,0 '
Received from ('fd00::200:0:0:14', 8765, 0, 0): b' 737,20,16,1536,0,63,2,5,6,1,1,-52,0,715,10211,32,0,0 '
Received from ('fd00::200:0:0:11', 8765, 0, 0): b' 737,17,13,1280,0,50,7,5,5,1,3,-52,1,643,6834,30,0,0 '
Received from ('fd00::200:0:0:8', 8765, 0, 0): b' 739,8,4,768,10,57,2,2,7,1,1,-52,8,2918,20275,44,0,0 '
Received from ('fd00::200:0:0:d', 8765, 0, 0): b' 738,13,8,1024,0,65,1,3,6,1,1,-70,5,2572,20500,40,0,0 '
Received from ('fd00::200:0:0:e', 8765, 0, 0): b' 738,14,11,1280,0,56,1,3,6,1,1,-70,0,674,10503,37,0,0 '
Received from ('fd00::200:0:0:a', 8765, 0, 0): b' 738,10,7,1024,10,66,2,3,6,1,1,-70,2,759,8658,44,0,0 '
Received from ('fd00::200:0:0:1', 5678, 0, 0): b' 740,1,0,256,0,6,0,0,4,0,0,0,10,1308,13113,671,0,0 '
Received from ('fd00::200:0:0:13', 8765, 0, 0): b' 739,19,16,1536,0,63,1,4,7,1,1,-70,0,677,7925,35,0,0 '
Received from ('fd00::200:0:0:f', 8765, 0, 0): b' 739,15,10,1280,0,52,3,8,7,1,2,-70,1,1407,15675,37,0,0 '
Received from ('fd00::200:0:0:b', 8765, 0, 0): b' 740,11,8,1024,0,54,2,3,7,1,2,-70,1,1074,15906,38,0,0 '
Received from ('fd00::200:0:0:4', 8765, 0, 0): b' 741,4,1,512,10,54,4,1,6,1,1,-66,10,4604,28723,48,0,0 '
Received from ('fd00::200:0:0:15', 8765, 0, 0): b' 741,21,17,1536,0,41,2,7,5,1,1,-52,0,408,6992,23,0,0 '
Received from ('fd00::200:0:0:2', 8765, 0, 0): b' 741,2,1,512,0,62,4,1,5,1,1,-88,0,694,9652,49,0,0 '
Received from ('fd00::200:0:0:5', 8765, 0, 0): b' 744,5,4,768,0,69,4,1,5,1,1,-52,0,848,12066,48,0,0 '
Received from ('fd00::200:0:0:d', 8765, 0, 0): b' 743,13,8,1024,0,65,1,3,6,1,1,-70,5,1118,10327,41,0,0 '
Received from ('fd00::200:0:0:3', 8765, 0, 0): b' 743,3,1,512,10,67,4,2,7,1,1,-64,4,1028,10382,48,0,0 '
Received from ('fd00::200:0:0:f', 8765, 0, 0): b' 743,15,10,1280,0,54,3,8,7,1,2,-70,1,580,6255,37,0,0 '
Received from ('fd00::200:0:0:11', 8765, 0, 0): b' 744,17,13,1280,0,50,7,5,5,1,3,-52,1,589,8781,31,0,0 '
Received from ('fd00::200:0:0:12', 8765, 0, 0): b' 744,18,15,1536,0,60,2,4,5,1,1,-70,0,1144,11024,38,0,0 '
Received from ('fd00::200:0:0:10', 8765, 0, 0): b' 745,16,13,1280,0,67,1,4,7,1,1,-70,2,1777,22337,39,0,0 '
Received from ('fd00::200:0:0:7', 8765, 0, 0): b' 745,7,3,768,20,69,3,1,7,1,1,-52,3,1647,15969,46,0,0 '
Received from ('fd00::200:0:0:13', 8765, 0, 0): b' 746,19,16,1536,0,64,1,4,7,1,1,-70,0,480,6378,35,0,0 '
Received from ('fd00::200:0:0:a', 8765, 0, 0): b' 745,10,7,1024,0,69,2,3,6,1,1,-70,2,1323,12683,44,0,0 '
Received from ('fd00::200:0:0:d', 8765, 0, 0): b' 747,13,8,1024,10,66,1,3,6,1,1,-70,5,1086,8713,41,0,0 '
Received from ('fd00::200:0:0:14', 8765, 0, 0): b' 746,20,16,1536,0,64,2,5,6,1,1,-52,0,408,8187,32,0,0 '
Received from ('fd00::200:0:0:f', 8765, 0, 0): b' 748,15,10,1280,0,55,3,8,7,1,2,-70,1,739,6530,38,0,0 '
Received from ('fd00::200:0:0:8', 8765, 0, 0): b' 749,8,4,768,0,62,2,2,7,1,1,-52,8,3765,24367,45,0,0 '
Received from ('fd00::200:0:0:15', 8765, 0, 0): b' 750,21,17,1536,0,43,2,7,5,1,1,-52,0,667,8597,24,0,0 '
Received from ('fd00::200:0:0:2', 8765, 0, 0): b' 749,2,1,512,0,65,4,1,5,1,1,-88,0,715,10398,49,0,0 '
Received from ('fd00::200:0:0:1', 5678, 0, 0): b' 751,1,0,256,0,6,0,0,4,0,0,0,10,2277,22457,684,0,0 '
Received from ('fd00::200:0:0:e', 8765, 0, 0): b' 751,14,11,1280,0,59,1,3,6,1,1,-70,0,799,11120,38,0,0 '
Received from ('fd00::200:0:0:5', 8765, 0, 0): b' 751,5,4,768,0,71,4,1,5,1,1,-52,0,596,10244,49,0,0 '
Received from ('fd00::200:0:0:12', 8765, 0, 0): b' 750,18,15,1536,0,61,2,4,5,1,1,-70,0,361,5074,38,0,0 '
Received from ('fd00::200:0:0:4', 8765, 0, 0): b' 752,4,1,512,0,54,4,1,6,1,1,-66,10,3841,25440,49,0,0 '
Received from ('fd00::200:0:0:11', 8765, 0, 0): b' 751,17,13,1280,10,52,7,5,5,1,3,-52,1,785,9339,31,0,0 '
Received from ('fd00::200:0:0:b', 8765, 0, 0): b' 752,11,8,1024,10,58,2,3,7,1,2,-70,1,1285,17538,38,0,0 '
Received from ('fd00::200:0:0:3', 8765, 0, 0): b' 753,3,1,512,0,68,4,2,7,1,1,-64,4,2121,17671,49,0,0 '
Received from ('fd00::200:0:0:13', 8765, 0, 0): b' 753,19,16,1536,0,67,1,4,7,1,1,-70,0,677,8204,36,0,0 '
Received from ('fd00::200:0:0:d', 8765, 0, 0): b' 755,13,8,1024,20,66,1,3,6,1,1,-70,5,1576,15231,41,0,0 '
Received from ('fd00::200:0:0:7', 8765, 0, 0): b' 754,7,3,768,0,72,3,1,7,1,1,-52,3,1723,15502,47,0,0 '
Received from ('fd00::200:0:0:1', 5678, 0, 0): b' 756,1,0,256,0,6,0,0,4,0,0,0,10,998,11111,689,0,0 '
Received from ('fd00::200:0:0:8', 8765, 0, 0): b' 757,8,4,768,10,67,2,2,7,1,1,-52,8,2730,18800,45,0,0 '
Received from ('fd00::200:0:0:10', 8765, 0, 0): b' 756,16,13,1280,10,73,1,4,7,1,1,-70,2,2107,21072,40,0,0 '
Received from ('fd00::200:0:0:a', 8765, 0, 0): b' 756,10,7,1024,10,74,2,3,7,1,1,-70,2,1531,17943,45,0,0 '
Received from ('fd00::200:0:0:14', 8765, 0, 0): b' 756,20,16,1536,10,66,2,5,6,1,1,-52,0,691,10339,33,0,0 '
Received from ('fd00::200:0:0:4', 8765, 0, 0): b' 760,4,1,512,10,56,4,1,7,1,1,-66,10,2896,19448,50,0,0 '
Received from ('fd00::200:0:0:15', 8765, 0, 0): b' 759,21,17,1536,0,44,2,7,5,1,1,-52,0,528,8370,24,0,0 '
Received from ('fd00::200:0:0:3', 8765, 0, 0): b' 759,3,1,512,10,71,4,2,7,1,1,-64,5,1171,10763,49,0,0 '
Received from ('fd00::200:0:0:f', 8765, 0, 0): b' 757,15,10,1280,0,57,3,8,7,1,2,-70,1,903,13424,38,0,0 '
Received from ('fd00::200:0:0:10', 8765, 0, 0): b' 760,16,13,1280,0,74,1,4,7,1,1,-70,2,733,8104,40,0,0 '
Received from ('fd00::200:0:0:5', 8765, 0, 0): b' 761,5,4,768,0,74,4,1,5,1,1,-52,0,796,11506,50,0,0 '
Received from ('fd00::200:0:0:2', 8765, 0, 0): b' 760,2,1,512,0,67,4,1,6,1,1,-88,1,918,13892,50,0,0 '
Received from ('fd00::200:0:0:d', 8765, 0, 0): b' 761,13,8,1024,20,66,1,3,7,1,1,-70,5,1511,12869,42,0,0 '
Received from ('fd00::200:0:0:e', 8765, 0, 0): b' 761,14,11,1280,0,64,1,3,7,1,1,-70,0,969,10686,38,0,0 '
Received from ('fd00::200:0:0:12', 8765, 0, 0): b' 762,18,15,1536,10,65,2,4,5,1,1,-70,0,822,11166,39,0,0 '
Received from ('fd00::200:0:0:14', 8765, 0, 0): b' 762,20,16,1536,0,66,2,5,7,1,1,-52,0,291,4924,33,0,0 '
Received from ('fd00::200:0:0:f', 8765, 0, 0): b' 762,15,10,1280,0,59,3,8,7,1,2,-70,1,904,6883,39,0,0 '
Received from ('fd00::200:0:0:1', 5678, 0, 0): b' 764,1,0,256,0,6,0,0,4,0,0,0,10,1644,15407,699,0,0 '
Received from ('fd00::200:0:0:11', 8765, 0, 0): b' 763,17,13,1280,10,55,7,5,6,1,3,-52,1,1340,15233,32,0,0 '
Received from ('fd00::200:0:0:b', 8765, 0, 0): b' 763,11,8,1024,0,62,2,3,7,1,2,-70,1,1661,19785,39,0,0 '
Received from ('fd00::200:0:0:8', 8765, 0, 0): b' 764,8,4,768,0,69,2,2,7,1,1,-52,8,2592,17962,46,0,0 '
Received from ('fd00::200:0:0:5', 8765, 0, 0): b' 765,5,4,768,0,75,4,1,5,1,1,-52,0,385,5299,50,0,0 '
Received from ('fd00::200:0:0:7', 8765, 0, 0): b' 764,7,3,768,20,78,3,1,7,1,1,-52,4,2222,18865,48,0,0 '
Received from ('fd00::200:0:0:13', 8765, 0, 0): b' 765,19,16,1536,0,68,1,4,7,1,1,-70,0,608,10070,37,0,0 '
Received from ('fd00::200:0:0:11', 8765, 0, 0): b' 767,17,13,1280,0,56,7,5,6,1,3,-52,1,470,5691,32,0,0 '
Received from ('fd00::200:0:0:e', 8765, 0, 0): b' 766,14,11,1280,10,66,1,3,7,1,1,-70,0,523,5814,39,0,0 '
Received from ('fd00::200:0:0:1', 5678, 0, 0): b' 768,1,0,256,0,6,0,0,4,0,0,0,10,886,9141,704,0,0 '
Received from ('fd00::200:0:0:d', 8765, 0, 0): b' 768,13,8,1024,0,66,1,3,7,1,1,-70,5,1461,13983,42,0,0 '
Received from ('fd00::200:0:0:15', 8765, 0, 0): b' 768,21,17,1536,10,45,2,7,5,1,1,-52,0,681,9059,25,0,0 '
Received from ('fd00::200:0:0:12', 8765, 0, 0): b' 769,18,15,1536,0,67,2,4,5,1,1,-70,0,720,6889,39,0,0 '
Received from ('fd00::200:0:0:2', 8765, 0, 0): b' 769,2,1,512,0,68,4,1,6,1,1,-88,1,628,11157,51,0,0 '
Received from ('fd00::200:0:0:4', 8765, 0, 0): b' 770,4,1,512,0,59,4,1,7,1,1,-66,10,4039,25640,50,0,0 '
Received from ('fd00::200:0:0:a', 8765, 0, 0): b' 768,10,7,1024,0,79,3,3,7,1,1,-70,3,2559,21819,46,0,0 '
Received from ('fd00::200:0:0:7', 8765, 0, 0): b' 769,7,3,768,10,81,3,1,7,1,1,-52,4,1315,10341,48,0,0 '
Received from ('fd00::200:0:0:5', 8765, 0, 0): b' 769,5,4,768,10,76,4,1,5,1,1,-52,0,259,5951,50,0,0 '
Received from ('fd00::200:0:0:f', 8765, 0, 0): b' 768,15,10,1280,0,61,3,8,7,1,2,-70,1,775,8343,39,0,0 '
Received from ('fd00::200:0:0:3', 8765, 0, 0): b' 770,3,1,512,0,73,4,2,7,1,1,-64,5,2963,22640,50,0,0 '
Received from ('fd00::200:0:0:11', 8765, 0, 0): b' 771,17,13,1280,0,59,7,5,6,1,3,-52,1,859,6422,33,0,0 '
Received from ('fd00::200:0:0:10', 8765, 0, 0): b' 772,16,13,1280,0,75,1,4,7,1,1,-70,2,1477,20647,41,0,0 '
Received from ('fd00::200:0:0:14', 8765, 0, 0): b' 773,20,16,1536,10,67,2,5,7,1,1,-52,0,599,10844,34,0,0 '
Received from ('fd00::200:0:0:1', 5678, 0, 0): b' 776,1,0,256,0,6,0,0,4,0,0,0,10,1608,15181,711,0,0 '
Received from ('fd00::200:0:0:8', 8765, 0, 0): b' 775,8,4,768,10,72,2,2,7,1,1,-52,9,3310,25667,47,0,0 '
Received from ('fd00::200:0:0:b', 8765, 0, 0): b' 774,11,8,1024,10,66,2,4,7,1,2,-70,2,1295,18152,40,0,0 '
Received from ('fd00::200:0:0:d', 8765, 0, 0): b' 775,13,8,1024,10,67,1,3,7,1,1,-70,5,1735,16507,43,0,0 '
Received from ('fd00::200:0:0:13', 8765, 0, 0): b' 775,19,16,1536,0,72,1,4,7,1,1,-70,0,844,9671,37,0,0 '
Received from ('fd00::200:0:0:4', 8765, 0, 0): b' 777,4,1,512,50,63,4,1,7,1,1,-66,10,2865,18518,51,0,0 '
Received from ('fd00::200:0:0:11', 8765, 0, 0): b' 776,17,13,1280,0,59,7,5,7,1,3,-52,1,336,5349,33,0,0 '
Received from ('fd00::200:0:0:3', 8765, 0, 0): b' 778,3,1,512,10,75,4,2,7,1,1,-64,5,1028,12429,51,0,0 '
Received from ('fd00::200:0:0:12', 8765, 0, 0): b' 775,18,15,1536,10,70,2,4,5,1,1,-70,0,653,7690,40,0,0 '
Received from ('fd00::200:0:0:a', 8765, 0, 0): b' 777,10,7,1024,0,82,3,3,7,1,1,-70,3,1494,15415,46,0,0 '
Received from ('fd00::200:0:0:15', 8765, 0, 0): b' 776,21,17,1536,0,47,2,7,5,1,1,-52,0,692,8294,26,0,0 '
Received from ('fd00::200:0:0:e', 8765, 0, 0): b' 777,14,11,1280,0,67,1,3,7,1,1,-70,0,669,10827,40,0,0 '
Received from ('fd00::200:0:0:2', 8765, 0, 0): b' 779,2,1,512,0,72,4,1,6,1,1,-88,1,926,13493,51,0,0 '
Received from ('fd00::200:0:0:10', 8765, 0, 0): b' 781,16,13,1280,0,79,1,4,7,1,1,-70,2,1753,18563,41,0,0 '
Received from ('fd00::200:0:0:7', 8765, 0, 0): b' 779,7,3,768,20,84,3,1,7,1,1,-52,4,1662,18255,49,0,0 '
Received from ('fd00::200:0:0:5', 8765, 0, 0): b' 782,5,4,768,0,77,4,1,6,1,1,-52,0,731,14667,51,0,0 '
Received from ('fd00::200:0:0:b', 8765, 0, 0): b' 782,11,8,1024,0,69,2,4,7,1,2,-70,2,1322,12535,40,0,0 '
Received from ('fd00::200:0:0:f', 8765, 0, 0): b' 780,15,10,1280,0,67,4,8,7,1,2,-70,1,1800,16420,40,0,0 '
Received from ('fd00::200:0:0:8', 8765, 0, 0): b' 784,8,4,768,10,73,2,2,7,1,1,-52,9,2535,20215,47,0,0 '
Received from ('fd00::200:0:0:1', 5678, 0, 0): b' 784,1,0,256,0,6,0,0,4,0,0,0,10,1759,17156,722,0,0 '
Received from ('fd00::200:0:0:14', 8765, 0, 0): b' 783,20,16,1536,0,70,2,5,7,1,1,-52,0,852,9189,35,0,0 '
Received from ('fd00::200:0:0:a', 8765, 0, 0): b' 782,10,7,1024,0,84,3,3,7,1,1,-70,3,884,9202,47,0,0 '
Received from ('fd00::200:0:0:d', 8765, 0, 0): b' 785,13,8,1024,0,71,1,3,7,1,1,-70,5,2257,19112,43,0,0 '
Received from ('fd00::200:0:0:e', 8765, 0, 0): b' 784,14,11,1280,0,71,1,3,7,1,1,-70,0,699,7230,40,0,0 '
Received from ('fd00::200:0:0:2', 8765, 0, 0): b' 785,2,1,512,0,73,4,1,6,1,1,-88,1,484,6744,52,0,0 '
Received from ('fd00::200:0:0:12', 8765, 0, 0): b' 784,18,15,1536,0,71,2,4,5,1,1,-70,0,432,7809,40,0,0 '
Received from ('fd00::200:0:0:13', 8765, 0, 0): b' 784,19,16,1536,0,75,1,4,7,1,1,-70,0,768,8541,38,0,0 '
Received from ('fd00::200:0:0:3', 8765, 0, 0): b' 785,3,1,512,20,79,4,2,7,1,1,-64,5,1952,14458,51,0,0 '
Received from ('fd00::200:0:0:11', 8765, 0, 0): b' 786,17,13,1280,0,61,7,5,7,1,3,-52,1,1000,13139,34,0,0 '
Received from ('fd00::200:0:0:b', 8765, 0, 0): b' 788,11,8,1024,0,70,2,4,7,1,2,-70,2,713,8704,41,0,0 '
Received from ('fd00::200:0:0:4', 8765, 0, 0): b' 787,4,1,512,10,65,4,1,7,1,1,-66,10,3869,25473,51,0,0 '
Received from ('fd00::200:0:0:5', 8765, 0, 0): b' 788,5,4,768,0,79,4,1,6,1,1,-52,0,488,7421,51,0,0 '
Received from ('fd00::200:0:0:15', 8765, 0, 0): b' 787,21,17,1536,0,48,2,7,5,1,1,-52,0,528,9984,26,0,0 '
Received from ('fd00::200:0:0:8', 8765, 0, 0): b' 790,8,4,768,0,76,2,2,7,1,1,-52,9,2504,15865,48,0,0 '
Received from ('fd00::200:0:0:7', 8765, 0, 0): b' 790,7,3,768,0,87,3,2,7,1,1,-52,4,2048,18796,49,0,0 '
Received from ('fd00::200:0:0:d', 8765, 0, 0): b' 791,13,8,1024,0,72,1,3,7,1,1,-70,5,1360,13637,44,0,0 '
Received from ('fd00::200:0:0:4', 8765, 0, 0): b' 792,4,1,512,20,66,4,1,7,1,1,-66,10,1665,10434,52,0,0 '
Received from ('fd00::200:0:0:f', 8765, 0, 0): b' 790,15,10,1280,0,71,4,8,7,1,2,-70,1,1350,12826,41,0,0 '
Received from ('fd00::200:0:0:2', 8765, 0, 0): b' 793,2,1,512,0,76,4,1,6,1,1,-88,1,793,9177,52,0,0 '
Received from ('fd00::200:0:0:1', 5678, 0, 0): b' 793,1,0,256,0,6,0,0,4,0,0,0,10,1896,18521,732,0,0 '
Received from ('fd00::200:0:0:10', 8765, 0, 0): b' 793,16,13,1280,0,82,1,4,7,1,1,-70,2,1795,21260,42,0,0 '
Received from ('fd00::200:0:0:14', 8765, 0, 0): b' 793,20,16,1536,0,75,2,5,7,1,1,-52,0,956,9751,35,0,0 '
Received from ('fd00::200:0:0:e', 8765, 0, 0): b' 793,14,11,1280,0,75,1,3,7,1,1,-70,0,965,9228,41,0,0 '
Received from ('fd00::200:0:0:a', 8765, 0, 0): b' 791,10,7,1024,0,89,3,3,7,1,1,-70,3,1627,14801,47,0,0 '
Received from ('fd00::200:0:0:11', 8765, 0, 0): b' 795,17,13,1280,0,63,7,5,7,1,3,-52,1,1043,12477,34,0,0 '
Received from ('fd00::200:0:0:8', 8765, 0, 0): b' 796,8,4,768,0,78,2,2,7,1,1,-52,10,1853,13698,48,0,0 '
Received from ('fd00::200:0:0:12', 8765, 0, 0): b' 795,18,15,1536,0,72,3,4,5,1,1,-70,0,730,10387,41,0,0 '
Received from ('fd00::200:0:0:9', 8765, 0, 0): b' 780,9,13,1408,50,8,4,13,3,0,3,-52,0,1372,10715,2,0,0 '
Received from ('fd00::200:0:0:9', 8765, 0, 0): b' 787,9,13,1408,60,10,4,13,3,0,3,-52,0,752,5744,2,0,0 '
Received from ('fd00::200:0:0:3', 8765, 0, 0): b' 798,3,1,512,10,85,4,2,7,1,1,-64,5,2999,22148,52,0,0 '
Received from ('fd00::200:0:0:7', 8765, 0, 0): b' 799,7,3,768,0,90,3,2,7,1,1,-52,4,1605,13644,50,0,0 '
Received from ('fd00::200:0:0:13', 8765, 0, 0): b' 796,19,16,1536,0,81,1,4,7,1,1,-70,0,1137,11505,39,0,0 '
Received from ('fd00::200:0:0:2', 8765, 0, 0): b' 799,2,1,512,0,79,4,1,6,1,1,-88,1,693,8002,53,0,0 '
Received from ('fd00::200:0:0:15', 8765, 0, 0): b' 795,21,17,1536,0,49,2,7,5,1,1,-52,0,463,7512,27,0,0 '
Received from ('fd00::200:0:0:5', 8765, 0, 0): b' 799,5,4,768,0,81,4,1,6,1,1,-52,0,740,13975,52,0,0 '
Received from ('fd00::200:0:0:f', 8765, 0, 0): b' 797,15,10,1280,0,77,4,8,7,1,2,-70,1,1401,10763,41,0,0 '
Received from ('fd00::200:0:0:9', 8765, 0, 0): b' 791,9,13,1408,90,10,4,13,3,0,3,-52,0,264,3357,2,0,0 '
Received from ('fd00::200:0:0:b', 8765, 0, 0): b' 799,11,8,1024,0,73,2,4,7,1,2,-70,2,1669,18723,42,0,0 '
Received from ('fd00::200:0:0:1', 5678, 0, 0): b' 802,1,0,256,0,6,0,0,4,0,0,0,10,2039,19407,740,0,0 '
Received from ('fd00::200:0:0:6', 8765, 0, 0): b' 769,6,2,896,60,5,1,13,6,0,1,-52,0,1567,10477,1,0,0 '
Received from ('fd00::200:0:0:6', 8765, 0, 0): b' 775,6,2,896,60,7,1,13,6,0,1,-52,0,482,5491,1,0,0 '
Received from ('fd00::200:0:0:4', 8765, 0, 0): b' 803,4,1,512,70,75,4,1,7,1,1,-66,10,4738,28679,52,0,0 '
Received from ('fd00::200:0:0:6', 8765, 0, 0): b' 786,6,2,896,60,9,1,13,6,0,1,-52,0,1461,9207,2,0,0 '
Received from ('fd00::200:0:0:7', 8765, 0, 0): b' 803,7,3,768,0,90,3,2,7,1,1,-52,4,604,8404,50,0,0 '
Received from ('fd00::200:0:0:6', 8765, 0, 0): b' 796,6,2,896,90,11,1,13,6,0,1,-52,0,1364,10462,3,0,0 '
Received from ('fd00::200:0:0:14', 8765, 0, 0): b' 800,20,16,1536,0,78,2,5,7,1,1,-52,0,677,7235,36,0,0 '
Received from ('fd00::200:0:0:a', 8765, 0, 0): b' 804,10,7,1024,0,92,3,3,7,1,1,-70,3,1582,18686,48,0,0 '
Received from ('fd00::200:0:0:d', 8765, 0, 0): b' 800,13,8,1024,10,75,1,3,7,1,1,-70,6,3510,22681,44,0,0 '
Received from ('fd00::200:0:0:f', 8765, 0, 0): b' 802,15,10,1280,0,80,4,8,7,1,2,-70,1,618,6552,41,0,0 '
Received from ('fd00::200:0:0:10', 8765, 0, 0): b' 801,16,13,1280,10,85,1,4,7,1,1,-70,2,1747,17809,42,0,0 '
Received from ('fd00::200:0:0:6', 8765, 0, 0): b' 805,6,2,768,0,15,1,13,7,1,1,-52,0,1695,10496,3,0,0 '
Received from ('fd00::200:0:0:12', 8765, 0, 0): b' 804,18,15,1536,0,75,3,4,5,1,1,-70,0,799,9501,42,0,0 '
Received from ('fd00::200:0:0:8', 8765, 0, 0): b' 804,8,4,768,60,81,3,2,7,1,1,-52,10,3850,23889,49,0,0 '
Received from ('fd00::200:0:0:13', 8765, 0, 0): b' 801,19,16,1536,0,84,1,4,7,1,1,-70,0,599,5251,39,0,0 '
Received from ('fd00::200:0:0:5', 8765, 0, 0): b' 805,5,4,768,0,82,5,1,6,1,1,-52,0,461,8477,52,0,0 '
Received from ('fd00::200:0:0:15', 8765, 0, 0): b' 802,21,17,1536,0,51,2,7,5,1,1,-52,0,587,6089,27,0,0 '
Received from ('fd00::200:0:0:2', 8765, 0, 0): b' 809,2,1,512,0,79,4,1,6,1,1,-88,1,1856,18015,53,0,0 '
Received from ('fd00::200:0:0:3', 8765, 0, 0): b' 809,3,1,512,0,89,4,2,7,1,1,-64,5,2177,19828,53,0,0 '
Received from ('fd00::200:0:0:11', 8765, 0, 0): b' 804,17,13,1280,0,66,7,5,7,1,3,-52,1,1333,11809,35,0,0 '
Received from ('fd00::200:0:0:f', 8765, 0, 0): b' 808,15,10,1280,0,81,4,8,7,1,2,-70,1,733,7313,42,0,0 '
Received from ('fd00::200:0:0:14', 8765, 0, 0): b' 804,20,16,1536,0,78,2,5,7,1,1,-52,0,252,4166,36,0,0 '
Received from ('fd00::200:0:0:b', 8765, 0, 0): b' 806,11,8,1024,10,77,3,4,7,1,2,-70,2,1423,13200,42,0,0 '
Received from ('fd00::200:0:0:7', 8765, 0, 0): b' 810,7,3,768,0,92,3,2,7,1,1,-52,4,1682,13636,51,0,0 '
Received from ('fd00::200:0:0:e', 8765, 0, 0): b' 805,14,11,1280,0,78,1,3,7,1,1,-70,0,466,4367,41,0,0 '
Received from ('fd00::200:0:0:4', 8765, 0, 0): b' 811,4,1,512,60,76,4,1,7,1,1,-66,10,3902,24139,53,0,0 '
Received from ('fd00::200:0:0:1', 5678, 0, 0): b' 812,1,0,256,0,6,0,0,4,0,0,0,10,2399,22037,758,0,0 '
Received from ('fd00::200:0:0:10', 8765, 0, 0): b' 810,16,13,1280,0,88,1,4,7,1,1,-70,2,1434,15812,43,0,0 '
Received from ('fd00::200:0:0:6', 8765, 0, 0): b' 812,6,2,768,0,17,1,13,7,1,1,-52,0,746,7061,4,0,0 '
Received from ('fd00::200:0:0:11', 8765, 0, 0): b' 811,17,13,1280,0,67,7,5,7,1,3,-52,1,671,10037,35,0,0 '
Received from ('fd00::200:0:0:d', 8765, 0, 0): b' 810,13,8,1024,10,77,2,3,7,1,1,-70,6,3072,27348,45,0,0 '
Received from ('fd00::200:0:0:a', 8765, 0, 0): b' 814,10,7,1024,0,97,3,3,7,1,1,-70,3,1727,16576,49,0,0 '
Received from ('fd00::200:0:0:14', 8765, 0, 0): b' 812,20,16,1536,0,81,2,5,7,1,1,-52,0,774,7883,37,0,0 '
Received from ('fd00::200:0:0:13', 8765, 0, 0): b' 813,19,16,1536,0,88,1,4,7,1,1,-70,0,929,11469,40,0,0 '
Received from ('fd00::200:0:0:15', 8765, 0, 0): b' 813,21,17,1536,0,54,2,7,5,1,1,-52,0,822,10247,28,0,0 '
Received from ('fd00::200:0:0:4', 8765, 0, 0): b' 816,4,1,512,40,78,4,1,7,1,1,-66,10,2421,14166,53,0,0 '
Received from ('fd00::200:0:0:2', 8765, 0, 0): b' 816,2,1,512,0,80,4,1,6,1,1,-88,1,905,11483,54,0,0 '
Received from ('fd00::200:0:0:8', 8765, 0, 0): b' 815,8,4,768,0,86,3,4,7,2,1,-52,10,4433,24885,49,0,0 '
Received from ('fd00::200:0:0:d', 8765, 0, 0): b' 815,13,8,1024,0,79,2,3,7,1,1,-70,6,1227,9903,45,0,0 '
Received from ('fd00::200:0:0:12', 8765, 0, 0): b' 816,18,15,1536,0,77,3,4,5,1,1,-70,0,838,10989,42,0,0 '
Received from ('fd00::200:0:0:1', 5678, 0, 0): b' 819,1,0,256,0,6,0,0,4,0,0,0,10,1226,13413,763,0,0 '
Received from ('fd00::200:0:0:b', 8765, 0, 0): b' 817,11,8,1024,0,81,3,4,7,1,2,-70,2,1546,18084,43,0,0 '
Received from ('fd00::200:0:0:3', 8765, 0, 0): b' 820,3,1,512,0,94,4,2,7,1,1,-64,5,1971,18157,53,0,0 '
Received from ('fd00::200:0:0:e', 8765, 0, 0): b' 816,14,11,1280,10,83,1,3,7,1,1,-70,0,1036,10787,42,0,0 '
Received from ('fd00::200:0:0:f', 8765, 0, 0): b' 817,15,10,1280,10,82,4,8,7,1,2,-70,1,841,11643,42,0,0 '
Received from ('fd00::200:0:0:c', 8765, 0, 0): b' 795,12,11,1408,70,9,3,13,5,0,2,-52,0,995,10566,2,0,0 '
Received from ('fd00::200:0:0:4', 8765, 0, 0): b' 820,4,1,512,90,79,4,1,7,1,1,-66,10,1992,12968,53,0,0 '
Received from ('fd00::200:0:0:7', 8765, 0, 0): b' 821,7,3,768,10,94,3,2,7,1,1,-52,3,1635,18326,51,0,0 '
Received from ('fd00::200:0:0:6', 8765, 0, 0): b' 822,6,2,768,0,21,1,13,7,1,1,-52,0,931,9443,4,0,0 '
Received from ('fd00::200:0:0:a', 8765, 0, 0): b' 822,10,7,1024,10,98,3,3,7,1,1,-70,2,1232,13527,49,0,0 '
Received from ('fd00::200:0:0:f', 8765, 0, 0): b' 821,15,10,1280,0,84,4,8,7,1,2,-70,1,753,6397,43,0,0 '
Received from ('fd00::200:0:0:13', 8765, 0, 0): b' 821,19,16,1536,0,90,1,4,7,1,1,-70,0,491,7350,40,0,0 '
Received from ('fd00::200:0:0:2', 8765, 0, 0): b' 824,2,1,512,0,82,4,1,6,1,1,-88,1,879,12585,54,0,0 '
Received from ('fd00::200:0:0:11', 8765, 0, 0): b' 822,17,13,1280,0,69,8,5,7,1,3,-52,1,1114,13656,36,0,0 '
Received from ('fd00::200:0:0:8', 8765, 0, 0): b' 822,8,4,768,0,87,3,5,7,2,1,-52,10,4257,23410,50,0,0 '
Received from ('fd00::200:0:0:d', 8765, 0, 0): b' 823,13,8,1024,10,82,3,3,7,1,1,-70,6,2037,18737,46,0,0 '
Received from ('fd00::200:0:0:7', 8765, 0, 0): b' 826,7,3,768,0,96,3,2,7,1,1,-52,3,1256,9548,52,0,0 '
Received from ('fd00::200:0:0:a', 8765, 0, 0): b' 827,10,7,1024,0,100,3,3,7,1,1,-70,2,754,7931,50,0,0 '
Received from ('fd00::200:0:0:b', 8765, 0, 0): b' 824,11,8,1024,0,86,4,4,7,1,2,-70,2,1235,12640,43,0,0 '
Received from ('fd00::200:0:0:4', 8765, 0, 0): b' 827,4,1,512,90,84,4,1,7,1,1,-66,10,2925,19629,54,0,0 '
Received from ('fd00::200:0:0:12', 8765, 0, 0): b' 825,18,15,1536,0,80,3,4,5,1,1,-70,0,1331,10796,43,0,0 '
Received from ('fd00::200:0:0:1', 5678, 0, 0): b' 828,1,0,256,0,6,0,0,4,0,0,0,10,2168,19174,777,0,0 '
Received from ('fd00::200:0:0:6', 8765, 0, 0): b' 828,6,2,768,0,22,1,13,7,1,1,-52,0,603,6137,5,0,0 '
Received from ('fd00::200:0:0:3', 8765, 0, 0): b' 829,3,1,512,0,97,4,2,7,1,1,-64,4,2589,17553,54,0,0 '
Received from ('fd00::200:0:0:14', 8765, 0, 0): b' 825,20,16,1536,0,83,2,5,7,1,1,-52,0,252,4368,37,0,0 '
Received from ('fd00::200:0:0:8', 8765, 0, 0): b' 827,8,4,768,10,87,3,5,7,2,1,-52,10,1475,11083,50,0,0 '
Received from ('fd00::200:0:0:f', 8765, 0, 0): b' 827,15,10,1280,10,86,4,8,7,1,2,-70,1,753,7794,43,0,0 '
Received from ('fd00::200:0:0:e', 8765, 0, 0): b' 828,14,11,1280,0,85,2,3,7,1,1,-70,0,768,10970,43,0,0 '
Received from ('fd00::200:0:0:c', 8765, 0, 0): b' 828,12,8,1024,10,20,6,13,7,1,3,-52,0,1221,11289,5,0,0 '
Received from ('fd00::200:0:0:10', 8765, 0, 0): b' 828,16,13,1280,10,97,2,4,7,1,1,-70,2,2024,18839,44,0,0 '
Received from ('fd00::200:0:0:d', 8765, 0, 0): b' 830,13,8,1024,0,83,3,3,7,1,1,-70,6,1870,17586,46,0,0 '
Received from ('fd00::200:0:0:11', 8765, 0, 0): b' 830,17,13,1280,0,70,8,5,7,1,3,-52,1,1022,12101,37,0,0 '
Received from ('fd00::200:0:0:7', 8765, 0, 0): b' 831,7,3,768,0,98,3,2,7,1,1,-52,3,1201,10250,52,0,0 '
Received from ('fd00::200:0:0:8', 8765, 0, 0): b' 832,8,4,768,0,87,3,6,7,2,1,-52,10,2004,14980,50,0,0 '
Received from ('fd00::200:0:0:a', 8765, 0, 0): b' 831,10,7,1024,0,104,3,3,7,1,1,-70,2,1137,9242,50,0,0 '
Received from ('fd00::200:0:0:13', 8765, 0, 0): b' 833,19,16,1536,0,94,2,4,7,1,1,-70,0,1003,11127,41,0,0 '
Received from ('fd00::200:0:0:9', 8765, 0, 0): b' 811,9,4,896,90,15,7,13,5,0,4,-70,0,842,4163,4,0,0 '
Received from ('fd00::200:0:0:9', 8765, 0, 0): b' 822,9,4,896,80,19,7,13,6,0,4,-70,0,1201,10601,4,0,0 '
Received from ('fd00::200:0:0:1', 5678, 0, 0): b' 833,1,0,256,0,6,0,0,4,0,0,0,10,1524,13506,784,0,0 '
Received from ('fd00::200:0:0:2', 8765, 0, 0): b' 833,2,1,512,0,84,4,1,6,1,1,-88,1,1074,14462,55,0,0 '
Received from ('fd00::200:0:0:9', 8765, 0, 0): b' 831,9,4,896,60,22,7,13,6,0,4,-70,0,840,8220,5,0,0 '
Received from ('fd00::200:0:0:15', 8765, 0, 0): b' 833,21,17,1536,0,59,2,7,5,1,1,-52,0,702,10089,29,0,0 '
Received from ('fd00::200:0:0:b', 8765, 0, 0): b' 834,11,8,1024,10,88,4,4,7,1,2,-70,2,1295,16328,44,0,0 '
Received from ('fd00::200:0:0:e', 8765, 0, 0): b' 834,14,11,1280,0,87,2,3,7,1,1,-70,0,491,5673,43,0,0 '
Received from ('fd00::200:0:0:4', 8765, 0, 0): b' 836,4,1,512,0,88,4,1,7,2,1,-66,10,5597,29289,54,0,0 '
Received from ('fd00::200:0:0:f', 8765, 0, 0): b' 834,15,10,1280,0,88,4,8,7,1,2,-70,1,627,8331,43,0,0 '
Received from ('fd00::200:0:0:14', 8765, 0, 0): b' 836,20,16,1536,0,86,4,5,7,1,1,-52,0,976,11492,38,0,0 '
Received from ('fd00::200:0:0:6', 8765, 0, 0): b' 837,6,2,768,0,27,1,13,7,1,1,-52,0,923,8918,5,0,0 '
Received from ('fd00::200:0:0:8', 8765, 0, 0): b' 837,8,4,768,0,90,3,6,7,2,1,-52,10,2502,14926,51,0,0 '
Received from ('fd00::200:0:0:10', 8765, 0, 0): b' 837,16,13,1280,10,104,3,4,7,1,1,-70,2,2233,17805,45,0,0 '
Received from ('fd00::200:0:0:7', 8765, 0, 0): b' 837,7,3,768,20,100,3,2,7,1,1,-52,3,1054,9378,52,0,0 '
Received from ('fd00::200:0:0:3', 8765, 0, 0): b' 838,3,1,512,20,101,4,2,7,1,1,-64,4,2047,17213,55,0,0 '
Received from ('fd00::200:0:0:5', 8765, 0, 0): b' 837,5,4,768,0,92,5,1,6,1,1,-52,0,949,15137,55,0,0 '
Received from ('fd00::200:0:0:9', 8765, 0, 0): b' 837,9,4,768,0,26,7,13,6,1,4,-70,0,1245,7595,5,0,0 '
Received from ('fd00::200:0:0:12', 8765, 0, 0): b' 833,18,15,1536,20,83,3,4,5,1,1,-70,0,788,7689,44,0,0 '
Received from ('fd00::200:0:0:13', 8765, 0, 0): b' 838,19,16,1536,10,96,3,4,7,1,1,-70,0,548,5109,41,0,0 '
Received from ('fd00::200:0:0:c', 8765, 0, 0): b' 839,12,8,1024,0,24,6,13,7,1,3,-52,0,942,9723,5,0,0 '
Received from ('fd00::200:0:0:11', 8765, 0, 0): b' 839,17,13,1280,0,71,9,5,7,1,3,-52,1,898,12049,37,0,0 '
Received from ('fd00::200:0:0:d', 8765, 0, 0): b' 840,13,8,1024,0,83,3,3,7,1,1,-70,6,2656,24081,47,0,0 '
Received from ('fd00::200:0:0:a', 8765, 0, 0): b' 840,10,7,1024,0,106,3,3,7,1,1,-70,2,1160,13629,50,0,0 '
Received from ('fd00::200:0:0:12', 8765, 0, 0): b' 839,18,15,1536,0,85,3,4,5,1,1,-70,0,1049,7318,44,0,0 '
Received from ('fd00::200:0:0:15', 8765, 0, 0): b' 841,21,17,1536,0,61,2,7,5,1,1,-52,0,668,7891,30,0,0 '
Received from ('fd00::200:0:0:7', 8765, 0, 0): b' 841,7,3,768,10,101,3,2,7,1,1,-52,3,1019,7972,53,0,0 '
Received from ('fd00::200:0:0:14', 8765, 0, 0): b' 842,20,16,1536,10,88,4,5,7,1,1,-52,0,467,4988,38,0,0 '
Received from ('fd00::200:0:0:9', 8765, 0, 0): b' 841,9,4,768,0,27,7,13,6,1,4,-70,0,510,4734,6,0,0 '
Received from ('fd00::200:0:0:f', 8765, 0, 0): b' 841,15,10,1280,0,89,4,8,7,1,2,-70,1,992,9206,44,0,0 '
Received from ('fd00::200:0:0:5', 8765, 0, 0): b' 842,5,4,768,0,95,5,1,6,1,1,-52,0,589,6292,55,0,0 '
Received from ('fd00::200:0:0:13', 8765, 0, 0): b' 844,19,16,1536,10,99,3,4,7,1,1,-70,0,654,6213,42,0,0 '
Received from ('fd00::200:0:0:1', 5678, 0, 0): b' 844,1,0,256,0,6,0,0,4,0,0,0,10,2918,26651,803,0,0 '
Received from ('fd00::200:0:0:c', 8765, 0, 0): b' 844,12,8,1024,0,26,6,13,7,1,3,-52,0,642,5601,6,0,0 '
Received from ('fd00::200:0:0:2', 8765, 0, 0): b' 844,2,1,512,0,89,4,1,6,1,1,-88,1,1566,17304,56,0,0 '
Received from ('fd00::200:0:0:6', 8765, 0, 0): b' 844,6,2,768,0,32,1,13,7,1,1,-52,0,1076,8078,6,0,0 '
Received from ('fd00::200:0:0:b', 8765, 0, 0): b' 845,11,8,1024,0,92,4,4,7,1,2,-70,2,1310,16534,45,0,0 '
Received from ('fd00::200:0:0:a', 8765, 0, 0): b' 844,10,7,1024,0,106,3,3,7,1,1,-70,2,769,7280,51,0,0 '
Received from ('fd00::200:0:0:11', 8765, 0, 0): b' 845,17,13,1280,10,71,9,5,7,1,3,-52,1,566,6225,38,0,0 '
Received from ('fd00::200:0:0:8', 8765, 0, 0): b' 846,8,4,768,10,91,3,6,7,2,1,-52,10,3337,23425,51,0,0 '
Received from ('fd00::200:0:0:e', 8765, 0, 0): b' 845,14,11,1280,0,87,2,3,7,1,1,-70,0,543,10322,44,0,0 '
Received from ('fd00::200:0:0:d', 8765, 0, 0): b' 847,13,8,1024,20,85,3,3,7,1,1,-70,6,1698,15487,48,0,0 '
Received from ('fd00::200:0:0:10', 8765, 0, 0): b' 847,16,13,1280,10,106,3,4,7,1,1,-70,2,1632,18092,45,0,0 '
Received from ('fd00::200:0:0:3', 8765, 0, 0): b' 847,3,1,512,0,103,4,2,7,1,1,-64,4,2022,17782,55,0,0 '
Received from ('fd00::200:0:0:4', 8765, 0, 0): b' 848,4,1,512,0,91,4,1,7,2,1,-66,10,5902,38250,55,0,0 '
Received from ('fd00::200:0:0:14', 8765, 0, 0): b' 848,20,16,1536,0,89,4,5,7,1,1,-52,0,530,6727,39,0,0 '
Received from ('fd00::200:0:0:b', 8765, 0, 0): b' 849,11,8,1024,0,95,4,4,7,1,2,-70,2,804,7451,45,0,0 '
Received from ('fd00::200:0:0:7', 8765, 0, 0): b' 849,7,3,768,10,107,3,2,7,1,1,-52,3,1613,14282,53,0,0 '
Received from ('fd00::200:0:0:15', 8765, 0, 0): b' 849,21,17,1536,10,63,2,7,5,1,1,-52,0,407,7573,30,0,0 '
Received from ('fd00::200:0:0:a', 8765, 0, 0): b' 848,10,7,1024,10,106,3,3,7,1,1,-70,2,336,6609,51,0,0 '
Received from ('fd00::200:0:0:12', 8765, 0, 0): b' 849,18,15,1536,0,87,3,4,5,1,1,-70,0,846,9335,45,0,0 '
Received from ('fd00::200:0:0:5', 8765, 0, 0): b' 851,5,4,768,0,97,5,1,6,1,1,-52,0,567,10591,56,0,0 '
Received from ('fd00::200:0:0:f', 8765, 0, 0): b' 850,15,10,1280,0,91,4,8,7,1,2,-70,1,989,11003,44,0,0 '
Received from ('fd00::200:0:0:1', 5678, 0, 0): b' 851,1,0,256,0,6,0,0,4,0,0,0,10,1438,17473,809,0,0 '
Received from ('fd00::200:0:0:c', 8765, 0, 0): b' 851,12,8,1024,10,29,6,13,7,1,3,-52,0,610,7712,6,0,0 '
Received from ('fd00::200:0:0:11', 8765, 0, 0): b' 852,17,13,1280,0,72,9,5,7,1,3,-52,1,723,9336,38,0,0 '
Received from ('fd00::200:0:0:9', 8765, 0, 0): b' 853,9,4,768,0,33,7,13,6,1,4,-70,0,1151,10442,6,0,0 '
Received from ('fd00::200:0:0:13', 8765, 0, 0): b' 853,19,16,1536,0,100,3,4,7,1,1,-70,0,671,8782,42,0,0 '
Received from ('fd00::200:0:0:3', 8765, 0, 0): b' 852,3,1,512,0,103,4,2,7,1,1,-64,4,1197,8987,55,0,0 '
Received from ('fd00::200:0:0:e', 8765, 0, 0): b' 852,14,11,1280,10,89,2,3,7,1,1,-70,0,575,6706,45,0,0 '
Received from ('fd00::200:0:0:2', 8765, 0, 0): b' 853,2,1,512,10,93,4,1,6,1,1,-88,1,1165,14917,56,0,0 '
Received from ('fd00::200:0:0:7', 8765, 0, 0): b' 854,7,3,768,10,110,3,2,7,1,1,-52,3,1242,9941,54,0,0 '
Received from ('fd00::200:0:0:8', 8765, 0, 0): b' 855,8,4,768,0,92,3,6,7,2,1,-52,10,3146,23871,52,0,0 '
Received from ('fd00::200:0:0:14', 8765, 0, 0): b' 855,20,16,1536,0,92,4,5,7,1,1,-52,0,694,7176,39,0,0 '
Received from ('fd00::200:0:0:6', 8765, 0, 0): b' 855,6,2,768,10,37,1,13,7,1,1,-52,0,1000,11007,7,0,0 '
Received from ('fd00::200:0:0:15', 8765, 0, 0): b' 855,21,17,1536,0,64,2,7,5,1,1,-52,0,547,5787,31,0,0 '
Received from ('fd00::200:0:0:4', 8765, 0, 0): b' 856,4,1,512,10,93,4,1,7,2,1,-66,10,3790,26289,56,0,0 '
Received from ('fd00::200:0:0:d', 8765, 0, 0): b' 856,13,8,1024,10,86,3,3,7,1,1,-70,6,2091,21203,48,0,0 '
Received from ('fd00::200:0:0:c', 8765, 0, 0): b' 856,12,8,1024,0,30,6,13,7,1,3,-52,0,619,5237,7,0,0 '
Received from ('fd00::200:0:0:5', 8765, 0, 0): b' 857,5,4,768,0,97,5,1,6,1,1,-52,0,302,7256,56,0,0 '
Received from ('fd00::200:0:0:2', 8765, 0, 0): b' 858,2,1,512,0,93,4,1,6,1,1,-88,1,547,7253,56,0,0 '
Received from ('fd00::200:0:0:f', 8765, 0, 0): b' 856,15,10,1280,0,92,4,8,7,1,2,-70,1,552,7872,45,0,0 '
Received from ('fd00::200:0:0:b', 8765, 0, 0): b' 858,11,8,1024,0,98,4,4,7,1,2,-70,1,1131,14636,45,0,0 '
Received from ('fd00::200:0:0:a', 8765, 0, 0): b' 857,10,7,1024,0,108,3,3,7,1,1,-70,2,1454,14514,52,0,0 '
Received from ('fd00::200:0:0:10', 8765, 0, 0): b' 859,16,13,1280,0,108,3,4,7,1,1,-70,2,1809,22158,46,0,0 '
Received from ('fd00::200:0:0:e', 8765, 0, 0): b' 858,14,11,1280,0,90,2,3,7,1,1,-70,0,408,6442,45,0,0 '
Received from ('fd00::200:0:0:11', 8765, 0, 0): b' 859,17,13,1280,10,76,9,5,7,1,3,-52,1,1179,9479,38,0,0 '
Received from ('fd00::200:0:0:1', 5678, 0, 0): b' 860,1,0,256,0,6,0,0,4,0,0,0,10,2209,22007,824,0,0 '
Received from ('fd00::200:0:0:7', 8765, 0, 0): b' 860,7,3,768,0,112,3,2,7,1,1,-52,3,1197,10165,54,0,0 '
Received from ('fd00::200:0:0:8', 8765, 0, 0): b' 861,8,4,768,0,94,3,6,7,2,1,-52,9,2709,17796,52,0,0 '
Received from ('fd00::200:0:0:9', 8765, 0, 0): b' 862,9,4,768,0,37,7,13,6,1,4,-70,0,995,9309,7,0,0 '
Received from ('fd00::200:0:0:5', 8765, 0, 0): b' 863,5,4,768,0,100,5,1,6,1,1,-52,0,594,6813,56,0,0 '
Received from ('fd00::200:0:0:12', 8765, 0, 0): b' 861,18,15,1536,0,89,3,4,5,1,1,-70,0,790,11101,45,0,0 '
Received from ('fd00::200:0:0:14', 8765, 0, 0): b' 862,20,16,1536,0,96,4,5,7,1,1,-52,0,784,6708,40,0,0 '
Received from ('fd00::200:0:0:3', 8765, 0, 0): b' 862,3,1,512,0,107,4,2,7,1,1,-64,4,2309,18935,56,0,0 '
Received from ('fd00::200:0:0:c', 8765, 0, 0): b' 862,12,8,1024,10,33,6,13,7,1,3,-52,0,693,6892,7,0,0 '
Received from ('fd00::200:0:0:13', 8765, 0, 0): b' 862,19,16,1536,0,103,3,4,7,1,1,-70,0,799,10135,43,0,0 '
Received from ('fd00::200:0:0:2', 8765, 0, 0): b' 863,2,1,512,0,96,4,1,6,1,1,-88,1,753,9163,57,0,0 '
Received from ('fd00::200:0:0:15', 8765, 0, 0): b' 863,21,17,1536,0,67,2,7,5,1,1,-52,0,718,7587,31,0,0 '
Received from ('fd00::200:0:0:11', 8765, 0, 0): b' 864,17,13,1280,10,77,9,5,7,1,3,-52,1,494,6474,39,0,0 '
Received from ('fd00::200:0:0:6', 8765, 0, 0): b' 865,6,2,768,0,38,1,13,7,1,1,-52,0,635,9233,7,0,0 '
Received from ('fd00::200:0:0:1', 5678, 0, 0): b' 866,1,0,256,0,6,0,0,4,0,0,0,10,1121,12225,828,0,0 '
Received from ('fd00::200:0:0:d', 8765, 0, 0): b' 866,13,8,1024,0,88,3,3,7,1,1,-70,5,2559,24036,49,0,0 '
Received from ('fd00::200:0:0:5', 8765, 0, 0): b' 867,5,4,768,0,101,5,1,6,1,1,-52,0,413,5202,57,0,0 '
Received from ('fd00::200:0:0:7', 8765, 0, 0): b' 866,7,3,768,10,114,3,2,7,1,1,-52,3,963,10285,54,0,0 '
Received from ('fd00::200:0:0:f', 8765, 0, 0): b' 865,15,10,1280,10,95,4,8,7,1,2,-70,1,1177,12740,46,0,0 '
Received from ('fd00::200:0:0:10', 8765, 0, 0): b' 867,16,13,1280,0,109,3,4,7,1,1,-70,2,1279,15704,47,0,0 '
Received from ('fd00::200:0:0:e', 8765, 0, 0): b' 866,14,11,1280,0,94,2,3,7,1,1,-70,0,825,7870,45,0,0 '
Received from ('fd00::200:0:0:12', 8765, 0, 0): b' 866,18,15,1536,0,90,3,4,5,1,1,-70,0,472,4967,46,0,0 '
Received from ('fd00::200:0:0:4', 8765, 0, 0): b' 868,4,1,512,10,96,4,1,7,2,1,-66,10,5415,36189,56,0,0 '
Received from ('fd00::200:0:0:c', 8765, 0, 0): b' 868,12,8,1024,0,33,6,13,7,1,3,-52,0,276,4902,7,0,0 '
Received from ('fd00::200:0:0:3', 8765, 0, 0): b' 867,3,1,512,10,109,4,2,7,1,1,-64,4,1234,9967,57,0,0 '
Received from ('fd00::200:0:0:8', 8765, 0, 0): b' 869,8,4,768,0,95,3,6,7,2,1,-52,9,3066,21068,53,0,0 '
Received from ('fd00::200:0:0:b', 8765, 0, 0): b' 869,11,8,1024,0,104,4,4,7,1,2,-70,1,1834,17809,46,0,0 '
Received from ('fd00::200:0:0:a', 8765, 0, 0): b' 870,10,7,1024,0,111,3,3,7,1,1,-70,2,1675,19139,52,0,0 '
Received from ('fd00::200:0:0:9', 8765, 0, 0): b' 871,9,4,768,10,38,7,13,6,1,4,-70,0,525,8760,8,0,0 '
Received from ('fd00::200:0:0:15', 8765, 0, 0): b' 870,21,17,1536,10,68,2,7,5,1,1,-52,0,426,7227,32,0,0 '
Received from ('fd00::200:0:0:13', 8765, 0, 0): b' 872,19,16,1536,0,105,3,4,7,1,1,-70,0,759,9834,44,0,0 '
Received from ('fd00::200:0:0:7', 8765, 0, 0): b' 873,7,3,768,0,114,3,2,7,1,1,-52,3,1114,11354,55,0,0 '
Received from ('fd00::200:0:0:11', 8765, 0, 0): b' 873,17,13,1280,0,82,9,5,7,1,3,-52,1,1527,12911,39,0,0 '
Received from ('fd00::200:0:0:14', 8765, 0, 0): b' 874,20,16,1536,0,99,4,5,7,1,1,-52,0,822,11745,41,0,0 '
Received from ('fd00::200:0:0:4', 8765, 0, 0): b' 874,4,1,512,0,98,4,1,7,2,1,-66,10,2604,18751,57,0,0 '
Received from ('fd00::200:0:0:d', 8765, 0, 0): b' 874,13,8,1024,0,93,3,3,7,1,1,-70,5,2311,19508,49,0,0 '
Received from ('fd00::200:0:0:2', 8765, 0, 0): b' 875,2,1,512,10,99,4,1,6,1,1,-88,1,1364,17488,58,0,0 '
Received from ('fd00::200:0:0:e', 8765, 0, 0): b' 874,14,11,1280,0,95,2,3,7,1,1,-70,0,463,7875,46,0,0 '
Received from ('fd00::200:0:0:f', 8765, 0, 0): b' 875,15,10,1280,10,97,4,8,7,1,2,-70,1,886,11340,46,0,0 '
Received from ('fd00::200:0:0:10', 8765, 0, 0): b' 876,16,13,1280,0,110,3,4,7,1,1,-70,2,1346,16138,47,0,0 '
Received from ('fd00::200:0:0:5', 8765, 0, 0): b' 875,5,4,768,0,104,5,1,6,1,1,-52,0,738,11026,57,0,0 '
Received from ('fd00::200:0:0:15', 8765, 0, 0): b' 875,21,17,1536,0,70,2,7,5,1,1,-52,0,574,4966,32,0,0 '
Received from ('fd00::200:0:0:3', 8765, 0, 0): b' 877,3,1,512,10,112,4,2,7,1,1,-64,4,1697,14668,57,0,0 '
Received from ('fd00::200:0:0:a', 8765, 0, 0): b' 876,10,7,1024,0,111,3,3,7,1,1,-70,2,677,10230,53,0,0 '
Received from ('fd00::200:0:0:6', 8765, 0, 0): b' 877,6,2,768,0,42,1,13,7,1,1,-52,0,1017,11672,8,0,0 '
Received from ('fd00::200:0:0:1', 5678, 0, 0): b' 877,1,0,256,0,6,0,0,4,0,0,0,10,2931,28795,847,0,0 '
Received from ('fd00::200:0:0:11', 8765, 0, 0): b' 878,17,13,1280,0,84,9,5,7,1,3,-52,1,725,6075,40,0,0 '
Received from ('fd00::200:0:0:4', 8765, 0, 0): b' 878,4,1,512,0,98,4,1,7,2,1,-66,10,2138,14093,57,0,0 '
Received from ('fd00::200:0:0:12', 8765, 0, 0): b' 878,18,15,1536,0,92,3,4,5,1,1,-70,0,780,11545,46,0,0 '
Received from ('fd00::200:0:0:c', 8765, 0, 0): b' 880,12,8,1024,0,38,6,13,7,1,3,-52,0,1126,11216,8,0,0 '
Received from ('fd00::200:0:0:e', 8765, 0, 0): b' 879,14,11,1280,0,96,2,3,7,1,1,-70,0,359,3970,46,0,0 '
Received from ('fd00::200:0:0:8', 8765, 0, 0): b' 880,8,4,768,0,96,3,6,7,2,1,-52,9,4003,29609,54,0,0 '
Received from ('fd00::200:0:0:7', 8765, 0, 0): b' 880,7,3,768,0,117,3,2,7,1,1,-52,3,1207,12138,55,0,0 '
Received from ('fd00::200:0:0:b', 8765, 0, 0): b' 880,11,8,1024,0,106,4,4,7,1,2,-70,1,1203,17796,47,0,0 '
Received from ('fd00::200:0:0:10', 8765, 0, 0): b' 882,16,13,1280,0,112,3,4,7,1,1,-70,2,885,11538,48,0,0 '
Received from ('fd00::200:0:0:d', 8765, 0, 0): b' 882,13,8,1024,10,94,3,3,7,1,1,-70,5,1800,18105,50,0,0 '
Received from ('fd00::200:0:0:15', 8765, 0, 0): b' 882,21,17,1536,0,71,2,7,5,1,1,-52,0,449,5880,32,0,0 '
Received from ('fd00::200:0:0:9', 8765, 0, 0): b' 883,9,4,768,0,42,7,13,6,1,4,-70,0,994,10791,8,0,0 '
Received from ('fd00::200:0:0:f', 8765, 0, 0): b' 883,15,10,1280,0,99,4,8,7,1,2,-70,1,1101,10836,47,0,0 '
Received from ('fd00::200:0:0:14', 8765, 0, 0): b' 883,20,16,1536,0,102,4,5,7,1,1,-52,0,789,9319,41,0,0 '
Received from ('fd00::200:0:0:13', 8765, 0, 0): b' 883,19,16,1536,10,109,3,4,7,1,1,-70,0,844,9943,44,0,0 '
Received from ('fd00::200:0:0:5', 8765, 0, 0): b' 883,5,4,768,10,107,5,1,6,1,1,-52,0,706,10310,58,0,0 '
Received from ('fd00::200:0:0:e', 8765, 0, 0): b' 884,14,11,1280,0,98,2,3,7,1,1,-70,0,516,4925,47,0,0 '
Received from ('fd00::200:0:0:a', 8765, 0, 0): b' 885,10,7,1024,0,113,3,3,7,1,1,-70,2,1135,13287,53,0,0 '
Received from ('fd00::200:0:0:2', 8765, 0, 0): b' 884,2,1,512,0,102,4,1,6,1,1,-88,1,1178,17246,58,0,0 '
Received from ('fd00::200:0:0:1', 5678, 0, 0): b' 886,1,0,256,0,6,0,0,4,0,0,0,10,1738,18905,857,0,0 '
Received from ('fd00::200:0:0:3', 8765, 0, 0): b' 886,3,1,512,0,112,4,2,7,1,1,-64,4,1942,18631,58,0,0 '
Received from ('fd00::200:0:0:11', 8765, 0, 0): b' 887,17,13,1280,0,88,9,5,7,1,3,-52,1,1256,12803,40,0,0 '
Received from ('fd00::200:0:0:c', 8765, 0, 0): b' 887,12,8,1024,0,39,6,13,7,1,3,-52,0,561,7972,9,0,0 '
Received from ('fd00::200:0:0:6', 8765, 0, 0): b' 887,6,2,768,0,48,1,13,7,1,1,-52,0,1239,11026,9,0,0 '
Received from ('fd00::200:0:0:8', 8765, 0, 0): b' 888,8,4,768,0,96,3,6,7,2,1,-52,9,2350,18631,54,0,0 '
Received from ('fd00::200:0:0:7', 8765, 0, 0): b' 888,7,3,768,0,118,3,2,7,1,1,-52,3,1349,12969,56,0,0 '
Received from ('fd00::200:0:0:9', 8765, 0, 0): b' 888,9,4,768,0,42,7,13,6,1,4,-70,0,427,5552,9,0,0 '
Received from ('fd00::200:0:0:14', 8765, 0, 0): b' 888,20,16,1536,10,103,4,5,7,1,1,-52,0,287,4523,42,0,0 '
Received from ('fd00::200:0:0:a', 8765, 0, 0): b' 889,10,7,1024,0,114,3,3,7,1,1,-70,2,529,6568,54,0,0 '
Received from ('fd00::200:0:0:12', 8765, 0, 0): b' 889,18,15,1536,0,95,3,4,5,1,1,-70,0,1014,10794,47,0,0 '
Received from ('fd00::200:0:0:4', 8765, 0, 0): b' 890,4,1,512,0,101,4,1,7,2,1,-66,10,4819,33981,58,0,0 '
Received from ('fd00::200:0:0:13', 8765, 0, 0): b' 890,19,16,1536,0,112,3,4,7,1,1,-70,0,679,6550,45,0,0 '
Received from ('fd00::200:0:0:5', 8765, 0, 0): b' 889,5,4,768,10,109,5,1,6,1,1,-52,0,383,7109,58,0,0 '
Received from ('fd00::200:0:0:10', 8765, 0, 0): b' 890,16,13,1280,0,114,3,4,7,1,1,-70,2,1682,16583,48,0,0 '
Received from ('fd00::200:0:0:b', 8765, 0, 0): b' 890,11,8,1024,0,108,4,4,7,1,2,-70,1,1184,15516,48,0,0 '
Received from ('fd00::200:0:0:e', 8765, 0, 0): b' 890,14,11,1280,0,100,2,3,7,1,1,-70,0,514,6515,47,0,0 '
Received from ('fd00::200:0:0:1', 5678, 0, 0): b' 892,1,0,256,0,6,0,0,4,0,0,0,10,1201,14159,864,0,0 '
Received from ('fd00::200:0:0:6', 8765, 0, 0): b' 892,6,2,768,10,50,1,13,7,1,1,-52,0,358,4001,9,0,0 '
Received from ('fd00::200:0:0:3', 8765, 0, 0): b' 891,3,1,512,0,112,4,2,7,1,1,-64,4,769,8274,58,0,0 '
Received from ('fd00::200:0:0:c', 8765, 0, 0): b' 891,12,8,1024,0,40,6,13,7,1,3,-52,0,358,4466,9,0,0 '
Received from ('fd00::200:0:0:11', 8765, 0, 0): b' 893,17,13,1280,10,89,9,5,7,1,3,-52,1,609,7483,41,0,0 '
Received from ('fd00::200:0:0:d', 8765, 0, 0): b' 894,13,8,1024,10,97,3,3,7,1,1,-70,5,2967,27102,51,0,0 '
Received from ('fd00::200:0:0:15', 8765, 0, 0): b' 893,21,17,1536,0,73,2,7,5,1,1,-52,0,715,10630,33,0,0 '
Received from ('fd00::200:0:0:13', 8765, 0, 0): b' 895,19,16,1536,10,113,3,4,7,1,1,-70,0,337,4334,45,0,0 '
Received from ('fd00::200:0:0:f', 8765, 0, 0): b' 895,15,10,1280,0,102,4,9,7,1,2,-70,1,1264,14527,47,0,0 '
Received from ('fd00::200:0:0:2', 8765, 0, 0): b' 894,2,1,512,10,102,4,1,6,1,1,-88,1,1039,14432,59,0,0 '
Received from ('fd00::200:0:0:5', 8765, 0, 0): b' 896,5,4,768,0,109,5,1,6,1,1,-52,0,467,7049,59,0,0 '
Received from ('fd00::200:0:0:9', 8765, 0, 0): b' 896,9,4,768,0,43,7,13,6,1,4,-70,0,501,6882,9,0,0 '
Received from ('fd00::200:0:0:14', 8765, 0, 0): b' 896,20,16,1536,0,106,4,5,7,1,1,-52,0,776,8611,42,0,0 '
Received from ('fd00::200:0:0:6', 8765, 0, 0): b' 896,6,2,768,0,51,1,13,7,1,1,-52,0,464,4676,9,0,0 '
Received from ('fd00::200:0:0:a', 8765, 0, 0): b' 897,10,7,1024,0,114,3,3,7,1,1,-70,2,1075,12865,54,0,0 '
Received from ('fd00::200:0:0:8', 8765, 0, 0): b' 897,8,4,768,0,99,3,6,7,2,1,-52,9,3898,25937,55,0,0 '
Received from ('fd00::200:0:0:1', 5678, 0, 0): b' 897,1,0,256,0,6,0,0,4,0,0,0,10,1311,13253,871,0,0 '
Received from ('fd00::200:0:0:4', 8765, 0, 0): b' 898,4,1,512,0,102,4,1,7,2,1,-66,10,3791,25800,58,0,0 '
Received from ('fd00::200:0:0:11', 8765, 0, 0): b' 899,17,13,1280,0,89,9,5,7,1,3,-52,1,632,7343,41,0,0 '
Received from ('fd00::200:0:0:7', 8765, 0, 0): b' 899,7,3,768,0,119,3,2,7,1,1,-52,3,1481,17904,57,0,0 '
Received from ('fd00::200:0:0:e', 8765, 0, 0): b' 898,14,11,1280,10,102,2,3,7,1,1,-70,0,588,7248,47,0,0 '
Received from ('fd00::200:0:0:3', 8765, 0, 0): b' 899,3,1,512,0,114,4,2,7,1,1,-64,4,1507,14003,59,0,0 '
Received from ('fd00::200:0:0:10', 8765, 0, 0): b' 899,16,13,1280,0,116,3,4,7,1,1,-70,2,1464,18356,49,0,0 '
Received from ('fd00::200:0:0:12', 8765, 0, 0): b' 900,18,15,1536,0,99,3,4,5,1,1,-70,0,1358,11622,48,0,0 '
Received from ('fd00::200:0:0:c', 8765, 0, 0): b' 900,12,8,1024,0,43,6,13,7,1,3,-52,0,717,8222,9,0,0 '
Received from ('fd00::200:0:0:b', 8765, 0, 0): b' 900,11,8,1024,10,110,4,4,7,1,2,-70,1,1225,15280,48,0,0 '
Received from ('fd00::200:0:0:15', 8765, 0, 0): b' 900,21,17,1536,0,76,2,7,5,1,1,-52,0,751,7082,34,0,0 '
Received from ('fd00::200:0:0:9', 8765, 0, 0): b' 901,9,4,768,10,45,7,13,6,1,4,-70,0,487,5645,10,0,0 '
Received from ('fd00::200:0:0:14', 8765, 0, 0): b' 902,20,16,1536,0,107,4,5,7,1,1,-52,0,384,5274,42,0,0 '
Received from ('fd00::200:0:0:6', 8765, 0, 0): b' 902,6,2,768,0,52,1,13,7,1,1,-52,0,436,5888,10,0,0 '
Received from ('fd00::200:0:0:4', 8765, 0, 0): b' 903,4,1,512,0,102,4,1,7,2,1,-66,10,2062,14158,59,0,0 '
Received from ('fd00::200:0:0:5', 8765, 0, 0): b' 904,5,4,768,0,109,5,1,6,1,1,-52,0,395,9356,59,0,0 '
Received from ('fd00::200:0:0:11', 8765, 0, 0): b' 904,17,13,1280,0,91,9,5,7,1,3,-52,1,775,7476,42,0,0 '
Received from ('fd00::200:0:0:8', 8765, 0, 0): b' 904,8,4,768,0,100,3,6,7,2,1,-52,9,2701,19782,55,0,0 '
Received from ('fd00::200:0:0:d', 8765, 0, 0): b' 905,13,8,1024,0,102,3,3,7,1,1,-70,5,3031,27407,51,0,0 '
Received from ('fd00::200:0:0:2', 8765, 0, 0): b' 905,2,1,512,0,104,4,1,6,1,1,-88,1,1329,17087,60,0,0 '
Received from ('fd00::200:0:0:1', 5678, 0, 0): b' 905,1,0,256,0,6,0,0,4,0,0,0,10,1737,18531,884,0,0 '
Received from ('fd00::200:0:0:e', 8765, 0, 0): b' 905,14,11,1280,0,103,2,3,7,1,1,-70,0,465,6597,48,0,0 '
Received from ('fd00::200:0:0:13', 8765, 0, 0): b' 904,19,16,1536,0,119,3,4,7,1,1,-70,0,1378,12590,46,0,0 '
Received from ('fd00::200:0:0:a', 8765, 0, 0): b' 906,10,7,1024,10,117,3,3,7,1,1,-70,2,883,13445,55,0,0 '
Received from ('fd00::200:0:0:f', 8765, 0, 0): b' 907,15,10,1280,0,102,4,9,7,1,2,-70,1,932,14878,48,0,0 '
Received from ('fd00::200:0:0:9', 8765, 0, 0): b' 906,9,4,768,10,47,7,13,6,1,4,-70,0,642,5933,10,0,0 '
Received from ('fd00::200:0:0:7', 8765, 0, 0): b' 907,7,3,768,10,120,3,2,7,1,1,-52,3,1296,13528,57,0,0 '
Received from ('fd00::200:0:0:15', 8765, 0, 0): b' 906,21,17,1536,0,78,2,7,5,1,1,-52,0,514,6337,34,0,0 '
Received from ('fd00::200:0:0:14', 8765, 0, 0): b' 908,20,16,1536,0,110,4,5,7,1,1,-52,0,654,6280,43,0,0 '
Received from ('fd00::200:0:0:6', 8765, 0, 0): b' 908,6,2,768,0,53,1,13,7,1,1,-52,0,381,5374,10,0,0 '
Received from ('fd00::200:0:0:b', 8765, 0, 0): b' 908,11,8,1024,0,112,4,4,7,1,2,-70,1,859,12348,49,0,0 '
Received from ('fd00::200:0:0:5', 8765, 0, 0): b' 908,5,4,768,0,110,5,1,6,1,1,-52,0,381,6784,59,0,0 '
Received from ('fd00::200:0:0:3', 8765, 0, 0): b' 909,3,1,512,0,116,4,2,7,1,1,-64,4,1658,15408,59,0,0 '
Received from ('fd00::200:0:0:13', 8765, 0, 0): b' 910,19,16,1536,0,120,3,4,7,1,1,-70,0,265,4075,46,0,0 '
Received from ('fd00::200:0:0:10', 8765, 0, 0): b' 911,16,13,1280,0,117,3,4,7,1,1,-70,2,1922,21077,50,0,0 '
Received from ('fd00::200:0:0:e', 8765, 0, 0): b' 910,14,11,1280,0,103,2,3,7,1,1,-70,0,253,4526,48,0,0 '
Received from ('fd00::200:0:0:c', 8765, 0, 0): b' 910,12,8,1024,0,44,6,13,7,1,3,-52,0,607,10082,10,0,0 '
Received from ('fd00::200:0:0:d', 8765, 0, 0): b' 911,13,8,1024,0,102,3,3,7,1,1,-70,5,1498,14123,52,0,0 '
Received from ('fd00::200:0:0:9', 8765, 0, 0): b' 911,9,4,768,0,48,7,13,6,1,4,-70,0,358,4210,10,0,0 '
Received from ('fd00::200:0:0:a', 8765, 0, 0): b' 912,10,7,1024,0,119,3,3,7,1,1,-70,2,981,9731,55,0,0 '
Received from ('fd00::200:0:0:1', 5678, 0, 0): b' 913,1,0,256,0,6,0,0,4,0,0,0,10,1601,17394,891,0,0 '
Received from ('fd00::200:0:0:12', 8765, 0, 0): b' 912,18,15,1536,10,103,3,4,5,1,1,-70,0,1278,12015,49,0,0 '
Received from ('fd00::200:0:0:15', 8765, 0, 0): b' 913,21,17,1536,0,79,2,7,5,1,1,-52,0,439,6582,35,0,0 '
Received from ('fd00::200:0:0:6', 8765, 0, 0): b' 913,6,2,768,0,55,1,13,7,1,1,-52,0,488,5638,10,0,0 '
Received from ('fd00::200:0:0:7', 8765, 0, 0): b' 913,7,3,768,0,121,3,2,7,1,1,-52,3,1085,10667,58,0,0 '
Received from ('fd00::200:0:0:f', 8765, 0, 0): b' 913,15,10,1280,0,106,4,9,7,1,2,-70,1,1090,9504,49,0,0 '
Received from ('fd00::200:0:0:4', 8765, 0, 0): b' 914,4,1,512,0,107,4,1,7,2,1,-66,10,5548,36921,59,0,0 '
Received from ('fd00::200:0:0:e', 8765, 0, 0): b' 914,14,11,1280,10,104,2,3,7,1,1,-70,0,360,4181,48,0,0 '
Received from ('fd00::200:0:0:8', 8765, 0, 0): b' 915,8,4,768,20,105,3,6,7,1,1,-52,9,4346,29533,56,0,0 '
Received from ('fd00::200:0:0:10', 8765, 0, 0): b' 916,16,13,1280,0,120,3,4,7,1,1,-70,2,974,10257,50,0,0 '
Received from ('fd00::200:0:0:2', 8765, 0, 0): b' 917,2,1,512,0,105,4,1,6,1,1,-88,1,1195,17460,60,0,0 '
Received from ('fd00::200:0:0:11', 8765, 0, 0): b' 916,17,13,1280,0,92,9,5,7,1,3,-52,1,1187,15086,42,0,0 '
Received from ('fd00::200:0:0:9', 8765, 0, 0): b' 916,9,4,768,10,51,7,13,6,1,4,-70,0,627,5767,11,0,0 '
Received from ('fd00::200:0:0:b', 8765, 0, 0): b' 915,11,8,1024,10,115,4,4,7,1,2,-70,1,1138,12469,49,0,0 '
Received from ('fd00::200:0:0:c', 8765, 0, 0): b' 916,12,8,1024,0,46,6,13,7,1,3,-52,0,644,6884,11,0,0 '
Received from ('fd00::200:0:0:5', 8765, 0, 0): b' 919,5,4,768,0,110,5,1,6,1,1,-52,0,503,12080,60,0,0 '
Received from ('fd00::200:0:0:d', 8765, 0, 0): b' 918,13,8,1024,20,103,3,3,7,1,1,-70,5,1291,15915,52,0,0 '
Received from ('fd00::200:0:0:3', 8765, 0, 0): b' 920,3,1,512,10,118,4,2,7,1,1,-64,4,1976,18874,60,0,0 '
Received from ('fd00::200:0:0:a', 8765, 0, 0): b' 921,10,7,1024,0,120,3,3,7,1,1,-70,2,1173,14486,56,0,0 '
Received from ('fd00::200:0:0:14', 8765, 0, 0): b' 919,20,16,1536,0,116,4,5,7,1,1,-52,0,1120,11077,44,0,0 '
Received from ('fd00::200:0:0:15', 8765, 0, 0): b' 919,21,17,1536,0,81,2,7,5,1,1,-52,0,490,5075,35,0,0 '
Received from ('fd00::200:0:0:2', 8765, 0, 0): b' 921,2,1,512,10,105,4,1,6,1,1,-88,1,411,6284,61,0,0 '
Received from ('fd00::200:0:0:6', 8765, 0, 0): b' 921,6,2,768,0,57,1,13,7,1,1,-52,0,641,7632,11,0,0 '
Received from ('fd00::200:0:0:12', 8765, 0, 0): b' 922,18,15,1536,0,104,3,4,5,1,1,-70,0,667,9534,49,0,0 '
Received from ('fd00::200:0:0:4', 8765, 0, 0): b' 922,4,1,512,10,107,4,1,7,2,1,-66,10,3314,20526,60,0,0 '
Received from ('fd00::200:0:0:13', 8765, 0, 0): b' 921,19,16,1536,0,124,3,4,7,1,1,-70,0,1027,11382,47,0,0 '
Received from ('fd00::200:0:0:9', 8765, 0, 0): b' 922,9,4,768,0,51,7,13,6,1,4,-70,0,275,4779,11,0,0 '
Received from ('fd00::200:0:0:8', 8765, 0, 0): b' 922,8,4,768,10,109,3,6,7,1,1,-52,9,2819,17586,56,0,0 '
Received from ('fd00::200:0:0:7', 8765, 0, 0): b' 922,7,3,768,0,122,3,2,7,1,1,-52,3,1290,14821,58,0,0 '
Received from ('fd00::200:0:0:11', 8765, 0, 0): b' 922,17,13,1280,0,92,9,5,7,1,3,-52,1,647,7917,43,0,0 '
Received from ('fd00::200:0:0:1', 5678, 0, 0): b' 924,1,0,256,0,6,0,0,4,0,0,0,10,2551,26640,907,0,0 '
Received from ('fd00::200:0:0:f', 8765, 0, 0): b' 924,15,10,1280,0,109,4,9,7,1,2,-70,1,1179,13296,49,0,0 '
Received from ('fd00::200:0:0:d', 8765, 0, 0): b' 925,13,8,1024,0,105,3,3,7,1,1,-70,5,1791,14950,53,0,0 '
Received from ('fd00::200:0:0:5', 8765, 0, 0): b' 925,5,4,768,0,113,5,1,6,1,1,-52,0,596,7005,60,0,0 '
Received from ('fd00::200:0:0:e', 8765, 0, 0): b' 924,14,11,1280,10,109,2,3,7,1,1,-70,0,917,10067,49,0,0 '
Received from ('fd00::200:0:0:b', 8765, 0, 0): b' 926,11,8,1024,10,118,4,4,7,1,2,-70,1,1217,15304,50,0,0 '
Received from ('fd00::200:0:0:2', 8765, 0, 0): b' 925,2,1,512,0,106,4,1,6,1,1,-88,1,665,7901,61,0,0 '
Received from ('fd00::200:0:0:10', 8765, 0, 0): b' 926,16,13,1280,0,124,3,4,7,1,1,-70,2,1775,19426,51,0,0 '
Received from ('fd00::200:0:0:14', 8765, 0, 0): b' 926,20,16,1536,0,117,4,5,7,1,1,-52,0,410,6541,44,0,0 '
Received from ('fd00::200:0:0:a', 8765, 0, 0): b' 927,10,7,1024,0,123,3,3,7,1,1,-70,2,1126,10206,56,0,0 '
Received from ('fd00::200:0:0:3', 8765, 0, 0): b' 927,3,1,512,0,120,4,2,7,1,1,-64,4,1473,12725,60,0,0 '
Received from ('fd00::200:0:0:9', 8765, 0, 0): b' 927,9,4,768,0,53,7,13,6,1,4,-70,0,585,5828,11,0,0 '
Received from ('fd00::200:0:0:13', 8765, 0, 0): b' 927,19,16,1536,0,125,3,4,7,1,1,-70,0,362,4914,47,0,0 '
Received from ('fd00::200:0:0:4', 8765, 0, 0): b' 928,4,1,512,10,108,4,1,7,2,1,-66,10,3311,19839,60,0,0 '
Received from ('fd00::200:0:0:f', 8765, 0, 0): b' 928,15,10,1280,10,111,4,9,7,1,2,-70,1,665,6331,50,0,0 '
Received from ('fd00::200:0:0:1', 5678, 0, 0): b' 929,1,0,256,0,6,0,0,4,0,0,0,10,1099,11503,914,0,0 '
Received from ('fd00::200:0:0:6', 8765, 0, 0): b' 928,6,2,768,10,61,1,13,7,1,1,-52,0,817,7209,12,0,0 '
Received from ('fd00::200:0:0:12', 8765, 0, 0): b' 928,18,15,1536,0,107,3,4,5,1,1,-70,0,654,6143,50,0,0 '
Received from ('fd00::200:0:0:11', 8765, 0, 0): b' 929,17,13,1280,10,93,9,5,7,1,3,-52,1,616,8487,43,0,0 '
Received from ('fd00::200:0:0:c', 8765, 0, 0): b' 929,12,8,1024,0,51,6,13,7,1,3,-52,0,1071,11855,11,0,0 '
Received from ('fd00::200:0:0:15', 8765, 0, 0): b' 929,21,17,1536,0,84,2,7,5,1,1,-52,0,798,9929,36,0,0 '
Received from ('fd00::200:0:0:14', 8765, 0, 0): b' 930,20,16,1536,0,119,4,5,7,1,1,-52,0,467,4193,44,0,0 '
Received from ('fd00::200:0:0:10', 8765, 0, 0): b' 931,16,13,1280,0,126,3,4,7,1,1,-70,2,1334,11335,51,0,0 '
Received from ('fd00::200:0:0:2', 8765, 0, 0): b' 931,2,1,512,0,107,4,1,6,1,1,-88,1,695,9344,61,0,0 '
Received from ('fd00::200:0:0:7', 8765, 0, 0): b' 933,7,3,768,10,124,3,2,7,1,1,-52,3,2009,18068,59,0,0 '
Received from ('fd00::200:0:0:8', 8765, 0, 0): b' 931,8,4,768,0,112,3,6,7,1,1,-52,9,4018,27226,57,0,0 '
Received from ('fd00::200:0:0:a', 8765, 0, 0): b' 932,10,7,1024,0,126,3,3,7,1,1,-70,2,1209,9521,57,0,0 '
Received from ('fd00::200:0:0:13', 8765, 0, 0): b' 932,19,16,1536,0,129,3,4,7,1,1,-70,0,761,6206,48,0,0 '
Received from ('fd00::200:0:0:d', 8765, 0, 0): b' 932,13,8,1024,20,107,3,3,7,1,1,-70,5,2350,20178,53,0,0 '
Received from ('fd00::200:0:0:4', 8765, 0, 0): b' 934,4,1,512,10,108,4,1,7,2,1,-66,10,2436,15931,61,0,0 '
Received from ('fd00::200:0:0:5', 8765, 0, 0): b' 934,5,4,768,0,116,5,1,6,1,1,-52,0,721,12458,61,0,0 '
Received from ('fd00::200:0:0:b', 8765, 0, 0): b' 933,11,8,1024,0,122,4,4,7,1,2,-70,1,1430,15593,51,0,0 '
Received from ('fd00::200:0:0:3', 8765, 0, 0): b' 935,3,1,512,10,122,4,2,7,1,1,-64,4,1765,14777,61,0,0 '
Received from ('fd00::200:0:0:1', 5678, 0, 0): b' 936,1,0,256,0,6,0,0,4,0,0,0,10,1601,16527,924,0,0 '
Received from ('fd00::200:0:0:11', 8765, 0, 0): b' 936,17,13,1280,0,95,9,5,7,1,3,-52,1,898,8719,44,0,0 '
Received from ('fd00::200:0:0:8', 8765, 0, 0): b' 936,8,4,768,10,114,3,6,7,1,1,-52,9,1662,10803,57,0,0 '
Received from ('fd00::200:0:0:e', 8765, 0, 0): b' 935,14,11,1280,0,113,2,3,7,1,1,-70,0,932,11231,50,0,0 '
Received from ('fd00::200:0:0:9', 8765, 0, 0): b' 938,9,4,768,0,54,7,13,6,1,4,-70,0,676,10867,12,0,0 '
Received from ('fd00::200:0:0:10', 8765, 0, 0): b' 939,16,13,1280,0,130,3,4,7,1,1,-70,2,1340,15073,52,0,0 '
Received from ('fd00::200:0:0:7', 8765, 0, 0): b' 940,7,3,768,30,129,3,2,7,1,1,-52,3,1058,12784,59,0,0 '
Received from ('fd00::200:0:0:6', 8765, 0, 0): b' 940,6,2,768,0,64,1,13,7,1,1,-52,0,887,11675,12,0,0 '
Received from ('fd00::200:0:0:f', 8765, 0, 0): b' 939,15,10,1280,0,114,4,9,7,1,2,-70,1,1123,13673,50,0,0 '
Received from ('fd00::200:0:0:12', 8765, 0, 0): b' 940,18,15,1536,0,108,3,4,5,1,1,-70,0,609,11000,51,0,0 '
Received from ('fd00::200:0:0:b', 8765, 0, 0): b' 939,11,8,1024,0,122,4,4,7,1,2,-70,1,537,8991,51,0,0 '
Received from ('fd00::200:0:0:15', 8765, 0, 0): b' 940,21,17,1536,0,85,2,7,5,1,1,-52,0,528,9820,36,0,0 '
Received from ('fd00::200:0:0:14', 8765, 0, 0): b' 941,20,16,1536,10,121,4,5,7,1,1,-52,0,692,10389,45,0,0 '
Received from ('fd00::200:0:0:c', 8765, 0, 0): b' 941,12,8,1024,0,56,6,13,7,1,3,-52,0,1038,11963,12,0,0 '
Received from ('fd00::200:0:0:3', 8765, 0, 0): b' 943,3,1,512,30,122,4,2,7,1,1,-64,4,1262,13054,62,0,0 '
Received from ('fd00::200:0:0:2', 8765, 0, 0): b' 943,2,1,512,0,112,4,1,6,1,1,-88,1,1449,18190,62,0,0 '
Received from ('fd00::200:0:0:e', 8765, 0, 0): b' 941,14,11,1280,0,115,2,3,7,1,1,-70,0,492,6090,50,0,0 '
Received from ('fd00::200:0:0:11', 8765, 0, 0): b' 942,17,13,1280,10,96,9,5,7,1,3,-52,1,724,9257,44,0,0 '
Received from ('fd00::200:0:0:a', 8765, 0, 0): b' 943,10,7,1024,0,130,3,3,7,1,1,-70,2,1710,17162,57,0,0 '
Received from ('fd00::200:0:0:1', 5678, 0, 0): b' 944,1,0,256,0,6,0,0,4,0,0,0,10,1767,18925,932,0,0 '
Received from ('fd00::200:0:0:8', 8765, 0, 0): b' 943,8,4,768,10,117,3,6,7,1,1,-52,9,2818,19425,58,0,0 '
Received from ('fd00::200:0:0:d', 8765, 0, 0): b' 943,13,8,1024,10,110,3,3,7,1,1,-70,5,2386,23207,54,0,0 '
Received from ('fd00::200:0:0:12', 8765, 0, 0): b' 944,18,15,1536,0,108,3,4,5,1,1,-70,0,254,4149,51,0,0 '
Received from ('fd00::200:0:0:5', 8765, 0, 0): b' 944,5,4,768,0,118,5,1,6,1,1,-52,0,914,12679,62,0,0 '
Received from ('fd00::200:0:0:f', 8765, 0, 0): b' 944,15,10,1280,0,117,4,9,7,1,2,-70,1,1033,8428,51,0,0 '
Received from ('fd00::200:0:0:4', 8765, 0, 0): b' 945,4,1,512,10,110,4,1,7,2,1,-66,10,4783,31832,62,0,0 '
Received from ('fd00::200:0:0:13', 8765, 0, 0): b' 944,19,16,1536,10,133,3,4,7,1,1,-70,0,767,10745,48,0,0 '
Received from ('fd00::200:0:0:e', 8765, 0, 0): b' 945,14,11,1280,10,117,2,3,7,1,1,-70,0,523,4533,51,0,0 '
Received from ('fd00::200:0:0:9', 8765, 0, 0): b' 947,9,4,768,0,57,7,13,6,1,4,-70,0,767,7941,13,0,0 '
Received from ('fd00::200:0:0:12', 8765, 0, 0): b' 949,18,15,1536,0,109,3,4,5,1,1,-70,0,360,4191,51,0,0 '
Received from ('fd00::200:0:0:1', 5678, 0, 0): b' 949,1,0,256,0,6,0,0,4,0,0,0,10,1004,11104,941,0,0 '
Received from ('fd00::200:0:0:11', 8765, 0, 0): b' 948,17,13,1280,10,98,9,5,7,1,3,-52,1,738,7779,45,0,0 '
Received from ('fd00::200:0:0:7', 8765, 0, 0): b' 950,7,3,768,0,132,3,2,7,1,1,-52,3,2283,17946,60,0,0 '
Received from ('fd00::200:0:0:5', 8765, 0, 0): b' 949,5,4,768,0,122,5,1,6,1,1,-52,0,679,6732,62,0,0 '
Received from ('fd00::200:0:0:6', 8765, 0, 0): b' 950,6,2,768,0,66,1,13,7,1,1,-52,0,690,9455,13,0,0 '
Received from ('fd00::200:0:0:10', 8765, 0, 0): b' 948,16,13,1280,0,132,3,4,7,1,1,-70,2,1721,20515,52,0,0 '
Received from ('fd00::200:0:0:a', 8765, 0, 0): b' 951,10,7,1024,0,132,3,3,7,1,1,-70,2,1207,13162,58,0,0 '
Received from ('fd00::200:0:0:c', 8765, 0, 0): b' 950,12,8,1024,0,58,6,13,7,1,3,-52,0,669,8622,13,0,0 '
Received from ('fd00::200:0:0:15', 8765, 0, 0): b' 950,21,17,1536,0,87,2,7,5,1,1,-52,0,691,9633,37,0,0 '
Received from ('fd00::200:0:0:f', 8765, 0, 0): b' 950,15,10,1280,20,118,4,9,7,1,2,-70,1,536,7339,51,0,0 '
Received from ('fd00::200:0:0:13', 8765, 0, 0): b' 950,19,16,1536,0,134,3,4,7,1,1,-70,0,549,6542,49,0,0 '
Received from ('fd00::200:0:0:14', 8765, 0, 0): b' 951,20,16,1536,0,123,4,5,7,1,1,-52,0,694,9406,46,0,0 '
Received from ('fd00::200:0:0:12', 8765, 0, 0): b' 952,18,15,1536,0,110,3,4,5,1,1,-70,0,360,3957,51,0,0 '
Received from ('fd00::200:0:0:b', 8765, 0, 0): b' 951,11,8,1024,10,122,4,4,7,1,2,-70,1,1172,17787,52,0,0 '
Received from ('fd00::200:0:0:3', 8765, 0, 0): b' 953,3,1,512,0,126,4,2,7,1,1,-64,4,2650,19733,62,0,0 '
Received from ('fd00::200:0:0:d', 8765, 0, 0): b' 952,13,8,1024,20,115,3,3,7,1,1,-70,5,2822,20917,55,0,0 '
Received from ('fd00::200:0:0:8', 8765, 0, 0): b' 953,8,4,768,10,118,3,6,7,1,1,-52,9,3780,27374,59,0,0 '
Received from ('fd00::200:0:0:2', 8765, 0, 0): b' 954,2,1,512,0,114,4,1,6,1,1,-88,1,1165,17406,63,0,0 '
Received from ('fd00::200:0:0:11', 8765, 0, 0): b' 953,17,13,1280,0,100,9,5,7,1,3,-52,1,832,7552,45,0,0 '
Received from ('fd00::200:0:0:7', 8765, 0, 0): b' 955,7,3,768,0,133,3,2,7,1,1,-52,3,911,7523,60,0,0 '
Received from ('fd00::200:0:0:5', 8765, 0, 0): b' 955,5,4,768,0,123,5,1,6,1,1,-52,0,381,6499,62,0,0 '
Received from ('fd00::200:0:0:14', 8765, 0, 0): b' 953,20,16,1536,10,124,4,5,7,1,1,-52,0,264,4302,46,0,0 '
Received from ('fd00::200:0:0:1', 5678, 0, 0): b' 957,1,0,256,0,6,0,0,4,0,0,0,10,1956,19478,951,0,0 '
Received from ('fd00::200:0:0:4', 8765, 0, 0): b' 957,4,1,512,0,112,4,1,7,2,1,-66,10,5172,33786,62,0,0 '
Received from ('fd00::200:0:0:10', 8765, 0, 0): b' 955,16,13,1280,10,133,3,4,7,1,1,-70,2,1164,13798,53,0,0 '
Received from ('fd00::200:0:0:e', 8765, 0, 0): b' 956,14,11,1280,0,120,2,3,7,1,1,-70,0,769,10771,51,0,0 '
Received from ('fd00::200:0:0:c', 8765, 0, 0): b' 958,12,8,1024,0,59,6,13,7,1,3,-52,0,570,7831,13,0,0 '
Received from ('fd00::200:0:0:15', 8765, 0, 0): b' 959,21,17,1536,0,89,2,7,5,1,1,-52,0,538,8258,37,0,0 '
Received from ('fd00::200:0:0:9', 8765, 0, 0): b' 958,9,4,768,10,63,7,13,6,1,4,-70,0,1075,11311,13,0,0 '
Received from ('fd00::200:0:0:13', 8765, 0, 0): b' 957,19,16,1536,10,135,3,4,7,1,1,-70,0,505,7764,49,0,0 '
Received from ('fd00::200:0:0:2', 8765, 0, 0): b' 960,2,1,512,0,115,4,1,6,1,1,-88,1,552,9020,63,0,0 '
Received from ('fd00::200:0:0:f', 8765, 0, 0): b' 960,15,10,1280,0,121,4,9,7,1,2,-70,1,1273,12621,52,0,0 '
Received from ('fd00::200:0:0:3', 8765, 0, 0): b' 961,3,1,512,0,131,4,2,7,1,1,-64,4,1709,13978,63,0,0 '
Received from ('fd00::200:0:0:b', 8765, 0, 0): b' 960,11,8,1024,0,124,4,4,7,1,2,-70,1,977,13850,52,0,0 '
Received from ('fd00::200:0:0:11', 8765, 0, 0): b' 960,17,13,1280,0,103,9,5,7,1,3,-52,1,944,9449,45,0,0 '
Received from ('fd00::200:0:0:6', 8765, 0, 0): b' 962,6,2,768,0,66,1,13,7,1,1,-52,0,499,11078,14,0,0 '
Received from ('fd00::200:0:0:7', 8765, 0, 0): b' 962,7,3,768,20,136,3,2,7,1,1,-52,3,1271,13249,61,0,0 '
Received from ('fd00::200:0:0:a', 8765, 0, 0): b' 962,10,7,1024,10,134,3,3,7,1,1,-70,2,1568,17867,59,0,0 '
Received from ('fd00::200:0:0:10', 8765, 0, 0): b' 961,16,13,1280,10,134,3,4,7,1,1,-70,2,1058,12120,53,0,0 '
Received from ('fd00::200:0:0:d', 8765, 0, 0): b' 963,13,8,1024,20,117,3,3,7,1,1,-70,5,2550,21647,55,0,0 '
Received from ('fd00::200:0:0:12', 8765, 0, 0): b' 964,18,15,1536,0,113,3,4,5,1,1,-70,0,823,10918,52,0,0 '
Received from ('fd00::200:0:0:1', 5678, 0, 0): b' 964,1,0,256,0,6,0,0,4,0,0,0,10,1779,18493,962,0,0 '
Received from ('fd00::200:0:0:8', 8765, 0, 0): b' 964,8,4,768,30,122,3,6,7,1,1,-52,9,3888,27029,59,0,0 '
Received from ('fd00::200:0:0:4', 8765, 0, 0): b' 965,4,1,512,10,113,4,1,7,2,1,-66,10,3388,21714,63,0,0 '
Received from ('fd00::200:0:0:c', 8765, 0, 0): b' 962,12,8,1024,0,60,6,13,7,1,3,-52,0,439,5570,14,0,0 '
Received from ('fd00::200:0:0:15', 8765, 0, 0): b' 963,21,17,1536,0,89,2,7,5,1,1,-52,0,308,4561,38,0,0 '
Received from ('fd00::200:0:0:5', 8765, 0, 0): b' 966,5,4,768,0,126,5,1,6,1,1,-52,0,825,13072,63,0,0 '
Received from ('fd00::200:0:0:13', 8765, 0, 0): b' 963,19,16,1536,0,137,3,4,7,1,1,-70,0,451,5700,50,0,0 '
Received from ('fd00::200:0:0:14', 8765, 0, 0): b' 964,20,16,1536,0,126,4,5,7,1,1,-52,0,717,10441,47,0,0 '
Received from ('fd00::200:0:0:b', 8765, 0, 0): b' 967,11,8,1024,0,127,4,4,7,1,2,-70,1,863,10030,53,0,0 '
Received from ('fd00::200:0:0:9', 8765, 0, 0): b' 968,9,4,768,0,64,7,13,6,1,4,-70,0,668,8376,14,0,0 '
Received from ('fd00::200:0:0:7', 8765, 0, 0): b' 969,7,3,768,0,137,3,2,7,1,1,-52,3,876,10442,61,0,0 '
Received from ('fd00::200:0:0:15', 8765, 0, 0): b' 967,21,17,1536,0,90,2,7,5,1,1,-52,0,359,4327,38,0,0 '
Received from ('fd00::200:0:0:3', 8765, 0, 0): b' 969,3,1,512,10,134,4,2,7,1,1,-64,4,1679,14308,63,0,0 '
Received from ('fd00::200:0:0:a', 8765, 0, 0): b' 969,10,7,1024,0,137,3,3,7,1,1,-70,2,943,11422,59,0,0 '
Received from ('fd00::200:0:0:e', 8765, 0, 0): b' 968,14,11,1280,0,121,2,3,7,1,1,-70,0,610,10938,52,0,0 '
Received from ('fd00::200:0:0:f', 8765, 0, 0): b' 970,15,10,1280,0,122,4,9,7,1,2,-70,1,1094,12686,52,0,0 '
Received from ('fd00::200:0:0:12', 8765, 0, 0): b' 971,18,15,1536,0,114,3,4,5,1,1,-70,0,441,6494,53,0,0 '
Received from ('fd00::200:0:0:1', 5678, 0, 0): b' 971,1,0,256,0,6,0,0,4,0,0,0,10,1296,15589,968,0,0 '
Received from ('fd00::200:0:0:11', 8765, 0, 0): b' 970,17,13,1280,0,103,9,5,7,1,3,-52,1,940,11821,46,0,0 '
Received from ('fd00::200:0:0:2', 8765, 0, 0): b' 971,2,1,512,0,117,4,1,6,1,1,-88,1,1100,17668,64,0,0 '
Received from ('fd00::200:0:0:13', 8765, 0, 0): b' 971,19,16,1536,0,137,3,4,7,1,1,-70,0,398,6877,50,0,0 '
Received from ('fd00::200:0:0:10', 8765, 0, 0): b' 972,16,13,1280,0,135,3,4,7,1,1,-70,2,1282,17001,54,0,0 '
Received from ('fd00::200:0:0:a', 8765, 0, 0): b' 973,10,7,1024,0,137,3,3,7,1,1,-70,2,789,7108,59,0,0 '
Received from ('fd00::200:0:0:15', 8765, 0, 0): b' 971,21,17,1536,0,92,2,7,5,1,1,-52,0,490,4531,38,0,0 '
Received from ('fd00::200:0:0:6', 8765, 0, 0): b' 973,6,2,768,10,70,1,13,7,1,1,-52,0,945,11074,14,0,0 '
Received from ('fd00::200:0:0:5', 8765, 0, 0): b' 973,5,4,768,0,128,5,1,6,1,1,-52,0,597,10083,64,0,0 '
Received from ('fd00::200:0:0:b', 8765, 0, 0): b' 974,11,8,1024,0,129,4,4,7,1,2,-70,1,839,11754,53,0,0 '
Received from ('fd00::200:0:0:d', 8765, 0, 0): b' 974,13,8,1024,10,120,3,3,7,1,1,-70,5,2620,22211,56,0,0 '
Received from ('fd00::200:0:0:14', 8765, 0, 0): b' 973,20,16,1536,0,128,4,5,7,1,1,-52,0,613,8002,47,0,0 '
Received from ('fd00::200:0:0:f', 8765, 0, 0): b' 975,15,10,1280,10,123,4,9,7,1,2,-70,1,761,7287,53,0,0 '
Received from ('fd00::200:0:0:4', 8765, 0, 0): b' 976,4,1,512,0,115,4,1,7,2,1,-66,10,4776,30320,64,0,0 '
Received from ('fd00::200:0:0:9', 8765, 0, 0): b' 976,9,4,768,0,66,7,13,6,1,4,-70,0,512,7816,14,0,0 '
Received from ('fd00::200:0:0:8', 8765, 0, 0): b' 976,8,4,768,30,125,3,6,7,1,1,-52,9,4439,31253,60,0,0 '
Received from ('fd00::200:0:0:c', 8765, 0, 0): b' 975,12,8,1024,0,66,6,14,7,1,3,-52,0,1115,11954,14,0,0 '
Received from ('fd00::200:0:0:3', 8765, 0, 0): b' 978,3,1,512,0,136,4,2,7,1,1,-64,4,1967,16079,64,0,0 '
Received from ('fd00::200:0:0:e', 8765, 0, 0): b' 976,14,11,1280,10,123,2,3,7,1,1,-70,0,562,7349,53,0,0 '
Received from ('fd00::200:0:0:2', 8765, 0, 0): b' 978,2,1,512,10,120,4,1,6,1,1,-88,1,917,10779,64,0,0 '
Received from ('fd00::200:0:0:15', 8765, 0, 0): b' 976,21,17,1536,0,93,2,7,5,1,1,-52,0,415,5062,39,0,0 '
Received from ('fd00::200:0:0:7', 8765, 0, 0): b' 980,7,3,768,0,141,3,2,7,1,1,-52,3,2347,20801,62,0,0 '
Received from ('fd00::200:0:0:1', 5678, 0, 0): b' 980,1,0,256,0,6,0,0,4,0,0,0,10,2215,21144,983,0,0 '
Received from ('fd00::200:0:0:11', 8765, 0, 0): b' 979,17,13,1280,10,108,9,5,7,1,3,-52,1,1623,12506,47,0,0 '
Received from ('fd00::200:0:0:12', 8765, 0, 0): b' 981,18,15,1536,0,116,3,4,5,1,1,-70,0,636,9387,53,0,0 '
Received from ('fd00::200:0:0:14', 8765, 0, 0): b' 979,20,16,1536,0,131,4,5,7,1,1,-52,0,654,5881,48,0,0 '
Received from ('fd00::200:0:0:13', 8765, 0, 0): b' 979,19,16,1536,0,140,3,4,7,1,1,-70,0,775,8712,51,0,0 '
Received from ('fd00::200:0:0:10', 8765, 0, 0): b' 980,16,13,1280,10,138,3,4,7,1,1,-70,2,1793,17797,54,0,0 '
Received from ('fd00::200:0:0:a', 8765, 0, 0): b' 982,10,7,1024,0,138,3,3,7,1,1,-70,2,1130,14164,60,0,0 '
Received from ('fd00::200:0:0:4', 8765, 0, 0): b' 983,4,1,512,20,117,4,1,7,2,1,-66,10,3344,20701,64,0,0 '
Received from ('fd00::200:0:0:9', 8765, 0, 0): b' 982,9,4,768,0,69,7,13,6,1,4,-70,0,772,7308,15,0,0 '
Received from ('fd00::200:0:0:d', 8765, 0, 0): b' 983,13,8,1024,20,121,3,3,7,1,1,-70,5,2247,18344,57,0,0 '
Received from ('fd00::200:0:0:5', 8765, 0, 0): b' 983,5,4,768,0,132,5,1,6,1,1,-52,0,848,12294,64,0,0 '
Received from ('fd00::200:0:0:c', 8765, 0, 0): b' 983,12,8,1024,0,69,6,14,7,1,3,-52,0,776,8325,15,0,0 '
Received from ('fd00::200:0:0:6', 8765, 0, 0): b' 984,6,2,768,0,72,1,13,7,1,1,-52,0,715,10469,15,0,0 '
Received from ('fd00::200:0:0:8', 8765, 0, 0): b' 985,8,4,768,0,127,3,6,7,1,1,-52,9,3616,24604,61,0,0 '
Received from ('fd00::200:0:0:b', 8765, 0, 0): b' 985,11,8,1024,0,134,4,4,7,1,2,-70,1,1468,16978,54,0,0 '
Received from ('fd00::200:0:0:12', 8765, 0, 0): b' 985,18,15,1536,0,117,3,4,5,1,1,-70,0,319,4223,54,0,0 '
Received from ('fd00::200:0:0:3', 8765, 0, 0): b' 987,3,1,512,0,139,4,2,7,1,1,-64,4,1750,15303,64,0,0 '
Received from ('fd00::200:0:0:f', 8765, 0, 0): b' 986,15,10,1280,0,126,4,9,7,1,2,-70,1,1349,14511,53,0,0 '
Received from ('fd00::200:0:0:e', 8765, 0, 0): b' 986,14,11,1280,0,127,2,3,7,1,1,-70,0,855,9624,53,0,0 '
Received from ('fd00::200:0:0:11', 8765, 0, 0): b' 987,17,13,1280,10,111,9,5,7,1,3,-52,1,769,9456,47,0,0 '
Received from ('fd00::200:0:0:7', 8765, 0, 0): b' 987,7,3,768,10,141,3,2,7,1,1,-52,3,1069,11844,62,0,0 '
Received from ('fd00::200:0:0:13', 8765, 0, 0): b' 986,19,16,1536,0,142,3,4,7,1,1,-70,0,509,6337,51,0,0 '
Received from ('fd00::200:0:0:2', 8765, 0, 0): b' 988,2,1,512,0,124,4,1,6,1,1,-88,1,1372,16161,65,0,0 '
Received from ('fd00::200:0:0:5', 8765, 0, 0): b' 988,5,4,768,0,134,5,1,6,1,1,-52,0,573,6218,65,0,0 '
Received from ('fd00::200:0:0:1', 5678, 0, 0): b' 988,1,0,256,0,6,0,0,4,0,0,0,10,2020,20724,991,0,0 '
Received from ('fd00::200:0:0:15', 8765, 0, 0): b' 987,21,17,1536,0,97,2,7,5,1,1,-52,0,873,10726,39,0,0 '
Received from ('fd00::200:0:0:4', 8765, 0, 0): b' 990,4,1,512,0,118,4,1,7,2,1,-66,10,2958,19232,64,0,0 '
Received from ('fd00::200:0:0:14', 8765, 0, 0): b' 988,20,16,1536,0,133,4,5,7,1,1,-52,0,515,8109,48,0,0 '
Received from ('fd00::200:0:0:d', 8765, 0, 0): b' 990,13,8,1024,10,124,3,3,7,1,1,-70,5,2089,17736,57,0,0 '
Received from ('fd00::200:0:0:10', 8765, 0, 0): b' 990,16,13,1280,10,140,3,4,7,1,1,-70,2,1530,18506,55,0,0 '
Received from ('fd00::200:0:0:7', 8765, 0, 0): b' 993,7,3,768,10,141,3,2,7,1,1,-52,3,801,9699,63,0,0 '
Received from ('fd00::200:0:0:c', 8765, 0, 0): b' 990,12,8,1024,10,71,6,14,7,1,3,-52,0,584,7364,16,0,0 '
Received from ('fd00::200:0:0:12', 8765, 0, 0): b' 992,18,15,1536,0,119,3,4,5,1,1,-70,0,612,7058,54,0,0 '
Received from ('fd00::200:0:0:b', 8765, 0, 0): b' 992,11,8,1024,0,134,4,4,7,1,2,-70,1,783,12115,54,0,0 '
Received from ('fd00::200:0:0:6', 8765, 0, 0): b' 993,6,2,768,0,74,1,13,7,1,1,-52,0,569,8455,16,0,0 '
Received from ('fd00::200:0:0:a', 8765, 0, 0): b' 994,10,7,1024,10,142,3,3,7,1,1,-70,2,1703,19205,61,0,0 '
Received from ('fd00::200:0:0:f', 8765, 0, 0): b' 994,15,10,1280,0,127,4,9,7,1,2,-70,1,877,10326,54,0,0 '
Received from ('fd00::200:0:0:e', 8765, 0, 0): b' 993,14,11,1280,0,128,2,3,7,1,1,-70,0,537,6514,54,0,0 '
Received from ('fd00::200:0:0:9', 8765, 0, 0): b' 995,9,4,768,0,72,7,13,6,1,4,-70,0,890,11712,16,0,0 '
Received from ('fd00::200:0:0:11', 8765, 0, 0): b' 995,17,13,1280,0,112,9,5,7,1,3,-52,1,1021,11276,48,0,0 '
Received from ('fd00::200:0:0:2', 8765, 0, 0): b' 995,2,1,512,0,125,4,1,6,1,1,-88,1,823,11518,66,0,0 '
Received from ('fd00::200:0:0:4', 8765, 0, 0): b' 995,4,1,512,0,120,4,1,7,2,1,-66,10,2645,16190,65,0,0 '
Received from ('fd00::200:0:0:1', 5678, 0, 0): b' 996,1,0,256,0,6,0,0,4,0,0,0,10,1718,17768,1004,0,0 '
Received from ('fd00::200:0:0:8', 8765, 0, 0): b' 996,8,4,768,10,130,3,6,7,1,1,-52,9,3742,26899,61,0,0 '
Received from ('fd00::200:0:0:5', 8765, 0, 0): b' 996,5,4,768,0,135,5,1,6,1,1,-52,0,572,9616,65,0,0 '
Received from ('fd00::200:0:0:10', 8765, 0, 0): b' 995,16,13,1280,10,142,3,4,7,1,1,-70,2,841,9905,55,0,0 '
Received from ('fd00::200:0:0:13', 8765, 0, 0): b' 995,19,16,1536,0,145,3,4,7,1,1,-70,0,775,8762,52,0,0 '
Received from ('fd00::200:0:0:3', 8765, 0, 0): b' 998,3,1,512,0,140,4,2,7,1,1,-64,4,2139,19804,65,0,0 '
Received from ('fd00::200:0:0:15', 8765, 0, 0): b' 997,21,17,1536,0,101,2,7,5,1,1,-52,0,785,8804,40,0,0 '
Received from ('fd00::200:0:0:b', 8765, 0, 0): b' 997,11,8,1024,0,135,4,4,7,1,2,-70,1,699,8724,55,0,0 '
Received from ('fd00::200:0:0:14', 8765, 0, 0): b' 998,20,16,1536,0,136,4,5,7,1,1,-52,0,799,9790,49,0,0 '
Received from ('fd00::200:0:0:7', 8765, 0, 0): b' 1000,7,3,768,0,143,3,2,7,1,1,-52,3,1192,11304,63,0,0 '
Received from ('fd00::200:0:0:e', 8765, 0, 0): b' 998,14,11,1280,0,129,2,3,7,1,1,-70,0,360,4492,54,0,0 '
Received from ('fd00::200:0:0:c', 8765, 0, 0): b' 998,12,8,1024,0,73,6,14,7,1,3,-52,0,571,8030,16,0,0 '
Received from ('fd00::200:0:0:1', 5678, 0, 0): b' 1000,1,0,256,0,6,0,0,4,0,0,0,10,867,10110,1008,0,0 '
Received from ('fd00::200:0:0:d', 8765, 0, 0): b' 999,13,8,1024,0,125,3,3,7,1,1,-70,5,2089,17341,58,0,0 '
Received from ('fd00::200:0:0:8', 8765, 0, 0): b' 1001,8,4,768,0,130,3,6,7,1,1,-52,9,2316,14824,62,0,0 '
Received from ('fd00::200:0:0:12', 8765, 0, 0): b' 1002,18,15,1536,0,122,3,4,5,1,1,-70,0,702,9307,55,0,0 '
Received from ('fd00::200:0:0:11', 8765, 0, 0): b' 1002,17,13,1280,0,114,9,5,7,1,3,-52,1,807,8216,48,0,0 '
Received from ('fd00::200:0:0:6', 8765, 0, 0): b' 1003,6,2,768,0,79,1,13,7,1,1,-52,0,1024,10156,16,0,0 '
Received from ('fd00::200:0:0:a', 8765, 0, 0): b' 1003,10,7,1024,0,144,3,3,7,1,1,-70,2,1341,14883,61,0,0 '
Received from ('fd00::200:0:0:f', 8765, 0, 0): b' 1003,15,10,1280,0,128,4,9,7,1,2,-70,1,901,11254,55,0,0 '
Received from ('fd00::200:0:0:e', 8765, 0, 0): b' 1003,14,11,1280,0,131,2,3,7,1,1,-70,0,394,5039,54,0,0 '
Received from ('fd00::200:0:0:4', 8765, 0, 0): b' 1004,4,1,512,10,121,4,1,7,2,1,-66,10,3895,25093,65,0,0 '
Received from ('fd00::200:0:0:3', 8765, 0, 0): b' 1006,3,1,512,10,142,4,2,7,1,1,-64,4,1784,14027,66,0,0 '
Received from ('fd00::200:0:0:7', 8765, 0, 0): b' 1006,7,3,768,10,144,3,2,7,1,1,-52,3,1235,9605,64,0,0 '
Received from ('fd00::200:0:0:5', 8765, 0, 0): b' 1005,5,4,768,0,140,5,1,6,1,1,-52,0,917,11751,66,0,0 '
Received from ('fd00::200:0:0:c', 8765, 0, 0): b' 1004,12,8,1024,0,75,6,14,7,1,3,-52,0,556,5957,16,0,0 '
Received from ('fd00::200:0:0:14', 8765, 0, 0): b' 1004,20,16,1536,0,139,4,5,7,1,1,-52,0,598,6336,49,0,0 '
Received from ('fd00::200:0:0:9', 8765, 0, 0): b' 1006,9,4,768,0,76,7,13,6,1,4,-70,0,904,11205,17,0,0 '
Received from ('fd00::200:0:0:2', 8765, 0, 0): b' 1006,2,1,512,10,126,4,1,6,1,1,-88,1,1062,17557,66,0,0 '
Received from ('fd00::200:0:0:10', 8765, 0, 0): b' 1007,16,13,1280,20,147,3,4,7,1,1,-70,2,2162,21884,56,0,0 '
Received from ('fd00::200:0:0:b', 8765, 0, 0): b' 1006,11,8,1024,10,139,4,4,7,1,2,-70,1,1373,14555,55,0,0 '
Received from ('fd00::200:0:0:a', 8765, 0, 0): b' 1009,10,7,1024,0,145,3,3,7,1,1,-70,2,730,9107,62,0,0 '
Received from ('fd00::200:0:0:13', 8765, 0, 0): b' 1006,19,16,1536,0,148,3,4,7,1,1,-70,0,823,10470,53,0,0 '
Received from ('fd00::200:0:0:8', 8765, 0, 0): b' 1009,8,4,768,20,135,3,6,7,1,1,-52,9,2939,21624,62,0,0 '
Received from ('fd00::200:0:0:15', 8765, 0, 0): b' 1008,21,17,1536,0,105,2,7,5,1,1,-52,0,930,11132,41,0,0 '
Received from ('fd00::200:0:0:e', 8765, 0, 0): b' 1008,14,11,1280,0,131,2,3,7,1,1,-70,0,334,5224,55,0,0 '
Received from ('fd00::200:0:0:d', 8765, 0, 0): b' 1009,13,8,1024,0,125,3,3,7,1,1,-70,5,1973,19371,58,0,0 '
Received from ('fd00::200:0:0:c', 8765, 0, 0): b' 1010,12,8,1024,0,76,6,14,7,1,3,-52,0,440,5978,17,0,0 '
Received from ('fd00::200:0:0:12', 8765, 0, 0): b' 1012,18,15,1536,0,125,3,4,5,1,1,-70,0,744,9250,55,0,0 '
Received from ('fd00::200:0:0:1', 5678, 0, 0): b' 1011,1,0,256,0,6,0,0,4,0,0,0,10,2469,26254,1024,0,0 '
Received from ('fd00::200:0:0:4', 8765, 0, 0): b' 1012,4,1,512,0,123,4,1,7,2,1,-66,10,3613,21779,66,0,0 '
Received from ('fd00::200:0:0:13', 8765, 0, 0): b' 1011,19,16,1536,0,149,3,4,7,1,1,-70,0,265,4418,53,0,0 '
Received from ('fd00::200:0:0:5', 8765, 0, 0): b' 1012,5,4,768,0,142,5,1,6,1,1,-52,0,611,8692,66,0,0 '
Received from ('fd00::200:0:0:11', 8765, 0, 0): b' 1011,17,13,1280,0,116,9,5,7,1,3,-52,1,1131,13275,49,0,0 '
Received from ('fd00::200:0:0:7', 8765, 0, 0): b' 1012,7,3,768,0,144,3,2,7,1,1,-52,3,992,13015,64,0,0 '
Received from ('fd00::200:0:0:10', 8765, 0, 0): b' 1011,16,13,1280,0,148,3,4,7,1,1,-70,2,865,9940,56,0,0 '
Received from ('fd00::200:0:0:f', 8765, 0, 0): b' 1013,15,10,1280,10,131,4,9,7,1,2,-70,1,1145,13335,55,0,0 '
Received from ('fd00::200:0:0:6', 8765, 0, 0): b' 1014,6,2,768,0,82,1,13,7,1,1,-52,0,823,10715,17,0,0 '
Received from ('fd00::200:0:0:14', 8765, 0, 0): b' 1014,20,16,1536,0,141,4,5,7,1,1,-52,0,693,9220,50,0,0 '
Received from ('fd00::200:0:0:a', 8765, 0, 0): b' 1015,10,7,1024,0,146,3,3,7,1,1,-70,2,851,10035,62,0,0 '
Received from ('fd00::200:0:0:8', 8765, 0, 0): b' 1016,8,4,768,0,136,3,6,7,1,1,-52,9,2495,16905,63,0,0 '
Received from ('fd00::200:0:0:2', 8765, 0, 0): b' 1015,2,1,512,0,128,4,1,6,1,1,-88,1,1085,14477,67,0,0 '
Received from ('fd00::200:0:0:3', 8765, 0, 0): b' 1016,3,1,512,10,146,4,2,7,1,1,-64,4,1977,18734,66,0,0 '
Received from ('fd00::200:0:0:d', 8765, 0, 0): b' 1016,13,8,1024,0,128,3,3,7,1,1,-70,5,1886,14792,59,0,0 '
Received from ('fd00::200:0:0:b', 8765, 0, 0): b' 1016,11,8,1024,0,142,4,4,7,1,2,-70,1,1308,15158,56,0,0 '
Received from ('fd00::200:0:0:9', 8765, 0, 0): b' 1017,9,4,768,0,79,7,13,6,1,4,-70,0,766,10380,17,0,0 '
Received from ('fd00::200:0:0:e', 8765, 0, 0): b' 1017,14,11,1280,0,134,2,3,7,1,1,-70,0,720,8491,55,0,0 '
Received from ('fd00::200:0:0:7', 8765, 0, 0): b' 1016,7,3,768,0,145,3,2,7,1,1,-52,3,954,8293,65,0,0 '
Received from ('fd00::200:0:0:11', 8765, 0, 0): b' 1018,17,13,1280,0,118,9,5,7,1,3,-52,1,704,8447,49,0,0 '
Received from ('fd00::200:0:0:f', 8765, 0, 0): b' 1019,15,10,1280,0,131,4,9,7,1,2,-70,1,515,6898,56,0,0 '
Received from ('fd00::200:0:0:15', 8765, 0, 0): b' 1018,21,17,1536,0,106,2,7,5,1,1,-52,0,531,8981,41,0,0 '
Received from ('fd00::200:0:0:13', 8765, 0, 0): b' 1019,19,16,1536,0,152,3,4,7,1,1,-70,0,776,8106,54,0,0 '
Received from ('fd00::200:0:0:a', 8765, 0, 0): b' 1022,10,7,1024,0,147,3,3,7,1,1,-70,2,910,10385,63,0,0 '
Received from ('fd00::200:0:0:2', 8765, 0, 0): b' 1021,2,1,512,10,128,4,1,6,1,1,-88,1,531,8863,67,0,0 '
Received from ('fd00::200:0:0:6', 8765, 0, 0): b' 1020,6,2,768,10,85,1,13,7,1,1,-52,0,750,7531,18,0,0 '
Received from ('fd00::200:0:0:4', 8765, 0, 0): b' 1023,4,1,512,0,129,4,1,7,2,1,-66,10,4877,30393,67,0,0 '
Received from ('fd00::200:0:0:c', 8765, 0, 0): b' 1021,12,8,1024,0,77,6,14,7,1,3,-52,0,682,10596,18,0,0 '
Received from ('fd00::200:0:0:1', 5678, 0, 0): b' 1023,1,0,256,0,6,0,0,4,0,0,0,10,2735,28260,1041,0,0 '
Received from ('fd00::200:0:0:e', 8765, 0, 0): b' 1022,14,11,1280,0,135,2,3,7,1,1,-70,0,441,4769,56,0,0 '
Received from ('fd00::200:0:0:12', 8765, 0, 0): b' 1023,18,15,1536,10,127,3,4,5,1,1,-70,0,586,10226,56,0,0 '
Received from ('fd00::200:0:0:5', 8765, 0, 0): b' 1023,5,4,768,0,145,5,1,6,1,1,-52,0,825,13336,67,0,0 '
Received from ('fd00::200:0:0:b', 8765, 0, 0): b' 1022,11,8,1024,0,145,4,4,7,1,2,-70,1,1099,10282,56,0,0 '
Received from ('fd00::200:0:0:7', 8765, 0, 0): b' 1023,7,3,768,0,146,3,2,7,1,1,-52,3,1143,11112,65,0,0 '
Received from ('fd00::200:0:0:14', 8765, 0, 0): b' 1023,20,16,1536,0,143,4,5,7,1,1,-52,0,693,9199,51,0,0 '
Received from ('fd00::200:0:0:10', 8765, 0, 0): b' 1023,16,13,1280,0,154,3,4,7,1,1,-70,2,2441,23329,57,0,0 '
Received from ('fd00::200:0:0:15', 8765, 0, 0): b' 1024,21,17,1536,0,108,2,7,5,1,1,-52,0,548,6325,42,0,0 '
Received from ('fd00::200:0:0:3', 8765, 0, 0): b' 1025,3,1,512,0,147,4,2,7,1,1,-64,4,2025,17480,67,0,0 '
Received from ('fd00::200:0:0:11', 8765, 0, 0): b' 1025,17,13,1280,0,120,9,5,7,1,3,-52,1,1100,10296,50,0,0 '
Received from ('fd00::200:0:0:9', 8765, 0, 0): b' 1027,9,4,768,0,80,7,13,6,1,4,-70,0,584,9367,18,0,0 '
Received from ('fd00::200:0:0:8', 8765, 0, 0): b' 1028,8,4,768,20,136,3,6,7,1,1,-52,9,4279,30829,64,0,0 '
Received from ('fd00::200:0:0:d', 8765, 0, 0): b' 1026,13,8,1024,10,131,3,3,7,1,1,-70,5,2752,22905,60,0,0 '
Received from ('fd00::200:0:0:13', 8765, 0, 0): b' 1027,19,16,1536,0,155,3,4,7,1,1,-70,0,623,7739,54,0,0 '
Received from ('fd00::200:0:0:a', 8765, 0, 0): b' 1029,10,7,1024,0,148,3,3,7,1,1,-70,2,758,10761,63,0,0 '
Received from ('fd00::200:0:0:12', 8765, 0, 0): b' 1028,18,15,1536,10,129,3,4,5,1,1,-70,0,494,5400,56,0,0 '
Received from ('fd00::200:0:0:c', 8765, 0, 0): b' 1028,12,8,1024,10,78,6,14,7,1,3,-52,0,302,6073,18,0,0 '
Received from ('fd00::200:0:0:1', 5678, 0, 0): b' 1030,1,0,256,0,6,0,0,4,0,0,0,10,1394,15236,1047,0,0 '
Received from ('fd00::200:0:0:11', 8765, 0, 0): b' 1029,17,13,1280,0,122,9,5,7,1,3,-52,1,554,5135,50,0,0 '
Received from ('fd00::200:0:0:f', 8765, 0, 0): b' 1031,15,10,1280,0,136,4,9,7,1,2,-70,1,1681,16288,56,0,0 '
Received from ('fd00::200:0:0:2', 8765, 0, 0): b' 1030,2,1,512,10,129,4,1,6,1,1,-88,1,836,12962,68,0,0 '
Received from ('fd00::200:0:0:b', 8765, 0, 0): b' 1031,11,8,1024,0,149,4,4,7,1,2,-70,1,984,12038,57,0,0 '
Received from ('fd00::200:0:0:14', 8765, 0, 0): b' 1030,20,16,1536,10,146,4,5,7,1,1,-52,0,599,7123,51,0,0 '
Received from ('fd00::200:0:0:3', 8765, 0, 0): b' 1031,3,1,512,10,149,4,2,7,1,1,-64,4,1108,9639,67,0,0 '
Received from ('fd00::200:0:0:7', 8765, 0, 0): b' 1031,7,3,768,0,147,3,2,7,1,1,-52,3,1266,12712,65,0,0 '
Received from ('fd00::200:0:0:5', 8765, 0, 0): b' 1032,5,4,768,0,149,5,1,6,1,1,-52,0,808,10724,68,0,0 '
Received from ('fd00::200:0:0:e', 8765, 0, 0): b' 1032,14,11,1280,0,137,2,3,7,1,1,-70,0,613,8905,56,0,0 '
Received from ('fd00::200:0:0:6', 8765, 0, 0): b' 1032,6,2,768,0,87,1,13,7,1,1,-52,0,659,10757,18,0,0 '
Received from ('fd00::200:0:0:9', 8765, 0, 0): b' 1033,9,4,768,10,80,7,13,6,1,4,-70,0,251,4832,18,0,0 '
Received from ('fd00::200:0:0:4', 8765, 0, 0): b' 1034,4,1,512,20,134,4,1,7,1,1,-66,10,5402,31880,67,0,0 '
Received from ('fd00::200:0:0:13', 8765, 0, 0): b' 1032,19,16,1536,0,158,3,4,7,1,1,-70,0,599,5837,54,0,0 '
Received from ('fd00::200:0:0:2', 8765, 0, 0): b' 1035,2,1,512,10,131,4,1,6,1,1,-88,1,516,7436,68,0,0 '
Received from ('fd00::200:0:0:a', 8765, 0, 0): b' 1036,10,7,1024,0,151,3,3,7,1,1,-70,2,1371,12124,63,0,0 '
Received from ('fd00::200:0:0:8', 8765, 0, 0): b' 1035,8,4,768,10,136,3,6,7,1,1,-52,9,2311,18421,64,0,0 '
Received from ('fd00::200:0:0:12', 8765, 0, 0): b' 1036,18,15,1536,0,133,3,4,5,1,1,-70,0,894,8359,57,0,0 '
Received from ('fd00::200:0:0:1', 5678, 0, 0): b' 1037,1,0,256,0,6,0,0,4,0,0,0,10,1707,15982,1060,0,0 '
Received from ('fd00::200:0:0:b', 8765, 0, 0): b' 1035,11,8,1024,0,149,4,4,7,1,2,-70,1,578,7544,57,0,0 '
Received from ('fd00::200:0:0:6', 8765, 0, 0): b' 1037,6,2,768,0,89,1,13,7,1,1,-52,0,419,4407,19,0,0 '
Received from ('fd00::200:0:0:10', 8765, 0, 0): b' 1034,16,13,1280,0,156,3,4,7,1,1,-70,2,1844,22381,58,0,0 '
Received from ('fd00::200:0:0:4', 8765, 0, 0): b' 1038,4,1,512,40,135,4,1,7,1,1,-66,10,1896,12940,68,0,0 '
Received from ('fd00::200:0:0:d', 8765, 0, 0): b' 1036,13,8,1024,0,132,3,3,7,1,1,-70,5,1864,18062,60,0,0 '
Received from ('fd00::200:0:0:3', 8765, 0, 0): b' 1038,3,1,512,0,149,4,2,7,1,1,-64,4,1557,13057,68,0,0 '
Received from ('fd00::200:0:0:15', 8765, 0, 0): b' 1036,21,17,1536,0,110,2,7,5,1,1,-52,0,814,10999,43,0,0 '
Received from ('fd00::200:0:0:e', 8765, 0, 0): b' 1037,14,11,1280,0,139,2,3,7,1,1,-70,0,548,6000,57,0,0 '
Received from ('fd00::200:0:0:14', 8765, 0, 0): b' 1037,20,16,1536,0,147,4,5,7,1,1,-52,0,563,7412,52,0,0 '
Received from ('fd00::200:0:0:b', 8765, 0, 0): b' 1040,11,8,1024,0,150,4,4,7,1,2,-70,1,675,7099,58,0,0 '
Received from ('fd00::200:0:0:11', 8765, 0, 0): b' 1039,17,13,1280,0,122,9,5,7,1,3,-52,1,888,12540,51,0,0 '
Received from ('fd00::200:0:0:f', 8765, 0, 0): b' 1043,15,10,1280,0,140,4,9,7,1,2,-70,1,1429,15835,57,0,0 '
Received from ('fd00::200:0:0:8', 8765, 0, 0): b' 1041,8,4,768,10,137,3,6,7,1,1,-52,9,2303,15635,64,0,0 '
Received from ('fd00::200:0:0:c', 8765, 0, 0): b' 1040,12,8,1024,0,80,6,14,7,1,3,-52,0,794,10973,19,0,0 '
Received from ('fd00::200:0:0:6', 8765, 0, 0): b' 1042,6,2,768,0,90,1,13,7,1,1,-52,0,382,5019,19,0,0 '
Received from ('fd00::200:0:0:5', 8765, 0, 0): b' 1042,5,4,768,0,151,5,1,6,1,1,-52,0,633,11153,68,0,0 '
Received from ('fd00::200:0:0:1', 5678, 0, 0): b' 1043,1,0,256,0,6,0,0,4,0,0,0,10,1463,14196,1066,0,0 '
Received from ('fd00::200:0:0:3', 8765, 0, 0): b' 1042,3,1,512,0,152,4,2,7,1,1,-64,4,872,7737,68,0,0 '
Received from ('fd00::200:0:0:13', 8765, 0, 0): b' 1040,19,16,1536,0,159,3,4,7,1,1,-70,0,562,8003,55,0,0 '
Received from ('fd00::200:0:0:7', 8765, 0, 0): b' 1042,7,3,768,0,153,3,2,7,1,1,-52,3,1948,19423,66,0,0 '
Received from ('fd00::200:0:0:9', 8765, 0, 0): b' 1044,9,4,768,0,85,7,13,6,1,4,-70,0,1036,11382,19,0,0 '
Received from ('fd00::200:0:0:12', 8765, 0, 0): b' 1044,18,15,1536,0,134,3,4,5,1,1,-70,0,506,7351,57,0,0 '
Received from ('fd00::200:0:0:11', 8765, 0, 0): b' 1044,17,13,1280,0,122,9,5,7,1,3,-52,1,339,5257,51,0,0 '
Received from ('fd00::200:0:0:a', 8765, 0, 0): b' 1045,10,7,1024,0,154,3,3,7,1,1,-70,2,1469,16133,64,0,0 '
Received from ('fd00::200:0:0:c', 8765, 0, 0): b' 1045,12,8,1024,0,80,6,14,7,1,3,-52,0,278,5011,19,0,0 '
Received from ('fd00::200:0:0:15', 8765, 0, 0): b' 1044,21,17,1536,0,110,2,7,5,1,1,-52,0,303,7548,43,0,0 '
Received from ('fd00::200:0:0:5', 8765, 0, 0): b' 1046,5,4,768,0,151,5,1,6,1,1,-52,0,332,5571,69,0,0 '
Received from ('fd00::200:0:0:4', 8765, 0, 0): b' 1047,4,1,512,10,141,4,1,7,2,1,-66,10,4783,25407,68,0,0 '
Received from ('fd00::200:0:0:2', 8765, 0, 0): b' 1047,2,1,512,10,133,4,1,6,1,1,-88,1,1614,18654,69,0,0 '
Received from ('fd00::200:0:0:8', 8765, 0, 0): b' 1047,8,4,768,0,137,3,6,7,1,1,-52,9,1911,15787,65,0,0 '
Received from ('fd00::200:0:0:d', 8765, 0, 0): b' 1046,13,8,1024,10,132,3,3,7,1,1,-70,5,2233,21074,61,0,0 '
Received from ('fd00::200:0:0:10', 8765, 0, 0): b' 1046,16,13,1280,0,161,3,4,7,1,1,-70,2,2019,22082,59,0,0 '
Received from ('fd00::200:0:0:7', 8765, 0, 0): b' 1046,7,3,768,10,154,3,2,7,1,1,-52,3,847,8223,66,0,0 '
Received from ('fd00::200:0:0:e', 8765, 0, 0): b' 1047,14,11,1280,0,142,2,3,7,1,1,-70,0,744,9344,57,0,0 '
Received from ('fd00::200:0:0:6', 8765, 0, 0): b' 1049,6,2,768,0,92,1,13,7,1,1,-52,0,586,6559,19,0,0 '
Received from ('fd00::200:0:0:f', 8765, 0, 0): b' 1047,15,10,1280,0,143,4,9,7,1,2,-70,1,926,7028,57,0,0 '
Received from ('fd00::200:0:0:b', 8765, 0, 0): b' 1049,11,8,1024,0,153,4,4,7,1,2,-70,1,1111,14271,58,0,0 '
Received from ('fd00::200:0:0:9', 8765, 0, 0): b' 1050,9,4,768,0,87,7,13,6,1,4,-70,0,491,5788,19,0,0 '
Received from ('fd00::200:0:0:5', 8765, 0, 0): b' 1050,5,4,768,0,152,5,1,6,1,1,-52,0,289,5441,69,0,0 '
Received from ('fd00::200:0:0:14', 8765, 0, 0): b' 1048,20,16,1536,0,152,4,5,7,1,1,-52,0,982,11080,52,0,0 '
Received from ('fd00::200:0:0:a', 8765, 0, 0): b' 1051,10,7,1024,0,155,3,3,7,1,1,-70,2,822,9240,65,0,0 '
Received from ('fd00::200:0:0:1', 5678, 0, 0): b' 1051,1,0,256,0,6,0,0,4,0,0,0,10,2120,19919,1079,0,0 '
Received from ('fd00::200:0:0:12', 8765, 0, 0): b' 1053,18,15,1536,0,136,3,4,5,1,1,-70,0,572,8482,58,0,0 '
Received from ('fd00::200:0:0:c', 8765, 0, 0): b' 1051,12,8,1024,0,81,6,14,7,1,3,-52,0,440,6331,20,0,0 '
Received from ('fd00::200:0:0:13', 8765, 0, 0): b' 1051,19,16,1536,0,164,3,4,7,1,1,-70,0,1014,10829,56,0,0 '
Received from ('fd00::200:0:0:3', 8765, 0, 0): b' 1053,3,1,512,0,155,4,2,7,1,1,-64,4,2580,20505,69,0,0 '
Received from ('fd00::200:0:0:10', 8765, 0, 0): b' 1052,16,13,1280,0,162,3,4,7,1,1,-70,2,1334,12535,59,0,0 '
Received from ('fd00::200:0:0:15', 8765, 0, 0): b' 1053,21,17,1536,0,112,2,7,5,1,1,-52,0,669,7877,44,0,0 '
Received from ('fd00::200:0:0:11', 8765, 0, 0): b' 1054,17,13,1280,0,126,9,5,7,1,3,-52,1,1491,13849,52,0,0 '
Received from ('fd00::200:0:0:8', 8765, 0, 0): b' 1055,8,4,768,0,139,3,6,7,1,1,-52,9,3099,21172,65,0,0 '
Received from ('fd00::200:0:0:4', 8765, 0, 0): b' 1055,4,1,512,10,145,4,1,7,2,1,-66,10,4049,24742,69,0,0 '
Received from ('fd00::200:0:0:f', 8765, 0, 0): b' 1056,15,10,1280,0,146,4,9,7,1,2,-70,1,1022,11618,58,0,0 '
Received from ('fd00::200:0:0:9', 8765, 0, 0): b' 1057,9,4,768,0,89,7,13,6,1,4,-70,0,666,7237,20,0,0 '
Received from ('fd00::200:0:0:5', 8765, 0, 0): b' 1057,5,4,768,0,154,5,1,6,1,1,-52,0,586,8340,69,0,0 '
Received from ('fd00::200:0:0:14', 8765, 0, 0): b' 1054,20,16,1536,0,157,4,5,7,1,1,-52,0,870,6667,53,0,0 '
Received from ('fd00::200:0:0:1', 5678, 0, 0): b' 1058,1,0,256,0,6,0,0,4,0,0,0,10,1276,14699,1086,0,0 '
Received from ('fd00::200:0:0:b', 8765, 0, 0): b' 1057,11,8,1024,0,154,4,4,7,1,2,-70,1,787,13003,59,0,0 '
Received from ('fd00::200:0:0:6', 8765, 0, 0): b' 1057,6,2,768,0,94,1,13,7,1,1,-52,0,593,8445,20,0,0 '
Received from ('fd00::200:0:0:7', 8765, 0, 0): b' 1056,7,3,768,10,156,3,2,7,1,1,-52,3,1748,17110,67,0,0 '
Received from ('fd00::200:0:0:2', 8765, 0, 0): b' 1058,2,1,512,0,136,4,1,6,1,1,-88,1,1468,18454,70,0,0 '
Received from ('fd00::200:0:0:a', 8765, 0, 0): b' 1058,10,7,1024,0,156,3,3,7,1,1,-70,2,998,11540,65,0,0 '
Received from ('fd00::200:0:0:d', 8765, 0, 0): b' 1057,13,8,1024,10,137,3,3,7,1,1,-70,5,3106,24635,62,0,0 '
Received from ('fd00::200:0:0:10', 8765, 0, 0): b' 1057,16,13,1280,0,165,3,4,7,1,1,-70,2,936,9600,60,0,0 '
Received from ('fd00::200:0:0:c', 8765, 0, 0): b' 1058,12,8,1024,10,82,6,14,7,1,3,-52,0,384,6681,20,0,0 '
Received from ('fd00::200:0:0:15', 8765, 0, 0): b' 1057,21,17,1536,0,113,2,7,5,1,1,-52,0,288,4477,44,0,0 '
Received from ('fd00::200:0:0:e', 8765, 0, 0): b' 1059,14,11,1280,0,146,2,3,7,1,1,-70,0,931,11795,58,0,0 '
Received from ('fd00::200:0:0:13', 8765, 0, 0): b' 1058,19,16,1536,0,167,3,4,7,1,1,-70,0,625,7871,56,0,0 '
Received from ('fd00::200:0:0:6', 8765, 0, 0): b' 1062,6,2,768,0,95,1,13,7,1,1,-52,0,424,4306,20,0,0 '
Received from ('fd00::200:0:0:14', 8765, 0, 0): b' 1061,20,16,1536,0,158,4,5,7,1,1,-52,0,385,6112,53,0,0 '
Received from ('fd00::200:0:0:12', 8765, 0, 0): b' 1063,18,15,1536,0,141,3,4,5,1,1,-70,0,1014,10320,59,0,0 '
Received from ('fd00::200:0:0:1', 5678, 0, 0): b' 1063,1,0,256,0,6,0,0,4,0,0,0,10,1127,11809,1090,0,0 '
Received from ('fd00::200:0:0:11', 8765, 0, 0): b' 1061,17,13,1280,0,129,9,5,7,1,3,-52,1,912,10024,52,0,0 '
Received from ('fd00::200:0:0:4', 8765, 0, 0): b' 1063,4,1,512,10,147,4,1,7,2,1,-66,10,3788,22522,69,0,0 '
Received from ('fd00::200:0:0:9', 8765, 0, 0): b' 1063,9,4,768,0,91,7,13,6,1,4,-70,0,483,6393,20,0,0 '
Received from ('fd00::200:0:0:8', 8765, 0, 0): b' 1064,8,4,768,0,143,3,6,7,1,1,-52,9,3516,24932,66,0,0 '
Received from ('fd00::200:0:0:f', 8765, 0, 0): b' 1065,15,10,1280,0,146,4,9,7,1,2,-70,1,923,11633,59,0,0 '
Received from ('fd00::200:0:0:3', 8765, 0, 0): b' 1064,3,1,512,0,156,4,2,7,1,1,-64,4,1881,18645,70,0,0 '
Received from ('fd00::200:0:0:10', 8765, 0, 0): b' 1065,16,13,1280,0,166,3,4,7,1,1,-70,2,1260,14067,60,0,0 '
Received from ('fd00::200:0:0:7', 8765, 0, 0): b' 1064,7,3,768,0,156,3,2,7,1,1,-52,3,1226,12686,68,0,0 '
Received from ('fd00::200:0:0:c', 8765, 0, 0): b' 1067,12,8,1024,0,83,6,15,7,1,3,-52,0,614,8219,21,0,0 '
Received from ('fd00::200:0:0:2', 8765, 0, 0): b' 1067,2,1,512,0,139,4,1,6,1,1,-88,1,1043,14405,70,0,0 '
Received from ('fd00::200:0:0:13', 8765, 0, 0): b' 1065,19,16,1536,0,170,3,4,7,1,1,-70,0,655,6466,57,0,0 '
Received from ('fd00::200:0:0:15', 8765, 0, 0): b' 1067,21,17,1536,0,114,2,7,5,1,1,-52,0,562,8545,45,0,0 '
Received from ('fd00::200:0:0:6', 8765, 0, 0): b' 1068,6,2,768,0,96,1,13,7,1,1,-52,0,438,6143,21,0,0 '
Received from ('fd00::200:0:0:1', 5678, 0, 0): b' 1069,1,0,256,0,6,0,0,4,0,0,0,10,1389,14453,1101,0,0 '
Received from ('fd00::200:0:0:b', 8765, 0, 0): b' 1068,11,8,1024,0,155,4,4,7,1,2,-70,1,1023,16533,59,0,0 '
Received from ('fd00::200:0:0:11', 8765, 0, 0): b' 1067,17,13,1280,0,132,9,5,7,1,3,-52,1,925,8167,52,0,0 '
Received from ('fd00::200:0:0:5', 8765, 0, 0): b' 1069,5,4,768,0,157,5,1,6,1,1,-52,0,849,14247,70,0,0 '
Received from ('fd00::200:0:0:a', 8765, 0, 0): b' 1069,10,7,1024,0,158,3,3,7,1,1,-70,2,1344,17203,66,0,0 '
Received from ('fd00::200:0:0:d', 8765, 0, 0): b' 1068,13,8,1024,10,138,3,3,7,1,1,-70,5,2878,23027,62,0,0 '
Received from ('fd00::200:0:0:14', 8765, 0, 0): b' 1070,20,16,1536,0,160,4,5,7,1,1,-52,0,782,8623,54,0,0 '
Received from ('fd00::200:0:0:e', 8765, 0, 0): b' 1069,14,11,1280,0,150,2,3,7,1,1,-70,0,978,10636,59,0,0 '
Received from ('fd00::200:0:0:12', 8765, 0, 0): b' 1072,18,15,1536,0,143,3,4,5,1,1,-70,0,709,8873,59,0,0 '
Received from ('fd00::200:0:0:4', 8765, 0, 0): b' 1072,4,1,512,0,150,4,1,7,2,1,-66,10,3877,24247,70,0,0 '
Received from ('fd00::200:0:0:3', 8765, 0, 0): b' 1072,3,1,512,10,160,4,2,7,1,1,-64,4,1507,12577,70,0,0 '
Received from ('fd00::200:0:0:f', 8765, 0, 0): b' 1072,15,10,1280,0,146,4,9,7,1,2,-70,1,688,9137,59,0,0 '
Received from ('fd00::200:0:0:9', 8765, 0, 0): b' 1074,9,4,768,0,93,7,13,6,1,4,-70,0,690,9190,21,0,0 '
Received from ('fd00::200:0:0:b', 8765, 0, 0): b' 1073,11,8,1024,0,158,4,4,7,1,2,-70,1,973,9365,60,0,0 '
Received from ('fd00::200:0:0:10', 8765, 0, 0): b' 1074,16,13,1280,0,170,3,4,7,1,1,-70,2,1539,16892,61,0,0 '
Received from ('fd00::200:0:0:14', 8765, 0, 0): b' 1074,20,16,1536,0,160,4,5,7,1,1,-52,0,254,3996,54,0,0 '
Received from ('fd00::200:0:0:8', 8765, 0, 0): b' 1076,8,4,768,0,143,3,6,7,1,1,-52,9,3945,30767,67,0,0 '
Received from ('fd00::200:0:0:6', 8765, 0, 0): b' 1076,6,2,768,0,96,1,13,7,1,1,-52,0,396,7176,21,0,0 '
Received from ('fd00::200:0:0:13', 8765, 0, 0): b' 1076,19,16,1536,0,173,3,4,7,1,1,-70,0,744,9560,57,0,0 '
Received from ('fd00::200:0:0:5', 8765, 0, 0): b' 1076,5,4,768,0,158,5,1,6,1,1,-52,0,407,9760,70,0,0 '
Received from ('fd00::200:0:0:c', 8765, 0, 0): b' 1076,12,8,1024,10,86,6,15,7,1,3,-52,0,622,9421,21,0,0 '
Received from ('fd00::200:0:0:15', 8765, 0, 0): b' 1076,21,17,1536,0,116,2,7,5,1,1,-52,0,637,8689,45,0,0 '
Received from ('fd00::200:0:0:11', 8765, 0, 0): b' 1076,17,13,1280,0,134,9,5,7,1,3,-52,1,1037,11785,53,0,0 '
Received from ('fd00::200:0:0:7', 8765, 0, 0): b' 1077,7,3,768,10,158,3,2,7,1,1,-52,3,1597,19519,69,0,0 '
Received from ('fd00::200:0:0:b', 8765, 0, 0): b' 1078,11,8,1024,0,158,4,4,7,1,2,-70,1,390,7585,60,0,0 '
Received from ('fd00::200:0:0:2', 8765, 0, 0): b' 1079,2,1,512,10,141,4,1,6,1,1,-88,1,1169,16946,71,0,0 '
Received from ('fd00::200:0:0:4', 8765, 0, 0): b' 1079,4,1,512,20,153,4,1,7,2,1,-66,10,3445,21060,70,0,0 '
Received from ('fd00::200:0:0:3', 8765, 0, 0): b' 1080,3,1,512,20,162,4,2,7,1,1,-64,4,1153,11693,71,0,0 '
Received from ('fd00::200:0:0:d', 8765, 0, 0): b' 1078,13,8,1024,10,139,3,3,7,1,1,-70,5,2247,21031,63,0,0 '
Received from ('fd00::200:0:0:9', 8765, 0, 0): b' 1079,9,4,768,0,96,7,13,6,1,4,-70,0,652,6568,22,0,0 '
Received from ('fd00::200:0:0:1', 5678, 0, 0): b' 1080,1,0,256,0,6,0,0,4,0,0,0,10,2539,26883,1115,0,0 '
Received from ('fd00::200:0:0:10', 8765, 0, 0): b' 1079,16,13,1280,0,171,3,4,7,1,1,-70,2,1028,9438,61,0,0 '
Received from ('fd00::200:0:0:12', 8765, 0, 0): b' 1080,18,15,1536,0,145,3,4,5,1,1,-70,0,572,7536,60,0,0 '
Received from ('fd00::200:0:0:6', 8765, 0, 0): b' 1080,6,2,768,0,96,1,13,7,1,1,-52,0,154,3904,21,0,0 '
Received from ('fd00::200:0:0:f', 8765, 0, 0): b' 1080,15,10,1280,0,149,4,9,7,1,2,-70,1,980,10442,60,0,0 '
Received from ('fd00::200:0:0:a', 8765, 0, 0): b' 1080,10,7,1024,0,159,3,3,7,1,1,-70,2,1554,18057,66,0,0 '
Received from ('fd00::200:0:0:e', 8765, 0, 0): b' 1080,14,11,1280,0,154,2,3,7,1,1,-70,0,932,10864,60,0,0 '
Received from ('fd00::200:0:0:14', 8765, 0, 0): b' 1081,20,16,1536,0,163,4,5,7,1,1,-52,0,776,7371,55,0,0 '
Received from ('fd00::200:0:0:11', 8765, 0, 0): b' 1083,17,13,1280,0,134,9,5,7,1,3,-52,1,541,7882,54,0,0 '
Received from ('fd00::200:0:0:8', 8765, 0, 0): b' 1084,8,4,768,0,143,3,6,7,1,1,-52,9,2879,20637,67,0,0 '
Received from ('fd00::200:0:0:13', 8765, 0, 0): b' 1083,19,16,1536,0,175,3,4,7,1,1,-70,0,572,7408,58,0,0 '
Received from ('fd00::200:0:0:1', 5678, 0, 0): b' 1085,1,0,256,0,6,0,0,4,0,0,0,10,1273,12595,1124,0,0 '
Received from ('fd00::200:0:0:b', 8765, 0, 0): b' 1085,11,8,1024,0,159,4,4,7,1,2,-70,1,851,10146,61,0,0 '
Received from ('fd00::200:0:0:c', 8765, 0, 0): b' 1084,12,8,1024,10,88,6,15,7,1,3,-52,0,669,7723,22,0,0 '
Received from ('fd00::200:0:0:9', 8765, 0, 0): b' 1085,9,4,768,0,96,7,13,6,1,4,-70,0,275,5465,22,0,0 '
Received from ('fd00::200:0:0:6', 8765, 0, 0): b' 1086,6,2,768,0,99,1,13,7,1,1,-52,0,652,5962,22,0,0 '
Received from ('fd00::200:0:0:3', 8765, 0, 0): b' 1087,3,1,512,0,165,4,2,7,1,1,-64,4,1517,13104,71,0,0 '
Received from ('fd00::200:0:0:4', 8765, 0, 0): b' 1086,4,1,512,0,156,4,1,7,2,1,-66,10,3153,19621,71,0,0 '
Received from ('fd00::200:0:0:15', 8765, 0, 0): b' 1084,21,17,1536,0,118,2,7,5,1,1,-52,0,572,8200,46,0,0 '
Received from ('fd00::200:0:0:d', 8765, 0, 0): b' 1086,13,8,1024,0,140,3,3,7,1,1,-70,5,1748,15506,63,0,0 '
Received from ('fd00::200:0:0:5', 8765, 0, 0): b' 1087,5,4,768,0,162,5,1,6,1,1,-52,0,956,13679,71,0,0 '
Received from ('fd00::200:0:0:2', 8765, 0, 0): b' 1088,2,1,512,0,146,4,1,6,1,1,-88,1,1630,15461,72,0,0 '
Received from ('fd00::200:0:0:7', 8765, 0, 0): b' 1088,7,3,768,10,161,3,2,7,1,1,-52,3,1832,18408,69,0,0 '
Received from ('fd00::200:0:0:a', 8765, 0, 0): b' 1089,10,7,1024,0,160,3,3,7,1,1,-70,2,728,12698,67,0,0 '
Received from ('fd00::200:0:0:11', 8765, 0, 0): b' 1087,17,13,1280,0,135,9,5,7,1,3,-52,1,593,5726,54,0,0 '
Received from ('fd00::200:0:0:10', 8765, 0, 0): b' 1088,16,13,1280,0,171,3,4,7,1,1,-70,2,1232,17507,62,0,0 '
Received from ('fd00::200:0:0:13', 8765, 0, 0): b' 1088,19,16,1536,0,176,3,4,7,1,1,-70,0,385,4842,58,0,0 '
Received from ('fd00::200:0:0:f', 8765, 0, 0): b' 1091,15,10,1280,0,150,4,9,7,1,2,-70,1,821,13035,60,0,0 '
Received from ('fd00::200:0:0:14', 8765, 0, 0): b' 1089,20,16,1536,0,164,4,5,7,1,1,-52,0,409,7178,55,0,0 '
Received from ('fd00::200:0:0:12', 8765, 0, 0): b' 1091,18,15,1536,0,147,3,4,5,1,1,-70,0,693,10676,61,0,0 '
Received from ('fd00::200:0:0:c', 8765, 0, 0): b' 1089,12,8,1024,0,88,6,15,7,1,3,-52,0,278,4902,22,0,0 '
Received from ('fd00::200:0:0:b', 8765, 0, 0): b' 1090,11,8,1024,0,160,4,4,7,1,2,-70,1,559,8040,61,0,0 '
Received from ('fd00::200:0:0:e', 8765, 0, 0): b' 1089,14,11,1280,0,159,2,3,7,1,1,-70,0,935,8892,60,0,0 '
Received from ('fd00::200:0:0:8', 8765, 0, 0): b' 1092,8,4,768,20,147,3,6,7,1,1,-52,9,3426,21143,68,0,0 '
Received from ('fd00::200:0:0:15', 8765, 0, 0): b' 1091,21,17,1536,0,118,2,7,5,1,1,-52,0,278,5390,46,0,0 '
Received from ('fd00::200:0:0:5', 8765, 0, 0): b' 1093,5,4,768,0,163,5,1,6,1,1,-52,0,443,5787,72,0,0 '
Received from ('fd00::200:0:0:3', 8765, 0, 0): b' 1093,3,1,512,0,165,4,2,7,1,1,-64,4,1348,11846,71,0,0 '
Received from ('fd00::200:0:0:1', 5678, 0, 0): b' 1093,1,0,256,0,6,0,0,4,0,0,0,10,1860,19583,1131,0,0 '
Received from ('fd00::200:0:0:4', 8765, 0, 0): b' 1093,4,1,512,10,161,4,1,7,2,1,-66,10,3970,21186,71,0,0 '
Received from ('fd00::200:0:0:10', 8765, 0, 0): b' 1093,16,13,1280,10,175,3,4,7,1,1,-70,2,1189,9344,62,0,0 '
Received from ('fd00::200:0:0:7', 8765, 0, 0): b' 1093,7,3,768,10,164,3,2,7,1,1,-52,3,1267,10089,70,0,0 '
Received from ('fd00::200:0:0:c', 8765, 0, 0): b' 1093,12,8,1024,0,88,6,15,7,1,3,-52,0,253,3632,22,0,0 '
Received from ('fd00::200:0:0:9', 8765, 0, 0): b' 1095,9,4,768,0,97,7,13,6,1,4,-70,0,583,8970,23,0,0 '
Received from ('fd00::200:0:0:6', 8765, 0, 0): b' 1095,6,2,768,10,101,1,13,7,1,1,-52,0,610,9152,22,0,0 '
Received from ('fd00::200:0:0:12', 8765, 0, 0): b' 1096,18,15,1536,0,148,3,4,5,1,1,-70,0,386,4915,61,0,0 '
Received from ('fd00::200:0:0:e', 8765, 0, 0): b' 1096,14,11,1280,0,161,2,3,7,1,1,-70,0,572,7122,61,0,0 '
Received from ('fd00::200:0:0:11', 8765, 0, 0): b' 1096,17,13,1280,10,139,9,5,7,1,3,-52,1,1166,11641,54,0,0 '
Received from ('fd00::200:0:0:14', 8765, 0, 0): b' 1097,20,16,1536,0,167,4,5,7,1,1,-52,0,842,8166,56,0,0 '
Received from ('fd00::200:0:0:3', 8765, 0, 0): b' 1098,3,1,512,0,166,4,2,7,1,1,-64,4,1101,9270,72,0,0 '
Received from ('fd00::200:0:0:d', 8765, 0, 0): b' 1098,13,8,1024,10,147,3,3,7,1,1,-70,5,3637,26431,64,0,0 '
Received from ('fd00::200:0:0:5', 8765, 0, 0): b' 1100,5,4,768,0,164,5,1,6,1,1,-52,0,479,7726,72,0,0 '
Received from ('fd00::200:0:0:2', 8765, 0, 0): b' 1099,2,1,512,10,147,4,1,6,1,1,-88,1,1008,17722,73,0,0 '
Received from ('fd00::200:0:0:b', 8765, 0, 0): b' 1100,11,8,1024,0,163,4,4,7,1,2,-70,1,1382,16308,62,0,0 '
Received from ('fd00::200:0:0:c', 8765, 0, 0): b' 1099,12,8,1024,0,88,6,15,7,1,3,-52,0,333,5778,23,0,0 '
Received from ('fd00::200:0:0:a', 8765, 0, 0): b' 1100,10,7,1024,0,163,3,3,7,1,1,-70,2,1640,18830,68,0,0 '
Received from ('fd00::200:0:0:15', 8765, 0, 0): b' 1098,21,17,1536,0,121,2,7,5,1,1,-52,0,776,8000,47,0,0 '
Received from ('fd00::200:0:0:10', 8765, 0, 0): b' 1099,16,13,1280,0,176,3,4,7,1,1,-70,2,930,12145,62,0,0 '
Received from ('fd00::200:0:0:13', 8765, 0, 0): b' 1100,19,16,1536,0,176,3,4,7,1,1,-70,0,549,10490,59,0,0 '
Received from ('fd00::200:0:0:9', 8765, 0, 0): b' 1101,9,4,768,0,97,7,13,6,1,4,-70,0,275,5716,23,0,0 '
Received from ('fd00::200:0:0:8', 8765, 0, 0): b' 1102,8,4,768,10,147,3,6,7,1,1,-52,9,3804,27028,69,0,0 '
Received from ('fd00::200:0:0:f', 8765, 0, 0): b' 1101,15,10,1280,10,154,4,9,7,1,2,-70,1,1349,14030,61,0,0 '
Received from ('fd00::200:0:0:1', 5678, 0, 0): b' 1103,1,0,256,0,6,0,0,4,0,0,0,10,2243,22625,1146,0,0 '
Received from ('fd00::200:0:0:d', 8765, 0, 0): b' 1102,13,8,1024,0,149,3,3,7,1,1,-70,5,1282,9455,64,0,0 '
Received from ('fd00::200:0:0:5', 8765, 0, 0): b' 1104,5,4,768,0,166,5,1,6,1,1,-52,0,392,5899,72,0,0 '
Received from ('fd00::200:0:0:4', 8765, 0, 0): b' 1104,4,1,512,10,164,4,1,7,2,1,-66,10,4890,30406,72,0,0 '
Received from ('fd00::200:0:0:7', 8765, 0, 0): b' 1105,7,3,768,0,165,3,2,7,1,1,-52,3,1591,16964,70,0,0 '
Received from ('fd00::200:0:0:12', 8765, 0, 0): b' 1104,18,15,1536,0,150,3,4,5,1,1,-70,0,669,8279,62,0,0 '
Received from ('fd00::200:0:0:e', 8765, 0, 0): b' 1104,14,11,1280,10,163,2,3,7,1,1,-70,0,516,7574,61,0,0 '
Received from ('fd00::200:0:0:14', 8765, 0, 0): b' 1105,20,16,1536,0,168,4,5,7,1,1,-52,0,409,7123,56,0,0 '
Received from ('fd00::200:0:0:11', 8765, 0, 0): b' 1105,17,13,1280,0,144,9,5,7,1,3,-52,1,1361,12393,55,0,0 '
Received from ('fd00::200:0:0:6', 8765, 0, 0): b' 1106,6,2,768,0,103,1,13,7,1,1,-52,0,716,10403,23,0,0 '
Received from ('fd00::200:0:0:b', 8765, 0, 0): b' 1106,11,8,1024,10,165,4,4,7,1,2,-70,1,809,10001,62,0,0 '
Received from ('fd00::200:0:0:3', 8765, 0, 0): b' 1108,3,1,512,0,170,4,2,7,1,1,-64,4,1811,15383,72,0,0 '
Received from ('fd00::200:0:0:15', 8765, 0, 0): b' 1105,21,17,1536,0,123,2,7,5,1,1,-52,0,516,6706,47,0,0 '
Received from ('fd00::200:0:0:10', 8765, 0, 0): b' 1106,16,13,1280,20,180,3,4,7,1,1,-70,2,1175,12600,63,0,0 '
Received from ('fd00::200:0:0:2', 8765, 0, 0): b' 1108,2,1,512,0,150,4,1,6,1,1,-88,1,1109,13943,73,0,0 '
Received from ('fd00::200:0:0:c', 8765, 0, 0): b' 1109,12,8,1024,0,89,6,15,7,1,3,-52,0,529,9239,23,0,0 '
Received from ('fd00::200:0:0:1', 5678, 0, 0): b' 1110,1,0,256,0,6,0,0,4,0,0,0,10,1571,17294,1155,0,0 '
Received from ('fd00::200:0:0:d', 8765, 0, 0): b' 1110,13,8,1024,0,151,3,3,7,1,1,-70,5,1630,14098,65,0,0 '
Received from ('fd00::200:0:0:a', 8765, 0, 0): b' 1110,10,7,1024,0,168,3,3,7,1,1,-70,2,1723,17070,68,0,0 '
Received from ('fd00::200:0:0:8', 8765, 0, 0): b' 1111,8,4,768,10,150,3,6,7,1,1,-52,9,3394,24231,69,0,0 '
Received from ('fd00::200:0:0:9', 8765, 0, 0): b' 1111,9,4,768,0,99,7,13,6,1,4,-70,0,691,9336,24,0,0 '
Received from ('fd00::200:0:0:f', 8765, 0, 0): b' 1112,15,10,1280,0,158,4,9,7,1,2,-70,1,1478,14723,62,0,0 '
Received from ('fd00::200:0:0:11', 8765, 0, 0): b' 1111,17,13,1280,0,146,9,5,7,1,3,-52,1,874,8443,55,0,0 '
Received from ('fd00::200:0:0:13', 8765, 0, 0): b' 1111,19,16,1536,0,178,3,4,7,1,1,-70,0,718,10941,60,0,0 '
Received from ('fd00::200:0:0:b', 8765, 0, 0): b' 1112,11,8,1024,10,169,4,4,7,1,2,-70,1,857,10669,62,0,0 '
Received from ('fd00::200:0:0:3', 8765, 0, 0): b' 1113,3,1,512,10,173,4,2,7,1,1,-64,4,1223,10694,73,0,0 '
Received from ('fd00::200:0:0:14', 8765, 0, 0): b' 1112,20,16,1536,0,168,4,5,7,1,1,-52,0,334,6749,57,0,0 '
Received from ('fd00::200:0:0:e', 8765, 0, 0): b' 1112,14,11,1280,0,164,2,3,7,1,1,-70,0,563,7652,62,0,0 '
Received from ('fd00::200:0:0:6', 8765, 0, 0): b' 1113,6,2,768,0,103,1,13,7,1,1,-52,0,357,6897,24,0,0 '
Received from ('fd00::200:0:0:7', 8765, 0, 0): b' 1115,7,3,768,0,169,3,2,7,1,1,-52,3,1664,16948,71,0,0 '
Received from ('fd00::200:0:0:5', 8765, 0, 0): b' 1113,5,4,768,10,170,5,1,6,1,1,-52,0,825,12594,73,0,0 '
Received from ('fd00::200:0:0:10', 8765, 0, 0): b' 1113,16,13,1280,0,181,3,4,7,1,1,-70,2,1435,14217,63,0,0 '
Received from ('fd00::200:0:0:12', 8765, 0, 0): b' 1114,18,15,1536,0,152,3,4,5,1,1,-70,0,540,9630,62,0,0 '
Received from ('fd00::200:0:0:a', 8765, 0, 0): b' 1116,10,7,1024,0,169,3,3,7,1,1,-70,2,878,8526,69,0,0 '
Received from ('fd00::200:0:0:4', 8765, 0, 0): b' 1115,4,1,512,0,169,4,1,7,2,1,-66,10,5450,33144,73,0,0 '
Received from ('fd00::200:0:0:8', 8765, 0, 0): b' 1116,8,4,768,10,150,3,6,7,1,1,-52,9,1901,13829,70,0,0 '
Received from ('fd00::200:0:0:15', 8765, 0, 0): b' 1114,21,17,1536,10,127,2,7,5,1,1,-52,0,776,8546,48,0,0 '
Received from ('fd00::200:0:0:14', 8765, 0, 0): b' 1117,20,16,1536,0,171,4,5,7,1,1,-52,0,599,5420,57,0,0 '
Received from ('fd00::200:0:0:9', 8765, 0, 0): b' 1118,9,4,768,0,99,7,13,6,1,4,-70,0,299,6851,24,0,0 '
Received from ('fd00::200:0:0:c', 8765, 0, 0): b' 1119,12,8,1024,0,89,6,15,7,1,3,-52,0,447,8832,24,0,0 '
Received from ('fd00::200:0:0:2', 8765, 0, 0): b' 1120,2,1,512,0,153,4,1,6,1,1,-88,1,1296,17482,74,0,0 '
Received from ('fd00::200:0:0:f', 8765, 0, 0): b' 1120,15,10,1280,0,160,4,9,7,1,2,-70,1,1023,10311,62,0,0 '
Received from ('fd00::200:0:0:11', 8765, 0, 0): b' 1118,17,13,1280,10,147,9,5,7,1,3,-52,1,757,8777,56,0,0 '
Received from ('fd00::200:0:0:1', 5678, 0, 0): b' 1120,1,0,256,0,6,0,0,4,0,0,0,10,2283,24444,1167,0,0 '
Received from ('fd00::200:0:0:6', 8765, 0, 0): b' 1120,6,2,768,10,106,1,13,7,1,1,-52,0,587,6120,24,0,0 '
Received from ('fd00::200:0:0:b', 8765, 0, 0): b' 1121,11,8,1024,0,170,4,4,7,1,2,-70,1,888,12828,63,0,0 '
Received from ('fd00::200:0:0:4', 8765, 0, 0): b' 1122,4,1,512,0,171,4,1,7,2,1,-66,10,2581,17111,73,0,0 '
Received from ('fd00::200:0:0:d', 8765, 0, 0): b' 1122,13,8,1024,0,153,3,3,7,1,1,-70,5,2743,24507,66,0,0 '
Received from ('fd00::200:0:0:e', 8765, 0, 0): b' 1122,14,11,1280,0,166,2,3,7,1,1,-70,0,613,8890,62,0,0 '
Received from ('fd00::200:0:0:5', 8765, 0, 0): b' 1122,5,4,768,0,171,5,1,6,1,1,-52,0,696,10572,74,0,0 '
Received from ('fd00::200:0:0:9', 8765, 0, 0): b' 1123,9,4,768,0,100,7,13,6,1,4,-70,0,358,4089,24,0,0 '
Received from ('fd00::200:0:0:c', 8765, 0, 0): b' 1123,12,8,1024,0,89,6,15,7,1,3,-52,0,253,4008,24,0,0 '
Received from ('fd00::200:0:0:3', 8765, 0, 0): b' 1124,3,1,512,10,177,4,2,7,1,1,-64,4,2092,19312,73,0,0 '
Received from ('fd00::200:0:0:8', 8765, 0, 0): b' 1125,8,4,768,10,151,3,6,7,1,1,-52,9,2671,20985,70,0,0 '
Received from ('fd00::200:0:0:7', 8765, 0, 0): b' 1125,7,3,768,0,169,3,2,7,1,1,-52,3,1294,16245,72,0,0 '
Received from ('fd00::200:0:0:13', 8765, 0, 0): b' 1123,19,16,1536,0,182,3,4,7,1,1,-70,0,932,11364,61,0,0 '
Received from ('fd00::200:0:0:12', 8765, 0, 0): b' 1125,18,15,1536,0,155,3,4,5,1,1,-70,0,824,10638,63,0,0 '
Received from ('fd00::200:0:0:10', 8765, 0, 0): b' 1125,16,13,1280,10,186,3,4,7,1,1,-70,2,2032,22304,64,0,0 '
Received from ('fd00::200:0:0:14', 8765, 0, 0): b' 1125,20,16,1536,0,171,4,5,7,1,1,-52,0,399,6734,57,0,0 '
Received from ('fd00::200:0:0:a', 8765, 0, 0): b' 1126,10,7,1024,0,170,3,3,7,1,1,-70,2,1208,16861,69,0,0 '
Received from ('fd00::200:0:0:2', 8765, 0, 0): b' 1127,2,1,512,0,154,4,1,6,1,1,-88,1,877,11915,74,0,0 '
Received from ('fd00::200:0:0:4', 8765, 0, 0): b' 1127,4,1,512,10,173,4,1,7,2,1,-66,10,2510,15559,74,0,0 '
Received from ('fd00::200:0:0:e', 8765, 0, 0): b' 1126,14,11,1280,0,167,2,3,7,1,1,-70,0,320,4142,63,0,0 '
Received from ('fd00::200:0:0:d', 8765, 0, 0): b' 1127,13,8,1024,20,156,3,3,7,1,1,-70,5,1581,11783,66,0,0 '
Received from ('fd00::200:0:0:6', 8765, 0, 0): b' 1128,6,2,768,0,109,1,13,7,1,1,-52,0,785,8515,25,0,0 '
Received from ('fd00::200:0:0:9', 8765, 0, 0): b' 1128,9,4,768,0,101,7,13,6,1,4,-70,0,415,5089,25,0,0 '
Received from ('fd00::200:0:0:15', 8765, 0, 0): b' 1125,21,17,1536,20,128,2,7,5,1,1,-52,0,764,10737,49,0,0 '
Received from ('fd00::200:0:0:11', 8765, 0, 0): b' 1127,17,13,1280,0,148,9,5,7,1,3,-52,1,983,11309,56,0,0 '
Received from ('fd00::200:0:0:13', 8765, 0, 0): b' 1128,19,16,1536,0,183,3,4,7,1,1,-70,0,386,5092,61,0,0 '
Received from ('fd00::200:0:0:f', 8765, 0, 0): b' 1130,15,10,1280,0,162,4,9,7,1,2,-70,1,1067,13656,63,0,0 '
Received from ('fd00::200:0:0:1', 5678, 0, 0): b' 1131,1,0,256,0,6,0,0,4,0,0,0,10,2584,25302,1184,0,0 '
Received from ('fd00::200:0:0:e', 8765, 0, 0): b' 1132,14,11,1280,0,167,2,3,7,1,1,-70,0,278,4475,63,0,0 '
Received from ('fd00::200:0:0:5', 8765, 0, 0): b' 1131,5,4,768,0,173,5,1,6,1,1,-52,0,611,10710,74,0,0 '
Received from ('fd00::200:0:0:2', 8765, 0, 0): b' 1132,2,1,512,0,155,4,1,6,1,1,-88,1,719,8326,75,0,0 '
Received from ('fd00::200:0:0:b', 8765, 0, 0): b' 1130,11,8,1024,0,171,4,4,7,1,2,-70,1,1346,16893,64,0,0 '
Received from ('fd00::200:0:0:14', 8765, 0, 0): b' 1131,20,16,1536,0,172,4,5,7,1,1,-52,0,441,5936,58,0,0 '
Received from ('fd00::200:0:0:12', 8765, 0, 0): b' 1132,18,15,1536,10,158,3,4,5,1,1,-70,0,590,6527,63,0,0 '
Received from ('fd00::200:0:0:7', 8765, 0, 0): b' 1134,7,3,768,10,173,3,2,7,1,1,-52,3,2007,16418,72,0,0 '
Received from ('fd00::200:0:0:c', 8765, 0, 0): b' 1132,12,8,1024,0,95,6,16,7,1,3,-52,0,1148,10857,25,0,0 '
Received from ('fd00::200:0:0:10', 8765, 0, 0): b' 1132,16,13,1280,10,188,3,4,7,1,1,-70,2,1339,14108,65,0,0 '
Received from ('fd00::200:0:0:4', 8765, 0, 0): b' 1134,4,1,512,0,175,4,1,7,2,1,-66,10,3693,20915,74,0,0 '
Received from ('fd00::200:0:0:15', 8765, 0, 0): b' 1132,21,17,1536,0,133,2,7,5,1,1,-52,0,839,7056,49,0,0 '
Received from ('fd00::200:0:0:13', 8765, 0, 0): b' 1134,19,16,1536,10,186,3,4,7,1,1,-70,0,468,5231,61,0,0 '
Received from ('fd00::200:0:0:3', 8765, 0, 0): b' 1136,3,1,512,10,180,4,2,7,1,1,-64,4,2363,20669,74,0,0 '
Received from ('fd00::200:0:0:1', 5678, 0, 0): b' 1136,1,0,256,0,6,0,0,4,0,0,0,10,1231,13673,1190,0,0 '
Received from ('fd00::200:0:0:8', 8765, 0, 0): b' 1135,8,4,768,10,154,3,6,7,1,1,-52,9,4638,31552,71,0,0 '
Received from ('fd00::200:0:0:6', 8765, 0, 0): b' 1136,6,2,768,0,114,1,13,7,1,1,-52,0,932,8615,25,0,0 '
Received from ('fd00::200:0:0:a', 8765, 0, 0): b' 1135,10,7,1024,10,171,3,3,7,1,1,-70,2,1317,14432,70,0,0 '
Received from ('fd00::200:0:0:d', 8765, 0, 0): b' 1136,13,8,1024,10,158,3,3,7,1,1,-70,5,2419,20801,67,0,0 '
Received from ('fd00::200:0:0:7', 8765, 0, 0): b' 1139,7,3,768,0,175,3,2,7,1,1,-52,3,904,8626,73,0,0 '
Received from ('fd00::200:0:0:e', 8765, 0, 0): b' 1138,14,11,1280,0,168,2,3,7,1,1,-70,0,385,6093,63,0,0 '
Received from ('fd00::200:0:0:5', 8765, 0, 0): b' 1138,5,4,768,0,174,5,1,6,1,1,-52,0,491,8608,75,0,0 '
Received from ('fd00::200:0:0:10', 8765, 0, 0): b' 1138,16,13,1280,0,189,3,4,7,1,1,-70,2,882,10363,65,0,0 '
Received from ('fd00::200:0:0:f', 8765, 0, 0): b' 1137,15,10,1280,0,163,4,9,7,1,2,-70,1,792,10089,63,0,0 '
Received from ('fd00::200:0:0:c', 8765, 0, 0): b' 1137,12,8,1024,0,98,6,16,7,1,3,-52,0,576,5082,25,0,0 '
Received from ('fd00::200:0:0:11', 8765, 0, 0): b' 1138,17,13,1280,0,150,9,5,7,1,3,-52,1,1201,15049,57,0,0 '
Received from ('fd00::200:0:0:14', 8765, 0, 0): b' 1138,20,16,1536,10,174,4,5,7,1,1,-52,0,385,6821,58,0,0 '
Received from ('fd00::200:0:0:9', 8765, 0, 0): b' 1140,9,4,768,0,105,7,13,6,1,4,-70,0,929,11572,26,0,0 '
Received from ('fd00::200:0:0:b', 8765, 0, 0): b' 1140,11,8,1024,0,175,4,4,7,1,2,-70,1,1289,14697,64,0,0 '
Received from ('fd00::200:0:0:2', 8765, 0, 0): b' 1140,2,1,512,0,155,4,1,6,1,1,-88,1,845,13318,75,0,0 '
Received from ('fd00::200:0:0:13', 8765, 0, 0): b' 1140,19,16,1536,0,186,3,4,7,1,1,-70,0,563,6338,62,0,0 '
Received from ('fd00::200:0:0:1', 5678, 0, 0): b' 1143,1,0,256,0,6,0,0,4,0,0,0,10,1421,14598,1201,0,0 '
Received from ('fd00::200:0:0:15', 8765, 0, 0): b' 1141,21,17,1536,0,135,2,7,5,1,1,-52,0,669,8399,50,0,0 '
Received from ('fd00::200:0:0:a', 8765, 0, 0): b' 1143,10,7,1024,0,174,3,3,7,1,1,-70,2,1160,12562,71,0,0 '
Received from ('fd00::200:0:0:e', 8765, 0, 0): b' 1143,14,11,1280,0,171,2,3,7,1,1,-70,0,655,5671,64,0,0 '
Received from ('fd00::200:0:0:11', 8765, 0, 0): b' 1141,17,13,1280,0,152,9,5,7,1,3,-52,1,795,5934,57,0,0 '
Received from ('fd00::200:0:0:12', 8765, 0, 0): b' 1143,18,15,1536,0,161,3,4,5,1,1,-70,0,932,10697,64,0,0 '
Received from ('fd00::200:0:0:7', 8765, 0, 0): b' 1145,7,3,768,0,178,3,2,7,1,1,-52,3,1452,10775,73,0,0 '
Received from ('fd00::200:0:0:4', 8765, 0, 0): b' 1144,4,1,512,0,177,4,1,7,2,1,-66,10,4452,28567,75,0,0 '
Received from ('fd00::200:0:0:d', 8765, 0, 0): b' 1143,13,8,1024,0,159,3,3,7,1,1,-70,5,2006,16368,67,0,0 '
Received from ('fd00::200:0:0:14', 8765, 0, 0): b' 1144,20,16,1536,10,175,4,5,7,1,1,-52,0,549,6086,59,0,0 '
Received from ('fd00::200:0:0:8', 8765, 0, 0): b' 1146,8,4,768,0,156,3,6,7,1,1,-52,9,4420,29193,72,0,0 '
Received from ('fd00::200:0:0:c', 8765, 0, 0): b' 1146,12,8,1024,0,100,6,16,7,1,3,-52,0,692,8754,26,0,0 '
Received from ('fd00::200:0:0:3', 8765, 0, 0): b' 1148,3,1,512,0,183,4,2,7,1,1,-64,4,2630,21938,75,0,0 '
Received from ('fd00::200:0:0:10', 8765, 0, 0): b' 1146,16,13,1280,0,190,3,4,7,1,1,-70,2,1475,17430,66,0,0 '
Received from ('fd00::200:0:0:6', 8765, 0, 0): b' 1147,6,2,768,0,120,1,13,7,1,1,-52,0,1143,11744,26,0,0 '
Received from ('fd00::200:0:0:a', 8765, 0, 0): b' 1148,10,7,1024,0,174,3,3,7,1,1,-70,2,660,7961,71,0,0 '
Received from ('fd00::200:0:0:13', 8765, 0, 0): b' 1147,19,16,1536,0,188,3,4,7,1,1,-70,0,492,6457,62,0,0 '
Received from ('fd00::200:0:0:12', 8765, 0, 0): b' 1148,18,15,1536,0,162,3,4,5,1,1,-70,0,418,4853,65,0,0 '
Received from ('fd00::200:0:0:e', 8765, 0, 0): b' 1147,14,11,1280,0,171,2,3,7,1,1,-70,0,278,5262,64,0,0 '
Received from ('fd00::200:0:0:9', 8765, 0, 0): b' 1149,9,4,768,0,107,7,13,6,1,4,-70,0,636,8561,26,0,0 '
Received from ('fd00::200:0:0:f', 8765, 0, 0): b' 1149,15,10,1280,0,167,4,9,7,1,2,-70,1,1628,15854,64,0,0 '
Received from ('fd00::200:0:0:5', 8765, 0, 0): b' 1150,5,4,768,0,176,5,1,6,1,1,-52,0,728,14266,75,0,0 '
Received from ('fd00::200:0:0:15', 8765, 0, 0): b' 1148,21,17,1536,0,140,2,7,5,1,1,-52,0,861,8338,50,0,0 '
Received from ('fd00::200:0:0:b', 8765, 0, 0): b' 1149,11,8,1024,10,182,4,4,7,1,2,-70,1,1612,16016,65,0,0 '
Received from ('fd00::200:0:0:4', 8765, 0, 0): b' 1151,4,1,512,30,180,4,1,7,2,1,-66,10,3294,19522,75,0,0 '
Received from ('fd00::200:0:0:2', 8765, 0, 0): b' 1151,2,1,512,0,158,4,1,6,1,1,-88,1,1357,17389,76,0,0 '
Received from ('fd00::200:0:0:14', 8765, 0, 0): b' 1151,20,16,1536,10,179,4,5,7,1,1,-52,0,624,6445,59,0,0 '
Received from ('fd00::200:0:0:c', 8765, 0, 0): b' 1151,12,8,1024,0,102,6,16,7,1,3,-52,0,468,5015,26,0,0 '
Received from ('fd00::200:0:0:3', 8765, 0, 0): b' 1153,3,1,512,0,184,4,2,7,1,1,-64,4,1080,8747,75,0,0 '
Received from ('fd00::200:0:0:7', 8765, 0, 0): b' 1154,7,3,768,0,181,3,2,7,1,1,-52,3,1586,16050,74,0,0 '
Received from ('fd00::200:0:0:9', 8765, 0, 0): b' 1153,9,4,768,0,109,7,13,6,1,4,-70,0,369,4388,26,0,0 '
Received from ('fd00::200:0:0:1', 5678, 0, 0): b' 1154,1,0,256,0,6,0,0,4,0,0,0,10,2528,26657,1211,0,0 '
Received from ('fd00::200:0:0:d', 8765, 0, 0): b' 1152,13,8,1024,20,161,3,3,7,1,1,-70,5,1813,18197,68,0,0 '
Received from ('fd00::200:0:0:8', 8765, 0, 0): b' 1154,8,4,768,0,157,3,6,7,1,1,-52,9,2829,19659,72,0,0 '
Received from ('fd00::200:0:0:11', 8765, 0, 0): b' 1152,17,13,1280,0,154,9,5,7,1,3,-52,1,1080,13730,58,0,0 '
Received from ('fd00::200:0:0:f', 8765, 0, 0): b' 1155,15,10,1280,0,170,4,9,7,1,2,-70,1,745,6582,65,0,0 '
Received from ('fd00::200:0:0:12', 8765, 0, 0): b' 1154,18,15,1536,0,165,3,4,5,1,1,-70,0,599,6450,65,0,0 '
Received from ('fd00::200:0:0:a', 8765, 0, 0): b' 1156,10,7,1024,0,179,3,3,7,1,1,-70,2,1743,14714,71,0,0 '
Received from ('fd00::200:0:0:4', 8765, 0, 0): b' 1157,4,1,512,10,181,4,1,7,2,1,-66,10,2496,15837,75,0,0 '
Received from ('fd00::200:0:0:15', 8765, 0, 0): b' 1155,21,17,1536,0,144,2,7,5,1,1,-52,0,762,6933,51,0,0 '
Received from ('fd00::200:0:0:6', 8765, 0, 0): b' 1157,6,2,768,0,123,1,13,7,1,1,-52,0,703,9493,27,0,0 '
Received from ('fd00::200:0:0:10', 8765, 0, 0): b' 1156,16,13,1280,0,192,3,4,7,1,1,-70,2,1515,19295,66,0,0 '
Received from ('fd00::200:0:0:e', 8765, 0, 0): b' 1157,14,11,1280,0,172,2,3,7,1,1,-70,0,562,9154,65,0,0 '
Received from ('fd00::200:0:0:5', 8765, 0, 0): b' 1159,5,4,768,0,179,5,1,6,1,1,-52,0,802,10956,76,0,0 '
Received from ('fd00::200:0:0:2', 8765, 0, 0): b' 1159,2,1,512,0,160,4,1,6,1,1,-88,1,988,12421,77,0,0 '
Received from ('fd00::200:0:0:c', 8765, 0, 0): b' 1157,12,8,1024,0,105,6,16,7,1,3,-52,0,679,7416,27,0,0 '
Received from ('fd00::200:0:0:13', 8765, 0, 0): b' 1158,19,16,1536,10,189,3,4,7,1,1,-70,0,587,10433,63,0,0 '
Received from ('fd00::200:0:0:f', 8765, 0, 0): b' 1160,15,10,1280,10,173,4,9,7,1,2,-70,1,887,8450,65,0,0 '
Received from ('fd00::200:0:0:b', 8765, 0, 0): b' 1159,11,8,1024,0,186,4,4,7,1,2,-70,1,1355,16295,66,0,0 '
Received from ('fd00::200:0:0:1', 5678, 0, 0): b' 1162,1,0,256,0,6,0,0,4,0,0,0,10,1805,18933,1226,0,0 '
Received from ('fd00::200:0:0:9', 8765, 0, 0): b' 1162,9,4,768,0,112,7,13,6,1,4,-70,0,774,8313,27,0,0 '
Received from ('fd00::200:0:0:d', 8765, 0, 0): b' 1161,13,8,1024,10,162,3,3,7,1,1,-70,5,2003,17434,68,0,0 '
Received from ('fd00::200:0:0:a', 8765, 0, 0): b' 1162,10,7,1024,0,181,3,3,7,1,1,-70,2,1056,9603,72,0,0 '
Received from ('fd00::200:0:0:14', 8765, 0, 0): b' 1162,20,16,1536,0,180,4,5,7,1,1,-52,0,694,10409,60,0,0 '
Received from ('fd00::200:0:0:3', 8765, 0, 0): b' 1162,3,1,512,0,186,4,2,7,1,1,-64,4,2110,18375,76,0,0 '
Received from ('fd00::200:0:0:11', 8765, 0, 0): b' 1162,17,13,1280,0,156,9,5,7,1,3,-52,1,1160,12788,59,0,0 '
Received from ('fd00::200:0:0:c', 8765, 0, 0): b' 1162,12,8,1024,0,106,6,16,7,1,3,-52,0,361,4762,27,0,0 '
Received from ('fd00::200:0:0:2', 8765, 0, 0): b' 1163,2,1,512,10,161,4,1,6,1,1,-88,1,444,7046,77,0,0 '
Received from ('fd00::200:0:0:15', 8765, 0, 0): b' 1162,21,17,1536,0,145,2,7,5,1,1,-52,0,482,6374,51,0,0 '
Received from ('fd00::200:0:0:6', 8765, 0, 0): b' 1163,6,2,768,0,123,1,13,7,1,1,-52,0,373,5886,27,0,0 '
Received from ('fd00::200:0:0:7', 8765, 0, 0): b' 1164,7,3,768,10,182,3,2,7,1,1,-52,3,1778,18201,74,0,0 '
Received from ('fd00::200:0:0:12', 8765, 0, 0): b' 1164,18,15,1536,0,167,3,4,5,1,1,-70,0,596,8896,66,0,0 '
Received from ('fd00::200:0:0:8', 8765, 0, 0): b' 1165,8,4,768,0,160,3,6,7,1,1,-52,9,4011,27737,73,0,0 '
Received from ('fd00::200:0:0:10', 8765, 0, 0): b' 1163,16,13,1280,0,193,3,4,7,1,1,-70,2,1147,12861,67,0,0 '
Received from ('fd00::200:0:0:e', 8765, 0, 0): b' 1164,14,11,1280,0,173,2,3,7,1,1,-70,0,506,6838,65,0,0 '
Received from ('fd00::200:0:0:9', 8765, 0, 0): b' 1167,9,4,768,0,112,7,13,6,1,4,-70,0,252,3781,27,0,0 '
Received from ('fd00::200:0:0:f', 8765, 0, 0): b' 1165,15,10,1280,0,174,4,9,7,1,2,-70,1,711,7235,65,0,0 '
Received from ('fd00::200:0:0:4', 8765, 0, 0): b' 1166,4,1,512,0,183,4,1,7,2,1,-66,10,4699,28237,76,0,0 '
Received from ('fd00::200:0:0:13', 8765, 0, 0): b' 1165,19,16,1536,20,192,3,4,7,1,1,-70,0,625,7695,64,0,0 '
Received from ('fd00::200:0:0:d', 8765, 0, 0): b' 1166,13,8,1024,0,164,3,3,7,1,1,-70,5,1694,12488,69,0,0 '
Received from ('fd00::200:0:0:11', 8765, 0, 0): b' 1167,17,13,1280,20,159,9,5,7,1,3,-52,1,837,6794,59,0,0 '
Received from ('fd00::200:0:0:1', 5678, 0, 0): b' 1169,1,0,256,0,6,0,0,4,0,0,0,10,1463,17246,1232,0,0 '
Received from ('fd00::200:0:0:15', 8765, 0, 0): b' 1166,21,17,1536,0,145,2,7,5,1,1,-52,0,181,4124,51,0,0 '
Received from ('fd00::200:0:0:a', 8765, 0, 0): b' 1170,10,7,1024,0,181,3,3,7,1,1,-70,2,903,12415,72,0,0 '
Received from ('fd00::200:0:0:10', 8765, 0, 0): b' 1168,16,13,1280,0,195,3,4,7,1,1,-70,2,988,10489,67,0,0 '
Received from ('fd00::200:0:0:5', 8765, 0, 0): b' 1171,5,4,768,0,184,5,1,6,1,1,-52,0,1064,14881,77,0,0 '
Received from ('fd00::200:0:0:14', 8765, 0, 0): b' 1168,20,16,1536,0,182,4,5,7,1,1,-52,0,614,7415,60,0,0 '
Received from ('fd00::200:0:0:e', 8765, 0, 0): b' 1170,14,11,1280,0,173,2,3,7,1,1,-70,0,237,5071,66,0,0 '
Received from ('fd00::200:0:0:f', 8765, 0, 0): b' 1171,15,10,1280,0,175,4,9,7,1,2,-70,1,651,7704,66,0,0 '
Received from ('fd00::200:0:0:8', 8765, 0, 0): b' 1173,8,4,768,20,162,3,6,7,1,1,-52,9,2997,21066,73,0,0 '
Received from ('fd00::200:0:0:7', 8765, 0, 0): b' 1173,7,3,768,10,184,3,2,7,1,1,-52,3,1600,14818,75,0,0 '
Received from ('fd00::200:0:0:b', 8765, 0, 0): b' 1171,11,8,1024,0,186,4,4,7,1,2,-70,1,1007,16897,66,0,0 '
Received from ('fd00::200:0:0:c', 8765, 0, 0): b' 1171,12,8,1024,0,109,6,16,7,1,3,-52,0,679,8350,28,0,0 '
Received from ('fd00::200:0:0:2', 8765, 0, 0): b' 1174,2,1,512,0,162,4,1,6,1,1,-88,1,1029,14998,78,0,0 '
Received from ('fd00::200:0:0:9', 8765, 0, 0): b' 1175,9,4,768,0,115,7,13,6,1,4,-70,0,677,7930,28,0,0 '
Received from ('fd00::200:0:0:3', 8765, 0, 0): b' 1175,3,1,512,0,187,4,2,7,1,1,-64,4,2196,21027,77,0,0 '
Received from ('fd00::200:0:0:d', 8765, 0, 0): b' 1173,13,8,1024,10,166,3,3,7,1,1,-70,5,1522,13024,69,0,0 '
Received from ('fd00::200:0:0:4', 8765, 0, 0): b' 1175,4,1,512,0,184,4,1,7,2,1,-66,10,4007,25344,77,0,0 '
Received from ('fd00::200:0:0:6', 8765, 0, 0): b' 1176,6,2,768,0,127,1,13,7,1,1,-52,0,929,11670,28,0,0 '
Received from ('fd00::200:0:0:12', 8765, 0, 0): b' 1175,18,15,1536,0,171,3,4,5,1,1,-70,0,972,10688,66,0,0 '
Received from ('fd00::200:0:0:10', 8765, 0, 0): b' 1174,16,13,1280,0,196,3,4,7,1,1,-70,2,906,10870,67,0,0 '
Received from ('fd00::200:0:0:5', 8765, 0, 0): b' 1178,5,4,768,0,185,5,1,6,1,1,-52,0,384,7449,77,0,0 '
Received from ('fd00::200:0:0:8', 8765, 0, 0): b' 1177,8,4,768,0,163,3,6,7,1,1,-52,9,1805,11536,74,0,0 '
Received from ('fd00::200:0:0:7', 8765, 0, 0): b' 1178,7,3,768,10,185,3,2,7,1,1,-52,3,846,8175,75,0,0 '
Received from ('fd00::200:0:0:14', 8765, 0, 0): b' 1174,20,16,1536,0,185,4,5,7,1,1,-52,0,655,6399,61,0,0 '
Received from ('fd00::200:0:0:15', 8765, 0, 0): b' 1175,21,17,1536,0,147,2,7,5,1,1,-52,0,669,7876,52,0,0 '
Received from ('fd00::200:0:0:a', 8765, 0, 0): b' 1178,10,7,1024,0,182,3,3,7,1,1,-70,2,1105,12445,73,0,0 '
Received from ('fd00::200:0:0:2', 8765, 0, 0): b' 1179,2,1,512,10,163,4,1,6,1,1,-88,1,577,7695,78,0,0 '
Received from ('fd00::200:0:0:e', 8765, 0, 0): b' 1176,14,11,1280,0,176,2,3,7,1,1,-70,0,696,6781,66,0,0 '
Received from ('fd00::200:0:0:13', 8765, 0, 0): b' 1176,19,16,1536,0,196,3,4,7,1,1,-70,0,933,11143,64,0,0 '
Received from ('fd00::200:0:0:1', 5678, 0, 0): b' 1180,1,0,256,0,6,0,0,4,0,0,0,10,2447,25046,1247,0,0 '
Received from ('fd00::200:0:0:4', 8765, 0, 0): b' 1180,4,1,512,0,187,4,1,7,2,1,-66,10,2468,13960,77,0,0 '
Received from ('fd00::200:0:0:f', 8765, 0, 0): b' 1180,15,10,1280,0,178,4,9,7,1,2,-70,1,1185,10914,66,0,0 '
Received from ('fd00::200:0:0:b', 8765, 0, 0): b' 1179,11,8,1024,0,188,4,4,7,1,2,-70,1,1112,12622,67,0,0 '
Received from ('fd00::200:0:0:8', 8765, 0, 0): b' 1181,8,4,768,20,168,3,6,7,1,1,-52,9,1676,11112,74,0,0 '
Received from ('fd00::200:0:0:11', 8765, 0, 0): b' 1179,17,13,1280,0,164,9,5,7,1,3,-52,1,1652,15669,60,0,0 '
Received from ('fd00::200:0:0:7', 8765, 0, 0): b' 1182,7,3,768,0,185,3,2,7,1,1,-52,3,661,7390,76,0,0 '
Received from ('fd00::200:0:0:10', 8765, 0, 0): b' 1179,16,13,1280,0,197,3,4,7,1,1,-70,2,1020,10632,68,0,0 '
Received from ('fd00::200:0:0:12', 8765, 0, 0): b' 1181,18,15,1536,0,173,3,4,5,1,1,-70,0,549,6617,67,0,0 '
Received from ('fd00::200:0:0:14', 8765, 0, 0): b' 1179,20,16,1536,0,186,4,5,7,1,1,-52,0,385,4544,61,0,0 '
Received from ('fd00::200:0:0:d', 8765, 0, 0): b' 1183,13,8,1024,10,168,3,3,7,1,1,-70,5,2548,18443,70,0,0 '
Received from ('fd00::200:0:0:c', 8765, 0, 0): b' 1183,12,8,1024,10,112,6,16,7,1,3,-52,0,744,10325,28,0,0 '
Received from ('fd00::200:0:0:2', 8765, 0, 0): b' 1183,2,1,512,0,164,4,1,6,1,1,-88,1,495,7754,78,0,0 '
Received from ('fd00::200:0:0:3', 8765, 0, 0): b' 1183,3,1,512,10,189,4,2,7,1,1,-64,4,1861,16251,77,0,0 '
Received from ('fd00::200:0:0:b', 8765, 0, 0): b' 1184,11,8,1024,0,190,4,4,7,1,2,-70,1,726,7626,67,0,0 '
Received from ('fd00::200:0:0:a', 8765, 0, 0): b' 1185,10,7,1024,0,183,3,3,7,1,1,-70,2,891,10908,73,0,0 '
Received from ('fd00::200:0:0:15', 8765, 0, 0): b' 1182,21,17,1536,0,148,2,7,5,1,1,-52,0,409,7199,52,0,0 '
Received from ('fd00::200:0:0:9', 8765, 0, 0): b' 1184,9,4,768,0,117,7,13,6,1,4,-70,0,756,10938,28,0,0 '
Received from ('fd00::200:0:0:5', 8765, 0, 0): b' 1184,5,4,768,0,187,5,1,6,1,1,-52,0,621,11064,78,0,0 '
Received from ('fd00::200:0:0:10', 8765, 0, 0): b' 1185,16,13,1280,0,197,3,4,7,1,1,-70,2,693,9711,68,0,0 '
Received from ('fd00::200:0:0:11', 8765, 0, 0): b' 1184,17,13,1280,0,168,9,5,7,1,3,-52,1,1032,8106,60,0,0 '
Received from ('fd00::200:0:0:4', 8765, 0, 0): b' 1186,4,1,512,10,187,4,1,7,2,1,-66,10,3246,20022,77,0,0 '
Received from ('fd00::200:0:0:6', 8765, 0, 0): b' 1187,6,2,768,0,131,1,13,7,1,1,-52,0,959,10944,28,0,0 '
Received from ('fd00::200:0:0:13', 8765, 0, 0): b' 1185,19,16,1536,0,198,3,4,7,1,1,-70,0,694,8913,65,0,0 '
Received from ('fd00::200:0:0:8', 8765, 0, 0): b' 1187,8,4,768,0,169,3,6,7,1,1,-52,9,3052,19588,74,0,0 '
Received from ('fd00::200:0:0:12', 8765, 0, 0): b' 1188,18,15,1536,0,175,3,4,5,1,1,-70,0,492,6210,67,0,0 '
Received from ('fd00::200:0:0:e', 8765, 0, 0): b' 1187,14,11,1280,0,181,2,3,7,1,1,-70,0,1038,11022,67,0,0 '
Received from ('fd00::200:0:0:1', 5678, 0, 0): b' 1190,1,0,256,0,6,0,0,4,0,0,0,10,2353,24753,1264,0,0 '
Received from ('fd00::200:0:0:d', 8765, 0, 0): b' 1190,13,8,1024,0,170,3,3,7,1,1,-70,5,1666,14459,70,0,0 '
Received from ('fd00::200:0:0:7', 8765, 0, 0): b' 1190,7,3,768,0,191,3,2,7,1,1,-52,3,1795,15425,76,0,0 '
Received from ('fd00::200:0:0:c', 8765, 0, 0): b' 1190,12,8,1024,10,114,6,16,7,1,3,-52,0,671,7577,29,0,0 '
Received from ('fd00::200:0:0:14', 8765, 0, 0): b' 1188,20,16,1536,0,187,4,5,7,1,1,-52,0,562,8792,62,0,0 '
Received from ('fd00::200:0:0:4', 8765, 0, 0): b' 1191,4,1,512,0,188,4,1,7,2,1,-66,10,2364,14058,78,0,0 '
Received from ('fd00::200:0:0:f', 8765, 0, 0): b' 1191,15,10,1280,0,180,4,9,7,1,2,-70,1,1237,14180,67,0,0 '
Received from ('fd00::200:0:0:2', 8765, 0, 0): b' 1191,2,1,512,0,165,4,1,6,1,1,-88,1,949,13254,79,0,0 '
Received from ('fd00::200:0:0:3', 8765, 0, 0): b' 1192,3,1,512,0,189,4,2,7,1,1,-64,4,1752,15712,78,0,0 '
Received from ('fd00::200:0:0:b', 8765, 0, 0): b' 1193,11,8,1024,0,192,4,4,7,1,2,-70,1,972,13406,68,0,0 '
Received from ('fd00::200:0:0:9', 8765, 0, 0): b' 1192,9,4,768,0,120,7,13,6,1,4,-70,0,748,7829,29,0,0 '
Received from ('fd00::200:0:0:13', 8765, 0, 0): b' 1191,19,16,1536,0,200,3,4,7,1,1,-70,0,468,5211,65,0,0 '
Received from ('fd00::200:0:0:a', 8765, 0, 0): b' 1194,10,7,1024,0,185,3,3,7,1,1,-70,2,1303,14468,74,0,0 '
Received from ('fd00::200:0:0:15', 8765, 0, 0): b' 1191,21,17,1536,0,151,2,7,5,1,1,-52,0,776,8353,53,0,0 '
Received from ('fd00::200:0:0:12', 8765, 0, 0): b' 1194,18,15,1536,10,177,3,4,5,1,1,-70,0,441,5250,68,0,0 '
Received from ('fd00::200:0:0:1', 5678, 0, 0): b' 1194,1,0,256,0,6,0,0,4,0,0,0,10,983,9877,1267,0,0 '
Received from ('fd00::200:0:0:5', 8765, 0, 0): b' 1193,5,4,768,0,188,5,1,6,1,1,-52,0,504,9416,78,0,0 '
Received from ('fd00::200:0:0:7', 8765, 0, 0): b' 1195,7,3,768,0,191,3,2,7,1,1,-52,3,956,7731,76,0,0 '
Received from ('fd00::200:0:0:10', 8765, 0, 0): b' 1195,16,13,1280,10,199,3,4,7,1,1,-70,2,1529,16618,69,0,0 '
Received from ('fd00::200:0:0:c', 8765, 0, 0): b' 1195,12,8,1024,0,115,6,16,7,1,3,-52,0,290,4427,29,0,0 '
Received from ('fd00::200:0:0:6', 8765, 0, 0): b' 1196,6,2,768,0,133,1,13,7,1,1,-52,0,623,8712,29,0,0 '
Received from ('fd00::200:0:0:8', 8765, 0, 0): b' 1196,8,4,768,10,171,3,6,7,1,1,-52,9,3194,22288,75,0,0 '
Received from ('fd00::200:0:0:e', 8765, 0, 0): b' 1195,14,11,1280,0,182,2,3,7,1,1,-70,0,387,6425,67,0,0 '
Received from ('fd00::200:0:0:d', 8765, 0, 0): b' 1197,13,8,1024,0,172,3,3,7,1,1,-70,5,1543,13278,71,0,0 '
Received from ('fd00::200:0:0:f', 8765, 0, 0): b' 1198,15,10,1280,0,181,4,9,7,1,2,-70,1,796,8235,67,0,0 '
Received from ('fd00::200:0:0:11', 8765, 0, 0): b' 1198,17,13,1280,0,169,9,5,7,1,3,-52,1,1053,14435,61,0,0 '
Received from ('fd00::200:0:0:14', 8765, 0, 0): b' 1195,20,16,1536,0,191,4,5,7,1,1,-52,0,796,7738,62,0,0 '
Received from ('fd00::200:0:0:4', 8765, 0, 0): b' 1198,4,1,512,0,191,4,1,7,2,1,-66,10,3400,19560,78,0,0 '
Received from ('fd00::200:0:0:1', 5678, 0, 0): b' 1199,1,0,256,0,6,0,0,4,0,0,0,10,1111,10893,1272,0,0 '
Received from ('fd00::200:0:0:12', 8765, 0, 0): b' 1198,18,15,1536,0,178,3,4,5,1,1,-70,0,469,4456,68,0,0 '
Received from ('fd00::200:0:0:5', 8765, 0, 0): b' 1199,5,4,768,0,188,5,1,6,1,1,-52,0,335,6704,79,0,0 '
Received from ('fd00::200:0:0:3', 8765, 0, 0): b' 1200,3,1,512,10,192,4,2,7,1,1,-64,4,2009,14651,79,0,0 '
Received from ('fd00::200:0:0:a', 8765, 0, 0): b' 1201,10,7,1024,0,186,3,3,7,1,1,-70,2,1158,11415,75,0,0 '
Received from ('fd00::200:0:0:b', 8765, 0, 0): b' 1201,11,8,1024,0,192,4,4,7,1,2,-70,1,751,12805,68,0,0 '
Received from ('fd00::200:0:0:2', 8765, 0, 0): b' 1201,2,1,512,0,170,4,1,6,1,1,-88,1,1355,16060,79,0,0 '
Received from ('fd00::200:0:0:14', 8765, 0, 0): b' 1200,20,16,1536,0,193,4,5,7,1,1,-52,0,468,4232,62,0,0 '
Received from ('fd00::200:0:0:15', 8765, 0, 0): b' 1203,21,17,1536,0,152,2,7,5,1,1,-52,0,586,8840,54,0,0 '
Received from ('fd00::200:0:0:6', 8765, 0, 0): b' 1202,6,2,768,10,134,1,13,7,1,1,-52,0,332,6564,30,0,0 '
Received from ('fd00::200:0:0:13', 8765, 0, 0): b' 1201,19,16,1536,10,204,3,4,7,1,1,-70,0,907,9911,66,0,0 '
Received from ('fd00::200:0:0:8', 8765, 0, 0): b' 1203,8,4,768,20,172,3,6,7,1,1,-52,9,2574,19358,75,0,0 '
Received from ('fd00::200:0:0:7', 8765, 0, 0): b' 1204,7,3,768,0,193,3,2,7,1,1,-52,3,1576,16059,77,0,0 '
Received from ('fd00::200:0:0:e', 8765, 0, 0): b' 1202,14,11,1280,0,182,2,3,7,1,1,-70,0,358,7101,68,0,0 '
Received from ('fd00::200:0:0:9', 8765, 0, 0): b' 1203,9,4,768,10,123,7,13,6,1,4,-70,0,798,10898,30,0,0 '
Received from ('fd00::200:0:0:d', 8765, 0, 0): b' 1204,13,8,1024,0,173,3,3,7,1,1,-70,5,2012,16984,71,0,0 '
Received from ('fd00::200:0:0:11', 8765, 0, 0): b' 1204,17,13,1280,10,172,9,5,7,1,3,-52,1,1164,9458,62,0,0 '
Received from ('fd00::200:0:0:3', 8765, 0, 0): b' 1206,3,1,512,0,194,4,2,7,1,1,-64,4,963,9076,79,0,0 '
Received from ('fd00::200:0:0:a', 8765, 0, 0): b' 1206,10,7,1024,0,188,3,3,7,1,1,-70,2,605,8560,75,0,0 '
Received from ('fd00::200:0:0:c', 8765, 0, 0): b' 1205,12,8,1024,0,116,6,16,7,1,3,-52,0,586,9685,30,0,0 '
Received from ('fd00::200:0:0:1', 5678, 0, 0): b' 1207,1,0,256,0,6,0,0,4,0,0,0,10,1972,19945,1285,0,0 '
Received from ('fd00::200:0:0:5', 8765, 0, 0): b' 1206,5,4,768,0,190,5,1,6,1,1,-52,0,585,9297,79,0,0 '
Received from ('fd00::200:0:0:2', 8765, 0, 0): b' 1207,2,1,512,0,172,4,1,6,1,1,-88,1,899,8283,80,0,0 '
Received from ('fd00::200:0:0:10', 8765, 0, 0): b' 1205,16,13,1280,0,203,3,4,7,1,1,-70,2,2017,21650,69,0,0 '
Received from ('fd00::200:0:0:4', 8765, 0, 0): b' 1208,4,1,512,0,192,4,1,7,2,1,-66,10,4025,26768,79,0,0 '
Received from ('fd00::200:0:0:14', 8765, 0, 0): b' 1204,20,16,1536,0,194,4,5,7,1,1,-52,0,320,4526,63,0,0 '
Received from ('fd00::200:0:0:15', 8765, 0, 0): b' 1208,21,17,1536,0,155,2,7,5,1,1,-52,0,599,6300,54,0,0 '
Received from ('fd00::200:0:0:f', 8765, 0, 0): b' 1209,15,10,1280,30,182,4,9,7,1,2,-70,1,1000,14591,68,0,0 '
Received from ('fd00::200:0:0:7', 8765, 0, 0): b' 1210,7,3,768,20,195,3,2,7,1,1,-52,3,1077,9900,78,0,0 '
Received from ('fd00::200:0:0:8', 8765, 0, 0): b' 1210,8,4,768,0,175,3,6,7,1,1,-52,9,2717,18300,76,0,0 '
Received from ('fd00::200:0:0:12', 8765, 0, 0): b' 1209,18,15,1536,0,182,3,4,5,1,1,-70,0,907,10361,69,0,0 '
Received from ('fd00::200:0:0:1', 5678, 0, 0): b' 1211,1,0,256,0,6,0,0,4,0,0,0,10,1207,11712,1290,0,0 '
Received from ('fd00::200:0:0:e', 8765, 0, 0): b' 1210,14,11,1280,0,187,2,3,7,1,1,-70,0,934,7943,68,0,0 '
Received from ('fd00::200:0:0:13', 8765, 0, 0): b' 1210,19,16,1536,0,205,3,4,7,1,1,-70,0,428,8139,66,0,0 '
Received from ('fd00::200:0:0:b', 8765, 0, 0): b' 1212,11,8,1024,10,198,4,4,7,1,2,-70,1,1775,18370,69,0,0 '
Received from ('fd00::200:0:0:10', 8765, 0, 0): b' 1211,16,13,1280,0,203,3,4,7,1,1,-70,2,952,11943,70,0,0 '
Received from ('fd00::200:0:0:6', 8765, 0, 0): b' 1214,6,2,768,0,135,1,13,7,1,1,-52,0,757,10744,30,0,0 '
Received from ('fd00::200:0:0:c', 8765, 0, 0): b' 1213,12,8,1024,0,117,6,16,7,1,3,-52,0,576,7369,30,0,0 '
Received from ('fd00::200:0:0:5', 8765, 0, 0): b' 1213,5,4,768,0,191,5,1,6,1,1,-52,0,587,9266,80,0,0 '
Received from ('fd00::200:0:0:2', 8765, 0, 0): b' 1215,2,1,512,0,176,4,1,6,1,1,-88,1,1013,12180,80,0,0 '
Received from ('fd00::200:0:0:7', 8765, 0, 0): b' 1214,7,3,768,0,195,3,2,7,1,1,-52,3,579,6878,78,0,0 '
Received from ('fd00::200:0:0:9', 8765, 0, 0): b' 1213,9,4,768,10,126,7,13,6,1,4,-70,0,744,9588,30,0,0 '
Received from ('fd00::200:0:0:d', 8765, 0, 0): b' 1214,13,8,1024,10,175,3,3,7,1,1,-70,5,2535,22172,72,0,0 '
Received from ('fd00::200:0:0:3', 8765, 0, 0): b' 1215,3,1,512,20,200,4,2,7,1,1,-64,4,2342,18262,80,0,0 '
Received from ('fd00::200:0:0:11', 8765, 0, 0): b' 1215,17,13,1280,10,176,9,5,7,1,3,-52,1,1305,13988,62,0,0 '
Received from ('fd00::200:0:0:14', 8765, 0, 0): b' 1213,20,16,1536,0,196,4,5,7,1,1,-52,0,637,8364,63,0,0 '
Received from ('fd00::200:0:0:b', 8765, 0, 0): b' 1216,11,8,1024,0,199,4,4,7,1,2,-70,1,445,6865,69,0,0 '
Received from ('fd00::200:0:0:4', 8765, 0, 0): b' 1218,4,1,512,10,195,4,1,7,2,1,-66,10,4081,26350,79,0,0 '
Received from ('fd00::200:0:0:15', 8765, 0, 0): b' 1215,21,17,1536,0,157,2,7,5,1,1,-52,0,548,6531,55,0,0 '
Received from ('fd00::200:0:0:6', 8765, 0, 0): b' 1218,6,2,768,0,136,1,13,7,1,1,-52,0,319,4268,31,0,0 '
Received from ('fd00::200:0:0:a', 8765, 0, 0): b' 1218,10,7,1024,0,189,3,3,7,1,1,-70,2,1402,18053,76,0,0 '
Received from ('fd00::200:0:0:13', 8765, 0, 0): b' 1214,19,16,1536,0,207,3,4,7,1,1,-70,0,524,4530,67,0,0 '
Received from ('fd00::200:0:0:e', 8765, 0, 0): b' 1217,14,11,1280,0,189,2,3,7,1,1,-70,0,548,6546,69,0,0 '
Received from ('fd00::200:0:0:f', 8765, 0, 0): b' 1219,15,10,1280,0,186,4,9,7,1,2,-70,1,1293,13095,69,0,0 '
Received from ('fd00::200:0:0:1', 5678, 0, 0): b' 1220,1,0,256,0,6,0,0,4,0,0,0,10,2011,20838,1304,0,0 '
Received from ('fd00::200:0:0:9', 8765, 0, 0): b' 1219,9,4,768,0,127,7,13,6,1,4,-70,0,440,5543,31,0,0 '
Received from ('fd00::200:0:0:12', 8765, 0, 0): b' 1221,18,15,1536,0,186,3,4,5,1,1,-70,0,876,11112,69,0,0 '
Received from ('fd00::200:0:0:d', 8765, 0, 0): b' 1220,13,8,1024,10,177,3,3,7,1,1,-70,5,1563,11887,72,0,0 '
Received from ('fd00::200:0:0:8', 8765, 0, 0): b' 1220,8,4,768,10,178,3,6,7,1,1,-52,9,4244,27833,77,0,0 '
Received from ('fd00::200:0:0:14', 8765, 0, 0): b' 1220,20,16,1536,0,198,4,5,7,1,1,-52,0,524,4565,64,0,0 '
Received from ('fd00::200:0:0:13', 8765, 0, 0): b' 1220,19,16,1536,0,208,3,4,7,1,1,-70,0,361,4246,67,0,0 '
Received from ('fd00::200:0:0:11', 8765, 0, 0): b' 1220,17,13,1280,0,177,9,5,7,1,3,-52,1,741,7568,63,0,0 '
Received from ('fd00::200:0:0:6', 8765, 0, 0): b' 1223,6,2,768,0,136,1,13,7,1,1,-52,0,252,4371,31,0,0 '
Received from ('fd00::200:0:0:c', 8765, 0, 0): b' 1221,12,8,1024,0,119,6,16,7,1,3,-52,0,572,8237,31,0,0 '
Received from ('fd00::200:0:0:3', 8765, 0, 0): b' 1223,3,1,512,0,201,4,2,7,1,1,-64,4,1413,13144,80,0,0 '
Received from ('fd00::200:0:0:b', 8765, 0, 0): b' 1222,11,8,1024,0,202,4,4,7,1,2,-70,1,1038,9372,70,0,0 '
Received from ('fd00::200:0:0:5', 8765, 0, 0): b' 1222,5,4,768,0,192,5,1,6,1,1,-52,0,430,10940,80,0,0 '
Received from ('fd00::200:0:0:2', 8765, 0, 0): b' 1224,2,1,512,0,177,4,1,6,1,1,-88,1,1095,14475,81,0,0 '
Received from ('fd00::200:0:0:7', 8765, 0, 0): b' 1223,7,3,768,0,200,3,2,7,1,1,-52,3,1811,15872,78,0,0 '
Received from ('fd00::200:0:0:10', 8765, 0, 0): b' 1223,16,13,1280,0,205,3,4,7,1,1,-70,2,2083,22166,71,0,0 '
Received from ('fd00::200:0:0:a', 8765, 0, 0): b' 1224,10,7,1024,0,189,3,3,7,1,1,-70,2,781,10366,76,0,0 '
Received from ('fd00::200:0:0:4', 8765, 0, 0): b' 1225,4,1,512,10,199,4,1,7,2,1,-66,10,4171,22727,80,0,0 '
Received from ('fd00::200:0:0:15', 8765, 0, 0): b' 1224,21,17,1536,0,157,2,7,5,1,1,-52,0,423,8748,55,0,0 '
Received from ('fd00::200:0:0:8', 8765, 0, 0): b' 1227,8,4,768,10,178,3,6,7,1,1,-52,9,2066,14799,77,0,0 '
Received from ('fd00::200:0:0:d', 8765, 0, 0): b' 1227,13,8,1024,10,178,3,3,7,1,1,-70,5,1644,12638,73,0,0 '
Received from ('fd00::200:0:0:14', 8765, 0, 0): b' 1225,20,16,1536,0,200,4,5,7,1,1,-52,0,493,5652,64,0,0 '
Received from ('fd00::200:0:0:e', 8765, 0, 0): b' 1226,14,11,1280,0,192,2,3,7,1,1,-70,0,744,8647,69,0,0 '
Received from ('fd00::200:0:0:12', 8765, 0, 0): b' 1228,18,15,1536,0,187,3,4,5,1,1,-70,0,466,7324,70,0,0 '
Received from ('fd00::200:0:0:13', 8765, 0, 0): b' 1227,19,16,1536,0,209,3,4,7,1,1,-70,0,465,6787,68,0,0 '
Received from ('fd00::200:0:0:3', 8765, 0, 0): b' 1229,3,1,512,0,204,4,2,7,1,1,-64,4,1508,11388,81,0,0 '
Received from ('fd00::200:0:0:f', 8765, 0, 0): b' 1230,15,10,1280,0,189,4,9,7,1,2,-70,1,1410,14511,70,0,0 '
Received from ('fd00::200:0:0:4', 8765, 0, 0): b' 1230,4,1,512,10,200,4,1,7,2,1,-66,10,1944,13738,80,0,0 '
Received from ('fd00::200:0:0:11', 8765, 0, 0): b' 1229,17,13,1280,0,180,9,5,7,1,3,-52,1,1129,11817,63,0,0 '
Received from ('fd00::200:0:0:9', 8765, 0, 0): b' 1231,9,4,768,10,129,7,13,6,1,4,-70,0,635,9560,31,0,0 '
Received from ('fd00::200:0:0:1', 5678, 0, 0): b' 1231,1,0,256,0,6,0,0,4,0,0,0,10,2380,25481,1315,0,0 '
Received from ('fd00::200:0:0:2', 8765, 0, 0): b' 1231,2,1,512,0,178,4,1,6,1,1,-88,1,650,10729,81,0,0 '
Received from ('fd00::200:0:0:c', 8765, 0, 0): b' 1232,12,8,1024,0,123,6,16,7,1,3,-52,0,851,9423,31,0,0 '
Received from ('fd00::200:0:0:6', 8765, 0, 0): b' 1232,6,2,768,0,139,1,13,7,1,1,-52,0,798,8982,32,0,0 '
Received from ('fd00::200:0:0:d', 8765, 0, 0): b' 1232,13,8,1024,10,179,3,3,7,1,1,-70,5,1268,11464,73,0,0 '
Received from ('fd00::200:0:0:10', 8765, 0, 0): b' 1231,16,13,1280,0,206,3,4,7,1,1,-70,2,1135,14596,71,0,0 '
Received from ('fd00::200:0:0:b', 8765, 0, 0): b' 1233,11,8,1024,0,206,4,4,7,1,2,-70,1,1140,16322,70,0,0 '
Received from ('fd00::200:0:0:7', 8765, 0, 0): b' 1234,7,3,768,0,204,3,2,7,1,1,-52,3,1775,17838,79,0,0 '
Received from ('fd00::200:0:0:15', 8765, 0, 0): b' 1231,21,17,1536,10,158,2,7,5,1,1,-52,0,441,6242,56,0,0 '
Received from ('fd00::200:0:0:5', 8765, 0, 0): b' 1236,5,4,768,0,195,5,1,6,1,1,-52,0,923,13722,81,0,0 '
Received from ('fd00::200:0:0:8', 8765, 0, 0): b' 1236,8,4,768,40,184,3,6,7,1,1,-52,9,3416,22697,78,0,0 '
Received from ('fd00::200:0:0:9', 8765, 0, 0): b' 1236,9,4,768,0,131,7,13,6,1,4,-70,0,547,5311,32,0,0 '
Received from ('fd00::200:0:0:12', 8765, 0, 0): b' 1236,18,15,1536,0,187,3,4,5,1,1,-70,0,470,7085,70,0,0 '
Received from ('fd00::200:0:0:a', 8765, 0, 0): b' 1236,10,7,1024,0,193,3,4,7,1,1,-70,2,1804,19306,77,0,0 '
Received from ('fd00::200:0:0:3', 8765, 0, 0): b' 1237,3,1,512,10,207,4,2,7,1,1,-64,4,1593,13594,81,0,0 '
Received from ('fd00::200:0:0:13', 8765, 0, 0): b' 1235,19,16,1536,0,210,3,4,7,1,1,-70,0,506,7647,68,0,0 '
Received from ('fd00::200:0:0:14', 8765, 0, 0): b' 1236,20,16,1536,0,202,4,5,7,1,1,-52,0,695,9551,65,0,0 '
Received from ('fd00::200:0:0:e', 8765, 0, 0): b' 1235,14,11,1280,0,194,2,3,7,1,1,-70,0,687,9170,70,0,0 '
Received from ('fd00::200:0:0:2', 8765, 0, 0): b' 1239,2,1,512,0,180,4,1,6,1,1,-88,1,1106,12486,82,0,0 '
Received from ('fd00::200:0:0:4', 8765, 0, 0): b' 1239,4,1,512,0,203,4,1,7,2,1,-66,10,4351,26142,81,0,0 '
Received from ('fd00::200:0:0:b', 8765, 0, 0): b' 1237,11,8,1024,0,206,4,4,7,1,2,-70,1,570,7377,71,0,0 '
Received from ('fd00::200:0:0:1', 5678, 0, 0): b' 1240,1,0,256,0,6,0,0,4,0,0,0,10,2040,21006,1329,0,0 '
Received from ('fd00::200:0:0:5', 8765, 0, 0): b' 1240,5,4,768,10,198,5,1,6,1,1,-52,0,476,5771,81,0,0 '
Received from ('fd00::200:0:0:c', 8765, 0, 0): b' 1240,12,8,1024,0,125,6,16,7,1,3,-52,0,669,8188,32,0,0 '
Received from ('fd00::200:0:0:f', 8765, 0, 0): b' 1241,15,10,1280,0,191,4,9,7,1,2,-70,1,1047,13759,70,0,0 '
Received from ('fd00::200:0:0:d', 8765, 0, 0): b' 1240,13,8,1024,10,179,3,3,7,1,1,-70,5,1652,15814,74,0,0 '
Received from ('fd00::200:0:0:6', 8765, 0, 0): b' 1241,6,2,768,0,142,1,13,7,1,1,-52,0,621,9051,32,0,0 '
Received from ('fd00::200:0:0:10', 8765, 0, 0): b' 1239,16,13,1280,0,209,3,4,7,1,1,-70,2,1530,15983,72,0,0 '
Received from ('fd00::200:0:0:7', 8765, 0, 0): b' 1241,7,3,768,10,208,3,2,7,1,1,-52,3,1511,12778,80,0,0 '
Received from ('fd00::200:0:0:11', 8765, 0, 0): b' 1240,17,13,1280,0,183,9,5,7,1,3,-52,1,1021,12449,64,0,0 '
Received from ('fd00::200:0:0:13', 8765, 0, 0): b' 1241,19,16,1536,0,213,3,4,7,1,1,-70,0,599,6008,68,0,0 '
Received from ('fd00::200:0:0:a', 8765, 0, 0): b' 1242,10,7,1024,0,194,3,4,7,1,1,-70,2,740,8834,77,0,0 '
Received from ('fd00::200:0:0:15', 8765, 0, 0): b' 1241,21,17,1536,10,160,2,7,5,1,1,-52,0,638,9211,56,0,0 '
Received from ('fd00::200:0:0:3', 8765, 0, 0): b' 1243,3,1,512,0,208,4,2,7,1,1,-64,4,1315,11159,81,0,0 '
Received from ('fd00::200:0:0:9', 8765, 0, 0): b' 1243,9,4,768,10,134,7,13,6,1,4,-70,0,514,7557,32,0,0 '
Received from ('fd00::200:0:0:c', 8765, 0, 0): b' 1244,12,8,1024,0,127,6,16,7,1,3,-52,0,371,4411,32,0,0 '
Received from ('fd00::200:0:0:12', 8765, 0, 0): b' 1245,18,15,1536,0,189,3,4,5,1,1,-70,0,711,8677,71,0,0 '
Received from ('fd00::200:0:0:d', 8765, 0, 0): b' 1244,13,8,1024,0,180,3,3,7,1,1,-70,5,1254,9036,74,0,0 '
Received from ('fd00::200:0:0:b', 8765, 0, 0): b' 1244,11,8,1024,0,206,4,4,7,1,2,-70,1,603,10166,71,0,0 '
Received from ('fd00::200:0:0:1', 5678, 0, 0): b' 1245,1,0,256,0,6,0,0,4,0,0,0,10,1283,13174,1335,0,0 '
Received from ('fd00::200:0:0:5', 8765, 0, 0): b' 1245,5,4,768,10,201,5,1,6,1,1,-52,0,644,7692,82,0,0 '
Received from ('fd00::200:0:0:f', 8765, 0, 0): b' 1245,15,10,1280,10,193,4,9,7,1,2,-70,1,785,6601,71,0,0 '
Received from ('fd00::200:0:0:e', 8765, 0, 0): b' 1245,14,11,1280,0,196,2,3,7,1,1,-70,0,572,8757,71,0,0 '
Received from ('fd00::200:0:0:8', 8765, 0, 0): b' 1246,8,4,768,0,186,3,6,7,1,1,-52,9,4472,30131,78,0,0 '
Received from ('fd00::200:0:0:11', 8765, 0, 0): b' 1247,17,13,1280,0,183,9,5,7,1,3,-52,1,839,8881,64,0,0 '
Received from ('fd00::200:0:0:10', 8765, 0, 0): b' 1247,16,13,1280,0,210,3,4,7,1,1,-70,2,960,13788,72,0,0 '
Received from ('fd00::200:0:0:4', 8765, 0, 0): b' 1248,4,1,512,0,206,4,1,7,2,1,-66,10,4503,25817,81,0,0 '
Received from ('fd00::200:0:0:14', 8765, 0, 0): b' 1247,20,16,1536,0,204,4,5,7,1,1,-52,0,661,10953,65,0,0 '
Received from ('fd00::200:0:0:c', 8765, 0, 0): b' 1249,12,8,1024,20,130,6,16,7,1,3,-52,0,575,4926,33,0,0 '
Received from ('fd00::200:0:0:1', 5678, 0, 0): b' 1249,1,0,256,0,6,0,0,4,0,0,0,10,1048,9978,1342,0,0 '
Received from ('fd00::200:0:0:6', 8765, 0, 0): b' 1249,6,2,768,0,144,1,13,7,1,1,-52,0,667,8282,33,0,0 '
Received from ('fd00::200:0:0:a', 8765, 0, 0): b' 1250,10,7,1024,0,194,3,4,7,1,1,-70,2,941,12483,78,0,0 '
Received from ('fd00::200:0:0:2', 8765, 0, 0): b' 1250,2,1,512,0,186,4,1,6,1,1,-88,1,1761,18469,83,0,0 '
Received from ('fd00::200:0:0:13', 8765, 0, 0): b' 1249,19,16,1536,0,214,3,4,7,1,1,-70,0,465,7442,69,0,0 '
Received from ('fd00::200:0:0:f', 8765, 0, 0): b' 1251,15,10,1280,0,193,4,9,7,1,2,-70,1,456,6756,71,0,0 '
Received from ('fd00::200:0:0:d', 8765, 0, 0): b' 1250,13,8,1024,10,184,3,3,7,1,1,-70,5,1669,12442,74,0,0 '
Received from ('fd00::200:0:0:b', 8765, 0, 0): b' 1251,11,8,1024,0,209,4,4,7,1,2,-70,1,998,11162,72,0,0 '
Received from ('fd00::200:0:0:7', 8765, 0, 0): b' 1252,7,3,768,0,209,3,2,7,1,1,-52,3,1877,18702,80,0,0 '
Received from ('fd00::200:0:0:15', 8765, 0, 0): b' 1251,21,17,1536,0,164,2,7,5,1,1,-52,0,835,10124,57,0,0 '
Received from ('fd00::200:0:0:3', 8765, 0, 0): b' 1252,3,1,512,0,211,4,2,7,1,1,-64,4,2071,17299,82,0,0 '
Received from ('fd00::200:0:0:5', 8765, 0, 0): b' 1253,5,4,768,0,203,5,1,6,1,1,-52,0,718,9605,82,0,0 '
Received from ('fd00::200:0:0:9', 8765, 0, 0): b' 1253,9,4,768,0,137,7,13,6,1,4,-70,0,906,9631,33,0,0 '
Received from ('fd00::200:0:0:11', 8765, 0, 0): b' 1254,17,13,1280,0,186,9,5,7,1,3,-52,1,943,8773,65,0,0 '
Received from ('fd00::200:0:0:12', 8765, 0, 0): b' 1254,18,15,1536,0,191,3,4,5,1,1,-70,0,693,8779,72,0,0 '
Received from ('fd00::200:0:0:e', 8765, 0, 0): b' 1253,14,11,1280,0,199,2,3,7,1,1,-70,0,720,7518,71,0,0 '
Received from ('fd00::200:0:0:14', 8765, 0, 0): b' 1253,20,16,1536,0,204,4,5,7,1,1,-52,0,335,5427,66,0,0 '
Received from ('fd00::200:0:0:c', 8765, 0, 0): b' 1253,12,8,1024,0,131,6,16,7,1,3,-52,0,466,6364,33,0,0 '
Received from ('fd00::200:0:0:a', 8765, 0, 0): b' 1257,10,7,1024,0,196,3,4,7,1,1,-70,2,1089,11011,78,0,0 '
Received from ('fd00::200:0:0:d', 8765, 0, 0): b' 1254,13,8,1024,0,187,3,3,7,1,1,-70,5,1594,12966,75,0,0 '
Received from ('fd00::200:0:0:4', 8765, 0, 0): b' 1257,4,1,512,20,208,4,1,7,2,1,-66,10,4349,26483,82,0,0 '
Received from ('fd00::200:0:0:2', 8765, 0, 0): b' 1257,2,1,512,0,187,4,1,6,1,1,-88,1,514,9700,83,0,0 '
Received from ('fd00::200:0:0:13', 8765, 0, 0): b' 1256,19,16,1536,0,216,3,4,7,1,1,-70,0,589,6632,69,0,0 '
Received from ('fd00::200:0:0:15', 8765, 0, 0): b' 1256,21,17,1536,0,165,2,7,5,1,1,-52,0,362,4449,57,0,0 '
Received from ('fd00::200:0:0:8', 8765, 0, 0): b' 1258,8,4,768,10,187,3,6,7,1,1,-52,9,4456,29968,79,0,0 '
Received from ('fd00::200:0:0:10', 8765, 0, 0): b' 1257,16,13,1280,0,212,3,4,7,1,1,-70,2,1796,19253,73,0,0 '
Received from ('fd00::200:0:0:b', 8765, 0, 0): b' 1257,11,8,1024,0,210,4,4,7,1,2,-70,1,697,10307,72,0,0 '
Received from ('fd00::200:0:0:9', 8765, 0, 0): b' 1258,9,4,768,0,140,7,13,6,1,4,-70,0,597,5662,33,0,0 '
Received from ('fd00::200:0:0:7', 8765, 0, 0): b' 1259,7,3,768,0,211,3,2,7,1,1,-52,3,1185,12063,81,0,0 '
Received from ('fd00::200:0:0:11', 8765, 0, 0): b' 1259,17,13,1280,0,186,9,5,7,1,3,-52,1,485,6107,65,0,0 '
Received from ('fd00::200:0:0:1', 5678, 0, 0): b' 1260,1,0,256,0,6,0,0,4,0,0,0,10,2356,24853,1354,0,0 '
Received from ('fd00::200:0:0:3', 8765, 0, 0): b' 1260,3,1,512,10,214,4,2,7,1,1,-64,4,1402,11927,83,0,0 '
Received from ('fd00::200:0:0:5', 8765, 0, 0): b' 1260,5,4,768,0,204,5,1,6,1,1,-52,0,490,8819,83,0,0 '
Received from ('fd00::200:0:0:14', 8765, 0, 0): b' 1259,20,16,1536,0,207,4,5,7,1,1,-52,0,599,5496,66,0,0 '
Received from ('fd00::200:0:0:f', 8765, 0, 0): b' 1260,15,10,1280,0,195,4,9,7,1,2,-70,1,1064,12293,72,0,0 '
Received from ('fd00::200:0:0:c', 8765, 0, 0): b' 1259,12,8,1024,0,132,6,16,7,1,3,-52,0,361,5202,33,0,0 '
Received from ('fd00::200:0:0:6', 8765, 0, 0): b' 1260,6,2,768,0,148,1,13,7,1,1,-52,0,873,11211,33,0,0 '
Received from ('fd00::200:0:0:12', 8765, 0, 0): b' 1261,18,15,1536,10,193,3,4,5,1,1,-70,0,492,7041,72,0,0 '
Received from ('fd00::200:0:0:4', 8765, 0, 0): b' 1262,4,1,512,0,208,4,1,7,2,1,-66,10,2271,14323,82,0,0 '
Received from ('fd00::200:0:0:8', 8765, 0, 0): b' 1263,8,4,768,10,187,3,6,7,1,1,-52,9,1594,13144,79,0,0 '
Received from ('fd00::200:0:0:b', 8765, 0, 0): b' 1262,11,8,1024,0,212,4,4,7,1,2,-70,1,703,7629,72,0,0 '
Received from ('fd00::200:0:0:7', 8765, 0, 0): b' 1264,7,3,768,20,213,3,2,7,1,1,-52,3,1040,9366,81,0,0 '
Received from ('fd00::200:0:0:9', 8765, 0, 0): b' 1265,9,4,768,0,140,7,13,6,1,4,-70,0,332,6037,34,0,0 '
Received from ('fd00::200:0:0:a', 8765, 0, 0): b' 1264,10,7,1024,0,199,3,4,7,1,1,-70,2,1331,14337,79,0,0 '
Received from ('fd00::200:0:0:11', 8765, 0, 0): b' 1263,17,13,1280,0,186,9,5,7,1,3,-52,1,564,8169,66,0,0 '
Received from ('fd00::200:0:0:e', 8765, 0, 0): b' 1264,14,11,1280,0,202,2,3,7,1,1,-70,0,824,11126,72,0,0 '
Received from ('fd00::200:0:0:3', 8765, 0, 0): b' 1266,3,1,512,10,217,4,2,7,1,1,-64,4,1799,12672,83,0,0 '
Received from ('fd00::200:0:0:2', 8765, 0, 0): b' 1267,2,1,512,0,190,4,1,6,1,1,-88,1,1206,15095,84,0,0 '
Received from ('fd00::200:0:0:15', 8765, 0, 0): b' 1264,21,17,1536,10,166,2,7,5,1,1,-52,0,628,8624,58,0,0 '
Received from ('fd00::200:0:0:d', 8765, 0, 0): b' 1266,13,8,1024,0,190,3,3,7,1,1,-70,5,2688,23133,75,0,0 '
Received from ('fd00::200:0:0:6', 8765, 0, 0): b' 1267,6,2,768,10,152,1,13,7,1,1,-52,0,761,7278,34,0,0 '
Received from ('fd00::200:0:0:13', 8765, 0, 0): b' 1266,19,16,1536,20,218,3,4,7,1,1,-70,0,559,9695,70,0,0 '
Received from ('fd00::200:0:0:10', 8765, 0, 0): b' 1265,16,13,1280,0,213,3,4,7,1,1,-70,2,1517,19531,74,0,0 '
Received from ('fd00::200:0:0:c', 8765, 0, 0): b' 1267,12,8,1024,0,133,6,16,7,1,3,-52,0,556,7601,34,0,0 '
Received from ('fd00::200:0:0:14', 8765, 0, 0): b' 1269,20,16,1536,10,211,4,5,7,1,1,-52,0,883,9875,67,0,0 '
Received from ('fd00::200:0:0:e', 8765, 0, 0): b' 1269,14,11,1280,0,205,2,3,7,1,1,-70,0,576,4851,72,0,0 '
Received from ('fd00::200:0:0:1', 5678, 0, 0): b' 1271,1,0,256,0,6,0,0,4,0,0,0,10,2619,26663,1370,0,0 '
Received from ('fd00::200:0:0:4', 8765, 0, 0): b' 1271,4,1,512,0,210,4,1,7,2,1,-66,10,4097,25073,83,0,0 '
Received from ('fd00::200:0:0:2', 8765, 0, 0): b' 1271,2,1,512,10,191,4,1,6,1,1,-88,1,675,6798,84,0,0 '
Received from ('fd00::200:0:0:5', 8765, 0, 0): b' 1271,5,4,768,0,207,5,1,6,1,1,-52,0,825,13495,84,0,0 '
Received from ('fd00::200:0:0:f', 8765, 0, 0): b' 1272,15,10,1280,0,199,4,9,7,1,2,-70,1,1316,14762,72,0,0 '
Received from ('fd00::200:0:0:10', 8765, 0, 0): b' 1269,16,13,1280,0,215,3,4,7,1,1,-70,2,921,8203,74,0,0 '
Received from ('fd00::200:0:0:13', 8765, 0, 0): b' 1271,19,16,1536,0,219,3,4,7,1,1,-70,0,493,5035,70,0,0 '
Received from ('fd00::200:0:0:12', 8765, 0, 0): b' 1272,18,15,1536,0,194,3,4,5,1,1,-70,0,611,10581,73,0,0 '
Received from ('fd00::200:0:0:3', 8765, 0, 0): b' 1273,3,1,512,10,218,4,2,7,1,1,-64,4,1016,11243,83,0,0 '
Received from ('fd00::200:0:0:8', 8765, 0, 0): b' 1274,8,4,768,10,189,3,6,7,1,1,-52,9,3882,27353,80,0,0 '
Received from ('fd00::200:0:0:15', 8765, 0, 0): b' 1270,21,17,1536,0,166,2,7,5,1,1,-52,0,303,6047,58,0,0 '
Received from ('fd00::200:0:0:a', 8765, 0, 0): b' 1273,10,7,1024,0,201,3,4,7,1,1,-70,2,1337,14034,79,0,0 '
Received from ('fd00::200:0:0:d', 8765, 0, 0): b' 1272,13,8,1024,0,190,3,3,7,1,1,-70,5,1745,14296,76,0,0 '
Received from ('fd00::200:0:0:4', 8765, 0, 0): b' 1276,4,1,512,20,211,4,1,7,2,1,-66,10,1917,13194,83,0,0 '
Received from ('fd00::200:0:0:9', 8765, 0, 0): b' 1275,9,4,768,0,143,7,13,6,1,4,-70,0,742,9695,34,0,0 '
Received from ('fd00::200:0:0:b', 8765, 0, 0): b' 1273,11,8,1024,0,214,4,4,7,1,2,-70,1,1385,18278,73,0,0 '
Received from ('fd00::200:0:0:7', 8765, 0, 0): b' 1275,7,3,768,0,215,3,2,7,1,1,-52,3,1883,19230,82,0,0 '
Received from ('fd00::200:0:0:11', 8765, 0, 0): b' 1275,17,13,1280,0,188,9,5,7,1,3,-52,1,1217,15146,66,0,0 '
Received from ('fd00::200:0:0:6', 8765, 0, 0): b' 1277,6,2,768,10,157,1,13,7,1,1,-52,0,850,9503,34,0,0 '
Received from ('fd00::200:0:0:c', 8765, 0, 0): b' 1276,12,8,1024,0,135,6,16,7,1,3,-52,0,540,8941,34,0,0 '
Received from ('fd00::200:0:0:1', 5678, 0, 0): b' 1278,1,0,256,0,6,0,0,4,0,0,0,10,1338,16201,1377,0,0 '
Received from ('fd00::200:0:0:d', 8765, 0, 0): b' 1276,13,8,1024,10,190,3,3,7,1,1,-70,5,600,7693,76,0,0 '
Received from ('fd00::200:0:0:13', 8765, 0, 0): b' 1276,19,16,1536,0,219,3,4,7,1,1,-70,0,334,5746,71,0,0 '
Received from ('fd00::200:0:0:2', 8765, 0, 0): b' 1279,2,1,512,10,192,4,1,6,1,1,-88,1,955,12765,85,0,0 '
Received from ('fd00::200:0:0:a', 8765, 0, 0): b' 1278,10,7,1024,0,203,3,4,7,1,1,-70,2,758,8896,80,0,0 '
Received from ('fd00::200:0:0:15', 8765, 0, 0): b' 1277,21,17,1536,10,167,2,7,5,1,1,-52,0,417,5692,59,0,0 '
Received from ('fd00::200:0:0:f', 8765, 0, 0): b' 1278,15,10,1280,10,203,4,9,7,1,2,-70,1,1298,10538,73,0,0 '
Received from ('fd00::200:0:0:e', 8765, 0, 0): b' 1278,14,11,1280,10,209,2,3,7,1,1,-70,0,810,9787,73,0,0 '
Received from ('fd00::200:0:0:12', 8765, 0, 0): b' 1281,18,15,1536,10,198,3,4,5,1,1,-70,0,884,8750,74,0,0 '
Received from ('fd00::200:0:0:14', 8765, 0, 0): b' 1278,20,16,1536,0,212,4,5,7,1,1,-52,0,584,10365,68,0,0 '
Received from ('fd00::200:0:0:5', 8765, 0, 0): b' 1281,5,4,768,0,211,5,1,6,1,1,-52,0,843,12455,84,0,0 '
Received from ('fd00::200:0:0:10', 8765, 0, 0): b' 1281,16,13,1280,0,217,3,4,7,1,1,-70,2,1449,17741,74,0,0 '
Received from ('fd00::200:0:0:3', 8765, 0, 0): b' 1281,3,1,512,0,220,4,2,7,1,1,-64,4,1926,16644,84,0,0 '
Received from ('fd00::200:0:0:8', 8765, 0, 0): b' 1283,8,4,768,10,191,3,6,7,1,1,-52,9,3440,23880,81,0,0 '
Received from ('fd00::200:0:0:b', 8765, 0, 0): b' 1284,11,8,1024,0,215,4,4,7,1,2,-70,1,991,14590,74,0,0 '
Received from ('fd00::200:0:0:9', 8765, 0, 0): b' 1284,9,4,768,0,146,7,13,6,1,4,-70,0,774,8635,35,0,0 '
Received from ('fd00::200:0:0:2', 8765, 0, 0): b' 1284,2,1,512,0,194,4,1,6,1,1,-88,1,654,8759,85,0,0 '
Received from ('fd00::200:0:0:6', 8765, 0, 0): b' 1285,6,2,768,0,160,1,13,7,1,1,-52,0,906,8655,35,0,0 '
Received from ('fd00::200:0:0:13', 8765, 0, 0): b' 1283,19,16,1536,0,220,3,4,7,1,1,-70,0,482,6197,71,0,0 '
Received from ('fd00::200:0:0:5', 8765, 0, 0): b' 1286,5,4,768,0,211,5,1,6,1,1,-52,0,360,6284,85,0,0 '
Received from ('fd00::200:0:0:7', 8765, 0, 0): b' 1285,7,3,768,0,219,3,2,7,1,1,-52,3,1725,17509,83,0,0 '
Received from ('fd00::200:0:0:4', 8765, 0, 0): b' 1287,4,1,512,20,214,4,1,7,2,1,-66,10,4942,31396,84,0,0 '
Received from ('fd00::200:0:0:8', 8765, 0, 0): b' 1287,8,4,768,10,192,3,6,7,1,1,-52,9,1299,10593,81,0,0 '
Received from ('fd00::200:0:0:14', 8765, 0, 0): b' 1284,20,16,1536,0,212,4,5,7,1,1,-52,0,279,4718,68,0,0 '
Received from ('fd00::200:0:0:a', 8765, 0, 0): b' 1286,10,7,1024,0,203,3,4,7,1,1,-70,2,739,11674,80,0,0 '
Received from ('fd00::200:0:0:d', 8765, 0, 0): b' 1287,13,8,1024,0,190,3,3,7,1,1,-70,5,2177,18854,77,0,0 '
Received from ('fd00::200:0:0:11', 8765, 0, 0): b' 1287,17,13,1280,0,192,9,5,7,1,3,-52,1,1310,13538,67,0,0 '
Received from ('fd00::200:0:0:1', 5678, 0, 0): b' 1289,1,0,256,0,6,0,0,4,0,0,0,10,2590,26079,1393,0,0 '
Received from ('fd00::200:0:0:f', 8765, 0, 0): b' 1287,15,10,1280,30,205,4,9,7,1,2,-70,1,812,11162,74,0,0 '
Received from ('fd00::200:0:0:9', 8765, 0, 0): b' 1289,9,4,768,0,146,7,13,6,1,4,-70,0,276,4700,35,0,0 '
Received from ('fd00::200:0:0:12', 8765, 0, 0): b' 1288,18,15,1536,0,200,3,4,5,1,1,-70,0,517,6166,74,0,0 '
Received from ('fd00::200:0:0:c', 8765, 0, 0): b' 1290,12,8,1024,0,140,6,16,7,1,3,-52,0,1135,11678,35,0,0 '
Received from ('fd00::200:0:0:10', 8765, 0, 0): b' 1289,16,13,1280,10,219,3,4,7,1,1,-70,2,1316,13962,75,0,0 '
Received from ('fd00::200:0:0:2', 8765, 0, 0): b' 1290,2,1,512,0,194,4,1,6,1,1,-88,1,658,9163,85,0,0 '
Received from ('fd00::200:0:0:3', 8765, 0, 0): b' 1291,3,1,512,0,222,4,2,7,1,1,-64,4,1727,15551,85,0,0 '
Received from ('fd00::200:0:0:e', 8765, 0, 0): b' 1290,14,11,1280,0,212,2,3,7,1,1,-70,0,825,10741,74,0,0 '
Received from ('fd00::200:0:0:6', 8765, 0, 0): b' 1291,6,2,768,0,164,1,13,7,1,1,-52,0,674,5621,35,0,0 '
Received from ('fd00::200:0:0:15', 8765, 0, 0): b' 1290,21,17,1536,0,170,2,7,5,1,1,-52,0,946,11463,60,0,0 '
Received from ('fd00::200:0:0:a', 8765, 0, 0): b' 1291,10,7,1024,10,205,3,4,7,1,1,-70,2,1073,9108,81,0,0 '
Received from ('fd00::200:0:0:c', 8765, 0, 0): b' 1294,12,8,1024,0,142,6,16,7,1,3,-52,0,373,4191,35,0,0 '
Received from ('fd00::200:0:0:13', 8765, 0, 0): b' 1292,19,16,1536,0,221,3,4,7,1,1,-70,0,489,8439,72,0,0 '
Received from ('fd00::200:0:0:12', 8765, 0, 0): b' 1293,18,15,1536,0,201,3,4,5,1,1,-70,0,441,6093,75,0,0 '
Received from ('fd00::200:0:0:1', 5678, 0, 0): b' 1295,1,0,256,0,6,0,0,4,0,0,0,10,1338,14146,1404,0,0 '
Received from ('fd00::200:0:0:10', 8765, 0, 0): b' 1293,16,13,1280,0,220,3,4,7,1,1,-70,2,705,9179,75,0,0 '
Received from ('fd00::200:0:0:2', 8765, 0, 0): b' 1295,2,1,512,10,194,4,1,6,1,1,-88,1,640,7046,86,0,0 '
Received from ('fd00::200:0:0:7', 8765, 0, 0): b' 1293,7,3,768,0,220,3,2,7,1,1,-52,3,1708,14713,83,0,0 '
Received from ('fd00::200:0:0:b', 8765, 0, 0): b' 1294,11,8,1024,0,217,4,4,7,1,2,-70,1,1182,16662,75,0,0 '
Received from ('fd00::200:0:0:d', 8765, 0, 0): b' 1296,13,8,1024,0,192,3,3,7,1,1,-70,5,1910,16954,77,0,0 '
Received from ('fd00::200:0:0:8', 8765, 0, 0): b' 1296,8,4,768,20,193,3,6,7,1,1,-52,9,3539,25055,82,0,0 '
Received from ('fd00::200:0:0:3', 8765, 0, 0): b' 1297,3,1,512,0,224,4,2,7,1,1,-64,4,1280,10945,85,0,0 '
Received from ('fd00::200:0:0:4', 8765, 0, 0): b' 1297,4,1,512,0,218,4,1,7,2,1,-66,10,4796,29762,85,0,0 '
Received from ('fd00::200:0:0:a', 8765, 0, 0): b' 1296,10,7,1024,10,208,3,4,7,1,1,-70,2,928,8746,81,0,0 '
Received from ('fd00::200:0:0:9', 8765, 0, 0): b' 1297,9,4,768,0,147,7,13,6,1,4,-70,0,463,8016,36,0,0 '
Received from ('fd00::200:0:0:14', 8765, 0, 0): b' 1296,20,16,1536,0,213,4,5,7,1,1,-52,0,707,11215,69,0,0 '
Received from ('fd00::200:0:0:5', 8765, 0, 0): b' 1297,5,4,768,0,213,5,1,6,1,1,-52,0,658,13497,85,0,0 '
Received from ('fd00::200:0:0:15', 8765, 0, 0): b' 1298,21,17,1536,0,170,2,7,5,1,1,-52,0,279,6751,60,0,0 '
Received from ('fd00::200:0:0:6', 8765, 0, 0): b' 1298,6,2,768,0,165,1,13,7,1,1,-52,0,463,7078,36,0,0 '
Received from ('fd00::200:0:0:11', 8765, 0, 0): b' 1298,17,13,1280,0,193,9,5,7,1,3,-52,1,1168,15318,68,0,0 '
Received from ('fd00::200:0:0:f', 8765, 0, 0): b' 1299,15,10,1280,0,208,4,9,7,1,2,-70,1,1544,16027,74,0,0 '
Received from ('fd00::200:0:0:1', 5678, 0, 0): b' 1300,1,0,256,0,6,0,0,4,0,0,0,10,1202,12286,1408,0,0 '
Received from ('fd00::200:0:0:10', 8765, 0, 0): b' 1300,16,13,1280,0,223,3,4,7,1,1,-70,2,1284,14685,76,0,0 '
Received from ('fd00::200:0:0:14', 8765, 0, 0): b' 1300,20,16,1536,0,214,4,5,7,1,1,-52,0,265,3945,69,0,0 '
Received from ('fd00::200:0:0:4', 8765, 0, 0): b' 1302,4,1,512,0,219,4,1,7,2,1,-66,10,2200,13568,85,0,0 '
Received from ('fd00::200:0:0:e', 8765, 0, 0): b' 1301,14,11,1280,0,214,2,3,7,1,1,-70,0,638,10270,74,0,0 '
Received from ('fd00::200:0:0:d', 8765, 0, 0): b' 1302,13,8,1024,10,192,3,3,7,1,1,-70,5,1618,14866,78,0,0 '
Received from ('fd00::200:0:0:2', 8765, 0, 0): b' 1302,2,1,512,0,195,4,1,6,1,1,-88,1,744,12849,86,0,0 '
Received from ('fd00::200:0:0:13', 8765, 0, 0): b' 1301,19,16,1536,0,224,3,4,7,1,1,-70,0,720,8540,72,0,0 '
Received from ('fd00::200:0:0:8', 8765, 0, 0): b' 1304,8,4,768,0,196,3,6,7,1,1,-52,9,2913,19887,82,0,0 '
Received from ('fd00::200:0:0:15', 8765, 0, 0): b' 1303,21,17,1536,0,170,2,7,5,1,1,-52,0,278,4370,60,0,0 '
Received from ('fd00::200:0:0:a', 8765, 0, 0): b' 1303,10,7,1024,0,209,3,4,7,1,1,-70,2,898,10501,81,0,0 '
Received from ('fd00::200:0:0:1', 5678, 0, 0): b' 1305,1,0,256,0,6,0,0,4,0,0,0,10,886,10510,1412,0,0 '
Received from ('fd00::200:0:0:c', 8765, 0, 0): b' 1303,12,8,1024,0,145,6,16,7,1,3,-52,0,800,10248,36,0,0 '
Received from ('fd00::200:0:0:7', 8765, 0, 0): b' 1305,7,3,768,10,221,3,2,7,1,1,-52,3,1401,16089,84,0,0 '
Received from ('fd00::200:0:0:12', 8765, 0, 0): b' 1304,18,15,1536,0,205,3,4,5,1,1,-70,0,852,9941,75,0,0 '
Received from ('fd00::200:0:0:b', 8765, 0, 0): b' 1306,11,8,1024,0,223,4,4,7,1,2,-70,1,1589,18662,75,0,0 '
Received from ('fd00::200:0:0:10', 8765, 0, 0): b' 1305,16,13,1280,0,224,3,4,7,1,1,-70,2,891,9205,76,0,0 '
Received from ('fd00::200:0:0:11', 8765, 0, 0): b' 1305,17,13,1280,0,194,9,5,7,1,3,-52,1,767,8637,68,0,0 '
Received from ('fd00::200:0:0:5', 8765, 0, 0): b' 1307,5,4,768,0,217,5,1,6,1,1,-52,0,910,11523,86,0,0 '
Received from ('fd00::200:0:0:6', 8765, 0, 0): b' 1308,6,2,768,0,167,1,13,7,1,1,-52,0,635,8894,36,0,0 '
Received from ('fd00::200:0:0:9', 8765, 0, 0): b' 1307,9,4,768,0,151,7,13,6,1,4,-70,0,905,10062,37,0,0 '
Received from ('fd00::200:0:0:3', 8765, 0, 0): b' 1308,3,1,512,20,227,4,2,7,1,1,-64,4,2265,20408,86,0,0 '
Received from ('fd00::200:0:0:f', 8765, 0, 0): b' 1306,15,10,1280,10,213,4,9,7,1,2,-70,1,1094,9943,75,0,0 '
Received from ('fd00::200:0:0:4', 8765, 0, 0): b' 1309,4,1,512,10,222,4,1,7,2,1,-66,10,3375,19788,86,0,0 '
Received from ('fd00::200:0:0:1', 5678, 0, 0): b' 1310,1,0,256,0,6,0,0,4,0,0,0,10,1415,13018,1425,0,0 '
Received from ('fd00::200:0:0:2', 8765, 0, 0): b' 1309,2,1,512,0,196,4,1,6,1,1,-88,1,953,10873,87,0,0 '
Received from ('fd00::200:0:0:12', 8765, 0, 0): b' 1309,18,15,1536,0,206,3,4,5,1,1,-70,0,441,5319,76,0,0 '
Received from ('fd00::200:0:0:15', 8765, 0, 0): b' 1310,21,17,1536,0,173,2,7,5,1,1,-52,0,679,7677,61,0,0 '
Received from ('fd00::200:0:0:a', 8765, 0, 0): b' 1311,10,7,1024,0,212,3,4,7,1,1,-70,2,1443,12217,82,0,0 '
Received from ('fd00::200:0:0:13', 8765, 0, 0): b' 1311,19,16,1536,0,225,3,4,7,1,1,-70,0,562,8136,73,0,0 '
Received from ('fd00::200:0:0:e', 8765, 0, 0): b' 1311,14,11,1280,0,216,2,3,7,1,1,-70,0,694,9231,75,0,0 '
Received from ('fd00::200:0:0:5', 8765, 0, 0): b' 1313,5,4,768,0,220,5,1,6,1,1,-52,0,597,6747,86,0,0 '
Received from ('fd00::200:0:0:14', 8765, 0, 0): b' 1311,20,16,1536,0,215,4,5,7,1,1,-52,0,586,9649,70,0,0 '
Received from ('fd00::200:0:0:d', 8765, 0, 0): b' 1313,13,8,1024,0,193,3,3,7,1,1,-70,5,2363,20247,78,0,0 '
Received from ('fd00::200:0:0:6', 8765, 0, 0): b' 1312,6,2,768,0,169,1,13,7,1,1,-52,0,522,5502,37,0,0 '
Received from ('fd00::200:0:0:9', 8765, 0, 0): b' 1314,9,4,768,0,151,7,13,6,1,4,-70,0,277,5496,37,0,0 '
Received from ('fd00::200:0:0:11', 8765, 0, 0): b' 1313,17,13,1280,0,196,9,5,7,1,3,-52,1,984,10015,69,0,0 '
Received from ('fd00::200:0:0:8', 8765, 0, 0): b' 1314,8,4,768,0,197,3,6,7,1,1,-52,9,3853,28031,83,0,0 '
Received from ('fd00::200:0:0:2', 8765, 0, 0): b' 1314,2,1,512,0,198,4,1,6,1,1,-88,1,725,7978,87,0,0 '
Received from ('fd00::200:0:0:3', 8765, 0, 0): b' 1314,3,1,512,0,228,4,2,7,1,1,-64,4,1110,11309,86,0,0 '
Received from ('fd00::200:0:0:c', 8765, 0, 0): b' 1314,12,8,1024,10,149,6,16,7,1,3,-52,0,908,11088,37,0,0 '
Received from ('fd00::200:0:0:15', 8765, 0, 0): b' 1315,21,17,1536,0,175,2,7,5,1,1,-52,0,468,5144,61,0,0 '
Received from ('fd00::200:0:0:7', 8765, 0, 0): b' 1316,7,3,768,20,226,3,2,7,1,1,-52,3,2115,17920,85,0,0 '
Received from ('fd00::200:0:0:10', 8765, 0, 0): b' 1316,16,13,1280,0,225,3,4,7,1,1,-70,2,1453,19390,77,0,0 '
Received from ('fd00::200:0:0:f', 8765, 0, 0): b' 1315,15,10,1280,0,216,4,9,7,1,2,-70,1,1140,11609,75,0,0 '
Received from ('fd00::200:0:0:12', 8765, 0, 0): b' 1316,18,15,1536,0,207,3,4,5,1,1,-70,0,385,6201,76,0,0 '
Received from ('fd00::200:0:0:b', 8765, 0, 0): b' 1317,11,8,1024,0,227,4,4,7,1,2,-70,1,1275,17372,76,0,0 '
Received from ('fd00::200:0:0:6', 8765, 0, 0): b' 1316,6,2,768,0,171,1,13,7,1,1,-52,0,393,4798,37,0,0 '
Received from ('fd00::200:0:0:4', 8765, 0, 0): b' 1318,4,1,512,20,224,4,1,7,2,1,-66,10,3847,25985,86,0,0 '
Received from ('fd00::200:0:0:14', 8765, 0, 0): b' 1317,20,16,1536,0,218,4,5,7,1,1,-52,0,599,6230,70,0,0 '
Received from ('fd00::200:0:0:1', 5678, 0, 0): b' 1319,1,0,256,0,6,0,0,4,0,0,0,10,1967,21833,1433,0,0 '
Received from ('fd00::200:0:0:e', 8765, 0, 0): b' 1318,14,11,1280,10,216,2,3,7,1,1,-70,0,375,6450,75,0,0 '
Received from ('fd00::200:0:0:13', 8765, 0, 0): b' 1320,19,16,1536,0,228,3,4,7,1,1,-70,0,703,8941,74,0,0 '
Received from ('fd00::200:0:0:a', 8765, 0, 0): b' 1321,10,7,1024,0,217,3,4,7,1,1,-70,2,1437,16794,82,0,0 '
Received from ('fd00::200:0:0:c', 8765, 0, 0): b' 1321,12,8,1024,0,149,6,16,7,1,3,-52,0,280,5056,37,0,0 '
Received from ('fd00::200:0:0:11', 8765, 0, 0): b' 1320,17,13,1280,0,196,9,5,7,1,3,-52,1,687,8447,69,0,0 '
Received from ('fd00::200:0:0:8', 8765, 0, 0): b' 1322,8,4,768,10,199,3,6,7,1,1,-52,9,2671,19724,83,0,0 '
Received from ('fd00::200:0:0:6', 8765, 0, 0): b' 1321,6,2,768,0,172,1,13,7,1,1,-52,0,359,4042,37,0,0 '
Received from ('fd00::200:0:0:5', 8765, 0, 0): b' 1322,5,4,768,10,223,5,1,6,1,1,-52,0,704,11474,87,0,0 '
Received from ('fd00::200:0:0:7', 8765, 0, 0): b' 1324,7,3,768,10,230,3,2,7,1,1,-52,3,1768,15461,85,0,0 '
Received from ('fd00::200:0:0:d', 8765, 0, 0): b' 1324,13,8,1024,10,195,3,3,7,1,1,-70,5,2323,23147,79,0,0 '
Received from ('fd00::200:0:0:2', 8765, 0, 0): b' 1324,2,1,512,0,200,4,1,6,1,1,-88,1,1181,14968,87,0,0 '
Received from ('fd00::200:0:0:13', 8765, 0, 0): b' 1324,19,16,1536,0,230,3,4,7,1,1,-70,0,468,4466,74,0,0 '
Received from ('fd00::200:0:0:9', 8765, 0, 0): b' 1326,9,4,768,0,153,7,13,6,1,4,-70,0,709,10682,38,0,0 '
Received from ('fd00::200:0:0:12', 8765, 0, 0): b' 1324,18,15,1536,0,210,3,4,5,1,1,-70,0,776,7945,77,0,0 '
Received from ('fd00::200:0:0:15', 8765, 0, 0): b' 1324,21,17,1536,0,178,2,7,5,1,1,-52,0,776,8181,62,0,0 '
Received from ('fd00::200:0:0:f', 8765, 0, 0): b' 1325,15,10,1280,0,218,4,9,7,1,2,-70,1,1306,13979,76,0,0 '
Received from ('fd00::200:0:0:11', 8765, 0, 0): b' 1325,17,13,1280,0,197,9,5,7,1,3,-52,1,701,7103,70,0,0 '
Received from ('fd00::200:0:0:14', 8765, 0, 0): b' 1327,20,16,1536,0,222,4,5,7,1,1,-52,0,883,8910,71,0,0 '
Received from ('fd00::200:0:0:6', 8765, 0, 0): b' 1325,6,2,768,10,173,1,13,7,1,1,-52,0,308,4378,38,0,0 '
Received from ('fd00::200:0:0:3', 8765, 0, 0): b' 1326,3,1,512,10,232,4,2,7,1,1,-64,4,2703,22295,87,0,0 '
Received from ('fd00::200:0:0:e', 8765, 0, 0): b' 1326,14,11,1280,0,219,2,3,7,1,1,-70,0,680,7699,76,0,0 '
Received from ('fd00::200:0:0:c', 8765, 0, 0): b' 1327,12,8,1024,10,152,6,16,7,1,3,-52,0,669,6857,38,0,0 '
Received from ('fd00::200:0:0:5', 8765, 0, 0): b' 1329,5,4,768,0,226,5,1,6,1,1,-52,0,789,8879,87,0,0 '
Received from ('fd00::200:0:0:b', 8765, 0, 0): b' 1329,11,8,1024,0,231,4,4,7,1,2,-70,1,1652,17352,77,0,0 '
Received from ('fd00::200:0:0:15', 8765, 0, 0): b' 1328,21,17,1536,0,178,2,7,5,1,1,-52,0,157,3876,62,0,0 '
Received from ('fd00::200:0:0:1', 5678, 0, 0): b' 1329,1,0,256,0,6,0,0,4,0,0,0,10,2338,24488,1447,0,0 '
Received from ('fd00::200:0:0:10', 8765, 0, 0): b' 1329,16,13,1280,0,226,3,4,7,1,1,-70,2,1951,22719,78,0,0 '
Received from ('fd00::200:0:0:4', 8765, 0, 0): b' 1330,4,1,512,0,227,4,1,7,2,1,-66,10,5636,33959,87,0,0 '
Received from ('fd00::200:0:0:a', 8765, 0, 0): b' 1331,10,7,1024,0,218,3,4,7,1,1,-70,2,1173,14975,83,0,0 '
Received from ('fd00::200:0:0:9', 8765, 0, 0): b' 1332,9,4,768,0,155,7,13,6,1,4,-70,0,491,5749,38,0,0 '
Received from ('fd00::200:0:0:f', 8765, 0, 0): b' 1330,15,10,1280,0,218,4,9,7,1,2,-70,1,368,5489,76,0,0 '
Received from ('fd00::200:0:0:14', 8765, 0, 0): b' 1331,20,16,1536,0,222,4,5,7,1,1,-52,0,278,4271,71,0,0 '
Received from ('fd00::200:0:0:7', 8765, 0, 0): b' 1333,7,3,768,0,233,3,2,7,1,1,-52,3,1666,14871,86,0,0 '
Received from ('fd00::200:0:0:13', 8765, 0, 0): b' 1331,19,16,1536,10,233,3,4,7,1,1,-70,0,516,6772,74,0,0 '
Received from ('fd00::200:0:0:2', 8765, 0, 0): b' 1332,2,1,512,0,202,4,1,6,1,1,-88,1,1002,12694,88,0,0 '
Received from ('fd00::200:0:0:d', 8765, 0, 0): b' 1333,13,8,1024,0,196,3,3,7,1,1,-70,5,2584,19426,80,0,0 '
Received from ('fd00::200:0:0:8', 8765, 0, 0): b' 1332,8,4,768,10,200,3,6,7,1,1,-52,9,4227,30057,84,0,0 '
Received from ('fd00::200:0:0:5', 8765, 0, 0): b' 1333,5,4,768,0,227,5,1,6,1,1,-52,0,345,5831,88,0,0 '
Received from ('fd00::200:0:0:6', 8765, 0, 0): b' 1332,6,2,768,0,174,1,13,7,1,1,-52,0,491,6498,38,0,0 '
Received from ('fd00::200:0:0:e', 8765, 0, 0): b' 1333,14,11,1280,10,221,2,3,7,1,1,-70,0,562,6416,76,0,0 '
Received from ('fd00::200:0:0:11', 8765, 0, 0): b' 1335,17,13,1280,20,202,9,5,7,1,3,-52,1,1250,12152,70,0,0 '
Received from ('fd00::200:0:0:b', 8765, 0, 0): b' 1336,11,8,1024,10,233,4,4,7,1,2,-70,1,833,11294,77,0,0 '
Received from ('fd00::200:0:0:12', 8765, 0, 0): b' 1335,18,15,1536,0,215,3,4,5,1,1,-70,0,982,11269,77,0,0 '
Received from ('fd00::200:0:0:1', 5678, 0, 0): b' 1337,1,0,256,0,6,0,0,4,0,0,0,10,1699,18272,1456,0,0 '
Received from ('fd00::200:0:0:10', 8765, 0, 0): b' 1338,16,13,1280,0,227,3,4,7,1,1,-70,2,1342,16710,78,0,0 '
Received from ('fd00::200:0:0:a', 8765, 0, 0): b' 1337,10,7,1024,0,221,3,4,7,1,1,-70,2,1100,10673,83,0,0 '
Received from ('fd00::200:0:0:e', 8765, 0, 0): b' 1338,14,11,1280,0,222,2,3,7,1,1,-70,0,442,4852,77,0,0 '
Received from ('fd00::200:0:0:3', 8765, 0, 0): b' 1337,3,1,512,30,235,4,2,7,1,1,-64,4,2199,19129,88,0,0 '
Received from ('fd00::200:0:0:7', 8765, 0, 0): b' 1338,7,3,768,10,235,3,2,7,1,1,-52,3,1100,9799,86,0,0 '
Received from ('fd00::200:0:0:14', 8765, 0, 0): b' 1338,20,16,1536,0,223,4,5,7,1,1,-52,0,379,5875,71,0,0 '
Received from ('fd00::200:0:0:8', 8765, 0, 0): b' 1338,8,4,768,20,201,3,6,7,1,1,-52,9,1960,13507,84,0,0 '
Received from ('fd00::200:0:0:5', 8765, 0, 0): b' 1338,5,4,768,0,229,5,1,6,1,1,-52,0,586,6846,88,0,0 '
Received from ('fd00::200:0:0:15', 8765, 0, 0): b' 1337,21,17,1536,0,179,2,7,5,1,1,-52,0,586,8755,63,0,0 '
Received from ('fd00::200:0:0:c', 8765, 0, 0): b' 1339,12,8,1024,0,153,6,16,7,1,3,-52,0,638,10897,38,0,0 '
Received from ('fd00::200:0:0:4', 8765, 0, 0): b' 1340,4,1,512,10,230,4,1,7,2,1,-66,10,4628,28003,88,0,0 '
Received from ('fd00::200:0:0:13', 8765, 0, 0): b' 1339,19,16,1536,10,236,3,4,7,1,1,-70,0,860,8184,75,0,0 '
Received from ('fd00::200:0:0:2', 8765, 0, 0): b' 1341,2,1,512,0,205,4,1,6,1,1,-88,1,1063,14161,89,0,0 '
Received from ('fd00::200:0:0:f', 8765, 0, 0): b' 1342,15,10,1280,0,218,4,9,7,1,2,-70,1,1108,14921,77,0,0 '
Received from ('fd00::200:0:0:9', 8765, 0, 0): b' 1342,9,4,768,0,158,7,13,6,1,4,-70,0,798,10614,39,0,0 '
Received from ('fd00::200:0:0:8', 8765, 0, 0): b' 1343,8,4,768,10,203,3,6,7,1,1,-52,9,1771,13290,85,0,0 '
Received from ('fd00::200:0:0:15', 8765, 0, 0): b' 1342,21,17,1536,0,180,2,7,5,1,1,-52,0,455,5337,63,0,0 '
Received from ('fd00::200:0:0:12', 8765, 0, 0): b' 1343,18,15,1536,0,219,3,4,5,1,1,-70,0,787,8031,78,0,0 '
Received from ('fd00::200:0:0:d', 8765, 0, 0): b' 1344,13,8,1024,0,197,3,3,7,1,1,-70,5,2306,22481,80,0,0 '
Received from ('fd00::200:0:0:b', 8765, 0, 0): b' 1345,11,8,1024,10,236,4,4,7,1,2,-70,1,1157,14328,78,0,0 '
Received from ('fd00::200:0:0:6', 8765, 0, 0): b' 1345,6,2,768,0,175,1,13,7,1,1,-52,0,608,11092,39,0,0 '
Received from ('fd00::200:0:0:14', 8765, 0, 0): b' 1346,20,16,1536,0,225,4,5,7,1,1,-52,0,638,8167,72,0,0 '
Received from ('fd00::200:0:0:3', 8765, 0, 0): b' 1346,3,1,512,0,236,4,2,7,1,1,-64,4,1323,13298,88,0,0 '
Received from ('fd00::200:0:0:11', 8765, 0, 0): b' 1345,17,13,1280,0,204,9,5,7,1,3,-52,1,1277,13979,71,0,0 '
Received from ('fd00::200:0:0:13', 8765, 0, 0): b' 1347,19,16,1536,0,239,3,4,7,1,1,-70,0,625,7237,75,0,0 '
Received from ('fd00::200:0:0:4', 8765, 0, 0): b' 1347,4,1,512,0,230,4,1,7,2,1,-66,10,3013,19292,88,0,0 '
Received from ('fd00::200:0:0:7', 8765, 0, 0): b' 1347,7,3,768,10,237,3,2,7,1,1,-52,3,1484,14968,87,0,0 '
Received from ('fd00::200:0:0:a', 8765, 0, 0): b' 1346,10,7,1024,0,222,3,4,7,1,1,-70,2,1117,14897,84,0,0 '
Received from ('fd00::200:0:0:c', 8765, 0, 0): b' 1348,12,8,1024,0,155,6,16,7,1,3,-52,0,597,8709,39,0,0 '
Received from ('fd00::200:0:0:f', 8765, 0, 0): b' 1347,15,10,1280,0,219,4,9,7,1,2,-70,1,646,7307,77,0,0 '
Received from ('fd00::200:0:0:5', 8765, 0, 0): b' 1347,5,4,768,0,231,5,1,6,1,1,-52,0,597,10586,89,0,0 '
Received from ('fd00::200:0:0:1', 5678, 0, 0): b' 1348,1,0,256,0,6,0,0,4,0,0,0,10,2594,26501,1470,0,0 '
Received from ('fd00::200:0:0:10', 8765, 0, 0): b' 1348,16,13,1280,0,229,3,4,7,1,1,-70,2,1910,20912,79,0,0 '
Received from ('fd00::200:0:0:15', 8765, 0, 0): b' 1348,21,17,1536,0,181,2,7,5,1,1,-52,0,361,4899,63,0,0 '
Received from ('fd00::200:0:0:8', 8765, 0, 0): b' 1348,8,4,768,10,206,3,6,7,1,1,-52,9,2565,15501,85,0,0 '
Received from ('fd00::200:0:0:d', 8765, 0, 0): b' 1349,13,8,1024,10,197,3,3,7,1,1,-70,5,1495,10913,81,0,0 '
Received from ('fd00::200:0:0:e', 8765, 0, 0): b' 1350,14,11,1280,0,223,2,3,7,1,1,-70,0,554,11129,77,0,0 '
Received from ('fd00::200:0:0:a', 8765, 0, 0): b' 1352,10,7,1024,10,224,3,4,7,1,1,-70,2,821,8358,84,0,0 '
Received from ('fd00::200:0:0:14', 8765, 0, 0): b' 1352,20,16,1536,0,227,4,5,7,1,1,-52,0,492,5994,72,0,0 '
Received from ('fd00::200:0:0:6', 8765, 0, 0): b' 1352,6,2,768,0,178,1,13,7,1,1,-52,0,622,7341,39,0,0 '
Received from ('fd00::200:0:0:3', 8765, 0, 0): b' 1352,3,1,512,10,239,4,2,7,1,1,-64,4,1554,11921,88,1,7 '
Received from ('fd00::200:0:0:2', 8765, 0, 0): b' 1352,2,1,512,0,209,4,1,6,1,1,-88,1,1422,17507,89,0,0 '
Received from ('fd00::200:0:0:13', 8765, 0, 0): b' 1352,19,16,1536,0,241,3,4,7,1,1,-70,0,548,5669,76,0,0 '
Received from ('fd00::200:0:0:12', 8765, 0, 0): b' 1352,18,15,1536,0,222,3,4,5,1,1,-70,0,720,7875,78,0,0 '
Received from ('fd00::200:0:0:4', 8765, 0, 0): b' 1353,4,1,512,0,231,4,1,7,2,1,-66,10,2641,18368,88,1,7 '
Received from ('fd00::200:0:0:9', 8765, 0, 0): b' 1353,9,4,768,0,160,7,13,6,1,4,-70,0,813,10781,40,0,0 '
Received from ('fd00::200:0:0:11', 8765, 0, 0): b' 1354,17,13,1280,0,208,9,5,7,1,3,-52,1,1140,11135,71,0,0 '
Received from ('fd00::200:0:0:b', 8765, 0, 0): b' 1355,11,8,1024,0,237,4,4,7,1,2,-70,1,1097,15184,79,0,0 '
Received from ('fd00::200:0:0:f', 8765, 0, 0): b' 1355,15,10,1280,0,220,4,9,7,1,2,-70,1,821,75091,78,0,0 '
Received from ('fd00::200:0:0:7', 8765, 0, 0): b' 1356,7,3,768,10,238,3,2,7,1,1,-52,3,1833,15434,87,0,0 '
Received from ('fd00::200:0:0:5', 8765, 0, 0): b' 1355,5,4,768,0,233,5,1,6,1,1,-52,0,514,9317,89,0,0 '
Received from ('fd00::200:0:0:e', 8765, 0, 0): b' 1355,14,11,1280,0,224,2,3,7,1,1,-70,0,418,5035,78,0,0 '
Received from ('fd00::200:0:0:10', 8765, 0, 0): b' 1355,16,13,1280,0,230,3,4,7,1,1,-70,2,1179,12853,79,0,0 '
Received from ('fd00::200:0:0:c', 8765, 0, 0): b' 1355,12,8,1024,20,157,6,16,7,1,3,-52,0,482,6883,40,0,0 '
Received from ('fd00::200:0:0:1', 5678, 0, 0): b' 1358,1,0,256,0,6,0,0,4,0,0,0,10,1907,22019,1482,0,0 '
Received from ('fd00::200:0:0:4', 8765, 0, 0): b' 1359,4,1,512,10,233,4,1,7,2,1,-66,10,2309,14681,88,1,7 '
Received from ('fd00::200:0:0:14', 8765, 0, 0): b' 1359,20,16,1536,0,230,4,5,7,1,1,-52,0,752,6977,73,0,0 '
Received from ('fd00::200:0:0:8', 8765, 0, 0): b' 1359,8,4,768,0,208,3,6,7,1,1,-52,9,3693,26775,85,1,7 '
Received from ('fd00::200:0:0:6', 8765, 0, 0): b' 1359,6,2,768,10,180,1,13,7,1,1,-52,0,643,7337,40,0,0 '
Received from ('fd00::200:0:0:12', 8765, 0, 0): b' 1360,18,15,1536,0,222,3,4,5,1,1,-70,0,358,6957,79,0,0 '
Received from ('fd00::200:0:0:13', 8765, 0, 0): b' 1359,19,16,1536,0,243,3,4,7,1,1,-70,0,516,7071,76,0,0 '
Received from ('fd00::200:0:0:7', 8765, 0, 0): b' 1360,7,3,768,10,239,3,2,7,1,1,-52,3,486,8130,87,0,0 '
Received from ('fd00::200:0:0:9', 8765, 0, 0): b' 1360,9,4,768,0,162,7,13,6,1,4,-70,0,491,6372,40,0,0 '
Received from ('fd00::200:0:0:15', 8765, 0, 0): b' 1360,21,17,1536,0,184,2,7,5,1,1,-52,0,824,10705,64,0,0 '
Received from ('fd00::200:0:0:a', 8765, 0, 0): b' 1360,10,7,1024,0,228,3,4,7,1,1,-70,2,1638,15222,85,0,0 '
Received from ('fd00::200:0:0:d', 8765, 0, 0): b' 1360,13,8,1024,20,200,3,3,7,1,1,-70,5,2632,22719,82,0,0 '
Received from ('fd00::200:0:0:e', 8765, 0, 0): b' 1361,14,11,1280,0,225,2,3,7,1,1,-70,0,385,5635,78,0,0 '
Received from ('fd00::200:0:0:11', 8765, 0, 0): b' 1360,17,13,1280,0,209,9,5,7,1,3,-52,1,732,7710,72,0,0 '
Received from ('fd00::200:0:0:5', 8765, 0, 0): b' 1361,5,4,768,0,236,5,1,6,1,1,-52,0,801,8489,90,0,0 '
Received from ('fd00::200:0:0:3', 8765, 0, 0): b' 1362,3,1,512,10,242,4,2,7,1,1,-64,4,2117,17582,88,1,7 '
Received from ('fd00::200:0:0:2', 8765, 0, 0): b' 1363,2,1,512,0,212,4,1,6,1,1,-88,1,1339,16539,89,1,7 '
Received from ('fd00::200:0:0:10', 8765, 0, 0): b' 1363,16,13,1280,10,232,3,4,7,1,1,-70,2,1261,15395,80,0,0 '
Received from ('fd00::200:0:0:4', 8765, 0, 0): b' 1364,4,1,512,0,233,4,1,7,2,1,-66,10,2722,15705,88,1,7 '
Received from ('fd00::200:0:0:b', 8765, 0, 0): b' 1366,11,8,1024,0,238,4,4,7,1,2,-70,1,1129,16512,79,0,0 '
Received from ('fd00::200:0:0:f', 8765, 0, 0): b' 1364,15,10,1280,10,222,4,9,7,1,2,-70,1,953,10934,79,0,0 '
Received from ('fd00::200:0:0:9', 8765, 0, 0): b' 1364,9,4,768,20,163,7,13,6,1,4,-70,0,359,4167,41,0,0 '
Received from ('fd00::200:0:0:8', 8765, 0, 0): b' 1365,8,4,768,20,210,3,6,7,1,1,-52,9,2398,16172,85,1,7 '
Received from ('fd00::200:0:0:d', 8765, 0, 0): b' 1365,13,8,1024,0,200,3,3,7,1,1,-70,5,1042,9947,82,0,0 '
Received from ('fd00::200:0:0:c', 8765, 0, 0): b' 1366,12,8,1024,0,160,6,16,7,1,3,-52,0,932,10840,40,0,0 '
Received from ('fd00::200:0:0:1', 5678, 0, 0): b' 1367,1,0,256,0,6,0,0,4,0,0,0,10,1983,22031,1493,0,0 '
Received from ('fd00::200:0:0:14', 8765, 0, 0): b' 1366,20,16,1536,0,232,4,5,7,1,1,-52,0,516,6555,73,0,0 '
Received from ('fd00::200:0:0:13', 8765, 0, 0): b' 1367,19,16,1536,0,246,3,4,7,1,1,-70,0,752,7468,77,0,0 '
Received from ('fd00::200:0:0:11', 8765, 0, 0): b' 1367,17,13,1280,0,211,9,5,7,1,3,-52,1,874,9715,72,0,0 '
Received from ('fd00::200:0:0:7', 8765, 0, 0): b' 1368,7,3,768,20,243,3,2,7,1,1,-52,3,1531,14100,87,1,7 '
Received from ('fd00::200:0:0:15', 8765, 0, 0): b' 1368,21,17,1536,0,186,2,7,5,1,1,-52,0,670,8270,65,0,0 '
Received from ('fd00::200:0:0:2', 8765, 0, 0): b' 1369,2,1,512,10,212,4,1,6,1,1,-88,1,478,8505,89,1,7 '
Received from ('fd00::200:0:0:e', 8765, 0, 0): b' 1369,14,11,1280,10,229,2,3,7,1,1,-70,0,776,8009,79,0,0 '
Received from ('fd00::200:0:0:9', 8765, 0, 0): b' 1369,9,4,768,0,164,7,13,6,1,4,-70,0,440,4946,41,0,0 '
Received from ('fd00::200:0:0:5', 8765, 0, 0): b' 1370,5,4,768,0,239,5,1,6,1,1,-52,0,620,10610,90,0,0 '
Received from ('fd00::200:0:0:c', 8765, 0, 0): b' 1370,12,8,1024,0,161,6,16,7,1,3,-52,0,418,4938,41,0,0 '
Received from ('fd00::200:0:0:3', 8765, 0, 0): b' 1371,3,1,512,0,246,4,2,7,1,1,-64,4,1868,15688,89,1,7 '
Received from ('fd00::200:0:0:12', 8765, 0, 0): b' 1371,18,15,1536,0,224,3,4,5,1,1,-70,0,693,10244,80,0,0 '
Received from ('fd00::200:0:0:8', 8765, 0, 0): b' 1370,8,4,768,0,210,3,6,7,1,1,-52,9,2258,15518,85,1,7 '
Received from ('fd00::200:0:0:6', 8765, 0, 0): b' 1371,6,2,768,10,184,1,13,7,1,1,-52,0,930,11865,41,0,0 '
Received from ('fd00::200:0:0:a', 8765, 0, 0): b' 1370,10,7,1024,0,230,3,4,7,1,1,-70,2,1345,16898,86,0,0 '
Received from ('fd00::200:0:0:b', 8765, 0, 0): b' 1370,11,8,1024,0,238,4,4,7,1,2,-70,1,744,10610,80,0,0 '
Received from ('fd00::200:0:0:f', 8765, 0, 0): b' 1370,15,10,1280,10,222,4,9,7,1,2,-70,1,717,10044,79,0,0 '
Received from ('fd00::200:0:0:d', 8765, 0, 0): b' 1371,13,8,1024,0,201,3,3,7,1,1,-70,5,1450,13397,82,0,0 '
Received from ('fd00::200:0:0:11', 8765, 0, 0): b' 1372,17,13,1280,0,211,9,5,7,1,3,-52,1,513,5952,73,0,0 '
Received from ('fd00::200:0:0:10', 8765, 0, 0): b' 1373,16,13,1280,10,234,3,4,7,1,1,-70,2,1626,19003,80,0,0 '
Received from ('fd00::200:0:0:4', 8765, 0, 0): b' 1375,4,1,512,0,234,4,1,7,2,1,-66,10,5108,30443,89,1,7 '
Received from ('fd00::200:0:0:14', 8765, 0, 0): b' 1374,20,16,1536,0,234,4,5,7,1,1,-52,0,572,8000,74,0,0 '
Received from ('fd00::200:0:0:13', 8765, 0, 0): b' 1374,19,16,1536,0,250,3,4,7,1,1,-70,0,730,7493,77,0,0 '
Received from ('fd00::200:0:0:2', 8765, 0, 0): b' 1375,2,1,512,0,213,4,1,6,1,1,-88,1,856,10440,90,1,7 '
Received from ('fd00::200:0:0:e', 8765, 0, 0): b' 1374,14,11,1280,0,229,2,3,7,1,1,-70,0,410,6380,79,0,0 '
Received from ('fd00::200:0:0:9', 8765, 0, 0): b' 1375,9,4,768,0,166,7,13,6,1,4,-70,0,490,6238,41,0,0 '
Received from ('fd00::200:0:0:5', 8765, 0, 0): b' 1376,5,4,768,10,242,5,1,6,1,1,-52,0,597,8127,91,0,0 '
Received from ('fd00::200:0:0:15', 8765, 0, 0): b' 1377,21,17,1536,0,187,2,7,5,1,1,-52,0,433,8578,65,0,0 '
Received from ('fd00::200:0:0:6', 8765, 0, 0): b' 1377,6,2,768,0,185,1,13,7,1,1,-52,0,385,5584,41,0,0 '
Received from ('fd00::200:0:0:1', 5678, 0, 0): b' 1378,1,0,256,0,6,0,0,4,0,0,0,10,2403,25177,1505,0,0 '
Received from ('fd00::200:0:0:c', 8765, 0, 0): b' 1378,12,8,1024,0,162,6,16,7,1,3,-52,0,409,7746,41,0,0 '
Received from ('fd00::200:0:0:a', 8765, 0, 0): b' 1377,10,7,1024,0,232,3,4,7,1,1,-70,2,927,11227,86,0,0 '
Received from ('fd00::200:0:0:14', 8765, 0, 0): b' 1378,20,16,1536,0,237,4,5,7,1,1,-52,0,575,4555,74,0,0 '
Received from ('fd00::200:0:0:12', 8765, 0, 0): b' 1379,18,15,1536,0,227,3,4,5,1,1,-70,0,721,7352,80,0,0 '
Received from ('fd00::200:0:0:f', 8765, 0, 0): b' 1379,15,10,1280,0,224,4,9,7,1,2,-70,1,1066,11087,80,0,0 '
Received from ('fd00::200:0:0:b', 8765, 0, 0): b' 1378,11,8,1024,0,243,4,4,7,1,2,-70,1,1096,12412,80,0,0 '
Received from ('fd00::200:0:0:2', 8765, 0, 0): b' 1380,2,1,512,0,213,4,1,6,1,1,-88,1,624,7349,90,1,7 '
Received from ('fd00::200:0:0:7', 8765, 0, 0): b' 1380,7,3,768,0,245,3,2,7,1,1,-52,3,2396,20539,88,1,7 '
Received from ('fd00::200:0:0:d', 8765, 0, 0): b' 1380,13,8,1024,0,204,3,3,7,1,1,-70,5,2270,18161,83,0,0 '
Received from ('fd00::200:0:0:8', 8765, 0, 0): b' 1381,8,4,768,0,211,3,6,7,1,1,-52,9,3722,25703,86,1,7 '
Received from ('fd00::200:0:0:11', 8765, 0, 0): b' 1380,17,13,1280,0,214,9,5,7,1,3,-52,1,1083,12481,73,0,0 '
Received from ('fd00::200:0:0:6', 8765, 0, 0): b' 1382,6,2,768,0,186,1,13,7,1,1,-52,0,439,4899,42,0,0 '
Received from ('fd00::200:0:0:3', 8765, 0, 0): b' 1383,3,1,512,0,249,4,2,7,1,1,-64,4,2613,21058,90,1,7 '
Received from ('fd00::200:0:0:9', 8765, 0, 0): b' 1383,9,4,768,0,168,7,13,6,1,4,-70,0,570,7813,42,0,0 '
Received from ('fd00::200:0:0:13', 8765, 0, 0): b' 1382,19,16,1536,0,250,3,4,7,1,1,-70,0,479,8530,78,0,0 '
Received from ('fd00::200:0:0:e', 8765, 0, 0): b' 1382,14,11,1280,0,230,2,3,7,1,1,-70,0,465,7914,80,0,0 '
Received from ('fd00::200:0:0:5', 8765, 0, 0): b' 1384,5,4,768,0,244,5,1,6,1,1,-52,0,695,9670,91,0,0 '
Received from ('fd00::200:0:0:4', 8765, 0, 0): b' 1385,4,1,512,20,236,4,1,7,2,1,-66,10,4700,28794,90,1,7 '
Received from ('fd00::200:0:0:10', 8765, 0, 0): b' 1384,16,13,1280,0,234,3,4,7,1,1,-70,2,1844,22734,81,0,0 '
Received from ('fd00::200:0:0:d', 8765, 0, 0): b' 1385,13,8,1024,10,205,3,3,7,1,1,-70,5,1230,10746,83,0,0 '
Received from ('fd00::200:0:0:2', 8765, 0, 0): b' 1387,2,1,512,10,215,4,1,6,1,1,-88,1,934,10758,91,1,7 '
Received from ('fd00::200:0:0:1', 5678, 0, 0): b' 1387,1,0,256,0,6,0,0,4,0,0,0,10,2129,22368,1521,0,0 '
Received from ('fd00::200:0:0:14', 8765, 0, 0): b' 1385,20,16,1536,0,239,4,5,7,1,1,-52,0,572,7566,75,0,0 '
Received from ('fd00::200:0:0:8', 8765, 0, 0): b' 1387,8,4,768,0,212,3,6,7,1,1,-52,9,2499,17485,87,1,7 '
Received from ('fd00::200:0:0:9', 8765, 0, 0): b' 1387,9,4,768,0,168,7,13,6,1,4,-70,0,252,3900,42,0,0 '
Received from ('fd00::200:0:0:15', 8765, 0, 0): b' 1387,21,17,1536,0,191,2,7,5,1,1,-52,0,907,9538,66,0,0 '
Received from ('fd00::200:0:0:3', 8765, 0, 0): b' 1388,3,1,512,20,249,4,2,7,1,1,-64,4,656,8918,90,1,7 '
Received from ('fd00::200:0:0:7', 8765, 0, 0): b' 1387,7,3,768,0,247,3,2,7,1,1,-52,3,1110,12656,88,1,7 '
Received from ('fd00::200:0:0:c', 8765, 0, 0): b' 1388,12,8,1024,0,165,6,16,7,1,3,-52,0,800,10222,42,0,0 '
Received from ('fd00::200:0:0:f', 8765, 0, 0): b' 1387,15,10,1280,0,226,4,9,7,1,2,-70,1,877,10928,80,0,0 '
Received from ('fd00::200:0:0:b', 8765, 0, 0): b' 1389,11,8,1024,10,247,4,4,7,1,2,-70,1,1428,17126,81,0,0 '
Received from ('fd00::200:0:0:e', 8765, 0, 0): b' 1389,14,11,1280,0,232,2,3,7,1,1,-70,0,589,5797,80,0,0 '
Received from ('fd00::200:0:0:a', 8765, 0, 0): b' 1389,10,7,1024,10,233,3,4,7,1,1,-70,2,1427,18415,87,0,0 '
Received from ('fd00::200:0:0:11', 8765, 0, 0): b' 1389,17,13,1280,0,215,9,5,7,1,3,-52,1,936,11370,74,0,0 '
Received from ('fd00::200:0:0:12', 8765, 0, 0): b' 1390,18,15,1536,0,231,3,4,5,1,1,-70,0,931,11550,81,0,0 '
Received from ('fd00::200:0:0:6', 8765, 0, 0): b' 1390,6,2,768,0,187,1,13,7,1,1,-52,0,504,8048,42,0,0 '
Received from ('fd00::200:0:0:13', 8765, 0, 0): b' 1390,19,16,1536,0,252,3,4,7,1,1,-70,0,516,7764,78,0,0 '
Received from ('fd00::200:0:0:1', 5678, 0, 0): b' 1392,1,0,256,0,6,0,0,4,0,0,0,10,1091,11794,1525,0,0 '
Received from ('fd00::200:0:0:10', 8765, 0, 0): b' 1390,16,13,1280,0,236,3,4,7,1,1,-70,2,1315,13460,82,0,0 '
Received from ('fd00::200:0:0:3', 8765, 0, 0): b' 1393,3,1,512,0,250,4,2,7,1,1,-64,4,1256,9346,90,1,7 '
Received from ('fd00::200:0:0:9', 8765, 0, 0): b' 1393,9,4,768,0,170,7,13,6,1,4,-70,0,490,5671,42,0,0 '
Received from ('fd00::200:0:0:4', 8765, 0, 0): b' 1394,4,1,512,0,239,4,1,7,2,1,-66,10,4403,26655,90,1,7 '
Received from ('fd00::200:0:0:15', 8765, 0, 0): b' 1394,21,17,1536,0,194,2,7,5,1,1,-52,0,696,6814,66,0,0 '
Received from ('fd00::200:0:0:5', 8765, 0, 0): b' 1394,5,4,768,0,247,5,1,6,1,1,-52,0,825,12720,92,0,0 '
Received from ('fd00::200:0:0:d', 8765, 0, 0): b' 1394,13,8,1024,0,207,3,3,7,1,1,-70,5,2392,20804,84,0,0 '
Received from ('fd00::200:0:0:14', 8765, 0, 0): b' 1395,20,16,1536,0,240,4,5,7,1,1,-52,0,530,8982,75,0,0 '
Received from ('fd00::200:0:0:2', 8765, 0, 0): b' 1396,2,1,512,0,216,4,1,6,1,1,-88,1,1032,14277,91,1,7 '
Received from ('fd00::200:0:0:e', 8765, 0, 0): b' 1394,14,11,1280,0,233,2,3,7,1,1,-70,0,441,6017,81,0,0 '
Received from ('fd00::200:0:0:12', 8765, 0, 0): b' 1396,18,15,1536,0,231,3,4,5,1,1,-70,0,279,5559,81,0,0 '
Received from ('fd00::200:0:0:f', 8765, 0, 0): b' 1396,15,10,1280,0,231,4,9,7,1,2,-70,1,1329,11754,81,0,0 '
Received from ('fd00::200:0:0:8', 8765, 0, 0): b' 1397,8,4,768,10,212,3,6,7,1,1,-52,9,3594,25563,87,1,7 '
Received from ('fd00::200:0:0:7', 8765, 0, 0): b' 1398,7,3,768,10,250,3,2,7,1,1,-52,3,1904,16892,89,1,7 '
Received from ('fd00::200:0:0:11', 8765, 0, 0): b' 1395,17,13,1280,10,217,9,5,7,1,3,-52,1,901,9193,74,0,0 '
Received from ('fd00::200:0:0:b', 8765, 0, 0): b' 1397,11,8,1024,0,249,4,4,7,1,2,-70,1,1074,12468,82,0,0 '
Received from ('fd00::200:0:0:4', 8765, 0, 0): b' 1399,4,1,512,0,240,4,1,7,2,1,-66,10,2231,12998,91,1,7 '
Received from ('fd00::200:0:0:9', 8765, 0, 0): b' 1398,9,4,768,0,172,7,13,6,1,4,-70,0,546,5931,43,0,0 '
Received from ('fd00::200:0:0:13', 8765, 0, 0): b' 1396,19,16,1536,0,253,3,4,7,1,1,-70,0,441,6527,79,0,0 '
Received from ('fd00::200:0:0:c', 8765, 0, 0): b' 1400,12,8,1024,0,170,6,16,7,1,3,-52,0,1039,11344,43,0,0 '
Received from ('fd00::200:0:0:a', 8765, 0, 0): b' 1399,10,7,1024,0,234,3,4,7,1,1,-70,2,1500,16679,88,0,0 '
Received from ('fd00::200:0:0:10', 8765, 0, 0): b' 1398,16,13,1280,0,238,3,4,7,1,1,-70,2,1278,15577,82,0,0 '
Received from ('fd00::200:0:0:8', 8765, 0, 0): b' 1401,8,4,768,20,214,3,6,7,1,1,-52,9,1967,11797,87,1,7 '
Received from ('fd00::200:0:0:6', 8765, 0, 0): b' 1401,6,2,768,10,187,1,13,7,1,1,-52,0,477,9829,43,0,0 '
Received from ('fd00::200:0:0:f', 8765, 0, 0): b' 1400,15,10,1280,10,232,4,9,7,1,2,-70,1,564,6165,81,0,0 '
Received from ('fd00::200:0:0:1', 5678, 0, 0): b' 1402,1,0,256,0,6,0,0,4,0,0,0,10,2215,23658,1540,0,0 '
Received from ('fd00::200:0:0:d', 8765, 0, 0): b' 1401,13,8,1024,0,211,3,3,7,1,1,-70,5,1778,11998,84,0,0 '
Received from ('fd00::200:0:0:4', 8765, 0, 0): b' 1404,4,1,512,0,240,4,1,7,2,1,-66,10,2044,13457,91,1,7 '
Received from ('fd00::200:0:0:9', 8765, 0, 0): b' 1403,9,4,768,0,173,7,13,6,1,4,-70,0,359,4561,43,0,0 '
Received from ('fd00::200:0:0:b', 8765, 0, 0): b' 1402,11,8,1024,0,250,4,4,7,1,2,-70,1,446,6472,82,0,0 '
Received from ('fd00::200:0:0:3', 8765, 0, 0): b' 1405,3,1,512,0,253,4,2,7,1,1,-64,4,2267,19976,91,1,7 '
Received from ('fd00::200:0:0:11', 8765, 0, 0): b' 1402,17,13,1280,0,221,9,5,7,1,3,-52,1,899,8803,75,0,0 '
Received from ('fd00::200:0:0:2', 8765, 0, 0): b' 1405,2,1,512,10,216,4,1,6,1,1,-88,1,778,12410,92,1,7 '
Received from ('fd00::200:0:0:10', 8765, 0, 0): b' 1403,16,13,1280,0,240,3,4,7,1,1,-70,2,582,7735,82,0,0 '
Received from ('fd00::200:0:0:5', 8765, 0, 0): b' 1405,5,4,768,10,248,5,1,6,1,1,-52,0,431,12717,92,0,0 '
Received from ('fd00::200:0:0:6', 8765, 0, 0): b' 1406,6,2,768,10,190,1,13,7,1,1,-52,0,468,4837,43,0,0 '
Received from ('fd00::200:0:0:15', 8765, 0, 0): b' 1404,21,17,1536,10,198,2,7,5,1,1,-52,0,824,11312,67,0,0 '
Received from ('fd00::200:0:0:14', 8765, 0, 0): b' 1405,20,16,1536,0,242,4,5,7,1,1,-52,0,693,10473,76,0,0 '
Received from ('fd00::200:0:0:e', 8765, 0, 0): b' 1406,14,11,1280,10,235,2,3,7,1,1,-70,0,703,10568,81,0,0 '
Received from ('fd00::200:0:0:13', 8765, 0, 0): b' 1405,19,16,1536,0,255,3,4,7,1,1,-70,0,637,8704,79,0,0 '
Received from ('fd00::200:0:0:7', 8765, 0, 0): b' 1409,7,3,768,10,253,3,2,7,1,1,-52,3,1800,18044,90,1,7 '
Received from ('fd00::200:0:0:9', 8765, 0, 0): b' 1408,9,4,768,0,174,7,13,6,1,4,-70,0,359,4355,43,0,0 '
Received from ('fd00::200:0:0:b', 8765, 0, 0): b' 1408,11,8,1024,0,250,4,4,7,1,2,-70,1,590,10298,82,0,0 '
Received from ('fd00::200:0:0:12', 8765, 0, 0): b' 1407,18,15,1536,10,235,3,4,5,1,1,-70,0,894,11106,82,0,0 '
Received from ('fd00::200:0:0:c', 8765, 0, 0): b' 1408,12,8,1024,0,172,6,16,7,1,3,-52,0,542,9138,43,0,0 '
Received from ('fd00::200:0:0:a', 8765, 0, 0): b' 1409,10,7,1024,0,236,3,4,7,1,1,-70,2,1280,15568,88,0,0 '
Received from ('fd00::200:0:0:2', 8765, 0, 0): b' 1410,2,1,512,0,216,4,1,6,1,1,-88,1,564,8216,92,1,7 '
Received from ('fd00::200:0:0:10', 8765, 0, 0): b' 1409,16,13,1280,10,241,3,4,7,1,1,-70,2,1060,10356,83,0,0 '
Received from ('fd00::200:0:0:3', 8765, 0, 0): b' 1410,3,1,512,10,255,4,2,7,1,1,-64,4,1492,10744,92,1,7 '
Received from ('fd00::200:0:0:8', 8765, 0, 0): b' 1410,8,4,768,0,218,3,7,7,1,1,-52,9,3577,23563,88,1,7 '
Received from ('fd00::200:0:0:d', 8765, 0, 0): b' 1411,13,8,1024,0,214,3,3,7,1,1,-70,5,2494,20879,85,0,0 '
Received from ('fd00::200:0:0:15', 8765, 0, 0): b' 1409,21,17,1536,0,198,2,7,5,1,1,-52,0,387,4874,67,0,0 '
Received from ('fd00::200:0:0:5', 8765, 0, 0): b' 1411,5,4,768,0,250,5,1,6,1,1,-52,0,672,7380,93,0,0 '
Received from ('fd00::200:0:0:4', 8765, 0, 0): b' 1413,4,1,512,0,241,4,1,7,2,1,-66,10,4711,27007,92,1,7 '
Received from ('fd00::200:0:0:1', 5678, 0, 0): b' 1413,1,0,256,0,6,0,0,4,0,0,0,10,2377,25819,1555,0,0 '
Received from ('fd00::200:0:0:6', 8765, 0, 0): b' 1413,6,2,768,0,193,1,13,7,1,1,-52,0,846,7918,44,0,0 '
Received from ('fd00::200:0:0:f', 8765, 0, 0): b' 1412,15,10,1280,10,235,4,9,7,1,2,-70,1,1352,15625,82,0,0 '
Received from ('fd00::200:0:0:13', 8765, 0, 0): b' 1412,19,16,1536,0,259,3,4,7,1,1,-70,0,762,6394,80,0,0 '
Received from ('fd00::200:0:0:9', 8765, 0, 0): b' 1414,9,4,768,0,175,7,13,6,1,4,-70,0,439,5869,44,0,0 '
Received from ('fd00::200:0:0:11', 8765, 0, 0): b' 1414,17,13,1280,0,224,9,5,7,1,3,-52,1,1413,13860,75,0,0 '
Received from ('fd00::200:0:0:d', 8765, 0, 0): b' 1414,13,8,1024,0,215,3,3,7,1,1,-70,5,1159,8888,85,0,0 '
Received from ('fd00::200:0:0:12', 8765, 0, 0): b' 1414,18,15,1536,0,238,3,4,5,1,1,-70,0,764,6948,83,0,0 '
Received from ('fd00::200:0:0:3', 8765, 0, 0): b' 1417,3,1,512,0,257,4,2,7,1,1,-64,4,1488,11897,92,1,7 '
Received from ('fd00::200:0:0:8', 8765, 0, 0): b' 1417,8,4,768,10,220,3,8,7,1,1,-52,9,2520,17805,89,1,7 '
Received from ('fd00::200:0:0:4', 8765, 0, 0): b' 1417,4,1,512,0,241,4,1,7,2,1,-66,10,1873,12354,92,1,7 '
Received from ('fd00::200:0:0:10', 8765, 0, 0): b' 1416,16,13,1280,0,244,3,4,7,1,1,-70,2,1365,13920,83,0,0 '
Received from ('fd00::200:0:0:a', 8765, 0, 0): b' 1416,10,7,1024,0,236,3,4,7,1,1,-70,2,962,11377,89,0,0 '
Received from ('fd00::200:0:0:15', 8765, 0, 0): b' 1414,21,17,1536,10,199,2,7,5,1,1,-52,0,417,4942,68,0,0 '
Received from ('fd00::200:0:0:b', 8765, 0, 0): b' 1418,11,8,1024,0,252,4,4,7,1,2,-70,1,958,14033,83,0,0 '
Received from ('fd00::200:0:0:f', 8765, 0, 0): b' 1417,15,10,1280,0,236,4,9,7,1,2,-70,1,787,6041,82,0,0 '
Received from ('fd00::200:0:0:6', 8765, 0, 0): b' 1418,6,2,768,0,196,1,13,7,1,1,-52,0,639,5430,44,0,0 '
Received from ('fd00::200:0:0:14', 8765, 0, 0): b' 1417,20,16,1536,0,245,4,5,7,1,1,-52,0,825,10918,77,0,0 '
Received from ('fd00::200:0:0:c', 8765, 0, 0): b' 1419,12,8,1024,10,175,6,16,7,1,3,-52,0,848,10163,44,0,0 '
Received from ('fd00::200:0:0:e', 8765, 0, 0): b' 1418,14,11,1280,10,237,2,3,7,1,1,-70,0,719,11002,82,0,0 '
Received from ('fd00::200:0:0:2', 8765, 0, 0): b' 1419,2,1,512,0,217,4,1,6,1,1,-88,1,1391,15681,93,1,7 '
Received from ('fd00::200:0:0:7', 8765, 0, 0): b' 1420,7,3,768,0,260,3,3,7,1,1,-52,3,2782,20420,90,1,7 '
Received from ('fd00::200:0:0:13', 8765, 0, 0): b' 1420,19,16,1536,0,260,3,4,7,1,1,-70,0,385,6037,80,0,0 '
Received from ('fd00::200:0:0:9', 8765, 0, 0): b' 1421,9,4,768,0,175,7,13,6,1,4,-70,0,300,6519,44,0,0 '
Received from ('fd00::200:0:0:11', 8765, 0, 0): b' 1421,17,13,1280,0,225,9,5,7,1,3,-52,1,727,8914,76,0,0 '
Received from ('fd00::200:0:0:5', 8765, 0, 0): b' 1422,5,4,768,10,252,5,1,6,1,1,-52,0,760,13261,94,0,0 '
Received from ('fd00::200:0:0:a', 8765, 0, 0): b' 1422,10,7,1024,0,237,3,4,7,1,1,-70,2,737,8460,89,0,0 '
Received from ('fd00::200:0:0:1', 5678, 0, 0): b' 1422,1,0,256,0,6,0,0,4,0,0,0,10,2091,21958,1565,0,0 '
Received from ('fd00::200:0:0:3', 8765, 0, 0): b' 1424,3,1,512,0,258,4,2,7,1,1,-64,4,1560,13390,92,1,7 '
Received from ('fd00::200:0:0:14', 8765, 0, 0): b' 1423,20,16,1536,0,247,4,5,7,1,1,-52,0,493,5736,77,0,0 '
Received from ('fd00::200:0:0:15', 8765, 0, 0): b' 1422,21,17,1536,0,201,2,7,5,1,1,-52,0,517,7515,68,0,0 '
Received from ('fd00::200:0:0:6', 8765, 0, 0): b' 1424,6,2,768,0,196,1,13,7,1,1,-52,0,276,5959,44,0,0 '
Received from ('fd00::200:0:0:12', 8765, 0, 0): b' 1424,18,15,1536,10,241,3,4,5,1,1,-70,0,744,9867,83,0,0 '
Received from ('fd00::200:0:0:4', 8765, 0, 0): b' 1426,4,1,512,0,243,4,1,7,2,1,-66,10,3704,23163,92,1,7 '
Received from ('fd00::200:0:0:8', 8765, 0, 0): b' 1425,8,4,768,0,222,3,8,7,1,1,-52,9,3308,21873,89,1,7 '
Received from ('fd00::200:0:0:7', 8765, 0, 0): b' 1427,7,3,768,10,262,3,3,7,1,1,-52,3,1217,10439,91,1,7 '
Received from ('fd00::200:0:0:f', 8765, 0, 0): b' 1426,15,10,1280,0,239,4,9,7,1,2,-70,1,1204,11750,83,0,0 '
Received from ('fd00::200:0:0:9', 8765, 0, 0): b' 1426,9,4,768,10,177,7,13,6,1,4,-70,0,466,4815,45,0,0 '
Received from ('fd00::200:0:0:d', 8765, 0, 0): b' 1425,13,8,1024,10,220,3,3,7,1,1,-70,5,2847,24197,86,0,0 '
Received from ('fd00::200:0:0:10', 8765, 0, 0): b' 1426,16,13,1280,0,244,3,4,7,1,1,-70,2,1488,18319,84,0,0 '
Received from ('fd00::200:0:0:e', 8765, 0, 0): b' 1427,14,11,1280,0,240,2,3,7,1,1,-70,0,705,8707,83,0,0 '
Received from ('fd00::200:0:0:13', 8765, 0, 0): b' 1428,19,16,1536,0,261,3,4,7,1,1,-70,0,562,8338,81,0,0 '
Received from ('fd00::200:0:0:1', 5678, 0, 0): b' 1430,1,0,256,0,6,0,0,4,0,0,0,10,1604,17016,1579,0,0 '
Received from ('fd00::200:0:0:b', 8765, 0, 0): b' 1429,11,8,1024,0,256,4,4,7,1,2,-70,1,1630,18787,84,0,0 '
Received from ('fd00::200:0:0:c', 8765, 0, 0): b' 1429,12,8,1024,0,178,6,16,7,1,3,-52,0,826,10648,45,0,0 '
Received from ('fd00::200:0:0:2', 8765, 0, 0): b' 1430,2,1,512,0,218,4,1,6,1,1,-88,1,1201,16395,94,1,7 '
Received from ('fd00::200:0:0:4', 8765, 0, 0): b' 1431,4,1,512,0,243,4,1,7,2,1,-66,10,2476,15968,93,1,7 '
Received from ('fd00::200:0:0:10', 8765, 0, 0): b' 1432,16,13,1280,10,247,3,4,7,1,1,-70,2,931,10878,84,0,0 '
Received from ('fd00::200:0:0:3', 8765, 0, 0): b' 1432,3,1,512,10,260,4,2,7,1,1,-64,4,1747,15182,93,1,7 '
Received from ('fd00::200:0:0:11', 8765, 0, 0): b' 1433,17,13,1280,10,228,9,5,7,1,3,-52,1,1349,15168,77,0,0 '
Received from ('fd00::200:0:0:a', 8765, 0, 0): b' 1433,10,7,1024,10,239,3,4,7,1,1,-70,2,1419,16715,90,0,0 '
Received from ('fd00::200:0:0:5', 8765, 0, 0): b' 1433,5,4,768,0,253,5,1,6,1,1,-52,0,581,13303,94,0,0 '
Received from ('fd00::200:0:0:f', 8765, 0, 0): b' 1433,15,10,1280,0,242,4,9,7,1,2,-70,1,834,8587,83,0,0 '
Received from ('fd00::200:0:0:14', 8765, 0, 0): b' 1433,20,16,1536,0,249,4,5,7,1,1,-52,0,693,8998,78,0,0 '
Received from ('fd00::200:0:0:8', 8765, 0, 0): b' 1434,8,4,768,30,225,3,8,7,1,1,-52,9,3718,23733,90,1,7 '
Received from ('fd00::200:0:0:12', 8765, 0, 0): b' 1435,18,15,1536,0,245,3,4,5,1,1,-70,0,704,9336,84,0,0 '
Received from ('fd00::200:0:0:d', 8765, 0, 0): b' 1433,13,8,1024,0,221,3,3,7,1,1,-70,5,1962,15799,87,0,0 '
Received from ('fd00::200:0:0:9', 8765, 0, 0): b' 1435,9,4,768,0,180,7,13,6,1,4,-70,0,799,9158,45,0,0 '
Received from ('fd00::200:0:0:15', 8765, 0, 0): b' 1434,21,17,1536,10,206,2,7,5,1,1,-52,0,1008,9935,69,0,0 '
Received from ('fd00::200:0:0:6', 8765, 0, 0): b' 1436,6,2,768,0,201,1,13,7,1,1,-52,0,1036,10963,45,0,0 '
Received from ('fd00::200:0:0:b', 8765, 0, 0): b' 1437,11,8,1024,10,258,4,4,7,1,2,-70,1,771,11944,84,0,0 '
Received from ('fd00::200:0:0:f', 8765, 0, 0): b' 1437,15,10,1280,0,242,4,10,7,1,2,-70,1,513,5605,83,0,0 '
Received from ('fd00::200:0:0:e', 8765, 0, 0): b' 1436,14,11,1280,10,244,2,3,7,1,1,-70,0,827,8887,83,0,0 '
Received from ('fd00::200:0:0:3', 8765, 0, 0): b' 1437,3,1,512,20,260,4,2,7,1,1,-64,4,1146,8847,93,1,7 '
Received from ('fd00::200:0:0:7', 8765, 0, 0): b' 1438,7,3,768,0,263,3,3,7,1,1,-52,3,2107,19542,92,1,7 '
Received from ('fd00::200:0:0:4', 8765, 0, 0): b' 1438,4,1,512,0,244,4,1,7,2,1,-66,10,3179,19122,93,1,7 '
Received from ('fd00::200:0:0:10', 8765, 0, 0): b' 1438,16,13,1280,10,249,3,4,7,1,1,-70,2,1114,11921,85,0,0 '
Received from ('fd00::200:0:0:13', 8765, 0, 0): b' 1438,19,16,1536,0,262,3,4,7,1,1,-70,0,531,8826,81,0,0 '
Received from ('fd00::200:0:0:a', 8765, 0, 0): b' 1439,10,7,1024,10,241,3,4,7,1,1,-70,2,1142,10616,90,0,0 '
Received from ('fd00::200:0:0:2', 8765, 0, 0): b' 1440,2,1,512,10,223,4,1,6,1,1,-88,1,1280,14264,94,1,7 '
Received from ('fd00::200:0:0:14', 8765, 0, 0): b' 1439,20,16,1536,0,250,4,5,7,1,1,-52,0,385,5748,78,0,0 '
Received from ('fd00::200:0:0:12', 8765, 0, 0): b' 1441,18,15,1536,0,246,3,4,5,1,1,-70,0,482,5407,84,0,0 '
Received from ('fd00::200:0:0:d', 8765, 0, 0): b' 1440,13,8,1024,0,223,3,3,7,1,1,-70,5,1666,14178,87,0,0 '
Received from ('fd00::200:0:0:1', 5678, 0, 0): b' 1441,1,0,256,0,6,0,0,4,0,0,0,10,2506,26870,1589,0,0 '
Received from ('fd00::200:0:0:15', 8765, 0, 0): b' 1441,21,17,1536,0,209,2,7,5,1,1,-52,0,625,6860,69,0,0 '
Received from ('fd00::200:0:0:5', 8765, 0, 0): b' 1441,5,4,768,0,255,5,1,6,1,1,-52,0,598,9245,95,0,0 '
Received from ('fd00::200:0:0:8', 8765, 0, 0): b' 1441,8,4,768,10,226,3,8,7,1,1,-52,9,2671,18698,90,1,7 '
Received from ('fd00::200:0:0:c', 8765, 0, 0): b' 1441,12,8,1024,10,185,6,16,7,1,3,-52,0,1090,11394,45,0,0 '
Received from ('fd00::200:0:0:3', 8765, 0, 0): b' 1442,3,1,512,0,260,4,2,7,1,1,-64,4,963,8944,94,1,7 '
Received from ('fd00::200:0:0:4', 8765, 0, 0): b' 1443,4,1,512,10,245,4,1,7,2,1,-66,10,2388,14148,94,1,7 '
Received from ('fd00::200:0:0:6', 8765, 0, 0): b' 1443,6,2,768,0,201,1,13,7,1,1,-52,0,358,7151,46,0,0 '
Received from ('fd00::200:0:0:b', 8765, 0, 0): b' 1443,11,8,1024,0,261,4,4,7,1,2,-70,1,1050,10414,85,0,0 '
Received from ('fd00::200:0:0:a', 8765, 0, 0): b' 1444,10,7,1024,20,241,3,4,7,1,1,-70,2,515,6719,91,0,0 '
Received from ('fd00::200:0:0:9', 8765, 0, 0): b' 1444,9,4,768,0,186,7,13,6,1,4,-70,0,998,9076,46,0,0 '
Received from ('fd00::200:0:0:14', 8765, 0, 0): b' 1443,20,16,1536,10,251,4,5,7,1,1,-52,0,361,3982,79,0,0 '
Received from ('fd00::200:0:0:e', 8765, 0, 0): b' 1444,14,11,1280,0,244,2,3,7,1,1,-70,0,456,6860,84,0,0 '
Received from ('fd00::200:0:0:11', 8765, 0, 0): b' 1444,17,13,1280,0,231,9,5,7,1,3,-52,1,1720,15463,77,0,0 '
Received from ('fd00::200:0:0:1', 5678, 0, 0): b' 1446,1,0,256,0,6,0,0,4,0,0,0,10,1216,11567,1599,0,0 '
Received from ('fd00::200:0:0:8', 8765, 0, 0): b' 1445,8,4,768,20,227,3,8,7,1,1,-52,9,2050,12435,90,1,7 '
Received from ('fd00::200:0:0:12', 8765, 0, 0): b' 1445,18,15,1536,10,248,3,4,5,1,1,-70,0,344,4944,85,0,0 '
Received from ('fd00::200:0:0:7', 8765, 0, 0): b' 1446,7,3,768,0,265,3,3,7,1,1,-52,3,1782,15398,92,1,7 '
Received from ('fd00::200:0:0:f', 8765, 0, 0): b' 1446,15,10,1280,0,247,4,10,7,1,2,-70,1,1530,13852,84,0,0 '
Received from ('fd00::200:0:0:2', 8765, 0, 0): b' 1448,2,1,512,0,225,4,1,6,1,1,-88,1,1069,13630,95,1,7 '
Received from ('fd00::200:0:0:13', 8765, 0, 0): b' 1447,19,16,1536,10,265,3,4,7,1,1,-70,0,679,8390,82,0,0 '
Received from ('fd00::200:0:0:3', 8765, 0, 0): b' 1449,3,1,512,0,260,4,2,7,1,1,-64,4,1384,10810,94,1,7 '
Received from ('fd00::200:0:0:d', 8765, 0, 0): b' 1448,13,8,1024,0,225,3,3,7,1,1,-70,5,2080,17836,88,0,0 '
Received from ('fd00::200:0:0:6', 8765, 0, 0): b' 1449,6,2,768,0,202,1,13,7,1,1,-52,0,359,5115,46,0,0 '
Received from ('fd00::200:0:0:a', 8765, 0, 0): b' 1449,10,7,1024,0,242,3,4,7,1,1,-70,2,931,9701,91,0,0 '
Received from ('fd00::200:0:0:9', 8765, 0, 0): b' 1449,9,4,768,0,187,7,13,6,1,4,-70,0,383,5371,46,0,0 '
Received from ('fd00::200:0:0:10', 8765, 0, 0): b' 1449,16,13,1280,0,252,3,4,7,1,1,-70,2,2082,22122,86,0,0 '
Received from ('fd00::200:0:0:e', 8765, 0, 0): b' 1449,14,11,1280,0,246,2,3,7,1,1,-70,0,492,5590,84,0,0 '
Received from ('fd00::200:0:0:14', 8765, 0, 0): b' 1449,20,16,1536,0,252,4,5,7,1,1,-52,0,442,6143,79,0,0 '
Received from ('fd00::200:0:0:b', 8765, 0, 0): b' 1451,11,8,1024,0,261,4,4,7,1,2,-70,1,793,11349,85,0,0 '
Received from ('fd00::200:0:0:1', 5678, 0, 0): b' 1451,1,0,256,0,6,0,0,4,0,0,0,10,1077,12702,1604,0,0 '
Received from ('fd00::200:0:0:8', 8765, 0, 0): b' 1450,8,4,768,10,229,3,8,7,1,1,-52,9,2257,14882,91,1,7 '
Received from ('fd00::200:0:0:c', 8765, 0, 0): b' 1451,12,8,1024,0,189,6,16,7,1,3,-52,0,1018,10249,46,0,0 '
Received from ('fd00::200:0:0:5', 8765, 0, 0): b' 1452,5,4,768,0,260,5,1,6,1,1,-52,0,979,13833,95,0,0 '
Received from ('fd00::200:0:0:15', 8765, 0, 0): b' 1452,21,17,1536,10,213,2,7,5,1,1,-52,0,907,10619,70,0,0 '
Received from ('fd00::200:0:0:4', 8765, 0, 0): b' 1453,4,1,512,0,248,4,1,7,2,1,-66,10,5212,30627,94,1,7 '
Received from ('fd00::200:0:0:12', 8765, 0, 0): b' 1454,18,15,1536,0,249,3,4,5,1,1,-70,0,614,7836,85,0,0 '
Received from ('fd00::200:0:0:9', 8765, 0, 0): b' 1453,9,4,768,0,188,7,13,6,1,4,-70,0,359,3978,46,0,0 '
Received from ('fd00::200:0:0:3', 8765, 0, 0): b' 1454,3,1,512,20,261,4,2,7,1,1,-64,4,960,8120,94,1,7 '
Received from ('fd00::200:0:0:13', 8765, 0, 0): b' 1453,19,16,1536,0,267,3,4,7,1,1,-70,0,517,6338,82,0,0 '
Received from ('fd00::200:0:0:11', 8765, 0, 0): b' 1454,17,13,1280,0,234,9,5,7,1,3,-52,1,1106,12846,78,0,0 '
Received from ('fd00::200:0:0:8', 8765, 0, 0): b' 1455,8,4,768,0,230,3,8,7,1,1,-52,9,1418,10177,91,1,7 '
Received from ('fd00::200:0:0:a', 8765, 0, 0): b' 1455,10,7,1024,10,244,3,4,7,1,1,-70,2,777,8826,91,0,0 '
Received from ('fd00::200:0:0:2', 8765, 0, 0): b' 1456,2,1,512,0,228,4,1,6,1,1,-88,1,1147,12859,95,1,7 '
Received from ('fd00::200:0:0:6', 8765, 0, 0): b' 1456,6,2,768,0,204,1,13,7,1,1,-52,0,611,7331,46,0,0 '
Received from ('fd00::200:0:0:14', 8765, 0, 0): b' 1456,20,16,1536,0,254,4,5,7,1,1,-52,0,492,6171,79,0,0 '
Received from ('fd00::200:0:0:d', 8765, 0, 0): b' 1457,13,8,1024,0,227,3,3,7,1,1,-70,5,2074,17395,88,0,0 '
Received from ('fd00::200:0:0:7', 8765, 0, 0): b' 1457,7,3,768,10,267,3,3,7,1,1,-52,3,1796,18890,93,1,7 '
Received from ('fd00::200:0:0:f', 8765, 0, 0): b' 1457,15,10,1280,0,248,4,10,7,1,2,-70,1,986,13681,85,0,0 '
Received from ('fd00::200:0:0:5', 8765, 0, 0): b' 1459,5,4,768,0,261,5,1,6,1,1,-52,0,537,8214,96,0,0 '
Received from ('fd00::200:0:0:b', 8765, 0, 0): b' 1458,11,8,1024,0,262,4,4,7,1,2,-70,1,702,11048,86,0,0 '
Received from ('fd00::200:0:0:e', 8765, 0, 0): b' 1457,14,11,1280,0,249,2,3,7,1,1,-70,0,679,7805,85,0,0 '
Received from ('fd00::200:0:0:1', 5678, 0, 0): b' 1459,1,0,256,0,6,0,0,4,0,0,0,10,2043,19980,1617,0,0 '
Received from ('fd00::200:0:0:10', 8765, 0, 0): b' 1457,16,13,1280,0,256,3,4,7,1,1,-70,2,1757,17159,86,0,0 '
Received from ('fd00::200:0:0:4', 8765, 0, 0): b' 1460,4,1,512,10,250,4,1,7,2,1,-66,10,3401,19786,95,1,7 '
Received from ('fd00::200:0:0:13', 8765, 0, 0): b' 1458,19,16,1536,0,269,3,4,7,1,1,-70,0,548,5743,83,0,0 '
Received from ('fd00::200:0:0:9', 8765, 0, 0): b' 1463,9,4,768,0,190,7,13,6,1,4,-70,0,738,8487,47,0,0 '
Received from ('fd00::200:0:0:c', 8765, 0, 0): b' 1462,12,8,1024,0,191,6,16,7,1,3,-52,0,695,10692,47,0,0 '
Received from ('fd00::200:0:0:e', 8765, 0, 0): b' 1462,14,11,1280,0,250,2,3,7,1,1,-70,0,361,4502,85,0,0 '
Received from ('fd00::200:0:0:a', 8765, 0, 0): b' 1462,10,7,1024,10,247,3,4,7,1,1,-70,2,1117,12737,92,0,0 '
Received from ('fd00::200:0:0:14', 8765, 0, 0): b' 1462,20,16,1536,0,255,4,5,7,1,1,-52,0,441,5575,80,0,0 '
Received from ('fd00::200:0:0:2', 8765, 0, 0): b' 1462,2,1,512,10,229,4,1,6,1,1,-88,1,890,10494,96,1,7 '
Received from ('fd00::200:0:0:11', 8765, 0, 0): b' 1462,17,13,1280,10,236,9,5,7,1,3,-52,1,989,11037,79,0,0 '
Received from ('fd00::200:0:0:6', 8765, 0, 0): b' 1463,6,2,768,0,207,1,13,7,1,1,-52,0,653,6718,47,0,0 '
Received from ('fd00::200:0:0:8', 8765, 0, 0): b' 1463,8,4,768,0,232,3,9,7,1,1,-52,9,3515,22479,92,1,7 '
Received from ('fd00::200:0:0:15', 8765, 0, 0): b' 1461,21,17,1536,0,216,2,7,5,1,1,-52,0,826,9990,71,0,0 '
Received from ('fd00::200:0:0:10', 8765, 0, 0): b' 1463,16,13,1280,0,257,3,4,7,1,1,-70,2,1056,11332,87,0,0 '
Received from ('fd00::200:0:0:5', 8765, 0, 0): b' 1464,5,4,768,0,264,5,1,6,1,1,-52,0,596,8341,96,0,0 '
Received from ('fd00::200:0:0:3', 8765, 0, 0): b' 1465,3,1,512,0,265,4,2,7,1,1,-64,4,2289,19880,95,1,7 '
Received from ('fd00::200:0:0:4', 8765, 0, 0): b' 1464,4,1,512,10,252,4,1,7,2,1,-66,10,2949,15686,95,1,7 '
Received from ('fd00::200:0:0:12', 8765, 0, 0): b' 1464,18,15,1536,0,253,3,4,5,1,1,-70,0,907,10930,86,0,0 '
Received from ('fd00::200:0:0:b', 8765, 0, 0): b' 1467,11,8,1024,0,266,4,4,7,1,2,-70,1,1370,15225,86,0,0 '
Received from ('fd00::200:0:0:7', 8765, 0, 0): b' 1468,7,3,768,10,270,3,3,7,1,1,-52,3,2116,18063,94,1,7 '
Received from ('fd00::200:0:0:f', 8765, 0, 0): b' 1466,15,10,1280,0,252,4,10,7,1,2,-70,1,1430,14182,86,0,0 '
Received from ('fd00::200:0:0:d', 8765, 0, 0): b' 1467,13,8,1024,0,229,3,3,7,1,1,-70,5,2362,22035,89,0,0 '
Received from ('fd00::200:0:0:1', 5678, 0, 0): b' 1469,1,0,256,0,6,0,0,4,0,0,0,10,2017,21818,1626,0,0 '
Received from ('fd00::200:0:0:12', 8765, 0, 0): b' 1468,18,15,1536,10,255,3,4,5,1,1,-70,0,469,4074,86,0,0 '
Received from ('fd00::200:0:0:c', 8765, 0, 0): b' 1469,12,8,1024,0,193,6,16,7,1,3,-52,0,608,7689,47,0,0 '
Received from ('fd00::200:0:0:2', 8765, 0, 0): b' 1470,2,1,512,0,230,4,1,6,1,1,-88,1,919,11313,96,1,7 '
Received from ('fd00::200:0:0:a', 8765, 0, 0): b' 1469,10,7,1024,0,248,3,4,7,1,1,-70,2,1226,11811,92,0,0 '
Received from ('fd00::200:0:0:13', 8765, 0, 0): b' 1468,19,16,1536,0,270,3,4,7,1,1,-70,0,531,9824,83,0,0 '
Received from ('fd00::200:0:0:15', 8765, 0, 0): b' 1470,21,17,1536,0,216,2,7,5,1,1,-52,0,302,7521,71,0,0 '
Received from ('fd00::200:0:0:14', 8765, 0, 0): b' 1470,20,16,1536,10,258,4,5,7,1,1,-52,0,637,8793,80,0,0 '
Received from ('fd00::200:0:0:8', 8765, 0, 0): b' 1472,8,4,768,20,234,3,10,7,1,1,-52,9,2892,22413,92,1,7 '
Received from ('fd00::200:0:0:10', 8765, 0, 0): b' 1471,16,13,1280,0,260,3,4,7,1,1,-70,2,1343,14623,87,0,0 '
Received from ('fd00::200:0:0:3', 8765, 0, 0): b' 1473,3,1,512,0,268,4,2,7,1,1,-64,4,2097,15575,96,1,7 '
Received from ('fd00::200:0:0:9', 8765, 0, 0): b' 1474,9,4,768,10,193,7,13,6,1,4,-70,0,751,10725,48,0,0 '
Received from ('fd00::200:0:0:b', 8765, 0, 0): b' 1473,11,8,1024,0,267,4,4,7,1,2,-70,1,614,8347,86,0,0 '
Received from ('fd00::200:0:0:6', 8765, 0, 0): b' 1473,6,2,768,0,212,1,13,7,1,1,-52,0,1024,11070,48,0,0 '
Received from ('fd00::200:0:0:4', 8765, 0, 0): b' 1474,4,1,512,0,254,4,1,7,2,1,-66,10,3538,24517,96,1,7 '
Received from ('fd00::200:0:0:e', 8765, 0, 0): b' 1473,14,11,1280,0,253,2,3,7,1,1,-70,0,824,10796,86,0,0 '
Received from ('fd00::200:0:0:a', 8765, 0, 0): b' 1474,10,7,1024,0,249,3,4,7,1,1,-70,2,595,7707,93,0,0 '
Received from ('fd00::200:0:0:11', 8765, 0, 0): b' 1473,17,13,1280,0,237,9,5,7,1,3,-52,1,1084,14438,79,0,0 '
Received from ('fd00::200:0:0:d', 8765, 0, 0): b' 1474,13,8,1024,0,231,3,3,7,1,1,-70,5,1689,13301,89,0,0 '
Received from ('fd00::200:0:0:1', 5678, 0, 0): b' 1477,1,0,256,0,6,0,0,4,0,0,0,10,1716,19077,1640,0,0 '
Received from ('fd00::200:0:0:2', 8765, 0, 0): b' 1477,2,1,512,10,230,4,1,6,1,1,-88,1,792,10582,97,1,7 '
Received from ('fd00::200:0:0:5', 8765, 0, 0): b' 1476,5,4,768,0,269,5,1,6,1,1,-52,0,1051,14481,97,0,0 '
Received from ('fd00::200:0:0:f', 8765, 0, 0): b' 1477,15,10,1280,0,253,4,10,7,1,2,-70,1,999,12586,86,0,0 '
Received from ('fd00::200:0:0:13', 8765, 0, 0): b' 1474,19,16,1536,0,271,3,4,7,1,1,-70,0,441,5600,84,0,0 '
Received from ('fd00::200:0:0:3', 8765, 0, 0): b' 1477,3,1,512,10,270,4,2,7,1,1,-64,4,1218,8309,96,1,7 '
Received from ('fd00::200:0:0:c', 8765, 0, 0): b' 1476,12,8,1024,0,195,6,16,7,1,3,-52,0,542,6712,48,0,0 '
Received from ('fd00::200:0:0:12', 8765, 0, 0): b' 1477,18,15,1536,0,258,3,4,5,1,1,-70,0,704,9021,87,0,0 '
Received from ('fd00::200:0:0:14', 8765, 0, 0): b' 1475,20,16,1536,10,260,4,5,7,1,1,-52,0,632,5822,81,0,0 '
Received from ('fd00::200:0:0:15', 8765, 0, 0): b' 1477,21,17,1536,0,218,2,7,5,1,1,-52,0,645,6871,72,0,0 '
Received from ('fd00::200:0:0:7', 8765, 0, 0): b' 1477,7,3,768,10,275,3,3,7,1,1,-52,3,2366,18857,94,1,7 '
Received from ('fd00::200:0:0:4', 8765, 0, 0): b' 1479,4,1,512,10,256,4,1,7,2,1,-66,10,2556,14920,96,1,7 '
Received from ('fd00::200:0:0:11', 8765, 0, 0): b' 1480,17,13,1280,0,239,9,5,7,1,3,-52,1,891,9524,80,0,0 '
Received from ('fd00::200:0:0:8', 8765, 0, 0): b' 1482,8,4,768,10,235,3,10,7,1,1,-52,9,3480,25298,93,1,7 '
Received from ('fd00::200:0:0:e', 8765, 0, 0): b' 1481,14,11,1280,0,254,2,3,7,1,1,-70,0,410,7907,86,0,0 '
Received from ('fd00::200:0:0:12', 8765, 0, 0): b' 1482,18,15,1536,0,261,3,4,5,1,1,-70,0,575,4587,87,0,0 '
Received from ('fd00::200:0:0:9', 8765, 0, 0): b' 1483,9,4,768,10,197,7,13,6,1,4,-70,0,821,9496,48,0,0 '
Received from ('fd00::200:0:0:3', 8765, 0, 0): b' 1484,3,1,512,0,270,4,2,7,1,1,-64,4,1132,9614,97,1,7 '
Received from ('fd00::200:0:0:10', 8765, 0, 0): b' 1482,16,13,1280,0,266,3,4,7,1,1,-70,2,2007,21517,88,0,0 '
Received from ('fd00::200:0:0:a', 8765, 0, 0): b' 1481,10,7,1024,0,251,3,4,7,1,1,-70,2,1345,13804,93,0,0 '
Received from ('fd00::200:0:0:1', 5678, 0, 0): b' 1484,1,0,256,0,6,0,0,4,0,0,0,10,1489,16332,1646,0,0 '
Received from ('fd00::200:0:0:5', 8765, 0, 0): b' 1483,5,4,768,0,270,5,1,6,1,1,-52,0,481,8107,97,0,0 '
Received from ('fd00::200:0:0:13', 8765, 0, 0): b' 1481,19,16,1536,0,272,3,4,7,1,1,-70,0,506,7418,84,0,0 '
Received from ('fd00::200:0:0:7', 8765, 0, 0): b' 1483,7,3,768,0,276,3,3,7,1,1,-52,3,1112,9478,95,1,7 '
Received from ('fd00::200:0:0:b', 8765, 0, 0): b' 1485,11,8,1024,0,270,4,4,7,1,2,-70,1,1336,18713,87,0,0 '
Received from ('fd00::200:0:0:15', 8765, 0, 0): b' 1483,21,17,1536,0,221,2,7,5,1,1,-52,0,599,6290,72,0,0 '
Received from ('fd00::200:0:0:2', 8765, 0, 0): b' 1485,2,1,512,0,234,4,1,6,1,1,-88,1,1036,13470,97,1,7 '
Received from ('fd00::200:0:0:d', 8765, 0, 0): b' 1485,13,8,1024,0,234,3,3,7,1,1,-70,5,2878,23545,90,0,0 '
Received from ('fd00::200:0:0:6', 8765, 0, 0): b' 1484,6,2,768,20,215,1,13,7,1,1,-52,0,637,10816,48,0,0 '
Received from ('fd00::200:0:0:c', 8765, 0, 0): b' 1487,12,8,1024,0,199,6,16,7,1,3,-52,0,851,10180,48,0,0 '
Received from ('fd00::200:0:0:14', 8765, 0, 0): b' 1485,20,16,1536,0,261,4,5,7,1,1,-52,0,531,9100,81,0,0 '
Received from ('fd00::200:0:0:a', 8765, 0, 0): b' 1485,10,7,1024,0,252,3,4,7,1,1,-70,2,349,6419,93,0,0 '
Received from ('fd00::200:0:0:3', 8765, 0, 0): b' 1488,3,1,512,10,274,4,2,7,1,1,-64,4,1137,7519,97,1,7 '
Received from ('fd00::200:0:0:12', 8765, 0, 0): b' 1486,18,15,1536,10,262,3,4,5,1,1,-70,0,361,4157,87,0,0 '
Received from ('fd00::200:0:0:f', 8765, 0, 0): b' 1487,15,10,1280,0,256,4,10,7,1,2,-70,1,1496,14551,87,0,0 '
Received from ('fd00::200:0:0:b', 8765, 0, 0): b' 1489,11,8,1024,0,272,4,4,7,1,2,-70,1,612,6542,87,0,0 '
Received from ('fd00::200:0:0:6', 8765, 0, 0): b' 1489,6,2,768,0,216,1,13,7,1,1,-52,0,542,5095,49,0,0 '
Received from ('fd00::200:0:0:11', 8765, 0, 0): b' 1489,17,13,1280,0,242,9,5,7,1,3,-52,1,1212,12074,81,0,0 '
Received from ('fd00::200:0:0:7', 8765, 0, 0): b' 1491,7,3,768,0,278,3,3,7,1,1,-52,3,1623,11530,95,1,7 '
Received from ('fd00::200:0:0:4', 8765, 0, 0): b' 1491,4,1,512,0,259,4,1,7,2,1,-66,10,4874,31112,97,1,7 '
Received from ('fd00::200:0:0:e', 8765, 0, 0): b' 1491,14,11,1280,0,256,2,3,7,1,1,-70,0,693,9026,87,0,0 '
Received from ('fd00::200:0:0:8', 8765, 0, 0): b' 1493,8,4,768,0,236,3,10,7,1,1,-52,9,4213,28983,94,1,7 '
Received from ('fd00::200:0:0:9', 8765, 0, 0): b' 1493,9,4,768,0,201,7,13,6,1,4,-70,0,1037,10694,49,0,0 '
Received from ('fd00::200:0:0:13', 8765, 0, 0): b' 1491,19,16,1536,10,274,3,4,7,1,1,-70,0,642,9048,85,0,0 '
Received from ('fd00::200:0:0:d', 8765, 0, 0): b' 1494,13,8,1024,10,238,3,3,7,1,1,-70,5,2079,17723,91,0,0 '
Received from ('fd00::200:0:0:3', 8765, 0, 0): b' 1495,3,1,512,0,275,4,2,7,1,1,-64,4,1518,12085,97,1,7 '
Received from ('fd00::200:0:0:1', 5678, 0, 0): b' 1494,1,0,256,0,6,0,0,4,0,0,0,10,2478,25880,1662,0,0 '
Received from ('fd00::200:0:0:a', 8765, 0, 0): b' 1496,10,7,1024,0,255,3,4,7,1,1,-70,2,1334,12673,94,0,0 '
Received from ('fd00::200:0:0:5', 8765, 0, 0): b' 1494,5,4,768,0,272,5,1,6,1,1,-52,0,736,13632,98,0,0 '
Received from ('fd00::200:0:0:10', 8765, 0, 0): b' 1496,16,13,1280,0,271,3,4,7,1,1,-70,2,2400,23115,89,0,0 '
Received from ('fd00::200:0:0:15', 8765, 0, 0): b' 1493,21,17,1536,10,223,2,7,5,1,1,-52,0,610,9868,73,0,0 '
Received from ('fd00::200:0:0:14', 8765, 0, 0): b' 1495,20,16,1536,0,266,4,5,7,1,1,-52,0,917,9768,82,0,0 '
Received from ('fd00::200:0:0:7', 8765, 0, 0): b' 1498,7,3,768,20,278,3,3,7,1,1,-52,3,677,10113,96,1,7 '
Received from ('fd00::200:0:0:2', 8765, 0, 0): b' 1497,2,1,512,0,238,4,1,6,1,1,-88,1,1694,18998,98,1,7 '
Received from ('fd00::200:0:0:c', 8765, 0, 0): b' 1497,12,8,1024,0,203,6,16,7,1,3,-52,0,902,10204,49,0,0 '
Received from ('fd00::200:0:0:b', 8765, 0, 0): b' 1498,11,8,1024,10,275,4,4,7,1,2,-70,1,998,13877,88,0,0 '
Received from ('fd00::200:0:0:f', 8765, 0, 0): b' 1496,15,10,1280,0,258,4,10,7,1,2,-70,1,809,11183,87,0,0 '
Received from ('fd00::200:0:0:6', 8765, 0, 0): b' 1497,6,2,768,0,218,1,13,7,1,1,-52,0,515,7562,49,0,0 '
Received from ('fd00::200:0:0:e', 8765, 0, 0): b' 1499,14,11,1280,0,259,2,3,7,1,1,-70,0,696,6634,87,0,0 '
Received from ('fd00::200:0:0:12', 8765, 0, 0): b' 1498,18,15,1536,0,265,3,4,5,1,1,-70,0,825,11019,88,0,0 '
Received from ('fd00::200:0:0:4', 8765, 0, 0): b' 1500,4,1,512,0,265,4,1,7,2,1,-66,10,4327,26466,97,1,7 '
Received from ('fd00::200:0:0:10', 8765, 0, 0): b' 1500,16,13,1280,10,272,3,4,7,1,1,-70,2,856,8975,89,0,0 '
Received from ('fd00::200:0:0:3', 8765, 0, 0): b' 1500,3,1,512,10,277,4,2,7,1,1,-64,4,1552,12356,98,1,7 '
Received from ('fd00::200:0:0:14', 8765, 0, 0): b' 1502,20,16,1536,10,268,4,5,7,1,1,-52,0,539,5134,82,0,0 '
Received from ('fd00::200:0:0:a', 8765, 0, 0): b' 1502,10,7,1024,0,256,3,4,7,1,1,-70,2,916,10250,94,0,0 '
Received from ('fd00::200:0:0:11', 8765, 0, 0): b' 1502,17,13,1280,0,244,9,5,7,1,3,-52,1,1091,14997,81,0,0 '
Received from ('fd00::200:0:0:8', 8765, 0, 0): b' 1503,8,4,768,20,238,3,10,7,1,1,-52,9,3582,26003,94,1,7 '
Received from ('fd00::200:0:0:b', 8765, 0, 0): b' 1503,11,8,1024,0,275,4,4,7,1,2,-70,1,682,7817,88,0,0 '
Received from ('fd00::200:0:0:e', 8765, 0, 0): b' 1504,14,11,1280,0,259,2,3,7,1,1,-70,0,237,4986,88,0,0 '
Received from ('fd00::200:0:0:9', 8765, 0, 0): b' 1504,9,4,768,0,203,7,13,6,1,4,-70,0,687,10069,50,0,0 '
Received from ('fd00::200:0:0:13', 8765, 0, 0): b' 1504,19,16,1536,0,277,3,4,7,1,1,-70,0,891,10994,86,0,0 '
Received from ('fd00::200:0:0:4', 8765, 0, 0): b' 1505,4,1,512,0,267,4,1,7,2,1,-66,10,2749,15679,98,1,7 '
Received from ('fd00::200:0:0:2', 8765, 0, 0): b' 1506,2,1,512,0,239,4,1,6,1,1,-88,1,1094,13683,99,1,7 '
Received from ('fd00::200:0:0:1', 5678, 0, 0): b' 1506,1,0,256,0,6,0,0,4,0,0,0,10,2754,27939,1680,0,0 '
Received from ('fd00::200:0:0:d', 8765, 0, 0): b' 1505,13,8,1024,20,242,3,3,7,1,1,-70,5,2741,22822,91,0,0 '
Received from ('fd00::200:0:0:5', 8765, 0, 0): b' 1506,5,4,768,0,276,5,1,6,1,1,-52,0,1027,14566,99,0,0 '
Received from ('fd00::200:0:0:12', 8765, 0, 0): b' 1504,18,15,1536,0,265,3,4,5,1,1,-70,0,359,7028,89,0,0 '
Received from ('fd00::200:0:0:c', 8765, 0, 0): b' 1506,12,8,1024,0,205,6,16,7,1,3,-52,0,597,8524,50,0,0 '
Received from ('fd00::200:0:0:8', 8765, 0, 0): b' 1507,8,4,768,30,240,3,10,7,1,1,-52,9,2032,11774,95,1,7 '
Received from ('fd00::200:0:0:7', 8765, 0, 0): b' 1508,7,3,768,0,279,3,3,7,1,1,-52,3,1934,17852,96,1,7 '
Received from ('fd00::200:0:0:f', 8765, 0, 0): b' 1507,15,10,1280,0,261,4,10,7,1,2,-70,1,1410,14621,88,0,0 '
Received from ('fd00::200:0:0:15', 8765, 0, 0): b' 1506,21,17,1536,0,226,2,7,5,1,1,-52,0,908,10969,74,0,0 '
Received from ('fd00::200:0:0:9', 8765, 0, 0): b' 1509,9,4,768,0,204,7,13,6,1,4,-70,0,384,4921,50,0,0 '
Received from ('fd00::200:0:0:6', 8765, 0, 0): b' 1508,6,2,768,0,220,1,13,7,1,1,-52,0,788,10424,50,0,0 '
Received from ('fd00::200:0:0:10', 8765, 0, 0): b' 1507,16,13,1280,0,273,3,4,7,1,1,-70,2,1138,14643,89,0,0 '
Received from ('fd00::200:0:0:a', 8765, 0, 0): b' 1510,10,7,1024,0,257,3,4,7,1,1,-70,2,1200,14304,95,0,0 '
Received from ('fd00::200:0:0:13', 8765, 0, 0): b' 1509,19,16,1536,10,280,3,4,7,1,1,-70,0,576,5180,86,0,0 '
Received from ('fd00::200:0:0:d', 8765, 0, 0): b' 1510,13,8,1024,20,243,3,3,7,1,1,-70,5,1270,10702,92,0,0 '
Received from ('fd00::200:0:0:11', 8765, 0, 0): b' 1509,17,13,1280,0,245,9,5,7,1,3,-52,1,848,9780,82,0,0 '
Received from ('fd00::200:0:0:14', 8765, 0, 0): b' 1510,20,16,1536,0,269,4,5,7,1,1,-52,0,587,8255,83,0,0 '
Received from ('fd00::200:0:0:8', 8765, 0, 0): b' 1512,8,4,768,10,242,3,10,7,1,1,-52,9,2177,13370,95,1,7 '
Received from ('fd00::200:0:0:3', 8765, 0, 0): b' 1511,3,1,512,0,279,5,2,7,1,1,-64,4,2201,19122,98,1,7 '
Received from ('fd00::200:0:0:b', 8765, 0, 0): b' 1512,11,8,1024,0,277,4,4,7,1,2,-70,1,1069,14051,89,0,0 '
Received from ('fd00::200:0:0:12', 8765, 0, 0): b' 1511,18,15,1536,0,266,3,4,5,1,1,-70,0,385,5462,89,0,0 '
Received from ('fd00::200:0:0:4', 8765, 0, 0): b' 1513,4,1,512,0,267,4,1,7,2,1,-66,10,3572,22278,98,1,7 '
Received from ('fd00::200:0:0:13', 8765, 0, 0): b' 1513,19,16,1536,0,282,3,4,7,1,1,-70,0,493,4590,86,0,0 '
Received from ('fd00::200:0:0:7', 8765, 0, 0): b' 1514,7,3,768,0,283,3,3,7,1,1,-52,3,1411,11990,97,1,7 '
Received from ('fd00::200:0:0:c', 8765, 0, 0): b' 1514,12,8,1024,0,209,6,16,7,1,3,-52,0,827,8914,50,0,0 '
Received from ('fd00::200:0:0:e', 8765, 0, 0): b' 1515,14,11,1280,0,264,2,3,7,1,1,-70,0,1055,10510,88,0,0 '
Received from ('fd00::200:0:0:6', 8765, 0, 0): b' 1514,6,2,768,0,224,1,13,7,1,1,-52,0,602,6195,50,0,0 '
Received from ('fd00::200:0:0:a', 8765, 0, 0): b' 1515,10,7,1024,0,257,3,4,7,1,1,-70,2,455,7604,95,0,0 '
Received from ('fd00::200:0:0:10', 8765, 0, 0): b' 1515,16,13,1280,10,273,3,4,7,1,1,-70,2,1168,14796,90,0,0 '
Received from ('fd00::200:0:0:3', 8765, 0, 0): b' 1515,3,1,512,10,280,5,2,7,1,1,-64,4,1071,8122,99,1,7 '
Received from ('fd00::200:0:0:1', 5678, 0, 0): b' 1518,1,0,256,0,6,0,0,4,0,0,0,10,2493,26661,1692,0,0 '
Received from ('fd00::200:0:0:d', 8765, 0, 0): b' 1517,13,8,1024,0,245,3,3,7,1,1,-70,5,1449,13597,92,0,0 '
Received from ('fd00::200:0:0:5', 8765, 0, 0): b' 1517,5,4,768,0,282,5,1,6,1,1,-52,0,1142,14107,100,0,0 '
Received from ('fd00::200:0:0:b', 8765, 0, 0): b' 1518,11,8,1024,0,278,4,4,7,1,2,-70,1,769,10373,89,0,0 '
Received from ('fd00::200:0:0:2', 8765, 0, 0): b' 1518,2,1,512,20,244,4,1,6,1,1,-88,1,1731,18579,100,1,7 '
Received from ('fd00::200:0:0:15', 8765, 0, 0): b' 1517,21,17,1536,0,229,2,7,5,1,1,-52,0,769,10675,74,0,0 '
Received from ('fd00::200:0:0:f', 8765, 0, 0): b' 1518,15,10,1280,0,262,4,10,7,1,2,-70,1,1026,13913,89,0,0 '
Received from ('fd00::200:0:0:4', 8765, 0, 0): b' 1519,4,1,512,10,267,4,1,7,2,1,-66,10,2583,17847,99,1,7 '
Received from ('fd00::200:0:0:8', 8765, 0, 0): b' 1519,8,4,768,30,244,3,10,7,1,1,-52,9,2693,19228,95,1,7 '
Received from ('fd00::200:0:0:9', 8765, 0, 0): b' 1521,9,4,768,0,207,7,13,6,1,4,-70,0,798,11041,51,0,0 '
Received from ('fd00::200:0:0:14', 8765, 0, 0): b' 1519,20,16,1536,0,270,4,5,7,1,1,-52,0,409,7818,83,0,0 '
Received from ('fd00::200:0:0:a', 8765, 0, 0): b' 1520,10,7,1024,0,257,3,4,7,1,1,-70,2,814,9586,96,0,0 '
Received from ('fd00::200:0:0:11', 8765, 0, 0): b' 1519,17,13,1280,10,246,9,5,7,1,3,-52,1,971,11952,82,0,0 '
Received from ('fd00::200:0:0:13', 8765, 0, 0): b' 1520,19,16,1536,0,283,3,4,7,1,1,-70,0,441,5972,87,0,0 '
Received from ('fd00::200:0:0:d', 8765, 0, 0): b' 1522,13,8,1024,0,246,3,3,7,1,1,-70,5,1456,10616,93,0,0 '
Received from ('fd00::200:0:0:15', 8765, 0, 0): b' 1522,21,17,1536,0,230,2,7,5,1,1,-52,0,442,4707,75,0,0 '
Received from ('fd00::200:0:0:10', 8765, 0, 0): b' 1523,16,13,1280,0,274,3,4,7,1,1,-70,2,1327,14364,90,0,0 '
Received from ('fd00::200:0:0:12', 8765, 0, 0): b' 1523,18,15,1536,0,267,3,4,5,1,1,-70,0,707,11078,90,0,0 '
Received from ('fd00::200:0:0:11', 8765, 0, 0): b' 1524,17,13,1280,10,246,9,5,7,1,3,-52,1,651,8095,83,0,0 '
Received from ('fd00::200:0:0:6', 8765, 0, 0): b' 1525,6,2,768,0,228,1,13,7,1,1,-52,0,971,10145,51,0,0 '
Received from ('fd00::200:0:0:7', 8765, 0, 0): b' 1524,7,3,768,20,285,3,3,7,1,1,-52,3,1755,17088,98,1,7 '
Received from ('fd00::200:0:0:4', 8765, 0, 0): b' 1525,4,1,512,0,269,4,1,7,2,1,-66,10,3281,18214,99,1,7 '
Received from ('fd00::200:0:0:3', 8765, 0, 0): b' 1525,3,1,512,10,282,5,2,7,1,1,-64,4,1868,17050,99,1,7 '
Received from ('fd00::200:0:0:c', 8765, 0, 0): b' 1525,12,8,1024,0,212,6,16,7,1,3,-52,0,818,11348,51,0,0 '
Received from ('fd00::200:0:0:f', 8765, 0, 0): b' 1525,15,10,1280,0,262,4,10,7,1,2,-70,1,608,8124,89,0,0 '
Received from ('fd00::200:0:0:5', 8765, 0, 0): b' 1526,5,4,768,0,286,5,1,6,1,1,-52,0,851,11641,100,0,0 '
Received from ('fd00::200:0:0:e', 8765, 0, 0): b' 1526,14,11,1280,0,266,2,3,7,1,1,-70,0,789,10782,89,0,0 '
Received from ('fd00::200:0:0:1', 5678, 0, 0): b' 1527,1,0,256,0,6,0,0,4,0,0,0,10,2229,23367,1704,0,0 '
Received from ('fd00::200:0:0:9', 8765, 0, 0): b' 1528,9,4,768,0,209,7,13,6,1,4,-70,0,509,7084,51,0,0 '
Received from ('fd00::200:0:0:14', 8765, 0, 0): b' 1529,20,16,1536,0,273,4,5,7,1,1,-52,0,800,9483,84,0,0 '
Received from ('fd00::200:0:0:2', 8765, 0, 0): b' 1528,2,1,512,10,248,4,1,6,1,1,-88,1,1540,16765,100,1,7 '
Received from ('fd00::200:0:0:b', 8765, 0, 0): b' 1528,11,8,1024,10,280,4,4,7,1,2,-70,1,982,16210,90,0,0 '
Received from ('fd00::200:0:0:13', 8765, 0, 0): b' 1529,19,16,1536,10,287,3,4,7,1,1,-70,0,827,8727,87,0,0 '
Received from ('fd00::200:0:0:8', 8765, 0, 0): b' 1531,8,4,768,10,246,3,10,7,1,1,-52,9,3924,29155,96,1,7 '
Received from ('fd00::200:0:0:4', 8765, 0, 0): b' 1531,4,1,512,0,270,4,1,7,2,1,-66,10,2153,13811,99,1,7 '
Received from ('fd00::200:0:0:d', 8765, 0, 0): b' 1529,13,8,1024,0,248,3,3,7,1,1,-70,5,1811,16515,93,0,0 '
Received from ('fd00::200:0:0:5', 8765, 0, 0): b' 1531,5,4,768,0,288,5,1,6,1,1,-52,0,454,6181,101,0,0 '
Received from ('fd00::200:0:0:11', 8765, 0, 0): b' 1530,17,13,1280,0,246,9,5,7,1,3,-52,1,391,6784,83,0,0 '
Received from ('fd00::200:0:0:7', 8765, 0, 0): b' 1531,7,3,768,10,287,3,3,7,1,1,-52,3,1205,11936,98,1,7 '
Received from ('fd00::200:0:0:a', 8765, 0, 0): b' 1532,10,7,1024,0,257,3,4,7,1,1,-70,2,935,16363,96,0,0 '
Received from ('fd00::200:0:0:15', 8765, 0, 0): b' 1531,21,17,1536,0,235,2,7,5,1,1,-52,0,934,9336,75,0,0 '
Received from ('fd00::200:0:0:10', 8765, 0, 0): b' 1533,16,13,1280,0,276,3,4,7,1,1,-70,2,1561,19600,91,0,0 '
Received from ('fd00::200:0:0:12', 8765, 0, 0): b' 1534,18,15,1536,0,269,3,4,5,1,1,-70,0,694,9607,91,0,0 '
Received from ('fd00::200:0:0:1', 5678, 0, 0): b' 1535,1,0,256,0,6,0,0,4,0,0,0,10,1790,18868,1719,0,0 '
Received from ('fd00::200:0:0:3', 8765, 0, 0): b' 1534,3,1,512,10,288,5,2,7,1,1,-64,4,2389,17305,100,1,7 '
Received from ('fd00::200:0:0:d', 8765, 0, 0): b' 1534,13,8,1024,20,249,3,3,7,1,1,-70,5,1361,11002,93,0,0 '
Received from ('fd00::200:0:0:f', 8765, 0, 0): b' 1534,15,10,1280,0,263,4,10,7,1,2,-70,1,999,12087,90,0,0 '
Received from ('fd00::200:0:0:6', 8765, 0, 0): b' 1535,6,2,768,10,232,1,13,7,1,1,-52,0,906,10652,52,0,0 '
Received from ('fd00::200:0:0:e', 8765, 0, 0): b' 1536,14,11,1280,0,268,2,3,7,1,1,-70,0,597,9020,90,0,0 '
Received from ('fd00::200:0:0:4', 8765, 0, 0): b' 1537,4,1,512,40,271,4,1,7,2,1,-66,10,3027,19035,100,1,7 '
Received from ('fd00::200:0:0:9', 8765, 0, 0): b' 1536,9,4,768,0,211,7,13,6,1,4,-70,0,691,9223,52,0,0 '
Received from ('fd00::200:0:0:2', 8765, 0, 0): b' 1537,2,1,512,0,248,4,1,6,1,1,-88,1,1206,14469,101,1,7 '
Received from ('fd00::200:0:0:13', 8765, 0, 0): b' 1535,19,16,1536,0,288,3,4,7,1,1,-70,0,442,5467,88,0,0 '
Received from ('fd00::200:0:0:c', 8765, 0, 0): b' 1536,12,8,1024,0,216,6,16,7,1,3,-52,0,908,10722,52,0,0 '
Received from ('fd00::200:0:0:b', 8765, 0, 0): b' 1537,11,8,1024,0,284,4,4,7,1,2,-70,1,1511,14880,91,0,0 '
Received from ('fd00::200:0:0:5', 8765, 0, 0): b' 1538,5,4,768,0,292,5,1,6,1,1,-52,0,825,9658,101,0,0 '
Received from ('fd00::200:0:0:15', 8765, 0, 0): b' 1537,21,17,1536,0,236,2,7,5,1,1,-52,0,465,6402,76,0,0 '
Received from ('fd00::200:0:0:1', 5678, 0, 0): b' 1539,1,0,256,0,6,0,0,4,0,0,0,10,1117,10651,1723,0,0 '
Received from ('fd00::200:0:0:f', 8765, 0, 0): b' 1539,15,10,1280,0,265,4,10,7,1,2,-70,1,606,6265,90,0,0 '
Received from ('fd00::200:0:0:11', 8765, 0, 0): b' 1538,17,13,1280,10,249,9,5,7,1,3,-52,1,1331,11563,84,0,0 '
Received from ('fd00::200:0:0:8', 8765, 0, 0): b' 1541,8,4,768,10,248,3,10,7,1,1,-52,9,4351,28651,97,1,7 '
Received from ('fd00::200:0:0:14', 8765, 0, 0): b' 1539,20,16,1536,0,275,4,5,7,1,1,-52,0,717,11003,85,0,0 '
Received from ('fd00::200:0:0:10', 8765, 0, 0): b' 1540,16,13,1280,0,278,3,4,7,1,1,-70,2,1219,13409,92,0,0 '
Received from ('fd00::200:0:0:c', 8765, 0, 0): b' 1540,12,8,1024,0,216,6,16,7,1,3,-52,0,279,4554,52,0,0 '
Received from ('fd00::200:0:0:a', 8765, 0, 0): b' 1541,10,7,1024,0,259,3,4,7,1,1,-70,2,1551,16777,97,0,0 '
Received from ('fd00::200:0:0:4', 8765, 0, 0): b' 1542,4,1,512,0,272,4,1,7,2,1,-66,10,2636,14268,100,1,7 '
Received from ('fd00::200:0:0:6', 8765, 0, 0): b' 1542,6,2,768,0,236,1,13,7,1,1,-52,0,827,7101,52,0,0 '
Received from ('fd00::200:0:0:3', 8765, 0, 0): b' 1542,3,1,512,10,289,5,2,7,1,1,-64,4,1327,13067,101,1,7 '
Received from ('fd00::200:0:0:2', 8765, 0, 0): b' 1543,2,1,512,0,251,4,1,6,1,1,-88,1,1056,10010,101,1,7 '
Received from ('fd00::200:0:0:7', 8765, 0, 0): b' 1543,7,3,768,10,287,3,3,7,1,1,-52,3,1895,18568,99,1,7 '
Received from ('fd00::200:0:0:5', 8765, 0, 0): b' 1543,5,4,768,20,294,5,1,6,1,1,-52,0,460,5675,102,0,0 '
Received from ('fd00::200:0:0:12', 8765, 0, 0): b' 1544,18,15,1536,0,273,3,4,5,1,1,-70,0,851,9804,91,0,0 '
Received from ('fd00::200:0:0:13', 8765, 0, 0): b' 1543,19,16,1536,0,290,3,4,7,1,1,-70,0,717,10138,89,0,0 '
Received from ('fd00::200:0:0:e', 8765, 0, 0): b' 1546,14,11,1280,0,273,2,3,7,1,1,-70,0,958,10083,90,0,0 '
Received from ('fd00::200:0:0:1', 5678, 0, 0): b' 1547,1,0,256,0,6,0,0,4,0,0,0,10,1457,17535,1731,0,0 '
Received from ('fd00::200:0:0:9', 8765, 0, 0): b' 1546,9,4,768,10,214,7,13,6,1,4,-70,0,774,9952,53,0,0 '
Received from ('fd00::200:0:0:d', 8765, 0, 0): b' 1546,13,8,1024,10,251,3,4,7,1,1,-70,5,2412,23333,94,0,0 '
Received from ('fd00::200:0:0:14', 8765, 0, 0): b' 1545,20,16,1536,10,276,4,5,7,1,1,-52,0,376,5941,85,0,0 '
Received from ('fd00::200:0:0:2', 8765, 0, 0): b' 1548,2,1,512,0,254,4,1,6,1,1,-88,1,763,7401,102,1,7 '
Received from ('fd00::200:0:0:c', 8765, 0, 0): b' 1547,12,8,1024,0,217,6,16,7,1,3,-52,0,441,6522,53,0,0 '
Received from ('fd00::200:0:0:b', 8765, 0, 0): b' 1547,11,8,1024,0,286,4,4,7,1,2,-70,1,1103,15918,91,0,0 '
Received from ('fd00::200:0:0:11', 8765, 0, 0): b' 1547,17,13,1280,10,251,9,5,7,1,3,-52,1,740,11429,84,0,0 '
Received from ('fd00::200:0:0:12', 8765, 0, 0): b' 1549,18,15,1536,0,273,3,4,5,1,1,-70,0,237,4657,92,0,0 '
Received from ('fd00::200:0:0:6', 8765, 0, 0): b' 1549,6,2,768,10,241,1,13,7,1,1,-52,0,867,7856,53,0,0 '
Received from ('fd00::200:0:0:3', 8765, 0, 0): b' 1549,3,1,512,0,291,5,2,7,1,1,-64,4,1491,12332,101,1,7 '
Received from ('fd00::200:0:0:4', 8765, 0, 0): b' 1550,4,1,512,0,275,4,1,7,2,1,-66,10,3388,22016,101,1,7 '
Received from ('fd00::200:0:0:f', 8765, 0, 0): b' 1549,15,10,1280,10,267,4,10,7,1,2,-70,1,1199,13634,91,0,0 '
Received from ('fd00::200:0:0:8', 8765, 0, 0): b' 1550,8,4,768,30,251,3,10,7,1,1,-52,9,3862,27318,98,1,7 '
Received from ('fd00::200:0:0:10', 8765, 0, 0): b' 1548,16,13,1280,0,281,3,4,7,1,1,-70,2,1538,16949,92,0,0 '
Received from ('fd00::200:0:0:7', 8765, 0, 0): b' 1551,7,3,768,0,289,3,3,7,1,1,-52,3,1665,15242,99,1,7 '
Received from ('fd00::200:0:0:9', 8765, 0, 0): b' 1552,9,4,768,0,216,7,13,6,1,4,-70,0,491,5634,53,0,0 '
Received from ('fd00::200:0:0:15', 8765, 0, 0): b' 1549,21,17,1536,0,239,2,7,5,1,1,-52,0,1010,11498,77,0,0 '
Received from ('fd00::200:0:0:e', 8765, 0, 0): b' 1552,14,11,1280,0,274,2,3,7,1,1,-70,0,442,5676,91,0,0 '
Received from ('fd00::200:0:0:5', 8765, 0, 0): b' 1553,5,4,768,0,297,5,1,6,1,1,-52,0,724,11921,102,0,0 '
Received from ('fd00::200:0:0:a', 8765, 0, 0): b' 1552,10,7,1024,10,261,3,4,7,1,1,-70,2,1480,18390,98,0,0 '
Received from ('fd00::200:0:0:b', 8765, 0, 0): b' 1551,11,8,1024,10,288,4,4,7,1,2,-70,1,687,7899,92,0,0 '
Received from ('fd00::200:0:0:14', 8765, 0, 0): b' 1551,20,16,1536,0,277,4,5,7,1,1,-52,0,549,6521,86,0,0 '
Received from ('fd00::200:0:0:d', 8765, 0, 0): b' 1552,13,8,1024,0,254,3,4,7,1,1,-70,5,2053,15113,95,0,0 '
Received from ('fd00::200:0:0:2', 8765, 0, 0): b' 1555,2,1,512,0,255,4,1,6,1,1,-88,1,1005,12184,102,1,7 '
Received from ('fd00::200:0:0:8', 8765, 0, 0): b' 1555,8,4,768,10,254,3,10,7,1,1,-52,9,1997,12781,98,1,7 '
Received from ('fd00::200:0:0:1', 5678, 0, 0): b' 1557,1,0,256,0,6,0,0,4,0,0,0,10,2334,23877,1744,0,0 '
Received from ('fd00::200:0:0:c', 8765, 0, 0): b' 1555,12,8,1024,0,218,6,16,7,1,3,-52,0,506,8573,53,0,0 '
Received from ('fd00::200:0:0:13', 8765, 0, 0): b' 1554,19,16,1536,0,292,3,4,7,1,1,-70,0,638,10208,89,0,0 '
Received from ('fd00::200:0:0:7', 8765, 0, 0): b' 1557,7,3,768,0,290,3,3,7,1,1,-52,3,901,9810,100,1,7 '
Received from ('fd00::200:0:0:d', 8765, 0, 0): b' 1557,13,8,1024,10,256,3,4,7,1,1,-70,5,1131,10485,95,0,0 '
Received from ('fd00::200:0:0:3', 8765, 0, 0): b' 1560,3,1,512,10,293,5,3,7,1,1,-64,4,2041,17178,102,1,7 '
Received from ('fd00::200:0:0:4', 8765, 0, 0): b' 1560,4,1,512,0,276,4,1,7,2,1,-66,10,4089,27161,101,1,7 '
Received from ('fd00::200:0:0:f', 8765, 0, 0): b' 1559,15,10,1280,0,268,4,10,7,1,2,-70,1,922,12294,92,0,0 '
Received from ('fd00::200:0:0:10', 8765, 0, 0): b' 1556,16,13,1280,0,282,3,4,7,1,1,-70,2,1254,17026,93,0,0 '
Received from ('fd00::200:0:0:9', 8765, 0, 0): b' 1560,9,4,768,0,216,7,13,6,1,4,-70,0,356,7668,54,0,0 '
Received from ('fd00::200:0:0:12', 8765, 0, 0): b' 1559,18,15,1536,0,277,3,4,5,1,1,-70,0,851,10098,92,0,0 '
Received from ('fd00::200:0:0:11', 8765, 0, 0): b' 1557,17,13,1280,0,254,9,5,7,1,3,-52,1,1292,14795,85,0,0 '
Received from ('fd00::200:0:0:6', 8765, 0, 0): b' 1561,6,2,768,0,246,1,13,7,1,1,-52,0,981,11726,53,0,0 '
Received from ('fd00::200:0:0:15', 8765, 0, 0): b' 1558,21,17,1536,0,242,2,7,5,1,1,-52,0,746,9285,77,0,0 '
Received from ('fd00::200:0:0:13', 8765, 0, 0): b' 1559,19,16,1536,0,294,3,4,7,1,1,-70,0,525,4397,90,0,0 '
Received from ('fd00::200:0:0:c', 8765, 0, 0): b' 1560,12,8,1024,0,221,6,16,7,1,3,-52,0,599,5198,53,0,0 '
Received from ('fd00::200:0:0:5', 8765, 0, 0): b' 1562,5,4,768,0,302,5,1,6,1,1,-52,0,1105,11964,103,0,0 '
Received from ('fd00::200:0:0:8', 8765, 0, 0): b' 1562,8,4,768,20,255,3,10,7,1,1,-52,9,2581,17647,98,1,7 '
Received from ('fd00::200:0:0:b', 8765, 0, 0): b' 1561,11,8,1024,0,291,4,4,7,1,2,-70,1,1083,14748,92,0,0 '
Received from ('fd00::200:0:0:e', 8765, 0, 0): b' 1562,14,11,1280,0,275,2,3,7,1,1,-70,0,530,9418,91,0,0 '
Received from ('fd00::200:0:0:7', 8765, 0, 0): b' 1564,7,3,768,0,293,3,3,7,1,1,-52,3,1401,11227,100,1,7 '
Received from ('fd00::200:0:0:a', 8765, 0, 0): b' 1564,10,7,1024,0,265,3,4,7,1,1,-70,2,1836,18568,99,0,0 '
Received from ('fd00::200:0:0:4', 8765, 0, 0): b' 1565,4,1,512,0,279,4,1,7,2,1,-66,10,3036,15839,102,1,7 '
Received from ('fd00::200:0:0:2', 8765, 0, 0): b' 1565,2,1,512,0,259,4,1,6,1,1,-88,1,1741,16102,103,1,7 '
Received from ('fd00::200:0:0:14', 8765, 0, 0): b' 1562,20,16,1536,0,281,4,5,7,1,1,-52,0,931,10473,87,0,0 '
Received from ('fd00::200:0:0:10', 8765, 0, 0): b' 1562,16,13,1280,0,283,3,4,7,1,1,-70,2,1205,11600,93,0,0 '
Received from ('fd00::200:0:0:1', 5678, 0, 0): b' 1566,1,0,256,0,6,0,0,4,0,0,0,10,2185,22741,1758,0,0 '
Received from ('fd00::200:0:0:12', 8765, 0, 0): b' 1566,18,15,1536,0,281,3,4,5,1,1,-70,0,860,6811,93,0,0 '
Received from ('fd00::200:0:0:d', 8765, 0, 0): b' 1564,13,8,1024,10,259,3,4,7,1,1,-70,5,1994,13750,95,0,0 '
Received from ('fd00::200:0:0:f', 8765, 0, 0): b' 1567,15,10,1280,0,272,4,10,7,1,2,-70,1,1345,11184,92,0,0 '
Received from ('fd00::200:0:0:5', 8765, 0, 0): b' 1567,5,4,768,10,302,5,1,6,1,1,-52,0,254,6393,103,0,0 '
Received from ('fd00::200:0:0:15', 8765, 0, 0): b' 1565,21,17,1536,10,244,2,7,5,1,1,-52,0,548,6499,78,0,0 '
Received from ('fd00::200:0:0:c', 8765, 0, 0): b' 1566,12,8,1024,0,224,6,16,7,1,3,-52,0,649,6056,54,0,0 '
Received from ('fd00::200:0:0:9', 8765, 0, 0): b' 1568,9,4,768,0,221,7,13,6,1,4,-70,0,853,8761,54,0,0 '
Received from ('fd00::200:0:0:6', 8765, 0, 0): b' 1569,6,2,768,0,249,1,13,7,1,1,-52,0,678,8171,54,0,0 '
Received from ('fd00::200:0:0:11', 8765, 0, 0): b' 1565,17,13,1280,0,254,9,5,7,1,3,-52,1,1042,10677,86,0,0 '
Received from ('fd00::200:0:0:b', 8765, 0, 0): b' 1567,11,8,1024,20,294,4,4,7,1,2,-70,1,901,10360,93,0,0 '
Received from ('fd00::200:0:0:7', 8765, 0, 0): b' 1571,7,3,768,0,294,3,3,7,1,1,-52,3,1141,11295,101,1,7 '
Received from ('fd00::200:0:0:e', 8765, 0, 0): b' 1569,14,11,1280,10,277,2,3,7,1,1,-70,0,465,6887,92,0,0 '
Received from ('fd00::200:0:0:8', 8765, 0, 0): b' 1570,8,4,768,20,258,3,10,7,1,1,-52,9,3589,22790,99,1,7 '
Received from ('fd00::200:0:0:3', 8765, 0, 0): b' 1571,3,1,512,0,294,5,3,7,1,1,-64,4,2366,20579,102,1,7 '
Received from ('fd00::200:0:0:10', 8765, 0, 0): b' 1567,16,13,1280,0,283,3,4,7,1,1,-70,2,435,9842,93,0,0 '
Received from ('fd00::200:0:0:a', 8765, 0, 0): b' 1572,10,7,1024,0,268,3,4,7,1,1,-70,2,1089,11873,99,0,0 '
Received from ('fd00::200:0:0:13', 8765, 0, 0): b' 1568,19,16,1536,0,297,3,4,7,1,1,-70,0,647,9269,90,0,0 '
Received from ('fd00::200:0:0:15', 8765, 0, 0): b' 1571,21,17,1536,0,247,2,7,5,1,1,-52,0,600,5893,78,0,0 '
Received from ('fd00::200:0:0:14', 8765, 0, 0): b' 1572,20,16,1536,0,284,4,5,7,1,1,-52,0,648,9609,87,0,0 '
Received from ('fd00::200:0:0:12', 8765, 0, 0): b' 1573,18,15,1536,0,282,3,4,5,1,1,-70,0,409,6627,93,0,0 '
Received from ('fd00::200:0:0:4', 8765, 0, 0): b' 1574,4,1,512,0,282,4,1,7,2,1,-66,10,4558,27366,102,1,7 '
Received from ('fd00::200:0:0:1', 5678, 0, 0): b' 1574,1,0,256,0,6,0,0,4,0,0,0,10,1730,18968,1767,0,0 '
Received from ('fd00::200:0:0:8', 8765, 0, 0): b' 1574,8,4,768,0,260,3,11,7,1,1,-52,9,1732,10807,99,1,7 '
Received from ('fd00::200:0:0:6', 8765, 0, 0): b' 1575,6,2,768,0,250,1,13,7,1,1,-52,0,480,5750,54,0,0 '
Received from ('fd00::200:0:0:b', 8765, 0, 0): b' 1574,11,8,1024,0,296,4,4,7,1,2,-70,1,1038,11524,93,0,0 '
Received from ('fd00::200:0:0:c', 8765, 0, 0): b' 1574,12,8,1024,0,227,6,16,7,1,3,-52,0,623,8229,54,0,0 '
Received from ('fd00::200:0:0:f', 8765, 0, 0): b' 1574,15,10,1280,0,272,4,10,7,1,2,-70,1,746,9838,93,0,0 '
Received from ('fd00::200:0:0:9', 8765, 0, 0): b' 1575,9,4,768,0,224,7,13,6,1,4,-70,0,750,7385,55,0,0 '
Received from ('fd00::200:0:0:3', 8765, 0, 0): b' 1576,3,1,512,10,294,5,3,7,1,1,-64,4,932,8608,103,1,7 '
Received from ('fd00::200:0:0:2', 8765, 0, 0): b' 1577,2,1,512,10,262,4,1,6,1,1,-88,1,1238,17461,103,1,7 '
Received from ('fd00::200:0:0:5', 8765, 0, 0): b' 1577,5,4,768,0,304,5,1,6,1,1,-52,0,720,11722,104,0,0 '
Received from ('fd00::200:0:0:d', 8765, 0, 0): b' 1575,13,8,1024,0,261,3,4,7,1,1,-70,5,2473,22902,96,0,0 '
Received from ('fd00::200:0:0:1', 5678, 0, 0): b' 1578,1,0,256,0,6,0,0,4,0,0,0,10,962,9768,1773,0,0 '
Received from ('fd00::200:0:0:11', 8765, 0, 0): b' 1576,17,13,1280,10,259,9,5,7,1,3,-52,1,1524,14322,86,0,0 '
Received from ('fd00::200:0:0:13', 8765, 0, 0): b' 1576,19,16,1536,0,299,3,4,7,1,1,-70,0,669,7409,91,0,0 '
Received from ('fd00::200:0:0:10', 8765, 0, 0): b' 1576,16,13,1280,10,285,3,4,7,1,1,-70,2,1888,18356,94,0,0 '
Received from ('fd00::200:0:0:a', 8765, 0, 0): b' 1580,10,7,1024,0,272,3,4,7,1,1,-70,2,1562,14655,100,0,0 '
Received from ('fd00::200:0:0:e', 8765, 0, 0): b' 1579,14,11,1280,10,282,2,3,7,1,1,-70,0,908,10237,93,0,0 '
Received from ('fd00::200:0:0:f', 8765, 0, 0): b' 1580,15,10,1280,0,275,4,10,7,1,2,-70,1,725,6901,93,0,0 '
Received from ('fd00::200:0:0:3', 8765, 0, 0): b' 1582,3,1,512,0,295,5,3,7,1,1,-64,4,1112,9601,103,1,7 '
Received from ('fd00::200:0:0:4', 8765, 0, 0): b' 1582,4,1,512,0,284,4,1,7,2,1,-66,10,4105,24858,103,1,7 '
Received from ('fd00::200:0:0:7', 8765, 0, 0): b' 1583,7,3,768,0,297,3,3,7,1,1,-52,3,2411,20647,101,1,7 '
Received from ('fd00::200:0:0:15', 8765, 0, 0): b' 1580,21,17,1536,20,251,3,7,5,1,1,-52,0,880,9809,79,0,0 '
Received from ('fd00::200:0:0:9', 8765, 0, 0): b' 1582,9,4,768,10,224,7,13,6,1,4,-70,0,276,6110,55,0,0 '
Received from ('fd00::200:0:0:b', 8765, 0, 0): b' 1583,11,8,1024,0,296,4,4,7,1,2,-70,1,895,13331,94,0,0 '
Received from ('fd00::200:0:0:c', 8765, 0, 0): b' 1582,12,8,1024,0,230,6,16,7,1,3,-52,0,776,8555,55,0,0 '
Received from ('fd00::200:0:0:2', 8765, 0, 0): b' 1584,2,1,512,0,262,4,1,6,1,1,-88,1,883,12059,104,1,7 '
Received from ('fd00::200:0:0:12', 8765, 0, 0): b' 1582,18,15,1536,10,284,3,4,5,1,1,-70,0,669,8936,94,0,0 '
Received from ('fd00::200:0:0:14', 8765, 0, 0): b' 1581,20,16,1536,0,287,4,5,7,1,1,-52,0,800,10331,88,0,0 '
Received from ('fd00::200:0:0:10', 8765, 0, 0): b' 1582,16,13,1280,0,286,3,4,7,1,1,-70,2,858,10474,94,0,0 '
Received from ('fd00::200:0:0:8', 8765, 0, 0): b' 1584,8,4,768,10,262,3,11,7,1,1,-52,9,3923,27355,100,1,7 '
Received from ('fd00::200:0:0:6', 8765, 0, 0): b' 1586,6,2,768,0,254,1,13,7,1,1,-52,0,929,11083,55,0,0 '
Received from ('fd00::200:0:0:11', 8765, 0, 0): b' 1584,17,13,1280,0,262,9,5,7,1,3,-52,1,1092,10820,87,0,0 '
Received from ('fd00::200:0:0:d', 8765, 0, 0): b' 1586,13,8,1024,0,263,3,4,7,1,1,-70,5,2663,21832,97,0,0 '
Received from ('fd00::200:0:0:5', 8765, 0, 0): b' 1586,5,4,768,0,306,5,1,6,1,1,-52,0,539,10808,104,0,0 '
Received from ('fd00::200:0:0:9', 8765, 0, 0): b' 1586,9,4,768,10,226,7,13,6,1,4,-70,0,467,4091,55,0,0 '
Received from ('fd00::200:0:0:7', 8765, 0, 0): b' 1587,7,3,768,10,298,3,3,7,1,1,-52,3,706,7479,102,1,7 '
Received from ('fd00::200:0:0:3', 8765, 0, 0): b' 1588,3,1,512,0,298,5,3,7,1,1,-64,4,1642,12098,103,1,7 '
Received from ('fd00::200:0:0:c', 8765, 0, 0): b' 1587,12,8,1024,0,231,6,16,7,1,3,-52,0,361,4419,55,0,0 '
Received from ('fd00::200:0:0:e', 8765, 0, 0): b' 1587,14,11,1280,0,283,2,3,7,1,1,-70,0,639,8378,93,0,0 '
Received from ('fd00::200:0:0:f', 8765, 0, 0): b' 1588,15,10,1280,20,279,4,10,7,1,2,-70,1,1257,11838,94,0,0 '
Received from ('fd00::200:0:0:12', 8765, 0, 0): b' 1588,18,15,1536,0,287,3,4,5,1,1,-70,0,600,5639,94,0,0 '
Received from ('fd00::200:0:0:1', 5678, 0, 0): b' 1590,1,0,256,0,6,0,0,4,0,0,0,10,2635,27384,1789,0,0 '
Received from ('fd00::200:0:0:13', 8765, 0, 0): b' 1587,19,16,1536,0,305,3,4,7,1,1,-70,0,1145,11833,92,0,0 '
Received from ('fd00::200:0:0:b', 8765, 0, 0): b' 1590,11,8,1024,0,298,4,5,7,1,2,-70,1,832,11429,94,0,0 '
Received from ('fd00::200:0:0:a', 8765, 0, 0): b' 1591,10,7,1024,0,275,3,4,7,1,1,-70,2,1617,17468,100,0,0 '
Received from ('fd00::200:0:0:15', 8765, 0, 0): b' 1589,21,17,1536,0,255,3,7,5,1,1,-52,0,755,8726,79,0,0 '
Received from ('fd00::200:0:0:2', 8765, 0, 0): b' 1592,2,1,512,10,265,4,1,6,1,1,-88,1,1148,11909,105,1,7 '
Received from ('fd00::200:0:0:4', 8765, 0, 0): b' 1592,4,1,512,10,286,4,1,7,2,1,-66,10,4338,27605,104,1,7 '
Received from ('fd00::200:0:0:11', 8765, 0, 0): b' 1590,17,13,1280,10,264,9,5,7,1,3,-52,1,837,7706,87,0,0 '
Received from ('fd00::200:0:0:14', 8765, 0, 0): b' 1590,20,16,1536,0,290,4,5,7,1,1,-52,0,721,7848,88,0,0 '
Received from ('fd00::200:0:0:7', 8765, 0, 0): b' 1593,7,3,768,0,298,3,3,7,1,1,-52,3,1274,11555,102,1,7 '
Received from ('fd00::200:0:0:8', 8765, 0, 0): b' 1593,8,4,768,10,263,3,11,7,1,1,-52,9,3106,21759,100,1,7 '
Received from ('fd00::200:0:0:10', 8765, 0, 0): b' 1591,16,13,1280,0,289,3,4,7,1,1,-70,2,1667,17077,95,0,0 '
Received from ('fd00::200:0:0:12', 8765, 0, 0): b' 1593,18,15,1536,0,287,3,4,5,1,1,-70,0,237,4874,95,0,0 '
Received from ('fd00::200:0:0:a', 8765, 0, 0): b' 1594,10,7,1024,0,278,3,4,7,1,1,-70,2,1014,7723,101,0,0 '
Received from ('fd00::200:0:0:3', 8765, 0, 0): b' 1595,3,1,512,0,299,5,3,7,1,1,-64,4,1899,14416,104,1,7 '
Received from ('fd00::200:0:0:d', 8765, 0, 0): b' 1595,13,8,1024,0,263,3,4,7,1,1,-70,5,1824,18581,97,0,0 '
Received from ('fd00::200:0:0:c', 8765, 0, 0): b' 1595,12,8,1024,0,231,6,16,7,1,3,-52,0,358,7296,56,0,0 '
Received from ('fd00::200:0:0:6', 8765, 0, 0): b' 1597,6,2,768,0,257,1,13,7,1,1,-52,0,793,10510,56,0,0 '
Received from ('fd00::200:0:0:9', 8765, 0, 0): b' 1597,9,4,768,0,229,7,13,6,1,4,-70,0,726,10273,56,0,0 '
Received from ('fd00::200:0:0:4', 8765, 0, 0): b' 1597,4,1,512,30,288,4,1,7,2,1,-66,10,2172,12991,104,1,7 '
Received from ('fd00::200:0:0:f', 8765, 0, 0): b' 1597,15,10,1280,0,283,4,10,7,1,2,-70,1,1579,12963,94,0,0 '
Received from ('fd00::200:0:0:1', 5678, 0, 0): b' 1598,1,0,256,0,6,0,0,4,0,0,0,10,1901,20339,1802,0,0 '
Received from ('fd00::200:0:0:5', 8765, 0, 0): b' 1598,5,4,768,0,308,5,1,6,1,1,-52,0,744,13748,105,0,0 '
Received from ('fd00::200:0:0:13', 8765, 0, 0): b' 1593,19,16,1536,0,307,3,4,7,1,1,-70,0,494,5767,92,0,0 '
Received from ('fd00::200:0:0:8', 8765, 0, 0): b' 1599,8,4,768,40,263,3,11,7,1,1,-52,9,1629,12697,101,1,7 '
Received from ('fd00::200:0:0:b', 8765, 0, 0): b' 1596,11,8,1024,20,301,4,5,7,1,2,-70,1,957,9844,95,0,0 '
Received from ('fd00::200:0:0:e', 8765, 0, 0): b' 1595,14,11,1280,0,285,2,3,7,1,1,-70,0,548,7139,94,0,0 '
Received from ('fd00::200:0:0:11', 8765, 0, 0): b' 1596,17,13,1280,0,264,9,5,7,1,3,-52,1,512,7263,88,0,0 '
Received from ('fd00::200:0:0:15', 8765, 0, 0): b' 1595,21,17,1536,0,257,3,7,5,1,1,-52,0,548,6341,80,0,0 '
Received from ('fd00::200:0:0:12', 8765, 0, 0): b' 1598,18,15,1536,0,289,3,4,5,1,1,-70,0,492,5286,95,0,0 '
Received from ('fd00::200:0:0:10', 8765, 0, 0): b' 1596,16,13,1280,0,290,3,4,7,1,1,-70,2,771,8911,95,0,0 '
Received from ('fd00::200:0:0:7', 8765, 0, 0): b' 1599,7,3,768,10,301,3,3,7,1,1,-52,3,1688,12407,103,1,7 '
Received from ('fd00::200:0:0:3', 8765, 0, 0): b' 1600,3,1,512,0,300,5,3,7,1,1,-64,4,1227,9066,104,1,7 '
Received from ('fd00::200:0:0:6', 8765, 0, 0): b' 1601,6,2,768,0,258,1,13,7,1,1,-52,0,263,4084,56,0,0 '
Received from ('fd00::200:0:0:14', 8765, 0, 0): b' 1599,20,16,1536,0,292,4,5,7,1,1,-52,0,596,9118,89,0,0 '
Received from ('fd00::200:0:0:e', 8765, 0, 0): b' 1600,14,11,1280,0,285,2,3,7,1,1,-70,0,278,4970,94,0,0 '
Received from ('fd00::200:0:0:2', 8765, 0, 0): b' 1602,2,1,512,0,267,4,1,6,1,1,-88,1,1400,16419,105,1,7 '
Received from ('fd00::200:0:0:15', 8765, 0, 0): b' 1599,21,17,1536,0,260,3,7,5,1,1,-52,0,575,4232,80,0,0 '
Received from ('fd00::200:0:0:b', 8765, 0, 0): b' 1602,11,8,1024,10,302,4,5,7,1,2,-70,1,670,8498,95,0,0 '
Received from ('fd00::200:0:0:d', 8765, 0, 0): b' 1603,13,8,1024,0,266,3,4,7,1,1,-70,5,2216,14839,98,0,0 '
Received from ('fd00::200:0:0:4', 8765, 0, 0): b' 1603,4,1,512,0,290,4,1,7,2,1,-66,10,3541,18925,104,1,7 '
Received from ('fd00::200:0:0:c', 8765, 0, 0): b' 1603,12,8,1024,0,232,6,16,7,1,3,-52,0,506,7373,56,0,0 '
Received from ('fd00::200:0:0:5', 8765, 0, 0): b' 1605,5,4,768,0,311,5,1,6,1,1,-52,0,592,7777,105,0,0 '
Received from ('fd00::200:0:0:10', 8765, 0, 0): b' 1602,16,13,1280,0,292,3,4,7,1,1,-70,2,1127,11888,96,0,0 '
Received from ('fd00::200:0:0:9', 8765, 0, 0): b' 1606,9,4,768,10,231,7,13,6,1,4,-70,0,612,7918,57,0,0 '
Received from ('fd00::200:0:0:11', 8765, 0, 0): b' 1603,17,13,1280,10,266,9,5,7,1,3,-52,1,1108,9664,88,0,0 '
Received from ('fd00::200:0:0:13', 8765, 0, 0): b' 1603,19,16,1536,0,312,3,4,7,1,1,-70,0,1074,9885,93,0,0 '
Received from ('fd00::200:0:0:a', 8765, 0, 0): b' 1604,10,7,1024,0,280,3,4,7,1,1,-70,2,1332,17665,101,0,0 '
Received from ('fd00::200:0:0:d', 8765, 0, 0): b' 1609,13,8,1024,0,270,3,4,7,1,1,-70,5,1564,12445,98,0,0 '
Received from ('fd00::200:0:0:7', 8765, 0, 0): b' 1608,7,3,768,0,303,4,3,7,1,1,-52,3,1302,14014,103,1,7 '
Received from ('fd00::200:0:0:1', 5678, 0, 0): b' 1610,1,0,256,0,6,0,0,4,0,0,0,10,2555,26787,1818,0,0 '
Received from ('fd00::200:0:0:e', 8765, 0, 0): b' 1608,14,11,1280,0,287,2,3,7,1,1,-70,0,669,7591,95,0,0 '
Received from ('fd00::200:0:0:2', 8765, 0, 0): b' 1609,2,1,512,0,268,4,1,6,1,1,-88,1,852,11971,106,1,7 '
Received from ('fd00::200:0:0:11', 8765, 0, 0): b' 1608,17,13,1280,0,266,9,5,7,1,3,-52,1,360,6140,88,0,0 '
Received from ('fd00::200:0:0:8', 8765, 0, 0): b' 1610,8,4,768,30,264,3,11,7,1,1,-52,9,4997,31975,101,1,7 '
Received from ('fd00::200:0:0:f', 8765, 0, 0): b' 1608,15,10,1280,10,287,4,10,7,1,2,-70,1,1459,14773,95,0,0 '
Received from ('fd00::200:0:0:12', 8765, 0, 0): b' 1610,18,15,1536,10,295,3,4,5,1,1,-70,0,1191,11715,96,0,0 '
Received from ('fd00::200:0:0:15', 8765, 0, 0): b' 1608,21,17,1536,0,262,3,7,5,1,1,-52,0,669,8170,81,0,0 '
Received from ('fd00::200:0:0:c', 8765, 0, 0): b' 1611,12,8,1024,0,233,6,16,7,1,3,-52,0,511,6560,57,0,0 '
Received from ('fd00::200:0:0:3', 8765, 0, 0): b' 1612,3,1,512,0,302,5,3,7,1,1,-64,4,2156,20069,105,1,7 '
Received from ('fd00::200:0:0:5', 8765, 0, 0): b' 1613,5,4,768,0,312,5,1,6,1,1,-52,0,588,10254,106,0,0 '
Received from ('fd00::200:0:0:6', 8765, 0, 0): b' 1613,6,2,768,0,260,1,13,7,1,1,-52,0,715,11267,57,0,0 '
Received from ('fd00::200:0:0:9', 8765, 0, 0): b' 1614,9,4,768,0,233,7,13,6,1,4,-70,0,637,7919,57,0,0 '
Received from ('fd00::200:0:0:14', 8765, 0, 0): b' 1609,20,16,1536,0,294,4,5,7,1,1,-52,0,693,9402,90,0,0 '
Received from ('fd00::200:0:0:7', 8765, 0, 0): b' 1612,7,3,768,10,306,4,3,7,1,1,-52,3,1283,8443,104,1,7 '
Received from ('fd00::200:0:0:13', 8765, 0, 0): b' 1608,19,16,1536,0,313,3,4,7,1,1,-70,0,386,5592,93,0,0 '
Received from ('fd00::200:0:0:b', 8765, 0, 0): b' 1614,11,8,1024,0,306,4,5,7,1,2,-70,1,1395,17179,96,0,0 '
Received from ('fd00::200:0:0:d', 8765, 0, 0): b' 1614,13,8,1024,0,272,3,4,7,1,1,-70,5,1549,11258,99,0,0 '
Received from ('fd00::200:0:0:1', 5678, 0, 0): b' 1615,1,0,256,0,6,0,0,4,0,0,0,10,1205,12024,1823,0,0 '
Received from ('fd00::200:0:0:4', 8765, 0, 0): b' 1615,4,1,512,0,291,4,1,7,2,1,-66,10,5369,33166,105,1,7 '
Received from ('fd00::200:0:0:10', 8765, 0, 0): b' 1614,16,13,1280,0,294,3,4,7,1,1,-70,2,1569,18504,96,0,0 '
Received from ('fd00::200:0:0:a', 8765, 0, 0): b' 1614,10,7,1024,10,281,3,4,7,1,1,-70,2,1290,15251,102,0,0 '
Received from ('fd00::200:0:0:12', 8765, 0, 0): b' 1613,18,15,1536,0,295,3,4,5,1,1,-70,0,282,4094,96,0,0 '
Received from ('fd00::200:0:0:13', 8765, 0, 0): b' 1613,19,16,1536,0,314,3,4,7,1,1,-70,0,362,4348,93,0,0 '
Received from ('fd00::200:0:0:15', 8765, 0, 0): b' 1617,21,17,1536,0,264,3,7,5,1,1,-52,0,516,6848,81,0,0 '
Received from ('fd00::200:0:0:5', 8765, 0, 0): b' 1618,5,4,768,0,314,5,1,6,1,1,-52,0,467,5985,106,0,0 '
Received from ('fd00::200:0:0:8', 8765, 0, 0): b' 1618,8,4,768,20,268,3,11,7,1,1,-52,9,3311,21407,102,1,7 '
Received from ('fd00::200:0:0:b', 8765, 0, 0): b' 1619,11,8,1024,10,308,4,5,7,1,2,-70,1,609,7823,96,0,0 '
Received from ('fd00::200:0:0:7', 8765, 0, 0): b' 1618,7,3,768,0,307,4,3,7,1,1,-52,3,971,9484,104,1,7 '
Received from ('fd00::200:0:0:e', 8765, 0, 0): b' 1616,14,11,1280,0,288,2,3,7,1,1,-70,0,422,7518,95,0,0 '
Received from ('fd00::200:0:0:1', 5678, 0, 0): b' 1619,1,0,256,0,6,0,0,4,0,0,0,10,942,10993,1827,0,0 '
Received from ('fd00::200:0:0:14', 8765, 0, 0): b' 1616,20,16,1536,0,297,4,5,7,1,1,-52,0,696,7154,90,0,0 '
Received from ('fd00::200:0:0:f', 8765, 0, 0): b' 1618,15,10,1280,0,291,4,10,7,1,2,-70,1,1429,14258,96,0,0 '
Received from ('fd00::200:0:0:11', 8765, 0, 0): b' 1620,17,13,1280,0,269,9,5,7,1,3,-52,1,1318,13849,89,0,0 '
Received from ('fd00::200:0:0:a', 8765, 0, 0): b' 1618,10,7,1024,0,282,3,4,7,1,1,-70,2,839,6987,102,0,0 '
Received from ('fd00::200:0:0:12', 8765, 0, 0): b' 1619,18,15,1536,0,296,3,4,5,1,1,-70,0,361,4994,96,0,0 '
Received from ('fd00::200:0:0:9', 8765, 0, 0): b' 1622,9,4,768,0,234,7,13,6,1,4,-70,0,560,7962,58,0,0 '
Received from ('fd00::200:0:0:4', 8765, 0, 0): b' 1622,4,1,512,0,292,4,1,7,2,1,-66,10,2994,19367,105,1,7 '
Received from ('fd00::200:0:0:2', 8765, 0, 0): b' 1622,2,1,512,0,272,4,1,6,1,1,-88,1,1532,18468,106,1,7 '
Received from ('fd00::200:0:0:c', 8765, 0, 0): b' 1622,12,8,1024,0,236,6,16,7,1,3,-52,0,824,11289,58,0,0 '
Received from ('fd00::200:0:0:8', 8765, 0, 0): b' 1623,8,4,768,0,269,3,11,7,1,1,-52,9,1688,11852,102,1,7 '
Received from ('fd00::200:0:0:3', 8765, 0, 0): b' 1624,3,1,512,0,305,5,3,7,1,1,-64,4,2730,20136,106,1,7 '
Received from ('fd00::200:0:0:10', 8765, 0, 0): b' 1623,16,13,1280,0,297,3,4,7,1,1,-70,2,1382,16841,97,0,0 '
Received from ('fd00::200:0:0:5', 8765, 0, 0): b' 1623,5,4,768,0,314,5,1,6,1,1,-52,0,361,7219,107,0,0 '
Received from ('fd00::200:0:0:b', 8765, 0, 0): b' 1625,11,8,1024,0,308,4,5,7,1,2,-70,1,574,8916,96,0,0 '
Received from ('fd00::200:0:0:15', 8765, 0, 0): b' 1624,21,17,1536,10,266,3,7,5,1,1,-52,0,548,6811,82,0,0 '
Received from ('fd00::200:0:0:6', 8765, 0, 0): b' 1625,6,2,768,0,264,1,13,7,1,1,-52,0,931,11727,58,0,0 '
Received from ('fd00::200:0:0:7', 8765, 0, 0): b' 1624,7,3,768,0,310,4,3,7,1,1,-52,3,1511,11574,104,1,7 '
Received from ('fd00::200:0:0:1', 5678, 0, 0): b' 1625,1,0,256,0,6,0,0,4,0,0,0,10,1497,14751,1838,0,0 '
Received from ('fd00::200:0:0:d', 8765, 0, 0): b' 1625,13,8,1024,20,278,3,4,7,1,1,-70,5,3009,24596,99,0,0 '
Received from ('fd00::200:0:0:4', 8765, 0, 0): b' 1626,4,1,512,0,294,4,1,7,2,1,-66,10,2001,11691,106,1,7 '
Received from ('fd00::200:0:0:14', 8765, 0, 0): b' 1622,20,16,1536,0,297,4,5,7,1,1,-52,0,334,5656,91,0,0 '
Received from ('fd00::200:0:0:11', 8765, 0, 0): b' 1627,17,13,1280,10,270,9,5,7,1,3,-52,1,922,8790,90,0,0 '
Received from ('fd00::200:0:0:3', 8765, 0, 0): b' 1628,3,1,512,10,307,5,3,7,1,1,-64,4,897,7894,106,1,7 '
Received from ('fd00::200:0:0:10', 8765, 0, 0): b' 1628,16,13,1280,10,298,3,4,7,1,1,-70,2,771,9046,97,0,0 '
Received from ('fd00::200:0:0:9', 8765, 0, 0): b' 1629,9,4,768,10,236,7,13,6,1,4,-70,0,490,7056,58,0,0 '
Received from ('fd00::200:0:0:b', 8765, 0, 0): b' 1629,11,8,1024,20,310,4,5,7,1,2,-70,1,635,6988,97,0,0 '
Received from ('fd00::200:0:0:13', 8765, 0, 0): b' 1625,19,16,1536,0,315,3,4,7,1,1,-70,0,610,10615,94,0,0 '
Received from ('fd00::200:0:0:e', 8765, 0, 0): b' 1626,14,11,1280,0,289,2,3,7,1,1,-70,0,586,8943,96,0,0 '
Received from ('fd00::200:0:0:a', 8765, 0, 0): b' 1629,10,7,1024,0,283,3,4,7,1,1,-70,2,1079,16221,103,0,0 '
Received from ('fd00::200:0:0:5', 8765, 0, 0): b' 1631,5,4,768,0,315,5,1,6,1,1,-52,0,407,8516,107,0,0 '
Received from ('fd00::200:0:0:f', 8765, 0, 0): b' 1628,15,10,1280,0,294,4,10,7,1,2,-70,1,1240,13838,96,0,0 '
Received from ('fd00::200:0:0:7', 8765, 0, 0): b' 1630,7,3,768,0,310,4,3,7,1,1,-52,3,888,9490,105,1,7 '
Received from ('fd00::200:0:0:1', 5678, 0, 0): b' 1632,1,0,256,0,6,0,0,4,0,0,0,10,1345,15377,1844,0,0 '
Received from ('fd00::200:0:0:15', 8765, 0, 0): b' 1631,21,17,1536,0,268,3,7,5,1,1,-52,0,614,6926,82,0,0 '
Received from ('fd00::200:0:0:2', 8765, 0, 0): b' 1632,2,1,512,0,274,4,1,6,1,1,-88,1,1199,16131,107,1,7 '
Received from ('fd00::200:0:0:12', 8765, 0, 0): b' 1630,18,15,1536,0,300,3,4,5,1,1,-70,0,932,11214,97,0,0 '
Received from ('fd00::200:0:0:8', 8765, 0, 0): b' 1633,8,4,768,0,272,3,11,7,1,1,-52,9,4327,27459,103,1,7 '
Received from ('fd00::200:0:0:c', 8765, 0, 0): b' 1634,12,8,1024,0,238,6,16,7,1,3,-52,0,662,10874,58,0,0 '
Received from ('fd00::200:0:0:10', 8765, 0, 0): b' 1634,16,13,1280,0,298,3,4,7,1,1,-70,2,707,9842,98,0,0 '
Received from ('fd00::200:0:0:4', 8765, 0, 0): b' 1635,4,1,512,20,295,4,1,7,2,1,-66,10,4056,24676,106,1,7 '
Received from ('fd00::200:0:0:13', 8765, 0, 0): b' 1630,19,16,1536,20,317,3,4,7,1,1,-70,0,386,5114,95,0,0 '
Received from ('fd00::200:0:0:11', 8765, 0, 0): b' 1635,17,13,1280,0,271,9,5,7,1,3,-52,1,753,9773,90,0,0 '
Received from ('fd00::200:0:0:6', 8765, 0, 0): b' 1635,6,2,768,0,264,1,13,7,1,1,-52,0,422,9328,58,0,0 '
Received from ('fd00::200:0:0:5', 8765, 0, 0): b' 1635,5,4,768,0,315,5,1,6,1,1,-52,0,360,6611,108,0,0 '
Received from ('fd00::200:0:0:f', 8765, 0, 0): b' 1635,15,10,1280,0,294,4,10,7,1,2,-70,1,598,7470,97,0,0 '
Received from ('fd00::200:0:0:e', 8765, 0, 0): b' 1635,14,11,1280,0,292,2,3,7,1,1,-70,0,776,8485,97,0,0 '
Received from ('fd00::200:0:0:2', 8765, 0, 0): b' 1637,2,1,512,10,276,4,1,6,1,1,-88,1,669,7146,107,1,7 '
Received from ('fd00::200:0:0:d', 8765, 0, 0): b' 1637,13,8,1024,10,281,3,4,7,1,1,-70,5,2871,23811,100,0,0 '
Received from ('fd00::200:0:0:3', 8765, 0, 0): b' 1638,3,1,512,10,310,5,3,7,1,1,-64,4,2203,17285,107,1,7 '
Received from ('fd00::200:0:0:14', 8765, 0, 0): b' 1634,20,16,1536,0,297,4,5,7,1,1,-52,0,447,10483,91,0,0 '
Received from ('fd00::200:0:0:a', 8765, 0, 0): b' 1635,10,7,1024,0,283,3,4,7,1,1,-70,2,931,10443,103,0,0 '
Received from ('fd00::200:0:0:9', 8765, 0, 0): b' 1637,9,4,768,0,242,7,13,6,1,4,-70,0,1120,9518,59,0,0 '
Received from ('fd00::200:0:0:12', 8765, 0, 0): b' 1635,18,15,1536,0,301,3,4,5,1,1,-70,0,362,4242,97,0,0 '
Received from ('fd00::200:0:0:c', 8765, 0, 0): b' 1641,12,8,1024,0,238,6,16,7,1,3,-52,0,335,6388,59,0,0 '
Received from ('fd00::200:0:0:b', 8765, 0, 0): b' 1641,11,8,1024,10,311,4,5,7,1,2,-70,1,1223,17914,97,0,0 '
Received from ('fd00::200:0:0:d', 8765, 0, 0): b' 1641,13,8,1024,0,281,3,4,7,1,1,-70,5,909,8596,100,0,0 '
Received from ('fd00::200:0:0:5', 8765, 0, 0): b' 1642,5,4,768,0,315,5,1,6,1,1,-52,0,252,6218,108,0,0 '
Received from ('fd00::200:0:0:6', 8765, 0, 0): b' 1642,6,2,768,0,265,1,13,7,1,1,-52,0,560,6338,59,0,0 '
Received from ('fd00::200:0:0:7', 8765, 0, 0): b' 1640,7,3,768,0,313,4,3,7,1,1,-52,3,2086,17962,105,1,7 '
Received from ('fd00::200:0:0:4', 8765, 0, 0): b' 1642,4,1,512,0,298,4,1,7,2,1,-66,10,3381,20447,107,1,7 '
Received from ('fd00::200:0:0:13', 8765, 0, 0): b' 1638,19,16,1536,0,321,3,4,7,1,1,-70,0,991,8437,95,0,0 '
Received from ('fd00::200:0:0:1', 5678, 0, 0): b' 1643,1,0,256,0,6,0,0,4,0,0,0,10,2579,26095,1861,0,0 '
Received from ('fd00::200:0:0:11', 8765, 0, 0): b' 1642,17,13,1280,0,272,9,5,7,1,3,-52,1,783,9214,91,0,0 '
Received from ('fd00::200:0:0:2', 8765, 0, 0): b' 1643,2,1,512,10,277,4,1,6,1,1,-88,1,916,9469,108,1,7 '
Received from ('fd00::200:0:0:3', 8765, 0, 0): b' 1643,3,1,512,0,312,5,3,7,1,1,-64,4,1454,10491,107,1,7 '
Received from ('fd00::200:0:0:8', 8765, 0, 0): b' 1644,8,4,768,20,273,3,11,7,1,1,-52,9,3772,27285,104,1,7 '
Received from ('fd00::200:0:0:a', 8765, 0, 0): b' 1642,10,7,1024,10,285,3,4,7,1,1,-70,2,985,10367,104,0,0 '
Received from ('fd00::200:0:0:9', 8765, 0, 0): b' 1643,9,4,768,0,243,7,13,6,1,4,-70,0,384,5712,59,0,0 '
Received from ('fd00::200:0:0:15', 8765, 0, 0): b' 1641,21,17,1536,0,273,3,7,5,1,1,-52,0,917,9934,83,0,0 '
Received from ('fd00::200:0:0:10', 8765, 0, 0): b' 1644,16,13,1280,0,303,3,4,7,1,1,-70,2,2095,19824,98,0,0 '
Received from ('fd00::200:0:0:12', 8765, 0, 0): b' 1643,18,15,1536,0,303,3,4,5,1,1,-70,0,669,7751,98,0,0 '
Received from ('fd00::200:0:0:d', 8765, 0, 0): b' 1646,13,8,1024,0,282,3,4,7,1,1,-70,5,1162,9381,101,0,0 '
Received from ('fd00::200:0:0:11', 8765, 0, 0): b' 1647,17,13,1280,0,273,9,5,7,1,3,-52,1,645,6931,91,0,0 '
Received from ('fd00::200:0:0:1', 5678, 0, 0): b' 1647,1,0,256,0,6,0,0,4,0,0,0,10,891,10281,1864,0,0 '
Received from ('fd00::200:0:0:14', 8765, 0, 0): b' 1644,20,16,1536,0,302,4,5,7,1,1,-52,0,1015,10108,92,0,0 '
Received from ('fd00::200:0:0:e', 8765, 0, 0): b' 1646,14,11,1280,0,294,2,3,7,1,1,-70,0,661,10272,97,0,0 '
Received from ('fd00::200:0:0:f', 8765, 0, 0): b' 1647,15,10,1280,10,300,4,10,7,1,2,-70,1,1594,15252,97,0,0 '
Received from ('fd00::200:0:0:9', 8765, 0, 0): b' 1647,9,4,768,0,244,7,13,6,1,4,-70,0,262,4212,59,0,0 '
Received from ('fd00::200:0:0:2', 8765, 0, 0): b' 1648,2,1,512,0,277,4,1,6,1,1,-88,1,504,8158,108,1,7 '
Received from ('fd00::200:0:0:10', 8765, 0, 0): b' 1649,16,13,1280,0,304,3,4,7,1,1,-70,2,944,10053,99,0,0 '
Received from ('fd00::200:0:0:4', 8765, 0, 0): b' 1649,4,1,512,10,298,4,1,7,2,1,-66,10,3379,20604,107,1,7 '
Received from ('fd00::200:0:0:b', 8765, 0, 0): b' 1649,11,8,1024,0,316,4,5,7,1,2,-70,1,1361,14872,98,0,0 '
Received from ('fd00::200:0:0:a', 8765, 0, 0): b' 1648,10,7,1024,0,287,3,4,7,1,1,-70,2,1078,11661,104,0,0 '
Received from ('fd00::200:0:0:13', 8765, 0, 0): b' 1647,19,16,1536,0,325,3,4,7,1,1,-70,0,786,8771,96,0,0 '
Received from ('fd00::200:0:0:5', 8765, 0, 0): b' 1650,5,4,768,0,317,5,1,6,1,1,-52,0,719,11531,109,0,0 '
Received from ('fd00::200:0:0:7', 8765, 0, 0): b' 1649,7,3,768,0,313,4,3,7,1,1,-52,3,1456,14895,106,1,7 '
Received from ('fd00::200:0:0:c', 8765, 0, 0): b' 1650,12,8,1024,0,243,6,16,7,1,3,-52,0,982,11081,59,0,0 '
Received from ('fd00::200:0:0:12', 8765, 0, 0): b' 1650,18,15,1536,0,304,3,4,5,1,1,-70,0,465,7189,99,0,0 '
Received from ('fd00::200:0:0:6', 8765, 0, 0): b' 1652,6,2,768,0,267,1,13,7,1,1,-52,0,635,10280,59,0,0 '
Received from ('fd00::200:0:0:8', 8765, 0, 0): b' 1653,8,4,768,10,275,3,11,7,1,1,-52,9,3368,24343,104,1,7 '
Received from ('fd00::200:0:0:15', 8765, 0, 0): b' 1652,21,17,1536,0,277,3,7,5,1,1,-52,0,851,9803,83,0,0 '
Received from ('fd00::200:0:0:2', 8765, 0, 0): b' 1654,2,1,512,0,277,4,1,6,1,1,-88,1,837,10287,109,1,7 '
Received from ('fd00::200:0:0:3', 8765, 0, 0): b' 1655,3,1,512,0,313,5,3,7,1,1,-64,4,2167,20794,108,1,7 '
Received from ('fd00::200:0:0:d', 8765, 0, 0): b' 1654,13,8,1024,20,283,3,4,7,1,1,-70,5,2159,19894,101,0,0 '
Received from ('fd00::200:0:0:a', 8765, 0, 0): b' 1654,10,7,1024,0,287,3,4,7,1,1,-70,2,745,8755,105,0,0 '
Received from ('fd00::200:0:0:4', 8765, 0, 0): b' 1656,4,1,512,0,298,4,1,7,2,1,-66,10,2658,18412,108,1,7 '
Received from ('fd00::200:0:0:e', 8765, 0, 0): b' 1655,14,11,1280,0,295,2,3,7,1,1,-70,0,466,7504,98,0,0 '
Received from ('fd00::200:0:0:10', 8765, 0, 0): b' 1654,16,13,1280,10,304,3,4,7,1,1,-70,2,855,11773,99,0,0 '
Received from ('fd00::200:0:0:5', 8765, 0, 0): b' 1656,5,4,768,0,319,5,1,6,1,1,-52,0,491,7495,109,0,0 '
Received from ('fd00::200:0:0:1', 5678, 0, 0): b' 1657,1,0,256,0,6,0,0,4,0,0,0,10,2073,22114,1879,0,0 '
Received from ('fd00::200:0:0:b', 8765, 0, 0): b' 1656,11,8,1024,0,316,4,5,7,1,2,-70,1,631,9995,98,0,0 '
Received from ('fd00::200:0:0:f', 8765, 0, 0): b' 1656,15,10,1280,0,303,4,10,7,1,2,-70,1,1268,11896,98,0,0 '
Received from ('fd00::200:0:0:13', 8765, 0, 0): b' 1654,19,16,1536,10,327,3,4,7,1,1,-70,0,361,4337,96,0,0 '
Received from ('fd00::200:0:0:12', 8765, 0, 0): b' 1655,18,15,1536,0,304,3,4,5,1,1,-70,0,254,4255,99,0,0 '
Received from ('fd00::200:0:0:7', 8765, 0, 0): b' 1656,7,3,768,10,315,4,3,7,1,1,-52,3,1610,11913,106,1,7 '
Received from ('fd00::200:0:0:9', 8765, 0, 0): b' 1657,9,4,768,0,245,7,13,6,1,4,-70,0,584,9484,60,0,0 '
Received from ('fd00::200:0:0:11', 8765, 0, 0): b' 1655,17,13,1280,0,275,9,5,7,1,3,-52,1,1134,11704,92,0,0 '
Received from ('fd00::200:0:0:6', 8765, 0, 0): b' 1657,6,2,768,10,268,1,13,7,1,1,-52,0,319,4850,60,0,0 '
Received from ('fd00::200:0:0:14', 8765, 0, 0): b' 1657,20,16,1536,0,307,4,5,7,1,1,-52,0,1040,10853,93,0,0 '
Received from ('fd00::200:0:0:10', 8765, 0, 0): b' 1659,16,13,1280,0,304,3,4,7,1,1,-70,2,834,9041,99,0,0 '
Received from ('fd00::200:0:0:8', 8765, 0, 0): b' 1662,8,4,768,0,278,3,11,7,1,1,-52,9,3459,23695,105,1,7 '
Received from ('fd00::200:0:0:13', 8765, 0, 0): b' 1660,19,16,1536,0,330,3,4,7,1,1,-70,0,624,6696,96,0,0 '
Received from ('fd00::200:0:0:c', 8765, 0, 0): b' 1661,12,8,1024,0,247,6,16,7,1,3,-52,0,908,10928,60,0,0 '
Received from ('fd00::200:0:0:15', 8765, 0, 0): b' 1662,21,17,1536,0,280,3,7,5,1,1,-52,0,800,9871,84,0,0 '
Received from ('fd00::200:0:0:3', 8765, 0, 0): b' 1664,3,1,512,0,314,5,3,7,1,1,-64,4,1654,14707,109,1,7 '
Received from ('fd00::200:0:0:e', 8765, 0, 0): b' 1663,14,11,1280,0,298,2,3,7,1,1,-70,0,720,7773,98,0,0 '
Received from ('fd00::200:0:0:5', 8765, 0, 0): b' 1664,5,4,768,10,325,5,1,6,1,1,-52,0,912,9263,109,0,0 '
Received from ('fd00::200:0:0:7', 8765, 0, 0): b' 1662,7,3,768,0,317,4,3,7,1,1,-52,3,950,10392,107,1,7 '
Received from ('fd00::200:0:0:10', 8765, 0, 0): b' 1663,16,13,1280,0,304,3,4,7,1,1,-70,2,774,8147,100,0,0 '
Received from ('fd00::200:0:0:f', 8765, 0, 0): b' 1662,15,10,1280,0,304,4,10,7,1,2,-70,1,757,9949,99,0,0 '
Received from ('fd00::200:0:0:12', 8765, 0, 0): b' 1664,18,15,1536,0,306,3,4,5,1,1,-70,0,637,8442,99,0,0 '
Received from ('fd00::200:0:0:4', 8765, 0, 0): b' 1666,4,1,512,0,302,4,1,7,2,1,-66,10,5020,29214,108,1,7 '
Received from ('fd00::200:0:0:2', 8765, 0, 0): b' 1666,2,1,512,0,283,4,1,6,1,1,-88,1,1601,17994,109,1,7 '
Received from ('fd00::200:0:0:14', 8765, 0, 0): b' 1665,20,16,1536,0,311,4,5,7,1,1,-52,0,732,8029,93,0,0 '
Received from ('fd00::200:0:0:a', 8765, 0, 0): b' 1665,10,7,1024,0,290,3,4,7,1,1,-70,2,1625,17329,105,0,0 '
Received from ('fd00::200:0:0:d', 8765, 0, 0): b' 1666,13,8,1024,0,284,3,4,7,1,1,-70,5,2524,22870,102,0,0 '
Received from ('fd00::200:0:0:c', 8765, 0, 0): b' 1666,12,8,1024,10,249,6,16,7,1,3,-52,0,525,5459,61,0,0 '
Received from ('fd00::200:0:0:b', 8765, 0, 0): b' 1667,11,8,1024,10,316,4,5,7,1,2,-70,1,985,16914,99,0,0 '
Received from ('fd00::200:0:0:1', 5678, 0, 0): b' 1668,1,0,256,0,6,0,0,4,0,0,0,10,2724,28032,1895,0,0 '
Received from ('fd00::200:0:0:11', 8765, 0, 0): b' 1666,17,13,1280,0,276,9,5,7,1,3,-52,1,1020,14431,92,0,0 '
Received from ('fd00::200:0:0:f', 8765, 0, 0): b' 1667,15,10,1280,0,304,4,10,7,1,2,-70,1,607,5522,99,0,0 '
Received from ('fd00::200:0:0:13', 8765, 0, 0): b' 1666,19,16,1536,0,331,3,4,7,1,1,-70,0,538,5897,97,0,0 '
Received from ('fd00::200:0:0:8', 8765, 0, 0): b' 1669,8,4,768,20,279,3,11,7,1,1,-52,9,2847,19252,105,1,7 '
Received from ('fd00::200:0:0:6', 8765, 0, 0): b' 1669,6,2,768,10,272,1,13,7,1,1,-52,0,944,11289,61,0,0 '
Received from ('fd00::200:0:0:9', 8765, 0, 0): b' 1670,9,4,768,0,248,7,13,6,1,4,-70,0,919,11360,61,0,0 '
Received from ('fd00::200:0:0:3', 8765, 0, 0): b' 1671,3,1,512,0,315,5,3,7,1,1,-64,4,1665,13138,109,1,7 '
Received from ('fd00::200:0:0:5', 8765, 0, 0): b' 1671,5,4,768,0,325,5,1,6,1,1,-52,0,385,8378,110,0,0 '
Received from ('fd00::200:0:0:b', 8765, 0, 0): b' 1671,11,8,1024,0,317,4,5,7,1,2,-70,1,512,6409,99,0,0 '
Received from ('fd00::200:0:0:7', 8765, 0, 0): b' 1670,7,3,768,0,320,4,3,7,1,1,-52,3,1837,14006,107,1,7 '
Received from ('fd00::200:0:0:a', 8765, 0, 0): b' 1670,10,7,1024,0,291,3,4,7,1,1,-70,2,824,8881,106,0,0 '
Received from ('fd00::200:0:0:e', 8765, 0, 0): b' 1673,14,11,1280,0,300,2,3,7,1,1,-70,0,572,8414,99,0,0 '
Received from ('fd00::200:0:0:15', 8765, 0, 0): b' 1672,21,17,1536,0,284,3,7,5,1,1,-52,0,931,11086,85,0,0 '
Received from ('fd00::200:0:0:2', 8765, 0, 0): b' 1675,2,1,512,0,286,4,1,6,1,1,-88,1,1385,14044,110,1,7 '
Received from ('fd00::200:0:0:10', 8765, 0, 0): b' 1674,16,13,1280,0,309,3,4,7,1,1,-70,2,1798,20845,100,0,0 '
Received from ('fd00::200:0:0:6', 8765, 0, 0): b' 1675,6,2,768,0,273,1,13,7,1,1,-52,0,538,5897,61,0,0 '
Received from ('fd00::200:0:0:c', 8765, 0, 0): b' 1677,12,8,1024,0,251,6,16,7,1,3,-52,0,639,9540,61,0,0 '
Received from ('fd00::200:0:0:f', 8765, 0, 0): b' 1673,15,10,1280,20,307,4,11,7,1,2,-70,1,690,8656,99,0,0 '
Received from ('fd00::200:0:0:14', 8765, 0, 0): b' 1676,20,16,1536,0,312,4,5,7,1,1,-52,0,796,10653,94,0,0 '
Received from ('fd00::200:0:0:1', 5678, 0, 0): b' 1677,1,0,256,0,6,0,0,4,0,0,0,10,2107,21027,1904,0,0 '
Received from ('fd00::200:0:0:4', 8765, 0, 0): b' 1677,4,1,512,10,306,4,1,7,2,1,-66,10,5307,32104,109,1,7 '
Received from ('fd00::200:0:0:8', 8765, 0, 0): b' 1677,8,4,768,0,280,3,11,7,1,1,-52,9,2928,21741,106,1,7 '
Received from ('fd00::200:0:0:d', 8765, 0, 0): b' 1678,13,8,1024,10,286,3,4,7,1,1,-70,5,2789,23367,103,0,0 '
Received from ('fd00::200:0:0:12', 8765, 0, 0): b' 1675,18,15,1536,0,311,3,4,5,1,1,-70,0,907,10501,100,0,0 '
Received from ('fd00::200:0:0:3', 8765, 0, 0): b' 1678,3,1,512,0,319,5,3,7,1,1,-64,4,1798,13590,110,1,7 '
Received from ('fd00::200:0:0:11', 8765, 0, 0): b' 1677,17,13,1280,0,280,9,5,7,1,3,-52,1,1338,13852,93,0,0 '
Received from ('fd00::200:0:0:9', 8765, 0, 0): b' 1679,9,4,768,10,252,7,13,6,1,4,-70,0,771,9426,61,0,0 '
Received from ('fd00::200:0:0:13', 8765, 0, 0): b' 1678,19,16,1536,0,335,3,4,7,1,1,-70,0,907,11018,98,0,0 '
Received from ('fd00::200:0:0:e', 8765, 0, 0): b' 1679,14,11,1280,0,304,2,3,7,1,1,-70,0,821,6787,99,0,0 '
Received from ('fd00::200:0:0:b', 8765, 0, 0): b' 1679,11,8,1024,10,321,4,6,7,1,2,-70,1,1429,13645,100,0,0 '
Received from ('fd00::200:0:0:a', 8765, 0, 0): b' 1678,10,7,1024,0,295,3,4,7,1,1,-70,2,1498,14033,106,0,0 '
Received from ('fd00::200:0:0:5', 8765, 0, 0): b' 1682,5,4,768,10,326,5,1,6,1,1,-52,0,612,13065,111,0,0 '
Received from ('fd00::200:0:0:1', 5678, 0, 0): b' 1683,1,0,256,0,6,0,0,4,0,0,0,10,1190,12824,1912,0,0 '
Received from ('fd00::200:0:0:8', 8765, 0, 0): b' 1682,8,4,768,0,282,3,11,7,1,1,-52,9,1847,12519,106,1,7 '
Received from ('fd00::200:0:0:7', 8765, 0, 0): b' 1682,7,3,768,0,322,4,3,7,1,1,-52,3,1901,18198,108,1,7 '
Received from ('fd00::200:0:0:c', 8765, 0, 0): b' 1683,12,8,1024,10,254,6,16,7,1,3,-52,0,572,6471,62,0,0 '
Received from ('fd00::200:0:0:2', 8765, 0, 0): b' 1684,2,1,512,0,289,4,1,6,1,1,-88,1,1178,14288,111,1,7 '
Received from ('fd00::200:0:0:3', 8765, 0, 0): b' 1684,3,1,512,10,320,5,3,7,1,1,-64,4,1107,9831,110,1,7 '
Received from ('fd00::200:0:0:15', 8765, 0, 0): b' 1683,21,17,1536,10,287,3,7,5,1,1,-52,0,801,10495,86,0,0 '
Received from ('fd00::200:0:0:9', 8765, 0, 0): b' 1686,9,4,768,0,253,7,13,6,1,4,-70,0,589,6707,62,0,0 '
Received from ('fd00::200:0:0:f', 8765, 0, 0): b' 1684,15,10,1280,0,312,4,11,7,1,2,-70,1,1642,14523,100,0,0 '
Received from ('fd00::200:0:0:11', 8765, 0, 0): b' 1685,17,13,1280,0,284,9,5,7,1,3,-52,1,1170,10522,94,0,0 '
Received from ('fd00::200:0:0:6', 8765, 0, 0): b' 1687,6,2,768,0,276,1,13,7,1,1,-52,0,822,11572,62,0,0 '
Received from ('fd00::200:0:0:12', 8765, 0, 0): b' 1684,18,15,1536,0,314,3,4,5,1,1,-70,0,705,8580,101,0,0 '
Received from ('fd00::200:0:0:10', 8765, 0, 0): b' 1686,16,13,1280,0,312,3,5,7,1,1,-70,2,1789,21798,101,0,0 '
Received from ('fd00::200:0:0:c', 8765, 0, 0): b' 1688,12,8,1024,0,255,6,16,7,1,3,-52,0,469,4498,62,0,0 '
Received from ('fd00::200:0:0:14', 8765, 0, 0): b' 1686,20,16,1536,0,314,4,5,7,1,1,-52,0,694,9422,95,0,0 '
Received from ('fd00::200:0:0:5', 8765, 0, 0): b' 1689,5,4,768,0,328,5,1,6,1,1,-52,0,516,7689,111,0,0 '
Received from ('fd00::200:0:0:b', 8765, 0, 0): b' 1687,11,8,1024,0,323,4,6,7,1,2,-70,1,839,12558,100,0,0 '
Received from ('fd00::200:0:0:a', 8765, 0, 0): b' 1689,10,7,1024,0,298,3,4,7,1,1,-70,2,1242,14128,107,0,0 '
Received from ('fd00::200:0:0:4', 8765, 0, 0): b' 1689,4,1,512,0,310,4,1,7,2,1,-66,10,5606,33489,110,1,7 '
Received from ('fd00::200:0:0:13', 8765, 0, 0): b' 1687,19,16,1536,0,335,3,4,7,1,1,-70,0,327,8646,98,0,0 '
Received from ('fd00::200:0:0:2', 8765, 0, 0): b' 1689,2,1,512,0,292,4,1,6,1,1,-88,1,1085,10000,111,1,7 '
Received from ('fd00::200:0:0:d', 8765, 0, 0): b' 1689,13,8,1024,0,288,3,4,7,1,1,-70,5,2887,24407,104,0,0 '
Received from ('fd00::200:0:0:e', 8765, 0, 0): b' 1689,14,11,1280,0,308,2,3,7,1,1,-70,0,1117,10570,100,0,0 '
Received from ('fd00::200:0:0:7', 8765, 0, 0): b' 1690,7,3,768,0,325,4,3,7,1,1,-52,3,1617,12877,109,1,7 '
Received from ('fd00::200:0:0:f', 8765, 0, 0): b' 1688,15,10,1280,0,312,4,11,7,1,2,-70,1,491,5823,100,0,0 '
Received from ('fd00::200:0:0:1', 5678, 0, 0): b' 1692,1,0,256,0,6,0,0,4,0,0,0,10,2162,22559,1924,0,0 '
Received from ('fd00::200:0:0:6', 8765, 0, 0): b' 1691,6,2,768,10,279,1,13,7,1,1,-52,0,574,4924,62,0,0 '
Received from ('fd00::200:0:0:8', 8765, 0, 0): b' 1692,8,4,768,0,285,3,11,7,1,1,-52,9,3923,26924,107,1,7 '
Received from ('fd00::200:0:0:11', 8765, 0, 0): b' 1692,17,13,1280,0,287,9,5,7,1,3,-52,1,908,8833,94,0,0 '
Received from ('fd00::200:0:0:9', 8765, 0, 0): b' 1694,9,4,768,0,255,7,13,6,1,4,-70,0,514,7223,62,0,0 '
Received from ('fd00::200:0:0:3', 8765, 0, 0): b' 1694,3,1,512,20,323,5,3,7,1,1,-64,4,2366,18855,111,1,7 '
Received from ('fd00::200:0:0:15', 8765, 0, 0): b' 1693,21,17,1536,0,289,3,7,5,1,1,-52,0,706,9163,86,0,0 '
Received from ('fd00::200:0:0:7', 8765, 0, 0): b' 1694,7,3,768,0,326,4,3,7,1,1,-52,3,803,6946,109,1,7 '
Received from ('fd00::200:0:0:12', 8765, 0, 0): b' 1692,18,15,1536,0,316,3,4,5,1,1,-70,0,614,8101,101,0,0 '
Received from ('fd00::200:0:0:10', 8765, 0, 0): b' 1694,16,13,1280,10,313,3,5,7,1,1,-70,2,1221,15447,102,0,0 '
Received from ('fd00::200:0:0:f', 8765, 0, 0): b' 1693,15,10,1280,0,313,4,11,7,1,2,-70,1,651,6190,101,0,0 '
Received from ('fd00::200:0:0:14', 8765, 0, 0): b' 1695,20,16,1536,0,316,4,5,7,1,1,-52,0,637,8444,95,0,0 '
Received from ('fd00::200:0:0:5', 8765, 0, 0): b' 1696,5,4,768,0,331,5,1,6,1,1,-52,0,802,9743,112,0,0 '
Received from ('fd00::200:0:0:b', 8765, 0, 0): b' 1696,11,8,1024,0,325,4,6,7,1,2,-70,1,891,12996,101,0,0 '
Received from ('fd00::200:0:0:e', 8765, 0, 0): b' 1696,14,11,1280,0,309,2,3,7,1,1,-70,0,413,6616,100,0,0 '
Received from ('fd00::200:0:0:c', 8765, 0, 0): b' 1697,12,8,1024,10,257,6,16,7,1,3,-52,0,693,9253,63,0,0 '
Received from ('fd00::200:0:0:2', 8765, 0, 0): b' 1698,2,1,512,0,293,4,1,6,1,1,-88,1,1010,12306,112,1,7 '
Received from ('fd00::200:0:0:a', 8765, 0, 0): b' 1696,10,7,1024,0,301,3,4,7,1,1,-70,2,1550,14020,107,0,0 '
Received from ('fd00::200:0:0:1', 5678, 0, 0): b' 1699,1,0,256,0,6,0,0,4,0,0,0,10,1621,15957,1935,0,0 '
Received from ('fd00::200:0:0:d', 8765, 0, 0): b' 1699,13,8,1024,10,288,3,4,7,1,1,-70,5,1653,18057,104,0,0 '
Received from ('fd00::200:0:0:3', 8765, 0, 0): b' 1699,3,1,512,0,324,5,3,7,1,1,-64,4,1467,10042,111,1,7 '
Received from ('fd00::200:0:0:11', 8765, 0, 0): b' 1698,17,13,1280,10,289,9,5,7,1,3,-52,1,900,8629,95,0,0 '
Received from ('fd00::200:0:0:12', 8765, 0, 0): b' 1699,18,15,1536,0,318,3,4,5,1,1,-70,0,549,6087,102,0,0 '
Received from ('fd00::200:0:0:4', 8765, 0, 0): b' 1701,4,1,512,10,313,5,1,7,2,1,-66,10,5242,32421,111,1,7 '
Received from ('fd00::200:0:0:8', 8765, 0, 0): b' 1700,8,4,768,10,287,3,11,7,1,1,-52,9,3114,21269,107,1,7 '
Received from ('fd00::200:0:0:15', 8765, 0, 0): b' 1698,21,17,1536,0,289,3,7,5,1,1,-52,0,334,4937,87,0,0 '
Received from ('fd00::200:0:0:6', 8765, 0, 0): b' 1701,6,2,768,0,281,1,13,7,1,1,-52,0,595,8874,63,0,0 '
Received from ('fd00::200:0:0:9', 8765, 0, 0): b' 1700,9,4,768,0,255,7,13,6,1,4,-70,0,356,7417,63,0,0 '
Received from ('fd00::200:0:0:13', 8765, 0, 0): b' 1699,19,16,1536,0,337,3,4,7,1,1,-70,0,717,11177,99,0,0 '
Received from ('fd00::200:0:0:f', 8765, 0, 0): b' 1700,15,10,1280,0,314,4,11,7,1,2,-70,1,821,8824,101,0,0 '
Received from ('fd00::200:0:0:7', 8765, 0, 0): b' 1702,7,3,768,0,329,4,3,7,1,1,-52,3,2101,15867,110,1,7 '
Received from ('fd00::200:0:0:3', 8765, 0, 0): b' 1703,3,1,512,0,325,5,3,7,1,1,-64,4,1252,8037,111,1,7 '
Received from ('fd00::200:0:0:b', 8765, 0, 0): b' 1703,11,8,1024,0,327,4,6,7,1,2,-70,1,1023,11488,101,0,0 '
Received from ('fd00::200:0:0:a', 8765, 0, 0): b' 1703,10,7,1024,0,302,3,4,7,1,1,-70,2,978,11639,108,0,0 '
Received from ('fd00::200:0:0:12', 8765, 0, 0): b' 1703,18,15,1536,0,318,3,4,5,1,1,-70,0,255,3728,102,0,0 '
Received from ('fd00::200:0:0:c', 8765, 0, 0): b' 1704,12,8,1024,0,257,6,16,7,1,3,-52,0,279,6188,63,0,0 '
Received from ('fd00::200:0:0:d', 8765, 0, 0): b' 1706,13,8,1024,0,289,3,4,7,1,1,-70,5,1505,13926,105,0,0 '
Received from ('fd00::200:0:0:10', 8765, 0, 0): b' 1705,16,13,1280,0,316,3,5,7,1,1,-70,2,1611,20735,102,0,0 '
Received from ('fd00::200:0:0:8', 8765, 0, 0): b' 1706,8,4,768,10,289,3,11,7,1,1,-52,9,2399,16011,108,1,7 '
Received from ('fd00::200:0:0:f', 8765, 0, 0): b' 1705,15,10,1280,0,316,4,11,7,1,2,-70,1,703,6709,101,0,0 '
Received from ('fd00::200:0:0:11', 8765, 0, 0): b' 1706,17,13,1280,0,290,9,5,7,1,3,-52,1,671,9059,95,0,0 '
Received from ('fd00::200:0:0:5', 8765, 0, 0): b' 1708,5,4,768,0,333,5,1,6,1,1,-52,0,635,13648,112,0,0 '
Received from ('fd00::200:0:0:e', 8765, 0, 0): b' 1707,14,11,1280,0,312,2,3,7,1,1,-70,0,801,9947,101,0,0 '
Received from ('fd00::200:0:0:14', 8765, 0, 0): b' 1706,20,16,1536,0,319,4,5,7,1,1,-52,0,800,10676,96,0,0 '
Received from ('fd00::200:0:0:1', 5678, 0, 0): b' 1708,1,0,256,0,6,0,0,4,0,0,0,10,2228,23639,1947,0,0 '
Received from ('fd00::200:0:0:c', 8765, 0, 0): b' 1708,12,8,1024,0,259,6,16,7,1,3,-52,0,468,4269,63,0,0 '
Received from ('fd00::200:0:0:2', 8765, 0, 0): b' 1709,2,1,512,0,295,4,1,6,1,1,-88,1,1329,17908,112,1,7 '
Received from ('fd00::200:0:0:a', 8765, 0, 0): b' 1708,10,7,1024,0,302,3,4,7,1,1,-70,2,785,8079,108,0,0 '
Received from ('fd00::200:0:0:12', 8765, 0, 0): b' 1708,18,15,1536,10,321,3,4,5,1,1,-70,0,493,4921,102,0,0 '
Received from ('fd00::200:0:0:4', 8765, 0, 0): b' 1710,4,1,512,0,316,5,1,7,2,1,-66,10,4392,26755,111,1,7 '
Received from ('fd00::200:0:0:d', 8765, 0, 0): b' 1710,13,8,1024,0,289,3,4,7,1,1,-70,5,1045,9810,105,0,0 '
Received from ('fd00::200:0:0:15', 8765, 0, 0): b' 1710,21,17,1536,10,291,3,7,5,1,1,-52,0,637,10230,87,0,0 '
Received from ('fd00::200:0:0:6', 8765, 0, 0): b' 1711,6,2,768,0,284,1,13,7,1,1,-52,0,736,9392,63,0,0 '
Received from ('fd00::200:0:0:f', 8765, 0, 0): b' 1710,15,10,1280,10,318,4,11,7,1,2,-70,1,895,7146,102,0,0 '
Received from ('fd00::200:0:0:13', 8765, 0, 0): b' 1711,19,16,1536,10,340,3,4,7,1,1,-70,0,801,10476,100,0,0 '
Received from ('fd00::200:0:0:8', 8765, 0, 0): b' 1713,8,4,768,20,291,3,11,7,1,1,-52,9,2192,15306,108,1,7 '
Received from ('fd00::200:0:0:1', 5678, 0, 0): b' 1713,1,0,256,0,6,0,0,4,0,0,0,10,972,10312,1951,0,0 '
Received from ('fd00::200:0:0:5', 8765, 0, 0): b' 1712,5,4,768,0,334,5,1,6,1,1,-52,0,468,6128,113,0,0 '
Received from ('fd00::200:0:0:9', 8765, 0, 0): b' 1713,9,4,768,0,257,7,13,6,1,4,-70,0,812,11377,64,0,0 '
Received from ('fd00::200:0:0:b', 8765, 0, 0): b' 1712,11,8,1024,10,330,4,6,7,1,2,-70,1,1118,14601,102,0,0 '
Received from ('fd00::200:0:0:7', 8765, 0, 0): b' 1713,7,3,768,10,331,4,3,7,1,1,-52,3,1998,17682,110,1,7 '
Received from ('fd00::200:0:0:e', 8765, 0, 0): b' 1712,14,11,1280,0,313,2,3,7,1,1,-70,0,419,5218,102,0,0 '
Received from ('fd00::200:0:0:10', 8765, 0, 0): b' 1714,16,13,1280,0,317,3,5,7,1,1,-70,2,1352,14311,103,0,0 '
Received from ('fd00::200:0:0:11', 8765, 0, 0): b' 1714,17,13,1280,0,292,9,5,7,1,3,-52,1,834,9913,95,0,0 '
Received from ('fd00::200:0:0:3', 8765, 0, 0): b' 1715,3,1,512,0,329,5,3,7,1,1,-64,4,2731,21148,112,1,7 '
Received from ('fd00::200:0:0:14', 8765, 0, 0): b' 1714,20,16,1536,10,324,4,5,7,1,1,-52,0,624,7750,96,0,0 '
Received from ('fd00::200:0:0:12', 8765, 0, 0): b' 1713,18,15,1536,0,323,3,4,5,1,1,-70,0,657,6525,103,0,0 '
Received from ('fd00::200:0:0:c', 8765, 0, 0): b' 1716,12,8,1024,0,262,6,16,7,1,3,-52,0,673,8210,64,0,0 '
Received from ('fd00::200:0:0:15', 8765, 0, 0): b' 1716,21,17,1536,0,292,3,7,5,1,1,-52,0,443,5658,88,0,0 '
Received from ('fd00::200:0:0:9', 8765, 0, 0): b' 1717,9,4,768,10,259,7,13,6,1,4,-70,0,263,4255,64,0,0 '
Received from ('fd00::200:0:0:13', 8765, 0, 0): b' 1717,19,16,1536,0,342,3,4,7,1,1,-70,0,646,6371,100,0,0 '
Received from ('fd00::200:0:0:b', 8765, 0, 0): b' 1717,11,8,1024,0,331,4,7,7,1,2,-70,1,733,8020,102,0,0 '
Received from ('fd00::200:0:0:10', 8765, 0, 0): b' 1718,16,13,1280,0,317,3,5,7,1,1,-70,2,901,8537,103,0,0 '
Received from ('fd00::200:0:0:a', 8765, 0, 0): b' 1718,10,7,1024,0,303,3,4,7,1,1,-70,2,1322,15417,109,0,0 '
Received from ('fd00::200:0:0:d', 8765, 0, 0): b' 1719,13,8,1024,10,292,3,4,7,1,1,-70,5,2440,17907,106,0,0 '
Received from ('fd00::200:0:0:5', 8765, 0, 0): b' 1720,5,4,768,0,336,5,1,6,1,1,-52,0,514,9736,113,0,0 '
Received from ('fd00::200:0:0:2', 8765, 0, 0): b' 1720,2,1,512,0,298,4,1,6,1,1,-88,1,1531,17461,113,1,7 '
Received from ('fd00::200:0:0:14', 8765, 0, 0): b' 1720,20,16,1536,0,325,4,5,7,1,1,-52,0,549,5157,97,0,0 '
Received from ('fd00::200:0:0:6', 8765, 0, 0): b' 1721,6,2,768,0,287,1,13,7,1,1,-52,0,798,9998,64,0,0 '
Received from ('fd00::200:0:0:7', 8765, 0, 0): b' 1721,7,3,768,10,334,4,3,7,1,1,-52,3,1536,13635,111,1,7 '
Received from ('fd00::200:0:0:b', 8765, 0, 0): b' 1721,11,8,1024,0,334,4,7,7,1,2,-70,1,743,6979,103,0,0 '
Received from ('fd00::200:0:0:4', 8765, 0, 0): b' 1722,4,1,512,0,320,5,1,7,2,1,-66,10,6299,35660,112,1,7 '
Received from ('fd00::200:0:0:1', 5678, 0, 0): b' 1722,1,0,256,0,6,0,0,4,0,0,0,10,2367,89030,1965,0,0 '
Received from ('fd00::200:0:0:e', 8765, 0, 0): b' 1722,14,11,1280,0,317,2,3,7,1,1,-70,0,755,9596,102,0,0 '
Received from ('fd00::200:0:0:8', 8765, 0, 0): b' 1724,8,4,768,0,293,3,11,7,1,1,-52,9,4767,31143,109,1,7 '
Received from ('fd00::200:0:0:10', 8765, 0, 0): b' 1723,16,13,1280,0,318,3,5,7,1,1,-70,2,934,11418,104,0,0 '
Received from ('fd00::200:0:0:f', 8765, 0, 0): b' 1721,15,10,1280,0,319,4,11,7,1,2,-70,1,1080,14962,103,0,0 '
Received from ('fd00::200:0:0:a', 8765, 0, 0): b' 1724,10,7,1024,0,304,3,4,7,1,1,-70,2,789,9219,109,0,0 '
Received from ('fd00::200:0:0:3', 8765, 0, 0): b' 1724,3,1,512,0,334,5,3,7,1,1,-64,4,2201,17378,113,1,7 '
Received from ('fd00::200:0:0:d', 8765, 0, 0): b' 1726,13,8,1024,10,293,3,4,7,1,1,-70,5,1401,13741,106,0,0 '
Received from ('fd00::200:0:0:14', 8765, 0, 0): b' 1725,20,16,1536,0,327,4,5,7,1,1,-52,0,492,5790,97,0,0 '
Received from ('fd00::200:0:0:b', 8765, 0, 0): b' 1726,11,8,1024,0,334,4,7,7,1,2,-70,1,557,6774,103,0,0 '
Received from ('fd00::200:0:0:12', 8765, 0, 0): b' 1724,18,15,1536,0,325,3,4,5,1,1,-70,0,597,9301,104,0,0 '
Received from ('fd00::200:0:0:11', 8765, 0, 0): b' 1726,17,13,1280,10,294,9,5,7,1,3,-52,1,1308,15025,96,0,0 '
Received from ('fd00::200:0:0:2', 8765, 0, 0): b' 1727,2,1,512,0,298,4,1,6,1,1,-88,1,674,10015,113,1,7 '
Received from ('fd00::200:0:0:9', 8765, 0, 0): b' 1727,9,4,768,0,263,7,13,6,1,4,-70,0,1007,9799,65,0,0 '
Received from ('fd00::200:0:0:15', 8765, 0, 0): b' 1725,21,17,1536,0,294,3,7,5,1,1,-52,0,540,8213,88,0,0 '
Received from ('fd00::200:0:0:c', 8765, 0, 0): b' 1728,12,8,1024,10,267,6,16,7,1,3,-52,0,1014,11531,65,0,0 '
Received from ('fd00::200:0:0:8', 8765, 0, 0): b' 1728,8,4,768,10,293,3,11,7,1,1,-52,9,1545,10962,109,1,7 '
Received from ('fd00::200:0:0:1', 5678, 0, 0): b' 1729,1,0,256,0,6,0,0,4,0,0,0,10,1287,15109,1975,0,0 '
Received from ('fd00::200:0:0:13', 8765, 0, 0): b' 1729,19,16,1536,0,345,3,4,7,1,1,-70,0,885,10734,101,0,0 '
Received from ('fd00::200:0:0:6', 8765, 0, 0): b' 1729,6,2,768,10,289,1,13,7,1,1,-52,0,560,7609,65,0,0 '
Received from ('fd00::200:0:0:14', 8765, 0, 0): b' 1730,20,16,1536,0,329,4,5,7,1,1,-52,0,524,4662,98,0,0 '
Received from ('fd00::200:0:0:d', 8765, 0, 0): b' 1729,13,8,1024,0,293,3,4,7,1,1,-70,5,1380,10325,106,0,0 '
Received from ('fd00::200:0:0:2', 8765, 0, 0): b' 1731,2,1,512,0,299,4,1,6,1,1,-88,1,750,7707,114,1,7 '
Received from ('fd00::200:0:0:3', 8765, 0, 0): b' 1731,3,1,512,0,334,5,3,7,1,1,-64,4,1329,11842,113,1,7 '
Received from ('fd00::200:0:0:5', 8765, 0, 0): b' 1733,5,4,768,0,337,5,1,6,1,1,-52,0,636,14674,114,0,0 '
Received from ('fd00::200:0:0:a', 8765, 0, 0): b' 1731,10,7,1024,0,305,3,4,7,1,1,-70,2,903,11608,110,0,0 '
Received from ('fd00::200:0:0:7', 8765, 0, 0): b' 1732,7,3,768,0,341,4,3,7,1,1,-52,3,2665,20914,112,1,7 '
Received from ('fd00::200:0:0:13', 8765, 0, 0): b' 1733,19,16,1536,0,347,3,4,7,1,1,-70,0,470,4642,101,0,0 '
Received from ('fd00::200:0:0:6', 8765, 0, 0): b' 1733,6,2,768,0,289,1,13,7,1,1,-52,0,263,4256,65,0,0 '
Received from ('fd00::200:0:0:4', 8765, 0, 0): b' 1733,4,1,512,20,321,5,1,7,2,1,-66,10,4819,31001,113,1,7 '
Received from ('fd00::200:0:0:11', 8765, 0, 0): b' 1732,17,13,1280,10,296,9,5,7,1,3,-52,1,960,9789,97,0,0 '
Received from ('fd00::200:0:0:c', 8765, 0, 0): b' 1733,12,8,1024,0,270,6,16,7,1,3,-52,0,724,6600,65,0,0 '
Received from ('fd00::200:0:0:f', 8765, 0, 0): b' 1732,15,10,1280,0,321,4,11,7,1,2,-70,1,1079,13332,103,0,0 '
Received from ('fd00::200:0:0:12', 8765, 0, 0): b' 1733,18,15,1536,0,327,3,4,5,1,1,-70,0,614,7988,104,0,0 '
Received from ('fd00::200:0:0:e', 8765, 0, 0): b' 1734,14,11,1280,0,321,2,3,7,1,1,-70,0,1029,11286,103,0,0 '
Received from ('fd00::200:0:0:15', 8765, 0, 0): b' 1732,21,17,1536,10,297,3,7,5,1,1,-52,0,752,7477,89,0,0 '
Received from ('fd00::200:0:0:1', 5678, 0, 0): b' 1736,1,0,256,0,6,0,0,4,0,0,0,10,1567,16428,1983,0,0 '
Received from ('fd00::200:0:0:10', 8765, 0, 0): b' 1732,16,13,1280,0,320,3,5,7,1,1,-70,2,1801,18115,104,0,0 '
Received from ('fd00::200:0:0:b', 8765, 0, 0): b' 1737,11,8,1024,0,335,5,7,7,1,2,-70,1,1242,17962,104,0,0 '
Received from ('fd00::200:0:0:2', 8765, 0, 0): b' 1737,2,1,512,0,300,4,1,6,1,1,-88,1,755,9669,114,1,7 '
Received from ('fd00::200:0:0:d', 8765, 0, 0): b' 1737,13,8,1024,0,295,3,4,7,1,1,-70,5,1634,15205,107,0,0 '
Received from ('fd00::200:0:0:10', 8765, 0, 0): b' 1737,16,13,1280,10,320,3,5,7,1,1,-70,2,386,8276,105,0,0 '
Received from ('fd00::200:0:0:7', 8765, 0, 0): b' 1737,7,3,768,0,343,4,3,7,1,1,-52,3,968,9960,112,1,7 '
Received from ('fd00::200:0:0:8', 8765, 0, 0): b' 1739,8,4,768,0,295,3,11,7,1,1,-52,9,4399,29470,110,1,7 '
Received from ('fd00::200:0:0:9', 8765, 0, 0): b' 1738,9,4,768,10,266,7,13,6,1,4,-70,0,743,10869,65,0,0 '
Received from ('fd00::200:0:0:14', 8765, 0, 0): b' 1739,20,16,1536,0,331,4,5,7,1,1,-52,0,516,7875,98,0,0 '
Received from ('fd00::200:0:0:1', 5678, 0, 0): b' 1740,1,0,256,0,6,0,0,4,0,0,0,10,943,10259,1988,0,0 '
Received from ('fd00::200:0:0:3', 8765, 0, 0): b' 1739,3,1,512,10,335,5,3,7,1,1,-64,4,1621,14620,114,1,7 '
Received from ('fd00::200:0:0:c', 8765, 0, 0): b' 1740,12,8,1024,0,271,6,16,7,1,3,-52,0,385,6462,65,0,0 '
Received from ('fd00::200:0:0:13', 8765, 0, 0): b' 1740,19,16,1536,0,347,3,4,7,1,1,-70,0,456,7196,102,0,0 '
Received from ('fd00::200:0:0:4', 8765, 0, 0): b' 1741,4,1,512,40,326,5,1,7,2,1,-66,10,4296,23942,113,1,7 '
Received from ('fd00::200:0:0:15', 8765, 0, 0): b' 1740,21,17,1536,0,300,3,7,5,1,1,-52,0,648,8074,89,0,0 '
Received from ('fd00::200:0:0:11', 8765, 0, 0): b' 1740,17,13,1280,0,296,9,5,7,1,3,-52,1,819,11026,97,0,0 '
Received from ('fd00::200:0:0:5', 8765, 0, 0): b' 1742,5,4,768,0,344,5,1,6,1,1,-52,0,1249,13683,115,0,0 '
Received from ('fd00::200:0:0:e', 8765, 0, 0): b' 1742,14,11,1280,0,323,2,3,7,1,1,-70,0,600,8604,104,0,0 '
Received from ('fd00::200:0:0:6', 8765, 0, 0): b' 1743,6,2,768,0,290,1,13,7,1,1,-52,0,528,9478,65,0,0 '
Received from ('fd00::200:0:0:a', 8765, 0, 0): b' 1741,10,7,1024,0,307,3,4,7,1,1,-70,2,1432,17703,111,0,0 '
Received from ('fd00::200:0:0:f', 8765, 0, 0): b' 1742,15,10,1280,10,324,4,11,7,1,2,-70,1,1242,12763,104,0,0 '
Received from ('fd00::200:0:0:1', 5678, 0, 0): b' 1744,1,0,256,0,6,0,0,4,0,0,0,10,1186,11304,1997,0,0 '
Received from ('fd00::200:0:0:12', 8765, 0, 0): b' 1741,18,15,1536,0,328,3,4,5,1,1,-70,0,587,8455,105,0,0 '
Received from ('fd00::200:0:0:3', 8765, 0, 0): b' 1744,3,1,512,10,336,5,3,7,1,1,-64,4,1382,9498,114,1,7 '
Received from ('fd00::200:0:0:8', 8765, 0, 0): b' 1744,8,4,768,0,296,3,11,7,1,1,-52,9,2368,16595,110,1,7 '
Received from ('fd00::200:0:0:2', 8765, 0, 0): b' 1744,2,1,512,0,302,4,1,6,1,1,-88,1,1076,12605,115,1,7 '
Received from ('fd00::200:0:0:9', 8765, 0, 0): b' 1745,9,4,768,0,268,7,13,6,1,4,-70,0,669,7035,66,0,0 '
Received from ('fd00::200:0:0:d', 8765, 0, 0): b' 1745,13,8,1024,10,297,3,4,7,1,1,-70,5,2039,16155,107,0,0 '
Received from ('fd00::200:0:0:b', 8765, 0, 0): b' 1745,11,8,1024,0,336,5,8,7,1,2,-70,1,904,13201,104,0,0 '
Received from ('fd00::200:0:0:4', 8765, 0, 0): b' 1745,4,1,512,0,329,5,1,7,2,1,-66,10,2702,14849,114,1,7 '
Received from ('fd00::200:0:0:13', 8765, 0, 0): b' 1745,19,16,1536,10,348,3,4,7,1,1,-70,0,279,4944,102,0,0 '
Received from ('fd00::200:0:0:10', 8765, 0, 0): b' 1745,16,13,1280,10,322,3,5,7,1,1,-70,2,1673,15903,105,0,0 '
Received from ('fd00::200:0:0:14', 8765, 0, 0): b' 1746,20,16,1536,10,334,4,5,7,1,1,-52,0,776,8520,99,0,0 '
Received from ('fd00::200:0:0:5', 8765, 0, 0): b' 1748,5,4,768,0,346,5,1,6,1,1,-52,0,492,7358,115,0,0 '
Received from ('fd00::200:0:0:11', 8765, 0, 0): b' 1747,17,13,1280,10,297,9,5,7,1,3,-52,1,828,8849,98,0,0 '
Received from ('fd00::200:0:0:1', 5678, 0, 0): b' 1749,1,0,256,0,6,0,0,4,0,0,0,10,1119,11053,2002,0,0 '
Received from ('fd00::200:0:0:7', 8765, 0, 0): b' 1748,7,3,768,10,347,4,3,7,1,1,-52,3,2137,18223,113,1,7 '
Received from ('fd00::200:0:0:15', 8765, 0, 0): b' 1748,21,17,1536,0,303,3,7,5,1,1,-52,0,753,7194,90,0,0 '
Received from ('fd00::200:0:0:a', 8765, 0, 0): b' 1748,10,7,1024,0,309,3,4,7,1,1,-70,2,958,10181,111,0,0 '
Received from ('fd00::200:0:0:e', 8765, 0, 0): b' 1748,14,11,1280,0,326,2,3,7,1,1,-70,0,600,6542,104,0,0 '
Received from ('fd00::200:0:0:13', 8765, 0, 0): b' 1748,19,16,1536,0,350,3,4,7,1,1,-70,0,480,4238,102,0,0 '
Received from ('fd00::200:0:0:12', 8765, 0, 0): b' 1747,18,15,1536,0,328,3,4,5,1,1,-70,0,279,5603,105,0,0 '
Received from ('fd00::200:0:0:2', 8765, 0, 0): b' 1749,2,1,512,0,304,4,1,6,1,1,-88,1,780,7997,115,1,7 '
Received from ('fd00::200:0:0:3', 8765, 0, 0): b' 1750,3,1,512,0,337,5,3,7,1,1,-64,4,1083,10056,114,1,7 '
Received from ('fd00::200:0:0:f', 8765, 0, 0): b' 1749,15,10,1280,0,325,4,11,7,1,2,-70,1,743,8918,104,0,0 '
Received from ('fd00::200:0:0:6', 8765, 0, 0): b' 1751,6,2,768,0,295,1,13,7,1,1,-52,0,988,8281,66,0,0 '
Received from ('fd00::200:0:0:c', 8765, 0, 0): b' 1751,12,8,1024,0,273,6,16,7,1,3,-52,0,719,10890,66,0,0 '
Received from ('fd00::200:0:0:10', 8765, 0, 0): b' 1750,16,13,1280,10,323,3,5,7,1,1,-70,2,1036,9322,106,0,0 '
Received from ('fd00::200:0:0:d', 8765, 0, 0): b' 1751,13,8,1024,0,298,3,4,7,1,1,-70,5,1970,15029,108,0,0 '
Received from ('fd00::200:0:0:1', 5678, 0, 0): b' 1753,1,0,256,0,6,0,0,4,0,0,0,10,954,10449,2006,0,0 '
Received from ('fd00::200:0:0:11', 8765, 0, 0): b' 1755,17,13,1280,0,298,9,5,7,1,3,-52,1,697,9347,98,0,0 '
Received from ('fd00::200:0:0:6', 8765, 0, 0): b' 1755,6,2,768,10,296,1,13,7,1,1,-52,0,262,4468,66,0,0 '
Received from ('fd00::200:0:0:7', 8765, 0, 0): b' 1754,7,3,768,0,347,4,3,7,1,1,-52,3,1061,11309,113,1,7 '
Received from ('fd00::200:0:0:4', 8765, 0, 0): b' 1756,4,1,512,10,331,5,1,7,2,1,-66,10,4416,27602,114,1,7 '
Received from ('fd00::200:0:0:2', 8765, 0, 0): b' 1756,2,1,512,0,306,4,1,6,1,1,-88,1,895,9449,115,1,7 '
Received from ('fd00::200:0:0:12', 8765, 0, 0): b' 1754,18,15,1536,0,330,3,4,5,1,1,-70,0,493,5984,105,0,0 '
Received from ('fd00::200:0:0:10', 8765, 0, 0): b' 1756,16,13,1280,0,323,3,6,7,1,1,-70,2,656,9786,106,0,0 '
Received from ('fd00::200:0:0:8', 8765, 0, 0): b' 1755,8,4,768,10,297,4,11,7,1,1,-52,9,4491,31380,111,1,7 '
Received from ('fd00::200:0:0:9', 8765, 0, 0): b' 1755,9,4,768,0,270,7,13,6,1,4,-70,0,781,11168,67,0,0 '
Received from ('fd00::200:0:0:b', 8765, 0, 0): b' 1755,11,8,1024,10,338,5,8,7,1,2,-70,1,1146,16698,105,0,0 '
Received from ('fd00::200:0:0:e', 8765, 0, 0): b' 1754,14,11,1280,0,329,2,3,7,1,1,-70,0,697,6429,104,0,0 '
Received from ('fd00::200:0:0:3', 8765, 0, 0): b' 1758,3,1,512,0,339,5,3,7,1,1,-64,4,1669,12694,115,1,7 '
Received from ('fd00::200:0:0:14', 8765, 0, 0): b' 1756,20,16,1536,0,336,4,5,7,1,1,-52,0,638,9243,99,0,0 '
Received from ('fd00::200:0:0:f', 8765, 0, 0): b' 1756,15,10,1280,0,327,5,11,7,1,2,-70,1,1092,10322,105,0,0 '
Received from ('fd00::200:0:0:15', 8765, 0, 0): b' 1757,21,17,1536,0,306,3,7,5,1,1,-52,0,857,9177,90,0,0 '
Received from ('fd00::200:0:0:5', 8765, 0, 0): b' 1759,5,4,768,0,348,6,1,6,1,1,-52,0,869,12923,116,0,0 '
Received from ('fd00::200:0:0:13', 8765, 0, 0): b' 1756,19,16,1536,0,352,3,4,7,1,1,-70,0,670,7648,103,0,0 '
Received from ('fd00::200:0:0:7', 8765, 0, 0): b' 1759,7,3,768,10,350,4,3,7,1,1,-52,3,1458,9631,114,1,7 '
Received from ('fd00::200:0:0:1', 5678, 0, 0): b' 1761,1,0,256,0,6,0,0,4,0,0,0,10,1884,18305,2019,0,0 '
Received from ('fd00::200:0:0:a', 8765, 0, 0): b' 1760,10,7,1024,0,310,3,4,7,1,1,-70,2,1799,18304,112,0,0 '
Received from ('fd00::200:0:0:c', 8765, 0, 0): b' 1759,12,8,1024,0,276,6,16,7,1,3,-52,0,777,9275,67,0,0 '
Received from ('fd00::200:0:0:12', 8765, 0, 0): b' 1759,18,15,1536,0,332,3,4,5,1,1,-70,0,525,4605,106,0,0 '
Received from ('fd00::200:0:0:b', 8765, 0, 0): b' 1760,11,8,1024,0,338,5,8,7,1,2,-70,1,630,7885,105,0,0 '
Received from ('fd00::200:0:0:9', 8765, 0, 0): b' 1760,9,4,768,0,270,7,13,6,1,4,-70,0,253,4362,67,0,0 '
Received from ('fd00::200:0:0:d', 8765, 0, 0): b' 1761,13,8,1024,20,301,3,4,7,1,1,-70,5,2222,20954,109,0,0 '
Received from ('fd00::200:0:0:15', 8765, 0, 0): b' 1762,21,17,1536,0,306,3,7,5,1,1,-52,0,334,4981,91,0,0 '
Received from ('fd00::200:0:0:14', 8765, 0, 0): b' 1763,20,16,1536,10,339,4,5,7,1,1,-52,0,656,6378,100,0,0 '
Received from ('fd00::200:0:0:f', 8765, 0, 0): b' 1762,15,10,1280,0,328,5,11,7,1,2,-70,1,678,7445,105,0,0 '
Received from ('fd00::200:0:0:4', 8765, 0, 0): b' 1764,4,1,512,0,336,5,1,7,2,1,-66,10,4829,25695,115,1,7 '
Received from ('fd00::200:0:0:10', 8765, 0, 0): b' 1764,16,13,1280,0,325,3,6,7,1,1,-70,2,1476,15922,106,0,0 '
Received from ('fd00::200:0:0:5', 8765, 0, 0): b' 1764,5,4,768,0,352,6,1,6,1,1,-52,0,705,7580,116,0,0 '
Received from ('fd00::200:0:0:6', 8765, 0, 0): b' 1764,6,2,768,0,298,1,13,7,1,1,-52,0,692,8909,67,0,0 '
Received from ('fd00::200:0:0:7', 8765, 0, 0): b' 1763,7,3,768,0,351,4,3,7,1,1,-52,3,882,7392,114,1,7 '
Received from ('fd00::200:0:0:1', 5678, 0, 0): b' 1766,1,0,256,0,6,0,0,4,0,0,0,10,1240,13046,2024,0,0 '
Received from ('fd00::200:0:0:c', 8765, 0, 0): b' 1764,12,8,1024,0,279,6,16,7,1,3,-52,0,599,5611,67,0,0 '
Received from ('fd00::200:0:0:8', 8765, 0, 0): b' 1766,8,4,768,30,298,4,11,7,1,1,-52,9,3970,26678,112,1,7 '
Received from ('fd00::200:0:0:3', 8765, 0, 0): b' 1767,3,1,512,0,343,5,3,7,1,1,-64,4,2429,17908,116,1,7 '
Received from ('fd00::200:0:0:13', 8765, 0, 0): b' 1765,19,16,1536,0,355,4,4,7,1,1,-70,0,704,8485,103,0,0 '
Received from ('fd00::200:0:0:9', 8765, 0, 0): b' 1767,9,4,768,0,270,7,13,6,1,4,-70,0,276,5350,67,0,0 '
Received from ('fd00::200:0:0:e', 8765, 0, 0): b' 1765,14,11,1280,0,329,2,3,7,1,1,-70,0,480,8927,105,0,0 '
Received from ('fd00::200:0:0:2', 8765, 0, 0): b' 1768,2,1,512,0,308,4,1,6,1,1,-88,1,1517,17757,116,1,7 '
Received from ('fd00::200:0:0:a', 8765, 0, 0): b' 1767,10,7,1024,0,312,3,4,7,1,1,-70,2,1118,12008,112,0,0 '
Received from ('fd00::200:0:0:d', 8765, 0, 0): b' 1765,13,8,1024,0,301,3,4,7,1,1,-70,5,1415,9968,109,0,0 '
Received from ('fd00::200:0:0:11', 8765, 0, 0): b' 1767,17,13,1280,0,299,9,5,7,1,3,-52,1,1251,15223,99,0,0 '
Received from ('fd00::200:0:0:6', 8765, 0, 0): b' 1769,6,2,768,0,298,1,13,7,1,1,-52,0,252,4085,67,0,0 '
Received from ('fd00::200:0:0:15', 8765, 0, 0): b' 1767,21,17,1536,0,308,3,7,5,1,1,-52,0,468,5354,91,0,0 '
Received from ('fd00::200:0:0:b', 8765, 0, 0): b' 1768,11,8,1024,0,339,5,8,7,1,2,-70,1,907,11232,106,0,0 '
Received from ('fd00::200:0:0:4', 8765, 0, 0): b' 1770,4,1,512,0,338,5,1,7,2,1,-66,10,3025,17624,115,1,7 '
Received from ('fd00::200:0:0:14', 8765, 0, 0): b' 1770,20,16,1536,0,340,4,5,7,1,1,-52,0,411,6835,100,0,0 '
Received from ('fd00::200:0:0:e', 8765, 0, 0): b' 1770,14,11,1280,0,332,2,3,7,1,1,-70,0,503,5195,105,0,0 '
Received from ('fd00::200:0:0:12', 8765, 0, 0): b' 1770,18,15,1536,0,335,3,4,5,1,1,-70,0,825,10939,107,0,0 '
Received from ('fd00::200:0:0:a', 8765, 0, 0): b' 1772,10,7,1024,0,312,3,4,7,1,1,-70,2,554,7044,112,0,0 '
Received from ('fd00::200:0:0:d', 8765, 0, 0): b' 1770,13,8,1024,0,301,3,4,7,1,1,-70,5,988,9863,109,0,0 '
Received from ('fd00::200:0:0:10', 8765, 0, 0): b' 1771,16,13,1280,0,326,3,6,7,1,1,-70,2,1400,15661,107,0,0 '
Received from ('fd00::200:0:0:c', 8765, 0, 0): b' 1771,12,8,1024,0,282,6,16,7,1,3,-52,0,679,7432,68,0,0 '
Received from ('fd00::200:0:0:f', 8765, 0, 0): b' 1773,15,10,1280,0,328,5,11,7,1,2,-70,1,919,12464,106,0,0 '
Received from ('fd00::200:0:0:3', 8765, 0, 0): b' 1775,3,1,512,20,345,5,3,7,1,1,-64,4,1686,14035,116,1,7 '
Received from ('fd00::200:0:0:1', 5678, 0, 0): b' 1775,1,0,256,0,6,0,0,4,0,0,0,10,2064,21664,2038,0,0 '
Received from ('fd00::200:0:0:9', 8765, 0, 0): b' 1774,9,4,768,0,271,7,13,6,1,4,-70,0,463,7249,68,0,0 '
Received from ('fd00::200:0:0:2', 8765, 0, 0): b' 1775,2,1,512,0,312,4,1,6,1,1,-88,1,1318,12650,117,1,7 '
Received from ('fd00::200:0:0:7', 8765, 0, 0): b' 1774,7,3,768,0,352,4,3,7,1,1,-52,3,1704,16359,114,1,7 '
Received from ('fd00::200:0:0:4', 8765, 0, 0): b' 1775,4,1,512,10,339,5,1,7,2,1,-66,10,2047,13140,116,1,7 '
Received from ('fd00::200:0:0:13', 8765, 0, 0): b' 1772,19,16,1536,10,358,4,4,7,1,1,-70,0,670,7492,104,0,0 '
Received from ('fd00::200:0:0:6', 8765, 0, 0): b' 1775,6,2,768,0,301,1,13,7,1,1,-52,0,677,7112,68,0,0 '
Received from ('fd00::200:0:0:5', 8765, 0, 0): b' 1775,5,4,768,0,354,6,1,6,1,1,-52,0,743,13797,117,0,0 '
Received from ('fd00::200:0:0:b', 8765, 0, 0): b' 1775,11,8,1024,10,339,5,8,7,1,2,-70,1,716,11399,106,0,0 '
Received from ('fd00::200:0:0:12', 8765, 0, 0): b' 1775,18,15,1536,0,336,3,4,5,1,1,-70,0,363,4131,107,0,0 '
Received from ('fd00::200:0:0:8', 8765, 0, 0): b' 1777,8,4,768,40,302,4,11,7,1,1,-52,9,4393,29335,113,1,7 '
Received from ('fd00::200:0:0:15', 8765, 0, 0): b' 1775,21,17,1536,0,312,3,7,5,1,1,-52,0,907,9200,92,0,0 '
Received from ('fd00::200:0:0:2', 8765, 0, 0): b' 1779,2,1,512,0,312,4,1,6,1,1,-88,1,455,6089,117,1,7 '
Received from ('fd00::200:0:0:1', 5678, 0, 0): b' 1779,1,0,256,0,6,0,0,4,0,0,0,10,980,10635,2042,0,0 '
Received from ('fd00::200:0:0:9', 8765, 0, 0): b' 1778,9,4,768,0,273,7,13,6,1,4,-70,0,466,4524,68,0,0 '
Received from ('fd00::200:0:0:7', 8765, 0, 0): b' 1779,7,3,768,10,353,4,3,7,1,1,-52,3,757,8474,115,1,7 '
Received from ('fd00::200:0:0:d', 8765, 0, 0): b' 1776,13,8,1024,10,302,3,4,7,1,1,-70,5,1335,11479,110,0,0 '
Received from ('fd00::200:0:0:f', 8765, 0, 0): b' 1779,15,10,1280,0,329,5,11,7,1,2,-70,1,679,7305,106,0,0 '
Received from ('fd00::200:0:0:e', 8765, 0, 0): b' 1776,14,11,1280,0,335,2,3,7,1,1,-70,0,753,6630,106,0,0 '
Received from ('fd00::200:0:0:14', 8765, 0, 0): b' 1777,20,16,1536,10,344,4,5,7,1,1,-52,0,680,7452,101,0,0 '
Received from ('fd00::200:0:0:11', 8765, 0, 0): b' 1776,17,13,1280,0,302,9,5,7,1,3,-52,1,1441,13902,100,0,0 '
Received from ('fd00::200:0:0:3', 8765, 0, 0): b' 1781,3,1,512,10,347,5,3,7,1,1,-64,4,1453,10777,116,1,7 '
Received from ('fd00::200:0:0:13', 8765, 0, 0): b' 1778,19,16,1536,0,361,4,4,7,1,1,-70,0,684,5332,104,0,0 '
Received from ('fd00::200:0:0:a', 8765, 0, 0): b' 1779,10,7,1024,0,315,3,4,7,1,1,-70,2,1294,12918,113,0,0 '
Received from ('fd00::200:0:0:10', 8765, 0, 0): b' 1779,16,13,1280,10,328,3,6,7,1,1,-70,2,1597,16178,108,0,0 '
Received from ('fd00::200:0:0:6', 8765, 0, 0): b' 1782,6,2,768,0,301,1,13,7,1,1,-52,0,276,5990,68,0,0 '
Received from ('fd00::200:0:0:b', 8765, 0, 0): b' 1782,11,8,1024,0,341,5,8,7,1,2,-70,1,918,10971,107,0,0 '
Received from ('fd00::200:0:0:4', 8765, 0, 0): b' 1783,4,1,512,10,342,5,2,7,2,1,-66,10,3976,23140,116,1,7 '
Received from ('fd00::200:0:0:8', 8765, 0, 0): b' 1783,8,4,768,10,302,4,11,7,1,1,-52,9,2320,15389,113,1,7 '
Received from ('fd00::200:0:0:13', 8765, 0, 0): b' 1782,19,16,1536,0,363,4,4,7,1,1,-70,0,525,4293,105,0,0 '
Received from ('fd00::200:0:0:c', 8765, 0, 0): b' 1782,12,8,1024,0,283,6,16,7,1,3,-52,0,698,10351,68,0,0 '
Received from ('fd00::200:0:0:d', 8765, 0, 0): b' 1783,13,8,1024,0,303,3,4,7,1,1,-70,5,1823,15206,110,0,0 '
Received from ('fd00::200:0:0:2', 8765, 0, 0): b' 1785,2,1,512,0,315,4,1,6,1,1,-88,1,969,9405,117,1,7 '
Received from ('fd00::200:0:0:11', 8765, 0, 0): b' 1783,17,13,1280,0,303,9,5,7,1,3,-52,1,650,8788,100,0,0 '
Received from ('fd00::200:0:0:3', 8765, 0, 0): b' 1786,3,1,512,0,348,5,3,7,1,1,-64,4,927,8201,117,1,7 '
Received from ('fd00::200:0:0:a', 8765, 0, 0): b' 1785,10,7,1024,0,316,3,4,7,1,1,-70,2,685,8604,113,0,0 '
Received from ('fd00::200:0:0:9', 8765, 0, 0): b' 1786,9,4,768,0,275,7,13,6,1,4,-70,0,546,7069,69,0,0 '
Received from ('fd00::200:0:0:e', 8765, 0, 0): b' 1786,14,11,1280,0,337,2,3,7,1,1,-70,0,517,7984,106,0,0 '
Received from ('fd00::200:0:0:f', 8765, 0, 0): b' 1785,15,10,1280,0,330,5,11,7,1,2,-70,1,648,7748,107,0,0 '
Received from ('fd00::200:0:0:12', 8765, 0, 0): b' 1784,18,15,1536,0,339,3,4,5,1,1,-70,0,801,9451,108,0,0 '
Received from ('fd00::200:0:0:5', 8765, 0, 0): b' 1787,5,4,768,0,357,6,1,6,1,1,-52,0,827,14251,118,0,0 '
Received from ('fd00::200:0:0:1', 5678, 0, 0): b' 1788,1,0,256,0,6,0,0,4,0,0,0,10,2300,21461,2054,0,0 '
Received from ('fd00::200:0:0:10', 8765, 0, 0): b' 1785,16,13,1280,0,330,3,6,7,1,1,-70,2,1224,12492,108,0,0 '
Received from ('fd00::200:0:0:b', 8765, 0, 0): b' 1786,11,8,1024,0,341,5,8,7,1,2,-70,1,552,6841,107,0,0 '
Received from ('fd00::200:0:0:15', 8765, 0, 0): b' 1785,21,17,1536,0,313,3,7,5,1,1,-52,0,530,8831,92,0,0 '
Received from ('fd00::200:0:0:2', 8765, 0, 0): b' 1789,2,1,512,0,316,4,1,6,1,1,-88,1,421,6510,118,1,7 '
Received from ('fd00::200:0:0:7', 8765, 0, 0): b' 1789,7,3,768,20,356,4,3,7,1,1,-52,3,2139,16575,116,1,7 '
Received from ('fd00::200:0:0:14', 8765, 0, 0): b' 1786,20,16,1536,0,347,4,5,7,1,1,-52,0,1006,10864,102,0,0 '
Received from ('fd00::200:0:0:f', 8765, 0, 0): b' 1789,15,10,1280,0,331,5,11,7,1,2,-70,1,623,5662,107,0,0 '
Received from ('fd00::200:0:0:c', 8765, 0, 0): b' 1789,12,8,1024,0,283,6,16,7,1,3,-52,0,377,6273,69,0,0 '
Received from ('fd00::200:0:0:1', 5678, 0, 0): b' 1792,1,0,256,0,7,0,0,4,0,0,0,10,989,10535,2060,0,0 '
Received from ('fd00::200:0:0:11', 8765, 0, 0): b' 1791,17,13,1280,10,308,9,5,7,1,3,-52,1,1008,10130,101,0,0 '
Received from ('fd00::200:0:0:6', 8765, 0, 0): b' 1793,6,2,768,0,304,1,13,7,1,1,-52,0,798,10082,69,0,0 '
Received from ('fd00::200:0:0:7', 8765, 0, 0): b' 1793,7,3,768,0,358,4,3,7,1,1,-52,3,947,7692,116,1,7 '
Received from ('fd00::200:0:0:d', 8765, 0, 0): b' 1792,13,8,1024,0,305,3,4,7,1,1,-70,5,2117,17934,111,0,0 '
Received from ('fd00::200:0:0:2', 8765, 0, 0): b' 1794,2,1,512,0,317,4,1,6,1,1,-88,1,812,7700,118,1,7 '
Received from ('fd00::200:0:0:4', 8765, 0, 0): b' 1794,4,1,512,10,346,5,3,7,2,1,-66,10,5466,32420,117,1,7 '
Received from ('fd00::200:0:0:e', 8765, 0, 0): b' 1793,14,11,1280,0,338,2,3,7,1,1,-70,0,466,7028,107,0,0 '
Received from ('fd00::200:0:0:13', 8765, 0, 0): b' 1792,19,16,1536,0,366,4,4,7,1,1,-70,0,769,11059,105,0,0 '
Received from ('fd00::200:0:0:5', 8765, 0, 0): b' 1795,5,4,768,0,360,6,1,6,1,1,-52,0,713,9073,118,0,0 '
Received from ('fd00::200:0:0:8', 8765, 0, 0): b' 1794,8,4,768,0,307,4,11,7,1,1,-52,9,4906,31014,114,1,7 '
Received from ('fd00::200:0:0:9', 8765, 0, 0): b' 1796,9,4,768,0,277,7,13,6,1,4,-70,0,629,9281,69,0,0 '
Received from ('fd00::200:0:0:a', 8765, 0, 0): b' 1796,10,7,1024,0,322,3,4,7,1,1,-70,2,1819,18005,114,0,0 '
Received from ('fd00::200:0:0:10', 8765, 0, 0): b' 1796,16,13,1280,10,333,3,6,7,1,1,-70,2,1550,19107,109,0,0 '
Received from ('fd00::200:0:0:3', 8765, 0, 0): b' 1798,3,1,512,0,353,5,3,7,1,1,-64,4,2857,21463,118,1,7 '
Received from ('fd00::200:0:0:7', 8765, 0, 0): b' 1797,7,3,768,20,360,4,3,7,1,1,-52,3,874,6698,116,1,7 '
Received from ('fd00::200:0:0:2', 8765, 0, 0): b' 1798,2,1,512,0,319,5,1,6,1,1,-88,1,767,7214,118,1,7 '
Received from ('fd00::200:0:0:12', 8765, 0, 0): b' 1795,18,15,1536,0,340,3,4,5,1,1,-70,0,504,9614,108,0,0 '
Received from ('fd00::200:0:0:15', 8765, 0, 0): b' 1796,21,17,1536,0,316,3,7,5,1,1,-52,0,800,10658,93,0,0 '
Received from ('fd00::200:0:0:f', 8765, 0, 0): b' 1796,15,10,1280,10,333,5,11,7,1,2,-70,1,726,9096,107,0,0 '
Received from ('fd00::200:0:0:14', 8765, 0, 0): b' 1797,20,16,1536,0,351,4,5,7,1,1,-52,0,824,9811,102,0,0 '
Received from ('fd00::200:0:0:b', 8765, 0, 0): b' 1798,11,8,1024,0,343,5,8,7,1,2,-70,1,1147,17735,108,0,0 '
Received from ('fd00::200:0:0:11', 8765, 0, 0): b' 1797,17,13,1280,0,310,9,5,7,1,3,-52,1,972,9411,101,0,0 '
Received from ('fd00::200:0:0:13', 8765, 0, 0): b' 1797,19,16,1536,10,367,4,4,7,1,1,-70,0,419,4397,106,0,0 '
Received from ('fd00::200:0:0:c', 8765, 0, 0): b' 1798,12,8,1024,10,286,6,16,7,1,3,-52,0,732,9031,70,0,0 '
Received from ('fd00::200:0:0:3', 8765, 0, 0): b' 1802,3,1,512,0,354,5,3,7,1,1,-64,4,1072,7754,118,1,7 '
Received from ('fd00::200:0:0:1', 5678, 0, 0): b' 1802,1,0,256,0,8,0,0,4,0,0,0,10,2440,23798,2072,0,0 '
Received from ('fd00::200:0:0:4', 8765, 0, 0): b' 1803,4,1,512,20,350,5,3,7,2,1,-66,10,3997,25299,118,1,7 '
Received from ('fd00::200:0:0:e', 8765, 0, 0): b' 1802,14,11,1280,10,343,2,3,7,1,1,-70,0,991,9135,108,0,0 '
Received from ('fd00::200:0:0:6', 8765, 0, 0): b' 1804,6,2,768,0,307,1,13,7,1,1,-52,0,767,10558,69,0,0 '
Received from ('fd00::200:0:0:d', 8765, 0, 0): b' 1802,13,8,1024,0,309,3,4,7,1,1,-70,5,2440,20435,111,0,0 '
Received from ('fd00::200:0:0:f', 8765, 0, 0): b' 1803,15,10,1280,0,336,5,11,7,1,2,-70,1,888,8990,108,0,0 '
Received from ('fd00::200:0:0:12', 8765, 0, 0): b' 1804,18,15,1536,0,340,3,4,5,1,1,-70,0,456,7096,109,0,0 '
Received from ('fd00::200:0:0:c', 8765, 0, 0): b' 1803,12,8,1024,0,287,6,16,7,1,3,-52,0,418,4382,70,0,0 '
Received from ('fd00::200:0:0:8', 8765, 0, 0): b' 1805,8,4,768,10,310,4,11,7,1,1,-52,9,3519,26514,114,1,7 '
Received from ('fd00::200:0:0:10', 8765, 0, 0): b' 1803,16,13,1280,0,333,3,6,7,1,1,-70,2,1229,13802,109,0,0 '
Received from ('fd00::200:0:0:3', 8765, 0, 0): b' 1806,3,1,512,0,355,6,3,7,1,1,-64,4,1141,8094,118,1,7 '
Received from ('fd00::200:0:0:13', 8765, 0, 0): b' 1803,19,16,1536,10,369,4,4,7,1,1,-70,0,494,5857,106,0,0 '
Received from ('fd00::200:0:0:5', 8765, 0, 0): b' 1806,5,4,768,0,364,6,1,6,1,1,-52,0,951,13750,119,0,0 '
Received from ('fd00::200:0:0:2', 8765, 0, 0): b' 1806,2,1,512,0,323,6,1,6,1,1,-88,1,1494,13269,119,1,7 '
Received from ('fd00::200:0:0:11', 8765, 0, 0): b' 1804,17,13,1280,0,312,9,5,7,1,3,-52,1,783,8849,102,0,0 '
Received from ('fd00::200:0:0:14', 8765, 0, 0): b' 1805,20,16,1536,0,353,4,5,7,1,1,-52,0,670,7969,103,0,0 '
Received from ('fd00::200:0:0:a', 8765, 0, 0): b' 1807,10,7,1024,0,325,3,4,7,1,1,-70,2,1915,18701,115,0,0 '
Received from ('fd00::200:0:0:9', 8765, 0, 0): b' 1807,9,4,768,0,279,7,13,6,1,4,-70,0,709,11051,70,0,0 '
Received from ('fd00::200:0:0:b', 8765, 0, 0): b' 1807,11,8,1024,0,346,5,8,7,1,2,-70,1,1272,14675,109,0,0 '
Received from ('fd00::200:0:0:7', 8765, 0, 0): b' 1810,7,3,768,0,361,4,3,7,1,1,-52,3,2076,20311,117,1,7 '
Received from ('fd00::200:0:0:15', 8765, 0, 0): b' 1807,21,17,1536,0,321,3,7,5,1,1,-52,0,1039,10884,94,0,0 '
Received from ('fd00::200:0:0:12', 8765, 0, 0): b' 1809,18,15,1536,10,343,3,4,5,1,1,-70,0,493,5341,109,0,0 '
Received from ('fd00::200:0:0:4', 8765, 0, 0): b' 1811,4,1,512,10,352,6,3,7,2,1,-66,10,3672,22102,118,1,7 '
Received from ('fd00::200:0:0:1', 5678, 0, 0): b' 1811,1,0,256,0,8,0,0,4,0,0,0,10,2105,21275,2085,0,0 '
Received from ('fd00::200:0:0:8', 8765, 0, 0): b' 1810,8,4,768,0,310,4,11,7,1,1,-52,9,2215,14767,115,1,7 '
Received from ('fd00::200:0:0:3', 8765, 0, 0): b' 1812,3,1,512,0,355,6,3,7,1,1,-64,4,996,9620,119,1,7 '
Received from ('fd00::200:0:0:11', 8765, 0, 0): b' 1809,17,13,1280,0,314,9,5,7,1,3,-52,1,812,7524,102,0,0 '
Received from ('fd00::200:0:0:b', 8765, 0, 0): b' 1812,11,8,1024,0,348,5,8,7,1,2,-70,1,636,8378,109,0,0 '
Received from ('fd00::200:0:0:a', 8765, 0, 0): b' 1813,10,7,1024,0,325,3,4,7,1,1,-70,2,634,10005,115,0,0 '
Received from ('fd00::200:0:0:e', 8765, 0, 0): b' 1814,14,11,1280,0,346,2,3,7,1,1,-70,0,770,10591,108,0,0 '
Received from ('fd00::200:0:0:13', 8765, 0, 0): b' 1812,19,16,1536,0,370,4,4,7,1,1,-70,0,588,8750,107,0,0 '
Received from ('fd00::200:0:0:d', 8765, 0, 0): b' 1814,13,8,1024,0,311,3,4,7,1,1,-70,5,2814,24902,112,0,0 '
Received from ('fd00::200:0:0:6', 8765, 0, 0): b' 1814,6,2,768,0,311,1,13,7,1,1,-52,0,906,10932,70,0,0 '
Received from ('fd00::200:0:0:f', 8765, 0, 0): b' 1814,15,10,1280,0,338,5,11,7,1,2,-70,1,1486,15739,109,0,0 '
Received from ('fd00::200:0:0:12', 8765, 0, 0): b' 1815,18,15,1536,0,344,3,4,5,1,1,-70,0,550,5832,110,0,0 '
Received from ('fd00::200:0:0:c', 8765, 0, 0): b' 1815,12,8,1024,0,291,6,16,7,1,3,-52,0,925,11750,71,0,0 '
Received from ('fd00::200:0:0:4', 8765, 0, 0): b' 1817,4,1,512,10,353,6,3,7,2,1,-66,10,2503,16520,118,1,7 '
Received from ('fd00::200:0:0:10', 8765, 0, 0): b' 1815,16,13,1280,0,335,3,6,7,1,1,-70,2,1822,22423,110,0,0 '
Received from ('fd00::200:0:0:7', 8765, 0, 0): b' 1818,7,3,768,0,363,4,3,7,1,1,-52,3,1547,14000,117,1,7 '
Received from ('fd00::200:0:0:14', 8765, 0, 0): b' 1815,20,16,1536,0,358,4,5,7,1,1,-52,0,959,9973,103,0,0 '
Received from ('fd00::200:0:0:15', 8765, 0, 0): b' 1814,21,17,1536,10,322,3,7,5,1,1,-52,0,387,6627,94,0,0 '
Received from ('fd00::200:0:0:2', 8765, 0, 0): b' 1818,2,1,512,0,328,6,1,6,1,1,-88,1,1489,18138,119,1,7 '
Received from ('fd00::200:0:0:8', 8765, 0, 0): b' 1818,8,4,768,10,311,4,11,7,1,1,-52,9,2779,18873,115,1,7 '
Received from ('fd00::200:0:0:5', 8765, 0, 0): b' 1817,5,4,768,10,367,6,1,6,1,1,-52,0,821,13673,120,0,0 '
Received from ('fd00::200:0:0:1', 5678, 0, 0): b' 1819,1,0,256,0,8,0,0,4,0,0,0,10,1828,18728,2096,0,0 '
Received from ('fd00::200:0:0:9', 8765, 0, 0): b' 1819,9,4,768,0,281,7,13,6,1,4,-70,0,710,10620,71,0,0 '
Received from ('fd00::200:0:0:e', 8765, 0, 0): b' 1818,14,11,1280,10,349,2,3,7,1,1,-70,0,633,5051,109,0,0 '
Received from ('fd00::200:0:0:11', 8765, 0, 0): b' 1817,17,13,1280,10,316,9,5,7,1,3,-52,1,1027,9949,103,0,0 '
Received from ('fd00::200:0:0:6', 8765, 0, 0): b' 1820,6,2,768,0,311,1,13,7,1,1,-52,0,399,5547,71,0,0 '
Received from ('fd00::200:0:0:12', 8765, 0, 0): b' 1819,18,15,1536,0,344,3,4,5,1,1,-70,0,255,4281,110,0,0 '
Received from ('fd00::200:0:0:d', 8765, 0, 0): b' 1820,13,8,1024,10,313,3,4,7,1,1,-70,5,1706,13285,112,0,0 '
Received from ('fd00::200:0:0:15', 8765, 0, 0): b' 1818,21,17,1536,0,323,3,7,5,1,1,-52,0,442,4584,95,0,0 '
Received from ('fd00::200:0:0:3', 8765, 0, 0): b' 1822,3,1,512,0,358,6,3,7,1,1,-64,4,2527,18534,119,1,7 '
Received from ('fd00::200:0:0:10', 8765, 0, 0): b' 1820,16,13,1280,10,337,3,6,7,1,1,-70,2,855,9834,110,0,0 '
Received from ('fd00::200:0:0:2', 8765, 0, 0): b' 1823,2,1,512,0,329,6,1,6,1,1,-88,1,746,8905,120,1,7 '
Received from ('fd00::200:0:0:4', 8765, 0, 0): b' 1824,4,1,512,0,354,6,3,7,2,1,-66,10,3428,20484,119,1,7 '
Received from ('fd00::200:0:0:a', 8765, 0, 0): b' 1823,10,7,1024,0,327,3,4,7,1,1,-70,2,1488,16270,116,0,0 '
Received from ('fd00::200:0:0:8', 8765, 0, 0): b' 1824,8,4,768,10,311,4,11,7,1,1,-52,9,1973,14997,116,1,7 '
Received from ('fd00::200:0:0:f', 8765, 0, 0): b' 1824,15,10,1280,10,343,5,11,7,1,2,-70,1,1172,12205,109,0,0 '
Received from ('fd00::200:0:0:1', 5678, 0, 0): b' 1825,1,0,256,0,8,0,0,4,0,0,0,10,1375,15010,2104,0,0 '
Received from ('fd00::200:0:0:11', 8765, 0, 0): b' 1822,17,13,1280,0,319,9,5,7,1,3,-52,1,862,7428,103,0,0 '
Received from ('fd00::200:0:0:7', 8765, 0, 0): b' 1826,7,3,768,0,365,5,3,7,1,1,-52,3,1717,14405,118,1,7 '
Received from ('fd00::200:0:0:b', 8765, 0, 0): b' 1824,11,8,1024,0,353,5,8,7,1,2,-70,1,1737,19150,110,0,0 '
Received from ('fd00::200:0:0:c', 8765, 0, 0): b' 1824,12,8,1024,10,293,6,16,7,1,3,-52,0,517,8632,71,0,0 '
Received from ('fd00::200:0:0:5', 8765, 0, 0): b' 1826,5,4,768,0,369,6,1,6,1,1,-52,0,540,10689,120,0,0 '
Received from ('fd00::200:0:0:13', 8765, 0, 0): b' 1823,19,16,1536,0,373,4,4,7,1,1,-70,0,769,10674,107,0,0 '
Received from ('fd00::200:0:0:9', 8765, 0, 0): b' 1827,9,4,768,0,283,7,13,6,1,4,-70,0,612,7768,71,0,0 '
Received from ('fd00::200:0:0:15', 8765, 0, 0): b' 1824,21,17,1536,0,324,3,7,5,1,1,-52,0,264,4769,95,0,0 '
Received from ('fd00::200:0:0:14', 8765, 0, 0): b' 1826,20,16,1536,0,359,4,5,7,1,1,-52,0,611,10511,104,0,0 '
Received from ('fd00::200:0:0:6', 8765, 0, 0): b' 1829,6,2,768,0,311,1,13,7,1,1,-52,0,397,7981,71,0,0 '
Received from ('fd00::200:0:0:e', 8765, 0, 0): b' 1829,14,11,1280,0,354,2,3,7,1,1,-70,0,984,10851,109,0,0 '
Received from ('fd00::200:0:0:8', 8765, 0, 0): b' 1830,8,4,768,20,313,4,11,7,1,1,-52,9,2404,16507,116,1,7 '
Received from ('fd00::200:0:0:3', 8765, 0, 0): b' 1831,3,1,512,0,359,6,3,7,1,1,-64,4,1535,15507,120,1,7 '
Received from ('fd00::200:0:0:15', 8765, 0, 0): b' 1829,21,17,1536,0,325,3,7,5,1,1,-52,0,385,4852,95,0,0 '
Received from ('fd00::200:0:0:12', 8765, 0, 0): b' 1831,18,15,1536,0,347,3,4,5,1,1,-70,0,825,10900,111,0,0 '
Received from ('fd00::200:0:0:d', 8765, 0, 0): b' 1831,13,8,1024,0,316,4,4,7,1,1,-70,5,2611,22127,113,0,0 '
Received from ('fd00::200:0:0:c', 8765, 0, 0): b' 1832,12,8,1024,0,295,6,16,7,1,3,-52,0,670,7341,72,0,0 '
Received from ('fd00::200:0:0:9', 8765, 0, 0): b' 1834,9,4,768,0,286,7,13,6,1,4,-70,0,653,6579,72,0,0 '
Received from ('fd00::200:0:0:2', 8765, 0, 0): b' 1833,2,1,512,0,329,6,1,6,1,1,-88,1,896,14961,121,1,7 '
Received from ('fd00::200:0:0:10', 8765, 0, 0): b' 1833,16,13,1280,0,340,3,6,7,1,1,-70,2,1773,22046,111,0,0 '
Received from ('fd00::200:0:0:b', 8765, 0, 0): b' 1833,11,8,1024,0,358,5,8,7,1,2,-70,1,1334,14674,110,0,0 '
Received from ('fd00::200:0:0:a', 8765, 0, 0): b' 1833,10,7,1024,0,330,3,4,7,1,1,-70,2,1513,16609,117,0,0 '
Received from ('fd00::200:0:0:14', 8765, 0, 0): b' 1832,20,16,1536,0,359,4,5,7,1,1,-52,0,280,6044,104,0,0 '
Received from ('fd00::200:0:0:4', 8765, 0, 0): b' 1835,4,1,512,10,358,6,3,7,2,1,-66,10,5552,32779,120,1,7 '
Received from ('fd00::200:0:0:f', 8765, 0, 0): b' 1834,15,10,1280,10,345,5,11,7,1,2,-70,1,1313,13933,110,0,0 '
Received from ('fd00::200:0:0:5', 8765, 0, 0): b' 1835,5,4,768,0,370,6,1,6,1,1,-52,0,589,10897,121,0,0 '
Received from ('fd00::200:0:0:8', 8765, 0, 0): b' 1836,8,4,768,0,315,4,11,7,1,1,-52,9,2577,15737,116,1,7 '
Received from ('fd00::200:0:0:11', 8765, 0, 0): b' 1835,17,13,1280,10,321,9,5,7,1,3,-52,1,1358,15565,104,0,0 '
Received from ('fd00::200:0:0:7', 8765, 0, 0): b' 1837,7,3,768,0,366,5,3,7,1,1,-52,3,1767,18373,119,1,7 '
Received from ('fd00::200:0:0:13', 8765, 0, 0): b' 1834,19,16,1536,0,376,4,4,7,1,1,-70,0,802,10515,108,0,0 '
Received from ('fd00::200:0:0:3', 8765, 0, 0): b' 1837,3,1,512,0,359,6,3,7,1,1,-64,4,1423,11077,120,1,7 '
Received from ('fd00::200:0:0:1', 5678, 0, 0): b' 1837,1,0,256,0,8,0,0,4,0,0,0,10,2584,27720,2120,0,0 '
Received from ('fd00::200:0:0:15', 8765, 0, 0): b' 1834,21,17,1536,0,327,3,7,5,1,1,-52,0,524,4858,96,0,0 '
Received from ('fd00::200:0:0:e', 8765, 0, 0): b' 1836,14,11,1280,10,356,2,3,7,1,1,-70,0,550,6694,110,0,0 '
Received from ('fd00::200:0:0:6', 8765, 0, 0): b' 1838,6,2,768,0,313,1,13,7,1,1,-52,0,594,9078,72,0,0 '
Received from ('fd00::200:0:0:9', 8765, 0, 0): b' 1840,9,4,768,0,288,7,13,6,1,4,-70,0,484,5750,72,0,0 '
Received from ('fd00::200:0:0:10', 8765, 0, 0): b' 1838,16,13,1280,0,341,3,6,7,1,1,-70,2,1005,10932,111,0,0 '
Received from ('fd00::200:0:0:b', 8765, 0, 0): b' 1840,11,8,1024,0,361,5,8,7,1,2,-70,1,1099,9972,111,0,0 '
Received from ('fd00::200:0:0:14', 8765, 0, 0): b' 1838,20,16,1536,0,359,4,5,7,1,1,-52,0,336,5500,105,0,0 '
Received from ('fd00::200:0:0:c', 8765, 0, 0): b' 1841,12,8,1024,0,297,6,16,7,1,3,-52,0,510,7656,72,0,0 '
Received from ('fd00::200:0:0:f', 8765, 0, 0): b' 1841,15,10,1280,0,348,5,11,7,1,2,-70,1,810,8078,110,0,0 '
Received from ('fd00::200:0:0:11', 8765, 0, 0): b' 1841,17,13,1280,0,322,9,5,7,1,3,-52,1,649,7428,104,0,0 '
Received from ('fd00::200:0:0:2', 8765, 0, 0): b' 1842,2,1,512,0,332,6,1,6,1,1,-88,1,1179,13490,121,1,7 '
Received from ('fd00::200:0:0:d', 8765, 0, 0): b' 1842,13,8,1024,0,318,4,4,7,1,1,-70,5,2792,22182,114,0,0 '
Received from ('fd00::200:0:0:8', 8765, 0, 0): b' 1842,8,4,768,10,316,4,11,7,1,1,-52,9,2881,18338,117,1,7 '
Received from ('fd00::200:0:0:12', 8765, 0, 0): b' 1841,18,15,1536,0,349,3,4,5,1,1,-70,0,639,9489,111,0,0 '
Received from ('fd00::200:0:0:4', 8765, 0, 0): b' 1843,4,1,512,0,359,6,3,7,2,1,-66,10,3786,22226,120,1,7 '
Received from ('fd00::200:0:0:3', 8765, 0, 0): b' 1844,3,1,512,0,362,6,3,7,1,1,-64,4,1306,10806,121,1,7 '
Received from ('fd00::200:0:0:15', 8765, 0, 0): b' 1842,21,17,1536,0,329,3,7,5,1,1,-52,0,613,7209,96,0,0 '
Received from ('fd00::200:0:0:5', 8765, 0, 0): b' 1843,5,4,768,0,371,6,1,6,1,1,-52,0,426,9832,121,0,0 '
Received from ('fd00::200:0:0:e', 8765, 0, 0): b' 1843,14,11,1280,0,359,2,3,7,1,1,-70,0,625,7059,110,0,0 '
Received from ('fd00::200:0:0:6', 8765, 0, 0): b' 1844,6,2,768,0,314,2,13,7,1,1,-52,0,560,5975,72,0,0 '
Received from ('fd00::200:0:0:a', 8765, 0, 0): b' 1844,10,7,1024,0,331,3,4,7,1,1,-70,2,1412,16462,117,0,0 '
Received from ('fd00::200:0:0:13', 8765, 0, 0): b' 1842,19,16,1536,10,380,4,4,7,1,1,-70,0,681,7792,109,0,0 '
Received from ('fd00::200:0:0:10', 8765, 0, 0): b' 1844,16,13,1280,0,342,3,6,7,1,1,-70,2,1035,10961,112,0,0 '
Received from ('fd00::200:0:0:14', 8765, 0, 0): b' 1843,20,16,1536,10,359,4,5,7,1,1,-52,0,255,4676,105,0,0 '
Received from ('fd00::200:0:0:b', 8765, 0, 0): b' 1846,11,8,1024,0,361,5,8,7,1,2,-70,1,539,9057,111,0,0 '
Received from ('fd00::200:0:0:7', 8765, 0, 0): b' 1848,7,3,768,10,371,5,3,7,1,1,-52,3,2119,18067,119,1,7 '
Received from ('fd00::200:0:0:3', 8765, 0, 0): b' 1848,3,1,512,0,363,6,3,7,1,1,-64,4,935,7418,121,1,7 '
Received from ('fd00::200:0:0:1', 5678, 0, 0): b' 1848,1,0,256,0,8,0,0,4,0,0,0,10,2527,25998,2135,0,0 '
Received from ('fd00::200:0:0:9', 8765, 0, 0): b' 1848,9,4,768,0,290,7,13,6,1,4,-70,0,667,8370,73,0,0 '
Received from ('fd00::200:0:0:d', 8765, 0, 0): b' 1849,13,8,1024,10,318,4,4,7,1,1,-70,5,1393,14142,114,0,0 '
Received from ('fd00::200:0:0:10', 8765, 0, 0): b' 1849,16,13,1280,0,342,3,6,7,1,1,-70,2,627,8371,112,0,0 '
Received from ('fd00::200:0:0:a', 8765, 0, 0): b' 1850,10,7,1024,10,334,4,4,7,1,1,-70,2,910,9341,118,0,0 '
Received from ('fd00::200:0:0:c', 8765, 0, 0): b' 1850,12,8,1024,0,301,6,16,7,1,3,-52,0,907,10397,73,0,0 '
Received from ('fd00::200:0:0:5', 8765, 0, 0): b' 1852,5,4,768,0,373,6,1,6,1,1,-52,0,671,9601,122,0,0 '
Received from ('fd00::200:0:0:8', 8765, 0, 0): b' 1852,8,4,768,10,321,4,11,7,1,1,-52,9,3461,24226,117,1,7 '
Received from ('fd00::200:0:0:2', 8765, 0, 0): b' 1852,2,1,512,0,335,6,1,6,1,1,-88,1,1304,16083,122,1,7 '
Received from ('fd00::200:0:0:14', 8765, 0, 0): b' 1849,20,16,1536,0,360,4,5,7,1,1,-52,0,443,5273,106,0,0 '
Received from ('fd00::200:0:0:f', 8765, 0, 0): b' 1852,15,10,1280,0,351,5,11,7,1,2,-70,1,1338,14469,111,0,0 '
Received from ('fd00::200:0:0:7', 8765, 0, 0): b' 1853,7,3,768,10,371,5,3,7,1,1,-52,3,980,10073,120,1,7 '
Received from ('fd00::200:0:0:11', 8765, 0, 0): b' 1851,17,13,1280,0,324,9,5,7,1,3,-52,1,1130,13812,105,0,0 '
Received from ('fd00::200:0:0:12', 8765, 0, 0): b' 1853,18,15,1536,0,352,3,4,5,1,1,-70,0,801,10251,112,0,0 '
Received from ('fd00::200:0:0:6', 8765, 0, 0): b' 1853,6,2,768,10,316,2,13,7,1,1,-52,0,570,8869,73,0,0 '
Received from ('fd00::200:0:0:13', 8765, 0, 0): b' 1851,19,16,1536,0,383,4,4,7,1,1,-70,0,829,8437,109,0,0 '
Received from ('fd00::200:0:0:4', 8765, 0, 0): b' 1854,4,1,512,0,360,6,3,7,2,1,-66,10,5075,31607,121,1,7 '
Received from ('fd00::200:0:0:15', 8765, 0, 0): b' 1852,21,17,1536,0,331,3,7,5,1,1,-52,0,596,9140,97,0,0 '
Received from ('fd00::200:0:0:1', 5678, 0, 0): b' 1855,1,0,256,0,8,0,0,4,0,0,0,10,1517,17107,2143,0,0 '
Received from ('fd00::200:0:0:3', 8765, 0, 0): b' 1856,3,1,512,0,365,6,3,7,1,1,-64,4,1811,14093,121,1,7 '
Received from ('fd00::200:0:0:e', 8765, 0, 0): b' 1854,14,11,1280,0,361,2,3,7,1,1,-70,0,764,10198,111,0,0 '
Received from ('fd00::200:0:0:9', 8765, 0, 0): b' 1856,9,4,768,0,292,7,13,6,1,4,-70,0,514,7622,73,0,0 '
Received from ('fd00::200:0:0:8', 8765, 0, 0): b' 1856,8,4,768,0,322,4,11,7,1,1,-52,9,1899,11965,118,1,7 '
Received from ('fd00::200:0:0:10', 8765, 0, 0): b' 1856,16,13,1280,0,344,3,7,7,1,1,-70,2,1360,14224,113,0,0 '
Received from ('fd00::200:0:0:a', 8765, 0, 0): b' 1857,10,7,1024,0,335,4,4,7,1,1,-70,2,1028,11435,118,0,0 '
Received from ('fd00::200:0:0:b', 8765, 0, 0): b' 1857,11,8,1024,0,364,5,8,7,1,2,-70,1,1347,18637,112,0,0 '
Received from ('fd00::200:0:0:15', 8765, 0, 0): b' 1856,21,17,1536,0,332,3,7,5,1,1,-52,0,361,3999,97,0,0 '
Received from ('fd00::200:0:0:13', 8765, 0, 0): b' 1856,19,16,1536,0,385,4,4,7,1,1,-70,0,493,4823,109,0,0 '
Received from ('fd00::200:0:0:12', 8765, 0, 0): b' 1859,18,15,1536,0,356,3,4,5,1,1,-70,0,708,6233,112,0,0 '
Received from ('fd00::200:0:0:4', 8765, 0, 0): b' 1859,4,1,512,0,361,6,3,7,2,1,-66,10,2301,14143,121,1,7 '
Received from ('fd00::200:0:0:11', 8765, 0, 0): b' 1857,17,13,1280,0,325,9,5,7,1,3,-52,1,795,7529,105,0,0 '
Received from ('fd00::200:0:0:14', 8765, 0, 0): b' 1857,20,16,1536,0,363,4,5,7,1,1,-52,0,624,7223,106,0,0 '
Received from ('fd00::200:0:0:6', 8765, 0, 0): b' 1860,6,2,768,0,319,2,13,7,1,1,-52,0,622,6930,73,0,0 '
Received from ('fd00::200:0:0:f', 8765, 0, 0): b' 1860,15,10,1280,0,353,5,11,7,1,2,-70,1,1387,11555,112,0,0 '
Received from ('fd00::200:0:0:d', 8765, 0, 0): b' 1860,13,8,1024,20,321,4,4,7,1,1,-70,5,3046,22092,115,0,0 '
Received from ('fd00::200:0:0:c', 8765, 0, 0): b' 1861,12,8,1024,0,302,6,16,7,1,3,-52,0,611,10441,74,0,0 '
Received from ('fd00::200:0:0:1', 5678, 0, 0): b' 1863,1,0,256,0,8,0,0,4,0,0,0,10,1870,18169,2156,0,0 '
Received from ('fd00::200:0:0:14', 8765, 0, 0): b' 1862,20,16,1536,0,364,4,5,7,1,1,-52,0,362,4406,106,0,0 '
Received from ('fd00::200:0:0:5', 8765, 0, 0): b' 1862,5,4,768,0,377,6,1,6,1,1,-52,0,957,14042,123,0,0 '
Received from ('fd00::200:0:0:12', 8765, 0, 0): b' 1863,18,15,1536,0,358,3,4,5,1,1,-70,0,525,4478,113,0,0 '
Received from ('fd00::200:0:0:e', 8765, 0, 0): b' 1862,14,11,1280,0,366,2,3,7,1,1,-70,0,1016,8817,112,0,0 '
Received from ('fd00::200:0:0:7', 8765, 0, 0): b' 1863,7,3,768,0,376,5,3,7,1,1,-52,3,2601,19554,121,1,7 '
Received from ('fd00::200:0:0:2', 8765, 0, 0): b' 1864,2,1,512,0,339,6,1,6,1,1,-88,1,1892,19187,123,1,7 '
Received from ('fd00::200:0:0:9', 8765, 0, 0): b' 1864,9,4,768,0,294,7,13,6,1,4,-70,0,570,8138,74,0,0 '
Received from ('fd00::200:0:0:13', 8765, 0, 0): b' 1863,19,16,1536,0,387,4,4,7,1,1,-70,0,549,6722,110,0,0 '
Received from ('fd00::200:0:0:3', 8765, 0, 0): b' 1865,3,1,512,0,369,6,3,7,1,1,-64,4,2495,18041,122,1,7 '
Received from ('fd00::200:0:0:10', 8765, 0, 0): b' 1864,16,13,1280,0,347,3,7,7,1,1,-70,2,1934,17426,113,0,0 '
Received from ('fd00::200:0:0:1', 5678, 0, 0): b' 1867,1,0,256,0,8,0,0,4,0,0,0,10,710,9274,2160,0,0 '
Received from ('fd00::200:0:0:b', 8765, 0, 0): b' 1867,11,8,1024,0,364,5,8,7,1,2,-70,1,822,15025,112,0,0 '
Received from ('fd00::200:0:0:8', 8765, 0, 0): b' 1868,8,4,768,10,324,4,11,7,1,1,-52,9,4142,29749,118,1,7 '
Received from ('fd00::200:0:0:5', 8765, 0, 0): b' 1868,5,4,768,0,378,6,1,6,1,1,-52,0,384,6627,123,0,0 '
Received from ('fd00::200:0:0:15', 8765, 0, 0): b' 1866,21,17,1536,0,335,3,7,5,1,1,-52,0,800,9518,98,0,0 '
Received from ('fd00::200:0:0:6', 8765, 0, 0): b' 1868,6,2,768,0,321,2,13,7,1,1,-52,0,803,8681,74,0,0 '
Received from ('fd00::200:0:0:a', 8765, 0, 0): b' 1868,10,7,1024,0,337,4,4,7,1,1,-70,2,1669,19391,119,0,0 '
Received from ('fd00::200:0:0:14', 8765, 0, 0): b' 1868,20,16,1536,0,365,4,5,7,1,1,-52,0,442,5765,107,0,0 '
Received from ('fd00::200:0:0:2', 8765, 0, 0): b' 1869,2,1,512,20,341,6,1,6,1,1,-88,1,591,7822,123,1,7 '
Received from ('fd00::200:0:0:11', 8765, 0, 0): b' 1867,17,13,1280,0,327,9,5,7,1,3,-52,1,1354,13779,106,0,0 '
Received from ('fd00::200:0:0:c', 8765, 0, 0): b' 1869,12,8,1024,0,304,6,17,7,1,3,-52,0,642,8322,74,0,0 '
Received from ('fd00::200:0:0:4', 8765, 0, 0): b' 1871,4,1,512,10,363,6,3,7,2,1,-66,10,5333,32671,122,1,7 '
Received from ('fd00::200:0:0:d', 8765, 0, 0): b' 1871,13,8,1024,0,324,4,4,7,1,1,-70,5,2742,24616,116,0,0 '
Received from ('fd00::200:0:0:f', 8765, 0, 0): b' 1871,15,10,1280,0,358,5,11,7,1,2,-70,1,1444,15060,112,0,0 '
Received from ('fd00::200:0:0:e', 8765, 0, 0): b' 1871,14,11,1280,0,367,2,3,7,1,1,-70,0,508,8061,112,0,0 '
Received from ('fd00::200:0:0:9', 8765, 0, 0): b' 1872,9,4,768,0,297,7,13,6,1,4,-70,0,742,8735,74,0,0 '
Received from ('fd00::200:0:0:10', 8765, 0, 0): b' 1871,16,13,1280,10,351,3,7,7,1,1,-70,2,1031,12293,114,0,0 '
Received from ('fd00::200:0:0:13', 8765, 0, 0): b' 1871,19,16,1536,0,389,4,4,7,1,1,-70,0,517,7495,110,0,0 '
Received from ('fd00::200:0:0:3', 8765, 0, 0): b' 1874,3,1,512,10,373,6,3,7,1,1,-64,4,1544,14313,123,1,7 '
Received from ('fd00::200:0:0:7', 8765, 0, 0): b' 1874,7,3,768,10,376,5,3,7,1,1,-52,3,1049,14643,121,1,7 '
Received from ('fd00::200:0:0:a', 8765, 0, 0): b' 1874,10,7,1024,0,338,4,4,7,1,1,-70,2,799,7913,119,0,0 '
Received from ('fd00::200:0:0:11', 8765, 0, 0): b' 1873,17,13,1280,0,328,9,5,7,1,3,-52,1,544,6771,106,0,0 '
Received from ('fd00::200:0:0:c', 8765, 0, 0): b' 1874,12,8,1024,10,305,6,17,7,1,3,-52,0,264,4307,75,0,0 '
Received from ('fd00::200:0:0:12', 8765, 0, 0): b' 1874,18,15,1536,0,363,3,4,5,1,1,-70,0,1039,11482,114,0,0 '
Received from ('fd00::200:0:0:b', 8765, 0, 0): b' 1875,11,8,1024,0,365,5,8,7,1,2,-70,1,879,12730,113,0,0 '
Received from ('fd00::200:0:0:14', 8765, 0, 0): b' 1874,20,16,1536,10,367,4,5,7,1,1,-52,0,410,6390,107,0,0 '
Received from ('fd00::200:0:0:4', 8765, 0, 0): b' 1877,4,1,512,0,366,6,3,7,2,1,-66,10,3241,18060,122,1,7 '
Received from ('fd00::200:0:0:8', 8765, 0, 0): b' 1877,8,4,768,10,326,4,11,7,1,1,-52,9,4120,26668,119,1,7 '
Received from ('fd00::200:0:0:e', 8765, 0, 0): b' 1876,14,11,1280,10,367,2,3,7,1,1,-70,0,214,4417,113,0,0 '
Received from ('fd00::200:0:0:7', 8765, 0, 0): b' 1879,7,3,768,20,378,5,3,7,1,1,-52,3,1280,9398,122,1,7 '
Received from ('fd00::200:0:0:1', 5678, 0, 0): b' 1878,1,0,256,0,8,0,0,4,0,0,0,10,2892,27911,2177,0,0 '
Received from ('fd00::200:0:0:15', 8765, 0, 0): b' 1875,21,17,1536,0,337,3,7,5,1,1,-52,0,637,8714,98,0,0 '
Received from ('fd00::200:0:0:6', 8765, 0, 0): b' 1878,6,2,768,0,324,2,13,7,1,1,-52,0,798,9619,75,0,0 '
Received from ('fd00::200:0:0:10', 8765, 0, 0): b' 1877,16,13,1280,0,352,3,7,7,1,1,-70,2,1196,12082,114,0,0 '
Received from ('fd00::200:0:0:3', 8765, 0, 0): b' 1879,3,1,512,30,378,6,3,7,1,1,-64,4,1803,11898,123,1,7 '
Received from ('fd00::200:0:0:5', 8765, 0, 0): b' 1880,5,4,768,0,381,6,1,6,1,1,-52,0,826,13468,124,0,0 '
Received from ('fd00::200:0:0:9', 8765, 0, 0): b' 1880,9,4,768,0,299,7,13,6,1,4,-70,0,546,6773,75,0,0 '
Received from ('fd00::200:0:0:c', 8765, 0, 0): b' 1879,12,8,1024,0,307,6,17,7,1,3,-52,0,549,5643,75,0,0 '
Received from ('fd00::200:0:0:2', 8765, 0, 0): b' 1880,2,1,512,0,343,6,1,6,1,1,-88,1,1555,18140,124,1,7 '
Received from ('fd00::200:0:0:f', 8765, 0, 0): b' 1877,15,10,1280,0,360,5,11,7,1,2,-70,1,964,8593,113,0,0 '
Received from ('fd00::200:0:0:a', 8765, 0, 0): b' 1879,10,7,1024,0,341,4,4,7,1,1,-70,2,1107,9210,120,0,0 '
Received from ('fd00::200:0:0:11', 8765, 0, 0): b' 1879,17,13,1280,0,329,9,5,7,1,3,-52,1,851,8848,107,0,0 '
Received from ('fd00::200:0:0:14', 8765, 0, 0): b' 1880,20,16,1536,0,368,4,5,7,1,1,-52,0,526,5359,108,0,0 '
Received from ('fd00::200:0:0:13', 8765, 0, 0): b' 1880,19,16,1536,0,390,4,4,7,1,1,-70,0,587,8299,111,0,0 '
Received from ('fd00::200:0:0:b', 8765, 0, 0): b' 1882,11,8,1024,0,366,5,8,7,1,2,-70,1,712,9898,113,0,0 '
Received from ('fd00::200:0:0:12', 8765, 0, 0): b' 1881,18,15,1536,0,367,3,4,5,1,1,-70,0,734,7398,114,0,0 '
Received from ('fd00::200:0:0:7', 8765, 0, 0): b' 1884,7,3,768,20,381,5,3,7,1,1,-52,3,1232,9380,122,1,7 '
Received from ('fd00::200:0:0:d', 8765, 0, 0): b' 1883,13,8,1024,10,326,4,4,7,1,1,-70,5,2912,24057,117,0,0 '
Received from ('fd00::200:0:0:10', 8765, 0, 0): b' 1882,16,13,1280,10,352,3,7,7,1,1,-70,2,872,9551,114,0,0 '
Received from ('fd00::200:0:0:5', 8765, 0, 0): b' 1884,5,4,768,0,382,6,1,6,1,1,-52,0,287,5834,124,0,0 '
Received from ('fd00::200:0:0:6', 8765, 0, 0): b' 1885,6,2,768,0,325,2,13,7,1,1,-52,0,383,5935,75,0,0 '
Received from ('fd00::200:0:0:c', 8765, 0, 0): b' 1885,12,8,1024,0,309,6,17,7,1,3,-52,0,492,5808,75,0,0 '
Received from ('fd00::200:0:0:3', 8765, 0, 0): b' 1887,3,1,512,10,379,6,3,7,1,1,-64,4,1570,12760,123,1,7 '
Received from ('fd00::200:0:0:a', 8765, 0, 0): b' 1886,10,7,1024,0,345,4,4,7,1,1,-70,2,1144,11591,120,0,0 '
Received from ('fd00::200:0:0:f', 8765, 0, 0): b' 1885,15,10,1280,0,362,5,11,7,1,2,-70,1,959,10497,113,0,0 '
Received from ('fd00::200:0:0:11', 8765, 0, 0): b' 1885,17,13,1280,0,329,9,5,7,1,3,-52,1,363,6499,107,0,0 '
Received from ('fd00::200:0:0:12', 8765, 0, 0): b' 1886,18,15,1536,0,368,3,4,5,1,1,-70,0,362,4809,114,0,0 '
Received from ('fd00::200:0:0:9', 8765, 0, 0): b' 1889,9,4,768,0,303,7,13,6,1,4,-70,0,819,8129,75,0,0 '
Received from ('fd00::200:0:0:1', 5678, 0, 0): b' 1889,1,0,256,0,8,0,0,4,0,0,0,10,2387,25212,2187,0,0 '
Received from ('fd00::200:0:0:8', 8765, 0, 0): b' 1889,8,4,768,20,330,4,11,7,1,1,-52,9,4541,30455,120,1,7 '
Received from ('fd00::200:0:0:4', 8765, 0, 0): b' 1889,4,1,512,0,366,6,3,7,2,1,-66,10,5456,34047,123,1,7 '
Received from ('fd00::200:0:0:e', 8765, 0, 0): b' 1887,14,11,1280,0,367,2,3,7,1,1,-70,0,546,10066,113,0,0 '
Received from ('fd00::200:0:0:2', 8765, 0, 0): b' 1889,2,1,512,10,348,6,1,6,1,1,-88,1,1334,13346,124,1,7 '
Received from ('fd00::200:0:0:15', 8765, 0, 0): b' 1887,21,17,1536,10,342,3,7,5,1,1,-52,0,1014,11395,99,0,0 '
Received from ('fd00::200:0:0:b', 8765, 0, 0): b' 1889,11,8,1024,0,368,5,8,7,1,2,-70,1,862,11584,114,0,0 '
Received from ('fd00::200:0:0:7', 8765, 0, 0): b' 1889,7,3,768,10,383,5,3,7,1,1,-52,3,1524,12376,122,1,7 '
Received from ('fd00::200:0:0:d', 8765, 0, 0): b' 1890,13,8,1024,0,328,4,4,7,1,1,-70,5,1602,14949,117,0,0 '
Received from ('fd00::200:0:0:f', 8765, 0, 0): b' 1889,15,10,1280,0,362,5,11,7,1,2,-70,1,514,5533,114,0,0 '
Received from ('fd00::200:0:0:14', 8765, 0, 0): b' 1892,20,16,1536,0,372,4,5,7,1,1,-52,0,973,11008,108,0,0 '
Received from ('fd00::200:0:0:a', 8765, 0, 0): b' 1892,10,7,1024,0,346,4,4,7,1,1,-70,2,1161,9814,120,0,0 '
Received from ('fd00::200:0:0:11', 8765, 0, 0): b' 1891,17,13,1280,0,330,9,5,7,1,3,-52,1,816,8617,108,0,0 '
Received from ('fd00::200:0:0:13', 8765, 0, 0): b' 1892,19,16,1536,0,394,4,4,7,1,1,-70,0,908,10946,112,0,0 '
Received from ('fd00::200:0:0:5', 8765, 0, 0): b' 1894,5,4,768,0,384,6,1,6,1,1,-52,0,695,11629,125,0,0 '
Received from ('fd00::200:0:0:6', 8765, 0, 0): b' 1894,6,2,768,0,326,2,13,7,1,1,-52,0,584,8832,76,0,0 '
Received from ('fd00::200:0:0:12', 8765, 0, 0): b' 1892,18,15,1536,10,368,3,4,5,1,1,-70,0,335,5817,115,0,0 '
Received from ('fd00::200:0:0:2', 8765, 0, 0): b' 1894,2,1,512,0,350,6,1,6,1,1,-88,1,910,9065,125,1,7 '
Received from ('fd00::200:0:0:4', 8765, 0, 0): b' 1895,4,1,512,0,366,6,3,7,2,1,-66,10,2536,16533,124,1,7 '
Received from ('fd00::200:0:0:9', 8765, 0, 0): b' 1896,9,4,768,0,305,7,13,6,1,4,-70,0,640,7694,76,0,0 '
Received from ('fd00::200:0:0:c', 8765, 0, 0): b' 1895,12,8,1024,0,310,6,17,7,1,3,-52,0,586,9482,76,0,0 '
Received from ('fd00::200:0:0:10', 8765, 0, 0): b' 1894,16,13,1280,10,355,3,7,7,1,1,-70,2,1872,22750,115,0,0 '
Received from ('fd00::200:0:0:15', 8765, 0, 0): b' 1894,21,17,1536,0,344,3,7,5,1,1,-52,0,576,6774,100,0,0 '
Received from ('fd00::200:0:0:e', 8765, 0, 0): b' 1896,14,11,1280,0,370,2,3,7,1,1,-70,0,681,8100,114,0,0 '
Received from ('fd00::200:0:0:f', 8765, 0, 0): b' 1897,15,10,1280,0,366,5,11,7,1,2,-70,1,1090,9823,114,0,0 '
Received from ('fd00::200:0:0:3', 8765, 0, 0): b' 1897,3,1,512,10,380,6,3,7,1,1,-64,4,2826,21460,124,1,7 '
Received from ('fd00::200:0:0:1', 5678, 0, 0): b' 1899,1,0,256,0,8,0,0,4,0,0,0,10,2244,24146,2203,0,0 '
Received from ('fd00::200:0:0:a', 8765, 0, 0): b' 1897,10,7,1024,0,347,4,4,7,1,1,-70,2,909,10374,121,0,0 '
Received from ('fd00::200:0:0:11', 8765, 0, 0): b' 1899,17,13,1280,0,330,9,5,7,1,3,-52,1,657,8621,108,0,0 '
Received from ('fd00::200:0:0:6', 8765, 0, 0): b' 1899,6,2,768,0,326,2,13,7,1,1,-52,0,252,4712,76,0,0 '
Received from ('fd00::200:0:0:12', 8765, 0, 0): b' 1899,18,15,1536,10,369,3,4,5,1,1,-70,0,304,5739,115,0,0 '
Received from ('fd00::200:0:0:8', 8765, 0, 0): b' 1899,8,4,768,10,331,4,11,7,1,1,-52,9,4011,29252,121,1,7 '
Received from ('fd00::200:0:0:b', 8765, 0, 0): b' 1900,11,8,1024,10,369,5,8,7,1,2,-70,1,1109,16831,115,0,0 '
Received from ('fd00::200:0:0:7', 8765, 0, 0): b' 1901,7,3,768,0,387,5,3,7,1,1,-52,3,2409,19957,123,1,7 '
Received from ('fd00::200:0:0:d', 8765, 0, 0): b' 1901,13,8,1024,10,330,4,4,7,1,1,-70,5,2401,21464,118,0,0 '
Received from ('fd00::200:0:0:5', 8765, 0, 0): b' 1901,5,4,768,0,388,6,1,6,1,1,-52,0,826,10247,125,0,0 '
Received from ('fd00::200:0:0:2', 8765, 0, 0): b' 1902,2,1,512,0,353,6,1,6,1,1,-88,1,1021,11873,125,1,7 '
Received from ('fd00::200:0:0:14', 8765, 0, 0): b' 1899,20,16,1536,0,375,4,5,7,1,1,-52,0,681,7819,109,0,0 '
Received from ('fd00::200:0:0:15', 8765, 0, 0): b' 1901,21,17,1536,0,345,3,7,5,1,1,-52,0,386,5537,100,0,0 '
Received from ('fd00::200:0:0:f', 8765, 0, 0): b' 1902,15,10,1280,0,366,5,11,7,1,2,-70,1,547,6551,115,0,0 '
Received from ('fd00::200:0:0:9', 8765, 0, 0): b' 1903,9,4,768,0,306,7,13,6,1,4,-70,0,560,7697,77,0,0 '
Received from ('fd00::200:0:0:c', 8765, 0, 0): b' 1903,12,8,1024,0,312,6,17,7,1,3,-52,0,663,7855,77,0,0 '
Received from ('fd00::200:0:0:1', 5678, 0, 0): b' 1904,1,0,256,0,8,0,0,4,0,0,0,10,1225,13215,2209,0,0 '
Received from ('fd00::200:0:0:3', 8765, 0, 0): b' 1904,3,1,512,0,381,6,3,7,1,1,-64,4,1372,11230,125,1,7 '
Received from ('fd00::200:0:0:13', 8765, 0, 0): b' 1905,19,16,1536,0,398,4,4,7,1,1,-70,0,933,11345,113,0,0 '
Received from ('fd00::200:0:0:7', 8765, 0, 0): b' 1906,7,3,768,0,388,5,3,7,1,1,-52,3,1008,8499,124,1,7 '
Received from ('fd00::200:0:0:10', 8765, 0, 0): b' 1907,16,13,1280,0,358,3,7,7,1,1,-70,2,1906,21776,116,0,0 '
Received from ('fd00::200:0:0:4', 8765, 0, 0): b' 1907,4,1,512,0,367,6,3,7,2,1,-66,10,4990,32646,124,1,7 '
Received from ('fd00::200:0:0:15', 8765, 0, 0): b' 1906,21,17,1536,0,346,3,7,5,1,1,-52,0,386,5426,100,0,0 '
Received from ('fd00::200:0:0:12', 8765, 0, 0): b' 1907,18,15,1536,0,371,3,4,5,1,1,-70,0,681,8324,116,0,0 '
Received from ('fd00::200:0:0:a', 8765, 0, 0): b' 1907,10,7,1024,0,350,4,4,7,1,1,-70,2,1532,16467,122,0,0 '
Received from ('fd00::200:0:0:e', 8765, 0, 0): b' 1907,14,11,1280,0,371,2,3,7,1,1,-70,0,611,10565,115,0,0 '
Received from ('fd00::200:0:0:11', 8765, 0, 0): b' 1908,17,13,1280,0,334,9,5,7,1,3,-52,1,1418,12496,109,0,0 '
Received from ('fd00::200:0:0:8', 8765, 0, 0): b' 1910,8,4,768,20,335,4,11,7,1,1,-52,9,3634,24417,121,1,7 '
Received from ('fd00::200:0:0:9', 8765, 0, 0): b' 1909,9,4,768,0,306,7,13,6,1,4,-70,0,276,5700,77,0,0 '
Received from ('fd00::200:0:0:d', 8765, 0, 0): b' 1909,13,8,1024,0,331,4,4,7,1,1,-70,5,2169,17742,118,0,0 '
Received from ('fd00::200:0:0:1', 5678, 0, 0): b' 1910,1,0,256,0,8,0,0,4,0,0,0,10,1278,13776,2218,0,0 '
Received from ('fd00::200:0:0:5', 8765, 0, 0): b' 1909,5,4,768,0,391,6,1,6,1,1,-52,0,730,10581,126,0,0 '
Received from ('fd00::200:0:0:b', 8765, 0, 0): b' 1909,11,8,1024,0,372,5,8,7,1,2,-70,1,1131,14259,115,0,0 '
Received from ('fd00::200:0:0:6', 8765, 0, 0): b' 1910,6,2,768,0,328,2,13,7,1,1,-52,0,715,10761,77,0,0 '
Received from ('fd00::200:0:0:13', 8765, 0, 0): b' 1911,19,16,1536,0,398,4,4,7,1,1,-70,0,280,5015,113,0,0 '
Received from ('fd00::200:0:0:3', 8765, 0, 0): b' 1911,3,1,512,0,381,6,3,7,1,1,-64,4,1383,12134,125,1,7 '
Received from ('fd00::200:0:0:c', 8765, 0, 0): b' 1910,12,8,1024,10,314,6,17,7,1,3,-52,0,492,6837,77,0,0 '
Received from ('fd00::200:0:0:14', 8765, 0, 0): b' 1911,20,16,1536,10,379,4,5,7,1,1,-52,0,801,10522,110,0,0 '
Received from ('fd00::200:0:0:a', 8765, 0, 0): b' 1912,10,7,1024,0,352,4,4,7,1,1,-70,2,582,6946,122,0,0 '
Received from ('fd00::200:0:0:2', 8765, 0, 0): b' 1913,2,1,512,10,357,6,1,6,1,1,-88,1,1555,16854,126,1,7 '
Received from ('fd00::200:0:0:7', 8765, 0, 0): b' 1912,7,3,768,10,388,5,3,7,1,1,-52,3,1291,12578,124,1,7 '
Received from ('fd00::200:0:0:e', 8765, 0, 0): b' 1913,14,11,1280,10,373,2,3,7,1,1,-70,0,387,5226,115,0,0 '
Received from ('fd00::200:0:0:f', 8765, 0, 0): b' 1913,15,10,1280,0,369,5,11,7,1,2,-70,1,1319,13966,115,0,0 '
Received from ('fd00::200:0:0:10', 8765, 0, 0): b' 1914,16,13,1280,0,360,3,7,7,1,1,-70,2,1192,14359,116,0,0 '
Received from ('fd00::200:0:0:b', 8765, 0, 0): b' 1915,11,8,1024,0,372,5,8,7,1,2,-70,1,682,9015,116,0,0 '
Received from ('fd00::200:0:0:5', 8765, 0, 0): b' 1915,5,4,768,0,394,6,1,6,1,1,-52,0,568,6378,126,0,0 '
Received from ('fd00::200:0:0:8', 8765, 0, 0): b' 1915,8,4,768,10,335,4,11,7,1,1,-52,9,2576,16475,122,1,7 '
Received from ('fd00::200:0:0:1', 5678, 0, 0): b' 1916,1,0,256,0,8,0,0,4,0,0,0,10,1321,14581,2224,0,0 '
Received from ('fd00::200:0:0:14', 8765, 0, 0): b' 1916,20,16,1536,0,381,4,5,7,1,1,-52,0,603,5322,110,0,0 '
Received from ('fd00::200:0:0:d', 8765, 0, 0): b' 1917,13,8,1024,0,333,4,4,7,1,1,-70,5,1764,15127,119,0,0 '
Received from ('fd00::200:0:0:4', 8765, 0, 0): b' 1917,4,1,512,0,369,6,3,7,2,1,-66,10,5213,30274,125,1,7 '
Received from ('fd00::200:0:0:9', 8765, 0, 0): b' 1917,9,4,768,0,308,7,13,6,1,4,-70,0,514,7381,77,0,0 '
Received from ('fd00::200:0:0:6', 8765, 0, 0): b' 1918,6,2,768,0,330,2,13,7,1,1,-52,0,515,7300,77,0,0 '
Received from ('fd00::200:0:0:f', 8765, 0, 0): b' 1917,15,10,1280,20,370,5,11,7,1,2,-70,1,382,5669,116,0,0 '
Received from ('fd00::200:0:0:11', 8765, 0, 0): b' 1918,17,13,1280,0,336,9,5,7,1,3,-52,1,958,12157,109,0,0 '
Received from ('fd00::200:0:0:12', 8765, 0, 0): b' 1916,18,15,1536,0,375,3,4,5,1,1,-70,0,894,8617,116,0,0 '
Received from ('fd00::200:0:0:15', 8765, 0, 0): b' 1918,21,17,1536,0,349,3,7,5,1,1,-52,0,825,11232,101,0,0 '
Received from ('fd00::200:0:0:3', 8765, 0, 0): b' 1919,3,1,512,0,382,6,3,7,1,1,-64,4,1598,14124,126,1,7 '
Received from ('fd00::200:0:0:7', 8765, 0, 0): b' 1919,7,3,768,0,390,5,3,7,1,1,-52,3,1234,10214,124,1,7 '
Received from ('fd00::200:0:0:c', 8765, 0, 0): b' 1919,12,8,1024,0,316,6,17,7,1,3,-52,0,694,8686,78,0,0 '
Received from ('fd00::200:0:0:e', 8765, 0, 0): b' 1919,14,11,1280,0,374,2,3,7,1,1,-70,0,550,6391,116,0,0 '
Received from ('fd00::200:0:0:10', 8765, 0, 0): b' 1921,16,13,1280,0,361,3,7,7,1,1,-70,2,968,11752,117,0,0 '
Received from ('fd00::200:0:0:a', 8765, 0, 0): b' 1920,10,7,1024,0,354,4,4,7,1,1,-70,2,1388,13841,122,0,0 '
Received from ('fd00::200:0:0:d', 8765, 0, 0): b' 1921,13,8,1024,10,334,4,4,7,1,1,-70,5,1213,9952,119,0,0 '
Received from ('fd00::200:0:0:13', 8765, 0, 0): b' 1922,19,16,1536,0,398,4,4,7,1,1,-70,0,574,10485,114,0,0 '
Received from ('fd00::200:0:0:8', 8765, 0, 0): b' 1921,8,4,768,30,336,4,11,7,1,1,-52,9,2851,18243,122,1,7 '
Received from ('fd00::200:0:0:b', 8765, 0, 0): b' 1922,11,8,1024,0,375,5,8,7,1,2,-70,1,953,10630,116,0,0 '
Received from ('fd00::200:0:0:2', 8765, 0, 0): b' 1923,2,1,512,10,359,6,1,6,1,1,-88,1,1255,15705,127,1,7 '
Received from ('fd00::200:0:0:1', 5678, 0, 0): b' 1924,1,0,256,0,8,0,0,4,0,0,0,10,2095,19456,2239,0,0 '
Received from ('fd00::200:0:0:15', 8765, 0, 0): b' 1923,21,17,1536,10,350,3,7,5,1,1,-52,0,256,4643,101,0,0 '
Received from ('fd00::200:0:0:10', 8765, 0, 0): b' 1925,16,13,1280,0,363,3,7,7,1,1,-70,2,880,8440,117,0,0 '
Received from ('fd00::200:0:0:4', 8765, 0, 0): b' 1925,4,1,512,0,374,6,3,7,2,1,-66,10,4079,23699,126,1,7 '
Received from ('fd00::200:0:0:12', 8765, 0, 0): b' 1926,18,15,1536,0,378,3,4,5,1,1,-70,0,801,9654,117,0,0 '
Received from ('fd00::200:0:0:d', 8765, 0, 0): b' 1927,13,8,1024,10,334,4,4,7,1,1,-70,5,1193,11005,119,0,0 '
Received from ('fd00::200:0:0:5', 8765, 0, 0): b' 1927,5,4,768,0,398,6,1,6,1,1,-52,0,957,14891,127,0,0 '
Received from ('fd00::200:0:0:11', 8765, 0, 0): b' 1926,17,13,1280,10,341,9,5,7,1,3,-52,1,1431,11510,110,0,0 '
Received from ('fd00::200:0:0:1', 5678, 0, 0): b' 1928,1,0,256,0,8,0,0,4,0,0,0,10,569,8705,2242,0,0 '
Received from ('fd00::200:0:0:a', 8765, 0, 0): b' 1928,10,7,1024,0,355,4,4,7,1,1,-70,2,811,11274,123,0,0 '
Received from ('fd00::200:0:0:14', 8765, 0, 0): b' 1928,20,16,1536,0,384,4,5,7,1,1,-52,0,825,11130,111,0,0 '
Received from ('fd00::200:0:0:f', 8765, 0, 0): b' 1928,15,10,1280,0,372,5,11,7,1,2,-70,1,1282,13622,116,0,0 '
Received from ('fd00::200:0:0:6', 8765, 0, 0): b' 1929,6,2,768,0,331,2,13,7,1,1,-52,0,584,10024,78,0,0 '
Received from ('fd00::200:0:0:15', 8765, 0, 0): b' 1928,21,17,1536,0,351,3,7,5,1,1,-52,0,550,5010,102,0,0 '
Received from ('fd00::200:0:0:9', 8765, 0, 0): b' 1929,9,4,768,0,313,7,13,6,1,4,-70,0,1036,11910,78,0,0 '
Received from ('fd00::200:0:0:e', 8765, 0, 0): b' 1929,14,11,1280,0,376,2,3,7,1,1,-70,0,638,8926,116,0,0 '
Received from ('fd00::200:0:0:3', 8765, 0, 0): b' 1931,3,1,512,0,386,6,3,7,1,1,-64,4,2353,19757,126,1,7 '
Received from ('fd00::200:0:0:c', 8765, 0, 0): b' 1930,12,8,1024,0,318,6,17,7,1,3,-52,0,637,10033,78,0,0 '
Received from ('fd00::200:0:0:7', 8765, 0, 0): b' 1930,7,3,768,0,391,5,4,7,1,1,-52,3,1874,19394,125,1,7 '
Received from ('fd00::200:0:0:8', 8765, 0, 0): b' 1931,8,4,768,0,336,4,11,7,1,1,-52,9,3276,24964,123,1,7 '
Received from ('fd00::200:0:0:13', 8765, 0, 0): b' 1932,19,16,1536,10,402,4,4,7,1,1,-70,0,812,9970,114,0,0 '
Received from ('fd00::200:0:0:1', 5678, 0, 0): b' 1933,1,0,256,0,8,0,0,4,0,0,0,10,1142,12059,2246,0,0 '
Received from ('fd00::200:0:0:6', 8765, 0, 0): b' 1933,6,2,768,0,331,2,13,7,1,1,-52,0,253,4006,78,0,0 '
Received from ('fd00::200:0:0:b', 8765, 0, 0): b' 1933,11,8,1024,0,378,5,8,7,1,2,-70,1,1435,17883,117,0,0 '
Received from ('fd00::200:0:0:5', 8765, 0, 0): b' 1934,5,4,768,0,399,6,1,6,1,1,-52,0,384,7612,127,0,0 '
Received from ('fd00::200:0:0:11', 8765, 0, 0): b' 1934,17,13,1280,0,341,9,5,7,1,3,-52,1,660,8917,110,0,0 '
Received from ('fd00::200:0:0:10', 8765, 0, 0): b' 1934,16,13,1280,10,365,3,7,7,1,1,-70,2,1442,17407,118,0,0 '
Received from ('fd00::200:0:0:2', 8765, 0, 0): b' 1934,2,1,512,0,361,6,1,6,1,1,-88,1,1195,17410,127,1,7 '
Received from ('fd00::200:0:0:4', 8765, 0, 0): b' 1935,4,1,512,10,376,6,3,7,2,1,-66,10,4442,27313,126,1,7 '
Received from ('fd00::200:0:0:e', 8765, 0, 0): b' 1934,14,11,1280,0,377,2,3,7,1,1,-70,0,418,4740,117,0,0 '
Received from ('fd00::200:0:0:c', 8765, 0, 0): b' 1934,12,8,1024,10,320,6,17,7,1,3,-52,0,525,4628,79,0,0 '
Received from ('fd00::200:0:0:14', 8765, 0, 0): b' 1936,20,16,1536,0,386,4,5,7,1,1,-52,0,615,7722,111,0,0 '
Received from ('fd00::200:0:0:7', 8765, 0, 0): b' 1935,7,3,768,0,393,5,4,7,1,1,-52,3,853,8215,125,1,7 '
Received from ('fd00::200:0:0:d', 8765, 0, 0): b' 1937,13,8,1024,0,338,4,4,7,1,1,-70,5,2833,21663,120,0,0 '
Received from ('fd00::200:0:0:12', 8765, 0, 0): b' 1936,18,15,1536,0,380,3,4,5,1,1,-70,0,718,9830,118,0,0 '
Received from ('fd00::200:0:0:9', 8765, 0, 0): b' 1938,9,4,768,0,315,7,13,6,1,4,-70,0,669,8285,79,0,0 '
Received from ('fd00::200:0:0:6', 8765, 0, 0): b' 1938,6,2,768,0,334,2,13,7,1,1,-52,0,653,5360,79,0,0 '
Received from ('fd00::200:0:0:3', 8765, 0, 0): b' 1938,3,1,512,0,389,6,3,7,1,1,-64,4,2028,15691,127,1,7 '
Received from ('fd00::200:0:0:8', 8765, 0, 0): b' 1939,8,4,768,0,338,4,11,7,1,1,-52,9,2851,19144,123,1,7 '
Received from ('fd00::200:0:0:15', 8765, 0, 0): b' 1940,21,17,1536,0,352,3,7,5,1,1,-52,0,531,10065,102,0,0 '
Received from ('fd00::200:0:0:5', 8765, 0, 0): b' 1939,5,4,768,0,399,6,1,6,1,1,-52,0,384,8048,128,0,0 '
Received from ('fd00::200:0:0:a', 8765, 0, 0): b' 1939,10,7,1024,0,357,4,4,7,1,1,-70,2,1624,18762,124,0,0 '
Received from ('fd00::200:0:0:e', 8765, 0, 0): b' 1940,14,11,1280,0,377,2,3,7,1,1,-70,0,279,5419,117,0,0 '
Received from ('fd00::200:0:0:f', 8765, 0, 0): b' 1939,15,10,1280,0,380,5,11,7,1,2,-70,1,1857,16233,117,0,0 '
Received from ('fd00::200:0:0:13', 8765, 0, 0): b' 1941,19,16,1536,0,405,4,4,7,1,1,-70,0,788,8827,115,0,0 '
Received from ('fd00::200:0:0:4', 8765, 0, 0): b' 1941,4,1,512,0,378,6,3,7,2,1,-66,10,3111,18155,127,1,7 '
Received from ('fd00::200:0:0:b', 8765, 0, 0): b' 1941,11,8,1024,0,383,5,8,7,1,2,-70,1,1437,12780,117,0,0 '
Received from ('fd00::200:0:0:14', 8765, 0, 0): b' 1942,20,16,1536,0,387,4,5,7,1,1,-52,0,455,5715,112,0,0 '
Received from ('fd00::200:0:0:c', 8765, 0, 0): b' 1941,12,8,1024,0,321,6,17,7,1,3,-52,0,410,6769,79,0,0 '
Received from ('fd00::200:0:0:7', 8765, 0, 0): b' 1941,7,3,768,0,395,5,4,7,1,1,-52,3,1496,11125,126,1,7 '
Received from ('fd00::200:0:0:9', 8765, 0, 0): b' 1942,9,4,768,0,316,7,13,6,1,4,-70,0,359,4353,79,0,0 '
Received from ('fd00::200:0:0:2', 8765, 0, 0): b' 1943,2,1,512,0,364,6,1,6,1,1,-88,1,1431,14591,128,1,7 '
Received from ('fd00::200:0:0:1', 5678, 0, 0): b' 1943,1,0,256,0,8,0,0,4,0,0,0,10,2600,26001,2262,0,0 '
Received from ('fd00::200:0:0:10', 8765, 0, 0): b' 1944,16,13,1280,0,367,3,7,7,1,1,-70,2,1667,18788,118,0,0 '
Received from ('fd00::200:0:0:12', 8765, 0, 0): b' 1943,18,15,1536,0,382,3,4,5,1,1,-70,0,559,6818,118,0,0 '
Received from ('fd00::200:0:0:11', 8765, 0, 0): b' 1944,17,13,1280,0,344,9,5,7,1,3,-52,1,1239,13270,111,0,0 '
Received from ('fd00::200:0:0:d', 8765, 0, 0): b' 1943,13,8,1024,0,340,4,4,7,1,1,-70,5,1939,16642,121,0,0 '
Received from ('fd00::200:0:0:15', 8765, 0, 0): b' 1945,21,17,1536,0,354,3,7,5,1,1,-52,0,550,5673,103,0,0 '
Received from ('fd00::200:0:0:3', 8765, 0, 0): b' 1945,3,1,512,0,390,6,3,7,1,1,-64,4,1377,11933,128,1,7 '
Received from ('fd00::200:0:0:6', 8765, 0, 0): b' 1947,6,2,768,0,335,2,13,7,1,1,-52,0,407,8321,79,0,0 '
Received from ('fd00::200:0:0:7', 8765, 0, 0): b' 1947,7,3,768,0,396,5,4,7,1,1,-52,3,604,8471,126,1,7 '
Received from ('fd00::200:0:0:4', 8765, 0, 0): b' 1948,4,1,512,10,382,6,3,7,2,1,-66,10,3132,19946,127,1,7 '
Received from ('fd00::200:0:0:c', 8765, 0, 0): b' 1946,12,8,1024,0,325,6,17,7,1,3,-52,0,762,6903,80,0,0 '
Received from ('fd00::200:0:0:e', 8765, 0, 0): b' 1947,14,11,1280,0,380,2,3,7,1,1,-70,0,624,7733,117,0,0 '
Received from ('fd00::200:0:0:5', 8765, 0, 0): b' 1950,5,4,768,0,401,6,1,6,1,1,-52,0,611,11256,128,0,0 '
Received from ('fd00::200:0:0:13', 8765, 0, 0): b' 1950,19,16,1536,20,407,4,4,7,1,1,-70,0,614,8289,116,0,0 '
Received from ('fd00::200:0:0:14', 8765, 0, 0): b' 1950,20,16,1536,0,390,4,5,7,1,1,-52,0,694,8280,112,0,0 '
Received from ('fd00::200:0:0:3', 8765, 0, 0): b' 1950,3,1,512,0,392,6,3,7,1,1,-64,4,784,8090,128,1,7 '
Received from ('fd00::200:0:0:a', 8765, 0, 0): b' 1949,10,7,1024,0,360,4,4,7,1,1,-70,2,1456,17416,124,0,0 '
Received from ('fd00::200:0:0:8', 8765, 0, 0): b' 1951,8,4,768,20,339,4,11,7,1,1,-52,9,4686,31818,124,1,7 '
Received from ('fd00::200:0:0:f', 8765, 0, 0): b' 1951,15,10,1280,0,383,5,11,7,1,2,-70,1,1322,15322,118,0,0 '
Received from ('fd00::200:0:0:11', 8765, 0, 0): b' 1950,17,13,1280,0,345,9,5,7,1,3,-52,1,677,8283,111,0,0 '
Received from ('fd00::200:0:0:9', 8765, 0, 0): b' 1952,9,4,768,0,318,7,13,6,1,4,-70,0,594,9508,80,0,0 '
Received from ('fd00::200:0:0:2', 8765, 0, 0): b' 1951,2,1,512,20,367,6,1,6,1,1,-88,1,1246,14715,129,1,7 '
Received from ('fd00::200:0:0:10', 8765, 0, 0): b' 1951,16,13,1280,0,370,3,7,7,1,1,-70,2,1455,14068,119,0,0 '
Received from ('fd00::200:0:0:1', 5678, 0, 0): b' 1953,1,0,256,0,8,0,0,4,0,0,0,10,2125,22743,2277,0,0 '
Received from ('fd00::200:0:0:b', 8765, 0, 0): b' 1950,11,8,1024,10,386,5,8,7,1,2,-70,1,1091,15623,118,0,0 '
Received from ('fd00::200:0:0:15', 8765, 0, 0): b' 1952,21,17,1536,0,355,3,7,5,1,1,-52,0,386,6240,103,0,0 '
Received from ('fd00::200:0:0:d', 8765, 0, 0): b' 1951,13,8,1024,0,342,4,4,7,1,1,-70,5,2219,18560,121,0,0 '
Received from ('fd00::200:0:0:e', 8765, 0, 0): b' 1953,14,11,1280,0,381,2,3,7,1,1,-70,0,442,5801,118,0,0 '
Received from ('fd00::200:0:0:13', 8765, 0, 0): b' 1955,19,16,1536,0,408,4,4,7,1,1,-70,0,443,5413,116,0,0 '
Received from ('fd00::200:0:0:12', 8765, 0, 0): b' 1955,18,15,1536,0,385,3,4,5,1,1,-70,0,825,10752,119,0,0 '
Received from ('fd00::200:0:0:7', 8765, 0, 0): b' 1956,7,3,768,0,398,5,4,7,1,1,-52,3,1735,14612,127,1,7 '
Received from ('fd00::200:0:0:6', 8765, 0, 0): b' 1956,6,2,768,0,340,2,13,7,1,1,-52,0,1012,10021,80,0,0 '
Received from ('fd00::200:0:0:9', 8765, 0, 0): b' 1956,9,4,768,0,320,7,13,6,1,4,-70,0,490,5105,80,0,0 '
Received from ('fd00::200:0:0:1', 5678, 0, 0): b' 1958,1,0,256,0,8,0,0,4,0,0,0,10,1005,10457,2281,0,0 '
Received from ('fd00::200:0:0:5', 8765, 0, 0): b' 1957,5,4,768,0,406,6,1,6,1,1,-52,0,1041,11587,129,0,0 '
Received from ('fd00::200:0:0:a', 8765, 0, 0): b' 1958,10,7,1024,0,360,4,4,7,1,1,-70,2,925,11417,125,0,0 '
Received from ('fd00::200:0:0:4', 8765, 0, 0): b' 1958,4,1,512,0,387,6,3,7,2,1,-66,10,5534,30571,128,1,7 '
Received from ('fd00::200:0:0:11', 8765, 0, 0): b' 1958,17,13,1280,0,348,9,5,7,1,3,-52,1,1089,10174,112,0,0 '
Received from ('fd00::200:0:0:c', 8765, 0, 0): b' 1956,12,8,1024,0,327,6,17,7,1,3,-52,0,637,9690,80,0,0 '
Received from ('fd00::200:0:0:2', 8765, 0, 0): b' 1958,2,1,512,10,369,6,1,6,1,1,-88,1,1014,10642,129,1,7 '
Received from ('fd00::200:0:0:14', 8765, 0, 0): b' 1958,20,16,1536,0,394,4,5,7,1,1,-52,0,884,8319,113,0,0 '
Received from ('fd00::200:0:0:d', 8765, 0, 0): b' 1957,13,8,1024,0,343,4,4,7,1,1,-70,5,1277,10897,122,0,0 '
Received from ('fd00::200:0:0:b', 8765, 0, 0): b' 1957,11,8,1024,10,389,5,8,7,1,2,-70,1,1097,12035,119,0,0 '
Received from ('fd00::200:0:0:3', 8765, 0, 0): b' 1959,3,1,512,10,394,6,3,7,1,1,-64,4,2014,16695,129,1,7 '
Received from ('fd00::200:0:0:8', 8765, 0, 0): b' 1961,8,4,768,30,346,4,11,7,1,1,-52,9,4126,26303,125,1,7 '
Received from ('fd00::200:0:0:6', 8765, 0, 0): b' 1960,6,2,768,0,340,2,13,7,1,1,-52,0,254,4078,80,0,0 '
Received from ('fd00::200:0:0:10', 8765, 0, 0): b' 1959,16,13,1280,10,374,3,7,7,1,1,-70,2,1629,16485,119,0,0 '
Received from ('fd00::200:0:0:13', 8765, 0, 0): b' 1961,19,16,1536,0,411,4,4,7,1,1,-70,0,600,5318,116,0,0 '
Received from ('fd00::200:0:0:f', 8765, 0, 0): b' 1961,15,10,1280,0,385,5,11,7,1,2,-70,1,1015,12535,119,0,0 '
Received from ('fd00::200:0:0:c', 8765, 0, 0): b' 1960,12,8,1024,0,328,6,17,7,1,3,-52,0,361,4145,80,0,0 '
Received from ('fd00::200:0:0:7', 8765, 0, 0): b' 1963,7,3,768,0,399,5,4,7,1,1,-52,3,1001,11669,127,1,7 '
Received from ('fd00::200:0:0:14', 8765, 0, 0): b' 1963,20,16,1536,0,395,4,5,7,1,1,-52,0,362,4365,113,0,0 '
Received from ('fd00::200:0:0:10', 8765, 0, 0): b' 1962,16,13,1280,10,375,3,7,7,1,1,-70,2,915,8589,120,0,0 '
Received from ('fd00::200:0:0:9', 8765, 0, 0): b' 1963,9,4,768,10,320,7,13,6,1,4,-70,0,373,5805,81,0,0 '
Received from ('fd00::200:0:0:11', 8765, 0, 0): b' 1962,17,13,1280,10,348,9,5,7,1,3,-52,1,478,7437,112,0,0 '
Received from ('fd00::200:0:0:1', 5678, 0, 0): b' 1964,1,0,256,0,8,0,0,4,0,0,0,10,1655,16976,2289,0,0 '
Received from ('fd00::200:0:0:4', 8765, 0, 0): b' 1965,4,1,512,20,389,6,3,7,2,1,-66,10,3702,20749,128,1,7 '
Received from ('fd00::200:0:0:15', 8765, 0, 0): b' 1963,21,17,1536,0,360,3,7,5,1,1,-52,0,1039,11155,104,0,0 '
Received from ('fd00::200:0:0:8', 8765, 0, 0): b' 1966,8,4,768,40,347,4,11,7,1,1,-52,9,2224,13745,125,1,7 '
Received from ('fd00::200:0:0:b', 8765, 0, 0): b' 1964,11,8,1024,10,390,5,8,7,1,2,-70,1,785,10614,119,0,0 '
Received from ('fd00::200:0:0:2', 8765, 0, 0): b' 1965,2,1,512,10,372,6,1,6,1,1,-88,1,1054,11929,130,1,7 '
Received from ('fd00::200:0:0:e', 8765, 0, 0): b' 1963,14,11,1280,0,384,2,3,7,1,1,-70,0,825,10258,119,0,0 '
Received from ('fd00::200:0:0:12', 8765, 0, 0): b' 1966,18,15,1536,0,386,3,4,5,1,1,-70,0,588,9995,120,0,0 '
Received from ('fd00::200:0:0:3', 8765, 0, 0): b' 1966,3,1,512,0,396,6,3,7,1,1,-64,4,1577,13292,129,1,7 '
Received from ('fd00::200:0:0:13', 8765, 0, 0): b' 1968,19,16,1536,0,412,4,4,7,1,1,-70,0,532,7306,117,0,0 '
Received from ('fd00::200:0:0:a', 8765, 0, 0): b' 1968,10,7,1024,0,361,4,4,7,1,1,-70,2,1143,15162,125,0,0 '
Received from ('fd00::200:0:0:c', 8765, 0, 0): b' 1966,12,8,1024,0,330,6,17,7,1,3,-52,0,758,6651,81,0,0 '
Received from ('fd00::200:0:0:1', 5678, 0, 0): b' 1969,1,0,256,0,8,0,0,4,0,0,0,10,1242,11812,2299,0,0 '
Received from ('fd00::200:0:0:10', 8765, 0, 0): b' 1967,16,13,1280,0,376,3,7,7,1,1,-70,2,917,10957,120,0,0 '
Received from ('fd00::200:0:0:5', 8765, 0, 0): b' 1970,5,4,768,0,411,6,1,6,1,1,-52,0,1014,14153,130,0,0 '
Received from ('fd00::200:0:0:7', 8765, 0, 0): b' 1969,7,3,768,0,401,5,5,7,1,1,-52,3,1429,11334,128,1,7 '
Received from ('fd00::200:0:0:9', 8765, 0, 0): b' 1970,9,4,768,0,323,7,13,6,1,4,-70,0,654,6602,81,0,0 '
Received from ('fd00::200:0:0:6', 8765, 0, 0): b' 1968,6,2,768,0,343,2,13,7,1,1,-52,0,701,9040,81,0,0 '
Received from ('fd00::200:0:0:d', 8765, 0, 0): b' 1968,13,8,1024,0,345,4,4,7,1,1,-70,5,2790,23518,122,0,0 '
Received from ('fd00::200:0:0:11', 8765, 0, 0): b' 1969,17,13,1280,0,349,9,5,7,1,3,-52,1,761,8800,113,0,0 '
Received from ('fd00::200:0:0:f', 8765, 0, 0): b' 1970,15,10,1280,0,387,5,11,7,1,2,-70,1,1027,11302,119,0,0 '
Received from ('fd00::200:0:0:14', 8765, 0, 0): b' 1971,20,16,1536,0,396,4,5,7,1,1,-52,0,466,7016,114,0,0 '
Received from ('fd00::200:0:0:12', 8765, 0, 0): b' 1971,18,15,1536,0,387,3,4,5,1,1,-70,0,386,4804,120,0,0 '
Received from ('fd00::200:0:0:13', 8765, 0, 0): b' 1973,19,16,1536,0,413,4,4,7,1,1,-70,0,362,4449,117,0,0 '
Received from ('fd00::200:0:0:3', 8765, 0, 0): b' 1972,3,1,512,0,397,6,3,7,1,1,-64,4,1500,11184,129,1,7 '
Received from ('fd00::200:0:0:4', 8765, 0, 0): b' 1973,4,1,512,0,389,6,3,7,2,1,-66,10,3782,22645,129,1,7 '
Received from ('fd00::200:0:0:b', 8765, 0, 0): b' 1973,11,8,1024,0,393,5,8,7,1,2,-70,1,914,12660,119,0,0 '
Received from ('fd00::200:0:0:15', 8765, 0, 0): b' 1974,21,17,1536,10,365,3,7,5,1,1,-52,0,981,10445,105,0,0 '
Received from ('fd00::200:0:0:2', 8765, 0, 0): b' 1975,2,1,512,0,373,6,1,6,1,1,-88,1,1091,13795,130,1,7 '
Received from ('fd00::200:0:0:c', 8765, 0, 0): b' 1975,12,8,1024,0,332,6,17,7,1,3,-52,0,516,7569,81,0,0 '
Received from ('fd00::200:0:0:6', 8765, 0, 0): b' 1977,6,2,768,0,343,2,13,7,1,1,-52,0,373,6667,81,0,0 '
Received from ('fd00::200:0:0:8', 8765, 0, 0): b' 1976,8,4,768,10,349,4,11,7,1,1,-52,9,4123,28950,126,1,7 '
Received from ('fd00::200:0:0:10', 8765, 0, 0): b' 1976,16,13,1280,0,376,3,7,7,1,1,-70,2,968,13178,120,0,0 '
Received from ('fd00::200:0:0:e', 8765, 0, 0): b' 1975,14,11,1280,0,388,2,3,7,1,1,-70,0,853,10751,119,0,0 '
Received from ('fd00::200:0:0:9', 8765, 0, 0): b' 1977,9,4,768,10,328,7,13,6,1,4,-70,0,728,8302,81,0,0 '
Received from ('fd00::200:0:0:a', 8765, 0, 0): b' 1978,10,7,1024,10,363,4,4,7,1,1,-70,2,1439,16722,126,0,0 '
Received from ('fd00::200:0:0:11', 8765, 0, 0): b' 1978,17,13,1280,0,350,9,5,7,1,3,-52,1,891,9365,113,0,0 '
Received from ('fd00::200:0:0:f', 8765, 0, 0): b' 1977,15,10,1280,0,390,5,11,7,1,2,-70,1,1070,9937,120,0,0 '
Received from ('fd00::200:0:0:5', 8765, 0, 0): b' 1978,5,4,768,0,414,6,1,6,1,1,-52,0,772,12038,130,0,0 '
Received from ('fd00::200:0:0:7', 8765, 0, 0): b' 1977,7,3,768,0,404,5,5,7,1,1,-52,3,1695,15537,128,1,7 '
Received from ('fd00::200:0:0:1', 5678, 0, 0): b' 1979,1,0,256,0,8,0,0,4,0,0,0,10,2059,23570,2308,0,0 '
Received from ('fd00::200:0:0:4', 8765, 0, 0): b' 1980,4,1,512,0,391,6,3,7,2,1,-66,10,3110,19283,129,1,7 '
Received from ('fd00::200:0:0:13', 8765, 0, 0): b' 1978,19,16,1536,0,414,4,4,7,1,1,-70,0,443,6163,118,0,0 '
Received from ('fd00::200:0:0:12', 8765, 0, 0): b' 1979,18,15,1536,0,389,4,4,5,1,1,-70,0,750,8263,121,0,0 '
Received from ('fd00::200:0:0:d', 8765, 0, 0): b' 1979,13,8,1024,30,347,4,4,7,1,1,-70,5,2642,21775,123,0,0 '
Received from ('fd00::200:0:0:2', 8765, 0, 0): b' 1981,2,1,512,10,374,6,1,6,1,1,-88,1,789,8831,130,1,7 '
Received from ('fd00::200:0:0:3', 8765, 0, 0): b' 1980,3,1,512,10,397,6,3,7,1,1,-64,4,1505,13420,130,1,7 '
Received from ('fd00::200:0:0:14', 8765, 0, 0): b' 1978,20,16,1536,20,399,5,5,7,1,1,-52,0,694,8292,114,0,0 '
Received from ('fd00::200:0:0:15', 8765, 0, 0): b' 1979,21,17,1536,0,365,3,7,5,1,1,-52,0,389,4907,105,0,0 '
Received from ('fd00::200:0:0:11', 8765, 0, 0): b' 1983,17,13,1280,0,352,9,5,7,1,3,-52,1,688,6720,114,0,0 '
Received from ('fd00::200:0:0:c', 8765, 0, 0): b' 1982,12,8,1024,0,333,6,17,7,1,3,-52,0,562,7418,82,0,0 '
Received from ('fd00::200:0:0:b', 8765, 0, 0): b' 1983,11,8,1024,0,394,5,8,7,1,2,-70,1,1111,16142,120,0,0 '
Received from ('fd00::200:0:0:4', 8765, 0, 0): b' 1985,4,1,512,10,393,6,3,7,2,1,-66,10,2351,14473,130,1,7 '
Received from ('fd00::200:0:0:8', 8765, 0, 0): b' 1984,8,4,768,10,350,4,11,7,1,1,-52,9,3293,21434,126,1,7 '
Received from ('fd00::200:0:0:3', 8765, 0, 0): b' 1985,3,1,512,0,400,6,3,7,1,1,-64,4,1008,8149,130,1,7 '
Received from ('fd00::200:0:0:9', 8765, 0, 0): b' 1985,9,4,768,0,329,7,13,6,1,4,-70,0,668,7543,82,0,0 '
Received from ('fd00::200:0:0:10', 8765, 0, 0): b' 1984,16,13,1280,0,378,3,7,7,1,1,-70,2,1520,15363,121,0,0 '
Received from ('fd00::200:0:0:6', 8765, 0, 0): b' 1986,6,2,768,0,349,2,13,7,1,1,-52,0,1022,9526,82,0,0 '
Received from ('fd00::200:0:0:d', 8765, 0, 0): b' 1984,13,8,1024,0,349,4,4,7,1,1,-70,5,1488,10513,123,0,0 '
Received from ('fd00::200:0:0:13', 8765, 0, 0): b' 1984,19,16,1536,0,416,4,4,7,1,1,-70,0,614,6426,118,0,0 '
Received from ('fd00::200:0:0:7', 8765, 0, 0): b' 1986,7,3,768,10,405,5,5,7,1,1,-52,3,1374,12612,129,1,7 '
Received from ('fd00::200:0:0:f', 8765, 0, 0): b' 1985,15,10,1280,0,392,5,11,7,1,2,-70,1,1106,10691,120,0,0 '
Received from ('fd00::200:0:0:a', 8765, 0, 0): b' 1988,10,7,1024,0,363,4,4,7,1,1,-70,2,1329,14990,127,0,0 '
Received from ('fd00::200:0:0:e', 8765, 0, 0): b' 1985,14,11,1280,0,390,2,3,7,1,1,-70,0,719,9766,120,0,0 '
Received from ('fd00::200:0:0:12', 8765, 0, 0): b' 1987,18,15,1536,0,390,4,4,5,1,1,-70,0,410,6797,121,0,0 '
Received from ('fd00::200:0:0:2', 8765, 0, 0): b' 1989,2,1,512,10,376,6,1,6,1,1,-88,1,1160,12649,131,1,7 '
Received from ('fd00::200:0:0:14', 8765, 0, 0): b' 1989,20,16,1536,0,401,5,5,7,1,1,-52,0,826,10244,115,0,0 '
Received from ('fd00::200:0:0:5', 8765, 0, 0): b' 1989,5,4,768,10,418,6,1,6,1,1,-52,0,934,13311,131,0,0 '
Received from ('fd00::200:0:0:15', 8765, 0, 0): b' 1990,21,17,1536,0,367,3,7,5,1,1,-52,0,694,9895,106,0,0 '
Received from ('fd00::200:0:0:1', 5678, 0, 0): b' 1990,1,0,256,0,8,0,0,4,0,0,0,10,2622,27061,2323,0,0 '
Received from ('fd00::200:0:0:6', 8765, 0, 0): b' 1991,6,2,768,0,350,2,13,7,1,1,-52,0,360,4607,82,0,0 '
Received from ('fd00::200:0:0:9', 8765, 0, 0): b' 1991,9,4,768,0,331,7,13,6,1,4,-70,0,490,5755,82,0,0 '
Received from ('fd00::200:0:0:8', 8765, 0, 0): b' 1991,8,4,768,0,352,4,11,7,1,1,-52,9,2427,17038,127,1,7 '
Received from ('fd00::200:0:0:a', 8765, 0, 0): b' 1992,10,7,1024,10,366,4,4,7,1,1,-70,2,674,6491,127,0,0 '
Received from ('fd00::200:0:0:b', 8765, 0, 0): b' 1991,11,8,1024,0,396,5,8,7,1,2,-70,1,1067,13349,121,0,0 '
Received from ('fd00::200:0:0:d', 8765, 0, 0): b' 1992,13,8,1024,10,351,4,4,7,1,1,-70,5,1397,14787,124,0,0 '
Received from ('fd00::200:0:0:2', 8765, 0, 0): b' 1993,2,1,512,0,376,6,1,6,1,1,-88,1,623,6898,131,1,7 '
Received from ('fd00::200:0:0:c', 8765, 0, 0): b' 1991,12,8,1024,0,338,6,17,7,1,3,-52,0,855,9254,82,0,0 '
Received from ('fd00::200:0:0:11', 8765, 0, 0): b' 1994,17,13,1280,0,354,9,5,7,1,3,-52,1,1196,13818,114,0,0 '
Received from ('fd00::200:0:0:12', 8765, 0, 0): b' 1993,18,15,1536,0,392,4,4,5,1,1,-70,0,549,6425,122,0,0 '
Received from ('fd00::200:0:0:5', 8765, 0, 0): b' 1994,5,4,768,0,420,6,1,6,1,1,-52,0,389,6174,131,0,0 '
Received from ('fd00::200:0:0:f', 8765, 0, 0): b' 1995,15,10,1280,0,392,5,11,7,1,2,-70,1,920,11409,121,0,0 '
Received from ('fd00::200:0:0:e', 8765, 0, 0): b' 1992,14,11,1280,10,394,2,3,7,1,1,-70,0,753,7063,121,0,0 '
Received from ('fd00::200:0:0:13', 8765, 0, 0): b' 1993,19,16,1536,10,418,4,4,7,1,1,-70,0,517,7966,119,0,0 '
Received from ('fd00::200:0:0:1', 5678, 0, 0): b' 1996,1,0,256,0,8,0,0,4,0,0,0,10,1288,13166,2332,0,0 '
Received from ('fd00::200:0:0:9', 8765, 0, 0): b' 1996,9,4,768,0,332,7,13,6,1,4,-70,0,415,4975,83,0,0 '
Received from ('fd00::200:0:0:4', 8765, 0, 0): b' 1996,4,1,512,20,395,6,3,7,2,1,-66,10,5459,32603,130,1,7 '
Received from ('fd00::200:0:0:3', 8765, 0, 0): b' 1996,3,1,512,10,404,6,3,7,1,1,-64,4,2785,20624,131,1,7 '
Received from ('fd00::200:0:0:15', 8765, 0, 0): b' 1994,21,17,1536,10,368,3,7,5,1,1,-52,0,363,4156,106,0,0 '
Received from ('fd00::200:0:0:7', 8765, 0, 0): b' 1995,7,3,768,0,407,5,5,7,1,1,-52,3,2226,18315,130,1,7 '
Received from ('fd00::200:0:0:10', 8765, 0, 0): b' 1995,16,13,1280,10,382,3,7,7,1,1,-70,2,2034,22011,122,0,0 '
Received from ('fd00::200:0:0:8', 8765, 0, 0): b' 1998,8,4,768,20,354,4,11,7,1,1,-52,9,2645,16638,127,1,7 '
Received from ('fd00::200:0:0:14', 8765, 0, 0): b' 1994,20,16,1536,10,403,5,5,7,1,1,-52,0,363,4936,115,0,0 '
Received from ('fd00::200:0:0:e', 8765, 0, 0): b' 1997,14,11,1280,0,395,2,3,7,1,1,-70,0,373,4346,121,0,0 '
Received from ('fd00::200:0:0:2', 8765, 0, 0): b' 2000,2,1,512,0,379,6,1,6,1,1,-88,1,985,10886,132,1,7 '
Received from ('fd00::200:0:0:9', 8765, 0, 0): b' 2000,9,4,768,10,335,7,13,6,1,4,-70,0,369,4423,83,0,0 '
Received from ('fd00::200:0:0:5', 8765, 0, 0): b' 2000,5,4,768,0,421,6,1,6,1,1,-52,0,564,8049,132,0,0 '
Received from ('fd00::200:0:0:15', 8765, 0, 0): b' 2000,21,17,1536,10,369,3,7,5,1,1,-52,0,387,5478,106,0,0 '
Received from ('fd00::200:0:0:c', 8765, 0, 0): b' 2000,12,8,1024,0,340,6,17,7,1,3,-52,0,670,8052,83,0,0 '
Received from ('fd00::200:0:0:6', 8765, 0, 0): b' 2002,6,2,768,0,352,2,13,7,1,1,-52,0,715,11156,83,0,0 '
Received from ('fd00::200:0:0:d', 8765, 0, 0): b' 2000,13,8,1024,10,352,4,4,7,1,1,-70,5,2312,18457,125,0,0 '
Received from ('fd00::200:0:0:f', 8765, 0, 0): b' 2002,15,10,1280,0,393,5,11,7,1,2,-70,1,525,8438,121,0,0 '
Received from ('fd00::200:0:0:3', 8765, 0, 0): b' 2002,3,1,512,0,404,6,3,7,1,1,-64,4,952,10260,131,1,7 '
Received from ('fd00::200:0:0:1', 5678, 0, 0): b' 2003,1,0,256,0,8,0,0,4,0,0,0,10,1731,17800,2342,0,0 '
Received from ('fd00::200:0:0:13', 8765, 0, 0): b' 2001,19,16,1536,0,419,4,4,7,1,1,-70,0,564,7672,119,0,0 '
Received from ('fd00::200:0:0:a', 8765, 0, 0): b' 2001,10,7,1024,0,375,4,4,7,1,1,-70,2,2379,19462,128,0,0 '
Received from ('fd00::200:0:0:b', 8765, 0, 0): b' 2002,11,8,1024,0,397,5,8,7,1,2,-70,1,1146,16218,121,0,0 '
Received from ('fd00::200:0:0:14', 8765, 0, 0): b' 2002,20,16,1536,0,404,5,5,7,1,1,-52,0,575,7206,116,0,0 '
Received from ('fd00::200:0:0:7', 8765, 0, 0): b' 2003,7,3,768,0,408,5,5,7,1,1,-52,3,1253,12914,130,1,7 '
Received from ('fd00::200:0:0:11', 8765, 0, 0): b' 2002,17,13,1280,10,357,10,5,7,1,3,-52,1,1322,12306,115,0,0 '
Received from ('fd00::200:0:0:12', 8765, 0, 0): b' 2004,18,15,1536,0,393,4,4,5,1,1,-70,0,532,9071,122,0,0 '
Received from ('fd00::200:0:0:9', 8765, 0, 0): b' 2005,9,4,768,0,336,7,13,6,1,4,-70,0,491,5105,83,0,0 '
Received from ('fd00::200:0:0:8', 8765, 0, 0): b' 2005,8,4,768,10,358,4,11,7,1,1,-52,9,3545,23097,128,1,7 '
Received from ('fd00::200:0:0:d', 8765, 0, 0): b' 2005,13,8,1024,0,352,4,4,7,1,1,-70,5,1071,9128,125,0,0 '
Received from ('fd00::200:0:0:4', 8765, 0, 0): b' 2006,4,1,512,0,399,6,3,7,2,1,-66,10,5476,30437,131,1,7 '
Received from ('fd00::200:0:0:15', 8765, 0, 0): b' 2006,21,17,1536,0,371,3,7,5,1,1,-52,0,574,6487,107,0,0 '
Received from ('fd00::200:0:0:3', 8765, 0, 0): b' 2008,3,1,512,10,406,6,3,7,1,1,-64,4,1268,9689,132,1,7 '
Received from ('fd00::200:0:0:10', 8765, 0, 0): b' 2005,16,13,1280,0,382,3,7,7,1,1,-70,2,1417,20167,123,0,0 '
Received from ('fd00::200:0:0:f', 8765, 0, 0): b' 2008,15,10,1280,0,393,5,11,7,1,2,-70,1,745,8071,122,0,0 '
Received from ('fd00::200:0:0:13', 8765, 0, 0): b' 2006,19,16,1536,10,420,4,4,7,1,1,-70,0,362,4500,119,0,0 '
Received from ('fd00::200:0:0:c', 8765, 0, 0): b' 2008,12,8,1024,0,343,6,17,7,1,3,-52,0,492,6847,83,0,0 '
Received from ('fd00::200:0:0:2', 8765, 0, 0): b' 2009,2,1,512,20,383,6,1,6,1,1,-88,1,1113,14705,132,1,7 '
Received from ('fd00::200:0:0:7', 8765, 0, 0): b' 2008,7,3,768,0,409,5,5,7,1,1,-52,3,1125,9246,130,1,7 '
Received from ('fd00::200:0:0:6', 8765, 0, 0): b' 2009,6,2,768,0,354,2,13,7,1,1,-52,0,588,6163,83,0,0 '
Received from ('fd00::200:0:0:5', 8765, 0, 0): b' 2009,5,4,768,10,424,6,1,6,1,1,-52,0,621,10547,132,0,0 '
Received from ('fd00::200:0:0:e', 8765, 0, 0): b' 2009,14,11,1280,0,395,2,3,7,1,1,-70,0,504,10189,122,0,0 '
Received from ('fd00::200:0:0:12', 8765, 0, 0): b' 2011,18,15,1536,0,396,4,4,5,1,1,-70,0,656,6458,123,0,0 '
Received from ('fd00::200:0:0:d', 8765, 0, 0): b' 2009,13,8,1024,0,353,4,4,7,1,1,-70,5,1342,9666,125,0,0 '
Received from ('fd00::200:0:0:1', 5678, 0, 0): b' 2011,1,0,256,0,8,0,0,4,0,0,0,10,2068,20218,2353,0,0 '
Received from ('fd00::200:0:0:b', 8765, 0, 0): b' 2011,11,8,1024,0,397,5,8,7,1,2,-70,1,742,12682,122,0,0 '
Received from ('fd00::200:0:0:9', 8765, 0, 0): b' 2011,9,4,768,0,337,7,13,6,1,4,-70,0,536,6253,84,0,0 '
Received from ('fd00::200:0:0:3', 8765, 0, 0): b' 2013,3,1,512,0,406,6,3,7,1,1,-64,4,1017,8704,132,1,7 '
Received from ('fd00::200:0:0:14', 8765, 0, 0): b' 2012,20,16,1536,0,406,5,5,7,1,1,-52,0,638,9285,116,0,0 '
Received from ('fd00::200:0:0:a', 8765, 0, 0): b' 2012,10,7,1024,0,378,4,4,7,1,1,-70,2,1625,17357,129,0,0 '
Received from ('fd00::200:0:0:11', 8765, 0, 0): b' 2011,17,13,1280,0,358,10,5,7,1,3,-52,1,1021,11822,116,0,0 '
Received from ('fd00::200:0:0:15', 8765, 0, 0): b' 2012,21,17,1536,0,374,3,7,5,1,1,-52,0,600,5891,107,0,0 '
Received from ('fd00::200:0:0:2', 8765, 0, 0): b' 2015,2,1,512,0,386,6,1,6,1,1,-88,1,1154,10310,133,1,7 '
Received from ('fd00::200:0:0:8', 8765, 0, 0): b' 2014,8,4,768,10,361,4,11,7,1,1,-52,9,3638,24477,128,1,7 '
Received from ('fd00::200:0:0:6', 8765, 0, 0): b' 2015,6,2,768,0,357,2,13,7,1,1,-52,0,677,7235,84,0,0 '
Received from ('fd00::200:0:0:5', 8765, 0, 0): b' 2016,5,4,768,0,425,6,1,6,1,1,-52,0,660,8583,133,0,0 '
Received from ('fd00::200:0:0:4', 8765, 0, 0): b' 2017,4,1,512,20,406,6,3,7,2,1,-66,10,5647,32640,132,1,7 '
Received from ('fd00::200:0:0:7', 8765, 0, 0): b' 2017,7,3,768,20,410,5,5,7,1,1,-52,3,1092,12665,131,1,7 '
Received from ('fd00::200:0:0:c', 8765, 0, 0): b' 2016,12,8,1024,0,345,6,17,7,1,3,-52,0,669,8101,84,0,0 '
Received from ('fd00::200:0:0:10', 8765, 0, 0): b' 2015,16,13,1280,0,384,3,7,7,1,1,-70,2,1545,18147,123,0,0 '
Received from ('fd00::200:0:0:f', 8765, 0, 0): b' 2017,15,10,1280,0,393,5,11,7,1,2,-70,1,797,11282,122,0,0 '
Received from ('fd00::200:0:0:e', 8765, 0, 0): b' 2016,14,11,1280,0,398,2,3,7,1,1,-70,0,722,7163,122,0,0 '
Received from ('fd00::200:0:0:9', 8765, 0, 0): b' 2018,9,4,768,0,342,7,13,6,1,4,-70,0,811,7029,84,0,0 '
Received from ('fd00::200:0:0:13', 8765, 0, 0): b' 2017,19,16,1536,0,424,4,4,7,1,1,-70,0,933,10908,120,0,0 '
Received from ('fd00::200:0:0:12', 8765, 0, 0): b' 2019,18,15,1536,0,398,4,4,5,1,1,-70,0,517,7259,123,0,0 '
Received from ('fd00::200:0:0:1', 5678, 0, 0): b' 2019,1,0,256,0,8,0,0,4,0,0,0,10,1934,19462,2362,0,0 '
Received from ('fd00::200:0:0:d', 8765, 0, 0): b' 2019,13,8,1024,0,354,4,4,7,1,1,-70,5,1900,19528,126,0,0 '
Received from ('fd00::200:0:0:b', 8765, 0, 0): b' 2020,11,8,1024,10,400,5,8,7,1,2,-70,1,1122,13392,123,0,0 '
Received from ('fd00::200:0:0:6', 8765, 0, 0): b' 2020,6,2,768,0,358,2,13,7,1,1,-52,0,359,4676,84,0,0 '
Received from ('fd00::200:0:0:11', 8765, 0, 0): b' 2020,17,13,1280,20,364,10,5,7,1,3,-52,1,1439,12759,116,0,0 '
Received from ('fd00::200:0:0:15', 8765, 0, 0): b' 2020,21,17,1536,0,377,3,7,5,1,1,-52,0,777,8568,108,0,0 '
Received from ('fd00::200:0:0:c', 8765, 0, 0): b' 2022,12,8,1024,0,348,6,17,7,1,3,-52,0,599,6046,84,0,0 '
Received from ('fd00::200:0:0:4', 8765, 0, 0): b' 2023,4,1,512,0,407,6,3,7,2,1,-66,10,2658,15701,132,1,7 '
Received from ('fd00::200:0:0:8', 8765, 0, 0): b' 2024,8,4,768,30,364,4,11,7,1,1,-52,9,3445,22860,129,1,7 '
Received from ('fd00::200:0:0:3', 8765, 0, 0): b' 2024,3,1,512,10,409,6,3,7,1,1,-64,4,2129,20114,133,1,7 '
Received from ('fd00::200:0:0:1', 5678, 0, 0): b' 2025,1,0,256,0,8,0,0,4,0,0,0,10,1117,12594,2370,0,0 '
Received from ('fd00::200:0:0:14', 8765, 0, 0): b' 2022,20,16,1536,10,408,5,5,7,1,1,-52,0,694,10270,117,0,0 '
Received from ('fd00::200:0:0:a', 8765, 0, 0): b' 2023,10,7,1024,0,380,4,4,7,1,1,-70,2,1376,18102,129,0,0 '
Received from ('fd00::200:0:0:d', 8765, 0, 0): b' 2023,13,8,1024,0,355,4,4,7,1,1,-70,5,1252,9882,126,0,0 '
Received from ('fd00::200:0:0:10', 8765, 0, 0): b' 2023,16,13,1280,10,385,3,7,7,1,1,-70,2,1164,14640,124,0,0 '
Received from ('fd00::200:0:0:5', 8765, 0, 0): b' 2026,5,4,768,10,429,6,1,6,1,1,-52,0,728,12106,133,0,0 '
Received from ('fd00::200:0:0:e', 8765, 0, 0): b' 2024,14,11,1280,0,401,2,3,7,1,1,-70,0,680,7842,123,0,0 '
Received from ('fd00::200:0:0:f', 8765, 0, 0): b' 2025,15,10,1280,10,396,5,11,7,1,2,-70,1,1193,10645,123,0,0 '
Received from ('fd00::200:0:0:2', 8765, 0, 0): b' 2027,2,1,512,0,391,6,1,6,1,1,-88,1,1634,18016,134,1,7 '
Received from ('fd00::200:0:0:9', 8765, 0, 0): b' 2027,9,4,768,0,345,7,13,6,1,4,-70,0,695,8359,85,0,0 '
Received from ('fd00::200:0:0:11', 8765, 0, 0): b' 2025,17,13,1280,0,364,10,5,7,1,3,-52,1,520,5841,117,0,0 '
Received from ('fd00::200:0:0:b', 8765, 0, 0): b' 2027,11,8,1024,0,401,5,8,7,1,2,-70,1,907,11407,123,0,0 '
Received from ('fd00::200:0:0:7', 8765, 0, 0): b' 2026,7,3,768,10,413,5,5,7,1,1,-52,3,2035,17732,132,1,7 '
Received from ('fd00::200:0:0:13', 8765, 0, 0): b' 2027,19,16,1536,0,426,4,4,7,1,1,-70,0,598,9527,121,0,0 '
Received from ('fd00::200:0:0:6', 8765, 0, 0): b' 2029,6,2,768,0,361,2,13,7,1,1,-52,0,570,8160,85,0,0 '
Received from ('fd00::200:0:0:c', 8765, 0, 0): b' 2029,12,8,1024,0,348,6,17,7,1,3,-52,0,358,6314,85,0,0 '
Received from ('fd00::200:0:0:12', 8765, 0, 0): b' 2028,18,15,1536,0,403,4,4,5,1,1,-70,0,1015,10172,124,0,0 '
Received from ('fd00::200:0:0:f', 8765, 0, 0): b' 2030,15,10,1280,0,397,5,11,7,1,2,-70,1,653,5996,123,0,0 '
Received from ('fd00::200:0:0:8', 8765, 0, 0): b' 2032,8,4,768,0,366,4,11,7,1,1,-52,9,3108,20616,130,1,7 '
Received from ('fd00::200:0:0:4', 8765, 0, 0): b' 2032,4,1,512,0,410,6,3,7,2,1,-66,10,4539,26842,133,1,7 '
Received from ('fd00::200:0:0:d', 8765, 0, 0): b' 2032,13,8,1024,0,357,4,4,7,1,1,-70,5,1846,16680,127,0,0 '
Received from ('fd00::200:0:0:1', 5678, 0, 0): b' 2033,1,0,256,0,8,0,0,4,0,0,0,10,2046,20039,2382,0,0 '
Received from ('fd00::200:0:0:b', 8765, 0, 0): b' 2033,11,8,1024,0,403,5,8,7,1,2,-70,1,605,9118,123,0,0 '
Received from ('fd00::200:0:0:5', 8765, 0, 0): b' 2032,5,4,768,0,431,6,1,6,1,1,-52,0,600,8540,134,0,0 '
Received from ('fd00::200:0:0:2', 8765, 0, 0): b' 2033,2,1,512,0,392,6,1,6,1,1,-88,1,922,10394,134,1,7 '
Received from ('fd00::200:0:0:15', 8765, 0, 0): b' 2032,21,17,1536,0,380,3,7,5,1,1,-52,0,825,11013,109,0,0 '
Received from ('fd00::200:0:0:a', 8765, 0, 0): b' 2032,10,7,1024,0,381,4,4,7,1,1,-70,2,1263,14484,130,0,0 '
Received from ('fd00::200:0:0:12', 8765, 0, 0): b' 2034,18,15,1536,0,405,4,4,5,1,1,-70,0,496,5488,124,0,0 '
Received from ('fd00::200:0:0:10', 8765, 0, 0): b' 2033,16,13,1280,10,389,3,7,7,1,1,-70,2,1393,17563,124,0,0 '
Received from ('fd00::200:0:0:14', 8765, 0, 0): b' 2034,20,16,1536,0,410,5,5,7,1,1,-52,0,721,11014,118,0,0 '
Received from ('fd00::200:0:0:3', 8765, 0, 0): b' 2035,3,1,512,10,412,6,3,7,1,1,-64,4,2702,20348,134,1,7 '
Received from ('fd00::200:0:0:c', 8765, 0, 0): b' 2035,12,8,1024,0,351,6,17,7,1,3,-52,0,599,6229,85,0,0 '
Received from ('fd00::200:0:0:e', 8765, 0, 0): b' 2035,14,11,1280,0,404,2,3,7,1,1,-70,0,745,10102,123,0,0 '
Received from ('fd00::200:0:0:13', 8765, 0, 0): b' 2035,19,16,1536,0,426,4,4,7,1,1,-70,0,400,6856,121,0,0 '
Received from ('fd00::200:0:0:2', 8765, 0, 0): b' 2037,2,1,512,0,393,6,1,6,1,1,-88,1,444,6308,134,1,7 '
Received from ('fd00::200:0:0:9', 8765, 0, 0): b' 2036,9,4,768,10,348,8,13,6,1,4,-70,0,798,9670,85,0,0 '
Received from ('fd00::200:0:0:11', 8765, 0, 0): b' 2035,17,13,1280,0,370,10,5,7,1,3,-52,1,1533,13788,117,0,0 '
Received from ('fd00::200:0:0:f', 8765, 0, 0): b' 2036,15,10,1280,10,399,5,11,7,1,2,-70,1,782,8203,124,0,0 '
Received from ('fd00::200:0:0:1', 5678, 0, 0): b' 2038,1,0,256,0,8,0,0,4,0,0,0,10,1087,11411,2385,0,0 '
Received from ('fd00::200:0:0:7', 8765, 0, 0): b' 2036,7,3,768,0,417,5,5,7,1,1,-52,3,2207,17884,132,1,7 '
Received from ('fd00::200:0:0:6', 8765, 0, 0): b' 2039,6,2,768,0,363,2,13,7,1,1,-52,0,635,9716,85,0,0 '
Received from ('fd00::200:0:0:8', 8765, 0, 0): b' 2040,8,4,768,0,370,4,11,7,1,1,-52,9,3340,21444,130,1,7 '
Received from ('fd00::200:0:0:12', 8765, 0, 0): b' 2039,18,15,1536,0,405,4,4,5,1,1,-70,0,335,5046,125,0,0 '
Received from ('fd00::200:0:0:4', 8765, 0, 0): b' 2040,4,1,512,0,413,6,3,7,2,1,-66,10,3742,23367,133,1,7 '
Received from ('fd00::200:0:0:14', 8765, 0, 0): b' 2038,20,16,1536,0,413,5,5,7,1,1,-52,0,601,5341,118,0,0 '
Received from ('fd00::200:0:0:13', 8765, 0, 0): b' 2039,19,16,1536,0,426,4,4,7,1,1,-70,0,311,3977,122,0,0 '
Received from ('fd00::200:0:0:2', 8765, 0, 0): b' 2042,2,1,512,0,393,6,1,6,1,1,-88,1,641,8018,135,1,7 '
Received from ('fd00::200:0:0:11', 8765, 0, 0): b' 2040,17,13,1280,0,372,10,5,7,1,3,-52,1,641,5790,118,0,0 '
Received from ('fd00::200:0:0:b', 8765, 0, 0): b' 2042,11,8,1024,0,407,5,8,7,1,2,-70,1,1349,14507,124,0,0 '
Received from ('fd00::200:0:0:c', 8765, 0, 0): b' 2042,12,8,1024,0,352,6,17,7,1,3,-52,0,465,7332,86,0,0 '
Received from ('fd00::200:0:0:7', 8765, 0, 0): b' 2042,7,3,768,10,418,5,5,7,1,1,-52,3,938,10152,133,1,7 '
Received from ('fd00::200:0:0:9', 8765, 0, 0): b' 2043,9,4,768,0,349,8,13,6,1,4,-70,0,464,6676,86,0,0 '
Received from ('fd00::200:0:0:6', 8765, 0, 0): b' 2044,6,2,768,0,363,2,13,7,1,1,-52,0,332,4787,86,0,0 '
Received from ('fd00::200:0:0:3', 8765, 0, 0): b' 2043,3,1,512,20,416,6,3,7,1,1,-64,4,2119,15698,134,1,7 '
Received from ('fd00::200:0:0:10', 8765, 0, 0): b' 2042,16,13,1280,0,391,3,7,7,1,1,-70,2,1943,18121,125,0,0 '
Received from ('fd00::200:0:0:8', 8765, 0, 0): b' 2044,8,4,768,0,373,4,11,7,1,1,-52,9,2060,12394,130,1,7 '
Received from ('fd00::200:0:0:5', 8765, 0, 0): b' 2044,5,4,768,0,434,6,1,6,1,1,-52,0,947,14319,135,0,0 '
Received from ('fd00::200:0:0:a', 8765, 0, 0): b' 2042,10,7,1024,0,382,4,4,7,1,1,-70,2,1347,16037,131,0,0 '
Received from ('fd00::200:0:0:d', 8765, 0, 0): b' 2044,13,8,1024,10,360,4,4,7,1,1,-70,5,3131,25283,127,0,0 '
Received from ('fd00::200:0:0:15', 8765, 0, 0): b' 2043,21,17,1536,0,382,3,7,5,1,1,-52,0,639,9811,109,0,0 '
Received from ('fd00::200:0:0:e', 8765, 0, 0): b' 2045,14,11,1280,0,405,3,3,7,1,1,-70,0,668,9168,124,0,0 '
Received from ('fd00::200:0:0:f', 8765, 0, 0): b' 2043,15,10,1280,0,402,5,11,7,1,2,-70,1,1241,13649,124,0,0 '
Received from ('fd00::200:0:0:13', 8765, 0, 0): b' 2047,19,16,1536,0,430,4,4,7,1,1,-70,0,731,7960,122,0,0 '
Received from ('fd00::200:0:0:1', 5678, 0, 0): b' 2049,1,0,256,0,8,0,0,4,0,0,0,10,2596,27600,2403,0,0 '
Received from ('fd00::200:0:0:5', 8765, 0, 0): b' 2049,5,4,768,0,437,6,1,6,1,1,-52,0,598,6954,135,0,0 '
Received from ('fd00::200:0:0:2', 8765, 0, 0): b' 2049,2,1,512,0,396,6,1,6,1,1,-88,1,1022,12457,135,1,7 '
Received from ('fd00::200:0:0:c', 8765, 0, 0): b' 2049,12,8,1024,0,353,6,17,7,1,3,-52,0,482,6707,86,0,0 '
Received from ('fd00::200:0:0:a', 8765, 0, 0): b' 2048,10,7,1024,0,383,4,4,7,1,1,-70,2,735,9801,131,0,0 '
Received from ('fd00::200:0:0:11', 8765, 0, 0): b' 2049,17,13,1280,0,373,10,5,7,1,3,-52,1,942,11805,118,0,0 '
Received from ('fd00::200:0:0:12', 8765, 0, 0): b' 2050,18,15,1536,0,408,4,4,5,1,1,-70,0,745,10029,125,0,0 '
Received from ('fd00::200:0:0:9', 8765, 0, 0): b' 2050,9,4,768,0,351,8,13,6,1,4,-70,0,611,6916,86,0,0 '
Received from ('fd00::200:0:0:14', 8765, 0, 0): b' 2049,20,16,1536,10,417,5,5,7,1,1,-52,0,704,9693,119,0,0 '
Received from ('fd00::200:0:0:4', 8765, 0, 0): b' 2051,4,1,512,10,414,6,3,7,2,1,-66,10,5121,30907,134,1,7 '
Received from ('fd00::200:0:0:d', 8765, 0, 0): b' 2050,13,8,1024,10,361,4,4,7,1,1,-70,5,1524,13410,128,0,0 '
Received from ('fd00::200:0:0:8', 8765, 0, 0): b' 2051,8,4,768,20,373,4,11,7,1,1,-52,9,2836,20202,131,1,7 '
Received from ('fd00::200:0:0:10', 8765, 0, 0): b' 2049,16,13,1280,0,394,3,7,7,1,1,-70,2,1412,15026,125,0,0 '
Received from ('fd00::200:0:0:b', 8765, 0, 0): b' 2052,11,8,1024,0,409,5,8,7,1,2,-70,1,1091,15209,125,0,0 '
Received from ('fd00::200:0:0:6', 8765, 0, 0): b' 2053,6,2,768,10,366,2,13,7,1,1,-52,0,514,8377,86,0,0 '
Received from ('fd00::200:0:0:f', 8765, 0, 0): b' 2050,15,10,1280,20,407,5,11,7,1,2,-70,1,1149,9654,125,0,0 '
Received from ('fd00::200:0:0:15', 8765, 0, 0): b' 2050,21,17,1536,0,384,3,7,5,1,1,-52,0,670,7548,110,0,0 '
Received from ('fd00::200:0:0:7', 8765, 0, 0): b' 2053,7,3,768,0,421,5,5,7,1,1,-52,3,2139,18093,133,1,7 '
Received from ('fd00::200:0:0:3', 8765, 0, 0): b' 2055,3,1,512,0,419,6,3,7,1,1,-64,4,2425,20083,135,1,7 '
Received from ('fd00::200:0:0:11', 8765, 0, 0): b' 2054,17,13,1280,0,373,10,5,7,1,3,-52,1,598,6358,119,0,0 '
Received from ('fd00::200:0:0:a', 8765, 0, 0): b' 2054,10,7,1024,0,384,4,4,7,1,1,-70,2,1137,9529,131,0,0 '
Received from ('fd00::200:0:0:9', 8765, 0, 0): b' 2057,9,4,768,0,354,8,13,6,1,4,-70,0,629,5688,87,0,0 '
Received from ('fd00::200:0:0:e', 8765, 0, 0): b' 2056,14,11,1280,0,407,3,3,7,1,1,-70,0,798,11054,125,0,0 '
Received from ('fd00::200:0:0:13', 8765, 0, 0): b' 2055,19,16,1536,10,433,4,4,7,1,1,-70,0,680,8494,123,0,0 '
Received from ('fd00::200:0:0:1', 5678, 0, 0): b' 2058,1,0,256,0,8,0,0,4,0,0,0,10,1895,20072,2415,0,0 '
Received from ('fd00::200:0:0:d', 8765, 0, 0): b' 2057,13,8,1024,0,363,4,4,7,1,1,-70,5,1681,14002,128,0,0 '
Received from ('fd00::200:0:0:5', 8765, 0, 0): b' 2059,5,4,768,0,439,6,1,6,1,1,-52,0,570,9887,136,0,0 '
Received from ('fd00::200:0:0:b', 8765, 0, 0): b' 2059,11,8,1024,0,412,5,8,7,1,2,-70,1,1035,11658,125,0,0 '
Received from ('fd00::200:0:0:14', 8765, 0, 0): b' 2058,20,16,1536,0,418,5,5,7,1,1,-52,0,695,9329,120,0,0 '
Received from ('fd00::200:0:0:a', 8765, 0, 0): b' 2058,10,7,1024,0,385,4,4,7,1,1,-70,2,434,7135,132,0,0 '
Received from ('fd00::200:0:0:8', 8765, 0, 0): b' 2061,8,4,768,10,375,4,11,7,1,1,-52,9,3417,23505,132,1,7 '
Received from ('fd00::200:0:0:10', 8765, 0, 0): b' 2059,16,13,1280,0,399,3,7,7,1,1,-70,2,1899,18655,126,0,0 '
Received from ('fd00::200:0:0:2', 8765, 0, 0): b' 2061,2,1,512,0,399,6,1,6,1,1,-88,1,1441,17712,136,1,7 '
Received from ('fd00::200:0:0:7', 8765, 0, 0): b' 2060,7,3,768,10,421,5,5,7,1,1,-52,3,1173,12170,134,1,7 '
Received from ('fd00::200:0:0:c', 8765, 0, 0): b' 2061,12,8,1024,0,359,6,17,7,1,3,-52,0,1145,12015,87,0,0 '
Received from ('fd00::200:0:0:f', 8765, 0, 0): b' 2058,15,10,1280,0,408,5,11,7,1,2,-70,1,689,9259,125,0,0 '
Received from ('fd00::200:0:0:4', 8765, 0, 0): b' 2062,4,1,512,0,417,6,3,7,2,1,-66,10,5450,31570,135,1,7 '
Received from ('fd00::200:0:0:15', 8765, 0, 0): b' 2060,21,17,1536,0,385,3,7,5,1,1,-52,0,490,9098,111,0,0 '
Received from ('fd00::200:0:0:12', 8765, 0, 0): b' 2057,18,15,1536,0,411,4,4,5,1,1,-70,0,802,9636,126,0,0 '
Received from ('fd00::200:0:0:6', 8765, 0, 0): b' 2063,6,2,768,0,368,2,13,7,1,1,-52,0,869,10150,87,0,0 '
Received from ('fd00::200:0:0:11', 8765, 0, 0): b' 2062,17,13,1280,0,375,10,5,7,1,3,-52,1,872,10308,119,0,0 '
Received from ('fd00::200:0:0:3', 8765, 0, 0): b' 2064,3,1,512,0,421,6,3,7,1,1,-64,4,1883,16598,135,1,7 '
Received from ('fd00::200:0:0:9', 8765, 0, 0): b' 2065,9,4,768,10,355,8,13,6,1,4,-70,0,407,7592,87,0,0 '
Received from ('fd00::200:0:0:13', 8765, 0, 0): b' 2062,19,16,1536,0,435,4,4,7,1,1,-70,0,615,7066,123,0,0 '
Received from ('fd00::200:0:0:a', 8765, 0, 0): b' 2064,10,7,1024,0,388,4,4,7,1,1,-70,2,1036,8824,132,0,0 '
Received from ('fd00::200:0:0:7', 8765, 0, 0): b' 2065,7,3,768,10,422,5,5,7,1,1,-52,3,1035,7771,134,1,7 '
Received from ('fd00::200:0:0:5', 8765, 0, 0): b' 2067,5,4,768,0,443,6,1,6,1,1,-52,0,756,10607,136,0,0 '
Received from ('fd00::200:0:0:4', 8765, 0, 0): b' 2067,4,1,512,0,420,6,3,7,2,1,-66,10,1808,12317,135,1,7 '
Received from ('fd00::200:0:0:14', 8765, 0, 0): b' 2065,20,16,1536,0,419,5,5,7,1,1,-52,0,387,6356,120,0,0 '
Received from ('fd00::200:0:0:b', 8765, 0, 0): b' 2067,11,8,1024,0,414,5,8,7,1,2,-70,1,961,12553,126,0,0 '
Received from ('fd00::200:0:0:6', 8765, 0, 0): b' 2068,6,2,768,0,369,2,13,7,1,1,-52,0,384,4713,87,0,0 '
Received from ('fd00::200:0:0:1', 5678, 0, 0): b' 2068,1,0,256,0,8,0,0,4,0,0,0,10,2310,24209,2427,0,0 '
Received from ('fd00::200:0:0:11', 8765, 0, 0): b' 2067,17,13,1280,0,375,10,5,7,1,3,-52,1,342,5370,119,0,0 '
Received from ('fd00::200:0:0:2', 8765, 0, 0): b' 2068,2,1,512,0,400,6,1,6,1,1,-88,1,1028,10726,136,1,7 '
Received from ('fd00::200:0:0:d', 8765, 0, 0): b' 2068,13,8,1024,0,365,4,4,7,1,1,-70,5,2521,21775,129,0,0 '
Received from ('fd00::200:0:0:e', 8765, 0, 0): b' 2068,14,11,1280,0,409,3,3,7,1,1,-70,0,831,11072,126,0,0 '
Received from ('fd00::200:0:0:9', 8765, 0, 0): b' 2070,9,4,768,0,356,8,13,6,1,4,-70,0,440,5110,88,0,0 '
Received from ('fd00::200:0:0:12', 8765, 0, 0): b' 2067,18,15,1536,0,414,4,4,5,1,1,-70,0,1013,9775,127,0,0 '
Received from ('fd00::200:0:0:10', 8765, 0, 0): b' 2070,16,13,1280,0,402,3,7,7,1,1,-70,2,1586,18194,127,0,0 '
Received from ('fd00::200:0:0:3', 8765, 0, 0): b' 2071,3,1,512,0,423,6,3,7,1,1,-64,4,1493,12000,136,1,7 '
Received from ('fd00::200:0:0:f', 8765, 0, 0): b' 2068,15,10,1280,0,412,5,11,7,1,2,-70,1,1748,14783,126,0,0 '
Received from ('fd00::200:0:0:15', 8765, 0, 0): b' 2070,21,17,1536,0,388,3,7,5,1,1,-52,0,745,9356,111,0,0 '
Received from ('fd00::200:0:0:7', 8765, 0, 0): b' 2070,7,3,768,0,423,5,5,7,1,1,-52,3,1155,10229,135,1,7 '
Received from ('fd00::200:0:0:4', 8765, 0, 0): b' 2072,4,1,512,0,422,6,3,7,2,1,-66,10,2653,14928,135,1,7 '
Received from ('fd00::200:0:0:11', 8765, 0, 0): b' 2071,17,13,1280,0,376,10,5,7,1,3,-52,1,680,5641,120,0,0 '
Received from ('fd00::200:0:0:8', 8765, 0, 0): b' 2072,8,4,768,0,378,4,11,7,1,1,-52,9,4529,31127,132,1,7 '
Received from ('fd00::200:0:0:c', 8765, 0, 0): b' 2072,12,8,1024,0,362,6,17,7,1,3,-52,0,802,10446,88,0,0 '
Received from ('fd00::200:0:0:1', 5678, 0, 0): b' 2073,1,0,256,0,8,0,0,4,0,0,0,10,1295,12495,2436,0,0 '
Received from ('fd00::200:0:0:e', 8765, 0, 0): b' 2073,14,11,1280,0,409,3,3,7,1,1,-70,0,280,4668,126,0,0 '
Received from ('fd00::200:0:0:d', 8765, 0, 0): b' 2073,13,8,1024,0,367,4,4,7,1,1,-70,5,1436,11644,129,0,0 '
Received from ('fd00::200:0:0:2', 8765, 0, 0): b' 2075,2,1,512,0,400,6,1,6,1,1,-88,1,693,9819,137,1,7 '
Received from ('fd00::200:0:0:a', 8765, 0, 0): b' 2074,10,7,1024,0,390,4,4,7,1,1,-70,2,1408,15720,133,0,0 '
Received from ('fd00::200:0:0:b', 8765, 0, 0): b' 2076,11,8,1024,0,416,5,8,7,1,2,-70,1,954,13195,126,0,0 '
Received from ('fd00::200:0:0:13', 8765, 0, 0): b' 2074,19,16,1536,0,440,4,4,7,1,1,-70,0,1039,11343,124,0,0 '
Received from ('fd00::200:0:0:f', 8765, 0, 0): b' 2074,15,10,1280,0,413,5,11,7,1,2,-70,1,502,7157,126,0,0 '
Received from ('fd00::200:0:0:6', 8765, 0, 0): b' 2077,6,2,768,0,371,2,13,7,1,1,-52,0,667,8997,88,0,0 '
Received from ('fd00::200:0:0:5', 8765, 0, 0): b' 2078,5,4,768,0,444,6,1,6,1,1,-52,0,710,12935,137,0,0 '
Received from ('fd00::200:0:0:10', 8765, 0, 0): b' 2077,16,13,1280,0,404,3,7,7,1,1,-70,2,1157,14009,127,0,0 '
Received from ('fd00::200:0:0:3', 8765, 0, 0): b' 2077,3,1,512,0,426,6,3,7,1,1,-64,4,1726,11782,136,1,7 '
Received from ('fd00::200:0:0:14', 8765, 0, 0): b' 2077,20,16,1536,10,422,5,5,7,1,1,-52,0,718,10526,121,0,0 '
Received from ('fd00::200:0:0:1', 5678, 0, 0): b' 2079,1,0,256,0,8,0,0,4,0,0,0,10,1261,14098,2442,0,0 '
Received from ('fd00::200:0:0:2', 8765, 0, 0): b' 2078,2,1,512,10,401,6,1,6,1,1,-88,1,463,6392,137,1,7 '
Received from ('fd00::200:0:0:11', 8765, 0, 0): b' 2078,17,13,1280,0,377,10,5,7,1,3,-52,1,620,8274,120,0,0 '
Received from ('fd00::200:0:0:12', 8765, 0, 0): b' 2077,18,15,1536,0,415,4,4,5,1,1,-70,0,435,8741,127,0,0 '
Received from ('fd00::200:0:0:c', 8765, 0, 0): b' 2079,12,8,1024,20,365,6,17,7,1,3,-52,0,493,6722,88,0,0 '
Received from ('fd00::200:0:0:d', 8765, 0, 0): b' 2080,13,8,1024,0,367,4,4,7,1,1,-70,5,1431,11958,130,0,0 '
Received from ('fd00::200:0:0:a', 8765, 0, 0): b' 2079,10,7,1024,0,391,4,4,7,1,1,-70,2,768,8854,133,0,0 '
Received from ('fd00::200:0:0:15', 8765, 0, 0): b' 2079,21,17,1536,0,390,3,7,5,1,1,-52,0,670,8088,112,0,0 '
Received from ('fd00::200:0:0:9', 8765, 0, 0): b' 2081,9,4,768,10,360,8,13,6,1,4,-70,0,832,11250,88,0,0 '
Received from ('fd00::200:0:0:8', 8765, 0, 0): b' 2082,8,4,768,20,381,4,11,7,1,1,-52,9,3768,24505,133,1,7 '
Received from ('fd00::200:0:0:4', 8765, 0, 0): b' 2082,4,1,512,10,425,6,3,7,2,1,-66,10,4959,28878,136,1,7 '
Received from ('fd00::200:0:0:7', 8765, 0, 0): b' 2080,7,3,768,10,428,5,5,7,1,1,-52,3,2163,17721,135,1,7 '
Received from ('fd00::200:0:0:e', 8765, 0, 0): b' 2080,14,11,1280,0,411,3,3,7,1,1,-70,0,573,7139,127,0,0 '
Received from ('fd00::200:0:0:5', 8765, 0, 0): b' 2082,5,4,768,0,445,6,1,6,1,1,-52,0,287,5823,137,0,0 '
Received from ('fd00::200:0:0:10', 8765, 0, 0): b' 2082,16,13,1280,0,405,3,7,7,1,1,-70,2,712,8102,127,0,0 '
Received from ('fd00::200:0:0:3', 8765, 0, 0): b' 2082,3,1,512,0,427,6,3,7,1,1,-64,4,1357,10299,137,1,7 '
Received from ('fd00::200:0:0:2', 8765, 0, 0): b' 2082,2,1,512,0,402,6,1,6,1,1,-88,1,639,7405,137,1,7 '
Received from ('fd00::200:0:0:13', 8765, 0, 0): b' 2083,19,16,1536,0,443,4,4,7,1,1,-70,0,627,8007,124,0,0 '
Received from ('fd00::200:0:0:6', 8765, 0, 0): b' 2083,6,2,768,0,374,2,13,7,1,1,-52,0,621,7785,88,0,0 '
Received from ('fd00::200:0:0:12', 8765, 0, 0): b' 2082,18,15,1536,0,416,4,4,5,1,1,-70,0,418,4957,128,0,0 '
Received from ('fd00::200:0:0:b', 8765, 0, 0): b' 2086,11,8,1024,0,419,5,8,7,1,2,-70,1,1238,15015,127,0,0 '
Received from ('fd00::200:0:0:4', 8765, 0, 0): b' 2086,4,1,512,0,425,6,3,7,2,1,-66,10,1697,11175,136,1,7 '
Received from ('fd00::200:0:0:a', 8765, 0, 0): b' 2084,10,7,1024,0,392,4,4,7,1,1,-70,2,803,8781,133,0,0 '
Received from ('fd00::200:0:0:15', 8765, 0, 0): b' 2085,21,17,1536,0,392,3,7,5,1,1,-52,0,494,5108,112,0,0 '
Received from ('fd00::200:0:0:c', 8765, 0, 0): b' 2086,12,8,1024,0,366,7,17,7,1,3,-52,0,654,6632,89,0,0 '
Received from ('fd00::200:0:0:14', 8765, 0, 0): b' 2087,20,16,1536,0,424,5,5,7,1,1,-52,0,790,8817,121,0,0 '
Received from ('fd00::200:0:0:7', 8765, 0, 0): b' 2086,7,3,768,10,429,5,5,7,1,1,-52,3,1186,10274,136,1,7 '
Received from ('fd00::200:0:0:1', 5678, 0, 0): b' 2088,1,0,256,0,8,0,0,4,0,0,0,10,2076,21958,2456,0,0 '
Received from ('fd00::200:0:0:f', 8765, 0, 0): b' 2085,15,10,1280,0,415,5,11,7,1,2,-70,1,1305,14343,127,0,0 '
Received from ('fd00::200:0:0:8', 8765, 0, 0): b' 2089,8,4,768,0,383,4,11,7,1,1,-52,9,2579,18538,133,1,7 '
Received from ('fd00::200:0:0:d', 8765, 0, 0): b' 2089,13,8,1024,10,370,4,4,7,1,1,-70,5,2108,18438,130,0,0 '
Received from ('fd00::200:0:0:11', 8765, 0, 0): b' 2089,17,13,1280,0,378,10,5,7,1,3,-52,1,1068,13090,121,0,0 '
Received from ('fd00::200:0:0:12', 8765, 0, 0): b' 2086,18,15,1536,10,416,4,4,5,1,1,-70,0,255,3782,128,0,0 '
Received from ('fd00::200:0:0:9', 8765, 0, 0): b' 2090,9,4,768,0,361,8,13,6,1,4,-70,0,735,8751,89,0,0 '
Received from ('fd00::200:0:0:c', 8765, 0, 0): b' 2090,12,8,1024,0,367,7,17,7,1,3,-52,0,361,4248,89,0,0 '
Received from ('fd00::200:0:0:10', 8765, 0, 0): b' 2088,16,13,1280,10,406,3,7,7,1,1,-70,2,1263,14130,128,0,0 '
Received from ('fd00::200:0:0:e', 8765, 0, 0): b' 2089,14,11,1280,0,412,3,3,7,1,1,-70,0,573,8005,127,0,0 '
Received from ('fd00::200:0:0:4', 8765, 0, 0): b' 2091,4,1,512,0,426,6,3,7,2,1,-66,10,2742,15995,137,1,7 '
Received from ('fd00::200:0:0:6', 8765, 0, 0): b' 2091,6,2,768,0,376,2,13,7,1,1,-52,0,570,6960,89,0,0 '
Received from ('fd00::200:0:0:5', 8765, 0, 0): b' 2093,5,4,768,0,447,6,1,6,1,1,-52,0,719,12390,138,0,0 '
Received from ('fd00::200:0:0:2', 8765, 0, 0): b' 2092,2,1,512,0,402,6,1,6,1,1,-88,1,1235,14306,138,1,7 '
Received from ('fd00::200:0:0:13', 8765, 0, 0): b' 2091,19,16,1536,0,446,4,4,7,1,1,-70,0,847,8930,125,0,0 '
Received from ('fd00::200:0:0:a', 8765, 0, 0): b' 2091,10,7,1024,0,393,4,4,7,1,1,-70,2,881,11237,134,0,0 '
Received from ('fd00::200:0:0:d', 8765, 0, 0): b' 2094,13,8,1024,0,371,4,4,7,1,1,-70,5,1333,11211,131,0,0 '
Received from ('fd00::200:0:0:c', 8765, 0, 0): b' 2095,12,8,1024,0,367,7,17,7,1,3,-52,0,254,4305,89,0,0 '
Received from ('fd00::200:0:0:1', 5678, 0, 0): b' 2095,1,0,256,0,8,0,0,4,0,0,0,10,1526,16156,2462,0,0 '
Received from ('fd00::200:0:0:3', 8765, 0, 0): b' 2094,3,1,512,0,429,6,3,7,1,1,-64,4,2268,20330,137,1,7 '
Received from ('fd00::200:0:0:11', 8765, 0, 0): b' 2095,17,13,1280,0,380,10,5,7,1,3,-52,1,856,8138,121,0,0 '
Received from ('fd00::200:0:0:15', 8765, 0, 0): b' 2096,21,17,1536,0,397,3,7,5,1,1,-52,0,1015,10968,113,0,0 '
Received from ('fd00::200:0:0:12', 8765, 0, 0): b' 2092,18,15,1536,10,418,4,4,5,1,1,-70,0,488,5685,128,0,0 '
Received from ('fd00::200:0:0:b', 8765, 0, 0): b' 2097,11,8,1024,0,422,5,8,7,1,2,-70,1,1319,18450,128,0,0 '
Received from ('fd00::200:0:0:2', 8765, 0, 0): b' 2096,2,1,512,0,404,6,1,6,1,1,-88,1,719,7263,138,1,7 '
Received from ('fd00::200:0:0:10', 8765, 0, 0): b' 2096,16,13,1280,0,407,3,7,7,1,1,-70,2,1081,14322,128,0,0 '
Received from ('fd00::200:0:0:14', 8765, 0, 0): b' 2096,20,16,1536,0,432,5,5,7,1,1,-52,0,1229,11067,122,0,0 '
Received from ('fd00::200:0:0:7', 8765, 0, 0): b' 2098,7,3,768,0,431,5,5,7,1,1,-52,3,1827,17456,136,1,7 '
Received from ('fd00::200:0:0:3', 8765, 0, 0): b' 2098,3,1,512,0,430,6,3,7,1,1,-64,4,959,7339,138,1,7 '
Received from ('fd00::200:0:0:d', 8765, 0, 0): b' 2099,13,8,1024,0,371,4,4,7,1,1,-70,5,1144,9479,131,0,0 '
Received from ('fd00::200:0:0:8', 8765, 0, 0): b' 2099,8,4,768,0,385,4,11,7,1,1,-52,9,4413,28346,134,1,7 '
Received from ('fd00::200:0:0:f', 8765, 0, 0): b' 2096,15,10,1280,10,416,5,11,7,1,2,-70,1,1235,14802,128,0,0 '
Received from ('fd00::200:0:0:e', 8765, 0, 0): b' 2099,14,11,1280,0,414,3,3,7,1,1,-70,0,694,9237,128,0,0 '
Received from ('fd00::200:0:0:9', 8765, 0, 0): b' 2101,9,4,768,0,364,8,13,6,1,4,-70,0,822,10618,90,0,0 '
Received from ('fd00::200:0:0:a', 8765, 0, 0): b' 2099,10,7,1024,0,394,4,4,7,1,1,-70,2,1191,13128,134,0,0 '
Received from ('fd00::200:0:0:15', 8765, 0, 0): b' 2100,21,17,1536,10,399,3,7,5,1,1,-52,0,389,4620,113,0,0 '
Received from ('fd00::200:0:0:10', 8765, 0, 0): b' 2101,16,13,1280,0,409,3,7,7,1,1,-70,2,1019,9428,129,0,0 '
Received from ('fd00::200:0:0:11', 8765, 0, 0): b' 2103,17,13,1280,0,382,10,5,7,1,3,-52,1,1168,10735,122,0,0 '
Received from ('fd00::200:0:0:5', 8765, 0, 0): b' 2103,5,4,768,0,449,6,1,6,1,1,-52,0,692,12834,139,0,0 '
Received from ('fd00::200:0:0:4', 8765, 0, 0): b' 2103,4,1,512,0,428,6,3,7,2,1,-66,10,5542,33178,138,1,7 '
Received from ('fd00::200:0:0:13', 8765, 0, 0): b' 2101,19,16,1536,10,448,4,4,7,1,1,-70,0,587,9132,126,0,0 '
Received from ('fd00::200:0:0:c', 8765, 0, 0): b' 2104,12,8,1024,0,370,7,17,7,1,3,-52,0,769,9509,90,0,0 '
Received from ('fd00::200:0:0:d', 8765, 0, 0): b' 2104,13,8,1024,0,372,4,4,7,1,1,-70,5,1577,11705,131,0,0 '
Received from ('fd00::200:0:0:6', 8765, 0, 0): b' 2104,6,2,768,0,381,2,13,7,1,1,-52,0,1133,11931,90,0,0 '
Received from ('fd00::200:0:0:1', 5678, 0, 0): b' 2104,1,0,256,0,8,0,0,4,0,0,0,10,2178,22816,2479,0,0 '
Received from ('fd00::200:0:0:3', 8765, 0, 0): b' 2104,3,1,512,0,430,6,3,7,1,1,-64,4,982,9746,138,1,7 '
Received from ('fd00::200:0:0:b', 8765, 0, 0): b' 2105,11,8,1024,10,423,5,8,7,1,2,-70,1,732,11381,128,0,0 '
Received from ('fd00::200:0:0:9', 8765, 0, 0): b' 2106,9,4,768,0,365,8,14,6,1,4,-70,0,388,4489,90,0,0 '
Received from ('fd00::200:0:0:2', 8765, 0, 0): b' 2105,2,1,512,0,405,6,1,6,1,1,-88,1,1053,13630,139,1,7 '
Received from ('fd00::200:0:0:a', 8765, 0, 0): b' 2104,10,7,1024,0,394,4,4,7,1,1,-70,2,380,7401,135,0,0 '
Received from ('fd00::200:0:0:14', 8765, 0, 0): b' 2106,20,16,1536,0,436,5,5,7,1,1,-52,0,911,9638,123,0,0 '
Received from ('fd00::200:0:0:f', 8765, 0, 0): b' 2104,15,10,1280,0,419,5,11,7,1,2,-70,1,713,9038,128,0,0 '
Received from ('fd00::200:0:0:7', 8765, 0, 0): b' 2107,7,3,768,0,431,5,5,7,1,1,-52,3,1569,15357,137,1,7 '
Received from ('fd00::200:0:0:5', 8765, 0, 0): b' 2108,5,4,768,0,450,6,1,6,1,1,-52,0,388,5277,139,0,0 '
Received from ('fd00::200:0:0:12', 8765, 0, 0): b' 2104,18,15,1536,10,420,4,4,5,1,1,-70,0,719,11010,129,0,0 '
Received from ('fd00::200:0:0:4', 8765, 0, 0): b' 2108,4,1,512,0,429,6,3,7,2,1,-66,10,2067,13286,138,1,7 '
Received from ('fd00::200:0:0:d', 8765, 0, 0): b' 2109,13,8,1024,0,373,4,4,7,1,1,-70,5,908,9191,132,0,0 '
Received from ('fd00::200:0:0:6', 8765, 0, 0): b' 2109,6,2,768,0,383,2,13,7,1,1,-52,0,371,4948,90,0,0 '
Received from ('fd00::200:0:0:c', 8765, 0, 0): b' 2109,12,8,1024,10,372,7,17,7,1,3,-52,0,468,5184,90,0,0 '
Received from ('fd00::200:0:0:1', 5678, 0, 0): b' 2110,1,0,256,0,8,0,0,4,0,0,0,10,1117,12514,2483,0,0 '
Received from ('fd00::200:0:0:b', 8765, 0, 0): b' 2109,11,8,1024,20,426,5,8,7,1,2,-70,1,764,7379,129,0,0 '
Received from ('fd00::200:0:0:8', 8765, 0, 0): b' 2111,8,4,768,10,387,4,11,7,1,1,-52,9,4449,30501,135,1,7 '
Received from ('fd00::200:0:0:13', 8765, 0, 0): b' 2109,19,16,1536,0,450,4,4,7,1,1,-70,0,625,7769,126,0,0 '
Received from ('fd00::200:0:0:e', 8765, 0, 0): b' 2110,14,11,1280,0,418,3,3,7,1,1,-70,0,908,10421,129,0,0 '
Received from ('fd00::200:0:0:15', 8765, 0, 0): b' 2110,21,17,1536,0,404,3,7,5,1,1,-52,0,1099,9564,114,0,0 '
Received from ('fd00::200:0:0:11', 8765, 0, 0): b' 2112,17,13,1280,0,384,10,5,7,1,3,-52,1,1221,11990,122,0,0 '
Received from ('fd00::200:0:0:10', 8765, 0, 0): b' 2111,16,13,1280,0,414,3,7,7,1,1,-70,2,1976,20079,129,0,0 '
Received from ('fd00::200:0:0:a', 8765, 0, 0): b' 2111,10,7,1024,0,399,4,4,7,1,1,-70,2,1479,11351,135,0,0 '
Received from ('fd00::200:0:0:2', 8765, 0, 0): b' 2113,2,1,512,0,406,6,1,6,1,1,-88,1,962,11884,139,1,7 '
Received from ('fd00::200:0:0:3', 8765, 0, 0): b' 2113,3,1,512,0,433,6,3,7,1,1,-64,4,1920,15813,139,1,7 '
Received from ('fd00::200:0:0:f', 8765, 0, 0): b' 2111,15,10,1280,0,419,5,11,7,1,2,-70,1,840,9479,129,0,0 '
Received from ('fd00::200:0:0:4', 8765, 0, 0): b' 2114,4,1,512,0,429,6,3,7,2,1,-66,10,2711,17160,138,1,7 '
Received from ('fd00::200:0:0:c', 8765, 0, 0): b' 2114,12,8,1024,0,373,7,17,7,1,3,-52,0,386,5072,90,0,0 '
Received from ('fd00::200:0:0:5', 8765, 0, 0): b' 2114,5,4,768,0,453,6,1,6,1,1,-52,0,621,8698,139,0,0 '
Received from ('fd00::200:0:0:12', 8765, 0, 0): b' 2112,18,15,1536,0,421,4,4,5,1,1,-70,0,566,7118,130,0,0 '
Received from ('fd00::200:0:0:1', 5678, 0, 0): b' 2115,1,0,256,0,8,0,0,4,0,0,0,10,1230,13151,2491,0,0 '
Received from ('fd00::200:0:0:9', 8765, 0, 0): b' 2116,9,4,768,0,368,8,14,6,1,4,-70,0,701,9575,91,0,0 '
Received from ('fd00::200:0:0:b', 8765, 0, 0): b' 2116,11,8,1024,0,427,5,8,7,1,2,-70,1,904,10359,129,0,0 '
Received from ('fd00::200:0:0:7', 8765, 0, 0): b' 2115,7,3,768,0,433,5,5,7,1,1,-52,3,1694,14462,137,1,7 '
Received from ('fd00::200:0:0:8', 8765, 0, 0): b' 2116,8,4,768,10,389,4,11,7,1,1,-52,9,2401,14371,135,1,7 '
Received from ('fd00::200:0:0:15', 8765, 0, 0): b' 2115,21,17,1536,0,404,3,7,5,1,1,-52,0,280,4841,114,0,0 '
Received from ('fd00::200:0:0:e', 8765, 0, 0): b' 2118,14,11,1280,0,422,3,3,7,1,1,-70,0,708,6505,129,0,0 '
Received from ('fd00::200:0:0:14', 8765, 0, 0): b' 2117,20,16,1536,0,437,5,5,7,1,1,-52,0,709,10911,123,0,0 '
Received from ('fd00::200:0:0:2', 8765, 0, 0): b' 2117,2,1,512,0,409,6,1,6,1,1,-88,1,743,7698,139,1,7 '
Received from ('fd00::200:0:0:a', 8765, 0, 0): b' 2117,10,7,1024,0,400,4,4,7,1,1,-70,2,880,9855,136,0,0 '
Received from ('fd00::200:0:0:6', 8765, 0, 0): b' 2119,6,2,768,0,385,2,13,7,1,1,-52,0,812,11100,91,0,0 '
Received from ('fd00::200:0:0:d', 8765, 0, 0): b' 2120,13,8,1024,0,375,4,4,7,1,1,-70,5,2491,22733,132,0,0 '
Received from ('fd00::200:0:0:4', 8765, 0, 0): b' 2121,4,1,512,0,430,6,3,7,2,1,-66,10,3246,19491,139,1,7 '
Received from ('fd00::200:0:0:b', 8765, 0, 0): b' 2122,11,8,1024,10,428,5,8,7,1,2,-70,1,856,9911,129,0,0 '
Received from ('fd00::200:0:0:15', 8765, 0, 0): b' 2121,21,17,1536,0,405,3,7,5,1,1,-52,0,289,5367,114,0,0 '
Received from ('fd00::200:0:0:12', 8765, 0, 0): b' 2119,18,15,1536,0,423,4,4,5,1,1,-70,0,517,7169,130,0,0 '
Received from ('fd00::200:0:0:e', 8765, 0, 0): b' 2122,14,11,1280,0,423,3,3,7,1,1,-70,0,452,4860,129,0,0 '
Received from ('fd00::200:0:0:5', 8765, 0, 0): b' 2123,5,4,768,0,456,6,1,6,1,1,-52,0,802,10315,140,0,0 '
Received from ('fd00::200:0:0:10', 8765, 0, 0): b' 2120,16,13,1280,20,415,4,7,7,1,1,-70,2,1294,16878,130,0,0 '
Received from ('fd00::200:0:0:7', 8765, 0, 0): b' 2123,7,3,768,10,434,5,5,7,1,1,-52,3,1143,12383,138,1,7 '
Received from ('fd00::200:0:0:13', 8765, 0, 0): b' 2120,19,16,1536,0,453,4,4,7,1,1,-70,0,825,10696,127,0,0 '
Received from ('fd00::200:0:0:9', 8765, 0, 0): b' 2124,9,4,768,0,370,8,14,6,1,4,-70,0,611,7813,91,0,0 '
Received from ('fd00::200:0:0:11', 8765, 0, 0): b' 2122,17,13,1280,10,388,10,5,7,1,3,-52,1,1339,13063,123,0,0 '
Received from ('fd00::200:0:0:c', 8765, 0, 0): b' 2123,12,8,1024,0,374,7,17,7,1,3,-52,0,562,8411,91,0,0 '
Received from ('fd00::200:0:0:3', 8765, 0, 0): b' 2124,3,1,512,0,435,6,3,7,1,1,-64,4,2294,18813,139,1,7 '
Received from ('fd00::200:0:0:a', 8765, 0, 0): b' 2125,10,7,1024,0,401,4,4,7,1,1,-70,2,673,9176,136,0,0 '
Received from ('fd00::200:0:0:f', 8765, 0, 0): b' 2122,15,10,1280,0,422,5,11,7,1,2,-70,1,1266,14384,129,0,0 '
Received from ('fd00::200:0:0:b', 8765, 0, 0): b' 2127,11,8,1024,20,430,5,8,7,1,2,-70,1,879,8679,130,0,0 '
Received from ('fd00::200:0:0:1', 5678, 0, 0): b' 2126,1,0,256,0,8,0,0,4,0,0,0,10,2677,27089,2506,0,0 '
Received from ('fd00::200:0:0:15', 8765, 0, 0): b' 2126,21,17,1536,0,406,3,7,5,1,1,-52,0,418,4851,115,0,0 '
Received from ('fd00::200:0:0:12', 8765, 0, 0): b' 2124,18,15,1536,10,425,4,4,5,1,1,-70,0,469,4677,131,0,0 '
Received from ('fd00::200:0:0:8', 8765, 0, 0): b' 2127,8,4,768,30,392,4,11,7,1,1,-52,9,4268,29154,136,1,7 '
Received from ('fd00::200:0:0:e', 8765, 0, 0): b' 2126,14,11,1280,0,424,3,3,7,1,1,-70,0,418,4862,130,0,0 '
Received from ('fd00::200:0:0:d', 8765, 0, 0): b' 2127,13,8,1024,0,376,4,4,7,1,1,-70,5,1771,14613,133,0,0 '
Received from ('fd00::200:0:0:3', 8765, 0, 0): b' 2128,3,1,512,0,437,6,3,7,1,1,-64,4,1245,8096,140,1,7 '
Received from ('fd00::200:0:0:13', 8765, 0, 0): b' 2128,19,16,1536,0,455,4,4,7,1,1,-70,0,591,6938,127,0,0 '
Received from ('fd00::200:0:0:2', 8765, 0, 0): b' 2128,2,1,512,10,415,6,1,6,1,1,-88,1,1653,17123,140,1,7 '
Received from ('fd00::200:0:0:9', 8765, 0, 0): b' 2130,9,4,768,0,372,8,14,6,1,4,-70,0,490,5519,91,0,0 '
Received from ('fd00::200:0:0:7', 8765, 0, 0): b' 2129,7,3,768,10,435,5,5,7,1,1,-52,3,1372,10540,138,1,7 '
Received from ('fd00::200:0:0:4', 8765, 0, 0): b' 2130,4,1,512,30,432,6,3,7,2,1,-66,10,4351,25377,139,1,7 '
Received from ('fd00::200:0:0:11', 8765, 0, 0): b' 2129,17,13,1280,10,388,10,5,7,1,3,-52,1,828,9314,123,0,0 '
Received from ('fd00::200:0:0:10', 8765, 0, 0): b' 2129,16,13,1280,10,417,4,7,7,1,1,-70,2,1398,16568,131,0,0 '
Received from ('fd00::200:0:0:14', 8765, 0, 0): b' 2129,20,16,1536,0,440,5,5,7,1,1,-52,0,827,11176,124,0,0 '
Received from ('fd00::200:0:0:c', 8765, 0, 0): b' 2131,12,8,1024,10,377,7,17,7,1,3,-52,0,596,8088,92,0,0 '
Received from ('fd00::200:0:0:6', 8765, 0, 0): b' 2130,6,2,768,20,390,2,13,7,1,1,-52,0,957,11067,92,0,0 '
Received from ('fd00::200:0:0:5', 8765, 0, 0): b' 2132,5,4,768,0,457,6,1,6,1,1,-52,0,529,12238,140,0,0 '
Received from ('fd00::200:0:0:f', 8765, 0, 0): b' 2129,15,10,1280,0,424,5,11,7,1,2,-70,1,1015,9938,130,0,0 '
Received from ('fd00::200:0:0:b', 8765, 0, 0): b' 2133,11,8,1024,0,433,5,8,7,1,2,-70,1,884,10093,130,0,0 '
Received from ('fd00::200:0:0:12', 8765, 0, 0): b' 2131,18,15,1536,0,427,4,4,5,1,1,-70,0,575,6888,131,0,0 '
Received from ('fd00::200:0:0:a', 8765, 0, 0): b' 2134,10,7,1024,0,403,4,4,7,1,1,-70,2,1673,16019,137,0,0 '
Received from ('fd00::200:0:0:1', 5678, 0, 0): b' 2135,1,0,256,0,8,0,0,4,0,0,0,10,2138,20693,2520,0,0 '
Received from ('fd00::200:0:0:10', 8765, 0, 0): b' 2134,16,13,1280,0,417,4,7,7,1,1,-70,2,815,10359,131,0,0 '
Received from ('fd00::200:0:0:4', 8765, 0, 0): b' 2135,4,1,512,0,435,6,3,7,2,1,-66,10,2852,16759,140,1,7 '
Received from ('fd00::200:0:0:9', 8765, 0, 0): b' 2137,9,4,768,0,373,8,14,6,1,4,-70,0,439,6709,92,0,0 '
Received from ('fd00::200:0:0:13', 8765, 0, 0): b' 2135,19,16,1536,0,456,4,4,7,1,1,-70,0,466,6876,128,0,0 '
Received from ('fd00::200:0:0:8', 8765, 0, 0): b' 2137,8,4,768,10,394,4,11,7,1,1,-52,9,3732,26052,137,1,7 '
Received from ('fd00::200:0:0:14', 8765, 0, 0): b' 2135,20,16,1536,0,442,5,5,7,1,1,-52,0,550,6264,125,0,0 '
Received from ('fd00::200:0:0:15', 8765, 0, 0): b' 2136,21,17,1536,10,410,3,7,5,1,1,-52,0,852,9805,115,0,0 '
Received from ('fd00::200:0:0:e', 8765, 0, 0): b' 2138,14,11,1280,0,427,3,3,7,1,1,-70,0,769,10476,130,0,0 '
Received from ('fd00::200:0:0:2', 8765, 0, 0): b' 2138,2,1,512,0,416,6,1,6,1,1,-88,1,1081,14050,141,1,7 '
Received from ('fd00::200:0:0:12', 8765, 0, 0): b' 2135,18,15,1536,0,428,4,4,5,1,1,-70,0,362,4130,131,0,0 '
Received from ('fd00::200:0:0:d', 8765, 0, 0): b' 2138,13,8,1024,0,376,4,4,7,1,1,-70,5,2632,22447,134,0,0 '
Received from ('fd00::200:0:0:5', 8765, 0, 0): b' 2139,5,4,768,0,458,6,1,6,1,1,-52,0,468,7419,141,0,0 '
Received from ('fd00::200:0:0:b', 8765, 0, 0): b' 2140,11,8,1024,0,434,5,8,7,1,2,-70,1,731,9854,131,0,0 '
Received from ('fd00::200:0:0:3', 8765, 0, 0): b' 2140,3,1,512,0,437,6,3,7,1,1,-64,4,1995,18671,140,1,7 '
Received from ('fd00::200:0:0:11', 8765, 0, 0): b' 2140,17,13,1280,0,393,10,5,7,1,3,-52,1,1509,14741,124,0,0 '
Received from ('fd00::200:0:0:7', 8765, 0, 0): b' 2139,7,3,768,10,438,5,5,7,1,1,-52,3,1869,17589,139,1,7 '
Received from ('fd00::200:0:0:6', 8765, 0, 0): b' 2140,6,2,768,0,392,2,13,7,1,1,-52,0,596,8941,92,0,0 '
Received from ('fd00::200:0:0:f', 8765, 0, 0): b' 2138,15,10,1280,10,425,5,11,7,1,2,-70,1,825,9222,130,0,0 '
Received from ('fd00::200:0:0:13', 8765, 0, 0): b' 2139,19,16,1536,0,457,4,4,7,1,1,-70,0,362,4194,128,0,0 '
Received from ('fd00::200:0:0:c', 8765, 0, 0): b' 2142,12,8,1024,0,381,7,17,7,1,3,-52,0,852,10653,92,0,0 '
Received from ('fd00::200:0:0:2', 8765, 0, 0): b' 2144,2,1,512,0,416,6,1,6,1,1,-88,1,563,9072,141,1,7 '
Received from ('fd00::200:0:0:e', 8765, 0, 0): b' 2144,14,11,1280,0,428,3,3,7,1,1,-70,0,443,6004,131,0,0 '
Received from ('fd00::200:0:0:b', 8765, 0, 0): b' 2145,11,8,1024,0,436,5,8,7,1,2,-70,1,821,8348,131,0,0 '
Received from ('fd00::200:0:0:1', 5678, 0, 0): b' 2144,1,0,256,0,8,0,0,4,0,0,0,10,1754,21133,2528,0,0 '
Received from ('fd00::200:0:0:12', 8765, 0, 0): b' 2144,18,15,1536,0,430,4,4,5,1,1,-70,0,549,7053,132,0,0 '
Received from ('fd00::200:0:0:4', 8765, 0, 0): b' 2145,4,1,512,10,437,6,3,7,2,1,-66,10,4460,27980,140,1,7 '
Received from ('fd00::200:0:0:3', 8765, 0, 0): b' 2146,3,1,512,0,440,6,3,7,1,1,-64,4,1403,11095,141,1,7 '
Received from ('fd00::200:0:0:5', 8765, 0, 0): b' 2146,5,4,768,0,462,6,1,6,1,1,-52,0,704,8534,141,0,0 '
Received from ('fd00::200:0:0:9', 8765, 0, 0): b' 2146,9,4,768,0,376,8,14,6,1,4,-70,0,798,9179,93,0,0 '
Received from ('fd00::200:0:0:a', 8765, 0, 0): b' 2145,10,7,1024,0,405,4,4,7,1,1,-70,2,1548,18411,137,0,0 '
Received from ('fd00::200:0:0:13', 8765, 0, 0): b' 2143,19,16,1536,10,458,4,4,7,1,1,-70,0,265,4003,129,0,0 '
Received from ('fd00::200:0:0:14', 8765, 0, 0): b' 2145,20,16,1536,0,445,5,5,7,1,1,-52,0,745,9196,125,0,0 '
Received from ('fd00::200:0:0:10', 8765, 0, 0): b' 2145,16,13,1280,10,420,4,7,7,1,1,-70,2,2114,20858,132,0,0 '
Received from ('fd00::200:0:0:6', 8765, 0, 0): b' 2147,6,2,768,0,395,2,13,7,1,1,-52,0,750,7112,93,0,0 '
Received from ('fd00::200:0:0:d', 8765, 0, 0): b' 2147,13,8,1024,10,378,4,4,7,1,1,-70,5,2142,18447,134,0,0 '
Received from ('fd00::200:0:0:7', 8765, 0, 0): b' 2147,7,3,768,10,439,5,5,7,1,1,-52,3,1344,12693,139,1,7 '
Received from ('fd00::200:0:0:15', 8765, 0, 0): b' 2146,21,17,1536,0,413,3,7,5,1,1,-52,0,802,9425,116,0,0 '
Received from ('fd00::200:0:0:8', 8765, 0, 0): b' 2148,8,4,768,20,396,4,11,7,1,1,-52,9,4772,30046,138,1,7 '
Received from ('fd00::200:0:0:c', 8765, 0, 0): b' 2148,12,8,1024,0,383,7,17,7,1,3,-52,0,549,5689,93,0,0 '
Received from ('fd00::200:0:0:e', 8765, 0, 0): b' 2149,14,11,1280,0,430,3,3,7,1,1,-70,0,493,5607,131,0,0 '
Received from ('fd00::200:0:0:11', 8765, 0, 0): b' 2149,17,13,1280,0,395,10,5,7,1,3,-52,1,1098,11921,125,0,0 '
Received from ('fd00::200:0:0:4', 8765, 0, 0): b' 2150,4,1,512,0,438,6,3,7,2,1,-66,10,3032,15668,141,1,7 '
Received from ('fd00::200:0:0:f', 8765, 0, 0): b' 2149,15,10,1280,0,429,5,11,7,1,2,-70,1,1400,14796,131,0,0 '
Received from ('fd00::200:0:0:a', 8765, 0, 0): b' 2150,10,7,1024,10,405,4,4,7,1,1,-70,2,659,7902,138,0,0 '
Received from ('fd00::200:0:0:10', 8765, 0, 0): b' 2151,16,13,1280,0,422,4,7,7,1,1,-70,2,706,8564,132,0,0 '
Received from ('fd00::200:0:0:12', 8765, 0, 0): b' 2149,18,15,1536,0,431,4,4,5,1,1,-70,0,386,5281,132,0,0 '
Received from ('fd00::200:0:0:b', 8765, 0, 0): b' 2151,11,8,1024,0,439,5,8,7,1,2,-70,1,1065,12070,131,0,0 '
Received from ('fd00::200:0:0:1', 5678, 0, 0): b' 2151,1,0,256,0,8,0,0,4,0,0,0,10,1957,18265,2541,0,0 '
Received from ('fd00::200:0:0:d', 8765, 0, 0): b' 2152,13,8,1024,0,378,4,4,7,1,1,-70,5,1076,10033,135,0,0 '
Received from ('fd00::200:0:0:15', 8765, 0, 0): b' 2152,21,17,1536,0,416,3,7,5,1,1,-52,0,600,6050,116,0,0 '
Received from ('fd00::200:0:0:8', 8765, 0, 0): b' 2152,8,4,768,0,397,4,11,7,1,1,-52,9,1872,11572,138,1,7 '
Received from ('fd00::200:0:0:9', 8765, 0, 0): b' 2154,9,4,768,0,377,8,14,6,1,4,-70,0,407,7562,93,0,0 '
Received from ('fd00::200:0:0:2', 8765, 0, 0): b' 2154,2,1,512,0,418,6,1,6,1,1,-88,1,1394,15756,142,1,7 '
Received from ('fd00::200:0:0:6', 8765, 0, 0): b' 2154,6,2,768,10,398,2,13,7,1,1,-52,0,621,7006,93,0,0 '
Received from ('fd00::200:0:0:7', 8765, 0, 0): b' 2154,7,3,768,0,440,5,5,7,1,1,-52,3,1402,12488,140,1,7 '
Received from ('fd00::200:0:0:4', 8765, 0, 0): b' 2155,4,1,512,0,439,6,3,7,2,1,-66,10,2115,13552,141,1,7 '
Received from ('fd00::200:0:0:13', 8765, 0, 0): b' 2154,19,16,1536,0,461,4,4,7,1,1,-70,0,827,11008,129,0,0 '
Received from ('fd00::200:0:0:3', 8765, 0, 0): b' 2155,3,1,512,20,441,6,3,7,1,1,-64,4,2281,18090,142,1,7 '
Received from ('fd00::200:0:0:14', 8765, 0, 0): b' 2155,20,16,1536,0,446,5,5,7,1,1,-52,0,587,9391,126,0,0 '
Received from ('fd00::200:0:0:f', 8765, 0, 0): b' 2155,15,10,1280,0,429,5,11,7,1,2,-70,1,692,7856,132,0,0 '
Received from ('fd00::200:0:0:c', 8765, 0, 0): b' 2156,12,8,1024,0,387,7,17,7,1,3,-52,0,827,9370,93,0,0 '
Received from ('fd00::200:0:0:5', 8765, 0, 0): b' 2157,5,4,768,0,465,6,1,6,1,1,-52,0,850,14382,142,0,0 '
Received from ('fd00::200:0:0:a', 8765, 0, 0): b' 2157,10,7,1024,0,408,4,4,7,1,1,-70,2,1191,11412,138,0,0 '
Received from ('fd00::200:0:0:1', 5678, 0, 0): b' 2158,1,0,256,0,8,0,0,4,0,0,0,10,1169,14078,2548,0,0 '
Received from ('fd00::200:0:0:6', 8765, 0, 0): b' 2158,6,2,768,0,399,2,13,7,1,1,-52,0,360,4070,93,0,0 '
Received from ('fd00::200:0:0:12', 8765, 0, 0): b' 2157,18,15,1536,0,432,4,4,5,1,1,-70,0,563,7361,133,0,0 '
Received from ('fd00::200:0:0:9', 8765, 0, 0): b' 2158,9,4,768,0,378,8,14,6,1,4,-70,0,485,4663,94,0,0 '
Received from ('fd00::200:0:0:10', 8765, 0, 0): b' 2159,16,13,1280,0,427,4,7,7,1,1,-70,2,1365,15593,132,0,0 '
Received from ('fd00::200:0:0:11', 8765, 0, 0): b' 2159,17,13,1280,0,398,10,5,7,1,3,-52,1,1178,12546,126,0,0 '
Received from ('fd00::200:0:0:2', 8765, 0, 0): b' 2159,2,1,512,0,418,6,1,6,1,1,-88,1,681,8571,142,1,7 '
Received from ('fd00::200:0:0:e', 8765, 0, 0): b' 2160,14,11,1280,0,434,3,3,7,1,1,-70,0,974,10671,132,0,0 '
Received from ('fd00::200:0:0:13', 8765, 0, 0): b' 2160,19,16,1536,0,461,4,4,7,1,1,-70,0,312,4435,130,0,0 '
Received from ('fd00::200:0:0:4', 8765, 0, 0): b' 2161,4,1,512,0,439,6,3,7,2,1,-66,10,2576,16118,142,1,7 '
Received from ('fd00::200:0:0:b', 8765, 0, 0): b' 2160,11,8,1024,0,439,5,8,7,1,2,-70,1,850,14519,132,0,0 '
Received from ('fd00::200:0:0:15', 8765, 0, 0): b' 2162,21,17,1536,0,419,3,7,5,1,1,-52,0,801,9546,117,0,0 '
Received from ('fd00::200:0:0:c', 8765, 0, 0): b' 2162,12,8,1024,0,389,7,17,7,1,3,-52,0,614,6160,94,0,0 '
Received from ('fd00::200:0:0:8', 8765, 0, 0): b' 2163,8,4,768,10,398,4,11,7,1,1,-52,9,3725,26899,138,1,7 '
Received from ('fd00::200:0:0:7', 8765, 0, 0): b' 2163,7,3,768,20,444,5,5,7,1,1,-52,3,1913,16170,141,1,7 '
Received from ('fd00::200:0:0:d', 8765, 0, 0): b' 2163,13,8,1024,10,380,4,4,7,1,1,-70,5,2794,23700,135,0,0 '
Received from ('fd00::200:0:0:3', 8765, 0, 0): b' 2163,3,1,512,0,441,6,3,7,1,1,-64,4,1539,14188,142,1,7 '
Received from ('fd00::200:0:0:5', 8765, 0, 0): b' 2164,5,4,768,0,466,6,1,6,1,1,-52,0,408,8253,142,0,0 '
Received from ('fd00::200:0:0:2', 8765, 0, 0): b' 2164,2,1,512,0,419,6,1,6,1,1,-88,1,690,7173,143,1,7 '
Received from ('fd00::200:0:0:11', 8765, 0, 0): b' 2163,17,13,1280,0,399,10,5,7,1,3,-52,1,598,5367,126,0,0 '
Received from ('fd00::200:0:0:10', 8765, 0, 0): b' 2164,16,13,1280,0,428,4,7,7,1,1,-70,2,1004,10271,133,0,0 '
Received from ('fd00::200:0:0:a', 8765, 0, 0): b' 2163,10,7,1024,10,411,4,4,7,1,1,-70,2,959,9922,139,0,0 '
Received from ('fd00::200:0:0:12', 8765, 0, 0): b' 2164,18,15,1536,0,432,4,4,5,1,1,-70,0,279,5976,133,0,0 '
Received from ('fd00::200:0:0:e', 8765, 0, 0): b' 2165,14,11,1280,0,436,3,3,7,1,1,-70,0,470,4534,132,0,0 '
Received from ('fd00::200:0:0:14', 8765, 0, 0): b' 2166,20,16,1536,0,448,5,5,7,1,1,-52,0,597,9919,127,0,0 '
Received from ('fd00::200:0:0:b', 8765, 0, 0): b' 2166,11,8,1024,10,440,5,8,7,1,2,-70,1,650,8970,132,0,0 '
Received from ('fd00::200:0:0:f', 8765, 0, 0): b' 2166,15,10,1280,0,433,5,11,7,1,2,-70,1,1289,13180,132,0,0 '
Received from ('fd00::200:0:0:d', 8765, 0, 0): b' 2167,13,8,1024,0,380,4,4,7,1,1,-70,5,1012,8899,136,0,0 '
Received from ('fd00::200:0:0:1', 5678, 0, 0): b' 2167,1,0,256,0,8,0,0,4,0,0,0,10,2335,23066,2561,0,0 '
Received from ('fd00::200:0:0:13', 8765, 0, 0): b' 2167,19,16,1536,0,463,4,4,7,1,1,-70,0,493,6165,130,0,0 '
Received from ('fd00::200:0:0:10', 8765, 0, 0): b' 2169,16,13,1280,0,429,4,7,7,1,1,-70,2,829,8559,133,0,0 '
Received from ('fd00::200:0:0:6', 8765, 0, 0): b' 2169,6,2,768,0,400,2,13,7,1,1,-52,0,584,9966,94,0,0 '
Received from ('fd00::200:0:0:c', 8765, 0, 0): b' 2168,12,8,1024,0,391,7,17,7,1,3,-52,0,562,6309,94,0,0 '
Received from ('fd00::200:0:0:9', 8765, 0, 0): b' 2170,9,4,768,0,380,8,14,6,1,4,-70,0,659,10664,94,0,0 '
Received from ('fd00::200:0:0:e', 8765, 0, 0): b' 2169,14,11,1280,0,437,3,3,7,1,1,-70,0,265,3916,132,0,0 '
Received from ('fd00::200:0:0:5', 8765, 0, 0): b' 2170,5,4,768,0,466,6,1,6,1,1,-52,0,336,6701,143,0,0 '
Received from ('fd00::200:0:0:a', 8765, 0, 0): b' 2169,10,7,1024,0,414,4,4,7,1,1,-70,2,1302,11239,139,0,0 '
Received from ('fd00::200:0:0:b', 8765, 0, 0): b' 2171,11,8,1024,0,441,5,8,7,1,2,-70,1,758,7333,133,0,0 '
Received from ('fd00::200:0:0:3', 8765, 0, 0): b' 2171,3,1,512,20,444,6,3,7,1,1,-64,4,2107,14415,143,1,7 '
Received from ('fd00::200:0:0:15', 8765, 0, 0): b' 2171,21,17,1536,0,421,3,7,5,1,1,-52,0,597,9097,118,0,0 '
Received from ('fd00::200:0:0:f', 8765, 0, 0): b' 2170,15,10,1280,10,436,5,11,7,1,2,-70,1,777,5881,133,0,0 '
Received from ('fd00::200:0:0:1', 5678, 0, 0): b' 2173,1,0,256,0,8,0,0,4,0,0,0,10,1090,12431,2568,0,0 '
Received from ('fd00::200:0:0:4', 8765, 0, 0): b' 2173,4,1,512,0,440,6,3,7,2,1,-66,10,5395,32564,142,1,7 '
Received from ('fd00::200:0:0:14', 8765, 0, 0): b' 2173,20,16,1536,0,449,5,5,7,1,1,-52,0,484,5766,127,0,0 '
Received from ('fd00::200:0:0:8', 8765, 0, 0): b' 2173,8,4,768,20,400,4,11,7,1,1,-52,9,4278,27436,139,1,7 '
Received from ('fd00::200:0:0:11', 8765, 0, 0): b' 2172,17,13,1280,0,402,10,5,7,1,3,-52,1,1156,12350,126,0,0 '
Received from ('fd00::200:0:0:7', 8765, 0, 0): b' 2173,7,3,768,0,449,5,5,7,1,1,-52,3,2461,18802,141,1,7 '
Received from ('fd00::200:0:0:c', 8765, 0, 0): b' 2172,12,8,1024,10,391,7,17,7,1,3,-52,0,254,4130,94,0,0 '
Received from ('fd00::200:0:0:5', 8765, 0, 0): b' 2175,5,4,768,0,468,6,1,6,1,1,-52,0,490,6134,143,0,0 '
Received from ('fd00::200:0:0:12', 8765, 0, 0): b' 2173,18,15,1536,0,434,4,4,5,1,1,-70,0,694,9072,134,0,0 '
Received from ('fd00::200:0:0:13', 8765, 0, 0): b' 2173,19,16,1536,10,464,4,4,7,1,1,-70,0,386,5553,130,0,0 '
Received from ('fd00::200:0:0:2', 8765, 0, 0): b' 2175,2,1,512,0,423,6,1,6,1,1,-88,1,1429,17884,143,1,7 '
Received from ('fd00::200:0:0:b', 8765, 0, 0): b' 2175,11,8,1024,0,443,5,8,7,1,2,-70,1,645,6875,133,0,0 '
Received from ('fd00::200:0:0:9', 8765, 0, 0): b' 2176,9,4,768,0,382,8,14,6,1,4,-70,0,668,7645,95,0,0 '
Received from ('fd00::200:0:0:8', 8765, 0, 0): b' 2177,8,4,768,10,402,4,11,7,1,1,-52,9,1743,11956,139,1,7 '
Received from ('fd00::200:0:0:4', 8765, 0, 0): b' 2178,4,1,512,10,441,6,3,7,2,1,-66,10,2541,14977,143,1,7 '
Received from ('fd00::200:0:0:10', 8765, 0, 0): b' 2177,16,13,1280,0,431,4,7,7,1,1,-70,2,1505,16901,134,0,0 '
Received from ('fd00::200:0:0:1', 5678, 0, 0): b' 2178,1,0,256,0,8,0,0,4,0,0,0,10,1173,13349,2574,0,0 '
Received from ('fd00::200:0:0:e', 8765, 0, 0): b' 2177,14,11,1280,0,439,3,3,7,1,1,-70,0,694,8256,133,0,0 '
Received from ('fd00::200:0:0:6', 8765, 0, 0): b' 2178,6,2,768,0,401,2,13,7,1,1,-52,0,487,9446,95,0,0 '
Received from ('fd00::200:0:0:13', 8765, 0, 0): b' 2177,19,16,1536,10,466,4,4,7,1,1,-70,0,526,4444,131,0,0 '
Received from ('fd00::200:0:0:3', 8765, 0, 0): b' 2178,3,1,512,0,446,6,3,7,1,1,-64,4,1494,13612,143,1,7 '
Received from ('fd00::200:0:0:7', 8765, 0, 0): b' 2178,7,3,768,0,451,5,5,7,1,1,-52,3,993,8852,142,1,7 '
Received from ('fd00::200:0:0:a', 8765, 0, 0): b' 2179,10,7,1024,0,416,4,4,7,1,1,-70,2,1311,15255,140,0,0 '
Received from ('fd00::200:0:0:c', 8765, 0, 0): b' 2177,12,8,1024,0,392,7,17,7,1,3,-52,0,442,5111,95,0,0 '
Received from ('fd00::200:0:0:d', 8765, 0, 0): b' 2179,13,8,1024,0,381,4,4,7,1,1,-70,5,2722,23654,136,0,0 '
Received from ('fd00::200:0:0:f', 8765, 0, 0): b' 2181,15,10,1280,0,441,5,11,7,1,2,-70,1,1481,14943,133,0,0 '
Received from ('fd00::200:0:0:12', 8765, 0, 0): b' 2181,18,15,1536,0,438,4,4,5,1,1,-70,0,731,7471,134,0,0 '
Received from ('fd00::200:0:0:14', 8765, 0, 0): b' 2181,20,16,1536,10,450,5,5,7,1,1,-52,0,466,8300,128,0,0 '
Received from ('fd00::200:0:0:2', 8765, 0, 0): b' 2182,2,1,512,0,426,6,1,6,1,1,-88,1,1131,11353,144,1,7 '
Received from ('fd00::200:0:0:e', 8765, 0, 0): b' 2182,14,11,1280,0,440,3,3,7,1,1,-70,0,362,4559,133,0,0 '
Received from ('fd00::200:0:0:15', 8765, 0, 0): b' 2181,21,17,1536,0,425,3,7,5,1,1,-52,0,852,9705,118,0,0 '
Received from ('fd00::200:0:0:5', 8765, 0, 0): b' 2183,5,4,768,0,471,6,1,6,1,1,-52,0,802,11295,144,0,0 '
Received from ('fd00::200:0:0:1', 5678, 0, 0): b' 2183,1,0,256,0,8,0,0,4,0,0,0,10,1395,12786,2581,0,0 '
Received from ('fd00::200:0:0:11', 8765, 0, 0): b' 2180,17,13,1280,0,404,10,5,7,1,3,-52,1,1243,14613,127,0,0 '
Received from ('fd00::200:0:0:13', 8765, 0, 0): b' 2184,19,16,1536,0,466,4,4,7,1,1,-70,0,304,6397,131,0,0 '
Received from ('fd00::200:0:0:8', 8765, 0, 0): b' 2184,8,4,768,0,406,4,11,7,1,1,-52,9,3508,21167,140,1,7 '
Received from ('fd00::200:0:0:6', 8765, 0, 0): b' 2186,6,2,768,0,401,2,13,7,1,1,-52,0,397,7244,95,0,0 '
Received from ('fd00::200:0:0:3', 8765, 0, 0): b' 2186,3,1,512,10,448,6,3,7,1,1,-64,4,1713,13692,144,1,7 '
Received from ('fd00::200:0:0:b', 8765, 0, 0): b' 2185,11,8,1024,0,448,5,8,7,1,2,-70,1,1623,19267,134,0,0 '
Received from ('fd00::200:0:0:d', 8765, 0, 0): b' 2185,13,8,1024,0,383,4,4,7,1,1,-70,5,1602,15932,137,0,0 '
Received from ('fd00::200:0:0:12', 8765, 0, 0): b' 2186,18,15,1536,0,439,4,4,5,1,1,-70,0,418,5018,135,0,0 '
Received from ('fd00::200:0:0:4', 8765, 0, 0): b' 2187,4,1,512,0,444,6,3,7,2,1,-66,10,4657,28182,143,1,7 '
Received from ('fd00::200:0:0:9', 8765, 0, 0): b' 2187,9,4,768,0,384,8,14,6,1,4,-70,0,691,10289,96,0,0 '
Received from ('fd00::200:0:0:f', 8765, 0, 0): b' 2186,15,10,1280,0,443,5,11,7,1,2,-70,1,1054,9460,134,0,0 '
Received from ('fd00::200:0:0:10', 8765, 0, 0): b' 2186,16,13,1280,0,433,4,7,7,1,1,-70,2,1573,20772,134,0,0 '
Received from ('fd00::200:0:0:8', 8765, 0, 0): b' 2188,8,4,768,10,407,4,11,7,1,1,-52,9,1421,10419,140,1,7 '
Received from ('fd00::200:0:0:a', 8765, 0, 0): b' 2188,10,7,1024,10,419,4,4,7,1,1,-70,2,1813,16676,140,0,0 '
Received from ('fd00::200:0:0:c', 8765, 0, 0): b' 2188,12,8,1024,0,395,7,17,7,1,3,-52,0,768,11012,95,0,0 '
Received from ('fd00::200:0:0:e', 8765, 0, 0): b' 2190,14,11,1280,0,441,3,3,7,1,1,-70,0,466,7108,134,0,0 '
Received from ('fd00::200:0:0:11', 8765, 0, 0): b' 2186,17,13,1280,0,405,10,5,7,1,3,-52,1,479,6199,127,0,0 '
Received from ('fd00::200:0:0:2', 8765, 0, 0): b' 2191,2,1,512,0,428,6,1,6,1,1,-88,1,985,13108,144,1,7 '
Received from ('fd00::200:0:0:7', 8765, 0, 0): b' 2189,7,3,768,0,454,5,5,7,1,1,-52,3,2185,20539,142,1,7 '
Received from ('fd00::200:0:0:15', 8765, 0, 0): b' 2186,21,17,1536,0,427,3,7,5,1,1,-52,0,670,8067,119,0,0 '
Received from ('fd00::200:0:0:12', 8765, 0, 0): b' 2192,18,15,1536,0,439,4,4,5,1,1,-70,0,279,5199,135,0,0 '
Received from ('fd00::200:0:0:13', 8765, 0, 0): b' 2190,19,16,1536,10,468,4,4,7,1,1,-70,0,493,5308,132,0,0 '
Received from ('fd00::200:0:0:1', 5678, 0, 0): b' 2193,1,0,256,0,8,0,0,4,0,0,0,10,2004,22032,2594,0,0 '
Received from ('fd00::200:0:0:14', 8765, 0, 0): b' 2192,20,16,1536,0,452,5,5,7,1,1,-52,0,663,9677,128,0,0 '
Received from ('fd00::200:0:0:5', 8765, 0, 0): b' 2192,5,4,768,10,475,6,1,6,1,1,-52,0,743,12151,144,0,0 '
Received from ('fd00::200:0:0:8', 8765, 0, 0): b' 2193,8,4,768,0,408,4,11,7,1,1,-52,9,1880,12310,141,1,7 '
Received from ('fd00::200:0:0:6', 8765, 0, 0): b' 2193,6,2,768,10,404,2,13,7,1,1,-52,0,570,7313,96,0,0 '
Received from ('fd00::200:0:0:f', 8765, 0, 0): b' 2192,15,10,1280,0,446,5,11,7,1,2,-70,1,835,7952,134,0,0 '
Received from ('fd00::200:0:0:10', 8765, 0, 0): b' 2192,16,13,1280,0,435,4,7,7,1,1,-70,2,1343,12271,135,0,0 '
Received from ('fd00::200:0:0:9', 8765, 0, 0): b' 2195,9,4,768,0,387,8,14,6,1,4,-70,0,623,7598,96,0,0 '
Received from ('fd00::200:0:0:3', 8765, 0, 0): b' 2195,3,1,512,10,450,6,3,7,1,1,-64,4,2241,17069,144,1,7 '
Received from ('fd00::200:0:0:c', 8765, 0, 0): b' 2193,12,8,1024,0,395,7,17,7,1,3,-52,0,335,5821,96,0,0 '
Received from ('fd00::200:0:0:7', 8765, 0, 0): b' 2194,7,3,768,0,454,5,5,7,1,1,-52,3,1064,9174,143,1,7 '
Received from ('fd00::200:0:0:4', 8765, 0, 0): b' 2196,4,1,512,0,447,6,3,7,2,1,-66,10,4398,25719,144,1,7 '
Received from ('fd00::200:0:0:11', 8765, 0, 0): b' 2192,17,13,1280,0,406,10,5,7,1,3,-52,1,732,7882,128,0,0 '
Received from ('fd00::200:0:0:b', 8765, 0, 0): b' 2195,11,8,1024,0,449,5,8,7,1,2,-70,1,854,13910,134,0,0 '
Received from ('fd00::200:0:0:13', 8765, 0, 0): b' 2196,19,16,1536,0,469,4,4,7,1,1,-70,0,443,6001,132,0,0 '
Received from ('fd00::200:0:0:2', 8765, 0, 0): b' 2198,2,1,512,0,431,6,1,6,1,1,-88,1,1239,12446,145,1,7 '
Received from ('fd00::200:0:0:e', 8765, 0, 0): b' 2198,14,11,1280,0,442,3,3,7,1,1,-70,0,507,7641,134,0,0 '
Received from ('fd00::200:0:0:14', 8765, 0, 0): b' 2198,20,16,1536,0,454,5,5,7,1,1,-52,0,549,6023,129,0,0 '
Received from ('fd00::200:0:0:d', 8765, 0, 0): b' 2198,13,8,1024,0,387,4,4,7,1,1,-70,5,3540,26277,138,0,0 '
Received from ('fd00::200:0:0:1', 5678, 0, 0): b' 2200,1,0,256,0,8,0,0,4,0,0,0,10,1780,18482,2604,0,0 '
Received from ('fd00::200:0:0:12', 8765, 0, 0): b' 2200,18,15,1536,0,441,4,4,5,1,1,-70,0,517,7391,135,0,0 '
Received from ('fd00::200:0:0:a', 8765, 0, 0): b' 2199,10,7,1024,10,421,4,4,7,1,1,-70,2,1270,17087,141,0,0 '
Received from ('fd00::200:0:0:10', 8765, 0, 0): b' 2198,16,13,1280,0,438,4,7,7,1,1,-70,2,1123,11209,135,0,0 '
Received from ('fd00::200:0:0:8', 8765, 0, 0): b' 2200,8,4,768,10,413,4,11,7,1,1,-52,9,3486,21295,141,1,7 '
Received from ('fd00::200:0:0:15', 8765, 0, 0): b' 2197,21,17,1536,0,431,3,7,5,1,1,-52,0,932,10696,120,0,0 '
Received from ('fd00::200:0:0:6', 8765, 0, 0): b' 2202,6,2,768,0,406,2,13,7,1,1,-52,0,719,7936,96,0,0 '
Received from ('fd00::200:0:0:4', 8765, 0, 0): b' 2202,4,1,512,10,448,6,3,7,2,1,-66,10,2819,16122,144,1,7 '
Received from ('fd00::200:0:0:11', 8765, 0, 0): b' 2198,17,13,1280,0,408,10,5,7,1,3,-52,1,900,8834,128,0,0 '
Received from ('fd00::200:0:0:b', 8765, 0, 0): b' 2201,11,8,1024,0,451,5,8,7,1,2,-70,1,902,9738,135,0,0 '
Received from ('fd00::200:0:0:c', 8765, 0, 0): b' 2201,12,8,1024,10,399,7,17,7,1,3,-52,0,599,6870,96,0,0 '
Received from ('fd00::200:0:0:14', 8765, 0, 0): b' 2204,20,16,1536,0,455,5,5,7,1,1,-52,0,386,5789,129,0,0 '
Received from ('fd00::200:0:0:5', 8765, 0, 0): b' 2205,5,4,768,10,480,6,1,6,1,1,-52,0,1060,13953,145,0,0 '
Received from ('fd00::200:0:0:7', 8765, 0, 0): b' 2203,7,3,768,0,457,5,5,7,1,1,-52,3,1391,14700,143,1,7 '
Received from ('fd00::200:0:0:f', 8765, 0, 0): b' 2203,15,10,1280,0,446,5,11,7,1,2,-70,1,1026,14690,135,0,0 '
Received from ('fd00::200:0:0:b', 8765, 0, 0): b' 2205,11,8,1024,10,453,5,8,7,1,2,-70,1,552,6641,135,0,0 '
Received from ('fd00::200:0:0:9', 8765, 0, 0): b' 2207,9,4,768,0,391,8,14,6,1,4,-70,0,929,11524,97,0,0 '
Received from ('fd00::200:0:0:13', 8765, 0, 0): b' 2206,19,16,1536,0,471,4,4,7,1,1,-70,0,694,9574,133,0,0 '
Received from ('fd00::200:0:0:10', 8765, 0, 0): b' 2204,16,13,1280,0,441,4,7,7,1,1,-70,2,1272,12438,136,0,0 '
Received from ('fd00::200:0:0:3', 8765, 0, 0): b' 2207,3,1,512,0,450,6,3,7,1,1,-64,4,2000,19844,145,1,7 '
Received from ('fd00::200:0:0:c', 8765, 0, 0): b' 2207,12,8,1024,0,401,7,17,7,1,3,-52,0,656,6449,97,0,0 '
Received from ('fd00::200:0:0:6', 8765, 0, 0): b' 2208,6,2,768,0,407,2,13,7,1,1,-52,0,439,6703,97,0,0 '
Received from ('fd00::200:0:0:12', 8765, 0, 0): b' 2208,18,15,1536,0,444,4,4,5,1,1,-70,0,777,7947,136,0,0 '
Received from ('fd00::200:0:0:8', 8765, 0, 0): b' 2209,8,4,768,30,416,4,11,7,1,1,-52,9,3186,21269,142,1,7 '
Received from ('fd00::200:0:0:e', 8765, 0, 0): b' 2207,14,11,1280,0,443,3,3,7,1,1,-70,0,587,9697,135,0,0 '
Received from ('fd00::200:0:0:2', 8765, 0, 0): b' 2210,2,1,512,0,433,6,1,6,1,1,-88,1,1593,18916,146,1,7 '
Received from ('fd00::200:0:0:d', 8765, 0, 0): b' 2208,13,8,1024,10,388,4,4,7,1,1,-70,5,2333,21049,138,0,0 '
Received from ('fd00::200:0:0:10', 8765, 0, 0): b' 2208,16,13,1280,10,441,4,7,7,1,1,-70,2,577,7747,136,0,0 '
Received from ('fd00::200:0:0:9', 8765, 0, 0): b' 2211,9,4,768,0,392,8,14,6,1,4,-70,0,360,4168,97,0,0 '
Received from ('fd00::200:0:0:14', 8765, 0, 0): b' 2212,20,16,1536,0,457,5,5,7,1,1,-52,0,670,7324,130,0,0 '
Received from ('fd00::200:0:0:1', 5678, 0, 0): b' 2212,1,0,256,0,8,0,0,4,0,0,0,10,2486,26817,2620,0,0 '
Received from ('fd00::200:0:0:a', 8765, 0, 0): b' 2211,10,7,1024,10,425,4,4,7,1,1,-70,2,1713,17926,142,0,0 '
Received from ('fd00::200:0:0:7', 8765, 0, 0): b' 2212,7,3,768,0,459,5,5,7,1,1,-52,3,1636,12925,144,1,7 '
Received from ('fd00::200:0:0:4', 8765, 0, 0): b' 2213,4,1,512,0,452,6,3,7,2,1,-66,10,5709,32844,145,1,7 '
Received from ('fd00::200:0:0:11', 8765, 0, 0): b' 2209,17,13,1280,10,411,10,5,7,1,3,-52,1,1231,13547,129,0,0 '
Received from ('fd00::200:0:0:13', 8765, 0, 0): b' 2212,19,16,1536,0,473,4,4,7,1,1,-70,0,493,5335,133,0,0 '
Received from ('fd00::200:0:0:15', 8765, 0, 0): b' 2208,21,17,1536,10,437,3,7,5,1,1,-52,0,1067,10530,121,0,0 '
Received from ('fd00::200:0:0:5', 8765, 0, 0): b' 2214,5,4,768,0,484,6,1,6,1,1,-52,0,946,12866,146,0,0 '
Received from ('fd00::200:0:0:f', 8765, 0, 0): b' 2211,15,10,1280,0,447,5,11,7,1,2,-70,1,827,9624,135,0,0 '
Received from ('fd00::200:0:0:3', 8765, 0, 0): b' 2215,3,1,512,0,452,6,3,7,1,1,-64,4,1760,13553,146,1,7 '
Received from ('fd00::200:0:0:6', 8765, 0, 0): b' 2215,6,2,768,10,409,2,13,7,1,1,-52,0,383,6118,97,0,0 '
Received from ('fd00::200:0:0:8', 8765, 0, 0): b' 2216,8,4,768,10,417,4,11,7,1,1,-52,9,2575,17095,142,1,7 '
Received from ('fd00::200:0:0:9', 8765, 0, 0): b' 2216,9,4,768,0,393,8,14,6,1,4,-70,0,359,4359,97,0,0 '
Received from ('fd00::200:0:0:b', 8765, 0, 0): b' 2214,11,8,1024,20,456,5,8,7,1,2,-70,1,1062,14388,136,0,0 '
Received from ('fd00::200:0:0:e', 8765, 0, 0): b' 2213,14,11,1280,10,444,3,3,7,1,1,-70,0,442,6121,136,0,0 '
Received from ('fd00::200:0:0:10', 8765, 0, 0): b' 2215,16,13,1280,0,441,4,7,7,1,1,-70,2,829,10787,136,0,0 '
Received from ('fd00::200:0:0:14', 8765, 0, 0): b' 2217,20,16,1536,0,459,5,5,7,1,1,-52,0,469,5266,130,0,0 '
Received from ('fd00::200:0:0:12', 8765, 0, 0): b' 2216,18,15,1536,10,446,4,4,5,1,1,-70,0,573,8027,137,0,0 '
Received from ('fd00::200:0:0:11', 8765, 0, 0): b' 2217,17,13,1280,0,412,10,5,7,1,3,-52,1,654,7849,129,0,0 '
Received from ('fd00::200:0:0:2', 8765, 0, 0): b' 2219,2,1,512,0,437,6,1,6,1,1,-88,1,1239,15138,146,1,7 '
Received from ('fd00::200:0:0:d', 8765, 0, 0): b' 2219,13,8,1024,0,391,4,4,7,1,1,-70,5,2597,22230,139,0,0 '
Received from ('fd00::200:0:0:4', 8765, 0, 0): b' 2220,4,1,512,0,454,6,3,7,2,1,-66,10,3274,19986,145,1,7 '
Received from ('fd00::200:0:0:5', 8765, 0, 0): b' 2221,5,4,768,0,485,6,1,6,1,1,-52,0,481,7638,146,0,0 '
Received from ('fd00::200:0:0:8', 8765, 0, 0): b' 2220,8,4,768,0,418,4,11,7,1,1,-52,9,1885,11654,142,1,7 '
Received from ('fd00::200:0:0:c', 8765, 0, 0): b' 2221,12,8,1024,0,402,7,17,7,1,3,-52,0,554,11362,97,0,0 '
Received from ('fd00::200:0:0:1', 5678, 0, 0): b' 2221,1,0,256,0,8,0,0,4,0,0,0,10,2125,22098,2631,0,0 '
Received from ('fd00::200:0:0:a', 8765, 0, 0): b' 2221,10,7,1024,0,429,4,4,7,1,1,-70,2,1519,17197,142,0,0 '
Received from ('fd00::200:0:0:6', 8765, 0, 0): b' 2222,6,2,768,0,410,2,13,7,1,1,-52,0,571,7353,98,0,0 '
Received from ('fd00::200:0:0:15', 8765, 0, 0): b' 2219,21,17,1536,0,440,3,7,5,1,1,-52,0,708,8915,121,0,0 '
Received from ('fd00::200:0:0:f', 8765, 0, 0): b' 2221,15,10,1280,0,450,5,11,7,1,2,-70,1,1175,11442,136,0,0 '
Received from ('fd00::200:0:0:10', 8765, 0, 0): b' 2222,16,13,1280,0,441,4,7,7,1,1,-70,2,801,10583,137,0,0 '
Received from ('fd00::200:0:0:7', 8765, 0, 0): b' 2222,7,3,768,0,463,5,5,7,1,1,-52,3,2002,18111,144,1,7 '
Received from ('fd00::200:0:0:3', 8765, 0, 0): b' 2224,3,1,512,10,455,6,3,7,1,1,-64,4,1757,14927,146,1,7 '
Received from ('fd00::200:0:0:13', 8765, 0, 0): b' 2223,19,16,1536,0,474,4,4,7,1,1,-70,0,611,10841,134,0,0 '
Received from ('fd00::200:0:0:b', 8765, 0, 0): b' 2224,11,8,1024,0,458,5,8,7,1,2,-70,1,1038,14292,136,0,0 '
Received from ('fd00::200:0:0:2', 8765, 0, 0): b' 2225,2,1,512,0,438,6,1,6,1,1,-88,1,748,8858,147,1,7 '
Received from ('fd00::200:0:0:8', 8765, 0, 0): b' 2226,8,4,768,30,422,4,11,7,1,1,-52,9,2091,14576,143,1,7 '
Received from ('fd00::200:0:0:c', 8765, 0, 0): b' 2225,12,8,1024,20,404,7,17,7,1,3,-52,0,418,4848,98,0,0 '
Received from ('fd00::200:0:0:9', 8765, 0, 0): b' 2227,9,4,768,0,396,8,14,6,1,4,-70,0,822,10765,98,0,0 '
Received from ('fd00::200:0:0:f', 8765, 0, 0): b' 2226,15,10,1280,0,450,5,11,7,1,2,-70,1,343,5581,136,0,0 '
Received from ('fd00::200:0:0:12', 8765, 0, 0): b' 2226,18,15,1536,0,451,4,4,5,1,1,-70,0,960,9718,137,0,0 '
Received from ('fd00::200:0:0:14', 8765, 0, 0): b' 2226,20,16,1536,10,461,5,5,7,1,1,-52,0,490,8617,131,0,0 '
Received from ('fd00::200:0:0:e', 8765, 0, 0): b' 2226,14,11,1280,0,448,3,3,7,1,1,-70,0,877,11273,136,0,0 '
Received from ('fd00::200:0:0:7', 8765, 0, 0): b' 2229,7,3,768,0,467,5,5,7,1,1,-52,3,1465,11186,145,1,7 '
Received from ('fd00::200:0:0:11', 8765, 0, 0): b' 2228,17,13,1280,0,414,10,5,7,1,3,-52,1,1104,13126,130,0,0 '
Received from ('fd00::200:0:0:d', 8765, 0, 0): b' 2229,13,8,1024,10,394,4,4,7,1,1,-70,5,2281,19056,140,0,0 '
Received from ('fd00::200:0:0:5', 8765, 0, 0): b' 2230,5,4,768,10,486,6,1,6,1,1,-52,0,384,10487,147,0,0 '
Received from ('fd00::200:0:0:a', 8765, 0, 0): b' 2230,10,7,1024,0,429,4,4,7,1,1,-70,2,1102,13778,143,0,0 '
Received from ('fd00::200:0:0:8', 8765, 0, 0): b' 2231,8,4,768,0,423,4,11,7,1,1,-52,9,2151,13470,143,1,7 '
Received from ('fd00::200:0:0:4', 8765, 0, 0): b' 2231,4,1,512,0,457,6,3,7,2,1,-66,10,5309,31332,146,1,7 '
Received from ('fd00::200:0:0:15', 8765, 0, 0): b' 2229,21,17,1536,10,440,3,7,5,1,1,-52,0,456,8524,122,0,0 '
Received from ('fd00::200:0:0:1', 5678, 0, 0): b' 2231,1,0,256,0,8,0,0,4,0,0,0,10,2500,24756,2645,0,0 '
Received from ('fd00::200:0:0:3', 8765, 0, 0): b' 2232,3,1,512,0,457,6,3,7,1,1,-64,4,2054,15332,147,1,7 '
Received from ('fd00::200:0:0:13', 8765, 0, 0): b' 2231,19,16,1536,10,478,4,4,7,1,1,-70,0,722,8202,134,0,0 '
Received from ('fd00::200:0:0:10', 8765, 0, 0): b' 2232,16,13,1280,0,443,4,7,7,1,1,-70,2,1629,19206,137,0,0 '
Received from ('fd00::200:0:0:6', 8765, 0, 0): b' 2234,6,2,768,0,413,2,13,7,1,1,-52,0,836,11662,98,0,0 '
Received from ('fd00::200:0:0:12', 8765, 0, 0): b' 2234,18,15,1536,0,454,4,4,5,1,1,-70,0,777,7484,138,0,0 '
Received from ('fd00::200:0:0:14', 8765, 0, 0): b' 2234,20,16,1536,0,463,5,5,7,1,1,-52,0,722,8246,131,0,0 '
Received from ('fd00::200:0:0:2', 8765, 0, 0): b' 2235,2,1,512,20,443,6,1,6,1,1,-88,1,1347,14959,147,1,7 '
Received from ('fd00::200:0:0:4', 8765, 0, 0): b' 2235,4,1,512,0,458,6,3,7,2,1,-66,10,1559,10891,146,1,7 '
Received from ('fd00::200:0:0:f', 8765, 0, 0): b' 2234,15,10,1280,0,453,5,11,7,1,2,-70,1,1415,12002,137,0,0 '
Received from ('fd00::200:0:0:b', 8765, 0, 0): b' 2235,11,8,1024,0,460,5,8,7,1,2,-70,1,1293,16824,137,0,0 '
Received from ('fd00::200:0:0:e', 8765, 0, 0): b' 2236,14,11,1280,0,449,3,3,7,1,1,-70,0,588,8692,137,0,0 '
Received from ('fd00::200:0:0:d', 8765, 0, 0): b' 2235,13,8,1024,10,394,4,4,7,1,1,-70,5,1453,14015,140,0,0 '
Received from ('fd00::200:0:0:1', 5678, 0, 0): b' 2237,1,0,256,0,8,0,0,4,0,0,0,10,1255,13547,2654,0,0 '
Received from ('fd00::200:0:0:5', 8765, 0, 0): b' 2237,5,4,768,0,488,6,1,6,1,1,-52,0,720,9384,147,0,0 '
Received from ('fd00::200:0:0:9', 8765, 0, 0): b' 2238,9,4,768,0,399,8,14,6,1,4,-70,0,799,10184,99,0,0 '
Received from ('fd00::200:0:0:11', 8765, 0, 0): b' 2236,17,13,1280,0,416,10,5,7,1,3,-52,1,896,10004,131,0,0 '
Received from ('fd00::200:0:0:c', 8765, 0, 0): b' 2236,12,8,1024,10,408,7,17,7,1,3,-52,0,1039,11884,99,0,0 '
Received from ('fd00::200:0:0:13', 8765, 0, 0): b' 2236,19,16,1536,0,479,4,4,7,1,1,-70,0,550,5897,135,0,0 '
Received from ('fd00::200:0:0:10', 8765, 0, 0): b' 2239,16,13,1280,0,445,4,7,7,1,1,-70,2,1397,13605,138,0,0 '
Received from ('fd00::200:0:0:6', 8765, 0, 0): b' 2239,6,2,768,0,414,2,13,7,1,1,-52,0,416,5362,99,0,0 '
Received from ('fd00::200:0:0:3', 8765, 0, 0): b' 2240,3,1,512,0,458,6,3,7,1,1,-64,4,1452,14367,147,1,7 '
Received from ('fd00::200:0:0:2', 8765, 0, 0): b' 2240,2,1,512,10,445,6,1,6,1,1,-88,1,910,9280,148,1,7 '
Received from ('fd00::200:0:0:7', 8765, 0, 0): b' 2241,7,3,768,0,471,5,5,7,1,1,-52,3,2226,20274,146,1,7 '
Received from ('fd00::200:0:0:4', 8765, 0, 0): b' 2241,4,1,512,0,460,6,3,7,2,1,-66,10,3134,17934,147,1,7 '
Received from ('fd00::200:0:0:a', 8765, 0, 0): b' 2241,10,7,1024,0,431,4,5,7,1,1,-70,2,1513,18035,144,0,0 '
Received from ('fd00::200:0:0:8', 8765, 0, 0): b' 2241,8,4,768,0,426,4,11,7,1,1,-52,9,4061,28177,144,1,7 '
Received from ('fd00::200:0:0:12', 8765, 0, 0): b' 2241,18,15,1536,0,456,4,4,5,1,1,-70,0,643,7554,138,0,0 '
Received from ('fd00::200:0:0:15', 8765, 0, 0): b' 2240,21,17,1536,0,446,3,7,5,1,1,-52,0,1141,10929,123,0,0 '
Received from ('fd00::200:0:0:b', 8765, 0, 0): b' 2242,11,8,1024,0,462,5,8,7,1,2,-70,1,838,11283,137,0,0 '
Received from ('fd00::200:0:0:5', 8765, 0, 0): b' 2242,5,4,768,10,490,6,1,6,1,1,-52,0,490,6219,148,0,0 '
Received from ('fd00::200:0:0:9', 8765, 0, 0): b' 2243,9,4,768,0,402,8,14,6,1,4,-70,0,598,5890,99,0,0 '
Received from ('fd00::200:0:0:11', 8765, 0, 0): b' 2242,17,13,1280,0,416,10,5,7,1,3,-52,1,818,8373,131,0,0 '
Received from ('fd00::200:0:0:d', 8765, 0, 0): b' 2243,13,8,1024,0,394,4,4,7,1,1,-70,5,1822,14966,141,0,0 '
Received from ('fd00::200:0:0:c', 8765, 0, 0): b' 2243,12,8,1024,10,410,7,17,7,1,3,-52,0,510,6317,99,0,0 '
Received from ('fd00::200:0:0:14', 8765, 0, 0): b' 2244,20,16,1536,0,463,5,5,7,1,1,-52,0,480,9514,132,0,0 '
Received from ('fd00::200:0:0:3', 8765, 0, 0): b' 2246,3,1,512,10,460,6,3,7,1,1,-64,4,1190,9532,148,1,7 '
Received from ('fd00::200:0:0:e', 8765, 0, 0): b' 2246,14,11,1280,0,454,3,3,7,1,1,-70,0,918,10359,138,0,0 '
Received from ('fd00::200:0:0:1', 5678, 0, 0): b' 2247,1,0,256,0,8,0,0,4,0,0,0,10,2260,23447,2667,0,0 '
Received from ('fd00::200:0:0:f', 8765, 0, 0): b' 2246,15,10,1280,0,455,5,11,7,1,2,-70,1,1135,14987,138,0,0 '
Received from ('fd00::200:0:0:d', 8765, 0, 0): b' 2247,13,8,1024,10,394,4,4,7,1,1,-70,5,617,8210,141,0,0 '
Received from ('fd00::200:0:0:5', 8765, 0, 0): b' 2247,5,4,768,0,491,6,1,6,1,1,-52,0,444,6349,148,0,0 '
Received from ('fd00::200:0:0:13', 8765, 0, 0): b' 2246,19,16,1536,0,483,4,4,7,1,1,-70,0,731,9193,135,0,0 '
Received from ('fd00::200:0:0:15', 8765, 0, 0): b' 2247,21,17,1536,0,446,3,7,5,1,1,-52,0,379,5584,123,0,0 '
Received from ('fd00::200:0:0:a', 8765, 0, 0): b' 2248,10,7,1024,0,434,4,5,7,1,1,-70,2,1171,12422,144,0,0 '
Received from ('fd00::200:0:0:10', 8765, 0, 0): b' 2249,16,13,1280,0,452,4,7,7,1,1,-70,2,1922,19372,139,0,0 '
Received from ('fd00::200:0:0:b', 8765, 0, 0): b' 2249,11,8,1024,0,464,5,8,7,1,2,-70,1,1067,12843,138,0,0 '
Received from ('fd00::200:0:0:2', 8765, 0, 0): b' 2250,2,1,512,0,450,6,1,6,1,1,-88,1,1506,15507,148,1,7 '
Received from ('fd00::200:0:0:4', 8765, 0, 0): b' 2251,4,1,512,0,461,6,3,7,2,1,-66,10,4446,27871,147,1,7 '
Received from ('fd00::200:0:0:7', 8765, 0, 0): b' 2252,7,3,768,0,472,5,5,7,1,1,-52,3,1654,17602,146,1,7 '
Received from ('fd00::200:0:0:6', 8765, 0, 0): b' 2251,6,2,768,0,419,2,13,7,1,1,-52,0,980,11935,99,0,0 '
Received from ('fd00::200:0:0:8', 8765, 0, 0): b' 2251,8,4,768,10,427,4,11,7,1,1,-52,9,3812,26386,145,1,7 '
Received from ('fd00::200:0:0:3', 8765, 0, 0): b' 2252,3,1,512,0,462,6,3,7,1,1,-64,4,1541,11661,148,1,7 '
Received from ('fd00::200:0:0:12', 8765, 0, 0): b' 2250,18,15,1536,0,457,4,4,5,1,1,-70,0,671,9064,139,0,0 '
Received from ('fd00::200:0:0:e', 8765, 0, 0): b' 2253,14,11,1280,0,458,3,3,7,1,1,-70,0,805,7206,138,0,0 '
Received from ('fd00::200:0:0:11', 8765, 0, 0): b' 2253,17,13,1280,0,422,10,5,7,1,3,-52,1,1521,14377,132,0,0 '
Received from ('fd00::200:0:0:9', 8765, 0, 0): b' 2254,9,4,768,0,402,8,14,6,1,4,-70,0,478,9910,100,0,0 '
Received from ('fd00::200:0:0:c', 8765, 0, 0): b' 2253,12,8,1024,0,415,7,17,7,1,3,-52,0,1020,10687,100,0,0 '
Received from ('fd00::200:0:0:a', 8765, 0, 0): b' 2254,10,7,1024,0,434,4,5,7,1,1,-70,2,653,9093,145,0,0 '
Received from ('fd00::200:0:0:d', 8765, 0, 0): b' 2254,13,8,1024,0,396,4,4,7,1,1,-70,5,1980,15729,141,0,0 '
Received from ('fd00::200:0:0:4', 8765, 0, 0): b' 2256,4,1,512,10,463,6,3,7,2,1,-66,10,2260,79074,148,1,7 '
Received from ('fd00::200:0:0:6', 8765, 0, 0): b' 2256,6,2,768,0,421,2,13,7,1,1,-52,0,547,5242,100,0,0 '
Received from ('fd00::200:0:0:1', 5678, 0, 0): b' 2256,1,0,256,0,8,0,0,4,0,0,0,10,2154,22905,2681,0,0 '
Received from ('fd00::200:0:0:f', 8765, 0, 0): b' 2255,15,10,1280,0,458,5,11,7,1,2,-70,1,996,12150,138,0,0 '
Received from ('fd00::200:0:0:12', 8765, 0, 0): b' 2256,18,15,1536,0,458,4,4,5,1,1,-70,0,362,4948,139,0,0 '
Received from ('fd00::200:0:0:10', 8765, 0, 0): b' 2256,16,13,1280,0,454,4,7,7,1,1,-70,2,1077,13634,139,0,0 '
Received from ('fd00::200:0:0:14', 8765, 0, 0): b' 2256,20,16,1536,0,468,5,5,7,1,1,-52,0,1039,11851,133,0,0 '
Received from ('fd00::200:0:0:b', 8765, 0, 0): b' 2258,11,8,1024,0,466,5,8,7,1,2,-70,1,1015,12839,139,0,0 '
Received from ('fd00::200:0:0:13', 8765, 0, 0): b' 2256,19,16,1536,0,485,4,4,7,1,1,-70,0,694,9174,136,0,0 '
Received from ('fd00::200:0:0:5', 8765, 0, 0): b' 2259,5,4,768,0,495,6,1,6,1,1,-52,0,957,14688,149,0,0 '
Received from ('fd00::200:0:0:9', 8765, 0, 0): b' 2259,9,4,768,10,405,8,14,6,1,4,-70,0,574,5275,100,0,0 '
Received from ('fd00::200:0:0:15', 8765, 0, 0): b' 2258,21,17,1536,0,449,3,7,5,1,1,-52,0,825,11086,124,0,0 '
Received from ('fd00::200:0:0:2', 8765, 0, 0): b' 2259,2,1,512,0,452,6,1,6,1,1,-88,1,1305,14914,149,1,7 '
Received from ('fd00::200:0:0:c', 8765, 0, 0): b' 2259,12,8,1024,0,417,7,17,7,1,3,-52,0,496,5835,100,0,0 '
Received from ('fd00::200:0:0:7', 8765, 0, 0): b' 2260,7,3,768,0,473,5,5,7,1,1,-52,3,1544,14822,147,1,7 '
Received from ('fd00::200:0:0:e', 8765, 0, 0): b' 2260,14,11,1280,0,460,3,3,7,1,1,-70,0,517,7015,138,0,0 '
Received from ('fd00::200:0:0:14', 8765, 0, 0): b' 2260,20,16,1536,0,468,5,5,7,1,1,-52,0,161,3665,133,0,0 '
Received from ('fd00::200:0:0:1', 5678, 0, 0): b' 2261,1,0,256,0,8,0,0,4,0,0,0,10,1080,12338,2687,0,0 '
Received from ('fd00::200:0:0:f', 8765, 0, 0): b' 2260,15,10,1280,0,459,5,11,7,1,2,-70,1,774,6723,139,0,0 '
Received from ('fd00::200:0:0:d', 8765, 0, 0): b' 2261,13,8,1024,0,398,4,4,7,1,1,-70,5,1848,15682,142,0,0 '
Received from ('fd00::200:0:0:8', 8765, 0, 0): b' 2262,8,4,768,0,432,4,11,7,1,1,-52,9,4587,29358,145,1,7 '
Received from ('fd00::200:0:0:3', 8765, 0, 0): b' 2263,3,1,512,0,464,6,3,7,1,1,-64,4,2246,19380,149,1,7 '
Received from ('fd00::200:0:0:13', 8765, 0, 0): b' 2262,19,16,1536,0,488,4,4,7,1,1,-70,0,600,5892,136,0,0 '
Received from ('fd00::200:0:0:b', 8765, 0, 0): b' 2263,11,8,1024,0,468,5,8,7,1,2,-70,1,904,8981,139,0,0 '
Received from ('fd00::200:0:0:c', 8765, 0, 0): b' 2263,12,8,1024,0,418,7,17,7,1,3,-52,0,362,4344,100,0,0 '
Received from ('fd00::200:0:0:12', 8765, 0, 0): b' 2263,18,15,1536,0,461,4,4,5,1,1,-70,0,680,7307,140,0,0 '
Received from ('fd00::200:0:0:4', 8765, 0, 0): b' 2265,4,1,512,0,463,6,3,7,2,1,-66,10,4254,25744,148,1,7 '
Received from ('fd00::200:0:0:a', 8765, 0, 0): b' 2265,10,7,1024,0,437,4,5,7,1,1,-70,2,1721,16930,145,0,0 '
Received from ('fd00::200:0:0:5', 8765, 0, 0): b' 2266,5,4,768,0,497,6,1,6,1,1,-52,0,491,7759,149,0,0 '
Received from ('fd00::200:0:0:6', 8765, 0, 0): b' 2265,6,2,768,0,424,2,13,7,1,1,-52,0,719,9093,100,0,0 '
Received from ('fd00::200:0:0:e', 8765, 0, 0): b' 2264,14,11,1280,0,462,3,3,7,1,1,-70,0,525,4600,139,0,0 '
Received from ('fd00::200:0:0:2', 8765, 0, 0): b' 2266,2,1,512,0,454,6,1,6,1,1,-88,1,1040,10745,149,1,7 '
Received from ('fd00::200:0:0:11', 8765, 0, 0): b' 2264,17,13,1280,0,427,10,5,7,1,3,-52,1,1458,15094,133,0,0 '
Received from ('fd00::200:0:0:15', 8765, 0, 0): b' 2263,21,17,1536,10,449,3,7,5,1,1,-52,0,257,4715,124,0,0 '
Received from ('fd00::200:0:0:14', 8765, 0, 0): b' 2266,20,16,1536,0,471,5,5,7,1,1,-52,0,697,6058,133,0,0 '
Received from ('fd00::200:0:0:10', 8765, 0, 0): b' 2266,16,13,1280,0,458,4,7,7,1,1,-70,2,2403,22998,140,0,0 '
Received from ('fd00::200:0:0:7', 8765, 0, 0): b' 2269,7,3,768,0,476,5,5,7,1,1,-52,3,1842,14593,147,1,7 '
Received from ('fd00::200:0:0:9', 8765, 0, 0): b' 2269,9,4,768,0,407,8,14,6,1,4,-70,0,596,9327,101,0,0 '
Received from ('fd00::200:0:0:3', 8765, 0, 0): b' 2268,3,1,512,0,464,6,3,7,1,1,-64,4,1394,11310,149,1,7 '
Received from ('fd00::200:0:0:e', 8765, 0, 0): b' 2268,14,11,1280,0,463,3,3,7,1,1,-70,0,362,3760,139,0,0 '
Received from ('fd00::200:0:0:8', 8765, 0, 0): b' 2269,8,4,768,0,436,4,11,7,1,1,-52,9,3152,20254,146,1,7 '
Received from ('fd00::200:0:0:f', 8765, 0, 0): b' 2269,15,10,1280,0,460,5,11,7,1,2,-70,1,876,10847,139,0,0 '
Received from ('fd00::200:0:0:d', 8765, 0, 0): b' 2270,13,8,1024,10,398,4,4,7,1,1,-70,5,1878,16485,143,0,0 '
Received from ('fd00::200:0:0:b', 8765, 0, 0): b' 2269,11,8,1024,0,469,5,8,7,1,2,-70,1,845,11252,139,0,0 '
Received from ('fd00::200:0:0:1', 5678, 0, 0): b' 2271,1,0,256,0,8,0,0,4,0,0,0,10,2310,23742,2700,0,0 '
Received from ('fd00::200:0:0:15', 8765, 0, 0): b' 2270,21,17,1536,0,452,3,7,5,1,1,-52,0,601,5888,124,0,0 '
Received from ('fd00::200:0:0:6', 8765, 0, 0): b' 2271,6,2,768,0,425,2,13,7,1,1,-52,0,440,6146,101,0,0 '
Received from ('fd00::200:0:0:13', 8765, 0, 0): b' 2268,19,16,1536,0,491,4,4,7,1,1,-70,0,777,7798,137,0,0 '
Received from ('fd00::200:0:0:11', 8765, 0, 0): b' 2270,17,13,1280,10,430,10,5,7,1,3,-52,1,1140,8417,133,0,0 '
Received from ('fd00::200:0:0:10', 8765, 0, 0): b' 2272,16,13,1280,0,459,4,7,7,1,1,-70,2,911,10635,140,0,0 '
Received from ('fd00::200:0:0:2', 8765, 0, 0): b' 2273,2,1,512,0,456,6,1,6,1,1,-88,1,1105,11669,150,1,7 '
Received from ('fd00::200:0:0:4', 8765, 0, 0): b' 2274,4,1,512,10,468,6,3,7,2,1,-66,10,5122,28379,149,1,7 '
Received from ('fd00::200:0:0:3', 8765, 0, 0): b' 2273,3,1,512,0,465,6,3,7,1,1,-64,4,659,8314,150,1,7 '
Received from ('fd00::200:0:0:5', 8765, 0, 0): b' 2274,5,4,768,0,500,6,1,6,1,1,-52,0,729,11543,150,0,0 '
Received from ('fd00::200:0:0:c', 8765, 0, 0): b' 2273,12,8,1024,0,420,7,17,7,1,3,-52,0,694,10538,101,0,0 '
Received from ('fd00::200:0:0:a', 8765, 0, 0): b' 2276,10,7,1024,10,441,4,5,7,1,1,-70,2,1284,16126,146,0,0 '
Received from ('fd00::200:0:0:b', 8765, 0, 0): b' 2274,11,8,1024,10,469,5,8,7,1,2,-70,1,480,7801,140,0,0 '
Received from ('fd00::200:0:0:12', 8765, 0, 0): b' 2275,18,15,1536,10,465,4,4,5,1,1,-70,0,876,10996,141,0,0 '
Received from ('fd00::200:0:0:7', 8765, 0, 0): b' 2277,7,3,768,10,478,5,5,7,1,1,-52,3,1416,14547,148,1,7 '
Received from ('fd00::200:0:0:13', 8765, 0, 0): b' 2274,19,16,1536,0,493,4,4,7,1,1,-70,0,493,6114,137,0,0 '
Received from ('fd00::200:0:0:e', 8765, 0, 0): b' 2276,14,11,1280,10,466,3,3,7,1,1,-70,0,597,8325,140,0,0 '
Received from ('fd00::200:0:0:f', 8765, 0, 0): b' 2277,15,10,1280,0,460,5,11,7,1,2,-70,1,801,10139,140,0,0 '
Received from ('fd00::200:0:0:8', 8765, 0, 0): b' 2277,8,4,768,0,437,4,11,7,1,1,-52,9,3194,20245,146,1,7 '
Received from ('fd00::200:0:0:2', 8765, 0, 0): b' 2278,2,1,512,0,458,6,1,6,1,1,-88,1,637,6889,150,1,7 '
Received from ('fd00::200:0:0:9', 8765, 0, 0): b' 2277,9,4,768,0,408,8,14,6,1,4,-70,0,585,8986,102,0,0 '
Received from ('fd00::200:0:0:d', 8765, 0, 0): b' 2276,13,8,1024,10,400,4,4,7,1,1,-70,5,1764,15217,143,0,0 '
Received from ('fd00::200:0:0:14', 8765, 0, 0): b' 2275,20,16,1536,0,473,5,5,7,1,1,-52,0,597,9602,134,0,0 '
Received from ('fd00::200:0:0:3', 8765, 0, 0): b' 2278,3,1,512,0,467,6,3,7,1,1,-64,4,1486,8954,150,1,7 '
Received from ('fd00::200:0:0:11', 8765, 0, 0): b' 2277,17,13,1280,0,432,10,5,7,1,3,-52,1,908,10086,134,0,0 '
Received from ('fd00::200:0:0:4', 8765, 0, 0): b' 2280,4,1,512,20,469,6,3,7,2,1,-66,10,2766,16755,150,1,7 '
Received from ('fd00::200:0:0:15', 8765, 0, 0): b' 2278,21,17,1536,0,454,3,7,5,1,1,-52,0,598,9159,125,0,0 '
Received from ('fd00::200:0:0:1', 5678, 0, 0): b' 2281,1,0,256,0,8,0,0,4,0,0,0,10,2326,22820,2713,0,0 '
Received from ('fd00::200:0:0:6', 8765, 0, 0): b' 2281,6,2,768,0,431,2,13,7,1,1,-52,0,1120,10289,102,0,0 '
Received from ('fd00::200:0:0:12', 8765, 0, 0): b' 2281,18,15,1536,0,466,4,4,5,1,1,-70,0,445,5840,141,0,0 '
Received from ('fd00::200:0:0:d', 8765, 0, 0): b' 2281,13,8,1024,0,401,4,4,7,1,1,-70,5,1357,10434,143,0,0 '
Received from ('fd00::200:0:0:f', 8765, 0, 0): b' 2281,15,10,1280,0,461,5,11,7,1,2,-70,1,639,6186,140,0,0 '
Received from ('fd00::200:0:0:a', 8765, 0, 0): b' 2283,10,7,1024,0,441,4,5,7,1,1,-70,2,1285,12397,147,0,0 '
Received from ('fd00::200:0:0:e', 8765, 0, 0): b' 2282,14,11,1280,0,468,3,3,7,1,1,-70,0,577,5344,140,0,0 '
Received from ('fd00::200:0:0:5', 8765, 0, 0): b' 2284,5,4,768,0,503,6,1,6,1,1,-52,0,789,10709,150,0,0 '
Received from ('fd00::200:0:0:14', 8765, 0, 0): b' 2282,20,16,1536,0,473,5,5,7,1,1,-52,0,359,6477,135,0,0 '
Received from ('fd00::200:0:0:11', 8765, 0, 0): b' 2282,17,13,1280,0,433,10,5,7,1,3,-52,1,566,6385,134,0,0 '
Received from ('fd00::200:0:0:7', 8765, 0, 0): b' 2283,7,3,768,0,480,5,5,7,1,1,-52,3,1792,14547,149,1,7 '
Received from ('fd00::200:0:0:9', 8765, 0, 0): b' 2285,9,4,768,0,409,8,14,6,1,4,-70,0,450,6543,102,0,0 '
Received from ('fd00::200:0:0:1', 5678, 0, 0): b' 2285,1,0,256,0,8,0,0,4,0,0,0,10,938,10308,2719,0,0 '
Received from ('fd00::200:0:0:c', 8765, 0, 0): b' 2283,12,8,1024,0,421,7,17,7,1,3,-52,0,588,9748,102,0,0 '
Received from ('fd00::200:0:0:3', 8765, 0, 0): b' 2284,3,1,512,0,467,6,3,7,1,1,-64,4,1570,12274,150,1,7 '
Received from ('fd00::200:0:0:10', 8765, 0, 0): b' 2284,16,13,1280,0,462,4,7,7,1,1,-70,2,1926,22445,141,0,0 '
Received from ('fd00::200:0:0:b', 8765, 0, 0): b' 2285,11,8,1024,10,473,5,8,7,1,2,-70,1,1359,16472,140,0,0 '
Received from ('fd00::200:0:0:15', 8765, 0, 0): b' 2284,21,17,1536,10,454,3,7,5,1,1,-52,0,349,4789,126,0,0 '
Received from ('fd00::200:0:0:2', 8765, 0, 0): b' 2286,2,1,512,0,459,6,1,6,1,1,-88,1,1082,14135,151,1,7 '
Received from ('fd00::200:0:0:4', 8765, 0, 0): b' 2287,4,1,512,0,472,6,3,7,2,1,-66,10,3576,20783,150,1,7 '
Received from ('fd00::200:0:0:13', 8765, 0, 0): b' 2285,19,16,1536,0,498,4,4,7,1,1,-70,0,1123,11305,138,0,0 '
Received from ('fd00::200:0:0:11', 8765, 0, 0): b' 2288,17,13,1280,0,434,10,5,7,1,3,-52,1,838,7578,134,0,0 '
Received from ('fd00::200:0:0:f', 8765, 0, 0): b' 2290,15,10,1280,0,465,5,12,7,1,2,-70,1,928,9751,140,0,0 '
Received from ('fd00::200:0:0:5', 8765, 0, 0): b' 2290,5,4,768,0,506,6,1,6,1,1,-52,0,706,8940,151,0,0 '
Received from ('fd00::200:0:0:8', 8765, 0, 0): b' 2289,8,4,768,10,440,4,11,7,1,1,-52,9,4577,31939,147,1,7 '
Received from ('fd00::200:0:0:6', 8765, 0, 0): b' 2290,6,2,768,0,437,2,13,7,1,1,-52,0,969,10025,102,0,0 '
Received from ('fd00::200:0:0:9', 8765, 0, 0): b' 2291,9,4,768,10,411,8,14,6,1,4,-70,0,384,6060,102,0,0 '
Received from ('fd00::200:0:0:12', 8765, 0, 0): b' 2291,18,15,1536,0,467,4,4,5,1,1,-70,0,573,8397,141,0,0 '
Received from ('fd00::200:0:0:1', 5678, 0, 0): b' 2291,1,0,256,0,8,0,0,4,0,0,0,10,1438,15427,2726,0,0 '
Received from ('fd00::200:0:0:c', 8765, 0, 0): b' 2290,12,8,1024,0,424,7,17,7,1,3,-52,0,624,6964,102,0,0 '
Received from ('fd00::200:0:0:a', 8765, 0, 0): b' 2292,10,7,1024,10,442,4,5,7,1,1,-70,2,1230,14800,147,0,0 '
Received from ('fd00::200:0:0:b', 8765, 0, 0): b' 2290,11,8,1024,0,474,5,8,7,1,2,-70,1,786,9648,141,0,0 '
Received from ('fd00::200:0:0:e', 8765, 0, 0): b' 2291,14,11,1280,0,470,3,3,7,1,1,-70,0,765,9603,141,0,0 '
Received from ('fd00::200:0:0:8', 8765, 0, 0): b' 2294,8,4,768,20,444,4,11,7,1,1,-52,9,1859,11523,147,1,7 '
Received from ('fd00::200:0:0:7', 8765, 0, 0): b' 2295,7,3,768,0,481,5,5,7,1,1,-52,3,1350,15518,149,1,7 '
Received from ('fd00::200:0:0:2', 8765, 0, 0): b' 2294,2,1,512,0,460,6,1,6,1,1,-88,1,993,12006,151,1,7 '
Received from ('fd00::200:0:0:d', 8765, 0, 0): b' 2293,13,8,1024,0,401,4,4,7,1,1,-70,5,2118,21415,144,0,0 '
Received from ('fd00::200:0:0:4', 8765, 0, 0): b' 2295,4,1,512,10,472,6,3,7,2,1,-66,10,3267,22356,150,1,7 '
Received from ('fd00::200:0:0:15', 8765, 0, 0): b' 2292,21,17,1536,10,457,3,7,5,1,1,-52,0,671,7792,126,0,0 '
Received from ('fd00::200:0:0:1', 5678, 0, 0): b' 2295,1,0,256,0,8,0,0,4,0,0,0,10,844,9570,2733,0,0 '
Received from ('fd00::200:0:0:5', 8765, 0, 0): b' 2296,5,4,768,0,508,6,1,6,1,1,-52,0,466,6988,151,0,0 '
Received from ('fd00::200:0:0:3', 8765, 0, 0): b' 2296,3,1,512,0,469,6,3,7,1,1,-64,4,1896,19058,151,1,7 '
Received from ('fd00::200:0:0:13', 8765, 0, 0): b' 2293,19,16,1536,0,500,4,4,7,1,1,-70,0,688,7224,138,0,0 '
Received from ('fd00::200:0:0:14', 8765, 0, 0): b' 2293,20,16,1536,10,479,5,5,7,1,1,-52,0,1163,11305,135,0,0 '
Received from ('fd00::200:0:0:a', 8765, 0, 0): b' 2296,10,7,1024,0,444,4,5,7,1,1,-70,2,733,7676,148,0,0 '
Received from ('fd00::200:0:0:f', 8765, 0, 0): b' 2296,15,10,1280,0,469,5,12,7,1,2,-70,1,1242,9594,141,0,0 '
Received from ('fd00::200:0:0:c', 8765, 0, 0): b' 2297,12,8,1024,0,425,7,17,7,1,3,-52,0,442,6023,103,0,0 '
Received from ('fd00::200:0:0:10', 8765, 0, 0): b' 2296,16,13,1280,20,464,4,7,7,1,1,-70,2,1860,22851,142,0,0 '
Received from ('fd00::200:0:0:b', 8765, 0, 0): b' 2298,11,8,1024,0,476,5,8,7,1,2,-70,1,725,9878,141,0,0 '
Received from ('fd00::200:0:0:6', 8765, 0, 0): b' 2299,6,2,768,0,441,2,13,7,1,1,-52,0,883,8633,103,0,0 '
Received from ('fd00::200:0:0:11', 8765, 0, 0): b' 2298,17,13,1280,0,435,10,5,7,1,3,-52,1,949,13094,135,0,0 '
Received from ('fd00::200:0:0:1', 5678, 0, 0): b' 2299,1,0,256,0,8,0,0,4,0,0,0,10,921,9695,2739,0,0 '
Received from ('fd00::200:0:0:d', 8765, 0, 0): b' 2300,13,8,1024,0,401,4,4,7,1,1,-70,5,1755,14594,145,0,0 '
Received from ('fd00::200:0:0:14', 8765, 0, 0): b' 2298,20,16,1536,0,480,5,5,7,1,1,-52,0,349,4730,136,0,0 '
Received from ('fd00::200:0:0:9', 8765, 0, 0): b' 2301,9,4,768,0,415,8,14,6,1,4,-70,0,1038,11288,103,0,0 '
Received from ('fd00::200:0:0:13', 8765, 0, 0): b' 2299,19,16,1536,0,504,4,4,7,1,1,-70,0,884,7238,139,0,0 '
Received from ('fd00::200:0:0:5', 8765, 0, 0): b' 2301,5,4,768,0,509,6,1,6,1,1,-52,0,480,7286,151,0,0 '
Received from ('fd00::200:0:0:12', 8765, 0, 0): b' 2301,18,15,1536,10,471,4,4,5,1,1,-70,0,908,9976,142,0,0 '
Received from ('fd00::200:0:0:4', 8765, 0, 0): b' 2303,4,1,512,10,474,6,3,7,2,1,-66,10,4431,25060,151,1,7 '
Received from ('fd00::200:0:0:e', 8765, 0, 0): b' 2301,14,11,1280,0,472,3,3,7,1,1,-70,0,638,9466,141,0,0 '
Received from ('fd00::200:0:0:7', 8765, 0, 0): b' 2303,7,3,768,0,483,5,5,7,1,1,-52,3,1633,14198,150,1,7 '
Received from ('fd00::200:0:0:3', 8765, 0, 0): b' 2303,3,1,512,0,473,6,3,7,1,1,-64,4,1892,13330,152,1,7 '
Received from ('fd00::200:0:0:15', 8765, 0, 0): b' 2302,21,17,1536,0,464,3,7,5,1,1,-52,0,1337,11038,127,0,0 '
Received from ('fd00::200:0:0:f', 8765, 0, 0): b' 2304,15,10,1280,0,472,5,12,7,1,2,-70,1,945,9679,141,0,0 '
Received from ('fd00::200:0:0:11', 8765, 0, 0): b' 2304,17,13,1280,0,436,10,5,7,1,3,-52,1,748,6718,135,0,0 '
Received from ('fd00::200:0:0:1', 5678, 0, 0): b' 2305,1,0,256,0,8,0,0,4,0,0,0,10,1359,13340,2744,0,0 '
Received from ('fd00::200:0:0:8', 8765, 0, 0): b' 2304,8,4,768,0,446,4,11,7,1,1,-52,9,4397,29697,148,1,7 '
Received from ('fd00::200:0:0:2', 8765, 0, 0): b' 2305,2,1,512,0,463,6,1,6,1,1,-88,1,1289,17727,152,1,7 '
Received from ('fd00::200:0:0:5', 8765, 0, 0): b' 2305,5,4,768,0,509,6,1,6,1,1,-52,0,263,5757,152,0,0 '
Received from ('fd00::200:0:0:12', 8765, 0, 0): b' 2306,18,15,1536,10,471,4,4,5,1,1,-70,0,280,4084,143,0,0 '
Received from ('fd00::200:0:0:b', 8765, 0, 0): b' 2306,11,8,1024,10,478,5,8,7,1,2,-70,1,1204,13434,142,0,0 '
Received from ('fd00::200:0:0:14', 8765, 0, 0): b' 2305,20,16,1536,0,481,5,5,7,1,1,-52,0,483,6171,136,0,0 '
Received from ('fd00::200:0:0:13', 8765, 0, 0): b' 2305,19,16,1536,0,506,4,4,7,1,1,-70,0,372,4977,139,0,0 '
Received from ('fd00::200:0:0:10', 8765, 0, 0): b' 2308,16,13,1280,0,466,4,7,7,1,1,-70,2,1882,19807,142,0,0 '
Received from ('fd00::200:0:0:a', 8765, 0, 0): b' 2308,10,7,1024,10,449,4,5,7,1,1,-70,2,2050,19177,148,0,0 '
Received from ('fd00::200:0:0:c', 8765, 0, 0): b' 2307,12,8,1024,0,428,7,17,7,1,3,-52,0,811,10664,103,0,0 '
Received from ('fd00::200:0:0:7', 8765, 0, 0): b' 2309,7,3,768,0,486,5,5,7,1,1,-52,3,1520,10910,150,1,7 '
Received from ('fd00::200:0:0:6', 8765, 0, 0): b' 2308,6,2,768,0,443,2,13,7,1,1,-52,0,636,9419,103,0,0 '
Received from ('fd00::200:0:0:15', 8765, 0, 0): b' 2308,21,17,1536,0,466,3,7,5,1,1,-52,0,496,5228,127,0,0 '
Received from ('fd00::200:0:0:d', 8765, 0, 0): b' 2310,13,8,1024,0,403,4,4,7,1,1,-70,5,2558,20926,145,0,0 '
Received from ('fd00::200:0:0:9', 8765, 0, 0): b' 2310,9,4,768,0,420,8,14,6,1,4,-70,0,985,8863,104,0,0 '
Received from ('fd00::200:0:0:8', 8765, 0, 0): b' 2310,8,4,768,0,447,4,11,7,1,1,-52,9,2372,15310,148,1,7 '
Received from ('fd00::200:0:0:b', 8765, 0, 0): b' 2311,11,8,1024,0,478,5,8,7,1,2,-70,1,367,6209,142,0,0 '
Received from ('fd00::200:0:0:5', 8765, 0, 0): b' 2311,5,4,768,0,512,6,1,6,1,1,-52,0,643,6789,152,0,0 '
Received from ('fd00::200:0:0:f', 8765, 0, 0): b' 2311,15,10,1280,10,474,5,12,7,1,2,-70,1,932,10178,142,0,0 '
Received from ('fd00::200:0:0:3', 8765, 0, 0): b' 2313,3,1,512,0,476,6,3,7,1,1,-64,4,2109,17703,152,1,7 '
Received from ('fd00::200:0:0:1', 5678, 0, 0): b' 2314,1,0,256,0,8,0,0,4,0,0,0,10,1986,20811,2757,0,0 '
Received from ('fd00::200:0:0:e', 8765, 0, 0): b' 2313,14,11,1280,0,475,3,3,7,1,1,-70,0,825,10670,142,0,0 '
Received from ('fd00::200:0:0:11', 8765, 0, 0): b' 2314,17,13,1280,0,439,10,5,7,1,3,-52,1,1174,12971,136,0,0 '
Received from ('fd00::200:0:0:7', 8765, 0, 0): b' 2315,7,3,768,20,489,5,5,7,1,1,-52,3,1133,10747,151,1,7 '
Received from ('fd00::200:0:0:4', 8765, 0, 0): b' 2315,4,1,512,10,476,6,3,7,2,1,-66,10,5286,32984,152,1,7 '
Received from ('fd00::200:0:0:12', 8765, 0, 0): b' 2314,18,15,1536,0,473,4,4,5,1,1,-70,0,574,8330,143,0,0 '
Received from ('fd00::200:0:0:10', 8765, 0, 0): b' 2315,16,13,1280,0,468,4,7,7,1,1,-70,2,990,13511,143,0,0 '
Received from ('fd00::200:0:0:2', 8765, 0, 0): b' 2315,2,1,512,20,465,6,1,6,1,1,-88,1,1123,14336,152,1,7 '
Received from ('fd00::200:0:0:f', 8765, 0, 0): b' 2317,15,10,1280,0,474,5,12,7,1,2,-70,1,515,6715,142,0,0 '
Received from ('fd00::200:0:0:13', 8765, 0, 0): b' 2314,19,16,1536,0,506,4,4,7,1,1,-70,0,480,8790,140,0,0 '
Received from ('fd00::200:0:0:c', 8765, 0, 0): b' 2317,12,8,1024,0,431,7,17,7,1,3,-52,0,803,9406,104,0,0 '
Received from ('fd00::200:0:0:15', 8765, 0, 0): b' 2317,21,17,1536,0,467,3,7,5,1,1,-52,0,532,8145,128,0,0 '
Received from ('fd00::200:0:0:6', 8765, 0, 0): b' 2317,6,2,768,20,446,2,13,7,1,1,-52,0,571,8672,104,0,0 '
Received from ('fd00::200:0:0:1', 5678, 0, 0): b' 2318,1,0,256,0,8,0,0,4,0,0,0,10,1151,11160,2764,0,0 '
Received from ('fd00::200:0:0:d', 8765, 0, 0): b' 2318,13,8,1024,0,405,4,4,7,1,1,-70,5,1998,17652,146,0,0 '
Received from ('fd00::200:0:0:3', 8765, 0, 0): b' 2319,3,1,512,0,479,6,3,7,1,1,-64,4,1516,10635,153,1,7 '
Received from ('fd00::200:0:0:14', 8765, 0, 0): b' 2316,20,16,1536,0,483,5,5,7,1,1,-52,0,788,11034,137,0,0 '
Received from ('fd00::200:0:0:2', 8765, 0, 0): b' 2319,2,1,512,10,466,6,1,6,1,1,-88,1,692,7135,153,1,7 '
Received from ('fd00::200:0:0:a', 8765, 0, 0): b' 2320,10,7,1024,10,453,4,5,7,1,1,-70,2,1715,19312,149,0,0 '
Received from ('fd00::200:0:0:5', 8765, 0, 0): b' 2319,5,4,768,0,513,6,1,6,1,1,-52,0,588,9944,153,0,0 '
Received from ('fd00::200:0:0:8', 8765, 0, 0): b' 2320,8,4,768,20,449,4,11,7,1,1,-52,9,3460,25906,149,1,7 '
Received from ('fd00::200:0:0:10', 8765, 0, 0): b' 2321,16,13,1280,0,470,4,7,7,1,1,-70,2,1016,10504,143,0,0 '
Received from ('fd00::200:0:0:12', 8765, 0, 0): b' 2320,18,15,1536,0,474,4,4,5,1,1,-70,0,442,5628,144,0,0 '
Received from ('fd00::200:0:0:b', 8765, 0, 0): b' 2321,11,8,1024,0,480,5,8,7,1,2,-70,1,1151,15575,143,0,0 '
Received from ('fd00::200:0:0:9', 8765, 0, 0): b' 2321,9,4,768,0,424,8,14,6,1,4,-70,0,874,10882,104,0,0 '
Received from ('fd00::200:0:0:11', 8765, 0, 0): b' 2320,17,13,1280,0,441,10,5,7,1,3,-52,1,850,8231,136,0,0 '
Received from ('fd00::200:0:0:e', 8765, 0, 0): b' 2321,14,11,1280,0,478,3,3,7,1,1,-70,0,681,7955,143,0,0 '
Received from ('fd00::200:0:0:d', 8765, 0, 0): b' 2323,13,8,1024,0,408,4,4,7,1,1,-70,5,1274,9812,146,0,0 '
Received from ('fd00::200:0:0:13', 8765, 0, 0): b' 2321,19,16,1536,0,509,4,4,7,1,1,-70,0,600,6278,140,0,0 '
Received from ('fd00::200:0:0:15', 8765, 0, 0): b' 2324,21,17,1536,0,467,3,7,5,1,1,-52,0,400,6328,128,0,0 '
Received from ('fd00::200:0:0:12', 8765, 0, 0): b' 2324,18,15,1536,0,474,4,4,5,1,1,-70,0,255,3902,144,0,0 '
Received from ('fd00::200:0:0:7', 8765, 0, 0): b' 2325,7,3,768,10,490,5,5,7,1,1,-52,3,2028,18380,151,1,7 '
Received from ('fd00::200:0:0:4', 8765, 0, 0): b' 2325,4,1,512,0,478,6,3,7,2,1,-66,10,4955,30043,153,1,7 '
Received from ('fd00::200:0:0:3', 8765, 0, 0): b' 2326,3,1,512,10,481,6,3,7,1,1,-64,4,1786,13338,153,1,7 '
Received from ('fd00::200:0:0:1', 5678, 0, 0): b' 2327,1,0,256,0,8,0,0,4,0,0,0,10,1810,20081,2776,0,0 '
Received from ('fd00::200:0:0:9', 8765, 0, 0): b' 2326,9,4,768,0,425,8,14,6,1,4,-70,0,441,5464,105,0,0 '
Received from ('fd00::200:0:0:8', 8765, 0, 0): b' 2327,8,4,768,0,449,4,11,7,1,1,-52,9,2674,18959,150,1,7 '
Received from ('fd00::200:0:0:a', 8765, 0, 0): b' 2327,10,7,1024,0,454,4,5,7,1,1,-70,2,1372,13971,150,0,0 '
Received from ('fd00::200:0:0:f', 8765, 0, 0): b' 2328,15,10,1280,0,480,5,12,7,1,2,-70,1,1790,15463,143,0,0 '
Received from ('fd00::200:0:0:2', 8765, 0, 0): b' 2329,2,1,512,0,467,6,1,6,1,1,-88,1,1032,15173,153,1,7 '
Received from ('fd00::200:0:0:11', 8765, 0, 0): b' 2328,17,13,1280,0,443,10,5,7,1,3,-52,1,862,10135,137,0,0 '
Received from ('fd00::200:0:0:6', 8765, 0, 0): b' 2329,6,2,768,0,448,2,13,7,1,1,-52,0,987,11611,105,0,0 '
Received from ('fd00::200:0:0:e', 8765, 0, 0): b' 2328,14,11,1280,0,480,3,3,7,1,1,-70,0,493,6624,143,0,0 '
Received from ('fd00::200:0:0:7', 8765, 0, 0): b' 2329,7,3,768,0,491,5,5,7,1,1,-52,3,1083,8466,152,1,7 '
Received from ('fd00::200:0:0:14', 8765, 0, 0): b' 2328,20,16,1536,10,486,5,5,7,1,1,-52,0,649,9122,138,0,0 '
Received from ('fd00::200:0:0:c', 8765, 0, 0): b' 2329,12,8,1024,10,433,7,17,7,1,3,-52,0,677,11559,105,0,0 '
Received from ('fd00::200:0:0:5', 8765, 0, 0): b' 2331,5,4,768,0,518,6,1,6,1,1,-52,0,873,14262,153,0,0 '
Received from ('fd00::200:0:0:b', 8765, 0, 0): b' 2330,11,8,1024,0,482,5,8,7,1,2,-70,1,1099,15469,143,0,0 '
Received from ('fd00::200:0:0:10', 8765, 0, 0): b' 2332,16,13,1280,10,475,4,7,7,1,1,-70,2,2006,20812,144,0,0 '
Received from ('fd00::200:0:0:12', 8765, 0, 0): b' 2332,18,15,1536,0,478,4,4,5,1,1,-70,0,828,7772,144,0,0 '
Received from ('fd00::200:0:0:1', 5678, 0, 0): b' 2333,1,0,256,0,8,0,0,4,0,0,0,10,1442,14934,2784,0,0 '
Received from ('fd00::200:0:0:13', 8765, 0, 0): b' 2333,19,16,1536,10,512,4,4,7,1,1,-70,0,801,9862,141,0,0 '
Received from ('fd00::200:0:0:3', 8765, 0, 0): b' 2333,3,1,512,0,481,6,3,7,1,1,-64,4,1398,13249,154,1,7 '
Received from ('fd00::200:0:0:d', 8765, 0, 0): b' 2333,13,8,1024,10,414,4,4,7,1,1,-70,5,3185,24976,147,0,0 '
Received from ('fd00::200:0:0:f', 8765, 0, 0): b' 2335,15,10,1280,0,483,5,12,7,1,2,-70,1,989,9219,143,0,0 '
Received from ('fd00::200:0:0:15', 8765, 0, 0): b' 2333,21,17,1536,0,468,3,7,5,1,1,-52,0,466,8316,129,0,0 '
Received from ('fd00::200:0:0:e', 8765, 0, 0): b' 2334,14,11,1280,10,481,3,3,7,1,1,-70,0,400,5977,143,0,0 '
Received from ('fd00::200:0:0:4', 8765, 0, 0): b' 2336,4,1,512,0,481,6,3,7,2,1,-66,10,4357,28625,153,1,7 '
Received from ('fd00::200:0:0:9', 8765, 0, 0): b' 2336,9,4,768,0,428,8,14,6,1,4,-70,0,743,9673,105,0,0 '
Received from ('fd00::200:0:0:c', 8765, 0, 0): b' 2334,12,8,1024,0,434,7,17,7,1,3,-52,0,496,6424,105,0,0 '
Received from ('fd00::200:0:0:14', 8765, 0, 0): b' 2337,20,16,1536,0,486,5,5,7,1,1,-52,0,457,8220,138,0,0 '
Received from ('fd00::200:0:0:1', 5678, 0, 0): b' 2337,1,0,256,0,8,0,0,4,0,0,0,10,644,9007,2786,0,0 '
Received from ('fd00::200:0:0:b', 8765, 0, 0): b' 2337,11,8,1024,0,483,5,8,7,1,2,-70,1,952,11579,144,0,0 '
Received from ('fd00::200:0:0:8', 8765, 0, 0): b' 2337,8,4,768,10,451,4,11,7,1,1,-52,9,4129,27357,150,1,7 '
Received from ('fd00::200:0:0:6', 8765, 0, 0): b' 2338,6,2,768,0,451,2,13,7,1,1,-52,0,647,9074,105,0,0 '
Received from ('fd00::200:0:0:11', 8765, 0, 0): b' 2338,17,13,1280,0,445,10,5,7,1,3,-52,1,1079,12255,138,0,0 '
Received from ('fd00::200:0:0:7', 8765, 0, 0): b' 2339,7,3,768,10,492,5,5,7,1,1,-52,3,1299,14696,152,1,7 '
Received from ('fd00::200:0:0:a', 8765, 0, 0): b' 2338,10,7,1024,10,457,4,5,7,1,1,-70,2,1632,18030,150,0,0 '
Received from ('fd00::200:0:0:13', 8765, 0, 0): b' 2339,19,16,1536,10,514,4,4,7,1,1,-70,0,495,5754,141,0,0 '
Received from ('fd00::200:0:0:12', 8765, 0, 0): b' 2339,18,15,1536,0,478,4,4,5,1,1,-70,0,336,5944,145,0,0 '
Received from ('fd00::200:0:0:c', 8765, 0, 0): b' 2339,12,8,1024,0,435,7,17,7,1,3,-52,0,418,4626,106,0,0 '
Received from ('fd00::200:0:0:2', 8765, 0, 0): b' 2341,2,1,512,10,468,6,1,6,1,1,-88,1,1494,18416,154,1,7 '
Received from ('fd00::200:0:0:10', 8765, 0, 0): b' 2341,16,13,1280,10,478,4,7,7,1,1,-70,2,1702,17925,145,0,0 '
Received from ('fd00::200:0:0:f', 8765, 0, 0): b' 2340,15,10,1280,0,484,5,12,7,1,2,-70,1,824,7594,144,0,0 '
Received from ('fd00::200:0:0:5', 8765, 0, 0): b' 2341,5,4,768,0,525,6,1,6,1,1,-52,0,1279,14497,154,0,0 '
Received from ('fd00::200:0:0:14', 8765, 0, 0): b' 2341,20,16,1536,0,487,5,5,7,1,1,-52,0,362,3897,138,0,0 '
Received from ('fd00::200:0:0:15', 8765, 0, 0): b' 2341,21,17,1536,0,470,3,7,5,1,1,-52,0,517,7334,129,0,0 '
Received from ('fd00::200:0:0:8', 8765, 0, 0): b' 2342,8,4,768,10,453,4,11,7,1,1,-52,9,1999,12571,151,1,7 '
Received from ('fd00::200:0:0:11', 8765, 0, 0): b' 2343,17,13,1280,0,447,10,5,7,1,3,-52,1,733,6282,138,0,0 '
Received from ('fd00::200:0:0:3', 8765, 0, 0): b' 2344,3,1,512,10,484,6,3,7,1,1,-64,4,2475,19914,154,1,7 '
Received from ('fd00::200:0:0:12', 8765, 0, 0): b' 2344,18,15,1536,0,482,4,4,5,1,1,-70,0,707,5606,145,0,0 '
Received from ('fd00::200:0:0:b', 8765, 0, 0): b' 2344,11,8,1024,10,484,5,8,7,1,2,-70,1,634,11293,145,0,0 '
Received from ('fd00::200:0:0:10', 8765, 0, 0): b' 2345,16,13,1280,30,479,4,7,7,1,1,-70,2,694,8734,145,0,0 '
Received from ('fd00::200:0:0:1', 5678, 0, 0): b' 2346,1,0,256,0,8,0,0,4,0,0,0,10,2239,22226,2802,0,0 '
Received from ('fd00::200:0:0:e', 8765, 0, 0): b' 2344,14,11,1280,10,482,3,3,7,1,1,-70,0,491,9078,144,0,0 '
Received from ('fd00::200:0:0:13', 8765, 0, 0): b' 2346,19,16,1536,0,516,4,4,7,1,1,-70,0,550,6044,142,0,0 '
Received from ('fd00::200:0:0:4', 8765, 0, 0): b' 2347,4,1,512,0,483,6,3,7,2,1,-66,10,5653,33124,154,1,7 '
Received from ('fd00::200:0:0:d', 8765, 0, 0): b' 2345,13,8,1024,0,415,4,4,7,1,1,-70,5,3132,24948,148,0,0 '
Received from ('fd00::200:0:0:a', 8765, 0, 0): b' 2346,10,7,1024,0,458,4,5,7,1,1,-70,2,1054,12877,151,0,0 '
Received from ('fd00::200:0:0:9', 8765, 0, 0): b' 2347,9,4,768,10,431,8,14,6,1,4,-70,0,888,10092,106,0,0 '
Received from ('fd00::200:0:0:8', 8765, 0, 0): b' 2348,8,4,768,0,454,4,11,7,1,1,-52,9,2102,12969,151,1,7 '
Received from ('fd00::200:0:0:6', 8765, 0, 0): b' 2347,6,2,768,10,453,2,13,7,1,1,-52,0,668,8775,106,0,0 '
Received from ('fd00::200:0:0:f', 8765, 0, 0): b' 2347,15,10,1280,10,485,5,12,7,1,2,-70,1,760,9279,144,0,0 '
Received from ('fd00::200:0:0:7', 8765, 0, 0): b' 2348,7,3,768,0,495,5,5,7,1,1,-52,3,2131,17573,153,1,7 '
Received from ('fd00::200:0:0:14', 8765, 0, 0): b' 2349,20,16,1536,0,489,5,5,7,1,1,-52,0,573,7907,139,0,0 '
Received from ('fd00::200:0:0:3', 8765, 0, 0): b' 2349,3,1,512,0,484,6,3,7,1,1,-64,4,1097,7692,155,1,7 '
Received from ('fd00::200:0:0:10', 8765, 0, 0): b' 2350,16,13,1280,10,480,4,7,7,1,1,-70,2,824,8146,145,0,0 '
Received from ('fd00::200:0:0:c', 8765, 0, 0): b' 2349,12,8,1024,0,439,7,17,7,1,3,-52,0,1048,9996,106,0,0 '
Received from ('fd00::200:0:0:15', 8765, 0, 0): b' 2348,21,17,1536,0,471,3,7,5,1,1,-52,0,563,7657,130,0,0 '
Received from ('fd00::200:0:0:11', 8765, 0, 0): b' 2349,17,13,1280,0,449,10,5,7,1,3,-52,1,872,9870,138,0,0 '
Received from ('fd00::200:0:0:b', 8765, 0, 0): b' 2351,11,8,1024,0,484,5,8,7,1,2,-70,1,793,9688,145,0,0 '
Received from ('fd00::200:0:0:2', 8765, 0, 0): b' 2352,2,1,512,0,473,6,1,6,1,1,-88,1,1545,17447,155,1,7 '
Received from ('fd00::200:0:0:e', 8765, 0, 0): b' 2351,14,11,1280,10,486,3,3,7,1,1,-70,0,861,6697,145,0,0 '
Received from ('fd00::200:0:0:8', 8765, 0, 0): b' 2353,8,4,768,0,456,4,11,7,1,1,-52,9,2356,15580,151,1,7 '
Received from ('fd00::200:0:0:7', 8765, 0, 0): b' 2354,7,3,768,10,497,5,5,7,1,1,-52,3,909,8123,153,1,7 '
Received from ('fd00::200:0:0:5', 8765, 0, 0): b' 2354,5,4,768,0,526,6,1,6,1,1,-52,0,684,14023,155,0,0 '
Received from ('fd00::200:0:0:f', 8765, 0, 0): b' 2353,15,10,1280,0,487,5,12,7,1,2,-70,1,811,8598,145,0,0 '
Received from ('fd00::200:0:0:4', 8765, 0, 0): b' 2355,4,1,512,10,485,6,3,7,2,1,-66,10,3647,22323,154,1,7 '
Received from ('fd00::200:0:0:13', 8765, 0, 0): b' 2355,19,16,1536,0,517,4,4,7,1,1,-70,0,531,8721,142,0,0 '
Received from ('fd00::200:0:0:a', 8765, 0, 0): b' 2354,10,7,1024,0,460,4,5,7,1,1,-70,2,1228,12262,152,0,0 '
Received from ('fd00::200:0:0:6', 8765, 0, 0): b' 2355,6,2,768,0,455,2,13,7,1,1,-52,0,516,7615,106,0,0 '
Received from ('fd00::200:0:0:12', 8765, 0, 0): b' 2354,18,15,1536,0,486,4,4,5,1,1,-70,0,908,10674,146,0,0 '
Received from ('fd00::200:0:0:1', 5678, 0, 0): b' 2357,1,0,256,0,8,0,0,4,0,0,0,10,2314,26041,2815,0,0 '
Received from ('fd00::200:0:0:9', 8765, 0, 0): b' 2358,9,4,768,0,432,8,14,6,1,4,-70,0,694,10032,107,0,0 '
Received from ('fd00::200:0:0:d', 8765, 0, 0): b' 2358,13,8,1024,10,419,4,4,7,1,1,-70,5,2612,24243,148,0,0 '
Received from ('fd00::200:0:0:15', 8765, 0, 0): b' 2356,21,17,1536,0,472,3,7,5,1,1,-52,0,507,7461,130,0,0 '
Received from ('fd00::200:0:0:11', 8765, 0, 0): b' 2357,17,13,1280,0,450,10,5,7,1,3,-52,1,880,10242,139,0,0 '
Received from ('fd00::200:0:0:2', 8765, 0, 0): b' 2359,2,1,512,10,477,6,1,6,1,1,-88,1,1192,11983,155,1,7 '
Received from ('fd00::200:0:0:3', 8765, 0, 0): b' 2360,3,1,512,0,485,6,3,7,1,1,-64,4,2036,18229,155,1,7 '
Received from ('fd00::200:0:0:a', 8765, 0, 0): b' 2359,10,7,1024,0,462,4,5,7,1,1,-70,2,784,8342,152,0,0 '
Received from ('fd00::200:0:0:10', 8765, 0, 0): b' 2360,16,13,1280,0,482,4,7,7,1,1,-70,2,1586,18806,146,0,0 '
Received from ('fd00::200:0:0:c', 8765, 0, 0): b' 2360,12,8,1024,0,440,7,17,7,1,3,-52,0,588,9755,107,0,0 '
Received from ('fd00::200:0:0:e', 8765, 0, 0): b' 2359,14,11,1280,0,487,3,3,7,1,1,-70,0,518,8155,145,0,0 '
Received from ('fd00::200:0:0:14', 8765, 0, 0): b' 2359,20,16,1536,10,494,5,5,7,1,1,-52,0,1015,10382,140,0,0 '
Received from ('fd00::200:0:0:9', 8765, 0, 0): b' 2362,9,4,768,0,433,8,14,6,1,4,-70,0,361,4033,107,0,0 '
Received from ('fd00::200:0:0:5', 8765, 0, 0): b' 2362,5,4,768,0,526,6,1,6,1,1,-52,0,409,10150,156,0,0 '
Received from ('fd00::200:0:0:b', 8765, 0, 0): b' 2361,11,8,1024,0,487,5,8,7,1,2,-70,1,1295,15170,146,0,0 '
Received from ('fd00::200:0:0:1', 5678, 0, 0): b' 2363,1,0,256,0,8,0,0,4,0,0,0,10,1554,14940,2824,0,0 '
Received from ('fd00::200:0:0:8', 8765, 0, 0): b' 2363,8,4,768,0,459,4,11,7,1,1,-52,9,3660,26140,152,1,7 '
Received from ('fd00::200:0:0:6', 8765, 0, 0): b' 2364,6,2,768,0,457,2,13,7,1,1,-52,0,692,8650,107,0,0 '
Received from ('fd00::200:0:0:12', 8765, 0, 0): b' 2363,18,15,1536,0,488,4,4,5,1,1,-70,0,542,8260,146,0,0 '
Received from ('fd00::200:0:0:7', 8765, 0, 0): b' 2364,7,3,768,0,502,5,5,7,1,1,-52,3,2212,20440,154,1,7 '
Received from ('fd00::200:0:0:e', 8765, 0, 0): b' 2364,14,11,1280,0,490,3,3,7,1,1,-70,0,601,5197,145,0,0 '
Received from ('fd00::200:0:0:d', 8765, 0, 0): b' 2365,13,8,1024,10,422,4,4,7,1,1,-70,5,1742,14810,149,0,0 '
Received from ('fd00::200:0:0:f', 8765, 0, 0): b' 2364,15,10,1280,0,489,5,12,7,1,2,-70,1,1212,14692,145,0,0 '
Received from ('fd00::200:0:0:4', 8765, 0, 0): b' 2366,4,1,512,10,489,6,3,7,2,1,-66,10,4852,30436,155,1,7 '
Received from ('fd00::200:0:0:11', 8765, 0, 0): b' 2365,17,13,1280,0,454,10,5,7,1,3,-52,1,911,9266,139,0,0 '
Received from ('fd00::200:0:0:14', 8765, 0, 0): b' 2365,20,16,1536,10,495,5,5,7,1,1,-52,0,390,5688,140,0,0 '
Received from ('fd00::200:0:0:3', 8765, 0, 0): b' 2366,3,1,512,0,487,6,3,7,1,1,-64,4,1552,13145,156,1,7 '
Received from ('fd00::200:0:0:13', 8765, 0, 0): b' 2366,19,16,1536,10,521,4,4,7,1,1,-70,0,825,11026,143,0,0 '
Received from ('fd00::200:0:0:a', 8765, 0, 0): b' 2366,10,7,1024,0,463,4,5,7,1,1,-70,2,1015,11625,152,0,0 '
Received from ('fd00::200:0:0:c', 8765, 0, 0): b' 2368,12,8,1024,0,443,7,17,7,1,3,-52,0,624,7354,107,0,0 '
Received from ('fd00::200:0:0:15', 8765, 0, 0): b' 2367,21,17,1536,0,473,3,7,5,1,1,-52,0,490,8912,131,0,0 '
Received from ('fd00::200:0:0:5', 8765, 0, 0): b' 2368,5,4,768,10,526,6,1,6,1,1,-52,0,253,6638,156,0,0 '
Received from ('fd00::200:0:0:1', 5678, 0, 0): b' 2368,1,0,256,0,8,0,0,4,0,0,0,10,1071,12230,2830,0,0 '
Received from ('fd00::200:0:0:b', 8765, 0, 0): b' 2369,11,8,1024,0,490,5,8,7,1,2,-70,1,1090,13274,146,0,0 '
Received from ('fd00::200:0:0:2', 8765, 0, 0): b' 2368,2,1,512,0,480,6,1,6,1,1,-88,1,1301,16057,156,1,7 '
Received from ('fd00::200:0:0:10', 8765, 0, 0): b' 2371,16,13,1280,10,484,4,7,7,1,1,-70,2,1766,21562,147,0,0 '
Received from ('fd00::200:0:0:4', 8765, 0, 0): b' 2371,4,1,512,10,490,6,3,7,2,1,-66,10,2371,14306,155,1,7 '
Received from ('fd00::200:0:0:9', 8765, 0, 0): b' 2372,9,4,768,0,435,8,14,6,1,4,-70,0,692,9682,108,0,0 '
Received from ('fd00::200:0:0:15', 8765, 0, 0): b' 2371,21,17,1536,0,473,3,7,5,1,1,-52,0,255,3782,131,0,0 '
Received from ('fd00::200:0:0:7', 8765, 0, 0): b' 2373,7,3,768,0,505,5,5,7,1,1,-52,3,1669,13942,154,1,7 '
Received from ('fd00::200:0:0:5', 8765, 0, 0): b' 2373,5,4,768,0,527,6,1,6,1,1,-52,0,384,6399,156,0,0 '
Received from ('fd00::200:0:0:c', 8765, 0, 0): b' 2373,12,8,1024,10,445,7,17,7,1,3,-52,0,525,5538,108,0,0 '
Received from ('fd00::200:0:0:11', 8765, 0, 0): b' 2374,17,13,1280,0,459,10,5,7,1,3,-52,1,1554,12171,140,0,0 '
Received from ('fd00::200:0:0:8', 8765, 0, 0): b' 2374,8,4,768,10,463,4,11,7,1,1,-52,9,4365,28958,153,1,7 '
Received from ('fd00::200:0:0:3', 8765, 0, 0): b' 2374,3,1,512,10,488,6,3,7,1,1,-64,4,1517,13459,156,1,7 '
Received from ('fd00::200:0:0:12', 8765, 0, 0): b' 2373,18,15,1536,0,493,4,4,5,1,1,-70,0,908,10060,147,0,0 '
Received from ('fd00::200:0:0:6', 8765, 0, 0): b' 2375,6,2,768,0,460,2,13,7,1,1,-52,0,799,11167,108,0,0 '
Received from ('fd00::200:0:0:f', 8765, 0, 0): b' 2373,15,10,1280,0,492,5,12,7,1,2,-70,1,1219,12564,146,0,0 '
Received from ('fd00::200:0:0:e', 8765, 0, 0): b' 2374,14,11,1280,0,491,3,3,7,1,1,-70,0,563,8730,146,0,0 '
Received from ('fd00::200:0:0:d', 8765, 0, 0): b' 2376,13,8,1024,0,423,4,4,7,1,1,-70,5,2745,22326,150,0,0 '
Received from ('fd00::200:0:0:2', 8765, 0, 0): b' 2377,2,1,512,0,483,6,1,6,1,1,-88,1,1213,12480,157,1,7 '
Received from ('fd00::200:0:0:14', 8765, 0, 0): b' 2377,20,16,1536,0,498,5,5,7,1,1,-52,0,826,10875,141,0,0 '
Received from ('fd00::200:0:0:13', 8765, 0, 0): b' 2376,19,16,1536,0,525,4,4,7,1,1,-70,0,1018,10859,144,0,0 '
Received from ('fd00::200:0:0:10', 8765, 0, 0): b' 2378,16,13,1280,0,485,4,7,7,1,1,-70,2,1305,13882,147,0,0 '
Received from ('fd00::200:0:0:a', 8765, 0, 0): b' 2377,10,7,1024,0,466,4,5,7,1,1,-70,2,1472,17165,153,0,0 '
Received from ('fd00::200:0:0:3', 8765, 0, 0): b' 2378,3,1,512,10,490,6,3,7,1,1,-64,4,1009,7671,157,1,7 '
Received from ('fd00::200:0:0:c', 8765, 0, 0): b' 2380,12,8,1024,0,447,7,17,7,1,3,-52,0,518,6301,108,0,0 '
Received from ('fd00::200:0:0:1', 5678, 0, 0): b' 2379,1,0,256,0,8,0,0,4,0,0,0,10,2617,26368,2844,0,0 '
Received from ('fd00::200:0:0:7', 8765, 0, 0): b' 2377,7,3,768,0,505,5,5,7,1,1,-52,3,1038,9374,155,1,7 '
Received from ('fd00::200:0:0:d', 8765, 0, 0): b' 2380,13,8,1024,0,423,4,4,7,1,1,-70,5,875,8429,150,0,0 '
Received from ('fd00::200:0:0:5', 8765, 0, 0): b' 2381,5,4,768,0,529,6,1,6,1,1,-52,0,695,9395,157,0,0 '
Received from ('fd00::200:0:0:15', 8765, 0, 0): b' 2379,21,17,1536,0,477,3,7,5,1,1,-52,0,884,8379,132,0,0 '
Received from ('fd00::200:0:0:6', 8765, 0, 0): b' 2381,6,2,768,0,461,2,13,7,1,1,-52,0,385,5261,108,0,0 '
Received from ('fd00::200:0:0:14', 8765, 0, 0): b' 2381,20,16,1536,0,500,5,5,7,1,1,-52,0,363,4007,141,0,0 '
Received from ('fd00::200:0:0:13', 8765, 0, 0): b' 2381,19,16,1536,0,526,4,4,7,1,1,-70,0,365,3942,144,0,0 '
Received from ('fd00::200:0:0:4', 8765, 0, 0): b' 2382,4,1,512,20,491,6,3,7,2,1,-66,10,5139,31237,156,1,7 '
Received from ('fd00::200:0:0:f', 8765, 0, 0): b' 2380,15,10,1280,0,493,5,12,7,1,2,-70,1,647,8445,146,0,0 '
Received from ('fd00::200:0:0:b', 8765, 0, 0): b' 2381,11,8,1024,0,492,5,8,7,1,2,-70,1,1337,18426,147,0,0 '
Received from ('fd00::200:0:0:11', 8765, 0, 0): b' 2383,17,13,1280,0,459,10,5,7,1,3,-52,1,824,11876,141,0,0 '
Received from ('fd00::200:0:0:2', 8765, 0, 0): b' 2383,2,1,512,0,484,6,1,6,1,1,-88,1,758,9803,157,1,7 '
Received from ('fd00::200:0:0:7', 8765, 0, 0): b' 2383,7,3,768,10,505,5,5,7,1,1,-52,3,729,7826,155,1,7 '
Received from ('fd00::200:0:0:9', 8765, 0, 0): b' 2384,9,4,768,10,439,8,14,6,1,4,-70,0,874,10927,109,0,0 '
Received from ('fd00::200:0:0:12', 8765, 0, 0): b' 2382,18,15,1536,0,494,4,4,5,1,1,-70,0,588,8529,148,0,0 '
Received from ('fd00::200:0:0:8', 8765, 0, 0): b' 2385,8,4,768,0,465,4,11,7,1,1,-52,9,4036,27477,153,1,7 '
Received from ('fd00::200:0:0:14', 8765, 0, 0): b' 2385,20,16,1536,0,500,5,5,7,1,1,-52,0,255,3885,141,0,0 '
Received from ('fd00::200:0:0:b', 8765, 0, 0): b' 2385,11,8,1024,0,493,5,8,7,1,2,-70,1,350,6411,147,0,0 '
Received from ('fd00::200:0:0:e', 8765, 0, 0): b' 2385,14,11,1280,0,495,3,3,7,1,1,-70,0,932,10732,147,0,0 '
Received from ('fd00::200:0:0:a', 8765, 0, 0): b' 2385,10,7,1024,0,468,4,5,7,1,1,-70,2,1255,13087,154,0,0 '
Received from ('fd00::200:0:0:d', 8765, 0, 0): b' 2386,13,8,1024,10,424,4,4,7,1,1,-70,5,1622,12368,150,0,0 '
Received from ('fd00::200:0:0:1', 5678, 0, 0): b' 2386,1,0,256,0,8,0,0,4,0,0,0,10,1565,16241,2854,0,0 '
Received from ('fd00::200:0:0:6', 8765, 0, 0): b' 2386,6,2,768,0,461,2,13,7,1,1,-52,0,333,4968,109,0,0 '
Received from ('fd00::200:0:0:13', 8765, 0, 0): b' 2385,19,16,1536,0,526,4,4,7,1,1,-70,0,255,3880,144,0,0 '
Received from ('fd00::200:0:0:c', 8765, 0, 0): b' 2387,12,8,1024,10,448,7,17,7,1,3,-52,0,442,7114,109,0,0 '
Received from ('fd00::200:0:0:5', 8765, 0, 0): b' 2389,5,4,768,0,531,6,1,6,1,1,-52,0,514,9320,157,0,0 '
Received from ('fd00::200:0:0:15', 8765, 0, 0): b' 2388,21,17,1536,10,478,3,7,5,1,1,-52,0,410,7891,132,0,0 '
Received from ('fd00::200:0:0:11', 8765, 0, 0): b' 2389,17,13,1280,20,459,10,5,7,1,3,-52,1,547,7139,141,0,0 '
Received from ('fd00::200:0:0:10', 8765, 0, 0): b' 2390,16,13,1280,0,488,4,7,7,1,1,-70,2,2055,22768,148,0,0 '
Received from ('fd00::200:0:0:2', 8765, 0, 0): b' 2390,2,1,512,0,484,6,1,6,1,1,-88,1,838,10260,158,1,7 '
Received from ('fd00::200:0:0:3', 8765, 0, 0): b' 2390,3,1,512,0,494,6,3,7,1,1,-64,4,2501,20281,157,1,7 '
Received from ('fd00::200:0:0:8', 8765, 0, 0): b' 2391,8,4,768,10,465,4,11,7,1,1,-52,9,2902,17579,154,1,7 '
Received from ('fd00::200:0:0:13', 8765, 0, 0): b' 2390,19,16,1536,0,527,4,4,7,1,1,-70,0,442,4940,145,0,0 '
Received from ('fd00::200:0:0:d', 8765, 0, 0): b' 2391,13,8,1024,10,425,4,4,7,1,1,-70,5,1643,11807,151,0,0 '
Received from ('fd00::200:0:0:7', 8765, 0, 0): b' 2391,7,3,768,0,505,5,5,7,1,1,-52,3,1111,13336,156,1,7 '
Received from ('fd00::200:0:0:6', 8765, 0, 0): b' 2391,6,2,768,10,463,2,13,7,1,1,-52,0,384,5309,109,0,0 '
Received from ('fd00::200:0:0:a', 8765, 0, 0): b' 2391,10,7,1024,0,468,4,5,7,1,1,-70,2,477,8676,154,0,0 '
Received from ('fd00::200:0:0:f', 8765, 0, 0): b' 2390,15,10,1280,0,498,5,12,7,1,2,-70,1,1416,13675,147,0,0 '
Received from ('fd00::200:0:0:12', 8765, 0, 0): b' 2390,18,15,1536,0,498,4,4,5,1,1,-70,0,731,8271,148,0,0 '
Received from ('fd00::200:0:0:1', 5678, 0, 0): b' 2393,1,0,256,0,8,0,0,4,0,0,0,10,1731,17632,2864,0,0 '
Received from ('fd00::200:0:0:9', 8765, 0, 0): b' 2394,9,4,768,0,442,8,14,6,1,4,-70,0,704,10082,109,0,0 '
Received from ('fd00::200:0:0:4', 8765, 0, 0): b' 2394,4,1,512,0,498,6,3,7,2,1,-66,10,6240,34924,157,1,7 '
Received from ('fd00::200:0:0:14', 8765, 0, 0): b' 2394,20,16,1536,0,502,5,5,7,1,1,-52,0,694,8969,142,0,0 '
Received from ('fd00::200:0:0:3', 8765, 0, 0): b' 2395,3,1,512,0,494,6,3,7,1,1,-64,4,1119,9106,158,1,7 '
Received from ('fd00::200:0:0:b', 8765, 0, 0): b' 2395,11,8,1024,0,495,5,8,7,1,2,-70,1,1123,15864,148,0,0 '
Received from ('fd00::200:0:0:c', 8765, 0, 0): b' 2396,12,8,1024,0,450,7,17,7,1,3,-52,0,639,8767,109,0,0 '
Received from ('fd00::200:0:0:10', 8765, 0, 0): b' 2397,16,13,1280,0,489,4,7,7,1,1,-70,2,1022,12571,148,0,0 '
Received from ('fd00::200:0:0:11', 8765, 0, 0): b' 2396,17,13,1280,0,459,10,5,7,1,3,-52,1,664,8756,142,0,0 '
Received from ('fd00::200:0:0:e', 8765, 0, 0): b' 2397,14,11,1280,0,499,3,3,7,1,1,-70,0,933,11272,148,0,0 '
Received from ('fd00::200:0:0:1', 5678, 0, 0): b' 2398,1,0,256,0,8,0,0,4,0,0,0,10,811,11416,2868,0,0 '
Received from ('fd00::200:0:0:13', 8765, 0, 0): b' 2398,19,16,1536,0,531,4,4,7,1,1,-70,0,707,6963,145,0,0 '
Received from ('fd00::200:0:0:5', 8765, 0, 0): b' 2398,5,4,768,0,533,6,1,6,1,1,-52,0,719,13250,158,0,0 '
Received from ('fd00::200:0:0:2', 8765, 0, 0): b' 2400,2,1,512,10,487,6,1,6,1,1,-88,1,1224,15115,158,1,7 '
Received from ('fd00::200:0:0:15', 8765, 0, 0): b' 2399,21,17,1536,0,480,3,7,5,1,1,-52,0,719,10306,133,0,0 '
Received from ('fd00::200:0:0:6', 8765, 0, 0): b' 2400,6,2,768,0,467,2,13,7,1,1,-52,0,984,9071,110,0,0 '
Received from ('fd00::200:0:0:8', 8765, 0, 0): b' 2401,8,4,768,20,469,4,11,7,1,1,-52,9,3603,24951,154,1,7 '
Received from ('fd00::200:0:0:9', 8765, 0, 0): b' 2401,9,4,768,10,444,8,14,6,1,4,-70,0,645,7069,110,0,0 '
Received from ('fd00::200:0:0:3', 8765, 0, 0): b' 2400,3,1,512,0,496,6,3,7,1,1,-64,4,1038,9599,158,1,7 '
Received from ('fd00::200:0:0:7', 8765, 0, 0): b' 2401,7,3,768,10,506,5,5,7,1,1,-52,3,1796,16807,156,1,7 '
Received from ('fd00::200:0:0:d', 8765, 0, 0): b' 2401,13,8,1024,0,429,4,4,7,1,1,-70,5,2082,18920,151,0,0 '
Received from ('fd00::200:0:0:f', 8765, 0, 0): b' 2400,15,10,1280,10,500,5,12,7,1,2,-70,1,972,12178,148,0,0 '
Received from ('fd00::200:0:0:12', 8765, 0, 0): b' 2400,18,15,1536,0,498,4,4,5,1,1,-70,0,493,9220,149,0,0 '
Received from ('fd00::200:0:0:b', 8765, 0, 0): b' 2402,11,8,1024,0,498,5,8,7,1,2,-70,1,985,10067,148,0,0 '
Received from ('fd00::200:0:0:a', 8765, 0, 0): b' 2403,10,7,1024,0,471,4,5,7,1,1,-70,2,1729,18385,155,0,0 '
Received from ('fd00::200:0:0:1', 5678, 0, 0): b' 2403,1,0,256,0,8,0,0,4,0,0,0,10,1199,11253,2876,0,0 '
Received from ('fd00::200:0:0:14', 8765, 0, 0): b' 2402,20,16,1536,0,505,5,5,7,1,1,-52,0,680,7958,143,0,0 '
Received from ('fd00::200:0:0:4', 8765, 0, 0): b' 2404,4,1,512,20,500,6,3,7,2,1,-66,10,4637,31272,158,1,7 '
Received from ('fd00::200:0:0:11', 8765, 0, 0): b' 2404,17,13,1280,0,461,10,5,7,1,3,-52,1,931,10200,142,0,0 '
Received from ('fd00::200:0:0:8', 8765, 0, 0): b' 2405,8,4,768,20,472,4,11,7,1,1,-52,9,1872,11954,155,1,7 '
Received from ('fd00::200:0:0:7', 8765, 0, 0): b' 2406,7,3,768,0,507,5,5,7,1,1,-52,3,950,8347,157,1,7 '
Received from ('fd00::200:0:0:10', 8765, 0, 0): b' 2406,16,13,1280,0,490,4,7,7,1,1,-70,2,1467,17707,149,0,0 '
Received from ('fd00::200:0:0:c', 8765, 0, 0): b' 2406,12,8,1024,0,454,7,17,7,1,3,-52,0,908,10621,110,0,0 '
Received from ('fd00::200:0:0:a', 8765, 0, 0): b' 2407,10,7,1024,0,472,4,5,7,1,1,-70,2,503,6332,155,0,0 '
Received from ('fd00::200:0:0:b', 8765, 0, 0): b' 2406,11,8,1024,0,499,5,8,7,1,2,-70,1,502,6864,149,0,0 '
Received from ('fd00::200:0:0:e', 8765, 0, 0): b' 2406,14,11,1280,10,502,3,3,7,1,1,-70,0,722,9061,148,0,0 '
Received from ('fd00::200:0:0:1', 5678, 0, 0): b' 2408,1,0,256,0,8,0,0,4,0,0,0,10,1217,12152,2884,0,0 '
Received from ('fd00::200:0:0:d', 8765, 0, 0): b' 2406,13,8,1024,0,433,4,4,7,1,1,-70,5,1893,14503,152,0,0 '
Received from ('fd00::200:0:0:5', 8765, 0, 0): b' 2408,5,4,768,0,535,6,1,6,1,1,-52,0,720,11569,159,0,0 '
Received from ('fd00::200:0:0:2', 8765, 0, 0): b' 2407,2,1,512,0,488,6,1,6,1,1,-88,1,1147,13624,159,1,7 '
Received from ('fd00::200:0:0:13', 8765, 0, 0): b' 2408,19,16,1536,0,531,4,4,7,1,1,-70,0,504,10212,146,0,0 '
Received from ('fd00::200:0:0:f', 8765, 0, 0): b' 2407,15,10,1280,0,503,5,12,7,1,2,-70,1,1027,9832,148,0,0 '
Received from ('fd00::200:0:0:14', 8765, 0, 0): b' 2409,20,16,1536,0,507,5,5,7,1,1,-52,0,493,6629,143,0,0 '
Received from ('fd00::200:0:0:3', 8765, 0, 0): b' 2409,3,1,512,0,497,6,3,7,1,1,-64,4,2101,15309,159,1,7 '
Received from ('fd00::200:0:0:9', 8765, 0, 0): b' 2408,9,4,768,0,447,8,14,6,1,4,-70,0,745,8878,110,0,0 '
Received from ('fd00::200:0:0:12', 8765, 0, 0): b' 2408,18,15,1536,10,502,4,4,5,1,1,-70,0,721,7102,149,0,0 '
Received from ('fd00::200:0:0:6', 8765, 0, 0): b' 2411,6,2,768,0,469,2,13,7,1,1,-52,0,660,10816,110,0,0 '
Received from ('fd00::200:0:0:10', 8765, 0, 0): b' 2412,16,13,1280,0,493,4,7,7,1,1,-70,2,1124,10915,149,0,0 '
Received from ('fd00::200:0:0:15', 8765, 0, 0): b' 2411,21,17,1536,0,483,3,7,5,1,1,-52,0,826,11138,134,0,0 '
Received from ('fd00::200:0:0:8', 8765, 0, 0): b' 2413,8,4,768,10,473,4,11,7,1,1,-52,9,2830,19631,155,1,7 '
Received from ('fd00::200:0:0:2', 8765, 0, 0): b' 2412,2,1,512,10,488,6,1,6,1,1,-88,1,698,6911,159,1,7 '
Received from ('fd00::200:0:0:11', 8765, 0, 0): b' 2413,17,13,1280,0,463,10,5,7,1,3,-52,1,1014,11564,143,0,0 '
Received from ('fd00::200:0:0:14', 8765, 0, 0): b' 2413,20,16,1536,10,507,5,5,7,1,1,-52,0,255,3763,143,0,0 '
Received from ('fd00::200:0:0:9', 8765, 0, 0): b' 2413,9,4,768,0,449,8,14,6,1,4,-70,0,426,4926,111,0,0 '
Received from ('fd00::200:0:0:b', 8765, 0, 0): b' 2415,11,8,1024,10,501,5,8,7,1,2,-70,1,1051,13347,149,0,0 '
Received from ('fd00::200:0:0:a', 8765, 0, 0): b' 2415,10,7,1024,0,474,4,5,7,1,1,-70,2,1210,12156,155,0,0 '
Received from ('fd00::200:0:0:d', 8765, 0, 0): b' 2416,13,8,1024,10,435,4,4,7,1,1,-70,5,2135,17430,152,0,0 '
Received from ('fd00::200:0:0:7', 8765, 0, 0): b' 2415,7,3,768,10,510,5,5,7,1,1,-52,3,1965,16875,157,1,7 '
Received from ('fd00::200:0:0:c', 8765, 0, 0): b' 2416,12,8,1024,0,455,7,17,7,1,3,-52,0,588,9150,111,0,0 '
Received from ('fd00::200:0:0:f', 8765, 0, 0): b' 2414,15,10,1280,0,504,5,12,7,1,2,-70,1,1004,9315,149,0,0 '
Received from ('fd00::200:0:0:4', 8765, 0, 0): b' 2415,4,1,512,20,501,6,3,7,2,1,-66,10,5484,32622,158,1,7 '
Received from ('fd00::200:0:0:15', 8765, 0, 0): b' 2415,21,17,1536,0,484,3,7,5,1,1,-52,0,363,3898,134,0,0 '
Received from ('fd00::200:0:0:e', 8765, 0, 0): b' 2415,14,11,1280,0,504,3,3,7,1,1,-70,0,598,8354,149,0,0 '
Received from ('fd00::200:0:0:12', 8765, 0, 0): b' 2415,18,15,1536,0,505,4,4,5,1,1,-70,0,657,7377,150,0,0 '
Received from ('fd00::200:0:0:13', 8765, 0, 0): b' 2415,19,16,1536,0,532,4,4,7,1,1,-70,0,411,7042,146,0,0 '
Received from ('fd00::200:0:0:11', 8765, 0, 0): b' 2417,17,13,1280,0,464,10,5,7,1,3,-52,1,599,5599,143,0,0 '
Received from ('fd00::200:0:0:5', 8765, 0, 0): b' 2417,5,4,768,0,539,6,1,6,1,1,-52,0,850,13119,159,0,0 '
Received from ('fd00::200:0:0:1', 5678, 0, 0): b' 2419,1,0,256,0,8,0,0,4,0,0,0,10,2461,26496,2897,0,0 '
Received from ('fd00::200:0:0:8', 8765, 0, 0): b' 2419,8,4,768,20,475,4,11,7,1,1,-52,9,2829,17833,156,1,7 '
Received from ('fd00::200:0:0:3', 8765, 0, 0): b' 2418,3,1,512,0,501,6,3,7,1,1,-64,4,2396,18104,159,1,7 '
Received from ('fd00::200:0:0:14', 8765, 0, 0): b' 2419,20,16,1536,0,507,5,5,7,1,1,-52,0,337,5507,144,0,0 '
Received from ('fd00::200:0:0:6', 8765, 0, 0): b' 2421,6,2,768,0,474,2,13,7,1,1,-52,0,991,9540,111,0,0 '
Received from ('fd00::200:0:0:2', 8765, 0, 0): b' 2421,2,1,512,0,493,6,1,6,1,1,-88,1,1534,14888,160,1,7 '
Received from ('fd00::200:0:0:9', 8765, 0, 0): b' 2420,9,4,768,0,451,8,14,6,1,4,-70,0,612,6807,111,0,0 '
Received from ('fd00::200:0:0:15', 8765, 0, 0): b' 2420,21,17,1536,0,486,3,7,5,1,1,-52,0,525,4992,135,0,0 '
Received from ('fd00::200:0:0:10', 8765, 0, 0): b' 2422,16,13,1280,0,494,4,7,7,1,1,-70,2,1558,17849,150,0,0 '
Received from ('fd00::200:0:0:a', 8765, 0, 0): b' 2422,10,7,1024,0,476,4,5,7,1,1,-70,2,1040,12777,156,0,0 '
Received from ('fd00::200:0:0:b', 8765, 0, 0): b' 2423,11,8,1024,0,504,5,8,7,1,2,-70,1,1080,13423,150,0,0 '
Received from ('fd00::200:0:0:d', 8765, 0, 0): b' 2423,13,8,1024,0,435,4,4,7,1,1,-70,5,1854,15671,153,0,0 '
Received from ('fd00::200:0:0:f', 8765, 0, 0): b' 2423,15,10,1280,0,505,5,12,7,1,2,-70,1,729,9943,149,0,0 '
Received from ('fd00::200:0:0:11', 8765, 0, 0): b' 2424,17,13,1280,0,464,10,5,7,1,3,-52,1,689,8196,143,0,0 '
Received from ('fd00::200:0:0:e', 8765, 0, 0): b' 2425,14,11,1280,0,508,3,3,7,1,1,-70,0,852,9404,149,0,0 '
Received from ('fd00::200:0:0:c', 8765, 0, 0): b' 2426,12,8,1024,0,457,7,17,7,1,3,-52,0,541,9464,111,0,0 '
Received from ('fd00::200:0:0:10', 8765, 0, 0): b' 2427,16,13,1280,10,497,4,7,7,1,1,-70,2,831,9714,150,0,0 '
Received from ('fd00::200:0:0:5', 8765, 0, 0): b' 2425,5,4,768,0,540,6,1,6,1,1,-52,0,492,9811,160,0,0 '
Received from ('fd00::200:0:0:a', 8765, 0, 0): b' 2426,10,7,1024,0,478,4,5,7,1,1,-70,2,769,6876,156,0,0 '
Received from ('fd00::200:0:0:13', 8765, 0, 0): b' 2426,19,16,1536,0,534,4,4,7,1,1,-70,0,694,10158,147,0,0 '
Received from ('fd00::200:0:0:2', 8765, 0, 0): b' 2428,2,1,512,0,495,6,1,6,1,1,-88,1,804,9689,160,1,7 '
Received from ('fd00::200:0:0:7', 8765, 0, 0): b' 2427,7,3,768,0,512,5,5,7,1,1,-52,3,2341,20378,158,1,7 '
Received from ('fd00::200:0:0:12', 8765, 0, 0): b' 2425,18,15,1536,0,508,4,4,5,1,1,-70,0,801,9704,151,0,0 '
Received from ('fd00::200:0:0:4', 8765, 0, 0): b' 2428,4,1,512,20,505,6,3,7,2,1,-66,10,5683,33928,159,1,7 '
Received from ('fd00::200:0:0:15', 8765, 0, 0): b' 2429,21,17,1536,0,489,3,7,5,1,1,-52,0,624,7575,135,0,0 '
Received from ('fd00::200:0:0:1', 5678, 0, 0): b' 2430,1,0,256,0,8,0,0,4,0,0,0,10,2307,25081,2911,0,0 '
Received from ('fd00::200:0:0:6', 8765, 0, 0): b' 2429,6,2,768,10,477,2,13,7,1,1,-52,0,622,8427,111,0,0 '
Received from ('fd00::200:0:0:8', 8765, 0, 0): b' 2431,8,4,768,10,479,4,11,7,1,1,-52,9,4252,29635,156,1,7 '
Received from ('fd00::200:0:0:3', 8765, 0, 0): b' 2430,3,1,512,10,505,6,3,7,1,1,-64,4,2406,20641,160,1,7 '
Received from ('fd00::200:0:0:a', 8765, 0, 0): b' 2430,10,7,1024,0,481,4,5,7,1,1,-70,2,928,7554,157,0,0 '
Received from ('fd00::200:0:0:10', 8765, 0, 0): b' 2431,16,13,1280,0,498,4,7,7,1,1,-70,2,611,7612,151,0,0 '
Received from ('fd00::200:0:0:14', 8765, 0, 0): b' 2431,20,16,1536,0,510,5,5,7,1,1,-52,0,769,11234,144,0,0 '
Received from ('fd00::200:0:0:4', 8765, 0, 0): b' 2433,4,1,512,0,505,6,3,7,2,1,-66,10,2085,13158,160,1,7 '
Received from ('fd00::200:0:0:9', 8765, 0, 0): b' 2431,9,4,768,10,452,8,14,6,1,4,-70,0,585,10325,112,0,0 '
Received from ('fd00::200:0:0:b', 8765, 0, 0): b' 2432,11,8,1024,10,507,5,8,7,1,2,-70,1,1215,14421,150,0,0 '
Received from ('fd00::200:0:0:11', 8765, 0, 0): b' 2433,17,13,1280,0,465,10,5,7,1,3,-52,1,867,11066,144,0,0 '
Received from ('fd00::200:0:0:5', 8765, 0, 0): b' 2433,5,4,768,0,542,6,1,6,1,1,-52,0,587,8112,160,0,0 '
Received from ('fd00::200:0:0:7', 8765, 0, 0): b' 2433,7,3,768,10,512,5,5,7,1,1,-52,3,869,9122,158,1,7 '
Received from ('fd00::200:0:0:12', 8765, 0, 0): b' 2433,18,15,1536,0,509,4,4,5,1,1,-70,0,410,6302,151,0,0 '
Received from ('fd00::200:0:0:c', 8765, 0, 0): b' 2434,12,8,1024,0,461,7,17,7,1,3,-52,0,884,8964,112,0,0 '
Received from ('fd00::200:0:0:8', 8765, 0, 0): b' 2435,8,4,768,20,479,4,11,7,1,1,-52,9,1880,11888,157,1,7 '
Received from ('fd00::200:0:0:d', 8765, 0, 0): b' 2435,13,8,1024,0,437,4,4,7,1,1,-70,5,2736,23652,153,0,0 '
Received from ('fd00::200:0:0:f', 8765, 0, 0): b' 2433,15,10,1280,10,505,5,12,7,1,2,-70,1,1094,14678,150,0,0 '
Received from ('fd00::200:0:0:1', 5678, 0, 0): b' 2436,1,0,256,0,8,0,0,4,0,0,0,10,1563,14984,2921,0,0 '
Received from ('fd00::200:0:0:13', 8765, 0, 0): b' 2435,19,16,1536,0,538,4,4,7,1,1,-70,0,885,8589,148,0,0 '
Received from ('fd00::200:0:0:e', 8765, 0, 0): b' 2435,14,11,1280,10,512,3,3,7,1,1,-70,0,884,9509,150,0,0 '
Received from ('fd00::200:0:0:15', 8765, 0, 0): b' 2435,21,17,1536,0,492,3,7,5,1,1,-52,0,777,7810,136,0,0 '
Received from ('fd00::200:0:0:10', 8765, 0, 0): b' 2437,16,13,1280,0,501,4,7,7,1,1,-70,2,1448,12243,151,0,0 '
Received from ('fd00::200:0:0:2', 8765, 0, 0): b' 2438,2,1,512,0,495,6,1,6,1,1,-88,1,1039,15426,161,1,7 '
Received from ('fd00::200:0:0:11', 8765, 0, 0): b' 2438,17,13,1280,0,466,10,5,7,1,3,-52,1,714,6723,144,0,0 '
Received from ('fd00::200:0:0:3', 8765, 0, 0): b' 2438,3,1,512,0,506,6,3,7,1,1,-64,4,1504,14012,161,1,7 '
Received from ('fd00::200:0:0:d', 8765, 0, 0): b' 2440,13,8,1024,10,437,4,4,7,1,1,-70,5,1184,10788,154,0,0 '
Received from ('fd00::200:0:0:a', 8765, 0, 0): b' 2439,10,7,1024,0,484,4,5,7,1,1,-70,2,1240,14379,157,0,0 '
Received from ('fd00::200:0:0:8', 8765, 0, 0): b' 2440,8,4,768,10,481,4,11,7,1,1,-52,9,1865,13659,157,1,7 '
Received from ('fd00::200:0:0:14', 8765, 0, 0): b' 2440,20,16,1536,0,513,5,5,7,1,1,-52,0,802,9218,145,0,0 '
Received from ('fd00::200:0:0:f', 8765, 0, 0): b' 2438,15,10,1280,0,506,5,12,7,1,2,-70,1,475,6087,150,0,0 '
Received from ('fd00::200:0:0:6', 8765, 0, 0): b' 2441,6,2,768,0,480,2,13,7,1,1,-52,0,824,11183,112,0,0 '
Received from ('fd00::200:0:0:7', 8765, 0, 0): b' 2440,7,3,768,0,514,5,5,7,1,1,-52,3,1508,13501,159,1,7 '
Received from ('fd00::200:0:0:4', 8765, 0, 0): b' 2441,4,1,512,0,508,6,3,7,2,1,-66,10,4263,24579,160,1,7 '
Received from ('fd00::200:0:0:e', 8765, 0, 0): b' 2441,14,11,1280,0,514,3,3,7,1,1,-70,0,574,6584,151,0,0 '
Received from ('fd00::200:0:0:2', 8765, 0, 0): b' 2442,2,1,512,0,496,6,1,6,1,1,-88,1,592,6606,161,1,7 '
Received from ('fd00::200:0:0:9', 8765, 0, 0): b' 2441,9,4,768,0,456,8,14,6,1,4,-70,0,755,9191,112,0,0 '
Received from ('fd00::200:0:0:15', 8765, 0, 0): b' 2441,21,17,1536,0,493,3,7,5,1,1,-52,0,386,5163,136,0,0 '
Received from ('fd00::200:0:0:11', 8765, 0, 0): b' 2442,17,13,1280,0,468,10,5,7,1,3,-52,1,786,6684,145,0,0 '
Received from ('fd00::200:0:0:10', 8765, 0, 0): b' 2443,16,13,1280,0,502,4,7,7,1,1,-70,2,916,11408,151,0,0 '
Received from ('fd00::200:0:0:1', 5678, 0, 0): b' 2444,1,0,256,0,8,0,0,4,0,0,0,10,1541,18756,2929,0,0 '
Received from ('fd00::200:0:0:12', 8765, 0, 0): b' 2441,18,15,1536,0,512,4,4,5,1,1,-70,0,801,9344,152,0,0 '
Received from ('fd00::200:0:0:5', 8765, 0, 0): b' 2445,5,4,768,0,546,6,1,6,1,1,-52,0,957,13686,161,0,0 '
Received from ('fd00::200:0:0:b', 8765, 0, 0): b' 2443,11,8,1024,0,508,5,8,7,1,2,-70,1,1285,18703,151,0,0 '
Received from ('fd00::200:0:0:d', 8765, 0, 0): b' 2443,13,8,1024,0,438,4,4,7,1,1,-70,5,1249,9928,154,0,0 '
Received from ('fd00::200:0:0:c', 8765, 0, 0): b' 2444,12,8,1024,0,465,7,17,7,1,3,-52,0,932,11230,113,0,0 '
Received from ('fd00::200:0:0:13', 8765, 0, 0): b' 2447,19,16,1536,0,543,4,4,7,1,1,-70,0,983,11235,148,0,0 '
Received from ('fd00::200:0:0:3', 8765, 0, 0): b' 2446,3,1,512,0,508,6,3,7,1,1,-64,4,1837,14100,161,1,7 '
Received from ('fd00::200:0:0:11', 8765, 0, 0): b' 2449,17,13,1280,10,469,10,5,7,1,3,-52,1,556,7711,145,0,0 '
Received from ('fd00::200:0:0:1', 5678, 0, 0): b' 2449,1,0,256,0,8,0,0,4,0,0,0,10,1140,11878,2937,0,0 '
Received from ('fd00::200:0:0:a', 8765, 0, 0): b' 2447,10,7,1024,0,484,4,5,7,1,1,-70,2,1067,13586,158,0,0 '
Received from ('fd00::200:0:0:4', 8765, 0, 0): b' 2449,4,1,512,0,510,6,3,7,2,1,-66,10,3715,22732,161,1,7 '
Received from ('fd00::200:0:0:f', 8765, 0, 0): b' 2447,15,10,1280,0,509,5,12,7,1,2,-70,1,1273,12013,151,0,0 '
Received from ('fd00::200:0:0:14', 8765, 0, 0): b' 2449,20,16,1536,0,515,5,5,7,1,1,-52,0,573,8457,146,0,0 '
Received from ('fd00::200:0:0:5', 8765, 0, 0): b' 2449,5,4,768,10,547,6,1,6,1,1,-52,0,360,6784,161,0,0 '
Received from ('fd00::200:0:0:7', 8765, 0, 0): b' 2448,7,3,768,10,516,5,5,7,1,1,-52,3,1727,14592,160,1,7 '
Received from ('fd00::200:0:0:c', 8765, 0, 0): b' 2448,12,8,1024,0,467,7,17,7,1,3,-52,0,470,4591,113,0,0 '
Received from ('fd00::200:0:0:2', 8765, 0, 0): b' 2451,2,1,512,0,498,6,1,6,1,1,-88,1,1221,14369,162,1,7 '
Received from ('fd00::200:0:0:6', 8765, 0, 0): b' 2451,6,2,768,0,483,2,13,7,1,1,-52,0,800,10250,113,0,0 '
Received from ('fd00::200:0:0:15', 8765, 0, 0): b' 2450,21,17,1536,0,495,3,7,5,1,1,-52,0,694,9032,137,0,0 '
Received from ('fd00::200:0:0:8', 8765, 0, 0): b' 2452,8,4,768,20,483,4,11,7,1,1,-52,9,4801,32188,158,1,7 '
Received from ('fd00::200:0:0:b', 8765, 0, 0): b' 2450,11,8,1024,0,509,5,8,7,1,2,-70,1,664,10962,152,0,0 '
Received from ('fd00::200:0:0:e', 8765, 0, 0): b' 2450,14,11,1280,0,516,3,3,7,1,1,-70,0,638,9457,151,0,0 '
Received from ('fd00::200:0:0:10', 8765, 0, 0): b' 2452,16,13,1280,0,504,4,7,7,1,1,-70,2,1447,17418,152,0,0 '
Received from ('fd00::200:0:0:9', 8765, 0, 0): b' 2452,9,4,768,10,459,8,14,6,1,4,-70,0,799,10438,113,0,0 '
Received from ('fd00::200:0:0:d', 8765, 0, 0): b' 2450,13,8,1024,0,440,4,4,7,1,1,-70,5,2057,16269,155,0,0 '
Received from ('fd00::200:0:0:1', 5678, 0, 0): b' 2454,1,0,256,0,8,0,0,4,0,0,0,10,1330,12115,2944,0,0 '
Received from ('fd00::200:0:0:14', 8765, 0, 0): b' 2454,20,16,1536,0,516,5,5,7,1,1,-52,0,386,4648,146,0,0 '
Received from ('fd00::200:0:0:a', 8765, 0, 0): b' 2452,10,7,1024,0,485,4,5,7,1,1,-70,2,622,8736,158,0,0 '
Received from ('fd00::200:0:0:c', 8765, 0, 0): b' 2454,12,8,1024,0,469,7,17,7,1,3,-52,0,469,4519,113,0,0 '
Received from ('fd00::200:0:0:12', 8765, 0, 0): b' 2452,18,15,1536,0,517,4,4,5,1,1,-70,0,959,10703,152,0,0 '
Received from ('fd00::200:0:0:13', 8765, 0, 0): b' 2455,19,16,1536,0,543,4,4,7,1,1,-70,0,360,7588,149,0,0 '
Received from ('fd00::200:0:0:11', 8765, 0, 0): b' 2452,17,13,1280,0,470,10,5,7,1,3,-52,1,770,7475,145,0,0 '
Received from ('fd00::200:0:0:15', 8765, 0, 0): b' 2455,21,17,1536,0,498,3,7,5,1,1,-52,0,479,4560,137,0,0 '
Received from ('fd00::200:0:0:e', 8765, 0, 0): b' 2454,14,11,1280,0,517,3,3,7,1,1,-70,0,418,4604,152,0,0 '
Received from ('fd00::200:0:0:3', 8765, 0, 0): b' 2457,3,1,512,10,511,6,3,7,1,1,-64,4,2037,17053,162,1,7 '
Received from ('fd00::200:0:0:8', 8765, 0, 0): b' 2457,8,4,768,40,484,4,11,7,1,1,-52,9,2274,13033,158,1,7 '
Received from ('fd00::200:0:0:2', 8765, 0, 0): b' 2457,2,1,512,0,500,6,1,6,1,1,-88,1,751,9323,162,1,7 '
Received from ('fd00::200:0:0:d', 8765, 0, 0): b' 2455,13,8,1024,0,441,4,4,7,1,1,-70,5,1153,8519,155,0,0 '
Received from ('fd00::200:0:0:5', 8765, 0, 0): b' 2457,5,4,768,0,550,6,1,6,1,1,-52,0,707,9882,162,0,0 '
Received from ('fd00::200:0:0:10', 8765, 0, 0): b' 2458,16,13,1280,0,505,4,7,7,1,1,-70,2,881,10702,152,0,0 '
Received from ('fd00::200:0:0:7', 8765, 0, 0): b' 2458,7,3,768,10,521,5,5,7,1,1,-52,3,1862,16839,160,1,7 '
Received from ('fd00::200:0:0:a', 8765, 0, 0): b' 2458,10,7,1024,0,487,4,5,7,1,1,-70,2,911,8793,158,0,0 '
Received from ('fd00::200:0:0:4', 8765, 0, 0): b' 2460,4,1,512,10,512,6,3,7,2,1,-66,10,5486,32179,161,1,7 '
Received from ('fd00::200:0:0:c', 8765, 0, 0): b' 2460,12,8,1024,0,471,7,17,7,1,3,-52,0,549,6003,114,0,0 '
Received from ('fd00::200:0:0:b', 8765, 0, 0): b' 2460,11,8,1024,0,510,5,8,7,1,2,-70,1,1060,14354,152,0,0 '
Received from ('fd00::200:0:0:f', 8765, 0, 0): b' 2458,15,10,1280,0,509,5,12,7,1,2,-70,1,1030,14523,152,0,0 '
Received from ('fd00::200:0:0:6', 8765, 0, 0): b' 2461,6,2,768,0,484,2,13,7,1,1,-52,0,586,9402,114,0,0 '
Received from ('fd00::200:0:0:11', 8765, 0, 0): b' 2459,17,13,1280,10,471,10,5,7,1,3,-52,1,801,8514,146,0,0 '
Received from ('fd00::200:0:0:12', 8765, 0, 0): b' 2459,18,15,1536,10,519,4,4,5,1,1,-70,0,620,6655,153,0,0 '
Received from ('fd00::200:0:0:8', 8765, 0, 0): b' 2462,8,4,768,0,484,4,11,7,1,1,-52,9,2119,14558,159,1,7 '
Received from ('fd00::200:0:0:9', 8765, 0, 0): b' 2462,9,4,768,0,461,8,14,6,1,4,-70,0,694,9410,114,0,0 '
Received from ('fd00::200:0:0:d', 8765, 0, 0): b' 2462,13,8,1024,10,442,4,4,7,1,1,-70,5,1395,13517,155,0,0 '
Received from ('fd00::200:0:0:13', 8765, 0, 0): b' 2464,19,16,1536,10,544,4,4,7,1,1,-70,0,563,8362,150,0,0 '
Received from ('fd00::200:0:0:5', 8765, 0, 0): b' 2463,5,4,768,0,551,6,1,6,1,1,-52,0,383,7116,162,0,0 '
Received from ('fd00::200:0:0:1', 5678, 0, 0): b' 2464,1,0,256,0,8,0,0,4,0,0,0,10,2427,24954,2959,0,0 '
Received from ('fd00::200:0:0:7', 8765, 0, 0): b' 2464,7,3,768,0,521,5,5,7,1,1,-52,3,1023,8560,161,1,7 '
Received from ('fd00::200:0:0:14', 8765, 0, 0): b' 2465,20,16,1536,0,519,5,5,7,1,1,-52,0,801,10401,147,0,0 '
Received from ('fd00::200:0:0:2', 8765, 0, 0): b' 2465,2,1,512,0,503,6,1,6,1,1,-88,1,1107,13338,162,1,7 '
Received from ('fd00::200:0:0:e', 8765, 0, 0): b' 2466,14,11,1280,0,518,3,3,7,1,1,-70,0,500,8607,152,0,0 '
Received from ('fd00::200:0:0:10', 8765, 0, 0): b' 2466,16,13,1280,0,506,4,7,7,1,1,-70,2,1471,17728,153,0,0 '
Received from ('fd00::200:0:0:3', 8765, 0, 0): b' 2467,3,1,512,0,514,6,3,7,1,1,-64,4,2284,18767,162,1,7 '
Received from ('fd00::200:0:0:15', 8765, 0, 0): b' 2467,21,17,1536,0,500,3,7,5,1,1,-52,0,718,10930,138,0,0 '
Received from ('fd00::200:0:0:13', 8765, 0, 0): b' 2468,19,16,1536,0,544,4,4,7,1,1,-70,0,280,4060,150,0,0 '
Received from ('fd00::200:0:0:d', 8765, 0, 0): b' 2468,13,8,1024,10,443,4,4,7,1,1,-70,5,1535,12311,156,0,0 '
Received from ('fd00::200:0:0:6', 8765, 0, 0): b' 2469,6,2,768,0,486,2,13,7,1,1,-52,0,581,8197,114,0,0 '
Received from ('fd00::200:0:0:9', 8765, 0, 0): b' 2469,9,4,768,0,464,8,14,6,1,4,-70,0,622,6700,114,0,0 '
Received from ('fd00::200:0:0:12', 8765, 0, 0): b' 2468,18,15,1536,0,522,4,4,5,1,1,-70,0,746,8186,153,0,0 '
Received from ('fd00::200:0:0:1', 5678, 0, 0): b' 2471,1,0,256,0,8,0,0,4,0,0,0,10,1248,14806,2964,0,0 '
Received from ('fd00::200:0:0:c', 8765, 0, 0): b' 2471,12,8,1024,0,473,7,17,7,1,3,-52,0,638,9763,114,0,0 '
Received from ('fd00::200:0:0:a', 8765, 0, 0): b' 2469,10,7,1024,0,491,4,5,7,1,1,-70,2,1553,17416,159,0,0 '
Received from ('fd00::200:0:0:4', 8765, 0, 0): b' 2471,4,1,512,0,514,6,3,7,2,1,-66,10,5073,30514,162,1,7 '
Received from ('fd00::200:0:0:7', 8765, 0, 0): b' 2471,7,3,768,0,523,5,5,7,1,1,-52,3,1099,11168,161,1,7 '
Received from ('fd00::200:0:0:14', 8765, 0, 0): b' 2471,20,16,1536,0,520,5,5,7,1,1,-52,0,388,5341,147,0,0 '
Received from ('fd00::200:0:0:b', 8765, 0, 0): b' 2471,11,8,1024,0,512,5,8,7,1,2,-70,1,1314,16585,153,0,0 '
Received from ('fd00::200:0:0:5', 8765, 0, 0): b' 2471,5,4,768,0,555,6,1,6,1,1,-52,0,812,10150,163,0,0 '
Received from ('fd00::200:0:0:f', 8765, 0, 0): b' 2470,15,10,1280,0,510,5,12,7,1,2,-70,1,1164,15108,153,0,0 '
Received from ('fd00::200:0:0:15', 8765, 0, 0): b' 2471,21,17,1536,0,502,3,7,5,1,1,-52,0,470,4464,138,0,0 '
Received from ('fd00::200:0:0:11', 8765, 0, 0): b' 2471,17,13,1280,0,473,10,5,7,1,3,-52,1,1363,14474,147,0,0 '
Received from ('fd00::200:0:0:8', 8765, 0, 0): b' 2474,8,4,768,10,488,4,11,7,1,1,-52,9,4484,30310,159,1,7 '
Received from ('fd00::200:0:0:6', 8765, 0, 0): b' 2475,6,2,768,0,486,2,13,7,1,1,-52,0,347,5230,114,0,0 '
Received from ('fd00::200:0:0:1', 5678, 0, 0): b' 2475,1,0,256,0,8,0,0,4,0,0,0,10,892,10680,2970,0,0 '
Received from ('fd00::200:0:0:2', 8765, 0, 0): b' 2476,2,1,512,0,504,6,1,6,1,1,-88,1,1324,15913,163,1,7 '
Received from ('fd00::200:0:0:4', 8765, 0, 0): b' 2477,4,1,512,10,516,6,3,7,2,1,-66,10,2446,15688,162,1,7 '
Received from ('fd00::200:0:0:e', 8765, 0, 0): b' 2477,14,11,1280,0,524,3,3,7,1,1,-70,0,1122,11230,153,0,0 '
Received from ('fd00::200:0:0:13', 8765, 0, 0): b' 2478,19,16,1536,0,545,4,4,7,1,1,-70,0,507,8568,150,0,0 '
Received from ('fd00::200:0:0:b', 8765, 0, 0): b' 2477,11,8,1024,0,515,5,8,7,1,2,-70,1,919,9587,153,0,0 '
Received from ('fd00::200:0:0:3', 8765, 0, 0): b' 2478,3,1,512,0,519,6,3,7,1,1,-64,4,2432,18582,163,1,7 '
Received from ('fd00::200:0:0:10', 8765, 0, 0): b' 2476,16,13,1280,10,510,4,7,7,1,1,-70,2,1748,18824,154,0,0 '
Received from ('fd00::200:0:0:c', 8765, 0, 0): b' 2478,12,8,1024,0,473,7,17,7,1,3,-52,0,359,6567,115,0,0 '
Received from ('fd00::200:0:0:5', 8765, 0, 0): b' 2478,5,4,768,0,558,6,1,6,1,1,-52,0,719,8931,163,0,0 '
Received from ('fd00::200:0:0:9', 8765, 0, 0): b' 2478,9,4,768,0,468,8,14,6,1,4,-70,0,906,9691,115,0,0 '
Received from ('fd00::200:0:0:11', 8765, 0, 0): b' 2477,17,13,1280,10,476,10,5,7,1,3,-52,1,773,7852,147,0,0 '
Received from ('fd00::200:0:0:a', 8765, 0, 0): b' 2479,10,7,1024,0,493,4,5,7,1,1,-70,2,1284,15170,160,0,0 '
Received from ('fd00::200:0:0:d', 8765, 0, 0): b' 2480,13,8,1024,0,448,4,4,7,1,1,-70,5,2967,23883,156,0,0 '
Received from ('fd00::200:0:0:14', 8765, 0, 0): b' 2481,20,16,1536,0,522,5,5,7,1,1,-52,0,791,9901,148,0,0 '
Received from ('fd00::200:0:0:15', 8765, 0, 0): b' 2480,21,17,1536,10,506,3,7,5,1,1,-52,0,801,9326,139,0,0 '
Received from ('fd00::200:0:0:11', 8765, 0, 0): b' 2481,17,13,1280,0,478,10,5,7,1,3,-52,1,771,5748,147,0,0 '
Received from ('fd00::200:0:0:7', 8765, 0, 0): b' 2483,7,3,768,20,526,5,5,7,1,1,-52,3,1973,18958,162,1,7 '
Received from ('fd00::200:0:0:12', 8765, 0, 0): b' 2479,18,15,1536,0,523,4,4,5,1,1,-70,0,611,10847,154,0,0 '
Received from ('fd00::200:0:0:f', 8765, 0, 0): b' 2482,15,10,1280,10,514,5,12,7,1,2,-70,1,1323,14539,153,0,0 '
Received from ('fd00::200:0:0:8', 8765, 0, 0): b' 2484,8,4,768,0,490,4,11,7,1,1,-52,9,3733,25496,160,1,7 '
Received from ('fd00::200:0:0:2', 8765, 0, 0): b' 2483,2,1,512,0,507,6,1,6,1,1,-88,1,1079,12068,164,1,7 '
Received from ('fd00::200:0:0:e', 8765, 0, 0): b' 2484,14,11,1280,0,526,3,3,7,1,1,-70,0,617,6587,153,0,0 '
Received from ('fd00::200:0:0:6', 8765, 0, 0): b' 2483,6,2,768,10,486,2,13,7,1,1,-52,0,558,8582,115,0,0 '
Received from ('fd00::200:0:0:4', 8765, 0, 0): b' 2484,4,1,512,20,518,6,3,7,2,1,-66,10,4009,22772,163,1,7 '
Received from ('fd00::200:0:0:1', 5678, 0, 0): b' 2486,1,0,256,0,8,0,0,4,0,0,0,10,2578,25179,2984,0,0 '
Received from ('fd00::200:0:0:3', 8765, 0, 0): b' 2486,3,1,512,0,522,6,3,7,1,1,-64,4,1952,15088,164,1,7 '
Received from ('fd00::200:0:0:a', 8765, 0, 0): b' 2486,10,7,1024,0,494,4,5,7,1,1,-70,2,800,9420,160,0,0 '
Received from ('fd00::200:0:0:d', 8765, 0, 0): b' 2487,13,8,1024,10,449,4,4,7,1,1,-70,5,1403,13287,157,0,0 '
Received from ('fd00::200:0:0:11', 8765, 0, 0): b' 2486,17,13,1280,0,480,10,5,7,1,3,-52,1,541,6020,148,0,0 '
Received from ('fd00::200:0:0:5', 8765, 0, 0): b' 2487,5,4,768,10,561,6,1,6,1,1,-52,0,598,10533,164,0,0 '
Received from ('fd00::200:0:0:b', 8765, 0, 0): b' 2487,11,8,1024,0,517,5,8,7,1,2,-70,1,1159,16235,154,0,0 '
Received from ('fd00::200:0:0:12', 8765, 0, 0): b' 2485,18,15,1536,0,525,4,4,5,1,1,-70,0,470,5191,154,0,0 '
Received from ('fd00::200:0:0:9', 8765, 0, 0): b' 2488,9,4,768,0,468,8,14,6,1,4,-70,0,398,7850,115,0,0 '
Received from ('fd00::200:0:0:8', 8765, 0, 0): b' 2488,8,4,768,0,491,4,11,7,1,1,-52,9,1570,10726,160,1,7 '
Received from ('fd00::200:0:0:6', 8765, 0, 0): b' 2488,6,2,768,0,489,2,13,7,1,1,-52,0,637,4765,115,0,0 '
Received from ('fd00::200:0:0:10', 8765, 0, 0): b' 2486,16,13,1280,0,514,4,7,7,1,1,-70,2,1751,19356,154,0,0 '
Received from ('fd00::200:0:0:f', 8765, 0, 0): b' 2488,15,10,1280,10,514,5,12,7,1,2,-70,1,452,5737,154,0,0 '
Received from ('fd00::200:0:0:15', 8765, 0, 0): b' 2486,21,17,1536,0,508,3,7,5,1,1,-52,0,601,6524,139,0,0 '
Received from ('fd00::200:0:0:13', 8765, 0, 0): b' 2488,19,16,1536,10,548,4,4,7,1,1,-70,0,900,10384,151,0,0 '
Received from ('fd00::200:0:0:c', 8765, 0, 0): b' 2488,12,8,1024,20,477,7,17,7,1,3,-52,0,918,11181,116,0,0 '
Received from ('fd00::200:0:0:1', 5678, 0, 0): b' 2490,1,0,256,0,8,0,0,4,0,0,0,10,1068,11624,2991,0,0 '
Received from ('fd00::200:0:0:e', 8765, 0, 0): b' 2490,14,11,1280,0,527,3,3,7,1,1,-70,0,512,5974,154,0,0 '
Received from ('fd00::200:0:0:2', 8765, 0, 0): b' 2492,2,1,512,0,511,6,1,6,1,1,-88,1,1503,14075,164,1,7 '
Received from ('fd00::200:0:0:4', 8765, 0, 0): b' 2492,4,1,512,0,519,6,3,7,2,1,-66,10,3564,21025,163,1,7 '
Received from ('fd00::200:0:0:f', 8765, 0, 0): b' 2492,15,10,1280,0,514,5,12,7,1,2,-70,1,459,5650,154,0,0 '
Received from ('fd00::200:0:0:8', 8765, 0, 0): b' 2492,8,4,768,0,492,4,11,7,1,1,-52,9,1779,11858,161,1,7 '
Received from ('fd00::200:0:0:5', 8765, 0, 0): b' 2493,5,4,768,0,562,6,1,6,1,1,-52,0,492,7119,164,0,0 '
Received from ('fd00::200:0:0:11', 8765, 0, 0): b' 2492,17,13,1280,0,483,10,5,7,1,3,-52,1,833,7107,148,0,0 '
Received from ('fd00::200:0:0:12', 8765, 0, 0): b' 2491,18,15,1536,0,526,4,4,5,1,1,-70,0,442,5783,155,0,0 '
Received from ('fd00::200:0:0:9', 8765, 0, 0): b' 2494,9,4,768,0,470,8,14,6,1,4,-70,0,547,6262,116,0,0 '
Received from ('fd00::200:0:0:7', 8765, 0, 0): b' 2493,7,3,768,0,529,5,5,7,1,1,-52,3,2777,20892,163,1,7 '
Received from ('fd00::200:0:0:14', 8765, 0, 0): b' 2492,20,16,1536,0,526,5,5,7,1,1,-52,0,845,10915,148,0,0 '
Received from ('fd00::200:0:0:6', 8765, 0, 0): b' 2493,6,2,768,10,491,2,13,7,1,1,-52,0,523,5737,116,0,0 '
Received from ('fd00::200:0:0:2', 8765, 0, 0): b' 2496,2,1,512,0,513,6,1,6,1,1,-88,1,671,6705,164,1,7 '
Received from ('fd00::200:0:0:1', 5678, 0, 0): b' 2496,1,0,256,0,8,0,0,4,0,0,0,10,1523,14389,3001,0,0 '
Received from ('fd00::200:0:0:11', 8765, 0, 0): b' 2496,17,13,1280,0,483,10,5,7,1,3,-52,1,433,5640,148,0,0 '
Received from ('fd00::200:0:0:b', 8765, 0, 0): b' 2496,11,8,1024,0,519,5,8,7,1,2,-70,1,1040,14267,155,0,0 '
Received from ('fd00::200:0:0:4', 8765, 0, 0): b' 2497,4,1,512,20,523,6,3,7,2,1,-66,10,3005,16933,164,1,7 '
Received from ('fd00::200:0:0:10', 8765, 0, 0): b' 2497,16,13,1280,0,515,4,7,7,1,1,-70,2,1401,18153,155,0,0 '
Received from ('fd00::200:0:0:13', 8765, 0, 0): b' 2498,19,16,1536,0,552,4,4,7,1,1,-70,0,911,9735,152,0,0 '
Received from ('fd00::200:0:0:3', 8765, 0, 0): b' 2498,3,1,512,10,522,6,3,7,1,1,-64,4,2324,20623,165,1,7 '
Received from ('fd00::200:0:0:d', 8765, 0, 0): b' 2498,13,8,1024,0,453,4,4,7,1,1,-70,5,3183,23954,158,0,0 '
Received from ('fd00::200:0:0:a', 8765, 0, 0): b' 2498,10,7,1024,10,498,4,5,7,1,1,-70,2,1940,18865,161,0,0 '
Received from ('fd00::200:0:0:e', 8765, 0, 0): b' 2499,14,11,1280,0,528,3,3,7,1,1,-70,0,410,7841,154,0,0 '
Received from ('fd00::200:0:0:7', 8765, 0, 0): b' 2499,7,3,768,0,530,5,5,7,1,1,-52,3,669,7433,163,1,7 '
Received from ('fd00::200:0:0:15', 8765, 0, 0): b' 2498,21,17,1536,0,508,3,7,5,1,1,-52,0,504,9938,140,0,0 '
Received from ('fd00::200:0:0:c', 8765, 0, 0): b' 2500,12,8,1024,0,479,7,17,7,1,3,-52,0,721,10918,116,0,0 '
Received from ('fd00::200:0:0:5', 8765, 0, 0): b' 2501,5,4,768,0,563,6,1,6,1,1,-52,0,588,9131,165,0,0 '
Received from ('fd00::200:0:0:14', 8765, 0, 0): b' 2500,20,16,1536,10,529,5,5,7,1,1,-52,0,671,7920,149,0,0 '
Received from ('fd00::200:0:0:8', 8765, 0, 0): b' 2501,8,4,768,10,494,4,11,7,1,1,-52,9,3555,23928,161,1,7 '
Received from ('fd00::200:0:0:13', 8765, 0, 0): b' 2503,19,16,1536,0,553,4,4,7,1,1,-70,0,386,5106,152,0,0 '
Received from ('fd00::200:0:0:f', 8765, 0, 0): b' 2502,15,10,1280,0,516,5,12,7,1,2,-70,1,1067,12728,155,0,0 '
Received from ('fd00::200:0:0:d', 8765, 0, 0): b' 2503,13,8,1024,10,454,4,4,7,1,1,-70,5,1005,9487,158,0,0 '
Received from ('fd00::200:0:0:7', 8765, 0, 0): b' 2503,7,3,768,0,531,5,5,7,1,1,-52,3,687,7076,163,1,7 '
Received from ('fd00::200:0:0:b', 8765, 0, 0): b' 2503,11,8,1024,0,521,5,8,7,1,2,-70,1,847,10087,155,0,0 '
Received from ('fd00::200:0:0:3', 8765, 0, 0): b' 2503,3,1,512,0,524,6,3,7,1,1,-64,4,1244,10092,165,1,7 '
Received from ('fd00::200:0:0:6', 8765, 0, 0): b' 2503,6,2,768,10,492,2,13,7,1,1,-52,0,530,9477,116,0,0 '
Received from ('fd00::200:0:0:e', 8765, 0, 0): b' 2503,14,11,1280,10,529,3,3,7,1,1,-70,0,412,4625,155,0,0 '
Received from ('fd00::200:0:0:12', 8765, 0, 0): b' 2503,18,15,1536,0,529,4,4,5,1,1,-70,0,825,10485,156,0,0 '
Received from ('fd00::200:0:0:9', 8765, 0, 0): b' 2504,9,4,768,0,475,8,14,6,1,4,-70,0,957,10403,116,0,0 '
Received from ('fd00::200:0:0:14', 8765, 0, 0): b' 2506,20,16,1536,0,530,5,5,7,1,1,-52,0,494,5885,149,0,0 '
Received from ('fd00::200:0:0:10', 8765, 0, 0): b' 2506,16,13,1280,0,517,4,7,7,1,1,-70,2,1770,18652,156,0,0 '
Received from ('fd00::200:0:0:2', 8765, 0, 0): b' 2506,2,1,512,0,515,6,1,6,1,1,-88,1,1129,16025,165,1,7 '
Received from ('fd00::200:0:0:1', 5678, 0, 0): b' 2506,1,0,256,0,8,0,0,4,0,0,0,10,2301,24261,3014,0,0 '
Received from ('fd00::200:0:0:c', 8765, 0, 0): b' 2506,12,8,1024,0,480,7,17,7,1,3,-52,0,443,6849,117,0,0 '
Received from ('fd00::200:0:0:11', 8765, 0, 0): b' 2508,17,13,1280,0,486,10,5,7,1,3,-52,1,1198,14592,149,0,0 '
Received from ('fd00::200:0:0:4', 8765, 0, 0): b' 2509,4,1,512,0,527,6,3,7,2,1,-66,10,5771,34039,165,1,7 '
Received from ('fd00::200:0:0:b', 8765, 0, 0): b' 2509,11,8,1024,0,522,5,8,7,1,2,-70,1,731,10026,156,0,0 '
Received from ('fd00::200:0:0:a', 8765, 0, 0): b' 2509,10,7,1024,0,502,4,5,7,1,1,-70,2,1673,19165,162,0,0 '
Received from ('fd00::200:0:0:d', 8765, 0, 0): b' 2509,13,8,1024,0,456,4,4,7,1,1,-70,5,1824,14960,158,0,0 '
Received from ('fd00::200:0:0:15', 8765, 0, 0): b' 2509,21,17,1536,0,512,3,7,5,1,1,-52,0,908,10751,141,0,0 '
Received from ('fd00::200:0:0:6', 8765, 0, 0): b' 2510,6,2,768,10,494,2,13,7,1,1,-52,0,549,6430,117,0,0 '
Received from ('fd00::200:0:0:5', 8765, 0, 0): b' 2510,5,4,768,10,564,6,1,6,1,1,-52,0,407,11365,165,0,0 '
Received from ('fd00::200:0:0:f', 8765, 0, 0): b' 2510,15,10,1280,0,519,5,12,7,1,2,-70,1,1135,10759,155,0,0 '
Received from ('fd00::200:0:0:1', 5678, 0, 0): b' 2511,1,0,256,0,8,0,0,4,0,0,0,10,1084,10858,3021,0,0 '
Received from ('fd00::200:0:0:3', 8765, 0, 0): b' 2511,3,1,512,30,527,6,3,7,1,1,-64,4,1849,13891,166,1,7 '
Received from ('fd00::200:0:0:8', 8765, 0, 0): b' 2511,8,4,768,0,495,4,11,7,1,1,-52,9,3874,25149,162,1,7 '
Received from ('fd00::200:0:0:12', 8765, 0, 0): b' 2510,18,15,1536,0,531,4,4,5,1,1,-70,0,494,6280,156,0,0 '
Received from ('fd00::200:0:0:2', 8765, 0, 0): b' 2512,2,1,512,0,519,6,1,6,1,1,-88,1,1076,9533,166,1,7 '
Received from ('fd00::200:0:0:7', 8765, 0, 0): b' 2511,7,3,768,0,535,5,5,7,1,1,-52,3,2062,15120,164,1,7 '
Received from ('fd00::200:0:0:c', 8765, 0, 0): b' 2510,12,8,1024,10,481,7,17,7,1,3,-52,0,362,4130,117,0,0 '
Received from ('fd00::200:0:0:14', 8765, 0, 0): b' 2511,20,16,1536,0,531,5,5,7,1,1,-52,0,418,4912,150,0,0 '
Received from ('fd00::200:0:0:9', 8765, 0, 0): b' 2512,9,4,768,0,478,8,14,6,1,4,-70,0,800,8707,117,0,0 '
Received from ('fd00::200:0:0:e', 8765, 0, 0): b' 2513,14,11,1280,0,531,3,3,7,1,1,-70,0,640,8973,155,0,0 '
Received from ('fd00::200:0:0:b', 8765, 0, 0): b' 2514,11,8,1024,0,523,5,8,7,1,2,-70,1,646,8439,156,0,0 '
Received from ('fd00::200:0:0:13', 8765, 0, 0): b' 2515,19,16,1536,0,556,4,4,7,1,1,-70,0,825,11585,153,0,0 '
Received from ('fd00::200:0:0:f', 8765, 0, 0): b' 2515,15,10,1280,0,521,5,12,7,1,2,-70,1,580,6506,155,0,0 '
Received from ('fd00::200:0:0:4', 8765, 0, 0): b' 2516,4,1,512,20,528,6,3,7,2,1,-66,10,3127,19472,165,1,7 '
Received from ('fd00::200:0:0:11', 8765, 0, 0): b' 2516,17,13,1280,0,487,10,5,7,1,3,-52,1,1061,11240,150,0,0 '
Received from ('fd00::200:0:0:6', 8765, 0, 0): b' 2516,6,2,768,10,496,2,13,7,1,1,-52,0,409,6001,117,0,0 '
Received from ('fd00::200:0:0:10', 8765, 0, 0): b' 2517,16,13,1280,0,518,4,7,7,1,1,-70,2,1496,19251,156,0,0 '
Received from ('fd00::200:0:0:14', 8765, 0, 0): b' 2517,20,16,1536,0,532,5,5,7,1,1,-52,0,452,5526,150,0,0 '
Received from ('fd00::200:0:0:3', 8765, 0, 0): b' 2516,3,1,512,20,529,6,3,7,1,1,-64,4,1177,11000,166,1,7 '
Received from ('fd00::200:0:0:d', 8765, 0, 0): b' 2517,13,8,1024,10,458,4,4,7,1,1,-70,5,1915,15671,159,0,0 '
Received from ('fd00::200:0:0:12', 8765, 0, 0): b' 2516,18,15,1536,0,531,4,4,5,1,1,-70,0,376,6085,156,0,0 '
Received from ('fd00::200:0:0:a', 8765, 0, 0): b' 2519,10,7,1024,0,504,4,5,7,1,1,-70,2,1555,15034,162,0,0 '
Received from ('fd00::200:0:0:c', 8765, 0, 0): b' 2518,12,8,1024,10,483,7,17,7,1,3,-52,0,518,7179,118,0,0 '
Received from ('fd00::200:0:0:1', 5678, 0, 0): b' 2519,1,0,256,0,8,0,0,4,0,0,0,10,1823,20304,3029,0,0 '
Received from ('fd00::200:0:0:5', 8765, 0, 0): b' 2520,5,4,768,0,566,6,1,6,1,1,-52,0,721,11956,166,0,0 '
Received from ('fd00::200:0:0:7', 8765, 0, 0): b' 2519,7,3,768,10,537,5,5,7,1,1,-52,3,1422,13881,164,1,7 '
Received from ('fd00::200:0:0:f', 8765, 0, 0): b' 2521,15,10,1280,0,523,5,12,7,1,2,-70,1,903,7994,156,0,0 '
Received from ('fd00::200:0:0:8', 8765, 0, 0): b' 2520,8,4,768,0,498,4,11,7,1,1,-52,9,3609,26030,163,1,7 '
Received from ('fd00::200:0:0:15', 8765, 0, 0): b' 2521,21,17,1536,0,517,3,7,5,1,1,-52,0,1054,11360,141,0,0 '
Received from ('fd00::200:0:0:2', 8765, 0, 0): b' 2521,2,1,512,10,520,6,1,6,1,1,-88,1,934,13746,166,1,7 '
Received from ('fd00::200:0:0:6', 8765, 0, 0): b' 2521,6,2,768,10,497,2,13,7,1,1,-52,0,524,5306,118,0,0 '
Received from ('fd00::200:0:0:13', 8765, 0, 0): b' 2523,19,16,1536,0,560,4,4,7,1,1,-70,0,885,8697,154,0,0 '
Received from ('fd00::200:0:0:9', 8765, 0, 0): b' 2522,9,4,768,0,481,8,14,6,1,4,-70,0,702,9795,118,0,0 '
Received from ('fd00::200:0:0:4', 8765, 0, 0): b' 2523,4,1,512,0,529,6,3,7,2,1,-66,10,3227,20322,166,1,7 '
Received from ('fd00::200:0:0:10', 8765, 0, 0): b' 2523,16,13,1280,0,520,4,7,7,1,1,-70,2,1193,12168,157,0,0 '
Received from ('fd00::200:0:0:5', 8765, 0, 0): b' 2523,5,4,768,0,567,6,1,6,1,1,-52,0,384,5716,166,0,0 '
Received from ('fd00::200:0:0:1', 5678, 0, 0): b' 2524,1,0,256,0,8,0,0,4,0,0,0,10,1281,12399,3039,0,0 '
Received from ('fd00::200:0:0:e', 8765, 0, 0): b' 2525,14,11,1280,0,535,3,3,7,1,1,-70,0,932,11530,156,0,0 '
Received from ('fd00::200:0:0:14', 8765, 0, 0): b' 2525,20,16,1536,0,534,5,5,7,1,1,-52,0,573,7667,151,0,0 '
Received from ('fd00::200:0:0:c', 8765, 0, 0): b' 2523,12,8,1024,0,485,7,17,7,1,3,-52,0,647,6509,118,0,0 '
Received from ('fd00::200:0:0:8', 8765, 0, 0): b' 2525,8,4,768,20,499,4,11,7,1,1,-52,9,2081,12973,163,1,7 '
Received from ('fd00::200:0:0:6', 8765, 0, 0): b' 2525,6,2,768,0,498,2,13,7,1,1,-52,0,385,4473,118,0,0 '
Received from ('fd00::200:0:0:a', 8765, 0, 0): b' 2525,10,7,1024,10,509,4,5,7,1,1,-70,2,1310,11685,163,0,0 '
Received from ('fd00::200:0:0:b', 8765, 0, 0): b' 2525,11,8,1024,0,528,5,8,7,1,2,-70,1,1617,19106,157,0,0 '
Received from ('fd00::200:0:0:d', 8765, 0, 0): b' 2527,13,8,1024,0,460,4,4,7,1,1,-70,5,2281,21197,160,0,0 '
Received from ('fd00::200:0:0:10', 8765, 0, 0): b' 2528,16,13,1280,0,521,4,7,7,1,1,-70,2,938,9780,157,0,0 '
Received from ('fd00::200:0:0:12', 8765, 0, 0): b' 2527,18,15,1536,0,533,4,4,5,1,1,-70,0,718,10401,157,0,0 '
Received from ('fd00::200:0:0:3', 8765, 0, 0): b' 2528,3,1,512,0,531,6,3,7,1,1,-64,4,2523,19932,167,1,7 '
Received from ('fd00::200:0:0:11', 8765, 0, 0): b' 2528,17,13,1280,0,491,10,5,7,1,3,-52,1,1348,14927,150,0,0 '
Received from ('fd00::200:0:0:9', 8765, 0, 0): b' 2529,9,4,768,0,484,8,14,6,1,4,-70,0,598,6283,118,0,0 '
Received from ('fd00::200:0:0:7', 8765, 0, 0): b' 2529,7,3,768,10,538,5,5,7,1,1,-52,3,1756,17560,165,1,7 '
Received from ('fd00::200:0:0:4', 8765, 0, 0): b' 2530,4,1,512,10,530,6,3,7,2,1,-66,10,3397,19541,166,1,7 '
Received from ('fd00::200:0:0:e', 8765, 0, 0): b' 2528,14,11,1280,10,537,3,3,7,1,1,-70,0,495,5496,157,0,0 '
Received from ('fd00::200:0:0:f', 8765, 0, 0): b' 2528,15,10,1280,10,526,5,12,7,1,2,-70,1,904,10557,156,0,0 '
Received from ('fd00::200:0:0:15', 8765, 0, 0): b' 2530,21,17,1536,0,519,3,7,5,1,1,-52,0,673,8419,142,0,0 '
Received from ('fd00::200:0:0:a', 8765, 0, 0): b' 2529,10,7,1024,0,510,4,5,7,1,1,-70,2,801,8081,163,0,0 '
Received from ('fd00::200:0:0:8', 8765, 0, 0): b' 2530,8,4,768,10,501,4,11,7,1,1,-52,9,2116,14567,163,1,7 '
Received from ('fd00::200:0:0:c', 8765, 0, 0): b' 2529,12,8,1024,0,486,7,17,7,1,3,-52,0,386,5808,118,0,0 '
Received from ('fd00::200:0:0:5', 8765, 0, 0): b' 2531,5,4,768,10,570,6,1,6,1,1,-52,0,574,8869,167,0,0 '
Received from ('fd00::200:0:0:13', 8765, 0, 0): b' 2532,19,16,1536,0,563,4,4,7,1,1,-70,0,542,9213,154,0,0 '
Received from ('fd00::200:0:0:2', 8765, 0, 0): b' 2532,2,1,512,0,523,6,1,6,1,1,-88,1,1646,18157,167,1,7 '
Received from ('fd00::200:0:0:3', 8765, 0, 0): b' 2532,3,1,512,0,532,6,3,7,1,1,-64,4,1028,8330,167,1,7 '
Received from ('fd00::200:0:0:14', 8765, 0, 0): b' 2532,20,16,1536,10,538,5,5,7,1,1,-52,0,721,7565,151,0,0 '
Received from ('fd00::200:0:0:6', 8765, 0, 0): b' 2535,6,2,768,0,501,2,13,7,1,1,-52,0,775,9528,119,0,0 '
Received from ('fd00::200:0:0:c', 8765, 0, 0): b' 2533,12,8,1024,20,487,7,17,7,1,3,-52,0,311,4051,119,0,0 '
Received from ('fd00::200:0:0:7', 8765, 0, 0): b' 2536,7,3,768,0,543,5,5,7,1,1,-52,3,1555,11286,165,1,7 '
Received from ('fd00::200:0:0:1', 5678, 0, 0): b' 2536,1,0,256,0,8,0,0,4,0,0,0,10,2509,27537,3053,0,0 '
Received from ('fd00::200:0:0:9', 8765, 0, 0): b' 2535,9,4,768,0,486,8,14,6,1,4,-70,0,644,6604,119,0,0 '
Received from ('fd00::200:0:0:d', 8765, 0, 0): b' 2536,13,8,1024,0,463,4,4,7,1,1,-70,5,2099,18475,160,0,0 '
Received from ('fd00::200:0:0:5', 8765, 0, 0): b' 2537,5,4,768,0,571,6,1,6,1,1,-52,0,491,7605,167,0,0 '
Received from ('fd00::200:0:0:b', 8765, 0, 0): b' 2536,11,8,1024,0,531,5,8,7,1,2,-70,1,1212,16879,158,0,0 '
Received from ('fd00::200:0:0:e', 8765, 0, 0): b' 2536,14,11,1280,0,537,3,3,7,1,1,-70,0,360,7470,157,0,0 '
Received from ('fd00::200:0:0:3', 8765, 0, 0): b' 2537,3,1,512,0,535,6,3,7,1,1,-64,4,1267,9244,167,1,7 '
Received from ('fd00::200:0:0:a', 8765, 0, 0): b' 2537,10,7,1024,0,514,4,5,7,1,1,-70,2,1239,12709,164,0,0 '
Received from ('fd00::200:0:0:f', 8765, 0, 0): b' 2538,15,10,1280,10,527,5,12,7,1,2,-70,1,987,12831,157,0,0 '
Received from ('fd00::200:0:0:6', 8765, 0, 0): b' 2540,6,2,768,0,502,2,13,7,1,1,-52,0,287,4499,119,0,0 '
Received from ('fd00::200:0:0:10', 8765, 0, 0): b' 2540,16,13,1280,0,524,4,7,7,1,1,-70,2,1868,22120,158,0,0 '
Received from ('fd00::200:0:0:4', 8765, 0, 0): b' 2540,4,1,512,10,534,6,3,7,2,1,-66,10,4757,28970,167,1,7 '
Received from ('fd00::200:0:0:11', 8765, 0, 0): b' 2540,17,13,1280,0,494,10,5,7,1,3,-52,1,1378,15398,151,0,0 '
Received from ('fd00::200:0:0:12', 8765, 0, 0): b' 2539,18,15,1536,0,535,4,4,5,1,1,-70,0,719,10942,158,0,0 '
Received from ('fd00::200:0:0:13', 8765, 0, 0): b' 2540,19,16,1536,0,565,4,4,7,1,1,-70,0,670,7838,155,0,0 '
Received from ('fd00::200:0:0:8', 8765, 0, 0): b' 2541,8,4,768,0,504,4,11,7,1,1,-52,9,3943,27163,164,1,7 '
Received from ('fd00::200:0:0:15', 8765, 0, 0): b' 2541,21,17,1536,10,524,3,7,5,1,1,-52,0,932,10440,143,0,0 '
Received from ('fd00::200:0:0:7', 8765, 0, 0): b' 2542,7,3,768,0,545,5,5,7,1,1,-52,3,1459,11334,166,1,7 '
Received from ('fd00::200:0:0:14', 8765, 0, 0): b' 2543,20,16,1536,0,541,5,5,7,1,1,-52,0,909,10383,152,0,0 '
Received from ('fd00::200:0:0:1', 5678, 0, 0): b' 2543,1,0,256,0,8,0,0,4,0,0,0,10,1886,17653,3064,0,0 '
Received from ('fd00::200:0:0:2', 8765, 0, 0): b' 2544,2,1,512,0,526,6,1,6,1,1,-88,1,1559,18311,168,1,7 '
Received from ('fd00::200:0:0:3', 8765, 0, 0): b' 2543,3,1,512,0,537,6,3,7,1,1,-64,4,1617,11728,168,1,7 '
Received from ('fd00::200:0:0:10', 8765, 0, 0): b' 2545,16,13,1280,0,526,4,7,7,1,1,-70,2,966,9741,158,0,0 '
Received from ('fd00::200:0:0:c', 8765, 0, 0): b' 2544,12,8,1024,10,489,7,18,7,1,3,-52,0,570,9710,119,0,0 '
Received from ('fd00::200:0:0:4', 8765, 0, 0): b' 2546,4,1,512,0,534,6,3,7,2,1,-66,10,2298,15276,167,1,7 '
Received from ('fd00::200:0:0:9', 8765, 0, 0): b' 2546,9,4,768,0,490,8,14,6,1,4,-70,0,753,10134,119,0,0 '
Received from ('fd00::200:0:0:d', 8765, 0, 0): b' 2546,13,8,1024,0,463,4,4,7,1,1,-70,5,2049,18814,161,0,0 '
Received from ('fd00::200:0:0:5', 8765, 0, 0): b' 2546,5,4,768,0,571,6,1,6,1,1,-52,0,505,11367,168,0,0 '
Received from ('fd00::200:0:0:f', 8765, 0, 0): b' 2546,15,10,1280,0,527,5,12,7,1,2,-70,1,652,9404,158,0,0 '
Received from ('fd00::200:0:0:b', 8765, 0, 0): b' 2547,11,8,1024,0,533,5,8,7,1,2,-70,1,1053,15763,158,0,0 '
Received from ('fd00::200:0:0:a', 8765, 0, 0): b' 2548,10,7,1024,0,515,4,5,7,1,1,-70,2,1326,16795,164,0,0 '
Received from ('fd00::200:0:0:8', 8765, 0, 0): b' 2549,8,4,768,0,507,4,11,7,1,1,-52,9,2576,19206,164,1,7 '
Received from ('fd00::200:0:0:2', 8765, 0, 0): b' 2549,2,1,512,0,527,6,1,6,1,1,-88,1,469,8707,168,1,7 '
Received from ('fd00::200:0:0:e', 8765, 0, 0): b' 2548,14,11,1280,0,541,3,3,7,1,1,-70,0,1029,11341,158,0,0 '
Received from ('fd00::200:0:0:14', 8765, 0, 0): b' 2549,20,16,1536,10,545,5,5,7,1,1,-52,0,601,6201,152,0,0 '
Received from ('fd00::200:0:0:9', 8765, 0, 0): b' 2551,9,4,768,0,491,8,14,6,1,4,-70,0,361,3793,119,0,0 '
Received from ('fd00::200:0:0:11', 8765, 0, 0): b' 2550,17,13,1280,0,495,10,5,7,1,3,-52,1,993,13129,152,0,0 '
Received from ('fd00::200:0:0:6', 8765, 0, 0): b' 2551,6,2,768,0,504,2,13,7,1,1,-52,0,692,10517,120,0,0 '
Received from ('fd00::200:0:0:d', 8765, 0, 0): b' 2551,13,8,1024,0,464,4,4,7,1,1,-70,5,1079,9562,161,0,0 '
Received from ('fd00::200:0:0:1', 5678, 0, 0): b' 2551,1,0,256,0,8,0,0,4,0,0,0,10,1433,18354,3073,0,0 '
Received from ('fd00::200:0:0:c', 8765, 0, 0): b' 2550,12,8,1024,0,490,7,19,7,1,3,-52,0,471,5720,120,0,0 '
Received from ('fd00::200:0:0:12', 8765, 0, 0): b' 2550,18,15,1536,10,537,4,4,5,1,1,-70,0,695,10802,159,0,0 '
Received from ('fd00::200:0:0:10', 8765, 0, 0): b' 2552,16,13,1280,20,527,4,7,7,1,1,-70,2,1106,13450,159,0,0 '
Received from ('fd00::200:0:0:7', 8765, 0, 0): b' 2552,7,3,768,0,548,5,5,7,1,1,-52,3,1839,17394,166,1,7 '
Received from ('fd00::200:0:0:13', 8765, 0, 0): b' 2551,19,16,1536,10,570,4,4,7,1,1,-70,0,1015,10859,156,0,0 '
Received from ('fd00::200:0:0:8', 8765, 0, 0): b' 2554,8,4,768,30,508,4,11,7,1,1,-52,9,2401,13186,165,1,7 '
Received from ('fd00::200:0:0:4', 8765, 0, 0): b' 2554,4,1,512,20,535,6,3,7,2,1,-66,10,4356,24547,168,1,7 '
Received from ('fd00::200:0:0:15', 8765, 0, 0): b' 2551,21,17,1536,10,528,3,7,5,1,1,-52,0,855,10355,143,0,0 '
Received from ('fd00::200:0:0:e', 8765, 0, 0): b' 2554,14,11,1280,0,543,3,3,7,1,1,-70,0,496,5468,158,0,0 '
Received from ('fd00::200:0:0:2', 8765, 0, 0): b' 2556,2,1,512,0,528,6,1,6,1,1,-88,1,900,10664,168,1,7 '
Received from ('fd00::200:0:0:9', 8765, 0, 0): b' 2556,9,4,768,0,494,8,14,6,1,4,-70,0,654,6162,120,0,0 '
Received from ('fd00::200:0:0:5', 8765, 0, 0): b' 2555,5,4,768,20,574,6,1,6,1,1,-52,0,719,10960,169,0,0 '
Received from ('fd00::200:0:0:3', 8765, 0, 0): b' 2555,3,1,512,0,539,6,3,7,1,1,-64,4,2113,20476,169,1,7 '
Received from ('fd00::200:0:0:11', 8765, 0, 0): b' 2557,17,13,1280,0,495,10,5,7,1,3,-52,1,722,8337,152,0,0 '
Received from ('fd00::200:0:0:6', 8765, 0, 0): b' 2557,6,2,768,10,507,2,13,7,1,1,-52,0,589,6169,120,0,0 '
Received from ('fd00::200:0:0:7', 8765, 0, 0): b' 2556,7,3,768,10,548,5,5,7,1,1,-52,3,423,6475,167,1,7 '
Received from ('fd00::200:0:0:f', 8765, 0, 0): b' 2556,15,10,1280,0,529,5,12,7,1,2,-70,1,1288,12841,158,0,0 '
Received from ('fd00::200:0:0:1', 5678, 0, 0): b' 2558,1,0,256,0,8,0,0,4,0,0,0,10,1784,16995,3084,0,0 '
Received from ('fd00::200:0:0:10', 8765, 0, 0): b' 2558,16,13,1280,0,529,4,7,7,1,1,-70,2,1116,12340,159,0,0 '
Received from ('fd00::200:0:0:a', 8765, 0, 0): b' 2558,10,7,1024,0,516,4,5,7,1,1,-70,2,1206,15956,165,0,0 '
Received from ('fd00::200:0:0:b', 8765, 0, 0): b' 2558,11,8,1024,0,535,5,8,7,1,2,-70,1,1269,16963,159,0,0 '
Received from ('fd00::200:0:0:13', 8765, 0, 0): b' 2559,19,16,1536,0,570,4,4,7,1,1,-70,0,307,6691,156,0,0 '
Received from ('fd00::200:0:0:c', 8765, 0, 0): b' 2559,12,8,1024,0,493,7,19,7,1,3,-52,0,745,8710,120,0,0 '
Received from ('fd00::200:0:0:12', 8765, 0, 0): b' 2558,18,15,1536,10,539,4,4,5,1,1,-70,0,520,7382,159,0,0 '
Received from ('fd00::200:0:0:15', 8765, 0, 0): b' 2559,21,17,1536,0,532,3,7,5,1,1,-52,0,790,8015,144,0,0 '
Received from ('fd00::200:0:0:4', 8765, 0, 0): b' 2560,4,1,512,0,535,6,3,7,2,1,-66,10,2643,17243,168,1,7 '
Received from ('fd00::200:0:0:d', 8765, 0, 0): b' 2560,13,8,1024,0,469,4,4,7,1,1,-70,5,2799,20564,162,0,0 '
Received from ('fd00::200:0:0:2', 8765, 0, 0): b' 2561,2,1,512,0,528,6,1,6,1,1,-88,1,639,8409,169,1,7 '
Received from ('fd00::200:0:0:14', 8765, 0, 0): b' 2560,20,16,1536,0,549,5,5,7,1,1,-52,0,1041,11175,153,0,0 '
Received from ('fd00::200:0:0:11', 8765, 0, 0): b' 2561,17,13,1280,0,495,10,5,7,1,3,-52,1,544,5485,153,0,0 '
Received from ('fd00::200:0:0:5', 8765, 0, 0): b' 2562,5,4,768,10,577,6,1,6,1,1,-52,0,600,8280,169,0,0 '
Received from ('fd00::200:0:0:7', 8765, 0, 0): b' 2562,7,3,768,0,549,5,5,7,1,1,-52,3,1097,9912,167,1,7 '
Received from ('fd00::200:0:0:a', 8765, 0, 0): b' 2562,10,7,1024,20,517,4,5,7,1,1,-70,2,582,6806,165,0,0 '
Received from ('fd00::200:0:0:e', 8765, 0, 0): b' 2561,14,11,1280,10,547,3,3,7,1,1,-70,0,680,8041,159,0,0 '
Received from ('fd00::200:0:0:1', 5678, 0, 0): b' 2564,1,0,256,0,8,0,0,4,0,0,0,10,974,12450,3088,0,0 '
Received from ('fd00::200:0:0:c', 8765, 0, 0): b' 2563,12,8,1024,0,494,7,19,7,1,3,-52,0,321,4396,121,0,0 '
Received from ('fd00::200:0:0:12', 8765, 0, 0): b' 2563,18,15,1536,0,541,4,4,5,1,1,-70,0,494,4511,159,0,0 '
Received from ('fd00::200:0:0:8', 8765, 0, 0): b' 2563,8,4,768,10,511,4,11,7,1,1,-52,9,4144,28435,165,1,7 '
Received from ('fd00::200:0:0:3', 8765, 0, 0): b' 2565,3,1,512,0,542,6,3,7,1,1,-64,4,2266,17467,169,1,7 '
Received from ('fd00::200:0:0:b', 8765, 0, 0): b' 2564,11,8,1024,0,536,5,8,7,1,2,-70,1,799,9715,159,0,0 '
Received from ('fd00::200:0:0:d', 8765, 0, 0): b' 2565,13,8,1024,0,472,4,4,7,1,1,-70,5,1219,10670,162,0,0 '
Received from ('fd00::200:0:0:4', 8765, 0, 0): b' 2567,4,1,512,0,536,6,3,7,2,1,-66,10,2950,17845,168,1,7 '
Received from ('fd00::200:0:0:10', 8765, 0, 0): b' 2566,16,13,1280,10,531,4,7,7,1,1,-70,2,1389,16657,160,0,0 '
Received from ('fd00::200:0:0:9', 8765, 0, 0): b' 2567,9,4,768,0,496,8,14,6,1,4,-70,0,716,11036,121,0,0 '
Received from ('fd00::200:0:0:11', 8765, 0, 0): b' 2567,17,13,1280,0,496,10,5,7,1,3,-52,1,552,8309,153,0,0 '
Received from ('fd00::200:0:0:6', 8765, 0, 0): b' 2569,6,2,768,0,512,2,13,7,1,1,-52,0,1145,11602,121,0,0 '
Received from ('fd00::200:0:0:f', 8765, 0, 0): b' 2567,15,10,1280,0,530,5,12,7,1,2,-70,1,1285,15318,159,0,0 '
Received from ('fd00::200:0:0:2', 8765, 0, 0): b' 2570,2,1,512,0,528,6,1,6,1,1,-88,1,969,13079,169,1,7 '
Received from ('fd00::200:0:0:12', 8765, 0, 0): b' 2569,18,15,1536,0,542,4,4,5,1,1,-70,0,442,5773,160,0,0 '
Received from ('fd00::200:0:0:a', 8765, 0, 0): b' 2569,10,7,1024,0,519,4,5,7,1,1,-70,2,1361,11547,166,0,0 '
Received from ('fd00::200:0:0:13', 8765, 0, 0): b' 2569,19,16,1536,0,574,4,4,7,1,1,-70,0,932,11137,157,0,0 '
Received from ('fd00::200:0:0:15', 8765, 0, 0): b' 2569,21,17,1536,0,534,3,7,5,1,1,-52,0,694,9423,145,0,0 '
Received from ('fd00::200:0:0:1', 5678, 0, 0): b' 2571,1,0,256,0,8,0,0,4,0,0,0,10,1754,17262,3101,0,0 '
Received from ('fd00::200:0:0:8', 8765, 0, 0): b' 2571,8,4,768,20,515,4,11,7,1,1,-52,9,3057,20264,166,1,7 '
Received from ('fd00::200:0:0:c', 8765, 0, 0): b' 2570,12,8,1024,10,498,7,19,7,1,3,-52,0,791,8233,121,0,0 '
Received from ('fd00::200:0:0:e', 8765, 0, 0): b' 2570,14,11,1280,0,550,3,3,7,1,1,-70,0,829,8407,159,0,0 '
Received from ('fd00::200:0:0:6', 8765, 0, 0): b' 2573,6,2,768,0,513,2,13,7,1,1,-52,0,265,4547,121,0,0 '
Received from ('fd00::200:0:0:5', 8765, 0, 0): b' 2573,5,4,768,0,579,6,1,6,1,1,-52,0,897,13610,170,0,0 '
Received from ('fd00::200:0:0:9', 8765, 0, 0): b' 2573,9,4,768,0,496,8,14,6,1,4,-70,0,278,5129,121,0,0 '
Received from ('fd00::200:0:0:14', 8765, 0, 0): b' 2571,20,16,1536,0,553,5,5,7,1,1,-52,0,935,11324,154,0,0 '
Received from ('fd00::200:0:0:7', 8765, 0, 0): b' 2573,7,3,768,0,551,5,5,7,1,1,-52,3,2156,20506,168,1,7 '
Received from ('fd00::200:0:0:10', 8765, 0, 0): b' 2573,16,13,1280,10,531,4,7,7,1,1,-70,2,983,12239,160,0,0 '
Received from ('fd00::200:0:0:d', 8765, 0, 0): b' 2574,13,8,1024,10,474,4,4,7,1,1,-70,5,2511,20901,163,0,0 '
Received from ('fd00::200:0:0:f', 8765, 0, 0): b' 2574,15,10,1280,10,531,5,12,7,1,2,-70,1,706,9115,160,0,0 '
Received from ('fd00::200:0:0:12', 8765, 0, 0): b' 2575,18,15,1536,0,542,4,4,5,1,1,-70,0,279,5360,160,0,0 '
Received from ('fd00::200:0:0:b', 8765, 0, 0): b' 2576,11,8,1024,0,541,5,8,7,1,2,-70,1,1592,19064,160,0,0 '
Received from ('fd00::200:0:0:4', 8765, 0, 0): b' 2577,4,1,512,10,539,6,3,7,2,1,-66,10,4698,29084,169,1,7 '
Received from ('fd00::200:0:0:e', 8765, 0, 0): b' 2575,14,11,1280,0,551,3,3,7,1,1,-70,0,418,4626,160,0,0 '
Received from ('fd00::200:0:0:3', 8765, 0, 0): b' 2576,3,1,512,0,545,6,3,7,1,1,-64,4,2577,20738,170,1,7 '
Received from ('fd00::200:0:0:a', 8765, 0, 0): b' 2575,10,7,1024,0,520,4,5,7,1,1,-70,2,994,11791,166,0,0 '
Received from ('fd00::200:0:0:2', 8765, 0, 0): b' 2578,2,1,512,0,531,6,1,6,1,1,-88,1,1224,13762,170,1,7 '
Received from ('fd00::200:0:0:6', 8765, 0, 0): b' 2578,6,2,768,10,515,2,13,7,1,1,-52,0,384,5093,121,0,0 '
Received from ('fd00::200:0:0:7', 8765, 0, 0): b' 2578,7,3,768,0,551,5,5,7,1,1,-52,3,1087,8384,168,1,7 '
Received from ('fd00::200:0:0:14', 8765, 0, 0): b' 2578,20,16,1536,0,555,5,5,7,1,1,-52,0,494,6319,154,0,0 '
Received from ('fd00::200:0:0:9', 8765, 0, 0): b' 2579,9,4,768,0,496,8,14,6,1,4,-70,0,374,5717,121,0,0 '
Received from ('fd00::200:0:0:11', 8765, 0, 0): b' 2579,17,13,1280,0,499,10,5,7,1,3,-52,1,1400,15453,154,0,0 '
Received from ('fd00::200:0:0:c', 8765, 0, 0): b' 2579,12,8,1024,0,499,7,19,7,1,3,-52,0,574,8286,122,0,0 '
Received from ('fd00::200:0:0:13', 8765, 0, 0): b' 2578,19,16,1536,20,576,4,4,7,1,1,-70,0,508,8205,157,0,0 '
Received from ('fd00::200:0:0:1', 5678, 0, 0): b' 2580,1,0,256,0,8,0,0,4,0,0,0,10,2092,22318,3111,0,0 '
Received from ('fd00::200:0:0:10', 8765, 0, 0): b' 2579,16,13,1280,0,532,4,7,7,1,1,-70,2,1200,13412,161,0,0 '
Received from ('fd00::200:0:0:15', 8765, 0, 0): b' 2582,21,17,1536,0,537,4,7,5,1,1,-52,0,849,11253,145,0,0 '
Received from ('fd00::200:0:0:8', 8765, 0, 0): b' 2582,8,4,768,10,519,4,11,7,1,1,-52,9,4416,29085,167,1,7 '
Received from ('fd00::200:0:0:5', 8765, 0, 0): b' 2583,5,4,768,0,580,6,1,6,1,1,-52,0,432,11323,170,0,0 '
Received from ('fd00::200:0:0:4', 8765, 0, 0): b' 2583,4,1,512,0,541,6,3,7,2,1,-66,10,3067,17695,169,1,7 '
Received from ('fd00::200:0:0:9', 8765, 0, 0): b' 2585,9,4,768,0,500,8,14,6,1,4,-70,0,640,5709,122,0,0 '
Received from ('fd00::200:0:0:d', 8765, 0, 0): b' 2585,13,8,1024,0,478,4,4,7,1,1,-70,5,2367,19838,163,0,0 '
Received from ('fd00::200:0:0:f', 8765, 0, 0): b' 2584,15,10,1280,0,533,5,12,7,1,2,-70,1,1022,12023,160,0,0 '
Received from ('fd00::200:0:0:13', 8765, 0, 0): b' 2584,19,16,1536,10,578,4,4,7,1,1,-70,0,657,6036,158,0,0 '
Received from ('fd00::200:0:0:6', 8765, 0, 0): b' 2585,6,2,768,10,517,2,13,7,1,1,-52,0,752,7749,122,0,0 '
Received from ('fd00::200:0:0:11', 8765, 0, 0): b' 2586,17,13,1280,0,500,10,5,7,1,3,-52,1,773,8120,154,0,0 '
Received from ('fd00::200:0:0:12', 8765, 0, 0): b' 2585,18,15,1536,0,543,4,4,5,1,1,-70,0,587,9750,161,0,0 '
Received from ('fd00::200:0:0:b', 8765, 0, 0): b' 2588,11,8,1024,10,542,5,8,7,1,2,-70,1,1012,16142,161,0,0 '
Received from ('fd00::200:0:0:2', 8765, 0, 0): b' 2587,2,1,512,0,531,6,1,6,1,1,-88,1,1114,13757,170,1,7 '
Received from ('fd00::200:0:0:4', 8765, 0, 0): b' 2587,4,1,512,0,541,6,3,7,2,1,-66,10,2103,12570,170,1,7 '
Received from ('fd00::200:0:0:e', 8765, 0, 0): b' 2587,14,11,1280,0,553,3,3,7,1,1,-70,0,541,9113,160,0,0 '
Received from ('fd00::200:0:0:a', 8765, 0, 0): b' 2585,10,7,1024,0,523,4,5,7,1,1,-70,2,1418,16002,167,0,0 '
Received from ('fd00::200:0:0:8', 8765, 0, 0): b' 2588,8,4,768,20,520,4,11,7,1,1,-52,9,2313,15604,167,1,7 '
Received from ('fd00::200:0:0:3', 8765, 0, 0): b' 2588,3,1,512,20,548,6,3,7,1,1,-64,4,2264,20160,171,1,7 '
Received from ('fd00::200:0:0:10', 8765, 0, 0): b' 2587,16,13,1280,0,533,4,7,7,1,1,-70,2,1142,14088,161,0,0 '
Received from ('fd00::200:0:0:c', 8765, 0, 0): b' 2588,12,8,1024,0,502,7,19,7,1,3,-52,0,721,8449,122,0,0 '
Received from ('fd00::200:0:0:14', 8765, 0, 0): b' 2587,20,16,1536,0,560,5,5,7,1,1,-52,0,908,9079,155,0,0 '
Received from ('fd00::200:0:0:5', 8765, 0, 0): b' 2589,5,4,768,0,582,6,1,6,1,1,-52,0,672,7836,171,0,0 '
Received from ('fd00::200:0:0:7', 8765, 0, 0): b' 2587,7,3,768,0,553,5,5,7,1,1,-52,3,1753,16712,169,1,7 '
Received from ('fd00::200:0:0:15', 8765, 0, 0): b' 2589,21,17,1536,0,539,4,7,5,1,1,-52,0,574,6977,146,0,0 '
Received from ('fd00::200:0:0:6', 8765, 0, 0): b' 2590,6,2,768,10,518,2,13,7,1,1,-52,0,361,3918,122,0,0 '
Received from ('fd00::200:0:0:d', 8765, 0, 0): b' 2589,13,8,1024,10,478,4,4,7,1,1,-70,5,1430,10420,164,0,0 '
Received from ('fd00::200:0:0:f', 8765, 0, 0): b' 2590,15,10,1280,0,535,5,12,7,1,2,-70,1,841,8111,161,0,0 '
Received from ('fd00::200:0:0:13', 8765, 0, 0): b' 2590,19,16,1536,0,580,4,4,7,1,1,-70,0,518,6177,158,0,0 '
Received from ('fd00::200:0:0:1', 5678, 0, 0): b' 2592,1,0,256,0,8,0,0,4,0,0,0,10,2615,28004,3128,0,0 '
Received from ('fd00::200:0:0:9', 8765, 0, 0): b' 2593,9,4,768,0,505,8,14,6,1,4,-70,0,933,8274,122,0,0 '
Received from ('fd00::200:0:0:b', 8765, 0, 0): b' 2592,11,8,1024,10,543,5,8,7,1,2,-70,1,662,8305,161,0,0 '
Received from ('fd00::200:0:0:a', 8765, 0, 0): b' 2591,10,7,1024,10,525,4,5,7,1,1,-70,2,904,10019,167,0,0 '
Received from ('fd00::200:0:0:12', 8765, 0, 0): b' 2593,18,15,1536,10,546,4,4,5,1,1,-70,0,753,7297,162,0,0 '
Received from ('fd00::200:0:0:e', 8765, 0, 0): b' 2596,14,11,1280,0,556,3,3,7,1,1,-70,0,777,8201,161,0,0 '
Received from ('fd00::200:0:0:2', 8765, 0, 0): b' 2596,2,1,512,0,534,6,1,6,1,1,-88,1,1128,13338,171,1,7 '
Received from ('fd00::200:0:0:4', 8765, 0, 0): b' 2596,4,1,512,30,546,6,3,7,2,1,-66,10,4519,25691,170,1,7 '
Received from ('fd00::200:0:0:11', 8765, 0, 0): b' 2595,17,13,1280,0,505,10,5,7,1,3,-52,1,1417,14095,155,0,0 '
Received from ('fd00::200:0:0:14', 8765, 0, 0): b' 2595,20,16,1536,0,563,5,5,7,1,1,-52,0,834,8487,155,0,0 '
Received from ('fd00::200:0:0:15', 8765, 0, 0): b' 2597,21,17,1536,0,542,4,7,5,1,1,-52,0,721,7813,146,0,0 '
Received from ('fd00::200:0:0:5', 8765, 0, 0): b' 2597,5,4,768,0,585,7,1,6,1,1,-52,0,725,11536,171,0,0 '
Received from ('fd00::200:0:0:6', 8765, 0, 0): b' 2598,6,2,768,0,522,2,13,7,1,1,-52,0,810,9075,123,0,0 '
Received from ('fd00::200:0:0:3', 8765, 0, 0): b' 2598,3,1,512,20,550,6,3,7,1,1,-64,4,1950,17438,171,1,7 '
Received from ('fd00::200:0:0:c', 8765, 0, 0): b' 2598,12,8,1024,0,506,7,20,7,1,3,-52,0,936,10617,123,0,0 '
Received from ('fd00::200:0:0:7', 8765, 0, 0): b' 2598,7,3,768,0,553,5,5,7,1,1,-52,3,1523,16750,169,1,7 '
Received from ('fd00::200:0:0:13', 8765, 0, 0): b' 2597,19,16,1536,0,582,4,4,7,1,1,-70,0,549,7137,159,0,0 '
Received from ('fd00::200:0:0:f', 8765, 0, 0): b' 2598,15,10,1280,0,536,5,12,7,1,2,-70,1,948,10654,161,0,0 '
Received from ('fd00::200:0:0:10', 8765, 0, 0): b' 2597,16,13,1280,10,535,4,7,7,1,1,-70,2,1982,21675,162,0,0 '
Received from ('fd00::200:0:0:9', 8765, 0, 0): b' 2601,9,4,768,0,509,9,14,6,1,4,-70,0,865,8175,123,0,0 '
Received from ('fd00::200:0:0:8', 8765, 0, 0): b' 2600,8,4,768,10,523,5,11,7,1,1,-52,9,4809,31850,168,1,7 '
Received from ('fd00::200:0:0:b', 8765, 0, 0): b' 2599,11,8,1024,0,544,5,8,7,1,2,-70,1,810,11775,162,0,0 '
Received from ('fd00::200:0:0:d', 8765, 0, 0): b' 2599,13,8,1024,0,481,4,4,7,1,1,-70,5,2601,22786,164,0,0 '
Received from ('fd00::200:0:0:14', 8765, 0, 0): b' 2600,20,16,1536,0,564,5,5,7,1,1,-52,0,418,4771,156,0,0 '
Received from ('fd00::200:0:0:11', 8765, 0, 0): b' 2601,17,13,1280,0,506,10,5,7,1,3,-52,1,743,7372,155,0,0 '
Received from ('fd00::200:0:0:12', 8765, 0, 0): b' 2600,18,15,1536,0,548,4,4,5,1,1,-70,0,542,7878,162,0,0 '
Received from ('fd00::200:0:0:7', 8765, 0, 0): b' 2601,7,3,768,20,554,5,5,7,1,1,-52,3,873,7199,170,1,7 '
Received from ('fd00::200:0:0:4', 8765, 0, 0): b' 2603,4,1,512,0,548,6,3,7,2,1,-66,10,3986,20981,171,1,7 '
Received from ('fd00::200:0:0:a', 8765, 0, 0): b' 2601,10,7,1024,0,525,4,5,7,1,1,-70,2,1161,14131,168,0,0 '
Received from ('fd00::200:0:0:1', 5678, 0, 0): b' 2603,1,0,256,0,8,0,0,4,0,0,0,10,2871,28652,3145,0,0 '
Received from ('fd00::200:0:0:f', 8765, 0, 0): b' 2602,15,10,1280,10,536,5,12,7,1,2,-70,1,449,5311,162,0,0 '
Received from ('fd00::200:0:0:d', 8765, 0, 0): b' 2604,13,8,1024,0,481,4,4,7,1,1,-70,5,927,8509,165,0,0 '
Received from ('fd00::200:0:0:3', 8765, 0, 0): b' 2604,3,1,512,10,551,6,3,7,1,1,-64,4,1768,12103,172,1,7 '
Received from ('fd00::200:0:0:6', 8765, 0, 0): b' 2605,6,2,768,0,523,2,13,7,1,1,-52,0,384,6716,123,0,0 '
Received from ('fd00::200:0:0:12', 8765, 0, 0): b' 2604,18,15,1536,0,548,4,4,5,1,1,-70,0,255,3708,162,0,0 '
Received from ('fd00::200:0:0:e', 8765, 0, 0): b' 2605,14,11,1280,0,557,3,3,7,1,1,-70,0,611,10311,162,0,0 '
Received from ('fd00::200:0:0:2', 8765, 0, 0): b' 2606,2,1,512,0,538,6,1,6,1,1,-88,1,1787,17602,172,1,7 '
Received from ('fd00::200:0:0:15', 8765, 0, 0): b' 2604,21,17,1536,0,544,4,7,5,1,1,-52,0,573,8471,147,0,0 '
Received from ('fd00::200:0:0:9', 8765, 0, 0): b' 2607,9,4,768,0,512,9,14,6,1,4,-70,0,622,6931,123,0,0 '
Received from ('fd00::200:0:0:14', 8765, 0, 0): b' 2606,20,16,1536,0,565,5,5,7,1,1,-52,0,386,5638,156,0,0 '
Received from ('fd00::200:0:0:c', 8765, 0, 0): b' 2606,12,8,1024,0,509,7,20,7,1,3,-52,0,802,8655,124,0,0 '
Received from ('fd00::200:0:0:b', 8765, 0, 0): b' 2607,11,8,1024,0,546,5,8,7,1,2,-70,1,997,12467,162,0,0 '
Received from ('fd00::200:0:0:8', 8765, 0, 0): b' 2609,8,4,768,10,525,5,11,7,1,1,-52,9,3468,23846,169,1,7 '
Received from ('fd00::200:0:0:10', 8765, 0, 0): b' 2607,16,13,1280,20,538,4,7,7,1,1,-70,2,1548,19446,163,0,0 '
Received from ('fd00::200:0:0:5', 8765, 0, 0): b' 2609,5,4,768,10,590,7,1,6,1,1,-52,0,1111,14977,172,0,0 '
Received from ('fd00::200:0:0:a', 8765, 0, 0): b' 2609,10,7,1024,0,525,4,5,7,1,1,-70,2,928,12433,168,0,0 '
Received from ('fd00::200:0:0:13', 8765, 0, 0): b' 2608,19,16,1536,0,583,4,4,7,1,1,-70,0,555,10078,159,0,0 '
Received from ('fd00::200:0:0:f', 8765, 0, 0): b' 2610,15,10,1280,0,537,5,12,7,1,2,-70,1,835,9873,162,0,0 '
Received from ('fd00::200:0:0:11', 8765, 0, 0): b' 2610,17,13,1280,0,510,10,5,7,1,3,-52,1,1310,12768,156,0,0 '
Received from ('fd00::200:0:0:12', 8765, 0, 0): b' 2610,18,15,1536,0,548,4,4,5,1,1,-70,0,335,5363,163,0,0 '
Received from ('fd00::200:0:0:9', 8765, 0, 0): b' 2612,9,4,768,0,513,9,14,6,1,4,-70,0,416,4796,124,0,0 '
Received from ('fd00::200:0:0:d', 8765, 0, 0): b' 2613,13,8,1024,0,484,4,4,7,1,1,-70,5,2072,17340,165,0,0 '
Received from ('fd00::200:0:0:1', 5678, 0, 0): b' 2614,1,0,256,0,8,0,0,4,0,0,0,10,2069,24633,3159,0,0 '
Received from ('fd00::200:0:0:4', 8765, 0, 0): b' 2614,4,1,512,0,550,6,3,7,2,1,-66,10,4752,31283,171,1,7 '
Received from ('fd00::200:0:0:15', 8765, 0, 0): b' 2613,21,17,1536,0,548,4,7,5,1,1,-52,0,884,8172,148,0,0 '
Received from ('fd00::200:0:0:7', 8765, 0, 0): b' 2613,7,3,768,0,555,5,5,7,1,1,-52,3,2190,19842,170,1,7 '
Received from ('fd00::200:0:0:5', 8765, 0, 0): b' 2614,5,4,768,0,592,7,1,6,1,1,-52,0,493,6339,172,0,0 '
Received from ('fd00::200:0:0:e', 8765, 0, 0): b' 2614,14,11,1280,0,559,3,3,7,1,1,-70,0,518,8115,162,0,0 '
Received from ('fd00::200:0:0:6', 8765, 0, 0): b' 2615,6,2,768,0,525,2,13,7,1,1,-52,0,716,10344,124,0,0 '
Received from ('fd00::200:0:0:14', 8765, 0, 0): b' 2614,20,16,1536,0,568,5,5,7,1,1,-52,0,777,7931,157,0,0 '
Received from ('fd00::200:0:0:2', 8765, 0, 0): b' 2616,2,1,512,0,540,6,1,6,1,1,-88,1,1181,14796,172,1,7 '
Received from ('fd00::200:0:0:3', 8765, 0, 0): b' 2616,3,1,512,10,553,6,3,7,1,1,-64,4,2222,19896,173,1,7 '
Received from ('fd00::200:0:0:b', 8765, 0, 0): b' 2616,11,8,1024,0,548,5,8,7,1,2,-70,1,941,13947,163,0,0 '
Received from ('fd00::200:0:0:11', 8765, 0, 0): b' 2616,17,13,1280,10,512,10,5,7,1,3,-52,1,775,7504,157,0,0 '
Received from ('fd00::200:0:0:f', 8765, 0, 0): b' 2617,15,10,1280,0,538,5,12,7,1,2,-70,1,727,8331,162,0,0 '
Received from ('fd00::200:0:0:7', 8765, 0, 0): b' 2619,7,3,768,10,556,5,5,7,1,1,-52,3,846,8601,171,1,7 '
Received from ('fd00::200:0:0:1', 5678, 0, 0): b' 2620,1,0,256,0,8,0,0,4,0,0,0,10,1407,14013,3167,0,0 '
Received from ('fd00::200:0:0:3', 8765, 0, 0): b' 2620,3,1,512,10,555,6,3,7,1,1,-64,4,1075,7639,173,1,7 '
Received from ('fd00::200:0:0:8', 8765, 0, 0): b' 2620,8,4,768,30,531,5,11,7,1,1,-52,9,4300,29511,169,1,7 '
Received from ('fd00::200:0:0:12', 8765, 0, 0): b' 2619,18,15,1536,0,552,4,4,5,1,1,-70,0,731,8300,163,0,0 '
Received from ('fd00::200:0:0:c', 8765, 0, 0): b' 2619,12,8,1024,0,511,7,20,7,1,3,-52,0,662,11169,124,0,0 '
Received from ('fd00::200:0:0:13', 8765, 0, 0): b' 2618,19,16,1536,0,587,4,4,7,1,1,-70,0,909,10403,160,0,0 '
Received from ('fd00::200:0:0:d', 8765, 0, 0): b' 2621,13,8,1024,0,488,4,4,7,1,1,-70,5,2003,15855,166,0,0 '
Received from ('fd00::200:0:0:a', 8765, 0, 0): b' 2622,10,7,1024,10,529,4,5,7,1,1,-70,2,1819,18716,169,0,0 '
Received from ('fd00::200:0:0:10', 8765, 0, 0): b' 2621,16,13,1280,20,541,4,7,7,1,1,-70,2,1892,22588,163,0,0 '
Received from ('fd00::200:0:0:14', 8765, 0, 0): b' 2620,20,16,1536,0,570,5,5,7,1,1,-52,0,517,6597,157,0,0 '
Received from ('fd00::200:0:0:2', 8765, 0, 0): b' 2623,2,1,512,10,542,6,1,6,1,1,-88,1,878,10805,173,1,7 '
Received from ('fd00::200:0:0:9', 8765, 0, 0): b' 2623,9,4,768,0,514,9,14,6,1,4,-70,0,553,10368,124,0,0 '
Received from ('fd00::200:0:0:b', 8765, 0, 0): b' 2623,11,8,1024,0,551,5,8,7,1,2,-70,1,833,10428,163,0,0 '
Received from ('fd00::200:0:0:5', 8765, 0, 0): b' 2623,5,4,768,0,596,7,1,6,1,1,-52,0,909,11334,173,0,0 '
Received from ('fd00::200:0:0:e', 8765, 0, 0): b' 2623,14,11,1280,0,561,3,3,7,1,1,-70,0,694,8763,163,0,0 '
Received from ('fd00::200:0:0:11', 8765, 0, 0): b' 2623,17,13,1280,0,514,10,5,7,1,3,-52,1,717,8138,157,0,0 '
Received from ('fd00::200:0:0:4', 8765, 0, 0): b' 2625,4,1,512,0,555,6,3,7,2,1,-66,10,5416,31566,172,1,7 '
Received from ('fd00::200:0:0:15', 8765, 0, 0): b' 2622,21,17,1536,10,552,4,7,5,1,1,-52,0,648,8917,148,0,0 '
Received from ('fd00::200:0:0:c', 8765, 0, 0): b' 2625,12,8,1024,0,512,7,20,7,1,3,-52,0,419,5517,125,0,0 '
Received from ('fd00::200:0:0:d', 8765, 0, 0): b' 2625,13,8,1024,10,489,4,4,7,1,1,-70,5,1236,9756,166,0,0 '
Received from ('fd00::200:0:0:13', 8765, 0, 0): b' 2626,19,16,1536,0,588,4,4,7,1,1,-70,0,387,5785,160,0,0 '
Received from ('fd00::200:0:0:a', 8765, 0, 0): b' 2627,10,7,1024,0,530,4,5,7,1,1,-70,2,623,8666,170,0,0 '
Received from ('fd00::200:0:0:6', 8765, 0, 0): b' 2627,6,2,768,0,530,2,13,7,1,1,-52,0,1014,11482,125,0,0 '
Received from ('fd00::200:0:0:f', 8765, 0, 0): b' 2626,15,10,1280,0,538,5,12,7,1,2,-70,1,974,13134,163,0,0 '
Received from ('fd00::200:0:0:12', 8765, 0, 0): b' 2626,18,15,1536,0,554,4,4,5,1,1,-70,0,670,7555,164,0,0 '
Received from ('fd00::200:0:0:15', 8765, 0, 0): b' 2629,21,17,1536,0,553,4,7,5,1,1,-52,0,647,5943,149,0,0 '
Received from ('fd00::200:0:0:3', 8765, 0, 0): b' 2629,3,1,512,0,556,6,3,7,1,1,-64,4,1922,16364,174,1,7 '
Received from ('fd00::200:0:0:8', 8765, 0, 0): b' 2630,8,4,768,0,532,5,11,7,1,1,-52,9,3877,25954,170,1,7 '
Received from ('fd00::200:0:0:1', 5678, 0, 0): b' 2631,1,0,256,0,8,0,0,4,0,0,0,10,2338,25472,3180,0,0 '
Received from ('fd00::200:0:0:9', 8765, 0, 0): b' 2631,9,4,768,10,514,9,14,6,1,4,-70,0,431,6765,125,0,0 '
Received from ('fd00::200:0:0:7', 8765, 0, 0): b' 2630,7,3,768,0,560,5,5,7,1,1,-52,3,2300,19997,171,1,7 '
Received from ('fd00::200:0:0:2', 8765, 0, 0): b' 2632,2,1,512,0,542,6,1,6,1,1,-88,1,968,13317,173,1,7 '
Received from ('fd00::200:0:0:b', 8765, 0, 0): b' 2632,11,8,1024,0,552,5,8,7,1,2,-70,1,1019,14165,164,0,0 '
Received from ('fd00::200:0:0:c', 8765, 0, 0): b' 2633,12,8,1024,0,513,7,20,7,1,3,-52,0,410,7002,125,0,0 '
Received from ('fd00::200:0:0:10', 8765, 0, 0): b' 2632,16,13,1280,0,543,4,7,7,1,1,-70,2,1732,20736,164,0,0 '
Received from ('fd00::200:0:0:5', 8765, 0, 0): b' 2634,5,4,768,0,601,7,1,6,1,1,-52,0,1041,12416,174,0,0 '
Received from ('fd00::200:0:0:3', 8765, 0, 0): b' 2633,3,1,512,10,558,6,3,7,1,1,-64,4,1040,7383,174,1,7 '
Received from ('fd00::200:0:0:14', 8765, 0, 0): b' 2633,20,16,1536,0,572,5,5,7,1,1,-52,0,694,10980,158,0,0 '
Received from ('fd00::200:0:0:a', 8765, 0, 0): b' 2634,10,7,1024,0,534,4,5,7,1,1,-70,2,1265,11076,170,0,0 '
Received from ('fd00::200:0:0:11', 8765, 0, 0): b' 2634,17,13,1280,0,517,10,5,7,1,3,-52,1,1392,13874,158,0,0 '
Received from ('fd00::200:0:0:4', 8765, 0, 0): b' 2635,4,1,512,0,557,6,3,7,2,1,-66,10,4345,27335,173,1,7 '
Received from ('fd00::200:0:0:13', 8765, 0, 0): b' 2635,19,16,1536,0,591,4,4,7,1,1,-70,0,777,8761,161,0,0 '
Received from ('fd00::200:0:0:1', 5678, 0, 0): b' 2635,1,0,256,0,8,0,0,4,0,0,0,10,1145,11090,3187,0,0 '
Received from ('fd00::200:0:0:2', 8765, 0, 0): b' 2636,2,1,512,0,542,6,1,6,1,1,-88,1,385,6102,174,1,7 '
Received from ('fd00::200:0:0:e', 8765, 0, 0): b' 2635,14,11,1280,0,566,3,3,7,1,1,-70,0,1039,11881,164,0,0 '
Received from ('fd00::200:0:0:6', 8765, 0, 0): b' 2637,6,2,768,0,531,2,13,7,1,1,-52,0,601,9608,125,0,0 '
Received from ('fd00::200:0:0:d', 8765, 0, 0): b' 2637,13,8,1024,10,492,4,4,7,1,1,-70,5,2780,24096,167,0,0 '
Received from ('fd00::200:0:0:9', 8765, 0, 0): b' 2638,9,4,768,0,514,9,14,6,1,4,-70,0,302,6472,125,0,0 '
Received from ('fd00::200:0:0:10', 8765, 0, 0): b' 2637,16,13,1280,0,545,4,7,7,1,1,-70,2,910,8323,164,0,0 '
Received from ('fd00::200:0:0:7', 8765, 0, 0): b' 2637,7,3,768,0,563,5,5,7,1,1,-52,3,1289,11969,172,1,7 '
Received from ('fd00::200:0:0:b', 8765, 0, 0): b' 2638,11,8,1024,0,552,5,8,7,1,2,-70,1,635,9268,164,0,0 '
Received from ('fd00::200:0:0:3', 8765, 0, 0): b' 2638,3,1,512,0,559,6,3,7,1,1,-64,4,1047,8087,174,1,7 '
Received from ('fd00::200:0:0:15', 8765, 0, 0): b' 2639,21,17,1536,0,554,4,7,5,1,1,-52,0,434,8873,149,0,0 '
Received from ('fd00::200:0:0:f', 8765, 0, 0): b' 2638,15,10,1280,10,542,5,12,7,1,2,-70,1,1092,12963,164,0,0 '
Received from ('fd00::200:0:0:a', 8765, 0, 0): b' 2639,10,7,1024,0,535,4,5,7,1,1,-70,2,748,7912,170,0,0 '
Received from ('fd00::200:0:0:5', 8765, 0, 0): b' 2641,5,4,768,10,604,7,1,6,1,1,-52,0,516,9191,174,0,0 '
Received from ('fd00::200:0:0:12', 8765, 0, 0): b' 2638,18,15,1536,0,554,4,4,5,1,1,-70,0,504,10907,165,0,0 '
Received from ('fd00::200:0:0:c', 8765, 0, 0): b' 2642,12,8,1024,0,514,7,20,7,1,3,-52,0,587,8667,126,0,0 '
Received from ('fd00::200:0:0:14', 8765, 0, 0): b' 2641,20,16,1536,0,574,5,5,7,1,1,-52,0,615,7681,158,0,0 '
Received from ('fd00::200:0:0:8', 8765, 0, 0): b' 2642,8,4,768,0,537,5,11,7,1,1,-52,9,4724,31079,171,1,7 '
Received from ('fd00::200:0:0:e', 8765, 0, 0): b' 2641,14,11,1280,0,567,3,3,7,1,1,-70,0,389,5840,164,0,0 '
Received from ('fd00::200:0:0:6', 8765, 0, 0): b' 2642,6,2,768,0,531,2,13,7,1,1,-52,0,333,5390,126,0,0 '
Received from ('fd00::200:0:0:2', 8765, 0, 0): b' 2643,2,1,512,10,543,6,1,6,1,1,-88,1,959,11614,174,1,7 '
Received from ('fd00::200:0:0:3', 8765, 0, 0): b' 2643,3,1,512,0,563,6,3,7,1,1,-64,4,1473,9582,174,1,7 '
Received from ('fd00::200:0:0:1', 5678, 0, 0): b' 2643,1,0,256,0,8,0,0,4,0,0,0,10,1806,19857,3197,0,0 '
Received from ('fd00::200:0:0:10', 8765, 0, 0): b' 2644,16,13,1280,0,550,4,7,7,1,1,-70,2,1529,14016,165,0,0 '
Received from ('fd00::200:0:0:f', 8765, 0, 0): b' 2644,15,10,1280,0,544,5,12,7,1,2,-70,1,931,7396,164,0,0 '
Received from ('fd00::200:0:0:13', 8765, 0, 0): b' 2644,19,16,1536,0,592,4,4,7,1,1,-70,0,587,9067,162,0,0 '
Received from ('fd00::200:0:0:7', 8765, 0, 0): b' 2644,7,3,768,0,564,5,5,7,1,1,-52,3,1565,12178,172,1,7 '
Received from ('fd00::200:0:0:11', 8765, 0, 0): b' 2645,17,13,1280,0,519,10,5,7,1,3,-52,1,1079,13763,158,0,0 '
Received from ('fd00::200:0:0:4', 8765, 0, 0): b' 2645,4,1,512,0,562,6,3,7,2,1,-66,10,5067,30368,174,1,7 '
Received from ('fd00::200:0:0:d', 8765, 0, 0): b' 2646,13,8,1024,10,494,4,4,7,1,1,-70,5,2373,19179,167,0,0 '
Received from ('fd00::200:0:0:14', 8765, 0, 0): b' 2645,20,16,1536,0,576,5,5,7,1,1,-52,0,525,4353,159,0,0 '
Received from ('fd00::200:0:0:a', 8765, 0, 0): b' 2646,10,7,1024,0,539,4,5,7,1,1,-70,2,1373,13160,171,0,0 '
Received from ('fd00::200:0:0:9', 8765, 0, 0): b' 2647,9,4,768,0,514,9,14,6,1,4,-70,0,454,7806,126,0,0 '
Received from ('fd00::200:0:0:15', 8765, 0, 0): b' 2647,21,17,1536,0,556,4,7,5,1,1,-52,0,670,7818,150,0,0 '
Received from ('fd00::200:0:0:12', 8765, 0, 0): b' 2644,18,15,1536,0,555,4,4,5,1,1,-70,0,387,5971,165,0,0 '
Received from ('fd00::200:0:0:b', 8765, 0, 0): b' 2648,11,8,1024,0,557,5,8,7,1,2,-70,1,1358,16109,165,0,0 '
Received from ('fd00::200:0:0:6', 8765, 0, 0): b' 2650,6,2,768,10,532,2,13,7,1,1,-52,0,301,7002,126,0,0 '
Received from ('fd00::200:0:0:7', 8765, 0, 0): b' 2650,7,3,768,0,566,5,5,7,1,1,-52,3,1079,10145,173,1,7 '
Received from ('fd00::200:0:0:1', 5678, 0, 0): b' 2651,1,0,256,0,8,0,0,4,0,0,0,10,1573,18100,3207,0,0 '
Received from ('fd00::200:0:0:e', 8765, 0, 0): b' 2650,14,11,1280,10,568,3,3,7,1,1,-70,0,563,8616,165,0,0 '
Received from ('fd00::200:0:0:5', 8765, 0, 0): b' 2652,5,4,768,0,606,7,1,6,1,1,-52,0,827,13641,175,0,0 '
Received from ('fd00::200:0:0:f', 8765, 0, 0): b' 2652,15,10,1280,0,546,5,12,7,1,2,-70,1,891,11386,165,0,0 '
Received from ('fd00::200:0:0:d', 8765, 0, 0): b' 2651,13,8,1024,0,496,4,4,7,1,1,-70,5,1223,11433,168,0,0 '
Received from ('fd00::200:0:0:a', 8765, 0, 0): b' 2651,10,7,1024,0,540,4,5,7,1,1,-70,2,919,9868,171,0,0 '
Received from ('fd00::200:0:0:c', 8765, 0, 0): b' 2652,12,8,1024,10,517,7,20,7,1,3,-52,0,777,10064,127,0,0 '
Received from ('fd00::200:0:0:2', 8765, 0, 0): b' 2653,2,1,512,0,543,6,1,6,1,1,-88,1,1071,14647,175,1,7 '
Received from ('fd00::200:0:0:8', 8765, 0, 0): b' 2653,8,4,768,20,541,5,11,7,1,1,-52,9,3957,28443,171,1,7 '
Received from ('fd00::200:0:0:14', 8765, 0, 0): b' 2652,20,16,1536,0,578,5,5,7,1,1,-52,0,517,7109,159,0,0 '
Received from ('fd00::200:0:0:9', 8765, 0, 0): b' 2654,9,4,768,0,516,9,14,6,1,4,-70,0,515,7256,126,0,0 '
Received from ('fd00::200:0:0:13', 8765, 0, 0): b' 2654,19,16,1536,0,595,4,4,7,1,1,-70,0,778,8727,162,0,0 '
Received from ('fd00::200:0:0:3', 8765, 0, 0): b' 2655,3,1,512,10,564,6,3,7,1,1,-64,4,2340,20223,175,1,7 '
Received from ('fd00::200:0:0:e', 8765, 0, 0): b' 2654,14,11,1280,0,569,3,3,7,1,1,-70,0,387,4120,165,0,0 '
Received from ('fd00::200:0:0:10', 8765, 0, 0): b' 2656,16,13,1280,0,554,4,7,7,1,1,-70,2,2179,23089,166,0,0 '
Received from ('fd00::200:0:0:12', 8765, 0, 0): b' 2653,18,15,1536,0,557,4,4,5,1,1,-70,0,573,8302,166,0,0 '
Received from ('fd00::200:0:0:c', 8765, 0, 0): b' 2655,12,8,1024,0,517,7,20,7,1,3,-52,0,185,4115,127,0,0 '
Received from ('fd00::200:0:0:f', 8765, 0, 0): b' 2657,15,10,1280,0,546,5,12,7,1,2,-70,1,583,5663,165,0,0 '
Received from ('fd00::200:0:0:4', 8765, 0, 0): b' 2657,4,1,512,10,566,6,3,7,2,1,-66,10,5314,33023,174,1,7 '
Received from ('fd00::200:0:0:11', 8765, 0, 0): b' 2656,17,13,1280,10,523,10,5,7,1,3,-52,1,1496,15353,159,0,0 '
Received from ('fd00::200:0:0:5', 8765, 0, 0): b' 2658,5,4,768,0,607,7,1,6,1,1,-52,0,384,7123,175,0,0 '
Received from ('fd00::200:0:0:b', 8765, 0, 0): b' 2657,11,8,1024,0,558,5,8,7,1,2,-70,1,1049,14063,166,0,0 '
Received from ('fd00::200:0:0:d', 8765, 0, 0): b' 2657,13,8,1024,0,497,4,4,7,1,1,-70,5,1431,12028,168,0,0 '
Received from ('fd00::200:0:0:7', 8765, 0, 0): b' 2657,7,3,768,20,568,5,5,7,1,1,-52,3,1477,12527,173,1,7 '
Received from ('fd00::200:0:0:15', 8765, 0, 0): b' 2656,21,17,1536,0,563,4,7,5,1,1,-52,0,1239,10015,150,0,0 '
Received from ('fd00::200:0:0:9', 8765, 0, 0): b' 2659,9,4,768,0,518,9,14,6,1,4,-70,0,523,4735,127,0,0 '
Received from ('fd00::200:0:0:14', 8765, 0, 0): b' 2658,20,16,1536,0,578,5,5,7,1,1,-52,0,280,4920,159,0,0 '
Received from ('fd00::200:0:0:1', 5678, 0, 0): b' 2661,1,0,256,0,8,0,0,4,0,0,0,10,2307,23399,3221,0,0 '
Received from ('fd00::200:0:0:10', 8765, 0, 0): b' 2660,16,13,1280,10,556,4,7,7,1,1,-70,2,924,10337,166,0,0 '
Received from ('fd00::200:0:0:2', 8765, 0, 0): b' 2661,2,1,512,0,545,6,1,6,1,1,-88,1,908,13103,175,1,7 '
Received from ('fd00::200:0:0:8', 8765, 0, 0): b' 2661,8,4,768,10,542,5,11,7,1,1,-52,9,3394,22428,172,1,7 '
Received from ('fd00::200:0:0:13', 8765, 0, 0): b' 2661,19,16,1536,0,595,4,4,7,1,1,-70,0,456,7187,163,0,0 '
Received from ('fd00::200:0:0:6', 8765, 0, 0): b' 2662,6,2,768,0,536,2,13,7,1,1,-52,0,1135,11943,127,0,0 '
Received from ('fd00::200:0:0:c', 8765, 0, 0): b' 2661,12,8,1024,0,519,7,20,7,1,3,-52,0,493,5621,127,0,0 '
Received from ('fd00::200:0:0:15', 8765, 0, 0): b' 2661,21,17,1536,0,565,4,7,5,1,1,-52,0,552,6402,151,0,0 '
Received from ('fd00::200:0:0:3', 8765, 0, 0): b' 2664,3,1,512,0,565,6,3,7,1,1,-64,4,1795,15712,176,1,7 '
Received from ('fd00::200:0:0:d', 8765, 0, 0): b' 2664,13,8,1024,0,498,4,4,7,1,1,-70,5,1896,14210,168,0,0 '
Received from ('fd00::200:0:0:11', 8765, 0, 0): b' 2663,17,13,1280,0,527,10,5,7,1,3,-52,1,1555,11325,160,0,0 '
Received from ('fd00::200:0:0:a', 8765, 0, 0): b' 2663,10,7,1024,10,540,4,5,7,1,1,-70,2,1186,17260,172,0,0 '
Received from ('fd00::200:0:0:12', 8765, 0, 0): b' 2662,18,15,1536,0,560,4,4,5,1,1,-70,0,745,8497,166,0,0 '
Received from ('fd00::200:0:0:5', 8765, 0, 0): b' 2665,5,4,768,0,608,7,1,6,1,1,-52,0,491,9203,176,0,0 '
Received from ('fd00::200:0:0:e', 8765, 0, 0): b' 2664,14,11,1280,0,571,3,3,7,1,1,-70,0,670,8939,166,0,0 '
Received from ('fd00::200:0:0:9', 8765, 0, 0): b' 2666,9,4,768,0,520,9,14,6,1,4,-70,0,509,6766,127,0,0 '
Received from ('fd00::200:0:0:13', 8765, 0, 0): b' 2666,19,16,1536,0,595,4,4,7,1,1,-70,0,158,3927,163,0,0 '
Received from ('fd00::200:0:0:7', 8765, 0, 0): b' 2666,7,3,768,0,570,5,5,7,1,1,-52,3,1475,14633,174,1,7 '
Received from ('fd00::200:0:0:c', 8765, 0, 0): b' 2666,12,8,1024,10,520,7,20,7,1,3,-52,0,515,5327,128,0,0 '
Received from ('fd00::200:0:0:a', 8765, 0, 0): b' 2667,10,7,1024,10,542,4,5,7,1,1,-70,2,593,6785,172,0,0 '
Received from ('fd00::200:0:0:f', 8765, 0, 0): b' 2668,15,10,1280,0,547,5,12,7,1,2,-70,1,1068,14461,166,0,0 '
Received from ('fd00::200:0:0:4', 8765, 0, 0): b' 2668,4,1,512,0,568,6,3,7,2,1,-66,10,5653,33138,175,1,7 '
Received from ('fd00::200:0:0:8', 8765, 0, 0): b' 2668,8,4,768,30,542,5,11,7,1,1,-52,9,2641,18549,173,1,7 '
Received from ('fd00::200:0:0:b', 8765, 0, 0): b' 2668,11,8,1024,0,562,5,8,7,1,2,-70,1,1346,17184,166,0,0 '
Received from ('fd00::200:0:0:3', 8765, 0, 0): b' 2670,3,1,512,0,567,6,3,7,1,1,-64,4,1435,10894,176,1,7 '
Received from ('fd00::200:0:0:14', 8765, 0, 0): b' 2668,20,16,1536,0,584,5,5,7,1,1,-52,0,1122,10328,160,0,0 '
Received from ('fd00::200:0:0:15', 8765, 0, 0): b' 2666,21,17,1536,0,566,4,7,5,1,1,-52,0,362,4469,151,0,0 '
Received from ('fd00::200:0:0:13', 8765, 0, 0): b' 2670,19,16,1536,10,599,4,4,7,1,1,-70,0,683,4426,163,0,0 '
Received from ('fd00::200:0:0:7', 8765, 0, 0): b' 2670,7,3,768,0,570,5,5,7,1,1,-52,3,939,7682,174,1,7 '
Received from ('fd00::200:0:0:2', 8765, 0, 0): b' 2671,2,1,512,0,547,6,1,6,1,1,-88,1,1341,16156,176,1,7 '
Received from ('fd00::200:0:0:1', 5678, 0, 0): b' 2671,1,0,256,0,8,0,0,4,0,0,0,10,2436,25705,3234,0,0 '
Received from ('fd00::200:0:0:12', 8765, 0, 0): b' 2672,18,15,1536,0,563,4,4,5,1,1,-70,0,777,8044,167,0,0 '
Received from ('fd00::200:0:0:10', 8765, 0, 0): b' 2671,16,13,1280,0,557,4,7,7,1,1,-70,2,1925,21463,167,0,0 '
Received from ('fd00::200:0:0:d', 8765, 0, 0): b' 2672,13,8,1024,0,501,4,4,7,1,1,-70,5,2184,17921,169,0,0 '
Received from ('fd00::200:0:0:6', 8765, 0, 0): b' 2673,6,2,768,0,540,2,13,7,1,1,-52,0,908,11166,128,0,0 '
Received from ('fd00::200:0:0:e', 8765, 0, 0): b' 2673,14,11,1280,0,574,3,3,7,1,1,-70,0,648,8503,166,0,0 '
Received from ('fd00::200:0:0:a', 8765, 0, 0): b' 2673,10,7,1024,10,542,4,5,7,1,1,-70,2,951,9397,173,0,0 '
Received from ('fd00::200:0:0:c', 8765, 0, 0): b' 2674,12,8,1024,0,523,7,20,7,1,3,-52,0,625,7633,128,0,0 '
Received from ('fd00::200:0:0:4', 8765, 0, 0): b' 2675,4,1,512,10,570,6,3,7,2,1,-66,10,3005,18178,175,1,7 '
Received from ('fd00::200:0:0:9', 8765, 0, 0): b' 2675,9,4,768,0,522,9,14,6,1,4,-70,0,692,9187,128,0,0 '
Received from ('fd00::200:0:0:5', 8765, 0, 0): b' 2675,5,4,768,0,612,7,1,6,1,1,-52,0,849,12277,176,0,0 '
Received from ('fd00::200:0:0:11', 8765, 0, 0): b' 2675,17,13,1280,10,530,10,5,7,1,3,-52,1,1322,15029,160,0,0 '
Received from ('fd00::200:0:0:13', 8765, 0, 0): b' 2677,19,16,1536,0,601,4,4,7,1,1,-70,0,574,6924,164,0,0 '
Received from ('fd00::200:0:0:8', 8765, 0, 0): b' 2677,8,4,768,20,549,5,11,7,1,1,-52,9,4045,25263,173,1,7 '
Received from ('fd00::200:0:0:15', 8765, 0, 0): b' 2674,21,17,1536,0,569,4,7,5,1,1,-52,0,680,7350,152,0,0 '
Received from ('fd00::200:0:0:7', 8765, 0, 0): b' 2679,7,3,768,0,572,5,5,7,1,1,-52,3,1241,12904,175,1,7 '
Received from ('fd00::200:0:0:2', 8765, 0, 0): b' 2678,2,1,512,10,550,6,1,6,1,1,-88,1,1030,10740,177,1,7 '
Received from ('fd00::200:0:0:b', 8765, 0, 0): b' 2677,11,8,1024,0,564,5,8,7,1,2,-70,1,1067,15077,167,0,0 '
Received from ('fd00::200:0:0:f', 8765, 0, 0): b' 2679,15,10,1280,0,548,5,12,7,1,2,-70,1,1112,14029,167,0,0 '
Received from ('fd00::200:0:0:d', 8765, 0, 0): b' 2680,13,8,1024,20,502,4,4,7,1,1,-70,5,1684,15583,169,0,0 '
Received from ('fd00::200:0:0:6', 8765, 0, 0): b' 2679,6,2,768,0,542,2,13,7,1,1,-52,0,516,6538,128,0,0 '
Received from ('fd00::200:0:0:14', 8765, 0, 0): b' 2679,20,16,1536,10,589,5,5,7,1,1,-52,0,1018,11091,161,0,0 '
Received from ('fd00::200:0:0:3', 8765, 0, 0): b' 2681,3,1,512,10,569,6,3,7,1,1,-64,4,2340,19650,177,1,7 '
Received from ('fd00::200:0:0:a', 8765, 0, 0): b' 2681,10,7,1024,0,545,4,5,7,1,1,-70,2,980,11920,173,0,0 '
Received from ('fd00::200:0:0:1', 5678, 0, 0): b' 2681,1,0,256,0,8,0,0,4,0,0,0,10,2107,22768,3247,0,0 '
Received from ('fd00::200:0:0:11', 8765, 0, 0): b' 2679,17,13,1280,0,531,10,5,7,1,3,-52,1,560,5599,161,0,0 '
Received from ('fd00::200:0:0:c', 8765, 0, 0): b' 2680,12,8,1024,10,524,7,20,7,1,3,-52,0,386,5974,129,0,0 '
Received from ('fd00::200:0:0:4', 8765, 0, 0): b' 2682,4,1,512,0,570,6,3,7,2,1,-66,10,3415,21407,176,1,7 '
Received from ('fd00::200:0:0:e', 8765, 0, 0): b' 2682,14,11,1280,0,574,3,3,7,1,1,-70,0,456,8222,167,0,0 '
Received from ('fd00::200:0:0:10', 8765, 0, 0): b' 2683,16,13,1280,0,561,4,7,7,1,1,-70,2,1810,21294,167,0,0 '
Received from ('fd00::200:0:0:12', 8765, 0, 0): b' 2683,18,15,1536,10,567,4,4,5,1,1,-70,0,755,10651,167,0,0 '
Received from ('fd00::200:0:0:6', 8765, 0, 0): b' 2684,6,2,768,0,544,2,13,7,1,1,-52,0,467,4506,128,0,0 '
Received from ('fd00::200:0:0:9', 8765, 0, 0): b' 2684,9,4,768,0,525,9,14,6,1,4,-70,0,692,8840,128,0,0 '
Received from ('fd00::200:0:0:11', 8765, 0, 0): b' 2684,17,13,1280,10,533,10,5,7,1,3,-52,1,475,5940,161,0,0 '
Received from ('fd00::200:0:0:15', 8765, 0, 0): b' 2684,21,17,1536,0,572,4,7,5,1,1,-52,0,745,9082,152,0,0 '
Received from ('fd00::200:0:0:b', 8765, 0, 0): b' 2685,11,8,1024,0,565,5,8,7,1,2,-70,1,876,12056,168,0,0 '
Received from ('fd00::200:0:0:5', 8765, 0, 0): b' 2685,5,4,768,0,615,7,1,6,1,1,-52,0,827,13188,177,0,0 '
Received from ('fd00::200:0:0:8', 8765, 0, 0): b' 2686,8,4,768,0,552,5,11,7,1,1,-52,9,3821,23971,174,1,7 '
Received from ('fd00::200:0:0:2', 8765, 0, 0): b' 2687,2,1,512,0,552,6,1,6,1,1,-88,1,1260,15018,177,1,7 '
Received from ('fd00::200:0:0:d', 8765, 0, 0): b' 2687,13,8,1024,10,504,4,4,7,1,1,-70,5,1853,15361,170,0,0 '
Received from ('fd00::200:0:0:7', 8765, 0, 0): b' 2689,7,3,768,10,574,5,5,7,1,1,-52,3,1698,16660,175,1,7 '
Received from ('fd00::200:0:0:14', 8765, 0, 0): b' 2687,20,16,1536,10,592,5,5,7,1,1,-52,0,628,7877,161,0,0 '
Received from ('fd00::200:0:0:f', 8765, 0, 0): b' 2688,15,10,1280,0,551,5,12,7,1,2,-70,1,1160,11850,167,0,0 '
Received from ('fd00::200:0:0:13', 8765, 0, 0): b' 2688,19,16,1536,10,606,4,4,7,1,1,-70,0,1015,11017,165,0,0 '
Received from ('fd00::200:0:0:4', 8765, 0, 0): b' 2689,4,1,512,0,571,6,3,7,2,1,-66,10,3352,19383,176,1,7 '
Received from ('fd00::200:0:0:e', 8765, 0, 0): b' 2688,14,11,1280,0,578,3,3,7,1,1,-70,0,731,6568,167,0,0 '
Received from ('fd00::200:0:0:a', 8765, 0, 0): b' 2689,10,7,1024,0,546,4,5,7,1,1,-70,2,1084,12385,174,0,0 '
Received from ('fd00::200:0:0:c', 8765, 0, 0): b' 2690,12,8,1024,0,527,7,20,7,1,3,-52,0,802,9206,129,0,0 '
Received from ('fd00::200:0:0:9', 8765, 0, 0): b' 2690,9,4,768,0,528,9,14,6,1,4,-70,0,751,6839,129,0,0 '
Received from ('fd00::200:0:0:b', 8765, 0, 0): b' 2690,11,8,1024,0,566,5,8,7,1,2,-70,1,678,7794,168,0,0 '
Received from ('fd00::200:0:0:5', 8765, 0, 0): b' 2690,5,4,768,0,616,7,1,6,1,1,-52,0,384,6294,177,0,0 '
Received from ('fd00::200:0:0:10', 8765, 0, 0): b' 2690,16,13,1280,0,564,4,7,7,1,1,-70,2,1742,15208,168,0,0 '
Received from ('fd00::200:0:0:6', 8765, 0, 0): b' 2691,6,2,768,0,545,2,13,7,1,1,-52,0,440,6726,129,0,0 '
Received from ('fd00::200:0:0:15', 8765, 0, 0): b' 2691,21,17,1536,0,574,4,7,5,1,1,-52,0,525,5280,153,0,0 '
Received from ('fd00::200:0:0:3', 8765, 0, 0): b' 2692,3,1,512,0,573,6,3,7,1,1,-64,4,2502,20303,178,1,7 '
Received from ('fd00::200:0:0:12', 8765, 0, 0): b' 2691,18,15,1536,10,569,4,4,5,1,1,-70,0,673,7677,168,0,0 '
Received from ('fd00::200:0:0:1', 5678, 0, 0): b' 2692,1,0,256,0,8,0,0,4,0,0,0,10,2477,26530,3261,0,0 '
Received from ('fd00::200:0:0:c', 8765, 0, 0): b' 2695,12,8,1024,0,529,7,20,7,1,3,-52,0,372,4685,129,0,0 '
Received from ('fd00::200:0:0:13', 8765, 0, 0): b' 2695,19,16,1536,0,610,4,4,7,1,1,-70,0,832,7405,165,0,0 '
Received from ('fd00::200:0:0:e', 8765, 0, 0): b' 2694,14,11,1280,0,582,3,3,7,1,1,-70,0,683,5511,167,0,0 '
Received from ('fd00::200:0:0:1', 5678, 0, 0): b' 2696,1,0,256,0,8,0,0,4,0,0,0,10,660,8474,3266,0,0 '
Received from ('fd00::200:0:0:10', 8765, 0, 0): b' 2695,16,13,1280,0,564,4,7,7,1,1,-70,2,682,10340,168,0,0 '
Received from ('fd00::200:0:0:9', 8765, 0, 0): b' 2696,9,4,768,0,529,9,14,6,1,4,-70,0,408,6339,129,0,0 '
Received from ('fd00::200:0:0:11', 8765, 0, 0): b' 2696,17,13,1280,0,534,10,5,7,1,3,-52,1,1365,14949,162,0,0 '
Received from ('fd00::200:0:0:2', 8765, 0, 0): b' 2697,2,1,512,0,554,6,1,6,1,1,-88,1,1243,15744,178,1,7 '
Received from ('fd00::200:0:0:8', 8765, 0, 0): b' 2697,8,4,768,20,556,5,11,7,1,1,-52,9,4613,30525,175,1,7 '
Received from ('fd00::200:0:0:f', 8765, 0, 0): b' 2698,15,10,1280,0,556,5,12,7,1,2,-70,1,1364,13099,168,0,0 '
Received from ('fd00::200:0:0:7', 8765, 0, 0): b' 2699,7,3,768,0,577,5,5,7,1,1,-52,3,1778,17225,176,1,7 '
Received from ('fd00::200:0:0:14', 8765, 0, 0): b' 2696,20,16,1536,0,596,5,5,7,1,1,-52,0,909,9932,162,0,0 '
Received from ('fd00::200:0:0:a', 8765, 0, 0): b' 2699,10,7,1024,0,547,4,5,7,1,1,-70,2,1177,15804,174,0,0 '
Received from ('fd00::200:0:0:d', 8765, 0, 0): b' 2697,13,8,1024,0,507,4,4,7,1,1,-70,5,2815,23661,171,0,0 '
Received from ('fd00::200:0:0:3', 8765, 0, 0): b' 2700,3,1,512,0,575,6,3,7,1,1,-64,4,1662,14066,178,1,7 '
Received from ('fd00::200:0:0:4', 8765, 0, 0): b' 2700,4,1,512,20,571,6,3,7,2,1,-66,10,5096,31595,177,1,7 '
Received from ('fd00::200:0:0:b', 8765, 0, 0): b' 2699,11,8,1024,10,569,5,8,7,1,2,-70,1,1238,15505,169,0,0 '
Received from ('fd00::200:0:0:15', 8765, 0, 0): b' 2701,21,17,1536,0,578,4,7,5,1,1,-52,0,876,10189,153,0,0 '
Received from ('fd00::200:0:0:12', 8765, 0, 0): b' 2701,18,15,1536,0,571,4,4,5,1,1,-70,0,695,8921,169,0,0 '
Received from ('fd00::200:0:0:e', 8765, 0, 0): b' 2701,14,11,1280,0,584,3,3,7,1,1,-70,0,573,7323,168,0,0 '
Received from ('fd00::200:0:0:1', 5678, 0, 0): b' 2702,1,0,256,0,8,0,0,4,0,0,0,10,1540,14926,3275,0,0 '
Received from ('fd00::200:0:0:5', 8765, 0, 0): b' 2701,5,4,768,0,619,7,1,6,1,1,-52,0,850,13884,178,0,0 '
Received from ('fd00::200:0:0:11', 8765, 0, 0): b' 2701,17,13,1280,10,535,10,5,7,1,3,-52,1,655,6572,162,0,0 '
Received from ('fd00::200:0:0:10', 8765, 0, 0): b' 2701,16,13,1280,0,565,4,7,7,1,1,-70,2,964,10665,169,0,0 '
Received from ('fd00::200:0:0:6', 8765, 0, 0): b' 2703,6,2,768,0,546,2,13,7,1,1,-52,0,609,11351,130,0,0 '
Received from ('fd00::200:0:0:f', 8765, 0, 0): b' 2703,15,10,1280,0,557,5,12,7,1,2,-70,1,743,7424,168,0,0 '
Received from ('fd00::200:0:0:d', 8765, 0, 0): b' 2703,13,8,1024,0,509,4,4,7,1,1,-70,5,1438,11932,171,0,0 '
Received from ('fd00::200:0:0:c', 8765, 0, 0): b' 2703,12,8,1024,0,532,7,20,7,1,3,-52,0,801,9857,130,0,0 '
Received from ('fd00::200:0:0:a', 8765, 0, 0): b' 2704,10,7,1024,0,547,4,5,7,1,1,-70,2,866,9107,175,0,0 '
Received from ('fd00::200:0:0:9', 8765, 0, 0): b' 2704,9,4,768,0,532,9,14,6,1,4,-70,0,654,7334,130,0,0 '
Received from ('fd00::200:0:0:13', 8765, 0, 0): b' 2703,19,16,1536,0,612,4,4,7,1,1,-70,0,597,9636,166,0,0 '
Received from ('fd00::200:0:0:12', 8765, 0, 0): b' 2706,18,15,1536,0,571,4,4,5,1,1,-70,0,279,4748,169,0,0 '
Received from ('fd00::200:0:0:11', 8765, 0, 0): b' 2705,17,13,1280,0,536,10,5,7,1,3,-52,1,566,5604,162,0,0 '
Received from ('fd00::200:0:0:7', 8765, 0, 0): b' 2707,7,3,768,0,578,5,5,7,1,1,-52,3,1761,13953,177,1,7 '
Received from ('fd00::200:0:0:14', 8765, 0, 0): b' 2704,20,16,1536,0,598,5,5,7,1,1,-52,0,670,7679,163,0,0 '
Received from ('fd00::200:0:0:4', 8765, 0, 0): b' 2708,4,1,512,10,574,6,3,7,2,1,-66,10,3700,23060,178,1,7 '
Received from ('fd00::200:0:0:15', 8765, 0, 0): b' 2709,21,17,1536,0,580,4,7,5,1,1,-52,0,550,7195,154,0,0 '
Received from ('fd00::200:0:0:2', 8765, 0, 0): b' 2707,2,1,512,0,559,6,1,6,1,1,-88,1,1604,17342,179,1,7 '
Received from ('fd00::200:0:0:b', 8765, 0, 0): b' 2708,11,8,1024,0,571,5,8,7,1,2,-70,1,1069,14268,169,0,0 '
Received from ('fd00::200:0:0:9', 8765, 0, 0): b' 2709,9,4,768,0,533,9,14,6,1,4,-70,0,384,5011,130,0,0 '
Received from ('fd00::200:0:0:8', 8765, 0, 0): b' 2709,8,4,768,0,558,5,11,7,1,1,-52,9,4420,30541,175,1,7 '
Received from ('fd00::200:0:0:3', 8765, 0, 0): b' 2709,3,1,512,0,578,6,3,7,1,1,-64,4,2284,17950,179,1,7 '
Received from ('fd00::200:0:0:13', 8765, 0, 0): b' 2709,19,16,1536,0,613,4,4,7,1,1,-70,0,452,5563,166,0,0 '
Received from ('fd00::200:0:0:a', 8765, 0, 0): b' 2710,10,7,1024,0,549,4,5,7,1,1,-70,2,873,8723,175,0,0 '
Received from ('fd00::200:0:0:f', 8765, 0, 0): b' 2710,15,10,1280,0,559,5,12,7,1,2,-70,1,782,8961,169,0,0 '
Received from ('fd00::200:0:0:10', 8765, 0, 0): b' 2710,16,13,1280,0,566,4,7,7,1,1,-70,2,1355,17264,169,0,0 '
Received from ('fd00::200:0:0:d', 8765, 0, 0): b' 2711,13,8,1024,0,513,4,4,7,1,1,-70,5,2466,17607,172,0,0 '
Received from ('fd00::200:0:0:5', 8765, 0, 0): b' 2710,5,4,768,0,621,7,1,6,1,1,-52,0,720,12427,179,0,0 '
Received from ('fd00::200:0:0:1', 5678, 0, 0): b' 2712,1,0,256,0,8,0,0,4,0,0,0,10,2375,24281,3288,0,0 '
Received from ('fd00::200:0:0:e', 8765, 0, 0): b' 2712,14,11,1280,10,587,3,3,7,1,1,-70,0,801,10743,169,0,0 '
Received from ('fd00::200:0:0:6', 8765, 0, 0): b' 2713,6,2,768,0,550,2,13,7,1,1,-52,0,875,11103,130,0,0 '
Received from ('fd00::200:0:0:11', 8765, 0, 0): b' 2715,17,13,1280,0,542,10,5,7,1,3,-52,1,1499,12641,163,0,0 '
Received from ('fd00::200:0:0:8', 8765, 0, 0): b' 2713,8,4,768,10,559,5,11,7,1,1,-52,9,2332,15403,176,1,7 '
Received from ('fd00::200:0:0:3', 8765, 0, 0): b' 2715,3,1,512,0,579,6,3,7,1,1,-64,4,1297,10947,179,1,7 '
Received from ('fd00::200:0:0:c', 8765, 0, 0): b' 2712,12,8,1024,0,532,7,20,7,1,3,-52,0,504,10767,131,0,0 '
Received from ('fd00::200:0:0:12', 8765, 0, 0): b' 2716,18,15,1536,0,575,4,4,5,1,1,-70,0,978,10575,170,0,0 '
Received from ('fd00::200:0:0:2', 8765, 0, 0): b' 2715,2,1,512,0,562,6,1,6,1,1,-88,1,1168,13256,179,1,7 '
Received from ('fd00::200:0:0:7', 8765, 0, 0): b' 2717,7,3,768,0,581,5,5,7,1,1,-52,3,1953,17635,177,1,7 '
Received from ('fd00::200:0:0:10', 8765, 0, 0): b' 2715,16,13,1280,10,568,4,7,7,1,1,-70,2,955,10656,170,0,0 '
Received from ('fd00::200:0:0:15', 8765, 0, 0): b' 2715,21,17,1536,0,583,4,7,5,1,1,-52,0,624,7559,154,0,0 '
Received from ('fd00::200:0:0:1', 5678, 0, 0): b' 2718,1,0,256,0,8,0,0,4,0,0,0,10,1239,13112,3295,0,0 '
Received from ('fd00::200:0:0:14', 8765, 0, 0): b' 2715,20,16,1536,0,602,5,5,7,1,1,-52,0,877,10560,163,0,0 '
Received from ('fd00::200:0:0:a', 8765, 0, 0): b' 2718,10,7,1024,0,550,4,5,7,1,1,-70,2,1149,13100,176,0,0 '
Received from ('fd00::200:0:0:5', 8765, 0, 0): b' 2716,5,4,768,10,624,7,1,6,1,1,-52,0,467,7176,179,0,0 '
Received from ('fd00::200:0:0:f', 8765, 0, 0): b' 2718,15,10,1280,0,561,5,12,7,1,2,-70,1,1081,10969,169,0,0 '
Received from ('fd00::200:0:0:4', 8765, 0, 0): b' 2718,4,1,512,0,576,6,3,7,2,1,-66,10,4996,29962,178,1,7 '
Received from ('fd00::200:0:0:b', 8765, 0, 0): b' 2717,11,8,1024,0,574,5,8,7,1,2,-70,1,1201,16434,170,0,0 '
Received from ('fd00::200:0:0:e', 8765, 0, 0): b' 2716,14,11,1280,0,588,3,3,7,1,1,-70,0,510,5949,169,0,0 '
Received from ('fd00::200:0:0:11', 8765, 0, 0): b' 2719,17,13,1280,10,544,10,5,7,1,3,-52,1,770,6051,163,0,0 '
Received from ('fd00::200:0:0:3', 8765, 0, 0): b' 2720,3,1,512,0,582,6,3,7,1,1,-64,4,1532,9941,180,1,7 '
Received from ('fd00::200:0:0:9', 8765, 0, 0): b' 2720,9,4,768,0,535,9,14,6,1,4,-70,0,716,11433,131,0,0 '
Received from ('fd00::200:0:0:14', 8765, 0, 0): b' 2720,20,16,1536,0,602,5,5,7,1,1,-52,0,312,4703,164,0,0 '
Received from ('fd00::200:0:0:1', 5678, 0, 0): b' 2722,1,0,256,0,8,0,0,4,0,0,0,10,864,10489,3301,0,0 '
Received from ('fd00::200:0:0:13', 8765, 0, 0): b' 2721,19,16,1536,0,614,4,4,7,1,1,-70,0,708,10975,167,0,0 '
Received from ('fd00::200:0:0:6', 8765, 0, 0): b' 2722,6,2,768,0,554,2,13,7,1,1,-52,0,883,9341,131,0,0 '
Received from ('fd00::200:0:0:f', 8765, 0, 0): b' 2723,15,10,1280,0,561,5,12,7,1,2,-70,1,428,5972,170,0,0 '
Received from ('fd00::200:0:0:4', 8765, 0, 0): b' 2723,4,1,512,0,577,6,3,7,2,1,-66,10,1980,12424,179,1,7 '
Received from ('fd00::200:0:0:8', 8765, 0, 0): b' 2722,8,4,768,10,560,5,11,7,1,1,-52,9,3105,22414,176,1,7 '
Received from ('fd00::200:0:0:c', 8765, 0, 0): b' 2721,12,8,1024,0,535,7,20,7,1,3,-52,0,723,8392,131,0,0 '
Received from ('fd00::200:0:0:d', 8765, 0, 0): b' 2722,13,8,1024,0,520,4,4,7,1,1,-70,5,3410,25651,172,0,0 '
Received from ('fd00::200:0:0:b', 8765, 0, 0): b' 2722,11,8,1024,0,575,5,8,7,1,2,-70,1,623,7616,170,0,0 '
Received from ('fd00::200:0:0:2', 8765, 0, 0): b' 2726,2,1,512,0,563,6,1,6,1,1,-88,1,1234,14524,180,1,7 '
Received from ('fd00::200:0:0:7', 8765, 0, 0): b' 2724,7,3,768,0,584,5,5,7,1,1,-52,3,1768,16148,178,1,7 '
Received from ('fd00::200:0:0:11', 8765, 0, 0): b' 2725,17,13,1280,0,548,10,5,7,1,3,-52,1,902,8508,164,0,0 '
Received from ('fd00::200:0:0:15', 8765, 0, 0): b' 2725,21,17,1536,0,584,4,7,5,1,1,-52,0,587,8816,155,0,0 '
Received from ('fd00::200:0:0:6', 8765, 0, 0): b' 2726,6,2,768,0,556,2,13,7,1,1,-52,0,467,4238,131,0,0 '
Received from ('fd00::200:0:0:3', 8765, 0, 0): b' 2727,3,1,512,0,584,6,3,7,1,1,-64,4,1156,10692,180,1,7 '
Received from ('fd00::200:0:0:12', 8765, 0, 0): b' 2727,18,15,1536,0,577,4,4,5,1,1,-70,0,663,10439,170,0,0 '
Received from ('fd00::200:0:0:10', 8765, 0, 0): b' 2727,16,13,1280,10,572,4,7,7,1,1,-70,2,1908,21775,170,0,0 '
Received from ('fd00::200:0:0:9', 8765, 0, 0): b' 2727,9,4,768,0,537,9,14,6,1,4,-70,0,589,6634,131,0,0 '
Received from ('fd00::200:0:0:1', 5678, 0, 0): b' 2728,1,0,256,0,8,0,0,4,0,0,0,10,1439,15055,3308,0,0 '
Received from ('fd00::200:0:0:5', 8765, 0, 0): b' 2728,5,4,768,0,630,7,1,6,1,1,-52,0,1166,13975,180,0,0 '
Received from ('fd00::200:0:0:8', 8765, 0, 0): b' 2729,8,4,768,20,563,5,11,7,1,1,-52,9,2025,12929,176,1,7 '
Received from ('fd00::200:0:0:a', 8765, 0, 0): b' 2729,10,7,1024,0,555,4,5,7,1,1,-70,2,1726,17410,176,0,0 '
Received from ('fd00::200:0:0:e', 8765, 0, 0): b' 2726,14,11,1280,0,590,3,3,7,1,1,-70,0,573,8520,170,0,0 '
Received from ('fd00::200:0:0:13', 8765, 0, 0): b' 2726,19,16,1536,0,614,4,4,7,1,1,-70,0,280,5459,167,0,0 '
Received from ('fd00::200:0:0:b', 8765, 0, 0): b' 2729,11,8,1024,0,576,5,8,7,1,2,-70,1,738,8822,170,0,0 '
Received from ('fd00::200:0:0:14', 8765, 0, 0): b' 2728,20,16,1536,0,604,5,5,7,1,1,-52,0,518,7076,164,0,0 '
Received from ('fd00::200:0:0:11', 8765, 0, 0): b' 2730,17,13,1280,0,548,10,5,7,1,3,-52,1,573,6525,164,0,0 '
Received from ('fd00::200:0:0:9', 8765, 0, 0): b' 2732,9,4,768,0,539,9,14,6,1,4,-70,0,370,4130,131,0,0 '
Received from ('fd00::200:0:0:c', 8765, 0, 0): b' 2732,12,8,1024,0,539,7,20,7,1,3,-52,0,787,9030,132,0,0 '
Received from ('fd00::200:0:0:f', 8765, 0, 0): b' 2733,15,10,1280,0,568,5,12,7,1,2,-70,1,1436,13079,170,0,0 '
Received from ('fd00::200:0:0:15', 8765, 0, 0): b' 2733,21,17,1536,0,588,4,7,5,1,1,-52,0,884,8045,156,0,0 '
Received from ('fd00::200:0:0:4', 8765, 0, 0): b' 2734,4,1,512,0,579,6,3,7,2,1,-66,10,5370,30995,179,1,7 '
Received from ('fd00::200:0:0:14', 8765, 0, 0): b' 2733,20,16,1536,0,607,5,5,7,1,1,-52,0,600,5545,164,0,0 '
Received from ('fd00::200:0:0:2', 8765, 0, 0): b' 2734,2,1,512,0,563,6,1,6,1,1,-88,1,844,13016,180,1,7 '
Received from ('fd00::200:0:0:5', 8765, 0, 0): b' 2733,5,4,768,10,631,7,1,6,1,1,-52,0,361,6275,180,0,0 '
Received from ('fd00::200:0:0:12', 8765, 0, 0): b' 2735,18,15,1536,0,581,4,4,5,1,1,-70,0,764,7271,171,0,0 '
Received from ('fd00::200:0:0:7', 8765, 0, 0): b' 2735,7,3,768,0,588,5,5,7,1,1,-52,3,2047,17247,179,1,7 '
Received from ('fd00::200:0:0:d', 8765, 0, 0): b' 2735,13,8,1024,10,522,4,4,7,1,1,-70,5,2808,23884,173,0,0 '
Received from ('fd00::200:0:0:6', 8765, 0, 0): b' 2734,6,2,768,10,559,2,13,7,1,1,-52,0,571,8526,132,0,0 '
Received from ('fd00::200:0:0:e', 8765, 0, 0): b' 2735,14,11,1280,0,593,3,3,7,1,1,-70,0,721,7458,170,0,0 '
Received from ('fd00::200:0:0:11', 8765, 0, 0): b' 2736,17,13,1280,0,549,10,5,7,1,3,-52,1,741,7471,164,0,0 '
Received from ('fd00::200:0:0:a', 8765, 0, 0): b' 2737,10,7,1024,0,556,4,5,7,1,1,-70,2,1112,13815,177,0,0 '
Received from ('fd00::200:0:0:3', 8765, 0, 0): b' 2738,3,1,512,0,587,6,3,7,1,1,-64,4,2667,19942,181,1,7 '
Received from ('fd00::200:0:0:13', 8765, 0, 0): b' 2735,19,16,1536,0,615,4,4,7,1,1,-70,0,466,8054,168,0,0 '
Received from ('fd00::200:0:0:1', 5678, 0, 0): b' 2738,1,0,256,0,8,0,0,4,0,0,0,10,2243,23401,3324,0,0 '
Received from ('fd00::200:0:0:b', 8765, 0, 0): b' 2738,11,8,1024,0,578,5,8,7,1,2,-70,1,1038,14053,171,0,0 '
Received from ('fd00::200:0:0:8', 8765, 0, 0): b' 2739,8,4,768,20,565,5,11,7,1,1,-52,9,4310,28298,177,1,7 '
Received from ('fd00::200:0:0:10', 8765, 0, 0): b' 2738,16,13,1280,10,574,4,7,7,1,1,-70,2,1820,20558,171,0,0 '
Received from ('fd00::200:0:0:12', 8765, 0, 0): b' 2740,18,15,1536,0,583,4,4,5,1,1,-70,0,493,5509,171,0,0 '
Received from ('fd00::200:0:0:9', 8765, 0, 0): b' 2741,9,4,768,0,540,9,14,6,1,4,-70,0,585,8227,132,0,0 '
Received from ('fd00::200:0:0:6', 8765, 0, 0): b' 2740,6,2,768,0,561,2,13,7,1,1,-52,0,599,6001,132,0,0 '
Received from ('fd00::200:0:0:4', 8765, 0, 0): b' 2741,4,1,512,0,580,6,3,7,2,1,-66,10,3223,20713,180,1,7 '
Received from ('fd00::200:0:0:c', 8765, 0, 0): b' 2740,12,8,1024,10,541,7,20,7,1,3,-52,0,670,8518,133,0,0 '
Received from ('fd00::200:0:0:d', 8765, 0, 0): b' 2741,13,8,1024,10,523,4,4,7,1,1,-70,5,1388,12793,174,0,0 '
Received from ('fd00::200:0:0:15', 8765, 0, 0): b' 2741,21,17,1536,0,590,4,7,5,1,1,-52,0,517,7541,156,0,0 '
Received from ('fd00::200:0:0:2', 8765, 0, 0): b' 2742,2,1,512,0,563,6,1,6,1,1,-88,1,1105,12363,181,1,7 '
Received from ('fd00::200:0:0:3', 8765, 0, 0): b' 2742,3,1,512,0,588,6,3,7,1,1,-64,4,496,7257,181,1,7 '
Received from ('fd00::200:0:0:1', 5678, 0, 0): b' 2743,1,0,256,0,8,0,0,4,0,0,0,10,970,10982,3328,0,0 '
Received from ('fd00::200:0:0:e', 8765, 0, 0): b' 2742,14,11,1280,0,593,3,3,7,1,1,-70,0,335,6136,171,0,0 '
Received from ('fd00::200:0:0:14', 8765, 0, 0): b' 2743,20,16,1536,0,608,5,5,7,1,1,-52,0,587,9427,165,0,0 '
Received from ('fd00::200:0:0:5', 8765, 0, 0): b' 2745,5,4,768,0,634,7,1,6,1,1,-52,0,851,13131,181,0,0 '
Received from ('fd00::200:0:0:f', 8765, 0, 0): b' 2745,15,10,1280,0,569,5,12,7,1,2,-70,1,1312,15482,171,0,0 '
Received from ('fd00::200:0:0:a', 8765, 0, 0): b' 2744,10,7,1024,0,560,4,5,7,1,1,-70,2,1482,13902,178,0,0 '
Received from ('fd00::200:0:0:7', 8765, 0, 0): b' 2745,7,3,768,0,590,5,5,7,1,1,-52,3,1908,17897,179,1,7 '
Received from ('fd00::200:0:0:4', 8765, 0, 0): b' 2747,4,1,512,0,581,6,3,7,2,1,-66,10,2511,16410,180,1,7 '
Received from ('fd00::200:0:0:2', 8765, 0, 0): b' 2748,2,1,512,0,566,6,1,6,1,1,-88,1,768,9330,181,1,7 '
Received from ('fd00::200:0:0:8', 8765, 0, 0): b' 2748,8,4,768,0,565,5,11,7,1,1,-52,9,2964,22945,178,1,7 '
Received from ('fd00::200:0:0:1', 5678, 0, 0): b' 2748,1,0,256,0,8,0,0,4,0,0,0,10,1261,12999,3338,0,0 '
Received from ('fd00::200:0:0:13', 8765, 0, 0): b' 2748,19,16,1536,0,619,4,4,7,1,1,-70,0,932,11329,169,0,0 '
Received from ('fd00::200:0:0:3', 8765, 0, 0): b' 2748,3,1,512,0,590,6,3,7,1,1,-64,4,1746,12809,181,1,7 '
Received from ('fd00::200:0:0:11', 8765, 0, 0): b' 2748,17,13,1280,0,553,10,5,7,1,3,-52,1,1454,15799,165,0,0 '
Received from ('fd00::200:0:0:15', 8765, 0, 0): b' 2748,21,17,1536,0,593,4,7,5,1,1,-52,0,656,6846,157,0,0 '
Received from ('fd00::200:0:0:d', 8765, 0, 0): b' 2750,13,8,1024,0,526,4,4,7,1,1,-70,5,2112,17285,174,0,0 '
Received from ('fd00::200:0:0:12', 8765, 0, 0): b' 2749,18,15,1536,0,585,4,4,5,1,1,-70,0,670,8386,172,0,0 '
Received from ('fd00::200:0:0:b', 8765, 0, 0): b' 2750,11,8,1024,0,582,5,8,7,1,2,-70,1,1374,18182,172,0,0 '
Received from ('fd00::200:0:0:10', 8765, 0, 0): b' 2750,16,13,1280,0,575,4,7,7,1,1,-70,2,1767,22022,172,0,0 '
Received from ('fd00::200:0:0:6', 8765, 0, 0): b' 2751,6,2,768,0,565,2,13,7,1,1,-52,0,906,10185,133,0,0 '
Received from ('fd00::200:0:0:c', 8765, 0, 0): b' 2750,12,8,1024,0,544,7,20,7,1,3,-52,0,746,9503,133,0,0 '
Received from ('fd00::200:0:0:e', 8765, 0, 0): b' 2751,14,11,1280,0,594,3,3,7,1,1,-70,0,434,8203,171,0,0 '
Received from ('fd00::200:0:0:14', 8765, 0, 0): b' 2752,20,16,1536,0,612,5,5,7,1,1,-52,0,787,7844,166,0,0 '
Received from ('fd00::200:0:0:5', 8765, 0, 0): b' 2753,5,4,768,0,640,7,1,6,1,1,-52,0,1124,11229,182,0,0 '
Received from ('fd00::200:0:0:9', 8765, 0, 0): b' 2753,9,4,768,10,544,9,14,6,1,4,-70,0,906,11513,133,0,0 '
Received from ('fd00::200:0:0:a', 8765, 0, 0): b' 2752,10,7,1024,0,560,4,5,7,1,1,-70,2,649,11399,178,0,0 '
Received from ('fd00::200:0:0:4', 8765, 0, 0): b' 2753,4,1,512,0,583,6,3,7,2,1,-66,10,3230,18688,181,1,7 '
Received from ('fd00::200:0:0:f', 8765, 0, 0): b' 2754,15,10,1280,0,571,5,12,7,1,2,-70,1,1014,11941,172,0,0 '
Received from ('fd00::200:0:0:12', 8765, 0, 0): b' 2754,18,15,1536,0,586,4,4,5,1,1,-70,0,386,4626,172,0,0 '
Received from ('fd00::200:0:0:3', 8765, 0, 0): b' 2754,3,1,512,10,591,6,3,7,1,1,-64,4,1315,10192,182,1,7 '
Received from ('fd00::200:0:0:10', 8765, 0, 0): b' 2755,16,13,1280,0,576,4,7,7,1,1,-70,2,642,8550,172,0,0 '
Received from ('fd00::200:0:0:d', 8765, 0, 0): b' 2756,13,8,1024,10,527,4,4,7,1,1,-70,5,1291,12229,175,0,0 '
Received from ('fd00::200:0:0:13', 8765, 0, 0): b' 2755,19,16,1536,10,622,4,4,7,1,1,-70,0,698,7217,169,0,0 '
Received from ('fd00::200:0:0:c', 8765, 0, 0): b' 2756,12,8,1024,0,547,7,20,7,1,3,-52,0,656,6124,134,0,0 '
Received from ('fd00::200:0:0:b', 8765, 0, 0): b' 2756,11,8,1024,20,584,5,8,7,1,2,-70,1,755,9671,172,0,0 '
Received from ('fd00::200:0:0:a', 8765, 0, 0): b' 2756,10,7,1024,0,563,4,5,7,1,1,-70,2,1080,7446,178,0,0 '
Received from ('fd00::200:0:0:7', 8765, 0, 0): b' 2757,7,3,768,0,591,5,5,7,1,1,-52,3,2013,19333,180,1,7 '
Received from ('fd00::200:0:0:15', 8765, 0, 0): b' 2756,21,17,1536,0,595,4,7,5,1,1,-52,0,638,8252,157,0,0 '
Received from ('fd00::200:0:0:5', 8765, 0, 0): b' 2758,5,4,768,10,642,7,1,6,1,1,-52,0,371,6002,182,0,0 '
Received from ('fd00::200:0:0:2', 8765, 0, 0): b' 2759,2,1,512,0,573,6,1,6,1,1,-88,1,1812,18440,182,1,7 '
Received from ('fd00::200:0:0:8', 8765, 0, 0): b' 2759,8,4,768,10,568,5,11,7,1,1,-52,9,4466,29650,178,1,7 '
Received from ('fd00::200:0:0:6', 8765, 0, 0): b' 2759,6,2,768,0,567,2,13,7,1,1,-52,0,516,7529,133,0,0 '
Received from ('fd00::200:0:0:11', 8765, 0, 0): b' 2759,17,13,1280,10,558,10,5,7,1,3,-52,1,1567,14931,166,0,0 '
Received from ('fd00::200:0:0:f', 8765, 0, 0): b' 2759,15,10,1280,10,573,5,12,7,1,2,-70,1,734,7194,172,0,0 '
Received from ('fd00::200:0:0:1', 5678, 0, 0): b' 2760,1,0,256,0,8,0,0,4,0,0,0,10,2641,28215,3350,0,0 '
Received from ('fd00::200:0:0:e', 8765, 0, 0): b' 2759,14,11,1280,0,594,3,3,7,1,1,-70,0,456,7761,172,0,0 '
Received from ('fd00::200:0:0:13', 8765, 0, 0): b' 2760,19,16,1536,0,622,4,4,7,1,1,-70,0,239,5409,170,0,0 '
Received from ('fd00::200:0:0:4', 8765, 0, 0): b' 2762,4,1,512,0,583,6,3,7,2,1,-66,10,3662,23979,181,1,7 '
Received from ('fd00::200:0:0:14', 8765, 0, 0): b' 2762,20,16,1536,0,616,5,5,7,1,1,-52,0,852,10117,166,0,0 '
Received from ('fd00::200:0:0:b', 8765, 0, 0): b' 2762,11,8,1024,0,587,5,8,7,1,2,-70,1,1005,10191,173,0,0 '
Received from ('fd00::200:0:0:a', 8765, 0, 0): b' 2762,10,7,1024,0,566,4,5,7,1,1,-70,2,1040,9890,179,0,0 '
Received from ('fd00::200:0:0:7', 8765, 0, 0): b' 2761,7,3,768,0,591,5,5,7,1,1,-52,3,1100,10381,181,1,7 '
Received from ('fd00::200:0:0:12', 8765, 0, 0): b' 2763,18,15,1536,0,589,4,4,5,1,1,-70,0,704,9385,173,0,0 '
Received from ('fd00::200:0:0:9', 8765, 0, 0): b' 2764,9,4,768,0,547,9,14,6,1,4,-70,0,825,10680,134,0,0 '
Received from ('fd00::200:0:0:11', 8765, 0, 0): b' 2764,17,13,1280,10,558,10,5,7,1,3,-52,1,517,6376,166,0,0 '
Received from ('fd00::200:0:0:e', 8765, 0, 0): b' 2763,14,11,1280,0,595,3,3,7,1,1,-70,0,362,3956,172,0,0 '
Received from ('fd00::200:0:0:5', 8765, 0, 0): b' 2764,5,4,768,10,645,7,1,6,1,1,-52,0,695,7892,182,0,0 '
Received from ('fd00::200:0:0:15', 8765, 0, 0): b' 2763,21,17,1536,0,598,4,7,5,1,1,-52,0,740,7084,158,0,0 '
Received from ('fd00::200:0:0:c', 8765, 0, 0): b' 2764,12,8,1024,0,548,7,20,7,1,3,-52,0,410,7550,134,0,0 '
Received from ('fd00::200:0:0:d', 8765, 0, 0): b' 2765,13,8,1024,0,527,4,5,7,1,1,-70,5,2200,18644,175,0,0 '
Received from ('fd00::200:0:0:1', 5678, 0, 0): b' 2765,1,0,256,0,8,0,0,4,0,0,0,10,1290,13277,3358,0,0 '
Received from ('fd00::200:0:0:3', 8765, 0, 0): b' 2765,3,1,512,0,592,6,3,7,1,1,-64,4,2132,18607,182,1,7 '
Received from ('fd00::200:0:0:2', 8765, 0, 0): b' 2766,2,1,512,0,576,6,1,6,1,1,-88,1,1058,10688,182,1,7 '
Received from ('fd00::200:0:0:4', 8765, 0, 0): b' 2766,4,1,512,0,585,6,3,7,2,1,-66,10,2369,12327,181,1,7 '
Received from ('fd00::200:0:0:10', 8765, 0, 0): b' 2765,16,13,1280,0,580,4,7,7,1,1,-70,2,2099,22354,173,0,0 '
Received from ('fd00::200:0:0:f', 8765, 0, 0): b' 2767,15,10,1280,0,575,5,12,7,1,2,-70,1,957,10375,172,0,0 '
Received from ('fd00::200:0:0:9', 8765, 0, 0): b' 2768,9,4,768,0,549,9,14,7,1,4,-70,0,462,4186,134,0,0 '
Received from ('fd00::200:0:0:a', 8765, 0, 0): b' 2766,10,7,1024,0,566,4,5,7,1,1,-70,2,783,9227,179,0,0 '
Received from ('fd00::200:0:0:14', 8765, 0, 0): b' 2769,20,16,1536,0,617,5,5,7,1,1,-52,0,443,6974,167,0,0 '
Received from ('fd00::200:0:0:13', 8765, 0, 0): b' 2770,19,16,1536,0,625,4,4,7,1,1,-70,0,745,9013,170,0,0 '
Received from ('fd00::200:0:0:8', 8765, 0, 0): b' 2770,8,4,768,0,570,5,11,7,1,1,-52,9,4429,29399,179,1,7 '
Received from ('fd00::200:0:0:2', 8765, 0, 0): b' 2770,2,1,512,0,577,6,1,6,1,1,-88,1,548,7048,183,1,7 '
Received from ('fd00::200:0:0:3', 8765, 0, 0): b' 2769,3,1,512,0,593,6,3,7,1,1,-64,4,976,8520,183,1,7 '
Received from ('fd00::200:0:0:1', 5678, 0, 0): b' 2770,1,0,256,0,8,0,0,4,0,0,0,10,1294,12808,3366,0,0 '
Received from ('fd00::200:0:0:c', 8765, 0, 0): b' 2770,12,8,1024,0,550,7,20,7,1,3,-52,0,487,5887,134,0,0 '
Received from ('fd00::200:0:0:5', 8765, 0, 0): b' 2771,5,4,768,0,646,7,1,6,1,1,-52,0,486,8318,183,0,0 '
Received from ('fd00::200:0:0:6', 8765, 0, 0): b' 2770,6,2,768,0,569,2,13,7,1,1,-52,0,716,11285,134,0,0 '
Received from ('fd00::200:0:0:12', 8765, 0, 0): b' 2771,18,15,1536,0,591,4,4,5,1,1,-70,0,590,6895,173,0,0 '
Received from ('fd00::200:0:0:f', 8765, 0, 0): b' 2772,15,10,1280,10,577,5,12,7,1,2,-70,1,677,6588,173,0,0 '
Received from ('fd00::200:0:0:b', 8765, 0, 0): b' 2770,11,8,1024,10,593,5,8,7,1,2,-70,1,1251,12613,173,0,0 '
Received from ('fd00::200:0:0:7', 8765, 0, 0): b' 2773,7,3,768,0,594,5,5,7,1,1,-52,3,2057,17353,181,1,7 '
Received from ('fd00::200:0:0:15', 8765, 0, 0): b' 2773,21,17,1536,0,601,5,7,5,1,1,-52,0,945,9680,158,0,0 '
Received from ('fd00::200:0:0:11', 8765, 0, 0): b' 2773,17,13,1280,0,563,10,5,7,1,3,-52,1,1487,13677,167,0,0 '
Received from ('fd00::200:0:0:4', 8765, 0, 0): b' 2775,4,1,512,0,588,6,3,7,2,1,-66,10,4036,24614,182,1,7 '
Received from ('fd00::200:0:0:3', 8765, 0, 0): b' 2774,3,1,512,0,594,6,3,7,1,1,-64,4,1170,8872,183,1,7 '
Received from ('fd00::200:0:0:e', 8765, 0, 0): b' 2774,14,11,1280,0,599,3,3,7,1,1,-70,0,932,11094,173,0,0 '
Received from ('fd00::200:0:0:d', 8765, 0, 0): b' 2775,13,8,1024,0,528,5,5,7,1,1,-70,5,2563,22752,176,0,0 '
Received from ('fd00::200:0:0:12', 8765, 0, 0): b' 2776,18,15,1536,0,593,4,4,5,1,1,-70,0,549,5622,174,0,0 '
Received from ('fd00::200:0:0:10', 8765, 0, 0): b' 2775,16,13,1280,0,584,4,7,7,1,1,-70,2,1712,18759,174,0,0 '
Received from ('fd00::200:0:0:5', 8765, 0, 0): b' 2777,5,4,768,0,649,7,1,6,1,1,-52,0,591,7388,183,0,0 '
Received from ('fd00::200:0:0:9', 8765, 0, 0): b' 2777,9,4,768,0,550,9,14,7,1,4,-70,0,523,8559,134,0,0 '
Received from ('fd00::200:0:0:f', 8765, 0, 0): b' 2777,15,10,1280,0,579,6,12,7,1,2,-70,1,1012,7419,173,0,0 '
Received from ('fd00::200:0:0:2', 8765, 0, 0): b' 2778,2,1,512,0,579,6,1,6,1,1,-88,1,1076,12567,183,1,7 '
Received from ('fd00::200:0:0:a', 8765, 0, 0): b' 2778,10,7,1024,10,568,4,5,7,1,1,-70,2,1747,15957,180,0,0 '
Received from ('fd00::200:0:0:3', 8765, 0, 0): b' 2778,3,1,512,0,594,6,3,7,1,1,-64,4,1212,8084,183,1,7 '
Received from ('fd00::200:0:0:1', 5678, 0, 0): b' 2780,1,0,256,0,8,0,0,4,0,0,0,10,2067,21418,3378,0,0 '
Received from ('fd00::200:0:0:13', 8765, 0, 0): b' 2779,19,16,1536,0,625,4,4,7,1,1,-70,0,456,8830,171,0,0 '
Received from ('fd00::200:0:0:c', 8765, 0, 0): b' 2779,12,8,1024,0,552,8,20,7,1,3,-52,0,768,9240,135,0,0 '
Received from ('fd00::200:0:0:b', 8765, 0, 0): b' 2779,11,8,1024,10,597,6,8,7,1,2,-70,1,1318,14384,174,0,0 '
Received from ('fd00::200:0:0:e', 8765, 0, 0): b' 2780,14,11,1280,0,600,4,3,7,1,1,-70,0,443,5253,173,0,0 '
Received from ('fd00::200:0:0:8', 8765, 0, 0): b' 2782,8,4,768,20,574,5,11,7,1,1,-52,9,5052,32690,180,1,7 '
Received from ('fd00::200:0:0:6', 8765, 0, 0): b' 2781,6,2,768,10,570,2,13,7,1,1,-52,0,586,10223,135,0,0 '
Received from ('fd00::200:0:0:11', 8765, 0, 0): b' 2780,17,13,1280,10,568,10,5,7,1,3,-52,1,1170,9577,167,0,0 '
Received from ('fd00::200:0:0:14', 8765, 0, 0): b' 2780,20,16,1536,0,621,5,5,7,1,1,-52,0,1029,12014,168,0,0 '
Received from ('fd00::200:0:0:7', 8765, 0, 0): b' 2782,7,3,768,0,597,5,5,7,1,1,-52,3,1815,15889,182,1,7 '
Received from ('fd00::200:0:0:15', 8765, 0, 0): b' 2780,21,17,1536,0,603,5,7,5,1,1,-52,0,567,7422,159,0,0 '
Received from ('fd00::200:0:0:9', 8765, 0, 0): b' 2784,9,4,768,0,552,9,14,7,1,4,-70,0,547,6394,135,0,0 '
Received from ('fd00::200:0:0:5', 8765, 0, 0): b' 2784,5,4,768,10,651,7,1,6,1,1,-52,0,574,8869,184,0,0 '
Received from ('fd00::200:0:0:f', 8765, 0, 0): b' 2784,15,10,1280,0,580,6,12,7,1,2,-70,1,581,8836,174,0,0 '
Received from ('fd00::200:0:0:10', 8765, 0, 0): b' 2785,16,13,1280,0,585,4,7,7,1,1,-70,2,1239,16314,174,0,0 '
Received from ('fd00::200:0:0:4', 8765, 0, 0): b' 2786,4,1,512,10,589,6,3,7,2,1,-66,10,4896,31777,183,1,7 '
Received from ('fd00::200:0:0:a', 8765, 0, 0): b' 2785,10,7,1024,10,570,4,5,7,1,1,-70,2,917,13546,180,0,0 '
Received from ('fd00::200:0:0:11', 8765, 0, 0): b' 2785,17,13,1280,0,568,10,5,7,1,3,-52,1,451,5339,168,0,0 '
Received from ('fd00::200:0:0:b', 8765, 0, 0): b' 2786,11,8,1024,20,600,6,8,7,1,2,-70,1,1231,12181,174,0,0 '
Received from ('fd00::200:0:0:d', 8765, 0, 0): b' 2787,13,8,1024,20,534,5,5,7,1,1,-70,5,2953,24268,177,0,0 '
Received from ('fd00::200:0:0:6', 8765, 0, 0): b' 2787,6,2,768,10,572,2,13,7,1,1,-52,0,493,5906,135,0,0 '
Received from ('fd00::200:0:0:13', 8765, 0, 0): b' 2785,19,16,1536,0,627,4,4,7,1,1,-70,0,517,6251,171,0,0 '
Received from ('fd00::200:0:0:1', 5678, 0, 0): b' 2788,1,0,256,0,8,0,0,4,0,0,0,10,1819,19545,3388,0,0 '
Received from ('fd00::200:0:0:3', 8765, 0, 0): b' 2788,3,1,512,10,597,6,3,7,1,1,-64,4,1663,15143,184,1,7 '
Received from ('fd00::200:0:0:e', 8765, 0, 0): b' 2786,14,11,1280,10,601,4,3,7,1,1,-70,0,442,6030,174,0,0 '
Received from ('fd00::200:0:0:12', 8765, 0, 0): b' 2788,18,15,1536,0,595,4,4,5,1,1,-70,0,662,10373,174,0,0 '
Received from ('fd00::200:0:0:14', 8765, 0, 0): b' 2786,20,16,1536,0,622,5,5,7,1,1,-52,0,292,5278,168,0,0 '
Received from ('fd00::200:0:0:2', 8765, 0, 0): b' 2789,2,1,512,10,583,6,1,6,1,1,-88,1,1532,17221,184,1,7 '
Received from ('fd00::200:0:0:15', 8765, 0, 0): b' 2788,21,17,1536,0,607,5,7,5,1,1,-52,0,828,7634,159,0,0 '
Received from ('fd00::200:0:0:c', 8765, 0, 0): b' 2791,12,8,1024,0,555,8,20,7,1,3,-52,0,913,11114,136,0,0 '
Received from ('fd00::200:0:0:a', 8765, 0, 0): b' 2790,10,7,1024,0,571,4,5,7,1,1,-70,2,787,7915,181,0,0 '
Received from ('fd00::200:0:0:9', 8765, 0, 0): b' 2791,9,4,768,0,554,9,14,7,1,4,-70,0,509,7064,135,0,0 '
Received from ('fd00::200:0:0:8', 8765, 0, 0): b' 2791,8,4,768,30,577,5,11,7,1,1,-52,9,3744,24733,181,1,7 '
Received from ('fd00::200:0:0:10', 8765, 0, 0): b' 2791,16,13,1280,0,587,4,7,7,1,1,-70,2,1265,12156,175,0,0 '
Received from ('fd00::200:0:0:7', 8765, 0, 0): b' 2793,7,3,768,0,601,5,5,7,1,1,-52,3,2199,18247,182,1,7 '
Received from ('fd00::200:0:0:15', 8765, 0, 0): b' 2792,21,17,1536,10,608,5,7,5,1,1,-52,0,291,3829,160,0,0 '
Received from ('fd00::200:0:0:b', 8765, 0, 0): b' 2794,11,8,1024,0,601,6,8,7,1,2,-70,1,873,10623,175,0,0 '
Received from ('fd00::200:0:0:e', 8765, 0, 0): b' 2793,14,11,1280,0,603,4,3,7,1,1,-70,0,518,6278,174,0,0 '
Received from ('fd00::200:0:0:11', 8765, 0, 0): b' 2794,17,13,1280,0,571,10,5,7,1,3,-52,1,1354,12864,168,0,0 '
Received from ('fd00::200:0:0:5', 8765, 0, 0): b' 2795,5,4,768,0,654,7,1,6,1,1,-52,0,761,12555,184,0,0 '
Received from ('fd00::200:0:0:f', 8765, 0, 0): b' 2794,15,10,1280,0,583,6,12,7,1,2,-70,1,1270,14395,174,0,0 '
Received from ('fd00::200:0:0:d', 8765, 0, 0): b' 2795,13,8,1024,0,535,5,5,7,1,1,-70,5,2022,16515,177,0,0 '
Received from ('fd00::200:0:0:1', 5678, 0, 0): b' 2796,1,0,256,0,8,0,0,4,0,0,0,10,1751,18354,3399,0,0 '
Received from ('fd00::200:0:0:13', 8765, 0, 0): b' 2796,19,16,1536,0,629,4,4,7,1,1,-70,0,694,10254,172,0,0 '
Received from ('fd00::200:0:0:4', 8765, 0, 0): b' 2797,4,1,512,0,591,6,3,7,2,1,-66,10,5354,31494,183,1,7 '
Received from ('fd00::200:0:0:14', 8765, 0, 0): b' 2796,20,16,1536,0,625,5,5,7,1,1,-52,0,801,10340,169,0,0 '
Received from ('fd00::200:0:0:3', 8765, 0, 0): b' 2798,3,1,512,20,599,6,3,7,1,1,-64,4,1955,17120,185,1,7 '
Received from ('fd00::200:0:0:2', 8765, 0, 0): b' 2798,2,1,512,0,585,6,1,6,1,1,-88,1,1234,13706,184,1,7 '
Received from ('fd00::200:0:0:12', 8765, 0, 0): b' 2797,18,15,1536,0,600,4,4,5,1,1,-70,0,895,9322,175,0,0 '
Received from ('fd00::200:0:0:e', 8765, 0, 0): b' 2797,14,11,1280,0,603,4,3,7,1,1,-70,0,255,4317,174,0,0 '
Received from ('fd00::200:0:0:a', 8765, 0, 0): b' 2796,10,7,1024,0,572,4,5,7,1,1,-70,2,889,10024,181,0,0 '
Received from ('fd00::200:0:0:6', 8765, 0, 0): b' 2798,6,2,768,0,579,2,13,7,1,1,-52,0,1252,11491,136,0,0 '
Received from ('fd00::200:0:0:8', 8765, 0, 0): b' 2799,8,4,768,10,577,5,11,7,1,1,-52,9,2874,20318,181,1,7 '
Received from ('fd00::200:0:0:7', 8765, 0, 0): b' 2799,7,3,768,0,603,5,5,7,1,1,-52,3,1343,10908,183,1,7 '
Received from ('fd00::200:0:0:9', 8765, 0, 0): b' 2800,9,4,768,0,555,9,14,7,1,4,-70,0,561,8059,136,0,0 '
Received from ('fd00::200:0:0:d', 8765, 0, 0): b' 2800,13,8,1024,10,537,5,5,7,1,1,-70,5,1097,9853,177,0,0 '
Received from ('fd00::200:0:0:11', 8765, 0, 0): b' 2800,17,13,1280,0,572,10,5,7,1,3,-52,1,530,7168,169,0,0 '
Received from ('fd00::200:0:0:3', 8765, 0, 0): b' 2801,3,1,512,0,599,6,3,7,1,1,-64,4,1010,7247,185,1,7 '
Received from ('fd00::200:0:0:a', 8765, 0, 0): b' 2801,10,7,1024,0,572,4,5,7,1,1,-70,2,540,7126,181,0,0 '
Received from ('fd00::200:0:0:12', 8765, 0, 0): b' 2802,18,15,1536,0,602,4,4,5,1,1,-70,0,493,5413,175,0,0 '
Received from ('fd00::200:0:0:c', 8765, 0, 0): b' 2803,12,8,1024,0,563,8,20,7,1,3,-52,0,1355,12441,137,0,0 '
Received from ('fd00::200:0:0:f', 8765, 0, 0): b' 2803,15,10,1280,0,586,6,12,7,1,2,-70,1,1301,11534,175,0,0 '
Received from ('fd00::200:0:0:10', 8765, 0, 0): b' 2803,16,13,1280,0,590,4,7,7,1,1,-70,2,1841,22075,176,0,0 '
Received from ('fd00::200:0:0:15', 8765, 0, 0): b' 2803,21,17,1536,0,609,5,7,5,1,1,-52,0,556,10314,160,0,0 '
Received from ('fd00::200:0:0:7', 8765, 0, 0): b' 2804,7,3,768,0,604,5,5,7,1,1,-52,3,1122,9759,183,1,7 '
Received from ('fd00::200:0:0:d', 8765, 0, 0): b' 2804,13,8,1024,0,538,5,5,7,1,1,-70,5,1377,10110,178,0,0 '
Received from ('fd00::200:0:0:1', 5678, 0, 0): b' 2805,1,0,256,0,8,0,0,4,0,0,0,10,2074,21743,3411,0,0 '
Received from ('fd00::200:0:0:4', 8765, 0, 0): b' 2805,4,1,512,0,592,6,3,7,2,1,-66,10,3378,22286,184,1,7 '
Received from ('fd00::200:0:0:8', 8765, 0, 0): b' 2805,8,4,768,10,581,5,11,7,1,1,-52,9,2826,18078,181,1,7 '
Received from ('fd00::200:0:0:6', 8765, 0, 0): b' 2805,6,2,768,0,582,2,13,7,1,1,-52,0,844,8122,137,0,0 '
Received from ('fd00::200:0:0:b', 8765, 0, 0): b' 2805,11,8,1024,10,605,6,8,7,1,2,-70,1,1354,18314,175,0,0 '
Received from ('fd00::200:0:0:5', 8765, 0, 0): b' 2805,5,4,768,10,658,7,1,6,1,1,-52,0,934,14446,185,0,0 '
Received from ('fd00::200:0:0:e', 8765, 0, 0): b' 2805,14,11,1280,0,605,4,3,7,1,1,-70,0,573,7759,175,0,0 '
Received from ('fd00::200:0:0:3', 8765, 0, 0): b' 2806,3,1,512,10,600,6,3,7,1,1,-64,4,1300,9491,185,1,7 '
Received from ('fd00::200:0:0:11', 8765, 0, 0): b' 2806,17,13,1280,0,573,10,5,7,1,3,-52,1,592,6954,169,0,0 '
Received from ('fd00::200:0:0:13', 8765, 0, 0): b' 2806,19,16,1536,0,632,4,4,7,1,1,-70,0,802,9756,173,0,0 '
Received from ('fd00::200:0:0:14', 8765, 0, 0): b' 2807,20,16,1536,0,631,5,5,7,1,1,-52,0,1067,9613,169,0,0 '
Received from ('fd00::200:0:0:10', 8765, 0, 0): b' 2807,16,13,1280,0,591,4,7,7,1,1,-70,2,951,8845,176,0,0 '
Received from ('fd00::200:0:0:c', 8765, 0, 0): b' 2808,12,8,1024,0,563,8,20,7,1,3,-52,0,282,4641,137,0,0 '
Received from ('fd00::200:0:0:2', 8765, 0, 0): b' 2808,2,1,512,0,587,6,1,6,1,1,-88,1,1581,19103,185,1,7 '
Received from ('fd00::200:0:0:a', 8765, 0, 0): b' 2810,10,7,1024,0,575,4,5,7,1,1,-70,2,1393,14319,182,0,0 '
Received from ('fd00::200:0:0:12', 8765, 0, 0): b' 2810,18,15,1536,0,604,4,4,5,1,1,-70,0,670,7664,176,0,0 '
Received from ('fd00::200:0:0:9', 8765, 0, 0): b' 2811,9,4,768,0,559,9,14,7,1,4,-70,0,930,11397,137,0,0 '
Received from ('fd00::200:0:0:3', 8765, 0, 0): b' 2812,3,1,512,0,601,6,3,7,1,1,-64,4,1025,8409,185,1,7 '
Received from ('fd00::200:0:0:b', 8765, 0, 0): b' 2812,11,8,1024,0,605,6,8,7,1,2,-70,1,847,11767,176,0,0 '
Received from ('fd00::200:0:0:4', 8765, 0, 0): b' 2812,4,1,512,0,594,6,3,7,2,1,-66,10,3612,21716,184,1,7 '
Received from ('fd00::200:0:0:5', 8765, 0, 0): b' 2812,5,4,768,10,659,7,1,6,1,1,-52,0,506,8853,186,0,0 '
Received from ('fd00::200:0:0:7', 8765, 0, 0): b' 2813,7,3,768,0,605,5,5,7,1,1,-52,3,1499,15464,184,1,7 '
Received from ('fd00::200:0:0:d', 8765, 0, 0): b' 2813,13,8,1024,0,538,5,5,7,1,1,-70,5,1879,19237,178,0,0 '
Received from ('fd00::200:0:0:11', 8765, 0, 0): b' 2814,17,13,1280,0,577,10,5,7,1,3,-52,1,1119,10688,170,0,0 '
Received from ('fd00::200:0:0:f', 8765, 0, 0): b' 2814,15,10,1280,0,589,6,12,7,1,2,-70,1,1322,14833,176,0,0 '
Received from ('fd00::200:0:0:1', 5678, 0, 0): b' 2814,1,0,256,0,8,0,0,4,0,0,0,10,2073,22764,3424,0,0 '
Received from ('fd00::200:0:0:6', 8765, 0, 0): b' 2814,6,2,768,0,584,2,13,7,1,1,-52,0,515,8802,137,0,0 '
Received from ('fd00::200:0:0:2', 8765, 0, 0): b' 2815,2,1,512,10,588,6,1,6,1,1,-88,1,763,8496,185,1,7 '
Received from ('fd00::200:0:0:8', 8765, 0, 0): b' 2815,8,4,768,30,582,5,11,7,1,1,-52,9,3451,25117,182,1,7 '
Received from ('fd00::200:0:0:c', 8765, 0, 0): b' 2815,12,8,1024,0,565,8,20,7,1,3,-52,0,573,8120,138,0,0 '
Received from ('fd00::200:0:0:15', 8765, 0, 0): b' 2815,21,17,1536,10,612,5,7,5,1,1,-52,0,713,10224,161,0,0 '
Received from ('fd00::200:0:0:3', 8765, 0, 0): b' 2817,3,1,512,10,603,6,3,7,1,1,-64,4,1233,9845,186,1,7 '
Received from ('fd00::200:0:0:14', 8765, 0, 0): b' 2816,20,16,1536,0,635,5,5,7,1,1,-52,0,909,9508,170,0,0 '
Received from ('fd00::200:0:0:e', 8765, 0, 0): b' 2815,14,11,1280,0,610,4,3,7,1,1,-70,0,959,10213,175,0,0 '
Received from ('fd00::200:0:0:a', 8765, 0, 0): b' 2816,10,7,1024,0,575,4,5,7,1,1,-70,2,756,9842,182,0,0 '
Received from ('fd00::200:0:0:5', 8765, 0, 0): b' 2817,5,4,768,0,659,7,1,6,1,1,-52,0,361,6328,186,0,0 '
Received from ('fd00::200:0:0:13', 8765, 0, 0): b' 2816,19,16,1536,0,635,5,4,7,1,1,-70,0,825,10126,173,0,0 '
Received from ('fd00::200:0:0:4', 8765, 0, 0): b' 2818,4,1,512,10,595,6,3,7,2,1,-66,10,2954,17645,185,1,7 '
Received from ('fd00::200:0:0:10', 8765, 0, 0): b' 2817,16,13,1280,0,596,4,7,7,1,1,-70,2,1991,19922,177,0,0 '
Received from ('fd00::200:0:0:f', 8765, 0, 0): b' 2818,15,10,1280,0,590,6,12,7,1,2,-70,1,381,5646,176,0,0 '
Received from ('fd00::200:0:0:9', 8765, 0, 0): b' 2819,9,4,768,0,561,9,14,7,1,4,-70,0,516,7515,137,0,0 '
Received from ('fd00::200:0:0:b', 8765, 0, 0): b' 2818,11,8,1024,0,606,6,8,7,1,2,-70,1,831,9452,176,0,0 '
Received from ('fd00::200:0:0:11', 8765, 0, 0): b' 2819,17,13,1280,0,579,10,5,7,1,3,-52,1,765,6449,170,0,0 '
Received from ('fd00::200:0:0:12', 8765, 0, 0): b' 2819,18,15,1536,20,609,4,4,5,1,1,-70,0,731,8642,176,0,0 '
Received from ('fd00::200:0:0:15', 8765, 0, 0): b' 2819,21,17,1536,0,613,5,7,5,1,1,-52,0,472,4593,161,0,0 '
Received from ('fd00::200:0:0:7', 8765, 0, 0): b' 2820,7,3,768,0,608,5,5,7,1,1,-52,3,1539,12923,184,1,7 '
Received from ('fd00::200:0:0:6', 8765, 0, 0): b' 2820,6,2,768,0,584,2,13,7,1,1,-52,0,333,5584,138,0,0 '
Received from ('fd00::200:0:0:14', 8765, 0, 0): b' 2822,20,16,1536,10,636,5,5,7,1,1,-52,0,362,5187,170,0,0 '
Received from ('fd00::200:0:0:a', 8765, 0, 0): b' 2821,10,7,1024,10,577,4,5,7,1,1,-70,2,1084,8909,183,0,0 '
Received from ('fd00::200:0:0:11', 8765, 0, 0): b' 2823,17,13,1280,0,581,10,5,7,1,3,-52,1,761,5575,170,0,0 '
Received from ('fd00::200:0:0:d', 8765, 0, 0): b' 2822,13,8,1024,20,540,5,5,7,1,1,-70,5,2854,20930,179,0,0 '
Received from ('fd00::200:0:0:2', 8765, 0, 0): b' 2823,2,1,512,10,594,6,1,6,1,1,-88,1,1504,13140,186,1,7 '
Received from ('fd00::200:0:0:10', 8765, 0, 0): b' 2823,16,13,1280,0,597,4,7,7,1,1,-70,2,912,11490,177,0,0 '
Received from ('fd00::200:0:0:9', 8765, 0, 0): b' 2824,9,4,768,0,563,9,14,7,1,4,-70,0,517,5013,138,0,0 '
Received from ('fd00::200:0:0:12', 8765, 0, 0): b' 2824,18,15,1536,0,610,4,4,5,1,1,-70,0,550,5426,177,0,0 '
Received from ('fd00::200:0:0:1', 5678, 0, 0): b' 2824,1,0,256,0,8,0,0,4,0,0,0,10,2574,25069,3438,0,0 '
Received from ('fd00::200:0:0:e', 8765, 0, 0): b' 2824,14,11,1280,0,611,4,3,7,1,1,-70,0,537,8381,176,0,0 '
Received from ('fd00::200:0:0:c', 8765, 0, 0): b' 2824,12,8,1024,0,569,8,20,7,1,3,-52,0,822,9468,138,0,0 '
Received from ('fd00::200:0:0:f', 8765, 0, 0): b' 2825,15,10,1280,0,591,6,12,7,1,2,-70,1,1042,9028,176,0,0 '
Received from ('fd00::200:0:0:3', 8765, 0, 0): b' 2825,3,1,512,0,606,6,3,7,1,1,-64,4,2351,16055,186,1,7 '
Received from ('fd00::200:0:0:4', 8765, 0, 0): b' 2826,4,1,512,10,596,6,3,7,2,1,-66,10,3396,20537,185,1,7 '
Received from ('fd00::200:0:0:13', 8765, 0, 0): b' 2825,19,16,1536,0,637,5,4,7,1,1,-70,0,598,8772,174,0,0 '
Received from ('fd00::200:0:0:7', 8765, 0, 0): b' 2826,7,3,768,10,609,5,5,7,1,1,-52,3,1186,9543,185,1,7 '
Received from ('fd00::200:0:0:8', 8765, 0, 0): b' 2827,8,4,768,10,584,5,11,7,1,1,-52,9,4987,32448,183,1,7 '
Received from ('fd00::200:0:0:14', 8765, 0, 0): b' 2827,20,16,1536,0,639,5,5,7,1,1,-52,0,747,6715,171,0,0 '
Received from ('fd00::200:0:0:a', 8765, 0, 0): b' 2828,10,7,1024,10,578,4,5,7,1,1,-70,2,769,9574,183,0,0 '
Received from ('fd00::200:0:0:15', 8765, 0, 0): b' 2828,21,17,1536,0,615,5,7,5,1,1,-52,0,670,7939,162,0,0 '
Received from ('fd00::200:0:0:b', 8765, 0, 0): b' 2828,11,8,1024,0,608,6,8,7,1,2,-70,1,1095,16611,177,0,0 '
Received from ('fd00::200:0:0:5', 8765, 0, 0): b' 2829,5,4,768,0,663,7,1,6,1,1,-52,0,927,13567,187,0,0 '
Received from ('fd00::200:0:0:1', 5678, 0, 0): b' 2830,1,0,256,0,8,0,0,4,0,0,0,10,1219,12554,3446,0,0 '
Received from ('fd00::200:0:0:f', 8765, 0, 0): b' 2830,15,10,1280,0,591,6,12,7,1,2,-70,1,451,6877,177,0,0 '
Received from ('fd00::200:0:0:6', 8765, 0, 0): b' 2830,6,2,768,0,587,2,13,7,1,1,-52,0,743,9570,138,0,0 '
Received from ('fd00::200:0:0:9', 8765, 0, 0): b' 2830,9,4,768,0,563,9,14,7,1,4,-70,0,277,5790,138,0,0 '
Received from ('fd00::200:0:0:3', 8765, 0, 0): b' 2831,3,1,512,0,606,6,3,7,1,1,-64,4,1023,9845,187,1,7 '
Received from ('fd00::200:0:0:11', 8765, 0, 0): b' 2831,17,13,1280,0,584,10,5,7,1,3,-52,1,1120,11448,171,0,0 '
Received from ('fd00::200:0:0:e', 8765, 0, 0): b' 2831,14,11,1280,0,614,4,3,7,1,1,-70,0,721,6847,176,0,0 '
Received from ('fd00::200:0:0:12', 8765, 0, 0): b' 2832,18,15,1536,0,611,4,4,5,1,1,-70,0,507,6529,177,0,0 '
Received from ('fd00::200:0:0:d', 8765, 0, 0): b' 2831,13,8,1024,0,543,5,5,7,1,1,-70,5,2207,18597,180,0,0 '
Received from ('fd00::200:0:0:7', 8765, 0, 0): b' 2832,7,3,768,10,611,5,5,7,1,1,-52,3,1286,10460,185,1,7 '
Received from ('fd00::200:0:0:2', 8765, 0, 0): b' 2833,2,1,512,0,598,6,1,6,1,1,-88,1,1293,16174,187,1,7 '
Received from ('fd00::200:0:0:10', 8765, 0, 0): b' 2831,16,13,1280,0,599,4,7,7,1,1,-70,2,1562,18921,178,0,0 '
Received from ('fd00::200:0:0:4', 8765, 0, 0): b' 2834,4,1,512,0,598,6,3,7,2,1,-66,10,3645,22242,186,1,7 '
Received from ('fd00::200:0:0:8', 8765, 0, 0): b' 2833,8,4,768,10,585,5,11,7,1,1,-52,9,2546,17212,183,1,7 '
Received from ('fd00::200:0:0:13', 8765, 0, 0): b' 2834,19,16,1536,0,639,5,4,7,1,1,-70,0,614,8016,174,0,0 '
Received from ('fd00::200:0:0:a', 8765, 0, 0): b' 2834,10,7,1024,0,579,4,5,7,1,1,-70,2,969,10964,184,0,0 '
Received from ('fd00::200:0:0:15', 8765, 0, 0): b' 2833,21,17,1536,0,616,5,7,5,1,1,-52,0,386,5902,162,0,0 '
Received from ('fd00::200:0:0:5', 8765, 0, 0): b' 2834,5,4,768,0,664,7,1,6,1,1,-52,0,384,6903,187,0,0 '
Received from ('fd00::200:0:0:14', 8765, 0, 0): b' 2835,20,16,1536,0,641,5,5,7,1,1,-52,0,494,7222,171,0,0 '
Received from ('fd00::200:0:0:c', 8765, 0, 0): b' 2835,12,8,1024,0,573,8,20,7,1,3,-52,0,932,11020,139,0,0 '
Received from ('fd00::200:0:0:6', 8765, 0, 0): b' 2835,6,2,768,10,588,2,13,7,1,1,-52,0,416,5071,139,0,0 '
Received from ('fd00::200:0:0:1', 5678, 0, 0): b' 2838,1,0,256,0,8,0,0,4,0,0,0,10,2088,21077,3458,0,0 '
Received from ('fd00::200:0:0:b', 8765, 0, 0): b' 2839,11,8,1024,0,612,6,8,7,1,2,-70,1,1458,16594,178,0,0 '
Received from ('fd00::200:0:0:f', 8765, 0, 0): b' 2840,15,10,1280,0,592,6,12,7,1,2,-70,1,844,12091,177,0,0 '
Received from ('fd00::200:0:0:6', 8765, 0, 0): b' 2840,6,2,768,0,588,2,13,7,1,1,-52,0,278,4083,139,0,0 '
Received from ('fd00::200:0:0:7', 8765, 0, 0): b' 2841,7,3,768,0,611,5,5,7,1,1,-52,3,1208,13394,186,1,7 '
Received from ('fd00::200:0:0:5', 8765, 0, 0): b' 2840,5,4,768,0,666,7,1,6,1,1,-52,0,490,6353,187,0,0 '
Received from ('fd00::200:0:0:a', 8765, 0, 0): b' 2841,10,7,1024,0,579,4,5,7,1,1,-70,2,634,9229,184,0,0 '
Received from ('fd00::200:0:0:8', 8765, 0, 0): b' 2840,8,4,768,0,588,5,11,7,1,1,-52,9,2332,17313,184,1,7 '
Received from ('fd00::200:0:0:2', 8765, 0, 0): b' 2840,2,1,512,0,598,6,1,6,1,1,-88,1,1008,11508,187,1,7 '
Received from ('fd00::200:0:0:3', 8765, 0, 0): b' 2841,3,1,512,10,609,6,3,7,1,1,-64,4,2412,17737,187,1,7 '
Received from ('fd00::200:0:0:d', 8765, 0, 0): b' 2841,13,8,1024,20,548,5,5,7,1,1,-70,5,2320,20658,180,0,0 '
Received from ('fd00::200:0:0:12', 8765, 0, 0): b' 2841,18,15,1536,10,612,4,4,5,1,1,-70,0,466,8934,178,0,0 '
Received from ('fd00::200:0:0:9', 8765, 0, 0): b' 2842,9,4,768,0,567,9,14,7,1,4,-70,0,931,11806,139,0,0 '
Received from ('fd00::200:0:0:1', 5678, 0, 0): b' 2843,1,0,256,0,8,0,0,4,0,0,0,10,786,9653,3462,0,0 '
Received from ('fd00::200:0:0:e', 8765, 0, 0): b' 2842,14,11,1280,0,618,4,3,7,1,1,-70,0,908,10603,177,0,0 '
Received from ('fd00::200:0:0:15', 8765, 0, 0): b' 2841,21,17,1536,0,620,5,7,5,1,1,-52,0,787,8002,163,0,0 '
Received from ('fd00::200:0:0:10', 8765, 0, 0): b' 2841,16,13,1280,0,601,4,7,7,1,1,-70,2,1503,19570,178,0,0 '
Received from ('fd00::200:0:0:11', 8765, 0, 0): b' 2842,17,13,1280,0,586,10,5,7,1,3,-52,1,1391,15552,172,0,0 '
Received from ('fd00::200:0:0:c', 8765, 0, 0): b' 2844,12,8,1024,0,574,8,20,7,1,3,-52,0,564,8208,140,0,0 '
Received from ('fd00::200:0:0:8', 8765, 0, 0): b' 2845,8,4,768,20,588,5,11,7,1,1,-52,9,1967,12425,184,1,7 '
Received from ('fd00::200:0:0:4', 8765, 0, 0): b' 2845,4,1,512,0,602,6,3,7,2,1,-66,10,5700,33560,187,1,7 '
Received from ('fd00::200:0:0:13', 8765, 0, 0): b' 2842,19,16,1536,0,643,5,4,7,1,1,-70,0,908,10393,175,0,0 '
Received from ('fd00::200:0:0:b', 8765, 0, 0): b' 2845,11,8,1024,0,614,6,8,7,1,2,-70,1,852,9314,178,0,0 '
Received from ('fd00::200:0:0:14', 8765, 0, 0): b' 2843,20,16,1536,10,642,5,5,7,1,1,-52,0,587,9773,172,0,0 '
Received from ('fd00::200:0:0:15', 8765, 0, 0): b' 2846,21,17,1536,0,620,5,7,5,1,1,-52,0,279,5106,163,0,0 '
Received from ('fd00::200:0:0:6', 8765, 0, 0): b' 2847,6,2,768,10,589,2,13,7,1,1,-52,0,384,7356,139,0,0 '
Received from ('fd00::200:0:0:3', 8765, 0, 0): b' 2849,3,1,512,10,612,6,3,7,1,1,-64,4,1314,12423,188,1,7 '
Received from ('fd00::200:0:0:f', 8765, 0, 0): b' 2848,15,10,1280,0,596,6,12,7,1,2,-70,1,1204,11235,178,0,0 '
Received from ('fd00::200:0:0:e', 8765, 0, 0): b' 2849,14,11,1280,0,620,4,3,7,1,1,-70,0,550,6436,178,0,0 '
Received from ('fd00::200:0:0:7', 8765, 0, 0): b' 2849,7,3,768,0,612,5,5,7,1,1,-52,3,1504,16271,186,1,7 '
Received from ('fd00::200:0:0:2', 8765, 0, 0): b' 2850,2,1,512,10,599,6,1,6,1,1,-88,1,1025,14936,188,1,7 '
Received from ('fd00::200:0:0:5', 8765, 0, 0): b' 2851,5,4,768,0,670,7,1,6,1,1,-52,0,976,14150,188,0,0 '
Received from ('fd00::200:0:0:9', 8765, 0, 0): b' 2851,9,4,768,0,569,9,14,7,1,4,-70,0,637,8457,139,0,0 '
Received from ('fd00::200:0:0:12', 8765, 0, 0): b' 2851,18,15,1536,10,616,4,4,5,1,1,-70,0,746,9209,178,0,0 '
Received from ('fd00::200:0:0:11', 8765, 0, 0): b' 2851,17,13,1280,0,586,10,5,7,1,3,-52,1,724,9521,172,0,0 '
Received from ('fd00::200:0:0:c', 8765, 0, 0): b' 2851,12,8,1024,0,576,8,20,7,1,3,-52,0,517,6931,140,0,0 '
Received from ('fd00::200:0:0:d', 8765, 0, 0): b' 2851,13,8,1024,10,552,5,5,7,1,1,-70,5,2690,20172,181,0,0 '
Received from ('fd00::200:0:0:a', 8765, 0, 0): b' 2852,10,7,1024,0,584,4,5,7,1,1,-70,2,1981,19634,185,0,0 '
Received from ('fd00::200:0:0:1', 5678, 0, 0): b' 2852,1,0,256,0,8,0,0,4,0,0,0,10,2302,23880,3476,0,0 '
Received from ('fd00::200:0:0:6', 8765, 0, 0): b' 2852,6,2,768,0,591,2,13,7,1,1,-52,0,548,4986,140,0,0 '
Received from ('fd00::200:0:0:10', 8765, 0, 0): b' 2853,16,13,1280,0,604,4,7,7,1,1,-70,2,1531,17576,179,0,0 '
Received from ('fd00::200:0:0:4', 8765, 0, 0): b' 2854,4,1,512,10,605,6,3,7,2,1,-66,10,3745,24729,187,1,7 '
Received from ('fd00::200:0:0:b', 8765, 0, 0): b' 2854,11,8,1024,0,615,6,8,7,1,2,-70,1,982,15334,179,0,0 '
Received from ('fd00::200:0:0:13', 8765, 0, 0): b' 2853,19,16,1536,0,646,5,4,7,1,1,-70,0,802,10289,176,0,0 '
Received from ('fd00::200:0:0:c', 8765, 0, 0): b' 2857,12,8,1024,0,580,8,20,7,1,3,-52,0,683,5721,140,0,0 '
Received from ('fd00::200:0:0:8', 8765, 0, 0): b' 2857,8,4,768,10,589,5,11,7,1,1,-52,9,4179,30445,185,1,7 '
Received from ('fd00::200:0:0:15', 8765, 0, 0): b' 2854,21,17,1536,0,624,5,7,5,1,1,-52,0,884,8173,164,0,0 '
Received from ('fd00::200:0:0:3', 8765, 0, 0): b' 2857,3,1,512,10,615,6,3,7,1,1,-64,4,1905,15584,189,1,7 '
Received from ('fd00::200:0:0:14', 8765, 0, 0): b' 2854,20,16,1536,0,643,5,5,7,1,1,-52,0,612,10419,173,0,0 '
Received from ('fd00::200:0:0:a', 8765, 0, 0): b' 2857,10,7,1024,10,587,4,5,7,1,1,-70,2,717,8381,185,0,0 '
Received from ('fd00::200:0:0:9', 8765, 0, 0): b' 2858,9,4,768,0,570,9,14,7,1,4,-70,0,440,6936,140,0,0 '
Received from ('fd00::200:0:0:11', 8765, 0, 0): b' 2857,17,13,1280,0,586,10,5,7,1,3,-52,1,689,7639,173,0,0 '
Received from ('fd00::200:0:0:e', 8765, 0, 0): b' 2857,14,11,1280,0,623,4,3,7,1,1,-70,0,648,8143,178,0,0 '
Received from ('fd00::200:0:0:12', 8765, 0, 0): b' 2858,18,15,1536,0,618,4,4,5,1,1,-70,0,682,7385,179,0,0 '
Received from ('fd00::200:0:0:d', 8765, 0, 0): b' 2860,13,8,1024,0,555,5,5,7,1,1,-70,5,2015,17167,182,0,0 '
Received from ('fd00::200:0:0:7', 8765, 0, 0): b' 2859,7,3,768,10,615,5,5,7,1,1,-52,3,2070,17245,187,1,7 '
Received from ('fd00::200:0:0:f', 8765, 0, 0): b' 2860,15,10,1280,0,599,6,12,7,1,2,-70,1,1527,16192,179,0,0 '
Received from ('fd00::200:0:0:1', 5678, 0, 0): b' 2860,1,0,256,0,8,0,0,4,0,0,0,10,1730,18743,3487,0,0 '
Received from ('fd00::200:0:0:5', 8765, 0, 0): b' 2862,5,4,768,0,674,7,1,6,1,1,-52,0,934,13108,189,0,0 '
Received from ('fd00::200:0:0:2', 8765, 0, 0): b' 2861,2,1,512,0,602,6,1,6,1,1,-88,1,1358,17732,189,1,7 '
Received from ('fd00::200:0:0:6', 8765, 0, 0): b' 2862,6,2,768,0,594,2,13,7,1,1,-52,0,743,9905,140,0,0 '
Received from ('fd00::200:0:0:b', 8765, 0, 0): b' 2862,11,8,1024,10,616,6,8,7,1,2,-70,1,949,12448,179,0,0 '
Received from ('fd00::200:0:0:10', 8765, 0, 0): b' 2863,16,13,1280,20,608,4,7,7,1,1,-70,2,1694,19083,180,0,0 '
Received from ('fd00::200:0:0:13', 8765, 0, 0): b' 2860,19,16,1536,0,648,5,4,7,1,1,-70,0,588,7755,176,0,0 '
Received from ('fd00::200:0:0:12', 8765, 0, 0): b' 2863,18,15,1536,10,621,4,4,5,1,1,-70,0,576,5031,179,0,0 '
Received from ('fd00::200:0:0:e', 8765, 0, 0): b' 2863,14,11,1280,0,626,4,3,7,1,1,-70,0,753,6871,179,0,0 '
Received from ('fd00::200:0:0:4', 8765, 0, 0): b' 2864,4,1,512,0,608,6,3,7,2,1,-66,10,4589,27709,188,1,7 '
Received from ('fd00::200:0:0:11', 8765, 0, 0): b' 2864,17,13,1280,0,590,10,5,7,1,3,-52,1,816,9265,173,0,0 '
Received from ('fd00::200:0:0:c', 8765, 0, 0): b' 2865,12,8,1024,0,583,8,20,7,1,3,-52,0,680,7914,141,0,0 '
Received from ('fd00::200:0:0:9', 8765, 0, 0): b' 2865,9,4,768,10,573,9,14,7,1,4,-70,0,598,6401,140,0,0 '
Received from ('fd00::200:0:0:f', 8765, 0, 0): b' 2864,15,10,1280,0,599,6,12,7,1,2,-70,1,520,5564,179,0,0 '
Received from ('fd00::200:0:0:1', 5678, 0, 0): b' 2865,1,0,256,0,8,0,0,4,0,0,0,10,1084,12231,3491,0,0 '
Received from ('fd00::200:0:0:14', 8765, 0, 0): b' 2864,20,16,1536,0,644,5,5,7,1,1,-52,0,532,8574,173,0,0 '
Received from ('fd00::200:0:0:3', 8765, 0, 0): b' 2866,3,1,512,0,619,6,3,7,1,1,-64,4,2479,19008,189,1,7 '
Received from ('fd00::200:0:0:8', 8765, 0, 0): b' 2868,8,4,768,0,591,5,11,7,1,1,-52,9,4595,30101,186,1,7 '
Received from ('fd00::200:0:0:7', 8765, 0, 0): b' 2867,7,3,768,0,615,5,5,7,1,1,-52,3,1484,14495,188,1,7 '
Received from ('fd00::200:0:0:a', 8765, 0, 0): b' 2867,10,7,1024,0,589,4,5,7,1,1,-70,2,1697,17776,186,0,0 '
Received from ('fd00::200:0:0:15', 8765, 0, 0): b' 2867,21,17,1536,0,625,5,7,5,1,1,-52,0,605,10733,165,0,0 '
Received from ('fd00::200:0:0:10', 8765, 0, 0): b' 2868,16,13,1280,0,609,4,7,7,1,1,-70,2,1111,10707,180,0,0 '
Received from ('fd00::200:0:0:9', 8765, 0, 0): b' 2869,9,4,768,10,575,9,14,7,1,4,-70,0,525,4503,141,0,0 '
Received from ('fd00::200:0:0:2', 8765, 0, 0): b' 2870,2,1,512,0,603,6,1,6,1,1,-88,1,1076,12914,189,1,7 '
Received from ('fd00::200:0:0:c', 8765, 0, 0): b' 2869,12,8,1024,10,585,8,20,7,1,3,-52,0,386,5193,141,0,0 '
Received from ('fd00::200:0:0:6', 8765, 0, 0): b' 2870,6,2,768,0,596,2,13,7,1,1,-52,0,571,7605,141,0,0 '
Received from ('fd00::200:0:0:12', 8765, 0, 0): b' 2869,18,15,1536,0,624,4,4,5,1,1,-70,0,778,6706,180,0,0 '
Received from ('fd00::200:0:0:1', 5678, 0, 0): b' 2870,1,0,256,0,8,0,0,4,0,0,0,10,1065,10728,3498,0,0 '
Received from ('fd00::200:0:0:11', 8765, 0, 0): b' 2870,17,13,1280,0,591,10,5,7,1,3,-52,1,769,8249,174,0,0 '
Received from ('fd00::200:0:0:d', 8765, 0, 0): b' 2871,13,8,1024,0,557,5,5,7,1,1,-70,5,2645,22962,182,0,0 '
Received from ('fd00::200:0:0:f', 8765, 0, 0): b' 2869,15,10,1280,0,601,6,12,7,1,2,-70,1,904,8568,179,0,0 '
Received from ('fd00::200:0:0:5', 8765, 0, 0): b' 2873,5,4,768,0,677,7,1,6,1,1,-52,0,767,13403,189,0,0 '
Received from ('fd00::200:0:0:4', 8765, 0, 0): b' 2872,4,1,512,0,610,6,3,7,2,1,-66,10,3806,23210,188,1,7 '
Received from ('fd00::200:0:0:3', 8765, 0, 0): b' 2872,3,1,512,0,619,6,3,7,1,1,-64,4,1401,10334,190,1,7 '
Received from ('fd00::200:0:0:9', 8765, 0, 0): b' 2873,9,4,768,0,577,9,14,7,1,4,-70,0,486,4034,141,0,0 '
Received from ('fd00::200:0:0:15', 8765, 0, 0): b' 2872,21,17,1536,10,625,5,7,5,1,1,-52,0,256,4510,165,0,0 '
Received from ('fd00::200:0:0:b', 8765, 0, 0): b' 2873,11,8,1024,0,621,6,8,7,1,2,-70,1,1412,17481,180,0,0 '
Received from ('fd00::200:0:0:13', 8765, 0, 0): b' 2871,19,16,1536,0,652,5,4,7,1,1,-70,0,932,10887,177,0,0 '
Received from ('fd00::200:0:0:14', 8765, 0, 0): b' 2872,20,16,1536,0,646,5,5,7,1,1,-52,0,573,7941,174,0,0 '
Received from ('fd00::200:0:0:1', 5678, 0, 0): b' 2875,1,0,256,0,8,0,0,4,0,0,0,10,1053,11525,3506,0,0 '
Received from ('fd00::200:0:0:e', 8765, 0, 0): b' 2874,14,11,1280,0,628,4,3,7,1,1,-70,0,663,10723,179,0,0 '
Received from ('fd00::200:0:0:5', 8765, 0, 0): b' 2877,5,4,768,0,679,7,1,6,1,1,-52,0,545,5319,190,0,0 '
Received from ('fd00::200:0:0:11', 8765, 0, 0): b' 2876,17,13,1280,0,593,10,5,7,1,3,-52,1,727,7576,174,0,0 '
Received from ('fd00::200:0:0:9', 8765, 0, 0): b' 2877,9,4,768,0,577,9,14,7,1,4,-70,0,156,3812,141,0,0 '
Received from ('fd00::200:0:0:c', 8765, 0, 0): b' 2876,12,8,1024,10,591,8,20,7,1,3,-52,0,1176,7987,142,0,0 '
Received from ('fd00::200:0:0:d', 8765, 0, 0): b' 2878,13,8,1024,0,559,5,5,7,1,1,-70,5,1816,15366,183,0,0 '
Received from ('fd00::200:0:0:6', 8765, 0, 0): b' 2878,6,2,768,0,597,2,13,7,1,1,-52,0,631,8035,141,0,0 '
Received from ('fd00::200:0:0:b', 8765, 0, 0): b' 2878,11,8,1024,0,623,6,8,7,1,2,-70,1,826,7874,180,0,0 '
Received from ('fd00::200:0:0:2', 8765, 0, 0): b' 2878,2,1,512,0,604,6,1,6,1,1,-88,1,1146,13582,190,1,7 '
Received from ('fd00::200:0:0:a', 8765, 0, 0): b' 2877,10,7,1024,0,590,4,5,7,1,1,-70,2,1147,15389,186,0,0 '
Received from ('fd00::200:0:0:8', 8765, 0, 0): b' 2879,8,4,768,0,593,5,12,7,1,1,-52,9,4582,30740,186,1,7 '
Received from ('fd00::200:0:0:f', 8765, 0, 0): b' 2877,15,10,1280,0,602,6,12,7,1,2,-70,1,663,10141,180,0,0 '
Received from ('fd00::200:0:0:1', 5678, 0, 0): b' 2879,1,0,256,0,8,0,0,4,0,0,0,10,931,10515,3509,0,0 '
Received from ('fd00::200:0:0:10', 8765, 0, 0): b' 2879,16,13,1280,10,610,4,7,7,1,1,-70,2,1566,21871,181,0,0 '
Received from ('fd00::200:0:0:7', 8765, 0, 0): b' 2878,7,3,768,10,619,5,5,7,1,1,-52,3,2145,19208,188,1,7 '
Received from ('fd00::200:0:0:11', 8765, 0, 0): b' 2880,17,13,1280,10,594,10,5,7,1,3,-52,1,505,5395,174,0,0 '
Received from ('fd00::200:0:0:12', 8765, 0, 0): b' 2878,18,15,1536,0,628,4,4,5,1,1,-70,0,852,10219,180,0,0 '
Received from ('fd00::200:0:0:9', 8765, 0, 0): b' 2882,9,4,768,0,580,9,14,7,1,4,-70,0,574,4879,141,0,0 '
Received from ('fd00::200:0:0:15', 8765, 0, 0): b' 2881,21,17,1536,0,627,5,7,5,1,1,-52,0,598,8274,166,0,0 '
Received from ('fd00::200:0:0:5', 8765, 0, 0): b' 2883,5,4,768,0,679,7,1,6,1,1,-52,0,276,7341,190,0,0 '
Received from ('fd00::200:0:0:2', 8765, 0, 0): b' 2883,2,1,512,0,607,6,1,6,1,1,-88,1,663,7661,190,1,7 '
Received from ('fd00::200:0:0:e', 8765, 0, 0): b' 2883,14,11,1280,0,631,4,3,7,1,1,-70,0,681,8109,180,0,0 '
Received from ('fd00::200:0:0:3', 8765, 0, 0): b' 2884,3,1,512,0,621,6,3,7,1,1,-64,4,2091,18561,190,1,7 '
Received from ('fd00::200:0:0:4', 8765, 0, 0): b' 2884,4,1,512,0,610,6,3,7,2,1,-66,10,5489,33687,189,1,7 '
Received from ('fd00::200:0:0:a', 8765, 0, 0): b' 2883,10,7,1024,0,591,4,5,7,1,1,-70,2,1031,9984,187,0,0 '
Received from ('fd00::200:0:0:d', 8765, 0, 0): b' 2884,13,8,1024,20,559,5,5,7,1,1,-70,5,1337,12715,183,0,0 '
Received from ('fd00::200:0:0:13', 8765, 0, 0): b' 2882,19,16,1536,0,654,5,4,7,1,1,-70,0,695,9619,178,0,0 '
Received from ('fd00::200:0:0:8', 8765, 0, 0): b' 2885,8,4,768,0,593,5,13,7,1,1,-52,9,1966,13745,187,1,7 '
Received from ('fd00::200:0:0:f', 8765, 0, 0): b' 2884,15,10,1280,0,606,6,12,7,1,2,-70,1,1120,8688,180,0,0 '
Received from ('fd00::200:0:0:10', 8765, 0, 0): b' 2884,16,13,1280,20,613,4,7,7,1,1,-70,2,1061,8955,181,0,0 '
Received from ('fd00::200:0:0:14', 8765, 0, 0): b' 2883,20,16,1536,0,648,5,5,7,1,1,-52,0,638,9667,174,0,0 '
Received from ('fd00::200:0:0:12', 8765, 0, 0): b' 2884,18,15,1536,0,630,4,4,5,1,1,-70,0,453,5629,181,0,0 '
Received from ('fd00::200:0:0:b', 8765, 0, 0): b' 2886,11,8,1024,10,624,6,8,7,1,2,-70,1,837,12778,181,0,0 '
Received from ('fd00::200:0:0:5', 8765, 0, 0): b' 2887,5,4,768,0,682,7,1,6,1,1,-52,0,573,5581,190,0,0 '
Received from ('fd00::200:0:0:6', 8765, 0, 0): b' 2887,6,2,768,0,599,2,13,7,1,1,-52,0,655,9383,142,0,0 '
Received from ('fd00::200:0:0:7', 8765, 0, 0): b' 2888,7,3,768,0,622,5,5,7,1,1,-52,3,1978,15400,189,1,7 '
Received from ('fd00::200:0:0:2', 8765, 0, 0): b' 2888,2,1,512,0,607,6,1,6,1,1,-88,1,625,7302,190,1,7 '
Received from ('fd00::200:0:0:c', 8765, 0, 0): b' 2889,12,8,1024,0,595,8,20,7,1,3,-52,0,935,11376,143,0,0 '
Received from ('fd00::200:0:0:a', 8765, 0, 0): b' 2888,10,7,1024,0,592,4,5,7,1,1,-70,2,837,7686,187,0,0 '
Received from ('fd00::200:0:0:9', 8765, 0, 0): b' 2890,9,4,768,0,584,9,14,7,1,4,-70,0,882,7934,142,0,0 '
Received from ('fd00::200:0:0:14', 8765, 0, 0): b' 2888,20,16,1536,10,649,5,5,7,1,1,-52,0,418,5080,175,0,0 '
Received from ('fd00::200:0:0:15', 8765, 0, 0): b' 2889,21,17,1536,0,630,5,7,5,1,1,-52,0,721,8383,166,0,0 '
Received from ('fd00::200:0:0:4', 8765, 0, 0): b' 2890,4,1,512,0,610,6,3,7,2,1,-66,10,3136,18210,189,1,7 '
Received from ('fd00::200:0:0:b', 8765, 0, 0): b' 2890,11,8,1024,10,625,6,8,7,1,2,-70,1,447,6287,181,0,0 '
Received from ('fd00::200:0:0:1', 5678, 0, 0): b' 2891,1,0,256,0,8,0,0,4,0,0,0,10,2738,27614,3527,0,0 '
Received from ('fd00::200:0:0:11', 8765, 0, 0): b' 2891,17,13,1280,0,597,10,5,7,1,3,-52,1,1417,13909,175,0,0 '
Received from ('fd00::200:0:0:3', 8765, 0, 0): b' 2893,3,1,512,0,625,6,3,7,1,1,-64,4,2038,15620,191,1,7 '
Received from ('fd00::200:0:0:f', 8765, 0, 0): b' 2892,15,10,1280,0,606,6,12,7,1,2,-70,1,776,9813,181,0,0 '
Received from ('fd00::200:0:0:9', 8765, 0, 0): b' 2896,9,4,768,0,585,9,14,7,1,4,-70,0,384,5660,142,0,0 '
Received from ('fd00::200:0:0:8', 8765, 0, 0): b' 2895,8,4,768,20,599,5,13,7,1,1,-52,9,3862,27435,187,1,7 '
Received from ('fd00::200:0:0:e', 8765, 0, 0): b' 2894,14,11,1280,10,635,4,3,7,1,1,-70,0,932,11055,181,0,0 '
Received from ('fd00::200:0:0:13', 8765, 0, 0): b' 2894,19,16,1536,0,658,5,4,7,1,1,-70,0,852,10738,178,0,0 '
Received from ('fd00::200:0:0:2', 8765, 0, 0): b' 2896,2,1,512,0,609,6,1,6,1,1,-88,1,969,12606,191,1,7 '
Received from ('fd00::200:0:0:d', 8765, 0, 0): b' 2896,13,8,1024,10,562,5,5,7,1,1,-70,5,2714,23909,184,0,0 '
Received from ('fd00::200:0:0:7', 8765, 0, 0): b' 2898,7,3,768,10,624,5,5,7,1,1,-52,3,1454,15352,190,1,7 '
Received from ('fd00::200:0:0:12', 8765, 0, 0): b' 2895,18,15,1536,10,634,4,4,5,1,1,-70,0,842,10088,181,0,0 '
Received from ('fd00::200:0:0:10', 8765, 0, 0): b' 2896,16,13,1280,10,615,4,7,7,1,1,-70,2,1962,22663,182,0,0 '
Received from ('fd00::200:0:0:5', 8765, 0, 0): b' 2898,5,4,768,0,686,7,1,6,1,1,-52,0,957,14329,191,0,0 '
Received from ('fd00::200:0:0:6', 8765, 0, 0): b' 2898,6,2,768,0,601,2,13,7,1,1,-52,0,813,10851,143,0,0 '
Received from ('fd00::200:0:0:4', 8765, 0, 0): b' 2899,4,1,512,0,612,6,3,7,2,1,-66,10,3560,24944,190,1,7 '
Received from ('fd00::200:0:0:a', 8765, 0, 0): b' 2898,10,7,1024,0,596,4,5,7,1,1,-70,2,1360,16242,188,0,0 '
Received from ('fd00::200:0:0:c', 8765, 0, 0): b' 2898,12,8,1024,0,596,8,20,7,1,3,-52,0,435,8366,143,0,0 '
Received from ('fd00::200:0:0:15', 8765, 0, 0): b' 2898,21,17,1536,0,631,5,7,5,1,1,-52,0,563,7695,167,0,0 '
Received from ('fd00::200:0:0:b', 8765, 0, 0): b' 2898,11,8,1024,0,627,6,8,7,1,2,-70,1,1066,13661,182,0,0 '
Received from ('fd00::200:0:0:3', 8765, 0, 0): b' 2901,3,1,512,0,627,6,3,7,1,1,-64,4,1800,14798,191,1,7 '
Received from ('fd00::200:0:0:1', 5678, 0, 0): b' 2901,1,0,256,0,8,0,0,4,0,0,0,10,1984,22868,3539,0,0 '
Received from ('fd00::200:0:0:14', 8765, 0, 0): b' 2898,20,16,1536,10,649,5,5,7,1,1,-52,0,425,9102,175,0,0 '
Received from ('fd00::200:0:0:13', 8765, 0, 0): b' 2898,19,16,1536,0,662,5,4,7,1,1,-70,0,764,5335,179,0,0 '
Received from ('fd00::200:0:0:2', 8765, 0, 0): b' 2902,2,1,512,0,610,6,1,6,1,1,-88,1,843,9111,191,1,7 '
Received from ('fd00::200:0:0:8', 8765, 0, 0): b' 2902,8,4,768,40,604,5,13,7,1,1,-52,9,3171,19298,188,1,7 '
Received from ('fd00::200:0:0:e', 8765, 0, 0): b' 2900,14,11,1280,0,638,4,3,7,1,1,-70,0,579,5814,181,0,0 '
Received from ('fd00::200:0:0:12', 8765, 0, 0): b' 2901,18,15,1536,10,636,4,4,5,1,1,-70,0,552,5825,182,0,0 '
Received from ('fd00::200:0:0:11', 8765, 0, 0): b' 2900,17,13,1280,0,601,10,5,7,1,3,-52,1,1145,12771,176,0,0 '
Received from ('fd00::200:0:0:6', 8765, 0, 0): b' 2902,6,2,768,0,602,2,13,7,1,1,-52,0,264,4197,143,0,0 '
Received from ('fd00::200:0:0:c', 8765, 0, 0): b' 2902,12,8,1024,0,597,8,20,7,1,3,-52,0,362,4107,143,0,0 '
Received from ('fd00::200:0:0:f', 8765, 0, 0): b' 2903,15,10,1280,0,606,6,12,7,1,2,-70,1,1177,14369,182,0,0 '
Received from ('fd00::200:0:0:3', 8765, 0, 0): b' 2905,3,1,512,10,627,6,3,7,1,1,-64,4,885,7242,192,1,7 '
Received from ('fd00::200:0:0:14', 8765, 0, 0): b' 2903,20,16,1536,0,651,5,5,7,1,1,-52,0,550,4931,176,0,0 '
Received from ('fd00::200:0:0:4', 8765, 0, 0): b' 2905,4,1,512,0,614,6,3,7,2,1,-66,10,3064,18031,190,1,7 '
Received from ('fd00::200:0:0:10', 8765, 0, 0): b' 2905,16,13,1280,10,619,4,7,7,1,1,-70,2,1912,18367,182,0,0 '
Received from ('fd00::200:0:0:7', 8765, 0, 0): b' 2905,7,3,768,10,624,5,5,7,1,1,-52,3,1496,14395,190,1,7 '
Received from ('fd00::200:0:0:d', 8765, 0, 0): b' 2906,13,8,1024,10,562,5,5,7,1,1,-70,5,2433,21533,185,0,0 '
Received from ('fd00::200:0:0:c', 8765, 0, 0): b' 2907,12,8,1024,0,597,8,20,7,1,3,-52,0,311,4864,144,0,0 '
Received from ('fd00::200:0:0:9', 8765, 0, 0): b' 2907,9,4,768,10,587,9,14,7,1,4,-70,0,692,10784,143,0,0 '
Received from ('fd00::200:0:0:13', 8765, 0, 0): b' 2905,19,16,1536,0,665,5,4,7,1,1,-70,0,600,6335,179,0,0 '
Received from ('fd00::200:0:0:15', 8765, 0, 0): b' 2906,21,17,1536,20,634,5,7,5,1,1,-52,0,517,7981,167,0,0 '
Received from ('fd00::200:0:0:2', 8765, 0, 0): b' 2908,2,1,512,0,612,6,1,6,1,1,-88,1,795,9840,192,1,7 '
Received from ('fd00::200:0:0:12', 8765, 0, 0): b' 2907,18,15,1536,0,638,4,4,5,1,1,-70,0,601,5727,182,0,0 '
Received from ('fd00::200:0:0:1', 5678, 0, 0): b' 2909,1,0,256,0,8,0,0,4,0,0,0,10,1913,19438,3549,0,0 '
Received from ('fd00::200:0:0:b', 8765, 0, 0): b' 2909,11,8,1024,0,629,6,8,7,1,2,-70,1,1188,17139,182,0,0 '
Received from ('fd00::200:0:0:a', 8765, 0, 0): b' 2909,10,7,1024,10,599,4,5,7,1,1,-70,2,1512,16960,188,0,0 '
Received from ('fd00::200:0:0:5', 8765, 0, 0): b' 2909,5,4,768,10,691,7,1,6,1,1,-52,0,1041,14420,192,0,0 '
Received from ('fd00::200:0:0:6', 8765, 0, 0): b' 2910,6,2,768,0,603,2,13,7,1,1,-52,0,505,6882,143,0,0 '
Received from ('fd00::200:0:0:e', 8765, 0, 0): b' 2909,14,11,1280,10,642,4,3,7,1,1,-70,0,801,8864,182,0,0 '
Received from ('fd00::200:0:0:d', 8765, 0, 0): b' 2911,13,8,1024,0,562,5,5,7,1,1,-70,5,869,8922,185,0,0 '
Received from ('fd00::200:0:0:3', 8765, 0, 0): b' 2911,3,1,512,10,629,7,3,7,1,1,-64,4,1279,10782,192,1,7 '
Received from ('fd00::200:0:0:8', 8765, 0, 0): b' 2911,8,4,768,10,604,5,13,7,1,1,-52,9,3391,22859,188,1,7 '
Received from ('fd00::200:0:0:11', 8765, 0, 0): b' 2912,17,13,1280,0,604,10,5,7,1,3,-52,1,1240,14601,176,0,0 '
Received from ('fd00::200:0:0:10', 8765, 0, 0): b' 2912,16,13,1280,0,622,4,7,7,1,1,-70,2,1206,13936,183,0,0 '
Received from ('fd00::200:0:0:9', 8765, 0, 0): b' 2912,9,4,768,0,588,9,14,7,1,4,-70,0,466,6619,144,0,0 '
Received from ('fd00::200:0:0:13', 8765, 0, 0): b' 2912,19,16,1536,0,666,5,4,7,1,1,-70,0,442,6335,180,0,0 '
Received from ('fd00::200:0:0:e', 8765, 0, 0): b' 2913,14,11,1280,0,642,4,3,7,1,1,-70,0,363,3986,182,0,0 '
Received from ('fd00::200:0:0:15', 8765, 0, 0): b' 2912,21,17,1536,0,635,5,7,5,1,1,-52,0,574,6576,168,0,0 '
Received from ('fd00::200:0:0:c', 8765, 0, 0): b' 2912,12,8,1024,0,600,8,20,7,1,3,-52,0,624,7436,144,0,0 '
Received from ('fd00::200:0:0:f', 8765, 0, 0): b' 2914,15,10,1280,0,610,6,12,7,1,2,-70,1,1349,14841,182,0,0 '
Received from ('fd00::200:0:0:1', 5678, 0, 0): b' 2915,1,0,256,0,8,0,0,4,0,0,0,10,1483,15414,3559,0,0 '
Received from ('fd00::200:0:0:4', 8765, 0, 0): b' 2915,4,1,512,10,617,6,3,7,2,1,-66,10,5216,30096,191,1,7 '
Received from ('fd00::200:0:0:b', 8765, 0, 0): b' 2913,11,8,1024,10,629,6,8,7,1,2,-70,1,721,7807,183,0,0 '
Received from ('fd00::200:0:0:d', 8765, 0, 0): b' 2914,13,8,1024,0,563,5,5,7,1,1,-70,5,1368,9310,185,0,0 '
Received from ('fd00::200:0:0:14', 8765, 0, 0): b' 2915,20,16,1536,10,653,5,5,7,1,1,-52,0,555,10778,176,0,0 '
Received from ('fd00::200:0:0:5', 8765, 0, 0): b' 2916,5,4,768,0,692,7,1,6,1,1,-52,0,410,8205,192,0,0 '
Received from ('fd00::200:0:0:3', 8765, 0, 0): b' 2917,3,1,512,10,630,7,3,7,1,1,-64,4,1260,11411,193,1,7 '
Received from ('fd00::200:0:0:7', 8765, 0, 0): b' 2917,7,3,768,0,626,5,5,7,1,1,-52,3,1927,19413,191,1,7 '
Received from ('fd00::200:0:0:12', 8765, 0, 0): b' 2917,18,15,1536,0,640,4,4,5,1,1,-70,0,597,8911,183,0,0 '
Received from ('fd00::200:0:0:6', 8765, 0, 0): b' 2917,6,2,768,10,605,2,13,7,1,1,-52,0,547,7642,144,0,0 '
Received from ('fd00::200:0:0:13', 8765, 0, 0): b' 2917,19,16,1536,0,668,5,4,7,1,1,-70,0,493,5195,180,0,0 '
Received from ('fd00::200:0:0:b', 8765, 0, 0): b' 2918,11,8,1024,0,630,6,8,7,1,2,-70,1,498,7585,183,0,0 '
Received from ('fd00::200:0:0:d', 8765, 0, 0): b' 2918,13,8,1024,10,564,5,5,7,1,1,-70,5,1061,9211,186,0,0 '
Received from ('fd00::200:0:0:2', 8765, 0, 0): b' 2920,2,1,512,0,613,6,1,6,1,1,-88,1,1440,18097,192,1,7 '
Received from ('fd00::200:0:0:a', 8765, 0, 0): b' 2920,10,7,1024,0,601,4,5,7,1,1,-70,2,1431,16501,189,0,0 '
Received from ('fd00::200:0:0:8', 8765, 0, 0): b' 2919,8,4,768,0,605,5,13,7,1,1,-52,9,3651,24141,189,1,7 '
Received from ('fd00::200:0:0:e', 8765, 0, 0): b' 2919,14,11,1280,0,643,4,3,7,1,1,-70,0,386,5761,182,0,0 '
Received from ('fd00::200:0:0:4', 8765, 0, 0): b' 2921,4,1,512,20,618,6,3,7,2,1,-66,10,2838,15921,192,1,7 '
Received from ('fd00::200:0:0:9', 8765, 0, 0): b' 2920,9,4,768,0,590,9,14,7,1,4,-70,0,515,7407,144,0,0 '
Received from ('fd00::200:0:0:10', 8765, 0, 0): b' 2920,16,13,1280,0,627,4,7,7,1,1,-70,2,1869,16928,184,0,0 '
Received from ('fd00::200:0:0:c', 8765, 0, 0): b' 2919,12,8,1024,10,603,8,20,7,1,3,-52,0,656,7055,145,0,0 '
Received from ('fd00::200:0:0:6', 8765, 0, 0): b' 2922,6,2,768,10,607,2,13,7,1,1,-52,0,385,4696,144,0,0 '
Received from ('fd00::200:0:0:11', 8765, 0, 0): b' 2924,17,13,1280,0,606,10,5,7,1,3,-52,1,1094,14551,177,0,0 '
Received from ('fd00::200:0:0:7', 8765, 0, 0): b' 2923,7,3,768,10,628,5,5,7,1,1,-52,3,1045,10541,191,1,7 '
Received from ('fd00::200:0:0:d', 8765, 0, 0): b' 2924,13,8,1024,0,565,5,5,7,1,1,-70,5,1092,10595,186,0,0 '
Received from ('fd00::200:0:0:8', 8765, 0, 0): b' 2924,8,4,768,0,606,5,13,7,1,1,-52,9,1698,12244,189,1,7 '
Received from ('fd00::200:0:0:15', 8765, 0, 0): b' 2924,21,17,1536,10,638,5,7,5,1,1,-52,0,745,10972,168,0,0 '
Received from ('fd00::200:0:0:12', 8765, 0, 0): b' 2924,18,15,1536,10,642,4,4,5,1,1,-70,0,483,6669,183,0,0 '
Received from ('fd00::200:0:0:5', 8765, 0, 0): b' 2925,5,4,768,10,695,7,1,6,1,1,-52,0,872,12128,193,0,0 '
Received from ('fd00::200:0:0:f', 8765, 0, 0): b' 2926,15,10,1280,0,611,6,12,7,1,2,-70,1,1136,13726,183,0,0 '
Received from ('fd00::200:0:0:13', 8765, 0, 0): b' 2925,19,16,1536,0,673,5,4,7,1,1,-70,0,935,8467,180,0,0 '
Received from ('fd00::200:0:0:3', 8765, 0, 0): b' 2926,3,1,512,10,634,7,3,7,1,1,-64,4,2059,16237,193,1,7 '
Received from ('fd00::200:0:0:1', 5678, 0, 0): b' 2927,1,0,256,0,8,0,0,4,0,0,0,10,2589,27888,3573,0,0 '
Received from ('fd00::200:0:0:14', 8765, 0, 0): b' 2925,20,16,1536,10,655,5,5,7,1,1,-52,0,697,10226,177,0,0 '
Received from ('fd00::200:0:0:4', 8765, 0, 0): b' 2927,4,1,512,0,619,6,3,7,2,1,-66,10,2992,17873,192,1,7 '
Received from ('fd00::200:0:0:b', 8765, 0, 0): b' 2927,11,8,1024,0,631,6,8,7,1,2,-70,1,971,13436,183,0,0 '
Received from ('fd00::200:0:0:7', 8765, 0, 0): b' 2928,7,3,768,10,629,5,5,7,1,1,-52,3,1176,8795,192,1,7 '
Received from ('fd00::200:0:0:10', 8765, 0, 0): b' 2927,16,13,1280,0,627,4,7,7,1,1,-70,2,1149,13521,184,0,0 '
Received from ('fd00::200:0:0:6', 8765, 0, 0): b' 2929,6,2,768,0,609,2,13,7,1,1,-52,0,655,6702,145,0,0 '
Received from ('fd00::200:0:0:a', 8765, 0, 0): b' 2927,10,7,1024,0,604,4,5,7,1,1,-70,2,1149,12805,190,0,0 '
Received from ('fd00::200:0:0:c', 8765, 0, 0): b' 2928,12,8,1024,0,604,8,20,7,1,3,-52,0,533,8469,145,0,0 '
Received from ('fd00::200:0:0:e', 8765, 0, 0): b' 2929,14,11,1280,0,648,4,3,7,1,1,-70,0,1015,10091,183,0,0 '
Received from ('fd00::200:0:0:14', 8765, 0, 0): b' 2930,20,16,1536,0,658,5,5,7,1,1,-52,0,686,4618,177,0,0 '
Received from ('fd00::200:0:0:3', 8765, 0, 0): b' 2932,3,1,512,0,637,7,3,7,1,1,-64,4,1633,10067,194,1,7 '
Received from ('fd00::200:0:0:2', 8765, 0, 0): b' 2931,2,1,512,0,617,6,1,6,1,1,-88,1,1695,19240,193,1,7 '
Received from ('fd00::200:0:0:9', 8765, 0, 0): b' 2932,9,4,768,0,593,9,14,7,1,4,-70,0,925,10580,145,0,0 '
Received from ('fd00::200:0:0:f', 8765, 0, 0): b' 2931,15,10,1280,0,612,6,12,7,1,2,-70,1,679,7446,184,0,0 '
Received from ('fd00::200:0:0:1', 5678, 0, 0): b' 2932,1,0,256,0,8,0,0,4,0,0,0,10,1287,13563,3582,0,0 '
Received from ('fd00::200:0:0:8', 8765, 0, 0): b' 2932,8,4,768,10,607,5,14,7,1,1,-52,9,3018,21229,190,1,7 '
Received from ('fd00::200:0:0:7', 8765, 0, 0): b' 2933,7,3,768,0,630,5,5,7,1,1,-52,3,1096,9392,192,1,7 '
Received from ('fd00::200:0:0:11', 8765, 0, 0): b' 2932,17,13,1280,0,611,10,5,7,1,3,-52,1,1487,13093,178,0,0 '
Received from ('fd00::200:0:0:10', 8765, 0, 0): b' 2933,16,13,1280,0,627,4,7,7,1,1,-70,2,832,10478,184,0,0 '
Received from ('fd00::200:0:0:5', 8765, 0, 0): b' 2933,5,4,768,10,696,7,1,6,1,1,-52,0,409,9322,193,0,0 '
Received from ('fd00::200:0:0:d', 8765, 0, 0): b' 2933,13,8,1024,0,567,5,5,7,1,1,-70,5,2564,20682,187,0,0 '
Received from ('fd00::200:0:0:12', 8765, 0, 0): b' 2933,18,15,1536,0,645,4,4,5,1,1,-70,0,812,9665,184,0,0 '
Received from ('fd00::200:0:0:b', 8765, 0, 0): b' 2934,11,8,1024,0,633,6,8,7,1,2,-70,1,891,11540,184,0,0 '
Received from ('fd00::200:0:0:9', 8765, 0, 0): b' 2935,9,4,768,0,595,9,14,7,1,4,-70,0,552,4360,145,0,0 '
Received from ('fd00::200:0:0:a', 8765, 0, 0): b' 2936,10,7,1024,0,605,4,5,7,1,1,-70,2,1159,13891,190,0,0 '
Received from ('fd00::200:0:0:15', 8765, 0, 0): b' 2935,21,17,1536,0,640,5,7,5,1,1,-52,0,745,11402,169,0,0 '
Received from ('fd00::200:0:0:2', 8765, 0, 0): b' 2936,2,1,512,0,618,6,1,6,1,1,-88,1,709,7749,194,1,7 '
Received from ('fd00::200:0:0:4', 8765, 0, 0): b' 2937,4,1,512,0,620,6,3,7,2,1,-66,10,4441,27594,193,1,7 '
Received from ('fd00::200:0:0:6', 8765, 0, 0): b' 2936,6,2,768,0,610,2,13,7,1,1,-52,0,408,7211,145,0,0 '
Received from ('fd00::200:0:0:3', 8765, 0, 0): b' 2938,3,1,512,0,639,7,3,7,1,1,-64,4,1339,10466,194,1,7 '
Received from ('fd00::200:0:0:13', 8765, 0, 0): b' 2937,19,16,1536,0,675,5,4,7,1,1,-70,0,718,10741,181,0,0 '
Received from ('fd00::200:0:0:f', 8765, 0, 0): b' 2936,15,10,1280,0,614,6,12,7,1,2,-70,1,811,8624,184,0,0 '
Received from ('fd00::200:0:0:11', 8765, 0, 0): b' 2936,17,13,1280,10,615,10,5,7,1,3,-52,1,785,5734,178,0,0 '
Received from ('fd00::200:0:0:c', 8765, 0, 0): b' 2938,12,8,1024,0,605,8,20,7,1,3,-52,0,563,8021,146,0,0 '
Received from ('fd00::200:0:0:e', 8765, 0, 0): b' 2938,14,11,1280,10,649,4,3,7,1,1,-70,0,469,8308,184,0,0 '
Received from ('fd00::200:0:0:14', 8765, 0, 0): b' 2939,20,16,1536,0,660,5,5,7,1,1,-52,0,597,9392,178,0,0 '
Received from ('fd00::200:0:0:8', 8765, 0, 0): b' 2939,8,4,768,0,608,5,14,7,1,1,-52,9,2953,19679,190,1,7 '
Received from ('fd00::200:0:0:12', 8765, 0, 0): b' 2938,18,15,1536,0,647,4,4,5,1,1,-70,0,493,4984,184,0,0 '
Received from ('fd00::200:0:0:13', 8765, 0, 0): b' 2941,19,16,1536,10,677,5,4,7,1,1,-70,0,349,3967,181,0,0 '
Received from ('fd00::200:0:0:3', 8765, 0, 0): b' 2942,3,1,512,0,640,7,3,7,1,1,-64,4,879,8411,194,1,7 '
Received from ('fd00::200:0:0:5', 8765, 0, 0): b' 2942,5,4,768,0,696,7,1,6,1,1,-52,0,506,10035,194,0,0 '
Received from ('fd00::200:0:0:a', 8765, 0, 0): b' 2941,10,7,1024,0,605,4,5,7,1,1,-70,2,801,9000,191,0,0 '
Received from ('fd00::200:0:0:1', 5678, 0, 0): b' 2943,1,0,256,0,8,0,0,4,0,0,0,10,2606,26244,3596,0,0 '
Received from ('fd00::200:0:0:11', 8765, 0, 0): b' 2942,17,13,1280,10,618,10,5,7,1,3,-52,1,947,8272,178,0,0 '
Received from ('fd00::200:0:0:7', 8765, 0, 0): b' 2945,7,3,768,0,634,5,5,7,1,1,-52,3,2054,17847,193,1,7 '
Received from ('fd00::200:0:0:2', 8765, 0, 0): b' 2945,2,1,512,0,621,6,1,6,1,1,-88,1,1257,14390,194,1,7 '
Received from ('fd00::200:0:0:9', 8765, 0, 0): b' 2945,9,4,768,0,599,9,14,7,1,4,-70,0,906,9858,146,0,0 '
Received from ('fd00::200:0:0:10', 8765, 0, 0): b' 2944,16,13,1280,0,630,4,7,7,1,1,-70,2,1818,21473,185,0,0 '
Received from ('fd00::200:0:0:15', 8765, 0, 0): b' 2944,21,17,1536,0,643,5,7,5,1,1,-52,0,778,8192,170,0,0 '
Received from ('fd00::200:0:0:d', 8765, 0, 0): b' 2945,13,8,1024,10,569,5,5,7,1,1,-70,5,2929,24881,187,0,0 '
Received from ('fd00::200:0:0:8', 8765, 0, 0): b' 2947,8,4,768,30,610,5,14,7,1,1,-52,9,2521,17872,191,1,7 '
Received from ('fd00::200:0:0:6', 8765, 0, 0): b' 2947,6,2,768,0,612,2,13,7,1,1,-52,0,692,9923,146,0,0 '
Received from ('fd00::200:0:0:4', 8765, 0, 0): b' 2948,4,1,512,10,622,6,3,7,2,1,-66,10,4317,28626,193,1,7 '
Received from ('fd00::200:0:0:13', 8765, 0, 0): b' 2946,19,16,1536,0,678,5,4,7,1,1,-70,0,443,5349,182,0,0 '
Received from ('fd00::200:0:0:c', 8765, 0, 0): b' 2946,12,8,1024,0,608,8,20,7,1,3,-52,0,624,8494,146,0,0 '
Received from ('fd00::200:0:0:12', 8765, 0, 0): b' 2946,18,15,1536,10,650,4,4,5,1,1,-70,0,718,7500,185,0,0 '
Received from ('fd00::200:0:0:b', 8765, 0, 0): b' 2946,11,8,1024,0,639,6,8,7,1,2,-70,1,1670,19451,185,0,0 '
Received from ('fd00::200:0:0:a', 8765, 0, 0): b' 2948,10,7,1024,0,606,4,5,7,1,1,-70,2,860,10692,191,0,0 '
Received from ('fd00::200:0:0:e', 8765, 0, 0): b' 2948,14,11,1280,0,651,4,3,7,1,1,-70,0,639,9095,184,0,0 '
Received from ('fd00::200:0:0:5', 8765, 0, 0): b' 2949,5,4,768,0,696,7,1,6,1,1,-52,0,333,8899,195,0,0 '
Received from ('fd00::200:0:0:f', 8765, 0, 0): b' 2949,15,10,1280,0,617,6,12,7,1,2,-70,1,1524,16015,185,0,0 '
Received from ('fd00::200:0:0:2', 8765, 0, 0): b' 2950,2,1,512,0,622,6,1,6,1,1,-88,1,494,7449,194,1,7 '
Received from ('fd00::200:0:0:14', 8765, 0, 0): b' 2949,20,16,1536,0,667,5,5,7,1,1,-52,0,1295,11024,179,0,0 '
Received from ('fd00::200:0:0:13', 8765, 0, 0): b' 2950,19,16,1536,10,679,5,4,7,1,1,-70,0,362,4399,182,0,0 '
Received from ('fd00::200:0:0:3', 8765, 0, 0): b' 2953,3,1,512,0,643,7,3,7,1,1,-64,4,2238,17982,195,1,7 '
Received from ('fd00::200:0:0:8', 8765, 0, 0): b' 2951,8,4,768,0,612,5,14,7,1,1,-52,9,2218,14587,191,1,7 '
Received from ('fd00::200:0:0:b', 8765, 0, 0): b' 2952,11,8,1024,10,640,6,8,7,1,2,-70,1,704,9848,185,0,0 '
Received from ('fd00::200:0:0:15', 8765, 0, 0): b' 2952,21,17,1536,0,645,5,7,5,1,1,-52,0,614,8235,170,0,0 '
Received from ('fd00::200:0:0:c', 8765, 0, 0): b' 2954,12,8,1024,0,610,8,20,7,1,3,-52,0,573,7791,147,0,0 '
Received from ('fd00::200:0:0:1', 5678, 0, 0): b' 2955,1,0,256,0,8,0,0,4,0,0,0,10,2511,26761,3609,0,0 '
Received from ('fd00::200:0:0:11', 8765, 0, 0): b' 2954,17,13,1280,0,621,10,5,7,1,3,-52,1,1376,15112,179,0,0 '
Received from ('fd00::200:0:0:2', 8765, 0, 0): b' 2955,2,1,512,0,623,6,1,6,1,1,-88,1,741,8436,195,1,7 '
Received from ('fd00::200:0:0:e', 8765, 0, 0): b' 2953,14,11,1280,10,654,4,3,7,1,1,-70,0,573,6577,185,0,0 '
Received from ('fd00::200:0:0:7', 8765, 0, 0): b' 2956,7,3,768,20,638,5,5,7,1,1,-52,3,1981,19748,193,1,7 '
Received from ('fd00::200:0:0:14', 8765, 0, 0): b' 2954,20,16,1536,0,669,5,5,7,1,1,-52,0,472,4892,179,0,0 '
Received from ('fd00::200:0:0:6', 8765, 0, 0): b' 2956,6,2,768,0,615,2,13,7,1,1,-52,0,743,9390,146,0,0 '
Received from ('fd00::200:0:0:9', 8765, 0, 0): b' 2955,9,4,768,10,602,9,14,7,1,4,-70,0,743,10314,147,0,0 '
Received from ('fd00::200:0:0:10', 8765, 0, 0): b' 2955,16,13,1280,0,633,4,7,7,1,1,-70,2,2219,22350,186,0,0 '
Received from ('fd00::200:0:0:3', 8765, 0, 0): b' 2957,3,1,512,20,644,7,3,7,1,1,-64,4,879,8272,195,1,7 '
Received from ('fd00::200:0:0:4', 8765, 0, 0): b' 2957,4,1,512,10,626,6,3,7,2,1,-66,10,5225,28646,194,1,7 '
Received from ('fd00::200:0:0:5', 8765, 0, 0): b' 2957,5,4,768,0,699,7,1,6,1,1,-52,0,746,9425,195,0,0 '
Received from ('fd00::200:0:0:12', 8765, 0, 0): b' 2955,18,15,1536,0,653,4,4,5,1,1,-70,0,756,8559,185,0,0 '
Received from ('fd00::200:0:0:d', 8765, 0, 0): b' 2956,13,8,1024,10,573,5,5,7,1,1,-70,5,2905,23957,188,0,0 '
Received from ('fd00::200:0:0:15', 8765, 0, 0): b' 2957,21,17,1536,0,646,5,7,5,1,1,-52,0,345,4911,171,0,0 '
Received from ('fd00::200:0:0:1', 5678, 0, 0): b' 2959,1,0,256,0,8,0,0,4,0,0,0,10,1112,11420,3617,0,0 '
Received from ('fd00::200:0:0:e', 8765, 0, 0): b' 2958,14,11,1280,0,655,4,3,7,1,1,-70,0,470,4653,185,0,0 '
Received from ('fd00::200:0:0:a', 8765, 0, 0): b' 2959,10,7,1024,10,612,4,5,7,1,1,-70,2,1726,17856,192,0,0 '
Received from ('fd00::200:0:0:2', 8765, 0, 0): b' 2960,2,1,512,0,624,6,1,6,1,1,-88,1,761,8002,195,1,7 '
Received from ('fd00::200:0:0:f', 8765, 0, 0): b' 2959,15,10,1280,20,620,6,12,7,1,2,-70,1,1098,13645,186,0,0 '
Received from ('fd00::200:0:0:8', 8765, 0, 0): b' 2961,8,4,768,10,615,5,14,7,1,1,-52,9,3547,23215,192,1,7 '
Received from ('fd00::200:0:0:c', 8765, 0, 0): b' 2960,12,8,1024,0,610,8,20,7,1,3,-52,0,292,5706,147,0,0 '
Received from ('fd00::200:0:0:13', 8765, 0, 0): b' 2959,19,16,1536,0,684,5,4,7,1,1,-70,0,1016,9821,183,0,0 '
Received from ('fd00::200:0:0:10', 8765, 0, 0): b' 2960,16,13,1280,0,635,4,7,7,1,1,-70,2,1004,9674,186,0,0 '
Received from ('fd00::200:0:0:b', 8765, 0, 0): b' 2961,11,8,1024,10,643,6,8,7,1,2,-70,1,1335,14919,186,0,0 '
Received from ('fd00::200:0:0:7', 8765, 0, 0): b' 2964,7,3,768,0,639,6,5,7,1,1,-52,3,1756,13870,194,1,7 '
Received from ('fd00::200:0:0:6', 8765, 0, 0): b' 2963,6,2,768,10,615,2,13,7,1,1,-52,0,333,6746,147,0,0 '
Received from ('fd00::200:0:0:3', 8765, 0, 0): b' 2964,3,1,512,10,644,7,3,7,1,1,-64,4,1755,12687,196,1,7 '
Received from ('fd00::200:0:0:d', 8765, 0, 0): b' 2963,13,8,1024,0,574,5,5,7,1,1,-70,5,1424,12597,189,0,0 '
Received from ('fd00::200:0:0:12', 8765, 0, 0): b' 2962,18,15,1536,0,655,4,4,5,1,1,-70,0,670,8112,186,0,0 '
Received from ('fd00::200:0:0:9', 8765, 0, 0): b' 2964,9,4,768,0,603,9,14,7,1,4,-70,0,466,7758,147,0,0 '
Received from ('fd00::200:0:0:14', 8765, 0, 0): b' 2963,20,16,1536,0,672,5,5,7,1,1,-52,0,801,8896,180,0,0 '
Received from ('fd00::200:0:0:f', 8765, 0, 0): b' 2965,15,10,1280,0,621,6,12,7,1,2,-70,1,795,7472,186,0,0 '
Received from ('fd00::200:0:0:11', 8765, 0, 0): b' 2964,17,13,1280,10,624,11,5,7,1,3,-52,1,1375,14290,180,0,0 '
Received from ('fd00::200:0:0:15', 8765, 0, 0): b' 2963,21,17,1536,0,649,5,7,5,1,1,-52,0,691,6290,171,0,0 '
Received from ('fd00::200:0:0:2', 8765, 0, 0): b' 2966,2,1,512,0,625,6,1,6,1,1,-88,1,690,9207,196,1,7 '
Received from ('fd00::200:0:0:10', 8765, 0, 0): b' 2965,16,13,1280,10,636,4,7,7,1,1,-70,2,765,10132,187,0,0 '
Received from ('fd00::200:0:0:5', 8765, 0, 0): b' 2966,5,4,768,0,702,7,1,6,1,1,-52,0,826,12656,196,0,0 '
Received from ('fd00::200:0:0:8', 8765, 0, 0): b' 2966,8,4,768,10,616,5,14,7,1,1,-52,9,2908,17596,192,1,7 '
Received from ('fd00::200:0:0:13', 8765, 0, 0): b' 2964,19,16,1536,0,686,5,4,7,1,1,-70,0,494,5853,183,0,0 '
Received from ('fd00::200:0:0:9', 8765, 0, 0): b' 2969,9,4,768,0,604,9,14,7,1,4,-70,0,426,4380,147,0,0 '
Received from ('fd00::200:0:0:a', 8765, 0, 0): b' 2967,10,7,1024,0,614,4,5,7,1,1,-70,2,1392,13308,192,0,0 '
Received from ('fd00::200:0:0:14', 8765, 0, 0): b' 2967,20,16,1536,0,674,5,5,7,1,1,-52,0,469,4866,180,0,0 '
Received from ('fd00::200:0:0:3', 8765, 0, 0): b' 2969,3,1,512,10,647,7,3,7,1,1,-64,4,1222,9121,196,1,7 '
Received from ('fd00::200:0:0:4', 8765, 0, 0): b' 2969,4,1,512,0,627,6,3,7,2,1,-66,10,5575,33437,195,1,7 '
Received from ('fd00::200:0:0:e', 8765, 0, 0): b' 2967,14,11,1280,0,657,4,3,7,1,1,-70,0,694,9081,186,0,0 '
Received from ('fd00::200:0:0:d', 8765, 0, 0): b' 2969,13,8,1024,0,576,5,5,7,1,1,-70,5,1956,13816,189,0,0 '
Received from ('fd00::200:0:0:b', 8765, 0, 0): b' 2969,11,8,1024,0,645,6,8,7,1,2,-70,1,930,11846,186,0,0 '
Received from ('fd00::200:0:0:1', 5678, 0, 0): b' 2970,1,0,256,0,8,0,0,4,0,0,0,10,2497,27164,3629,0,0 '
Received from ('fd00::200:0:0:c', 8765, 0, 0): b' 2970,12,8,1024,0,611,8,20,7,1,3,-52,0,657,9415,148,0,0 '
Received from ('fd00::200:0:0:15', 8765, 0, 0): b' 2968,21,17,1536,0,649,5,7,5,1,1,-52,0,255,4174,171,0,0 '
Received from ('fd00::200:0:0:7', 8765, 0, 0): b' 2972,7,3,768,0,639,6,5,7,1,1,-52,3,1060,12474,194,1,7 '
Received from ('fd00::200:0:0:10', 8765, 0, 0): b' 2970,16,13,1280,10,638,4,7,7,1,1,-70,2,1158,10080,187,0,0 '
Received from ('fd00::200:0:0:8', 8765, 0, 0): b' 2972,8,4,768,0,616,5,14,7,1,1,-52,9,2027,12885,192,1,7 '
Received from ('fd00::200:0:0:12', 8765, 0, 0): b' 2970,18,15,1536,0,656,4,4,5,1,1,-70,0,410,7008,186,0,0 '
Received from ('fd00::200:0:0:5', 8765, 0, 0): b' 2973,5,4,768,0,704,7,1,6,1,1,-52,0,561,7270,196,0,0 '
Received from ('fd00::200:0:0:3', 8765, 0, 0): b' 2973,3,1,512,20,647,7,3,7,1,1,-64,4,863,7434,196,1,7 '
Received from ('fd00::200:0:0:f', 8765, 0, 0): b' 2972,15,10,1280,0,621,6,12,7,1,2,-70,1,764,9181,186,0,0 '
Received from ('fd00::200:0:0:4', 8765, 0, 0): b' 2974,4,1,512,10,628,6,3,7,2,1,-66,10,2740,16164,195,1,7 '
Received from ('fd00::200:0:0:e', 8765, 0, 0): b' 2972,14,11,1280,0,657,4,3,7,1,1,-70,0,255,3726,186,0,0 '
Received from ('fd00::200:0:0:d', 8765, 0, 0): b' 2974,13,8,1024,20,578,5,5,7,1,1,-70,5,1328,11364,189,0,0 '
Received from ('fd00::200:0:0:6', 8765, 0, 0): b' 2975,6,2,768,10,617,2,13,7,1,1,-52,0,814,11361,148,0,0 '
Received from ('fd00::200:0:0:14', 8765, 0, 0): b' 2974,20,16,1536,0,678,5,5,7,1,1,-52,0,787,7299,181,0,0 '
Received from ('fd00::200:0:0:10', 8765, 0, 0): b' 2975,16,13,1280,0,639,4,7,7,1,1,-70,2,978,9565,187,0,0 '
Received from ('fd00::200:0:0:3', 8765, 0, 0): b' 2976,3,1,512,0,649,7,3,7,1,1,-64,4,1106,8052,197,1,7 '
Received from ('fd00::200:0:0:11', 8765, 0, 0): b' 2977,17,13,1280,0,627,11,5,7,1,3,-52,1,1359,15329,181,0,0 '
Received from ('fd00::200:0:0:2', 8765, 0, 0): b' 2977,2,1,512,0,627,6,1,6,1,1,-88,1,1466,18378,196,1,7 '
Received from ('fd00::200:0:0:8', 8765, 0, 0): b' 2978,8,4,768,0,617,5,14,7,1,1,-52,9,2600,17100,193,1,7 '
Received from ('fd00::200:0:0:5', 8765, 0, 0): b' 2979,5,4,768,0,706,7,1,6,1,1,-52,0,490,6974,196,0,0 '
Received from ('fd00::200:0:0:a', 8765, 0, 0): b' 2977,10,7,1024,0,617,4,5,7,1,1,-70,2,1558,16612,193,0,0 '
Received from ('fd00::200:0:0:13', 8765, 0, 0): b' 2976,19,16,1536,10,691,5,4,7,1,1,-70,0,932,11274,184,0,0 '
Received from ('fd00::200:0:0:12', 8765, 0, 0): b' 2977,18,15,1536,0,657,4,4,5,1,1,-70,0,442,6815,187,0,0 '
Received from ('fd00::200:0:0:9', 8765, 0, 0): b' 2979,9,4,768,10,606,9,14,7,1,4,-70,0,692,9666,148,0,0 '
Received from ('fd00::200:0:0:c', 8765, 0, 0): b' 2978,12,8,1024,0,614,8,20,7,1,3,-52,0,801,8987,149,0,0 '
Received from ('fd00::200:0:0:15', 8765, 0, 0): b' 2978,21,17,1536,0,650,5,7,5,1,1,-52,0,490,8876,172,0,0 '
Received from ('fd00::200:0:0:4', 8765, 0, 0): b' 2980,4,1,512,0,629,6,3,7,2,1,-66,10,3047,17455,196,1,7 '
Received from ('fd00::200:0:0:b', 8765, 0, 0): b' 2979,11,8,1024,0,648,6,8,7,1,2,-70,1,1202,15990,187,0,0 '
Received from ('fd00::200:0:0:1', 5678, 0, 0): b' 2981,1,0,256,0,8,0,0,4,0,0,0,10,2768,25678,3648,0,0 '
Received from ('fd00::200:0:0:d', 8765, 0, 0): b' 2980,13,8,1024,0,580,5,5,7,1,1,-70,5,1652,11830,190,0,0 '
Received from ('fd00::200:0:0:10', 8765, 0, 0): b' 2980,16,13,1280,0,639,4,7,7,1,1,-70,2,737,8620,188,0,0 '
Received from ('fd00::200:0:0:11', 8765, 0, 0): b' 2981,17,13,1280,0,629,11,5,7,1,3,-52,1,733,6233,181,0,0 '
Received from ('fd00::200:0:0:5', 8765, 0, 0): b' 2982,5,4,768,0,708,7,1,6,1,1,-52,0,453,5729,197,0,0 '
Received from ('fd00::200:0:0:7', 8765, 0, 0): b' 2982,7,3,768,10,643,6,5,7,1,1,-52,3,2238,20719,195,1,7 '
Received from ('fd00::200:0:0:2', 8765, 0, 0): b' 2983,2,1,512,10,630,6,1,6,1,1,-88,1,929,9154,197,1,7 '
Received from ('fd00::200:0:0:6', 8765, 0, 0): b' 2982,6,2,768,0,618,2,13,7,1,1,-52,0,434,8020,148,0,0 '
Received from ('fd00::200:0:0:f', 8765, 0, 0): b' 2983,15,10,1280,0,623,6,12,7,1,2,-70,1,1031,13851,187,0,0 '
Received from ('fd00::200:0:0:9', 8765, 0, 0): b' 2983,9,4,768,0,607,9,14,7,1,4,-70,0,385,5007,148,0,0 '
Received from ('fd00::200:0:0:15', 8765, 0, 0): b' 2983,21,17,1536,0,651,5,7,5,1,1,-52,0,362,4368,172,0,0 '
Received from ('fd00::200:0:0:c', 8765, 0, 0): b' 2984,12,8,1024,0,615,8,20,7,1,3,-52,0,362,4740,149,0,0 '
Received from ('fd00::200:0:0:12', 8765, 0, 0): b' 2983,18,15,1536,0,658,4,4,5,1,1,-70,0,386,5332,187,0,0 '
Received from ('fd00::200:0:0:a', 8765, 0, 0): b' 2985,10,7,1024,0,618,4,5,7,1,1,-70,2,1067,12389,193,0,0 '
Received from ('fd00::200:0:0:e', 8765, 0, 0): b' 2985,14,11,1280,0,661,4,3,7,1,1,-70,0,932,11506,187,0,0 '
Received from ('fd00::200:0:0:8', 8765, 0, 0): b' 2986,8,4,768,10,620,5,14,7,1,1,-52,9,3080,22544,193,1,7 '
Received from ('fd00::200:0:0:3', 8765, 0, 0): b' 2987,3,1,512,0,651,7,4,7,1,1,-64,4,2247,19029,197,1,7 '
Received from ('fd00::200:0:0:1', 5678, 0, 0): b' 2988,1,0,256,0,8,0,0,4,0,0,0,10,1436,17137,3655,0,0 '
Received from ('fd00::200:0:0:14', 8765, 0, 0): b' 2987,20,16,1536,0,680,5,5,7,1,1,-52,0,732,11175,181,0,0 '
Received from ('fd00::200:0:0:b', 8765, 0, 0): b' 2987,11,8,1024,0,650,6,8,7,1,2,-70,1,1222,13172,187,0,0 '
Received from ('fd00::200:0:0:4', 8765, 0, 0): b' 2989,4,1,512,10,633,6,3,7,2,1,-66,10,4131,25459,196,1,7 '
Received from ('fd00::200:0:0:13', 8765, 0, 0): b' 2987,19,16,1536,0,693,5,4,7,1,1,-70,0,804,9698,185,0,0 '
Received from ('fd00::200:0:0:9', 8765, 0, 0): b' 2989,9,4,768,0,610,9,14,7,1,4,-70,0,654,6028,149,0,0 '
Received from ('fd00::200:0:0:5', 8765, 0, 0): b' 2989,5,4,768,0,712,7,1,6,1,1,-52,0,795,8685,197,0,0 '
Received from ('fd00::200:0:0:d', 8765, 0, 0): b' 2988,13,8,1024,10,581,5,5,7,1,1,-70,5,1994,18797,190,0,0 '
Received from ('fd00::200:0:0:11', 8765, 0, 0): b' 2988,17,13,1280,10,629,11,5,7,1,3,-52,1,633,8197,181,0,0 '
Received from ('fd00::200:0:0:f', 8765, 0, 0): b' 2991,15,10,1280,20,623,6,12,7,1,2,-70,1,752,9286,188,0,0 '
Received from ('fd00::200:0:0:10', 8765, 0, 0): b' 2989,16,13,1280,10,642,4,7,7,1,1,-70,2,1486,17782,188,0,0 '
Received from ('fd00::200:0:0:14', 8765, 0, 0): b' 2991,20,16,1536,0,680,5,5,7,1,1,-52,0,312,4625,182,0,0 '
Received from ('fd00::200:0:0:12', 8765, 0, 0): b' 2989,18,15,1536,0,659,4,4,5,1,1,-70,0,507,6239,187,0,0 '
Received from ('fd00::200:0:0:c', 8765, 0, 0): b' 2991,12,8,1024,0,617,8,20,7,1,3,-52,0,517,7673,149,0,0 '
Received from ('fd00::200:0:0:7', 8765, 0, 0): b' 2991,7,3,768,20,644,6,5,7,1,1,-52,3,2051,16310,196,1,7 '
Received from ('fd00::200:0:0:9', 8765, 0, 0): b' 2994,9,4,768,0,612,9,14,7,1,4,-70,0,467,4596,149,0,0 '
Received from ('fd00::200:0:0:2', 8765, 0, 0): b' 2994,2,1,512,0,630,6,1,6,1,1,-88,1,955,15527,198,1,7 '
Received from ('fd00::200:0:0:10', 8765, 0, 0): b' 2994,16,13,1280,0,644,4,7,7,1,1,-70,2,854,9243,189,0,0 '
Received from ('fd00::200:0:0:6', 8765, 0, 0): b' 2995,6,2,768,0,619,2,13,7,1,1,-52,0,585,10518,149,0,0 '
Received from ('fd00::200:0:0:1', 5678, 0, 0): b' 2995,1,0,256,0,8,0,0,4,0,0,0,10,1725,17073,3667,0,0 '
Received from ('fd00::200:0:0:3', 8765, 0, 0): b' 2995,3,1,512,0,653,7,4,7,1,1,-64,4,1559,12863,198,1,7 '
Received from ('fd00::200:0:0:11', 8765, 0, 0): b' 2994,17,13,1280,10,630,11,5,7,1,3,-52,1,613,7574,182,0,0 '
Received from ('fd00::200:0:0:b', 8765, 0, 0): b' 2995,11,8,1024,0,654,6,8,7,1,2,-70,1,1083,12616,188,0,0 '
Received from ('fd00::200:0:0:13', 8765, 0, 0): b' 2994,19,16,1536,0,694,5,4,7,1,1,-70,0,410,6934,185,0,0 '
Received from ('fd00::200:0:0:15', 8765, 0, 0): b' 2993,21,17,1536,10,653,5,7,5,1,1,-52,0,611,9879,173,0,0 '
Received from ('fd00::200:0:0:12', 8765, 0, 0): b' 2995,18,15,1536,0,661,4,4,5,1,1,-70,0,428,5061,188,0,0 '
Received from ('fd00::200:0:0:e', 8765, 0, 0): b' 2996,14,11,1280,0,668,4,3,7,1,1,-70,0,1067,11173,187,0,0 '
Received from ('fd00::200:0:0:8', 8765, 0, 0): b' 2996,8,4,768,0,621,5,14,7,1,1,-52,9,4626,28078,194,1,7 '
Received from ('fd00::200:0:0:a', 8765, 0, 0): b' 2996,10,7,1024,0,619,4,5,7,1,1,-70,2,1444,17991,194,0,0 '
Received from ('fd00::200:0:0:7', 8765, 0, 0): b' 2997,7,3,768,0,644,6,5,7,1,1,-52,3,840,8948,196,1,7 '
Received from ('fd00::200:0:0:d', 8765, 0, 0): b' 2996,13,8,1024,0,587,5,5,7,1,1,-70,5,2778,17979,191,0,0 '
Received from ('fd00::200:0:0:c', 8765, 0, 0): b' 2996,12,8,1024,0,617,8,20,7,1,3,-52,0,335,5367,150,0,0 '
Received from ('fd00::200:0:0:14', 8765, 0, 0): b' 2997,20,16,1536,0,680,5,5,7,1,1,-52,0,279,5262,182,0,0 '
Received from ('fd00::200:0:0:4', 8765, 0, 0): b' 2998,4,1,512,0,635,6,3,7,2,1,-66,10,5239,29006,197,1,7 '
Received from ('fd00::200:0:0:f', 8765, 0, 0): b' 2998,15,10,1280,0,625,6,12,7,1,2,-70,1,1049,10388,188,0,0 '
Received from ('fd00::200:0:0:11', 8765, 0, 0): b' 2998,17,13,1280,0,632,11,5,7,1,3,-52,1,729,6038,182,0,0 '
Received from ('fd00::200:0:0:5', 8765, 0, 0): b' 3001,5,4,768,0,716,7,1,6,1,1,-52,0,957,14884,198,0,0 '
Received from ('fd00::200:0:0:d', 8765, 0, 0): b' 3000,13,8,1024,0,587,5,5,7,1,1,-70,5,786,7829,191,0,0 '
Received from ('fd00::200:0:0:6', 8765, 0, 0): b' 3002,6,2,768,0,621,2,13,7,1,1,-52,0,572,7765,150,0,0 '
Received from ('fd00::200:0:0:b', 8765, 0, 0): b' 3001,11,8,1024,0,657,6,8,7,1,2,-70,1,1161,11314,188,0,0 '
Received from ('fd00::200:0:0:1', 5678, 0, 0): b' 3004,1,0,256,0,8,0,0,4,0,0,0,10,1607,19129,3676,0,0 '
Received from ('fd00::200:0:0:9', 8765, 0, 0): b' 3003,9,4,768,0,613,9,14,7,1,4,-70,0,482,9464,150,0,0 '
Received from ('fd00::200:0:0:15', 8765, 0, 0): b' 3003,21,17,1536,0,657,5,7,5,1,1,-52,0,1016,10101,174,0,0 '
Received from ('fd00::200:0:0:2', 8765, 0, 0): b' 3004,2,1,512,0,631,6,1,6,1,1,-88,1,1326,17214,198,1,7 '
Received from ('fd00::200:0:0:12', 8765, 0, 0): b' 3003,18,15,1536,0,663,4,4,5,1,1,-70,0,614,7351,188,0,0 '
Received from ('fd00::200:0:0:8', 8765, 0, 0): b' 3005,8,4,768,30,625,5,14,7,1,1,-52,9,3274,22852,195,1,7 '
Received from ('fd00::200:0:0:e', 8765, 0, 0): b' 3004,14,11,1280,0,673,4,3,7,1,1,-70,0,921,8902,188,0,0 '
Received from ('fd00::200:0:0:c', 8765, 0, 0): b' 3004,12,8,1024,0,622,8,20,7,1,3,-52,0,929,8343,150,0,0 '
Received from ('fd00::200:0:0:5', 8765, 0, 0): b' 3006,5,4,768,0,718,7,1,6,1,1,-52,0,491,6701,198,0,0 '
Received from ('fd00::200:0:0:14', 8765, 0, 0): b' 3004,20,16,1536,10,681,5,5,7,1,1,-52,0,539,7187,183,0,0 '
Received from ('fd00::200:0:0:3', 8765, 0, 0): b' 3006,3,1,512,10,654,7,4,7,1,1,-64,4,2172,20657,199,1,7 '
Received from ('fd00::200:0:0:a', 8765, 0, 0): b' 3006,10,7,1024,0,622,4,5,7,1,1,-70,2,1542,15888,195,0,0 '
Received from ('fd00::200:0:0:13', 8765, 0, 0): b' 3005,19,16,1536,0,696,5,4,7,1,1,-70,0,694,10336,186,0,0 '
Received from ('fd00::200:0:0:10', 8765, 0, 0): b' 3006,16,13,1280,10,647,4,8,7,1,1,-70,2,1904,22199,189,0,0 '
Received from ('fd00::200:0:0:b', 8765, 0, 0): b' 3007,11,8,1024,0,657,6,8,7,1,2,-70,1,503,8459,189,0,0 '
Received from ('fd00::200:0:0:d', 8765, 0, 0): b' 3007,13,8,1024,0,588,5,5,7,1,1,-70,5,1571,14627,192,0,0 '
Received from ('fd00::200:0:0:7', 8765, 0, 0): b' 3008,7,3,768,0,644,6,5,7,1,1,-52,3,1684,18686,197,1,7 '
Received from ('fd00::200:0:0:4', 8765, 0, 0): b' 3009,4,1,512,0,636,6,3,7,2,1,-66,10,4975,31538,198,1,7 '
Received from ('fd00::200:0:0:f', 8765, 0, 0): b' 3009,15,10,1280,0,629,6,12,7,1,2,-70,1,1401,14487,189,0,0 '
Received from ('fd00::200:0:0:11', 8765, 0, 0): b' 3010,17,13,1280,0,632,11,5,7,1,3,-52,1,1004,14401,183,0,0 '
Received from ('fd00::200:0:0:10', 8765, 0, 0): b' 3010,16,13,1280,0,649,4,8,7,1,1,-70,2,874,8171,190,0,0 '
Received from ('fd00::200:0:0:2', 8765, 0, 0): b' 3010,2,1,512,0,631,6,1,6,1,1,-88,1,716,9385,199,1,7 '
Received from ('fd00::200:0:0:8', 8765, 0, 0): b' 3009,8,4,768,10,625,5,14,7,1,1,-52,9,2416,14634,195,1,7 '
Received from ('fd00::200:0:0:15', 8765, 0, 0): b' 3009,21,17,1536,0,659,5,7,5,1,1,-52,0,706,6430,174,0,0 '
Received from ('fd00::200:0:0:5', 8765, 0, 0): b' 3010,5,4,768,0,718,7,1,6,1,1,-52,0,360,6714,199,0,0 '
Received from ('fd00::200:0:0:a', 8765, 0, 0): b' 3012,10,7,1024,0,623,4,5,7,1,1,-70,2,678,9257,195,0,0 '
Received from ('fd00::200:0:0:b', 8765, 0, 0): b' 3012,11,8,1024,0,658,6,8,7,1,2,-70,1,525,7660,189,0,0 '
Received from ('fd00::200:0:0:12', 8765, 0, 0): b' 3012,18,15,1536,0,664,4,4,5,1,1,-70,0,563,8145,189,0,0 '
Received from ('fd00::200:0:0:c', 8765, 0, 0): b' 3012,12,8,1024,0,622,8,20,7,1,3,-52,0,359,7308,151,0,0 '
Received from ('fd00::200:0:0:1', 5678, 0, 0): b' 3014,1,0,256,0,8,0,0,4,0,0,0,10,2259,24813,3688,0,0 '
Received from ('fd00::200:0:0:6', 8765, 0, 0): b' 3012,6,2,768,10,626,3,13,7,1,1,-52,0,1037,10742,150,0,0 '
Received from ('fd00::200:0:0:9', 8765, 0, 0): b' 3013,9,4,768,0,616,9,14,7,1,4,-70,0,743,9527,150,0,0 '
Received from ('fd00::200:0:0:14', 8765, 0, 0): b' 3014,20,16,1536,0,686,5,5,7,1,1,-52,0,863,9354,183,0,0 '
Received from ('fd00::200:0:0:4', 8765, 0, 0): b' 3015,4,1,512,10,639,6,3,7,2,1,-66,10,2560,14827,198,1,7 '
Received from ('fd00::200:0:0:13', 8765, 0, 0): b' 3014,19,16,1536,0,698,5,4,7,1,1,-70,0,615,7988,186,0,0 '
Received from ('fd00::200:0:0:7', 8765, 0, 0): b' 3014,7,3,768,10,647,6,5,7,1,1,-52,3,1274,10993,197,1,7 '
Received from ('fd00::200:0:0:d', 8765, 0, 0): b' 3015,13,8,1024,10,591,5,5,7,1,1,-70,5,2131,17013,192,0,0 '
Received from ('fd00::200:0:0:e', 8765, 0, 0): b' 3016,14,11,1280,10,676,4,3,7,1,1,-70,0,898,10782,189,0,0 '
Received from ('fd00::200:0:0:f', 8765, 0, 0): b' 3017,15,10,1280,0,630,6,12,7,1,2,-70,1,800,10304,189,0,0 '
Received from ('fd00::200:0:0:8', 8765, 0, 0): b' 3016,8,4,768,10,626,5,14,7,1,1,-52,9,2351,18190,196,1,7 '
Received from ('fd00::200:0:0:3', 8765, 0, 0): b' 3018,3,1,512,0,657,7,4,7,1,1,-64,4,2616,19925,199,1,7 '
Received from ('fd00::200:0:0:15', 8765, 0, 0): b' 3016,21,17,1536,0,660,5,7,5,1,1,-52,0,442,6572,175,0,0 '
Received from ('fd00::200:0:0:10', 8765, 0, 0): b' 3016,16,13,1280,0,652,4,8,7,1,1,-70,2,1561,15764,190,0,0 '
Received from ('fd00::200:0:0:11', 8765, 0, 0): b' 3018,17,13,1280,0,635,11,5,7,1,3,-52,1,1334,12263,184,0,0 '
Received from ('fd00::200:0:0:13', 8765, 0, 0): b' 3019,19,16,1536,0,700,5,4,7,1,1,-70,0,549,5856,187,0,0 '
Received from ('fd00::200:0:0:6', 8765, 0, 0): b' 3021,6,2,768,0,627,3,13,7,1,1,-52,0,564,7296,151,0,0 '
Received from ('fd00::200:0:0:b', 8765, 0, 0): b' 3019,11,8,1024,10,658,6,8,7,1,2,-70,1,895,12479,190,0,0 '
Received from ('fd00::200:0:0:e', 8765, 0, 0): b' 3019,14,11,1280,0,676,4,3,7,1,1,-70,0,185,4317,189,0,0 '
Received from ('fd00::200:0:0:5', 8765, 0, 0): b' 3022,5,4,768,0,720,7,1,6,1,1,-52,0,635,12614,199,0,0 '
Received from ('fd00::200:0:0:2', 8765, 0, 0): b' 3023,2,1,512,0,633,6,1,6,1,1,-88,1,1480,17736,199,1,7 '
Received from ('fd00::200:0:0:9', 8765, 0, 0): b' 3022,9,4,768,10,619,9,14,7,1,4,-70,0,775,8565,151,0,0 '
Received from ('fd00::200:0:0:3', 8765, 0, 0): b' 3022,3,1,512,10,658,7,4,7,1,1,-64,4,770,8245,200,1,7 '
Received from ('fd00::200:0:0:a', 8765, 0, 0): b' 3021,10,7,1024,0,625,4,5,7,1,1,-70,2,1276,15544,196,0,0 '
Received from ('fd00::200:0:0:14', 8765, 0, 0): b' 3021,20,16,1536,0,687,5,5,7,1,1,-52,0,563,6673,184,0,0 '
Received from ('fd00::200:0:0:12', 8765, 0, 0): b' 3023,18,15,1536,0,667,4,4,5,1,1,-70,0,825,10296,190,0,0 '
Received from ('fd00::200:0:0:c', 8765, 0, 0): b' 3020,12,8,1024,0,623,8,20,7,1,3,-52,0,410,7707,151,0,0 '
Received from ('fd00::200:0:0:8', 8765, 0, 0): b' 3023,8,4,768,10,628,5,14,7,1,1,-52,9,2427,14879,196,1,7 '
Received from ('fd00::200:0:0:7', 8765, 0, 0): b' 3023,7,3,768,0,651,6,5,7,1,1,-52,3,2032,15970,198,1,7 '
Received from ('fd00::200:0:0:1', 5678, 0, 0): b' 3025,1,0,256,0,8,0,0,4,0,0,0,10,2909,27675,3708,0,0 '
Received from ('fd00::200:0:0:d', 8765, 0, 0): b' 3024,13,8,1024,0,594,5,5,7,1,1,-70,5,2274,19764,193,0,0 '
Received from ('fd00::200:0:0:4', 8765, 0, 0): b' 3027,4,1,512,0,641,6,3,7,2,1,-66,10,5383,32295,199,1,7 '
Received from ('fd00::200:0:0:6', 8765, 0, 0): b' 3027,6,2,768,0,629,3,13,7,1,1,-52,0,491,6010,151,0,0 '
Received from ('fd00::200:0:0:c', 8765, 0, 0): b' 3026,12,8,1024,0,625,8,20,7,1,3,-52,0,549,6003,152,0,0 '
Received from ('fd00::200:0:0:9', 8765, 0, 0): b' 3027,9,4,768,0,620,9,14,7,1,4,-70,0,385,4597,151,0,0 '
Received from ('fd00::200:0:0:f', 8765, 0, 0): b' 3027,15,10,1280,0,633,6,13,7,1,2,-70,1,1202,12890,190,0,0 '
Received from ('fd00::200:0:0:14', 8765, 0, 0): b' 3025,20,16,1536,0,688,5,5,7,1,1,-52,0,386,6326,184,0,0 '
Received from ('fd00::200:0:0:8', 8765, 0, 0): b' 3028,8,4,768,0,629,5,14,7,1,1,-52,9,1678,12602,196,1,7 '
Received from ('fd00::200:0:0:b', 8765, 0, 0): b' 3027,11,8,1024,0,661,6,8,7,1,2,-70,1,913,12176,190,0,0 '
Received from ('fd00::200:0:0:5', 8765, 0, 0): b' 3029,5,4,768,0,726,7,1,6,1,1,-52,0,1003,8894,200,0,0 '
Received from ('fd00::200:0:0:a', 8765, 0, 0): b' 3028,10,7,1024,10,625,4,5,7,1,1,-70,2,845,10406,196,0,0 '
Received from ('fd00::200:0:0:15', 8765, 0, 0): b' 3028,21,17,1536,0,665,5,7,5,1,1,-52,0,983,11621,175,0,0 '
Received from ('fd00::200:0:0:11', 8765, 0, 0): b' 3028,17,13,1280,0,636,11,5,7,1,3,-52,1,1202,13823,184,0,0 '
Received from ('fd00::200:0:0:10', 8765, 0, 0): b' 3029,16,13,1280,10,655,4,8,7,1,1,-70,2,1872,22023,191,0,0 '
Received from ('fd00::200:0:0:2', 8765, 0, 0): b' 3031,2,1,512,10,637,6,1,6,1,1,-88,1,1127,12648,200,1,7 '
Received from ('fd00::200:0:0:13', 8765, 0, 0): b' 3028,19,16,1536,0,703,5,4,7,1,1,-70,0,649,9744,187,0,0 '
Received from ('fd00::200:0:0:1', 5678, 0, 0): b' 3032,1,0,256,0,8,0,0,4,0,0,0,10,1067,14030,3711,0,0 '
Received from ('fd00::200:0:0:6', 8765, 0, 0): b' 3031,6,2,768,10,630,3,13,7,1,1,-52,0,360,4195,151,0,0 '
Received from ('fd00::200:0:0:e', 8765, 0, 0): b' 3030,14,11,1280,0,680,4,3,7,1,1,-70,0,908,10564,190,0,0 '
Received from ('fd00::200:0:0:f', 8765, 0, 0): b' 3033,15,10,1280,0,635,6,13,7,1,2,-70,1,734,7583,190,0,0 '
Received from ('fd00::200:0:0:7', 8765, 0, 0): b' 3035,7,3,768,10,654,6,5,7,1,1,-52,3,1710,15754,199,1,7 '
Received from ('fd00::200:0:0:14', 8765, 0, 0): b' 3032,20,16,1536,10,690,5,5,7,1,1,-52,0,493,5728,185,0,0 '
Received from ('fd00::200:0:0:3', 8765, 0, 0): b' 3035,3,1,512,10,658,7,4,7,1,1,-64,4,2322,19753,200,1,7 '
Received from ('fd00::200:0:0:8', 8765, 0, 0): b' 3034,8,4,768,10,630,5,14,7,1,1,-52,9,2509,16158,197,1,7 '
Received from ('fd00::200:0:0:12', 8765, 0, 0): b' 3033,18,15,1536,0,670,4,4,5,1,1,-70,0,649,9714,190,0,0 '
Received from ('fd00::200:0:0:15', 8765, 0, 0): b' 3033,21,17,1536,0,667,5,7,5,1,1,-52,0,526,4961,176,0,0 '
Received from ('fd00::200:0:0:4', 8765, 0, 0): b' 3036,4,1,512,10,644,6,3,7,2,1,-66,10,4425,26851,199,1,7 '
Received from ('fd00::200:0:0:9', 8765, 0, 0): b' 3035,9,4,768,0,621,9,14,7,1,4,-70,0,464,8002,152,0,0 '
Received from ('fd00::200:0:0:c', 8765, 0, 0): b' 3035,12,8,1024,0,629,8,20,7,1,3,-52,0,828,9128,152,0,0 '
Received from ('fd00::200:0:0:d', 8765, 0, 0): b' 3035,13,8,1024,0,597,5,5,7,1,1,-70,5,2849,23020,194,0,0 '
Received from ('fd00::200:0:0:b', 8765, 0, 0): b' 3035,11,8,1024,0,665,6,8,7,1,2,-70,1,1378,13738,191,0,0 '
Received from ('fd00::200:0:0:a', 8765, 0, 0): b' 3036,10,7,1024,0,626,4,5,7,1,1,-70,2,1172,14242,197,0,0 '
Received from ('fd00::200:0:0:13', 8765, 0, 0): b' 3037,19,16,1536,0,705,5,4,7,1,1,-70,0,671,7347,188,0,0 '
Received from ('fd00::200:0:0:1', 5678, 0, 0): b' 3039,1,0,256,0,8,0,0,4,0,0,0,10,1742,18583,3725,0,0 '
Received from ('fd00::200:0:0:11', 8765, 0, 0): b' 3038,17,13,1280,0,641,11,5,7,1,3,-52,1,1359,12709,185,0,0 '
Received from ('fd00::200:0:0:5', 8765, 0, 0): b' 3039,5,4,768,0,730,7,1,6,1,1,-52,0,1028,13455,201,0,0 '
Received from ('fd00::200:0:0:12', 8765, 0, 0): b' 3039,18,15,1536,0,671,4,4,5,1,1,-70,0,442,5781,191,0,0 '
Received from ('fd00::200:0:0:6', 8765, 0, 0): b' 3041,6,2,768,0,633,3,13,7,1,1,-52,0,703,9119,152,0,0 '
Received from ('fd00::200:0:0:3', 8765, 0, 0): b' 3041,3,1,512,20,660,7,4,7,1,1,-64,4,1323,11368,201,1,7 '
Received from ('fd00::200:0:0:2', 8765, 0, 0): b' 3041,2,1,512,20,638,6,1,6,1,1,-88,1,1363,15629,201,1,7 '
Received from ('fd00::200:0:0:f', 8765, 0, 0): b' 3039,15,10,1280,0,635,6,13,7,1,2,-70,1,837,8877,191,0,0 '
Received from ('fd00::200:0:0:d', 8765, 0, 0): b' 3040,13,8,1024,10,597,5,5,7,1,1,-70,5,1095,10626,194,0,0 '
Received from ('fd00::200:0:0:10', 8765, 0, 0): b' 3040,16,13,1280,0,656,4,8,7,1,1,-70,2,1801,21629,192,0,0 '
Received from ('fd00::200:0:0:e', 8765, 0, 0): b' 3042,14,11,1280,0,682,4,3,7,1,1,-70,0,760,10825,190,0,0 '
Received from ('fd00::200:0:0:15', 8765, 0, 0): b' 3042,21,17,1536,0,670,5,7,5,1,1,-52,0,745,9078,176,0,0 '
Received from ('fd00::200:0:0:7', 8765, 0, 0): b' 3045,7,3,768,0,656,6,5,7,1,1,-52,3,1758,16646,199,1,7 '
Received from ('fd00::200:0:0:14', 8765, 0, 0): b' 3042,20,16,1536,10,692,5,5,7,1,1,-52,0,588,9831,185,0,0 '
Received from ('fd00::200:0:0:1', 5678, 0, 0): b' 3045,1,0,256,0,8,0,0,4,0,0,0,10,1099,12357,3730,0,0 '
Received from ('fd00::200:0:0:12', 8765, 0, 0): b' 3045,18,15,1536,0,673,4,4,5,1,1,-70,0,483,5366,191,0,0 '
Received from ('fd00::200:0:0:9', 8765, 0, 0): b' 3046,9,4,768,0,624,9,14,7,1,4,-70,0,799,10014,153,0,0 '
Received from ('fd00::200:0:0:8', 8765, 0, 0): b' 3046,8,4,768,0,633,5,14,7,1,1,-52,9,4049,30144,197,1,7 '
Received from ('fd00::200:0:0:a', 8765, 0, 0): b' 3045,10,7,1024,0,629,4,5,7,1,1,-70,2,1335,13638,197,0,0 '
Received from ('fd00::200:0:0:4', 8765, 0, 0): b' 3047,4,1,512,0,648,6,3,7,2,1,-66,10,4810,29885,200,1,7 '
Received from ('fd00::200:0:0:13', 8765, 0, 0): b' 3044,19,16,1536,10,707,5,4,7,1,1,-70,0,410,7556,188,0,0 '
Received from ('fd00::200:0:0:15', 8765, 0, 0): b' 3045,21,17,1536,0,672,5,7,5,1,1,-52,0,525,4414,177,0,0 '
Received from ('fd00::200:0:0:b', 8765, 0, 0): b' 3047,11,8,1024,0,666,6,9,7,1,2,-70,1,901,16099,191,0,0 '
Received from ('fd00::200:0:0:2', 8765, 0, 0): b' 3049,2,1,512,10,640,6,1,6,1,1,-88,1,976,12926,201,1,7 '
Received from ('fd00::200:0:0:c', 8765, 0, 0): b' 3047,12,8,1024,0,633,8,20,7,1,3,-52,0,933,11560,153,0,0 '
Received from ('fd00::200:0:0:10', 8765, 0, 0): b' 3047,16,13,1280,0,657,4,8,7,1,1,-70,2,1365,13416,192,0,0 '
Received from ('fd00::200:0:0:5', 8765, 0, 0): b' 3051,5,4,768,10,736,7,1,6,1,1,-52,0,958,14064,201,0,0 '
Received from ('fd00::200:0:0:f', 8765, 0, 0): b' 3051,15,10,1280,0,638,6,13,7,1,2,-70,1,1198,14475,192,0,0 '
Received from ('fd00::200:0:0:11', 8765, 0, 0): b' 3049,17,13,1280,0,646,11,5,7,1,3,-52,1,1688,14957,186,0,0 '
Received from ('fd00::200:0:0:6', 8765, 0, 0): b' 3052,6,2,768,0,638,3,13,7,1,1,-52,0,1135,11612,153,0,0 '
Received from ('fd00::200:0:0:14', 8765, 0, 0): b' 3049,20,16,1536,10,693,5,5,7,1,1,-52,0,550,6900,186,0,0 '
Received from ('fd00::200:0:0:3', 8765, 0, 0): b' 3053,3,1,512,0,662,7,4,7,1,1,-64,4,2425,20534,202,1,7 '
Received from ('fd00::200:0:0:15', 8765, 0, 0): b' 3050,21,17,1536,0,672,5,7,5,1,1,-52,0,158,3989,177,0,0 '
Received from ('fd00::200:0:0:d', 8765, 0, 0): b' 3052,13,8,1024,0,598,5,5,7,1,1,-70,5,2781,23204,195,0,0 '
Received from ('fd00::200:0:0:7', 8765, 0, 0): b' 3054,7,3,768,10,659,6,5,7,1,1,-52,3,1911,17063,200,1,7 '
Received from ('fd00::200:0:0:4', 8765, 0, 0): b' 3054,4,1,512,10,648,6,3,7,2,1,-66,10,3256,20113,200,1,7 '
Received from ('fd00::200:0:0:e', 8765, 0, 0): b' 3052,14,11,1280,0,685,4,3,7,1,1,-70,0,705,9767,191,0,0 '
Received from ('fd00::200:0:0:9', 8765, 0, 0): b' 3054,9,4,768,0,625,9,14,7,1,4,-70,0,506,7768,153,0,0 '
Received from ('fd00::200:0:0:b', 8765, 0, 0): b' 3053,11,8,1024,0,667,6,9,7,1,2,-70,1,827,9015,192,0,0 '
Received from ('fd00::200:0:0:2', 8765, 0, 0): b' 3055,2,1,512,0,642,6,1,6,1,1,-88,1,1012,9774,201,1,7 '
Received from ('fd00::200:0:0:a', 8765, 0, 0): b' 3054,10,7,1024,0,632,4,5,7,1,1,-70,2,1363,14813,198,0,0 '
Received from ('fd00::200:0:0:14', 8765, 0, 0): b' 3054,20,16,1536,0,694,5,5,7,1,1,-52,0,387,4812,186,0,0 '
Received from ('fd00::200:0:0:11', 8765, 0, 0): b' 3054,17,13,1280,0,648,11,5,7,1,3,-52,1,785,7294,186,0,0 '
Received from ('fd00::200:0:0:1', 5678, 0, 0): b' 3057,1,0,256,0,8,0,0,4,0,0,0,10,2767,28459,3747,0,0 '
Received from ('fd00::200:0:0:c', 8765, 0, 0): b' 3055,12,8,1024,0,635,8,20,7,1,3,-52,0,671,8002,154,0,0 '
Received from ('fd00::200:0:0:12', 8765, 0, 0): b' 3054,18,15,1536,0,675,4,4,5,1,1,-70,0,597,9591,192,0,0 '
Received from ('fd00::200:0:0:8', 8765, 0, 0): b' 3056,8,4,768,10,637,5,14,7,1,1,-52,9,4728,28945,198,1,7 '
Received from ('fd00::200:0:0:13', 8765, 0, 0): b' 3055,19,16,1536,0,708,5,4,7,1,1,-70,0,695,9929,189,0,0 '
Received from ('fd00::200:0:0:15', 8765, 0, 0): b' 3056,21,17,1536,0,675,5,7,5,1,1,-52,0,698,5803,177,0,0 '
Received from ('fd00::200:0:0:5', 8765, 0, 0): b' 3058,5,4,768,0,737,7,1,6,1,1,-52,0,697,9183,202,0,0 '
Received from ('fd00::200:0:0:4', 8765, 0, 0): b' 3059,4,1,512,20,650,6,3,7,2,1,-66,10,2823,15089,201,1,7 '
Received from ('fd00::200:0:0:9', 8765, 0, 0): b' 3058,9,4,768,0,626,9,14,7,1,4,-70,0,343,4708,154,0,0 '
Received from ('fd00::200:0:0:10', 8765, 0, 0): b' 3057,16,13,1280,0,659,4,8,7,1,1,-70,2,1536,19147,193,0,0 '
Received from ('fd00::200:0:0:3', 8765, 0, 0): b' 3060,3,1,512,0,666,7,4,7,1,1,-64,4,1555,12385,202,1,7 '
Received from ('fd00::200:0:0:8', 8765, 0, 0): b' 3060,8,4,768,10,638,5,14,7,1,1,-52,9,1299,11073,198,1,7 '
Received from ('fd00::200:0:0:7', 8765, 0, 0): b' 3063,7,3,768,10,661,6,5,7,1,1,-52,3,1421,14082,201,1,7 '
Received from ('fd00::200:0:0:b', 8765, 0, 0): b' 3061,11,8,1024,0,668,6,9,7,1,2,-70,1,670,12405,192,0,0 '
Received from ('fd00::200:0:0:f', 8765, 0, 0): b' 3061,15,10,1280,0,642,6,13,7,1,2,-70,1,1321,13827,192,0,0 '
Received from ('fd00::200:0:0:2', 8765, 0, 0): b' 3063,2,1,512,20,643,7,1,6,1,1,-88,1,767,12440,202,1,7 '
Received from ('fd00::200:0:0:4', 8765, 0, 0): b' 3063,4,1,512,0,650,6,3,7,2,1,-66,10,1554,11352,201,1,7 '
Received from ('fd00::200:0:0:c', 8765, 0, 0): b' 3061,12,8,1024,0,638,8,20,7,1,3,-52,0,624,6979,154,0,0 '
Received from ('fd00::200:0:0:6', 8765, 0, 0): b' 3062,6,2,768,0,641,3,13,7,1,1,-52,0,704,9743,154,0,0 '
Received from ('fd00::200:0:0:a', 8765, 0, 0): b' 3064,10,7,1024,10,635,4,5,7,1,1,-70,2,1096,12311,198,0,0 '
Received from ('fd00::200:0:0:e', 8765, 0, 0): b' 3062,14,11,1280,0,688,4,3,7,1,1,-70,0,843,10325,192,0,0 '
Received from ('fd00::200:0:0:d', 8765, 0, 0): b' 3064,13,8,1024,20,604,5,5,7,1,1,-70,5,2838,24333,195,0,0 '
Received from ('fd00::200:0:0:9', 8765, 0, 0): b' 3065,9,4,768,0,627,9,14,7,1,4,-70,0,481,6346,154,0,0 '
Received from ('fd00::200:0:0:13', 8765, 0, 0): b' 3063,19,16,1536,0,709,5,4,7,1,1,-70,0,466,7697,190,0,0 '
Received from ('fd00::200:0:0:3', 8765, 0, 0): b' 3065,3,1,512,0,667,7,4,7,1,1,-64,4,1569,11904,203,1,7 '
Received from ('fd00::200:0:0:1', 5678, 0, 0): b' 3066,1,0,256,0,8,0,0,4,0,0,0,10,2246,23530,3761,0,0 '
Received from ('fd00::200:0:0:f', 8765, 0, 0): b' 3065,15,10,1280,0,642,6,13,7,1,2,-70,1,442,5476,193,0,0 '
Received from ('fd00::200:0:0:15', 8765, 0, 0): b' 3063,21,17,1536,0,677,5,7,5,1,1,-52,0,573,6943,178,0,0 '
Received from ('fd00::200:0:0:14', 8765, 0, 0): b' 3063,20,16,1536,20,696,5,5,7,1,1,-52,0,467,8626,187,0,0 '
Received from ('fd00::200:0:0:10', 8765, 0, 0): b' 3065,16,13,1280,0,660,4,8,7,1,1,-70,2,1178,14367,193,0,0 '
Received from ('fd00::200:0:0:2', 8765, 0, 0): b' 3067,2,1,512,10,645,7,1,6,1,1,-88,1,785,6413,202,1,7 '
Received from ('fd00::200:0:0:12', 8765, 0, 0): b' 3067,18,15,1536,0,677,4,4,5,1,1,-70,0,815,11098,193,0,0 '
Received from ('fd00::200:0:0:11', 8765, 0, 0): b' 3066,17,13,1280,0,649,11,5,7,1,3,-52,1,1281,15300,187,0,0 '
Received from ('fd00::200:0:0:b', 8765, 0, 0): b' 3067,11,8,1024,0,669,6,9,7,1,2,-70,1,732,9803,193,0,0 '
Received from ('fd00::200:0:0:d', 8765, 0, 0): b' 3067,13,8,1024,10,605,5,5,7,1,1,-70,5,1398,9454,196,0,0 '
Received from ('fd00::200:0:0:5', 8765, 0, 0): b' 3070,5,4,768,10,738,7,1,6,1,1,-52,0,608,13480,203,0,0 '
Received from ('fd00::200:0:0:e', 8765, 0, 0): b' 3068,14,11,1280,0,688,4,3,7,1,1,-70,0,308,5639,192,0,0 '
Received from ('fd00::200:0:0:8', 8765, 0, 0): b' 3072,8,4,768,10,643,5,14,7,1,1,-52,9,4763,28855,199,1,7 '
Received from ('fd00::200:0:0:3', 8765, 0, 0): b' 3071,3,1,512,10,669,7,4,7,1,1,-64,4,981,9559,203,1,7 '
Received from ('fd00::200:0:0:14', 8765, 0, 0): b' 3069,20,16,1536,0,698,5,5,7,1,1,-52,0,601,5862,187,0,0 '
Received from ('fd00::200:0:0:6', 8765, 0, 0): b' 3072,6,2,768,0,645,3,13,7,1,1,-52,0,850,9517,154,0,0 '
Received from ('fd00::200:0:0:a', 8765, 0, 0): b' 3072,10,7,1024,30,638,4,5,7,1,1,-70,2,1353,13215,199,0,0 '
Received from ('fd00::200:0:0:4', 8765, 0, 0): b' 3072,4,1,512,0,653,7,3,7,2,1,-66,10,4737,26459,202,1,7 '
Received from ('fd00::200:0:0:f', 8765, 0, 0): b' 3070,15,10,1280,0,643,6,13,7,1,2,-70,1,616,6744,193,0,0 '
Received from ('fd00::200:0:0:10', 8765, 0, 0): b' 3071,16,13,1280,0,660,4,8,7,1,1,-70,2,767,10882,194,0,0 '
Received from ('fd00::200:0:0:2', 8765, 0, 0): b' 3073,2,1,512,0,646,7,1,6,1,1,-88,1,944,9032,203,1,7 '
Received from ('fd00::200:0:0:13', 8765, 0, 0): b' 3072,19,16,1536,0,711,5,4,7,1,1,-70,0,806,8892,190,0,0 '
Received from ('fd00::200:0:0:7', 8765, 0, 0): b' 3074,7,3,768,0,662,6,5,7,1,1,-52,3,2101,20415,201,1,7 '
Received from ('fd00::200:0:0:c', 8765, 0, 0): b' 3073,12,8,1024,0,642,8,20,7,1,3,-52,0,908,11085,155,0,0 '
Received from ('fd00::200:0:0:1', 5678, 0, 0): b' 3075,1,0,256,0,8,0,0,4,0,0,0,10,2090,20876,3770,0,0 '
Received from ('fd00::200:0:0:14', 8765, 0, 0): b' 3074,20,16,1536,0,699,5,5,7,1,1,-52,0,386,5012,187,0,0 '
Received from ('fd00::200:0:0:b', 8765, 0, 0): b' 3075,11,8,1024,0,671,6,10,7,1,2,-70,1,1051,12574,193,0,0 '
Received from ('fd00::200:0:0:15', 8765, 0, 0): b' 3074,21,17,1536,0,679,5,7,5,1,1,-52,0,718,10960,179,0,0 '
Received from ('fd00::200:0:0:9', 8765, 0, 0): b' 3076,9,4,768,0,628,9,14,7,1,4,-70,0,609,10622,155,0,0 '
Received from ('fd00::200:0:0:11', 8765, 0, 0): b' 3076,17,13,1280,0,650,11,5,7,1,3,-52,1,945,12113,187,0,0 '
Received from ('fd00::200:0:0:6', 8765, 0, 0): b' 3078,6,2,768,0,646,3,13,7,1,1,-52,0,440,6136,155,0,0 '
Received from ('fd00::200:0:0:10', 8765, 0, 0): b' 3075,16,13,1280,0,660,4,8,7,1,1,-70,2,1014,10538,194,0,0 '
Received from ('fd00::200:0:0:2', 8765, 0, 0): b' 3079,2,1,512,0,649,7,1,6,1,1,-88,1,940,10015,203,1,7 '
Received from ('fd00::200:0:0:12', 8765, 0, 0): b' 3078,18,15,1536,0,682,4,4,5,1,1,-70,0,954,10407,193,0,0 '
Received from ('fd00::200:0:0:8', 8765, 0, 0): b' 3079,8,4,768,0,645,5,14,7,1,1,-52,9,2939,21254,200,1,7 '
Received from ('fd00::200:0:0:3', 8765, 0, 0): b' 3080,3,1,512,0,672,7,4,7,1,1,-64,4,1853,14933,204,1,7 '
Received from ('fd00::200:0:0:d', 8765, 0, 0): b' 3078,13,8,1024,10,609,5,5,7,1,1,-70,5,2568,22248,196,0,0 '
Received from ('fd00::200:0:0:e', 8765, 0, 0): b' 3080,14,11,1280,0,691,4,3,7,1,1,-70,0,922,11107,193,0,0 '
Received from ('fd00::200:0:0:7', 8765, 0, 0): b' 3081,7,3,768,10,663,6,5,7,1,1,-52,3,1299,12533,202,1,7 '
Received from ('fd00::200:0:0:5', 8765, 0, 0): b' 3081,5,4,768,10,739,7,1,6,1,1,-52,0,558,13990,203,0,0 '
Received from ('fd00::200:0:0:f', 8765, 0, 0): b' 3081,15,10,1280,0,645,6,13,7,1,2,-70,1,1126,13834,194,0,0 '
Received from ('fd00::200:0:0:14', 8765, 0, 0): b' 3081,20,16,1536,0,699,5,5,7,1,1,-52,0,432,5943,188,0,0 '
Received from ('fd00::200:0:0:a', 8765, 0, 0): b' 3082,10,7,1024,10,642,4,5,7,1,1,-70,2,1837,19325,200,0,0 '
Received from ('fd00::200:0:0:4', 8765, 0, 0): b' 3083,4,1,512,0,657,7,3,7,2,1,-66,10,4788,30570,202,1,7 '
Received from ('fd00::200:0:0:13', 8765, 0, 0): b' 3080,19,16,1536,0,714,5,4,7,1,1,-70,0,819,8636,191,0,0 '
Received from ('fd00::200:0:0:c', 8765, 0, 0): b' 3082,12,8,1024,10,647,8,20,7,1,3,-52,0,756,9047,155,0,0 '
Received from ('fd00::200:0:0:b', 8765, 0, 0): b' 3083,11,8,1024,0,671,6,10,7,1,2,-70,1,679,11570,194,0,0 '
Received from ('fd00::200:0:0:6', 8765, 0, 0): b' 3085,6,2,768,0,647,3,13,7,1,1,-52,0,384,6355,155,0,0 '
Received from ('fd00::200:0:0:12', 8765, 0, 0): b' 3084,18,15,1536,0,683,4,4,5,1,1,-70,0,443,5648,194,0,0 '
Received from ('fd00::200:0:0:10', 8765, 0, 0): b' 3083,16,13,1280,0,662,4,8,7,1,1,-70,2,1278,14588,195,0,0 '
Received from ('fd00::200:0:0:15', 8765, 0, 0): b' 3084,21,17,1536,0,682,5,7,5,1,1,-52,0,722,8622,179,0,0 '
Received from ('fd00::200:0:0:1', 5678, 0, 0): b' 3087,1,0,256,0,8,0,0,4,0,0,0,10,2663,28433,3788,0,0 '
Received from ('fd00::200:0:0:2', 8765, 0, 0): b' 3086,2,1,512,10,651,7,1,6,1,1,-88,1,940,12296,204,1,7 '
Received from ('fd00::200:0:0:8', 8765, 0, 0): b' 3086,8,4,768,0,646,5,14,7,1,1,-52,9,2970,18922,200,1,7 '
Received from ('fd00::200:0:0:3', 8765, 0, 0): b' 3088,3,1,512,0,673,7,4,7,1,1,-64,4,1593,13844,204,1,7 '
Received from ('fd00::200:0:0:14', 8765, 0, 0): b' 3086,20,16,1536,10,702,5,5,7,1,1,-52,0,493,5425,188,0,0 '
Received from ('fd00::200:0:0:f', 8765, 0, 0): b' 3088,15,10,1280,0,648,6,13,7,1,2,-70,1,1082,9366,194,0,0 '
Received from ('fd00::200:0:0:9', 8765, 0, 0): b' 3088,9,4,768,0,632,9,14,7,1,4,-70,0,931,11780,156,0,0 '
Received from ('fd00::200:0:0:11', 8765, 0, 0): b' 3087,17,13,1280,0,655,11,5,7,1,3,-52,1,1471,15549,188,0,0 '
Received from ('fd00::200:0:0:4', 8765, 0, 0): b' 3090,4,1,512,10,659,7,3,7,2,1,-66,10,3038,19744,203,1,7 '
Received from ('fd00::200:0:0:e', 8765, 0, 0): b' 3088,14,11,1280,0,693,4,3,7,1,1,-70,0,574,7693,194,0,0 '
Received from ('fd00::200:0:0:c', 8765, 0, 0): b' 3088,12,8,1024,0,649,8,20,7,1,3,-52,0,754,6839,156,0,0 '
Received from ('fd00::200:0:0:a', 8765, 0, 0): b' 3090,10,7,1024,0,645,4,5,7,1,1,-70,2,1159,12326,200,0,0 '
Received from ('fd00::200:0:0:5', 8765, 0, 0): b' 3090,5,4,768,0,743,7,1,6,1,1,-52,0,935,11374,204,0,0 '
Received from ('fd00::200:0:0:d', 8765, 0, 0): b' 3089,13,8,1024,0,611,5,5,7,1,1,-70,5,2503,22856,197,0,0 '
Received from ('fd00::200:0:0:2', 8765, 0, 0): b' 3091,2,1,512,0,651,7,1,6,1,1,-88,1,670,7970,204,1,7 '
Received from ('fd00::200:0:0:10', 8765, 0, 0): b' 3088,16,13,1280,0,664,4,8,7,1,1,-70,2,930,9688,195,0,0 '
Received from ('fd00::200:0:0:7', 8765, 0, 0): b' 3090,7,3,768,0,667,6,5,7,1,1,-52,3,1887,17363,203,1,7 '
Received from ('fd00::200:0:0:1', 5678, 0, 0): b' 3092,1,0,256,0,8,0,0,4,0,0,0,10,1093,12538,3792,0,0 '
Received from ('fd00::200:0:0:9', 8765, 0, 0): b' 3092,9,4,768,0,632,9,14,7,1,4,-70,0,254,3818,156,0,0 '
Received from ('fd00::200:0:0:b', 8765, 0, 0): b' 3092,11,8,1024,0,672,6,10,7,1,2,-70,1,1026,15052,194,0,0 '
Received from ('fd00::200:0:0:6', 8765, 0, 0): b' 3093,6,2,768,0,652,3,13,7,1,1,-52,0,1013,9558,156,0,0 '
Received from ('fd00::200:0:0:13', 8765, 0, 0): b' 3092,19,16,1536,0,716,5,4,7,1,1,-70,0,718,10730,192,0,0 '
Received from ('fd00::200:0:0:12', 8765, 0, 0): b' 3095,18,15,1536,10,687,4,4,5,1,1,-70,0,769,10183,194,0,0 '
Received from ('fd00::200:0:0:14', 8765, 0, 0): b' 3095,20,16,1536,0,707,5,5,7,1,1,-52,0,1002,9149,189,0,0 '
Received from ('fd00::200:0:0:d', 8765, 0, 0): b' 3095,13,8,1024,20,612,5,5,7,1,1,-70,5,1505,12399,198,0,0 '
Received from ('fd00::200:0:0:11', 8765, 0, 0): b' 3094,17,13,1280,0,656,11,5,7,1,3,-52,1,736,8701,188,0,0 '
Received from ('fd00::200:0:0:8', 8765, 0, 0): b' 3096,8,4,768,0,648,5,14,7,1,1,-52,9,3727,27186,201,1,7 '
Received from ('fd00::200:0:0:9', 8765, 0, 0): b' 3097,9,4,768,0,632,9,14,7,1,4,-70,0,253,4687,156,0,0 '
Received from ('fd00::200:0:0:15', 8765, 0, 0): b' 3094,21,17,1536,0,689,5,7,5,1,1,-52,0,1156,10593,180,0,0 '
Received from ('fd00::200:0:0:b', 8765, 0, 0): b' 3097,11,8,1024,0,673,6,10,7,1,2,-70,1,561,7242,195,0,0 '
Received from ('fd00::200:0:0:a', 8765, 0, 0): b' 3097,10,7,1024,0,646,4,5,7,1,1,-70,2,1124,13529,201,0,0 '
Received from ('fd00::200:0:0:4', 8765, 0, 0): b' 3099,4,1,512,20,662,7,3,7,2,1,-66,10,4455,26218,204,1,7 '
Received from ('fd00::200:0:0:f', 8765, 0, 0): b' 3098,15,10,1280,0,650,6,13,7,1,2,-70,1,1039,12509,195,0,0 '
Received from ('fd00::200:0:0:c', 8765, 0, 0): b' 3097,12,8,1024,0,652,8,20,7,1,3,-52,0,624,8334,156,0,0 '
Received from ('fd00::200:0:0:2', 8765, 0, 0): b' 3100,2,1,512,0,652,7,1,6,1,1,-88,1,991,12337,204,1,7 '
Received from ('fd00::200:0:0:3', 8765, 0, 0): b' 3100,3,1,512,0,676,7,4,7,1,1,-64,4,2705,21032,205,1,7 '
Received from ('fd00::200:0:0:10', 8765, 0, 0): b' 3096,16,13,1280,10,669,4,8,7,1,1,-70,2,1659,15153,196,0,0 '
Received from ('fd00::200:0:0:e', 8765, 0, 0): b' 3098,14,11,1280,0,697,4,3,7,1,1,-70,0,852,9652,194,0,0 '
Received from ('fd00::200:0:0:7', 8765, 0, 0): b' 3100,7,3,768,0,668,6,5,7,1,1,-52,3,1713,16156,203,1,7 '
Received from ('fd00::200:0:0:13', 8765, 0, 0): b' 3099,19,16,1536,10,718,5,4,7,1,1,-70,0,494,6806,192,0,0 '
Received from ('fd00::200:0:0:5', 8765, 0, 0): b' 3101,5,4,768,0,744,7,1,6,1,1,-52,0,637,14050,205,0,0 '
Received from ('fd00::200:0:0:b', 8765, 0, 0): b' 3102,11,8,1024,0,676,6,10,7,1,2,-70,1,791,8838,195,0,0 '
Received from ('fd00::200:0:0:1', 5678, 0, 0): b' 3104,1,0,256,0,8,0,0,4,0,0,0,10,2562,27214,3809,0,0 '
Received from ('fd00::200:0:0:d', 8765, 0, 0): b' 3102,13,8,1024,0,613,5,5,7,1,1,-70,5,1716,14116,198,0,0 '
Received from ('fd00::200:0:0:f', 8765, 0, 0): b' 3103,15,10,1280,0,652,6,13,7,1,2,-70,1,637,6393,195,0,0 '
Received from ('fd00::200:0:0:8', 8765, 0, 0): b' 3103,8,4,768,0,650,5,14,7,1,1,-52,9,2919,19129,201,1,7 '
Received from ('fd00::200:0:0:6', 8765, 0, 0): b' 3104,6,2,768,0,654,3,13,7,1,1,-52,0,637,9891,156,0,0 '
Received from ('fd00::200:0:0:14', 8765, 0, 0): b' 3101,20,16,1536,0,711,5,5,7,1,1,-52,0,829,7811,189,0,0 '
Received from ('fd00::200:0:0:4', 8765, 0, 0): b' 3104,4,1,512,10,665,7,3,7,2,1,-66,10,2995,16915,204,1,7 '
Received from ('fd00::200:0:0:3', 8765, 0, 0): b' 3104,3,1,512,10,676,7,4,7,1,1,-64,4,634,7907,205,1,7 '
Received from ('fd00::200:0:0:9', 8765, 0, 0): b' 3103,9,4,768,10,635,9,14,7,1,4,-70,0,654,7096,157,0,0 '
Received from ('fd00::200:0:0:12', 8765, 0, 0): b' 3105,18,15,1536,0,690,4,4,5,1,1,-70,0,814,9726,195,0,0 '
Received from ('fd00::200:0:0:11', 8765, 0, 0): b' 3105,17,13,1280,0,659,11,5,7,1,3,-52,1,1151,13418,189,0,0 '
Received from ('fd00::200:0:0:e', 8765, 0, 0): b' 3105,14,11,1280,10,701,4,3,7,1,1,-70,0,763,7439,195,0,0 '
Received from ('fd00::200:0:0:a', 8765, 0, 0): b' 3105,10,7,1024,0,650,4,5,7,1,1,-70,2,1320,12590,201,0,0 '
Received from ('fd00::200:0:0:13', 8765, 0, 0): b' 3104,19,16,1536,0,720,5,4,7,1,1,-70,0,494,5497,192,0,0 '
Received from ('fd00::200:0:0:5', 8765, 0, 0): b' 3106,5,4,768,0,744,7,1,6,1,1,-52,0,323,6477,205,0,0 '
Received from ('fd00::200:0:0:15', 8765, 0, 0): b' 3105,21,17,1536,0,691,5,7,5,1,1,-52,0,641,9868,180,0,0 '
Received from ('fd00::200:0:0:6', 8765, 0, 0): b' 3109,6,2,768,0,654,3,13,7,1,1,-52,0,309,3989,157,0,0 '
Received from ('fd00::200:0:0:2', 8765, 0, 0): b' 3108,2,1,512,0,654,7,1,6,1,1,-88,1,1343,15262,205,1,7 '
Received from ('fd00::200:0:0:9', 8765, 0, 0): b' 3108,9,4,768,0,638,9,14,7,1,4,-70,0,599,4966,157,0,0 '
Received from ('fd00::200:0:0:7', 8765, 0, 0): b' 3109,7,3,768,20,674,6,5,7,1,1,-52,3,2061,15915,204,1,7 '
Received from ('fd00::200:0:0:1', 5678, 0, 0): b' 3111,1,0,256,0,8,0,0,4,0,0,0,10,1556,16545,3819,0,0 '
Received from ('fd00::200:0:0:8', 8765, 0, 0): b' 3110,8,4,768,30,652,5,14,7,1,1,-52,9,2398,16422,202,1,7 '
Received from ('fd00::200:0:0:c', 8765, 0, 0): b' 3109,12,8,1024,0,657,8,20,7,1,3,-52,0,932,11115,157,0,0 '
Received from ('fd00::200:0:0:10', 8765, 0, 0): b' 3107,16,13,1280,0,670,4,8,7,1,1,-70,2,1729,19546,196,0,0 '
Received from ('fd00::200:0:0:15', 8765, 0, 0): b' 3110,21,17,1536,0,691,5,7,5,1,1,-52,0,311,4598,181,0,0 '
Received from ('fd00::200:0:0:14', 8765, 0, 0): b' 3110,20,16,1536,0,713,5,5,7,1,1,-52,0,573,8143,190,0,0 '
Received from ('fd00::200:0:0:d', 8765, 0, 0): b' 3113,13,8,1024,10,615,5,5,7,1,1,-70,5,2461,21155,199,0,0 '
Received from ('fd00::200:0:0:b', 8765, 0, 0): b' 3113,11,8,1024,10,679,6,10,7,1,2,-70,1,1392,17350,196,0,0 '
Received from ('fd00::200:0:0:5', 8765, 0, 0): b' 3114,5,4,768,0,745,7,1,6,1,1,-52,0,408,8803,205,0,0 '
Received from ('fd00::200:0:0:3', 8765, 0, 0): b' 3115,3,1,512,0,679,7,4,7,1,1,-64,4,2304,19541,206,1,7 '
Received from ('fd00::200:0:0:f', 8765, 0, 0): b' 3114,15,10,1280,0,654,6,13,7,1,2,-70,1,1240,15121,196,0,0 '
Received from ('fd00::200:0:0:13', 8765, 0, 0): b' 3114,19,16,1536,0,721,5,4,7,1,1,-70,0,587,8723,193,0,0 '
Received from ('fd00::200:0:0:12', 8765, 0, 0): b' 3115,18,15,1536,0,693,4,4,5,1,1,-70,0,801,9659,196,0,0 '
Received from ('fd00::200:0:0:2', 8765, 0, 0): b' 3115,2,1,512,10,654,7,1,6,1,1,-88,1,561,10152,206,1,7 '
Received from ('fd00::200:0:0:a', 8765, 0, 0): b' 3115,10,7,1024,0,650,4,5,7,1,1,-70,2,1190,16181,202,0,0 '
Received from ('fd00::200:0:0:4', 8765, 0, 0): b' 3117,4,1,512,0,668,7,3,7,2,1,-66,10,5640,34408,205,1,7 '
Received from ('fd00::200:0:0:6', 8765, 0, 0): b' 3117,6,2,768,0,656,3,13,7,1,1,-52,0,515,7650,157,0,0 '
Received from ('fd00::200:0:0:1', 5678, 0, 0): b' 3118,1,0,256,0,8,0,0,4,0,0,0,10,1765,17018,3829,0,0 '
Received from ('fd00::200:0:0:e', 8765, 0, 0): b' 3116,14,11,1280,0,704,4,3,7,1,1,-70,0,770,10732,195,0,0 '
Received from ('fd00::200:0:0:9', 8765, 0, 0): b' 3116,9,4,768,10,641,9,14,7,1,4,-70,0,571,8332,158,0,0 '
Received from ('fd00::200:0:0:15', 8765, 0, 0): b' 3116,21,17,1536,0,691,5,7,5,1,1,-52,0,279,4993,181,0,0 '
Received from ('fd00::200:0:0:11', 8765, 0, 0): b' 3116,17,13,1280,0,661,11,5,7,1,3,-52,1,1428,15155,190,0,0 '
Received from ('fd00::200:0:0:7', 8765, 0, 0): b' 3118,7,3,768,0,678,6,5,7,1,1,-52,3,1809,15222,204,1,7 '
Received from ('fd00::200:0:0:8', 8765, 0, 0): b' 3119,8,4,768,30,656,5,14,7,1,1,-52,9,3297,23097,202,1,7 '
Received from ('fd00::200:0:0:10', 8765, 0, 0): b' 3117,16,13,1280,0,673,4,8,7,1,1,-70,2,1634,19223,197,0,0 '
Received from ('fd00::200:0:0:5', 8765, 0, 0): b' 3120,5,4,768,0,746,7,1,6,1,1,-52,0,467,6115,206,0,0 '
Received from ('fd00::200:0:0:c', 8765, 0, 0): b' 3118,12,8,1024,0,662,8,20,7,1,3,-52,0,1016,10091,158,0,0 '
Received from ('fd00::200:0:0:b', 8765, 0, 0): b' 3119,11,8,1024,0,680,6,10,7,1,2,-70,1,825,9940,196,0,0 '
Received from ('fd00::200:0:0:f', 8765, 0, 0): b' 3118,15,10,1280,0,656,6,13,7,1,2,-70,1,761,7466,196,0,0 '
Received from ('fd00::200:0:0:14', 8765, 0, 0): b' 3121,20,16,1536,0,715,5,5,7,1,1,-52,0,694,9270,191,0,0 '
Received from ('fd00::200:0:0:8', 8765, 0, 0): b' 3124,8,4,768,20,657,5,14,7,1,1,-52,9,1634,10699,203,1,7 '
Received from ('fd00::200:0:0:12', 8765, 0, 0): b' 3122,18,15,1536,0,695,4,4,5,1,1,-70,0,614,7029,196,0,0 '
Received from ('fd00::200:0:0:4', 8765, 0, 0): b' 3125,4,1,512,0,670,7,3,7,2,1,-66,10,3631,22738,205,1,7 '
Received from ('fd00::200:0:0:15', 8765, 0, 0): b' 3122,21,17,1536,0,694,5,7,5,1,1,-52,0,680,6697,182,0,0 '
Received from ('fd00::200:0:0:2', 8765, 0, 0): b' 3125,2,1,512,0,655,7,1,6,1,1,-88,1,1091,14107,206,1,7 '
Received from ('fd00::200:0:0:3', 8765, 0, 0): b' 3126,3,1,512,0,682,7,4,7,1,1,-64,4,2409,18719,206,1,7 '
Received from ('fd00::200:0:0:d', 8765, 0, 0): b' 3125,13,8,1024,10,618,5,5,7,1,1,-70,5,2755,23569,200,0,0 '
Received from ('fd00::200:0:0:13', 8765, 0, 0): b' 3123,19,16,1536,0,726,5,4,7,1,1,-70,0,918,9288,194,0,0 '
Received from ('fd00::200:0:0:5', 8765, 0, 0): b' 3127,5,4,768,0,746,7,1,6,1,1,-52,0,276,7466,206,0,0 '
Received from ('fd00::200:0:0:6', 8765, 0, 0): b' 3126,6,2,768,0,657,3,13,7,1,1,-52,0,585,8967,158,0,0 '
Received from ('fd00::200:0:0:e', 8765, 0, 0): b' 3127,14,11,1280,0,707,4,3,7,1,1,-70,0,778,8283,196,0,0 '
Received from ('fd00::200:0:0:1', 5678, 0, 0): b' 3127,1,0,256,0,8,0,0,4,0,0,0,10,1993,22087,3842,0,0 '
Received from ('fd00::200:0:0:7', 8765, 0, 0): b' 3127,7,3,768,0,679,6,5,7,1,1,-52,3,1512,14153,205,1,7 '
Received from ('fd00::200:0:0:a', 8765, 0, 0): b' 3127,10,7,1024,10,652,4,5,7,1,1,-70,2,1493,17452,203,0,0 '
Received from ('fd00::200:0:0:10', 8765, 0, 0): b' 3126,16,13,1280,0,675,4,8,7,1,1,-70,2,1421,16728,197,0,0 '
Received from ('fd00::200:0:0:14', 8765, 0, 0): b' 3126,20,16,1536,0,716,5,5,7,1,1,-52,0,386,5266,191,0,0 '
Received from ('fd00::200:0:0:9', 8765, 0, 0): b' 3129,9,4,768,10,646,9,14,7,1,4,-70,0,1028,10419,158,0,0 '
Received from ('fd00::200:0:0:c', 8765, 0, 0): b' 3129,12,8,1024,0,663,8,20,7,1,3,-52,0,510,8852,158,0,0 '
Received from ('fd00::200:0:0:11', 8765, 0, 0): b' 3128,17,13,1280,0,664,11,5,7,1,3,-52,1,1378,15224,191,0,0 '
Received from ('fd00::200:0:0:f', 8765, 0, 0): b' 3129,15,10,1280,0,659,6,13,7,1,2,-70,1,1183,13044,197,0,0 '
Received from ('fd00::200:0:0:4', 8765, 0, 0): b' 3132,4,1,512,10,671,7,3,7,2,1,-66,10,3153,18536,206,1,7 '
Received from ('fd00::200:0:0:b', 8765, 0, 0): b' 3131,11,8,1024,0,680,6,10,7,1,2,-70,1,937,16683,197,0,0 '
Received from ('fd00::200:0:0:8', 8765, 0, 0): b' 3132,8,4,768,10,658,5,14,7,1,1,-52,9,3286,22826,203,1,7 '
Received from ('fd00::200:0:0:a', 8765, 0, 0): b' 3131,10,7,1024,0,654,4,5,7,1,1,-70,2,693,7301,203,0,0 '
Received from ('fd00::200:0:0:15', 8765, 0, 0): b' 3129,21,17,1536,0,697,5,7,5,1,1,-52,0,697,6699,182,0,0 '
Received from ('fd00::200:0:0:12', 8765, 0, 0): b' 3132,18,15,1536,0,696,4,4,5,1,1,-70,0,466,8761,197,0,0 '
Received from ('fd00::200:0:0:d', 8765, 0, 0): b' 3134,13,8,1024,10,619,5,5,7,1,1,-70,5,1818,17335,200,0,0 '
Received from ('fd00::200:0:0:13', 8765, 0, 0): b' 3131,19,16,1536,0,729,5,4,7,1,1,-70,0,721,7990,194,0,0 '
Received from ('fd00::200:0:0:10', 8765, 0, 0): b' 3132,16,13,1280,10,677,4,8,7,1,1,-70,2,1048,11215,198,0,0 '
Received from ('fd00::200:0:0:1', 5678, 0, 0): b' 3135,1,0,256,0,8,0,0,4,0,0,0,10,1572,17572,3849,0,0 '
Received from ('fd00::200:0:0:e', 8765, 0, 0): b' 3135,14,11,1280,0,711,4,3,7,1,1,-70,0,731,7951,196,0,0 '
Received from ('fd00::200:0:0:5', 8765, 0, 0): b' 3135,5,4,768,0,747,7,1,6,1,1,-52,0,588,11013,207,0,0 '
Received from ('fd00::200:0:0:3', 8765, 0, 0): b' 3136,3,1,512,0,684,7,4,7,1,1,-64,4,1737,16806,207,1,7 '
Received from ('fd00::200:0:0:14', 8765, 0, 0): b' 3133,20,16,1536,0,716,5,5,7,1,1,-52,0,279,6142,191,0,0 '
Received from ('fd00::200:0:0:9', 8765, 0, 0): b' 3136,9,4,768,0,648,9,14,7,1,4,-70,0,778,8051,159,0,0 '
Received from ('fd00::200:0:0:2', 8765, 0, 0): b' 3137,2,1,512,10,658,7,1,6,1,1,-88,1,1412,18368,207,1,7 '
Received from ('fd00::200:0:0:7', 8765, 0, 0): b' 3137,7,3,768,10,681,6,5,7,1,1,-52,3,1611,15758,206,1,7 '
Received from ('fd00::200:0:0:6', 8765, 0, 0): b' 3137,6,2,768,0,661,3,13,7,1,1,-52,0,906,10693,159,0,0 '
Received from ('fd00::200:0:0:a', 8765, 0, 0): b' 3136,10,7,1024,0,655,4,5,7,1,1,-70,2,593,7516,203,0,0 '
Received from ('fd00::200:0:0:f', 8765, 0, 0): b' 3136,15,10,1280,0,660,6,13,7,1,2,-70,1,703,8396,197,0,0 '
Received from ('fd00::200:0:0:8', 8765, 0, 0): b' 3138,8,4,768,10,660,5,14,7,1,1,-52,9,1976,14983,204,1,7 '
Received from ('fd00::200:0:0:5', 8765, 0, 0): b' 3139,5,4,768,0,749,7,1,6,1,1,-52,0,467,5394,207,0,0 '
Received from ('fd00::200:0:0:11', 8765, 0, 0): b' 3137,17,13,1280,0,664,11,5,7,1,3,-52,1,865,11804,191,0,0 '
Received from ('fd00::200:0:0:14', 8765, 0, 0): b' 3139,20,16,1536,0,716,5,5,7,1,1,-52,0,335,5196,192,0,0 '
Received from ('fd00::200:0:0:c', 8765, 0, 0): b' 3141,12,8,1024,0,665,8,20,7,1,3,-52,0,929,11995,159,0,0 '
Received from ('fd00::200:0:0:4', 8765, 0, 0): b' 3141,4,1,512,0,674,7,4,7,2,1,-66,10,4657,27954,206,1,7 '
Received from ('fd00::200:0:0:e', 8765, 0, 0): b' 3141,14,11,1280,0,712,4,3,7,1,1,-70,0,442,5882,197,0,0 '
Received from ('fd00::200:0:0:6', 8765, 0, 0): b' 3141,6,2,768,10,661,3,13,7,1,1,-52,0,348,4522,159,0,0 '
Received from ('fd00::200:0:0:3', 8765, 0, 0): b' 3142,3,1,512,0,685,7,4,7,1,1,-64,4,1565,11777,208,1,7 '
Received from ('fd00::200:0:0:13', 8765, 0, 0): b' 3139,19,16,1536,0,730,5,4,7,1,1,-70,0,442,7089,195,0,0 '
Received from ('fd00::200:0:0:15', 8765, 0, 0): b' 3139,21,17,1536,0,699,5,7,5,1,1,-52,0,597,9163,183,0,0 '
Received from ('fd00::200:0:0:f', 8765, 0, 0): b' 3142,15,10,1280,0,660,6,13,7,1,2,-70,1,396,6204,198,0,0 '
Received from ('fd00::200:0:0:a', 8765, 0, 0): b' 3143,10,7,1024,10,656,4,5,7,1,1,-70,2,972,10157,204,0,0 '
Received from ('fd00::200:0:0:b', 8765, 0, 0): b' 3143,11,8,1024,10,684,6,10,7,1,2,-70,1,1497,18852,198,0,0 '
Received from ('fd00::200:0:0:d', 8765, 0, 0): b' 3144,13,8,1024,10,621,5,5,7,1,1,-70,5,2623,21529,201,0,0 '
Received from ('fd00::200:0:0:12', 8765, 0, 0): b' 3142,18,15,1536,0,698,4,4,5,1,1,-70,0,815,10437,198,0,0 '
Received from ('fd00::200:0:0:11', 8765, 0, 0): b' 3142,17,13,1280,0,664,11,5,7,1,3,-52,1,519,5350,192,0,0 '
Received from ('fd00::200:0:0:9', 8765, 0, 0): b' 3145,9,4,768,0,652,9,14,7,1,4,-70,0,753,9076,159,0,0 '
Received from ('fd00::200:0:0:e', 8765, 0, 0): b' 3146,14,11,1280,0,712,4,3,7,1,1,-70,0,279,4136,197,0,0 '
Received from ('fd00::200:0:0:2', 8765, 0, 0): b' 3146,2,1,512,10,660,7,1,6,1,1,-88,1,1255,14113,207,1,7 '
Received from ('fd00::200:0:0:10', 8765, 0, 0): b' 3143,16,13,1280,0,680,4,8,7,1,1,-70,2,1879,21528,199,0,0 '
Received from ('fd00::200:0:0:6', 8765, 0, 0): b' 3146,6,2,768,0,662,3,13,7,1,1,-52,0,361,4198,159,0,0 '
Received from ('fd00::200:0:0:1', 5678, 0, 0): b' 3146,1,0,256,0,8,0,0,4,0,0,0,10,2857,28257,3867,0,0 '
Received from ('fd00::200:0:0:8', 8765, 0, 0): b' 3148,8,4,768,0,662,5,14,7,1,1,-52,9,4019,25793,204,1,7 '
Received from ('fd00::200:0:0:7', 8765, 0, 0): b' 3148,7,3,768,20,682,6,5,7,1,1,-52,3,2086,18896,206,1,7 '
Received from ('fd00::200:0:0:b', 8765, 0, 0): b' 3148,11,8,1024,0,686,6,10,7,1,2,-70,1,812,7497,198,0,0 '
Received from ('fd00::200:0:0:a', 8765, 0, 0): b' 3147,10,7,1024,0,656,4,5,7,1,1,-70,2,635,7192,204,0,0 '
Received from ('fd00::200:0:0:13', 8765, 0, 0): b' 3147,19,16,1536,0,731,5,4,7,1,1,-70,0,507,7180,195,0,0 '
Received from ('fd00::200:0:0:4', 8765, 0, 0): b' 3149,4,1,512,0,676,7,4,7,2,1,-66,10,3658,21825,207,1,7 '
Received from ('fd00::200:0:0:5', 8765, 0, 0): b' 3149,5,4,768,0,754,7,1,6,1,1,-52,0,943,12421,208,0,0 '
Received from ('fd00::200:0:0:d', 8765, 0, 0): b' 3151,13,8,1024,0,623,5,5,7,1,1,-70,5,1394,13515,201,0,0 '
Received from ('fd00::200:0:0:1', 5678, 0, 0): b' 3151,1,0,256,0,8,0,0,4,0,0,0,10,774,9558,3870,0,0 '
Received from ('fd00::200:0:0:2', 8765, 0, 0): b' 3151,2,1,512,0,662,7,1,6,1,1,-88,1,798,8043,208,1,7 '
Received from ('fd00::200:0:0:f', 8765, 0, 0): b' 3150,15,10,1280,0,663,6,13,7,1,2,-70,1,1216,11607,198,0,0 '
Received from ('fd00::200:0:0:15', 8765, 0, 0): b' 3149,21,17,1536,0,701,5,7,5,1,1,-52,0,638,8920,183,0,0 '
Received from ('fd00::200:0:0:11', 8765, 0, 0): b' 3149,17,13,1280,0,670,11,5,7,1,3,-52,1,1263,10671,192,0,0 '
Received from ('fd00::200:0:0:c', 8765, 0, 0): b' 3152,12,8,1024,0,670,8,20,7,1,3,-52,0,1040,11379,160,0,0 '
Received from ('fd00::200:0:0:12', 8765, 0, 0): b' 3152,18,15,1536,0,703,4,4,5,1,1,-70,0,839,8463,198,0,0 '
Received from ('fd00::200:0:0:8', 8765, 0, 0): b' 3153,8,4,768,30,663,5,14,7,1,1,-52,9,1968,13879,205,1,7 '
Received from ('fd00::200:0:0:3', 8765, 0, 0): b' 3153,3,1,512,10,689,7,4,7,1,1,-64,4,2430,19253,208,1,7 '
Received from ('fd00::200:0:0:10', 8765, 0, 0): b' 3150,16,13,1280,10,682,4,8,7,1,1,-70,2,868,11712,199,0,0 '
Received from ('fd00::200:0:0:b', 8765, 0, 0): b' 3152,11,8,1024,0,688,6,10,7,1,2,-70,1,699,7642,198,0,0 '
Received from ('fd00::200:0:0:5', 8765, 0, 0): b' 3153,5,4,768,0,755,7,1,6,1,1,-52,0,384,5814,208,0,0 '
Received from ('fd00::200:0:0:a', 8765, 0, 0): b' 3152,10,7,1024,0,658,4,5,7,1,1,-70,2,880,9079,204,0,0 '
Received from ('fd00::200:0:0:6', 8765, 0, 0): b' 3154,6,2,768,10,666,3,13,7,1,1,-52,0,785,8687,160,0,0 '
Received from ('fd00::200:0:0:14', 8765, 0, 0): b' 3150,20,16,1536,20,718,5,5,7,1,1,-52,0,638,10022,193,0,0 '
Received from ('fd00::200:0:0:9', 8765, 0, 0): b' 3154,9,4,768,0,654,9,14,7,1,4,-70,0,692,9120,160,0,0 '
Received from ('fd00::200:0:0:7', 8765, 0, 0): b' 3157,7,3,768,0,683,6,5,7,1,1,-52,3,1613,14414,207,1,7 '
Received from ('fd00::200:0:0:13', 8765, 0, 0): b' 3153,19,16,1536,10,733,5,4,7,1,1,-70,0,550,6441,196,0,0 '
Received from ('fd00::200:0:0:4', 8765, 0, 0): b' 3157,4,1,512,20,677,7,4,7,2,1,-66,10,3857,22797,208,1,7 '
Received from ('fd00::200:0:0:10', 8765, 0, 0): b' 3154,16,13,1280,0,683,4,8,7,1,1,-70,2,1101,9302,199,0,0 '
Received from ('fd00::200:0:0:e', 8765, 0, 0): b' 3155,14,11,1280,0,715,4,3,7,1,1,-70,0,801,10456,198,0,0 '
Received from ('fd00::200:0:0:a', 8765, 0, 0): b' 3157,10,7,1024,0,658,4,5,7,1,1,-70,2,539,7005,205,0,0 '
Received from ('fd00::200:0:0:5', 8765, 0, 0): b' 3158,5,4,768,0,756,7,1,6,1,1,-52,0,359,5540,208,0,0 '
Received from ('fd00::200:0:0:15', 8765, 0, 0): b' 3155,21,17,1536,0,703,5,7,5,1,1,-52,0,549,6184,184,0,0 '
Received from ('fd00::200:0:0:8', 8765, 0, 0): b' 3159,8,4,768,20,664,5,14,7,1,1,-52,9,2756,17549,205,1,7 '
Received from ('fd00::200:0:0:c', 8765, 0, 0): b' 3158,12,8,1024,0,671,8,20,7,1,3,-52,0,389,5504,160,0,0 '
Received from ('fd00::200:0:0:12', 8765, 0, 0): b' 3158,18,15,1536,10,704,4,4,5,1,1,-70,0,442,6163,199,0,0 '
Received from ('fd00::200:0:0:11', 8765, 0, 0): b' 3159,17,13,1280,0,672,11,5,7,1,3,-52,1,1112,11879,193,0,0 '
Received from ('fd00::200:0:0:d', 8765, 0, 0): b' 3161,13,8,1024,0,626,5,5,7,1,1,-70,5,3107,22556,202,0,0 '
Received from ('fd00::200:0:0:2', 8765, 0, 0): b' 3161,2,1,512,0,662,7,1,6,1,1,-88,1,1080,15297,208,1,7 '
Received from ('fd00::200:0:0:7', 8765, 0, 0): b' 3161,7,3,768,0,684,6,5,7,1,1,-52,3,933,8248,207,1,7 '
Received from ('fd00::200:0:0:9', 8765, 0, 0): b' 3161,9,4,768,0,655,9,14,7,1,4,-70,0,440,6056,161,0,0 '
Received from ('fd00::200:0:0:f', 8765, 0, 0): b' 3161,15,10,1280,0,665,6,13,7,1,2,-70,1,1308,13925,199,0,0 '
Received from ('fd00::200:0:0:1', 5678, 0, 0): b' 3162,1,0,256,0,8,0,0,4,0,0,0,10,2841,27572,3889,0,0 '
Received from ('fd00::200:0:0:14', 8765, 0, 0): b' 3161,20,16,1536,0,721,6,5,7,1,1,-52,0,908,11333,193,0,0 '
Received from ('fd00::200:0:0:15', 8765, 0, 0): b' 3160,21,17,1536,0,704,5,7,5,1,1,-52,0,386,5032,184,0,0 '
Received from ('fd00::200:0:0:b', 8765, 0, 0): b' 3163,11,8,1024,0,689,6,10,7,1,2,-70,1,1017,16239,199,0,0 '
Received from ('fd00::200:0:0:6', 8765, 0, 0): b' 3164,6,2,768,0,666,3,13,7,1,1,-52,0,423,8454,160,0,0 '
Received from ('fd00::200:0:0:4', 8765, 0, 0): b' 3164,4,1,512,10,678,7,4,7,2,1,-66,10,3388,19854,208,1,7 '
Received from ('fd00::200:0:0:10', 8765, 0, 0): b' 3162,16,13,1280,0,685,4,8,7,1,1,-70,2,1240,14432,200,0,0 '
Received from ('fd00::200:0:0:3', 8765, 0, 0): b' 3165,3,1,512,0,691,7,4,7,1,1,-64,4,2534,20690,209,1,7 '
Received from ('fd00::200:0:0:13', 8765, 0, 0): b' 3162,19,16,1536,0,734,5,4,7,1,1,-70,0,435,8298,196,0,0 '
Received from ('fd00::200:0:0:2', 8765, 0, 0): b' 3165,2,1,512,0,663,7,1,6,1,1,-88,1,638,6611,209,1,7 '
Received from ('fd00::200:0:0:a', 8765, 0, 0): b' 3166,10,7,1024,0,660,5,5,7,1,1,-70,2,1129,13126,205,0,0 '
Received from ('fd00::200:0:0:9', 8765, 0, 0): b' 3165,9,4,768,0,658,9,14,7,1,4,-70,0,574,4877,161,0,0 '
Received from ('fd00::200:0:0:5', 8765, 0, 0): b' 3166,5,4,768,0,757,7,1,6,1,1,-52,0,588,9413,209,0,0 '
Received from ('fd00::200:0:0:f', 8765, 0, 0): b' 3166,15,10,1280,0,666,6,13,7,1,2,-70,1,576,6496,199,0,0 '
Received from ('fd00::200:0:0:d', 8765, 0, 0): b' 3167,13,8,1024,20,627,5,5,7,1,1,-70,5,1375,12631,203,0,0 '
Received from ('fd00::200:0:0:c', 8765, 0, 0): b' 3168,12,8,1024,0,673,8,20,7,1,3,-52,0,694,9631,161,0,0 '
Received from ('fd00::200:0:0:1', 5678, 0, 0): b' 3168,1,0,256,0,8,0,0,4,0,0,0,10,1240,13997,3894,0,0 '
Received from ('fd00::200:0:0:7', 8765, 0, 0): b' 3168,7,3,768,0,685,6,6,7,1,1,-52,3,1199,10850,208,1,7 '
Received from ('fd00::200:0:0:6', 8765, 0, 0): b' 3168,6,2,768,0,666,3,13,7,1,1,-52,0,309,4461,161,0,0 '
Received from ('fd00::200:0:0:12', 8765, 0, 0): b' 3167,18,15,1536,0,705,4,4,5,1,1,-70,0,532,8012,199,0,0 '
Received from ('fd00::200:0:0:e', 8765, 0, 0): b' 3167,14,11,1280,0,718,4,3,7,1,1,-70,0,826,11169,199,0,0 '
Received from ('fd00::200:0:0:14', 8765, 0, 0): b' 3166,20,16,1536,0,721,6,5,7,1,1,-52,0,336,4882,194,0,0 '
Received from ('fd00::200:0:0:10', 8765, 0, 0): b' 3167,16,13,1280,0,685,4,8,7,1,1,-70,2,881,9337,200,0,0 '
Received from ('fd00::200:0:0:2', 8765, 0, 0): b' 3170,2,1,512,0,666,7,1,6,1,1,-88,1,1031,7409,209,1,7 '
Received from ('fd00::200:0:0:b', 8765, 0, 0): b' 3169,11,8,1024,0,691,6,10,7,1,2,-70,1,896,9536,199,0,0 '
Received from ('fd00::200:0:0:15', 8765, 0, 0): b' 3166,21,17,1536,0,707,5,7,5,1,1,-52,0,570,5103,184,0,0 '
Received from ('fd00::200:0:0:8', 8765, 0, 0): b' 3171,8,4,768,40,667,5,14,7,1,1,-52,9,5105,31959,206,1,7 '
Received from ('fd00::200:0:0:13', 8765, 0, 0): b' 3167,19,16,1536,10,736,5,4,7,1,1,-70,0,442,4985,197,0,0 '
Received from ('fd00::200:0:0:4', 8765, 0, 0): b' 3172,4,1,512,10,679,7,4,7,2,1,-66,10,3933,23526,209,1,7 '
Received from ('fd00::200:0:0:11', 8765, 0, 0): b' 3171,17,13,1280,0,678,11,5,7,1,3,-52,1,1740,14182,193,0,0 '
Received from ('fd00::200:0:0:9', 8765, 0, 0): b' 3173,9,4,768,0,661,9,14,7,1,4,-70,0,622,6961,161,0,0 '
Received from ('fd00::200:0:0:12', 8765, 0, 0): b' 3172,18,15,1536,0,707,4,4,5,1,1,-70,0,525,5240,200,0,0 '
Received from ('fd00::200:0:0:a', 8765, 0, 0): b' 3175,10,7,1024,0,664,5,5,7,1,1,-70,2,1823,14876,206,0,0 '
Received from ('fd00::200:0:0:f', 8765, 0, 0): b' 3174,15,10,1280,0,668,6,13,7,1,2,-70,1,1323,11503,200,0,0 '
Received from ('fd00::200:0:0:6', 8765, 0, 0): b' 3175,6,2,768,0,668,3,13,7,1,1,-52,0,557,6715,161,0,0 '
Received from ('fd00::200:0:0:c', 8765, 0, 0): b' 3175,12,8,1024,0,675,8,20,7,1,3,-52,0,573,8246,162,0,0 '
Received from ('fd00::200:0:0:e', 8765, 0, 0): b' 3175,14,11,1280,0,721,4,3,7,1,1,-70,0,722,7703,199,0,0 '
Received from ('fd00::200:0:0:3', 8765, 0, 0): b' 3177,3,1,512,0,693,7,4,7,1,1,-64,4,2894,21961,210,1,7 '
Received from ('fd00::200:0:0:14', 8765, 0, 0): b' 3173,20,16,1536,0,723,6,5,7,1,1,-52,0,517,7041,194,0,0 '
Received from ('fd00::200:0:0:5', 8765, 0, 0): b' 3176,5,4,768,10,761,7,1,6,1,1,-52,0,752,12017,210,0,0 '
Received from ('fd00::200:0:0:15', 8765, 0, 0): b' 3176,21,17,1536,10,711,5,7,5,1,1,-52,0,777,8108,185,0,0 '
Received from ('fd00::200:0:0:13', 8765, 0, 0): b' 3174,19,16,1536,0,737,5,4,7,1,1,-70,0,592,6786,197,0,0 '
Received from ('fd00::200:0:0:b', 8765, 0, 0): b' 3177,11,8,1024,0,693,6,10,7,1,2,-70,1,945,12630,200,0,0 '
Received from ('fd00::200:0:0:10', 8765, 0, 0): b' 3178,16,13,1280,0,687,4,8,7,1,1,-70,2,1463,17854,201,0,0 '
Received from ('fd00::200:0:0:7', 8765, 0, 0): b' 3178,7,3,768,0,688,6,6,7,1,1,-52,3,2262,19727,208,1,7 '
Received from ('fd00::200:0:0:1', 5678, 0, 0): b' 3179,1,0,256,0,8,0,0,4,0,0,0,10,2526,26276,3910,0,0 '
Received from ('fd00::200:0:0:d', 8765, 0, 0): b' 3179,13,8,1024,20,629,5,5,7,1,1,-70,5,2952,24918,203,0,0 '
Received from ('fd00::200:0:0:12', 8765, 0, 0): b' 3179,18,15,1536,0,709,5,4,5,1,1,-70,0,597,6412,200,0,0 '
Received from ('fd00::200:0:0:5', 8765, 0, 0): b' 3181,5,4,768,0,762,7,1,6,1,1,-52,0,445,5498,210,0,0 '
Received from ('fd00::200:0:0:2', 8765, 0, 0): b' 3181,2,1,512,0,671,7,1,6,1,1,-88,1,1545,17900,210,1,7 '
Received from ('fd00::200:0:0:8', 8765, 0, 0): b' 3181,8,4,768,0,669,5,14,7,1,1,-52,9,3214,24827,206,1,7 '
Received from ('fd00::200:0:0:14', 8765, 0, 0): b' 3181,20,16,1536,0,723,6,5,7,1,1,-52,0,255,4779,194,0,0 '
Received from ('fd00::200:0:0:3', 8765, 0, 0): b' 3182,3,1,512,30,695,7,4,7,1,1,-64,4,1127,9669,210,1,7 '
Received from ('fd00::200:0:0:b', 8765, 0, 0): b' 3181,11,8,1024,0,693,6,10,7,1,2,-70,1,461,7350,200,0,0 '
Received from ('fd00::200:0:0:a', 8765, 0, 0): b' 3182,10,7,1024,10,666,5,5,7,1,1,-70,2,1031,11077,206,0,0 '
Received from ('fd00::200:0:0:f', 8765, 0, 0): b' 3180,15,10,1280,0,669,6,13,7,1,2,-70,1,707,8091,200,0,0 '
Received from ('fd00::200:0:0:11', 8765, 0, 0): b' 3182,17,13,1280,0,681,11,5,7,1,3,-52,1,1258,14657,194,0,0 '
Received from ('fd00::200:0:0:4', 8765, 0, 0): b' 3183,4,1,512,0,682,7,4,7,2,1,-66,10,5342,32446,209,1,7 '
Received from ('fd00::200:0:0:9', 8765, 0, 0): b' 3184,9,4,768,0,665,9,14,7,1,4,-70,0,906,10749,162,0,0 '
Received from ('fd00::200:0:0:c', 8765, 0, 0): b' 3183,12,8,1024,0,677,8,20,7,1,3,-52,0,614,7902,162,0,0 '
Received from ('fd00::200:0:0:e', 8765, 0, 0): b' 3184,14,11,1280,0,724,4,3,7,1,1,-70,0,680,8563,200,0,0 '
Received from ('fd00::200:0:0:7', 8765, 0, 0): b' 3184,7,3,768,0,691,6,6,7,1,1,-52,3,1413,11561,209,1,7 '
Received from ('fd00::200:0:0:15', 8765, 0, 0): b' 3184,21,17,1536,0,714,5,7,5,1,1,-52,0,882,8890,186,0,0 '
Received from ('fd00::200:0:0:1', 5678, 0, 0): b' 3186,1,0,256,0,8,0,0,4,0,0,0,10,1547,16840,3919,0,0 '
Received from ('fd00::200:0:0:a', 8765, 0, 0): b' 3185,10,7,1024,10,668,5,5,7,1,1,-70,2,730,7449,206,0,0 '
Received from ('fd00::200:0:0:14', 8765, 0, 0): b' 3185,20,16,1536,10,724,6,5,7,1,1,-52,0,488,4670,195,0,0 '
Received from ('fd00::200:0:0:6', 8765, 0, 0): b' 3186,6,2,768,0,673,3,13,7,1,1,-52,0,1037,12132,162,0,0 '
Received from ('fd00::200:0:0:13', 8765, 0, 0): b' 3188,19,16,1536,0,739,5,4,7,1,1,-70,0,850,11302,198,0,0 '
Received from ('fd00::200:0:0:2', 8765, 0, 0): b' 3189,2,1,512,0,673,7,1,6,1,1,-88,1,1060,13177,210,1,7 '
Received from ('fd00::200:0:0:10', 8765, 0, 0): b' 3189,16,13,1280,0,692,4,8,7,1,1,-70,2,2100,20892,202,0,0 '
Received from ('fd00::200:0:0:3', 8765, 0, 0): b' 3189,3,1,512,20,695,7,4,7,1,1,-64,4,1692,13259,211,1,7 '
Received from ('fd00::200:0:0:12', 8765, 0, 0): b' 3188,18,15,1536,0,712,5,4,5,1,1,-70,0,777,8763,201,0,0 '
Received from ('fd00::200:0:0:11', 8765, 0, 0): b' 3189,17,13,1280,0,683,11,5,7,1,3,-52,1,1014,9964,195,0,0 '
Received from ('fd00::200:0:0:9', 8765, 0, 0): b' 3189,9,4,768,10,668,9,14,7,1,4,-70,0,599,6285,163,0,0 '
Received from ('fd00::200:0:0:f', 8765, 0, 0): b' 3189,15,10,1280,0,672,6,13,7,1,2,-70,1,1296,12450,201,0,0 '
Received from ('fd00::200:0:0:d', 8765, 0, 0): b' 3191,13,8,1024,0,632,5,5,7,1,1,-70,5,3090,24524,204,0,0 '
Received from ('fd00::200:0:0:a', 8765, 0, 0): b' 3190,10,7,1024,0,670,5,5,7,1,1,-70,2,1081,9634,207,0,0 '
Received from ('fd00::200:0:0:b', 8765, 0, 0): b' 3191,11,8,1024,0,695,6,10,7,1,2,-70,1,1095,14564,201,0,0 '
Received from ('fd00::200:0:0:5', 8765, 0, 0): b' 3192,5,4,768,0,763,7,1,6,1,1,-52,0,637,14350,211,0,0 '
Received from ('fd00::200:0:0:14', 8765, 0, 0): b' 3192,20,16,1536,10,729,6,5,7,1,1,-52,0,732,6618,195,0,0 '
Received from ('fd00::200:0:0:4', 8765, 0, 0): b' 3193,4,1,512,10,685,7,4,7,2,1,-66,10,4389,26626,210,1,7 '
Received from ('fd00::200:0:0:8', 8765, 0, 0): b' 3192,8,4,768,0,673,5,14,7,1,1,-52,9,4874,32306,207,1,7 '
Received from ('fd00::200:0:0:13', 8765, 0, 0): b' 3193,19,16,1536,0,739,5,4,7,1,1,-70,0,159,4215,198,0,0 '
Received from ('fd00::200:0:0:15', 8765, 0, 0): b' 3192,21,17,1536,0,718,5,7,5,1,1,-52,0,804,7511,186,0,0 '
Received from ('fd00::200:0:0:2', 8765, 0, 0): b' 3193,2,1,512,0,675,7,1,6,1,1,-88,1,766,8215,211,1,7 '
Received from ('fd00::200:0:0:1', 5678, 0, 0): b' 3194,1,0,256,0,8,0,0,4,0,0,0,10,1938,20930,3930,0,0 '
Received from ('fd00::200:0:0:11', 8765, 0, 0): b' 3194,17,13,1280,0,684,11,5,7,1,3,-52,1,625,5934,195,0,0 '
Received from ('fd00::200:0:0:c', 8765, 0, 0): b' 3194,12,8,1024,0,680,8,20,7,1,3,-52,0,825,11355,163,0,0 '
Received from ('fd00::200:0:0:f', 8765, 0, 0): b' 3194,15,10,1280,0,672,6,13,7,1,2,-70,1,371,6123,201,0,0 '
Received from ('fd00::200:0:0:10', 8765, 0, 0): b' 3195,16,13,1280,0,693,4,8,7,1,1,-70,2,1092,12318,202,0,0 '
Received from ('fd00::200:0:0:3', 8765, 0, 0): b' 3195,3,1,512,10,697,7,4,7,1,1,-64,4,1396,12354,211,1,7 '
Received from ('fd00::200:0:0:e', 8765, 0, 0): b' 3195,14,11,1280,0,726,4,3,7,1,1,-70,0,718,10465,201,0,0 '
Received from ('fd00::200:0:0:a', 8765, 0, 0): b' 3195,10,7,1024,0,670,5,5,7,1,1,-70,2,484,6886,207,0,0 '
Received from ('fd00::200:0:0:b', 8765, 0, 0): b' 3196,11,8,1024,10,697,6,10,7,1,2,-70,1,687,9101,201,0,0 '
Received from ('fd00::200:0:0:7', 8765, 0, 0): b' 3195,7,3,768,10,694,6,6,7,1,1,-52,3,2365,20740,210,1,7 '
Received from ('fd00::200:0:0:4', 8765, 0, 0): b' 3197,4,1,512,10,687,7,4,7,2,1,-66,10,1974,11683,210,1,7 '
Received from ('fd00::200:0:0:6', 8765, 0, 0): b' 3196,6,2,768,0,674,3,13,7,1,1,-52,0,587,10514,163,0,0 '
Received from ('fd00::200:0:0:12', 8765, 0, 0): b' 3197,18,15,1536,0,715,5,4,5,1,1,-70,0,648,9235,201,0,0 '
Received from ('fd00::200:0:0:11', 8765, 0, 0): b' 3200,17,13,1280,10,685,11,5,7,1,3,-52,1,677,7667,195,0,0 '
Received from ('fd00::200:0:0:9', 8765, 0, 0): b' 3199,9,4,768,0,671,9,14,7,1,4,-70,0,794,9645,163,0,0 '
Received from ('fd00::200:0:0:15', 8765, 0, 0): b' 3199,21,17,1536,0,722,5,7,5,1,1,-52,0,787,7802,187,0,0 '
Received from ('fd00::200:0:0:13', 8765, 0, 0): b' 3200,19,16,1536,10,741,5,4,7,1,1,-70,0,564,7074,199,0,0 '
Received from ('fd00::200:0:0:5', 8765, 0, 0): b' 3201,5,4,768,0,765,7,1,6,1,1,-52,0,612,9778,211,0,0 '
Received from ('fd00::200:0:0:c', 8765, 0, 0): b' 3200,12,8,1024,0,683,8,20,7,1,3,-52,0,577,5733,163,0,0 '
Received from ('fd00::200:0:0:d', 8765, 0, 0): b' 3201,13,8,1024,0,634,5,5,7,1,1,-70,5,2615,21658,205,0,0 '
Received from ('fd00::200:0:0:f', 8765, 0, 0): b' 3199,15,10,1280,0,673,6,13,7,1,2,-70,1,675,6942,202,0,0 '
Received from ('fd00::200:0:0:e', 8765, 0, 0): b' 3201,14,11,1280,0,727,4,3,7,1,1,-70,0,387,5581,201,0,0 '
Received from ('fd00::200:0:0:3', 8765, 0, 0): b' 3201,3,1,512,0,700,7,4,7,1,1,-64,4,1881,11391,212,1,7 '
Received from ('fd00::200:0:0:10', 8765, 0, 0): b' 3202,16,13,1280,0,695,4,8,7,1,1,-70,2,1135,12488,202,0,0 '
Received from ('fd00::200:0:0:14', 8765, 0, 0): b' 3202,20,16,1536,0,730,6,5,7,1,1,-52,0,695,9841,196,0,0 '
Received from ('fd00::200:0:0:8', 8765, 0, 0): b' 3203,8,4,768,0,674,5,14,7,1,1,-52,9,4417,28574,208,1,7 '
Received from ('fd00::200:0:0:a', 8765, 0, 0): b' 3203,10,7,1024,10,670,5,5,7,1,1,-70,2,1082,12439,208,0,0 '
Received from ('fd00::200:0:0:2', 8765, 0, 0): b' 3203,2,1,512,0,679,7,1,6,1,1,-88,1,1365,15562,211,1,7 '
Received from ('fd00::200:0:0:12', 8765, 0, 0): b' 3204,18,15,1536,0,718,5,4,5,1,1,-70,0,656,6434,202,0,0 '
Received from ('fd00::200:0:0:13', 8765, 0, 0): b' 3205,19,16,1536,0,742,5,4,7,1,1,-70,0,470,4687,199,0,0 '
Received from ('fd00::200:0:0:7', 8765, 0, 0): b' 3205,7,3,768,0,696,6,6,7,1,1,-52,3,1914,16261,210,1,7 '
Received from ('fd00::200:0:0:b', 8765, 0, 0): b' 3205,11,8,1024,0,699,6,10,7,1,2,-70,1,1054,13892,202,0,0 '
Received from ('fd00::200:0:0:1', 5678, 0, 0): b' 3206,1,0,256,0,8,0,0,4,0,0,0,10,2905,28533,3947,0,0 '
Received from ('fd00::200:0:0:d', 8765, 0, 0): b' 3205,13,8,1024,10,635,5,5,7,1,1,-70,5,1249,9667,205,0,0 '
Received from ('fd00::200:0:0:e', 8765, 0, 0): b' 3205,14,11,1280,0,728,4,3,7,1,1,-70,0,362,4105,201,0,0 '
Received from ('fd00::200:0:0:5', 8765, 0, 0): b' 3207,5,4,768,0,767,7,1,6,1,1,-52,0,574,8034,212,0,0 '
Received from ('fd00::200:0:0:4', 8765, 0, 0): b' 3208,4,1,512,0,689,7,4,7,2,1,-66,10,5345,31588,211,1,7 '
Received from ('fd00::200:0:0:15', 8765, 0, 0): b' 3207,21,17,1536,0,723,5,7,5,1,1,-52,0,507,7046,187,0,0 '
Received from ('fd00::200:0:0:6', 8765, 0, 0): b' 3206,6,2,768,10,675,3,13,7,1,1,-52,0,530,9359,163,0,0 '
Received from ('fd00::200:0:0:3', 8765, 0, 0): b' 3209,3,1,512,0,700,7,4,7,1,1,-64,4,1063,11065,212,1,7 '
Received from ('fd00::200:0:0:10', 8765, 0, 0): b' 3209,16,13,1280,0,695,4,8,7,1,1,-70,2,914,13640,203,0,0 '
Received from ('fd00::200:0:0:f', 8765, 0, 0): b' 3208,15,10,1280,0,674,6,13,7,1,2,-70,1,848,10754,202,0,0 '
Received from ('fd00::200:0:0:9', 8765, 0, 0): b' 3209,9,4,768,10,672,9,14,7,1,4,-70,0,561,8548,164,0,0 '
Received from ('fd00::200:0:0:11', 8765, 0, 0): b' 3209,17,13,1280,0,686,11,5,7,1,3,-52,1,1002,11636,196,0,0 '
Received from ('fd00::200:0:0:a', 8765, 0, 0): b' 3209,10,7,1024,10,672,5,5,7,1,1,-70,2,823,10457,208,0,0 '
Received from ('fd00::200:0:0:2', 8765, 0, 0): b' 3210,2,1,512,0,681,7,1,6,1,1,-88,1,913,10026,212,1,7 '
Received from ('fd00::200:0:0:7', 8765, 0, 0): b' 3210,7,3,768,10,697,6,6,7,1,1,-52,3,693,7916,210,1,7 '
Received from ('fd00::200:0:0:5', 8765, 0, 0): b' 3211,5,4,768,0,767,7,1,6,1,1,-52,0,252,5010,212,0,0 '
Received from ('fd00::200:0:0:8', 8765, 0, 0): b' 3212,8,4,768,0,676,5,14,7,1,1,-52,9,2734,20701,208,1,7 '
Received from ('fd00::200:0:0:b', 8765, 0, 0): b' 3211,11,8,1024,0,700,6,10,7,1,2,-70,1,770,9891,202,0,0 '
Received from ('fd00::200:0:0:14', 8765, 0, 0): b' 3211,20,16,1536,0,732,6,5,7,1,1,-52,0,638,9231,196,0,0 '
Received from ('fd00::200:0:0:c', 8765, 0, 0): b' 3211,12,8,1024,0,686,8,20,7,1,3,-52,0,819,10802,164,0,0 '
Received from ('fd00::200:0:0:6', 8765, 0, 0): b' 3213,6,2,768,0,677,3,13,7,1,1,-52,0,548,5568,164,0,0 '
Received from ('fd00::200:0:0:d', 8765, 0, 0): b' 3213,13,8,1024,10,635,5,5,7,1,1,-70,5,1180,13674,205,0,0 '
Received from ('fd00::200:0:0:12', 8765, 0, 0): b' 3213,18,15,1536,0,720,5,4,5,1,1,-70,0,638,8572,202,0,0 '
Received from ('fd00::200:0:0:4', 8765, 0, 0): b' 3214,4,1,512,10,689,7,4,7,2,1,-66,10,2647,18193,211,1,7 '
Received from ('fd00::200:0:0:15', 8765, 0, 0): b' 3212,21,17,1536,0,723,5,7,5,1,1,-52,0,158,4488,187,0,0 '
Received from ('fd00::200:0:0:7', 8765, 0, 0): b' 3214,7,3,768,0,697,6,6,7,1,1,-52,3,690,7118,211,1,7 '
Received from ('fd00::200:0:0:a', 8765, 0, 0): b' 3214,10,7,1024,0,673,5,5,7,1,1,-70,2,758,7804,208,0,0 '
Received from ('fd00::200:0:0:e', 8765, 0, 0): b' 3215,14,11,1280,0,730,4,3,7,1,1,-70,0,694,9229,202,0,0 '
Received from ('fd00::200:0:0:f', 8765, 0, 0): b' 3214,15,10,1280,0,676,6,13,7,1,2,-70,1,756,7713,202,0,0 '
Received from ('fd00::200:0:0:13', 8765, 0, 0): b' 3216,19,16,1536,0,745,5,4,7,1,1,-70,0,825,10801,200,0,0 '
Received from ('fd00::200:0:0:2', 8765, 0, 0): b' 3217,2,1,512,0,683,7,1,6,1,1,-88,1,1057,11417,212,1,7 '
Received from ('fd00::200:0:0:3', 8765, 0, 0): b' 3218,3,1,512,0,703,7,4,7,1,1,-64,4,2419,17626,213,1,7 '
Received from ('fd00::200:0:0:1', 5678, 0, 0): b' 3217,1,0,256,0,8,0,0,4,0,0,0,10,2610,27783,3962,0,0 '
Received from ('fd00::200:0:0:11', 8765, 0, 0): b' 3218,17,13,1280,0,689,11,5,7,1,3,-52,1,1145,12995,197,0,0 '
Received from ('fd00::200:0:0:5', 8765, 0, 0): b' 3218,5,4,768,0,769,7,1,6,1,1,-52,0,514,9629,212,0,0 '
Received from ('fd00::200:0:0:c', 8765, 0, 0): b' 3218,12,8,1024,0,687,8,20,7,1,3,-52,0,387,6794,164,0,0 '
Received from ('fd00::200:0:0:7', 8765, 0, 0): b' 3219,7,3,768,0,698,6,6,7,1,1,-52,3,1190,8397,211,1,7 '
Received from ('fd00::200:0:0:8', 8765, 0, 0): b' 3220,8,4,768,0,677,5,14,7,1,1,-52,9,3340,22179,209,1,7 '
Received from ('fd00::200:0:0:15', 8765, 0, 0): b' 3218,21,17,1536,0,726,5,7,5,1,1,-52,0,777,7755,188,0,0 '
Received from ('fd00::200:0:0:a', 8765, 0, 0): b' 3218,10,7,1024,10,673,5,5,7,1,1,-70,2,813,7868,209,0,0 '
Received from ('fd00::200:0:0:9', 8765, 0, 0): b' 3220,9,4,768,0,672,9,14,7,1,4,-70,0,447,10737,164,0,0 '
Received from ('fd00::200:0:0:14', 8765, 0, 0): b' 3219,20,16,1536,0,737,6,5,7,1,1,-52,0,894,8833,197,0,0 '
Received from ('fd00::200:0:0:f', 8765, 0, 0): b' 3219,15,10,1280,0,680,6,13,7,1,2,-70,1,998,7693,203,0,0 '
Received from ('fd00::200:0:0:d', 8765, 0, 0): b' 3221,13,8,1024,20,637,5,5,7,1,1,-70,5,2390,18921,206,0,0 '
Received from ('fd00::200:0:0:10', 8765, 0, 0): b' 3220,16,13,1280,0,698,4,8,7,1,1,-70,2,2046,23232,204,0,0 '
Received from ('fd00::200:0:0:6', 8765, 0, 0): b' 3221,6,2,768,10,681,3,13,7,1,1,-52,0,730,8908,164,0,0 '
Received from ('fd00::200:0:0:b', 8765, 0, 0): b' 3223,11,8,1024,0,703,6,10,7,1,2,-70,1,1174,16530,203,0,0 '
Received from ('fd00::200:0:0:e', 8765, 0, 0): b' 3222,14,11,1280,0,732,4,3,7,1,1,-70,0,517,7273,202,0,0 '
Received from ('fd00::200:0:0:f', 8765, 0, 0): b' 3223,15,10,1280,0,684,6,13,7,1,2,-70,1,797,5992,203,0,0 '
Received from ('fd00::200:0:0:4', 8765, 0, 0): b' 3224,4,1,512,0,691,7,4,7,2,1,-66,10,4543,26784,212,1,7 '
Received from ('fd00::200:0:0:13', 8765, 0, 0): b' 3224,19,16,1536,0,749,5,4,7,1,1,-70,0,732,7922,200,0,0 '
Received from ('fd00::200:0:0:12', 8765, 0, 0): b' 3223,18,15,1536,0,724,5,4,5,1,1,-70,0,908,10570,203,0,0 '
Received from ('fd00::200:0:0:1', 5678, 0, 0): b' 3225,1,0,256,0,8,0,0,4,0,0,0,10,1539,17538,3970,0,0 '
Received from ('fd00::200:0:0:2', 8765, 0, 0): b' 3226,2,1,512,0,687,7,1,6,1,1,-88,1,1418,13658,213,1,7 '
Received from ('fd00::200:0:0:14', 8765, 0, 0): b' 3225,20,16,1536,0,738,6,5,7,1,1,-52,0,386,5179,197,0,0 '
Received from ('fd00::200:0:0:7', 8765, 0, 0): b' 3225,7,3,768,0,699,6,6,7,1,1,-52,3,1207,10405,211,1,7 '
Received from ('fd00::200:0:0:5', 8765, 0, 0): b' 3226,5,4,768,0,770,7,1,6,1,1,-52,0,491,9272,213,0,0 '
Received from ('fd00::200:0:0:c', 8765, 0, 0): b' 3227,12,8,1024,0,688,8,20,7,1,3,-52,0,466,7734,165,0,0 '
Received from ('fd00::200:0:0:a', 8765, 0, 0): b' 3226,10,7,1024,0,674,5,5,7,1,1,-70,2,1081,12359,209,0,0 '
Received from ('fd00::200:0:0:8', 8765, 0, 0): b' 3228,8,4,768,20,680,5,14,7,1,1,-52,9,2906,20746,210,1,7 '
Received from ('fd00::200:0:0:3', 8765, 0, 0): b' 3229,3,1,512,10,705,7,4,7,1,1,-64,4,2468,19367,214,1,7 '
Received from ('fd00::200:0:0:13', 8765, 0, 0): b' 3228,19,16,1536,10,749,5,4,7,1,1,-70,0,255,4172,201,0,0 '
Received from ('fd00::200:0:0:6', 8765, 0, 0): b' 3229,6,2,768,0,683,3,13,7,1,1,-52,0,693,7991,165,0,0 '
Received from ('fd00::200:0:0:d', 8765, 0, 0): b' 3229,13,8,1024,10,640,5,5,7,1,1,-70,5,1869,16248,207,0,0 '
Received from ('fd00::200:0:0:b', 8765, 0, 0): b' 3230,11,8,1024,0,707,6,10,7,1,2,-70,1,1242,11924,203,0,0 '
Received from ('fd00::200:0:0:12', 8765, 0, 0): b' 3228,18,15,1536,0,725,5,4,5,1,1,-70,0,387,4569,203,0,0 '
Received from ('fd00::200:0:0:1', 5678, 0, 0): b' 3231,1,0,256,0,8,0,0,4,0,0,0,10,1440,14337,3979,0,0 '
Received from ('fd00::200:0:0:9', 8765, 0, 0): b' 3231,9,4,768,0,677,9,14,7,1,4,-70,0,1038,10937,165,0,0 '
Received from ('fd00::200:0:0:e', 8765, 0, 0): b' 3229,14,11,1280,0,734,4,3,7,1,1,-70,0,549,6341,203,0,0 '
Received from ('fd00::200:0:0:11', 8765, 0, 0): b' 3229,17,13,1280,0,691,11,5,7,1,3,-52,1,1132,14433,197,0,0 '
Received from ('fd00::200:0:0:5', 8765, 0, 0): b' 3232,5,4,768,10,771,7,1,6,1,1,-52,0,359,6613,213,0,0 '
Received from ('fd00::200:0:0:10', 8765, 0, 0): b' 3230,16,13,1280,0,700,4,8,7,1,1,-70,2,1720,19321,204,0,0 '
Received from ('fd00::200:0:0:15', 8765, 0, 0): b' 3231,21,17,1536,0,728,5,7,5,1,1,-52,0,719,10657,189,0,0 '
Received from ('fd00::200:0:0:a', 8765, 0, 0): b' 3232,10,7,1024,0,676,5,5,7,1,1,-70,2,931,10078,210,0,0 '
Received from ('fd00::200:0:0:13', 8765, 0, 0): b' 3233,19,16,1536,10,750,5,4,7,1,1,-70,0,420,4651,201,0,0 '
Received from ('fd00::200:0:0:6', 8765, 0, 0): b' 3234,6,2,768,0,683,3,13,7,1,1,-52,0,253,4077,165,0,0 '
Received from ('fd00::200:0:0:12', 8765, 0, 0): b' 3233,18,15,1536,0,725,5,4,5,1,1,-70,0,311,4583,204,0,0 '
Received from ('fd00::200:0:0:4', 8765, 0, 0): b' 3234,4,1,512,0,695,7,4,7,2,1,-66,10,5043,30693,213,1,7 '
Received from ('fd00::200:0:0:b', 8765, 0, 0): b' 3236,11,8,1024,10,707,6,10,7,1,2,-70,1,654,8757,204,0,0 '
Received from ('fd00::200:0:0:7', 8765, 0, 0): b' 3235,7,3,768,10,702,6,6,7,1,1,-52,3,2156,17834,212,1,7 '
Received from ('fd00::200:0:0:2', 8765, 0, 0): b' 3235,2,1,512,0,689,7,1,6,1,1,-88,1,1144,14583,213,1,7 '
Received from ('fd00::200:0:0:3', 8765, 0, 0): b' 3236,3,1,512,0,707,7,4,7,1,1,-64,4,1829,13048,214,1,7 '
Received from ('fd00::200:0:0:e', 8765, 0, 0): b' 3234,14,11,1280,0,736,4,3,7,1,1,-70,0,469,4850,203,0,0 '
Received from ('fd00::200:0:0:f', 8765, 0, 0): b' 3234,15,10,1280,0,685,6,13,7,1,2,-70,1,1294,14292,204,0,0 '
Received from ('fd00::200:0:0:8', 8765, 0, 0): b' 3236,8,4,768,0,682,5,14,7,1,1,-52,9,3673,22612,210,1,7 '
Received from ('fd00::200:0:0:14', 8765, 0, 0): b' 3236,20,16,1536,0,741,6,5,7,1,1,-52,0,801,10468,198,0,0 '
Received from ('fd00::200:0:0:1', 5678, 0, 0): b' 3237,1,0,256,0,8,0,0,4,0,0,0,10,1687,15716,3989,0,0 '
Received from ('fd00::200:0:0:5', 8765, 0, 0): b' 3237,5,4,768,0,773,7,1,6,1,1,-52,0,575,6787,214,0,0 '
Received from ('fd00::200:0:0:13', 8765, 0, 0): b' 3237,19,16,1536,0,751,5,4,7,1,1,-70,0,290,4400,201,0,0 '
Received from ('fd00::200:0:0:c', 8765, 0, 0): b' 3238,12,8,1024,0,691,8,20,7,1,3,-52,0,825,10915,166,0,0 '
Received from ('fd00::200:0:0:6', 8765, 0, 0): b' 3239,6,2,768,0,684,3,13,7,1,1,-52,0,263,4868,165,0,0 '
Received from ('fd00::200:0:0:d', 8765, 0, 0): b' 3239,13,8,1024,0,642,5,5,7,1,1,-70,5,2251,21008,207,0,0 '
Received from ('fd00::200:0:0:b', 8765, 0, 0): b' 3241,11,8,1024,10,708,6,10,7,1,2,-70,1,773,8481,204,0,0 '
Received from ('fd00::200:0:0:e', 8765, 0, 0): b' 3240,14,11,1280,0,740,4,3,7,1,1,-70,0,860,6298,204,0,0 '
Received from ('fd00::200:0:0:1', 5678, 0, 0): b' 3241,1,0,256,0,8,0,0,4,0,0,0,10,653,9120,3991,0,0 '
Received from ('fd00::200:0:0:9', 8765, 0, 0): b' 3241,9,4,768,0,679,9,14,7,1,4,-70,0,694,9489,166,0,0 '
Received from ('fd00::200:0:0:a', 8765, 0, 0): b' 3240,10,7,1024,0,679,5,5,7,1,1,-70,2,1281,13229,210,0,0 '
Received from ('fd00::200:0:0:14', 8765, 0, 0): b' 3240,20,16,1536,0,743,6,5,7,1,1,-52,0,470,4542,198,0,0 '
Received from ('fd00::200:0:0:11', 8765, 0, 0): b' 3241,17,13,1280,0,696,11,5,7,1,3,-52,1,1515,15375,198,0,0 '
Received from ('fd00::200:0:0:4', 8765, 0, 0): b' 3242,4,1,512,0,700,7,4,7,2,1,-66,10,3854,22388,213,1,7 '
Received from ('fd00::200:0:0:10', 8765, 0, 0): b' 3242,16,13,1280,0,703,4,8,7,1,1,-70,2,2012,21874,205,0,0 '
Received from ('fd00::200:0:0:12', 8765, 0, 0): b' 3242,18,15,1536,10,727,5,4,5,1,1,-70,0,517,8058,204,0,0 '
Received from ('fd00::200:0:0:15', 8765, 0, 0): b' 3242,21,17,1536,10,730,5,7,5,1,1,-52,0,639,10086,189,0,0 '
Received from ('fd00::200:0:0:7', 8765, 0, 0): b' 3245,7,3,768,0,704,6,6,7,1,1,-52,3,1642,16466,213,1,7 '
Received from ('fd00::200:0:0:2', 8765, 0, 0): b' 3246,2,1,512,0,693,7,1,6,1,1,-88,1,1496,17006,214,1,7 '
Received from ('fd00::200:0:0:5', 8765, 0, 0): b' 3246,5,4,768,0,776,7,1,6,1,1,-52,0,742,11507,214,0,0 '
Received from ('fd00::200:0:0:f', 8765, 0, 0): b' 3246,15,10,1280,0,688,6,13,7,1,2,-70,1,1258,15153,205,0,0 '
Received from ('fd00::200:0:0:8', 8765, 0, 0): b' 3247,8,4,768,10,683,5,14,7,1,1,-52,9,3545,27832,211,1,7 '
Received from ('fd00::200:0:0:3', 8765, 0, 0): b' 3247,3,1,512,10,710,7,4,7,1,1,-64,4,2367,20686,215,1,7 '
Received from ('fd00::200:0:0:c', 8765, 0, 0): b' 3247,12,8,1024,0,693,8,20,7,1,3,-52,0,615,8174,166,0,0 '
Received from ('fd00::200:0:0:1', 5678, 0, 0): b' 3248,1,0,256,0,8,0,0,4,0,0,0,10,1586,16162,4002,0,0 '
Received from ('fd00::200:0:0:11', 8765, 0, 0): b' 3246,17,13,1280,0,697,11,5,7,1,3,-52,1,773,7325,199,0,0 '
Received from ('fd00::200:0:0:14', 8765, 0, 0): b' 3247,20,16,1536,0,747,6,5,7,1,1,-52,0,787,7183,199,0,0 '
Received from ('fd00::200:0:0:b', 8765, 0, 0): b' 3249,11,8,1024,0,710,6,10,7,1,2,-70,1,989,12479,205,0,0 '
Received from ('fd00::200:0:0:13', 8765, 0, 0): b' 3248,19,16,1536,0,753,5,4,7,1,1,-70,0,927,10676,202,0,0 '
Received from ('fd00::200:0:0:15', 8765, 0, 0): b' 3248,21,17,1536,0,730,5,7,5,1,1,-52,0,362,5840,190,0,0 '
Received from ('fd00::200:0:0:a', 8765, 0, 0): b' 3249,10,7,1024,0,679,5,5,7,1,1,-70,2,1104,14035,211,0,0 '
Received from ('fd00::200:0:0:e', 8765, 0, 0): b' 3249,14,11,1280,0,743,4,3,7,1,1,-70,0,648,8403,204,0,0 '
Received from ('fd00::200:0:0:d', 8765, 0, 0): b' 3250,13,8,1024,0,645,5,5,7,1,1,-70,5,3163,23316,208,0,0 '
Received from ('fd00::200:0:0:9', 8765, 0, 0): b' 3250,9,4,768,10,682,9,14,7,1,4,-70,0,678,9434,167,0,0 '
Received from ('fd00::200:0:0:8', 8765, 0, 0): b' 3251,8,4,768,0,683,5,14,7,1,1,-52,9,2118,12209,211,1,7 '
Received from ('fd00::200:0:0:6', 8765, 0, 0): b' 3251,6,2,768,0,687,3,13,7,1,1,-52,0,813,11468,166,0,0 '
Received from ('fd00::200:0:0:4', 8765, 0, 0): b' 3251,4,1,512,0,703,7,4,7,2,1,-66,10,4824,27376,214,1,7 '
Received from ('fd00::200:0:0:7', 8765, 0, 0): b' 3251,7,3,768,20,705,6,6,7,1,1,-52,3,1147,11151,213,1,7 '
Received from ('fd00::200:0:0:12', 8765, 0, 0): b' 3250,18,15,1536,10,729,5,4,5,1,1,-70,0,737,8155,205,0,0 '
Received from ('fd00::200:0:0:10', 8765, 0, 0): b' 3252,16,13,1280,0,705,4,8,7,1,1,-70,2,1813,20014,206,0,0 '
Received from ('fd00::200:0:0:2', 8765, 0, 0): b' 3253,2,1,512,0,695,7,1,6,1,1,-88,1,1090,11330,215,1,7 '
Received from ('fd00::200:0:0:11', 8765, 0, 0): b' 3253,17,13,1280,0,697,11,5,7,1,3,-52,1,568,7933,199,0,0 '
Received from ('fd00::200:0:0:5', 8765, 0, 0): b' 3254,5,4,768,0,778,7,1,6,1,1,-52,0,696,9838,215,0,0 '
Received from ('fd00::200:0:0:3', 8765, 0, 0): b' 3255,3,1,512,0,712,7,4,7,1,1,-64,4,1275,12313,215,1,7 '
Received from ('fd00::200:0:0:b', 8765, 0, 0): b' 3256,11,8,1024,0,711,6,11,7,1,2,-70,1,848,10609,205,0,0 '
Received from ('fd00::200:0:0:1', 5678, 0, 0): b' 3255,1,0,256,0,8,0,0,4,0,0,0,10,1662,17286,4010,0,0 '
Received from ('fd00::200:0:0:c', 8765, 0, 0): b' 3255,12,8,1024,10,695,8,20,7,1,3,-52,0,466,7455,167,0,0 '
Received from ('fd00::200:0:0:13', 8765, 0, 0): b' 3254,19,16,1536,0,755,5,4,7,1,1,-70,0,518,6423,202,0,0 '
Received from ('fd00::200:0:0:6', 8765, 0, 0): b' 3256,6,2,768,0,688,3,13,7,1,1,-52,0,385,4669,166,0,0 '
Received from ('fd00::200:0:0:9', 8765, 0, 0): b' 3256,9,4,768,10,683,9,14,7,1,4,-70,0,482,5729,167,0,0 '
Received from ('fd00::200:0:0:f', 8765, 0, 0): b' 3256,15,10,1280,10,693,6,13,7,1,2,-70,1,1322,12538,205,0,0 '
Received from ('fd00::200:0:0:e', 8765, 0, 0): b' 3256,14,11,1280,0,744,4,3,7,1,1,-70,0,466,7224,205,0,0 '
Received from ('fd00::200:0:0:10', 8765, 0, 0): b' 3258,16,13,1280,0,707,4,8,7,1,1,-70,2,1083,10363,206,0,0 '
Received from ('fd00::200:0:0:7', 8765, 0, 0): b' 3260,7,3,768,10,707,6,6,7,1,1,-52,3,1278,13191,214,1,7 '
Received from ('fd00::200:0:0:14', 8765, 0, 0): b' 3258,20,16,1536,0,754,6,5,7,1,1,-52,0,1229,11085,200,0,0 '
Received from ('fd00::200:0:0:4', 8765, 0, 0): b' 3261,4,1,512,0,704,7,4,7,2,1,-66,10,3511,24540,215,1,7 '
Received from ('fd00::200:0:0:8', 8765, 0, 0): b' 3260,8,4,768,30,688,5,14,7,1,1,-52,9,3660,24313,212,1,7 '
Received from ('fd00::200:0:0:11', 8765, 0, 0): b' 3258,17,13,1280,10,697,11,5,7,1,3,-52,1,477,6723,199,0,0 '
Received from ('fd00::200:0:0:a', 8765, 0, 0): b' 3260,10,7,1024,0,681,5,5,7,1,1,-70,2,1434,17576,212,0,0 '
Received from ('fd00::200:0:0:d', 8765, 0, 0): b' 3259,13,8,1024,20,646,5,5,7,1,1,-70,5,2149,20255,209,0,0 '
Received from ('fd00::200:0:0:6', 8765, 0, 0): b' 3262,6,2,768,0,688,3,13,7,1,1,-52,0,333,5870,167,0,0 '
Received from ('fd00::200:0:0:15', 8765, 0, 0): b' 3259,21,17,1536,0,735,5,7,5,1,1,-52,0,1015,10835,191,0,0 '
Received from ('fd00::200:0:0:3', 8765, 0, 0): b' 3263,3,1,512,0,713,7,4,7,1,1,-64,4,1749,13898,216,1,7 '
Received from ('fd00::200:0:0:2', 8765, 0, 0): b' 3263,2,1,512,0,696,7,1,6,1,1,-88,1,1041,14755,215,1,7 '
Received from ('fd00::200:0:0:12', 8765, 0, 0): b' 3262,18,15,1536,0,733,5,4,5,1,1,-70,0,947,10972,205,0,0 '
Received from ('fd00::200:0:0:c', 8765, 0, 0): b' 3260,12,8,1024,10,697,8,20,7,1,3,-52,0,601,6388,167,0,0 '
Received from ('fd00::200:0:0:9', 8765, 0, 0): b' 3263,9,4,768,0,686,9,14,7,1,4,-70,0,623,6475,167,0,0 '
Received from ('fd00::200:0:0:1', 5678, 0, 0): b' 3264,1,0,256,0,8,0,0,4,0,0,0,10,1895,20785,4022,0,0 '
Received from ('fd00::200:0:0:f', 8765, 0, 0): b' 3264,15,10,1280,0,697,6,13,7,1,2,-70,1,1179,10976,206,0,0 '
Received from ('fd00::200:0:0:b', 8765, 0, 0): b' 3262,11,8,1024,10,715,6,11,7,1,2,-70,1,1257,13814,206,0,0 '
Received from ('fd00::200:0:0:5', 8765, 0, 0): b' 3264,5,4,768,0,781,7,1,6,1,1,-52,0,792,12716,216,0,0 '
Received from ('fd00::200:0:0:14', 8765, 0, 0): b' 3262,20,16,1536,0,757,6,5,7,1,1,-52,0,579,4443,200,0,0 '
Received from ('fd00::200:0:0:e', 8765, 0, 0): b' 3263,14,11,1280,10,747,4,3,7,1,1,-70,0,493,5987,205,0,0 '
Received from ('fd00::200:0:0:d', 8765, 0, 0): b' 3265,13,8,1024,10,647,5,5,7,1,1,-70,5,1317,12266,209,0,0 '
Received from ('fd00::200:0:0:13', 8765, 0, 0): b' 3264,19,16,1536,10,756,5,4,7,1,1,-70,0,466,8980,203,0,0 '
Received from ('fd00::200:0:0:11', 8765, 0, 0): b' 3266,17,13,1280,10,700,11,5,7,1,3,-52,1,1014,10009,200,0,0 '
Received from ('fd00::200:0:0:e', 8765, 0, 0): b' 3267,14,11,1280,0,750,4,3,7,1,1,-70,0,894,5196,205,0,0 '
Received from ('fd00::200:0:0:14', 8765, 0, 0): b' 3267,20,16,1536,0,757,6,5,7,1,1,-52,0,279,4782,200,0,0 '
Received from ('fd00::200:0:0:10', 8765, 0, 0): b' 3267,16,13,1280,10,708,4,9,7,1,1,-70,2,1545,18634,207,0,0 '
Received from ('fd00::200:0:0:c', 8765, 0, 0): b' 3269,12,8,1024,0,701,8,20,7,1,3,-52,0,909,8977,168,0,0 '
Received from ('fd00::200:0:0:b', 8765, 0, 0): b' 3268,11,8,1024,20,717,6,11,7,1,2,-70,1,883,10031,206,0,0 '
Received from ('fd00::200:0:0:7', 8765, 0, 0): b' 3271,7,3,768,20,710,6,6,7,1,1,-52,3,1954,17983,215,1,7 '
Received from ('fd00::200:0:0:15', 8765, 0, 0): b' 3269,21,17,1536,10,737,5,7,5,1,1,-52,0,534,9419,191,0,0 '
Received from ('fd00::200:0:0:5', 8765, 0, 0): b' 3270,5,4,768,0,783,7,1,6,1,1,-52,0,519,6956,216,0,0 '
Received from ('fd00::200:0:0:12', 8765, 0, 0): b' 3269,18,15,1536,0,736,5,4,5,1,1,-70,0,681,7290,206,0,0 '
Received from ('fd00::200:0:0:8', 8765, 0, 0): b' 3270,8,4,768,10,690,5,14,7,1,1,-52,9,4381,27612,212,1,7 '
Received from ('fd00::200:0:0:4', 8765, 0, 0): b' 3271,4,1,512,10,706,7,4,7,2,1,-66,10,5672,30674,215,1,7 '
Received from ('fd00::200:0:0:2', 8765, 0, 0): b' 3271,2,1,512,0,699,7,1,6,1,1,-88,1,1173,13566,216,1,7 '
Received from ('fd00::200:0:0:f', 8765, 0, 0): b' 3270,15,10,1280,0,698,6,13,7,1,2,-70,1,771,8079,206,0,0 '
Received from ('fd00::200:0:0:3', 8765, 0, 0): b' 3272,3,1,512,10,717,7,4,7,1,1,-64,4,2190,16932,216,1,7 '
Received from ('fd00::200:0:0:11', 8765, 0, 0): b' 3271,17,13,1280,0,702,11,5,7,1,3,-52,1,731,6460,200,0,0 '
Received from ('fd00::200:0:0:a', 8765, 0, 0): b' 3270,10,7,1024,0,683,5,5,7,1,1,-70,2,1583,15565,212,0,0 '
Received from ('fd00::200:0:0:9', 8765, 0, 0): b' 3272,9,4,768,0,688,9,14,7,1,4,-70,0,571,8949,168,0,0 '
Received from ('fd00::200:0:0:6', 8765, 0, 0): b' 3274,6,2,768,0,692,3,13,7,1,1,-52,0,930,11912,168,0,0 '
Received from ('fd00::200:0:0:1', 5678, 0, 0): b' 3275,1,0,256,0,8,0,0,4,0,0,0,10,2347,25361,4038,0,0 '
Received from ('fd00::200:0:0:a', 8765, 0, 0): b' 3274,10,7,1024,0,685,5,5,7,1,1,-70,2,550,6525,212,0,0 '
Received from ('fd00::200:0:0:13', 8765, 0, 0): b' 3274,19,16,1536,0,759,5,4,7,1,1,-70,0,826,10233,204,0,0 '
Received from ('fd00::200:0:0:7', 8765, 0, 0): b' 3276,7,3,768,10,712,6,6,7,1,1,-52,3,1463,10300,215,1,7 '
Received from ('fd00::200:0:0:3', 8765, 0, 0): b' 3276,3,1,512,0,718,7,4,7,1,1,-64,4,1181,9054,217,1,7 '
Received from ('fd00::200:0:0:14', 8765, 0, 0): b' 3276,20,16,1536,0,759,6,5,7,1,1,-52,0,670,8085,201,0,0 '
Received from ('fd00::200:0:0:12', 8765, 0, 0): b' 3277,18,15,1536,0,739,5,4,5,1,1,-70,0,721,7456,206,0,0 '
Received from ('fd00::200:0:0:d', 8765, 0, 0): b' 3277,13,8,1024,0,648,5,5,7,1,1,-70,5,2687,23357,210,0,0 '
Received from ('fd00::200:0:0:8', 8765, 0, 0): b' 3279,8,4,768,10,692,5,14,7,1,1,-52,9,2614,19908,213,1,7 '
Received from ('fd00::200:0:0:1', 5678, 0, 0): b' 3279,1,0,256,0,8,0,0,4,0,0,0,10,960,10115,4043,0,0 '
Received from ('fd00::200:0:0:4', 8765, 0, 0): b' 3279,4,1,512,30,708,7,4,7,2,1,-66,10,3066,21872,216,1,7 '
Received from ('fd00::200:0:0:2', 8765, 0, 0): b' 3280,2,1,512,0,701,7,1,6,1,1,-88,1,1088,13296,216,1,7 '
Received from ('fd00::200:0:0:15', 8765, 0, 0): b' 3278,21,17,1536,0,740,5,7,5,1,1,-52,0,812,8782,192,0,0 '
Received from ('fd00::200:0:0:e', 8765, 0, 0): b' 3278,14,11,1280,10,753,4,3,7,1,1,-70,0,718,10691,206,0,0 '
Received from ('fd00::200:0:0:10', 8765, 0, 0): b' 3278,16,13,1280,0,710,4,9,7,1,1,-70,2,1750,20889,208,0,0 '
Received from ('fd00::200:0:0:5', 8765, 0, 0): b' 3281,5,4,768,0,785,7,1,6,1,1,-52,0,719,13267,217,0,0 '
Received from ('fd00::200:0:0:9', 8765, 0, 0): b' 3282,9,4,768,0,692,9,14,7,1,4,-70,0,906,9587,169,0,0 '
Received from ('fd00::200:0:0:13', 8765, 0, 0): b' 3279,19,16,1536,0,759,5,4,7,1,1,-70,0,256,4004,204,0,0 '
Received from ('fd00::200:0:0:7', 8765, 0, 0): b' 3281,7,3,768,10,714,6,6,7,1,1,-52,3,1087,9673,215,1,7 '
Received from ('fd00::200:0:0:11', 8765, 0, 0): b' 3279,17,13,1280,0,705,11,5,7,1,3,-52,1,1243,11732,201,0,0 '
Received from ('fd00::200:0:0:f', 8765, 0, 0): b' 3280,15,10,1280,0,702,6,13,7,1,2,-70,1,1426,14329,207,0,0 '
Received from ('fd00::200:0:0:b', 8765, 0, 0): b' 3281,11,8,1024,0,719,6,11,7,1,2,-70,1,1323,17668,207,0,0 '
Received from ('fd00::200:0:0:c', 8765, 0, 0): b' 3282,12,8,1024,0,702,8,20,7,1,3,-52,0,555,11071,168,0,0 '
Received from ('fd00::200:0:0:3', 8765, 0, 0): b' 3282,3,1,512,10,718,7,4,7,1,1,-64,4,1139,10889,217,1,7 '
Received from ('fd00::200:0:0:6', 8765, 0, 0): b' 3283,6,2,768,0,693,3,13,7,1,1,-52,0,409,8251,168,0,0 '
Received from ('fd00::200:0:0:4', 8765, 0, 0): b' 3284,4,1,512,0,709,7,4,7,2,1,-66,10,2741,14747,216,1,7 '
Received from ('fd00::200:0:0:e', 8765, 0, 0): b' 3283,14,11,1280,0,754,4,3,7,1,1,-70,0,472,4722,206,0,0 '
Received from ('fd00::200:0:0:14', 8765, 0, 0): b' 3282,20,16,1536,0,760,6,5,7,1,1,-52,0,410,7035,201,0,0 '
Received from ('fd00::200:0:0:15', 8765, 0, 0): b' 3283,21,17,1536,10,742,5,7,5,1,1,-52,0,362,4655,192,0,0 '
Received from ('fd00::200:0:0:a', 8765, 0, 0): b' 3284,10,7,1024,10,687,5,5,7,1,1,-70,2,1258,15710,213,0,0 '
Received from ('fd00::200:0:0:12', 8765, 0, 0): b' 3284,18,15,1536,10,741,5,4,5,1,1,-70,0,549,7233,207,0,0 '
Received from ('fd00::200:0:0:13', 8765, 0, 0): b' 3284,19,16,1536,0,763,5,4,7,1,1,-70,0,600,5457,204,0,0 '
Received from ('fd00::200:0:0:d', 8765, 0, 0): b' 3286,13,8,1024,10,649,5,5,7,1,1,-70,5,1946,16746,210,0,0 '
Received from ('fd00::200:0:0:10', 8765, 0, 0): b' 3285,16,13,1280,0,711,4,9,7,1,1,-70,2,1166,13412,208,0,0 '
Received from ('fd00::200:0:0:2', 8765, 0, 0): b' 3287,2,1,512,30,706,7,1,6,1,1,-88,1,1172,11224,217,1,7 '
Received from ('fd00::200:0:0:c', 8765, 0, 0): b' 3287,12,8,1024,0,703,8,20,7,1,3,-52,0,419,4968,169,0,0 '
Received from ('fd00::200:0:0:3', 8765, 0, 0): b' 3287,3,1,512,0,719,7,4,7,1,1,-64,4,1054,8359,217,1,7 '
Received from ('fd00::200:0:0:6', 8765, 0, 0): b' 3287,6,2,768,0,694,3,13,7,1,1,-52,0,416,4494,169,0,0 '
Received from ('fd00::200:0:0:8', 8765, 0, 0): b' 3288,8,4,768,10,696,5,14,7,1,1,-52,9,4290,26254,213,1,7 '
Received from ('fd00::200:0:0:7', 8765, 0, 0): b' 3287,7,3,768,0,714,6,6,7,1,1,-52,3,1091,11563,216,1,7 '
Received from ('fd00::200:0:0:9', 8765, 0, 0): b' 3289,9,4,768,0,694,9,14,7,1,4,-70,0,515,7035,169,0,0 '
Received from ('fd00::200:0:0:5', 8765, 0, 0): b' 3289,5,4,768,0,788,7,1,6,1,1,-52,0,622,9913,217,0,0 '
Received from ('fd00::200:0:0:11', 8765, 0, 0): b' 3288,17,13,1280,0,706,11,5,7,1,3,-52,1,950,10747,201,0,0 '
Received from ('fd00::200:0:0:14', 8765, 0, 0): b' 3286,20,16,1536,0,761,6,5,7,1,1,-52,0,418,5050,202,0,0 '
Received from ('fd00::200:0:0:12', 8765, 0, 0): b' 3289,18,15,1536,0,743,5,4,5,1,1,-70,0,494,4957,207,0,0 '
Received from ('fd00::200:0:0:1', 5678, 0, 0): b' 3291,1,0,256,0,8,0,0,4,0,0,0,10,2802,28732,4059,0,0 '
Received from ('fd00::200:0:0:e', 8765, 0, 0): b' 3290,14,11,1280,0,756,4,3,7,1,1,-70,0,549,6298,207,0,0 '
Received from ('fd00::200:0:0:b', 8765, 0, 0): b' 3291,11,8,1024,0,722,6,11,7,1,2,-70,1,1362,16547,207,0,0 '
Received from ('fd00::200:0:0:3', 8765, 0, 0): b' 3291,3,1,512,0,719,7,4,7,1,1,-64,4,960,7963,218,1,7 '
Received from ('fd00::200:0:0:d', 8765, 0, 0): b' 3293,13,8,1024,0,651,5,5,7,1,1,-70,5,1772,14557,211,0,0 '
Received from ('fd00::200:0:0:f', 8765, 0, 0): b' 3292,15,10,1280,0,705,6,13,7,1,2,-70,1,1507,15738,208,0,0 '
Received from ('fd00::200:0:0:15', 8765, 0, 0): b' 3293,21,17,1536,0,746,5,7,5,1,1,-52,0,1082,9635,193,0,0 '
Received from ('fd00::200:0:0:5', 8765, 0, 0): b' 3293,5,4,768,0,789,7,1,6,1,1,-52,0,359,4971,217,0,0 '
Received from ('fd00::200:0:0:14', 8765, 0, 0): b' 3295,20,16,1536,0,764,6,5,7,1,1,-52,0,600,5445,202,0,0 '
Received from ('fd00::200:0:0:c', 8765, 0, 0): b' 3295,12,8,1024,0,707,8,20,7,1,3,-52,0,828,8349,169,0,0 '
Received from ('fd00::200:0:0:a', 8765, 0, 0): b' 3294,10,7,1024,0,691,5,5,7,1,1,-70,2,1878,17321,214,0,0 '
Received from ('fd00::200:0:0:4', 8765, 0, 0): b' 3295,4,1,512,0,710,7,4,7,2,1,-66,10,5684,33908,217,1,7 '
Received from ('fd00::200:0:0:b', 8765, 0, 0): b' 3295,11,8,1024,0,723,6,11,7,1,2,-70,1,561,6760,208,0,0 '
Received from ('fd00::200:0:0:13', 8765, 0, 0): b' 3297,19,16,1536,0,765,5,4,7,1,1,-70,0,694,10651,205,0,0 '
Received from ('fd00::200:0:0:1', 5678, 0, 0): b' 3297,1,0,256,0,8,0,0,4,0,0,0,10,1544,14770,4069,0,0 '
Received from ('fd00::200:0:0:10', 8765, 0, 0): b' 3297,16,13,1280,0,714,4,9,7,1,1,-70,2,1968,20856,209,0,0 '
Received from ('fd00::200:0:0:2', 8765, 0, 0): b' 3296,2,1,512,10,709,7,1,6,1,1,-88,1,1366,16126,218,1,7 '
Received from ('fd00::200:0:0:3', 8765, 0, 0): b' 3296,3,1,512,0,720,7,4,7,1,1,-64,4,908,8879,218,1,7 '
Received from ('fd00::200:0:0:6', 8765, 0, 0): b' 3298,6,2,768,0,696,3,13,7,1,1,-52,0,660,10287,169,0,0 '
Received from ('fd00::200:0:0:8', 8765, 0, 0): b' 3299,8,4,768,0,697,5,14,7,1,1,-52,9,3681,27010,214,1,7 '
Received from ('fd00::200:0:0:9', 8765, 0, 0): b' 3298,9,4,768,0,697,9,14,7,1,4,-70,0,865,10023,170,0,0 '
Received from ('fd00::200:0:0:12', 8765, 0, 0): b' 3298,18,15,1536,0,745,5,4,5,1,1,-70,0,694,8942,208,0,0 '
Received from ('fd00::200:0:0:7', 8765, 0, 0): b' 3299,7,3,768,0,718,6,6,7,1,1,-52,3,2259,20543,217,1,7 '
Received from ('fd00::200:0:0:e', 8765, 0, 0): b' 3300,14,11,1280,0,761,4,3,7,1,1,-70,0,1015,10144,208,0,0 '
Received from ('fd00::200:0:0:11', 8765, 0, 0): b' 3300,17,13,1280,0,707,11,5,7,1,3,-52,1,1015,14526,202,0,0 '
Received from ('fd00::200:0:0:f', 8765, 0, 0): b' 3300,15,10,1280,0,708,6,13,7,1,2,-70,1,982,10046,208,0,0 '
Received from ('fd00::200:0:0:d', 8765, 0, 0): b' 3301,13,8,1024,10,652,5,5,7,1,1,-70,5,1797,17130,212,0,0 '
Received from ('fd00::200:0:0:14', 8765, 0, 0): b' 3302,20,16,1536,0,767,6,5,7,1,1,-52,0,624,6930,202,0,0 '
Received from ('fd00::200:0:0:5', 8765, 0, 0): b' 3302,5,4,768,0,793,7,1,6,1,1,-52,0,906,11715,218,0,0 '
Received from ('fd00::200:0:0:c', 8765, 0, 0): b' 3303,12,8,1024,0,709,8,20,7,1,3,-52,0,573,7848,170,0,0 '
Received from ('fd00::200:0:0:4', 8765, 0, 0): b' 3303,4,1,512,20,712,7,4,7,2,1,-66,10,2953,20341,217,1,7 '
Received from ('fd00::200:0:0:3', 8765, 0, 0): b' 3302,3,1,512,10,722,7,4,7,1,1,-64,4,1312,9887,218,1,7 '
Received from ('fd00::200:0:0:8', 8765, 0, 0): b' 3304,8,4,768,30,698,5,14,7,1,1,-52,9,2049,13718,214,1,7 '
Received from ('fd00::200:0:0:15', 8765, 0, 0): b' 3302,21,17,1536,0,747,5,7,5,1,1,-52,0,467,8310,194,0,0 '
Received from ('fd00::200:0:0:9', 8765, 0, 0): b' 3304,9,4,768,0,699,9,14,7,1,4,-70,0,492,5654,170,0,0 '
Received from ('fd00::200:0:0:10', 8765, 0, 0): b' 3303,16,13,1280,0,717,4,9,7,1,1,-70,2,1069,11479,209,0,0 '
Received from ('fd00::200:0:0:2', 8765, 0, 0): b' 3304,2,1,512,0,713,7,1,6,1,1,-88,1,1381,13469,218,1,7 '
Received from ('fd00::200:0:0:b', 8765, 0, 0): b' 3305,11,8,1024,10,727,6,11,7,1,2,-70,1,1250,14993,208,0,0 '
Received from ('fd00::200:0:0:a', 8765, 0, 0): b' 3305,10,7,1024,0,693,5,5,7,1,1,-70,2,1213,17419,214,0,0 '
Received from ('fd00::200:0:0:e', 8765, 0, 0): b' 3304,14,11,1280,0,762,4,3,7,1,1,-70,0,365,4188,208,0,0 '
Received from ('fd00::200:0:0:6', 8765, 0, 0): b' 3305,6,2,768,0,699,3,13,7,1,1,-52,0,776,8532,170,0,0 '
Received from ('fd00::200:0:0:d', 8765, 0, 0): b' 3305,13,8,1024,0,654,5,5,7,1,1,-70,5,1441,9802,212,0,0 '
Received from ('fd00::200:0:0:13', 8765, 0, 0): b' 3307,19,16,1536,10,767,5,4,7,1,1,-70,0,588,8859,206,0,0 '
Received from ('fd00::200:0:0:f', 8765, 0, 0): b' 3306,15,10,1280,10,709,6,13,7,1,2,-70,1,501,6979,209,0,0 '
Received from ('fd00::200:0:0:11', 8765, 0, 0): b' 3307,17,13,1280,0,708,11,5,7,1,3,-52,1,800,8273,203,0,0 '
Received from ('fd00::200:0:0:15', 8765, 0, 0): b' 3306,21,17,1536,10,748,5,7,5,1,1,-52,0,362,3982,194,0,0 '
Received from ('fd00::200:0:0:1', 5678, 0, 0): b' 3309,1,0,256,0,8,0,0,4,0,0,0,10,2742,29218,4085,0,0 '
Received from ('fd00::200:0:0:c', 8765, 0, 0): b' 3309,12,8,1024,0,711,8,20,7,1,3,-52,0,517,6400,170,0,0 '
Received from ('fd00::200:0:0:9', 8765, 0, 0): b' 3309,9,4,768,0,703,9,14,7,1,4,-70,0,737,5371,171,0,0 '
Received from ('fd00::200:0:0:3', 8765, 0, 0): b' 3309,3,1,512,0,722,7,4,7,1,1,-64,4,1279,12511,219,1,7 '
Received from ('fd00::200:0:0:12', 8765, 0, 0): b' 3309,18,15,1536,10,748,5,4,5,1,1,-70,0,597,10169,209,0,0 '
Received from ('fd00::200:0:0:14', 8765, 0, 0): b' 3310,20,16,1536,0,769,6,5,7,1,1,-52,0,670,8328,203,0,0 '
Received from ('fd00::200:0:0:2', 8765, 0, 0): b' 3310,2,1,512,0,713,7,1,6,1,1,-88,1,611,9288,219,1,7 '
Received from ('fd00::200:0:0:4', 8765, 0, 0): b' 3312,4,1,512,0,714,7,4,7,2,1,-66,10,4678,25740,218,1,7 '
Received from ('fd00::200:0:0:15', 8765, 0, 0): b' 3311,21,17,1536,0,749,5,7,5,1,1,-52,0,387,5016,194,0,0 '
Received from ('fd00::200:0:0:6', 8765, 0, 0): b' 3310,6,2,768,10,700,3,13,7,1,1,-52,0,426,5129,170,0,0 '
Received from ('fd00::200:0:0:7', 8765, 0, 0): b' 3311,7,3,768,0,719,6,6,7,1,1,-52,3,2072,19822,217,1,7 '
Received from ('fd00::200:0:0:f', 8765, 0, 0): b' 3312,15,10,1280,0,709,6,13,7,1,2,-70,1,749,8044,209,0,0 '
Received from ('fd00::200:0:0:8', 8765, 0, 0): b' 3313,8,4,768,20,699,5,14,7,1,1,-52,9,3463,23934,215,1,7 '
Received from ('fd00::200:0:0:10', 8765, 0, 0): b' 3313,16,13,1280,0,719,4,9,7,1,1,-70,2,1537,18409,210,0,0 '
Received from ('fd00::200:0:0:5', 8765, 0, 0): b' 3313,5,4,768,0,795,7,1,6,1,1,-52,0,720,13401,219,0,0 '
Received from ('fd00::200:0:0:d', 8765, 0, 0): b' 3314,13,8,1024,10,655,5,5,7,1,1,-70,5,1915,16410,212,0,0 '
Received from ('fd00::200:0:0:13', 8765, 0, 0): b' 3314,19,16,1536,0,768,5,4,7,1,1,-70,0,494,6647,206,0,0 '
Received from ('fd00::200:0:0:b', 8765, 0, 0): b' 3314,11,8,1024,10,730,6,11,7,1,2,-70,1,1097,14349,209,0,0 '
Received from ('fd00::200:0:0:12', 8765, 0, 0): b' 3315,18,15,1536,0,750,5,4,5,1,1,-70,0,603,5772,209,0,0 '
Received from ('fd00::200:0:0:4', 8765, 0, 0): b' 3316,4,1,512,10,716,7,4,7,2,1,-66,10,1848,11532,218,1,7 '
Received from ('fd00::200:0:0:e', 8765, 0, 0): b' 3315,14,11,1280,10,763,4,3,7,1,1,-70,0,555,9780,209,0,0 '
Received from ('fd00::200:0:0:15', 8765, 0, 0): b' 3315,21,17,1536,10,750,5,7,5,1,1,-52,0,255,3835,194,0,0 '
Received from ('fd00::200:0:0:a', 8765, 0, 0): b' 3316,10,7,1024,0,696,5,5,7,1,1,-70,2,1781,17723,215,0,0 '
Received from ('fd00::200:0:0:3', 8765, 0, 0): b' 3317,3,1,512,0,726,7,4,7,1,1,-64,4,1908,14321,219,1,7 '
Received from ('fd00::200:0:0:7', 8765, 0, 0): b' 3317,7,3,768,0,721,6,6,7,1,1,-52,3,1193,10740,218,1,7 '
Received from ('fd00::200:0:0:9', 8765, 0, 0): b' 3318,9,4,768,0,703,9,14,7,1,4,-70,0,398,7800,171,0,0 '
Received from ('fd00::200:0:0:11', 8765, 0, 0): b' 3318,17,13,1280,0,711,11,5,7,1,3,-52,1,1506,14931,203,0,0 '
Received from ('fd00::200:0:0:1', 5678, 0, 0): b' 3319,1,0,256,0,8,0,0,4,0,0,0,10,2176,23884,4095,0,0 '
Received from ('fd00::200:0:0:c', 8765, 0, 0): b' 3318,12,8,1024,0,714,8,20,7,1,3,-52,0,777,9311,171,0,0 '
Received from ('fd00::200:0:0:f', 8765, 0, 0): b' 3318,15,10,1280,0,710,6,13,7,1,2,-70,1,675,7624,209,0,0 '
Received from ('fd00::200:0:0:8', 8765, 0, 0): b' 3320,8,4,768,20,703,5,14,7,1,1,-52,9,3032,18021,215,1,7 '
Received from ('fd00::200:0:0:13', 8765, 0, 0): b' 3321,19,16,1536,0,771,5,4,7,1,1,-70,0,680,7550,207,0,0 '
Received from ('fd00::200:0:0:b', 8765, 0, 0): b' 3321,11,8,1024,0,730,6,11,7,1,2,-70,1,745,10788,209,0,0 '
Received from ('fd00::200:0:0:14', 8765, 0, 0): b' 3322,20,16,1536,0,773,6,5,7,1,1,-52,0,932,11237,204,0,0 '
Received from ('fd00::200:0:0:f', 8765, 0, 0): b' 3322,15,10,1280,0,712,6,13,7,1,2,-70,1,638,5791,210,0,0 '
Received from ('fd00::200:0:0:2', 8765, 0, 0): b' 3323,2,1,512,0,714,7,1,6,1,1,-88,1,1340,17059,219,1,7 '
Received from ('fd00::200:0:0:d', 8765, 0, 0): b' 3323,13,8,1024,10,656,5,5,7,1,1,-70,5,2168,19638,213,0,0 '
Received from ('fd00::200:0:0:6', 8765, 0, 0): b' 3322,6,2,768,0,703,3,13,7,1,1,-52,0,824,11414,171,0,0 '
Received from ('fd00::200:0:0:5', 8765, 0, 0): b' 3323,5,4,768,0,801,7,1,6,1,1,-52,0,1064,12936,219,0,0 '
Received from ('fd00::200:0:0:10', 8765, 0, 0): b' 3325,16,13,1280,0,721,4,9,7,1,1,-70,2,1887,22037,211,0,0 '
Received from ('fd00::200:0:0:8', 8765, 0, 0): b' 3324,8,4,768,10,706,5,14,7,1,1,-52,9,2349,14640,216,1,7 '
Received from ('fd00::200:0:0:1', 5678, 0, 0): b' 3325,1,0,256,0,8,0,0,4,0,0,0,10,1527,14801,4107,0,0 '
Received from ('fd00::200:0:0:c', 8765, 0, 0): b' 3324,12,8,1024,0,716,8,20,7,1,3,-52,0,493,6191,171,0,0 '
Received from ('fd00::200:0:0:12', 8765, 0, 0): b' 3324,18,15,1536,0,754,5,4,5,1,1,-70,0,884,8875,210,0,0 '
Received from ('fd00::200:0:0:15', 8765, 0, 0): b' 3325,21,17,1536,0,752,5,7,5,1,1,-52,0,705,8908,195,0,0 '
Received from ('fd00::200:0:0:a', 8765, 0, 0): b' 3325,10,7,1024,10,698,5,5,7,1,1,-70,2,1583,14860,216,0,0 '
Received from ('fd00::200:0:0:4', 8765, 0, 0): b' 3325,4,1,512,0,719,7,4,7,2,1,-66,10,5319,30677,219,1,7 '
Received from ('fd00::200:0:0:e', 8765, 0, 0): b' 3325,14,11,1280,0,767,4,3,7,1,1,-70,0,909,10157,209,0,0 '
Received from ('fd00::200:0:0:11', 8765, 0, 0): b' 3327,17,13,1280,0,711,11,5,7,1,3,-52,1,832,10915,204,0,0 '
Received from ('fd00::200:0:0:9', 8765, 0, 0): b' 3326,9,4,768,0,705,9,14,7,1,4,-70,0,595,8764,172,0,0 '
Received from ('fd00::200:0:0:1', 5678, 0, 0): b' 3329,1,0,256,0,8,0,0,4,0,0,0,10,829,10103,4110,0,0 '
Received from ('fd00::200:0:0:3', 8765, 0, 0): b' 3329,3,1,512,0,729,7,4,7,1,1,-64,4,2358,20993,220,1,7 '
Received from ('fd00::200:0:0:8', 8765, 0, 0): b' 3328,8,4,768,10,707,5,14,7,1,1,-52,9,1388,11002,216,1,7 '
Received from ('fd00::200:0:0:7', 8765, 0, 0): b' 3329,7,3,768,0,723,6,6,7,1,1,-52,3,2082,18663,219,1,7 '
Received from ('fd00::200:0:0:13', 8765, 0, 0): b' 3330,19,16,1536,0,773,5,4,7,1,1,-70,0,638,8467,207,0,0 '
Received from ('fd00::200:0:0:6', 8765, 0, 0): b' 3329,6,2,768,0,705,3,13,7,1,1,-52,0,516,6943,171,0,0 '
Received from ('fd00::200:0:0:5', 8765, 0, 0): b' 3329,5,4,768,0,803,7,1,6,1,1,-52,0,600,9121,220,0,0 '
Received from ('fd00::200:0:0:2', 8765, 0, 0): b' 3331,2,1,512,0,716,7,1,6,1,1,-88,1,1219,13504,220,1,7 '
Received from ('fd00::200:0:0:9', 8765, 0, 0): b' 3330,9,4,768,0,705,9,14,7,1,4,-70,0,253,4004,172,0,0 '
Received from ('fd00::200:0:0:d', 8765, 0, 0): b' 3330,13,8,1024,30,657,5,5,7,1,1,-70,5,1443,15452,213,0,0 '
Received from ('fd00::200:0:0:f', 8765, 0, 0): b' 3332,15,10,1280,0,716,6,13,7,1,2,-70,1,1319,13036,210,0,0 '
Received from ('fd00::200:0:0:10', 8765, 0, 0): b' 3331,16,13,1280,0,722,4,9,7,1,1,-70,2,845,12107,211,0,0 '
Received from ('fd00::200:0:0:4', 8765, 0, 0): b' 3333,4,1,512,0,722,7,4,7,2,1,-66,10,2850,18033,219,1,7 '
Received from ('fd00::200:0:0:b', 8765, 0, 0): b' 3331,11,8,1024,0,734,6,11,7,1,2,-70,1,1404,17245,210,0,0 '
Received from ('fd00::200:0:0:12', 8765, 0, 0): b' 3332,18,15,1536,0,757,5,4,5,1,1,-70,0,721,7820,210,0,0 '
Received from ('fd00::200:0:0:14', 8765, 0, 0): b' 3333,20,16,1536,0,776,6,5,7,1,1,-52,0,746,9931,204,0,0 '
Received from ('fd00::200:0:0:a', 8765, 0, 0): b' 3334,10,7,1024,0,699,5,5,7,1,1,-70,2,962,13988,216,0,0 '
Received from ('fd00::200:0:0:15', 8765, 0, 0): b' 3333,21,17,1536,0,757,5,7,5,1,1,-52,0,991,8959,196,0,0 '
Received from ('fd00::200:0:0:e', 8765, 0, 0): b' 3334,14,11,1280,0,769,4,3,7,1,1,-70,0,574,8092,210,0,0 '
Received from ('fd00::200:0:0:3', 8765, 0, 0): b' 3334,3,1,512,10,731,7,4,7,1,1,-64,4,1393,9629,221,1,7 '
Received from ('fd00::200:0:0:c', 8765, 0, 0): b' 3335,12,8,1024,0,719,8,20,7,1,3,-52,0,1035,11717,172,0,0 '
Received from ('fd00::200:0:0:12', 8765, 0, 0): b' 3337,18,15,1536,10,759,5,4,5,1,1,-70,0,372,4560,210,0,0 '
Received from ('fd00::200:0:0:6', 8765, 0, 0): b' 3337,6,2,768,0,707,3,13,7,1,1,-52,0,668,8291,172,0,0 '
Received from ('fd00::200:0:0:1', 5678, 0, 0): b' 3339,1,0,256,0,8,0,0,4,0,0,0,10,2014,22027,4124,0,0 '
Received from ('fd00::200:0:0:d', 8765, 0, 0): b' 3338,13,8,1024,10,659,5,5,7,1,1,-70,5,1921,15907,214,0,0 '
Received from ('fd00::200:0:0:5', 8765, 0, 0): b' 3339,5,4,768,0,806,7,1,6,1,1,-52,0,718,9762,220,0,0 '
Received from ('fd00::200:0:0:8', 8765, 0, 0): b' 3338,8,4,768,20,709,5,14,7,1,1,-52,9,3818,26360,217,1,7 '
Received from ('fd00::200:0:0:10', 8765, 0, 0): b' 3339,16,13,1280,0,723,4,9,7,1,1,-70,2,1179,14149,212,0,0 '
Received from ('fd00::200:0:0:11', 8765, 0, 0): b' 3339,17,13,1280,0,713,11,5,7,1,3,-52,1,1298,14934,205,0,0 '
Received from ('fd00::200:0:0:2', 8765, 0, 0): b' 3341,2,1,512,0,720,7,1,6,1,1,-88,1,1417,15338,221,1,7 '
Received from ('fd00::200:0:0:13', 8765, 0, 0): b' 3340,19,16,1536,10,775,5,4,7,1,1,-70,0,587,9382,208,0,0 '
Received from ('fd00::200:0:0:7', 8765, 0, 0): b' 3341,7,3,768,0,725,6,7,7,1,1,-52,3,2141,19735,219,1,7 '
Received from ('fd00::200:0:0:e', 8765, 0, 0): b' 3339,14,11,1280,0,770,4,3,7,1,1,-70,0,386,5222,210,0,0 '
Received from ('fd00::200:0:0:9', 8765, 0, 0): b' 3342,9,4,768,10,710,9,14,7,1,4,-70,0,1013,10225,173,0,0 '
Received from ('fd00::200:0:0:f', 8765, 0, 0): b' 3340,15,10,1280,10,719,6,13,7,1,2,-70,1,1354,11992,211,0,0 '
Received from ('fd00::200:0:0:14', 8765, 0, 0): b' 3341,20,16,1536,10,778,6,5,7,1,1,-52,0,466,7551,205,0,0 '
Received from ('fd00::200:0:0:6', 8765, 0, 0): b' 3341,6,2,768,0,707,3,13,7,1,1,-52,0,156,3787,172,0,0 '
Received from ('fd00::200:0:0:3', 8765, 0, 0): b' 3342,3,1,512,0,734,7,4,7,1,1,-64,4,1799,13868,221,1,7 '
Received from ('fd00::200:0:0:8', 8765, 0, 0): b' 3343,8,4,768,20,711,5,14,7,1,1,-52,9,1843,11984,217,1,7 '
Received from ('fd00::200:0:0:b', 8765, 0, 0): b' 3343,11,8,1024,0,738,6,11,7,1,2,-70,1,1455,17745,211,0,0 '
Received from ('fd00::200:0:0:4', 8765, 0, 0): b' 3344,4,1,512,0,725,7,4,7,2,1,-66,10,5515,33463,220,1,7 '
Received from ('fd00::200:0:0:11', 8765, 0, 0): b' 3343,17,13,1280,0,714,11,5,7,1,3,-52,1,502,6101,205,0,0 '
Received from ('fd00::200:0:0:5', 8765, 0, 0): b' 3345,5,4,768,0,809,7,1,6,1,1,-52,0,682,7579,221,0,0 '
Received from ('fd00::200:0:0:a', 8765, 0, 0): b' 3345,10,7,1024,0,702,5,5,7,1,1,-70,2,1565,17818,217,0,0 '
Received from ('fd00::200:0:0:c', 8765, 0, 0): b' 3345,12,8,1024,0,720,8,20,7,1,3,-52,0,590,9115,173,0,0 '
Received from ('fd00::200:0:0:15', 8765, 0, 0): b' 3345,21,17,1536,0,763,5,7,5,1,1,-52,0,1090,11329,196,0,0 '
Received from ('fd00::200:0:0:14', 8765, 0, 0): b' 3347,20,16,1536,0,779,6,5,7,1,1,-52,0,494,6199,205,0,0 '
Received from ('fd00::200:0:0:2', 8765, 0, 0): b' 3347,2,1,512,0,722,7,1,6,1,1,-88,1,1002,11125,221,1,7 '
Received from ('fd00::200:0:0:1', 5678, 0, 0): b' 3348,1,0,256,0,8,0,0,4,0,0,0,10,2210,22227,4134,0,0 '
Received from ('fd00::200:0:0:12', 8765, 0, 0): b' 3347,18,15,1536,0,763,5,4,5,1,1,-70,0,933,10337,211,0,0 '
Received from ('fd00::200:0:0:e', 8765, 0, 0): b' 3347,14,11,1280,0,771,4,3,7,1,1,-70,0,563,7078,211,0,0 '
Received from ('fd00::200:0:0:3', 8765, 0, 0): b' 3349,3,1,512,0,736,7,4,7,1,1,-64,4,1216,10243,221,1,7 '
Received from ('fd00::200:0:0:8', 8765, 0, 0): b' 3347,8,4,768,30,711,5,14,7,1,1,-52,9,1522,11323,217,1,7 '
Received from ('fd00::200:0:0:f', 8765, 0, 0): b' 3348,15,10,1280,0,720,6,13,7,1,2,-70,1,801,9548,211,0,0 '
Received from ('fd00::200:0:0:d', 8765, 0, 0): b' 3347,13,8,1024,10,662,5,5,7,1,1,-70,5,2309,18532,215,0,0 '
Received from ('fd00::200:0:0:9', 8765, 0, 0): b' 3350,9,4,768,0,712,9,14,7,1,4,-70,0,518,7329,173,0,0 '
Received from ('fd00::200:0:0:7', 8765, 0, 0): b' 3350,7,3,768,0,727,6,7,7,1,1,-52,3,1428,13090,220,1,7 '
Received from ('fd00::200:0:0:5', 8765, 0, 0): b' 3350,5,4,768,0,812,7,1,6,1,1,-52,0,476,6362,221,0,0 '
Received from ('fd00::200:0:0:10', 8765, 0, 0): b' 3349,16,13,1280,0,725,4,9,7,1,1,-70,2,1778,19967,212,0,0 '
Received from ('fd00::200:0:0:b', 8765, 0, 0): b' 3349,11,8,1024,0,740,6,11,7,1,2,-70,1,877,10126,211,0,0 '
Received from ('fd00::200:0:0:13', 8765, 0, 0): b' 3350,19,16,1536,0,777,5,4,7,1,1,-70,0,802,9722,209,0,0 '
Received from ('fd00::200:0:0:11', 8765, 0, 0): b' 3351,17,13,1280,0,714,11,5,7,1,3,-52,1,799,9967,206,0,0 '
Received from ('fd00::200:0:0:a', 8765, 0, 0): b' 3352,10,7,1024,0,702,5,5,7,1,1,-70,2,908,10900,217,0,0 '
Received from ('fd00::200:0:0:6', 8765, 0, 0): b' 3353,6,2,768,0,709,3,13,7,1,1,-52,0,692,10018,173,0,0 '
Received from ('fd00::200:0:0:4', 8765, 0, 0): b' 3353,4,1,512,0,728,7,4,7,2,1,-66,10,4443,26120,221,1,7 '
Received from ('fd00::200:0:0:3', 8765, 0, 0): b' 3353,3,1,512,10,737,7,4,7,1,1,-64,4,1021,7789,222,1,7 '
Received from ('fd00::200:0:0:1', 5678, 0, 0): b' 3354,1,0,256,0,8,0,0,4,0,0,0,10,1387,14370,4142,0,0 '
Received from ('fd00::200:0:0:14', 8765, 0, 0): b' 3354,20,16,1536,0,781,6,5,7,1,1,-52,0,671,6359,206,0,0 '
Received from ('fd00::200:0:0:e', 8765, 0, 0): b' 3353,14,11,1280,10,775,4,3,7,1,1,-70,0,600,6055,211,0,0 '
Received from ('fd00::200:0:0:10', 8765, 0, 0): b' 3355,16,13,1280,0,726,4,9,7,1,1,-70,2,1022,10754,213,0,0 '
Received from ('fd00::200:0:0:2', 8765, 0, 0): b' 3355,2,1,512,10,724,7,1,6,1,1,-88,1,984,12028,222,1,7 '
Received from ('fd00::200:0:0:15', 8765, 0, 0): b' 3355,21,17,1536,0,765,5,7,5,1,1,-52,0,697,9323,197,0,0 '
Received from ('fd00::200:0:0:8', 8765, 0, 0): b' 3356,8,4,768,0,711,5,14,7,1,1,-52,9,3357,21571,218,1,7 '
Received from ('fd00::200:0:0:5', 8765, 0, 0): b' 3357,5,4,768,0,812,7,1,6,1,1,-52,0,481,8824,222,0,0 '
Received from ('fd00::200:0:0:7', 8765, 0, 0): b' 3357,7,3,768,0,727,6,7,7,1,1,-52,3,1069,12072,220,1,7 '
Received from ('fd00::200:0:0:11', 8765, 0, 0): b' 3356,17,13,1280,0,717,11,5,7,1,3,-52,1,866,6924,206,0,0 '
Received from ('fd00::200:0:0:c', 8765, 0, 0): b' 3358,12,8,1024,0,722,8,20,7,1,3,-52,0,662,10575,173,0,0 '
Received from ('fd00::200:0:0:12', 8765, 0, 0): b' 3356,18,15,1536,10,764,5,4,5,1,1,-70,0,564,8281,212,0,0 '
Received from ('fd00::200:0:0:d', 8765, 0, 0): b' 3359,13,8,1024,0,667,5,5,7,1,1,-70,5,2855,22825,215,0,0 '
Received from ('fd00::200:0:0:13', 8765, 0, 0): b' 3359,19,16,1536,0,781,5,4,7,1,1,-70,0,731,8526,209,0,0 '
Received from ('fd00::200:0:0:2', 8765, 0, 0): b' 3359,2,1,512,0,724,7,1,6,1,1,-88,1,320,6409,222,1,7 '
Received from ('fd00::200:0:0:b', 8765, 0, 0): b' 3360,11,8,1024,0,743,6,11,7,1,2,-70,1,1231,15852,212,0,0 '
Received from ('fd00::200:0:0:9', 8765, 0, 0): b' 3359,9,4,768,0,715,9,14,7,1,4,-70,0,799,10241,174,0,0 '
Received from ('fd00::200:0:0:10', 8765, 0, 0): b' 3360,16,13,1280,0,728,4,9,7,1,1,-70,2,868,9477,213,0,0 '
Received from ('fd00::200:0:0:8', 8765, 0, 0): b' 3359,8,4,768,0,712,5,14,7,1,1,-52,9,1717,10964,218,1,7 '
Received from ('fd00::200:0:0:f', 8765, 0, 0): b' 3360,15,10,1280,0,722,6,13,7,1,2,-70,1,1228,15172,212,0,0 '
Received from ('fd00::200:0:0:1', 5678, 0, 0): b' 3361,1,0,256,0,8,0,0,4,0,0,0,10,1738,18590,4151,0,0 '
Received from ('fd00::200:0:0:a', 8765, 0, 0): b' 3361,10,7,1024,0,704,5,5,7,1,1,-70,2,1258,14931,218,0,0 '
Received from ('fd00::200:0:0:3', 8765, 0, 0): b' 3361,3,1,512,0,741,7,4,7,1,1,-64,4,2094,16865,222,1,7 '
Received from ('fd00::200:0:0:12', 8765, 0, 0): b' 3362,18,15,1536,0,764,5,4,5,1,1,-70,0,280,4838,212,0,0 '
Received from ('fd00::200:0:0:6', 8765, 0, 0): b' 3362,6,2,768,0,711,3,13,7,1,1,-52,0,693,9538,174,0,0 '
Received from ('fd00::200:0:0:e', 8765, 0, 0): b' 3364,14,11,1280,0,776,4,3,7,1,1,-70,0,574,8406,212,0,0 '
Received from ('fd00::200:0:0:14', 8765, 0, 0): b' 3362,20,16,1536,0,783,6,5,7,1,1,-52,0,573,8343,207,0,0 '
Received from ('fd00::200:0:0:15', 8765, 0, 0): b' 3362,21,17,1536,0,766,5,7,5,1,1,-52,0,466,7284,198,0,0 '
Received from ('fd00::200:0:0:2', 8765, 0, 0): b' 3364,2,1,512,0,726,7,1,6,1,1,-88,1,924,8147,222,1,7 '
Received from ('fd00::200:0:0:11', 8765, 0, 0): b' 3363,17,13,1280,10,720,11,5,7,1,3,-52,1,1023,8752,206,0,0 '
Received from ('fd00::200:0:0:4', 8765, 0, 0): b' 3365,4,1,512,0,731,7,4,7,2,1,-66,10,5372,32536,221,1,7 '
Received from ('fd00::200:0:0:c', 8765, 0, 0): b' 3365,12,8,1024,0,724,8,20,7,1,3,-52,0,647,7008,174,0,0 '
Received from ('fd00::200:0:0:8', 8765, 0, 0): b' 3364,8,4,768,10,712,5,14,7,1,1,-52,9,2009,12979,218,1,7 '
Received from ('fd00::200:0:0:13', 8765, 0, 0): b' 3366,19,16,1536,10,783,5,4,7,1,1,-70,0,646,6634,210,0,0 '
Received from ('fd00::200:0:0:d', 8765, 0, 0): b' 3365,13,8,1024,0,667,5,5,7,1,1,-70,5,2227,16987,216,0,0 '
Received from ('fd00::200:0:0:5', 8765, 0, 0): b' 3366,5,4,768,0,813,7,1,6,1,1,-52,0,528,12043,222,0,0 '
Received from ('fd00::200:0:0:6', 8765, 0, 0): b' 3367,6,2,768,0,712,3,13,7,1,1,-52,0,360,4534,174,0,0 '
Received from ('fd00::200:0:0:b', 8765, 0, 0): b' 3366,11,8,1024,0,743,6,11,7,1,2,-70,1,756,11551,212,0,0 '
Received from ('fd00::200:0:0:3', 8765, 0, 0): b' 3367,3,1,512,10,742,7,4,7,1,1,-64,4,920,9463,223,1,7 '
Received from ('fd00::200:0:0:7', 8765, 0, 0): b' 3369,7,3,768,20,730,6,7,7,1,1,-52,3,2064,20022,221,1,7 '
Received from ('fd00::200:0:0:f', 8765, 0, 0): b' 3367,15,10,1280,0,723,6,13,7,1,2,-70,1,907,9789,213,0,0 '
Received from ('fd00::200:0:0:e', 8765, 0, 0): b' 3368,14,11,1280,0,776,4,3,7,1,1,-70,0,400,6110,212,0,0 '
Received from ('fd00::200:0:0:12', 8765, 0, 0): b' 3369,18,15,1536,0,767,5,4,5,1,1,-70,0,680,7293,213,0,0 '
Received from ('fd00::200:0:0:9', 8765, 0, 0): b' 3370,9,4,768,0,718,9,14,7,1,4,-70,0,801,9395,175,0,0 '
Received from ('fd00::200:0:0:8', 8765, 0, 0): b' 3370,8,4,768,0,714,5,14,7,1,1,-52,9,1514,12143,219,1,7 '
Received from ('fd00::200:0:0:14', 8765, 0, 0): b' 3370,20,16,1536,0,785,6,5,7,1,1,-52,0,614,7488,207,0,0 '
Received from ('fd00::200:0:0:15', 8765, 0, 0): b' 3370,21,17,1536,0,767,5,7,5,1,1,-52,0,483,6347,198,0,0 '
Received from ('fd00::200:0:0:2', 8765, 0, 0): b' 3371,2,1,512,10,729,7,1,6,1,1,-88,1,1198,10710,223,1,7 '
Received from ('fd00::200:0:0:1', 5678, 0, 0): b' 3372,1,0,256,0,8,0,0,4,0,0,0,10,2551,25452,4168,0,0 '
Received from ('fd00::200:0:0:10', 8765, 0, 0): b' 3370,16,13,1280,10,732,4,9,7,1,1,-70,2,1992,21715,214,0,0 '
Received from ('fd00::200:0:0:a', 8765, 0, 0): b' 3373,10,7,1024,10,709,5,5,7,1,1,-70,2,1876,17152,219,0,0 '
Received from ('fd00::200:0:0:13', 8765, 0, 0): b' 3371,19,16,1536,0,786,5,4,7,1,1,-70,0,625,6584,210,0,0 '
Received from ('fd00::200:0:0:d', 8765, 0, 0): b' 3372,13,8,1024,0,670,5,5,7,1,1,-70,5,1654,13098,216,0,0 '
Received from ('fd00::200:0:0:c', 8765, 0, 0): b' 3374,12,8,1024,0,726,8,20,7,1,3,-52,0,597,9345,175,0,0 '
Received from ('fd00::200:0:0:b', 8765, 0, 0): b' 3374,11,8,1024,0,745,6,11,7,1,2,-70,1,891,11577,213,0,0 '
Received from ('fd00::200:0:0:7', 8765, 0, 0): b' 3374,7,3,768,0,731,6,7,7,1,1,-52,3,1246,11296,221,1,7 '
Received from ('fd00::200:0:0:11', 8765, 0, 0): b' 3374,17,13,1280,0,724,11,5,7,1,3,-52,1,1308,14678,207,0,0 '
Received from ('fd00::200:0:0:15', 8765, 0, 0): b' 3374,21,17,1536,0,768,5,7,5,1,1,-52,0,386,4696,198,0,0 '
Received from ('fd00::200:0:0:4', 8765, 0, 0): b' 3376,4,1,512,0,732,7,4,7,2,1,-66,10,5194,31556,222,1,7 '
Received from ('fd00::200:0:0:6', 8765, 0, 0): b' 3376,6,2,768,10,716,3,13,7,1,1,-52,0,850,9341,175,0,0 '
Received from ('fd00::200:0:0:a', 8765, 0, 0): b' 3376,10,7,1024,0,711,5,5,7,1,1,-70,2,580,8091,219,0,0 '
Received from ('fd00::200:0:0:8', 8765, 0, 0): b' 3378,8,4,768,10,715,5,14,7,1,1,-52,9,3074,19808,219,1,7 '
Received from ('fd00::200:0:0:3', 8765, 0, 0): b' 3377,3,1,512,0,744,7,4,7,1,1,-64,4,2242,18796,223,1,7 '
Received from ('fd00::200:0:0:d', 8765, 0, 0): b' 3378,13,8,1024,30,671,5,5,7,1,1,-70,5,1129,11044,217,0,0 '
Received from ('fd00::200:0:0:5', 8765, 0, 0): b' 3379,5,4,768,0,814,7,1,6,1,1,-52,0,637,13582,223,0,0 '
Received from ('fd00::200:0:0:12', 8765, 0, 0): b' 3378,18,15,1536,0,770,5,4,5,1,1,-70,0,721,8408,213,0,0 '
Received from ('fd00::200:0:0:14', 8765, 0, 0): b' 3377,20,16,1536,10,787,6,5,7,1,1,-52,0,549,6826,208,0,0 '
Received from ('fd00::200:0:0:13', 8765, 0, 0): b' 3377,19,16,1536,10,789,5,4,7,1,1,-70,0,493,5584,210,0,0 '
Received from ('fd00::200:0:0:2', 8765, 0, 0): b' 3379,2,1,512,0,731,7,1,6,1,1,-88,1,1113,13721,223,1,7 '
Received from ('fd00::200:0:0:9', 8765, 0, 0): b' 3380,9,4,768,0,720,9,14,7,1,4,-70,0,636,9374,175,0,0 '
Received from ('fd00::200:0:0:f', 8765, 0, 0): b' 3379,15,10,1280,0,726,6,13,7,1,2,-70,1,1318,15256,213,0,0 '
Received from ('fd00::200:0:0:c', 8765, 0, 0): b' 3380,12,8,1024,0,728,8,20,7,1,3,-52,0,493,5869,175,0,0 '
Received from ('fd00::200:0:0:15', 8765, 0, 0): b' 3380,21,17,1536,0,771,5,7,5,1,1,-52,0,633,5321,199,0,0 '
Received from ('fd00::200:0:0:6', 8765, 0, 0): b' 3381,6,2,768,0,718,3,13,7,1,1,-52,0,524,4973,175,0,0 '
Received from ('fd00::200:0:0:7', 8765, 0, 0): b' 3381,7,3,768,0,733,6,7,7,1,1,-52,3,1334,11793,222,1,7 '
Received from ('fd00::200:0:0:e', 8765, 0, 0): b' 3379,14,11,1280,0,781,4,3,7,1,1,-70,0,1039,11796,213,0,0 '
Received from ('fd00::200:0:0:d', 8765, 0, 0): b' 3382,13,8,1024,20,671,5,5,7,1,1,-70,5,1040,8609,217,0,0 '
Received from ('fd00::200:0:0:a', 8765, 0, 0): b' 3382,10,7,1024,0,714,5,5,7,1,1,-70,2,1224,10519,219,0,0 '
Received from ('fd00::200:0:0:1', 5678, 0, 0): b' 3383,1,0,256,0,8,0,0,4,0,0,0,10,2567,27655,4185,0,0 '
Received from ('fd00::200:0:0:8', 8765, 0, 0): b' 3383,8,4,768,10,717,5,14,7,1,1,-52,9,2409,15508,220,1,7 '
Received from ('fd00::200:0:0:11', 8765, 0, 0): b' 3381,17,13,1280,10,725,11,5,7,1,3,-52,1,1055,10286,208,0,0 '
Received from ('fd00::200:0:0:3', 8765, 0, 0): b' 3384,3,1,512,10,744,7,4,7,1,1,-64,4,1403,10991,224,1,7 '
Received from ('fd00::200:0:0:10', 8765, 0, 0): b' 3381,16,13,1280,10,735,4,9,7,1,1,-70,2,2160,23057,215,0,0 '
Received from ('fd00::200:0:0:13', 8765, 0, 0): b' 3380,19,16,1536,0,791,5,4,7,1,1,-70,0,633,5380,211,0,0 '
Received from ('fd00::200:0:0:5', 8765, 0, 0): b' 3385,5,4,768,0,815,7,1,6,1,1,-52,0,468,8076,224,0,0 '
Received from ('fd00::200:0:0:b', 8765, 0, 0): b' 3385,11,8,1024,0,747,6,11,7,1,2,-70,1,1274,17617,214,0,0 '
Received from ('fd00::200:0:0:14', 8765, 0, 0): b' 3384,20,16,1536,0,789,6,5,7,1,1,-52,0,639,7837,208,0,0 '
Received from ('fd00::200:0:0:9', 8765, 0, 0): b' 3386,9,4,768,0,721,9,14,7,1,4,-70,0,510,6599,176,0,0 '
Received from ('fd00::200:0:0:11', 8765, 0, 0): b' 3386,17,13,1280,0,726,11,5,7,1,3,-52,1,423,5020,208,0,0 '
Received from ('fd00::200:0:0:4', 8765, 0, 0): b' 3386,4,1,512,10,735,7,4,7,2,1,-66,10,5488,31301,223,1,7 '
Received from ('fd00::200:0:0:12', 8765, 0, 0): b' 3386,18,15,1536,0,773,5,4,5,1,1,-70,0,680,7960,214,0,0 '
Received from ('fd00::200:0:0:2', 8765, 0, 0): b' 3387,2,1,512,10,733,7,1,6,1,1,-88,1,968,11744,224,1,7 '
Received from ('fd00::200:0:0:6', 8765, 0, 0): b' 3387,6,2,768,0,719,3,13,7,1,1,-52,0,384,6253,175,0,0 '
Received from ('fd00::200:0:0:d', 8765, 0, 0): b' 3388,13,8,1024,0,674,5,5,7,1,1,-70,5,1696,11844,217,0,0 '
Received from ('fd00::200:0:0:e', 8765, 0, 0): b' 3388,14,11,1280,0,785,4,3,7,1,1,-70,0,710,7502,213,0,0 '
Received from ('fd00::200:0:0:1', 5678, 0, 0): b' 3389,1,0,256,0,8,0,0,4,0,0,0,10,1231,13199,4189,0,0 '
Received from ('fd00::200:0:0:13', 8765, 0, 0): b' 3389,19,16,1536,0,791,5,4,7,1,1,-70,0,279,5414,211,0,0 '
Received from ('fd00::200:0:0:5', 8765, 0, 0): b' 3388,5,4,768,0,815,7,1,6,1,1,-52,0,252,5343,224,0,0 '
Received from ('fd00::200:0:0:c', 8765, 0, 0): b' 3389,12,8,1024,0,731,8,20,7,1,3,-52,0,801,9691,176,0,0 '
Received from ('fd00::200:0:0:15', 8765, 0, 0): b' 3389,21,17,1536,0,773,5,7,5,1,1,-52,0,541,8675,199,0,0 '
Received from ('fd00::200:0:0:3', 8765, 0, 0): b' 3390,3,1,512,0,746,7,4,7,1,1,-64,4,962,9322,224,1,7 '
Received from ('fd00::200:0:0:9', 8765, 0, 0): b' 3390,9,4,768,0,723,9,14,7,1,4,-70,0,467,4514,176,0,0 '
Received from ('fd00::200:0:0:a', 8765, 0, 0): b' 3391,10,7,1024,0,717,5,5,7,1,1,-70,2,1122,12245,220,0,0 '
Received from ('fd00::200:0:0:8', 8765, 0, 0): b' 3391,8,4,768,0,717,5,14,7,1,1,-52,9,2928,20284,220,1,7 '
Received from ('fd00::200:0:0:10', 8765, 0, 0): b' 3391,16,13,1280,0,736,4,9,7,1,1,-70,2,1138,15263,215,0,0 '
Received from ('fd00::200:0:0:f', 8765, 0, 0): b' 3390,15,10,1280,0,730,6,13,7,1,2,-70,1,1405,14589,214,0,0 '
Received from ('fd00::200:0:0:6', 8765, 0, 0): b' 3392,6,2,768,0,721,3,13,7,1,1,-52,0,547,5620,176,0,0 '
Received from ('fd00::200:0:0:7', 8765, 0, 0): b' 3393,7,3,768,0,733,6,7,7,1,1,-52,3,1942,19060,223,1,7 '
Received from ('fd00::200:0:0:e', 8765, 0, 0): b' 3393,14,11,1280,0,786,4,3,7,1,1,-70,0,442,5364,214,0,0 '
Received from ('fd00::200:0:0:9', 8765, 0, 0): b' 3395,9,4,768,0,725,9,14,7,1,4,-70,0,491,4814,176,0,0 '
Received from ('fd00::200:0:0:15', 8765, 0, 0): b' 3394,21,17,1536,0,774,5,7,5,1,1,-52,0,442,5333,200,0,0 '
Received from ('fd00::200:0:0:3', 8765, 0, 0): b' 3396,3,1,512,0,747,7,4,7,1,1,-64,4,1160,9863,225,1,7 '
Received from ('fd00::200:0:0:b', 8765, 0, 0): b' 3395,11,8,1024,0,749,6,11,7,1,2,-70,1,1254,15105,214,0,0 '
Received from ('fd00::200:0:0:f', 8765, 0, 0): b' 3394,15,10,1280,0,730,6,13,7,1,2,-70,1,423,5721,214,0,0 '
Received from ('fd00::200:0:0:4', 8765, 0, 0): b' 3396,4,1,512,0,737,7,4,7,2,1,-66,10,4022,26523,223,1,7 '
Received from ('fd00::200:0:0:2', 8765, 0, 0): b' 3396,2,1,512,0,734,7,1,6,1,1,-88,1,1218,14849,224,1,7 '
Received from ('fd00::200:0:0:c', 8765, 0, 0): b' 3395,12,8,1024,0,732,8,20,7,1,3,-52,0,386,6194,176,0,0 '
Received from ('fd00::200:0:0:11', 8765, 0, 0): b' 3396,17,13,1280,0,729,11,5,7,1,3,-52,1,1388,13702,209,0,0 '
Received from ('fd00::200:0:0:a', 8765, 0, 0): b' 3397,10,7,1024,0,718,5,5,7,1,1,-70,2,799,9032,220,0,0 '
Received from ('fd00::200:0:0:14', 8765, 0, 0): b' 3397,20,16,1536,0,791,6,5,7,1,1,-52,0,597,10455,209,0,0 '
Received from ('fd00::200:0:0:6', 8765, 0, 0): b' 3397,6,2,768,10,722,3,13,7,1,1,-52,0,156,3889,176,0,0 '
Received from ('fd00::200:0:0:13', 8765, 0, 0): b' 3398,19,16,1536,0,793,5,4,7,1,1,-70,0,597,8749,212,0,0 '
Received from ('fd00::200:0:0:1', 5678, 0, 0): b' 3398,1,0,256,0,8,0,0,4,0,0,0,10,2056,21501,4201,0,0 '
Received from ('fd00::200:0:0:12', 8765, 0, 0): b' 3396,18,15,1536,0,778,5,4,5,1,1,-70,0,959,9996,214,0,0 '
Received from ('fd00::200:0:0:d', 8765, 0, 0): b' 3399,13,8,1024,10,677,5,5,7,1,1,-70,5,2926,23524,218,0,0 '
Received from ('fd00::200:0:0:10', 8765, 0, 0): b' 3398,16,13,1280,0,739,4,9,7,1,1,-70,2,1574,13817,216,0,0 '
Received from ('fd00::200:0:0:9', 8765, 0, 0): b' 3399,9,4,768,0,728,9,14,7,1,4,-70,0,630,4500,177,0,0 '
Received from ('fd00::200:0:0:f', 8765, 0, 0): b' 3401,15,10,1280,0,731,6,13,7,1,2,-70,1,772,7123,215,0,0 '
Received from ('fd00::200:0:0:e', 8765, 0, 0): b' 3400,14,11,1280,0,789,4,3,7,1,1,-70,0,600,6236,214,0,0 '
Received from ('fd00::200:0:0:5', 8765, 0, 0): b' 3400,5,4,768,0,819,7,1,6,1,1,-52,0,957,14375,225,0,0 '
Received from ('fd00::200:0:0:8', 8765, 0, 0): b' 3401,8,4,768,0,720,5,14,7,1,1,-52,9,3954,26632,221,1,7 '
Received from ('fd00::200:0:0:2', 8765, 0, 0): b' 3401,2,1,512,20,736,7,1,6,1,1,-88,1,621,7253,224,1,7 '
Received from ('fd00::200:0:0:7', 8765, 0, 0): b' 3401,7,3,768,0,735,6,7,7,1,1,-52,3,1969,15044,223,1,7 '
Received from ('fd00::200:0:0:12', 8765, 0, 0): b' 3402,18,15,1536,0,780,5,4,5,1,1,-70,0,549,5933,215,0,0 '
Received from ('fd00::200:0:0:14', 8765, 0, 0): b' 3402,20,16,1536,0,793,6,5,7,1,1,-52,0,494,5513,209,0,0 '
Received from ('fd00::200:0:0:13', 8765, 0, 0): b' 3402,19,16,1536,0,796,5,4,7,1,1,-70,0,576,4790,212,0,0 '
Received from ('fd00::200:0:0:4', 8765, 0, 0): b' 3403,4,1,512,10,738,7,4,7,2,1,-66,10,3883,21969,224,1,7 '
Received from ('fd00::200:0:0:d', 8765, 0, 0): b' 3403,13,8,1024,0,678,5,5,7,1,1,-70,5,947,8864,218,0,0 '
Received from ('fd00::200:0:0:15', 8765, 0, 0): b' 3404,21,17,1536,0,775,5,7,5,1,1,-52,0,507,8397,200,0,0 '
Received from ('fd00::200:0:0:6', 8765, 0, 0): b' 3404,6,2,768,0,723,3,13,7,1,1,-52,0,683,7726,176,0,0 '
Received from ('fd00::200:0:0:3', 8765, 0, 0): b' 3405,3,1,512,10,753,7,4,7,1,1,-64,4,2758,17769,225,1,7 '
Received from ('fd00::200:0:0:10', 8765, 0, 0): b' 3405,16,13,1280,0,739,4,9,7,1,1,-70,2,915,11834,216,0,0 '
Received from ('fd00::200:0:0:a', 8765, 0, 0): b' 3404,10,7,1024,0,719,5,5,7,1,1,-70,2,1311,13817,221,0,0 '
Received from ('fd00::200:0:0:8', 8765, 0, 0): b' 3405,8,4,768,20,721,5,14,7,1,1,-52,9,1705,10997,221,1,7 '
Received from ('fd00::200:0:0:c', 8765, 0, 0): b' 3404,12,8,1024,0,733,8,20,7,1,3,-52,0,563,8279,177,0,0 '
Received from ('fd00::200:0:0:b', 8765, 0, 0): b' 3404,11,8,1024,10,752,6,11,7,1,2,-70,1,1204,15362,215,0,0 '
Received from ('fd00::200:0:0:7', 8765, 0, 0): b' 3405,7,3,768,20,738,6,7,7,1,1,-52,3,878,8234,223,1,7 '
Received from ('fd00::200:0:0:1', 5678, 0, 0): b' 3407,1,0,256,0,8,0,0,4,0,0,0,10,2120,21501,4212,0,0 '
Received from ('fd00::200:0:0:f', 8765, 0, 0): b' 3406,15,10,1280,0,731,6,13,7,1,2,-70,1,624,8235,215,0,0 '
Received from ('fd00::200:0:0:11', 8765, 0, 0): b' 3407,17,13,1280,0,731,11,5,7,1,3,-52,1,1103,13699,209,0,0 '
Received from ('fd00::200:0:0:2', 8765, 0, 0): b' 3408,2,1,512,0,738,7,1,6,1,1,-88,1,1211,12320,225,1,7 '
Received from ('fd00::200:0:0:9', 8765, 0, 0): b' 3408,9,4,768,0,729,9,14,7,1,4,-70,0,408,8156,177,0,0 '
Received from ('fd00::200:0:0:d', 8765, 0, 0): b' 3409,13,8,1024,10,680,5,5,7,1,1,-70,5,1411,11320,219,0,0 '
Received from ('fd00::200:0:0:e', 8765, 0, 0): b' 3408,14,11,1280,10,792,4,3,7,1,1,-70,0,777,8547,215,0,0 '
Received from ('fd00::200:0:0:5', 8765, 0, 0): b' 3408,5,4,768,0,820,7,1,6,1,1,-52,0,408,9576,225,0,0 '
Received from ('fd00::200:0:0:7', 8765, 0, 0): b' 3410,7,3,768,0,738,6,7,7,1,1,-52,3,748,7458,224,1,7 '
Received from ('fd00::200:0:0:15', 8765, 0, 0): b' 3409,21,17,1536,0,775,5,7,5,1,1,-52,0,335,5439,201,0,0 '
Received from ('fd00::200:0:0:8', 8765, 0, 0): b' 3411,8,4,768,10,723,5,14,7,1,1,-52,9,2456,16181,221,1,7 '
Received from ('fd00::200:0:0:4', 8765, 0, 0): b' 3411,4,1,512,30,739,7,4,7,2,1,-66,10,3416,21381,225,1,7 '
Received from ('fd00::200:0:0:1', 5678, 0, 0): b' 3411,1,0,256,0,8,0,0,4,0,0,0,10,957,10722,4219,0,0 '
Received from ('fd00::200:0:0:c', 8765, 0, 0): b' 3410,12,8,1024,0,737,8,20,7,1,3,-52,0,707,6470,177,0,0 '
Received from ('fd00::200:0:0:13', 8765, 0, 0): b' 3411,19,16,1536,0,798,5,4,7,1,1,-70,0,694,8676,213,0,0 '
Received from ('fd00::200:0:0:3', 8765, 0, 0): b' 3412,3,1,512,0,754,7,4,7,1,1,-64,4,1384,12842,226,1,7 '
Received from ('fd00::200:0:0:11', 8765, 0, 0): b' 3411,17,13,1280,0,731,11,5,7,1,3,-52,1,450,5711,210,0,0 '
Received from ('fd00::200:0:0:2', 8765, 0, 0): b' 3412,2,1,512,0,740,7,1,6,1,1,-88,1,580,6671,225,1,7 '
Received from ('fd00::200:0:0:9', 8765, 0, 0): b' 3412,9,4,768,0,730,9,14,7,1,4,-70,0,360,4147,177,0,0 '
Received from ('fd00::200:0:0:10', 8765, 0, 0): b' 3411,16,13,1280,10,740,4,9,7,1,1,-70,2,1058,13265,216,0,0 '
Received from ('fd00::200:0:0:5', 8765, 0, 0): b' 3413,5,4,768,0,821,7,1,6,1,1,-52,0,439,6065,226,0,0 '
Received from ('fd00::200:0:0:6', 8765, 0, 0): b' 3414,6,2,768,0,729,3,13,7,1,1,-52,0,1013,10379,177,0,0 '
Received from ('fd00::200:0:0:d', 8765, 0, 0): b' 3413,13,8,1024,10,680,5,5,7,1,1,-70,5,1354,10458,219,0,0 '
Received from ('fd00::200:0:0:f', 8765, 0, 0): b' 3412,15,10,1280,10,731,6,13,7,1,2,-70,1,541,8111,216,0,0 '
Received from ('fd00::200:0:0:14', 8765, 0, 0): b' 3412,20,16,1536,0,796,6,5,7,1,1,-52,0,814,9758,210,0,0 '
Received from ('fd00::200:0:0:12', 8765, 0, 0): b' 3412,18,15,1536,10,782,5,4,5,1,1,-70,0,694,9702,216,0,0 '
Received from ('fd00::200:0:0:b', 8765, 0, 0): b' 3415,11,8,1024,0,756,6,11,7,1,2,-70,1,1255,17042,215,0,0 '
Received from ('fd00::200:0:0:4', 8765, 0, 0): b' 3415,4,1,512,0,741,7,4,7,2,1,-66,10,2905,14571,225,1,7 '
Received from ('fd00::200:0:0:a', 8765, 0, 0): b' 3415,10,7,1024,0,722,5,5,7,1,1,-70,2,1657,18373,222,0,0 '
Received from ('fd00::200:0:0:3', 8765, 0, 0): b' 3417,3,1,512,0,757,7,4,7,1,1,-64,4,1627,9258,226,1,7 '
Received from ('fd00::200:0:0:2', 8765, 0, 0): b' 3417,2,1,512,0,741,7,1,6,1,1,-88,1,666,7202,226,1,7 '
Received from ('fd00::200:0:0:e', 8765, 0, 0): b' 3416,14,11,1280,0,793,4,3,7,1,1,-70,0,411,7449,215,0,0 '
Received from ('fd00::200:0:0:5', 8765, 0, 0): b' 3417,5,4,768,10,823,7,1,6,1,1,-52,0,470,5274,226,0,0 '
Received from ('fd00::200:0:0:f', 8765, 0, 0): b' 3417,15,10,1280,0,731,6,13,7,1,2,-70,1,543,6253,216,0,0 '
Received from ('fd00::200:0:0:15', 8765, 0, 0): b' 3419,21,17,1536,0,778,5,7,5,1,1,-52,0,745,9109,201,0,0 '
Received from ('fd00::200:0:0:7', 8765, 0, 0): b' 3419,7,3,768,0,742,6,7,7,1,1,-52,3,2042,16505,224,1,7 '
Received from ('fd00::200:0:0:11', 8765, 0, 0): b' 3420,17,13,1280,0,734,11,5,7,1,3,-52,1,1038,10358,210,0,0 '
Received from ('fd00::200:0:0:13', 8765, 0, 0): b' 3419,19,16,1536,0,801,5,4,7,1,1,-70,0,624,8298,213,0,0 '
Received from ('fd00::200:0:0:a', 8765, 0, 0): b' 3419,10,7,1024,0,722,5,5,7,1,1,-70,2,489,6651,222,0,0 '
Received from ('fd00::200:0:0:8', 8765, 0, 0): b' 3421,8,4,768,10,726,5,14,7,1,1,-52,9,3925,26929,222,1,7 '
Received from ('fd00::200:0:0:6', 8765, 0, 0): b' 3420,6,2,768,10,730,3,13,7,1,1,-52,0,387,5895,178,0,0 '
Received from ('fd00::200:0:0:1', 5678, 0, 0): b' 3421,1,0,256,0,8,0,0,4,0,0,0,10,2622,25402,4233,0,0 '
Received from ('fd00::200:0:0:b', 8765, 0, 0): b' 3420,11,8,1024,0,756,6,11,7,1,2,-70,1,691,8922,216,0,0 '
Received from ('fd00::200:0:0:9', 8765, 0, 0): b' 3422,9,4,768,0,732,9,14,7,1,4,-70,0,692,9548,178,0,0 '
Received from ('fd00::200:0:0:d', 8765, 0, 0): b' 3422,13,8,1024,10,682,5,5,7,1,1,-70,5,1906,17302,220,0,0 '
Received from ('fd00::200:0:0:c', 8765, 0, 0): b' 3421,12,8,1024,0,739,8,20,7,1,3,-52,0,718,11012,178,0,0 '
Received from ('fd00::200:0:0:12', 8765, 0, 0): b' 3422,18,15,1536,0,784,5,4,5,1,1,-70,0,639,9075,216,0,0 '
Received from ('fd00::200:0:0:10', 8765, 0, 0): b' 3421,16,13,1280,0,745,5,9,7,1,1,-70,2,1989,20518,217,0,0 '
Received from ('fd00::200:0:0:3', 8765, 0, 0): b' 3424,3,1,512,0,758,7,4,7,1,1,-64,4,1396,12631,226,1,7 '
Received from ('fd00::200:0:0:2', 8765, 0, 0): b' 3424,2,1,512,0,742,7,1,6,1,1,-88,1,950,11108,226,1,7 '
Received from ('fd00::200:0:0:e', 8765, 0, 0): b' 3423,14,11,1280,0,794,4,3,7,1,1,-70,0,466,6624,216,0,0 '
Received from ('fd00::200:0:0:5', 8765, 0, 0): b' 3424,5,4,768,0,824,7,1,6,1,1,-52,0,408,8046,226,0,0 '
Received from ('fd00::200:0:0:f', 8765, 0, 0): b' 3424,15,10,1280,0,732,6,13,7,1,2,-70,1,716,8517,216,0,0 '
Received from ('fd00::200:0:0:14', 8765, 0, 0): b' 3423,20,16,1536,0,798,6,5,7,1,1,-52,0,815,11093,211,0,0 '
Received from ('fd00::200:0:0:4', 8765, 0, 0): b' 3425,4,1,512,10,743,7,4,7,2,1,-66,10,4233,27733,225,1,7 '
Received from ('fd00::200:0:0:8', 8765, 0, 0): b' 3426,8,4,768,20,728,5,14,7,1,1,-52,9,2154,12633,222,1,7 '
Received from ('fd00::200:0:0:15', 8765, 0, 0): b' 3425,21,17,1536,0,780,5,7,5,1,1,-52,0,549,6551,202,0,0 '
Received from ('fd00::200:0:0:7', 8765, 0, 0): b' 3426,7,3,768,0,743,6,7,7,1,1,-52,3,1357,12123,225,1,7 '
Received from ('fd00::200:0:0:10', 8765, 0, 0): b' 3427,16,13,1280,0,746,5,9,7,1,1,-70,2,855,10158,217,0,0 '
Received from ('fd00::200:0:0:12', 8765, 0, 0): b' 3427,18,15,1536,0,784,5,4,5,1,1,-70,0,335,4546,217,0,0 '
Received from ('fd00::200:0:0:c', 8765, 0, 0): b' 3428,12,8,1024,10,742,8,20,7,1,3,-52,0,494,6332,178,0,0 '
Received from ('fd00::200:0:0:a', 8765, 0, 0): b' 3428,10,7,1024,0,723,5,5,7,1,1,-70,2,1334,14304,223,0,0 '
Received from ('fd00::200:0:0:d', 8765, 0, 0): b' 3430,13,8,1024,0,683,5,5,7,1,1,-70,5,1844,15756,220,0,0 '
Received from ('fd00::200:0:0:14', 8765, 0, 0): b' 3429,20,16,1536,0,799,6,5,7,1,1,-52,0,387,5579,211,0,0 '
Received from ('fd00::200:0:0:6', 8765, 0, 0): b' 3430,6,2,768,0,733,3,13,7,1,1,-52,0,703,9656,178,0,0 '
Received from ('fd00::200:0:0:11', 8765, 0, 0): b' 3430,17,13,1280,0,737,11,5,7,1,3,-52,1,1271,13263,211,0,0 '
Received from ('fd00::200:0:0:f', 8765, 0, 0): b' 3430,15,10,1280,0,733,6,13,7,1,2,-70,1,671,7452,217,0,0 '
Received from ('fd00::200:0:0:1', 5678, 0, 0): b' 3431,1,0,256,0,8,0,0,4,0,0,0,10,2113,22580,4246,0,0 '
Received from ('fd00::200:0:0:9', 8765, 0, 0): b' 3430,9,4,768,0,735,9,14,7,1,4,-70,0,702,8731,179,0,0 '
Received from ('fd00::200:0:0:13', 8765, 0, 0): b' 3429,19,16,1536,0,805,5,4,7,1,1,-70,0,909,9989,214,0,0 '
Received from ('fd00::200:0:0:12', 8765, 0, 0): b' 3431,18,15,1536,0,784,5,4,5,1,1,-70,0,255,3898,217,0,0 '
Received from ('fd00::200:0:0:e', 8765, 0, 0): b' 3431,14,11,1280,0,795,4,3,7,1,1,-70,0,507,7521,216,0,0 '
Received from ('fd00::200:0:0:3', 8765, 0, 0): b' 3432,3,1,512,0,760,7,4,7,1,1,-64,4,2238,16210,227,1,7 '
Received from ('fd00::200:0:0:b', 8765, 0, 0): b' 3432,11,8,1024,0,761,6,11,7,1,2,-70,1,1559,18622,217,0,0 '
Received from ('fd00::200:0:0:8', 8765, 0, 0): b' 3432,8,4,768,0,729,5,14,7,1,1,-52,9,2918,20093,223,1,7 '
Received from ('fd00::200:0:0:a', 8765, 0, 0): b' 3433,10,7,1024,0,723,5,5,7,1,1,-70,2,621,7506,223,0,0 '
Received from ('fd00::200:0:0:15', 8765, 0, 0): b' 3433,21,17,1536,0,781,5,7,5,1,1,-52,0,410,7297,202,0,0 '
Received from ('fd00::200:0:0:5', 8765, 0, 0): b' 3434,5,4,768,0,827,7,1,6,1,1,-52,0,826,12431,227,0,0 '
Received from ('fd00::200:0:0:6', 8765, 0, 0): b' 3435,6,2,768,0,734,3,13,7,1,1,-52,0,360,4968,178,0,0 '
Received from ('fd00::200:0:0:7', 8765, 0, 0): b' 3435,7,3,768,0,744,6,7,7,1,1,-52,3,1648,14330,225,1,7 '
Received from ('fd00::200:0:0:2', 8765, 0, 0): b' 3435,2,1,512,0,746,7,1,6,1,1,-88,1,1570,18536,227,1,7 '
Received from ('fd00::200:0:0:14', 8765, 0, 0): b' 3434,20,16,1536,0,799,6,5,7,1,1,-52,0,158,4013,211,0,0 '
Received from ('fd00::200:0:0:4', 8765, 0, 0): b' 3436,4,1,512,0,745,7,4,7,2,1,-66,10,4952,29913,226,1,7 '
Received from ('fd00::200:0:0:10', 8765, 0, 0): b' 3434,16,13,1280,0,748,5,9,7,1,1,-70,2,1247,13137,218,0,0 '
Received from ('fd00::200:0:0:f', 8765, 0, 0): b' 3435,15,10,1280,0,737,6,13,7,1,2,-70,1,1093,7809,217,0,0 '
Received from ('fd00::200:0:0:c', 8765, 0, 0): b' 3436,12,8,1024,0,745,8,20,7,1,3,-52,0,885,8021,179,0,0 '
Received from ('fd00::200:0:0:13', 8765, 0, 0): b' 3435,19,16,1536,0,806,5,4,7,1,1,-70,0,386,5531,214,0,0 '
Received from ('fd00::200:0:0:3', 8765, 0, 0): b' 3437,3,1,512,0,761,7,4,7,1,1,-64,4,1171,8676,227,1,7 '
Received from ('fd00::200:0:0:a', 8765, 0, 0): b' 3438,10,7,1024,0,723,5,5,7,1,1,-70,2,544,7319,223,0,0 '
Received from ('fd00::200:0:0:11', 8765, 0, 0): b' 3439,17,13,1280,0,741,11,5,7,1,3,-52,1,1144,11581,211,0,0 '
Received from ('fd00::200:0:0:1', 5678, 0, 0): b' 3439,1,0,256,0,8,0,0,4,0,0,0,10,1850,20049,4256,0,0 '
Received from ('fd00::200:0:0:6', 8765, 0, 0): b' 3439,6,2,768,0,735,3,13,7,1,1,-52,0,416,4293,179,0,0 '
Received from ('fd00::200:0:0:d', 8765, 0, 0): b' 3439,13,8,1024,20,688,5,5,7,1,1,-70,5,3025,21485,221,0,0 '
Received from ('fd00::200:0:0:5', 8765, 0, 0): b' 3439,5,4,768,0,829,7,1,6,1,1,-52,0,467,6438,227,0,0 '
Received from ('fd00::200:0:0:15', 8765, 0, 0): b' 3440,21,17,1536,0,783,5,7,5,1,1,-52,0,549,6343,203,0,0 '
Received from ('fd00::200:0:0:9', 8765, 0, 0): b' 3440,9,4,768,0,737,9,14,7,1,4,-70,0,612,8727,179,0,0 '
Received from ('fd00::200:0:0:7', 8765, 0, 0): b' 3441,7,3,768,0,745,6,7,7,1,1,-52,3,994,10064,226,1,7 '
Received from ('fd00::200:0:0:4', 8765, 0, 0): b' 3441,4,1,512,0,746,7,4,7,2,1,-66,10,2412,15231,227,1,7 '
Received from ('fd00::200:0:0:b', 8765, 0, 0): b' 3441,11,8,1024,0,766,6,11,7,1,2,-70,1,1255,14520,217,0,0 '
Received from ('fd00::200:0:0:8', 8765, 0, 0): b' 3441,8,4,768,10,730,5,14,7,1,1,-52,9,3360,23135,223,1,7 '
Received from ('fd00::200:0:0:2', 8765, 0, 0): b' 3442,2,1,512,0,746,7,1,6,1,1,-88,1,792,10845,227,1,7 '
Received from ('fd00::200:0:0:e', 8765, 0, 0): b' 3442,14,11,1280,0,798,4,3,7,1,1,-70,0,801,10438,217,0,0 '
Received from ('fd00::200:0:0:12', 8765, 0, 0): b' 3443,18,15,1536,0,787,5,4,5,1,1,-70,0,825,11225,218,0,0 '
Received from ('fd00::200:0:0:10', 8765, 0, 0): b' 3444,16,13,1280,30,751,5,9,7,1,1,-70,2,1537,17066,219,0,0 '
Received from ('fd00::200:0:0:13', 8765, 0, 0): b' 3443,19,16,1536,0,809,5,4,7,1,1,-70,0,777,7680,215,0,0 '
Received from ('fd00::200:0:0:14', 8765, 0, 0): b' 3444,20,16,1536,0,801,6,5,7,1,1,-52,0,905,9451,212,0,0 '
Received from ('fd00::200:0:0:f', 8765, 0, 0): b' 3444,15,10,1280,0,739,6,14,7,1,2,-70,1,986,11293,218,0,0 '
Received from ('fd00::200:0:0:15', 8765, 0, 0): b' 3444,21,17,1536,0,784,5,7,5,1,1,-52,0,386,4589,203,0,0 '
Received from ('fd00::200:0:0:5', 8765, 0, 0): b' 3445,5,4,768,0,831,7,1,6,1,1,-52,0,598,7950,228,0,0 '
Received from ('fd00::200:0:0:3', 8765, 0, 0): b' 3446,3,1,512,0,763,7,4,7,1,1,-64,4,1911,15587,228,1,7 '
Received from ('fd00::200:0:0:11', 8765, 0, 0): b' 3446,17,13,1280,0,741,11,5,7,1,3,-52,1,799,9302,212,0,0 '
Received from ('fd00::200:0:0:6', 8765, 0, 0): b' 3447,6,2,768,0,739,3,13,7,1,1,-52,0,729,7397,179,0,0 '
Received from ('fd00::200:0:0:a', 8765, 0, 0): b' 3447,10,7,1024,0,726,5,5,7,1,1,-70,2,1459,14256,224,0,0 '
Received from ('fd00::200:0:0:1', 5678, 0, 0): b' 3447,1,0,256,0,8,0,0,4,0,0,0,10,2038,19901,4269,0,0 '
Received from ('fd00::200:0:0:e', 8765, 0, 0): b' 3446,14,11,1280,0,799,4,3,7,1,1,-70,0,266,3830,217,0,0 '
Received from ('fd00::200:0:0:7', 8765, 0, 0): b' 3448,7,3,768,0,745,6,7,7,1,1,-52,3,1281,12440,226,1,7 '
Received from ('fd00::200:0:0:c', 8765, 0, 0): b' 3447,12,8,1024,0,749,8,20,7,1,3,-52,0,932,11205,180,0,0 '
Received from ('fd00::200:0:0:8', 8765, 0, 0): b' 3448,8,4,768,10,733,5,14,7,1,1,-52,9,3008,19132,224,1,7 '
Received from ('fd00::200:0:0:d', 8765, 0, 0): b' 3449,13,8,1024,0,690,5,5,7,1,1,-70,5,1987,18560,221,0,0 '
Received from ('fd00::200:0:0:13', 8765, 0, 0): b' 3450,19,16,1536,0,811,5,4,7,1,1,-70,0,563,6132,215,0,0 '
Received from ('fd00::200:0:0:b', 8765, 0, 0): b' 3450,11,8,1024,0,769,6,11,7,1,2,-70,1,1390,14654,218,0,0 '
Received from ('fd00::200:0:0:4', 8765, 0, 0): b' 3452,4,1,512,10,749,7,4,7,2,1,-66,10,4886,29297,227,1,7 '
Received from ('fd00::200:0:0:3', 8765, 0, 0): b' 3452,3,1,512,0,766,7,4,7,1,1,-64,4,951,9462,228,1,7 '
Received from ('fd00::200:0:0:f', 8765, 0, 0): b' 3453,15,10,1280,0,742,6,14,7,1,2,-70,1,864,9987,218,0,0 '
Received from ('fd00::200:0:0:9', 8765, 0, 0): b' 3452,9,4,768,0,738,9,14,7,1,4,-70,0,609,11044,180,0,0 '
Received from ('fd00::200:0:0:10', 8765, 0, 0): b' 3453,16,13,1280,0,752,5,9,7,1,1,-70,2,1502,17539,219,0,0 '
Received from ('fd00::200:0:0:2', 8765, 0, 0): b' 3453,2,1,512,0,750,7,1,6,1,1,-88,1,1605,17147,228,1,7 '
Received from ('fd00::200:0:0:14', 8765, 0, 0): b' 3453,20,16,1536,20,803,6,5,7,1,1,-52,0,629,9277,213,0,0 '
Received from ('fd00::200:0:0:5', 8765, 0, 0): b' 3454,5,4,768,0,832,7,1,6,1,1,-52,0,407,10624,228,0,0 '
Received from ('fd00::200:0:0:6', 8765, 0, 0): b' 3455,6,2,768,0,742,3,13,7,1,1,-52,0,775,8304,180,0,0 '
Received from ('fd00::200:0:0:1', 5678, 0, 0): b' 3455,1,0,256,0,8,0,0,4,0,0,0,10,1584,18539,4278,0,0 '
Received from ('fd00::200:0:0:a', 8765, 0, 0): b' 3456,10,7,1024,0,728,5,5,7,1,1,-70,2,864,13315,224,0,0 '
Received from ('fd00::200:0:0:8', 8765, 0, 0): b' 3455,8,4,768,30,735,5,14,7,1,1,-52,9,2392,17602,224,1,7 '
Received from ('fd00::200:0:0:12', 8765, 0, 0): b' 3454,18,15,1536,0,788,5,4,5,1,1,-70,0,556,10671,218,0,0 '
Received from ('fd00::200:0:0:c', 8765, 0, 0): b' 3454,12,8,1024,10,753,8,20,7,1,3,-52,0,708,7651,180,0,0 '
Received from ('fd00::200:0:0:11', 8765, 0, 0): b' 3455,17,13,1280,0,742,11,5,7,1,3,-52,1,877,12304,213,0,0 '
Received from ('fd00::200:0:0:15', 8765, 0, 0): b' 3455,21,17,1536,0,786,5,7,5,1,1,-52,0,694,10122,204,0,0 '
Received from ('fd00::200:0:0:d', 8765, 0, 0): b' 3456,13,8,1024,0,691,5,5,7,1,1,-70,5,1963,16245,222,0,0 '
Received from ('fd00::200:0:0:10', 8765, 0, 0): b' 3458,16,13,1280,0,752,5,9,7,1,1,-70,2,740,9505,219,0,0 '
Received from ('fd00::200:0:0:e', 8765, 0, 0): b' 3457,14,11,1280,0,803,4,3,7,1,1,-70,0,1095,11264,218,0,0 '
Received from ('fd00::200:0:0:b', 8765, 0, 0): b' 3459,11,8,1024,0,769,6,11,7,1,2,-70,1,680,12823,218,0,0 '
Received from ('fd00::200:0:0:7', 8765, 0, 0): b' 3460,7,3,768,0,746,6,7,7,1,1,-52,3,1765,17763,227,1,7 '
Received from ('fd00::200:0:0:2', 8765, 0, 0): b' 3460,2,1,512,0,752,7,1,6,1,1,-88,1,962,10699,228,1,7 '
Received from ('fd00::200:0:0:f', 8765, 0, 0): b' 3460,15,10,1280,0,746,6,14,7,1,2,-70,1,1310,10922,219,0,0 '
Received from ('fd00::200:0:0:4', 8765, 0, 0): b' 3460,4,1,512,10,752,7,4,7,2,1,-66,10,3904,23614,228,1,7 '
Received from ('fd00::200:0:0:a', 8765, 0, 0): b' 3461,10,7,1024,0,729,5,5,7,1,1,-70,2,1046,9182,225,0,0 '
Received from ('fd00::200:0:0:9', 8765, 0, 0): b' 3460,9,4,768,10,741,9,14,7,1,4,-70,0,693,8500,181,0,0 '
Received from ('fd00::200:0:0:13', 8765, 0, 0): b' 3461,19,16,1536,0,816,5,4,7,1,1,-70,0,1015,10825,216,0,0 '
Received from ('fd00::200:0:0:12', 8765, 0, 0): b' 3461,18,15,1536,0,792,5,4,5,1,1,-70,0,764,6756,219,0,0 '
Received from ('fd00::200:0:0:15', 8765, 0, 0): b' 3460,21,17,1536,0,786,5,7,5,1,1,-52,0,280,4549,204,0,0 '
Received from ('fd00::200:0:0:5', 8765, 0, 0): b' 3462,5,4,768,0,834,7,1,6,1,1,-52,0,696,8970,229,0,0 '
Received from ('fd00::200:0:0:11', 8765, 0, 0): b' 3462,17,13,1280,0,742,11,5,7,1,3,-52,1,663,7788,213,0,0 '
Received from ('fd00::200:0:0:10', 8765, 0, 0): b' 3463,16,13,1280,0,752,5,9,7,1,1,-70,2,741,9854,220,0,0 '
Received from ('fd00::200:0:0:3', 8765, 0, 0): b' 3463,3,1,512,0,769,7,4,7,1,1,-64,4,2883,21482,229,1,7 '
Received from ('fd00::200:0:0:6', 8765, 0, 0): b' 3464,6,2,768,0,745,3,13,7,1,1,-52,0,640,8581,180,0,0 '
Received from ('fd00::200:0:0:c', 8765, 0, 0): b' 3464,12,8,1024,0,757,8,20,7,1,3,-52,0,903,9469,181,0,0 '
Received from ('fd00::200:0:0:d', 8765, 0, 0): b' 3465,13,8,1024,10,693,5,5,7,1,1,-70,5,1742,17146,222,0,0 '
Received from ('fd00::200:0:0:7', 8765, 0, 0): b' 3465,7,3,768,0,750,6,8,7,1,1,-52,3,1608,12136,227,1,7 '
Received from ('fd00::200:0:0:14', 8765, 0, 0): b' 3465,20,16,1536,0,805,6,5,7,1,1,-52,0,770,10984,213,0,0 '
Received from ('fd00::200:0:0:1', 5678, 0, 0): b' 3467,1,0,256,0,8,0,0,4,0,0,0,10,2500,26567,4291,0,0 '
Received from ('fd00::200:0:0:8', 8765, 0, 0): b' 3467,8,4,768,30,737,5,14,7,1,1,-52,9,4596,31134,225,1,7 '
Received from ('fd00::200:0:0:b', 8765, 0, 0): b' 3466,11,8,1024,10,774,6,12,7,1,2,-70,1,1468,12956,219,0,0 '
Received from ('fd00::200:0:0:5', 8765, 0, 0): b' 3468,5,4,768,0,837,7,1,6,1,1,-52,0,597,7959,229,0,0 '
Received from ('fd00::200:0:0:13', 8765, 0, 0): b' 3468,19,16,1536,0,818,5,4,7,1,1,-70,0,490,5909,216,0,0 '
Received from ('fd00::200:0:0:f', 8765, 0, 0): b' 3469,15,10,1280,0,749,6,14,7,1,2,-70,1,1161,11645,219,0,0 '
Received from ('fd00::200:0:0:15', 8765, 0, 0): b' 3468,21,17,1536,10,790,5,7,5,1,1,-52,0,884,8362,205,0,0 '
Received from ('fd00::200:0:0:9', 8765, 0, 0): b' 3470,9,4,768,0,742,9,14,7,1,4,-70,0,516,8892,181,0,0 '
Received from ('fd00::200:0:0:4', 8765, 0, 0): b' 3471,4,1,512,0,755,7,4,7,2,1,-66,10,4925,29877,228,1,7 '
Received from ('fd00::200:0:0:e', 8765, 0, 0): b' 3468,14,11,1280,10,807,4,3,7,1,1,-70,0,905,10726,219,0,0 '
Received from ('fd00::200:0:0:3', 8765, 0, 0): b' 3470,3,1,512,0,773,7,4,7,1,1,-64,4,1517,13101,229,1,7 '
Received from ('fd00::200:0:0:10', 8765, 0, 0): b' 3470,16,13,1280,0,756,5,9,7,1,1,-70,2,1440,12982,220,0,0 '
Received from ('fd00::200:0:0:7', 8765, 0, 0): b' 3470,7,3,768,10,750,6,8,7,1,1,-52,3,532,8430,228,1,7 '
Received from ('fd00::200:0:0:d', 8765, 0, 0): b' 3471,13,8,1024,0,695,5,5,7,1,1,-70,5,1983,13155,223,0,0 '
Received from ('fd00::200:0:0:2', 8765, 0, 0): b' 3471,2,1,512,10,756,7,1,6,1,1,-88,1,1468,18029,229,1,7 '
Received from ('fd00::200:0:0:a', 8765, 0, 0): b' 3471,10,7,1024,0,733,5,5,7,1,1,-70,2,1363,16260,225,0,0 '
Received from ('fd00::200:0:0:14', 8765, 0, 0): b' 3471,20,16,1536,10,809,6,5,7,1,1,-52,0,657,6330,214,0,0 '
Received from ('fd00::200:0:0:11', 8765, 0, 0): b' 3472,17,13,1280,10,746,12,5,7,1,3,-52,1,1404,14311,214,0,0 '
Received from ('fd00::200:0:0:12', 8765, 0, 0): b' 3474,18,15,1536,0,793,5,4,5,1,1,-70,0,611,11109,220,0,0 '
Received from ('fd00::200:0:0:6', 8765, 0, 0): b' 3473,6,2,768,10,750,3,13,7,1,1,-52,0,983,9984,181,0,0 '
Received from ('fd00::200:0:0:13', 8765, 0, 0): b' 3473,19,16,1536,0,820,5,4,7,1,1,-70,0,443,6125,217,0,0 '
Received from ('fd00::200:0:0:5', 8765, 0, 0): b' 3473,5,4,768,0,838,7,1,6,1,1,-52,0,467,6938,230,0,0 '
Received from ('fd00::200:0:0:1', 5678, 0, 0): b' 3474,1,0,256,0,8,0,0,4,0,0,0,10,2049,19541,4305,0,0 '
Received from ('fd00::200:0:0:8', 8765, 0, 0): b' 3475,8,4,768,0,738,5,14,7,1,1,-52,9,2868,19263,226,1,7 '
Received from ('fd00::200:0:0:15', 8765, 0, 0): b' 3474,21,17,1536,0,792,5,7,5,1,1,-52,0,470,5288,205,0,0 '
Received from ('fd00::200:0:0:7', 8765, 0, 0): b' 3475,7,3,768,10,751,6,8,7,1,1,-52,3,1461,9774,228,1,7 '
Received from ('fd00::200:0:0:4', 8765, 0, 0): b' 3477,4,1,512,0,755,7,4,7,2,1,-66,10,2983,17618,229,1,7 '
Received from ('fd00::200:0:0:c', 8765, 0, 0): b' 3475,12,8,1024,0,761,8,20,7,1,3,-52,0,926,11648,182,0,0 '
Received from ('fd00::200:0:0:b', 8765, 0, 0): b' 3477,11,8,1024,0,777,6,12,7,1,2,-70,1,1288,16979,220,0,0 '
Received from ('fd00::200:0:0:e', 8765, 0, 0): b' 3478,14,11,1280,0,811,4,3,7,1,1,-70,0,752,9404,219,0,0 '
Received from ('fd00::200:0:0:6', 8765, 0, 0): b' 3478,6,2,768,0,750,3,13,7,1,1,-52,0,278,4820,181,0,0 '
Received from ('fd00::200:0:0:f', 8765, 0, 0): b' 3478,15,10,1280,0,750,7,14,7,1,2,-70,1,1086,12203,220,0,0 '
Received from ('fd00::200:0:0:10', 8765, 0, 0): b' 3479,16,13,1280,20,762,6,9,7,1,1,-70,2,2112,18363,221,0,0 '
Received from ('fd00::200:0:0:14', 8765, 0, 0): b' 3478,20,16,1536,0,810,7,5,7,1,1,-52,0,598,6923,214,0,0 '
Received from ('fd00::200:0:0:2', 8765, 0, 0): b' 3480,2,1,512,0,758,7,1,6,1,1,-88,1,1304,14009,230,1,7 '
Received from ('fd00::200:0:0:3', 8765, 0, 0): b' 3480,3,1,512,0,776,7,4,7,1,1,-64,4,2407,17774,230,1,7 '
Received from ('fd00::200:0:0:9', 8765, 0, 0): b' 3480,9,4,768,0,745,9,14,7,1,4,-70,0,799,10133,182,0,0 '
Received from ('fd00::200:0:0:4', 8765, 0, 0): b' 3482,4,1,512,0,756,7,4,7,2,1,-66,10,2324,14045,229,1,7 '
Received from ('fd00::200:0:0:d', 8765, 0, 0): b' 3481,13,8,1024,0,699,5,5,7,1,1,-70,5,2857,23862,224,0,0 '
Received from ('fd00::200:0:0:11', 8765, 0, 0): b' 3481,17,13,1280,10,750,12,5,7,1,3,-52,1,1392,13437,214,0,0 '
Received from ('fd00::200:0:0:a', 8765, 0, 0): b' 3483,10,7,1024,0,737,5,5,7,1,1,-70,2,1961,19569,226,0,0 '
Received from ('fd00::200:0:0:5', 8765, 0, 0): b' 3482,5,4,768,0,841,7,1,6,1,1,-52,0,621,10796,230,0,0 '
Received from ('fd00::200:0:0:8', 8765, 0, 0): b' 3482,8,4,768,0,740,5,14,7,1,1,-52,9,3640,24049,226,1,7 '
Received from ('fd00::200:0:0:12', 8765, 0, 0): b' 3484,18,15,1536,0,796,6,4,5,1,1,-70,0,826,9559,220,0,0 '
Received from ('fd00::200:0:0:15', 8765, 0, 0): b' 3483,21,17,1536,0,796,5,7,5,1,1,-52,0,811,9449,206,0,0 '
Received from ('fd00::200:0:0:7', 8765, 0, 0): b' 3483,7,3,768,10,754,6,8,7,1,1,-52,3,1585,13458,229,1,7 '
Received from ('fd00::200:0:0:13', 8765, 0, 0): b' 3484,19,16,1536,0,821,6,4,7,1,1,-70,0,792,10792,218,0,0 '
Received from ('fd00::200:0:0:9', 8765, 0, 0): b' 3484,9,4,768,10,746,9,14,7,1,4,-70,0,361,4236,182,0,0 '
Received from ('fd00::200:0:0:b', 8765, 0, 0): b' 3485,11,8,1024,0,780,6,12,7,1,2,-70,1,980,13710,220,0,0 '
Received from ('fd00::200:0:0:2', 8765, 0, 0): b' 3486,2,1,512,0,759,7,1,6,1,1,-88,1,600,9350,230,1,7 '
Received from ('fd00::200:0:0:1', 5678, 0, 0): b' 3486,1,0,256,0,8,0,0,4,0,0,0,10,2581,27612,4318,0,0 '
Received from ('fd00::200:0:0:c', 8765, 0, 0): b' 3486,12,8,1024,0,762,8,20,7,1,3,-52,0,532,9970,182,0,0 '
Received from ('fd00::200:0:0:5', 8765, 0, 0): b' 3487,5,4,768,0,841,7,1,6,1,1,-52,0,253,5202,230,0,0 '
Received from ('fd00::200:0:0:10', 8765, 0, 0): b' 3485,16,13,1280,0,765,6,9,7,1,1,-70,2,1563,16994,221,0,0 '
Received from ('fd00::200:0:0:e', 8765, 0, 0): b' 3487,14,11,1280,0,812,4,3,7,1,1,-70,0,651,9146,220,0,0 '
Received from ('fd00::200:0:0:8', 8765, 0, 0): b' 3487,8,4,768,10,742,5,14,7,1,1,-52,9,1875,13273,226,1,7 '
Received from ('fd00::200:0:0:7', 8765, 0, 0): b' 3489,7,3,768,0,754,6,8,7,1,1,-52,3,704,8618,229,1,7 '
Received from ('fd00::200:0:0:14', 8765, 0, 0): b' 3486,20,16,1536,0,813,7,5,7,1,1,-52,0,801,10054,215,0,0 '
Received from ('fd00::200:0:0:6', 8765, 0, 0): b' 3490,6,2,768,10,754,3,13,7,1,1,-52,0,900,11073,182,0,0 '
Received from ('fd00::200:0:0:3', 8765, 0, 0): b' 3489,3,1,512,0,778,7,4,7,1,1,-64,4,2041,16400,231,1,7 '
Received from ('fd00::200:0:0:d', 8765, 0, 0): b' 3488,13,8,1024,10,699,5,5,7,1,1,-70,5,1686,15002,224,0,0 '
Received from ('fd00::200:0:0:f', 8765, 0, 0): b' 3490,15,10,1280,10,755,7,14,7,1,2,-70,1,1520,15991,221,0,0 '
Received from ('fd00::200:0:0:b', 8765, 0, 0): b' 3490,11,8,1024,0,782,6,12,7,1,2,-70,1,810,8957,221,0,0 '
Received from ('fd00::200:0:0:4', 8765, 0, 0): b' 3491,4,1,512,20,758,7,4,7,2,1,-66,10,4669,27320,230,1,7 '
Received from ('fd00::200:0:0:1', 5678, 0, 0): b' 3492,1,0,256,0,8,0,0,4,0,0,0,10,1490,13701,4328,0,0 '
Received from ('fd00::200:0:0:5', 8765, 0, 0): b' 3492,5,4,768,0,841,7,1,6,1,1,-52,0,360,5954,231,0,0 '
Received from ('fd00::200:0:0:a', 8765, 0, 0): b' 3493,10,7,1024,0,742,5,5,7,1,1,-70,2,1692,16424,227,0,0 '
Received from ('fd00::200:0:0:e', 8765, 0, 0): b' 3492,14,11,1280,0,815,4,3,7,1,1,-70,0,576,4872,220,0,0 '
Received from ('fd00::200:0:0:12', 8765, 0, 0): b' 3493,18,15,1536,10,798,6,4,5,1,1,-70,0,670,9417,221,0,0 '
Received from ('fd00::200:0:0:15', 8765, 0, 0): b' 3492,21,17,1536,0,798,5,7,5,1,1,-52,0,708,9443,206,0,0 '
Received from ('fd00::200:0:0:13', 8765, 0, 0): b' 3492,19,16,1536,0,825,6,4,7,1,1,-70,0,847,9501,218,0,0 '
Received from ('fd00::200:0:0:11', 8765, 0, 0): b' 3493,17,13,1280,0,751,12,5,7,1,3,-52,1,1300,14918,215,0,0 '
Received from ('fd00::200:0:0:f', 8765, 0, 0): b' 3495,15,10,1280,0,755,7,14,7,1,2,-70,1,628,6651,221,0,0 '
Received from ('fd00::200:0:0:9', 8765, 0, 0): b' 3495,9,4,768,10,749,9,14,7,1,4,-70,0,800,9765,183,0,0 '
Received from ('fd00::200:0:0:2', 8765, 0, 0): b' 3495,2,1,512,10,762,7,1,6,1,1,-88,1,1196,13657,231,1,7 '
Received from ('fd00::200:0:0:10', 8765, 0, 0): b' 3493,16,13,1280,0,765,6,9,7,1,1,-70,2,1061,14267,222,0,0 '
Received from ('fd00::200:0:0:8', 8765, 0, 0): b' 3496,8,4,768,20,743,5,14,7,1,1,-52,9,3089,20338,227,1,7 '
Received from ('fd00::200:0:0:d', 8765, 0, 0): b' 3496,13,8,1024,10,699,5,5,7,1,1,-70,5,1454,13355,225,0,0 '
Received from ('fd00::200:0:0:4', 8765, 0, 0): b' 3497,4,1,512,30,759,7,4,7,2,1,-66,10,2738,16795,230,1,7 '
Received from ('fd00::200:0:0:6', 8765, 0, 0): b' 3497,6,2,768,0,755,3,13,7,1,1,-52,0,410,7118,182,0,0 '
Received from ('fd00::200:0:0:14', 8765, 0, 0): b' 3494,20,16,1536,0,815,7,5,7,1,1,-52,0,574,7618,216,0,0 '
Received from ('fd00::200:0:0:b', 8765, 0, 0): b' 3498,11,8,1024,0,782,6,12,7,1,2,-70,1,790,9775,221,0,0 '
Received from ('fd00::200:0:0:7', 8765, 0, 0): b' 3497,7,3,768,10,757,6,8,7,1,1,-52,3,1731,14558,230,1,7 '
Received from ('fd00::200:0:0:a', 8765, 0, 0): b' 3498,10,7,1024,0,743,5,5,7,1,1,-70,2,769,9222,227,0,0 '
Received from ('fd00::200:0:0:c', 8765, 0, 0): b' 3498,12,8,1024,0,768,8,20,7,1,3,-52,0,1140,11897,183,0,0 '
Received from ('fd00::200:0:0:15', 8765, 0, 0): b' 3496,21,17,1536,0,798,5,7,5,1,1,-52,0,311,3846,207,0,0 '
Received from ('fd00::200:0:0:12', 8765, 0, 0): b' 3499,18,15,1536,0,799,6,4,5,1,1,-70,0,411,5790,221,0,0 '
Received from ('fd00::200:0:0:2', 8765, 0, 0): b' 3500,2,1,512,0,763,7,1,6,1,1,-88,1,747,8510,231,1,7 '
Received from ('fd00::200:0:0:f', 8765, 0, 0): b' 3501,15,10,1280,0,755,7,14,7,1,2,-70,1,415,6947,221,0,0 '
Received from ('fd00::200:0:0:1', 5678, 0, 0): b' 3501,1,0,256,0,8,0,0,4,0,0,0,10,1725,21013,4337,0,0 '
Received from ('fd00::200:0:0:11', 8765, 0, 0): b' 3500,17,13,1280,0,754,12,5,7,1,3,-52,1,1138,9285,216,0,0 '
Received from ('fd00::200:0:0:5', 8765, 0, 0): b' 3502,5,4,768,0,844,7,1,6,1,1,-52,0,718,11291,231,0,0 '
Received from ('fd00::200:0:0:b', 8765, 0, 0): b' 3502,11,8,1024,0,783,6,12,7,1,2,-70,1,474,7255,221,0,0 '
Received from ('fd00::200:0:0:3', 8765, 0, 0): b' 3501,3,1,512,0,781,7,4,7,1,1,-64,4,2613,20368,231,1,7 '
Received from ('fd00::200:0:0:7', 8765, 0, 0): b' 3502,7,3,768,20,757,6,8,7,1,1,-52,3,811,7056,230,1,7 '
Received from ('fd00::200:0:0:14', 8765, 0, 0): b' 3500,20,16,1536,0,817,7,5,7,1,1,-52,0,590,6174,216,0,0 '
Received from ('fd00::200:0:0:d', 8765, 0, 0): b' 3503,13,8,1024,10,700,5,5,7,1,1,-70,5,1655,14805,225,0,0 '
Received from ('fd00::200:0:0:a', 8765, 0, 0): b' 3502,10,7,1024,0,744,5,5,7,1,1,-70,2,835,7513,227,0,0 '
Received from ('fd00::200:0:0:13', 8765, 0, 0): b' 3500,19,16,1536,0,827,6,4,7,1,1,-70,0,573,8214,219,0,0 '
Received from ('fd00::200:0:0:9', 8765, 0, 0): b' 3504,9,4,768,0,751,9,14,7,1,4,-70,0,541,8848,183,0,0 '
Received from ('fd00::200:0:0:e', 8765, 0, 0): b' 3504,14,11,1280,0,819,4,3,7,1,1,-70,0,932,11357,221,0,0 '
Received from ('fd00::200:0:0:6', 8765, 0, 0): b' 3504,6,2,768,0,759,3,13,7,1,1,-52,0,882,7827,183,0,0 '
Received from ('fd00::200:0:0:8', 8765, 0, 0): b' 3505,8,4,768,0,745,5,14,7,1,1,-52,9,3427,23368,228,1,7 '
Received from ('fd00::200:0:0:b', 8765, 0, 0): b' 3506,11,8,1024,0,785,6,12,7,1,2,-70,1,759,7008,222,0,0 '
Received from ('fd00::200:0:0:12', 8765, 0, 0): b' 3506,18,15,1536,0,799,6,4,5,1,1,-70,0,335,6164,222,0,0 '
Received from ('fd00::200:0:0:5', 8765, 0, 0): b' 3508,5,4,768,0,846,7,1,6,1,1,-52,0,575,7551,232,0,0 '
Received from ('fd00::200:0:0:10', 8765, 0, 0): b' 3505,16,13,1280,10,768,6,9,7,1,1,-70,2,1815,22222,223,0,0 '
Received from ('fd00::200:0:0:c', 8765, 0, 0): b' 3508,12,8,1024,0,773,8,20,7,1,3,-52,0,1018,10141,184,0,0 '
Received from ('fd00::200:0:0:4', 8765, 0, 0): b' 3507,4,1,512,0,761,7,4,7,2,1,-66,10,5230,31648,231,1,7 '
Received from ('fd00::200:0:0:2', 8765, 0, 0): b' 3508,2,1,512,0,765,7,1,6,1,1,-88,1,1074,13225,232,1,7 '
Received from ('fd00::200:0:0:f', 8765, 0, 0): b' 3509,15,10,1280,0,760,7,14,7,1,2,-70,1,1373,11465,222,0,0 '
Received from ('fd00::200:0:0:15', 8765, 0, 0): b' 3507,21,17,1536,20,801,5,7,5,1,1,-52,0,638,10515,207,0,0 '
Received from ('fd00::200:0:0:7', 8765, 0, 0): b' 3510,7,3,768,0,759,6,8,7,1,1,-52,3,1480,14916,230,1,7 '
Received from ('fd00::200:0:0:11', 8765, 0, 0): b' 3509,17,13,1280,0,756,12,5,7,1,3,-52,1,862,11727,216,0,0 '
Received from ('fd00::200:0:0:1', 5678, 0, 0): b' 3512,1,0,256,0,8,0,0,4,0,0,0,10,2467,26052,4352,0,0 '
Received from ('fd00::200:0:0:d', 8765, 0, 0): b' 3511,13,8,1024,10,703,5,5,7,1,1,-70,5,1953,16261,226,0,0 '
Received from ('fd00::200:0:0:a', 8765, 0, 0): b' 3511,10,7,1024,0,745,5,6,7,1,1,-70,2,1315,15041,228,0,0 '
Received from ('fd00::200:0:0:13', 8765, 0, 0): b' 3508,19,16,1536,0,828,6,4,7,1,1,-70,0,507,7419,219,0,0 '
Received from ('fd00::200:0:0:8', 8765, 0, 0): b' 3512,8,4,768,30,749,5,14,7,1,1,-52,9,3437,22670,228,1,7 '
Received from ('fd00::200:0:0:3', 8765, 0, 0): b' 3512,3,1,512,10,782,7,4,7,1,1,-64,4,2380,20611,232,1,7 '
Received from ('fd00::200:0:0:9', 8765, 0, 0): b' 3513,9,4,768,0,752,9,14,7,1,4,-70,0,585,9078,184,0,0 '
Received from ('fd00::200:0:0:14', 8765, 0, 0): b' 3509,20,16,1536,10,818,7,5,7,1,1,-52,0,466,8566,217,0,0 '
Received from ('fd00::200:0:0:6', 8765, 0, 0): b' 3514,6,2,768,0,759,3,13,7,1,1,-52,0,325,8881,183,0,0 '
Received from ('fd00::200:0:0:4', 8765, 0, 0): b' 3513,4,1,512,10,763,7,4,7,2,1,-66,10,2457,15883,231,1,7 '
Received from ('fd00::200:0:0:10', 8765, 0, 0): b' 3512,16,13,1280,0,769,6,9,7,1,1,-70,2,1292,13910,223,0,0 '
Received from ('fd00::200:0:0:15', 8765, 0, 0): b' 3512,21,17,1536,0,802,5,7,5,1,1,-52,0,552,5172,208,0,0 '
Received from ('fd00::200:0:0:c', 8765, 0, 0): b' 3515,12,8,1024,0,774,8,20,7,1,3,-52,0,383,6196,184,0,0 '
Received from ('fd00::200:0:0:b', 8765, 0, 0): b' 3515,11,8,1024,10,786,6,12,7,1,2,-70,1,780,13968,222,0,0 '
Received from ('fd00::200:0:0:e', 8765, 0, 0): b' 3515,14,11,1280,0,823,4,3,7,1,1,-70,0,903,10317,222,0,0 '
Received from ('fd00::200:0:0:1', 5678, 0, 0): b' 3517,1,0,256,0,8,0,0,4,0,0,0,10,1227,12387,4360,0,0 '
Received from ('fd00::200:0:0:2', 8765, 0, 0): b' 3516,2,1,512,0,769,7,1,6,1,1,-88,1,1212,13937,232,1,7 '
Received from ('fd00::200:0:0:14', 8765, 0, 0): b' 3516,20,16,1536,0,819,7,5,7,1,1,-52,0,508,6529,217,0,0 '
Received from ('fd00::200:0:0:11', 8765, 0, 0): b' 3517,17,13,1280,10,760,12,5,7,1,3,-52,1,1161,10724,217,0,0 '
Received from ('fd00::200:0:0:5', 8765, 0, 0): b' 3517,5,4,768,10,847,7,1,6,1,1,-52,0,529,12889,233,0,0 '
Received from ('fd00::200:0:0:10', 8765, 0, 0): b' 3517,16,13,1280,0,770,6,9,7,1,1,-70,2,653,8984,223,0,0 '
Received from ('fd00::200:0:0:9', 8765, 0, 0): b' 3517,9,4,768,10,753,9,14,7,1,4,-70,0,360,4863,184,0,0 '
Received from ('fd00::200:0:0:6', 8765, 0, 0): b' 3519,6,2,768,0,760,3,13,7,1,1,-52,0,416,5254,184,0,0 '
Received from ('fd00::200:0:0:12', 8765, 0, 0): b' 3517,18,15,1536,10,802,6,4,5,1,1,-70,0,979,11284,223,0,0 '
Received from ('fd00::200:0:0:d', 8765, 0, 0): b' 3520,13,8,1024,0,705,5,5,7,1,1,-70,5,2287,19461,226,0,0 '
Received from ('fd00::200:0:0:3', 8765, 0, 0): b' 3519,3,1,512,20,785,7,4,7,1,1,-64,4,1332,12328,233,1,7 '
Received from ('fd00::200:0:0:f', 8765, 0, 0): b' 3518,15,10,1280,0,764,7,14,7,1,2,-70,1,1397,14694,223,0,0 '
Received from ('fd00::200:0:0:4', 8765, 0, 0): b' 3521,4,1,512,0,767,7,4,7,2,1,-66,10,3533,19954,232,1,7 '
Received from ('fd00::200:0:0:a', 8765, 0, 0): b' 3519,10,7,1024,0,747,5,6,7,1,1,-70,2,1230,14555,229,0,0 '
Received from ('fd00::200:0:0:8', 8765, 0, 0): b' 3520,8,4,768,0,749,5,14,7,1,1,-52,9,2754,20034,229,1,7 '
Received from ('fd00::200:0:0:7', 8765, 0, 0): b' 3520,7,3,768,0,763,6,8,7,1,1,-52,3,2374,19407,231,1,7 '
Received from ('fd00::200:0:0:2', 8765, 0, 0): b' 3522,2,1,512,0,771,7,1,6,1,1,-88,1,802,8055,233,1,7 '
Received from ('fd00::200:0:0:12', 8765, 0, 0): b' 3522,18,15,1536,0,802,6,4,5,1,1,-70,0,314,4356,223,0,0 '
Received from ('fd00::200:0:0:15', 8765, 0, 0): b' 3520,21,17,1536,0,803,5,7,5,1,1,-52,0,410,7490,208,0,0 '
Received from ('fd00::200:0:0:13', 8765, 0, 0): b' 3521,19,16,1536,0,833,6,4,7,1,1,-70,0,936,11054,220,0,0 '
Received from ('fd00::200:0:0:9', 8765, 0, 0): b' 3522,9,4,768,0,754,9,14,7,1,4,-70,0,441,4682,185,0,0 '
Received from ('fd00::200:0:0:11', 8765, 0, 0): b' 3523,17,13,1280,0,761,12,5,7,1,3,-52,1,758,7400,217,0,0 '
Received from ('fd00::200:0:0:b', 8765, 0, 0): b' 3525,11,8,1024,10,789,6,12,7,1,2,-70,1,1182,15277,223,0,0 '
Received from ('fd00::200:0:0:d', 8765, 0, 0): b' 3525,13,8,1024,0,709,5,5,7,1,1,-70,5,1476,9976,226,0,0 '
Received from ('fd00::200:0:0:14', 8765, 0, 0): b' 3523,20,16,1536,0,821,7,5,7,1,1,-52,0,493,6446,217,0,0 '
Received from ('fd00::200:0:0:1', 5678, 0, 0): b' 3526,1,0,256,0,8,0,0,4,0,0,0,10,2135,21681,4369,0,0 '
Received from ('fd00::200:0:0:c', 8765, 0, 0): b' 3525,12,8,1024,10,775,8,20,7,1,3,-52,0,587,9790,185,0,0 '
Received from ('fd00::200:0:0:5', 8765, 0, 0): b' 3525,5,4,768,0,849,7,1,6,1,1,-52,0,623,10176,233,0,0 '
Received from ('fd00::200:0:0:e', 8765, 0, 0): b' 3526,14,11,1280,0,827,4,3,7,1,1,-70,0,877,10692,222,0,0 '
Received from ('fd00::200:0:0:7', 8765, 0, 0): b' 3527,7,3,768,0,763,6,8,7,1,1,-52,3,567,8905,231,1,7 '
Received from ('fd00::200:0:0:3', 8765, 0, 0): b' 3527,3,1,512,10,786,7,4,7,1,1,-64,4,1528,13147,233,1,7 '
Received from ('fd00::200:0:0:9', 8765, 0, 0): b' 3526,9,4,768,0,755,9,14,7,1,4,-70,0,360,4505,185,0,0 '
Received from ('fd00::200:0:0:15', 8765, 0, 0): b' 3524,21,17,1536,10,804,5,7,5,1,1,-52,0,255,3725,208,0,0 '
Received from ('fd00::200:0:0:4', 8765, 0, 0): b' 3528,4,1,512,0,768,7,4,7,2,1,-66,10,3486,20739,232,1,7 '
Received from ('fd00::200:0:0:a', 8765, 0, 0): b' 3527,10,7,1024,10,750,5,6,7,1,1,-70,2,903,11166,229,0,0 '
Received from ('fd00::200:0:0:6', 8765, 0, 0): b' 3529,6,2,768,10,764,3,13,7,1,1,-52,0,844,9415,185,0,0 '
Received from ('fd00::200:0:0:13', 8765, 0, 0): b' 3525,19,16,1536,10,833,6,4,7,1,1,-70,0,256,4743,220,0,0 '
Received from ('fd00::200:0:0:10', 8765, 0, 0): b' 3528,16,13,1280,10,771,6,9,7,1,1,-70,2,1725,20325,224,0,0 '
Received from ('fd00::200:0:0:f', 8765, 0, 0): b' 3529,15,10,1280,0,764,7,14,7,1,2,-70,1,828,13322,223,0,0 '
Received from ('fd00::200:0:0:5', 8765, 0, 0): b' 3529,5,4,768,0,851,7,1,6,1,1,-52,0,523,5627,234,0,0 '
Received from ('fd00::200:0:0:b', 8765, 0, 0): b' 3531,11,8,1024,0,792,6,12,7,1,2,-70,1,1108,12472,223,0,0 '
Received from ('fd00::200:0:0:2', 8765, 0, 0): b' 3533,2,1,512,0,775,7,1,6,1,1,-88,1,1564,16422,233,1,7 '
Received from ('fd00::200:0:0:a', 8765, 0, 0): b' 3531,10,7,1024,0,750,5,6,7,1,1,-70,2,658,6864,229,0,0 '
Received from ('fd00::200:0:0:4', 8765, 0, 0): b' 3533,4,1,512,0,769,7,4,7,2,1,-66,10,2251,13865,233,1,7 '
Received from ('fd00::200:0:0:8', 8765, 0, 0): b' 3532,8,4,768,0,754,5,14,7,1,1,-52,9,4806,31851,230,1,7 '
Received from ('fd00::200:0:0:15', 8765, 0, 0): b' 3531,21,17,1536,0,806,5,7,5,1,1,-52,0,681,7385,209,0,0 '
Received from ('fd00::200:0:0:6', 8765, 0, 0): b' 3533,6,2,768,0,766,3,13,7,1,1,-52,0,524,4607,185,0,0 '
Received from ('fd00::200:0:0:7', 8765, 0, 0): b' 3533,7,3,768,10,763,6,8,7,1,1,-52,3,1219,9814,232,1,7 '
Received from ('fd00::200:0:0:9', 8765, 0, 0): b' 3532,9,4,768,0,756,9,14,7,1,4,-70,0,516,5973,185,0,0 '
Received from ('fd00::200:0:0:12', 8765, 0, 0): b' 3533,18,15,1536,0,806,6,4,5,1,1,-70,0,908,10419,224,0,0 '
Received from ('fd00::200:0:0:13', 8765, 0, 0): b' 3531,19,16,1536,0,833,6,4,7,1,1,-70,0,360,6042,221,0,0 '
Received from ('fd00::200:0:0:1', 5678, 0, 0): b' 3535,1,0,256,0,8,0,0,4,0,0,0,10,2388,22957,4386,0,0 '
Received from ('fd00::200:0:0:e', 8765, 0, 0): b' 3535,14,11,1280,0,828,4,3,7,1,1,-70,0,588,8978,223,0,0 '
Received from ('fd00::200:0:0:5', 8765, 0, 0): b' 3534,5,4,768,0,853,7,1,6,1,1,-52,0,494,5831,234,0,0 '
Received from ('fd00::200:0:0:11', 8765, 0, 0): b' 3535,17,13,1280,0,762,12,5,7,1,3,-52,1,1562,15648,218,0,0 '
Received from ('fd00::200:0:0:d', 8765, 0, 0): b' 3535,13,8,1024,10,712,5,5,7,1,1,-70,5,2974,24195,227,0,0 '
Received from ('fd00::200:0:0:c', 8765, 0, 0): b' 3535,12,8,1024,0,779,8,21,7,1,3,-52,0,905,11231,185,0,0 '
Received from ('fd00::200:0:0:8', 8765, 0, 0): b' 3536,8,4,768,30,754,5,14,7,1,1,-52,9,1738,11052,230,1,7 '
Received from ('fd00::200:0:0:6', 8765, 0, 0): b' 3537,6,2,768,0,767,3,13,7,1,1,-52,0,360,4192,185,0,0 '
Received from ('fd00::200:0:0:b', 8765, 0, 0): b' 3535,11,8,1024,10,793,6,12,7,1,2,-70,1,653,6721,224,0,0 '
Received from ('fd00::200:0:0:14', 8765, 0, 0): b' 3534,20,16,1536,0,824,7,5,7,1,1,-52,0,825,10619,218,0,0 '
Received from ('fd00::200:0:0:10', 8765, 0, 0): b' 3536,16,13,1280,0,775,6,9,7,1,1,-70,2,1368,14414,225,0,0 '
Received from ('fd00::200:0:0:3', 8765, 0, 0): b' 3538,3,1,512,10,789,7,4,7,1,1,-64,4,2469,19807,234,1,7 '
Received from ('fd00::200:0:0:12', 8765, 0, 0): b' 3539,18,15,1536,0,808,6,4,5,1,1,-70,0,494,5745,224,0,0 '
Received from ('fd00::200:0:0:9', 8765, 0, 0): b' 3538,9,4,768,0,757,9,14,7,1,4,-70,0,440,5389,186,0,0 '
Received from ('fd00::200:0:0:15', 8765, 0, 0): b' 3539,21,17,1536,0,809,5,7,5,1,1,-52,0,710,7031,209,0,0 '
Received from ('fd00::200:0:0:f', 8765, 0, 0): b' 3539,15,10,1280,0,767,7,14,7,1,2,-70,1,1390,13512,224,0,0 '
Received from ('fd00::200:0:0:13', 8765, 0, 0): b' 3539,19,16,1536,0,834,6,4,7,1,1,-70,0,483,6605,221,0,0 '
Received from ('fd00::200:0:0:7', 8765, 0, 0): b' 3540,7,3,768,0,765,6,8,7,1,1,-52,3,1565,14029,232,1,7 '
Received from ('fd00::200:0:0:1', 5678, 0, 0): b' 3542,1,0,256,0,8,0,0,4,0,0,0,10,1289,15660,4390,0,0 '
Received from ('fd00::200:0:0:11', 8765, 0, 0): b' 3540,17,13,1280,10,762,12,5,7,1,3,-52,1,572,6762,218,0,0 '
Received from ('fd00::200:0:0:5', 8765, 0, 0): b' 3541,5,4,768,0,854,7,1,6,1,1,-52,0,407,8145,234,0,0 '
Received from ('fd00::200:0:0:8', 8765, 0, 0): b' 3542,8,4,768,30,755,5,14,7,1,1,-52,9,2340,15576,230,1,7 '
Received from ('fd00::200:0:0:a', 8765, 0, 0): b' 3541,10,7,1024,0,751,5,6,7,1,1,-70,2,1315,16633,230,0,0 '
Received from ('fd00::200:0:0:b', 8765, 0, 0): b' 3541,11,8,1024,10,796,6,12,7,1,2,-70,1,766,9943,224,0,0 '
Received from ('fd00::200:0:0:2', 8765, 0, 0): b' 3543,2,1,512,0,779,7,1,6,1,1,-88,1,1702,17306,234,1,7 '
Received from ('fd00::200:0:0:14', 8765, 0, 0): b' 3540,20,16,1536,0,826,7,5,7,1,1,-52,0,550,5893,219,0,0 '
Received from ('fd00::200:0:0:6', 8765, 0, 0): b' 3543,6,2,768,10,767,3,13,7,1,1,-52,0,333,6051,186,0,0 '
Received from ('fd00::200:0:0:4', 8765, 0, 0): b' 3545,4,1,512,0,771,7,4,7,2,1,-66,10,5589,33588,233,1,7 '
Received from ('fd00::200:0:0:e', 8765, 0, 0): b' 3545,14,11,1280,0,829,4,3,7,1,1,-70,0,587,9475,224,0,0 '
Received from ('fd00::200:0:0:9', 8765, 0, 0): b' 3545,9,4,768,0,759,9,14,7,1,4,-70,0,491,5919,186,0,0 '
Received from ('fd00::200:0:0:10', 8765, 0, 0): b' 3545,16,13,1280,0,775,6,9,7,1,1,-70,2,1303,16497,225,0,0 '
Received from ('fd00::200:0:0:c', 8765, 0, 0): b' 3544,12,8,1024,0,781,8,21,7,1,3,-52,0,695,9280,186,0,0 '
Received from ('fd00::200:0:0:5', 8765, 0, 0): b' 3546,5,4,768,0,855,7,1,6,1,1,-52,0,415,5947,235,0,0 '
Received from ('fd00::200:0:0:d', 8765, 0, 0): b' 3545,13,8,1024,0,715,5,5,7,1,1,-70,5,2707,21299,228,0,0 '
Received from ('fd00::200:0:0:12', 8765, 0, 0): b' 3548,18,15,1536,0,809,6,4,5,1,1,-70,0,587,8121,225,0,0 '
Received from ('fd00::200:0:0:11', 8765, 0, 0): b' 3546,17,13,1280,0,764,12,5,7,1,3,-52,1,733,7691,219,0,0 '
Received from ('fd00::200:0:0:f', 8765, 0, 0): b' 3546,15,10,1280,0,770,7,14,7,1,2,-70,1,1094,10017,225,0,0 '
Received from ('fd00::200:0:0:8', 8765, 0, 0): b' 3548,8,4,768,10,757,5,14,7,1,1,-52,9,2318,16124,231,1,7 '
Received from ('fd00::200:0:0:a', 8765, 0, 0): b' 3548,10,7,1024,0,753,5,6,7,1,1,-70,2,1284,11918,231,0,0 '
Received from ('fd00::200:0:0:3', 8765, 0, 0): b' 3550,3,1,512,0,791,7,4,7,1,1,-64,4,2830,21137,235,1,7 '
Received from ('fd00::200:0:0:4', 8765, 0, 0): b' 3550,4,1,512,0,773,7,4,7,2,1,-66,10,2691,16180,234,1,7 '
Received from ('fd00::200:0:0:7', 8765, 0, 0): b' 3549,7,3,768,10,767,6,8,7,1,1,-52,3,1943,16025,233,1,7 '
Received from ('fd00::200:0:0:13', 8765, 0, 0): b' 3548,19,16,1536,0,836,6,4,7,1,1,-70,0,597,8392,222,0,0 '
Received from ('fd00::200:0:0:15', 8765, 0, 0): b' 3549,21,17,1536,0,810,5,7,5,1,1,-52,0,514,9698,210,0,0 '
Received from ('fd00::200:0:0:1', 5678, 0, 0): b' 3552,1,0,256,0,8,0,0,4,0,0,0,10,2574,24983,4408,0,0 '
Received from ('fd00::200:0:0:e', 8765, 0, 0): b' 3551,14,11,1280,0,832,4,3,7,1,1,-70,0,600,6354,224,0,0 '
Received from ('fd00::200:0:0:d', 8765, 0, 0): b' 3551,13,8,1024,0,715,5,5,7,1,1,-70,5,1154,11369,228,0,0 '
Received from ('fd00::200:0:0:b', 8765, 0, 0): b' 3551,11,8,1024,0,798,6,12,7,1,2,-70,1,1159,15108,225,0,0 '
Received from ('fd00::200:0:0:10', 8765, 0, 0): b' 3552,16,13,1280,0,778,6,9,7,1,1,-70,2,1088,12650,226,0,0 '
Received from ('fd00::200:0:0:14', 8765, 0, 0): b' 3552,20,16,1536,0,828,7,5,7,1,1,-52,0,638,9775,219,0,0 '
Received from ('fd00::200:0:0:5', 8765, 0, 0): b' 3554,5,4,768,0,855,7,1,6,1,1,-52,0,401,8108,235,0,0 '
Received from ('fd00::200:0:0:6', 8765, 0, 0): b' 3554,6,2,768,0,770,3,13,7,1,1,-52,0,768,10913,186,0,0 '
Received from ('fd00::200:0:0:2', 8765, 0, 0): b' 3555,2,1,512,0,782,7,1,6,1,1,-88,1,1561,17239,235,1,7 '
Received from ('fd00::200:0:0:c', 8765, 0, 0): b' 3554,12,8,1024,0,785,8,21,7,1,3,-52,0,787,8987,187,0,0 '
Received from ('fd00::200:0:0:f', 8765, 0, 0): b' 3553,15,10,1280,0,774,7,14,7,1,2,-70,1,851,8723,225,0,0 '
Received from ('fd00::200:0:0:8', 8765, 0, 0): b' 3556,8,4,768,10,758,5,14,7,1,1,-52,9,2878,18722,231,1,7 '
Received from ('fd00::200:0:0:3', 8765, 0, 0): b' 3557,3,1,512,0,792,7,4,7,1,1,-64,4,1005,10618,235,1,7 '
Received from ('fd00::200:0:0:d', 8765, 0, 0): b' 3556,13,8,1024,0,717,5,5,7,1,1,-70,5,1115,9001,229,0,0 '
Received from ('fd00::200:0:0:12', 8765, 0, 0): b' 3556,18,15,1536,0,812,6,4,5,1,1,-70,0,721,7989,225,0,0 '
Received from ('fd00::200:0:0:9', 8765, 0, 0): b' 3557,9,4,768,0,760,9,14,7,1,4,-70,0,609,10735,187,0,0 '
Received from ('fd00::200:0:0:11', 8765, 0, 0): b' 3556,17,13,1280,10,766,12,5,7,1,3,-52,1,858,11738,220,0,0 '
Received from ('fd00::200:0:0:7', 8765, 0, 0): b' 3558,7,3,768,0,769,6,8,7,1,1,-52,3,1235,13668,234,1,7 '
Received from ('fd00::200:0:0:15', 8765, 0, 0): b' 3556,21,17,1536,0,812,5,7,5,1,1,-52,0,590,6082,210,0,0 '
Received from ('fd00::200:0:0:f', 8765, 0, 0): b' 3557,15,10,1280,0,775,7,14,7,1,2,-70,1,567,5378,225,0,0 '
Received from ('fd00::200:0:0:13', 8765, 0, 0): b' 3557,19,16,1536,0,839,6,4,7,1,1,-70,0,777,8463,223,0,0 '
Received from ('fd00::200:0:0:4', 8765, 0, 0): b' 3560,4,1,512,0,774,7,4,7,2,1,-66,10,4545,28665,234,1,7 '
Received from ('fd00::200:0:0:e', 8765, 0, 0): b' 3558,14,11,1280,0,834,4,3,7,1,1,-70,0,549,6416,225,0,0 '
Received from ('fd00::200:0:0:1', 5678, 0, 0): b' 3561,1,0,256,0,8,0,0,4,0,0,0,10,1614,19962,4417,0,0 '
Received from ('fd00::200:0:0:10', 8765, 0, 0): b' 3559,16,13,1280,10,778,6,9,7,1,1,-70,2,1100,12806,226,0,0 '
Received from ('fd00::200:0:0:c', 8765, 0, 0): b' 3560,12,8,1024,0,787,8,21,7,1,3,-52,0,487,5306,187,0,0 '
Received from ('fd00::200:0:0:3', 8765, 0, 0): b' 3562,3,1,512,10,792,7,4,7,1,1,-64,4,1082,8940,236,1,7 '
Received from ('fd00::200:0:0:a', 8765, 0, 0): b' 3559,10,7,1024,0,756,5,6,7,1,1,-70,2,1668,18073,231,0,0 '
Received from ('fd00::200:0:0:14', 8765, 0, 0): b' 3561,20,16,1536,0,831,7,5,7,1,1,-52,0,694,9011,220,0,0 '
Received from ('fd00::200:0:0:b', 8765, 0, 0): b' 3563,11,8,1024,0,803,6,12,7,1,2,-70,1,1507,17474,225,0,0 '
Received from ('fd00::200:0:0:e', 8765, 0, 0): b' 3562,14,11,1280,10,836,4,3,7,1,1,-70,0,428,4070,225,0,0 '
Received from ('fd00::200:0:0:9', 8765, 0, 0): b' 3564,9,4,768,0,763,9,14,7,1,4,-70,0,599,6381,187,0,0 '
Received from ('fd00::200:0:0:12', 8765, 0, 0): b' 3564,18,15,1536,0,814,6,4,5,1,1,-70,0,573,7336,226,0,0 '
Received from ('fd00::200:0:0:2', 8765, 0, 0): b' 3564,2,1,512,0,784,7,1,6,1,1,-88,1,965,14225,235,1,7 '
Received from ('fd00::200:0:0:6', 8765, 0, 0): b' 3564,6,2,768,0,773,3,13,7,1,1,-52,0,800,9735,187,0,0 '
Received from ('fd00::200:0:0:15', 8765, 0, 0): b' 3564,21,17,1536,0,813,5,7,5,1,1,-52,0,466,7230,211,0,0 '
Received from ('fd00::200:0:0:c', 8765, 0, 0): b' 3565,12,8,1024,0,787,8,21,7,1,3,-52,0,349,5211,187,0,0 '
Received from ('fd00::200:0:0:5', 8765, 0, 0): b' 3566,5,4,768,0,861,7,1,6,1,1,-52,0,1171,15438,236,0,0 '
Received from ('fd00::200:0:0:8', 8765, 0, 0): b' 3566,8,4,768,30,762,5,14,7,1,1,-52,9,4160,26746,232,1,7 '
Received from ('fd00::200:0:0:4', 8765, 0, 0): b' 3567,4,1,512,0,775,7,4,7,2,1,-66,10,3322,19112,235,1,7 '
Received from ('fd00::200:0:0:1', 5678, 0, 0): b' 3567,1,0,256,0,8,0,0,4,0,0,0,10,1760,16045,4428,0,0 '
Received from ('fd00::200:0:0:11', 8765, 0, 0): b' 3565,17,13,1280,0,766,12,5,7,1,3,-52,1,1041,12171,220,0,0 '
Received from ('fd00::200:0:0:d', 8765, 0, 0): b' 3567,13,8,1024,0,720,5,5,7,1,1,-70,5,2470,20906,229,0,0 '
Received from ('fd00::200:0:0:7', 8765, 0, 0): b' 3567,7,3,768,0,772,6,8,7,1,1,-52,3,1844,16253,234,1,7 '
Received from ('fd00::200:0:0:2', 8765, 0, 0): b' 3568,2,1,512,0,785,7,1,6,1,1,-88,1,637,6722,236,1,7 '
Received from ('fd00::200:0:0:10', 8765, 0, 0): b' 3566,16,13,1280,0,778,6,9,7,1,1,-70,2,945,13989,227,0,0 '
Received from ('fd00::200:0:0:f', 8765, 0, 0): b' 3566,15,10,1280,0,778,7,14,7,1,2,-70,1,1267,11690,226,0,0 '
Received from ('fd00::200:0:0:13', 8765, 0, 0): b' 3567,19,16,1536,0,843,6,4,7,1,1,-70,0,846,9354,223,0,0 '
Received from ('fd00::200:0:0:12', 8765, 0, 0): b' 3569,18,15,1536,0,815,6,4,5,1,1,-70,0,362,4943,226,0,0 '
Received from ('fd00::200:0:0:14', 8765, 0, 0): b' 3568,20,16,1536,0,833,7,5,7,1,1,-52,0,493,5997,220,0,0 '
Received from ('fd00::200:0:0:3', 8765, 0, 0): b' 3570,3,1,512,0,796,7,4,7,1,1,-64,4,2133,15008,236,1,7 '
Received from ('fd00::200:0:0:9', 8765, 0, 0): b' 3570,9,4,768,0,764,9,14,7,1,4,-70,0,440,6157,188,0,0 '
Received from ('fd00::200:0:0:6', 8765, 0, 0): b' 3570,6,2,768,0,775,3,13,7,1,1,-52,0,485,5284,187,0,0 '
Received from ('fd00::200:0:0:11', 8765, 0, 0): b' 3570,17,13,1280,0,767,12,5,7,1,3,-52,1,478,5433,220,0,0 '
Received from ('fd00::200:0:0:e', 8765, 0, 0): b' 3571,14,11,1280,0,838,4,3,7,1,1,-70,0,649,8418,225,0,0 '
Received from ('fd00::200:0:0:a', 8765, 0, 0): b' 3570,10,7,1024,0,758,5,6,7,1,1,-70,2,1529,16382,232,0,0 '
Received from ('fd00::200:0:0:d', 8765, 0, 0): b' 3571,13,8,1024,10,721,5,5,7,1,1,-70,5,1142,9609,229,0,0 '
Received from ('fd00::200:0:0:7', 8765, 0, 0): b' 3572,7,3,768,0,774,6,8,7,1,1,-52,3,1168,8539,235,1,7 '
Received from ('fd00::200:0:0:c', 8765, 0, 0): b' 3571,12,8,1024,0,789,8,21,7,1,3,-52,0,646,6270,188,0,0 '
Received from ('fd00::200:0:0:12', 8765, 0, 0): b' 3571,18,15,1536,0,816,6,4,5,1,1,-70,0,386,4401,226,0,0 '
Received from ('fd00::200:0:0:2', 8765, 0, 0): b' 3573,2,1,512,0,786,7,1,6,1,1,-88,1,784,9566,236,1,7 '
Received from ('fd00::200:0:0:8', 8765, 0, 0): b' 3575,8,4,768,40,765,5,14,7,1,1,-52,9,3501,22616,232,1,7 '
Received from ('fd00::200:0:0:3', 8765, 0, 0): b' 3575,3,1,512,0,799,7,4,7,1,1,-64,4,1468,10649,236,1,7 '
Received from ('fd00::200:0:0:15', 8765, 0, 0): b' 3573,21,17,1536,0,815,5,7,5,1,1,-52,0,670,8184,212,0,0 '
Received from ('fd00::200:0:0:b', 8765, 0, 0): b' 3574,11,8,1024,0,805,6,12,7,1,2,-70,1,1396,17983,226,0,0 '
Received from ('fd00::200:0:0:5', 8765, 0, 0): b' 3576,5,4,768,10,865,7,1,6,1,1,-52,0,851,12864,236,0,0 '
Received from ('fd00::200:0:0:f', 8765, 0, 0): b' 3573,15,10,1280,0,780,7,14,7,1,2,-70,1,933,9716,226,0,0 '
Received from ('fd00::200:0:0:4', 8765, 0, 0): b' 3576,4,1,512,10,777,7,4,7,2,1,-66,10,4455,27701,236,1,7 '
Received from ('fd00::200:0:0:13', 8765, 0, 0): b' 3573,19,16,1536,0,846,6,4,7,1,1,-70,0,656,6127,224,0,0 '
Received from ('fd00::200:0:0:11', 8765, 0, 0): b' 3576,17,13,1280,10,767,12,5,7,1,3,-52,1,717,8355,221,0,0 '
Received from ('fd00::200:0:0:7', 8765, 0, 0): b' 3577,7,3,768,20,775,6,8,7,1,1,-52,3,947,9170,235,1,7 '
Received from ('fd00::200:0:0:1', 5678, 0, 0): b' 3578,1,0,256,0,8,0,0,4,0,0,0,10,2388,25813,4442,0,0 '
Received from ('fd00::200:0:0:6', 8765, 0, 0): b' 3578,6,2,768,0,777,3,13,7,1,1,-52,0,571,8557,188,0,0 '
Received from ('fd00::200:0:0:10', 8765, 0, 0): b' 3577,16,13,1280,0,781,6,9,7,1,1,-70,2,1848,20699,227,0,0 '
Received from ('fd00::200:0:0:9', 8765, 0, 0): b' 3580,9,4,768,0,766,9,14,7,1,4,-70,0,636,9015,188,0,0 '
Received from ('fd00::200:0:0:2', 8765, 0, 0): b' 3580,2,1,512,0,787,7,1,6,1,1,-88,1,869,9345,236,1,7 '
Received from ('fd00::200:0:0:a', 8765, 0, 0): b' 3579,10,7,1024,0,760,5,6,7,1,1,-70,2,1375,14284,233,0,0 '
Received from ('fd00::200:0:0:e', 8765, 0, 0): b' 3579,14,11,1280,0,843,4,3,7,1,1,-70,0,991,8536,226,0,0 '
Received from ('fd00::200:0:0:13', 8765, 0, 0): b' 3579,19,16,1536,10,846,6,4,7,1,1,-70,0,279,4634,224,0,0 '
Received from ('fd00::200:0:0:c', 8765, 0, 0): b' 3579,12,8,1024,0,793,8,21,7,1,3,-52,0,731,8185,188,0,0 '
Received from ('fd00::200:0:0:12', 8765, 0, 0): b' 3579,18,15,1536,10,819,6,4,5,1,1,-70,0,549,6677,227,0,0 '
Received from ('fd00::200:0:0:14', 8765, 0, 0): b' 3580,20,16,1536,0,834,7,5,7,1,1,-52,0,611,10846,221,0,0 '
Received from ('fd00::200:0:0:15', 8765, 0, 0): b' 3581,21,17,1536,0,818,5,7,5,1,1,-52,0,624,7417,212,0,0 '
Received from ('fd00::200:0:0:4', 8765, 0, 0): b' 3582,4,1,512,0,778,7,4,7,2,1,-66,10,2837,16821,236,1,7 '
Received from ('fd00::200:0:0:10', 8765, 0, 0): b' 3582,16,13,1280,0,781,6,9,7,1,1,-70,2,836,8331,228,0,0 '
Received from ('fd00::200:0:0:f', 8765, 0, 0): b' 3580,15,10,1280,0,780,7,14,7,1,2,-70,1,771,9467,227,0,0 '
Received from ('fd00::200:0:0:5', 8765, 0, 0): b' 3583,5,4,768,0,866,7,1,6,1,1,-52,0,493,7901,237,0,0 '
Received from ('fd00::200:0:0:d', 8765, 0, 0): b' 3583,13,8,1024,0,721,5,5,7,1,1,-70,5,2765,23695,230,0,0 '
Received from ('fd00::200:0:0:3', 8765, 0, 0): b' 3584,3,1,512,0,801,7,4,7,1,1,-64,4,2033,15072,237,1,7 '
Received from ('fd00::200:0:0:b', 8765, 0, 0): b' 3583,11,8,1024,0,807,6,12,7,1,2,-70,1,1125,14826,227,0,0 '
Received from ('fd00::200:0:0:9', 8765, 0, 0): b' 3585,9,4,768,0,768,9,14,7,1,4,-70,0,523,5050,189,0,0 '
Received from ('fd00::200:0:0:14', 8765, 0, 0): b' 3584,20,16,1536,0,837,7,5,7,1,1,-52,0,577,4870,221,0,0 '
Received from ('fd00::200:0:0:8', 8765, 0, 0): b' 3586,8,4,768,0,766,5,14,7,1,1,-52,9,4089,28523,233,1,7 '
Received from ('fd00::200:0:0:7', 8765, 0, 0): b' 3585,7,3,768,0,777,6,8,7,1,1,-52,3,1433,13162,235,1,7 '
Received from ('fd00::200:0:0:1', 5678, 0, 0): b' 3586,1,0,256,0,8,0,0,4,0,0,0,10,1778,18707,4449,0,0 '
Received from ('fd00::200:0:0:11', 8765, 0, 0): b' 3585,17,13,1280,0,769,12,5,7,1,3,-52,1,1014,11293,221,0,0 '
Received from ('fd00::200:0:0:10', 8765, 0, 0): b' 3586,16,13,1280,10,783,6,9,7,1,1,-70,2,612,7717,228,0,0 '
Received from ('fd00::200:0:0:5', 8765, 0, 0): b' 3587,5,4,768,0,868,7,1,6,1,1,-52,0,466,5728,237,0,0 '
Received from ('fd00::200:0:0:6', 8765, 0, 0): b' 3587,6,2,768,0,783,3,13,7,1,1,-52,0,1040,9410,188,0,0 '
Received from ('fd00::200:0:0:f', 8765, 0, 0): b' 3586,15,10,1280,0,782,7,14,7,1,2,-70,1,579,7275,227,0,0 '
Received from ('fd00::200:0:0:4', 8765, 0, 0): b' 3588,4,1,512,0,779,7,4,7,2,1,-66,10,2876,17150,236,1,7 '
Received from ('fd00::200:0:0:a', 8765, 0, 0): b' 3588,10,7,1024,0,761,5,6,7,1,1,-70,2,1123,14164,233,0,0 '
Received from ('fd00::200:0:0:c', 8765, 0, 0): b' 3587,12,8,1024,0,795,8,21,7,1,3,-52,0,574,7758,189,0,0 '
Received from ('fd00::200:0:0:e', 8765, 0, 0): b' 3587,14,11,1280,0,847,4,3,7,1,1,-70,0,725,7927,226,0,0 '
Received from ('fd00::200:0:0:12', 8765, 0, 0): b' 3587,18,15,1536,10,819,6,4,5,1,1,-70,0,508,7837,227,0,0 '
Received from ('fd00::200:0:0:15', 8765, 0, 0): b' 3586,21,17,1536,0,821,5,7,5,1,1,-52,0,656,5909,213,0,0 '
Received from ('fd00::200:0:0:14', 8765, 0, 0): b' 3589,20,16,1536,0,838,7,5,7,1,1,-52,0,442,4947,222,0,0 '
Received from ('fd00::200:0:0:1', 5678, 0, 0): b' 3591,1,0,256,0,8,0,0,4,0,0,0,10,1336,13634,4459,0,0 '
Received from ('fd00::200:0:0:13', 8765, 0, 0): b' 3590,19,16,1536,10,848,6,4,7,1,1,-70,0,695,10959,225,0,0 '
Received from ('fd00::200:0:0:2', 8765, 0, 0): b' 3591,2,1,512,10,790,7,1,6,1,1,-88,1,1325,18612,237,1,7 '
Received from ('fd00::200:0:0:8', 8765, 0, 0): b' 3592,8,4,768,10,768,5,14,7,1,1,-52,9,2743,17915,234,1,7 '
Received from ('fd00::200:0:0:7', 8765, 0, 0): b' 3592,7,3,768,20,779,6,8,7,1,1,-52,3,1591,12386,236,1,7 '
Received from ('fd00::200:0:0:d', 8765, 0, 0): b' 3593,13,8,1024,0,724,5,5,7,1,1,-70,5,2475,21127,231,0,0 '
Received from ('fd00::200:0:0:6', 8765, 0, 0): b' 3593,6,2,768,10,784,3,13,7,1,1,-52,0,441,6233,189,0,0 '
Received from ('fd00::200:0:0:9', 8765, 0, 0): b' 3593,9,4,768,0,771,9,14,7,1,4,-70,0,743,9274,189,0,0 '
Received from ('fd00::200:0:0:3', 8765, 0, 0): b' 3594,3,1,512,0,804,7,4,7,1,1,-64,4,2476,20403,238,1,7 '
Received from ('fd00::200:0:0:b', 8765, 0, 0): b' 3595,11,8,1024,10,809,6,12,7,1,2,-70,1,995,16943,227,0,0 '
Received from ('fd00::200:0:0:15', 8765, 0, 0): b' 3593,21,17,1536,10,821,5,7,5,1,1,-52,0,279,6438,213,0,0 '
Received from ('fd00::200:0:0:11', 8765, 0, 0): b' 3595,17,13,1280,0,774,12,5,7,1,3,-52,1,1577,13726,222,0,0 '
Received from ('fd00::200:0:0:10', 8765, 0, 0): b' 3596,16,13,1280,0,785,6,9,7,1,1,-70,2,1709,19260,229,0,0 '
Received from ('fd00::200:0:0:a', 8765, 0, 0): b' 3596,10,7,1024,0,763,5,6,7,1,1,-70,2,1133,12910,234,0,0 '
Received from ('fd00::200:0:0:13', 8765, 0, 0): b' 3596,19,16,1536,0,850,6,4,7,1,1,-70,0,496,5655,225,0,0 '
Received from ('fd00::200:0:0:2', 8765, 0, 0): b' 3597,2,1,512,20,791,7,1,6,1,1,-88,1,813,8832,238,1,7 '
Received from ('fd00::200:0:0:c', 8765, 0, 0): b' 3597,12,8,1024,0,798,8,21,7,1,3,-52,0,745,9189,189,0,0 '
Received from ('fd00::200:0:0:4', 8765, 0, 0): b' 3598,4,1,512,10,781,7,4,7,2,1,-66,10,4614,28846,237,1,7 '
Received from ('fd00::200:0:0:f', 8765, 0, 0): b' 3597,15,10,1280,0,786,7,14,7,1,2,-70,1,1347,13699,228,0,0 '
Received from ('fd00::200:0:0:5', 8765, 0, 0): b' 3598,5,4,768,0,869,7,1,6,1,1,-52,0,706,14784,238,0,0 '
