# run_metadata: attack=shared-slot nodes=21 placement=mid atkcount=5 seed=42 worker=2 csc=v3 attackers=6,9,10,12,13
# started: 2026-06-04T17:26:50
Logging to: /home/ev/6tisch-ng-sra/2026-06-04_17-26-44_shared-slot-n21-mid-a5-w2.log
Listening on UDP port 5678 (IPv6)...
Received from ('fd00::200:0:0:1', 5678, 0, 0): b' 8,1,0,256,0,1,0,0,1,0,0,0,0,615,3926,0,0,0 '
Received from ('fd00::200:0:0:1', 5678, 0, 0): b' 13,1,0,256,0,2,0,0,2,0,0,0,2,630,4130,0,0,0 '
Received from ('fd00::200:0:0:4', 8765, 0, 0): b' 6,4,1,512,10,0,0,1,1,0,1,-66,0,270,23259,0,0,0 '
Received from ('fd00::200:0:0:4', 8765, 0, 0): b' 12,4,1,640,70,2,1,1,3,0,1,-66,0,533,5970,1,0,0 '
Received from ('fd00::200:0:0:1', 5678, 0, 0): b' 17,1,0,256,0,2,0,0,3,0,0,0,3,674,4658,1,0,0 '
Received from ('fd00::200:0:0:2', 8765, 0, 0): b' 5,2,1,512,10,0,0,1,1,0,1,-88,0,318,27129,0,0,0 '
Received from ('fd00::200:0:0:2', 8765, 0, 0): b' 14,2,1,640,80,2,2,1,1,0,1,-88,0,1329,7874,1,0,0 '
Received from ('fd00::200:0:0:4', 8765, 0, 0): b' 21,4,1,512,0,3,2,1,3,1,1,-66,0,1912,10835,1,0,0 '
Received from ('fd00::200:0:0:5', 8765, 0, 0): b' 8,5,1,896,20,1,1,1,1,0,1,-94,0,790,6979,0,0,0 '
Received from ('fd00::200:0:0:2', 8765, 0, 0): b' 23,2,1,512,0,3,2,1,1,1,1,-88,0,1258,10212,1,0,0 '
Received from ('fd00::200:0:0:5', 8765, 0, 0): b' 13,5,1,896,50,2,2,1,1,0,1,-94,0,784,4725,1,0,0 '
Received from ('fd00::200:0:0:5', 8765, 0, 0): b' 24,5,1,766,40,2,2,1,1,1,1,-94,0,1319,11373,1,0,0 '
Received from ('fd00::200:0:0:1', 5678, 0, 0): b' 26,1,0,256,0,3,0,0,4,0,0,0,4,2174,16117,4,0,0 '
Received from ('fd00::200:0:0:4', 8765, 0, 0): b' 27,4,1,512,0,4,2,1,3,1,1,-66,0,614,6267,2,0,0 '
Received from ('fd00::200:0:0:3', 8765, 0, 0): b' 9,3,1,640,30,1,1,1,2,0,1,-64,0,1215,7717,0,0,0 '
Received from ('fd00::200:0:0:3', 8765, 0, 0): b' 15,3,1,640,80,2,1,1,3,0,1,-64,0,852,5917,1,0,0 '
Received from ('fd00::200:0:0:3', 8765, 0, 0): b' 20,3,1,640,80,2,2,1,3,0,1,-64,0,395,4127,1,0,0 '
Received from ('fd00::200:0:0:3', 8765, 0, 0): b' 29,3,1,640,80,3,2,1,4,0,1,-64,0,1056,9101,2,0,0 '
Received from ('fd00::200:0:0:5', 8765, 0, 0): b' 32,5,1,512,0,3,2,1,3,1,1,-94,0,926,8812,2,0,0 '
Received from ('fd00::200:0:0:2', 8765, 0, 0): b' 34,2,1,512,0,4,2,1,3,1,1,-88,0,884,10248,2,0,0 '
Received from ('fd00::200:0:0:1', 5678, 0, 0): b' 34,1,0,256,0,3,0,0,4,0,0,0,4,1671,16874,8,0,0 '
Received from ('fd00::200:0:0:4', 8765, 0, 0): b' 38,4,1,512,10,4,2,1,4,1,1,-66,0,734,10558,2,0,0 '
Received from ('fd00::200:0:0:5', 8765, 0, 0): b' 38,5,1,512,0,4,2,1,3,1,1,-94,0,565,5657,2,0,0 '
Received from ('fd00::200:0:0:1', 5678, 0, 0): b' 40,1,0,256,0,3,0,0,4,0,0,0,4,663,10287,8,0,0 '
Received from ('fd00::200:0:0:2', 8765, 0, 0): b' 40,2,1,512,0,4,2,1,3,1,1,-88,0,531,5925,2,0,0 '
Received from ('fd00::200:0:0:3', 8765, 0, 0): b' 42,3,1,512,0,5,2,1,4,1,1,-64,0,2003,13080,2,0,0 '
Received from ('fd00::200:0:0:1', 5678, 0, 0): b' 44,1,0,256,0,3,0,0,4,0,0,0,4,832,9475,12,0,0 '
Received from ('fd00::200:0:0:5', 8765, 0, 0): b' 45,5,1,512,0,4,2,1,3,1,1,-94,0,539,5594,3,0,0 '
Received from ('fd00::200:0:0:4', 8765, 0, 0): b' 44,4,1,512,0,4,2,1,4,1,1,-66,0,565,6811,3,0,0 '
Received from ('fd00::200:0:0:3', 8765, 0, 0): b' 47,3,1,512,0,6,2,1,4,1,1,-64,0,521,5509,3,0,0 '
Received from ('fd00::200:0:0:5', 8765, 0, 0): b' 49,5,1,512,0,4,2,1,3,1,1,-94,0,343,4376,3,0,0 '
Received from ('fd00::200:0:0:2', 8765, 0, 0): b' 51,2,1,512,0,6,2,1,4,1,1,-88,0,1008,11515,3,0,0 '
Received from ('fd00::200:0:0:3', 8765, 0, 0): b' 51,3,1,512,0,6,2,1,5,1,1,-64,0,399,4256,3,0,0 '
Received from ('fd00::200:0:0:5', 8765, 0, 0): b' 53,5,1,512,0,6,2,1,4,1,1,-94,0,627,4524,3,0,0 '
Received from ('fd00::200:0:0:4', 8765, 0, 0): b' 53,4,1,512,0,7,3,1,5,1,1,-66,0,990,8721,3,0,0 '
Received from ('fd00::200:0:0:1', 5678, 0, 0): b' 53,1,0,256,0,4,0,0,4,0,0,0,5,1517,19317,12,0,0 '
Received from ('fd00::200:0:0:2', 8765, 0, 0): b' 55,2,1,512,0,8,3,1,4,1,1,-88,0,857,5628,3,0,0 '
Received from ('fd00::200:0:0:5', 8765, 0, 0): b' 58,5,1,512,0,6,3,1,4,1,1,-94,1,807,5482,4,0,0 '
Received from ('fd00::200:0:0:3', 8765, 0, 0): b' 59,3,1,512,0,7,3,1,6,1,1,-64,1,1079,9299,4,0,0 '
Received from ('fd00::200:0:0:2', 8765, 0, 0): b' 62,2,1,512,0,9,3,1,4,1,1,-88,0,637,9240,4,0,0 '
Received from ('fd00::200:0:0:4', 8765, 0, 0): b' 63,4,1,512,0,8,3,1,5,1,1,-66,0,1003,10007,4,0,0 '
Received from ('fd00::200:0:0:1', 5678, 0, 0): b' 65,1,0,256,0,4,0,0,4,0,0,0,6,1856,23423,16,0,0 '
Received from ('fd00::200:0:0:6', 8765, 0, 0): b' 51,6,3,896,10,1,0,1,2,0,1,-70,0,997,6220,0,0,0 '
Received from ('fd00::200:0:0:3', 8765, 0, 0): b' 66,3,1,512,10,8,3,1,6,1,1,-64,1,993,8188,4,0,0 '
Received from ('fd00::200:0:0:6', 8765, 0, 0): b' 64,6,3,896,50,2,1,1,3,0,1,-70,0,1603,11200,1,0,0 '
Received from ('fd00::200:0:0:5', 8765, 0, 0): b' 67,5,1,512,0,8,3,1,4,1,1,-94,1,972,11039,4,0,0 '
Received from ('fd00::200:0:0:8', 8765, 0, 0): b' 56,8,5,896,20,1,2,1,3,0,1,-70,0,1006,79524,0,0,0 '
Received from ('fd00::200:0:0:2', 8765, 0, 0): b' 67,2,1,512,0,9,3,1,4,1,1,-88,0,343,5249,4,0,0 '
Received from ('fd00::200:0:0:8', 8765, 0, 0): b' 69,8,5,768,40,2,2,1,3,1,1,-70,0,1524,11398,1,0,0 '
Received from ('fd00::200:0:0:2', 8765, 0, 0): b' 71,2,1,512,0,9,3,1,4,1,1,-88,0,246,5038,4,0,0 '
Received from ('fd00::200:0:0:1', 5678, 0, 0): b' 72,1,0,256,0,4,0,0,4,0,0,0,6,1828,17784,24,0,0 '
Received from ('fd00::200:0:0:6', 8765, 0, 0): b' 72,6,3,768,0,3,1,1,3,1,1,-70,0,1374,10162,2,0,0 '
Received from ('fd00::200:0:0:5', 8765, 0, 0): b' 72,5,1,512,0,9,3,1,4,1,1,-94,1,1431,11434,5,0,0 '
Received from ('fd00::200:0:0:3', 8765, 0, 0): b' 73,3,1,512,0,8,3,1,6,1,1,-64,1,1298,10931,5,0,0 '
Received from ('fd00::200:0:0:4', 8765, 0, 0): b' 74,4,1,512,0,10,3,1,5,1,1,-66,0,1010,12862,5,0,0 '
Received from ('fd00::200:0:0:8', 8765, 0, 0): b' 78,8,5,768,10,4,2,1,4,1,1,-70,0,1095,10431,2,0,0 '
Received from ('fd00::200:0:0:3', 8765, 0, 0): b' 78,3,1,512,0,9,3,1,6,1,1,-64,1,405,6093,5,0,0 '
Received from ('fd00::200:0:0:4', 8765, 0, 0): b' 79,4,1,512,0,10,3,1,5,1,1,-66,0,346,5570,5,0,0 '
Received from ('fd00::200:0:0:6', 8765, 0, 0): b' 79,6,3,768,10,4,2,1,3,1,1,-70,0,688,6356,2,0,0 '
Received from ('fd00::200:0:0:5', 8765, 0, 0): b' 79,5,1,512,0,9,3,1,4,1,1,-94,1,744,10413,5,0,0 '
Received from ('fd00::200:0:0:2', 8765, 0, 0): b' 81,2,1,512,0,10,3,1,4,1,1,-88,0,688,11821,5,0,0 '
Received from ('fd00::200:0:0:1', 5678, 0, 0): b' 83,1,0,256,0,4,0,0,4,0,0,0,6,1175,19693,24,0,0 '
Received from ('fd00::200:0:0:8', 8765, 0, 0): b' 83,8,5,768,0,4,2,1,4,1,1,-70,0,370,4773,2,0,0 '
Received from ('fd00::200:0:0:4', 8765, 0, 0): b' 84,4,1,512,0,11,3,1,5,1,1,-66,0,544,6898,6,0,0 '
Received from ('fd00::200:0:0:6', 8765, 0, 0): b' 85,6,3,768,0,4,2,1,3,1,1,-70,0,629,5901,3,0,0 '
Received from ('fd00::200:0:0:2', 8765, 0, 0): b' 87,2,1,512,0,10,3,1,4,1,1,-88,0,444,7817,6,0,0 '
Received from ('fd00::200:0:0:3', 8765, 0, 0): b' 88,3,1,512,0,10,3,1,6,1,1,-64,1,1516,13656,6,0,0 '
Received from ('fd00::200:0:0:1', 5678, 0, 0): b' 89,1,0,256,0,4,0,0,4,0,0,0,6,1290,14621,30,0,0 '
Received from ('fd00::200:0:0:5', 8765, 0, 0): b' 89,5,1,512,0,11,3,1,4,1,1,-94,1,1203,14732,6,0,0 '
Received from ('fd00::200:0:0:6', 8765, 0, 0): b' 91,6,3,768,0,4,2,1,3,1,1,-70,0,464,6158,3,0,0 '
Received from ('fd00::200:0:0:8', 8765, 0, 0): b' 91,8,5,768,0,5,2,1,4,1,1,-70,0,794,9171,3,0,0 '
Received from ('fd00::200:0:0:4', 8765, 0, 0): b' 93,4,1,512,0,12,3,1,5,1,1,-66,0,709,11439,6,0,0 '
Received from ('fd00::200:0:0:1', 5678, 0, 0): b' 97,1,0,256,0,4,0,0,4,0,0,0,6,996,15851,30,0,0 '
Received from ('fd00::200:0:0:2', 8765, 0, 0): b' 96,2,1,512,0,11,3,1,5,1,1,-88,0,838,12961,6,0,0 '
Received from ('fd00::200:0:0:3', 8765, 0, 0): b' 98,3,1,512,0,11,3,1,6,1,1,-64,1,1020,14643,6,0,0 '
Received from ('fd00::200:0:0:6', 8765, 0, 0): b' 99,6,3,768,0,6,2,1,4,1,1,-70,1,860,8119,3,0,0 '
Received from ('fd00::200:0:0:5', 8765, 0, 0): b' 100,5,1,512,20,11,3,1,4,1,1,-94,1,1044,17321,7,0,0 '
Received from ('fd00::200:0:0:3', 8765, 0, 0): b' 102,3,1,512,0,12,3,1,7,1,1,-64,2,1012,7654,7,0,0 '
Received from ('fd00::200:0:0:8', 8765, 0, 0): b' 102,8,5,768,0,5,2,1,5,1,1,-70,0,875,10926,4,0,0 '
Received from ('fd00::200:0:0:4', 8765, 0, 0): b' 103,4,1,512,0,13,3,1,6,1,1,-66,0,760,12562,7,0,0 '
Received from ('fd00::200:0:0:5', 8765, 0, 0): b' 105,5,1,512,0,11,3,1,4,1,1,-94,1,769,7467,7,0,0 '
Received from ('fd00::200:0:0:1', 5678, 0, 0): b' 107,1,0,256,0,4,0,0,4,0,0,0,8,1593,20509,36,0,0 '
Received from ('fd00::200:0:0:2', 8765, 0, 0): b' 109,2,1,512,0,11,3,1,6,1,1,-88,0,613,14438,7,0,0 '
Received from ('fd00::200:0:0:5', 8765, 0, 0): b' 109,5,1,512,0,11,3,1,4,1,1,-94,1,304,6149,7,0,0 '
Received from ('fd00::200:0:0:6', 8765, 0, 0): b' 108,6,3,768,0,6,2,1,5,1,1,-70,1,1073,10812,4,0,0 '
Received from ('fd00::200:0:0:4', 8765, 0, 0): b' 112,4,1,512,0,13,3,1,6,1,1,-66,0,491,10031,7,0,0 '
Received from ('fd00::200:0:0:8', 8765, 0, 0): b' 113,8,5,768,0,8,2,1,5,1,1,-70,0,1108,13243,4,0,0 '
Received from ('fd00::200:0:0:3', 8765, 0, 0): b' 115,3,1,512,0,13,3,1,7,1,1,-64,3,1434,18976,7,0,0 '
Received from ('fd00::200:0:0:1', 5678, 0, 0): b' 116,1,0,256,0,4,0,0,4,0,0,0,8,1200,17959,40,0,0 '
Received from ('fd00::200:0:0:5', 8765, 0, 0): b' 116,5,1,512,0,12,3,1,4,1,1,-94,1,994,10914,8,0,0 '
Received from ('fd00::200:0:0:7', 8765, 0, 0): b' 96,7,3,896,40,1,2,2,5,0,1,-52,0,678,8070,0,0,0 '
Received from ('fd00::200:0:0:7', 8765, 0, 0): b' 100,7,3,896,60,2,3,2,5,0,1,-52,0,388,3811,0,0,0 '
Received from ('fd00::200:0:0:6', 8765, 0, 0): b' 116,6,3,768,10,7,2,1,5,1,1,-70,1,873,9761,5,0,0 '
Received from ('fd00::200:0:0:a', 8765, 0, 0): b' 96,10,6,1152,10,1,0,2,2,0,1,-52,0,339,8842,0,0,0 '
Received from ('fd00::200:0:0:a', 8765, 0, 0): b' 104,10,6,1152,50,2,1,2,3,0,1,-52,0,1351,8553,0,0,0 '
Received from ('fd00::200:0:0:a', 8765, 0, 0): b' 111,10,6,1152,50,2,1,2,3,0,1,-52,0,1050,6802,0,0,0 '
Received from ('fd00::200:0:0:4', 8765, 0, 0): b' 119,4,1,512,0,14,3,1,6,1,1,-66,0,570,9241,8,0,0 '
Received from ('fd00::200:0:0:1', 5678, 0, 0): b' 120,1,0,256,0,4,0,0,4,0,0,0,8,820,9297,43,0,0 '
Received from ('fd00::200:0:0:3', 8765, 0, 0): b' 120,3,1,512,0,13,3,1,7,1,1,-64,3,1904,12721,8,0,0 '
Received from ('fd00::200:0:0:2', 8765, 0, 0): b' 121,2,1,512,0,11,3,1,6,1,1,-88,0,848,15524,8,0,0 '
Received from ('fd00::200:0:0:7', 8765, 0, 0): b' 111,7,3,896,70,2,3,2,5,0,1,-52,0,1440,10061,1,0,0 '
Received from ('fd00::200:0:0:7', 8765, 0, 0): b' 122,7,2,768,30,4,5,2,5,1,2,-70,0,2106,12905,2,0,0 '
Received from ('fd00::200:0:0:5', 8765, 0, 0): b' 123,5,1,512,10,13,3,1,4,1,1,-94,1,555,10212,8,0,0 '
Received from ('fd00::200:0:0:6', 8765, 0, 0): b' 123,6,3,768,10,8,2,1,5,1,1,-70,1,1519,12652,5,0,0 '
Received from ('fd00::200:0:0:a', 8765, 0, 0): b' 122,10,6,1024,10,4,1,2,3,1,1,-52,0,2019,11664,1,0,0 '
Received from ('fd00::200:0:0:1', 5678, 0, 0): b' 125,1,0,256,0,4,0,0,4,0,0,0,8,726,10915,44,0,0 '
Received from ('fd00::200:0:0:8', 8765, 0, 0): b' 124,8,5,768,0,10,2,1,5,1,1,-70,0,898,13536,5,0,0 '
Received from ('fd00::200:0:0:3', 8765, 0, 0): b' 125,3,1,512,0,13,3,1,7,1,1,-64,3,731,10703,8,0,0 '
Received from ('fd00::200:0:0:4', 8765, 0, 0): b' 126,4,1,512,0,15,3,1,7,1,1,-66,0,397,8896,8,0,0 '
Received from ('fd00::200:0:0:7', 8765, 0, 0): b' 126,7,2,768,0,4,5,2,7,1,2,-70,0,419,4864,2,0,0 '
Received from ('fd00::200:0:0:6', 8765, 0, 0): b' 127,6,3,768,0,9,2,1,5,1,1,-70,1,530,6671,5,0,0 '
Received from ('fd00::200:0:0:2', 8765, 0, 0): b' 128,2,1,512,0,11,3,1,6,1,1,-88,1,1292,12961,8,0,0 '
Received from ('fd00::200:0:0:a', 8765, 0, 0): b' 129,10,6,1024,0,5,1,2,4,1,1,-52,1,703,6684,1,0,0 '
Received from ('fd00::200:0:0:5', 8765, 0, 0): b' 132,5,1,512,0,15,3,1,5,1,1,-94,1,1227,14855,9,0,0 '
Received from ('fd00::200:0:0:9', 8765, 0, 0): b' 122,9,7,1536,0,0,0,3,1,0,1,-95,0,125,7531,0,0,0 '
Received from ('fd00::200:0:0:9', 8765, 0, 0): b' 126,9,5,896,50,1,2,3,4,0,2,-52,0,906,3805,0,0,0 '
Received from ('fd00::200:0:0:4', 8765, 0, 0): b' 135,4,1,512,0,16,3,1,7,1,1,-66,0,666,10282,9,0,0 '
Received from ('fd00::200:0:0:9', 8765, 0, 0): b' 135,9,5,768,50,2,2,3,4,1,2,-52,0,1525,7755,1,0,0 '
Received from ('fd00::200:0:0:1', 5678, 0, 0): b' 135,1,0,256,0,4,0,0,4,0,0,0,10,1984,22443,53,0,0 '
Received from ('fd00::200:0:0:3', 8765, 0, 0): b' 135,3,1,512,0,13,3,1,7,1,1,-64,4,1496,18823,9,0,0 '
Received from ('fd00::200:0:0:2', 8765, 0, 0): b' 136,2,1,512,0,12,3,1,6,1,1,-88,1,881,11381,9,0,0 '
Received from ('fd00::200:0:0:8', 8765, 0, 0): b' 135,8,5,768,0,11,2,1,6,1,1,-70,0,724,13499,6,0,0 '
Received from ('fd00::200:0:0:7', 8765, 0, 0): b' 136,7,2,768,0,5,5,2,7,1,2,-70,0,949,9729,3,0,0 '
Received from ('fd00::200:0:0:6', 8765, 0, 0): b' 138,6,3,768,10,10,2,1,5,1,1,-70,2,1324,15897,6,0,0 '
Received from ('fd00::200:0:0:1', 5678, 0, 0): b' 140,1,0,256,0,4,0,0,4,0,0,0,10,493,8770,53,0,0 '
Received from ('fd00::200:0:0:9', 8765, 0, 0): b' 139,9,5,768,0,3,2,3,4,1,2,-52,0,692,5244,1,0,0 '
Received from ('fd00::200:0:0:a', 8765, 0, 0): b' 139,10,6,1024,20,6,1,2,4,1,1,-52,1,1026,9573,2,0,0 '
Received from ('fd00::200:0:0:f', 8765, 0, 0): b' 134,15,10,1408,60,1,1,3,1,0,1,-70,0,1612,10138,1,0,0 '
Received from ('fd00::200:0:0:4', 8765, 0, 0): b' 141,4,1,512,0,16,3,1,7,1,1,-66,0,273,7061,9,0,0 '
Received from ('fd00::200:0:0:f', 8765, 0, 0): b' 138,15,10,1408,70,2,1,3,1,1,1,-70,0,700,4188,1,0,0 '
Received from ('fd00::200:0:0:8', 8765, 0, 0): b' 144,8,5,768,0,12,2,1,6,1,1,-70,0,501,9207,6,0,0 '
Received from ('fd00::200:0:0:6', 8765, 0, 0): b' 143,6,3,768,0,10,2,1,5,1,1,-70,2,1076,9389,6,0,0 '
Received from ('fd00::200:0:0:5', 8765, 0, 0): b' 144,5,1,512,0,16,3,1,5,1,1,-94,2,2656,23032,9,0,0 '
Received from ('fd00::200:0:0:7', 8765, 0, 0): b' 144,7,2,768,0,5,5,2,7,1,2,-70,0,489,7787,3,0,0 '
Received from ('fd00::200:0:0:3', 8765, 0, 0): b' 145,3,1,512,0,14,3,1,7,1,1,-64,4,1924,20666,9,0,0 '
Received from ('fd00::200:0:0:1', 5678, 0, 0): b' 146,1,0,256,0,4,0,0,4,0,0,0,10,1235,14057,58,0,0 '
Received from ('fd00::200:0:0:4', 8765, 0, 0): b' 146,4,1,512,0,17,3,1,7,1,1,-66,0,454,7166,10,0,0 '
Received from ('fd00::200:0:0:2', 8765, 0, 0): b' 147,2,1,512,0,12,3,1,6,1,1,-88,1,1043,17226,9,0,0 '
Received from ('fd00::200:0:0:9', 8765, 0, 0): b' 147,9,5,768,0,4,2,3,4,1,2,-52,0,868,8068,2,0,0 '
Received from ('fd00::200:0:0:a', 8765, 0, 0): b' 147,10,6,1024,10,7,1,2,4,1,1,-52,1,1524,11478,3,0,0 '
Received from ('fd00::200:0:0:f', 8765, 0, 0): b' 148,15,10,1280,0,3,1,3,2,1,1,-70,0,1040,9252,2,0,0 '
Received from ('fd00::200:0:0:6', 8765, 0, 0): b' 148,6,3,768,0,10,2,1,5,1,1,-70,2,1305,10014,7,0,0 '
Received from ('fd00::200:0:0:7', 8765, 0, 0): b' 151,7,2,768,0,6,5,2,7,1,2,-70,0,800,7847,4,0,0 '
Received from ('fd00::200:0:0:3', 8765, 0, 0): b' 151,3,1,512,0,14,3,1,7,1,1,-64,4,1536,12854,10,0,0 '
Received from ('fd00::200:0:0:2', 8765, 0, 0): b' 153,2,1,512,0,12,3,1,6,1,1,-88,1,885,9732,10,0,0 '
Received from ('fd00::200:0:0:4', 8765, 0, 0): b' 154,4,1,512,0,18,3,1,7,1,1,-66,0,667,9054,10,0,0 '
Received from ('fd00::200:0:0:5', 8765, 0, 0): b' 154,5,1,512,0,17,3,1,5,1,1,-94,2,1411,19360,10,0,0 '
Received from ('fd00::200:0:0:1', 5678, 0, 0): b' 155,1,0,256,0,4,0,0,4,0,0,0,10,1498,19161,64,0,0 '
Received from ('fd00::200:0:0:8', 8765, 0, 0): b' 156,8,5,768,0,13,2,1,6,1,1,-70,0,1141,14556,7,0,0 '
Received from ('fd00::200:0:0:3', 8765, 0, 0): b' 156,3,1,512,0,14,3,1,7,1,1,-64,4,307,7317,10,0,0 '
Received from ('fd00::200:0:0:9', 8765, 0, 0): b' 157,9,5,768,0,5,2,3,4,1,2,-52,0,808,9120,2,0,0 '
Received from ('fd00::200:0:0:f', 8765, 0, 0): b' 156,15,10,1280,0,4,1,3,2,1,1,-70,0,882,8536,2,0,0 '
Received from ('fd00::200:0:0:a', 8765, 0, 0): b' 157,10,6,1024,0,10,1,2,4,1,1,-52,1,1644,16599,3,0,0 '
Received from ('fd00::200:0:0:1', 5678, 0, 0): b' 159,1,0,256,0,4,0,0,4,0,0,0,10,581,8579,66,0,0 '
Received from ('fd00::200:0:0:6', 8765, 0, 0): b' 159,6,3,768,0,11,2,1,5,1,1,-70,2,1251,17007,7,0,0 '
Received from ('fd00::200:0:0:8', 8765, 0, 0): b' 161,8,5,768,0,14,2,1,7,1,1,-70,0,351,6290,7,0,0 '
Received from ('fd00::200:0:0:7', 8765, 0, 0): b' 161,7,2,768,0,7,5,2,7,1,2,-70,0,837,11079,4,0,0 '
Received from ('fd00::200:0:0:3', 8765, 0, 0): b' 162,3,1,512,0,14,3,1,7,1,1,-64,4,1412,13115,10,0,0 '
Received from ('fd00::200:0:0:2', 8765, 0, 0): b' 163,2,1,512,0,12,3,1,6,1,1,-88,1,1174,16487,11,0,0 '
Received from ('fd00::200:0:0:5', 8765, 0, 0): b' 164,5,1,512,0,19,3,1,6,1,1,-94,3,1849,18896,11,0,0 '
Received from ('fd00::200:0:0:4', 8765, 0, 0): b' 165,4,1,512,0,18,3,1,7,1,1,-66,0,615,14018,11,0,0 '
Received from ('fd00::200:0:0:1', 5678, 0, 0): b' 166,1,0,256,0,4,0,0,4,0,0,0,10,1418,15317,74,0,0 '
Received from ('fd00::200:0:0:f', 8765, 0, 0): b' 165,15,10,1280,0,6,1,3,2,1,1,-70,0,1309,7980,3,0,0 '
Received from ('fd00::200:0:0:a', 8765, 0, 0): b' 165,10,6,1024,10,10,1,2,4,1,1,-52,1,1102,11702,4,0,0 '
Received from ('fd00::200:0:0:7', 8765, 0, 0): b' 166,7,2,768,0,8,5,2,7,1,2,-70,0,530,6739,5,0,0 '
Received from ('fd00::200:0:0:9', 8765, 0, 0): b' 168,9,5,768,0,7,2,3,5,1,2,-52,1,1301,11429,3,0,0 '
Received from ('fd00::200:0:0:5', 8765, 0, 0): b' 169,5,1,512,0,19,3,1,6,1,1,-94,3,602,9078,11,0,0 '
Received from ('fd00::200:0:0:2', 8765, 0, 0): b' 170,2,1,512,10,12,3,1,6,1,1,-88,1,611,10339,11,0,0 '
Received from ('fd00::200:0:0:6', 8765, 0, 0): b' 169,6,3,768,0,11,2,1,5,1,1,-70,2,1191,15956,8,0,0 '
Received from ('fd00::200:0:0:f', 8765, 0, 0): b' 170,15,10,1280,0,6,1,3,2,1,1,-70,0,372,5249,3,0,0 '
Received from ('fd00::200:0:0:8', 8765, 0, 0): b' 171,8,5,768,0,15,2,1,7,1,1,-70,0,727,12949,8,0,0 '
Received from ('fd00::200:0:0:d', 8765, 0, 0): b' 156,13,9,1024,0,0,0,3,1,0,1,-52,0,125,165437,0,0,0 '
Received from ('fd00::200:0:0:d', 8765, 0, 0): b' 165,13,9,1152,60,1,1,3,3,0,1,-52,0,1140,8016,1,0,0 '
Received from ('fd00::200:0:0:d', 8765, 0, 0): b' 171,13,9,1152,60,2,1,3,3,1,1,-52,0,587,5517,1,0,0 '
Received from ('fd00::200:0:0:3', 8765, 0, 0): b' 174,3,1,512,0,14,3,1,7,1,1,-64,4,1263,21811,11,0,0 '
Received from ('fd00::200:0:0:7', 8765, 0, 0): b' 176,7,2,768,0,9,5,3,7,1,2,-70,0,624,9986,5,0,0 '
Received from ('fd00::200:0:0:4', 8765, 0, 0): b' 176,4,1,512,0,19,3,1,7,1,1,-66,0,595,13276,12,0,0 '
Received from ('fd00::200:0:0:a', 8765, 0, 0): b' 176,10,6,1024,0,11,1,2,4,1,1,-52,1,1057,15328,5,0,0 '
Received from ('fd00::200:0:0:1', 5678, 0, 0): b' 177,1,0,256,0,4,0,0,4,0,0,0,10,1924,23718,82,0,0 '
Received from ('fd00::200:0:0:5', 8765, 0, 0): b' 177,5,1,512,10,20,3,1,6,1,1,-94,3,2166,18326,12,0,0 '
Received from ('fd00::200:0:0:9', 8765, 0, 0): b' 179,9,5,768,0,8,2,3,5,1,2,-52,1,1802,14796,4,0,0 '
Received from ('fd00::200:0:0:2', 8765, 0, 0): b' 179,2,1,512,0,12,3,1,6,1,1,-88,1,917,14493,12,0,0 '
Received from ('fd00::200:0:0:f', 8765, 0, 0): b' 178,15,10,1280,0,6,1,3,2,1,1,-70,0,786,7864,4,0,0 '
Received from ('fd00::200:0:0:6', 8765, 0, 0): b' 179,6,3,768,0,11,2,1,5,1,1,-70,2,1564,15582,9,0,0 '
Received from ('fd00::200:0:0:4', 8765, 0, 0): b' 180,4,1,512,10,19,3,1,7,1,1,-66,0,250,5330,12,0,0 '
Received from ('fd00::200:0:0:3', 8765, 0, 0): b' 181,3,1,512,0,14,3,1,7,1,1,-64,3,1626,14012,12,0,0 '
Received from ('fd00::200:0:0:d', 8765, 0, 0): b' 182,13,9,1024,0,4,1,3,3,1,1,-52,0,1430,10803,2,0,0 '
Received from ('fd00::200:0:0:8', 8765, 0, 0): b' 182,8,5,768,0,16,2,1,7,1,1,-70,0,627,13961,9,0,0 '
Received from ('fd00::200:0:0:2', 8765, 0, 0): b' 185,2,1,512,0,12,3,1,6,1,1,-88,1,358,8351,12,0,0 '
Received from ('fd00::200:0:0:a', 8765, 0, 0): b' 185,10,6,1024,0,11,1,2,4,1,1,-52,1,1097,13833,5,0,0 '
Received from ('fd00::200:0:0:3', 8765, 0, 0): b' 186,3,1,512,0,14,3,1,7,1,1,-64,3,476,8931,12,0,0 '
Received from ('fd00::200:0:0:f', 8765, 0, 0): b' 185,15,10,1280,0,6,1,3,2,1,1,-70,0,590,7426,4,0,0 '
Received from ('fd00::200:0:0:9', 8765, 0, 0): b' 186,9,5,768,0,9,2,3,5,1,2,-52,1,848,11058,4,0,0 '
Received from ('fd00::200:0:0:7', 8765, 0, 0): b' 187,7,2,768,0,10,5,3,7,1,2,-70,0,722,13716,6,0,0 '
Received from ('fd00::200:0:0:1', 5678, 0, 0): b' 188,1,0,256,0,4,0,0,4,0,0,0,10,1600,23036,86,0,0 '
Received from ('fd00::200:0:0:5', 8765, 0, 0): b' 188,5,1,512,0,21,3,1,6,1,1,-94,3,1516,19794,12,0,0 '
Received from ('fd00::200:0:0:d', 8765, 0, 0): b' 188,13,9,1024,0,4,1,3,3,1,1,-52,0,469,5688,2,0,0 '
Received from ('fd00::200:0:0:6', 8765, 0, 0): b' 189,6,3,768,10,11,2,1,5,1,1,-70,2,795,13037,9,0,0 '
Received from ('fd00::200:0:0:4', 8765, 0, 0): b' 190,4,1,512,0,19,3,1,7,1,1,-66,0,494,11393,13,0,0 '
Received from ('fd00::200:0:0:8', 8765, 0, 0): b' 193,8,5,768,0,16,2,1,7,1,1,-70,0,571,12330,10,0,0 '
Received from ('fd00::200:0:0:6', 8765, 0, 0): b' 193,6,3,768,0,11,2,1,5,1,1,-70,2,779,8423,10,0,0 '
Received from ('fd00::200:0:0:f', 8765, 0, 0): b' 193,15,10,1280,0,7,1,3,2,1,1,-70,0,528,8636,5,0,0 '
Received from ('fd00::200:0:0:2', 8765, 0, 0): b' 194,2,1,512,0,12,3,1,6,1,1,-88,1,946,14756,13,0,0 '
Received from ('fd00::200:0:0:a', 8765, 0, 0): b' 195,10,6,1024,0,11,1,2,4,1,1,-52,1,1378,16449,6,0,0 '
Received from ('fd00::200:0:0:7', 8765, 0, 0): b' 197,7,2,768,0,10,5,3,7,1,2,-70,0,599,12059,7,0,0 '
Received from ('fd00::200:0:0:3', 8765, 0, 0): b' 198,3,1,512,0,15,3,1,7,1,1,-64,3,2028,23204,13,0,0 '
Received from ('fd00::200:0:0:9', 8765, 0, 0): b' 198,9,5,768,10,9,2,3,5,1,2,-52,1,1122,17710,5,0,0 '
Received from ('fd00::200:0:0:d', 8765, 0, 0): b' 197,13,9,1024,0,4,1,3,3,1,1,-52,0,644,8301,3,0,0 '
Received from ('fd00::200:0:0:1', 5678, 0, 0): b' 200,1,0,256,0,4,0,0,4,0,0,0,10,2188,26158,97,0,0 '
Received from ('fd00::200:0:0:5', 8765, 0, 0): b' 201,5,1,512,0,21,3,1,6,1,1,-94,3,2037,23710,13,0,0 '
Received from ('fd00::200:0:0:2', 8765, 0, 0): b' 201,2,1,512,0,12,3,1,6,1,1,-88,1,528,10410,13,0,0 '
Received from ('fd00::200:0:0:4', 8765, 0, 0): b' 202,4,1,512,0,19,3,1,7,1,1,-66,0,443,14000,13,0,0 '
Received from ('fd00::200:0:0:f', 8765, 0, 0): b' 201,15,10,1280,0,8,1,3,2,1,1,-70,0,621,9232,5,0,0 '
Received from ('fd00::200:0:0:a', 8765, 0, 0): b' 202,10,6,1024,0,11,1,2,4,1,1,-52,1,709,10432,6,0,0 '
Received from ('fd00::200:0:0:9', 8765, 0, 0): b' 203,9,5,768,0,10,2,3,5,1,2,-52,1,549,6789,5,0,0 '
Received from ('fd00::200:0:0:8', 8765, 0, 0): b' 204,8,5,768,10,16,2,1,7,1,1,-70,0,447,12814,10,0,0 '
Received from ('fd00::200:0:0:7', 8765, 0, 0): b' 205,7,2,768,0,11,5,3,7,1,2,-70,0,598,9050,7,0,0 '
Received from ('fd00::200:0:0:6', 8765, 0, 0): b' 205,6,3,768,0,11,2,1,5,1,1,-70,2,1311,17507,10,0,0 '
Received from ('fd00::200:0:0:4', 8765, 0, 0): b' 206,4,1,512,0,19,3,1,7,1,1,-66,0,349,5754,14,0,0 '
Received from ('fd00::200:0:0:3', 8765, 0, 0): b' 207,3,1,512,0,15,3,1,7,1,1,-64,3,1204,15819,13,0,0 '
Received from ('fd00::200:0:0:5', 8765, 0, 0): b' 207,5,1,512,0,21,3,1,6,1,1,-94,3,1002,12079,14,0,0 '
Received from ('fd00::200:0:0:1', 5678, 0, 0): b' 207,1,0,256,0,4,0,0,4,0,0,0,10,1350,16254,104,0,0 '
Received from ('fd00::200:0:0:2', 8765, 0, 0): b' 210,2,1,512,0,12,3,1,6,1,1,-88,1,893,12508,14,0,0 '
Received from ('fd00::200:0:0:d', 8765, 0, 0): b' 207,13,9,1024,0,5,1,3,3,1,1,-52,0,881,9128,4,0,0 '
Received from ('fd00::200:0:0:8', 8765, 0, 0): b' 208,8,5,768,0,17,2,1,7,1,1,-70,0,460,5816,11,0,0 '
Received from ('fd00::200:0:0:f', 8765, 0, 0): b' 210,15,10,1280,0,9,1,3,2,1,1,-70,0,673,10409,6,0,0 '
Received from ('fd00::200:0:0:6', 8765, 0, 0): b' 211,6,3,768,0,11,2,1,5,1,1,-70,2,1077,10811,11,0,0 '
Received from ('fd00::200:0:0:1', 5678, 0, 0): b' 213,1,0,256,0,4,0,0,4,0,0,0,10,914,11994,108,0,0 '
Received from ('fd00::200:0:0:d', 8765, 0, 0): b' 212,13,9,1024,10,5,1,3,3,1,1,-52,0,346,4334,4,0,0 '
Received from ('fd00::200:0:0:9', 8765, 0, 0): b' 213,9,5,768,0,10,2,3,5,1,2,-52,1,1228,16746,6,0,0 '
Received from ('fd00::200:0:0:a', 8765, 0, 0): b' 213,10,6,1024,10,12,1,2,4,1,1,-52,1,1420,17563,7,0,0 '
Received from ('fd00::200:0:0:7', 8765, 0, 0): b' 214,7,2,768,0,12,5,3,7,1,2,-70,0,853,13095,8,0,0 '
Received from ('fd00::200:0:0:8', 8765, 0, 0): b' 215,8,5,768,0,17,2,1,7,1,1,-70,0,440,8364,11,0,0 '
Received from ('fd00::200:0:0:6', 8765, 0, 0): b' 217,6,3,768,0,12,2,1,5,1,1,-70,2,560,6923,11,0,0 '
Received from ('fd00::200:0:0:2', 8765, 0, 0): b' 216,2,1,512,10,13,3,1,6,1,1,-88,1,742,10078,14,0,0 '
Received from ('fd00::200:0:0:4', 8765, 0, 0): b' 217,4,1,512,0,20,3,1,7,1,1,-66,0,525,12548,14,0,0 '
Received from ('fd00::200:0:0:5', 8765, 0, 0): b' 218,5,1,512,0,22,3,1,6,1,1,-94,3,2311,21544,14,0,0 '
Received from ('fd00::200:0:0:3', 8765, 0, 0): b' 218,3,1,512,0,16,3,1,7,1,1,-64,3,1862,21120,14,0,0 '
Received from ('fd00::200:0:0:d', 8765, 0, 0): b' 219,13,9,1024,0,6,1,3,4,1,1,-52,0,593,7181,4,0,0 '
Received from ('fd00::200:0:0:9', 8765, 0, 0): b' 221,9,5,768,0,12,2,3,6,1,2,-52,1,1146,10821,7,0,0 '
Received from ('fd00::200:0:0:1', 5678, 0, 0): b' 222,1,0,256,0,4,0,0,4,0,0,0,10,1505,20382,114,0,0 '
Received from ('fd00::200:0:0:f', 8765, 0, 0): b' 221,15,10,1280,0,11,1,3,3,1,1,-70,0,1158,12898,7,0,0 '
Received from ('fd00::200:0:0:a', 8765, 0, 0): b' 223,10,6,1024,0,13,1,2,4,1,1,-52,1,1147,14792,8,0,0 '
Received from ('fd00::200:0:0:7', 8765, 0, 0): b' 223,7,2,768,0,12,5,3,7,1,2,-70,0,394,10559,8,0,0 '
Received from ('fd00::200:0:0:8', 8765, 0, 0): b' 224,8,5,768,0,17,2,1,7,1,1,-70,0,502,10566,12,0,0 '
Received from ('fd00::200:0:0:2', 8765, 0, 0): b' 225,2,1,512,0,13,3,1,6,1,1,-88,1,1133,14318,15,0,0 '
Received from ('fd00::200:0:0:5', 8765, 0, 0): b' 226,5,1,512,0,23,3,1,6,1,1,-94,4,1781,16483,15,0,0 '
Received from ('fd00::200:0:0:11', 8765, 0, 0): b' 224,17,13,1280,30,1,2,4,3,1,1,-52,0,1635,10540,1,0,0 '
Received from ('fd00::200:0:0:1', 5678, 0, 0): b' 226,1,0,256,0,5,0,0,4,0,0,0,10,1042,9890,120,0,0 '
Received from ('fd00::200:0:0:4', 8765, 0, 0): b' 227,4,1,512,0,20,3,1,7,1,1,-66,0,494,12931,15,0,0 '
Received from ('fd00::200:0:0:3', 8765, 0, 0): b' 228,3,1,512,10,16,3,1,7,1,1,-64,3,1831,17397,15,0,0 '
Received from ('fd00::200:0:0:6', 8765, 0, 0): b' 228,6,3,768,0,13,2,1,5,1,1,-70,2,1451,18430,12,0,0 '
Received from ('fd00::200:0:0:f', 8765, 0, 0): b' 228,15,10,1280,0,12,1,3,3,1,1,-70,0,676,9003,7,0,0 '
Received from ('fd00::200:0:0:8', 8765, 0, 0): b' 230,8,5,768,0,17,2,1,7,1,1,-70,0,278,6789,12,0,0 '
Received from ('fd00::200:0:0:9', 8765, 0, 0): b' 231,9,5,768,0,13,2,3,6,1,2,-52,2,1101,15440,7,0,0 '
Received from ('fd00::200:0:0:2', 8765, 0, 0): b' 230,2,1,512,0,13,4,1,6,1,1,-88,1,439,8391,15,0,0 '
Received from ('fd00::200:0:0:5', 8765, 0, 0): b' 231,5,1,512,0,23,4,1,6,1,1,-94,4,982,11052,15,0,0 '
Received from ('fd00::200:0:0:d', 8765, 0, 0): b' 232,13,9,1024,0,8,1,3,4,1,1,-52,1,1651,13964,5,0,0 '
Received from ('fd00::200:0:0:a', 8765, 0, 0): b' 233,10,6,1024,0,13,1,2,4,1,1,-52,1,705,13479,8,0,0 '
Received from ('fd00::200:0:0:11', 8765, 0, 0): b' 234,17,13,1280,0,3,2,4,3,1,1,-52,0,1060,8825,1,0,0 '
Received from ('fd00::200:0:0:7', 8765, 0, 0): b' 234,7,2,768,0,12,5,3,7,1,2,-70,0,526,13042,9,0,0 '
Received from ('fd00::200:0:0:6', 8765, 0, 0): b' 234,6,3,768,10,13,2,1,5,1,1,-70,2,772,10057,12,0,0 '
Received from ('fd00::200:0:0:1', 5678, 0, 0): b' 235,1,0,256,0,5,0,0,4,0,0,0,10,1430,18697,123,0,0 '
Received from ('fd00::200:0:0:f', 8765, 0, 0): b' 234,15,10,1280,0,12,1,3,3,1,1,-70,0,372,6711,7,0,0 '
Received from ('fd00::200:0:0:4', 8765, 0, 0): b' 237,4,1,512,0,20,4,1,7,1,1,-66,0,644,12266,16,0,0 '
Received from ('fd00::200:0:0:3', 8765, 0, 0): b' 238,3,1,512,10,16,4,1,7,1,1,-64,3,2061,17902,16,0,0 '
Received from ('fd00::200:0:0:a', 8765, 0, 0): b' 238,10,6,1024,0,13,1,2,4,1,1,-52,1,628,8261,9,0,0 '
Received from ('fd00::200:0:0:5', 8765, 0, 0): b' 239,5,1,512,0,23,4,1,6,1,1,-94,4,1294,14562,16,0,0 '
Received from ('fd00::200:0:0:8', 8765, 0, 0): b' 240,8,5,768,0,18,2,1,7,1,1,-70,0,633,13343,13,0,0 '
Received from ('fd00::200:0:0:d', 8765, 0, 0): b' 240,13,9,1024,0,9,1,3,4,1,1,-52,1,1051,11567,6,0,0 '
Received from ('fd00::200:0:0:9', 8765, 0, 0): b' 241,9,5,768,0,13,2,3,6,1,2,-52,2,1358,16739,8,0,0 '
Received from ('fd00::200:0:0:2', 8765, 0, 0): b' 242,2,1,512,0,13,4,1,6,1,1,-88,1,973,17226,16,0,0 '
Received from ('fd00::200:0:0:4', 8765, 0, 0): b' 242,4,1,512,0,21,4,1,7,1,1,-66,0,351,6192,16,0,0 '
Received from ('fd00::200:0:0:3', 8765, 0, 0): b' 242,3,1,512,0,16,4,1,7,1,1,-64,3,423,6765,16,0,0 '
Received from ('fd00::200:0:0:6', 8765, 0, 0): b' 242,6,3,768,0,13,2,1,5,1,1,-70,2,1118,13070,13,0,0 '
Received from ('fd00::200:0:0:7', 8765, 0, 0): b' 242,7,2,768,0,12,5,3,7,1,2,-70,0,478,10448,10,0,0 '
Received from ('fd00::200:0:0:f', 8765, 0, 0): b' 243,15,10,1280,0,13,1,3,3,1,1,-70,0,581,9936,8,0,0 '
Received from ('fd00::200:0:0:a', 8765, 0, 0): b' 244,10,6,1024,0,13,1,2,4,1,1,-52,1,736,10436,9,0,0 '
Received from ('fd00::200:0:0:d', 8765, 0, 0): b' 245,13,9,1024,0,9,1,3,4,1,1,-52,1,307,5582,6,0,0 '
Received from ('fd00::200:0:0:1', 5678, 0, 0): b' 246,1,0,256,0,5,0,0,4,0,0,0,10,1910,23298,132,0,0 '
Received from ('fd00::200:0:0:5', 8765, 0, 0): b' 245,5,1,512,0,23,4,1,6,1,1,-94,4,1267,14999,16,0,0 '
Received from ('fd00::200:0:0:11', 8765, 0, 0): b' 245,17,13,1280,0,3,2,4,3,1,1,-52,0,901,10855,2,0,0 '
Received from ('fd00::200:0:0:3', 8765, 0, 0): b' 250,3,1,512,0,16,4,1,7,1,1,-64,3,1019,13225,16,0,0 '
Received from ('fd00::200:0:0:8', 8765, 0, 0): b' 249,8,5,768,0,18,2,1,7,1,1,-70,0,419,11724,13,0,0 '
Received from ('fd00::200:0:0:4', 8765, 0, 0): b' 251,4,1,512,0,21,4,1,7,1,1,-66,0,396,10802,17,0,0 '
Received from ('fd00::200:0:0:6', 8765, 0, 0): b' 251,6,3,768,10,13,2,1,5,1,1,-70,2,1026,13531,13,0,0 '
Received from ('fd00::200:0:0:2', 8765, 0, 0): b' 250,2,1,512,0,13,4,1,6,1,1,-88,1,577,13556,16,0,0 '
Received from ('fd00::200:0:0:f', 8765, 0, 0): b' 250,15,10,1280,0,13,1,3,3,1,1,-70,0,396,8879,8,0,0 '
Received from ('fd00::200:0:0:7', 8765, 0, 0): b' 253,7,2,768,0,12,5,3,7,1,2,-70,0,516,12099,10,0,0 '
Received from ('fd00::200:0:0:a', 8765, 0, 0): b' 252,10,6,1024,0,14,1,2,4,1,1,-52,1,930,12256,10,0,0 '
Received from ('fd00::200:0:0:9', 8765, 0, 0): b' 252,9,5,768,0,14,2,3,6,1,2,-52,2,1179,17517,9,0,0 '
Received from ('fd00::200:0:0:1', 5678, 0, 0): b' 254,1,0,256,0,5,0,0,4,0,0,0,10,1591,18112,142,0,0 '
Received from ('fd00::200:0:0:d', 8765, 0, 0): b' 254,13,9,1024,0,9,1,3,4,1,1,-52,1,948,12174,7,0,0 '
Received from ('fd00::200:0:0:8', 8765, 0, 0): b' 256,8,5,768,0,18,2,1,7,1,1,-70,0,483,7644,14,0,0 '
Received from ('fd00::200:0:0:3', 8765, 0, 0): b' 257,3,1,512,0,16,4,1,7,1,1,-64,3,1244,11669,17,0,0 '
Received from ('fd00::200:0:0:5', 8765, 0, 0): b' 257,5,1,512,0,23,4,1,6,1,1,-94,4,2143,22104,17,0,0 '
Received from ('fd00::200:0:0:2', 8765, 0, 0): b' 258,2,1,512,0,13,4,1,6,1,1,-88,1,774,10403,17,0,0 '
Received from ('fd00::200:0:0:11', 8765, 0, 0): b' 258,17,13,1280,0,4,2,4,3,1,1,-52,0,962,11012,3,0,0 '
Received from ('fd00::200:0:0:7', 8765, 0, 0): b' 258,7,2,768,0,12,5,3,7,1,2,-70,0,358,6537,11,0,0 '
Received from ('fd00::200:0:0:9', 8765, 0, 0): b' 258,9,5,768,0,15,2,3,6,1,2,-52,2,1109,10489,9,0,0 '
Received from ('fd00::200:0:0:6', 8765, 0, 0): b' 260,6,3,768,0,13,2,1,5,1,1,-70,2,1041,13659,14,0,0 '
Received from ('fd00::200:0:0:a', 8765, 0, 0): b' 260,10,6,1024,0,14,1,2,4,1,1,-52,1,554,12224,10,0,0 '
Received from ('fd00::200:0:0:f', 8765, 0, 0): b' 261,15,10,1280,10,13,1,3,3,1,1,-70,0,642,13113,9,0,0 '
Received from ('fd00::200:0:0:4', 8765, 0, 0): b' 263,4,1,512,0,21,4,1,7,1,1,-66,0,615,13794,18,0,0 '
Received from ('fd00::200:0:0:d', 8765, 0, 0): b' 262,13,9,1024,0,9,1,3,4,1,1,-52,1,651,10043,7,0,0 '
Received from ('fd00::200:0:0:1', 5678, 0, 0): b' 263,1,0,256,0,5,0,0,4,0,0,0,10,1355,20279,146,0,0 '
Received from ('fd00::200:0:0:3', 8765, 0, 0): b' 265,3,1,512,0,16,4,1,7,1,1,-64,3,915,11403,17,0,0 '
Received from ('fd00::200:0:0:11', 8765, 0, 0): b' 265,17,13,1280,0,5,2,4,3,1,1,-52,0,600,6184,3,0,0 '
Received from ('fd00::200:0:0:2', 8765, 0, 0): b' 265,2,1,512,0,13,4,1,6,1,1,-88,1,621,10191,17,0,0 '
Received from ('fd00::200:0:0:8', 8765, 0, 0): b' 267,8,5,768,0,18,2,1,7,1,1,-70,0,502,11473,15,0,0 '
Received from ('fd00::200:0:0:7', 8765, 0, 0): b' 267,7,2,768,0,12,5,3,7,1,2,-70,0,394,10708,11,0,0 '
Received from ('fd00::200:0:0:6', 8765, 0, 0): b' 268,6,3,768,0,13,2,1,5,1,1,-70,2,1179,13493,15,0,0 '
Received from ('fd00::200:0:0:5', 8765, 0, 0): b' 268,5,1,512,0,23,4,1,6,1,1,-94,4,2017,22062,18,0,0 '
Received from ('fd00::200:0:0:9', 8765, 0, 0): b' 269,9,5,768,10,15,2,3,6,1,2,-52,2,998,14688,10,0,0 '
Received from ('fd00::200:0:0:3', 8765, 0, 0): b' 270,3,1,512,10,16,4,1,7,1,1,-64,3,1159,10740,18,0,0 '
Received from ('fd00::200:0:0:2', 8765, 0, 0): b' 269,2,1,512,0,13,4,1,6,1,1,-88,1,746,9419,18,0,0 '
Received from ('fd00::200:0:0:f', 8765, 0, 0): b' 269,15,10,1280,0,14,1,3,3,1,1,-70,0,583,9273,10,0,0 '
Received from ('fd00::200:0:0:d', 8765, 0, 0): b' 270,13,9,1024,0,9,1,3,4,1,1,-52,1,799,9970,8,0,0 '
Received from ('fd00::200:0:0:1', 5678, 0, 0): b' 272,1,0,256,0,5,0,0,4,0,0,0,10,1783,19374,156,0,0 '
Received from ('fd00::200:0:0:a', 8765, 0, 0): b' 272,10,6,1024,0,16,1,3,4,1,1,-52,1,1607,18859,11,0,0 '
Received from ('fd00::200:0:0:4', 8765, 0, 0): b' 273,4,1,512,0,21,4,1,7,1,1,-66,0,489,12997,18,0,0 '
Received from ('fd00::200:0:0:6', 8765, 0, 0): b' 273,6,3,768,0,13,2,1,5,1,1,-70,2,650,9002,15,0,0 '
Received from ('fd00::200:0:0:9', 8765, 0, 0): b' 273,9,5,768,0,15,2,3,6,1,2,-52,2,566,8570,10,0,0 '
Received from ('fd00::200:0:0:11', 8765, 0, 0): b' 274,17,13,1280,0,6,2,4,3,1,1,-52,0,770,9238,4,0,0 '
Received from ('fd00::200:0:0:5', 8765, 0, 0): b' 276,5,1,512,0,24,4,1,6,1,1,-94,4,1540,16079,18,0,0 '
Received from ('fd00::200:0:0:7', 8765, 0, 0): b' 276,7,2,768,0,13,5,3,7,1,2,-70,0,604,11458,12,0,0 '
Received from ('fd00::200:0:0:3', 8765, 0, 0): b' 276,3,1,512,0,16,4,1,7,1,1,-64,3,950,10911,18,0,0 '
Received from ('fd00::200:0:0:2', 8765, 0, 0): b' 278,2,1,512,0,14,4,1,6,1,1,-88,1,629,10788,18,0,0 '
Received from ('fd00::200:0:0:8', 8765, 0, 0): b' 277,8,5,768,0,19,2,1,7,1,1,-70,0,550,14055,15,0,0 '
Received from ('fd00::200:0:0:a', 8765, 0, 0): b' 277,10,6,1024,0,16,1,3,5,1,1,-52,2,497,8894,11,0,0 '
Received from ('fd00::200:0:0:9', 8765, 0, 0): b' 279,9,5,768,0,16,2,3,6,1,2,-52,2,782,8685,11,0,0 '
Received from ('fd00::200:0:0:4', 8765, 0, 0): b' 280,4,1,512,0,21,4,1,7,1,1,-66,0,373,9034,19,0,0 '
Received from ('fd00::200:0:0:d', 8765, 0, 0): b' 280,13,9,1024,0,10,1,3,4,1,1,-52,1,899,11165,8,0,0 '
Received from ('fd00::200:0:0:1', 5678, 0, 0): b' 281,1,0,256,0,5,0,0,4,0,0,0,10,1556,19916,162,0,0 '
Received from ('fd00::200:0:0:f', 8765, 0, 0): b' 279,15,10,1280,0,15,1,3,4,1,1,-70,1,864,13644,11,0,0 '
Received from ('fd00::200:0:0:3', 8765, 0, 0): b' 284,3,1,512,0,16,4,1,7,1,1,-64,4,1381,13579,19,0,0 '
Received from ('fd00::200:0:0:6', 8765, 0, 0): b' 284,6,3,768,10,15,2,1,5,1,1,-70,3,1659,18499,16,0,0 '
Received from ('fd00::200:0:0:11', 8765, 0, 0): b' 284,17,13,1280,0,6,2,4,3,1,1,-52,0,669,9955,5,0,0 '
Received from ('fd00::200:0:0:7', 8765, 0, 0): b' 285,7,2,768,10,14,6,3,7,1,2,-70,0,576,10718,13,0,0 '
Received from ('fd00::200:0:0:1', 5678, 0, 0): b' 286,1,0,256,0,5,0,0,4,0,0,0,10,872,10618,168,0,0 '
Received from ('fd00::200:0:0:a', 8765, 0, 0): b' 283,10,6,1024,0,17,1,3,5,1,1,-52,2,971,9938,12,0,0 '
Received from ('fd00::200:0:0:5', 8765, 0, 0): b' 286,5,1,512,0,24,4,1,6,1,1,-94,4,1885,20342,19,0,0 '
Received from ('fd00::200:0:0:f', 8765, 0, 0): b' 284,15,10,1280,10,17,1,3,4,1,1,-70,1,935,6501,11,0,0 '
Received from ('fd00::200:0:0:8', 8765, 0, 0): b' 286,8,5,768,0,19,2,1,7,1,1,-70,0,479,10275,16,0,0 '
Received from ('fd00::200:0:0:d', 8765, 0, 0): b' 286,13,9,1024,0,10,1,3,4,1,1,-52,1,749,8504,9,0,0 '
Received from ('fd00::200:0:0:2', 8765, 0, 0): b' 287,2,1,512,0,15,4,1,6,1,1,-88,1,1158,15145,19,0,0 '
Received from ('fd00::200:0:0:7', 8765, 0, 0): b' 290,7,2,768,0,15,6,3,7,1,2,-70,0,573,7306,13,0,0 '
Received from ('fd00::200:0:0:9', 8765, 0, 0): b' 291,9,5,768,0,16,2,3,6,1,2,-52,2,1227,18209,11,0,0 '
Received from ('fd00::200:0:0:1', 5678, 0, 0): b' 292,1,0,256,0,5,0,0,4,0,0,0,10,694,12047,168,0,0 '
Received from ('fd00::200:0:0:f', 8765, 0, 0): b' 290,15,10,1280,0,17,1,3,5,1,1,-70,1,650,7837,11,0,0 '
Received from ('fd00::200:0:0:4', 8765, 0, 0): b' 292,4,1,512,0,21,4,1,7,1,1,-66,0,465,13455,20,0,0 '
Received from ('fd00::200:0:0:6', 8765, 0, 0): b' 291,6,3,768,10,15,2,1,5,1,1,-70,4,931,11954,16,0,0 '
Received from ('fd00::200:0:0:a', 8765, 0, 0): b' 290,10,6,1024,20,18,1,3,5,1,1,-52,3,779,11265,12,0,0 '
Received from ('fd00::200:0:0:d', 8765, 0, 0): b' 292,13,9,1024,0,10,1,3,4,1,1,-52,1,358,6923,9,0,0 '
Received from ('fd00::200:0:0:3', 8765, 0, 0): b' 293,3,1,512,0,16,4,1,7,1,1,-64,5,1729,16650,19,0,0 '
Received from ('fd00::200:0:0:8', 8765, 0, 0): b' 293,8,5,768,0,19,2,1,7,1,1,-70,0,368,9031,16,0,0 '
Received from ('fd00::200:0:0:14', 8765, 0, 0): b' 286,20,15,1664,50,1,2,5,2,0,1,-70,0,1555,9233,0,0,0 '
Received from ('fd00::200:0:0:14', 8765, 0, 0): b' 291,20,15,1664,60,2,2,5,2,0,1,-70,0,1016,4582,0,0,0 '
Received from ('fd00::200:0:0:5', 8765, 0, 0): b' 295,5,1,512,0,24,4,1,6,1,1,-94,4,1485,16755,20,0,0 '
Received from ('fd00::200:0:0:11', 8765, 0, 0): b' 295,17,13,1280,0,7,2,4,4,1,1,-52,0,623,10333,5,0,0 '
Received from ('fd00::200:0:0:2', 8765, 0, 0): b' 296,2,1,512,20,16,4,1,6,1,1,-88,1,862,14451,20,0,0 '
Received from ('fd00::200:0:0:4', 8765, 0, 0): b' 296,4,1,512,0,22,4,1,7,1,1,-66,0,409,5894,20,0,0 '
Received from ('fd00::200:0:0:7', 8765, 0, 0): b' 295,7,2,768,10,15,6,3,7,1,2,-70,0,249,6230,13,0,0 '
Received from ('fd00::200:0:0:9', 8765, 0, 0): b' 298,9,5,768,0,16,2,3,6,1,2,-52,2,920,11182,12,0,0 '
Received from ('fd00::200:0:0:3', 8765, 0, 0): b' 298,3,1,512,10,16,4,1,7,1,1,-64,5,1173,9410,20,0,0 '
Received from ('fd00::200:0:0:d', 8765, 0, 0): b' 299,13,9,1024,0,11,1,3,4,1,1,-52,1,855,8346,10,0,0 '
Received from ('fd00::200:0:0:1', 5678, 0, 0): b' 299,1,0,256,0,5,0,0,4,0,0,0,10,1786,18530,179,0,0 '
Received from ('fd00::200:0:0:14', 8765, 0, 0): b' 296,20,15,1536,0,3,2,5,2,1,1,-70,0,1102,7070,0,0,0 '
Received from ('fd00::200:0:0:2', 8765, 0, 0): b' 302,2,1,512,0,17,4,1,6,1,1,-88,1,745,8098,20,0,0 '
Received from ('fd00::200:0:0:4', 8765, 0, 0): b' 302,4,1,512,0,22,4,1,7,1,1,-66,0,249,6292,20,0,0 '
Received from ('fd00::200:0:0:a', 8765, 0, 0): b' 300,10,6,1024,10,18,1,3,5,1,1,-52,3,1432,16171,13,0,0 '
Received from ('fd00::200:0:0:5', 8765, 0, 0): b' 303,5,1,512,0,24,4,1,6,1,1,-94,4,1419,15848,20,0,0 '
Received from ('fd00::200:0:0:6', 8765, 0, 0): b' 302,6,3,768,0,17,2,1,5,1,1,-70,4,2060,18982,17,0,0 '
Received from ('fd00::200:0:0:9', 8765, 0, 0): b' 303,9,5,768,0,16,2,3,6,1,2,-52,2,595,8175,12,0,0 '
Received from ('fd00::200:0:0:f', 8765, 0, 0): b' 302,15,10,1280,0,19,1,3,5,1,1,-70,2,2006,18847,12,0,0 '
Received from ('fd00::200:0:0:7', 8765, 0, 0): b' 303,7,2,768,10,16,6,3,7,1,2,-70,0,580,9748,14,0,0 '
Received from ('fd00::200:0:0:11', 8765, 0, 0): b' 303,17,13,1280,0,7,2,4,4,1,1,-52,0,550,7510,6,0,0 '
Received from ('fd00::200:0:0:3', 8765, 0, 0): b' 305,3,1,512,0,16,4,1,7,1,1,-64,5,1126,11162,20,0,0 '
Received from ('fd00::200:0:0:8', 8765, 0, 0): b' 305,8,5,768,0,19,2,1,7,1,1,-70,0,526,14064,17,0,0 '
Received from ('fd00::200:0:0:d', 8765, 0, 0): b' 306,13,9,1024,0,11,1,3,4,1,1,-52,1,554,9158,10,0,0 '
Received from ('fd00::200:0:0:11', 8765, 0, 0): b' 307,17,13,1280,0,7,2,4,4,1,1,-52,0,250,3904,6,0,0 '
Received from ('fd00::200:0:0:1', 5678, 0, 0): b' 308,1,0,256,0,5,0,0,4,0,0,0,10,1433,19127,183,0,0 '
Received from ('fd00::200:0:0:14', 8765, 0, 0): b' 306,20,15,1536,0,4,2,5,2,1,1,-70,0,1240,9685,1,0,0 '
Received from ('fd00::200:0:0:2', 8765, 0, 0): b' 309,2,1,512,0,17,4,1,6,1,1,-88,1,649,11263,20,0,0 '
Received from ('fd00::200:0:0:4', 8765, 0, 0): b' 310,4,1,512,0,22,4,1,7,1,1,-66,0,372,9907,21,0,0 '
Received from ('fd00::200:0:0:a', 8765, 0, 0): b' 309,10,6,1024,0,18,1,3,5,1,1,-52,3,1031,13484,14,0,0 '
Received from ('fd00::200:0:0:7', 8765, 0, 0): b' 311,7,2,768,10,16,6,3,7,1,2,-70,0,298,9148,14,0,0 '
Received from ('fd00::200:0:0:9', 8765, 0, 0): b' 312,9,5,768,10,16,2,3,6,1,2,-52,2,1020,13636,13,0,0 '
Received from ('fd00::200:0:0:8', 8765, 0, 0): b' 314,8,5,768,0,19,2,1,7,1,1,-70,0,480,10101,18,0,0 '
Received from ('fd00::200:0:0:5', 8765, 0, 0): b' 314,5,1,512,0,24,4,1,6,1,1,-94,4,2314,22641,21,0,0 '
Received from ('fd00::200:0:0:1', 5678, 0, 0): b' 315,1,0,256,0,5,0,0,4,0,0,0,10,1346,14706,192,0,0 '
Received from ('fd00::200:0:0:6', 8765, 0, 0): b' 313,6,3,768,10,17,2,1,5,1,1,-70,4,1598,17886,18,0,0 '
Received from ('fd00::200:0:0:f', 8765, 0, 0): b' 313,15,10,1280,10,20,1,3,6,1,1,-70,2,1318,17925,13,0,0 '
Received from ('fd00::200:0:0:d', 8765, 0, 0): b' 315,13,9,1024,0,11,1,3,4,1,1,-52,1,800,10827,11,0,0 '
Received from ('fd00::200:0:0:13', 8765, 0, 0): b' 303,19,18,1920,10,0,0,6,1,0,1,-52,0,346,143758,0,0,0 '
Received from ('fd00::200:0:0:13', 8765, 0, 0): b' 312,19,15,1664,80,2,3,6,3,0,2,-52,0,1237,8048,0,0,0 '
Received from ('fd00::200:0:0:9', 8765, 0, 0): b' 317,9,5,768,0,16,2,3,6,1,2,-52,2,691,8129,13,0,0 '
Received from ('fd00::200:0:0:3', 8765, 0, 0): b' 318,3,1,512,10,17,4,1,7,1,1,-64,6,2363,20838,21,0,0 '
Received from ('fd00::200:0:0:4', 8765, 0, 0): b' 317,4,1,512,0,22,4,1,7,1,1,-66,0,394,8919,21,0,0 '
Received from ('fd00::200:0:0:11', 8765, 0, 0): b' 317,17,13,1280,10,7,2,4,4,1,1,-52,0,572,9269,7,0,0 '
Received from ('fd00::200:0:0:14', 8765, 0, 0): b' 316,20,15,1536,0,5,2,5,3,1,1,-70,0,885,9883,2,0,0 '
Received from ('fd00::200:0:0:6', 8765, 0, 0): b' 318,6,3,768,10,17,2,1,5,1,1,-70,5,1087,8159,18,0,0 '
Received from ('fd00::200:0:0:2', 8765, 0, 0): b' 320,2,1,512,0,17,4,1,6,1,1,-88,1,975,16029,21,0,0 '
Received from ('fd00::200:0:0:8', 8765, 0, 0): b' 321,8,5,768,10,19,2,1,7,1,1,-70,0,250,6790,18,0,0 '
Received from ('fd00::200:0:0:7', 8765, 0, 0): b' 319,7,2,768,0,17,6,3,7,1,2,-70,0,610,10258,15,0,0 '
Received from ('fd00::200:0:0:5', 8765, 0, 0): b' 321,5,1,512,0,24,4,1,6,1,1,-94,4,1074,11346,21,0,0 '
Received from ('fd00::200:0:0:a', 8765, 0, 0): b' 319,10,6,1024,0,19,1,3,5,1,1,-52,4,1652,16835,14,0,0 '
Received from ('fd00::200:0:0:13', 8765, 0, 0): b' 318,19,15,1536,0,3,3,6,3,1,2,-52,0,1367,8025,1,0,0 '
Received from ('fd00::200:0:0:d', 8765, 0, 0): b' 320,13,9,1024,0,12,1,3,4,1,1,-52,1,702,6816,11,0,0 '
Received from ('fd00::200:0:0:1', 5678, 0, 0): b' 322,1,0,256,0,5,0,0,4,0,0,0,10,1325,15890,196,0,0 '
Received from ('fd00::200:0:0:9', 8765, 0, 0): b' 324,9,5,768,0,16,2,3,6,1,2,-52,2,730,10059,14,0,0 '
Received from ('fd00::200:0:0:3', 8765, 0, 0): b' 325,3,1,512,0,17,4,1,7,1,1,-64,6,1350,13168,21,0,0 '
Received from ('fd00::200:0:0:14', 8765, 0, 0): b' 323,20,15,1536,0,5,2,5,3,1,1,-70,0,573,6931,2,0,0 '
Received from ('fd00::200:0:0:a', 8765, 0, 0): b' 325,10,6,1024,0,19,1,3,5,1,1,-52,4,912,10241,15,0,0 '
Received from ('fd00::200:0:0:8', 8765, 0, 0): b' 328,8,5,768,0,19,2,1,7,1,1,-70,0,298,8418,18,0,0 '
Received from ('fd00::200:0:0:f', 8765, 0, 0): b' 325,15,10,1280,0,22,1,3,6,1,1,-70,3,2809,23762,14,0,0 '
Received from ('fd00::200:0:0:d', 8765, 0, 0): b' 326,13,9,1024,10,12,1,3,4,1,1,-52,1,335,6205,11,0,0 '
Received from ('fd00::200:0:0:7', 8765, 0, 0): b' 326,7,2,768,0,18,6,3,7,1,2,-70,0,375,8331,15,0,0 '
Received from ('fd00::200:0:0:6', 8765, 0, 0): b' 327,6,3,768,0,17,2,1,5,1,1,-70,5,1734,15624,19,0,0 '
Received from ('fd00::200:0:0:11', 8765, 0, 0): b' 327,17,13,1280,0,7,2,4,4,1,1,-52,0,541,9801,7,0,0 '
Received from ('fd00::200:0:0:4', 8765, 0, 0): b' 328,4,1,512,10,22,4,1,7,1,1,-66,0,493,12789,22,0,0 '
Received from ('fd00::200:0:0:1', 5678, 0, 0): b' 331,1,0,256,0,5,0,0,4,0,0,0,10,1721,19557,208,0,0 '
Received from ('fd00::200:0:0:13', 8765, 0, 0): b' 327,19,15,1536,10,4,3,6,3,1,2,-52,0,691,8250,1,0,0 '
Received from ('fd00::200:0:0:2', 8765, 0, 0): b' 331,2,1,512,0,17,4,1,6,1,1,-88,1,1113,17797,22,0,0 '
Received from ('fd00::200:0:0:14', 8765, 0, 0): b' 329,20,15,1536,0,6,2,5,3,1,1,-70,0,1019,7098,3,0,0 '
Received from ('fd00::200:0:0:5', 8765, 0, 0): b' 331,5,1,512,10,24,4,1,6,1,1,-94,4,2167,23166,22,0,0 '
Received from ('fd00::200:0:0:8', 8765, 0, 0): b' 333,8,5,768,0,19,2,1,7,1,1,-70,0,357,6273,19,0,0 '
Received from ('fd00::200:0:0:9', 8765, 0, 0): b' 333,9,5,768,0,17,2,3,6,1,2,-52,2,1182,14450,14,0,0 '
Received from ('fd00::200:0:0:a', 8765, 0, 0): b' 332,10,6,1024,0,19,1,3,5,1,1,-52,4,1051,11168,15,0,0 '
Received from ('fd00::200:0:0:6', 8765, 0, 0): b' 333,6,3,768,0,18,2,1,5,1,1,-70,5,1080,9656,19,0,0 '
Received from ('fd00::200:0:0:4', 8765, 0, 0): b' 334,4,1,512,0,24,4,1,7,1,1,-66,0,590,7170,22,0,0 '
Received from ('fd00::200:0:0:f', 8765, 0, 0): b' 333,15,10,1280,0,22,1,3,6,1,1,-70,3,1280,15016,14,0,0 '
Received from ('fd00::200:0:0:7', 8765, 0, 0): b' 334,7,2,768,0,18,6,3,7,1,2,-70,0,478,9854,16,0,0 '
Received from ('fd00::200:0:0:12', 8765, 0, 0): b' 290,18,15,1664,70,3,2,5,3,0,1,-70,0,714,7803,2,0,0 '
Received from ('fd00::200:0:0:14', 8765, 0, 0): b' 334,20,15,1536,0,6,2,5,3,1,1,-70,0,299,4391,3,0,0 '
Received from ('fd00::200:0:0:3', 8765, 0, 0): b' 336,3,1,512,10,17,4,1,7,1,1,-64,6,2936,22695,22,0,0 '
Received from ('fd00::200:0:0:d', 8765, 0, 0): b' 337,13,9,1024,0,12,1,3,4,1,1,-52,1,877,12964,12,0,0 '
Received from ('fd00::200:0:0:12', 8765, 0, 0): b' 300,18,15,1664,90,4,2,5,3,0,1,-70,0,730,9018,3,0,0 '
Received from ('fd00::200:0:0:12', 8765, 0, 0): b' 307,18,15,1664,80,5,2,5,3,0,1,-70,0,536,6441,3,0,0 '
Received from ('fd00::200:0:0:13', 8765, 0, 0): b' 334,19,15,1536,0,4,3,6,3,1,2,-52,0,549,6185,2,0,0 '
Received from ('fd00::200:0:0:12', 8765, 0, 0): b' 319,18,15,1664,80,8,2,5,4,0,1,-70,0,1076,10708,4,0,0 '
Received from ('fd00::200:0:0:12', 8765, 0, 0): b' 327,18,15,1664,90,8,2,5,4,0,1,-70,0,266,6689,4,0,0 '
Received from ('fd00::200:0:0:1', 5678, 0, 0): b' 339,1,0,256,0,5,0,0,4,0,0,0,10,1570,19574,215,0,0 '
Received from ('fd00::200:0:0:12', 8765, 0, 0): b' 333,18,15,1664,80,8,2,5,4,1,1,-70,0,563,6333,5,0,0 '
Received from ('fd00::200:0:0:7', 8765, 0, 0): b' 340,7,2,768,0,18,6,3,7,1,2,-70,0,385,6754,16,0,0 '
Received from ('fd00::200:0:0:11', 8765, 0, 0): b' 340,17,13,1280,10,9,2,4,4,1,1,-52,0,994,11157,8,0,0 '
Received from ('fd00::200:0:0:a', 8765, 0, 0): b' 338,10,6,1024,10,19,1,3,5,1,1,-52,4,2118,13394,16,0,0 '
Received from ('fd00::200:0:0:8', 8765, 0, 0): b' 341,8,5,768,0,20,2,1,7,1,1,-70,0,432,10978,19,0,0 '
Received from ('fd00::200:0:0:2', 8765, 0, 0): b' 341,2,1,512,10,18,4,1,6,1,1,-88,1,899,14799,23,0,0 '
Received from ('fd00::200:0:0:4', 8765, 0, 0): b' 341,4,1,512,0,24,4,1,7,1,1,-66,0,693,8844,23,0,0 '
Received from ('fd00::200:0:0:12', 8765, 0, 0): b' 338,18,15,1536,0,9,2,5,4,1,1,-70,0,1052,6108,5,0,0 '
Received from ('fd00::200:0:0:f', 8765, 0, 0): b' 339,15,10,1280,0,22,1,3,6,1,1,-70,3,2220,16699,15,0,0 '
Received from ('fd00::200:0:0:9', 8765, 0, 0): b' 341,9,5,768,0,18,2,3,6,1,2,-52,2,966,13452,15,0,0 '
Received from ('fd00::200:0:0:6', 8765, 0, 0): b' 341,6,3,768,0,18,2,1,5,1,1,-70,5,2945,18288,20,0,0 '
Received from ('fd00::200:0:0:5', 8765, 0, 0): b' 344,5,1,512,20,25,4,1,6,1,1,-94,4,2841,24554,23,0,0 '
Received from ('fd00::200:0:0:14', 8765, 0, 0): b' 341,20,15,1536,10,7,2,5,4,1,1,-70,1,777,7687,3,0,0 '
Received from ('fd00::200:0:0:d', 8765, 0, 0): b' 343,13,9,1024,0,13,1,3,5,1,1,-52,1,662,7662,13,0,0 '
Received from ('fd00::200:0:0:3', 8765, 0, 0): b' 345,3,1,512,10,18,4,1,7,1,1,-64,7,2943,17496,23,0,0 '
Received from ('fd00::200:0:0:13', 8765, 0, 0): b' 343,19,15,1536,0,6,3,6,4,1,2,-52,0,816,8339,2,0,0 '
Received from ('fd00::200:0:0:a', 8765, 0, 0): b' 344,10,6,1024,20,20,1,3,5,1,1,-52,5,1440,10922,16,0,0 '
Received from ('fd00::200:0:0:7', 8765, 0, 0): b' 348,7,2,768,0,18,6,3,7,1,2,-70,0,381,9526,17,0,0 '
Received from ('fd00::200:0:0:8', 8765, 0, 0): b' 348,8,5,768,0,20,2,1,7,1,1,-70,0,479,9288,20,0,0 '
Received from ('fd00::200:0:0:1', 5678, 0, 0): b' 349,1,0,256,0,5,0,0,4,0,0,0,10,2052,21461,227,0,0 '
Received from ('fd00::200:0:0:5', 8765, 0, 0): b' 348,5,1,512,0,25,4,1,6,1,1,-94,4,787,9269,23,0,0 '
Received from ('fd00::200:0:0:15', 8765, 0, 0): b' 346,21,20,1920,30,1,1,7,2,0,1,-52,0,1056,8689,1,0,0 '
Received from ('fd00::200:0:0:9', 8765, 0, 0): b' 348,9,5,768,0,18,2,3,6,1,2,-52,2,788,12138,15,0,0 '
Received from ('fd00::200:0:0:4', 8765, 0, 0): b' 349,4,1,512,0,24,4,1,7,1,1,-66,0,297,9939,23,0,0 '
Received from ('fd00::200:0:0:12', 8765, 0, 0): b' 347,18,15,1536,10,10,2,5,4,1,1,-70,0,650,7861,6,0,0 '
Received from ('fd00::200:0:0:2', 8765, 0, 0): b' 350,2,1,512,0,18,4,1,6,1,1,-88,1,901,13450,23,0,0 '
Received from ('fd00::200:0:0:11', 8765, 0, 0): b' 350,17,13,1280,0,10,2,4,5,1,1,-52,0,602,10266,9,0,0 '
Received from ('fd00::200:0:0:f', 8765, 0, 0): b' 349,15,10,1280,0,22,1,3,6,1,1,-70,4,1900,20797,15,0,0 '
Received from ('fd00::200:0:0:d', 8765, 0, 0): b' 350,13,9,1024,0,14,1,3,5,1,1,-52,1,919,10834,13,0,0 '
Received from ('fd00::200:0:0:6', 8765, 0, 0): b' 350,6,3,768,0,18,2,1,5,1,1,-70,6,1815,15535,20,0,0 '
Received from ('fd00::200:0:0:14', 8765, 0, 0): b' 351,20,15,1536,0,8,2,5,4,1,1,-70,1,1793,13864,4,0,0 '
Received from ('fd00::200:0:0:13', 8765, 0, 0): b' 351,19,15,1536,0,6,3,6,4,1,2,-52,0,691,8125,3,0,0 '
Received from ('fd00::200:0:0:2', 8765, 0, 0): b' 355,2,1,512,0,18,4,1,6,1,1,-88,1,330,7387,23,0,0 '
Received from ('fd00::200:0:0:3', 8765, 0, 0): b' 355,3,1,512,0,18,4,1,7,1,1,-64,7,2492,19092,23,0,0 '
Received from ('fd00::200:0:0:1', 5678, 0, 0): b' 355,1,0,256,0,5,0,0,4,0,0,0,10,1299,15396,234,0,0 '
Received from ('fd00::200:0:0:7', 8765, 0, 0): b' 355,7,2,768,10,18,6,3,7,1,2,-70,0,273,8743,17,0,0 '
Received from ('fd00::200:0:0:6', 8765, 0, 0): b' 355,6,3,768,0,18,2,1,5,1,1,-70,6,988,8706,20,0,0 '
Received from ('fd00::200:0:0:8', 8765, 0, 0): b' 355,8,5,768,0,20,2,1,7,1,1,-70,0,273,7822,20,0,0 '
Received from ('fd00::200:0:0:4', 8765, 0, 0): b' 357,4,1,512,0,24,4,1,7,1,1,-66,0,469,9936,24,0,0 '
Received from ('fd00::200:0:0:a', 8765, 0, 0): b' 357,10,6,1024,0,20,1,3,5,1,1,-52,5,2272,20301,17,0,0 '
Received from ('fd00::200:0:0:9', 8765, 0, 0): b' 356,9,5,768,0,18,2,3,6,1,2,-52,2,881,12566,16,0,0 '
Received from ('fd00::200:0:0:12', 8765, 0, 0): b' 356,18,15,1536,0,10,2,5,4,1,1,-70,0,518,8285,6,0,0 '
Received from ('fd00::200:0:0:15', 8765, 0, 0): b' 356,21,20,1792,0,4,1,7,3,1,1,-52,0,1628,11121,1,0,0 '
Received from ('fd00::200:0:0:d', 8765, 0, 0): b' 359,13,9,1024,0,14,1,3,5,1,1,-52,1,468,9168,14,0,0 '
Received from ('fd00::200:0:0:8', 8765, 0, 0): b' 359,8,5,768,0,20,2,1,7,1,1,-70,0,333,5300,21,0,0 '
Received from ('fd00::200:0:0:3', 8765, 0, 0): b' 360,3,1,512,10,18,4,1,7,1,1,-64,7,1079,8122,24,0,0 '
Received from ('fd00::200:0:0:5', 8765, 0, 0): b' 361,5,1,512,0,25,4,1,6,1,1,-94,4,2766,24317,24,0,0 '
Received from ('fd00::200:0:0:1', 5678, 0, 0): b' 361,1,0,256,0,5,0,0,4,0,0,0,10,1189,12484,239,0,0 '
Received from ('fd00::200:0:0:11', 8765, 0, 0): b' 359,17,13,1280,0,10,2,4,5,1,1,-52,0,584,8955,9,0,0 '
Received from ('fd00::200:0:0:14', 8765, 0, 0): b' 357,20,15,1536,0,8,2,5,4,1,1,-70,1,743,8117,4,0,0 '
Received from ('fd00::200:0:0:f', 8765, 0, 0): b' 359,15,10,1280,10,23,1,3,6,1,1,-70,4,2074,23335,16,0,0 '
Received from ('fd00::200:0:0:15', 8765, 0, 0): b' 360,21,17,1664,20,4,2,7,4,0,2,-52,0,569,4391,1,0,0 '
Received from ('fd00::200:0:0:4', 8765, 0, 0): b' 363,4,1,512,0,24,4,1,7,1,1,-66,0,273,6998,24,0,0 '
Received from ('fd00::200:0:0:7', 8765, 0, 0): b' 364,7,2,768,0,18,6,3,7,1,2,-70,0,503,10376,18,0,0 '
Received from ('fd00::200:0:0:13', 8765, 0, 0): b' 362,19,15,1536,0,7,3,6,4,1,2,-52,0,860,10505,4,0,0 '
Received from ('fd00::200:0:0:3', 8765, 0, 0): b' 365,3,1,512,0,18,4,1,7,1,1,-64,7,1261,10927,24,0,0 '
Received from ('fd00::200:0:0:2', 8765, 0, 0): b' 365,2,1,512,0,19,4,1,6,1,1,-88,1,1224,16526,24,0,0 '
Received from ('fd00::200:0:0:a', 8765, 0, 0): b' 365,10,6,1024,0,20,1,3,5,1,1,-52,5,1526,13740,17,0,0 '
Received from ('fd00::200:0:0:12', 8765, 0, 0): b' 364,18,15,1536,0,11,2,5,4,1,1,-70,0,553,7376,7,0,0 '
Received from ('fd00::200:0:0:6', 8765, 0, 0): b' 365,6,3,768,0,19,2,1,5,1,1,-70,6,2297,17699,21,0,0 '
Received from ('fd00::200:0:0:14', 8765, 0, 0): b' 364,20,15,1536,0,9,2,5,5,1,1,-70,1,1211,10385,5,0,0 '
Received from ('fd00::200:0:0:d', 8765, 0, 0): b' 366,13,9,1024,10,15,1,3,5,1,1,-52,2,966,9792,14,0,0 '
Received from ('fd00::200:0:0:5', 8765, 0, 0): b' 367,5,1,512,10,25,4,1,6,1,1,-94,5,1172,13782,25,0,0 '
Received from ('fd00::200:0:0:9', 8765, 0, 0): b' 368,9,5,768,0,18,2,3,6,1,2,-52,3,1537,18420,17,0,0 '
Received from ('fd00::200:0:0:8', 8765, 0, 0): b' 368,8,5,768,0,20,2,1,7,1,1,-70,0,321,10458,21,0,0 '
Received from ('fd00::200:0:0:1', 5678, 0, 0): b' 370,1,0,256,0,5,0,0,4,0,0,0,10,1731,20450,248,0,0 '
Received from ('fd00::200:0:0:15', 8765, 0, 0): b' 367,21,17,1536,0,5,3,7,4,1,2,-52,0,845,6815,1,0,0 '
Received from ('fd00::200:0:0:f', 8765, 0, 0): b' 369,15,10,1280,0,23,1,3,6,1,1,-70,4,1358,18087,17,0,0 '
Received from ('fd00::200:0:0:11', 8765, 0, 0): b' 372,17,13,1280,0,11,2,4,5,1,1,-52,1,1369,14201,10,0,0 '
Received from ('fd00::200:0:0:a', 8765, 0, 0): b' 371,10,6,1024,10,20,1,3,5,1,1,-52,5,1144,10992,18,0,0 '
Received from ('fd00::200:0:0:12', 8765, 0, 0): b' 372,18,15,1536,0,12,2,5,4,1,1,-70,0,503,7110,7,0,0 '
Received from ('fd00::200:0:0:4', 8765, 0, 0): b' 374,4,1,512,0,24,4,1,7,1,1,-66,0,494,12301,25,0,0 '
Received from ('fd00::200:0:0:7', 8765, 0, 0): b' 374,7,2,768,0,19,6,3,7,1,2,-70,0,576,12014,19,0,0 '
Received from ('fd00::200:0:0:13', 8765, 0, 0): b' 373,19,15,1536,0,7,3,6,4,1,2,-52,0,583,9319,4,0,0 '
Received from ('fd00::200:0:0:14', 8765, 0, 0): b' 373,20,15,1536,0,10,2,5,5,1,1,-70,1,800,10405,6,0,0 '
Received from ('fd00::200:0:0:3', 8765, 0, 0): b' 375,3,1,512,10,18,4,1,7,1,1,-64,7,2580,19339,25,0,0 '
Received from ('fd00::200:0:0:f', 8765, 0, 0): b' 374,15,10,1280,0,23,1,3,6,1,1,-70,4,1055,11922,17,0,0 '
Received from ('fd00::200:0:0:6', 8765, 0, 0): b' 374,6,3,768,0,19,2,1,5,1,1,-70,6,2120,17044,22,0,0 '
Received from ('fd00::200:0:0:15', 8765, 0, 0): b' 375,21,17,1536,10,6,3,7,4,1,2,-52,0,625,6827,2,0,0 '
Received from ('fd00::200:0:0:2', 8765, 0, 0): b' 376,2,1,512,10,20,4,1,6,1,1,-88,1,1077,16384,25,0,0 '
Received from ('fd00::200:0:0:a', 8765, 0, 0): b' 376,10,6,1024,0,20,1,3,5,1,1,-52,5,1224,9731,18,0,0 '
Received from ('fd00::200:0:0:5', 8765, 0, 0): b' 377,5,1,512,20,25,4,1,6,1,1,-94,5,2188,20901,25,0,0 '
Received from ('fd00::200:0:0:d', 8765, 0, 0): b' 378,13,9,1024,0,15,1,3,5,1,1,-52,2,1369,15400,15,0,0 '
Received from ('fd00::200:0:0:1', 5678, 0, 0): b' 378,1,0,256,0,5,0,0,4,0,0,0,10,1705,19660,259,0,0 '
Received from ('fd00::200:0:0:8', 8765, 0, 0): b' 378,8,5,768,0,20,2,1,7,1,1,-70,0,503,11977,22,0,0 '
Received from ('fd00::200:0:0:7', 8765, 0, 0): b' 378,7,2,768,0,20,6,3,7,1,2,-70,0,385,4960,19,0,0 '
Received from ('fd00::200:0:0:11', 8765, 0, 0): b' 379,17,13,1280,0,11,2,4,5,1,1,-52,1,707,10181,11,0,0 '
Received from ('fd00::200:0:0:6', 8765, 0, 0): b' 379,6,3,768,0,19,2,1,5,1,1,-70,6,666,7259,22,0,0 '
Received from ('fd00::200:0:0:9', 8765, 0, 0): b' 379,9,5,768,0,18,2,3,6,1,2,-52,3,1645,19250,17,0,0 '
Received from ('fd00::200:0:0:4', 8765, 0, 0): b' 380,4,1,512,0,24,4,1,7,1,1,-66,0,298,7990,25,0,0 '
Received from ('fd00::200:0:0:a', 8765, 0, 0): b' 383,10,6,1024,10,20,1,3,5,1,1,-52,5,444,9098,19,0,0 '
Received from ('fd00::200:0:0:12', 8765, 0, 0): b' 382,18,15,1536,10,13,2,5,4,1,1,-70,0,553,8766,8,0,0 '
Received from ('fd00::200:0:0:8', 8765, 0, 0): b' 384,8,5,768,10,20,2,1,7,1,1,-70,0,250,6088,22,0,0 '
Received from ('fd00::200:0:0:f', 8765, 0, 0): b' 384,15,10,1280,0,23,1,3,6,1,1,-70,4,1231,20228,18,0,0 '
Received from ('fd00::200:0:0:3', 8765, 0, 0): b' 385,3,1,512,10,18,4,1,7,1,1,-64,7,2104,18557,25,0,0 '
Received from ('fd00::200:0:0:2', 8765, 0, 0): b' 386,2,1,512,0,20,4,1,6,1,1,-88,1,778,14430,26,0,0 '
Received from ('fd00::200:0:0:13', 8765, 0, 0): b' 384,19,15,1536,0,8,3,6,4,1,2,-52,0,776,10135,5,0,0 '
Received from ('fd00::200:0:0:7', 8765, 0, 0): b' 386,7,2,768,0,20,6,3,7,1,2,-70,0,297,9051,19,0,0 '
Received from ('fd00::200:0:0:14', 8765, 0, 0): b' 385,20,15,1536,0,11,2,5,5,1,1,-70,1,803,14026,6,0,0 '
Received from ('fd00::200:0:0:11', 8765, 0, 0): b' 386,17,13,1280,0,11,2,4,5,1,1,-52,1,510,8468,11,0,0 '
Received from ('fd00::200:0:0:9', 8765, 0, 0): b' 387,9,5,768,0,18,2,3,6,1,2,-52,3,640,11033,18,0,0 '
Received from ('fd00::200:0:0:15', 8765, 0, 0): b' 387,21,17,1536,0,7,3,7,4,1,2,-52,0,860,10966,2,0,0 '
Received from ('fd00::200:0:0:5', 8765, 0, 0): b' 388,5,1,512,0,25,4,1,6,1,1,-94,5,2407,22382,26,0,0 '
Received from ('fd00::200:0:0:d', 8765, 0, 0): b' 389,13,9,1024,0,17,1,3,5,1,1,-52,2,1313,14517,16,0,0 '
Received from ('fd00::200:0:0:1', 5678, 0, 0): b' 389,1,0,256,0,5,0,0,4,0,0,0,10,2071,23943,270,0,0 '
Received from ('fd00::200:0:0:8', 8765, 0, 0): b' 388,8,5,768,0,20,2,1,7,1,1,-70,0,358,7281,23,0,0 '
Received from ('fd00::200:0:0:12', 8765, 0, 0): b' 388,18,15,1536,0,13,2,5,4,1,1,-70,0,397,6025,8,0,0 '
Received from ('fd00::200:0:0:2', 8765, 0, 0): b' 391,2,1,512,0,20,4,1,6,1,1,-88,1,642,8061,26,0,0 '
Received from ('fd00::200:0:0:4', 8765, 0, 0): b' 390,4,1,512,10,25,4,1,7,1,1,-66,0,576,11489,26,0,0 '
Received from ('fd00::200:0:0:11', 8765, 0, 0): b' 391,17,13,1280,0,11,2,4,5,1,1,-52,1,546,5921,11,0,0 '
Received from ('fd00::200:0:0:6', 8765, 0, 0): b' 390,6,3,768,0,19,2,1,5,1,1,-70,6,1993,19000,23,0,0 '
Received from ('fd00::200:0:0:9', 8765, 0, 0): b' 392,9,5,768,0,18,2,3,6,1,2,-52,3,1020,8892,18,0,0 '
Received from ('fd00::200:0:0:13', 8765, 0, 0): b' 391,19,15,1536,0,8,3,6,4,1,2,-52,0,452,7119,6,0,0 '
Received from ('fd00::200:0:0:a', 8765, 0, 0): b' 391,10,6,1024,10,21,1,3,5,1,1,-52,5,2015,16884,19,0,0 '
Received from ('fd00::200:0:0:f', 8765, 0, 0): b' 392,15,10,1280,0,23,1,3,6,1,1,-70,4,1522,17818,18,0,0 '
Received from ('fd00::200:0:0:1', 5678, 0, 0): b' 394,1,0,256,0,6,0,0,4,0,0,0,10,1015,10627,275,0,0 '
Received from ('fd00::200:0:0:8', 8765, 0, 0): b' 393,8,5,768,10,20,2,1,7,1,1,-70,0,249,5021,23,0,0 '
Received from ('fd00::200:0:0:14', 8765, 0, 0): b' 391,20,15,1536,10,11,2,5,5,1,1,-70,1,533,8002,7,0,0 '
Received from ('fd00::200:0:0:11', 8765, 0, 0): b' 395,17,13,1280,0,12,2,4,5,1,1,-52,1,465,5272,12,0,0 '
Received from ('fd00::200:0:0:15', 8765, 0, 0): b' 396,21,17,1536,10,8,3,7,4,1,2,-52,0,633,7489,3,0,0 '
Received from ('fd00::200:0:0:3', 8765, 0, 0): b' 396,3,1,512,0,18,4,1,7,1,1,-64,7,2151,19079,26,0,0 '
Received from ('fd00::200:0:0:2', 8765, 0, 0): b' 396,2,1,512,10,20,5,1,6,1,1,-88,1,413,7967,26,0,0 '
Received from ('fd00::200:0:0:6', 8765, 0, 0): b' 395,6,3,768,0,20,2,1,5,1,1,-70,6,1204,9237,23,0,0 '
Received from ('fd00::200:0:0:7', 8765, 0, 0): b' 397,7,2,768,0,20,6,3,7,1,2,-70,0,502,13688,20,0,0 '
Received from ('fd00::200:0:0:4', 8765, 0, 0): b' 397,4,1,512,0,25,5,1,7,1,1,-66,0,449,9497,26,0,0 '
Received from ('fd00::200:0:0:12', 8765, 0, 0): b' 399,18,15,1536,0,13,2,5,4,1,1,-70,0,573,10172,9,0,0 '
Received from ('fd00::200:0:0:5', 8765, 0, 0): b' 400,5,1,512,0,26,5,1,6,1,1,-94,5,2589,24718,27,0,0 '
Received from ('fd00::200:0:0:d', 8765, 0, 0): b' 401,13,9,1024,0,17,1,3,5,1,1,-52,2,1334,15124,16,0,0 '
Received from ('fd00::200:0:0:15', 8765, 0, 0): b' 401,21,17,1536,0,8,3,7,4,1,2,-52,0,372,4825,3,0,0 '
Received from ('fd00::200:0:0:1', 5678, 0, 0): b' 402,1,0,256,0,6,0,0,4,0,0,0,10,1602,18186,282,0,0 '
Received from ('fd00::200:0:0:a', 8765, 0, 0): b' 402,10,6,1024,10,21,1,3,5,1,1,-52,5,1263,15043,20,0,0 '
Received from ('fd00::200:0:0:13', 8765, 0, 0): b' 400,19,15,1536,10,9,3,6,4,1,2,-52,0,593,8391,6,0,0 '
Received from ('fd00::200:0:0:9', 8765, 0, 0): b' 402,9,5,768,10,18,2,3,6,1,2,-52,3,1485,17746,19,0,0 '
Received from ('fd00::200:0:0:f', 8765, 0, 0): b' 402,15,10,1280,0,24,1,3,6,1,1,-70,4,1807,22319,19,0,0 '
Received from ('fd00::200:0:0:8', 8765, 0, 0): b' 403,8,5,768,0,21,2,1,7,1,1,-70,0,704,12984,24,0,0 '
Received from ('fd00::200:0:0:11', 8765, 0, 0): b' 404,17,13,1280,10,12,2,4,5,1,1,-52,1,824,11244,12,0,0 '
Received from ('fd00::200:0:0:2', 8765, 0, 0): b' 405,2,1,512,0,20,5,1,6,1,1,-88,1,823,13774,27,0,0 '
Received from ('fd00::200:0:0:12', 8765, 0, 0): b' 403,18,15,1536,0,13,2,5,4,1,1,-70,0,276,4867,9,0,0 '
Received from ('fd00::200:0:0:7', 8765, 0, 0): b' 405,7,2,768,0,20,6,3,7,1,2,-70,0,549,9775,21,0,0 '
Received from ('fd00::200:0:0:4', 8765, 0, 0): b' 407,4,1,512,0,25,5,1,7,1,1,-66,0,563,11190,27,0,0 '
Received from ('fd00::200:0:0:3', 8765, 0, 0): b' 406,3,1,512,10,18,5,1,7,1,1,-64,7,2361,19714,27,0,0 '
Received from ('fd00::200:0:0:15', 8765, 0, 0): b' 406,21,17,1536,0,8,3,7,4,1,2,-52,0,497,5593,4,0,0 '
Received from ('fd00::200:0:0:1', 5678, 0, 0): b' 408,1,0,256,0,6,0,0,4,0,0,0,10,1298,13799,291,0,0 '
Received from ('fd00::200:0:0:6', 8765, 0, 0): b' 407,6,3,768,0,20,2,1,5,1,1,-70,6,2122,19259,24,0,0 '
Received from ('fd00::200:0:0:5', 8765, 0, 0): b' 407,5,1,512,10,26,5,1,6,1,1,-94,5,1762,14396,27,0,0 '
Received from ('fd00::200:0:0:d', 8765, 0, 0): b' 409,13,9,1024,10,17,1,3,5,1,1,-52,2,1159,10821,17,0,0 '
Received from ('fd00::200:0:0:14', 8765, 0, 0): b' 407,20,17,1536,0,12,3,5,5,1,2,-70,1,1337,9194,8,0,0 '
Received from ('fd00::200:0:0:a', 8765, 0, 0): b' 409,10,6,1024,0,21,1,3,5,1,1,-52,5,1063,11006,20,0,0 '
Received from ('fd00::200:0:0:2', 8765, 0, 0): b' 410,2,1,512,0,20,5,1,6,1,1,-88,1,476,7529,27,0,0 '
Received from ('fd00::200:0:0:f', 8765, 0, 0): b' 409,15,10,1280,0,24,1,3,6,1,1,-70,4,1099,12524,19,0,0 '
Received from ('fd00::200:0:0:9', 8765, 0, 0): b' 409,9,5,768,0,18,2,3,6,1,2,-52,3,1271,11534,19,0,0 '
Received from ('fd00::200:0:0:8', 8765, 0, 0): b' 410,8,5,768,0,21,2,1,7,1,1,-70,0,274,7454,24,0,0 '
Received from ('fd00::200:0:0:12', 8765, 0, 0): b' 411,18,15,1536,0,13,2,5,4,1,1,-70,0,428,6479,10,0,0 '
Received from ('fd00::200:0:0:1', 5678, 0, 0): b' 413,1,0,256,0,6,0,0,4,0,0,0,10,856,11992,293,0,0 '
Received from ('fd00::200:0:0:7', 8765, 0, 0): b' 413,7,2,768,0,20,6,3,7,1,2,-70,0,297,9589,21,0,0 '
Received from ('fd00::200:0:0:13', 8765, 0, 0): b' 412,19,15,1536,0,9,3,6,4,1,2,-52,0,597,10434,7,0,0 '
Received from ('fd00::200:0:0:11', 8765, 0, 0): b' 415,17,13,1280,0,12,2,4,5,1,1,-52,2,1531,17299,13,0,0 '
Received from ('fd00::200:0:0:15', 8765, 0, 0): b' 417,21,17,1536,0,9,3,7,4,1,2,-52,0,617,8734,4,0,0 '
Received from ('fd00::200:0:0:8', 8765, 0, 0): b' 416,8,5,768,0,21,2,1,7,1,1,-70,0,357,6857,25,0,0 '
Received from ('fd00::200:0:0:3', 8765, 0, 0): b' 418,3,1,512,0,19,5,1,7,1,1,-64,7,1901,18300,27,0,0 '
Received from ('fd00::200:0:0:14', 8765, 0, 0): b' 417,20,17,1536,0,13,4,5,5,1,2,-70,1,578,10358,8,0,0 '
Received from ('fd00::200:0:0:1', 5678, 0, 0): b' 418,1,0,256,0,6,0,0,4,0,0,0,10,982,10482,298,0,0 '
Received from ('fd00::200:0:0:f', 8765, 0, 0): b' 418,15,10,1280,0,25,1,3,6,1,1,-70,4,1003,16260,20,0,0 '
Received from ('fd00::200:0:0:2', 8765, 0, 0): b' 418,2,1,512,10,20,5,1,6,1,1,-88,1,751,12152,28,0,0 '
Received from ('fd00::200:0:0:d', 8765, 0, 0): b' 417,13,9,1024,10,17,1,3,5,1,1,-52,3,1307,13062,18,0,0 '
Received from ('fd00::200:0:0:9', 8765, 0, 0): b' 418,9,5,768,10,19,2,3,6,1,2,-52,4,1482,14755,20,0,0 '
Received from ('fd00::200:0:0:4', 8765, 0, 0): b' 418,4,1,512,10,25,5,1,7,1,1,-66,0,494,13741,28,0,0 '
Received from ('fd00::200:0:0:6', 8765, 0, 0): b' 419,6,3,768,10,20,2,1,5,1,1,-70,6,1762,18964,24,0,0 '
Received from ('fd00::200:0:0:5', 8765, 0, 0): b' 419,5,1,512,0,26,5,1,6,1,1,-94,6,3252,25751,28,0,0 '
Received from ('fd00::200:0:0:7', 8765, 0, 0): b' 420,7,2,768,0,20,6,3,7,1,2,-70,0,381,8393,22,0,0 '
Received from ('fd00::200:0:0:11', 8765, 0, 0): b' 420,17,13,1280,0,12,2,4,5,1,1,-52,2,859,7741,14,0,0 '
Received from ('fd00::200:0:0:15', 8765, 0, 0): b' 422,21,17,1536,0,9,3,7,4,1,2,-52,0,347,4599,4,0,0 '
Received from ('fd00::200:0:0:a', 8765, 0, 0): b' 420,10,6,1024,0,21,1,3,5,1,1,-52,5,1723,19563,21,0,0 '
Received from ('fd00::200:0:0:13', 8765, 0, 0): b' 421,19,15,1536,0,9,3,6,4,1,2,-52,0,452,7493,8,0,0 '
Received from ('fd00::200:0:0:14', 8765, 0, 0): b' 422,20,17,1536,0,13,4,5,5,1,2,-70,0,412,7172,9,0,0 '
Received from ('fd00::200:0:0:12', 8765, 0, 0): b' 423,18,15,1536,0,13,2,5,4,1,1,-70,0,501,10437,11,0,0 '
Received from ('fd00::200:0:0:9', 8765, 0, 0): b' 424,9,5,768,0,19,2,3,6,1,2,-52,4,1071,9891,20,0,0 '
Received from ('fd00::200:0:0:2', 8765, 0, 0): b' 425,2,1,512,0,20,5,1,6,1,1,-88,1,667,10740,28,0,0 '
Received from ('fd00::200:0:0:4', 8765, 0, 0): b' 425,4,1,512,0,25,5,1,7,1,1,-66,0,299,8107,28,0,0 '
Received from ('fd00::200:0:0:11', 8765, 0, 0): b' 427,17,13,1280,0,13,2,4,5,1,1,-52,2,983,10775,14,0,0 '
Received from ('fd00::200:0:0:6', 8765, 0, 0): b' 427,6,3,768,10,20,2,1,5,1,1,-70,5,1253,13024,25,0,0 '
Received from ('fd00::200:0:0:3', 8765, 0, 0): b' 427,3,1,512,20,19,5,1,7,1,1,-64,6,1990,17351,28,0,0 '
Received from ('fd00::200:0:0:8', 8765, 0, 0): b' 427,8,5,768,0,21,2,1,7,1,1,-70,0,446,12969,25,0,0 '
Received from ('fd00::200:0:0:1', 5678, 0, 0): b' 429,1,0,256,0,6,0,0,4,0,0,0,10,2105,24577,310,0,0 '
Received from ('fd00::200:0:0:5', 8765, 0, 0): b' 429,5,1,512,10,26,5,1,6,1,1,-94,6,1895,19788,29,0,0 '
Received from ('fd00::200:0:0:a', 8765, 0, 0): b' 428,10,6,1024,0,22,1,3,5,1,1,-52,4,1390,13449,22,0,0 '
Received from ('fd00::200:0:0:f', 8765, 0, 0): b' 429,15,10,1280,0,25,1,3,6,1,1,-70,3,1394,24089,21,0,0 '
Received from ('fd00::200:0:0:7', 8765, 0, 0): b' 429,7,2,768,0,21,6,3,7,1,2,-70,0,525,11530,22,0,0 '
Received from ('fd00::200:0:0:13', 8765, 0, 0): b' 429,19,15,1536,0,9,3,6,4,1,2,-52,0,395,7468,8,0,0 '
Received from ('fd00::200:0:0:d', 8765, 0, 0): b' 430,13,9,1024,0,17,1,3,5,1,1,-52,3,1446,15450,18,0,0 '
Received from ('fd00::200:0:0:2', 8765, 0, 0): b' 430,2,1,512,10,20,5,1,6,1,1,-88,1,581,8501,29,0,0 '
Received from ('fd00::200:0:0:9', 8765, 0, 0): b' 430,9,5,768,0,19,2,3,6,1,2,-52,4,706,9218,21,0,0 '
Received from ('fd00::200:0:0:12', 8765, 0, 0): b' 431,18,15,1536,0,14,2,5,4,1,1,-70,0,575,7744,11,0,0 '
Received from ('fd00::200:0:0:15', 8765, 0, 0): b' 431,21,17,1536,0,9,3,7,4,1,2,-52,0,572,9494,5,0,0 '
Received from ('fd00::200:0:0:13', 8765, 0, 0): b' 433,19,15,1536,0,9,3,6,4,1,2,-52,0,250,3851,8,0,0 '
Received from ('fd00::200:0:0:6', 8765, 0, 0): b' 434,6,3,768,0,20,2,1,5,1,1,-70,5,1556,13399,26,0,0 '
Received from ('fd00::200:0:0:5', 8765, 0, 0): b' 434,5,1,512,0,26,5,1,6,1,1,-94,6,1470,11882,29,0,0 '
Received from ('fd00::200:0:0:1', 5678, 0, 0): b' 435,1,0,256,0,6,0,0,4,0,0,0,10,1473,14661,320,0,0 '
Received from ('fd00::200:0:0:14', 8765, 0, 0): b' 435,20,17,1536,0,14,4,5,5,1,2,-70,0,773,13659,10,0,0 '
Received from ('fd00::200:0:0:4', 8765, 0, 0): b' 435,4,1,512,0,26,5,1,7,1,1,-66,0,600,12113,29,0,0 '
Received from ('fd00::200:0:0:3', 8765, 0, 0): b' 436,3,1,512,0,19,5,1,7,1,1,-64,6,2030,16553,29,0,0 '
Received from ('fd00::200:0:0:8', 8765, 0, 0): b' 436,8,5,768,0,21,2,1,7,1,1,-70,0,503,11391,26,0,0 '
Received from ('fd00::200:0:0:11', 8765, 0, 0): b' 437,17,13,1280,0,13,2,4,5,1,1,-52,2,1210,16430,15,0,0 '
Received from ('fd00::200:0:0:12', 8765, 0, 0): b' 437,18,15,1536,0,14,2,5,4,1,1,-70,0,276,5216,11,0,0 '
Received from ('fd00::200:0:0:2', 8765, 0, 0): b' 438,2,1,512,0,21,5,1,6,1,1,-88,1,687,11172,29,0,0 '
Received from ('fd00::200:0:0:a', 8765, 0, 0): b' 437,10,6,1024,0,22,1,3,5,1,1,-52,4,1464,14475,22,0,0 '
Received from ('fd00::200:0:0:d', 8765, 0, 0): b' 438,13,9,1024,0,18,1,3,5,1,1,-52,3,1389,11566,19,0,0 '
Received from ('fd00::200:0:0:f', 8765, 0, 0): b' 438,15,10,1280,0,25,1,3,6,1,1,-70,3,1465,18680,21,0,0 '
Received from ('fd00::200:0:0:15', 8765, 0, 0): b' 438,21,17,1536,0,9,3,7,4,1,2,-52,0,451,6717,6,0,0 '
Received from ('fd00::200:0:0:14', 8765, 0, 0): b' 439,20,17,1536,0,14,4,5,5,1,2,-70,0,253,5302,10,0,0 '
Received from ('fd00::200:0:0:7', 8765, 0, 0): b' 438,7,2,768,0,21,6,3,7,1,2,-70,0,479,10621,23,0,0 '
Received from ('fd00::200:0:0:9', 8765, 0, 0): b' 440,9,5,768,0,20,2,3,6,1,2,-52,4,1929,17160,21,0,0 '
Received from ('fd00::200:0:0:13', 8765, 0, 0): b' 441,19,15,1536,0,9,3,6,4,1,2,-52,0,451,6774,9,0,0 '
Received from ('fd00::200:0:0:6', 8765, 0, 0): b' 442,6,3,768,10,21,2,1,5,1,1,-70,5,1439,13561,26,0,0 '
Received from ('fd00::200:0:0:d', 8765, 0, 0): b' 443,13,9,1024,0,18,1,3,5,1,1,-52,3,650,6718,19,0,0 '
Received from ('fd00::200:0:0:5', 8765, 0, 0): b' 443,5,1,512,0,27,5,1,6,1,1,-94,6,2018,17969,30,0,0 '
Received from ('fd00::200:0:0:7', 8765, 0, 0): b' 443,7,2,768,0,21,6,3,7,1,2,-70,0,274,6164,23,0,0 '
Received from ('fd00::200:0:0:12', 8765, 0, 0): b' 444,18,15,1536,0,14,2,5,4,1,1,-70,0,429,6044,12,0,0 '
Received from ('fd00::200:0:0:a', 8765, 0, 0): b' 444,10,6,1024,10,22,1,3,5,1,1,-52,4,1001,10709,23,0,0 '
Received from ('fd00::200:0:0:4', 8765, 0, 0): b' 445,4,1,512,0,26,5,1,7,1,1,-66,0,397,11429,30,0,0 '
Received from ('fd00::200:0:0:3', 8765, 0, 0): b' 446,3,1,512,0,19,5,1,7,1,1,-64,6,2037,17282,29,0,0 '
Received from ('fd00::200:0:0:2', 8765, 0, 0): b' 445,2,1,512,0,21,5,1,6,1,1,-88,1,867,12009,30,0,0 '
Received from ('fd00::200:0:0:14', 8765, 0, 0): b' 445,20,17,1536,0,14,4,5,5,1,2,-70,0,276,7034,10,0,0 '
Received from ('fd00::200:0:0:1', 5678, 0, 0): b' 446,1,0,256,0,6,0,0,4,0,0,0,10,2258,26243,329,0,0 '
Received from ('fd00::200:0:0:15', 8765, 0, 0): b' 446,21,17,1536,0,9,3,7,4,1,2,-52,0,395,6695,6,0,0 '
Received from ('fd00::200:0:0:6', 8765, 0, 0): b' 447,6,3,768,10,21,2,1,5,1,1,-70,5,936,8020,26,0,0 '
Received from ('fd00::200:0:0:11', 8765, 0, 0): b' 447,17,13,1280,0,13,2,4,5,1,1,-52,2,1372,15396,15,0,0 '
Received from ('fd00::200:0:0:9', 8765, 0, 0): b' 448,9,5,768,10,20,2,3,6,1,2,-52,4,1103,12720,22,0,0 '
Received from ('fd00::200:0:0:7', 8765, 0, 0): b' 447,7,2,768,10,21,6,3,7,1,2,-70,0,184,4900,24,0,0 '
Received from ('fd00::200:0:0:f', 8765, 0, 0): b' 447,15,10,1280,0,25,1,3,6,1,1,-70,3,926,18501,22,0,0 '
Received from ('fd00::200:0:0:8', 8765, 0, 0): b' 448,8,5,768,0,21,2,1,7,1,1,-70,0,597,13890,27,0,0 '
Received from ('fd00::200:0:0:13', 8765, 0, 0): b' 449,19,15,1536,0,9,3,6,4,1,2,-52,0,395,7040,9,0,0 '
Received from ('fd00::200:0:0:d', 8765, 0, 0): b' 449,13,9,1024,0,19,1,3,5,1,1,-52,3,1044,8325,20,0,0 '
Received from ('fd00::200:0:0:14', 8765, 0, 0): b' 449,20,17,1536,10,14,4,5,5,1,2,-70,0,336,5356,11,0,0 '
Received from ('fd00::200:0:0:a', 8765, 0, 0): b' 449,10,6,1024,10,23,1,3,5,1,1,-52,4,980,9755,23,0,0 '
Received from ('fd00::200:0:0:4', 8765, 0, 0): b' 451,4,1,512,0,26,5,1,7,1,1,-66,0,371,7522,30,0,0 '
Received from ('fd00::200:0:0:1', 5678, 0, 0): b' 451,1,0,256,0,6,0,0,4,0,0,0,10,1138,11318,337,0,0 '
Received from ('fd00::200:0:0:5', 8765, 0, 0): b' 452,5,1,512,0,27,5,1,6,1,1,-94,6,2520,19282,30,0,0 '
Received from ('fd00::200:0:0:2', 8765, 0, 0): b' 452,2,1,512,0,21,5,1,6,1,1,-88,1,699,10264,30,0,0 '
Received from ('fd00::200:0:0:6', 8765, 0, 0): b' 454,6,3,768,0,22,2,1,6,1,1,-70,6,1323,12598,27,0,0 '
Received from ('fd00::200:0:0:8', 8765, 0, 0): b' 454,8,5,768,0,21,2,1,7,1,1,-70,0,302,7161,27,0,0 '
Received from ('fd00::200:0:0:12', 8765, 0, 0): b' 454,18,15,1536,0,15,2,5,5,1,1,-70,0,606,10036,13,0,0 '
Received from ('fd00::200:0:0:15', 8765, 0, 0): b' 454,21,17,1536,0,9,3,7,4,1,2,-52,0,548,8000,7,0,0 '
Received from ('fd00::200:0:0:11', 8765, 0, 0): b' 455,17,13,1280,0,13,2,4,5,1,1,-52,2,1058,12477,16,0,0 '
Received from ('fd00::200:0:0:13', 8765, 0, 0): b' 456,19,15,1536,0,11,3,6,5,1,2,-52,0,538,6702,10,0,0 '
Received from ('fd00::200:0:0:2', 8765, 0, 0): b' 456,2,1,512,10,21,5,1,6,1,1,-88,1,306,5978,30,0,0 '
Received from ('fd00::200:0:0:9', 8765, 0, 0): b' 457,9,5,768,0,21,2,3,6,1,2,-52,4,1594,15377,22,0,0 '
Received from ('fd00::200:0:0:3', 8765, 0, 0): b' 458,3,1,512,0,19,5,1,7,1,1,-64,7,2148,20722,30,0,0 '
Received from ('fd00::200:0:0:d', 8765, 0, 0): b' 458,13,9,1024,10,19,1,3,5,1,1,-52,3,1062,11410,20,0,0 '
Received from ('fd00::200:0:0:14', 8765, 0, 0): b' 458,20,17,1536,0,15,4,5,5,1,2,-70,0,529,9875,11,0,0 '
Received from ('fd00::200:0:0:f', 8765, 0, 0): b' 459,15,10,1280,0,27,1,3,7,1,1,-70,3,1760,24113,23,0,0 '
Received from ('fd00::200:0:0:5', 8765, 0, 0): b' 458,5,1,512,0,27,5,1,6,1,1,-94,6,1527,14261,31,0,0 '
Received from ('fd00::200:0:0:7', 8765, 0, 0): b' 458,7,2,768,0,21,6,3,7,1,2,-70,0,471,13188,24,0,0 '
Received from ('fd00::200:0:0:8', 8765, 0, 0): b' 460,8,5,768,0,21,2,1,7,1,1,-70,0,273,7467,27,0,0 '
Received from ('fd00::200:0:0:11', 8765, 0, 0): b' 460,17,13,1280,0,14,2,4,5,1,1,-52,2,669,7955,16,0,0 '
Received from ('fd00::200:0:0:a', 8765, 0, 0): b' 460,10,6,1024,0,24,1,3,6,1,1,-52,5,2026,19301,24,0,0 '
Received from ('fd00::200:0:0:15', 8765, 0, 0): b' 461,21,17,1536,0,10,3,7,4,1,2,-52,0,668,6561,7,0,0 '
Received from ('fd00::200:0:0:4', 8765, 0, 0): b' 462,4,1,512,0,26,5,1,7,1,1,-66,0,396,12511,31,0,0 '
Received from ('fd00::200:0:0:1', 5678, 0, 0): b' 462,1,0,256,0,6,0,0,4,0,0,0,10,2044,24242,346,0,0 '
Received from ('fd00::200:0:0:3', 8765, 0, 0): b' 463,3,1,512,20,19,5,1,7,1,1,-64,7,1258,11305,31,0,0 '
Received from ('fd00::200:0:0:12', 8765, 0, 0): b' 462,18,15,1536,0,16,2,5,5,1,1,-70,0,499,7646,13,0,0 '
Received from ('fd00::200:0:0:13', 8765, 0, 0): b' 464,19,15,1536,0,12,3,6,5,1,2,-52,0,498,7485,10,0,0 '
Received from ('fd00::200:0:0:6', 8765, 0, 0): b' 464,6,3,768,10,23,2,1,6,1,1,-70,6,2089,18051,28,0,0 '
Received from ('fd00::200:0:0:d', 8765, 0, 0): b' 465,13,9,1024,10,19,1,3,5,1,1,-52,3,1135,9592,21,0,0 '
Received from ('fd00::200:0:0:5', 8765, 0, 0): b' 465,5,1,512,0,27,5,1,6,1,1,-94,6,1502,13522,31,0,0 '
Received from ('fd00::200:0:0:e', 8765, 0, 0): b' 455,14,10,1408,20,1,1,8,3,0,1,-52,0,1032,19900,1,0,0 '
Received from ('fd00::200:0:0:e', 8765, 0, 0): b' 460,14,10,1408,40,2,1,8,5,0,1,-52,0,708,5465,1,0,0 '
Received from ('fd00::200:0:0:e', 8765, 0, 0): b' 466,14,10,1280,0,2,1,8,5,1,1,-52,0,1149,6410,2,0,0 '
Received from ('fd00::200:0:0:15', 8765, 0, 0): b' 467,21,17,1536,0,10,3,7,4,1,2,-52,0,331,5542,8,0,0 '
Received from ('fd00::200:0:0:2', 8765, 0, 0): b' 467,2,1,512,0,21,5,1,6,1,1,-88,1,971,16978,31,0,0 '
Received from ('fd00::200:0:0:8', 8765, 0, 0): b' 467,8,5,768,0,21,2,1,7,1,1,-70,0,511,8881,28,0,0 '
Received from ('fd00::200:0:0:9', 8765, 0, 0): b' 467,9,5,768,0,21,2,3,6,1,2,-52,4,1887,18600,23,0,0 '
Received from ('fd00::200:0:0:6', 8765, 0, 0): b' 468,6,3,768,10,23,2,1,6,1,1,-70,5,1301,8596,28,0,0 '
Received from ('fd00::200:0:0:14', 8765, 0, 0): b' 468,20,17,1536,0,16,4,5,5,1,2,-70,0,644,10238,12,0,0 '
Received from ('fd00::200:0:0:f', 8765, 0, 0): b' 468,15,10,1280,10,27,1,3,7,1,1,-70,2,1223,19754,23,0,0 '
Received from ('fd00::200:0:0:11', 8765, 0, 0): b' 469,17,13,1280,0,14,2,4,5,1,1,-52,2,1349,15048,17,0,0 '
Received from ('fd00::200:0:0:1', 5678, 0, 0): b' 470,1,0,256,0,6,0,0,4,0,0,0,10,1537,17343,357,0,0 '
Received from ('fd00::200:0:0:4', 8765, 0, 0): b' 470,4,1,512,0,26,5,1,7,1,1,-66,0,395,9521,31,0,0 '
Received from ('fd00::200:0:0:12', 8765, 0, 0): b' 470,18,15,1536,0,16,2,5,5,1,1,-70,0,499,7838,14,0,0 '
Received from ('fd00::200:0:0:a', 8765, 0, 0): b' 470,10,6,1024,0,24,1,3,6,1,1,-52,4,2323,18870,24,0,0 '
Received from ('fd00::200:0:0:7', 8765, 0, 0): b' 470,7,2,768,0,21,6,3,7,1,2,-70,0,597,14396,25,0,0 '
Received from ('fd00::200:0:0:13', 8765, 0, 0): b' 472,19,15,1536,0,13,3,6,5,1,2,-52,0,578,8346,11,0,0 '
Received from ('fd00::200:0:0:5', 8765, 0, 0): b' 473,5,1,512,10,27,5,1,6,1,1,-94,6,1532,14928,32,0,0 '
Received from ('fd00::200:0:0:2', 8765, 0, 0): b' 473,2,1,512,0,21,5,1,6,1,1,-88,1,571,8788,31,0,0 '
Received from ('fd00::200:0:0:8', 8765, 0, 0): b' 473,8,5,768,0,22,2,1,7,1,1,-70,0,380,6313,28,0,0 '
Received from ('fd00::200:0:0:3', 8765, 0, 0): b' 474,3,1,512,10,19,5,1,7,1,1,-64,6,2922,20231,31,0,0 '
Received from ('fd00::200:0:0:9', 8765, 0, 0): b' 473,9,5,768,0,21,2,3,6,1,2,-52,4,708,8371,24,0,0 '
Received from ('fd00::200:0:0:e', 8765, 0, 0): b' 472,14,10,1280,0,3,1,8,5,1,1,-52,0,570,6117,2,0,0 '
Received from ('fd00::200:0:0:a', 8765, 0, 0): b' 474,10,6,1024,0,25,1,3,6,1,1,-52,4,1074,10042,25,0,0 '
Received from ('fd00::200:0:0:11', 8765, 0, 0): b' 474,17,13,1280,0,14,2,4,5,1,1,-52,2,395,6274,17,0,0 '
Received from ('fd00::200:0:0:f', 8765, 0, 0): b' 475,15,10,1280,0,29,1,3,7,1,1,-70,2,1364,15231,24,0,0 '
Received from ('fd00::200:0:0:d', 8765, 0, 0): b' 476,13,9,1024,10,19,1,3,5,1,1,-52,3,1319,14583,21,0,0 '
Received from ('fd00::200:0:0:7', 8765, 0, 0): b' 476,7,2,768,0,21,6,3,7,1,2,-70,0,330,7324,26,0,0 '
Received from ('fd00::200:0:0:15', 8765, 0, 0): b' 475,21,17,1536,0,11,3,7,4,1,2,-52,0,503,7664,8,0,0 '
Received from ('fd00::200:0:0:14', 8765, 0, 0): b' 477,20,17,1536,0,16,4,5,5,1,2,-70,0,398,8062,12,0,0 '
Received from ('fd00::200:0:0:8', 8765, 0, 0): b' 477,8,5,768,0,22,2,1,7,1,1,-70,0,305,5499,29,0,0 '
Received from ('fd00::200:0:0:9', 8765, 0, 0): b' 477,9,5,768,0,21,2,3,6,1,2,-52,4,914,7594,24,0,0 '
Received from ('fd00::200:0:0:6', 8765, 0, 0): b' 479,6,3,768,20,24,2,1,6,1,1,-70,5,2129,18098,29,0,0 '
Received from ('fd00::200:0:0:1', 5678, 0, 0): b' 479,1,0,256,0,6,0,0,4,0,0,0,10,2146,22313,368,0,0 '
Received from ('fd00::200:0:0:e', 8765, 0, 0): b' 478,14,10,1280,0,4,1,8,5,1,1,-52,0,569,5558,2,0,0 '
Received from ('fd00::200:0:0:d', 8765, 0, 0): b' 481,13,9,1024,10,19,1,3,5,1,1,-52,3,894,7477,22,0,0 '
Received from ('fd00::200:0:0:f', 8765, 0, 0): b' 481,15,10,1280,0,29,1,3,7,1,1,-70,2,553,10999,24,0,0 '
Received from ('fd00::200:0:0:15', 8765, 0, 0): b' 480,21,17,1536,0,11,3,7,4,1,2,-52,0,275,4711,8,0,0 '
Received from ('fd00::200:0:0:4', 8765, 0, 0): b' 481,4,1,512,0,26,5,1,7,1,1,-66,0,517,13284,32,0,0 '
Received from ('fd00::200:0:0:12', 8765, 0, 0): b' 481,18,15,1536,0,17,2,5,5,1,1,-70,0,619,10023,14,0,0 '
Received from ('fd00::200:0:0:11', 8765, 0, 0): b' 482,17,13,1280,10,15,2,4,5,1,1,-52,2,1306,14216,18,0,0 '
Received from ('fd00::200:0:0:8', 8765, 0, 0): b' 483,8,5,768,0,22,2,1,7,1,1,-70,0,301,6780,29,0,0 '
Received from ('fd00::200:0:0:13', 8765, 0, 0): b' 484,19,15,1536,0,13,3,6,5,1,2,-52,0,574,10601,12,0,0 '
Received from ('fd00::200:0:0:5', 8765, 0, 0): b' 484,5,1,512,0,27,5,1,6,1,1,-94,6,3390,23724,32,0,0 '
Received from ('fd00::200:0:0:2', 8765, 0, 0): b' 484,2,1,512,0,21,5,1,6,1,1,-88,1,1051,16286,32,0,0 '
Received from ('fd00::200:0:0:3', 8765, 0, 0): b' 484,3,1,512,0,19,5,1,7,1,1,-64,6,2317,19644,32,0,0 '
Received from ('fd00::200:0:0:a', 8765, 0, 0): b' 485,10,6,1024,0,25,1,3,6,1,1,-52,4,1881,19795,25,0,0 '
Received from ('fd00::200:0:0:15', 8765, 0, 0): b' 486,21,17,1536,0,11,3,7,4,1,2,-52,0,428,5086,9,0,0 '
Received from ('fd00::200:0:0:9', 8765, 0, 0): b' 485,9,5,768,0,21,2,3,6,1,2,-52,4,1362,14279,24,0,0 '
Received from ('fd00::200:0:0:7', 8765, 0, 0): b' 487,7,2,768,0,21,6,3,7,1,2,-70,0,446,11826,26,0,0 '
Received from ('fd00::200:0:0:12', 8765, 0, 0): b' 487,18,15,1536,0,17,2,5,5,1,1,-70,0,357,6335,15,0,0 '
Received from ('fd00::200:0:0:5', 8765, 0, 0): b' 487,5,1,512,0,27,5,1,6,1,1,-94,6,742,8661,33,0,0 '
Received from ('fd00::200:0:0:f', 8765, 0, 0): b' 487,15,10,1280,10,29,1,3,7,1,1,-70,2,1231,14443,24,0,0 '
Received from ('fd00::200:0:0:4', 8765, 0, 0): b' 488,4,1,512,0,26,5,1,7,1,1,-66,0,344,8224,32,0,0 '
Received from ('fd00::200:0:0:1', 5678, 0, 0): b' 488,1,0,256,0,6,0,0,4,0,0,0,10,1542,19812,377,0,0 '
Received from ('fd00::200:0:0:13', 8765, 0, 0): b' 487,19,15,1536,0,13,3,6,5,1,2,-52,0,156,4059,12,0,0 '
Received from ('fd00::200:0:0:6', 8765, 0, 0): b' 489,6,3,768,10,24,2,1,6,1,1,-70,5,1910,16982,29,0,0 '
Received from ('fd00::200:0:0:d', 8765, 0, 0): b' 488,13,9,1024,10,19,1,3,5,1,1,-52,3,889,9754,22,0,0 '
Received from ('fd00::200:0:0:e', 8765, 0, 0): b' 487,14,10,1280,0,5,1,8,5,1,1,-52,0,746,8700,3,0,0 '
Received from ('fd00::200:0:0:14', 8765, 0, 0): b' 487,20,17,1536,0,16,4,5,5,1,2,-70,0,501,10889,13,0,0 '
Received from ('fd00::200:0:0:11', 8765, 0, 0): b' 489,17,13,1280,0,15,2,4,5,1,1,-52,2,858,10604,18,0,0 '
Received from ('fd00::200:0:0:7', 8765, 0, 0): b' 490,7,2,768,0,21,6,3,7,1,2,-70,0,306,6009,27,0,0 '
Received from ('fd00::200:0:0:12', 8765, 0, 0): b' 491,18,15,1536,0,18,2,5,5,1,1,-70,0,359,4163,15,0,0 '
Received from ('fd00::200:0:0:2', 8765, 0, 0): b' 492,2,1,512,0,22,5,1,6,1,1,-88,1,1191,15420,33,0,0 '
Received from ('fd00::200:0:0:6', 8765, 0, 0): b' 493,6,3,768,10,25,2,1,6,1,1,-70,5,1204,10281,30,0,0 '
Received from ('fd00::200:0:0:5', 8765, 0, 0): b' 494,5,1,512,0,27,5,1,6,1,1,-94,6,1413,13944,33,0,0 '
Received from ('fd00::200:0:0:a', 8765, 0, 0): b' 494,10,6,1024,0,26,1,3,6,1,1,-52,4,1695,17444,26,0,0 '
Received from ('fd00::200:0:0:9', 8765, 0, 0): b' 494,9,5,768,0,21,2,3,6,1,2,-52,4,1211,13657,25,0,0 '
Received from ('fd00::200:0:0:8', 8765, 0, 0): b' 495,8,5,768,0,22,2,1,7,1,1,-70,0,526,13899,30,0,0 '
Received from ('fd00::200:0:0:15', 8765, 0, 0): b' 495,21,17,1536,0,11,3,7,4,1,2,-52,0,396,7916,9,0,0 '
Received from ('fd00::200:0:0:1', 5678, 0, 0): b' 495,1,0,256,0,6,0,0,4,0,0,0,10,1683,17289,388,0,0 '
Received from ('fd00::200:0:0:3', 8765, 0, 0): b' 495,3,1,512,20,19,5,1,7,1,1,-64,6,2609,20209,33,0,0 '
Received from ('fd00::200:0:0:13', 8765, 0, 0): b' 494,19,15,1536,0,13,3,6,5,1,2,-52,0,397,6844,12,0,0 '
Received from ('fd00::200:0:0:e', 8765, 0, 0): b' 495,14,10,1280,0,5,1,8,5,1,1,-52,0,548,6771,4,0,0 '
Received from ('fd00::200:0:0:14', 8765, 0, 0): b' 495,20,17,1536,0,16,4,5,5,1,2,-70,0,357,7164,14,0,0 '
Received from ('fd00::200:0:0:f', 8765, 0, 0): b' 496,15,10,1280,0,30,1,3,7,1,1,-70,2,1171,18975,25,0,0 '
Received from ('fd00::200:0:0:d', 8765, 0, 0): b' 497,13,9,1024,10,20,1,3,5,1,1,-52,3,1584,13043,23,0,0 '
Received from ('fd00::200:0:0:4', 8765, 0, 0): b' 497,4,1,512,0,26,5,1,7,1,1,-66,0,493,11279,33,0,0 '
Received from ('fd00::200:0:0:11', 8765, 0, 0): b' 497,17,13,1280,0,15,2,4,5,1,1,-52,2,1084,13056,19,0,0 '
Received from ('fd00::200:0:0:12', 8765, 0, 0): b' 499,18,15,1536,10,18,2,5,5,1,1,-70,0,276,6635,16,0,0 '
Received from ('fd00::200:0:0:a', 8765, 0, 0): b' 500,10,6,1024,0,27,1,3,6,1,1,-52,4,1360,11242,26,0,0 '
Received from ('fd00::200:0:0:3', 8765, 0, 0): b' 500,3,1,512,0,20,5,1,7,1,1,-64,6,1287,9050,33,0,0 '
Received from ('fd00::200:0:0:5', 8765, 0, 0): b' 500,5,1,512,0,27,5,1,6,1,1,-94,6,1551,12545,33,0,0 '
Received from ('fd00::200:0:0:1', 5678, 0, 0): b' 500,1,0,256,0,6,0,0,4,0,0,0,10,873,10898,391,0,0 '
Received from ('fd00::200:0:0:9', 8765, 0, 0): b' 500,9,5,768,0,21,2,3,6,1,2,-52,4,1132,10263,25,0,0 '
Received from ('fd00::200:0:0:7', 8765, 0, 0): b' 499,7,2,768,0,21,7,3,7,1,2,-70,0,526,11375,27,0,0 '
Received from ('fd00::200:0:0:15', 8765, 0, 0): b' 502,21,17,1536,0,12,3,7,4,1,2,-52,0,456,6784,10,0,0 '
Received from ('fd00::200:0:0:2', 8765, 0, 0): b' 501,2,1,512,0,22,5,1,6,1,1,-88,1,742,13511,33,0,0 '
Received from ('fd00::200:0:0:11', 8765, 0, 0): b' 502,17,13,1280,0,16,2,4,5,1,1,-52,2,664,7805,19,0,0 '
Received from ('fd00::200:0:0:14', 8765, 0, 0): b' 502,20,17,1536,0,17,4,5,5,1,2,-70,0,377,5738,14,0,0 '
Received from ('fd00::200:0:0:4', 8765, 0, 0): b' 503,4,1,512,0,26,5,1,7,1,1,-66,0,274,6972,33,0,0 '
Received from ('fd00::200:0:0:6', 8765, 0, 0): b' 502,6,3,768,0,25,2,1,6,1,1,-70,5,1658,15768,30,0,0 '
Received from ('fd00::200:0:0:8', 8765, 0, 0): b' 503,8,5,768,0,23,2,1,7,1,1,-70,0,496,10538,30,0,0 '
Received from ('fd00::200:0:0:d', 8765, 0, 0): b' 504,13,9,1024,0,21,1,3,6,1,1,-52,3,1070,9954,23,0,0 '
Received from ('fd00::200:0:0:3', 8765, 0, 0): b' 505,3,1,512,10,20,5,1,7,1,1,-64,6,915,9187,33,0,0 '
Received from ('fd00::200:0:0:12', 8765, 0, 0): b' 505,18,15,1536,0,18,2,5,5,1,1,-70,0,455,6312,16,0,0 '
Received from ('fd00::200:0:0:7', 8765, 0, 0): b' 504,7,2,768,0,21,7,3,7,1,2,-70,0,330,6544,28,0,0 '
Received from ('fd00::200:0:0:a', 8765, 0, 0): b' 506,10,6,1024,0,27,1,3,6,1,1,-52,4,853,11485,27,0,0 '
Received from ('fd00::200:0:0:9', 8765, 0, 0): b' 504,9,5,768,0,21,2,3,6,1,2,-52,4,926,8314,26,0,0 '
Received from ('fd00::200:0:0:e', 8765, 0, 0): b' 506,14,10,1280,0,6,1,8,6,1,1,-52,0,910,10117,4,0,0 '
Received from ('fd00::200:0:0:13', 8765, 0, 0): b' 507,19,15,1536,0,14,3,6,6,1,2,-52,0,668,11037,13,0,0 '
Received from ('fd00::200:0:0:1', 5678, 0, 0): b' 507,1,0,256,0,6,0,0,4,0,0,0,10,1562,16249,398,0,0 '
Received from ('fd00::200:0:0:f', 8765, 0, 0): b' 508,15,10,1280,10,32,1,3,7,1,1,-70,2,1640,24378,26,0,0 '
Received from ('fd00::200:0:0:11', 8765, 0, 0): b' 509,17,13,1280,0,17,2,4,6,1,1,-52,2,783,10033,19,0,0 '
Received from ('fd00::200:0:0:13', 8765, 0, 0): b' 511,19,15,1536,0,15,3,6,6,1,2,-52,0,367,4194,13,0,0 '
Received from ('fd00::200:0:0:d', 8765, 0, 0): b' 510,13,9,1024,0,22,1,3,6,1,1,-52,3,849,8293,24,0,0 '
Received from ('fd00::200:0:0:6', 8765, 0, 0): b' 510,6,3,768,0,26,2,1,6,1,1,-70,5,1955,14909,31,0,0 '
Received from ('fd00::200:0:0:15', 8765, 0, 0): b' 511,21,17,1536,0,13,3,7,5,1,2,-52,0,498,8714,10,0,0 '
Received from ('fd00::200:0:0:7', 8765, 0, 0): b' 510,7,2,768,0,22,7,3,7,1,2,-70,0,561,6253,28,0,0 '
Received from ('fd00::200:0:0:5', 8765, 0, 0): b' 511,5,1,512,10,27,5,1,6,1,1,-94,6,3316,25302,34,0,0 '
Received from ('fd00::200:0:0:9', 8765, 0, 0): b' 511,9,5,768,0,21,2,3,6,1,2,-52,4,1168,11195,26,0,0 '
Received from ('fd00::200:0:0:e', 8765, 0, 0): b' 513,14,10,1280,0,7,1,8,6,1,1,-52,0,553,6512,5,0,0 '
Received from ('fd00::200:0:0:2', 8765, 0, 0): b' 511,2,1,512,10,23,5,1,6,1,1,-88,1,1249,15721,34,0,0 '
Received from ('fd00::200:0:0:14', 8765, 0, 0): b' 512,20,17,1536,0,18,4,5,6,1,2,-70,0,578,10068,15,0,0 '
Received from ('fd00::200:0:0:4', 8765, 0, 0): b' 513,4,1,512,0,27,5,1,7,1,1,-66,0,600,11666,34,0,0 '
Received from ('fd00::200:0:0:f', 8765, 0, 0): b' 513,15,10,1280,0,32,1,3,7,1,1,-70,2,629,9647,26,0,0 '
Received from ('fd00::200:0:0:1', 5678, 0, 0): b' 514,1,0,256,0,6,0,0,4,0,0,0,10,1340,15096,407,0,0 '
Received from ('fd00::200:0:0:a', 8765, 0, 0): b' 513,10,6,1024,10,27,1,3,6,1,1,-52,4,1935,15925,27,0,0 '
Received from ('fd00::200:0:0:8', 8765, 0, 0): b' 513,8,5,768,0,25,2,1,7,1,1,-70,0,735,13224,31,0,0 '
Received from ('fd00::200:0:0:3', 8765, 0, 0): b' 514,3,1,512,0,20,5,1,7,1,1,-64,7,2596,17559,34,0,0 '
Received from ('fd00::200:0:0:d', 8765, 0, 0): b' 515,13,9,1024,0,22,1,3,6,1,1,-52,3,691,6598,24,0,0 '
Received from ('fd00::200:0:0:6', 8765, 0, 0): b' 515,6,3,768,10,26,2,1,6,1,1,-70,6,1093,8722,31,0,0 '
Received from ('fd00::200:0:0:11', 8765, 0, 0): b' 516,17,13,1280,0,18,2,4,6,1,1,-52,2,1332,11253,20,0,0 '
Received from ('fd00::200:0:0:12', 8765, 0, 0): b' 516,18,15,1536,0,19,2,5,5,1,1,-70,0,509,9640,17,0,0 '
Received from ('fd00::200:0:0:13', 8765, 0, 0): b' 517,19,15,1536,0,15,3,6,6,1,2,-52,0,345,5922,14,0,0 '
Received from ('fd00::200:0:0:5', 8765, 0, 0): b' 517,5,1,512,0,27,5,1,6,1,1,-94,6,1345,10921,34,0,0 '
Received from ('fd00::200:0:0:2', 8765, 0, 0): b' 516,2,1,512,0,23,5,1,6,1,1,-88,1,332,6706,34,0,0 '
Received from ('fd00::200:0:0:e', 8765, 0, 0): b' 517,14,10,1280,0,7,1,8,6,1,1,-52,0,375,4135,5,0,0 '
Received from ('fd00::200:0:0:4', 8765, 0, 0): b' 517,4,1,512,0,27,5,1,7,1,1,-66,0,153,5366,34,0,0 '
Received from ('fd00::200:0:0:10', 8765, 0, 0): b' 501,16,15,1664,20,0,0,9,3,0,1,-52,0,415,204896,0,0,0 '
Received from ('fd00::200:0:0:10', 8765, 0, 0): b' 508,16,15,1664,70,1,1,9,5,0,1,-52,0,850,5840,0,0,0 '
Received from ('fd00::200:0:0:1', 5678, 0, 0): b' 519,1,0,256,0,6,0,0,4,0,0,0,10,1189,12542,413,0,0 '
Received from ('fd00::200:0:0:15', 8765, 0, 0): b' 519,21,17,1536,0,13,3,7,5,1,2,-52,0,565,7822,11,0,0 '
Received from ('fd00::200:0:0:14', 8765, 0, 0): b' 519,20,17,1536,0,19,4,5,6,1,2,-70,0,575,6518,15,0,0 '
Received from ('fd00::200:0:0:10', 8765, 0, 0): b' 514,16,15,1664,60,2,1,9,5,0,1,-52,0,691,5391,1,0,0 '
Received from ('fd00::200:0:0:9', 8765, 0, 0): b' 520,9,5,768,0,21,2,3,6,1,2,-52,4,1315,14072,27,0,0 '
Received from ('fd00::200:0:0:10', 8765, 0, 0): b' 519,16,15,1536,0,3,1,9,5,1,1,-52,0,1252,6603,1,0,0 '
Received from ('fd00::200:0:0:13', 8765, 0, 0): b' 522,19,15,1536,0,16,3,6,6,1,2,-52,0,353,4480,14,0,0 '
Received from ('fd00::200:0:0:7', 8765, 0, 0): b' 520,7,2,768,0,22,7,3,7,1,2,-70,0,474,12381,29,0,0 '
Received from ('fd00::200:0:0:e', 8765, 0, 0): b' 523,14,10,1280,0,8,1,8,6,1,1,-52,0,409,5503,5,0,0 '
Received from ('fd00::200:0:0:3', 8765, 0, 0): b' 523,3,1,512,0,20,5,1,7,1,1,-64,7,2324,16061,34,0,0 '
Received from ('fd00::200:0:0:d', 8765, 0, 0): b' 523,13,9,1024,10,23,1,3,6,1,1,-52,3,1126,11369,25,0,0 '
Received from ('fd00::200:0:0:2', 8765, 0, 0): b' 524,2,1,512,0,23,5,1,6,1,1,-88,1,773,10759,35,0,0 '
Received from ('fd00::200:0:0:8', 8765, 0, 0): b' 524,8,5,768,10,25,2,1,7,1,1,-70,0,410,11159,32,0,0 '
Received from ('fd00::200:0:0:6', 8765, 0, 0): b' 524,6,3,768,10,26,2,1,6,1,1,-70,6,2376,16002,32,0,0 '
Received from ('fd00::200:0:0:a', 8765, 0, 0): b' 522,10,6,1024,10,27,1,3,6,1,1,-52,5,2641,22911,28,0,0 '
Received from ('fd00::200:0:0:9', 8765, 0, 0): b' 525,9,5,768,0,22,2,3,6,1,2,-52,4,892,8254,27,0,0 '
Received from ('fd00::200:0:0:1', 5678, 0, 0): b' 525,1,0,256,0,6,0,0,4,0,0,0,10,1439,14274,422,0,0 '
Received from ('fd00::200:0:0:f', 8765, 0, 0): b' 524,15,10,1280,0,33,1,3,7,1,1,-70,3,2717,25704,27,0,0 '
Received from ('fd00::200:0:0:12', 8765, 0, 0): b' 526,18,15,1536,0,19,2,5,5,1,1,-70,0,421,9510,17,0,0 '
Received from ('fd00::200:0:0:5', 8765, 0, 0): b' 527,5,1,512,0,27,5,1,6,1,1,-94,6,1971,19601,35,0,0 '
Received from ('fd00::200:0:0:4', 8765, 0, 0): b' 527,4,1,512,0,27,5,1,7,1,1,-66,0,493,11643,35,0,0 '
Received from ('fd00::200:0:0:11', 8765, 0, 0): b' 527,17,13,1280,0,19,2,4,6,1,1,-52,2,1416,18405,21,0,0 '
Received from ('fd00::200:0:0:7', 8765, 0, 0): b' 527,7,2,768,0,23,7,3,7,1,2,-70,0,427,7952,29,0,0 '
Received from ('fd00::200:0:0:10', 8765, 0, 0): b' 527,16,15,1536,0,4,1,9,6,1,1,-52,0,747,7647,2,0,0 '
Received from ('fd00::200:0:0:d', 8765, 0, 0): b' 530,13,9,1024,0,24,1,3,6,1,1,-52,3,881,8250,25,0,0 '
Received from ('fd00::200:0:0:6', 8765, 0, 0): b' 529,6,3,768,0,26,2,1,6,1,1,-70,6,1163,9658,32,0,0 '
Received from ('fd00::200:0:0:15', 8765, 0, 0): b' 530,21,17,1536,0,14,3,7,5,1,2,-52,0,602,10716,12,0,0 '
Received from ('fd00::200:0:0:4', 8765, 0, 0): b' 531,4,1,512,0,27,5,1,7,1,1,-66,0,250,4901,35,0,0 '
Received from ('fd00::200:0:0:12', 8765, 0, 0): b' 531,18,15,1536,10,19,2,5,5,1,1,-70,0,308,4196,18,0,0 '
Received from ('fd00::200:0:0:8', 8765, 0, 0): b' 532,8,5,768,0,26,2,1,7,1,1,-70,0,497,9535,32,0,0 '
Received from ('fd00::200:0:0:f', 8765, 0, 0): b' 531,15,10,1280,0,34,1,3,7,1,1,-70,3,1689,16171,27,0,0 '
Received from ('fd00::200:0:0:14', 8765, 0, 0): b' 532,20,17,1536,0,20,4,5,6,1,2,-70,0,742,11688,16,0,0 '
Received from ('fd00::200:0:0:1', 5678, 0, 0): b' 532,1,0,256,0,6,0,0,4,0,0,0,10,1210,15709,429,0,0 '
Received from ('fd00::200:0:0:e', 8765, 0, 0): b' 532,14,10,1280,0,9,1,8,6,1,1,-52,0,756,9144,6,0,0 '
Received from ('fd00::200:0:0:3', 8765, 0, 0): b' 533,3,1,512,10,20,5,1,7,1,1,-64,7,2481,18774,35,0,0 '
Received from ('fd00::200:0:0:9', 8765, 0, 0): b' 532,9,5,768,0,22,2,3,6,1,2,-52,4,1118,11612,28,0,0 '
Received from ('fd00::200:0:0:2', 8765, 0, 0): b' 533,2,1,512,10,23,5,1,6,1,1,-88,1,604,13065,35,0,0 '
Received from ('fd00::200:0:0:13', 8765, 0, 0): b' 533,19,15,1536,0,17,3,6,6,1,2,-52,0,609,10704,15,0,0 '
Received from ('fd00::200:0:0:7', 8765, 0, 0): b' 532,7,2,768,0,23,7,3,7,1,2,-70,0,249,5650,29,0,0 '
Received from ('fd00::200:0:0:a', 8765, 0, 0): b' 532,10,6,1024,0,27,1,3,6,1,1,-52,5,1981,17957,28,0,0 '
Received from ('fd00::200:0:0:10', 8765, 0, 0): b' 534,16,15,1536,0,4,1,9,6,1,1,-52,0,468,6242,2,0,0 '
Received from ('fd00::200:0:0:5', 8765, 0, 0): b' 536,5,1,512,0,28,5,1,6,1,1,-94,6,1955,17799,36,0,0 '
Received from ('fd00::200:0:0:8', 8765, 0, 0): b' 536,8,5,768,0,26,2,1,7,1,1,-70,0,152,4799,32,0,0 '
Received from ('fd00::200:0:0:4', 8765, 0, 0): b' 536,4,1,512,0,27,5,1,7,1,1,-66,0,324,6356,36,0,0 '
Received from ('fd00::200:0:0:e', 8765, 0, 0): b' 536,14,10,1280,0,9,1,8,6,1,1,-52,0,250,3766,6,0,0 '
Received from ('fd00::200:0:0:9', 8765, 0, 0): b' 537,9,5,768,0,22,2,3,6,1,2,-52,4,452,7186,28,0,0 '
Received from ('fd00::200:0:0:d', 8765, 0, 0): b' 537,13,9,1024,0,24,1,3,6,1,1,-52,3,893,9899,25,0,0 '
Received from ('fd00::200:0:0:12', 8765, 0, 0): b' 537,18,15,1536,0,19,2,5,5,1,1,-70,0,301,6274,18,0,0 '
Received from ('fd00::200:0:0:14', 8765, 0, 0): b' 538,20,17,1536,0,20,4,5,6,1,2,-70,0,333,5884,17,0,0 '
Received from ('fd00::200:0:0:11', 8765, 0, 0): b' 538,17,13,1280,0,19,2,4,6,1,1,-52,2,1164,16422,21,0,0 '
Received from ('fd00::200:0:0:1', 5678, 0, 0): b' 539,1,0,256,0,6,0,0,4,0,0,0,10,1706,15923,439,0,0 '
Received from ('fd00::200:0:0:a', 8765, 0, 0): b' 538,10,6,1024,10,27,1,3,6,1,1,-52,5,1167,11469,29,0,0 '
Received from ('fd00::200:0:0:13', 8765, 0, 0): b' 539,19,15,1536,0,17,3,6,6,1,2,-52,0,277,5841,15,0,0 '
Received from ('fd00::200:0:0:15', 8765, 0, 0): b' 539,21,17,1536,10,14,3,7,5,1,2,-52,0,465,8545,12,0,0 '
Received from ('fd00::200:0:0:f', 8765, 0, 0): b' 538,15,10,1280,0,34,1,3,7,1,1,-70,3,1515,16870,28,0,0 '
Received from ('fd00::200:0:0:4', 8765, 0, 0): b' 540,4,1,512,0,27,5,1,7,1,1,-66,0,273,5214,36,0,0 '
Received from ('fd00::200:0:0:3', 8765, 0, 0): b' 542,3,1,512,20,20,5,1,7,1,1,-64,7,2373,16976,36,0,0 '
Received from ('fd00::200:0:0:6', 8765, 0, 0): b' 541,6,3,768,10,26,2,1,6,1,1,-70,6,2820,20733,33,0,0 '
Received from ('fd00::200:0:0:7', 8765, 0, 0): b' 541,7,2,768,0,23,7,3,7,1,2,-70,0,381,10186,30,0,0 '
Received from ('fd00::200:0:0:8', 8765, 0, 0): b' 541,8,5,768,0,26,2,1,7,1,1,-70,0,455,7471,33,0,0 '
Received from ('fd00::200:0:0:9', 8765, 0, 0): b' 542,9,5,768,0,22,2,3,6,1,2,-52,4,1073,9493,28,0,0 '
Received from ('fd00::200:0:0:e', 8765, 0, 0): b' 541,14,10,1280,0,9,1,8,6,1,1,-52,0,493,5965,7,0,0 '
Received from ('fd00::200:0:0:10', 8765, 0, 0): b' 541,16,15,1536,0,4,1,9,6,1,1,-52,0,618,7512,3,0,0 '
Received from ('fd00::200:0:0:5', 8765, 0, 0): b' 544,5,1,512,0,28,5,1,6,1,1,-94,6,2282,17034,36,0,0 '
Received from ('fd00::200:0:0:13', 8765, 0, 0): b' 542,19,15,1536,0,17,3,6,6,1,2,-52,0,308,4379,16,0,0 '
Received from ('fd00::200:0:0:14', 8765, 0, 0): b' 543,20,17,1536,0,20,4,5,6,1,2,-70,0,276,6440,17,0,0 '
Received from ('fd00::200:0:0:2', 8765, 0, 0): b' 544,2,1,512,0,23,5,1,6,1,1,-88,1,1187,17039,36,0,0 '
Received from ('fd00::200:0:0:15', 8765, 0, 0): b' 545,21,17,1536,0,14,3,7,5,1,2,-52,0,430,5783,13,0,0 '
Received from ('fd00::200:0:0:f', 8765, 0, 0): b' 545,15,10,1280,0,34,1,3,7,1,1,-70,3,1179,15497,28,0,0 '
Received from ('fd00::200:0:0:11', 8765, 0, 0): b' 546,17,13,1280,0,19,2,4,6,1,1,-52,2,1232,14172,22,0,0 '
Received from ('fd00::200:0:0:4', 8765, 0, 0): b' 547,4,1,512,0,27,5,1,7,1,1,-66,0,273,8105,36,0,0 '
Received from ('fd00::200:0:0:6', 8765, 0, 0): b' 547,6,3,768,10,26,2,1,6,1,1,-70,6,1366,11863,33,0,0 '
Received from ('fd00::200:0:0:a', 8765, 0, 0): b' 546,10,6,1024,10,27,1,3,6,1,1,-52,5,1844,16656,29,0,0 '
Received from ('fd00::200:0:0:2', 8765, 0, 0): b' 548,2,1,512,0,23,5,1,6,1,1,-88,1,210,5959,36,0,0 '
Received from ('fd00::200:0:0:12', 8765, 0, 0): b' 547,18,15,1536,0,19,2,5,5,1,1,-70,0,477,9569,19,0,0 '
Received from ('fd00::200:0:0:5', 8765, 0, 0): b' 548,5,1,512,20,28,5,1,6,1,1,-94,6,873,9301,37,0,0 '
Received from ('fd00::200:0:0:d', 8765, 0, 0): b' 548,13,9,1024,0,24,1,3,6,1,1,-52,3,1678,15350,26,0,0 '
Received from ('fd00::200:0:0:7', 8765, 0, 0): b' 548,7,2,768,0,23,7,3,7,1,2,-70,0,395,9123,30,0,0 '
Received from ('fd00::200:0:0:9', 8765, 0, 0): b' 548,9,5,768,0,22,2,3,6,1,2,-52,4,1118,10502,29,0,0 '
Received from ('fd00::200:0:0:14', 8765, 0, 0): b' 548,20,17,1536,0,20,4,5,6,1,2,-70,0,252,4230,17,0,0 '
Received from ('fd00::200:0:0:10', 8765, 0, 0): b' 548,16,15,1536,0,6,1,9,6,1,1,-52,0,896,6782,3,0,0 '
Received from ('fd00::200:0:0:8', 8765, 0, 0): b' 551,8,5,768,0,27,2,1,7,1,1,-70,0,422,11345,33,0,0 '
Received from ('fd00::200:0:0:1', 5678, 0, 0): b' 551,1,0,256,0,6,0,0,4,0,0,0,10,2562,27639,452,0,0 '
Received from ('fd00::200:0:0:3', 8765, 0, 0): b' 551,3,1,512,10,20,5,1,7,1,1,-64,7,2363,18151,36,0,0 '
Received from ('fd00::200:0:0:f', 8765, 0, 0): b' 550,15,10,1280,0,34,1,3,7,1,1,-70,3,822,9565,29,0,0 '
Received from ('fd00::200:0:0:4', 8765, 0, 0): b' 551,4,1,512,0,27,5,1,7,1,1,-66,0,324,5109,37,0,0 '
Received from ('fd00::200:0:0:6', 8765, 0, 0): b' 552,6,3,768,0,26,2,1,6,1,1,-70,6,1267,9335,33,0,0 '
Received from ('fd00::200:0:0:15', 8765, 0, 0): b' 552,21,17,1536,0,14,3,7,5,1,2,-52,0,300,6152,13,0,0 '
Received from ('fd00::200:0:0:11', 8765, 0, 0): b' 554,17,13,1280,0,20,2,4,6,1,1,-52,2,1061,11505,22,0,0 '
Received from ('fd00::200:0:0:e', 8765, 0, 0): b' 553,14,10,1280,0,9,1,8,6,1,1,-52,0,540,11058,7,0,0 '
Received from ('fd00::200:0:0:9', 8765, 0, 0): b' 555,9,5,768,10,23,2,3,6,1,2,-52,4,1209,10793,29,0,0 '
Received from ('fd00::200:0:0:13', 8765, 0, 0): b' 553,19,15,1536,0,18,3,6,6,1,2,-52,0,546,10848,16,0,0 '
Received from ('fd00::200:0:0:a', 8765, 0, 0): b' 554,10,6,1024,0,27,1,3,6,1,1,-52,5,1742,16209,30,0,0 '
Received from ('fd00::200:0:0:12', 8765, 0, 0): b' 555,18,15,1536,0,19,2,5,5,1,1,-70,0,397,7242,19,0,0 '
Received from ('fd00::200:0:0:d', 8765, 0, 0): b' 556,13,9,1024,0,26,1,3,6,1,1,-52,3,1392,11799,27,0,0 '
Received from ('fd00::200:0:0:7', 8765, 0, 0): b' 556,7,2,768,0,24,7,3,7,1,2,-70,0,482,9412,31,0,0 '
Received from ('fd00::200:0:0:6', 8765, 0, 0): b' 557,6,3,768,0,27,2,1,6,1,1,-70,6,1282,9575,34,0,0 '
Received from ('fd00::200:0:0:5', 8765, 0, 0): b' 559,5,1,512,10,29,5,1,6,1,1,-94,7,2868,23224,37,0,0 '
Received from ('fd00::200:0:0:14', 8765, 0, 0): b' 557,20,17,1536,0,21,4,5,6,1,2,-70,0,578,8468,18,0,0 '
Received from ('fd00::200:0:0:2', 8765, 0, 0): b' 558,2,1,512,0,23,5,1,6,1,1,-88,1,1111,16221,37,0,0 '
Received from ('fd00::200:0:0:15', 8765, 0, 0): b' 557,21,17,1536,0,16,3,7,5,1,2,-52,0,623,5566,14,0,0 '
Received from ('fd00::200:0:0:1', 5678, 0, 0): b' 559,1,0,256,0,6,0,0,4,0,0,0,10,1585,18686,461,0,0 '
Received from ('fd00::200:0:0:4', 8765, 0, 0): b' 559,4,1,512,0,28,5,1,7,1,1,-66,0,398,9708,37,0,0 '
Received from ('fd00::200:0:0:3', 8765, 0, 0): b' 560,3,1,512,10,21,5,1,7,1,1,-64,7,2283,17744,37,0,0 '
Received from ('fd00::200:0:0:13', 8765, 0, 0): b' 558,19,15,1536,0,18,3,6,6,1,2,-52,0,403,5212,17,0,0 '
Received from ('fd00::200:0:0:8', 8765, 0, 0): b' 560,8,5,768,0,27,2,2,7,1,1,-70,0,531,12021,34,0,0 '
Received from ('fd00::200:0:0:12', 8765, 0, 0): b' 560,18,15,1536,0,19,2,5,5,1,1,-70,0,308,4605,20,0,0 '
Received from ('fd00::200:0:0:a', 8765, 0, 0): b' 561,10,6,1024,10,28,1,3,6,1,1,-52,5,1293,13165,30,0,0 '
Received from ('fd00::200:0:0:e', 8765, 0, 0): b' 560,14,10,1280,0,10,1,8,6,1,1,-52,0,716,7558,8,0,0 '
Received from ('fd00::200:0:0:9', 8765, 0, 0): b' 563,9,5,768,10,24,2,3,6,1,2,-52,5,1222,13337,30,0,0 '
Received from ('fd00::200:0:0:6', 8765, 0, 0): b' 562,6,3,768,10,27,2,1,6,1,1,-70,6,1036,8853,34,0,0 '
Received from ('fd00::200:0:0:f', 8765, 0, 0): b' 560,15,10,1280,10,35,1,3,7,1,1,-70,3,1735,24021,30,0,0 '
Received from ('fd00::200:0:0:3', 8765, 0, 0): b' 565,3,1,512,0,22,5,1,7,1,1,-64,7,1432,8508,37,0,0 '
Received from ('fd00::200:0:0:4', 8765, 0, 0): b' 565,4,1,512,0,29,5,1,7,1,1,-66,0,374,6769,37,0,0 '
Received from ('fd00::200:0:0:14', 8765, 0, 0): b' 564,20,17,1536,0,21,4,5,6,1,2,-70,0,276,5601,18,0,0 '
Received from ('fd00::200:0:0:1', 5678, 0, 0): b' 565,1,0,256,0,6,0,0,4,0,0,0,10,1488,15202,468,0,0 '
Received from ('fd00::200:0:0:13', 8765, 0, 0): b' 564,19,15,1536,0,18,3,6,6,1,2,-52,0,252,4791,17,0,0 '
Received from ('fd00::200:0:0:d', 8765, 0, 0): b' 565,13,9,1024,10,28,1,3,6,1,1,-52,4,1547,12143,27,0,0 '
Received from ('fd00::200:0:0:2', 8765, 0, 0): b' 566,2,1,512,0,23,5,1,6,1,1,-88,1,730,11808,38,0,0 '
Received from ('fd00::200:0:0:7', 8765, 0, 0): b' 566,7,2,768,0,26,7,3,7,1,2,-70,0,710,11921,32,0,0 '
Received from ('fd00::200:0:0:15', 8765, 0, 0): b' 564,21,17,1536,0,16,3,7,5,1,2,-52,0,300,6481,14,0,0 '
Received from ('fd00::200:0:0:11', 8765, 0, 0): b' 566,17,13,1280,0,21,2,4,6,1,1,-52,2,1788,19623,23,0,0 '
Received from ('fd00::200:0:0:a', 8765, 0, 0): b' 567,10,6,1024,0,28,1,3,6,1,1,-52,5,1234,11964,31,0,0 '
Received from ('fd00::200:0:0:9', 8765, 0, 0): b' 569,9,5,768,0,25,3,3,6,1,2,-52,5,1447,11658,30,0,0 '
Received from ('fd00::200:0:0:6', 8765, 0, 0): b' 569,6,3,768,10,28,3,1,6,1,1,-70,6,1427,10335,35,0,0 '
Received from ('fd00::200:0:0:5', 8765, 0, 0): b' 568,5,1,512,0,30,5,1,6,1,1,-94,7,2975,23075,38,0,0 '
Received from ('fd00::200:0:0:12', 8765, 0, 0): b' 568,18,15,1536,0,20,2,5,5,1,1,-70,0,401,7406,20,0,0 '
Received from ('fd00::200:0:0:8', 8765, 0, 0): b' 569,8,5,768,0,28,3,3,7,1,1,-70,0,597,11697,35,0,0 '
Received from ('fd00::200:0:0:3', 8765, 0, 0): b' 569,3,1,512,0,22,5,1,7,1,1,-64,7,1637,11650,38,0,0 '
Received from ('fd00::200:0:0:14', 8765, 0, 0): b' 570,20,17,1536,0,21,4,5,6,1,2,-70,0,332,5905,19,0,0 '
Received from ('fd00::200:0:0:11', 8765, 0, 0): b' 571,17,13,1280,0,21,2,4,6,1,1,-52,2,592,8235,24,0,0 '
Received from ('fd00::200:0:0:7', 8765, 0, 0): b' 570,7,2,768,0,26,7,3,7,1,2,-70,0,250,5707,32,0,0 '
Received from ('fd00::200:0:0:a', 8765, 0, 0): b' 571,10,6,1024,10,29,2,3,6,1,1,-52,5,1046,9012,31,0,0 '
Received from ('fd00::200:0:0:f', 8765, 0, 0): b' 572,15,10,1280,0,36,1,3,7,1,1,-70,3,1829,23008,30,0,0 '
Received from ('fd00::200:0:0:13', 8765, 0, 0): b' 572,19,15,1536,0,18,3,6,6,1,2,-52,0,453,7904,18,0,0 '
Received from ('fd00::200:0:0:4', 8765, 0, 0): b' 574,4,1,512,0,30,5,1,7,1,1,-66,0,576,10644,38,0,0 '
Received from ('fd00::200:0:0:e', 8765, 0, 0): b' 573,14,10,1280,0,10,1,8,6,1,1,-52,0,597,11225,9,0,0 '
Received from ('fd00::200:0:0:8', 8765, 0, 0): b' 574,8,5,768,0,28,3,3,7,1,1,-70,0,302,5575,35,0,0 '
Received from ('fd00::200:0:0:2', 8765, 0, 0): b' 574,2,1,512,0,23,5,1,6,1,1,-88,1,748,12800,38,0,0 '
Received from ('fd00::200:0:0:d', 8765, 0, 0): b' 575,13,9,1024,0,28,1,3,6,1,1,-52,4,1508,13899,28,0,0 '
Received from ('fd00::200:0:0:12', 8765, 0, 0): b' 573,18,15,1536,0,21,2,5,5,1,1,-70,0,439,5441,21,0,0 '
Received from ('fd00::200:0:0:7', 8765, 0, 0): b' 574,7,2,768,0,26,7,3,7,1,2,-70,0,152,5263,32,0,0 '
Received from ('fd00::200:0:0:11', 8765, 0, 0): b' 576,17,13,1280,0,21,2,4,6,1,1,-52,2,485,7052,24,0,0 '
Received from ('fd00::200:0:0:5', 8765, 0, 0): b' 576,5,1,512,0,30,5,1,6,1,1,-94,7,1902,16027,39,0,0 '
Received from ('fd00::200:0:0:9', 8765, 0, 0): b' 577,9,5,768,0,26,3,3,6,1,2,-52,5,1447,13494,30,0,0 '
Received from ('fd00::200:0:0:15', 8765, 0, 0): b' 577,21,17,1536,0,16,3,7,5,1,2,-52,0,501,10741,15,0,0 '
Received from ('fd00::200:0:0:1', 5678, 0, 0): b' 577,1,0,256,0,6,0,0,4,0,0,0,10,2414,27367,481,0,0 '
Received from ('fd00::200:0:0:6', 8765, 0, 0): b' 576,6,3,768,0,28,3,1,6,1,1,-70,6,1818,16885,35,0,0 '
Received from ('fd00::200:0:0:3', 8765, 0, 0): b' 577,3,1,512,0,23,5,1,7,1,1,-64,7,1818,14318,38,0,0 '
Received from ('fd00::200:0:0:e', 8765, 0, 0): b' 577,14,10,1280,0,10,1,8,6,1,1,-52,0,252,4188,9,0,0 '
Received from ('fd00::200:0:0:8', 8765, 0, 0): b' 579,8,5,768,0,28,3,3,7,1,1,-70,0,249,6115,35,0,0 '
Received from ('fd00::200:0:0:13', 8765, 0, 0): b' 578,19,15,1536,0,18,3,6,6,1,2,-52,0,276,5534,18,0,0 '
Received from ('fd00::200:0:0:14', 8765, 0, 0): b' 580,20,17,1536,0,22,4,5,6,1,2,-70,0,528,9151,19,0,0 '
Received from ('fd00::200:0:0:f', 8765, 0, 0): b' 579,15,10,1280,0,36,1,3,7,1,1,-70,3,1058,14854,31,0,0 '
Received from ('fd00::200:0:0:12', 8765, 0, 0): b' 579,18,15,1536,0,21,2,5,5,1,1,-70,0,304,6118,21,0,0 '
Received from ('fd00::200:0:0:5', 8765, 0, 0): b' 581,5,1,512,10,31,5,1,6,1,1,-94,7,1388,11426,39,0,0 '
Received from ('fd00::200:0:0:d', 8765, 0, 0): b' 582,13,9,1024,0,29,2,3,6,1,1,-52,4,1254,10857,28,0,0 '
Received from ('fd00::200:0:0:1', 5678, 0, 0): b' 582,1,0,256,0,6,0,0,4,0,0,0,10,1243,12576,487,0,0 '
Received from ('fd00::200:0:0:7', 8765, 0, 0): b' 582,7,2,768,0,27,7,3,7,1,2,-70,0,579,9032,33,0,0 '
Received from ('fd00::200:0:0:a', 8765, 0, 0): b' 582,10,6,1024,0,29,2,3,6,1,1,-52,5,2386,21867,32,0,0 '
Received from ('fd00::200:0:0:8', 8765, 0, 0): b' 583,8,5,768,0,28,3,3,7,1,1,-70,0,250,4969,35,0,0 '
Received from ('fd00::200:0:0:15', 8765, 0, 0): b' 582,21,17,1536,0,16,3,7,5,1,2,-52,0,277,5601,15,0,0 '
Received from ('fd00::200:0:0:4', 8765, 0, 0): b' 584,4,1,512,0,31,5,1,7,1,1,-66,0,498,12172,39,0,0 '
Received from ('fd00::200:0:0:6', 8765, 0, 0): b' 583,6,3,768,0,30,3,1,6,1,1,-70,6,1677,11929,36,0,0 '
Received from ('fd00::200:0:0:2', 8765, 0, 0): b' 584,2,1,512,0,23,5,1,6,1,1,-88,1,1118,15725,39,0,0 '
Received from ('fd00::200:0:0:3', 8765, 0, 0): b' 584,3,1,512,10,24,5,1,7,1,1,-64,7,1887,12550,39,0,0 '
Received from ('fd00::200:0:0:11', 8765, 0, 0): b' 583,17,13,1280,0,21,2,4,6,1,1,-52,2,1123,12246,24,0,0 '
Received from ('fd00::200:0:0:13', 8765, 0, 0): b' 584,19,15,1536,10,18,3,6,6,1,2,-52,0,276,5927,18,0,0 '
Received from ('fd00::200:0:0:14', 8765, 0, 0): b' 586,20,17,1536,0,22,4,5,6,1,2,-70,0,402,6590,20,0,0 '
Received from ('fd00::200:0:0:9', 8765, 0, 0): b' 588,9,5,768,0,26,3,3,6,1,2,-52,5,2215,19696,31,0,0 '
Received from ('fd00::200:0:0:10', 8765, 0, 0): b' 557,16,13,1408,40,7,3,9,7,0,2,-70,0,1440,9474,4,0,0 '
Received from ('fd00::200:0:0:1', 5678, 0, 0): b' 589,1,0,256,0,6,0,0,4,0,0,0,10,1284,14811,496,0,0 '
Received from ('fd00::200:0:0:3', 8765, 0, 0): b' 589,3,1,512,10,24,5,1,7,1,1,-64,7,769,7720,39,0,0 '
Received from ('fd00::200:0:0:15', 8765, 0, 0): b' 588,21,17,1536,0,16,3,7,5,1,2,-52,0,332,6251,16,0,0 '
Received from ('fd00::200:0:0:10', 8765, 0, 0): b' 569,16,13,1408,60,8,3,9,7,0,2,-70,0,759,10256,4,0,0 '
Received from ('fd00::200:0:0:6', 8765, 0, 0): b' 588,6,3,768,20,30,3,1,6,1,1,-70,6,760,8399,36,0,0 '
Received from ('fd00::200:0:0:d', 8765, 0, 0): b' 590,13,9,1024,20,29,2,3,6,1,1,-52,4,2062,13192,29,0,0 '
Received from ('fd00::200:0:0:e', 8765, 0, 0): b' 589,14,10,1280,0,11,1,8,6,1,1,-52,0,704,10868,10,0,0 '
Received from ('fd00::200:0:0:f', 8765, 0, 0): b' 589,15,10,1280,0,36,1,3,7,1,1,-70,3,1210,20733,31,0,0 '
Received from ('fd00::200:0:0:13', 8765, 0, 0): b' 590,19,15,1536,0,18,3,6,6,1,2,-52,0,333,4317,19,0,0 '
Received from ('fd00::200:0:0:10', 8765, 0, 0): b' 576,16,13,1408,80,9,3,9,7,0,2,-70,0,139,4703,5,0,0 '
Received from ('fd00::200:0:0:a', 8765, 0, 0): b' 590,10,6,1024,10,29,2,3,6,1,1,-52,5,1417,15215,32,0,0 '
Received from ('fd00::200:0:0:10', 8765, 0, 0): b' 585,16,13,1408,80,10,4,9,7,0,2,-70,0,987,8594,5,0,0 '
Received from ('fd00::200:0:0:12', 8765, 0, 0): b' 589,18,15,1536,0,21,2,5,5,1,1,-70,0,477,8913,22,0,0 '
Received from ('fd00::200:0:0:11', 8765, 0, 0): b' 590,17,13,1280,0,21,3,4,6,1,1,-52,2,1096,11727,25,0,0 '
Received from ('fd00::200:0:0:8', 8765, 0, 0): b' 592,8,5,768,0,28,3,3,7,1,1,-70,0,502,11331,36,0,0 '
Received from ('fd00::200:0:0:4', 8765, 0, 0): b' 592,4,1,512,10,31,5,1,7,1,1,-66,0,395,9877,39,0,0 '
Received from ('fd00::200:0:0:5', 8765, 0, 0): b' 593,5,1,512,0,32,5,1,6,1,1,-94,7,4015,26625,40,0,0 '
Received from ('fd00::200:0:0:7', 8765, 0, 0): b' 595,7,2,768,0,27,7,3,7,1,2,-70,0,442,13631,33,0,0 '
Received from ('fd00::200:0:0:1', 5678, 0, 0): b' 595,1,0,256,0,6,0,0,4,0,0,0,10,1422,13804,504,0,0 '
Received from ('fd00::200:0:0:f', 8765, 0, 0): b' 593,15,10,1280,10,36,1,3,7,1,1,-70,3,740,9184,32,0,0 '
Received from ('fd00::200:0:0:11', 8765, 0, 0): b' 594,17,13,1280,0,21,3,4,6,1,1,-52,2,293,6167,25,0,0 '
Received from ('fd00::200:0:0:2', 8765, 0, 0): b' 595,2,1,512,0,23,5,1,6,1,1,-88,1,778,15407,40,0,0 '
Received from ('fd00::200:0:0:9', 8765, 0, 0): b' 595,9,5,768,10,26,3,3,6,1,2,-52,5,1965,13907,32,0,0 '
Received from ('fd00::200:0:0:15', 8765, 0, 0): b' 595,21,17,1536,0,16,3,7,5,1,2,-52,0,276,5864,16,0,0 '
Received from ('fd00::200:0:0:10', 8765, 0, 0): b' 596,16,13,1280,0,11,4,9,7,1,2,-70,0,1460,11234,6,0,0 '
Received from ('fd00::200:0:0:4', 8765, 0, 0): b' 596,4,1,512,10,31,5,1,7,1,1,-66,0,325,5292,40,0,0 '
Received from ('fd00::200:0:0:6', 8765, 0, 0): b' 596,6,3,768,0,30,3,1,6,1,1,-70,6,1721,13317,36,0,0 '
Received from ('fd00::200:0:0:d', 8765, 0, 0): b' 597,13,9,1024,0,29,2,3,6,1,1,-52,4,1746,13904,29,0,0 '
Received from ('fd00::200:0:0:14', 8765, 0, 0): b' 596,20,17,1536,0,22,4,5,6,1,2,-70,0,529,10541,21,0,0 '
Received from ('fd00::200:0:0:3', 8765, 0, 0): b' 597,3,1,512,0,24,5,1,7,1,1,-64,7,2242,16856,39,0,0 '
Received from ('fd00::200:0:0:5', 8765, 0, 0): b' 598,5,1,512,20,32,5,1,6,1,1,-94,7,1559,11256,40,0,0 '
Received from ('fd00::200:0:0:12', 8765, 0, 0): b' 597,18,15,1536,0,21,2,5,5,1,1,-70,0,397,6899,22,0,0 '
Received from ('fd00::200:0:0:13', 8765, 0, 0): b' 598,19,15,1536,0,19,3,6,6,1,2,-52,0,407,7689,19,0,0 '
Received from ('fd00::200:0:0:7', 8765, 0, 0): b' 599,7,2,768,0,27,7,3,7,1,2,-70,0,334,6040,34,0,0 '
Received from ('fd00::200:0:0:11', 8765, 0, 0): b' 599,17,13,1280,0,21,3,4,6,1,1,-52,2,832,8182,26,0,0 '
Received from ('fd00::200:0:0:1', 5678, 0, 0): b' 599,1,0,256,0,6,0,0,4,0,0,0,10,1348,12204,512,0,0 '
Received from ('fd00::200:0:0:e', 8765, 0, 0): b' 598,14,10,1280,0,11,1,8,6,1,1,-52,0,422,8564,10,0,0 '
Received from ('fd00::200:0:0:8', 8765, 0, 0): b' 600,8,5,768,0,28,3,3,7,1,1,-70,0,382,10874,37,0,0 '
Received from ('fd00::200:0:0:6', 8765, 0, 0): b' 601,6,3,768,10,30,3,1,6,1,1,-70,6,907,8067,37,0,0 '
Received from ('fd00::200:0:0:2', 8765, 0, 0): b' 602,2,1,512,0,24,5,1,6,1,1,-88,1,836,10812,40,0,0 '
Received from ('fd00::200:0:0:a', 8765, 0, 0): b' 601,10,6,1024,10,31,2,3,6,1,1,-52,5,2027,21638,33,0,0 '
Received from ('fd00::200:0:0:f', 8765, 0, 0): b' 601,15,10,1280,10,36,1,3,7,1,1,-70,3,964,17160,32,0,0 '
Received from ('fd00::200:0:0:10', 8765, 0, 0): b' 602,16,13,1280,0,12,4,9,7,1,2,-70,0,531,6316,7,0,0 '
Received from ('fd00::200:0:0:9', 8765, 0, 0): b' 603,9,5,768,20,29,3,3,6,1,2,-52,5,2291,16148,32,0,0 '
Received from ('fd00::200:0:0:12', 8765, 0, 0): b' 602,18,15,1536,0,21,2,5,5,1,1,-70,0,276,5700,22,0,0 '
Received from ('fd00::200:0:0:d', 8765, 0, 0): b' 603,13,9,1024,10,31,2,3,6,1,1,-52,4,1455,10377,30,0,0 '
Received from ('fd00::200:0:0:15', 8765, 0, 0): b' 603,21,17,1536,0,16,3,7,5,1,2,-52,0,453,7765,17,0,0 '
Received from ('fd00::200:0:0:5', 8765, 0, 0): b' 605,5,1,512,0,34,5,1,6,1,1,-94,7,2301,16573,41,0,0 '
Received from ('fd00::200:0:0:1', 5678, 0, 0): b' 606,1,0,256,0,6,0,0,4,0,0,0,10,1254,15779,519,0,0 '
Received from ('fd00::200:0:0:3', 8765, 0, 0): b' 606,3,1,512,10,27,5,1,7,1,1,-64,7,2279,17398,40,0,0 '
Received from ('fd00::200:0:0:d', 8765, 0, 0): b' 607,13,9,1024,0,31,2,3,6,1,1,-52,4,470,6434,30,0,0 '
Received from ('fd00::200:0:0:7', 8765, 0, 0): b' 608,7,2,768,0,31,7,3,7,1,2,-70,0,725,10505,34,0,0 '
Received from ('fd00::200:0:0:4', 8765, 0, 0): b' 608,4,1,512,0,32,5,1,7,1,1,-66,0,544,13319,40,0,0 '
Received from ('fd00::200:0:0:13', 8765, 0, 0): b' 606,19,15,1536,0,20,3,6,6,1,2,-52,0,554,8287,20,0,0 '
Received from ('fd00::200:0:0:6', 8765, 0, 0): b' 608,6,3,768,0,31,3,1,6,1,1,-70,6,1528,11908,37,0,0 '
Received from ('fd00::200:0:0:a', 8765, 0, 0): b' 609,10,6,1024,0,34,2,3,6,1,1,-52,5,1737,15519,34,0,0 '
Received from ('fd00::200:0:0:11', 8765, 0, 0): b' 609,17,13,1280,10,26,3,4,6,1,1,-52,2,1510,16062,26,0,0 '
Received from ('fd00::200:0:0:14', 8765, 0, 0): b' 609,20,17,1536,10,26,4,5,6,1,2,-70,0,966,11491,22,0,0 '
Received from ('fd00::200:0:0:9', 8765, 0, 0): b' 610,9,5,768,20,32,3,3,6,1,2,-52,5,1483,12158,33,0,0 '
Received from ('fd00::200:0:0:2', 8765, 0, 0): b' 611,2,1,512,0,25,5,1,6,1,1,-88,1,1166,14976,41,0,0 '
Received from ('fd00::200:0:0:f', 8765, 0, 0): b' 609,15,10,1280,0,37,1,3,7,1,1,-70,3,1251,16820,33,0,0 '
Received from ('fd00::200:0:0:8', 8765, 0, 0): b' 610,8,5,768,0,30,3,3,7,1,1,-70,0,703,12473,37,0,0 '
Received from ('fd00::200:0:0:e', 8765, 0, 0): b' 609,14,10,1280,10,14,1,8,6,1,1,-52,0,792,10975,11,0,0 '
Received from ('fd00::200:0:0:10', 8765, 0, 0): b' 612,16,13,1280,10,15,4,9,7,1,2,-70,0,717,8984,7,0,0 '
Received from ('fd00::200:0:0:6', 8765, 0, 0): b' 612,6,3,768,0,32,3,1,6,1,1,-70,5,1234,8314,37,0,0 '
Received from ('fd00::200:0:0:3', 8765, 0, 0): b' 613,3,1,512,10,28,5,1,7,1,1,-64,6,2044,13177,40,0,0 '
Received from ('fd00::200:0:0:1', 5678, 0, 0): b' 614,1,0,256,0,6,0,0,4,0,0,0,10,1727,17402,528,0,0 '
Received from ('fd00::200:0:0:15', 8765, 0, 0): b' 614,21,17,1536,0,20,3,7,5,1,2,-52,0,867,10704,17,0,0 '
Received from ('fd00::200:0:0:12', 8765, 0, 0): b' 612,18,15,1536,0,24,2,5,5,1,1,-70,0,771,9794,23,0,0 '
Received from ('fd00::200:0:0:d', 8765, 0, 0): b' 615,13,9,1024,10,33,2,3,6,1,1,-52,4,1857,13896,31,0,0 '
Received from ('fd00::200:0:0:11', 8765, 0, 0): b' 615,17,13,1280,0,29,3,4,6,1,1,-52,2,1346,11251,27,0,0 '
Received from ('fd00::200:0:0:4', 8765, 0, 0): b' 616,4,1,512,0,35,5,1,7,1,1,-66,0,688,10242,41,0,0 '
Received from ('fd00::200:0:0:f', 8765, 0, 0): b' 615,15,10,1280,0,39,1,3,7,1,1,-70,2,941,11957,33,0,0 '
Received from ('fd00::200:0:0:7', 8765, 0, 0): b' 616,7,2,768,0,37,7,3,7,1,2,-70,0,1133,11945,35,0,0 '
Received from ('fd00::200:0:0:13', 8765, 0, 0): b' 614,19,15,1536,10,23,3,6,6,1,2,-52,0,742,8673,20,0,0 '
Received from ('fd00::200:0:0:5', 8765, 0, 0): b' 617,5,1,512,0,35,5,1,6,1,1,-94,7,3078,25373,41,0,0 '
Received from ('fd00::200:0:0:10', 8765, 0, 0): b' 617,16,13,1280,0,19,4,9,7,1,2,-70,0,851,6721,8,0,0 '
Received from ('fd00::200:0:0:e', 8765, 0, 0): b' 617,14,10,1280,0,15,1,8,6,1,1,-52,0,666,7503,12,0,0 '
Received from ('fd00::200:0:0:3', 8765, 0, 0): b' 618,3,1,512,0,29,5,1,7,1,1,-64,6,1371,9497,41,0,0 '
Received from ('fd00::200:0:0:9', 8765, 0, 0): b' 618,9,5,768,0,34,3,3,7,1,2,-52,5,1801,14140,33,0,0 '
Received from ('fd00::200:0:0:2', 8765, 0, 0): b' 620,2,1,512,0,27,5,1,6,1,1,-88,1,980,13340,41,0,0 '
Received from ('fd00::200:0:0:14', 8765, 0, 0): b' 620,20,17,1536,0,34,4,5,7,1,2,-70,0,1297,11155,22,0,0 '
Received from ('fd00::200:0:0:1', 5678, 0, 0): b' 620,1,0,256,0,6,0,0,4,0,0,0,10,1498,14971,535,0,0 '
Received from ('fd00::200:0:0:a', 8765, 0, 0): b' 620,10,6,1024,0,37,2,3,7,1,1,-52,4,2663,22995,34,0,0 '
Received from ('fd00::200:0:0:8', 8765, 0, 0): b' 619,8,5,768,0,35,3,4,7,1,1,-70,0,1054,12098,38,0,0 '
Received from ('fd00::200:0:0:6', 8765, 0, 0): b' 621,6,3,768,0,35,3,1,6,1,1,-70,5,2189,17402,38,0,0 '
Received from ('fd00::200:0:0:11', 8765, 0, 0): b' 622,17,13,1280,0,31,3,4,7,1,1,-52,2,1070,11101,27,0,0 '
Received from ('fd00::200:0:0:5', 8765, 0, 0): b' 622,5,1,512,0,37,5,1,6,1,1,-94,7,1565,11620,42,0,0 '
Received from ('fd00::200:0:0:d', 8765, 0, 0): b' 623,13,9,1024,20,36,2,3,7,1,1,-52,4,1855,15062,31,0,0 '
Received from ('fd00::200:0:0:f', 8765, 0, 0): b' 621,15,10,1280,20,40,2,3,7,1,1,-70,2,1043,14081,34,0,0 '
Received from ('fd00::200:0:0:7', 8765, 0, 0): b' 623,7,2,768,0,40,7,3,7,1,2,-70,0,590,8864,35,0,0 '
Received from ('fd00::200:0:0:3', 8765, 0, 0): b' 624,3,1,512,10,32,5,1,7,1,1,-64,6,1829,11631,41,0,0 '
Received from ('fd00::200:0:0:12', 8765, 0, 0): b' 623,18,15,1536,0,27,2,5,5,1,1,-70,0,798,9828,24,0,0 '
Received from ('fd00::200:0:0:4', 8765, 0, 0): b' 626,4,1,512,0,36,5,1,7,1,1,-66,0,595,12318,42,0,0 '
Received from ('fd00::200:0:0:15', 8765, 0, 0): b' 622,21,17,1536,0,22,3,7,5,1,2,-52,0,571,7768,18,0,0 '
Received from ('fd00::200:0:0:13', 8765, 0, 0): b' 626,19,15,1536,0,25,3,6,6,1,2,-52,0,595,9817,21,0,0 '
Received from ('fd00::200:0:0:14', 8765, 0, 0): b' 625,20,17,1536,0,35,4,5,7,1,2,-70,0,411,4915,23,0,0 '
Received from ('fd00::200:0:0:1', 5678, 0, 0): b' 627,1,0,256,0,6,0,0,4,0,0,0,10,1633,17158,543,0,0 '
Received from ('fd00::200:0:0:15', 8765, 0, 0): b' 627,21,17,1536,0,23,3,7,5,1,2,-52,0,359,4533,18,0,0 '
Received from ('fd00::200:0:0:9', 8765, 0, 0): b' 627,9,5,768,0,36,3,3,7,1,2,-52,5,1971,17204,34,0,0 '
Received from ('fd00::200:0:0:10', 8765, 0, 0): b' 629,16,13,1280,0,22,4,9,7,1,2,-70,0,759,10736,8,0,0 '
Received from ('fd00::200:0:0:e', 8765, 0, 0): b' 628,14,10,1280,0,17,2,8,6,1,1,-52,0,739,10543,12,0,0 '
Received from ('fd00::200:0:0:2', 8765, 0, 0): b' 629,2,1,512,0,31,5,1,6,1,1,-88,1,1277,15654,42,0,0 '
Received from ('fd00::200:0:0:5', 8765, 0, 0): b' 630,5,1,512,20,40,5,1,6,1,1,-94,8,2511,17504,42,0,0 '
Received from ('fd00::200:0:0:6', 8765, 0, 0): b' 629,6,3,768,0,38,3,1,6,1,1,-70,5,1935,14986,39,0,0 '
Received from ('fd00::200:0:0:7', 8765, 0, 0): b' 630,7,2,768,0,41,7,3,7,1,2,-70,0,579,9264,36,0,0 '
Received from ('fd00::200:0:0:11', 8765, 0, 0): b' 629,17,13,1280,0,32,3,4,7,1,1,-52,2,1310,11981,28,0,0 '
Received from ('fd00::200:0:0:4', 8765, 0, 0): b' 631,4,1,512,0,38,5,1,7,1,1,-66,0,482,6848,42,0,0 '
Received from ('fd00::200:0:0:a', 8765, 0, 0): b' 630,10,6,1024,0,41,2,3,7,1,1,-52,4,2204,21344,35,0,0 '
Received from ('fd00::200:0:0:d', 8765, 0, 0): b' 631,13,9,1024,0,39,2,3,7,1,1,-52,4,2054,14980,32,0,0 '
Received from ('fd00::200:0:0:8', 8765, 0, 0): b' 630,8,5,768,0,37,3,4,7,1,1,-70,1,882,14668,39,0,0 '
Received from ('fd00::200:0:0:f', 8765, 0, 0): b' 630,15,10,1280,0,42,2,3,7,1,1,-70,2,1321,19808,34,0,0 '
Received from ('fd00::200:0:0:1', 5678, 0, 0): b' 632,1,0,256,0,6,0,0,4,0,0,0,10,1375,13044,549,0,0 '
Received from ('fd00::200:0:0:3', 8765, 0, 0): b' 632,3,1,512,30,36,5,1,7,1,1,-64,6,1968,15241,42,0,0 '
Received from ('fd00::200:0:0:14', 8765, 0, 0): b' 633,20,17,1536,0,36,4,5,7,1,2,-70,0,420,8206,23,0,0 '
Received from ('fd00::200:0:0:12', 8765, 0, 0): b' 631,18,15,1536,0,28,2,5,5,1,1,-70,0,504,7655,24,0,0 '
Received from ('fd00::200:0:0:e', 8765, 0, 0): b' 633,14,10,1280,0,17,2,8,6,1,1,-52,0,309,4845,13,0,0 '
Received from ('fd00::200:0:0:10', 8765, 0, 0): b' 634,16,13,1280,0,26,4,9,7,1,2,-70,0,851,6402,9,0,0 '
Received from ('fd00::200:0:0:5', 8765, 0, 0): b' 635,5,1,512,0,41,5,1,6,1,1,-94,8,1680,12167,43,0,0 '
Received from ('fd00::200:0:0:13', 8765, 0, 0): b' 634,19,15,1536,0,26,3,6,6,1,2,-52,0,584,8876,22,0,0 '
Received from ('fd00::200:0:0:12', 8765, 0, 0): b' 635,18,15,1536,0,30,2,5,5,1,1,-70,0,522,4374,25,0,0 '
Received from ('fd00::200:0:0:15', 8765, 0, 0): b' 636,21,17,1536,10,25,3,7,5,1,2,-52,0,719,8978,19,0,0 '
Received from ('fd00::200:0:0:7', 8765, 0, 0): b' 636,7,2,768,0,43,7,3,7,1,2,-70,0,487,7582,36,0,0 '
Received from ('fd00::200:0:0:9', 8765, 0, 0): b' 637,9,5,768,10,39,3,3,7,1,2,-52,5,2169,17196,34,0,0 '
Received from ('fd00::200:0:0:f', 8765, 0, 0): b' 636,15,10,1280,10,44,2,3,7,1,1,-70,2,1419,12526,35,0,0 '
Received from ('fd00::200:0:0:2', 8765, 0, 0): b' 638,2,1,512,0,35,5,1,6,1,1,-88,1,1407,14778,43,0,0 '
Received from ('fd00::200:0:0:6', 8765, 0, 0): b' 638,6,3,768,0,38,3,1,6,1,1,-70,5,2020,15746,39,0,0 '
Received from ('fd00::200:0:0:d', 8765, 0, 0): b' 640,13,9,1024,10,42,2,3,7,1,1,-52,4,1659,14779,32,0,0 '
Received from ('fd00::200:0:0:4', 8765, 0, 0): b' 640,4,1,512,0,42,5,1,7,1,1,-66,0,897,12152,43,0,0 '
Received from ('fd00::200:0:0:11', 8765, 0, 0): b' 639,17,13,1280,0,36,3,4,7,1,1,-52,2,1687,16760,28,0,0 '
Received from ('fd00::200:0:0:a', 8765, 0, 0): b' 640,10,6,1024,0,44,2,3,7,1,1,-52,4,2600,21308,36,0,0 '
Received from ('fd00::200:0:0:e', 8765, 0, 0): b' 640,14,10,1280,0,19,2,8,6,1,1,-52,0,605,7280,13,0,0 '
Received from ('fd00::200:0:0:2', 8765, 0, 0): b' 642,2,1,512,0,37,5,1,6,1,1,-88,1,622,6825,43,0,0 '
Received from ('fd00::200:0:0:f', 8765, 0, 0): b' 641,15,10,1280,0,45,2,3,7,1,1,-70,2,656,11798,35,0,0 '
Received from ('fd00::200:0:0:8', 8765, 0, 0): b' 642,8,5,768,0,40,3,4,7,1,1,-70,1,1088,15308,39,0,0 '
Received from ('fd00::200:0:0:1', 5678, 0, 0): b' 643,1,0,256,0,6,0,0,4,0,0,0,10,2757,26983,563,0,0 '
Received from ('fd00::200:0:0:14', 8765, 0, 0): b' 644,20,17,1536,10,40,4,5,7,1,2,-70,0,900,10148,24,0,0 '
Received from ('fd00::200:0:0:7', 8765, 0, 0): b' 643,7,2,768,0,46,7,3,7,1,2,-70,0,672,9354,37,0,0 '
Received from ('fd00::200:0:0:3', 8765, 0, 0): b' 645,3,1,512,0,44,5,1,7,1,1,-64,6,3663,24150,42,0,0 '
Received from ('fd00::200:0:0:d', 8765, 0, 0): b' 645,13,9,1024,10,44,2,3,7,1,1,-52,4,1218,10144,33,0,0 '
Received from ('fd00::200:0:0:a', 8765, 0, 0): b' 645,10,6,1024,10,47,2,3,7,1,1,-52,4,1090,9629,36,0,0 '
Received from ('fd00::200:0:0:5', 8765, 0, 0): b' 646,5,1,512,10,46,5,1,6,1,1,-94,8,3174,24042,43,0,0 '
Received from ('fd00::200:0:0:12', 8765, 0, 0): b' 645,18,15,1536,0,32,2,5,5,1,1,-70,0,538,9005,25,0,0 '
Received from ('fd00::200:0:0:10', 8765, 0, 0): b' 646,16,13,1280,0,32,4,9,7,1,2,-70,0,1227,11703,10,0,0 '
Received from ('fd00::200:0:0:9', 8765, 0, 0): b' 646,9,5,768,10,41,3,3,7,1,2,-52,5,1964,16020,35,0,0 '
Received from ('fd00::200:0:0:15', 8765, 0, 0): b' 646,21,17,1536,0,28,3,7,5,1,2,-52,0,781,9930,19,0,0 '
Received from ('fd00::200:0:0:e', 8765, 0, 0): b' 646,14,10,1280,10,21,2,8,6,1,1,-52,0,516,4975,14,0,0 '
Received from ('fd00::200:0:0:11', 8765, 0, 0): b' 647,17,13,1280,0,38,3,4,7,1,1,-52,2,1299,12895,29,0,0 '
Received from ('fd00::200:0:0:13', 8765, 0, 0): b' 647,19,15,1536,0,31,3,6,6,1,2,-52,0,1006,11393,23,0,0 '
Received from ('fd00::200:0:0:1', 5678, 0, 0): b' 649,1,0,256,0,6,0,0,4,0,0,0,10,1377,13261,570,0,0 '
Received from ('fd00::200:0:0:6', 8765, 0, 0): b' 649,6,3,768,0,43,3,1,7,1,1,-70,5,2596,20910,40,0,0 '
Received from ('fd00::200:0:0:8', 8765, 0, 0): b' 650,8,5,768,0,44,3,4,7,1,1,-70,2,983,12537,40,0,0 '
Received from ('fd00::200:0:0:4', 8765, 0, 0): b' 651,4,1,512,0,44,5,1,7,1,1,-66,0,651,13243,43,0,0 '
Received from ('fd00::200:0:0:14', 8765, 0, 0): b' 651,20,17,1536,0,41,4,5,7,1,2,-70,0,506,7090,24,0,0 '
Received from ('fd00::200:0:0:5', 8765, 0, 0): b' 651,5,1,512,0,46,5,1,6,1,1,-94,9,1641,12390,44,0,0 '
Received from ('fd00::200:0:0:e', 8765, 0, 0): b' 651,14,10,1280,0,23,2,8,7,1,1,-52,0,491,5633,14,0,0 '
Received from ('fd00::200:0:0:2', 8765, 0, 0): b' 652,2,1,512,0,41,5,1,6,1,1,-88,1,1180,15925,43,0,0 '
Received from ('fd00::200:0:0:3', 8765, 0, 0): b' 653,3,1,512,10,45,5,1,7,1,1,-64,6,2227,16053,43,0,0 '
Received from ('fd00::200:0:0:7', 8765, 0, 0): b' 652,7,2,768,0,48,7,3,7,1,2,-70,0,529,11528,37,0,0 '
Received from ('fd00::200:0:0:1', 5678, 0, 0): b' 654,1,0,256,0,6,0,0,4,0,0,0,10,1188,11548,577,0,0 '
Received from ('fd00::200:0:0:f', 8765, 0, 0): b' 651,15,10,1280,20,50,2,3,7,1,1,-70,2,1883,21926,36,0,0 '
Received from ('fd00::200:0:0:9', 8765, 0, 0): b' 654,9,5,768,0,42,3,3,7,1,2,-52,5,1283,13510,36,0,0 '
Received from ('fd00::200:0:0:b', 8765, 0, 0): b' 644,11,8,1024,40,1,1,11,1,0,1,-70,0,1157,6612,1,0,0 '
Received from ('fd00::200:0:0:b', 8765, 0, 0): b' 652,11,8,1152,70,3,1,11,3,0,1,-70,0,1089,6426,1,0,0 '
Received from ('fd00::200:0:0:e', 8765, 0, 0): b' 655,14,10,1280,0,25,2,8,7,1,1,-52,0,466,4156,14,0,0 '
Received from ('fd00::200:0:0:8', 8765, 0, 0): b' 656,8,5,768,10,44,3,4,7,1,1,-70,2,1063,9215,40,0,0 '
Received from ('fd00::200:0:0:d', 8765, 0, 0): b' 656,13,9,1024,10,48,2,3,7,1,1,-52,4,2184,20214,33,0,0 '
Received from ('fd00::200:0:0:11', 8765, 0, 0): b' 656,17,13,1280,0,40,3,4,7,1,1,-52,2,1269,14874,29,0,0 '
Received from ('fd00::200:0:0:6', 8765, 0, 0): b' 657,6,3,768,30,46,3,1,7,1,1,-70,5,2001,13926,40,0,0 '
Received from ('fd00::200:0:0:12', 8765, 0, 0): b' 655,18,15,1536,0,34,3,5,5,1,1,-70,0,771,10333,26,0,0 '
Received from ('fd00::200:0:0:10', 8765, 0, 0): b' 657,16,13,1280,0,33,4,9,7,1,2,-70,0,554,11556,10,0,0 '
Received from ('fd00::200:0:0:4', 8765, 0, 0): b' 658,4,1,512,0,45,5,1,7,1,1,-66,0,456,8356,44,0,0 '
Received from ('fd00::200:0:0:13', 8765, 0, 0): b' 656,19,15,1536,0,36,4,6,7,1,2,-52,0,1034,9741,23,0,0 '
Received from ('fd00::200:0:0:a', 8765, 0, 0): b' 657,10,6,1024,0,51,2,3,7,1,1,-52,4,3223,26225,37,0,0 '
Received from ('fd00::200:0:0:15', 8765, 0, 0): b' 657,21,17,1536,0,32,3,7,5,1,2,-52,0,905,10622,20,0,0 '
Received from ('fd00::200:0:0:14', 8765, 0, 0): b' 659,20,17,1536,0,43,4,5,7,1,2,-70,0,564,7334,25,0,0 '
Received from ('fd00::200:0:0:b', 8765, 0, 0): b' 658,11,8,1024,0,7,1,11,5,1,1,-70,0,1584,9462,1,0,0 '
Received from ('fd00::200:0:0:9', 8765, 0, 0): b' 659,9,5,768,0,44,3,3,7,1,2,-52,5,1564,10007,36,0,0 '
Received from ('fd00::200:0:0:2', 8765, 0, 0): b' 660,2,1,512,0,41,5,1,6,1,1,-88,1,901,11914,44,0,0 '
Received from ('fd00::200:0:0:7', 8765, 0, 0): b' 660,7,2,768,0,49,7,3,7,1,2,-70,0,586,10518,38,0,0 '
Received from ('fd00::200:0:0:6', 8765, 0, 0): b' 661,6,3,768,0,47,3,1,7,1,1,-70,5,899,7429,41,0,0 '
Received from ('fd00::200:0:0:d', 8765, 0, 0): b' 660,13,9,1024,0,49,2,3,7,1,1,-52,4,1350,8146,34,0,0 '
Received from ('fd00::200:0:0:13', 8765, 0, 0): b' 660,19,15,1536,0,38,4,6,7,1,2,-52,0,467,4689,23,0,0 '
Received from ('fd00::200:0:0:8', 8765, 0, 0): b' 661,8,5,768,0,46,3,4,7,1,1,-70,2,1266,10348,41,0,0 '
Received from ('fd00::200:0:0:3', 8765, 0, 0): b' 663,3,1,512,30,48,5,1,7,1,1,-64,6,2648,18864,44,0,0 '
Received from ('fd00::200:0:0:f', 8765, 0, 0): b' 661,15,10,1280,0,52,2,3,7,1,1,-70,2,1700,20954,36,0,0 '
Received from ('fd00::200:0:0:5', 8765, 0, 0): b' 662,5,1,512,20,51,5,1,6,1,1,-94,9,4170,26707,44,0,0 '
Received from ('fd00::200:0:0:15', 8765, 0, 0): b' 661,21,17,1536,0,34,3,7,5,1,2,-52,0,370,4342,20,0,0 '
Received from ('fd00::200:0:0:11', 8765, 0, 0): b' 661,17,13,1280,10,41,3,4,7,1,1,-52,2,1042,10140,30,0,0 '
Received from ('fd00::200:0:0:4', 8765, 0, 0): b' 664,4,1,512,10,49,5,1,7,1,1,-66,0,594,8213,44,0,0 '
Received from ('fd00::200:0:0:2', 8765, 0, 0): b' 664,2,1,512,0,41,5,1,6,1,1,-88,1,376,6911,44,0,0 '
Received from ('fd00::200:0:0:1', 5678, 0, 0): b' 665,1,0,256,0,6,0,0,4,0,0,0,10,2865,28789,592,0,0 '
Received from ('fd00::200:0:0:9', 8765, 0, 0): b' 665,9,5,768,0,45,3,3,7,1,2,-52,5,1118,11027,36,0,0 '
Received from ('fd00::200:0:0:3', 8765, 0, 0): b' 667,3,1,512,10,50,5,1,7,1,1,-64,6,1028,8105,44,0,0 '
Received from ('fd00::200:0:0:10', 8765, 0, 0): b' 665,16,13,1280,10,38,4,9,7,1,2,-70,0,959,8329,11,0,0 '
Received from ('fd00::200:0:0:e', 8765, 0, 0): b' 665,14,10,1280,0,27,2,8,7,1,1,-52,0,588,9805,15,0,0 '
Received from ('fd00::200:0:0:7', 8765, 0, 0): b' 667,7,2,768,10,51,7,3,7,1,2,-70,0,375,7765,38,0,0 '
Received from ('fd00::200:0:0:a', 8765, 0, 0): b' 667,10,6,1024,10,55,2,3,7,1,1,-52,4,2082,20241,38,0,0 '
Received from ('fd00::200:0:0:12', 8765, 0, 0): b' 666,18,15,1536,0,40,3,5,5,1,1,-70,0,1144,11329,27,0,0 '
Received from ('fd00::200:0:0:4', 8765, 0, 0): b' 669,4,1,512,0,49,5,1,7,1,1,-66,0,381,6427,44,0,0 '
Received from ('fd00::200:0:0:6', 8765, 0, 0): b' 669,6,3,768,0,47,3,1,7,1,1,-70,5,1896,15573,41,0,0 '
Received from ('fd00::200:0:0:5', 8765, 0, 0): b' 669,5,1,512,70,54,5,1,6,1,1,-94,9,2090,14575,45,0,0 '
Received from ('fd00::200:0:0:b', 8765, 0, 0): b' 665,11,8,1024,0,9,1,11,6,1,1,-70,0,931,7506,2,0,0 '
Received from ('fd00::200:0:0:d', 8765, 0, 0): b' 666,13,9,1024,0,51,2,3,7,1,1,-52,4,1274,11525,34,0,0 '
Received from ('fd00::200:0:0:e', 8765, 0, 0): b' 669,14,10,1280,10,27,2,8,7,1,1,-52,0,252,4169,15,0,0 '
Received from ('fd00::200:0:0:f', 8765, 0, 0): b' 670,15,10,1280,0,57,2,3,7,1,1,-70,2,1912,22150,37,0,0 '
Received from ('fd00::200:0:0:c', 8765, 0, 0): b' 623,12,8,1152,90,3,2,11,4,0,1,-52,0,955,7009,0,0,0 '
Received from ('fd00::200:0:0:1', 5678, 0, 0): b' 672,1,0,256,0,6,0,0,4,0,0,0,10,1473,16364,598,0,0 '
Received from ('fd00::200:0:0:13', 8765, 0, 0): b' 671,19,15,1536,0,44,4,6,7,1,2,-52,0,1137,11165,24,0,0 '
Received from ('fd00::200:0:0:c', 8765, 0, 0): b' 631,12,8,1152,70,6,2,11,4,0,1,-52,0,1319,7175,1,0,0 '
Received from ('fd00::200:0:0:15', 8765, 0, 0): b' 670,21,17,1536,0,39,3,7,5,1,2,-52,0,1012,9934,21,0,0 '
Received from ('fd00::200:0:0:7', 8765, 0, 0): b' 673,7,2,768,0,52,7,3,7,1,2,-70,0,572,8161,39,0,0 '
Received from ('fd00::200:0:0:2', 8765, 0, 0): b' 674,2,1,512,0,41,5,1,6,1,1,-88,1,1120,15100,45,0,0 '
Received from ('fd00::200:0:0:5', 8765, 0, 0): b' 674,5,1,512,90,56,5,1,6,1,1,-94,9,2097,12263,45,0,0 '
Received from ('fd00::200:0:0:d', 8765, 0, 0): b' 671,13,9,1024,0,51,2,3,7,1,1,-52,4,1102,8747,34,0,0 '
Received from ('fd00::200:0:0:8', 8765, 0, 0): b' 673,8,5,768,10,48,3,4,7,1,1,-70,2,2204,21219,41,0,0 '
Received from ('fd00::200:0:0:11', 8765, 0, 0): b' 672,17,13,1280,0,45,3,4,7,1,1,-52,2,1427,10065,31,0,0 '
Received from ('fd00::200:0:0:c', 8765, 0, 0): b' 661,12,8,1152,90,11,2,11,5,0,1,-52,0,698,8645,3,0,0 '
Received from ('fd00::200:0:0:6', 8765, 0, 0): b' 674,6,3,768,10,49,3,1,7,1,1,-70,5,1103,9047,42,0,0 '
Received from ('fd00::200:0:0:c', 8765, 0, 0): b' 670,12,8,1152,90,13,2,11,5,0,1,-52,0,726,6804,3,0,0 '
Received from ('fd00::200:0:0:10', 8765, 0, 0): b' 674,16,13,1280,0,40,4,9,7,1,2,-70,0,636,9008,11,0,0 '
Received from ('fd00::200:0:0:9', 8765, 0, 0): b' 674,9,5,768,0,47,3,3,7,1,2,-52,5,2360,17319,37,0,0 '
Received from ('fd00::200:0:0:15', 8765, 0, 0): b' 674,21,17,1536,0,39,3,7,5,1,2,-52,0,253,3920,21,0,0 '
Received from ('fd00::200:0:0:1', 5678, 0, 0): b' 676,1,0,256,0,6,0,0,4,0,0,0,10,1385,12192,606,0,0 '
Received from ('fd00::200:0:0:b', 8765, 0, 0): b' 676,11,8,1024,0,12,1,11,6,1,1,-70,0,1208,10829,3,0,0 '
Received from ('fd00::200:0:0:14', 8765, 0, 0): b' 676,20,17,1536,0,49,4,5,7,1,2,-70,0,678,9096,26,0,0 '
Received from ('fd00::200:0:0:4', 8765, 0, 0): b' 676,4,1,512,10,50,5,1,7,1,1,-66,0,455,9122,45,0,0 '
Received from ('fd00::200:0:0:3', 8765, 0, 0): b' 678,3,1,512,0,52,5,1,7,1,1,-64,6,2529,21147,45,0,0 '
Received from ('fd00::200:0:0:c', 8765, 0, 0): b' 679,12,8,1024,0,16,2,11,6,1,1,-52,0,1740,10814,4,0,0 '
Received from ('fd00::200:0:0:a', 8765, 0, 0): b' 677,10,6,1024,10,59,2,3,7,1,1,-52,4,2549,22122,38,0,0 '
Received from ('fd00::200:0:0:13', 8765, 0, 0): b' 677,19,15,1536,0,46,4,6,7,1,2,-52,0,548,6008,25,0,0 '
Received from ('fd00::200:0:0:10', 8765, 0, 0): b' 678,16,13,1280,0,41,4,9,7,1,2,-70,0,415,4521,12,0,0 '
Received from ('fd00::200:0:0:12', 8765, 0, 0): b' 678,18,15,1536,0,45,3,5,5,1,1,-70,0,1038,11656,28,0,0 '
Received from ('fd00::200:0:0:e', 8765, 0, 0): b' 679,14,10,1280,0,32,2,8,7,1,1,-52,0,1013,9537,16,0,0 '
Received from ('fd00::200:0:0:f', 8765, 0, 0): b' 679,15,10,1280,10,58,2,3,7,1,1,-70,2,1499,18222,37,0,0 '
Received from ('fd00::200:0:0:11', 8765, 0, 0): b' 681,17,13,1280,0,49,3,4,7,1,1,-52,2,1605,14900,31,0,0 '
Received from ('fd00::200:0:0:7', 8765, 0, 0): b' 681,7,2,768,10,54,7,3,7,1,2,-70,0,511,10519,39,0,0 '
Received from ('fd00::200:0:0:8', 8765, 0, 0): b' 683,8,5,768,0,52,3,4,7,1,1,-70,2,2144,20502,42,0,0 '
Received from ('fd00::200:0:0:15', 8765, 0, 0): b' 682,21,17,1536,0,41,3,7,5,1,2,-52,0,570,7667,22,0,0 '
Received from ('fd00::200:0:0:6', 8765, 0, 0): b' 684,6,3,768,0,49,3,1,7,1,1,-70,5,1992,16853,42,0,0 '
Received from ('fd00::200:0:0:2', 8765, 0, 0): b' 684,2,1,512,0,41,5,1,6,1,1,-88,1,905,14818,46,0,0 '
Received from ('fd00::200:0:0:5', 8765, 0, 0): b' 684,5,1,512,10,59,5,1,6,2,1,-94,9,3964,24608,46,0,0 '
Received from ('fd00::200:0:0:13', 8765, 0, 0): b' 682,19,15,1536,10,48,4,6,7,1,2,-52,0,460,5030,25,0,0 '
Received from ('fd00::200:0:0:d', 8765, 0, 0): b' 683,13,9,1024,0,55,2,3,7,1,1,-52,4,2847,21582,35,0,0 '
Received from ('fd00::200:0:0:f', 8765, 0, 0): b' 684,15,10,1280,0,59,2,3,7,1,1,-70,2,905,9689,38,0,0 '
Received from ('fd00::200:0:0:14', 8765, 0, 0): b' 684,20,17,1536,0,53,4,5,7,1,2,-70,0,881,8130,27,0,0 '
Received from ('fd00::200:0:0:4', 8765, 0, 0): b' 685,4,1,512,0,55,5,1,7,1,1,-66,0,1023,11954,46,0,0 '
Received from ('fd00::200:0:0:1', 5678, 0, 0): b' 686,1,0,256,0,6,0,0,4,0,0,0,10,2378,25523,620,0,0 '
Received from ('fd00::200:0:0:9', 8765, 0, 0): b' 686,9,5,768,10,50,3,3,7,1,2,-52,5,2469,20179,38,0,0 '
Received from ('fd00::200:0:0:3', 8765, 0, 0): b' 687,3,1,512,0,55,5,1,7,1,1,-64,6,2521,16976,45,0,0 '
Received from ('fd00::200:0:0:b', 8765, 0, 0): b' 687,11,8,1024,0,14,1,11,7,1,1,-70,0,921,10017,3,0,0 '
Received from ('fd00::200:0:0:2', 8765, 0, 0): b' 688,2,1,512,0,41,5,1,6,1,1,-88,1,504,6325,46,0,0 '
Received from ('fd00::200:0:0:5', 8765, 0, 0): b' 688,5,1,512,0,62,5,1,6,2,1,-94,9,1679,9717,46,0,0 '
Received from ('fd00::200:0:0:12', 8765, 0, 0): b' 687,18,15,1536,0,47,3,5,5,1,1,-70,0,613,8631,28,0,0 '
Received from ('fd00::200:0:0:d', 8765, 0, 0): b' 688,13,9,1024,0,57,2,3,7,1,1,-52,4,1012,9597,36,0,0 '
Received from ('fd00::200:0:0:c', 8765, 0, 0): b' 689,12,8,1024,10,18,2,11,6,1,1,-52,0,824,9343,5,0,0 '
Received from ('fd00::200:0:0:a', 8765, 0, 0): b' 688,10,6,1024,10,62,2,3,7,1,1,-52,4,2548,22282,39,0,0 '
Received from ('fd00::200:0:0:7', 8765, 0, 0): b' 689,7,2,768,0,56,7,3,7,1,2,-70,0,712,9909,40,0,0 '
Received from ('fd00::200:0:0:10', 8765, 0, 0): b' 689,16,13,1280,0,46,4,9,7,1,2,-70,0,1050,11434,12,0,0 '
Received from ('fd00::200:0:0:e', 8765, 0, 0): b' 690,14,10,1280,0,35,2,8,7,1,1,-52,0,767,10922,16,0,0 '
Received from ('fd00::200:0:0:8', 8765, 0, 0): b' 691,8,5,768,0,55,3,4,7,1,1,-70,2,1549,16204,43,0,0 '
Received from ('fd00::200:0:0:15', 8765, 0, 0): b' 691,21,17,1536,0,43,3,7,5,1,2,-52,0,635,8120,22,0,0 '
Received from ('fd00::200:0:0:6', 8765, 0, 0): b' 692,6,3,768,0,51,3,1,7,1,1,-70,5,1736,15286,43,0,0 '
Received from ('fd00::200:0:0:11', 8765, 0, 0): b' 691,17,13,1280,0,51,3,4,7,1,1,-52,2,1694,17485,32,0,0 '
Received from ('fd00::200:0:0:9', 8765, 0, 0): b' 693,9,5,768,0,51,3,3,7,1,2,-52,5,1374,12280,38,0,0 '
Received from ('fd00::200:0:0:14', 8765, 0, 0): b' 691,20,17,1536,0,54,4,5,7,1,2,-70,0,407,7531,27,0,0 '
Received from ('fd00::200:0:0:b', 8765, 0, 0): b' 693,11,8,1024,0,17,1,11,7,1,1,-70,0,847,6837,4,0,0 '
Received from ('fd00::200:0:0:4', 8765, 0, 0): b' 694,4,1,512,0,57,5,1,7,1,1,-66,0,680,10729,46,0,0 '
Received from ('fd00::200:0:0:1', 5678, 0, 0): b' 694,1,0,256,0,6,0,0,4,0,0,0,10,1852,21257,631,0,0 '
Received from ('fd00::200:0:0:c', 8765, 0, 0): b' 695,12,8,1024,0,23,2,11,6,1,1,-52,0,964,6958,5,0,0 '
Received from ('fd00::200:0:0:13', 8765, 0, 0): b' 693,19,15,1536,0,50,4,6,7,1,2,-52,0,716,10532,26,0,0 '
Received from ('fd00::200:0:0:7', 8765, 0, 0): b' 694,7,2,768,0,59,7,3,7,1,2,-70,0,570,6105,40,0,0 '
Received from ('fd00::200:0:0:5', 8765, 0, 0): b' 696,5,1,512,0,66,5,1,6,2,1,-94,9,3182,20642,47,0,0 '
Received from ('fd00::200:0:0:2', 8765, 0, 0): b' 697,2,1,512,0,43,5,1,6,1,1,-88,1,1071,14961,46,0,0 '
Received from ('fd00::200:0:0:e', 8765, 0, 0): b' 695,14,10,1280,10,41,2,8,7,1,1,-52,0,838,5806,17,0,0 '
Received from ('fd00::200:0:0:d', 8765, 0, 0): b' 697,13,9,1024,0,59,2,3,7,1,1,-52,4,1866,15671,36,0,0 '
Received from ('fd00::200:0:0:3', 8765, 0, 0): b' 698,3,1,512,10,57,5,1,7,1,1,-64,6,2692,21267,46,0,0 '
Received from ('fd00::200:0:0:f', 8765, 0, 0): b' 695,15,10,1280,10,63,2,3,7,1,1,-70,2,1831,22721,39,0,0 '
Received from ('fd00::200:0:0:a', 8765, 0, 0): b' 697,10,6,1024,0,64,2,3,7,1,1,-52,4,2273,18785,40,0,0 '
Received from ('fd00::200:0:0:10', 8765, 0, 0): b' 698,16,13,1280,0,50,4,9,7,1,2,-70,0,943,9092,13,0,0 '
Received from ('fd00::200:0:0:8', 8765, 0, 0): b' 698,8,5,768,0,57,3,4,7,1,1,-70,2,1400,16000,43,0,0 '
Received from ('fd00::200:0:0:6', 8765, 0, 0): b' 699,6,3,768,10,53,3,1,7,1,1,-70,5,1743,12300,43,0,0 '
Received from ('fd00::200:0:0:4', 8765, 0, 0): b' 699,4,1,512,0,58,5,1,7,1,1,-66,0,456,7121,47,0,0 '
Received from ('fd00::200:0:0:1', 5678, 0, 0): b' 700,1,0,256,0,6,0,0,4,0,0,0,10,1484,15445,639,0,0 '
Received from ('fd00::200:0:0:13', 8765, 0, 0): b' 699,19,15,1536,0,52,4,6,7,1,2,-52,0,491,5691,26,0,0 '
Received from ('fd00::200:0:0:12', 8765, 0, 0): b' 698,18,15,1536,0,50,3,5,5,1,1,-70,0,822,11563,29,0,0 '
Received from ('fd00::200:0:0:f', 8765, 0, 0): b' 700,15,10,1280,0,63,2,3,7,1,1,-70,2,821,8957,39,0,0 '
Received from ('fd00::200:0:0:7', 8765, 0, 0): b' 702,7,2,768,0,62,7,3,7,1,2,-70,0,702,9912,41,0,0 '
Received from ('fd00::200:0:0:e', 8765, 0, 0): b' 701,14,10,1280,0,42,2,8,7,1,1,-52,0,561,6060,17,0,0 '
Received from ('fd00::200:0:0:15', 8765, 0, 0): b' 701,21,17,1536,0,45,3,7,5,1,2,-52,0,691,9951,23,0,0 '
Received from ('fd00::200:0:0:5', 8765, 0, 0): b' 704,5,1,512,0,71,5,1,6,2,1,-94,9,2326,16630,47,0,0 '
Received from ('fd00::200:0:0:2', 8765, 0, 0): b' 704,2,1,512,10,46,5,1,6,1,1,-88,1,1113,10609,47,0,0 '
Received from ('fd00::200:0:0:3', 8765, 0, 0): b' 704,3,1,512,10,59,5,1,7,1,1,-64,6,1793,11992,46,0,0 '
Received from ('fd00::200:0:0:9', 8765, 0, 0): b' 704,9,5,768,10,51,3,3,7,1,2,-52,5,1653,18338,39,0,0 '
Received from ('fd00::200:0:0:b', 8765, 0, 0): b' 704,11,8,1024,0,22,1,11,7,1,1,-70,0,1173,11181,4,0,0 '
Received from ('fd00::200:0:0:11', 8765, 0, 0): b' 703,17,13,1280,10,54,3,4,7,1,1,-52,2,1812,19530,33,0,0 '
Received from ('fd00::200:0:0:c', 8765, 0, 0): b' 704,12,8,1024,0,28,2,11,6,1,1,-52,0,1102,10562,6,0,0 '
Received from ('fd00::200:0:0:6', 8765, 0, 0): b' 704,6,3,768,0,54,3,1,7,1,1,-70,5,1160,9652,44,0,0 '
Received from ('fd00::200:0:0:14', 8765, 0, 0): b' 703,20,17,1536,0,59,4,5,7,1,2,-70,0,1036,11937,28,0,0 '
Received from ('fd00::200:0:0:4', 8765, 0, 0): b' 706,4,1,512,0,61,5,1,7,1,1,-66,0,594,8071,47,0,0 '
Received from ('fd00::200:0:0:8', 8765, 0, 0): b' 706,8,5,768,0,59,3,4,7,1,1,-70,2,1440,16006,44,0,0 '
Received from ('fd00::200:0:0:12', 8765, 0, 0): b' 706,18,15,1536,0,50,3,5,5,1,1,-70,0,301,6476,29,0,0 '
Received from ('fd00::200:0:0:10', 8765, 0, 0): b' 707,16,13,1280,10,53,4,9,7,1,2,-70,0,677,8319,14,0,0 '
Received from ('fd00::200:0:0:1', 5678, 0, 0): b' 708,1,0,256,0,6,0,0,4,0,0,0,10,2039,21161,648,0,0 '
Received from ('fd00::200:0:0:f', 8765, 0, 0): b' 707,15,10,1280,20,63,2,3,7,1,1,-70,2,822,12884,39,0,0 '
Received from ('fd00::200:0:0:d', 8765, 0, 0): b' 708,13,9,1024,0,64,2,3,7,1,1,-52,4,2324,19373,37,0,0 '
Received from ('fd00::200:0:0:6', 8765, 0, 0): b' 709,6,3,768,20,55,3,1,7,1,1,-70,5,975,8107,44,0,0 '
Received from ('fd00::200:0:0:a', 8765, 0, 0): b' 708,10,6,1024,10,67,2,3,7,1,1,-52,4,2179,22196,40,0,0 '
Received from ('fd00::200:0:0:14', 8765, 0, 0): b' 707,20,17,1536,10,61,4,5,7,1,2,-70,0,468,4541,28,0,0 '
Received from ('fd00::200:0:0:7', 8765, 0, 0): b' 710,7,2,768,0,62,7,3,7,1,2,-70,0,394,9446,41,0,0 '
Received from ('fd00::200:0:0:13', 8765, 0, 0): b' 709,19,15,1536,0,55,4,6,7,1,2,-52,0,798,10061,27,0,0 '
Received from ('fd00::200:0:0:5', 8765, 0, 0): b' 710,5,1,512,0,73,5,1,6,2,1,-94,9,2396,15854,47,0,0 '
Received from ('fd00::200:0:0:e', 8765, 0, 0): b' 710,14,10,1280,0,44,2,8,7,1,1,-52,0,594,8441,18,0,0 '
Received from ('fd00::200:0:0:15', 8765, 0, 0): b' 709,21,17,1536,0,47,3,7,5,1,2,-52,0,667,7872,24,0,0 '
Received from ('fd00::200:0:0:9', 8765, 0, 0): b' 711,9,5,768,0,53,3,3,7,1,2,-52,5,1899,13600,39,0,0 '
Received from ('fd00::200:0:0:8', 8765, 0, 0): b' 711,8,5,768,10,59,3,5,7,1,1,-70,2,476,7811,44,0,0 '
Received from ('fd00::200:0:0:2', 8765, 0, 0): b' 712,2,1,512,0,47,5,1,6,1,1,-88,1,867,13619,48,0,0 '
Received from ('fd00::200:0:0:12', 8765, 0, 0): b' 711,18,15,1536,0,52,3,5,5,1,1,-70,0,522,5146,30,0,0 '
Received from ('fd00::200:0:0:b', 8765, 0, 0): b' 712,11,8,1024,0,26,1,11,7,1,1,-70,0,979,8589,5,0,0 '
Received from ('fd00::200:0:0:1', 5678, 0, 0): b' 714,1,0,256,0,6,0,0,4,0,0,0,10,1636,16456,657,0,0 '
Received from ('fd00::200:0:0:3', 8765, 0, 0): b' 713,3,1,512,0,62,5,1,7,1,1,-64,6,2759,17909,47,0,0 '
Received from ('fd00::200:0:0:4', 8765, 0, 0): b' 713,4,1,512,0,65,5,1,7,1,1,-66,0,693,10641,48,0,0 '
Received from ('fd00::200:0:0:15', 8765, 0, 0): b' 714,21,17,1536,0,48,3,7,5,1,2,-52,0,262,4278,24,0,0 '
Received from ('fd00::200:0:0:10', 8765, 0, 0): b' 715,16,13,1280,0,55,4,9,7,1,2,-70,0,846,8648,14,0,0 '
Received from ('fd00::200:0:0:11', 8765, 0, 0): b' 715,17,13,1280,0,55,3,4,7,1,1,-52,2,1829,18946,34,0,0 '
Received from ('fd00::200:0:0:c', 8765, 0, 0): b' 716,12,8,1024,0,31,2,12,6,1,1,-52,0,893,11373,6,0,0 '
Received from ('fd00::200:0:0:6', 8765, 0, 0): b' 717,6,3,768,10,56,3,1,7,1,1,-70,5,1637,14167,44,0,0 '
Received from ('fd00::200:0:0:d', 8765, 0, 0): b' 717,13,9,1024,10,70,2,3,7,1,1,-52,4,2385,16342,38,0,0 '
Received from ('fd00::200:0:0:a', 8765, 0, 0): b' 718,10,6,1024,0,71,2,3,7,1,1,-52,4,2303,19608,41,0,0 '
Received from ('fd00::200:0:0:5', 8765, 0, 0): b' 718,5,1,512,0,74,5,1,6,2,1,-94,9,2577,17912,48,0,0 '
Received from ('fd00::200:0:0:7', 8765, 0, 0): b' 718,7,2,768,0,65,7,3,7,1,2,-70,0,702,10579,42,0,0 '
Received from ('fd00::200:0:0:1', 5678, 0, 0): b' 719,1,0,256,0,6,0,0,4,0,0,0,10,1178,13799,662,0,0 '
Received from ('fd00::200:0:0:b', 8765, 0, 0): b' 718,11,8,1024,0,29,1,11,7,1,1,-70,0,687,5665,5,0,0 '
Received from ('fd00::200:0:0:14', 8765, 0, 0): b' 718,20,17,1536,0,63,4,5,7,1,2,-70,0,716,10300,29,0,0 '
Received from ('fd00::200:0:0:2', 8765, 0, 0): b' 719,2,1,512,0,50,5,1,6,1,1,-88,1,1231,11746,48,0,0 '
Received from ('fd00::200:0:0:13', 8765, 0, 0): b' 718,19,15,1536,0,57,4,6,7,1,2,-52,0,636,8891,27,0,0 '
Received from ('fd00::200:0:0:4', 8765, 0, 0): b' 719,4,1,512,0,68,5,1,7,1,1,-66,0,619,8192,48,0,0 '
Received from ('fd00::200:0:0:f', 8765, 0, 0): b' 719,15,10,1280,0,67,2,3,7,1,1,-70,2,1858,22473,40,0,0 '
Received from ('fd00::200:0:0:9', 8765, 0, 0): b' 720,9,5,768,10,56,3,3,7,1,2,-52,5,2073,16804,40,0,0 '
Received from ('fd00::200:0:0:3', 8765, 0, 0): b' 721,3,1,512,10,64,5,1,7,1,1,-64,6,1542,14431,48,0,0 '
Received from ('fd00::200:0:0:8', 8765, 0, 0): b' 722,8,5,768,10,62,3,5,7,1,1,-70,2,1750,19286,45,0,0 '
Received from ('fd00::200:0:0:6', 8765, 0, 0): b' 722,6,3,768,20,58,3,1,7,1,1,-70,5,1278,9396,45,0,0 '
Received from ('fd00::200:0:0:12', 8765, 0, 0): b' 720,18,15,1536,0,55,3,5,5,1,1,-70,0,742,8679,30,0,0 '
Received from ('fd00::200:0:0:e', 8765, 0, 0): b' 721,14,10,1280,0,46,2,8,7,1,1,-52,0,691,10377,19,0,0 '
Received from ('fd00::200:0:0:11', 8765, 0, 0): b' 721,17,13,1280,10,56,3,4,7,1,1,-52,2,814,10430,34,0,0 '
Received from ('fd00::200:0:0:a', 8765, 0, 0): b' 722,10,6,1024,10,73,2,3,7,1,1,-52,4,1367,10260,41,0,0 '
Received from ('fd00::200:0:0:5', 8765, 0, 0): b' 723,5,1,512,20,74,5,1,6,2,1,-94,9,1768,12028,48,0,0 '
Received from ('fd00::200:0:0:10', 8765, 0, 0): b' 723,16,13,1280,0,56,4,9,7,1,2,-70,0,463,7962,15,0,0 '
Received from ('fd00::200:0:0:2', 8765, 0, 0): b' 723,2,1,512,0,51,5,1,6,1,1,-88,1,373,6024,48,0,0 '
Received from ('fd00::200:0:0:d', 8765, 0, 0): b' 723,13,9,1024,0,73,2,3,7,1,1,-52,4,1532,12247,38,0,0 '
Received from ('fd00::200:0:0:15', 8765, 0, 0): b' 724,21,17,1536,0,50,3,7,5,1,2,-52,0,685,9445,25,0,0 '
Received from ('fd00::200:0:0:9', 8765, 0, 0): b' 725,9,5,768,0,57,3,3,7,1,2,-52,5,1184,8726,40,0,0 '
Received from ('fd00::200:0:0:b', 8765, 0, 0): b' 725,11,8,1024,0,30,1,11,7,1,1,-70,0,535,6471,6,0,0 '
Received from ('fd00::200:0:0:c', 8765, 0, 0): b' 726,12,8,1024,0,35,2,12,6,1,1,-52,0,1002,10361,7,0,0 '
Received from ('fd00::200:0:0:3', 8765, 0, 0): b' 727,3,1,512,10,64,5,1,7,1,1,-64,6,1606,11390,48,0,0 '
Received from ('fd00::200:0:0:a', 8765, 0, 0): b' 727,10,6,1024,0,75,2,3,7,1,1,-52,4,1000,9067,42,0,0 '
Received from ('fd00::200:0:0:e', 8765, 0, 0): b' 727,14,10,1280,0,47,2,8,7,1,1,-52,0,384,5349,19,0,0 '
Received from ('fd00::200:0:0:7', 8765, 0, 0): b' 727,7,2,768,0,68,7,3,7,1,2,-70,0,810,11674,42,0,0 '
Received from ('fd00::200:0:0:14', 8765, 0, 0): b' 727,20,17,1536,0,66,4,5,7,1,2,-70,0,775,8368,30,0,0 '
Received from ('fd00::200:0:0:13', 8765, 0, 0): b' 727,19,15,1536,0,61,4,6,7,1,2,-52,0,784,8705,28,0,0 '
Received from ('fd00::200:0:0:1', 5678, 0, 0): b' 729,1,0,256,0,6,0,0,4,0,0,0,10,2747,28599,678,0,0 '
Received from ('fd00::200:0:0:4', 8765, 0, 0): b' 729,4,1,512,0,71,5,1,7,1,1,-66,0,790,11767,49,0,0 '
Received from ('fd00::200:0:0:9', 8765, 0, 0): b' 729,9,5,768,30,60,3,3,7,1,2,-52,5,898,7434,41,0,0 '
Received from ('fd00::200:0:0:10', 8765, 0, 0): b' 726,16,13,1280,0,56,4,9,7,1,2,-70,0,252,4069,15,0,0 '
Received from ('fd00::200:0:0:8', 8765, 0, 0): b' 731,8,5,768,0,64,3,5,7,1,1,-70,2,1518,17478,45,0,0 '
Received from ('fd00::200:0:0:6', 8765, 0, 0): b' 730,6,3,768,10,59,3,1,7,1,1,-70,5,2055,16274,45,0,0 '
Received from ('fd00::200:0:0:f', 8765, 0, 0): b' 729,15,10,1280,0,71,2,3,7,1,1,-70,2,2046,20904,41,0,0 '
Received from ('fd00::200:0:0:12', 8765, 0, 0): b' 730,18,15,1536,10,59,3,5,5,1,1,-70,0,798,9658,31,0,0 '
Received from ('fd00::200:0:0:a', 8765, 0, 0): b' 733,10,6,1024,0,77,2,3,7,1,1,-52,4,1384,11284,42,0,0 '
Received from ('fd00::200:0:0:11', 8765, 0, 0): b' 732,17,13,1280,0,58,3,4,7,1,1,-52,2,1701,18539,35,0,0 '
Received from ('fd00::200:0:0:5', 8765, 0, 0): b' 734,5,1,512,0,76,5,1,6,2,1,-94,9,3283,24163,49,0,0 '
Received from ('fd00::200:0:0:c', 8765, 0, 0): b' 734,12,8,1024,0,38,2,12,6,1,1,-52,0,769,7318,8,0,0 '
Received from ('fd00::200:0:0:15', 8765, 0, 0): b' 733,21,17,1536,0,52,3,7,5,1,2,-52,0,635,8568,25,0,0 '
Received from ('fd00::200:0:0:2', 8765, 0, 0): b' 734,2,1,512,0,57,5,1,6,1,1,-88,1,1766,18647,49,0,0 '
Received from ('fd00::200:0:0:e', 8765, 0, 0): b' 734,14,10,1280,0,47,2,8,7,1,1,-52,0,397,6789,19,0,0 '
Received from ('fd00::200:0:0:3', 8765, 0, 0): b' 735,3,1,512,20,66,5,1,7,1,1,-64,6,2188,15616,49,0,0 '
Received from ('fd00::200:0:0:9', 8765, 0, 0): b' 736,9,5,768,0,60,3,3,7,1,2,-52,5,1153,11460,41,0,0 '
Received from ('fd00::200:0:0:7', 8765, 0, 0): b' 736,7,2,768,0,71,7,3,7,1,2,-70,0,703,10473,43,0,0 '
Received from ('fd00::200:0:0:f', 8765, 0, 0): b' 735,15,10,1280,0,72,2,3,7,1,1,-70,2,774,9611,41,0,0 '
Received from ('fd00::200:0:0:d', 8765, 0, 0): b' 735,13,9,1024,0,73,2,3,7,1,1,-52,4,1984,20069,39,0,0 '
Received from ('fd00::200:0:0:1', 5678, 0, 0): b' 737,1,0,256,0,6,0,0,4,0,0,0,10,1795,19285,686,0,0 '
Received from ('fd00::200:0:0:4', 8765, 0, 0): b' 736,4,1,512,0,75,5,1,7,1,1,-66,0,726,9489,49,0,0 '
Received from ('fd00::200:0:0:b', 8765, 0, 0): b' 736,11,8,1024,0,36,1,11,7,1,1,-70,0,1472,13043,7,0,0 '
Received from ('fd00::200:0:0:10', 8765, 0, 0): b' 737,16,13,1280,0,58,4,9,7,1,2,-70,0,691,10300,16,0,0 '
Received from ('fd00::200:0:0:8', 8765, 0, 0): b' 738,8,5,768,0,66,3,5,7,1,1,-70,2,1467,16489,46,0,0 '
Received from ('fd00::200:0:0:5', 8765, 0, 0): b' 739,5,1,512,20,77,5,1,6,2,1,-94,9,2048,13104,49,0,0 '
Received from ('fd00::200:0:0:14', 8765, 0, 0): b' 738,20,17,1536,0,70,4,5,7,1,2,-70,0,843,10226,30,0,0 '
Received from ('fd00::200:0:0:c', 8765, 0, 0): b' 738,12,8,1024,0,38,2,12,6,1,1,-52,0,275,4870,8,0,0 '
Received from ('fd00::200:0:0:9', 8765, 0, 0): b' 740,9,5,768,0,60,3,3,7,1,2,-52,5,867,6883,41,0,0 '
Received from ('fd00::200:0:0:6', 8765, 0, 0): b' 741,6,3,768,10,61,3,1,7,1,1,-70,5,2016,17787,46,0,0 '
Received from ('fd00::200:0:0:11', 8765, 0, 0): b' 740,17,13,1280,0,61,3,4,7,1,1,-52,2,1412,12374,35,0,0 '
Received from ('fd00::200:0:0:13', 8765, 0, 0): b' 738,19,15,1536,10,64,4,6,7,1,2,-52,0,792,10812,29,0,0 '
Received from ('fd00::200:0:0:2', 8765, 0, 0): b' 741,2,1,512,0,60,5,1,6,1,1,-88,1,935,10808,49,0,0 '
Received from ('fd00::200:0:0:b', 8765, 0, 0): b' 741,11,8,1024,0,38,1,11,7,1,1,-70,0,491,4962,7,0,0 '
Received from ('fd00::200:0:0:12', 8765, 0, 0): b' 741,18,15,1536,0,63,3,5,5,1,1,-70,0,1013,10755,32,0,0 '
Received from ('fd00::200:0:0:15', 8765, 0, 0): b' 741,21,17,1536,0,55,3,7,5,1,2,-52,0,677,7920,26,0,0 '
Received from ('fd00::200:0:0:7', 8765, 0, 0): b' 743,7,2,768,0,73,7,3,7,1,2,-70,0,585,9062,43,0,0 '
Received from ('fd00::200:0:0:1', 5678, 0, 0): b' 744,1,0,256,0,6,0,0,4,0,0,0,10,1749,19687,698,0,0 '
Received from ('fd00::200:0:0:a', 8765, 0, 0): b' 743,10,6,1024,0,80,2,3,7,1,1,-52,4,2568,23573,43,0,0 '
Received from ('fd00::200:0:0:3', 8765, 0, 0): b' 744,3,1,512,0,67,5,1,7,1,1,-64,6,2011,16602,49,0,0 '
Received from ('fd00::200:0:0:8', 8765, 0, 0): b' 746,8,5,768,0,68,3,5,7,1,1,-70,2,1239,12829,46,0,0 '
Received from ('fd00::200:0:0:4', 8765, 0, 0): b' 745,4,1,512,0,77,5,1,7,1,1,-66,0,677,11098,50,0,0 '
Received from ('fd00::200:0:0:5', 8765, 0, 0): b' 746,5,1,512,0,77,5,1,6,2,1,-94,9,2216,14980,50,0,0 '
Received from ('fd00::200:0:0:e', 8765, 0, 0): b' 746,14,10,1280,10,54,2,8,7,1,1,-52,0,1220,11527,20,0,0 '
Received from ('fd00::200:0:0:d', 8765, 0, 0): b' 746,13,9,1024,10,78,2,3,7,1,1,-52,4,2265,18236,39,0,0 '
Received from ('fd00::200:0:0:10', 8765, 0, 0): b' 745,16,13,1280,0,60,4,9,7,1,2,-70,0,612,7842,16,0,0 '
Received from ('fd00::200:0:0:f', 8765, 0, 0): b' 746,15,10,1280,0,78,2,3,7,1,1,-70,2,2185,22713,42,0,0 '
Received from ('fd00::200:0:0:14', 8765, 0, 0): b' 746,20,17,1536,10,72,4,5,7,1,2,-70,0,571,7939,31,0,0 '
Received from ('fd00::200:0:0:1', 5678, 0, 0): b' 748,1,0,256,0,6,0,0,4,0,0,0,10,951,11295,702,0,0 '
Received from ('fd00::200:0:0:6', 8765, 0, 0): b' 748,6,3,768,0,63,3,1,7,1,1,-70,5,1869,14033,47,0,0 '
Received from ('fd00::200:0:0:9', 8765, 0, 0): b' 748,9,5,768,0,63,3,3,7,1,2,-52,5,2058,15650,42,0,0 '
Received from ('fd00::200:0:0:7', 8765, 0, 0): b' 748,7,2,768,0,75,7,3,7,1,2,-70,0,571,6882,44,0,0 '
Received from ('fd00::200:0:0:13', 8765, 0, 0): b' 748,19,15,1536,0,66,4,6,7,1,2,-52,0,615,8547,29,0,0 '
Received from ('fd00::200:0:0:c', 8765, 0, 0): b' 748,12,8,1024,10,43,2,12,6,1,1,-52,0,1084,9607,9,0,0 '
Received from ('fd00::200:0:0:a', 8765, 0, 0): b' 749,10,6,1024,0,82,2,3,7,1,1,-52,4,1218,10632,43,0,0 '
Received from ('fd00::200:0:0:11', 8765, 0, 0): b' 750,17,13,1280,0,63,3,4,7,1,1,-52,2,1442,15486,36,0,0 '
Received from ('fd00::200:0:0:b', 8765, 0, 0): b' 749,11,8,1024,0,40,1,11,7,1,1,-70,0,610,8269,7,0,0 '
Received from ('fd00::200:0:0:15', 8765, 0, 0): b' 749,21,17,1536,0,56,3,7,5,1,2,-52,0,504,7539,26,0,0 '
Received from ('fd00::200:0:0:4', 8765, 0, 0): b' 750,4,1,512,0,78,5,1,7,1,1,-66,0,381,6040,50,0,0 '
Received from ('fd00::200:0:0:3', 8765, 0, 0): b' 751,3,1,512,40,70,5,1,7,1,1,-64,6,1851,13226,50,0,0 '
Received from ('fd00::200:0:0:2', 8765, 0, 0): b' 751,2,1,512,0,62,5,1,6,1,1,-88,1,1360,15815,50,0,0 '
Received from ('fd00::200:0:0:8', 8765, 0, 0): b' 752,8,5,768,10,72,3,5,7,1,1,-70,2,1339,12637,47,0,0 '
Received from ('fd00::200:0:0:12', 8765, 0, 0): b' 750,18,15,1536,0,67,3,5,5,1,1,-70,0,754,8907,32,0,0 '
Received from ('fd00::200:0:0:5', 8765, 0, 0): b' 752,5,1,512,0,78,5,1,6,2,1,-94,9,2427,14961,50,0,0 '
Received from ('fd00::200:0:0:10', 8765, 0, 0): b' 750,16,13,1280,0,61,4,10,7,1,2,-70,0,467,5278,17,0,0 '
Received from ('fd00::200:0:0:14', 8765, 0, 0): b' 751,20,17,1536,0,72,4,5,7,1,2,-70,0,277,5205,31,0,0 '
Received from ('fd00::200:0:0:6', 8765, 0, 0): b' 752,6,3,768,10,65,3,1,7,1,1,-70,5,1074,7724,47,0,0 '
Received from ('fd00::200:0:0:f', 8765, 0, 0): b' 754,15,10,1280,0,79,2,3,7,1,1,-70,2,1250,14479,42,0,0 '
Received from ('fd00::200:0:0:b', 8765, 0, 0): b' 754,11,8,1024,0,41,1,11,7,1,1,-70,0,414,4388,8,0,0 '
Received from ('fd00::200:0:0:a', 8765, 0, 0): b' 755,10,6,1024,0,84,2,3,7,1,1,-52,4,1315,12392,43,0,0 '
Received from ('fd00::200:0:0:2', 8765, 0, 0): b' 755,2,1,512,0,63,5,1,6,1,1,-88,1,444,6331,50,0,0 '
Received from ('fd00::200:0:0:7', 8765, 0, 0): b' 756,7,2,768,0,76,7,3,7,1,2,-70,0,404,9109,44,0,0 '
Received from ('fd00::200:0:0:15', 8765, 0, 0): b' 755,21,17,1536,0,58,3,7,5,1,2,-52,0,546,5899,27,0,0 '
Received from ('fd00::200:0:0:4', 8765, 0, 0): b' 756,4,1,512,10,79,5,1,7,1,1,-66,0,380,7474,51,0,0 '
Received from ('fd00::200:0:0:e', 8765, 0, 0): b' 756,14,10,1280,0,56,2,8,7,1,1,-52,0,622,10264,21,0,0 '
Received from ('fd00::200:0:0:1', 5678, 0, 0): b' 758,1,0,256,0,6,0,0,4,0,0,0,10,2355,25136,714,0,0 '
Received from ('fd00::200:0:0:d', 8765, 0, 0): b' 757,13,9,1024,0,80,2,3,7,1,1,-52,4,2502,19674,40,0,0 '
Received from ('fd00::200:0:0:13', 8765, 0, 0): b' 757,19,15,1536,0,69,4,6,7,1,2,-52,0,924,9735,30,0,0 '
Received from ('fd00::200:0:0:9', 8765, 0, 0): b' 758,9,5,768,0,66,3,3,7,1,2,-52,5,2091,17395,42,0,0 '
Received from ('fd00::200:0:0:c', 8765, 0, 0): b' 757,12,8,1024,0,48,2,12,6,1,1,-52,0,957,9728,9,0,0 '
Received from ('fd00::200:0:0:f', 8765, 0, 0): b' 758,15,10,1280,0,80,2,3,7,1,1,-70,2,732,8185,43,0,0 '
Received from ('fd00::200:0:0:11', 8765, 0, 0): b' 757,17,13,1280,20,68,3,4,7,1,1,-52,2,1822,13848,37,0,0 '
Received from ('fd00::200:0:0:6', 8765, 0, 0): b' 759,6,3,768,0,67,3,1,7,1,1,-70,5,1910,13785,47,0,0 '
Received from ('fd00::200:0:0:5', 8765, 0, 0): b' 760,5,1,512,0,81,5,1,6,2,1,-94,9,3199,20608,51,0,0 '
Received from ('fd00::200:0:0:14', 8765, 0, 0): b' 759,20,17,1536,0,75,4,5,7,1,2,-70,0,774,7901,32,0,0 '
Received from ('fd00::200:0:0:3', 8765, 0, 0): b' 761,3,1,512,0,71,5,1,7,1,1,-64,6,2467,19165,50,0,0 '
Received from ('fd00::200:0:0:d', 8765, 0, 0): b' 761,13,9,1024,0,80,2,3,7,1,1,-52,4,929,7625,40,0,0 '
Received from ('fd00::200:0:0:2', 8765, 0, 0): b' 761,2,1,512,10,65,5,1,6,1,1,-88,1,1015,10180,51,0,0 '
Received from ('fd00::200:0:0:12', 8765, 0, 0): b' 761,18,15,1536,0,71,3,5,5,1,1,-70,0,905,10886,33,0,0 '
Received from ('fd00::200:0:0:10', 8765, 0, 0): b' 762,16,13,1280,0,66,4,10,7,1,2,-70,0,920,10456,17,0,0 '
Received from ('fd00::200:0:0:c', 8765, 0, 0): b' 761,12,8,1024,0,50,2,12,6,1,1,-52,0,521,4620,10,0,0 '
Received from ('fd00::200:0:0:1', 5678, 0, 0): b' 763,1,0,256,0,6,0,0,4,0,0,0,10,1541,15897,723,0,0 '
Received from ('fd00::200:0:0:4', 8765, 0, 0): b' 762,4,1,512,0,81,5,1,7,1,1,-66,0,564,8061,51,0,0 '
Received from ('fd00::200:0:0:8', 8765, 0, 0): b' 764,8,5,768,10,77,3,5,7,1,1,-70,2,2274,23629,47,0,0 '
Received from ('fd00::200:0:0:13', 8765, 0, 0): b' 763,19,15,1536,0,70,4,6,7,1,2,-52,0,383,5289,30,0,0 '
Received from ('fd00::200:0:0:7', 8765, 0, 0): b' 763,7,2,768,0,79,7,3,7,1,2,-70,0,696,9957,45,0,0 '
Received from ('fd00::200:0:0:b', 8765, 0, 0): b' 762,11,8,1024,10,43,1,11,7,1,1,-70,0,600,7704,8,0,0 '
Received from ('fd00::200:0:0:9', 8765, 0, 0): b' 765,9,5,768,0,67,3,3,7,1,2,-52,5,1320,11095,43,0,0 '
Received from ('fd00::200:0:0:14', 8765, 0, 0): b' 763,20,17,1536,0,75,4,5,7,1,2,-70,0,252,3761,32,0,0 '
Received from ('fd00::200:0:0:3', 8765, 0, 0): b' 766,3,1,512,0,72,5,1,7,1,1,-64,6,962,8042,50,0,0 '
Received from ('fd00::200:0:0:a', 8765, 0, 0): b' 766,10,6,1024,0,86,2,3,7,1,1,-52,4,2337,22349,44,0,0 '
Received from ('fd00::200:0:0:c', 8765, 0, 0): b' 766,12,8,1024,10,51,2,12,6,1,1,-52,0,276,4351,10,0,0 '
Received from ('fd00::200:0:0:1', 5678, 0, 0): b' 768,1,0,256,0,6,0,0,4,0,0,0,10,1054,12403,730,0,0 '
Received from ('fd00::200:0:0:d', 8765, 0, 0): b' 767,13,9,1024,10,81,2,3,7,1,1,-52,4,1104,10722,41,0,0 '
Received from ('fd00::200:0:0:e', 8765, 0, 0): b' 767,14,10,1280,0,60,2,8,7,1,1,-52,0,906,10282,22,0,0 '
Received from ('fd00::200:0:0:11', 8765, 0, 0): b' 767,17,13,1280,0,70,3,4,7,1,1,-52,2,1433,15127,37,0,0 '
Received from ('fd00::200:0:0:15', 8765, 0, 0): b' 767,21,17,1536,20,62,3,7,5,1,2,-52,0,849,10714,28,0,0 '
Received from ('fd00::200:0:0:10', 8765, 0, 0): b' 769,16,13,1280,0,68,4,10,7,1,2,-70,0,669,7110,18,0,0 '
Received from ('fd00::200:0:0:2', 8765, 0, 0): b' 770,2,1,512,0,65,5,1,6,1,1,-88,1,582,11515,51,0,0 '
Received from ('fd00::200:0:0:f', 8765, 0, 0): b' 769,15,10,1280,0,80,2,3,7,1,1,-70,2,1374,20184,43,0,0 '
Received from ('fd00::200:0:0:6', 8765, 0, 0): b' 770,6,3,768,0,70,3,1,7,1,1,-70,5,2060,18844,48,0,0 '
Received from ('fd00::200:0:0:5', 8765, 0, 0): b' 771,5,1,512,0,84,5,1,6,2,1,-94,9,3699,23853,52,0,0 '
Received from ('fd00::200:0:0:3', 8765, 0, 0): b' 771,3,1,512,20,74,5,1,7,1,1,-64,6,1459,9850,51,0,0 '
Received from ('fd00::200:0:0:4', 8765, 0, 0): b' 772,4,1,512,0,82,5,1,7,1,1,-66,0,576,10740,52,0,0 '
Received from ('fd00::200:0:0:8', 8765, 0, 0): b' 771,8,5,768,0,78,3,5,7,1,1,-70,2,1389,16661,48,0,0 '
Received from ('fd00::200:0:0:15', 8765, 0, 0): b' 772,21,17,1536,0,63,3,7,5,1,2,-52,0,441,5557,28,0,0 '
Received from ('fd00::200:0:0:12', 8765, 0, 0): b' 772,18,15,1536,0,74,3,5,5,1,1,-70,0,823,10372,34,0,0 '
Received from ('fd00::200:0:0:2', 8765, 0, 0): b' 774,2,1,512,20,65,5,1,6,1,1,-88,1,465,6581,52,0,0 '
Received from ('fd00::200:0:0:7', 8765, 0, 0): b' 772,7,2,768,0,81,7,3,7,1,2,-70,0,632,11734,45,0,0 '
Received from ('fd00::200:0:0:b', 8765, 0, 0): b' 774,11,8,1024,0,47,1,11,7,1,1,-70,0,1030,11393,9,0,0 '
Received from ('fd00::200:0:0:13', 8765, 0, 0): b' 773,19,15,1536,10,72,4,6,7,1,2,-52,0,584,9764,31,0,0 '
Received from ('fd00::200:0:0:14', 8765, 0, 0): b' 773,20,17,1536,0,77,4,5,7,1,2,-70,0,595,9612,33,0,0 '
Received from ('fd00::200:0:0:c', 8765, 0, 0): b' 774,12,8,1024,0,57,2,12,6,1,1,-52,0,1141,8781,10,0,0 '
Received from ('fd00::200:0:0:f', 8765, 0, 0): b' 775,15,10,1280,0,81,2,3,7,1,1,-70,2,1041,11201,44,0,0 '
Received from ('fd00::200:0:0:5', 8765, 0, 0): b' 776,5,1,512,0,85,5,1,6,2,1,-94,9,1703,11900,52,0,0 '
Received from ('fd00::200:0:0:e', 8765, 0, 0): b' 775,14,10,1280,10,62,2,8,7,1,1,-52,0,612,8239,22,0,0 '
Received from ('fd00::200:0:0:9', 8765, 0, 0): b' 776,9,5,768,10,72,3,3,7,1,2,-52,5,2807,21286,44,0,0 '
Received from ('fd00::200:0:0:10', 8765, 0, 0): b' 775,16,13,1280,0,69,4,10,7,1,2,-70,0,384,6198,18,0,0 '
Received from ('fd00::200:0:0:11', 8765, 0, 0): b' 776,17,13,1280,10,75,3,4,7,1,1,-52,2,1799,16094,38,0,0 '
Received from ('fd00::200:0:0:a', 8765, 0, 0): b' 776,10,6,1024,10,88,2,3,7,1,1,-52,4,2383,23280,45,0,0 '
Received from ('fd00::200:0:0:12', 8765, 0, 0): b' 777,18,15,1536,0,76,3,5,5,1,1,-70,0,467,4855,34,0,0 '
Received from ('fd00::200:0:0:7', 8765, 0, 0): b' 777,7,2,768,10,84,7,3,7,1,2,-70,0,548,5803,46,0,0 '
Received from ('fd00::200:0:0:1', 5678, 0, 0): b' 779,1,0,256,0,6,0,0,4,0,0,0,10,2583,28315,742,0,0 '
Received from ('fd00::200:0:0:d', 8765, 0, 0): b' 779,13,9,1024,0,84,2,3,7,1,1,-52,4,2691,21355,42,0,0 '
Received from ('fd00::200:0:0:f', 8765, 0, 0): b' 779,15,10,1280,0,81,2,3,7,1,1,-70,2,595,7658,44,0,0 '
Received from ('fd00::200:0:0:b', 8765, 0, 0): b' 778,11,8,1024,0,47,1,11,7,1,1,-70,0,253,4168,9,0,0 '
Received from ('fd00::200:0:0:10', 8765, 0, 0): b' 780,16,13,1280,0,72,4,10,7,1,2,-70,0,574,4562,18,0,0 '
Received from ('fd00::200:0:0:6', 8765, 0, 0): b' 780,6,3,768,0,75,3,1,7,1,1,-70,5,2641,19834,49,0,0 '
Received from ('fd00::200:0:0:8', 8765, 0, 0): b' 782,8,5,768,0,83,3,5,7,1,1,-70,2,2013,21084,49,0,0 '
Received from ('fd00::200:0:0:3', 8765, 0, 0): b' 782,3,1,512,20,78,5,1,7,1,1,-64,6,2983,21971,52,0,0 '
Received from ('fd00::200:0:0:13', 8765, 0, 0): b' 781,19,15,1536,0,76,4,6,7,1,2,-52,0,836,8048,31,0,0 '
Received from ('fd00::200:0:0:4', 8765, 0, 0): b' 784,4,1,512,0,85,5,1,7,1,1,-66,0,764,14058,52,0,0 '
Received from ('fd00::200:0:0:5', 8765, 0, 0): b' 783,5,1,512,10,86,5,1,6,2,1,-94,9,2336,16629,52,0,0 '
Received from ('fd00::200:0:0:c', 8765, 0, 0): b' 783,12,8,1024,0,59,2,12,6,1,1,-52,0,668,8450,11,0,0 '
Received from ('fd00::200:0:0:e', 8765, 0, 0): b' 783,14,10,1280,10,64,2,8,7,1,1,-52,0,668,8109,23,0,0 '
Received from ('fd00::200:0:0:14', 8765, 0, 0): b' 783,20,17,1536,0,79,4,5,7,1,2,-70,0,635,9142,33,0,0 '
Received from ('fd00::200:0:0:15', 8765, 0, 0): b' 784,21,17,1536,10,65,3,7,5,1,2,-52,0,608,10925,29,0,0 '
Received from ('fd00::200:0:0:a', 8765, 0, 0): b' 784,10,6,1024,10,88,2,3,7,1,1,-52,4,1500,15690,45,0,0 '
Received from ('fd00::200:0:0:10', 8765, 0, 0): b' 786,16,13,1280,0,73,4,10,7,1,2,-70,0,440,6049,19,0,0 '
Received from ('fd00::200:0:0:2', 8765, 0, 0): b' 786,2,1,512,0,68,5,1,6,1,1,-88,1,1502,18668,52,0,0 '
Received from ('fd00::200:0:0:11', 8765, 0, 0): b' 786,17,13,1280,0,78,3,4,7,1,1,-52,2,1631,15647,38,0,0 '
Received from ('fd00::200:0:0:9', 8765, 0, 0): b' 787,9,5,768,0,72,3,3,7,1,2,-52,5,2097,18253,44,0,0 '
Received from ('fd00::200:0:0:f', 8765, 0, 0): b' 787,15,10,1280,0,83,2,3,7,1,1,-70,2,1239,15486,45,0,0 '
Received from ('fd00::200:0:0:3', 8765, 0, 0): b' 788,3,1,512,10,80,5,1,7,1,1,-64,6,1862,12505,52,0,0 '
Received from ('fd00::200:0:0:1', 5678, 0, 0): b' 789,1,0,256,0,6,0,0,4,0,0,0,10,2584,25975,758,0,0 '
Received from ('fd00::200:0:0:6', 8765, 0, 0): b' 787,6,3,768,0,78,3,1,7,1,1,-70,5,1941,14185,49,0,0 '
Received from ('fd00::200:0:0:12', 8765, 0, 0): b' 788,18,15,1536,0,78,3,5,5,1,1,-70,0,715,10675,35,0,0 '
Received from ('fd00::200:0:0:7', 8765, 0, 0): b' 789,7,2,768,0,87,7,3,7,1,2,-70,0,997,14645,47,0,0 '
Received from ('fd00::200:0:0:14', 8765, 0, 0): b' 788,20,17,1536,0,80,4,5,7,1,2,-70,0,415,4448,34,0,0 '
Received from ('fd00::200:0:0:b', 8765, 0, 0): b' 789,11,8,1024,0,49,1,11,7,1,1,-70,0,811,11217,10,0,0 '
Received from ('fd00::200:0:0:d', 8765, 0, 0): b' 791,13,9,1024,0,90,2,3,7,1,1,-52,4,2943,21803,42,0,0 '
Received from ('fd00::200:0:0:15', 8765, 0, 0): b' 791,21,17,1536,0,67,3,7,5,1,2,-52,0,623,7034,29,0,0 '
Received from ('fd00::200:0:0:c', 8765, 0, 0): b' 790,12,8,1024,0,61,2,12,6,1,1,-52,0,667,7575,12,0,0 '
Received from ('fd00::200:0:0:13', 8765, 0, 0): b' 791,19,15,1536,0,79,4,6,7,1,2,-52,0,798,10180,32,0,0 '
Received from ('fd00::200:0:0:4', 8765, 0, 0): b' 792,4,1,512,10,86,5,1,7,1,1,-66,0,397,10766,53,0,0 '
Received from ('fd00::200:0:0:5', 8765, 0, 0): b' 792,5,1,512,20,89,5,1,6,1,1,-94,9,3269,21271,53,0,0 '
Received from ('fd00::200:0:0:3', 8765, 0, 0): b' 792,3,1,512,0,80,5,1,7,1,1,-64,6,972,7699,52,0,0 '
Received from ('fd00::200:0:0:10', 8765, 0, 0): b' 792,16,13,1280,0,75,4,10,7,1,2,-70,0,491,6056,19,0,0 '
Received from ('fd00::200:0:0:f', 8765, 0, 0): b' 792,15,10,1280,0,85,2,3,7,1,1,-70,2,1120,11105,45,0,0 '
Received from ('fd00::200:0:0:8', 8765, 0, 0): b' 792,8,5,768,0,85,3,5,7,1,1,-70,2,1612,19985,49,0,0 '
Received from ('fd00::200:0:0:e', 8765, 0, 0): b' 792,14,10,1280,0,66,2,8,7,1,1,-52,0,539,8606,23,0,0 '
Received from ('fd00::200:0:0:14', 8765, 0, 0): b' 792,20,17,1536,10,81,4,5,7,1,2,-70,0,359,4225,34,0,0 '
Received from ('fd00::200:0:0:11', 8765, 0, 0): b' 794,17,13,1280,0,79,3,4,7,1,1,-52,2,1456,13753,39,0,0 '
Received from ('fd00::200:0:0:9', 8765, 0, 0): b' 795,9,5,768,0,76,3,3,7,1,2,-52,5,2282,16847,45,0,0 '
Received from ('fd00::200:0:0:2', 8765, 0, 0): b' 797,2,1,512,0,71,5,1,6,1,1,-88,1,1405,17910,53,0,0 '
Received from ('fd00::200:0:0:c', 8765, 0, 0): b' 795,12,8,1024,0,61,2,13,6,1,1,-52,0,280,4850,12,0,0 '
Received from ('fd00::200:0:0:a', 8765, 0, 0): b' 795,10,6,1024,0,92,2,3,7,1,1,-52,4,2439,22997,46,0,0 '
Received from ('fd00::200:0:0:5', 8765, 0, 0): b' 799,5,1,512,10,89,5,1,6,1,1,-94,9,1882,13159,53,0,0 '
Received from ('fd00::200:0:0:4', 8765, 0, 0): b' 798,4,1,512,10,87,5,1,7,1,1,-66,0,465,6785,53,0,0 '
Received from ('fd00::200:0:0:14', 8765, 0, 0): b' 797,20,17,1536,0,83,4,5,7,1,2,-70,0,575,4859,34,0,0 '
Received from ('fd00::200:0:0:1', 5678, 0, 0): b' 799,1,0,256,0,6,0,0,4,0,0,0,10,2196,23862,770,0,0 '
Received from ('fd00::200:0:0:b', 8765, 0, 0): b' 797,11,8,1024,0,53,1,11,7,1,1,-70,0,882,7548,11,0,0 '
Received from ('fd00::200:0:0:12', 8765, 0, 0): b' 798,18,15,1536,0,84,3,5,5,1,1,-70,0,1096,9424,36,0,0 '
Received from ('fd00::200:0:0:d', 8765, 0, 0): b' 799,13,9,1024,10,92,2,3,7,1,1,-52,4,1863,14338,43,0,0 '
Received from ('fd00::200:0:0:3', 8765, 0, 0): b' 801,3,1,512,10,82,5,1,7,1,1,-64,6,1653,13673,53,0,0 '
Received from ('fd00::200:0:0:6', 8765, 0, 0): b' 799,6,3,768,0,84,3,1,7,1,1,-70,5,2692,21306,50,0,0 '
Received from ('fd00::200:0:0:7', 8765, 0, 0): b' 799,7,2,768,20,93,7,3,7,1,2,-70,0,958,12378,47,0,0 '
Received from ('fd00::200:0:0:15', 8765, 0, 0): b' 798,21,17,1536,0,70,3,7,5,1,2,-52,0,750,7101,30,0,0 '
Received from ('fd00::200:0:0:11', 8765, 0, 0): b' 800,17,13,1280,0,80,3,4,7,1,1,-52,2,992,9592,39,0,0 '
Received from ('fd00::200:0:0:13', 8765, 0, 0): b' 799,19,15,1536,0,81,4,6,7,1,2,-52,0,637,8059,33,0,0 '
Received from ('fd00::200:0:0:8', 8765, 0, 0): b' 802,8,5,768,10,88,3,5,7,1,1,-70,2,1521,16248,50,0,0 '
Received from ('fd00::200:0:0:e', 8765, 0, 0): b' 801,14,10,1280,0,68,2,8,7,1,1,-52,0,668,7827,24,0,0 '
Received from ('fd00::200:0:0:a', 8765, 0, 0): b' 801,10,6,1024,0,96,2,3,7,1,1,-52,4,1815,12878,47,0,0 '
Received from ('fd00::200:0:0:5', 8765, 0, 0): b' 802,5,1,512,10,92,5,1,6,1,1,-94,9,1719,10576,54,0,0 '
Received from ('fd00::200:0:0:10', 8765, 0, 0): b' 803,16,13,1280,0,77,4,10,7,1,2,-70,0,716,11008,20,0,0 '
Received from ('fd00::200:0:0:f', 8765, 0, 0): b' 803,15,10,1280,0,87,2,3,7,1,1,-70,2,1782,21506,46,0,0 '
Received from ('fd00::200:0:0:7', 8765, 0, 0): b' 804,7,2,768,0,94,7,3,7,1,2,-70,0,489,5733,47,0,0 '
Received from ('fd00::200:0:0:4', 8765, 0, 0): b' 805,4,1,512,0,89,5,1,7,1,1,-66,0,581,8292,54,0,0 '
Received from ('fd00::200:0:0:14', 8765, 0, 0): b' 804,20,17,1536,0,83,4,5,7,1,2,-70,0,458,6564,35,0,0 '
Received from ('fd00::200:0:0:b', 8765, 0, 0): b' 804,11,8,1024,0,54,1,11,7,1,1,-70,0,449,6797,11,0,0 '
Received from ('fd00::200:0:0:c', 8765, 0, 0): b' 804,12,8,1024,0,63,2,13,6,1,1,-52,0,636,8515,12,0,0 '
Received from ('fd00::200:0:0:12', 8765, 0, 0): b' 805,18,15,1536,0,88,3,5,5,1,1,-70,0,799,7817,36,0,0 '
Received from ('fd00::200:0:0:5', 8765, 0, 0): b' 807,5,1,512,50,96,5,1,6,1,1,-94,9,1883,11453,54,0,0 '
Received from ('fd00::200:0:0:d', 8765, 0, 0): b' 805,13,9,1024,10,94,2,3,7,1,1,-52,4,1545,11347,43,0,0 '
Received from ('fd00::200:0:0:9', 8765, 0, 0): b' 806,9,5,768,0,77,3,3,7,1,2,-52,5,2135,17965,46,0,0 '
Received from ('fd00::200:0:0:13', 8765, 0, 0): b' 807,19,15,1536,0,85,4,6,7,1,2,-52,0,825,7540,33,0,0 '
Received from ('fd00::200:0:0:2', 8765, 0, 0): b' 807,2,1,512,10,74,5,1,6,1,1,-88,1,1552,18016,54,0,0 '
Received from ('fd00::200:0:0:15', 8765, 0, 0): b' 805,21,17,1536,0,73,3,7,5,1,2,-52,0,621,6562,30,0,0 '
Received from ('fd00::200:0:0:8', 8765, 0, 0): b' 806,8,5,768,0,89,3,5,7,1,1,-70,2,1049,9651,50,0,0 '
Received from ('fd00::200:0:0:1', 5678, 0, 0): b' 809,1,0,256,0,6,0,0,4,0,0,0,10,2752,26021,782,0,0 '
Received from ('fd00::200:0:0:6', 8765, 0, 0): b' 809,6,3,768,0,86,3,1,7,1,1,-70,5,2194,16634,51,0,0 '
Received from ('fd00::200:0:0:7', 8765, 0, 0): b' 808,7,2,768,0,95,7,3,7,1,2,-70,0,464,7017,48,0,0 '
Received from ('fd00::200:0:0:a', 8765, 0, 0): b' 808,10,6,1024,10,98,2,3,7,1,1,-52,4,1181,13552,47,0,0 '
Received from ('fd00::200:0:0:11', 8765, 0, 0): b' 808,17,13,1280,0,82,3,4,7,1,1,-52,2,1318,13701,40,0,0 '
Received from ('fd00::200:0:0:f', 8765, 0, 0): b' 809,15,10,1280,10,88,2,3,7,1,1,-70,2,987,11370,46,0,0 '
Received from ('fd00::200:0:0:e', 8765, 0, 0): b' 810,14,10,1280,0,69,2,8,7,1,1,-52,0,431,8639,24,0,0 '
Received from ('fd00::200:0:0:3', 8765, 0, 0): b' 812,3,1,512,10,86,5,1,7,1,1,-64,6,3174,21703,53,0,0 '
Received from ('fd00::200:0:0:14', 8765, 0, 0): b' 810,20,17,1536,0,83,4,5,7,1,2,-70,0,276,5399,35,0,0 '
Received from ('fd00::200:0:0:12', 8765, 0, 0): b' 810,18,15,1536,10,90,3,5,5,1,1,-70,0,522,4640,37,0,0 '
Received from ('fd00::200:0:0:2', 8765, 0, 0): b' 812,2,1,512,0,75,5,1,6,1,1,-88,1,637,7010,54,0,0 '
Received from ('fd00::200:0:0:4', 8765, 0, 0): b' 813,4,1,512,0,93,5,1,7,1,1,-66,0,816,9991,54,0,0 '
Received from ('fd00::200:0:0:8', 8765, 0, 0): b' 813,8,5,768,0,91,3,5,7,1,1,-70,2,1002,12546,51,0,0 '
Received from ('fd00::200:0:0:15', 8765, 0, 0): b' 812,21,17,1536,0,76,3,7,5,1,2,-52,0,653,7293,31,0,0 '
Received from ('fd00::200:0:0:d', 8765, 0, 0): b' 813,13,9,1024,0,94,2,3,7,1,1,-52,4,1436,13316,44,0,0 '
Received from ('fd00::200:0:0:9', 8765, 0, 0): b' 815,9,5,768,0,79,3,3,7,1,2,-52,5,1782,14947,46,0,0 '
Received from ('fd00::200:0:0:10', 8765, 0, 0): b' 814,16,13,1280,0,80,4,10,7,1,2,-70,0,800,10551,21,0,0 '
Received from ('fd00::200:0:0:6', 8765, 0, 0): b' 816,6,3,768,10,87,3,1,7,1,1,-70,5,1414,11635,51,0,0 '
Received from ('fd00::200:0:0:b', 8765, 0, 0): b' 814,11,8,1024,0,60,1,11,7,1,1,-70,0,1216,10778,12,0,0 '
Received from ('fd00::200:0:0:c', 8765, 0, 0): b' 814,12,8,1024,0,68,2,13,6,1,1,-52,0,1012,10339,13,0,0 '
Received from ('fd00::200:0:0:13', 8765, 0, 0): b' 814,19,15,1536,10,86,4,6,7,1,2,-52,0,439,7063,34,0,0 '
Received from ('fd00::200:0:0:14', 8765, 0, 0): b' 816,20,17,1536,0,86,4,5,7,1,2,-70,0,597,6019,35,0,0 '
Received from ('fd00::200:0:0:3', 8765, 0, 0): b' 817,3,1,512,20,88,5,1,7,1,1,-64,6,1578,11629,54,0,0 '
Received from ('fd00::200:0:0:e', 8765, 0, 0): b' 816,14,10,1280,0,71,2,8,7,1,1,-52,0,643,6153,25,0,0 '
Received from ('fd00::200:0:0:2', 8765, 0, 0): b' 819,2,1,512,10,77,5,1,6,1,1,-88,1,622,8991,55,0,0 '
Received from ('fd00::200:0:0:4', 8765, 0, 0): b' 818,4,1,512,0,93,5,1,7,1,1,-66,0,349,6774,55,0,0 '
Received from ('fd00::200:0:0:1', 5678, 0, 0): b' 818,1,0,256,0,6,0,0,4,0,0,0,10,2604,22768,798,0,0 '
Received from ('fd00::200:0:0:f', 8765, 0, 0): b' 817,15,10,1280,10,89,2,3,7,1,1,-70,2,1488,15416,47,0,0 '
Received from ('fd00::200:0:0:5', 8765, 0, 0): b' 818,5,1,512,10,102,5,1,6,1,1,-94,9,4216,25887,55,0,0 '
Received from ('fd00::200:0:0:11', 8765, 0, 0): b' 818,17,13,1280,0,84,3,4,7,1,1,-52,2,1736,16436,41,0,0 '
Received from ('fd00::200:0:0:15', 8765, 0, 0): b' 819,21,17,1536,10,77,3,7,5,1,2,-52,0,383,5814,31,0,0 '
Received from ('fd00::200:0:0:7', 8765, 0, 0): b' 820,7,2,768,0,98,7,3,7,1,2,-70,0,823,13493,49,0,0 '
Received from ('fd00::200:0:0:b', 8765, 0, 0): b' 819,11,8,1024,0,61,1,11,7,1,1,-70,0,385,4998,12,0,0 '
Received from ('fd00::200:0:0:d', 8765, 0, 0): b' 820,13,9,1024,0,96,2,3,7,1,1,-52,4,1596,13028,44,0,0 '
Received from ('fd00::200:0:0:a', 8765, 0, 0): b' 819,10,6,1024,0,100,2,3,7,1,1,-52,4,2586,23024,48,0,0 '
Received from ('fd00::200:0:0:12', 8765, 0, 0): b' 821,18,15,1536,0,95,3,5,5,1,1,-70,0,981,10909,37,0,0 '
Received from ('fd00::200:0:0:8', 8765, 0, 0): b' 823,8,5,768,0,93,3,5,7,1,1,-70,2,1600,18878,51,0,0 '
Received from ('fd00::200:0:0:e', 8765, 0, 0): b' 822,14,10,1280,0,74,2,8,7,1,1,-52,0,597,6005,25,0,0 '
Received from ('fd00::200:0:0:4', 8765, 0, 0): b' 823,4,1,512,0,95,5,1,7,1,1,-66,0,457,6317,55,0,0 '
Received from ('fd00::200:0:0:c', 8765, 0, 0): b' 822,12,8,1024,0,68,2,13,6,1,1,-52,0,424,7769,14,0,0 '
Received from ('fd00::200:0:0:6', 8765, 0, 0): b' 822,6,3,768,10,88,3,1,7,1,1,-70,5,1822,14026,52,0,0 '
Received from ('fd00::200:0:0:11', 8765, 0, 0): b' 823,17,13,1280,0,86,3,4,7,1,1,-52,2,866,7795,41,0,0 '
Received from ('fd00::200:0:0:13', 8765, 0, 0): b' 822,19,15,1536,0,88,4,6,7,1,2,-52,0,636,7712,34,0,0 '
Received from ('fd00::200:0:0:10', 8765, 0, 0): b' 824,16,13,1280,0,84,4,10,7,1,2,-70,0,851,9069,21,0,0 '
Received from ('fd00::200:0:0:1', 5678, 0, 0): b' 825,1,0,256,0,6,0,0,4,0,0,0,10,1434,16093,803,0,0 '
Received from ('fd00::200:0:0:f', 8765, 0, 0): b' 824,15,10,1280,10,90,2,3,7,1,1,-70,2,818,12905,47,0,0 '
Received from ('fd00::200:0:0:a', 8765, 0, 0): b' 825,10,6,1024,10,101,2,3,7,1,1,-52,4,1250,11071,48,0,0 '
Received from ('fd00::200:0:0:9', 8765, 0, 0): b' 827,9,5,768,0,84,3,3,7,1,2,-52,5,2711,21509,47,0,0 '
Received from ('fd00::200:0:0:b', 8765, 0, 0): b' 825,11,8,1024,0,63,1,11,7,1,1,-70,0,546,5850,13,0,0 '
Received from ('fd00::200:0:0:15', 8765, 0, 0): b' 826,21,17,1536,0,78,3,7,5,1,2,-52,0,561,7018,32,0,0 '
Received from ('fd00::200:0:0:3', 8765, 0, 0): b' 827,3,1,512,0,91,5,1,7,1,1,-64,6,2741,20033,54,0,0 '
Received from ('fd00::200:0:0:14', 8765, 0, 0): b' 826,20,17,1536,10,90,4,5,7,1,2,-70,0,899,10319,36,0,0 '
Received from ('fd00::200:0:0:8', 8765, 0, 0): b' 828,8,5,768,10,94,3,5,7,1,1,-70,2,1133,10084,52,0,0 '
Received from ('fd00::200:0:0:4', 8765, 0, 0): b' 828,4,1,512,0,96,5,1,7,1,1,-66,0,380,6066,55,0,0 '
Received from ('fd00::200:0:0:d', 8765, 0, 0): b' 828,13,9,1024,0,97,2,3,7,1,1,-52,4,1729,13258,45,0,0 '
Received from ('fd00::200:0:0:5', 8765, 0, 0): b' 829,5,1,512,10,105,5,1,6,1,1,-94,9,3992,26808,55,0,0 '
Received from ('fd00::200:0:0:f', 8765, 0, 0): b' 828,15,10,1280,0,91,2,3,7,1,1,-70,2,766,7896,47,0,0 '
Received from ('fd00::200:0:0:1', 5678, 0, 0): b' 830,1,0,256,0,6,0,0,4,0,0,0,10,1141,11444,811,0,0 '
Received from ('fd00::200:0:0:2', 8765, 0, 0): b' 830,2,1,512,0,79,5,1,6,1,1,-88,1,1218,18788,55,0,0 '
Received from ('fd00::200:0:0:7', 8765, 0, 0): b' 831,7,2,768,0,99,7,3,7,1,2,-70,0,526,12556,49,0,0 '
Received from ('fd00::200:0:0:14', 8765, 0, 0): b' 831,20,17,1536,0,92,4,5,7,1,2,-70,0,492,4519,36,0,0 '
Received from ('fd00::200:0:0:e', 8765, 0, 0): b' 831,14,10,1280,10,80,2,8,7,1,1,-52,0,891,9232,26,0,0 '
Received from ('fd00::200:0:0:15', 8765, 0, 0): b' 831,21,17,1536,0,80,3,7,5,1,2,-52,0,490,4837,32,0,0 '
Received from ('fd00::200:0:0:c', 8765, 0, 0): b' 831,12,8,1024,0,71,2,13,6,1,1,-52,0,718,8465,14,0,0 '
Received from ('fd00::200:0:0:10', 8765, 0, 0): b' 832,16,13,1280,0,86,4,10,7,1,2,-70,0,571,8267,22,0,0 '
Received from ('fd00::200:0:0:3', 8765, 0, 0): b' 833,3,1,512,0,92,5,1,7,1,1,-64,6,1274,10776,55,0,0 '
Received from ('fd00::200:0:0:12', 8765, 0, 0): b' 833,18,15,1536,0,95,3,5,5,1,1,-70,0,502,10690,38,0,0 '
Received from ('fd00::200:0:0:6', 8765, 0, 0): b' 834,6,3,768,20,88,3,1,7,1,1,-70,5,2274,20244,52,0,0 '
Received from ('fd00::200:0:0:11', 8765, 0, 0): b' 834,17,13,1280,0,93,3,4,7,1,1,-52,2,2440,20052,42,0,0 '
Received from ('fd00::200:0:0:13', 8765, 0, 0): b' 834,19,15,1536,0,90,4,6,7,1,2,-52,0,691,10477,35,0,0 '
Received from ('fd00::200:0:0:b', 8765, 0, 0): b' 834,11,8,1024,0,65,1,11,7,1,1,-70,0,611,8433,13,0,0 '
Received from ('fd00::200:0:0:4', 8765, 0, 0): b' 836,4,1,512,0,98,5,1,7,1,1,-66,0,562,9780,56,0,0 '
Received from ('fd00::200:0:0:9', 8765, 0, 0): b' 836,9,5,768,0,85,3,3,7,1,2,-52,5,2028,16543,48,0,0 '
Received from ('fd00::200:0:0:f', 8765, 0, 0): b' 835,15,10,1280,0,91,2,3,7,1,1,-70,2,986,13581,48,0,0 '
Received from ('fd00::200:0:0:e', 8765, 0, 0): b' 835,14,10,1280,10,83,2,8,7,1,1,-52,0,574,4406,26,0,0 '
Received from ('fd00::200:0:0:a', 8765, 0, 0): b' 836,10,6,1024,0,105,2,3,7,1,1,-52,4,2746,23529,49,0,0 '
Received from ('fd00::200:0:0:8', 8765, 0, 0): b' 838,8,5,768,0,96,3,5,7,1,1,-70,2,1406,19918,52,0,0 '
Received from ('fd00::200:0:0:14', 8765, 0, 0): b' 837,20,17,1536,10,93,4,5,7,1,2,-70,0,332,5484,37,0,0 '
Received from ('fd00::200:0:0:5', 8765, 0, 0): b' 839,5,1,512,0,109,5,1,6,1,1,-94,9,3028,21725,56,0,0 '
Received from ('fd00::200:0:0:3', 8765, 0, 0): b' 839,3,1,512,0,92,5,1,7,1,1,-64,6,1489,11781,55,0,0 '
Received from ('fd00::200:0:0:d', 8765, 0, 0): b' 839,13,9,1024,30,99,2,3,7,1,1,-52,4,2141,18530,46,0,0 '
Received from ('fd00::200:0:0:15', 8765, 0, 0): b' 837,21,17,1536,0,81,3,7,5,1,2,-52,0,383,5762,32,0,0 '
Received from ('fd00::200:0:0:4', 8765, 0, 0): b' 841,4,1,512,0,100,5,1,7,1,1,-66,0,487,6075,56,0,0 '
Received from ('fd00::200:0:0:10', 8765, 0, 0): b' 839,16,13,1280,10,90,4,10,7,1,2,-70,0,705,6559,22,0,0 '
Received from ('fd00::200:0:0:7', 8765, 0, 0): b' 841,7,2,768,0,102,7,3,7,1,2,-70,0,791,12569,50,0,0 '
Received from ('fd00::200:0:0:9', 8765, 0, 0): b' 840,9,5,768,20,87,3,3,7,1,2,-52,5,1158,8687,48,0,0 '
Received from ('fd00::200:0:0:1', 5678, 0, 0): b' 842,1,0,256,0,6,0,0,4,0,0,0,10,2670,27729,825,0,0 '
Received from ('fd00::200:0:0:2', 8765, 0, 0): b' 841,2,1,512,0,79,5,1,6,1,1,-88,1,1271,18540,56,0,0 '
Received from ('fd00::200:0:0:13', 8765, 0, 0): b' 841,19,15,1536,0,96,4,6,7,1,2,-52,0,943,7872,35,0,0 '
Received from ('fd00::200:0:0:c', 8765, 0, 0): b' 841,12,8,1024,10,72,2,13,6,1,1,-52,0,560,8589,15,0,0 '
Received from ('fd00::200:0:0:b', 8765, 0, 0): b' 844,11,8,1024,0,66,1,11,7,1,1,-70,0,463,8132,14,0,0 '
Received from ('fd00::200:0:0:5', 8765, 0, 0): b' 844,5,1,512,0,110,5,1,6,1,1,-94,9,1906,12480,56,0,0 '
Received from ('fd00::200:0:0:9', 8765, 0, 0): b' 844,9,5,768,0,89,3,3,7,1,2,-52,5,787,7676,48,0,0 '
Received from ('fd00::200:0:0:f', 8765, 0, 0): b' 842,15,10,1280,0,92,2,3,7,1,1,-70,2,1262,14439,48,0,0 '
Received from ('fd00::200:0:0:15', 8765, 0, 0): b' 844,21,17,1536,0,82,3,7,5,1,2,-52,0,509,6553,33,0,0 '
Received from ('fd00::200:0:0:12', 8765, 0, 0): b' 843,18,15,1536,0,98,3,5,5,1,1,-70,0,799,10182,39,0,0 '
Received from ('fd00::200:0:0:14', 8765, 0, 0): b' 844,20,17,1536,0,94,4,5,7,1,2,-70,0,491,7132,37,0,0 '
Received from ('fd00::200:0:0:6', 8765, 0, 0): b' 845,6,3,768,20,94,3,1,7,1,1,-70,5,2727,20231,53,0,0 '
Received from ('fd00::200:0:0:e', 8765, 0, 0): b' 843,14,10,1280,0,86,2,8,7,1,1,-52,0,702,8467,27,0,0 '
Received from ('fd00::200:0:0:11', 8765, 0, 0): b' 845,17,13,1280,10,99,3,4,7,1,1,-52,2,2322,19219,42,0,0 '
Received from ('fd00::200:0:0:3', 8765, 0, 0): b' 847,3,1,512,20,95,5,1,7,1,1,-64,6,2091,14545,56,0,0 '
Received from ('fd00::200:0:0:13', 8765, 0, 0): b' 847,19,15,1536,0,99,4,6,7,1,2,-52,0,647,5758,36,0,0 '
Received from ('fd00::200:0:0:2', 8765, 0, 0): b' 847,2,1,512,0,80,5,1,6,1,1,-88,1,513,9259,57,0,0 '
Received from ('fd00::200:0:0:14', 8765, 0, 0): b' 848,20,17,1536,0,95,4,5,7,1,2,-70,0,359,3905,37,0,0 '
Received from ('fd00::200:0:0:a', 8765, 0, 0): b' 847,10,6,1024,0,108,2,3,7,1,1,-52,4,2527,22832,50,0,0 '
Received from ('fd00::200:0:0:c', 8765, 0, 0): b' 848,12,8,1024,0,72,2,13,6,1,1,-52,0,301,7166,15,0,0 '
Received from ('fd00::200:0:0:d', 8765, 0, 0): b' 849,13,9,1024,20,103,2,3,7,1,1,-52,4,2542,19538,46,0,0 '
Received from ('fd00::200:0:0:7', 8765, 0, 0): b' 850,7,2,768,0,102,7,3,7,1,2,-70,0,420,10883,50,0,0 '
Received from ('fd00::200:0:0:8', 8765, 0, 0): b' 849,8,5,768,20,100,3,5,7,1,1,-70,2,1798,22325,53,0,0 '
Received from ('fd00::200:0:0:10', 8765, 0, 0): b' 850,16,13,1280,0,94,4,10,7,1,2,-70,0,997,11423,23,0,0 '
Received from ('fd00::200:0:0:4', 8765, 0, 0): b' 851,4,1,512,0,105,5,1,7,1,1,-66,0,1023,13248,57,0,0 '
Received from ('fd00::200:0:0:b', 8765, 0, 0): b' 850,11,8,1024,0,67,1,11,7,1,1,-70,0,383,5710,14,0,0 '
Received from ('fd00::200:0:0:1', 5678, 0, 0): b' 852,1,0,256,0,6,0,0,4,0,0,0,10,2770,24829,841,0,0 '
Received from ('fd00::200:0:0:3', 8765, 0, 0): b' 851,3,1,512,0,96,5,1,7,1,1,-64,6,1105,8560,56,0,0 '
Received from ('fd00::200:0:0:9', 8765, 0, 0): b' 851,9,5,768,0,90,3,3,7,1,2,-52,5,1668,12655,49,0,0 '
Received from ('fd00::200:0:0:6', 8765, 0, 0): b' 852,6,3,768,0,97,3,1,7,1,1,-70,5,1743,14162,54,0,0 '
Received from ('fd00::200:0:0:5', 8765, 0, 0): b' 854,5,1,512,10,110,5,1,6,1,1,-94,9,3086,22501,57,0,0 '
Received from ('fd00::200:0:0:15', 8765, 0, 0): b' 853,21,17,1536,0,86,3,7,5,1,2,-52,0,849,9045,33,0,0 '
Received from ('fd00::200:0:0:a', 8765, 0, 0): b' 853,10,6,1024,0,110,2,3,7,1,1,-52,4,857,10953,50,0,0 '
Received from ('fd00::200:0:0:11', 8765, 0, 0): b' 853,17,13,1280,10,101,3,4,7,1,1,-52,2,1362,13152,43,0,0 '
Received from ('fd00::200:0:0:2', 8765, 0, 0): b' 854,2,1,512,0,81,5,1,6,1,1,-88,1,835,10738,57,0,0 '
Received from ('fd00::200:0:0:10', 8765, 0, 0): b' 855,16,13,1280,0,95,4,10,7,1,2,-70,0,417,4364,24,0,0 '
Received from ('fd00::200:0:0:13', 8765, 0, 0): b' 853,19,15,1536,10,101,4,6,7,1,2,-52,0,383,6314,36,0,0 '
Received from ('fd00::200:0:0:f', 8765, 0, 0): b' 853,15,10,1280,0,96,2,3,7,1,1,-70,2,1930,21942,49,0,0 '
Received from ('fd00::200:0:0:1', 5678, 0, 0): b' 856,1,0,256,0,6,0,0,4,0,0,0,10,930,10646,844,0,0 '
Received from ('fd00::200:0:0:3', 8765, 0, 0): b' 856,3,1,512,10,98,5,1,7,1,1,-64,6,1160,8559,56,0,0 '
Received from ('fd00::200:0:0:4', 8765, 0, 0): b' 856,4,1,512,0,107,5,1,7,1,1,-66,0,490,6744,57,0,0 '
Received from ('fd00::200:0:0:9', 8765, 0, 0): b' 855,9,5,768,0,91,3,3,7,1,2,-52,5,1040,7531,49,0,0 '
Received from ('fd00::200:0:0:12', 8765, 0, 0): b' 854,18,15,1536,0,104,3,5,5,1,1,-70,0,1082,11210,39,0,0 '
Received from ('fd00::200:0:0:e', 8765, 0, 0): b' 854,14,10,1280,0,89,2,8,7,1,1,-52,0,736,10368,27,0,0 '
Received from ('fd00::200:0:0:14', 8765, 0, 0): b' 856,20,17,1536,0,97,4,5,7,1,2,-70,0,594,8608,38,0,0 '
Received from ('fd00::200:0:0:15', 8765, 0, 0): b' 857,21,17,1536,0,89,3,7,5,1,2,-52,0,476,4253,33,0,0 '
Received from ('fd00::200:0:0:5', 8765, 0, 0): b' 858,5,1,512,20,112,5,1,6,1,1,-94,9,1779,11048,57,0,0 '
Received from ('fd00::200:0:0:c', 8765, 0, 0): b' 857,12,8,1024,0,75,2,13,6,1,1,-52,0,798,9777,16,0,0 '
Received from ('fd00::200:0:0:d', 8765, 0, 0): b' 858,13,9,1024,10,104,2,3,7,1,1,-52,4,2093,16835,47,0,0 '
Received from ('fd00::200:0:0:6', 8765, 0, 0): b' 858,6,3,768,20,99,3,1,7,1,1,-70,5,1483,9957,54,0,0 '
Received from ('fd00::200:0:0:a', 8765, 0, 0): b' 858,10,6,1024,0,111,2,3,7,1,1,-52,4,1244,10031,50,0,0 '
Received from ('fd00::200:0:0:b', 8765, 0, 0): b' 859,11,8,1024,20,72,1,11,7,1,1,-70,0,905,10397,15,0,0 '
Received from ('fd00::200:0:0:3', 8765, 0, 0): b' 860,3,1,512,0,100,5,1,7,1,1,-64,6,1464,9088,57,0,0 '
Received from ('fd00::200:0:0:4', 8765, 0, 0): b' 861,4,1,512,0,107,5,1,7,1,1,-66,0,250,5508,57,0,0 '
Received from ('fd00::200:0:0:e', 8765, 0, 0): b' 859,14,10,1280,0,89,2,8,7,1,1,-52,0,333,4847,28,0,0 '
Received from ('fd00::200:0:0:1', 5678, 0, 0): b' 862,1,0,256,0,6,0,0,4,0,0,0,10,1646,14811,855,0,0 '
Received from ('fd00::200:0:0:13', 8765, 0, 0): b' 859,19,15,1536,0,102,4,6,7,1,2,-52,0,548,6109,37,0,0 '
Received from ('fd00::200:0:0:7', 8765, 0, 0): b' 861,7,2,768,0,104,7,3,7,1,2,-70,0,742,14591,51,0,0 '
Received from ('fd00::200:0:0:10', 8765, 0, 0): b' 860,16,13,1280,0,97,4,10,7,1,2,-70,0,485,5827,24,0,0 '
Received from ('fd00::200:0:0:8', 8765, 0, 0): b' 861,8,5,768,0,102,3,5,7,1,1,-70,2,2065,22898,54,0,0 '
Received from ('fd00::200:0:0:2', 8765, 0, 0): b' 862,2,1,512,0,87,5,1,6,1,1,-88,1,1261,12951,58,0,0 '
Received from ('fd00::200:0:0:c', 8765, 0, 0): b' 861,12,8,1024,0,77,2,13,6,1,1,-52,0,466,4500,16,0,0 '
Received from ('fd00::200:0:0:12', 8765, 0, 0): b' 861,18,15,1536,10,107,3,5,5,1,1,-70,0,753,7038,40,0,0 '
Received from ('fd00::200:0:0:5', 8765, 0, 0): b' 864,5,1,512,40,113,5,1,6,1,1,-94,9,1936,12688,58,0,0 '
Received from ('fd00::200:0:0:15', 8765, 0, 0): b' 862,21,17,1536,0,90,3,7,5,1,2,-52,0,415,5028,34,0,0 '
Received from ('fd00::200:0:0:a', 8765, 0, 0): b' 863,10,6,1024,0,113,2,3,7,1,1,-52,4,1419,10848,51,0,0 '
Received from ('fd00::200:0:0:f', 8765, 0, 0): b' 862,15,10,1280,20,98,2,3,7,1,1,-70,2,1569,17248,50,0,0 '
Received from ('fd00::200:0:0:11', 8765, 0, 0): b' 863,17,13,1280,0,102,3,4,7,1,1,-52,2,1509,15449,44,0,0 '
Received from ('fd00::200:0:0:d', 8765, 0, 0): b' 863,13,9,1024,10,106,2,3,7,1,1,-52,4,1318,9662,47,0,0 '
Received from ('fd00::200:0:0:6', 8765, 0, 0): b' 865,6,3,768,0,99,3,1,7,1,1,-70,5,1903,13680,55,0,0 '
Received from ('fd00::200:0:0:4', 8765, 0, 0): b' 866,4,1,512,10,109,5,1,7,1,1,-66,0,609,6665,58,0,0 '
Received from ('fd00::200:0:0:14', 8765, 0, 0): b' 865,20,17,1536,0,97,4,5,7,1,2,-70,0,453,7079,39,0,0 '
Received from ('fd00::200:0:0:b', 8765, 0, 0): b' 864,11,8,1024,0,73,1,11,7,1,1,-70,0,492,5136,15,0,0 '
Received from ('fd00::200:0:0:e', 8765, 0, 0): b' 865,14,10,1280,0,89,2,8,7,1,1,-52,0,276,5470,28,0,0 '
Received from ('fd00::200:0:0:10', 8765, 0, 0): b' 865,16,13,1280,0,99,4,10,7,1,2,-70,0,491,4781,24,0,0 '
Received from ('fd00::200:0:0:3', 8765, 0, 0): b' 868,3,1,512,10,101,5,1,7,1,1,-64,6,2014,13587,57,0,0 '
Received from ('fd00::200:0:0:9', 8765, 0, 0): b' 867,9,5,768,0,92,3,3,7,1,2,-52,5,2480,20959,50,0,0 '
Received from ('fd00::200:0:0:5', 8765, 0, 0): b' 868,5,1,512,10,115,5,1,6,1,1,-94,9,1765,10443,58,0,0 '
Received from ('fd00::200:0:0:12', 8765, 0, 0): b' 867,18,15,1536,0,109,3,5,5,1,1,-70,0,516,6082,40,0,0 '
Received from ('fd00::200:0:0:2', 8765, 0, 0): b' 870,2,1,512,0,87,5,1,6,1,1,-88,1,670,9669,58,0,0 '
Received from ('fd00::200:0:0:8', 8765, 0, 0): b' 868,8,5,768,0,102,3,5,7,1,1,-70,2,961,12721,54,0,0 '
Received from ('fd00::200:0:0:c', 8765, 0, 0): b' 868,12,8,1024,0,78,2,13,6,1,1,-52,0,463,7074,17,0,0 '
Received from ('fd00::200:0:0:6', 8765, 0, 0): b' 869,6,3,768,0,99,3,1,7,1,1,-70,5,626,6994,55,0,0 '
Received from ('fd00::200:0:0:f', 8765, 0, 0): b' 869,15,10,1280,0,99,2,3,7,1,1,-70,2,1041,12070,50,0,0 '
Received from ('fd00::200:0:0:10', 8765, 0, 0): b' 869,16,13,1280,0,99,4,10,7,1,2,-70,0,309,5033,25,0,0 '
Received from ('fd00::200:0:0:1', 5678, 0, 0): b' 872,1,0,256,0,6,0,0,4,0,0,0,10,2529,24138,865,0,0 '
Received from ('fd00::200:0:0:13', 8765, 0, 0): b' 871,19,15,1536,10,106,4,6,7,1,2,-52,0,850,10131,37,0,0 '
Received from ('fd00::200:0:0:11', 8765, 0, 0): b' 870,17,13,1280,0,103,3,4,7,1,1,-52,2,957,12092,44,0,0 '
Received from ('fd00::200:0:0:4', 8765, 0, 0): b' 873,4,1,512,0,112,5,1,7,1,1,-66,0,620,8564,58,0,0 '
Received from ('fd00::200:0:0:9', 8765, 0, 0): b' 872,9,5,768,0,92,3,3,7,1,2,-52,5,867,8598,50,0,0 '
Received from ('fd00::200:0:0:7', 8765, 0, 0): b' 873,7,2,768,0,108,7,3,7,1,2,-70,0,932,13693,52,0,0 '
Received from ('fd00::200:0:0:5', 8765, 0, 0): b' 874,5,1,512,10,118,5,1,6,1,1,-94,9,1976,13123,58,0,0 '
Received from ('fd00::200:0:0:e', 8765, 0, 0): b' 872,14,10,1280,0,89,2,8,7,1,1,-52,0,429,6094,29,0,0 '
Received from ('fd00::200:0:0:a', 8765, 0, 0): b' 873,10,6,1024,10,116,2,3,7,1,1,-52,4,2205,20331,51,0,0 '
Received from ('fd00::200:0:0:15', 8765, 0, 0): b' 873,21,17,1536,0,92,3,7,5,1,2,-52,0,715,10313,35,0,0 '
Received from ('fd00::200:0:0:d', 8765, 0, 0): b' 875,13,9,1024,10,108,2,3,7,1,1,-52,4,2176,19666,48,0,0 '
Received from ('fd00::200:0:0:c', 8765, 0, 0): b' 874,12,8,1024,0,79,2,13,6,1,1,-52,0,551,5700,17,0,0 '
Received from ('fd00::200:0:0:14', 8765, 0, 0): b' 873,20,17,1536,10,104,4,5,7,1,2,-70,0,942,9526,39,0,0 '
Received from ('fd00::200:0:0:1', 5678, 0, 0): b' 877,1,0,256,0,6,0,0,4,0,0,0,10,1571,14059,876,0,0 '
Received from ('fd00::200:0:0:8', 8765, 0, 0): b' 876,8,5,768,10,104,3,5,7,1,1,-70,2,1413,15926,55,0,0 '
Received from ('fd00::200:0:0:13', 8765, 0, 0): b' 875,19,15,1536,0,106,4,6,7,1,2,-52,0,335,4395,38,0,0 '
Received from ('fd00::200:0:0:4', 8765, 0, 0): b' 878,4,1,512,0,115,5,1,7,1,1,-66,0,539,6876,59,0,0 '
Received from ('fd00::200:0:0:b', 8765, 0, 0): b' 875,11,8,1024,10,75,1,11,7,1,1,-70,0,608,10810,16,0,0 '
Received from ('fd00::200:0:0:3', 8765, 0, 0): b' 879,3,1,512,0,102,5,1,7,1,1,-64,6,2486,20495,58,0,0 '
Received from ('fd00::200:0:0:10', 8765, 0, 0): b' 876,16,13,1280,10,101,4,10,7,1,2,-70,0,408,6436,25,0,0 '
Received from ('fd00::200:0:0:f', 8765, 0, 0): b' 877,15,10,1280,0,102,2,3,7,1,1,-70,2,1496,16752,51,0,0 '
Received from ('fd00::200:0:0:14', 8765, 0, 0): b' 879,20,17,1536,10,105,4,5,7,1,2,-70,0,417,4522,40,0,0 '
Received from ('fd00::200:0:0:a', 8765, 0, 0): b' 878,10,6,1024,20,119,2,3,7,1,1,-52,4,1478,11665,52,0,0 '
Received from ('fd00::200:0:0:d', 8765, 0, 0): b' 879,13,9,1024,0,108,2,3,7,1,1,-52,4,1080,8435,48,0,0 '
Received from ('fd00::200:0:0:2', 8765, 0, 0): b' 881,2,1,512,0,88,5,1,6,1,1,-88,1,1048,17049,59,0,0 '
Received from ('fd00::200:0:0:5', 8765, 0, 0): b' 880,5,1,512,0,118,5,1,6,1,1,-94,9,2403,15620,59,0,0 '
Received from ('fd00::200:0:0:6', 8765, 0, 0): b' 879,6,3,768,20,102,3,1,7,1,1,-70,5,2693,19179,56,0,0 '
Received from ('fd00::200:0:0:11', 8765, 0, 0): b' 880,17,13,1280,10,106,3,4,7,1,1,-52,2,1903,16721,45,0,0 '
Received from ('fd00::200:0:0:12', 8765, 0, 0): b' 878,18,15,1536,0,111,3,5,5,1,1,-70,0,693,10134,41,0,0 '
Received from ('fd00::200:0:0:15', 8765, 0, 0): b' 879,21,17,1536,10,93,3,7,5,1,2,-52,0,277,5587,35,0,0 '
Received from ('fd00::200:0:0:9', 8765, 0, 0): b' 882,9,5,768,0,94,3,3,7,1,2,-52,5,2340,18383,51,0,0 '
Received from ('fd00::200:0:0:13', 8765, 0, 0): b' 882,19,15,1536,0,109,4,6,7,1,2,-52,0,598,6801,38,0,0 '
Received from ('fd00::200:0:0:7', 8765, 0, 0): b' 884,7,2,768,0,113,7,4,7,1,2,-70,0,1091,14355,53,0,0 '
Received from ('fd00::200:0:0:b', 8765, 0, 0): b' 882,11,8,1024,0,80,1,12,7,1,1,-70,0,948,7583,16,0,0 '
Received from ('fd00::200:0:0:8', 8765, 0, 0): b' 884,8,5,768,0,106,3,5,7,1,1,-70,2,1348,15099,55,0,0 '
Received from ('fd00::200:0:0:12', 8765, 0, 0): b' 883,18,15,1536,20,113,3,5,5,1,1,-70,0,361,4496,41,0,0 '
Received from ('fd00::200:0:0:e', 8765, 0, 0): b' 883,14,10,1280,0,94,2,8,7,1,1,-52,0,1041,11474,29,0,0 '
Received from ('fd00::200:0:0:c', 8765, 0, 0): b' 884,12,8,1024,10,83,2,13,6,1,1,-52,0,840,9948,18,0,0 '
Received from ('fd00::200:0:0:10', 8765, 0, 0): b' 886,16,13,1280,0,103,4,10,7,1,2,-70,0,777,8945,26,0,0 '
Received from ('fd00::200:0:0:1', 5678, 0, 0): b' 887,1,0,256,0,6,0,0,4,0,0,0,10,2208,22422,886,0,0 '
Received from ('fd00::200:0:0:3', 8765, 0, 0): b' 887,3,1,512,10,103,5,1,7,1,1,-64,6,1959,15287,58,0,0 '
Received from ('fd00::200:0:0:a', 8765, 0, 0): b' 887,10,6,1024,10,120,2,3,7,1,1,-52,4,1642,16744,52,0,0 '
Received from ('fd00::200:0:0:6', 8765, 0, 0): b' 889,6,3,768,20,103,3,1,7,1,1,-70,5,1674,15179,56,0,0 '
Received from ('fd00::200:0:0:11', 8765, 0, 0): b' 888,17,13,1280,10,106,3,4,7,1,1,-52,2,886,11839,45,0,0 '
Received from ('fd00::200:0:0:4', 8765, 0, 0): b' 889,4,1,512,0,117,5,1,7,1,1,-66,0,657,13719,59,0,0 '
Received from ('fd00::200:0:0:e', 8765, 0, 0): b' 887,14,10,1280,0,95,2,8,7,1,1,-52,0,417,4072,30,0,0 '
Received from ('fd00::200:0:0:13', 8765, 0, 0): b' 887,19,15,1536,0,109,4,6,7,1,2,-52,0,333,5610,39,0,0 '
Received from ('fd00::200:0:0:15', 8765, 0, 0): b' 887,21,17,1536,0,94,3,7,5,1,2,-52,0,612,7577,35,0,0 '
Received from ('fd00::200:0:0:7', 8765, 0, 0): b' 890,7,2,768,0,115,7,4,7,1,2,-70,0,490,7677,53,0,0 '
Received from ('fd00::200:0:0:c', 8765, 0, 0): b' 889,12,8,1024,0,84,2,13,6,1,1,-52,0,461,5230,18,0,0 '
Received from ('fd00::200:0:0:f', 8765, 0, 0): b' 888,15,10,1280,10,103,2,3,7,1,1,-70,2,1779,20677,51,0,0 '
Received from ('fd00::200:0:0:5', 8765, 0, 0): b' 891,5,1,512,10,120,5,1,6,1,1,-94,9,3281,23673,59,0,0 '
Received from ('fd00::200:0:0:10', 8765, 0, 0): b' 890,16,13,1280,0,104,4,10,7,1,2,-70,0,361,4112,26,0,0 '
Received from ('fd00::200:0:0:2', 8765, 0, 0): b' 892,2,1,512,0,92,5,1,6,1,1,-88,1,1560,17912,59,0,0 '
Received from ('fd00::200:0:0:d', 8765, 0, 0): b' 891,13,9,1024,10,109,2,3,7,1,1,-52,4,2098,19272,49,0,0 '
Received from ('fd00::200:0:0:14', 8765, 0, 0): b' 891,20,17,1536,0,108,4,5,7,1,2,-70,0,792,11280,40,0,0 '
Received from ('fd00::200:0:0:12', 8765, 0, 0): b' 891,18,15,1536,0,116,3,5,5,1,1,-70,0,786,7884,42,0,0 '
Received from ('fd00::200:0:0:1', 5678, 0, 0): b' 893,1,0,256,0,6,0,0,4,0,0,0,10,1547,15195,896,0,0 '
Received from ('fd00::200:0:0:b', 8765, 0, 0): b' 891,11,8,1024,0,81,1,12,7,1,1,-70,0,650,8789,17,0,0 '
Received from ('fd00::200:0:0:9', 8765, 0, 0): b' 893,9,5,768,0,98,3,3,7,1,2,-52,5,2447,19614,52,0,0 '
Received from ('fd00::200:0:0:e', 8765, 0, 0): b' 892,14,10,1280,10,95,2,8,7,1,1,-52,0,294,4454,30,0,0 '
Received from ('fd00::200:0:0:8', 8765, 0, 0): b' 894,8,5,768,0,109,3,5,7,1,1,-70,2,1784,19603,56,0,0 '
Received from ('fd00::200:0:0:5', 8765, 0, 0): b' 895,5,1,512,0,120,5,1,6,1,1,-94,9,1651,11046,60,0,0 '
Received from ('fd00::200:0:0:10', 8765, 0, 0): b' 896,16,13,1280,0,105,4,10,7,1,2,-70,0,385,4918,26,0,0 '
Received from ('fd00::200:0:0:c', 8765, 0, 0): b' 895,12,8,1024,0,84,2,13,6,1,1,-52,0,332,5373,19,0,0 '
Received from ('fd00::200:0:0:3', 8765, 0, 0): b' 896,3,1,512,0,103,5,1,7,1,1,-64,6,2387,18365,59,0,0 '
Received from ('fd00::200:0:0:15', 8765, 0, 0): b' 895,21,17,1536,0,97,3,7,5,1,2,-52,0,677,7565,36,0,0 '
Received from ('fd00::200:0:0:12', 8765, 0, 0): b' 896,18,15,1536,0,118,3,5,5,1,1,-70,0,491,5390,42,0,0 '
Received from ('fd00::200:0:0:9', 8765, 0, 0): b' 898,9,5,768,0,100,3,3,7,1,2,-52,5,921,8677,52,0,0 '
Received from ('fd00::200:0:0:7', 8765, 0, 0): b' 898,7,2,768,0,115,7,4,7,1,2,-70,0,479,9726,54,0,0 '
Received from ('fd00::200:0:0:a', 8765, 0, 0): b' 897,10,6,1024,10,123,2,3,7,1,1,-52,4,2357,21578,53,0,0 '
Received from ('fd00::200:0:0:b', 8765, 0, 0): b' 898,11,8,1024,0,85,1,12,7,1,1,-70,0,698,6805,17,0,0 '
Received from ('fd00::200:0:0:6', 8765, 0, 0): b' 898,6,3,768,10,105,3,1,7,1,1,-70,5,2361,19134,57,0,0 '
Received from ('fd00::200:0:0:5', 8765, 0, 0): b' 899,5,1,512,10,121,5,1,6,1,1,-94,9,1370,8952,60,0,0 '
Received from ('fd00::200:0:0:13', 8765, 0, 0): b' 897,19,15,1536,0,112,4,6,7,1,2,-52,0,743,9276,39,0,0 '
Received from ('fd00::200:0:0:1', 5678, 0, 0): b' 900,1,0,256,0,6,0,0,4,0,0,0,10,1536,16876,904,0,0 '
Received from ('fd00::200:0:0:f', 8765, 0, 0): b' 898,15,10,1280,0,104,2,3,7,1,1,-70,2,1502,17864,52,0,0 '
Received from ('fd00::200:0:0:11', 8765, 0, 0): b' 899,17,13,1280,0,107,3,4,7,1,1,-52,2,1747,18174,46,0,0 '
Received from ('fd00::200:0:0:14', 8765, 0, 0): b' 899,20,17,1536,0,113,4,5,7,1,2,-70,0,990,8652,41,0,0 '
Received from ('fd00::200:0:0:4', 8765, 0, 0): b' 901,4,1,512,0,119,5,1,7,1,1,-66,0,733,14408,60,0,0 '
Received from ('fd00::200:0:0:10', 8765, 0, 0): b' 900,16,13,1280,0,105,4,10,7,1,2,-70,0,310,4780,27,0,0 '
Received from ('fd00::200:0:0:2', 8765, 0, 0): b' 903,2,1,512,0,96,5,1,6,1,1,-88,1,1428,17709,60,0,0 '
Received from ('fd00::200:0:0:d', 8765, 0, 0): b' 904,13,9,1024,0,112,2,3,7,1,1,-52,4,2379,20441,50,0,0 '
Received from ('fd00::200:0:0:3', 8765, 0, 0): b' 903,3,1,512,0,104,5,1,7,1,1,-64,6,1537,13183,59,0,0 '
Received from ('fd00::200:0:0:12', 8765, 0, 0): b' 902,18,15,1536,0,118,3,5,5,1,1,-70,0,333,5726,43,0,0 '
Received from ('fd00::200:0:0:c', 8765, 0, 0): b' 902,12,8,1024,0,87,2,13,6,1,1,-52,0,621,7573,19,0,0 '
Received from ('fd00::200:0:0:13', 8765, 0, 0): b' 902,19,15,1536,0,112,4,6,7,1,2,-52,0,333,5133,40,0,0 '
Received from ('fd00::200:0:0:15', 8765, 0, 0): b' 903,21,17,1536,20,100,3,7,5,1,2,-52,0,587,7262,36,0,0 '
Received from ('fd00::200:0:0:9', 8765, 0, 0): b' 905,9,5,768,0,100,3,3,7,1,2,-52,5,1420,11683,53,0,0 '
Received from ('fd00::200:0:0:e', 8765, 0, 0): b' 903,14,10,1280,10,97,2,8,7,1,1,-52,0,619,10437,31,0,0 '
Received from ('fd00::200:0:0:1', 5678, 0, 0): b' 906,1,0,256,0,6,0,0,4,0,0,0,10,1399,14240,912,0,0 '
Received from ('fd00::200:0:0:7', 8765, 0, 0): b' 906,7,2,768,0,117,7,4,7,1,2,-70,0,512,9190,54,0,0 '
Received from ('fd00::200:0:0:11', 8765, 0, 0): b' 905,17,13,1280,0,107,3,4,7,1,1,-52,2,976,9187,46,0,0 '
Received from ('fd00::200:0:0:f', 8765, 0, 0): b' 904,15,10,1280,0,105,2,3,7,1,1,-70,2,1057,12735,52,0,0 '
Received from ('fd00::200:0:0:8', 8765, 0, 0): b' 906,8,5,768,0,110,3,5,7,1,1,-70,2,1725,21719,57,0,0 '
Received from ('fd00::200:0:0:14', 8765, 0, 0): b' 907,20,17,1536,0,116,4,5,7,1,2,-70,0,598,6736,41,0,0 '
Received from ('fd00::200:0:0:5', 8765, 0, 0): b' 907,5,1,512,20,123,5,1,6,1,1,-94,9,2901,19038,61,0,0 '
Received from ('fd00::200:0:0:2', 8765, 0, 0): b' 908,2,1,512,10,98,5,1,6,1,1,-88,1,748,8213,60,0,0 '
Received from ('fd00::200:0:0:4', 8765, 0, 0): b' 908,4,1,512,0,120,5,1,7,1,1,-66,0,481,8820,61,0,0 '
Received from ('fd00::200:0:0:b', 8765, 0, 0): b' 907,11,8,1024,0,89,1,12,7,1,1,-70,0,881,8823,18,0,0 '
Received from ('fd00::200:0:0:6', 8765, 0, 0): b' 908,6,3,768,10,107,3,1,7,1,1,-70,5,2305,17334,57,0,0 '
Received from ('fd00::200:0:0:a', 8765, 0, 0): b' 908,10,6,1024,0,126,2,3,7,1,1,-52,4,2560,22025,54,0,0 '
Received from ('fd00::200:0:0:3', 8765, 0, 0): b' 910,3,1,512,0,105,5,1,7,1,1,-64,6,1809,12694,60,0,0 '
Received from ('fd00::200:0:0:c', 8765, 0, 0): b' 908,12,8,1024,10,88,2,13,6,1,1,-52,0,415,5573,20,0,0 '
Received from ('fd00::200:0:0:e', 8765, 0, 0): b' 909,14,10,1280,0,97,2,8,7,1,1,-52,0,375,5230,31,0,0 '
Received from ('fd00::200:0:0:1', 5678, 0, 0): b' 911,1,0,256,0,6,0,0,4,0,0,0,10,1461,13083,921,0,0 '
Received from ('fd00::200:0:0:11', 8765, 0, 0): b' 911,17,13,1280,0,107,3,4,7,1,1,-52,2,880,9782,47,0,0 '
Received from ('fd00::200:0:0:5', 8765, 0, 0): b' 913,5,1,512,10,124,5,1,6,1,1,-94,9,1272,10905,61,0,0 '
Received from ('fd00::200:0:0:15', 8765, 0, 0): b' 913,21,17,1536,0,103,3,7,5,1,2,-52,0,810,9247,37,0,0 '
Received from ('fd00::200:0:0:4', 8765, 0, 0): b' 914,4,1,512,0,121,5,1,7,1,1,-66,0,357,6252,61,0,0 '
Received from ('fd00::200:0:0:10', 8765, 0, 0): b' 913,16,13,1280,10,108,4,10,7,1,2,-70,0,768,11261,28,0,0 '
Received from ('fd00::200:0:0:d', 8765, 0, 0): b' 914,13,9,1024,0,117,2,3,7,1,1,-52,4,2574,18715,50,0,0 '
Received from ('fd00::200:0:0:b', 8765, 0, 0): b' 913,11,8,1024,0,89,1,13,7,1,1,-70,0,328,5894,18,0,0 '
Received from ('fd00::200:0:0:12', 8765, 0, 0): b' 912,18,15,1536,0,122,3,5,5,1,1,-70,0,850,9504,43,0,0 '
Received from ('fd00::200:0:0:2', 8765, 0, 0): b' 915,2,1,512,0,99,5,1,6,1,1,-88,1,791,11733,61,0,0 '
Received from ('fd00::200:0:0:8', 8765, 0, 0): b' 915,8,5,768,0,113,3,5,7,1,1,-70,2,1640,17751,57,0,0 '
Received from ('fd00::200:0:0:13', 8765, 0, 0): b' 914,19,15,1536,10,114,4,6,7,1,2,-52,0,804,10664,40,0,0 '
Received from ('fd00::200:0:0:c', 8765, 0, 0): b' 915,12,8,1024,10,91,2,13,6,1,1,-52,0,515,6044,20,0,0 '
Received from ('fd00::200:0:0:3', 8765, 0, 0): b' 916,3,1,512,10,107,5,1,7,1,1,-64,6,1206,10780,60,0,0 '
Received from ('fd00::200:0:0:9', 8765, 0, 0): b' 916,9,5,768,0,103,3,3,7,1,2,-52,5,2488,20213,53,0,0 '
Received from ('fd00::200:0:0:10', 8765, 0, 0): b' 917,16,13,1280,0,109,4,10,7,1,2,-70,0,322,4152,28,0,0 '
Received from ('fd00::200:0:0:7', 8765, 0, 0): b' 917,7,2,768,0,120,7,4,7,1,2,-70,0,848,14583,55,0,0 '
Received from ('fd00::200:0:0:e', 8765, 0, 0): b' 915,14,10,1280,0,99,2,8,7,1,1,-52,0,546,6309,32,0,0 '
Received from ('fd00::200:0:0:6', 8765, 0, 0): b' 917,6,3,768,20,108,3,1,7,1,1,-70,5,1572,15958,58,0,0 '
Received from ('fd00::200:0:0:11', 8765, 0, 0): b' 918,17,13,1280,0,108,3,4,7,1,1,-52,2,783,10440,47,0,0 '
Received from ('fd00::200:0:0:f', 8765, 0, 0): b' 916,15,10,1280,0,112,2,3,7,1,1,-70,2,2204,22645,53,0,0 '
Received from ('fd00::200:0:0:14', 8765, 0, 0): b' 919,20,17,1536,0,119,4,5,7,1,2,-70,0,823,11465,42,0,0 '
Received from ('fd00::200:0:0:a', 8765, 0, 0): b' 917,10,6,1024,10,126,2,3,7,1,1,-52,4,1748,17574,54,0,0 '
Received from ('fd00::200:0:0:1', 5678, 0, 0): b' 919,1,0,256,0,6,0,0,4,0,0,0,10,1666,18774,928,0,0 '
Received from ('fd00::200:0:0:c', 8765, 0, 0): b' 919,12,8,1024,0,92,2,13,6,1,1,-52,0,467,4447,20,0,0 '
Received from ('fd00::200:0:0:13', 8765, 0, 0): b' 919,19,15,1536,0,115,4,6,7,1,2,-52,0,484,4849,41,0,0 '
Received from ('fd00::200:0:0:4', 8765, 0, 0): b' 921,4,1,512,0,122,5,1,7,1,1,-66,0,399,8410,61,0,0 '
Received from ('fd00::200:0:0:8', 8765, 0, 0): b' 921,8,5,768,0,116,3,5,7,1,1,-70,2,1317,10980,58,0,0 '
Received from ('fd00::200:0:0:12', 8765, 0, 0): b' 919,18,15,1536,10,123,3,5,5,1,1,-70,0,440,6526,44,0,0 '
Received from ('fd00::200:0:0:5', 8765, 0, 0): b' 923,5,1,512,20,128,5,1,6,1,1,-94,9,3950,24774,62,0,0 '
Received from ('fd00::200:0:0:e', 8765, 0, 0): b' 922,14,10,1280,0,100,2,8,7,1,1,-52,0,383,5939,32,0,0 '
Received from ('fd00::200:0:0:9', 8765, 0, 0): b' 922,9,5,768,0,104,3,3,7,1,2,-52,5,1271,10930,54,0,0 '
Received from ('fd00::200:0:0:10', 8765, 0, 0): b' 922,16,13,1280,0,110,4,10,7,1,2,-70,0,385,5580,28,0,0 '
Received from ('fd00::200:0:0:11', 8765, 0, 0): b' 923,17,13,1280,0,111,3,4,7,1,1,-52,2,1128,8849,48,0,0 '
Received from ('fd00::200:0:0:2', 8765, 0, 0): b' 924,2,1,512,0,104,5,1,6,1,1,-88,1,1235,15330,62,0,0 '
Received from ('fd00::200:0:0:13', 8765, 0, 0): b' 923,19,15,1536,0,115,4,6,7,1,2,-52,0,253,3928,41,0,0 '
Received from ('fd00::200:0:0:d', 8765, 0, 0): b' 925,13,9,1024,10,118,2,3,7,1,1,-52,4,2102,19455,51,0,0 '
Received from ('fd00::200:0:0:8', 8765, 0, 0): b' 925,8,5,768,0,116,3,5,7,1,1,-70,2,417,8216,58,0,0 '
Received from ('fd00::200:0:0:15', 8765, 0, 0): b' 925,21,17,1536,0,106,3,7,5,1,2,-52,0,823,11435,38,0,0 '
Received from ('fd00::200:0:0:b', 8765, 0, 0): b' 926,11,8,1024,0,91,1,13,7,1,1,-70,0,761,11329,19,0,0 '
Received from ('fd00::200:0:0:11', 8765, 0, 0): b' 927,17,13,1280,0,111,3,4,7,1,1,-52,2,598,6688,48,0,0 '
Received from ('fd00::200:0:0:a', 8765, 0, 0): b' 926,10,6,1024,0,127,2,3,7,1,1,-52,4,1786,17419,55,0,0 '
Received from ('fd00::200:0:0:c', 8765, 0, 0): b' 926,12,8,1024,0,96,2,14,6,1,1,-52,0,788,7707,21,0,0 '
Received from ('fd00::200:0:0:3', 8765, 0, 0): b' 927,3,1,512,10,112,5,1,7,1,1,-64,6,3432,22561,61,0,0 '
Received from ('fd00::200:0:0:f', 8765, 0, 0): b' 926,15,10,1280,0,115,2,3,7,1,1,-70,2,1726,18857,54,0,0 '
Received from ('fd00::200:0:0:14', 8765, 0, 0): b' 928,20,17,1536,0,120,4,5,7,1,2,-70,0,586,9035,43,0,0 '
Received from ('fd00::200:0:0:4', 8765, 0, 0): b' 929,4,1,512,0,123,5,1,7,1,1,-66,0,577,10071,62,0,0 '
Received from ('fd00::200:0:0:15', 8765, 0, 0): b' 929,21,17,1536,0,107,3,7,5,1,2,-52,0,361,4141,38,0,0 '
Received from ('fd00::200:0:0:6', 8765, 0, 0): b' 928,6,3,768,10,112,3,1,7,1,1,-70,5,2793,19942,59,0,0 '
Received from ('fd00::200:0:0:1', 5678, 0, 0): b' 930,1,0,256,0,6,0,0,4,0,0,0,10,2778,25713,943,0,0 '
Received from ('fd00::200:0:0:7', 8765, 0, 0): b' 929,7,2,768,0,124,7,4,7,1,2,-70,0,1026,15213,56,0,0 '
Received from ('fd00::200:0:0:9', 8765, 0, 0): b' 929,9,5,768,0,109,3,3,7,1,2,-52,5,2044,13472,54,0,0 '
Received from ('fd00::200:0:0:12', 8765, 0, 0): b' 926,18,15,1536,0,125,3,5,5,1,1,-70,0,516,6558,44,0,0 '
Received from ('fd00::200:0:0:10', 8765, 0, 0): b' 930,16,13,1280,0,110,4,10,7,1,2,-70,0,665,7999,29,0,0 '
Received from ('fd00::200:0:0:5', 8765, 0, 0): b' 931,5,1,512,0,130,5,1,6,1,1,-94,9,3327,20375,62,0,0 '
Received from ('fd00::200:0:0:2', 8765, 0, 0): b' 933,2,1,512,0,104,5,1,6,1,1,-88,1,936,11447,62,0,0 '
Received from ('fd00::200:0:0:d', 8765, 0, 0): b' 933,13,9,1024,10,119,2,3,7,1,1,-52,4,1519,13193,52,0,0 '
Received from ('fd00::200:0:0:4', 8765, 0, 0): b' 933,4,1,512,0,124,5,1,7,1,1,-66,0,358,5741,62,0,0 '
Received from ('fd00::200:0:0:a', 8765, 0, 0): b' 933,10,6,1024,0,129,2,3,7,1,1,-52,4,1317,12664,55,0,0 '
Received from ('fd00::200:0:0:8', 8765, 0, 0): b' 934,8,5,768,0,119,3,5,7,1,1,-70,2,1627,16688,59,0,0 '
Received from ('fd00::200:0:0:13', 8765, 0, 0): b' 931,19,15,1536,0,116,4,6,7,1,2,-52,0,488,8873,42,0,0 '
Received from ('fd00::200:0:0:15', 8765, 0, 0): b' 934,21,17,1536,0,108,3,7,5,1,2,-52,0,384,4675,38,0,0 '
Received from ('fd00::200:0:0:11', 8765, 0, 0): b' 935,17,13,1280,0,114,3,4,7,1,1,-52,2,1235,12687,48,0,0 '
Received from ('fd00::200:0:0:12', 8765, 0, 0): b' 933,18,15,1536,0,129,3,5,5,1,1,-70,0,858,7164,45,0,0 '
Received from ('fd00::200:0:0:e', 8765, 0, 0): b' 934,14,10,1280,0,104,2,8,7,1,1,-52,0,930,11613,33,0,0 '
Received from ('fd00::200:0:0:3', 8765, 0, 0): b' 937,3,1,512,10,116,5,1,7,1,1,-64,6,2695,19211,62,0,0 '
Received from ('fd00::200:0:0:b', 8765, 0, 0): b' 937,11,8,1024,0,94,1,13,7,1,1,-70,0,823,11354,20,0,0 '
Received from ('fd00::200:0:0:1', 5678, 0, 0): b' 938,1,0,256,0,6,0,0,4,0,0,0,10,2038,19356,957,0,0 '
Received from ('fd00::200:0:0:f', 8765, 0, 0): b' 935,15,10,1280,10,115,2,3,7,1,1,-70,2,1497,17729,55,0,0 '
Received from ('fd00::200:0:0:4', 8765, 0, 0): b' 938,4,1,512,0,126,5,1,7,1,1,-66,0,563,6616,63,0,0 '
Received from ('fd00::200:0:0:10', 8765, 0, 0): b' 937,16,13,1280,0,113,4,10,7,1,2,-70,0,623,7078,29,0,0 '
Received from ('fd00::200:0:0:14', 8765, 0, 0): b' 937,20,17,1536,0,122,4,5,7,1,2,-70,0,692,9757,44,0,0 '
Received from ('fd00::200:0:0:6', 8765, 0, 0): b' 938,6,3,768,10,117,3,1,7,1,1,-70,5,2673,18828,59,0,0 '
Received from ('fd00::200:0:0:c', 8765, 0, 0): b' 939,12,8,1024,0,98,2,14,6,1,1,-52,0,659,11099,21,0,0 '
Received from ('fd00::200:0:0:9', 8765, 0, 0): b' 938,9,5,768,0,111,3,3,7,1,2,-52,5,2046,16586,55,0,0 '
Received from ('fd00::200:0:0:11', 8765, 0, 0): b' 940,17,13,1280,0,115,3,4,7,1,1,-52,2,975,8378,49,0,0 '
Received from ('fd00::200:0:0:7', 8765, 0, 0): b' 940,7,2,768,0,126,7,4,7,1,2,-70,0,635,12682,56,0,0 '
Received from ('fd00::200:0:0:a', 8765, 0, 0): b' 940,10,6,1024,0,131,2,3,7,1,1,-52,4,1745,15999,56,0,0 '
Received from ('fd00::200:0:0:e', 8765, 0, 0): b' 940,14,10,1280,10,106,2,8,7,1,1,-52,0,492,6472,33,0,0 '
Received from ('fd00::200:0:0:2', 8765, 0, 0): b' 942,2,1,512,10,108,5,1,6,1,1,-88,1,1199,15345,63,0,0 '
Received from ('fd00::200:0:0:5', 8765, 0, 0): b' 943,5,1,512,10,135,5,1,6,1,1,-94,9,3483,25656,63,0,0 '
Received from ('fd00::200:0:0:d', 8765, 0, 0): b' 942,13,9,1024,0,121,2,3,7,1,1,-52,4,2067,17632,52,0,0 '
Received from ('fd00::200:0:0:9', 8765, 0, 0): b' 943,9,5,768,0,111,3,3,7,1,2,-52,5,750,7281,55,0,0 '
Received from ('fd00::200:0:0:12', 8765, 0, 0): b' 942,18,15,1536,0,131,3,5,5,1,1,-70,0,636,9033,45,0,0 '
Received from ('fd00::200:0:0:15', 8765, 0, 0): b' 943,21,17,1536,0,109,3,7,5,1,2,-52,0,561,8485,39,0,0 '
Received from ('fd00::200:0:0:f', 8765, 0, 0): b' 943,15,10,1280,0,115,2,3,7,1,1,-70,2,814,13998,55,0,0 '
Received from ('fd00::200:0:0:4', 8765, 0, 0): b' 945,4,1,512,0,127,5,1,7,1,1,-66,0,381,7684,63,0,0 '
Received from ('fd00::200:0:0:8', 8765, 0, 0): b' 945,8,5,768,0,120,3,5,7,1,1,-70,2,1413,20078,59,0,0 '
Received from ('fd00::200:0:0:13', 8765, 0, 0): b' 943,19,15,1536,0,119,4,6,7,1,2,-52,0,840,10891,42,0,0 '
Received from ('fd00::200:0:0:b', 8765, 0, 0): b' 946,11,8,1024,0,97,1,13,7,1,1,-70,0,743,9195,20,0,0 '
Received from ('fd00::200:0:0:6', 8765, 0, 0): b' 946,6,3,768,10,120,3,1,7,1,1,-70,5,1868,14848,60,0,0 '
Received from ('fd00::200:0:0:11', 8765, 0, 0): b' 946,17,13,1280,0,115,3,4,7,1,1,-52,2,671,10268,49,0,0 '
Received from ('fd00::200:0:0:d', 8765, 0, 0): b' 947,13,9,1024,0,124,2,3,7,1,1,-52,4,1241,9541,53,0,0 '
Received from ('fd00::200:0:0:10', 8765, 0, 0): b' 948,16,13,1280,0,115,4,10,7,1,2,-70,0,693,10490,30,0,0 '
Received from ('fd00::200:0:0:5', 8765, 0, 0): b' 949,5,1,512,10,135,5,1,6,1,1,-94,9,2150,14570,63,0,0 '
Received from ('fd00::200:0:0:1', 5678, 0, 0): b' 949,1,0,256,0,6,0,0,4,0,0,0,10,2605,27140,969,0,0 '
Received from ('fd00::200:0:0:3', 8765, 0, 0): b' 949,3,1,512,10,119,5,1,7,1,1,-64,6,2793,21752,62,0,0 '
Received from ('fd00::200:0:0:9', 8765, 0, 0): b' 949,9,5,768,10,113,3,3,7,1,2,-52,5,1490,11089,56,0,0 '
Received from ('fd00::200:0:0:12', 8765, 0, 0): b' 947,18,15,1536,10,132,3,5,5,1,1,-70,0,416,4647,46,0,0 '
Received from ('fd00::200:0:0:2', 8765, 0, 0): b' 950,2,1,512,0,109,5,1,6,1,1,-88,1,758,11542,63,0,0 '
Received from ('fd00::200:0:0:14', 8765, 0, 0): b' 949,20,17,1536,0,125,4,5,7,1,2,-70,0,743,9625,44,0,0 '
Received from ('fd00::200:0:0:a', 8765, 0, 0): b' 949,10,6,1024,0,133,2,3,7,1,1,-52,4,1920,18368,56,0,0 '
Received from ('fd00::200:0:0:f', 8765, 0, 0): b' 949,15,10,1280,0,116,2,3,7,1,1,-70,2,1145,11617,55,0,0 '
Received from ('fd00::200:0:0:c', 8765, 0, 0): b' 949,12,8,1024,0,102,2,14,6,1,1,-52,0,996,11282,22,0,0 '
Received from ('fd00::200:0:0:8', 8765, 0, 0): b' 951,8,5,768,0,121,3,5,7,1,1,-70,2,1133,12065,60,0,0 '
Received from ('fd00::200:0:0:7', 8765, 0, 0): b' 951,7,2,768,0,128,7,4,7,1,2,-70,0,839,13702,57,0,0 '
Received from ('fd00::200:0:0:6', 8765, 0, 0): b' 951,6,3,768,10,120,3,1,7,1,1,-70,5,1031,8988,60,0,0 '
Received from ('fd00::200:0:0:13', 8765, 0, 0): b' 950,19,15,1536,0,122,4,6,7,1,2,-52,0,679,6831,43,0,0 '
Received from ('fd00::200:0:0:e', 8765, 0, 0): b' 952,14,10,1280,0,108,2,8,7,1,1,-52,0,718,10554,34,0,0 '
Received from ('fd00::200:0:0:15', 8765, 0, 0): b' 954,21,17,1536,0,113,3,7,5,1,2,-52,0,930,10545,40,0,0 '
Received from ('fd00::200:0:0:5', 8765, 0, 0): b' 954,5,1,512,10,137,5,1,6,1,1,-94,9,1918,12566,64,0,0 '
Received from ('fd00::200:0:0:b', 8765, 0, 0): b' 954,11,8,1024,10,98,1,13,7,1,1,-70,0,536,6975,21,0,0 '
Received from ('fd00::200:0:0:4', 8765, 0, 0): b' 955,4,1,512,0,130,5,1,7,1,1,-66,0,815,12594,64,0,0 '
Received from ('fd00::200:0:0:d', 8765, 0, 0): b' 954,13,9,1024,0,125,2,3,7,1,1,-52,4,1408,11664,53,0,0 '
Received from ('fd00::200:0:0:c', 8765, 0, 0): b' 954,12,8,1024,0,104,2,14,6,1,1,-52,0,525,5117,23,0,0 '
Received from ('fd00::200:0:0:1', 5678, 0, 0): b' 958,1,0,256,0,6,0,0,4,0,0,0,10,2248,21801,983,0,0 '
Received from ('fd00::200:0:0:7', 8765, 0, 0): b' 958,7,2,768,10,130,7,4,7,1,2,-70,0,521,7938,58,0,0 '
Received from ('fd00::200:0:0:11', 8765, 0, 0): b' 957,17,13,1280,10,118,3,4,7,1,1,-52,2,1841,19019,50,0,0 '
Received from ('fd00::200:0:0:14', 8765, 0, 0): b' 959,20,17,1536,0,126,4,5,7,1,2,-70,0,585,9868,45,0,0 '
Received from ('fd00::200:0:0:12', 8765, 0, 0): b' 957,18,15,1536,0,136,3,5,5,1,1,-70,0,755,9579,46,0,0 '
Received from ('fd00::200:0:0:c', 8765, 0, 0): b' 959,12,8,1024,0,104,2,14,6,1,1,-52,0,343,4751,23,0,0 '
Received from ('fd00::200:0:0:f', 8765, 0, 0): b' 958,15,10,1280,10,118,2,3,7,1,1,-70,2,1411,16677,56,0,0 '
Received from ('fd00::200:0:0:10', 8765, 0, 0): b' 958,16,13,1280,0,118,4,10,7,1,2,-70,0,825,11274,31,0,0 '
Received from ('fd00::200:0:0:b', 8765, 0, 0): b' 960,11,8,1024,10,99,1,13,7,1,1,-70,0,384,5723,21,0,0 '
Received from ('fd00::200:0:0:9', 8765, 0, 0): b' 960,9,5,768,10,114,3,3,7,1,2,-52,5,1981,18516,56,0,0 '
Received from ('fd00::200:0:0:2', 8765, 0, 0): b' 960,2,1,512,0,112,5,1,6,1,1,-88,1,1522,17178,64,0,0 '
Received from ('fd00::200:0:0:3', 8765, 0, 0): b' 961,3,1,512,20,122,5,1,7,1,1,-64,6,2870,21614,63,0,0 '
Received from ('fd00::200:0:0:a', 8765, 0, 0): b' 960,10,6,1024,0,136,2,3,7,1,1,-52,4,2313,21542,57,0,0 '
Received from ('fd00::200:0:0:7', 8765, 0, 0): b' 962,7,2,768,0,131,7,4,7,1,2,-70,0,313,5287,58,0,0 '
Received from ('fd00::200:0:0:8', 8765, 0, 0): b' 962,8,5,768,0,122,3,5,7,1,1,-70,2,1790,21504,61,0,0 '
Received from ('fd00::200:0:0:6', 8765, 0, 0): b' 961,6,3,768,0,120,3,1,7,1,1,-70,5,1951,17684,61,0,0 '
Received from ('fd00::200:0:0:d', 8765, 0, 0): b' 962,13,9,1024,0,128,2,3,7,1,1,-52,4,1719,13756,54,0,0 '
Received from ('fd00::200:0:0:1', 5678, 0, 0): b' 963,1,0,256,0,6,0,0,4,0,0,0,10,1234,12239,989,0,0 '
Received from ('fd00::200:0:0:13', 8765, 0, 0): b' 961,19,15,1536,10,124,4,6,7,1,2,-52,0,692,10972,44,0,0 '
Received from ('fd00::200:0:0:b', 8765, 0, 0): b' 964,11,8,1024,0,100,1,13,7,1,1,-70,0,343,4905,22,0,0 '
Received from ('fd00::200:0:0:4', 8765, 0, 0): b' 965,4,1,512,0,132,5,1,7,1,1,-66,0,634,11686,64,0,0 '
Received from ('fd00::200:0:0:f', 8765, 0, 0): b' 963,15,10,1280,0,120,2,3,7,1,1,-70,2,1095,11071,56,0,0 '
Received from ('fd00::200:0:0:15', 8765, 0, 0): b' 965,21,17,1536,0,118,3,7,5,1,2,-52,0,852,10878,40,0,0 '
Received from ('fd00::200:0:0:12', 8765, 0, 0): b' 963,18,15,1536,0,138,3,5,5,1,1,-70,0,738,7037,47,0,0 '
Received from ('fd00::200:0:0:5', 8765, 0, 0): b' 966,5,1,512,20,139,5,1,6,1,1,-94,9,3779,26844,64,0,0 '
Received from ('fd00::200:0:0:e', 8765, 0, 0): b' 964,14,10,1280,0,115,2,8,7,1,1,-52,0,1318,12563,35,0,0 '
Received from ('fd00::200:0:0:c', 8765, 0, 0): b' 965,12,8,1024,0,108,2,14,6,1,1,-52,0,705,6395,23,0,0 '
Received from ('fd00::200:0:0:3', 8765, 0, 0): b' 967,3,1,512,20,124,5,1,7,1,1,-64,6,1903,11889,64,0,0 '
Received from ('fd00::200:0:0:8', 8765, 0, 0): b' 968,8,5,768,0,125,3,5,7,1,1,-70,2,1290,12660,61,0,0 '
Received from ('fd00::200:0:0:1', 5678, 0, 0): b' 969,1,0,256,0,6,0,0,4,0,0,0,10,1449,13010,998,0,0 '
Received from ('fd00::200:0:0:11', 8765, 0, 0): b' 968,17,13,1280,10,120,3,4,7,1,1,-52,2,1585,17226,51,0,0 '
Received from ('fd00::200:0:0:b', 8765, 0, 0): b' 969,11,8,1024,0,101,1,13,7,1,1,-70,0,360,4305,22,0,0 '
Received from ('fd00::200:0:0:2', 8765, 0, 0): b' 970,2,1,512,0,115,5,1,6,1,1,-88,1,1064,14317,65,0,0 '
Received from ('fd00::200:0:0:14', 8765, 0, 0): b' 970,20,17,1536,10,130,4,5,7,1,2,-70,0,809,10233,46,0,0 '
Received from ('fd00::200:0:0:f', 8765, 0, 0): b' 968,15,10,1280,0,121,2,3,7,1,1,-70,2,761,8955,57,0,0 '
Received from ('fd00::200:0:0:13', 8765, 0, 0): b' 968,19,15,1536,0,124,4,6,7,1,2,-52,0,303,6271,44,0,0 '
Received from ('fd00::200:0:0:10', 8765, 0, 0): b' 970,16,13,1280,0,121,4,10,7,1,2,-70,0,866,11399,31,0,0 '
Received from ('fd00::200:0:0:9', 8765, 0, 0): b' 971,9,5,768,0,116,3,3,7,1,2,-52,5,2163,20118,57,0,0 '
Received from ('fd00::200:0:0:6', 8765, 0, 0): b' 971,6,3,768,10,123,3,1,7,1,1,-70,5,2391,18389,62,0,0 '
Received from ('fd00::200:0:0:a', 8765, 0, 0): b' 971,10,6,1024,10,139,2,3,7,1,1,-52,4,2641,22797,58,0,0 '
Received from ('fd00::200:0:0:7', 8765, 0, 0): b' 972,7,2,768,0,134,7,4,7,1,2,-70,0,796,12858,59,0,0 '
Received from ('fd00::200:0:0:d', 8765, 0, 0): b' 972,13,9,1024,10,131,2,3,7,1,1,-52,4,1995,17666,54,0,0 '
Received from ('fd00::200:0:0:12', 8765, 0, 0): b' 970,18,15,1536,0,139,3,5,5,1,1,-70,0,384,6608,47,0,0 '
Received from ('fd00::200:0:0:c', 8765, 0, 0): b' 973,12,8,1024,10,110,2,14,6,1,1,-52,0,644,7207,24,0,0 '
Received from ('fd00::200:0:0:11', 8765, 0, 0): b' 973,17,13,1280,0,122,3,4,7,1,1,-52,2,963,9008,51,0,0 '
Received from ('fd00::200:0:0:8', 8765, 0, 0): b' 974,8,5,768,0,129,3,5,7,1,1,-70,2,1343,12755,61,0,0 '
Received from ('fd00::200:0:0:1', 5678, 0, 0): b' 976,1,0,256,0,6,0,0,4,0,0,0,10,1660,17383,1004,0,0 '
Received from ('fd00::200:0:0:4', 8765, 0, 0): b' 976,4,1,512,10,134,5,1,7,1,1,-66,0,709,13631,65,0,0 '
Received from ('fd00::200:0:0:6', 8765, 0, 0): b' 975,6,3,768,10,124,3,1,7,1,1,-70,5,831,7118,62,0,0 '
Received from ('fd00::200:0:0:13', 8765, 0, 0): b' 974,19,15,1536,0,124,4,6,7,1,2,-52,0,277,5229,44,0,0 '
Received from ('fd00::200:0:0:15', 8765, 0, 0): b' 975,21,17,1536,0,122,3,7,5,1,2,-52,0,931,10973,41,0,0 '
Received from ('fd00::200:0:0:e', 8765, 0, 0): b' 976,14,10,1280,0,119,2,8,7,1,1,-52,0,876,10968,35,0,0 '
Received from ('fd00::200:0:0:5', 8765, 0, 0): b' 977,5,1,512,0,143,5,1,6,1,1,-94,9,3963,26706,65,0,0 '
Received from ('fd00::200:0:0:c', 8765, 0, 0): b' 977,12,8,1024,0,110,2,14,6,1,1,-52,0,182,4753,24,0,0 '
Received from ('fd00::200:0:0:3', 8765, 0, 0): b' 978,3,1,512,0,125,5,1,7,1,1,-64,6,2619,21529,64,0,0 '
Received from ('fd00::200:0:0:11', 8765, 0, 0): b' 977,17,13,1280,0,122,3,4,7,1,1,-52,2,593,6708,51,0,0 '
Received from ('fd00::200:0:0:b', 8765, 0, 0): b' 978,11,8,1024,0,105,1,13,7,1,1,-70,0,906,10533,23,0,0 '
Received from ('fd00::200:0:0:d', 8765, 0, 0): b' 979,13,9,1024,0,133,2,3,7,1,1,-52,4,1402,12042,55,0,0 '
Received from ('fd00::200:0:0:a', 8765, 0, 0): b' 979,10,6,1024,0,140,2,3,7,1,1,-52,4,1673,16251,58,0,0 '
Received from ('fd00::200:0:0:15', 8765, 0, 0): b' 979,21,17,1536,0,124,3,7,5,1,2,-52,0,462,3969,41,0,0 '
Received from ('fd00::200:0:0:f', 8765, 0, 0): b' 979,15,10,1280,0,122,2,3,7,1,1,-70,2,1513,19274,57,0,0 '
Received from ('fd00::200:0:0:2', 8765, 0, 0): b' 981,2,1,512,0,119,5,1,6,1,1,-88,1,1481,18584,65,0,0 '
Received from ('fd00::200:0:0:7', 8765, 0, 0): b' 981,7,2,768,0,136,7,4,7,1,2,-70,0,638,11034,59,0,0 '
Received from ('fd00::200:0:0:14', 8765, 0, 0): b' 980,20,17,1536,0,132,4,5,7,1,2,-70,0,686,11255,46,0,0 '
Received from ('fd00::200:0:0:6', 8765, 0, 0): b' 981,6,3,768,0,124,3,1,7,1,1,-70,5,1385,11146,62,0,0 '
Received from ('fd00::200:0:0:9', 8765, 0, 0): b' 982,9,5,768,10,117,3,3,7,1,2,-52,5,2210,18629,58,0,0 '
Received from ('fd00::200:0:0:1', 5678, 0, 0): b' 983,1,0,256,0,6,0,0,4,0,0,0,10,1844,17585,1017,0,0 '
Received from ('fd00::200:0:0:10', 8765, 0, 0): b' 982,16,13,1280,0,124,4,10,7,1,2,-70,0,801,10432,32,0,0 '
Received from ('fd00::200:0:0:13', 8765, 0, 0): b' 983,19,15,1536,10,124,4,6,7,1,2,-52,0,333,7011,45,0,0 '
Received from ('fd00::200:0:0:8', 8765, 0, 0): b' 984,8,5,768,0,135,3,5,7,1,1,-70,2,2090,20439,62,0,0 '
Received from ('fd00::200:0:0:12', 8765, 0, 0): b' 983,18,15,1536,0,143,3,5,5,1,1,-70,0,930,11836,48,0,0 '
Received from ('fd00::200:0:0:2', 8765, 0, 0): b' 985,2,1,512,0,120,5,1,6,1,1,-88,1,594,6804,66,0,0 '
Received from ('fd00::200:0:0:c', 8765, 0, 0): b' 985,12,8,1024,0,111,2,14,6,1,1,-52,0,561,7355,25,0,0 '
Received from ('fd00::200:0:0:11', 8765, 0, 0): b' 985,17,13,1280,0,124,3,4,7,1,1,-52,2,1375,12397,52,0,0 '
Received from ('fd00::200:0:0:e', 8765, 0, 0): b' 984,14,10,1280,0,124,2,8,7,1,1,-52,0,990,8117,36,0,0 '
Received from ('fd00::200:0:0:f', 8765, 0, 0): b' 984,15,10,1280,0,124,2,3,7,1,1,-70,2,1043,9476,58,0,0 '
Received from ('fd00::200:0:0:3', 8765, 0, 0): b' 987,3,1,512,0,126,5,1,7,1,1,-64,6,2201,16708,65,0,0 '
Received from ('fd00::200:0:0:4', 8765, 0, 0): b' 987,4,1,512,0,136,5,1,7,1,1,-66,0,735,14006,66,0,0 '
Received from ('fd00::200:0:0:7', 8765, 0, 0): b' 987,7,2,768,0,140,7,4,7,1,2,-70,0,759,7848,60,0,0 '
Received from ('fd00::200:0:0:14', 8765, 0, 0): b' 986,20,17,1536,10,133,4,5,7,1,2,-70,0,514,5782,47,0,0 '
Received from ('fd00::200:0:0:a', 8765, 0, 0): b' 986,10,6,1024,0,142,2,3,7,1,1,-52,4,1884,16004,59,0,0 '
Received from ('fd00::200:0:0:d', 8765, 0, 0): b' 989,13,9,1024,0,137,2,3,7,1,1,-52,4,2339,17926,55,0,0 '
Received from ('fd00::200:0:0:5', 8765, 0, 0): b' 989,5,1,512,20,145,5,1,6,1,1,-94,9,3833,27348,66,0,0 '
Received from ('fd00::200:0:0:b', 8765, 0, 0): b' 988,11,8,1024,0,108,1,13,7,1,1,-70,0,810,10051,23,0,0 '
Received from ('fd00::200:0:0:f', 8765, 0, 0): b' 988,15,10,1280,0,126,2,3,7,1,1,-70,2,754,10058,58,0,0 '
Received from ('fd00::200:0:0:e', 8765, 0, 0): b' 990,14,10,1280,0,127,2,8,7,1,1,-52,0,598,6699,36,0,0 '
Received from ('fd00::200:0:0:6', 8765, 0, 0): b' 991,6,3,768,10,127,3,1,7,1,1,-70,5,2150,16956,63,0,0 '
Received from ('fd00::200:0:0:15', 8765, 0, 0): b' 990,21,17,1536,0,126,3,7,5,1,2,-52,0,596,9973,42,0,0 '
Received from ('fd00::200:0:0:a', 8765, 0, 0): b' 990,10,6,1024,10,143,2,3,7,1,1,-52,4,973,8474,59,0,0 '
Received from ('fd00::200:0:0:12', 8765, 0, 0): b' 991,18,15,1536,0,145,3,5,5,1,1,-70,0,572,7150,49,0,0 '
Received from ('fd00::200:0:0:11', 8765, 0, 0): b' 990,17,13,1280,0,126,3,4,7,1,1,-52,2,1095,9751,52,0,0 '
Received from ('fd00::200:0:0:7', 8765, 0, 0): b' 992,7,2,768,0,141,7,4,7,1,2,-70,0,409,6510,60,0,0 '
Received from ('fd00::200:0:0:10', 8765, 0, 0): b' 991,16,13,1280,0,128,4,10,7,1,2,-70,0,811,9237,33,0,0 '
Received from ('fd00::200:0:0:8', 8765, 0, 0): b' 992,8,5,768,0,136,3,5,7,1,1,-70,2,1241,14893,63,0,0 '
Received from ('fd00::200:0:0:4', 8765, 0, 0): b' 994,4,1,512,0,139,5,1,7,1,1,-66,0,596,8143,66,0,0 '
Received from ('fd00::200:0:0:9', 8765, 0, 0): b' 992,9,5,768,0,120,3,3,7,1,2,-52,5,2386,18784,58,0,0 '
Received from ('fd00::200:0:0:13', 8765, 0, 0): b' 993,19,15,1536,0,124,4,6,7,1,2,-52,0,503,9577,46,0,0 '
Received from ('fd00::200:0:0:c', 8765, 0, 0): b' 992,12,8,1024,0,112,2,14,6,1,1,-52,0,384,7200,25,0,0 '
Received from ('fd00::200:0:0:1', 5678, 0, 0): b' 995,1,0,256,0,6,0,0,4,0,0,0,10,2848,28195,1031,0,0 '
Received from ('fd00::200:0:0:2', 8765, 0, 0): b' 995,2,1,512,0,123,5,1,6,1,1,-88,1,1420,16322,66,0,0 '
Received from ('fd00::200:0:0:d', 8765, 0, 0): b' 995,13,9,1024,0,138,2,3,7,1,1,-52,4,1259,10641,56,0,0 '
Received from ('fd00::200:0:0:3', 8765, 0, 0): b' 996,3,1,512,0,129,5,1,7,1,1,-64,6,2271,17433,66,0,0 '
Received from ('fd00::200:0:0:9', 8765, 0, 0): b' 997,9,5,768,20,121,3,3,7,1,2,-52,5,825,7891,59,0,0 '
Received from ('fd00::200:0:0:f', 8765, 0, 0): b' 995,15,10,1280,0,129,2,3,7,1,1,-70,2,1460,14114,59,0,0 '
Received from ('fd00::200:0:0:11', 8765, 0, 0): b' 996,17,13,1280,10,128,3,4,7,1,1,-52,2,866,9335,53,0,0 '
Received from ('fd00::200:0:0:e', 8765, 0, 0): b' 996,14,10,1280,10,129,2,8,7,1,1,-52,0,547,6606,37,0,0 '
Received from ('fd00::200:0:0:10', 8765, 0, 0): b' 997,16,13,1280,0,129,4,10,7,1,2,-70,0,385,5763,33,0,0 '
Received from ('fd00::200:0:0:5', 8765, 0, 0): b' 999,5,1,512,30,146,5,1,6,1,1,-94,9,3218,22707,67,0,0 '
Received from ('fd00::200:0:0:4', 8765, 0, 0): b' 1000,4,1,512,0,140,5,1,7,1,1,-66,0,456,7541,67,0,0 '
Received from ('fd00::200:0:0:14', 8765, 0, 0): b' 998,20,17,1536,10,139,4,5,7,1,2,-70,0,1089,11289,48,0,0 '
Received from ('fd00::200:0:0:b', 8765, 0, 0): b' 998,11,8,1024,0,112,1,13,7,1,1,-70,0,907,10458,24,0,0 '
Received from ('fd00::200:0:0:7', 8765, 0, 0): b' 1000,7,2,768,0,142,7,4,7,1,2,-70,0,405,9841,60,0,0 '
Received from ('fd00::200:0:0:d', 8765, 0, 0): b' 1001,13,9,1024,0,141,2,3,7,1,1,-52,4,1640,11064,56,0,0 '
Received from ('fd00::200:0:0:6', 8765, 0, 0): b' 1002,6,3,768,0,131,3,1,7,1,1,-70,5,2387,18654,64,0,0 '
Received from ('fd00::200:0:0:15', 8765, 0, 0): b' 1000,21,17,1536,10,130,3,7,5,1,2,-52,0,799,9834,43,0,0 '
Received from ('fd00::200:0:0:2', 8765, 0, 0): b' 1003,2,1,512,10,124,5,1,6,1,1,-88,1,948,11910,67,0,0 '
Received from ('fd00::200:0:0:c', 8765, 0, 0): b' 1002,12,8,1024,0,115,2,14,6,1,1,-52,0,799,9565,26,0,0 '
Received from ('fd00::200:0:0:a', 8765, 0, 0): b' 1001,10,6,1024,10,145,2,3,7,1,1,-52,4,2229,22781,60,0,0 '
Received from ('fd00::200:0:0:12', 8765, 0, 0): b' 1001,18,15,1536,0,152,3,5,5,1,1,-70,0,1195,11573,49,0,0 '
Received from ('fd00::200:0:0:8', 8765, 0, 0): b' 1004,8,5,768,10,140,3,5,7,1,1,-70,2,1752,20315,63,0,0 '
Received from ('fd00::200:0:0:13', 8765, 0, 0): b' 1001,19,15,1536,0,126,4,6,7,1,2,-52,0,612,8691,46,0,0 '
Received from ('fd00::200:0:0:3', 8765, 0, 0): b' 1005,3,1,512,0,134,5,1,7,1,1,-64,6,2733,16808,66,0,0 '
Received from ('fd00::200:0:0:1', 5678, 0, 0): b' 1006,1,0,256,0,6,0,0,4,0,0,0,10,2588,26333,1044,0,0 '
Received from ('fd00::200:0:0:9', 8765, 0, 0): b' 1005,9,5,768,0,123,3,3,7,1,2,-52,5,1727,14846,59,0,0 '
Received from ('fd00::200:0:0:f', 8765, 0, 0): b' 1005,15,10,1280,0,132,2,3,7,1,1,-70,2,1458,17840,59,0,0 '
Received from ('fd00::200:0:0:11', 8765, 0, 0): b' 1006,17,13,1280,0,131,3,4,7,1,1,-52,2,1486,16056,53,0,0 '
Received from ('fd00::200:0:0:10', 8765, 0, 0): b' 1006,16,13,1280,0,131,4,10,7,1,2,-70,0,669,9004,34,0,0 '
Received from ('fd00::200:0:0:b', 8765, 0, 0): b' 1006,11,8,1024,0,114,1,13,7,1,1,-70,0,516,7764,24,0,0 '
Received from ('fd00::200:0:0:a', 8765, 0, 0): b' 1006,10,6,1024,0,146,2,3,7,1,1,-52,4,1107,8975,60,0,0 '
Received from ('fd00::200:0:0:12', 8765, 0, 0): b' 1006,18,15,1536,0,154,3,5,5,1,1,-70,0,526,4864,50,0,0 '
Received from ('fd00::200:0:0:13', 8765, 0, 0): b' 1006,19,15,1536,0,126,4,6,7,1,2,-52,0,334,5170,47,0,0 '
Received from ('fd00::200:0:0:2', 8765, 0, 0): b' 1009,2,1,512,0,125,5,1,6,1,1,-88,1,666,9431,67,0,0 '
Received from ('fd00::200:0:0:d', 8765, 0, 0): b' 1007,13,9,1024,0,144,2,3,7,1,1,-52,4,1354,11008,57,0,0 '
Received from ('fd00::200:0:0:5', 8765, 0, 0): b' 1009,5,1,512,0,148,5,1,6,1,1,-94,9,3497,24165,67,0,0 '
Received from ('fd00::200:0:0:14', 8765, 0, 0): b' 1008,20,17,1536,0,141,4,5,7,1,2,-70,0,719,10204,48,0,0 '
Received from ('fd00::200:0:0:4', 8765, 0, 0): b' 1010,4,1,512,0,142,5,1,7,1,1,-66,0,658,12973,67,0,0 '
Received from ('fd00::200:0:0:e', 8765, 0, 0): b' 1008,14,10,1280,10,131,2,8,7,1,1,-52,0,717,11384,38,0,0 '
Received from ('fd00::200:0:0:8', 8765, 0, 0): b' 1010,8,5,768,0,142,3,5,7,1,1,-70,2,1353,14312,64,0,0 '
Received from ('fd00::200:0:0:9', 8765, 0, 0): b' 1011,9,5,768,0,125,3,3,7,1,2,-52,5,1373,9672,60,0,0 '
Received from ('fd00::200:0:0:7', 8765, 0, 0): b' 1011,7,2,768,0,147,7,4,7,1,2,-70,0,1040,13669,61,0,0 '
Received from ('fd00::200:0:0:c', 8765, 0, 0): b' 1012,12,8,1024,0,119,2,14,6,1,1,-52,0,851,9706,26,0,0 '
Received from ('fd00::200:0:0:2', 8765, 0, 0): b' 1013,2,1,512,0,126,5,1,6,1,1,-88,1,491,6498,67,0,0 '
Received from ('fd00::200:0:0:15', 8765, 0, 0): b' 1012,21,17,1536,0,132,3,7,5,1,2,-52,0,825,10378,44,0,0 '
Received from ('fd00::200:0:0:12', 8765, 0, 0): b' 1011,18,15,1536,0,156,3,5,5,1,1,-70,0,468,4910,50,0,0 '
Received from ('fd00::200:0:0:11', 8765, 0, 0): b' 1012,17,13,1280,0,131,3,4,7,1,1,-52,2,1160,10654,54,0,0 '
Received from ('fd00::200:0:0:6', 8765, 0, 0): b' 1014,6,3,768,0,138,3,1,7,1,1,-70,5,3378,22664,64,0,0 '
Received from ('fd00::200:0:0:b', 8765, 0, 0): b' 1014,11,8,1024,0,114,1,13,7,1,1,-70,0,455,7353,25,0,0 '
Received from ('fd00::200:0:0:d', 8765, 0, 0): b' 1015,13,9,1024,0,146,2,3,7,1,1,-52,4,1633,13604,57,0,0 '
Received from ('fd00::200:0:0:3', 8765, 0, 0): b' 1016,3,1,512,10,135,5,1,7,1,1,-64,6,2581,20513,67,0,0 '
Received from ('fd00::200:0:0:9', 8765, 0, 0): b' 1015,9,5,768,0,126,3,3,7,1,2,-52,5,1168,8617,60,0,0 '
Received from ('fd00::200:0:0:5', 8765, 0, 0): b' 1016,5,1,512,0,148,5,1,6,1,1,-94,9,2298,16006,68,0,0 '
Received from ('fd00::200:0:0:a', 8765, 0, 0): b' 1016,10,6,1024,10,146,2,3,7,1,1,-52,4,1875,18659,61,0,0 '
Received from ('fd00::200:0:0:1', 5678, 0, 0): b' 1017,1,0,256,0,6,0,0,4,0,0,0,10,2829,27664,1062,0,0 '
Received from ('fd00::200:0:0:13', 8765, 0, 0): b' 1013,19,15,1536,20,127,4,6,7,1,2,-52,0,278,6424,47,0,0 '
Received from ('fd00::200:0:0:8', 8765, 0, 0): b' 1016,8,5,768,0,143,3,5,7,1,1,-70,2,995,11455,64,0,0 '
Received from ('fd00::200:0:0:10', 8765, 0, 0): b' 1016,16,13,1280,0,136,4,10,7,1,2,-70,0,1015,9709,35,0,0 '
Received from ('fd00::200:0:0:c', 8765, 0, 0): b' 1017,12,8,1024,0,120,2,14,6,1,1,-52,0,441,5970,27,0,0 '
Received from ('fd00::200:0:0:f', 8765, 0, 0): b' 1017,15,10,1280,10,137,2,3,7,1,1,-70,2,2389,22844,60,0,0 '
Received from ('fd00::200:0:0:12', 8765, 0, 0): b' 1017,18,15,1536,10,157,3,5,5,1,1,-70,0,441,5906,51,0,0 '
Received from ('fd00::200:0:0:15', 8765, 0, 0): b' 1019,21,17,1536,0,134,3,7,5,1,2,-52,0,493,6459,44,0,0 '
Received from ('fd00::200:0:0:4', 8765, 0, 0): b' 1020,4,1,512,0,144,5,1,7,1,1,-66,0,686,11551,68,0,0 '
Received from ('fd00::200:0:0:e', 8765, 0, 0): b' 1019,14,10,1280,0,135,2,8,7,1,1,-52,0,853,9191,38,0,0 '
Received from ('fd00::200:0:0:9', 8765, 0, 0): b' 1020,9,5,768,0,128,3,3,7,1,2,-52,5,968,7779,60,0,0 '
Received from ('fd00::200:0:0:3', 8765, 0, 0): b' 1020,3,1,512,0,135,5,1,7,1,1,-64,6,1182,9150,67,0,0 '
Received from ('fd00::200:0:0:14', 8765, 0, 0): b' 1020,20,17,1536,0,146,4,5,7,1,2,-70,0,1085,11275,49,0,0 '
Received from ('fd00::200:0:0:6', 8765, 0, 0): b' 1022,6,3,768,10,141,3,1,7,1,1,-70,5,1781,15116,65,0,0 '
Received from ('fd00::200:0:0:7', 8765, 0, 0): b' 1022,7,2,768,10,151,7,4,7,1,2,-70,0,851,13253,62,0,0 '
Received from ('fd00::200:0:0:8', 8765, 0, 0): b' 1023,8,5,768,0,146,3,5,7,1,1,-70,2,1052,11295,65,0,0 '
Received from ('fd00::200:0:0:a', 8765, 0, 0): b' 1022,10,6,1024,0,148,2,3,7,1,1,-52,4,1554,12402,61,0,0 '
Received from ('fd00::200:0:0:2', 8765, 0, 0): b' 1023,2,1,512,0,127,5,1,6,1,1,-88,1,1171,16207,68,0,0 '
Received from ('fd00::200:0:0:11', 8765, 0, 0): b' 1022,17,13,1280,0,135,3,4,7,1,1,-52,2,1639,15989,54,0,0 '
Received from ('fd00::200:0:0:1', 5678, 0, 0): b' 1024,1,0,256,0,6,0,0,4,0,0,0,10,1405,14600,1068,0,0 '
Received from ('fd00::200:0:0:5', 8765, 0, 0): b' 1024,5,1,512,0,150,5,1,6,1,1,-94,9,2776,18247,68,0,0 '
Received from ('fd00::200:0:0:13', 8765, 0, 0): b' 1024,19,15,1536,0,128,4,6,7,1,2,-52,0,718,9850,48,0,0 '
Received from ('fd00::200:0:0:d', 8765, 0, 0): b' 1025,13,9,1024,0,148,2,3,7,1,1,-52,4,1801,16526,58,0,0 '
Received from ('fd00::200:0:0:b', 8765, 0, 0): b' 1024,11,8,1024,0,116,1,13,7,1,1,-70,0,596,10139,26,0,0 '
Received from ('fd00::200:0:0:15', 8765, 0, 0): b' 1025,21,17,1536,0,134,3,7,5,1,2,-52,0,375,5676,44,0,0 '
Received from ('fd00::200:0:0:3', 8765, 0, 0): b' 1027,3,1,512,10,136,5,1,7,1,1,-64,6,1360,12088,68,0,0 '
Received from ('fd00::200:0:0:8', 8765, 0, 0): b' 1027,8,5,768,0,148,3,5,7,1,1,-70,2,877,8339,65,0,0 '
Received from ('fd00::200:0:0:4', 8765, 0, 0): b' 1028,4,1,512,10,145,5,1,7,1,1,-66,0,482,10361,69,0,0 '
Received from ('fd00::200:0:0:a', 8765, 0, 0): b' 1028,10,6,1024,0,149,2,3,7,1,1,-52,4,915,10808,61,0,0 '
Received from ('fd00::200:0:0:f', 8765, 0, 0): b' 1027,15,10,1280,10,138,2,3,7,1,1,-70,2,1222,18091,61,0,0 '
Received from ('fd00::200:0:0:2', 8765, 0, 0): b' 1030,2,1,512,0,129,5,1,6,1,1,-88,1,763,10482,69,0,0 '
Received from ('fd00::200:0:0:10', 8765, 0, 0): b' 1028,16,13,1280,0,138,4,10,7,1,2,-70,0,663,10916,35,0,0 '
Received from ('fd00::200:0:0:12', 8765, 0, 0): b' 1029,18,15,1536,0,159,3,5,5,1,1,-70,0,662,10228,51,0,0 '
Received from ('fd00::200:0:0:1', 5678, 0, 0): b' 1031,1,0,256,0,6,0,0,4,0,0,0,10,1923,17337,1081,0,0 '
Received from ('fd00::200:0:0:c', 8765, 0, 0): b' 1029,12,8,1024,0,122,2,15,6,1,1,-52,0,745,11246,28,0,0 '
Received from ('fd00::200:0:0:e', 8765, 0, 0): b' 1029,14,10,1280,10,139,2,8,7,1,1,-52,0,800,9960,39,0,0 '
Received from ('fd00::200:0:0:9', 8765, 0, 0): b' 1030,9,5,768,0,130,3,3,7,1,2,-52,5,2118,18759,61,0,0 '
Received from ('fd00::200:0:0:6', 8765, 0, 0): b' 1031,6,3,768,0,142,3,1,7,1,1,-70,5,2235,17067,66,0,0 '
Received from ('fd00::200:0:0:8', 8765, 0, 0): b' 1032,8,5,768,0,148,3,5,7,1,1,-70,2,688,8768,65,0,0 '
Received from ('fd00::200:0:0:14', 8765, 0, 0): b' 1031,20,17,1536,0,149,4,5,7,1,2,-70,0,826,10422,50,0,0 '
Received from ('fd00::200:0:0:11', 8765, 0, 0): b' 1031,17,13,1280,0,136,3,4,7,1,1,-52,2,1606,14886,55,0,0 '
Received from ('fd00::200:0:0:4', 8765, 0, 0): b' 1033,4,1,512,0,146,5,1,7,1,1,-66,0,454,6449,69,0,0 '
Received from ('fd00::200:0:0:d', 8765, 0, 0): b' 1032,13,9,1024,10,149,2,3,7,1,1,-52,4,1580,12801,58,0,0 '
Received from ('fd00::200:0:0:5', 8765, 0, 0): b' 1034,5,1,512,0,153,5,1,6,1,1,-94,9,3200,21940,69,0,0 '
Received from ('fd00::200:0:0:7', 8765, 0, 0): b' 1033,7,2,768,20,157,7,4,7,1,2,-70,0,1218,14856,63,0,0 '
Received from ('fd00::200:0:0:c', 8765, 0, 0): b' 1033,12,8,1024,0,124,2,15,6,1,1,-52,0,469,4784,28,0,0 '
Received from ('fd00::200:0:0:3', 8765, 0, 0): b' 1036,3,1,512,10,138,5,1,7,1,1,-64,6,1904,14519,68,0,0 '
Received from ('fd00::200:0:0:2', 8765, 0, 0): b' 1036,2,1,512,0,131,5,1,6,1,1,-88,1,1098,11150,69,0,0 '
Received from ('fd00::200:0:0:13', 8765, 0, 0): b' 1036,19,15,1536,0,131,4,6,7,1,2,-52,0,800,10251,49,0,0 '
Received from ('fd00::200:0:0:14', 8765, 0, 0): b' 1035,20,17,1536,0,152,4,5,7,1,2,-70,0,576,4629,50,0,0 '
Received from ('fd00::200:0:0:12', 8765, 0, 0): b' 1037,18,15,1536,0,162,3,5,5,1,1,-70,0,777,7963,52,0,0 '
Received from ('fd00::200:0:0:1', 5678, 0, 0): b' 1038,1,0,256,0,6,0,0,4,0,0,0,10,1523,17207,1087,0,0 '
Received from ('fd00::200:0:0:b', 8765, 0, 0): b' 1035,11,8,1024,0,120,1,13,7,1,1,-70,0,876,10765,26,0,0 '
Received from ('fd00::200:0:0:7', 8765, 0, 0): b' 1038,7,2,768,0,157,7,4,7,1,2,-70,0,385,5580,63,0,0 '
Received from ('fd00::200:0:0:9', 8765, 0, 0): b' 1037,9,5,768,10,132,3,3,7,1,2,-52,5,1337,11228,62,0,0 '
Received from ('fd00::200:0:0:4', 8765, 0, 0): b' 1039,4,1,512,0,148,5,1,7,1,1,-66,0,479,7375,69,0,0 '
Received from ('fd00::200:0:0:15', 8765, 0, 0): b' 1035,21,17,1536,0,137,3,7,5,1,2,-52,0,824,10453,45,0,0 '
Received from ('fd00::200:0:0:a', 8765, 0, 0): b' 1038,10,6,1024,0,152,2,3,7,1,1,-52,4,2238,21476,62,0,0 '
Received from ('fd00::200:0:0:5', 8765, 0, 0): b' 1039,5,1,512,10,156,5,1,6,1,1,-94,9,2077,13530,69,0,0 '
Received from ('fd00::200:0:0:10', 8765, 0, 0): b' 1039,16,13,1280,0,141,4,10,7,1,2,-70,0,826,11833,36,0,0 '
Received from ('fd00::200:0:0:6', 8765, 0, 0): b' 1040,6,3,768,10,146,3,1,7,1,1,-70,5,1569,14504,66,0,0 '
Received from ('fd00::200:0:0:f', 8765, 0, 0): b' 1039,15,10,1280,0,138,2,3,7,1,1,-70,2,1737,21711,61,0,0 '
Received from ('fd00::200:0:0:e', 8765, 0, 0): b' 1040,14,10,1280,0,141,2,8,7,1,1,-52,0,825,10638,40,0,0 '
Received from ('fd00::200:0:0:11', 8765, 0, 0): b' 1041,17,13,1280,0,137,3,4,7,1,1,-52,2,1402,15815,56,0,0 '
Received from ('fd00::200:0:0:12', 8765, 0, 0): b' 1042,18,15,1536,10,164,3,5,5,1,1,-70,0,468,5127,52,0,0 '
Received from ('fd00::200:0:0:1', 5678, 0, 0): b' 1044,1,0,256,0,6,0,0,4,0,0,0,10,1542,14871,1098,0,0 '
Received from ('fd00::200:0:0:2', 8765, 0, 0): b' 1044,2,1,512,0,133,5,1,6,1,1,-88,1,878,11666,70,0,0 '
Received from ('fd00::200:0:0:5', 8765, 0, 0): b' 1044,5,1,512,40,158,5,1,6,1,1,-94,9,1429,10820,70,0,0 '
Received from ('fd00::200:0:0:13', 8765, 0, 0): b' 1043,19,15,1536,0,134,4,6,7,1,2,-52,0,715,7570,49,0,0 '
Received from ('fd00::200:0:0:d', 8765, 0, 0): b' 1043,13,9,1024,0,154,2,3,7,1,1,-52,4,2361,19232,59,0,0 '
Received from ('fd00::200:0:0:3', 8765, 0, 0): b' 1045,3,1,512,10,139,5,1,7,1,1,-64,6,2588,19036,69,0,0 '
Received from ('fd00::200:0:0:7', 8765, 0, 0): b' 1045,7,2,768,0,160,7,4,7,1,2,-70,0,596,8620,63,0,0 '
Received from ('fd00::200:0:0:8', 8765, 0, 0): b' 1044,8,5,768,0,151,3,5,7,1,1,-70,2,1853,22936,66,0,0 '
Received from ('fd00::200:0:0:c', 8765, 0, 0): b' 1044,12,8,1024,0,127,2,15,6,1,1,-52,0,647,8934,28,0,0 '
Received from ('fd00::200:0:0:9', 8765, 0, 0): b' 1044,9,5,768,0,133,3,3,7,1,2,-52,5,1571,13386,62,0,0 '
Received from ('fd00::200:0:0:f', 8765, 0, 0): b' 1045,15,10,1280,0,140,2,3,7,1,1,-70,2,1154,11519,62,0,0 '
Received from ('fd00::200:0:0:4', 8765, 0, 0): b' 1046,4,1,512,10,149,5,1,7,1,1,-66,0,457,8289,70,0,0 '
Received from ('fd00::200:0:0:b', 8765, 0, 0): b' 1045,11,8,1024,0,124,1,13,7,1,1,-70,0,884,9211,27,0,0 '
Received from ('fd00::200:0:0:a', 8765, 0, 0): b' 1046,10,6,1024,0,155,2,3,7,1,1,-52,4,2057,17365,63,0,0 '
Received from ('fd00::200:0:0:14', 8765, 0, 0): b' 1044,20,17,1536,10,156,4,5,7,1,2,-70,0,786,9256,51,0,0 '
Received from ('fd00::200:0:0:15', 8765, 0, 0): b' 1044,21,17,1536,0,140,3,7,5,1,2,-52,0,680,8862,46,0,0 '
Received from ('fd00::200:0:0:d', 8765, 0, 0): b' 1047,13,9,1024,10,156,2,3,7,1,1,-52,4,1055,7710,59,0,0 '
Received from ('fd00::200:0:0:11', 8765, 0, 0): b' 1046,17,13,1280,0,137,3,4,7,1,1,-52,2,986,9365,56,0,0 '
Received from ('fd00::200:0:0:10', 8765, 0, 0): b' 1047,16,13,1280,0,143,4,10,7,1,2,-70,0,671,8278,37,0,0 '
Received from ('fd00::200:0:0:3', 8765, 0, 0): b' 1050,3,1,512,10,140,5,1,7,1,1,-64,6,1108,9242,69,0,0 '
Received from ('fd00::200:0:0:c', 8765, 0, 0): b' 1049,12,8,1024,0,129,2,15,6,1,1,-52,0,525,4929,29,0,0 '
Received from ('fd00::200:0:0:13', 8765, 0, 0): b' 1048,19,15,1536,0,136,4,6,7,1,2,-52,0,468,4360,49,0,0 '
Received from ('fd00::200:0:0:1', 5678, 0, 0): b' 1050,1,0,256,0,6,0,0,4,0,0,0,10,1461,14633,1104,0,0 '
Received from ('fd00::200:0:0:e', 8765, 0, 0): b' 1050,14,10,1280,0,144,2,8,7,1,1,-52,0,745,9684,40,0,0 '
Received from ('fd00::200:0:0:2', 8765, 0, 0): b' 1050,2,1,512,10,134,5,1,6,1,1,-88,1,726,10335,70,0,0 '
Received from ('fd00::200:0:0:6', 8765, 0, 0): b' 1051,6,3,768,20,150,3,1,7,1,1,-70,5,3018,21143,67,0,0 '
Received from ('fd00::200:0:0:12', 8765, 0, 0): b' 1049,18,15,1536,10,167,3,5,5,1,1,-70,0,680,7999,53,0,0 '
Received from ('fd00::200:0:0:7', 8765, 0, 0): b' 1052,7,2,768,0,161,7,4,7,1,2,-70,0,490,8812,64,0,0 '
Received from ('fd00::200:0:0:a', 8765, 0, 0): b' 1051,10,6,1024,0,156,2,3,7,1,1,-52,4,1211,10322,63,0,0 '
Received from ('fd00::200:0:0:d', 8765, 0, 0): b' 1051,13,9,1024,0,158,2,3,7,1,1,-52,4,904,7240,59,0,0 '
Received from ('fd00::200:0:0:9', 8765, 0, 0): b' 1054,9,5,768,10,134,3,3,7,1,2,-52,5,1819,14861,63,0,0 '
Received from ('fd00::200:0:0:5', 8765, 0, 0): b' 1055,5,1,512,30,161,5,1,6,1,1,-94,9,3577,22956,70,0,0 '
Received from ('fd00::200:0:0:14', 8765, 0, 0): b' 1051,20,17,1536,0,158,4,5,7,1,2,-70,0,614,7158,51,0,0 '
Received from ('fd00::200:0:0:13', 8765, 0, 0): b' 1054,19,15,1536,0,138,4,6,7,1,2,-52,0,548,5735,50,0,0 '
Received from ('fd00::200:0:0:c', 8765, 0, 0): b' 1054,12,8,1024,0,131,2,15,6,1,1,-52,0,492,5203,29,0,0 '
Received from ('fd00::200:0:0:10', 8765, 0, 0): b' 1053,16,13,1280,0,144,4,10,7,1,2,-70,0,386,4707,37,0,0 '
Received from ('fd00::200:0:0:3', 8765, 0, 0): b' 1056,3,1,512,10,144,5,1,7,1,1,-64,6,1895,11657,70,0,0 '
Received from ('fd00::200:0:0:8', 8765, 0, 0): b' 1055,8,5,768,0,154,3,5,7,1,1,-70,2,2187,22441,67,0,0 '
Received from ('fd00::200:0:0:11', 8765, 0, 0): b' 1054,17,13,1280,0,140,3,4,7,1,1,-52,2,1190,12731,57,0,0 '
Received from ('fd00::200:0:0:a', 8765, 0, 0): b' 1055,10,6,1024,10,157,2,3,7,1,1,-52,4,692,7914,63,0,0 '
Received from ('fd00::200:0:0:f', 8765, 0, 0): b' 1056,15,10,1280,10,141,2,3,7,1,1,-70,2,1691,20953,62,0,0 '
Received from ('fd00::200:0:0:4', 8765, 0, 0): b' 1058,4,1,512,0,151,5,1,7,1,1,-66,0,653,14107,70,0,0 '
Received from ('fd00::200:0:0:b', 8765, 0, 0): b' 1058,11,8,1024,0,129,1,13,7,1,1,-70,0,1038,11658,28,0,0 '
Received from ('fd00::200:0:0:2', 8765, 0, 0): b' 1059,2,1,512,0,135,5,1,6,1,1,-88,1,1027,12841,71,0,0 '
Received from ('fd00::200:0:0:12', 8765, 0, 0): b' 1054,18,15,1536,0,168,3,5,5,1,1,-70,0,386,5138,53,0,0 '
Received from ('fd00::200:0:0:15', 8765, 0, 0): b' 1056,21,17,1536,0,143,3,7,5,1,2,-52,0,824,11215,47,0,0 '
Received from ('fd00::200:0:0:9', 8765, 0, 0): b' 1058,9,5,768,0,135,3,3,7,1,2,-52,5,1382,9113,63,0,0 '
Received from ('fd00::200:0:0:14', 8765, 0, 0): b' 1056,20,17,1536,0,159,4,5,7,1,2,-70,0,441,4895,52,0,0 '
Received from ('fd00::200:0:0:e', 8765, 0, 0): b' 1059,14,10,1280,0,148,2,8,7,1,1,-52,0,810,9632,41,0,0 '
Received from ('fd00::200:0:0:5', 8765, 0, 0): b' 1061,5,1,512,50,165,5,1,6,1,1,-94,9,2637,14953,71,0,0 '
Received from ('fd00::200:0:0:a', 8765, 0, 0): b' 1060,10,6,1024,0,158,2,3,7,1,1,-52,4,1371,9788,64,0,0 '
Received from ('fd00::200:0:0:c', 8765, 0, 0): b' 1060,12,8,1024,0,133,2,15,6,1,1,-52,0,492,5435,29,0,0 '
Received from ('fd00::200:0:0:1', 5678, 0, 0): b' 1061,1,0,256,0,6,0,0,4,0,0,0,10,3029,28273,1120,0,0 '
Received from ('fd00::200:0:0:8', 8765, 0, 0): b' 1062,8,5,768,10,156,3,5,7,1,1,-70,2,1188,13503,67,0,0 '
Received from ('fd00::200:0:0:f', 8765, 0, 0): b' 1060,15,10,1280,0,142,2,3,7,1,1,-70,2,788,10330,63,0,0 '
Received from ('fd00::200:0:0:7', 8765, 0, 0): b' 1062,7,2,768,0,164,7,4,7,1,2,-70,0,741,13126,64,0,0 '
Received from ('fd00::200:0:0:b', 8765, 0, 0): b' 1063,11,8,1024,0,129,1,13,7,1,1,-70,0,256,4758,28,0,0 '
Received from ('fd00::200:0:0:15', 8765, 0, 0): b' 1061,21,17,1536,0,145,3,7,5,1,2,-52,0,563,5151,47,0,0 '
Received from ('fd00::200:0:0:6', 8765, 0, 0): b' 1063,6,3,768,10,152,3,1,7,1,1,-70,5,2782,22098,68,0,0 '
Received from ('fd00::200:0:0:11', 8765, 0, 0): b' 1062,17,13,1280,0,143,3,4,7,1,1,-52,2,1581,13521,57,0,0 '
Received from ('fd00::200:0:0:2', 8765, 0, 0): b' 1064,2,1,512,10,135,5,1,6,1,1,-88,1,538,8440,71,0,0 '
Received from ('fd00::200:0:0:d', 8765, 0, 0): b' 1063,13,9,1024,0,160,2,3,7,1,1,-52,4,2685,20989,60,0,0 '
Received from ('fd00::200:0:0:14', 8765, 0, 0): b' 1062,20,17,1536,0,160,4,5,7,1,2,-70,0,451,5962,52,0,0 '
Received from ('fd00::200:0:0:10', 8765, 0, 0): b' 1065,16,13,1280,0,149,4,10,7,1,2,-70,0,1039,11785,38,0,0 '
Received from ('fd00::200:0:0:9', 8765, 0, 0): b' 1067,9,5,768,0,140,3,3,7,1,2,-52,5,1956,14943,63,0,0 '
Received from ('fd00::200:0:0:c', 8765, 0, 0): b' 1067,12,8,1024,0,134,2,15,6,1,1,-52,0,441,6890,30,0,0 '
Received from ('fd00::200:0:0:1', 5678, 0, 0): b' 1067,1,0,256,0,6,0,0,4,0,0,0,10,1149,12945,1126,0,0 '
Received from ('fd00::200:0:0:13', 8765, 0, 0): b' 1065,19,15,1536,0,140,4,6,7,1,2,-52,0,718,10617,51,0,0 '
Received from ('fd00::200:0:0:4', 8765, 0, 0): b' 1067,4,1,512,0,155,5,1,7,1,1,-66,0,924,11801,71,0,0 '
Received from ('fd00::200:0:0:3', 8765, 0, 0): b' 1067,3,1,512,0,145,5,1,7,1,1,-64,6,2708,22026,70,0,0 '
Received from ('fd00::200:0:0:12', 8765, 0, 0): b' 1066,18,15,1536,0,169,3,5,5,1,1,-70,0,610,10633,54,0,0 '
Received from ('fd00::200:0:0:e', 8765, 0, 0): b' 1067,14,10,1280,0,150,2,8,7,1,1,-52,0,613,7606,41,0,0 '
Received from ('fd00::200:0:0:7', 8765, 0, 0): b' 1069,7,2,768,10,166,7,4,7,1,2,-70,0,564,7477,65,0,0 '
Received from ('fd00::200:0:0:8', 8765, 0, 0): b' 1069,8,5,768,0,156,3,5,7,1,1,-70,2,970,12675,68,0,0 '
Received from ('fd00::200:0:0:a', 8765, 0, 0): b' 1070,10,6,1024,0,160,2,3,7,1,1,-52,4,1754,17980,64,0,0 '
Received from ('fd00::200:0:0:14', 8765, 0, 0): b' 1069,20,17,1536,0,160,4,5,7,1,2,-70,0,278,5889,52,0,0 '
Received from ('fd00::200:0:0:6', 8765, 0, 0): b' 1071,6,3,768,0,153,3,1,7,1,1,-70,5,1512,14597,68,0,0 '
Received from ('fd00::200:0:0:1', 5678, 0, 0): b' 1072,1,0,256,0,6,0,0,4,0,0,0,10,1267,11914,1133,0,0 '
Received from ('fd00::200:0:0:5', 8765, 0, 0): b' 1071,5,1,512,20,167,5,1,6,1,1,-94,9,3627,26084,71,0,0 '
Received from ('fd00::200:0:0:3', 8765, 0, 0): b' 1073,3,1,512,0,146,5,1,7,1,1,-64,6,1343,9168,71,0,0 '
Received from ('fd00::200:0:0:13', 8765, 0, 0): b' 1071,19,15,1536,0,142,4,6,7,1,2,-52,0,493,5935,51,0,0 '
Received from ('fd00::200:0:0:e', 8765, 0, 0): b' 1073,14,10,1280,0,150,2,8,7,1,1,-52,0,310,4202,42,0,0 '
Received from ('fd00::200:0:0:2', 8765, 0, 0): b' 1073,2,1,512,0,137,5,1,6,1,1,-88,1,1069,14515,72,0,0 '
Received from ('fd00::200:0:0:7', 8765, 0, 0): b' 1073,7,2,768,0,167,7,4,7,1,2,-70,0,369,5821,65,0,0 '
Received from ('fd00::200:0:0:f', 8765, 0, 0): b' 1074,15,10,1280,0,147,2,3,7,1,1,-70,2,2232,22706,64,0,0 '
Received from ('fd00::200:0:0:b', 8765, 0, 0): b' 1073,11,8,1024,0,130,1,13,7,1,1,-70,0,610,11030,29,0,0 '
Received from ('fd00::200:0:0:9', 8765, 0, 0): b' 1074,9,5,768,10,142,3,3,7,1,2,-52,5,1248,12360,64,0,0 '
Received from ('fd00::200:0:0:d', 8765, 0, 0): b' 1073,13,9,1024,10,161,2,3,7,1,1,-52,4,1902,18158,61,0,0 '
Received from ('fd00::200:0:0:4', 8765, 0, 0): b' 1076,4,1,512,0,158,5,1,7,1,1,-66,0,696,11052,72,0,0 '
Received from ('fd00::200:0:0:11', 8765, 0, 0): b' 1073,17,13,1280,0,150,3,4,7,1,1,-52,2,2034,18411,58,0,0 '
Received from ('fd00::200:0:0:10', 8765, 0, 0): b' 1074,16,13,1280,0,153,4,10,7,1,2,-70,0,825,8466,38,0,0 '
Received from ('fd00::200:0:0:6', 8765, 0, 0): b' 1076,6,3,768,10,153,3,1,7,1,1,-70,5,1079,8212,68,0,0 '
Received from ('fd00::200:0:0:a', 8765, 0, 0): b' 1076,10,6,1024,10,160,2,3,7,1,1,-52,4,1358,12527,65,0,0 '
Received from ('fd00::200:0:0:c', 8765, 0, 0): b' 1075,12,8,1024,20,135,2,15,6,1,1,-52,0,506,8125,31,0,0 '
Received from ('fd00::200:0:0:15', 8765, 0, 0): b' 1073,21,17,1536,10,149,3,7,5,1,2,-52,0,825,11247,48,0,0 '
Received from ('fd00::200:0:0:8', 8765, 0, 0): b' 1077,8,5,768,0,158,3,5,7,1,1,-70,2,1336,16022,68,0,0 '
Received from ('fd00::200:0:0:12', 8765, 0, 0): b' 1074,18,15,1536,0,172,3,5,5,1,1,-70,0,721,8035,54,0,0 '
Received from ('fd00::200:0:0:2', 8765, 0, 0): b' 1079,2,1,512,10,137,5,1,6,1,1,-88,1,590,8241,72,0,0 '
Received from ('fd00::200:0:0:d', 8765, 0, 0): b' 1079,13,9,1024,0,162,2,3,7,1,1,-52,4,1038,8294,61,0,0 '
Received from ('fd00::200:0:0:11', 8765, 0, 0): b' 1078,17,13,1280,0,150,3,4,7,1,1,-52,2,710,8513,58,0,0 '
Received from ('fd00::200:0:0:a', 8765, 0, 0): b' 1081,10,6,1024,10,161,2,3,7,1,1,-52,4,716,8278,65,0,0 '
Received from ('fd00::200:0:0:3', 8765, 0, 0): b' 1081,3,1,512,0,148,5,1,7,1,1,-64,6,2288,16690,71,0,0 '
Received from ('fd00::200:0:0:9', 8765, 0, 0): b' 1081,9,5,768,10,144,3,3,7,1,2,-52,5,1693,12456,64,0,0 '
Received from ('fd00::200:0:0:13', 8765, 0, 0): b' 1080,19,15,1536,0,146,4,6,7,1,2,-52,0,786,8568,52,0,0 '
Received from ('fd00::200:0:0:b', 8765, 0, 0): b' 1081,11,8,1024,0,132,1,13,7,1,1,-70,0,614,7256,29,0,0 '
Received from ('fd00::200:0:0:5', 8765, 0, 0): b' 1081,5,1,512,10,171,5,1,6,1,1,-94,9,3696,23986,72,0,0 '
Received from ('fd00::200:0:0:7', 8765, 0, 0): b' 1082,7,2,768,0,169,7,4,7,1,2,-70,0,718,10932,66,0,0 '
Received from ('fd00::200:0:0:1', 5678, 0, 0): b' 1082,1,0,256,0,6,0,0,4,0,0,0,10,2741,25187,1146,0,0 '
Received from ('fd00::200:0:0:14', 8765, 0, 0): b' 1080,20,17,1536,0,162,4,5,7,1,2,-70,0,717,10947,53,0,0 '
Received from ('fd00::200:0:0:10', 8765, 0, 0): b' 1081,16,13,1280,10,154,4,10,7,1,2,-70,0,359,6948,39,0,0 '
Received from ('fd00::200:0:0:4', 8765, 0, 0): b' 1083,4,1,512,0,160,5,1,7,1,1,-66,0,611,9238,72,0,0 '
Received from ('fd00::200:0:0:e', 8765, 0, 0): b' 1084,14,10,1280,0,154,2,8,7,1,1,-52,0,851,9956,42,0,0 '
Received from ('fd00::200:0:0:15', 8765, 0, 0): b' 1081,21,17,1536,0,153,3,7,5,1,2,-52,0,936,8153,48,0,0 '
Received from ('fd00::200:0:0:f', 8765, 0, 0): b' 1084,15,10,1280,0,149,2,3,7,1,1,-70,2,1511,17968,64,0,0 '
Received from ('fd00::200:0:0:11', 8765, 0, 0): b' 1083,17,13,1280,0,150,3,4,7,1,1,-52,2,746,7093,58,0,0 '
Received from ('fd00::200:0:0:2', 8765, 0, 0): b' 1085,2,1,512,0,140,5,1,6,1,1,-88,1,1067,10831,72,0,0 '
Received from ('fd00::200:0:0:8', 8765, 0, 0): b' 1085,8,5,768,0,159,3,5,7,1,1,-70,2,1040,15392,69,0,0 '
Received from ('fd00::200:0:0:6', 8765, 0, 0): b' 1085,6,3,768,10,158,3,1,7,1,1,-70,5,2405,17190,69,0,0 '
Received from ('fd00::200:0:0:9', 8765, 0, 0): b' 1086,9,5,768,0,145,3,3,7,1,2,-52,5,1283,9611,65,0,0 '
Received from ('fd00::200:0:0:12', 8765, 0, 0): b' 1085,18,15,1536,0,176,3,5,5,1,1,-70,0,810,9233,55,0,0 '
Received from ('fd00::200:0:0:d', 8765, 0, 0): b' 1086,13,9,1024,10,162,2,3,7,1,1,-52,4,1325,11307,62,0,0 '
Received from ('fd00::200:0:0:13', 8765, 0, 0): b' 1087,19,15,1536,0,149,4,6,7,1,2,-52,0,599,6313,52,0,0 '
Received from ('fd00::200:0:0:c', 8765, 0, 0): b' 1086,12,8,1024,0,137,2,15,6,1,1,-52,0,788,10620,31,0,0 '
Received from ('fd00::200:0:0:14', 8765, 0, 0): b' 1085,20,17,1536,0,164,4,5,7,1,2,-70,0,463,4221,53,0,0 '
Received from ('fd00::200:0:0:7', 8765, 0, 0): b' 1088,7,2,768,10,170,7,4,7,1,2,-70,0,353,6741,66,0,0 '
Received from ('fd00::200:0:0:10', 8765, 0, 0): b' 1087,16,13,1280,10,155,4,10,7,1,2,-70,0,495,5714,39,0,0 '
Received from ('fd00::200:0:0:e', 8765, 0, 0): b' 1087,14,10,1280,0,156,2,8,7,1,1,-52,0,548,5694,43,0,0 '
Received from ('fd00::200:0:0:5', 8765, 0, 0): b' 1089,5,1,512,10,174,5,1,6,1,1,-94,9,3010,18001,73,0,0 '
Received from ('fd00::200:0:0:2', 8765, 0, 0): b' 1090,2,1,512,0,140,5,1,6,1,1,-88,1,664,7463,73,0,0 '
Received from ('fd00::200:0:0:b', 8765, 0, 0): b' 1087,11,8,1024,0,132,1,13,7,1,1,-70,0,334,6289,30,0,0 '
Received from ('fd00::200:0:0:15', 8765, 0, 0): b' 1088,21,17,1536,0,155,3,7,5,1,2,-52,0,548,7177,49,0,0 '
Received from ('fd00::200:0:0:a', 8765, 0, 0): b' 1089,10,6,1024,10,164,2,3,7,1,1,-52,4,2379,20248,65,0,0 '
Received from ('fd00::200:0:0:3', 8765, 0, 0): b' 1091,3,1,512,10,151,5,1,7,1,1,-64,6,2513,18620,72,0,0 '
Received from ('fd00::200:0:0:c', 8765, 0, 0): b' 1091,12,8,1024,10,138,2,15,6,1,1,-52,0,418,5532,32,0,0 '
Received from ('fd00::200:0:0:4', 8765, 0, 0): b' 1093,4,1,512,0,161,5,1,7,1,1,-66,0,603,12075,73,0,0 '
Received from ('fd00::200:0:0:b', 8765, 0, 0): b' 1092,11,8,1024,10,135,1,13,7,1,1,-70,0,468,4491,30,0,0 '
Received from ('fd00::200:0:0:11', 8765, 0, 0): b' 1092,17,13,1280,0,152,3,4,7,1,1,-52,2,1483,15238,59,0,0 '
Received from ('fd00::200:0:0:f', 8765, 0, 0): b' 1091,15,10,1280,10,153,2,3,7,1,1,-70,2,1751,19177,65,0,0 '
Received from ('fd00::200:0:0:1', 5678, 0, 0): b' 1094,1,0,256,0,6,0,0,4,0,0,0,10,2965,28479,1162,0,0 '
Received from ('fd00::200:0:0:9', 8765, 0, 0): b' 1094,9,5,768,0,147,3,3,7,1,2,-52,5,1945,16019,65,0,0 '
Received from ('fd00::200:0:0:7', 8765, 0, 0): b' 1095,7,2,768,0,173,7,4,7,1,2,-70,0,706,9409,67,0,0 '
Received from ('fd00::200:0:0:8', 8765, 0, 0): b' 1095,8,5,768,0,160,3,5,7,1,1,-70,2,1577,18007,69,0,0 '
Received from ('fd00::200:0:0:12', 8765, 0, 0): b' 1093,18,15,1536,0,180,3,5,5,1,1,-70,0,883,9248,56,0,0 '
Received from ('fd00::200:0:0:13', 8765, 0, 0): b' 1094,19,15,1536,0,152,4,6,7,1,2,-52,0,801,9359,53,0,0 '
Received from ('fd00::200:0:0:d', 8765, 0, 0): b' 1096,13,9,1024,10,163,2,3,7,1,1,-52,4,1944,18724,62,0,0 '
Received from ('fd00::200:0:0:3', 8765, 0, 0): b' 1097,3,1,512,30,152,5,1,7,1,1,-64,6,1488,12408,72,0,0 '
Received from ('fd00::200:0:0:6', 8765, 0, 0): b' 1098,6,3,768,20,161,3,1,7,1,1,-70,5,2636,21450,70,0,0 '
Received from ('fd00::200:0:0:14', 8765, 0, 0): b' 1096,20,17,1536,10,166,4,5,7,1,2,-70,0,610,10244,54,0,0 '
Received from ('fd00::200:0:0:a', 8765, 0, 0): b' 1096,10,6,1024,0,165,2,3,7,1,1,-52,4,1545,14545,66,0,0 '
Received from ('fd00::200:0:0:10', 8765, 0, 0): b' 1097,16,13,1280,0,158,4,10,7,1,2,-70,0,802,9960,40,0,0 '
Received from ('fd00::200:0:0:5', 8765, 0, 0): b' 1099,5,1,512,10,176,5,1,6,1,1,-94,9,3102,23053,73,0,0 '
Received from ('fd00::200:0:0:2', 8765, 0, 0): b' 1100,2,1,512,0,142,5,1,6,1,1,-88,1,1228,16376,73,0,0 '
Received from ('fd00::200:0:0:15', 8765, 0, 0): b' 1096,21,17,1536,0,157,3,7,5,1,2,-52,0,637,7838,49,0,0 '
Received from ('fd00::200:0:0:e', 8765, 0, 0): b' 1098,14,10,1280,0,160,2,8,7,1,1,-52,0,907,10701,44,0,0 '
Received from ('fd00::200:0:0:11', 8765, 0, 0): b' 1098,17,13,1280,0,152,3,4,7,1,1,-52,2,858,10080,59,0,0 '
Received from ('fd00::200:0:0:4', 8765, 0, 0): b' 1101,4,1,512,0,163,5,1,7,1,1,-66,0,514,10337,73,0,0 '
Received from ('fd00::200:0:0:c', 8765, 0, 0): b' 1099,12,8,1024,0,140,2,15,6,1,1,-52,0,638,8569,32,0,0 '
Received from ('fd00::200:0:0:7', 8765, 0, 0): b' 1101,7,2,768,0,176,7,4,7,1,2,-70,0,693,8134,67,0,0 '
Received from ('fd00::200:0:0:f', 8765, 0, 0): b' 1099,15,10,1280,10,155,2,3,7,1,1,-70,2,1434,15341,66,0,0 '
Received from ('fd00::200:0:0:8', 8765, 0, 0): b' 1102,8,5,768,0,161,3,5,7,1,1,-70,2,1042,13791,70,0,0 '
Received from ('fd00::200:0:0:b', 8765, 0, 0): b' 1102,11,8,1024,0,136,1,13,7,1,1,-70,0,611,10231,31,0,0 '
Received from ('fd00::200:0:0:9', 8765, 0, 0): b' 1102,9,5,768,10,150,3,3,7,1,2,-52,5,1868,14803,66,0,0 '
Received from ('fd00::200:0:0:10', 8765, 0, 0): b' 1103,16,13,1280,0,160,4,10,7,1,2,-70,0,493,5985,40,0,0 '
Received from ('fd00::200:0:0:3', 8765, 0, 0): b' 1104,3,1,512,0,157,5,1,7,1,1,-64,6,1977,13790,73,0,0 '
Received from ('fd00::200:0:0:1', 5678, 0, 0): b' 1105,1,0,256,0,6,0,0,4,0,0,0,10,2835,28077,1179,0,0 '
Received from ('fd00::200:0:0:f', 8765, 0, 0): b' 1103,15,10,1280,0,155,2,3,7,1,1,-70,2,442,7757,66,0,0 '
Received from ('fd00::200:0:0:14', 8765, 0, 0): b' 1104,20,17,1536,0,167,4,5,7,1,2,-70,0,574,7549,55,0,0 '
Received from ('fd00::200:0:0:12', 8765, 0, 0): b' 1103,18,15,1536,0,184,3,5,5,1,1,-70,0,875,10619,56,0,0 '
Received from ('fd00::200:0:0:d', 8765, 0, 0): b' 1105,13,9,1024,10,164,2,3,7,1,1,-52,4,2211,16422,63,0,0 '
Received from ('fd00::200:0:0:2', 8765, 0, 0): b' 1107,2,1,512,0,142,5,1,6,1,1,-88,1,604,10582,74,0,0 '
Received from ('fd00::200:0:0:a', 8765, 0, 0): b' 1105,10,6,1024,10,165,2,3,7,1,1,-52,4,1601,17476,66,0,0 '
Received from ('fd00::200:0:0:5', 8765, 0, 0): b' 1107,5,1,512,0,178,5,1,6,1,1,-94,9,2792,18187,74,0,0 '
Received from ('fd00::200:0:0:13', 8765, 0, 0): b' 1104,19,15,1536,0,156,4,6,7,1,2,-52,0,851,9468,53,0,0 '
Received from ('fd00::200:0:0:7', 8765, 0, 0): b' 1108,7,2,768,0,176,7,4,7,1,2,-70,0,299,7618,67,0,0 '
Received from ('fd00::200:0:0:15', 8765, 0, 0): b' 1107,21,17,1536,0,161,3,7,5,1,2,-52,0,907,10120,50,0,0 '
Received from ('fd00::200:0:0:6', 8765, 0, 0): b' 1107,6,3,768,20,164,3,1,7,1,1,-70,5,2313,19826,71,0,0 '
Received from ('fd00::200:0:0:b', 8765, 0, 0): b' 1108,11,8,1024,0,137,1,13,7,1,1,-70,0,386,5919,31,0,0 '
Received from ('fd00::200:0:0:e', 8765, 0, 0): b' 1106,14,10,1280,20,164,2,8,7,1,1,-52,0,624,7931,44,0,0 '
Received from ('fd00::200:0:0:4', 8765, 0, 0): b' 1109,4,1,512,0,165,5,1,7,1,1,-66,0,686,9694,74,0,0 '
Received from ('fd00::200:0:0:12', 8765, 0, 0): b' 1107,18,15,1536,0,184,3,5,5,1,1,-70,0,311,3893,57,0,0 '
Received from ('fd00::200:0:0:10', 8765, 0, 0): b' 1110,16,13,1280,0,160,4,10,7,1,2,-70,0,336,6147,41,0,0 '
Received from ('fd00::200:0:0:c', 8765, 0, 0): b' 1110,12,8,1024,0,143,2,15,6,1,1,-52,0,800,10214,33,0,0 '
Received from ('fd00::200:0:0:11', 8765, 0, 0): b' 1110,17,13,1280,10,156,3,4,7,1,1,-52,2,1919,19418,60,0,0 '
Received from ('fd00::200:0:0:14', 8765, 0, 0): b' 1109,20,17,1536,0,168,4,5,7,1,2,-70,0,459,5079,55,0,0 '
Received from ('fd00::200:0:0:15', 8765, 0, 0): b' 1111,21,17,1536,0,161,3,7,5,1,2,-52,0,158,3748,50,0,0 '
Received from ('fd00::200:0:0:8', 8765, 0, 0): b' 1111,8,5,768,10,163,3,5,7,1,1,-70,2,1513,18194,70,0,0 '
Received from ('fd00::200:0:0:f', 8765, 0, 0): b' 1112,15,10,1280,0,158,2,3,7,1,1,-70,2,1656,16280,66,0,0 '
Received from ('fd00::200:0:0:9', 8765, 0, 0): b' 1113,9,5,768,0,154,3,3,7,1,2,-52,5,2390,18459,66,0,0 '
Received from ('fd00::200:0:0:b', 8765, 0, 0): b' 1113,11,8,1024,0,138,1,13,7,1,1,-70,0,320,4365,32,0,0 '
Received from ('fd00::200:0:0:2', 8765, 0, 0): b' 1115,2,1,512,0,145,5,1,6,1,1,-88,1,1172,12331,74,0,0 '
Received from ('fd00::200:0:0:4', 8765, 0, 0): b' 1115,4,1,512,0,167,5,1,7,1,1,-66,0,489,6926,74,0,0 '
Received from ('fd00::200:0:0:5', 8765, 0, 0): b' 1114,5,1,512,40,183,5,1,6,1,1,-94,9,2887,17347,74,0,0 '
Received from ('fd00::200:0:0:1', 5678, 0, 0): b' 1115,1,0,256,0,6,0,0,4,0,0,0,10,2360,23805,1189,0,0 '
Received from ('fd00::200:0:0:d', 8765, 0, 0): b' 1113,13,9,1024,0,165,2,3,7,1,1,-52,4,1489,14322,63,0,0 '
Received from ('fd00::200:0:0:3', 8765, 0, 0): b' 1116,3,1,512,10,159,5,1,7,1,1,-64,6,2873,22097,74,0,0 '
Received from ('fd00::200:0:0:13', 8765, 0, 0): b' 1115,19,15,1536,0,158,4,6,7,1,2,-52,0,596,9406,54,0,0 '
Received from ('fd00::200:0:0:a', 8765, 0, 0): b' 1115,10,6,1024,0,168,2,3,7,1,1,-52,4,2728,23532,67,0,0 '
Received from ('fd00::200:0:0:12', 8765, 0, 0): b' 1115,18,15,1536,0,185,3,5,5,1,1,-70,0,409,7282,57,0,0 '
Received from ('fd00::200:0:0:14', 8765, 0, 0): b' 1115,20,17,1536,0,169,4,5,7,1,2,-70,0,288,4738,55,0,0 '
Received from ('fd00::200:0:0:10', 8765, 0, 0): b' 1116,16,13,1280,0,162,4,10,7,1,2,-70,0,590,6057,41,0,0 '
Received from ('fd00::200:0:0:e', 8765, 0, 0): b' 1118,14,10,1280,0,166,2,8,7,1,1,-52,0,895,11335,45,0,0 '
Received from ('fd00::200:0:0:d', 8765, 0, 0): b' 1119,13,9,1024,30,168,2,3,7,1,1,-52,4,1376,10089,64,0,0 '
Received from ('fd00::200:0:0:6', 8765, 0, 0): b' 1119,6,3,768,0,167,3,1,7,1,1,-70,5,2699,21163,71,0,0 '
Received from ('fd00::200:0:0:7', 8765, 0, 0): b' 1120,7,2,768,0,179,7,4,7,1,2,-70,0,849,14392,68,0,0 '
Received from ('fd00::200:0:0:9', 8765, 0, 0): b' 1120,9,5,768,0,156,3,3,7,1,2,-52,5,1708,13121,67,0,0 '
Received from ('fd00::200:0:0:4', 8765, 0, 0): b' 1121,4,1,512,0,167,5,1,7,1,1,-66,0,350,7148,75,0,0 '
Received from ('fd00::200:0:0:11', 8765, 0, 0): b' 1118,17,13,1280,0,156,3,4,7,1,1,-52,2,1311,12882,61,0,0 '
Received from ('fd00::200:0:0:8', 8765, 0, 0): b' 1119,8,5,768,0,164,3,5,7,1,1,-70,2,1229,16086,71,0,0 '
Received from ('fd00::200:0:0:3', 8765, 0, 0): b' 1121,3,1,512,10,159,5,1,7,1,1,-64,6,1351,9727,74,0,0 '
Received from ('fd00::200:0:0:5', 8765, 0, 0): b' 1121,5,1,512,20,184,5,1,6,1,1,-94,9,2570,17042,75,0,0 '
Received from ('fd00::200:0:0:c', 8765, 0, 0): b' 1120,12,8,1024,0,145,2,15,6,1,1,-52,0,694,10019,34,0,0 '
Received from ('fd00::200:0:0:f', 8765, 0, 0): b' 1120,15,10,1280,0,160,2,3,7,1,1,-70,2,1148,14670,67,0,0 '
Received from ('fd00::200:0:0:1', 5678, 0, 0): b' 1123,1,0,256,0,6,0,0,4,0,0,0,10,2123,19133,1202,0,0 '
Received from ('fd00::200:0:0:15', 8765, 0, 0): b' 1121,21,17,1536,0,161,3,7,5,1,2,-52,0,479,8935,51,0,0 '
Received from ('fd00::200:0:0:b', 8765, 0, 0): b' 1122,11,8,1024,10,139,1,13,7,1,1,-70,0,423,8887,32,0,0 '
Received from ('fd00::200:0:0:2', 8765, 0, 0): b' 1123,2,1,512,0,147,5,1,6,1,1,-88,1,960,13701,75,0,0 '
Received from ('fd00::200:0:0:12', 8765, 0, 0): b' 1121,18,15,1536,0,187,3,5,5,1,1,-70,0,548,5951,58,0,0 '
Received from ('fd00::200:0:0:14', 8765, 0, 0): b' 1123,20,17,1536,0,170,4,5,7,1,2,-70,0,562,7422,56,0,0 '
Received from ('fd00::200:0:0:10', 8765, 0, 0): b' 1124,16,13,1280,0,165,4,10,7,1,2,-70,0,680,7585,42,0,0 '
Received from ('fd00::200:0:0:4', 8765, 0, 0): b' 1125,4,1,512,0,169,5,1,7,1,1,-66,0,465,5671,75,0,0 '
Received from ('fd00::200:0:0:7', 8765, 0, 0): b' 1125,7,2,768,10,180,7,4,7,1,2,-70,0,513,7008,69,0,0 '
Received from ('fd00::200:0:0:11', 8765, 0, 0): b' 1124,17,13,1280,0,156,3,4,7,1,1,-52,2,800,8857,61,0,0 '
Received from ('fd00::200:0:0:a', 8765, 0, 0): b' 1125,10,6,1024,0,171,2,3,7,1,1,-52,4,1971,17969,68,0,0 '
Received from ('fd00::200:0:0:f', 8765, 0, 0): b' 1124,15,10,1280,10,162,2,3,7,1,1,-70,2,1027,9560,67,0,0 '
Received from ('fd00::200:0:0:e', 8765, 0, 0): b' 1125,14,10,1280,0,168,2,8,7,1,1,-52,0,614,6745,45,0,0 '
Received from ('fd00::200:0:0:13', 8765, 0, 0): b' 1127,19,15,1536,0,160,4,6,7,1,2,-52,0,814,10961,55,0,0 '
Received from ('fd00::200:0:0:15', 8765, 0, 0): b' 1127,21,17,1536,0,162,3,7,5,1,2,-52,0,385,5641,51,0,0 '
Received from ('fd00::200:0:0:b', 8765, 0, 0): b' 1128,11,8,1024,0,140,1,14,7,1,1,-70,0,647,5943,33,0,0 '
Received from ('fd00::200:0:0:2', 8765, 0, 0): b' 1130,2,1,512,0,149,5,1,6,1,1,-88,1,918,10140,75,0,0 '
Received from ('fd00::200:0:0:1', 5678, 0, 0): b' 1130,1,0,256,0,6,0,0,4,0,0,0,10,1408,15522,1209,0,0 '
Received from ('fd00::200:0:0:6', 8765, 0, 0): b' 1129,6,3,768,0,171,3,1,7,1,1,-70,5,2610,18703,72,0,0 '
Received from ('fd00::200:0:0:9', 8765, 0, 0): b' 1129,9,5,768,10,158,3,3,7,1,2,-52,5,2072,17086,68,0,0 '
Received from ('fd00::200:0:0:3', 8765, 0, 0): b' 1130,3,1,512,10,161,5,1,7,1,1,-64,6,2355,16901,74,0,0 '
Received from ('fd00::200:0:0:c', 8765, 0, 0): b' 1129,12,8,1024,0,146,2,15,6,1,1,-52,0,434,7960,34,0,0 '
Received from ('fd00::200:0:0:5', 8765, 0, 0): b' 1130,5,1,512,30,186,5,1,6,1,1,-94,9,2813,19730,75,0,0 '
Received from ('fd00::200:0:0:a', 8765, 0, 0): b' 1128,10,6,1024,0,172,2,3,7,1,1,-52,4,1055,8892,68,0,0 '
Received from ('fd00::200:0:0:8', 8765, 0, 0): b' 1130,8,5,768,0,164,3,5,7,1,1,-70,2,1541,19493,72,0,0 '
Received from ('fd00::200:0:0:e', 8765, 0, 0): b' 1129,14,10,1280,0,168,2,8,7,1,1,-52,0,213,4035,46,0,0 '
Received from ('fd00::200:0:0:11', 8765, 0, 0): b' 1130,17,13,1280,10,159,3,4,7,1,1,-52,2,1092,10318,62,0,0 '
Received from ('fd00::200:0:0:d', 8765, 0, 0): b' 1131,13,9,1024,0,174,2,3,7,1,1,-52,4,3073,22026,65,0,0 '
Received from ('fd00::200:0:0:f', 8765, 0, 0): b' 1131,15,10,1280,0,165,2,3,7,1,1,-70,2,1053,12534,68,0,0 '
Received from ('fd00::200:0:0:b', 8765, 0, 0): b' 1131,11,8,1024,0,141,1,14,7,1,1,-70,0,361,4008,33,0,0 '
Received from ('fd00::200:0:0:15', 8765, 0, 0): b' 1132,21,17,1536,0,162,3,7,5,1,2,-52,0,310,4788,52,0,0 '
Received from ('fd00::200:0:0:13', 8765, 0, 0): b' 1133,19,15,1536,0,161,4,6,7,1,2,-52,0,386,6144,55,0,0 '
Received from ('fd00::200:0:0:7', 8765, 0, 0): b' 1134,7,2,768,0,182,7,4,7,1,2,-70,0,635,10596,69,0,0 '
Received from ('fd00::200:0:0:4', 8765, 0, 0): b' 1135,4,1,512,0,170,5,1,7,1,1,-66,0,505,11371,76,0,0 '
Received from ('fd00::200:0:0:c', 8765, 0, 0): b' 1132,12,8,1024,0,148,2,15,6,1,1,-52,0,468,4461,34,0,0 '
Received from ('fd00::200:0:0:1', 5678, 0, 0): b' 1136,1,0,256,0,6,0,0,4,0,0,0,10,1622,14851,1219,0,0 '
Received from ('fd00::200:0:0:12', 8765, 0, 0): b' 1133,18,15,1536,0,189,3,5,5,1,1,-70,0,661,10650,58,0,0 '
Received from ('fd00::200:0:0:a', 8765, 0, 0): b' 1133,10,6,1024,0,173,2,3,7,1,1,-52,4,1412,10818,68,0,0 '
Received from ('fd00::200:0:0:5', 8765, 0, 0): b' 1136,5,1,512,30,188,5,1,6,1,1,-94,9,2170,13365,76,0,0 '
Received from ('fd00::200:0:0:14', 8765, 0, 0): b' 1135,20,17,1536,0,172,4,5,7,1,2,-70,0,717,11285,57,0,0 '
Received from ('fd00::200:0:0:6', 8765, 0, 0): b' 1136,6,3,768,10,173,3,1,7,1,1,-70,5,1760,12577,73,0,0 '
Received from ('fd00::200:0:0:2', 8765, 0, 0): b' 1137,2,1,512,0,150,5,1,6,1,1,-88,1,864,11678,76,0,0 '
Received from ('fd00::200:0:0:10', 8765, 0, 0): b' 1135,16,13,1280,10,169,4,10,7,1,2,-70,0,1076,10971,43,0,0 '
Received from ('fd00::200:0:0:f', 8765, 0, 0): b' 1135,15,10,1280,0,167,2,3,7,1,1,-70,2,1185,8965,68,0,0 '
Received from ('fd00::200:0:0:b', 8765, 0, 0): b' 1137,11,8,1024,10,143,1,14,7,1,1,-70,0,385,5827,33,0,0 '
Received from ('fd00::200:0:0:12', 8765, 0, 0): b' 1137,18,15,1536,0,190,3,5,5,1,1,-70,0,418,4226,59,0,0 '
Received from ('fd00::200:0:0:d', 8765, 0, 0): b' 1139,13,9,1024,0,175,2,3,7,1,1,-52,4,1476,13939,65,0,0 '
Received from ('fd00::200:0:0:11', 8765, 0, 0): b' 1139,17,13,1280,10,161,3,4,7,1,1,-52,2,1301,14850,62,0,0 '
Received from ('fd00::200:0:0:3', 8765, 0, 0): b' 1140,3,1,512,10,163,5,1,7,1,1,-64,6,2753,20215,75,0,0 '
Received from ('fd00::200:0:0:14', 8765, 0, 0): b' 1139,20,17,1536,0,173,4,5,7,1,2,-70,0,362,4641,57,0,0 '
Received from ('fd00::200:0:0:4', 8765, 0, 0): b' 1141,4,1,512,0,170,5,1,7,1,1,-66,0,276,7619,76,0,0 '
Received from ('fd00::200:0:0:10', 8765, 0, 0): b' 1140,16,13,1280,0,170,4,10,7,1,2,-70,0,432,5550,43,0,0 '
Received from ('fd00::200:0:0:c', 8765, 0, 0): b' 1139,12,8,1024,0,149,2,15,6,1,1,-52,0,441,7126,35,0,0 '
Received from ('fd00::200:0:0:13', 8765, 0, 0): b' 1140,19,15,1536,10,164,4,6,7,1,2,-52,0,655,7303,56,0,0 '
Received from ('fd00::200:0:0:9', 8765, 0, 0): b' 1141,9,5,768,0,159,3,3,7,1,2,-52,5,2488,20781,68,0,0 '
Received from ('fd00::200:0:0:2', 8765, 0, 0): b' 1143,2,1,512,0,150,5,1,6,1,1,-88,1,530,8705,76,0,0 '
Received from ('fd00::200:0:0:5', 8765, 0, 0): b' 1143,5,1,512,20,189,5,1,6,1,1,-94,9,2165,15118,76,0,0 '
Received from ('fd00::200:0:0:6', 8765, 0, 0): b' 1143,6,3,768,30,175,3,1,7,1,1,-70,5,1441,11592,73,0,0 '
Received from ('fd00::200:0:0:8', 8765, 0, 0): b' 1141,8,5,768,10,166,3,5,7,1,1,-70,2,1795,21249,73,0,0 '
Received from ('fd00::200:0:0:e', 8765, 0, 0): b' 1140,14,10,1280,10,172,2,8,7,1,1,-52,0,845,10675,46,0,0 '
Received from ('fd00::200:0:0:7', 8765, 0, 0): b' 1143,7,2,768,10,183,7,5,7,1,2,-70,0,519,11482,70,0,0 '
Received from ('fd00::200:0:0:15', 8765, 0, 0): b' 1141,21,17,1536,0,164,3,7,5,1,2,-52,0,637,8269,52,0,0 '
Received from ('fd00::200:0:0:f', 8765, 0, 0): b' 1141,15,10,1280,0,168,2,3,7,1,1,-70,2,1134,11978,68,0,0 '
Received from ('fd00::200:0:0:3', 8765, 0, 0): b' 1144,3,1,512,0,164,5,1,7,1,1,-64,6,1264,8040,75,0,0 '
Received from ('fd00::200:0:0:a', 8765, 0, 0): b' 1145,10,6,1024,0,173,2,3,7,1,1,-52,4,2016,20815,69,0,0 '
Received from ('fd00::200:0:0:1', 5678, 0, 0): b' 1147,1,0,256,0,6,0,0,4,0,0,0,10,2953,27752,1236,0,0 '
Received from ('fd00::200:0:0:12', 8765, 0, 0): b' 1144,18,15,1536,0,190,3,5,5,1,1,-70,0,278,6484,59,0,0 '
Received from ('fd00::200:0:0:11', 8765, 0, 0): b' 1145,17,13,1280,20,165,3,4,7,1,1,-52,2,1488,10689,63,0,0 '
Received from ('fd00::200:0:0:b', 8765, 0, 0): b' 1146,11,8,1024,0,145,1,14,7,1,1,-70,0,771,8684,34,0,0 '
Received from ('fd00::200:0:0:13', 8765, 0, 0): b' 1147,19,15,1536,0,164,4,6,7,1,2,-52,0,303,6213,56,0,0 '
Received from ('fd00::200:0:0:7', 8765, 0, 0): b' 1149,7,2,768,0,186,7,5,7,1,2,-70,0,598,6704,70,0,0 '
Received from ('fd00::200:0:0:c', 8765, 0, 0): b' 1147,12,8,1024,0,151,2,15,6,1,1,-52,0,516,7675,35,0,0 '
Received from ('fd00::200:0:0:14', 8765, 0, 0): b' 1148,20,17,1536,0,175,4,5,7,1,2,-70,0,693,8750,58,0,0 '
Received from ('fd00::200:0:0:3', 8765, 0, 0): b' 1150,3,1,512,10,168,5,1,7,1,1,-64,6,1723,11606,76,0,0 '
Received from ('fd00::200:0:0:d', 8765, 0, 0): b' 1149,13,9,1024,0,177,2,3,7,1,1,-52,4,2611,19368,66,0,0 '
Received from ('fd00::200:0:0:f', 8765, 0, 0): b' 1148,15,10,1280,0,171,2,3,7,1,1,-70,2,1273,13061,69,0,0 '
Received from ('fd00::200:0:0:15', 8765, 0, 0): b' 1149,21,17,1536,0,167,3,7,5,1,2,-52,0,679,7876,53,0,0 '
Received from ('fd00::200:0:0:9', 8765, 0, 0): b' 1151,9,5,768,0,162,3,3,7,1,2,-52,5,2255,17944,69,0,0 '
Received from ('fd00::200:0:0:4', 8765, 0, 0): b' 1152,4,1,512,0,175,5,1,7,1,1,-66,0,1030,12778,77,0,0 '
Received from ('fd00::200:0:0:6', 8765, 0, 0): b' 1152,6,3,768,10,178,3,1,7,1,1,-70,5,2287,16471,74,0,0 '
Received from ('fd00::200:0:0:10', 8765, 0, 0): b' 1150,16,13,1280,0,174,4,10,7,1,2,-70,0,908,10209,44,0,0 '
Received from ('fd00::200:0:0:8', 8765, 0, 0): b' 1151,8,5,768,0,168,3,5,7,1,1,-70,2,1567,18766,73,0,0 '
Received from ('fd00::200:0:0:12', 8765, 0, 0): b' 1150,18,15,1536,0,190,3,5,5,1,1,-70,0,334,5587,60,0,0 '
Received from ('fd00::200:0:0:2', 8765, 0, 0): b' 1153,2,1,512,10,154,5,1,6,1,1,-88,1,1521,16821,77,0,0 '
Received from ('fd00::200:0:0:5', 8765, 0, 0): b' 1153,5,1,512,10,192,5,1,6,1,1,-94,9,3714,24520,77,0,0 '
Received from ('fd00::200:0:0:7', 8765, 0, 0): b' 1153,7,2,768,0,188,7,5,7,1,2,-70,0,465,5729,70,0,0 '
Received from ('fd00::200:0:0:b', 8765, 0, 0): b' 1152,11,8,1024,0,147,1,14,7,1,1,-70,0,492,5566,34,0,0 '
Received from ('fd00::200:0:0:13', 8765, 0, 0): b' 1152,19,15,1536,0,165,4,6,7,1,2,-52,0,361,5089,56,0,0 '
Received from ('fd00::200:0:0:1', 5678, 0, 0): b' 1154,1,0,256,0,6,0,0,4,0,0,0,10,2027,18626,1244,0,0 '
Received from ('fd00::200:0:0:e', 8765, 0, 0): b' 1153,14,10,1280,0,173,2,8,7,1,1,-52,0,709,10889,47,0,0 '
Received from ('fd00::200:0:0:14', 8765, 0, 0): b' 1153,20,17,1536,0,176,4,5,7,1,2,-70,0,264,4252,58,0,0 '
Received from ('fd00::200:0:0:10', 8765, 0, 0): b' 1154,16,13,1280,0,174,4,10,7,1,2,-70,0,257,3710,44,0,0 '
Received from ('fd00::200:0:0:3', 8765, 0, 0): b' 1155,3,1,512,0,170,5,1,7,1,1,-64,6,1636,10873,76,0,0 '
Received from ('fd00::200:0:0:15', 8765, 0, 0): b' 1155,21,17,1536,0,167,3,7,5,1,2,-52,0,375,5399,53,0,0 '
Received from ('fd00::200:0:0:a', 8765, 0, 0): b' 1156,10,6,1024,0,176,2,3,7,1,1,-52,4,2487,22968,70,0,0 '
Received from ('fd00::200:0:0:7', 8765, 0, 0): b' 1157,7,2,768,0,190,7,5,7,1,2,-70,0,573,6211,71,0,0 '
Received from ('fd00::200:0:0:11', 8765, 0, 0): b' 1157,17,13,1280,0,169,3,4,7,1,1,-52,2,1862,18294,63,0,0 '
Received from ('fd00::200:0:0:8', 8765, 0, 0): b' 1157,8,5,768,0,171,3,5,7,1,1,-70,2,1310,13351,74,0,0 '
Received from ('fd00::200:0:0:6', 8765, 0, 0): b' 1159,6,3,768,10,181,3,1,7,1,1,-70,5,1637,12979,74,0,0 '
Received from ('fd00::200:0:0:4', 8765, 0, 0): b' 1159,4,1,512,0,178,5,1,7,1,1,-66,0,719,9731,77,0,0 '
Received from ('fd00::200:0:0:d', 8765, 0, 0): b' 1158,13,9,1024,0,180,2,3,7,1,1,-52,4,1994,16241,66,0,0 '
Received from ('fd00::200:0:0:13', 8765, 0, 0): b' 1158,19,15,1536,0,166,4,6,7,1,2,-52,0,442,5641,57,0,0 '
Received from ('fd00::200:0:0:c', 8765, 0, 0): b' 1157,12,8,1024,0,156,2,15,6,1,1,-52,0,1014,10558,36,0,0 '
Received from ('fd00::200:0:0:e', 8765, 0, 0): b' 1159,14,10,1280,0,175,2,8,7,1,1,-52,0,573,6679,48,0,0 '
Received from ('fd00::200:0:0:1', 5678, 0, 0): b' 1161,1,0,256,0,6,0,0,4,0,0,0,10,1468,15799,1253,0,0 '
Received from ('fd00::200:0:0:12', 8765, 0, 0): b' 1159,18,15,1536,0,191,3,5,5,1,1,-70,0,530,8022,60,0,0 '
Received from ('fd00::200:0:0:14', 8765, 0, 0): b' 1161,20,17,1536,0,177,4,5,7,1,2,-70,0,562,6996,59,0,0 '
Received from ('fd00::200:0:0:f', 8765, 0, 0): b' 1161,15,10,1280,0,175,2,3,7,1,1,-70,2,2100,22424,70,0,0 '
Received from ('fd00::200:0:0:7', 8765, 0, 0): b' 1161,7,2,768,0,191,7,5,7,1,2,-70,0,358,5111,71,0,0 '
Received from ('fd00::200:0:0:5', 8765, 0, 0): b' 1162,5,1,512,10,195,5,1,6,1,1,-94,9,3082,20335,77,0,0 '
Received from ('fd00::200:0:0:9', 8765, 0, 0): b' 1162,9,5,768,0,166,3,3,7,1,2,-52,5,2538,19710,70,0,0 '
Received from ('fd00::200:0:0:10', 8765, 0, 0): b' 1161,16,13,1280,0,175,4,10,7,1,2,-70,0,410,6635,44,0,0 '
Received from ('fd00::200:0:0:a', 8765, 0, 0): b' 1163,10,6,1024,0,178,2,3,7,1,1,-52,4,1636,13464,70,0,0 '
Received from ('fd00::200:0:0:8', 8765, 0, 0): b' 1161,8,5,768,0,171,3,5,7,1,1,-70,2,543,7262,74,0,0 '
Received from ('fd00::200:0:0:15', 8765, 0, 0): b' 1162,21,17,1536,0,168,3,7,5,1,2,-52,0,441,5773,54,0,0 '
Received from ('fd00::200:0:0:2', 8765, 0, 0): b' 1165,2,1,512,0,159,5,1,6,1,1,-88,1,1912,19685,78,0,0 '
Received from ('fd00::200:0:0:b', 8765, 0, 0): b' 1164,11,8,1024,0,149,1,15,7,1,1,-70,0,745,11372,35,0,0 '
Received from ('fd00::200:0:0:3', 8765, 0, 0): b' 1165,3,1,512,0,170,5,1,7,1,1,-64,6,2337,18218,77,0,0 '
Received from ('fd00::200:0:0:1', 5678, 0, 0): b' 1166,1,0,256,0,6,0,0,4,0,0,0,10,1599,13398,1262,0,0 '
Received from ('fd00::200:0:0:12', 8765, 0, 0): b' 1164,18,15,1536,0,191,3,5,5,1,1,-70,0,254,4297,60,0,0 '
Received from ('fd00::200:0:0:7', 8765, 0, 0): b' 1166,7,2,768,0,192,7,5,7,1,2,-70,0,358,5357,71,0,0 '
Received from ('fd00::200:0:0:8', 8765, 0, 0): b' 1166,8,5,768,0,172,3,5,7,1,1,-70,2,767,8917,74,0,0 '
Received from ('fd00::200:0:0:13', 8765, 0, 0): b' 1165,19,15,1536,0,167,4,6,7,1,2,-52,0,506,6860,57,0,0 '
Received from ('fd00::200:0:0:6', 8765, 0, 0): b' 1168,6,3,768,0,184,3,1,7,1,1,-70,5,2543,17187,75,0,0 '
Received from ('fd00::200:0:0:5', 8765, 0, 0): b' 1167,5,1,512,20,196,5,1,6,1,1,-94,9,1789,12969,78,0,0 '
Received from ('fd00::200:0:0:11', 8765, 0, 0): b' 1167,17,13,1280,0,173,3,4,7,1,1,-52,2,1783,16468,64,0,0 '
Received from ('fd00::200:0:0:e', 8765, 0, 0): b' 1168,14,10,1280,0,176,2,8,7,1,1,-52,0,409,7575,48,0,0 '
Received from ('fd00::200:0:0:c', 8765, 0, 0): b' 1166,12,8,1024,0,157,2,15,6,1,1,-52,0,588,8276,37,0,0 '
Received from ('fd00::200:0:0:a', 8765, 0, 0): b' 1168,10,6,1024,0,180,2,3,7,1,1,-52,4,1364,11113,71,0,0 '
Received from ('fd00::200:0:0:1', 5678, 0, 0): b' 1171,1,0,256,0,6,0,0,4,0,0,0,10,809,9273,1264,0,0 '
Received from ('fd00::200:0:0:f', 8765, 0, 0): b' 1170,15,10,1280,0,178,2,3,7,1,1,-70,2,1450,16923,70,0,0 '
Received from ('fd00::200:0:0:4', 8765, 0, 0): b' 1171,4,1,512,0,183,5,1,7,1,1,-66,0,1054,14683,78,0,0 '
Received from ('fd00::200:0:0:d', 8765, 0, 0): b' 1170,13,9,1024,0,187,2,3,7,1,1,-52,4,2782,21257,67,0,0 '
Received from ('fd00::200:0:0:8', 8765, 0, 0): b' 1170,8,5,768,10,175,3,5,7,1,1,-70,2,915,8311,75,0,0 '
Received from ('fd00::200:0:0:b', 8765, 0, 0): b' 1170,11,8,1024,0,149,1,15,7,1,1,-70,0,279,5049,35,0,0 '
Received from ('fd00::200:0:0:3', 8765, 0, 0): b' 1172,3,1,512,10,171,5,1,7,1,1,-64,6,1664,13211,77,0,0 '
Received from ('fd00::200:0:0:9', 8765, 0, 0): b' 1172,9,5,768,10,169,3,3,7,1,2,-52,5,1848,18252,70,0,0 '
Received from ('fd00::200:0:0:2', 8765, 0, 0): b' 1174,2,1,512,0,160,5,1,6,1,1,-88,1,918,13337,78,0,0 '
Received from ('fd00::200:0:0:14', 8765, 0, 0): b' 1172,20,17,1536,0,180,4,5,7,1,2,-70,0,744,10311,59,0,0 '
Received from ('fd00::200:0:0:13', 8765, 0, 0): b' 1173,19,15,1536,0,168,4,6,7,1,2,-52,0,535,7466,58,0,0 '
Received from ('fd00::200:0:0:7', 8765, 0, 0): b' 1174,7,2,768,0,194,7,5,7,1,2,-70,0,597,10437,72,0,0 '
Received from ('fd00::200:0:0:15', 8765, 0, 0): b' 1172,21,17,1536,0,169,3,7,5,1,2,-52,0,530,9691,54,0,0 '
Received from ('fd00::200:0:0:5', 8765, 0, 0): b' 1176,5,1,512,60,200,5,1,6,1,1,-94,9,2935,19139,78,0,0 '
Received from ('fd00::200:0:0:6', 8765, 0, 0): b' 1174,6,3,768,20,186,3,1,7,1,1,-70,5,1525,13565,75,0,0 '
Received from ('fd00::200:0:0:c', 8765, 0, 0): b' 1174,12,8,1024,0,158,2,15,6,1,1,-52,0,385,6626,37,0,0 '
Received from ('fd00::200:0:0:12', 8765, 0, 0): b' 1173,18,15,1536,0,194,3,5,5,1,1,-70,0,870,9415,61,0,0 '
Received from ('fd00::200:0:0:11', 8765, 0, 0): b' 1173,17,13,1280,10,173,3,4,7,1,1,-52,2,800,9334,65,0,0 '
Received from ('fd00::200:0:0:10', 8765, 0, 0): b' 1173,16,13,1280,0,176,4,10,7,1,2,-70,0,611,11117,45,0,0 '
Received from ('fd00::200:0:0:4', 8765, 0, 0): b' 1177,4,1,512,0,185,5,1,7,1,1,-66,0,566,7802,79,0,0 '
Received from ('fd00::200:0:0:e', 8765, 0, 0): b' 1177,14,10,1280,0,178,2,8,7,1,1,-52,0,669,8526,49,0,0 '
Received from ('fd00::200:0:0:f', 8765, 0, 0): b' 1178,15,10,1280,0,178,2,3,7,1,1,-70,2,1263,14600,71,0,0 '
Received from ('fd00::200:0:0:2', 8765, 0, 0): b' 1178,2,1,512,0,161,5,1,6,1,1,-88,1,635,6838,79,0,0 '
Received from ('fd00::200:0:0:a', 8765, 0, 0): b' 1178,10,6,1024,10,181,2,3,7,1,1,-52,4,1948,19061,71,0,0 '
Received from ('fd00::200:0:0:b', 8765, 0, 0): b' 1176,11,8,1024,0,151,1,15,7,1,1,-70,0,548,6644,36,0,0 '
Received from ('fd00::200:0:0:d', 8765, 0, 0): b' 1176,13,9,1024,10,187,2,3,7,1,1,-52,4,1487,11548,68,0,0 '
Received from ('fd00::200:0:0:14', 8765, 0, 0): b' 1176,20,17,1536,0,181,4,5,7,1,2,-70,0,418,4262,60,0,0 '
Received from ('fd00::200:0:0:8', 8765, 0, 0): b' 1177,8,5,768,0,178,3,5,7,1,1,-70,2,1436,13365,75,0,0 '
Received from ('fd00::200:0:0:1', 5678, 0, 0): b' 1181,1,0,256,0,6,0,0,4,0,0,0,10,2774,25332,1280,0,0 '
Received from ('fd00::200:0:0:15', 8765, 0, 0): b' 1176,21,17,1536,0,171,3,7,5,1,2,-52,0,427,4465,55,0,0 '
Received from ('fd00::200:0:0:4', 8765, 0, 0): b' 1181,4,1,512,0,186,5,1,7,1,1,-66,0,358,5518,79,0,0 '
Received from ('fd00::200:0:0:11', 8765, 0, 0): b' 1178,17,13,1280,0,173,3,4,7,1,1,-52,2,1096,9546,65,0,0 '
Received from ('fd00::200:0:0:d', 8765, 0, 0): b' 1181,13,9,1024,0,189,2,3,7,1,1,-52,4,1147,8852,68,0,0 '
Received from ('fd00::200:0:0:3', 8765, 0, 0): b' 1183,3,1,512,0,173,5,1,7,1,1,-64,6,2579,19651,78,0,0 '
Received from ('fd00::200:0:0:7', 8765, 0, 0): b' 1183,7,2,768,0,195,7,5,7,1,2,-70,0,504,10581,72,0,0 '
Received from ('fd00::200:0:0:10', 8765, 0, 0): b' 1183,16,13,1280,0,179,4,10,7,1,2,-70,0,802,9752,46,0,0 '
Received from ('fd00::200:0:0:9', 8765, 0, 0): b' 1183,9,5,768,0,173,3,3,7,1,2,-52,5,3047,20885,71,0,0 '
Received from ('fd00::200:0:0:2', 8765, 0, 0): b' 1185,2,1,512,0,162,5,1,6,1,1,-88,1,861,10846,79,0,0 '
Received from ('fd00::200:0:0:11', 8765, 0, 0): b' 1183,17,13,1280,0,174,3,4,7,1,1,-52,2,616,7792,65,0,0 '
Received from ('fd00::200:0:0:1', 5678, 0, 0): b' 1186,1,0,256,0,6,0,0,4,0,0,0,10,826,10983,1285,0,0 '
Received from ('fd00::200:0:0:14', 8765, 0, 0): b' 1184,20,17,1536,0,185,4,5,7,1,2,-70,0,730,7780,60,0,0 '
Received from ('fd00::200:0:0:a', 8765, 0, 0): b' 1184,10,6,1024,0,184,2,3,7,1,1,-52,4,1180,14570,72,0,0 '
Received from ('fd00::200:0:0:b', 8765, 0, 0): b' 1185,11,8,1024,0,155,1,15,7,1,1,-70,0,730,8639,36,0,0 '
Received from ('fd00::200:0:0:f', 8765, 0, 0): b' 1184,15,10,1280,10,181,2,3,7,1,1,-70,2,1004,14617,71,0,0 '
Received from ('fd00::200:0:0:5', 8765, 0, 0): b' 1186,5,1,512,30,202,5,1,6,1,1,-94,9,3995,25375,79,0,0 '
Received from ('fd00::200:0:0:6', 8765, 0, 0): b' 1186,6,3,768,10,188,3,1,7,1,1,-70,5,2309,20232,76,0,0 '
Received from ('fd00::200:0:0:13', 8765, 0, 0): b' 1185,19,15,1536,0,170,4,6,7,1,2,-52,0,661,11107,58,0,0 '
Received from ('fd00::200:0:0:c', 8765, 0, 0): b' 1185,12,8,1024,0,163,2,15,6,1,1,-52,0,1033,10811,38,0,0 '
Received from ('fd00::200:0:0:15', 8765, 0, 0): b' 1184,21,17,1536,0,173,3,7,5,1,2,-52,0,613,7084,55,0,0 '
Received from ('fd00::200:0:0:d', 8765, 0, 0): b' 1186,13,9,1024,0,189,2,3,7,1,1,-52,4,1124,7886,68,0,0 '
Received from ('fd00::200:0:0:12', 8765, 0, 0): b' 1187,18,15,1536,0,199,3,5,5,1,1,-70,0,1014,11290,62,0,0 '
Received from ('fd00::200:0:0:e', 8765, 0, 0): b' 1186,14,10,1280,0,180,2,8,7,1,1,-52,0,637,9468,49,0,0 '
Received from ('fd00::200:0:0:8', 8765, 0, 0): b' 1187,8,5,768,0,179,3,5,7,1,1,-70,2,1590,19622,76,0,0 '
Received from ('fd00::200:0:0:4', 8765, 0, 0): b' 1189,4,1,512,0,188,5,1,7,1,1,-66,0,513,9456,79,0,0 '
Received from ('fd00::200:0:0:7', 8765, 0, 0): b' 1189,7,2,768,0,196,7,5,7,1,2,-70,0,467,7287,73,0,0 '
Received from ('fd00::200:0:0:2', 8765, 0, 0): b' 1190,2,1,512,0,165,5,1,6,1,1,-88,1,829,8767,79,0,0 '
Received from ('fd00::200:0:0:11', 8765, 0, 0): b' 1189,17,13,1280,0,179,3,4,7,1,1,-52,2,1417,10176,66,0,0 '
Received from ('fd00::200:0:0:c', 8765, 0, 0): b' 1190,12,8,1024,0,165,2,15,6,1,1,-52,0,470,5176,38,0,0 '
Received from ('fd00::200:0:0:14', 8765, 0, 0): b' 1189,20,17,1536,0,186,4,5,7,1,2,-70,0,441,6273,61,0,0 '
Received from ('fd00::200:0:0:3', 8765, 0, 0): b' 1192,3,1,512,0,175,5,1,7,1,1,-64,6,2116,16807,79,0,0 '
Received from ('fd00::200:0:0:5', 8765, 0, 0): b' 1192,5,1,512,50,203,5,1,6,1,1,-94,9,2342,14442,80,0,0 '
Received from ('fd00::200:0:0:b', 8765, 0, 0): b' 1191,11,8,1024,0,157,1,15,7,1,1,-70,0,645,6532,37,0,0 '
Received from ('fd00::200:0:0:10', 8765, 0, 0): b' 1191,16,13,1280,0,181,4,10,7,1,2,-70,0,614,7762,46,0,0 '
Received from ('fd00::200:0:0:a', 8765, 0, 0): b' 1192,10,6,1024,0,187,2,3,7,1,1,-52,4,1962,16431,72,0,0 '
Received from ('fd00::200:0:0:9', 8765, 0, 0): b' 1192,9,5,768,0,175,3,3,7,1,2,-52,5,2116,15601,72,0,0 '
Received from ('fd00::200:0:0:15', 8765, 0, 0): b' 1191,21,17,1536,0,175,3,7,5,1,2,-52,0,572,7336,56,0,0 '
Received from ('fd00::200:0:0:f', 8765, 0, 0): b' 1192,15,10,1280,0,183,2,3,7,1,1,-70,2,1506,16090,72,0,0 '
Received from ('fd00::200:0:0:7', 8765, 0, 0): b' 1194,7,2,768,0,199,7,5,7,1,2,-70,0,596,6925,73,0,0 '
Received from ('fd00::200:0:0:d', 8765, 0, 0): b' 1194,13,9,1024,0,190,2,3,7,1,1,-52,4,1709,14020,69,0,0 '
Received from ('fd00::200:0:0:1', 5678, 0, 0): b' 1195,1,0,256,0,6,0,0,4,0,0,0,10,2746,24992,1300,0,0 '
Received from ('fd00::200:0:0:c', 8765, 0, 0): b' 1194,12,8,1024,0,166,2,15,6,1,1,-52,0,417,4467,39,0,0 '
Received from ('fd00::200:0:0:12', 8765, 0, 0): b' 1192,18,15,1536,10,202,3,5,5,1,1,-70,0,542,7941,62,0,0 '
Received from ('fd00::200:0:0:13', 8765, 0, 0): b' 1194,19,15,1536,0,174,4,6,7,1,2,-52,0,908,10140,59,0,0 '
Received from ('fd00::200:0:0:10', 8765, 0, 0): b' 1196,16,13,1280,0,182,4,10,7,1,2,-70,0,418,4790,47,0,0 '
Received from ('fd00::200:0:0:14', 8765, 0, 0): b' 1195,20,17,1536,10,189,4,5,7,1,2,-70,0,599,6182,61,0,0 '
Received from ('fd00::200:0:0:2', 8765, 0, 0): b' 1198,2,1,512,0,169,5,1,6,1,1,-88,1,1132,12230,80,0,0 '
Received from ('fd00::200:0:0:15', 8765, 0, 0): b' 1196,21,17,1536,0,176,3,7,5,1,2,-52,0,361,4597,56,0,0 '
Received from ('fd00::200:0:0:6', 8765, 0, 0): b' 1198,6,3,768,0,192,3,1,7,1,1,-70,5,2865,21558,77,0,0 '
Received from ('fd00::200:0:0:8', 8765, 0, 0): b' 1197,8,5,768,0,179,3,5,7,1,1,-70,2,1568,19135,76,0,0 '
Received from ('fd00::200:0:0:e', 8765, 0, 0): b' 1196,14,10,1280,10,183,2,8,7,1,1,-52,0,800,10194,50,0,0 '
Received from ('fd00::200:0:0:11', 8765, 0, 0): b' 1198,17,13,1280,0,180,3,4,7,1,1,-52,2,1575,15006,66,0,0 '
Received from ('fd00::200:0:0:3', 8765, 0, 0): b' 1200,3,1,512,0,175,5,1,7,1,1,-64,6,1818,14275,79,0,0 '
Received from ('fd00::200:0:0:c', 8765, 0, 0): b' 1199,12,8,1024,10,168,2,15,6,1,1,-52,0,468,4213,39,0,0 '
Received from ('fd00::200:0:0:7', 8765, 0, 0): b' 1200,7,2,768,0,200,7,5,7,1,2,-70,0,466,7513,74,0,0 '
Received from ('fd00::200:0:0:4', 8765, 0, 0): b' 1201,4,1,512,0,191,5,1,7,1,1,-66,0,1007,14861,80,0,0 '
Received from ('fd00::200:0:0:b', 8765, 0, 0): b' 1199,11,8,1024,0,159,1,15,7,1,1,-70,0,516,7908,37,0,0 '
Received from ('fd00::200:0:0:9', 8765, 0, 0): b' 1200,9,5,768,10,177,3,3,7,1,2,-52,5,1933,14597,72,0,0 '
Received from ('fd00::200:0:0:13', 8765, 0, 0): b' 1199,19,15,1536,0,178,4,6,7,1,2,-52,0,707,5904,59,0,0 '
Received from ('fd00::200:0:0:a', 8765, 0, 0): b' 1201,10,6,1024,10,189,2,3,7,1,1,-52,4,1971,18329,73,0,0 '
Received from ('fd00::200:0:0:15', 8765, 0, 0): b' 1201,21,17,1536,0,178,3,7,5,1,2,-52,0,492,4837,56,0,0 '
Received from ('fd00::200:0:0:6', 8765, 0, 0): b' 1203,6,3,768,20,194,3,1,7,1,1,-70,5,904,8228,77,0,0 '
Received from ('fd00::200:0:0:f', 8765, 0, 0): b' 1201,15,10,1280,0,188,2,3,7,1,1,-70,2,1960,17851,72,0,0 '
Received from ('fd00::200:0:0:5', 8765, 0, 0): b' 1204,5,1,512,10,206,5,1,6,1,1,-94,9,4021,26937,80,0,0 '
Received from ('fd00::200:0:0:e', 8765, 0, 0): b' 1202,14,10,1280,0,185,2,8,7,1,1,-52,0,494,5505,50,0,0 '
Received from ('fd00::200:0:0:12', 8765, 0, 0): b' 1202,18,15,1536,0,205,3,5,5,1,1,-70,0,884,8978,63,0,0 '
Received from ('fd00::200:0:0:11', 8765, 0, 0): b' 1202,17,13,1280,10,181,3,4,7,1,1,-52,2,763,7460,67,0,0 '
Received from ('fd00::200:0:0:7', 8765, 0, 0): b' 1205,7,2,768,0,202,7,5,7,1,2,-70,0,465,5761,74,0,0 '
Received from ('fd00::200:0:0:2', 8765, 0, 0): b' 1206,2,1,512,0,170,5,1,6,1,1,-88,1,1138,13656,81,0,0 '
Received from ('fd00::200:0:0:d', 8765, 0, 0): b' 1204,13,9,1024,30,196,2,3,7,1,1,-52,4,2593,19659,70,0,0 '
Received from ('fd00::200:0:0:1', 5678, 0, 0): b' 1207,1,0,256,0,6,0,0,4,0,0,0,10,2890,27650,1317,0,0 '
Received from ('fd00::200:0:0:14', 8765, 0, 0): b' 1203,20,17,1536,0,191,4,5,7,1,2,-70,0,670,7252,62,0,0 '
Received from ('fd00::200:0:0:c', 8765, 0, 0): b' 1206,12,8,1024,0,170,2,15,6,1,1,-52,0,517,6790,39,0,0 '
Received from ('fd00::200:0:0:4', 8765, 0, 0): b' 1208,4,1,512,0,193,5,1,7,1,1,-66,0,567,8970,81,0,0 '
Received from ('fd00::200:0:0:10', 8765, 0, 0): b' 1205,16,13,1280,0,184,4,10,7,1,2,-70,0,541,8425,47,0,0 '
Received from ('fd00::200:0:0:8', 8765, 0, 0): b' 1206,8,5,768,0,180,3,5,7,1,1,-70,2,1449,17404,77,0,0 '
Received from ('fd00::200:0:0:f', 8765, 0, 0): b' 1207,15,10,1280,0,190,2,3,7,1,1,-70,2,1044,11520,73,0,0 '
Received from ('fd00::200:0:0:b', 8765, 0, 0): b' 1207,11,8,1024,0,163,1,15,7,1,1,-70,0,907,9041,38,0,0 '
Received from ('fd00::200:0:0:e', 8765, 0, 0): b' 1208,14,10,1280,0,185,2,8,7,1,1,-52,0,334,5638,51,0,0 '
Received from ('fd00::200:0:0:3', 8765, 0, 0): b' 1211,3,1,512,0,176,5,1,7,1,1,-64,6,2535,19418,80,0,0 '
Received from ('fd00::200:0:0:6', 8765, 0, 0): b' 1211,6,3,768,0,195,3,1,7,1,1,-70,5,2056,14555,77,0,0 '
Received from ('fd00::200:0:0:9', 8765, 0, 0): b' 1210,9,5,768,10,180,3,3,7,1,2,-52,5,2230,18295,73,0,0 '
Received from ('fd00::200:0:0:1', 5678, 0, 0): b' 1211,1,0,256,0,6,0,0,4,0,0,0,10,927,10145,1321,0,0 '
Received from ('fd00::200:0:0:c', 8765, 0, 0): b' 1210,12,8,1024,0,172,2,15,6,1,1,-52,0,524,5083,40,0,0 '
Received from ('fd00::200:0:0:14', 8765, 0, 0): b' 1211,20,17,1536,0,193,4,5,7,1,2,-70,0,516,6838,62,0,0 '
Received from ('fd00::200:0:0:a', 8765, 0, 0): b' 1211,10,6,1024,0,190,2,3,7,1,1,-52,4,2085,18569,74,0,0 '
Received from ('fd00::200:0:0:10', 8765, 0, 0): b' 1211,16,13,1280,0,187,4,10,7,1,2,-70,0,656,6351,48,0,0 '
Received from ('fd00::200:0:0:5', 8765, 0, 0): b' 1212,5,1,512,10,209,5,1,6,1,1,-94,9,3379,21079,81,0,0 '
Received from ('fd00::200:0:0:13', 8765, 0, 0): b' 1210,19,15,1536,0,181,4,6,7,1,2,-52,0,800,10166,60,0,0 '
Received from ('fd00::200:0:0:15', 8765, 0, 0): b' 1210,21,17,1536,0,181,3,7,5,1,2,-52,0,679,8849,57,0,0 '
Received from ('fd00::200:0:0:12', 8765, 0, 0): b' 1212,18,15,1536,0,206,3,5,5,1,1,-70,0,586,8770,64,0,0 '
Received from ('fd00::200:0:0:11', 8765, 0, 0): b' 1213,17,13,1280,0,183,3,4,7,1,1,-52,2,1770,17437,67,0,0 '
Received from ('fd00::200:0:0:e', 8765, 0, 0): b' 1212,14,10,1280,0,187,2,8,7,1,1,-52,0,371,4162,51,0,0 '
Received from ('fd00::200:0:0:b', 8765, 0, 0): b' 1213,11,8,1024,0,163,1,15,7,1,1,-70,0,279,5603,38,0,0 '
Received from ('fd00::200:0:0:d', 8765, 0, 0): b' 1215,13,9,1024,0,199,2,3,7,1,1,-52,4,2370,18511,70,0,0 '
Received from ('fd00::200:0:0:6', 8765, 0, 0): b' 1215,6,3,768,0,196,3,1,7,1,1,-70,5,1139,9028,78,0,0 '
Received from ('fd00::200:0:0:7', 8765, 0, 0): b' 1215,7,2,768,0,205,7,5,7,1,2,-70,0,825,13104,75,0,0 '
Received from ('fd00::200:0:0:a', 8765, 0, 0): b' 1215,10,6,1024,0,191,2,3,7,1,1,-52,4,1069,9127,74,0,0 '
Received from ('fd00::200:0:0:9', 8765, 0, 0): b' 1216,9,5,768,0,182,3,3,7,1,2,-52,5,1456,10377,73,0,0 '
Received from ('fd00::200:0:0:3', 8765, 0, 0): b' 1217,3,1,512,0,179,5,1,7,1,1,-64,6,1995,12607,80,0,0 '
Received from ('fd00::200:0:0:13', 8765, 0, 0): b' 1214,19,15,1536,0,183,4,6,7,1,2,-52,0,469,4334,60,0,0 '
Received from ('fd00::200:0:0:10', 8765, 0, 0): b' 1216,16,13,1280,0,189,4,10,7,1,2,-70,0,469,5373,48,0,0 '
Received from ('fd00::200:0:0:8', 8765, 0, 0): b' 1216,8,5,768,0,184,3,5,7,1,1,-70,2,1888,19918,78,0,0 '
Received from ('fd00::200:0:0:1', 5678, 0, 0): b' 1218,1,0,256,0,6,0,0,4,0,0,0,10,1665,16363,1325,0,0 '
Received from ('fd00::200:0:0:2', 8765, 0, 0): b' 1218,2,1,512,0,171,5,1,6,1,1,-88,1,1189,17723,81,0,0 '
Received from ('fd00::200:0:0:f', 8765, 0, 0): b' 1216,15,10,1280,0,191,2,3,7,1,1,-70,2,1431,18052,73,0,0 '
Received from ('fd00::200:0:0:4', 8765, 0, 0): b' 1219,4,1,512,0,197,5,1,7,1,1,-66,0,872,13812,81,0,0 '
Received from ('fd00::200:0:0:12', 8765, 0, 0): b' 1218,18,15,1536,0,207,3,5,5,1,1,-70,0,385,6022,64,0,0 '
Received from ('fd00::200:0:0:d', 8765, 0, 0): b' 1221,13,9,1024,10,201,2,3,7,1,1,-52,4,1163,10344,71,0,0 '
Received from ('fd00::200:0:0:3', 8765, 0, 0): b' 1222,3,1,512,10,182,5,1,7,1,1,-64,6,1552,10427,81,0,0 '
Received from ('fd00::200:0:0:6', 8765, 0, 0): b' 1222,6,3,768,10,197,3,1,7,1,1,-70,5,1457,11302,78,0,0 '
Received from ('fd00::200:0:0:9', 8765, 0, 0): b' 1221,9,5,768,10,183,3,3,7,1,2,-52,5,1212,10241,74,0,0 '
Received from ('fd00::200:0:0:13', 8765, 0, 0): b' 1220,19,15,1536,0,185,4,6,7,1,2,-52,0,524,5142,61,0,0 '
Received from ('fd00::200:0:0:7', 8765, 0, 0): b' 1222,7,2,768,0,207,7,5,7,1,2,-70,0,514,8477,75,0,0 '
Received from ('fd00::200:0:0:c', 8765, 0, 0): b' 1221,12,8,1024,0,177,2,15,6,1,1,-52,0,982,11364,40,0,0 '
Received from ('fd00::200:0:0:a', 8765, 0, 0): b' 1221,10,6,1024,10,191,2,3,7,1,1,-52,4,1373,12294,74,0,0 '
Received from ('fd00::200:0:0:1', 5678, 0, 0): b' 1223,1,0,256,0,6,0,0,4,0,0,0,10,1653,14067,1338,0,0 '
Received from ('fd00::200:0:0:e', 8765, 0, 0): b' 1220,14,10,1280,0,189,2,8,7,1,1,-52,0,670,7657,52,0,0 '
Received from ('fd00::200:0:0:15', 8765, 0, 0): b' 1220,21,17,1536,10,182,3,7,5,1,2,-52,0,530,9033,58,0,0 '
Received from ('fd00::200:0:0:14', 8765, 0, 0): b' 1221,20,17,1536,0,196,4,5,7,1,2,-70,0,800,10030,63,0,0 '
Received from ('fd00::200:0:0:5', 8765, 0, 0): b' 1223,5,1,512,40,216,5,1,6,1,1,-94,9,4318,26989,82,0,0 '
Received from ('fd00::200:0:0:8', 8765, 0, 0): b' 1222,8,5,768,0,184,3,5,7,1,1,-70,2,770,10690,78,0,0 '
Received from ('fd00::200:0:0:b', 8765, 0, 0): b' 1223,11,8,1024,0,166,1,15,7,1,1,-70,0,703,9886,39,0,0 '
Received from ('fd00::200:0:0:3', 8765, 0, 0): b' 1226,3,1,512,0,182,5,1,7,1,1,-64,6,1159,8350,81,0,0 '
Received from ('fd00::200:0:0:2', 8765, 0, 0): b' 1226,2,1,512,0,172,5,1,6,1,1,-88,1,823,12355,82,0,0 '
Received from ('fd00::200:0:0:10', 8765, 0, 0): b' 1224,16,13,1280,0,189,4,10,7,1,2,-70,0,457,7726,49,0,0 '
Received from ('fd00::200:0:0:11', 8765, 0, 0): b' 1226,17,13,1280,0,188,3,4,7,1,1,-52,2,2056,20188,68,0,0 '
Received from ('fd00::200:0:0:e', 8765, 0, 0): b' 1226,14,10,1280,0,191,2,8,7,1,1,-52,0,492,5583,52,0,0 '
Received from ('fd00::200:0:0:15', 8765, 0, 0): b' 1227,21,17,1536,10,184,3,7,5,1,2,-52,0,549,6285,58,0,0 '
Received from ('fd00::200:0:0:1', 5678, 0, 0): b' 1229,1,0,256,0,6,0,0,4,0,0,0,10,1376,13776,1345,0,0 '
Received from ('fd00::200:0:0:d', 8765, 0, 0): b' 1228,13,9,1024,0,203,2,3,7,1,1,-52,4,1673,12644,71,0,0 '
Received from ('fd00::200:0:0:4', 8765, 0, 0): b' 1230,4,1,512,0,200,5,1,7,1,1,-66,0,817,12858,82,0,0 '
Received from ('fd00::200:0:0:12', 8765, 0, 0): b' 1227,18,15,1536,0,210,3,5,5,1,1,-70,0,703,8548,65,0,0 '
Received from ('fd00::200:0:0:a', 8765, 0, 0): b' 1230,10,6,1024,10,192,2,3,7,1,1,-52,4,1452,15582,75,0,0 '
Received from ('fd00::200:0:0:f', 8765, 0, 0): b' 1228,15,10,1280,0,194,2,3,7,1,1,-70,2,1989,22190,74,0,0 '
Received from ('fd00::200:0:0:9', 8765, 0, 0): b' 1230,9,5,768,10,185,3,3,7,1,2,-52,5,1783,15164,74,0,0 '
Received from ('fd00::200:0:0:6', 8765, 0, 0): b' 1231,6,3,768,0,199,3,1,7,1,1,-70,5,2169,17136,79,0,0 '
Received from ('fd00::200:0:0:5', 8765, 0, 0): b' 1231,5,1,512,0,218,5,1,6,1,1,-94,9,2140,16120,82,0,0 '
Received from ('fd00::200:0:0:14', 8765, 0, 0): b' 1231,20,17,1536,0,201,4,5,7,1,2,-70,0,959,9740,63,0,0 '
Received from ('fd00::200:0:0:c', 8765, 0, 0): b' 1232,12,8,1024,0,179,2,15,6,1,1,-52,0,694,10115,41,0,0 '
Received from ('fd00::200:0:0:13', 8765, 0, 0): b' 1231,19,15,1536,10,187,4,6,7,1,2,-52,0,457,9492,61,0,0 '
Received from ('fd00::200:0:0:b', 8765, 0, 0): b' 1231,11,8,1024,10,169,1,15,7,1,1,-70,0,613,7558,39,0,0 '
Received from ('fd00::200:0:0:2', 8765, 0, 0): b' 1233,2,1,512,10,173,5,1,6,1,1,-88,1,717,11286,82,0,0 '
Received from ('fd00::200:0:0:d', 8765, 0, 0): b' 1233,13,9,1024,0,204,2,3,7,1,1,-52,4,673,7244,71,0,0 '
Received from ('fd00::200:0:0:7', 8765, 0, 0): b' 1233,7,2,768,0,209,7,5,7,1,2,-70,0,718,12930,76,0,0 '
Received from ('fd00::200:0:0:10', 8765, 0, 0): b' 1234,16,13,1280,0,192,4,10,7,1,2,-70,0,745,9044,49,0,0 '
Received from ('fd00::200:0:0:a', 8765, 0, 0): b' 1234,10,6,1024,10,192,2,3,7,1,1,-52,4,952,9747,75,0,0 '
Received from ('fd00::200:0:0:8', 8765, 0, 0): b' 1234,8,5,768,0,187,3,5,7,1,1,-70,2,1984,23026,79,0,0 '
Received from ('fd00::200:0:0:12', 8765, 0, 0): b' 1233,18,15,1536,10,211,3,5,5,1,1,-70,0,458,5236,65,0,0 '
Received from ('fd00::200:0:0:11', 8765, 0, 0): b' 1235,17,13,1280,0,189,3,4,7,1,1,-52,2,1400,15045,69,0,0 '
Received from ('fd00::200:0:0:3', 8765, 0, 0): b' 1237,3,1,512,10,184,5,1,7,1,1,-64,6,2663,20369,82,0,0 '
Received from ('fd00::200:0:0:f', 8765, 0, 0): b' 1236,15,10,1280,0,195,2,4,7,1,1,-70,2,1194,13326,75,0,0 '
Received from ('fd00::200:0:0:15', 8765, 0, 0): b' 1237,21,17,1536,0,186,3,7,5,1,2,-52,0,694,8832,59,0,0 '
Received from ('fd00::200:0:0:d', 8765, 0, 0): b' 1238,13,9,1024,0,205,2,3,7,1,1,-52,4,1364,8874,72,0,0 '
Received from ('fd00::200:0:0:6', 8765, 0, 0): b' 1238,6,3,768,0,199,3,1,7,1,1,-70,5,1353,11593,79,0,0 '
Received from ('fd00::200:0:0:1', 5678, 0, 0): b' 1239,1,0,256,0,6,0,0,4,0,0,0,10,2319,23067,1358,0,0 '
Received from ('fd00::200:0:0:7', 8765, 0, 0): b' 1238,7,2,768,0,210,7,5,7,1,2,-70,0,383,6747,76,0,0 '
Received from ('fd00::200:0:0:9', 8765, 0, 0): b' 1237,9,5,768,0,186,3,3,7,1,2,-52,5,1963,13765,75,0,0 '
Received from ('fd00::200:0:0:e', 8765, 0, 0): b' 1238,14,10,1280,0,195,2,8,7,1,1,-52,0,931,10826,53,0,0 '
Received from ('fd00::200:0:0:13', 8765, 0, 0): b' 1238,19,15,1536,0,190,4,6,7,1,2,-52,0,860,7707,62,0,0 '
Received from ('fd00::200:0:0:4', 8765, 0, 0): b' 1240,4,1,512,0,202,5,1,7,1,1,-66,0,710,12455,83,0,0 '
Received from ('fd00::200:0:0:2', 8765, 0, 0): b' 1241,2,1,512,0,175,5,1,6,1,1,-88,1,1116,13214,83,0,0 '
Received from ('fd00::200:0:0:5', 8765, 0, 0): b' 1241,5,1,512,0,220,5,1,6,1,1,-94,9,3397,23959,83,0,0 '
Received from ('fd00::200:0:0:a', 8765, 0, 0): b' 1241,10,6,1024,10,193,2,3,7,1,1,-52,4,1771,14551,76,0,0 '
Received from ('fd00::200:0:0:b', 8765, 0, 0): b' 1240,11,8,1024,0,170,1,15,7,1,1,-70,0,670,8839,40,0,0 '
Received from ('fd00::200:0:0:11', 8765, 0, 0): b' 1242,17,13,1280,0,192,3,4,7,1,1,-52,2,1151,11436,69,0,0 '
Received from ('fd00::200:0:0:f', 8765, 0, 0): b' 1241,15,10,1280,0,198,2,4,7,1,1,-70,2,1182,10509,75,0,0 '
Received from ('fd00::200:0:0:c', 8765, 0, 0): b' 1241,12,8,1024,10,181,2,15,6,1,1,-52,0,490,8797,42,0,0 '
Received from ('fd00::200:0:0:14', 8765, 0, 0): b' 1242,20,17,1536,0,204,4,5,7,1,2,-70,0,1010,10654,64,0,0 '
Received from ('fd00::200:0:0:12', 8765, 0, 0): b' 1241,18,15,1536,10,215,3,5,5,1,1,-70,0,624,6686,66,0,0 '
Received from ('fd00::200:0:0:8', 8765, 0, 0): b' 1243,8,5,768,10,191,3,5,7,1,1,-70,2,1663,17111,80,0,0 '
Received from ('fd00::200:0:0:6', 8765, 0, 0): b' 1245,6,3,768,0,202,3,1,7,1,1,-70,5,1959,13091,80,0,0 '
Received from ('fd00::200:0:0:10', 8765, 0, 0): b' 1245,16,13,1280,10,193,4,10,7,1,2,-70,0,587,9944,50,0,0 '
Received from ('fd00::200:0:0:d', 8765, 0, 0): b' 1247,13,9,1024,0,207,2,3,7,1,1,-52,4,1541,15267,72,0,0 '
Received from ('fd00::200:0:0:3', 8765, 0, 0): b' 1247,3,1,512,0,185,5,1,7,1,1,-64,6,2425,19354,82,0,0 '
Received from ('fd00::200:0:0:c', 8765, 0, 0): b' 1247,12,8,1024,0,183,2,15,6,1,1,-52,0,601,6039,42,0,0 '
Received from ('fd00::200:0:0:7', 8765, 0, 0): b' 1249,7,2,768,0,213,7,5,7,1,2,-70,0,825,12064,77,0,0 '
Received from ('fd00::200:0:0:b', 8765, 0, 0): b' 1246,11,8,1024,0,172,1,15,7,1,1,-70,0,492,5704,40,0,0 '
Received from ('fd00::200:0:0:12', 8765, 0, 0): b' 1247,18,15,1536,10,219,3,5,5,1,1,-70,0,656,6442,66,0,0 '
Received from ('fd00::200:0:0:5', 8765, 0, 0): b' 1248,5,1,512,10,220,5,1,6,1,1,-94,9,2195,15641,83,0,0 '
Received from ('fd00::200:0:0:9', 8765, 0, 0): b' 1247,9,5,768,0,189,3,3,7,1,2,-52,5,1546,16852,75,0,0 '
Received from ('fd00::200:0:0:6', 8765, 0, 0): b' 1249,6,3,768,20,205,3,1,7,1,1,-70,5,602,6723,80,0,0 '
Received from ('fd00::200:0:0:1', 5678, 0, 0): b' 1250,1,0,256,0,6,0,0,4,0,0,0,10,2394,26102,1370,0,0 '
Received from ('fd00::200:0:0:15', 8765, 0, 0): b' 1248,21,17,1536,0,189,3,7,5,1,2,-52,0,768,10727,59,0,0 '
Received from ('fd00::200:0:0:4', 8765, 0, 0): b' 1250,4,1,512,10,207,5,1,7,1,1,-66,0,1025,13257,84,0,0 '
Received from ('fd00::200:0:0:e', 8765, 0, 0): b' 1250,14,10,1280,0,198,2,8,7,1,1,-52,0,825,11434,54,0,0 '
Received from ('fd00::200:0:0:14', 8765, 0, 0): b' 1249,20,17,1536,0,207,4,5,7,1,2,-70,0,681,7423,65,0,0 '
Received from ('fd00::200:0:0:2', 8765, 0, 0): b' 1251,2,1,512,0,175,5,1,6,1,1,-88,1,1093,16754,84,0,0 '
Received from ('fd00::200:0:0:13', 8765, 0, 0): b' 1249,19,15,1536,10,194,4,6,7,1,2,-52,0,875,10996,63,0,0 '
Received from ('fd00::200:0:0:11', 8765, 0, 0): b' 1253,17,13,1280,0,196,3,4,7,1,1,-52,2,2097,17907,70,0,0 '
Received from ('fd00::200:0:0:a', 8765, 0, 0): b' 1253,10,6,1024,10,196,2,3,7,1,1,-52,4,2475,24068,76,0,0 '
Received from ('fd00::200:0:0:f', 8765, 0, 0): b' 1253,15,10,1280,10,201,2,4,7,1,1,-70,2,1817,21932,76,0,0 '
Received from ('fd00::200:0:0:8', 8765, 0, 0): b' 1253,8,5,768,0,195,3,5,7,1,1,-70,2,1796,20416,80,0,0 '
Received from ('fd00::200:0:0:3', 8765, 0, 0): b' 1254,3,1,512,0,185,5,1,7,1,1,-64,6,1783,13943,83,0,0 '
Received from ('fd00::200:0:0:b', 8765, 0, 0): b' 1253,11,8,1024,0,175,1,15,7,1,1,-70,0,680,7694,41,0,0 '
Received from ('fd00::200:0:0:15', 8765, 0, 0): b' 1255,21,17,1536,10,193,3,7,5,1,2,-52,0,656,6532,60,0,0 '
Received from ('fd00::200:0:0:1', 5678, 0, 0): b' 1256,1,0,256,0,6,0,0,4,0,0,0,10,1643,15024,1382,0,0 '
Received from ('fd00::200:0:0:e', 8765, 0, 0): b' 1254,14,10,1280,0,199,2,8,7,1,1,-52,0,362,4058,54,0,0 '
Received from ('fd00::200:0:0:14', 8765, 0, 0): b' 1255,20,17,1536,0,209,4,5,7,1,2,-70,0,492,5986,65,0,0 '
Received from ('fd00::200:0:0:10', 8765, 0, 0): b' 1256,16,13,1280,0,196,4,10,7,1,2,-70,0,826,10749,51,0,0 '
Received from ('fd00::200:0:0:c', 8765, 0, 0): b' 1256,12,8,1024,0,185,2,15,6,1,1,-52,0,669,8518,43,0,0 '
Received from ('fd00::200:0:0:d', 8765, 0, 0): b' 1256,13,9,1024,0,208,2,3,7,1,1,-52,4,2325,18465,73,0,0 '
Received from ('fd00::200:0:0:12', 8765, 0, 0): b' 1256,18,15,1536,10,223,3,5,5,1,1,-70,0,902,9099,67,0,0 '
Received from ('fd00::200:0:0:4', 8765, 0, 0): b' 1258,4,1,512,0,209,5,1,7,1,1,-66,0,516,9948,84,0,0 '
Received from ('fd00::200:0:0:7', 8765, 0, 0): b' 1258,7,2,768,0,217,7,5,7,1,2,-70,0,808,12851,78,0,0 '
Received from ('fd00::200:0:0:5', 8765, 0, 0): b' 1259,5,1,512,0,224,5,1,6,1,1,-94,9,3863,25273,84,0,0 '
Received from ('fd00::200:0:0:6', 8765, 0, 0): b' 1259,6,3,768,20,208,3,1,7,1,1,-70,5,2691,19350,81,0,0 '
Received from ('fd00::200:0:0:13', 8765, 0, 0): b' 1258,19,15,1536,0,197,4,6,7,1,2,-52,0,681,8238,63,0,0 '
Received from ('fd00::200:0:0:9', 8765, 0, 0): b' 1259,9,5,768,0,190,3,3,7,1,2,-52,5,2311,20310,76,0,0 '
Received from ('fd00::200:0:0:11', 8765, 0, 0): b' 1261,17,13,1280,0,197,3,4,7,1,1,-52,2,1197,13057,70,0,0 '
Received from ('fd00::200:0:0:f', 8765, 0, 0): b' 1261,15,10,1280,0,201,2,4,7,1,1,-70,2,1318,15915,76,0,0 '
Received from ('fd00::200:0:0:a', 8765, 0, 0): b' 1261,10,6,1024,20,199,2,3,7,1,1,-52,4,1702,16871,77,0,0 '
Received from ('fd00::200:0:0:4', 8765, 0, 0): b' 1263,4,1,512,0,210,5,1,7,1,1,-66,0,452,5657,84,0,0 '
Received from ('fd00::200:0:0:2', 8765, 0, 0): b' 1264,2,1,512,0,177,5,1,6,1,1,-88,1,1330,18474,85,0,0 '
Received from ('fd00::200:0:0:b', 8765, 0, 0): b' 1262,11,8,1024,0,177,1,15,7,1,1,-70,0,735,8409,42,0,0 '
Received from ('fd00::200:0:0:12', 8765, 0, 0): b' 1262,18,15,1536,0,225,3,5,5,1,1,-70,0,600,6186,67,0,0 '
Received from ('fd00::200:0:0:e', 8765, 0, 0): b' 1263,14,10,1280,0,201,2,8,7,1,1,-52,0,613,8681,54,0,0 '
Received from ('fd00::200:0:0:15', 8765, 0, 0): b' 1264,21,17,1536,0,196,3,7,5,1,2,-52,0,852,8857,60,0,0 '
Received from ('fd00::200:0:0:14', 8765, 0, 0): b' 1264,20,17,1536,0,212,4,5,7,1,2,-70,0,720,8534,65,0,0 '
Received from ('fd00::200:0:0:3', 8765, 0, 0): b' 1266,3,1,512,10,186,5,1,7,1,1,-64,6,2740,21604,84,0,0 '
Received from ('fd00::200:0:0:1', 5678, 0, 0): b' 1267,1,0,256,0,6,0,0,4,0,0,0,10,2578,25833,1397,0,0 '
Received from ('fd00::200:0:0:f', 8765, 0, 0): b' 1265,15,10,1280,0,202,2,4,7,1,1,-70,2,823,8924,77,0,0 '
Received from ('fd00::200:0:0:8', 8765, 0, 0): b' 1266,8,5,768,0,198,3,5,7,1,1,-70,2,1982,23073,81,0,0 '
Received from ('fd00::200:0:0:9', 8765, 0, 0): b' 1266,9,5,768,0,194,3,3,7,1,2,-52,5,1768,13034,77,0,0 '
Received from ('fd00::200:0:0:6', 8765, 0, 0): b' 1267,6,3,768,10,210,3,1,7,1,1,-70,5,2036,15262,81,0,0 '
Received from ('fd00::200:0:0:10', 8765, 0, 0): b' 1266,16,13,1280,0,201,4,10,7,1,2,-70,0,960,10773,51,0,0 '
Received from ('fd00::200:0:0:13', 8765, 0, 0): b' 1265,19,15,1536,0,199,4,6,7,1,2,-52,0,669,7812,64,0,0 '
Received from ('fd00::200:0:0:11', 8765, 0, 0): b' 1268,17,13,1280,0,199,3,4,7,1,1,-52,2,1368,12148,71,0,0 '
Received from ('fd00::200:0:0:e', 8765, 0, 0): b' 1267,14,10,1280,0,201,2,8,7,1,1,-52,0,213,4017,55,0,0 '
Received from ('fd00::200:0:0:2', 8765, 0, 0): b' 1268,2,1,512,0,177,5,1,6,1,1,-88,1,460,7356,85,0,0 '
Received from ('fd00::200:0:0:c', 8765, 0, 0): b' 1268,12,8,1024,0,188,2,15,6,1,1,-52,0,838,11379,43,0,0 '
Received from ('fd00::200:0:0:d', 8765, 0, 0): b' 1269,13,9,1024,0,209,2,3,7,1,1,-52,4,2164,20399,74,0,0 '
Received from ('fd00::200:0:0:5', 8765, 0, 0): b' 1269,5,1,512,10,228,5,1,6,1,1,-94,9,3542,23689,85,0,0 '
Received from ('fd00::200:0:0:7', 8765, 0, 0): b' 1269,7,2,768,10,222,7,5,7,1,2,-70,0,985,13977,78,0,0 '
Received from ('fd00::200:0:0:b', 8765, 0, 0): b' 1269,11,8,1024,0,180,1,15,7,1,1,-70,0,623,7400,42,0,0 '
Received from ('fd00::200:0:0:a', 8765, 0, 0): b' 1270,10,6,1024,0,199,2,3,7,1,1,-52,4,2069,18545,78,0,0 '
Received from ('fd00::200:0:0:4', 8765, 0, 0): b' 1273,4,1,512,0,213,5,1,7,1,1,-66,0,886,13141,85,0,0 '
Received from ('fd00::200:0:0:3', 8765, 0, 0): b' 1273,3,1,512,0,186,5,1,7,1,1,-64,6,1839,13878,84,0,0 '
Received from ('fd00::200:0:0:1', 5678, 0, 0): b' 1274,1,0,256,0,6,0,0,4,0,0,0,10,1483,16560,1405,0,0 '
Received from ('fd00::200:0:0:12', 8765, 0, 0): b' 1272,18,15,1536,0,227,3,5,5,1,1,-70,0,693,9737,68,0,0 '
Received from ('fd00::200:0:0:9', 8765, 0, 0): b' 1273,9,5,768,0,197,3,3,7,1,2,-52,5,1222,10923,77,0,0 '
Received from ('fd00::200:0:0:f', 8765, 0, 0): b' 1273,15,10,1280,0,203,2,4,7,1,1,-70,2,1165,14565,77,0,0 '
Received from ('fd00::200:0:0:d', 8765, 0, 0): b' 1273,13,9,1024,0,209,2,3,7,1,1,-52,4,544,7146,74,0,0 '
Received from ('fd00::200:0:0:6', 8765, 0, 0): b' 1275,6,3,768,20,213,3,1,7,1,1,-70,5,1888,13934,82,0,0 '
Received from ('fd00::200:0:0:14', 8765, 0, 0): b' 1274,20,17,1536,0,215,4,5,7,1,2,-70,0,703,9889,66,0,0 '
Received from ('fd00::200:0:0:13', 8765, 0, 0): b' 1273,19,15,1536,0,202,4,6,7,1,2,-52,0,624,7582,64,0,0 '
Received from ('fd00::200:0:0:7', 8765, 0, 0): b' 1275,7,2,768,0,222,7,5,7,1,2,-70,0,361,7004,79,0,0 '
Received from ('fd00::200:0:0:5', 8765, 0, 0): b' 1275,5,1,512,20,231,5,1,6,1,1,-94,9,1942,14507,85,0,0 '
Received from ('fd00::200:0:0:e', 8765, 0, 0): b' 1275,14,10,1280,10,203,2,8,7,1,1,-52,0,613,7822,55,0,0 '
Received from ('fd00::200:0:0:15', 8765, 0, 0): b' 1275,21,17,1536,0,199,3,7,5,1,2,-52,0,824,11319,61,0,0 '
Received from ('fd00::200:0:0:a', 8765, 0, 0): b' 1276,10,6,1024,0,203,2,3,7,1,1,-52,4,1617,11680,78,0,0 '
Received from ('fd00::200:0:0:8', 8765, 0, 0): b' 1276,8,5,768,10,199,3,5,7,1,1,-70,2,1342,17620,82,0,0 '
Received from ('fd00::200:0:0:b', 8765, 0, 0): b' 1276,11,8,1024,0,182,1,15,7,1,1,-70,0,493,6269,42,0,0 '
Received from ('fd00::200:0:0:10', 8765, 0, 0): b' 1277,16,13,1280,0,205,4,10,7,1,2,-70,0,934,10929,52,0,0 '
Received from ('fd00::200:0:0:13', 8765, 0, 0): b' 1278,19,15,1536,0,203,4,6,7,1,2,-52,0,361,4502,64,0,0 '
Received from ('fd00::200:0:0:c', 8765, 0, 0): b' 1278,12,8,1024,10,191,2,15,6,1,1,-52,0,694,10047,44,0,0 '
Received from ('fd00::200:0:0:2', 8765, 0, 0): b' 1279,2,1,512,0,178,5,1,6,1,1,-88,1,1286,17277,86,0,0 '
Received from ('fd00::200:0:0:3', 8765, 0, 0): b' 1279,3,1,512,10,188,5,1,7,1,1,-64,6,1642,10967,84,0,0 '
Received from ('fd00::200:0:0:11', 8765, 0, 0): b' 1278,17,13,1280,10,199,3,4,7,1,1,-52,2,1170,16303,71,0,0 '
Received from ('fd00::200:0:0:15', 8765, 0, 0): b' 1281,21,17,1536,0,200,3,7,5,1,2,-52,0,418,5455,62,0,0 '
Received from ('fd00::200:0:0:e', 8765, 0, 0): b' 1281,14,10,1280,0,205,2,8,7,1,1,-52,0,573,6173,56,0,0 '
Received from ('fd00::200:0:0:10', 8765, 0, 0): b' 1282,16,13,1280,0,205,4,10,7,1,2,-70,0,256,3835,52,0,0 '
Received from ('fd00::200:0:0:5', 8765, 0, 0): b' 1283,5,1,512,10,233,5,1,6,1,1,-94,9,2603,17764,86,0,0 '
Received from ('fd00::200:0:0:9', 8765, 0, 0): b' 1283,9,5,768,0,202,3,3,7,1,2,-52,5,2758,19292,78,0,0 '
Received from ('fd00::200:0:0:6', 8765, 0, 0): b' 1284,6,3,768,0,214,3,1,7,1,1,-70,5,1984,16295,82,0,0 '
Received from ('fd00::200:0:0:1', 5678, 0, 0): b' 1284,1,0,256,0,6,0,0,4,0,0,0,10,2639,25611,1419,0,0 '
Received from ('fd00::200:0:0:4', 8765, 0, 0): b' 1284,4,1,512,0,214,5,1,7,1,1,-66,0,697,14018,86,0,0 '
Received from ('fd00::200:0:0:8', 8765, 0, 0): b' 1285,8,5,768,0,201,3,5,7,1,1,-70,2,1475,17165,82,0,0 '
Received from ('fd00::200:0:0:d', 8765, 0, 0): b' 1284,13,9,1024,0,216,2,3,7,1,1,-52,4,2924,21465,75,0,0 '
Received from ('fd00::200:0:0:f', 8765, 0, 0): b' 1284,15,10,1280,0,207,2,4,7,1,1,-70,2,1825,21121,78,0,0 '
Received from ('fd00::200:0:0:2', 8765, 0, 0): b' 1285,2,1,512,10,180,5,1,6,1,1,-88,1,524,8544,86,0,0 '
Received from ('fd00::200:0:0:14', 8765, 0, 0): b' 1285,20,17,1536,10,219,4,5,7,1,2,-70,0,907,10611,67,0,0 '
Received from ('fd00::200:0:0:7', 8765, 0, 0): b' 1285,7,2,768,0,226,7,5,7,1,2,-70,0,848,12795,79,0,0 '
Received from ('fd00::200:0:0:12', 8765, 0, 0): b' 1284,18,15,1536,10,231,3,5,5,1,1,-70,0,851,10721,68,0,0 '
Received from ('fd00::200:0:0:e', 8765, 0, 0): b' 1286,14,10,1280,0,205,2,8,7,1,1,-52,0,254,3900,56,0,0 '
Received from ('fd00::200:0:0:b', 8765, 0, 0): b' 1285,11,8,1024,0,186,1,15,7,1,1,-70,0,883,8978,43,0,0 '
Received from ('fd00::200:0:0:a', 8765, 0, 0): b' 1286,10,6,1024,10,207,2,3,7,1,1,-52,4,2518,21792,79,0,0 '
Received from ('fd00::200:0:0:11', 8765, 0, 0): b' 1287,17,13,1280,0,201,3,4,7,1,1,-52,2,1572,14878,72,0,0 '
Received from ('fd00::200:0:0:13', 8765, 0, 0): b' 1286,19,15,1536,0,204,4,6,7,1,2,-52,0,562,7549,65,0,0 '
Received from ('fd00::200:0:0:c', 8765, 0, 0): b' 1287,12,8,1024,10,191,2,15,6,1,1,-52,0,564,8355,45,0,0 '
Received from ('fd00::200:0:0:15', 8765, 0, 0): b' 1288,21,17,1536,0,203,3,7,5,1,2,-52,0,623,6422,62,0,0 '
Received from ('fd00::200:0:0:4', 8765, 0, 0): b' 1289,4,1,512,0,216,5,1,7,1,1,-66,0,466,6424,86,0,0 '
Received from ('fd00::200:0:0:3', 8765, 0, 0): b' 1290,3,1,512,0,189,5,1,7,1,1,-64,6,2586,19721,85,0,0 '
Received from ('fd00::200:0:0:2', 8765, 0, 0): b' 1290,2,1,512,0,181,5,1,6,1,1,-88,1,1001,8048,86,0,0 '
Received from ('fd00::200:0:0:10', 8765, 0, 0): b' 1289,16,13,1280,0,209,4,10,7,1,2,-70,0,787,8022,53,0,0 '
Received from ('fd00::200:0:0:14', 8765, 0, 0): b' 1290,20,17,1536,0,221,4,5,7,1,2,-70,0,494,5341,67,0,0 '
Received from ('fd00::200:0:0:a', 8765, 0, 0): b' 1290,10,6,1024,0,207,2,3,7,1,1,-52,4,637,7919,79,0,0 '
Received from ('fd00::200:0:0:9', 8765, 0, 0): b' 1291,9,5,768,0,202,3,3,7,1,2,-52,5,1478,13536,78,0,0 '
Received from ('fd00::200:0:0:8', 8765, 0, 0): b' 1292,8,5,768,0,204,3,5,7,1,1,-70,2,1351,13396,83,0,0 '
Received from ('fd00::200:0:0:7', 8765, 0, 0): b' 1291,7,2,768,10,229,7,5,7,1,2,-70,0,681,7869,80,0,0 '
Received from ('fd00::200:0:0:c', 8765, 0, 0): b' 1292,12,8,1024,0,193,2,15,6,1,1,-52,0,493,5365,45,0,0 '
Received from ('fd00::200:0:0:6', 8765, 0, 0): b' 1292,6,3,768,10,214,3,1,7,1,1,-70,5,1689,15358,83,0,0 '
Received from ('fd00::200:0:0:12', 8765, 0, 0): b' 1291,18,15,1536,0,234,3,5,5,1,1,-70,0,681,7788,69,0,0 '
Received from ('fd00::200:0:0:f', 8765, 0, 0): b' 1292,15,10,1280,10,211,2,4,7,1,1,-70,2,1471,15126,78,0,0 '
Received from ('fd00::200:0:0:5', 8765, 0, 0): b' 1295,5,1,512,10,234,5,1,6,1,1,-94,9,3476,24414,86,0,0 '
Received from ('fd00::200:0:0:e', 8765, 0, 0): b' 1293,14,10,1280,10,205,2,8,7,1,1,-52,0,278,6909,56,0,0 '
Received from ('fd00::200:0:0:11', 8765, 0, 0): b' 1294,17,13,1280,10,204,3,4,7,1,1,-52,2,1210,11650,72,0,0 '
Received from ('fd00::200:0:0:1', 5678, 0, 0): b' 1296,1,0,256,0,6,0,0,4,0,0,0,10,2718,27446,1432,0,0 '
Received from ('fd00::200:0:0:4', 8765, 0, 0): b' 1296,4,1,512,10,220,5,1,7,1,1,-66,0,671,8032,87,0,0 '
Received from ('fd00::200:0:0:b', 8765, 0, 0): b' 1296,11,8,1024,10,189,1,15,7,1,1,-70,0,800,10130,44,0,0 '
Received from ('fd00::200:0:0:10', 8765, 0, 0): b' 1295,16,13,1280,0,211,4,10,7,1,2,-70,0,493,6109,53,0,0 '
Received from ('fd00::200:0:0:13', 8765, 0, 0): b' 1297,19,15,1536,0,205,4,6,7,1,2,-52,0,489,9624,66,0,0 '
Received from ('fd00::200:0:0:2', 8765, 0, 0): b' 1298,2,1,512,0,181,5,1,6,1,1,-88,1,717,12109,87,0,0 '
Received from ('fd00::200:0:0:d', 8765, 0, 0): b' 1295,13,9,1024,0,219,2,3,7,1,1,-52,4,2719,20416,76,0,0 '
Received from ('fd00::200:0:0:3', 8765, 0, 0): b' 1298,3,1,512,0,189,5,1,7,1,1,-64,6,1891,15990,86,0,0 '
Received from ('fd00::200:0:0:15', 8765, 0, 0): b' 1297,21,17,1536,10,209,3,7,5,1,2,-52,0,1097,10049,63,0,0 '
Received from ('fd00::200:0:0:1', 5678, 0, 0): b' 1300,1,0,256,0,6,0,0,4,0,0,0,10,1157,10111,1440,0,0 '
Received from ('fd00::200:0:0:11', 8765, 0, 0): b' 1299,17,13,1280,0,206,3,4,7,1,1,-52,2,1292,10416,73,0,0 '
Received from ('fd00::200:0:0:7', 8765, 0, 0): b' 1300,7,2,768,0,232,7,5,7,1,2,-70,0,742,10937,80,0,0 '
Received from ('fd00::200:0:0:6', 8765, 0, 0): b' 1300,6,3,768,0,216,3,1,7,1,1,-70,5,2018,15129,84,0,0 '
Received from ('fd00::200:0:0:5', 8765, 0, 0): b' 1300,5,1,512,0,236,5,1,6,1,1,-94,9,2465,15992,87,0,0 '
Received from ('fd00::200:0:0:e', 8765, 0, 0): b' 1300,14,10,1280,10,208,2,8,7,1,1,-52,0,643,6685,57,0,0 '
Received from ('fd00::200:0:0:8', 8765, 0, 0): b' 1301,8,5,768,0,208,3,5,7,1,1,-70,2,1618,19087,83,0,0 '
Received from ('fd00::200:0:0:f', 8765, 0, 0): b' 1301,15,10,1280,0,213,2,4,7,1,1,-70,2,1412,17223,79,0,0 '
Received from ('fd00::200:0:0:d', 8765, 0, 0): b' 1302,13,9,1024,0,220,2,3,7,1,1,-52,4,1132,10356,76,0,0 '
Received from ('fd00::200:0:0:3', 8765, 0, 0): b' 1303,3,1,512,0,190,5,1,7,1,1,-64,6,1094,7665,86,0,0 '
Received from ('fd00::200:0:0:b', 8765, 0, 0): b' 1302,11,8,1024,0,191,1,15,7,1,1,-70,0,494,6213,44,0,0 '
Received from ('fd00::200:0:0:a', 8765, 0, 0): b' 1302,10,6,1024,0,212,2,3,7,1,1,-52,4,2826,24401,80,0,0 '
Received from ('fd00::200:0:0:9', 8765, 0, 0): b' 1302,9,5,768,10,206,3,3,7,1,2,-52,5,2568,21047,79,0,0 '
Received from ('fd00::200:0:0:14', 8765, 0, 0): b' 1302,20,17,1536,0,225,4,5,7,1,2,-70,0,1028,11628,68,0,0 '
Received from ('fd00::200:0:0:12', 8765, 0, 0): b' 1301,18,15,1536,0,236,3,5,5,1,1,-70,0,637,9294,69,0,0 '
Received from ('fd00::200:0:0:4', 8765, 0, 0): b' 1304,4,1,512,0,221,5,1,7,1,1,-66,0,514,10253,87,0,0 '
Received from ('fd00::200:0:0:c', 8765, 0, 0): b' 1302,12,8,1024,0,198,2,15,6,1,1,-52,0,1014,10909,46,0,0 '
Received from ('fd00::200:0:0:7', 8765, 0, 0): b' 1304,7,2,768,0,232,7,5,7,1,2,-70,0,336,4976,81,0,0 '
Received from ('fd00::200:0:0:5', 8765, 0, 0): b' 1305,5,1,512,10,237,5,1,6,1,1,-94,9,1495,9711,87,0,0 '
Received from ('fd00::200:0:0:10', 8765, 0, 0): b' 1304,16,13,1280,0,214,4,10,7,1,2,-70,0,777,8988,54,0,0 '
Received from ('fd00::200:0:0:11', 8765, 0, 0): b' 1305,17,13,1280,0,206,3,4,7,1,1,-52,2,795,9950,73,0,0 '
Received from ('fd00::200:0:0:2', 8765, 0, 0): b' 1306,2,1,512,0,184,5,1,6,1,1,-88,1,1342,14048,87,0,0 '
Received from ('fd00::200:0:0:13', 8765, 0, 0): b' 1305,19,15,1536,0,209,4,6,7,1,2,-52,0,851,9463,66,0,0 '
Received from ('fd00::200:0:0:f', 8765, 0, 0): b' 1307,15,10,1280,0,214,2,4,7,1,1,-70,2,1083,11410,79,0,0 '
Received from ('fd00::200:0:0:8', 8765, 0, 0): b' 1309,8,5,768,10,210,3,5,7,1,1,-70,2,1478,14665,84,0,0 '
Received from ('fd00::200:0:0:a', 8765, 0, 0): b' 1308,10,6,1024,0,214,2,3,7,1,1,-52,4,1256,11598,80,0,0 '
Received from ('fd00::200:0:0:15', 8765, 0, 0): b' 1307,21,17,1536,10,212,3,7,5,1,2,-52,0,665,9642,63,0,0 '
Received from ('fd00::200:0:0:1', 5678, 0, 0): b' 1309,1,0,256,0,6,0,0,4,0,0,0,10,2031,21391,1446,0,0 '
Received from ('fd00::200:0:0:12', 8765, 0, 0): b' 1308,18,15,1536,0,238,3,5,5,1,1,-70,0,572,6967,70,0,0 '
Received from ('fd00::200:0:0:7', 8765, 0, 0): b' 1310,7,2,768,0,233,7,5,7,1,2,-70,0,382,6851,81,0,0 '
Received from ('fd00::200:0:0:5', 8765, 0, 0): b' 1310,5,1,512,20,238,5,1,6,1,1,-94,9,1673,12524,87,0,0 '
Received from ('fd00::200:0:0:4', 8765, 0, 0): b' 1311,4,1,512,0,221,5,1,7,1,1,-66,0,375,8180,88,0,0 '
Received from ('fd00::200:0:0:6', 8765, 0, 0): b' 1310,6,3,768,0,220,3,1,7,1,1,-70,5,2539,18235,84,0,0 '
Received from ('fd00::200:0:0:2', 8765, 0, 0): b' 1311,2,1,512,10,187,5,1,6,1,1,-88,1,756,7650,88,0,0 '
Received from ('fd00::200:0:0:e', 8765, 0, 0): b' 1311,14,10,1280,0,209,2,8,7,1,1,-52,0,694,10272,58,0,0 '
Received from ('fd00::200:0:0:d', 8765, 0, 0): b' 1310,13,9,1024,10,221,2,3,7,1,1,-52,4,1553,14115,77,0,0 '
Received from ('fd00::200:0:0:b', 8765, 0, 0): b' 1311,11,8,1024,0,193,1,15,7,1,1,-70,0,596,9076,45,0,0 '
Received from ('fd00::200:0:0:14', 8765, 0, 0): b' 1309,20,17,1536,0,230,4,5,7,1,2,-70,0,788,8380,69,0,0 '
Received from ('fd00::200:0:0:9', 8765, 0, 0): b' 1312,9,5,768,20,209,3,3,7,1,2,-52,5,2005,15324,80,0,0 '
Received from ('fd00::200:0:0:a', 8765, 0, 0): b' 1312,10,6,1024,10,215,2,3,7,1,1,-52,4,1132,9269,81,0,0 '
Received from ('fd00::200:0:0:11', 8765, 0, 0): b' 1310,17,13,1280,20,208,3,4,7,1,1,-52,2,1083,9045,74,0,0 '
Received from ('fd00::200:0:0:3', 8765, 0, 0): b' 1314,3,1,512,20,193,5,1,7,1,1,-64,6,3067,21140,87,0,0 '
Received from ('fd00::200:0:0:13', 8765, 0, 0): b' 1312,19,15,1536,0,213,4,6,7,1,2,-52,0,762,6857,67,0,0 '
Received from ('fd00::200:0:0:15', 8765, 0, 0): b' 1312,21,17,1536,10,213,3,7,5,1,2,-52,0,525,5536,64,0,0 '
Received from ('fd00::200:0:0:c', 8765, 0, 0): b' 1314,12,8,1024,0,201,2,15,6,1,1,-52,0,770,10521,46,0,0 '
Received from ('fd00::200:0:0:1', 5678, 0, 0): b' 1316,1,0,256,0,6,0,0,4,0,0,0,10,2032,17112,1462,0,0 '
Received from ('fd00::200:0:0:5', 8765, 0, 0): b' 1316,5,1,512,10,239,5,1,6,1,1,-94,9,2117,13433,88,0,0 '
Received from ('fd00::200:0:0:10', 8765, 0, 0): b' 1315,16,13,1280,10,215,4,10,7,1,2,-70,0,555,10171,55,0,0 '
Received from ('fd00::200:0:0:8', 8765, 0, 0): b' 1316,8,5,768,10,212,3,5,7,1,1,-70,2,1105,13494,84,0,0 '
Received from ('fd00::200:0:0:4', 8765, 0, 0): b' 1317,4,1,512,0,224,5,1,7,1,1,-66,0,693,7951,88,0,0 '
Received from ('fd00::200:0:0:9', 8765, 0, 0): b' 1317,9,5,768,0,211,3,3,7,1,2,-52,5,1316,9175,80,0,0 '
Received from ('fd00::200:0:0:12', 8765, 0, 0): b' 1317,18,15,1536,10,241,3,5,5,1,1,-70,0,623,7898,71,0,0 '
Received from ('fd00::200:0:0:c', 8765, 0, 0): b' 1318,12,8,1024,0,202,2,15,6,1,1,-52,0,321,4435,47,0,0 '
Received from ('fd00::200:0:0:15', 8765, 0, 0): b' 1318,21,17,1536,0,215,3,7,5,1,2,-52,0,493,5423,64,0,0 '
Received from ('fd00::200:0:0:f', 8765, 0, 0): b' 1318,15,10,1280,0,216,2,4,7,1,1,-70,2,1991,22785,80,0,0 '
Received from ('fd00::200:0:0:3', 8765, 0, 0): b' 1320,3,1,512,0,193,6,1,7,1,1,-64,6,1223,11662,87,0,0 '
Received from ('fd00::200:0:0:7', 8765, 0, 0): b' 1320,7,2,768,0,236,7,5,7,1,2,-70,0,825,12681,82,0,0 '
Received from ('fd00::200:0:0:10', 8765, 0, 0): b' 1319,16,13,1280,0,215,4,10,7,1,2,-70,0,217,4154,55,0,0 '
Received from ('fd00::200:0:0:13', 8765, 0, 0): b' 1320,19,15,1536,0,215,4,6,7,1,2,-52,0,613,6731,67,0,0 '
Received from ('fd00::200:0:0:11', 8765, 0, 0): b' 1320,17,13,1280,0,211,3,4,7,1,1,-52,2,1717,16255,74,0,0 '
Received from ('fd00::200:0:0:6', 8765, 0, 0): b' 1320,6,3,768,0,223,3,1,7,1,1,-70,5,2400,18729,85,0,0 '
Received from ('fd00::200:0:0:1', 5678, 0, 0): b' 1322,1,0,256,0,6,0,0,4,0,0,0,10,1322,14058,1465,0,0 '
Received from ('fd00::200:0:0:d', 8765, 0, 0): b' 1322,13,9,1024,10,224,2,3,7,1,1,-52,4,2444,20194,77,0,0 '
Received from ('fd00::200:0:0:e', 8765, 0, 0): b' 1321,14,10,1280,0,213,2,8,7,1,1,-52,0,852,10189,58,0,0 '
Received from ('fd00::200:0:0:2', 8765, 0, 0): b' 1323,2,1,512,0,194,5,1,6,1,1,-88,1,1882,19039,88,0,0 '
Received from ('fd00::200:0:0:14', 8765, 0, 0): b' 1320,20,17,1536,0,235,4,5,7,1,2,-70,0,982,11302,69,0,0 '
Received from ('fd00::200:0:0:b', 8765, 0, 0): b' 1323,11,8,1024,10,195,1,15,7,1,1,-70,0,680,10823,45,0,0 '
Received from ('fd00::200:0:0:a', 8765, 0, 0): b' 1324,10,6,1024,0,221,2,3,7,1,1,-52,4,2571,23150,81,0,0 '
Received from ('fd00::200:0:0:8', 8765, 0, 0): b' 1324,8,5,768,10,213,3,5,7,1,1,-70,2,1424,16054,85,0,0 '
Received from ('fd00::200:0:0:4', 8765, 0, 0): b' 1325,4,1,512,0,227,5,1,7,1,1,-66,0,695,10212,89,0,0 '
Received from ('fd00::200:0:0:3', 8765, 0, 0): b' 1326,3,1,512,20,194,6,1,7,1,1,-64,6,1120,9917,87,0,0 '
Received from ('fd00::200:0:0:5', 8765, 0, 0): b' 1325,5,1,512,40,243,5,1,6,1,1,-94,9,3527,22620,89,0,0 '
Received from ('fd00::200:0:0:11', 8765, 0, 0): b' 1325,17,13,1280,0,211,3,4,7,1,1,-52,2,898,8578,75,0,0 '
Received from ('fd00::200:0:0:c', 8765, 0, 0): b' 1326,12,8,1024,0,207,2,15,6,1,1,-52,0,934,8135,47,0,0 '
Received from ('fd00::200:0:0:d', 8765, 0, 0): b' 1327,13,9,1024,0,224,2,3,7,1,1,-52,4,1078,8939,78,0,0 '
Received from ('fd00::200:0:0:15', 8765, 0, 0): b' 1327,21,17,1536,0,219,3,7,5,1,2,-52,0,812,8761,65,0,0 '
Received from ('fd00::200:0:0:1', 5678, 0, 0): b' 1329,1,0,256,0,6,0,0,4,0,0,0,10,1913,17912,1479,0,0 '
Received from ('fd00::200:0:0:9', 8765, 0, 0): b' 1329,9,5,768,0,213,3,3,7,1,2,-52,5,2521,21089,81,0,0 '
Received from ('fd00::200:0:0:6', 8765, 0, 0): b' 1328,6,3,768,10,226,3,1,7,1,1,-70,5,1899,15904,85,0,0 '
Received from ('fd00::200:0:0:10', 8765, 0, 0): b' 1329,16,13,1280,10,216,4,10,7,1,2,-70,0,507,8496,55,0,0 '
Received from ('fd00::200:0:0:7', 8765, 0, 0): b' 1330,7,2,768,0,236,7,6,7,1,2,-70,0,408,12286,83,0,0 '
Received from ('fd00::200:0:0:11', 8765, 0, 0): b' 1329,17,13,1280,0,214,3,4,7,1,1,-52,2,879,7348,75,0,0 '
Received from ('fd00::200:0:0:12', 8765, 0, 0): b' 1328,18,15,1536,0,245,3,5,5,1,1,-70,0,932,11095,71,0,0 '
Received from ('fd00::200:0:0:f', 8765, 0, 0): b' 1327,15,10,1280,0,220,2,4,7,1,1,-70,2,1689,19632,81,0,0 '
Received from ('fd00::200:0:0:3', 8765, 0, 0): b' 1331,3,1,512,0,196,6,1,7,1,1,-64,6,1818,11435,88,0,0 '
Received from ('fd00::200:0:0:4', 8765, 0, 0): b' 1331,4,1,512,0,230,5,1,7,1,1,-66,0,597,7249,89,0,0 '
Received from ('fd00::200:0:0:b', 8765, 0, 0): b' 1332,11,8,1024,0,198,1,15,7,1,1,-70,0,969,9386,46,0,0 '
Received from ('fd00::200:0:0:13', 8765, 0, 0): b' 1329,19,15,1536,10,217,4,6,7,1,2,-52,0,572,9014,68,0,0 '
Received from ('fd00::200:0:0:14', 8765, 0, 0): b' 1331,20,17,1536,0,240,4,5,7,1,2,-70,0,1015,9514,70,0,0 '
Received from ('fd00::200:0:0:e', 8765, 0, 0): b' 1328,14,10,1280,0,215,2,8,7,1,1,-52,0,694,8730,59,0,0 '
Received from ('fd00::200:0:0:5', 8765, 0, 0): b' 1334,5,1,512,10,244,5,1,6,1,1,-94,9,2364,16628,89,0,0 '
Received from ('fd00::200:0:0:8', 8765, 0, 0): b' 1334,8,5,768,0,216,3,5,7,1,1,-70,2,1622,17970,85,0,0 '
Received from ('fd00::200:0:0:a', 8765, 0, 0): b' 1331,10,6,1024,0,226,2,3,7,1,1,-52,4,2272,18607,82,0,0 '
Received from ('fd00::200:0:0:2', 8765, 0, 0): b' 1334,2,1,512,0,196,5,1,6,1,1,-88,1,1275,18632,89,0,0 '
Received from ('fd00::200:0:0:10', 8765, 0, 0): b' 1334,16,13,1280,0,218,4,10,7,1,2,-70,0,550,5705,56,0,0 '
Received from ('fd00::200:0:0:1', 5678, 0, 0): b' 1336,1,0,256,0,6,0,0,4,0,0,0,10,1614,15876,1485,0,0 '
Received from ('fd00::200:0:0:f', 8765, 0, 0): b' 1333,15,10,1280,0,221,2,4,7,1,1,-70,2,967,11280,81,0,0 '
Received from ('fd00::200:0:0:9', 8765, 0, 0): b' 1337,9,5,768,0,213,3,3,7,1,2,-52,5,1075,12204,81,0,0 '
Received from ('fd00::200:0:0:c', 8765, 0, 0): b' 1337,12,8,1024,0,209,2,15,6,1,1,-52,0,693,10754,48,0,0 '
Received from ('fd00::200:0:0:11', 8765, 0, 0): b' 1337,17,13,1280,0,216,3,4,7,1,1,-52,2,1043,10942,75,0,0 '
Received from ('fd00::200:0:0:7', 8765, 0, 0): b' 1338,7,2,768,0,239,7,6,7,1,2,-70,0,746,9675,83,0,0 '
Received from ('fd00::200:0:0:d', 8765, 0, 0): b' 1339,13,9,1024,10,225,2,3,7,1,1,-52,4,2101,19376,79,0,0 '
Received from ('fd00::200:0:0:12', 8765, 0, 0): b' 1336,18,15,1536,0,249,3,5,5,1,1,-70,0,884,9611,72,0,0 '
Received from ('fd00::200:0:0:15', 8765, 0, 0): b' 1339,21,17,1536,10,224,3,7,5,1,2,-52,0,851,10663,65,0,0 '
Received from ('fd00::200:0:0:4', 8765, 0, 0): b' 1340,4,1,512,0,232,5,1,7,1,1,-66,0,709,11825,90,0,0 '
Received from ('fd00::200:0:0:6', 8765, 0, 0): b' 1339,6,3,768,0,231,3,1,7,1,1,-70,5,2611,20329,86,0,0 '
Received from ('fd00::200:0:0:14', 8765, 0, 0): b' 1341,20,17,1536,0,241,4,5,7,1,2,-70,0,563,8582,71,0,0 '
Received from ('fd00::200:0:0:3', 8765, 0, 0): b' 1342,3,1,512,20,199,6,1,7,1,1,-64,6,2239,18807,89,0,0 '
Received from ('fd00::200:0:0:e', 8765, 0, 0): b' 1339,14,10,1280,10,219,2,8,7,1,1,-52,0,703,9873,60,0,0 '
Received from ('fd00::200:0:0:10', 8765, 0, 0): b' 1341,16,13,1280,0,220,4,10,7,1,2,-70,0,517,7462,56,0,0 '
Received from ('fd00::200:0:0:13', 8765, 0, 0): b' 1339,19,15,1536,0,223,4,6,7,1,2,-52,0,1147,11731,69,0,0 '
Received from ('fd00::200:0:0:b', 8765, 0, 0): b' 1343,11,8,1024,10,202,1,15,7,1,1,-70,0,824,11825,47,0,0 '
Received from ('fd00::200:0:0:8', 8765, 0, 0): b' 1345,8,5,768,0,218,3,5,7,1,1,-70,2,1461,19465,86,0,0 '
Received from ('fd00::200:0:0:a', 8765, 0, 0): b' 1343,10,6,1024,0,227,2,3,7,1,1,-52,4,2060,21340,83,0,0 '
Received from ('fd00::200:0:0:5', 8765, 0, 0): b' 1345,5,1,512,10,245,5,1,6,1,1,-94,9,3583,25195,90,0,0 '
Received from ('fd00::200:0:0:2', 8765, 0, 0): b' 1344,2,1,512,0,198,5,1,6,1,1,-88,1,1027,14806,90,0,0 '
Received from ('fd00::200:0:0:11', 8765, 0, 0): b' 1344,17,13,1280,0,218,3,4,7,1,1,-52,2,1367,13645,76,0,0 '
Received from ('fd00::200:0:0:f', 8765, 0, 0): b' 1343,15,10,1280,0,226,2,4,7,1,1,-70,2,1937,19188,82,0,0 '
Received from ('fd00::200:0:0:1', 5678, 0, 0): b' 1346,1,0,256,0,6,0,0,4,0,0,0,10,2514,24292,1502,0,0 '
Received from ('fd00::200:0:0:3', 8765, 0, 0): b' 1346,3,1,512,10,199,6,1,7,1,1,-64,6,1498,9228,89,0,0 '
Received from ('fd00::200:0:0:6', 8765, 0, 0): b' 1345,6,3,768,0,231,3,1,7,1,1,-70,5,1347,9920,87,0,0 '
Received from ('fd00::200:0:0:4', 8765, 0, 0): b' 1346,4,1,512,0,233,5,1,7,1,1,-66,0,359,6489,90,0,0 '
Received from ('fd00::200:0:0:9', 8765, 0, 0): b' 1347,9,5,768,0,218,3,3,7,1,2,-52,5,2645,19612,82,0,0 '
Received from ('fd00::200:0:0:b', 8765, 0, 0): b' 1348,11,8,1024,0,203,1,15,7,1,1,-70,0,470,4714,47,0,0 '
Received from ('fd00::200:0:0:12', 8765, 0, 0): b' 1344,18,15,1536,0,253,3,5,5,1,1,-70,0,851,8861,72,0,0 '
Received from ('fd00::200:0:0:c', 8765, 0, 0): b' 1348,12,8,1024,0,213,2,15,6,1,1,-52,0,932,10997,49,0,0 '
Received from ('fd00::200:0:0:5', 8765, 0, 0): b' 1349,5,1,512,0,246,5,1,6,1,1,-94,9,1217,10096,90,0,0 '
Received from ('fd00::200:0:0:7', 8765, 0, 0): b' 1348,7,2,768,10,242,7,6,7,1,2,-70,0,718,13105,84,0,0 '
Received from ('fd00::200:0:0:15', 8765, 0, 0): b' 1347,21,17,1536,0,228,3,7,5,1,2,-52,0,1017,9785,66,0,0 '
Received from ('fd00::200:0:0:14', 8765, 0, 0): b' 1347,20,17,1536,0,241,4,5,7,1,2,-70,0,302,7436,71,0,0 '
Received from ('fd00::200:0:0:f', 8765, 0, 0): b' 1347,15,10,1280,0,226,2,4,7,1,1,-70,2,637,8149,82,0,0 '
Received from ('fd00::200:0:0:10', 8765, 0, 0): b' 1348,16,13,1280,0,221,4,10,7,1,2,-70,0,539,6478,57,0,0 '
Received from ('fd00::200:0:0:2', 8765, 0, 0): b' 1350,2,1,512,10,199,5,1,6,1,1,-88,1,918,10382,90,0,0 '
Received from ('fd00::200:0:0:d', 8765, 0, 0): b' 1350,13,9,1024,0,227,2,3,7,1,1,-52,4,2702,20427,79,0,0 '
Received from ('fd00::200:0:0:8', 8765, 0, 0): b' 1350,8,5,768,0,221,3,5,7,1,1,-70,2,1374,13470,87,0,0 '
Received from ('fd00::200:0:0:e', 8765, 0, 0): b' 1349,14,10,1280,0,221,2,8,7,1,1,-52,0,745,9913,60,0,0 '
Received from ('fd00::200:0:0:13', 8765, 0, 0): b' 1349,19,15,1536,0,223,4,6,7,1,2,-52,0,425,8848,69,0,0 '
Received from ('fd00::200:0:0:a', 8765, 0, 0): b' 1351,10,6,1024,0,227,2,3,7,1,1,-52,4,1654,16246,83,0,0 '
Received from ('fd00::200:0:0:4', 8765, 0, 0): b' 1353,4,1,512,0,235,5,1,7,1,1,-66,0,513,9382,90,0,0 '
Received from ('fd00::200:0:0:7', 8765, 0, 0): b' 1353,7,2,768,0,242,7,6,7,1,2,-70,0,360,6293,84,0,0 '
Received from ('fd00::200:0:0:c', 8765, 0, 0): b' 1354,12,8,1024,0,215,2,15,6,1,1,-52,0,493,6261,49,0,0 '
Received from ('fd00::200:0:0:12', 8765, 0, 0): b' 1352,18,15,1536,0,253,3,5,5,1,1,-70,0,418,6219,73,0,0 '
Received from ('fd00::200:0:0:d', 8765, 0, 0): b' 1355,13,9,1024,10,229,2,3,7,1,1,-52,4,963,9993,79,1,5 '
Received from ('fd00::200:0:0:2', 8765, 0, 0): b' 1356,2,1,512,0,201,5,1,6,1,1,-88,1,840,9765,91,0,0 '
Received from ('fd00::200:0:0:1', 5678, 0, 0): b' 1357,1,0,256,0,6,0,0,4,0,0,0,10,2287,25639,1514,0,0 '
Received from ('fd00::200:0:0:11', 8765, 0, 0): b' 1354,17,13,1280,10,223,3,4,7,1,1,-52,2,1719,17281,77,0,0 '
Received from ('fd00::200:0:0:5', 8765, 0, 0): b' 1357,5,1,512,0,247,5,1,6,1,1,-94,9,2608,18983,91,0,0 '
Received from ('fd00::200:0:0:4', 8765, 0, 0): b' 1357,4,1,512,0,236,5,1,7,1,1,-66,0,433,5560,91,0,0 '
Received from ('fd00::200:0:0:9', 8765, 0, 0): b' 1356,9,5,768,10,219,3,3,7,1,2,-52,5,1747,16203,82,1,5 '
Received from ('fd00::200:0:0:6', 8765, 0, 0): b' 1356,6,3,768,10,233,3,1,7,1,1,-70,5,2103,20019,87,0,0 '
Received from ('fd00::200:0:0:3', 8765, 0, 0): b' 1357,3,1,512,10,202,6,1,7,1,1,-64,6,2525,21329,90,0,0 '
Received from ('fd00::200:0:0:10', 8765, 0, 0): b' 1356,16,13,1280,0,223,4,10,7,1,2,-70,0,517,7519,57,0,0 '
Received from ('fd00::200:0:0:f', 8765, 0, 0): b' 1358,15,10,1280,0,230,2,4,7,1,1,-70,2,1454,18550,83,0,0 '
Received from ('fd00::200:0:0:15', 8765, 0, 0): b' 1357,21,17,1536,10,230,3,7,5,1,2,-52,0,664,8515,67,0,0 '
Received from ('fd00::200:0:0:e', 8765, 0, 0): b' 1359,14,10,1280,0,224,2,8,7,1,1,-52,0,776,8989,61,0,0 '
Received from ('fd00::200:0:0:b', 8765, 0, 0): b' 1360,11,8,1024,0,207,1,15,7,1,1,-70,0,931,11851,48,0,0 '
Received from ('fd00::200:0:0:8', 8765, 0, 0): b' 1359,8,5,768,0,224,3,5,7,1,1,-70,2,1609,18957,87,0,0 '
Received from ('fd00::200:0:0:a', 8765, 0, 0): b' 1359,10,6,1024,10,232,2,4,7,1,1,-52,4,2302,18699,83,1,5 '
Received from ('fd00::200:0:0:14', 8765, 0, 0): b' 1359,20,17,1536,0,242,4,5,7,1,2,-70,0,610,11076,72,0,0 '
Received from ('fd00::200:0:0:13', 8765, 0, 0): b' 1359,19,15,1536,0,225,4,6,7,1,2,-52,0,693,8967,70,0,0 '
Received from ('fd00::200:0:0:c', 8765, 0, 0): b' 1362,12,8,1024,0,216,2,15,6,1,1,-52,0,409,7808,49,1,5 '
Received from ('fd00::200:0:0:5', 8765, 0, 0): b' 1362,5,1,512,0,250,5,1,6,1,1,-94,9,2082,13955,91,0,0 '
Received from ('fd00::200:0:0:2', 8765, 0, 0): b' 1363,2,1,512,0,202,5,1,6,1,1,-88,1,770,11152,91,0,0 '
Received from ('fd00::200:0:0:4', 8765, 0, 0): b' 1364,4,1,512,0,238,5,1,7,1,1,-66,0,489,7890,91,0,0 '
Received from ('fd00::200:0:0:d', 8765, 0, 0): b' 1363,13,9,1024,0,229,2,3,7,1,1,-52,4,1364,13211,79,1,5 '
Received from ('fd00::200:0:0:12', 8765, 0, 0): b' 1363,18,15,1536,0,258,3,5,5,1,1,-70,0,1140,10336,74,0,0 '
Received from ('fd00::200:0:0:6', 8765, 0, 0): b' 1363,6,3,768,10,234,3,1,7,1,1,-70,5,1604,12449,87,1,5 '
Received from ('fd00::200:0:0:7', 8765, 0, 0): b' 1365,7,2,768,0,245,7,6,7,1,2,-70,0,919,14773,85,0,0 '
Received from ('fd00::200:0:0:8', 8765, 0, 0): b' 1365,8,5,768,0,224,3,5,7,1,1,-70,2,596,8854,88,0,0 '
Received from ('fd00::200:0:0:f', 8765, 0, 0): b' 1364,15,10,1280,0,231,2,4,7,1,1,-70,2,1084,10669,83,0,0 '
Received from ('fd00::200:0:0:10', 8765, 0, 0): b' 1365,16,13,1280,10,227,4,10,7,1,2,-70,0,954,8730,58,0,0 '
Received from ('fd00::200:0:0:11', 8765, 0, 0): b' 1365,17,13,1280,0,224,3,4,7,1,1,-52,2,1508,16732,77,0,0 '
Received from ('fd00::200:0:0:9', 8765, 0, 0): b' 1366,9,5,768,0,223,3,3,7,1,2,-52,5,2123,17299,82,1,5 '
Received from ('fd00::200:0:0:a', 8765, 0, 0): b' 1365,10,6,1024,0,235,2,4,7,1,1,-52,4,1420,11988,83,1,5 '
Received from ('fd00::200:0:0:b', 8765, 0, 0): b' 1367,11,8,1024,0,207,1,15,7,1,1,-70,0,303,6714,48,0,0 '
Received from ('fd00::200:0:0:3', 8765, 0, 0): b' 1367,3,1,512,0,203,6,1,7,1,1,-64,6,2095,16712,90,0,0 '
Received from ('fd00::200:0:0:1', 5678, 0, 0): b' 1368,1,0,256,0,6,0,0,4,0,0,0,10,2570,27333,1522,0,0 '
Received from ('fd00::200:0:0:e', 8765, 0, 0): b' 1367,14,10,1280,0,227,2,8,7,1,1,-52,0,689,7750,61,0,0 '
Received from ('fd00::200:0:0:13', 8765, 0, 0): b' 1367,19,15,1536,0,227,4,6,7,1,2,-52,0,613,7391,70,0,0 '
Received from ('fd00::200:0:0:c', 8765, 0, 0): b' 1368,12,8,1024,0,218,2,15,6,1,1,-52,0,492,5675,49,1,5 '
Received from ('fd00::200:0:0:15', 8765, 0, 0): b' 1367,21,17,1536,10,235,3,7,5,1,2,-52,0,876,9685,67,0,0 '
Received from ('fd00::200:0:0:6', 8765, 0, 0): b' 1368,6,3,768,10,234,3,1,7,1,1,-70,5,1023,8189,87,1,5 '
Received from ('fd00::200:0:0:5', 8765, 0, 0): b' 1369,5,1,512,30,252,5,1,6,1,1,-94,9,2641,15975,91,0,0 '
Received from ('fd00::200:0:0:2', 8765, 0, 0): b' 1370,2,1,512,0,204,5,1,6,1,1,-88,1,896,11134,92,0,0 '
Received from ('fd00::200:0:0:14', 8765, 0, 0): b' 1367,20,17,1536,0,245,4,5,7,1,2,-70,0,777,7782,73,0,0 '
Received from ('fd00::200:0:0:a', 8765, 0, 0): b' 1369,10,6,1024,10,236,2,4,7,1,1,-52,4,906,8436,83,1,5 '
Received from ('fd00::200:0:0:11', 8765, 0, 0): b' 1369,17,13,1280,10,225,3,4,7,1,1,-52,2,1006,7815,78,0,0 '
Received from ('fd00::200:0:0:e', 8765, 0, 0): b' 1372,14,10,1280,0,230,2,8,7,1,1,-52,0,656,5512,62,0,0 '
Received from ('fd00::200:0:0:8', 8765, 0, 0): b' 1372,8,5,768,0,227,3,5,7,1,1,-70,2,1413,13635,88,0,0 '
Received from ('fd00::200:0:0:b', 8765, 0, 0): b' 1373,11,8,1024,10,208,1,15,7,1,1,-70,0,417,5409,49,0,0 '
Received from ('fd00::200:0:0:4', 8765, 0, 0): b' 1374,4,1,512,0,242,5,1,7,1,1,-66,0,923,12634,92,0,0 '
Received from ('fd00::200:0:0:7', 8765, 0, 0): b' 1374,7,2,768,10,248,7,6,7,1,2,-70,0,677,10981,86,0,0 '
Received from ('fd00::200:0:0:1', 5678, 0, 0): b' 1374,1,0,256,0,6,0,0,4,0,0,0,10,1896,15866,1535,0,0 '
Received from ('fd00::200:0:0:d', 8765, 0, 0): b' 1374,13,9,1024,10,232,2,3,7,1,1,-52,4,2299,18671,80,1,5 '
Received from ('fd00::200:0:0:f', 8765, 0, 0): b' 1372,15,10,1280,10,234,2,4,7,1,1,-70,2,1396,15675,84,0,0 '
Received from ('fd00::200:0:0:10', 8765, 0, 0): b' 1374,16,13,1280,0,229,4,10,7,1,2,-70,0,542,8290,58,0,0 '
Received from ('fd00::200:0:0:6', 8765, 0, 0): b' 1373,6,3,768,10,235,3,1,7,1,1,-70,5,1362,9531,87,1,5 '
Received from ('fd00::200:0:0:c', 8765, 0, 0): b' 1374,12,8,1024,0,219,2,15,6,1,1,-52,0,482,6969,49,1,5 '
Received from ('fd00::200:0:0:3', 8765, 0, 0): b' 1375,3,1,512,30,207,6,1,7,1,1,-64,6,2586,16784,91,0,0 '
Received from ('fd00::200:0:0:2', 8765, 0, 0): b' 1375,2,1,512,0,206,5,1,6,1,1,-88,1,861,8120,92,0,0 '
Received from ('fd00::200:0:0:12', 8765, 0, 0): b' 1372,18,15,1536,0,260,3,5,5,1,1,-70,0,608,8598,74,0,0 '
Received from ('fd00::200:0:0:15', 8765, 0, 0): b' 1374,21,17,1536,0,238,3,7,5,1,2,-52,0,763,7170,68,0,0 '
Received from ('fd00::200:0:0:5', 8765, 0, 0): b' 1376,5,1,512,10,254,5,1,6,1,1,-94,9,2171,14627,92,0,0 '
Received from ('fd00::200:0:0:13', 8765, 0, 0): b' 1373,19,15,1536,0,228,4,6,7,1,2,-52,0,441,6110,71,0,0 '
Received from ('fd00::200:0:0:9', 8765, 0, 0): b' 1375,9,5,768,0,225,3,3,7,1,2,-52,5,2206,17222,83,1,5 '
Received from ('fd00::200:0:0:14', 8765, 0, 0): b' 1375,20,17,1536,10,246,4,5,7,1,2,-70,0,409,7841,73,0,0 '
Received from ('fd00::200:0:0:a', 8765, 0, 0): b' 1376,10,6,1024,10,239,2,4,7,1,1,-52,4,1789,14940,84,1,5 '
Received from ('fd00::200:0:0:7', 8765, 0, 0): b' 1379,7,2,768,0,249,7,6,7,1,2,-70,0,412,5851,86,0,0 '
Received from ('fd00::200:0:0:b', 8765, 0, 0): b' 1379,11,8,1024,0,209,1,15,7,1,1,-70,0,410,6784,49,0,0 '
Received from ('fd00::200:0:0:8', 8765, 0, 0): b' 1378,8,5,768,0,230,3,5,7,1,1,-70,2,1497,14400,89,0,0 '
Received from ('fd00::200:0:0:12', 8765, 0, 0): b' 1378,18,15,1536,0,263,3,5,5,1,1,-70,0,752,6492,75,0,0 '
Received from ('fd00::200:0:0:3', 8765, 0, 0): b' 1379,3,1,512,0,208,6,1,7,1,1,-64,6,1203,8897,91,0,0 '
Received from ('fd00::200:0:0:4', 8765, 0, 0): b' 1380,4,1,512,0,243,5,1,7,1,1,-66,0,383,8077,92,0,0 '
Received from ('fd00::200:0:0:d', 8765, 0, 0): b' 1379,13,9,1024,0,234,2,3,7,1,1,-52,4,1227,10338,80,1,5 '
Received from ('fd00::200:0:0:f', 8765, 0, 0): b' 1379,15,10,1280,0,236,2,4,7,1,1,-70,2,1502,14867,84,0,0 '
Received from ('fd00::200:0:0:10', 8765, 0, 0): b' 1381,16,13,1280,0,231,4,10,7,1,2,-70,0,549,6183,59,0,0 '
Received from ('fd00::200:0:0:2', 8765, 0, 0): b' 1382,2,1,512,0,210,5,1,6,1,1,-88,1,987,10533,92,0,0 '
Received from ('fd00::200:0:0:1', 5678, 0, 0): b' 1382,1,0,256,0,6,0,0,4,0,0,0,10,1774,18857,1541,0,0 '
Received from ('fd00::200:0:0:11', 8765, 0, 0): b' 1382,17,13,1280,0,226,3,4,7,1,1,-52,2,1478,18121,78,0,0 '
Received from ('fd00::200:0:0:15', 8765, 0, 0): b' 1381,21,17,1536,0,241,3,7,5,1,2,-52,0,623,6968,68,0,0 '
Received from ('fd00::200:0:0:13', 8765, 0, 0): b' 1382,19,15,1536,0,231,4,6,7,1,2,-52,0,623,8310,71,0,0 '
Received from ('fd00::200:0:0:5', 8765, 0, 0): b' 1384,5,1,512,10,254,5,1,6,1,1,-94,9,2523,19025,92,0,0 '
Received from ('fd00::200:0:0:3', 8765, 0, 0): b' 1386,3,1,512,10,211,6,1,7,1,1,-64,6,1143,9289,92,0,0 '
Received from ('fd00::200:0:0:4', 8765, 0, 0): b' 1386,4,1,512,0,246,5,1,7,1,1,-66,0,671,7467,93,0,0 '
Received from ('fd00::200:0:0:e', 8765, 0, 0): b' 1384,14,10,1280,10,233,2,8,7,1,1,-52,0,768,10961,63,0,0 '
Received from ('fd00::200:0:0:d', 8765, 0, 0): b' 1386,13,9,1024,0,236,2,3,7,1,1,-52,4,1404,10062,81,1,5 '
Received from ('fd00::200:0:0:8', 8765, 0, 0): b' 1386,8,5,768,20,230,3,5,7,1,1,-70,2,730,13015,89,0,0 '
Received from ('fd00::200:0:0:6', 8765, 0, 0): b' 1386,6,3,768,0,236,3,1,7,1,1,-70,5,2297,20943,88,1,5 '
Received from ('fd00::200:0:0:9', 8765, 0, 0): b' 1387,9,5,768,10,227,3,3,7,1,2,-52,5,2204,18744,84,1,5 '
Received from ('fd00::200:0:0:12', 8765, 0, 0): b' 1385,18,15,1536,0,265,3,5,5,1,1,-70,0,492,6539,75,0,0 '
Received from ('fd00::200:0:0:b', 8765, 0, 0): b' 1385,11,8,1024,0,210,1,15,7,1,1,-70,0,562,7175,50,0,0 '
Received from ('fd00::200:0:0:a', 8765, 0, 0): b' 1385,10,6,1024,10,242,2,4,7,1,1,-52,4,2203,18381,84,1,5 '
Received from ('fd00::200:0:0:2', 8765, 0, 0): b' 1388,2,1,512,10,211,5,1,6,1,1,-88,1,723,9211,93,0,0 '
Received from ('fd00::200:0:0:c', 8765, 0, 0): b' 1384,12,8,1024,0,221,2,15,6,1,1,-52,0,717,10673,50,1,5 '
Received from ('fd00::200:0:0:7', 8765, 0, 0): b' 1388,7,2,768,0,251,7,6,7,1,2,-70,0,634,11672,86,0,0 '
Received from ('fd00::200:0:0:14', 8765, 0, 0): b' 1386,20,17,1536,0,249,4,5,7,1,2,-70,0,825,10564,74,0,0 '
Received from ('fd00::200:0:0:11', 8765, 0, 0): b' 1388,17,13,1280,0,228,3,4,7,1,1,-52,2,1341,11693,79,0,0 '
Received from ('fd00::200:0:0:5', 8765, 0, 0): b' 1390,5,1,512,0,254,5,1,6,1,1,-94,9,1758,11826,93,0,0 '
Received from ('fd00::200:0:0:10', 8765, 0, 0): b' 1390,16,13,1280,0,232,4,10,7,1,2,-70,0,531,8948,59,0,0 '
Received from ('fd00::200:0:0:3', 8765, 0, 0): b' 1392,3,1,512,0,213,6,1,7,1,1,-64,6,1197,10551,92,0,0 '
Received from ('fd00::200:0:0:1', 5678, 0, 0): b' 1392,1,0,256,0,6,0,0,4,0,0,0,10,2322,22929,1554,0,0 '
Received from ('fd00::200:0:0:15', 8765, 0, 0): b' 1391,21,17,1536,0,245,4,7,5,1,2,-52,0,987,10288,69,0,0 '
Received from ('fd00::200:0:0:c', 8765, 0, 0): b' 1393,12,8,1024,0,225,2,16,6,1,1,-52,0,815,8882,51,1,5 '
Received from ('fd00::200:0:0:11', 8765, 0, 0): b' 1395,17,13,1280,0,232,3,4,7,1,1,-52,2,1298,11149,79,0,0 '
Received from ('fd00::200:0:0:4', 8765, 0, 0): b' 1396,4,1,512,0,249,5,1,7,1,1,-66,0,741,12527,93,0,0 '
Received from ('fd00::200:0:0:d', 8765, 0, 0): b' 1395,13,9,1024,10,237,2,3,7,1,1,-52,4,1976,17292,81,1,5 '
Received from ('fd00::200:0:0:b', 8765, 0, 0): b' 1394,11,8,1024,0,216,1,15,7,1,1,-70,0,944,9480,50,0,0 '
Received from ('fd00::200:0:0:7', 8765, 0, 0): b' 1395,7,2,768,10,253,7,6,7,1,2,-70,2,944,10685,87,0,0 '
Received from ('fd00::200:0:0:10', 8765, 0, 0): b' 1395,16,13,1280,0,234,4,10,7,1,2,-70,0,525,4869,60,0,0 '
Received from ('fd00::200:0:0:5', 8765, 0, 0): b' 1398,5,1,512,40,257,5,1,6,1,1,-94,9,2737,18907,93,0,0 '
Received from ('fd00::200:0:0:2', 8765, 0, 0): b' 1398,2,1,512,0,214,5,1,6,1,1,-88,3,1547,16921,93,0,0 '
Received from ('fd00::200:0:0:15', 8765, 0, 0): b' 1396,21,17,1536,0,246,4,7,5,1,2,-52,0,362,3976,69,0,0 '
Received from ('fd00::200:0:0:3', 8765, 0, 0): b' 1398,3,1,512,0,215,6,1,7,1,1,-64,6,515,9809,92,0,0 '
Received from ('fd00::200:0:0:8', 8765, 0, 0): b' 1397,8,5,768,10,232,3,5,7,1,1,-70,2,2048,20856,90,0,0 '
Received from ('fd00::200:0:0:9', 8765, 0, 0): b' 1398,9,5,768,10,229,3,3,7,1,2,-52,5,2306,18804,85,1,5 '
Received from ('fd00::200:0:0:14', 8765, 0, 0): b' 1396,20,17,1536,0,251,4,5,7,1,2,-70,0,638,9061,74,0,0 '
Received from ('fd00::200:0:0:1', 5678, 0, 0): b' 1401,1,0,256,0,6,0,0,4,0,0,0,10,1991,21193,1563,0,0 '
Received from ('fd00::200:0:0:4', 8765, 0, 0): b' 1401,4,1,512,0,251,5,1,7,1,1,-66,0,635,7132,94,0,0 '
Received from ('fd00::200:0:0:11', 8765, 0, 0): b' 1401,17,13,1280,0,233,3,4,7,1,1,-52,2,1056,9979,80,0,0 '
Received from ('fd00::200:0:0:10', 8765, 0, 0): b' 1403,16,13,1280,0,237,4,10,7,1,2,-70,0,624,7352,60,0,0 '
Received from ('fd00::200:0:0:c', 8765, 0, 0): b' 1401,12,8,1024,0,227,2,16,6,1,1,-52,0,613,8542,51,1,5 '
Received from ('fd00::200:0:0:5', 8765, 0, 0): b' 1404,5,1,512,30,258,5,1,6,1,1,-94,9,2173,14907,94,0,0 '
Received from ('fd00::200:0:0:14', 8765, 0, 0): b' 1400,20,17,1536,0,252,4,5,7,1,2,-70,0,417,4388,75,0,0 '
Received from ('fd00::200:0:0:3', 8765, 0, 0): b' 1405,3,1,512,0,216,6,1,7,1,1,-64,6,457,10142,93,0,0 '
Received from ('fd00::200:0:0:d', 8765, 0, 0): b' 1404,13,9,1024,10,238,2,3,7,1,1,-52,4,2191,15732,82,1,5 '
Received from ('fd00::200:0:0:15', 8765, 0, 0): b' 1401,21,17,1536,0,247,4,7,5,1,2,-52,0,442,5516,70,0,0 '
Received from ('fd00::200:0:0:7', 8765, 0, 0): b' 1405,7,2,768,0,256,7,6,7,1,2,-70,3,1103,13141,88,0,0 '
Received from ('fd00::200:0:0:b', 8765, 0, 0): b' 1403,11,8,1024,0,217,1,15,7,1,1,-70,0,652,8812,51,0,0 '
Received from ('fd00::200:0:0:8', 8765, 0, 0): b' 1407,8,5,768,0,232,3,5,7,1,1,-70,2,1175,16648,90,0,0 '
Received from ('fd00::200:0:0:14', 8765, 0, 0): b' 1405,20,17,1536,0,253,4,5,7,1,2,-70,0,361,4341,75,0,0 '
Received from ('fd00::200:0:0:a', 8765, 0, 0): b' 1395,10,7,1152,60,245,3,4,7,0,2,-70,4,2026,15118,85,1,5 '
Received from ('fd00::200:0:0:2', 8765, 0, 0): b' 1408,2,1,512,10,218,5,1,6,1,1,-88,4,1946,19024,94,0,0 '
Received from ('fd00::200:0:0:a', 8765, 0, 0): b' 1402,10,7,1152,100,248,4,4,7,0,2,-70,4,1687,17318,86,1,5 '
Received from ('fd00::200:0:0:d', 8765, 0, 0): b' 1410,13,9,1024,0,238,2,3,7,1,1,-52,4,812,8100,82,1,5 '
Received from ('fd00::200:0:0:a', 8765, 0, 0): b' 1407,10,7,1024,80,250,4,4,7,1,2,-70,4,803,9314,86,1,5 '
Received from ('fd00::200:0:0:9', 8765, 0, 0): b' 1409,9,5,768,0,231,3,3,7,1,2,-52,5,2665,21353,85,1,5 '
Received from ('fd00::200:0:0:1', 5678, 0, 0): b' 1409,1,0,256,0,6,0,0,4,0,0,0,10,1901,20988,1571,0,0 '
Received from ('fd00::200:0:0:f', 8765, 0, 0): b' 1401,15,10,1408,0,242,3,4,7,1,1,-70,2,1797,21384,85,0,0 '
Received from ('fd00::200:0:0:4', 8765, 0, 0): b' 1409,4,1,512,0,252,6,1,7,1,1,-66,0,486,10862,94,0,0 '
Received from ('fd00::200:0:0:15', 8765, 0, 0): b' 1410,21,17,1536,0,249,4,7,5,1,2,-52,0,516,7590,70,0,0 '
Received from ('fd00::200:0:0:12', 8765, 0, 0): b' 1400,18,15,1536,0,268,3,5,5,1,1,-70,0,709,10849,76,0,0 '
Received from ('fd00::200:0:0:11', 8765, 0, 0): b' 1411,17,13,1280,0,237,3,4,7,1,1,-52,2,1901,17408,80,0,0 '
Received from ('fd00::200:0:0:e', 8765, 0, 0): b' 1406,14,10,1408,0,240,3,8,7,1,1,-52,0,669,7397,64,0,0 '
Received from ('fd00::200:0:0:5', 8765, 0, 0): b' 1413,5,1,512,10,260,5,1,6,1,1,-94,9,2886,20446,94,0,0 '
Received from ('fd00::200:0:0:2', 8765, 0, 0): b' 1413,2,1,512,40,222,5,1,6,1,1,-88,4,1945,10354,94,0,0 '
Received from ('fd00::200:0:0:3', 8765, 0, 0): b' 1413,3,1,512,0,221,6,1,7,1,1,-64,6,932,13182,93,0,0 '
Received from ('fd00::200:0:0:13', 8765, 0, 0): b' 1410,19,15,1536,0,240,4,6,7,1,2,-52,0,717,10727,73,0,0 '
Received from ('fd00::200:0:0:10', 8765, 0, 0): b' 1413,16,13,1280,0,239,4,10,7,1,2,-70,0,694,10127,61,0,0 '
Received from ('fd00::200:0:0:12', 8765, 0, 0): b' 1411,18,15,1536,0,270,3,5,5,1,1,-70,0,597,9060,77,0,0 '
Received from ('fd00::200:0:0:f', 8765, 0, 0): b' 1412,15,10,1280,0,244,3,4,7,1,1,-70,2,1704,21731,86,0,0 '
Received from ('fd00::200:0:0:c', 8765, 0, 0): b' 1414,12,8,1024,0,229,2,16,6,1,1,-52,0,717,11712,52,1,5 '
Received from ('fd00::200:0:0:4', 8765, 0, 0): b' 1414,4,1,512,0,254,6,1,7,1,1,-66,0,466,5997,94,0,0 '
Received from ('fd00::200:0:0:9', 8765, 0, 0): b' 1415,9,5,768,10,231,3,3,7,1,2,-52,5,1117,9662,86,1,5 '
Received from ('fd00::200:0:0:8', 8765, 0, 0): b' 1415,8,5,768,0,236,3,5,7,1,1,-70,2,1456,17158,91,0,0 '
Received from ('fd00::200:0:0:e', 8765, 0, 0): b' 1413,14,10,1280,0,243,3,8,7,1,1,-52,0,599,6823,64,0,0 '
Received from ('fd00::200:0:0:7', 8765, 0, 0): b' 1414,7,2,768,0,258,7,6,7,1,2,-70,3,3028,18813,88,0,0 '
Received from ('fd00::200:0:0:b', 8765, 0, 0): b' 1415,11,8,1024,0,220,1,15,7,1,1,-70,0,800,10880,52,0,0 '
Received from ('fd00::200:0:0:14', 8765, 0, 0): b' 1417,20,17,1536,0,255,4,5,7,1,2,-70,0,596,9952,76,0,0 '
Received from ('fd00::200:0:0:15', 8765, 0, 0): b' 1417,21,17,1536,0,250,4,7,5,1,2,-52,0,580,6680,71,0,0 '
Received from ('fd00::200:0:0:a', 8765, 0, 0): b' 1417,10,7,1024,10,254,4,4,7,1,2,-70,4,3156,22863,87,1,5 '
Received from ('fd00::200:0:0:3', 8765, 0, 0): b' 1418,3,1,512,0,222,6,1,7,1,1,-64,6,458,8757,94,0,0 '
Received from ('fd00::200:0:0:7', 8765, 0, 0): b' 1418,7,2,768,0,259,7,6,7,1,2,-70,3,1074,8071,88,0,0 '
Received from ('fd00::200:0:0:1', 5678, 0, 0): b' 1419,1,0,256,0,6,0,0,4,0,0,0,10,2925,25310,1589,0,0 '
Received from ('fd00::200:0:0:b', 8765, 0, 0): b' 1420,11,8,1024,0,220,1,15,7,1,1,-70,0,255,4280,52,0,0 '
Received from ('fd00::200:0:0:f', 8765, 0, 0): b' 1419,15,10,1280,0,247,3,4,7,1,1,-70,2,1127,12722,87,0,0 '
Received from ('fd00::200:0:0:5', 8765, 0, 0): b' 1420,5,1,512,0,265,5,1,6,1,1,-94,9,2803,18557,95,0,0 '
Received from ('fd00::200:0:0:13', 8765, 0, 0): b' 1420,19,15,1536,0,243,4,6,7,1,2,-52,0,871,10491,74,0,0 '
Received from ('fd00::200:0:0:8', 8765, 0, 0): b' 1422,8,5,768,10,237,3,5,7,1,1,-70,2,1164,13765,91,0,0 '
Received from ('fd00::200:0:0:12', 8765, 0, 0): b' 1422,18,15,1536,10,273,3,5,5,1,1,-70,0,729,10349,77,0,0 '
Received from ('fd00::200:0:0:e', 8765, 0, 0): b' 1422,14,10,1280,10,245,3,8,7,1,1,-52,0,489,8522,65,0,0 '
Received from ('fd00::200:0:0:c', 8765, 0, 0): b' 1424,12,8,1024,10,233,2,16,6,1,1,-52,0,680,8893,53,1,5 '
Received from ('fd00::200:0:0:4', 8765, 0, 0): b' 1424,4,1,512,0,254,6,1,7,1,1,-66,0,565,11746,95,0,0 '
Received from ('fd00::200:0:0:1', 5678, 0, 0): b' 1424,1,0,256,0,6,0,0,4,0,0,0,10,896,10336,1591,0,0 '
Received from ('fd00::200:0:0:a', 8765, 0, 0): b' 1423,10,7,1024,0,254,4,4,7,1,2,-70,4,1184,11490,87,1,5 '
Received from ('fd00::200:0:0:2', 8765, 0, 0): b' 1425,2,1,512,20,225,5,1,6,1,1,-88,4,3540,22847,95,0,0 '
Received from ('fd00::200:0:0:7', 8765, 0, 0): b' 1424,7,2,768,0,262,7,6,7,1,2,-70,3,1700,11857,89,0,0 '
Received from ('fd00::200:0:0:5', 8765, 0, 0): b' 1426,5,1,512,0,267,5,1,6,1,1,-94,9,983,10135,95,0,0 '
Received from ('fd00::200:0:0:e', 8765, 0, 0): b' 1426,14,10,1280,0,246,3,8,7,1,1,-52,0,469,4162,65,0,0 '
Received from ('fd00::200:0:0:13', 8765, 0, 0): b' 1426,19,15,1536,0,245,4,6,7,1,2,-52,0,493,6187,74,0,0 '
Received from ('fd00::200:0:0:4', 8765, 0, 0): b' 1428,4,1,512,0,255,6,1,7,1,1,-66,0,359,5175,95,0,0 '
Received from ('fd00::200:0:0:3', 8765, 0, 0): b' 1428,3,1,512,0,225,6,1,7,1,1,-64,6,741,14091,94,0,0 '
Received from ('fd00::200:0:0:a', 8765, 0, 0): b' 1427,10,7,1024,10,254,4,4,7,1,2,-70,4,782,7901,87,1,5 '
Received from ('fd00::200:0:0:8', 8765, 0, 0): b' 1430,8,5,768,10,237,3,6,7,1,1,-70,2,1085,15416,92,0,0 '
Received from ('fd00::200:0:0:f', 8765, 0, 0): b' 1430,15,10,1280,0,251,3,4,7,1,1,-70,2,1737,20267,87,0,0 '
Received from ('fd00::200:0:0:b', 8765, 0, 0): b' 1431,11,8,1024,10,224,1,15,7,1,1,-70,0,800,10428,53,0,0 '
Received from ('fd00::200:0:0:12', 8765, 0, 0): b' 1430,18,15,1536,0,273,3,5,5,1,1,-70,0,588,8359,78,0,0 '
Received from ('fd00::200:0:0:5', 8765, 0, 0): b' 1432,5,1,512,10,269,5,1,6,1,1,-94,9,1291,11690,95,0,0 '
Received from ('fd00::200:0:0:13', 8765, 0, 0): b' 1432,19,15,1536,0,245,4,6,7,1,2,-52,0,334,4655,75,0,0 '
Received from ('fd00::200:0:0:7', 8765, 0, 0): b' 1432,7,2,768,10,266,7,6,7,1,2,-70,3,2267,16400,89,0,0 '
Received from ('fd00::200:0:0:e', 8765, 0, 0): b' 1432,14,10,1280,0,247,3,8,7,1,1,-52,0,441,5867,66,0,0 '
Received from ('fd00::200:0:0:c', 8765, 0, 0): b' 1434,12,8,1024,0,234,2,16,6,1,1,-52,0,759,10702,53,1,5 '
Received from ('fd00::200:0:0:3', 8765, 0, 0): b' 1435,3,1,512,0,226,6,1,7,1,1,-64,6,458,9155,95,0,0 '
Received from ('fd00::200:0:0:2', 8765, 0, 0): b' 1435,2,1,512,10,226,5,1,6,1,1,-88,4,2817,19814,96,0,0 '
Received from ('fd00::200:0:0:1', 5678, 0, 0): b' 1435,1,0,256,0,6,0,0,4,0,0,0,10,2347,25004,1602,0,0 '
Received from ('fd00::200:0:0:a', 8765, 0, 0): b' 1433,10,7,1024,0,257,4,4,7,1,2,-70,4,1994,14269,88,1,5 '
Received from ('fd00::200:0:0:12', 8765, 0, 0): b' 1436,18,15,1536,0,274,3,5,5,1,1,-70,0,385,5461,78,0,0 '
Received from ('fd00::200:0:0:4', 8765, 0, 0): b' 1438,4,1,512,0,259,6,1,7,1,1,-66,0,923,12841,96,0,0 '
Received from ('fd00::200:0:0:8', 8765, 0, 0): b' 1438,8,5,768,0,240,3,6,7,1,1,-70,3,1582,16303,92,0,0 '
Received from ('fd00::200:0:0:a', 8765, 0, 0): b' 1438,10,7,1024,10,258,4,4,7,1,2,-70,4,827,8886,88,1,5 '
Received from ('fd00::200:0:0:b', 8765, 0, 0): b' 1440,11,8,1024,0,226,1,16,7,1,1,-70,0,746,9842,53,0,0 '
Received from ('fd00::200:0:0:13', 8765, 0, 0): b' 1437,19,15,1536,0,247,4,6,7,1,2,-52,0,492,6410,75,0,0 '
Received from ('fd00::200:0:0:5', 8765, 0, 0): b' 1440,5,1,512,0,270,5,1,6,1,1,-94,9,1382,16580,96,0,0 '
Received from ('fd00::200:0:0:c', 8765, 0, 0): b' 1441,12,8,1024,0,237,2,16,6,1,1,-52,0,819,7581,54,1,5 '
Received from ('fd00::200:0:0:1', 5678, 0, 0): b' 1442,1,0,256,0,6,0,0,4,0,0,0,10,1094,14885,1606,0,0 '
Received from ('fd00::200:0:0:f', 8765, 0, 0): b' 1441,15,10,1280,0,254,3,4,7,1,1,-70,2,2053,21884,88,0,0 '
Received from ('fd00::200:0:0:7', 8765, 0, 0): b' 1442,7,2,768,0,269,7,6,7,1,2,-70,3,2097,17061,90,0,0 '
Received from ('fd00::200:0:0:e', 8765, 0, 0): b' 1443,14,10,1280,0,251,3,8,7,1,1,-52,0,851,10234,66,0,0 '
Received from ('fd00::200:0:0:12', 8765, 0, 0): b' 1442,18,15,1536,0,276,3,5,5,1,1,-70,0,548,5992,79,0,0 '
Received from ('fd00::200:0:0:2', 8765, 0, 0): b' 1444,2,1,512,20,227,5,1,6,1,1,-88,4,2269,18504,97,0,0 '
Received from ('fd00::200:0:0:3', 8765, 0, 0): b' 1446,3,1,512,0,229,6,1,7,1,1,-64,6,921,17834,95,0,0 '
Received from ('fd00::200:0:0:13', 8765, 0, 0): b' 1444,19,15,1536,0,248,4,6,7,1,2,-52,0,441,6313,76,0,0 '
Received from ('fd00::200:0:0:1', 5678, 0, 0): b' 1448,1,0,256,0,6,0,0,4,0,0,0,10,1435,14978,1615,0,0 '
Received from ('fd00::200:0:0:b', 8765, 0, 0): b' 1447,11,8,1024,0,229,1,16,7,1,1,-70,0,731,9415,54,0,0 '
Received from ('fd00::200:0:0:8', 8765, 0, 0): b' 1449,8,5,768,0,245,3,6,7,1,1,-70,5,2431,22845,93,0,0 '
Received from ('fd00::200:0:0:4', 8765, 0, 0): b' 1448,4,1,512,0,261,6,2,7,1,1,-66,0,762,14379,97,0,0 '
Received from ('fd00::200:0:0:7', 8765, 0, 0): b' 1449,7,2,768,10,271,7,6,7,1,2,-70,3,1788,14093,91,0,0 '
Received from ('fd00::200:0:0:a', 8765, 0, 0): b' 1449,10,7,1024,0,262,4,4,7,1,2,-70,4,2510,23452,89,1,5 '
Received from ('fd00::200:0:0:13', 8765, 0, 0): b' 1450,19,15,1536,0,249,4,6,7,1,2,-52,0,482,5765,76,0,0 '
Received from ('fd00::200:0:0:5', 8765, 0, 0): b' 1452,5,1,512,0,272,5,1,6,1,1,-94,9,1965,23220,97,0,0 '
Received from ('fd00::200:0:0:f', 8765, 0, 0): b' 1450,15,10,1280,10,256,3,4,7,1,1,-70,2,1789,20226,89,0,0 '
Received from ('fd00::200:0:0:b', 8765, 0, 0): b' 1452,11,8,1024,0,231,1,16,7,1,1,-70,0,468,5293,54,0,0 '
Received from ('fd00::200:0:0:2', 8765, 0, 0): b' 1453,2,1,512,10,230,5,1,6,1,1,-88,4,2348,17007,97,0,0 '
Received from ('fd00::200:0:0:e', 8765, 0, 0): b' 1451,14,10,1280,0,252,3,8,7,1,1,-52,0,588,9417,67,0,0 '
Received from ('fd00::200:0:0:8', 8765, 0, 0): b' 1453,8,5,768,0,246,3,6,7,1,1,-70,5,630,8745,93,0,0 '
Received from ('fd00::200:0:0:12', 8765, 0, 0): b' 1452,18,15,1536,10,282,3,5,5,1,1,-70,0,1107,9795,79,0,0 '
Received from ('fd00::200:0:0:1', 5678, 0, 0): b' 1455,1,0,256,0,6,0,0,4,0,0,0,10,1211,15740,1616,0,0 '
Received from ('fd00::200:0:0:13', 8765, 0, 0): b' 1453,19,15,1536,0,249,4,6,7,1,2,-52,0,157,3880,76,0,0 '
Received from ('fd00::200:0:0:d', 8765, 0, 0): b' 1429,13,8,1152,70,243,4,4,7,0,2,-70,4,2790,19362,84,1,5 '
Received from ('fd00::200:0:0:3', 8765, 0, 0): b' 1456,3,1,512,0,232,6,1,7,1,1,-64,6,817,15861,96,0,0 '
Received from ('fd00::200:0:0:5', 8765, 0, 0): b' 1457,5,1,512,0,272,5,1,6,1,1,-94,9,1032,10226,97,0,0 '
Received from ('fd00::200:0:0:d', 8765, 0, 0): b' 1440,13,8,1152,70,246,4,4,7,0,2,-70,4,1993,17447,84,1,5 '
Received from ('fd00::200:0:0:d', 8765, 0, 0): b' 1450,13,8,1152,100,250,4,4,7,0,2,-70,4,1539,16991,85,1,5 '
Received from ('fd00::200:0:0:d', 8765, 0, 0): b' 1455,13,8,1152,80,251,4,4,7,1,2,-70,4,717,8690,85,1,5 '
Received from ('fd00::200:0:0:a', 8765, 0, 0): b' 1457,10,7,1024,0,266,4,4,7,1,2,-70,4,2092,18184,89,1,5 '
Received from ('fd00::200:0:0:4', 8765, 0, 0): b' 1458,4,1,512,0,265,6,2,7,1,1,-66,0,849,11972,97,0,0 '
Received from ('fd00::200:0:0:11', 8765, 0, 0): b' 1451,17,13,1408,0,253,4,4,7,1,1,-52,2,1750,17055,83,0,0 '
Received from ('fd00::200:0:0:10', 8765, 0, 0): b' 1452,16,13,1408,0,249,5,10,7,1,2,-70,0,335,5949,64,0,0 '
Received from ('fd00::200:0:0:14', 8765, 0, 0): b' 1452,20,17,1536,0,270,4,5,7,1,2,-70,0,752,5478,78,0,0 '
Received from ('fd00::200:0:0:12', 8765, 0, 0): b' 1458,18,15,1536,0,286,3,5,5,1,1,-70,0,788,7628,80,0,0 '
Received from ('fd00::200:0:0:5', 8765, 0, 0): b' 1462,5,1,512,20,272,5,1,6,1,1,-94,9,1583,11118,97,0,0 '
Received from ('fd00::200:0:0:13', 8765, 0, 0): b' 1459,19,15,1536,0,251,4,6,7,1,2,-52,0,549,5825,77,0,0 '
Received from ('fd00::200:0:0:8', 8765, 0, 0): b' 1461,8,5,768,0,248,3,6,7,1,1,-70,5,2591,19007,94,0,0 '
Received from ('fd00::200:0:0:7', 8765, 0, 0): b' 1460,7,2,768,20,273,7,6,7,1,2,-70,3,2725,20958,91,0,0 '
Received from ('fd00::200:0:0:3', 8765, 0, 0): b' 1463,3,1,512,0,233,6,1,7,1,1,-64,6,459,8755,97,0,0 '
Received from ('fd00::200:0:0:f', 8765, 0, 0): b' 1461,15,10,1280,0,259,3,4,7,1,1,-70,2,2108,22068,90,0,0 '
Received from ('fd00::200:0:0:1', 5678, 0, 0): b' 1464,1,0,256,0,6,0,0,4,0,0,0,10,2187,20644,1631,0,0 '
Received from ('fd00::200:0:0:2', 8765, 0, 0): b' 1464,2,1,512,0,234,5,1,6,1,1,-88,4,2852,20072,98,0,0 '
Received from ('fd00::200:0:0:12', 8765, 0, 0): b' 1463,18,15,1536,0,286,3,5,5,1,1,-70,0,254,4119,80,0,0 '
Received from ('fd00::200:0:0:b', 8765, 0, 0): b' 1463,11,8,1024,0,232,1,17,7,1,1,-70,0,638,10748,55,0,0 '
Received from ('fd00::200:0:0:e', 8765, 0, 0): b' 1463,14,10,1280,0,255,3,8,7,1,1,-52,0,824,11267,68,0,0 '
Received from ('fd00::200:0:0:a', 8765, 0, 0): b' 1464,10,7,1024,0,269,4,4,7,1,2,-70,4,2113,18319,90,1,5 '
Received from ('fd00::200:0:0:4', 8765, 0, 0): b' 1468,4,1,512,0,265,6,2,7,1,1,-66,0,375,10117,98,0,0 '
Received from ('fd00::200:0:0:e', 8765, 0, 0): b' 1467,14,10,1280,0,255,3,8,7,1,1,-52,0,255,3896,68,0,0 '
Received from ('fd00::200:0:0:12', 8765, 0, 0): b' 1468,18,15,1536,0,289,3,5,5,1,1,-70,0,649,5250,81,0,0 '
Received from ('fd00::200:0:0:2', 8765, 0, 0): b' 1470,2,1,512,0,236,5,1,6,1,1,-88,4,1596,10986,98,0,0 '
Received from ('fd00::200:0:0:13', 8765, 0, 0): b' 1469,19,15,1536,0,255,4,6,7,1,2,-52,0,845,9954,77,0,0 '
Received from ('fd00::200:0:0:7', 8765, 0, 0): b' 1472,7,2,768,10,277,7,6,7,1,2,-70,3,2520,19193,92,0,0 '
Received from ('fd00::200:0:0:3', 8765, 0, 0): b' 1473,3,1,512,0,235,6,1,7,1,1,-64,6,634,14082,97,0,0 '
Received from ('fd00::200:0:0:f', 8765, 0, 0): b' 1470,15,10,1280,0,260,3,5,7,1,1,-70,2,1596,17247,90,0,0 '
Received from ('fd00::200:0:0:5', 8765, 0, 0): b' 1473,5,1,512,10,275,5,1,6,1,1,-94,9,1588,19716,98,0,0 '
Received from ('fd00::200:0:0:8', 8765, 0, 0): b' 1471,8,5,768,0,249,3,6,7,1,1,-70,5,1162,20938,95,0,0 '
Received from ('fd00::200:0:0:a', 8765, 0, 0): b' 1471,10,7,1024,0,271,4,4,7,1,2,-70,4,1491,14734,90,1,5 '
Received from ('fd00::200:0:0:1', 5678, 0, 0): b' 1473,1,0,256,0,6,0,0,4,0,0,0,10,1807,21275,1636,0,0 '
Received from ('fd00::200:0:0:b', 8765, 0, 0): b' 1473,11,8,1024,0,239,1,17,7,1,1,-70,0,1199,10017,56,0,0 '
Received from ('fd00::200:0:0:e', 8765, 0, 0): b' 1473,14,10,1280,0,257,3,8,7,1,1,-52,0,486,5988,68,0,0 '
Received from ('fd00::200:0:0:4', 8765, 0, 0): b' 1475,4,1,512,10,270,6,2,7,1,1,-66,0,793,10155,99,0,0 '
Received from ('fd00::200:0:0:2', 8765, 0, 0): b' 1477,2,1,512,10,239,5,1,6,1,1,-88,4,1787,13318,99,0,0 '
Received from ('fd00::200:0:0:7', 8765, 0, 0): b' 1477,7,2,768,30,280,7,6,7,1,2,-70,3,1246,8615,92,0,0 '
Received from ('fd00::200:0:0:b', 8765, 0, 0): b' 1477,11,8,1024,0,244,1,17,7,1,1,-70,1,1012,6350,56,0,0 '
Received from ('fd00::200:0:0:1', 5678, 0, 0): b' 1479,1,0,256,0,6,0,0,4,0,0,0,10,1311,13860,1644,0,0 '
Received from ('fd00::200:0:0:12', 8765, 0, 0): b' 1475,18,15,1536,0,292,3,5,5,1,1,-70,0,617,7297,81,0,0 '
Received from ('fd00::200:0:0:3', 8765, 0, 0): b' 1480,3,1,512,0,237,6,1,7,1,1,-64,6,559,10457,98,0,0 '
Received from ('fd00::200:0:0:13', 8765, 0, 0): b' 1477,19,15,1536,0,257,4,6,7,1,2,-52,0,663,8054,78,0,0 '
Received from ('fd00::200:0:0:12', 8765, 0, 0): b' 1479,18,15,1536,0,294,3,5,5,1,1,-70,0,468,4549,81,0,0 '
Received from ('fd00::200:0:0:8', 8765, 0, 0): b' 1481,8,5,768,0,253,3,8,7,1,1,-70,5,1523,21396,95,0,0 '
Received from ('fd00::200:0:0:f', 8765, 0, 0): b' 1481,15,10,1280,0,264,3,5,7,1,1,-70,2,2008,22029,91,0,0 '
Received from ('fd00::200:0:0:5', 8765, 0, 0): b' 1483,5,1,512,0,282,5,1,6,1,1,-94,9,2156,21438,99,0,0 '
Received from ('fd00::200:0:0:a', 8765, 0, 0): b' 1483,10,7,1024,0,274,4,4,7,1,2,-70,4,2468,24613,91,1,5 '
Received from ('fd00::200:0:0:1', 5678, 0, 0): b' 1484,1,0,256,0,6,0,0,4,0,0,0,10,1008,11526,1646,0,0 '
Received from ('fd00::200:0:0:e', 8765, 0, 0): b' 1482,14,10,1280,0,260,3,8,7,1,1,-52,0,673,8984,69,0,0 '
Received from ('fd00::200:0:0:4', 8765, 0, 0): b' 1486,4,1,512,0,273,6,2,7,1,1,-66,0,945,12804,99,0,0 '
Received from ('fd00::200:0:0:7', 8765, 0, 0): b' 1486,7,2,768,0,282,7,6,7,1,2,-70,3,2262,18237,93,0,0 '
Received from ('fd00::200:0:0:b', 8765, 0, 0): b' 1485,11,8,1024,10,248,1,17,7,1,1,-70,1,702,7579,56,0,0 '
Received from ('fd00::200:0:0:2', 8765, 0, 0): b' 1488,2,1,512,0,245,6,1,6,1,1,-88,4,3190,21745,99,0,0 '
Received from ('fd00::200:0:0:5', 8765, 0, 0): b' 1488,5,1,512,0,283,5,1,6,1,1,-94,9,899,9859,99,0,0 '
Received from ('fd00::200:0:0:3', 8765, 0, 0): b' 1489,3,1,512,0,242,6,1,7,1,1,-64,6,950,14625,98,0,0 '
Received from ('fd00::200:0:0:4', 8765, 0, 0): b' 1490,4,1,512,0,276,6,2,7,1,1,-66,0,545,6055,100,0,0 '
Received from ('fd00::200:0:0:b', 8765, 0, 0): b' 1489,11,8,1024,0,250,1,17,7,1,1,-70,1,543,4752,57,0,0 '
Received from ('fd00::200:0:0:1', 5678, 0, 0): b' 1491,1,0,256,0,6,0,0,4,0,0,0,10,1525,16998,1654,0,0 '
Received from ('fd00::200:0:0:a', 8765, 0, 0): b' 1490,10,7,1024,20,276,4,4,7,1,2,-70,4,1159,15869,92,1,5 '
Received from ('fd00::200:0:0:e', 8765, 0, 0): b' 1488,14,10,1280,0,262,3,8,7,1,1,-52,0,645,6657,70,0,0 '
Received from ('fd00::200:0:0:13', 8765, 0, 0): b' 1489,19,15,1536,0,259,4,6,7,1,2,-52,0,711,11231,79,0,0 '
Received from ('fd00::200:0:0:8', 8765, 0, 0): b' 1492,8,5,768,0,254,3,8,7,1,1,-70,5,1278,24483,96,0,0 '
Received from ('fd00::200:0:0:12', 8765, 0, 0): b' 1489,18,15,1536,10,294,3,5,5,1,1,-70,0,455,8790,82,0,0 '
Received from ('fd00::200:0:0:f', 8765, 0, 0): b' 1490,15,10,1280,0,264,3,5,7,1,1,-70,2,1099,16650,92,0,0 '
Received from ('fd00::200:0:0:b', 8765, 0, 0): b' 1493,11,8,1024,0,250,1,17,7,1,1,-70,1,254,3957,57,0,0 '
Received from ('fd00::200:0:0:3', 8765, 0, 0): b' 1496,3,1,512,0,244,6,1,7,1,1,-64,6,559,10089,99,0,0 '
Received from ('fd00::200:0:0:7', 8765, 0, 0): b' 1495,7,2,768,20,286,7,6,7,1,2,-70,3,2106,16284,94,0,0 '
Received from ('fd00::200:0:0:13', 8765, 0, 0): b' 1493,19,15,1536,0,259,4,6,7,1,2,-52,0,255,4009,79,0,0 '
Received from ('fd00::200:0:0:4', 8765, 0, 0): b' 1496,4,1,512,0,279,6,2,7,1,1,-66,0,597,7464,100,0,0 '
Received from ('fd00::200:0:0:5', 8765, 0, 0): b' 1497,5,1,512,0,287,5,1,6,1,1,-94,9,1445,15245,100,0,0 '
Received from ('fd00::200:0:0:a', 8765, 0, 0): b' 1496,10,7,1024,0,277,4,4,7,1,2,-70,4,1588,13410,92,1,5 '
Received from ('fd00::200:0:0:e', 8765, 0, 0): b' 1494,14,10,1280,10,265,3,8,7,1,1,-52,0,593,6303,70,0,0 '
Received from ('fd00::200:0:0:2', 8765, 0, 0): b' 1498,2,1,512,0,246,6,1,6,1,1,-88,4,2971,20458,100,0,0 '
Received from ('fd00::200:0:0:f', 8765, 0, 0): b' 1497,15,10,1280,0,265,3,5,7,1,1,-70,2,959,13361,92,0,0 '
Received from ('fd00::200:0:0:8', 8765, 0, 0): b' 1498,8,5,768,0,255,3,8,7,1,1,-70,5,643,11577,96,0,0 '
Received from ('fd00::200:0:0:12', 8765, 0, 0): b' 1498,18,15,1536,0,298,3,5,5,1,1,-70,0,806,8824,83,0,0 '
Received from ('fd00::200:0:0:5', 8765, 0, 0): b' 1501,5,1,512,10,288,5,1,6,1,1,-94,9,618,7941,100,0,0 '
Received from ('fd00::200:0:0:10', 8765, 0, 0): b' 1479,16,11,1408,70,260,7,10,7,0,3,-70,0,828,6737,64,0,0 '
Received from ('fd00::200:0:0:e', 8765, 0, 0): b' 1500,14,10,1280,0,268,3,8,7,1,1,-52,0,601,5327,70,0,0 '
Received from ('fd00::200:0:0:10', 8765, 0, 0): b' 1484,16,11,1408,70,262,7,10,7,0,3,-70,0,282,4429,65,0,0 '
Received from ('fd00::200:0:0:13', 8765, 0, 0): b' 1500,19,15,1536,0,263,4,6,7,1,2,-52,0,796,7840,79,0,0 '
Received from ('fd00::200:0:0:1', 5678, 0, 0): b' 1503,1,0,256,0,6,0,0,4,0,0,0,10,2326,26734,1661,0,0 '
Received from ('fd00::200:0:0:10', 8765, 0, 0): b' 1490,16,11,1408,80,263,7,10,7,0,3,-70,0,223,5373,65,0,0 '
Received from ('fd00::200:0:0:7', 8765, 0, 0): b' 1503,7,2,768,10,290,7,6,7,1,2,-70,3,2305,14952,94,0,0 '
Received from ('fd00::200:0:0:8', 8765, 0, 0): b' 1502,8,5,768,30,257,3,8,7,1,1,-70,5,1324,11352,97,0,0 '
Received from ('fd00::200:0:0:b', 8765, 0, 0): b' 1501,11,8,1024,0,251,1,17,7,1,1,-70,1,1337,10251,58,0,0 '
Received from ('fd00::200:0:0:10', 8765, 0, 0): b' 1501,16,11,1280,10,266,7,10,7,1,3,-70,0,1370,11739,66,0,0 '
Received from ('fd00::200:0:0:4', 8765, 0, 0): b' 1505,4,1,512,0,281,6,2,7,1,1,-66,0,704,11269,101,0,0 '
Received from ('fd00::200:0:0:12', 8765, 0, 0): b' 1503,18,15,1536,0,301,3,5,5,1,1,-70,0,599,5501,83,0,0 '
Received from ('fd00::200:0:0:3', 8765, 0, 0): b' 1507,3,1,512,0,249,6,1,7,1,1,-64,6,1049,17978,100,0,0 '
Received from ('fd00::200:0:0:2', 8765, 0, 0): b' 1507,2,1,512,20,247,6,1,6,1,1,-88,4,1901,17436,101,0,0 '
Received from ('fd00::200:0:0:13', 8765, 0, 0): b' 1505,19,15,1536,0,264,4,6,7,1,2,-52,0,417,4972,80,0,0 '
Received from ('fd00::200:0:0:a', 8765, 0, 0): b' 1508,10,7,1024,0,279,4,4,7,1,2,-70,4,2576,25808,93,1,5 '
Received from ('fd00::200:0:0:f', 8765, 0, 0): b' 1507,15,10,1280,0,267,3,6,7,1,1,-70,2,1909,19981,93,0,0 '
Received from ('fd00::200:0:0:4', 8765, 0, 0): b' 1510,4,1,512,0,282,6,2,7,1,1,-66,0,360,6087,101,0,0 '
Received from ('fd00::200:0:0:5', 8765, 0, 0): b' 1510,5,1,512,0,292,5,1,6,1,1,-94,9,2425,21306,101,0,0 '
Received from ('fd00::200:0:0:7', 8765, 0, 0): b' 1511,7,2,768,20,292,7,6,7,1,2,-70,3,1911,15945,95,0,0 '
Received from ('fd00::200:0:0:e', 8765, 0, 0): b' 1509,14,10,1280,0,271,3,8,7,1,1,-52,0,914,10106,71,0,0 '
Received from ('fd00::200:0:0:12', 8765, 0, 0): b' 1509,18,15,1536,0,301,3,5,5,1,1,-70,0,278,5333,83,0,0 '
Received from ('fd00::200:0:0:8', 8765, 0, 0): b' 1511,8,5,768,0,258,3,8,7,1,1,-70,5,1156,18686,97,0,0 '
Received from ('fd00::200:0:0:a', 8765, 0, 0): b' 1512,10,7,1024,0,279,4,4,7,1,2,-70,4,981,9667,93,1,5 '
Received from ('fd00::200:0:0:1', 5678, 0, 0): b' 1513,1,0,256,0,6,0,0,4,0,0,0,10,2351,24659,1672,0,0 '
Received from ('fd00::200:0:0:b', 8765, 0, 0): b' 1512,11,8,1024,0,255,1,17,7,1,1,-70,1,1525,14250,58,0,0 '
Received from ('fd00::200:0:0:10', 8765, 0, 0): b' 1513,16,11,1280,0,270,7,10,7,1,3,-70,0,948,11005,67,0,0 '
Received from ('fd00::200:0:0:2', 8765, 0, 0): b' 1514,2,1,512,10,249,6,1,6,1,1,-88,4,2136,13636,101,0,0 '
Received from ('fd00::200:0:0:12', 8765, 0, 0): b' 1513,18,15,1536,0,302,3,5,5,1,1,-70,0,417,4108,84,0,0 '
Received from ('fd00::200:0:0:7', 8765, 0, 0): b' 1515,7,2,768,10,293,7,6,7,1,2,-70,3,1126,8042,95,0,0 '
Received from ('fd00::200:0:0:8', 8765, 0, 0): b' 1515,8,5,768,0,258,3,8,7,1,1,-70,5,635,8340,97,0,0 '
Received from ('fd00::200:0:0:3', 8765, 0, 0): b' 1517,3,1,512,0,253,6,1,7,1,1,-64,6,929,14912,100,0,0 '
Received from ('fd00::200:0:0:13', 8765, 0, 0): b' 1514,19,15,1536,0,267,4,6,7,1,2,-52,0,738,9019,80,0,0 '
Received from ('fd00::200:0:0:e', 8765, 0, 0): b' 1517,14,10,1280,0,273,3,8,7,1,1,-52,0,609,7028,71,0,0 '
Received from ('fd00::200:0:0:4', 8765, 0, 0): b' 1518,4,1,512,10,284,6,2,7,1,1,-66,0,611,10069,101,0,0 '
Received from ('fd00::200:0:0:a', 8765, 0, 0): b' 1519,10,7,1024,10,283,4,4,7,1,2,-70,4,1665,16831,93,1,5 '
Received from ('fd00::200:0:0:12', 8765, 0, 0): b' 1518,18,15,1536,0,303,3,5,5,1,1,-70,0,361,4117,84,0,0 '
Received from ('fd00::200:0:0:5', 8765, 0, 0): b' 1519,5,1,512,10,295,5,1,6,1,1,-94,9,1760,17731,101,0,0 '
Received from ('fd00::200:0:0:b', 8765, 0, 0): b' 1518,11,8,1024,0,256,1,17,7,1,1,-70,1,732,8094,59,0,0 '
Received from ('fd00::200:0:0:10', 8765, 0, 0): b' 1519,16,11,1280,0,271,7,12,7,1,3,-70,0,443,6177,67,0,0 '
Received from ('fd00::200:0:0:f', 8765, 0, 0): b' 1519,15,10,1280,0,268,3,6,7,1,1,-70,2,1865,22445,93,0,0 '
Received from ('fd00::200:0:0:1', 5678, 0, 0): b' 1523,1,0,256,0,6,0,0,4,0,0,0,10,2066,22796,1683,0,0 '
Received from ('fd00::200:0:0:7', 8765, 0, 0): b' 1524,7,2,768,10,295,7,6,7,1,2,-70,3,2125,15301,95,0,0 '
Received from ('fd00::200:0:0:8', 8765, 0, 0): b' 1523,8,5,768,0,260,3,8,7,1,1,-70,5,1073,16383,98,0,0 '
Received from ('fd00::200:0:0:a', 8765, 0, 0): b' 1525,10,7,1024,10,286,4,4,7,1,2,-70,4,1534,14117,94,1,5 '
Received from ('fd00::200:0:0:b', 8765, 0, 0): b' 1523,11,8,1024,0,257,1,17,7,1,1,-70,1,738,7476,59,0,0 '
Received from ('fd00::200:0:0:3', 8765, 0, 0): b' 1525,3,1,512,0,253,6,1,7,1,1,-64,6,376,11433,101,0,0 '
Received from ('fd00::200:0:0:13', 8765, 0, 0): b' 1522,19,15,1536,0,272,4,6,7,1,2,-52,0,893,8603,81,0,0 '
Received from ('fd00::200:0:0:2', 8765, 0, 0): b' 1526,2,1,512,10,251,6,1,6,1,1,-88,4,3270,22679,102,0,0 '
Received from ('fd00::200:0:0:4', 8765, 0, 0): b' 1526,4,1,512,0,286,6,2,7,1,1,-66,0,591,9896,102,0,0 '
Received from ('fd00::200:0:0:f', 8765, 0, 0): b' 1524,15,10,1280,0,269,3,7,7,1,1,-70,2,874,9951,94,0,0 '
Received from ('fd00::200:0:0:10', 8765, 0, 0): b' 1526,16,11,1280,0,274,7,12,7,1,3,-70,0,656,7880,68,0,0 '
Received from ('fd00::200:0:0:8', 8765, 0, 0): b' 1527,8,5,768,0,260,3,8,7,1,1,-70,5,749,10340,98,0,0 '
Received from ('fd00::200:0:0:3', 8765, 0, 0): b' 1529,3,1,512,0,254,6,1,7,1,1,-64,6,384,7207,101,0,0 '
Received from ('fd00::200:0:0:5', 8765, 0, 0): b' 1530,5,1,512,0,299,5,1,6,1,1,-94,9,2188,20854,102,0,0 '
Received from ('fd00::200:0:0:1', 5678, 0, 0): b' 1530,1,0,256,0,6,0,0,4,0,0,0,10,1266,16038,1686,0,0 '
Received from ('fd00::200:0:0:e', 8765, 0, 0): b' 1530,14,10,1280,10,279,3,8,7,1,1,-52,0,1121,11905,72,0,0 '
Received from ('fd00::200:0:0:b', 8765, 0, 0): b' 1529,11,8,1024,0,259,1,17,7,1,1,-70,2,910,8661,59,0,0 '
Received from ('fd00::200:0:0:f', 8765, 0, 0): b' 1528,15,10,1280,20,271,3,7,7,1,1,-70,2,813,9467,94,0,0 '
Received from ('fd00::200:0:0:12', 8765, 0, 0): b' 1528,18,15,1536,0,308,3,5,5,1,1,-70,0,1162,10844,85,0,0 '
Received from ('fd00::200:0:0:7', 8765, 0, 0): b' 1530,7,2,768,10,298,7,6,7,1,2,-70,3,1855,14700,96,0,0 '
Received from ('fd00::200:0:0:a', 8765, 0, 0): b' 1532,10,7,1024,0,288,4,4,7,1,2,-70,4,1612,16271,94,1,5 '
Received from ('fd00::200:0:0:4', 8765, 0, 0): b' 1534,4,1,512,0,289,6,2,7,1,1,-66,0,696,10820,103,0,0 '
Received from ('fd00::200:0:0:e', 8765, 0, 0): b' 1535,14,10,1280,10,281,3,8,7,1,1,-52,0,522,4259,73,0,0 '
Received from ('fd00::200:0:0:5', 8765, 0, 0): b' 1535,5,1,512,0,299,5,1,6,1,1,-94,9,712,9440,102,0,0 '
Received from ('fd00::200:0:0:13', 8765, 0, 0): b' 1532,19,15,1536,0,275,4,6,7,1,2,-52,0,860,9844,82,0,0 '
Received from ('fd00::200:0:0:2', 8765, 0, 0): b' 1536,2,1,512,10,253,6,1,6,1,1,-88,4,2692,21150,103,0,0 '
Received from ('fd00::200:0:0:8', 8765, 0, 0): b' 1537,8,5,768,10,265,3,8,7,1,1,-70,6,1772,21153,99,0,0 '
Received from ('fd00::200:0:0:b', 8765, 0, 0): b' 1536,11,8,1024,10,261,1,17,7,1,1,-70,3,926,9249,60,0,0 '
Received from ('fd00::200:0:0:12', 8765, 0, 0): b' 1536,18,15,1536,0,310,3,5,5,1,1,-70,0,518,7559,85,0,0 '
Received from ('fd00::200:0:0:7', 8765, 0, 0): b' 1537,7,2,768,0,300,7,6,7,1,2,-70,3,1759,13615,96,0,0 '
Received from ('fd00::200:0:0:10', 8765, 0, 0): b' 1536,16,11,1280,0,280,7,13,7,1,3,-70,2,1530,11610,68,0,0 '
Received from ('fd00::200:0:0:1', 5678, 0, 0): b' 1540,1,0,256,0,6,0,0,4,0,0,0,10,2234,22819,1697,0,0 '
Received from ('fd00::200:0:0:f', 8765, 0, 0): b' 1538,15,10,1280,0,275,3,7,7,1,1,-70,2,1729,19284,95,0,0 '
Received from ('fd00::200:0:0:5', 8765, 0, 0): b' 1540,5,1,512,0,299,5,1,6,1,1,-94,9,1403,11698,103,0,0 '
Received from ('fd00::200:0:0:3', 8765, 0, 0): b' 1541,3,1,512,10,260,6,1,7,1,1,-64,6,1133,18009,102,0,0 '
Received from ('fd00::200:0:0:a', 8765, 0, 0): b' 1542,10,7,1024,0,292,4,4,7,1,2,-70,4,2616,23839,95,1,5 '
Received from ('fd00::200:0:0:2', 8765, 0, 0): b' 1542,2,1,512,0,254,6,1,6,1,1,-88,4,1522,10430,103,0,0 '
Received from ('fd00::200:0:0:e', 8765, 0, 0): b' 1543,14,10,1280,0,285,3,8,7,1,1,-52,0,749,8623,73,0,0 '
Received from ('fd00::200:0:0:10', 8765, 0, 0): b' 1542,16,11,1280,20,282,7,13,7,1,3,-70,3,934,9678,69,0,0 '
Received from ('fd00::200:0:0:4', 8765, 0, 0): b' 1544,4,1,512,0,293,6,2,7,1,1,-66,0,844,12794,103,0,0 '
Received from ('fd00::200:0:0:1', 5678, 0, 0): b' 1544,1,0,256,0,6,0,0,4,0,0,0,10,837,9364,1699,0,0 '
Received from ('fd00::200:0:0:14', 8765, 0, 0): b' 1520,20,16,1664,40,288,6,5,7,0,3,-52,0,1024,10731,83,0,0 '
Received from ('fd00::200:0:0:7', 8765, 0, 0): b' 1544,7,2,768,0,302,7,6,7,1,2,-70,3,1317,11283,97,0,0 '
Received from ('fd00::200:0:0:f', 8765, 0, 0): b' 1544,15,10,1280,0,275,3,7,7,1,1,-70,2,694,10816,95,0,0 '
Received from ('fd00::200:0:0:13', 8765, 0, 0): b' 1544,19,15,1536,0,278,4,6,7,1,2,-52,0,828,11571,82,0,0 '
Received from ('fd00::200:0:0:12', 8765, 0, 0): b' 1545,18,15,1536,0,311,3,5,5,1,1,-70,0,586,8842,86,0,0 '
Received from ('fd00::200:0:0:5', 8765, 0, 0): b' 1547,5,1,512,0,301,5,1,6,1,1,-94,9,1374,13022,103,0,0 '
Received from ('fd00::200:0:0:2', 8765, 0, 0): b' 1547,2,1,512,0,255,6,1,6,1,1,-88,4,1210,8646,103,0,0 '
Received from ('fd00::200:0:0:14', 8765, 0, 0): b' 1529,20,16,1664,90,290,7,5,7,0,3,-52,1,1409,11024,83,0,0 '
Received from ('fd00::200:0:0:b', 8765, 0, 0): b' 1547,11,8,1024,30,266,1,17,7,1,1,-70,5,2470,16754,61,0,0 '
Received from ('fd00::200:0:0:8', 8765, 0, 0): b' 1548,8,5,768,0,268,3,8,7,1,1,-70,7,2707,24911,100,0,0 '
Received from ('fd00::200:0:0:14', 8765, 0, 0): b' 1535,20,16,1664,90,292,7,5,7,0,3,-52,1,358,5275,84,0,0 '
Received from ('fd00::200:0:0:14', 8765, 0, 0): b' 1544,20,16,1664,70,295,7,5,7,1,3,-52,1,1768,9645,84,0,0 '
Received from ('fd00::200:0:0:e', 8765, 0, 0): b' 1550,14,10,1280,0,288,3,8,7,1,1,-52,0,655,6616,74,0,0 '
Received from ('fd00::200:0:0:3', 8765, 0, 0): b' 1550,3,1,512,0,264,6,1,7,1,1,-64,6,927,14047,103,0,0 '
Received from ('fd00::200:0:0:c', 8765, 0, 0): b' 1522,12,20,2304,0,0,0,1,1,0,1,-95,0,0,4577,0,0,0 '
Received from ('fd00::200:0:0:1', 5678, 0, 0): b' 1551,1,0,256,0,6,0,0,4,0,0,0,10,1606,17066,1708,0,0 '
Received from ('fd00::200:0:0:a', 8765, 0, 0): b' 1550,10,7,1024,10,293,4,4,7,1,2,-70,4,1909,19594,95,1,5 '
Received from ('fd00::200:0:0:10', 8765, 0, 0): b' 1552,16,11,1280,0,287,7,13,7,1,3,-70,4,3178,22445,69,0,0 '
Received from ('fd00::200:0:0:4', 8765, 0, 0): b' 1554,4,1,512,0,293,6,2,7,1,1,-66,0,497,11858,104,0,0 '
Received from ('fd00::200:0:0:1', 5678, 0, 0): b' 1556,1,0,256,0,6,0,0,4,0,0,0,10,969,10926,1713,0,0 '
Received from ('fd00::200:0:0:14', 8765, 0, 0): b' 1555,20,16,1536,0,300,7,5,7,1,3,-52,1,1544,12397,85,0,0 '
Received from ('fd00::200:0:0:7', 8765, 0, 0): b' 1555,7,2,768,0,303,7,6,7,1,2,-70,4,2328,20478,98,0,0 '
Received from ('fd00::200:0:0:f', 8765, 0, 0): b' 1555,15,10,1280,20,279,3,7,7,1,1,-70,2,1928,20645,96,0,0 '
Received from ('fd00::200:0:0:3', 8765, 0, 0): b' 1557,3,1,512,0,265,6,1,7,1,1,-64,6,384,9767,103,0,0 '
Received from ('fd00::200:0:0:13', 8765, 0, 0): b' 1554,19,15,1536,10,282,5,6,7,1,2,-52,0,875,9583,83,0,0 '
Received from ('fd00::200:0:0:a', 8765, 0, 0): b' 1557,10,7,1024,0,294,4,4,7,1,2,-70,4,1307,15067,96,1,5 '
Received from ('fd00::200:0:0:5', 8765, 0, 0): b' 1557,5,1,512,10,302,5,1,6,1,1,-94,9,2377,22334,104,0,0 '
Received from ('fd00::200:0:0:2', 8765, 0, 0): b' 1557,2,1,512,20,259,6,1,6,1,1,-88,6,2895,20457,104,0,0 '
Received from ('fd00::200:0:0:12', 8765, 0, 0): b' 1556,18,15,1536,0,313,4,5,5,1,1,-70,0,774,10138,87,0,0 '
Received from ('fd00::200:0:0:4', 8765, 0, 0): b' 1559,4,1,512,0,295,6,2,7,1,1,-66,0,561,7107,104,0,0 '
Received from ('fd00::200:0:0:8', 8765, 0, 0): b' 1558,8,5,768,10,272,3,8,7,1,1,-70,7,2131,21299,100,0,0 '
Received from ('fd00::200:0:0:e', 8765, 0, 0): b' 1559,14,10,1280,0,291,3,8,7,1,1,-52,0,744,8946,74,0,0 '
Received from ('fd00::200:0:0:b', 8765, 0, 0): b' 1558,11,8,1024,0,270,1,18,7,1,1,-70,5,2307,17274,61,0,0 '
Received from ('fd00::200:0:0:15', 8765, 0, 0): b' 1526,21,16,1664,90,287,7,7,5,0,3,-70,0,1063,9183,77,0,0 '
Received from ('fd00::200:0:0:15', 8765, 0, 0): b' 1536,21,16,1664,70,292,7,7,5,0,3,-70,0,1064,10247,78,0,0 '
Received from ('fd00::200:0:0:5', 8765, 0, 0): b' 1562,5,1,512,10,303,5,1,6,1,1,-94,9,1622,11858,104,0,0 '
Received from ('fd00::200:0:0:a', 8765, 0, 0): b' 1563,10,7,1024,0,295,4,4,7,1,2,-70,4,1278,13940,96,1,5 '
Received from ('fd00::200:0:0:15', 8765, 0, 0): b' 1544,21,16,1664,80,295,7,7,5,0,3,-70,0,509,6951,78,0,0 '
Received from ('fd00::200:0:0:f', 8765, 0, 0): b' 1564,15,10,1280,0,283,3,7,7,1,1,-70,2,1576,14698,96,0,0 '
Received from ('fd00::200:0:0:13', 8765, 0, 0): b' 1562,19,15,1536,0,284,5,6,7,1,2,-52,0,674,8320,84,0,0 '
Received from ('fd00::200:0:0:15', 8765, 0, 0): b' 1553,21,16,1664,90,296,7,7,5,0,3,-70,0,1243,8511,79,0,0 '
Received from ('fd00::200:0:0:4', 8765, 0, 0): b' 1565,4,1,512,10,297,6,2,7,1,1,-66,0,458,8261,105,0,0 '
Received from ('fd00::200:0:0:15', 8765, 0, 0): b' 1560,21,16,1536,20,298,7,7,5,1,3,-70,0,1097,7709,79,0,0 '
Received from ('fd00::200:0:0:10', 8765, 0, 0): b' 1563,16,11,1280,20,291,7,14,7,1,3,-70,5,2765,21558,70,0,0 '
Received from ('fd00::200:0:0:8', 8765, 0, 0): b' 1566,8,5,768,0,275,3,8,7,1,1,-70,7,2476,16203,101,0,0 '
Received from ('fd00::200:0:0:1', 5678, 0, 0): b' 1567,1,0,256,0,6,0,0,4,0,0,0,10,2616,26047,1725,0,0 '
Received from ('fd00::200:0:0:15', 8765, 0, 0): b' 1565,21,16,1536,0,302,7,7,5,1,3,-70,0,750,5789,79,0,0 '
Received from ('fd00::200:0:0:7', 8765, 0, 0): b' 1566,7,2,768,20,308,7,6,7,1,2,-70,5,2991,22115,98,0,0 '
Received from ('fd00::200:0:0:14', 8765, 0, 0): b' 1566,20,16,1536,0,303,7,5,7,1,3,-52,1,802,11583,86,0,0 '
Received from ('fd00::200:0:0:e', 8765, 0, 0): b' 1568,14,10,1280,0,293,3,8,7,1,1,-52,0,566,8374,75,0,0 '
Received from ('fd00::200:0:0:3', 8765, 0, 0): b' 1568,3,1,512,0,270,6,1,7,1,1,-64,6,1043,16794,104,0,0 '
Received from ('fd00::200:0:0:c', 8765, 0, 0): b' 1531,12,16,1664,70,2,3,1,2,0,2,-52,0,754,3663,1,0,0 '
Received from ('fd00::200:0:0:12', 8765, 0, 0): b' 1567,18,15,1536,0,318,4,5,5,1,1,-70,0,984,10997,87,0,0 '
Received from ('fd00::200:0:0:f', 8765, 0, 0): b' 1570,15,10,1280,0,287,3,7,7,1,1,-70,2,1305,12140,97,0,0 '
Received from ('fd00::200:0:0:2', 8765, 0, 0): b' 1569,2,1,512,10,263,6,1,6,1,1,-88,6,3238,22984,105,0,0 '
Received from ('fd00::200:0:0:b', 8765, 0, 0): b' 1569,11,8,1024,0,274,1,19,7,1,1,-70,6,3414,20740,62,0,0 '
Received from ('fd00::200:0:0:5', 8765, 0, 0): b' 1572,5,1,512,0,306,5,1,6,1,1,-94,9,2991,21608,105,0,0 '
Received from ('fd00::200:0:0:1', 5678, 0, 0): b' 1572,1,0,256,0,6,0,0,4,0,0,0,10,1342,13282,1731,0,0 '
Received from ('fd00::200:0:0:7', 8765, 0, 0): b' 1571,7,2,768,0,311,7,6,7,1,2,-70,5,1392,9039,99,0,0 '
Received from ('fd00::200:0:0:a', 8765, 0, 0): b' 1571,10,7,1024,0,298,4,4,7,1,2,-70,4,2320,21796,97,1,5 '
Received from ('fd00::200:0:0:10', 8765, 0, 0): b' 1571,16,11,1280,0,293,7,14,7,1,3,-70,5,1540,16901,71,0,0 '
Received from ('fd00::200:0:0:13', 8765, 0, 0): b' 1571,19,15,1536,0,286,5,6,7,1,2,-52,0,607,8097,84,0,0 '
Received from ('fd00::200:0:0:4', 8765, 0, 0): b' 1573,4,1,512,0,300,6,2,7,1,1,-66,0,897,10955,105,0,0 '
Received from ('fd00::200:0:0:12', 8765, 0, 0): b' 1574,18,15,1536,0,321,4,5,5,1,1,-70,0,632,5563,88,0,0 '
Received from ('fd00::200:0:0:b', 8765, 0, 0): b' 1574,11,8,1024,20,275,1,19,7,1,1,-70,6,626,7537,62,0,0 '
Received from ('fd00::200:0:0:14', 8765, 0, 0): b' 1574,20,16,1536,0,306,7,5,7,1,3,-52,1,618,7706,86,0,0 '
Received from ('fd00::200:0:0:f', 8765, 0, 0): b' 1577,15,10,1280,10,289,3,7,7,1,1,-70,2,1214,13722,97,0,0 '
Received from ('fd00::200:0:0:1', 5678, 0, 0): b' 1577,1,0,256,0,6,0,0,4,0,0,0,10,754,9373,1732,0,0 '
Received from ('fd00::200:0:0:8', 8765, 0, 0): b' 1576,8,5,768,10,280,3,8,7,1,1,-70,7,2979,23954,102,0,0 '
Received from ('fd00::200:0:0:3', 8765, 0, 0): b' 1578,3,1,512,0,274,6,1,7,1,1,-64,6,957,14695,104,0,0 '
Received from ('fd00::200:0:0:15', 8765, 0, 0): b' 1576,21,16,1536,0,305,7,7,5,1,3,-70,0,794,9482,80,0,0 '
Received from ('fd00::200:0:0:e', 8765, 0, 0): b' 1578,14,10,1280,10,297,3,8,7,1,1,-52,0,845,10185,75,0,0 '
Received from ('fd00::200:0:0:a', 8765, 0, 0): b' 1577,10,7,1024,0,299,4,4,7,1,2,-70,4,1352,15217,97,1,5 '
Received from ('fd00::200:0:0:5', 8765, 0, 0): b' 1579,5,1,512,0,308,5,1,6,1,1,-94,9,1957,16118,105,0,0 '
Received from ('fd00::200:0:0:10', 8765, 0, 0): b' 1578,16,11,1280,0,295,7,14,7,1,3,-70,5,1392,14041,71,0,0 '
Received from ('fd00::200:0:0:7', 8765, 0, 0): b' 1578,7,2,768,10,313,7,6,7,1,2,-70,5,1762,14392,99,0,0 '
Received from ('fd00::200:0:0:2', 8765, 0, 0): b' 1580,2,1,512,20,264,6,1,6,1,1,-88,6,2318,18872,106,0,0 '
Received from ('fd00::200:0:0:4', 8765, 0, 0): b' 1581,4,1,512,0,303,6,2,7,1,1,-66,0,693,10657,106,0,0 '
Received from ('fd00::200:0:0:13', 8765, 0, 0): b' 1580,19,15,1536,0,287,5,6,7,1,2,-52,0,661,7623,85,0,0 '
Received from ('fd00::200:0:0:12', 8765, 0, 0): b' 1581,18,15,1536,10,325,4,5,5,1,1,-70,0,700,6669,88,0,0 '
Received from ('fd00::200:0:0:b', 8765, 0, 0): b' 1582,11,8,1024,0,279,1,19,7,1,1,-70,6,1755,14745,63,0,0 '
Received from ('fd00::200:0:0:e', 8765, 0, 0): b' 1584,14,10,1280,0,300,3,8,7,1,1,-52,0,651,5739,76,0,0 '
Received from ('fd00::200:0:0:a', 8765, 0, 0): b' 1583,10,7,1024,10,305,4,4,7,1,2,-70,4,1830,13460,98,1,5 '
Received from ('fd00::200:0:0:4', 8765, 0, 0): b' 1585,4,1,512,0,305,6,2,7,1,1,-66,0,461,5389,106,0,0 '
Received from ('fd00::200:0:0:14', 8765, 0, 0): b' 1584,20,16,1536,0,312,7,5,7,1,3,-52,1,1269,11126,87,0,0 '
Received from ('fd00::200:0:0:3', 8765, 0, 0): b' 1586,3,1,512,0,276,6,1,7,1,1,-64,6,566,11301,105,0,0 '
Received from ('fd00::200:0:0:f', 8765, 0, 0): b' 1585,15,10,1280,0,290,3,7,7,1,1,-70,2,1446,16328,98,0,0 '
Received from ('fd00::200:0:0:8', 8765, 0, 0): b' 1586,8,5,768,10,285,3,8,7,1,1,-70,7,2475,21641,102,0,0 '
Received from ('fd00::200:0:0:10', 8765, 0, 0): b' 1585,16,11,1280,0,296,7,15,7,1,3,-70,5,1199,13351,72,0,0 '
Received from ('fd00::200:0:0:13', 8765, 0, 0): b' 1586,19,15,1536,0,291,5,6,7,1,2,-52,0,700,6578,85,0,0 '
Received from ('fd00::200:0:0:1', 5678, 0, 0): b' 1588,1,0,256,0,6,0,0,4,0,0,0,10,2607,26701,1746,0,0 '
Received from ('fd00::200:0:0:15', 8765, 0, 0): b' 1587,21,16,1536,0,308,7,7,5,1,3,-70,0,796,10650,81,0,0 '
Received from ('fd00::200:0:0:e', 8765, 0, 0): b' 1589,14,10,1280,0,301,3,8,7,1,1,-52,0,385,5402,76,0,0 '
Received from ('fd00::200:0:0:b', 8765, 0, 0): b' 1587,11,8,1024,0,281,1,19,7,1,1,-70,6,987,8424,63,0,0 '
Received from ('fd00::200:0:0:12', 8765, 0, 0): b' 1589,18,15,1536,0,327,4,5,5,1,1,-70,0,597,8192,89,0,0 '
Received from ('fd00::200:0:0:2', 8765, 0, 0): b' 1590,2,1,512,0,267,6,1,6,1,1,-88,6,2722,19166,106,0,0 '
Received from ('fd00::200:0:0:5', 8765, 0, 0): b' 1589,5,1,512,10,310,5,1,6,1,1,-94,9,2420,22511,106,0,0 '
Received from ('fd00::200:0:0:f', 8765, 0, 0): b' 1590,15,10,1280,0,292,3,7,7,1,1,-70,2,1075,10352,98,0,0 '
Received from ('fd00::200:0:0:7', 8765, 0, 0): b' 1590,7,2,768,0,318,7,6,7,1,2,-70,5,3151,21366,100,0,0 '
Received from ('fd00::200:0:0:8', 8765, 0, 0): b' 1591,8,5,768,10,289,3,8,7,1,1,-70,8,1719,11064,103,0,0 '
Received from ('fd00::200:0:0:a', 8765, 0, 0): b' 1590,10,7,1024,0,310,4,4,7,1,2,-70,4,2097,17597,98,1,5 '
Received from ('fd00::200:0:0:4', 8765, 0, 0): b' 1594,4,1,512,0,308,6,2,7,1,1,-66,0,696,10947,107,0,0 '
Received from ('fd00::200:0:0:14', 8765, 0, 0): b' 1593,20,16,1536,0,318,7,5,7,1,3,-52,0,1100,9460,88,0,0 '
Received from ('fd00::200:0:0:c', 8765, 0, 0): b' 1559,12,11,1408,90,5,5,2,4,0,3,-52,1,573,5745,2,0,0 '
Received from ('fd00::200:0:0:3', 8765, 0, 0): b' 1595,3,1,512,0,278,6,1,7,1,1,-64,6,711,14241,106,0,0 '
Received from ('fd00::200:0:0:e', 8765, 0, 0): b' 1594,14,10,1280,0,302,3,8,7,1,1,-52,0,417,4644,77,0,0 '
Received from ('fd00::200:0:0:10', 8765, 0, 0): b' 1593,16,11,1280,0,298,7,15,7,1,3,-70,5,1618,15812,72,0,0 '
Received from ('fd00::200:0:0:13', 8765, 0, 0): b' 1593,19,15,1536,10,292,5,6,7,1,2,-52,0,538,6973,86,0,0 '
Received from ('fd00::200:0:0:c', 8765, 0, 0): b' 1566,12,11,1408,100,6,5,2,4,0,3,-52,1,593,6668,3,0,0 '
Received from ('fd00::200:0:0:f', 8765, 0, 0): b' 1592,15,10,1280,0,292,3,8,7,1,1,-70,2,596,7821,98,0,0 '
Received from ('fd00::200:0:0:5', 8765, 0, 0): b' 1596,5,1,512,20,311,5,1,6,1,1,-94,9,1741,13943,107,0,0 '
Received from ('fd00::200:0:0:12', 8765, 0, 0): b' 1595,18,15,1536,0,328,4,5,5,1,1,-70,0,482,6349,89,0,0 '
Received from ('fd00::200:0:0:b', 8765, 0, 0): b' 1593,11,8,1024,10,282,1,19,7,1,1,-70,6,1205,11615,64,0,0 '
Received from ('fd00::200:0:0:c', 8765, 0, 0): b' 1573,12,8,1152,70,7,6,2,5,0,4,-52,1,720,6914,3,0,0 '
Received from ('fd00::200:0:0:15', 8765, 0, 0): b' 1593,21,16,1536,10,311,7,7,5,1,3,-70,0,518,6876,81,0,0 '
Received from ('fd00::200:0:0:4', 8765, 0, 0): b' 1598,4,1,512,0,308,6,2,7,1,1,-66,0,253,5372,107,0,0 '
Received from ('fd00::200:0:0:a', 8765, 0, 0): b' 1597,10,7,1024,0,312,4,4,7,1,2,-70,4,1575,14704,99,1,5 '
Received from ('fd00::200:0:0:c', 8765, 0, 0): b' 1581,12,8,1152,70,8,7,3,5,0,4,-52,1,872,7859,4,0,0 '
Received from ('fd00::200:0:0:c', 8765, 0, 0): b' 1588,12,8,1152,90,9,7,3,6,0,4,-52,1,488,6935,4,0,0 '
Received from ('fd00::200:0:0:2', 8765, 0, 0): b' 1599,2,1,512,10,268,6,1,6,1,1,-88,6,2481,17749,107,0,0 '
Received from ('fd00::200:0:0:1', 5678, 0, 0): b' 1600,1,0,256,0,6,0,0,4,0,0,0,10,2751,28024,1760,0,0 '
Received from ('fd00::200:0:0:f', 8765, 0, 0): b' 1597,15,10,1280,0,293,3,8,7,1,1,-70,2,785,9447,99,0,0 '
Received from ('fd00::200:0:0:9', 8765, 0, 0): b' 1568,9,8,1152,30,1,2,2,2,0,1,-52,0,1208,27323,0,0,0 '
Received from ('fd00::200:0:0:c', 8765, 0, 0): b' 1593,12,8,1152,90,9,7,3,6,0,4,-52,1,277,4502,5,0,0 '
Received from ('fd00::200:0:0:9', 8765, 0, 0): b' 1578,9,8,1152,80,2,3,2,2,0,1,-52,0,1652,9226,0,0,0 '
Received from ('fd00::200:0:0:5', 8765, 0, 0): b' 1600,5,1,512,40,312,5,1,6,1,1,-94,9,1944,11692,107,0,0 '
Received from ('fd00::200:0:0:7', 8765, 0, 0): b' 1601,7,2,768,0,321,7,6,7,1,2,-70,5,2715,20260,101,0,0 '
Received from ('fd00::200:0:0:9', 8765, 0, 0): b' 1583,9,8,1152,80,3,3,2,2,0,1,-52,0,518,3527,1,0,0 '
Received from ('fd00::200:0:0:9', 8765, 0, 0): b' 1588,9,8,1152,80,4,3,2,3,0,1,-52,0,802,5157,1,0,0 '
Received from ('fd00::200:0:0:13', 8765, 0, 0): b' 1603,19,15,1536,0,294,5,6,7,1,2,-52,0,541,9158,86,0,0 '
Received from ('fd00::200:0:0:9', 8765, 0, 0): b' 1595,9,8,1152,70,5,3,2,3,1,1,-52,0,916,7934,1,0,0 '
Received from ('fd00::200:0:0:e', 8765, 0, 0): b' 1603,14,10,1280,0,304,3,8,7,1,1,-52,0,661,10411,77,0,0 '
Received from ('fd00::200:0:0:3', 8765, 0, 0): b' 1606,3,1,512,0,283,6,1,7,1,1,-64,6,854,15800,106,0,0 '
Received from ('fd00::200:0:0:15', 8765, 0, 0): b' 1601,21,16,1536,0,314,7,7,5,1,3,-70,0,763,7163,82,0,0 '
Received from ('fd00::200:0:0:9', 8765, 0, 0): b' 1600,9,8,1024,0,6,3,2,5,1,1,-52,0,1045,5705,2,0,0 '
Received from ('fd00::200:0:0:12', 8765, 0, 0): b' 1605,18,15,1536,0,331,4,5,5,1,1,-70,0,703,9520,90,0,0 '
Received from ('fd00::200:0:0:8', 8765, 0, 0): b' 1603,8,5,768,20,291,3,9,7,1,1,-70,8,4996,33287,103,0,0 '
Received from ('fd00::200:0:0:10', 8765, 0, 0): b' 1600,16,11,1280,0,299,7,15,7,1,3,-70,4,1510,16206,73,0,0 '
Received from ('fd00::200:0:0:b', 8765, 0, 0): b' 1603,11,8,1024,10,284,1,19,7,1,1,-70,6,1343,15047,64,0,0 '
Received from ('fd00::200:0:0:14', 8765, 0, 0): b' 1603,20,16,1536,0,324,7,5,7,1,3,-52,0,1060,10127,88,0,0 '
Received from ('fd00::200:0:0:2', 8765, 0, 0): b' 1608,2,1,512,0,269,6,1,6,1,1,-88,6,1599,15449,107,0,0 '
Received from ('fd00::200:0:0:c', 8765, 0, 0): b' 1604,12,8,1024,0,11,7,3,6,1,4,-52,0,1817,12750,5,0,0 '
Received from ('fd00::200:0:0:a', 8765, 0, 0): b' 1607,10,7,1024,10,315,4,4,7,1,2,-70,4,2023,22753,99,1,5 '
Received from ('fd00::200:0:0:5', 8765, 0, 0): b' 1610,5,1,512,40,316,5,1,6,1,1,-94,9,3830,22760,107,0,0 '
Received from ('fd00::200:0:0:10', 8765, 0, 0): b' 1605,16,11,1280,0,300,7,15,7,1,3,-70,4,825,9073,73,0,0 '
Received from ('fd00::200:0:0:4', 8765, 0, 0): b' 1610,4,1,512,0,313,6,2,7,1,1,-66,0,1113,15472,108,0,0 '
Received from ('fd00::200:0:0:15', 8765, 0, 0): b' 1606,21,16,1536,0,317,7,7,5,1,3,-70,0,599,5722,82,0,0 '
Received from ('fd00::200:0:0:f', 8765, 0, 0): b' 1608,15,10,1280,0,297,3,8,7,1,1,-70,2,1801,20623,99,0,0 '
Received from ('fd00::200:0:0:1', 5678, 0, 0): b' 1611,1,0,256,0,6,0,0,4,0,0,0,10,2799,27733,1775,0,0 '
Received from ('fd00::200:0:0:8', 8765, 0, 0): b' 1611,8,5,768,10,295,3,9,7,1,1,-70,8,2834,20330,104,0,0 '
Received from ('fd00::200:0:0:7', 8765, 0, 0): b' 1611,7,2,768,10,322,7,6,7,1,2,-70,5,1740,18327,101,0,0 '
Received from ('fd00::200:0:0:c', 8765, 0, 0): b' 1612,12,8,1024,0,13,7,3,6,1,4,-52,0,932,8670,6,0,0 '
Received from ('fd00::200:0:0:b', 8765, 0, 0): b' 1613,11,8,1024,0,287,1,19,7,1,1,-70,6,1569,15654,65,0,0 '
Received from ('fd00::200:0:0:5', 8765, 0, 0): b' 1614,5,1,512,10,318,5,1,6,1,1,-94,9,1638,10814,108,0,0 '
Received from ('fd00::200:0:0:2', 8765, 0, 0): b' 1615,2,1,512,10,271,6,1,6,1,1,-88,6,1716,12916,108,0,0 '
Received from ('fd00::200:0:0:8', 8765, 0, 0): b' 1615,8,5,768,10,297,3,9,7,1,1,-70,8,1251,9985,104,0,0 '
Received from ('fd00::200:0:0:3', 8765, 0, 0): b' 1616,3,1,512,0,284,6,1,7,1,1,-64,6,598,14546,107,0,0 '
Received from ('fd00::200:0:0:12', 8765, 0, 0): b' 1613,18,15,1536,10,337,4,5,5,1,1,-70,0,1041,9054,90,0,0 '
Received from ('fd00::200:0:0:14', 8765, 0, 0): b' 1614,20,16,1536,0,326,7,5,7,1,3,-52,0,695,10611,89,0,0 '
Received from ('fd00::200:0:0:a', 8765, 0, 0): b' 1614,10,7,1024,10,317,4,4,7,1,2,-70,4,1453,16072,100,1,5 '
Received from ('fd00::200:0:0:13', 8765, 0, 0): b' 1613,19,15,1536,0,296,5,6,7,1,2,-52,0,874,11168,87,0,0 '
Received from ('fd00::200:0:0:1', 5678, 0, 0): b' 1617,1,0,256,0,6,0,0,4,0,0,0,10,1368,13862,1781,0,0 '
Received from ('fd00::200:0:0:e', 8765, 0, 0): b' 1614,14,10,1280,0,307,3,8,7,1,1,-52,0,795,10288,78,0,0 '
Received from ('fd00::200:0:0:10', 8765, 0, 0): b' 1615,16,11,1280,0,304,7,15,7,1,3,-70,4,1670,19473,74,0,0 '
Received from ('fd00::200:0:0:b', 8765, 0, 0): b' 1618,11,8,1024,10,287,1,19,7,1,1,-70,6,811,8938,65,0,0 '
Received from ('fd00::200:0:0:15', 8765, 0, 0): b' 1616,21,16,1536,0,323,7,7,5,1,3,-70,0,1391,11740,83,0,0 '
Received from ('fd00::200:0:0:4', 8765, 0, 0): b' 1620,4,1,512,0,314,6,2,7,1,1,-66,0,530,11696,108,0,0 '
Received from ('fd00::200:0:0:e', 8765, 0, 0): b' 1618,14,10,1280,0,308,3,8,7,1,1,-52,0,362,4045,78,0,0 '
Received from ('fd00::200:0:0:3', 8765, 0, 0): b' 1621,3,1,512,0,284,6,1,7,1,1,-64,6,277,7656,107,0,0 '
Received from ('fd00::200:0:0:13', 8765, 0, 0): b' 1617,19,15,1536,10,296,5,6,7,1,2,-52,0,158,4111,87,0,0 '
Received from ('fd00::200:0:0:c', 8765, 0, 0): b' 1620,12,8,1024,0,13,7,3,6,1,4,-52,0,452,7620,6,0,0 '
Received from ('fd00::200:0:0:f', 8765, 0, 0): b' 1618,15,10,1280,0,298,3,8,7,1,1,-70,2,1673,19697,100,0,0 '
Received from ('fd00::200:0:0:7', 8765, 0, 0): b' 1621,7,2,768,0,324,7,6,7,1,2,-70,5,2429,17555,102,0,0 '
Received from ('fd00::200:0:0:5', 8765, 0, 0): b' 1622,5,1,512,30,322,5,1,6,1,1,-94,9,1970,15925,108,0,0 '
Received from ('fd00::200:0:0:2', 8765, 0, 0): b' 1624,2,1,512,0,274,6,1,6,1,1,-88,6,2292,16757,108,0,0 '
Received from ('fd00::200:0:0:4', 8765, 0, 0): b' 1624,4,1,512,10,315,6,2,7,1,1,-66,0,429,5960,109,0,0 '
Received from ('fd00::200:0:0:14', 8765, 0, 0): b' 1622,20,16,1536,0,327,7,5,7,1,3,-52,0,658,8767,90,0,0 '
Received from ('fd00::200:0:0:13', 8765, 0, 0): b' 1623,19,15,1536,0,297,5,6,7,1,2,-52,0,442,5636,88,0,0 '
Received from ('fd00::200:0:0:8', 8765, 0, 0): b' 1626,8,5,768,0,300,3,9,7,1,1,-70,8,2594,25459,105,0,0 '
Received from ('fd00::200:0:0:f', 8765, 0, 0): b' 1625,15,10,1280,10,299,3,9,7,1,1,-70,2,910,11090,100,0,0 '
Received from ('fd00::200:0:0:12', 8765, 0, 0): b' 1624,18,15,1536,10,339,4,5,5,1,1,-70,0,612,10099,91,0,0 '
Received from ('fd00::200:0:0:c', 8765, 0, 0): b' 1626,12,8,1024,0,14,7,3,6,1,4,-52,0,553,6407,7,0,0 '
Received from ('fd00::200:0:0:7', 8765, 0, 0): b' 1627,7,2,768,20,326,7,6,7,1,2,-70,5,1287,10786,102,0,0 '
Received from ('fd00::200:0:0:1', 5678, 0, 0): b' 1628,1,0,256,0,6,0,0,4,0,0,0,10,2383,25855,1793,0,0 '
Received from ('fd00::200:0:0:3', 8765, 0, 0): b' 1627,3,1,512,0,290,6,1,7,1,1,-64,6,1108,11813,108,0,0 '
Received from ('fd00::200:0:0:a', 8765, 0, 0): b' 1626,10,7,1024,10,319,4,4,7,1,2,-70,4,2643,25500,101,1,5 '
Received from ('fd00::200:0:0:10', 8765, 0, 0): b' 1627,16,11,1280,20,309,7,16,7,1,3,-70,4,1739,20790,74,0,0 '
Received from ('fd00::200:0:0:b', 8765, 0, 0): b' 1629,11,8,1024,10,291,1,19,7,1,1,-70,5,1760,17628,66,0,0 '
Received from ('fd00::200:0:0:e', 8765, 0, 0): b' 1629,14,10,1280,10,314,3,8,7,1,1,-52,0,1024,10776,79,0,0 '
Received from ('fd00::200:0:0:15', 8765, 0, 0): b' 1627,21,16,1536,0,325,7,7,5,1,3,-70,0,695,10464,84,0,0 '
Received from ('fd00::200:0:0:f', 8765, 0, 0): b' 1630,15,10,1280,0,299,3,9,7,1,1,-70,2,655,8671,101,0,0 '
Received from ('fd00::200:0:0:13', 8765, 0, 0): b' 1629,19,15,1536,0,298,5,6,7,1,2,-52,0,482,5262,88,0,0 '
Received from ('fd00::200:0:0:5', 8765, 0, 0): b' 1631,5,1,512,10,327,5,1,6,1,1,-94,9,3230,24136,109,0,0 '
Received from ('fd00::200:0:0:4', 8765, 0, 0): b' 1632,4,1,512,0,316,6,2,7,1,1,-66,0,520,10153,109,0,0 '
Received from ('fd00::200:0:0:2', 8765, 0, 0): b' 1632,2,1,512,10,276,6,1,6,1,1,-88,6,2772,17454,109,0,0 '
Received from ('fd00::200:0:0:a', 8765, 0, 0): b' 1632,10,7,1024,0,320,4,4,7,1,2,-70,4,1509,14527,101,1,5 '
Received from ('fd00::200:0:0:c', 8765, 0, 0): b' 1634,12,8,1024,0,14,7,3,6,1,4,-52,0,400,6829,7,0,0 '
Received from ('fd00::200:0:0:7', 8765, 0, 0): b' 1633,7,2,768,0,329,7,6,7,1,2,-70,5,1943,13415,103,0,0 '
Received from ('fd00::200:0:0:b', 8765, 0, 0): b' 1634,11,8,1024,20,293,1,19,7,1,1,-70,4,986,8832,66,0,0 '
Received from ('fd00::200:0:0:3', 8765, 0, 0): b' 1633,3,1,512,0,295,6,1,7,1,1,-64,6,813,10180,108,0,0 '
Received from ('fd00::200:0:0:8', 8765, 0, 0): b' 1634,8,5,768,0,301,3,9,7,1,1,-70,8,1899,20900,105,0,0 '
Received from ('fd00::200:0:0:14', 8765, 0, 0): b' 1632,20,16,1536,0,329,7,5,7,1,3,-52,0,631,9621,90,0,0 '
Received from ('fd00::200:0:0:e', 8765, 0, 0): b' 1635,14,10,1280,0,316,3,8,7,1,1,-52,0,496,5387,79,0,0 '
Received from ('fd00::200:0:0:10', 8765, 0, 0): b' 1635,16,11,1280,0,309,7,16,7,1,3,-70,3,1464,16331,75,0,0 '
Received from ('fd00::200:0:0:12', 8765, 0, 0): b' 1636,18,15,1536,0,343,4,5,5,1,1,-70,0,1040,11311,92,0,0 '
Received from ('fd00::200:0:0:3', 8765, 0, 0): b' 1638,3,1,512,0,298,6,1,7,1,1,-64,6,477,6538,108,0,0 '
Received from ('fd00::200:0:0:15', 8765, 0, 0): b' 1635,21,16,1536,10,329,7,7,5,1,3,-70,0,985,8986,84,0,0 '
Received from ('fd00::200:0:0:7', 8765, 0, 0): b' 1638,7,2,768,10,330,7,6,7,1,2,-70,5,887,8828,103,0,0 '
Received from ('fd00::200:0:0:f', 8765, 0, 0): b' 1637,15,10,1280,10,301,3,9,7,1,1,-70,2,1395,15121,101,0,0 '
Received from ('fd00::200:0:0:4', 8765, 0, 0): b' 1638,4,1,512,10,317,6,2,7,1,1,-66,0,459,7773,110,0,0 '
Received from ('fd00::200:0:0:d', 8765, 0, 0): b' 1615,13,8,1152,80,9,5,1,7,0,3,-70,0,654,8605,4,0,0 '
Received from ('fd00::200:0:0:d', 8765, 0, 0): b' 1622,13,8,1152,70,10,5,1,7,0,3,-70,0,508,6704,4,0,0 '
Received from ('fd00::200:0:0:1', 5678, 0, 0): b' 1640,1,0,256,0,6,0,0,4,0,0,0,10,2798,28628,1806,0,0 '
Received from ('fd00::200:0:0:d', 8765, 0, 0): b' 1629,13,8,1152,80,10,5,1,7,0,3,-70,0,620,5980,5,0,0 '
Received from ('fd00::200:0:0:2', 8765, 0, 0): b' 1641,2,1,512,10,276,6,1,6,1,1,-88,6,1743,15535,110,0,0 '
Received from ('fd00::200:0:0:d', 8765, 0, 0): b' 1636,13,8,1152,80,12,5,1,7,0,3,-70,0,565,7119,5,0,0 '
Received from ('fd00::200:0:0:13', 8765, 0, 0): b' 1640,19,15,1536,0,304,5,6,7,1,2,-52,0,1024,10777,89,0,0 '
Received from ('fd00::200:0:0:5', 8765, 0, 0): b' 1642,5,1,512,0,327,5,1,6,1,1,-94,9,3042,22133,109,0,0 '
Received from ('fd00::200:0:0:12', 8765, 0, 0): b' 1641,18,15,1536,0,345,4,5,5,1,1,-70,0,470,5081,92,0,0 '
Received from ('fd00::200:0:0:15', 8765, 0, 0): b' 1640,21,16,1536,10,330,7,7,5,1,3,-70,0,335,4525,85,0,0 '
Received from ('fd00::200:0:0:a', 8765, 0, 0): b' 1642,10,7,1024,0,322,4,4,7,1,2,-70,4,2100,23221,102,1,5 '
Received from ('fd00::200:0:0:14', 8765, 0, 0): b' 1641,20,16,1536,0,332,7,5,7,1,3,-52,0,679,8632,91,0,0 '
Received from ('fd00::200:0:0:8', 8765, 0, 0): b' 1645,8,5,768,10,305,3,9,7,1,1,-70,8,3499,25123,106,0,0 '
Received from ('fd00::200:0:0:d', 8765, 0, 0): b' 1644,13,8,1024,0,13,5,1,7,1,3,-70,0,1148,7954,6,0,0 '
Received from ('fd00::200:0:0:e', 8765, 0, 0): b' 1643,14,10,1280,0,318,3,8,7,1,1,-52,0,693,8714,80,0,0 '
Received from ('fd00::200:0:0:b', 8765, 0, 0): b' 1645,11,8,1024,0,294,1,19,7,1,1,-70,4,1882,17810,67,0,0 '
Received from ('fd00::200:0:0:4', 8765, 0, 0): b' 1645,4,1,512,0,320,6,2,7,1,1,-66,0,719,8778,110,0,0 '
Received from ('fd00::200:0:0:c', 8765, 0, 0): b' 1645,12,8,1024,0,14,7,3,6,1,4,-52,0,573,9834,8,0,0 '
Received from ('fd00::200:0:0:7', 8765, 0, 0): b' 1645,7,2,768,0,331,7,6,7,1,2,-70,5,1903,13466,104,0,0 '
Received from ('fd00::200:0:0:13', 8765, 0, 0): b' 1645,19,15,1536,0,305,5,6,7,1,2,-52,0,387,4745,89,0,0 '
Received from ('fd00::200:0:0:3', 8765, 0, 0): b' 1647,3,1,512,0,301,6,1,7,1,1,-64,6,921,13476,109,0,0 '
Received from ('fd00::200:0:0:f', 8765, 0, 0): b' 1645,15,10,1280,0,304,3,9,7,1,1,-70,2,1904,18720,102,0,0 '
Received from ('fd00::200:0:0:5', 8765, 0, 0): b' 1649,5,1,512,10,328,5,1,6,1,1,-94,8,2275,16931,110,0,0 '
Received from ('fd00::200:0:0:a', 8765, 0, 0): b' 1648,10,7,1024,0,323,4,4,7,1,2,-70,4,1262,13663,102,1,5 '
Received from ('fd00::200:0:0:10', 8765, 0, 0): b' 1645,16,11,1280,0,315,7,16,7,1,3,-70,3,2136,21576,76,0,0 '
Received from ('fd00::200:0:0:2', 8765, 0, 0): b' 1650,2,1,512,0,278,6,1,6,1,1,-88,6,2494,16855,110,0,0 '
Received from ('fd00::200:0:0:4', 8765, 0, 0): b' 1650,4,1,512,0,321,6,2,7,1,1,-66,0,353,5705,110,0,0 '
Received from ('fd00::200:0:0:d', 8765, 0, 0): b' 1651,13,8,1024,0,14,5,1,7,1,3,-70,0,474,6210,6,0,0 '
Received from ('fd00::200:0:0:1', 5678, 0, 0): b' 1651,1,0,256,0,6,0,0,4,0,0,0,10,2399,25182,1817,0,0 '
Received from ('fd00::200:0:0:15', 8765, 0, 0): b' 1649,21,16,1536,10,334,7,7,5,1,3,-70,0,814,7948,85,0,0 '
Received from ('fd00::200:0:0:3', 8765, 0, 0): b' 1652,3,1,512,0,302,6,1,7,1,1,-64,6,360,6523,109,0,0 '
Received from ('fd00::200:0:0:f', 8765, 0, 0): b' 1651,15,10,1280,0,304,3,9,7,1,1,-70,2,510,7812,102,0,0 '
Received from ('fd00::200:0:0:c', 8765, 0, 0): b' 1652,12,8,1024,0,14,7,4,7,1,4,-52,0,424,7589,8,0,0 '
Received from ('fd00::200:0:0:5', 8765, 0, 0): b' 1654,5,1,512,0,329,5,1,6,1,1,-94,8,1315,10025,110,0,0 '
Received from ('fd00::200:0:0:13', 8765, 0, 0): b' 1651,19,15,1536,0,308,5,6,7,1,2,-52,0,655,6651,90,0,0 '
Received from ('fd00::200:0:0:e', 8765, 0, 0): b' 1652,14,10,1280,0,318,3,8,7,1,1,-52,0,399,7926,80,0,0 '
Received from ('fd00::200:0:0:14', 8765, 0, 0): b' 1652,20,16,1536,0,334,7,5,7,1,3,-52,0,717,10953,92,0,0 '
Received from ('fd00::200:0:0:b', 8765, 0, 0): b' 1655,11,8,1024,10,302,1,19,7,1,1,-70,3,2179,17788,67,0,0 '
Received from ('fd00::200:0:0:12', 8765, 0, 0): b' 1652,18,15,1536,0,352,4,5,5,1,1,-70,0,1252,11795,93,0,0 '
Received from ('fd00::200:0:0:8', 8765, 0, 0): b' 1655,8,5,768,0,309,3,9,7,1,1,-70,7,3281,29501,107,0,0 '
Received from ('fd00::200:0:0:10', 8765, 0, 0): b' 1655,16,11,1280,0,319,7,16,7,1,3,-70,2,1590,15504,76,0,0 '
Received from ('fd00::200:0:0:2', 8765, 0, 0): b' 1657,2,1,512,0,281,6,1,6,1,1,-88,6,1629,12784,111,0,0 '
Received from ('fd00::200:0:0:1', 5678, 0, 0): b' 1657,1,0,256,0,6,0,0,4,0,0,0,10,1611,15811,1829,0,0 '
Received from ('fd00::200:0:0:7', 8765, 0, 0): b' 1657,7,2,768,0,336,7,6,7,1,2,-70,5,2643,21121,104,0,0 '
Received from ('fd00::200:0:0:f', 8765, 0, 0): b' 1657,15,10,1280,0,305,3,9,7,1,1,-70,2,1106,12247,102,0,0 '
Received from ('fd00::200:0:0:c', 8765, 0, 0): b' 1660,12,8,1024,0,16,7,4,7,1,4,-52,0,670,7385,9,0,0 '
Received from ('fd00::200:0:0:4', 8765, 0, 0): b' 1659,4,1,512,10,323,6,2,7,1,1,-66,0,500,11907,111,0,0 '
Received from ('fd00::200:0:0:e', 8765, 0, 0): b' 1658,14,10,1280,0,320,3,8,7,1,1,-52,0,548,6132,81,0,0 '
Received from ('fd00::200:0:0:d', 8765, 0, 0): b' 1661,13,8,1024,0,16,5,1,7,1,3,-70,0,775,9702,7,0,0 '
Received from ('fd00::200:0:0:15', 8765, 0, 0): b' 1659,21,16,1536,0,338,7,7,5,1,3,-70,0,1133,10705,86,0,0 '
Received from ('fd00::200:0:0:2', 8765, 0, 0): b' 1661,2,1,512,30,282,6,1,6,1,1,-88,6,1529,9085,111,0,0 '
Received from ('fd00::200:0:0:1', 5678, 0, 0): b' 1661,1,0,256,0,6,0,0,4,0,0,0,10,1023,10057,1833,0,0 '
Received from ('fd00::200:0:0:a', 8765, 0, 0): b' 1660,10,7,1024,10,329,4,4,7,1,2,-70,4,2856,27613,103,1,5 '
Received from ('fd00::200:0:0:12', 8765, 0, 0): b' 1660,18,15,1536,0,356,4,5,5,1,1,-70,0,805,7110,93,0,0 '
Received from ('fd00::200:0:0:13', 8765, 0, 0): b' 1660,19,15,1536,10,314,5,6,7,1,2,-52,0,1035,9386,90,0,0 '
Received from ('fd00::200:0:0:5', 8765, 0, 0): b' 1663,5,1,512,0,332,5,1,6,1,1,-94,8,2613,20651,111,0,0 '
Received from ('fd00::200:0:0:8', 8765, 0, 0): b' 1663,8,5,768,0,311,3,9,7,1,1,-70,6,1944,20879,107,0,0 '
Received from ('fd00::200:0:0:3', 8765, 0, 0): b' 1663,3,1,512,0,307,6,1,7,1,1,-64,6,1049,18045,110,0,0 '
Received from ('fd00::200:0:0:10', 8765, 0, 0): b' 1663,16,11,1280,0,320,7,16,7,1,3,-70,2,1083,15209,77,0,0 '
Received from ('fd00::200:0:0:14', 8765, 0, 0): b' 1661,20,16,1536,0,337,7,5,7,1,3,-52,0,751,9010,92,0,0 '
Received from ('fd00::200:0:0:7', 8765, 0, 0): b' 1664,7,2,768,0,341,7,6,7,1,2,-70,5,2191,14978,105,0,0 '
Received from ('fd00::200:0:0:a', 8765, 0, 0): b' 1666,10,7,1024,0,330,4,4,7,1,2,-70,4,1082,12369,103,1,5 '
Received from ('fd00::200:0:0:b', 8765, 0, 0): b' 1666,11,8,1024,10,306,1,19,7,1,1,-70,3,1902,19493,68,0,0 '
Received from ('fd00::200:0:0:2', 8765, 0, 0): b' 1667,2,1,512,10,282,6,1,6,1,1,-88,6,1246,11300,111,0,0 '
Received from ('fd00::200:0:0:4', 8765, 0, 0): b' 1668,4,1,512,0,326,6,2,7,1,1,-66,0,898,10283,112,0,0 '
Received from ('fd00::200:0:0:1', 5678, 0, 0): b' 1668,1,0,256,0,6,0,0,4,0,0,0,10,1169,14343,1839,0,0 '
Received from ('fd00::200:0:0:c', 8765, 0, 0): b' 1668,12,8,1024,0,16,7,4,7,1,4,-52,0,870,8473,10,0,0 '
Received from ('fd00::200:0:0:f', 8765, 0, 0): b' 1667,15,10,1280,0,306,3,9,7,1,1,-70,2,1514,18919,103,0,0 '
Received from ('fd00::200:0:0:d', 8765, 0, 0): b' 1668,13,8,1024,0,16,5,1,7,1,3,-70,0,396,7157,7,0,0 '
Received from ('fd00::200:0:0:e', 8765, 0, 0): b' 1667,14,10,1280,0,323,3,8,7,1,1,-52,0,720,8360,81,0,0 '
Received from ('fd00::200:0:0:5', 8765, 0, 0): b' 1669,5,1,512,0,332,6,1,6,1,1,-94,8,1805,13344,111,0,0 '
Received from ('fd00::200:0:0:13', 8765, 0, 0): b' 1668,19,15,1536,0,316,5,6,7,1,2,-52,0,671,7140,91,0,0 '
Received from ('fd00::200:0:0:12', 8765, 0, 0): b' 1669,18,15,1536,0,357,4,5,5,1,1,-70,0,489,8598,94,0,0 '
Received from ('fd00::200:0:0:8', 8765, 0, 0): b' 1670,8,5,768,0,312,3,9,7,1,1,-70,6,1878,19238,108,0,0 '
Received from ('fd00::200:0:0:15', 8765, 0, 0): b' 1669,21,16,1536,10,342,7,7,5,1,3,-70,0,791,9591,86,0,0 '
Received from ('fd00::200:0:0:14', 8765, 0, 0): b' 1670,20,16,1536,10,341,7,5,7,1,3,-52,0,703,8540,93,0,0 '
Received from ('fd00::200:0:0:1', 5678, 0, 0): b' 1674,1,0,256,0,6,0,0,4,0,0,0,10,1448,14714,1848,0,0 '
Received from ('fd00::200:0:0:3', 8765, 0, 0): b' 1674,3,1,512,0,307,6,1,7,1,1,-64,6,522,15688,111,0,0 '
Received from ('fd00::200:0:0:10', 8765, 0, 0): b' 1675,16,11,1280,0,324,7,16,7,1,3,-70,2,2092,22559,78,0,0 '
Received from ('fd00::200:0:0:4', 8765, 0, 0): b' 1675,4,1,512,0,330,6,2,7,1,1,-66,0,723,8987,112,0,0 '
Received from ('fd00::200:0:0:f', 8765, 0, 0): b' 1673,15,10,1280,0,306,3,9,7,1,1,-70,2,829,11837,103,0,0 '
Received from ('fd00::200:0:0:d', 8765, 0, 0): b' 1674,13,8,1024,0,17,5,1,7,1,3,-70,0,432,5912,8,0,0 '
Received from ('fd00::200:0:0:2', 8765, 0, 0): b' 1675,2,1,512,10,283,6,1,6,1,1,-88,6,1897,14620,112,0,0 '
Received from ('fd00::200:0:0:15', 8765, 0, 0): b' 1674,21,16,1536,0,342,7,7,5,1,3,-70,0,418,4723,87,0,0 '
Received from ('fd00::200:0:0:7', 8765, 0, 0): b' 1676,7,2,768,10,343,7,6,7,1,2,-70,5,2427,20789,106,0,0 '
Received from ('fd00::200:0:0:b', 8765, 0, 0): b' 1676,11,8,1024,0,310,1,19,7,1,1,-70,3,1998,18683,69,0,0 '
Received from ('fd00::200:0:0:13', 8765, 0, 0): b' 1675,19,15,1536,0,316,5,6,7,1,2,-52,0,302,6441,91,0,0 '
Received from ('fd00::200:0:0:e', 8765, 0, 0): b' 1676,14,10,1280,0,327,3,8,7,1,1,-52,0,804,9324,82,0,0 '
Received from ('fd00::200:0:0:a', 8765, 0, 0): b' 1677,10,7,1024,10,335,4,4,7,1,2,-70,4,2922,27285,104,1,5 '
Received from ('fd00::200:0:0:5', 8765, 0, 0): b' 1679,5,1,512,0,334,6,1,6,1,1,-94,8,2422,20771,112,0,0 '
Received from ('fd00::200:0:0:12', 8765, 0, 0): b' 1676,18,15,1536,0,359,4,5,5,1,1,-70,0,613,7403,94,0,0 '
Received from ('fd00::200:0:0:c', 8765, 0, 0): b' 1678,12,8,1024,0,16,7,5,7,1,4,-52,0,501,10512,10,0,0 '
Received from ('fd00::200:0:0:3', 8765, 0, 0): b' 1679,3,1,512,0,308,6,1,7,1,1,-64,6,384,8972,111,0,0 '
Received from ('fd00::200:0:0:1', 5678, 0, 0): b' 1681,1,0,256,0,6,0,0,4,0,0,0,10,1406,16461,1851,0,0 '
Received from ('fd00::200:0:0:e', 8765, 0, 0): b' 1681,14,10,1280,0,329,3,8,7,1,1,-52,0,468,4602,82,0,0 '
Received from ('fd00::200:0:0:10', 8765, 0, 0): b' 1681,16,11,1280,20,325,7,16,7,1,3,-70,2,761,12439,78,0,0 '
Received from ('fd00::200:0:0:4', 8765, 0, 0): b' 1681,4,1,512,0,333,6,2,7,1,1,-66,0,697,10061,113,0,0 '
Received from ('fd00::200:0:0:8', 8765, 0, 0): b' 1682,8,5,768,30,316,3,9,7,1,1,-70,6,3016,30696,108,0,0 '
Received from ('fd00::200:0:0:12', 8765, 0, 0): b' 1681,18,15,1536,0,362,4,5,5,1,1,-70,0,534,5275,95,0,0 '
Received from ('fd00::200:0:0:f', 8765, 0, 0): b' 1683,15,10,1280,10,310,3,9,7,1,1,-70,2,2010,19804,104,0,0 '
Received from ('fd00::200:0:0:14', 8765, 0, 0): b' 1681,20,16,1536,10,343,7,5,7,1,3,-52,0,688,9851,94,0,0 '
Received from ('fd00::200:0:0:2', 8765, 0, 0): b' 1684,2,1,512,20,286,6,1,6,1,1,-88,6,2437,17433,112,0,0 '
Received from ('fd00::200:0:0:15', 8765, 0, 0): b' 1683,21,16,1536,0,343,7,7,5,1,3,-70,0,680,8442,87,0,0 '
Received from ('fd00::200:0:0:13', 8765, 0, 0): b' 1683,19,15,1536,0,317,5,6,7,1,2,-52,0,465,7787,92,0,0 '
Received from ('fd00::200:0:0:d', 8765, 0, 0): b' 1686,13,8,1024,0,17,5,1,7,1,3,-70,0,541,11110,8,0,0 '
Received from ('fd00::200:0:0:a', 8765, 0, 0): b' 1685,10,7,1024,0,336,4,4,7,1,2,-70,4,1613,17048,104,1,5 '
Received from ('fd00::200:0:0:b', 8765, 0, 0): b' 1686,11,8,1024,10,313,1,19,7,1,1,-70,3,1429,15027,69,0,0 '
Received from ('fd00::200:0:0:7', 8765, 0, 0): b' 1688,7,2,768,0,347,7,6,7,1,2,-70,5,2756,20699,106,0,0 '
Received from ('fd00::200:0:0:5', 8765, 0, 0): b' 1688,5,1,512,10,337,6,1,6,1,1,-94,8,2596,20685,112,0,0 '
Received from ('fd00::200:0:0:3', 8765, 0, 0): b' 1688,3,1,512,10,310,6,1,7,1,1,-64,6,579,11728,112,0,0 '
Received from ('fd00::200:0:0:c', 8765, 0, 0): b' 1687,12,8,1024,0,16,7,5,7,1,4,-52,0,454,8397,11,0,0 '
Received from ('fd00::200:0:0:10', 8765, 0, 0): b' 1689,16,11,1280,0,326,7,16,7,1,3,-70,2,1395,16929,79,0,0 '
Received from ('fd00::200:0:0:d', 8765, 0, 0): b' 1690,13,8,1024,0,17,5,1,7,1,3,-70,0,308,4388,9,0,0 '
Received from ('fd00::200:0:0:f', 8765, 0, 0): b' 1689,15,10,1280,10,312,3,9,7,1,1,-70,2,869,11337,105,0,0 '
Received from ('fd00::200:0:0:4', 8765, 0, 0): b' 1691,4,1,512,0,334,6,2,7,1,1,-66,0,505,10865,113,0,0 '
Received from ('fd00::200:0:0:14', 8765, 0, 0): b' 1690,20,16,1536,0,345,7,5,7,1,3,-52,0,847,8594,94,0,0 '
Received from ('fd00::200:0:0:1', 5678, 0, 0): b' 1691,1,0,256,0,6,0,0,4,0,0,0,10,2491,24198,1867,0,0 '
Received from ('fd00::200:0:0:13', 8765, 0, 0): b' 1689,19,15,1536,0,317,5,6,7,1,2,-52,0,375,5822,92,0,0 '
Received from ('fd00::200:0:0:12', 8765, 0, 0): b' 1691,18,15,1536,0,366,4,5,5,1,1,-70,0,851,8938,95,0,0 '
Received from ('fd00::200:0:0:e', 8765, 0, 0): b' 1691,14,10,1280,0,332,3,8,7,1,1,-52,0,800,9807,83,0,0 '
Received from ('fd00::200:0:0:5', 8765, 0, 0): b' 1692,5,1,512,0,337,6,1,6,1,1,-94,8,1185,10453,113,0,0 '
Received from ('fd00::200:0:0:3', 8765, 0, 0): b' 1693,3,1,512,10,312,6,1,7,1,1,-64,6,468,7333,112,0,0 '
Received from ('fd00::200:0:0:8', 8765, 0, 0): b' 1693,8,5,768,0,321,3,9,7,1,1,-70,6,3450,28765,109,0,0 '
Received from ('fd00::200:0:0:2', 8765, 0, 0): b' 1694,2,1,512,0,289,6,1,6,1,1,-88,6,2691,18077,113,0,0 '
Received from ('fd00::200:0:0:15', 8765, 0, 0): b' 1694,21,16,1536,0,346,7,7,5,1,3,-70,0,703,9654,88,0,0 '
Received from ('fd00::200:0:0:b', 8765, 0, 0): b' 1694,11,8,1024,0,313,1,19,7,1,1,-70,3,1156,14198,70,0,0 '
Received from ('fd00::200:0:0:c', 8765, 0, 0): b' 1694,12,8,1024,10,16,7,6,7,1,4,-52,0,401,6811,11,0,0 '
Received from ('fd00::200:0:0:a', 8765, 0, 0): b' 1695,10,7,1024,0,339,4,4,7,1,2,-70,4,2200,22292,105,1,5 '
Received from ('fd00::200:0:0:7', 8765, 0, 0): b' 1697,7,2,768,0,350,7,6,7,1,2,-70,5,2122,16599,107,0,0 '
Received from ('fd00::200:0:0:1', 5678, 0, 0): b' 1697,1,0,256,0,6,0,0,4,0,0,0,10,952,12285,1869,0,0 '
Received from ('fd00::200:0:0:12', 8765, 0, 0): b' 1696,18,15,1536,0,368,4,5,5,1,1,-70,0,524,5235,96,0,0 '
Received from ('fd00::200:0:0:4', 8765, 0, 0): b' 1698,4,1,512,0,335,6,2,7,1,1,-66,0,453,8215,114,0,0 '
Received from ('fd00::200:0:0:d', 8765, 0, 0): b' 1698,13,8,1024,0,18,5,1,7,1,3,-70,0,497,7605,9,0,0 '
Received from ('fd00::200:0:0:10', 8765, 0, 0): b' 1698,16,11,1280,0,329,7,16,7,1,3,-70,2,1279,16274,79,0,0 '
Received from ('fd00::200:0:0:13', 8765, 0, 0): b' 1698,19,15,1536,0,318,5,6,7,1,2,-52,0,465,8499,93,0,0 '
Received from ('fd00::200:0:0:3', 8765, 0, 0): b' 1700,3,1,512,0,314,6,1,7,1,1,-64,6,616,10616,112,0,0 '
Received from ('fd00::200:0:0:e', 8765, 0, 0): b' 1699,14,10,1280,0,332,3,8,7,1,1,-52,0,372,7128,83,0,0 '
Received from ('fd00::200:0:0:8', 8765, 0, 0): b' 1700,8,5,768,10,323,3,9,7,1,1,-70,6,1853,16416,110,0,0 '
Received from ('fd00::200:0:0:14', 8765, 0, 0): b' 1699,20,16,1536,0,348,7,5,7,1,3,-52,0,697,8493,95,0,0 '
Received from ('fd00::200:0:0:a', 8765, 0, 0): b' 1699,10,7,1024,10,341,4,4,7,1,2,-70,4,1200,10855,105,1,5 '
Received from ('fd00::200:0:0:5', 8765, 0, 0): b' 1702,5,1,512,0,339,6,1,6,1,1,-94,8,2440,18168,113,0,0 '
Received from ('fd00::200:0:0:f', 8765, 0, 0): b' 1700,15,10,1280,10,316,3,9,7,1,1,-70,2,2073,22166,105,0,0 '
Received from ('fd00::200:0:0:2', 8765, 0, 0): b' 1703,2,1,512,10,292,6,1,6,1,1,-88,6,2430,18177,114,0,0 '
Received from ('fd00::200:0:0:b', 8765, 0, 0): b' 1703,11,8,1024,10,317,1,19,7,1,1,-70,3,1619,14184,71,0,0 '
Received from ('fd00::200:0:0:13', 8765, 0, 0): b' 1702,19,15,1536,0,319,5,6,7,1,2,-52,0,361,3837,93,0,0 '
Received from ('fd00::200:0:0:15', 8765, 0, 0): b' 1703,21,16,1536,10,348,7,7,5,1,3,-70,0,712,8330,89,0,0 '
Received from ('fd00::200:0:0:c', 8765, 0, 0): b' 1704,12,8,1024,0,16,7,6,7,1,4,-52,0,590,10000,12,0,0 '
Received from ('fd00::200:0:0:4', 8765, 0, 0): b' 1706,4,1,512,0,340,6,2,7,1,1,-66,0,926,10024,114,0,0 '
Received from ('fd00::200:0:0:14', 8765, 0, 0): b' 1706,20,16,1536,0,351,7,5,7,1,3,-52,0,732,7036,95,0,0 '
Received from ('fd00::200:0:0:1', 5678, 0, 0): b' 1707,1,0,256,0,6,0,0,4,0,0,0,10,2368,23870,1884,0,0 '
Received from ('fd00::200:0:0:a', 8765, 0, 0): b' 1706,10,7,1024,0,342,4,4,7,1,2,-70,4,1341,15681,106,1,5 '
Received from ('fd00::200:0:0:b', 8765, 0, 0): b' 1708,11,8,1024,0,317,1,19,7,1,1,-70,3,788,6415,71,0,0 '
Received from ('fd00::200:0:0:7', 8765, 0, 0): b' 1707,7,2,768,10,354,7,6,7,1,2,-70,5,2635,20612,108,0,0 '
Received from ('fd00::200:0:0:e', 8765, 0, 0): b' 1707,14,10,1280,0,335,3,8,7,1,1,-52,0,679,8025,84,0,0 '
Received from ('fd00::200:0:0:f', 8765, 0, 0): b' 1707,15,10,1280,0,320,3,9,7,1,1,-70,2,1295,12480,106,0,0 '
Received from ('fd00::200:0:0:12', 8765, 0, 0): b' 1706,18,15,1536,0,371,4,5,5,1,1,-70,0,998,11561,97,0,0 '
Received from ('fd00::200:0:0:5', 8765, 0, 0): b' 1709,5,1,512,0,340,6,1,6,1,1,-94,8,1912,17328,114,0,0 '
Received from ('fd00::200:0:0:2', 8765, 0, 0): b' 1710,2,1,512,10,293,6,1,6,1,1,-88,6,1701,12299,114,0,0 '
Received from ('fd00::200:0:0:10', 8765, 0, 0): b' 1709,16,11,1280,10,333,7,16,7,1,3,-70,2,1917,20171,80,0,0 '
Received from ('fd00::200:0:0:13', 8765, 0, 0): b' 1709,19,15,1536,0,320,5,6,7,1,2,-52,0,475,7408,93,0,0 '
Received from ('fd00::200:0:0:8', 8765, 0, 0): b' 1709,8,5,768,20,328,3,9,7,1,1,-70,6,2706,23954,110,0,0 '
Received from ('fd00::200:0:0:3', 8765, 0, 0): b' 1711,3,1,512,0,316,6,1,7,1,1,-64,6,711,16346,113,0,0 '
Received from ('fd00::200:0:0:d', 8765, 0, 0): b' 1711,13,8,1024,0,20,5,1,7,1,3,-70,0,912,10548,10,0,0 '
Received from ('fd00::200:0:0:14', 8765, 0, 0): b' 1710,20,16,1536,0,351,7,5,7,1,3,-52,0,254,3901,95,0,0 '
Received from ('fd00::200:0:0:a', 8765, 0, 0): b' 1712,10,7,1024,0,345,4,4,7,1,2,-70,4,1590,14289,106,1,5 '
Received from ('fd00::200:0:0:4', 8765, 0, 0): b' 1714,4,1,512,0,342,6,2,7,1,1,-66,0,584,10012,115,0,0 '
Received from ('fd00::200:0:0:15', 8765, 0, 0): b' 1712,21,16,1536,0,351,7,7,5,1,3,-70,0,852,9399,89,0,0 '
Received from ('fd00::200:0:0:c', 8765, 0, 0): b' 1715,12,8,1024,0,16,7,7,7,1,4,-52,0,558,9874,13,0,0 '
Received from ('fd00::200:0:0:e', 8765, 0, 0): b' 1715,14,10,1280,0,336,3,8,7,1,1,-52,0,575,7348,85,0,0 '
Received from ('fd00::200:0:0:1', 5678, 0, 0): b' 1716,1,0,256,0,6,0,0,4,0,0,0,10,1910,21010,1893,0,0 '
Received from ('fd00::200:0:0:b', 8765, 0, 0): b' 1717,11,8,1024,0,322,1,19,7,1,1,-70,3,1593,12606,71,0,0 '
Received from ('fd00::200:0:0:3', 8765, 0, 0): b' 1717,3,1,512,0,317,6,1,7,1,1,-64,6,459,8563,114,0,0 '
Received from ('fd00::200:0:0:10', 8765, 0, 0): b' 1715,16,11,1280,0,335,7,16,7,1,3,-70,2,1238,12936,80,0,0 '
Received from ('fd00::200:0:0:13', 8765, 0, 0): b' 1715,19,15,1536,0,323,5,6,7,1,2,-52,0,655,5934,94,0,0 '
Received from ('fd00::200:0:0:7', 8765, 0, 0): b' 1716,7,2,768,0,355,7,6,7,1,2,-70,5,2114,16480,108,0,0 '
Received from ('fd00::200:0:0:8', 8765, 0, 0): b' 1717,8,5,768,30,331,3,9,7,1,1,-70,6,2495,18432,111,0,0 '
Received from ('fd00::200:0:0:12', 8765, 0, 0): b' 1716,18,15,1536,0,374,4,5,5,1,1,-70,0,739,9141,97,0,0 '
Received from ('fd00::200:0:0:f', 8765, 0, 0): b' 1718,15,10,1280,0,324,3,9,7,1,1,-70,2,2182,22578,106,0,0 '
Received from ('fd00::200:0:0:d', 8765, 0, 0): b' 1719,13,8,1024,0,21,5,1,7,1,3,-70,0,555,7704,11,0,0 '
Received from ('fd00::200:0:0:14', 8765, 0, 0): b' 1719,20,16,1536,0,357,7,5,7,1,3,-52,0,1012,9237,96,0,0 '
Received from ('fd00::200:0:0:2', 8765, 0, 0): b' 1720,2,1,512,10,299,6,1,6,1,1,-88,6,2785,20095,115,0,0 '
Received from ('fd00::200:0:0:13', 8765, 0, 0): b' 1719,19,15,1536,0,323,5,6,7,1,2,-52,0,254,3819,94,0,0 '
Received from ('fd00::200:0:0:5', 8765, 0, 0): b' 1721,5,1,512,10,342,6,1,6,1,1,-94,8,3491,26244,115,0,0 '
Received from ('fd00::200:0:0:15', 8765, 0, 0): b' 1720,21,16,1536,0,352,7,7,5,1,3,-70,0,465,7772,90,0,0 '
Received from ('fd00::200:0:0:7', 8765, 0, 0): b' 1721,7,2,768,20,357,7,6,7,1,2,-70,5,1306,10211,109,0,0 '
Received from ('fd00::200:0:0:10', 8765, 0, 0): b' 1721,16,11,1280,10,338,7,16,7,1,3,-70,2,1185,10519,81,0,0 '
Received from ('fd00::200:0:0:1', 5678, 0, 0): b' 1723,1,0,256,0,6,0,0,4,0,0,0,10,1622,16321,1901,0,0 '
Received from ('fd00::200:0:0:a', 8765, 0, 0): b' 1721,10,7,1024,0,348,4,4,7,1,2,-70,4,2099,20407,107,1,5 '
Received from ('fd00::200:0:0:c', 8765, 0, 0): b' 1722,12,8,1024,0,16,7,7,7,1,4,-52,0,397,8386,13,0,0 '
Received from ('fd00::200:0:0:14', 8765, 0, 0): b' 1723,20,16,1536,0,359,7,5,7,1,3,-52,0,469,4085,96,0,0 '
Received from ('fd00::200:0:0:12', 8765, 0, 0): b' 1723,18,15,1536,0,375,4,5,5,1,1,-70,0,465,7139,98,0,0 '
Received from ('fd00::200:0:0:4', 8765, 0, 0): b' 1725,4,1,512,0,346,6,2,7,1,1,-66,0,868,14125,115,0,0 '
Received from ('fd00::200:0:0:7', 8765, 0, 0): b' 1725,7,2,768,10,358,7,6,7,1,2,-70,5,929,7377,109,0,0 '
Received from ('fd00::200:0:0:2', 8765, 0, 0): b' 1727,2,1,512,10,301,6,1,6,1,1,-88,6,1857,12728,115,0,0 '
Received from ('fd00::200:0:0:13', 8765, 0, 0): b' 1724,19,15,1536,0,324,5,6,7,1,2,-52,0,361,4701,94,0,0 '
Received from ('fd00::200:0:0:b', 8765, 0, 0): b' 1726,11,8,1024,0,326,1,19,7,1,1,-70,3,2176,16932,72,0,0 '
Received from ('fd00::200:0:0:e', 8765, 0, 0): b' 1726,14,10,1280,0,336,3,8,7,1,1,-52,0,447,10794,85,0,0 '
Received from ('fd00::200:0:0:1', 5678, 0, 0): b' 1728,1,0,256,0,6,0,0,4,0,0,0,10,828,10311,1903,0,0 '
Received from ('fd00::200:0:0:3', 8765, 0, 0): b' 1728,3,1,512,10,318,6,1,7,1,1,-64,6,528,16451,114,0,0 '
Received from ('fd00::200:0:0:c', 8765, 0, 0): b' 1726,12,8,1024,0,16,7,7,7,1,4,-52,0,211,3841,14,0,0 '
Received from ('fd00::200:0:0:14', 8765, 0, 0): b' 1728,20,16,1536,0,360,7,5,7,1,3,-52,0,417,4358,97,0,0 '
Received from ('fd00::200:0:0:8', 8765, 0, 0): b' 1729,8,5,768,0,334,3,10,7,1,1,-70,6,3198,28491,112,0,0 '
Received from ('fd00::200:0:0:d', 8765, 0, 0): b' 1729,13,8,1024,0,22,5,1,7,1,3,-70,0,546,10289,11,0,0 '
Received from ('fd00::200:0:0:f', 8765, 0, 0): b' 1730,15,10,1280,10,329,3,9,7,1,1,-70,2,2116,21778,107,0,0 '
Received from ('fd00::200:0:0:15', 8765, 0, 0): b' 1729,21,16,1536,0,352,7,7,5,1,3,-70,0,399,7789,90,0,0 '
Received from ('fd00::200:0:0:a', 8765, 0, 0): b' 1731,10,7,1024,0,350,4,4,7,1,2,-70,4,2061,23081,108,1,5 '
Received from ('fd00::200:0:0:5', 8765, 0, 0): b' 1733,5,1,512,10,344,6,1,6,1,1,-94,8,2867,22686,115,0,0 '
Received from ('fd00::200:0:0:10', 8765, 0, 0): b' 1729,16,11,1280,0,340,7,16,7,1,3,-70,2,1597,17702,81,0,0 '
Received from ('fd00::200:0:0:7', 8765, 0, 0): b' 1732,7,2,768,0,363,7,6,7,1,2,-70,5,2086,14421,109,0,0 '
Received from ('fd00::200:0:0:4', 8765, 0, 0): b' 1734,4,1,512,0,348,6,2,7,1,1,-66,0,681,10696,116,0,0 '
Received from ('fd00::200:0:0:2', 8765, 0, 0): b' 1735,2,1,512,10,302,6,1,6,1,1,-88,7,1966,15765,116,0,0 '
Received from ('fd00::200:0:0:13', 8765, 0, 0): b' 1733,19,15,1536,0,327,5,6,7,1,2,-52,0,800,8972,95,0,0 '
Received from ('fd00::200:0:0:14', 8765, 0, 0): b' 1734,20,16,1536,0,365,7,5,7,1,3,-52,0,813,6749,97,0,0 '
Received from ('fd00::200:0:0:3', 8765, 0, 0): b' 1736,3,1,512,0,319,6,1,7,1,1,-64,6,478,11660,115,0,0 '
Received from ('fd00::200:0:0:1', 5678, 0, 0): b' 1735,1,0,256,0,6,0,0,4,0,0,0,10,1852,18814,1917,0,0 '
Received from ('fd00::200:0:0:c', 8765, 0, 0): b' 1734,12,8,1024,0,17,7,7,7,1,4,-52,0,526,7146,14,0,0 '
Received from ('fd00::200:0:0:12', 8765, 0, 0): b' 1734,18,15,1536,0,380,4,5,5,1,1,-70,0,959,10173,98,0,0 '
Received from ('fd00::200:0:0:b', 8765, 0, 0): b' 1735,11,8,1024,0,328,1,19,7,1,1,-70,3,1887,14193,73,0,0 '
Received from ('fd00::200:0:0:8', 8765, 0, 0): b' 1737,8,5,768,0,339,3,10,7,1,1,-70,6,2455,19448,112,0,0 '
Received from ('fd00::200:0:0:a', 8765, 0, 0): b' 1737,10,7,1024,0,354,4,4,7,1,2,-70,4,1750,14741,108,1,5 '
Received from ('fd00::200:0:0:15', 8765, 0, 0): b' 1738,21,16,1536,0,354,7,7,5,1,3,-70,0,846,8825,91,0,0 '
Received from ('fd00::200:0:0:d', 8765, 0, 0): b' 1738,13,8,1024,0,24,5,1,7,1,3,-70,0,656,8685,12,0,0 '
Received from ('fd00::200:0:0:e', 8765, 0, 0): b' 1738,14,10,1280,0,340,3,8,7,1,1,-52,0,932,11992,86,0,0 '
Received from ('fd00::200:0:0:7', 8765, 0, 0): b' 1739,7,2,768,10,366,7,6,7,1,2,-70,6,2111,12767,110,0,0 '
Received from ('fd00::200:0:0:f', 8765, 0, 0): b' 1738,15,10,1280,0,333,3,9,7,1,1,-70,2,1807,17549,108,0,0 '
Received from ('fd00::200:0:0:10', 8765, 0, 0): b' 1739,16,11,1280,0,345,7,16,7,1,3,-70,2,1899,18914,82,0,0 '
Received from ('fd00::200:0:0:c', 8765, 0, 0): b' 1740,12,8,1024,0,18,7,7,7,1,4,-52,0,507,5582,14,0,0 '
Received from ('fd00::200:0:0:11', 8765, 0, 0): b' 1708,17,12,1408,70,16,5,1,7,0,3,-70,0,375,5167,12,0,0 '
Received from ('fd00::200:0:0:11', 8765, 0, 0): b' 1713,17,12,1408,70,17,5,1,7,0,3,-70,0,235,4792,12,0,0 '
Received from ('fd00::200:0:0:1', 5678, 0, 0): b' 1743,1,0,256,0,6,0,0,4,0,0,0,10,1497,16476,1921,0,0 '
Received from ('fd00::200:0:0:a', 8765, 0, 0): b' 1742,10,7,1024,0,355,4,4,7,1,2,-70,4,784,9847,108,1,5 '
Received from ('fd00::200:0:0:11', 8765, 0, 0): b' 1718,17,12,1408,60,18,5,1,7,0,3,-70,0,399,3659,12,0,0 '
Received from ('fd00::200:0:0:12', 8765, 0, 0): b' 1742,18,15,1536,10,382,4,5,5,1,1,-70,0,549,7102,99,0,0 '
Received from ('fd00::200:0:0:b', 8765, 0, 0): b' 1741,11,8,1024,10,329,1,19,7,1,1,-70,3,888,7978,73,0,0 '
Received from ('fd00::200:0:0:5', 8765, 0, 0): b' 1744,5,1,512,30,348,6,1,6,1,1,-94,8,3962,27136,116,0,0 '
Received from ('fd00::200:0:0:2', 8765, 0, 0): b' 1744,2,1,512,0,304,6,1,6,1,1,-88,7,2373,17471,116,0,0 '
Received from ('fd00::200:0:0:4', 8765, 0, 0): b' 1744,4,1,512,0,350,6,2,7,1,1,-66,0,705,12568,117,0,0 '
Received from ('fd00::200:0:0:11', 8765, 0, 0): b' 1724,17,12,1408,80,19,5,1,7,0,3,-70,0,169,5261,13,0,0 '
Received from ('fd00::200:0:0:13', 8765, 0, 0): b' 1743,19,15,1536,10,331,5,6,7,1,2,-52,0,703,9699,96,0,0 '
Received from ('fd00::200:0:0:15', 8765, 0, 0): b' 1742,21,16,1536,0,357,7,7,5,1,3,-70,0,647,4892,91,0,0 '
Received from ('fd00::200:0:0:11', 8765, 0, 0): b' 1734,17,12,1408,70,20,5,1,7,0,3,-70,0,775,9132,13,0,0 '
Received from ('fd00::200:0:0:3', 8765, 0, 0): b' 1746,3,1,512,0,324,6,1,7,1,1,-64,6,1050,16180,116,0,0 '
Received from ('fd00::200:0:0:7', 8765, 0, 0): b' 1745,7,2,768,20,368,7,6,7,1,2,-70,6,1464,12012,110,0,0 '
Received from ('fd00::200:0:0:11', 8765, 0, 0): b' 1740,17,12,1280,50,20,5,1,7,1,3,-70,0,760,6229,14,0,0 '
Received from ('fd00::200:0:0:6', 8765, 0, 0): b' 1714,6,8,1408,10,0,0,5,1,0,1,-95,0,266,6735,0,0,0 '
Received from ('fd00::200:0:0:8', 8765, 0, 0): b' 1746,8,5,768,0,340,3,10,7,1,1,-70,6,3146,22490,113,0,0 '
Received from ('fd00::200:0:0:14', 8765, 0, 0): b' 1746,20,16,1536,0,369,7,5,7,1,3,-52,0,1025,11248,98,0,0 '
Received from ('fd00::200:0:0:6', 8765, 0, 0): b' 1720,6,7,1152,60,1,2,5,3,0,2,-52,0,606,4821,1,0,0 '
Received from ('fd00::200:0:0:d', 8765, 0, 0): b' 1745,13,8,1024,0,24,5,1,7,1,3,-70,0,397,7380,12,0,0 '
Received from ('fd00::200:0:0:a', 8765, 0, 0): b' 1746,10,7,1024,0,357,4,4,7,1,2,-70,4,1204,10880,109,1,5 '
Received from ('fd00::200:0:0:6', 8765, 0, 0): b' 1723,6,7,1152,70,2,3,5,4,0,2,-52,0,910,4429,1,0,0 '
Received from ('fd00::200:0:0:6', 8765, 0, 0): b' 1732,6,7,1152,90,3,3,5,4,0,2,-52,0,876,8198,2,0,0 '
Received from ('fd00::200:0:0:6', 8765, 0, 0): b' 1738,6,7,1152,70,4,3,5,4,0,2,-52,0,614,4909,2,0,0 '
Received from ('fd00::200:0:0:11', 8765, 0, 0): b' 1746,17,12,1280,0,21,5,1,7,1,3,-70,0,1041,7399,14,0,0 '
Received from ('fd00::200:0:0:2', 8765, 0, 0): b' 1751,2,1,512,20,304,6,1,6,1,1,-88,7,2529,14606,117,0,0 '
Received from ('fd00::200:0:0:4', 8765, 0, 0): b' 1750,4,1,512,0,352,6,2,7,1,1,-66,0,509,8150,117,0,0 '
Received from ('fd00::200:0:0:5', 8765, 0, 0): b' 1751,5,1,512,40,351,6,1,6,1,1,-94,8,2692,16938,117,0,0 '
Received from ('fd00::200:0:0:c', 8765, 0, 0): b' 1748,12,8,1024,0,19,7,7,7,1,4,-52,0,2032,12634,15,0,0 '
Received from ('fd00::200:0:0:10', 8765, 0, 0): b' 1748,16,11,1280,0,347,7,16,7,1,3,-70,2,1395,16472,83,0,0 '
Received from ('fd00::200:0:0:f', 8765, 0, 0): b' 1747,15,10,1280,10,336,3,9,7,1,1,-70,2,1437,17300,108,0,0 '
Received from ('fd00::200:0:0:13', 8765, 0, 0): b' 1747,19,15,1536,0,334,5,6,7,1,2,-52,0,684,4558,96,0,0 '
Received from ('fd00::200:0:0:1', 5678, 0, 0): b' 1752,1,0,256,0,6,0,0,4,0,0,0,10,2663,24580,1939,0,0 '
Received from ('fd00::200:0:0:15', 8765, 0, 0): b' 1749,21,16,1536,0,358,7,7,5,1,3,-70,0,477,6150,92,0,0 '
Received from ('fd00::200:0:0:3', 8765, 0, 0): b' 1753,3,1,512,0,325,6,1,7,1,1,-64,6,657,11084,116,0,0 '
Received from ('fd00::200:0:0:8', 8765, 0, 0): b' 1751,8,5,768,10,342,3,10,7,1,1,-70,6,2046,14167,113,0,0 '
Received from ('fd00::200:0:0:6', 8765, 0, 0): b' 1749,6,7,1024,0,5,3,5,4,1,2,-52,0,1675,12147,3,0,0 '
Received from ('fd00::200:0:0:b', 8765, 0, 0): b' 1750,11,8,1024,10,334,2,19,7,1,1,-70,3,1859,13673,74,0,0 '
Received from ('fd00::200:0:0:e', 8765, 0, 0): b' 1749,14,10,1280,0,343,3,8,7,1,1,-52,0,801,10309,87,0,0 '
Received from ('fd00::200:0:0:d', 8765, 0, 0): b' 1751,13,8,1024,0,24,5,1,7,1,3,-70,0,332,5327,13,0,0 '
Received from ('fd00::200:0:0:7', 8765, 0, 0): b' 1752,7,2,768,20,370,7,6,7,1,2,-70,6,3461,19203,111,0,0 '
Received from ('fd00::200:0:0:a', 8765, 0, 0): b' 1752,10,7,1024,0,360,4,4,7,1,2,-70,4,1508,14157,109,1,5 '
Received from ('fd00::200:0:0:15', 8765, 0, 0): b' 1754,21,16,1536,0,360,7,7,5,1,3,-70,0,493,5369,92,0,0 '
Received from ('fd00::200:0:0:14', 8765, 0, 0): b' 1753,20,16,1536,0,372,7,5,7,1,3,-52,0,647,7675,98,0,0 '
Received from ('fd00::200:0:0:12', 8765, 0, 0): b' 1753,18,15,1536,0,385,4,5,5,1,1,-70,0,819,10904,100,0,0 '
Received from ('fd00::200:0:0:b', 8765, 0, 0): b' 1754,11,8,1024,0,337,2,19,7,1,1,-70,3,1060,6847,74,0,0 '
Received from ('fd00::200:0:0:2', 8765, 0, 0): b' 1757,2,1,512,0,306,6,1,6,1,1,-88,7,2216,13074,117,0,0 '
Received from ('fd00::200:0:0:d', 8765, 0, 0): b' 1755,13,8,1024,0,25,5,1,7,1,3,-70,0,353,4302,13,0,0 '
Received from ('fd00::200:0:0:c', 8765, 0, 0): b' 1756,12,8,1024,10,20,7,7,7,1,4,-52,0,1028,11462,16,0,0 '
Received from ('fd00::200:0:0:11', 8765, 0, 0): b' 1755,17,12,1280,0,22,5,1,7,1,3,-70,0,518,8606,15,0,0 '
Received from ('fd00::200:0:0:4', 8765, 0, 0): b' 1758,4,1,512,10,353,6,2,7,1,1,-66,0,383,9505,118,0,0 '
Received from ('fd00::200:0:0:3', 8765, 0, 0): b' 1759,3,1,512,0,327,6,1,7,1,1,-64,6,538,9625,117,0,0 '
Received from ('fd00::200:0:0:10', 8765, 0, 0): b' 1757,16,11,1280,0,352,7,16,7,1,3,-70,2,1883,18607,83,0,0 '
Received from ('fd00::200:0:0:13', 8765, 0, 0): b' 1757,19,15,1536,10,337,5,6,7,1,2,-52,0,738,9103,97,0,0 '
Received from ('fd00::200:0:0:f', 8765, 0, 0): b' 1758,15,10,1280,0,337,3,10,7,1,1,-70,2,1722,21581,109,0,0 '
Received from ('fd00::200:0:0:5', 8765, 0, 0): b' 1760,5,1,512,10,355,6,1,6,1,1,-94,8,3433,21791,117,0,0 '
Received from ('fd00::200:0:0:1', 5678, 0, 0): b' 1761,1,0,256,0,6,0,0,4,0,0,0,10,2358,22766,1950,0,0 '
Received from ('fd00::200:0:0:e', 8765, 0, 0): b' 1759,14,10,1280,0,349,3,8,7,1,1,-52,0,1060,10663,87,0,0 '
Received from ('fd00::200:0:0:8', 8765, 0, 0): b' 1763,8,5,768,10,345,3,11,7,1,1,-70,6,3025,25534,114,0,0 '
Received from ('fd00::200:0:0:12', 8765, 0, 0): b' 1760,18,15,1536,10,388,4,5,5,1,1,-70,0,609,6606,100,0,0 '
Received from ('fd00::200:0:0:b', 8765, 0, 0): b' 1762,11,8,1024,0,340,2,19,7,1,1,-70,3,1103,9301,74,0,0 '
Received from ('fd00::200:0:0:d', 8765, 0, 0): b' 1763,13,8,1024,0,25,5,1,7,1,3,-70,0,276,5059,13,0,0 '
Received from ('fd00::200:0:0:7', 8765, 0, 0): b' 1763,7,2,768,0,374,7,6,7,1,2,-70,6,2541,22314,111,0,0 '
Received from ('fd00::200:0:0:14', 8765, 0, 0): b' 1761,20,16,1536,0,373,7,5,7,1,3,-52,0,556,7054,99,0,0 '
Received from ('fd00::200:0:0:a', 8765, 0, 0): b' 1763,10,7,1024,0,365,4,4,7,1,2,-70,4,2802,23791,110,1,5 '
Received from ('fd00::200:0:0:4', 8765, 0, 0): b' 1765,4,1,512,0,354,6,2,7,1,1,-66,0,580,8936,118,0,0 '
Received from ('fd00::200:0:0:15', 8765, 0, 0): b' 1763,21,16,1536,0,363,7,7,5,1,3,-70,0,836,10735,93,0,0 '
Received from ('fd00::200:0:0:1', 5678, 0, 0): b' 1766,1,0,256,0,6,0,0,4,0,0,0,10,1168,10944,1958,0,0 '
Received from ('fd00::200:0:0:14', 8765, 0, 0): b' 1765,20,16,1536,10,374,7,5,7,1,3,-52,0,240,3768,99,0,0 '
Received from ('fd00::200:0:0:5', 8765, 0, 0): b' 1767,5,1,512,0,356,6,1,6,1,1,-94,8,2277,15876,118,0,0 '
Received from ('fd00::200:0:0:2', 8765, 0, 0): b' 1767,2,1,512,0,309,6,1,6,1,1,-88,7,2815,20945,118,0,0 '
Received from ('fd00::200:0:0:e', 8765, 0, 0): b' 1766,14,10,1280,0,353,3,8,7,1,1,-52,0,782,7911,88,0,0 '
Received from ('fd00::200:0:0:c', 8765, 0, 0): b' 1768,12,8,1024,0,21,7,7,7,1,4,-52,0,755,12145,16,0,0 '
Received from ('fd00::200:0:0:13', 8765, 0, 0): b' 1766,19,15,1536,10,342,5,6,7,1,2,-52,0,902,9610,97,0,0 '
Received from ('fd00::200:0:0:12', 8765, 0, 0): b' 1766,18,15,1536,10,393,4,5,5,1,1,-70,0,871,7464,101,0,0 '
Received from ('fd00::200:0:0:3', 8765, 0, 0): b' 1770,3,1,512,10,331,6,1,7,1,1,-64,6,979,16693,117,0,0 '
Received from ('fd00::200:0:0:f', 8765, 0, 0): b' 1768,15,10,1280,0,338,3,10,7,1,1,-70,2,984,9568,110,0,0 '
Received from ('fd00::200:0:0:8', 8765, 0, 0): b' 1770,8,5,768,10,347,3,11,7,1,1,-70,6,2229,19602,114,0,0 '
Received from ('fd00::200:0:0:10', 8765, 0, 0): b' 1768,16,11,1280,0,355,7,16,7,1,3,-70,2,1834,21438,84,0,0 '
Received from ('fd00::200:0:0:1', 5678, 0, 0): b' 1770,1,0,256,0,6,0,0,4,0,0,0,10,869,10313,1959,0,0 '
Received from ('fd00::200:0:0:15', 8765, 0, 0): b' 1767,21,16,1536,0,365,7,7,5,1,3,-70,0,497,4596,93,0,0 '
Received from ('fd00::200:0:0:2', 8765, 0, 0): b' 1772,2,1,512,0,310,6,1,6,1,1,-88,7,1147,8457,118,0,0 '
Received from ('fd00::200:0:0:d', 8765, 0, 0): b' 1773,13,8,1024,0,25,5,1,7,1,3,-70,0,477,9451,14,0,0 '
Received from ('fd00::200:0:0:b', 8765, 0, 0): b' 1774,11,8,1024,0,343,2,19,7,1,1,-70,3,2131,17446,75,0,0 '
Received from ('fd00::200:0:0:a', 8765, 0, 0): b' 1773,10,7,1024,0,370,4,4,7,1,2,-70,4,2369,19003,110,1,5 '
Received from ('fd00::200:0:0:e', 8765, 0, 0): b' 1771,14,10,1280,0,356,3,8,7,1,1,-52,0,593,6165,88,0,0 '
Received from ('fd00::200:0:0:4', 8765, 0, 0): b' 1774,4,1,512,0,359,6,2,7,1,1,-66,0,910,11851,119,0,0 '
Received from ('fd00::200:0:0:8', 8765, 0, 0): b' 1775,8,5,768,10,347,3,11,7,1,1,-70,6,1338,11968,115,0,0 '
Received from ('fd00::200:0:0:7', 8765, 0, 0): b' 1774,7,2,768,0,377,7,6,7,1,2,-70,6,2565,24450,112,0,0 '
Received from ('fd00::200:0:0:15', 8765, 0, 0): b' 1772,21,16,1536,0,367,7,7,5,1,3,-70,0,492,4602,93,0,0 '
Received from ('fd00::200:0:0:14', 8765, 0, 0): b' 1773,20,16,1536,0,377,7,5,7,1,3,-52,0,801,9107,100,0,0 '
Received from ('fd00::200:0:0:13', 8765, 0, 0): b' 1773,19,15,1536,0,346,5,6,7,1,2,-52,0,870,7708,98,0,0 '
Received from ('fd00::200:0:0:c', 8765, 0, 0): b' 1775,12,8,1024,10,23,7,7,7,1,4,-52,0,560,6929,17,0,0 '
Received from ('fd00::200:0:0:d', 8765, 0, 0): b' 1777,13,8,1024,0,25,5,1,7,1,3,-70,0,280,3572,14,0,0 '
Received from ('fd00::200:0:0:5', 8765, 0, 0): b' 1777,5,1,512,0,359,6,1,6,1,1,-94,8,3007,21607,118,0,0 '
Received from ('fd00::200:0:0:2', 8765, 0, 0): b' 1778,2,1,512,0,311,6,1,6,1,1,-88,7,1506,11919,119,0,0 '
Received from ('fd00::200:0:0:12', 8765, 0, 0): b' 1775,18,15,1536,0,399,4,5,5,1,1,-70,0,1168,9956,101,0,0 '
Received from ('fd00::200:0:0:e', 8765, 0, 0): b' 1776,14,10,1280,10,359,3,8,7,1,1,-52,0,518,5011,89,0,0 '
Received from ('fd00::200:0:0:b', 8765, 0, 0): b' 1779,11,8,1024,10,347,2,19,7,1,1,-70,3,1188,8436,75,0,0 '
Received from ('fd00::200:0:0:10', 8765, 0, 0): b' 1780,16,11,1280,10,358,7,16,7,1,3,-70,2,2082,19420,85,0,0 '
Received from ('fd00::200:0:0:3', 8765, 0, 0): b' 1781,3,1,512,0,336,6,1,7,1,1,-64,6,1051,17499,118,0,0 '
Received from ('fd00::200:0:0:15', 8765, 0, 0): b' 1778,21,16,1536,0,370,7,7,5,1,3,-70,0,655,6221,94,0,0 '
Received from ('fd00::200:0:0:1', 5678, 0, 0): b' 1781,1,0,256,0,6,0,0,4,0,0,0,10,2630,26551,1975,0,0 '
Received from ('fd00::200:0:0:7', 8765, 0, 0): b' 1782,7,2,768,0,380,7,6,7,1,2,-70,6,1935,16316,113,0,0 '
Received from ('fd00::200:0:0:4', 8765, 0, 0): b' 1783,4,1,512,0,362,6,2,7,1,1,-66,0,737,11374,119,0,0 '
Received from ('fd00::200:0:0:c', 8765, 0, 0): b' 1783,12,8,1024,0,23,7,8,7,1,4,-52,0,426,8359,17,0,0 '
Received from ('fd00::200:0:0:5', 8765, 0, 0): b' 1784,5,1,512,10,359,6,1,6,1,1,-94,9,1589,15173,119,0,0 '
Received from ('fd00::200:0:0:d', 8765, 0, 0): b' 1784,13,8,1024,0,26,5,1,7,1,3,-70,1,593,7468,15,0,0 '
Received from ('fd00::200:0:0:b', 8765, 0, 0): b' 1785,11,8,1024,0,350,2,20,7,1,1,-70,3,1322,10786,76,0,0 '
Received from ('fd00::200:0:0:8', 8765, 0, 0): b' 1786,8,5,768,10,348,3,11,7,1,1,-70,7,3262,27440,115,0,0 '
Received from ('fd00::200:0:0:14', 8765, 0, 0): b' 1785,20,16,1536,10,381,7,5,7,1,3,-52,0,840,10216,100,0,0 '
Received from ('fd00::200:0:0:2', 8765, 0, 0): b' 1787,2,1,512,10,315,6,1,6,1,1,-88,7,1683,15192,119,0,0 '
Received from ('fd00::200:0:0:10', 8765, 0, 0): b' 1787,16,11,1280,10,361,7,16,7,1,3,-70,2,1348,15626,85,0,0 '
Received from ('fd00::200:0:0:4', 8765, 0, 0): b' 1788,4,1,512,0,363,6,2,7,1,1,-66,0,429,6493,120,0,0 '
Received from ('fd00::200:0:0:9', 8765, 0, 0): b' 1762,9,5,896,90,21,5,2,7,0,2,-52,0,410,8385,13,0,0 '
Received from ('fd00::200:0:0:7', 8765, 0, 0): b' 1789,7,2,768,0,383,8,7,7,1,2,-70,6,831,13331,113,0,0 '
Received from ('fd00::200:0:0:9', 8765, 0, 0): b' 1768,9,5,896,80,21,5,2,7,0,2,-52,0,328,6361,13,0,0 '
Received from ('fd00::200:0:0:9', 8765, 0, 0): b' 1774,9,5,896,90,21,5,2,7,0,2,-52,0,169,4771,13,0,0 '
Received from ('fd00::200:0:0:3', 8765, 0, 0): b' 1791,3,1,512,0,339,6,1,7,1,1,-64,6,939,15915,119,0,0 '
Received from ('fd00::200:0:0:9', 8765, 0, 0): b' 1783,9,5,896,90,22,5,2,7,0,2,-52,0,439,8345,14,0,0 '
Received from ('fd00::200:0:0:9', 8765, 0, 0): b' 1787,9,5,896,90,23,5,2,7,0,2,-52,0,148,4176,14,0,0 '
Received from ('fd00::200:0:0:1', 5678, 0, 0): b' 1791,1,0,256,0,6,0,0,4,0,0,0,10,1861,22404,1983,0,0 '
Received from ('fd00::200:0:0:d', 8765, 0, 0): b' 1792,13,8,1024,0,27,5,1,7,1,3,-70,1,457,7886,15,0,0 '
Received from ('fd00::200:0:0:8', 8765, 0, 0): b' 1792,8,5,768,40,351,3,11,7,1,1,-70,7,1677,15113,116,0,0 '
Received from ('fd00::200:0:0:c', 8765, 0, 0): b' 1792,12,8,1024,0,25,7,8,7,1,4,-52,0,885,8595,18,0,0 '
Received from ('fd00::200:0:0:7', 8765, 0, 0): b' 1794,7,2,768,0,384,8,7,7,1,2,-70,6,354,7927,113,0,0 '
Received from ('fd00::200:0:0:15', 8765, 0, 0): b' 1791,21,16,1536,0,372,7,7,5,1,3,-70,0,817,11100,94,0,0 '
Received from ('fd00::200:0:0:4', 8765, 0, 0): b' 1794,4,1,512,10,364,6,2,7,1,1,-66,0,276,6785,120,0,0 '
Received from ('fd00::200:0:0:5', 8765, 0, 0): b' 1795,5,1,512,30,360,6,1,6,1,1,-94,10,4285,25819,119,0,0 '
Received from ('fd00::200:0:0:14', 8765, 0, 0): b' 1792,20,16,1536,0,384,7,5,7,1,3,-52,0,677,6948,101,0,0 '
Received from ('fd00::200:0:0:9', 8765, 0, 0): b' 1795,9,5,768,0,24,5,2,7,1,2,-52,0,1368,8929,15,0,0 '
Received from ('fd00::200:0:0:b', 8765, 0, 0): b' 1794,11,8,1024,0,354,2,20,7,1,1,-70,4,2006,14558,77,0,0 '
Received from ('fd00::200:0:0:14', 8765, 0, 0): b' 1797,20,16,1536,0,384,7,5,7,1,3,-52,0,255,4426,101,0,0 '
Received from ('fd00::200:0:0:3', 8765, 0, 0): b' 1798,3,1,512,0,341,6,1,7,1,1,-64,6,690,11295,119,0,0 '
Received from ('fd00::200:0:0:2', 8765, 0, 0): b' 1798,2,1,512,0,318,6,1,6,1,1,-88,7,1734,18638,120,0,0 '
Received from ('fd00::200:0:0:4', 8765, 0, 0): b' 1798,4,1,512,0,366,6,2,7,1,1,-66,0,574,5833,120,0,0 '
Received from ('fd00::200:0:0:10', 8765, 0, 0): b' 1796,16,11,1280,0,363,7,16,7,1,3,-70,2,1565,18763,86,0,0 '
Received from ('fd00::200:0:0:c', 8765, 0, 0): b' 1797,12,8,1024,0,26,7,8,7,1,4,-52,0,554,5598,18,0,0 '
Received from ('fd00::200:0:0:1', 5678, 0, 0): b' 1799,1,0,256,0,6,0,0,4,0,0,0,10,1693,17655,1990,0,0 '
Received from ('fd00::200:0:0:8', 8765, 0, 0): b' 1799,8,5,768,0,354,3,11,7,1,1,-70,8,2496,17819,116,0,0 '
Received from ('fd00::200:0:0:15', 8765, 0, 0): b' 1801,21,16,1536,0,373,7,7,5,1,3,-70,0,587,9547,95,0,0 '
Received from ('fd00::200:0:0:7', 8765, 0, 0): b' 1803,7,2,768,0,386,8,7,7,1,2,-70,6,622,16390,114,0,0 '
Received from ('fd00::200:0:0:c', 8765, 0, 0): b' 1802,12,8,1024,0,26,7,8,7,1,4,-52,0,336,4955,19,0,0 '
Received from ('fd00::200:0:0:10', 8765, 0, 0): b' 1802,16,11,1280,0,366,7,16,7,1,3,-70,2,1067,10881,86,0,0 '
Received from ('fd00::200:0:0:d', 8765, 0, 0): b' 1803,13,8,1024,10,29,5,1,7,1,3,-70,1,1024,11275,16,0,0 '
Received from ('fd00::200:0:0:5', 8765, 0, 0): b' 1805,5,1,512,10,362,6,1,6,1,1,-94,10,3400,24132,120,0,0 '
Received from ('fd00::200:0:0:b', 8765, 0, 0): b' 1804,11,8,1024,0,356,2,21,7,1,1,-70,7,1891,15271,77,0,0 '
Received from ('fd00::200:0:0:9', 8765, 0, 0): b' 1805,9,5,768,10,25,5,2,7,1,2,-52,0,521,9253,16,0,0 '
Received from ('fd00::200:0:0:14', 8765, 0, 0): b' 1805,20,16,1536,0,386,7,5,7,1,3,-52,0,677,7846,102,0,0 '
Received from ('fd00::200:0:0:e', 8765, 0, 0): b' 1785,14,11,1408,40,360,5,8,7,0,2,-70,0,1449,9729,89,0,0 '
Received from ('fd00::200:0:0:e', 8765, 0, 0): b' 1789,14,11,1408,80,362,5,8,7,0,2,-70,0,353,4234,89,0,0 '
Received from ('fd00::200:0:0:e', 8765, 0, 0): b' 1797,14,11,1408,90,364,5,8,7,0,2,-70,0,1254,7529,90,0,0 '
Received from ('fd00::200:0:0:4', 8765, 0, 0): b' 1808,4,1,512,0,368,6,2,7,1,1,-66,0,799,13508,121,0,0 '
Received from ('fd00::200:0:0:2', 8765, 0, 0): b' 1809,2,1,512,20,322,6,1,6,1,1,-88,7,1346,16855,121,0,0 '
Received from ('fd00::200:0:0:1', 5678, 0, 0): b' 1809,1,0,256,0,6,0,0,4,0,0,0,10,2063,23630,2000,0,0 '
Received from ('fd00::200:0:0:e', 8765, 0, 0): b' 1804,14,11,1408,80,366,5,8,7,1,2,-70,0,478,6696,90,0,0 '
Received from ('fd00::200:0:0:3', 8765, 0, 0): b' 1810,3,1,512,0,345,6,1,7,1,1,-64,6,943,18223,120,0,0 '
Received from ('fd00::200:0:0:7', 8765, 0, 0): b' 1810,7,2,768,20,392,8,7,7,1,2,-70,6,1010,13592,115,0,0 '
Received from ('fd00::200:0:0:9', 8765, 0, 0): b' 1809,9,5,768,0,26,5,2,7,1,2,-52,0,700,4898,16,0,0 '
Received from ('fd00::200:0:0:c', 8765, 0, 0): b' 1809,12,8,1024,0,27,7,8,7,1,4,-52,0,405,6428,19,0,0 '
Received from ('fd00::200:0:0:11', 8765, 0, 0): b' 1776,17,13,1408,80,24,7,1,7,0,4,-52,0,327,4491,16,0,0 '
Received from ('fd00::200:0:0:e', 8765, 0, 0): b' 1808,14,11,1280,0,367,5,8,7,1,2,-70,0,910,5698,91,0,0 '
Received from ('fd00::200:0:0:4', 8765, 0, 0): b' 1812,4,1,512,10,370,6,2,7,1,1,-66,0,443,5192,121,0,0 '
Received from ('fd00::200:0:0:10', 8765, 0, 0): b' 1809,16,11,1280,0,369,7,16,7,1,3,-70,2,1431,14909,87,0,0 '
Received from ('fd00::200:0:0:11', 8765, 0, 0): b' 1787,17,13,1408,70,26,7,1,7,0,4,-52,0,733,10379,17,0,0 '
Received from ('fd00::200:0:0:5', 8765, 0, 0): b' 1813,5,1,512,60,364,6,1,6,1,1,-94,10,4275,24269,121,0,0 '
Received from ('fd00::200:0:0:1', 5678, 0, 0): b' 1814,1,0,256,0,6,0,0,4,0,0,0,10,914,10639,2005,0,0 '
Received from ('fd00::200:0:0:11', 8765, 0, 0): b' 1799,17,13,1408,70,28,7,1,7,0,4,-52,0,678,7541,17,0,0 '
Received from ('fd00::200:0:0:11', 8765, 0, 0): b' 1807,17,13,1408,80,28,7,1,7,0,4,-52,0,273,7814,18,0,0 '
Received from ('fd00::200:0:0:b', 8765, 0, 0): b' 1812,11,8,1024,10,356,2,21,7,1,1,-70,7,2624,16612,78,0,0 '
Received from ('fd00::200:0:0:15', 8765, 0, 0): b' 1813,21,16,1536,0,377,7,7,5,1,3,-70,0,931,11130,96,0,0 '
Received from ('fd00::200:0:0:8', 8765, 0, 0): b' 1814,8,5,768,0,359,3,11,7,2,1,-70,10,2505,13656,117,0,0 '
Received from ('fd00::200:0:0:14', 8765, 0, 0): b' 1813,20,16,1536,0,389,7,5,7,1,3,-52,0,480,4836,102,0,0 '
Received from ('fd00::200:0:0:10', 8765, 0, 0): b' 1814,16,11,1280,0,373,7,16,7,1,3,-70,2,1173,9468,87,0,0 '
Received from ('fd00::200:0:0:e', 8765, 0, 0): b' 1815,14,11,1280,0,369,5,8,7,1,2,-70,0,487,5825,91,0,0 '
Received from ('fd00::200:0:0:11', 8765, 0, 0): b' 1816,17,13,1280,0,29,7,1,7,1,4,-52,0,1347,9965,19,0,0 '
Received from ('fd00::200:0:0:7', 8765, 0, 0): b' 1818,7,2,768,0,393,8,7,7,1,2,-70,5,598,15665,115,0,0 '
Received from ('fd00::200:0:0:d', 8765, 0, 0): b' 1817,13,8,1024,0,30,5,1,7,1,3,-70,1,1822,13039,17,0,0 '
Received from ('fd00::200:0:0:5', 8765, 0, 0): b' 1819,5,1,512,30,366,6,1,6,1,1,-94,10,2483,14024,121,0,0 '
Received from ('fd00::200:0:0:3', 8765, 0, 0): b' 1820,3,1,512,0,348,6,1,7,1,1,-64,6,790,15160,121,0,0 '
Received from ('fd00::200:0:0:1', 5678, 0, 0): b' 1820,1,0,256,0,6,0,0,4,0,0,0,10,1461,14861,2011,0,0 '
Received from ('fd00::200:0:0:b', 8765, 0, 0): b' 1818,11,8,1024,10,356,2,21,7,1,1,-70,7,1311,10420,78,0,0 '
Received from ('fd00::200:0:0:2', 8765, 0, 0): b' 1821,2,1,512,20,325,6,1,6,1,1,-88,6,1673,18989,122,0,0 '
Received from ('fd00::200:0:0:c', 8765, 0, 0): b' 1820,12,8,1024,0,27,7,8,7,1,4,-52,0,501,10924,20,0,0 '
Received from ('fd00::200:0:0:14', 8765, 0, 0): b' 1820,20,16,1536,0,392,7,5,7,1,3,-52,0,650,6884,103,0,0 '
Received from ('fd00::200:0:0:7', 8765, 0, 0): b' 1822,7,2,768,0,394,8,8,7,1,2,-70,5,388,7315,115,0,0 '
Received from ('fd00::200:0:0:4', 8765, 0, 0): b' 1823,4,1,512,0,375,6,2,7,1,1,-66,0,1210,14104,122,0,0 '
Received from ('fd00::200:0:0:8', 8765, 0, 0): b' 1823,8,5,768,0,364,3,11,7,2,1,-70,10,3126,23588,118,0,0 '
Received from ('fd00::200:0:0:9', 8765, 0, 0): b' 1814,9,5,896,0,27,5,2,7,0,2,-52,0,413,4623,16,0,0 '
Received from ('fd00::200:0:0:1', 5678, 0, 0): b' 1825,1,0,256,0,6,0,0,4,0,0,0,10,1039,10921,2019,0,0 '
Received from ('fd00::200:0:0:9', 8765, 0, 0): b' 1824,9,5,768,0,28,5,2,7,1,2,-52,0,938,10098,17,0,0 '
Received from ('fd00::200:0:0:10', 8765, 0, 0): b' 1824,16,11,1280,20,376,7,16,7,1,3,-70,2,1534,17437,88,0,0 '
Received from ('fd00::200:0:0:2', 8765, 0, 0): b' 1827,2,1,512,0,327,6,1,6,1,1,-88,6,993,10446,122,0,0 '
Received from ('fd00::200:0:0:5', 8765, 0, 0): b' 1826,5,1,512,60,367,6,1,6,1,1,-94,10,2917,18855,122,0,0 '
Received from ('fd00::200:0:0:c', 8765, 0, 0): b' 1824,12,8,1024,0,27,7,8,7,1,4,-52,0,253,4163,20,0,0 '
Received from ('fd00::200:0:0:15', 8765, 0, 0): b' 1824,21,16,1536,0,380,7,7,5,1,3,-70,0,826,10899,97,0,0 '
Received from ('fd00::200:0:0:e', 8765, 0, 0): b' 1824,14,11,1280,10,373,5,8,7,1,2,-70,0,703,8945,92,0,0 '
Received from ('fd00::200:0:0:d', 8765, 0, 0): b' 1827,13,8,1024,0,30,5,1,7,1,3,-70,1,619,11393,18,0,0 '
Received from ('fd00::200:0:0:7', 8765, 0, 0): b' 1828,7,2,768,0,395,8,8,7,1,2,-70,5,489,9969,116,0,0 '
Received from ('fd00::200:0:0:11', 8765, 0, 0): b' 1827,17,13,1280,0,30,7,1,7,1,4,-52,0,619,10624,19,0,0 '
Received from ('fd00::200:0:0:b', 8765, 0, 0): b' 1826,11,8,1024,0,359,2,21,7,1,1,-70,7,1973,15781,79,0,0 '
Received from ('fd00::200:0:0:14', 8765, 0, 0): b' 1828,20,16,1536,0,396,7,5,7,1,3,-52,0,847,8293,103,0,0 '
Received from ('fd00::200:0:0:3', 8765, 0, 0): b' 1830,3,1,512,0,353,6,1,7,1,1,-64,6,985,15348,121,0,0 '
Received from ('fd00::200:0:0:10', 8765, 0, 0): b' 1829,16,11,1280,10,379,7,16,7,1,3,-70,2,1202,11936,88,0,0 '
Received from ('fd00::200:0:0:1', 5678, 0, 0): b' 1832,1,0,256,0,6,0,0,4,0,0,0,10,1579,16464,2025,0,0 '
Received from ('fd00::200:0:0:4', 8765, 0, 0): b' 1833,4,1,512,0,377,6,2,7,1,1,-66,0,609,11688,123,0,0 '
Received from ('fd00::200:0:0:e', 8765, 0, 0): b' 1832,14,11,1280,0,374,5,8,7,1,2,-70,0,609,8091,92,0,0 '
Received from ('fd00::200:0:0:7', 8765, 0, 0): b' 1833,7,2,768,0,396,8,8,7,1,2,-70,5,425,8414,116,0,0 '
Received from ('fd00::200:0:0:b', 8765, 0, 0): b' 1833,11,8,1024,0,363,2,21,7,1,1,-70,7,1534,11990,79,0,0 '
Received from ('fd00::200:0:0:9', 8765, 0, 0): b' 1834,9,5,768,0,30,5,2,7,1,2,-52,0,622,9078,17,0,0 '
Received from ('fd00::200:0:0:2', 8765, 0, 0): b' 1834,2,1,512,0,329,6,1,6,1,1,-88,6,1012,11303,122,0,0 '
Received from ('fd00::200:0:0:8', 8765, 0, 0): b' 1834,8,5,768,0,367,3,11,7,2,1,-70,10,3560,28005,118,0,0 '
Received from ('fd00::200:0:0:c', 8765, 0, 0): b' 1835,12,8,1024,0,27,7,10,7,1,4,-52,1,641,10539,21,0,0 '
Received from ('fd00::200:0:0:11', 8765, 0, 0): b' 1835,17,13,1280,0,31,7,1,7,1,4,-52,0,556,7784,20,0,0 '
Received from ('fd00::200:0:0:15', 8765, 0, 0): b' 1836,21,16,1536,0,384,7,7,5,1,3,-70,0,956,10754,97,0,0 '
Received from ('fd00::200:0:0:10', 8765, 0, 0): b' 1834,16,11,1280,10,380,7,16,7,1,3,-70,2,814,10743,88,0,0 '
Received from ('fd00::200:0:0:5', 8765, 0, 0): b' 1836,5,1,512,10,369,6,1,6,1,1,-94,10,4041,27517,122,0,0 '
Received from ('fd00::200:0:0:3', 8765, 0, 0): b' 1837,3,1,512,0,354,6,1,7,1,1,-64,6,459,10778,122,0,0 '
Received from ('fd00::200:0:0:1', 5678, 0, 0): b' 1837,1,0,256,0,6,0,0,4,0,0,0,10,1246,12602,2029,0,0 '
Received from ('fd00::200:0:0:d', 8765, 0, 0): b' 1838,13,8,1024,0,32,5,1,7,1,3,-70,1,1232,14821,19,0,0 '
Received from ('fd00::200:0:0:14', 8765, 0, 0): b' 1838,20,16,1536,10,403,7,5,7,1,3,-52,0,1301,10279,104,0,0 '
Received from ('fd00::200:0:0:2', 8765, 0, 0): b' 1840,2,1,512,10,333,6,1,6,1,1,-88,6,949,10527,123,0,0 '
Received from ('fd00::200:0:0:8', 8765, 0, 0): b' 1840,8,5,768,10,369,4,11,7,2,1,-70,10,2512,16487,119,0,0 '
Received from ('fd00::200:0:0:e', 8765, 0, 0): b' 1840,14,11,1280,0,375,5,8,7,1,2,-70,0,441,7078,93,0,0 '
Received from ('fd00::200:0:0:11', 8765, 0, 0): b' 1841,17,13,1280,0,32,7,1,7,1,4,-52,0,378,5244,20,0,0 '
Received from ('fd00::200:0:0:4', 8765, 0, 0): b' 1841,4,1,512,0,380,6,2,7,1,1,-66,0,713,10694,123,0,0 '
Received from ('fd00::200:0:0:9', 8765, 0, 0): b' 1843,9,5,768,0,30,5,2,7,1,2,-52,0,531,9036,18,0,0 '
Received from ('fd00::200:0:0:b', 8765, 0, 0): b' 1843,11,8,1024,0,369,2,21,7,1,1,-70,7,2561,19016,80,0,0 '
Received from ('fd00::200:0:0:15', 8765, 0, 0): b' 1844,21,16,1536,0,385,7,7,5,1,3,-70,0,640,8562,98,0,0 '
Received from ('fd00::200:0:0:c', 8765, 0, 0): b' 1843,12,8,1024,0,28,7,10,7,1,4,-52,2,866,10109,21,0,0 '
Received from ('fd00::200:0:0:3', 8765, 0, 0): b' 1845,3,1,512,0,357,6,1,7,1,1,-64,6,616,12213,122,0,0 '
Received from ('fd00::200:0:0:2', 8765, 0, 0): b' 1845,2,1,512,10,335,6,1,6,1,1,-88,6,621,8268,123,0,0 '
Received from ('fd00::200:0:0:7', 8765, 0, 0): b' 1844,7,2,768,0,399,8,8,7,1,2,-70,5,844,17818,117,0,0 '
Received from ('fd00::200:0:0:d', 8765, 0, 0): b' 1846,13,8,1024,0,33,5,1,7,1,3,-70,1,789,10633,19,0,0 '
Received from ('fd00::200:0:0:8', 8765, 0, 0): b' 1846,8,5,768,0,369,4,11,7,2,1,-70,10,1631,14801,119,0,0 '
Received from ('fd00::200:0:0:14', 8765, 0, 0): b' 1846,20,16,1536,0,406,7,5,7,1,3,-52,0,735,8024,104,0,0 '
Received from ('fd00::200:0:0:10', 8765, 0, 0): b' 1847,16,11,1280,0,383,7,16,7,1,3,-70,2,1959,22196,89,0,0 '
Received from ('fd00::200:0:0:e', 8765, 0, 0): b' 1847,14,11,1280,0,376,5,8,7,1,2,-70,0,409,6704,93,0,0 '
Received from ('fd00::200:0:0:5', 8765, 0, 0): b' 1848,5,1,512,20,370,6,1,6,1,1,-94,10,3874,30068,123,0,0 '
Received from ('fd00::200:0:0:1', 5678, 0, 0): b' 1849,1,0,256,0,6,0,0,4,0,0,0,10,2230,25661,2040,0,0 '
Received from ('fd00::200:0:0:c', 8765, 0, 0): b' 1847,12,8,1024,0,28,7,10,7,1,4,-52,2,338,4178,22,0,0 '
Received from ('fd00::200:0:0:15', 8765, 0, 0): b' 1849,21,16,1536,0,386,7,7,5,1,3,-70,0,385,4625,98,0,0 '
Received from ('fd00::200:0:0:7', 8765, 0, 0): b' 1849,7,2,768,0,400,8,8,7,1,2,-70,5,360,6819,117,0,0 '
Received from ('fd00::200:0:0:9', 8765, 0, 0): b' 1848,9,5,768,0,31,5,2,7,1,2,-52,0,375,5412,18,0,0 '
Received from ('fd00::200:0:0:11', 8765, 0, 0): b' 1848,17,13,1280,0,32,7,1,7,1,4,-52,0,427,8239,21,0,0 '
Received from ('fd00::200:0:0:b', 8765, 0, 0): b' 1849,11,8,1024,0,369,2,21,7,1,1,-70,7,1433,10898,80,0,0 '
Received from ('fd00::200:0:0:4', 8765, 0, 0): b' 1852,4,1,512,0,387,6,2,7,1,1,-66,0,1241,14197,124,0,0 '
Received from ('fd00::200:0:0:3', 8765, 0, 0): b' 1854,3,1,512,0,359,6,1,7,1,1,-64,6,711,14354,123,0,0 '
Received from ('fd00::200:0:0:5', 8765, 0, 0): b' 1854,5,1,512,10,372,6,1,6,1,1,-94,10,2412,17293,124,0,0 '
Received from ('fd00::200:0:0:14', 8765, 0, 0): b' 1854,20,16,1536,0,409,7,5,7,1,3,-52,0,771,8524,105,0,0 '
Received from ('fd00::200:0:0:11', 8765, 0, 0): b' 1855,17,13,1280,0,33,7,1,7,1,4,-52,0,499,6548,21,0,0 '
Received from ('fd00::200:0:0:2', 8765, 0, 0): b' 1856,2,1,512,20,341,6,1,6,1,1,-88,6,1603,17423,124,0,0 '
Received from ('fd00::200:0:0:8', 8765, 0, 0): b' 1856,8,5,768,10,372,4,11,7,2,1,-70,10,3191,25251,120,0,0 '
Received from ('fd00::200:0:0:d', 8765, 0, 0): b' 1857,13,8,1024,0,34,5,1,7,1,3,-70,1,1012,13274,20,0,0 '
Received from ('fd00::200:0:0:10', 8765, 0, 0): b' 1856,16,11,1280,0,384,7,16,7,1,3,-70,2,1548,19805,90,0,0 '
Received from ('fd00::200:0:0:e', 8765, 0, 0): b' 1856,14,11,1280,0,377,5,8,7,1,2,-70,0,586,9715,94,0,0 '
Received from ('fd00::200:0:0:7', 8765, 0, 0): b' 1858,7,2,768,0,404,8,8,7,1,2,-70,5,927,14125,118,0,0 '
Received from ('fd00::200:0:0:15', 8765, 0, 0): b' 1858,21,16,1536,0,388,7,7,5,1,3,-70,0,596,9549,99,0,0 '
Received from ('fd00::200:0:0:1', 5678, 0, 0): b' 1858,1,0,256,0,6,0,0,4,0,0,0,10,2301,23591,2052,0,0 '
Received from ('fd00::200:0:0:c', 8765, 0, 0): b' 1859,12,8,1024,0,29,7,10,7,1,4,-52,2,1084,10542,22,0,0 '
Received from ('fd00::200:0:0:4', 8765, 0, 0): b' 1859,4,1,512,0,388,6,2,7,1,1,-66,0,409,8909,124,0,0 '
Received from ('fd00::200:0:0:b', 8765, 0, 0): b' 1860,11,8,1024,0,373,2,21,7,1,1,-70,7,2044,17963,81,0,0 '
Received from ('fd00::200:0:0:14', 8765, 0, 0): b' 1859,20,16,1536,10,411,7,5,7,1,3,-52,0,469,5440,105,0,0 '
Received from ('fd00::200:0:0:9', 8765, 0, 0): b' 1860,9,5,768,0,31,5,2,7,1,2,-52,0,503,11116,19,0,0 '
Received from ('fd00::200:0:0:11', 8765, 0, 0): b' 1860,17,13,1280,0,33,7,1,7,1,4,-52,0,309,5180,22,0,0 '
Received from ('fd00::200:0:0:5', 8765, 0, 0): b' 1861,5,1,512,10,373,6,1,6,1,1,-94,10,2799,18484,124,0,0 '
Received from ('fd00::200:0:0:d', 8765, 0, 0): b' 1864,13,8,1024,10,34,5,1,7,1,3,-70,1,698,8337,20,0,0 '
Received from ('fd00::200:0:0:10', 8765, 0, 0): b' 1862,16,11,1280,0,386,7,16,7,1,3,-70,2,1166,12687,90,0,0 '
Received from ('fd00::200:0:0:3', 8765, 0, 0): b' 1864,3,1,512,10,363,6,1,7,1,1,-64,6,852,14409,123,0,0 '
Received from ('fd00::200:0:0:b', 8765, 0, 0): b' 1865,11,8,1024,10,375,2,21,7,1,1,-70,7,1081,8823,81,0,0 '
Received from ('fd00::200:0:0:c', 8765, 0, 0): b' 1865,12,8,1024,0,30,7,10,7,1,4,-52,2,548,6085,23,0,0 '
Received from ('fd00::200:0:0:2', 8765, 0, 0): b' 1866,2,1,512,0,344,6,1,6,1,1,-88,6,1349,15539,125,0,0 '
Received from ('fd00::200:0:0:9', 8765, 0, 0): b' 1866,9,5,768,0,31,5,2,7,1,2,-52,0,341,5285,19,0,0 '
Received from ('fd00::200:0:0:1', 5678, 0, 0): b' 1867,1,0,256,0,6,0,0,4,0,0,0,10,1722,19566,2059,0,0 '
Received from ('fd00::200:0:0:11', 8765, 0, 0): b' 1868,17,13,1280,0,33,7,1,7,1,4,-52,0,277,5446,22,0,0 '
Received from ('fd00::200:0:0:8', 8765, 0, 0): b' 1868,8,5,768,0,377,4,11,7,2,1,-70,10,4343,30125,121,0,0 '
Received from ('fd00::200:0:0:4', 8765, 0, 0): b' 1868,4,1,512,10,390,6,2,7,1,1,-66,0,686,11163,125,0,0 '
Received from ('fd00::200:0:0:7', 8765, 0, 0): b' 1869,7,2,768,10,410,8,8,7,1,2,-70,5,945,16815,118,0,0 '
Received from ('fd00::200:0:0:10', 8765, 0, 0): b' 1867,16,11,1280,10,386,7,16,7,1,3,-70,2,577,8101,90,0,0 '
Received from ('fd00::200:0:0:e', 8765, 0, 0): b' 1867,14,11,1280,0,383,5,8,7,1,2,-70,0,1122,11435,95,0,0 '
Received from ('fd00::200:0:0:3', 8765, 0, 0): b' 1869,3,1,512,0,365,6,1,7,1,1,-64,6,674,9405,124,0,0 '
Received from ('fd00::200:0:0:1', 5678, 0, 0): b' 1871,1,0,256,0,6,0,0,4,0,0,0,10,971,10191,2065,0,0 '
Received from ('fd00::200:0:0:15', 8765, 0, 0): b' 1867,21,16,1536,0,393,7,7,5,1,3,-70,0,1014,10240,100,0,0 '
Received from ('fd00::200:0:0:5', 8765, 0, 0): b' 1872,5,1,512,40,378,6,1,6,1,1,-94,10,3813,27279,125,0,0 '
Received from ('fd00::200:0:0:c', 8765, 0, 0): b' 1870,12,8,1024,0,31,7,11,7,1,4,-52,2,434,5308,23,0,0 '
Received from ('fd00::200:0:0:14', 8765, 0, 0): b' 1870,20,16,1536,0,416,7,5,7,1,3,-52,0,1034,11503,106,0,0 '
Received from ('fd00::200:0:0:2', 8765, 0, 0): b' 1873,2,1,512,0,347,6,1,6,1,1,-88,6,1284,12764,125,0,0 '
Received from ('fd00::200:0:0:d', 8765, 0, 0): b' 1872,13,8,1024,0,35,5,1,7,1,3,-70,1,741,10837,21,0,0 '
Received from ('fd00::200:0:0:9', 8765, 0, 0): b' 1872,9,5,768,0,33,5,2,7,1,2,-52,0,590,6754,20,0,0 '
Received from ('fd00::200:0:0:3', 8765, 0, 0): b' 1875,3,1,512,0,367,6,1,7,1,1,-64,6,466,7751,124,0,0 '
Received from ('fd00::200:0:0:b', 8765, 0, 0): b' 1875,11,8,1024,0,381,2,21,7,1,1,-70,7,2406,19723,82,0,0 '
Received from ('fd00::200:0:0:11', 8765, 0, 0): b' 1876,17,13,1280,0,34,7,1,7,1,4,-52,0,458,7857,23,0,0 '
Received from ('fd00::200:0:0:14', 8765, 0, 0): b' 1876,20,16,1536,0,417,7,5,7,1,3,-52,0,389,5442,106,0,0 '
Received from ('fd00::200:0:0:8', 8765, 0, 0): b' 1877,8,5,768,10,382,4,11,7,2,1,-70,10,3098,23314,121,0,0 '
Received from ('fd00::200:0:0:10', 8765, 0, 0): b' 1877,16,11,1280,0,389,7,16,7,1,3,-70,2,1608,18368,91,0,0 '
Received from ('fd00::200:0:0:2', 8765, 0, 0): b' 1879,2,1,512,0,348,6,1,6,1,1,-88,6,422,8259,125,0,0 '
Received from ('fd00::200:0:0:5', 8765, 0, 0): b' 1878,5,1,512,20,381,6,1,6,1,1,-94,10,2404,17303,125,0,0 '
Received from ('fd00::200:0:0:7', 8765, 0, 0): b' 1879,7,2,768,0,416,8,8,7,1,2,-70,5,1147,15754,119,0,0 '
Received from ('fd00::200:0:0:e', 8765, 0, 0): b' 1877,14,11,1280,0,383,5,8,7,1,2,-70,0,593,9242,95,0,0 '
Received from ('fd00::200:0:0:1', 5678, 0, 0): b' 1880,1,0,256,0,6,0,0,4,0,0,0,10,1630,19201,2071,0,0 '
Received from ('fd00::200:0:0:15', 8765, 0, 0): b' 1877,21,16,1536,0,394,7,7,5,1,3,-70,0,534,9119,100,0,0 '
Received from ('fd00::200:0:0:4', 8765, 0, 0): b' 1880,4,1,512,0,397,6,2,7,1,1,-66,0,1260,15382,126,0,0 '
Received from ('fd00::200:0:0:c', 8765, 0, 0): b' 1880,12,8,1024,0,32,7,11,7,1,4,-52,2,952,11283,24,0,0 '
Received from ('fd00::200:0:0:b', 8765, 0, 0): b' 1880,11,8,1024,10,385,2,21,7,1,1,-70,7,1505,9985,82,0,0 '
Received from ('fd00::200:0:0:3', 8765, 0, 0): b' 1880,3,1,512,0,368,6,1,7,1,1,-64,6,452,8750,125,0,0 '
Received from ('fd00::200:0:0:8', 8765, 0, 0): b' 1881,8,5,768,0,385,4,11,7,2,1,-70,10,1715,11608,122,0,0 '
Received from ('fd00::200:0:0:d', 8765, 0, 0): b' 1881,13,8,1024,20,36,5,1,7,1,3,-70,1,930,12371,22,0,0 '
Received from ('fd00::200:0:0:7', 8765, 0, 0): b' 1883,7,2,768,10,417,8,8,7,1,2,-70,5,361,6959,119,0,0 '
Received from ('fd00::200:0:0:11', 8765, 0, 0): b' 1882,17,13,1280,0,36,7,1,7,1,4,-52,0,592,5439,23,0,0 '
Received from ('fd00::200:0:0:9', 8765, 0, 0): b' 1882,9,5,768,10,34,5,2,7,1,2,-52,0,552,9114,21,0,0 '
Received from ('fd00::200:0:0:5', 8765, 0, 0): b' 1885,5,1,512,40,382,6,1,6,1,1,-94,10,2597,17406,126,0,0 '
Received from ('fd00::200:0:0:e', 8765, 0, 0): b' 1883,14,11,1280,0,386,5,8,7,1,2,-70,0,691,6259,96,0,0 '
Received from ('fd00::200:0:0:c', 8765, 0, 0): b' 1885,12,8,1024,0,32,7,11,7,1,4,-52,2,362,4755,24,0,0 '
Received from ('fd00::200:0:0:d', 8765, 0, 0): b' 1885,13,8,1024,0,36,5,1,7,1,3,-70,1,484,5455,22,0,0 '
Received from ('fd00::200:0:0:1', 5678, 0, 0): b' 1887,1,0,256,0,6,0,0,4,0,0,0,10,1837,18441,2081,0,0 '
Received from ('fd00::200:0:0:14', 8765, 0, 0): b' 1885,20,16,1536,0,419,7,5,7,1,3,-52,0,621,8938,107,0,0 '
Received from ('fd00::200:0:0:2', 8765, 0, 0): b' 1887,2,1,512,0,351,6,1,6,1,1,-88,6,1425,15023,126,0,0 '
Received from ('fd00::200:0:0:11', 8765, 0, 0): b' 1886,17,13,1280,0,36,7,1,7,1,4,-52,0,253,4219,23,0,0 '
Received from ('fd00::200:0:0:b', 8765, 0, 0): b' 1886,11,8,1024,10,387,2,21,7,1,1,-70,7,1459,11160,83,0,0 '
Received from ('fd00::200:0:0:8', 8765, 0, 0): b' 1887,8,5,768,0,385,4,11,7,2,1,-70,10,2229,15185,122,0,0 '
Received from ('fd00::200:0:0:e', 8765, 0, 0): b' 1888,14,11,1280,0,386,5,8,7,1,2,-70,0,362,4749,96,0,0 '
Received from ('fd00::200:0:0:15', 8765, 0, 0): b' 1887,21,16,1536,0,398,7,7,5,1,3,-70,0,908,9997,101,0,0 '
Received from ('fd00::200:0:0:7', 8765, 0, 0): b' 1890,7,2,768,0,417,8,8,7,1,2,-70,5,385,9592,120,0,0 '
Received from ('fd00::200:0:0:10', 8765, 0, 0): b' 1888,16,11,1280,0,393,7,16,7,1,3,-70,2,2064,22320,92,0,0 '
Received from ('fd00::200:0:0:3', 8765, 0, 0): b' 1890,3,1,512,0,372,6,1,7,1,1,-64,6,849,14849,125,0,0 '
Received from ('fd00::200:0:0:4', 8765, 0, 0): b' 1890,4,1,512,0,400,6,2,7,1,1,-66,0,837,14435,127,0,0 '
Received from ('fd00::200:0:0:11', 8765, 0, 0): b' 1893,17,13,1280,0,37,7,1,7,1,4,-52,0,458,6851,24,0,0 '
Received from ('fd00::200:0:0:10', 8765, 0, 0): b' 1892,16,11,1280,0,393,7,16,7,1,3,-70,2,547,7733,92,0,0 '
Received from ('fd00::200:0:0:9', 8765, 0, 0): b' 1893,9,5,768,0,36,5,2,7,1,2,-52,0,772,13218,21,0,0 '
Received from ('fd00::200:0:0:c', 8765, 0, 0): b' 1893,12,8,1024,10,33,7,11,7,1,4,-52,2,873,8178,25,0,0 '
Received from ('fd00::200:0:0:d', 8765, 0, 0): b' 1893,13,8,1024,0,36,5,1,7,1,3,-70,1,798,10215,22,0,0 '
Received from ('fd00::200:0:0:14', 8765, 0, 0): b' 1893,20,16,1536,0,422,7,5,7,1,3,-52,0,777,8441,108,0,0 '
Received from ('fd00::200:0:0:f', 8765, 0, 0): b' 1857,15,12,1408,90,362,7,13,7,0,3,-70,2,504,7948,116,0,0 '
Received from ('fd00::200:0:0:f', 8765, 0, 0): b' 1865,15,12,1408,100,367,7,13,7,0,3,-70,2,1420,12873,116,0,0 '
Received from ('fd00::200:0:0:7', 8765, 0, 0): b' 1894,7,2,768,0,420,8,8,7,1,2,-70,5,567,8808,120,0,0 '
Received from ('fd00::200:0:0:f', 8765, 0, 0): b' 1872,15,12,1408,90,372,7,14,7,0,3,-70,2,694,10535,117,0,0 '
Received from ('fd00::200:0:0:3', 8765, 0, 0): b' 1896,3,1,512,0,374,6,1,7,1,1,-64,6,566,8649,126,0,0 '
Received from ('fd00::200:0:0:4', 8765, 0, 0): b' 1895,4,1,512,10,401,6,2,7,1,1,-66,0,360,5763,127,0,0 '
Received from ('fd00::200:0:0:b', 8765, 0, 0): b' 1896,11,8,1024,0,390,2,21,7,1,1,-70,7,1950,16885,83,0,0 '
Received from ('fd00::200:0:0:5', 8765, 0, 0): b' 1898,5,1,512,40,382,6,1,6,1,1,-94,10,4432,31230,126,0,0 '
Received from ('fd00::200:0:0:f', 8765, 0, 0): b' 1892,15,12,1408,80,379,7,14,7,0,3,-70,2,1308,13508,118,0,0 '
Received from ('fd00::200:0:0:2', 8765, 0, 0): b' 1898,2,1,512,0,352,6,1,6,1,1,-88,6,1358,17299,127,0,0 '
Received from ('fd00::200:0:0:1', 5678, 0, 0): b' 1899,1,0,256,0,6,0,0,4,0,0,0,10,2496,27355,2091,0,0 '
Received from ('fd00::200:0:0:e', 8765, 0, 0): b' 1897,14,11,1280,0,387,5,8,7,1,2,-70,0,590,8686,96,0,0 '
Received from ('fd00::200:0:0:13', 8765, 0, 0): b' 1894,19,15,1664,0,387,7,6,7,1,2,-52,0,787,7988,106,0,0 '
Received from ('fd00::200:0:0:8', 8765, 0, 0): b' 1899,8,5,768,10,387,4,11,7,2,1,-70,10,4608,32023,123,0,0 '
Received from ('fd00::200:0:0:11', 8765, 0, 0): b' 1899,17,13,1280,0,37,7,1,7,1,4,-52,0,500,5830,24,0,0 '
Received from ('fd00::200:0:0:c', 8765, 0, 0): b' 1898,12,8,1024,10,33,7,12,7,1,4,-52,2,1902,10886,25,0,0 '
Received from ('fd00::200:0:0:12', 8765, 0, 0): b' 1898,18,15,1536,0,433,6,5,5,1,1,-70,0,829,8913,109,0,0 '
Received from ('fd00::200:0:0:14', 8765, 0, 0): b' 1898,20,16,1536,0,424,7,5,7,1,3,-52,0,463,4764,108,0,0 '
Received from ('fd00::200:0:0:13', 8765, 0, 0): b' 1899,19,15,1536,0,388,7,6,7,1,2,-52,0,362,4620,106,0,0 '
Received from ('fd00::200:0:0:15', 8765, 0, 0): b' 1898,21,16,1536,0,401,7,7,5,1,3,-70,0,843,10544,102,0,0 '
Received from ('fd00::200:0:0:9', 8765, 0, 0): b' 1902,9,5,768,0,37,5,2,7,1,2,-52,0,462,10588,22,0,0 '
Received from ('fd00::200:0:0:7', 8765, 0, 0): b' 1903,7,2,768,0,422,8,8,7,1,2,-70,5,1864,16639,121,0,0 '
Received from ('fd00::200:0:0:4', 8765, 0, 0): b' 1904,4,1,512,0,405,6,2,7,1,1,-66,0,850,10969,127,0,0 '
Received from ('fd00::200:0:0:10', 8765, 0, 0): b' 1902,16,11,1280,0,397,7,16,7,1,3,-70,2,1820,18773,93,0,0 '
Received from ('fd00::200:0:0:f', 8765, 0, 0): b' 1902,15,12,1280,0,381,7,14,7,1,3,-70,2,2419,18876,119,0,0 '
Received from ('fd00::200:0:0:d', 8765, 0, 0): b' 1903,13,8,1024,0,38,5,1,7,1,3,-70,1,973,12486,23,0,0 '
Received from ('fd00::200:0:0:15', 8765, 0, 0): b' 1902,21,16,1536,0,403,7,7,5,1,3,-70,0,498,4193,102,0,0 '
Received from ('fd00::200:0:0:c', 8765, 0, 0): b' 1904,12,8,1024,0,33,7,12,7,1,4,-52,2,990,8227,25,0,0 '
Received from ('fd00::200:0:0:e', 8765, 0, 0): b' 1904,14,11,1280,0,388,5,8,7,1,2,-70,0,599,7015,97,0,0 '
Received from ('fd00::200:0:0:3', 8765, 0, 0): b' 1906,3,1,512,0,376,6,1,7,1,1,-64,6,713,14316,126,0,0 '
Received from ('fd00::200:0:0:1', 5678, 0, 0): b' 1906,1,0,256,0,6,0,0,4,0,0,0,10,1836,18488,2100,0,0 '
Received from ('fd00::200:0:0:8', 8765, 0, 0): b' 1906,8,5,768,0,389,4,11,7,2,1,-70,10,3430,20493,123,0,0 '
Received from ('fd00::200:0:0:11', 8765, 0, 0): b' 1905,17,13,1280,0,37,7,1,7,1,4,-52,0,441,7535,25,0,0 '
Received from ('fd00::200:0:0:5', 8765, 0, 0): b' 1909,5,1,512,0,387,6,1,6,2,1,-94,10,5467,32070,127,0,0 '
Received from ('fd00::200:0:0:13', 8765, 0, 0): b' 1906,19,15,1536,0,392,7,6,7,1,2,-52,0,787,7994,107,0,0 '
Received from ('fd00::200:0:0:10', 8765, 0, 0): b' 1908,16,11,1280,0,400,7,16,7,1,3,-70,2,1180,12789,93,0,0 '
Received from ('fd00::200:0:0:c', 8765, 0, 0): b' 1909,12,8,1024,0,34,7,12,7,1,4,-52,2,760,6754,26,0,0 '
Received from ('fd00::200:0:0:e', 8765, 0, 0): b' 1909,14,11,1280,0,389,5,8,7,1,2,-70,0,361,4690,97,0,0 '
Received from ('fd00::200:0:0:2', 8765, 0, 0): b' 1909,2,1,512,0,356,6,1,6,1,1,-88,6,1459,18067,127,0,0 '
Received from ('fd00::200:0:0:d', 8765, 0, 0): b' 1910,13,8,1024,0,38,5,1,7,1,3,-70,1,628,8033,23,0,0 '
Received from ('fd00::200:0:0:14', 8765, 0, 0): b' 1910,20,16,1536,0,428,7,5,7,1,3,-52,0,932,11131,109,0,0 '
Received from ('fd00::200:0:0:f', 8765, 0, 0): b' 1910,15,12,1280,10,384,7,14,7,1,3,-70,2,1390,12857,119,0,0 '
Received from ('fd00::200:0:0:15', 8765, 0, 0): b' 1910,21,16,1536,0,404,7,7,5,1,3,-70,0,410,6918,102,0,0 '
Received from ('fd00::200:0:0:1', 5678, 0, 0): b' 1912,1,0,256,0,6,0,0,4,0,0,0,10,1173,13947,2106,0,0 '
Received from ('fd00::200:0:0:12', 8765, 0, 0): b' 1909,18,15,1536,10,438,6,5,5,1,1,-70,0,908,10174,110,0,0 '
Received from ('fd00::200:0:0:b', 8765, 0, 0): b' 1913,11,8,1024,0,398,2,21,7,1,1,-70,6,2864,21250,84,0,0 '
Received from ('fd00::200:0:0:9', 8765, 0, 0): b' 1913,9,5,768,0,38,5,2,7,1,2,-52,0,796,13494,23,0,0 '
Received from ('fd00::200:0:0:8', 8765, 0, 0): b' 1914,8,5,768,0,393,4,11,7,2,1,-70,10,3465,21771,124,0,0 '
Received from ('fd00::200:0:0:3', 8765, 0, 0): b' 1915,3,1,512,0,381,6,1,7,1,1,-64,6,1189,14001,127,0,0 '
Received from ('fd00::200:0:0:d', 8765, 0, 0): b' 1914,13,8,1024,0,38,5,1,7,1,3,-70,1,364,5272,24,0,0 '
Received from ('fd00::200:0:0:4', 8765, 0, 0): b' 1914,4,1,512,10,406,6,2,7,1,1,-66,0,483,11798,128,0,0 '
Received from ('fd00::200:0:0:11', 8765, 0, 0): b' 1914,17,13,1280,0,37,7,1,7,1,4,-52,0,301,7402,25,0,0 '
Received from ('fd00::200:0:0:7', 8765, 0, 0): b' 1914,7,2,768,0,426,8,8,7,1,2,-70,5,1109,16018,121,0,0 '
Received from ('fd00::200:0:0:12', 8765, 0, 0): b' 1914,18,15,1536,10,440,6,5,5,1,1,-70,0,389,4695,110,0,0 '
Received from ('fd00::200:0:0:c', 8765, 0, 0): b' 1915,12,8,1024,0,34,7,12,7,1,4,-52,2,933,8856,26,0,0 '
Received from ('fd00::200:0:0:14', 8765, 0, 0): b' 1915,20,16,1536,0,430,7,5,7,1,3,-52,0,494,5015,109,0,0 '
Received from ('fd00::200:0:0:15', 8765, 0, 0): b' 1915,21,16,1536,0,406,7,7,5,1,3,-70,0,549,5453,103,0,0 '
Received from ('fd00::200:0:0:5', 8765, 0, 0): b' 1918,5,1,512,10,389,6,1,6,2,1,-94,10,4492,26415,128,0,0 '
Received from ('fd00::200:0:0:b', 8765, 0, 0): b' 1917,11,8,1024,0,398,2,21,7,1,1,-70,6,963,7767,85,0,0 '
Received from ('fd00::200:0:0:13', 8765, 0, 0): b' 1915,19,15,1536,0,395,7,6,7,1,2,-52,0,739,9118,107,0,0 '
Received from ('fd00::200:0:0:2', 8765, 0, 0): b' 1918,2,1,512,0,358,6,1,6,1,1,-88,6,1397,13739,128,0,0 '
Received from ('fd00::200:0:0:10', 8765, 0, 0): b' 1917,16,11,1280,0,401,7,16,7,1,3,-70,2,1668,17165,94,0,0 '
Received from ('fd00::200:0:0:8', 8765, 0, 0): b' 1920,8,5,768,0,394,4,11,7,2,1,-70,10,2316,14655,124,0,0 '
Received from ('fd00::200:0:0:3', 8765, 0, 0): b' 1921,3,1,512,10,382,6,1,7,1,1,-64,6,278,8617,127,0,0 '
Received from ('fd00::200:0:0:1', 5678, 0, 0): b' 1921,1,0,256,0,6,0,0,4,0,0,0,10,2248,24553,2118,0,0 '
Received from ('fd00::200:0:0:e', 8765, 0, 0): b' 1920,14,11,1280,0,392,5,8,7,1,2,-70,0,819,10544,98,0,0 '
Received from ('fd00::200:0:0:4', 8765, 0, 0): b' 1921,4,1,512,0,409,6,2,7,1,1,-66,0,795,9425,129,0,0 '
Received from ('fd00::200:0:0:2', 8765, 0, 0): b' 1922,2,1,512,0,359,6,1,6,1,1,-88,6,445,6669,128,0,0 '
Received from ('fd00::200:0:0:f', 8765, 0, 0): b' 1921,15,12,1280,0,385,7,14,7,1,3,-70,2,1704,18320,120,0,0 '
Received from ('fd00::200:0:0:11', 8765, 0, 0): b' 1921,17,13,1280,0,37,7,1,7,1,4,-52,0,538,7260,26,0,0 '
Received from ('fd00::200:0:0:12', 8765, 0, 0): b' 1921,18,15,1536,0,443,6,5,5,1,1,-70,0,758,6875,111,0,0 '
Received from ('fd00::200:0:0:b', 8765, 0, 0): b' 1923,11,8,1024,10,399,2,21,7,1,1,-70,6,973,9681,85,0,0 '
Received from ('fd00::200:0:0:10', 8765, 0, 0): b' 1922,16,11,1280,0,401,7,16,7,1,3,-70,2,520,8489,94,0,0 '
Received from ('fd00::200:0:0:14', 8765, 0, 0): b' 1922,20,16,1536,0,433,7,5,7,1,3,-52,0,650,6998,110,0,0 '
Received from ('fd00::200:0:0:5', 8765, 0, 0): b' 1924,5,1,512,10,391,6,1,6,2,1,-94,10,2899,17886,128,0,0 '
Received from ('fd00::200:0:0:13', 8765, 0, 0): b' 1923,19,15,1536,0,397,7,6,7,1,2,-52,0,549,5953,108,0,0 '
Received from ('fd00::200:0:0:9', 8765, 0, 0): b' 1925,9,5,768,0,38,5,2,7,1,2,-52,0,444,13342,23,0,0 '
Received from ('fd00::200:0:0:8', 8765, 0, 0): b' 1925,8,5,768,10,396,4,11,7,2,1,-70,10,2239,14898,124,0,0 '
Received from ('fd00::200:0:0:1', 5678, 0, 0): b' 1926,1,0,256,0,6,0,0,4,0,0,0,10,1073,12142,2123,0,0 '
Received from ('fd00::200:0:0:15', 8765, 0, 0): b' 1924,21,16,1536,0,407,7,7,5,1,3,-70,0,507,8091,103,0,0 '
Received from ('fd00::200:0:0:d', 8765, 0, 0): b' 1925,13,8,1024,0,38,5,1,7,1,3,-70,1,970,13834,24,0,0 '
Received from ('fd00::200:0:0:7', 8765, 0, 0): b' 1925,7,2,768,0,431,8,8,7,1,2,-70,5,1255,17614,122,0,0 '
Received from ('fd00::200:0:0:4', 8765, 0, 0): b' 1926,4,1,512,0,414,6,2,7,1,1,-66,0,805,6863,129,0,0 '
Received from ('fd00::200:0:0:11', 8765, 0, 0): b' 1925,17,13,1280,0,38,7,1,7,1,4,-52,0,383,4274,26,0,0 '
Received from ('fd00::200:0:0:c', 8765, 0, 0): b' 1927,12,8,1024,0,34,7,13,7,1,4,-52,2,1698,16656,27,0,0 '
Received from ('fd00::200:0:0:3', 8765, 0, 0): b' 1928,3,1,512,0,383,6,1,7,1,1,-64,6,687,11815,128,0,0 '
Received from ('fd00::200:0:0:14', 8765, 0, 0): b' 1927,20,16,1536,0,435,7,5,7,1,3,-52,0,493,5485,110,0,0 '
Received from ('fd00::200:0:0:2', 8765, 0, 0): b' 1929,2,1,512,0,361,6,1,6,1,1,-88,6,971,11587,129,0,0 '
Received from ('fd00::200:0:0:e', 8765, 0, 0): b' 1929,14,11,1280,0,395,5,8,7,1,2,-70,0,680,7980,99,0,0 '
Received from ('fd00::200:0:0:b', 8765, 0, 0): b' 1930,11,8,1024,0,400,2,21,7,1,1,-70,6,1769,13288,85,0,0 '
Received from ('fd00::200:0:0:13', 8765, 0, 0): b' 1929,19,15,1536,0,398,7,6,7,1,2,-52,0,386,6568,108,0,0 '
Received from ('fd00::200:0:0:8', 8765, 0, 0): b' 1930,8,5,768,10,399,4,11,7,2,1,-70,10,2614,16279,125,0,0 '
Received from ('fd00::200:0:0:9', 8765, 0, 0): b' 1930,9,5,768,0,39,5,2,7,1,2,-52,0,460,8277,24,0,0 '
Received from ('fd00::200:0:0:11', 8765, 0, 0): b' 1931,17,13,1280,0,38,7,1,7,1,4,-52,0,374,5683,26,0,0 '
Received from ('fd00::200:0:0:15', 8765, 0, 0): b' 1932,21,16,1536,0,411,7,7,5,1,3,-70,0,787,8287,104,0,0 '
Received from ('fd00::200:0:0:12', 8765, 0, 0): b' 1932,18,15,1536,10,444,6,5,5,1,1,-70,0,544,9780,111,0,0 '
Received from ('fd00::200:0:0:f', 8765, 0, 0): b' 1933,15,12,1280,10,387,7,14,7,1,3,-70,2,1759,18544,121,0,0 '
Received from ('fd00::200:0:0:3', 8765, 0, 0): b' 1934,3,1,512,0,383,6,1,7,1,1,-64,6,277,8883,128,0,0 '
Received from ('fd00::200:0:0:10', 8765, 0, 0): b' 1933,16,11,1280,0,405,7,16,7,1,3,-70,2,2153,23011,95,0,0 '
Received from ('fd00::200:0:0:1', 5678, 0, 0): b' 1935,1,0,256,0,6,0,0,4,0,0,0,10,2221,24244,2136,0,0 '
Received from ('fd00::200:0:0:d', 8765, 0, 0): b' 1933,13,8,1024,0,40,5,1,7,1,3,-70,1,1188,11593,25,0,0 '
Received from ('fd00::200:0:0:b', 8765, 0, 0): b' 1934,11,8,1024,0,402,2,21,7,1,1,-70,6,1010,8859,86,0,0 '
Received from ('fd00::200:0:0:7', 8765, 0, 0): b' 1934,7,2,768,0,436,8,8,7,1,2,-70,5,1007,13765,123,0,0 '
Received from ('fd00::200:0:0:5', 8765, 0, 0): b' 1935,5,1,512,0,395,6,1,6,2,1,-94,10,5341,32639,129,0,0 '
Received from ('fd00::200:0:0:8', 8765, 0, 0): b' 1936,8,5,768,0,402,4,11,7,2,1,-70,10,2213,14953,125,0,0 '
Received from ('fd00::200:0:0:4', 8765, 0, 0): b' 1936,4,1,512,0,416,6,2,7,1,1,-66,0,710,12578,130,0,0 '
Received from ('fd00::200:0:0:9', 8765, 0, 0): b' 1935,9,5,768,10,39,5,2,7,1,2,-52,0,250,5631,24,0,0 '
Received from ('fd00::200:0:0:2', 8765, 0, 0): b' 1937,2,1,512,0,364,6,1,6,1,1,-88,6,1157,12890,129,0,0 '
Received from ('fd00::200:0:0:e', 8765, 0, 0): b' 1937,14,11,1280,0,399,5,8,7,1,2,-70,0,821,8120,99,0,0 '
Received from ('fd00::200:0:0:12', 8765, 0, 0): b' 1937,18,15,1536,0,445,6,5,5,1,1,-70,0,438,5009,112,0,0 '
Received from ('fd00::200:0:0:14', 8765, 0, 0): b' 1936,20,16,1536,10,436,7,5,7,1,3,-52,0,507,8436,111,0,0 '
Received from ('fd00::200:0:0:13', 8765, 0, 0): b' 1937,19,15,1536,0,399,7,6,7,1,2,-52,0,563,7607,109,0,0 '
Received from ('fd00::200:0:0:3', 8765, 0, 0): b' 1938,3,1,512,0,383,6,1,7,1,1,-64,6,252,6028,128,0,0 '
Received from ('fd00::200:0:0:10', 8765, 0, 0): b' 1938,16,11,1280,0,405,7,16,7,1,3,-70,2,726,8856,95,0,0 '
Received from ('fd00::200:0:0:c', 8765, 0, 0): b' 1938,12,8,1024,0,35,7,13,7,1,4,-52,2,1762,16039,28,0,0 '
Received from ('fd00::200:0:0:d', 8765, 0, 0): b' 1939,13,8,1024,10,40,5,1,7,1,3,-70,1,390,6878,25,0,0 '
Received from ('fd00::200:0:0:11', 8765, 0, 0): b' 1939,17,13,1280,0,38,7,1,7,1,4,-52,0,357,7169,27,0,0 '
Received from ('fd00::200:0:0:f', 8765, 0, 0): b' 1941,15,12,1280,0,389,7,14,7,1,3,-70,2,1354,13401,121,0,0 '
Received from ('fd00::200:0:0:5', 8765, 0, 0): b' 1942,5,1,512,0,396,6,1,6,2,1,-94,10,2943,17973,129,0,0 '
Received from ('fd00::200:0:0:9', 8765, 0, 0): b' 1941,9,5,768,0,39,5,2,7,1,2,-52,0,262,6562,25,0,0 '
Received from ('fd00::200:0:0:2', 8765, 0, 0): b' 1943,2,1,512,0,366,6,1,6,1,1,-88,6,738,8935,130,0,0 '
Received from ('fd00::200:0:0:1', 5678, 0, 0): b' 1944,1,0,256,0,6,0,0,4,0,0,0,10,2009,23336,2148,0,0 '
Received from ('fd00::200:0:0:c', 8765, 0, 0): b' 1943,12,8,1024,0,36,7,14,7,1,4,-52,2,712,6492,28,0,0 '
Received from ('fd00::200:0:0:4', 8765, 0, 0): b' 1944,4,1,512,10,419,6,2,7,1,1,-66,0,598,10031,130,0,0 '
Received from ('fd00::200:0:0:7', 8765, 0, 0): b' 1944,7,2,768,0,438,8,8,7,1,2,-70,5,1235,15673,123,0,0 '
Received from ('fd00::200:0:0:b', 8765, 0, 0): b' 1944,11,8,1024,10,404,2,21,7,1,1,-70,6,1868,17588,86,0,0 '
Received from ('fd00::200:0:0:15', 8765, 0, 0): b' 1943,21,16,1536,0,417,7,7,5,1,3,-70,0,1146,11582,105,0,0 '
Received from ('fd00::200:0:0:d', 8765, 0, 0): b' 1944,13,8,1024,0,40,5,1,7,1,3,-70,1,483,5849,26,0,0 '
Received from ('fd00::200:0:0:14', 8765, 0, 0): b' 1944,20,16,1536,0,439,7,5,7,1,3,-52,0,681,7848,111,0,0 '
Received from ('fd00::200:0:0:8', 8765, 0, 0): b' 1947,8,5,768,0,404,4,11,7,2,1,-70,10,3844,25037,126,0,0 '
Received from ('fd00::200:0:0:f', 8765, 0, 0): b' 1946,15,12,1280,0,392,7,14,7,1,3,-70,2,844,8293,122,0,0 '
Received from ('fd00::200:0:0:e', 8765, 0, 0): b' 1944,14,11,1280,0,402,5,8,7,1,2,-70,0,673,8547,100,0,0 '
Received from ('fd00::200:0:0:3', 8765, 0, 0): b' 1948,3,1,512,0,383,6,1,7,1,1,-64,6,376,13445,129,0,0 '
Received from ('fd00::200:0:0:2', 8765, 0, 0): b' 1947,2,1,512,0,370,6,1,6,1,1,-88,6,1081,8690,130,0,0 '
Received from ('fd00::200:0:0:5', 8765, 0, 0): b' 1949,5,1,512,10,400,6,1,6,2,1,-94,10,2676,18231,130,0,0 '
Received from ('fd00::200:0:0:12', 8765, 0, 0): b' 1948,18,15,1536,10,447,6,5,5,1,1,-70,0,632,10296,112,0,0 '
Received from ('fd00::200:0:0:9', 8765, 0, 0): b' 1950,9,5,768,0,40,5,2,7,1,2,-52,0,496,9058,25,0,0 '
Received from ('fd00::200:0:0:13', 8765, 0, 0): b' 1949,19,15,1536,0,403,7,6,7,1,2,-52,0,876,11552,109,0,0 '
Received from ('fd00::200:0:0:10', 8765, 0, 0): b' 1948,16,11,1280,10,408,7,16,7,1,3,-70,2,1489,20032,96,0,0 '
Received from ('fd00::200:0:0:11', 8765, 0, 0): b' 1948,17,13,1280,0,40,7,1,7,1,4,-52,0,896,10290,28,0,0 '
Received from ('fd00::200:0:0:c', 8765, 0, 0): b' 1951,12,8,1024,0,36,7,14,7,1,4,-52,2,1105,11633,28,0,0 '
Received from ('fd00::200:0:0:d', 8765, 0, 0): b' 1950,13,8,1024,10,41,5,1,7,1,3,-70,1,701,8083,26,0,0 '
Received from ('fd00::200:0:0:3', 8765, 0, 0): b' 1952,3,1,512,10,386,6,1,7,1,1,-64,6,644,6986,129,0,0 '
Received from ('fd00::200:0:0:e', 8765, 0, 0): b' 1950,14,11,1280,0,404,5,8,7,1,2,-70,0,386,5265,100,0,0 '
Received from ('fd00::200:0:0:5', 8765, 0, 0): b' 1953,5,1,512,10,400,6,1,6,2,1,-94,10,2109,12490,130,0,0 '
Received from ('fd00::200:0:0:2', 8765, 0, 0): b' 1953,2,1,512,10,372,6,1,6,1,1,-88,6,631,8907,130,0,0 '
Received from ('fd00::200:0:0:7', 8765, 0, 0): b' 1952,7,2,768,0,440,8,8,7,1,2,-70,5,866,12251,124,0,0 '
Received from ('fd00::200:0:0:b', 8765, 0, 0): b' 1952,11,8,1024,0,408,2,21,7,1,1,-70,6,1879,15078,87,0,0 '
Received from ('fd00::200:0:0:1', 5678, 0, 0): b' 1955,1,0,256,0,6,0,0,4,0,0,0,10,2627,29361,2158,0,0 '
Received from ('fd00::200:0:0:14', 8765, 0, 0): b' 1954,20,16,1536,0,443,7,5,7,1,3,-52,0,930,9881,112,0,0 '
Received from ('fd00::200:0:0:f', 8765, 0, 0): b' 1954,15,12,1280,10,394,7,14,7,1,3,-70,2,1261,13442,122,0,0 '
Received from ('fd00::200:0:0:4', 8765, 0, 0): b' 1956,4,1,512,0,424,6,2,7,1,1,-66,0,1045,14421,131,0,0 '
Received from ('fd00::200:0:0:10', 8765, 0, 0): b' 1954,16,11,1280,10,410,7,16,7,1,3,-70,2,1270,12759,96,0,0 '
Received from ('fd00::200:0:0:11', 8765, 0, 0): b' 1954,17,13,1280,10,41,7,1,7,1,4,-52,0,355,5118,28,0,0 '
Received from ('fd00::200:0:0:9', 8765, 0, 0): b' 1957,9,5,768,0,41,5,2,7,1,2,-52,0,484,8841,26,0,0 '
Received from ('fd00::200:0:0:15', 8765, 0, 0): b' 1955,21,16,1536,0,418,7,7,5,1,3,-70,0,615,10960,106,0,0 '
Received from ('fd00::200:0:0:8', 8765, 0, 0): b' 1958,8,5,768,10,409,4,11,7,2,1,-70,10,4427,29997,127,0,0 '
Received from ('fd00::200:0:0:13', 8765, 0, 0): b' 1957,19,15,1536,0,405,7,6,7,1,2,-52,0,550,7317,110,0,0 '
Received from ('fd00::200:0:0:c', 8765, 0, 0): b' 1957,12,8,1024,10,37,7,14,7,1,4,-52,2,1153,8732,29,0,0 '
Received from ('fd00::200:0:0:3', 8765, 0, 0): b' 1957,3,1,512,10,388,6,1,7,1,1,-64,6,580,10299,130,0,0 '
Received from ('fd00::200:0:0:2', 8765, 0, 0): b' 1958,2,1,512,0,374,6,1,6,1,1,-88,6,816,8475,131,0,0 '
Received from ('fd00::200:0:0:5', 8765, 0, 0): b' 1958,5,1,512,10,402,6,1,6,2,1,-94,10,3016,18376,131,0,0 '
Received from ('fd00::200:0:0:f', 8765, 0, 0): b' 1959,15,12,1280,0,396,7,14,7,1,3,-70,2,1038,8821,123,0,0 '
Received from ('fd00::200:0:0:e', 8765, 0, 0): b' 1958,14,11,1280,0,408,5,8,7,1,2,-70,0,985,8587,101,0,0 '
Received from ('fd00::200:0:0:b', 8765, 0, 0): b' 1959,11,8,1024,0,408,2,21,7,1,1,-70,6,1690,12743,87,0,0 '
Received from ('fd00::200:0:0:12', 8765, 0, 0): b' 1959,18,15,1536,0,454,6,5,5,1,1,-70,0,1251,11799,113,0,0 '
Received from ('fd00::200:0:0:1', 5678, 0, 0): b' 1962,1,0,256,0,6,0,0,4,0,0,0,10,1870,19697,2169,0,0 '
Received from ('fd00::200:0:0:4', 8765, 0, 0): b' 1962,4,1,512,0,427,6,2,7,1,1,-66,0,599,7639,131,0,0 '
Received from ('fd00::200:0:0:d', 8765, 0, 0): b' 1961,13,8,1024,0,43,5,1,7,1,3,-70,1,1025,13504,27,0,0 '
Received from ('fd00::200:0:0:11', 8765, 0, 0): b' 1961,17,13,1280,0,41,7,1,7,1,4,-52,0,302,6329,28,0,0 '
Received from ('fd00::200:0:0:7', 8765, 0, 0): b' 1963,7,2,768,0,441,8,8,7,1,2,-70,5,928,13598,125,0,0 '
Received from ('fd00::200:0:0:15', 8765, 0, 0): b' 1962,21,16,1536,0,420,7,7,5,1,3,-70,0,494,6701,106,0,0 '
Received from ('fd00::200:0:0:f', 8765, 0, 0): b' 1963,15,12,1280,0,399,7,14,7,1,3,-70,2,953,7750,123,0,0 '
Received from ('fd00::200:0:0:10', 8765, 0, 0): b' 1963,16,11,1280,0,413,7,16,7,1,3,-70,2,1496,17951,97,0,0 '
Received from ('fd00::200:0:0:14', 8765, 0, 0): b' 1964,20,16,1536,0,450,7,5,7,1,3,-52,0,1167,10203,112,0,0 '
Received from ('fd00::200:0:0:9', 8765, 0, 0): b' 1967,9,5,768,0,42,5,2,7,1,2,-52,0,628,11337,26,0,0 '
Received from ('fd00::200:0:0:8', 8765, 0, 0): b' 1967,8,5,768,0,413,4,11,7,2,1,-70,10,3806,24806,127,0,0 '
Received from ('fd00::200:0:0:13', 8765, 0, 0): b' 1966,19,15,1536,0,406,7,6,7,1,2,-52,0,587,9088,111,0,0 '
Received from ('fd00::200:0:0:3', 8765, 0, 0): b' 1966,3,1,512,0,391,6,1,7,1,1,-64,6,730,12970,130,0,0 '
Received from ('fd00::200:0:0:2', 8765, 0, 0): b' 1968,2,1,512,0,375,6,1,6,1,1,-88,6,1077,15478,131,0,0 '
Received from ('fd00::200:0:0:b', 8765, 0, 0): b' 1968,11,8,1024,0,410,2,22,7,1,1,-70,6,1417,12755,88,0,0 '
Received from ('fd00::200:0:0:c', 8765, 0, 0): b' 1969,12,8,1024,0,37,7,14,7,1,4,-52,2,2006,15521,29,0,0 '
Received from ('fd00::200:0:0:e', 8765, 0, 0): b' 1966,14,11,1280,0,409,5,8,7,1,2,-70,0,410,7482,101,0,0 '
Received from ('fd00::200:0:0:5', 8765, 0, 0): b' 1969,5,1,512,0,403,6,1,6,2,1,-94,10,3937,28156,131,0,0 '
Received from ('fd00::200:0:0:1', 5678, 0, 0): b' 1970,1,0,256,0,6,0,0,4,0,0,0,10,1671,21338,2176,0,0 '
Received from ('fd00::200:0:0:12', 8765, 0, 0): b' 1971,18,15,1536,0,457,6,5,5,1,1,-70,0,841,10694,114,0,0 '
Received from ('fd00::200:0:0:11', 8765, 0, 0): b' 1970,17,13,1280,0,42,7,1,7,1,4,-52,0,555,8041,29,0,0 '
Received from ('fd00::200:0:0:7', 8765, 0, 0): b' 1971,7,2,768,0,443,8,8,7,1,2,-70,5,630,10697,125,0,0 '
Received from ('fd00::200:0:0:4', 8765, 0, 0): b' 1972,4,1,512,0,430,6,2,7,1,1,-66,0,811,12494,132,0,0 '
Received from ('fd00::200:0:0:13', 8765, 0, 0): b' 1971,19,15,1536,0,406,7,6,7,1,2,-52,0,158,4336,111,0,0 '
Received from ('fd00::200:0:0:8', 8765, 0, 0): b' 1971,8,5,768,20,414,4,11,7,2,1,-70,10,2280,16002,128,0,0 '
Received from ('fd00::200:0:0:d', 8765, 0, 0): b' 1974,13,8,1024,0,44,5,1,7,1,3,-70,1,1050,12657,27,0,0 '
Received from ('fd00::200:0:0:c', 8765, 0, 0): b' 1973,12,8,1024,0,37,7,14,7,1,4,-52,2,722,6224,30,0,0 '
Received from ('fd00::200:0:0:f', 8765, 0, 0): b' 1972,15,12,1280,0,401,7,14,7,1,3,-70,2,1482,14565,123,0,0 '
Received from ('fd00::200:0:0:10', 8765, 0, 0): b' 1971,16,11,1280,10,415,7,16,7,1,3,-70,2,1289,14447,98,0,0 '
Received from ('fd00::200:0:0:14', 8765, 0, 0): b' 1973,20,16,1536,0,454,7,5,7,1,3,-52,0,905,8982,113,0,0 '
Received from ('fd00::200:0:0:2', 8765, 0, 0): b' 1974,2,1,512,0,375,6,1,6,1,1,-88,6,732,9727,132,0,0 '
Received from ('fd00::200:0:0:15', 8765, 0, 0): b' 1973,21,16,1536,0,421,7,7,5,1,3,-70,0,611,10258,107,0,0 '
Received from ('fd00::200:0:0:3', 8765, 0, 0): b' 1974,3,1,512,0,392,6,1,7,1,1,-64,6,580,11842,131,0,0 '
Received from ('fd00::200:0:0:9', 8765, 0, 0): b' 1974,9,5,768,0,43,5,2,7,1,2,-52,0,675,11828,27,0,0 '
Received from ('fd00::200:0:0:12', 8765, 0, 0): b' 1976,18,15,1536,0,459,6,5,5,1,1,-70,0,470,4940,114,0,0 '
Received from ('fd00::200:0:0:11', 8765, 0, 0): b' 1975,17,13,1280,0,42,7,1,7,1,4,-52,0,277,4544,29,0,0 '
Received from ('fd00::200:0:0:4', 8765, 0, 0): b' 1977,4,1,512,0,432,6,2,7,1,1,-66,0,491,7285,132,0,0 '
Received from ('fd00::200:0:0:b', 8765, 0, 0): b' 1980,11,8,1024,0,416,2,22,7,1,1,-70,6,2414,20308,89,0,0 '
Received from ('fd00::200:0:0:15', 8765, 0, 0): b' 1978,21,16,1536,0,423,7,7,5,1,3,-70,0,470,4658,107,0,0 '
Received from ('fd00::200:0:0:e', 8765, 0, 0): b' 1978,14,11,1280,10,412,5,8,7,1,2,-70,0,809,10480,102,0,0 '
Received from ('fd00::200:0:0:8', 8765, 0, 0): b' 1979,8,5,768,10,415,4,11,7,2,1,-70,10,3059,19964,128,0,0 '
Received from ('fd00::200:0:0:d', 8765, 0, 0): b' 1981,13,8,1024,0,44,5,1,7,1,3,-70,1,682,9346,28,0,0 '
Received from ('fd00::200:0:0:5', 8765, 0, 0): b' 1981,5,1,512,10,408,6,1,6,2,1,-94,10,5025,30180,132,0,0 '
Received from ('fd00::200:0:0:14', 8765, 0, 0): b' 1979,20,16,1536,0,455,7,5,7,1,3,-52,0,386,5705,113,0,0 '
Received from ('fd00::200:0:0:7', 8765, 0, 0): b' 1981,7,2,768,0,445,8,8,7,1,2,-70,5,817,11319,126,0,0 '
Received from ('fd00::200:0:0:13', 8765, 0, 0): b' 1981,19,15,1536,0,410,7,6,7,1,2,-52,0,908,10039,112,0,0 '
Received from ('fd00::200:0:0:3', 8765, 0, 0): b' 1982,3,1,512,0,394,6,1,7,1,1,-64,6,515,10176,131,0,0 '
Received from ('fd00::200:0:0:1', 5678, 0, 0): b' 1982,1,0,256,0,6,0,0,4,0,0,0,10,2804,30247,2191,0,0 '
Received from ('fd00::200:0:0:c', 8765, 0, 0): b' 1983,12,8,1024,0,37,7,14,7,1,4,-52,2,1277,13373,30,0,0 '
Received from ('fd00::200:0:0:4', 8765, 0, 0): b' 1982,4,1,512,0,435,6,2,7,1,1,-66,0,648,6069,133,0,0 '
Received from ('fd00::200:0:0:10', 8765, 0, 0): b' 1980,16,11,1280,10,419,7,16,7,1,3,-70,2,1748,17576,98,0,0 '
Received from ('fd00::200:0:0:2', 8765, 0, 0): b' 1983,2,1,512,0,377,6,1,6,1,1,-88,6,1176,14881,132,0,0 '
Received from ('fd00::200:0:0:f', 8765, 0, 0): b' 1985,15,12,1280,0,405,7,14,7,1,3,-70,2,1958,19041,124,0,0 '
Received from ('fd00::200:0:0:8', 8765, 0, 0): b' 1983,8,5,768,10,415,4,11,7,2,1,-70,10,1662,11186,128,0,0 '
Received from ('fd00::200:0:0:11', 8765, 0, 0): b' 1985,17,13,1280,0,42,7,1,7,1,4,-52,0,357,7388,30,0,0 '
Received from ('fd00::200:0:0:b', 8765, 0, 0): b' 1987,11,8,1024,0,416,2,22,7,1,1,-70,6,1606,13163,89,0,0 '
Received from ('fd00::200:0:0:7', 8765, 0, 0): b' 1987,7,2,768,0,446,8,8,7,1,2,-70,5,384,7006,126,0,0 '
Received from ('fd00::200:0:0:12', 8765, 0, 0): b' 1986,18,15,1536,10,464,6,5,5,1,1,-70,0,1009,9882,115,0,0 '
Received from ('fd00::200:0:0:9', 8765, 0, 0): b' 1986,9,5,768,0,43,5,2,7,1,2,-52,0,528,13412,28,0,0 '
Received from ('fd00::200:0:0:5', 8765, 0, 0): b' 1989,5,1,512,10,409,6,1,6,2,1,-94,10,3249,22445,133,0,0 '
Received from ('fd00::200:0:0:f', 8765, 0, 0): b' 1989,15,12,1280,0,405,7,14,7,1,3,-70,2,675,6875,124,0,0 '
Received from ('fd00::200:0:0:d', 8765, 0, 0): b' 1990,13,8,1024,0,44,5,1,7,1,3,-70,1,739,10411,29,0,0 '
Received from ('fd00::200:0:0:c', 8765, 0, 0): b' 1990,12,8,1024,0,37,7,14,7,1,4,-52,2,994,8984,31,0,0 '
Received from ('fd00::200:0:0:4', 8765, 0, 0): b' 1988,4,1,512,10,436,6,2,7,1,1,-66,0,383,7397,133,0,0 '
Received from ('fd00::200:0:0:8', 8765, 0, 0): b' 1989,8,5,768,10,417,4,11,7,2,1,-70,10,2292,16811,129,0,0 '
Received from ('fd00::200:0:0:14', 8765, 0, 0): b' 1988,20,16,1536,0,458,7,5,7,1,3,-52,0,704,9318,114,0,0 '
Received from ('fd00::200:0:0:1', 5678, 0, 0): b' 1991,1,0,256,0,6,0,0,4,0,0,0,10,2215,23842,2203,0,0 '
Received from ('fd00::200:0:0:3', 8765, 0, 0): b' 1991,3,1,512,0,397,6,1,7,1,1,-64,6,697,13055,132,0,0 '
Received from ('fd00::200:0:0:11', 8765, 0, 0): b' 1993,17,13,1280,0,42,7,1,7,1,4,-52,0,277,6034,30,0,0 '
Received from ('fd00::200:0:0:10', 8765, 0, 0): b' 1989,16,11,1280,10,421,7,16,7,1,3,-70,2,1453,17358,99,0,0 '
Received from ('fd00::200:0:0:12', 8765, 0, 0): b' 1991,18,15,1536,0,465,6,5,5,1,1,-70,0,389,4594,115,0,0 '
Received from ('fd00::200:0:0:13', 8765, 0, 0): b' 1991,19,15,1536,0,414,7,6,7,1,2,-52,0,877,10316,112,0,0 '
Received from ('fd00::200:0:0:e', 8765, 0, 0): b' 1989,14,11,1280,0,416,5,8,7,1,2,-70,0,1042,11472,103,0,0 '
Received from ('fd00::200:0:0:9', 8765, 0, 0): b' 1991,9,5,768,0,43,5,2,7,1,2,-52,0,251,5701,28,0,0 '
Received from ('fd00::200:0:0:15', 8765, 0, 0): b' 1988,21,16,1536,0,426,7,7,5,1,3,-70,0,825,11067,108,0,0 '
Received from ('fd00::200:0:0:5', 8765, 0, 0): b' 1993,5,1,512,10,411,6,1,6,2,1,-94,10,2613,13393,133,0,0 '
Received from ('fd00::200:0:0:b', 8765, 0, 0): b' 1993,11,8,1024,10,419,2,22,7,1,1,-70,6,1754,11824,90,0,0 '
Received from ('fd00::200:0:0:7', 8765, 0, 0): b' 1993,7,2,768,0,448,8,8,7,1,2,-70,5,695,8357,127,0,0 '
Received from ('fd00::200:0:0:c', 8765, 0, 0): b' 1994,12,8,1024,10,37,7,14,7,1,4,-52,2,688,6408,31,0,0 '
Received from ('fd00::200:0:0:d', 8765, 0, 0): b' 1995,13,8,1024,0,45,5,1,7,1,3,-70,1,790,7349,29,0,0 '
Received from ('fd00::200:0:0:f', 8765, 0, 0): b' 1994,15,12,1280,0,408,7,14,7,1,3,-70,2,1262,10485,125,0,0 '
Received from ('fd00::200:0:0:2', 8765, 0, 0): b' 1995,2,1,512,0,379,6,1,6,1,1,-88,6,1633,19023,133,0,0 '
Received from ('fd00::200:0:0:1', 5678, 0, 0): b' 1996,1,0,256,0,6,0,0,4,0,0,0,10,1108,12934,2208,0,0 '
Received from ('fd00::200:0:0:3', 8765, 0, 0): b' 1996,3,1,512,0,399,6,1,7,1,1,-64,6,495,7690,132,0,0 '
Received from ('fd00::200:0:0:4', 8765, 0, 0): b' 1997,4,1,512,0,440,6,2,7,1,1,-66,0,892,11771,134,0,0 '
Received from ('fd00::200:0:0:b', 8765, 0, 0): b' 1997,11,8,1024,10,421,2,23,7,1,1,-70,6,553,7092,90,0,0 '
Received from ('fd00::200:0:0:12', 8765, 0, 0): b' 1997,18,15,1536,10,468,6,5,5,1,1,-70,0,632,5629,116,0,0 '
Received from ('fd00::200:0:0:7', 8765, 0, 0): b' 1997,7,2,768,0,450,8,8,7,1,2,-70,5,466,5985,127,0,0 '
Received from ('fd00::200:0:0:e', 8765, 0, 0): b' 1999,14,11,1280,0,417,5,8,7,1,2,-70,0,389,6071,103,0,0 '
Received from ('fd00::200:0:0:5', 8765, 0, 0): b' 1999,5,1,512,10,414,6,1,6,2,1,-94,10,2237,15047,133,0,0 '
Received from ('fd00::200:0:0:10', 8765, 0, 0): b' 2000,16,11,1280,0,424,7,16,7,1,3,-70,2,1236,15566,99,0,0 '
Received from ('fd00::200:0:0:f', 8765, 0, 0): b' 2000,15,12,1280,0,409,7,14,7,1,3,-70,2,1005,9716,125,0,0 '
Received from ('fd00::200:0:0:9', 8765, 0, 0): b' 2001,9,5,768,0,44,5,2,7,1,2,-52,0,399,9378,28,0,0 '
Received from ('fd00::200:0:0:c', 8765, 0, 0): b' 2000,12,8,1024,0,37,7,14,7,1,4,-52,2,1231,10460,32,0,0 '
Received from ('fd00::200:0:0:13', 8765, 0, 0): b' 1999,19,15,1536,20,418,7,6,7,1,2,-52,0,754,7748,113,0,0 '
Received from ('fd00::200:0:0:15', 8765, 0, 0): b' 1998,21,16,1536,0,431,7,7,5,1,3,-70,0,1016,10318,109,0,0 '
Received from ('fd00::200:0:0:14', 8765, 0, 0): b' 1999,20,16,1536,0,461,7,5,7,1,3,-52,0,795,10951,115,0,0 '
Received from ('fd00::200:0:0:d', 8765, 0, 0): b' 2001,13,8,1024,0,45,5,1,7,1,3,-70,1,505,9454,29,0,0 '
Received from ('fd00::200:0:0:3', 8765, 0, 0): b' 2002,3,1,512,0,401,6,1,7,1,1,-64,6,639,10642,133,0,0 '
Received from ('fd00::200:0:0:8', 8765, 0, 0): b' 2002,8,5,768,40,423,4,11,7,2,1,-70,10,5606,33185,129,0,0 '
Received from ('fd00::200:0:0:11', 8765, 0, 0): b' 2004,17,13,1280,0,43,7,1,7,1,4,-52,0,579,10021,31,0,0 '
Received from ('fd00::200:0:0:12', 8765, 0, 0): b' 2003,18,15,1536,0,471,6,5,5,1,1,-70,0,625,6185,116,0,0 '
Received from ('fd00::200:0:0:10', 8765, 0, 0): b' 2004,16,11,1280,0,424,7,16,7,1,3,-70,2,847,8580,100,0,0 '
Received from ('fd00::200:0:0:5', 8765, 0, 0): b' 2004,5,1,512,0,415,6,1,6,2,1,-94,10,3198,18552,134,0,0 '
Received from ('fd00::200:0:0:b', 8765, 0, 0): b' 2004,11,8,1024,0,423,2,23,7,1,1,-70,6,2096,14660,90,0,0 '
Received from ('fd00::200:0:0:9', 8765, 0, 0): b' 2006,9,5,768,0,45,5,2,7,1,2,-52,0,572,6498,29,0,0 '
Received from ('fd00::200:0:0:1', 5678, 0, 0): b' 2006,1,0,256,0,6,0,0,4,0,0,0,10,2386,26889,2222,0,0 '
Received from ('fd00::200:0:0:2', 8765, 0, 0): b' 2006,2,1,512,10,380,6,1,6,1,1,-88,6,1095,16585,134,0,0 '
Received from ('fd00::200:0:0:14', 8765, 0, 0): b' 2004,20,16,1536,0,461,7,5,7,1,3,-52,0,309,4126,115,0,0 '
Received from ('fd00::200:0:0:e', 8765, 0, 0): b' 2007,14,11,1280,0,419,5,8,7,1,2,-70,0,836,8825,104,0,0 '
Received from ('fd00::200:0:0:15', 8765, 0, 0): b' 2004,21,16,1536,0,432,7,7,5,1,3,-70,0,390,5501,109,0,0 '
Received from ('fd00::200:0:0:10', 8765, 0, 0): b' 2008,16,11,1280,0,424,7,16,7,1,3,-70,2,744,8563,100,0,0 '
Received from ('fd00::200:0:0:d', 8765, 0, 0): b' 2008,13,8,1024,0,45,5,1,7,1,3,-70,1,591,8223,30,0,0 '
Received from ('fd00::200:0:0:4', 8765, 0, 0): b' 2008,4,1,512,0,442,6,2,7,1,1,-66,0,660,13639,134,0,0 '
Received from ('fd00::200:0:0:f', 8765, 0, 0): b' 2007,15,12,1280,10,410,7,14,7,1,3,-70,2,1255,13657,126,0,0 '
Received from ('fd00::200:0:0:12', 8765, 0, 0): b' 2009,18,15,1536,0,471,6,5,5,1,1,-70,0,279,5569,116,0,0 '
Received from ('fd00::200:0:0:11', 8765, 0, 0): b' 2008,17,13,1280,10,44,7,1,7,1,4,-52,0,506,6566,32,0,0 '
Received from ('fd00::200:0:0:7', 8765, 0, 0): b' 2009,7,2,768,10,453,8,8,7,1,2,-70,5,858,14418,128,0,0 '
Received from ('fd00::200:0:0:c', 8765, 0, 0): b' 2010,12,8,1024,0,37,7,14,7,1,4,-52,2,1405,13918,32,0,0 '
Received from ('fd00::200:0:0:e', 8765, 0, 0): b' 2011,14,11,1280,0,419,5,8,7,1,2,-70,0,158,4262,104,0,0 '
Received from ('fd00::200:0:0:9', 8765, 0, 0): b' 2011,9,5,768,0,45,5,2,7,1,2,-52,0,274,6988,29,0,0 '
Received from ('fd00::200:0:0:3', 8765, 0, 0): b' 2011,3,1,512,0,403,6,1,7,1,1,-64,6,612,13145,133,0,0 '
Received from ('fd00::200:0:0:13', 8765, 0, 0): b' 2011,19,15,1536,0,420,7,6,7,1,2,-52,0,896,11321,114,0,0 '
Received from ('fd00::200:0:0:b', 8765, 0, 0): b' 2011,11,8,1024,10,425,2,23,7,1,1,-70,6,1367,11094,91,0,0 '
Received from ('fd00::200:0:0:14', 8765, 0, 0): b' 2013,20,16,1536,0,461,7,5,7,1,3,-52,0,432,6409,116,0,0 '
Received from ('fd00::200:0:0:8', 8765, 0, 0): b' 2013,8,5,768,10,424,4,11,7,2,1,-70,10,4506,29819,130,0,0 '
Received from ('fd00::200:0:0:15', 8765, 0, 0): b' 2013,21,16,1536,0,433,7,7,5,1,3,-70,0,386,6048,109,0,0 '
Received from ('fd00::200:0:0:1', 5678, 0, 0): b' 2014,1,0,256,0,6,0,0,4,0,0,0,10,1628,20369,2229,0,0 '
Received from ('fd00::200:0:0:12', 8765, 0, 0): b' 2014,18,15,1536,0,471,6,5,5,1,1,-70,0,312,4196,117,0,0 '
Received from ('fd00::200:0:0:5', 8765, 0, 0): b' 2015,5,1,512,0,418,6,1,6,2,1,-94,10,4544,29516,134,0,0 '
Received from ('fd00::200:0:0:10', 8765, 0, 0): b' 2016,16,11,1280,0,426,7,16,7,1,3,-70,2,1229,14261,100,0,0 '
Received from ('fd00::200:0:0:9', 8765, 0, 0): b' 2016,9,5,768,0,45,5,2,7,1,2,-52,0,306,5956,30,0,0 '
Received from ('fd00::200:0:0:13', 8765, 0, 0): b' 2016,19,15,1536,0,420,7,6,7,1,2,-52,0,280,4969,114,0,0 '
Received from ('fd00::200:0:0:2', 8765, 0, 0): b' 2016,2,1,512,20,383,6,1,6,1,1,-88,6,1170,16060,135,0,0 '
Received from ('fd00::200:0:0:12', 8765, 0, 0): b' 2017,18,15,1536,0,472,6,5,5,1,1,-70,0,362,4193,117,0,0 '
Received from ('fd00::200:0:0:3', 8765, 0, 0): b' 2018,3,1,512,0,405,6,1,7,1,1,-64,6,590,11055,134,0,0 '
Received from ('fd00::200:0:0:4', 8765, 0, 0): b' 2019,4,1,512,0,442,6,2,7,1,1,-66,0,497,12106,135,0,0 '
Received from ('fd00::200:0:0:b', 8765, 0, 0): b' 2018,11,8,1024,10,428,2,23,7,1,1,-70,6,1824,12879,91,0,0 '
Received from ('fd00::200:0:0:14', 8765, 0, 0): b' 2018,20,16,1536,10,465,7,5,7,1,3,-52,0,600,5644,116,0,0 '
Received from ('fd00::200:0:0:1', 5678, 0, 0): b' 2020,1,0,256,0,6,0,0,4,0,0,0,10,1487,15674,2239,0,0 '
Received from ('fd00::200:0:0:d', 8765, 0, 0): b' 2019,13,8,1024,20,45,5,1,7,1,3,-70,1,911,14075,31,0,0 '
Received from ('fd00::200:0:0:7', 8765, 0, 0): b' 2019,7,2,768,0,455,8,8,7,1,2,-70,5,744,12315,128,0,0 '
Received from ('fd00::200:0:0:f', 8765, 0, 0): b' 2019,15,12,1280,0,411,7,14,7,1,3,-70,2,1937,19057,127,0,0 '
Received from ('fd00::200:0:0:8', 8765, 0, 0): b' 2020,8,5,768,20,425,4,11,7,2,1,-70,10,2697,18375,131,0,0 '
Received from ('fd00::200:0:0:11', 8765, 0, 0): b' 2018,17,13,1280,0,44,7,1,7,1,4,-52,0,382,9405,32,0,0 '
Received from ('fd00::200:0:0:5', 8765, 0, 0): b' 2021,5,1,512,0,420,6,1,6,2,1,-94,10,3140,17350,135,0,0 '
Received from ('fd00::200:0:0:e', 8765, 0, 0): b' 2020,14,11,1280,0,421,5,8,7,1,2,-70,0,694,9560,105,0,0 '
Received from ('fd00::200:0:0:c', 8765, 0, 0): b' 2020,12,8,1024,0,37,7,14,7,1,4,-52,2,1633,15329,33,0,0 '
Received from ('fd00::200:0:0:2', 8765, 0, 0): b' 2022,2,1,512,0,384,6,1,6,1,1,-88,6,1043,9742,135,0,0 '
Received from ('fd00::200:0:0:9', 8765, 0, 0): b' 2021,9,5,768,0,45,5,2,7,1,2,-52,0,326,7971,30,0,0 '
Received from ('fd00::200:0:0:3', 8765, 0, 0): b' 2023,3,1,512,10,407,6,1,7,1,1,-64,6,467,7854,134,0,0 '
Received from ('fd00::200:0:0:11', 8765, 0, 0): b' 2023,17,13,1280,0,44,7,1,7,1,4,-52,0,309,4365,33,0,0 '
Received from ('fd00::200:0:0:10', 8765, 0, 0): b' 2024,16,11,1280,0,429,7,16,7,1,3,-70,2,1528,17675,101,0,0 '
Received from ('fd00::200:0:0:15', 8765, 0, 0): b' 2024,21,16,1536,0,436,7,7,5,1,3,-70,0,891,10955,110,0,0 '
Received from ('fd00::200:0:0:4', 8765, 0, 0): b' 2025,4,1,512,10,445,6,2,7,1,1,-66,0,491,8007,135,0,0 '
Received from ('fd00::200:0:0:d', 8765, 0, 0): b' 2025,13,8,1024,0,46,5,1,7,1,3,-70,1,826,8004,31,0,0 '
Received from ('fd00::200:0:0:8', 8765, 0, 0): b' 2025,8,5,768,0,427,4,11,7,2,1,-70,10,2077,14747,131,0,0 '
Received from ('fd00::200:0:0:f', 8765, 0, 0): b' 2026,15,12,1280,0,414,7,14,7,1,3,-70,2,1179,11860,127,0,0 '
Received from ('fd00::200:0:0:c', 8765, 0, 0): b' 2026,12,8,1024,10,38,7,14,7,1,4,-52,2,861,7815,33,0,0 '
Received from ('fd00::200:0:0:13', 8765, 0, 0): b' 2026,19,15,1536,0,426,7,6,7,1,2,-52,0,1122,10560,115,0,0 '
Received from ('fd00::200:0:0:b', 8765, 0, 0): b' 2027,11,8,1024,10,428,2,23,7,1,1,-70,6,1624,16782,92,0,0 '
Received from ('fd00::200:0:0:1', 5678, 0, 0): b' 2029,1,0,256,0,6,0,0,4,0,0,0,10,1953,22924,2247,0,0 '
Received from ('fd00::200:0:0:3', 8765, 0, 0): b' 2028,3,1,512,0,409,6,1,7,1,1,-64,6,491,7357,134,0,0 '
Received from ('fd00::200:0:0:7', 8765, 0, 0): b' 2029,7,2,768,0,457,8,8,7,1,2,-70,5,744,12322,129,0,0 '
Received from ('fd00::200:0:0:12', 8765, 0, 0): b' 2029,18,15,1536,0,475,6,5,5,1,1,-70,0,825,10714,118,0,0 '
Received from ('fd00::200:0:0:14', 8765, 0, 0): b' 2030,20,16,1536,0,470,7,5,7,1,3,-52,0,1040,11198,117,0,0 '
Received from ('fd00::200:0:0:5', 8765, 0, 0): b' 2030,5,1,512,10,421,6,1,6,2,1,-94,10,3299,24030,135,0,0 '
Received from ('fd00::200:0:0:e', 8765, 0, 0): b' 2029,14,11,1280,0,423,5,8,7,1,2,-70,0,615,8080,105,0,0 '
Received from ('fd00::200:0:0:8', 8765, 0, 0): b' 2029,8,5,768,10,428,4,11,7,2,1,-70,10,1696,11894,131,0,0 '
Received from ('fd00::200:0:0:10', 8765, 0, 0): b' 2029,16,11,1280,0,430,7,16,7,1,3,-70,2,1064,11284,101,0,0 '
Received from ('fd00::200:0:0:c', 8765, 0, 0): b' 2031,12,8,1024,0,38,7,14,7,1,4,-52,2,719,7086,34,0,0 '
Received from ('fd00::200:0:0:2', 8765, 0, 0): b' 2032,2,1,512,10,388,6,1,6,1,1,-88,6,1170,16141,136,0,0 '
Received from ('fd00::200:0:0:12', 8765, 0, 0): b' 2033,18,15,1536,0,478,6,5,5,1,1,-70,0,571,4012,118,0,0 '
Received from ('fd00::200:0:0:9', 8765, 0, 0): b' 2032,9,5,768,0,45,5,2,7,1,2,-52,0,503,12473,31,0,0 '
Received from ('fd00::200:0:0:15', 8765, 0, 0): b' 2033,21,16,1536,0,439,7,7,5,1,3,-70,0,778,8639,111,0,0 '
Received from ('fd00::200:0:0:11', 8765, 0, 0): b' 2033,17,13,1280,0,44,7,1,7,1,4,-52,0,446,9438,33,0,0 '
Received from ('fd00::200:0:0:7', 8765, 0, 0): b' 2034,7,2,768,0,457,8,8,7,1,2,-70,5,305,6494,129,0,0 '
Received from ('fd00::200:0:0:b', 8765, 0, 0): b' 2034,11,8,1024,0,430,2,23,7,1,1,-70,6,1717,12172,92,0,0 '
Received from ('fd00::200:0:0:4', 8765, 0, 0): b' 2035,4,1,512,0,448,6,2,7,1,1,-66,0,925,13073,136,0,0 '
Received from ('fd00::200:0:0:e', 8765, 0, 0): b' 2035,14,11,1280,0,424,5,8,7,1,2,-70,0,442,5628,106,0,0 '
Received from ('fd00::200:0:0:f', 8765, 0, 0): b' 2036,15,12,1280,0,415,7,14,7,1,3,-70,2,1545,15947,128,0,0 '
Received from ('fd00::200:0:0:10', 8765, 0, 0): b' 2036,16,11,1280,0,430,7,16,7,1,3,-70,2,889,12166,102,0,0 '
Received from ('fd00::200:0:0:14', 8765, 0, 0): b' 2036,20,16,1536,0,471,7,5,7,1,3,-52,0,389,6701,117,0,0 '
Received from ('fd00::200:0:0:d', 8765, 0, 0): b' 2037,13,8,1024,10,46,5,1,7,1,3,-70,1,888,14357,32,0,0 '
Received from ('fd00::200:0:0:12', 8765, 0, 0): b' 2038,18,15,1536,0,479,6,5,5,1,1,-70,0,362,4565,118,0,0 '
Received from ('fd00::200:0:0:5', 8765, 0, 0): b' 2038,5,1,512,20,423,6,1,6,2,1,-94,10,4127,24547,136,0,0 '
Received from ('fd00::200:0:0:8', 8765, 0, 0): b' 2039,8,5,768,0,429,4,11,7,2,1,-70,10,3543,22728,132,0,0 '
Received from ('fd00::200:0:0:13', 8765, 0, 0): b' 2037,19,15,1536,0,429,7,6,7,1,2,-52,0,772,10775,115,0,0 '
Received from ('fd00::200:0:0:3', 8765, 0, 0): b' 2040,3,1,512,0,413,6,1,7,1,1,-64,6,976,18026,135,0,0 '
Received from ('fd00::200:0:0:2', 8765, 0, 0): b' 2040,2,1,512,0,392,6,1,6,1,1,-88,6,1371,13009,136,0,0 '
Received from ('fd00::200:0:0:1', 5678, 0, 0): b' 2040,1,0,256,0,6,0,0,4,0,0,0,10,2809,31225,2261,0,0 '
Received from ('fd00::200:0:0:d', 8765, 0, 0): b' 2041,13,8,1024,10,46,5,1,7,1,3,-70,1,306,5334,32,0,0 '
Received from ('fd00::200:0:0:4', 8765, 0, 0): b' 2042,4,1,512,0,449,6,2,7,1,1,-66,0,580,8706,137,0,0 '
Received from ('fd00::200:0:0:15', 8765, 0, 0): b' 2042,21,16,1536,0,445,7,7,5,1,3,-70,0,1066,8906,111,0,0 '
Received from ('fd00::200:0:0:11', 8765, 0, 0): b' 2043,17,13,1280,0,45,7,1,7,1,4,-52,0,668,8862,34,0,0 '
Received from ('fd00::200:0:0:9', 8765, 0, 0): b' 2042,9,5,768,0,45,5,2,7,1,2,-52,0,420,11857,31,0,0 '
Received from ('fd00::200:0:0:c', 8765, 0, 0): b' 2043,12,8,1024,0,39,7,14,7,1,4,-52,2,2004,16220,35,0,0 '
Received from ('fd00::200:0:0:7', 8765, 0, 0): b' 2043,7,2,768,10,460,8,8,7,1,2,-70,5,788,11527,130,0,0 '
Received from ('fd00::200:0:0:e', 8765, 0, 0): b' 2044,14,11,1280,0,428,5,8,7,1,2,-70,0,852,9031,106,0,0 '
Received from ('fd00::200:0:0:2', 8765, 0, 0): b' 2045,2,1,512,0,393,6,1,6,1,1,-88,6,644,8036,136,0,0 '
Received from ('fd00::200:0:0:1', 5678, 0, 0): b' 2045,1,0,256,0,6,0,0,4,0,0,0,10,1061,12954,2266,0,0 '
Received from ('fd00::200:0:0:14', 8765, 0, 0): b' 2045,20,16,1536,0,472,7,5,7,1,3,-52,0,615,8725,118,0,0 '
Received from ('fd00::200:0:0:12', 8765, 0, 0): b' 2045,18,15,1536,0,482,6,5,5,1,1,-70,0,680,7509,119,0,0 '
Received from ('fd00::200:0:0:b', 8765, 0, 0): b' 2046,11,8,1024,20,433,2,23,7,1,1,-70,6,2350,20414,93,0,0 '
Received from ('fd00::200:0:0:5', 8765, 0, 0): b' 2047,5,1,512,0,426,6,1,6,2,1,-94,10,2901,20952,136,0,0 '
Received from ('fd00::200:0:0:10', 8765, 0, 0): b' 2046,16,11,1280,10,433,7,16,7,1,3,-70,2,1694,19713,102,0,0 '
Received from ('fd00::200:0:0:13', 8765, 0, 0): b' 2045,19,15,1536,0,432,7,6,7,1,2,-52,0,681,7819,116,0,0 '
Received from ('fd00::200:0:0:d', 8765, 0, 0): b' 2048,13,8,1024,0,46,5,1,7,1,3,-70,1,656,8431,32,0,0 '
Received from ('fd00::200:0:0:15', 8765, 0, 0): b' 2047,21,16,1536,0,446,7,7,5,1,3,-70,0,419,4826,112,0,0 '
Received from ('fd00::200:0:0:9', 8765, 0, 0): b' 2047,9,5,768,10,45,5,2,7,1,2,-52,0,335,6183,32,0,0 '
Received from ('fd00::200:0:0:f', 8765, 0, 0): b' 2048,15,12,1280,10,417,7,14,7,1,3,-70,2,2007,19800,129,0,0 '
Received from ('fd00::200:0:0:4', 8765, 0, 0): b' 2049,4,1,512,0,450,6,2,7,1,1,-66,0,383,8433,137,0,0 '
Received from ('fd00::200:0:0:2', 8765, 0, 0): b' 2049,2,1,512,0,394,6,1,6,1,1,-88,6,639,6936,137,0,0 '
Received from ('fd00::200:0:0:8', 8765, 0, 0): b' 2048,8,5,768,0,431,4,11,7,2,1,-70,10,4177,29023,133,0,0 '
Received from ('fd00::200:0:0:13', 8765, 0, 0): b' 2049,19,15,1536,0,433,7,6,7,1,2,-52,0,362,4300,116,0,0 '
Received from ('fd00::200:0:0:3', 8765, 0, 0): b' 2051,3,1,512,0,419,6,1,7,1,1,-64,6,1191,18016,136,0,0 '
Received from ('fd00::200:0:0:7', 8765, 0, 0): b' 2051,7,2,768,20,463,8,8,7,1,2,-70,5,942,10474,131,0,0 '
Received from ('fd00::200:0:0:1', 5678, 0, 0): b' 2053,1,0,256,0,6,0,0,4,0,0,0,10,1922,20512,2278,0,0 '
Received from ('fd00::200:0:0:14', 8765, 0, 0): b' 2052,20,16,1536,0,474,7,5,7,1,3,-52,0,493,7159,118,0,0 '
Received from ('fd00::200:0:0:5', 8765, 0, 0): b' 2053,5,1,512,20,426,6,1,6,2,1,-94,10,2887,18813,137,0,0 '
Received from ('fd00::200:0:0:e', 8765, 0, 0): b' 2053,14,11,1280,0,431,5,8,7,1,2,-70,0,680,8461,107,0,0 '
Received from ('fd00::200:0:0:c', 8765, 0, 0): b' 2052,12,8,1024,0,39,7,14,7,1,4,-52,2,1538,14875,35,0,0 '
Received from ('fd00::200:0:0:11', 8765, 0, 0): b' 2053,17,13,1280,0,45,7,1,7,1,4,-52,0,610,10715,35,0,0 '
Received from ('fd00::200:0:0:15', 8765, 0, 0): b' 2055,21,16,1536,0,449,7,7,5,1,3,-70,0,624,8070,112,0,0 '
Received from ('fd00::200:0:0:d', 8765, 0, 0): b' 2055,13,8,1024,0,46,5,1,7,1,3,-70,1,708,10233,33,0,0 '
Received from ('fd00::200:0:0:9', 8765, 0, 0): b' 2055,9,5,768,10,45,5,2,7,1,2,-52,0,299,9789,32,0,0 '
Received from ('fd00::200:0:0:8', 8765, 0, 0): b' 2056,8,5,768,0,432,4,11,7,2,1,-70,10,2380,18924,133,0,0 '
Received from ('fd00::200:0:0:12', 8765, 0, 0): b' 2055,18,15,1536,0,484,6,5,5,1,1,-70,0,764,10028,120,0,0 '
Received from ('fd00::200:0:0:4', 8765, 0, 0): b' 2058,4,1,512,0,452,6,2,7,1,1,-66,0,680,10277,138,0,0 '
Received from ('fd00::200:0:0:b', 8765, 0, 0): b' 2057,11,8,1024,10,433,2,23,7,1,1,-70,6,2143,20371,94,0,0 '
Received from ('fd00::200:0:0:10', 8765, 0, 0): b' 2057,16,11,1280,10,434,7,16,7,1,3,-70,2,1713,20565,103,0,0 '
Received from ('fd00::200:0:0:1', 5678, 0, 0): b' 2058,1,0,256,0,6,0,0,4,0,0,0,10,1089,13682,2283,0,0 '
Received from ('fd00::200:0:0:2', 8765, 0, 0): b' 2058,2,1,512,10,396,6,1,6,1,1,-88,6,1057,14235,137,0,0 '
Received from ('fd00::200:0:0:13', 8765, 0, 0): b' 2058,19,15,1536,0,435,7,6,7,1,2,-52,0,670,8614,117,0,0 '
Received from ('fd00::200:0:0:7', 8765, 0, 0): b' 2059,7,2,768,0,467,8,8,7,1,2,-70,5,814,10294,131,0,0 '
Received from ('fd00::200:0:0:5', 8765, 0, 0): b' 2060,5,1,512,10,428,6,1,6,2,1,-94,10,2770,18200,137,0,0 '
Received from ('fd00::200:0:0:f', 8765, 0, 0): b' 2058,15,12,1280,10,421,7,14,7,1,3,-70,2,2220,19962,129,0,0 '
Received from ('fd00::200:0:0:e', 8765, 0, 0): b' 2060,14,11,1280,0,434,5,8,7,1,2,-70,0,715,7459,107,0,0 '
Received from ('fd00::200:0:0:c', 8765, 0, 0): b' 2060,12,8,1024,0,39,7,14,7,1,4,-52,2,1126,10024,36,0,0 '
Received from ('fd00::200:0:0:8', 8765, 0, 0): b' 2061,8,5,768,20,433,4,11,7,2,1,-70,10,1894,13469,134,0,0 '
Received from ('fd00::200:0:0:10', 8765, 0, 0): b' 2061,16,11,1280,10,435,7,16,7,1,3,-70,2,572,7219,103,0,0 '
Received from ('fd00::200:0:0:14', 8765, 0, 0): b' 2061,20,16,1536,0,475,7,5,7,1,3,-52,0,581,8123,119,0,0 '
Received from ('fd00::200:0:0:3', 8765, 0, 0): b' 2062,3,1,512,0,421,6,1,7,1,1,-64,6,740,16378,137,0,0 '
Received from ('fd00::200:0:0:15', 8765, 0, 0): b' 2060,21,16,1536,0,450,7,7,5,1,3,-70,0,442,5847,113,0,0 '
Received from ('fd00::200:0:0:f', 8765, 0, 0): b' 2062,15,12,1280,0,422,7,14,7,1,3,-70,2,518,6790,130,0,0 '
Received from ('fd00::200:0:0:12', 8765, 0, 0): b' 2063,18,15,1536,0,487,6,5,5,1,1,-70,0,625,7750,120,0,0 '
Received from ('fd00::200:0:0:11', 8765, 0, 0): b' 2062,17,13,1280,0,46,7,1,7,1,4,-52,0,524,9022,35,0,0 '
Received from ('fd00::200:0:0:13', 8765, 0, 0): b' 2063,19,15,1536,0,438,7,6,7,1,2,-52,0,600,5904,117,0,0 '
Received from ('fd00::200:0:0:5', 8765, 0, 0): b' 2066,5,1,512,0,430,6,1,6,2,1,-94,10,3224,17963,138,0,0 '
Received from ('fd00::200:0:0:2', 8765, 0, 0): b' 2067,2,1,512,0,399,6,1,6,1,1,-88,6,1425,14427,138,0,0 '
Received from ('fd00::200:0:0:4', 8765, 0, 0): b' 2067,4,1,512,0,454,6,2,7,1,1,-66,0,539,11192,138,0,0 '
Received from ('fd00::200:0:0:15', 8765, 0, 0): b' 2065,21,16,1536,0,452,7,7,5,1,3,-70,0,493,5368,113,0,0 '
Received from ('fd00::200:0:0:d', 8765, 0, 0): b' 2067,13,8,1024,10,47,5,1,7,1,3,-70,1,958,14019,34,0,0 '
Received from ('fd00::200:0:0:1', 5678, 0, 0): b' 2068,1,0,256,0,6,0,0,4,0,0,0,10,2266,24754,2296,0,0 '
Received from ('fd00::200:0:0:9', 8765, 0, 0): b' 2067,9,5,768,0,47,5,2,7,1,2,-52,0,940,13171,33,0,0 '
Received from ('fd00::200:0:0:14', 8765, 0, 0): b' 2067,20,16,1536,0,478,7,5,7,1,3,-52,0,600,6266,119,0,0 '
Received from ('fd00::200:0:0:b', 8765, 0, 0): b' 2068,11,8,1024,0,437,2,23,7,1,1,-70,6,2761,20004,95,0,0 '
Received from ('fd00::200:0:0:7', 8765, 0, 0): b' 2069,7,2,768,10,470,8,8,7,1,2,-70,5,1078,13737,132,0,0 '
Received from ('fd00::200:0:0:8', 8765, 0, 0): b' 2070,8,5,768,10,438,4,11,7,2,1,-70,10,3691,23531,134,0,0 '
Received from ('fd00::200:0:0:11', 8765, 0, 0): b' 2068,17,13,1280,0,46,7,1,7,1,4,-52,0,333,5678,36,0,0 '
Received from ('fd00::200:0:0:e', 8765, 0, 0): b' 2071,14,11,1280,0,439,5,8,7,1,2,-70,0,1015,10689,108,0,0 '
Received from ('fd00::200:0:0:c', 8765, 0, 0): b' 2071,12,8,1024,0,39,7,14,7,1,4,-52,2,1372,14633,36,0,0 '
Received from ('fd00::200:0:0:12', 8765, 0, 0): b' 2070,18,15,1536,0,488,6,5,5,1,1,-70,0,563,7142,121,0,0 '
Received from ('fd00::200:0:0:15', 8765, 0, 0): b' 2071,21,16,1536,0,453,7,7,5,1,3,-70,0,386,5400,113,0,0 '
Received from ('fd00::200:0:0:10', 8765, 0, 0): b' 2072,16,11,1280,0,436,7,16,7,1,3,-70,2,1980,22166,104,0,0 '
Received from ('fd00::200:0:0:13', 8765, 0, 0): b' 2072,19,15,1536,0,439,7,6,7,1,2,-52,0,490,9046,118,0,0 '
Received from ('fd00::200:0:0:3', 8765, 0, 0): b' 2074,3,1,512,0,423,6,1,7,1,1,-64,6,1080,17916,137,0,0 '
Received from ('fd00::200:0:0:2', 8765, 0, 0): b' 2075,2,1,512,0,403,6,1,6,1,1,-88,6,1200,13824,138,0,0 '
Received from ('fd00::200:0:0:1', 5678, 0, 0): b' 2075,1,0,256,0,6,0,0,4,0,0,0,10,1481,18636,2302,0,0 '
Received from ('fd00::200:0:0:6', 8765, 0, 0): b' 2040,6,3,896,100,25,5,6,7,0,3,-70,1,288,4832,22,0,0 '
Received from ('fd00::200:0:0:5', 8765, 0, 0): b' 2075,5,1,512,0,433,6,1,6,2,1,-94,10,3368,23640,138,0,0 '
Received from ('fd00::200:0:0:f', 8765, 0, 0): b' 2074,15,12,1280,0,425,7,14,7,1,3,-70,2,1917,18445,130,0,0 '
Received from ('fd00::200:0:0:6', 8765, 0, 0): b' 2047,6,3,896,90,25,5,6,7,0,3,-70,1,271,5866,22,0,0 '
Received from ('fd00::200:0:0:7', 8765, 0, 0): b' 2076,7,2,768,10,471,8,8,7,1,2,-70,5,386,7439,132,0,0 '
Received from ('fd00::200:0:0:b', 8765, 0, 0): b' 2076,11,8,1024,10,439,2,23,7,1,1,-70,6,1517,14067,95,0,0 '
Received from ('fd00::200:0:0:e', 8765, 0, 0): b' 2076,14,11,1280,0,440,5,8,7,1,2,-70,0,292,4653,108,0,0 '
Received from ('fd00::200:0:0:4', 8765, 0, 0): b' 2077,4,1,512,0,457,6,2,7,1,1,-66,0,818,12888,139,0,0 '
Received from ('fd00::200:0:0:14', 8765, 0, 0): b' 2076,20,16,1536,0,480,7,5,7,1,3,-52,0,573,8632,120,0,0 '
Received from ('fd00::200:0:0:6', 8765, 0, 0): b' 2054,6,3,896,90,27,5,6,7,0,3,-70,1,389,5768,23,0,0 '
Received from ('fd00::200:0:0:6', 8765, 0, 0): b' 2062,6,3,896,90,28,5,6,7,0,3,-70,1,413,6586,23,0,0 '
Received from ('fd00::200:0:0:10', 8765, 0, 0): b' 2078,16,11,1280,0,440,7,16,7,1,3,-70,2,1148,10425,104,0,0 '
Received from ('fd00::200:0:0:6', 8765, 0, 0): b' 2071,6,3,896,90,29,5,6,7,0,3,-70,1,383,7646,24,0,0 '
Received from ('fd00::200:0:0:12', 8765, 0, 0): b' 2076,18,15,1536,0,488,6,5,5,1,1,-70,0,279,5689,121,0,0 '
Received from ('fd00::200:0:0:d', 8765, 0, 0): b' 2079,13,8,1024,20,47,5,1,7,1,3,-70,1,845,14132,35,0,0 '
Received from ('fd00::200:0:0:9', 8765, 0, 0): b' 2078,9,5,768,0,49,5,2,7,1,2,-52,0,742,14031,34,0,0 '
Received from ('fd00::200:0:0:11', 8765, 0, 0): b' 2079,17,13,1280,0,46,7,1,7,1,4,-52,0,301,7591,36,0,0 '
Received from ('fd00::200:0:0:2', 8765, 0, 0): b' 2081,2,1,512,20,405,6,1,6,1,1,-88,7,2425,14453,139,0,0 '
Received from ('fd00::200:0:0:6', 8765, 0, 0): b' 2079,6,2,768,10,33,7,6,7,1,4,-52,1,2057,10560,24,0,0 '
Received from ('fd00::200:0:0:15', 8765, 0, 0): b' 2080,21,16,1536,10,455,7,7,5,1,3,-70,0,549,7213,114,0,0 '
Received from ('fd00::200:0:0:e', 8765, 0, 0): b' 2080,14,11,1280,0,441,5,8,7,1,2,-70,0,418,4286,109,0,0 '
Received from ('fd00::200:0:0:4', 8765, 0, 0): b' 2082,4,1,512,0,457,6,2,7,1,1,-66,0,253,5235,139,0,0 '
Received from ('fd00::200:0:0:8', 8765, 0, 0): b' 2081,8,5,768,20,438,4,11,7,2,1,-70,10,4345,29782,135,0,0 '
Received from ('fd00::200:0:0:14', 8765, 0, 0): b' 2081,20,16,1536,0,481,7,5,7,1,3,-52,0,386,4910,120,0,0 '
Received from ('fd00::200:0:0:5', 8765, 0, 0): b' 2082,5,1,512,10,435,6,1,6,2,1,-94,10,3691,21486,139,0,0 '
Received from ('fd00::200:0:0:c', 8765, 0, 0): b' 2082,12,8,1024,10,39,7,14,7,1,4,-52,2,1422,14587,37,0,0 '
Received from ('fd00::200:0:0:13', 8765, 0, 0): b' 2081,19,15,1536,0,441,7,6,7,1,2,-52,0,614,7969,118,0,0 '
Received from ('fd00::200:0:0:3', 8765, 0, 0): b' 2082,3,1,512,0,425,6,1,7,1,1,-64,6,688,10334,138,0,0 '
Received from ('fd00::200:0:0:1', 5678, 0, 0): b' 2084,1,0,256,0,6,0,0,4,0,0,0,10,2693,25735,2317,0,0 '
Received from ('fd00::200:0:0:12', 8765, 0, 0): b' 2082,18,15,1536,0,488,6,5,5,1,1,-70,0,279,5140,121,0,0 '
Received from ('fd00::200:0:0:d', 8765, 0, 0): b' 2083,13,8,1024,0,47,5,1,7,1,3,-70,1,573,6828,35,0,0 '
Received from ('fd00::200:0:0:f', 8765, 0, 0): b' 2083,15,12,1280,10,428,7,14,7,1,3,-70,2,1641,15573,131,0,0 '
Received from ('fd00::200:0:0:2', 8765, 0, 0): b' 2085,2,1,512,0,405,6,1,6,1,1,-88,7,936,8914,139,0,0 '
Received from ('fd00::200:0:0:b', 8765, 0, 0): b' 2084,11,8,1024,0,442,2,23,7,1,1,-70,6,2167,15963,96,0,0 '
Received from ('fd00::200:0:0:e', 8765, 0, 0): b' 2086,14,11,1280,0,442,5,8,7,1,2,-70,0,386,6011,109,0,0 '
Received from ('fd00::200:0:0:7', 8765, 0, 0): b' 2088,7,2,768,0,474,8,8,7,1,2,-70,5,1126,15215,133,0,0 '
Received from ('fd00::200:0:0:10', 8765, 0, 0): b' 2087,16,11,1280,10,442,7,16,7,1,3,-70,2,1303,17055,105,0,0 '
Received from ('fd00::200:0:0:13', 8765, 0, 0): b' 2087,19,15,1536,0,443,7,6,7,1,2,-52,0,549,5717,119,0,0 '
Received from ('fd00::200:0:0:6', 8765, 0, 0): b' 2088,6,2,768,0,36,7,6,7,1,4,-52,1,893,8584,25,0,0 '
Received from ('fd00::200:0:0:5', 8765, 0, 0): b' 2088,5,1,512,0,435,6,1,6,2,1,-94,10,2240,15754,139,0,0 '
Received from ('fd00::200:0:0:8', 8765, 0, 0): b' 2088,8,5,768,0,440,4,11,7,2,1,-70,10,2756,17740,135,0,0 '
Received from ('fd00::200:0:0:9', 8765, 0, 0): b' 2089,9,5,768,0,50,5,2,7,1,2,-52,0,430,11352,34,0,0 '
Received from ('fd00::200:0:0:15', 8765, 0, 0): b' 2089,21,16,1536,10,458,7,7,5,1,3,-70,0,719,9629,115,0,0 '
Received from ('fd00::200:0:0:11', 8765, 0, 0): b' 2090,17,13,1280,0,46,7,1,7,1,4,-52,0,502,10393,37,0,0 '
Received from ('fd00::200:0:0:2', 8765, 0, 0): b' 2091,2,1,512,0,406,6,1,6,1,1,-88,7,1002,11671,140,0,0 '
Received from ('fd00::200:0:0:14', 8765, 0, 0): b' 2089,20,16,1536,0,481,7,5,7,1,3,-52,0,456,7845,121,0,0 '
Received from ('fd00::200:0:0:c', 8765, 0, 0): b' 2089,12,8,1024,0,40,7,14,7,1,4,-52,2,1311,11463,38,0,0 '
Received from ('fd00::200:0:0:12', 8765, 0, 0): b' 2089,18,15,1536,0,491,6,5,5,1,1,-70,0,680,7509,122,0,0 '
Received from ('fd00::200:0:0:1', 5678, 0, 0): b' 2092,1,0,256,0,6,0,0,4,0,0,0,10,1665,20103,2326,0,0 '
Received from ('fd00::200:0:0:a', 8765, 0, 0): b' 2049,10,6,1280,80,12,1,3,7,0,1,-52,0,405,5988,13,0,0 '
Received from ('fd00::200:0:0:a', 8765, 0, 0): b' 2056,10,6,1280,90,12,1,3,7,0,1,-52,0,266,5992,13,0,0 '
Received from ('fd00::200:0:0:4', 8765, 0, 0): b' 2093,4,1,512,0,459,6,2,7,1,1,-66,0,734,14045,140,0,0 '
Received from ('fd00::200:0:0:3', 8765, 0, 0): b' 2092,3,1,512,0,426,6,1,7,1,1,-64,6,604,12323,139,0,0 '
Received from ('fd00::200:0:0:a', 8765, 0, 0): b' 2065,10,6,1280,80,12,1,3,7,0,1,-52,0,470,8406,14,0,0 '
Received from ('fd00::200:0:0:8', 8765, 0, 0): b' 2093,8,5,768,50,444,4,11,7,1,1,-70,10,2125,13402,136,0,0 '
Received from ('fd00::200:0:0:a', 8765, 0, 0): b' 2073,10,6,1280,100,13,1,3,7,0,1,-52,0,318,6882,15,0,0 '
Received from ('fd00::200:0:0:6', 8765, 0, 0): b' 2094,6,2,768,20,38,7,6,7,1,4,-52,1,1554,8758,25,0,0 '
Received from ('fd00::200:0:0:f', 8765, 0, 0): b' 2091,15,12,1280,0,430,7,14,7,1,3,-70,2,1549,14188,132,0,0 '
Received from ('fd00::200:0:0:a', 8765, 0, 0): b' 2082,10,6,1152,80,13,2,3,7,0,1,-52,0,526,7551,15,0,0 '
Received from ('fd00::200:0:0:5', 8765, 0, 0): b' 2095,5,1,512,10,436,6,1,6,2,1,-94,10,2992,18412,140,0,0 '
Received from ('fd00::200:0:0:d', 8765, 0, 0): b' 2092,13,8,1024,0,47,5,1,7,1,3,-70,1,736,11161,36,0,0 '
Received from ('fd00::200:0:0:a', 8765, 0, 0): b' 2092,10,6,1024,60,13,2,3,7,1,1,-52,0,575,9222,16,0,0 '
Received from ('fd00::200:0:0:9', 8765, 0, 0): b' 2096,9,5,768,0,53,5,2,7,1,2,-52,0,777,9211,35,0,0 '
Received from ('fd00::200:0:0:c', 8765, 0, 0): b' 2093,12,8,1024,0,40,7,15,7,1,4,-52,2,1080,6206,38,0,0 '
Received from ('fd00::200:0:0:b', 8765, 0, 0): b' 2094,11,8,1024,0,443,2,23,7,1,1,-70,6,2061,18399,97,0,0 '
Received from ('fd00::200:0:0:1', 5678, 0, 0): b' 2097,1,0,256,0,6,0,0,4,0,0,0,10,1598,14747,2336,0,0 '
Received from ('fd00::200:0:0:7', 8765, 0, 0): b' 2097,7,2,768,0,474,8,8,7,1,2,-70,5,646,12262,133,0,0 '
Received from ('fd00::200:0:0:13', 8765, 0, 0): b' 2094,19,15,1536,0,445,7,6,7,1,2,-52,0,517,7387,119,0,0 '
Received from ('fd00::200:0:0:e', 8765, 0, 0): b' 2096,14,11,1280,0,445,5,8,7,1,2,-70,0,801,9648,110,0,0 '
Received from ('fd00::200:0:0:2', 8765, 0, 0): b' 2098,2,1,512,10,409,6,1,6,1,1,-88,7,2769,16803,140,0,0 '
Received from ('fd00::200:0:0:15', 8765, 0, 0): b' 2095,21,16,1536,0,460,7,7,5,1,3,-70,0,698,6655,115,0,0 '
Received from ('fd00::200:0:0:4', 8765, 0, 0): b' 2098,4,1,512,0,460,6,2,7,1,1,-66,0,360,6379,140,0,0 '
Received from ('fd00::200:0:0:a', 8765, 0, 0): b' 2098,10,6,1024,0,14,2,3,7,1,1,-52,0,1151,7547,16,0,0 '
Received from ('fd00::200:0:0:10', 8765, 0, 0): b' 2097,16,11,1280,0,446,7,16,7,1,3,-70,2,1923,20422,106,0,0 '
Received from ('fd00::200:0:0:11', 8765, 0, 0): b' 2097,17,13,1280,10,47,7,1,7,1,4,-52,0,511,7450,38,0,0 '
Received from ('fd00::200:0:0:d', 8765, 0, 0): b' 2099,13,8,1024,0,47,5,1,7,1,3,-70,1,629,8575,36,0,0 '
Received from ('fd00::200:0:0:f', 8765, 0, 0): b' 2099,15,12,1280,0,432,7,14,7,1,3,-70,2,1015,12103,132,0,0 '
Received from ('fd00::200:0:0:14', 8765, 0, 0): b' 2099,20,16,1536,0,484,7,5,7,1,3,-52,0,676,10046,121,0,0 '
Received from ('fd00::200:0:0:15', 8765, 0, 0): b' 2100,21,16,1536,0,460,7,7,5,1,3,-70,0,228,4282,115,0,0 '
Received from ('fd00::200:0:0:12', 8765, 0, 0): b' 2099,18,15,1536,0,493,6,5,5,1,1,-70,0,638,9368,122,0,0 '
Received from ('fd00::200:0:0:3', 8765, 0, 0): b' 2102,3,1,512,0,428,6,1,7,1,1,-64,6,636,12065,139,0,0 '
Received from ('fd00::200:0:0:11', 8765, 0, 0): b' 2101,17,13,1280,0,47,7,1,7,1,4,-52,0,278,4097,38,0,0 '
Received from ('fd00::200:0:0:5', 8765, 0, 0): b' 2103,5,1,512,10,438,6,1,6,2,1,-94,10,3535,19726,140,0,0 '
Received from ('fd00::200:0:0:6', 8765, 0, 0): b' 2104,6,2,768,0,40,7,6,7,1,4,-52,1,1876,14114,26,0,0 '
Received from ('fd00::200:0:0:8', 8765, 0, 0): b' 2103,8,5,768,40,447,4,11,7,1,1,-70,10,4338,28027,136,0,0 '
Received from ('fd00::200:0:0:e', 8765, 0, 0): b' 2102,14,11,1280,0,447,5,8,7,1,2,-70,0,493,6017,110,0,0 '
Received from ('fd00::200:0:0:4', 8765, 0, 0): b' 2105,4,1,512,0,461,6,2,7,1,1,-66,0,482,8399,141,0,0 '
Received from ('fd00::200:0:0:c', 8765, 0, 0): b' 2102,12,8,1024,0,43,7,15,7,1,4,-52,2,1719,13061,39,0,0 '
Received from ('fd00::200:0:0:10', 8765, 0, 0): b' 2103,16,11,1280,0,447,7,16,7,1,3,-70,2,1033,11747,106,0,0 '
Received from ('fd00::200:0:0:1', 5678, 0, 0): b' 2106,1,0,256,0,6,0,0,4,0,0,0,10,2195,23759,2348,0,0 '
Received from ('fd00::200:0:0:b', 8765, 0, 0): b' 2104,11,8,1024,0,445,2,23,7,1,1,-70,6,2221,18982,97,0,0 '
Received from ('fd00::200:0:0:12', 8765, 0, 0): b' 2104,18,15,1536,0,494,6,5,5,1,1,-70,0,418,4812,123,0,0 '
Received from ('fd00::200:0:0:13', 8765, 0, 0): b' 2105,19,15,1536,0,447,7,6,7,1,2,-52,0,694,10336,120,0,0 '
Received from ('fd00::200:0:0:9', 8765, 0, 0): b' 2108,9,5,768,0,59,5,2,7,1,2,-52,0,1169,15255,36,0,0 '
Received from ('fd00::200:0:0:2', 8765, 0, 0): b' 2108,2,1,512,0,411,6,1,6,1,1,-88,7,1832,20083,141,0,0 '
Received from ('fd00::200:0:0:7', 8765, 0, 0): b' 2108,7,2,768,0,477,8,8,7,1,2,-70,5,879,14511,134,0,0 '
Received from ('fd00::200:0:0:15', 8765, 0, 0): b' 2108,21,16,1536,10,461,7,7,5,1,3,-70,0,508,6517,116,0,0 '
Received from ('fd00::200:0:0:a', 8765, 0, 0): b' 2109,10,6,1024,10,16,2,3,7,1,1,-52,0,916,10272,17,0,0 '
Received from ('fd00::200:0:0:14', 8765, 0, 0): b' 2108,20,16,1536,0,487,7,5,7,1,3,-52,0,778,8580,122,0,0 '
Received from ('fd00::200:0:0:1', 5678, 0, 0): b' 2111,1,0,256,0,6,0,0,4,0,0,0,10,1246,12964,2356,0,0 '
Received from ('fd00::200:0:0:e', 8765, 0, 0): b' 2109,14,11,1280,0,450,5,8,7,1,2,-70,0,680,7784,111,0,0 '
Received from ('fd00::200:0:0:b', 8765, 0, 0): b' 2110,11,8,1024,10,445,2,23,7,1,1,-70,6,1191,9424,98,0,0 '
Received from ('fd00::200:0:0:3', 8765, 0, 0): b' 2110,3,1,512,0,430,6,1,7,1,1,-64,6,590,10259,140,0,0 '
Received from ('fd00::200:0:0:6', 8765, 0, 0): b' 2112,6,2,768,0,42,7,6,7,1,4,-52,1,774,10099,26,0,0 '
Received from ('fd00::200:0:0:10', 8765, 0, 0): b' 2109,16,11,1280,0,448,7,16,7,1,3,-70,2,1088,12718,107,0,0 '
Received from ('fd00::200:0:0:f', 8765, 0, 0): b' 2110,15,12,1280,0,433,7,14,7,1,3,-70,2,1607,18147,133,0,0 '
Received from ('fd00::200:0:0:d', 8765, 0, 0): b' 2111,13,8,1024,0,48,5,1,7,1,3,-70,1,923,14565,37,0,0 '
Received from ('fd00::200:0:0:11', 8765, 0, 0): b' 2112,17,13,1280,0,47,7,1,7,1,4,-52,0,492,9589,38,0,0 '
Received from ('fd00::200:0:0:8', 8765, 0, 0): b' 2113,8,5,768,0,451,4,11,7,1,1,-70,10,4032,25608,137,0,0 '
Received from ('fd00::200:0:0:5', 8765, 0, 0): b' 2114,5,1,512,0,439,6,1,6,2,1,-94,10,4794,28155,141,0,0 '
Received from ('fd00::200:0:0:7', 8765, 0, 0): b' 2114,7,2,768,0,478,8,8,7,1,2,-70,5,589,7671,135,0,0 '
Received from ('fd00::200:0:0:c', 8765, 0, 0): b' 2113,12,8,1024,0,44,7,15,7,1,4,-52,2,1297,15084,39,0,0 '
Received from ('fd00::200:0:0:2', 8765, 0, 0): b' 2116,2,1,512,0,413,6,1,6,1,1,-88,7,2068,16157,141,0,0 '
Received from ('fd00::200:0:0:3', 8765, 0, 0): b' 2115,3,1,512,0,432,6,1,7,1,1,-64,6,491,6470,140,0,0 '
Received from ('fd00::200:0:0:4', 8765, 0, 0): b' 2116,4,1,512,10,467,6,2,7,1,1,-66,0,1031,14401,142,0,0 '
Received from ('fd00::200:0:0:13', 8765, 0, 0): b' 2114,19,15,1536,0,449,7,6,7,1,2,-52,0,695,8929,121,0,0 '
Received from ('fd00::200:0:0:a', 8765, 0, 0): b' 2117,10,6,1024,0,17,2,3,7,1,1,-52,0,507,6960,17,0,0 '
Received from ('fd00::200:0:0:8', 8765, 0, 0): b' 2117,8,5,768,20,454,4,11,7,1,1,-70,10,1339,10769,137,0,0 '
Received from ('fd00::200:0:0:12', 8765, 0, 0): b' 2115,18,15,1536,10,495,6,5,5,1,1,-70,0,587,10056,124,0,0 '
Received from ('fd00::200:0:0:10', 8765, 0, 0): b' 2116,16,11,1280,30,452,7,16,7,1,3,-70,2,1116,13781,107,0,0 '
Received from ('fd00::200:0:0:9', 8765, 0, 0): b' 2118,9,5,768,0,64,5,2,7,1,2,-52,0,980,14393,36,0,0 '
Received from ('fd00::200:0:0:11', 8765, 0, 0): b' 2117,17,13,1280,0,49,7,1,7,1,4,-52,0,523,5386,39,0,0 '
Received from ('fd00::200:0:0:b', 8765, 0, 0): b' 2117,11,8,1024,10,446,2,23,7,1,1,-70,6,998,12563,98,0,0 '
Received from ('fd00::200:0:0:6', 8765, 0, 0): b' 2120,6,2,768,0,47,7,6,7,1,4,-52,1,1542,13222,27,0,0 '
Received from ('fd00::200:0:0:5', 8765, 0, 0): b' 2120,5,1,512,10,440,6,1,6,2,1,-94,10,2164,14250,141,0,0 '
Received from ('fd00::200:0:0:d', 8765, 0, 0): b' 2118,13,8,1024,0,48,5,1,7,1,3,-70,1,830,8785,37,0,0 '
Received from ('fd00::200:0:0:15', 8765, 0, 0): b' 2115,21,16,1536,0,462,7,7,5,1,3,-70,0,532,9038,116,0,0 '
Received from ('fd00::200:0:0:f', 8765, 0, 0): b' 2118,15,12,1280,0,435,7,14,7,1,3,-70,2,1314,12962,133,0,0 '
Received from ('fd00::200:0:0:1', 5678, 0, 0): b' 2121,1,0,256,0,6,0,0,4,0,0,0,10,2498,28361,2365,0,0 '
Received from ('fd00::200:0:0:7', 8765, 0, 0): b' 2121,7,2,768,0,483,8,8,7,1,2,-70,5,811,9392,135,0,0 '
Received from ('fd00::200:0:0:3', 8765, 0, 0): b' 2121,3,1,512,10,433,6,1,7,1,1,-64,6,359,6676,141,0,0 '
Received from ('fd00::200:0:0:a', 8765, 0, 0): b' 2122,10,6,1024,0,17,2,3,7,1,1,-52,0,461,5188,18,0,0 '
Received from ('fd00::200:0:0:14', 8765, 0, 0): b' 2118,20,16,1536,0,488,7,5,7,1,3,-52,0,611,10387,123,0,0 '
Received from ('fd00::200:0:0:2', 8765, 0, 0): b' 2123,2,1,512,10,417,6,1,6,1,1,-88,7,1904,15267,142,0,0 '
Received from ('fd00::200:0:0:e', 8765, 0, 0): b' 2119,14,11,1280,0,451,5,8,7,1,2,-70,0,531,9909,111,0,0 '
Received from ('fd00::200:0:0:4', 8765, 0, 0): b' 2124,4,1,512,0,470,6,2,7,1,1,-66,0,923,11441,142,0,0 '
Received from ('fd00::200:0:0:c', 8765, 0, 0): b' 2121,12,8,1024,0,48,7,15,7,1,4,-52,2,1779,13435,40,0,0 '
Received from ('fd00::200:0:0:10', 8765, 0, 0): b' 2122,16,11,1280,10,453,7,16,7,1,3,-70,2,1098,11215,108,0,0 '
Received from ('fd00::200:0:0:8', 8765, 0, 0): b' 2125,8,5,768,60,456,4,11,7,1,1,-70,10,3665,23937,138,0,0 '
Received from ('fd00::200:0:0:13', 8765, 0, 0): b' 2123,19,15,1536,0,452,7,6,7,1,2,-52,0,624,8503,121,0,0 '
Received from ('fd00::200:0:0:12', 8765, 0, 0): b' 2124,18,15,1536,0,497,6,5,5,1,1,-70,0,544,8294,124,0,0 '
Received from ('fd00::200:0:0:d', 8765, 0, 0): b' 2124,13,8,1024,0,49,5,1,7,1,3,-70,1,700,9201,38,0,0 '
Received from ('fd00::200:0:0:14', 8765, 0, 0): b' 2124,20,16,1536,0,489,7,5,7,1,3,-52,0,387,5401,123,0,0 '
Received from ('fd00::200:0:0:11', 8765, 0, 0): b' 2125,17,13,1280,10,52,7,1,7,1,4,-52,0,719,7841,39,0,0 '
Received from ('fd00::200:0:0:4', 8765, 0, 0): b' 2129,4,1,512,10,472,6,2,7,1,1,-66,0,370,5228,143,0,0 '
Received from ('fd00::200:0:0:b', 8765, 0, 0): b' 2126,11,8,1024,0,449,2,23,7,1,1,-70,6,2230,16906,99,0,0 '
Received from ('fd00::200:0:0:15', 8765, 0, 0): b' 2126,21,16,1536,0,463,7,7,5,1,3,-70,0,611,9685,117,0,0 '
Received from ('fd00::200:0:0:1', 5678, 0, 0): b' 2130,1,0,256,0,6,0,0,4,0,0,0,10,2358,22919,2380,0,0 '
Received from ('fd00::200:0:0:a', 8765, 0, 0): b' 2129,10,6,1024,10,18,2,3,7,1,1,-52,0,583,8508,18,0,0 '
Received from ('fd00::200:0:0:5', 8765, 0, 0): b' 2130,5,1,512,10,442,6,1,6,2,1,-94,10,4578,26895,142,0,0 '
Received from ('fd00::200:0:0:c', 8765, 0, 0): b' 2129,12,8,1024,10,51,7,15,7,1,4,-52,2,1158,9574,40,0,0 '
Received from ('fd00::200:0:0:e', 8765, 0, 0): b' 2128,14,11,1280,0,452,5,8,7,1,2,-70,0,557,8221,112,0,0 '
Received from ('fd00::200:0:0:9', 8765, 0, 0): b' 2130,9,5,768,0,70,5,2,7,1,2,-52,0,1170,14901,37,0,0 '
Received from ('fd00::200:0:0:f', 8765, 0, 0): b' 2128,15,12,1280,0,437,7,14,7,1,3,-70,2,1507,16554,134,0,0 '
Received from ('fd00::200:0:0:3', 8765, 0, 0): b' 2131,3,1,512,0,435,6,1,7,1,1,-64,6,781,12455,141,0,0 '
Received from ('fd00::200:0:0:7', 8765, 0, 0): b' 2131,7,2,768,0,484,8,8,7,1,2,-70,5,803,12298,136,0,0 '
Received from ('fd00::200:0:0:6', 8765, 0, 0): b' 2132,6,2,768,0,49,7,6,7,1,4,-52,1,1300,17717,28,0,0 '
Received from ('fd00::200:0:0:2', 8765, 0, 0): b' 2133,2,1,512,0,421,6,1,6,1,1,-88,7,2252,21842,142,0,0 '
Received from ('fd00::200:0:0:13', 8765, 0, 0): b' 2131,19,15,1536,10,455,7,6,7,1,2,-52,0,791,8433,122,0,0 '
Received from ('fd00::200:0:0:a', 8765, 0, 0): b' 2135,10,6,1024,0,18,2,3,7,1,1,-52,0,362,6492,19,0,0 '
Received from ('fd00::200:0:0:8', 8765, 0, 0): b' 2134,8,5,768,10,457,4,11,7,1,1,-70,10,3063,21454,138,0,0 '
Received from ('fd00::200:0:0:10', 8765, 0, 0): b' 2133,16,11,1280,0,456,7,16,7,1,3,-70,2,1726,20521,108,0,0 '
Received from ('fd00::200:0:0:11', 8765, 0, 0): b' 2134,17,13,1280,10,54,7,1,7,1,4,-52,0,489,8300,40,0,0 '
Received from ('fd00::200:0:0:d', 8765, 0, 0): b' 2135,13,8,1024,10,50,5,1,7,1,3,-70,1,990,12458,38,0,0 '
Received from ('fd00::200:0:0:6', 8765, 0, 0): b' 2137,6,2,768,0,50,7,6,7,1,4,-52,1,738,7855,28,0,0 '
Received from ('fd00::200:0:0:3', 8765, 0, 0): b' 2136,3,1,512,10,436,6,1,7,1,1,-64,5,432,6906,142,0,0 '
Received from ('fd00::200:0:0:b', 8765, 0, 0): b' 2135,11,8,1024,10,449,2,23,7,1,1,-70,6,1426,13743,99,0,0 '
Received from ('fd00::200:0:0:4', 8765, 0, 0): b' 2137,4,1,512,0,476,6,2,7,1,1,-66,0,901,11180,143,0,0 '
Received from ('fd00::200:0:0:14', 8765, 0, 0): b' 2134,20,16,1536,0,491,7,5,7,1,3,-52,0,766,9668,124,0,0 '
Received from ('fd00::200:0:0:5', 8765, 0, 0): b' 2138,5,1,512,10,447,6,1,6,2,1,-94,10,3579,19819,142,0,0 '
Received from ('fd00::200:0:0:12', 8765, 0, 0): b' 2135,18,15,1536,0,501,6,5,5,1,1,-70,0,902,10264,125,0,0 '
Received from ('fd00::200:0:0:c', 8765, 0, 0): b' 2136,12,8,1024,0,53,7,15,7,1,4,-52,2,1292,10642,41,0,0 '
Received from ('fd00::200:0:0:13', 8765, 0, 0): b' 2135,19,15,1536,10,456,7,6,7,1,2,-52,0,363,3955,122,0,0 '
Received from ('fd00::200:0:0:9', 8765, 0, 0): b' 2138,9,5,768,10,73,5,2,7,1,2,-52,0,598,9908,38,0,0 '
Received from ('fd00::200:0:0:8', 8765, 0, 0): b' 2139,8,5,768,40,458,4,11,7,1,1,-70,10,2376,15260,139,0,0 '
Received from ('fd00::200:0:0:7', 8765, 0, 0): b' 2140,7,2,768,0,486,8,8,7,1,2,-70,5,757,11536,136,0,0 '
Received from ('fd00::200:0:0:1', 5678, 0, 0): b' 2141,1,0,256,0,6,0,0,4,0,0,0,10,2959,30538,2396,0,0 '
Received from ('fd00::200:0:0:15', 8765, 0, 0): b' 2137,21,16,1536,0,465,7,7,5,1,3,-70,0,694,9541,118,0,0 '
Received from ('fd00::200:0:0:f', 8765, 0, 0): b' 2138,15,12,1280,0,437,7,14,7,1,3,-70,2,1501,16320,135,0,0 '
Received from ('fd00::200:0:0:3', 8765, 0, 0): b' 2141,3,1,512,0,438,6,1,7,1,1,-64,5,598,6844,142,0,0 '
Received from ('fd00::200:0:0:e', 8765, 0, 0): b' 2139,14,11,1280,10,454,5,8,7,1,2,-70,0,694,9810,113,0,0 '
Received from ('fd00::200:0:0:2', 8765, 0, 0): b' 2143,2,1,512,0,426,6,1,6,1,1,-88,7,2305,19739,143,0,0 '
Received from ('fd00::200:0:0:11', 8765, 0, 0): b' 2141,17,13,1280,0,57,7,1,7,1,4,-52,0,883,7824,41,0,0 '
Received from ('fd00::200:0:0:10', 8765, 0, 0): b' 2141,16,11,1280,0,456,7,16,7,1,3,-70,2,967,15104,109,0,0 '
Received from ('fd00::200:0:0:5', 8765, 0, 0): b' 2143,5,1,512,0,449,6,1,6,2,1,-94,10,2646,14758,143,0,0 '
Received from ('fd00::200:0:0:c', 8765, 0, 0): b' 2143,12,8,1024,0,54,7,15,7,1,4,-52,2,1049,9819,41,0,0 '
Received from ('fd00::200:0:0:14', 8765, 0, 0): b' 2143,20,16,1536,0,492,7,5,7,1,3,-52,0,410,6983,124,0,0 '
Received from ('fd00::200:0:0:12', 8765, 0, 0): b' 2143,18,15,1536,0,505,6,5,5,1,1,-70,0,830,7990,125,0,0 '
Received from ('fd00::200:0:0:a', 8765, 0, 0): b' 2145,10,6,1024,0,20,2,3,7,1,1,-52,0,737,11847,19,0,0 '
Received from ('fd00::200:0:0:4', 8765, 0, 0): b' 2146,4,1,512,0,477,6,2,7,1,1,-66,0,580,10028,144,0,0 '
Received from ('fd00::200:0:0:9', 8765, 0, 0): b' 2145,9,5,768,0,75,5,2,7,1,2,-52,0,763,8230,38,0,0 '
Received from ('fd00::200:0:0:8', 8765, 0, 0): b' 2145,8,5,768,20,459,4,11,7,1,1,-70,10,2137,14028,139,0,0 '
Received from ('fd00::200:0:0:e', 8765, 0, 0): b' 2143,14,11,1280,0,455,5,8,7,1,2,-70,0,387,4425,113,0,0 '
Received from ('fd00::200:0:0:b', 8765, 0, 0): b' 2144,11,8,1024,0,451,2,23,7,1,1,-70,6,1957,16743,100,0,0 '
Received from ('fd00::200:0:0:d', 8765, 0, 0): b' 2145,13,8,1024,0,51,5,1,7,1,3,-70,1,1160,14050,39,0,0 '
Received from ('fd00::200:0:0:6', 8765, 0, 0): b' 2148,6,2,768,0,53,7,6,7,1,4,-52,1,1250,17108,29,0,0 '
Received from ('fd00::200:0:0:10', 8765, 0, 0): b' 2145,16,11,1280,0,457,7,16,7,1,3,-70,2,831,8011,109,0,0 '
Received from ('fd00::200:0:0:5', 8765, 0, 0): b' 2148,5,1,512,10,450,6,1,6,2,1,-94,10,2215,12202,143,0,0 '
Received from ('fd00::200:0:0:13', 8765, 0, 0): b' 2144,19,15,1536,10,460,7,6,7,1,2,-52,0,705,8755,123,0,0 '
Received from ('fd00::200:0:0:7', 8765, 0, 0): b' 2149,7,2,768,0,487,8,8,7,1,2,-70,5,492,10830,137,0,0 '
Received from ('fd00::200:0:0:15', 8765, 0, 0): b' 2147,21,16,1536,0,469,7,7,5,1,3,-70,0,852,9570,118,0,0 '
Received from ('fd00::200:0:0:f', 8765, 0, 0): b' 2146,15,12,1280,0,442,7,14,7,1,3,-70,2,1775,14493,135,0,0 '
Received from ('fd00::200:0:0:2', 8765, 0, 0): b' 2151,2,1,512,0,428,6,1,6,1,1,-88,7,1440,15542,143,0,0 '
Received from ('fd00::200:0:0:1', 5678, 0, 0): b' 2151,1,0,256,0,6,0,0,4,0,0,0,10,2511,28208,2410,0,0 '
Received from ('fd00::200:0:0:13', 8765, 0, 0): b' 2150,19,15,1536,0,463,7,6,7,1,2,-52,0,708,5899,123,0,0 '
Received from ('fd00::200:0:0:3', 8765, 0, 0): b' 2152,3,1,512,0,441,6,1,7,1,1,-64,5,817,13037,143,0,0 '
Received from ('fd00::200:0:0:11', 8765, 0, 0): b' 2150,17,13,1280,0,60,7,1,7,1,4,-52,0,622,8647,41,0,0 '
Received from ('fd00::200:0:0:a', 8765, 0, 0): b' 2152,10,6,1024,0,21,2,3,7,1,1,-52,0,486,9107,20,0,0 '
Received from ('fd00::200:0:0:4', 8765, 0, 0): b' 2153,4,1,512,0,478,6,2,7,1,1,-66,0,478,8869,144,0,0 '
Received from ('fd00::200:0:0:5', 8765, 0, 0): b' 2153,5,1,512,0,450,6,1,6,2,1,-94,10,1948,12344,143,0,0 '
Received from ('fd00::200:0:0:9', 8765, 0, 0): b' 2152,9,5,768,0,77,5,2,7,1,2,-52,0,590,9315,39,0,0 '
Received from ('fd00::200:0:0:10', 8765, 0, 0): b' 2153,16,11,1280,0,460,7,16,7,1,3,-70,2,1038,11985,109,0,0 '
Received from ('fd00::200:0:0:b', 8765, 0, 0): b' 2152,11,8,1024,0,456,2,23,7,1,1,-70,6,2198,16011,101,0,0 '
Received from ('fd00::200:0:0:c', 8765, 0, 0): b' 2154,12,8,1024,0,55,7,15,7,1,4,-52,2,1713,15385,42,0,0 '
Received from ('fd00::200:0:0:6', 8765, 0, 0): b' 2155,6,2,768,0,55,7,6,7,1,4,-52,1,828,12257,29,0,0 '
Received from ('fd00::200:0:0:14', 8765, 0, 0): b' 2154,20,16,1536,0,493,7,5,7,1,3,-52,0,587,10302,125,0,0 '
Received from ('fd00::200:0:0:12', 8765, 0, 0): b' 2152,18,15,1536,10,507,6,5,5,1,1,-70,0,490,9173,126,0,0 '
Received from ('fd00::200:0:0:7', 8765, 0, 0): b' 2155,7,2,768,0,489,8,8,7,1,2,-70,5,612,7793,137,0,0 '
Received from ('fd00::200:0:0:e', 8765, 0, 0): b' 2154,14,11,1280,0,460,5,8,7,1,2,-70,0,1015,10367,114,0,0 '
Received from ('fd00::200:0:0:d', 8765, 0, 0): b' 2155,13,8,1024,0,53,5,1,7,1,3,-70,1,1007,12372,40,0,0 '
Received from ('fd00::200:0:0:15', 8765, 0, 0): b' 2154,21,16,1536,0,470,7,7,5,1,3,-70,0,442,6899,119,0,0 '
Received from ('fd00::200:0:0:8', 8765, 0, 0): b' 2156,8,5,768,0,461,4,11,7,1,1,-70,10,5053,32859,140,0,0 '
Received from ('fd00::200:0:0:a', 8765, 0, 0): b' 2157,10,6,1024,0,21,2,3,7,1,1,-52,0,360,5251,20,0,0 '
Received from ('fd00::200:0:0:11', 8765, 0, 0): b' 2156,17,13,1280,0,60,7,1,7,1,4,-52,0,333,5339,42,0,0 '
Received from ('fd00::200:0:0:2', 8765, 0, 0): b' 2158,2,1,512,0,428,6,1,6,1,1,-88,7,1800,15979,144,0,0 '
Received from ('fd00::200:0:0:5', 8765, 0, 0): b' 2158,5,1,512,0,453,6,1,6,2,1,-94,10,2672,13893,144,0,0 '
Received from ('fd00::200:0:0:13', 8765, 0, 0): b' 2157,19,15,1536,0,466,7,6,7,1,2,-52,0,600,6822,123,0,0 '
Received from ('fd00::200:0:0:10', 8765, 0, 0): b' 2158,16,11,1280,0,463,7,16,7,1,3,-70,2,1154,10095,110,0,0 '
Received from ('fd00::200:0:0:12', 8765, 0, 0): b' 2157,18,15,1536,0,509,6,5,5,1,1,-70,0,601,5320,126,0,0 '
Received from ('fd00::200:0:0:e', 8765, 0, 0): b' 2158,14,11,1280,0,461,5,8,7,1,2,-70,0,268,3954,114,0,0 '
Received from ('fd00::200:0:0:7', 8765, 0, 0): b' 2160,7,2,768,0,491,8,8,7,1,2,-70,5,574,6643,138,0,0 '
Received from ('fd00::200:0:0:f', 8765, 0, 0): b' 2158,15,12,1280,0,448,7,14,7,1,3,-70,2,2322,20105,136,0,0 '
Received from ('fd00::200:0:0:1', 5678, 0, 0): b' 2160,1,0,256,0,6,0,0,4,0,0,0,10,2501,25309,2420,0,0 '
Received from ('fd00::200:0:0:9', 8765, 0, 0): b' 2161,9,5,768,0,77,5,2,7,1,2,-52,0,298,8635,39,0,0 '
Received from ('fd00::200:0:0:3', 8765, 0, 0): b' 2160,3,1,512,10,446,6,1,7,1,1,-64,5,729,10919,143,0,0 '
Received from ('fd00::200:0:0:15', 8765, 0, 0): b' 2161,21,16,1536,0,471,7,7,5,1,3,-70,0,386,5240,119,0,0 '
Received from ('fd00::200:0:0:b', 8765, 0, 0): b' 2161,11,8,1024,10,460,2,23,7,1,1,-70,6,2142,15602,101,0,0 '
Received from ('fd00::200:0:0:6', 8765, 0, 0): b' 2162,6,2,768,10,57,7,6,7,1,4,-52,1,928,11831,30,0,0 '
Received from ('fd00::200:0:0:5', 8765, 0, 0): b' 2163,5,1,512,10,453,6,1,6,2,1,-94,10,1837,11253,144,0,0 '
Received from ('fd00::200:0:0:a', 8765, 0, 0): b' 2164,10,6,1024,0,21,2,3,7,1,1,-52,0,356,8469,21,0,0 '
Received from ('fd00::200:0:0:c', 8765, 0, 0): b' 2163,12,8,1024,0,59,7,15,7,1,4,-52,2,1888,14166,43,0,0 '
Received from ('fd00::200:0:0:4', 8765, 0, 0): b' 2164,4,1,512,10,479,6,2,7,1,1,-66,0,603,14300,145,0,0 '
Received from ('fd00::200:0:0:14', 8765, 0, 0): b' 2163,20,16,1536,0,495,7,5,7,1,3,-52,0,695,9216,126,0,0 '
Received from ('fd00::200:0:0:8', 8765, 0, 0): b' 2166,8,5,768,20,466,4,11,7,1,1,-70,10,3296,22645,140,0,0 '
Received from ('fd00::200:0:0:e', 8765, 0, 0): b' 2165,14,11,1280,0,464,5,8,7,1,2,-70,0,697,6966,114,0,0 '
Received from ('fd00::200:0:0:12', 8765, 0, 0): b' 2164,18,15,1536,0,511,6,5,5,1,1,-70,0,549,6312,127,0,0 '
Received from ('fd00::200:0:0:d', 8765, 0, 0): b' 2165,13,8,1024,10,54,5,1,7,1,3,-70,1,1092,13575,41,0,0 '
Received from ('fd00::200:0:0:2', 8765, 0, 0): b' 2168,2,1,512,0,430,6,1,6,1,1,-88,7,1651,19647,145,0,0 '
Received from ('fd00::200:0:0:9', 8765, 0, 0): b' 2168,9,5,768,0,79,5,2,7,1,2,-52,0,669,9201,40,0,0 '
Received from ('fd00::200:0:0:11', 8765, 0, 0): b' 2165,17,13,1280,10,62,7,1,7,1,4,-52,0,606,8191,42,0,0 '
Received from ('fd00::200:0:0:13', 8765, 0, 0): b' 2164,19,15,1536,0,469,7,6,7,1,2,-52,0,777,7481,124,0,0 '
Received from ('fd00::200:0:0:7', 8765, 0, 0): b' 2170,7,2,768,0,492,8,8,7,1,2,-70,5,625,11566,138,0,0 '
Received from ('fd00::200:0:0:3', 8765, 0, 0): b' 2170,3,1,512,0,447,6,1,7,1,1,-64,5,712,11869,144,0,0 '
Received from ('fd00::200:0:0:10', 8765, 0, 0): b' 2167,16,11,1280,0,465,7,16,7,1,3,-70,2,1657,18753,111,0,0 '
Received from ('fd00::200:0:0:1', 5678, 0, 0): b' 2171,1,0,256,0,6,0,0,4,0,0,0,10,2384,27346,2436,0,0 '
Received from ('fd00::200:0:0:f', 8765, 0, 0): b' 2167,15,12,1280,0,451,7,14,7,1,3,-70,2,1639,16857,137,0,0 '
Received from ('fd00::200:0:0:c', 8765, 0, 0): b' 2169,12,8,1024,0,60,7,15,7,1,4,-52,2,1067,8906,43,0,0 '
Received from ('fd00::200:0:0:b', 8765, 0, 0): b' 2169,11,8,1024,0,460,2,23,7,1,1,-70,6,1559,13704,102,0,0 '
Received from ('fd00::200:0:0:e', 8765, 0, 0): b' 2171,14,11,1280,0,464,5,8,7,1,2,-70,0,335,5559,115,0,0 '
Received from ('fd00::200:0:0:11', 8765, 0, 0): b' 2171,17,13,1280,0,62,7,1,7,1,4,-52,0,334,5523,43,0,0 '
Received from ('fd00::200:0:0:8', 8765, 0, 0): b' 2173,8,5,768,20,468,4,11,7,1,1,-70,10,3290,20809,141,0,0 '
Received from ('fd00::200:0:0:15', 8765, 0, 0): b' 2171,21,16,1536,10,475,7,7,5,1,3,-70,0,908,10516,120,0,0 '
Received from ('fd00::200:0:0:5', 8765, 0, 0): b' 2174,5,1,512,10,457,6,1,6,2,1,-94,10,4906,28384,145,0,0 '
Received from ('fd00::200:0:0:13', 8765, 0, 0): b' 2172,19,15,1536,10,472,7,6,7,1,2,-52,0,518,7738,124,0,0 '
Received from ('fd00::200:0:0:3', 8765, 0, 0): b' 2174,3,1,512,0,449,6,1,7,1,1,-64,5,537,5576,144,0,0 '
Received from ('fd00::200:0:0:a', 8765, 0, 0): b' 2174,10,6,1024,0,21,2,3,7,1,1,-52,0,557,12434,21,0,0 '
Received from ('fd00::200:0:0:14', 8765, 0, 0): b' 2173,20,16,1536,0,502,7,5,7,1,3,-52,0,1167,9912,126,0,0 '
Received from ('fd00::200:0:0:c', 8765, 0, 0): b' 2174,12,8,1024,0,61,7,15,7,1,4,-52,2,721,6782,43,0,0 '
Received from ('fd00::200:0:0:6', 8765, 0, 0): b' 2175,6,2,768,10,60,7,6,7,1,4,-52,1,1487,18885,31,0,0 '
Received from ('fd00::200:0:0:b', 8765, 0, 0): b' 2174,11,8,1024,0,462,2,23,7,1,1,-70,6,1167,8885,102,0,0 '
Received from ('fd00::200:0:0:7', 8765, 0, 0): b' 2177,7,2,768,0,494,8,8,7,1,2,-70,5,669,9246,139,0,0 '
Received from ('fd00::200:0:0:4', 8765, 0, 0): b' 2176,4,1,512,10,485,6,2,7,1,1,-66,0,1051,14776,146,0,0 '
Received from ('fd00::200:0:0:9', 8765, 0, 0): b' 2177,9,5,768,0,81,5,2,7,1,2,-52,0,606,10671,40,0,0 '
Received from ('fd00::200:0:0:12', 8765, 0, 0): b' 2176,18,15,1536,0,518,6,5,5,1,1,-70,0,1350,12175,128,0,0 '
Received from ('fd00::200:0:0:d', 8765, 0, 0): b' 2176,13,8,1024,0,56,5,1,7,1,3,-70,1,1160,14087,41,0,0 '
Received from ('fd00::200:0:0:8', 8765, 0, 0): b' 2178,8,5,768,20,469,4,11,7,1,1,-70,10,1990,13134,141,0,0 '
Received from ('fd00::200:0:0:2', 8765, 0, 0): b' 2178,2,1,512,10,435,6,1,6,1,1,-88,7,2594,22379,145,0,0 '
Received from ('fd00::200:0:0:f', 8765, 0, 0): b' 2177,15,12,1280,0,454,7,14,7,1,3,-70,2,1768,16086,137,0,0 '
Received from ('fd00::200:0:0:10', 8765, 0, 0): b' 2177,16,11,1280,0,469,7,16,7,1,3,-70,2,1781,20202,111,0,0 '
Received from ('fd00::200:0:0:c', 8765, 0, 0): b' 2179,12,8,1024,0,62,7,16,7,1,4,-52,2,1067,7647,44,0,0 '
Received from ('fd00::200:0:0:7', 8765, 0, 0): b' 2181,7,2,768,0,498,8,8,7,1,2,-70,5,680,5798,139,0,0 '
Received from ('fd00::200:0:0:4', 8765, 0, 0): b' 2181,4,1,512,0,485,6,2,7,1,1,-66,0,386,5848,146,0,0 '
Received from ('fd00::200:0:0:6', 8765, 0, 0): b' 2182,6,2,768,0,64,7,6,7,1,4,-52,1,1014,10867,31,0,0 '
Received from ('fd00::200:0:0:9', 8765, 0, 0): b' 2181,9,5,768,0,82,5,2,7,1,2,-52,0,358,5909,40,0,0 '
Received from ('fd00::200:0:0:11', 8765, 0, 0): b' 2178,17,13,1280,0,62,7,1,7,1,4,-52,0,301,6620,43,0,0 '
Received from ('fd00::200:0:0:1', 5678, 0, 0): b' 2182,1,0,256,0,6,0,0,4,0,0,0,10,2915,29610,2450,0,0 '
Received from ('fd00::200:0:0:13', 8765, 0, 0): b' 2178,19,15,1536,0,474,7,6,7,1,2,-52,0,657,6475,125,0,0 '
Received from ('fd00::200:0:0:15', 8765, 0, 0): b' 2180,21,16,1536,0,479,7,7,5,1,3,-70,0,911,9247,121,0,0 '
Received from ('fd00::200:0:0:3', 8765, 0, 0): b' 2183,3,1,512,0,451,6,1,7,1,1,-64,5,589,11024,145,0,0 '
Received from ('fd00::200:0:0:5', 8765, 0, 0): b' 2183,5,1,512,10,460,6,1,6,2,1,-94,10,4367,24737,145,0,0 '
Received from ('fd00::200:0:0:d', 8765, 0, 0): b' 2181,13,8,1024,0,58,5,1,7,1,3,-70,1,754,6459,42,0,0 '
Received from ('fd00::200:0:0:e', 8765, 0, 0): b' 2180,14,11,1280,0,468,5,8,7,1,2,-70,0,755,9849,115,0,0 '
Received from ('fd00::200:0:0:a', 8765, 0, 0): b' 2185,10,6,1024,0,23,2,3,7,1,1,-52,0,822,12339,22,0,0 '
Received from ('fd00::200:0:0:b', 8765, 0, 0): b' 2183,11,8,1024,10,464,2,23,7,1,1,-70,6,1871,15774,103,0,0 '
Received from ('fd00::200:0:0:4', 8765, 0, 0): b' 2186,4,1,512,0,486,6,2,7,1,1,-66,0,359,6055,146,0,0 '
Received from ('fd00::200:0:0:14', 8765, 0, 0): b' 2183,20,16,1536,0,504,7,5,7,1,3,-52,0,695,10246,127,0,0 '
Received from ('fd00::200:0:0:12', 8765, 0, 0): b' 2183,18,15,1536,0,519,6,5,5,1,1,-70,0,413,7139,128,0,0 '
Received from ('fd00::200:0:0:11', 8765, 0, 0): b' 2186,17,13,1280,0,63,7,1,7,1,4,-52,0,561,7203,44,0,0 '
Received from ('fd00::200:0:0:10', 8765, 0, 0): b' 2187,16,11,1280,0,472,7,16,7,1,3,-70,2,1542,14112,112,0,0 '
Received from ('fd00::200:0:0:d', 8765, 0, 0): b' 2187,13,8,1024,10,60,5,1,7,1,3,-70,1,789,6986,42,0,0 '
Received from ('fd00::200:0:0:3', 8765, 0, 0): b' 2187,3,1,512,20,453,6,1,7,1,1,-64,5,360,5256,145,0,0 '
Received from ('fd00::200:0:0:8', 8765, 0, 0): b' 2189,8,5,768,10,470,4,11,7,1,1,-70,10,4083,28612,142,0,0 '
Received from ('fd00::200:0:0:a', 8765, 0, 0): b' 2189,10,6,1024,0,23,2,3,7,1,1,-52,0,253,5071,22,0,0 '
Received from ('fd00::200:0:0:9', 8765, 0, 0): b' 2189,9,5,768,0,84,5,2,7,1,2,-52,0,596,9399,41,0,0 '
Received from ('fd00::200:0:0:e', 8765, 0, 0): b' 2189,14,11,1280,0,470,5,8,7,1,2,-70,0,670,7258,116,0,0 '
Received from ('fd00::200:0:0:2', 8765, 0, 0): b' 2188,2,1,512,0,437,6,1,6,1,1,-88,7,2392,22813,146,0,0 '
Received from ('fd00::200:0:0:15', 8765, 0, 0): b' 2188,21,16,1536,0,483,7,7,5,1,3,-70,0,731,7982,121,0,0 '
Received from ('fd00::200:0:0:7', 8765, 0, 0): b' 2191,7,2,768,0,501,8,8,7,1,2,-70,5,920,13088,140,0,0 '
Received from ('fd00::200:0:0:f', 8765, 0, 0): b' 2187,15,12,1280,0,456,7,14,7,1,3,-70,2,1537,17309,138,0,0 '
Received from ('fd00::200:0:0:13', 8765, 0, 0): b' 2187,19,15,1536,10,476,7,6,7,1,2,-52,0,670,8593,126,0,0 '
Received from ('fd00::200:0:0:5', 8765, 0, 0): b' 2191,5,1,512,0,462,6,1,6,2,1,-94,10,3396,19100,146,0,0 '
Received from ('fd00::200:0:0:b', 8765, 0, 0): b' 2190,11,8,1024,0,465,2,23,7,1,1,-70,6,1359,11880,103,0,0 '
Received from ('fd00::200:0:0:c', 8765, 0, 0): b' 2191,12,8,1024,10,64,7,16,7,1,4,-52,2,1646,15788,44,0,0 '
Received from ('fd00::200:0:0:14', 8765, 0, 0): b' 2189,20,16,1536,0,504,7,5,7,1,3,-52,0,280,5187,127,0,0 '
Received from ('fd00::200:0:0:1', 5678, 0, 0): b' 2192,1,0,256,0,6,0,0,4,0,0,0,10,2651,28556,2462,0,0 '
Received from ('fd00::200:0:0:6', 8765, 0, 0): b' 2193,6,2,768,10,68,7,6,7,1,4,-52,1,1458,18132,32,0,0 '
Received from ('fd00::200:0:0:12', 8765, 0, 0): b' 2192,18,15,1536,0,520,6,5,5,1,1,-70,0,563,7838,129,0,0 '
Received from ('fd00::200:0:0:4', 8765, 0, 0): b' 2194,4,1,512,10,488,6,2,7,1,1,-66,0,589,11134,147,0,0 '
Received from ('fd00::200:0:0:15', 8765, 0, 0): b' 2193,21,16,1536,20,484,7,7,5,1,3,-70,0,255,3996,121,0,0 '
Received from ('fd00::200:0:0:9', 8765, 0, 0): b' 2195,9,5,768,0,85,5,2,7,1,2,-52,0,478,7312,41,0,0 '
Received from ('fd00::200:0:0:b', 8765, 0, 0): b' 2195,11,8,1024,10,466,2,23,7,1,1,-70,6,799,7864,103,0,0 '
Received from ('fd00::200:0:0:8', 8765, 0, 0): b' 2196,8,5,768,20,470,4,11,7,1,1,-70,10,2714,18205,142,0,0 '
Received from ('fd00::200:0:0:f', 8765, 0, 0): b' 2195,15,12,1280,0,458,7,14,7,1,3,-70,2,1112,10228,138,0,0 '
Received from ('fd00::200:0:0:a', 8765, 0, 0): b' 2196,10,6,1024,0,23,2,3,7,1,1,-52,0,384,8529,23,0,0 '
Received from ('fd00::200:0:0:14', 8765, 0, 0): b' 2193,20,16,1536,0,505,7,5,7,1,3,-52,0,418,4516,128,0,0 '
Received from ('fd00::200:0:0:c', 8765, 0, 0): b' 2196,12,8,1024,0,64,7,16,7,1,4,-52,2,814,7302,45,0,0 '
Received from ('fd00::200:0:0:13', 8765, 0, 0): b' 2194,19,15,1536,10,478,7,6,7,1,2,-52,0,412,6117,126,0,0 '
Received from ('fd00::200:0:0:2', 8765, 0, 0): b' 2199,2,1,512,0,440,6,1,6,1,1,-88,7,2005,19303,147,0,0 '
Received from ('fd00::200:0:0:d', 8765, 0, 0): b' 2196,13,8,1024,0,63,5,1,7,1,3,-70,1,898,12092,43,0,0 '
Received from ('fd00::200:0:0:11', 8765, 0, 0): b' 2197,17,13,1280,0,65,7,1,7,1,4,-52,0,636,9509,44,0,0 '
Received from ('fd00::200:0:0:3', 8765, 0, 0): b' 2199,3,1,512,0,456,6,1,7,1,1,-64,5,949,15087,146,0,0 '
Received from ('fd00::200:0:0:5', 8765, 0, 0): b' 2199,5,1,512,0,462,6,1,6,2,1,-94,10,3876,22591,147,0,0 '
Received from ('fd00::200:0:0:10', 8765, 0, 0): b' 2197,16,11,1280,0,473,7,16,7,1,3,-70,2,1870,18245,112,0,0 '
Received from ('fd00::200:0:0:4', 8765, 0, 0): b' 2200,4,1,512,0,489,6,2,7,1,1,-66,0,385,7026,147,0,0 '
Received from ('fd00::200:0:0:e', 8765, 0, 0): b' 2199,14,11,1280,0,471,5,8,7,1,2,-70,0,587,9682,117,0,0 '
Received from ('fd00::200:0:0:1', 5678, 0, 0): b' 2201,1,0,256,0,6,0,0,4,0,0,0,10,2114,23565,2477,0,0 '
Received from ('fd00::200:0:0:12', 8765, 0, 0): b' 2199,18,15,1536,10,522,6,5,5,1,1,-70,0,386,5280,129,0,0 '
Received from ('fd00::200:0:0:a', 8765, 0, 0): b' 2202,10,6,1024,0,23,2,3,7,1,1,-52,0,384,6667,23,0,0 '
Received from ('fd00::200:0:0:7', 8765, 0, 0): b' 2203,7,2,768,0,504,8,8,7,1,2,-70,5,1070,15055,141,0,0 '
Received from ('fd00::200:0:0:b', 8765, 0, 0): b' 2200,11,8,1024,20,469,2,23,7,1,1,-70,6,1583,10556,104,0,0 '
Received from ('fd00::200:0:0:14', 8765, 0, 0): b' 2198,20,16,1536,10,507,7,5,7,1,3,-52,0,469,4321,128,0,0 '
Received from ('fd00::200:0:0:13', 8765, 0, 0): b' 2202,19,15,1536,10,479,7,6,7,1,2,-52,0,470,5292,126,0,0 '
Received from ('fd00::200:0:0:6', 8765, 0, 0): b' 2203,6,2,768,0,71,7,6,7,1,4,-52,1,1314,15325,33,0,0 '
Received from ('fd00::200:0:0:9', 8765, 0, 0): b' 2204,9,5,768,0,88,5,2,7,1,2,-52,0,703,11309,42,0,0 '
Received from ('fd00::200:0:0:d', 8765, 0, 0): b' 2204,13,8,1024,10,64,5,1,7,1,3,-70,1,843,10193,43,0,0 '
Received from ('fd00::200:0:0:15', 8765, 0, 0): b' 2203,21,16,1536,0,486,7,7,5,1,3,-70,0,826,10445,122,0,0 '
Received from ('fd00::200:0:0:11', 8765, 0, 0): b' 2203,17,13,1280,0,67,7,1,7,1,4,-52,0,571,7154,45,0,0 '
Received from ('fd00::200:0:0:f', 8765, 0, 0): b' 2206,15,12,1280,10,462,7,14,7,1,3,-70,2,1886,17707,139,0,0 '
Received from ('fd00::200:0:0:1', 5678, 0, 0): b' 2206,1,0,256,0,6,0,0,4,0,0,0,10,1200,13436,2483,0,0 '
Received from ('fd00::200:0:0:2', 8765, 0, 0): b' 2206,2,1,512,20,444,6,1,6,1,1,-88,7,1847,16125,147,0,0 '
Received from ('fd00::200:0:0:7', 8765, 0, 0): b' 2207,7,2,768,0,506,8,8,7,1,2,-70,5,371,5542,141,0,0 '
Received from ('fd00::200:0:0:10', 8765, 0, 0): b' 2206,16,11,1280,0,475,7,16,7,1,3,-70,2,1346,13854,113,0,0 '
Received from ('fd00::200:0:0:14', 8765, 0, 0): b' 2205,20,16,1536,0,509,7,5,7,1,3,-52,0,574,7139,129,0,0 '
Received from ('fd00::200:0:0:8', 8765, 0, 0): b' 2207,8,5,768,10,472,4,11,7,1,1,-70,10,4885,32435,143,0,0 '
Received from ('fd00::200:0:0:a', 8765, 0, 0): b' 2207,10,6,1024,0,23,2,3,7,1,1,-52,0,332,7093,24,0,0 '
Received from ('fd00::200:0:0:c', 8765, 0, 0): b' 2207,12,8,1024,10,65,7,16,7,1,4,-52,2,1689,16075,45,0,0 '
Received from ('fd00::200:0:0:12', 8765, 0, 0): b' 2208,18,15,1536,0,525,6,5,5,1,1,-70,0,788,8240,130,0,0 '
Received from ('fd00::200:0:0:e', 8765, 0, 0): b' 2209,14,11,1280,0,474,5,8,7,1,2,-70,0,649,8846,117,0,0 '
Received from ('fd00::200:0:0:9', 8765, 0, 0): b' 2209,9,5,768,0,88,5,2,7,1,2,-52,0,275,7334,42,0,0 '
Received from ('fd00::200:0:0:1', 5678, 0, 0): b' 2210,1,0,256,0,6,0,0,4,0,0,0,10,809,10463,2486,0,0 '
Received from ('fd00::200:0:0:4', 8765, 0, 0): b' 2210,4,1,512,0,491,6,2,7,1,1,-66,0,780,12907,148,0,0 '
Received from ('fd00::200:0:0:3', 8765, 0, 0): b' 2210,3,1,512,0,456,6,1,7,1,1,-64,5,446,14068,146,0,0 '
Received from ('fd00::200:0:0:d', 8765, 0, 0): b' 2211,13,8,1024,0,67,5,1,7,1,3,-70,1,886,7884,44,0,0 '
Received from ('fd00::200:0:0:5', 8765, 0, 0): b' 2211,5,1,512,0,465,6,1,6,2,1,-94,10,4715,28275,147,0,0 '
Received from ('fd00::200:0:0:a', 8765, 0, 0): b' 2212,10,6,1024,0,23,2,3,7,1,1,-52,0,280,5681,24,0,0 '
Received from ('fd00::200:0:0:11', 8765, 0, 0): b' 2212,17,13,1280,0,68,7,1,7,1,4,-52,0,384,6486,45,0,0 '
Received from ('fd00::200:0:0:13', 8765, 0, 0): b' 2213,19,15,1536,0,480,7,6,7,1,2,-52,0,612,9834,127,0,0 '
Received from ('fd00::200:0:0:2', 8765, 0, 0): b' 2213,2,1,512,0,445,6,1,6,1,1,-88,7,1568,14506,148,0,0 '
Received from ('fd00::200:0:0:6', 8765, 0, 0): b' 2214,6,2,768,0,75,7,6,7,1,4,-52,1,1538,18894,33,0,0 '
Received from ('fd00::200:0:0:b', 8765, 0, 0): b' 2212,11,8,1024,20,470,2,23,7,1,1,-70,6,2312,21262,105,0,0 '
Received from ('fd00::200:0:0:15', 8765, 0, 0): b' 2212,21,16,1536,10,486,7,7,5,1,3,-70,0,433,6463,123,0,0 '
Received from ('fd00::200:0:0:c', 8765, 0, 0): b' 2213,12,8,1024,10,70,7,17,7,1,4,-52,2,1319,9871,46,0,0 '
Received from ('fd00::200:0:0:8', 8765, 0, 0): b' 2215,8,5,768,20,476,4,11,7,1,1,-70,10,3618,24360,144,0,0 '
Received from ('fd00::200:0:0:f', 8765, 0, 0): b' 2214,15,12,1280,0,463,7,14,7,1,3,-70,2,1308,13929,140,0,0 '
Received from ('fd00::200:0:0:7', 8765, 0, 0): b' 2217,7,2,768,10,510,8,9,7,1,2,-70,5,891,12927,141,0,0 '
Received from ('fd00::200:0:0:4', 8765, 0, 0): b' 2216,4,1,512,10,492,6,2,7,1,1,-66,0,384,7688,148,0,0 '
Received from ('fd00::200:0:0:10', 8765, 0, 0): b' 2216,16,11,1280,10,477,7,16,7,1,3,-70,2,1472,15427,114,0,0 '
Received from ('fd00::200:0:0:d', 8765, 0, 0): b' 2216,13,8,1024,0,70,5,1,7,1,3,-70,1,1045,9134,44,0,0 '
Received from ('fd00::200:0:0:1', 5678, 0, 0): b' 2218,1,0,256,0,6,0,0,4,0,0,0,10,2036,20233,2499,0,0 '
Received from ('fd00::200:0:0:13', 8765, 0, 0): b' 2218,19,15,1536,0,482,7,6,7,1,2,-52,0,469,5237,127,0,0 '
Received from ('fd00::200:0:0:e', 8765, 0, 0): b' 2218,14,11,1280,0,477,5,8,7,1,2,-70,0,848,8981,118,0,0 '
Received from ('fd00::200:0:0:2', 8765, 0, 0): b' 2219,2,1,512,0,447,6,1,6,1,1,-88,7,1433,12741,148,0,0 '
Received from ('fd00::200:0:0:5', 8765, 0, 0): b' 2219,5,1,512,0,468,6,1,6,2,1,-94,10,3551,21011,148,0,0 '
Received from ('fd00::200:0:0:14', 8765, 0, 0): b' 2219,20,16,1536,0,512,7,5,7,1,3,-52,0,769,11440,129,0,0 '
Received from ('fd00::200:0:0:12', 8765, 0, 0): b' 2219,18,15,1536,10,525,6,5,5,1,1,-70,0,424,9947,130,0,0 '
Received from ('fd00::200:0:0:6', 8765, 0, 0): b' 2220,6,2,768,0,77,7,6,7,1,4,-52,1,652,8631,34,0,0 '
Received from ('fd00::200:0:0:9', 8765, 0, 0): b' 2219,9,5,768,0,90,5,2,7,1,2,-52,0,717,12261,43,0,0 '
Received from ('fd00::200:0:0:f', 8765, 0, 0): b' 2219,15,12,1280,0,465,7,14,7,1,3,-70,2,1083,9652,140,0,0 '
Received from ('fd00::200:0:0:c', 8765, 0, 0): b' 2219,12,8,1024,0,73,7,17,7,1,4,-52,2,1566,10357,46,0,0 '
Received from ('fd00::200:0:0:b', 8765, 0, 0): b' 2221,11,8,1024,0,471,2,23,7,1,1,-70,6,1678,15694,105,0,0 '
Received from ('fd00::200:0:0:7', 8765, 0, 0): b' 2222,7,2,768,0,511,8,9,7,1,2,-70,5,552,6965,142,0,0 '
Received from ('fd00::200:0:0:3', 8765, 0, 0): b' 2222,3,1,512,0,462,6,1,7,1,1,-64,5,1163,14905,147,0,0 '
Received from ('fd00::200:0:0:15', 8765, 0, 0): b' 2222,21,16,1536,0,487,7,7,5,1,3,-70,0,435,8874,123,0,0 '
Received from ('fd00::200:0:0:a', 8765, 0, 0): b' 2223,10,6,1024,0,23,2,3,7,1,1,-52,0,585,12524,25,0,0 '
Received from ('fd00::200:0:0:11', 8765, 0, 0): b' 2221,17,13,1280,10,72,7,1,7,1,4,-52,0,823,11075,46,0,0 '
Received from ('fd00::200:0:0:10', 8765, 0, 0): b' 2222,16,11,1280,0,478,7,16,7,1,3,-70,2,1197,11964,114,0,0 '
Received from ('fd00::200:0:0:1', 5678, 0, 0): b' 2224,1,0,256,0,6,0,0,4,0,0,0,10,1665,17739,2506,0,0 '
Received from ('fd00::200:0:0:5', 8765, 0, 0): b' 2224,5,1,512,0,470,6,1,6,2,1,-94,10,2424,13357,148,0,0 '
Received from ('fd00::200:0:0:14', 8765, 0, 0): b' 2225,20,16,1536,0,513,7,5,7,1,3,-52,0,443,5726,130,0,0 '
Received from ('fd00::200:0:0:4', 8765, 0, 0): b' 2226,4,1,512,0,494,6,2,7,1,1,-66,0,711,11632,149,0,0 '
Received from ('fd00::200:0:0:b', 8765, 0, 0): b' 2225,11,8,1024,0,471,2,23,7,1,1,-70,6,1060,7906,105,0,0 '
Received from ('fd00::200:0:0:7', 8765, 0, 0): b' 2228,7,2,768,0,511,8,9,7,1,2,-70,5,276,6856,142,0,0 '
Received from ('fd00::200:0:0:8', 8765, 0, 0): b' 2227,8,5,768,50,480,4,11,7,1,1,-70,10,4794,31403,145,0,0 '
Received from ('fd00::200:0:0:6', 8765, 0, 0): b' 2228,6,2,768,0,79,7,6,7,1,4,-52,1,1046,12260,34,0,0 '
Received from ('fd00::200:0:0:f', 8765, 0, 0): b' 2225,15,12,1280,10,466,7,14,7,1,3,-70,2,790,10361,140,0,0 '
Received from ('fd00::200:0:0:a', 8765, 0, 0): b' 2228,10,6,1024,0,24,2,3,7,1,1,-52,0,406,6193,25,0,0 '
Received from ('fd00::200:0:0:e', 8765, 0, 0): b' 2225,14,11,1280,10,478,5,8,7,1,2,-70,0,410,7828,118,0,0 '
Received from ('fd00::200:0:0:9', 8765, 0, 0): b' 2228,9,5,768,10,95,5,2,7,1,2,-52,0,932,11325,44,0,0 '
Received from ('fd00::200:0:0:13', 8765, 0, 0): b' 2225,19,15,1536,0,486,7,6,7,1,2,-52,0,908,9275,128,0,0 '
Received from ('fd00::200:0:0:12', 8765, 0, 0): b' 2225,18,15,1536,0,528,6,5,5,1,1,-70,0,802,8605,131,0,0 '
Received from ('fd00::200:0:0:3', 8765, 0, 0): b' 2229,3,1,512,10,464,6,1,7,1,1,-64,5,664,9083,148,0,0 '
Received from ('fd00::200:0:0:2', 8765, 0, 0): b' 2230,2,1,512,0,448,6,1,6,1,1,-88,7,2112,21253,149,0,0 '
Received from ('fd00::200:0:0:d', 8765, 0, 0): b' 2226,13,8,1024,0,72,5,1,7,1,3,-70,1,1144,14338,45,0,0 '
Received from ('fd00::200:0:0:5', 8765, 0, 0): b' 2230,5,1,512,0,471,6,1,6,2,1,-94,10,2757,15679,149,0,0 '
Received from ('fd00::200:0:0:c', 8765, 0, 0): b' 2228,12,8,1024,0,76,7,17,7,1,4,-52,2,1607,12398,47,0,0 '
Received from ('fd00::200:0:0:4', 8765, 0, 0): b' 2232,4,1,512,0,497,6,2,7,1,1,-66,0,598,7520,149,0,0 '
Received from ('fd00::200:0:0:11', 8765, 0, 0): b' 2228,17,13,1280,0,73,7,1,7,1,4,-52,0,549,6716,47,0,0 '
Received from ('fd00::200:0:0:15', 8765, 0, 0): b' 2229,21,16,1536,0,488,7,7,5,1,3,-70,0,563,7657,124,0,0 '
Received from ('fd00::200:0:0:f', 8765, 0, 0): b' 2231,15,12,1280,0,468,7,14,7,1,3,-70,2,1159,9718,141,0,0 '
Received from ('fd00::200:0:0:a', 8765, 0, 0): b' 2232,10,6,1024,0,25,2,3,7,1,1,-52,0,467,5743,25,0,0 '
Received from ('fd00::200:0:0:d', 8765, 0, 0): b' 2231,13,8,1024,0,72,5,1,7,1,3,-70,1,453,5451,45,0,0 '
Received from ('fd00::200:0:0:8', 8765, 0, 0): b' 2232,8,5,768,30,481,4,11,7,1,1,-70,10,2593,15693,145,0,0 '
Received from ('fd00::200:0:0:10', 8765, 0, 0): b' 2230,16,11,1280,10,482,7,16,7,1,3,-70,2,1546,15106,115,0,0 '
Received from ('fd00::200:0:0:6', 8765, 0, 0): b' 2235,6,2,768,0,79,7,6,7,1,4,-52,1,734,10650,35,0,0 '
Received from ('fd00::200:0:0:3', 8765, 0, 0): b' 2234,3,1,512,0,465,6,1,7,1,1,-64,5,287,6549,148,0,0 '
Received from ('fd00::200:0:0:7', 8765, 0, 0): b' 2235,7,2,768,0,513,8,9,7,1,2,-70,5,817,9630,143,0,0 '
Received from ('fd00::200:0:0:c', 8765, 0, 0): b' 2233,12,8,1024,0,77,7,17,7,1,4,-52,2,685,7405,47,0,0 '
Received from ('fd00::200:0:0:1', 5678, 0, 0): b' 2235,1,0,256,0,6,0,0,4,0,0,0,10,2788,29958,2520,0,0 '
Received from ('fd00::200:0:0:14', 8765, 0, 0): b' 2235,20,16,1536,0,519,7,5,7,1,3,-52,0,1066,10013,130,0,0 '
Received from ('fd00::200:0:0:e', 8765, 0, 0): b' 2233,14,11,1280,0,480,5,8,7,1,2,-70,0,695,8872,119,0,0 '
Received from ('fd00::200:0:0:4', 8765, 0, 0): b' 2236,4,1,512,0,498,6,2,7,1,1,-66,0,383,5880,149,0,0 '
Received from ('fd00::200:0:0:b', 8765, 0, 0): b' 2235,11,8,1024,10,476,2,23,7,1,1,-70,6,2506,19668,106,0,0 '
Received from ('fd00::200:0:0:15', 8765, 0, 0): b' 2237,21,16,1536,0,491,7,7,5,1,3,-70,0,624,7205,124,0,0 '
Received from ('fd00::200:0:0:13', 8765, 0, 0): b' 2235,19,15,1536,0,488,7,6,7,1,2,-52,0,688,9384,129,0,0 '
Received from ('fd00::200:0:0:a', 8765, 0, 0): b' 2238,10,6,1024,10,25,2,3,7,1,1,-52,0,277,6372,26,0,0 '
Received from ('fd00::200:0:0:6', 8765, 0, 0): b' 2239,6,2,768,0,79,7,6,7,1,4,-52,1,655,7559,35,0,0 '
Received from ('fd00::200:0:0:5', 8765, 0, 0): b' 2239,5,1,512,0,474,6,1,6,2,1,-94,10,3583,21455,149,0,0 '
Received from ('fd00::200:0:0:f', 8765, 0, 0): b' 2237,15,12,1280,0,470,7,14,7,1,3,-70,2,1083,10615,141,0,0 '
Received from ('fd00::200:0:0:2', 8765, 0, 0): b' 2240,2,1,512,0,449,6,1,6,1,1,-88,7,2066,20787,149,0,0 '
Received from ('fd00::200:0:0:12', 8765, 0, 0): b' 2238,18,15,1536,10,532,6,5,5,1,1,-70,0,909,11351,132,0,0 '
Received from ('fd00::200:0:0:3', 8765, 0, 0): b' 2240,3,1,512,0,465,6,1,7,1,1,-64,5,373,6772,148,0,0 '
Received from ('fd00::200:0:0:9', 8765, 0, 0): b' 2239,9,5,768,10,96,5,2,7,1,2,-52,0,635,13601,44,0,0 '
Received from ('fd00::200:0:0:d', 8765, 0, 0): b' 2239,13,8,1024,0,74,5,1,7,1,3,-70,1,863,10304,46,0,0 '
Received from ('fd00::200:0:0:8', 8765, 0, 0): b' 2240,8,5,768,20,482,4,11,7,1,1,-70,10,2855,20153,146,0,0 '
Received from ('fd00::200:0:0:1', 5678, 0, 0): b' 2242,1,0,256,0,6,0,0,4,0,0,0,10,1577,17284,2530,0,0 '
Received from ('fd00::200:0:0:11', 8765, 0, 0): b' 2238,17,13,1280,0,76,7,1,7,1,4,-52,0,767,10601,47,0,0 '
Received from ('fd00::200:0:0:b', 8765, 0, 0): b' 2240,11,8,1024,10,477,2,23,7,1,1,-70,6,705,8066,106,0,0 '
Received from ('fd00::200:0:0:14', 8765, 0, 0): b' 2240,20,16,1536,0,519,7,5,7,1,3,-52,0,362,6817,131,0,0 '
Received from ('fd00::200:0:0:13', 8765, 0, 0): b' 2241,19,15,1536,0,489,7,6,7,1,2,-52,0,554,6456,129,0,0 '
Received from ('fd00::200:0:0:3', 8765, 0, 0): b' 2244,3,1,512,0,467,6,1,7,1,1,-64,5,444,5702,149,0,0 '
Received from ('fd00::200:0:0:7', 8765, 0, 0): b' 2245,7,2,768,0,517,8,9,7,1,2,-70,5,873,12494,143,0,0 '
Received from ('fd00::200:0:0:10', 8765, 0, 0): b' 2242,16,11,1280,0,484,7,17,7,1,3,-70,2,2055,19664,116,0,0 '
Received from ('fd00::200:0:0:a', 8765, 0, 0): b' 2246,10,6,1024,0,25,2,4,7,1,1,-52,0,522,9520,26,0,0 '
Received from ('fd00::200:0:0:4', 8765, 0, 0): b' 2246,4,1,512,0,499,6,2,7,1,1,-66,0,579,10651,150,0,0 '
Received from ('fd00::200:0:0:e', 8765, 0, 0): b' 2243,14,11,1280,0,482,5,8,7,1,2,-70,0,694,9117,120,0,0 '
Received from ('fd00::200:0:0:c', 8765, 0, 0): b' 2244,12,8,1024,20,79,7,18,7,1,4,-52,2,1813,16006,48,0,0 '
Received from ('fd00::200:0:0:15', 8765, 0, 0): b' 2244,21,16,1536,0,493,7,7,5,1,3,-70,0,670,7887,125,0,0 '
Received from ('fd00::200:0:0:12', 8765, 0, 0): b' 2244,18,15,1536,0,533,6,5,5,1,1,-70,0,413,6089,132,0,0 '
Received from ('fd00::200:0:0:d', 8765, 0, 0): b' 2244,13,8,1024,0,74,5,1,7,1,3,-70,1,629,7198,46,0,0 '
Received from ('fd00::200:0:0:13', 8765, 0, 0): b' 2246,19,15,1536,0,490,7,6,7,1,2,-52,0,404,4301,129,0,0 '
Received from ('fd00::200:0:0:3', 8765, 0, 0): b' 2249,3,1,512,0,467,6,1,7,1,1,-64,5,252,4985,149,0,0 '
Received from ('fd00::200:0:0:6', 8765, 0, 0): b' 2249,6,2,768,10,80,7,6,7,1,4,-52,1,872,15090,36,0,0 '
Received from ('fd00::200:0:0:5', 8765, 0, 0): b' 2249,5,1,512,0,475,6,1,6,2,1,-94,10,4445,26446,150,0,0 '
Received from ('fd00::200:0:0:8', 8765, 0, 0): b' 2249,8,5,768,50,487,4,12,7,1,1,-70,10,3854,24541,146,0,0 '
Received from ('fd00::200:0:0:2', 8765, 0, 0): b' 2250,2,1,512,0,453,6,1,6,1,1,-88,7,2210,20410,150,0,0 '
Received from ('fd00::200:0:0:11', 8765, 0, 0): b' 2247,17,13,1280,0,79,7,1,7,1,4,-52,0,655,7395,48,0,0 '
Received from ('fd00::200:0:0:9', 8765, 0, 0): b' 2249,9,5,768,10,101,5,2,7,1,2,-52,0,933,12660,45,0,0 '
Received from ('fd00::200:0:0:f', 8765, 0, 0): b' 2247,15,12,1280,0,472,7,14,7,1,3,-70,2,1792,17278,142,0,0 '
Received from ('fd00::200:0:0:14', 8765, 0, 0): b' 2247,20,16,1536,0,520,7,5,7,1,3,-52,0,483,6805,131,0,0 '
Received from ('fd00::200:0:0:b', 8765, 0, 0): b' 2248,11,8,1024,0,478,2,23,7,1,1,-70,6,1783,14517,107,0,0 '
Received from ('fd00::200:0:0:7', 8765, 0, 0): b' 2252,7,2,768,0,518,8,9,7,1,2,-70,5,565,8548,144,0,0 '
Received from ('fd00::200:0:0:10', 8765, 0, 0): b' 2249,16,11,1280,0,485,7,17,7,1,3,-70,2,1185,12762,116,0,0 '
Received from ('fd00::200:0:0:12', 8765, 0, 0): b' 2251,18,15,1536,0,534,6,5,5,1,1,-70,0,596,6663,132,0,0 '
Received from ('fd00::200:0:0:d', 8765, 0, 0): b' 2251,13,8,1024,0,76,5,1,7,1,3,-70,1,777,7925,46,0,0 '
Received from ('fd00::200:0:0:1', 5678, 0, 0): b' 2253,1,0,256,0,6,0,0,4,0,0,0,10,2539,28490,2541,0,0 '
Received from ('fd00::200:0:0:a', 8765, 0, 0): b' 2254,10,6,1024,0,25,2,4,7,1,1,-52,0,453,10064,27,0,0 '
Received from ('fd00::200:0:0:c', 8765, 0, 0): b' 2251,12,8,1024,0,82,7,18,7,1,4,-52,2,1589,11178,48,0,0 '
Received from ('fd00::200:0:0:15', 8765, 0, 0): b' 2250,21,16,1536,10,494,7,7,5,1,3,-70,0,386,6217,125,0,0 '
Received from ('fd00::200:0:0:f', 8765, 0, 0): b' 2252,15,12,1280,0,474,7,14,7,1,3,-70,2,990,9519,142,0,0 '
Received from ('fd00::200:0:0:3', 8765, 0, 0): b' 2257,3,1,512,0,469,6,1,7,1,1,-64,5,561,8809,150,0,0 '
Received from ('fd00::200:0:0:2', 8765, 0, 0): b' 2256,2,1,512,20,454,6,1,6,1,1,-88,7,1204,12509,151,0,0 '
Received from ('fd00::200:0:0:5', 8765, 0, 0): b' 2256,5,1,512,0,476,6,1,6,2,1,-94,10,3096,17733,150,0,0 '
Received from ('fd00::200:0:0:13', 8765, 0, 0): b' 2253,19,15,1536,0,492,7,6,7,1,2,-52,0,573,7204,130,0,0 '
Received from ('fd00::200:0:0:7', 8765, 0, 0): b' 2256,7,2,768,0,518,8,9,7,1,2,-70,5,179,5886,144,0,0 '
Received from ('fd00::200:0:0:4', 8765, 0, 0): b' 2256,4,1,512,10,500,6,2,7,1,1,-66,0,605,13365,151,0,0 '
Received from ('fd00::200:0:0:e', 8765, 0, 0): b' 2254,14,11,1280,0,483,5,8,7,1,2,-70,0,531,9923,120,0,0 '
Received from ('fd00::200:0:0:9', 8765, 0, 0): b' 2256,9,5,768,0,106,5,2,7,1,2,-52,0,892,9452,46,0,0 '
Received from ('fd00::200:0:0:11', 8765, 0, 0): b' 2255,17,13,1280,0,81,7,1,7,1,4,-52,0,636,8212,48,0,0 '
Received from ('fd00::200:0:0:1', 5678, 0, 0): b' 2259,1,0,256,0,6,0,0,4,0,0,0,10,1584,17096,2554,0,0 '
Received from ('fd00::200:0:0:6', 8765, 0, 0): b' 2259,6,2,768,0,84,7,6,7,1,4,-52,1,1477,17001,36,0,0 '
Received from ('fd00::200:0:0:c', 8765, 0, 0): b' 2257,12,8,1024,0,85,7,18,7,1,4,-52,2,1187,8764,49,0,0 '
Received from ('fd00::200:0:0:b', 8765, 0, 0): b' 2257,11,8,1024,10,478,2,23,7,1,1,-70,6,1578,15057,108,0,0 '
Received from ('fd00::200:0:0:14', 8765, 0, 0): b' 2257,20,16,1536,0,523,7,5,7,1,3,-52,0,801,9680,132,0,0 '
Received from ('fd00::200:0:0:f', 8765, 0, 0): b' 2259,15,12,1280,0,476,7,14,7,1,3,-70,2,1007,10585,143,0,0 '
Received from ('fd00::200:0:0:8', 8765, 0, 0): b' 2261,8,5,768,30,490,4,12,7,1,1,-70,10,5014,32465,147,0,0 '
Received from ('fd00::200:0:0:7', 8765, 0, 0): b' 2261,7,2,768,10,520,8,9,7,1,2,-70,5,643,7456,145,0,0 '
Received from ('fd00::200:0:0:10', 8765, 0, 0): b' 2259,16,11,1280,0,488,7,17,7,1,3,-70,2,1584,16069,117,0,0 '
Received from ('fd00::200:0:0:d', 8765, 0, 0): b' 2260,13,8,1024,10,76,5,1,7,1,3,-70,1,860,12143,47,0,0 '
Received from ('fd00::200:0:0:2', 8765, 0, 0): b' 2263,2,1,512,0,456,6,1,6,1,1,-88,7,1764,14610,151,0,0 '
Received from ('fd00::200:0:0:e', 8765, 0, 0): b' 2262,14,11,1280,0,484,5,8,7,1,2,-70,0,466,6659,121,0,0 '
Received from ('fd00::200:0:0:a', 8765, 0, 0): b' 2263,10,6,1024,10,25,2,4,7,1,1,-52,0,534,10612,27,0,0 '
Received from ('fd00::200:0:0:c', 8765, 0, 0): b' 2262,12,8,1024,10,87,7,18,7,1,4,-52,2,825,6900,49,0,0 '
Received from ('fd00::200:0:0:9', 8765, 0, 0): b' 2263,9,5,768,0,107,5,2,7,1,2,-52,0,410,8080,46,0,0 '
Received from ('fd00::200:0:0:12', 8765, 0, 0): b' 2262,18,15,1536,0,537,6,5,5,1,1,-70,0,825,10716,133,0,0 '
Received from ('fd00::200:0:0:11', 8765, 0, 0): b' 2261,17,13,1280,0,81,7,1,7,1,4,-52,0,333,6453,49,0,0 '
Received from ('fd00::200:0:0:15', 8765, 0, 0): b' 2262,21,16,1536,0,499,7,7,5,1,3,-70,0,1054,11623,126,0,0 '
Received from ('fd00::200:0:0:5', 8765, 0, 0): b' 2264,5,1,512,0,478,6,1,6,2,1,-94,10,4181,22680,151,0,0 '
Received from ('fd00::200:0:0:13', 8765, 0, 0): b' 2266,19,15,1536,0,497,7,6,7,1,2,-52,0,1039,11469,131,0,0 '
Received from ('fd00::200:0:0:b', 8765, 0, 0): b' 2265,11,8,1024,0,480,2,23,7,1,1,-70,6,1435,13016,108,0,0 '
Received from ('fd00::200:0:0:4', 8765, 0, 0): b' 2266,4,1,512,10,505,6,2,7,1,1,-66,0,1033,12994,152,0,0 '
Received from ('fd00::200:0:0:8', 8765, 0, 0): b' 2267,8,5,768,20,491,4,12,7,1,1,-70,10,2280,14670,147,0,0 '
Received from ('fd00::200:0:0:1', 5678, 0, 0): b' 2268,1,0,256,0,6,0,0,4,0,0,0,10,2045,22891,2563,0,0 '
Received from ('fd00::200:0:0:3', 8765, 0, 0): b' 2268,3,1,512,0,474,6,1,7,1,1,-64,5,1008,14663,150,0,0 '
Received from ('fd00::200:0:0:d', 8765, 0, 0): b' 2267,13,8,1024,0,77,5,1,7,1,3,-70,1,780,9717,48,0,0 '
Received from ('fd00::200:0:0:7', 8765, 0, 0): b' 2269,7,2,768,10,523,8,9,7,1,2,-70,5,664,10188,145,0,0 '
Received from ('fd00::200:0:0:6', 8765, 0, 0): b' 2270,6,2,768,0,87,7,6,7,1,4,-52,1,1292,16752,37,0,0 '
Received from ('fd00::200:0:0:14', 8765, 0, 0): b' 2269,20,16,1536,0,525,7,5,7,1,3,-52,0,718,9943,133,0,0 '
Received from ('fd00::200:0:0:b', 8765, 0, 0): b' 2270,11,8,1024,10,482,2,23,7,1,1,-70,6,1175,9991,108,0,0 '
Received from ('fd00::200:0:0:1', 5678, 0, 0): b' 2272,1,0,256,0,6,0,0,4,0,0,0,10,1420,13269,2574,0,0 '
Received from ('fd00::200:0:0:f', 8765, 0, 0): b' 2271,15,12,1280,10,478,7,14,7,1,3,-70,2,1658,18834,144,0,0 '
Received from ('fd00::200:0:0:11', 8765, 0, 0): b' 2270,17,13,1280,0,86,7,1,7,1,4,-52,0,933,8310,49,0,0 '
Received from ('fd00::200:0:0:e', 8765, 0, 0): b' 2270,14,11,1280,0,485,5,8,7,1,2,-70,0,563,8811,122,0,0 '
Received from ('fd00::200:0:0:a', 8765, 0, 0): b' 2274,10,6,1024,0,25,2,4,7,1,1,-52,0,639,12982,28,0,0 '
Received from ('fd00::200:0:0:10', 8765, 0, 0): b' 2270,16,11,1280,0,491,7,17,7,1,3,-70,2,1789,18638,117,0,0 '
Received from ('fd00::200:0:0:7', 8765, 0, 0): b' 2274,7,2,768,0,523,8,9,7,1,2,-70,5,482,5895,145,0,0 '
Received from ('fd00::200:0:0:c', 8765, 0, 0): b' 2272,12,8,1024,20,91,7,18,7,1,4,-52,2,1742,14666,50,0,0 '
Received from ('fd00::200:0:0:9', 8765, 0, 0): b' 2274,9,5,768,0,110,5,2,7,1,2,-52,0,849,13160,47,0,0 '
Received from ('fd00::200:0:0:12', 8765, 0, 0): b' 2271,18,15,1536,0,539,6,5,5,1,1,-70,0,671,8852,134,0,0 '
Received from ('fd00::200:0:0:2', 8765, 0, 0): b' 2275,2,1,512,0,461,6,1,6,1,1,-88,7,2502,24155,152,0,0 '
Received from ('fd00::200:0:0:4', 8765, 0, 0): b' 2275,4,1,512,0,511,6,2,7,1,1,-66,0,969,11932,152,0,0 '
Received from ('fd00::200:0:0:15', 8765, 0, 0): b' 2272,21,16,1536,0,500,7,7,5,1,3,-70,0,590,8855,127,0,0 '
Received from ('fd00::200:0:0:3', 8765, 0, 0): b' 2276,3,1,512,10,475,6,1,7,1,1,-64,5,557,9675,151,0,0 '
Received from ('fd00::200:0:0:8', 8765, 0, 0): b' 2276,8,5,768,20,495,4,12,7,1,1,-70,10,3603,23426,148,0,0 '
Received from ('fd00::200:0:0:5', 8765, 0, 0): b' 2276,5,1,512,10,482,6,1,6,2,1,-94,10,4875,29851,152,0,0 '
Received from ('fd00::200:0:0:10', 8765, 0, 0): b' 2274,16,11,1280,0,492,7,17,7,1,3,-70,2,822,7140,118,0,0 '
Received from ('fd00::200:0:0:e', 8765, 0, 0): b' 2274,14,11,1280,10,486,5,8,7,1,2,-70,0,362,4206,122,0,0 '
Received from ('fd00::200:0:0:7', 8765, 0, 0): b' 2278,7,2,768,0,524,8,9,7,1,2,-70,5,443,6170,146,0,0 '
Received from ('fd00::200:0:0:13', 8765, 0, 0): b' 2278,19,15,1536,0,500,7,6,7,1,2,-52,0,828,11292,132,0,0 '
Received from ('fd00::200:0:0:6', 8765, 0, 0): b' 2279,6,2,768,0,88,7,6,7,1,4,-52,1,900,15129,38,0,0 '
Received from ('fd00::200:0:0:d', 8765, 0, 0): b' 2278,13,8,1024,0,78,5,1,7,1,3,-70,1,1048,12535,48,0,0 '
Received from ('fd00::200:0:0:11', 8765, 0, 0): b' 2277,17,13,1280,0,88,7,1,7,1,4,-52,0,571,7218,50,0,0 '
Received from ('fd00::200:0:0:f', 8765, 0, 0): b' 2280,15,12,1280,0,479,7,14,7,1,3,-70,2,1267,12853,144,0,0 '
Received from ('fd00::200:0:0:8', 8765, 0, 0): b' 2281,8,5,768,50,499,4,12,7,1,1,-70,10,2414,15627,148,0,0 '
Received from ('fd00::200:0:0:5', 8765, 0, 0): b' 2281,5,1,512,0,483,6,1,6,2,1,-94,10,1827,11649,152,0,0 '
Received from ('fd00::200:0:0:4', 8765, 0, 0): b' 2281,4,1,512,0,513,6,2,7,1,1,-66,0,566,7779,153,0,0 '
Received from ('fd00::200:0:0:9', 8765, 0, 0): b' 2282,9,5,768,0,111,5,2,7,1,2,-52,0,383,8591,47,0,0 '
Received from ('fd00::200:0:0:12', 8765, 0, 0): b' 2280,18,15,1536,0,540,6,5,5,1,1,-70,0,507,7544,134,0,0 '
Received from ('fd00::200:0:0:c', 8765, 0, 0): b' 2280,12,8,1024,10,93,7,18,7,1,4,-52,2,1243,10761,50,0,0 '
Received from ('fd00::200:0:0:b', 8765, 0, 0): b' 2280,11,8,1024,20,484,2,23,7,1,1,-70,6,1903,16130,109,0,0 '
Received from ('fd00::200:0:0:10', 8765, 0, 0): b' 2279,16,11,1280,10,493,7,17,7,1,3,-70,2,616,6748,118,0,0 '
Received from ('fd00::200:0:0:3', 8765, 0, 0): b' 2284,3,1,512,0,477,6,1,7,1,1,-64,5,515,9746,151,0,0 '
Received from ('fd00::200:0:0:a', 8765, 0, 0): b' 2283,10,6,1024,0,25,2,4,7,1,1,-52,0,427,10670,29,0,0 '
Received from ('fd00::200:0:0:14', 8765, 0, 0): b' 2279,20,16,1536,0,532,7,5,7,1,3,-52,0,1076,10360,133,0,0 '
Received from ('fd00::200:0:0:1', 5678, 0, 0): b' 2284,1,0,256,0,6,0,0,4,0,0,0,10,2732,30434,2583,0,0 '
Received from ('fd00::200:0:0:e', 8765, 0, 0): b' 2280,14,11,1280,0,487,5,8,7,1,2,-70,0,387,4816,122,0,0 '
Received from ('fd00::200:0:0:2', 8765, 0, 0): b' 2284,2,1,512,0,464,6,1,6,1,1,-88,7,1940,18390,152,0,0 '
Received from ('fd00::200:0:0:15', 8765, 0, 0): b' 2279,21,16,1536,0,503,7,7,5,1,3,-70,0,624,7187,127,0,0 '
Received from ('fd00::200:0:0:6', 8765, 0, 0): b' 2284,6,2,768,10,89,7,6,7,1,4,-52,1,738,7435,38,0,0 '
Received from ('fd00::200:0:0:13', 8765, 0, 0): b' 2285,19,15,1536,0,501,7,6,7,1,2,-52,0,484,5992,132,0,0 '
Received from ('fd00::200:0:0:c', 8765, 0, 0): b' 2286,12,8,1024,0,96,7,18,7,1,4,-52,2,1132,8148,51,0,0 '
Received from ('fd00::200:0:0:9', 8765, 0, 0): b' 2287,9,5,768,0,112,5,2,7,1,2,-52,0,438,7161,48,0,0 '
Received from ('fd00::200:0:0:b', 8765, 0, 0): b' 2286,11,8,1024,0,486,2,23,7,1,1,-70,6,1475,10607,109,0,0 '
Received from ('fd00::200:0:0:7', 8765, 0, 0): b' 2288,7,2,768,0,526,8,9,7,1,2,-70,5,538,11372,146,0,0 '
Received from ('fd00::200:0:0:5', 8765, 0, 0): b' 2290,5,1,512,10,484,6,1,6,2,1,-94,10,3502,19385,152,0,0 '
Received from ('fd00::200:0:0:d', 8765, 0, 0): b' 2286,13,8,1024,0,81,5,1,7,1,3,-70,1,1049,11115,49,0,0 '
Received from ('fd00::200:0:0:15', 8765, 0, 0): b' 2285,21,16,1536,0,503,7,7,5,1,3,-70,0,335,5375,128,0,0 '
Received from ('fd00::200:0:0:11', 8765, 0, 0): b' 2285,17,13,1280,0,92,7,1,7,1,4,-52,0,729,8008,50,0,0 '
Received from ('fd00::200:0:0:e', 8765, 0, 0): b' 2286,14,11,1280,0,488,5,8,7,1,2,-70,0,442,5748,123,0,0 '
Received from ('fd00::200:0:0:8', 8765, 0, 0): b' 2291,8,5,768,70,502,4,12,7,1,1,-70,10,4278,27102,149,0,0 '
Received from ('fd00::200:0:0:3', 8765, 0, 0): b' 2292,3,1,512,0,477,6,1,7,1,1,-64,5,375,9606,152,0,0 '
Received from ('fd00::200:0:0:6', 8765, 0, 0): b' 2291,6,2,768,0,90,7,6,7,1,4,-52,1,518,9748,38,0,0 '
Received from ('fd00::200:0:0:4', 8765, 0, 0): b' 2291,4,1,512,0,515,6,2,7,1,1,-66,0,635,11977,153,0,0 '
Received from ('fd00::200:0:0:2', 8765, 0, 0): b' 2292,2,1,512,0,467,6,1,6,1,1,-88,7,1772,15660,153,0,0 '
Received from ('fd00::200:0:0:f', 8765, 0, 0): b' 2290,15,12,1280,0,483,7,14,7,1,3,-70,2,1726,16902,145,0,0 '
Received from ('fd00::200:0:0:10', 8765, 0, 0): b' 2289,16,11,1280,10,497,7,17,7,1,3,-70,2,1676,16540,119,0,0 '
Received from ('fd00::200:0:0:c', 8765, 0, 0): b' 2291,12,8,1024,0,96,7,18,7,1,4,-52,2,694,7044,51,0,0 '
Received from ('fd00::200:0:0:14', 8765, 0, 0): b' 2289,20,16,1536,0,533,7,5,7,1,3,-52,0,590,9511,134,0,0 '
Received from ('fd00::200:0:0:12', 8765, 0, 0): b' 2290,18,15,1536,10,544,6,5,5,1,1,-70,0,801,9932,135,0,0 '
Received from ('fd00::200:0:0:1', 5678, 0, 0): b' 2294,1,0,256,0,6,0,0,4,0,0,0,10,2522,27512,2599,0,0 '
Received from ('fd00::200:0:0:b', 8765, 0, 0): b' 2292,11,8,1024,0,488,2,23,7,1,1,-70,6,1642,11674,110,0,0 '
Received from ('fd00::200:0:0:5', 8765, 0, 0): b' 2295,5,1,512,0,485,6,1,6,2,1,-94,10,2606,14045,153,0,0 '
Received from ('fd00::200:0:0:a', 8765, 0, 0): b' 2294,10,6,1024,0,25,2,4,7,1,1,-52,0,582,13645,29,0,0 '
Received from ('fd00::200:0:0:11', 8765, 0, 0): b' 2292,17,13,1280,0,96,7,1,7,1,4,-52,0,882,7710,51,0,0 '
Received from ('fd00::200:0:0:15', 8765, 0, 0): b' 2293,21,16,1536,0,506,7,7,5,1,3,-70,0,721,8009,128,0,0 '
Received from ('fd00::200:0:0:13', 8765, 0, 0): b' 2294,19,15,1536,0,504,7,6,7,1,2,-52,0,801,10337,133,0,0 '
Received from ('fd00::200:0:0:12', 8765, 0, 0): b' 2297,18,15,1536,0,544,6,5,5,1,1,-70,0,411,6027,135,0,0 '
Received from ('fd00::200:0:0:8', 8765, 0, 0): b' 2297,8,5,768,0,502,4,12,7,1,1,-70,10,2486,16315,149,0,0 '
Received from ('fd00::200:0:0:6', 8765, 0, 0): b' 2297,6,2,768,0,91,7,6,7,1,4,-52,1,695,9905,39,0,0 '
Received from ('fd00::200:0:0:1', 5678, 0, 0): b' 2298,1,0,256,0,6,0,0,4,0,0,0,10,971,10511,2604,0,0 '
Received from ('fd00::200:0:0:d', 8765, 0, 0): b' 2298,13,8,1024,0,84,5,1,7,1,3,-70,1,1517,15893,50,0,0 '
Received from ('fd00::200:0:0:4', 8765, 0, 0): b' 2298,4,1,512,0,517,6,2,7,1,1,-66,0,687,9332,154,0,0 '
Received from ('fd00::200:0:0:9', 8765, 0, 0): b' 2298,9,5,768,0,113,5,2,7,1,2,-52,0,649,13306,48,0,0 '
Received from ('fd00::200:0:0:7', 8765, 0, 0): b' 2298,7,2,768,0,527,8,9,7,1,2,-70,5,734,13387,147,0,0 '
Received from ('fd00::200:0:0:e', 8765, 0, 0): b' 2298,14,11,1280,10,492,5,8,7,1,2,-70,0,769,11021,123,0,0 '
Received from ('fd00::200:0:0:15', 8765, 0, 0): b' 2297,21,16,1536,0,507,7,7,5,1,3,-70,0,321,4241,129,0,0 '
Received from ('fd00::200:0:0:5', 8765, 0, 0): b' 2300,5,1,512,0,486,6,1,6,2,1,-94,10,2228,13132,153,0,0 '
Received from ('fd00::200:0:0:f', 8765, 0, 0): b' 2299,15,12,1280,0,486,7,14,7,1,3,-70,2,1774,17569,145,0,0 '
Received from ('fd00::200:0:0:a', 8765, 0, 0): b' 2300,10,6,1024,0,26,2,4,7,1,1,-52,0,468,7972,30,0,0 '
Received from ('fd00::200:0:0:11', 8765, 0, 0): b' 2298,17,13,1280,0,97,7,1,7,1,4,-52,0,454,5816,51,0,0 '
Received from ('fd00::200:0:0:3', 8765, 0, 0): b' 2302,3,1,512,0,483,6,1,7,1,1,-64,5,1259,13711,153,0,0 '
Received from ('fd00::200:0:0:14', 8765, 0, 0): b' 2300,20,16,1536,0,535,7,5,7,1,3,-52,0,694,10302,135,0,0 '
Received from ('fd00::200:0:0:c', 8765, 0, 0): b' 2301,12,8,1024,0,98,7,18,7,1,4,-52,2,1818,16399,52,0,0 '
Received from ('fd00::200:0:0:10', 8765, 0, 0): b' 2301,16,11,1280,10,500,7,17,7,1,3,-70,2,2181,19364,119,0,0 '
Received from ('fd00::200:0:0:2', 8765, 0, 0): b' 2304,2,1,512,10,471,6,1,6,1,1,-88,7,2471,24310,154,0,0 '
Received from ('fd00::200:0:0:b', 8765, 0, 0): b' 2304,11,8,1024,0,489,2,23,7,1,1,-70,6,2173,20534,111,0,0 '
Received from ('fd00::200:0:0:6', 8765, 0, 0): b' 2303,6,2,768,0,93,7,6,7,1,4,-52,1,895,9979,39,0,0 '
Received from ('fd00::200:0:0:7', 8765, 0, 0): b' 2304,7,2,768,0,529,8,9,7,1,2,-70,5,613,7201,147,0,0 '
Received from ('fd00::200:0:0:e', 8765, 0, 0): b' 2303,14,11,1280,10,495,5,8,7,1,2,-70,0,742,6045,124,0,0 '
Received from ('fd00::200:0:0:13', 8765, 0, 0): b' 2305,19,15,1536,0,507,7,6,7,1,2,-52,0,770,10386,133,0,0 '
Received from ('fd00::200:0:0:5', 8765, 0, 0): b' 2307,5,1,512,20,488,6,1,6,2,1,-94,10,2723,16121,154,0,0 '
Received from ('fd00::200:0:0:4', 8765, 0, 0): b' 2306,4,1,512,0,518,6,2,7,1,1,-66,0,383,9448,154,0,0 '
Received from ('fd00::200:0:0:f', 8765, 0, 0): b' 2305,15,12,1280,0,487,7,14,7,1,3,-70,2,876,9687,146,0,0 '
Received from ('fd00::200:0:0:8', 8765, 0, 0): b' 2306,8,5,768,0,503,4,12,7,1,1,-70,10,3439,24488,150,0,0 '
Received from ('fd00::200:0:0:12', 8765, 0, 0): b' 2306,18,15,1536,0,546,6,5,5,1,1,-70,0,670,9253,136,0,0 '
Received from ('fd00::200:0:0:d', 8765, 0, 0): b' 2308,13,8,1024,10,85,5,1,7,1,3,-70,1,885,11481,50,0,0 '
Received from ('fd00::200:0:0:c', 8765, 0, 0): b' 2308,12,8,1024,0,101,7,18,7,1,4,-52,2,1348,9073,52,0,0 '
Received from ('fd00::200:0:0:1', 5678, 0, 0): b' 2308,1,0,256,0,6,0,0,4,0,0,0,10,2789,28692,2620,0,0 '
Received from ('fd00::200:0:0:9', 8765, 0, 0): b' 2308,9,5,768,10,114,5,2,7,1,2,-52,0,588,11874,49,0,0 '
Received from ('fd00::200:0:0:15', 8765, 0, 0): b' 2307,21,16,1536,10,509,7,7,5,1,3,-70,0,615,8333,129,0,0 '
Received from ('fd00::200:0:0:a', 8765, 0, 0): b' 2308,10,6,1024,0,26,2,4,7,1,1,-52,0,505,9865,30,0,0 '
Received from ('fd00::200:0:0:3', 8765, 0, 0): b' 2311,3,1,512,0,485,6,1,7,1,1,-64,5,516,11305,153,0,0 '
Received from ('fd00::200:0:0:2', 8765, 0, 0): b' 2312,2,1,512,0,472,6,1,6,1,1,-88,7,1549,16275,154,0,0 '
Received from ('fd00::200:0:0:b', 8765, 0, 0): b' 2313,11,8,1024,10,491,2,23,7,1,1,-70,6,1465,13998,111,0,0 '
Received from ('fd00::200:0:0:7', 8765, 0, 0): b' 2312,7,2,768,0,531,8,9,7,1,2,-70,5,695,10785,148,0,0 '
Received from ('fd00::200:0:0:14', 8765, 0, 0): b' 2311,20,16,1536,0,535,7,5,7,1,3,-52,0,505,9768,136,0,0 '
Received from ('fd00::200:0:0:4', 8765, 0, 0): b' 2313,4,1,512,0,519,6,2,7,1,1,-66,0,482,8953,155,0,0 '
Received from ('fd00::200:0:0:11', 8765, 0, 0): b' 2312,17,13,1280,0,98,7,1,7,1,4,-52,0,609,10796,52,0,0 '
Received from ('fd00::200:0:0:10', 8765, 0, 0): b' 2312,16,11,1280,0,501,7,17,7,1,3,-70,2,1398,16923,120,0,0 '
Received from ('fd00::200:0:0:6', 8765, 0, 0): b' 2314,6,2,768,0,98,7,6,7,1,4,-52,1,1417,16970,40,0,0 '
Received from ('fd00::200:0:0:e', 8765, 0, 0): b' 2313,14,11,1280,10,497,5,8,7,1,2,-70,0,518,7775,124,0,0 '
Received from ('fd00::200:0:0:1', 5678, 0, 0): b' 2315,1,0,256,0,6,0,0,4,0,0,0,10,1414,17525,2627,0,0 '
Received from ('fd00::200:0:0:9', 8765, 0, 0): b' 2315,9,5,768,0,116,5,2,7,1,2,-52,0,515,8286,49,0,0 '
Received from ('fd00::200:0:0:13', 8765, 0, 0): b' 2313,19,15,1536,0,510,7,6,7,1,2,-52,0,681,8482,134,0,0 '
Received from ('fd00::200:0:0:15', 8765, 0, 0): b' 2313,21,16,1536,0,512,7,7,5,1,3,-70,0,681,6711,130,0,0 '
Received from ('fd00::200:0:0:8', 8765, 0, 0): b' 2317,8,5,768,70,505,4,12,7,1,1,-70,10,3802,27151,151,0,0 '
Received from ('fd00::200:0:0:d', 8765, 0, 0): b' 2315,13,8,1024,0,86,5,1,7,1,3,-70,1,724,9165,51,0,0 '
Received from ('fd00::200:0:0:2', 8765, 0, 0): b' 2316,2,1,512,0,472,6,1,6,1,1,-88,7,1103,11776,155,0,0 '
Received from ('fd00::200:0:0:5', 8765, 0, 0): b' 2317,5,1,512,20,491,6,1,6,2,1,-94,10,4898,29943,154,0,0 '
Received from ('fd00::200:0:0:f', 8765, 0, 0): b' 2315,15,12,1280,0,491,7,14,7,1,3,-70,2,1785,16295,147,0,0 '
Received from ('fd00::200:0:0:12', 8765, 0, 0): b' 2315,18,15,1536,0,548,6,5,5,1,1,-70,0,597,9248,137,0,0 '
Received from ('fd00::200:0:0:b', 8765, 0, 0): b' 2318,11,8,1024,0,491,2,23,7,1,1,-70,6,1234,9432,112,0,0 '
Received from ('fd00::200:0:0:c', 8765, 0, 0): b' 2318,12,8,1024,0,106,7,18,7,1,4,-52,2,1776,14589,53,0,0 '
Received from ('fd00::200:0:0:1', 5678, 0, 0): b' 2320,1,0,256,0,6,0,0,4,0,0,0,10,1257,12809,2634,0,0 '
Received from ('fd00::200:0:0:e', 8765, 0, 0): b' 2320,14,11,1280,0,497,5,8,7,1,2,-70,0,360,7110,125,0,0 '
Received from ('fd00::200:0:0:15', 8765, 0, 0): b' 2318,21,16,1536,0,515,7,7,5,1,3,-70,0,576,5329,130,0,0 '
Received from ('fd00::200:0:0:a', 8765, 0, 0): b' 2319,10,6,1024,0,26,2,4,7,1,1,-52,0,637,13612,31,0,0 '
Received from ('fd00::200:0:0:d', 8765, 0, 0): b' 2322,13,8,1024,10,87,5,1,7,1,3,-70,1,524,8195,51,0,0 '
Received from ('fd00::200:0:0:3', 8765, 0, 0): b' 2321,3,1,512,10,490,6,1,7,1,1,-64,5,1033,13830,154,0,0 '
Received from ('fd00::200:0:0:b', 8765, 0, 0): b' 2321,11,8,1024,0,493,2,23,7,1,1,-70,6,902,8532,112,0,0 '
Received from ('fd00::200:0:0:6', 8765, 0, 0): b' 2322,6,2,768,10,100,7,6,7,1,4,-52,1,847,12723,40,0,0 '
Received from ('fd00::200:0:0:9', 8765, 0, 0): b' 2323,9,5,768,0,119,5,2,7,1,2,-52,0,801,10024,50,0,0 '
Received from ('fd00::200:0:0:f', 8765, 0, 0): b' 2322,15,12,1280,0,491,7,14,7,1,3,-70,2,800,10992,147,0,0 '
Received from ('fd00::200:0:0:10', 8765, 0, 0): b' 2323,16,11,1280,0,502,7,17,7,1,3,-70,2,1624,18560,121,0,0 '
Received from ('fd00::200:0:0:14', 8765, 0, 0): b' 2323,20,16,1536,0,543,7,5,7,1,3,-52,0,1304,12297,136,0,0 '
Received from ('fd00::200:0:0:7', 8765, 0, 0): b' 2324,7,2,768,0,535,8,9,7,1,2,-70,5,1248,15706,149,0,0 '
Received from ('fd00::200:0:0:11', 8765, 0, 0): b' 2325,17,13,1280,0,101,7,1,7,1,4,-52,0,824,11421,53,0,0 '
Received from ('fd00::200:0:0:4', 8765, 0, 0): b' 2325,4,1,512,0,522,6,2,7,1,1,-66,0,863,14168,155,0,0 '
Received from ('fd00::200:0:0:c', 8765, 0, 0): b' 2324,12,8,1024,0,108,7,18,7,1,4,-52,2,1026,10038,53,0,0 '
Received from ('fd00::200:0:0:a', 8765, 0, 0): b' 2325,10,6,1024,0,26,2,4,7,1,1,-52,0,277,6225,31,0,0 '
Received from ('fd00::200:0:0:5', 8765, 0, 0): b' 2326,5,1,512,0,494,6,1,6,2,1,-94,10,3578,20429,155,0,0 '
Received from ('fd00::200:0:0:d', 8765, 0, 0): b' 2326,13,8,1024,0,91,5,1,7,1,3,-70,1,1008,7185,51,0,0 '
Received from ('fd00::200:0:0:8', 8765, 0, 0): b' 2327,8,5,768,0,506,4,13,7,1,1,-70,10,3962,26246,151,0,0 '
Received from ('fd00::200:0:0:12', 8765, 0, 0): b' 2326,18,15,1536,0,551,6,5,5,1,1,-70,0,745,9686,137,0,0 '
Received from ('fd00::200:0:0:13', 8765, 0, 0): b' 2325,19,15,1536,0,515,7,6,7,1,2,-52,0,932,11772,135,0,0 '
Received from ('fd00::200:0:0:3', 8765, 0, 0): b' 2327,3,1,512,10,493,6,1,7,1,1,-64,5,517,7935,154,0,0 '
Received from ('fd00::200:0:0:2', 8765, 0, 0): b' 2327,2,1,512,10,473,6,1,6,1,1,-88,7,2073,21358,156,0,0 '
Received from ('fd00::200:0:0:9', 8765, 0, 0): b' 2329,9,5,768,0,121,5,2,7,1,2,-52,0,490,8059,50,0,0 '
Received from ('fd00::200:0:0:15', 8765, 0, 0): b' 2326,21,16,1536,10,518,7,7,5,1,3,-70,0,721,7962,130,0,0 '
Received from ('fd00::200:0:0:14', 8765, 0, 0): b' 2327,20,16,1536,0,543,7,5,7,1,3,-52,0,314,4531,137,0,0 '
Received from ('fd00::200:0:0:8', 8765, 0, 0): b' 2331,8,5,768,60,509,4,13,7,1,1,-70,10,1904,11546,152,0,0 '
Received from ('fd00::200:0:0:6', 8765, 0, 0): b' 2329,6,2,768,10,101,7,6,7,1,4,-52,1,1034,13076,41,0,0 '
Received from ('fd00::200:0:0:5', 8765, 0, 0): b' 2331,5,1,512,0,495,6,1,6,2,1,-94,10,2182,12544,155,0,0 '
Received from ('fd00::200:0:0:1', 5678, 0, 0): b' 2331,1,0,256,0,6,0,0,4,0,0,0,10,2820,30481,2649,0,0 '
Received from ('fd00::200:0:0:a', 8765, 0, 0): b' 2331,10,6,1024,0,27,2,4,7,1,1,-52,0,461,7033,32,0,0 '
Received from ('fd00::200:0:0:e', 8765, 0, 0): b' 2329,14,11,1280,10,500,5,8,7,1,2,-70,0,638,9571,125,0,0 '
Received from ('fd00::200:0:0:10', 8765, 0, 0): b' 2329,16,11,1280,0,502,7,17,7,1,3,-70,2,1277,11810,121,0,0 '
Received from ('fd00::200:0:0:f', 8765, 0, 0): b' 2330,15,12,1280,0,496,7,14,7,1,3,-70,2,1832,14675,148,0,0 '
Received from ('fd00::200:0:0:2', 8765, 0, 0): b' 2333,2,1,512,0,475,6,1,6,1,1,-88,7,1253,11108,156,0,0 '
Received from ('fd00::200:0:0:4', 8765, 0, 0): b' 2333,4,1,512,0,523,6,2,7,1,1,-66,0,483,10712,156,0,0 '
Received from ('fd00::200:0:0:12', 8765, 0, 0): b' 2330,18,15,1536,0,553,6,5,5,1,1,-70,0,549,4959,138,0,0 '
Received from ('fd00::200:0:0:7', 8765, 0, 0): b' 2333,7,2,768,0,538,8,9,7,1,2,-70,5,907,12855,149,0,0 '
Received from ('fd00::200:0:0:c', 8765, 0, 0): b' 2332,12,8,1024,0,111,7,18,7,1,4,-52,2,1637,11578,54,0,0 '
Received from ('fd00::200:0:0:11', 8765, 0, 0): b' 2333,17,13,1280,10,108,7,1,7,1,4,-52,0,1125,8073,53,0,0 '
Received from ('fd00::200:0:0:b', 8765, 0, 0): b' 2333,11,8,1024,0,496,2,23,7,1,1,-70,6,2604,20546,113,0,0 '
Received from ('fd00::200:0:0:d', 8765, 0, 0): b' 2333,13,8,1024,10,94,5,1,7,1,3,-70,1,1152,9891,52,0,0 '
Received from ('fd00::200:0:0:9', 8765, 0, 0): b' 2336,9,5,768,0,122,5,2,7,1,2,-52,0,466,8049,51,0,0 '
Received from ('fd00::200:0:0:3', 8765, 0, 0): b' 2335,3,1,512,10,494,6,1,7,1,1,-64,5,580,10307,155,0,0 '
Received from ('fd00::200:0:0:14', 8765, 0, 0): b' 2333,20,16,1536,0,544,7,5,7,1,3,-52,0,386,5027,137,0,0 '
Received from ('fd00::200:0:0:8', 8765, 0, 0): b' 2337,8,5,768,60,510,4,13,7,1,1,-70,10,2510,15804,152,0,0 '
Received from ('fd00::200:0:0:5', 8765, 0, 0): b' 2338,5,1,512,10,498,6,1,6,2,1,-94,10,3421,18878,156,0,0 '
Received from ('fd00::200:0:0:13', 8765, 0, 0): b' 2335,19,15,1536,0,516,7,6,7,1,2,-52,0,588,9071,136,0,0 '
Received from ('fd00::200:0:0:a', 8765, 0, 0): b' 2336,10,6,1024,0,27,2,4,7,1,1,-52,0,384,7232,32,0,0 '
Received from ('fd00::200:0:0:15', 8765, 0, 0): b' 2335,21,16,1536,0,522,7,7,5,1,3,-70,0,812,8669,131,0,0 '
Received from ('fd00::200:0:0:2', 8765, 0, 0): b' 2338,2,1,512,20,476,6,1,6,1,1,-88,7,1246,10661,156,0,0 '
Received from ('fd00::200:0:0:6', 8765, 0, 0): b' 2337,6,2,768,0,103,7,6,7,1,4,-52,1,1071,12323,42,0,0 '
Received from ('fd00::200:0:0:d', 8765, 0, 0): b' 2338,13,8,1024,0,94,5,1,7,1,3,-70,1,386,5882,52,0,0 '
Received from ('fd00::200:0:0:10', 8765, 0, 0): b' 2337,16,11,1280,0,505,7,17,7,1,3,-70,2,1289,12834,122,0,0 '
Received from ('fd00::200:0:0:11', 8765, 0, 0): b' 2340,17,13,1280,0,111,7,1,7,1,4,-52,0,747,7661,54,0,0 '
Received from ('fd00::200:0:0:12', 8765, 0, 0): b' 2339,18,15,1536,0,554,6,5,5,1,1,-70,0,507,8028,138,0,0 '
Received from ('fd00::200:0:0:1', 5678, 0, 0): b' 2341,1,0,256,0,6,0,0,4,0,0,0,10,2312,25352,2660,0,0 '
Received from ('fd00::200:0:0:9', 8765, 0, 0): b' 2341,9,5,768,0,124,5,2,7,1,2,-52,0,489,6099,51,0,0 '
Received from ('fd00::200:0:0:e', 8765, 0, 0): b' 2339,14,11,1280,0,503,5,8,7,1,2,-70,0,909,10065,126,0,0 '
Received from ('fd00::200:0:0:13', 8765, 0, 0): b' 2340,19,15,1536,0,518,7,6,7,1,2,-52,0,469,4701,136,0,0 '
Received from ('fd00::200:0:0:f', 8765, 0, 0): b' 2341,15,12,1280,0,498,7,14,7,1,3,-70,2,1747,17508,148,0,0 '
Received from ('fd00::200:0:0:3', 8765, 0, 0): b' 2341,3,1,512,0,494,6,1,7,1,1,-64,5,385,7287,155,0,0 '
Received from ('fd00::200:0:0:7', 8765, 0, 0): b' 2341,7,2,768,0,543,8,9,7,1,2,-70,5,920,10260,150,0,0 '
Received from ('fd00::200:0:0:2', 8765, 0, 0): b' 2342,2,1,512,10,476,6,1,6,1,1,-88,7,811,8583,157,0,0 '
Received from ('fd00::200:0:0:4', 8765, 0, 0): b' 2342,4,1,512,0,526,6,2,7,1,1,-66,0,818,11880,157,0,0 '
Received from ('fd00::200:0:0:c', 8765, 0, 0): b' 2343,12,8,1024,0,112,7,18,7,1,4,-52,2,1503,13694,55,0,0 '
Received from ('fd00::200:0:0:b', 8765, 0, 0): b' 2343,11,8,1024,0,497,2,23,7,1,1,-70,6,1613,16540,113,0,0 '
Received from ('fd00::200:0:0:14', 8765, 0, 0): b' 2343,20,16,1536,0,546,7,5,7,1,3,-52,0,764,9704,138,0,0 '
Received from ('fd00::200:0:0:1', 5678, 0, 0): b' 2345,1,0,256,0,6,0,0,4,0,0,0,10,1188,12010,2669,0,0 '
Received from ('fd00::200:0:0:10', 8765, 0, 0): b' 2344,16,11,1280,0,507,7,17,7,1,3,-70,2,1084,10622,122,0,0 '
Received from ('fd00::200:0:0:6', 8765, 0, 0): b' 2344,6,2,768,0,106,7,6,7,1,4,-52,1,940,10782,42,0,0 '
Received from ('fd00::200:0:0:12', 8765, 0, 0): b' 2344,18,15,1536,0,556,6,5,5,1,1,-70,0,469,4563,138,0,0 '
Received from ('fd00::200:0:0:3', 8765, 0, 0): b' 2346,3,1,512,0,494,6,1,7,1,1,-64,5,252,5107,155,0,0 '
Received from ('fd00::200:0:0:5', 8765, 0, 0): b' 2346,5,1,512,0,501,6,1,6,2,1,-94,10,4094,21998,156,0,0 '
Received from ('fd00::200:0:0:e', 8765, 0, 0): b' 2345,14,11,1280,0,504,5,8,7,1,2,-70,0,443,5812,127,0,0 '
Received from ('fd00::200:0:0:d', 8765, 0, 0): b' 2346,13,8,1024,0,98,5,1,7,1,3,-70,1,1252,11396,53,0,0 '
Received from ('fd00::200:0:0:11', 8765, 0, 0): b' 2347,17,13,1280,0,114,7,1,7,1,4,-52,0,623,6958,54,0,0 '
Received from ('fd00::200:0:0:7', 8765, 0, 0): b' 2346,7,2,768,10,546,8,9,7,1,2,-70,5,695,7039,150,0,0 '
Received from ('fd00::200:0:0:a', 8765, 0, 0): b' 2346,10,6,1024,0,27,2,4,7,1,1,-52,0,613,12281,33,0,0 '
Received from ('fd00::200:0:0:8', 8765, 0, 0): b' 2348,8,5,768,40,511,4,13,7,1,1,-70,10,4889,32757,153,0,0 '
Received from ('fd00::200:0:0:4', 8765, 0, 0): b' 2348,4,1,512,0,528,6,2,7,1,1,-66,0,491,7276,157,0,0 '
Received from ('fd00::200:0:0:f', 8765, 0, 0): b' 2347,15,12,1280,0,500,7,14,7,1,3,-70,2,990,8960,149,0,0 '
Received from ('fd00::200:0:0:13', 8765, 0, 0): b' 2347,19,15,1536,0,518,7,6,7,1,2,-52,0,279,6023,136,0,0 '
Received from ('fd00::200:0:0:2', 8765, 0, 0): b' 2349,2,1,512,0,477,6,1,6,1,1,-88,7,1547,13969,157,0,0 '
Received from ('fd00::200:0:0:c', 8765, 0, 0): b' 2349,12,8,1024,0,114,7,18,7,1,4,-52,2,1237,8927,55,0,0 '
Received from ('fd00::200:0:0:15', 8765, 0, 0): b' 2347,21,16,1536,10,526,7,7,5,1,3,-70,0,908,11108,132,0,0 '
Received from ('fd00::200:0:0:14', 8765, 0, 0): b' 2348,20,16,1536,0,546,7,5,7,1,3,-52,0,255,4899,138,0,0 '
Received from ('fd00::200:0:0:9', 8765, 0, 0): b' 2351,9,5,768,0,129,5,2,7,1,2,-52,0,1039,13443,52,0,0 '
Received from ('fd00::200:0:0:e', 8765, 0, 0): b' 2350,14,11,1280,0,505,5,8,7,1,2,-70,0,387,4907,127,0,0 '
Received from ('fd00::200:0:0:b', 8765, 0, 0): b' 2352,11,8,1024,0,498,2,23,7,1,1,-70,6,2210,17394,114,0,0 '
Received from ('fd00::200:0:0:d', 8765, 0, 0): b' 2353,13,8,1024,0,100,5,1,7,1,3,-70,1,900,9407,53,0,0 '
Received from ('fd00::200:0:0:3', 8765, 0, 0): b' 2353,3,1,512,0,495,6,1,7,1,1,-64,5,482,8775,156,0,0 '
Received from ('fd00::200:0:0:1', 5678, 0, 0): b' 2354,1,0,256,0,6,0,0,4,0,0,0,10,2212,24356,2680,0,0 '
Received from ('fd00::200:0:0:f', 8765, 0, 0): b' 2355,15,12,1280,0,501,7,14,7,1,3,-70,2,1046,12539,149,0,0 '
Received from ('fd00::200:0:0:a', 8765, 0, 0): b' 2353,10,6,1024,0,27,2,4,7,1,1,-52,0,277,7414,33,0,0 '
Received from ('fd00::200:0:0:10', 8765, 0, 0): b' 2354,16,11,1280,0,509,7,17,7,1,3,-70,2,1444,16109,123,0,0 '
Received from ('fd00::200:0:0:2', 8765, 0, 0): b' 2354,2,1,512,0,481,6,1,6,1,1,-88,7,1308,11365,157,0,0 '
Received from ('fd00::200:0:0:8', 8765, 0, 0): b' 2354,8,5,768,10,511,4,13,7,1,1,-70,10,2468,17329,153,0,0 '
Received from ('fd00::200:0:0:12', 8765, 0, 0): b' 2355,18,15,1536,0,560,6,5,5,1,1,-70,0,811,9696,139,0,0 '
Received from ('fd00::200:0:0:15', 8765, 0, 0): b' 2354,21,16,1536,0,526,7,7,5,1,3,-70,0,403,6705,132,0,0 '
Received from ('fd00::200:0:0:5', 8765, 0, 0): b' 2356,5,1,512,0,504,6,1,6,2,1,-94,10,4283,24528,157,0,0 '
Received from ('fd00::200:0:0:11', 8765, 0, 0): b' 2356,17,13,1280,10,117,7,1,7,1,4,-52,0,842,9541,55,0,0 '
Received from ('fd00::200:0:0:6', 8765, 0, 0): b' 2355,6,2,768,10,110,7,6,7,1,4,-52,1,1364,17707,43,0,0 '
Received from ('fd00::200:0:0:14', 8765, 0, 0): b' 2357,20,16,1536,0,549,7,5,7,1,3,-52,0,704,8868,139,0,0 '
Received from ('fd00::200:0:0:1', 5678, 0, 0): b' 2358,1,0,256,0,6,0,0,4,0,0,0,10,1193,11510,2685,0,0 '
Received from ('fd00::200:0:0:4', 8765, 0, 0): b' 2357,4,1,512,10,531,6,2,7,1,1,-66,0,794,11673,158,0,0 '
Received from ('fd00::200:0:0:7', 8765, 0, 0): b' 2357,7,2,768,0,547,8,9,7,1,2,-70,5,631,12765,151,0,0 '
Received from ('fd00::200:0:0:3', 8765, 0, 0): b' 2358,3,1,512,10,498,6,1,7,1,1,-64,5,466,6328,156,0,0 '
Received from ('fd00::200:0:0:c', 8765, 0, 0): b' 2359,12,8,1024,10,116,7,18,7,1,4,-52,2,1335,14866,56,0,0 '
Received from ('fd00::200:0:0:13', 8765, 0, 0): b' 2360,19,15,1536,0,522,7,6,7,1,2,-52,0,932,11486,137,0,0 '
Received from ('fd00::200:0:0:a', 8765, 0, 0): b' 2358,10,6,1024,0,27,2,4,7,1,1,-52,0,332,6506,34,0,0 '
Received from ('fd00::200:0:0:10', 8765, 0, 0): b' 2359,16,11,1280,10,510,7,17,7,1,3,-70,2,1044,8918,123,0,0 '
Received from ('fd00::200:0:0:5', 8765, 0, 0): b' 2362,5,1,512,10,508,6,1,6,2,1,-94,10,2532,14973,157,0,0 '
Received from ('fd00::200:0:0:9', 8765, 0, 0): b' 2362,9,5,768,10,132,5,2,7,1,2,-52,0,967,13323,53,0,0 '
Received from ('fd00::200:0:0:e', 8765, 0, 0): b' 2361,14,11,1280,10,510,5,8,7,1,2,-70,0,1015,10834,128,0,0 '
Received from ('fd00::200:0:0:15', 8765, 0, 0): b' 2361,21,16,1536,0,529,7,7,5,1,3,-70,0,680,7393,133,0,0 '
Received from ('fd00::200:0:0:f', 8765, 0, 0): b' 2363,15,12,1280,0,502,7,14,7,1,3,-70,2,1237,13200,150,0,0 '
Received from ('fd00::200:0:0:7', 8765, 0, 0): b' 2362,7,2,768,0,547,8,9,7,1,2,-70,5,374,5930,151,0,0 '
Received from ('fd00::200:0:0:11', 8765, 0, 0): b' 2363,17,13,1280,0,119,7,1,7,1,4,-52,0,541,7972,55,0,0 '
Received from ('fd00::200:0:0:b', 8765, 0, 0): b' 2364,11,8,1024,10,499,2,23,7,1,1,-70,6,2378,20960,115,0,0 '
Received from ('fd00::200:0:0:2', 8765, 0, 0): b' 2363,2,1,512,10,487,6,1,6,1,1,-88,7,2252,19243,158,0,0 '
Received from ('fd00::200:0:0:d', 8765, 0, 0): b' 2364,13,8,1024,0,100,5,1,7,1,3,-70,1,1189,14877,54,0,0 '
Received from ('fd00::200:0:0:8', 8765, 0, 0): b' 2364,8,5,768,10,511,4,13,7,1,1,-70,10,3730,26604,154,0,0 '
Received from ('fd00::200:0:0:14', 8765, 0, 0): b' 2363,20,16,1536,10,551,7,5,7,1,3,-52,0,484,5792,139,0,0 '
Received from ('fd00::200:0:0:4', 8765, 0, 0): b' 2365,4,1,512,20,532,6,2,7,1,1,-66,0,399,9291,158,0,0 '
Received from ('fd00::200:0:0:1', 5678, 0, 0): b' 2367,1,0,256,0,6,0,0,4,0,0,0,10,2275,23297,2698,0,0 '
Received from ('fd00::200:0:0:12', 8765, 0, 0): b' 2366,18,15,1536,0,563,6,5,5,1,1,-70,0,825,10879,140,0,0 '
Received from ('fd00::200:0:0:6', 8765, 0, 0): b' 2366,6,2,768,0,112,7,6,7,1,4,-52,1,1209,16813,44,0,0 '
Received from ('fd00::200:0:0:3', 8765, 0, 0): b' 2367,3,1,512,10,499,6,1,7,1,1,-64,5,757,11160,157,0,0 '
Received from ('fd00::200:0:0:c', 8765, 0, 0): b' 2368,12,8,1024,0,120,7,18,7,1,4,-52,2,1577,12693,56,0,0 '
Received from ('fd00::200:0:0:9', 8765, 0, 0): b' 2367,9,5,768,10,135,5,2,7,1,2,-52,0,598,8023,53,0,0 '
Received from ('fd00::200:0:0:b', 8765, 0, 0): b' 2369,11,8,1024,0,501,2,23,7,1,1,-70,6,883,7826,115,0,0 '
Received from ('fd00::200:0:0:2', 8765, 0, 0): b' 2369,2,1,512,0,488,6,1,6,1,1,-88,7,1069,11630,158,0,0 '
Received from ('fd00::200:0:0:10', 8765, 0, 0): b' 2369,16,11,1280,10,514,7,17,7,1,3,-70,2,1657,16330,124,0,0 '
Received from ('fd00::200:0:0:f', 8765, 0, 0): b' 2371,15,12,1280,0,503,7,14,7,1,3,-70,2,1077,13484,150,0,0 '
Received from ('fd00::200:0:0:a', 8765, 0, 0): b' 2369,10,6,1024,0,28,2,4,7,1,1,-52,0,664,12945,34,0,0 '
Received from ('fd00::200:0:0:13', 8765, 0, 0): b' 2372,19,15,1536,0,522,7,6,7,1,2,-52,0,602,10689,138,0,0 '
Received from ('fd00::200:0:0:7', 8765, 0, 0): b' 2371,7,2,768,0,547,8,9,7,1,2,-70,5,505,10920,152,0,0 '
Received from ('fd00::200:0:0:5', 8765, 0, 0): b' 2373,5,1,512,0,512,6,1,6,2,1,-94,10,4534,26495,158,0,0 '
Received from ('fd00::200:0:0:e', 8765, 0, 0): b' 2372,14,11,1280,0,513,5,8,7,1,2,-70,0,773,10092,128,0,0 '
Received from ('fd00::200:0:0:11', 8765, 0, 0): b' 2372,17,13,1280,0,123,7,1,7,1,4,-52,0,877,8594,56,0,0 '
Received from ('fd00::200:0:0:15', 8765, 0, 0): b' 2372,21,16,1536,0,531,7,7,5,1,3,-70,0,695,10045,134,0,0 '
Received from ('fd00::200:0:0:10', 8765, 0, 0): b' 2374,16,11,1280,0,515,7,17,7,1,3,-70,2,895,8420,124,0,0 '
Received from ('fd00::200:0:0:d', 8765, 0, 0): b' 2374,13,8,1024,0,105,5,1,7,1,3,-70,1,1383,13491,55,0,0 '
Received from ('fd00::200:0:0:b', 8765, 0, 0): b' 2376,11,8,1024,0,502,2,23,7,1,1,-70,6,1451,11957,115,0,0 '
Received from ('fd00::200:0:0:2', 8765, 0, 0): b' 2376,2,1,512,0,490,6,1,6,1,1,-88,7,1290,12217,159,0,0 '
Received from ('fd00::200:0:0:6', 8765, 0, 0): b' 2376,6,2,768,0,115,7,6,7,1,4,-52,1,1080,13794,44,0,0 '
Received from ('fd00::200:0:0:8', 8765, 0, 0): b' 2378,8,5,768,20,515,4,13,7,1,1,-70,10,4642,32266,155,0,0 '
Received from ('fd00::200:0:0:14', 8765, 0, 0): b' 2375,20,16,1536,0,554,7,5,7,1,3,-52,0,933,11670,140,0,0 '
Received from ('fd00::200:0:0:4', 8765, 0, 0): b' 2378,4,1,512,0,537,6,2,7,1,1,-66,0,1163,15571,159,0,0 '
Received from ('fd00::200:0:0:3', 8765, 0, 0): b' 2379,3,1,512,0,500,6,1,7,1,1,-64,5,694,13237,157,0,0 '
Received from ('fd00::200:0:0:1', 5678, 0, 0): b' 2378,1,0,256,0,6,0,0,4,0,0,0,10,2921,30667,2712,0,0 '
Received from ('fd00::200:0:0:f', 8765, 0, 0): b' 2377,15,12,1280,0,504,7,14,7,1,3,-70,2,968,10997,151,0,0 '
Received from ('fd00::200:0:0:9', 8765, 0, 0): b' 2381,9,5,768,0,138,5,2,7,1,2,-52,0,850,14366,54,0,0 '
Received from ('fd00::200:0:0:12', 8765, 0, 0): b' 2378,18,15,1536,0,566,6,5,5,1,1,-70,0,923,11536,141,0,0 '
Received from ('fd00::200:0:0:c', 8765, 0, 0): b' 2380,12,8,1024,0,124,7,18,7,1,4,-52,2,1891,15698,57,0,0 '
Received from ('fd00::200:0:0:5', 8765, 0, 0): b' 2380,5,1,512,0,515,6,1,6,2,1,-94,10,3722,20816,158,0,0 '
Received from ('fd00::200:0:0:e', 8765, 0, 0): b' 2379,14,11,1280,0,516,5,8,7,1,2,-70,0,657,7287,129,0,0 '
Received from ('fd00::200:0:0:6', 8765, 0, 0): b' 2381,6,2,768,0,115,7,6,7,1,4,-52,1,361,7176,44,0,0 '
Received from ('fd00::200:0:0:b', 8765, 0, 0): b' 2382,11,8,1024,10,504,2,23,7,1,1,-70,6,1317,10307,116,0,0 '
Received from ('fd00::200:0:0:14', 8765, 0, 0): b' 2380,20,16,1536,0,556,7,5,7,1,3,-52,0,373,4938,140,0,0 '
Received from ('fd00::200:0:0:a', 8765, 0, 0): b' 2381,10,6,1024,0,28,2,4,7,1,1,-52,0,638,14095,35,0,0 '
Received from ('fd00::200:0:0:7', 8765, 0, 0): b' 2383,7,2,768,0,552,8,9,7,1,2,-70,5,1162,14158,153,0,0 '
Received from ('fd00::200:0:0:13', 8765, 0, 0): b' 2381,19,15,1536,0,526,7,6,7,1,2,-52,0,934,11337,139,0,0 '
Received from ('fd00::200:0:0:8', 8765, 0, 0): b' 2385,8,5,768,20,520,4,13,7,1,1,-70,10,2956,18982,155,0,0 '
Received from ('fd00::200:0:0:11', 8765, 0, 0): b' 2382,17,13,1280,10,125,7,1,7,1,4,-52,0,586,9685,57,0,0 '
Received from ('fd00::200:0:0:3', 8765, 0, 0): b' 2385,3,1,512,0,501,6,1,7,1,1,-64,5,459,8184,158,0,0 '
Received from ('fd00::200:0:0:5', 8765, 0, 0): b' 2385,5,1,512,0,515,6,1,6,2,1,-94,10,1703,11482,159,0,0 '
Received from ('fd00::200:0:0:10', 8765, 0, 0): b' 2384,16,11,1280,0,518,7,17,7,1,3,-70,2,1549,16190,125,0,0 '
Received from ('fd00::200:0:0:d', 8765, 0, 0): b' 2386,13,8,1024,0,110,5,1,7,1,3,-70,1,1396,13431,55,0,0 '
Received from ('fd00::200:0:0:f', 8765, 0, 0): b' 2386,15,12,1280,0,505,7,14,7,1,3,-70,2,1153,11964,151,0,0 '
Received from ('fd00::200:0:0:15', 8765, 0, 0): b' 2383,21,16,1536,0,534,7,7,5,1,3,-70,0,770,10700,134,0,0 '
Received from ('fd00::200:0:0:2', 8765, 0, 0): b' 2386,2,1,512,20,492,6,1,6,1,1,-88,7,2045,20500,160,0,0 '
Received from ('fd00::200:0:0:12', 8765, 0, 0): b' 2384,18,15,1536,10,567,6,5,5,1,1,-70,0,387,6528,141,0,0 '
Received from ('fd00::200:0:0:9', 8765, 0, 0): b' 2387,9,5,768,0,140,5,2,7,1,2,-52,0,611,8865,54,0,0 '
Received from ('fd00::200:0:0:e', 8765, 0, 0): b' 2385,14,11,1280,0,519,5,8,7,1,2,-70,0,594,5674,129,0,0 '
Received from ('fd00::200:0:0:4', 8765, 0, 0): b' 2388,4,1,512,0,539,6,2,7,1,1,-66,0,615,12128,160,0,0 '
Received from ('fd00::200:0:0:c', 8765, 0, 0): b' 2386,12,8,1024,0,126,7,18,7,1,4,-52,2,1269,10427,57,0,0 '
Received from ('fd00::200:0:0:14', 8765, 0, 0): b' 2386,20,16,1536,0,557,7,5,7,1,3,-52,0,442,5512,141,0,0 '
Received from ('fd00::200:0:0:1', 5678, 0, 0): b' 2390,1,0,256,0,6,0,0,4,0,0,0,10,2639,29604,2727,0,0 '
Received from ('fd00::200:0:0:6', 8765, 0, 0): b' 2389,6,2,768,0,115,7,6,7,1,4,-52,1,916,12324,45,0,0 '
Received from ('fd00::200:0:0:11', 8765, 0, 0): b' 2388,17,13,1280,0,125,7,1,7,1,4,-52,0,386,5477,57,0,0 '
Received from ('fd00::200:0:0:e', 8765, 0, 0): b' 2389,14,11,1280,0,519,5,8,7,1,2,-70,0,255,3785,129,0,0 '
Received from ('fd00::200:0:0:5', 8765, 0, 0): b' 2391,5,1,512,0,518,6,1,6,2,1,-94,10,3163,16582,159,0,0 '
Received from ('fd00::200:0:0:f', 8765, 0, 0): b' 2390,15,12,1280,10,506,7,14,7,1,3,-70,2,877,9297,152,0,0 '
Received from ('fd00::200:0:0:d', 8765, 0, 0): b' 2391,13,8,1024,0,111,5,1,7,1,3,-70,1,701,7536,56,0,0 '
Received from ('fd00::200:0:0:b', 8765, 0, 0): b' 2390,11,8,1024,10,506,2,23,7,1,1,-70,6,2141,16864,117,0,0 '
Received from ('fd00::200:0:0:7', 8765, 0, 0): b' 2393,7,2,768,0,553,8,9,7,1,2,-70,5,554,11655,153,0,0 '
Received from ('fd00::200:0:0:12', 8765, 0, 0): b' 2390,18,15,1536,0,570,6,5,5,1,1,-70,0,601,5655,141,0,0 '
Received from ('fd00::200:0:0:1', 5678, 0, 0): b' 2394,1,0,256,0,6,0,0,4,0,0,0,10,1119,11159,2733,0,0 '
Received from ('fd00::200:0:0:3', 8765, 0, 0): b' 2394,3,1,512,0,502,6,1,7,1,1,-64,5,506,10629,159,0,0 '
Received from ('fd00::200:0:0:a', 8765, 0, 0): b' 2393,10,6,1024,0,28,2,4,7,1,1,-52,0,639,13125,36,0,0 '
Received from ('fd00::200:0:0:13', 8765, 0, 0): b' 2391,19,15,1536,0,527,7,6,7,1,2,-52,0,532,9066,139,0,0 '
Received from ('fd00::200:0:0:c', 8765, 0, 0): b' 2394,12,8,1024,0,126,7,18,7,1,4,-52,2,1135,10087,58,0,0 '
Received from ('fd00::200:0:0:8', 8765, 0, 0): b' 2396,8,5,768,50,524,4,13,7,1,1,-70,10,5050,31816,156,0,0 '
Received from ('fd00::200:0:0:14', 8765, 0, 0): b' 2393,20,16,1536,0,558,7,5,7,1,3,-52,0,507,6527,141,0,0 '
Received from ('fd00::200:0:0:15', 8765, 0, 0): b' 2393,21,16,1536,0,537,7,7,5,1,3,-70,0,803,9758,135,0,0 '
Received from ('fd00::200:0:0:4', 8765, 0, 0): b' 2397,4,1,512,0,543,6,2,7,1,1,-66,0,920,11920,160,0,0 '
Received from ('fd00::200:0:0:10', 8765, 0, 0): b' 2394,16,11,1280,0,521,7,17,7,1,3,-70,2,1907,18087,126,0,0 '
Received from ('fd00::200:0:0:5', 8765, 0, 0): b' 2397,5,1,512,0,520,6,1,6,2,1,-94,10,2802,15889,159,0,0 '
Received from ('fd00::200:0:0:2', 8765, 0, 0): b' 2397,2,1,512,10,495,6,1,6,1,1,-88,7,2229,22397,160,0,0 '
Received from ('fd00::200:0:0:9', 8765, 0, 0): b' 2397,9,5,768,0,144,5,2,7,1,2,-52,0,728,12900,55,0,0 '
Received from ('fd00::200:0:0:1', 5678, 0, 0): b' 2398,1,0,256,0,6,0,0,4,0,0,0,10,1064,11454,2738,0,0 '
Received from ('fd00::200:0:0:b', 8765, 0, 0): b' 2396,11,8,1024,0,508,2,23,7,1,1,-70,6,1355,10772,117,0,0 '
Received from ('fd00::200:0:0:e', 8765, 0, 0): b' 2397,14,11,1280,0,519,5,8,7,1,2,-70,0,456,7264,130,0,0 '
Received from ('fd00::200:0:0:7', 8765, 0, 0): b' 2399,7,2,768,0,554,8,9,7,1,2,-70,5,635,7679,154,0,0 '
Received from ('fd00::200:0:0:d', 8765, 0, 0): b' 2398,13,8,1024,0,113,5,1,7,1,3,-70,1,875,10040,56,0,0 '
Received from ('fd00::200:0:0:f', 8765, 0, 0): b' 2398,15,12,1280,0,506,7,14,7,1,3,-70,2,1070,12503,152,0,0 '
Received from ('fd00::200:0:0:14', 8765, 0, 0): b' 2398,20,16,1536,0,560,7,5,7,1,3,-52,0,469,5315,141,0,0 '
Received from ('fd00::200:0:0:11', 8765, 0, 0): b' 2399,17,13,1280,0,128,7,1,7,1,4,-52,0,800,9955,58,0,0 '
Received from ('fd00::200:0:0:15', 8765, 0, 0): b' 2398,21,16,1536,0,538,7,7,5,1,3,-70,0,362,4365,135,0,0 '
Received from ('fd00::200:0:0:12', 8765, 0, 0): b' 2400,18,15,1536,0,573,6,5,5,1,1,-70,0,825,9905,142,0,0 '
Received from ('fd00::200:0:0:6', 8765, 0, 0): b' 2401,6,2,768,0,116,7,6,7,1,4,-52,1,951,17446,46,0,0 '
Received from ('fd00::200:0:0:3', 8765, 0, 0): b' 2402,3,1,512,0,505,6,1,7,1,1,-64,5,719,11454,159,0,0 '
Received from ('fd00::200:0:0:5', 8765, 0, 0): b' 2403,5,1,512,0,521,6,1,6,2,1,-94,10,2388,14331,160,0,0 '
Received from ('fd00::200:0:0:1', 5678, 0, 0): b' 2403,1,0,256,0,6,0,0,4,0,0,0,10,1351,14626,2746,0,0 '
Received from ('fd00::200:0:0:e', 8765, 0, 0): b' 2403,14,11,1280,0,520,5,8,7,1,2,-70,0,386,5265,130,0,0 '
Received from ('fd00::200:0:0:13', 8765, 0, 0): b' 2403,19,15,1536,0,528,7,6,7,1,2,-52,0,514,10396,140,0,0 '
Received from ('fd00::200:0:0:f', 8765, 0, 0): b' 2403,15,12,1280,0,508,7,14,7,1,3,-70,2,967,9138,152,0,0 '
Received from ('fd00::200:0:0:a', 8765, 0, 0): b' 2404,10,6,1024,0,28,2,4,7,1,1,-52,0,603,12432,37,0,0 '
Received from ('fd00::200:0:0:8', 8765, 0, 0): b' 2406,8,5,768,30,525,4,13,7,1,1,-70,10,3945,26562,156,0,0 '
Received from ('fd00::200:0:0:c', 8765, 0, 0): b' 2405,12,8,1024,0,131,7,18,7,1,4,-52,2,2026,17062,59,0,0 '
Received from ('fd00::200:0:0:6', 8765, 0, 0): b' 2406,6,2,768,0,118,7,6,7,1,4,-52,1,846,8048,46,0,0 '
Received from ('fd00::200:0:0:2', 8765, 0, 0): b' 2407,2,1,512,0,498,6,1,6,1,1,-88,7,2056,19339,161,0,0 '
Received from ('fd00::200:0:0:9', 8765, 0, 0): b' 2407,9,5,768,0,148,5,2,7,1,2,-52,0,933,12495,56,0,0 '
Received from ('fd00::200:0:0:14', 8765, 0, 0): b' 2405,20,16,1536,0,562,7,5,7,1,3,-52,0,573,6956,142,0,0 '
Received from ('fd00::200:0:0:7', 8765, 0, 0): b' 2407,7,2,768,10,557,8,9,7,1,2,-70,5,743,10904,154,0,0 '
Received from ('fd00::200:0:0:4', 8765, 0, 0): b' 2408,4,1,512,0,549,6,2,7,1,1,-66,0,1133,14010,161,0,0 '
Received from ('fd00::200:0:0:b', 8765, 0, 0): b' 2407,11,8,1024,10,512,2,23,7,1,1,-70,6,2324,19060,118,0,0 '
Received from ('fd00::200:0:0:10', 8765, 0, 0): b' 2406,16,11,1280,0,523,7,17,7,1,3,-70,2,1996,19424,126,0,0 '
Received from ('fd00::200:0:0:d', 8765, 0, 0): b' 2407,13,8,1024,0,116,5,1,7,1,3,-70,1,1130,12798,57,0,0 '
Received from ('fd00::200:0:0:1', 5678, 0, 0): b' 2410,1,0,256,0,6,0,0,4,0,0,0,10,1597,16622,2754,0,0 '
Received from ('fd00::200:0:0:15', 8765, 0, 0): b' 2409,21,16,1536,0,541,7,7,5,1,3,-70,0,801,9541,136,0,0 '
Received from ('fd00::200:0:0:13', 8765, 0, 0): b' 2409,19,15,1536,0,529,7,6,7,1,2,-52,0,484,5849,140,0,0 '
Received from ('fd00::200:0:0:12', 8765, 0, 0): b' 2409,18,15,1536,0,573,6,5,5,1,1,-70,0,359,8437,143,0,0 '
Received from ('fd00::200:0:0:9', 8765, 0, 0): b' 2411,9,5,768,0,149,5,2,7,1,2,-52,0,359,4909,56,0,0 '
Received from ('fd00::200:0:0:5', 8765, 0, 0): b' 2412,5,1,512,0,523,6,1,6,2,1,-94,10,4071,23180,160,0,0 '
Received from ('fd00::200:0:0:a', 8765, 0, 0): b' 2411,10,6,1024,0,28,2,4,7,1,1,-52,0,409,8180,37,0,0 '
Received from ('fd00::200:0:0:4', 8765, 0, 0): b' 2413,4,1,512,0,552,6,2,7,1,1,-66,0,599,6484,161,0,0 '
Received from ('fd00::200:0:0:11', 8765, 0, 0): b' 2410,17,13,1280,10,132,7,1,7,1,4,-52,0,824,11537,59,0,0 '
Received from ('fd00::200:0:0:2', 8765, 0, 0): b' 2413,2,1,512,0,498,6,1,6,1,1,-88,7,1313,13046,161,0,0 '
Received from ('fd00::200:0:0:e', 8765, 0, 0): b' 2413,14,11,1280,0,521,5,8,7,1,2,-70,0,490,9548,131,0,0 '
Received from ('fd00::200:0:0:3', 8765, 0, 0): b' 2413,3,1,512,20,508,6,2,7,1,1,-64,5,739,13031,160,0,0 '
Received from ('fd00::200:0:0:8', 8765, 0, 0): b' 2413,8,5,768,30,527,4,13,7,1,1,-70,10,3517,23745,157,0,0 '
Received from ('fd00::200:0:0:d', 8765, 0, 0): b' 2412,13,8,1024,10,119,5,1,7,1,3,-70,1,931,8516,57,0,0 '
Received from ('fd00::200:0:0:6', 8765, 0, 0): b' 2414,6,2,768,0,120,7,6,7,1,4,-52,1,878,13293,47,0,0 '
Received from ('fd00::200:0:0:15', 8765, 0, 0): b' 2413,21,16,1536,10,543,7,7,5,1,3,-70,0,469,4576,136,0,0 '
Received from ('fd00::200:0:0:14', 8765, 0, 0): b' 2413,20,16,1536,0,564,7,5,7,1,3,-52,0,609,7395,142,0,0 '
Received from ('fd00::200:0:0:9', 8765, 0, 0): b' 2415,9,5,768,0,151,5,2,7,1,2,-52,0,459,5540,56,0,0 '
Received from ('fd00::200:0:0:f', 8765, 0, 0): b' 2415,15,12,1280,0,510,7,14,7,1,3,-70,2,1678,17980,153,0,0 '
Received from ('fd00::200:0:0:c', 8765, 0, 0): b' 2414,12,8,1024,10,139,7,18,7,1,4,-52,2,1991,15278,59,0,0 '
Received from ('fd00::200:0:0:11', 8765, 0, 0): b' 2415,17,13,1280,0,134,7,1,7,1,4,-52,0,577,4554,59,0,0 '
Received from ('fd00::200:0:0:2', 8765, 0, 0): b' 2417,2,1,512,10,498,6,1,6,1,1,-88,7,670,7516,162,0,0 '
Received from ('fd00::200:0:0:7', 8765, 0, 0): b' 2417,7,2,768,0,561,8,9,7,1,2,-70,5,935,12243,155,0,0 '
Received from ('fd00::200:0:0:10', 8765, 0, 0): b' 2415,16,11,1280,20,525,7,17,7,1,3,-70,2,1442,14753,127,0,0 '
Received from ('fd00::200:0:0:12', 8765, 0, 0): b' 2416,18,15,1536,10,578,6,5,5,1,1,-70,0,912,6747,143,0,0 '
Received from ('fd00::200:0:0:1', 5678, 0, 0): b' 2419,1,0,256,0,6,0,0,4,0,0,0,10,2062,23883,2764,0,0 '
Received from ('fd00::200:0:0:a', 8765, 0, 0): b' 2417,10,6,1024,10,28,2,4,7,1,1,-52,0,276,6714,38,0,0 '
Received from ('fd00::200:0:0:b', 8765, 0, 0): b' 2416,11,8,1024,10,516,2,23,7,1,1,-70,6,2484,17858,118,0,0 '
Received from ('fd00::200:0:0:4', 8765, 0, 0): b' 2419,4,1,512,0,555,6,2,7,1,1,-66,0,673,8138,162,0,0 '
Received from ('fd00::200:0:0:8', 8765, 0, 0): b' 2419,8,5,768,60,530,4,13,7,1,1,-70,10,2518,14871,157,0,0 '
Received from ('fd00::200:0:0:13', 8765, 0, 0): b' 2416,19,15,1536,10,530,7,6,7,1,2,-52,0,442,7162,141,0,0 '
Received from ('fd00::200:0:0:15', 8765, 0, 0): b' 2418,21,16,1536,0,545,7,7,5,1,3,-70,0,453,4629,137,0,0 '
Received from ('fd00::200:0:0:e', 8765, 0, 0): b' 2418,14,11,1280,0,522,5,8,7,1,2,-70,0,386,4616,131,0,0 '
Received from ('fd00::200:0:0:5', 8765, 0, 0): b' 2421,5,1,512,10,523,6,1,6,2,1,-94,10,4278,25211,161,0,0 '
Received from ('fd00::200:0:0:11', 8765, 0, 0): b' 2419,17,13,1280,0,138,7,1,7,1,4,-52,0,609,5887,59,0,0 '
Received from ('fd00::200:0:0:14', 8765, 0, 0): b' 2420,20,16,1536,10,567,7,5,7,1,3,-52,0,550,6883,143,0,0 '
Received from ('fd00::200:0:0:13', 8765, 0, 0): b' 2421,19,15,1536,0,530,7,6,7,1,2,-52,0,280,4492,141,0,0 '
Received from ('fd00::200:0:0:3', 8765, 0, 0): b' 2422,3,1,512,10,511,6,2,7,1,1,-64,5,851,11541,161,0,0 '
Received from ('fd00::200:0:0:6', 8765, 0, 0): b' 2422,6,2,768,10,121,7,6,7,1,4,-52,1,916,11892,47,0,0 '
Received from ('fd00::200:0:0:9', 8765, 0, 0): b' 2422,9,5,768,0,154,5,2,7,1,2,-52,0,704,8876,57,0,0 '
Received from ('fd00::200:0:0:d', 8765, 0, 0): b' 2422,13,8,1024,0,119,5,1,7,1,3,-70,1,1164,12423,58,0,0 '
Received from ('fd00::200:0:0:2', 8765, 0, 0): b' 2423,2,1,512,0,500,6,1,6,1,1,-88,7,1397,12133,162,0,0 '
Received from ('fd00::200:0:0:c', 8765, 0, 0): b' 2423,12,8,1024,0,140,7,18,7,1,4,-52,2,1473,11899,60,0,0 '
Received from ('fd00::200:0:0:f', 8765, 0, 0): b' 2424,15,12,1280,0,512,7,14,7,1,3,-70,2,1574,15775,154,0,0 '
Received from ('fd00::200:0:0:b', 8765, 0, 0): b' 2423,11,8,1024,0,519,2,23,7,1,1,-70,6,1637,13378,119,0,0 '
Received from ('fd00::200:0:0:a', 8765, 0, 0): b' 2424,10,6,1024,0,28,2,4,7,1,1,-52,0,470,8636,38,0,0 '
Received from ('fd00::200:0:0:8', 8765, 0, 0): b' 2425,8,5,768,0,533,4,13,7,2,1,-70,10,3149,17424,158,0,0 '
Received from ('fd00::200:0:0:1', 5678, 0, 0): b' 2426,1,0,256,0,6,0,0,4,0,0,0,10,2095,20514,2777,0,0 '
Received from ('fd00::200:0:0:10', 8765, 0, 0): b' 2425,16,11,1280,10,527,7,17,7,1,3,-70,2,1577,16830,128,0,0 '
Received from ('fd00::200:0:0:7', 8765, 0, 0): b' 2426,7,2,768,0,563,8,9,7,1,2,-70,5,813,11457,156,0,0 '
Received from ('fd00::200:0:0:12', 8765, 0, 0): b' 2425,18,15,1536,0,580,6,5,5,1,1,-70,0,592,8921,144,0,0 '
Received from ('fd00::200:0:0:e', 8765, 0, 0): b' 2427,14,11,1280,0,523,5,8,7,1,2,-70,0,563,8575,132,0,0 '
Received from ('fd00::200:0:0:9', 8765, 0, 0): b' 2427,9,5,768,0,156,5,2,7,1,2,-52,0,465,6274,57,0,0 '
Received from ('fd00::200:0:0:2', 8765, 0, 0): b' 2429,2,1,512,10,501,6,1,6,1,1,-88,7,1240,11605,162,0,0 '
Received from ('fd00::200:0:0:6', 8765, 0, 0): b' 2427,6,2,768,10,122,7,6,7,1,4,-52,1,613,8439,48,0,0 '
Received from ('fd00::200:0:0:4', 8765, 0, 0): b' 2429,4,1,512,0,559,6,2,7,1,1,-66,0,849,13238,162,0,0 '
Received from ('fd00::200:0:0:c', 8765, 0, 0): b' 2428,12,8,1024,0,142,7,18,7,1,4,-52,2,1027,8509,60,0,0 '
Received from ('fd00::200:0:0:15', 8765, 0, 0): b' 2428,21,16,1536,0,548,7,7,5,1,3,-70,0,815,10961,137,0,0 '
Received from ('fd00::200:0:0:5', 8765, 0, 0): b' 2430,5,1,512,10,524,6,1,6,2,1,-94,10,3710,23384,162,0,0 '
Received from ('fd00::200:0:0:13', 8765, 0, 0): b' 2429,19,15,1536,0,533,7,6,7,1,2,-52,0,680,7944,142,0,0 '
Received from ('fd00::200:0:0:7', 8765, 0, 0): b' 2431,7,2,768,0,565,8,9,7,1,2,-70,5,495,6609,156,0,0 '
Received from ('fd00::200:0:0:b', 8765, 0, 0): b' 2432,11,8,1024,10,522,2,23,7,1,1,-70,6,1724,13802,119,0,0 '
Received from ('fd00::200:0:0:11', 8765, 0, 0): b' 2430,17,13,1280,0,143,7,1,7,1,4,-52,0,1014,10569,60,0,0 '
Received from ('fd00::200:0:0:14', 8765, 0, 0): b' 2429,20,16,1536,10,571,7,5,7,1,3,-52,0,995,9297,144,0,0 '
Received from ('fd00::200:0:0:d', 8765, 0, 0): b' 2432,13,8,1024,0,124,5,1,7,1,3,-70,1,1453,13005,58,0,0 '
Received from ('fd00::200:0:0:3', 8765, 0, 0): b' 2432,3,1,512,0,513,6,2,7,1,1,-64,5,712,12698,161,0,0 '
Received from ('fd00::200:0:0:f', 8765, 0, 0): b' 2433,15,12,1280,0,514,7,14,7,1,3,-70,2,1330,14550,154,0,0 '
Received from ('fd00::200:0:0:1', 5678, 0, 0): b' 2434,1,0,256,0,6,0,0,4,0,0,0,10,1775,20583,2787,0,0 '
Received from ('fd00::200:0:0:9', 8765, 0, 0): b' 2433,9,5,768,10,158,5,2,7,1,2,-52,0,489,7973,57,0,0 '
Received from ('fd00::200:0:0:a', 8765, 0, 0): b' 2434,10,6,1024,0,30,2,4,7,1,1,-52,0,719,12216,39,0,0 '
Received from ('fd00::200:0:0:8', 8765, 0, 0): b' 2434,8,5,768,10,538,4,13,7,2,1,-70,10,3909,26669,159,0,0 '
Received from ('fd00::200:0:0:11', 8765, 0, 0): b' 2434,17,13,1280,0,145,7,1,7,1,4,-52,0,470,4408,60,0,0 '
Received from ('fd00::200:0:0:12', 8765, 0, 0): b' 2436,18,15,1536,0,583,6,5,5,1,1,-70,0,871,10122,145,0,0 '
Received from ('fd00::200:0:0:4', 8765, 0, 0): b' 2436,4,1,512,0,559,6,2,7,1,1,-66,0,473,8597,163,0,0 '
Received from ('fd00::200:0:0:c', 8765, 0, 0): b' 2437,12,8,1024,0,144,7,18,7,1,4,-52,2,1324,10791,61,0,0 '
Received from ('fd00::200:0:0:14', 8765, 0, 0): b' 2436,20,16,1536,0,574,7,5,7,1,3,-52,0,754,7112,144,0,0 '
Received from ('fd00::200:0:0:10', 8765, 0, 0): b' 2437,16,11,1280,0,532,7,17,7,1,3,-70,2,2291,20070,128,0,0 '
Received from ('fd00::200:0:0:6', 8765, 0, 0): b' 2437,6,2,768,0,127,7,6,7,1,4,-52,1,1463,15624,48,0,0 '
Received from ('fd00::200:0:0:b', 8765, 0, 0): b' 2437,11,8,1024,0,524,2,23,7,1,1,-70,6,1197,10042,120,0,0 '
Received from ('fd00::200:0:0:e', 8765, 0, 0): b' 2437,14,11,1280,0,526,5,8,7,1,2,-70,0,745,9690,132,0,0 '
Received from ('fd00::200:0:0:2', 8765, 0, 0): b' 2438,2,1,512,0,504,6,1,6,1,1,-88,7,2029,19266,163,0,0 '
Received from ('fd00::200:0:0:3', 8765, 0, 0): b' 2438,3,1,512,0,514,6,2,7,1,1,-64,5,459,7031,162,0,0 '
Received from ('fd00::200:0:0:d', 8765, 0, 0): b' 2439,13,8,1024,0,125,5,1,7,1,3,-70,1,754,9516,59,0,0 '
Received from ('fd00::200:0:0:1', 5678, 0, 0): b' 2440,1,0,256,0,6,0,0,4,0,0,0,10,1535,16959,2796,0,0 '
Received from ('fd00::200:0:0:15', 8765, 0, 0): b' 2438,21,16,1536,0,553,7,7,5,1,3,-70,0,1016,10014,138,0,0 '
Received from ('fd00::200:0:0:5', 8765, 0, 0): b' 2440,5,1,512,0,526,6,1,6,2,1,-94,10,4806,29510,162,0,0 '
Received from ('fd00::200:0:0:8', 8765, 0, 0): b' 2440,8,5,768,10,539,4,13,7,2,1,-70,10,2576,16114,159,0,0 '
Received from ('fd00::200:0:0:13', 8765, 0, 0): b' 2442,19,15,1536,0,535,7,6,7,1,2,-52,0,694,10316,143,0,0 '
Received from ('fd00::200:0:0:6', 8765, 0, 0): b' 2441,6,2,768,0,127,7,6,7,1,4,-52,1,310,5896,48,0,0 '
Received from ('fd00::200:0:0:7', 8765, 0, 0): b' 2442,7,2,768,10,568,8,9,7,1,2,-70,5,790,13731,157,0,0 '
Received from ('fd00::200:0:0:12', 8765, 0, 0): b' 2443,18,15,1536,0,584,6,5,5,1,1,-70,0,411,6169,145,0,0 '
Received from ('fd00::200:0:0:3', 8765, 0, 0): b' 2443,3,1,512,0,514,7,2,7,1,1,-64,5,235,6097,162,0,0 '
Received from ('fd00::200:0:0:10', 8765, 0, 0): b' 2443,16,11,1280,0,534,7,17,7,1,3,-70,2,1009,10520,129,0,0 '
Received from ('fd00::200:0:0:a', 8765, 0, 0): b' 2442,10,6,1024,0,31,2,4,7,1,1,-52,0,516,9980,39,0,0 '
Received from ('fd00::200:0:0:f', 8765, 0, 0): b' 2444,15,12,1280,0,517,7,14,7,1,3,-70,2,1912,18997,155,0,0 '
Received from ('fd00::200:0:0:9', 8765, 0, 0): b' 2443,9,5,768,10,160,5,2,7,1,2,-52,0,636,12318,58,0,0 '
Received from ('fd00::200:0:0:14', 8765, 0, 0): b' 2444,20,16,1536,0,577,7,5,7,1,3,-52,0,680,8128,145,0,0 '
Received from ('fd00::200:0:0:2', 8765, 0, 0): b' 2445,2,1,512,0,509,6,1,6,1,1,-88,7,1962,14632,163,0,0 '
Received from ('fd00::200:0:0:e', 8765, 0, 0): b' 2446,14,11,1280,0,528,5,8,7,1,2,-70,0,573,7722,133,0,0 '
Received from ('fd00::200:0:0:c', 8765, 0, 0): b' 2446,12,8,1024,0,146,7,18,7,1,4,-52,2,1349,12471,61,0,0 '
Received from ('fd00::200:0:0:4', 8765, 0, 0): b' 2446,4,1,512,0,560,6,2,7,1,1,-66,0,482,11487,164,0,0 '
Received from ('fd00::200:0:0:11', 8765, 0, 0): b' 2444,17,13,1280,10,146,7,1,7,1,4,-52,0,586,9443,61,0,0 '
Received from ('fd00::200:0:0:b', 8765, 0, 0): b' 2446,11,8,1024,0,524,2,23,7,1,1,-70,6,1937,16118,120,0,0 '
Received from ('fd00::200:0:0:13', 8765, 0, 0): b' 2446,19,15,1536,0,536,7,6,7,1,2,-52,0,387,6139,143,0,0 '
Received from ('fd00::200:0:0:d', 8765, 0, 0): b' 2447,13,8,1024,0,126,5,1,7,1,3,-70,1,886,10599,59,0,0 '
Received from ('fd00::200:0:0:1', 5678, 0, 0): b' 2448,1,0,256,0,6,0,0,4,0,0,0,10,2297,22994,2807,0,0 '
Received from ('fd00::200:0:0:15', 8765, 0, 0): b' 2449,21,16,1536,0,554,7,7,5,1,3,-70,0,590,8361,139,0,0 '
Received from ('fd00::200:0:0:f', 8765, 0, 0): b' 2449,15,12,1280,0,518,7,14,7,1,3,-70,2,738,7199,156,0,0 '
Received from ('fd00::200:0:0:7', 8765, 0, 0): b' 2449,7,2,768,0,569,8,9,7,1,2,-70,5,687,9058,157,0,0 '
Received from ('fd00::200:0:0:5', 8765, 0, 0): b' 2451,5,1,512,0,530,6,1,6,2,1,-94,10,4259,27774,163,0,0 '
Received from ('fd00::200:0:0:12', 8765, 0, 0): b' 2450,18,15,1536,0,586,6,5,5,1,1,-70,0,646,7179,146,0,0 '
Received from ('fd00::200:0:0:4', 8765, 0, 0): b' 2451,4,1,512,0,561,6,2,7,1,1,-66,0,384,6238,164,0,0 '
Received from ('fd00::200:0:0:14', 8765, 0, 0): b' 2451,20,16,1536,0,578,7,5,7,1,3,-52,0,386,5335,145,0,0 '
Received from ('fd00::200:0:0:8', 8765, 0, 0): b' 2451,8,5,768,0,542,4,13,7,2,1,-70,10,4305,27317,160,0,0 '
Received from ('fd00::200:0:0:11', 8765, 0, 0): b' 2450,17,13,1280,0,147,7,1,7,1,4,-52,0,386,5472,61,0,0 '
Received from ('fd00::200:0:0:9', 8765, 0, 0): b' 2452,9,5,768,0,162,5,2,7,1,2,-52,0,682,9287,59,0,0 '
Received from ('fd00::200:0:0:2', 8765, 0, 0): b' 2452,2,1,512,0,513,6,1,6,1,1,-88,7,1486,14829,164,0,0 '
Received from ('fd00::200:0:0:1', 5678, 0, 0): b' 2453,1,0,256,0,6,0,0,4,0,0,0,10,1282,12220,2814,0,0 '
Received from ('fd00::200:0:0:6', 8765, 0, 0): b' 2453,6,2,768,0,131,7,6,7,1,4,-52,1,1521,17679,49,0,0 '
Received from ('fd00::200:0:0:3', 8765, 0, 0): b' 2455,3,1,512,0,518,7,2,7,1,1,-64,5,1045,14021,163,0,0 '
Received from ('fd00::200:0:0:c', 8765, 0, 0): b' 2455,12,8,1024,10,148,7,18,7,1,4,-52,2,1401,12498,62,0,0 '
Received from ('fd00::200:0:0:a', 8765, 0, 0): b' 2453,10,6,1024,0,33,2,4,7,1,1,-52,0,992,14293,40,0,0 '
Received from ('fd00::200:0:0:10', 8765, 0, 0): b' 2455,16,11,1280,0,535,7,17,7,1,3,-70,2,1700,18572,130,0,0 '
Received from ('fd00::200:0:0:e', 8765, 0, 0): b' 2456,14,11,1280,0,529,5,8,7,1,2,-70,0,587,9496,134,0,0 '
Received from ('fd00::200:0:0:12', 8765, 0, 0): b' 2456,18,15,1536,0,587,6,5,5,1,1,-70,0,387,4975,146,0,0 '
Received from ('fd00::200:0:0:d', 8765, 0, 0): b' 2456,13,8,1024,0,128,5,1,7,1,3,-70,1,986,11156,60,0,0 '
Received from ('fd00::200:0:0:f', 8765, 0, 0): b' 2457,15,12,1280,0,518,7,14,7,1,3,-70,2,1163,12585,156,0,0 '
Received from ('fd00::200:0:0:b', 8765, 0, 0): b' 2457,11,8,1024,0,528,2,23,7,1,1,-70,6,2029,17869,121,0,0 '
Received from ('fd00::200:0:0:7', 8765, 0, 0): b' 2458,7,2,768,0,569,8,9,7,1,2,-70,5,505,11222,158,0,0 '
Received from ('fd00::200:0:0:2', 8765, 0, 0): b' 2459,2,1,512,0,513,6,1,6,1,1,-88,7,1305,13629,164,0,0 '
Received from ('fd00::200:0:0:9', 8765, 0, 0): b' 2459,9,5,768,0,164,5,2,7,1,2,-52,0,610,8472,59,0,0 '
Received from ('fd00::200:0:0:13', 8765, 0, 0): b' 2459,19,15,1536,0,538,7,6,7,1,2,-52,0,815,11425,144,0,0 '
Received from ('fd00::200:0:0:15', 8765, 0, 0): b' 2460,21,16,1536,0,558,7,7,5,1,3,-70,0,853,10485,139,0,0 '
Received from ('fd00::200:0:0:4', 8765, 0, 0): b' 2460,4,1,512,10,565,6,2,7,1,1,-66,0,825,10794,165,0,0 '
Received from ('fd00::200:0:0:8', 8765, 0, 0): b' 2460,8,5,768,0,545,4,13,7,2,1,-70,10,3339,22710,160,0,0 '
Received from ('fd00::200:0:0:5', 8765, 0, 0): b' 2461,5,1,512,10,533,6,1,6,2,1,-94,10,4284,26931,164,0,0 '
Received from ('fd00::200:0:0:10', 8765, 0, 0): b' 2461,16,11,1280,0,539,7,17,7,1,3,-70,2,1177,9244,130,0,0 '
Received from ('fd00::200:0:0:1', 5678, 0, 0): b' 2461,1,0,256,0,6,0,0,4,0,0,0,10,1731,21119,2823,0,0 '
Received from ('fd00::200:0:0:d', 8765, 0, 0): b' 2460,13,8,1024,0,129,5,1,7,1,3,-70,1,510,5552,60,0,0 '
Received from ('fd00::200:0:0:a', 8765, 0, 0): b' 2459,10,6,1024,0,37,2,4,7,1,1,-52,0,705,7672,40,0,0 '
Received from ('fd00::200:0:0:14', 8765, 0, 0): b' 2461,20,16,1536,0,579,7,5,7,1,3,-52,0,587,9769,146,0,0 '
Received from ('fd00::200:0:0:3', 8765, 0, 0): b' 2462,3,1,512,0,520,7,2,7,1,1,-64,5,516,9124,163,0,0 '
Received from ('fd00::200:0:0:c', 8765, 0, 0): b' 2463,12,8,1024,10,151,7,18,7,1,4,-52,2,1498,12075,63,0,0 '
Received from ('fd00::200:0:0:11', 8765, 0, 0): b' 2461,17,13,1280,0,148,7,1,7,1,4,-52,0,610,10811,62,0,0 '
Received from ('fd00::200:0:0:6', 8765, 0, 0): b' 2464,6,2,768,10,133,7,6,7,1,4,-52,1,1399,17597,50,0,0 '
Received from ('fd00::200:0:0:f', 8765, 0, 0): b' 2464,15,12,1280,0,518,7,14,7,1,3,-70,2,838,10692,157,0,0 '
Received from ('fd00::200:0:0:12', 8765, 0, 0): b' 2464,18,15,1536,0,588,6,5,5,1,1,-70,0,410,7798,146,0,0 '
Received from ('fd00::200:0:0:8', 8765, 0, 0): b' 2465,8,5,768,0,546,4,13,7,2,1,-70,10,2136,13742,160,0,0 '
Received from ('fd00::200:0:0:10', 8765, 0, 0): b' 2465,16,11,1280,10,540,7,17,7,1,3,-70,2,803,8178,130,0,0 '
Received from ('fd00::200:0:0:7', 8765, 0, 0): b' 2465,7,2,768,0,572,8,9,7,1,2,-70,5,719,8656,158,0,0 '
Received from ('fd00::200:0:0:14', 8765, 0, 0): b' 2465,20,16,1536,0,579,7,5,7,1,3,-52,0,255,3720,146,0,0 '
Received from ('fd00::200:0:0:13', 8765, 0, 0): b' 2465,19,15,1536,10,542,7,6,7,1,2,-52,0,625,6728,144,0,0 '
Received from ('fd00::200:0:0:15', 8765, 0, 0): b' 2466,21,16,1536,0,560,7,7,5,1,3,-70,0,550,5936,140,0,0 '
Received from ('fd00::200:0:0:e', 8765, 0, 0): b' 2468,14,11,1280,10,531,5,8,7,1,2,-70,0,732,10770,135,0,0 '
Received from ('fd00::200:0:0:c', 8765, 0, 0): b' 2468,12,8,1024,0,153,7,18,7,1,4,-52,2,995,6827,63,0,0 '
Received from ('fd00::200:0:0:d', 8765, 0, 0): b' 2467,13,8,1024,0,130,5,1,7,1,3,-70,1,724,8911,61,0,0 '
Received from ('fd00::200:0:0:b', 8765, 0, 0): b' 2468,11,8,1024,0,531,2,23,7,1,1,-70,6,2790,20555,122,0,0 '
Received from ('fd00::200:0:0:1', 5678, 0, 0): b' 2468,1,0,256,0,6,0,0,4,0,0,0,10,2057,20328,2834,0,0 '
Received from ('fd00::200:0:0:4', 8765, 0, 0): b' 2468,4,1,512,10,568,6,2,7,1,1,-66,0,698,10794,165,0,0 '
Received from ('fd00::200:0:0:5', 8765, 0, 0): b' 2469,5,1,512,0,536,6,1,6,2,1,-94,10,4456,25721,164,0,0 '
Received from ('fd00::200:0:0:9', 8765, 0, 0): b' 2469,9,5,768,0,166,5,2,7,1,2,-52,0,718,12254,60,0,0 '
Received from ('fd00::200:0:0:12', 8765, 0, 0): b' 2470,18,15,1536,0,590,6,5,5,1,1,-70,0,549,6327,147,0,0 '
Received from ('fd00::200:0:0:6', 8765, 0, 0): b' 2471,6,2,768,0,135,7,6,7,1,4,-52,1,754,10513,50,0,0 '
Received from ('fd00::200:0:0:2', 8765, 0, 0): b' 2471,2,1,512,10,515,6,1,6,1,1,-88,7,2099,22784,165,0,0 '
Received from ('fd00::200:0:0:f', 8765, 0, 0): b' 2471,15,12,1280,0,519,7,14,7,1,3,-70,2,1493,13272,157,0,0 '
Received from ('fd00::200:0:0:11', 8765, 0, 0): b' 2470,17,13,1280,0,151,7,1,7,1,4,-52,0,721,7464,62,0,0 '
Received from ('fd00::200:0:0:a', 8765, 0, 0): b' 2471,10,6,1024,0,41,2,4,7,1,1,-52,0,1135,14603,41,0,0 '
Received from ('fd00::200:0:0:8', 8765, 0, 0): b' 2472,8,5,768,0,548,4,13,7,2,1,-70,10,3043,19213,161,0,0 '
Received from ('fd00::200:0:0:d', 8765, 0, 0): b' 2474,13,8,1024,0,131,5,1,7,1,3,-70,1,768,7444,61,0,0 '
Received from ('fd00::200:0:0:3', 8765, 0, 0): b' 2474,3,1,512,0,523,7,2,7,1,1,-64,5,817,14059,164,0,0 '
Received from ('fd00::200:0:0:e', 8765, 0, 0): b' 2474,14,11,1280,0,532,5,8,7,1,2,-70,0,446,6018,135,0,0 '
Received from ('fd00::200:0:0:1', 5678, 0, 0): b' 2474,1,0,256,0,6,0,0,4,0,0,0,10,1255,14616,2841,0,0 '
Received from ('fd00::200:0:0:15', 8765, 0, 0): b' 2475,21,16,1536,0,563,7,7,5,1,3,-70,0,745,8754,140,0,0 '
Received from ('fd00::200:0:0:4', 8765, 0, 0): b' 2474,4,1,512,10,571,6,2,7,1,1,-66,0,696,7645,165,0,0 '
Received from ('fd00::200:0:0:c', 8765, 0, 0): b' 2476,12,8,1024,10,154,7,18,7,1,4,-52,2,988,10727,63,0,0 '
Received from ('fd00::200:0:0:7', 8765, 0, 0): b' 2476,7,2,768,0,575,8,9,7,1,2,-70,5,850,13721,159,0,0 '
Received from ('fd00::200:0:0:a', 8765, 0, 0): b' 2475,10,6,1024,0,42,2,4,7,1,1,-52,0,361,5475,41,0,0 '
Received from ('fd00::200:0:0:14', 8765, 0, 0): b' 2477,20,16,1536,0,583,7,5,7,1,3,-52,0,932,11471,147,0,0 '
Received from ('fd00::200:0:0:b', 8765, 0, 0): b' 2478,11,8,1024,10,531,2,23,7,1,1,-70,6,1418,15795,122,0,0 '
Received from ('fd00::200:0:0:10', 8765, 0, 0): b' 2477,16,11,1280,0,544,7,17,7,1,3,-70,2,2247,20418,131,0,0 '
Received from ('fd00::200:0:0:5', 8765, 0, 0): b' 2479,5,1,512,10,539,6,1,6,2,1,-94,10,3422,24706,165,0,0 '
Received from ('fd00::200:0:0:13', 8765, 0, 0): b' 2478,19,15,1536,0,547,7,6,7,1,2,-52,0,1123,11614,145,0,0 '
Received from ('fd00::200:0:0:9', 8765, 0, 0): b' 2479,9,5,768,0,167,5,2,7,1,2,-52,0,431,11214,60,0,0 '
Received from ('fd00::200:0:0:f', 8765, 0, 0): b' 2479,15,12,1280,0,521,7,14,7,1,3,-70,2,1093,12684,158,0,0 '
Received from ('fd00::200:0:0:e', 8765, 0, 0): b' 2479,14,11,1280,0,532,5,8,7,1,2,-70,0,279,4936,135,0,0 '
Received from ('fd00::200:0:0:12', 8765, 0, 0): b' 2479,18,15,1536,10,594,6,5,5,1,1,-70,0,828,8461,147,0,0 '
Received from ('fd00::200:0:0:11', 8765, 0, 0): b' 2482,17,13,1280,0,154,7,1,7,1,4,-52,0,857,9944,63,0,0 '
Received from ('fd00::200:0:0:8', 8765, 0, 0): b' 2481,8,5,768,0,548,4,13,7,2,1,-70,10,3578,25107,161,0,0 '
Received from ('fd00::200:0:0:2', 8765, 0, 0): b' 2482,2,1,512,10,518,6,1,6,1,1,-88,7,2343,22869,166,0,0 '
Received from ('fd00::200:0:0:d', 8765, 0, 0): b' 2482,13,8,1024,0,132,5,1,7,1,3,-70,1,901,10949,62,0,0 '
Received from ('fd00::200:0:0:15', 8765, 0, 0): b' 2482,21,16,1536,0,566,7,7,5,1,3,-70,0,657,6874,141,0,0 '
Received from ('fd00::200:0:0:3', 8765, 0, 0): b' 2482,3,1,512,10,527,7,2,7,1,1,-64,5,804,10688,165,0,0 '
Received from ('fd00::200:0:0:6', 8765, 0, 0): b' 2482,6,2,768,0,137,7,6,7,1,4,-52,1,1535,18306,51,0,0 '
Received from ('fd00::200:0:0:13', 8765, 0, 0): b' 2484,19,15,1536,0,549,7,6,7,1,2,-52,0,496,5808,145,0,0 '
Received from ('fd00::200:0:0:a', 8765, 0, 0): b' 2483,10,6,1024,0,43,2,4,7,1,1,-52,0,735,8520,42,0,0 '
Received from ('fd00::200:0:0:1', 5678, 0, 0): b' 2484,1,0,256,0,6,0,0,4,0,0,0,10,2483,26862,2854,0,0 '
Received from ('fd00::200:0:0:12', 8765, 0, 0): b' 2484,18,15,1536,0,594,6,5,5,1,1,-70,0,336,4601,148,0,0 '
Received from ('fd00::200:0:0:14', 8765, 0, 0): b' 2484,20,16,1536,10,585,7,5,7,1,3,-52,0,560,6400,147,0,0 '
Received from ('fd00::200:0:0:5', 8765, 0, 0): b' 2485,5,1,512,10,540,6,1,6,2,1,-94,10,3192,19044,165,0,0 '
Received from ('fd00::200:0:0:4', 8765, 0, 0): b' 2485,4,1,512,0,574,6,2,7,1,1,-66,0,842,13597,166,0,0 '
Received from ('fd00::200:0:0:10', 8765, 0, 0): b' 2486,16,11,1280,0,545,7,17,7,1,3,-70,2,1284,13656,132,0,0 '
Received from ('fd00::200:0:0:3', 8765, 0, 0): b' 2486,3,1,512,0,527,7,2,7,1,1,-64,5,278,5096,165,0,0 '
Received from ('fd00::200:0:0:b', 8765, 0, 0): b' 2488,11,8,1024,0,536,2,23,7,1,1,-70,6,2288,17107,123,0,0 '
Received from ('fd00::200:0:0:2', 8765, 0, 0): b' 2487,2,1,512,0,520,6,1,6,1,1,-88,7,1036,10785,166,0,0 '
Received from ('fd00::200:0:0:c', 8765, 0, 0): b' 2487,12,8,1024,0,159,7,18,7,1,4,-52,2,2455,18144,64,0,0 '
Received from ('fd00::200:0:0:13', 8765, 0, 0): b' 2488,19,15,1536,10,549,7,6,7,1,2,-52,0,311,4497,146,0,0 '
Received from ('fd00::200:0:0:a', 8765, 0, 0): b' 2488,10,6,1024,0,43,2,4,7,1,1,-52,0,346,5768,42,0,0 '
Received from ('fd00::200:0:0:7', 8765, 0, 0): b' 2489,7,2,768,0,579,8,9,7,1,2,-70,5,1065,14747,159,0,0 '
Received from ('fd00::200:0:0:d', 8765, 0, 0): b' 2489,13,8,1024,10,133,5,1,7,1,3,-70,1,526,7753,62,0,0 '
Received from ('fd00::200:0:0:9', 8765, 0, 0): b' 2488,9,5,768,10,170,5,2,7,1,2,-52,0,802,11879,61,0,0 '
Received from ('fd00::200:0:0:e', 8765, 0, 0): b' 2489,14,11,1280,0,535,5,8,7,1,2,-70,0,801,9719,136,0,0 '
Received from ('fd00::200:0:0:f', 8765, 0, 0): b' 2489,15,12,1280,0,525,7,14,7,1,3,-70,2,2086,18008,158,0,0 '
Received from ('fd00::200:0:0:6', 8765, 0, 0): b' 2489,6,2,768,10,138,7,6,7,1,4,-52,1,843,11132,52,0,0 '
Received from ('fd00::200:0:0:11', 8765, 0, 0): b' 2490,17,13,1280,0,156,7,1,7,1,4,-52,0,669,8435,64,0,0 '
Received from ('fd00::200:0:0:14', 8765, 0, 0): b' 2490,20,16,1536,30,587,7,5,7,1,3,-52,0,387,5708,148,0,0 '
Received from ('fd00::200:0:0:15', 8765, 0, 0): b' 2490,21,16,1536,0,570,7,7,5,1,3,-70,0,908,9498,142,0,0 '
Received from ('fd00::200:0:0:4', 8765, 0, 0): b' 2491,4,1,512,0,575,6,2,7,1,1,-66,0,459,8199,167,0,0 '
Received from ('fd00::200:0:0:5', 8765, 0, 0): b' 2492,5,1,512,0,541,6,1,6,2,1,-94,10,2905,19602,166,0,0 '
Received from ('fd00::200:0:0:12', 8765, 0, 0): b' 2492,18,15,1536,0,599,6,5,5,1,1,-70,0,838,8179,148,0,0 '
Received from ('fd00::200:0:0:7', 8765, 0, 0): b' 2493,7,2,768,0,579,8,9,7,1,2,-70,5,339,5598,160,0,0 '
Received from ('fd00::200:0:0:8', 8765, 0, 0): b' 2493,8,5,768,0,553,4,13,7,2,1,-70,10,4802,30503,162,0,0 '
Received from ('fd00::200:0:0:a', 8765, 0, 0): b' 2493,10,6,1024,0,44,2,4,7,1,1,-52,0,359,5895,42,0,0 '
Received from ('fd00::200:0:0:9', 8765, 0, 0): b' 2493,9,5,768,0,170,5,2,7,1,2,-52,0,277,5740,61,0,0 '
Received from ('fd00::200:0:0:13', 8765, 0, 0): b' 2494,19,15,1536,0,551,7,6,7,1,2,-52,0,494,5158,146,0,0 '
Received from ('fd00::200:0:0:b', 8765, 0, 0): b' 2493,11,8,1024,10,538,2,23,7,1,1,-70,6,1244,11150,123,0,0 '
Received from ('fd00::200:0:0:e', 8765, 0, 0): b' 2496,14,11,1280,0,536,5,8,7,1,2,-70,0,386,6031,136,0,0 '
Received from ('fd00::200:0:0:1', 5678, 0, 0): b' 2495,1,0,256,0,6,0,0,4,0,0,0,10,2766,29662,2869,0,0 '
Received from ('fd00::200:0:0:3', 8765, 0, 0): b' 2496,3,1,512,0,529,7,2,7,1,1,-64,5,611,11601,165,0,0 '
Received from ('fd00::200:0:0:c', 8765, 0, 0): b' 2495,12,8,1024,0,162,7,18,7,1,4,-52,2,1701,13037,65,0,0 '
Received from ('fd00::200:0:0:10', 8765, 0, 0): b' 2497,16,11,1280,10,548,7,17,7,1,3,-70,2,1626,18577,132,0,0 '
Received from ('fd00::200:0:0:5', 8765, 0, 0): b' 2498,5,1,512,0,543,6,1,6,2,1,-94,10,2643,16763,166,0,0 '
Received from ('fd00::200:0:0:15', 8765, 0, 0): b' 2498,21,16,1536,10,571,7,7,5,1,3,-70,0,386,6280,142,0,0 '
Received from ('fd00::200:0:0:2', 8765, 0, 0): b' 2498,2,1,512,0,524,6,1,6,1,1,-88,7,2696,23482,167,0,0 '
Received from ('fd00::200:0:0:13', 8765, 0, 0): b' 2500,19,15,1536,0,553,7,6,7,1,2,-52,0,717,6308,147,0,0 '
Received from ('fd00::200:0:0:14', 8765, 0, 0): b' 2498,20,16,1536,10,589,7,5,7,1,3,-52,0,695,8287,148,0,0 '
Received from ('fd00::200:0:0:11', 8765, 0, 0): b' 2500,17,13,1280,0,158,7,1,7,1,4,-52,0,637,8825,64,0,0 '
Received from ('fd00::200:0:0:8', 8765, 0, 0): b' 2500,8,5,768,10,554,4,13,7,2,1,-70,10,2857,19178,163,0,0 '
Received from ('fd00::200:0:0:d', 8765, 0, 0): b' 2499,13,8,1024,0,133,5,1,7,1,3,-70,1,1114,14681,63,0,0 '
Received from ('fd00::200:0:0:9', 8765, 0, 0): b' 2500,9,5,768,0,172,5,2,7,1,2,-52,0,597,9152,62,0,0 '
Received from ('fd00::200:0:0:f', 8765, 0, 0): b' 2500,15,12,1280,10,526,7,14,7,1,3,-70,2,1906,19209,159,0,0 '
Received from ('fd00::200:0:0:6', 8765, 0, 0): b' 2500,6,2,768,0,139,7,6,7,1,4,-52,1,1156,18147,52,0,0 '
Received from ('fd00::200:0:0:7', 8765, 0, 0): b' 2501,7,2,768,0,580,8,9,7,1,2,-70,5,593,11148,160,0,0 '
Received from ('fd00::200:0:0:12', 8765, 0, 0): b' 2500,18,15,1536,10,604,6,5,5,1,1,-70,0,908,9474,149,0,0 '
Received from ('fd00::200:0:0:10', 8765, 0, 0): b' 2502,16,11,1280,10,550,7,17,7,1,3,-70,2,1103,7978,133,0,0 '
Received from ('fd00::200:0:0:b', 8765, 0, 0): b' 2502,11,8,1024,10,538,2,24,7,1,1,-70,6,2058,16933,124,0,0 '
Received from ('fd00::200:0:0:15', 8765, 0, 0): b' 2502,21,16,1536,0,571,7,7,5,1,3,-70,0,280,4079,142,0,0 '
Received from ('fd00::200:0:0:4', 8765, 0, 0): b' 2502,4,1,512,10,577,7,2,7,1,1,-66,0,715,13494,167,0,0 '
Received from ('fd00::200:0:0:e', 8765, 0, 0): b' 2504,14,11,1280,0,539,5,8,7,1,2,-70,0,777,8265,137,0,0 '
Received from ('fd00::200:0:0:a', 8765, 0, 0): b' 2503,10,6,1024,0,47,2,4,7,1,1,-52,0,958,14508,43,0,0 '
Received from ('fd00::200:0:0:c', 8765, 0, 0): b' 2503,12,8,1024,0,163,7,18,7,1,4,-52,2,1094,10889,65,0,0 '
Received from ('fd00::200:0:0:5', 8765, 0, 0): b' 2505,5,1,512,0,544,6,1,6,2,1,-94,10,3404,20864,167,0,0 '
Received from ('fd00::200:0:0:d', 8765, 0, 0): b' 2505,13,8,1024,0,135,5,1,7,1,3,-70,1,698,7869,63,0,0 '
Received from ('fd00::200:0:0:1', 5678, 0, 0): b' 2506,1,0,256,0,6,0,0,4,0,0,0,10,2725,28988,2884,0,0 '
Received from ('fd00::200:0:0:8', 8765, 0, 0): b' 2506,8,5,768,10,555,4,13,7,2,1,-70,10,2375,16456,163,0,0 '
Received from ('fd00::200:0:0:3', 8765, 0, 0): b' 2506,3,1,512,0,533,7,2,7,1,1,-64,5,949,14178,166,0,0 '
Received from ('fd00::200:0:0:f', 8765, 0, 0): b' 2507,15,12,1280,0,528,7,14,7,1,3,-70,2,979,10950,159,0,0 '
Received from ('fd00::200:0:0:2', 8765, 0, 0): b' 2508,2,1,512,10,525,6,1,6,1,1,-88,7,1767,18860,168,0,0 '
Received from ('fd00::200:0:0:7', 8765, 0, 0): b' 2508,7,2,768,0,583,8,9,7,1,2,-70,5,803,8848,161,0,0 '
Received from ('fd00::200:0:0:a', 8765, 0, 0): b' 2508,10,6,1024,0,49,2,4,7,1,1,-52,0,496,5563,43,0,0 '
Received from ('fd00::200:0:0:11', 8765, 0, 0): b' 2510,17,13,1280,0,160,7,1,7,1,4,-52,0,596,9865,65,0,0 '
Received from ('fd00::200:0:0:b', 8765, 0, 0): b' 2509,11,8,1024,0,539,2,24,7,1,1,-70,6,1152,11712,125,0,0 '
Received from ('fd00::200:0:0:9', 8765, 0, 0): b' 2510,9,5,768,0,174,5,2,7,1,2,-52,0,610,10996,62,0,0 '
Received from ('fd00::200:0:0:6', 8765, 0, 0): b' 2509,6,2,768,0,143,7,6,7,1,4,-52,1,1543,15526,53,0,0 '
Received from ('fd00::200:0:0:14', 8765, 0, 0): b' 2510,20,16,1536,10,591,7,5,7,1,3,-52,0,802,10571,149,0,0 '
Received from ('fd00::200:0:0:13', 8765, 0, 0): b' 2510,19,15,1536,0,555,7,6,7,1,2,-52,0,704,10470,147,0,0 '
Received from ('fd00::200:0:0:d', 8765, 0, 0): b' 2510,13,8,1024,0,136,5,1,7,1,3,-70,1,703,6619,64,0,0 '
Received from ('fd00::200:0:0:10', 8765, 0, 0): b' 2510,16,11,1280,0,551,7,17,7,1,3,-70,2,1342,15058,133,0,0 '
Received from ('fd00::200:0:0:1', 5678, 0, 0): b' 2513,1,0,256,0,6,0,0,4,0,0,0,10,1452,17456,2891,0,0 '
Received from ('fd00::200:0:0:4', 8765, 0, 0): b' 2513,4,1,512,0,578,7,2,7,1,1,-66,0,532,12213,168,0,0 '
Received from ('fd00::200:0:0:12', 8765, 0, 0): b' 2511,18,15,1536,0,606,6,5,5,1,1,-70,0,802,10387,150,0,0 '
Received from ('fd00::200:0:0:5', 8765, 0, 0): b' 2514,5,1,512,0,545,6,1,6,2,1,-94,10,3211,20984,167,0,0 '
Received from ('fd00::200:0:0:8', 8765, 0, 0): b' 2513,8,5,768,60,559,4,13,7,1,1,-70,10,2968,19239,164,0,0 '
Received from ('fd00::200:0:0:7', 8765, 0, 0): b' 2513,7,2,768,0,585,8,9,7,1,2,-70,5,490,7191,161,0,0 '
Received from ('fd00::200:0:0:15', 8765, 0, 0): b' 2513,21,16,1536,0,574,7,7,5,1,3,-70,0,704,9447,143,0,0 '
Received from ('fd00::200:0:0:c', 8765, 0, 0): b' 2512,12,8,1024,0,166,7,18,7,1,4,-52,2,1673,12552,66,0,0 '
Received from ('fd00::200:0:0:3', 8765, 0, 0): b' 2515,3,1,512,10,535,7,2,7,1,1,-64,5,483,10792,167,0,0 '
Received from ('fd00::200:0:0:f', 8765, 0, 0): b' 2512,15,12,1280,0,528,7,14,7,1,3,-70,2,1018,9395,160,0,0 '
Received from ('fd00::200:0:0:6', 8765, 0, 0): b' 2515,6,2,768,0,145,7,6,7,1,4,-52,1,716,9337,53,0,0 '
Received from ('fd00::200:0:0:e', 8765, 0, 0): b' 2514,14,11,1280,0,544,5,8,7,1,2,-70,0,1015,10657,138,0,0 '
Received from ('fd00::200:0:0:12', 8765, 0, 0): b' 2515,18,15,1536,0,607,6,5,5,1,1,-70,0,363,4245,150,0,0 '
Received from ('fd00::200:0:0:14', 8765, 0, 0): b' 2517,20,16,1536,0,592,7,5,7,1,3,-52,0,413,7177,149,0,0 '
Received from ('fd00::200:0:0:c', 8765, 0, 0): b' 2516,12,8,1024,0,169,7,18,7,1,4,-52,2,808,7259,66,0,0 '
Received from ('fd00::200:0:0:9', 8765, 0, 0): b' 2518,9,5,768,0,176,5,2,7,1,2,-52,0,598,10482,63,0,0 '
Received from ('fd00::200:0:0:5', 8765, 0, 0): b' 2518,5,1,512,0,545,6,1,6,2,1,-94,10,2258,13132,168,0,0 '
Received from ('fd00::200:0:0:1', 5678, 0, 0): b' 2519,1,0,256,0,6,0,0,4,0,0,0,10,1685,18479,2900,0,0 '
Received from ('fd00::200:0:0:2', 8765, 0, 0): b' 2519,2,1,512,10,527,6,1,6,1,1,-88,7,2311,21995,168,0,0 '
Received from ('fd00::200:0:0:b', 8765, 0, 0): b' 2519,11,8,1024,10,541,2,24,7,1,1,-70,6,2108,17322,125,0,0 '
Received from ('fd00::200:0:0:a', 8765, 0, 0): b' 2519,10,6,1024,0,51,2,4,7,1,1,-52,0,823,13856,44,0,0 '
Received from ('fd00::200:0:0:13', 8765, 0, 0): b' 2519,19,15,1536,10,558,7,6,7,1,2,-52,0,598,9499,148,0,0 '
Received from ('fd00::200:0:0:4', 8765, 0, 0): b' 2521,4,1,512,0,581,7,2,7,1,1,-66,0,794,11178,169,0,0 '
Received from ('fd00::200:0:0:11', 8765, 0, 0): b' 2522,17,13,1280,0,162,7,1,7,1,4,-52,0,718,10711,66,0,0 '
Received from ('fd00::200:0:0:c', 8765, 0, 0): b' 2521,12,8,1024,0,169,7,18,7,1,4,-52,2,543,5654,66,0,0 '
Received from ('fd00::200:0:0:3', 8765, 0, 0): b' 2523,3,1,512,0,536,7,2,7,1,1,-64,5,613,9141,167,0,0 '
Received from ('fd00::200:0:0:6', 8765, 0, 0): b' 2522,6,2,768,10,148,7,6,7,1,4,-52,1,803,10063,54,0,0 '
Received from ('fd00::200:0:0:d', 8765, 0, 0): b' 2521,13,8,1024,0,140,5,1,7,1,3,-70,1,1283,14328,64,0,0 '
Received from ('fd00::200:0:0:5', 8765, 0, 0): b' 2523,5,1,512,10,546,6,1,6,2,1,-94,10,1694,11710,168,0,0 '
Received from ('fd00::200:0:0:9', 8765, 0, 0): b' 2522,9,5,768,0,178,5,2,7,1,2,-52,0,532,6863,63,0,0 '
Received from ('fd00::200:0:0:8', 8765, 0, 0): b' 2523,8,5,768,50,561,4,13,7,1,1,-70,10,4068,27457,164,0,0 '
Received from ('fd00::200:0:0:10', 8765, 0, 0): b' 2522,16,11,1280,0,553,7,17,7,1,3,-70,2,1801,18682,134,0,0 '
Received from ('fd00::200:0:0:2', 8765, 0, 0): b' 2523,2,1,512,20,529,6,1,6,1,1,-88,7,1437,12907,169,0,0 '
Received from ('fd00::200:0:0:7', 8765, 0, 0): b' 2524,7,2,768,0,586,8,9,7,1,2,-70,5,803,13582,162,0,0 '
Received from ('fd00::200:0:0:12', 8765, 0, 0): b' 2522,18,15,1536,10,609,6,5,5,1,1,-70,0,493,6651,150,0,0 '
Received from ('fd00::200:0:0:15', 8765, 0, 0): b' 2524,21,16,1536,0,576,7,7,5,1,3,-70,0,688,10033,144,0,0 '
Received from ('fd00::200:0:0:f', 8765, 0, 0): b' 2522,15,12,1280,0,534,7,14,7,1,3,-70,2,1954,17862,161,0,0 '
Received from ('fd00::200:0:0:a', 8765, 0, 0): b' 2525,10,6,1024,0,51,2,4,7,1,1,-52,0,470,7499,45,0,0 '
Received from ('fd00::200:0:0:e', 8765, 0, 0): b' 2524,14,11,1280,0,548,5,8,7,1,2,-70,0,879,10657,138,0,0 '
Received from ('fd00::200:0:0:6', 8765, 0, 0): b' 2527,6,2,768,0,149,7,6,7,1,4,-52,1,927,8800,54,0,0 '
Received from ('fd00::200:0:0:14', 8765, 0, 0): b' 2525,20,16,1536,0,593,8,5,7,1,3,-52,0,643,7703,150,0,0 '
Received from ('fd00::200:0:0:1', 5678, 0, 0): b' 2528,1,0,256,0,6,0,0,4,0,0,0,10,2310,24143,2912,0,0 '
Received from ('fd00::200:0:0:10', 8765, 0, 0): b' 2526,16,11,1280,0,554,7,17,7,1,3,-70,2,706,7092,134,0,0 '
Received from ('fd00::200:0:0:b', 8765, 0, 0): b' 2526,11,8,1024,10,545,2,24,7,1,1,-70,6,2088,14074,126,0,0 '
Received from ('fd00::200:0:0:4', 8765, 0, 0): b' 2529,4,1,512,0,581,7,2,7,1,1,-66,0,301,8866,169,0,0 '
Received from ('fd00::200:0:0:d', 8765, 0, 0): b' 2527,13,8,1024,0,141,5,1,7,1,3,-70,1,583,7501,65,0,0 '
Received from ('fd00::200:0:0:11', 8765, 0, 0): b' 2530,17,13,1280,0,165,7,1,7,1,4,-52,0,721,7642,66,0,0 '
Received from ('fd00::200:0:0:5', 8765, 0, 0): b' 2530,5,1,512,0,548,6,1,6,2,1,-94,10,3565,18588,168,0,0 '
Received from ('fd00::200:0:0:f', 8765, 0, 0): b' 2528,15,12,1280,0,536,7,14,7,1,3,-70,2,963,9800,161,0,0 '
Received from ('fd00::200:0:0:15', 8765, 0, 0): b' 2529,21,16,1536,0,578,7,7,5,1,3,-70,0,591,5239,144,0,0 '
Received from ('fd00::200:0:0:9', 8765, 0, 0): b' 2530,9,5,768,0,180,5,2,7,1,2,-52,0,722,9963,64,0,0 '
Received from ('fd00::200:0:0:13', 8765, 0, 0): b' 2528,19,15,1536,20,564,7,6,7,1,2,-52,0,1099,9826,149,0,0 '
Received from ('fd00::200:0:0:7', 8765, 0, 0): b' 2530,7,2,768,0,588,8,9,7,1,2,-70,5,636,9525,162,0,0 '
Received from ('fd00::200:0:0:8', 8765, 0, 0): b' 2531,8,5,768,30,563,4,13,7,1,1,-70,10,3907,23729,165,0,0 '
Received from ('fd00::200:0:0:3', 8765, 0, 0): b' 2532,3,1,512,0,539,7,2,7,1,1,-64,5,957,13200,168,0,0 '
Received from ('fd00::200:0:0:e', 8765, 0, 0): b' 2528,14,11,1280,0,549,5,8,7,1,2,-70,0,419,4175,139,0,0 '
Received from ('fd00::200:0:0:a', 8765, 0, 0): b' 2532,10,6,1024,0,53,2,4,7,1,1,-52,0,587,8317,45,0,0 '
Received from ('fd00::200:0:0:12', 8765, 0, 0): b' 2531,18,15,1536,0,610,6,5,5,1,1,-70,0,588,8607,151,0,0 '
Received from ('fd00::200:0:0:d', 8765, 0, 0): b' 2531,13,8,1024,0,141,5,1,7,1,3,-70,1,582,6228,65,0,0 '
Received from ('fd00::200:0:0:b', 8765, 0, 0): b' 2531,11,8,1024,10,548,2,24,7,1,1,-70,6,1423,10807,126,0,0 '
Received from ('fd00::200:0:0:2', 8765, 0, 0): b' 2533,2,1,512,0,532,6,1,6,1,1,-88,7,2163,19287,169,0,0 '
Received from ('fd00::200:0:0:c', 8765, 0, 0): b' 2532,12,8,1024,10,170,7,18,7,1,4,-52,2,1894,16531,67,0,0 '
Received from ('fd00::200:0:0:f', 8765, 0, 0): b' 2532,15,12,1280,0,537,7,14,7,1,3,-70,2,829,7041,161,0,0 '
Received from ('fd00::200:0:0:1', 5678, 0, 0): b' 2535,1,0,256,0,6,0,0,4,0,0,0,10,1676,17892,2921,0,0 '
Received from ('fd00::200:0:0:11', 8765, 0, 0): b' 2535,17,13,1280,0,166,7,1,7,1,4,-52,0,441,5657,67,0,0 '
Received from ('fd00::200:0:0:14', 8765, 0, 0): b' 2534,20,16,1536,0,595,8,5,7,1,3,-52,0,541,8597,150,0,0 '
Received from ('fd00::200:0:0:6', 8765, 0, 0): b' 2534,6,2,768,10,149,7,6,7,1,4,-52,1,644,11004,55,0,0 '
Received from ('fd00::200:0:0:4', 8765, 0, 0): b' 2536,4,1,512,0,581,7,2,7,1,1,-66,0,518,8941,170,0,0 '
Received from ('fd00::200:0:0:10', 8765, 0, 0): b' 2535,16,11,1280,10,560,7,17,7,1,3,-70,2,1973,16066,135,0,0 '
Received from ('fd00::200:0:0:15', 8765, 0, 0): b' 2536,21,16,1536,0,580,7,7,5,1,3,-70,0,549,6813,145,0,0 '
Received from ('fd00::200:0:0:5', 8765, 0, 0): b' 2537,5,1,512,0,550,6,1,6,2,1,-94,10,3681,20174,169,0,0 '
Received from ('fd00::200:0:0:9', 8765, 0, 0): b' 2536,9,5,768,0,182,5,2,7,1,2,-52,0,560,7736,64,0,0 '
Received from ('fd00::200:0:0:7', 8765, 0, 0): b' 2536,7,2,768,0,589,8,9,7,1,2,-70,5,443,7117,163,0,0 '
Received from ('fd00::200:0:0:3', 8765, 0, 0): b' 2538,3,1,512,0,541,7,2,7,1,1,-64,5,492,7645,168,0,0 '
Received from ('fd00::200:0:0:e', 8765, 0, 0): b' 2538,14,11,1280,0,554,5,8,7,1,2,-70,0,959,9946,139,0,0 '
Received from ('fd00::200:0:0:a', 8765, 0, 0): b' 2539,10,6,1024,0,56,2,4,7,1,1,-52,0,785,9317,46,0,0 '
Received from ('fd00::200:0:0:13', 8765, 0, 0): b' 2539,19,15,1536,0,566,7,6,7,1,2,-52,0,772,10493,149,0,0 '
Received from ('fd00::200:0:0:11', 8765, 0, 0): b' 2542,17,13,1280,0,168,7,1,7,1,4,-52,0,493,6146,67,0,0 '
Received from ('fd00::200:0:0:c', 8765, 0, 0): b' 2541,12,8,1024,10,173,7,18,7,1,4,-52,2,1392,12066,68,0,0 '
Received from ('fd00::200:0:0:8', 8765, 0, 0): b' 2540,8,5,768,10,567,4,13,7,2,1,-70,10,4297,26048,165,0,0 '
Received from ('fd00::200:0:0:4', 8765, 0, 0): b' 2541,4,1,512,0,585,7,2,7,1,1,-66,0,704,7288,170,0,0 '
Received from ('fd00::200:0:0:12', 8765, 0, 0): b' 2540,18,15,1536,20,612,6,5,5,1,1,-70,0,614,8198,152,0,0 '
Received from ('fd00::200:0:0:2', 8765, 0, 0): b' 2542,2,1,512,0,535,6,1,6,1,1,-88,7,2064,17685,170,0,0 '
Received from ('fd00::200:0:0:d', 8765, 0, 0): b' 2540,13,8,1024,0,142,5,1,7,1,3,-70,1,1168,12632,66,0,0 '
Received from ('fd00::200:0:0:14', 8765, 0, 0): b' 2542,20,16,1536,0,597,8,5,7,1,3,-52,0,670,7509,151,0,0 '
Received from ('fd00::200:0:0:f', 8765, 0, 0): b' 2542,15,12,1280,0,539,7,14,7,1,3,-70,2,1543,15553,162,0,0 '
Received from ('fd00::200:0:0:15', 8765, 0, 0): b' 2543,21,16,1536,0,580,8,7,5,1,3,-70,0,383,6377,145,0,0 '
Received from ('fd00::200:0:0:10', 8765, 0, 0): b' 2542,16,11,1280,0,562,8,17,7,1,3,-70,2,1406,12868,135,0,0 '
Received from ('fd00::200:0:0:5', 8765, 0, 0): b' 2544,5,1,512,0,552,6,1,6,2,1,-94,10,3942,22287,169,0,0 '
Received from ('fd00::200:0:0:b', 8765, 0, 0): b' 2543,11,8,1024,0,551,2,24,7,1,1,-70,6,3127,22476,127,0,0 '
Received from ('fd00::200:0:0:a', 8765, 0, 0): b' 2544,10,6,1024,0,57,2,4,7,1,1,-52,0,387,5634,46,0,0 '
Received from ('fd00::200:0:0:6', 8765, 0, 0): b' 2545,6,2,768,0,156,7,6,7,1,4,-52,1,1916,18389,55,0,0 '
Received from ('fd00::200:0:0:1', 5678, 0, 0): b' 2546,1,0,256,0,6,0,0,4,0,0,0,10,3068,31520,2937,0,0 '
Received from ('fd00::200:0:0:7', 8765, 0, 0): b' 2546,7,2,768,0,590,8,9,7,1,2,-70,5,552,11041,163,0,0 '
Received from ('fd00::200:0:0:9', 8765, 0, 0): b' 2545,9,5,768,0,187,5,2,7,1,2,-52,0,1039,11699,65,0,0 '
Received from ('fd00::200:0:0:15', 8765, 0, 0): b' 2547,21,16,1536,0,581,8,7,5,1,3,-70,0,362,3920,145,0,0 '
Received from ('fd00::200:0:0:12', 8765, 0, 0): b' 2546,18,15,1536,0,613,6,5,5,1,1,-70,0,467,6057,152,0,0 '
Received from ('fd00::200:0:0:c', 8765, 0, 0): b' 2547,12,8,1024,0,174,7,18,7,1,4,-52,2,1164,8970,68,0,0 '
Received from ('fd00::200:0:0:14', 8765, 0, 0): b' 2547,20,16,1536,0,597,8,5,7,1,3,-52,0,255,4499,151,0,0 '
Received from ('fd00::200:0:0:d', 8765, 0, 0): b' 2547,13,8,1024,0,146,5,1,7,1,3,-70,1,912,8784,66,0,0 '
Received from ('fd00::200:0:0:e', 8765, 0, 0): b' 2548,14,11,1280,0,556,5,8,7,1,2,-70,0,694,10059,140,0,0 '
Received from ('fd00::200:0:0:10', 8765, 0, 0): b' 2548,16,11,1280,0,563,8,17,7,1,3,-70,2,1358,11775,136,0,0 '
Received from ('fd00::200:0:0:3', 8765, 0, 0): b' 2551,3,1,512,0,544,7,2,7,1,1,-64,5,841,14431,169,0,0 '
Received from ('fd00::200:0:0:a', 8765, 0, 0): b' 2549,10,6,1024,0,59,2,4,7,1,1,-52,0,490,6377,46,0,0 '
Received from ('fd00::200:0:0:8', 8765, 0, 0): b' 2550,8,5,768,0,572,4,13,7,2,1,-70,10,4640,28293,166,0,0 '
Received from ('fd00::200:0:0:13', 8765, 0, 0): b' 2550,19,15,1536,10,569,7,6,7,1,2,-52,0,802,10373,150,0,0 '
Received from ('fd00::200:0:0:b', 8765, 0, 0): b' 2551,11,8,1024,0,554,2,24,7,1,1,-70,6,1783,13874,127,0,0 '
Received from ('fd00::200:0:0:2', 8765, 0, 0): b' 2552,2,1,512,0,538,6,1,6,1,1,-88,7,2008,19882,171,0,0 '
Received from ('fd00::200:0:0:4', 8765, 0, 0): b' 2552,4,1,512,10,588,7,2,7,1,1,-66,0,817,13574,171,0,0 '
Received from ('fd00::200:0:0:11', 8765, 0, 0): b' 2550,17,13,1280,10,169,7,1,7,1,4,-52,0,586,10280,68,0,0 '
Received from ('fd00::200:0:0:d', 8765, 0, 0): b' 2551,13,8,1024,10,148,5,1,7,1,3,-70,1,482,5469,66,0,0 '
Received from ('fd00::200:0:0:15', 8765, 0, 0): b' 2551,21,16,1536,0,581,8,7,5,1,3,-70,0,335,5649,146,0,0 '
Received from ('fd00::200:0:0:12', 8765, 0, 0): b' 2552,18,15,1536,0,613,6,5,5,1,1,-70,0,255,4753,152,0,0 '
Received from ('fd00::200:0:0:7', 8765, 0, 0): b' 2553,7,2,768,0,590,8,9,7,1,2,-70,5,458,8135,164,0,0 '
Received from ('fd00::200:0:0:5', 8765, 0, 0): b' 2554,5,1,512,0,554,6,1,6,2,1,-94,10,3900,25843,170,0,0 '
Received from ('fd00::200:0:0:f', 8765, 0, 0): b' 2554,15,12,1280,0,543,7,14,7,1,3,-70,2,1858,19357,163,0,0 '
Received from ('fd00::200:0:0:8', 8765, 0, 0): b' 2554,8,5,768,0,573,4,13,7,2,1,-70,10,2209,12443,166,0,0 '
Received from ('fd00::200:0:0:c', 8765, 0, 0): b' 2555,12,8,1024,0,177,7,18,7,1,4,-52,2,1582,13232,69,0,0 '
Received from ('fd00::200:0:0:1', 5678, 0, 0): b' 2557,1,0,256,0,6,0,0,4,0,0,0,10,2499,27105,2951,0,0 '
Received from ('fd00::200:0:0:6', 8765, 0, 0): b' 2557,6,2,768,0,159,7,6,7,1,4,-52,1,1320,18040,56,0,0 '
Received from ('fd00::200:0:0:14', 8765, 0, 0): b' 2555,20,16,1536,0,602,8,5,7,1,3,-52,0,1015,10242,152,0,0 '
Received from ('fd00::200:0:0:3', 8765, 0, 0): b' 2558,3,1,512,0,547,7,2,7,1,1,-64,5,697,9766,170,0,0 '
Received from ('fd00::200:0:0:5', 8765, 0, 0): b' 2559,5,1,512,20,554,6,1,6,2,1,-94,10,1645,11400,170,0,0 '
Received from ('fd00::200:0:0:9', 8765, 0, 0): b' 2557,9,5,768,0,189,5,2,7,1,2,-52,0,720,13741,66,0,0 '
Received from ('fd00::200:0:0:4', 8765, 0, 0): b' 2558,4,1,512,10,590,7,2,7,1,1,-66,0,385,7056,171,0,0 '
Received from ('fd00::200:0:0:10', 8765, 0, 0): b' 2556,16,11,1280,0,565,8,17,7,1,3,-70,2,1155,12900,136,0,0 '
Received from ('fd00::200:0:0:11', 8765, 0, 0): b' 2556,17,13,1280,0,172,7,1,7,1,4,-52,0,601,5887,68,0,0 '
Received from ('fd00::200:0:0:2', 8765, 0, 0): b' 2559,2,1,512,0,540,6,1,6,1,1,-88,7,1400,13469,171,0,0 '
Received from ('fd00::200:0:0:13', 8765, 0, 0): b' 2557,19,15,1536,0,572,7,6,7,1,2,-52,0,780,7285,151,0,0 '
Received from ('fd00::200:0:0:e', 8765, 0, 0): b' 2557,14,11,1280,0,559,5,8,7,1,2,-70,0,705,9298,141,0,0 '
Received from ('fd00::200:0:0:a', 8765, 0, 0): b' 2559,10,6,1024,0,61,2,4,7,1,1,-52,0,730,12578,47,0,0 '
Received from ('fd00::200:0:0:12', 8765, 0, 0): b' 2559,18,15,1536,0,616,6,5,5,1,1,-70,0,680,7452,153,0,0 '
Received from ('fd00::200:0:0:1', 5678, 0, 0): b' 2561,1,0,256,0,6,0,0,4,0,0,0,10,1171,12853,2957,0,0 '
Received from ('fd00::200:0:0:b', 8765, 0, 0): b' 2560,11,8,1024,0,556,2,24,7,1,1,-70,6,1816,16200,128,0,0 '
Received from ('fd00::200:0:0:c', 8765, 0, 0): b' 2559,12,8,1024,10,180,7,18,7,1,4,-52,2,1024,6959,69,0,0 '
Received from ('fd00::200:0:0:6', 8765, 0, 0): b' 2561,6,2,768,0,160,7,6,7,1,4,-52,1,590,6327,56,0,0 '
Received from ('fd00::200:0:0:7', 8765, 0, 0): b' 2561,7,2,768,0,592,8,9,7,1,2,-70,5,659,10557,164,0,0 '
Received from ('fd00::200:0:0:4', 8765, 0, 0): b' 2562,4,1,512,0,591,7,2,7,1,1,-66,0,491,5792,171,0,0 '
Received from ('fd00::200:0:0:15', 8765, 0, 0): b' 2560,21,16,1536,0,582,8,7,5,1,3,-70,0,531,9240,146,0,0 '
Received from ('fd00::200:0:0:9', 8765, 0, 0): b' 2562,9,5,768,0,192,5,2,7,1,2,-52,0,597,6720,66,0,0 '
Received from ('fd00::200:0:0:10', 8765, 0, 0): b' 2561,16,11,1280,0,565,8,17,7,1,3,-70,2,603,7648,137,0,0 '
Received from ('fd00::200:0:0:8', 8765, 0, 0): b' 2563,8,5,768,0,574,4,13,7,2,1,-70,10,3276,22520,167,0,0 '
Received from ('fd00::200:0:0:d', 8765, 0, 0): b' 2563,13,8,1024,0,157,5,1,7,1,3,-70,1,2260,17180,67,0,0 '
Received from ('fd00::200:0:0:11', 8765, 0, 0): b' 2563,17,13,1280,0,175,7,1,7,1,4,-52,0,679,7017,69,0,0 '
Received from ('fd00::200:0:0:14', 8765, 0, 0): b' 2563,20,16,1536,0,604,8,5,7,1,3,-52,0,576,7528,153,0,0 '
Received from ('fd00::200:0:0:2', 8765, 0, 0): b' 2565,2,1,512,10,541,6,1,6,1,1,-88,7,1458,13590,172,0,0 '
Received from ('fd00::200:0:0:c', 8765, 0, 0): b' 2564,12,8,1024,0,180,7,18,7,1,4,-52,2,392,5455,69,0,0 '
Received from ('fd00::200:0:0:e', 8765, 0, 0): b' 2564,14,11,1280,0,559,5,8,7,1,2,-70,0,279,5855,141,0,0 '
Received from ('fd00::200:0:0:f', 8765, 0, 0): b' 2564,15,12,1280,0,545,7,14,7,1,3,-70,2,1684,18251,163,0,0 '
Received from ('fd00::200:0:0:3', 8765, 0, 0): b' 2566,3,1,512,10,550,7,2,7,1,1,-64,5,611,10266,170,0,0 '
Received from ('fd00::200:0:0:13', 8765, 0, 0): b' 2566,19,15,1536,0,573,7,6,7,1,2,-52,0,410,7839,151,0,0 '
Received from ('fd00::200:0:0:b', 8765, 0, 0): b' 2567,11,8,1024,0,558,2,24,7,1,1,-70,6,1583,12122,129,0,0 '
Received from ('fd00::200:0:0:5', 8765, 0, 0): b' 2568,5,1,512,10,557,6,1,6,2,1,-94,10,4777,29188,171,0,0 '
Received from ('fd00::200:0:0:10', 8765, 0, 0): b' 2567,16,11,1280,0,567,8,17,7,1,3,-70,2,1108,10280,137,0,0 '
Received from ('fd00::200:0:0:12', 8765, 0, 0): b' 2568,18,15,1536,0,620,6,5,5,1,1,-70,0,852,9221,153,0,0 '
Received from ('fd00::200:0:0:1', 5678, 0, 0): b' 2570,1,0,256,0,6,0,0,4,0,0,0,10,2251,24211,2970,0,0 '
Received from ('fd00::200:0:0:3', 8765, 0, 0): b' 2570,3,1,512,0,552,7,2,7,1,1,-64,5,575,5607,170,0,0 '
Received from ('fd00::200:0:0:a', 8765, 0, 0): b' 2569,10,6,1024,0,63,2,4,7,1,1,-52,0,800,12377,48,0,0 '
Received from ('fd00::200:0:0:c', 8765, 0, 0): b' 2569,12,8,1024,0,182,7,18,7,1,4,-52,2,1271,8153,70,0,0 '
Received from ('fd00::200:0:0:15', 8765, 0, 0): b' 2569,21,16,1536,0,585,8,7,5,1,3,-70,0,680,8190,147,0,0 '
Received from ('fd00::200:0:0:9', 8765, 0, 0): b' 2570,9,5,768,10,193,5,2,7,1,2,-52,0,406,9085,67,0,0 '
Received from ('fd00::200:0:0:6', 8765, 0, 0): b' 2571,6,2,768,0,162,7,6,7,1,4,-52,1,1239,15755,57,0,0 '
Received from ('fd00::200:0:0:8', 8765, 0, 0): b' 2571,8,5,768,0,575,4,13,7,2,1,-70,10,3350,21027,167,0,0 '
Received from ('fd00::200:0:0:4', 8765, 0, 0): b' 2572,4,1,512,10,594,7,2,7,1,1,-66,0,696,12215,172,0,0 '
Received from ('fd00::200:0:0:d', 8765, 0, 0): b' 2571,13,8,1024,10,160,5,1,7,1,3,-70,1,832,10648,68,0,0 '
Received from ('fd00::200:0:0:7', 8765, 0, 0): b' 2572,7,2,768,0,596,8,9,7,1,2,-70,5,1055,14049,165,0,0 '
Received from ('fd00::200:0:0:f', 8765, 0, 0): b' 2570,15,12,1280,0,548,7,14,7,1,3,-70,2,1656,13163,164,0,0 '
Received from ('fd00::200:0:0:2', 8765, 0, 0): b' 2574,2,1,512,0,541,6,1,6,1,1,-88,7,1436,16029,172,0,0 '
Received from ('fd00::200:0:0:14', 8765, 0, 0): b' 2571,20,16,1536,0,607,8,5,7,1,3,-52,0,624,8081,153,0,0 '
Received from ('fd00::200:0:0:e', 8765, 0, 0): b' 2572,14,11,1280,0,563,5,8,7,1,2,-70,0,721,7787,141,0,0 '
Received from ('fd00::200:0:0:1', 5678, 0, 0): b' 2575,1,0,256,0,6,0,0,4,0,0,0,10,1170,12040,2976,0,0 '
Received from ('fd00::200:0:0:11', 8765, 0, 0): b' 2572,17,13,1280,0,175,7,1,7,1,4,-52,0,424,8822,69,0,0 '
Received from ('fd00::200:0:0:10', 8765, 0, 0): b' 2572,16,11,1280,0,567,8,17,7,1,3,-70,2,887,8422,138,0,0 '
Received from ('fd00::200:0:0:a', 8765, 0, 0): b' 2575,10,6,1024,0,66,2,4,7,1,1,-52,0,626,7311,48,0,0 '
Received from ('fd00::200:0:0:5', 8765, 0, 0): b' 2577,5,1,512,0,558,6,1,6,2,1,-94,10,3492,22239,172,0,0 '
Received from ('fd00::200:0:0:c', 8765, 0, 0): b' 2575,12,8,1024,0,183,7,18,7,1,4,-52,2,939,8459,70,0,0 '
Received from ('fd00::200:0:0:13', 8765, 0, 0): b' 2576,19,15,1536,0,578,7,6,7,1,2,-52,0,1015,10068,152,0,0 '
Received from ('fd00::200:0:0:4', 8765, 0, 0): b' 2577,4,1,512,0,596,7,2,7,1,1,-66,0,492,6647,172,0,0 '
Received from ('fd00::200:0:0:12', 8765, 0, 0): b' 2576,18,15,1536,0,623,6,5,5,1,1,-70,0,680,7635,154,0,0 '
Received from ('fd00::200:0:0:6', 8765, 0, 0): b' 2577,6,2,768,0,162,7,6,7,1,4,-52,1,646,10250,58,0,0 '
Received from ('fd00::200:0:0:b', 8765, 0, 0): b' 2577,11,8,1024,0,561,2,24,7,1,1,-70,6,2154,17941,129,0,0 '
Received from ('fd00::200:0:0:f', 8765, 0, 0): b' 2577,15,12,1280,0,548,7,14,7,1,3,-70,2,777,74688,164,0,0 '
Received from ('fd00::200:0:0:9', 8765, 0, 0): b' 2579,9,5,768,0,193,5,2,7,1,2,-52,0,384,9837,67,0,0 '
Received from ('fd00::200:0:0:7', 8765, 0, 0): b' 2579,7,2,768,0,597,8,10,7,1,2,-70,5,413,7690,165,0,0 '
Received from ('fd00::200:0:0:3', 8765, 0, 0): b' 2579,3,1,512,10,554,7,2,7,1,1,-64,5,589,11292,171,0,0 '
Received from ('fd00::200:0:0:2', 8765, 0, 0): b' 2580,2,1,512,0,541,6,1,6,1,1,-88,7,1233,12485,172,0,0 '
Received from ('fd00::200:0:0:8', 8765, 0, 0): b' 2580,8,5,768,10,578,4,13,7,2,1,-70,10,3623,23400,168,0,0 '
Received from ('fd00::200:0:0:10', 8765, 0, 0): b' 2578,16,11,1280,0,568,8,17,7,1,3,-70,2,825,9295,138,0,0 '
Received from ('fd00::200:0:0:f', 8765, 0, 0): b' 2582,15,12,1280,0,548,7,14,7,1,3,-70,2,510,6371,165,0,0 '
Received from ('fd00::200:0:0:15', 8765, 0, 0): b' 2581,21,16,1536,0,588,8,7,5,1,3,-70,0,825,11281,148,0,0 '
Received from ('fd00::200:0:0:4', 8765, 0, 0): b' 2583,4,1,512,0,598,7,2,7,1,1,-66,0,635,7710,173,0,0 '
Received from ('fd00::200:0:0:e', 8765, 0, 0): b' 2582,14,11,1280,0,567,5,8,7,1,2,-70,0,908,9718,142,0,0 '
Received from ('fd00::200:0:0:d', 8765, 0, 0): b' 2583,13,8,1024,0,162,5,1,7,1,3,-70,1,1233,14435,68,0,0 '
Received from ('fd00::200:0:0:c', 8765, 0, 0): b' 2583,12,8,1024,10,183,7,18,7,1,4,-52,2,1231,10909,71,0,0 '
Received from ('fd00::200:0:0:11', 8765, 0, 0): b' 2582,17,13,1280,0,178,7,1,7,1,4,-52,0,776,8876,70,0,0 '
Received from ('fd00::200:0:0:5', 8765, 0, 0): b' 2585,5,1,512,20,560,6,1,6,2,1,-94,10,3489,21825,172,0,0 '
Received from ('fd00::200:0:0:12', 8765, 0, 0): b' 2582,18,15,1536,10,624,6,5,5,1,1,-70,0,279,5131,154,0,0 '
Received from ('fd00::200:0:0:10', 8765, 0, 0): b' 2582,16,11,1280,0,568,8,17,7,1,3,-70,2,603,6831,138,0,0 '
Received from ('fd00::200:0:0:2', 8765, 0, 0): b' 2585,2,1,512,0,543,6,1,6,1,1,-88,7,1177,10885,173,0,0 '
Received from ('fd00::200:0:0:14', 8765, 0, 0): b' 2583,20,16,1536,0,610,8,5,7,1,3,-52,0,825,11113,154,0,0 '
Received from ('fd00::200:0:0:6', 8765, 0, 0): b' 2585,6,2,768,0,163,7,6,7,1,4,-52,1,879,11559,58,0,0 '
Received from ('fd00::200:0:0:9', 8765, 0, 0): b' 2585,9,5,768,0,194,5,2,7,1,2,-52,0,633,7856,67,0,0 '
Received from ('fd00::200:0:0:13', 8765, 0, 0): b' 2585,19,15,1536,0,580,7,6,7,1,2,-52,0,641,8686,152,0,0 '
Received from ('fd00::200:0:0:1', 5678, 0, 0): b' 2586,1,0,256,0,6,0,0,4,0,0,0,10,2819,30645,2990,0,0 '
Received from ('fd00::200:0:0:b', 8765, 0, 0): b' 2586,11,8,1024,0,562,2,24,7,1,1,-70,6,1681,14207,130,0,0 '
Received from ('fd00::200:0:0:a', 8765, 0, 0): b' 2585,10,6,1024,0,69,2,4,7,1,1,-52,0,827,12607,49,0,0 '
Received from ('fd00::200:0:0:7', 8765, 0, 0): b' 2587,7,2,768,0,599,8,10,7,1,2,-70,5,947,10842,166,0,0 '
Received from ('fd00::200:0:0:f', 8765, 0, 0): b' 2587,15,12,1280,0,549,7,14,7,1,3,-70,2,824,8143,165,0,0 '
Received from ('fd00::200:0:0:8', 8765, 0, 0): b' 2588,8,5,768,0,578,4,13,7,2,1,-70,10,3159,21093,169,0,0 '
Received from ('fd00::200:0:0:e', 8765, 0, 0): b' 2587,14,11,1280,0,568,5,8,7,1,2,-70,0,442,5373,143,0,0 '
Received from ('fd00::200:0:0:5', 8765, 0, 0): b' 2590,5,1,512,0,562,6,1,6,2,1,-94,10,2705,15410,172,0,0 '
Received from ('fd00::200:0:0:15', 8765, 0, 0): b' 2587,21,16,1536,0,590,8,7,5,1,3,-70,0,494,6061,148,0,0 '
Received from ('fd00::200:0:0:d', 8765, 0, 0): b' 2590,13,8,1024,0,163,5,1,7,1,3,-70,1,729,9088,69,0,0 '
Received from ('fd00::200:0:0:3', 8765, 0, 0): b' 2591,3,1,512,0,557,7,2,7,1,1,-64,5,843,13983,172,0,0 '
Received from ('fd00::200:0:0:c', 8765, 0, 0): b' 2590,12,8,1024,0,186,7,18,7,1,4,-52,2,1344,10925,71,0,0 '
Received from ('fd00::200:0:0:12', 8765, 0, 0): b' 2590,18,15,1536,10,624,6,5,5,1,1,-70,0,540,7503,155,0,0 '
Received from ('fd00::200:0:0:13', 8765, 0, 0): b' 2592,19,15,1536,0,581,7,6,7,1,2,-52,0,442,6278,153,0,0 '
Received from ('fd00::200:0:0:7', 8765, 0, 0): b' 2592,7,2,768,0,600,8,10,7,1,2,-70,5,385,6839,166,0,0 '
Received from ('fd00::200:0:0:4', 8765, 0, 0): b' 2593,4,1,512,0,598,7,2,7,1,1,-66,0,421,12119,173,0,0 '
Received from ('fd00::200:0:0:10', 8765, 0, 0): b' 2592,16,11,1280,10,570,8,17,7,1,3,-70,2,1390,15548,139,0,0 '
Received from ('fd00::200:0:0:11', 8765, 0, 0): b' 2592,17,13,1280,10,180,7,1,7,1,4,-52,0,693,9712,71,0,0 '
Received from ('fd00::200:0:0:2', 8765, 0, 0): b' 2595,2,1,512,10,547,6,1,6,1,1,-88,7,1959,19961,173,0,0 '
Received from ('fd00::200:0:0:14', 8765, 0, 0): b' 2593,20,16,1536,0,614,8,5,7,1,3,-52,0,853,9780,154,0,0 '
Received from ('fd00::200:0:0:12', 8765, 0, 0): b' 2594,18,15,1536,0,626,6,5,5,1,1,-70,0,397,4648,155,0,0 '
Received from ('fd00::200:0:0:d', 8765, 0, 0): b' 2595,13,8,1024,0,164,5,1,7,1,3,-70,1,685,6292,69,0,0 '
Received from ('fd00::200:0:0:9', 8765, 0, 0): b' 2597,9,5,768,0,198,5,2,7,1,2,-52,0,932,13760,68,0,0 '
Received from ('fd00::200:0:0:8', 8765, 0, 0): b' 2598,8,5,768,0,581,4,13,7,2,1,-70,10,3470,23992,169,0,0 '
Received from ('fd00::200:0:0:b', 8765, 0, 0): b' 2596,11,8,1024,0,562,2,24,7,1,1,-70,6,1839,18549,130,0,0 '
Received from ('fd00::200:0:0:6', 8765, 0, 0): b' 2596,6,2,768,0,166,7,6,7,1,4,-52,1,1220,17795,59,0,0 '
Received from ('fd00::200:0:0:1', 5678, 0, 0): b' 2598,1,0,256,0,6,0,0,4,0,0,0,10,2837,31076,3005,0,0 '
Received from ('fd00::200:0:0:a', 8765, 0, 0): b' 2596,10,6,1024,0,72,2,4,7,1,1,-52,0,844,12566,49,0,0 '
Received from ('fd00::200:0:0:f', 8765, 0, 0): b' 2597,15,12,1280,0,550,7,14,7,1,3,-70,2,1546,16758,166,0,0 '
Received from ('fd00::200:0:0:7', 8765, 0, 0): b' 2597,7,2,768,10,601,8,10,7,1,2,-70,5,444,6224,167,0,0 '
Received from ('fd00::200:0:0:e', 8765, 0, 0): b' 2596,14,11,1280,0,570,5,8,7,1,2,-70,0,517,8268,143,0,0 '
Received from ('fd00::200:0:0:5', 8765, 0, 0): b' 2599,5,1,512,10,564,6,1,6,2,1,-94,10,3897,25900,173,0,0 '
Received from ('fd00::200:0:0:c', 8765, 0, 0): b' 2598,12,8,1024,20,188,7,18,7,1,4,-52,2,1515,11532,72,0,0 '
Received from ('fd00::200:0:0:3', 8765, 0, 0): b' 2600,3,1,512,10,561,7,2,7,1,1,-64,5,743,11287,172,0,0 '
Received from ('fd00::200:0:0:10', 8765, 0, 0): b' 2598,16,11,1280,10,570,8,17,7,1,3,-70,2,843,9290,139,0,0 '
Received from ('fd00::200:0:0:2', 8765, 0, 0): b' 2600,2,1,512,0,549,6,1,6,1,1,-88,7,1565,11263,174,0,0 '
Received from ('fd00::200:0:0:15', 8765, 0, 0): b' 2599,21,16,1536,0,591,8,7,5,1,3,-70,0,611,10242,149,0,0 '
Received from ('fd00::200:0:0:d', 8765, 0, 0): b' 2600,13,8,1024,0,165,5,1,7,1,3,-70,1,580,7308,70,0,0 '
Received from ('fd00::200:0:0:4', 8765, 0, 0): b' 2601,4,1,512,0,601,7,2,7,1,1,-66,0,697,9435,174,0,0 '
Received from ('fd00::200:0:0:11', 8765, 0, 0): b' 2599,17,13,1280,0,182,7,1,7,1,4,-52,0,518,6752,71,0,0 '
Received from ('fd00::200:0:0:a', 8765, 0, 0): b' 2601,10,6,1024,0,73,2,4,7,1,1,-52,0,576,6976,50,0,0 '
Received from ('fd00::200:0:0:f', 8765, 0, 0): b' 2603,15,12,1280,10,552,7,14,7,1,3,-70,2,991,10789,166,0,0 '
Received from ('fd00::200:0:0:12', 8765, 0, 0): b' 2603,18,15,1536,0,627,6,5,5,1,1,-70,0,563,8150,156,0,0 '
Received from ('fd00::200:0:0:10', 8765, 0, 0): b' 2603,16,11,1280,0,570,8,17,7,1,3,-70,2,627,8025,139,0,0 '
Received from ('fd00::200:0:0:13', 8765, 0, 0): b' 2605,19,15,1536,0,586,7,6,7,1,2,-52,0,1067,11952,154,0,0 '
Received from ('fd00::200:0:0:6', 8765, 0, 0): b' 2605,6,2,768,0,167,7,6,7,1,4,-52,1,1046,13393,59,0,0 '
Received from ('fd00::200:0:0:8', 8765, 0, 0): b' 2607,8,5,768,0,583,4,13,7,2,1,-70,10,3670,23964,170,0,0 '
Received from ('fd00::200:0:0:9', 8765, 0, 0): b' 2607,9,5,768,0,200,5,2,7,1,2,-52,0,622,11572,69,0,0 '
Received from ('fd00::200:0:0:7', 8765, 0, 0): b' 2605,7,2,768,10,601,8,10,7,1,2,-70,5,423,9412,167,0,0 '
Received from ('fd00::200:0:0:b', 8765, 0, 0): b' 2606,11,8,1024,10,563,2,24,7,1,1,-70,6,1765,16575,131,0,0 '
Received from ('fd00::200:0:0:5', 8765, 0, 0): b' 2608,5,1,512,10,565,6,1,6,2,1,-94,10,3574,23149,174,0,0 '
Received from ('fd00::200:0:0:14', 8765, 0, 0): b' 2605,20,16,1536,0,616,8,5,7,1,3,-52,0,815,11280,155,0,0 '
Received from ('fd00::200:0:0:c', 8765, 0, 0): b' 2607,12,8,1024,0,192,7,18,7,1,4,-52,2,1525,11963,72,0,0 '
Received from ('fd00::200:0:0:3', 8765, 0, 0): b' 2608,3,1,512,0,564,7,2,7,1,1,-64,5,878,9695,173,0,0 '
Received from ('fd00::200:0:0:15', 8765, 0, 0): b' 2606,21,16,1536,10,593,8,7,5,1,3,-70,0,591,7133,149,0,0 '
Received from ('fd00::200:0:0:e', 8765, 0, 0): b' 2606,14,11,1280,0,573,5,8,7,1,2,-70,0,825,10418,144,0,0 '
Received from ('fd00::200:0:0:4', 8765, 0, 0): b' 2609,4,1,512,0,605,7,2,7,1,1,-66,0,825,10342,174,0,0 '
Received from ('fd00::200:0:0:1', 5678, 0, 0): b' 2609,1,0,256,0,6,0,0,4,0,0,0,10,2996,31308,3020,0,0 '
Received from ('fd00::200:0:0:2', 8765, 0, 0): b' 2609,2,1,512,10,554,6,1,6,1,1,-88,7,1988,18825,174,0,0 '
Received from ('fd00::200:0:0:a', 8765, 0, 0): b' 2608,10,6,1024,0,74,2,4,7,1,1,-52,0,383,7698,50,0,0 '
Received from ('fd00::200:0:0:10', 8765, 0, 0): b' 2609,16,11,1280,0,570,8,17,7,1,3,-70,2,1045,10167,140,0,0 '
Received from ('fd00::200:0:0:d', 8765, 0, 0): b' 2610,13,8,1024,0,167,5,1,7,1,3,-70,1,1045,12746,70,0,0 '
Received from ('fd00::200:0:0:12', 8765, 0, 0): b' 2610,18,15,1536,0,627,6,5,5,1,1,-70,0,373,6704,156,0,0 '
Received from ('fd00::200:0:0:11', 8765, 0, 0): b' 2610,17,13,1280,10,183,7,1,7,1,4,-52,0,586,10163,72,0,0 '
Received from ('fd00::200:0:0:3', 8765, 0, 0): b' 2613,3,1,512,0,566,7,2,7,1,1,-64,5,515,8248,173,0,0 '
Received from ('fd00::200:0:0:2', 8765, 0, 0): b' 2613,2,1,512,0,554,6,1,6,1,1,-88,7,1141,9695,175,0,0 '
Received from ('fd00::200:0:0:f', 8765, 0, 0): b' 2613,15,12,1280,0,553,7,14,7,1,3,-70,2,1431,15529,167,0,0 '
Received from ('fd00::200:0:0:5', 8765, 0, 0): b' 2614,5,1,512,0,568,6,1,6,2,1,-94,10,2645,18981,174,0,0 '
Received from ('fd00::200:0:0:7', 8765, 0, 0): b' 2614,7,2,768,0,607,8,10,7,1,2,-70,5,1400,12554,168,0,0 '
Received from ('fd00::200:0:0:e', 8765, 0, 0): b' 2613,14,11,1280,0,575,5,8,7,1,2,-70,0,560,6462,144,0,0 '
Received from ('fd00::200:0:0:6', 8765, 0, 0): b' 2615,6,2,768,10,170,7,6,7,1,4,-52,1,1267,14938,60,0,0 '
Received from ('fd00::200:0:0:14', 8765, 0, 0): b' 2613,20,16,1536,0,618,8,5,7,1,3,-52,0,574,8300,156,0,0 '
Received from ('fd00::200:0:0:c', 8765, 0, 0): b' 2615,12,8,1024,0,194,7,18,7,1,4,-52,2,1353,11562,73,0,0 '
Received from ('fd00::200:0:0:8', 8765, 0, 0): b' 2616,8,5,768,20,584,4,13,7,2,1,-70,10,3975,27572,170,0,0 '
Received from ('fd00::200:0:0:9', 8765, 0, 0): b' 2616,9,5,768,0,202,5,2,7,1,2,-52,0,635,12077,69,0,0 '
Received from ('fd00::200:0:0:13', 8765, 0, 0): b' 2616,19,15,1536,0,589,7,6,7,1,2,-52,0,810,10785,154,0,0 '
Received from ('fd00::200:0:0:1', 5678, 0, 0): b' 2616,1,0,256,0,6,0,0,4,0,0,0,10,1859,18882,3030,0,0 '
Received from ('fd00::200:0:0:a', 8765, 0, 0): b' 2615,10,6,1024,0,75,2,4,7,1,1,-52,0,753,9643,51,0,0 '
Received from ('fd00::200:0:0:d', 8765, 0, 0): b' 2616,13,8,1024,0,170,5,1,7,1,3,-70,1,917,7366,71,0,0 '
Received from ('fd00::200:0:0:b', 8765, 0, 0): b' 2616,11,8,1024,0,565,2,24,7,1,1,-70,6,2023,16841,132,0,0 '
Received from ('fd00::200:0:0:10', 8765, 0, 0): b' 2615,16,11,1280,0,573,8,17,7,1,3,-70,2,1061,9802,140,0,0 '
Received from ('fd00::200:0:0:4', 8765, 0, 0): b' 2619,4,1,512,0,607,7,2,7,1,1,-66,0,711,12411,175,0,0 '
Received from ('fd00::200:0:0:15', 8765, 0, 0): b' 2617,21,16,1536,0,596,8,7,5,1,3,-70,0,826,10541,150,0,0 '
Received from ('fd00::200:0:0:3', 8765, 0, 0): b' 2619,3,1,512,0,570,7,2,7,1,1,-64,5,779,7837,174,0,0 '
Received from ('fd00::200:0:0:c', 8765, 0, 0): b' 2620,12,8,1024,0,195,7,18,7,1,4,-52,2,717,6555,73,0,0 '
Received from ('fd00::200:0:0:5', 8765, 0, 0): b' 2620,5,1,512,0,569,6,1,6,2,1,-94,10,3179,18405,175,0,0 '
Received from ('fd00::200:0:0:e', 8765, 0, 0): b' 2619,14,11,1280,10,577,5,8,7,1,2,-70,0,442,5506,145,0,0 '
Received from ('fd00::200:0:0:14', 8765, 0, 0): b' 2619,20,16,1536,0,620,8,5,7,1,3,-52,0,619,5987,156,0,0 '
Received from ('fd00::200:0:0:6', 8765, 0, 0): b' 2622,6,2,768,0,171,7,6,7,1,4,-52,1,694,10015,60,0,0 '
Received from ('fd00::200:0:0:12', 8765, 0, 0): b' 2621,18,15,1536,0,633,6,5,5,1,1,-70,0,1122,10642,157,0,0 '
Received from ('fd00::200:0:0:11', 8765, 0, 0): b' 2620,17,13,1280,0,185,7,1,7,1,4,-52,0,695,9268,73,0,0 '
Received from ('fd00::200:0:0:10', 8765, 0, 0): b' 2621,16,11,1280,0,575,8,17,7,1,3,-70,2,1046,10944,141,0,0 '
Received from ('fd00::200:0:0:f', 8765, 0, 0): b' 2623,15,12,1280,0,557,7,15,7,1,3,-70,2,1845,16654,167,0,0 '
Received from ('fd00::200:0:0:2', 8765, 0, 0): b' 2623,2,1,512,0,556,6,1,6,1,1,-88,7,1516,18159,175,0,0 '
Received from ('fd00::200:0:0:15', 8765, 0, 0): b' 2622,21,16,1536,0,597,8,7,5,1,3,-70,0,419,4900,151,0,0 '
Received from ('fd00::200:0:0:a', 8765, 0, 0): b' 2623,10,6,1024,0,76,2,4,7,1,1,-52,0,504,9243,51,0,0 '
Received from ('fd00::200:0:0:9', 8765, 0, 0): b' 2624,9,5,768,0,205,5,2,7,1,2,-52,0,826,11289,70,0,0 '
Received from ('fd00::200:0:0:1', 5678, 0, 0): b' 2626,1,0,256,0,6,0,0,4,0,0,0,10,2325,24696,3043,0,0 '
Received from ('fd00::200:0:0:c', 8765, 0, 0): b' 2626,12,8,1024,0,195,7,18,7,1,4,-52,2,757,7516,73,0,0 '
Received from ('fd00::200:0:0:5', 8765, 0, 0): b' 2626,5,1,512,10,571,6,1,6,2,1,-94,10,2421,15343,175,0,0 '
Received from ('fd00::200:0:0:d', 8765, 0, 0): b' 2626,13,8,1024,0,172,5,1,7,1,3,-70,1,1157,13324,71,0,0 '
Received from ('fd00::200:0:0:8', 8765, 0, 0): b' 2626,8,5,768,0,585,4,13,7,2,1,-70,10,4058,27689,171,0,0 '
Received from ('fd00::200:0:0:12', 8765, 0, 0): b' 2626,18,15,1536,0,637,6,5,5,1,1,-70,0,686,5168,157,0,0 '
Received from ('fd00::200:0:0:7', 8765, 0, 0): b' 2626,7,2,768,0,610,8,10,7,1,2,-70,5,946,14983,169,0,0 '
Received from ('fd00::200:0:0:b', 8765, 0, 0): b' 2627,11,8,1024,0,567,2,24,7,1,1,-70,6,2651,20092,132,0,0 '
Received from ('fd00::200:0:0:13', 8765, 0, 0): b' 2626,19,15,1536,0,592,7,6,7,1,2,-52,0,802,10212,155,0,0 '
Received from ('fd00::200:0:0:4', 8765, 0, 0): b' 2629,4,1,512,0,608,7,2,7,1,1,-66,0,507,11400,176,0,0 '
Received from ('fd00::200:0:0:9', 8765, 0, 0): b' 2629,9,5,768,0,207,5,2,7,1,2,-52,0,466,5814,70,0,0 '
Received from ('fd00::200:0:0:3', 8765, 0, 0): b' 2631,3,1,512,0,572,7,2,7,1,1,-64,5,635,13529,174,0,0 '
Received from ('fd00::200:0:0:6', 8765, 0, 0): b' 2632,6,2,768,0,175,7,6,7,1,4,-52,1,1494,16165,61,0,0 '
Received from ('fd00::200:0:0:10', 8765, 0, 0): b' 2631,16,11,1280,0,576,8,17,7,1,3,-70,2,1342,13023,141,0,0 '
Received from ('fd00::200:0:0:b', 8765, 0, 0): b' 2631,11,8,1024,20,567,2,24,7,1,1,-70,6,592,7248,133,0,0 '
Received from ('fd00::200:0:0:2', 8765, 0, 0): b' 2631,2,1,512,0,558,7,1,6,1,1,-88,7,2238,18977,176,0,0 '
Received from ('fd00::200:0:0:c', 8765, 0, 0): b' 2632,12,8,1024,0,198,7,18,7,1,4,-52,2,1186,8707,74,0,0 '
Received from ('fd00::200:0:0:15', 8765, 0, 0): b' 2629,21,16,1536,0,601,8,7,5,1,3,-70,0,731,7127,151,0,0 '
Received from ('fd00::200:0:0:1', 5678, 0, 0): b' 2633,1,0,256,0,6,0,0,4,0,0,0,10,1899,20808,3053,0,0 '
Received from ('fd00::200:0:0:e', 8765, 0, 0): b' 2632,14,11,1280,0,580,5,8,7,1,2,-70,0,853,10613,145,0,0 '
Received from ('fd00::200:0:0:a', 8765, 0, 0): b' 2633,10,6,1024,0,79,2,4,7,1,1,-52,0,936,12597,52,0,0 '
Received from ('fd00::200:0:0:14', 8765, 0, 0): b' 2630,20,16,1536,0,622,8,5,7,1,3,-52,0,802,10480,157,0,0 '
Received from ('fd00::200:0:0:11', 8765, 0, 0): b' 2631,17,13,1280,0,191,7,1,7,1,4,-52,0,1089,11582,73,0,0 '
Received from ('fd00::200:0:0:5', 8765, 0, 0): b' 2635,5,1,512,10,574,6,1,6,2,1,-94,10,3997,24833,176,0,0 '
Received from ('fd00::200:0:0:8', 8765, 0, 0): b' 2635,8,5,768,20,590,4,13,7,1,1,-70,10,3863,24702,172,0,0 '
Received from ('fd00::200:0:0:f', 8765, 0, 0): b' 2636,15,12,1280,10,562,7,15,7,1,3,-70,2,2254,20657,168,0,0 '
Received from ('fd00::200:0:0:10', 8765, 0, 0): b' 2637,16,11,1280,0,577,8,17,7,1,3,-70,2,1024,9669,142,0,0 '
Received from ('fd00::200:0:0:b', 8765, 0, 0): b' 2637,11,8,1024,0,569,2,24,7,1,1,-70,6,1575,10941,133,0,0 '
Received from ('fd00::200:0:0:13', 8765, 0, 0): b' 2637,19,15,1536,0,596,7,6,7,1,2,-52,0,909,10838,156,0,0 '
Received from ('fd00::200:0:0:15', 8765, 0, 0): b' 2638,21,16,1536,0,603,8,7,5,1,3,-70,0,493,6196,151,0,0 '
Received from ('fd00::200:0:0:7', 8765, 0, 0): b' 2638,7,2,768,0,613,8,11,7,1,2,-70,5,824,14274,169,0,0 '
Received from ('fd00::200:0:0:d', 8765, 0, 0): b' 2637,13,8,1024,10,175,5,1,7,1,3,-70,1,1226,14898,72,0,0 '
Received from ('fd00::200:0:0:9', 8765, 0, 0): b' 2637,9,5,768,0,209,5,2,7,1,2,-52,0,621,10903,71,0,0 '
Received from ('fd00::200:0:0:4', 8765, 0, 0): b' 2638,4,1,512,0,613,7,2,7,1,1,-66,0,957,12848,176,0,0 '
Received from ('fd00::200:0:0:1', 5678, 0, 0): b' 2639,1,0,256,0,6,0,0,4,0,0,0,10,1282,14507,3058,0,0 '
Received from ('fd00::200:0:0:14', 8765, 0, 0): b' 2638,20,16,1536,0,624,8,5,7,1,3,-52,0,495,6393,157,0,0 '
Received from ('fd00::200:0:0:3', 8765, 0, 0): b' 2639,3,1,512,0,574,7,2,7,1,1,-64,5,614,10534,175,0,0 '
Received from ('fd00::200:0:0:12', 8765, 0, 0): b' 2638,18,15,1536,0,639,6,5,5,1,1,-70,0,718,11401,158,0,0 '
Received from ('fd00::200:0:0:8', 8765, 0, 0): b' 2639,8,5,768,10,591,4,13,7,1,1,-70,10,2094,12822,172,0,0 '
Received from ('fd00::200:0:0:e', 8765, 0, 0): b' 2641,14,11,1280,0,585,5,8,7,1,2,-70,0,1016,10483,146,0,0 '
Received from ('fd00::200:0:0:c', 8765, 0, 0): b' 2642,12,8,1024,0,204,7,18,7,1,4,-52,2,1984,15124,74,0,0 '
Received from ('fd00::200:0:0:6', 8765, 0, 0): b' 2643,6,2,768,10,177,7,6,7,1,4,-52,1,1202,17011,62,0,0 '
Received from ('fd00::200:0:0:11', 8765, 0, 0): b' 2640,17,13,1280,10,192,7,1,7,1,4,-52,0,564,8026,74,0,0 '
Received from ('fd00::200:0:0:2', 8765, 0, 0): b' 2643,2,1,512,20,561,7,1,6,1,1,-88,7,2252,22103,177,0,0 '
Received from ('fd00::200:0:0:d', 8765, 0, 0): b' 2642,13,8,1024,0,177,5,1,7,1,3,-70,1,767,6434,72,0,0 '
Received from ('fd00::200:0:0:15', 8765, 0, 0): b' 2643,21,16,1536,0,606,8,7,5,1,3,-70,0,656,5987,152,0,0 '
Received from ('fd00::200:0:0:a', 8765, 0, 0): b' 2641,10,6,1024,0,82,2,4,7,1,1,-52,0,678,10192,53,0,0 '
Received from ('fd00::200:0:0:12', 8765, 0, 0): b' 2643,18,15,1536,0,640,6,5,5,1,1,-70,0,387,4649,158,0,0 '
Received from ('fd00::200:0:0:f', 8765, 0, 0): b' 2644,15,12,1280,0,564,7,15,7,1,3,-70,2,1528,13959,169,0,0 '
Received from ('fd00::200:0:0:1', 5678, 0, 0): b' 2646,1,0,256,0,6,0,0,4,0,0,0,10,1753,19549,3070,0,0 '
Received from ('fd00::200:0:0:5', 8765, 0, 0): b' 2647,5,1,512,0,577,6,1,6,2,1,-94,10,5028,28872,176,0,0 '
Received from ('fd00::200:0:0:14', 8765, 0, 0): b' 2644,20,16,1536,0,625,8,5,7,1,3,-52,0,442,5806,158,0,0 '
Received from ('fd00::200:0:0:a', 8765, 0, 0): b' 2646,10,6,1024,0,82,2,4,7,1,1,-52,0,389,5774,53,0,0 '
Received from ('fd00::200:0:0:4', 8765, 0, 0): b' 2647,4,1,512,0,613,7,2,7,1,1,-66,0,474,10256,177,0,0 '
Received from ('fd00::200:0:0:8', 8765, 0, 0): b' 2646,8,5,768,30,595,4,13,7,1,1,-70,10,3056,19026,173,0,0 '
Received from ('fd00::200:0:0:10', 8765, 0, 0): b' 2646,16,11,1280,10,579,8,17,7,1,3,-70,2,1789,16164,142,0,0 '
Received from ('fd00::200:0:0:c', 8765, 0, 0): b' 2648,12,8,1024,10,205,8,18,7,1,4,-52,2,1056,8622,75,0,0 '
Received from ('fd00::200:0:0:e', 8765, 0, 0): b' 2648,14,11,1280,10,588,5,8,7,1,2,-70,0,603,6005,147,0,0 '
Received from ('fd00::200:0:0:7', 8765, 0, 0): b' 2649,7,2,768,0,616,8,11,7,1,2,-70,5,949,13849,170,0,0 '
Received from ('fd00::200:0:0:11', 8765, 0, 0): b' 2646,17,13,1280,0,192,7,1,7,1,4,-52,0,279,5291,74,0,0 '
Received from ('fd00::200:0:0:3', 8765, 0, 0): b' 2650,3,1,512,0,574,7,2,7,1,1,-64,5,497,12780,176,0,0 '
Received from ('fd00::200:0:0:9', 8765, 0, 0): b' 2649,9,5,768,0,212,5,2,7,1,2,-52,0,923,13880,72,0,0 '
Received from ('fd00::200:0:0:15', 8765, 0, 0): b' 2648,21,16,1536,0,607,8,7,5,1,3,-70,0,386,4911,152,0,0 '
Received from ('fd00::200:0:0:b', 8765, 0, 0): b' 2648,11,8,1024,20,572,2,24,7,1,1,-70,6,2869,20763,134,0,0 '
Received from ('fd00::200:0:0:f', 8765, 0, 0): b' 2649,15,12,1280,20,565,7,15,7,1,3,-70,2,832,8138,169,0,0 '
Received from ('fd00::200:0:0:12', 8765, 0, 0): b' 2648,18,15,1536,0,642,6,5,5,1,1,-70,0,525,5337,159,0,0 '
Received from ('fd00::200:0:0:13', 8765, 0, 0): b' 2649,19,15,1536,0,601,7,6,7,1,2,-52,0,1040,11637,157,0,0 '
Received from ('fd00::200:0:0:d', 8765, 0, 0): b' 2650,13,8,1024,0,177,5,1,7,1,3,-70,1,673,9510,73,0,0 '
Received from ('fd00::200:0:0:6', 8765, 0, 0): b' 2652,6,2,768,0,182,7,6,7,1,4,-52,1,1500,15933,62,0,0 '
Received from ('fd00::200:0:0:e', 8765, 0, 0): b' 2652,14,11,1280,0,590,5,8,7,1,2,-70,0,526,4722,147,0,0 '
Received from ('fd00::200:0:0:14', 8765, 0, 0): b' 2652,20,16,1536,0,626,8,5,7,1,3,-52,0,507,7115,158,0,0 '
Received from ('fd00::200:0:0:7', 8765, 0, 0): b' 2653,7,2,768,0,617,8,11,7,1,2,-70,5,361,5209,170,0,0 '
Received from ('fd00::200:0:0:c', 8765, 0, 0): b' 2654,12,8,1024,0,208,8,18,7,1,4,-52,2,1270,9540,75,0,0 '
Received from ('fd00::200:0:0:10', 8765, 0, 0): b' 2654,16,11,1280,0,583,8,17,7,1,3,-70,2,1582,14369,143,0,0 '
Received from ('fd00::200:0:0:2', 8765, 0, 0): b' 2655,2,1,512,10,562,7,1,6,1,1,-88,7,2110,22734,177,0,0 '
Received from ('fd00::200:0:0:f', 8765, 0, 0): b' 2656,15,12,1280,0,565,7,15,7,1,3,-70,2,969,12126,170,0,0 '
Received from ('fd00::200:0:0:1', 5678, 0, 0): b' 2656,1,0,256,0,6,0,0,4,0,0,0,10,2389,25988,3084,0,0 '
Received from ('fd00::200:0:0:4', 8765, 0, 0): b' 2656,4,1,512,0,615,7,2,7,1,1,-66,0,590,11313,178,0,0 '
Received from ('fd00::200:0:0:13', 8765, 0, 0): b' 2656,19,15,1536,0,602,7,6,7,1,2,-52,0,413,6798,157,0,0 '
Received from ('fd00::200:0:0:a', 8765, 0, 0): b' 2655,10,6,1024,0,85,2,4,7,1,1,-52,0,742,10550,53,0,0 '
Received from ('fd00::200:0:0:14', 8765, 0, 0): b' 2657,20,16,1536,0,626,8,5,7,1,3,-52,0,311,4466,159,0,0 '
Received from ('fd00::200:0:0:e', 8765, 0, 0): b' 2656,14,11,1280,0,591,5,8,7,1,2,-70,0,386,4867,147,0,0 '
Received from ('fd00::200:0:0:8', 8765, 0, 0): b' 2656,8,5,768,0,598,4,13,7,2,1,-70,10,4845,28787,173,0,0 '
Received from ('fd00::200:0:0:12', 8765, 0, 0): b' 2658,18,15,1536,0,646,6,5,5,1,1,-70,0,852,9896,159,0,0 '
Received from ('fd00::200:0:0:b', 8765, 0, 0): b' 2657,11,8,1024,0,574,2,24,7,1,1,-70,6,2080,17512,134,0,0 '
Received from ('fd00::200:0:0:6', 8765, 0, 0): b' 2659,6,2,768,0,184,7,6,7,1,4,-52,1,926,10374,63,0,0 '
Received from ('fd00::200:0:0:11', 8765, 0, 0): b' 2658,17,13,1280,0,195,7,1,7,1,4,-52,0,824,10743,75,0,0 '
Received from ('fd00::200:0:0:5', 8765, 0, 0): b' 2658,5,1,512,10,579,6,1,6,2,1,-94,10,5712,33337,177,0,0 '
Received from ('fd00::200:0:0:3', 8765, 0, 0): b' 2659,3,1,512,0,576,7,2,7,1,1,-64,5,612,10873,176,0,0 '
Received from ('fd00::200:0:0:15', 8765, 0, 0): b' 2659,21,16,1536,0,609,8,7,5,1,3,-70,0,694,10268,153,0,0 '
Received from ('fd00::200:0:0:c', 8765, 0, 0): b' 2657,12,8,1024,20,208,8,18,7,1,4,-52,2,932,7914,76,0,0 '
Received from ('fd00::200:0:0:d', 8765, 0, 0): b' 2658,13,8,1024,10,178,5,1,7,1,3,-70,1,887,11827,73,0,0 '
Received from ('fd00::200:0:0:9', 8765, 0, 0): b' 2659,9,5,768,0,213,5,2,7,1,2,-52,0,431,11406,72,0,0 '
Received from ('fd00::200:0:0:10', 8765, 0, 0): b' 2659,16,11,1280,0,584,8,17,7,1,3,-70,2,948,9062,143,0,0 '
Received from ('fd00::200:0:0:2', 8765, 0, 0): b' 2661,2,1,512,0,563,7,1,6,1,1,-88,7,1446,12782,178,0,0 '
Received from ('fd00::200:0:0:4', 8765, 0, 0): b' 2661,4,1,512,0,616,7,2,7,1,1,-66,0,384,5862,178,0,0 '
Received from ('fd00::200:0:0:1', 5678, 0, 0): b' 2663,1,0,256,0,6,0,0,4,0,0,0,10,1819,18801,3095,0,0 '
Received from ('fd00::200:0:0:13', 8765, 0, 0): b' 2664,19,15,1536,0,604,7,6,7,1,2,-52,0,646,7268,158,0,0 '
Received from ('fd00::200:0:0:12', 8765, 0, 0): b' 2664,18,15,1536,0,647,6,5,5,1,1,-70,0,442,5459,160,0,0 '
Received from ('fd00::200:0:0:c', 8765, 0, 0): b' 2663,12,8,1024,0,208,8,18,7,1,4,-52,2,850,6680,76,0,0 '
Received from ('fd00::200:0:0:b', 8765, 0, 0): b' 2663,11,8,1024,0,576,2,24,7,1,1,-70,6,1167,10382,135,0,0 '
Received from ('fd00::200:0:0:3', 8765, 0, 0): b' 2664,3,1,512,0,577,7,2,7,1,1,-64,5,459,6578,177,0,0 '
Received from ('fd00::200:0:0:a', 8765, 0, 0): b' 2663,10,6,1024,0,87,2,4,7,1,1,-52,0,707,10478,54,0,0 '
Received from ('fd00::200:0:0:7', 8765, 0, 0): b' 2664,7,2,768,0,619,8,11,7,1,2,-70,5,867,13934,171,0,0 '
Received from ('fd00::200:0:0:8', 8765, 0, 0): b' 2665,8,5,768,0,601,4,13,7,2,1,-70,10,3549,22516,174,0,0 '
Received from ('fd00::200:0:0:11', 8765, 0, 0): b' 2665,17,13,1280,0,197,7,1,7,1,4,-52,0,493,6720,75,0,0 '
Received from ('fd00::200:0:0:6', 8765, 0, 0): b' 2667,6,2,768,0,187,7,6,7,1,4,-52,1,1145,13104,63,0,0 '
Received from ('fd00::200:0:0:5', 8765, 0, 0): b' 2666,5,1,512,10,581,6,1,6,2,1,-94,10,3717,22573,178,0,0 '
Received from ('fd00::200:0:0:14', 8765, 0, 0): b' 2666,20,16,1536,0,628,8,5,7,1,3,-52,0,638,9338,159,0,0 '
Received from ('fd00::200:0:0:f', 8765, 0, 0): b' 2667,15,12,1280,0,567,7,15,7,1,3,-70,2,1893,18894,170,0,0 '
Received from ('fd00::200:0:0:1', 5678, 0, 0): b' 2667,1,0,256,0,6,0,0,4,0,0,0,10,1011,11681,3097,0,0 '
Received from ('fd00::200:0:0:d', 8765, 0, 0): b' 2667,13,8,1024,0,183,5,1,7,1,3,-70,1,1261,11989,74,0,0 '
Received from ('fd00::200:0:0:2', 8765, 0, 0): b' 2668,2,1,512,10,566,7,1,6,1,1,-88,7,1500,14808,178,0,0 '
Received from ('fd00::200:0:0:e', 8765, 0, 0): b' 2668,14,11,1280,0,594,5,8,7,1,2,-70,0,826,11305,148,0,0 '
Received from ('fd00::200:0:0:12', 8765, 0, 0): b' 2669,18,15,1536,0,648,6,5,5,1,1,-70,0,386,5505,160,0,0 '
Received from ('fd00::200:0:0:9', 8765, 0, 0): b' 2667,9,5,768,10,216,5,2,7,1,2,-52,0,802,10862,73,0,0 '
Received from ('fd00::200:0:0:10', 8765, 0, 0): b' 2669,16,11,1280,10,588,8,17,7,1,3,-70,2,1462,15708,144,0,0 '
Received from ('fd00::200:0:0:3', 8765, 0, 0): b' 2669,3,1,512,0,578,7,2,7,1,1,-64,5,383,6612,177,0,0 '
Received from ('fd00::200:0:0:15', 8765, 0, 0): b' 2670,21,16,1536,10,609,8,7,5,1,3,-70,0,481,9851,154,0,0 '
Received from ('fd00::200:0:0:a', 8765, 0, 0): b' 2670,10,6,1024,0,88,2,4,7,1,1,-52,0,384,7269,54,0,0 '
Received from ('fd00::200:0:0:6', 8765, 0, 0): b' 2671,6,2,768,10,189,7,6,7,1,4,-52,1,753,7321,64,0,0 '
Received from ('fd00::200:0:0:8', 8765, 0, 0): b' 2670,8,5,768,0,601,4,13,7,2,1,-70,10,2119,14667,174,0,0 '
Received from ('fd00::200:0:0:b', 8765, 0, 0): b' 2670,11,8,1024,0,578,2,24,7,1,1,-70,6,1888,13291,135,0,0 '
Received from ('fd00::200:0:0:c', 8765, 0, 0): b' 2671,12,8,1024,0,211,8,18,7,1,4,-52,2,1184,11397,76,0,0 '
Received from ('fd00::200:0:0:11', 8765, 0, 0): b' 2671,17,13,1280,0,198,7,1,7,1,4,-52,0,465,6457,76,0,0 '
Received from ('fd00::200:0:0:5', 8765, 0, 0): b' 2672,5,1,512,0,586,6,1,6,2,1,-94,10,3115,17187,178,0,0 '
Received from ('fd00::200:0:0:13', 8765, 0, 0): b' 2673,19,15,1536,0,607,7,6,7,1,2,-52,0,740,8744,158,0,0 '
Received from ('fd00::200:0:0:4', 8765, 0, 0): b' 2673,4,1,512,0,619,7,2,7,1,1,-66,0,841,14793,179,0,0 '
Received from ('fd00::200:0:0:e', 8765, 0, 0): b' 2672,14,11,1280,0,596,5,8,7,1,2,-70,0,470,4377,148,0,0 '
Received from ('fd00::200:0:0:9', 8765, 0, 0): b' 2672,9,5,768,0,218,5,2,7,1,2,-52,0,491,6607,73,0,0 '
Received from ('fd00::200:0:0:12', 8765, 0, 0): b' 2675,18,15,1536,0,648,6,5,5,1,1,-70,0,158,4771,160,0,0 '
Received from ('fd00::200:0:0:a', 8765, 0, 0): b' 2674,10,6,1024,0,89,2,4,7,1,1,-52,0,551,5411,55,0,0 '
Received from ('fd00::200:0:0:1', 5678, 0, 0): b' 2676,1,0,256,0,6,0,0,4,0,0,0,10,2334,23070,3109,0,0 '
Received from ('fd00::200:0:0:7', 8765, 0, 0): b' 2675,7,2,768,0,620,8,11,7,1,2,-70,5,735,13590,172,0,0 '
Received from ('fd00::200:0:0:10', 8765, 0, 0): b' 2674,16,11,1280,0,591,8,17,7,1,3,-70,2,1124,11274,144,0,0 '
Received from ('fd00::200:0:0:3', 8765, 0, 0): b' 2676,3,1,512,0,582,7,2,7,1,1,-64,5,779,9575,178,0,0 '
Received from ('fd00::200:0:0:15', 8765, 0, 0): b' 2676,21,16,1536,10,610,8,7,5,1,3,-70,0,387,5561,154,0,0 '
Received from ('fd00::200:0:0:2', 8765, 0, 0): b' 2678,2,1,512,0,570,7,1,6,1,1,-88,7,2332,19639,179,0,0 '
Received from ('fd00::200:0:0:f', 8765, 0, 0): b' 2678,15,12,1280,0,570,7,15,7,1,3,-70,2,1855,17710,171,0,0 '
Received from ('fd00::200:0:0:d', 8765, 0, 0): b' 2676,13,8,1024,0,188,5,1,7,1,3,-70,1,1451,13431,75,0,0 '
Received from ('fd00::200:0:0:14', 8765, 0, 0): b' 2678,20,16,1536,0,629,8,5,7,1,3,-52,0,611,10850,160,0,0 '
Received from ('fd00::200:0:0:c', 8765, 0, 0): b' 2678,12,8,1024,0,213,8,18,7,1,4,-52,2,1352,10043,77,0,0 '
Received from ('fd00::200:0:0:9', 8765, 0, 0): b' 2677,9,5,768,0,220,5,2,7,1,2,-52,0,549,5872,74,0,0 '
Received from ('fd00::200:0:0:5', 8765, 0, 0): b' 2679,5,1,512,0,588,6,1,6,2,1,-94,10,3398,20970,178,0,0 '
Received from ('fd00::200:0:0:a', 8765, 0, 0): b' 2679,10,6,1024,0,90,2,4,7,1,1,-52,0,383,5874,55,0,0 '
Received from ('fd00::200:0:0:e', 8765, 0, 0): b' 2678,14,11,1280,0,600,5,8,7,1,2,-70,0,833,7335,149,0,0 '
Received from ('fd00::200:0:0:8', 8765, 0, 0): b' 2679,8,5,768,10,604,4,13,7,2,1,-70,10,4076,25078,175,0,0 '
Received from ('fd00::200:0:0:6', 8765, 0, 0): b' 2681,6,2,768,0,191,7,6,7,1,4,-52,1,1280,15612,64,0,0 '
Received from ('fd00::200:0:0:4', 8765, 0, 0): b' 2681,4,1,512,0,620,7,2,7,1,1,-66,0,505,9441,179,0,0 '
Received from ('fd00::200:0:0:b', 8765, 0, 0): b' 2680,11,8,1024,0,578,2,24,7,1,1,-70,6,1974,18409,136,0,0 '
Received from ('fd00::200:0:0:2', 8765, 0, 0): b' 2682,2,1,512,0,570,7,1,6,1,1,-88,7,714,8149,179,0,0 '
Received from ('fd00::200:0:0:13', 8765, 0, 0): b' 2682,19,15,1536,0,609,7,6,7,1,2,-52,0,597,9399,159,0,0 '
Received from ('fd00::200:0:0:3', 8765, 0, 0): b' 2683,3,1,512,0,584,7,2,7,1,1,-64,5,490,7457,178,0,0 '
Received from ('fd00::200:0:0:12', 8765, 0, 0): b' 2683,18,15,1536,0,651,6,5,5,1,1,-70,0,801,8410,161,0,0 '
Received from ('fd00::200:0:0:f', 8765, 0, 0): b' 2684,15,12,1280,0,571,7,15,7,1,3,-70,2,938,10245,171,0,0 '
Received from ('fd00::200:0:0:11', 8765, 0, 0): b' 2683,17,13,1280,0,202,7,1,7,1,4,-52,0,851,11061,76,0,0 '
Received from ('fd00::200:0:0:10', 8765, 0, 0): b' 2683,16,11,1280,0,592,8,17,7,1,3,-70,2,1283,13854,145,0,0 '
Received from ('fd00::200:0:0:1', 5678, 0, 0): b' 2686,1,0,256,0,6,0,0,4,0,0,0,10,2399,26801,3123,0,0 '
Received from ('fd00::200:0:0:7', 8765, 0, 0): b' 2684,7,2,768,20,621,8,11,7,1,2,-70,5,326,10480,173,0,0 '
Received from ('fd00::200:0:0:8', 8765, 0, 0): b' 2685,8,5,768,0,605,4,13,7,2,1,-70,10,2094,14527,175,0,0 '
Received from ('fd00::200:0:0:15', 8765, 0, 0): b' 2684,21,16,1536,0,617,8,7,5,1,3,-70,0,1147,10929,155,0,0 '
Received from ('fd00::200:0:0:c', 8765, 0, 0): b' 2686,12,8,1024,0,216,8,18,7,1,4,-52,2,1366,11404,77,0,0 '
Received from ('fd00::200:0:0:b', 8765, 0, 0): b' 2685,11,8,1024,20,580,3,24,7,1,1,-70,6,1207,8792,136,0,0 '
Received from ('fd00::200:0:0:14', 8765, 0, 0): b' 2685,20,16,1536,0,633,8,5,7,1,3,-52,0,788,8938,161,0,0 '
Received from ('fd00::200:0:0:6', 8765, 0, 0): b' 2688,6,2,768,0,193,7,6,7,1,4,-52,1,959,11839,65,0,0 '
Received from ('fd00::200:0:0:2', 8765, 0, 0): b' 2688,2,1,512,0,572,7,1,6,1,1,-88,7,1601,13430,180,0,0 '
Received from ('fd00::200:0:0:d', 8765, 0, 0): b' 2688,13,8,1024,0,191,5,1,7,1,3,-70,1,1268,14443,75,0,0 '
Received from ('fd00::200:0:0:7', 8765, 0, 0): b' 2689,7,2,768,0,621,8,11,7,1,2,-70,5,567,6094,173,0,0 '
Received from ('fd00::200:0:0:e', 8765, 0, 0): b' 2688,14,11,1280,0,602,5,8,7,1,2,-70,0,638,9048,149,0,0 '
Received from ('fd00::200:0:0:9', 8765, 0, 0): b' 2688,9,5,768,0,225,5,2,7,1,2,-52,0,979,14011,74,0,0 '
Received from ('fd00::200:0:0:4', 8765, 0, 0): b' 2690,4,1,512,0,625,7,2,7,1,1,-66,0,910,11825,180,0,0 '
Received from ('fd00::200:0:0:5', 8765, 0, 0): b' 2690,5,1,512,20,590,6,1,6,2,1,-94,10,4277,28032,179,0,0 '
Received from ('fd00::200:0:0:13', 8765, 0, 0): b' 2690,19,15,1536,0,611,7,6,7,1,2,-52,0,614,7510,159,0,0 '
Received from ('fd00::200:0:0:10', 8765, 0, 0): b' 2689,16,11,1280,0,592,8,17,7,1,3,-70,2,982,9957,145,0,0 '
Received from ('fd00::200:0:0:a', 8765, 0, 0): b' 2690,10,6,1024,0,92,2,4,7,1,1,-52,0,827,13954,56,0,0 '
Received from ('fd00::200:0:0:f', 8765, 0, 0): b' 2692,15,12,1280,0,575,7,15,7,1,3,-70,2,1437,12488,172,0,0 '
Received from ('fd00::200:0:0:1', 5678, 0, 0): b' 2691,1,0,256,0,6,0,0,4,0,0,0,10,1527,15533,3131,0,0 '
Received from ('fd00::200:0:0:12', 8765, 0, 0): b' 2692,18,15,1536,0,652,6,5,5,1,1,-70,0,563,8526,162,0,0 '
Received from ('fd00::200:0:0:b', 8765, 0, 0): b' 2692,11,8,1024,10,580,3,24,7,1,1,-70,6,1124,10506,137,0,0 '
Received from ('fd00::200:0:0:15', 8765, 0, 0): b' 2690,21,16,1536,10,619,8,7,5,1,3,-70,0,389,5557,155,0,0 '
Received from ('fd00::200:0:0:3', 8765, 0, 0): b' 2694,3,1,512,10,585,7,2,7,1,1,-64,5,603,12484,179,0,0 '
Received from ('fd00::200:0:0:6', 8765, 0, 0): b' 2694,6,2,768,0,195,7,6,7,1,4,-52,1,862,9610,65,0,0 '
Received from ('fd00::200:0:0:11', 8765, 0, 0): b' 2692,17,13,1280,0,205,7,1,7,1,4,-52,0,801,9598,77,0,0 '
Received from ('fd00::200:0:0:8', 8765, 0, 0): b' 2693,8,5,768,20,605,4,13,7,2,1,-70,10,3632,23649,176,0,0 '
Received from ('fd00::200:0:0:14', 8765, 0, 0): b' 2692,20,16,1536,0,634,8,5,7,1,3,-52,0,507,7223,161,0,0 '
Received from ('fd00::200:0:0:c', 8765, 0, 0): b' 2693,12,8,1024,0,219,8,18,7,1,4,-52,2,1604,11838,78,0,0 '
Received from ('fd00::200:0:0:13', 8765, 0, 0): b' 2695,19,15,1536,0,612,7,6,7,1,2,-52,0,321,4590,160,0,0 '
Received from ('fd00::200:0:0:10', 8765, 0, 0): b' 2693,16,11,1280,0,592,8,17,7,1,3,-70,2,805,7761,146,0,0 '
Received from ('fd00::200:0:0:5', 8765, 0, 0): b' 2695,5,1,512,0,591,6,1,6,2,1,-94,10,3129,17301,180,0,0 '
Received from ('fd00::200:0:0:2', 8765, 0, 0): b' 2697,2,1,512,10,574,7,1,6,1,1,-88,7,1462,15942,180,0,0 '
Received from ('fd00::200:0:0:1', 5678, 0, 0): b' 2697,1,0,256,0,6,0,0,4,0,0,0,10,1340,15478,3137,0,0 '
Received from ('fd00::200:0:0:b', 8765, 0, 0): b' 2696,11,8,1024,0,580,3,24,7,1,1,-70,6,910,8205,137,0,0 '
Received from ('fd00::200:0:0:7', 8765, 0, 0): b' 2698,7,2,768,0,621,9,11,7,1,2,-70,5,502,10423,173,0,0 '
Received from ('fd00::200:0:0:e', 8765, 0, 0): b' 2696,14,11,1280,0,603,5,8,7,1,2,-70,0,466,7863,150,0,0 '
Received from ('fd00::200:0:0:d', 8765, 0, 0): b' 2697,13,8,1024,0,193,5,1,7,1,3,-70,1,1037,12594,76,0,0 '
Received from ('fd00::200:0:0:6', 8765, 0, 0): b' 2700,6,2,768,0,197,7,6,7,1,4,-52,1,685,8895,65,0,0 '
Received from ('fd00::200:0:0:8', 8765, 0, 0): b' 2699,8,5,768,0,605,4,13,7,2,1,-70,10,1657,12722,176,0,0 '
Received from ('fd00::200:0:0:a', 8765, 0, 0): b' 2699,10,6,1024,0,98,2,4,7,1,1,-52,0,1064,11461,56,0,0 '
Received from ('fd00::200:0:0:4', 8765, 0, 0): b' 2700,4,1,512,10,629,7,2,7,1,1,-66,0,925,13210,181,0,0 '
Received from ('fd00::200:0:0:f', 8765, 0, 0): b' 2700,15,12,1280,0,578,7,15,7,1,3,-70,2,1354,14744,172,0,0 '
Received from ('fd00::200:0:0:9', 8765, 0, 0): b' 2701,9,5,768,0,229,5,2,7,1,2,-52,0,957,14280,75,0,0 '
Received from ('fd00::200:0:0:11', 8765, 0, 0): b' 2700,17,13,1280,0,206,7,1,7,1,4,-52,0,465,7297,78,0,0 '
Received from ('fd00::200:0:0:3', 8765, 0, 0): b' 2702,3,1,512,10,589,7,2,7,1,1,-64,5,828,10423,179,0,0 '
Received from ('fd00::200:0:0:5', 8765, 0, 0): b' 2703,5,1,512,10,594,6,1,6,2,1,-94,10,2451,18503,180,0,0 '
Received from ('fd00::200:0:0:c', 8765, 0, 0): b' 2702,12,8,1024,0,222,8,18,7,1,4,-52,2,1284,11614,78,0,0 '
Received from ('fd00::200:0:0:2', 8765, 0, 0): b' 2704,2,1,512,0,574,7,1,6,1,1,-88,7,1776,15950,181,0,0 '
Received from ('fd00::200:0:0:14', 8765, 0, 0): b' 2702,20,16,1536,0,639,8,5,7,1,3,-52,0,918,9406,162,0,0 '
Received from ('fd00::200:0:0:12', 8765, 0, 0): b' 2704,18,15,1536,0,654,6,5,5,1,1,-70,0,662,10671,162,0,0 '
Received from ('fd00::200:0:0:15', 8765, 0, 0): b' 2702,21,16,1536,0,622,8,7,5,1,3,-70,0,933,11383,156,0,0 '
Received from ('fd00::200:0:0:7', 8765, 0, 0): b' 2704,7,2,768,0,621,9,11,7,1,2,-70,5,483,8319,174,0,0 '
Received from ('fd00::200:0:0:e', 8765, 0, 0): b' 2703,14,11,1280,0,603,5,8,7,1,2,-70,0,303,6392,150,0,0 '
Received from ('fd00::200:0:0:13', 8765, 0, 0): b' 2705,19,15,1536,0,615,7,6,7,1,2,-52,0,745,9878,160,0,0 '
Received from ('fd00::200:0:0:9', 8765, 0, 0): b' 2706,9,5,768,0,232,5,2,7,1,2,-52,0,573,5610,75,0,0 '
Received from ('fd00::200:0:0:10', 8765, 0, 0): b' 2704,16,11,1280,0,593,8,17,7,1,3,-70,2,1516,17446,146,0,0 '
Received from ('fd00::200:0:0:3', 8765, 0, 0): b' 2707,3,1,512,0,589,7,2,7,1,1,-64,5,353,5553,180,0,0 '
Received from ('fd00::200:0:0:8', 8765, 0, 0): b' 2707,8,5,768,10,607,4,13,7,2,1,-70,10,3169,20059,177,0,0 '
Received from ('fd00::200:0:0:a', 8765, 0, 0): b' 2706,10,6,1024,0,102,2,4,7,1,1,-52,0,898,9638,57,0,0 '
Received from ('fd00::200:0:0:11', 8765, 0, 0): b' 2707,17,13,1280,0,207,7,1,7,1,4,-52,0,385,5746,78,0,0 '
Received from ('fd00::200:0:0:6', 8765, 0, 0): b' 2709,6,2,768,0,197,7,6,7,1,4,-52,1,1175,14478,66,0,0 '
Received from ('fd00::200:0:0:1', 5678, 0, 0): b' 2709,1,0,256,0,6,0,0,4,0,0,0,10,3194,32049,3155,0,0 '
Received from ('fd00::200:0:0:4', 8765, 0, 0): b' 2709,4,1,512,0,632,7,2,7,1,1,-66,0,744,10681,181,0,0 '
Received from ('fd00::200:0:0:12', 8765, 0, 0): b' 2709,18,15,1536,0,655,6,5,5,1,1,-70,0,443,5745,163,0,0 '
Received from ('fd00::200:0:0:b', 8765, 0, 0): b' 2709,11,8,1024,10,583,3,24,7,1,1,-70,6,2392,20901,138,0,0 '
Received from ('fd00::200:0:0:2', 8765, 0, 0): b' 2710,2,1,512,0,576,7,1,6,1,1,-88,7,1127,11355,181,0,0 '
Received from ('fd00::200:0:0:e', 8765, 0, 0): b' 2707,14,11,1280,0,604,5,8,7,1,2,-70,0,418,4750,151,0,0 '
Received from ('fd00::200:0:0:d', 8765, 0, 0): b' 2710,13,8,1024,0,196,5,1,7,1,3,-70,1,1465,14995,77,0,0 '
Received from ('fd00::200:0:0:14', 8765, 0, 0): b' 2708,20,16,1536,0,640,8,5,7,1,3,-52,0,483,6025,162,0,0 '
Received from ('fd00::200:0:0:7', 8765, 0, 0): b' 2710,7,2,768,0,622,9,11,7,1,2,-70,5,384,7504,174,0,0 '
Received from ('fd00::200:0:0:c', 8765, 0, 0): b' 2712,12,8,1024,10,225,8,18,7,1,4,-52,2,1605,13387,79,0,0 '
Received from ('fd00::200:0:0:f', 8765, 0, 0): b' 2712,15,12,1280,0,579,7,15,7,1,3,-70,2,1694,18965,173,0,0 '
Received from ('fd00::200:0:0:5', 8765, 0, 0): b' 2714,5,1,512,0,595,6,1,6,2,1,-94,10,4385,27978,181,0,0 '
Received from ('fd00::200:0:0:15', 8765, 0, 0): b' 2711,21,16,1536,0,624,8,7,5,1,3,-70,0,615,8117,156,0,0 '
Received from ('fd00::200:0:0:4', 8765, 0, 0): b' 2714,4,1,512,0,636,7,2,7,1,1,-66,0,681,6850,181,0,0 '
Received from ('fd00::200:0:0:d', 8765, 0, 0): b' 2715,13,8,1024,0,197,5,1,7,1,3,-70,1,539,5544,77,0,0 '
Received from ('fd00::200:0:0:a', 8765, 0, 0): b' 2713,10,6,1024,10,104,2,4,7,1,1,-52,0,408,8498,57,0,0 '
Received from ('fd00::200:0:0:11', 8765, 0, 0): b' 2714,17,13,1280,0,211,7,1,7,1,4,-52,0,883,7304,79,0,0 '
Received from ('fd00::200:0:0:8', 8765, 0, 0): b' 2716,8,5,768,10,608,4,13,7,2,1,-70,10,2989,21271,177,0,0 '
Received from ('fd00::200:0:0:e', 8765, 0, 0): b' 2713,14,11,1280,0,608,5,8,7,1,2,-70,0,600,5328,151,0,0 '
Received from ('fd00::200:0:0:12', 8765, 0, 0): b' 2715,18,15,1536,0,655,6,5,5,1,1,-70,0,279,5111,163,0,0 '
Received from ('fd00::200:0:0:13', 8765, 0, 0): b' 2715,19,15,1536,0,617,7,6,7,1,2,-52,0,694,9658,161,0,0 '
Received from ('fd00::200:0:0:2', 8765, 0, 0): b' 2716,2,1,512,0,576,7,1,6,1,1,-88,7,1136,12196,181,0,0 '
Received from ('fd00::200:0:0:10', 8765, 0, 0): b' 2714,16,11,1280,0,597,8,17,7,1,3,-70,2,1900,17612,147,0,0 '
Received from ('fd00::200:0:0:9', 8765, 0, 0): b' 2718,9,5,768,0,234,5,2,7,1,2,-52,0,812,13673,76,0,0 '
Received from ('fd00::200:0:0:3', 8765, 0, 0): b' 2717,3,1,512,0,591,7,2,7,1,1,-64,5,635,12795,180,0,0 '
Received from ('fd00::200:0:0:b', 8765, 0, 0): b' 2717,11,8,1024,0,584,3,24,7,1,1,-70,6,1736,14408,139,0,0 '
Received from ('fd00::200:0:0:6', 8765, 0, 0): b' 2716,6,2,768,10,199,7,6,7,1,4,-52,1,967,13746,67,0,0 '
Received from ('fd00::200:0:0:c', 8765, 0, 0): b' 2719,12,8,1024,0,226,8,18,7,1,4,-52,2,1098,9391,79,0,0 '
Received from ('fd00::200:0:0:5', 8765, 0, 0): b' 2720,5,1,512,10,596,6,1,6,2,1,-94,10,2810,18112,181,0,0 '
Received from ('fd00::200:0:0:12', 8765, 0, 0): b' 2719,18,15,1536,10,659,6,5,5,1,1,-70,0,586,4600,164,0,0 '
Received from ('fd00::200:0:0:d', 8765, 0, 0): b' 2721,13,8,1024,0,198,5,1,7,1,3,-70,1,825,8238,77,0,0 '
Received from ('fd00::200:0:0:f', 8765, 0, 0): b' 2721,15,12,1280,0,584,7,15,7,1,3,-70,2,1977,15589,174,0,0 '
Received from ('fd00::200:0:0:1', 5678, 0, 0): b' 2721,1,0,256,0,6,0,0,4,0,0,0,10,2959,31199,3170,0,0 '
Received from ('fd00::200:0:0:14', 8765, 0, 0): b' 2719,20,16,1536,0,645,8,5,7,1,3,-52,0,1015,10462,163,0,0 '
Received from ('fd00::200:0:0:13', 8765, 0, 0): b' 2720,19,15,1536,0,619,7,6,7,1,2,-52,0,493,5407,161,0,0 '
Received from ('fd00::200:0:0:7', 8765, 0, 0): b' 2720,7,2,768,0,627,9,11,7,1,2,-70,5,1162,13172,175,0,0 '
Received from ('fd00::200:0:0:9', 8765, 0, 0): b' 2722,9,5,768,0,235,5,2,7,1,2,-52,0,359,5248,76,0,0 '
Received from ('fd00::200:0:0:4', 8765, 0, 0): b' 2721,4,1,512,0,638,7,2,7,1,1,-66,0,589,9221,182,0,0 '
Received from ('fd00::200:0:0:2', 8765, 0, 0): b' 2722,2,1,512,10,579,7,1,6,1,1,-88,7,1442,12184,182,0,0 '
Received from ('fd00::200:0:0:3', 8765, 0, 0): b' 2723,3,1,512,0,592,7,2,7,1,1,-64,5,459,6852,181,0,0 '
Received from ('fd00::200:0:0:10', 8765, 0, 0): b' 2721,16,11,1280,0,597,8,17,7,1,3,-70,2,714,9738,147,0,0 '
Received from ('fd00::200:0:0:15', 8765, 0, 0): b' 2721,21,16,1536,0,627,8,7,5,1,3,-70,0,704,9998,157,0,0 '
Received from ('fd00::200:0:0:11', 8765, 0, 0): b' 2725,17,13,1280,0,215,7,1,7,1,4,-52,0,851,9472,79,0,0 '
Received from ('fd00::200:0:0:c', 8765, 0, 0): b' 2725,12,8,1024,0,228,8,18,7,1,4,-52,2,1380,9575,80,0,0 '
Received from ('fd00::200:0:0:12', 8765, 0, 0): b' 2725,18,15,1536,0,659,6,5,5,1,1,-70,0,433,5751,164,0,0 '
Received from ('fd00::200:0:0:a', 8765, 0, 0): b' 2724,10,6,1024,0,106,2,4,7,1,1,-52,0,936,13261,58,0,0 '
Received from ('fd00::200:0:0:5', 8765, 0, 0): b' 2725,5,1,512,30,598,6,1,6,2,1,-94,10,3314,18813,182,0,0 '
Received from ('fd00::200:0:0:8', 8765, 0, 0): b' 2726,8,5,768,0,609,4,13,7,2,1,-70,10,4487,29008,178,0,0 '
Received from ('fd00::200:0:0:d', 8765, 0, 0): b' 2726,13,8,1024,0,198,5,1,7,1,3,-70,1,564,6966,78,0,0 '
Received from ('fd00::200:0:0:e', 8765, 0, 0): b' 2724,14,11,1280,0,609,5,8,7,1,2,-70,0,587,10293,152,0,0 '
Received from ('fd00::200:0:0:b', 8765, 0, 0): b' 2726,11,8,1024,10,586,3,24,7,1,1,-70,6,1709,14925,139,0,0 '
Received from ('fd00::200:0:0:2', 8765, 0, 0): b' 2727,2,1,512,0,579,7,1,6,1,1,-88,7,701,8991,182,0,0 '
Received from ('fd00::200:0:0:10', 8765, 0, 0): b' 2725,16,11,1280,10,598,8,17,7,1,3,-70,2,656,7470,148,0,0 '
Received from ('fd00::200:0:0:6', 8765, 0, 0): b' 2728,6,2,768,0,199,7,6,7,1,4,-52,1,1152,17101,68,0,0 '
Received from ('fd00::200:0:0:1', 5678, 0, 0): b' 2729,1,0,256,0,6,0,0,4,0,0,0,10,1730,21213,3178,0,0 '
Received from ('fd00::200:0:0:13', 8765, 0, 0): b' 2729,19,15,1536,10,623,7,6,7,1,2,-52,0,954,9018,162,0,0 '
Received from ('fd00::200:0:0:a', 8765, 0, 0): b' 2730,10,6,1024,0,108,2,4,7,1,1,-52,0,492,6722,58,0,0 '
Received from ('fd00::200:0:0:9', 8765, 0, 0): b' 2731,9,5,768,0,237,5,2,7,1,2,-52,0,621,11659,77,0,0 '
Received from ('fd00::200:0:0:4', 8765, 0, 0): b' 2731,4,1,512,0,639,7,2,7,1,1,-66,0,603,11808,183,0,0 '
Received from ('fd00::200:0:0:7', 8765, 0, 0): b' 2730,7,2,768,0,630,9,11,7,1,2,-70,5,648,12182,175,0,0 '
Received from ('fd00::200:0:0:c', 8765, 0, 0): b' 2731,12,8,1024,0,229,8,18,7,1,4,-52,2,848,8924,80,0,0 '
Received from ('fd00::200:0:0:5', 8765, 0, 0): b' 2731,5,1,512,20,600,6,1,6,2,1,-94,10,2219,15687,182,0,0 '
Received from ('fd00::200:0:0:14', 8765, 0, 0): b' 2728,20,16,1536,0,648,8,5,7,1,3,-52,0,707,9719,164,0,0 '
Received from ('fd00::200:0:0:f', 8765, 0, 0): b' 2732,15,12,1280,0,588,7,15,7,1,3,-70,2,2001,18821,174,0,0 '
Received from ('fd00::200:0:0:3', 8765, 0, 0): b' 2732,3,1,512,0,593,7,2,7,1,1,-64,5,528,12412,181,0,0 '
Received from ('fd00::200:0:0:15', 8765, 0, 0): b' 2730,21,16,1536,10,631,8,7,5,1,3,-70,0,801,9248,158,0,0 '
Received from ('fd00::200:0:0:13', 8765, 0, 0): b' 2735,19,15,1536,0,624,7,6,7,1,2,-52,0,387,5154,162,0,0 '
Received from ('fd00::200:0:0:8', 8765, 0, 0): b' 2736,8,5,768,20,611,4,13,7,2,1,-70,10,3427,25086,179,0,0 '
Received from ('fd00::200:0:0:7', 8765, 0, 0): b' 2734,7,2,768,0,631,9,11,7,1,2,-70,5,636,5791,176,0,0 '
Received from ('fd00::200:0:0:1', 5678, 0, 0): b' 2735,1,0,256,0,6,0,0,4,0,0,0,10,1772,17738,3190,0,0 '
Received from ('fd00::200:0:0:e', 8765, 0, 0): b' 2733,14,11,1280,0,611,5,8,7,1,2,-70,0,639,8782,152,0,0 '
Received from ('fd00::200:0:0:10', 8765, 0, 0): b' 2733,16,11,1280,0,599,8,17,7,1,3,-70,2,1492,13674,148,0,0 '
Received from ('fd00::200:0:0:12', 8765, 0, 0): b' 2735,18,15,1536,10,662,6,5,5,1,1,-70,0,680,9174,165,0,0 '
Received from ('fd00::200:0:0:b', 8765, 0, 0): b' 2736,11,8,1024,0,589,3,24,7,1,1,-70,6,2073,16740,140,0,0 '
Received from ('fd00::200:0:0:4', 8765, 0, 0): b' 2736,4,1,512,10,640,7,2,7,1,1,-66,0,226,6145,183,0,0 '
Received from ('fd00::200:0:0:14', 8765, 0, 0): b' 2734,20,16,1536,0,652,8,5,7,1,3,-52,0,707,6056,164,0,0 '
Received from ('fd00::200:0:0:d', 8765, 0, 0): b' 2737,13,8,1024,10,201,5,1,7,1,3,-70,1,1160,14072,78,0,0 '
Received from ('fd00::200:0:0:11', 8765, 0, 0): b' 2737,17,13,1280,0,218,7,1,7,1,4,-52,0,871,11210,80,0,0 '
Received from ('fd00::200:0:0:a', 8765, 0, 0): b' 2737,10,6,1024,0,109,2,4,7,1,1,-52,0,697,9254,59,0,0 '
Received from ('fd00::200:0:0:f', 8765, 0, 0): b' 2738,15,12,1280,0,588,7,15,7,1,3,-70,2,955,10178,175,0,0 '
Received from ('fd00::200:0:0:2', 8765, 0, 0): b' 2738,2,1,512,0,583,7,1,6,1,1,-88,7,2744,24286,183,0,0 '
Received from ('fd00::200:0:0:6', 8765, 0, 0): b' 2738,6,2,768,10,202,7,6,7,1,4,-52,1,1208,15440,68,0,0 '
Received from ('fd00::200:0:0:3', 8765, 0, 0): b' 2739,3,1,512,10,597,7,2,7,1,1,-64,5,780,8885,182,0,0 '
Received from ('fd00::200:0:0:12', 8765, 0, 0): b' 2739,18,15,1536,0,665,6,5,5,1,1,-70,0,601,5793,165,0,0 '
Received from ('fd00::200:0:0:11', 8765, 0, 0): b' 2741,17,13,1280,10,221,7,1,7,1,4,-52,0,479,4423,80,0,0 '
Received from ('fd00::200:0:0:9', 8765, 0, 0): b' 2741,9,5,768,0,240,5,2,7,1,2,-52,0,826,12691,78,0,0 '
Received from ('fd00::200:0:0:1', 5678, 0, 0): b' 2742,1,0,256,0,6,0,0,4,0,0,0,10,1476,17311,3197,0,0 '
Received from ('fd00::200:0:0:5', 8765, 0, 0): b' 2743,5,1,512,0,602,6,1,6,2,1,-94,10,4435,29284,183,0,0 '
Received from ('fd00::200:0:0:7', 8765, 0, 0): b' 2742,7,2,768,0,632,9,11,7,1,2,-70,5,505,9391,176,0,0 '
Received from ('fd00::200:0:0:c', 8765, 0, 0): b' 2744,12,8,1024,20,233,8,18,7,1,4,-52,2,2130,17816,81,0,0 '
Received from ('fd00::200:0:0:a', 8765, 0, 0): b' 2742,10,6,1024,0,110,2,4,7,1,1,-52,0,360,5994,59,0,0 '
Received from ('fd00::200:0:0:15', 8765, 0, 0): b' 2741,21,16,1536,0,634,8,7,5,1,3,-70,0,853,9891,158,0,0 '
Received from ('fd00::200:0:0:13', 8765, 0, 0): b' 2743,19,15,1536,0,626,7,6,7,1,2,-52,0,573,8207,163,0,0 '
Received from ('fd00::200:0:0:2', 8765, 0, 0): b' 2743,2,1,512,10,583,7,1,6,1,1,-88,7,767,9455,183,0,0 '
Received from ('fd00::200:0:0:d', 8765, 0, 0): b' 2744,13,8,1024,0,205,5,1,7,1,3,-70,1,1200,9586,79,0,0 '
Received from ('fd00::200:0:0:e', 8765, 0, 0): b' 2744,14,11,1280,0,613,5,8,7,1,2,-70,0,573,8552,153,0,0 '
Received from ('fd00::200:0:0:14', 8765, 0, 0): b' 2742,20,16,1536,0,654,8,5,7,1,3,-52,0,614,7638,164,0,0 '
Received from ('fd00::200:0:0:11', 8765, 0, 0): b' 2746,17,13,1280,0,222,7,1,7,1,4,-52,0,442,5224,81,0,0 '
Received from ('fd00::200:0:0:f', 8765, 0, 0): b' 2746,15,12,1280,0,588,7,15,7,1,3,-70,2,1087,12774,175,0,0 '
Received from ('fd00::200:0:0:6', 8765, 0, 0): b' 2746,6,2,768,0,202,7,6,7,1,4,-52,1,904,12128,69,0,0 '
Received from ('fd00::200:0:0:8', 8765, 0, 0): b' 2747,8,5,768,0,613,4,13,7,2,1,-70,10,5012,32339,179,0,0 '
Received from ('fd00::200:0:0:b', 8765, 0, 0): b' 2748,11,8,1024,20,595,3,24,7,1,1,-70,6,2511,20503,141,0,0 '
Received from ('fd00::200:0:0:4', 8765, 0, 0): b' 2747,4,1,512,0,642,7,2,7,1,1,-66,0,939,14346,184,0,0 '
Received from ('fd00::200:0:0:c', 8765, 0, 0): b' 2749,12,8,1024,0,234,8,18,7,1,4,-52,2,716,6330,81,0,0 '
Received from ('fd00::200:0:0:10', 8765, 0, 0): b' 2747,16,11,1280,0,600,8,17,7,1,3,-70,2,1807,19351,149,0,0 '
Received from ('fd00::200:0:0:3', 8765, 0, 0): b' 2749,3,1,512,0,601,7,2,7,1,1,-64,5,823,11438,182,0,0 '
Received from ('fd00::200:0:0:d', 8765, 0, 0): b' 2749,13,8,1024,0,207,5,1,7,1,3,-70,1,872,7825,79,0,0 '
Received from ('fd00::200:0:0:15', 8765, 0, 0): b' 2748,21,16,1536,0,635,8,7,5,1,3,-70,0,442,5418,159,0,0 '
Received from ('fd00::200:0:0:9', 8765, 0, 0): b' 2749,9,5,768,0,244,5,2,7,1,2,-52,0,819,10766,78,0,0 '
Received from ('fd00::200:0:0:f', 8765, 0, 0): b' 2750,15,12,1280,0,588,7,15,7,1,3,-70,2,632,7339,176,0,0 '
Received from ('fd00::200:0:0:13', 8765, 0, 0): b' 2750,19,15,1536,0,629,7,6,7,1,2,-52,0,721,7330,163,0,0 '
Received from ('fd00::200:0:0:1', 5678, 0, 0): b' 2752,1,0,256,0,6,0,0,4,0,0,0,10,2639,26504,3212,0,0 '
Received from ('fd00::200:0:0:11', 8765, 0, 0): b' 2752,17,13,1280,0,224,7,1,7,1,4,-52,0,492,5738,81,0,0 '
Received from ('fd00::200:0:0:12', 8765, 0, 0): b' 2751,18,15,1536,0,669,6,5,5,1,1,-70,0,932,11535,166,0,0 '
Received from ('fd00::200:0:0:7', 8765, 0, 0): b' 2751,7,2,768,10,633,9,11,7,1,2,-70,5,613,11170,177,0,0 '
Received from ('fd00::200:0:0:2', 8765, 0, 0): b' 2753,2,1,512,10,587,7,1,6,1,1,-88,7,2322,19857,184,0,0 '
Received from ('fd00::200:0:0:e', 8765, 0, 0): b' 2754,14,11,1280,0,616,5,8,7,1,2,-70,0,745,9228,153,0,0 '
Received from ('fd00::200:0:0:5', 8765, 0, 0): b' 2754,5,1,512,20,606,6,1,6,2,1,-94,10,5269,31083,183,0,0 '
Received from ('fd00::200:0:0:a', 8765, 0, 0): b' 2752,10,6,1024,0,114,2,4,7,1,1,-52,0,1042,13310,60,0,0 '
Received from ('fd00::200:0:0:15', 8765, 0, 0): b' 2753,21,16,1536,0,635,8,7,5,1,3,-70,0,255,4631,159,0,0 '
Received from ('fd00::200:0:0:9', 8765, 0, 0): b' 2754,9,5,768,0,245,5,2,7,1,2,-52,0,415,6042,79,0,0 '
Received from ('fd00::200:0:0:14', 8765, 0, 0): b' 2755,20,16,1536,10,656,8,5,7,1,3,-52,0,587,9828,165,0,0 '
Received from ('fd00::200:0:0:10', 8765, 0, 0): b' 2756,16,11,1280,10,602,8,17,7,1,3,-70,2,1429,14564,150,0,0 '
Received from ('fd00::200:0:0:8', 8765, 0, 0): b' 2756,8,5,768,20,616,4,13,7,1,1,-70,10,4006,26351,180,0,0 '
Received from ('fd00::200:0:0:7', 8765, 0, 0): b' 2756,7,2,768,0,634,9,11,7,1,2,-70,5,386,5754,177,0,0 '
Received from ('fd00::200:0:0:4', 8765, 0, 0): b' 2757,4,1,512,0,644,7,2,7,1,1,-66,0,539,11706,184,0,0 '
Received from ('fd00::200:0:0:c', 8765, 0, 0): b' 2757,12,8,1024,0,235,8,18,7,1,4,-52,2,1455,12688,82,0,0 '
Received from ('fd00::200:0:0:b', 8765, 0, 0): b' 2757,11,8,1024,0,597,3,24,7,1,1,-70,6,2071,17626,141,0,0 '
Received from ('fd00::200:0:0:6', 8765, 0, 0): b' 2758,6,2,768,0,203,7,6,7,1,4,-52,1,1159,17851,69,0,0 '
Received from ('fd00::200:0:0:2', 8765, 0, 0): b' 2758,2,1,512,0,590,7,1,6,1,1,-88,7,1139,10531,184,0,0 '
Received from ('fd00::200:0:0:11', 8765, 0, 0): b' 2758,17,13,1280,0,225,7,1,7,1,4,-52,0,506,7206,81,0,0 '
Received from ('fd00::200:0:0:12', 8765, 0, 0): b' 2759,18,15,1536,0,673,6,5,5,1,1,-70,0,726,7188,166,0,0 '
Received from ('fd00::200:0:0:9', 8765, 0, 0): b' 2760,9,5,768,0,247,5,2,7,1,2,-52,0,587,7188,79,0,0 '
Received from ('fd00::200:0:0:3', 8765, 0, 0): b' 2760,3,1,512,0,603,7,2,7,1,1,-64,5,735,14257,183,0,0 '
Received from ('fd00::200:0:0:f', 8765, 0, 0): b' 2760,15,12,1280,0,591,7,15,7,1,3,-70,2,1734,15934,176,0,0 '
Received from ('fd00::200:0:0:d', 8765, 0, 0): b' 2759,13,8,1024,0,209,5,1,7,1,3,-70,1,1300,14447,80,0,0 '
Received from ('fd00::200:0:0:1', 5678, 0, 0): b' 2761,1,0,256,0,6,0,0,4,0,0,0,10,2183,25563,3221,0,0 '
Received from ('fd00::200:0:0:7', 8765, 0, 0): b' 2761,7,2,768,0,634,9,11,7,1,2,-70,5,253,5858,177,0,0 '
Received from ('fd00::200:0:0:8', 8765, 0, 0): b' 2761,8,5,768,0,618,4,13,7,1,1,-70,10,1830,12385,180,0,0 '
Received from ('fd00::200:0:0:a', 8765, 0, 0): b' 2760,10,6,1024,0,115,2,4,7,1,1,-52,0,410,9017,60,0,0 '
Received from ('fd00::200:0:0:e', 8765, 0, 0): b' 2761,14,11,1280,0,617,5,8,7,1,2,-70,0,563,6951,154,0,0 '
Received from ('fd00::200:0:0:5', 8765, 0, 0): b' 2763,5,1,512,10,611,6,1,6,2,1,-94,10,4117,22724,184,0,0 '
Received from ('fd00::200:0:0:13', 8765, 0, 0): b' 2762,19,15,1536,0,631,7,6,7,1,2,-52,0,718,11430,164,0,0 '
Received from ('fd00::200:0:0:15', 8765, 0, 0): b' 2763,21,16,1536,0,640,8,7,5,1,3,-70,0,1015,9512,160,0,0 '
Received from ('fd00::200:0:0:4', 8765, 0, 0): b' 2764,4,1,512,0,645,7,2,7,1,1,-66,0,556,8359,185,0,0 '
Received from ('fd00::200:0:0:14', 8765, 0, 0): b' 2763,20,16,1536,0,657,8,5,7,1,3,-52,0,574,8297,166,0,0 '
Received from ('fd00::200:0:0:c', 8765, 0, 0): b' 2763,12,8,1024,10,235,8,18,7,1,4,-52,2,925,9175,83,0,0 '
Received from ('fd00::200:0:0:10', 8765, 0, 0): b' 2764,16,11,1280,0,603,8,17,7,1,3,-70,2,1344,13872,150,0,0 '
Received from ('fd00::200:0:0:7', 8765, 0, 0): b' 2765,7,2,768,0,637,9,11,7,1,2,-70,5,658,5998,178,0,0 '
Received from ('fd00::200:0:0:b', 8765, 0, 0): b' 2765,11,8,1024,0,598,3,24,7,1,1,-70,6,1714,14004,142,0,0 '
Received from ('fd00::200:0:0:a', 8765, 0, 0): b' 2765,10,6,1024,0,115,2,4,7,1,1,-52,0,389,6466,61,0,0 '
Received from ('fd00::200:0:0:d', 8765, 0, 0): b' 2768,13,8,1024,0,211,5,1,7,1,3,-70,1,758,9355,81,0,0 '
Received from ('fd00::200:0:0:6', 8765, 0, 0): b' 2767,6,2,768,10,208,7,6,7,1,4,-52,1,1629,15229,70,0,0 '
Received from ('fd00::200:0:0:12', 8765, 0, 0): b' 2767,18,15,1536,0,675,6,5,5,1,1,-70,0,670,7762,167,0,0 '
Received from ('fd00::200:0:0:1', 5678, 0, 0): b' 2768,1,0,256,0,6,0,0,4,0,0,0,10,1875,18221,3232,0,0 '
Received from ('fd00::200:0:0:2', 8765, 0, 0): b' 2769,2,1,512,10,596,7,1,6,1,1,-88,7,3017,23272,185,0,0 '
Received from ('fd00::200:0:0:10', 8765, 0, 0): b' 2769,16,11,1280,0,603,8,17,7,1,3,-70,2,511,8071,151,0,0 '
Received from ('fd00::200:0:0:11', 8765, 0, 0): b' 2769,17,13,1280,0,226,7,1,7,1,4,-52,0,586,9880,82,0,0 '
Received from ('fd00::200:0:0:9', 8765, 0, 0): b' 2769,9,5,768,0,247,5,2,7,1,2,-52,0,407,11595,80,0,0 '
Received from ('fd00::200:0:0:7', 8765, 0, 0): b' 2770,7,2,768,0,639,9,11,7,1,2,-70,5,515,6024,178,0,0 '
Received from ('fd00::200:0:0:f', 8765, 0, 0): b' 2769,15,12,1280,0,592,7,15,7,1,3,-70,2,1579,16810,177,0,0 '
Received from ('fd00::200:0:0:3', 8765, 0, 0): b' 2771,3,1,512,0,606,7,2,7,1,1,-64,5,818,13012,184,0,0 '
Received from ('fd00::200:0:0:e', 8765, 0, 0): b' 2770,14,11,1280,10,620,5,8,7,1,2,-70,0,624,8888,155,0,0 '
Received from ('fd00::200:0:0:5', 8765, 0, 0): b' 2772,5,1,512,10,613,6,1,6,2,1,-94,10,3922,22954,185,0,0 '
Received from ('fd00::200:0:0:14', 8765, 0, 0): b' 2770,20,16,1536,0,658,8,5,7,1,3,-52,0,507,6805,166,0,0 '
Received from ('fd00::200:0:0:8', 8765, 0, 0): b' 2772,8,5,768,10,619,4,13,7,1,1,-70,10,4147,28791,181,0,0 '
Received from ('fd00::200:0:0:15', 8765, 0, 0): b' 2773,21,16,1536,10,644,8,7,5,1,3,-70,0,732,8856,160,0,0 '
Received from ('fd00::200:0:0:13', 8765, 0, 0): b' 2771,19,15,1536,0,637,7,6,7,1,2,-52,0,1123,10213,165,0,0 '
Received from ('fd00::200:0:0:d', 8765, 0, 0): b' 2774,13,8,1024,0,212,5,1,7,1,3,-70,1,699,7895,81,0,0 '
Received from ('fd00::200:0:0:c', 8765, 0, 0): b' 2774,12,8,1024,0,236,8,18,7,1,4,-52,2,1508,15221,83,0,0 '
Received from ('fd00::200:0:0:6', 8765, 0, 0): b' 2774,6,2,768,0,212,7,6,7,1,4,-52,1,927,11632,71,0,0 '
Received from ('fd00::200:0:0:12', 8765, 0, 0): b' 2774,18,15,1536,0,677,6,5,5,1,1,-70,0,493,6895,167,0,0 '
Received from ('fd00::200:0:0:4', 8765, 0, 0): b' 2775,4,1,512,10,646,7,2,7,1,1,-66,0,552,13191,186,0,0 '
Received from ('fd00::200:0:0:e', 8765, 0, 0): b' 2777,14,11,1280,0,622,5,8,7,1,2,-70,0,550,5724,155,0,0 '
Received from ('fd00::200:0:0:7', 8765, 0, 0): b' 2776,7,2,768,0,640,9,11,7,1,2,-70,5,481,7716,178,0,0 '
Received from ('fd00::200:0:0:b', 8765, 0, 0): b' 2777,11,8,1024,20,601,3,24,7,1,1,-70,6,2313,19802,143,0,0 '
Received from ('fd00::200:0:0:13', 8765, 0, 0): b' 2775,19,15,1536,0,639,7,6,7,1,2,-52,0,375,4277,165,0,0 '
Received from ('fd00::200:0:0:15', 8765, 0, 0): b' 2777,21,16,1536,0,644,8,7,5,1,3,-70,0,336,4094,161,0,0 '
Received from ('fd00::200:0:0:a', 8765, 0, 0): b' 2777,10,6,1024,10,118,2,4,7,1,1,-52,0,823,13152,62,0,0 '
Received from ('fd00::200:0:0:d', 8765, 0, 0): b' 2778,13,8,1024,0,214,5,1,7,1,3,-70,1,548,5707,81,0,0 '
Received from ('fd00::200:0:0:2', 8765, 0, 0): b' 2778,2,1,512,0,598,7,1,6,1,1,-88,7,2268,20447,186,0,0 '
Received from ('fd00::200:0:0:5', 8765, 0, 0): b' 2778,5,1,512,10,616,6,1,6,2,1,-94,10,3144,18310,185,0,0 '
Received from ('fd00::200:0:0:9', 8765, 0, 0): b' 2777,9,5,768,0,249,5,2,7,1,2,-52,0,611,10322,80,0,0 '
Received from ('fd00::200:0:0:11', 8765, 0, 0): b' 2779,17,13,1280,0,230,7,1,7,1,4,-52,0,810,8959,83,0,0 '
Received from ('fd00::200:0:0:1', 5678, 0, 0): b' 2779,1,0,256,0,6,0,0,4,0,0,0,10,2758,29700,3247,0,0 '
Received from ('fd00::200:0:0:7', 8765, 0, 0): b' 2780,7,2,768,0,642,9,11,7,1,2,-70,5,482,5608,179,0,0 '
Received from ('fd00::200:0:0:8', 8765, 0, 0): b' 2779,8,5,768,10,622,4,13,7,1,1,-70,10,3450,21205,182,0,0 '
Received from ('fd00::200:0:0:f', 8765, 0, 0): b' 2779,15,12,1280,0,595,7,15,7,1,3,-70,2,1877,17532,178,0,0 '
Received from ('fd00::200:0:0:4', 8765, 0, 0): b' 2781,4,1,512,0,649,7,2,7,1,1,-66,0,674,8146,186,0,0 '
Received from ('fd00::200:0:0:a', 8765, 0, 0): b' 2781,10,6,1024,10,120,2,4,7,1,1,-52,0,446,5248,62,0,0 '
Received from ('fd00::200:0:0:14', 8765, 0, 0): b' 2780,20,16,1536,0,662,8,5,7,1,3,-52,0,908,10100,167,0,0 '
Received from ('fd00::200:0:0:3', 8765, 0, 0): b' 2782,3,1,512,0,609,7,2,7,1,1,-64,5,939,14627,185,0,0 '
Received from ('fd00::200:0:0:b', 8765, 0, 0): b' 2780,11,8,1024,10,601,3,24,7,1,1,-70,6,832,8100,143,0,0 '
Received from ('fd00::200:0:0:10', 8765, 0, 0): b' 2779,16,11,1280,0,605,8,17,7,1,3,-70,2,1947,19918,151,0,0 '
Received from ('fd00::200:0:0:d', 8765, 0, 0): b' 2781,13,8,1024,0,215,5,2,7,1,3,-70,1,728,6929,82,0,0 '
Received from ('fd00::200:0:0:6', 8765, 0, 0): b' 2785,6,2,768,0,214,7,6,7,1,4,-52,1,1416,16508,71,0,0 '
Received from ('fd00::200:0:0:15', 8765, 0, 0): b' 2781,21,16,1536,0,645,8,7,5,1,3,-70,0,554,6719,161,0,0 '
Received from ('fd00::200:0:0:c', 8765, 0, 0): b' 2782,12,8,1024,0,238,8,18,7,1,4,-52,2,1618,13779,84,0,0 '
Received from ('fd00::200:0:0:13', 8765, 0, 0): b' 2785,19,15,1536,0,642,7,6,7,1,2,-52,0,777,8450,166,0,0 '
Received from ('fd00::200:0:0:11', 8765, 0, 0): b' 2786,17,13,1280,0,230,7,1,7,1,4,-52,0,375,6263,83,0,0 '
Received from ('fd00::200:0:0:9', 8765, 0, 0): b' 2785,9,5,768,10,251,5,2,7,1,2,-52,0,598,10159,81,0,0 '
Received from ('fd00::200:0:0:5', 8765, 0, 0): b' 2787,5,1,512,10,619,6,1,6,2,1,-94,10,3987,22455,186,0,0 '
Received from ('fd00::200:0:0:f', 8765, 0, 0): b' 2784,15,12,1280,0,596,7,15,7,1,3,-70,2,855,8757,178,0,0 '
Received from ('fd00::200:0:0:12', 8765, 0, 0): b' 2785,18,15,1536,0,682,6,5,5,1,1,-70,0,1039,11123,168,0,0 '
Received from ('fd00::200:0:0:e', 8765, 0, 0): b' 2785,14,11,1280,0,626,5,8,7,1,2,-70,0,932,11037,156,0,0 '
Received from ('fd00::200:0:0:a', 8765, 0, 0): b' 2789,10,6,1024,0,122,2,4,7,1,1,-52,0,731,9420,62,0,0 '
Received from ('fd00::200:0:0:7', 8765, 0, 0): b' 2789,7,2,768,0,644,9,11,7,1,2,-70,5,835,10449,179,0,0 '
Received from ('fd00::200:0:0:14', 8765, 0, 0): b' 2787,20,16,1536,0,664,8,5,7,1,3,-52,0,518,8134,167,0,0 '
Received from ('fd00::200:0:0:4', 8765, 0, 0): b' 2789,4,1,512,20,650,7,2,7,1,1,-66,0,300,8968,187,0,0 '
Received from ('fd00::200:0:0:8', 8765, 0, 0): b' 2788,8,5,768,0,628,4,13,7,1,1,-70,10,4173,25534,182,0,0 '
Received from ('fd00::200:0:0:2', 8765, 0, 0): b' 2790,2,1,512,0,600,7,1,6,1,1,-88,7,1992,21643,186,0,0 '
Received from ('fd00::200:0:0:b', 8765, 0, 0): b' 2789,11,8,1024,0,602,3,24,7,1,1,-70,6,1530,14855,143,0,0 '
Received from ('fd00::200:0:0:3', 8765, 0, 0): b' 2789,3,1,512,0,611,7,2,7,1,1,-64,5,515,9490,185,0,0 '
Received from ('fd00::200:0:0:1', 5678, 0, 0): b' 2790,1,0,256,0,6,0,0,4,0,0,0,10,2633,30353,3259,0,0 '
Received from ('fd00::200:0:0:10', 8765, 0, 0): b' 2788,16,11,1280,20,609,8,17,7,1,3,-70,2,1442,15037,152,0,0 '
Received from ('fd00::200:0:0:9', 8765, 0, 0): b' 2790,9,5,768,0,251,5,2,7,1,2,-52,0,277,5424,81,0,0 '
Received from ('fd00::200:0:0:c', 8765, 0, 0): b' 2789,12,8,1024,0,241,8,18,7,1,4,-52,2,1217,9566,84,0,0 '
Received from ('fd00::200:0:0:6', 8765, 0, 0): b' 2792,6,2,768,0,214,7,6,7,1,4,-52,1,587,10251,71,1,5 '
Received from ('fd00::200:0:0:15', 8765, 0, 0): b' 2789,21,16,1536,0,648,8,7,5,1,3,-70,0,819,8268,162,0,0 '
Received from ('fd00::200:0:0:7', 8765, 0, 0): b' 2793,7,2,768,10,647,9,11,7,1,2,-70,5,575,5581,180,0,0 '
Received from ('fd00::200:0:0:12', 8765, 0, 0): b' 2790,18,15,1536,0,682,6,5,5,1,1,-70,0,282,6015,168,0,0 '
Received from ('fd00::200:0:0:4', 8765, 0, 0): b' 2794,4,1,512,0,651,7,2,7,1,1,-66,0,542,6625,187,0,0 '
Received from ('fd00::200:0:0:5', 8765, 0, 0): b' 2795,5,1,512,10,622,6,1,6,2,1,-94,10,2961,17049,186,0,0 '
Received from ('fd00::200:0:0:e', 8765, 0, 0): b' 2790,14,11,1280,0,626,5,8,7,1,2,-70,0,256,4532,156,0,0 '
Received from ('fd00::200:0:0:b', 8765, 0, 0): b' 2794,11,8,1024,0,605,3,25,7,1,1,-70,6,1437,8648,144,0,0 '
Received from ('fd00::200:0:0:13', 8765, 0, 0): b' 2792,19,15,1536,0,644,7,6,7,1,2,-52,0,517,7773,166,0,0 '
Received from ('fd00::200:0:0:2', 8765, 0, 0): b' 2796,2,1,512,0,600,7,1,6,1,1,-88,7,1358,12761,187,0,0 '
Received from ('fd00::200:0:0:d', 8765, 0, 0): b' 2794,13,8,1024,0,219,5,2,7,1,3,-70,1,1315,15342,82,0,0 '
Received from ('fd00::200:0:0:14', 8765, 0, 0): b' 2793,20,16,1536,0,666,8,5,7,1,3,-52,0,549,5835,168,0,0 '
Received from ('fd00::200:0:0:f', 8765, 0, 0): b' 2793,15,12,1280,10,598,7,15,7,1,3,-70,2,1474,15740,179,0,0 '
Received from ('fd00::200:0:0:11', 8765, 0, 0): b' 2795,17,13,1280,0,231,7,1,7,1,4,-52,0,489,8708,84,0,0 '
Received from ('fd00::200:0:0:9', 8765, 0, 0): b' 2798,9,5,768,0,252,5,2,7,1,2,-52,0,438,7899,82,0,0 '
Received from ('fd00::200:0:0:a', 8765, 0, 0): b' 2797,10,6,1024,10,125,2,4,7,1,1,-52,0,864,11102,63,0,0 '
Received from ('fd00::200:0:0:10', 8765, 0, 0): b' 2793,16,11,1280,0,610,8,17,7,1,3,-70,2,1152,9045,152,0,0 '
Received from ('fd00::200:0:0:5', 8765, 0, 0): b' 2799,5,1,512,0,622,6,1,6,2,1,-94,10,2381,11725,186,0,0 '
Received from ('fd00::200:0:0:12', 8765, 0, 0): b' 2795,18,15,1536,0,685,6,5,5,1,1,-70,0,632,4618,169,0,0 '
Received from ('fd00::200:0:0:3', 8765, 0, 0): b' 2800,3,1,512,0,615,7,2,7,1,1,-64,5,900,11926,186,0,0 '
Received from ('fd00::200:0:0:6', 8765, 0, 0): b' 2800,6,2,768,0,217,7,6,7,1,4,-52,1,1241,14092,71,1,5 '
Received from ('fd00::200:0:0:f', 8765, 0, 0): b' 2799,15,12,1280,0,599,7,15,7,1,3,-70,2,889,8893,179,0,0 '
Received from ('fd00::200:0:0:1', 5678, 0, 0): b' 2801,1,0,256,0,6,0,0,4,0,0,0,10,2544,28015,3275,0,0 '
Received from ('fd00::200:0:0:d', 8765, 0, 0): b' 2800,13,8,1024,0,222,5,2,7,1,3,-70,1,1040,9317,83,0,0 '
Received from ('fd00::200:0:0:8', 8765, 0, 0): b' 2802,8,5,768,20,630,4,13,7,1,1,-70,10,4957,32817,183,0,0 '
Received from ('fd00::200:0:0:e', 8765, 0, 0): b' 2800,14,11,1280,0,631,6,8,7,1,2,-70,0,1162,9982,157,0,0 '
Received from ('fd00::200:0:0:a', 8765, 0, 0): b' 2802,10,6,1024,0,126,2,4,7,1,1,-52,0,643,6148,63,0,0 '
Received from ('fd00::200:0:0:13', 8765, 0, 0): b' 2800,19,15,1536,0,646,7,6,7,1,2,-52,0,670,8019,167,0,0 '
Received from ('fd00::200:0:0:2', 8765, 0, 0): b' 2802,2,1,512,0,601,7,1,6,1,1,-88,7,1212,12787,187,0,0 '
Received from ('fd00::200:0:0:c', 8765, 0, 0): b' 2801,12,8,1024,0,242,8,18,7,1,4,-52,2,1953,16689,85,0,0 '
Received from ('fd00::200:0:0:15', 8765, 0, 0): b' 2800,21,16,1536,0,651,8,7,5,1,3,-70,0,769,10685,162,0,0 '
Received from ('fd00::200:0:0:7', 8765, 0, 0): b' 2803,7,2,768,0,651,9,11,7,1,2,-70,5,959,12714,180,0,0 '
Received from ('fd00::200:0:0:4', 8765, 0, 0): b' 2803,4,1,512,0,651,7,2,7,1,1,-66,0,566,11568,188,0,0 '
Received from ('fd00::200:0:0:12', 8765, 0, 0): b' 2802,18,15,1536,0,687,6,5,5,1,1,-70,0,614,6973,169,0,0 '
Received from ('fd00::200:0:0:10', 8765, 0, 0): b' 2803,16,11,1280,0,612,8,17,7,1,3,-70,2,1141,14122,153,0,0 '
Received from ('fd00::200:0:0:1', 5678, 0, 0): b' 2805,1,0,256,0,6,0,0,4,0,0,0,10,1044,11221,3278,0,0 '
Received from ('fd00::200:0:0:11', 8765, 0, 0): b' 2805,17,13,1280,0,233,7,1,7,1,4,-52,0,637,9023,84,0,0 '
Received from ('fd00::200:0:0:5', 8765, 0, 0): b' 2806,5,1,512,10,624,6,1,6,2,1,-94,10,2876,17651,187,0,0 '
Received from ('fd00::200:0:0:b', 8765, 0, 0): b' 2806,11,8,1024,0,606,3,25,7,1,1,-70,6,2339,21006,144,0,0 '
Received from ('fd00::200:0:0:a', 8765, 0, 0): b' 2806,10,6,1024,0,128,2,4,7,1,1,-52,0,370,5286,63,0,0 '
Received from ('fd00::200:0:0:8', 8765, 0, 0): b' 2807,8,5,768,10,631,4,13,7,1,1,-70,10,2051,12875,183,0,0 '
Received from ('fd00::200:0:0:f', 8765, 0, 0): b' 2805,15,12,1280,0,601,7,15,7,1,3,-70,2,1042,10017,179,0,0 '
Received from ('fd00::200:0:0:14', 8765, 0, 0): b' 2805,20,16,1536,0,668,8,5,7,1,3,-52,0,662,10327,168,0,0 '
Received from ('fd00::200:0:0:9', 8765, 0, 0): b' 2810,9,5,768,0,253,5,2,7,1,2,-52,0,579,13910,82,0,0 '
Received from ('fd00::200:0:0:3', 8765, 0, 0): b' 2809,3,1,512,0,618,7,2,7,1,1,-64,5,743,12199,186,0,0 '
Received from ('fd00::200:0:0:13', 8765, 0, 0): b' 2806,19,15,1536,10,648,7,6,7,1,2,-52,0,494,6245,167,0,0 '
Received from ('fd00::200:0:0:2', 8765, 0, 0): b' 2810,2,1,512,0,603,7,1,6,1,1,-88,7,1837,16636,188,0,0 '
Received from ('fd00::200:0:0:4', 8765, 0, 0): b' 2810,4,1,512,0,652,7,3,7,1,1,-66,0,412,7916,188,0,0 '
Received from ('fd00::200:0:0:e', 8765, 0, 0): b' 2808,14,11,1280,0,636,6,8,7,1,2,-70,0,840,7746,157,0,0 '
Received from ('fd00::200:0:0:12', 8765, 0, 0): b' 2807,18,15,1536,0,687,6,5,5,1,1,-70,0,311,4530,170,0,0 '
Received from ('fd00::200:0:0:10', 8765, 0, 0): b' 2808,16,11,1280,0,613,8,17,7,1,3,-70,2,814,7300,153,0,0 '
Received from ('fd00::200:0:0:6', 8765, 0, 0): b' 2811,6,2,768,0,220,7,6,7,1,4,-52,1,1522,16919,72,1,5 '
Received from ('fd00::200:0:0:d', 8765, 0, 0): b' 2808,13,8,1024,0,225,5,2,7,1,3,-70,1,1060,10933,83,0,0 '
Received from ('fd00::200:0:0:7', 8765, 0, 0): b' 2811,7,2,768,0,651,9,11,7,1,2,-70,5,483,9913,181,0,0 '
Received from ('fd00::200:0:0:15', 8765, 0, 0): b' 2807,21,16,1536,0,652,8,7,5,1,3,-70,0,443,5989,163,0,0 '
Received from ('fd00::200:0:0:c', 8765, 0, 0): b' 2809,12,8,1024,0,244,8,18,7,1,4,-52,2,1735,12683,86,0,0 '
Received from ('fd00::200:0:0:f', 8765, 0, 0): b' 2810,15,12,1280,0,602,7,15,7,1,3,-70,2,1004,8386,180,0,0 '
Received from ('fd00::200:0:0:13', 8765, 0, 0): b' 2811,19,15,1536,0,649,7,6,7,1,2,-52,0,387,4313,167,0,0 '
Received from ('fd00::200:0:0:1', 5678, 0, 0): b' 2814,1,0,256,0,6,0,0,4,0,0,0,10,2337,23356,3291,0,0 '
Received from ('fd00::200:0:0:10', 8765, 0, 0): b' 2813,16,11,1280,0,614,8,17,7,1,3,-70,2,680,7589,153,0,0 '
Received from ('fd00::200:0:0:14', 8765, 0, 0): b' 2813,20,16,1536,10,669,8,5,7,1,3,-52,0,443,7246,169,0,0 '
Received from ('fd00::200:0:0:5', 8765, 0, 0): b' 2815,5,1,512,0,628,6,1,6,2,1,-94,10,4699,25522,187,0,0 '
Received from ('fd00::200:0:0:11', 8765, 0, 0): b' 2815,17,13,1280,0,236,7,1,7,1,4,-52,0,800,9944,85,0,0 '
Received from ('fd00::200:0:0:a', 8765, 0, 0): b' 2816,10,6,1024,0,131,2,4,7,1,1,-52,0,935,12429,64,0,0 '
Received from ('fd00::200:0:0:3', 8765, 0, 0): b' 2817,3,1,512,0,620,7,2,7,1,1,-64,5,590,9368,187,0,0 '
Received from ('fd00::200:0:0:6', 8765, 0, 0): b' 2817,6,2,768,0,220,7,6,7,1,4,-52,1,564,8877,72,1,5 '
Received from ('fd00::200:0:0:8', 8765, 0, 0): b' 2818,8,5,768,30,634,4,13,7,1,1,-70,10,4455,28905,184,0,0 '
Received from ('fd00::200:0:0:12', 8765, 0, 0): b' 2813,18,15,1536,0,688,7,5,5,1,1,-70,0,490,6324,170,0,0 '
Received from ('fd00::200:0:0:b', 8765, 0, 0): b' 2817,11,8,1024,0,610,3,25,7,1,1,-70,6,2676,20128,145,0,0 '
Received from ('fd00::200:0:0:c', 8765, 0, 0): b' 2818,12,8,1024,0,245,8,18,7,1,4,-52,3,1383,11280,86,0,0 '
Received from ('fd00::200:0:0:14', 8765, 0, 0): b' 2817,20,16,1536,0,671,8,5,7,1,3,-52,0,494,4890,169,0,0 '
Received from ('fd00::200:0:0:2', 8765, 0, 0): b' 2819,2,1,512,10,608,7,1,6,1,1,-88,7,1845,18123,188,0,0 '
Received from ('fd00::200:0:0:d', 8765, 0, 0): b' 2820,13,8,1024,0,227,5,2,7,1,3,-70,1,1011,12866,84,0,0 '
Received from ('fd00::200:0:0:e', 8765, 0, 0): b' 2818,14,11,1280,0,640,6,8,7,1,2,-70,0,867,10269,158,0,0 '
Received from ('fd00::200:0:0:9', 8765, 0, 0): b' 2820,9,5,768,0,256,6,2,7,1,2,-52,0,906,13055,83,0,0 '
Received from ('fd00::200:0:0:13', 8765, 0, 0): b' 2818,19,15,1536,0,651,7,6,7,1,2,-52,0,549,7195,168,0,0 '
Received from ('fd00::200:0:0:4', 8765, 0, 0): b' 2821,4,1,512,0,654,7,3,7,1,1,-66,0,734,13443,189,0,0 '
Received from ('fd00::200:0:0:8', 8765, 0, 0): b' 2822,8,5,768,20,636,4,13,7,1,1,-70,10,1990,13008,184,0,0 '
Received from ('fd00::200:0:0:15', 8765, 0, 0): b' 2819,21,16,1536,10,654,8,7,5,1,3,-70,0,638,10018,163,0,0 '
Received from ('fd00::200:0:0:1', 5678, 0, 0): b' 2822,1,0,256,0,6,0,0,4,0,0,0,10,1790,20850,3299,0,0 '
Received from ('fd00::200:0:0:6', 8765, 0, 0): b' 2823,6,2,768,0,222,7,6,7,1,4,-52,1,806,9557,73,1,5 '
Received from ('fd00::200:0:0:a', 8765, 0, 0): b' 2823,10,6,1024,0,133,2,4,7,1,1,-52,0,645,8753,65,0,0 '
Received from ('fd00::200:0:0:12', 8765, 0, 0): b' 2821,18,15,1536,0,690,7,5,5,1,1,-70,0,619,6631,171,0,0 '
Received from ('fd00::200:0:0:7', 8765, 0, 0): b' 2823,7,2,768,0,652,9,11,7,1,2,-70,5,739,14072,181,0,0 '
Received from ('fd00::200:0:0:f', 8765, 0, 0): b' 2822,15,12,1280,10,606,7,15,7,1,3,-70,2,2248,19986,180,0,0 '
Received from ('fd00::200:0:0:11', 8765, 0, 0): b' 2824,17,13,1280,0,237,7,1,7,1,4,-52,0,562,8556,86,0,0 '
Received from ('fd00::200:0:0:10', 8765, 0, 0): b' 2825,16,11,1280,10,616,8,17,7,1,3,-70,2,1806,17382,154,0,0 '
Received from ('fd00::200:0:0:2', 8765, 0, 0): b' 2825,2,1,512,0,608,7,1,6,1,1,-88,7,1660,13044,189,0,0 '
Received from ('fd00::200:0:0:13', 8765, 0, 0): b' 2823,19,15,1536,0,652,7,6,7,1,2,-52,0,386,4901,168,0,0 '
Received from ('fd00::200:0:0:d', 8765, 0, 0): b' 2825,13,8,1024,0,231,5,2,7,1,3,-70,1,1060,7836,84,0,0 '
Received from ('fd00::200:0:0:9', 8765, 0, 0): b' 2824,9,5,768,0,259,6,2,7,1,2,-52,0,597,7622,83,0,0 '
Received from ('fd00::200:0:0:5', 8765, 0, 0): b' 2826,5,1,512,20,631,7,1,6,2,1,-94,10,5135,27906,188,0,0 '
Received from ('fd00::200:0:0:e', 8765, 0, 0): b' 2825,14,11,1280,10,641,6,8,7,1,2,-70,0,429,5133,158,0,0 '
Received from ('fd00::200:0:0:b', 8765, 0, 0): b' 2826,11,8,1024,0,615,3,25,7,1,1,-70,6,2294,16361,146,0,0 '
Received from ('fd00::200:0:0:3', 8765, 0, 0): b' 2828,3,1,512,0,622,7,2,7,1,1,-64,5,710,13171,188,0,0 '
Received from ('fd00::200:0:0:a', 8765, 0, 0): b' 2827,10,6,1024,0,135,2,4,7,1,1,-52,0,398,5277,65,0,0 '
Received from ('fd00::200:0:0:c', 8765, 0, 0): b' 2826,12,8,1024,0,247,8,18,7,1,4,-52,3,1652,11997,87,0,0 '
Received from ('fd00::200:0:0:15', 8765, 0, 0): b' 2825,21,16,1536,10,655,8,7,5,1,3,-70,0,445,5799,164,0,0 '
Received from ('fd00::200:0:0:6', 8765, 0, 0): b' 2828,6,2,768,0,222,7,6,7,1,4,-52,1,863,8806,73,1,5 '
Received from ('fd00::200:0:0:4', 8765, 0, 0): b' 2828,4,1,512,0,654,7,3,7,1,1,-66,0,277,8298,189,0,0 '
Received from ('fd00::200:0:0:8', 8765, 0, 0): b' 2829,8,5,768,20,636,4,13,7,1,1,-70,10,3196,19500,185,0,0 '
Received from ('fd00::200:0:0:2', 8765, 0, 0): b' 2829,2,1,512,0,608,7,1,6,1,1,-88,7,708,8188,189,0,0 '
Received from ('fd00::200:0:0:13', 8765, 0, 0): b' 2827,19,15,1536,0,652,7,6,7,1,2,-52,0,214,4266,169,0,0 '
Received from ('fd00::200:0:0:11', 8765, 0, 0): b' 2829,17,13,1280,0,238,7,1,7,1,4,-52,0,385,5070,86,0,0 '
Received from ('fd00::200:0:0:7', 8765, 0, 0): b' 2830,7,2,768,0,655,9,11,7,1,2,-70,5,828,9838,182,0,0 '
Received from ('fd00::200:0:0:14', 8765, 0, 0): b' 2831,20,16,1536,0,674,8,5,7,1,3,-52,0,825,11094,170,0,0 '
Received from ('fd00::200:0:0:f', 8765, 0, 0): b' 2832,15,12,1280,10,609,7,15,7,1,3,-70,2,1560,15429,181,0,0 '
Received from ('fd00::200:0:0:e', 8765, 0, 0): b' 2832,14,11,1280,0,644,6,8,7,1,2,-70,0,681,7648,159,0,0 '
Received from ('fd00::200:0:0:12', 8765, 0, 0): b' 2831,18,15,1536,0,692,7,5,5,1,1,-70,0,638,8946,171,0,0 '
Received from ('fd00::200:0:0:1', 5678, 0, 0): b' 2833,1,0,256,0,6,0,0,4,0,0,0,10,2669,29669,3315,0,0 '
Received from ('fd00::200:0:0:5', 8765, 0, 0): b' 2833,5,1,512,10,633,7,1,6,2,1,-94,10,2939,17200,189,0,0 '
Received from ('fd00::200:0:0:15', 8765, 0, 0): b' 2833,21,16,1536,0,656,8,7,5,1,3,-70,0,411,6693,164,0,0 '
Received from ('fd00::200:0:0:d', 8765, 0, 0): b' 2834,13,8,1024,0,232,5,2,7,1,3,-70,1,901,11688,85,0,0 '
Received from ('fd00::200:0:0:b', 8765, 0, 0): b' 2835,11,8,1024,0,616,3,25,7,1,1,-70,6,1626,14565,146,0,0 '
Received from ('fd00::200:0:0:a', 8765, 0, 0): b' 2834,10,6,1024,0,136,2,4,7,1,1,-52,0,613,8647,65,0,0 '
Received from ('fd00::200:0:0:13', 8765, 0, 0): b' 2833,19,15,1536,0,654,7,6,7,1,2,-52,0,590,5608,169,0,0 '
Received from ('fd00::200:0:0:9', 8765, 0, 0): b' 2834,9,5,768,10,262,6,2,7,1,2,-52,0,717,10918,83,1,5 '
Received from ('fd00::200:0:0:11', 8765, 0, 0): b' 2834,17,13,1280,0,240,7,1,7,1,4,-52,0,492,5552,86,0,0 '
Received from ('fd00::200:0:0:10', 8765, 0, 0): b' 2835,16,11,1280,0,618,8,17,7,1,3,-70,2,1617,18266,155,0,0 '
Received from ('fd00::200:0:0:c', 8765, 0, 0): b' 2836,12,8,1024,0,249,8,18,7,1,4,-52,3,1404,13794,87,0,0 '
Received from ('fd00::200:0:0:8', 8765, 0, 0): b' 2836,8,5,768,40,637,4,13,7,1,1,-70,10,3383,23416,185,0,0 '
Received from ('fd00::200:0:0:12', 8765, 0, 0): b' 2836,18,15,1536,0,693,7,5,5,1,1,-70,0,362,4758,171,0,0 '
Received from ('fd00::200:0:0:4', 8765, 0, 0): b' 2838,4,1,512,0,656,7,3,7,1,1,-66,0,710,11782,190,0,0 '
Received from ('fd00::200:0:0:6', 8765, 0, 0): b' 2839,6,2,768,0,225,7,6,7,1,4,-52,1,1346,16788,74,1,5 '
Received from ('fd00::200:0:0:3', 8765, 0, 0): b' 2839,3,1,512,0,625,7,2,7,1,1,-64,5,767,14197,188,0,0 '
Received from ('fd00::200:0:0:2', 8765, 0, 0): b' 2839,2,1,512,10,609,7,1,6,1,1,-88,7,1930,18882,190,0,0 '
Received from ('fd00::200:0:0:e', 8765, 0, 0): b' 2836,14,11,1280,10,645,6,8,7,1,2,-70,0,488,4491,159,0,0 '
Received from ('fd00::200:0:0:14', 8765, 0, 0): b' 2837,20,16,1536,0,677,8,5,7,1,3,-52,0,601,6899,170,0,0 '
Received from ('fd00::200:0:0:5', 8765, 0, 0): b' 2840,5,1,512,10,635,7,1,6,2,1,-94,10,3243,18785,189,0,0 '
Received from ('fd00::200:0:0:13', 8765, 0, 0): b' 2837,19,15,1536,0,654,7,6,7,1,2,-52,0,158,3906,169,0,0 '
Received from ('fd00::200:0:0:15', 8765, 0, 0): b' 2840,21,16,1536,0,658,8,7,5,1,3,-70,0,670,6799,165,0,0 '
Received from ('fd00::200:0:0:7', 8765, 0, 0): b' 2842,7,2,768,0,658,9,11,7,1,2,-70,5,851,13993,183,0,0 '
Received from ('fd00::200:0:0:c', 8765, 0, 0): b' 2842,12,8,1024,0,251,8,18,7,1,4,-52,3,1215,8547,88,0,0 '
Received from ('fd00::200:0:0:1', 5678, 0, 0): b' 2842,1,0,256,0,6,0,0,4,0,0,0,10,2591,26074,3330,0,0 '
Received from ('fd00::200:0:0:e', 8765, 0, 0): b' 2842,14,11,1280,0,647,6,8,7,1,2,-70,0,578,5571,159,0,0 '
Received from ('fd00::200:0:0:9', 8765, 0, 0): b' 2843,9,5,768,0,263,6,2,7,1,2,-52,0,488,10004,84,1,5 '
Received from ('fd00::200:0:0:12', 8765, 0, 0): b' 2842,18,15,1536,0,694,7,5,5,1,1,-70,0,442,5784,172,0,0 '
Received from ('fd00::200:0:0:f', 8765, 0, 0): b' 2844,15,12,1280,0,609,7,16,7,1,3,-70,2,1912,19767,182,0,0 '
Received from ('fd00::200:0:0:5', 8765, 0, 0): b' 2844,5,1,512,10,638,7,1,6,2,1,-94,10,2195,11340,189,0,0 '
Received from ('fd00::200:0:0:d', 8765, 0, 0): b' 2844,13,8,1024,0,233,5,2,7,1,3,-70,1,982,13085,86,0,0 '
Received from ('fd00::200:0:0:b', 8765, 0, 0): b' 2845,11,8,1024,0,616,3,25,7,1,1,-70,6,1792,17629,147,0,0 '
Received from ('fd00::200:0:0:2', 8765, 0, 0): b' 2845,2,1,512,0,613,7,1,6,1,1,-88,7,1168,12734,190,0,0 '
Received from ('fd00::200:0:0:a', 8765, 0, 0): b' 2846,10,6,1024,0,138,2,4,7,1,1,-52,0,852,14236,66,0,0 '
Received from ('fd00::200:0:0:10', 8765, 0, 0): b' 2845,16,11,1280,0,620,8,17,7,1,3,-70,2,1687,15999,155,0,0 '
Received from ('fd00::200:0:0:4', 8765, 0, 0): b' 2846,4,1,512,0,659,7,3,7,1,1,-66,0,719,10235,190,0,0 '
Received from ('fd00::200:0:0:8', 8765, 0, 0): b' 2845,8,5,768,30,640,4,13,7,1,1,-70,10,3773,24766,186,0,0 '
Received from ('fd00::200:0:0:7', 8765, 0, 0): b' 2846,7,2,768,0,658,9,11,7,1,2,-70,5,375,5440,183,0,0 '
Received from ('fd00::200:0:0:13', 8765, 0, 0): b' 2844,19,15,1536,0,656,7,6,7,1,2,-52,0,549,6315,170,0,0 '
Received from ('fd00::200:0:0:11', 8765, 0, 0): b' 2845,17,13,1280,0,244,7,1,7,1,4,-52,0,901,9664,87,0,0 '
Received from ('fd00::200:0:0:6', 8765, 0, 0): b' 2848,6,2,768,0,225,7,6,7,1,4,-52,1,821,15505,75,1,5 '
Received from ('fd00::200:0:0:10', 8765, 0, 0): b' 2849,16,11,1280,10,621,8,17,7,1,3,-70,2,578,6645,156,0,0 '
Received from ('fd00::200:0:0:14', 8765, 0, 0): b' 2848,20,16,1536,0,685,8,5,7,1,3,-52,0,1360,11769,171,0,0 '
Received from ('fd00::200:0:0:f', 8765, 0, 0): b' 2850,15,12,1280,0,611,7,16,7,1,3,-70,2,897,9641,182,0,0 '
Received from ('fd00::200:0:0:b', 8765, 0, 0): b' 2850,11,8,1024,0,617,3,25,7,1,1,-70,6,1278,9774,147,0,0 '
Received from ('fd00::200:0:0:3', 8765, 0, 0): b' 2850,3,1,512,0,629,7,2,7,1,1,-64,5,949,14336,189,0,0 '
Received from ('fd00::200:0:0:11', 8765, 0, 0): b' 2850,17,13,1280,0,245,7,1,7,1,4,-52,0,385,5111,87,0,0 '
Received from ('fd00::200:0:0:c', 8765, 0, 0): b' 2851,12,8,1024,0,254,8,18,7,1,4,-52,3,1511,12858,88,0,0 '
Received from ('fd00::200:0:0:9', 8765, 0, 0): b' 2851,9,5,768,0,264,6,2,7,1,2,-52,0,533,9993,84,1,5 '
Received from ('fd00::200:0:0:15', 8765, 0, 0): b' 2850,21,16,1536,0,662,8,7,5,1,3,-70,0,852,10176,165,0,0 '
Received from ('fd00::200:0:0:8', 8765, 0, 0): b' 2851,8,5,768,20,642,4,13,7,1,1,-70,10,2572,15933,186,0,0 '
Received from ('fd00::200:0:0:d', 8765, 0, 0): b' 2852,13,8,1024,0,235,5,2,7,1,3,-70,1,1140,10852,86,0,0 '
Received from ('fd00::200:0:0:1', 5678, 0, 0): b' 2853,1,0,256,0,6,0,0,4,0,0,0,10,2695,28289,3343,0,0 '
Received from ('fd00::200:0:0:7', 8765, 0, 0): b' 2851,7,2,768,20,660,9,11,7,1,2,-70,5,384,6714,184,0,0 '
Received from ('fd00::200:0:0:4', 8765, 0, 0): b' 2853,4,1,512,0,661,7,3,7,1,1,-66,0,590,9020,191,0,0 '
Received from ('fd00::200:0:0:e', 8765, 0, 0): b' 2853,14,11,1280,0,653,6,8,7,1,2,-70,0,1146,11493,160,0,0 '
Received from ('fd00::200:0:0:6', 8765, 0, 0): b' 2854,6,2,768,0,226,7,6,7,1,4,-52,1,701,9432,75,1,5 '
Received from ('fd00::200:0:0:12', 8765, 0, 0): b' 2854,18,15,1536,0,698,7,5,5,1,1,-70,0,932,11422,173,0,0 '
Received from ('fd00::200:0:0:a', 8765, 0, 0): b' 2855,10,6,1024,0,140,2,4,7,1,1,-52,0,600,10652,67,0,0 '
Received from ('fd00::200:0:0:b', 8765, 0, 0): b' 2853,11,8,1024,0,618,3,25,7,1,1,-70,6,1236,9883,148,0,0 '
Received from ('fd00::200:0:0:5', 8765, 0, 0): b' 2855,5,1,512,10,642,7,1,6,2,1,-94,10,5051,28284,190,0,0 '
Received from ('fd00::200:0:0:13', 8765, 0, 0): b' 2855,19,15,1536,0,659,7,6,7,1,2,-52,0,745,9509,170,0,0 '
Received from ('fd00::200:0:0:11', 8765, 0, 0): b' 2855,17,13,1280,0,245,7,1,7,1,4,-52,0,310,4951,88,0,0 '
Received from ('fd00::200:0:0:9', 8765, 0, 0): b' 2856,9,5,768,0,267,6,2,7,1,2,-52,0,572,6533,84,1,5 '
Received from ('fd00::200:0:0:2', 8765, 0, 0): b' 2857,2,1,512,0,615,7,1,6,1,1,-88,7,2552,23187,191,0,0 '
Received from ('fd00::200:0:0:15', 8765, 0, 0): b' 2855,21,16,1536,0,663,8,7,5,1,3,-70,0,419,4819,166,0,0 '
Received from ('fd00::200:0:0:f', 8765, 0, 0): b' 2857,15,12,1280,0,612,7,16,7,1,3,-70,2,1291,12614,183,0,0 '
Received from ('fd00::200:0:0:7', 8765, 0, 0): b' 2857,7,2,768,0,660,9,11,7,1,2,-70,5,445,6956,184,0,0 '
Received from ('fd00::200:0:0:14', 8765, 0, 0): b' 2857,20,16,1536,0,688,8,5,7,1,3,-52,0,780,8545,172,0,0 '
Received from ('fd00::200:0:0:10', 8765, 0, 0): b' 2855,16,11,1280,0,624,8,17,7,1,3,-70,2,1883,15436,156,0,0 '
Received from ('fd00::200:0:0:6', 8765, 0, 0): b' 2859,6,2,768,0,227,7,6,7,1,4,-52,1,641,7686,75,1,5 '
Received from ('fd00::200:0:0:e', 8765, 0, 0): b' 2857,14,11,1280,0,655,6,8,7,1,2,-70,0,552,6189,161,0,0 '
Received from ('fd00::200:0:0:13', 8765, 0, 0): b' 2859,19,15,1536,0,659,7,6,7,1,2,-52,0,311,3885,171,0,0 '
Received from ('fd00::200:0:0:4', 8765, 0, 0): b' 2860,4,1,512,0,663,7,3,7,1,1,-66,0,584,9607,191,0,0 '
Received from ('fd00::200:0:0:b', 8765, 0, 0): b' 2860,11,8,1024,0,620,3,25,7,1,1,-70,6,1406,10810,148,0,0 '
Received from ('fd00::200:0:0:3', 8765, 0, 0): b' 2861,3,1,512,0,633,7,2,7,1,1,-64,5,926,13633,190,0,0 '
Received from ('fd00::200:0:0:12', 8765, 0, 0): b' 2861,18,15,1536,10,698,7,5,5,1,1,-70,0,346,6036,173,0,0 '
Received from ('fd00::200:0:0:8', 8765, 0, 0): b' 2861,8,5,768,10,644,4,13,7,1,1,-70,10,3995,26540,187,0,0 '
Received from ('fd00::200:0:0:c', 8765, 0, 0): b' 2860,12,8,1024,10,257,8,18,7,1,4,-52,3,2020,16362,88,1,5 '
Received from ('fd00::200:0:0:d', 8765, 0, 0): b' 2861,13,8,1024,0,235,5,2,7,1,3,-70,1,768,12167,86,1,5 '
Received from ('fd00::200:0:0:2', 8765, 0, 0): b' 2863,2,1,512,10,618,7,1,6,1,1,-88,7,1268,11699,191,0,0 '
Received from ('fd00::200:0:0:14', 8765, 0, 0): b' 2862,20,16,1536,0,691,8,5,7,1,3,-52,0,600,5341,172,0,0 '
Received from ('fd00::200:0:0:1', 5678, 0, 0): b' 2863,1,0,256,0,6,0,0,4,0,0,0,10,2830,28648,3355,0,0 '
Received from ('fd00::200:0:0:5', 8765, 0, 0): b' 2863,5,1,512,0,644,7,1,6,2,1,-94,10,3708,19790,191,0,0 '
Received from ('fd00::200:0:0:10', 8765, 0, 0): b' 2862,16,11,1280,0,625,8,17,7,1,3,-70,2,902,10039,157,0,0 '
Received from ('fd00::200:0:0:9', 8765, 0, 0): b' 2863,9,5,768,0,269,6,2,7,1,2,-52,0,597,8986,85,1,5 '
Received from ('fd00::200:0:0:15', 8765, 0, 0): b' 2863,21,16,1536,0,663,8,7,5,1,3,-70,0,303,6879,166,0,0 '
Received from ('fd00::200:0:0:11', 8765, 0, 0): b' 2865,17,13,1280,0,246,7,1,7,1,4,-52,0,433,8357,88,0,0 '
Received from ('fd00::200:0:0:13', 8765, 0, 0): b' 2865,19,15,1536,0,663,7,6,7,1,2,-52,0,707,6146,171,0,0 '
Received from ('fd00::200:0:0:a', 8765, 0, 0): b' 2865,10,6,1024,10,142,2,4,7,1,1,-52,0,769,13462,68,0,0 '
Received from ('fd00::200:0:0:c', 8765, 0, 0): b' 2865,12,8,1024,0,258,8,18,7,1,4,-52,3,626,6260,88,1,5 '
Received from ('fd00::200:0:0:6', 8765, 0, 0): b' 2867,6,2,768,0,228,7,6,7,1,4,-52,1,847,11198,76,1,5 '
Received from ('fd00::200:0:0:14', 8765, 0, 0): b' 2865,20,16,1536,10,693,8,5,7,1,3,-52,0,469,5105,173,0,0 '
Received from ('fd00::200:0:0:7', 8765, 0, 0): b' 2868,7,2,768,0,665,9,11,7,1,2,-70,5,1158,14273,185,0,0 '
Received from ('fd00::200:0:0:f', 8765, 0, 0): b' 2867,15,12,1280,10,616,7,16,7,1,3,-70,2,2100,18899,183,0,0 '
Received from ('fd00::200:0:0:e', 8765, 0, 0): b' 2868,14,11,1280,0,656,6,8,7,1,2,-70,0,531,9236,161,0,0 '
Received from ('fd00::200:0:0:3', 8765, 0, 0): b' 2870,3,1,512,0,635,7,2,7,1,1,-64,5,636,11301,190,0,0 '
Received from ('fd00::200:0:0:1', 5678, 0, 0): b' 2871,1,0,256,0,6,0,0,4,0,0,0,10,1793,20037,3366,0,0 '
Received from ('fd00::200:0:0:8', 8765, 0, 0): b' 2871,8,5,768,0,644,4,13,7,1,1,-70,10,3360,24096,188,0,0 '
Received from ('fd00::200:0:0:12', 8765, 0, 0): b' 2870,18,15,1536,0,702,7,5,5,1,1,-70,0,933,10388,174,0,0 '
Received from ('fd00::200:0:0:2', 8765, 0, 0): b' 2871,2,1,512,0,621,7,1,6,1,1,-88,7,2237,19064,192,0,0 '
Received from ('fd00::200:0:0:b', 8765, 0, 0): b' 2871,11,8,1024,0,624,3,25,7,1,1,-70,6,2270,18685,149,0,0 '
Received from ('fd00::200:0:0:6', 8765, 0, 0): b' 2872,6,2,768,0,230,7,6,7,1,4,-52,1,659,8119,76,1,5 '
Received from ('fd00::200:0:0:4', 8765, 0, 0): b' 2872,4,1,512,0,666,7,3,7,1,1,-66,0,914,14071,192,0,0 '
Received from ('fd00::200:0:0:d', 8765, 0, 0): b' 2871,13,8,1024,10,237,5,2,7,1,3,-70,1,924,12139,86,1,5 '
Received from ('fd00::200:0:0:9', 8765, 0, 0): b' 2873,9,5,768,0,270,6,2,7,1,2,-52,0,611,11728,86,1,5 '
Received from ('fd00::200:0:0:5', 8765, 0, 0): b' 2874,5,1,512,0,649,7,1,6,2,1,-94,10,4555,26901,191,0,0 '
Received from ('fd00::200:0:0:a', 8765, 0, 0): b' 2873,10,6,1024,0,144,2,4,7,1,1,-52,0,806,10411,68,0,0 '
Received from ('fd00::200:0:0:11', 8765, 0, 0): b' 2874,17,13,1280,0,250,7,1,7,1,4,-52,0,907,9549,89,0,0 '
Received from ('fd00::200:0:0:10', 8765, 0, 0): b' 2874,16,11,1280,0,626,8,17,7,1,3,-70,2,1546,18671,157,0,0 '
Received from ('fd00::200:0:0:13', 8765, 0, 0): b' 2874,19,15,1536,0,665,7,6,7,1,2,-52,0,718,10857,172,0,0 '
Received from ('fd00::200:0:0:15', 8765, 0, 0): b' 2873,21,16,1536,0,666,8,7,5,1,3,-70,0,825,11327,167,0,0 '
Received from ('fd00::200:0:0:12', 8765, 0, 0): b' 2874,18,15,1536,0,703,7,5,5,1,1,-70,0,363,4783,174,0,0 '
Received from ('fd00::200:0:0:7', 8765, 0, 0): b' 2877,7,2,768,0,668,9,11,7,1,2,-70,5,870,11374,185,0,0 '
Received from ('fd00::200:0:0:4', 8765, 0, 0): b' 2878,4,1,512,0,669,7,3,7,1,1,-66,0,673,7512,193,0,0 '
Received from ('fd00::200:0:0:c', 8765, 0, 0): b' 2877,12,8,1024,0,262,8,18,7,1,4,-52,3,2062,17526,89,1,5 '
Received from ('fd00::200:0:0:9', 8765, 0, 0): b' 2877,9,5,768,10,271,6,2,7,1,2,-52,0,252,5627,86,1,5 '
Received from ('fd00::200:0:0:2', 8765, 0, 0): b' 2879,2,1,512,20,623,7,1,6,1,1,-88,7,1550,14837,192,0,0 '
Received from ('fd00::200:0:0:f', 8765, 0, 0): b' 2878,15,12,1280,0,619,7,16,7,1,3,-70,2,1882,18453,184,0,0 '
Received from ('fd00::200:0:0:6', 8765, 0, 0): b' 2879,6,2,768,0,235,7,6,7,1,4,-52,1,1209,11580,77,1,5 '
Received from ('fd00::200:0:0:14', 8765, 0, 0): b' 2878,20,16,1536,0,696,8,5,7,1,3,-52,0,826,10773,173,0,0 '
Received from ('fd00::200:0:0:d', 8765, 0, 0): b' 2878,13,8,1024,0,240,5,2,7,1,3,-70,1,1120,10284,87,1,5 '
Received from ('fd00::200:0:0:e', 8765, 0, 0): b' 2879,14,11,1280,0,660,6,8,7,1,2,-70,0,903,10112,162,0,0 '
Received from ('fd00::200:0:0:1', 5678, 0, 0): b' 2880,1,0,256,0,6,0,0,4,0,0,0,10,2330,25379,3376,0,0 '
Received from ('fd00::200:0:0:3', 8765, 0, 0): b' 2880,3,1,512,0,639,7,2,7,1,1,-64,5,925,13701,191,0,0 '
Received from ('fd00::200:0:0:b', 8765, 0, 0): b' 2880,11,8,1024,10,625,3,25,7,1,1,-70,6,1823,17249,150,0,0 '
Received from ('fd00::200:0:0:8', 8765, 0, 0): b' 2881,8,5,768,0,645,4,13,7,1,1,-70,10,3946,28047,188,0,0 '
Received from ('fd00::200:0:0:f', 8765, 0, 0): b' 2882,15,12,1280,0,620,7,16,7,1,3,-70,2,410,6237,184,0,0 '
Received from ('fd00::200:0:0:15', 8765, 0, 0): b' 2883,21,16,1536,0,668,8,7,5,1,3,-70,0,615,7265,167,0,0 '
Received from ('fd00::200:0:0:4', 8765, 0, 0): b' 2884,4,1,512,0,669,7,3,7,1,1,-66,0,300,8210,193,0,0 '
Received from ('fd00::200:0:0:a', 8765, 0, 0): b' 2885,10,6,1024,10,148,2,4,7,1,1,-52,0,828,12783,69,0,0 '
Received from ('fd00::200:0:0:e', 8765, 0, 0): b' 2884,14,11,1280,0,660,6,8,7,1,2,-70,0,281,4704,162,0,0 '
Received from ('fd00::200:0:0:3', 8765, 0, 0): b' 2885,3,1,512,0,640,7,2,7,1,1,-64,5,384,5973,191,0,0 '
Received from ('fd00::200:0:0:5', 8765, 0, 0): b' 2885,5,1,512,0,652,7,1,6,2,1,-94,10,4692,28564,192,0,0 '
Received from ('fd00::200:0:0:11', 8765, 0, 0): b' 2885,17,13,1280,0,255,7,1,7,1,4,-52,0,1014,10628,90,0,0 '
Received from ('fd00::200:0:0:13', 8765, 0, 0): b' 2884,19,15,1536,0,667,7,6,7,1,2,-52,0,639,9090,172,0,0 '
Received from ('fd00::200:0:0:10', 8765, 0, 0): b' 2885,16,11,1280,0,630,8,17,7,1,3,-70,2,2045,18446,158,0,0 '
Received from ('fd00::200:0:0:c', 8765, 0, 0): b' 2884,12,8,1024,10,263,8,18,7,1,4,-52,3,1423,11471,90,1,5 '
Received from ('fd00::200:0:0:6', 8765, 0, 0): b' 2886,6,2,768,0,241,7,6,7,1,4,-52,1,1586,14971,77,1,5 '
Received from ('fd00::200:0:0:9', 8765, 0, 0): b' 2886,9,5,768,0,276,6,2,7,1,2,-52,0,966,11976,86,1,5 '
Received from ('fd00::200:0:0:1', 5678, 0, 0): b' 2888,1,0,256,0,6,0,0,4,0,0,0,10,1784,19346,3388,0,0 '
Received from ('fd00::200:0:0:7', 8765, 0, 0): b' 2886,7,2,768,0,672,9,11,7,1,2,-70,5,1056,12903,186,0,0 '
Received from ('fd00::200:0:0:12', 8765, 0, 0): b' 2885,18,15,1536,0,706,7,5,5,1,1,-70,0,825,10252,175,0,0 '
Received from ('fd00::200:0:0:2', 8765, 0, 0): b' 2888,2,1,512,0,624,7,1,6,1,1,-88,7,2195,21654,193,0,0 '
Received from ('fd00::200:0:0:14', 8765, 0, 0): b' 2888,20,16,1536,10,699,8,5,7,1,3,-52,0,803,10545,174,0,0 '
Received from ('fd00::200:0:0:e', 8765, 0, 0): b' 2889,14,11,1280,0,660,6,8,7,1,2,-70,0,311,4929,163,0,0 '
Received from ('fd00::200:0:0:5', 8765, 0, 0): b' 2890,5,1,512,0,653,7,1,6,2,1,-94,10,2140,11883,192,0,0 '
Received from ('fd00::200:0:0:b', 8765, 0, 0): b' 2889,11,8,1024,0,627,3,25,7,1,1,-70,6,1978,15459,150,0,0 '
Received from ('fd00::200:0:0:3', 8765, 0, 0): b' 2890,3,1,512,0,643,7,2,7,1,1,-64,5,648,6695,192,0,0 '
Received from ('fd00::200:0:0:15', 8765, 0, 0): b' 2891,21,16,1536,0,670,8,7,5,1,3,-70,0,573,7472,168,0,0 '
Received from ('fd00::200:0:0:4', 8765, 0, 0): b' 2892,4,1,512,0,669,7,3,7,1,1,-66,0,346,8502,193,0,0 '
Received from ('fd00::200:0:0:8', 8765, 0, 0): b' 2891,8,5,768,10,646,4,13,7,1,1,-70,10,3659,26227,189,0,0 '
Received from ('fd00::200:0:0:f', 8765, 0, 0): b' 2890,15,12,1280,0,623,7,16,7,1,3,-70,2,1681,15202,185,0,0 '
Received from ('fd00::200:0:0:a', 8765, 0, 0): b' 2890,10,6,1024,0,149,2,4,7,1,1,-52,0,625,9532,69,0,0 '
Received from ('fd00::200:0:0:c', 8765, 0, 0): b' 2894,12,8,1024,0,265,8,19,7,1,4,-52,3,1081,11418,90,1,5 '
Received from ('fd00::200:0:0:5', 8765, 0, 0): b' 2895,5,1,512,10,654,7,1,6,2,1,-94,10,1456,10759,193,0,0 '
Received from ('fd00::200:0:0:14', 8765, 0, 0): b' 2894,20,16,1536,0,701,8,5,7,1,3,-52,0,496,5081,174,0,0 '
Received from ('fd00::200:0:0:12', 8765, 0, 0): b' 2894,18,15,1536,0,709,7,5,5,1,1,-70,0,601,7191,175,0,0 '
Received from ('fd00::200:0:0:9', 8765, 0, 0): b' 2895,9,5,768,0,281,6,2,7,1,2,-52,0,1078,11320,87,1,5 '
Received from ('fd00::200:0:0:3', 8765, 0, 0): b' 2895,3,1,512,10,645,7,2,7,1,1,-64,5,286,6501,192,0,0 '
Received from ('fd00::200:0:0:7', 8765, 0, 0): b' 2895,7,2,768,0,673,9,11,7,1,2,-70,5,434,10662,186,0,0 '
Received from ('fd00::200:0:0:10', 8765, 0, 0): b' 2896,16,11,1280,0,633,8,18,7,1,3,-70,2,1755,18259,159,0,0 '
Received from ('fd00::200:0:0:13', 8765, 0, 0): b' 2896,19,15,1536,0,670,7,6,7,1,2,-52,0,802,10777,173,0,0 '
Received from ('fd00::200:0:0:6', 8765, 0, 0): b' 2896,6,2,768,0,243,7,6,7,1,4,-52,1,1184,15408,78,1,5 '
Received from ('fd00::200:0:0:f', 8765, 0, 0): b' 2897,15,12,1280,10,624,7,16,7,1,3,-70,2,878,9472,185,0,0 '
Received from ('fd00::200:0:0:b', 8765, 0, 0): b' 2897,11,8,1024,0,628,3,25,7,1,1,-70,6,1376,13428,151,0,0 '
Received from ('fd00::200:0:0:4', 8765, 0, 0): b' 2899,4,1,512,0,670,7,3,7,1,1,-66,0,482,9431,194,0,0 '
Received from ('fd00::200:0:0:8', 8765, 0, 0): b' 2898,8,5,768,30,648,4,13,7,1,1,-70,10,2538,19098,190,0,0 '
Received from ('fd00::200:0:0:1', 5678, 0, 0): b' 2899,1,0,256,0,6,0,0,4,0,0,0,10,2726,31232,3401,0,0 '
Received from ('fd00::200:0:0:3', 8765, 0, 0): b' 2899,3,1,512,0,647,7,2,7,1,1,-64,5,574,5622,192,0,0 '
Received from ('fd00::200:0:0:15', 8765, 0, 0): b' 2897,21,16,1536,10,671,8,7,5,1,3,-70,0,404,6761,169,0,0 '
Received from ('fd00::200:0:0:2', 8765, 0, 0): b' 2900,2,1,512,10,626,7,1,6,1,1,-88,7,2067,22392,194,0,0 '
Received from ('fd00::200:0:0:a', 8765, 0, 0): b' 2901,10,6,1024,0,152,2,4,7,1,1,-52,0,827,12925,70,0,0 '
Received from ('fd00::200:0:0:e', 8765, 0, 0): b' 2901,14,11,1280,0,663,6,8,7,1,2,-70,0,763,11223,163,0,0 '
Received from ('fd00::200:0:0:10', 8765, 0, 0): b' 2901,16,11,1280,0,634,8,18,7,1,3,-70,2,950,9005,159,0,0 '
Received from ('fd00::200:0:0:9', 8765, 0, 0): b' 2902,9,5,768,0,283,6,2,7,1,2,-52,0,515,8715,87,1,5 '
Received from ('fd00::200:0:0:6', 8765, 0, 0): b' 2902,6,2,768,0,244,7,6,7,1,4,-52,1,728,9336,78,1,5 '
Received from ('fd00::200:0:0:12', 8765, 0, 0): b' 2901,18,15,1536,0,710,7,5,5,1,1,-70,0,532,7816,176,0,0 '
Received from ('fd00::200:0:0:f', 8765, 0, 0): b' 2902,15,12,1280,10,628,7,17,7,1,3,-70,2,1329,9634,186,0,0 '
Received from ('fd00::200:0:0:1', 5678, 0, 0): b' 2905,1,0,256,0,6,0,0,4,0,0,0,10,1312,13930,3408,0,0 '
Received from ('fd00::200:0:0:13', 8765, 0, 0): b' 2903,19,15,1536,0,673,7,6,7,1,2,-52,0,675,7002,174,0,0 '
Received from ('fd00::200:0:0:14', 8765, 0, 0): b' 2904,20,16,1536,0,706,8,5,7,1,3,-52,0,1079,10756,175,0,0 '
Received from ('fd00::200:0:0:c', 8765, 0, 0): b' 2904,12,8,1024,0,272,8,19,7,1,4,-52,3,2652,16473,91,1,5 '
Received from ('fd00::200:0:0:5', 8765, 0, 0): b' 2906,5,1,512,0,657,7,1,6,2,1,-94,10,4929,29319,194,0,0 '
Received from ('fd00::200:0:0:b', 8765, 0, 0): b' 2905,11,8,1024,0,632,3,25,7,1,1,-70,6,2090,16033,151,0,0 '
Received from ('fd00::200:0:0:15', 8765, 0, 0): b' 2907,21,16,1536,0,674,8,7,5,1,3,-70,0,772,8618,169,0,0 '
Received from ('fd00::200:0:0:9', 8765, 0, 0): b' 2906,9,5,768,0,283,6,2,7,1,2,-52,0,335,5840,88,1,5 '
Received from ('fd00::200:0:0:2', 8765, 0, 0): b' 2908,2,1,512,0,628,7,1,6,1,1,-88,7,1379,14086,194,0,0 '
Received from ('fd00::200:0:0:e', 8765, 0, 0): b' 2906,14,11,1280,0,666,6,8,7,1,2,-70,0,651,6291,164,0,0 '
Received from ('fd00::200:0:0:6', 8765, 0, 0): b' 2907,6,2,768,10,245,7,6,7,1,4,-52,1,555,7465,79,1,5 '
Received from ('fd00::200:0:0:7', 8765, 0, 0): b' 2906,7,2,768,10,674,9,11,7,1,2,-70,5,897,14542,187,0,0 '
Received from ('fd00::200:0:0:f', 8765, 0, 0): b' 2907,15,12,1280,0,629,7,17,7,1,3,-70,2,841,9307,186,0,0 '
Received from ('fd00::200:0:0:a', 8765, 0, 0): b' 2907,10,6,1024,0,153,2,4,7,1,1,-52,0,494,6972,70,0,0 '
Received from ('fd00::200:0:0:4', 8765, 0, 0): b' 2908,4,1,512,10,672,7,3,7,1,1,-66,0,658,11405,195,0,0 '
Received from ('fd00::200:0:0:8', 8765, 0, 0): b' 2908,8,5,768,0,653,4,13,7,1,1,-70,10,3785,26303,190,0,0 '
Received from ('fd00::200:0:0:3', 8765, 0, 0): b' 2910,3,1,512,0,652,7,2,7,1,1,-64,5,1031,13961,193,0,0 '
Received from ('fd00::200:0:0:12', 8765, 0, 0): b' 2909,18,15,1536,0,714,7,5,5,1,1,-70,0,828,7735,176,0,0 '
Received from ('fd00::200:0:0:11', 8765, 0, 0): b' 2895,17,9,1408,20,258,8,1,7,0,5,-95,0,1872,11361,90,0,0 '
Received from ('fd00::200:0:0:14', 8765, 0, 0): b' 2910,20,16,1536,0,707,8,5,7,1,3,-52,0,383,5499,175,0,0 '
Received from ('fd00::200:0:0:11', 8765, 0, 0): b' 2906,17,9,1408,70,262,9,1,7,0,5,-95,0,732,9599,90,0,0 '
Received from ('fd00::200:0:0:c', 8765, 0, 0): b' 2910,12,8,1024,0,274,8,19,7,1,4,-52,3,925,8323,91,1,5 '
Received from ('fd00::200:0:0:10', 8765, 0, 0): b' 2909,16,11,1280,0,634,8,18,7,1,3,-70,2,1184,14159,160,0,0 '
Received from ('fd00::200:0:0:11', 8765, 0, 0): b' 2912,17,9,1112,30,263,9,1,7,1,5,-95,0,825,6947,91,0,0 '
Received from ('fd00::200:0:0:b', 8765, 0, 0): b' 2911,11,8,1024,10,635,3,25,7,1,1,-70,6,1426,9745,152,0,0 '
Received from ('fd00::200:0:0:1', 5678, 0, 0): b' 2913,1,0,256,0,6,0,0,4,0,0,0,10,2235,23758,3419,0,0 '
Received from ('fd00::200:0:0:13', 8765, 0, 0): b' 2913,19,15,1536,0,678,7,6,7,1,2,-52,0,953,9896,174,0,0 '
Received from ('fd00::200:0:0:2', 8765, 0, 0): b' 2916,2,1,512,0,632,7,1,6,1,1,-88,7,2120,17206,195,0,0 '
Received from ('fd00::200:0:0:7', 8765, 0, 0): b' 2916,7,2,768,0,675,9,11,7,1,2,-70,5,611,10620,188,0,0 '
Received from ('fd00::200:0:0:3', 8765, 0, 0): b' 2917,3,1,512,0,653,7,2,7,1,1,-64,5,385,7187,193,0,0 '
Received from ('fd00::200:0:0:9', 8765, 0, 0): b' 2916,9,5,768,0,285,6,2,7,1,2,-52,1,1600,15070,88,1,5 '
Received from ('fd00::200:0:0:6', 8765, 0, 0): b' 2917,6,2,768,10,249,7,6,7,1,4,-52,1,1188,15044,79,1,5 '
Received from ('fd00::200:0:0:15', 8765, 0, 0): b' 2916,21,16,1536,0,676,8,7,5,1,3,-70,0,762,9316,170,0,0 '
Received from ('fd00::200:0:0:a', 8765, 0, 0): b' 2916,10,6,1024,0,154,2,4,7,1,1,-52,0,851,11217,71,0,0 '
Received from ('fd00::200:0:0:5', 8765, 0, 0): b' 2918,5,1,512,10,660,7,1,6,2,1,-94,10,4699,27684,194,0,0 '
Received from ('fd00::200:0:0:10', 8765, 0, 0): b' 2916,16,11,1280,0,635,8,18,7,1,3,-70,2,1004,10481,160,0,0 '
Received from ('fd00::200:0:0:4', 8765, 0, 0): b' 2919,4,1,512,0,674,7,3,7,1,1,-66,0,689,13046,195,0,0 '
Received from ('fd00::200:0:0:b', 8765, 0, 0): b' 2918,11,8,1024,0,638,3,25,7,1,1,-70,6,1395,12243,152,0,0 '
Received from ('fd00::200:0:0:8', 8765, 0, 0): b' 2918,8,5,768,0,658,4,13,7,1,1,-70,10,3521,25974,191,0,0 '
Received from ('fd00::200:0:0:e', 8765, 0, 0): b' 2917,14,11,1280,0,666,6,8,7,1,2,-70,0,504,10662,165,0,0 '
Received from ('fd00::200:0:0:12', 8765, 0, 0): b' 2919,18,15,1536,0,717,7,5,5,1,1,-70,0,801,9426,177,0,0 '
Received from ('fd00::200:0:0:1', 5678, 0, 0): b' 2921,1,0,256,0,6,0,0,4,0,0,0,10,1786,19386,3429,0,0 '
Received from ('fd00::200:0:0:c', 8765, 0, 0): b' 2918,12,8,1024,10,276,8,20,7,1,4,-52,3,1573,13774,92,1,5 '
Received from ('fd00::200:0:0:f', 8765, 0, 0): b' 2919,15,12,1280,0,633,7,17,7,1,3,-70,2,2225,20291,187,0,0 '
Received from ('fd00::200:0:0:10', 8765, 0, 0): b' 2920,16,11,1280,0,637,8,18,7,1,3,-70,2,720,6992,161,0,0 '
Received from ('fd00::200:0:0:9', 8765, 0, 0): b' 2921,9,5,768,0,285,6,2,7,1,2,-52,1,450,7800,89,1,5 '
Received from ('fd00::200:0:0:14', 8765, 0, 0): b' 2922,20,16,1536,0,711,8,5,7,1,3,-52,0,926,11831,176,0,0 '
Received from ('fd00::200:0:0:a', 8765, 0, 0): b' 2922,10,6,1024,0,158,2,4,7,1,1,-52,0,706,7578,71,0,0 '
Received from ('fd00::200:0:0:13', 8765, 0, 0): b' 2922,19,15,1536,0,682,8,6,7,1,2,-52,0,861,9384,175,0,0 '
Received from ('fd00::200:0:0:11', 8765, 0, 0): b' 2924,17,9,1024,0,266,9,1,7,1,5,-95,0,1014,11225,91,0,0 '
Received from ('fd00::200:0:0:8', 8765, 0, 0): b' 2923,8,5,768,0,659,4,13,7,1,1,-70,10,1764,12102,191,0,0 '
Received from ('fd00::200:0:0:2', 8765, 0, 0): b' 2923,2,1,512,0,634,7,1,6,1,1,-88,7,1666,16987,195,0,0 '
Received from ('fd00::200:0:0:b', 8765, 0, 0): b' 2923,11,8,1024,0,640,3,25,7,1,1,-70,6,1260,10325,153,0,0 '
Received from ('fd00::200:0:0:7', 8765, 0, 0): b' 2924,7,2,768,0,678,9,11,7,1,2,-70,5,748,11074,188,0,0 '
Received from ('fd00::200:0:0:6', 8765, 0, 0): b' 2925,6,2,768,0,251,7,6,7,1,4,-52,1,1242,13474,80,1,5 '
Received from ('fd00::200:0:0:c', 8765, 0, 0): b' 2924,12,8,1024,0,278,8,20,7,1,4,-52,3,875,8057,92,1,5 '
Received from ('fd00::200:0:0:f', 8765, 0, 0): b' 2925,15,12,1280,0,635,7,17,7,1,3,-70,2,1279,12773,187,0,0 '
Received from ('fd00::200:0:0:3', 8765, 0, 0): b' 2928,3,1,512,0,653,7,2,7,1,1,-64,5,520,14353,194,0,0 '
Received from ('fd00::200:0:0:5', 8765, 0, 0): b' 2928,5,1,512,10,663,7,1,6,2,1,-94,10,4558,27562,195,0,0 '
Received from ('fd00::200:0:0:e', 8765, 0, 0): b' 2927,14,11,1280,0,667,6,8,7,1,2,-70,0,526,8413,165,0,0 '
Received from ('fd00::200:0:0:2', 8765, 0, 0): b' 2929,2,1,512,10,635,7,1,6,1,1,-88,7,1095,9300,196,0,0 '
Received from ('fd00::200:0:0:13', 8765, 0, 0): b' 2928,19,15,1536,0,684,8,6,7,1,2,-52,0,494,5645,175,0,0 '
Received from ('fd00::200:0:0:15', 8765, 0, 0): b' 2928,21,16,1536,10,681,8,7,5,1,3,-70,0,871,11207,170,0,0 '
Received from ('fd00::200:0:0:1', 5678, 0, 0): b' 2930,1,0,256,0,6,0,0,4,0,0,0,10,1839,22524,3438,0,0 '
Received from ('fd00::200:0:0:4', 8765, 0, 0): b' 2929,4,1,512,0,675,7,3,7,1,1,-66,0,604,12856,196,0,0 '
Received from ('fd00::200:0:0:11', 8765, 0, 0): b' 2928,17,9,1024,0,268,9,1,7,1,5,-95,0,549,6247,92,0,0 '
Received from ('fd00::200:0:0:a', 8765, 0, 0): b' 2929,10,6,1024,0,161,2,4,7,1,1,-52,0,679,9489,72,0,0 '
Received from ('fd00::200:0:0:10', 8765, 0, 0): b' 2928,16,11,1280,0,639,8,18,7,1,3,-70,2,1422,14552,161,0,0 '
Received from ('fd00::200:0:0:12', 8765, 0, 0): b' 2929,18,15,1536,0,722,7,5,5,1,1,-70,0,1015,10789,178,0,0 '
Received from ('fd00::200:0:0:9', 8765, 0, 0): b' 2932,9,5,768,0,287,6,2,7,1,2,-52,1,1242,16477,89,1,5 '
Received from ('fd00::200:0:0:7', 8765, 0, 0): b' 2933,7,2,768,0,681,9,11,7,1,2,-70,5,829,10611,189,0,0 '
Received from ('fd00::200:0:0:14', 8765, 0, 0): b' 2932,20,16,1536,0,713,8,5,7,1,3,-52,0,695,9850,177,0,0 '
Received from ('fd00::200:0:0:5', 8765, 0, 0): b' 2935,5,1,512,0,665,7,1,6,2,1,-94,10,2587,15293,195,0,0 '
Received from ('fd00::200:0:0:15', 8765, 0, 0): b' 2935,21,16,1536,0,684,8,7,5,1,3,-70,0,766,6631,171,0,0 '
Received from ('fd00::200:0:0:6', 8765, 0, 0): b' 2934,6,2,768,10,255,7,6,7,1,4,-52,1,1197,14597,80,1,5 '
Received from ('fd00::200:0:0:8', 8765, 0, 0): b' 2934,8,5,768,10,662,4,13,7,1,1,-70,10,3542,28079,192,0,0 '
Received from ('fd00::200:0:0:e', 8765, 0, 0): b' 2934,14,11,1280,0,667,6,8,7,1,2,-70,0,335,6128,166,0,0 '
Received from ('fd00::200:0:0:3', 8765, 0, 0): b' 2936,3,1,512,0,654,7,2,7,1,1,-64,5,483,8798,195,0,0 '
Received from ('fd00::200:0:0:f', 8765, 0, 0): b' 2933,15,12,1280,0,636,7,17,7,1,3,-70,2,1225,13550,188,0,0 '
Received from ('fd00::200:0:0:c', 8765, 0, 0): b' 2934,12,8,1024,0,278,8,20,7,1,4,-52,3,1584,14356,93,1,5 '
Received from ('fd00::200:0:0:2', 8765, 0, 0): b' 2936,2,1,512,0,636,7,1,6,1,1,-88,7,1479,15692,196,0,0 '
Received from ('fd00::200:0:0:a', 8765, 0, 0): b' 2936,10,6,1024,0,163,2,4,7,1,1,-52,0,599,7805,72,0,0 '
Received from ('fd00::200:0:0:b', 8765, 0, 0): b' 2935,11,8,1024,0,643,3,25,7,1,1,-70,6,2430,20957,153,0,0 '
Received from ('fd00::200:0:0:12', 8765, 0, 0): b' 2934,18,15,1536,0,726,7,5,5,1,1,-70,0,734,6985,178,0,0 '
Received from ('fd00::200:0:0:4', 8765, 0, 0): b' 2938,4,1,512,0,678,7,3,7,1,1,-66,0,669,10796,197,0,0 '
Received from ('fd00::200:0:0:1', 5678, 0, 0): b' 2938,1,0,256,0,6,0,0,4,0,0,0,10,2075,22784,3449,0,0 '
Received from ('fd00::200:0:0:10', 8765, 0, 0): b' 2936,16,11,1280,0,639,8,18,7,1,3,-70,2,1013,11745,162,0,0 '
Received from ('fd00::200:0:0:13', 8765, 0, 0): b' 2936,19,15,1536,0,684,8,6,7,1,2,-52,0,480,9312,176,0,0 '
Received from ('fd00::200:0:0:6', 8765, 0, 0): b' 2940,6,2,768,0,255,7,6,7,1,4,-52,1,622,8613,81,1,5 '
Received from ('fd00::200:0:0:11', 8765, 0, 0): b' 2941,17,9,1024,0,270,9,1,7,1,5,-95,0,654,10185,92,0,0 '
Received from ('fd00::200:0:0:14', 8765, 0, 0): b' 2939,20,16,1536,10,716,8,5,7,1,3,-52,0,614,7827,177,0,0 '
Received from ('fd00::200:0:0:15', 8765, 0, 0): b' 2939,21,16,1536,0,686,8,7,5,1,3,-70,0,493,6542,171,0,0 '
Received from ('fd00::200:0:0:9', 8765, 0, 0): b' 2942,9,5,768,0,288,6,2,7,1,2,-52,1,900,14386,90,1,5 '
Received from ('fd00::200:0:0:8', 8765, 0, 0): b' 2943,8,5,768,30,665,4,13,7,1,1,-70,10,2502,18901,193,0,0 '
Received from ('fd00::200:0:0:7', 8765, 0, 0): b' 2943,7,2,768,10,685,9,11,7,1,2,-70,5,829,12759,190,0,0 '
Received from ('fd00::200:0:0:5', 8765, 0, 0): b' 2945,5,1,512,20,669,7,1,6,2,1,-94,10,3912,23799,196,0,0 '
Received from ('fd00::200:0:0:b', 8765, 0, 0): b' 2943,11,8,1024,0,644,3,25,7,1,1,-70,6,1392,11874,154,0,0 '
Received from ('fd00::200:0:0:e', 8765, 0, 0): b' 2943,14,11,1280,0,669,6,8,7,1,2,-70,0,517,8010,166,0,0 '
Received from ('fd00::200:0:0:6', 8765, 0, 0): b' 2944,6,2,768,20,259,7,6,7,1,4,-52,1,737,7431,81,1,5 '
Received from ('fd00::200:0:0:a', 8765, 0, 0): b' 2944,10,6,1024,0,164,2,4,7,1,1,-52,0,589,10285,73,0,0 '
Received from ('fd00::200:0:0:1', 5678, 0, 0): b' 2946,1,0,256,0,6,0,0,4,0,0,0,10,1977,20796,3459,0,0 '
Received from ('fd00::200:0:0:c', 8765, 0, 0): b' 2946,12,8,1024,10,280,8,20,7,1,4,-52,3,1517,14239,94,1,5 '
Received from ('fd00::200:0:0:11', 8765, 0, 0): b' 2946,17,9,1024,0,271,9,1,7,1,5,-95,0,441,5988,93,0,0 '
Received from ('fd00::200:0:0:f', 8765, 0, 0): b' 2943,15,12,1280,0,640,7,17,7,1,3,-70,2,1704,16358,189,0,0 '
Received from ('fd00::200:0:0:13', 8765, 0, 0): b' 2944,19,15,1536,0,687,8,6,7,1,2,-52,0,777,7910,177,0,0 '
Received from ('fd00::200:0:0:3', 8765, 0, 0): b' 2948,3,1,512,0,660,7,2,7,1,1,-64,5,1259,15505,196,0,0 '
Received from ('fd00::200:0:0:2', 8765, 0, 0): b' 2948,2,1,512,0,641,7,1,6,1,1,-88,7,2849,24176,197,0,0 '
Received from ('fd00::200:0:0:15', 8765, 0, 0): b' 2946,21,16,1536,0,689,8,7,5,1,3,-70,0,650,5863,172,0,0 '
Received from ('fd00::200:0:0:10', 8765, 0, 0): b' 2947,16,11,1280,0,641,8,18,7,1,3,-70,2,1857,18053,162,0,0 '
Received from ('fd00::200:0:0:8', 8765, 0, 0): b' 2949,8,5,768,10,667,4,13,7,1,1,-70,10,2382,16630,193,0,0 '
Received from ('fd00::200:0:0:7', 8765, 0, 0): b' 2949,7,2,768,0,685,9,11,7,1,2,-70,5,507,7588,190,0,0 '
Received from ('fd00::200:0:0:12', 8765, 0, 0): b' 2946,18,15,1536,0,727,7,5,5,1,1,-70,0,653,10812,179,0,0 '
Received from ('fd00::200:0:0:4', 8765, 0, 0): b' 2949,4,1,512,0,681,7,3,7,1,1,-66,0,795,14123,197,0,0 '
Received from ('fd00::200:0:0:6', 8765, 0, 0): b' 2951,6,2,768,0,260,7,6,7,1,4,-52,1,970,11019,82,1,5 '
Received from ('fd00::200:0:0:14', 8765, 0, 0): b' 2951,20,16,1536,0,719,8,5,7,1,3,-52,0,927,10816,178,0,0 '
Received from ('fd00::200:0:0:f', 8765, 0, 0): b' 2953,15,12,1280,0,642,7,17,7,1,3,-70,2,1155,12523,189,0,0 '
Received from ('fd00::200:0:0:9', 8765, 0, 0): b' 2953,9,5,768,0,288,6,2,7,1,2,-52,1,1011,17105,91,1,5 '
Received from ('fd00::200:0:0:5', 8765, 0, 0): b' 2954,5,1,512,10,670,7,1,6,2,1,-94,10,3568,22081,197,0,0 '
Received from ('fd00::200:0:0:b', 8765, 0, 0): b' 2953,11,8,1024,10,646,3,25,7,1,1,-70,6,1706,16563,155,0,0 '
Received from ('fd00::200:0:0:e', 8765, 0, 0): b' 2953,14,11,1280,0,672,6,8,7,1,2,-70,0,795,9643,167,0,0 '
Received from ('fd00::200:0:0:2', 8765, 0, 0): b' 2954,2,1,512,0,642,7,1,6,1,1,-88,7,1139,12271,197,0,0 '
Received from ('fd00::200:0:0:8', 8765, 0, 0): b' 2954,8,5,768,10,669,4,13,7,1,1,-70,10,1660,13093,193,0,0 '
Received from ('fd00::200:0:0:1', 5678, 0, 0): b' 2955,1,0,256,0,6,0,0,4,0,0,0,10,2175,24905,3470,0,0 '
Received from ('fd00::200:0:0:6', 8765, 0, 0): b' 2955,6,2,768,0,260,7,6,7,1,4,-52,1,336,6381,82,1,5 '
Received from ('fd00::200:0:0:a', 8765, 0, 0): b' 2956,10,6,1024,10,170,2,4,7,1,1,-52,0,1090,13856,73,0,0 '
Received from ('fd00::200:0:0:11', 8765, 0, 0): b' 2956,17,9,1024,0,279,9,1,7,1,5,-95,0,1171,10071,93,0,0 '
Received from ('fd00::200:0:0:c', 8765, 0, 0): b' 2957,12,8,1024,0,283,8,20,7,1,4,-52,3,1504,15208,94,1,5 '
Received from ('fd00::200:0:0:14', 8765, 0, 0): b' 2956,20,16,1536,0,720,8,5,7,1,3,-52,0,363,4849,178,0,0 '
Received from ('fd00::200:0:0:7', 8765, 0, 0): b' 2957,7,2,768,0,686,9,11,7,1,2,-70,5,506,9463,190,0,0 '
Received from ('fd00::200:0:0:3', 8765, 0, 0): b' 2958,3,1,512,0,662,7,2,7,1,1,-64,5,540,12144,196,0,0 '
Received from ('fd00::200:0:0:12', 8765, 0, 0): b' 2957,18,15,1536,20,730,7,5,5,1,1,-70,0,626,8299,180,0,0 '
Received from ('fd00::200:0:0:9', 8765, 0, 0): b' 2959,9,5,768,0,290,6,2,7,1,2,-52,1,848,8011,91,1,5 '
Received from ('fd00::200:0:0:13', 8765, 0, 0): b' 2957,19,15,1536,10,689,8,6,7,1,2,-52,0,702,10522,177,0,0 '
Received from ('fd00::200:0:0:f', 8765, 0, 0): b' 2959,15,12,1280,20,645,7,17,7,1,3,-70,2,1226,10405,189,0,0 '
Received from ('fd00::200:0:0:2', 8765, 0, 0): b' 2961,2,1,512,0,642,7,1,6,1,1,-88,7,1444,13454,198,0,0 '
Received from ('fd00::200:0:0:4', 8765, 0, 0): b' 2960,4,1,512,10,683,7,3,7,1,1,-66,0,711,13077,198,0,0 '
Received from ('fd00::200:0:0:10', 8765, 0, 0): b' 2959,16,11,1280,0,645,8,18,7,1,3,-70,2,1899,19590,163,0,0 '
Received from ('fd00::200:0:0:11', 8765, 0, 0): b' 2961,17,9,1024,0,280,9,1,7,1,5,-95,0,519,4982,94,0,0 '
Received from ('fd00::200:0:0:15', 8765, 0, 0): b' 2959,21,16,1536,0,692,8,7,5,1,3,-70,0,825,11506,173,0,0 '
Received from ('fd00::200:0:0:b', 8765, 0, 0): b' 2961,11,8,1024,0,648,3,25,7,1,1,-70,6,1872,14115,155,0,0 '
Received from ('fd00::200:0:0:3', 8765, 0, 0): b' 2963,3,1,512,0,664,7,2,7,1,1,-64,5,542,6126,197,0,0 '
Received from ('fd00::200:0:0:12', 8765, 0, 0): b' 2962,18,15,1536,0,731,7,5,5,1,1,-70,0,443,5192,180,0,0 '
Received from ('fd00::200:0:0:8', 8765, 0, 0): b' 2965,8,5,768,0,671,4,13,7,1,1,-70,10,3116,23543,194,0,0 '
Received from ('fd00::200:0:0:5', 8765, 0, 0): b' 2965,5,1,512,0,676,7,1,6,2,1,-94,10,5055,28538,197,0,0 '
Received from ('fd00::200:0:0:e', 8765, 0, 0): b' 2963,14,11,1280,10,675,6,8,7,1,2,-70,0,801,10223,168,0,0 '
Received from ('fd00::200:0:0:15', 8765, 0, 0): b' 2964,21,16,1536,0,694,8,7,5,1,3,-70,0,494,5510,173,0,0 '
Received from ('fd00::200:0:0:7', 8765, 0, 0): b' 2965,7,2,768,0,688,9,11,7,1,2,-70,5,720,10596,191,0,0 '
Received from ('fd00::200:0:0:13', 8765, 0, 0): b' 2966,19,15,1536,0,691,8,6,7,1,2,-52,0,600,8786,178,0,0 '
Received from ('fd00::200:0:0:1', 5678, 0, 0): b' 2967,1,0,256,0,6,0,0,4,0,0,0,10,2804,30564,3485,0,0 '
Received from ('fd00::200:0:0:6', 8765, 0, 0): b' 2966,6,2,768,0,263,7,6,7,1,4,-52,1,1348,16490,83,1,5 '
Received from ('fd00::200:0:0:4', 8765, 0, 0): b' 2967,4,1,512,0,685,7,3,7,1,1,-66,0,613,8278,198,0,0 '
Received from ('fd00::200:0:0:9', 8765, 0, 0): b' 2968,9,5,768,0,292,6,2,7,1,2,-52,1,963,13683,92,1,5 '
Received from ('fd00::200:0:0:a', 8765, 0, 0): b' 2966,10,6,1024,0,171,2,4,7,1,1,-52,0,831,12752,74,0,0 '
Received from ('fd00::200:0:0:10', 8765, 0, 0): b' 2966,16,11,1280,0,647,8,18,7,1,3,-70,2,1182,12533,164,0,0 '
Received from ('fd00::200:0:0:14', 8765, 0, 0): b' 2967,20,16,1536,0,726,8,5,7,1,3,-52,0,1146,11494,179,0,0 '
Received from ('fd00::200:0:0:c', 8765, 0, 0): b' 2968,12,8,1024,10,285,8,20,7,1,4,-52,3,2042,16454,95,1,5 '
Received from ('fd00::200:0:0:f', 8765, 0, 0): b' 2968,15,12,1280,0,645,7,17,7,1,3,-70,2,1295,15141,190,0,0 '
Received from ('fd00::200:0:0:15', 8765, 0, 0): b' 2968,21,16,1536,0,695,8,7,5,1,3,-70,0,362,4422,173,0,0 '
Received from ('fd00::200:0:0:12', 8765, 0, 0): b' 2971,18,15,1536,0,737,7,5,5,1,1,-70,0,1042,8705,180,0,0 '
Received from ('fd00::200:0:0:8', 8765, 0, 0): b' 2972,8,5,768,20,675,4,13,7,1,1,-70,10,2601,19582,194,0,0 '
Received from ('fd00::200:0:0:2', 8765, 0, 0): b' 2972,2,1,512,10,643,7,1,6,1,1,-88,7,1927,21702,199,0,0 '
Received from ('fd00::200:0:0:e', 8765, 0, 0): b' 2970,14,11,1280,0,677,6,8,7,1,2,-70,0,520,6811,168,0,0 '
Received from ('fd00::200:0:0:6', 8765, 0, 0): b' 2971,6,2,768,0,265,7,6,7,1,4,-52,1,815,8796,83,1,5 '
Received from ('fd00::200:0:0:4', 8765, 0, 0): b' 2972,4,1,512,10,687,7,3,7,1,1,-66,0,337,6521,199,0,0 '
Received from ('fd00::200:0:0:b', 8765, 0, 0): b' 2973,11,8,1024,10,650,3,25,7,1,1,-70,6,2254,19394,156,0,0 '
Received from ('fd00::200:0:0:5', 8765, 0, 0): b' 2973,5,1,512,10,678,7,1,6,2,1,-94,10,3121,19504,198,0,0 '
Received from ('fd00::200:0:0:9', 8765, 0, 0): b' 2973,9,5,768,10,293,6,2,7,1,2,-52,1,472,8048,92,1,5 '
Received from ('fd00::200:0:0:a', 8765, 0, 0): b' 2973,10,6,1024,0,171,2,4,7,1,1,-52,0,362,8000,75,0,0 '
Received from ('fd00::200:0:0:11', 8765, 0, 0): b' 2973,17,9,1024,0,284,9,1,7,1,5,-95,0,874,11003,94,0,0 '
Received from ('fd00::200:0:0:3', 8765, 0, 0): b' 2974,3,1,512,0,667,7,2,7,1,1,-64,5,766,13885,197,0,0 '
Received from ('fd00::200:0:0:13', 8765, 0, 0): b' 2973,19,15,1536,10,695,8,6,7,1,2,-52,0,805,6914,178,0,0 '
Received from ('fd00::200:0:0:1', 5678, 0, 0): b' 2975,1,0,256,0,6,0,0,4,0,0,0,10,2127,22346,3496,0,0 '
Received from ('fd00::200:0:0:c', 8765, 0, 0): b' 2976,12,8,1024,20,285,8,20,7,1,4,-52,3,1142,10429,96,1,5 '
Received from ('fd00::200:0:0:7', 8765, 0, 0): b' 2976,7,2,768,0,690,9,11,7,1,2,-70,5,838,14118,192,0,0 '
Received from ('fd00::200:0:0:12', 8765, 0, 0): b' 2976,18,15,1536,0,739,7,5,5,1,1,-70,0,550,5116,181,0,0 '
Received from ('fd00::200:0:0:14', 8765, 0, 0): b' 2975,20,16,1536,0,729,8,5,7,1,3,-52,0,683,8215,180,0,0 '
Received from ('fd00::200:0:0:5', 8765, 0, 0): b' 2978,5,1,512,10,680,7,1,6,2,1,-94,10,2233,12138,198,0,0 '
Received from ('fd00::200:0:0:6', 8765, 0, 0): b' 2978,6,2,768,0,265,7,6,7,1,4,-52,1,562,8690,83,1,5 '
Received from ('fd00::200:0:0:11', 8765, 0, 0): b' 2977,17,9,1024,0,286,9,1,7,1,5,-95,0,512,4400,95,0,0 '
Received from ('fd00::200:0:0:b', 8765, 0, 0): b' 2978,11,8,1024,0,651,3,25,7,1,1,-70,6,892,8797,156,0,0 '
Received from ('fd00::200:0:0:f', 8765, 0, 0): b' 2978,15,12,1280,0,648,7,17,7,1,3,-70,2,1970,17166,191,0,0 '
Received from ('fd00::200:0:0:10', 8765, 0, 0): b' 2980,16,11,1280,10,649,8,18,7,1,3,-70,2,1860,19289,165,0,0 '
Received from ('fd00::200:0:0:12', 8765, 0, 0): b' 2980,18,15,1536,0,739,7,5,5,1,1,-70,0,255,4370,181,0,0 '
Received from ('fd00::200:0:0:15', 8765, 0, 0): b' 2979,21,16,1536,0,698,8,7,5,1,3,-70,0,826,10099,174,0,0 '
Received from ('fd00::200:0:0:e', 8765, 0, 0): b' 2982,14,11,1280,0,677,6,8,7,1,2,-70,0,481,9367,169,0,0 '
Received from ('fd00::200:0:0:9', 8765, 0, 0): b' 2981,9,5,768,0,297,6,2,7,1,2,-52,1,1380,15156,93,1,5 '
Received from ('fd00::200:0:0:5', 8765, 0, 0): b' 2981,5,1,512,0,681,7,1,6,2,1,-94,10,2088,11642,198,0,0 '
Received from ('fd00::200:0:0:8', 8765, 0, 0): b' 2982,8,5,768,0,676,4,13,7,1,1,-70,10,3639,28002,195,0,0 '
Received from ('fd00::200:0:0:1', 5678, 0, 0): b' 2983,1,0,256,0,6,0,0,4,0,0,0,10,1726,20534,3506,0,0 '
Received from ('fd00::200:0:0:4', 8765, 0, 0): b' 2983,4,1,512,0,688,7,3,7,1,1,-66,0,805,13629,200,0,0 '
Received from ('fd00::200:0:0:2', 8765, 0, 0): b' 2983,2,1,512,0,646,7,1,6,1,1,-88,7,2240,23141,199,0,0 '
Received from ('fd00::200:0:0:13', 8765, 0, 0): b' 2984,19,15,1536,0,698,8,6,7,1,2,-52,0,826,10194,179,0,0 '
Received from ('fd00::200:0:0:a', 8765, 0, 0): b' 2984,10,6,1024,0,174,2,4,7,1,1,-52,0,1036,14063,75,0,0 '
Received from ('fd00::200:0:0:3', 8765, 0, 0): b' 2984,3,1,512,0,669,7,2,7,1,1,-64,5,781,13865,198,0,0 '
Received from ('fd00::200:0:0:14', 8765, 0, 0): b' 2986,20,16,1536,0,730,8,5,7,1,3,-52,0,507,7947,180,0,0 '
Received from ('fd00::200:0:0:7', 8765, 0, 0): b' 2985,7,2,768,10,692,9,11,7,1,2,-70,5,507,10957,192,0,0 '
Received from ('fd00::200:0:0:11', 8765, 0, 0): b' 2986,17,9,1024,0,286,9,1,7,1,5,-95,0,482,7840,95,0,0 '
Received from ('fd00::200:0:0:6', 8765, 0, 0): b' 2986,6,2,768,0,267,7,6,7,1,4,-52,1,1144,12965,84,1,5 '
Received from ('fd00::200:0:0:b', 8765, 0, 0): b' 2986,11,8,1024,10,654,3,25,7,1,1,-70,6,1771,16240,157,0,0 '
Received from ('fd00::200:0:0:f', 8765, 0, 0): b' 2987,15,12,1280,0,651,7,17,7,1,3,-70,2,1408,15630,191,0,0 '
Received from ('fd00::200:0:0:c', 8765, 0, 0): b' 2987,12,8,1024,20,292,8,20,7,1,4,-52,3,2264,17696,96,1,5 '
Received from ('fd00::200:0:0:10', 8765, 0, 0): b' 2986,16,11,1280,0,650,8,18,7,1,3,-70,2,1145,12775,165,0,0 '
Received from ('fd00::200:0:0:e', 8765, 0, 0): b' 2987,14,11,1280,0,677,6,8,7,1,2,-70,0,376,5723,169,0,0 '
Received from ('fd00::200:0:0:1', 5678, 0, 0): b' 2989,1,0,256,0,6,0,0,4,0,0,0,10,1335,15611,3513,0,0 '
Received from ('fd00::200:0:0:2', 8765, 0, 0): b' 2989,2,1,512,0,648,7,1,6,1,1,-88,7,1667,14513,200,0,0 '
Received from ('fd00::200:0:0:3', 8765, 0, 0): b' 2990,3,1,512,0,670,7,2,7,1,1,-64,5,384,7750,198,0,0 '
Received from ('fd00::200:0:0:5', 8765, 0, 0): b' 2991,5,1,512,10,682,7,1,6,2,1,-94,10,2994,21363,199,0,0 '
Received from ('fd00::200:0:0:15', 8765, 0, 0): b' 2991,21,16,1536,0,701,8,7,5,1,3,-70,0,802,10165,175,0,0 '
Received from ('fd00::200:0:0:12', 8765, 0, 0): b' 2992,18,15,1536,0,740,7,5,5,1,1,-70,0,611,10570,182,0,0 '
Received from ('fd00::200:0:0:c', 8765, 0, 0): b' 2992,12,8,1024,0,294,8,20,7,1,4,-52,3,1088,7100,97,1,5 '
Received from ('fd00::200:0:0:13', 8765, 0, 0): b' 2991,19,15,1536,0,700,8,6,7,1,2,-52,0,550,7505,180,0,0 '
Received from ('fd00::200:0:0:b', 8765, 0, 0): b' 2991,11,8,1024,10,658,3,25,7,1,1,-70,6,1462,9836,157,0,0 '
Received from ('fd00::200:0:0:9', 8765, 0, 0): b' 2992,9,5,768,0,299,6,2,7,1,2,-52,1,1123,17155,93,1,5 '
Received from ('fd00::200:0:0:a', 8765, 0, 0): b' 2993,10,6,1024,0,175,2,4,7,1,1,-52,0,602,10138,76,0,0 '
Received from ('fd00::200:0:0:11', 8765, 0, 0): b' 2993,17,9,1024,0,288,9,1,7,1,5,-95,0,613,7296,96,0,0 '
Received from ('fd00::200:0:0:6', 8765, 0, 0): b' 2992,6,2,768,10,269,7,6,7,1,4,-52,1,929,12397,84,1,5 '
Received from ('fd00::200:0:0:8', 8765, 0, 0): b' 2992,8,5,768,30,676,4,13,7,1,1,-70,10,3612,28682,196,0,0 '
Received from ('fd00::200:0:0:f', 8765, 0, 0): b' 2993,15,12,1280,0,652,7,17,7,1,3,-70,2,980,9119,192,0,0 '
Received from ('fd00::200:0:0:10', 8765, 0, 0): b' 2991,16,11,1280,0,652,8,18,7,1,3,-70,2,987,8837,165,0,0 '
Received from ('fd00::200:0:0:e', 8765, 0, 0): b' 2991,14,11,1280,0,678,6,8,7,1,2,-70,0,289,4794,169,0,0 '
Received from ('fd00::200:0:0:7', 8765, 0, 0): b' 2994,7,2,768,0,695,9,11,7,1,2,-70,5,1057,11983,193,0,0 '
Received from ('fd00::200:0:0:1', 5678, 0, 0): b' 2994,1,0,256,0,6,0,0,4,0,0,0,10,1652,16164,3521,0,0 '
Received from ('fd00::200:0:0:4', 8765, 0, 0): b' 2993,4,1,512,10,692,7,3,7,1,1,-66,0,947,14397,200,0,0 '
Received from ('fd00::200:0:0:14', 8765, 0, 0): b' 2992,20,16,1536,0,733,8,5,7,1,3,-52,0,680,8470,181,0,0 '
Received from ('fd00::200:0:0:c', 8765, 0, 0): b' 2996,12,8,1024,0,294,8,20,7,1,4,-52,3,540,5712,97,1,5 '
Received from ('fd00::200:0:0:11', 8765, 0, 0): b' 2997,17,9,1024,0,289,9,1,7,1,5,-95,0,360,4040,96,0,0 '
Received from ('fd00::200:0:0:8', 8765, 0, 0): b' 2996,8,5,768,0,677,4,13,7,1,1,-70,10,1497,10986,196,0,0 '
Received from ('fd00::200:0:0:15', 8765, 0, 0): b' 2997,21,16,1536,0,702,8,7,5,1,3,-70,0,381,5792,175,0,0 '
Received from ('fd00::200:0:0:12', 8765, 0, 0): b' 2998,18,15,1536,0,742,7,5,5,1,1,-70,0,494,5867,182,0,0 '
Received from ('fd00::200:0:0:7', 8765, 0, 0): b' 2998,7,2,768,0,696,9,11,7,1,2,-70,5,362,5325,193,0,0 '
Received from ('fd00::200:0:0:13', 8765, 0, 0): b' 2997,19,15,1536,10,701,8,6,7,1,2,-52,0,386,5758,180,0,0 '
Received from ('fd00::200:0:0:f', 8765, 0, 0): b' 2999,15,12,1280,0,654,7,17,7,1,3,-70,2,1197,11293,192,0,0 '
Received from ('fd00::200:0:0:e', 8765, 0, 0): b' 2999,14,11,1280,0,680,6,8,7,1,2,-70,0,646,6790,170,0,0 '
Received from ('fd00::200:0:0:9', 8765, 0, 0): b' 3001,9,5,768,0,299,6,2,7,1,2,-52,1,845,12831,94,1,5 '
Received from ('fd00::200:0:0:b', 8765, 0, 0): b' 3000,11,8,1024,10,662,3,25,7,1,1,-70,6,2301,17080,158,0,0 '
Received from ('fd00::200:0:0:2', 8765, 0, 0): b' 3001,2,1,512,0,652,7,1,6,1,1,-88,7,2407,23235,200,0,0 '
Received from ('fd00::200:0:0:11', 8765, 0, 0): b' 3001,17,9,1024,0,290,9,1,7,1,5,-95,0,486,4301,96,0,0 '
Received from ('fd00::200:0:0:5', 8765, 0, 0): b' 3001,5,1,512,0,685,7,1,6,2,1,-94,10,5133,27346,200,0,0 '
Received from ('fd00::200:0:0:6', 8765, 0, 0): b' 3002,6,2,768,0,272,7,6,7,1,4,-52,1,1258,13699,85,1,5 '
Received from ('fd00::200:0:0:3', 8765, 0, 0): b' 3003,3,1,512,0,672,7,2,7,1,1,-64,5,734,14428,199,0,0 '
Received from ('fd00::200:0:0:10', 8765, 0, 0): b' 3002,16,11,1280,0,654,8,18,7,1,3,-70,2,1561,17418,166,0,0 '
Received from ('fd00::200:0:0:14', 8765, 0, 0): b' 3002,20,16,1536,0,737,8,5,7,1,3,-52,0,908,10012,182,0,0 '
Received from ('fd00::200:0:0:4', 8765, 0, 0): b' 3003,4,1,512,0,697,7,3,7,1,1,-66,0,936,11793,201,0,0 '
Received from ('fd00::200:0:0:a', 8765, 0, 0): b' 3003,10,6,1024,10,179,2,4,7,1,1,-52,0,935,13292,77,0,0 '
Received from ('fd00::200:0:0:13', 8765, 0, 0): b' 3003,19,15,1536,0,702,8,6,7,1,2,-52,0,387,5196,180,0,0 '
Received from ('fd00::200:0:0:1', 5678, 0, 0): b' 3005,1,0,256,0,6,0,0,4,0,0,0,10,2418,26783,3532,0,0 '
Received from ('fd00::200:0:0:b', 8765, 0, 0): b' 3004,11,8,1024,0,662,3,25,7,1,1,-70,6,923,7581,158,0,0 '
Received from ('fd00::200:0:0:c', 8765, 0, 0): b' 3005,12,8,1024,0,297,8,20,7,1,4,-52,3,1972,14974,98,1,5 '
Received from ('fd00::200:0:0:e', 8765, 0, 0): b' 3006,14,11,1280,0,683,6,8,7,1,2,-70,0,624,7604,170,0,0 '
Received from ('fd00::200:0:0:2', 8765, 0, 0): b' 3007,2,1,512,0,653,7,1,6,1,1,-88,7,1213,12202,201,0,0 '
Received from ('fd00::200:0:0:f', 8765, 0, 0): b' 3007,15,12,1280,0,656,7,17,7,1,3,-70,2,1390,13049,193,0,0 '
Received from ('fd00::200:0:0:6', 8765, 0, 0): b' 3008,6,2,768,0,272,7,6,7,1,4,-52,1,566,9291,85,1,5 '
Received from ('fd00::200:0:0:8', 8765, 0, 0): b' 3007,8,5,768,0,680,4,13,7,1,1,-70,10,3818,26971,197,0,0 '
Received from ('fd00::200:0:0:3', 8765, 0, 0): b' 3009,3,1,512,0,673,7,2,7,1,1,-64,5,459,7197,200,0,0 '
Received from ('fd00::200:0:0:7', 8765, 0, 0): b' 3008,7,2,768,0,698,9,11,7,1,2,-70,5,911,12438,194,0,0 '
Received from ('fd00::200:0:0:15', 8765, 0, 0): b' 3008,21,16,1536,10,704,8,7,5,1,3,-70,0,694,9856,176,0,0 '
Received from ('fd00::200:0:0:12', 8765, 0, 0): b' 3009,18,15,1536,0,745,7,5,5,1,1,-70,0,891,11221,183,0,0 '
Received from ('fd00::200:0:0:b', 8765, 0, 0): b' 3008,11,8,1024,0,664,3,25,7,1,1,-70,6,1204,8451,158,0,0 '
Received from ('fd00::200:0:0:5', 8765, 0, 0): b' 3010,5,1,512,30,689,7,1,6,2,1,-94,10,3967,22630,200,0,0 '
Received from ('fd00::200:0:0:9', 8765, 0, 0): b' 3010,9,5,768,0,300,6,2,7,1,2,-52,1,1023,14051,95,1,5 '
Received from ('fd00::200:0:0:10', 8765, 0, 0): b' 3009,16,11,1280,10,657,8,18,7,1,3,-70,2,1373,12974,167,0,0 '
Received from ('fd00::200:0:0:f', 8765, 0, 0): b' 3011,15,12,1280,0,657,7,17,7,1,3,-70,2,655,6573,193,0,0 '
Received from ('fd00::200:0:0:14', 8765, 0, 0): b' 3009,20,16,1536,0,739,8,5,7,1,3,-52,0,512,6696,182,0,0 '
Received from ('fd00::200:0:0:11', 8765, 0, 0): b' 3012,17,9,1024,0,293,9,1,7,1,5,-95,0,883,10132,97,0,0 '
Received from ('fd00::200:0:0:13', 8765, 0, 0): b' 3011,19,15,1536,0,703,8,6,7,1,2,-52,0,563,7958,181,0,0 '
Received from ('fd00::200:0:0:a', 8765, 0, 0): b' 3012,10,6,1024,0,182,2,4,7,1,1,-52,0,965,11705,77,0,0 '
Received from ('fd00::200:0:0:4', 8765, 0, 0): b' 3012,4,1,512,10,700,7,3,7,1,1,-66,0,794,11764,202,0,0 '
Received from ('fd00::200:0:0:e', 8765, 0, 0): b' 3010,14,11,1280,10,686,6,8,7,1,2,-70,0,702,5850,171,0,0 '
Received from ('fd00::200:0:0:3', 8765, 0, 0): b' 3013,3,1,512,10,675,7,2,7,1,1,-64,5,536,6624,200,0,0 '
Received from ('fd00::200:0:0:1', 5678, 0, 0): b' 3014,1,0,256,0,6,0,0,4,0,0,0,10,2272,24887,3545,0,0 '
Received from ('fd00::200:0:0:8', 8765, 0, 0): b' 3014,8,5,768,0,680,4,13,7,1,1,-70,10,1936,16516,197,0,0 '
Received from ('fd00::200:0:0:6', 8765, 0, 0): b' 3016,6,2,768,0,275,7,6,7,1,4,-52,1,991,12409,86,1,5 '
Received from ('fd00::200:0:0:b', 8765, 0, 0): b' 3016,11,8,1024,0,666,3,25,7,1,1,-70,6,1376,11646,159,0,0 '
Received from ('fd00::200:0:0:15', 8765, 0, 0): b' 3014,21,16,1536,10,708,8,7,5,1,3,-70,0,638,7647,176,0,0 '
Received from ('fd00::200:0:0:5', 8765, 0, 0): b' 3018,5,1,512,10,690,7,1,6,2,1,-94,10,2493,16542,201,0,0 '
Received from ('fd00::200:0:0:c', 8765, 0, 0): b' 3016,12,8,1024,0,298,8,20,7,1,4,-52,3,1543,14654,98,1,5 '
Received from ('fd00::200:0:0:7', 8765, 0, 0): b' 3016,7,2,768,0,701,9,11,7,1,2,-70,5,679,10671,195,0,0 '
Received from ('fd00::200:0:0:12', 8765, 0, 0): b' 3017,18,15,1536,0,746,7,5,5,1,1,-70,0,443,7118,184,0,0 '
Received from ('fd00::200:0:0:11', 8765, 0, 0): b' 3016,17,9,1024,0,296,9,1,7,1,5,-95,0,623,6785,97,0,0 '
Received from ('fd00::200:0:0:1', 5678, 0, 0): b' 3019,1,0,256,0,6,0,0,4,0,0,0,10,988,12106,3549,0,0 '
Received from ('fd00::200:0:0:a', 8765, 0, 0): b' 3019,10,6,1024,0,184,2,4,7,1,1,-52,0,576,7979,78,0,0 '
Received from ('fd00::200:0:0:2', 8765, 0, 0): b' 3019,2,1,512,0,653,7,1,6,1,1,-88,7,2522,23990,202,0,0 '
Received from ('fd00::200:0:0:3', 8765, 0, 0): b' 3020,3,1,512,0,677,7,2,7,1,1,-64,5,492,7205,200,0,0 '
Received from ('fd00::200:0:0:4', 8765, 0, 0): b' 3020,4,1,512,0,702,7,3,7,1,1,-66,0,516,9134,202,0,0 '
Received from ('fd00::200:0:0:14', 8765, 0, 0): b' 3018,20,16,1536,0,742,8,5,7,1,3,-52,0,801,9673,183,0,0 '
Received from ('fd00::200:0:0:9', 8765, 0, 0): b' 3020,9,5,768,0,302,6,2,7,1,2,-52,1,1328,16982,95,1,5 '
Received from ('fd00::200:0:0:10', 8765, 0, 0): b' 3019,16,11,1280,0,659,8,18,7,1,3,-70,2,1829,17515,167,0,0 '
Received from ('fd00::200:0:0:e', 8765, 0, 0): b' 3019,14,11,1280,0,689,6,8,7,1,2,-70,0,740,8426,171,0,0 '
Received from ('fd00::200:0:0:f', 8765, 0, 0): b' 3019,15,12,1280,0,658,7,17,7,1,3,-70,2,1300,16621,194,0,0 '
Received from ('fd00::200:0:0:15', 8765, 0, 0): b' 3019,21,16,1536,0,709,8,7,5,1,3,-70,0,444,5190,177,0,0 '
Received from ('fd00::200:0:0:11', 8765, 0, 0): b' 3020,17,9,1024,10,298,9,1,7,1,5,-95,0,416,4092,98,0,0 '
Received from ('fd00::200:0:0:6', 8765, 0, 0): b' 3023,6,2,768,10,277,7,6,7,1,4,-52,1,982,11168,87,1,5 '
Received from ('fd00::200:0:0:8', 8765, 0, 0): b' 3022,8,5,768,20,682,4,13,7,1,1,-70,10,3020,22045,198,0,0 '
Received from ('fd00::200:0:0:2', 8765, 0, 0): b' 3024,2,1,512,0,653,7,1,6,1,1,-88,7,916,9335,202,0,0 '
Received from ('fd00::200:0:0:13', 8765, 0, 0): b' 3022,19,15,1536,0,706,8,6,7,1,2,-52,0,819,10503,182,0,0 '
Received from ('fd00::200:0:0:1', 5678, 0, 0): b' 3024,1,0,256,0,6,0,0,4,0,0,0,10,1453,14633,3560,0,0 '
Received from ('fd00::200:0:0:f', 8765, 0, 0): b' 3024,15,12,1280,0,659,7,17,7,1,3,-70,2,804,7354,194,0,0 '
Received from ('fd00::200:0:0:4', 8765, 0, 0): b' 3026,4,1,512,20,703,7,3,7,1,1,-66,0,373,7369,202,0,0 '
Received from ('fd00::200:0:0:7', 8765, 0, 0): b' 3026,7,2,768,0,705,9,11,7,1,2,-70,5,1000,13010,195,0,0 '
Received from ('fd00::200:0:0:c', 8765, 0, 0): b' 3026,12,8,1024,10,301,8,20,7,1,4,-52,3,1608,14697,99,1,5 '
Received from ('fd00::200:0:0:12', 8765, 0, 0): b' 3027,18,15,1536,0,751,7,5,5,1,1,-70,0,959,9994,184,0,0 '
Received from ('fd00::200:0:0:13', 8765, 0, 0): b' 3028,19,15,1536,0,707,8,6,7,1,2,-52,0,387,5437,182,0,0 '
Received from ('fd00::200:0:0:b', 8765, 0, 0): b' 3026,11,8,1024,0,666,3,25,7,1,1,-70,6,2072,19586,160,0,0 '
Received from ('fd00::200:0:0:5', 8765, 0, 0): b' 3029,5,1,512,10,693,7,1,6,2,1,-94,10,4982,29282,202,0,0 '
Received from ('fd00::200:0:0:3', 8765, 0, 0): b' 3030,3,1,512,0,684,7,2,7,1,1,-64,5,1245,13503,201,0,0 '
Received from ('fd00::200:0:0:9', 8765, 0, 0): b' 3028,9,5,768,0,303,6,2,7,1,2,-52,1,876,12835,96,1,5 '
Received from ('fd00::200:0:0:14', 8765, 0, 0): b' 3027,20,16,1536,0,745,8,5,7,1,3,-52,0,721,8663,183,0,0 '
Received from ('fd00::200:0:0:10', 8765, 0, 0): b' 3028,16,11,1280,10,661,8,18,7,1,3,-70,2,1265,13931,168,0,0 '
Received from ('fd00::200:0:0:a', 8765, 0, 0): b' 3030,10,6,1024,0,186,2,4,7,1,1,-52,0,768,13490,78,0,0 '
Received from ('fd00::200:0:0:15', 8765, 0, 0): b' 3027,21,16,1536,0,711,8,7,5,1,3,-70,0,614,7789,177,0,0 '
Received from ('fd00::200:0:0:11', 8765, 0, 0): b' 3029,17,9,1024,0,298,9,1,7,1,5,-95,0,577,7826,98,0,0 '
Received from ('fd00::200:0:0:6', 8765, 0, 0): b' 3031,6,2,768,0,281,7,6,7,1,4,-52,1,1250,13815,87,1,5 '
Received from ('fd00::200:0:0:12', 8765, 0, 0): b' 3032,18,15,1536,0,751,7,5,5,1,1,-70,0,405,5047,185,0,0 '
Received from ('fd00::200:0:0:4', 8765, 0, 0): b' 3032,4,1,512,10,703,7,3,7,1,1,-66,0,460,7418,203,0,0 '
Received from ('fd00::200:0:0:13', 8765, 0, 0): b' 3032,19,15,1536,0,709,8,6,7,1,2,-52,0,469,4832,182,0,0 '
Received from ('fd00::200:0:0:b', 8765, 0, 0): b' 3032,11,8,1024,20,668,3,25,7,1,1,-70,6,1336,9985,160,0,0 '
Received from ('fd00::200:0:0:9', 8765, 0, 0): b' 3032,9,5,768,0,305,6,2,7,1,2,-52,1,571,6550,96,1,5 '
Received from ('fd00::200:0:0:1', 5678, 0, 0): b' 3034,1,0,256,0,6,0,0,4,0,0,0,10,2187,25633,3568,0,0 '
Received from ('fd00::200:0:0:e', 8765, 0, 0): b' 3031,14,11,1280,0,693,6,8,7,1,2,-70,0,932,11604,172,0,0 '
Received from ('fd00::200:0:0:8', 8765, 0, 0): b' 3033,8,5,768,20,686,4,13,7,1,1,-70,10,3530,27225,198,0,0 '
Received from ('fd00::200:0:0:5', 8765, 0, 0): b' 3034,5,1,512,10,694,7,1,6,2,1,-94,10,2552,14527,202,0,0 '
Received from ('fd00::200:0:0:2', 8765, 0, 0): b' 3035,2,1,512,10,657,7,1,6,1,1,-88,7,2300,23930,203,0,0 '
Received from ('fd00::200:0:0:a', 8765, 0, 0): b' 3035,10,6,1024,0,187,2,4,7,1,1,-52,0,445,6299,79,0,0 '
Received from ('fd00::200:0:0:7', 8765, 0, 0): b' 3035,7,2,768,10,708,9,11,7,1,2,-70,5,602,10283,196,0,0 '
Received from ('fd00::200:0:0:14', 8765, 0, 0): b' 3033,20,16,1536,0,748,8,5,7,1,3,-52,0,656,5507,184,0,0 '
Received from ('fd00::200:0:0:11', 8765, 0, 0): b' 3034,17,9,1024,10,300,9,1,7,1,5,-95,0,482,5715,99,0,0 '
Received from ('fd00::200:0:0:15', 8765, 0, 0): b' 3032,21,16,1536,0,713,8,7,5,1,3,-70,0,549,5687,178,0,0 '
Received from ('fd00::200:0:0:f', 8765, 0, 0): b' 3034,15,12,1280,0,663,7,17,7,1,3,-70,2,2091,18009,195,0,0 '
Received from ('fd00::200:0:0:c', 8765, 0, 0): b' 3037,12,8,1024,0,303,8,20,7,1,4,-52,3,1941,16493,100,1,5 '
Received from ('fd00::200:0:0:b', 8765, 0, 0): b' 3037,11,8,1024,0,668,3,25,7,1,1,-70,6,1137,9938,160,0,0 '
Received from ('fd00::200:0:0:8', 8765, 0, 0): b' 3040,8,5,768,20,688,4,13,7,1,1,-70,10,2081,15302,199,0,0 '
Received from ('fd00::200:0:0:3', 8765, 0, 0): b' 3040,3,1,512,0,686,7,2,7,1,1,-64,5,736,13287,202,0,0 '
Received from ('fd00::200:0:0:10', 8765, 0, 0): b' 3037,16,11,1280,20,666,8,18,7,1,3,-70,2,1936,16860,169,0,0 '
Received from ('fd00::200:0:0:9', 8765, 0, 0): b' 3040,9,5,768,0,307,6,2,7,1,2,-52,1,1159,77169,97,1,5 '
Received from ('fd00::200:0:0:5', 8765, 0, 0): b' 3041,5,1,512,0,695,7,1,6,2,1,-94,10,2802,15859,202,0,0 '
Received from ('fd00::200:0:0:a', 8765, 0, 0): b' 3041,10,6,1024,0,189,2,4,7,1,1,-52,0,696,7956,79,0,0 '
Received from ('fd00::200:0:0:1', 5678, 0, 0): b' 3041,1,0,256,0,6,0,0,4,0,0,0,10,2030,20738,3581,0,0 '
Received from ('fd00::200:0:0:14', 8765, 0, 0): b' 3039,20,16,1536,0,750,8,5,7,1,3,-52,0,493,6063,184,0,0 '
Received from ('fd00::200:0:0:6', 8765, 0, 0): b' 3042,6,2,768,0,281,7,6,7,1,4,-52,1,1200,16575,88,1,5 '
Received from ('fd00::200:0:0:12', 8765, 0, 0): b' 3039,18,15,1536,0,752,7,5,5,1,1,-70,0,531,8820,185,0,0 '
Received from ('fd00::200:0:0:e', 8765, 0, 0): b' 3040,14,11,1280,0,696,6,8,7,1,2,-70,0,681,8881,173,0,0 '
Received from ('fd00::200:0:0:13', 8765, 0, 0): b' 3039,19,15,1536,0,712,8,6,7,1,2,-52,0,770,9187,183,0,0 '
Received from ('fd00::200:0:0:7', 8765, 0, 0): b' 3043,7,2,768,0,710,9,11,7,1,2,-70,5,842,10165,196,0,0 '
Received from ('fd00::200:0:0:15', 8765, 0, 0): b' 3042,21,16,1536,0,714,8,7,5,1,3,-70,0,481,7803,178,0,0 '
Received from ('fd00::200:0:0:2', 8765, 0, 0): b' 3044,2,1,512,0,658,7,1,6,1,1,-88,7,1813,17016,203,0,0 '
Received from ('fd00::200:0:0:4', 8765, 0, 0): b' 3044,4,1,512,0,705,7,3,7,1,1,-66,0,735,14041,204,0,0 '
Received from ('fd00::200:0:0:3', 8765, 0, 0): b' 3045,3,1,512,0,686,7,2,7,1,1,-64,5,253,4965,202,0,0 '
Received from ('fd00::200:0:0:11', 8765, 0, 0): b' 3042,17,9,1024,10,303,9,1,7,1,5,-95,0,797,7203,99,0,0 '
Received from ('fd00::200:0:0:10', 8765, 0, 0): b' 3044,16,11,1280,0,668,8,18,7,1,3,-70,2,1153,9179,169,0,0 '
Received from ('fd00::200:0:0:5', 8765, 0, 0): b' 3045,5,1,512,10,695,7,1,6,2,1,-94,10,1705,11522,203,0,0 '
Received from ('fd00::200:0:0:8', 8765, 0, 0): b' 3046,8,5,768,0,688,4,13,7,1,1,-70,10,1799,14466,199,0,0 '
Received from ('fd00::200:0:0:1', 5678, 0, 0): b' 3046,1,0,256,0,6,0,0,4,0,0,0,10,914,11657,3584,0,0 '
Received from ('fd00::200:0:0:a', 8765, 0, 0): b' 3046,10,6,1024,0,190,2,4,7,1,1,-52,0,384,5849,79,0,0 '
Received from ('fd00::200:0:0:f', 8765, 0, 0): b' 3045,15,12,1280,0,663,7,17,7,1,3,-70,2,1442,17276,195,0,0 '
Received from ('fd00::200:0:0:2', 8765, 0, 0): b' 3049,2,1,512,10,659,7,1,6,1,1,-88,7,1178,10540,204,0,0 '
Received from ('fd00::200:0:0:c', 8765, 0, 0): b' 3049,12,8,1024,0,305,8,20,7,1,4,-52,3,1373,13817,100,1,5 '
Received from ('fd00::200:0:0:13', 8765, 0, 0): b' 3046,19,15,1536,0,715,8,6,7,1,2,-52,0,600,6757,183,0,0 '
Received from ('fd00::200:0:0:7', 8765, 0, 0): b' 3048,7,2,768,0,712,9,11,7,1,2,-70,5,576,7786,197,0,0 '
Received from ('fd00::200:0:0:e', 8765, 0, 0): b' 3048,14,11,1280,0,699,6,8,7,1,2,-70,0,721,7265,173,0,0 '
Received from ('fd00::200:0:0:9', 8765, 0, 0): b' 3049,9,5,768,0,310,6,2,7,1,2,-52,1,1026,13945,97,1,5 '
Received from ('fd00::200:0:0:11', 8765, 0, 0): b' 3049,17,9,1024,10,305,9,1,7,1,5,-95,0,486,5394,100,0,0 '
Received from ('fd00::200:0:0:b', 8765, 0, 0): b' 3050,11,8,1024,20,672,3,25,7,1,1,-70,6,2813,21916,161,0,0 '
Received from ('fd00::200:0:0:6', 8765, 0, 0): b' 3052,6,2,768,0,282,7,6,7,1,4,-52,1,1078,16116,88,1,5 '
Received from ('fd00::200:0:0:14', 8765, 0, 0): b' 3049,20,16,1536,0,750,8,5,7,1,3,-52,0,480,8948,185,0,0 '
Received from ('fd00::200:0:0:12', 8765, 0, 0): b' 3050,18,15,1536,0,757,7,5,5,1,1,-70,0,1015,10198,186,0,0 '
Received from ('fd00::200:0:0:8', 8765, 0, 0): b' 3052,8,5,768,20,689,4,13,7,1,1,-70,10,2395,18586,200,0,0 '
Received from ('fd00::200:0:0:5', 8765, 0, 0): b' 3052,5,1,512,0,697,7,1,6,2,1,-94,10,3136,18012,203,0,0 '
Received from ('fd00::200:0:0:15', 8765, 0, 0): b' 3051,21,16,1536,0,718,8,7,5,1,3,-70,0,878,8487,179,0,0 '
Received from ('fd00::200:0:0:1', 5678, 0, 0): b' 3053,1,0,256,0,6,0,0,4,0,0,0,10,1931,19548,3596,0,0 '
Received from ('fd00::200:0:0:a', 8765, 0, 0): b' 3053,10,6,1024,0,193,2,4,7,1,1,-52,0,790,9268,80,0,0 '
Received from ('fd00::200:0:0:4', 8765, 0, 0): b' 3053,4,1,512,10,708,7,3,7,1,1,-66,0,539,11428,204,0,0 '
Received from ('fd00::200:0:0:11', 8765, 0, 0): b' 3054,17,9,1024,0,307,9,1,7,1,5,-95,0,550,5301,100,0,0 '
Received from ('fd00::200:0:0:3', 8765, 0, 0): b' 3055,3,1,512,0,687,7,2,7,1,1,-64,5,603,12857,203,0,0 '
Received from ('fd00::200:0:0:9', 8765, 0, 0): b' 3053,9,5,768,0,311,6,2,7,1,2,-52,1,876,8854,98,1,5 '
Received from ('fd00::200:0:0:e', 8765, 0, 0): b' 3055,14,11,1280,0,701,6,8,7,1,2,-70,0,549,6329,174,0,0 '
Received from ('fd00::200:0:0:c', 8765, 0, 0): b' 3055,12,8,1024,20,308,8,20,7,1,4,-52,4,1545,10567,101,1,5 '
Received from ('fd00::200:0:0:10', 8765, 0, 0): b' 3055,16,11,1280,10,676,8,18,7,1,3,-70,2,2286,19698,170,0,0 '
Received from ('fd00::200:0:0:f', 8765, 0, 0): b' 3055,15,12,1280,0,668,7,17,7,1,3,-70,2,1981,17701,196,0,0 '
Received from ('fd00::200:0:0:12', 8765, 0, 0): b' 3055,18,15,1536,0,759,7,5,5,1,1,-70,0,496,5552,186,0,0 '
Received from ('fd00::200:0:0:a', 8765, 0, 0): b' 3058,10,6,1024,0,193,2,4,7,1,1,-52,0,277,5242,80,0,0 '
Received from ('fd00::200:0:0:13', 8765, 0, 0): b' 3055,19,15,1536,0,719,8,6,7,1,2,-52,0,843,8882,184,0,0 '
Received from ('fd00::200:0:0:4', 8765, 0, 0): b' 3058,4,1,512,10,710,7,3,7,1,1,-66,0,543,6505,205,0,0 '
Received from ('fd00::200:0:0:11', 8765, 0, 0): b' 3058,17,9,1024,0,310,9,1,7,1,5,-95,0,569,5053,100,0,0 '
Received from ('fd00::200:0:0:3', 8765, 0, 0): b' 3059,3,1,512,0,689,7,2,7,1,1,-64,5,370,5637,203,0,0 '
Received from ('fd00::200:0:0:7', 8765, 0, 0): b' 3059,7,2,768,10,718,9,11,7,1,2,-70,5,1078,13387,197,0,0 '
Received from ('fd00::200:0:0:6', 8765, 0, 0): b' 3060,6,2,768,0,283,7,6,7,1,4,-52,1,925,12079,89,1,5 '
Received from ('fd00::200:0:0:14', 8765, 0, 0): b' 3059,20,16,1536,0,753,8,5,7,1,3,-52,0,649,9157,185,0,0 '
Received from ('fd00::200:0:0:1', 5678, 0, 0): b' 3060,1,0,256,0,6,0,0,4,0,0,0,10,1560,18651,3603,0,0 '
Received from ('fd00::200:0:0:2', 8765, 0, 0): b' 3061,2,1,512,10,662,7,1,6,1,1,-88,7,2365,23311,204,0,0 '
Received from ('fd00::200:0:0:15', 8765, 0, 0): b' 3060,21,16,1536,0,721,8,7,5,1,3,-70,0,806,8975,179,0,0 '
Received from ('fd00::200:0:0:9', 8765, 0, 0): b' 3061,9,5,768,0,313,6,2,7,1,2,-52,1,770,10255,98,1,5 '
Received from ('fd00::200:0:0:8', 8765, 0, 0): b' 3062,8,5,768,10,692,4,13,7,1,1,-70,10,2822,22547,200,0,0 '
Received from ('fd00::200:0:0:e', 8765, 0, 0): b' 3060,14,11,1280,0,703,6,8,7,1,2,-70,0,493,5722,174,0,0 '
Received from ('fd00::200:0:0:4', 8765, 0, 0): b' 3062,4,1,512,0,710,7,3,7,1,1,-66,0,384,5872,205,0,0 '
Received from ('fd00::200:0:0:b', 8765, 0, 0): b' 3062,11,8,1024,10,675,3,26,7,1,1,-70,6,2639,21218,162,0,0 '
Received from ('fd00::200:0:0:5', 8765, 0, 0): b' 3063,5,1,512,0,699,7,1,6,2,1,-94,10,4212,26455,204,0,0 '
Received from ('fd00::200:0:0:a', 8765, 0, 0): b' 3064,10,6,1024,0,195,2,4,7,1,1,-52,0,575,8409,81,0,0 '
Received from ('fd00::200:0:0:c', 8765, 0, 0): b' 3065,12,8,1024,0,310,8,20,7,1,4,-52,4,1571,13974,101,1,5 '
Received from ('fd00::200:0:0:f', 8765, 0, 0): b' 3065,15,12,1280,10,669,7,17,7,1,3,-70,2,1171,13005,196,0,0 '
Received from ('fd00::200:0:0:3', 8765, 0, 0): b' 3068,3,1,512,0,692,7,2,7,1,1,-64,5,793,10547,204,0,0 '
Received from ('fd00::200:0:0:13', 8765, 0, 0): b' 3063,19,15,1536,0,720,8,6,7,1,2,-52,0,410,6866,184,0,0 '
Received from ('fd00::200:0:0:6', 8765, 0, 0): b' 3068,6,2,768,10,284,7,6,7,1,4,-52,1,900,12081,90,1,5 '
Received from ('fd00::200:0:0:12', 8765, 0, 0): b' 3063,18,15,1536,0,764,7,5,5,1,1,-70,0,895,8343,187,0,0 '
Received from ('fd00::200:0:0:10', 8765, 0, 0): b' 3066,16,11,1280,0,680,8,18,7,1,3,-70,2,2017,18718,170,0,0 '
Received from ('fd00::200:0:0:15', 8765, 0, 0): b' 3066,21,16,1536,0,724,8,7,5,1,3,-70,0,656,6257,180,0,0 '
Received from ('fd00::200:0:0:14', 8765, 0, 0): b' 3067,20,16,1536,0,757,8,5,7,1,3,-52,0,884,8406,186,0,0 '
Received from ('fd00::200:0:0:a', 8765, 0, 0): b' 3069,10,6,1024,0,196,2,4,7,1,1,-52,0,548,5986,81,0,0 '
Received from ('fd00::200:0:0:11', 8765, 0, 0): b' 3069,17,9,1024,0,311,9,1,7,1,5,-95,0,489,9349,101,0,0 '
Received from ('fd00::200:0:0:e', 8765, 0, 0): b' 3069,14,11,1280,0,707,6,8,7,1,2,-70,0,884,8654,175,0,0 '
Received from ('fd00::200:0:0:7', 8765, 0, 0): b' 3070,7,2,768,0,720,9,11,7,1,2,-70,5,975,14312,198,0,0 '
Received from ('fd00::200:0:0:1', 5678, 0, 0): b' 3071,1,0,256,0,6,0,0,4,0,0,0,10,2669,28338,3619,0,0 '
Received from ('fd00::200:0:0:8', 8765, 0, 0): b' 3071,8,5,768,20,697,4,13,7,1,1,-70,10,3481,25494,201,0,0 '
Received from ('fd00::200:0:0:9', 8765, 0, 0): b' 3071,9,5,768,0,319,6,2,7,1,2,-52,1,1789,17232,99,1,5 '
Received from ('fd00::200:0:0:f', 8765, 0, 0): b' 3072,15,12,1280,0,671,7,17,7,1,3,-70,2,1247,11908,197,0,0 '
Received from ('fd00::200:0:0:3', 8765, 0, 0): b' 3071,3,1,512,0,693,7,2,7,1,1,-64,5,384,6125,204,0,0 '
Received from ('fd00::200:0:0:5', 8765, 0, 0): b' 3072,5,1,512,20,702,7,1,6,2,1,-94,10,4106,23058,205,0,0 '
Received from ('fd00::200:0:0:b', 8765, 0, 0): b' 3072,11,8,1024,0,677,3,27,7,1,1,-70,6,2170,18334,163,0,0 '
Received from ('fd00::200:0:0:13', 8765, 0, 0): b' 3073,19,15,1536,0,721,8,6,7,1,2,-52,0,563,7540,185,0,0 '
Received from ('fd00::200:0:0:2', 8765, 0, 0): b' 3072,2,1,512,10,664,7,1,6,1,1,-88,7,2412,24304,205,0,0 '
Received from ('fd00::200:0:0:4', 8765, 0, 0): b' 3073,4,1,512,0,713,7,3,7,1,1,-66,0,817,13656,206,0,0 '
Received from ('fd00::200:0:0:6', 8765, 0, 0): b' 3074,6,2,768,0,286,7,6,7,1,4,-52,1,987,10267,90,1,5 '
Received from ('fd00::200:0:0:a', 8765, 0, 0): b' 3074,10,6,1024,0,198,2,4,7,1,1,-52,0,491,6185,81,0,0 '
Received from ('fd00::200:0:0:12', 8765, 0, 0): b' 3073,18,15,1536,0,767,7,5,5,1,1,-70,0,777,8683,188,0,0 '
Received from ('fd00::200:0:0:11', 8765, 0, 0): b' 3074,17,9,1024,10,314,9,1,7,1,5,-95,0,569,5076,101,0,0 '
Received from ('fd00::200:0:0:c', 8765, 0, 0): b' 3076,12,8,1024,0,315,8,20,7,1,4,-52,4,2567,17043,102,1,5 '
Received from ('fd00::200:0:0:8', 8765, 0, 0): b' 3076,8,5,768,0,699,4,13,7,1,1,-70,10,1539,11017,201,0,0 '
Received from ('fd00::200:0:0:14', 8765, 0, 0): b' 3075,20,16,1536,0,757,8,5,7,1,3,-52,0,303,6882,186,0,0 '
Received from ('fd00::200:0:0:7', 8765, 0, 0): b' 3076,7,2,768,0,723,9,11,7,1,2,-70,5,593,7305,198,0,0 '
Received from ('fd00::200:0:0:9', 8765, 0, 0): b' 3076,9,5,768,0,320,6,2,7,1,2,-52,1,694,7696,99,1,5 '
Received from ('fd00::200:0:0:10', 8765, 0, 0): b' 3076,16,11,1280,0,682,8,18,7,1,3,-70,2,1559,16247,171,0,0 '
Received from ('fd00::200:0:0:f', 8765, 0, 0): b' 3077,15,12,1280,10,672,7,17,7,1,3,-70,2,946,8378,197,0,0 '
Received from ('fd00::200:0:0:15', 8765, 0, 0): b' 3076,21,16,1536,0,729,8,7,5,1,3,-70,0,953,9983,180,0,0 '
Received from ('fd00::200:0:0:2', 8765, 0, 0): b' 3078,2,1,512,0,668,7,1,6,1,1,-88,7,1699,11955,206,0,0 '
Received from ('fd00::200:0:0:3', 8765, 0, 0): b' 3078,3,1,512,0,695,7,2,7,1,1,-64,5,484,7540,204,0,0 '
Received from ('fd00::200:0:0:e', 8765, 0, 0): b' 3078,14,11,1280,0,711,6,8,7,1,2,-70,0,749,8628,175,0,0 '
Received from ('fd00::200:0:0:5', 8765, 0, 0): b' 3079,5,1,512,10,703,7,1,6,2,1,-94,10,3006,18765,205,0,0 '
Received from ('fd00::200:0:0:b', 8765, 0, 0): b' 3079,11,8,1024,0,678,3,27,7,1,1,-70,6,1419,13277,163,0,0 '
Received from ('fd00::200:0:0:9', 8765, 0, 0): b' 3080,9,5,768,0,322,6,2,7,1,2,-52,2,830,7683,99,1,5 '
Received from ('fd00::200:0:0:7', 8765, 0, 0): b' 3080,7,2,768,0,724,9,11,7,1,2,-70,5,347,6015,199,0,0 '
Received from ('fd00::200:0:0:14', 8765, 0, 0): b' 3079,20,16,1536,0,757,8,5,7,1,3,-52,0,311,3757,187,0,0 '
Received from ('fd00::200:0:0:1', 5678, 0, 0): b' 3081,1,0,256,0,6,0,0,4,0,0,0,10,2619,28100,3632,0,0 '
Received from ('fd00::200:0:0:12', 8765, 0, 0): b' 3079,18,15,1536,0,769,7,5,5,1,1,-70,0,493,6029,188,0,0 '
Received from ('fd00::200:0:0:11', 8765, 0, 0): b' 3081,17,9,1024,0,317,9,1,7,1,5,-95,0,801,8532,102,0,0 '
Received from ('fd00::200:0:0:2', 8765, 0, 0): b' 3084,2,1,512,10,670,7,1,6,1,1,-88,7,1113,11953,206,0,0 '
Received from ('fd00::200:0:0:4', 8765, 0, 0): b' 3084,4,1,512,0,714,7,3,7,1,1,-66,0,529,12853,206,0,0 '
Received from ('fd00::200:0:0:13', 8765, 0, 0): b' 3084,19,15,1536,0,726,8,6,7,1,2,-52,0,1027,10854,186,0,0 '
Received from ('fd00::200:0:0:6', 8765, 0, 0): b' 3084,6,2,768,0,288,7,6,7,1,4,-52,1,1159,16101,91,1,5 '
Received from ('fd00::200:0:0:c', 8765, 0, 0): b' 3084,12,8,1024,10,318,8,20,7,1,4,-52,4,1605,13276,103,1,5 '
Received from ('fd00::200:0:0:8', 8765, 0, 0): b' 3086,8,5,768,40,703,4,13,7,1,1,-70,10,3552,25937,202,0,0 '
Received from ('fd00::200:0:0:a', 8765, 0, 0): b' 3086,10,6,1024,0,204,2,4,7,1,1,-52,0,1269,14953,82,0,0 '
Received from ('fd00::200:0:0:f', 8765, 0, 0): b' 3085,15,12,1280,0,675,7,17,7,1,3,-70,2,1557,13597,198,0,0 '
Received from ('fd00::200:0:0:15', 8765, 0, 0): b' 3084,21,16,1536,10,730,8,7,5,1,3,-70,0,442,6822,181,0,0 '
Received from ('fd00::200:0:0:12', 8765, 0, 0): b' 3085,18,15,1536,20,772,7,5,5,1,1,-70,0,469,4544,188,0,0 '
Received from ('fd00::200:0:0:2', 8765, 0, 0): b' 3088,2,1,512,0,671,7,1,6,1,1,-88,7,932,8638,206,0,0 '
Received from ('fd00::200:0:0:14', 8765, 0, 0): b' 3085,20,16,1536,0,759,8,5,7,1,3,-52,0,493,6025,187,0,0 '
Received from ('fd00::200:0:0:d', 8765, 0, 0): b' 3057,13,12,1408,20,2,1,2,4,0,1,-52,0,837,5828,1,0,0 '
Received from ('fd00::200:0:0:10', 8765, 0, 0): b' 3087,16,11,1280,0,683,8,18,7,1,3,-70,2,1785,17007,172,0,0 '
Received from ('fd00::200:0:0:d', 8765, 0, 0): b' 3068,13,12,1408,40,2,1,2,4,0,1,-52,0,991,9940,2,0,0 '
Received from ('fd00::200:0:0:5', 8765, 0, 0): b' 3090,5,1,512,10,704,7,1,6,2,1,-94,10,4306,24614,206,0,0 '
Received from ('fd00::200:0:0:1', 5678, 0, 0): b' 3089,1,0,256,0,6,0,0,4,0,0,0,10,1787,20350,3642,0,0 '
Received from ('fd00::200:0:0:e', 8765, 0, 0): b' 3087,14,11,1280,0,715,6,8,7,1,2,-70,0,781,8361,176,0,0 '
Received from ('fd00::200:0:0:d', 8765, 0, 0): b' 3073,13,9,1152,70,3,2,2,6,0,2,-52,0,466,4163,2,0,0 '
Received from ('fd00::200:0:0:6', 8765, 0, 0): b' 3089,6,2,768,10,289,7,6,7,1,4,-52,1,620,8119,91,1,5 '
Received from ('fd00::200:0:0:d', 8765, 0, 0): b' 3077,13,9,1152,70,3,3,2,6,0,2,-52,0,431,3740,2,0,0 '
Received from ('fd00::200:0:0:7', 8765, 0, 0): b' 3089,7,2,768,0,727,9,11,7,1,2,-70,5,834,11497,199,0,0 '
Received from ('fd00::200:0:0:b', 8765, 0, 0): b' 3088,11,8,1024,0,680,3,27,7,1,1,-70,6,1842,15564,164,0,0 '
Received from ('fd00::200:0:0:3', 8765, 0, 0): b' 3090,3,1,512,0,699,7,2,7,1,1,-64,5,942,14334,205,0,0 '
Received from ('fd00::200:0:0:a', 8765, 0, 0): b' 3090,10,6,1024,0,205,2,4,7,1,1,-52,0,265,5008,82,0,0 '
Received from ('fd00::200:0:0:9', 8765, 0, 0): b' 3090,9,5,768,30,325,6,2,7,1,2,-52,2,2325,18779,100,1,5 '
Received from ('fd00::200:0:0:11', 8765, 0, 0): b' 3088,17,9,1024,0,319,9,1,7,1,5,-95,0,492,6965,102,0,0 '
Received from ('fd00::200:0:0:d', 8765, 0, 0): b' 3083,13,9,1152,90,4,3,2,6,0,2,-52,0,544,5819,3,0,0 '
Received from ('fd00::200:0:0:15', 8765, 0, 0): b' 3092,21,16,1536,0,733,8,7,5,1,3,-70,0,626,6852,181,0,0 '
Received from ('fd00::200:0:0:b', 8765, 0, 0): b' 3092,11,8,1024,0,680,3,27,7,1,1,-70,6,752,7605,164,0,0 '
Received from ('fd00::200:0:0:13', 8765, 0, 0): b' 3092,19,15,1536,0,730,8,6,7,1,2,-52,0,728,8072,186,0,0 '
Received from ('fd00::200:0:0:c', 8765, 0, 0): b' 3093,12,8,1024,10,320,8,20,7,1,4,-52,4,1301,11681,103,1,5 '
Received from ('fd00::200:0:0:f', 8765, 0, 0): b' 3094,15,12,1280,0,677,7,17,7,1,3,-70,2,1328,15026,198,0,0 '
Received from ('fd00::200:0:0:14', 8765, 0, 0): b' 3093,20,16,1536,10,760,8,5,7,1,3,-52,0,539,7178,188,0,0 '
Received from ('fd00::200:0:0:5', 8765, 0, 0): b' 3095,5,1,512,0,705,7,1,6,2,1,-94,10,2747,14305,206,0,0 '
Received from ('fd00::200:0:0:e', 8765, 0, 0): b' 3093,14,11,1280,0,718,6,8,7,1,2,-70,0,692,7000,176,0,0 '
Received from ('fd00::200:0:0:2', 8765, 0, 0): b' 3095,2,1,512,0,672,7,1,6,1,1,-88,7,1579,15015,207,0,0 '
Received from ('fd00::200:0:0:8', 8765, 0, 0): b' 3095,8,5,768,30,708,4,13,7,1,1,-70,10,3613,24819,203,0,0 '
Received from ('fd00::200:0:0:d', 8765, 0, 0): b' 3095,13,9,1024,0,5,3,2,6,1,2,-52,0,1414,11883,3,0,0 '
Received from ('fd00::200:0:0:4', 8765, 0, 0): b' 3096,4,1,512,0,716,7,3,7,1,1,-66,0,735,14165,207,0,0 '
Received from ('fd00::200:0:0:12', 8765, 0, 0): b' 3095,18,15,1536,0,773,7,5,5,1,1,-70,0,719,10142,189,0,0 '
Received from ('fd00::200:0:0:9', 8765, 0, 0): b' 3096,9,5,768,0,325,6,2,7,1,2,-52,2,1001,11985,100,1,5 '
Received from ('fd00::200:0:0:10', 8765, 0, 0): b' 3096,16,11,1280,0,687,8,18,7,1,3,-70,2,1520,14658,172,0,0 '
Received from ('fd00::200:0:0:6', 8765, 0, 0): b' 3097,6,2,768,0,295,7,6,7,1,4,-52,1,1526,14446,92,1,5 '
Received from ('fd00::200:0:0:1', 5678, 0, 0): b' 3098,1,0,256,0,6,0,0,4,0,0,0,10,2339,23736,3655,0,0 '
Received from ('fd00::200:0:0:a', 8765, 0, 0): b' 3098,10,6,1024,0,207,2,4,7,1,1,-52,0,798,10241,83,0,0 '
Received from ('fd00::200:0:0:c', 8765, 0, 0): b' 3099,12,8,1024,0,321,8,20,7,1,4,-52,4,1067,9031,104,1,5 '
Received from ('fd00::200:0:0:7', 8765, 0, 0): b' 3099,7,2,768,0,731,9,11,7,1,2,-70,5,1050,12665,200,0,0 '
Received from ('fd00::200:0:0:11', 8765, 0, 0): b' 3099,17,9,1024,10,323,9,1,7,1,5,-95,0,794,8969,103,0,0 '
Received from ('fd00::200:0:0:b', 8765, 0, 0): b' 3099,11,8,1024,0,682,3,27,7,1,1,-70,6,1586,13565,164,0,0 '
Received from ('fd00::200:0:0:13', 8765, 0, 0): b' 3100,19,15,1536,10,731,8,6,7,1,2,-52,0,540,6763,187,0,0 '
Received from ('fd00::200:0:0:3', 8765, 0, 0): b' 3102,3,1,512,10,702,7,2,7,1,1,-64,5,812,14368,206,0,0 '
Received from ('fd00::200:0:0:14', 8765, 0, 0): b' 3101,20,16,1536,0,760,8,5,7,1,3,-52,0,305,7263,188,0,0 '
Received from ('fd00::200:0:0:f', 8765, 0, 0): b' 3102,15,12,1280,0,679,7,17,7,1,3,-70,2,1374,13313,199,0,0 '
Received from ('fd00::200:0:0:15', 8765, 0, 0): b' 3103,21,16,1536,0,738,8,7,5,1,3,-70,0,1033,11606,182,0,0 '
Received from ('fd00::200:0:0:11', 8765, 0, 0): b' 3103,17,9,1024,0,323,9,1,7,1,5,-95,0,362,4202,103,0,0 '
Received from ('fd00::200:0:0:d', 8765, 0, 0): b' 3103,13,9,1024,0,6,3,2,6,1,2,-52,0,748,7501,4,0,0 '
Received from ('fd00::200:0:0:1', 5678, 0, 0): b' 3104,1,0,256,0,6,0,0,4,0,0,0,10,1471,16328,3664,0,0 '
Received from ('fd00::200:0:0:10', 8765, 0, 0): b' 3104,16,11,1280,0,690,8,18,7,1,3,-70,2,1417,13356,173,0,0 '
Received from ('fd00::200:0:0:12', 8765, 0, 0): b' 3104,18,15,1536,0,776,7,5,5,1,1,-70,0,681,8374,190,0,0 '
Received from ('fd00::200:0:0:5', 8765, 0, 0): b' 3105,5,1,512,10,711,7,1,6,2,1,-94,10,5085,27936,207,0,0 '
Received from ('fd00::200:0:0:8', 8765, 0, 0): b' 3105,8,5,768,10,711,4,13,7,1,1,-70,10,3336,25476,203,0,0 '
Received from ('fd00::200:0:0:e', 8765, 0, 0): b' 3104,14,11,1280,0,723,6,8,7,1,2,-70,0,1039,10761,177,0,0 '
Received from ('fd00::200:0:0:9', 8765, 0, 0): b' 3105,9,5,768,0,326,6,2,7,1,2,-52,2,1307,16417,101,1,5 '
Received from ('fd00::200:0:0:6', 8765, 0, 0): b' 3106,6,2,768,0,298,7,6,7,1,4,-52,1,881,12058,92,1,5 '
Received from ('fd00::200:0:0:4', 8765, 0, 0): b' 3106,4,1,512,0,718,7,3,7,1,1,-66,0,711,12750,208,0,0 '
Received from ('fd00::200:0:0:2', 8765, 0, 0): b' 3106,2,1,512,10,677,7,1,6,1,1,-88,7,2321,22706,207,0,0 '
Received from ('fd00::200:0:0:c', 8765, 0, 0): b' 3107,12,8,1024,0,323,8,20,7,1,4,-52,4,1229,11190,104,1,5 '
Received from ('fd00::200:0:0:a', 8765, 0, 0): b' 3105,10,6,1024,0,207,2,4,7,1,1,-52,0,455,10060,84,0,0 '
Received from ('fd00::200:0:0:3', 8765, 0, 0): b' 3108,3,1,512,0,704,7,2,7,1,1,-64,5,516,8199,206,0,0 '
Received from ('fd00::200:0:0:10', 8765, 0, 0): b' 3109,16,11,1280,0,691,8,18,7,1,3,-70,2,708,8266,173,0,0 '
Received from ('fd00::200:0:0:f', 8765, 0, 0): b' 3110,15,12,1280,0,680,7,17,7,1,3,-70,2,1106,13450,200,0,0 '
Received from ('fd00::200:0:0:7', 8765, 0, 0): b' 3110,7,2,768,0,733,9,11,7,1,2,-70,5,746,13337,201,0,0 '
Received from ('fd00::200:0:0:5', 8765, 0, 0): b' 3111,5,1,512,20,711,7,1,6,2,1,-94,10,1866,12650,207,0,0 '
Received from ('fd00::200:0:0:1', 5678, 0, 0): b' 3110,1,0,256,0,6,0,0,4,0,0,0,10,1511,16960,3671,0,0 '
Received from ('fd00::200:0:0:13', 8765, 0, 0): b' 3110,19,15,1536,0,733,8,6,7,1,2,-52,0,632,9787,187,0,0 '
Received from ('fd00::200:0:0:11', 8765, 0, 0): b' 3110,17,9,1024,0,326,9,1,7,1,5,-95,0,679,7067,104,0,0 '
Received from ('fd00::200:0:0:8', 8765, 0, 0): b' 3110,8,5,768,20,711,4,13,7,1,1,-70,10,1501,13081,204,0,0 '
Received from ('fd00::200:0:0:b', 8765, 0, 0): b' 3111,11,8,1024,0,683,3,27,7,1,1,-70,6,1973,17852,165,0,0 '
Received from ('fd00::200:0:0:4', 8765, 0, 0): b' 3112,4,1,512,0,720,7,3,7,1,1,-66,0,561,7634,208,0,0 '
Received from ('fd00::200:0:0:e', 8765, 0, 0): b' 3110,14,11,1280,10,724,6,8,7,1,2,-70,0,282,5345,177,0,0 '
Received from ('fd00::200:0:0:14', 8765, 0, 0): b' 3112,20,16,1536,0,762,8,5,7,1,3,-52,0,788,10131,189,0,0 '
Received from ('fd00::200:0:0:15', 8765, 0, 0): b' 3113,21,16,1536,0,741,8,7,5,1,3,-70,0,804,9222,183,0,0 '
Received from ('fd00::200:0:0:9', 8765, 0, 0): b' 3112,9,5,768,0,328,6,2,7,1,2,-52,2,1189,13943,101,1,5 '
Received from ('fd00::200:0:0:12', 8765, 0, 0): b' 3113,18,15,1536,0,780,7,5,5,1,1,-70,0,828,8542,190,0,0 '
Received from ('fd00::200:0:0:c', 8765, 0, 0): b' 3113,12,8,1024,10,326,8,20,7,1,4,-52,4,1377,9999,105,1,5 '
Received from ('fd00::200:0:0:6', 8765, 0, 0): b' 3114,6,2,768,0,301,7,6,7,1,4,-52,1,1291,15748,93,1,5 '
Received from ('fd00::200:0:0:3', 8765, 0, 0): b' 3116,3,1,512,0,707,7,2,7,1,1,-64,5,769,9243,207,0,0 '
Received from ('fd00::200:0:0:d', 8765, 0, 0): b' 3115,13,9,1024,0,8,3,2,6,1,2,-52,0,901,10859,5,0,0 '
Received from ('fd00::200:0:0:1', 5678, 0, 0): b' 3116,1,0,256,0,6,0,0,4,0,0,0,10,1695,16476,3683,0,0 '
Received from ('fd00::200:0:0:13', 8765, 0, 0): b' 3117,19,15,1536,0,734,8,6,7,1,2,-52,0,539,6709,188,0,0 '
Received from ('fd00::200:0:0:b', 8765, 0, 0): b' 3117,11,8,1024,0,685,3,27,7,1,1,-70,6,1553,13043,166,0,0 '
Received from ('fd00::200:0:0:a', 8765, 0, 0): b' 3117,10,6,1024,0,210,2,4,7,1,1,-52,0,874,12696,84,0,0 '
Received from ('fd00::200:0:0:15', 8765, 0, 0): b' 3118,21,16,1536,0,741,8,7,5,1,3,-70,0,255,4766,183,0,0 '
Received from ('fd00::200:0:0:2', 8765, 0, 0): b' 3118,2,1,512,20,682,7,1,6,1,1,-88,7,2543,23945,208,0,0 '
Received from ('fd00::200:0:0:7', 8765, 0, 0): b' 3117,7,2,768,0,735,9,11,7,1,2,-70,5,613,9430,201,0,0 '
Received from ('fd00::200:0:0:5', 8765, 0, 0): b' 3119,5,1,512,10,714,7,1,6,2,1,-94,10,4061,21955,208,0,0 '
Received from ('fd00::200:0:0:e', 8765, 0, 0): b' 3118,14,11,1280,10,725,6,8,7,1,2,-70,0,550,7486,178,0,0 '
Received from ('fd00::200:0:0:f', 8765, 0, 0): b' 3119,15,12,1280,0,680,7,17,7,1,3,-70,2,1422,15606,200,0,0 '
Received from ('fd00::200:0:0:11', 8765, 0, 0): b' 3120,17,9,1024,0,329,9,1,7,1,5,-95,0,720,9190,104,0,0 '
Received from ('fd00::200:0:0:1', 5678, 0, 0): b' 3120,1,0,256,0,6,0,0,4,0,0,0,10,806,10153,3684,0,0 '
Received from ('fd00::200:0:0:3', 8765, 0, 0): b' 3120,3,1,512,0,709,7,2,7,1,1,-64,5,393,6501,207,0,0 '
Received from ('fd00::200:0:0:8', 8765, 0, 0): b' 3120,8,5,768,0,714,4,13,7,1,1,-70,10,3461,25604,204,0,0 '
Received from ('fd00::200:0:0:10', 8765, 0, 0): b' 3121,16,11,1280,0,692,8,18,7,1,3,-70,2,1626,19377,174,0,0 '
Received from ('fd00::200:0:0:4', 8765, 0, 0): b' 3121,4,1,512,0,723,7,3,7,1,1,-66,0,720,12263,209,0,0 '
Received from ('fd00::200:0:0:c', 8765, 0, 0): b' 3122,12,8,1024,0,329,8,20,7,1,4,-52,4,1275,11464,105,1,5 '
Received from ('fd00::200:0:0:6', 8765, 0, 0): b' 3122,6,2,768,0,303,7,6,7,1,4,-52,1,984,11788,93,1,5 '
Received from ('fd00::200:0:0:14', 8765, 0, 0): b' 3123,20,16,1536,0,767,8,5,7,1,3,-52,0,1029,10905,190,0,0 '
Received from ('fd00::200:0:0:7', 8765, 0, 0): b' 3123,7,2,768,0,739,9,11,7,1,2,-70,5,783,7884,202,0,0 '
Received from ('fd00::200:0:0:9', 8765, 0, 0): b' 3125,9,5,768,0,333,6,2,7,1,2,-52,2,1911,22019,102,1,5 '
Received from ('fd00::200:0:0:12', 8765, 0, 0): b' 3124,18,15,1536,0,782,7,5,5,1,1,-70,0,718,10797,191,0,0 '
Received from ('fd00::200:0:0:a', 8765, 0, 0): b' 3124,10,6,1024,0,212,2,4,7,1,1,-52,0,600,9537,85,0,0 '
Received from ('fd00::200:0:0:10', 8765, 0, 0): b' 3126,16,11,1280,10,695,8,18,7,1,3,-70,2,1169,8865,174,0,0 '
Received from ('fd00::200:0:0:13', 8765, 0, 0): b' 3125,19,15,1536,0,737,8,6,7,1,2,-52,0,619,7840,188,0,0 '
Received from ('fd00::200:0:0:8', 8765, 0, 0): b' 3127,8,5,768,10,716,4,13,7,1,1,-70,10,1953,15512,205,0,0 '
Received from ('fd00::200:0:0:3', 8765, 0, 0): b' 3127,3,1,512,0,710,7,2,7,1,1,-64,5,528,7747,208,0,0 '
Received from ('fd00::200:0:0:15', 8765, 0, 0): b' 3125,21,16,1536,10,742,8,7,5,1,3,-70,0,410,7104,184,0,0 '
Received from ('fd00::200:0:0:2', 8765, 0, 0): b' 3127,2,1,512,0,684,7,1,6,1,1,-88,7,2352,19655,209,0,0 '
Received from ('fd00::200:0:0:4', 8765, 0, 0): b' 3127,4,1,512,0,724,7,3,7,1,1,-66,0,384,6833,209,0,0 '
Received from ('fd00::200:0:0:d', 8765, 0, 0): b' 3128,13,9,1024,0,8,3,2,6,1,2,-52,0,541,10742,5,0,0 '
Received from ('fd00::200:0:0:5', 8765, 0, 0): b' 3129,5,1,512,0,715,7,1,6,2,1,-94,10,3632,23250,208,0,0 '
Received from ('fd00::200:0:0:b', 8765, 0, 0): b' 3128,11,8,1024,0,686,3,27,7,1,1,-70,6,2123,19985,166,0,0 '
Received from ('fd00::200:0:0:11', 8765, 0, 0): b' 3129,17,9,1024,0,333,9,1,7,1,5,-95,0,810,9376,105,0,0 '
Received from ('fd00::200:0:0:c', 8765, 0, 0): b' 3129,12,8,1024,10,330,8,20,7,1,4,-52,3,1084,10503,106,1,5 '
Received from ('fd00::200:0:0:e', 8765, 0, 0): b' 3128,14,11,1280,0,728,6,8,7,1,2,-70,0,820,10250,179,0,0 '
Received from ('fd00::200:0:0:f', 8765, 0, 0): b' 3129,15,12,1280,10,682,7,17,7,1,3,-70,2,1363,15515,201,0,0 '
Received from ('fd00::200:0:0:2', 8765, 0, 0): b' 3131,2,1,512,0,685,7,1,6,1,1,-88,7,614,8230,209,0,0 '
Received from ('fd00::200:0:0:1', 5678, 0, 0): b' 3132,1,0,256,0,6,0,0,4,0,0,0,10,3007,31751,3703,0,0 '
Received from ('fd00::200:0:0:12', 8765, 0, 0): b' 3129,18,15,1536,10,784,7,5,5,1,1,-70,0,470,4773,191,0,0 '
Received from ('fd00::200:0:0:10', 8765, 0, 0): b' 3130,16,11,1280,10,697,8,18,7,1,3,-70,2,722,8125,175,0,0 '
Received from ('fd00::200:0:0:7', 8765, 0, 0): b' 3132,7,2,768,0,739,9,11,7,1,2,-70,5,543,11052,202,0,0 '
Received from ('fd00::200:0:0:15', 8765, 0, 0): b' 3133,21,16,1536,0,745,8,7,5,1,3,-70,0,778,7813,184,0,0 '
Received from ('fd00::200:0:0:9', 8765, 0, 0): b' 3133,9,5,768,0,334,6,2,7,1,2,-52,2,1265,16925,103,1,5 '
Received from ('fd00::200:0:0:3', 8765, 0, 0): b' 3134,3,1,512,0,713,7,2,7,1,1,-64,5,619,8521,208,0,0 '
Received from ('fd00::200:0:0:13', 8765, 0, 0): b' 3134,19,15,1536,0,737,8,6,7,1,2,-52,0,456,7217,189,0,0 '
Received from ('fd00::200:0:0:a', 8765, 0, 0): b' 3132,10,6,1024,0,215,2,4,7,1,1,-52,0,827,10544,85,0,0 '
Received from ('fd00::200:0:0:c', 8765, 0, 0): b' 3133,12,8,1024,10,330,8,20,7,1,4,-52,3,976,7317,106,1,5 '
Received from ('fd00::200:0:0:6', 8765, 0, 0): b' 3133,6,2,768,0,306,7,6,7,1,4,-52,1,1520,17501,94,1,5 '
Received from ('fd00::200:0:0:14', 8765, 0, 0): b' 3133,20,16,1536,10,771,8,5,7,1,3,-52,0,855,10385,190,0,0 '
Received from ('fd00::200:0:0:8', 8765, 0, 0): b' 3134,8,5,768,10,716,4,13,7,1,1,-70,9,2998,21204,205,0,0 '
Received from ('fd00::200:0:0:f', 8765, 0, 0): b' 3134,15,12,1280,0,682,7,17,7,1,3,-70,2,907,8610,201,0,0 '
Received from ('fd00::200:0:0:5', 8765, 0, 0): b' 3136,5,1,512,0,717,7,1,6,2,1,-94,10,3643,19285,209,0,0 '
Received from ('fd00::200:0:0:10', 8765, 0, 0): b' 3135,16,11,1280,0,698,8,18,7,1,3,-70,2,995,7791,175,0,0 '
Received from ('fd00::200:0:0:b', 8765, 0, 0): b' 3135,11,8,1024,0,686,3,27,7,1,1,-70,6,1546,12705,167,0,0 '
Received from ('fd00::200:0:0:e', 8765, 0, 0): b' 3135,14,11,1280,0,730,6,8,7,1,2,-70,0,591,6831,179,0,0 '
Received from ('fd00::200:0:0:11', 8765, 0, 0): b' 3137,17,9,1024,0,335,9,1,7,1,5,-95,0,613,7803,105,0,0 '
Received from ('fd00::200:0:0:15', 8765, 0, 0): b' 3138,21,16,1536,0,747,8,7,5,1,3,-70,0,469,4668,184,0,0 '
Received from ('fd00::200:0:0:9', 8765, 0, 0): b' 3138,9,5,768,20,336,6,2,7,1,2,-52,2,812,9607,103,1,5 '
Received from ('fd00::200:0:0:d', 8765, 0, 0): b' 3137,13,9,1024,10,8,3,2,6,1,2,-52,0,615,9837,6,0,0 '
Received from ('fd00::200:0:0:4', 8765, 0, 0): b' 3138,4,1,512,0,729,7,3,7,1,1,-66,0,1152,15399,210,0,0 '
Received from ('fd00::200:0:0:7', 8765, 0, 0): b' 3139,7,2,768,0,740,9,11,7,1,2,-70,5,469,9008,203,0,0 '
Received from ('fd00::200:0:0:8', 8765, 0, 0): b' 3140,8,5,768,10,716,4,13,7,1,1,-70,9,1507,13519,206,0,0 '
Received from ('fd00::200:0:0:6', 8765, 0, 0): b' 3140,6,2,768,0,309,7,6,7,1,4,-52,1,986,12105,94,1,5 '
Received from ('fd00::200:0:0:2', 8765, 0, 0): b' 3141,2,1,512,10,689,7,1,6,1,1,-88,7,2540,21534,210,0,0 '
Received from ('fd00::200:0:0:b', 8765, 0, 0): b' 3140,11,8,1024,30,687,3,28,7,1,1,-70,6,1212,10024,167,0,0 '
Received from ('fd00::200:0:0:1', 5678, 0, 0): b' 3142,1,0,256,0,6,0,0,4,0,0,0,10,2354,26186,3711,0,0 '
Received from ('fd00::200:0:0:5', 8765, 0, 0): b' 3143,5,1,512,10,717,7,1,6,2,1,-94,10,2429,16642,209,0,0 '
Received from ('fd00::200:0:0:12', 8765, 0, 0): b' 3140,18,15,1536,0,788,7,5,5,1,1,-70,0,933,11489,192,0,0 '
Received from ('fd00::200:0:0:14', 8765, 0, 0): b' 3139,20,16,1536,10,773,8,5,7,1,3,-52,0,552,6180,191,0,0 '
Received from ('fd00::200:0:0:3', 8765, 0, 0): b' 3143,3,1,512,0,715,7,2,7,1,1,-64,5,682,11288,209,0,0 '
Received from ('fd00::200:0:0:e', 8765, 0, 0): b' 3140,14,11,1280,0,730,6,8,7,1,2,-70,0,182,4075,179,0,0 '
Received from ('fd00::200:0:0:9', 8765, 0, 0): b' 3143,9,5,768,0,339,6,2,7,1,2,-52,2,1004,10776,103,1,5 '
Received from ('fd00::200:0:0:f', 8765, 0, 0): b' 3143,15,12,1280,0,685,8,17,7,1,3,-70,2,1535,16254,202,0,0 '
Received from ('fd00::200:0:0:a', 8765, 0, 0): b' 3143,10,6,1024,0,218,2,4,7,1,1,-52,0,852,13186,86,0,0 '
Received from ('fd00::200:0:0:11', 8765, 0, 0): b' 3145,17,9,1024,0,338,9,1,7,1,5,-95,0,679,8250,106,0,0 '
Received from ('fd00::200:0:0:7', 8765, 0, 0): b' 3145,7,2,768,0,742,9,11,7,1,2,-70,5,612,7377,203,0,0 '
Received from ('fd00::200:0:0:4', 8765, 0, 0): b' 3145,4,1,512,0,733,7,3,7,1,1,-66,0,753,8816,211,0,0 '
Received from ('fd00::200:0:0:10', 8765, 0, 0): b' 3145,16,11,1280,10,701,8,18,7,1,3,-70,2,1708,16919,175,0,0 '
Received from ('fd00::200:0:0:15', 8765, 0, 0): b' 3145,21,16,1536,10,749,8,7,5,1,3,-70,0,549,6460,185,0,0 '
Received from ('fd00::200:0:0:c', 8765, 0, 0): b' 3144,12,8,1024,10,332,8,20,7,1,4,-52,3,1716,16558,107,1,5 '
Received from ('fd00::200:0:0:2', 8765, 0, 0): b' 3146,2,1,512,0,690,7,1,6,1,1,-88,7,1224,10049,210,0,0 '
Received from ('fd00::200:0:0:13', 8765, 0, 0): b' 3145,19,15,1536,0,740,8,6,7,1,2,-52,0,825,11475,190,0,0 '
Received from ('fd00::200:0:0:5', 8765, 0, 0): b' 3148,5,1,512,10,719,7,1,6,2,1,-94,10,2995,14745,210,0,0 '
Received from ('fd00::200:0:0:b', 8765, 0, 0): b' 3146,11,8,1024,0,689,3,28,7,1,1,-70,6,1534,10308,168,0,0 '
Received from ('fd00::200:0:0:1', 5678, 0, 0): b' 3148,1,0,256,0,6,0,0,4,0,0,0,10,1832,17927,3723,0,0 '
Received from ('fd00::200:0:0:14', 8765, 0, 0): b' 3148,20,16,1536,0,775,8,5,7,1,3,-52,0,639,8121,191,0,0 '
Received from ('fd00::200:0:0:d', 8765, 0, 0): b' 3148,13,9,1024,0,9,3,2,6,1,2,-52,0,866,10145,7,0,0 '
Received from ('fd00::200:0:0:4', 8765, 0, 0): b' 3149,4,1,512,0,733,7,3,7,1,1,-66,0,280,4951,211,0,0 '
Received from ('fd00::200:0:0:8', 8765, 0, 0): b' 3150,8,5,768,20,720,5,13,7,1,1,-70,9,3807,25459,206,0,0 '
Received from ('fd00::200:0:0:10', 8765, 0, 0): b' 3149,16,11,1280,0,701,8,18,7,1,3,-70,2,782,7842,176,0,0 '
Received from ('fd00::200:0:0:3', 8765, 0, 0): b' 3151,3,1,512,0,717,7,2,7,1,1,-64,5,543,9681,209,0,0 '
Received from ('fd00::200:0:0:6', 8765, 0, 0): b' 3149,6,2,768,10,311,8,6,7,1,4,-52,1,1007,13981,95,1,5 '
Received from ('fd00::200:0:0:a', 8765, 0, 0): b' 3150,10,6,1024,0,218,2,4,7,1,1,-52,0,386,7935,86,0,0 '
Received from ('fd00::200:0:0:e', 8765, 0, 0): b' 3151,14,11,1280,0,735,6,8,7,1,2,-70,0,1015,11244,180,0,0 '
Received from ('fd00::200:0:0:12', 8765, 0, 0): b' 3152,18,15,1536,0,791,7,5,5,1,1,-70,0,826,11311,193,0,0 '
Received from ('fd00::200:0:0:2', 8765, 0, 0): b' 3153,2,1,512,0,695,7,1,6,1,1,-88,7,1834,15043,211,0,0 '
Received from ('fd00::200:0:0:9', 8765, 0, 0): b' 3154,9,5,768,10,341,6,2,7,1,2,-52,2,1362,17720,104,1,5 '
Received from ('fd00::200:0:0:13', 8765, 0, 0): b' 3154,19,15,1536,0,742,8,6,7,1,2,-52,0,709,8414,190,0,0 '
Received from ('fd00::200:0:0:15', 8765, 0, 0): b' 3154,21,16,1536,0,753,8,7,5,1,3,-70,0,853,9346,185,0,0 '
Received from ('fd00::200:0:0:7', 8765, 0, 0): b' 3154,7,2,768,0,745,9,11,7,1,2,-70,5,827,11888,204,0,0 '
Received from ('fd00::200:0:0:14', 8765, 0, 0): b' 3154,20,16,1536,0,777,8,5,7,1,3,-52,0,615,6413,192,0,0 '
Received from ('fd00::200:0:0:11', 8765, 0, 0): b' 3155,17,9,1024,0,341,9,1,7,1,5,-95,0,800,9802,107,0,0 '
Received from ('fd00::200:0:0:c', 8765, 0, 0): b' 3157,12,8,1024,10,336,8,20,7,1,4,-52,3,1591,13872,107,1,5 '
Received from ('fd00::200:0:0:f', 8765, 0, 0): b' 3154,15,12,1280,0,687,8,17,7,1,3,-70,2,1775,19062,202,0,0 '
Received from ('fd00::200:0:0:d', 8765, 0, 0): b' 3155,13,9,1024,10,9,3,2,6,1,2,-52,0,372,6331,7,0,0 '
Received from ('fd00::200:0:0:1', 5678, 0, 0): b' 3157,1,0,256,0,6,0,0,4,0,0,0,10,2172,24448,3734,0,0 '
Received from ('fd00::200:0:0:5', 8765, 0, 0): b' 3157,5,1,512,0,719,7,1,6,2,1,-94,10,3887,24765,210,0,0 '
Received from ('fd00::200:0:0:b', 8765, 0, 0): b' 3158,11,8,1024,10,694,3,28,7,1,1,-70,6,2392,20062,168,0,0 '
Received from ('fd00::200:0:0:10', 8765, 0, 0): b' 3158,16,11,1280,0,703,8,18,7,1,3,-70,2,1392,13910,176,0,0 '
Received from ('fd00::200:0:0:3', 8765, 0, 0): b' 3157,3,1,512,0,720,7,2,7,1,1,-64,5,668,9785,210,0,0 '
Received from ('fd00::200:0:0:2', 8765, 0, 0): b' 3158,2,1,512,0,696,7,1,6,1,1,-88,7,939,10180,211,0,0 '
Received from ('fd00::200:0:0:15', 8765, 0, 0): b' 3158,21,16,1536,0,755,8,7,5,1,3,-70,0,446,4658,186,0,0 '
Received from ('fd00::200:0:0:a', 8765, 0, 0): b' 3158,10,6,1024,0,220,2,4,7,1,1,-52,0,708,10345,87,0,0 '
Received from ('fd00::200:0:0:4', 8765, 0, 0): b' 3159,4,1,512,0,736,7,3,7,1,1,-66,0,645,12311,211,0,0 '
Received from ('fd00::200:0:0:12', 8765, 0, 0): b' 3158,18,15,1536,0,795,7,5,5,1,1,-70,0,829,6919,193,0,0 '
Received from ('fd00::200:0:0:8', 8765, 0, 0): b' 3161,8,5,768,20,723,5,13,7,1,1,-70,9,3678,26764,207,0,0 '
Received from ('fd00::200:0:0:6', 8765, 0, 0): b' 3160,6,2,768,10,312,8,6,7,1,4,-52,1,1185,16740,96,1,5 '
Received from ('fd00::200:0:0:f', 8765, 0, 0): b' 3160,15,12,1280,10,690,8,17,7,1,3,-70,2,1102,9872,203,0,0 '
Received from ('fd00::200:0:0:10', 8765, 0, 0): b' 3164,16,11,1280,0,705,8,18,7,1,3,-70,2,953,8720,177,0,0 '
Received from ('fd00::200:0:0:11', 8765, 0, 0): b' 3163,17,9,1024,0,343,9,1,7,1,5,-95,0,510,7074,107,0,0 '
Received from ('fd00::200:0:0:e', 8765, 0, 0): b' 3164,14,11,1280,0,740,6,8,7,1,2,-70,0,1042,10923,181,0,0 '
Received from ('fd00::200:0:0:13', 8765, 0, 0): b' 3163,19,15,1536,0,744,8,6,7,1,2,-52,0,573,8809,191,0,0 '
Received from ('fd00::200:0:0:9', 8765, 0, 0): b' 3165,9,5,768,0,342,6,2,7,1,2,-52,2,1712,20532,105,1,5 '
Received from ('fd00::200:0:0:14', 8765, 0, 0): b' 3164,20,16,1536,0,779,8,5,7,1,3,-52,0,638,9480,192,0,0 '
Received from ('fd00::200:0:0:6', 8765, 0, 0): b' 3165,6,2,768,0,313,8,6,7,1,4,-52,1,604,7439,96,1,5 '
Received from ('fd00::200:0:0:d', 8765, 0, 0): b' 3165,13,9,1024,0,10,3,2,6,1,2,-52,0,680,9369,8,0,0 '
Received from ('fd00::200:0:0:3', 8765, 0, 0): b' 3165,3,1,512,10,725,7,2,7,1,1,-64,5,936,10057,210,0,0 '
Received from ('fd00::200:0:0:b', 8765, 0, 0): b' 3167,11,8,1024,0,698,3,28,7,1,1,-70,6,2213,15588,169,0,0 '
Received from ('fd00::200:0:0:c', 8765, 0, 0): b' 3166,12,8,1024,0,337,8,20,7,1,4,-52,3,1723,15893,108,1,5 '
Received from ('fd00::200:0:0:7', 8765, 0, 0): b' 3166,7,2,768,0,749,9,11,7,1,2,-70,5,1052,14654,205,0,0 '
Received from ('fd00::200:0:0:4', 8765, 0, 0): b' 3166,4,1,512,10,737,7,3,7,1,1,-66,0,626,8529,212,0,0 '
Received from ('fd00::200:0:0:f', 8765, 0, 0): b' 3166,15,12,1280,0,692,8,17,7,1,3,-70,2,1013,9680,203,0,0 '
Received from ('fd00::200:0:0:1', 5678, 0, 0): b' 3168,1,0,256,0,6,0,0,4,0,0,0,10,2738,28391,3747,0,0 '
Received from ('fd00::200:0:0:5', 8765, 0, 0): b' 3168,5,1,512,0,721,7,1,6,2,1,-94,10,4335,27110,211,0,0 '
Received from ('fd00::200:0:0:12', 8765, 0, 0): b' 3168,18,15,1536,10,796,7,5,5,1,1,-70,0,466,8640,194,0,0 '
Received from ('fd00::200:0:0:10', 8765, 0, 0): b' 3170,16,11,1280,0,705,8,18,7,1,3,-70,2,870,10179,177,0,0 '
Received from ('fd00::200:0:0:9', 8765, 0, 0): b' 3170,9,5,768,10,344,6,2,7,1,2,-52,2,883,10291,105,1,5 '
Received from ('fd00::200:0:0:2', 8765, 0, 0): b' 3170,2,1,512,0,699,7,1,6,1,1,-88,7,2310,23440,212,0,0 '
Received from ('fd00::200:0:0:15', 8765, 0, 0): b' 3169,21,16,1536,0,759,8,7,5,1,3,-70,0,1005,11002,187,0,0 '
Received from ('fd00::200:0:0:a', 8765, 0, 0): b' 3168,10,6,1024,10,223,2,4,7,1,1,-52,0,828,12871,88,0,0 '
Received from ('fd00::200:0:0:11', 8765, 0, 0): b' 3171,17,9,1024,0,344,9,1,7,1,5,-95,0,562,7652,108,0,0 '
Received from ('fd00::200:0:0:c', 8765, 0, 0): b' 3171,12,8,1024,0,338,8,20,7,1,4,-52,3,777,6093,108,1,5 '
Received from ('fd00::200:0:0:8', 8765, 0, 0): b' 3172,8,5,768,10,727,5,13,7,1,1,-70,9,3791,29393,208,0,0 '
Received from ('fd00::200:0:0:14', 8765, 0, 0): b' 3172,20,16,1536,10,781,8,5,7,1,3,-52,0,549,7253,193,0,0 '
Received from ('fd00::200:0:0:6', 8765, 0, 0): b' 3173,6,2,768,0,314,8,6,7,1,4,-52,1,1187,13368,97,1,5 '
Received from ('fd00::200:0:0:9', 8765, 0, 0): b' 3175,9,5,768,10,345,6,2,7,1,2,-52,2,883,8649,106,1,5 '
Received from ('fd00::200:0:0:5', 8765, 0, 0): b' 3173,5,1,512,0,721,7,1,6,2,1,-94,10,2610,14452,211,0,0 '
Received from ('fd00::200:0:0:3', 8765, 0, 0): b' 3173,3,1,512,0,730,7,2,7,1,1,-64,5,1042,11036,211,0,0 '
Received from ('fd00::200:0:0:b', 8765, 0, 0): b' 3175,11,8,1024,0,702,3,28,7,1,1,-70,6,1677,14228,170,0,0 '
Received from ('fd00::200:0:0:a', 8765, 0, 0): b' 3173,10,6,1024,0,224,2,4,7,1,1,-52,0,654,6286,88,0,0 '
Received from ('fd00::200:0:0:2', 8765, 0, 0): b' 3175,2,1,512,10,699,7,1,6,1,1,-88,7,1206,11058,212,0,0 '
Received from ('fd00::200:0:0:c', 8765, 0, 0): b' 3175,12,8,1024,0,340,8,20,7,1,4,-52,3,671,6142,109,1,5 '
Received from ('fd00::200:0:0:7', 8765, 0, 0): b' 3175,7,2,768,0,752,9,11,7,1,2,-70,5,940,11464,205,0,0 '
Received from ('fd00::200:0:0:e', 8765, 0, 0): b' 3175,14,11,1280,10,742,6,8,7,1,2,-70,0,762,10955,182,0,0 '
Received from ('fd00::200:0:0:8', 8765, 0, 0): b' 3178,8,5,768,40,729,5,13,7,1,1,-70,9,1993,14235,208,0,0 '
Received from ('fd00::200:0:0:4', 8765, 0, 0): b' 3176,4,1,512,0,739,7,3,7,1,1,-66,0,638,12619,213,0,0 '
Received from ('fd00::200:0:0:13', 8765, 0, 0): b' 3175,19,15,1536,0,748,8,6,7,1,2,-52,0,933,11658,192,0,0 '
Received from ('fd00::200:0:0:d', 8765, 0, 0): b' 3178,13,9,1024,0,10,3,2,6,1,2,-52,0,500,10502,9,0,0 '
Received from ('fd00::200:0:0:10', 8765, 0, 0): b' 3177,16,11,1280,0,706,8,18,7,1,3,-70,2,1118,11155,178,0,0 '
Received from ('fd00::200:0:0:f', 8765, 0, 0): b' 3175,15,12,1280,0,693,8,17,7,1,3,-70,2,1366,15553,204,0,0 '
Received from ('fd00::200:0:0:1', 5678, 0, 0): b' 3178,1,0,256,0,6,0,0,4,0,0,0,10,2585,27692,3763,0,0 '
Received from ('fd00::200:0:0:6', 8765, 0, 0): b' 3178,6,2,768,0,315,8,6,7,1,4,-52,1,643,8748,97,1,5 '
Received from ('fd00::200:0:0:e', 8765, 0, 0): b' 3180,14,11,1280,0,743,6,8,7,1,2,-70,0,421,5067,182,0,0 '
Received from ('fd00::200:0:0:12', 8765, 0, 0): b' 3178,18,15,1536,10,801,7,5,5,1,1,-70,0,909,9909,195,0,0 '
Received from ('fd00::200:0:0:15', 8765, 0, 0): b' 3182,21,16,1536,10,760,8,7,5,1,3,-70,0,437,9359,187,0,0 '
Received from ('fd00::200:0:0:11', 8765, 0, 0): b' 3181,17,9,1024,0,348,9,1,7,1,5,-95,0,851,9713,108,0,0 '
Received from ('fd00::200:0:0:a', 8765, 0, 0): b' 3180,10,6,1024,0,226,2,4,7,1,1,-52,0,491,7746,88,0,0 '
Received from ('fd00::200:0:0:8', 8765, 0, 0): b' 3182,8,5,768,10,729,5,13,7,1,1,-70,9,1412,11476,208,0,0 '
Received from ('fd00::200:0:0:f', 8765, 0, 0): b' 3182,15,12,1280,0,696,8,17,7,1,3,-70,2,1099,9444,204,0,0 '
Received from ('fd00::200:0:0:3', 8765, 0, 0): b' 3181,3,1,512,10,733,7,2,7,1,1,-64,5,599,9406,211,0,0 '
Received from ('fd00::200:0:0:4', 8765, 0, 0): b' 3182,4,1,512,0,741,7,3,7,1,1,-66,0,467,6683,213,0,0 '
Received from ('fd00::200:0:0:14', 8765, 0, 0): b' 3182,20,16,1536,10,785,8,5,7,1,3,-52,0,853,9774,193,0,0 '
Received from ('fd00::200:0:0:9', 8765, 0, 0): b' 3183,9,5,768,0,347,6,2,7,1,2,-52,2,1307,15832,106,1,5 '
Received from ('fd00::200:0:0:1', 5678, 0, 0): b' 3183,1,0,256,0,6,0,0,4,0,0,0,10,1030,12319,3766,0,0 '
Received from ('fd00::200:0:0:2', 8765, 0, 0): b' 3183,2,1,512,0,699,7,1,6,1,1,-88,7,1294,14803,213,0,0 '
Received from ('fd00::200:0:0:b', 8765, 0, 0): b' 3184,11,8,1024,0,704,3,28,7,1,1,-70,6,2012,16497,170,0,0 '
Received from ('fd00::200:0:0:c', 8765, 0, 0): b' 3184,12,8,1024,0,344,8,20,7,1,4,-52,3,1768,13235,109,1,5 '
Received from ('fd00::200:0:0:7', 8765, 0, 0): b' 3183,7,2,768,10,754,9,11,7,1,2,-70,5,600,10742,206,0,0 '
Received from ('fd00::200:0:0:5', 8765, 0, 0): b' 3184,5,1,512,10,722,7,1,6,2,1,-94,10,4135,25015,212,0,0 '
Received from ('fd00::200:0:0:12', 8765, 0, 0): b' 3182,18,15,1536,0,803,7,5,5,1,1,-70,0,602,5047,195,0,0 '
Received from ('fd00::200:0:0:a', 8765, 0, 0): b' 3184,10,6,1024,10,228,2,4,7,1,1,-52,0,461,5686,88,1,5 '
Received from ('fd00::200:0:0:15', 8765, 0, 0): b' 3184,21,16,1536,10,762,8,7,5,1,3,-70,0,526,4290,188,0,0 '
Received from ('fd00::200:0:0:10', 8765, 0, 0): b' 3185,16,11,1280,0,709,8,18,7,1,3,-70,2,1748,16603,178,0,0 '
Received from ('fd00::200:0:0:6', 8765, 0, 0): b' 3186,6,2,768,0,317,8,6,7,1,4,-52,1,978,12143,98,1,5 '
Received from ('fd00::200:0:0:d', 8765, 0, 0): b' 3187,13,9,1024,0,10,3,2,6,1,2,-52,0,519,9098,9,0,0 '
Received from ('fd00::200:0:0:13', 8765, 0, 0): b' 3186,19,15,1536,0,754,8,6,7,1,2,-52,0,1151,11137,192,0,0 '
Received from ('fd00::200:0:0:3', 8765, 0, 0): b' 3188,3,1,512,10,733,7,2,7,1,1,-64,5,398,7526,212,0,0 '
Received from ('fd00::200:0:0:12', 8765, 0, 0): b' 3186,18,15,1536,0,804,7,5,5,1,1,-70,0,362,4018,195,0,0 '
Received from ('fd00::200:0:0:b', 8765, 0, 0): b' 3189,11,8,1024,10,704,3,28,7,1,1,-70,6,997,8956,170,0,0 '
Received from ('fd00::200:0:0:9', 8765, 0, 0): b' 3190,9,5,768,10,349,6,2,7,1,2,-52,2,1183,13317,107,1,5 '
Received from ('fd00::200:0:0:11', 8765, 0, 0): b' 3189,17,9,1024,0,351,9,1,7,1,5,-95,0,749,8437,109,0,0 '
Received from ('fd00::200:0:0:8', 8765, 0, 0): b' 3191,8,5,768,20,732,5,13,7,1,1,-70,9,3254,23199,209,0,0 '
Received from ('fd00::200:0:0:15', 8765, 0, 0): b' 3188,21,16,1536,0,763,8,7,5,1,3,-70,0,387,4160,188,0,0 '
Received from ('fd00::200:0:0:a', 8765, 0, 0): b' 3190,10,6,1024,0,230,2,4,7,1,1,-52,0,600,6605,88,1,5 '
Received from ('fd00::200:0:0:f', 8765, 0, 0): b' 3190,15,12,1280,0,701,8,17,7,1,3,-70,2,1981,15826,205,0,0 '
Received from ('fd00::200:0:0:1', 5678, 0, 0): b' 3191,1,0,256,0,6,0,0,4,0,0,0,10,2130,22226,3780,0,0 '
Received from ('fd00::200:0:0:7', 8765, 0, 0): b' 3190,7,2,768,0,754,9,11,7,1,2,-70,5,424,8441,206,0,0 '
Received from ('fd00::200:0:0:13', 8765, 0, 0): b' 3190,19,15,1536,0,755,8,6,7,1,2,-52,0,421,4100,193,0,0 '
Received from ('fd00::200:0:0:4', 8765, 0, 0): b' 3192,4,1,512,0,743,7,3,7,1,1,-66,0,734,13340,214,0,0 '
Received from ('fd00::200:0:0:14', 8765, 0, 0): b' 3190,20,16,1536,0,787,8,5,7,1,3,-52,0,695,8396,194,0,0 '
Received from ('fd00::200:0:0:e', 8765, 0, 0): b' 3192,14,11,1280,0,747,6,8,7,1,2,-70,0,1002,11511,183,0,0 '
Received from ('fd00::200:0:0:c', 8765, 0, 0): b' 3192,12,8,1024,0,345,8,20,7,1,4,-52,3,1725,12820,110,1,5 '
Received from ('fd00::200:0:0:2', 8765, 0, 0): b' 3194,2,1,512,0,701,7,1,6,1,1,-88,7,2151,21823,213,0,0 '
Received from ('fd00::200:0:0:12', 8765, 0, 0): b' 3192,18,15,1536,0,806,7,5,5,1,1,-70,0,493,5677,195,0,0 '
Received from ('fd00::200:0:0:5', 8765, 0, 0): b' 3194,5,1,512,20,723,7,1,6,2,1,-94,10,4920,27308,213,0,0 '
Received from ('fd00::200:0:0:d', 8765, 0, 0): b' 3195,13,9,1024,0,10,3,2,6,1,2,-52,0,452,7231,10,0,0 '
Received from ('fd00::200:0:0:9', 8765, 0, 0): b' 3196,9,5,768,0,351,6,2,7,1,2,-52,2,1009,12000,107,1,5 '
Received from ('fd00::200:0:0:11', 8765, 0, 0): b' 3196,17,9,1024,0,353,9,1,7,1,5,-95,0,516,7059,109,0,0 '
Received from ('fd00::200:0:0:3', 8765, 0, 0): b' 3196,3,1,512,0,735,7,2,7,1,1,-64,5,590,11100,212,0,0 '
Received from ('fd00::200:0:0:f', 8765, 0, 0): b' 3197,15,12,1280,0,703,8,17,7,1,3,-70,2,1195,10887,205,0,0 '
Received from ('fd00::200:0:0:14', 8765, 0, 0): b' 3197,20,16,1536,0,788,8,5,7,1,3,-52,0,386,6407,194,0,0 '
Received from ('fd00::200:0:0:6', 8765, 0, 0): b' 3196,6,2,768,0,321,8,6,7,1,4,-52,1,1499,17247,98,1,5 '
Received from ('fd00::200:0:0:10', 8765, 0, 0): b' 3197,16,11,1280,10,711,8,18,7,1,3,-70,2,1765,19388,179,0,0 '
Received from ('fd00::200:0:0:c', 8765, 0, 0): b' 3199,12,8,1024,0,349,8,20,7,1,4,-52,3,1271,9049,110,1,5 '
Received from ('fd00::200:0:0:12', 8765, 0, 0): b' 3198,18,15,1536,0,808,7,5,5,1,1,-70,0,525,5267,196,0,0 '
Received from ('fd00::200:0:0:13', 8765, 0, 0): b' 3199,19,15,1536,0,757,8,6,7,1,2,-52,0,614,8078,193,0,0 '
Received from ('fd00::200:0:0:b', 8765, 0, 0): b' 3200,11,8,1024,10,707,3,28,7,1,1,-70,6,2305,20155,171,0,0 '
Received from ('fd00::200:0:0:4', 8765, 0, 0): b' 3200,4,1,512,0,746,7,3,7,1,1,-66,0,695,9336,214,0,0 '
Received from ('fd00::200:0:0:d', 8765, 0, 0): b' 3200,13,9,1024,0,10,3,2,6,1,2,-52,0,276,4668,10,0,0 '
Received from ('fd00::200:0:0:15', 8765, 0, 0): b' 3199,21,16,1536,0,768,8,7,5,1,3,-70,0,1015,11294,189,0,0 '
Received from ('fd00::200:0:0:8', 8765, 0, 0): b' 3202,8,5,768,30,736,5,13,7,1,1,-70,9,4149,28759,210,0,0 '
Received from ('fd00::200:0:0:a', 8765, 0, 0): b' 3200,10,6,1024,0,233,2,4,7,1,1,-52,0,827,13379,89,1,5 '
Received from ('fd00::200:0:0:1', 5678, 0, 0): b' 3202,1,0,256,0,6,0,0,4,0,0,0,10,2582,28234,3793,0,0 '
Received from ('fd00::200:0:0:e', 8765, 0, 0): b' 3201,14,11,1280,10,750,6,8,7,1,2,-70,0,538,8480,183,0,0 '
Received from ('fd00::200:0:0:7', 8765, 0, 0): b' 3202,7,2,768,0,759,9,11,7,1,2,-70,5,1277,15023,207,0,0 '
Received from ('fd00::200:0:0:5', 8765, 0, 0): b' 3203,5,1,512,20,727,7,1,6,2,1,-94,10,4079,23102,213,0,0 '
Received from ('fd00::200:0:0:9', 8765, 0, 0): b' 3204,9,5,768,0,354,6,2,7,1,2,-52,2,1345,14800,108,1,5 '
Received from ('fd00::200:0:0:10', 8765, 0, 0): b' 3203,16,11,1280,0,712,8,18,7,1,3,-70,2,1144,10548,179,0,0 '
Received from ('fd00::200:0:0:11', 8765, 0, 0): b' 3204,17,9,1024,0,356,9,1,7,1,5,-95,0,752,7413,110,0,0 '
Received from ('fd00::200:0:0:c', 8765, 0, 0): b' 3205,12,8,1024,10,350,8,20,7,1,4,-52,3,959,8456,111,1,5 '
Received from ('fd00::200:0:0:2', 8765, 0, 0): b' 3205,2,1,512,10,702,7,1,6,1,1,-88,7,2133,21985,214,0,0 '
Received from ('fd00::200:0:0:15', 8765, 0, 0): b' 3205,21,16,1536,0,770,8,7,5,1,3,-70,0,496,5412,189,0,0 '
Received from ('fd00::200:0:0:3', 8765, 0, 0): b' 3207,3,1,512,0,738,7,2,7,1,1,-64,5,818,12145,213,0,0 '
Received from ('fd00::200:0:0:6', 8765, 0, 0): b' 3206,6,2,768,0,323,8,6,7,1,4,-52,1,1125,14674,99,1,5 '
Received from ('fd00::200:0:0:f', 8765, 0, 0): b' 3208,15,12,1280,0,706,8,17,7,1,3,-70,2,1616,16490,206,0,0 '
Received from ('fd00::200:0:0:12', 8765, 0, 0): b' 3207,18,15,1536,0,811,7,5,5,1,1,-70,0,648,8306,196,0,0 '
Received from ('fd00::200:0:0:4', 8765, 0, 0): b' 3208,4,1,512,0,748,7,3,7,1,1,-66,0,561,9666,215,0,0 '
Received from ('fd00::200:0:0:b', 8765, 0, 0): b' 3209,11,8,1024,10,709,3,28,7,1,1,-70,6,1967,16440,172,0,0 '
Received from ('fd00::200:0:0:13', 8765, 0, 0): b' 3208,19,15,1536,0,760,8,6,7,1,2,-52,0,704,9213,194,0,0 '
Received from ('fd00::200:0:0:7', 8765, 0, 0): b' 3208,7,2,768,0,761,9,11,7,1,2,-70,5,494,7325,207,0,0 '
Received from ('fd00::200:0:0:14', 8765, 0, 0): b' 3208,20,16,1536,0,791,8,5,7,1,3,-52,0,825,10235,195,0,0 '
Received from ('fd00::200:0:0:a', 8765, 0, 0): b' 3207,10,6,1024,0,236,2,4,7,1,1,-52,0,731,8958,89,1,5 '
Received from ('fd00::200:0:0:11', 8765, 0, 0): b' 3209,17,9,1024,0,357,9,1,7,1,5,-95,0,385,5682,110,0,0 '
Received from ('fd00::200:0:0:15', 8765, 0, 0): b' 3209,21,16,1536,0,772,8,7,5,1,3,-70,0,469,4480,189,0,0 '
Received from ('fd00::200:0:0:e', 8765, 0, 0): b' 3210,14,11,1280,0,754,6,8,7,1,2,-70,0,992,9252,184,0,0 '
Received from ('fd00::200:0:0:d', 8765, 0, 0): b' 3210,13,9,1024,0,12,3,2,6,1,2,-52,0,685,9314,11,0,0 '
Received from ('fd00::200:0:0:5', 8765, 0, 0): b' 3210,5,1,512,10,728,7,1,6,2,1,-94,10,3398,18977,214,0,0 '
Received from ('fd00::200:0:0:10', 8765, 0, 0): b' 3211,16,11,1280,0,713,8,18,7,1,3,-70,2,1279,12484,180,0,0 '
Received from ('fd00::200:0:0:8', 8765, 0, 0): b' 3211,8,5,768,0,737,5,13,7,1,1,-70,9,3450,27605,210,0,0 '
Received from ('fd00::200:0:0:14', 8765, 0, 0): b' 3213,20,16,1536,0,792,8,5,7,1,3,-52,0,266,4480,195,0,0 '
Received from ('fd00::200:0:0:6', 8765, 0, 0): b' 3212,6,2,768,0,327,8,6,7,1,4,-52,1,1249,11435,99,1,5 '
Received from ('fd00::200:0:0:1', 5678, 0, 0): b' 3214,1,0,256,0,6,0,0,4,0,0,0,10,2735,30955,3807,0,0 '
Received from ('fd00::200:0:0:f', 8765, 0, 0): b' 3215,15,12,1280,0,710,8,17,7,1,3,-70,2,1349,12256,206,0,0 '
Received from ('fd00::200:0:0:9', 8765, 0, 0): b' 3213,9,5,768,0,355,6,2,7,1,2,-52,2,1581,20875,108,1,5 '
Received from ('fd00::200:0:0:c', 8765, 0, 0): b' 3216,12,8,1024,0,354,8,20,7,1,4,-52,3,1933,16208,111,1,5 '
Received from ('fd00::200:0:0:2', 8765, 0, 0): b' 3216,2,1,512,20,705,7,1,6,1,1,-88,7,2478,24045,215,0,0 '
Received from ('fd00::200:0:0:b', 8765, 0, 0): b' 3216,11,8,1024,0,710,3,28,7,1,1,-70,6,1778,13836,172,0,0 '
Received from ('fd00::200:0:0:7', 8765, 0, 0): b' 3216,7,2,768,0,764,9,11,7,1,2,-70,5,706,10066,208,0,0 '
Received from ('fd00::200:0:0:12', 8765, 0, 0): b' 3215,18,15,1536,0,811,7,5,5,1,1,-70,0,456,7526,197,0,0 '
Received from ('fd00::200:0:0:3', 8765, 0, 0): b' 3217,3,1,512,0,740,7,2,7,1,1,-64,5,636,12848,213,0,0 '
Received from ('fd00::200:0:0:13', 8765, 0, 0): b' 3217,19,15,1536,0,761,8,6,7,1,2,-52,0,507,7136,194,0,0 '
Received from ('fd00::200:0:0:a', 8765, 0, 0): b' 3217,10,6,1024,0,240,2,4,7,1,1,-52,0,1112,12407,90,1,5 '
Received from ('fd00::200:0:0:1', 5678, 0, 0): b' 3218,1,0,256,0,6,0,0,4,0,0,0,10,1136,11815,3816,0,0 '
Received from ('fd00::200:0:0:6', 8765, 0, 0): b' 3217,6,2,768,0,330,8,6,7,1,4,-52,1,918,8485,100,1,5 '
Received from ('fd00::200:0:0:e', 8765, 0, 0): b' 3217,14,11,1280,10,756,6,8,7,1,2,-70,0,410,6396,184,0,0 '
Received from ('fd00::200:0:0:4', 8765, 0, 0): b' 3218,4,1,512,10,750,7,3,7,1,1,-66,0,663,12869,215,0,0 '
Received from ('fd00::200:0:0:15', 8765, 0, 0): b' 3220,21,16,1536,0,773,8,7,5,1,3,-70,0,587,9290,190,0,0 '
Received from ('fd00::200:0:0:14', 8765, 0, 0): b' 3220,20,16,1536,0,794,8,5,7,1,3,-52,0,670,7799,196,0,0 '
Received from ('fd00::200:0:0:5', 8765, 0, 0): b' 3220,5,1,512,10,730,7,1,6,2,1,-94,10,3917,24940,215,0,0 '
Received from ('fd00::200:0:0:c', 8765, 0, 0): b' 3222,12,8,1024,0,354,8,20,7,1,4,-52,3,934,8698,112,1,5 '
Received from ('fd00::200:0:0:10', 8765, 0, 0): b' 3221,16,11,1280,0,719,8,18,7,1,3,-70,2,2148,18727,181,0,0 '
Received from ('fd00::200:0:0:6', 8765, 0, 0): b' 3221,6,2,768,0,330,8,6,7,1,4,-52,1,336,6014,100,1,5 '
Received from ('fd00::200:0:0:13', 8765, 0, 0): b' 3222,19,15,1536,0,762,8,6,7,1,2,-52,0,418,5144,195,0,0 '
Received from ('fd00::200:0:0:8', 8765, 0, 0): b' 3222,8,5,768,30,740,5,13,7,1,1,-70,9,3896,27907,211,0,0 '
Received from ('fd00::200:0:0:f', 8765, 0, 0): b' 3223,15,12,1280,0,711,8,17,7,1,3,-70,2,1511,13772,207,0,0 '
Received from ('fd00::200:0:0:4', 8765, 0, 0): b' 3223,4,1,512,0,751,7,3,7,1,1,-66,0,460,6704,216,0,0 '
Received from ('fd00::200:0:0:3', 8765, 0, 0): b' 3223,3,1,512,20,743,7,2,7,1,1,-64,5,566,8144,214,0,0 '
Received from ('fd00::200:0:0:7', 8765, 0, 0): b' 3223,7,2,768,20,768,9,11,7,1,2,-70,5,924,9463,209,0,0 '
Received from ('fd00::200:0:0:b', 8765, 0, 0): b' 3223,11,8,1024,10,711,3,29,7,1,1,-70,6,1620,12579,173,0,0 '
Received from ('fd00::200:0:0:a', 8765, 0, 0): b' 3224,10,6,1024,0,243,2,4,7,1,1,-52,0,601,8317,90,1,5 '
Received from ('fd00::200:0:0:12', 8765, 0, 0): b' 3226,18,15,1536,0,814,7,5,5,1,1,-70,0,704,9786,198,0,0 '
Received from ('fd00::200:0:0:1', 5678, 0, 0): b' 3225,1,0,256,0,6,0,0,4,0,0,0,10,1792,20109,3823,0,0 '
Received from ('fd00::200:0:0:14', 8765, 0, 0): b' 3225,20,16,1536,10,796,8,5,7,1,3,-52,0,469,4994,196,0,0 '
Received from ('fd00::200:0:0:8', 8765, 0, 0): b' 3226,8,5,768,10,741,5,13,7,1,1,-70,10,1359,10922,211,0,0 '
Received from ('fd00::200:0:0:2', 8765, 0, 0): b' 3228,2,1,512,0,708,7,1,6,1,1,-88,7,2529,23252,215,0,0 '
Received from ('fd00::200:0:0:e', 8765, 0, 0): b' 3228,14,11,1280,0,758,6,8,7,1,2,-70,0,802,10323,185,0,0 '
Received from ('fd00::200:0:0:3', 8765, 0, 0): b' 3228,3,1,512,0,745,7,2,7,1,1,-64,5,598,6342,214,0,0 '
Received from ('fd00::200:0:0:15', 8765, 0, 0): b' 3228,21,16,1536,0,773,8,7,5,1,3,-70,0,424,8080,190,0,0 '
Received from ('fd00::200:0:0:7', 8765, 0, 0): b' 3228,7,2,768,0,769,9,11,7,1,2,-70,5,372,5952,209,0,0 '
Received from ('fd00::200:0:0:5', 8765, 0, 0): b' 3229,5,1,512,0,732,7,1,6,2,1,-94,10,2864,19208,215,0,0 '
Received from ('fd00::200:0:0:10', 8765, 0, 0): b' 3230,16,11,1280,10,723,8,18,7,1,3,-70,2,1365,13707,181,0,0 '
Received from ('fd00::200:0:0:c', 8765, 0, 0): b' 3232,12,8,1024,0,356,8,21,7,1,4,-52,3,1469,13814,112,1,5 '
Received from ('fd00::200:0:0:a', 8765, 0, 0): b' 3230,10,6,1024,0,247,2,4,7,1,1,-52,0,779,8931,91,1,5 '
Received from ('fd00::200:0:0:f', 8765, 0, 0): b' 3233,15,12,1280,0,714,8,17,7,1,3,-70,2,1526,16624,208,0,0 '
Received from ('fd00::200:0:0:13', 8765, 0, 0): b' 3233,19,15,1536,0,763,8,6,7,1,2,-52,0,611,10166,196,0,0 '
Received from ('fd00::200:0:0:6', 8765, 0, 0): b' 3232,6,2,768,0,333,8,6,7,1,4,-52,1,1426,16722,101,1,5 '
Received from ('fd00::200:0:0:4', 8765, 0, 0): b' 3233,4,1,512,0,755,7,3,7,1,1,-66,0,843,11922,216,0,0 '
Received from ('fd00::200:0:0:12', 8765, 0, 0): b' 3234,18,15,1536,0,815,7,5,5,1,1,-70,0,483,6861,198,0,0 '
Received from ('fd00::200:0:0:15', 8765, 0, 0): b' 3232,21,16,1536,0,773,8,7,5,1,3,-70,0,215,4147,191,0,0 '
Received from ('fd00::200:0:0:b', 8765, 0, 0): b' 3233,11,8,1024,10,717,3,29,7,1,1,-70,6,2557,19835,174,0,0 '
Received from ('fd00::200:0:0:7', 8765, 0, 0): b' 3234,7,2,768,0,771,9,11,7,1,2,-70,5,736,7272,209,0,0 '
Received from ('fd00::200:0:0:c', 8765, 0, 0): b' 3234,12,8,1024,0,356,8,21,7,1,4,-52,3,842,6726,113,1,5 '
Received from ('fd00::200:0:0:1', 5678, 0, 0): b' 3235,1,0,256,0,6,0,0,4,0,0,0,10,2286,24632,3834,0,0 '
Received from ('fd00::200:0:0:8', 8765, 0, 0): b' 3234,8,5,768,20,743,5,13,7,1,1,-70,10,3050,21431,212,0,0 '
Received from ('fd00::200:0:0:14', 8765, 0, 0): b' 3235,20,16,1536,0,798,8,5,7,1,3,-52,0,689,9306,197,0,0 '
Received from ('fd00::200:0:0:a', 8765, 0, 0): b' 3236,10,6,1024,0,248,2,4,7,1,1,-52,0,468,6898,91,1,5 '
Received from ('fd00::200:0:0:10', 8765, 0, 0): b' 3236,16,11,1280,0,725,8,18,7,1,3,-70,2,1190,11021,182,0,0 '
Received from ('fd00::200:0:0:e', 8765, 0, 0): b' 3237,14,11,1280,0,765,6,8,7,1,2,-70,0,1230,9456,186,0,0 '
Received from ('fd00::200:0:0:15', 8765, 0, 0): b' 3237,21,16,1536,0,773,8,7,5,1,3,-70,0,255,4512,191,0,0 '
Received from ('fd00::200:0:0:2', 8765, 0, 0): b' 3238,2,1,512,10,709,7,1,6,1,1,-88,7,2108,21427,216,0,0 '
Received from ('fd00::200:0:0:f', 8765, 0, 0): b' 3239,15,12,1280,0,716,8,17,7,1,3,-70,2,1133,10571,208,0,0 '
Received from ('fd00::200:0:0:12', 8765, 0, 0): b' 3241,18,15,1536,0,818,7,5,5,1,1,-70,0,680,7506,199,0,0 '
Received from ('fd00::200:0:0:3', 8765, 0, 0): b' 3240,3,1,512,10,747,7,2,7,1,1,-64,5,710,14023,215,0,0 '
Received from ('fd00::200:0:0:6', 8765, 0, 0): b' 3239,6,2,768,0,334,8,6,7,1,4,-52,1,723,11376,101,1,5 '
Received from ('fd00::200:0:0:5', 8765, 0, 0): b' 3241,5,1,512,10,735,7,1,6,2,1,-94,10,4149,27774,216,0,0 '
Received from ('fd00::200:0:0:8', 8765, 0, 0): b' 3239,8,5,768,10,746,5,13,7,1,1,-70,10,2164,13703,212,0,0 '
Received from ('fd00::200:0:0:1', 5678, 0, 0): b' 3241,1,0,256,0,6,0,0,4,0,0,0,10,1310,16329,3840,0,0 '
Received from ('fd00::200:0:0:c', 8765, 0, 0): b' 3239,12,8,1024,0,357,8,21,7,1,4,-52,3,985,9682,113,1,5 '
Received from ('fd00::200:0:0:13', 8765, 0, 0): b' 3243,19,15,1536,0,764,8,6,7,1,2,-52,0,532,10072,196,0,0 '
Received from ('fd00::200:0:0:e', 8765, 0, 0): b' 3243,14,11,1280,10,766,6,8,7,1,2,-70,0,281,5719,186,0,0 '
Received from ('fd00::200:0:0:b', 8765, 0, 0): b' 3242,11,8,1024,0,719,3,30,7,1,1,-70,7,2184,17694,174,0,0 '
Received from ('fd00::200:0:0:f', 8765, 0, 0): b' 3244,15,12,1280,0,716,8,17,7,1,3,-70,2,897,8791,208,0,0 '
Received from ('fd00::200:0:0:2', 8765, 0, 0): b' 3245,2,1,512,20,710,7,1,6,1,1,-88,7,1096,12253,217,0,0 '
Received from ('fd00::200:0:0:4', 8765, 0, 0): b' 3244,4,1,512,10,760,7,3,7,1,1,-66,0,1026,14096,217,0,0 '
Received from ('fd00::200:0:0:14', 8765, 0, 0): b' 3244,20,16,1536,0,799,8,5,7,1,3,-52,0,484,8348,198,0,0 '
Received from ('fd00::200:0:0:a', 8765, 0, 0): b' 3243,10,6,1024,0,252,2,4,7,1,1,-52,0,904,9333,92,1,5 '
Received from ('fd00::200:0:0:1', 5678, 0, 0): b' 3246,1,0,256,0,6,0,0,4,0,0,0,10,964,11094,3846,0,0 '
Received from ('fd00::200:0:0:7', 8765, 0, 0): b' 3245,7,2,768,0,774,9,11,7,1,2,-70,5,821,13990,210,0,0 '
Received from ('fd00::200:0:0:8', 8765, 0, 0): b' 3245,8,5,768,10,747,5,13,7,1,1,-70,10,1902,14489,213,0,0 '
Received from ('fd00::200:0:0:6', 8765, 0, 0): b' 3246,6,2,768,0,336,8,6,7,1,4,-52,1,1064,12121,102,1,5 '
Received from ('fd00::200:0:0:10', 8765, 0, 0): b' 3247,16,11,1280,0,727,8,18,7,1,3,-70,3,1703,18174,182,0,0 '
Received from ('fd00::200:0:0:4', 8765, 0, 0): b' 3248,4,1,512,10,761,7,3,7,1,1,-66,0,362,5125,217,0,0 '
Received from ('fd00::200:0:0:2', 8765, 0, 0): b' 3249,2,1,512,0,710,7,1,6,1,1,-88,7,1180,9489,217,0,0 '
Received from ('fd00::200:0:0:15', 8765, 0, 0): b' 3249,21,16,1536,0,780,8,7,5,1,3,-70,0,1140,12060,192,0,0 '
Received from ('fd00::200:0:0:3', 8765, 0, 0): b' 3250,3,1,512,0,748,7,2,7,1,1,-64,5,605,12042,216,0,0 '
Received from ('fd00::200:0:0:d', 8765, 0, 0): b' 3220,13,9,1024,20,12,3,2,6,1,2,-52,0,421,9157,12,0,0 '
Received from ('fd00::200:0:0:8', 8765, 0, 0): b' 3250,8,5,768,30,748,5,13,7,1,1,-70,10,1712,12499,213,0,0 '
Received from ('fd00::200:0:0:5', 8765, 0, 0): b' 3252,5,1,512,0,736,7,1,6,2,1,-94,10,3466,24961,217,0,0 '
Received from ('fd00::200:0:0:12', 8765, 0, 0): b' 3252,18,15,1536,10,822,7,5,5,1,1,-70,0,852,10466,199,0,0 '
Received from ('fd00::200:0:0:7', 8765, 0, 0): b' 3252,7,2,768,0,777,9,11,7,1,2,-70,5,906,8794,210,0,0 '
Received from ('fd00::200:0:0:d', 8765, 0, 0): b' 3224,13,8,1152,40,13,4,2,6,0,3,-70,0,890,5257,12,0,0 '
Received from ('fd00::200:0:0:d', 8765, 0, 0): b' 3231,13,8,1152,40,14,5,2,6,0,3,-70,0,649,7715,12,0,0 '
Received from ('fd00::200:0:0:1', 5678, 0, 0): b' 3253,1,0,256,0,6,0,0,4,0,0,0,10,1505,19380,3854,0,0 '
Received from ('fd00::200:0:0:2', 8765, 0, 0): b' 3252,2,1,512,0,710,7,1,6,1,1,-88,7,680,8289,217,0,0 '
Received from ('fd00::200:0:0:a', 8765, 0, 0): b' 3252,10,6,1024,0,253,2,4,7,1,1,-52,0,516,10447,92,1,5 '
Received from ('fd00::200:0:0:d', 8765, 0, 0): b' 3236,13,8,1152,60,14,5,2,6,0,3,-70,0,229,4129,13,0,0 '
Received from ('fd00::200:0:0:10', 8765, 0, 0): b' 3252,16,11,1280,0,728,8,18,7,1,3,-70,3,723,7924,183,0,0 '
Received from ('fd00::200:0:0:d', 8765, 0, 0): b' 3243,13,8,1152,70,15,5,2,6,0,3,-70,0,486,7164,13,0,0 '
Received from ('fd00::200:0:0:c', 8765, 0, 0): b' 3251,12,8,1024,0,359,8,22,7,1,4,-52,3,1645,15436,114,1,5 '
Received from ('fd00::200:0:0:d', 8765, 0, 0): b' 3248,13,8,1152,80,15,5,2,6,0,3,-70,0,245,4847,13,0,0 '
Received from ('fd00::200:0:0:3', 8765, 0, 0): b' 3256,3,1,512,10,749,7,2,7,1,1,-64,5,384,7508,216,0,0 '
Received from ('fd00::200:0:0:f', 8765, 0, 0): b' 3254,15,12,1280,10,717,8,17,7,1,3,-70,2,1271,15682,209,0,0 '
Received from ('fd00::200:0:0:e', 8765, 0, 0): b' 3254,14,11,1280,0,771,6,8,7,1,2,-70,0,1123,11123,187,0,0 '
Received from ('fd00::200:0:0:13', 8765, 0, 0): b' 3254,19,15,1536,10,766,8,6,7,1,2,-52,0,491,9589,197,0,0 '
Received from ('fd00::200:0:0:b', 8765, 0, 0): b' 3253,11,8,1024,0,720,3,30,7,1,1,-70,7,2177,19465,175,0,0 '
Received from ('fd00::200:0:0:4', 8765, 0, 0): b' 3257,4,1,512,0,765,7,3,7,1,1,-66,0,822,11401,218,0,0 '
Received from ('fd00::200:0:0:14', 8765, 0, 0): b' 3255,20,16,1536,0,800,8,5,7,1,3,-52,0,531,10296,198,0,0 '
Received from ('fd00::200:0:0:d', 8765, 0, 0): b' 3256,13,8,1024,0,16,5,2,6,1,3,-70,0,1138,7596,14,0,0 '
Received from ('fd00::200:0:0:7', 8765, 0, 0): b' 3258,7,2,768,0,780,9,11,7,1,2,-70,5,676,7808,211,0,0 '
Received from ('fd00::200:0:0:8', 8765, 0, 0): b' 3258,8,5,768,30,750,5,13,7,1,1,-70,10,3368,20515,213,0,0 '
Received from ('fd00::200:0:0:1', 5678, 0, 0): b' 3259,1,0,256,0,6,0,0,4,0,0,0,10,1558,16368,3861,0,0 '
Received from ('fd00::200:0:0:2', 8765, 0, 0): b' 3259,2,1,512,10,711,7,1,6,1,1,-88,7,1267,12230,218,0,0 '
Received from ('fd00::200:0:0:15', 8765, 0, 0): b' 3257,21,16,1536,0,781,8,7,5,1,3,-70,0,510,6664,192,0,0 '
Received from ('fd00::200:0:0:6', 8765, 0, 0): b' 3258,6,2,768,0,337,8,6,7,1,4,-52,1,1135,17650,102,1,5 '
Received from ('fd00::200:0:0:5', 8765, 0, 0): b' 3260,5,1,512,0,738,7,1,6,2,1,-94,10,3723,21304,217,0,0 '
Received from ('fd00::200:0:0:b', 8765, 0, 0): b' 3258,11,8,1024,10,722,3,30,7,1,1,-70,7,1176,9589,175,0,0 '
Received from ('fd00::200:0:0:12', 8765, 0, 0): b' 3261,18,15,1536,0,823,7,5,5,1,1,-70,0,590,8786,200,0,0 '
Received from ('fd00::200:0:0:e', 8765, 0, 0): b' 3260,14,11,1280,0,773,6,8,7,1,2,-70,0,496,5774,187,0,0 '
Received from ('fd00::200:0:0:13', 8765, 0, 0): b' 3261,19,15,1536,0,768,8,6,7,1,2,-52,0,722,7587,197,0,0 '
Received from ('fd00::200:0:0:7', 8765, 0, 0): b' 3262,7,2,768,0,780,9,11,7,1,2,-70,5,156,4825,211,0,0 '
Received from ('fd00::200:0:0:15', 8765, 0, 0): b' 3261,21,16,1536,0,782,8,7,5,1,3,-70,0,501,4925,193,0,0 '
Received from ('fd00::200:0:0:d', 8765, 0, 0): b' 3260,13,8,1024,0,17,5,2,6,1,3,-70,0,354,4244,14,0,0 '
Received from ('fd00::200:0:0:2', 8765, 0, 0): b' 3263,2,1,512,0,711,7,1,6,1,1,-88,7,923,8265,218,0,0 '
Received from ('fd00::200:0:0:c', 8765, 0, 0): b' 3260,12,8,1024,10,359,8,22,7,1,4,-52,3,1291,12405,114,1,5 '
Received from ('fd00::200:0:0:a', 8765, 0, 0): b' 3263,10,6,1024,0,260,2,4,7,1,1,-52,0,1382,14756,93,1,5 '
Received from ('fd00::200:0:0:10', 8765, 0, 0): b' 3264,16,11,1280,0,728,8,18,7,1,3,-70,3,1793,19818,183,0,0 '
Received from ('fd00::200:0:0:e', 8765, 0, 0): b' 3266,14,11,1280,0,774,6,8,7,1,2,-70,0,386,5429,187,0,0 '
Received from ('fd00::200:0:0:5', 8765, 0, 0): b' 3266,5,1,512,10,739,7,1,6,2,1,-94,10,2421,14832,218,0,0 '
Received from ('fd00::200:0:0:3', 8765, 0, 0): b' 3266,3,1,512,0,752,7,2,7,1,1,-64,5,842,13435,217,0,0 '
Received from ('fd00::200:0:0:12', 8765, 0, 0): b' 3268,18,15,1536,0,824,7,5,5,1,1,-70,0,386,6256,200,0,0 '
Received from ('fd00::200:0:0:7', 8765, 0, 0): b' 3267,7,2,768,0,781,9,11,7,1,2,-70,5,481,6023,211,0,0 '
Received from ('fd00::200:0:0:b', 8765, 0, 0): b' 3265,11,8,1024,20,722,3,30,7,1,1,-70,7,1371,12377,176,0,0 '
Received from ('fd00::200:0:0:14', 8765, 0, 0): b' 3266,20,16,1536,0,805,8,5,7,1,3,-52,0,1100,11325,199,0,0 '
Received from ('fd00::200:0:0:6', 8765, 0, 0): b' 3267,6,2,768,0,341,8,6,7,1,4,-52,1,1365,15605,103,1,5 '
Received from ('fd00::200:0:0:8', 8765, 0, 0): b' 3267,8,5,768,30,751,5,13,7,1,1,-70,10,3840,25325,214,0,0 '
Received from ('fd00::200:0:0:4', 8765, 0, 0): b' 3268,4,1,512,0,769,7,3,7,1,1,-66,0,868,13855,218,0,0 '
Received from ('fd00::200:0:0:13', 8765, 0, 0): b' 3268,19,15,1536,0,769,8,6,7,1,2,-52,0,442,6227,198,0,0 '
Received from ('fd00::200:0:0:15', 8765, 0, 0): b' 3267,21,16,1536,0,782,8,7,5,1,3,-70,0,279,5377,193,0,0 '
Received from ('fd00::200:0:0:c', 8765, 0, 0): b' 3268,12,8,1024,0,361,8,23,7,1,4,-52,3,1349,12437,115,1,5 '
Received from ('fd00::200:0:0:d', 8765, 0, 0): b' 3269,13,8,1024,0,18,5,2,6,1,3,-70,0,481,8426,15,0,0 '
Received from ('fd00::200:0:0:1', 5678, 0, 0): b' 3270,1,0,256,0,6,0,0,4,0,0,0,10,2642,29479,3876,0,0 '
Received from ('fd00::200:0:0:2', 8765, 0, 0): b' 3270,2,1,512,0,712,7,1,6,1,1,-88,7,1305,13814,218,0,0 '
Received from ('fd00::200:0:0:f', 8765, 0, 0): b' 3268,15,12,1280,0,723,8,17,7,1,3,-70,2,2200,20377,210,0,0 '
Received from ('fd00::200:0:0:10', 8765, 0, 0): b' 3271,16,11,1280,0,732,8,18,7,1,3,-70,3,1368,12113,184,0,0 '
Received from ('fd00::200:0:0:5', 8765, 0, 0): b' 3272,5,1,512,20,739,7,1,6,2,1,-94,10,2140,14501,218,0,0 '
Received from ('fd00::200:0:0:e', 8765, 0, 0): b' 3273,14,11,1280,10,777,6,8,7,1,2,-70,0,656,7122,188,0,0 '
Received from ('fd00::200:0:0:a', 8765, 0, 0): b' 3272,10,6,1024,0,264,2,4,7,1,1,-52,0,906,10745,94,1,5 '
Received from ('fd00::200:0:0:13', 8765, 0, 0): b' 3274,19,15,1536,0,771,8,6,7,1,2,-52,0,493,5930,198,0,0 '
Received from ('fd00::200:0:0:b', 8765, 0, 0): b' 3271,11,8,1024,10,723,3,30,7,1,1,-70,7,1290,10711,176,0,0 '
Received from ('fd00::200:0:0:15', 8765, 0, 0): b' 3273,21,16,1536,0,783,8,7,5,1,3,-70,0,483,6027,193,0,0 '
Received from ('fd00::200:0:0:3', 8765, 0, 0): b' 3274,3,1,512,0,756,7,2,7,1,1,-64,5,723,9938,217,0,0 '
Received from ('fd00::200:0:0:14', 8765, 0, 0): b' 3274,20,16,1536,10,810,8,5,7,1,3,-52,0,964,8038,200,0,0 '
Received from ('fd00::200:0:0:f', 8765, 0, 0): b' 3272,15,12,1280,10,723,8,17,7,1,3,-70,2,506,6759,210,0,0 '
Received from ('fd00::200:0:0:8', 8765, 0, 0): b' 3275,8,5,768,0,753,5,13,7,1,1,-70,10,3182,21560,215,0,0 '
Received from ('fd00::200:0:0:12', 8765, 0, 0): b' 3279,18,15,1536,0,829,7,5,5,1,1,-70,0,1039,11226,201,0,0 '
Received from ('fd00::200:0:0:7', 8765, 0, 0): b' 3278,7,2,768,0,785,9,11,7,1,2,-70,5,1132,14314,212,0,0 '
Received from ('fd00::200:0:0:13', 8765, 0, 0): b' 3279,19,15,1536,0,774,8,6,7,1,2,-52,0,656,5661,199,0,0 '
Received from ('fd00::200:0:0:6', 8765, 0, 0): b' 3280,6,2,768,0,343,8,6,7,1,4,-52,1,1266,18375,104,1,5 '
Received from ('fd00::200:0:0:f', 8765, 0, 0): b' 3277,15,12,1280,0,725,8,17,7,1,3,-70,2,1189,9038,211,0,0 '
Received from ('fd00::200:0:0:4', 8765, 0, 0): b' 3280,4,1,512,0,775,7,3,7,1,1,-66,0,1133,14899,219,0,0 '
Received from ('fd00::200:0:0:10', 8765, 0, 0): b' 3280,16,11,1280,0,738,8,18,7,1,3,-70,3,2081,16053,184,0,0 '
Received from ('fd00::200:0:0:2', 8765, 0, 0): b' 3281,2,1,512,10,716,7,1,6,1,1,-88,7,2229,21376,219,0,0 '
Received from ('fd00::200:0:0:8', 8765, 0, 0): b' 3280,8,5,768,20,755,5,13,7,1,1,-70,10,1769,12334,215,0,0 '
Received from ('fd00::200:0:0:d', 8765, 0, 0): b' 3280,13,8,1024,0,19,5,2,6,1,3,-70,0,522,10097,15,0,0 '
Received from ('fd00::200:0:0:e', 8765, 0, 0): b' 3281,14,11,1280,0,780,6,8,7,1,2,-70,0,802,8328,189,0,0 '
Received from ('fd00::200:0:0:a', 8765, 0, 0): b' 3281,10,6,1024,0,266,2,4,7,1,1,-52,0,819,10475,94,1,5 '
Received from ('fd00::200:0:0:c', 8765, 0, 0): b' 3280,12,8,1024,0,364,8,23,7,1,4,-52,3,2137,17244,116,1,5 '
Received from ('fd00::200:0:0:1', 5678, 0, 0): b' 3282,1,0,256,0,6,0,0,4,0,0,0,10,2788,31456,3889,0,0 '
Received from ('fd00::200:0:0:14', 8765, 0, 0): b' 3281,20,16,1536,0,812,8,5,7,1,3,-52,0,512,6376,200,0,0 '
Received from ('fd00::200:0:0:5', 8765, 0, 0): b' 3284,5,1,512,10,740,7,1,6,2,1,-94,10,4063,26269,219,0,0 '
Received from ('fd00::200:0:0:15', 8765, 0, 0): b' 3281,21,16,1536,0,784,8,7,5,1,3,-70,0,466,8068,194,0,0 '
Received from ('fd00::200:0:0:b', 8765, 0, 0): b' 3283,11,8,1024,0,727,3,30,7,1,1,-70,7,2726,19711,177,0,0 '
Received from ('fd00::200:0:0:12', 8765, 0, 0): b' 3285,18,15,1536,0,829,7,5,5,1,1,-70,0,338,5873,202,0,0 '
Received from ('fd00::200:0:0:3', 8765, 0, 0): b' 3284,3,1,512,0,758,7,2,7,1,1,-64,5,710,13219,218,0,0 '
Received from ('fd00::200:0:0:2', 8765, 0, 0): b' 3286,2,1,512,0,718,7,1,6,1,1,-88,7,1232,10984,219,0,0 '
Received from ('fd00::200:0:0:8', 8765, 0, 0): b' 3285,8,5,768,0,756,5,13,7,1,1,-70,10,1879,12821,215,0,0 '
Received from ('fd00::200:0:0:c', 8765, 0, 0): b' 3285,12,8,1024,0,366,8,23,7,1,4,-52,3,854,7201,116,1,5 '
Received from ('fd00::200:0:0:13', 8765, 0, 0): b' 3286,19,15,1536,0,780,8,6,7,1,2,-52,0,953,10005,199,0,0 '
Received from ('fd00::200:0:0:7', 8765, 0, 0): b' 3289,7,2,768,0,788,9,11,7,1,2,-70,5,829,12669,213,0,0 '
Received from ('fd00::200:0:0:b', 8765, 0, 0): b' 3288,11,8,1024,10,729,3,30,7,1,1,-70,7,840,8470,177,0,0 '
Received from ('fd00::200:0:0:5', 8765, 0, 0): b' 3289,5,1,512,0,741,7,1,6,2,1,-94,10,1823,13843,219,0,0 '
Received from ('fd00::200:0:0:a', 8765, 0, 0): b' 3288,10,6,1024,0,269,2,5,7,1,1,-52,0,706,8719,95,1,5 '
Received from ('fd00::200:0:0:10', 8765, 0, 0): b' 3287,16,11,1280,10,743,8,18,7,1,3,-70,3,1848,14303,185,0,0 '
Received from ('fd00::200:0:0:3', 8765, 0, 0): b' 3290,3,1,512,0,760,7,2,7,1,1,-64,5,491,6485,218,0,0 '
Received from ('fd00::200:0:0:15', 8765, 0, 0): b' 3287,21,16,1536,0,785,8,7,5,1,3,-70,0,386,5777,194,0,0 '
Received from ('fd00::200:0:0:4', 8765, 0, 0): b' 3290,4,1,512,0,783,7,3,7,1,1,-66,0,1372,13699,220,0,0 '
Received from ('fd00::200:0:0:8', 8765, 0, 0): b' 3290,8,5,768,30,757,5,13,7,1,1,-70,10,1746,12456,216,0,0 '
Received from ('fd00::200:0:0:6', 8765, 0, 0): b' 3291,6,2,768,0,348,8,6,7,1,4,-52,1,1858,18504,105,1,5 '
Received from ('fd00::200:0:0:e', 8765, 0, 0): b' 3290,14,11,1280,0,784,6,8,7,1,2,-70,0,846,9763,189,0,0 '
Received from ('fd00::200:0:0:f', 8765, 0, 0): b' 3288,15,12,1280,0,731,8,17,7,1,3,-70,2,1940,18999,212,0,0 '
Received from ('fd00::200:0:0:14', 8765, 0, 0): b' 3290,20,16,1536,0,816,8,5,7,1,3,-52,0,903,10403,201,0,0 '
Received from ('fd00::200:0:0:d', 8765, 0, 0): b' 3291,13,8,1024,0,20,5,2,6,1,3,-70,0,716,10046,16,0,0 '
Received from ('fd00::200:0:0:2', 8765, 0, 0): b' 3293,2,1,512,0,721,7,1,6,1,1,-88,7,1769,15845,220,0,0 '
Received from ('fd00::200:0:0:1', 5678, 0, 0): b' 3294,1,0,256,0,6,0,0,4,0,0,0,10,2729,30116,3902,0,0 '
Received from ('fd00::200:0:0:15', 8765, 0, 0): b' 3293,21,16,1536,0,786,8,7,5,1,3,-70,0,442,5611,195,0,0 '
Received from ('fd00::200:0:0:5', 8765, 0, 0): b' 3295,5,1,512,10,743,7,1,6,2,1,-94,10,2526,15654,220,0,0 '
Received from ('fd00::200:0:0:12', 8765, 0, 0): b' 3290,18,15,1536,0,831,7,5,5,1,1,-70,0,848,9225,202,0,0 '
Received from ('fd00::200:0:0:f', 8765, 0, 0): b' 3294,15,12,1280,0,733,8,17,7,1,3,-70,2,1111,10606,212,0,0 '
Received from ('fd00::200:0:0:a', 8765, 0, 0): b' 3297,10,6,1024,10,272,2,5,7,1,1,-52,0,647,10393,95,1,5 '
Received from ('fd00::200:0:0:10', 8765, 0, 0): b' 3296,16,11,1280,0,746,8,18,7,1,3,-70,3,1687,14973,186,0,0 '
Received from ('fd00::200:0:0:e', 8765, 0, 0): b' 3297,14,11,1280,0,787,6,8,7,1,2,-70,0,656,6620,190,0,0 '
Received from ('fd00::200:0:0:8', 8765, 0, 0): b' 3298,8,5,768,40,761,5,13,7,1,1,-70,10,3278,21106,216,0,0 '
Received from ('fd00::200:0:0:c', 8765, 0, 0): b' 3297,12,8,1024,10,368,8,24,7,1,4,-52,3,1937,17392,117,1,5 '
Received from ('fd00::200:0:0:1', 5678, 0, 0): b' 3300,1,0,256,0,6,0,0,4,0,0,0,10,1447,15780,3912,0,0 '
Received from ('fd00::200:0:0:b', 8765, 0, 0): b' 3298,11,8,1024,0,730,3,30,7,1,1,-70,7,2389,18142,178,0,0 '
Received from ('fd00::200:0:0:7', 8765, 0, 0): b' 3300,7,2,768,0,793,9,11,7,1,2,-70,5,1129,13861,214,0,0 '
Received from ('fd00::200:0:0:4', 8765, 0, 0): b' 3300,4,1,512,0,788,7,3,7,1,1,-66,0,1009,12247,221,0,0 '
Received from ('fd00::200:0:0:13', 8765, 0, 0): b' 3296,19,15,1536,0,782,8,6,7,1,2,-52,0,695,9466,200,0,0 '
Received from ('fd00::200:0:0:15', 8765, 0, 0): b' 3298,21,16,1536,0,788,8,7,5,1,3,-70,0,493,5642,195,0,0 '
Received from ('fd00::200:0:0:2', 8765, 0, 0): b' 3301,2,1,512,0,724,7,1,6,1,1,-88,7,1560,14838,220,0,0 '
Received from ('fd00::200:0:0:d', 8765, 0, 0): b' 3298,13,8,1024,0,21,5,2,6,1,3,-70,0,555,8162,17,0,0 '
Received from ('fd00::200:0:0:3', 8765, 0, 0): b' 3302,3,1,512,0,764,7,2,7,1,1,-64,5,924,14111,219,0,0 '
Received from ('fd00::200:0:0:6', 8765, 0, 0): b' 3303,6,2,768,10,352,8,6,7,1,4,-52,1,1531,18907,105,1,5 '
Received from ('fd00::200:0:0:14', 8765, 0, 0): b' 3302,20,16,1536,0,821,8,5,7,1,3,-52,0,984,11792,201,0,0 '
Received from ('fd00::200:0:0:12', 8765, 0, 0): b' 3300,18,15,1536,0,835,7,5,5,1,1,-70,0,811,10147,203,0,0 '
Received from ('fd00::200:0:0:a', 8765, 0, 0): b' 3303,10,6,1024,10,274,2,5,7,1,1,-52,0,637,8298,96,1,5 '
Received from ('fd00::200:0:0:e', 8765, 0, 0): b' 3303,14,11,1280,0,789,6,8,7,1,2,-70,0,493,6276,190,0,0 '
Received from ('fd00::200:0:0:1', 5678, 0, 0): b' 3306,1,0,256,0,6,0,0,4,0,0,0,10,1500,15753,3917,0,0 '
Received from ('fd00::200:0:0:2', 8765, 0, 0): b' 3306,2,1,512,0,727,7,1,6,1,1,-88,7,1405,11335,221,0,0 '
Received from ('fd00::200:0:0:5', 8765, 0, 0): b' 3306,5,1,512,10,745,7,1,6,1,1,-94,10,3524,24473,220,0,0 '
Received from ('fd00::200:0:0:8', 8765, 0, 0): b' 3305,8,5,768,20,762,5,13,7,1,1,-70,10,2372,18776,217,0,0 '
Received from ('fd00::200:0:0:c', 8765, 0, 0): b' 3306,12,8,1024,0,369,8,24,7,1,4,-52,4,1232,11927,117,1,5 '
Received from ('fd00::200:0:0:f', 8765, 0, 0): b' 3304,15,12,1280,10,733,8,17,7,1,3,-70,2,1150,15261,213,0,0 '
Received from ('fd00::200:0:0:7', 8765, 0, 0): b' 3309,7,2,768,0,795,9,11,7,1,2,-70,5,667,10270,214,0,0 '
Received from ('fd00::200:0:0:13', 8765, 0, 0): b' 3305,19,15,1536,0,784,8,6,7,1,2,-52,0,517,8156,200,0,0 '
Received from ('fd00::200:0:0:a', 8765, 0, 0): b' 3308,10,6,1024,0,276,2,5,7,1,1,-52,0,478,5320,96,1,5 '
Received from ('fd00::200:0:0:10', 8765, 0, 0): b' 3307,16,11,1280,0,750,8,18,7,1,3,-70,3,1899,18386,186,0,0 '
Received from ('fd00::200:0:0:3', 8765, 0, 0): b' 3310,3,1,512,0,767,7,2,7,1,1,-64,5,721,11301,220,0,0 '
Received from ('fd00::200:0:0:4', 8765, 0, 0): b' 3310,4,1,512,0,788,7,3,7,1,1,-66,0,423,11562,221,0,0 '
Received from ('fd00::200:0:0:12', 8765, 0, 0): b' 3306,18,15,1536,0,836,7,5,5,1,1,-70,0,387,5281,203,0,0 '
Received from ('fd00::200:0:0:b', 8765, 0, 0): b' 3308,11,8,1024,0,735,3,30,7,1,1,-70,7,2557,21060,179,0,0 '
Received from ('fd00::200:0:0:d', 8765, 0, 0): b' 3309,13,8,1024,0,21,5,2,7,1,3,-70,0,422,9702,17,0,0 '
Received from ('fd00::200:0:0:1', 5678, 0, 0): b' 3313,1,0,256,0,6,0,0,4,0,0,0,10,1563,17131,3925,0,0 '
Received from ('fd00::200:0:0:15', 8765, 0, 0): b' 3309,21,16,1536,0,789,8,7,5,1,3,-70,0,611,10956,196,0,0 '
Received from ('fd00::200:0:0:6', 8765, 0, 0): b' 3314,6,2,768,10,356,8,6,7,1,4,-52,1,1487,16794,106,1,5 '
Received from ('fd00::200:0:0:14', 8765, 0, 0): b' 3310,20,16,1536,0,823,8,5,7,1,3,-52,0,671,7594,202,0,0 '
Received from ('fd00::200:0:0:3', 8765, 0, 0): b' 3314,3,1,512,0,767,7,2,7,1,1,-64,5,253,5580,220,0,0 '
Received from ('fd00::200:0:0:a', 8765, 0, 0): b' 3315,10,6,1024,0,279,2,5,7,1,1,-52,0,700,8587,96,1,5 '
Received from ('fd00::200:0:0:f', 8765, 0, 0): b' 3309,15,12,1280,0,736,8,17,7,1,3,-70,2,1283,9413,213,0,0 '
Received from ('fd00::200:0:0:e', 8765, 0, 0): b' 3311,14,11,1280,0,791,6,8,7,1,2,-70,0,573,7753,191,0,0 '
Received from ('fd00::200:0:0:10', 8765, 0, 0): b' 3314,16,11,1280,0,753,8,18,7,1,3,-70,3,1261,12041,187,0,0 '
Received from ('fd00::200:0:0:2', 8765, 0, 0): b' 3316,2,1,512,0,732,7,1,6,1,1,-88,7,2365,20409,221,0,0 '
Received from ('fd00::200:0:0:11', 8765, 0, 0): b' 3267,17,16,1664,70,373,11,1,7,0,6,-52,0,1365,11064,113,0,0 '
Received from ('fd00::200:0:0:5', 8765, 0, 0): b' 3316,5,1,512,30,749,7,1,6,1,1,-94,10,4048,24755,221,0,0 '
Received from ('fd00::200:0:0:11', 8765, 0, 0): b' 3273,17,16,1664,60,376,11,1,7,0,6,-52,0,604,6013,113,0,0 '
Received from ('fd00::200:0:0:8', 8765, 0, 0): b' 3315,8,5,768,0,764,5,13,7,1,1,-70,10,4014,26048,217,0,0 '
Received from ('fd00::200:0:0:c', 8765, 0, 0): b' 3314,12,8,1024,10,370,8,24,7,1,4,-52,4,2336,16782,118,1,5 '
Received from ('fd00::200:0:0:6', 8765, 0, 0): b' 3319,6,2,768,0,358,8,6,7,1,4,-52,1,958,9396,106,1,5 '
Received from ('fd00::200:0:0:11', 8765, 0, 0): b' 3284,17,16,1664,80,377,11,1,7,0,6,-52,0,565,9418,114,0,0 '
Received from ('fd00::200:0:0:11', 8765, 0, 0): b' 3289,17,12,1668,80,378,12,1,7,0,7,-70,0,339,4244,114,0,0 '
Received from ('fd00::200:0:0:4', 8765, 0, 0): b' 3319,4,1,512,0,790,7,3,7,1,1,-66,0,711,12020,222,0,0 '
Received from ('fd00::200:0:0:11', 8765, 0, 0): b' 3297,17,12,1668,90,380,13,1,7,0,7,-70,0,557,7140,114,0,0 '
Received from ('fd00::200:0:0:7', 8765, 0, 0): b' 3319,7,2,768,0,798,9,11,7,1,2,-70,5,943,14696,215,0,0 '
Received from ('fd00::200:0:0:1', 5678, 0, 0): b' 3320,1,0,256,0,6,0,0,4,0,0,0,10,1782,17764,3934,0,0 '
Received from ('fd00::200:0:0:12', 8765, 0, 0): b' 3314,18,15,1536,0,838,7,5,5,1,1,-70,0,670,8198,204,0,0 '
Received from ('fd00::200:0:0:14', 8765, 0, 0): b' 3317,20,16,1536,0,825,8,5,7,1,3,-52,0,517,7845,202,0,0 '
Received from ('fd00::200:0:0:11', 8765, 0, 0): b' 3308,17,12,1924,80,383,13,1,7,0,7,-70,0,1076,9706,115,0,0 '
Received from ('fd00::200:0:0:11', 8765, 0, 0): b' 3316,17,12,1795,60,385,13,1,7,1,7,-70,0,757,7393,115,0,0 '
Received from ('fd00::200:0:0:a', 8765, 0, 0): b' 3323,10,6,1024,0,281,2,5,7,1,1,-52,0,696,9907,97,1,5 '
Received from ('fd00::200:0:0:e', 8765, 0, 0): b' 3319,14,11,1280,0,792,6,8,7,1,2,-70,0,507,7536,191,0,0 '
Received from ('fd00::200:0:0:6', 8765, 0, 0): b' 3322,6,2,768,20,359,8,6,7,1,4,-52,1,442,6454,107,1,5 '
Received from ('fd00::200:0:0:13', 8765, 0, 0): b' 3315,19,15,1536,10,788,8,6,7,1,2,-52,0,825,11467,201,0,0 '
Received from ('fd00::200:0:0:d', 8765, 0, 0): b' 3319,13,8,1024,0,22,5,2,7,1,3,-70,0,578,9988,18,0,0 '
Received from ('fd00::200:0:0:2', 8765, 0, 0): b' 3324,2,1,512,0,734,7,1,6,1,1,-88,7,1844,17073,222,0,0 '
Received from ('fd00::200:0:0:f', 8765, 0, 0): b' 3320,15,12,1280,10,739,8,17,7,1,3,-70,2,712,7285,214,0,0 '
Received from ('fd00::200:0:0:15', 8765, 0, 0): b' 3321,21,16,1536,0,794,8,7,5,1,3,-70,0,1207,12087,197,0,0 '
Received from ('fd00::200:0:0:5', 8765, 0, 0): b' 3325,5,1,512,80,753,7,1,6,2,1,-94,10,4194,24526,222,0,0 '
Received from ('fd00::200:0:0:c', 8765, 0, 0): b' 3321,12,8,1024,0,371,8,24,7,1,4,-52,4,2430,14054,118,1,5 '
Received from ('fd00::200:0:0:14', 8765, 0, 0): b' 3322,20,16,1536,0,827,8,5,7,1,3,-52,0,519,5051,203,0,0 '
Received from ('fd00::200:0:0:3', 8765, 0, 0): b' 3326,3,1,512,10,769,7,2,7,1,1,-64,5,710,13176,221,0,0 '
Received from ('fd00::200:0:0:4', 8765, 0, 0): b' 3326,4,1,512,0,792,7,3,7,1,1,-66,0,485,7731,222,0,0 '
Received from ('fd00::200:0:0:7', 8765, 0, 0): b' 3326,7,2,768,0,799,9,11,7,1,2,-70,5,410,8186,215,0,0 '
Received from ('fd00::200:0:0:1', 5678, 0, 0): b' 3326,1,0,256,0,6,0,0,4,0,0,0,10,1543,15838,3942,0,0 '
Received from ('fd00::200:0:0:11', 8765, 0, 0): b' 3323,17,12,1280,0,388,13,1,7,1,7,-70,0,1363,10618,116,0,0 '
Received from ('fd00::200:0:0:10', 8765, 0, 0): b' 3325,16,11,1280,0,757,8,18,7,1,3,-70,3,2010,18778,187,0,0 '
Received from ('fd00::200:0:0:12', 8765, 0, 0): b' 3323,18,15,1536,0,840,7,5,5,1,1,-70,0,517,7759,204,0,0 '
Received from ('fd00::200:0:0:d', 8765, 0, 0): b' 3324,13,8,1024,0,22,5,2,7,1,3,-70,0,332,4885,19,0,0 '
Received from ('fd00::200:0:0:8', 8765, 0, 0): b' 3326,8,5,768,10,770,5,13,7,2,1,-70,10,6050,32744,218,0,0 '
Received from ('fd00::200:0:0:13', 8765, 0, 0): b' 3326,19,15,1536,0,792,8,6,7,1,2,-52,0,994,9110,202,0,0 '
Received from ('fd00::200:0:0:f', 8765, 0, 0): b' 3327,15,12,1280,10,740,8,17,7,1,3,-70,2,1293,11538,214,0,0 '
Received from ('fd00::200:0:0:14', 8765, 0, 0): b' 3327,20,16,1536,0,828,8,5,7,1,3,-52,0,386,4999,203,0,0 '
Received from ('fd00::200:0:0:15', 8765, 0, 0): b' 3328,21,16,1536,0,796,8,7,5,1,3,-70,0,496,6747,197,0,0 '
Received from ('fd00::200:0:0:e', 8765, 0, 0): b' 3329,14,11,1280,0,794,6,8,7,1,2,-70,0,694,9586,192,0,0 '
Received from ('fd00::200:0:0:5', 8765, 0, 0): b' 3330,5,1,512,0,756,7,1,6,2,1,-94,10,2918,15607,222,0,0 '
Received from ('fd00::200:0:0:7', 8765, 0, 0): b' 3330,7,2,768,0,800,9,11,7,1,2,-70,5,444,5515,216,0,0 '
Received from ('fd00::200:0:0:4', 8765, 0, 0): b' 3330,4,1,512,0,794,7,3,7,1,1,-66,0,677,6473,223,0,0 '
Received from ('fd00::200:0:0:8', 8765, 0, 0): b' 3330,8,5,768,0,771,5,13,7,2,1,-70,10,1268,9890,218,0,0 '
Received from ('fd00::200:0:0:2', 8765, 0, 0): b' 3331,2,1,512,20,736,7,1,6,1,1,-88,7,1322,12803,222,0,0 '
Received from ('fd00::200:0:0:b', 8765, 0, 0): b' 3330,11,8,1024,0,740,3,30,7,1,1,-70,7,2091,17871,180,0,0 '
Received from ('fd00::200:0:0:11', 8765, 0, 0): b' 3329,17,12,1280,0,389,13,1,7,1,7,-70,0,384,5439,116,0,0 '
Received from ('fd00::200:0:0:a', 8765, 0, 0): b' 3331,10,6,1024,0,283,2,5,7,1,1,-52,0,692,11593,98,1,5 '
Received from ('fd00::200:0:0:12', 8765, 0, 0): b' 3331,18,15,1536,0,844,7,5,5,1,1,-70,0,860,7372,205,0,0 '
Received from ('fd00::200:0:0:6', 8765, 0, 0): b' 3332,6,2,768,0,360,8,6,7,1,4,-52,1,1182,15836,107,1,5 '
Received from ('fd00::200:0:0:c', 8765, 0, 0): b' 3332,12,8,1024,0,375,8,24,7,1,4,-52,4,2262,18896,119,1,5 '
Received from ('fd00::200:0:0:15', 8765, 0, 0): b' 3333,21,16,1536,0,800,8,7,5,1,3,-70,0,763,5447,198,0,0 '
Received from ('fd00::200:0:0:1', 5678, 0, 0): b' 3335,1,0,256,0,6,0,0,4,0,0,0,10,2315,23826,3954,0,0 '
Received from ('fd00::200:0:0:3', 8765, 0, 0): b' 3336,3,1,512,10,772,7,2,7,1,1,-64,5,637,12518,221,0,0 '
Received from ('fd00::200:0:0:d', 8765, 0, 0): b' 3335,13,8,1024,0,22,5,2,7,1,3,-70,0,491,9772,19,0,0 '
Received from ('fd00::200:0:0:4', 8765, 0, 0): b' 3337,4,1,512,0,796,7,3,7,1,1,-66,0,490,7827,223,0,0 '
Received from ('fd00::200:0:0:10', 8765, 0, 0): b' 3336,16,11,1280,10,760,8,18,7,1,3,-70,3,1944,20023,188,0,0 '
Received from ('fd00::200:0:0:14', 8765, 0, 0): b' 3336,20,16,1536,0,828,8,5,7,1,3,-52,0,359,7767,204,0,0 '
Received from ('fd00::200:0:0:11', 8765, 0, 0): b' 3335,17,12,1280,0,391,13,1,7,1,7,-70,0,550,6255,117,0,0 '
Received from ('fd00::200:0:0:a', 8765, 0, 0): b' 3337,10,6,1024,0,283,2,5,7,1,1,-52,0,306,7380,98,1,5 '
Received from ('fd00::200:0:0:13', 8765, 0, 0): b' 3337,19,15,1536,0,795,8,6,7,1,2,-52,0,825,10907,203,0,0 '
Received from ('fd00::200:0:0:6', 8765, 0, 0): b' 3338,6,2,768,0,361,8,6,7,1,4,-52,1,675,8803,108,1,5 '
Received from ('fd00::200:0:0:e', 8765, 0, 0): b' 3338,14,11,1280,0,796,6,8,7,1,2,-70,0,638,9177,192,0,0 '
Received from ('fd00::200:0:0:12', 8765, 0, 0): b' 3338,18,15,1536,0,847,7,5,5,1,1,-70,0,624,6946,205,0,0 '
Received from ('fd00::200:0:0:1', 5678, 0, 0): b' 3339,1,0,256,0,6,0,0,4,0,0,0,10,1098,11753,3959,0,0 '
Received from ('fd00::200:0:0:f', 8765, 0, 0): b' 3338,15,12,1280,10,741,8,17,7,1,3,-70,2,1566,18255,215,0,0 '
Received from ('fd00::200:0:0:7', 8765, 0, 0): b' 3339,7,2,768,0,803,9,11,7,1,2,-70,5,743,11348,216,0,0 '
Received from ('fd00::200:0:0:5', 8765, 0, 0): b' 3341,5,1,512,10,760,7,1,6,2,1,-94,10,4164,28985,223,0,0 '
Received from ('fd00::200:0:0:8', 8765, 0, 0): b' 3341,8,5,768,0,774,5,13,7,2,1,-70,10,4281,28216,219,0,0 '
Received from ('fd00::200:0:0:14', 8765, 0, 0): b' 3340,20,16,1536,0,829,8,5,7,1,3,-52,0,362,4341,204,0,0 '
Received from ('fd00::200:0:0:2', 8765, 0, 0): b' 3342,2,1,512,0,737,7,1,6,1,1,-88,7,2251,23008,223,0,0 '
Received from ('fd00::200:0:0:b', 8765, 0, 0): b' 3342,11,8,1024,20,742,3,30,7,1,1,-70,7,2196,19418,181,0,0 '
Received from ('fd00::200:0:0:4', 8765, 0, 0): b' 3343,4,1,512,0,797,7,3,7,1,1,-66,0,383,7636,223,0,0 '
Received from ('fd00::200:0:0:c', 8765, 0, 0): b' 3342,12,8,1024,0,376,8,24,7,1,4,-52,4,1933,16565,120,1,5 '
Received from ('fd00::200:0:0:15', 8765, 0, 0): b' 3341,21,16,1536,0,803,8,7,5,1,3,-70,0,624,7976,198,0,0 '
Received from ('fd00::200:0:0:3', 8765, 0, 0): b' 3345,3,1,512,0,773,7,2,7,1,1,-64,5,605,11461,222,0,0 '
Received from ('fd00::200:0:0:e', 8765, 0, 0): b' 3343,14,11,1280,0,796,6,8,7,1,2,-70,0,335,5255,193,0,0 '
Received from ('fd00::200:0:0:d', 8765, 0, 0): b' 3344,13,8,1024,0,22,5,2,7,1,3,-70,0,356,7971,20,0,0 '
Received from ('fd00::200:0:0:8', 8765, 0, 0): b' 3346,8,5,768,0,776,5,13,7,2,1,-70,10,1734,11548,219,0,0 '
Received from ('fd00::200:0:0:10', 8765, 0, 0): b' 3345,16,11,1280,0,761,8,18,7,1,3,-70,3,1456,14660,189,0,0 '
Received from ('fd00::200:0:0:12', 8765, 0, 0): b' 3345,18,15,1536,0,850,7,5,5,1,1,-70,0,656,6873,206,0,0 '
Received from ('fd00::200:0:0:13', 8765, 0, 0): b' 3346,19,15,1536,10,798,8,6,7,1,2,-52,0,722,8955,203,0,0 '
Received from ('fd00::200:0:0:11', 8765, 0, 0): b' 3348,17,12,1280,0,393,13,1,7,1,7,-70,0,633,9492,117,0,0 '
Received from ('fd00::200:0:0:2', 8765, 0, 0): b' 3349,2,1,512,10,739,7,1,6,1,1,-88,7,1144,13016,223,0,0 '
Received from ('fd00::200:0:0:b', 8765, 0, 0): b' 3349,11,8,1024,10,743,3,30,7,1,1,-70,7,1364,11976,181,0,0 '
Received from ('fd00::200:0:0:f', 8765, 0, 0): b' 3348,15,12,1280,0,745,8,17,7,1,3,-70,2,1845,16215,215,0,0 '
Received from ('fd00::200:0:0:15', 8765, 0, 0): b' 3346,21,16,1536,20,807,8,7,5,1,3,-70,0,683,5470,199,0,0 '
Received from ('fd00::200:0:0:a', 8765, 0, 0): b' 3347,10,6,1024,0,287,2,5,7,1,1,-52,0,1042,12840,99,1,5 '
Received from ('fd00::200:0:0:1', 5678, 0, 0): b' 3350,1,0,256,0,6,0,0,4,0,0,0,10,2226,27251,3973,0,0 '
Received from ('fd00::200:0:0:6', 8765, 0, 0): b' 3349,6,2,768,0,364,8,6,7,1,4,-52,1,1428,18304,109,1,5 '
Received from ('fd00::200:0:0:5', 8765, 0, 0): b' 3350,5,1,512,0,761,7,1,6,2,1,-94,10,3417,23790,223,0,0 '
Received from ('fd00::200:0:0:c', 8765, 0, 0): b' 3350,12,8,1024,0,379,8,24,7,1,4,-52,4,1682,13820,120,1,5 '
Received from ('fd00::200:0:0:14', 8765, 0, 0): b' 3350,20,16,1536,0,832,8,5,7,1,3,-52,0,801,9399,205,0,0 '
Received from ('fd00::200:0:0:7', 8765, 0, 0): b' 3351,7,2,768,0,806,9,11,7,1,2,-70,5,852,15003,217,0,0 '
Received from ('fd00::200:0:0:4', 8765, 0, 0): b' 3351,4,1,512,10,799,7,3,7,1,1,-66,0,580,10777,224,0,0 '
Received from ('fd00::200:0:0:d', 8765, 0, 0): b' 3351,13,8,1024,0,23,5,2,7,1,3,-70,0,672,6828,20,0,0 '
Received from ('fd00::200:0:0:10', 8765, 0, 0): b' 3352,16,11,1280,0,762,8,19,7,1,3,-70,3,1238,11328,189,0,0 '
Received from ('fd00::200:0:0:3', 8765, 0, 0): b' 3353,3,1,512,0,774,7,2,7,1,1,-64,5,455,9787,223,0,0 '
Received from ('fd00::200:0:0:13', 8765, 0, 0): b' 3353,19,15,1536,0,800,8,6,7,1,2,-52,0,550,5675,204,0,0 '
Received from ('fd00::200:0:0:15', 8765, 0, 0): b' 3353,21,16,1536,10,808,8,7,5,1,3,-70,0,336,5424,199,0,0 '
Received from ('fd00::200:0:0:12', 8765, 0, 0): b' 3353,18,15,1536,0,851,7,5,5,1,1,-70,0,410,6862,206,0,0 '
Received from ('fd00::200:0:0:6', 8765, 0, 0): b' 3354,6,2,768,0,366,8,6,7,1,4,-52,1,552,7098,109,1,5 '
Received from ('fd00::200:0:0:1', 5678, 0, 0): b' 3355,1,0,256,0,6,0,0,4,0,0,0,10,1149,12539,3978,0,0 '
Received from ('fd00::200:0:0:f', 8765, 0, 0): b' 3354,15,12,1280,10,745,8,17,7,1,3,-70,2,900,9122,216,0,0 '
Received from ('fd00::200:0:0:e', 8765, 0, 0): b' 3354,14,11,1280,0,800,6,8,7,1,2,-70,0,979,10532,194,0,0 '
Received from ('fd00::200:0:0:7', 8765, 0, 0): b' 3355,7,2,768,0,808,9,11,7,1,2,-70,5,611,6098,217,0,0 '
Received from ('fd00::200:0:0:8', 8765, 0, 0): b' 3356,8,5,768,20,777,5,13,7,2,1,-70,10,4580,29911,220,0,0 '
Received from ('fd00::200:0:0:2', 8765, 0, 0): b' 3356,2,1,512,0,740,7,1,6,1,1,-88,7,1920,16151,224,0,0 '
Received from ('fd00::200:0:0:c', 8765, 0, 0): b' 3355,12,8,1024,20,383,8,24,7,1,4,-52,4,1674,10766,121,1,5 '
Received from ('fd00::200:0:0:11', 8765, 0, 0): b' 3354,17,12,1280,10,397,13,1,7,1,7,-70,0,778,7478,118,0,0 '
Received from ('fd00::200:0:0:13', 8765, 0, 0): b' 3357,19,15,1536,0,801,8,6,7,1,2,-52,0,265,4133,204,0,0 '
Received from ('fd00::200:0:0:b', 8765, 0, 0): b' 3357,11,8,1024,10,744,3,30,7,1,1,-70,7,1702,14581,182,0,0 '
Received from ('fd00::200:0:0:d', 8765, 0, 0): b' 3357,13,8,1024,0,24,5,2,7,1,3,-70,0,475,6066,21,0,0 '
Received from ('fd00::200:0:0:14', 8765, 0, 0): b' 3356,20,16,1536,0,833,8,5,7,1,3,-52,0,386,6060,205,0,0 '
Received from ('fd00::200:0:0:5', 8765, 0, 0): b' 3358,5,1,512,10,766,7,1,6,2,1,-94,10,4291,23858,224,0,0 '
Received from ('fd00::200:0:0:4', 8765, 0, 0): b' 3359,4,1,512,0,804,7,3,7,1,1,-66,0,1013,11093,225,0,0 '
Received from ('fd00::200:0:0:15', 8765, 0, 0): b' 3360,21,16,1536,0,809,8,7,5,1,3,-70,0,519,6829,199,0,0 '
Received from ('fd00::200:0:0:a', 8765, 0, 0): b' 3359,10,6,1024,10,289,2,5,7,1,1,-52,0,770,14273,100,1,5 '
Received from ('fd00::200:0:0:c', 8765, 0, 0): b' 3360,12,8,1024,0,386,8,24,7,1,4,-52,4,1168,8560,121,1,5 '
Received from ('fd00::200:0:0:8', 8765, 0, 0): b' 3361,8,5,768,0,779,5,13,7,2,1,-70,10,2054,12515,220,0,0 '
Received from ('fd00::200:0:0:10', 8765, 0, 0): b' 3360,16,11,1280,0,764,8,19,7,1,3,-70,3,1330,14260,190,0,0 '
Received from ('fd00::200:0:0:3', 8765, 0, 0): b' 3363,3,1,512,0,777,7,2,7,1,1,-64,5,770,12446,223,0,0 '
Received from ('fd00::200:0:0:11', 8765, 0, 0): b' 3362,17,12,1280,10,400,13,1,7,1,7,-70,0,807,7448,118,0,0 '
Received from ('fd00::200:0:0:7', 8765, 0, 0): b' 3362,7,2,768,0,812,9,11,7,1,2,-70,5,1002,9560,218,0,0 '
Received from ('fd00::200:0:0:14', 8765, 0, 0): b' 3362,20,16,1536,0,836,8,5,7,1,3,-52,0,493,5572,205,0,0 '
Received from ('fd00::200:0:0:1', 5678, 0, 0): b' 3365,1,0,256,0,6,0,0,4,0,0,0,10,2517,27795,3992,0,0 '
Received from ('fd00::200:0:0:2', 8765, 0, 0): b' 3366,2,1,512,10,741,7,1,6,1,1,-88,7,1798,18824,225,0,0 '
Received from ('fd00::200:0:0:12', 8765, 0, 0): b' 3364,18,15,1536,0,854,7,5,5,1,1,-70,0,825,11446,207,0,0 '
Received from ('fd00::200:0:0:6', 8765, 0, 0): b' 3365,6,2,768,0,368,8,6,7,1,4,-52,1,1431,17994,110,1,5 '
Received from ('fd00::200:0:0:8', 8765, 0, 0): b' 3365,8,5,768,10,781,5,13,7,2,1,-70,10,1879,13951,221,0,0 '
Received from ('fd00::200:0:0:b', 8765, 0, 0): b' 3366,11,8,1024,0,745,3,30,7,1,1,-70,6,1885,16311,182,0,0 '
Received from ('fd00::200:0:0:f', 8765, 0, 0): b' 3365,15,12,1280,0,750,8,17,7,1,3,-70,2,1854,18591,216,0,0 '
Received from ('fd00::200:0:0:e', 8765, 0, 0): b' 3366,14,11,1280,10,805,6,8,7,1,2,-70,0,1099,11256,194,0,0 '
Received from ('fd00::200:0:0:15', 8765, 0, 0): b' 3366,21,16,1536,0,810,8,7,5,1,3,-70,0,539,6266,200,0,0 '
Received from ('fd00::200:0:0:a', 8765, 0, 0): b' 3366,10,6,1024,0,291,3,5,7,1,1,-52,0,658,8552,100,1,5 '
Received from ('fd00::200:0:0:4', 8765, 0, 0): b' 3367,4,1,512,0,808,7,3,7,1,1,-66,0,725,10270,225,0,0 '
Received from ('fd00::200:0:0:13', 8765, 0, 0): b' 3367,19,15,1536,0,804,8,6,7,1,2,-52,0,745,9977,204,0,0 '
Received from ('fd00::200:0:0:3', 8765, 0, 0): b' 3368,3,1,512,0,778,7,2,7,1,1,-64,5,430,6522,223,0,0 '
Received from ('fd00::200:0:0:c', 8765, 0, 0): b' 3367,12,8,1024,10,390,8,24,7,1,4,-52,4,1852,13981,121,1,5 '
Received from ('fd00::200:0:0:d', 8765, 0, 0): b' 3367,13,8,1024,0,25,5,2,7,1,3,-70,1,919,10402,21,0,0 '
Received from ('fd00::200:0:0:7', 8765, 0, 0): b' 3368,7,2,768,0,812,9,11,7,1,2,-70,5,278,7679,218,0,0 '
Received from ('fd00::200:0:0:14', 8765, 0, 0): b' 3368,20,16,1536,0,839,8,5,7,1,3,-52,0,650,5941,206,0,0 '
Received from ('fd00::200:0:0:5', 8765, 0, 0): b' 3369,5,1,512,0,769,7,1,6,2,1,-94,10,4693,31204,225,0,0 '
Received from ('fd00::200:0:0:e', 8765, 0, 0): b' 3370,14,11,1280,10,807,6,8,7,1,2,-70,0,432,4303,195,0,0 '
Received from ('fd00::200:0:0:12', 8765, 0, 0): b' 3371,18,15,1536,0,856,7,5,5,1,1,-70,0,647,6772,208,0,0 '
Received from ('fd00::200:0:0:11', 8765, 0, 0): b' 3372,17,12,1280,10,405,13,1,7,1,7,-70,0,1189,10552,119,0,0 '
Received from ('fd00::200:0:0:10', 8765, 0, 0): b' 3373,16,11,1280,0,767,8,19,7,1,3,-70,2,2169,20456,191,0,0 '
Received from ('fd00::200:0:0:8', 8765, 0, 0): b' 3374,8,5,768,10,784,5,13,7,2,1,-70,10,3642,22265,221,0,0 '
Received from ('fd00::200:0:0:b', 8765, 0, 0): b' 3374,11,8,1024,10,748,3,30,7,1,1,-70,6,2105,14972,183,0,0 '
Received from ('fd00::200:0:0:14', 8765, 0, 0): b' 3374,20,16,1536,10,840,8,5,7,1,3,-52,0,432,4632,206,0,0 '
Received from ('fd00::200:0:0:5', 8765, 0, 0): b' 3375,5,1,512,10,772,7,1,6,2,1,-94,10,2299,15702,225,0,0 '
Received from ('fd00::200:0:0:13', 8765, 0, 0): b' 3375,19,15,1536,0,806,8,6,7,1,2,-52,0,670,7416,205,0,0 '
Received from ('fd00::200:0:0:4', 8765, 0, 0): b' 3375,4,1,512,0,811,7,3,7,1,1,-66,0,788,10227,226,0,0 '
Received from ('fd00::200:0:0:1', 5678, 0, 0): b' 3375,1,0,256,0,6,0,0,4,0,0,0,10,2545,28087,4005,0,0 '
Received from ('fd00::200:0:0:15', 8765, 0, 0): b' 3375,21,16,1536,0,814,8,7,5,1,3,-70,0,797,8560,200,0,0 '
Received from ('fd00::200:0:0:3', 8765, 0, 0): b' 3376,3,1,512,0,780,7,2,7,1,1,-64,5,710,11115,224,0,0 '
Received from ('fd00::200:0:0:a', 8765, 0, 0): b' 3375,10,6,1024,0,293,3,5,7,1,1,-52,0,829,11462,101,1,5 '
Received from ('fd00::200:0:0:f', 8765, 0, 0): b' 3376,15,12,1280,0,752,8,17,7,1,3,-70,2,1708,18390,217,0,0 '
Received from ('fd00::200:0:0:6', 8765, 0, 0): b' 3376,6,2,768,0,370,8,6,7,1,4,-52,1,1335,17389,110,1,5 '
Received from ('fd00::200:0:0:d', 8765, 0, 0): b' 3376,13,8,1024,0,26,5,2,7,1,3,-70,1,555,8925,22,0,0 '
Received from ('fd00::200:0:0:2', 8765, 0, 0): b' 3377,2,1,512,0,743,7,1,6,1,1,-88,7,2286,23285,225,0,0 '
Received from ('fd00::200:0:0:10', 8765, 0, 0): b' 3378,16,11,1280,0,767,8,19,7,1,3,-70,2,782,7594,191,0,0 '
Received from ('fd00::200:0:0:11', 8765, 0, 0): b' 3378,17,12,1280,0,406,13,1,7,1,7,-70,0,385,5186,119,0,0 '
Received from ('fd00::200:0:0:c', 8765, 0, 0): b' 3378,12,8,1024,0,394,8,24,7,1,4,-52,4,2362,19346,122,1,5 '
Received from ('fd00::200:0:0:5', 8765, 0, 0): b' 3380,5,1,512,10,775,7,1,6,2,1,-94,10,1853,11628,225,0,0 '
Received from ('fd00::200:0:0:e', 8765, 0, 0): b' 3378,14,11,1280,0,809,6,8,7,1,2,-70,0,639,8143,195,0,0 '
Received from ('fd00::200:0:0:14', 8765, 0, 0): b' 3381,20,16,1536,0,842,8,5,7,1,3,-52,0,574,7240,207,0,0 '
Received from ('fd00::200:0:0:7', 8765, 0, 0): b' 3381,7,2,768,0,815,9,11,7,1,2,-70,5,966,14774,219,0,0 '
Received from ('fd00::200:0:0:b', 8765, 0, 0): b' 3380,11,8,1024,0,748,3,30,7,1,1,-70,6,1404,12772,183,0,0 '
Received from ('fd00::200:0:0:a', 8765, 0, 0): b' 3381,10,6,1024,0,294,3,5,7,1,1,-52,0,386,6829,101,1,5 '
Received from ('fd00::200:0:0:8', 8765, 0, 0): b' 3382,8,5,768,0,788,5,13,7,2,1,-70,10,3660,23739,222,0,0 '
Received from ('fd00::200:0:0:e', 8765, 0, 0): b' 3382,14,11,1280,0,811,6,8,7,1,2,-70,0,469,4028,195,0,0 '
Received from ('fd00::200:0:0:2', 8765, 0, 0): b' 3383,2,1,512,10,746,7,1,6,1,1,-88,7,1379,11086,226,0,0 '
Received from ('fd00::200:0:0:c', 8765, 0, 0): b' 3383,12,8,1024,0,395,8,24,7,1,4,-52,4,739,8442,122,1,5 '
Received from ('fd00::200:0:0:d', 8765, 0, 0): b' 3383,13,8,1024,0,26,5,2,7,1,3,-70,1,300,6417,22,0,0 '
Received from ('fd00::200:0:0:15', 8765, 0, 0): b' 3384,21,16,1536,0,816,8,7,5,1,3,-70,0,597,8487,201,0,0 '
Received from ('fd00::200:0:0:12', 8765, 0, 0): b' 3383,18,15,1536,0,861,7,5,5,1,1,-70,0,983,11047,208,0,0 '
Received from ('fd00::200:0:0:f', 8765, 0, 0): b' 3384,15,12,1280,0,753,8,17,7,1,3,-70,2,1309,13585,218,0,0 '
Received from ('fd00::200:0:0:4', 8765, 0, 0): b' 3385,4,1,512,0,815,7,3,7,1,1,-66,0,920,12624,226,0,0 '
Received from ('fd00::200:0:0:10', 8765, 0, 0): b' 3383,16,11,1280,0,767,8,19,7,1,3,-70,2,1095,12354,191,0,0 '
Received from ('fd00::200:0:0:1', 5678, 0, 0): b' 3386,1,0,256,0,6,0,0,4,0,0,0,10,2674,28223,4019,0,0 '
Received from ('fd00::200:0:0:3', 8765, 0, 0): b' 3386,3,1,512,0,781,7,2,7,1,1,-64,5,507,12193,225,0,0 '
Received from ('fd00::200:0:0:7', 8765, 0, 0): b' 3386,7,2,768,10,818,9,11,7,1,2,-70,5,589,6790,219,0,0 '
Received from ('fd00::200:0:0:13', 8765, 0, 0): b' 3387,19,15,1536,0,811,8,6,7,1,2,-52,0,1039,11880,206,0,0 '
Received from ('fd00::200:0:0:6', 8765, 0, 0): b' 3388,6,2,768,0,373,8,6,7,1,4,-52,1,1293,17073,111,1,5 '
Received from ('fd00::200:0:0:5', 8765, 0, 0): b' 3389,5,1,512,0,777,7,1,6,2,1,-94,10,3691,24452,226,0,0 '
Received from ('fd00::200:0:0:b', 8765, 0, 0): b' 3387,11,8,1024,0,749,3,30,7,1,1,-70,6,1415,11845,184,0,0 '
Received from ('fd00::200:0:0:11', 8765, 0, 0): b' 3388,17,12,1280,0,408,13,1,7,1,7,-70,0,719,10359,120,0,0 '
Received from ('fd00::200:0:0:2', 8765, 0, 0): b' 3389,2,1,512,0,751,7,1,6,1,1,-88,7,1674,14502,226,0,0 '
Received from ('fd00::200:0:0:10', 8765, 0, 0): b' 3388,16,11,1280,0,769,8,19,7,1,3,-70,2,697,6913,192,0,0 '
Received from ('fd00::200:0:0:7', 8765, 0, 0): b' 3390,7,2,768,0,820,9,11,7,1,2,-70,5,655,6254,220,0,0 '
Received from ('fd00::200:0:0:e', 8765, 0, 0): b' 3389,14,11,1280,0,812,6,8,7,1,2,-70,0,466,7286,196,0,0 '
Received from ('fd00::200:0:0:c', 8765, 0, 0): b' 3390,12,8,1024,10,398,8,24,7,1,4,-52,4,1784,13141,123,1,5 '
Received from ('fd00::200:0:0:12', 8765, 0, 0): b' 3390,18,15,1536,10,863,7,5,5,1,1,-70,0,550,6867,209,0,0 '
Received from ('fd00::200:0:0:a', 8765, 0, 0): b' 3390,10,6,1024,0,298,3,5,7,1,1,-52,0,1013,11098,102,1,5 '
Received from ('fd00::200:0:0:8', 8765, 0, 0): b' 3390,8,5,768,0,789,5,13,7,2,1,-70,10,3725,23489,222,0,0 '
Received from ('fd00::200:0:0:3', 8765, 0, 0): b' 3392,3,1,512,0,782,7,2,7,1,1,-64,5,454,7161,225,0,0 '
Received from ('fd00::200:0:0:15', 8765, 0, 0): b' 3390,21,16,1536,10,818,8,7,5,1,3,-70,0,483,6668,201,0,0 '
Received from ('fd00::200:0:0:14', 8765, 0, 0): b' 3390,20,16,1536,10,845,8,5,7,1,3,-52,0,745,9986,207,0,0 '
Received from ('fd00::200:0:0:5', 8765, 0, 0): b' 3394,5,1,512,0,778,7,1,6,2,1,-94,10,2267,15044,226,0,0 '
Received from ('fd00::200:0:0:d', 8765, 0, 0): b' 3394,13,8,1024,0,26,5,2,7,1,3,-70,1,477,9845,23,0,0 '
Received from ('fd00::200:0:0:1', 5678, 0, 0): b' 3395,1,0,256,0,6,0,0,4,0,0,0,10,2148,24556,4029,0,0 '
Received from ('fd00::200:0:0:13', 8765, 0, 0): b' 3395,19,15,1536,10,812,8,6,7,1,2,-52,0,414,7709,206,0,0 '
Received from ('fd00::200:0:0:2', 8765, 0, 0): b' 3396,2,1,512,10,754,7,1,6,1,1,-88,7,1658,13656,227,0,0 '
Received from ('fd00::200:0:0:3', 8765, 0, 0): b' 3396,3,1,512,0,782,7,2,7,1,1,-64,5,252,4842,225,0,0 '
Received from ('fd00::200:0:0:6', 8765, 0, 0): b' 3396,6,2,768,0,374,8,6,7,1,4,-52,1,1113,13190,112,1,5 '
Received from ('fd00::200:0:0:f', 8765, 0, 0): b' 3395,15,12,1280,0,755,8,17,7,1,3,-70,2,1850,18921,218,0,0 '
Received from ('fd00::200:0:0:4', 8765, 0, 0): b' 3397,4,1,512,0,817,7,3,7,1,1,-66,0,735,14510,227,0,0 '
Received from ('fd00::200:0:0:b', 8765, 0, 0): b' 3396,11,8,1024,0,754,3,30,7,1,1,-70,6,2107,16287,184,0,0 '
Received from ('fd00::200:0:0:12', 8765, 0, 0): b' 3397,18,15,1536,0,864,7,5,5,1,1,-70,0,411,6878,209,0,0 '
Received from ('fd00::200:0:0:a', 8765, 0, 0): b' 3397,10,6,1024,0,299,3,5,7,1,1,-52,0,411,8700,102,1,5 '
Received from ('fd00::200:0:0:7', 8765, 0, 0): b' 3399,7,2,768,10,822,9,11,7,1,2,-70,5,612,9674,220,0,0 '
Received from ('fd00::200:0:0:c', 8765, 0, 0): b' 3398,12,8,1024,10,402,8,24,7,1,4,-52,4,2061,15410,124,1,5 '
Received from ('fd00::200:0:0:1', 5678, 0, 0): b' 3399,1,0,256,0,6,0,0,4,0,0,0,10,965,10842,4035,0,0 '
Received from ('fd00::200:0:0:15', 8765, 0, 0): b' 3397,21,16,1536,0,818,8,7,5,1,3,-70,0,468,7451,202,0,0 '
Received from ('fd00::200:0:0:8', 8765, 0, 0): b' 3399,8,5,768,0,793,5,13,7,2,1,-70,10,3332,22350,223,0,0 '
Received from ('fd00::200:0:0:11', 8765, 0, 0): b' 3398,17,12,1280,0,413,13,1,7,1,7,-70,0,1088,10367,121,0,0 '
Received from ('fd00::200:0:0:2', 8765, 0, 0): b' 3400,2,1,512,0,754,7,1,6,1,1,-88,7,960,8901,227,0,0 '
Received from ('fd00::200:0:0:d', 8765, 0, 0): b' 3400,13,8,1024,0,27,5,2,7,1,3,-70,1,439,5798,24,0,0 '
Received from ('fd00::200:0:0:10', 8765, 0, 0): b' 3399,16,11,1280,0,772,8,19,7,1,3,-70,2,1935,18495,192,0,0 '
Received from ('fd00::200:0:0:e', 8765, 0, 0): b' 3400,14,11,1280,0,813,6,8,7,1,2,-70,0,587,10250,197,0,0 '
Received from ('fd00::200:0:0:3', 8765, 0, 0): b' 3403,3,1,512,0,783,7,2,7,1,1,-64,5,458,8018,226,0,0 '
Received from ('fd00::200:0:0:14', 8765, 0, 0): b' 3400,20,16,1536,10,848,8,5,7,1,3,-52,0,802,9731,208,0,0 '
Received from ('fd00::200:0:0:5', 8765, 0, 0): b' 3403,5,1,512,0,782,7,1,6,2,1,-94,10,4014,25163,227,0,0 '
Received from ('fd00::200:0:0:12', 8765, 0, 0): b' 3402,18,15,1536,0,865,7,5,5,1,1,-70,0,418,4350,210,0,0 '
Received from ('fd00::200:0:0:1', 5678, 0, 0): b' 3404,1,0,256,0,6,0,0,4,0,0,0,10,1057,12896,4041,0,0 '
Received from ('fd00::200:0:0:a', 8765, 0, 0): b' 3405,10,6,1024,10,303,3,5,7,1,1,-52,0,967,9772,103,1,5 '
Received from ('fd00::200:0:0:11', 8765, 0, 0): b' 3405,17,12,1280,0,418,13,1,7,1,7,-70,0,836,7388,121,0,0 '
Received from ('fd00::200:0:0:14', 8765, 0, 0): b' 3404,20,16,1536,0,851,8,5,7,1,3,-52,0,601,5055,208,0,0 '
Received from ('fd00::200:0:0:f', 8765, 0, 0): b' 3406,15,12,1280,0,759,8,17,7,1,3,-70,2,1750,17147,219,0,0 '
Received from ('fd00::200:0:0:7', 8765, 0, 0): b' 3406,7,2,768,0,825,9,11,7,1,2,-70,5,850,11253,221,0,0 '
Received from ('fd00::200:0:0:b', 8765, 0, 0): b' 3406,11,8,1024,10,755,3,30,7,1,1,-70,6,1844,16957,185,0,0 '
Received from ('fd00::200:0:0:15', 8765, 0, 0): b' 3404,21,16,1536,0,821,8,7,5,1,3,-70,0,721,7201,202,0,0 '
Received from ('fd00::200:0:0:6', 8765, 0, 0): b' 3407,6,2,768,0,379,8,6,7,1,4,-52,1,1792,19309,113,1,5 '
Received from ('fd00::200:0:0:13', 8765, 0, 0): b' 3405,19,15,1536,0,815,8,6,7,1,2,-52,0,826,10714,207,0,0 '
Received from ('fd00::200:0:0:4', 8765, 0, 0): b' 3408,4,1,512,0,822,7,3,7,1,1,-66,0,1026,14107,228,0,0 '
Received from ('fd00::200:0:0:8', 8765, 0, 0): b' 3408,8,5,768,10,798,5,13,7,2,1,-70,10,3785,24681,223,0,0 '
Received from ('fd00::200:0:0:12', 8765, 0, 0): b' 3407,18,15,1536,0,867,7,5,5,1,1,-70,0,493,5850,210,0,0 '
Received from ('fd00::200:0:0:d', 8765, 0, 0): b' 3409,13,8,1024,0,28,5,2,7,1,3,-70,1,522,7993,24,0,0 '
Received from ('fd00::200:0:0:1', 5678, 0, 0): b' 3410,1,0,256,0,6,0,0,4,0,0,0,10,1465,15872,4048,0,0 '
Received from ('fd00::200:0:0:c', 8765, 0, 0): b' 3410,12,8,1024,0,405,8,24,7,1,4,-52,4,2579,21038,124,1,5 '
Received from ('fd00::200:0:0:2', 8765, 0, 0): b' 3411,2,1,512,10,755,7,1,6,1,1,-88,7,1967,21398,227,0,0 '
Received from ('fd00::200:0:0:10', 8765, 0, 0): b' 3410,16,11,1280,0,775,8,19,7,1,3,-70,2,1996,18610,193,0,0 '
Received from ('fd00::200:0:0:11', 8765, 0, 0): b' 3410,17,12,1280,0,419,13,1,7,1,7,-70,0,419,4895,122,0,0 '
Received from ('fd00::200:0:0:14', 8765, 0, 0): b' 3409,20,16,1536,10,853,8,5,7,1,3,-52,0,525,5256,209,0,0 '
Received from ('fd00::200:0:0:7', 8765, 0, 0): b' 3412,7,2,768,0,827,9,11,7,1,2,-70,5,492,6810,221,0,0 '
Received from ('fd00::200:0:0:e', 8765, 0, 0): b' 3411,14,11,1280,0,817,6,8,7,1,2,-70,0,877,10752,197,0,0 '
Received from ('fd00::200:0:0:6', 8765, 0, 0): b' 3412,6,2,768,0,381,8,6,7,1,4,-52,1,632,8970,113,1,5 '
Received from ('fd00::200:0:0:5', 8765, 0, 0): b' 3414,5,1,512,0,787,7,1,6,2,1,-94,10,4256,29281,228,0,0 '
Received from ('fd00::200:0:0:3', 8765, 0, 0): b' 3414,3,1,512,20,787,7,2,7,1,1,-64,5,849,13956,227,0,0 '
Received from ('fd00::200:0:0:f', 8765, 0, 0): b' 3414,15,12,1280,0,760,8,17,7,1,3,-70,2,1198,12982,220,0,0 '
Received from ('fd00::200:0:0:b', 8765, 0, 0): b' 3414,11,8,1024,10,756,3,30,7,1,1,-70,6,1928,15741,186,0,0 '
Received from ('fd00::200:0:0:15', 8765, 0, 0): b' 3413,21,16,1536,0,823,8,7,5,1,3,-70,0,573,8102,203,0,0 '
Received from ('fd00::200:0:0:13', 8765, 0, 0): b' 3415,19,15,1536,0,816,8,6,7,1,2,-52,0,588,9016,208,0,0 '
Received from ('fd00::200:0:0:1', 5678, 0, 0): b' 3416,1,0,256,0,6,0,0,4,0,0,0,10,1580,17199,4058,0,0 '
Received from ('fd00::200:0:0:14', 8765, 0, 0): b' 3415,20,16,1536,0,854,8,5,7,1,3,-52,0,387,5051,209,0,0 '
Received from ('fd00::200:0:0:2', 8765, 0, 0): b' 3417,2,1,512,10,755,7,1,6,1,1,-88,7,1131,11824,228,0,0 '
Received from ('fd00::200:0:0:d', 8765, 0, 0): b' 3416,13,8,1024,0,28,5,2,7,1,3,-70,1,429,6634,25,0,0 '
Received from ('fd00::200:0:0:a', 8765, 0, 0): b' 3416,10,6,1024,0,306,3,5,7,1,1,-52,0,1065,14026,103,1,5 '
Received from ('fd00::200:0:0:8', 8765, 0, 0): b' 3417,8,5,768,10,798,5,14,7,2,1,-70,10,3883,25133,224,0,0 '
Received from ('fd00::200:0:0:11', 8765, 0, 0): b' 3416,17,12,1280,0,419,13,1,7,1,7,-70,0,280,5226,122,0,0 '
Received from ('fd00::200:0:0:12', 8765, 0, 0): b' 3415,18,15,1536,10,870,7,5,5,1,1,-70,0,745,8739,211,0,0 '
Received from ('fd00::200:0:0:7', 8765, 0, 0): b' 3417,7,2,768,10,830,9,11,7,1,2,-70,5,696,7611,221,0,0 '
Received from ('fd00::200:0:0:4', 8765, 0, 0): b' 3418,4,1,512,10,824,7,3,7,1,1,-66,0,637,12693,228,0,0 '
Received from ('fd00::200:0:0:e', 8765, 0, 0): b' 3417,14,11,1280,0,819,6,8,7,1,2,-70,0,550,6476,198,0,0 '
Received from ('fd00::200:0:0:6', 8765, 0, 0): b' 3419,6,2,768,10,384,8,6,7,1,4,-52,1,943,10884,113,1,5 '
Received from ('fd00::200:0:0:1', 5678, 0, 0): b' 3421,1,0,256,0,6,0,0,4,0,0,0,10,999,11105,4062,0,0 '
Received from ('fd00::200:0:0:14', 8765, 0, 0): b' 3419,20,16,1536,0,858,8,5,7,1,3,-52,0,683,4534,209,0,0 '
Received from ('fd00::200:0:0:5', 8765, 0, 0): b' 3422,5,1,512,0,791,7,1,6,2,1,-94,10,3185,20465,228,0,0 '
Received from ('fd00::200:0:0:c', 8765, 0, 0): b' 3421,12,8,1024,0,408,8,24,7,1,4,-52,4,2058,18694,125,1,5 '
Received from ('fd00::200:0:0:3', 8765, 0, 0): b' 3422,3,1,512,10,788,7,2,7,1,1,-64,5,581,9866,227,0,0 '
Received from ('fd00::200:0:0:b', 8765, 0, 0): b' 3422,11,8,1024,0,757,3,30,7,1,1,-70,6,1258,12339,186,0,0 '
Received from ('fd00::200:0:0:12', 8765, 0, 0): b' 3422,18,15,1536,0,872,7,5,5,1,1,-70,0,550,6322,211,0,0 '
Received from ('fd00::200:0:0:10', 8765, 0, 0): b' 3422,16,11,1280,0,776,8,19,7,1,3,-70,2,2096,20161,194,0,0 '
Received from ('fd00::200:0:0:f', 8765, 0, 0): b' 3423,15,12,1280,0,762,8,17,7,1,3,-70,2,1572,15882,220,0,0 '
Received from ('fd00::200:0:0:e', 8765, 0, 0): b' 3422,14,11,1280,0,821,6,8,7,1,2,-70,0,469,4813,198,0,0 '
Received from ('fd00::200:0:0:15', 8765, 0, 0): b' 3422,21,16,1536,0,826,8,7,5,1,3,-70,0,801,9346,204,0,0 '
Received from ('fd00::200:0:0:13', 8765, 0, 0): b' 3423,19,15,1536,0,818,8,6,7,1,2,-52,0,614,7773,208,0,0 '
Received from ('fd00::200:0:0:3', 8765, 0, 0): b' 3426,3,1,512,0,790,7,2,7,1,1,-64,5,394,5884,227,0,0 '
Received from ('fd00::200:0:0:7', 8765, 0, 0): b' 3426,7,2,768,0,831,9,11,7,1,2,-70,5,517,10667,222,0,0 '
Received from ('fd00::200:0:0:11', 8765, 0, 0): b' 3426,17,12,1280,0,425,13,1,7,1,7,-70,0,1123,10014,123,0,0 '
Received from ('fd00::200:0:0:4', 8765, 0, 0): b' 3427,4,1,512,0,825,7,3,7,1,1,-66,0,508,10129,229,0,0 '
Received from ('fd00::200:0:0:8', 8765, 0, 0): b' 3428,8,5,768,0,804,5,14,7,2,1,-70,10,4015,25626,225,0,0 '
Received from ('fd00::200:0:0:a', 8765, 0, 0): b' 3426,10,6,1024,0,311,3,5,7,1,1,-52,0,947,13159,104,1,5 '
Received from ('fd00::200:0:0:d', 8765, 0, 0): b' 3427,13,8,1024,0,28,5,2,7,1,3,-70,0,525,9908,25,0,0 '
Received from ('fd00::200:0:0:2', 8765, 0, 0): b' 3428,2,1,512,0,756,7,1,6,1,1,-88,7,2514,23701,229,0,0 '
Received from ('fd00::200:0:0:1', 5678, 0, 0): b' 3428,1,0,256,0,6,0,0,4,0,0,0,10,1963,20616,4072,0,0 '
Received from ('fd00::200:0:0:5', 8765, 0, 0): b' 3429,5,1,512,0,794,7,1,6,2,1,-94,10,3350,21649,229,0,0 '
Received from ('fd00::200:0:0:6', 8765, 0, 0): b' 3428,6,2,768,0,388,8,6,7,1,4,-52,1,1336,14684,114,1,5 '
Received from ('fd00::200:0:0:10', 8765, 0, 0): b' 3427,16,11,1280,10,778,8,19,7,1,3,-70,2,1021,8768,194,0,0 '
Received from ('fd00::200:0:0:12', 8765, 0, 0): b' 3427,18,15,1536,0,873,7,5,5,1,1,-70,0,386,5305,211,0,0 '
Received from ('fd00::200:0:0:14', 8765, 0, 0): b' 3426,20,16,1536,0,858,8,5,7,1,3,-52,0,359,6623,210,0,0 '
Received from ('fd00::200:0:0:c', 8765, 0, 0): b' 3430,12,8,1024,0,413,8,24,7,1,4,-52,4,2498,17057,126,1,5 '
Received from ('fd00::200:0:0:e', 8765, 0, 0): b' 3428,14,11,1280,0,821,6,8,7,1,2,-70,0,432,5735,199,0,0 '
Received from ('fd00::200:0:0:13', 8765, 0, 0): b' 3429,19,15,1536,0,819,8,6,7,1,2,-52,0,442,5964,209,0,0 '
Received from ('fd00::200:0:0:15', 8765, 0, 0): b' 3429,21,16,1536,0,829,8,7,5,1,3,-70,0,600,6906,204,0,0 '
Received from ('fd00::200:0:0:f', 8765, 0, 0): b' 3433,15,12,1280,0,762,8,17,7,1,3,-70,2,1450,15236,221,0,0 '
Received from ('fd00::200:0:0:a', 8765, 0, 0): b' 3432,10,6,1024,0,311,3,5,7,1,1,-52,0,387,6795,104,1,5 '
Received from ('fd00::200:0:0:12', 8765, 0, 0): b' 3432,18,15,1536,0,873,7,5,5,1,1,-70,0,311,4667,212,0,0 '
Received from ('fd00::200:0:0:14', 8765, 0, 0): b' 3432,20,16,1536,0,859,9,5,7,1,3,-52,0,466,6173,210,0,0 '
Received from ('fd00::200:0:0:2', 8765, 0, 0): b' 3435,2,1,512,30,757,7,1,6,1,1,-88,7,1015,12612,229,0,0 '
Received from ('fd00::200:0:0:11', 8765, 0, 0): b' 3433,17,12,1280,0,430,13,1,7,1,7,-70,0,842,7496,123,0,0 '
Received from ('fd00::200:0:0:b', 8765, 0, 0): b' 3434,11,8,1024,10,762,3,30,7,1,1,-70,6,3137,22145,187,0,0 '
Received from ('fd00::200:0:0:3', 8765, 0, 0): b' 3435,3,1,512,0,791,7,2,7,1,1,-64,5,579,10600,228,0,0 '
Received from ('fd00::200:0:0:7', 8765, 0, 0): b' 3434,7,2,768,0,833,9,11,7,1,2,-70,5,734,10039,222,0,0 '
Received from ('fd00::200:0:0:5', 8765, 0, 0): b' 3435,5,1,512,10,795,7,1,6,2,1,-94,10,2855,17330,229,0,0 '
Received from ('fd00::200:0:0:8', 8765, 0, 0): b' 3436,8,5,768,0,806,5,14,7,2,1,-70,10,3699,22127,225,0,0 '
Received from ('fd00::200:0:0:4', 8765, 0, 0): b' 3437,4,1,512,0,829,7,3,7,1,1,-66,0,925,12618,230,0,0 '
Received from ('fd00::200:0:0:1', 5678, 0, 0): b' 3438,1,0,256,0,6,0,0,4,0,0,0,10,2023,24932,4083,0,0 '
Received from ('fd00::200:0:0:d', 8765, 0, 0): b' 3438,13,8,1024,0,28,5,2,7,1,3,-70,0,380,10099,26,0,0 '
Received from ('fd00::200:0:0:10', 8765, 0, 0): b' 3437,16,11,1280,10,779,8,19,7,1,3,-70,2,1413,16183,195,0,0 '
Received from ('fd00::200:0:0:12', 8765, 0, 0): b' 3439,18,15,1536,0,875,7,5,5,1,1,-70,0,493,5435,212,0,0 '
Received from ('fd00::200:0:0:15', 8765, 0, 0): b' 3437,21,16,1536,0,831,8,7,5,1,3,-70,0,670,7606,205,0,0 '
Received from ('fd00::200:0:0:2', 8765, 0, 0): b' 3440,2,1,512,0,758,7,1,6,1,1,-88,7,1269,11218,230,0,0 '
Received from ('fd00::200:0:0:c', 8765, 0, 0): b' 3440,12,8,1024,0,413,8,24,7,1,4,-52,4,1835,17134,126,1,5 '
Received from ('fd00::200:0:0:6', 8765, 0, 0): b' 3440,6,2,768,0,392,8,6,7,1,4,-52,1,1655,18693,115,1,5 '
Received from ('fd00::200:0:0:14', 8765, 0, 0): b' 3439,20,16,1536,0,859,9,5,7,1,3,-52,0,335,6119,211,0,0 '
Received from ('fd00::200:0:0:e', 8765, 0, 0): b' 3440,14,11,1280,0,823,6,8,7,1,2,-70,0,662,10614,199,0,0 '
Received from ('fd00::200:0:0:7', 8765, 0, 0): b' 3441,7,2,768,0,836,9,11,7,1,2,-70,5,683,8378,223,0,0 '
Received from ('fd00::200:0:0:13', 8765, 0, 0): b' 3440,19,15,1536,10,822,8,6,7,1,2,-52,0,746,10090,210,0,0 '
Received from ('fd00::200:0:0:8', 8765, 0, 0): b' 3443,8,5,768,0,808,5,14,7,2,1,-70,10,2479,18201,226,0,0 '
Received from ('fd00::200:0:0:3', 8765, 0, 0): b' 3442,3,1,512,0,791,7,2,7,1,1,-64,5,301,8559,228,0,0 '
Received from ('fd00::200:0:0:5', 8765, 0, 0): b' 3443,5,1,512,10,795,7,1,6,2,1,-94,10,2757,19307,230,0,0 '
Received from ('fd00::200:0:0:11', 8765, 0, 0): b' 3442,17,12,1280,0,433,13,1,7,1,7,-70,0,681,8495,124,0,0 '
Received from ('fd00::200:0:0:a', 8765, 0, 0): b' 3443,10,6,1024,0,313,3,5,7,1,1,-52,0,745,13302,105,1,5 '
Received from ('fd00::200:0:0:f', 8765, 0, 0): b' 3444,15,12,1280,10,765,8,17,7,1,3,-70,2,1849,18903,222,0,0 '
Received from ('fd00::200:0:0:b', 8765, 0, 0): b' 3444,11,8,1024,0,764,3,30,7,1,1,-70,6,2097,18701,188,0,0 '
Received from ('fd00::200:0:0:14', 8765, 0, 0): b' 3445,20,16,1536,0,861,9,5,7,1,3,-52,0,590,6520,211,0,0 '
Received from ('fd00::200:0:0:c', 8765, 0, 0): b' 3447,12,8,1024,10,414,8,24,7,1,4,-52,4,1414,12735,127,1,5 '
Received from ('fd00::200:0:0:4', 8765, 0, 0): b' 3448,4,1,512,0,833,7,3,7,1,1,-66,0,878,13790,230,0,0 '
Received from ('fd00::200:0:0:1', 5678, 0, 0): b' 3448,1,0,256,0,6,0,0,4,0,0,0,10,2158,25437,4097,0,0 '
Received from ('fd00::200:0:0:e', 8765, 0, 0): b' 3446,14,11,1280,0,823,6,8,7,1,2,-70,0,336,6328,200,0,0 '
Received from ('fd00::200:0:0:d', 8765, 0, 0): b' 3447,13,8,1024,0,29,5,2,7,1,3,-70,0,585,8695,27,0,0 '
Received from ('fd00::200:0:0:11', 8765, 0, 0): b' 3448,17,12,1280,0,436,13,1,7,1,7,-70,0,601,5782,124,0,0 '
Received from ('fd00::200:0:0:5', 8765, 0, 0): b' 3449,5,1,512,0,796,7,1,6,2,1,-94,10,2367,17343,230,0,0 '
Received from ('fd00::200:0:0:7', 8765, 0, 0): b' 3449,7,2,768,0,839,9,11,7,1,2,-70,5,737,10076,223,0,0 '
Received from ('fd00::200:0:0:13', 8765, 0, 0): b' 3448,19,15,1536,0,822,8,6,7,1,2,-52,0,432,7549,210,0,0 '
Received from ('fd00::200:0:0:15', 8765, 0, 0): b' 3447,21,16,1536,0,832,8,7,5,1,3,-70,0,597,9062,205,0,0 '
Received from ('fd00::200:0:0:10', 8765, 0, 0): b' 3449,16,11,1280,0,782,8,19,7,1,3,-70,2,2072,19696,196,0,0 '
Received from ('fd00::200:0:0:12', 8765, 0, 0): b' 3450,18,15,1536,10,878,7,5,5,1,1,-70,0,801,10398,213,0,0 '
Received from ('fd00::200:0:0:2', 8765, 0, 0): b' 3451,2,1,512,0,758,7,1,6,1,1,-88,7,2224,23024,230,0,0 '
Received from ('fd00::200:0:0:6', 8765, 0, 0): b' 3451,6,2,768,0,394,8,6,7,1,4,-52,1,1198,17520,116,1,5 '
Received from ('fd00::200:0:0:b', 8765, 0, 0): b' 3451,11,8,1024,0,765,3,30,7,1,1,-70,6,1361,10845,188,0,0 '
Received from ('fd00::200:0:0:c', 8765, 0, 0): b' 3451,12,8,1024,0,414,8,24,7,1,4,-52,4,969,7615,127,1,5 '
Received from ('fd00::200:0:0:3', 8765, 0, 0): b' 3453,3,1,512,0,795,7,2,7,1,1,-64,5,925,13075,229,0,0 '
Received from ('fd00::200:0:0:d', 8765, 0, 0): b' 3451,13,8,1024,0,29,5,2,7,1,3,-70,0,252,3839,27,0,0 '
Received from ('fd00::200:0:0:1', 5678, 0, 0): b' 3453,1,0,256,0,6,0,0,4,0,0,0,10,1372,13984,4101,0,0 '
Received from ('fd00::200:0:0:a', 8765, 0, 0): b' 3452,10,6,1024,0,314,3,5,7,1,1,-52,0,770,11122,106,1,5 '
Received from ('fd00::200:0:0:8', 8765, 0, 0): b' 3454,8,5,768,0,808,5,14,7,2,1,-70,10,4244,30842,226,0,0 '
Received from ('fd00::200:0:0:7', 8765, 0, 0): b' 3454,7,2,768,0,839,9,11,7,1,2,-70,5,363,6648,224,0,0 '
Received from ('fd00::200:0:0:5', 8765, 0, 0): b' 3456,5,1,512,10,796,7,1,6,2,1,-94,10,2132,15769,231,0,0 '
Received from ('fd00::200:0:0:4', 8765, 0, 0): b' 3455,4,1,512,0,835,7,3,7,1,1,-66,0,591,9512,231,0,0 '
Received from ('fd00::200:0:0:10', 8765, 0, 0): b' 3454,16,11,1280,0,782,9,19,7,1,3,-70,2,834,8146,196,0,0 '
Received from ('fd00::200:0:0:11', 8765, 0, 0): b' 3455,17,12,1280,0,437,13,1,7,1,7,-70,0,540,6752,125,0,0 '
Received from ('fd00::200:0:0:f', 8765, 0, 0): b' 3456,15,12,1280,10,766,8,17,7,1,3,-70,2,1464,18432,222,0,0 '
Received from ('fd00::200:0:0:15', 8765, 0, 0): b' 3454,21,16,1536,10,835,8,7,5,1,3,-70,0,656,6659,206,0,0 '
Received from ('fd00::200:0:0:13', 8765, 0, 0): b' 3455,19,15,1536,0,824,8,6,7,1,2,-52,0,670,7227,211,0,0 '
Received from ('fd00::200:0:0:2', 8765, 0, 0): b' 3457,2,1,512,10,760,7,1,6,1,1,-88,7,1125,10293,231,0,0 '
Received from ('fd00::200:0:0:14', 8765, 0, 0): b' 3455,20,16,1536,0,864,9,5,7,1,3,-52,0,770,9892,212,0,0 '
Received from ('fd00::200:0:0:3', 8765, 0, 0): b' 3458,3,1,512,10,798,7,2,7,1,1,-64,5,574,6624,229,0,0 '
Received from ('fd00::200:0:0:6', 8765, 0, 0): b' 3457,6,2,768,0,395,8,6,7,1,4,-52,1,744,9332,116,1,5 '
Received from ('fd00::200:0:0:b', 8765, 0, 0): b' 3457,11,8,1024,10,767,3,30,7,1,1,-70,6,1554,12073,188,0,0 '
Received from ('fd00::200:0:0:1', 5678, 0, 0): b' 3460,1,0,256,0,6,0,0,4,0,0,0,10,1663,17803,4114,0,0 '
Received from ('fd00::200:0:0:e', 8765, 0, 0): b' 3458,14,11,1280,0,825,6,8,7,1,2,-70,0,662,10805,200,0,0 '
Received from ('fd00::200:0:0:c', 8765, 0, 0): b' 3460,12,8,1024,0,414,8,24,7,1,4,-52,4,1453,14663,128,1,5 '
Received from ('fd00::200:0:0:d', 8765, 0, 0): b' 3460,13,8,1024,0,29,5,2,7,1,3,-70,0,356,7750,28,0,0 '
Received from ('fd00::200:0:0:15', 8765, 0, 0): b' 3458,21,16,1536,0,838,8,7,5,1,3,-70,0,601,5171,206,0,0 '
Received from ('fd00::200:0:0:13', 8765, 0, 0): b' 3460,19,15,1536,0,825,8,6,7,1,2,-52,0,362,4718,211,0,0 '
Received from ('fd00::200:0:0:4', 8765, 0, 0): b' 3461,4,1,512,0,837,7,3,7,1,1,-66,0,554,6867,231,0,0 '
Received from ('fd00::200:0:0:2', 8765, 0, 0): b' 3461,2,1,512,0,762,7,1,6,1,1,-88,7,927,9897,231,0,0 '
Received from ('fd00::200:0:0:12', 8765, 0, 0): b' 3461,18,15,1536,0,880,7,5,5,1,1,-70,0,735,10618,213,0,0 '
Received from ('fd00::200:0:0:8', 8765, 0, 0): b' 3462,8,5,768,0,811,5,14,7,2,1,-70,10,3877,22958,227,0,0 '
Received from ('fd00::200:0:0:6', 8765, 0, 0): b' 3462,6,2,768,10,396,8,6,7,1,4,-52,1,499,7617,116,1,5 '
Received from ('fd00::200:0:0:a', 8765, 0, 0): b' 3462,10,6,1024,0,317,3,5,7,1,1,-52,0,853,12124,106,1,5 '
Received from ('fd00::200:0:0:5', 8765, 0, 0): b' 3464,5,1,512,0,798,7,1,6,2,1,-94,10,3954,26208,231,0,0 '
Received from ('fd00::200:0:0:7', 8765, 0, 0): b' 3465,7,2,768,0,840,9,11,7,1,2,-70,5,706,12967,225,0,0 '
Received from ('fd00::200:0:0:10', 8765, 0, 0): b' 3463,16,11,1280,0,785,9,19,7,1,3,-70,2,1571,16198,197,0,0 '
Received from ('fd00::200:0:0:c', 8765, 0, 0): b' 3465,12,8,1024,10,415,8,24,7,1,4,-52,4,1173,9408,128,1,5 '
Received from ('fd00::200:0:0:2', 8765, 0, 0): b' 3466,2,1,512,10,765,7,1,6,1,1,-88,7,1461,9606,231,0,0 '
Received from ('fd00::200:0:0:f', 8765, 0, 0): b' 3464,15,12,1280,0,770,8,17,7,1,3,-70,2,1871,15749,223,0,0 '
Received from ('fd00::200:0:0:11', 8765, 0, 0): b' 3465,17,12,1280,0,440,13,1,7,1,7,-70,0,740,9209,125,0,0 '
Received from ('fd00::200:0:0:4', 8765, 0, 0): b' 3466,4,1,512,0,839,7,3,7,1,1,-66,0,542,6902,232,0,0 '
Received from ('fd00::200:0:0:14', 8765, 0, 0): b' 3464,20,16,1536,0,866,9,5,7,1,3,-52,0,638,8678,212,0,0 '
Received from ('fd00::200:0:0:13', 8765, 0, 0): b' 3465,19,15,1536,0,826,8,6,7,1,2,-52,0,289,4998,211,0,0 '
Received from ('fd00::200:0:0:e', 8765, 0, 0): b' 3465,14,11,1280,0,825,6,8,7,1,2,-70,0,360,6257,201,0,0 '
Received from ('fd00::200:0:0:12', 8765, 0, 0): b' 3466,18,15,1536,0,883,7,5,5,1,1,-70,0,633,4898,214,0,0 '
Received from ('fd00::200:0:0:d', 8765, 0, 0): b' 3467,13,8,1024,0,30,5,2,7,1,3,-70,0,498,6830,28,0,0 '
Received from ('fd00::200:0:0:f', 8765, 0, 0): b' 3469,15,12,1280,0,772,8,17,7,1,3,-70,2,965,7547,223,0,0 '
Received from ('fd00::200:0:0:3', 8765, 0, 0): b' 3468,3,1,512,0,801,7,2,7,1,1,-64,5,842,14440,230,0,0 '
Received from ('fd00::200:0:0:b', 8765, 0, 0): b' 3469,11,8,1024,0,769,3,30,7,1,1,-70,6,2128,19372,189,0,0 '
Received from ('fd00::200:0:0:1', 5678, 0, 0): b' 3470,1,0,256,0,6,0,0,4,0,0,0,10,2803,29861,4125,0,0 '
Received from ('fd00::200:0:0:c', 8765, 0, 0): b' 3470,12,8,1024,0,415,8,24,7,1,4,-52,4,1363,9425,128,1,5 '
Received from ('fd00::200:0:0:10', 8765, 0, 0): b' 3469,16,11,1280,10,787,9,19,7,1,3,-70,2,1111,9469,197,0,0 '
Received from ('fd00::200:0:0:15', 8765, 0, 0): b' 3469,21,16,1536,10,841,8,7,5,1,3,-70,0,777,9064,207,0,0 '
Received from ('fd00::200:0:0:2', 8765, 0, 0): b' 3472,2,1,512,0,768,7,1,6,1,1,-88,7,1097,11937,232,0,0 '
Received from ('fd00::200:0:0:5', 8765, 0, 0): b' 3471,5,1,512,10,801,7,1,6,2,1,-94,10,3438,20339,232,0,0 '
Received from ('fd00::200:0:0:12', 8765, 0, 0): b' 3470,18,15,1536,10,884,7,5,5,1,1,-70,0,362,4020,214,0,0 '
Received from ('fd00::200:0:0:e', 8765, 0, 0): b' 3470,14,11,1280,10,828,6,8,7,1,2,-70,0,469,5029,201,0,0 '
Received from ('fd00::200:0:0:14', 8765, 0, 0): b' 3470,20,16,1536,0,868,9,5,7,1,3,-52,0,549,6099,213,0,0 '
Received from ('fd00::200:0:0:11', 8765, 0, 0): b' 3471,17,12,1280,0,441,13,1,7,1,7,-70,0,467,6377,126,0,0 '
Received from ('fd00::200:0:0:8', 8765, 0, 0): b' 3472,8,5,768,0,813,5,14,7,2,1,-70,10,4698,30700,228,0,0 '
Received from ('fd00::200:0:0:4', 8765, 0, 0): b' 3474,4,1,512,0,840,7,3,7,1,1,-66,0,504,9039,232,0,0 '
Received from ('fd00::200:0:0:7', 8765, 0, 0): b' 3474,7,2,768,0,843,9,11,7,1,2,-70,5,800,11736,225,0,0 '
Received from ('fd00::200:0:0:b', 8765, 0, 0): b' 3473,11,8,1024,30,770,3,30,7,1,1,-70,6,1458,9459,190,0,0 '
Received from ('fd00::200:0:0:13', 8765, 0, 0): b' 3474,19,15,1536,0,829,8,6,7,1,2,-52,0,777,8707,212,0,0 '
Received from ('fd00::200:0:0:15', 8765, 0, 0): b' 3473,21,16,1536,0,841,8,7,5,1,3,-70,0,183,4174,207,0,0 '
Received from ('fd00::200:0:0:6', 8765, 0, 0): b' 3475,6,2,768,0,399,8,6,7,1,4,-52,1,1430,18854,117,1,5 '
Received from ('fd00::200:0:0:a', 8765, 0, 0): b' 3475,10,6,1024,0,321,3,5,7,1,1,-52,0,961,14755,107,1,5 '
Received from ('fd00::200:0:0:12', 8765, 0, 0): b' 3475,18,15,1536,0,886,7,5,5,1,1,-70,0,494,5677,214,0,0 '
Received from ('fd00::200:0:0:c', 8765, 0, 0): b' 3476,12,8,1024,0,416,8,24,7,1,4,-52,4,1477,11737,129,1,5 '
Received from ('fd00::200:0:0:14', 8765, 0, 0): b' 3475,20,16,1536,0,870,9,5,7,1,3,-52,0,469,4910,213,0,0 '
Received from ('fd00::200:0:0:10', 8765, 0, 0): b' 3476,16,11,1280,0,787,9,19,7,1,3,-70,2,1281,11618,198,0,0 '
Received from ('fd00::200:0:0:11', 8765, 0, 0): b' 3478,17,12,1280,0,444,13,1,7,1,7,-70,0,601,6523,126,0,0 '
Received from ('fd00::200:0:0:d', 8765, 0, 0): b' 3478,13,8,1024,0,30,5,2,7,1,3,-70,0,477,9976,29,0,0 '
Received from ('fd00::200:0:0:2', 8765, 0, 0): b' 3479,2,1,512,0,769,7,1,6,1,1,-88,7,1551,15351,232,0,0 '
Received from ('fd00::200:0:0:1', 5678, 0, 0): b' 3480,1,0,256,0,6,0,0,4,0,0,0,10,2242,25008,4138,0,0 '
Received from ('fd00::200:0:0:e', 8765, 0, 0): b' 3478,14,11,1280,0,832,6,8,7,1,2,-70,0,986,8545,202,0,0 '
Received from ('fd00::200:0:0:6', 8765, 0, 0): b' 3480,6,2,768,0,401,8,6,7,1,4,-52,1,930,9408,117,1,5 '
Received from ('fd00::200:0:0:f', 8765, 0, 0): b' 3480,15,12,1280,0,774,8,17,7,1,3,-70,2,1803,18494,224,0,0 '
Received from ('fd00::200:0:0:8', 8765, 0, 0): b' 3480,8,5,768,0,815,5,14,7,2,1,-70,10,3012,19881,228,0,0 '
Received from ('fd00::200:0:0:3', 8765, 0, 0): b' 3481,3,1,512,10,806,7,2,7,1,1,-64,5,1046,14493,231,0,0 '
Received from ('fd00::200:0:0:4', 8765, 0, 0): b' 3481,4,1,512,0,840,7,3,7,1,1,-66,0,375,8814,233,0,0 '
Received from ('fd00::200:0:0:b', 8765, 0, 0): b' 3481,11,8,1024,10,773,3,30,7,1,1,-70,6,1689,13447,190,0,0 '
Received from ('fd00::200:0:0:10', 8765, 0, 0): b' 3481,16,11,1280,10,789,9,19,7,1,3,-70,2,762,7692,198,0,0 '
Received from ('fd00::200:0:0:5', 8765, 0, 0): b' 3482,5,1,512,0,805,7,1,6,2,1,-94,10,4895,30716,232,0,0 '
Received from ('fd00::200:0:0:15', 8765, 0, 0): b' 3480,21,16,1536,0,843,8,7,5,1,3,-70,0,670,8386,208,0,0 '
Received from ('fd00::200:0:0:a', 8765, 0, 0): b' 3483,10,6,1024,0,323,3,5,7,1,1,-52,0,703,9752,108,1,5 '
Received from ('fd00::200:0:0:14', 8765, 0, 0): b' 3482,20,16,1536,10,871,9,5,7,1,3,-52,0,381,5636,213,0,0 '
Received from ('fd00::200:0:0:7', 8765, 0, 0): b' 3483,7,2,768,0,844,9,11,7,1,2,-70,5,656,11389,226,0,0 '
Received from ('fd00::200:0:0:12', 8765, 0, 0): b' 3482,18,15,1536,0,889,7,5,5,1,1,-70,0,680,7964,215,0,0 '
Received from ('fd00::200:0:0:13', 8765, 0, 0): b' 3483,19,15,1536,0,831,8,6,7,1,2,-52,0,638,9031,212,0,0 '
Received from ('fd00::200:0:0:1', 5678, 0, 0): b' 3484,1,0,256,0,6,0,0,4,0,0,0,10,1203,12379,4142,0,0 '
Received from ('fd00::200:0:0:e', 8765, 0, 0): b' 3485,14,11,1280,0,833,6,8,7,1,2,-70,0,386,5448,202,0,0 '
Received from ('fd00::200:0:0:8', 8765, 0, 0): b' 3486,8,5,768,0,816,5,14,7,2,1,-70,10,2222,16519,229,0,0 '
Received from ('fd00::200:0:0:c', 8765, 0, 0): b' 3487,12,8,1024,0,418,8,24,7,1,4,-52,4,1960,18293,129,1,5 '
Received from ('fd00::200:0:0:3', 8765, 0, 0): b' 3488,3,1,512,0,808,7,2,7,1,1,-64,5,670,8448,231,0,0 '
Received from ('fd00::200:0:0:b', 8765, 0, 0): b' 3486,11,8,1024,10,775,3,30,7,1,1,-70,6,1381,10217,190,0,0 '
Received from ('fd00::200:0:0:d', 8765, 0, 0): b' 3487,13,8,1024,0,30,5,2,7,1,3,-70,0,324,8260,29,0,0 '
Received from ('fd00::200:0:0:11', 8765, 0, 0): b' 3486,17,12,1280,0,446,13,1,7,1,7,-70,0,574,8582,127,0,0 '
Received from ('fd00::200:0:0:5', 8765, 0, 0): b' 3489,5,1,512,0,807,7,1,6,2,1,-94,10,3042,18567,233,0,0 '
Received from ('fd00::200:0:0:2', 8765, 0, 0): b' 3489,2,1,512,10,773,7,1,6,1,1,-88,7,2058,19383,233,0,0 '
Received from ('fd00::200:0:0:f', 8765, 0, 0): b' 3489,15,12,1280,0,775,8,17,7,1,3,-70,2,1457,15505,225,0,0 '
Received from ('fd00::200:0:0:a', 8765, 0, 0): b' 3490,10,6,1024,0,326,3,5,7,1,1,-52,0,720,8766,108,1,5 '
Received from ('fd00::200:0:0:8', 8765, 0, 0): b' 3490,8,5,768,10,818,5,14,7,2,1,-70,10,2027,11829,229,0,0 '
Received from ('fd00::200:0:0:10', 8765, 0, 0): b' 3490,16,11,1280,0,791,9,19,7,1,3,-70,2,1354,14878,199,0,0 '
Received from ('fd00::200:0:0:4', 8765, 0, 0): b' 3491,4,1,512,0,843,7,3,7,1,1,-66,0,742,12834,233,0,0 '
Received from ('fd00::200:0:0:6', 8765, 0, 0): b' 3492,6,2,768,0,404,8,6,7,1,4,-52,1,1424,18255,118,1,5 '
Received from ('fd00::200:0:0:c', 8765, 0, 0): b' 3491,12,8,1024,0,418,8,24,7,1,4,-52,4,960,8243,130,1,5 '
Received from ('fd00::200:0:0:e', 8765, 0, 0): b' 3492,14,11,1280,0,835,6,8,7,1,2,-70,0,573,6861,203,0,0 '
Received from ('fd00::200:0:0:d', 8765, 0, 0): b' 3492,13,8,1024,0,30,5,2,7,1,3,-70,0,308,4730,30,0,0 '
Received from ('fd00::200:0:0:15', 8765, 0, 0): b' 3492,21,16,1536,0,846,8,7,5,1,3,-70,0,745,9643,208,0,0 '
Received from ('fd00::200:0:0:12', 8765, 0, 0): b' 3492,18,15,1536,0,892,7,5,5,1,1,-70,0,801,9638,216,0,0 '
Received from ('fd00::200:0:0:7', 8765, 0, 0): b' 3494,7,2,768,0,849,9,11,7,1,2,-70,5,1103,13666,226,0,0 '
Received from ('fd00::200:0:0:14', 8765, 0, 0): b' 3494,20,16,1536,0,875,9,5,7,1,3,-52,0,933,10920,214,0,0 '
Received from ('fd00::200:0:0:11', 8765, 0, 0): b' 3494,17,12,1280,0,449,13,1,7,1,7,-70,0,722,7147,127,0,0 '
Received from ('fd00::200:0:0:13', 8765, 0, 0): b' 3493,19,15,1536,0,835,8,6,7,1,2,-52,0,908,10074,213,0,0 '
Received from ('fd00::200:0:0:10', 8765, 0, 0): b' 3495,16,11,1280,10,794,9,19,7,1,3,-70,2,995,8020,199,0,0 '
Received from ('fd00::200:0:0:1', 5678, 0, 0): b' 3496,1,0,256,0,6,0,0,4,0,0,0,10,2877,31490,4157,0,0 '
Received from ('fd00::200:0:0:2', 8765, 0, 0): b' 3498,2,1,512,10,774,7,1,6,1,1,-88,7,2102,19465,233,0,0 '
Received from ('fd00::200:0:0:6', 8765, 0, 0): b' 3498,6,2,768,0,407,8,6,7,1,4,-52,1,974,10236,119,1,5 '
Received from ('fd00::200:0:0:5', 8765, 0, 0): b' 3498,5,1,512,0,812,7,1,6,2,1,-94,10,3650,25283,233,0,0 '
Received from ('fd00::200:0:0:b', 8765, 0, 0): b' 3498,11,8,1024,0,776,3,30,7,1,1,-70,6,2174,19950,191,0,0 '
Received from ('fd00::200:0:0:a', 8765, 0, 0): b' 3498,10,6,1024,0,328,3,5,7,1,1,-52,0,708,10808,109,1,5 '
Received from ('fd00::200:0:0:d', 8765, 0, 0): b' 3498,13,8,1024,10,30,5,2,7,1,3,-70,0,276,5566,30,0,0 '
Received from ('fd00::200:0:0:3', 8765, 0, 0): b' 3500,3,1,512,0,811,7,2,7,1,1,-64,5,841,14516,232,0,0 '
Received from ('fd00::200:0:0:4', 8765, 0, 0): b' 3499,4,1,512,0,845,7,3,7,1,1,-66,0,590,10049,234,0,0 '
Received from ('fd00::200:0:0:8', 8765, 0, 0): b' 3499,8,5,768,10,821,5,14,7,2,1,-70,10,3191,22197,230,0,0 '
Received from ('fd00::200:0:0:f', 8765, 0, 0): b' 3499,15,12,1280,0,780,8,17,7,1,3,-70,2,1649,16648,225,0,0 '
Received from ('fd00::200:0:0:c', 8765, 0, 0): b' 3499,12,8,1024,10,420,8,24,7,1,4,-52,4,1686,13915,130,1,5 '
Received from ('fd00::200:0:0:10', 8765, 0, 0): b' 3499,16,11,1280,10,794,9,19,7,1,3,-70,2,654,6855,199,0,0 '
Received from ('fd00::200:0:0:1', 5678, 0, 0): b' 3501,1,0,256,0,6,0,0,4,0,0,0,10,1302,13985,4165,0,0 '
Received from ('fd00::200:0:0:11', 8765, 0, 0): b' 3500,17,12,1280,0,451,13,1,7,1,7,-70,0,550,6792,128,0,0 '
Received from ('fd00::200:0:0:13', 8765, 0, 0): b' 3502,19,15,1536,0,836,8,6,7,1,2,-52,0,468,7908,214,0,0 '
Received from ('fd00::200:0:0:e', 8765, 0, 0): b' 3501,14,11,1280,0,838,6,8,7,1,2,-70,0,745,9759,203,0,0 '
Received from ('fd00::200:0:0:14', 8765, 0, 0): b' 3502,20,16,1536,0,876,9,5,7,1,3,-52,0,565,7761,215,0,0 '
Received from ('fd00::200:0:0:12', 8765, 0, 0): b' 3502,18,15,1536,0,895,7,5,5,1,1,-70,0,648,9194,216,0,0 '
Received from ('fd00::200:0:0:7', 8765, 0, 0): b' 3503,7,2,768,0,851,9,11,7,1,2,-70,5,722,11815,227,0,0 '
Received from ('fd00::200:0:0:15', 8765, 0, 0): b' 3505,21,16,1536,10,849,8,7,5,1,3,-70,0,718,11228,209,0,0 '
Received from ('fd00::200:0:0:5', 8765, 0, 0): b' 3506,5,1,512,0,813,7,1,6,2,1,-94,10,3265,21664,234,0,0 '
Received from ('fd00::200:0:0:2', 8765, 0, 0): b' 3506,2,1,512,0,776,7,1,6,1,1,-88,7,1613,17308,234,0,0 '
Received from ('fd00::200:0:0:8', 8765, 0, 0): b' 3506,8,5,768,0,822,5,14,7,2,1,-70,10,3018,20063,230,0,0 '
Received from ('fd00::200:0:0:4', 8765, 0, 0): b' 3507,4,1,512,0,847,7,3,7,1,1,-66,0,612,9739,234,0,0 '
Received from ('fd00::200:0:0:6', 8765, 0, 0): b' 3507,6,2,768,0,410,8,6,7,1,4,-52,1,1087,14629,119,1,5 '
Received from ('fd00::200:0:0:11', 8765, 0, 0): b' 3507,17,12,1280,0,454,13,1,7,1,7,-70,0,601,6035,128,0,0 '
Received from ('fd00::200:0:0:a', 8765, 0, 0): b' 3508,10,6,1024,10,330,3,5,7,1,1,-52,0,890,11510,109,1,5 '
Received from ('fd00::200:0:0:d', 8765, 0, 0): b' 3507,13,8,1024,0,31,5,2,7,1,3,-70,0,585,8287,31,0,0 '
Received from ('fd00::200:0:0:f', 8765, 0, 0): b' 3508,15,12,1280,0,782,8,17,7,1,3,-70,2,1466,14300,226,0,0 '
Received from ('fd00::200:0:0:3', 8765, 0, 0): b' 3507,3,1,512,10,814,7,2,7,1,1,-64,5,697,10582,233,0,0 '
Received from ('fd00::200:0:0:c', 8765, 0, 0): b' 3508,12,8,1024,0,421,8,25,7,1,4,-52,4,2026,16282,131,1,5 '
Received from ('fd00::200:0:0:1', 5678, 0, 0): b' 3510,1,0,256,0,6,0,0,4,0,0,0,10,1999,22462,4176,0,0 '
Received from ('fd00::200:0:0:b', 8765, 0, 0): b' 3510,11,8,1024,10,780,3,30,7,1,1,-70,6,2375,20470,192,0,0 '
Received from ('fd00::200:0:0:7', 8765, 0, 0): b' 3511,7,2,768,0,854,9,11,7,1,2,-70,5,901,9872,228,0,0 '
Received from ('fd00::200:0:0:10', 8765, 0, 0): b' 3511,16,11,1280,0,799,9,19,7,1,3,-70,2,1910,19096,200,0,0 '
Received from ('fd00::200:0:0:8', 8765, 0, 0): b' 3511,8,5,768,10,823,5,14,7,2,1,-70,10,1537,12386,230,0,0 '
Received from ('fd00::200:0:0:e', 8765, 0, 0): b' 3511,14,11,1280,0,841,6,8,7,1,2,-70,0,681,8994,204,0,0 '
Received from ('fd00::200:0:0:14', 8765, 0, 0): b' 3511,20,16,1536,0,879,9,5,7,1,3,-52,0,648,8824,215,0,0 '
Received from ('fd00::200:0:0:3', 8765, 0, 0): b' 3512,3,1,512,0,816,7,2,7,1,1,-64,5,492,6519,233,0,0 '
Received from ('fd00::200:0:0:11', 8765, 0, 0): b' 3511,17,12,1280,10,454,13,1,7,1,7,-70,0,256,3984,128,0,0 '
Received from ('fd00::200:0:0:4', 8765, 0, 0): b' 3514,4,1,512,0,847,7,3,7,1,1,-66,0,351,7439,235,0,0 '
Received from ('fd00::200:0:0:15', 8765, 0, 0): b' 3513,21,16,1536,0,851,8,7,5,1,3,-70,0,780,8212,210,0,0 '
Received from ('fd00::200:0:0:13', 8765, 0, 0): b' 3514,19,15,1536,0,839,8,6,7,1,2,-52,0,769,11169,214,0,0 '
Received from ('fd00::200:0:0:a', 8765, 0, 0): b' 3515,10,6,1024,0,334,3,5,7,1,1,-52,0,955,9135,110,1,5 '
Received from ('fd00::200:0:0:b', 8765, 0, 0): b' 3515,11,8,1024,0,782,3,30,7,1,1,-70,6,1438,9588,192,0,0 '
Received from ('fd00::200:0:0:12', 8765, 0, 0): b' 3514,18,15,1536,0,897,7,5,5,1,1,-70,0,718,11011,217,0,0 '
Received from ('fd00::200:0:0:5', 8765, 0, 0): b' 3516,5,1,512,0,815,7,1,6,2,1,-94,10,3661,24962,235,0,0 '
Received from ('fd00::200:0:0:c', 8765, 0, 0): b' 3516,12,8,1024,10,423,8,25,7,1,4,-52,4,1417,12922,131,1,5 '
Received from ('fd00::200:0:0:6', 8765, 0, 0): b' 3516,6,2,768,0,415,8,6,7,1,4,-52,1,1640,15235,120,1,5 '
Received from ('fd00::200:0:0:d', 8765, 0, 0): b' 3516,13,8,1024,0,31,5,2,7,1,3,-70,0,397,7549,31,0,0 '
Received from ('fd00::200:0:0:14', 8765, 0, 0): b' 3517,20,16,1536,0,879,9,5,7,1,3,-52,0,311,4800,216,0,0 '
Received from ('fd00::200:0:0:2', 8765, 0, 0): b' 3516,2,1,512,0,781,7,1,6,1,1,-88,7,2764,21968,235,0,0 '
Received from ('fd00::200:0:0:f', 8765, 0, 0): b' 3517,15,12,1280,10,785,8,17,7,1,3,-70,2,1481,15969,226,0,0 '
Received from ('fd00::200:0:0:1', 5678, 0, 0): b' 3518,1,0,256,0,6,0,0,4,0,0,0,10,1927,22069,4185,0,0 '
Received from ('fd00::200:0:0:15', 8765, 0, 0): b' 3518,21,16,1536,0,853,8,7,5,1,3,-70,0,493,5314,210,0,0 '
Received from ('fd00::200:0:0:13', 8765, 0, 0): b' 3519,19,15,1536,0,839,8,6,7,1,2,-52,0,312,4331,215,0,0 '
Received from ('fd00::200:0:0:11', 8765, 0, 0): b' 3518,17,12,1280,0,457,13,1,7,1,7,-70,0,817,7955,129,0,0 '
Received from ('fd00::200:0:0:7', 8765, 0, 0): b' 3519,7,2,768,20,856,9,11,7,1,2,-70,5,501,10044,228,0,0 '
Received from ('fd00::200:0:0:4', 8765, 0, 0): b' 3522,4,1,512,0,848,7,3,7,1,1,-66,0,532,9664,235,0,0 '
Received from ('fd00::200:0:0:14', 8765, 0, 0): b' 3522,20,16,1536,0,880,9,5,7,1,3,-52,0,386,5012,216,0,0 '
Received from ('fd00::200:0:0:8', 8765, 0, 0): b' 3521,8,5,768,10,831,5,14,7,2,1,-70,10,5011,29192,231,0,0 '
Received from ('fd00::200:0:0:15', 8765, 0, 0): b' 3522,21,16,1536,0,854,8,7,5,1,3,-70,0,265,4154,210,0,0 '
Received from ('fd00::200:0:0:10', 8765, 0, 0): b' 3523,16,11,1280,0,806,9,19,7,1,3,-70,2,2780,20768,201,0,0 '
Received from ('fd00::200:0:0:3', 8765, 0, 0): b' 3522,3,1,512,0,818,7,2,7,1,1,-64,5,710,12630,234,0,0 '
Received from ('fd00::200:0:0:6', 8765, 0, 0): b' 3522,6,2,768,0,417,8,6,7,1,4,-52,1,604,8845,120,1,5 '
Received from ('fd00::200:0:0:e', 8765, 0, 0): b' 3522,14,11,1280,0,844,6,8,7,1,2,-70,0,825,11194,205,0,0 '
Received from ('fd00::200:0:0:12', 8765, 0, 0): b' 3522,18,15,1536,20,903,7,5,5,1,1,-70,0,1019,8099,218,0,0 '
Received from ('fd00::200:0:0:11', 8765, 0, 0): b' 3523,17,12,1280,0,457,13,1,7,1,7,-70,0,256,3847,129,0,0 '
Received from ('fd00::200:0:0:13', 8765, 0, 0): b' 3523,19,15,1536,0,840,8,6,7,1,2,-52,0,386,5328,215,0,0 '
Received from ('fd00::200:0:0:1', 5678, 0, 0): b' 3524,1,0,256,0,6,0,0,4,0,0,0,10,1368,15526,4194,0,0 '
Received from ('fd00::200:0:0:2', 8765, 0, 0): b' 3524,2,1,512,20,782,7,1,6,1,1,-88,7,1277,14666,235,0,0 '
Received from ('fd00::200:0:0:c', 8765, 0, 0): b' 3524,12,8,1024,0,425,8,25,7,1,4,-52,4,2112,15447,132,1,5 '
Received from ('fd00::200:0:0:a', 8765, 0, 0): b' 3524,10,6,1024,0,337,3,5,7,1,1,-52,0,756,11956,110,1,5 '
Received from ('fd00::200:0:0:d', 8765, 0, 0): b' 3525,13,8,1024,0,31,5,2,7,1,3,-70,0,380,8692,32,0,0 '
Received from ('fd00::200:0:0:5', 8765, 0, 0): b' 3526,5,1,512,0,817,7,1,6,2,1,-94,10,4602,28391,235,0,0 '
Received from ('fd00::200:0:0:b', 8765, 0, 0): b' 3525,11,8,1024,0,785,3,30,7,1,1,-70,6,2533,19904,193,0,0 '
Received from ('fd00::200:0:0:f', 8765, 0, 0): b' 3526,15,12,1280,0,785,8,17,7,1,3,-70,2,1482,15153,227,0,0 '
Received from ('fd00::200:0:0:10', 8765, 0, 0): b' 3528,16,11,1280,0,807,9,19,7,1,3,-70,2,657,7567,201,0,0 '
Received from ('fd00::200:0:0:12', 8765, 0, 0): b' 3526,18,15,1536,0,905,7,5,5,1,1,-70,0,552,4590,218,0,0 '
Received from ('fd00::200:0:0:e', 8765, 0, 0): b' 3526,14,11,1280,10,845,6,8,7,1,2,-70,0,363,4630,205,0,0 '
Received from ('fd00::200:0:0:4', 8765, 0, 0): b' 3529,4,1,512,0,851,7,3,7,1,1,-66,0,696,9521,236,0,0 '
Received from ('fd00::200:0:0:11', 8765, 0, 0): b' 3528,17,12,1280,0,458,13,1,7,1,7,-70,0,443,5536,130,0,0 '
Received from ('fd00::200:0:0:5', 8765, 0, 0): b' 3530,5,1,512,10,818,7,1,6,2,1,-94,10,2083,12692,236,0,0 '
Received from ('fd00::200:0:0:8', 8765, 0, 0): b' 3529,8,5,768,0,834,5,14,7,1,1,-70,10,3607,21386,232,0,0 '
Received from ('fd00::200:0:0:6', 8765, 0, 0): b' 3529,6,2,768,10,421,8,6,7,1,4,-52,1,1199,13250,121,1,5 '
Received from ('fd00::200:0:0:d', 8765, 0, 0): b' 3529,13,8,1024,0,31,5,2,7,1,3,-70,0,252,3678,32,0,0 '
Received from ('fd00::200:0:0:7', 8765, 0, 0): b' 3530,7,2,768,0,860,9,11,7,1,2,-70,5,1165,14735,229,0,0 '
Received from ('fd00::200:0:0:14', 8765, 0, 0): b' 3531,20,16,1536,0,881,9,5,7,1,3,-52,0,563,7998,217,0,0 '
Received from ('fd00::200:0:0:3', 8765, 0, 0): b' 3531,3,1,512,0,821,7,2,7,1,1,-64,5,814,11151,234,0,0 '
Received from ('fd00::200:0:0:1', 5678, 0, 0): b' 3532,1,0,256,0,6,0,0,4,0,0,0,10,2078,21587,4202,0,0 '
Received from ('fd00::200:0:0:13', 8765, 0, 0): b' 3531,19,15,1536,0,843,8,6,7,1,2,-52,0,624,7545,215,0,0 '
Received from ('fd00::200:0:0:15', 8765, 0, 0): b' 3532,21,16,1536,0,856,8,7,5,1,3,-70,0,694,9274,211,0,0 '
Received from ('fd00::200:0:0:c', 8765, 0, 0): b' 3533,12,8,1024,0,427,8,25,7,1,4,-52,4,1796,15611,132,1,5 '
Received from ('fd00::200:0:0:e', 8765, 0, 0): b' 3533,14,11,1280,10,847,6,8,7,1,2,-70,0,550,6217,206,0,0 '
Received from ('fd00::200:0:0:2', 8765, 0, 0): b' 3535,2,1,512,20,787,7,1,6,1,1,-88,7,2362,21049,236,0,0 '
Received from ('fd00::200:0:0:a', 8765, 0, 0): b' 3533,10,6,1024,0,338,3,5,7,1,1,-52,0,616,12166,111,1,5 '
Received from ('fd00::200:0:0:f', 8765, 0, 0): b' 3534,15,12,1280,0,786,8,17,7,1,3,-70,2,1292,12751,228,0,0 '
Received from ('fd00::200:0:0:7', 8765, 0, 0): b' 3535,7,2,768,0,862,9,11,7,1,2,-70,5,627,5867,229,0,0 '
Received from ('fd00::200:0:0:11', 8765, 0, 0): b' 3534,17,12,1280,0,458,13,1,7,1,7,-70,0,350,5604,130,0,0 '
Received from ('fd00::200:0:0:d', 8765, 0, 0): b' 3534,13,8,1024,10,31,5,2,7,1,3,-70,0,252,4782,32,0,0 '
Received from ('fd00::200:0:0:5', 8765, 0, 0): b' 3537,5,1,512,0,820,7,1,6,2,1,-94,10,2823,16789,236,0,0 '
Received from ('fd00::200:0:0:12', 8765, 0, 0): b' 3535,18,15,1536,0,906,7,5,5,1,1,-70,0,411,7998,218,0,0 '
Received from ('fd00::200:0:0:4', 8765, 0, 0): b' 3538,4,1,512,0,853,7,3,7,1,1,-66,0,756,10933,237,0,0 '
Received from ('fd00::200:0:0:14', 8765, 0, 0): b' 3536,20,16,1536,10,882,9,5,7,1,3,-52,0,279,5047,217,0,0 '
Received from ('fd00::200:0:0:6', 8765, 0, 0): b' 3538,6,2,768,0,423,8,6,7,1,4,-52,1,942,12711,121,1,5 '
Received from ('fd00::200:0:0:8', 8765, 0, 0): b' 3538,8,5,768,50,839,5,14,7,1,1,-70,10,3825,24349,232,0,0 '
Received from ('fd00::200:0:0:b', 8765, 0, 0): b' 3535,11,8,1024,10,787,3,30,7,1,1,-70,6,2242,18836,194,0,0 '
Received from ('fd00::200:0:0:10', 8765, 0, 0): b' 3537,16,11,1280,0,807,9,19,7,1,3,-70,2,1435,17139,202,0,0 '
Received from ('fd00::200:0:0:c', 8765, 0, 0): b' 3537,12,8,1024,0,429,8,25,7,1,4,-52,4,1339,9066,133,1,5 '
Received from ('fd00::200:0:0:15', 8765, 0, 0): b' 3537,21,16,1536,0,856,8,7,5,1,3,-70,0,279,6089,211,0,0 '
Received from ('fd00::200:0:0:2', 8765, 0, 0): b' 3541,2,1,512,0,792,7,1,6,1,1,-88,7,2001,14725,236,0,0 '
Received from ('fd00::200:0:0:13', 8765, 0, 0): b' 3541,19,15,1536,0,847,8,6,7,1,2,-52,0,908,9843,216,0,0 '
Received from ('fd00::200:0:0:1', 5678, 0, 0): b' 3542,1,0,256,0,6,0,0,4,0,0,0,10,2372,26279,4215,0,0 '
Received from ('fd00::200:0:0:e', 8765, 0, 0): b' 3540,14,11,1280,0,848,6,8,7,1,2,-70,0,508,7084,206,0,0 '
Received from ('fd00::200:0:0:5', 8765, 0, 0): b' 3543,5,1,512,0,821,7,1,6,2,1,-94,10,2433,14872,236,0,0 '
Received from ('fd00::200:0:0:3', 8765, 0, 0): b' 3543,3,1,512,0,823,7,2,7,1,1,-64,5,781,13919,235,0,0 '
Received from ('fd00::200:0:0:a', 8765, 0, 0): b' 3541,10,6,1024,0,340,3,5,7,1,1,-52,0,806,10176,112,1,5 '
Received from ('fd00::200:0:0:d', 8765, 0, 0): b' 3542,13,8,1024,0,32,5,2,7,1,3,-70,0,561,7269,33,0,0 '
Received from ('fd00::200:0:0:12', 8765, 0, 0): b' 3543,18,15,1536,0,907,7,5,5,1,1,-70,0,563,7309,219,0,0 '
Received from ('fd00::200:0:0:f', 8765, 0, 0): b' 3543,15,12,1280,0,787,8,17,7,1,3,-70,2,1344,14933,228,0,0 '
Received from ('fd00::200:0:0:14', 8765, 0, 0): b' 3542,20,16,1536,0,886,9,5,7,1,3,-52,0,839,7890,217,0,0 '
Received from ('fd00::200:0:0:7', 8765, 0, 0): b' 3544,7,2,768,10,866,9,11,7,1,2,-70,5,824,11572,230,0,0 '
Received from ('fd00::200:0:0:11', 8765, 0, 0): b' 3544,17,12,1280,0,461,13,1,7,1,7,-70,0,802,9322,131,0,0 '
Received from ('fd00::200:0:0:2', 8765, 0, 0): b' 3545,2,1,512,0,792,7,1,6,1,1,-88,7,945,8469,236,0,0 '
Received from ('fd00::200:0:0:8', 8765, 0, 0): b' 3545,8,5,768,10,841,5,14,7,1,1,-70,10,2822,17626,233,0,0 '
Received from ('fd00::200:0:0:d', 8765, 0, 0): b' 3547,13,8,1024,0,34,5,2,7,1,3,-70,0,393,4696,33,0,0 '
Received from ('fd00::200:0:0:4', 8765, 0, 0): b' 3548,4,1,512,0,858,7,3,7,1,1,-66,0,981,13401,237,0,0 '
Received from ('fd00::200:0:0:7', 8765, 0, 0): b' 3548,7,2,768,0,866,9,11,7,1,2,-70,5,483,5481,230,0,0 '
Received from ('fd00::200:0:0:b', 8765, 0, 0): b' 3547,11,8,1024,0,788,3,30,7,1,1,-70,6,2002,19181,194,0,0 '
Received from ('fd00::200:0:0:12', 8765, 0, 0): b' 3548,18,15,1536,0,909,7,5,5,1,1,-70,0,469,4506,219,0,0 '
Received from ('fd00::200:0:0:1', 5678, 0, 0): b' 3550,1,0,256,0,6,0,0,4,0,0,0,10,1950,19932,4226,0,0 '
Received from ('fd00::200:0:0:2', 8765, 0, 0): b' 3549,2,1,512,0,792,7,1,6,1,1,-88,7,637,7983,237,0,0 '
Received from ('fd00::200:0:0:c', 8765, 0, 0): b' 3547,12,8,1024,0,430,8,25,7,1,4,-52,4,1977,17619,133,1,5 '
Received from ('fd00::200:0:0:a', 8765, 0, 0): b' 3547,10,6,1024,0,342,3,5,7,1,1,-52,0,601,7926,112,1,5 '
Received from ('fd00::200:0:0:15', 8765, 0, 0): b' 3547,21,16,1536,0,859,8,7,5,1,3,-70,0,801,8960,212,0,0 '
Received from ('fd00::200:0:0:6', 8765, 0, 0): b' 3549,6,2,768,0,427,8,6,7,1,4,-52,1,1753,18408,122,1,5 '
Received from ('fd00::200:0:0:10', 8765, 0, 0): b' 3548,16,11,1280,0,812,9,19,7,1,3,-70,2,2261,20024,203,0,0 '
Received from ('fd00::200:0:0:11', 8765, 0, 0): b' 3550,17,12,1280,0,463,13,1,7,1,7,-70,0,494,5760,131,0,0 '
Received from ('fd00::200:0:0:e', 8765, 0, 0): b' 3549,14,11,1280,10,850,6,8,7,1,2,-70,0,573,8271,207,0,0 '
Received from ('fd00::200:0:0:4', 8765, 0, 0): b' 3553,4,1,512,0,860,7,3,7,1,1,-66,0,445,5602,238,0,0 '
Received from ('fd00::200:0:0:13', 8765, 0, 0): b' 3550,19,15,1536,0,849,8,6,7,1,2,-52,0,670,8315,217,0,0 '
Received from ('fd00::200:0:0:f', 8765, 0, 0): b' 3552,15,12,1280,0,790,8,17,7,1,3,-70,2,1614,15490,229,0,0 '
Received from ('fd00::200:0:0:3', 8765, 0, 0): b' 3553,3,1,512,0,827,8,2,7,1,1,-64,5,1029,13457,236,0,0 '
Received from ('fd00::200:0:0:a', 8765, 0, 0): b' 3552,10,6,1024,10,344,3,5,7,1,1,-52,0,371,5450,112,1,5 '
Received from ('fd00::200:0:0:8', 8765, 0, 0): b' 3553,8,5,768,10,841,5,14,7,1,1,-70,10,3318,23255,233,0,0 '
Received from ('fd00::200:0:0:14', 8765, 0, 0): b' 3552,20,16,1536,0,891,9,5,7,1,3,-52,0,1015,10303,218,0,0 '
Received from ('fd00::200:0:0:5', 8765, 0, 0): b' 3555,5,1,512,0,823,7,1,6,2,1,-94,10,4635,28868,237,0,0 '
Received from ('fd00::200:0:0:7', 8765, 0, 0): b' 3554,7,2,768,0,867,9,11,7,1,2,-70,5,440,7737,231,0,0 '
Received from ('fd00::200:0:0:10', 8765, 0, 0): b' 3554,16,11,1280,10,813,9,19,7,1,3,-70,2,713,9584,203,0,0 '
Received from ('fd00::200:0:0:2', 8765, 0, 0): b' 3557,2,1,512,0,796,7,1,6,1,1,-88,7,2043,16337,237,0,0 '
Received from ('fd00::200:0:0:d', 8765, 0, 0): b' 3556,13,8,1024,0,38,5,2,7,1,3,-70,0,881,9134,34,0,0 '
Received from ('fd00::200:0:0:6', 8765, 0, 0): b' 3556,6,2,768,10,428,8,6,7,1,4,-52,1,739,11447,122,1,5 '
Received from ('fd00::200:0:0:1', 5678, 0, 0): b' 3558,1,0,256,0,6,0,0,4,0,0,0,10,2180,23548,4236,0,0 '
Received from ('fd00::200:0:0:a', 8765, 0, 0): b' 3558,10,6,1024,0,345,3,5,7,1,1,-52,0,470,6556,113,1,5 '
Received from ('fd00::200:0:0:b', 8765, 0, 0): b' 3557,11,8,1024,0,792,3,30,7,1,1,-70,6,2228,17747,195,0,0 '
Received from ('fd00::200:0:0:e', 8765, 0, 0): b' 3557,14,11,1280,0,853,6,8,7,1,2,-70,0,722,7484,207,0,0 '
Received from ('fd00::200:0:0:15', 8765, 0, 0): b' 3556,21,16,1536,0,861,8,7,5,1,3,-70,0,670,8579,213,0,0 '
Received from ('fd00::200:0:0:13', 8765, 0, 0): b' 3556,19,15,1536,10,849,8,6,7,1,2,-52,0,279,6233,217,0,0 '
Received from ('fd00::200:0:0:5', 8765, 0, 0): b' 3560,5,1,512,10,826,7,1,6,2,1,-94,10,1976,12657,237,0,0 '
Received from ('fd00::200:0:0:12', 8765, 0, 0): b' 3558,18,15,1536,10,912,7,5,5,1,1,-70,0,704,9997,220,0,0 '
Received from ('fd00::200:0:0:6', 8765, 0, 0): b' 3561,6,2,768,0,429,8,6,7,1,4,-52,1,812,6930,123,1,5 '
Received from ('fd00::200:0:0:c', 8765, 0, 0): b' 3560,12,8,1024,0,431,8,25,7,1,4,-52,4,2079,20402,134,1,5 '
Received from ('fd00::200:0:0:f', 8765, 0, 0): b' 3561,15,12,1280,0,792,8,17,7,1,3,-70,2,1346,14268,229,0,0 '
Received from ('fd00::200:0:0:7', 8765, 0, 0): b' 3561,7,2,768,0,869,9,11,7,1,2,-70,5,513,7905,231,0,0 '
Received from ('fd00::200:0:0:4', 8765, 0, 0): b' 3562,4,1,512,0,862,7,3,7,1,1,-66,0,611,11020,238,0,0 '
Received from ('fd00::200:0:0:11', 8765, 0, 0): b' 3562,17,12,1280,0,467,13,1,7,1,7,-70,0,933,11538,132,0,0 '
Received from ('fd00::200:0:0:10', 8765, 0, 0): b' 3562,16,11,1280,0,814,9,19,7,1,3,-70,2,1111,10605,203,0,0 '
Received from ('fd00::200:0:0:a', 8765, 0, 0): b' 3562,10,6,1024,0,345,3,5,7,1,1,-52,0,278,5850,113,1,5 '
Received from ('fd00::200:0:0:8', 8765, 0, 0): b' 3565,8,5,768,20,843,5,14,7,1,1,-70,10,4395,31075,234,0,0 '
Received from ('fd00::200:0:0:3', 8765, 0, 0): b' 3565,3,1,512,0,831,8,2,7,1,1,-64,5,950,15038,237,0,0 '
Received from ('fd00::200:0:0:14', 8765, 0, 0): b' 3562,20,16,1536,0,894,9,5,7,1,3,-52,0,780,8276,219,0,0 '
Received from ('fd00::200:0:0:e', 8765, 0, 0): b' 3565,14,11,1280,0,853,6,8,7,1,2,-70,0,359,6871,208,0,0 '
Received from ('fd00::200:0:0:f', 8765, 0, 0): b' 3565,15,12,1280,0,793,8,17,7,1,3,-70,2,683,7204,230,0,0 '
Received from ('fd00::200:0:0:b', 8765, 0, 0): b' 3566,11,8,1024,0,798,3,30,7,1,1,-70,6,2362,16441,196,0,0 '
Received from ('fd00::200:0:0:c', 8765, 0, 0): b' 3566,12,8,1024,10,432,8,25,7,1,4,-52,4,1361,11514,135,1,5 '
Received from ('fd00::200:0:0:15', 8765, 0, 0): b' 3565,21,16,1536,10,864,8,7,5,1,3,-70,0,541,8718,213,0,0 '
Received from ('fd00::200:0:0:11', 8765, 0, 0): b' 3566,17,12,1280,0,467,13,1,7,1,7,-70,0,258,3744,132,0,0 '
Received from ('fd00::200:0:0:d', 8765, 0, 0): b' 3566,13,8,1024,0,42,5,2,7,1,3,-70,0,975,10283,35,0,0 '
Received from ('fd00::200:0:0:13', 8765, 0, 0): b' 3567,19,15,1536,0,851,8,6,7,1,2,-52,0,719,10282,218,0,0 '
Received from ('fd00::200:0:0:2', 8765, 0, 0): b' 3569,2,1,512,0,799,7,1,6,1,1,-88,7,2343,23701,238,0,0 '
Received from ('fd00::200:0:0:1', 5678, 0, 0): b' 3569,1,0,256,0,6,0,0,4,0,0,0,10,2420,28135,4249,0,0 '
Received from ('fd00::200:0:0:5', 8765, 0, 0): b' 3569,5,1,512,0,827,7,1,6,2,1,-94,10,3780,21947,238,0,0 '
Received from ('fd00::200:0:0:14', 8765, 0, 0): b' 3566,20,16,1536,10,897,9,5,7,1,3,-52,0,576,5160,219,0,0 '
Received from ('fd00::200:0:0:12', 8765, 0, 0): b' 3568,18,15,1536,0,915,7,5,5,1,1,-70,0,826,10236,221,0,0 '
Received from ('fd00::200:0:0:7', 8765, 0, 0): b' 3569,7,2,768,10,870,9,11,7,1,2,-70,5,756,10152,232,0,0 '
Received from ('fd00::200:0:0:6', 8765, 0, 0): b' 3572,6,2,768,0,432,8,6,7,1,4,-52,1,1166,16502,123,1,5 '
Received from ('fd00::200:0:0:8', 8765, 0, 0): b' 3572,8,5,768,0,843,5,14,7,1,1,-70,10,2703,17265,235,0,0 '
Received from ('fd00::200:0:0:f', 8765, 0, 0): b' 3572,15,12,1280,0,795,8,17,7,1,3,-70,2,1190,11577,230,0,0 '
Received from ('fd00::200:0:0:11', 8765, 0, 0): b' 3572,17,12,1280,0,469,13,1,7,1,7,-70,0,550,6483,133,0,0 '
Received from ('fd00::200:0:0:4', 8765, 0, 0): b' 3573,4,1,512,0,867,7,3,7,1,1,-66,0,1050,14315,239,0,0 '
Received from ('fd00::200:0:0:3', 8765, 0, 0): b' 3574,3,1,512,0,833,8,2,7,1,1,-64,5,612,10738,237,0,0 '
Received from ('fd00::200:0:0:10', 8765, 0, 0): b' 3573,16,11,1280,0,820,9,19,7,1,3,-70,2,2349,20154,204,0,0 '
Received from ('fd00::200:0:0:e', 8765, 0, 0): b' 3573,14,11,1280,10,857,6,8,7,1,2,-70,0,828,8649,208,0,0 '
Received from ('fd00::200:0:0:a', 8765, 0, 0): b' 3575,10,6,1024,0,349,3,5,7,1,1,-52,0,1043,13848,114,1,5 '
Received from ('fd00::200:0:0:14', 8765, 0, 0): b' 3574,20,16,1536,0,899,9,5,7,1,3,-52,0,686,7697,219,0,0 '
Received from ('fd00::200:0:0:2', 8765, 0, 0): b' 3575,2,1,512,0,799,7,1,6,1,1,-88,7,1464,13862,238,0,0 '
Received from ('fd00::200:0:0:1', 5678, 0, 0): b' 3576,1,0,256,0,6,0,0,4,0,0,0,10,1610,17541,4256,0,0 '
Received from ('fd00::200:0:0:c', 8765, 0, 0): b' 3575,12,8,1024,10,434,8,26,7,1,4,-52,4,1998,16103,135,1,5 '
Received from ('fd00::200:0:0:12', 8765, 0, 0): b' 3575,18,15,1536,0,917,7,5,5,1,1,-70,0,494,6042,221,0,0 '
Received from ('fd00::200:0:0:15', 8765, 0, 0): b' 3576,21,16,1536,10,866,8,7,5,1,3,-70,0,778,8803,214,0,0 '
Received from ('fd00::200:0:0:7', 8765, 0, 0): b' 3577,7,2,768,0,870,9,11,7,1,2,-70,5,387,9367,232,0,0 '
Received from ('fd00::200:0:0:b', 8765, 0, 0): b' 3576,11,8,1024,30,800,3,30,7,1,1,-70,6,2247,18430,196,0,0 '
Received from ('fd00::200:0:0:5', 8765, 0, 0): b' 3578,5,1,512,0,829,7,1,6,2,1,-94,10,3265,21338,239,0,0 '
Received from ('fd00::200:0:0:d', 8765, 0, 0): b' 3577,13,8,1024,0,45,5,2,7,1,3,-70,0,767,10073,35,0,0 '
Received from ('fd00::200:0:0:f', 8765, 0, 0): b' 3578,15,12,1280,0,796,8,17,7,1,3,-70,2,997,10222,231,0,0 '
Received from ('fd00::200:0:0:13', 8765, 0, 0): b' 3579,19,15,1536,10,855,8,6,7,1,2,-52,0,826,11011,219,0,0 '
Received from ('fd00::200:0:0:7', 8765, 0, 0): b' 3581,7,2,768,0,871,9,11,7,1,2,-70,5,482,5339,232,0,0 '
Received from ('fd00::200:0:0:6', 8765, 0, 0): b' 3580,6,2,768,20,437,8,6,7,1,4,-52,1,1532,15187,124,1,5 '
Received from ('fd00::200:0:0:c', 8765, 0, 0): b' 3580,12,8,1024,0,435,8,26,7,1,4,-52,4,1283,8877,136,1,5 '
Received from ('fd00::200:0:0:a', 8765, 0, 0): b' 3581,10,6,1024,0,354,3,5,7,1,1,-52,0,924,8247,114,1,5 '
Received from ('fd00::200:0:0:e', 8765, 0, 0): b' 3580,14,11,1280,0,858,6,8,7,1,2,-70,0,467,6507,209,0,0 '
Received from ('fd00::200:0:0:4', 8765, 0, 0): b' 3582,4,1,512,0,870,7,3,7,1,1,-66,0,742,10416,239,0,0 '
Received from ('fd00::200:0:0:12', 8765, 0, 0): b' 3579,18,15,1536,0,919,7,5,5,1,1,-70,0,469,4730,221,0,0 '
Received from ('fd00::200:0:0:10', 8765, 0, 0): b' 3582,16,11,1280,0,822,9,19,7,1,3,-70,2,1360,14808,205,0,0 '
Received from ('fd00::200:0:0:1', 5678, 0, 0): b' 3583,1,0,256,0,6,0,0,4,0,0,0,10,1707,19483,4268,0,0 '
Received from ('fd00::200:0:0:5', 8765, 0, 0): b' 3583,5,1,512,0,831,7,1,6,2,1,-94,10,2357,13954,239,0,0 '
Received from ('fd00::200:0:0:8', 8765, 0, 0): b' 3583,8,5,768,10,846,5,14,7,1,1,-70,10,4884,31946,235,0,0 '
Received from ('fd00::200:0:0:d', 8765, 0, 0): b' 3582,13,8,1024,0,48,5,2,7,1,3,-70,0,654,6565,36,0,0 '
Received from ('fd00::200:0:0:11', 8765, 0, 0): b' 3584,17,12,1280,10,474,13,1,7,1,7,-70,0,954,10411,133,0,0 '
Received from ('fd00::200:0:0:14', 8765, 0, 0): b' 3584,20,16,1536,0,901,9,5,7,1,3,-52,0,736,9707,220,0,0 '
Received from ('fd00::200:0:0:3', 8765, 0, 0): b' 3584,3,1,512,0,834,8,2,7,1,1,-64,5,604,12771,238,0,0 '
Received from ('fd00::200:0:0:2', 8765, 0, 0): b' 3586,2,1,512,0,800,7,1,6,1,1,-88,7,2110,21111,239,0,0 '
Received from ('fd00::200:0:0:13', 8765, 0, 0): b' 3584,19,15,1536,10,859,8,6,7,1,2,-52,0,680,5809,219,0,0 '
Received from ('fd00::200:0:0:c', 8765, 0, 0): b' 3584,12,8,1024,0,437,8,26,7,1,4,-52,4,1136,9891,136,1,5 '
Received from ('fd00::200:0:0:15', 8765, 0, 0): b' 3585,21,16,1536,0,869,8,7,5,1,3,-70,0,802,9742,215,0,0 '
Received from ('fd00::200:0:0:7', 8765, 0, 0): b' 3587,7,2,768,0,872,9,11,7,1,2,-70,5,468,7435,233,0,0 '
Received from ('fd00::200:0:0:f', 8765, 0, 0): b' 3586,15,12,1280,0,797,8,17,7,1,3,-70,2,1289,12787,231,0,0 '
Received from ('fd00::200:0:0:b', 8765, 0, 0): b' 3586,11,8,1024,0,805,3,30,7,1,1,-70,6,2347,19225,197,0,0 '
Received from ('fd00::200:0:0:6', 8765, 0, 0): b' 3587,6,2,768,10,438,8,6,7,1,4,-52,1,931,11319,125,1,5 '
Received from ('fd00::200:0:0:a', 8765, 0, 0): b' 3589,10,6,1024,0,358,3,5,7,1,1,-52,0,911,10171,115,1,5 '
Received from ('fd00::200:0:0:11', 8765, 0, 0): b' 3589,17,12,1280,0,476,13,1,7,1,7,-70,0,553,5461,134,0,0 '
Received from ('fd00::200:0:0:c', 8765, 0, 0): b' 3588,12,8,1024,10,438,8,26,7,1,4,-52,4,789,7088,136,1,5 '
Received from ('fd00::200:0:0:d', 8765, 0, 0): b' 3589,13,8,1024,0,49,5,2,7,1,3,-70,0,383,6343,36,0,0 '
Received from ('fd00::200:0:0:7', 8765, 0, 0): b' 3591,7,2,768,0,873,9,11,7,1,2,-70,5,384,6068,233,0,0 '
Received from ('fd00::200:0:0:4', 8765, 0, 0): b' 3592,4,1,512,0,874,7,3,7,1,1,-66,0,925,12340,240,0,0 '
Received from ('fd00::200:0:0:e', 8765, 0, 0): b' 3591,14,11,1280,0,860,6,8,7,1,2,-70,0,694,10417,210,0,0 '
Received from ('fd00::200:0:0:12', 8765, 0, 0): b' 3590,18,15,1536,0,922,7,5,5,1,1,-70,0,825,11375,222,0,0 '
Received from ('fd00::200:0:0:1', 5678, 0, 0): b' 3593,1,0,256,0,6,0,0,4,0,0,0,10,2369,26244,4279,0,0 '
Received from ('fd00::200:0:0:8', 8765, 0, 0): b' 3592,8,5,768,50,849,5,14,7,1,1,-70,10,3692,24785,236,0,0 '
Received from ('fd00::200:0:0:f', 8765, 0, 0): b' 3591,15,12,1280,0,798,8,17,7,1,3,-70,2,795,9068,231,0,0 '
Received from ('fd00::200:0:0:a', 8765, 0, 0): b' 3594,10,6,1024,20,360,3,5,7,1,1,-52,0,362,6076,115,1,5 '
Received from ('fd00::200:0:0:5', 8765, 0, 0): b' 3595,5,1,512,0,835,7,1,6,2,1,-94,10,4550,28314,240,0,0 '
Received from ('fd00::200:0:0:14', 8765, 0, 0): b' 3593,20,16,1536,0,901,9,5,7,1,3,-52,0,383,8492,221,0,0 '
Received from ('fd00::200:0:0:2', 8765, 0, 0): b' 3595,2,1,512,0,803,7,1,6,1,1,-88,7,2209,19412,240,0,0 '
Received from ('fd00::200:0:0:10', 8765, 0, 0): b' 3594,16,11,1280,10,828,9,19,7,1,3,-70,2,2145,19588,206,0,0 '
Received from ('fd00::200:0:0:c', 8765, 0, 0): b' 3594,12,8,1024,0,443,8,26,7,1,4,-52,4,1445,10165,137,1,5 '
Received from ('fd00::200:0:0:3', 8765, 0, 0): b' 3596,3,1,512,0,838,8,2,7,1,1,-64,5,949,14491,239,0,0 '
Received from ('fd00::200:0:0:d', 8765, 0, 0): b' 3594,13,8,1024,0,51,5,2,7,1,3,-70,0,540,5136,37,0,0 '
Received from ('fd00::200:0:0:6', 8765, 0, 0): b' 3598,6,2,768,0,442,8,6,7,1,4,-52,1,1429,15067,125,1,5 '
Received from ('fd00::200:0:0:13', 8765, 0, 0): b' 3594,19,15,1536,0,863,8,6,7,1,2,-52,0,933,10724,220,0,0 '
Received from ('fd00::200:0:0:8', 8765, 0, 0): b' 3598,8,5,768,50,849,5,14,7,1,1,-70,10,2127,14186,236,0,0 '
Received from ('fd00::200:0:0:b', 8765, 0, 0): b' 3595,11,8,1024,10,809,3,30,7,1,1,-70,6,2147,16932,198,0,0 '
Received from ('fd00::200:0:0:4', 8765, 0, 0): b' 3599,4,1,512,0,876,7,3,7,1,1,-66,0,584,8467,241,0,0 '
Received from ('fd00::200:0:0:15', 8765, 0, 0): b' 3597,21,16,1536,0,869,8,7,5,1,3,-70,0,448,9846,215,0,0 '
