timestamp,node_id,parent_id,rank,buf_occupancy,dio_sent,dao_sent,dis_sent,nbr_count,tx_slot_count,parent_switch_count,rssi,route_count,delta_tx,delta_rx,app_packet_count,forward_ratio,bcast_tx,is_attacker,attack_type
8,1,0,256,0,1,0,0,1,0,0,0,0,615,3684,0,100,15,0,0
13,1,0,256,0,2,0,0,3,0,0,0,3,633,4244,0,100,5,0,0
6,2,1,512,10,0,0,1,1,0,1,-88,0,318,33022,0,100,3,0,0
14,2,1,640,80,2,2,1,2,0,1,-88,0,1267,7752,1,100,9,0,0
17,1,0,256,0,2,0,0,3,0,0,0,3,884,4995,1,100,4,0,0
25,1,0,256,0,3,0,0,3,0,0,0,3,1054,9046,1,100,6,0,0
26,2,1,512,0,4,2,1,2,1,1,-88,0,1568,12541,1,100,8,0,0
6,4,1,512,10,0,0,1,1,0,1,-66,0,270,35117,0,100,3,0,0
11,4,1,640,70,1,1,1,3,0,1,-66,0,533,5548,1,100,5,0,0
21,4,1,640,60,2,2,1,3,0,1,-66,0,1470,9216,1,100,8,0,0
6,5,1,896,10,0,0,1,1,0,1,-94,0,270,21262,0,100,3,0,0
12,5,1,896,50,2,1,1,1,0,1,-94,0,863,5669,1,100,7,0,0
21,5,1,896,70,2,2,1,2,0,1,-94,0,786,8317,1,100,6,0,0
31,5,1,718,0,3,2,1,2,1,1,-94,0,1628,10914,2,100,6,0,0
31,4,1,512,0,4,2,1,3,1,1,-66,0,1742,12089,2,100,8,0,0
32,2,1,512,10,4,2,1,2,1,1,-88,0,547,6427,2,100,3,0,0
36,1,0,256,0,3,0,0,3,0,0,0,3,1872,18909,6,100,5,0,0
37,5,1,526,0,4,2,1,2,1,1,-94,0,573,5932,2,100,4,0,0
41,2,1,512,0,5,2,1,2,1,1,-88,0,717,8342,2,100,5,0,0
43,1,0,256,0,4,0,0,4,0,0,0,3,1119,12357,9,100,5,0,0
42,4,1,512,0,5,2,1,4,1,1,-66,0,817,10701,3,100,5,0,0
46,2,1,512,0,6,2,1,3,1,1,-88,1,689,4768,3,100,3,0,0
47,5,1,512,0,5,2,1,3,1,1,-94,0,791,9965,3,100,5,0,0
41,3,2,896,10,1,0,1,3,0,1,-52,0,363,4268,0,100,3,0,0
50,1,0,256,0,5,0,0,4,0,0,0,4,1366,14215,9,100,4,0,0
48,3,1,640,30,1,2,1,4,0,2,-64,0,1180,6516,0,100,8,0,0
54,4,1,512,0,7,3,1,4,1,1,-66,0,1337,11443,3,100,6,0,0
55,2,1,512,0,8,3,1,3,1,1,-88,1,1292,11161,3,100,4,0,0
58,4,1,512,0,7,3,1,4,1,1,-66,0,329,4094,4,100,1,0,0
59,3,1,512,0,3,3,1,4,1,2,-64,0,1777,10985,1,100,9,0,0
58,5,1,512,0,7,3,1,3,1,1,-94,0,1474,11405,4,100,6,0,0
59,2,1,512,0,9,3,1,3,1,1,-88,1,426,5196,4,100,2,0,0
60,1,0,256,0,6,0,0,4,0,0,0,4,1851,21003,13,100,5,0,0
65,1,0,256,0,6,0,0,4,0,0,0,4,466,8816,13,100,1,0,0
65,5,1,512,0,8,4,1,3,1,1,-94,0,655,8047,4,100,3,0,0
67,2,1,512,0,9,4,1,3,1,1,-88,1,675,9327,4,100,4,0,0
68,4,1,512,0,8,4,1,4,1,1,-66,0,796,9447,4,100,5,0,0
69,3,1,512,0,3,4,1,4,1,2,-64,0,915,10642,1,100,6,0,0
71,1,0,256,0,6,0,0,4,0,0,0,4,1060,14140,17,100,2,0,0
72,5,1,512,0,9,4,1,3,1,1,-94,0,549,8085,5,100,3,0,0
76,4,1,512,0,9,4,1,4,1,1,-66,0,672,9344,5,100,3,0,0
76,2,1,512,10,10,4,1,3,1,1,-88,1,670,11313,5,100,4,0,0
78,3,1,512,10,4,4,1,4,1,2,-64,0,865,8666,2,100,6,0,0
79,1,0,256,0,6,0,0,4,0,0,0,5,888,14820,17,100,3,0,0
80,4,1,512,0,9,4,1,5,1,1,-66,1,513,5486,5,100,2,0,0
80,5,1,512,0,9,4,1,4,1,1,-94,0,518,10110,5,100,3,0,0
82,2,1,512,0,10,4,1,3,1,1,-88,1,400,7465,5,100,2,0,0
83,3,1,512,0,4,4,1,4,1,2,-64,0,374,4655,2,100,2,0,0
84,1,0,256,0,6,0,0,4,0,0,0,5,555,10242,17,100,1,0,0
77,9,4,768,10,0,0,2,1,0,1,-70,0,415,9924,0,100,4,0,0
81,9,4,768,10,1,1,2,1,0,1,-70,0,665,3757,0,100,5,0,0
85,5,1,512,0,10,4,1,4,1,1,-94,0,451,5686,5,100,3,0,0
86,9,4,768,10,2,1,2,2,1,1,-70,0,1001,5291,1,100,5,0,0
89,4,1,512,0,10,4,1,6,1,1,-66,1,1745,15462,6,100,3,0,0
90,2,1,512,0,10,4,1,3,1,1,-88,1,669,10075,6,100,2,0,0
91,3,1,512,0,4,4,1,5,1,2,-64,0,843,8482,3,100,3,0,0
84,8,4,896,40,1,2,2,2,0,2,-52,0,1092,4132,0,100,8,0,0
91,9,4,768,0,3,1,2,4,1,1,-70,0,789,6582,1,100,5,0,0
88,8,4,896,70,2,3,2,3,0,2,-52,0,468,3486,0,100,4,0,0
93,4,1,512,0,10,4,1,7,1,1,-66,2,1351,8684,6,100,2,0,0
95,5,1,512,0,10,4,1,5,1,1,-94,0,748,12440,6,100,3,0,0
96,1,0,256,0,7,0,0,4,0,0,0,6,1950,23398,23,100,5,0,0
79,7,9,1408,0,0,0,2,1,0,1,-95,0,319,98397,0,100,4,0,0
84,7,4,896,40,1,2,2,2,0,2,-70,0,835,3882,0,100,7,0,0
93,7,4,896,80,2,3,2,3,0,2,-70,0,1475,9567,1,100,11,0,0
99,8,4,768,0,3,3,2,4,1,2,-52,0,1901,11970,1,100,10,0,0
100,3,1,512,0,6,4,1,6,1,2,-64,0,847,8574,3,100,4,0,0
100,1,0,256,0,7,0,0,4,0,0,0,7,781,10176,27,100,1,0,0
100,5,1,512,10,10,4,1,5,1,1,-94,0,278,6982,7,100,1,0,0
100,9,4,768,0,4,1,2,4,1,1,-70,0,967,8755,2,100,6,0,0
102,2,1,512,0,10,4,1,4,1,1,-88,1,623,13503,7,100,3,0,0
103,7,4,768,0,3,3,2,3,1,2,-70,0,1684,11725,2,100,7,0,0
104,1,0,256,0,7,0,0,4,0,0,0,7,985,10047,31,100,1,0,0
105,4,1,512,0,12,4,1,7,1,1,-66,3,3290,28248,7,100,4,0,0
108,9,4,768,0,4,1,2,4,1,1,-70,0,592,7296,2,100,4,0,0
108,3,1,512,0,7,4,1,6,1,2,-64,0,863,11954,4,100,4,0,0
109,1,0,256,0,7,0,0,4,0,0,0,7,469,8626,31,100,1,0,0
108,8,4,768,0,4,3,2,5,1,2,-52,0,1063,10710,2,100,7,0,0
112,4,1,512,0,12,4,1,7,1,1,-66,3,979,14045,7,100,2,0,0
112,5,1,512,10,10,4,1,5,1,1,-94,0,624,14206,7,100,3,0,0
113,2,1,512,0,12,4,1,4,1,1,-88,0,833,13388,7,100,4,0,0
111,7,4,768,0,4,3,2,5,1,2,-70,0,792,7816,2,100,6,0,0
113,9,4,768,10,5,1,2,4,1,1,-70,0,451,4605,2,100,3,0,0
116,7,4,768,0,4,3,2,5,1,2,-70,0,350,4449,2,100,2,0,0
118,5,1,512,0,10,4,1,5,1,1,-94,0,452,7084,8,100,2,0,0
118,8,4,768,0,6,3,2,5,1,2,-52,0,985,9382,3,100,5,0,0
120,4,1,512,0,13,4,1,7,1,1,-66,3,2123,17797,8,100,3,0,0
120,3,1,512,0,9,4,1,6,1,2,-64,0,894,13466,5,100,6,0,0
121,2,1,512,0,12,4,1,4,1,1,-88,0,503,9490,8,100,2,0,0
121,1,0,256,0,7,0,0,4,0,0,0,7,1970,25294,38,100,4,0,0
121,7,4,768,0,6,3,2,5,1,2,-70,0,856,5022,3,100,3,0,0
122,8,4,768,0,6,3,2,5,1,2,-52,0,587,4264,3,100,3,0,0
123,9,4,768,0,5,1,2,4,1,1,-70,0,795,10581,3,100,4,0,0
126,1,0,256,0,7,0,0,4,0,0,0,8,436,9867,38,100,1,0,0
128,3,1,512,0,10,4,1,7,1,2,-64,0,570,9847,5,100,3,0,0
127,2,1,512,0,12,4,1,4,1,1,-88,0,375,7739,8,100,2,0,0
124,11,7,1152,50,1,1,2,3,0,1,-52,0,900,7771,0,100,8,0,0
129,5,1,512,0,12,4,1,5,1,1,-94,0,850,13264,8,100,4,0,0
129,8,4,768,0,7,3,2,6,1,2,-52,0,638,6730,3,100,4,0,0
131,4,1,512,10,13,4,1,7,1,1,-66,4,2043,25045,9,100,2,0,0
131,7,4,768,0,7,3,2,6,1,2,-70,1,1340,10804,3,100,5,0,0
134,9,4,768,0,6,1,2,4,1,1,-70,0,808,9197,4,100,4,0,0
135,2,1,512,0,12,4,1,4,1,1,-88,0,474,9068,9,100,2,0,0
136,5,1,512,0,12,4,1,5,1,1,-94,0,479,8631,9,100,2,0,0
136,11,7,1024,10,2,1,2,3,1,1,-52,0,1531,11049,1,100,8,0,0
136,1,0,256,0,7,0,0,4,0,0,0,8,1933,22888,46,100,3,0,0
136,4,1,512,0,13,4,1,7,1,1,-66,4,1695,14730,9,100,2,0,0
137,3,1,512,0,10,4,1,7,1,2,-64,0,595,12331,6,100,3,0,0
139,8,4,768,0,8,3,2,6,1,2,-52,0,801,9603,4,100,5,0,0
140,9,4,768,0,7,1,2,4,1,1,-70,0,573,6127,4,100,3,0,0
142,7,4,768,0,7,3,2,6,1,2,-70,1,1195,14378,4,100,4,0,0
142,2,1,512,0,12,4,1,4,1,1,-88,0,399,9291,9,100,2,0,0
143,5,1,512,0,12,4,1,5,1,1,-94,0,302,8602,9,100,1,0,0
144,11,7,1024,0,3,1,2,3,1,1,-52,0,723,7897,1,100,5,0,0
144,3,1,512,0,11,4,1,7,1,2,-64,0,477,8540,6,100,3,0,0
145,9,4,768,0,7,1,2,4,1,1,-70,0,434,4577,5,100,2,0,0
145,1,0,256,0,8,0,0,4,0,0,0,8,1226,17322,48,100,3,0,0
146,4,1,512,0,13,5,1,7,1,1,-66,4,2010,22169,10,100,2,0,0
146,8,4,768,0,8,3,2,6,1,2,-52,0,617,9045,4,100,3,0,0
150,1,0,256,0,8,0,0,4,0,0,0,8,887,10093,54,100,1,0,0
150,5,1,512,0,12,5,1,5,1,1,-94,0,582,9526,10,100,2,0,0
150,7,4,768,0,8,3,2,6,1,2,-70,1,1149,11538,5,100,4,0,0
150,9,4,768,0,8,1,2,4,1,1,-70,0,475,5953,5,100,3,0,0
150,4,1,512,0,14,5,1,7,1,1,-66,4,1492,11335,10,100,1,0,0
153,11,7,1024,0,3,1,2,3,1,1,-52,0,678,8189,2,100,4,0,0
153,2,1,512,0,12,5,1,4,1,1,-88,0,578,13189,10,100,2,0,0
155,3,1,512,0,11,5,1,7,1,2,-64,0,796,14031,7,100,4,0,0
154,8,4,768,10,10,3,2,6,1,2,-52,0,757,9398,5,100,5,0,0
156,9,4,768,0,8,1,2,4,1,1,-70,0,374,5352,5,100,2,0,0
159,1,0,256,0,8,0,0,4,0,0,0,8,1161,19513,55,100,2,0,0
160,5,1,512,10,12,5,1,5,1,1,-94,0,544,11524,11,100,3,0,0
160,11,7,1024,0,4,1,2,3,1,1,-52,0,598,6819,2,100,4,0,0
161,7,4,768,0,8,3,2,6,1,2,-70,1,1054,13283,5,100,4,0,0
162,4,1,512,0,14,5,1,7,1,1,-66,4,2206,26349,11,100,2,0,0
162,8,4,768,0,10,3,2,6,1,2,-52,0,400,8576,5,100,2,0,0
164,1,0,256,0,8,0,0,4,0,0,0,8,940,9679,61,100,1,0,0
163,9,4,768,0,9,1,2,4,1,1,-70,0,583,6837,6,100,3,0,0
165,2,1,512,0,12,5,1,4,1,1,-88,0,621,13204,11,100,3,0,0
166,3,1,512,0,11,5,1,7,1,2,-64,0,620,13426,8,100,3,0,0
169,11,7,1024,0,5,1,2,3,1,1,-52,0,780,8185,3,100,4,0,0
168,7,4,768,0,9,3,2,6,1,2,-70,1,1225,11769,6,100,3,0,0
169,5,1,512,0,12,5,1,5,1,1,-94,0,525,10347,11,100,2,0,0
169,9,4,768,0,9,1,2,4,1,1,-70,0,374,5423,6,100,2,0,0
169,8,4,768,0,11,3,2,6,1,2,-52,0,751,9389,6,100,4,0,0
171,2,1,512,0,13,5,1,4,1,1,-88,0,382,7172,11,100,2,0,0
172,1,0,256,0,8,0,0,4,0,0,0,8,1017,16439,63,100,2,0,0
171,4,1,512,0,14,5,1,7,1,1,-66,4,2151,20574,11,100,2,0,0
173,11,7,1024,0,5,1,2,4,1,1,-52,0,352,5180,3,100,2,0,0
173,5,1,512,0,13,5,1,5,1,1,-94,0,363,5548,11,100,1,0,0
173,9,4,768,0,9,1,2,4,1,1,-70,0,337,4209,7,100,1,0,0
174,8,4,768,0,12,3,2,6,1,2,-52,0,431,5390,6,100,1,0,0
176,7,4,768,0,10,3,2,7,1,2,-70,1,1148,12908,6,100,4,0,0
177,3,1,512,0,12,5,1,7,1,2,-64,0,600,12448,9,100,3,0,0
177,4,1,512,10,14,5,1,7,1,1,-66,4,1740,14504,12,100,2,0,0
178,2,1,512,20,14,5,1,5,1,1,-88,1,1031,10044,12,100,3,0,0
179,1,0,256,0,8,0,0,4,0,0,0,9,1544,16736,70,100,2,0,0
176,10,2,1152,30,1,1,3,1,0,1,-95,0,1199,9311,1,100,10,0,0
180,5,1,512,0,13,5,1,5,1,1,-94,0,382,7484,12,100,1,0,0
181,9,4,768,0,10,1,2,4,1,1,-70,0,694,9481,7,100,4,0,0
182,4,1,512,0,14,5,1,7,1,1,-66,4,869,12015,12,100,0,0,0
183,8,4,768,0,12,3,2,6,1,2,-52,0,483,10164,7,100,2,0,0
182,10,2,940,0,2,1,3,2,1,1,-95,0,954,6770,1,100,6,0,0
184,11,7,1024,0,6,1,2,4,1,1,-52,0,827,14122,4,100,5,0,0
187,1,0,256,0,8,0,0,4,0,0,0,10,951,15368,72,100,1,0,0
186,7,4,768,0,11,3,2,7,1,2,-70,1,1002,15251,7,100,3,0,0
188,5,1,512,0,13,5,1,5,1,1,-94,0,400,9205,12,100,2,0,0
188,3,1,512,0,13,5,1,7,1,2,-64,0,628,13184,9,100,3,0,0
189,2,1,512,10,14,5,1,5,1,1,-88,3,1417,16630,12,100,2,0,0
189,4,1,512,10,14,5,1,7,1,1,-66,4,1348,15130,13,100,2,0,0
180,14,10,1196,0,0,0,4,1,0,1,-52,0,28,186935,0,100,1,0,0
191,8,4,768,0,12,3,2,6,1,2,-52,0,521,10131,7,100,3,0,0
191,10,2,768,10,3,1,3,4,1,1,-95,2,1542,9816,2,100,6,0,0
192,3,1,512,10,13,5,1,7,1,2,-64,0,330,5270,10,100,1,0,0
193,2,1,512,20,16,5,1,5,1,1,-88,3,1186,8029,13,100,2,0,0
191,11,7,1024,0,7,1,2,6,1,1,-52,0,670,9499,5,100,3,0,0
190,14,10,1166,20,1,1,4,3,1,1,-52,0,2049,10228,0,100,14,0,0
192,9,4,768,0,12,1,2,4,1,1,-70,0,822,12417,8,100,3,0,0
194,5,1,512,0,13,5,1,5,1,1,-94,0,407,8400,13,100,1,0,0
196,7,4,768,0,12,3,2,7,1,2,-70,1,1078,15155,8,100,3,0,0
197,1,0,256,0,8,0,0,4,0,0,0,10,1985,23849,81,100,3,0,0
197,4,1,512,0,14,5,1,7,1,1,-66,4,1754,17245,13,100,1,0,0
199,3,1,512,0,13,5,1,7,1,2,-64,0,429,8254,10,100,2,0,0
199,10,2,768,0,4,1,3,4,1,1,-95,2,1418,10767,2,100,6,0,0
180,15,10,1196,0,0,0,4,1,0,1,-70,0,28,194941,0,100,1,0,0
199,11,7,1024,10,9,1,2,6,1,1,-52,0,779,9290,5,100,4,0,0
201,2,1,512,10,16,5,1,5,1,1,-88,3,1076,12514,13,100,2,0,0
186,15,10,1324,20,1,1,4,2,0,1,-70,0,1053,5026,0,100,9,0,0
200,8,4,768,0,13,3,2,6,1,2,-52,0,585,10506,8,100,3,0,0
195,15,10,1152,60,2,1,4,3,0,1,-70,0,1258,9057,1,100,10,0,0
201,9,4,768,0,12,1,2,4,1,1,-70,0,605,11078,9,100,3,0,0
202,14,10,1024,0,3,1,4,4,1,1,-52,0,1460,11265,1,100,10,0,0
203,5,1,512,0,13,5,1,5,1,1,-94,0,428,10358,13,100,2,0,0
204,3,1,512,0,13,5,1,7,1,2,-64,0,255,5882,10,100,1,0,0
204,1,0,256,0,8,0,0,4,0,0,0,10,1007,14107,83,100,1,0,0
204,10,2,768,0,5,1,3,4,1,1,-95,3,1602,9895,3,100,3,0,0
205,7,4,768,0,12,3,2,7,1,2,-70,1,759,13376,8,100,3,0,0
206,4,1,512,10,15,5,1,7,1,1,-66,4,1741,19566,14,100,2,0,0
206,15,10,1024,0,3,1,4,5,1,1,-70,1,1867,12740,1,100,7,0,0
207,11,7,1024,0,10,1,2,7,1,1,-52,0,904,10660,6,100,3,0,0
210,5,1,512,0,13,5,1,5,1,1,-94,0,452,7491,14,100,2,0,0
210,3,1,512,0,13,5,1,7,1,2,-64,0,354,7534,11,100,1,0,0
209,10,2,768,0,6,1,3,5,1,1,-95,3,1413,9363,3,100,2,0,0
210,8,4,768,0,13,3,2,6,1,2,-52,0,577,10894,9,100,3,0,0
211,9,4,768,0,13,1,2,4,1,1,-70,0,525,10770,9,100,3,0,0
211,7,4,768,10,12,3,2,7,1,2,-70,1,776,10001,9,100,1,0,0
212,2,1,512,10,16,5,1,5,1,1,-88,4,2672,20801,14,100,2,0,0
213,14,10,1024,0,3,1,4,5,1,1,-52,0,964,10603,2,100,6,0,0
213,10,2,768,10,6,1,3,5,1,1,-95,4,727,7169,3,100,2,0,0
195,19,15,1550,20,0,1,4,2,0,1,-52,0,270,55963,0,100,3,0,0
215,4,1,512,0,15,5,1,7,1,1,-66,4,1950,20747,14,100,1,0,0
202,19,15,1550,60,1,2,4,3,0,1,-52,0,1357,8149,0,100,9,0,0
215,8,4,768,0,13,3,2,6,1,2,-52,0,307,6772,9,100,1,0,0
216,1,0,256,0,8,0,0,4,0,0,0,10,2330,26981,94,100,2,0,0
207,19,15,1550,80,2,2,4,4,0,1,-52,0,347,3374,0,100,3,0,0
206,18,15,1550,50,2,1,4,4,0,1,-70,0,1768,10721,0,100,14,0,0
216,11,7,1024,0,10,1,2,7,1,1,-52,0,585,11177,6,100,2,0,0
211,19,15,1408,60,2,2,4,4,0,1,-52,0,771,4740,1,100,5,0,0
217,3,1,512,0,14,5,1,7,1,2,-64,0,721,9488,11,100,2,0,0
211,18,15,1408,100,2,1,4,4,0,1,-70,0,646,5375,1,100,4,0,0
219,5,1,512,10,13,5,1,5,1,1,-94,0,424,10624,15,100,2,0,0
217,19,15,1280,10,3,2,4,4,1,1,-52,0,1037,5892,1,100,3,0,0
219,15,10,1024,0,4,1,4,5,1,1,-70,2,3110,17996,2,100,7,0,0
219,18,15,1280,0,3,1,4,4,1,1,-70,0,1094,8114,1,100,5,0,0
220,9,4,768,0,13,1,2,4,1,1,-70,0,581,10395,10,100,3,0,0
221,4,1,512,20,15,5,1,7,1,1,-66,4,1009,12926,15,100,1,0,0
221,14,10,1024,0,4,1,4,5,1,1,-52,0,577,7118,2,100,4,0,0
220,7,4,768,0,13,3,2,7,1,2,-70,1,816,13764,9,100,3,0,0
222,3,1,512,0,14,5,1,7,1,2,-64,0,330,5608,12,100,1,0,0
222,2,1,512,0,17,5,1,5,1,1,-88,5,3280,20141,15,100,3,0,0
223,1,0,256,0,8,0,0,4,0,0,0,10,1621,17137,103,100,1,0,0
223,5,1,512,0,13,5,1,5,1,1,-94,0,236,5840,15,100,0,0,0
224,10,2,768,0,7,1,3,6,1,1,-95,4,3278,21808,4,100,5,0,0
224,8,4,768,0,13,3,2,6,1,2,-52,0,399,10343,9,100,2,0,0
224,18,15,1280,0,3,1,4,4,1,1,-70,0,532,5263,2,100,3,0,0
226,4,1,512,0,15,5,1,7,1,1,-66,4,1317,11400,15,100,1,0,0
226,14,10,1024,0,4,1,4,5,1,1,-52,0,433,4729,3,100,3,0,0
226,15,10,1024,0,5,1,4,6,1,1,-70,2,1371,12264,3,100,4,0,0
227,9,4,768,0,13,1,2,4,1,1,-70,0,280,7732,10,100,1,0,0
228,1,0,256,0,8,0,0,4,0,0,0,10,806,9785,108,100,1,0,0
227,11,7,1024,10,11,1,2,7,1,1,-52,0,709,13285,7,100,4,0,0
229,2,1,512,0,17,5,1,5,1,1,-88,5,1450,12539,15,100,1,0,0
229,3,1,512,0,14,5,1,7,1,2,-64,0,303,8558,12,100,1,0,0
230,19,15,1280,0,4,2,4,4,1,1,-52,0,997,10577,2,100,6,0,0
229,5,1,512,0,13,5,1,5,1,1,-94,0,376,7183,15,100,2,0,0
232,4,1,512,0,15,5,1,7,1,1,-66,4,1060,13471,15,100,1,0,0
233,7,4,768,0,13,3,2,7,1,2,-70,1,1127,18613,10,100,3,0,0
233,10,2,768,10,8,1,3,6,1,1,-95,4,1803,16486,4,100,5,0,0
233,14,10,1024,0,4,1,4,5,1,1,-52,0,595,7584,3,100,3,0,0
235,8,4,768,0,13,3,2,6,1,2,-52,0,605,11531,10,100,3,0,0
234,19,15,1280,0,4,2,4,4,1,1,-52,0,355,4309,2,100,2,0,0
235,3,1,512,0,14,5,1,7,1,2,-64,0,354,7686,13,100,1,0,0
234,15,10,1024,0,6,1,4,6,1,1,-70,2,1320,14106,3,100,5,0,0
236,18,15,1280,0,4,1,4,4,1,1,-70,0,817,9883,2,100,6,0,0
236,5,1,512,0,13,5,1,5,1,1,-94,0,382,7820,16,100,1,0,0
236,9,4,768,0,15,1,2,4,1,1,-70,0,716,10842,11,100,3,0,0
237,1,0,256,0,8,0,0,4,0,0,0,10,1800,21841,116,100,2,0,0
238,2,1,512,0,18,5,1,5,1,1,-88,5,1765,14916,16,100,2,0,0
238,11,7,1024,10,11,1,2,7,1,1,-52,0,581,11942,8,100,3,0,0
240,4,1,512,0,15,5,1,7,1,1,-66,4,1984,21183,16,100,2,0,0
242,10,2,768,0,9,1,3,6,1,1,-95,4,1990,17726,5,100,4,0,0
242,7,4,768,0,13,3,2,7,1,2,-70,1,980,14840,11,100,2,0,0
243,9,4,768,0,15,1,2,4,1,1,-70,0,377,7831,11,100,2,0,0
243,2,1,512,0,18,5,1,5,1,1,-88,5,948,10482,16,100,1,0,0
244,3,1,512,0,14,5,1,7,1,2,-64,0,424,11331,13,100,2,0,0
245,19,15,1280,0,5,2,4,4,1,1,-52,0,1005,10087,3,100,6,0,0
246,14,10,1024,0,5,1,4,5,1,1,-52,0,846,10830,4,100,5,0,0
246,15,10,1024,10,7,1,4,6,1,1,-70,2,1547,19666,4,100,4,0,0
246,8,4,768,0,13,3,2,6,1,2,-52,0,533,13575,11,100,2,0,0
247,10,2,768,0,9,1,3,6,1,1,-95,4,975,8943,5,100,2,0,0
246,1,0,256,0,8,0,0,4,0,0,0,10,1475,18840,122,100,2,0,0
246,11,7,1024,0,12,1,2,7,1,1,-52,0,557,10547,8,100,3,0,0
246,18,15,1280,0,5,1,4,4,1,1,-70,0,776,9546,3,100,5,0,0
248,5,1,512,0,14,5,1,5,1,1,-94,0,555,13909,16,100,2,0,0
248,3,1,512,0,14,5,1,7,1,2,-64,0,256,4887,13,100,1,0,0
250,9,4,768,0,15,1,2,4,1,1,-70,0,484,8358,12,100,2,0,0
251,1,0,256,0,8,0,0,4,0,0,0,10,636,9609,125,100,0,0,0
252,4,1,512,10,15,5,1,7,1,1,-66,4,1958,23264,16,100,2,0,0
252,7,4,768,0,13,3,2,7,1,2,-70,1,1046,15322,12,100,3,0,0
252,14,10,1024,0,5,1,4,5,1,1,-52,0,500,6936,4,100,3,0,0
253,8,4,768,0,13,3,2,6,1,2,-52,0,377,8037,11,100,2,0,0
254,2,1,512,10,18,5,1,5,1,1,-88,5,1737,16999,17,100,2,0,0
255,5,1,512,0,14,5,1,5,1,1,-94,0,379,8332,17,100,1,0,0
255,11,7,1024,0,12,1,2,7,1,1,-52,0,487,9740,9,100,2,0,0
255,10,2,768,0,9,1,3,6,1,1,-95,4,1490,17555,6,100,3,0,0
256,15,10,1024,10,8,1,4,6,1,1,-70,2,1475,19162,5,100,5,0,0
256,19,15,1280,0,5,2,4,4,1,1,-52,0,702,10521,4,100,4,0,0
256,18,15,1280,0,5,1,4,4,1,1,-70,0,675,10453,4,100,4,0,0
257,7,4,768,0,14,3,2,7,1,2,-70,1,599,8054,12,100,1,0,0
259,3,1,512,0,14,5,1,7,1,2,-64,0,527,12134,14,100,2,0,0
259,9,4,768,0,15,1,2,4,1,1,-70,0,471,10924,12,100,2,0,0
260,8,4,768,0,13,3,2,6,1,2,-52,0,363,8142,12,100,1,0,0
260,2,1,512,0,18,5,1,5,1,1,-88,5,1431,10861,17,100,1,0,0
260,4,1,512,10,15,5,1,7,1,1,-66,4,2086,19220,17,100,1,0,0
260,1,0,256,0,8,0,0,4,0,0,0,10,1740,20161,134,100,2,0,0
260,5,1,512,0,14,5,1,5,1,1,-94,0,279,6894,17,100,1,0,0
262,10,2,768,0,9,1,3,6,1,1,-95,4,1090,10973,6,100,2,0,0
263,7,4,768,0,14,3,2,7,1,2,-70,1,364,8113,12,100,1,0,0
262,19,15,1280,0,7,2,4,4,1,1,-52,0,611,7183,4,100,3,0,0
263,9,4,768,0,15,1,2,4,1,1,-70,0,340,5099,13,100,1,0,0
263,14,10,1024,0,6,1,4,5,1,1,-52,0,783,10435,5,100,4,0,0
264,11,7,1024,0,13,1,2,7,1,1,-52,0,592,11025,9,100,2,0,0
264,15,10,1024,10,9,1,4,6,1,1,-70,2,1133,13913,5,100,2,0,0
265,4,1,512,0,15,5,1,7,1,1,-66,4,1099,11286,17,100,1,0,0
266,5,1,512,0,14,5,1,5,1,1,-94,0,428,6248,18,100,1,0,0
266,3,1,512,0,15,5,1,7,1,2,-64,0,584,10034,15,100,2,0,0
267,2,1,512,0,20,5,1,5,1,1,-88,5,1471,12529,18,100,2,0,0
267,1,0,256,0,8,0,0,4,0,0,0,10,1474,17363,142,100,1,0,0
267,19,15,1280,0,7,2,4,4,1,1,-52,0,353,3959,4,100,2,0,0
267,18,15,1280,0,5,1,4,4,1,1,-70,0,645,9910,4,100,4,0,0
268,7,4,768,0,15,3,2,7,1,2,-70,1,876,9113,13,100,2,0,0
268,11,7,1024,0,13,1,2,7,1,1,-52,0,366,6125,10,100,1,0,0
270,10,2,768,10,9,1,3,6,1,1,-95,4,1677,16574,7,100,3,0,0
271,4,1,512,10,16,5,1,7,1,1,-66,4,1591,14497,18,100,1,0,0
271,8,4,768,0,15,3,2,6,1,2,-52,0,837,13313,13,100,4,0,0
271,5,1,512,0,14,5,1,5,1,1,-94,0,307,6195,18,100,1,0,0
270,14,10,1024,0,6,1,4,5,1,1,-52,0,459,6413,6,100,2,0,0
273,11,7,1024,0,13,1,2,7,1,1,-52,0,258,5386,10,100,1,0,0
274,15,10,1024,0,9,1,4,6,1,1,-70,2,1399,19136,6,100,3,0,0
274,1,0,256,0,8,0,0,4,0,0,0,10,1302,15258,148,100,2,0,0
275,2,1,512,10,20,5,1,5,1,1,-88,5,1724,14266,18,100,2,0,0
274,9,4,768,0,15,1,2,4,1,1,-70,0,602,13839,14,100,2,0,0
275,18,15,1280,0,6,1,4,4,1,1,-70,0,534,6209,5,100,3,0,0
275,3,1,512,0,15,5,1,7,1,2,-64,0,304,10093,15,100,1,0,0
276,10,2,768,0,10,1,3,6,1,1,-95,4,1490,13662,7,100,3,0,0
277,7,4,768,0,16,3,2,7,1,2,-70,1,914,14244,13,100,3,0,0
280,19,15,1280,0,7,2,4,4,1,1,-52,0,699,10882,5,100,4,0,0
280,11,7,1024,0,14,1,2,7,1,1,-52,0,480,7637,10,100,3,0,0
280,2,1,512,20,20,5,1,5,1,1,-88,5,934,9117,19,100,1,0,0
279,15,10,1024,0,10,1,4,7,1,1,-70,2,948,11206,6,100,3,0,0
280,4,1,512,10,17,5,1,7,1,1,-66,4,1804,20669,18,100,3,0,0
281,5,1,512,0,14,5,1,5,1,1,-94,0,499,12500,19,100,2,0,0
280,14,10,1024,10,6,1,4,5,1,1,-52,0,522,9889,6,100,3,0,0
280,8,4,768,0,16,3,2,7,1,2,-52,0,554,11657,13,100,3,0,0
283,10,2,768,0,11,1,3,7,1,1,-95,4,1375,13639,8,100,3,0,0
283,9,4,768,0,16,2,2,5,1,1,-70,0,690,11016,14,100,3,0,0
285,2,1,512,10,20,6,1,5,1,1,-88,5,1089,8255,19,100,1,0,0
284,3,1,512,0,15,5,1,7,1,2,-64,0,500,11217,16,100,2,0,0
285,18,15,1280,0,7,1,4,5,1,1,-70,0,736,9547,5,100,3,0,0
286,8,4,768,0,17,4,2,7,1,2,-52,0,615,7520,14,100,2,0,0
286,1,0,256,0,9,0,0,4,0,0,0,10,2589,27364,160,100,3,0,0
287,10,2,768,0,11,1,3,7,1,1,-95,4,1005,8848,8,100,1,0,0
288,7,4,768,0,17,4,2,7,1,2,-70,1,1417,18172,14,100,4,0,0
289,5,1,512,0,15,6,1,5,1,1,-94,0,491,9342,19,100,1,0,0
288,9,4,768,10,17,2,2,5,1,1,-70,0,511,6741,15,100,2,0,0
289,15,10,1024,0,11,1,4,7,1,1,-70,2,1326,18267,7,100,4,0,0
289,14,10,1024,0,6,1,4,5,1,1,-52,0,646,8732,7,100,3,0,0
291,4,1,512,10,18,6,1,7,1,1,-66,5,3281,27283,19,100,3,0,0
289,19,15,1280,0,7,2,4,5,1,1,-52,0,692,10727,6,100,3,0,0
291,8,4,768,0,17,4,2,7,1,2,-52,1,653,6424,14,100,1,0,0
289,18,15,1280,10,7,1,4,5,1,1,-70,0,661,6198,6,100,2,0,0
278,12,8,1152,30,1,1,5,5,0,1,-52,0,548,154699,0,100,5,0,0
291,11,7,1024,0,15,2,2,7,1,1,-52,0,716,14233,11,100,3,0,0
285,12,8,1152,90,2,2,5,6,0,1,-52,0,882,6824,1,100,6,0,0
293,2,1,512,0,20,6,1,5,1,1,-88,5,1675,14322,19,100,1,0,0
293,7,4,768,0,17,4,2,7,1,2,-70,1,446,6543,14,100,0,0,0
294,10,2,768,0,12,1,3,7,1,1,-95,4,1203,12280,9,100,2,0,0
294,18,15,1280,0,7,1,4,5,1,1,-70,0,282,3997,6,100,1,0,0
295,9,4,768,0,17,2,2,6,1,1,-70,0,280,6931,15,100,1,0,0
295,3,1,512,0,15,6,1,7,1,2,-64,0,505,12636,16,100,2,0,0
296,1,0,256,0,9,0,0,4,0,0,0,10,1592,20768,165,100,1,0,0
296,5,1,512,0,15,6,1,5,1,1,-94,0,475,8579,20,100,2,0,0
297,8,4,768,10,18,4,2,7,1,2,-52,2,1115,9444,14,100,2,0,0
296,12,8,1024,0,3,3,5,6,1,1,-52,1,2062,11568,1,100,9,0,0
298,2,1,512,0,20,6,1,5,1,1,-88,5,859,8572,20,100,1,0,0
298,4,1,512,10,19,6,1,7,1,1,-66,6,2333,16829,19,100,2,0,0
298,18,15,1280,0,7,1,4,5,1,1,-70,0,256,3990,6,100,1,0,0
300,14,10,1024,0,6,1,4,5,1,1,-52,0,578,8739,8,100,3,0,0
300,1,0,256,0,9,0,0,4,0,0,0,10,1073,10300,174,100,1,0,0
300,15,10,1024,10,12,1,4,7,1,1,-70,2,1680,19580,8,100,3,0,0
298,19,15,1280,0,7,2,4,5,1,1,-52,0,580,8316,7,100,3,0,0
302,3,1,512,0,15,6,1,7,1,2,-64,0,425,8409,17,100,1,0,0
302,9,4,768,0,18,2,2,6,1,1,-70,0,501,8332,15,100,3,0,0
302,7,4,768,0,18,4,2,7,1,2,-70,1,1056,14456,15,100,3,0,0
303,12,8,1024,0,3,3,6,6,1,1,-52,1,716,7132,2,100,3,0,0
303,11,7,1024,0,16,2,2,7,1,1,-52,0,762,14008,12,100,4,0,0
304,5,1,512,10,15,6,1,5,1,1,-94,0,307,9163,20,100,1,0,0
304,4,1,512,40,19,6,1,7,1,1,-66,6,2107,17565,20,100,1,0,0
305,10,2,768,0,13,1,3,7,1,1,-95,4,2327,22635,9,100,4,0,0
305,8,4,768,0,19,5,2,7,1,2,-52,2,1258,13217,15,100,2,0,0
305,15,10,1024,0,12,1,4,7,1,1,-70,2,699,10012,8,100,2,0,0
306,14,10,1024,0,6,1,4,5,1,1,-52,0,280,5752,8,100,1,0,0
307,1,0,256,0,9,0,0,4,0,0,0,10,1206,15268,176,100,1,0,0
307,3,1,512,0,16,6,1,7,1,2,-64,0,386,5977,17,100,1,0,0
309,2,1,512,0,21,6,1,5,1,1,-88,5,2376,19911,20,100,2,0,0
310,18,15,1280,0,7,1,4,5,1,1,-70,0,675,10515,7,100,4,0,0
311,14,10,1024,0,6,1,4,5,1,1,-52,0,353,4329,8,100,2,0,0
311,11,7,1024,0,17,3,2,7,1,1,-52,0,488,9245,12,100,2,0,0
309,19,15,1280,10,7,2,4,5,1,1,-52,0,522,10119,7,100,3,0,0
313,15,10,1024,0,14,1,6,7,1,1,-70,2,1159,13573,8,100,5,0,0
313,8,4,768,0,20,5,2,7,1,2,-52,2,780,11994,16,100,3,0,0
313,9,4,768,0,19,3,2,6,1,1,-70,0,689,12832,16,100,3,0,0
314,1,0,256,0,9,0,0,4,0,0,0,10,1489,15357,185,100,2,0,0
314,3,1,512,0,16,6,1,7,1,2,-64,0,354,8421,18,100,1,0,0
314,2,1,512,0,21,6,1,5,1,1,-88,5,1190,9852,21,100,1,0,0
314,7,4,768,10,19,5,2,7,1,2,-70,1,1419,18327,16,100,3,0,0
314,12,8,1024,0,6,4,6,6,1,1,-52,1,1548,11303,3,100,8,0,0
315,10,2,768,0,14,1,3,7,1,1,-95,4,2201,19651,10,100,4,0,0
316,4,1,512,0,21,6,1,7,1,1,-66,6,2983,26565,21,100,4,0,0
316,5,1,512,0,15,6,1,5,1,1,-94,0,524,13662,21,100,2,0,0
316,11,7,1024,0,18,3,2,7,1,1,-52,0,467,6806,13,100,2,0,0
315,18,15,1280,0,8,1,4,5,1,1,-70,0,439,5386,8,100,2,0,0
318,3,1,512,0,16,6,1,7,1,2,-64,0,279,5807,18,100,1,0,0
317,19,15,1280,10,8,2,4,5,1,1,-52,0,888,7824,8,100,2,0,0
319,1,0,256,0,9,0,0,4,0,0,0,10,1033,12502,190,100,1,0,0
319,10,2,768,0,15,1,3,7,1,1,-95,5,1058,8261,10,100,2,0,0
319,14,10,1024,0,6,1,4,5,1,1,-52,0,481,8721,9,100,2,0,0
322,9,4,768,10,21,3,2,6,1,1,-70,0,596,10566,17,100,2,0,0
321,15,10,1024,0,14,1,6,7,1,1,-70,3,1319,15953,9,100,2,0,0
322,8,4,768,0,21,5,2,7,1,2,-52,2,840,14293,16,100,2,0,0
323,4,1,512,0,22,6,1,7,1,1,-66,6,1334,15627,21,100,2,0,0
323,12,8,1024,0,6,4,7,7,1,1,-52,1,709,8592,3,100,5,0,0
323,5,1,512,0,15,6,1,5,1,1,-94,0,457,8808,21,100,2,0,0
324,3,1,512,0,16,6,1,7,1,2,-64,0,255,5720,18,100,1,0,0
324,11,7,1024,0,18,3,2,7,1,1,-52,0,403,9468,13,100,2,0,0
324,2,1,512,0,21,6,1,5,1,1,-88,6,2062,18431,21,100,2,0,0
324,7,4,768,10,20,5,2,7,1,2,-70,1,1021,15683,16,100,3,0,0
324,18,15,1280,10,8,1,4,5,1,1,-70,0,401,8134,8,100,2,0,0
326,1,0,256,0,9,0,0,4,0,0,0,10,1128,14510,194,100,1,0,0
327,4,1,512,10,23,6,1,7,1,1,-66,6,1473,11361,21,100,1,0,0
327,9,4,768,0,21,3,2,6,1,1,-70,0,282,6850,17,100,1,0,0
328,10,2,768,0,15,1,3,7,1,1,-95,5,1164,15672,11,100,2,0,0
328,8,4,768,0,22,5,2,7,1,2,-52,2,645,8179,17,100,2,0,0
327,15,10,1024,10,14,1,6,7,1,1,-70,3,835,12308,9,100,2,0,0
329,2,1,512,10,21,6,1,5,1,1,-88,6,774,8275,22,100,0,0,0
287,17,12,1536,70,2,1,5,3,0,1,-70,0,1069,9267,1,100,9,0,0
327,19,15,1280,10,9,2,4,5,1,1,-52,0,788,9163,9,100,4,0,0
331,3,1,512,0,16,6,1,7,1,2,-64,0,354,8238,19,100,1,0,0
330,5,1,512,10,16,6,1,5,1,1,-94,0,461,8042,22,100,1,0,0
329,14,10,1024,0,6,1,4,5,1,1,-52,0,481,9366,10,100,2,0,0
298,17,12,1408,50,2,2,5,3,0,1,-70,0,1312,9396,1,100,8,0,0
307,17,12,1408,80,3,2,5,3,0,1,-70,0,860,7816,2,100,6,0,0
317,17,12,1408,80,4,2,5,4,0,1,-70,0,711,8772,3,100,5,0,0
333,11,7,1024,10,19,3,2,7,1,1,-52,0,495,9429,14,100,2,0,0
327,17,12,1408,70,4,2,5,4,0,1,-70,0,809,9489,3,100,5,0,0
333,7,4,768,0,21,5,2,7,1,2,-70,1,1030,13012,17,100,3,0,0
333,15,10,1024,10,15,1,6,7,1,1,-70,4,1086,10461,10,100,2,0,0
333,4,1,512,10,24,6,1,7,1,1,-66,6,2687,18135,22,100,2,0,0
335,5,1,512,0,16,6,1,5,1,1,-94,0,280,5606,22,100,1,0,0
335,9,4,768,0,22,3,2,6,1,1,-70,0,460,9111,18,100,2,0,0
335,10,2,768,0,16,1,3,7,1,1,-95,6,1846,14737,11,100,3,0,0
335,12,8,1024,10,6,4,7,7,1,1,-52,1,2116,16166,4,100,4,0,0
334,17,12,1280,0,6,2,5,5,1,1,-70,0,1680,8752,4,100,4,0,0
306,20,15,1408,70,4,2,5,3,0,1,-70,0,761,8221,2,100,5,0,0
336,1,0,256,0,9,0,0,4,0,0,0,10,2259,23647,209,100,2,0,0
336,2,1,512,10,22,6,1,5,1,1,-88,7,1952,13180,22,100,2,0,0
337,3,1,512,0,16,6,1,7,1,2,-64,0,279,7307,19,100,1,0,0
315,20,15,1408,70,5,2,5,4,0,1,-70,0,946,8266,3,100,6,0,0
336,18,15,1280,0,8,1,4,5,1,1,-70,0,670,11349,9,100,3,0,0
319,20,15,1408,70,5,2,5,4,0,1,-70,0,528,4405,3,100,2,0,0
338,7,4,768,0,22,5,2,7,1,2,-70,1,473,8394,17,100,1,0,0
331,20,15,1408,60,6,2,5,6,0,1,-70,0,928,9979,4,100,5,0,0
340,8,4,768,0,22,5,2,7,1,2,-52,2,2137,20095,17,100,2,0,0
337,14,10,1024,0,7,1,4,5,1,1,-52,0,510,7516,10,100,2,0,0
339,12,8,1024,0,6,4,7,7,1,1,-52,1,563,5861,4,100,2,0,0
339,15,10,1024,10,15,1,6,7,1,1,-70,4,1680,12682,10,100,1,0,0
339,10,2,768,30,16,1,3,7,1,1,-95,6,1901,11228,12,100,1,0,0
333,21,20,1792,20,1,1,6,2,0,1,-52,0,1004,8883,0,100,8,0,0
341,11,7,1024,0,19,3,2,7,1,1,-52,0,428,9944,14,100,2,0,0
338,20,15,1280,10,8,2,5,6,1,1,-70,1,1835,9530,4,100,3,0,0
338,19,15,1280,0,9,2,4,6,1,1,-52,0,493,9738,9,100,2,0,0
342,5,1,512,0,16,6,1,5,1,1,-94,0,354,8274,23,100,1,0,0
342,1,0,256,0,9,0,0,4,0,0,0,10,1416,14247,217,100,1,0,0
342,18,15,1280,0,8,1,4,5,1,1,-70,0,491,5773,9,100,2,0,0
342,4,1,512,10,25,6,1,7,1,1,-66,6,2430,20708,22,100,3,0,0
342,2,1,512,10,22,6,1,5,1,1,-88,7,2520,14815,23,100,1,0,0
343,14,10,1024,0,7,1,4,5,1,1,-52,0,258,4213,10,100,1,0,0
342,21,20,1536,0,3,1,6,2,1,1,-52,0,1377,9648,0,100,9,0,0
344,10,2,768,20,16,1,3,7,1,1,-95,6,1366,9895,12,100,1,0,0
346,11,7,1024,0,19,3,2,7,1,1,-52,0,370,6041,15,100,1,0,0
344,3,1,512,0,16,6,1,7,1,2,-64,0,499,10404,20,100,2,0,0
346,9,4,768,0,22,3,2,6,1,1,-70,0,476,12823,18,100,2,0,0
344,15,10,1024,0,16,1,6,7,1,1,-70,4,1733,16123,10,100,1,0,0
345,17,12,1280,10,7,2,5,5,1,1,-70,0,992,10112,5,100,5,0,0
346,20,15,1280,0,9,2,5,6,1,1,-70,1,1208,11010,5,100,5,0,0
347,2,1,512,0,22,6,1,5,1,1,-88,7,1646,9605,23,100,1,0,0
347,7,4,768,0,22,5,2,7,1,2,-70,1,1080,16215,18,100,1,0,0
348,14,10,1024,0,7,1,4,5,1,1,-52,0,463,5189,11,100,2,0,0
348,19,15,1280,0,9,2,4,6,1,1,-52,0,481,9794,10,100,2,0,0
349,5,1,512,0,16,6,1,5,1,1,-94,0,331,8746,23,100,1,0,0
349,10,2,768,0,17,1,3,7,1,1,-95,6,1601,11536,12,100,1,0,0
348,11,7,1024,0,20,3,2,7,1,1,-52,0,268,5216,15,100,0,0,0
349,8,4,768,0,23,5,2,7,1,2,-52,2,1315,16277,18,100,2,0,0
349,17,12,1280,0,8,2,5,5,1,1,-70,0,481,4912,5,100,3,0,0
351,12,8,1024,0,8,4,8,7,1,1,-52,1,1788,15595,5,100,6,0,0
352,1,0,256,0,9,0,0,4,0,0,0,10,1868,21848,228,100,1,0,0
351,4,1,512,0,25,6,1,7,1,1,-66,6,2434,21867,23,100,1,0,0
352,3,1,512,0,16,6,1,7,1,2,-64,0,308,8537,20,100,1,0,0
354,9,4,768,0,23,3,2,6,1,1,-70,0,586,10375,19,100,3,0,0
353,15,10,1024,20,16,1,6,7,1,1,-70,4,1414,18368,11,100,2,0,0
353,21,20,1536,0,4,1,6,3,1,1,-52,0,899,9896,1,100,6,0,0
354,18,15,1280,0,9,1,4,5,1,1,-70,0,709,11131,10,100,3,0,0
354,20,15,1280,0,9,2,5,6,1,1,-70,1,833,10376,5,100,2,0,0
356,8,4,768,0,23,5,2,7,1,2,-52,2,665,9417,18,100,1,0,0
355,5,1,512,0,16,6,1,5,1,1,-94,0,354,7627,24,100,1,0,0
356,7,4,768,10,23,5,2,7,1,2,-70,1,794,12039,18,100,3,0,0
356,12,8,1024,0,8,4,8,7,1,1,-52,1,473,6363,5,100,1,0,0
357,2,1,512,10,22,6,1,5,1,1,-88,7,1798,16284,24,100,1,0,0
355,14,10,1024,0,7,1,4,5,1,1,-52,0,306,7646,11,100,1,0,0
357,1,0,256,0,9,0,0,4,0,0,0,10,1077,12467,232,100,1,0,0
356,19,15,1280,0,9,2,4,6,1,1,-52,0,427,8237,10,100,2,0,0
357,11,7,1024,0,20,3,2,7,1,1,-52,0,483,11075,16,100,2,0,0
358,17,12,1280,0,8,2,5,5,1,1,-70,0,569,8441,5,100,2,0,0
360,4,1,512,0,26,6,1,7,1,1,-66,6,2507,20517,24,100,2,0,0
360,10,2,768,0,18,1,3,7,1,1,-95,6,2354,21853,13,100,4,0,0
360,7,4,768,0,23,5,2,7,1,2,-70,1,727,7512,19,100,1,0,0
360,3,1,512,0,17,6,1,7,1,2,-64,0,606,10607,21,100,2,0,0
360,20,15,1280,0,10,2,5,6,1,1,-70,1,755,7846,6,100,3,0,0
361,12,8,1024,10,8,4,8,7,1,1,-52,1,734,7244,6,100,2,0,0
363,11,7,1024,0,20,3,2,7,1,1,-52,0,287,5589,16,100,1,0,0
363,21,20,1536,0,6,1,6,3,1,1,-52,0,873,9137,2,100,6,0,0
365,2,1,512,10,23,6,1,5,1,1,-88,7,2004,15073,24,100,2,0,0
365,9,4,768,0,23,3,2,6,1,1,-70,0,481,13211,20,100,2,0,0
365,10,2,768,10,18,1,3,7,1,1,-95,6,993,9959,13,100,1,0,0
363,18,15,1280,0,9,1,4,5,1,1,-70,0,484,10088,11,100,2,0,0
366,1,0,256,0,9,0,0,4,0,0,0,10,1824,19552,245,100,2,0,0
365,15,10,1024,0,17,1,6,7,1,1,-70,4,2636,26632,12,100,4,0,0
366,5,1,512,0,16,6,1,5,1,1,-94,0,476,12542,24,100,2,0,0
367,8,4,768,0,24,5,2,7,1,2,-52,2,1436,18060,19,100,3,0,0
367,17,12,1280,0,8,2,5,5,1,1,-70,0,578,8784,6,100,3,0,0
367,14,10,1024,10,7,1,4,5,1,1,-52,0,580,10016,12,100,3,0,0
368,3,1,512,0,18,6,1,7,1,2,-64,0,381,9092,21,100,2,0,0
368,20,15,1280,0,10,2,5,6,1,1,-70,1,761,9410,6,100,3,0,0
368,7,4,768,0,24,5,2,7,1,2,-70,1,666,11908,19,100,2,0,0
368,19,15,1280,0,9,2,4,6,1,1,-52,0,632,11052,11,100,3,0,0
369,4,1,512,0,26,6,2,7,1,1,-66,6,2090,21491,24,100,3,0,0
369,11,7,1024,0,22,3,2,7,1,1,-52,0,484,7968,16,100,3,0,0
371,5,1,512,0,16,6,1,5,1,1,-94,0,331,5424,25,100,1,0,0
371,9,4,768,0,23,3,2,6,1,1,-70,0,308,6583,20,100,1,0,0
371,10,2,768,0,19,1,3,7,1,1,-95,6,1378,12229,14,100,2,0,0
371,21,20,1536,0,6,1,6,3,1,1,-52,0,819,7460,2,100,3,0,0
372,12,8,1024,0,8,4,8,7,1,1,-52,1,1045,13271,6,100,3,0,0
371,18,15,1280,0,9,1,4,5,1,1,-70,0,404,6742,11,100,2,0,0
371,17,12,1280,0,8,2,5,5,1,1,-70,0,353,4022,6,100,2,0,0
373,2,1,512,0,24,6,1,5,1,1,-88,7,2110,15227,25,100,2,0,0
373,7,4,768,0,24,5,2,7,1,2,-70,1,849,8274,20,100,1,0,0
373,15,10,1024,0,17,1,6,7,1,1,-70,4,1219,16915,12,100,1,0,0
375,3,1,512,0,19,6,1,7,1,2,-64,1,629,9550,22,100,2,0,0
375,5,1,512,0,17,6,1,5,1,1,-94,0,362,5700,25,100,1,0,0
376,1,0,256,0,9,0,0,4,0,0,0,10,2377,24999,260,100,2,0,0
377,9,4,768,0,23,3,2,6,1,1,-70,0,279,6898,20,100,1,0,0
377,11,7,1024,0,23,3,2,7,1,1,-52,0,519,10121,17,100,2,0,0
376,18,15,1280,0,9,1,4,5,1,1,-70,0,338,5184,12,100,1,0,0
378,14,10,1024,0,10,1,4,5,1,1,-52,0,938,10329,13,100,4,0,0
378,8,4,768,10,26,5,2,7,1,2,-52,2,1582,18728,20,100,4,0,0
377,19,15,1280,0,10,2,4,6,1,1,-52,0,995,9007,12,100,2,0,0
378,12,8,1024,10,8,4,8,7,1,1,-52,1,737,7471,7,100,2,0,0
379,20,15,1280,0,10,2,5,6,1,1,-70,1,1015,14412,7,100,3,0,0
380,4,1,512,0,27,6,2,7,1,1,-66,6,3338,26639,25,100,3,0,0
381,7,4,768,0,25,5,2,7,1,2,-70,1,777,11377,20,100,3,0,0
380,3,1,512,0,19,6,1,7,1,2,-64,1,279,6531,22,100,1,0,0
382,2,1,512,10,25,6,1,5,1,1,-88,7,2332,16769,25,100,3,0,0
381,21,20,1536,10,6,1,6,3,1,1,-52,0,651,8961,3,100,4,0,0
383,17,12,1280,0,8,2,5,5,1,1,-70,0,579,9734,7,100,3,0,0
383,10,2,768,0,20,2,3,7,1,1,-95,6,3221,25873,15,100,4,0,0
383,9,4,768,0,23,3,2,6,1,1,-70,0,387,8590,21,100,1,0,0
384,15,10,1024,0,17,2,6,7,1,1,-70,4,2044,24584,13,100,2,0,0
385,11,7,1024,0,23,3,2,7,1,1,-52,0,404,8937,17,100,2,0,0
385,7,4,768,0,25,5,2,7,1,2,-70,1,365,7765,20,100,0,0,0
385,18,15,1280,0,9,1,4,5,1,1,-70,0,306,7536,12,100,1,0,0
386,1,0,256,0,9,0,0,4,0,0,0,10,1667,20999,264,100,2,0,0
385,19,15,1280,0,10,2,4,6,1,1,-52,0,307,7490,12,100,1,0,0
386,5,1,512,0,17,6,1,5,1,1,-94,0,551,12828,26,100,2,0,0
387,4,1,512,10,27,6,2,7,1,1,-66,6,1503,15225,25,100,1,0,0
386,14,10,1024,0,10,2,4,6,1,1,-52,0,388,8241,13,100,1,0,0
387,8,4,768,0,27,5,2,7,1,2,-52,2,1001,15372,21,100,2,0,0
388,10,2,768,20,21,2,3,7,1,1,-95,6,1349,11649,15,100,2,0,0
389,12,8,1024,0,9,4,8,7,1,1,-52,1,937,13136,7,100,4,0,0
390,2,1,512,10,25,6,1,6,1,1,-88,7,1979,15727,26,100,1,0,0
389,20,15,1280,0,11,2,5,6,1,1,-70,1,1066,12376,8,100,4,0,0
391,1,0,256,0,9,0,0,4,0,0,0,10,1165,11811,275,100,0,0,0
391,17,12,1280,0,9,2,5,5,1,1,-70,0,558,7741,8,100,3,0,0
389,21,20,1536,0,6,1,6,3,1,1,-52,0,677,8989,4,100,4,0,0
391,9,4,768,10,23,3,2,6,1,1,-70,0,376,9122,21,100,2,0,0
392,11,7,1024,0,25,3,2,7,1,1,-52,0,846,9920,18,100,1,0,0
392,3,1,512,0,20,6,1,7,1,2,-64,1,908,14988,23,100,3,0,0
391,14,10,1024,0,11,2,4,6,1,1,-52,0,506,5789,14,100,2,0,0
393,4,1,512,10,28,6,2,7,1,1,-66,6,1981,16393,26,100,2,0,0
392,18,15,1280,0,9,1,4,5,1,1,-70,0,435,6811,13,100,2,0,0
394,19,15,1280,0,10,2,4,6,1,1,-52,0,484,8698,13,100,2,0,0
395,15,10,1024,0,19,2,6,7,1,1,-70,4,2503,25082,14,100,3,0,0
395,20,15,1280,10,11,2,5,6,1,1,-70,1,590,6636,8,100,2,0,0
396,11,7,1024,0,25,3,2,7,1,1,-52,0,466,5231,18,100,2,0,0
397,7,4,768,0,26,5,3,7,1,2,-70,1,1404,18681,21,100,5,0,0
396,10,2,768,10,23,2,3,7,1,1,-95,6,2379,17317,16,100,3,0,0
396,12,8,1024,0,10,4,8,7,1,1,-52,1,1020,11881,8,100,3,0,0
398,1,0,256,0,9,0,0,4,0,0,0,10,1438,15976,281,100,2,0,0
398,5,1,512,0,17,6,1,5,1,1,-94,0,556,13583,27,100,2,0,0
398,4,1,512,0,29,6,2,7,1,1,-66,6,1534,12123,26,100,1,0,0
398,2,1,512,0,27,6,1,6,1,1,-88,7,2526,16465,26,100,4,0,0
399,8,4,768,0,29,5,2,7,1,2,-52,2,1541,18913,21,100,4,0,0
401,10,2,768,0,24,2,3,7,1,1,-95,6,634,8604,16,100,2,0,0
400,21,20,1536,0,7,1,6,3,1,1,-52,0,647,9308,4,100,4,0,0
401,9,4,768,0,26,3,2,6,1,1,-70,0,949,13567,22,100,4,0,0
402,15,10,1024,0,20,2,6,7,1,1,-70,4,1168,15050,14,100,3,0,0
401,17,12,1280,0,10,3,5,5,1,1,-70,0,840,10976,8,100,3,0,0
403,7,4,768,0,26,5,3,7,1,2,-70,1,630,10540,22,100,1,0,0
403,3,1,512,0,21,6,1,7,1,2,-64,1,778,14481,24,100,4,0,0
404,11,7,1024,0,26,3,3,7,1,1,-52,0,520,10049,19,100,3,0,0
403,2,1,512,10,27,6,1,6,1,1,-88,7,1264,11212,27,100,1,0,0
403,14,10,1024,0,11,2,4,6,1,1,-52,0,537,11040,15,100,2,0,0
403,12,8,1024,0,12,4,8,7,1,1,-52,1,1396,10073,8,100,3,0,0
402,19,15,1280,0,11,2,4,6,1,1,-52,0,561,8433,14,100,3,0,0
402,20,15,1280,0,11,2,5,6,1,1,-70,1,838,11333,9,100,2,0,0
403,18,15,1280,0,10,2,4,5,1,1,-70,0,959,11445,13,100,2,0,0
405,8,4,768,0,29,5,2,7,1,2,-52,2,991,11277,22,100,1,0,0
405,21,20,1536,0,7,1,6,3,1,1,-52,0,535,5473,5,100,2,0,0
406,7,4,768,0,26,5,3,7,1,2,-70,1,463,6347,22,100,1,0,0
408,5,1,512,0,17,6,1,5,1,1,-94,0,425,11735,27,100,2,0,0
407,15,10,1024,0,20,2,6,7,1,1,-70,4,1595,13155,14,100,1,0,0
408,1,0,256,0,9,0,0,4,0,0,0,10,2033,23971,294,100,1,0,0
376,6,3,896,60,1,1,7,6,0,1,-70,0,1237,9775,0,100,9,0,0
407,14,10,1024,0,11,2,4,6,1,1,-52,0,260,3892,15,100,1,0,0
408,4,1,512,10,30,6,2,7,1,1,-66,6,2965,26228,27,100,3,0,0
408,3,1,512,10,21,6,1,7,1,2,-64,1,610,7023,24,100,1,0,0
407,19,15,1280,0,12,2,4,6,1,1,-52,0,360,4497,14,100,2,0,0
408,9,4,768,0,26,3,2,6,1,1,-70,0,280,7782,22,100,1,0,0
381,6,3,896,60,2,1,7,6,0,1,-70,0,291,4001,0,100,3,0,0
387,6,3,896,40,2,1,7,6,0,1,-70,0,837,5879,1,100,5,0,0
410,2,1,512,0,27,6,1,6,1,1,-88,7,1815,11669,27,100,1,0,0
394,6,3,896,70,3,1,7,6,0,1,-70,0,595,6592,1,100,3,0,0
409,20,15,1280,0,11,2,5,6,1,1,-70,1,613,7954,9,100,2,0,0
400,6,3,896,80,3,1,7,7,0,1,-70,0,542,4503,1,100,4,0,0
410,8,4,768,0,29,5,2,7,1,2,-52,2,312,6559,22,100,1,0,0
407,6,3,896,90,4,1,7,7,0,1,-70,0,614,6949,2,100,4,0,0
411,10,2,768,10,24,2,3,7,1,1,-95,6,3481,25394,17,100,2,0,0
410,18,15,1280,0,10,2,4,5,1,1,-70,0,662,7144,14,100,2,0,0
411,21,20,1536,0,8,1,6,3,1,1,-52,0,410,5501,5,100,2,0,0
413,7,4,768,0,26,5,3,7,1,2,-70,1,364,9682,22,100,1,0,0
414,6,3,768,10,5,1,7,7,1,1,-70,0,1883,8375,2,100,4,0,0
412,17,12,1280,0,10,3,5,5,1,1,-70,0,992,11127,9,100,3,0,0
414,5,1,512,10,17,6,1,5,1,1,-94,0,355,8266,28,100,1,0,0
414,11,7,1024,10,27,3,3,7,1,1,-52,0,529,13032,20,100,3,0,0
415,4,1,512,0,31,6,2,7,1,1,-66,6,1819,16125,27,100,2,0,0
415,12,8,1024,0,12,4,8,7,1,1,-52,1,924,14959,9,100,3,0,0
416,1,0,256,0,9,0,0,4,0,0,0,10,1803,19137,301,100,2,0,0
416,3,1,512,0,22,6,1,7,1,2,-64,1,1519,12707,24,100,2,0,0
415,14,10,1024,0,12,2,4,6,1,1,-52,0,575,8078,15,100,3,0,0
416,19,15,1280,0,12,2,4,6,1,1,-52,0,428,8563,14,100,2,0,0
418,9,4,768,0,27,3,2,7,1,1,-70,0,609,11952,23,100,3,0,0
419,15,10,1024,0,21,2,6,7,1,1,-70,4,2301,25872,15,100,3,0,0
419,8,4,768,10,31,5,2,7,1,2,-52,2,1259,15971,23,100,4,0,0
420,1,0,256,0,9,0,0,4,0,0,0,10,1118,10268,313,100,1,0,0
420,2,1,512,20,29,6,1,6,1,1,-88,7,2664,19856,28,100,3,0,0
418,18,15,1280,0,10,2,4,5,1,1,-70,0,373,7352,14,100,1,0,0
418,20,15,1280,10,12,3,5,6,1,1,-70,1,1002,11754,10,100,2,0,0
422,6,3,768,0,8,1,7,7,1,1,-70,0,1090,8965,3,100,6,0,0
419,21,20,1536,0,9,1,6,4,1,1,-52,0,681,7358,6,100,4,0,0
421,10,2,768,0,26,2,3,7,1,1,-95,6,2776,21860,17,100,4,0,0
420,17,12,1280,0,10,3,5,6,1,1,-70,0,461,8024,10,100,2,0,0
423,5,1,512,0,17,6,1,6,1,1,-94,0,453,10517,28,100,2,0,0
422,14,10,1024,0,13,2,4,6,1,1,-52,0,582,6756,16,100,2,0,0
423,9,4,768,0,27,3,2,7,1,1,-70,0,281,6880,23,100,1,0,0
423,19,15,1280,0,13,3,4,6,1,1,-52,0,520,5922,15,100,2,0,0
424,4,1,512,10,31,6,2,7,1,1,-66,7,2501,23454,28,100,2,0,0
424,20,15,1280,0,12,3,5,6,1,1,-70,1,519,6906,10,100,1,0,0
424,7,4,768,0,28,5,3,7,1,2,-70,1,1268,18428,23,100,3,0,0
424,11,7,1024,0,27,3,4,7,1,1,-52,0,681,13942,20,100,3,0,0
425,12,8,1024,0,14,4,8,7,1,1,-52,1,1166,13394,10,100,5,0,0
426,1,0,256,0,9,0,0,4,0,0,0,10,1308,13870,317,100,1,0,0
426,3,1,512,0,23,6,1,7,1,2,-64,1,975,16092,25,100,3,0,0
425,2,1,512,10,29,6,1,6,1,1,-88,7,1996,12023,28,100,1,0,0
426,21,20,1536,0,9,1,6,4,1,1,-52,0,280,5583,6,100,1,0,0
426,8,4,768,0,32,5,2,7,1,2,-52,3,1176,11456,23,100,1,0,0
427,5,1,512,0,17,6,1,6,1,1,-94,0,256,4879,28,100,1,0,0
425,18,15,1280,0,10,2,4,5,1,1,-70,0,339,6384,15,100,1,0,0
427,6,3,768,0,9,1,7,7,1,1,-70,0,476,5371,3,100,3,0,0
427,10,2,768,0,26,2,3,7,1,1,-95,6,1467,12356,18,100,1,0,0
429,15,10,1024,0,24,2,6,7,1,1,-70,4,2524,23735,16,100,4,0,0
430,17,12,1280,0,11,3,5,6,1,1,-70,0,408,7822,10,100,2,0,0
430,9,4,768,0,27,3,2,7,1,1,-70,0,363,8972,24,100,1,0,0
430,20,15,1280,0,12,3,5,6,1,1,-70,1,613,7820,10,100,2,0,0
432,1,0,256,0,9,0,0,4,0,0,0,10,1105,12349,321,100,1,0,0
431,3,1,512,10,24,6,1,7,1,2,-64,1,639,8433,25,100,2,0,0
431,12,8,1024,0,15,4,8,7,1,1,-52,1,620,7548,10,100,2,0,0
430,14,10,1024,20,14,2,4,6,1,1,-52,0,436,7891,17,100,2,0,0
432,19,15,1280,0,15,3,4,6,1,1,-52,0,622,8024,15,100,2,0,0
434,4,1,512,0,31,6,2,7,1,1,-66,7,2101,20352,28,100,1,0,0
434,2,1,512,10,29,6,1,6,1,1,-88,7,1906,14812,29,100,2,0,0
434,6,3,768,0,9,1,7,7,1,1,-70,0,500,6146,4,100,2,0,0
433,21,20,1536,0,11,1,6,4,1,1,-52,0,976,7665,7,100,4,0,0
435,15,10,1024,10,24,2,6,7,1,1,-70,4,1244,12832,16,100,1,0,0
434,17,12,1280,10,11,3,5,6,1,1,-70,0,259,3782,11,100,1,0,0
435,7,4,768,0,29,5,3,7,1,2,-70,1,1159,16228,24,100,3,0,0
435,18,15,1280,0,10,2,4,5,1,1,-70,0,484,9269,16,100,2,0,0
436,8,4,768,0,33,5,2,7,1,2,-52,3,1590,15238,24,100,3,0,0
435,11,7,1024,10,27,3,5,7,1,1,-52,0,568,13260,21,100,3,0,0
436,12,8,1024,0,15,4,9,7,1,1,-52,1,695,7528,11,100,2,0,0
438,5,1,512,0,18,6,1,6,1,1,-94,0,676,13492,29,100,2,0,0
436,14,10,1024,10,14,2,4,6,1,1,-52,0,437,5627,17,100,2,0,0
438,9,4,768,0,27,3,2,7,1,1,-70,0,303,8606,24,100,1,0,0
438,4,1,512,10,31,6,2,7,1,1,-66,7,1774,11648,29,100,1,0,0
438,10,2,768,0,27,2,3,7,1,1,-95,6,2513,22497,18,100,3,0,0
440,2,1,512,0,29,6,1,6,1,1,-88,7,1407,10657,29,100,1,0,0
440,3,1,512,0,25,6,1,7,1,2,-64,1,801,13455,26,100,1,0,0
440,20,15,1280,0,13,3,5,6,1,1,-70,1,968,12131,11,100,3,0,0
441,1,0,256,0,9,0,0,4,0,0,0,10,2142,23149,335,100,2,0,0
440,19,15,1280,10,15,3,4,6,1,1,-52,0,595,7775,16,100,2,0,0
442,6,3,768,0,9,1,7,7,1,1,-70,0,495,7241,4,100,3,0,0
440,21,20,1536,0,11,1,6,4,1,1,-52,0,445,6399,7,100,2,0,0
443,11,7,1024,0,29,3,5,7,1,1,-52,0,623,8145,21,100,2,0,0
440,18,15,1280,0,10,2,4,5,1,1,-70,0,283,4894,16,100,1,0,0
442,14,10,1024,10,14,2,4,6,1,1,-52,0,284,5509,17,100,1,0,0
444,7,4,768,10,30,5,3,7,1,2,-70,1,821,12924,24,100,2,0,0
443,17,12,1280,10,12,3,5,6,1,1,-70,0,562,8363,11,100,3,0,0
444,9,4,768,0,28,3,2,7,1,1,-70,0,464,7444,25,100,2,0,0
445,2,1,512,10,29,6,1,6,1,1,-88,7,1495,9928,29,100,1,0,0
444,15,10,1024,0,25,2,6,7,1,1,-70,4,1812,20234,17,100,2,0,0
446,1,0,256,0,9,0,0,4,0,0,0,10,905,9759,338,100,1,0,0
444,20,15,1280,0,13,3,5,6,1,1,-70,1,574,5469,11,100,1,0,0
445,21,20,1536,0,11,2,6,4,1,1,-52,0,362,4731,7,100,1,0,0
447,4,1,512,0,32,6,2,7,1,1,-66,7,1885,19147,29,100,3,0,0
448,8,4,768,10,35,5,2,7,1,2,-52,3,1227,19096,24,100,4,0,0
446,18,15,1280,0,10,2,4,5,1,1,-70,0,283,5294,16,100,1,0,0
446,12,8,1024,0,16,4,9,7,1,1,-52,1,893,12394,11,100,4,0,0
448,11,7,1024,0,30,3,5,7,1,1,-52,0,580,7820,22,100,1,0,0
448,5,1,512,0,18,6,1,6,1,1,-94,0,524,13445,30,100,2,0,0
449,10,2,768,0,29,2,3,7,1,1,-95,6,2978,22568,19,100,4,0,0
450,9,4,768,10,29,3,2,7,1,1,-70,0,357,6404,25,100,2,0,0
451,4,1,512,20,33,6,2,7,1,1,-66,7,1533,11192,30,100,1,0,0
451,7,4,768,0,31,5,3,7,1,2,-70,1,1028,11269,25,100,3,0,0
452,2,1,512,0,30,6,1,6,1,1,-88,7,1695,12663,30,100,2,0,0
452,1,0,256,0,9,0,0,4,0,0,0,10,1356,13896,350,100,1,0,0
451,19,15,1280,0,16,3,4,6,1,1,-52,0,610,10277,17,100,3,0,0
449,17,12,1280,0,13,3,5,6,1,1,-70,0,562,7192,12,100,3,0,0
452,3,1,512,0,26,6,1,7,1,2,-64,1,1024,17965,27,100,3,0,0
452,6,3,768,0,10,1,7,7,1,1,-70,0,676,10065,5,100,4,0,0
454,8,4,768,0,35,5,2,7,1,2,-52,3,1024,10202,25,100,1,0,0
453,14,10,1024,0,16,2,4,6,1,1,-52,0,834,9940,18,100,2,0,0
453,15,10,1024,0,26,2,6,7,1,1,-70,4,1985,21168,18,100,3,0,0
455,5,1,512,0,18,6,1,6,1,1,-94,0,280,7077,30,100,1,0,0
455,20,15,1280,0,14,3,5,6,1,1,-70,1,1066,12896,12,100,4,0,0
456,9,4,768,10,29,3,2,7,1,1,-70,0,364,7278,26,100,1,0,0
457,4,1,512,0,34,6,2,7,1,1,-66,7,1702,14443,30,100,2,0,0
456,21,20,1536,0,12,2,6,4,1,1,-52,0,681,9908,8,100,4,0,0
457,17,12,1280,0,13,3,5,6,1,1,-70,0,622,6987,12,100,2,0,0
458,12,8,1024,0,16,4,9,7,1,1,-52,1,1044,14056,12,100,2,0,0
458,19,15,1280,0,16,3,4,6,1,1,-52,0,284,6325,17,100,1,0,0
459,6,3,768,10,10,1,7,7,1,1,-70,0,377,6408,5,100,2,0,0
458,18,15,1280,0,10,2,4,5,1,1,-70,0,508,10730,17,100,2,0,0
460,7,4,768,0,31,5,3,7,1,2,-70,1,511,13776,25,100,1,0,0
460,5,1,512,0,18,6,1,6,1,1,-94,0,383,7194,31,100,1,0,0
460,11,7,1024,0,30,3,5,7,1,1,-52,0,869,14554,23,100,3,0,0
460,10,2,768,10,30,2,3,7,1,1,-95,6,2409,22798,20,100,2,0,0
461,9,4,768,0,29,3,2,7,1,1,-70,0,434,6709,26,100,1,0,0
460,14,10,1024,0,16,2,4,6,1,1,-52,0,487,6287,18,100,2,0,0
460,15,10,1024,10,26,2,6,7,1,1,-70,4,1255,14816,18,100,1,0,0
460,21,20,1536,0,12,2,6,4,1,1,-52,0,258,3772,8,100,1,0,0
463,2,1,512,10,31,6,1,6,1,1,-88,7,3107,21252,31,100,2,0,0
462,17,12,1280,0,13,3,5,6,1,1,-70,0,259,4207,12,100,1,0,0
463,8,4,768,0,36,5,2,7,1,2,-52,3,1209,14896,25,100,3,0,0
463,1,0,256,0,9,0,0,4,0,0,0,10,2411,27348,361,100,2,0,0
463,3,1,512,0,27,6,1,7,1,2,-64,1,1273,17808,28,100,4,0,0
464,4,1,512,0,35,6,2,7,1,1,-66,7,2153,17373,30,100,2,0,0
464,20,15,1280,0,15,3,5,6,1,1,-70,1,1121,12474,13,100,3,0,0
464,12,8,1024,0,16,4,10,7,1,1,-52,1,640,8460,12,100,2,0,0
466,15,10,1024,0,27,2,6,7,1,1,-70,4,1231,12339,18,100,2,0,0
466,6,3,768,0,11,1,7,7,1,1,-70,0,557,6878,6,100,3,0,0
467,7,4,768,0,32,5,4,7,1,2,-70,1,865,10688,26,100,3,0,0
467,2,1,512,0,32,6,1,6,1,1,-88,7,1148,8158,31,100,2,0,0
467,9,4,768,0,30,3,2,7,1,1,-70,0,502,7943,26,100,2,0,0
467,5,1,512,0,18,6,1,6,1,1,-94,0,279,7803,31,100,1,0,0
467,19,15,1280,0,17,3,4,6,1,1,-52,0,613,8956,18,100,3,0,0
469,10,2,768,10,31,2,3,7,1,1,-95,6,2162,17746,20,100,3,0,0
469,17,12,1280,0,14,3,5,6,1,1,-70,0,464,7015,13,100,2,0,0
470,18,15,1280,0,11,2,4,5,1,1,-70,0,1020,10919,18,100,2,0,0
471,11,7,1024,0,31,3,5,7,1,1,-52,0,626,12748,23,100,4,0,0
470,20,15,1280,0,15,3,5,6,1,1,-70,1,370,7148,13,100,1,0,0
471,3,1,512,0,27,6,1,7,1,2,-64,1,565,11541,28,100,1,0,0
471,14,10,1024,0,16,2,4,6,1,1,-52,0,508,10536,19,100,2,0,0
472,5,1,512,10,18,6,1,6,1,1,-94,0,255,5554,32,100,1,0,0
473,8,4,768,0,37,5,2,7,1,2,-52,3,1257,15145,26,100,2,0,0
473,1,0,256,0,9,0,0,4,0,0,0,10,1940,21397,372,100,2,0,0
472,6,3,768,0,12,1,7,7,1,1,-70,0,476,5967,6,100,3,0,0
472,21,20,1536,0,13,2,6,4,1,1,-52,0,711,10648,9,100,3,0,0
472,12,8,1024,0,17,4,11,7,1,1,-52,1,852,9858,13,100,4,0,0
473,7,4,768,0,32,5,4,7,1,2,-70,1,612,10353,26,100,2,0,0
476,2,1,512,0,33,6,1,6,1,1,-88,7,1851,15887,32,100,2,0,0
476,4,1,512,0,37,6,2,7,1,1,-66,7,3124,27915,31,100,4,0,0
475,19,15,1280,0,18,3,4,6,1,1,-52,0,521,7589,18,100,1,0,0
477,10,2,768,10,32,2,3,7,1,1,-95,6,1602,15421,21,100,2,0,0
477,17,12,1280,0,14,3,5,6,1,1,-70,0,380,6727,13,100,2,0,0
477,6,3,768,0,12,1,7,7,1,1,-70,0,431,5124,7,100,2,0,0
477,15,10,1024,0,28,2,6,7,1,1,-70,4,1994,24562,19,100,3,0,0
478,11,7,1024,0,32,3,5,7,1,1,-52,0,468,8379,24,100,2,0,0
478,21,20,1536,0,13,2,6,4,1,1,-52,0,283,5451,9,100,1,0,0
478,5,1,512,10,18,6,1,6,1,1,-94,0,355,7620,32,100,1,0,0
478,12,8,1024,0,18,4,11,7,1,1,-52,1,619,7589,13,100,2,0,0
479,9,4,768,0,31,3,2,7,1,1,-70,0,818,14086,27,100,4,0,0
480,7,4,768,0,32,5,4,7,1,2,-70,1,778,10307,27,100,1,0,0
479,3,1,512,0,29,6,1,7,1,2,-64,1,1282,13483,29,100,3,0,0
481,4,1,512,0,37,6,2,7,1,1,-66,7,1716,13189,31,100,1,0,0
480,18,15,1280,10,11,2,4,5,1,1,-70,0,430,8920,19,100,2,0,0
480,20,15,1280,0,15,3,5,6,1,1,-70,1,1018,12863,14,100,2,0,0
482,21,20,1536,0,13,2,6,4,1,1,-52,0,314,4047,10,100,1,0,0
484,10,2,768,0,32,2,3,7,1,1,-95,6,1703,13872,21,100,1,0,0
484,2,1,512,0,33,6,1,6,1,1,-88,7,2184,14877,32,100,2,0,0
484,8,4,768,0,38,5,2,7,1,2,-52,3,1419,18389,27,100,3,0,0
484,1,0,256,0,9,0,0,4,0,0,0,10,2309,25624,387,100,2,0,0
483,14,10,1024,0,17,2,4,6,1,1,-52,0,638,10831,20,100,3,0,0
483,6,3,768,0,13,1,7,7,1,1,-70,0,492,6180,7,100,1,0,0
484,15,10,1024,0,30,2,6,7,1,1,-70,4,1727,14998,19,100,3,0,0
484,3,1,512,0,30,6,1,7,1,2,-64,1,465,7220,29,100,1,0,0
456,13,8,1152,50,5,2,7,6,0,1,-70,0,709,8327,3,100,3,0,0
486,9,4,768,0,33,3,2,7,1,1,-70,0,596,8953,28,100,2,0,0
485,17,12,1280,0,15,3,5,6,1,1,-70,0,601,8411,14,100,1,0,0
465,13,8,1152,80,6,2,7,6,0,1,-70,0,815,9603,4,100,5,0,0
486,21,20,1536,0,13,2,6,4,1,1,-52,0,259,4094,10,100,1,0,0
471,13,8,1152,70,6,2,7,6,0,1,-70,0,476,5016,4,100,2,0,0
478,13,8,1152,90,6,2,7,6,0,1,-70,0,447,6085,4,100,3,0,0
487,19,15,1280,0,18,3,4,6,1,1,-52,0,829,10754,19,100,2,0,0
485,13,8,1152,80,6,2,7,6,1,1,-70,0,350,5682,5,100,2,0,0
488,11,7,1024,0,33,3,5,7,1,1,-52,0,879,12950,24,100,2,0,0
489,8,4,768,0,40,5,2,7,1,2,-52,3,2012,11138,27,100,2,0,0
489,5,1,512,0,19,6,1,6,1,1,-94,0,902,14050,33,100,2,0,0
490,10,2,768,0,33,2,3,7,1,1,-95,6,1422,12355,22,100,2,0,0
488,12,8,1024,0,19,4,11,7,1,1,-52,1,1189,13202,14,100,2,0,0
488,18,15,1280,0,11,2,4,5,1,1,-70,0,513,8494,19,100,2,0,0
491,7,4,768,0,33,5,4,7,1,2,-70,1,1075,17492,27,100,3,0,0
490,4,1,512,0,38,6,2,7,1,1,-66,7,3487,26484,32,100,3,0,0
491,2,1,512,20,34,6,1,6,1,1,-88,7,1966,15839,33,100,2,0,0
492,6,3,768,0,14,1,7,7,1,1,-70,0,653,7726,8,100,4,0,0
491,20,15,1280,0,17,3,5,6,1,1,-70,1,1229,14795,14,100,4,0,0
493,12,8,1024,0,20,4,11,7,1,1,-52,1,660,6347,14,100,2,0,0
493,5,1,512,0,19,6,1,6,1,1,-94,0,256,4856,33,100,1,0,0
492,21,20,1536,0,13,2,6,4,1,1,-52,0,380,5706,10,100,2,0,0
493,15,10,1024,10,30,2,6,7,1,1,-70,4,1514,19906,20,100,1,0,0
493,18,15,1280,0,11,2,4,5,1,1,-70,0,325,4521,19,100,1,0,0
493,17,12,1280,10,16,3,5,6,1,1,-70,0,802,7329,14,100,3,0,0
495,1,0,256,0,9,0,0,4,0,0,0,10,2557,26370,402,100,2,0,0
495,11,7,1024,0,34,3,5,7,1,1,-52,0,576,8219,25,100,2,0,0
494,14,10,1024,0,17,2,4,6,1,1,-52,0,485,10081,21,100,2,0,0
495,4,1,512,20,38,6,2,7,1,1,-66,7,1363,10520,32,100,1,0,0
496,3,1,512,0,30,6,1,7,1,2,-64,1,1020,17491,30,100,3,0,0
497,10,2,768,0,33,2,3,7,1,1,-95,6,1982,15535,22,100,2,0,0
496,13,8,1024,10,8,2,7,6,1,1,-70,0,1374,11862,6,100,5,0,0
496,19,15,1280,0,18,3,4,6,1,1,-52,0,573,8550,20,100,2,0,0
497,2,1,512,0,34,6,1,6,1,1,-88,7,1746,10535,33,100,1,0,0
495,9,4,768,0,33,3,2,7,1,1,-70,0,425,12740,28,100,2,0,0
496,7,4,768,0,33,5,4,7,1,2,-70,1,600,9773,28,100,1,0,0
498,5,1,512,0,19,6,1,6,1,1,-94,0,279,5957,33,100,1,0,0
498,12,8,1024,0,20,4,11,7,1,1,-52,1,640,7210,15,100,1,0,0
498,18,15,1280,0,11,2,4,5,1,1,-70,0,218,4239,20,100,0,0,0
499,14,10,1024,0,17,2,4,6,1,1,-52,0,284,4594,21,100,1,0,0
499,8,4,768,0,40,5,2,7,1,2,-52,3,1883,22883,28,100,2,0,0
499,21,20,1536,0,13,2,6,4,1,1,-52,0,363,6602,11,100,1,0,0
502,10,2,768,0,33,2,3,7,1,1,-95,6,1177,9844,22,100,1,0,0
503,13,8,1024,0,9,2,7,6,1,1,-70,0,567,6720,6,100,2,0,0
502,3,1,512,10,30,6,1,7,1,2,-64,1,366,9262,30,100,1,0,0
502,2,1,512,0,34,6,1,6,1,1,-88,7,1319,9998,33,100,1,0,0
502,11,7,1024,0,34,3,5,7,1,1,-52,0,334,9638,25,100,1,0,0
504,15,10,1024,0,30,2,6,7,1,1,-70,4,1914,20984,21,100,2,0,0
503,1,0,256,0,9,0,0,4,0,0,0,10,1772,19640,412,100,1,0,0
503,17,12,1280,0,16,3,5,6,1,1,-70,0,412,9484,15,100,1,0,0
503,6,3,768,0,14,1,7,7,1,1,-70,0,447,9986,8,100,2,0,0
502,19,15,1280,10,18,3,4,6,1,1,-52,0,283,5765,20,100,1,0,0
503,20,15,1280,0,17,3,5,6,1,1,-70,1,1074,14030,15,100,2,0,0
504,12,8,1024,0,20,4,11,7,1,1,-52,1,518,6819,15,100,1,0,0
503,9,4,768,0,33,3,2,7,1,1,-70,0,388,9170,29,100,1,0,0
504,4,1,512,20,38,6,2,7,1,1,-66,7,2763,22797,33,100,1,0,0
504,8,4,768,0,40,5,2,7,1,2,-52,3,849,8107,28,100,1,0,0
506,5,1,512,0,19,6,1,6,1,1,-94,0,382,8709,34,100,1,0,0
508,14,10,1024,0,17,2,4,6,1,1,-52,0,283,6091,21,100,1,0,0
507,6,3,768,0,14,1,7,7,1,1,-70,0,310,4091,9,100,1,0,0
508,15,10,1024,10,30,2,6,7,1,1,-70,4,884,10476,21,100,1,0,0
507,7,4,768,0,33,5,4,7,1,2,-70,1,1028,17266,29,100,2,0,0
509,10,2,768,0,33,2,3,7,1,1,-95,6,1540,14079,23,100,1,0,0
508,2,1,512,20,34,6,1,6,1,1,-88,7,1502,10921,34,100,1,0,0
507,13,8,1024,0,9,2,7,6,1,1,-70,0,352,5066,6,100,2,0,0
507,12,8,1024,0,20,4,11,7,1,1,-52,1,315,5504,15,100,1,0,0
509,19,15,1280,0,18,3,4,6,1,1,-52,0,340,5054,21,100,1,0,0
508,4,1,512,20,39,6,2,7,1,1,-66,7,1383,10742,33,100,1,0,0
511,20,15,1280,10,17,3,5,6,1,1,-70,1,559,8186,16,100,2,0,0
509,9,4,768,0,33,3,2,7,1,1,-70,0,280,7370,29,100,1,0,0
510,1,0,256,0,9,0,0,4,0,0,0,10,1659,17070,424,100,1,0,0
512,18,15,1280,0,12,2,4,5,1,1,-70,0,977,11031,20,100,3,0,0
512,21,20,1536,0,13,2,6,4,1,1,-52,0,484,9601,12,100,2,0,0
511,8,4,768,0,40,5,2,7,1,2,-52,3,1137,13837,29,100,1,0,0
511,11,7,1024,10,35,3,5,7,1,1,-52,0,588,10869,26,100,3,0,0
513,19,15,1280,0,18,3,4,6,1,1,-52,0,259,4620,21,100,1,0,0
514,15,10,1024,0,31,2,6,7,1,1,-70,4,1733,14035,22,100,2,0,0
514,3,1,512,0,31,6,1,7,1,2,-64,1,1243,18114,31,100,3,0,0
512,17,12,1280,0,16,3,5,6,1,1,-70,0,484,9947,16,100,2,0,0
515,5,1,512,0,19,6,1,6,1,1,-94,0,424,11243,34,100,2,0,0
515,2,1,512,10,34,6,1,6,1,1,-88,7,1894,13350,34,100,2,0,0
515,9,4,768,0,33,3,2,7,1,1,-70,0,363,7031,30,100,1,0,0
515,6,3,768,0,14,1,7,7,1,1,-70,0,562,8001,9,100,3,0,0
516,20,15,1280,10,17,3,5,6,1,1,-70,1,621,6947,16,100,1,0,0
515,12,8,1024,0,20,4,11,7,1,1,-52,1,719,9792,16,100,1,0,0
517,14,10,1024,0,17,2,4,6,1,1,-52,0,484,9201,22,100,2,0,0
516,4,1,512,0,40,6,2,7,1,1,-66,7,2328,18645,34,100,3,0,0
516,13,8,1024,0,10,2,7,6,1,1,-70,0,581,8298,7,100,3,0,0
517,10,2,768,10,34,2,3,7,1,1,-95,6,2304,18314,24,100,2,0,0
518,1,0,256,0,9,0,0,4,0,0,0,10,1520,16615,430,100,2,0,0
517,7,4,768,0,34,5,4,7,1,2,-70,1,826,14974,29,100,2,0,0
517,17,12,1280,0,16,3,5,6,1,1,-70,0,259,4705,16,100,1,0,0
519,8,4,768,0,41,5,2,7,1,2,-52,3,1356,16006,29,100,3,0,0
520,18,15,1280,0,12,2,4,5,1,1,-70,0,592,9587,21,100,2,0,0
521,21,20,1536,0,14,2,6,4,1,1,-52,0,626,9304,12,100,4,0,0
522,15,10,1024,10,31,2,6,7,1,1,-70,4,1222,18218,22,100,1,0,0
521,9,4,768,0,34,3,2,7,1,1,-70,0,386,7801,30,100,1,0,0
521,19,15,1280,0,18,3,4,6,1,1,-52,0,550,9157,22,100,2,0,0
522,10,2,768,0,34,2,3,7,1,1,-95,6,1354,13602,24,100,1,0,0
521,12,8,1024,0,22,4,11,7,1,1,-52,1,1154,8649,16,100,2,0,0
523,14,10,1024,0,17,2,4,6,1,1,-52,0,363,7389,23,100,1,0,0
524,11,7,1024,10,35,3,5,7,1,1,-52,0,537,15117,27,100,2,0,0
524,1,0,256,0,9,0,0,4,0,0,0,10,1466,15409,441,100,1,0,0
524,3,1,512,0,31,6,1,7,1,2,-64,1,778,15519,32,100,1,0,0
523,13,8,1024,0,10,2,7,6,1,1,-70,0,377,6574,7,100,2,0,0
526,5,1,512,0,19,6,1,6,1,1,-94,0,432,12304,35,100,1,0,0
525,15,10,1024,0,31,2,6,7,1,1,-70,4,791,9189,22,100,1,0,0
525,2,1,512,20,36,6,1,6,1,1,-88,7,2878,20194,35,100,3,0,0
527,20,15,1280,0,17,3,5,6,1,1,-70,1,894,14262,17,100,2,0,0
526,9,4,768,10,35,3,2,7,1,1,-70,0,356,5308,31,100,2,0,0
526,4,1,512,0,40,6,2,7,1,1,-66,7,3104,26952,34,100,1,0,0
527,6,3,768,0,15,1,7,7,1,1,-70,0,605,11185,10,100,3,0,0
527,18,15,1280,0,12,2,4,5,1,1,-70,0,363,6942,22,100,1,0,0
527,13,8,1024,0,10,2,7,6,1,1,-70,0,312,4020,8,100,1,0,0
528,12,8,1024,0,22,4,11,7,1,1,-52,1,517,7767,17,100,1,0,0
528,7,4,768,0,34,5,4,7,1,2,-70,1,980,17955,30,100,2,0,0
529,3,1,512,0,31,6,1,7,1,2,-64,1,588,7949,32,100,1,0,0
529,19,15,1280,0,18,3,4,6,1,1,-52,0,307,7180,22,100,1,0,0
531,17,12,1280,0,16,3,5,6,1,1,-70,0,508,10599,17,100,2,0,0
530,21,20,1536,0,15,2,6,4,1,1,-52,0,591,9060,13,100,2,0,0
531,8,4,768,0,41,5,2,7,1,2,-52,3,1952,22638,30,100,2,0,0
533,11,7,1024,0,35,3,5,7,1,1,-52,0,457,11168,27,100,2,0,0
531,14,10,1024,0,19,2,4,6,1,1,-52,0,933,8252,23,100,3,0,0
533,13,8,1024,0,10,2,7,6,1,1,-70,0,280,5198,8,100,1,0,0
533,5,1,512,10,19,6,1,6,1,1,-94,0,401,9137,36,100,2,0,0
533,9,4,768,0,35,3,2,7,1,1,-70,0,389,8221,31,100,1,0,0
534,1,0,256,0,9,0,0,4,0,0,0,10,2135,23557,452,100,2,0,0
533,10,2,768,0,35,2,3,7,1,1,-95,6,2783,23604,25,100,3,0,0
533,19,15,1280,0,18,3,4,6,1,1,-52,0,287,4470,22,100,1,0,0
533,20,15,1280,0,17,3,5,6,1,1,-70,1,668,10395,17,100,2,0,0
535,8,4,768,10,41,5,2,7,1,2,-52,3,520,7499,30,100,1,0,0
535,2,1,512,10,36,6,1,6,1,1,-88,7,2274,18104,36,100,1,0,0
534,15,10,1024,0,31,2,6,7,1,1,-70,4,1934,22258,23,100,2,0,0
536,12,8,1024,0,22,4,11,7,1,1,-52,1,668,9292,17,100,2,0,0
537,6,3,768,0,15,1,7,7,1,1,-70,0,578,9020,11,100,3,0,0
537,4,1,512,0,40,6,2,7,1,1,-66,7,2716,23742,35,100,2,0,0
536,18,15,1280,0,13,2,4,5,1,1,-70,0,428,9222,22,100,2,0,0
537,17,12,1280,0,16,3,5,6,1,1,-70,0,405,6799,17,100,2,0,0
538,5,1,512,0,19,6,1,6,1,1,-94,0,331,5420,36,100,1,0,0
538,3,1,512,10,31,6,1,7,1,2,-64,1,820,13854,33,100,2,0,0
537,19,15,1280,0,19,3,4,6,1,1,-52,0,440,4614,23,100,2,0,0
538,13,8,1024,0,10,2,7,6,1,1,-70,0,377,5266,8,100,2,0,0
538,21,20,1536,10,15,2,6,4,1,1,-52,0,307,7921,13,100,1,0,0
540,11,7,1024,0,35,3,5,7,1,1,-52,0,367,8151,28,100,1,0,0
539,10,2,768,10,35,2,3,7,1,1,-95,6,1577,12030,25,100,1,0,0
540,1,0,256,0,9,0,0,4,0,0,0,10,1345,13886,462,100,1,0,0
540,7,4,768,0,34,5,4,7,1,2,-70,1,1180,17411,31,100,2,0,0
540,15,10,1024,0,32,2,6,7,1,1,-70,4,1271,10951,23,100,1,0,0
540,9,4,768,0,35,3,2,7,1,1,-70,0,488,8894,31,100,2,0,0
541,4,1,512,10,40,6,2,7,1,1,-66,7,1742,11648,35,100,1,0,0
541,12,8,1024,0,22,4,11,7,1,1,-52,1,643,6800,18,100,1,0,0
542,2,1,512,10,36,6,1,6,1,1,-88,7,1802,12406,36,100,2,0,0
542,8,4,768,0,41,5,2,7,1,2,-52,3,1467,14403,31,100,1,0,0
543,5,1,512,0,19,6,1,6,1,1,-94,0,279,6291,36,100,1,0,0
543,14,10,1024,0,19,2,4,6,1,1,-52,0,643,11309,24,100,2,0,0
543,11,7,1024,0,35,3,5,7,1,1,-52,0,282,5777,28,100,1,0,0
544,20,15,1280,0,18,3,5,6,1,1,-70,1,971,12110,18,100,3,0,0
545,17,12,1280,0,16,3,5,6,1,1,-70,0,434,7650,18,100,1,0,0
546,3,1,512,0,31,6,1,7,1,2,-64,1,418,10969,33,100,1,0,0
547,12,8,1024,0,22,4,11,7,1,1,-52,1,490,7435,18,100,1,0,0
545,9,4,768,0,35,3,2,7,1,1,-70,0,363,7402,32,100,1,0,0
547,19,15,1280,0,19,3,4,6,1,1,-52,0,404,8011,23,100,2,0,0
548,18,15,1280,0,13,2,4,5,1,1,-70,0,992,10421,23,100,1,0,0
548,6,3,768,0,16,1,7,7,1,1,-70,0,531,9973,11,100,2,0,0
548,4,1,512,0,40,6,2,7,1,1,-66,7,1792,16471,36,100,1,0,0
548,21,20,1536,0,15,2,6,4,1,1,-52,0,485,9012,14,100,2,0,0
548,13,8,1024,0,11,2,7,6,1,1,-70,0,582,8945,9,100,3,0,0
549,2,1,512,10,36,6,1,6,1,1,-88,7,1546,12668,37,100,1,0,0
550,1,0,256,0,9,0,0,4,0,0,0,10,1921,21873,472,100,1,0,0
549,15,10,1024,10,32,2,6,7,1,1,-70,4,1597,19257,24,100,1,0,0
550,10,2,768,0,35,2,3,7,1,1,-95,6,2405,23037,26,100,2,0,0
551,14,10,1024,0,19,2,4,6,1,1,-52,0,364,7252,25,100,1,0,0
551,7,4,768,0,36,5,4,7,1,2,-70,1,1268,18097,32,100,3,0,0
551,8,4,768,10,41,5,2,7,1,2,-52,3,1374,18897,31,100,2,0,0
554,5,1,512,0,20,6,1,6,1,1,-94,0,606,12827,37,100,2,0,0
552,17,12,1280,0,17,3,5,6,1,1,-70,0,660,7054,19,100,1,0,0
554,3,1,512,0,31,6,1,7,1,2,-64,1,821,11797,34,100,2,0,0
553,12,8,1024,10,22,4,11,7,1,1,-52,1,696,8655,19,100,1,0,0
554,1,0,256,0,9,0,0,4,0,0,0,10,998,10334,479,100,1,0,0
554,6,3,768,0,16,1,7,7,1,1,-70,0,432,6471,12,100,2,0,0
554,19,15,1280,10,19,3,4,6,1,1,-52,0,339,6753,24,100,1,0,0
555,20,15,1280,0,18,3,5,6,1,1,-70,1,805,13181,19,100,2,0,0
555,11,7,1024,10,36,3,5,7,1,1,-52,0,832,14105,29,100,2,0,0
556,18,15,1280,0,13,2,4,5,1,1,-70,0,433,7282,23,100,2,0,0
557,9,4,768,0,35,3,2,7,1,1,-70,0,532,13277,33,100,2,0,0
557,7,4,768,0,36,5,4,7,1,2,-70,1,518,8860,32,100,1,0,0
558,5,1,512,10,20,6,1,6,1,1,-94,0,187,5166,37,100,0,0,0
558,4,1,512,20,41,6,2,7,1,1,-66,7,3095,24648,37,100,2,0,0
558,13,8,1024,10,12,2,7,6,1,1,-70,0,992,9619,10,100,2,0,0
559,2,1,512,0,37,6,1,6,1,1,-88,7,2157,17690,37,100,3,0,0
558,17,12,1280,0,18,3,5,6,1,1,-70,0,695,6161,19,100,3,0,0
560,3,1,512,0,31,6,1,7,1,2,-64,1,512,9368,34,100,1,0,0
558,21,20,1536,0,15,2,6,4,1,1,-52,0,508,10952,15,100,2,0,0
559,15,10,1024,0,32,2,6,7,1,1,-70,4,1939,24739,25,100,2,0,0
561,1,0,256,0,9,0,0,4,0,0,0,10,1284,14831,486,100,1,0,0
560,20,15,1280,0,19,3,5,6,1,1,-70,1,693,7448,19,100,1,0,0
560,12,8,1024,0,22,4,11,7,1,1,-52,1,543,10002,19,100,1,0,0
561,9,4,768,0,35,3,2,7,1,1,-70,0,159,4991,33,100,0,0,0
561,10,2,768,0,36,2,3,7,1,1,-95,6,2479,21786,26,100,3,0,0
561,11,7,1024,10,37,3,5,7,1,1,-52,0,599,7188,29,100,2,0,0
561,14,10,1024,0,19,2,4,6,1,1,-52,0,428,9536,25,100,2,0,0
562,6,3,768,0,16,1,7,7,1,1,-70,0,303,7499,12,100,1,0,0
564,8,4,768,0,41,5,2,7,1,2,-52,3,1694,21597,32,100,2,0,0
564,7,4,768,0,36,5,5,7,1,2,-70,1,817,11119,32,100,3,0,0
565,19,15,1280,0,20,3,4,6,1,1,-52,0,881,10638,24,100,2,0,0
566,1,0,256,0,9,0,0,4,0,0,0,10,987,11204,492,100,1,0,0
566,5,1,512,10,20,6,1,6,1,1,-94,0,476,9668,38,100,2,0,0
565,10,2,768,0,36,2,3,7,1,1,-95,6,847,8682,27,100,0,0,0
565,13,8,1024,0,12,2,7,6,1,1,-70,0,404,7185,10,100,2,0,0
566,18,15,1280,0,13,2,4,5,1,1,-70,0,484,9413,24,100,2,0,0
565,15,10,1024,0,32,2,6,7,1,1,-70,4,1113,13581,25,100,1,0,0
566,21,20,1536,0,15,2,6,4,1,1,-52,0,284,6197,15,100,1,0,0
567,2,1,512,20,38,6,1,6,1,1,-88,7,2514,16376,38,100,1,0,0
567,11,7,1024,0,37,3,5,7,1,1,-52,0,391,8379,30,100,1,0,0
567,20,15,1280,10,19,3,5,6,1,1,-70,1,546,8072,19,100,1,0,0
569,3,1,512,0,33,6,1,7,1,2,-64,1,985,13968,35,100,2,0,0
568,4,1,512,0,42,6,2,7,1,1,-66,7,3020,25447,37,100,3,0,0
569,9,4,768,10,36,3,2,7,1,1,-70,0,477,8731,33,100,3,0,0
569,7,4,768,10,36,5,5,7,1,2,-70,1,449,7279,33,100,0,0,0
569,17,12,1280,0,18,3,5,6,1,1,-70,0,508,10526,20,100,2,0,0
569,12,8,1024,0,24,4,11,7,1,1,-52,1,1395,12566,20,100,3,0,0
571,6,3,768,0,17,1,7,7,1,1,-70,0,581,8104,13,100,3,0,0
571,19,15,1280,0,20,3,4,6,1,1,-52,0,447,5406,25,100,1,0,0
571,18,15,1280,10,13,2,4,5,1,1,-70,0,283,4838,25,100,1,0,0
572,20,15,1280,0,19,3,5,6,1,1,-70,1,489,7131,20,100,1,0,0
573,1,0,256,0,9,0,0,4,0,0,0,10,1834,17619,505,100,2,0,0
572,10,2,768,0,36,2,3,7,1,1,-95,6,2144,16213,27,100,2,0,0
573,13,8,1024,0,12,2,7,6,1,1,-70,0,459,7801,11,100,2,0,0
572,14,10,1024,0,19,2,4,6,1,1,-52,0,508,10962,26,100,2,0,0
574,11,7,1024,0,37,3,5,7,1,1,-52,0,282,7427,30,100,1,0,0
575,8,4,768,0,42,5,2,7,1,2,-52,3,2026,21431,33,100,2,0,0
574,15,10,1024,0,32,2,6,7,1,1,-70,4,1943,20446,26,100,2,0,0
576,2,1,512,10,38,6,1,6,1,1,-88,7,2118,16083,38,100,2,0,0
574,17,12,1280,0,18,3,5,6,1,1,-70,0,284,5195,20,100,1,0,0
576,18,15,1280,0,13,2,4,5,1,1,-70,0,316,4692,25,100,1,0,0
576,21,20,1536,0,15,2,6,4,1,1,-52,0,484,9184,16,100,2,0,0
578,5,1,512,0,20,6,1,6,1,1,-94,0,552,13873,39,100,2,0,0
579,4,1,512,0,42,6,2,7,1,1,-66,7,2564,22817,38,100,2,0,0
579,1,0,256,0,9,0,0,4,0,0,0,10,1211,14234,511,100,1,0,0
580,12,8,1024,0,24,4,11,7,1,1,-52,1,1042,12878,20,100,2,0,0
580,3,1,512,0,33,6,1,7,1,2,-64,1,822,17515,35,100,2,0,0
580,7,4,768,0,36,5,5,7,1,2,-70,1,1197,17665,34,100,3,0,0
579,14,10,1024,0,20,2,4,6,1,1,-52,0,935,6692,27,100,2,0,0
581,8,4,768,0,43,5,2,7,1,2,-52,3,828,10662,33,100,2,0,0
581,10,2,768,0,37,2,3,7,1,1,-95,6,1573,16361,28,100,1,0,0
581,9,4,768,10,36,3,2,7,1,1,-70,0,533,14394,34,100,2,0,0
582,2,1,512,10,38,6,1,6,1,1,-88,7,1278,10192,39,100,1,0,0
580,15,10,1024,10,32,2,6,7,1,1,-70,4,817,12185,26,100,1,0,0
582,6,3,768,0,17,1,7,7,1,1,-70,0,546,10858,14,100,2,0,0
581,19,15,1280,10,20,3,4,6,1,1,-52,0,428,9577,26,100,2,0,0
581,17,12,1280,10,18,3,5,6,1,1,-70,0,283,5745,21,100,1,0,0
584,1,0,256,0,9,0,0,4,0,0,0,10,1001,9925,517,100,1,0,0
584,21,20,1536,0,15,2,6,4,1,1,-52,0,404,6783,16,100,2,0,0
583,20,15,1280,0,19,3,5,6,1,1,-70,1,978,14484,21,100,2,0,0
584,12,8,1024,0,24,4,11,7,1,1,-52,1,618,5787,21,100,1,0,0
585,11,7,1024,0,37,3,5,7,1,1,-52,0,539,12918,31,100,2,0,0
585,5,1,512,0,21,6,1,6,1,1,-94,0,411,8967,39,100,1,0,0
583,18,15,1280,0,14,2,4,5,1,1,-70,0,708,9102,26,100,1,0,0
584,14,10,1024,0,20,2,4,6,1,1,-52,0,283,4844,27,100,1,0,0
585,13,8,1024,0,12,2,7,6,1,1,-70,0,507,10998,12,100,2,0,0
586,6,3,768,0,17,1,7,7,1,1,-70,0,256,3628,14,100,1,0,0
586,10,2,768,0,37,2,3,7,1,1,-95,6,1655,10578,28,100,1,0,0
588,2,1,512,0,38,6,1,6,1,1,-88,7,1921,11752,39,100,1,0,0
587,9,4,768,0,36,3,2,7,1,1,-70,0,391,8199,35,100,1,0,0
589,4,1,512,20,42,6,2,7,1,1,-66,7,2973,23683,39,100,2,0,0
588,8,4,768,0,43,5,2,7,1,2,-52,3,1346,15145,34,100,1,0,0
587,18,15,1280,0,14,2,4,5,1,1,-70,0,473,4121,26,100,1,0,0
588,21,20,1536,0,15,2,6,4,1,1,-52,0,339,5525,17,100,1,0,0
591,1,0,256,0,9,0,0,4,0,0,0,10,1344,15709,524,100,1,0,0
591,10,2,768,0,37,2,3,7,1,1,-95,6,875,9354,28,100,1,0,0
590,15,10,1024,0,34,2,6,7,1,1,-70,4,2395,22609,27,100,3,0,0
591,7,4,768,0,36,5,5,7,1,2,-70,1,719,15444,34,100,2,0,0
591,13,8,1024,0,13,2,7,6,1,1,-70,0,384,5052,12,100,2,0,0
592,5,1,512,0,21,6,1,6,1,1,-94,0,377,7806,39,100,2,0,0
591,20,15,1280,0,19,3,5,6,1,1,-70,1,762,9730,21,100,2,0,0
592,3,1,512,0,33,6,1,7,1,2,-64,1,1086,17943,36,100,3,0,0
591,17,12,1280,0,18,3,5,6,1,1,-70,0,485,9839,21,100,2,0,0
594,4,1,512,0,42,6,2,7,1,1,-66,7,1236,12077,39,100,0,0,0
592,19,15,1280,0,20,3,4,6,1,1,-52,0,509,11034,26,100,2,0,0
594,11,7,1024,0,37,3,5,7,1,1,-52,0,512,11220,32,100,2,0,0
595,10,2,768,10,37,2,3,7,1,1,-95,6,1003,9271,29,100,0,0,0
596,9,4,768,0,36,3,2,7,1,1,-70,0,303,8742,35,100,1,0,0
594,14,10,1024,0,20,2,4,6,1,1,-52,0,564,9084,28,100,1,0,0
594,18,15,1280,0,14,2,4,5,1,1,-70,0,312,5477,26,100,1,0,0
595,12,8,1024,0,24,4,11,7,1,1,-52,1,771,13587,21,100,2,0,0
597,6,3,768,0,17,1,7,7,1,1,-70,0,504,10292,15,100,2,0,0
598,2,1,512,0,38,6,1,6,1,1,-88,7,2343,18550,40,100,2,0,0
599,11,7,1024,0,37,3,5,7,1,1,-52,0,259,5358,32,100,1,0,0
600,8,4,768,0,43,5,2,7,1,2,-52,3,1431,19068,35,100,2,0,0
600,3,1,512,0,33,6,1,7,1,2,-64,1,703,11096,37,100,1,0,0
601,9,4,768,0,37,3,2,7,1,1,-70,0,363,5685,35,100,1,0,0
601,1,0,256,0,9,0,0,4,0,0,0,10,2216,23347,539,100,2,0,0
599,20,15,1280,0,20,3,5,6,1,1,-70,1,675,9555,22,100,1,0,0
599,17,12,1280,0,18,3,5,6,1,1,-70,0,363,7073,22,100,1,0,0
599,21,20,1536,0,15,2,6,4,1,1,-52,0,457,9336,18,100,1,0,0
601,7,4,768,0,36,5,5,7,1,2,-70,1,1060,15116,35,100,1,0,0
601,10,2,768,10,37,2,3,7,1,1,-95,6,1310,11341,29,100,1,0,0
601,5,1,512,0,22,6,1,6,1,1,-94,0,509,11615,40,100,1,0,0
600,19,15,1280,0,20,3,4,6,1,1,-52,0,365,7393,27,100,1,0,0
601,15,10,1024,0,35,2,6,7,1,1,-70,4,2360,24322,27,100,2,0,0
601,13,8,1024,0,13,2,7,6,1,1,-70,0,549,9728,13,100,2,0,0
601,14,10,1024,0,20,2,4,6,1,1,-52,0,404,6163,28,100,2,0,0
605,4,1,512,10,43,6,2,7,1,1,-66,7,3521,28587,40,100,3,0,0
605,11,7,1024,0,40,3,5,7,1,1,-52,0,603,7447,32,100,1,0,0
603,18,15,1280,0,16,2,4,5,1,1,-70,0,674,8750,27,100,2,0,0
604,20,15,1280,0,20,3,5,6,1,1,-70,1,550,6061,22,100,1,0,0
607,2,1,512,0,42,6,1,6,1,1,-88,7,2573,17402,40,100,1,0,0
605,17,12,1280,0,19,3,5,6,1,1,-70,0,390,6113,22,100,1,0,0
606,13,8,1024,0,14,2,7,6,1,1,-70,0,389,4916,13,100,1,0,0
607,1,0,256,0,9,0,0,4,0,0,0,10,1539,16314,544,100,1,0,0
607,3,1,512,0,37,6,1,7,1,2,-64,1,929,12017,37,100,1,0,0
608,12,8,1024,0,25,4,11,7,1,1,-52,1,1277,15674,22,100,2,0,0
607,21,20,1536,0,18,2,6,4,1,1,-52,0,725,7388,18,100,2,0,0
608,6,3,768,0,21,1,7,7,1,1,-70,0,853,10627,15,100,2,0,0
609,19,15,1280,0,22,3,4,6,1,1,-52,0,618,8144,27,100,2,0,0
609,15,10,1024,0,38,2,6,7,1,1,-70,4,1798,18291,28,100,1,0,0
610,10,2,768,0,38,2,3,7,1,1,-95,6,2676,20983,30,100,2,0,0
611,4,1,512,0,44,6,2,7,1,1,-66,7,1567,13945,40,100,1,0,0
612,8,4,768,0,46,5,2,7,1,2,-52,3,2070,22888,35,100,2,0,0
612,5,1,512,0,24,6,1,6,1,1,-94,0,714,12680,41,100,2,0,0
612,9,4,768,0,40,3,2,7,1,1,-70,0,853,14074,36,100,2,0,0
612,7,4,768,10,40,5,5,7,1,2,-70,1,1575,18529,36,100,2,0,0
612,21,20,1536,0,18,2,6,4,1,1,-52,0,259,4558,18,100,1,0,0
613,3,1,512,0,38,6,1,7,1,2,-64,1,883,9846,38,100,1,0,0
612,14,10,1024,0,23,2,4,6,1,1,-52,0,805,10637,29,100,2,0,0
613,15,10,1024,0,39,2,6,7,1,1,-70,4,902,9160,28,100,1,0,0
614,20,15,1280,0,20,3,5,6,1,1,-70,1,926,11917,23,100,2,0,0
615,4,1,512,0,47,6,2,7,1,1,-66,7,1791,12031,40,100,1,0,0
615,2,1,512,10,44,6,1,6,1,1,-88,7,2558,16474,41,100,2,0,0
615,10,2,768,0,38,2,3,7,1,1,-95,6,1315,9654,30,100,1,0,0
616,1,0,256,0,9,0,0,4,0,0,0,10,2216,21564,558,100,1,0,0
614,18,15,1280,0,19,2,4,5,1,1,-70,0,773,10736,27,100,2,0,0
615,11,7,1024,0,45,3,5,7,1,1,-52,0,1070,14987,33,100,2,0,0
616,8,4,768,10,48,5,2,7,1,2,-52,3,1196,10920,36,100,1,0,0
615,17,12,1280,0,22,3,5,6,1,1,-70,0,805,8887,23,100,2,0,0
616,12,8,1024,10,27,4,11,7,1,1,-52,1,912,11401,23,100,1,0,0
618,6,3,768,0,23,1,7,7,1,1,-70,0,695,9597,16,100,2,0,0
616,13,8,1024,0,19,2,7,6,1,1,-70,0,1018,9982,14,100,2,0,0
620,9,4,768,0,42,3,2,7,1,1,-70,0,699,9722,37,100,2,0,0
620,5,1,512,0,25,6,1,6,1,1,-94,0,435,10306,41,100,1,0,0
621,4,1,512,10,48,6,2,7,1,1,-66,7,1967,13655,41,100,1,0,0
620,3,1,512,0,39,6,1,7,1,2,-64,1,852,11803,38,100,2,0,0
621,2,1,512,0,48,6,1,6,1,1,-88,7,1389,10640,41,100,1,0,0
621,7,4,768,10,43,5,5,7,1,2,-70,1,1018,13212,36,100,2,0,0
622,1,0,256,0,9,0,0,4,0,0,0,10,1296,13642,563,100,1,0,0
621,14,10,1024,0,28,2,4,6,1,1,-52,0,867,8864,29,100,1,0,0
621,19,15,1280,0,23,3,4,6,1,1,-52,0,615,11087,28,100,2,0,0
623,12,8,1024,10,28,4,11,7,1,1,-52,1,667,8635,23,100,1,0,0
623,10,2,768,0,41,2,3,7,1,1,-95,6,2136,17832,31,100,2,0,0
623,17,12,1280,0,24,3,5,6,1,1,-70,0,497,6829,23,100,1,0,0
624,15,10,1024,10,42,2,6,7,1,1,-70,4,2028,21269,29,100,1,0,0
625,9,4,768,0,42,3,2,7,1,1,-70,0,255,5605,37,100,1,0,0
623,18,15,1280,0,20,2,4,5,1,1,-70,0,471,7971,28,100,1,0,0
625,7,4,768,0,43,5,5,7,1,2,-70,1,503,7004,36,100,0,0,0
624,21,20,1536,0,20,2,6,4,1,1,-52,0,722,11165,19,100,2,0,0
625,5,1,512,0,26,6,1,6,1,1,-94,0,438,5930,42,100,1,0,0
626,4,1,512,0,48,6,2,7,1,1,-66,7,1577,13018,41,100,1,0,0
625,3,1,512,0,41,6,1,7,1,2,-64,1,695,8025,38,100,1,0,0
625,19,15,1280,0,27,3,4,6,1,1,-52,0,682,4614,28,100,2,0,0
626,2,1,512,0,48,6,1,6,1,1,-88,7,1765,10591,42,100,1,0,0
625,20,15,1280,0,25,3,5,6,1,1,-70,1,1459,15456,23,100,2,0,0
626,11,7,1024,0,47,3,5,7,1,1,-52,0,797,12709,34,100,2,0,0
627,6,3,768,0,27,1,7,7,1,1,-70,0,1085,9217,17,100,2,0,0
628,8,4,768,10,51,5,2,7,1,2,-52,3,2021,21718,36,100,2,0,0
629,7,4,768,0,45,5,5,7,1,2,-70,1,760,7381,37,100,1,0,0
629,21,20,1536,0,22,2,6,4,1,1,-52,0,498,4900,19,100,1,0,0
628,13,8,1024,10,22,2,7,6,1,1,-70,0,749,11016,14,100,2,0,0
630,20,15,1280,0,26,3,5,6,1,1,-70,1,591,5835,24,100,0,0,0
630,12,8,1024,0,30,4,11,7,1,1,-52,1,1130,10503,24,100,2,0,0
631,3,1,512,0,44,6,1,7,1,2,-64,1,936,9399,39,100,1,0,0
631,19,15,1280,0,30,3,4,6,1,1,-52,0,660,5564,29,100,1,0,0
631,1,0,256,0,9,0,0,4,0,0,0,10,2596,23600,578,100,2,0,0
631,5,1,512,0,29,6,1,6,1,1,-94,0,600,7471,42,100,1,0,0
632,15,10,1024,10,44,2,6,7,1,1,-70,4,2676,20520,29,100,2,0,0
633,14,10,1024,10,31,2,4,6,1,1,-52,0,698,10852,30,100,2,0,0
635,18,15,1280,0,23,2,4,5,1,1,-70,0,805,9589,29,100,2,0,0
635,4,1,512,0,50,6,2,7,1,1,-66,7,2830,23683,42,100,1,0,0
635,11,7,1024,0,49,3,5,7,1,1,-52,0,591,10338,34,100,1,0,0
636,2,1,512,10,49,6,1,6,1,1,-88,7,2341,17572,42,100,2,0,0
634,8,4,768,10,56,5,2,7,1,2,-52,3,1822,15417,37,100,2,0,0
635,10,2,768,0,44,2,3,7,1,1,-95,6,3532,25850,31,100,2,0,0
633,9,4,768,0,44,3,2,7,1,1,-70,0,792,13167,38,100,2,0,0
635,7,4,768,0,47,5,5,7,1,2,-70,1,942,10428,37,100,1,0,0
633,17,12,1280,0,26,3,5,6,1,1,-70,0,722,11072,24,100,2,0,0
635,13,8,1024,0,23,2,8,6,1,1,-70,0,597,7152,15,100,3,0,0
637,5,1,512,0,32,6,1,6,1,1,-94,0,907,7945,42,100,2,0,0
638,21,20,1536,0,24,2,6,4,1,1,-52,0,571,7469,20,100,2,0,0
638,1,0,256,0,9,0,0,4,0,0,0,10,1473,15609,584,100,1,0,0
638,3,1,512,10,45,6,1,7,1,2,-64,1,610,10669,39,100,1,0,0
638,15,10,1024,0,45,2,6,7,1,1,-70,4,1311,14661,30,100,1,0,0
637,6,3,768,10,32,1,7,7,1,1,-70,0,853,10223,17,100,2,0,0
637,12,8,1024,0,32,4,11,7,1,1,-52,1,815,9844,24,100,1,0,0
639,20,15,1280,0,31,3,5,6,1,1,-70,1,1323,11999,24,100,2,0,0
642,19,15,1280,0,34,3,4,6,1,1,-52,0,856,10173,29,100,2,0,0
641,4,1,512,10,52,6,2,7,1,1,-66,7,2263,16554,42,100,1,0,0
642,5,1,512,0,34,6,1,6,1,1,-94,0,447,5943,43,100,0,0,0
639,8,4,768,0,57,5,2,7,1,2,-52,3,1124,11481,37,100,1,0,0
640,17,12,1280,10,27,3,5,6,1,1,-70,0,391,6069,24,100,1,0,0
643,14,10,1024,0,35,2,4,6,1,1,-52,0,1021,9736,31,100,2,0,0
642,13,8,1024,0,25,2,8,6,1,1,-70,0,520,6883,15,100,1,0,0
643,11,7,1024,0,49,3,5,7,1,1,-52,0,488,9335,35,100,2,0,0
645,2,1,512,30,50,6,1,6,1,1,-88,7,2053,16344,43,100,1,0,0
644,10,2,768,0,47,2,3,7,1,1,-95,6,2148,18680,32,100,1,0,0
642,9,4,768,0,47,3,2,7,1,1,-70,0,649,10380,38,100,1,0,0
642,12,8,1024,20,36,4,11,7,1,1,-52,1,924,7467,25,100,1,0,0
645,3,1,512,0,46,6,1,7,1,2,-64,1,988,11790,40,100,2,0,0
644,18,15,1280,0,26,2,4,5,1,1,-70,0,749,9584,29,100,2,0,0
646,5,1,512,0,35,6,1,6,1,1,-94,0,387,5640,43,100,1,0,0
645,15,10,1024,10,46,2,6,7,1,1,-70,4,1597,15896,30,100,1,0,0
646,7,4,768,0,51,5,5,7,1,2,-70,1,1582,17854,38,100,3,0,0
646,20,15,1280,0,35,3,5,6,1,1,-70,1,974,8745,25,100,1,0,0
647,12,8,1024,0,36,4,11,7,1,1,-52,1,544,5377,25,100,1,0,0
648,1,0,256,0,9,0,0,4,0,0,0,10,2615,24761,599,100,2,0,0
647,21,20,1536,0,26,2,6,4,1,1,-52,0,668,8685,21,100,3,0,0
648,19,15,1280,0,36,3,4,6,1,1,-52,0,554,6480,30,100,1,0,0
648,4,1,512,20,55,6,2,7,1,1,-66,7,3173,19358,43,100,2,0,0
647,13,8,1024,0,26,2,8,6,1,1,-70,0,421,5130,16,100,1,0,0
648,14,10,1024,0,37,2,4,6,1,1,-52,0,498,5644,31,100,1,0,0
648,8,4,768,0,58,5,2,7,1,2,-52,3,1839,15908,38,100,1,0,0
649,6,3,768,10,36,1,7,7,1,1,-70,0,1018,11196,18,100,2,0,0
650,11,7,1024,0,51,3,5,7,1,1,-52,0,520,8707,35,100,1,0,0
649,17,12,1280,0,32,3,5,6,1,1,-70,0,1021,9415,25,100,2,0,0
651,5,1,512,0,35,6,1,6,1,1,-94,0,255,5461,43,100,1,0,0
652,15,10,1024,0,48,2,6,7,1,1,-70,4,1617,15174,31,100,1,0,0
650,9,4,768,10,50,3,2,7,1,1,-70,0,782,9494,39,100,2,0,0
652,2,1,512,10,53,6,1,6,1,1,-88,7,2488,15123,43,100,2,0,0
651,18,15,1280,10,28,2,4,5,1,1,-70,0,470,6880,30,100,1,0,0
651,12,8,1024,0,36,4,11,7,1,1,-52,1,579,6478,25,100,1,0,0
652,10,2,768,10,48,2,3,7,1,1,-95,6,2578,18554,33,100,2,0,0
654,14,10,1024,0,39,2,4,6,1,1,-52,0,553,5842,32,100,1,0,0
654,11,7,1024,0,53,3,5,7,1,1,-52,0,472,5393,35,100,1,0,0
655,21,20,1536,10,31,2,6,4,1,1,-52,0,939,7973,21,100,2,0,0
654,17,12,1280,10,33,3,5,6,1,1,-70,0,367,4522,25,100,1,0,0
656,19,15,1280,10,39,3,4,6,1,1,-52,0,521,7772,30,100,1,0,0
656,3,1,512,0,50,6,1,7,1,2,-64,1,1311,17066,40,100,2,0,0
657,20,15,1280,0,39,3,5,6,1,1,-70,1,1548,15473,25,100,2,0,0
658,15,10,1024,10,49,2,6,7,1,1,-70,4,1585,14295,31,100,2,0,0
657,13,8,1024,0,28,2,8,6,1,1,-70,0,641,9208,16,100,2,0,0
657,4,1,512,20,57,6,2,7,1,1,-66,7,3124,24497,43,100,1,0,0
657,10,2,768,10,51,2,3,7,1,1,-95,6,1836,13127,33,100,1,0,0
658,7,4,768,0,58,5,5,7,1,2,-70,1,2098,20312,39,100,2,0,0
659,1,0,256,0,9,0,0,4,0,0,0,10,2756,27256,614,100,2,0,0
659,8,4,768,10,60,5,2,7,1,2,-52,3,2114,21673,39,100,2,0,0
660,6,3,768,0,38,1,7,7,1,1,-70,0,722,10419,19,100,2,0,0
661,5,1,512,0,39,6,1,6,1,1,-94,0,927,12442,44,100,2,0,0
661,9,4,768,10,52,3,2,7,1,1,-70,0,542,11914,39,100,1,0,0
661,2,1,512,0,54,6,1,6,1,1,-88,7,2440,18489,44,100,1,0,0
662,11,7,1024,0,56,3,5,7,1,1,-52,0,711,9389,36,100,1,0,0
662,3,1,512,0,50,6,1,7,1,2,-64,1,622,8433,41,100,1,0,0
662,18,15,1280,0,29,2,4,5,1,1,-70,0,699,10282,31,100,2,0,0
660,12,8,1024,10,39,4,11,7,1,1,-52,1,1069,11671,26,100,1,0,0
663,15,10,1024,0,49,2,6,7,1,1,-70,4,887,10722,31,100,1,0,0
663,14,10,1024,10,42,2,4,6,1,1,-52,0,618,7823,32,100,2,0,0
664,1,0,256,0,9,0,0,4,0,0,0,10,942,10067,618,100,1,0,0
663,4,1,512,0,58,6,2,7,1,1,-66,7,1926,14430,44,100,1,0,0
663,17,12,1280,0,36,3,5,6,1,1,-70,0,699,8471,26,100,2,0,0
666,20,15,1280,0,40,3,5,6,1,1,-70,1,924,11465,26,100,2,0,0
666,21,20,1536,0,35,2,6,4,1,1,-52,0,931,10558,22,100,3,0,0
666,10,2,768,20,52,2,3,7,1,1,-95,6,1935,16950,34,100,1,0,0
667,15,10,1024,0,50,2,6,7,1,1,-70,4,882,9119,32,100,0,0,0
666,18,15,1280,0,30,2,4,5,1,1,-70,0,367,3850,31,100,1,0,0
666,9,4,768,0,57,3,2,7,1,1,-70,0,1022,8948,40,100,2,0,0
667,19,15,1280,10,39,3,4,6,1,1,-52,0,662,9996,31,100,2,0,0
668,6,3,768,0,42,1,7,7,1,1,-70,0,788,8821,20,100,1,0,0
669,5,1,512,0,40,6,1,6,1,1,-94,0,486,10032,45,100,1,0,0
669,8,4,768,10,61,5,2,7,1,2,-52,3,1317,18049,39,100,2,0,0
668,13,8,1024,0,33,2,8,6,1,1,-70,0,1042,11476,17,100,2,0,0
669,7,4,768,10,60,5,5,7,1,2,-70,1,960,16585,39,100,2,0,0
671,1,0,256,0,9,0,0,4,0,0,0,10,1596,17001,625,100,2,0,0
672,2,1,512,10,56,6,1,6,1,1,-88,7,2773,18759,45,100,2,0,0
671,3,1,512,10,52,6,1,7,1,2,-64,1,891,14904,41,100,1,0,0
671,14,10,1024,0,43,2,4,6,1,1,-52,0,572,7742,33,100,2,0,0
671,19,15,1280,0,40,3,4,6,1,1,-52,0,391,4422,31,100,1,0,0
671,12,8,1024,0,42,4,11,7,1,1,-52,1,1207,13445,26,100,2,0,0
673,4,1,512,10,58,6,2,7,1,1,-66,7,2304,20961,44,100,2,0,0
671,11,7,1024,0,58,3,5,7,1,1,-52,0,725,12710,37,100,2,0,0
673,6,3,768,0,42,1,7,7,1,1,-70,0,345,4724,20,100,1,0,0
673,13,8,1024,0,34,2,8,6,1,1,-70,0,367,4257,17,100,1,0,0
674,21,20,1536,10,38,2,6,4,1,1,-52,0,605,7088,22,100,1,0,0
672,17,12,1280,10,42,3,5,6,1,1,-70,0,1070,9902,27,100,2,0,0
675,18,15,1280,0,32,2,4,5,1,1,-70,0,521,7635,31,100,1,0,0
675,20,15,1280,0,44,3,5,6,1,1,-70,1,1482,12514,27,100,2,0,0
677,2,1,512,20,56,6,1,6,1,1,-88,7,1429,9579,45,100,1,0,0
677,1,0,256,0,9,0,0,4,0,0,0,10,1390,13213,635,100,1,0,0
674,15,10,1024,20,54,2,6,7,1,1,-70,4,2727,22517,32,100,2,0,0
675,12,8,1024,0,42,4,11,7,1,1,-52,1,706,6734,27,100,1,0,0
677,7,4,768,0,62,5,5,7,1,2,-70,1,1101,12369,40,100,1,0,0
677,10,2,768,10,55,2,3,7,1,1,-95,6,3031,22434,34,100,2,0,0
676,11,7,1024,0,59,3,5,7,1,1,-52,0,366,5848,37,100,1,0,0
677,13,8,1024,0,35,2,8,6,1,1,-70,0,324,4464,18,100,0,0,0
678,3,1,512,0,54,6,1,7,1,2,-64,1,1035,11086,42,100,2,0,0
678,5,1,512,0,42,6,1,6,1,1,-94,0,639,11125,45,100,2,0,0
679,19,15,1280,0,43,3,4,6,1,1,-52,0,660,7229,32,100,1,0,0
678,9,4,768,0,60,3,2,7,1,1,-70,0,802,12759,41,100,2,0,0
679,14,10,1024,0,45,2,4,6,1,1,-52,0,618,7990,33,100,2,0,0
680,21,20,1536,0,40,2,6,4,1,1,-52,0,644,6740,23,100,1,0,0
680,8,4,768,0,63,5,2,7,1,2,-52,3,2330,22338,40,100,2,0,0
682,4,1,512,0,60,6,2,7,1,1,-66,7,3233,23847,45,100,2,0,0
682,15,10,1024,10,54,2,6,7,1,1,-70,4,1187,12346,33,100,1,0,0
682,10,2,768,0,56,2,3,7,1,1,-95,6,1516,11172,35,100,1,0,0
683,2,1,512,10,57,6,1,6,1,1,-88,7,2001,12324,45,100,1,0,0
681,17,12,1280,0,42,3,5,6,1,1,-70,0,365,7608,27,100,1,0,0
682,13,8,1024,10,36,2,8,6,1,1,-70,0,365,4229,18,100,1,0,0
682,11,7,1024,0,60,3,5,7,1,1,-52,0,389,6776,37,100,1,0,0
682,18,15,1280,0,34,2,4,5,1,1,-70,0,577,7080,32,100,1,0,0
683,6,3,768,10,47,1,7,7,1,1,-70,0,960,10309,21,100,2,0,0
684,12,8,1024,0,44,4,11,7,1,1,-52,1,784,9983,27,100,1,0,0
684,19,15,1280,0,45,3,4,6,1,1,-52,0,497,4845,32,100,1,0,0
684,9,4,768,0,60,3,2,7,1,1,-70,0,308,7395,41,100,1,0,0
685,1,0,256,0,9,0,0,4,0,0,0,10,2128,21279,643,100,1,0,0
685,14,10,1024,0,48,2,4,6,1,1,-52,0,660,5936,34,100,1,0,0
686,15,10,1024,10,58,2,6,7,1,1,-70,4,1272,9679,33,100,1,0,0
686,3,1,512,0,58,6,1,7,1,2,-64,1,1194,12991,42,100,1,0,0
687,20,15,1280,0,49,3,5,6,1,1,-70,1,1490,14990,27,100,2,0,0
686,13,8,1024,10,37,2,8,6,1,1,-70,0,283,3894,18,100,1,0,0
688,5,1,512,10,46,6,1,6,1,1,-94,0,904,12045,46,100,2,0,0
688,7,4,768,0,64,5,5,7,1,2,-70,1,1480,17616,41,100,2,0,0
689,2,1,512,10,61,6,1,6,1,1,-88,7,2011,12041,46,100,2,0,0
689,4,1,512,10,61,6,2,7,1,1,-66,7,2266,17693,45,100,1,0,0
688,17,12,1280,0,44,3,5,6,1,1,-70,0,571,6912,28,100,2,0,0
691,1,0,256,0,9,0,0,4,0,0,0,10,1541,14389,654,100,1,0,0
691,15,10,1024,0,60,2,6,7,1,1,-70,4,1101,12498,33,100,0,0,0
692,8,4,768,0,66,5,2,7,1,2,-52,3,2221,21075,41,100,1,0,0
691,10,2,768,10,57,2,3,7,1,1,-95,6,2337,19340,35,100,2,0,0
691,18,15,1280,0,36,2,4,5,1,1,-70,0,698,8959,33,100,2,0,0
691,21,20,1536,0,45,2,6,4,1,1,-52,0,1013,10702,24,100,3,0,0
692,11,7,1024,0,64,3,5,7,1,1,-52,0,933,12698,38,100,3,0,0
694,9,4,768,0,62,3,2,7,1,1,-70,0,722,11384,42,100,2,0,0
693,6,3,768,0,50,1,7,7,1,1,-70,0,804,9605,21,100,2,0,0
694,14,10,1024,0,48,2,4,6,1,1,-52,0,331,8006,34,100,1,0,0
695,2,1,512,10,63,6,1,6,1,1,-88,7,1719,11577,46,100,1,0,0
695,4,1,512,10,63,6,2,7,1,1,-66,7,2001,14377,46,100,1,0,0
694,17,12,1280,0,44,3,5,6,1,1,-70,0,259,3943,28,100,1,0,0
695,19,15,1280,0,45,3,4,6,1,1,-52,0,484,10148,33,100,2,0,0
695,12,8,1024,10,48,4,12,7,1,1,-52,1,1396,13320,28,100,3,0,0
695,20,15,1280,0,50,3,5,6,1,1,-70,1,886,10562,28,100,1,0,0
696,7,4,768,0,65,5,5,7,1,2,-70,1,749,11118,41,100,2,0,0
696,21,20,1536,0,46,2,6,4,1,1,-52,0,368,3926,24,100,1,0,0
696,13,8,1024,0,39,2,8,6,1,1,-70,0,949,9600,19,100,2,0,0
696,3,1,512,0,61,6,1,7,1,2,-64,1,1090,15533,43,100,2,0,0
696,10,2,768,10,58,2,3,7,1,1,-95,6,1596,10783,36,100,1,0,0
698,8,4,768,0,67,5,2,7,1,2,-52,3,1097,11704,41,100,1,0,0
698,5,1,512,0,48,6,1,6,1,1,-94,0,641,11646,46,100,2,0,0
699,1,0,256,0,9,0,0,4,0,0,0,10,1865,18502,660,100,2,0,0
701,12,8,1024,0,48,4,12,7,1,1,-52,1,533,7081,28,100,1,0,0
700,15,10,1024,0,62,2,6,7,1,1,-70,4,2106,22238,34,100,2,0,0
701,11,7,1024,0,65,3,5,7,1,1,-52,0,414,8858,38,100,1,0,0
700,18,15,1280,0,38,2,4,5,1,1,-70,0,642,9459,33,100,2,0,0
700,13,8,1024,0,42,2,8,6,1,1,-70,0,524,4564,19,100,0,0,0
700,14,10,1024,0,49,2,4,6,1,1,-52,0,543,6511,35,100,2,0,0
701,17,12,1280,0,46,3,5,6,1,1,-70,0,497,6675,28,100,1,0,0
703,5,1,512,0,50,6,1,6,1,1,-94,0,472,6533,47,100,0,0,0
704,1,0,256,0,9,0,0,4,0,0,0,10,1084,12765,669,100,0,0,0
703,2,1,512,10,65,6,1,6,1,1,-88,7,2334,17709,47,100,1,0,0
703,19,15,1280,0,48,3,4,6,1,1,-52,0,806,9349,34,100,2,0,0
704,10,2,768,0,61,2,3,7,1,1,-95,6,1993,17584,36,100,1,0,0
705,9,4,768,0,65,3,2,7,1,1,-70,0,650,13106,42,100,1,0,0
704,20,15,1280,0,53,3,5,6,1,1,-70,1,1181,13445,29,100,2,0,0
705,8,4,768,0,68,5,2,7,1,2,-52,3,1635,15676,42,100,2,0,0
705,6,3,768,10,51,1,7,7,1,1,-70,0,587,10797,22,100,2,0,0
705,4,1,512,0,64,6,2,7,1,1,-66,7,3581,28745,46,100,2,0,0
705,14,10,1024,10,53,2,4,6,1,1,-52,0,687,5126,35,100,1,0,0
706,15,10,1024,10,63,2,6,7,1,1,-70,4,1499,13587,34,100,1,0,0
708,7,4,768,0,66,5,5,7,1,2,-70,1,1248,18418,42,100,2,0,0
707,3,1,512,0,64,6,1,7,1,2,-64,1,1278,17691,44,100,2,0,0
706,21,20,1536,10,48,2,6,4,1,1,-52,0,666,9783,25,100,2,0,0
708,2,1,512,10,66,6,1,6,1,1,-88,7,1739,10021,47,100,1,0,0
709,17,12,1280,0,47,3,5,6,1,1,-70,0,567,7156,29,100,2,0,0
706,18,15,1280,0,38,2,4,5,1,1,-70,0,339,6318,34,100,1,0,0
709,13,8,1024,0,43,2,8,6,1,1,-70,0,590,8522,20,100,2,0,0
709,9,4,768,0,66,3,2,7,1,1,-70,0,447,5817,43,100,1,0,0
708,19,15,1280,0,50,3,4,6,1,1,-52,0,497,5630,34,100,1,0,0
709,10,2,768,0,62,2,3,7,1,1,-95,6,1922,13202,36,100,1,0,0
710,15,10,1024,0,65,2,6,7,1,1,-70,4,1296,10451,35,100,1,0,0
712,7,4,768,0,66,5,5,7,1,2,-70,1,245,6515,42,100,0,0,0
712,21,20,1536,10,49,2,6,4,1,1,-52,0,423,5169,25,100,1,0,0
712,12,8,1024,10,52,4,12,7,1,1,-52,1,1421,15459,29,100,2,0,0
713,11,7,1024,0,70,3,5,7,1,1,-52,0,1070,15371,39,100,2,0,0
712,18,15,1280,0,40,2,4,5,1,1,-70,0,497,5527,34,100,1,0,0
713,4,1,512,0,64,6,2,7,1,1,-66,7,2237,19520,47,100,2,0,0
714,13,8,1024,0,45,2,8,6,1,1,-70,0,472,5149,20,100,1,0,0
714,6,3,768,0,52,1,7,7,1,1,-70,0,487,8757,23,100,2,0,0
714,5,1,512,0,54,6,1,6,1,1,-94,0,1048,14607,48,100,3,0,0
713,20,15,1280,0,54,3,5,6,1,1,-70,1,1158,12892,29,100,2,0,0
715,1,0,256,0,9,0,0,4,0,0,0,10,2883,27813,682,100,3,0,0
714,10,2,768,10,64,2,3,7,1,1,-95,6,1538,11506,37,100,1,0,0
713,14,10,1024,0,54,2,4,6,1,1,-52,0,495,8965,36,100,1,0,0
717,21,20,1536,0,51,2,6,4,1,1,-52,0,498,5200,25,100,1,0,0
715,8,4,768,0,71,5,2,7,1,2,-52,3,1938,22715,42,100,2,0,0
717,3,1,512,0,64,6,1,7,1,2,-64,1,800,14801,44,100,2,0,0
718,17,12,1280,10,50,3,5,6,1,1,-70,0,628,8372,29,100,1,0,0
717,7,4,768,10,68,5,5,7,1,2,-70,1,1112,10534,43,100,2,0,0
718,4,1,512,30,64,6,2,7,1,1,-66,7,1683,13545,47,100,1,0,0
717,19,15,1280,0,53,3,4,6,1,1,-52,0,805,9190,35,100,2,0,0
718,9,4,768,0,70,3,2,7,1,1,-70,0,846,11658,43,100,3,0,0
720,5,1,512,0,55,6,1,6,1,1,-94,0,268,6028,48,100,0,0,0
719,2,1,512,0,69,6,1,6,1,1,-88,7,3171,21581,48,100,2,0,0
718,13,8,1024,0,45,2,8,6,1,1,-70,0,258,3917,20,100,1,0,0
721,1,0,256,0,9,0,0,4,0,0,0,10,1344,13213,691,100,1,0,0
719,15,10,1024,10,67,2,6,7,1,1,-70,4,2385,23070,35,100,3,0,0
719,14,10,1024,0,55,2,4,6,1,1,-52,0,390,5741,36,100,1,0,0
720,20,15,1280,0,55,3,5,6,1,1,-70,1,833,8327,30,100,1,0,0
720,18,15,1280,0,42,2,4,5,1,1,-70,0,758,8107,35,100,2,0,0
720,11,7,1024,10,73,3,5,7,1,1,-52,0,606,9322,40,100,1,0,0
719,12,8,1024,10,56,4,12,7,1,1,-52,1,1280,10054,30,100,2,0,0
722,8,4,768,0,76,5,2,7,1,2,-52,3,2037,12836,43,100,2,0,0
724,13,8,1024,0,47,2,8,6,1,1,-70,0,546,5845,21,100,2,0,0
724,2,1,512,0,70,6,1,6,1,1,-88,7,1424,9641,48,100,2,0,0
724,10,2,768,10,66,2,4,7,1,1,-95,6,2513,19556,37,100,3,0,0
724,7,4,768,0,70,5,5,7,1,2,-70,1,872,10992,43,100,1,0,0
726,12,8,1024,10,61,4,12,7,1,1,-52,1,1188,9719,30,100,2,0,0
726,6,3,768,0,53,1,7,7,1,1,-70,0,652,10865,23,100,3,0,0
727,21,20,1536,0,56,2,6,5,1,1,-52,0,1013,10011,26,100,3,0,0
728,17,12,1280,0,54,3,5,7,1,1,-70,0,907,9726,30,100,3,0,0
727,4,1,512,0,69,6,2,7,1,1,-66,7,3350,22513,48,100,1,0,0
726,19,15,1280,0,54,3,4,7,1,1,-52,0,408,7426,35,100,2,0,0
727,8,4,768,0,78,5,2,7,1,2,-52,3,1178,10941,43,100,1,0,0
727,9,4,768,0,72,3,2,7,1,1,-70,0,723,11279,44,100,2,0,0
727,11,7,1024,10,75,3,5,7,1,1,-52,0,695,9766,40,100,3,0,0
729,3,1,512,0,67,6,1,7,1,2,-64,1,1275,18379,45,100,2,0,0
727,18,15,1280,10,44,2,4,5,1,1,-70,0,581,6855,35,100,1,0,0
728,5,1,512,20,60,6,1,6,1,1,-94,0,852,11448,49,100,2,0,0
730,13,8,1024,0,50,2,8,6,1,1,-70,0,597,5591,21,100,2,0,0
729,14,10,1024,0,60,2,4,7,1,1,-52,1,1307,10108,37,100,4,0,0
730,10,2,768,10,68,2,4,7,1,1,-95,7,1728,14100,38,100,1,0,0
730,19,15,1280,10,57,3,4,7,1,1,-52,0,467,4177,35,100,2,0,0
730,15,10,1024,20,70,2,6,7,1,1,-70,4,2441,24420,36,100,3,0,0
732,7,4,768,0,72,5,5,7,1,2,-70,1,987,12365,43,100,1,0,0
733,1,0,256,0,9,0,0,4,0,0,0,10,2864,28552,703,100,2,0,0
733,17,12,1280,0,57,3,5,7,1,1,-70,0,654,6008,31,100,2,0,0
731,20,15,1280,0,61,3,5,7,1,1,-70,1,1517,14797,30,100,4,0,0
734,3,1,512,0,69,6,1,7,1,2,-64,1,626,7403,46,100,2,0,0
733,9,4,768,0,74,3,2,7,1,1,-70,0,494,7367,44,100,1,0,0
733,2,1,512,10,72,6,1,6,1,1,-88,8,2840,18229,49,100,3,0,0
735,5,1,512,0,63,6,1,6,1,1,-94,0,785,8295,49,100,1,0,0
735,6,3,768,10,55,1,7,7,1,1,-70,0,575,8920,24,100,1,0,0
735,12,8,1024,0,65,4,12,7,1,1,-52,1,1551,14787,31,100,3,0,0
736,13,8,1024,0,50,2,8,6,1,1,-70,0,362,7059,22,100,1,0,0
736,11,7,1024,0,80,3,6,7,1,1,-52,0,1069,12258,41,100,4,0,0
736,10,2,768,10,69,2,4,7,1,1,-95,7,1817,12844,38,100,1,0,0
737,8,4,768,0,79,5,2,7,1,2,-52,3,1833,19663,44,100,3,0,0
738,2,1,512,40,75,6,1,6,1,1,-88,8,1172,7988,49,100,1,0,0
738,3,1,512,10,70,6,1,7,1,2,-64,1,488,6477,46,100,1,0,0
734,19,15,1280,0,58,3,4,7,1,1,-52,0,530,4864,36,100,1,0,0
738,7,4,768,0,74,5,5,7,1,2,-70,1,927,9941,44,100,1,0,0
736,21,20,1536,10,59,2,6,5,1,1,-52,0,801,10527,27,100,3,0,0
739,4,1,512,0,70,6,2,7,1,1,-66,7,4029,30188,49,100,2,0,0
736,18,15,1280,0,45,2,4,5,1,1,-70,0,634,8687,36,100,2,0,0
737,14,10,1024,0,64,2,4,7,1,1,-52,1,942,8850,37,100,2,0,0
738,20,15,1280,0,65,3,5,7,1,1,-70,1,1173,10586,31,100,2,0,0
740,5,1,512,0,65,6,1,6,1,1,-94,0,493,7130,49,100,1,0,0
739,17,12,1280,0,59,3,5,7,1,1,-70,0,515,8196,31,100,2,0,0
741,9,4,768,0,74,3,2,7,1,1,-70,0,387,9718,45,100,1,0,0
740,15,10,1024,10,71,2,6,7,1,1,-70,4,2400,23436,37,100,2,0,0
741,6,3,768,0,56,1,7,7,1,1,-70,0,508,6528,24,100,2,0,0
742,3,1,512,10,74,6,1,7,1,2,-64,1,921,7791,46,100,1,0,0
740,19,15,1280,0,61,3,4,7,1,1,-52,0,598,6428,36,100,2,0,0
742,7,4,768,0,74,5,5,7,1,2,-70,1,368,6708,44,100,1,0,0
743,4,1,512,0,72,6,2,7,1,1,-66,7,1172,10238,49,100,1,0,0
744,1,0,256,0,9,0,0,4,0,0,0,10,2846,27184,717,100,2,0,0
742,20,15,1280,10,68,3,5,7,1,1,-70,1,666,5733,31,100,1,0,0
743,12,8,1024,0,67,4,12,7,1,1,-52,1,786,10385,31,100,1,0,0
745,2,1,512,20,75,6,1,6,1,1,-88,8,2023,12478,50,100,1,0,0
742,21,20,1536,0,60,2,6,5,1,1,-52,0,482,6420,27,100,1,0,0
745,5,1,512,0,65,6,1,6,1,1,-94,0,330,5459,50,100,1,0,0
743,14,10,1024,0,65,2,4,7,1,1,-52,1,468,5597,38,100,2,0,0
743,17,12,1280,0,59,3,5,7,1,1,-70,0,329,3957,31,100,1,0,0
747,3,1,512,0,75,6,1,7,1,2,-64,1,584,7797,46,100,1,0,0
746,21,20,1536,0,63,2,6,5,1,1,-52,0,477,4248,27,100,1,0,0
747,8,4,768,20,80,5,2,7,1,2,-52,3,1525,19645,44,100,3,0,0
746,18,15,1280,10,47,2,4,5,1,1,-70,0,545,9018,36,100,1,0,0
748,1,0,256,0,9,0,0,4,0,0,0,10,1133,11306,723,100,1,0,0
747,11,7,1024,10,88,3,6,7,1,1,-52,1,1360,14900,42,100,3,0,0
747,10,2,768,10,73,2,4,7,1,1,-95,7,3286,24649,39,100,2,0,0
747,20,15,1280,10,69,3,5,7,1,1,-70,1,702,6260,32,100,1,0,0
747,13,8,1024,10,54,2,8,6,1,1,-70,0,849,11303,23,100,3,0,0
749,6,3,768,0,58,1,7,7,1,1,-70,0,574,7816,25,100,1,0,0
750,2,1,512,20,77,6,1,6,1,1,-88,8,1741,11583,50,100,2,0,0
748,12,8,1024,0,69,4,12,7,1,1,-52,1,853,7466,32,100,2,0,0
750,9,4,768,0,76,3,2,7,1,1,-70,0,614,10170,45,100,2,0,0
730,16,11,1408,20,1,2,13,2,0,1,-70,0,935,8720,0,100,8,0,0
752,15,10,1024,0,71,2,6,7,1,1,-70,4,2467,26048,38,100,2,0,0
736,16,11,1408,80,3,3,13,2,0,1,-70,0,956,5991,1,100,5,0,0
751,18,15,1280,0,48,2,4,5,1,1,-70,0,423,4869,37,100,1,0,0
748,16,11,1408,100,7,3,13,5,0,1,-70,0,1323,10444,1,100,8,0,0
752,8,4,768,0,82,5,2,7,1,2,-52,3,1322,10704,45,100,1,0,0
752,21,20,1536,0,64,2,6,5,1,1,-52,0,446,6074,28,100,1,0,0
753,16,11,1280,40,9,3,13,5,1,1,-70,0,870,4554,2,100,3,0,0
754,4,1,512,20,73,6,2,7,1,1,-66,8,4444,30571,50,100,2,0,0
752,19,15,1280,0,62,3,4,7,1,1,-52,0,615,11069,37,100,2,0,0
752,17,12,1280,10,60,3,5,7,1,1,-70,0,470,7984,32,100,1,0,0
753,14,10,1024,0,68,2,4,7,1,1,-52,1,652,9219,38,100,1,0,0
754,7,4,768,0,79,5,5,7,1,2,-70,2,2665,21779,45,100,2,0,0
756,1,0,256,0,9,0,0,4,0,0,0,10,2002,18292,735,100,1,0,0
755,9,4,768,0,79,3,2,7,1,1,-70,0,685,7059,46,100,1,0,0
753,20,15,1280,0,71,3,5,7,1,1,-70,1,990,8461,32,100,1,0,0
756,5,1,512,0,68,6,1,6,1,1,-94,0,769,13907,50,100,2,0,0
757,11,7,1024,0,90,3,6,7,1,1,-52,1,1746,14640,42,100,1,0,0
758,10,2,768,0,76,2,4,7,1,1,-95,7,2783,20716,40,100,2,0,0
758,6,3,768,0,61,1,7,7,1,1,-70,0,624,8126,25,100,1,0,0
758,3,1,512,10,80,6,1,7,1,2,-64,1,1674,17892,47,100,3,0,0
758,4,1,512,10,74,6,2,7,1,1,-66,8,1331,11049,50,100,1,0,0
758,13,8,1024,10,56,2,8,6,1,1,-70,0,699,10060,23,100,2,0,0
758,19,15,1280,0,64,3,4,7,1,1,-52,0,474,4749,37,100,1,0,0
758,12,8,1024,0,71,4,12,7,1,1,-52,1,962,12622,32,100,2,0,0
761,2,1,512,0,81,6,1,6,1,1,-88,8,3055,20337,51,100,2,0,0
761,8,4,768,0,82,5,2,7,1,2,-52,3,1043,15999,45,100,1,0,0
761,15,10,1024,10,71,2,6,7,1,1,-70,4,1873,19546,38,100,2,0,0
762,18,15,1280,0,50,2,4,5,1,1,-70,0,642,9076,37,100,2,0,0
761,14,10,1024,0,70,2,4,7,1,1,-52,1,674,8130,39,100,2,0,0
763,16,11,1280,0,14,3,13,5,1,1,-70,0,1401,11057,2,100,5,0,0
763,1,0,256,0,9,0,0,4,0,0,0,10,1781,17509,744,100,1,0,0
763,5,1,512,0,69,6,1,6,1,1,-94,0,462,7794,51,100,1,0,0
763,11,7,1024,0,91,3,6,7,1,1,-52,1,814,9927,43,100,1,0,0
763,10,2,768,20,77,2,4,7,1,1,-95,7,1292,10174,40,100,1,0,0
761,17,12,1280,0,61,3,5,7,1,1,-70,0,592,8763,33,100,2,0,0
763,6,3,768,0,62,1,7,7,1,1,-70,0,442,5150,26,100,1,0,0
763,21,20,1536,0,68,2,6,5,1,1,-52,0,902,9568,28,100,2,0,0
763,20,15,1280,0,74,3,5,7,1,1,-70,1,1181,13013,33,100,2,0,0
762,9,4,768,0,81,3,2,7,1,1,-70,0,493,9103,46,100,1,0,0
765,3,1,512,0,81,6,1,7,1,2,-64,1,932,10325,48,100,2,0,0
762,13,8,1024,0,56,2,8,6,1,1,-70,0,284,4526,23,100,1,0,0
763,7,4,768,0,81,5,5,7,1,2,-70,2,1568,14975,46,100,2,0,0
766,2,1,512,10,81,6,1,6,1,1,-88,8,1740,10998,51,100,1,0,0
766,14,10,1024,0,72,2,4,7,1,1,-52,1,473,4700,39,100,1,0,0
767,1,0,256,0,9,0,0,4,0,0,0,10,1373,11955,754,100,1,0,0
767,10,2,768,10,78,2,4,7,1,1,-95,7,1530,10480,40,100,1,0,0
767,19,15,1280,0,67,3,4,7,1,1,-52,0,708,8967,38,100,1,0,0
767,18,15,1280,0,54,2,4,5,1,1,-70,0,767,6813,38,100,1,0,0
768,21,20,1536,0,72,2,6,5,1,1,-52,0,767,6315,29,100,1,0,0
769,4,1,512,0,75,6,2,7,2,1,-66,8,4110,28477,51,100,2,0,0
769,13,8,1024,0,61,2,8,6,1,1,-70,0,867,7208,24,100,2,0,0
769,7,4,768,10,84,5,5,7,1,2,-70,2,767,9804,46,100,1,0,0
770,8,4,768,10,88,5,2,7,1,2,-52,3,2405,19999,46,100,3,0,0
770,15,10,1024,0,73,2,6,7,1,1,-70,4,2575,22748,39,100,1,0,0
770,12,8,1024,0,74,4,12,7,1,1,-52,1,1453,16115,33,100,2,0,0
771,6,3,768,10,63,1,7,7,1,1,-70,0,483,7039,26,100,2,0,0
770,14,10,1024,0,75,2,4,7,1,1,-52,1,574,4173,39,100,2,0,0
771,11,7,1024,0,92,3,6,7,1,1,-52,1,743,13042,43,100,2,0,0
769,17,12,1280,0,66,3,5,7,1,1,-70,0,939,8908,33,100,2,0,0
773,1,0,256,0,9,0,0,4,0,0,0,10,1276,15069,759,100,1,0,0
772,7,4,768,0,85,5,5,7,1,2,-70,2,748,7370,46,100,1,0,0
774,3,1,512,0,82,6,1,7,1,2,-64,1,878,14011,48,100,1,0,0
774,10,2,768,0,80,2,4,7,1,1,-95,7,1658,13847,41,100,1,0,0
772,9,4,768,0,84,3,2,7,1,1,-70,0,923,14033,47,100,2,0,0
774,5,1,512,10,71,6,1,6,1,1,-94,0,880,13907,52,100,3,0,0
774,4,1,512,10,78,6,2,7,2,1,-66,8,2315,14513,51,100,2,0,0
775,16,11,1280,0,16,3,13,5,1,1,-70,0,1116,11319,3,100,6,0,0
775,20,15,1280,10,75,3,5,7,1,1,-70,1,1061,14384,33,100,2,0,0
776,18,15,1280,0,56,2,4,5,1,1,-70,0,618,7168,38,100,2,0,0
776,15,10,1024,0,73,2,6,7,1,1,-70,4,1076,12561,39,100,1,0,0
775,8,4,768,10,89,5,2,7,1,2,-52,3,975,11466,46,100,1,0,0
776,6,3,768,0,65,1,7,7,1,1,-70,0,550,5929,27,100,1,0,0
777,2,1,512,10,84,6,1,6,1,1,-88,8,3165,20982,52,100,3,0,0
776,19,15,1280,0,75,3,4,7,1,1,-52,0,1334,10736,39,100,3,0,0
779,3,1,512,0,84,6,1,7,1,2,-64,1,880,8678,49,100,2,0,0
779,14,10,1024,0,77,2,4,7,1,1,-52,1,602,8416,40,100,1,0,0
781,16,11,1280,0,17,3,13,6,1,1,-70,0,539,5775,4,100,3,0,0
779,21,20,1536,10,75,2,6,5,1,1,-52,0,660,10128,29,100,3,0,0
778,13,8,1024,10,64,2,8,6,1,1,-70,0,697,9833,25,100,2,0,0
780,11,7,1024,0,93,3,6,7,1,1,-52,1,1161,15055,44,100,1,0,0
781,4,1,512,0,81,6,2,7,2,1,-66,8,2363,16781,52,100,2,0,0
781,20,15,1280,0,75,3,5,7,1,1,-70,1,753,8616,34,100,1,0,0
779,12,8,1024,10,77,4,12,7,1,1,-52,1,1303,14479,34,100,2,0,0
780,17,12,1280,0,70,3,5,7,1,1,-70,0,930,11682,34,100,3,0,0
783,5,1,512,0,74,6,1,6,1,1,-94,0,651,11518,52,100,1,0,0
784,1,0,256,0,9,0,0,4,0,0,0,10,2806,30005,775,100,2,0,0
785,2,1,512,20,89,6,1,6,1,1,-88,8,2008,14893,52,100,1,0,0
783,7,4,768,0,86,5,5,7,1,2,-70,2,1480,17905,47,100,2,0,0
783,8,4,768,0,93,5,2,7,1,2,-52,3,1853,16677,47,100,2,0,0
784,9,4,768,0,88,3,2,7,1,1,-70,0,963,13973,48,100,2,0,0
784,19,15,1280,0,77,3,4,7,1,1,-52,0,596,6959,39,100,2,0,0
785,18,15,1280,0,59,2,4,5,1,1,-70,0,708,9254,39,100,1,0,0
785,13,8,1024,0,65,2,8,6,1,1,-70,0,497,6042,25,100,1,0,0
785,10,2,768,10,82,2,4,7,1,1,-95,7,3258,24865,42,100,2,0,0
786,15,10,1024,0,74,2,6,7,1,1,-70,4,2243,20780,40,100,2,0,0
786,14,10,1024,10,80,2,4,7,1,1,-52,1,497,5879,40,100,1,0,0
789,6,3,768,0,67,1,7,7,1,1,-70,0,662,10734,27,100,2,0,0
788,11,7,1024,0,94,3,6,7,1,1,-52,1,848,13112,45,100,2,0,0
790,3,1,512,10,88,6,1,7,1,2,-64,1,1225,15702,49,100,2,0,0
789,16,11,1280,0,21,3,13,6,1,1,-70,0,1050,9353,4,100,4,0,0
789,5,1,512,0,77,6,1,6,1,1,-94,0,676,7743,53,100,1,0,0
789,20,15,1280,0,75,3,5,7,1,1,-70,1,521,9021,34,100,1,0,0
790,18,15,1280,0,60,2,4,5,1,1,-70,0,366,4209,39,100,1,0,0
788,17,12,1280,0,72,3,5,7,1,1,-70,0,588,7607,34,100,1,0,0
791,2,1,512,20,92,6,1,6,1,1,-88,7,2395,14613,53,100,2,0,0
791,4,1,512,0,83,6,2,7,2,1,-66,8,3250,26917,52,100,2,0,0
792,15,10,1024,10,77,2,6,7,1,1,-70,4,1448,14561,40,100,1,0,0
791,21,20,1536,0,80,2,6,5,1,1,-52,0,1152,11803,30,100,2,0,0
791,12,8,1024,0,79,4,12,7,1,1,-52,1,1375,15333,35,100,2,0,0
793,11,7,1024,0,95,3,6,7,1,1,-52,1,719,8004,45,100,1,0,0
793,9,4,768,0,90,3,2,7,1,1,-70,0,685,10408,48,100,2,0,0
794,1,0,256,0,9,0,0,4,0,0,0,10,2803,28002,792,100,2,0,0
795,20,15,1280,0,76,3,5,7,1,1,-70,1,832,7748,35,100,1,0,0
795,10,2,768,10,85,2,4,7,1,1,-95,6,2628,20044,42,100,1,0,0
794,13,8,1024,0,68,2,8,6,1,1,-70,0,804,8930,26,100,2,0,0
794,7,4,768,0,88,5,5,7,1,2,-70,2,1647,17633,48,100,2,0,0
796,19,15,1280,0,79,3,4,7,1,1,-52,0,722,10760,40,100,2,0,0
795,8,4,768,0,93,5,2,7,1,2,-52,3,1922,21485,48,100,2,0,0
797,6,3,768,0,69,1,7,7,1,1,-70,0,574,8192,28,100,1,0,0
796,16,11,1280,0,22,3,13,6,1,1,-70,0,568,7493,5,100,2,0,0
796,14,10,1024,10,85,2,4,7,1,1,-52,0,1100,11426,41,100,2,0,0
798,3,1,512,0,91,6,1,7,1,2,-64,1,1174,13540,50,100,2,0,0
798,18,15,1280,0,62,2,4,5,1,1,-70,0,674,7737,40,100,2,0,0
797,15,10,1024,0,77,2,6,7,1,1,-70,4,1538,14462,41,100,1,0,0
796,12,8,1024,0,80,4,12,7,1,1,-52,1,476,6541,35,100,1,0,0
799,5,1,512,0,79,6,1,6,1,1,-94,0,638,10828,53,100,2,0,0
798,9,4,768,10,90,3,2,7,1,1,-70,0,243,5956,49,100,0,0,0
800,4,1,512,0,85,6,2,7,2,1,-66,8,3345,23112,53,100,2,0,0
801,21,20,1536,0,82,2,6,5,1,1,-52,0,700,9701,31,100,2,0,0
800,17,12,1280,0,74,3,5,7,1,1,-70,0,819,10795,35,100,3,0,0
803,5,1,512,0,80,6,1,6,1,1,-94,0,508,5543,54,100,1,0,0
802,15,10,1024,0,78,2,6,7,1,1,-70,4,883,11313,41,100,1,0,0
803,16,11,1280,0,23,3,13,6,1,1,-70,0,481,5510,5,100,3,0,0
803,1,0,256,0,9,0,0,4,0,0,0,10,2081,23671,798,100,2,0,0
803,2,1,512,0,95,6,1,6,1,1,-88,7,3151,21768,53,100,2,0,0
802,13,8,1024,0,70,2,8,6,1,1,-70,0,520,8191,26,100,1,0,0
803,8,4,768,0,97,5,2,7,1,2,-52,3,1523,15908,48,100,1,0,0
803,10,2,768,10,87,2,4,7,1,1,-95,6,2263,19438,43,100,2,0,0
803,7,4,768,10,91,5,5,7,1,2,-70,2,1250,14561,48,100,1,0,0
804,11,7,1024,0,98,3,6,7,1,1,-52,1,1303,16580,46,100,2,0,0
805,20,15,1280,0,78,3,5,7,1,1,-70,1,990,12981,35,100,2,0,0
804,14,10,1024,0,86,2,4,7,1,1,-52,0,677,7742,42,100,2,0,0
806,18,15,1280,0,63,2,4,5,1,1,-70,0,414,6937,40,100,1,0,0
806,3,1,512,0,93,6,2,7,1,2,-64,1,774,12569,50,100,2,0,0
807,19,15,1280,10,84,3,4,7,1,1,-52,0,937,11069,41,100,2,0,0
808,6,3,768,0,72,1,7,7,1,1,-70,0,895,10957,29,100,2,0,0
809,4,1,512,0,86,6,2,7,2,1,-66,8,2630,20754,53,100,1,0,0
808,10,2,768,0,87,2,4,7,1,1,-95,6,1438,10832,43,100,1,0,0
807,12,8,1024,0,83,4,12,7,1,1,-52,1,1303,13816,36,100,2,0,0
810,2,1,512,10,98,6,1,6,1,1,-88,7,2070,12613,54,100,1,0,0
807,13,8,1024,0,72,2,8,6,1,1,-70,0,552,5364,27,100,1,0,0
809,21,20,1536,0,85,2,6,5,1,1,-52,0,628,7444,31,100,1,0,0
811,5,1,512,0,82,6,1,6,1,1,-94,0,517,9788,54,100,1,0,0
811,1,0,256,0,9,0,0,4,0,0,0,10,2060,20412,813,100,1,0,0
809,9,4,768,0,94,3,2,7,1,1,-70,0,974,14073,49,100,3,0,0
810,8,4,768,10,102,5,2,7,1,2,-52,3,1791,15254,49,100,1,0,0
810,20,15,1280,0,79,3,5,7,1,1,-70,1,859,8485,36,100,1,0,0
809,17,12,1280,10,78,3,5,7,1,1,-70,0,792,8741,36,100,1,0,0
810,19,15,1280,0,85,3,4,7,1,1,-52,0,475,4974,41,100,1,0,0
811,11,7,1024,10,99,3,6,7,1,1,-52,1,890,11138,46,100,1,0,0
811,7,4,768,0,94,5,5,7,1,2,-70,2,1453,13866,49,100,2,0,0
813,15,10,1024,10,81,2,6,7,1,1,-70,4,2813,25035,42,100,2,0,0
814,16,11,1280,0,29,3,13,6,1,1,-70,0,1223,11347,6,100,3,0,0
812,18,15,1280,0,64,2,4,5,1,1,-70,0,470,7689,41,100,1,0,0
815,2,1,512,0,99,6,1,6,1,1,-88,7,1496,10032,54,100,1,0,0
815,4,1,512,0,90,6,2,7,2,1,-66,8,2816,17519,54,100,1,0,0
815,5,1,512,0,83,6,1,6,1,1,-94,0,362,5061,54,100,1,0,0
814,9,4,768,10,96,3,2,7,1,1,-70,0,457,5488,50,100,0,0,0
816,6,3,768,10,74,1,7,7,1,1,-70,0,591,6848,29,100,2,0,0
816,3,1,512,10,97,6,2,7,1,2,-64,1,1358,15124,51,100,2,0,0
815,14,10,1024,0,90,2,4,7,1,1,-52,0,880,11103,42,100,2,0,0
815,13,8,1024,0,74,2,8,6,1,1,-70,0,520,7728,27,100,1,0,0
816,12,8,1024,0,85,4,12,7,1,1,-52,1,1020,12258,36,100,2,0,0
819,16,11,1280,0,30,3,13,6,1,1,-70,0,489,4534,6,100,2,0,0
821,3,1,512,0,97,6,2,7,1,2,-64,1,452,6951,51,100,0,0,0
819,21,20,1536,0,90,2,6,5,1,1,-52,0,1019,10372,32,100,2,0,0
820,10,2,768,20,88,2,4,7,1,1,-95,6,2793,24615,44,100,2,0,0
819,20,15,1280,10,83,3,5,7,1,1,-70,1,1318,12676,36,100,2,0,0
819,17,12,1280,0,81,3,5,7,1,1,-70,0,774,10063,36,100,2,0,0
822,1,0,256,0,9,0,0,4,0,0,0,10,2421,28893,824,100,2,0,0
821,14,10,1024,0,92,2,4,7,1,1,-52,0,554,5793,43,100,1,0,0
820,11,7,1024,0,100,3,6,7,1,1,-52,1,1266,16460,47,100,2,0,0
820,9,4,768,0,98,3,2,7,1,1,-70,0,615,8366,50,100,2,0,0
823,2,1,512,20,100,6,1,6,1,1,-88,7,1680,13396,55,100,1,0,0
821,8,4,768,10,105,5,2,7,1,2,-52,3,1830,20770,49,100,2,0,0
823,5,1,512,0,85,6,1,6,1,1,-94,0,592,9689,55,100,1,0,0
821,15,10,1024,10,85,2,6,7,1,1,-70,4,1838,17407,42,100,2,0,0
823,16,11,1280,0,30,3,13,6,1,1,-70,0,315,3960,7,100,1,0,0
821,18,15,1280,0,65,2,4,5,1,1,-70,0,511,7655,41,100,2,0,0
822,7,4,768,0,96,5,5,7,1,2,-70,2,1676,17423,50,100,1,0,0
824,6,3,768,0,76,1,7,7,1,1,-70,0,598,8362,30,100,1,0,0
821,19,15,1280,0,87,3,4,7,1,1,-52,0,601,9487,42,100,1,0,0
824,4,1,512,0,92,6,2,7,2,1,-66,8,3406,23192,54,100,2,0,0
825,10,2,768,0,88,2,4,7,1,1,-95,6,1816,12600,44,100,1,0,0
825,13,8,1024,10,76,2,8,6,1,1,-70,0,673,8879,28,100,2,0,0
825,9,4,768,0,100,3,2,7,1,1,-70,0,373,5417,50,100,0,0,0
827,3,1,512,0,98,6,2,7,1,2,-64,1,898,10902,52,100,2,0,0
827,16,11,1280,0,31,3,13,6,1,1,-70,0,366,4014,7,100,1,0,0
828,2,1,512,0,100,6,1,6,1,1,-88,7,1438,10012,55,100,1,0,0
828,1,0,256,0,9,0,0,4,0,0,0,10,1853,17289,835,100,2,0,0
826,17,12,1280,0,85,3,5,7,1,1,-70,0,762,7326,37,100,2,0,0
828,14,10,1024,0,95,2,4,7,1,1,-52,0,598,6547,43,100,2,0,0
828,19,15,1280,0,89,3,4,7,1,1,-52,0,618,7038,42,100,2,0,0
828,20,15,1280,0,86,3,5,7,1,1,-70,1,1045,11293,37,100,2,0,0
827,12,8,1024,10,88,4,12,7,1,1,-52,1,1456,15085,37,100,2,0,0
829,21,20,1536,0,93,2,6,5,1,1,-52,0,808,9703,33,100,2,0,0
829,8,4,768,0,105,5,2,7,1,2,-52,3,1619,16394,50,100,2,0,0
830,15,10,1024,0,90,2,6,7,1,1,-70,4,2634,22618,43,100,1,0,0
833,1,0,256,0,9,0,0,4,0,0,0,10,705,10521,837,100,0,0,0
833,4,1,512,0,92,6,2,7,2,1,-66,8,2315,21443,55,100,2,0,0
833,2,1,512,0,100,6,1,6,1,1,-88,7,1353,10336,55,100,1,0,0
833,5,1,512,0,87,6,1,6,1,1,-94,0,713,12583,56,100,2,0,0
833,18,15,1280,0,70,2,4,5,1,1,-70,0,1043,11689,42,100,2,0,0
831,11,7,1024,0,103,3,6,7,1,1,-52,1,1389,17729,48,100,2,0,0
832,9,4,768,0,103,3,2,7,1,1,-70,0,806,9054,51,100,2,0,0
833,10,2,768,0,92,2,4,7,1,1,-95,6,2168,16588,45,100,2,0,0
833,7,4,768,0,97,5,5,7,1,2,-70,2,1292,17250,50,100,2,0,0
835,3,1,512,0,100,6,2,7,1,2,-64,1,772,11878,52,100,1,0,0
836,6,3,768,10,81,1,7,7,1,1,-70,0,932,11307,31,100,2,0,0
836,21,20,1536,0,97,2,6,5,1,1,-52,0,705,6619,33,100,2,0,0
835,13,8,1024,0,82,2,8,6,1,1,-70,0,1088,10827,28,100,3,0,0
838,4,1,512,0,93,6,2,7,2,1,-66,8,1733,12506,55,100,0,0,0
836,8,4,768,10,108,5,2,7,1,2,-52,3,1210,13803,50,100,1,0,0
838,16,11,1280,0,37,3,13,6,1,1,-70,0,1223,11433,8,100,3,0,0
835,17,12,1280,0,86,3,5,7,1,1,-70,0,535,8785,37,100,2,0,0
837,10,2,768,0,94,2,4,7,1,1,-95,6,1010,8519,45,100,1,0,0
836,12,8,1024,0,90,4,12,7,1,1,-52,1,895,11257,38,100,1,0,0
838,14,10,1024,0,96,2,4,7,1,1,-52,0,616,10034,44,100,2,0,0
837,20,15,1280,10,90,3,5,7,1,1,-70,1,1469,13957,38,100,2,0,0
838,7,4,768,10,100,5,5,7,1,2,-70,2,965,9118,51,100,1,0,0
840,6,3,768,0,82,1,7,7,1,1,-70,0,472,4921,31,100,1,0,0
841,1,0,256,0,9,0,0,4,0,0,0,10,2184,22908,852,100,2,0,0
842,2,1,512,20,101,6,1,6,1,1,-88,7,2117,16084,56,100,1,0,0
837,19,15,1280,0,92,3,4,7,1,1,-52,0,805,10644,43,100,2,0,0
843,5,1,512,0,87,6,1,6,1,1,-94,0,425,10810,56,100,2,0,0
838,18,15,1280,0,73,2,4,5,1,1,-70,0,606,7091,42,100,1,0,0
841,8,4,768,0,108,5,2,7,1,2,-52,3,1001,10006,51,100,1,0,0
844,3,1,512,0,101,6,2,7,1,2,-64,1,1135,14102,53,100,2,0,0
840,15,10,1024,10,97,2,6,7,1,1,-70,4,3367,27676,44,100,3,0,0
843,11,7,1024,0,105,3,6,7,1,1,-52,1,1168,16693,48,100,2,0,0
843,9,4,768,0,106,3,2,7,1,1,-70,0,830,13641,52,100,2,0,0
843,13,8,1024,0,84,2,8,6,1,1,-70,0,675,7609,29,100,2,0,0
843,19,15,1280,0,96,3,4,7,1,1,-52,0,706,5762,43,100,2,0,0
844,14,10,1024,0,98,2,4,7,1,1,-52,0,498,6180,44,100,1,0,0
847,2,1,512,10,103,6,1,6,1,1,-88,7,1460,9001,56,100,1,0,0
847,1,0,256,0,9,0,0,4,0,0,0,10,1321,15008,857,100,1,0,0
845,21,20,1536,0,97,2,6,5,1,1,-52,0,508,10444,34,100,2,0,0
845,18,15,1280,0,75,2,4,5,1,1,-70,0,674,7361,43,100,2,0,0
848,4,1,512,10,96,6,2,7,1,1,-66,8,3464,26401,56,100,3,0,0
846,12,8,1024,0,92,4,12,7,1,1,-52,1,905,12584,38,100,2,0,0
848,3,1,512,10,102,6,2,7,1,2,-64,1,450,7176,53,100,1,0,0
847,10,2,768,0,98,2,4,7,1,1,-95,6,3117,22534,46,100,1,0,0
846,17,12,1280,0,87,3,5,7,1,1,-70,0,591,9909,38,100,2,0,0
846,20,15,1280,0,94,3,5,7,1,1,-70,1,1119,12618,38,100,1,0,0
847,8,4,768,0,110,5,2,7,1,2,-52,3,1231,12182,51,100,1,0,0
850,5,1,512,10,89,6,1,6,1,1,-94,0,569,9184,57,100,1,0,0
849,15,10,1024,0,99,2,6,7,1,1,-70,4,1780,18999,44,100,1,0,0
849,16,11,1280,0,39,3,13,6,1,1,-70,0,821,11303,9,100,3,0,0
851,7,4,768,0,101,5,5,7,1,2,-70,2,1471,17915,51,100,2,0,0
851,6,3,768,0,86,1,7,7,1,1,-70,0,1029,11336,32,100,3,0,0
849,19,15,1280,0,98,3,4,7,1,1,-52,0,553,6104,44,100,1,0,0
852,2,1,512,0,104,6,1,6,1,1,-88,7,1803,11726,57,100,1,0,0
853,4,1,512,20,96,6,2,7,1,1,-66,8,1476,10954,56,100,1,0,0
850,20,15,1280,0,95,3,5,7,1,1,-70,1,480,5213,38,100,1,0,0
854,1,0,256,0,9,0,0,4,0,0,0,10,1727,16162,869,100,1,0,0
855,9,4,768,0,106,3,2,7,1,1,-70,0,427,76624,52,100,2,0,0
855,5,1,512,0,91,6,1,6,1,1,-94,0,494,6725,57,100,1,0,0
853,13,8,1024,10,89,2,8,6,1,1,-70,0,814,9990,30,100,1,0,0
857,10,2,768,0,99,2,4,7,1,1,-95,6,2074,16826,46,100,2,0,0
857,2,1,512,0,107,6,1,6,1,1,-88,7,1479,9940,57,100,1,0,0
856,11,7,1024,0,110,3,6,7,1,1,-52,1,1574,18475,49,100,2,0,0
855,16,11,1280,0,41,3,13,6,1,1,-70,0,595,6345,9,100,2,0,0
855,14,10,1024,0,99,2,4,7,1,1,-52,0,688,10086,45,100,3,0,0
854,17,12,1280,0,89,3,5,7,1,1,-70,0,674,8059,39,100,2,0,0
858,3,1,512,0,103,6,2,7,1,2,-64,1,1064,15799,54,100,2,0,0
856,20,15,1280,0,98,3,5,7,1,1,-70,1,866,7042,39,100,1,0,0
858,8,4,768,0,112,5,2,7,1,2,-52,3,1676,17161,52,100,2,0,0
856,18,15,1280,0,77,2,4,5,1,1,-70,0,698,10234,44,100,2,0,0
856,21,20,1536,0,100,2,6,5,1,1,-52,0,806,10481,35,100,2,0,0
860,4,1,512,20,103,6,2,7,1,1,-66,8,3223,20396,57,100,2,0,0
855,12,8,1024,10,95,4,12,7,1,1,-52,1,1373,12534,39,100,2,0,0
859,7,4,768,0,104,5,5,7,1,2,-70,2,1310,13358,52,100,2,0,0
860,15,10,1024,0,101,2,6,7,1,1,-70,4,2494,24542,45,100,2,0,0
862,6,3,768,10,88,1,7,7,1,1,-70,0,534,9717,32,100,2,0,0
864,10,2,768,10,104,2,4,7,1,1,-95,6,2012,15603,47,100,1,0,0
864,4,1,512,0,104,6,2,7,1,1,-66,8,1018,9361,57,100,1,0,0
861,19,15,1280,0,100,3,4,7,1,1,-52,0,722,11003,45,100,2,0,0
864,7,4,768,10,104,5,5,7,1,2,-70,2,493,7563,52,100,1,0,0
864,8,4,768,0,112,5,2,7,1,2,-52,3,715,11998,52,100,1,0,0
865,5,1,512,0,95,6,1,6,1,1,-94,0,927,11905,58,100,2,0,0
861,18,15,1280,0,78,2,4,5,1,1,-70,0,391,4651,44,100,1,0,0
863,14,10,1024,0,102,2,4,7,1,1,-52,0,629,7871,45,100,1,0,0
864,16,11,1280,0,42,3,13,6,1,1,-70,0,414,6961,9,100,1,0,0
866,1,0,256,0,9,0,0,4,0,0,0,10,2923,29153,882,100,2,0,0
862,17,12,1280,0,90,3,5,7,1,1,-70,0,414,6769,39,100,1,0,0
864,12,8,1024,0,97,4,12,7,1,1,-52,1,867,10947,39,100,1,0,0
866,9,4,768,0,110,3,2,7,1,1,-70,0,964,14049,53,100,2,0,0
866,11,7,1024,0,113,3,6,7,1,1,-52,1,1422,16843,50,100,2,0,0
865,20,15,1280,0,99,3,5,7,1,1,-70,1,884,12372,39,100,2,0,0
865,13,8,1024,0,90,2,8,6,1,1,-70,0,666,10916,30,100,2,0,0
869,2,1,512,10,109,6,1,6,1,1,-88,7,2989,21765,58,100,2,0,0
869,5,1,512,0,95,6,1,6,1,1,-94,0,256,4728,58,100,1,0,0
867,15,10,1024,0,101,2,6,7,1,1,-70,4,1338,17197,46,100,1,0,0
869,4,1,512,20,105,6,2,7,1,1,-66,8,2313,13918,57,100,1,0,0
869,3,1,512,0,105,6,2,7,1,2,-64,1,1051,16158,55,100,1,0,0
868,14,10,1024,0,104,2,4,7,1,1,-52,0,554,5249,46,100,1,0,0
871,10,2,768,10,105,2,4,7,1,1,-95,6,1981,14316,47,100,1,0,0
870,7,4,768,0,106,5,5,7,1,2,-70,2,1198,10558,53,100,1,0,0
870,11,7,1024,0,116,3,6,7,1,1,-52,1,722,6846,50,100,1,0,0
871,6,3,768,0,89,1,7,7,1,1,-70,0,670,9441,33,100,1,0,0
867,21,20,1536,10,102,2,6,5,1,1,-52,0,710,9696,35,100,2,0,0
868,17,12,1280,0,91,3,5,7,1,1,-70,0,446,6282,40,100,1,0,0
867,19,15,1280,10,102,3,4,7,1,1,-52,0,463,6558,45,100,1,0,0
870,18,15,1280,0,80,2,4,5,1,1,-70,0,577,8055,45,100,1,0,0
871,12,8,1024,0,99,4,12,7,1,1,-52,1,882,9466,40,100,1,0,0
872,20,15,1280,0,99,3,5,7,1,1,-70,1,698,8259,40,100,1,0,0
874,16,11,1280,0,46,3,13,6,1,1,-70,0,1003,10406,10,100,4,0,0
875,9,4,768,0,112,3,2,7,1,1,-70,0,604,11209,54,100,1,0,0
876,7,4,768,0,107,5,5,7,1,2,-70,2,755,8426,53,100,1,0,0
876,1,0,256,0,9,0,0,4,0,0,0,10,2494,24085,895,100,2,0,0
876,11,7,1024,0,116,3,6,7,1,1,-52,1,497,7466,50,100,1,0,0
872,17,12,1280,0,92,3,5,7,1,1,-70,0,366,4191,40,100,1,0,0
876,8,4,768,10,115,5,2,7,1,2,-52,3,2366,23420,53,100,2,0,0
875,18,15,1280,0,80,2,4,5,1,1,-70,0,283,4741,45,100,1,0,0
876,13,8,1024,0,91,2,8,6,1,1,-70,0,688,9985,31,100,3,0,0
879,2,1,512,10,112,6,1,6,1,1,-88,7,2791,19203,59,100,2,0,0
879,4,1,512,10,107,6,2,7,1,1,-66,8,3540,24995,58,100,3,0,0
878,3,1,512,10,107,6,2,7,1,2,-64,1,879,14452,55,100,2,0,0
879,5,1,512,0,99,6,1,6,1,1,-94,0,830,12779,59,100,1,0,0
879,15,10,1024,10,103,2,6,7,1,1,-70,4,2395,23196,46,100,2,0,0
876,19,15,1280,0,104,3,4,7,1,1,-52,0,807,9019,46,100,2,0,0
879,14,10,1024,10,106,2,4,7,1,1,-52,0,619,8669,46,100,2,0,0
880,6,3,768,0,92,1,7,7,1,1,-70,0,777,8775,34,100,2,0,0
878,21,20,1536,10,106,2,6,5,1,1,-52,0,831,10291,36,100,2,0,0
881,1,0,256,0,9,0,0,4,0,0,0,10,1544,14550,905,100,1,0,0
882,10,2,768,10,106,2,4,7,1,1,-95,6,3082,24712,48,100,3,0,0
879,20,15,1280,10,100,3,5,7,1,1,-70,1,741,8865,40,100,1,0,0
881,12,8,1024,0,102,4,12,7,1,1,-52,1,1124,12741,41,100,2,0,0
883,5,1,512,0,101,6,1,6,1,1,-94,0,470,5394,59,100,1,0,0
885,11,7,1024,20,118,3,6,7,1,1,-52,1,866,13159,51,100,1,0,0
883,16,11,1280,0,47,3,14,6,1,1,-70,0,622,8805,11,100,3,0,0
885,8,4,768,10,116,5,2,7,1,2,-52,3,1377,16386,54,100,1,0,0
884,14,10,1024,0,106,2,4,7,1,1,-52,0,341,5227,47,100,1,0,0
883,17,12,1280,0,93,3,5,7,1,1,-70,0,494,9252,41,100,1,0,0
886,7,4,768,0,107,5,5,7,1,2,-70,2,1485,17926,54,100,2,0,0
886,2,1,512,30,114,6,1,6,1,1,-88,7,2259,14991,59,100,1,0,0
886,9,4,768,0,115,3,2,7,1,1,-70,0,869,13833,54,100,3,0,0
884,20,15,1280,10,102,3,5,7,1,1,-70,1,863,7351,41,100,1,0,0
888,4,1,512,0,108,6,2,7,1,1,-66,8,2681,22124,59,100,1,0,0
885,18,15,1280,0,83,2,4,5,1,1,-70,0,805,9682,46,100,2,0,0
889,11,7,1024,0,119,3,6,7,1,1,-52,1,600,6802,51,100,1,0,0
886,21,20,1536,0,108,2,6,5,1,1,-52,0,687,8230,37,100,2,0,0
889,13,8,1024,0,94,2,8,6,1,1,-70,0,828,11310,32,100,2,0,0
889,3,1,512,0,109,6,2,7,1,2,-64,1,1310,16932,56,100,2,0,0
889,15,10,1024,0,107,2,6,7,1,1,-70,4,2979,26039,47,100,2,0,0
891,9,4,768,0,116,3,2,7,1,1,-70,0,352,5487,55,100,0,0,0
889,14,10,1024,0,106,2,4,7,1,1,-52,0,284,4938,47,100,1,0,0
891,8,4,768,0,117,5,2,7,1,2,-52,3,1136,12158,54,100,2,0,0
887,19,15,1280,0,109,3,4,7,1,1,-52,0,964,10660,46,100,2,0,0
891,1,0,256,0,9,0,0,4,0,0,0,10,2334,23322,915,100,2,0,0
891,6,3,768,0,94,1,7,7,1,1,-70,0,662,10446,34,100,2,0,0
893,12,8,1024,0,103,4,12,7,1,1,-52,1,1090,12227,41,100,2,0,0
892,10,2,768,10,107,2,4,7,1,1,-95,6,2539,22439,48,100,1,0,0
893,5,1,512,0,103,6,1,6,1,1,-94,0,709,12363,59,100,2,0,0
891,20,15,1280,10,105,3,5,7,1,1,-70,1,1005,9233,41,100,1,0,0
895,16,11,1280,0,49,3,14,6,1,1,-70,0,643,9555,11,100,2,0,0
895,2,1,512,0,115,6,1,6,1,1,-88,7,2259,16424,60,100,2,0,0
896,4,1,512,0,111,6,2,7,1,1,-66,8,2631,19547,59,100,2,0,0
896,11,7,1024,0,120,3,6,7,1,1,-52,1,985,11795,52,100,2,0,0
894,14,10,1024,20,110,2,4,7,1,1,-52,0,581,5131,47,100,1,0,0
897,17,12,1280,0,98,3,5,7,1,1,-70,0,1084,11508,41,100,3,0,0
895,18,15,1280,0,87,2,4,5,1,1,-70,0,832,9196,46,100,2,0,0
898,7,4,768,10,109,5,5,7,1,2,-70,2,1592,18604,55,100,2,0,0
897,6,3,768,0,96,1,7,7,1,1,-70,0,550,6596,35,100,1,0,0
896,21,20,1536,0,113,2,6,5,1,1,-52,0,857,9696,37,100,1,0,0
899,8,4,768,20,121,5,2,7,1,2,-52,3,1416,14545,55,100,1,0,0
900,4,1,512,10,112,6,2,7,1,1,-66,8,1643,11271,59,100,0,0,0
899,15,10,1024,30,110,2,6,7,1,1,-70,4,2247,22536,48,100,2,0,0
901,3,1,512,0,110,6,2,7,1,2,-64,1,1213,17228,57,100,2,0,0
901,5,1,512,0,106,6,1,6,1,1,-94,0,702,9574,60,100,1,0,0
901,2,1,512,0,116,6,1,6,1,1,-88,7,1518,10976,60,100,1,0,0
902,16,11,1280,10,53,3,14,6,1,1,-70,0,758,6733,12,100,2,0,0
901,9,4,768,0,120,3,2,7,1,1,-70,0,854,12013,55,100,2,0,0
900,19,15,1280,0,114,3,4,7,1,1,-52,0,1045,11126,47,100,2,0,0
901,12,8,1024,0,104,4,12,7,1,1,-52,1,957,11232,42,100,2,0,0
901,13,8,1024,10,97,2,8,6,1,1,-70,0,875,10936,33,100,2,0,0
901,18,15,1280,0,87,2,4,5,1,1,-70,0,339,5615,47,100,1,0,0
903,1,0,256,0,9,0,0,4,0,0,0,10,2977,27913,934,100,2,0,0
903,10,2,768,0,111,2,4,7,1,1,-95,6,3313,24193,49,100,3,0,0
903,20,15,1280,0,108,3,5,7,1,1,-70,1,1302,13674,42,100,2,0,0
905,4,1,512,0,113,6,2,7,1,1,-66,8,1700,12841,60,100,1,0,0
902,21,20,1536,0,114,2,6,5,1,1,-52,0,544,5682,38,100,2,0,0
905,6,3,768,10,99,1,7,7,1,1,-70,0,697,7115,35,100,2,0,0
906,17,12,1280,0,101,3,5,7,1,1,-70,0,776,9373,42,100,1,0,0
907,7,4,768,0,113,5,5,7,1,2,-70,2,1193,14297,55,100,1,0,0
906,19,15,1280,0,114,3,4,7,1,1,-52,0,262,4593,47,100,1,0,0
905,14,10,1024,0,113,2,4,7,1,1,-52,0,939,10809,48,100,2,0,0
908,11,7,1024,0,123,3,6,7,1,1,-52,1,1180,17011,52,100,2,0,0
907,3,1,512,10,114,6,2,7,1,2,-64,1,949,9817,57,100,1,0,0
906,18,15,1280,0,87,2,4,5,1,1,-70,0,186,4284,47,100,0,0,0
910,16,11,1280,0,54,3,14,6,1,1,-70,0,523,7425,12,100,1,0,0
907,15,10,1024,0,112,2,6,7,1,1,-70,4,2108,19523,48,100,1,0,0
908,21,20,1536,0,115,2,6,5,1,1,-52,0,270,4025,38,100,0,0,0
910,2,1,512,10,116,6,1,6,1,1,-88,7,2528,16861,61,100,2,0,0
910,5,1,512,0,107,6,1,6,1,1,-94,0,607,11257,61,100,2,0,0
910,4,1,512,0,114,6,2,7,1,1,-66,8,1486,13259,60,100,1,0,0
911,1,0,256,0,9,0,0,4,0,0,0,10,1687,18806,942,100,1,0,0
910,8,4,768,10,121,5,2,7,1,2,-52,3,1633,21401,55,100,2,0,0
910,13,8,1024,0,99,2,8,6,1,1,-70,0,546,8841,33,100,1,0,0
913,12,8,1024,0,107,4,12,7,1,1,-52,1,1236,14701,43,100,2,0,0
912,6,3,768,0,100,1,7,7,1,1,-70,0,467,7154,36,100,1,0,0
912,9,4,768,0,123,3,2,7,1,1,-70,0,856,13887,56,100,2,0,0
913,7,4,768,10,115,5,5,7,1,2,-70,2,1299,11269,56,100,1,0,0
914,10,2,768,0,117,2,4,7,1,1,-95,6,2885,22368,50,100,1,0,0
913,11,7,1024,0,125,3,6,7,1,1,-52,1,968,9236,53,100,1,0,0
914,3,1,512,10,117,6,2,7,1,2,-64,1,1228,12238,58,100,2,0,0
913,20,15,1280,0,110,3,5,7,1,1,-70,1,1201,13354,42,100,2,0,0
914,15,10,1024,10,112,2,6,7,1,1,-70,4,1172,13907,48,100,1,0,0
916,5,1,512,0,108,6,1,6,1,1,-94,0,365,6664,61,100,1,0,0
914,19,15,1280,0,117,3,4,7,1,1,-52,0,685,8129,48,100,1,0,0
913,18,15,1280,0,87,2,4,5,1,1,-70,0,436,6674,48,100,2,0,0
917,17,12,1280,0,103,3,5,7,1,1,-70,0,699,10117,43,100,2,0,0
917,2,1,512,20,119,6,1,6,1,1,-88,7,2213,16216,61,100,1,0,0
919,11,7,1024,30,128,3,6,7,1,1,-52,1,641,8902,53,100,1,0,0
919,12,8,1024,0,108,4,12,7,1,1,-52,1,751,8014,43,100,1,0,0
918,16,11,1280,0,57,3,14,6,1,1,-70,0,806,9416,13,100,2,0,0
916,14,10,1024,0,119,2,4,7,1,1,-52,0,1128,11103,49,100,2,0,0
919,1,0,256,0,9,0,0,4,0,0,0,10,2269,21883,955,100,2,0,0
918,21,20,1536,0,118,2,6,5,1,1,-52,0,806,9288,39,100,2,0,0
918,7,4,768,0,116,5,5,7,1,2,-70,2,1111,10316,56,100,2,0,0
918,8,4,768,0,121,5,2,7,1,2,-52,3,1711,18191,56,100,2,0,0
919,4,1,512,0,118,6,2,7,2,1,-66,8,4126,25870,61,100,3,0,0
918,15,10,1024,0,113,2,6,7,1,1,-70,4,1461,11090,49,100,1,0,0
920,5,1,512,0,109,6,1,6,1,1,-94,0,363,5172,61,100,1,0,0
921,13,8,1024,0,100,2,8,6,1,1,-70,0,777,10388,34,100,3,0,0
920,19,15,1280,0,119,3,4,7,1,1,-52,0,498,5900,48,100,1,0,0
921,20,15,1280,20,113,3,5,7,1,1,-70,1,1039,9662,43,100,2,0,0
922,9,4,768,0,124,3,2,7,1,1,-70,0,618,12431,57,100,2,0,0
922,2,1,512,10,121,6,1,6,1,1,-88,7,1384,8706,61,100,1,0,0
923,18,15,1280,0,92,2,4,5,1,1,-70,0,867,8867,48,100,1,0,0
923,1,0,256,0,9,0,0,4,0,0,0,10,1028,12153,957,100,1,0,0
923,6,3,768,0,102,1,7,7,1,1,-70,0,663,10079,36,100,2,0,0
924,12,8,1024,10,109,4,12,7,1,1,-52,1,507,6784,43,100,1,0,0
924,8,4,768,0,123,5,2,7,1,2,-52,3,1054,10741,56,100,1,0,0
925,3,1,512,0,122,6,2,7,1,2,-64,1,1523,17557,59,100,2,0,0
924,11,7,1024,0,129,3,6,7,1,1,-52,1,991,12377,54,100,1,0,0
926,17,12,1280,0,106,3,5,7,1,1,-70,0,821,8488,43,100,2,0,0
924,10,2,768,0,118,2,4,7,1,1,-95,6,3197,24952,51,100,3,0,0
925,14,10,1024,0,121,2,4,7,1,1,-52,0,618,8862,49,100,1,0,0
926,7,4,768,0,119,5,5,7,1,2,-70,2,1191,12609,56,100,1,0,0
927,13,8,1024,10,103,2,8,6,1,1,-70,0,605,6208,35,100,1,0,0
928,16,11,1280,10,60,3,14,6,1,1,-70,0,782,9268,14,100,2,0,0
926,15,10,1024,0,115,2,6,7,1,1,-70,4,1580,18125,49,100,1,0,0
929,12,8,1024,0,109,4,12,7,1,1,-52,1,647,7043,44,100,1,0,0
928,19,15,1280,0,120,3,4,7,1,1,-52,0,592,8354,49,100,2,0,0
929,4,1,512,20,121,6,2,7,2,1,-66,8,3785,26938,62,100,3,0,0
929,8,4,768,0,123,5,2,7,1,2,-52,3,1058,10356,57,100,0,0,0
929,9,4,768,0,126,3,2,7,1,1,-70,0,617,8954,57,100,2,0,0
930,17,12,1280,0,106,3,5,7,1,1,-70,0,326,4001,43,100,1,0,0
930,5,1,512,0,111,6,1,6,1,1,-94,0,738,12794,62,100,2,0,0
930,3,1,512,0,122,6,2,7,1,2,-64,1,423,8414,59,100,1,0,0
929,21,20,1536,0,124,2,6,5,1,1,-52,0,1095,11179,39,100,2,0,0
930,20,15,1280,0,115,3,5,7,1,1,-70,1,1145,12230,44,100,1,0,0
931,2,1,512,10,123,6,1,6,1,1,-88,7,2647,18037,62,100,2,0,0
930,10,2,768,0,119,2,4,7,1,1,-95,6,1932,13392,51,100,1,0,0
931,6,3,768,10,106,1,7,7,1,1,-70,0,683,8464,37,100,1,0,0
932,1,0,256,0,9,0,0,4,0,0,0,10,2290,24126,973,100,1,0,0
933,11,7,1024,10,129,3,6,7,1,1,-52,1,629,12438,54,100,1,0,0
934,21,20,1536,0,126,2,6,5,1,1,-52,0,532,4823,40,100,1,0,0
933,14,10,1024,0,122,2,4,7,1,1,-52,0,568,7957,50,100,2,0,0
934,4,1,512,0,121,6,2,7,2,1,-66,8,1511,13109,62,100,1,0,0
934,18,15,1280,0,94,2,4,5,1,1,-70,0,698,10742,49,100,2,0,0
936,16,11,1280,0,63,3,14,6,1,1,-70,0,751,9382,14,100,2,0,0
935,10,2,768,0,122,2,4,7,1,1,-95,6,1298,10149,51,100,1,0,0
937,1,0,256,0,9,0,0,4,0,0,0,10,1003,12849,977,100,1,0,0
936,15,10,1024,0,117,2,6,7,1,1,-70,4,2362,22562,50,100,2,0,0
937,19,15,1280,0,123,3,4,7,1,1,-52,0,629,8277,49,100,1,0,0
937,6,3,768,0,107,1,7,7,1,1,-70,0,497,6049,37,100,1,0,0
937,20,15,1280,0,115,3,5,7,1,1,-70,1,876,9149,44,100,2,0,0
939,13,8,1024,0,106,2,8,6,1,1,-70,0,872,10700,35,100,2,0,0
938,7,4,768,0,122,5,5,7,1,2,-70,2,1748,19824,57,100,2,0,0
938,14,10,1024,0,122,2,4,7,1,1,-52,0,260,4050,50,100,1,0,0
940,12,8,1024,10,110,4,12,7,1,1,-52,1,908,13455,44,100,1,0,0
939,17,12,1280,0,109,3,5,7,1,1,-70,0,679,8874,44,100,2,0,0
939,11,7,1024,0,132,3,6,7,1,1,-52,1,955,9557,55,100,1,0,0
939,8,4,768,10,126,5,2,7,1,2,-52,3,2011,20013,57,100,2,0,0
941,5,1,512,0,115,6,1,6,1,1,-94,0,930,13251,63,100,2,0,0
940,9,4,768,0,129,3,2,7,1,1,-70,0,830,13313,58,100,2,0,0
942,3,1,512,0,124,6,2,7,1,2,-64,1,1351,17433,60,100,2,0,0
941,2,1,512,0,125,6,1,6,1,1,-88,7,2769,19900,63,100,2,0,0
941,16,11,1280,0,63,3,14,6,1,1,-70,0,340,5255,15,100,1,0,0
942,4,1,512,0,122,6,2,7,2,1,-66,8,2865,20974,62,100,1,0,0
942,10,2,768,0,125,2,4,7,1,1,-95,6,1854,14667,52,100,1,0,0
944,1,0,256,0,9,0,0,4,0,0,0,10,1787,17677,989,100,1,0,0
943,11,7,1024,0,133,3,6,7,1,1,-52,1,691,7573,55,100,1,0,0
944,8,4,768,0,127,5,2,7,1,2,-52,3,760,9431,58,100,0,0,0
944,21,20,1536,0,130,2,6,5,1,1,-52,0,851,9822,40,100,3,0,0
944,15,10,1024,20,117,2,6,7,1,1,-70,4,1760,19213,51,100,2,0,0
944,18,15,1280,10,98,2,4,5,1,1,-70,0,913,10109,50,100,2,0,0
945,7,4,768,0,123,5,5,7,1,2,-70,2,1284,12753,58,100,2,0,0
944,14,10,1024,0,124,2,4,7,1,1,-52,0,578,7193,51,100,1,0,0
947,2,1,512,10,127,6,1,6,1,1,-88,7,1652,10707,63,100,0,0,0
946,9,4,768,0,131,3,2,7,1,1,-70,0,496,7326,58,100,1,0,0
947,6,3,768,0,109,1,7,7,1,1,-70,0,695,9236,38,100,2,0,0
945,19,15,1280,0,124,3,4,7,1,1,-52,0,596,7507,50,100,2,0,0
949,13,8,1024,10,110,2,8,6,1,1,-70,0,830,10046,36,100,2,0,0
948,20,15,1280,0,116,3,5,7,1,1,-70,1,1061,14238,45,100,2,0,0
951,12,8,1024,0,114,4,12,7,1,1,-52,1,1534,14468,45,100,2,0,0
950,15,10,1024,0,118,2,6,7,1,1,-70,4,1254,11500,51,100,1,0,0
951,4,1,512,0,123,6,2,7,2,1,-66,8,2453,18705,63,100,2,0,0
950,17,12,1280,0,114,3,5,7,1,1,-70,0,1110,11107,45,100,2,0,0
951,3,1,512,0,125,6,2,7,1,2,-64,1,755,13781,60,100,1,0,0
951,5,1,512,0,119,6,1,6,1,1,-94,0,758,12850,63,100,1,0,0
952,1,0,256,0,9,0,0,4,0,0,0,10,1728,20939,995,100,2,0,0
950,14,10,1024,10,125,2,4,7,1,1,-52,0,367,5216,51,100,1,0,0
951,16,11,1280,0,65,3,14,6,1,1,-70,0,713,10099,15,100,2,0,0
952,19,15,1280,0,126,3,4,7,1,1,-52,0,554,7230,50,100,2,0,0
953,7,4,768,0,123,5,5,7,1,2,-70,2,670,11048,58,100,1,0,0
953,10,2,768,0,127,2,4,7,1,1,-95,6,2821,22183,52,100,2,0,0
954,8,4,768,0,132,5,2,7,1,2,-52,3,1990,18568,58,100,2,0,0
953,11,7,1024,10,135,3,6,7,1,1,-52,1,1052,15020,56,100,2,0,0
955,3,1,512,0,126,6,2,7,1,2,-64,1,665,7227,61,100,1,0,0
956,9,4,768,0,132,3,2,7,1,1,-70,0,519,10395,59,100,1,0,0
954,21,20,1536,0,133,2,6,5,1,1,-52,0,806,9950,41,100,2,0,0
956,18,15,1280,0,101,2,4,5,1,1,-70,0,845,11168,50,100,2,0,0
957,13,8,1024,10,113,2,8,6,1,1,-70,0,763,7630,37,100,2,0,0
956,14,10,1024,0,126,2,4,7,1,1,-52,0,448,5299,52,100,1,0,0
957,5,1,512,0,122,6,1,6,1,1,-94,0,775,8041,64,100,2,0,0
957,6,3,768,0,114,1,7,7,1,1,-70,0,1016,10205,39,100,2,0,0
958,2,1,512,10,129,6,1,6,1,1,-88,7,2869,20607,64,100,3,0,0
959,7,4,768,10,125,5,5,7,1,2,-70,2,1000,9266,59,100,1,0,0
958,1,0,256,0,9,0,0,4,0,0,0,10,1828,18074,1008,100,1,0,0
957,10,2,768,0,129,2,4,7,1,1,-95,6,1465,10104,53,100,1,0,0
957,20,15,1280,10,120,3,5,7,1,1,-70,1,1030,11346,45,100,1,0,0
960,4,1,512,0,126,6,2,7,2,1,-66,8,3202,22923,64,100,1,0,0
959,3,1,512,0,126,6,2,7,1,2,-64,1,590,6566,61,100,1,0,0
959,15,10,1024,0,118,2,6,7,1,1,-70,4,1726,19947,51,100,1,0,0
960,12,8,1024,10,119,4,12,7,1,1,-52,1,1460,13793,46,100,2,0,0
961,17,12,1280,0,120,3,5,7,1,1,-70,0,1073,10744,45,100,2,0,0
961,9,4,768,0,134,3,2,7,1,1,-70,0,472,6561,59,100,1,0,0
960,14,10,1024,0,128,2,4,7,1,1,-52,0,474,4172,52,100,1,0,0
960,16,11,1280,10,67,3,14,6,1,1,-70,0,579,8432,16,100,1,0,0
960,11,7,1024,0,136,3,6,7,1,1,-52,1,831,11471,56,100,1,0,0
961,19,15,1280,0,129,3,4,7,1,1,-52,0,782,8990,51,100,2,0,0
963,5,1,512,0,124,6,1,6,1,1,-94,0,494,6940,64,100,1,0,0
963,2,1,512,30,131,6,1,6,1,1,-88,7,1767,10297,64,100,0,0,0
964,7,4,768,0,125,5,6,7,1,2,-70,2,778,7988,59,100,2,0,0
964,8,4,768,10,134,5,2,7,1,2,-52,3,1785,18374,59,100,2,0,0
963,6,3,768,10,114,1,7,7,1,1,-70,0,259,4733,39,100,1,0,0
962,18,15,1280,0,102,2,4,5,1,1,-70,0,448,6053,51,100,1,0,0
964,1,0,256,0,9,0,0,4,0,0,0,10,1551,15955,1015,100,1,0,0
965,3,1,512,0,127,6,2,7,1,2,-64,1,597,7445,61,100,1,0,0
964,21,20,1536,0,134,2,6,5,1,1,-52,0,592,9136,42,100,2,0,0
964,10,2,768,0,129,2,4,7,1,1,-95,6,1871,15150,53,100,1,0,0
965,20,15,1280,0,124,3,5,7,1,1,-70,1,1329,11479,46,100,2,0,0
965,12,8,1024,10,121,4,12,7,1,1,-52,1,916,8286,46,100,1,0,0
963,14,10,1024,0,130,2,4,7,1,1,-52,0,395,4743,52,100,1,0,0
967,17,12,1280,0,123,3,5,7,1,1,-70,0,663,6343,46,100,1,0,0
967,4,1,512,20,128,6,2,7,2,1,-66,8,2907,20137,64,100,2,0,0
967,13,8,1024,0,116,2,8,6,1,1,-70,0,774,10114,37,100,2,0,0
967,15,10,1024,10,121,2,6,7,1,1,-70,4,2353,19882,52,100,2,0,0
969,5,1,512,0,126,6,1,6,1,1,-94,0,494,6915,64,100,1,0,0
968,16,11,1280,0,69,3,14,6,1,1,-70,0,645,8055,16,100,2,0,0
970,6,3,768,0,116,1,7,7,1,1,-70,0,520,6749,39,100,1,0,0
971,7,4,768,0,127,5,6,7,1,2,-70,2,1140,12133,59,100,1,0,0
971,1,0,256,0,9,0,0,4,0,0,0,10,1563,17711,1021,100,1,0,0
972,3,1,512,10,129,6,2,7,1,2,-64,1,883,10734,62,100,1,0,0
970,10,2,768,10,131,2,4,7,1,1,-95,6,1273,11241,54,100,1,0,0
972,17,12,1280,10,123,3,5,7,1,1,-70,0,260,4271,46,100,1,0,0
972,9,4,768,0,138,3,2,7,1,1,-70,0,961,13017,60,100,2,0,0
971,11,7,1024,0,141,3,6,7,1,1,-52,1,1513,17836,57,100,2,0,0
972,8,4,768,10,135,5,2,7,1,2,-52,3,1618,16926,59,100,1,0,0
973,13,8,1024,10,118,2,8,6,1,1,-70,0,474,5088,38,100,1,0,0
971,18,15,1280,0,104,2,4,5,1,1,-70,0,643,9754,51,100,2,0,0
971,19,15,1280,0,131,3,4,7,1,1,-52,0,699,10195,52,100,2,0,0
972,21,20,1536,0,135,2,6,5,1,1,-52,0,415,7697,42,100,1,0,0
975,2,1,512,10,135,6,1,6,1,1,-88,7,3336,23201,65,100,3,0,0
974,10,2,768,30,133,2,4,7,1,1,-95,6,1435,9449,54,100,1,0,0
972,14,10,1024,0,131,2,4,7,1,1,-52,0,568,8462,53,100,2,0,0
976,7,4,768,0,130,5,6,7,1,2,-70,2,953,9290,60,100,1,0,0
976,12,8,1024,10,124,4,12,7,1,1,-52,1,1333,14255,47,100,2,0,0
976,20,15,1280,0,127,3,5,7,1,1,-70,1,1157,13969,47,100,2,0,0
978,4,1,512,0,128,6,2,7,2,1,-66,8,3614,27892,65,100,2,0,0
977,18,15,1280,0,107,2,4,5,1,1,-70,0,661,5913,52,100,1,0,0
977,16,11,1280,0,71,3,14,6,1,1,-70,0,578,8741,17,100,1,0,0
980,11,7,1024,0,143,3,6,7,1,1,-52,1,888,10420,57,100,2,0,0
979,1,0,256,0,9,0,0,4,0,0,0,10,2166,22195,1035,100,2,0,0
977,15,10,1024,0,124,2,6,7,1,1,-70,4,2755,26478,53,100,2,0,0
980,9,4,768,0,141,3,2,7,1,1,-70,0,711,10152,61,100,1,0,0
981,6,3,768,0,120,1,7,7,1,1,-70,0,1086,10788,40,100,2,0,0
980,5,1,512,0,130,6,1,6,1,1,-94,0,952,14709,65,100,2,0,0
981,3,1,512,10,130,6,2,7,1,2,-64,1,972,14732,62,100,2,0,0
979,14,10,1024,0,133,2,4,7,1,1,-52,0,498,6418,53,100,1,0,0
982,8,4,768,0,138,5,2,7,1,2,-52,3,1693,18557,60,100,2,0,0
981,10,2,768,0,135,2,4,7,1,1,-95,6,2014,14513,54,100,1,0,0
982,12,8,1024,10,125,4,12,7,1,1,-52,1,492,7891,47,100,1,0,0
983,17,12,1280,0,126,3,5,7,1,1,-70,0,831,11483,47,100,2,0,0
984,4,1,512,10,129,6,2,7,2,1,-66,8,1960,14410,65,100,1,0,0
984,13,8,1024,0,119,2,8,6,1,1,-70,0,616,10340,38,100,2,0,0
982,20,15,1280,0,128,3,5,7,1,1,-70,1,651,8914,47,100,1,0,0
984,7,4,768,0,132,5,6,7,1,2,-70,2,1267,13647,60,100,1,0,0
982,19,15,1280,0,136,3,4,7,1,1,-52,0,989,11221,52,100,2,0,0
984,21,20,1536,0,137,2,6,5,1,1,-52,0,723,11208,43,100,2,0,0
987,11,7,1024,0,145,3,6,7,1,1,-52,1,927,11100,58,100,1,0,0
988,3,1,512,10,133,6,2,7,1,2,-64,1,929,10488,63,100,1,0,0
987,2,1,512,10,136,6,1,6,1,1,-88,7,3048,22310,66,100,2,0,0
987,6,3,768,0,121,1,7,7,1,1,-70,0,446,6150,41,100,1,0,0
986,10,2,768,20,136,2,4,7,1,1,-95,6,1339,11036,55,100,1,0,0
985,16,11,1280,10,75,3,14,6,1,1,-70,0,883,8603,18,100,2,0,0
987,5,1,512,0,131,6,1,6,1,1,-94,0,465,8315,66,100,1,0,0
987,15,10,1024,0,127,2,6,7,1,1,-70,4,2099,21981,53,100,2,0,0
989,1,0,256,0,9,0,0,4,0,0,0,10,2296,25773,1049,100,1,0,0
989,12,8,1024,0,127,4,12,7,1,1,-52,1,955,8960,48,100,1,0,0
990,9,4,768,0,146,3,2,7,1,1,-70,0,1032,12765,61,100,2,0,0
990,7,4,768,10,133,5,6,7,1,2,-70,2,1029,9382,61,100,2,0,0
990,8,4,768,0,142,5,3,7,1,2,-52,3,2297,18524,61,100,3,0,0
991,17,12,1280,0,127,3,5,7,1,1,-70,0,513,6566,47,100,2,0,0
991,10,2,768,0,137,2,4,7,1,1,-95,6,1089,9130,55,100,1,0,0
989,18,15,1280,0,111,2,4,5,1,1,-70,0,937,11767,53,100,2,0,0
989,21,20,1536,0,138,2,6,5,1,1,-52,0,392,4568,43,100,1,0,0
993,11,7,1024,0,147,3,6,7,1,1,-52,1,927,10283,58,100,1,0,0
993,3,1,512,0,134,6,2,7,1,2,-64,1,599,7678,63,100,1,0,0
992,2,1,512,10,138,6,1,6,1,1,-88,7,1784,11033,66,100,1,0,0
990,14,10,1024,20,136,2,4,7,1,1,-52,0,699,10075,54,100,2,0,0
991,16,11,1280,0,77,3,14,6,1,1,-70,0,499,5252,18,100,1,0,0
992,13,8,1024,0,125,2,8,6,1,1,-70,0,1169,9147,39,100,2,0,0
990,19,15,1280,0,140,3,4,7,1,1,-52,0,793,7788,53,100,1,0,0
991,15,10,1024,10,130,2,6,7,1,1,-70,4,1401,10525,54,100,0,0,0
994,4,1,512,0,133,6,2,7,2,1,-66,8,4342,27796,66,100,2,0,0
990,20,15,1280,0,130,3,5,7,1,1,-70,1,1148,11230,48,100,2,0,0
994,5,1,512,0,136,6,1,6,1,1,-94,0,839,9232,66,100,1,0,0
994,21,20,1536,0,140,2,6,5,1,1,-52,0,530,5262,44,100,1,0,0
995,9,4,768,0,147,3,2,7,1,1,-70,0,450,6216,62,100,1,0,0
995,1,0,256,0,9,0,0,4,0,0,0,10,1840,16970,1055,100,2,0,0
993,18,15,1280,0,112,2,4,5,1,1,-70,0,392,5162,53,100,1,0,0
995,12,8,1024,0,131,4,12,7,1,1,-52,1,1097,9134,48,100,1,0,0
997,7,4,768,0,134,5,6,7,1,2,-70,2,915,10849,61,100,1,0,0
997,6,3,768,0,123,1,7,7,1,1,-70,0,639,9470,41,100,2,0,0
998,8,4,768,0,145,5,3,7,1,2,-52,3,1548,14894,61,100,1,0,0
997,10,2,768,0,138,2,4,7,1,1,-95,6,2046,14411,55,100,1,0,0
996,14,10,1024,0,136,2,4,7,1,1,-52,0,417,6235,54,100,1,0,0
996,15,10,1024,10,131,2,6,7,1,1,-70,4,1300,12462,54,100,2,0,0
1000,16,11,1280,0,78,3,14,6,1,1,-70,0,471,7096,19,100,1,0,0
1001,11,7,1024,10,149,3,6,7,1,1,-52,1,1288,13004,59,100,2,0,0
1001,13,8,1024,0,128,2,8,6,1,1,-70,0,653,8302,39,100,1,0,0
1001,7,4,768,0,134,5,6,7,1,2,-70,2,852,8231,61,100,0,0,0
1002,1,0,256,0,9,0,0,4,0,0,0,10,1633,18353,1064,100,1,0,0
998,19,15,1280,10,144,3,4,7,1,1,-52,0,833,9252,53,100,2,0,0
1001,17,12,1280,0,131,3,5,7,1,1,-70,0,937,11002,48,100,2,0,0
1001,2,1,512,10,141,6,1,6,1,1,-88,7,2809,18671,67,100,2,0,0
1003,3,1,512,0,140,6,2,7,1,2,-64,1,1572,17112,64,100,2,0,0
1002,5,1,512,0,139,6,1,6,1,1,-94,0,797,9970,67,100,2,0,0
1003,6,3,768,0,124,1,7,7,1,1,-70,0,443,5670,42,100,1,0,0
1004,4,1,512,10,137,6,2,7,2,1,-66,8,3208,24889,66,100,1,0,0
999,20,15,1280,0,135,3,5,7,1,1,-70,1,1380,12999,48,100,1,0,0
1000,21,20,1536,0,141,2,6,5,1,1,-52,0,582,7409,44,100,2,0,0
1005,8,4,768,0,146,5,3,7,1,2,-52,3,1244,13924,62,100,1,0,0
1001,15,10,1024,10,132,2,6,7,1,1,-70,4,1327,11849,54,100,0,0,0
1006,9,4,768,0,148,3,2,7,1,1,-70,0,556,13192,62,100,2,0,0
1006,13,8,1024,0,130,2,8,6,1,1,-70,0,530,5519,40,100,1,0,0
1007,12,8,1024,0,132,4,12,7,1,1,-52,1,995,13879,49,100,2,0,0
1003,19,15,1280,20,145,3,4,7,1,1,-52,0,317,3804,54,100,1,0,0
1005,18,15,1280,0,116,2,4,5,1,1,-70,0,913,10634,54,100,2,0,0
1008,3,1,512,0,140,6,2,7,1,2,-64,1,421,8128,64,100,0,0,0
1009,2,1,512,20,146,6,1,6,1,1,-88,7,2223,13382,67,100,1,0,0
1008,1,0,256,0,9,0,0,4,0,0,0,10,1823,18960,1074,100,1,0,0
1006,20,15,1280,0,139,3,5,7,1,1,-70,1,1132,8791,49,100,2,0,0
1006,14,10,1024,0,139,2,4,7,1,1,-52,0,806,9962,55,100,2,0,0
1006,21,20,1536,0,142,2,6,5,1,1,-52,0,392,5764,44,100,1,0,0
1009,10,2,768,10,141,2,4,7,1,1,-95,6,3586,26111,56,100,2,0,0
1011,16,11,1280,0,82,3,14,6,1,1,-70,0,858,10906,19,100,2,0,0
1011,17,12,1280,0,133,3,5,7,1,1,-70,0,580,8618,49,100,1,0,0
1012,11,7,1024,0,152,3,6,7,1,1,-52,1,1183,17203,59,100,2,0,0
1012,7,4,768,0,135,5,6,7,1,2,-70,2,1122,15800,62,100,2,0,0
1010,15,10,1024,0,134,2,6,7,1,1,-70,4,2248,19972,55,100,2,0,0
1011,19,15,1280,0,147,3,4,7,1,1,-52,0,631,7463,54,100,1,0,0
1012,6,3,768,0,125,1,7,7,1,1,-70,0,534,9084,42,100,2,0,0
1013,5,1,512,0,143,6,1,6,1,1,-94,0,855,12966,67,100,2,0,0
1013,2,1,512,20,148,6,1,6,1,1,-88,7,1462,8873,67,100,1,0,0
1014,13,8,1024,0,133,2,8,6,1,1,-70,0,726,7161,40,100,2,0,0
1014,9,4,768,0,153,3,2,7,1,1,-70,0,1023,10534,63,100,2,0,0
1014,3,1,512,0,142,6,2,7,1,2,-64,1,855,9505,64,100,2,0,0
1011,18,15,1280,0,119,2,4,5,1,1,-70,0,728,7530,54,100,2,0,0
1012,14,10,1024,20,142,2,4,7,1,1,-52,0,475,5361,55,100,1,0,0
1015,4,1,512,0,140,6,2,7,2,1,-66,8,3825,28934,67,100,2,0,0
1016,8,4,768,0,147,5,3,7,1,2,-52,3,1660,19801,62,100,2,0,0
1015,10,2,768,0,143,2,4,7,1,1,-95,6,1515,12242,56,100,1,0,0
1016,1,0,256,0,9,0,0,4,0,0,0,10,2137,21661,1084,100,2,0,0
1017,17,12,1280,0,135,3,5,7,1,1,-70,0,499,5419,49,100,1,0,0
1013,21,20,1536,10,143,2,6,5,1,1,-52,0,448,6360,45,100,1,0,0
1018,12,8,1024,0,133,4,12,7,1,1,-52,1,1219,13961,50,100,2,0,0
1015,20,15,1280,0,139,3,5,7,1,1,-70,1,850,10636,49,100,1,0,0
1016,19,15,1280,0,150,3,4,7,1,1,-52,0,606,5536,54,100,1,0,0
1019,2,1,512,10,149,6,1,6,1,1,-88,7,2060,12258,68,100,1,0,0
1018,3,1,512,10,144,6,2,7,1,2,-64,1,591,7562,65,100,0,0,0
1019,6,3,768,0,125,1,7,7,1,1,-70,0,362,7147,43,100,1,0,0
1022,7,4,768,0,137,5,6,7,1,2,-70,2,1167,16020,63,100,2,0,0
1022,4,1,512,0,140,6,2,7,2,1,-66,8,2030,16020,68,100,2,0,0
1022,1,0,256,0,9,0,0,4,0,0,0,10,1185,14360,1093,100,0,0,0
1023,16,11,1280,0,84,3,14,6,1,1,-70,0,725,10664,20,100,2,0,0
1022,10,2,768,0,145,2,4,7,1,1,-95,6,1877,15587,57,100,1,0,0
1023,11,7,1024,0,153,3,6,7,1,1,-52,1,1089,17599,60,100,2,0,0
1022,8,4,768,0,149,5,3,7,1,2,-52,3,1627,15213,63,100,2,0,0
1022,15,10,1024,0,137,2,6,7,1,1,-70,4,2499,25086,56,100,2,0,0
1023,9,4,768,0,156,3,2,7,1,1,-70,0,810,11167,64,100,2,0,0
1023,3,1,512,10,146,6,2,7,1,2,-64,1,652,7876,65,100,1,0,0
1023,18,15,1280,0,120,2,4,5,1,1,-70,0,593,9411,55,100,2,0,0
1024,13,8,1024,0,135,2,8,6,1,1,-70,0,699,10006,41,100,2,0,0
1024,6,3,768,0,126,1,7,7,1,1,-70,0,365,4079,43,100,1,0,0
1024,5,1,512,0,147,6,1,6,1,1,-94,0,955,14010,68,100,2,0,0
1024,14,10,1024,0,143,2,4,7,1,1,-52,0,726,9909,56,100,2,0,0
1024,20,15,1280,0,142,3,5,7,1,1,-70,1,856,10159,50,100,1,0,0
1025,21,20,1536,0,145,2,6,5,1,1,-52,0,669,9471,45,100,2,0,0
1026,17,12,1280,0,137,3,5,7,1,1,-70,0,700,9063,50,100,2,0,0
1027,4,1,512,10,142,6,2,7,1,1,-66,8,1943,13797,68,100,1,0,0
1027,2,1,512,0,150,6,1,6,1,1,-88,7,1852,15143,68,100,1,0,0
1028,7,4,768,0,137,5,6,7,1,2,-70,2,732,9587,63,100,1,0,0
1028,6,3,768,0,127,1,7,7,1,1,-70,0,365,3964,43,100,1,0,0
1029,12,8,1024,0,138,4,12,7,1,1,-52,1,1461,15396,50,100,2,0,0
1027,19,15,1280,10,152,3,4,7,1,1,-52,0,910,11029,55,100,2,0,0
1029,15,10,1024,0,138,2,6,7,1,1,-70,4,1607,15513,56,100,1,0,0
1029,13,8,1024,10,139,2,8,6,1,1,-70,0,689,5036,41,100,1,0,0
1029,14,10,1024,10,144,2,4,7,1,1,-52,0,368,5006,56,100,1,0,0
1031,11,7,1024,0,156,3,6,7,1,1,-52,1,1090,13874,61,100,1,0,0
1031,5,1,512,10,149,6,1,6,1,1,-94,0,497,8497,69,100,1,0,0
1032,10,2,768,0,148,2,4,7,1,1,-95,6,2536,19490,57,100,2,0,0
1032,1,0,256,0,9,0,0,4,0,0,0,10,2570,26359,1106,100,2,0,0
1032,20,15,1280,0,143,3,5,7,1,1,-70,1,928,10310,50,100,2,0,0
1034,16,11,1280,0,89,3,15,6,1,1,-70,0,1171,11330,21,100,4,0,0
1032,21,20,1536,0,147,2,6,5,1,1,-52,0,676,8424,46,100,2,0,0
1032,8,4,768,10,151,5,3,7,1,2,-52,3,1993,21977,64,100,1,0,0
1035,3,1,512,0,148,6,2,7,1,2,-64,1,1513,18875,66,100,2,0,0
1033,9,4,768,0,160,3,2,7,1,1,-70,0,880,14138,64,100,2,0,0
1035,18,15,1280,0,124,2,4,5,1,1,-70,0,938,11694,56,100,2,0,0
1036,5,1,512,0,150,6,1,6,1,1,-94,0,441,5656,69,100,1,0,0
1035,2,1,512,0,152,6,1,6,1,1,-88,7,2689,17941,69,100,2,0,0
1035,7,4,768,10,140,5,6,7,1,2,-70,2,1532,15118,64,100,2,0,0
1036,17,12,1280,0,138,3,5,7,1,1,-70,0,537,9307,50,100,2,0,0
1036,19,15,1280,0,155,3,4,7,1,1,-52,0,809,8227,56,100,2,0,0
1036,4,1,512,40,147,6,2,7,1,1,-66,8,3917,27352,69,100,3,0,0
1037,11,7,1024,0,158,3,6,7,1,1,-52,1,739,8775,61,100,1,0,0
1035,13,8,1024,0,142,2,8,6,1,1,-70,0,710,8374,42,100,1,0,0
1038,10,2,768,10,150,2,4,7,1,1,-95,6,2108,16071,58,100,1,0,0
1036,12,8,1024,0,140,4,12,7,1,1,-52,1,1144,12368,51,100,2,0,0
1039,6,3,768,0,131,1,7,7,1,1,-70,0,1173,11839,44,100,2,0,0
1040,1,0,256,0,9,0,0,4,0,0,0,10,1982,18822,1115,100,2,0,0
1041,16,11,1280,0,89,3,15,6,1,1,-70,0,287,6143,21,100,1,0,0
1039,15,10,1024,10,139,2,6,7,1,1,-70,4,2309,23649,57,100,2,0,0
1039,8,4,768,0,152,5,3,7,1,2,-52,3,1348,12693,64,100,1,0,0
1040,14,10,1024,0,147,2,4,7,1,1,-52,0,832,10575,57,100,2,0,0
1040,13,8,1024,0,143,2,8,6,1,1,-70,0,367,4338,42,100,1,0,0
1042,2,1,512,0,153,6,1,6,1,1,-88,7,1263,10063,69,100,1,0,0
1041,4,1,512,0,149,6,2,7,1,1,-66,8,1878,12274,69,100,1,0,0
1042,18,15,1280,0,127,2,4,5,1,1,-70,0,631,7430,56,100,1,0,0
1043,11,7,1024,0,161,3,6,7,1,1,-52,1,1088,10640,61,100,2,0,0
1043,21,20,1536,10,149,2,6,5,1,1,-52,0,496,8628,47,100,1,0,0
1045,3,1,512,10,151,6,2,7,1,2,-64,1,967,13973,66,100,2,0,0
1044,20,15,1280,0,147,3,5,7,1,1,-70,1,1563,15724,51,100,2,0,0
1044,9,4,768,0,163,3,2,7,1,1,-70,0,737,12044,65,100,1,0,0
1045,7,4,768,0,142,5,6,7,1,2,-70,2,1557,15838,64,100,1,0,0
1045,6,3,768,10,134,1,7,7,1,1,-70,0,637,5627,45,100,1,0,0
1047,5,1,512,0,152,6,1,6,1,1,-94,0,544,11758,69,100,1,0,0
1045,16,11,1280,0,91,3,15,6,1,1,-70,0,555,5542,22,100,1,0,0
1043,12,8,1024,0,142,4,12,7,1,1,-52,1,850,10030,52,100,2,0,0
1047,2,1,512,10,154,6,1,6,1,1,-88,7,1132,9077,70,100,1,0,0
1045,13,8,1024,10,144,2,8,6,1,1,-70,0,423,4783,43,100,1,0,0
1045,14,10,1024,0,150,2,4,7,1,1,-52,0,663,7083,58,100,1,0,0
1048,17,12,1280,0,142,3,5,7,1,1,-70,0,938,11651,51,100,2,0,0
1048,1,0,256,0,9,0,0,4,0,0,0,10,1950,19318,1126,100,1,0,0
1047,10,2,768,10,154,2,4,7,1,1,-95,6,2448,19005,59,100,2,0,0
1047,19,15,1280,0,156,3,4,7,1,1,-52,0,537,9425,56,100,2,0,0
1050,4,1,512,0,150,6,2,7,1,1,-66,8,2632,19049,69,100,3,0,0
1048,18,15,1280,10,128,2,4,5,1,1,-70,0,368,5077,56,100,1,0,0
1050,7,4,768,0,142,5,6,7,1,2,-70,2,662,8350,65,100,1,0,0
1050,16,11,1280,0,92,3,15,6,1,1,-70,0,392,5500,22,100,1,0,0
1049,20,15,1280,10,149,3,5,7,1,1,-70,1,533,5948,51,100,1,0,0
1051,8,4,768,0,154,5,3,7,1,2,-52,3,2002,21851,65,100,2,0,0
1051,15,10,1024,0,140,2,6,7,1,1,-70,4,2605,27133,58,100,2,0,0
1053,1,0,256,0,9,0,0,4,0,0,0,10,1314,12710,1133,100,1,0,0
1052,13,8,1024,0,146,2,8,6,1,1,-70,0,523,6641,43,100,1,0,0
1054,5,1,512,0,154,6,1,6,1,1,-94,0,693,9893,70,100,2,0,0
1052,21,20,1536,0,152,2,6,5,1,1,-52,0,859,9673,47,100,2,0,0
1054,14,10,1024,10,154,2,4,7,1,1,-52,0,631,7612,58,100,1,0,0
1054,11,7,1024,0,164,3,6,7,1,1,-52,1,1419,18531,62,100,2,0,0
1056,6,3,768,0,137,1,7,7,1,1,-70,0,676,10078,45,100,1,0,0
1053,12,8,1024,0,145,4,12,7,1,1,-52,1,1071,12916,52,100,1,0,0
1057,3,1,512,0,155,6,2,7,1,2,-64,1,1731,19156,67,100,2,0,0
1055,10,2,768,0,157,2,4,7,1,1,-95,6,2406,18280,59,100,1,0,0
1055,16,11,1280,0,95,3,15,6,1,1,-70,0,582,5234,22,100,1,0,0
1056,8,4,768,0,155,5,3,7,1,2,-52,3,919,9773,65,100,0,0,0
1056,9,4,768,0,166,3,2,7,1,1,-70,0,857,14239,66,100,2,0,0
1058,2,1,512,10,158,6,1,6,1,1,-88,7,3211,21548,70,100,2,0,0
1055,19,15,1280,0,158,3,4,7,1,1,-52,0,579,8849,57,100,1,0,0
1057,20,15,1280,0,150,3,5,7,1,1,-70,1,1023,11767,52,100,1,0,0
1055,17,12,1280,0,143,3,5,7,1,1,-70,0,594,9410,52,100,2,0,0
1058,14,10,1024,0,156,2,4,7,1,1,-52,0,583,4797,58,100,1,0,0
1059,18,15,1280,0,130,2,4,5,1,1,-70,0,719,10407,57,100,3,0,0
1060,4,1,512,0,151,6,2,7,1,1,-66,8,3225,26360,70,100,1,0,0
1061,7,4,768,0,146,5,6,7,1,2,-70,2,1784,17860,65,100,2,0,0
1061,15,10,1024,0,145,2,6,7,1,1,-70,4,2237,23171,58,100,2,0,0
1061,8,4,768,0,155,5,3,7,1,2,-52,3,878,10226,66,100,1,0,0
1063,5,1,512,0,157,6,1,6,1,1,-94,0,795,11863,71,100,2,0,0
1062,9,4,768,0,168,3,2,7,1,1,-70,0,594,7332,66,100,2,0,0
1061,17,12,1280,0,146,3,5,7,1,1,-70,0,606,5877,52,100,1,0,0
1064,1,0,256,0,9,0,0,4,0,0,0,10,2547,25595,1147,100,2,0,0
1064,3,1,512,0,157,6,2,7,1,2,-64,1,794,11540,68,100,1,0,0
1064,4,1,512,0,152,6,2,7,1,1,-66,8,1687,11500,70,100,1,0,0
1062,21,20,1536,10,155,2,6,5,1,1,-52,0,783,9435,48,100,2,0,0
1063,13,8,1024,0,146,2,8,6,1,1,-70,0,509,10221,44,100,2,0,0
1064,18,15,1280,0,131,2,4,5,1,1,-70,0,425,4747,58,100,1,0,0
1064,11,7,1024,0,165,3,6,7,1,1,-52,1,1121,14460,63,100,2,0,0
1065,2,1,512,0,162,6,1,6,1,1,-88,7,2693,17551,71,100,1,0,0
1066,19,15,1280,0,162,3,4,7,1,1,-52,0,914,10187,58,100,2,0,0
1066,20,15,1280,0,153,3,5,7,1,1,-70,1,1136,11649,53,100,2,0,0
1066,8,4,768,0,155,5,3,7,1,2,-52,3,814,9874,66,100,1,0,0
1068,6,3,768,10,138,1,7,7,1,1,-70,0,689,10807,46,100,3,0,0
1067,15,10,1024,0,147,2,6,7,1,1,-70,4,1907,13508,59,100,1,0,0
1066,16,11,1280,0,99,3,15,6,1,1,-70,0,938,10861,23,100,2,0,0
1067,10,2,768,0,158,2,4,7,1,1,-95,6,3451,25734,60,100,2,0,0
1065,12,8,1024,20,150,4,12,7,1,1,-52,1,1526,15584,53,100,3,0,0
1068,4,1,512,0,153,6,2,7,1,1,-66,8,1855,12691,71,100,1,0,0
1068,14,10,1024,0,159,2,4,7,1,1,-52,0,807,9236,59,100,2,0,0
1070,7,4,768,10,147,5,6,7,1,2,-70,2,1072,13545,66,100,2,0,0
1072,3,1,512,0,158,6,2,7,1,2,-64,1,859,12443,68,100,2,0,0
1071,2,1,512,10,163,6,1,6,1,1,-88,7,1361,10713,71,100,1,0,0
1072,11,7,1024,10,168,3,6,7,1,1,-52,1,819,11767,63,100,1,0,0
1072,5,1,512,10,160,6,1,6,1,1,-94,0,573,11284,71,100,1,0,0
1071,20,15,1280,0,154,3,5,7,1,1,-70,1,599,6624,53,100,1,0,0
1073,1,0,256,0,9,0,0,4,0,0,0,10,2069,22023,1155,100,2,0,0
1073,6,3,768,10,141,1,7,7,1,1,-70,0,605,6046,46,100,1,0,0
1071,12,8,1024,0,152,4,12,7,1,1,-52,1,814,7986,53,100,0,0,0
1073,9,4,768,0,168,3,2,7,1,1,-70,0,535,13146,67,100,2,0,0
1073,19,15,1280,0,162,3,4,7,1,1,-52,0,310,6932,58,100,1,0,0
1072,17,12,1280,0,149,3,5,7,1,1,-70,0,807,10444,53,100,2,0,0
1075,18,15,1280,10,135,2,4,5,1,1,-70,0,858,10319,58,100,2,0,0
1075,16,11,1280,0,101,3,15,6,1,1,-70,0,580,7990,24,100,1,0,0
1075,14,10,1024,0,159,2,4,7,1,1,-52,0,406,6633,59,100,2,0,0
1074,21,20,1536,10,160,2,6,5,1,1,-52,0,1046,11705,49,100,2,0,0
1074,13,8,1024,10,149,2,8,6,1,1,-70,0,751,10479,45,100,2,0,0
1076,4,1,512,20,155,6,2,7,1,1,-66,8,2570,19857,71,100,1,0,0
1076,15,10,1024,0,151,2,6,7,1,1,-70,4,2160,20623,59,100,2,0,0
1077,11,7,1024,0,170,3,6,7,1,1,-52,1,1027,8007,64,100,1,0,0
1078,10,2,768,0,158,2,4,7,1,1,-95,6,2364,20816,61,100,3,0,0
1078,3,1,512,0,160,6,2,7,1,2,-64,1,1000,11393,69,100,1,0,0
1079,5,1,512,10,160,6,1,6,1,1,-94,0,391,7458,72,100,1,0,0
1078,19,15,1280,0,162,3,4,7,1,1,-52,0,261,4010,58,100,1,0,0
1078,8,4,768,0,157,5,3,7,1,2,-52,3,2219,22878,67,100,3,0,0
1079,12,8,1024,0,153,4,12,7,1,1,-52,1,839,8257,54,100,2,0,0
1079,9,4,768,0,170,3,2,7,1,1,-70,0,497,7195,67,100,1,0,0
1080,1,0,256,0,9,0,0,4,0,0,0,10,1980,18437,1169,100,1,0,0
1080,15,10,1024,0,151,2,6,7,1,1,-70,4,878,9479,59,100,0,0,0
1080,16,11,1280,0,104,3,15,6,1,1,-70,0,583,4822,24,100,1,0,0
1080,13,8,1024,0,149,2,8,6,1,1,-70,0,342,4740,45,100,1,0,0
1078,17,12,1280,0,150,3,5,7,1,1,-70,0,393,5804,53,100,1,0,0
1082,14,10,1024,0,160,2,4,7,1,1,-52,0,448,6486,60,100,1,0,0
1082,7,4,768,0,150,5,6,7,1,2,-70,2,2027,19945,67,100,2,0,0
1083,2,1,512,10,167,6,1,6,1,1,-88,7,3508,22587,72,100,3,0,0
1082,20,15,1280,0,161,3,5,7,1,1,-70,1,1743,15241,54,100,2,0,0
1083,19,15,1280,0,163,3,4,7,1,1,-52,0,448,4842,59,100,1,0,0
1085,5,1,512,0,162,6,1,6,1,1,-94,0,669,7591,72,100,2,0,0
1084,6,3,768,10,146,1,7,7,1,1,-70,0,1043,11641,47,100,2,0,0
1083,8,4,768,10,161,5,3,7,1,2,-52,3,1464,11039,67,100,1,0,0
1085,3,1,512,0,160,6,2,7,1,2,-64,1,633,10314,69,100,1,0,0
1085,18,15,1280,10,138,2,4,5,1,1,-70,0,726,9367,59,100,2,0,0
1084,10,2,768,0,160,2,4,7,1,1,-95,6,2119,15885,61,100,1,0,0
1086,11,7,1024,10,173,3,6,7,1,1,-52,1,1008,14136,64,100,1,0,0
1086,1,0,256,0,9,0,0,4,0,0,0,10,1566,14747,1174,100,1,0,0
1085,12,8,1024,0,155,4,12,7,1,1,-52,1,910,9170,54,100,1,0,0
1085,21,20,1536,0,164,2,6,5,1,1,-52,0,941,10634,50,100,2,0,0
1086,4,1,512,10,162,6,2,7,1,1,-66,8,4232,27729,72,100,2,0,0
1086,9,4,768,0,172,3,2,7,1,1,-70,0,580,9016,68,100,1,0,0
1088,7,4,768,10,151,5,6,7,1,2,-70,2,742,8835,67,100,1,0,0
1087,16,11,1280,10,106,3,15,6,1,1,-70,0,473,6891,25,100,1,0,0
1088,8,4,768,0,164,5,3,7,1,2,-52,3,955,10080,67,100,1,0,0
1088,2,1,512,20,170,6,1,6,1,1,-88,7,1445,9931,73,100,0,0,0
1088,15,10,1024,0,152,2,6,7,1,1,-70,4,1896,18784,60,100,2,0,0
1089,19,15,1280,0,164,3,4,7,1,1,-52,0,489,5815,59,100,2,0,0
1087,17,12,1280,0,153,3,5,7,1,1,-70,0,807,8968,54,100,2,0,0
1091,1,0,256,0,9,0,0,4,0,0,0,10,1246,10987,1181,100,1,0,0
1088,14,10,1024,10,161,2,4,7,1,1,-52,0,392,5977,60,100,1,0,0
1090,13,8,1024,10,151,2,8,6,1,1,-70,0,619,9023,45,100,2,0,0
1090,21,20,1536,0,167,2,6,5,1,1,-52,0,607,5476,50,100,1,0,0
1091,7,4,768,0,151,5,6,7,1,2,-70,2,770,7077,67,100,1,0,0
1091,3,1,512,0,163,6,2,7,1,2,-64,1,876,9660,70,100,1,0,0
1092,5,1,512,10,163,6,1,6,1,1,-94,0,389,8568,72,100,1,0,0
1092,16,11,1280,0,106,3,15,6,1,1,-70,0,370,4244,25,100,1,0,0
1092,10,2,768,10,163,2,4,7,1,1,-95,6,2019,15780,62,100,1,0,0
1092,20,15,1280,0,164,3,5,7,1,1,-70,1,1310,13024,54,100,1,0,0
1094,4,1,512,0,164,6,2,7,1,1,-66,8,2746,18052,72,100,1,0,0
1093,11,7,1024,0,176,3,6,7,1,1,-52,1,1384,12557,65,100,2,0,0
1095,1,0,256,0,9,0,0,4,0,0,0,10,1169,10522,1190,100,1,0,0
1094,14,10,1024,0,162,2,4,7,1,1,-52,0,449,5197,61,100,1,0,0
1095,18,15,1280,0,140,2,4,5,1,1,-70,0,808,9707,60,100,2,0,0
1093,12,8,1024,0,157,4,12,7,1,1,-52,1,971,10927,55,100,1,0,0
1096,15,10,1024,0,153,2,6,7,1,1,-70,4,1790,17320,60,100,1,0,0
1096,3,1,512,10,165,6,2,7,1,2,-64,1,557,7526,70,100,1,0,0
1096,5,1,512,0,163,6,1,6,1,1,-94,0,358,5658,73,100,1,0,0
1093,17,12,1280,0,154,3,5,7,1,1,-70,0,448,5806,55,100,1,0,0
1096,6,3,768,0,147,1,7,7,1,1,-70,0,724,10764,48,100,2,0,0
1096,9,4,768,0,173,3,2,7,1,1,-70,0,590,11374,69,100,2,0,0
1098,2,1,512,0,170,6,1,6,1,1,-88,7,2728,17268,73,100,2,0,0
1096,13,8,1024,10,153,2,8,6,1,1,-70,0,555,5994,46,100,1,0,0
1098,7,4,768,0,153,5,6,7,1,2,-70,2,1081,11594,68,100,1,0,0
1098,19,15,1280,0,167,3,4,7,1,1,-52,0,686,8877,60,100,1,0,0
1098,8,4,768,0,165,5,3,7,1,2,-52,3,2045,19588,68,100,1,0,0
1099,16,11,1280,0,109,3,15,6,1,1,-70,0,729,7781,25,100,2,0,0
1100,12,8,1024,0,158,4,12,7,1,1,-52,1,723,7879,55,100,1,0,0
1100,1,0,256,0,9,0,0,4,0,0,0,10,1170,13000,1195,100,1,0,0
1100,21,20,1536,0,170,2,6,5,1,1,-52,0,783,9223,51,100,2,0,0
1101,6,3,768,0,147,1,7,7,1,1,-70,0,283,4668,48,100,1,0,0
1101,15,10,1024,0,154,2,6,7,1,1,-70,4,1246,11679,61,100,1,0,0
1100,14,10,1024,0,164,2,4,7,1,1,-52,0,499,6445,61,100,1,0,0
1102,4,1,512,10,166,6,2,7,1,1,-66,8,2870,20678,73,100,2,0,0
1102,11,7,1024,0,180,3,6,7,1,1,-52,1,1233,14668,65,100,1,0,0
1102,3,1,512,0,166,6,2,7,1,2,-64,1,771,9889,70,100,1,0,0
1101,10,2,768,0,164,2,4,7,1,1,-95,6,2676,20543,62,100,2,0,0
1102,9,4,768,0,174,3,2,7,1,1,-70,0,418,6856,69,100,1,0,0
1102,18,15,1280,10,142,2,4,5,1,1,-70,0,499,7149,60,100,1,0,0
1100,17,12,1280,0,155,3,5,7,1,1,-70,0,462,6751,55,100,1,0,0
1104,20,15,1280,0,166,3,5,7,1,1,-70,1,1322,15151,55,100,3,0,0
1104,16,11,1280,0,112,3,15,6,1,1,-70,0,608,4963,26,100,0,0,0
1104,19,15,1280,0,169,3,4,7,1,1,-52,0,523,6293,60,100,1,0,0
1104,12,8,1024,0,158,4,12,7,1,1,-52,1,498,5939,55,100,1,0,0
1105,1,0,256,0,9,0,0,4,0,0,0,10,1303,11870,1200,100,1,0,0
1105,5,1,512,0,165,6,1,6,1,1,-94,0,520,10348,73,100,1,0,0
1106,2,1,512,0,172,6,1,6,1,1,-88,7,2086,15057,74,100,1,0,0
1104,13,8,1024,0,155,2,8,6,1,1,-70,0,547,8339,46,100,1,0,0
1105,14,10,1024,10,165,2,4,7,1,1,-52,0,368,3978,61,100,1,0,0
1106,21,20,1536,0,172,2,6,5,1,1,-52,0,499,5538,51,100,1,0,0
1107,15,10,1024,0,155,2,6,7,1,1,-70,4,1459,13734,61,100,1,0,0
1105,17,12,1280,0,155,3,5,7,1,1,-70,0,261,3773,55,100,1,0,0
1107,10,2,768,0,165,2,4,7,1,1,-95,6,1701,11510,62,100,1,0,0
1108,11,7,1024,0,181,3,6,7,1,1,-52,1,801,9284,66,100,1,0,0
1109,8,4,768,0,168,5,3,7,1,2,-52,3,2205,20974,69,100,2,0,0
1109,3,1,512,0,168,6,2,7,1,2,-64,1,948,10308,71,100,2,0,0
1108,20,15,1280,0,169,3,5,7,1,1,-70,1,836,6774,56,100,0,0,0
1109,6,3,768,0,150,1,7,7,1,1,-70,0,684,8265,49,100,1,0,0
1109,7,4,768,10,155,5,6,7,1,2,-70,2,1753,18689,69,100,2,0,0
1109,18,15,1280,0,144,2,4,5,1,1,-70,0,677,7709,61,100,2,0,0
1111,4,1,512,20,169,6,2,7,1,1,-66,8,3773,25345,73,100,1,0,0
1110,14,10,1024,0,166,2,4,7,1,1,-52,0,519,5317,62,100,1,0,0
1111,19,15,1280,0,169,3,4,7,1,1,-52,0,438,6825,61,100,2,0,0
1112,9,4,768,0,179,3,2,7,1,1,-70,0,1046,12666,70,100,2,0,0
1112,21,20,1536,0,175,2,6,5,1,1,-52,0,606,6185,51,100,1,0,0
1110,17,12,1280,0,156,3,5,7,1,1,-70,0,448,5576,56,100,1,0,0
1113,1,0,256,0,9,0,0,4,0,0,0,10,2165,19992,1214,100,1,0,0
1113,10,2,768,0,166,2,4,7,1,1,-95,6,1860,13819,63,100,1,0,0
1114,5,1,512,0,168,6,1,6,1,1,-94,0,824,11223,74,100,2,0,0
1115,6,3,768,0,151,1,7,7,1,1,-70,0,365,5002,49,100,1,0,0
1115,12,8,1024,0,161,4,13,7,1,1,-52,1,1487,13769,56,100,3,0,0
1114,15,10,1024,0,156,2,6,7,1,1,-70,4,1758,17345,62,100,1,0,0
1116,2,1,512,10,173,6,1,6,1,1,-88,7,3299,20821,74,100,2,0,0
1115,16,11,1280,0,118,3,15,6,1,1,-70,0,1404,12327,26,100,3,0,0
1115,14,10,1024,0,167,2,4,7,1,1,-52,0,392,4758,62,100,1,0,0
1115,20,15,1280,0,171,3,5,7,1,1,-70,1,1063,9662,56,100,2,0,0
1116,3,1,512,10,169,6,2,7,1,2,-64,1,803,11517,71,100,1,0,0
1117,4,1,512,30,170,6,2,7,1,1,-66,8,1671,13600,74,100,2,0,0
1116,13,8,1024,0,158,2,8,6,1,1,-70,0,830,11224,47,100,2,0,0
1118,7,4,768,0,159,5,6,7,1,2,-70,2,1387,14481,69,100,2,0,0
1118,11,7,1024,0,183,3,6,7,1,1,-52,1,1200,16644,66,100,2,0,0
1117,19,15,1280,10,170,3,4,7,1,1,-52,0,392,5788,61,100,1,0,0
1119,6,3,768,10,152,1,7,7,1,1,-70,0,389,4768,50,100,1,0,0
1118,21,20,1536,0,176,2,6,5,1,1,-52,0,472,6752,52,100,1,0,0
1119,8,4,768,10,169,5,3,7,1,2,-52,3,1455,19252,69,100,2,0,0
1120,13,8,1024,0,159,2,8,6,1,1,-70,0,368,4398,47,100,1,0,0
1119,18,15,1280,0,145,2,4,5,1,1,-70,0,537,8964,61,100,2,0,0
1120,17,12,1280,0,160,3,5,7,1,1,-70,0,858,9421,56,100,2,0,0
1123,1,0,256,0,9,0,0,4,0,0,0,10,2246,23789,1226,100,2,0,0
1123,5,1,512,10,171,6,1,6,1,1,-94,0,725,10559,75,100,2,0,0
1124,16,11,1280,0,122,3,15,6,1,1,-70,0,796,8416,27,100,1,0,0
1123,14,10,1024,0,169,2,4,7,1,1,-52,0,579,8234,63,100,1,0,0
1123,9,4,768,0,183,3,2,7,1,1,-70,0,881,14087,70,100,2,0,0
1124,10,2,768,10,170,2,4,7,1,1,-95,6,2841,22588,64,100,2,0,0
1124,20,15,1280,0,172,3,5,7,1,1,-70,1,767,11036,57,100,1,0,0
1125,6,3,768,0,155,1,7,7,1,1,-70,0,660,6729,50,100,1,0,0
1124,19,15,1280,10,172,3,4,7,1,1,-52,0,524,6261,62,100,1,0,0
1126,15,10,1024,0,159,2,6,7,1,1,-70,4,2841,26685,62,100,3,0,0
1127,2,1,512,0,176,6,1,6,1,1,-88,7,3155,21341,75,100,2,0,0
1125,12,8,1024,10,162,4,13,7,1,1,-52,1,1093,13735,57,100,2,0,0
1127,3,1,512,0,173,6,2,7,1,2,-64,1,1651,17544,72,100,2,0,0
1128,4,1,512,0,173,6,2,7,1,1,-66,8,4073,29067,75,100,2,0,0
1126,21,20,1536,0,177,2,6,5,1,1,-52,0,513,6995,52,100,2,0,0
1127,11,7,1024,0,186,3,6,7,1,1,-52,1,1214,14521,67,100,2,0,0
1126,18,15,1280,0,146,2,4,5,1,1,-70,0,472,7033,62,100,1,0,0
1129,5,1,512,0,173,6,1,6,1,1,-94,0,573,7996,75,100,1,0,0
1129,7,4,768,0,163,5,6,7,1,2,-70,2,1806,18148,70,100,2,0,0
1128,19,15,1280,0,172,3,4,7,1,1,-52,0,318,4290,62,100,1,0,0
1129,8,4,768,0,171,5,3,7,1,2,-52,3,1945,18953,70,100,2,0,0
1128,13,8,1024,0,163,2,8,6,1,1,-70,0,889,8087,48,100,2,0,0
1129,17,12,1280,10,164,3,5,7,1,1,-70,0,686,7116,57,100,1,0,0
1129,14,10,1024,0,171,2,4,7,1,1,-52,0,596,6312,63,100,2,0,0
1131,16,11,1280,0,124,3,15,6,1,1,-70,0,677,7440,28,100,2,0,0
1130,15,10,1024,0,160,2,6,7,1,1,-70,4,1394,12500,63,100,1,0,0
1131,10,2,768,0,172,2,4,7,1,1,-95,6,2429,16525,64,100,1,0,0
1131,9,4,768,10,186,3,2,7,1,1,-70,0,605,9673,71,100,1,0,0
1135,1,0,256,0,9,0,0,4,0,0,0,10,2837,28177,1239,100,2,0,0
1134,6,3,768,0,157,1,7,7,1,1,-70,0,617,8271,50,100,2,0,0
1133,20,15,1280,0,174,3,5,7,1,1,-70,1,1088,11891,57,100,2,0,0
1135,3,1,512,10,177,6,2,7,1,2,-64,1,1198,12825,73,100,2,0,0
1134,18,15,1280,10,148,2,4,5,1,1,-70,0,499,6678,62,100,1,0,0
1136,5,1,512,0,175,6,1,6,1,1,-94,0,497,7610,75,100,1,0,0
1136,2,1,512,0,179,6,1,6,1,1,-88,7,2522,16994,76,100,2,0,0
1134,13,8,1024,10,166,2,8,6,1,1,-70,0,498,6167,48,100,1,0,0
1135,14,10,1024,0,172,2,4,7,1,1,-52,0,351,5298,64,100,0,0,0
1135,12,8,1024,10,167,4,13,7,1,1,-52,1,1370,13408,58,100,2,0,0
1138,4,1,512,0,175,6,2,7,1,1,-66,8,3062,23821,75,100,1,0,0
1136,15,10,1024,10,162,2,6,7,1,1,-70,4,1202,13792,63,100,1,0,0
1138,9,4,768,0,187,3,2,7,1,1,-70,0,609,7635,71,100,1,0,0
1136,21,20,1536,0,180,2,6,5,1,1,-52,0,807,10166,53,100,2,0,0
1139,7,4,768,10,164,5,6,7,1,2,-70,2,1061,14156,70,100,1,0,0
1137,20,15,1280,0,176,3,5,7,1,1,-70,1,771,5849,58,100,1,0,0
1137,11,7,1024,10,187,3,6,7,1,1,-52,1,1121,15994,68,100,2,0,0
1138,19,15,1280,0,173,3,4,7,1,1,-52,0,537,9271,62,100,2,0,0
1137,16,11,1280,0,126,3,15,6,1,1,-70,0,500,6139,28,100,1,0,0
1139,10,2,768,0,173,2,4,7,1,1,-95,6,2196,17396,65,100,1,0,0
1140,17,12,1280,0,166,3,5,7,1,1,-70,0,752,9775,57,100,2,0,0
1141,1,0,256,0,9,0,0,4,0,0,0,10,1882,16331,1250,100,1,0,0
1141,8,4,768,0,174,5,3,7,1,2,-52,3,2318,22216,71,100,2,0,0
1142,6,3,768,0,159,1,7,7,1,1,-70,0,576,7168,51,100,1,0,0
1142,12,8,1024,0,169,4,13,7,1,1,-52,1,916,9358,58,100,1,0,0
1142,20,15,1280,20,177,3,5,7,1,1,-70,1,427,5922,58,100,1,0,0
1143,3,1,512,0,181,6,2,7,1,2,-64,1,1183,13098,73,100,1,0,0
1144,2,1,512,0,180,6,1,6,1,1,-88,7,2299,15644,76,100,1,0,0
1142,13,8,1024,0,166,2,8,6,1,1,-70,0,639,7841,49,100,2,0,0
1142,18,15,1280,0,151,2,4,5,1,1,-70,0,808,8978,63,100,2,0,0
1145,5,1,512,0,180,6,1,6,1,1,-94,0,1191,12091,76,100,2,0,0
1145,8,4,768,0,176,5,3,7,1,2,-52,3,1013,8894,71,100,1,0,0
1143,15,10,1024,10,164,2,6,7,1,1,-70,4,2026,16215,64,100,1,0,0
1141,21,20,1536,0,182,2,6,5,1,1,-52,0,476,4743,53,100,1,0,0
1147,7,4,768,10,166,5,6,7,1,2,-70,2,1293,12931,71,100,2,0,0
1144,16,11,1280,0,128,3,15,6,1,1,-70,0,524,7445,28,100,1,0,0
1146,19,15,1280,0,175,3,4,7,1,1,-52,0,573,7501,63,100,2,0,0
1147,11,7,1024,0,193,3,6,7,1,1,-52,1,1619,14528,68,100,2,0,0
1148,9,4,768,0,188,3,2,7,1,1,-70,0,661,11583,72,100,2,0,0
1149,3,1,512,0,184,6,2,7,1,2,-64,1,773,8973,73,100,1,0,0
1147,10,2,768,10,177,2,4,7,1,1,-95,6,2561,18109,65,100,2,0,0
1149,12,8,1024,0,169,4,13,7,1,1,-52,1,371,7017,58,100,1,0,0
1146,14,10,1024,0,175,2,4,7,1,1,-52,0,866,10378,64,100,4,0,0
1150,4,1,512,10,179,6,2,7,1,1,-66,8,4671,31537,76,100,2,0,0
1150,1,0,256,0,9,0,0,4,0,0,0,10,2099,20777,1258,100,2,0,0
1149,13,8,1024,0,169,2,8,6,1,1,-70,0,605,5574,49,100,1,0,0
1149,6,3,768,0,161,1,7,7,1,1,-70,0,1062,8951,52,100,2,0,0
1151,8,4,768,0,179,5,4,7,1,2,-52,3,1189,10262,71,100,2,0,0
1148,18,15,1280,0,153,2,4,5,1,1,-70,0,499,6231,63,100,1,0,0
1151,7,4,768,0,169,5,6,7,1,2,-70,2,1217,8937,71,100,1,0,0
1148,20,15,1280,0,179,3,5,7,1,1,-70,1,1021,10167,58,100,1,0,0
1151,5,1,512,0,183,6,1,6,1,1,-94,0,605,8261,76,100,1,0,0
1150,21,20,1536,0,185,2,6,5,1,1,-52,0,710,8340,54,100,1,0,0
1149,19,15,1280,0,175,3,4,7,1,1,-52,0,261,3909,63,100,1,0,0
1151,17,12,1280,0,168,3,5,7,1,1,-70,0,718,10785,58,100,3,0,0
1152,16,11,1280,10,129,3,15,6,1,1,-70,0,449,6845,29,100,1,0,0
1152,10,2,768,10,178,2,4,7,1,1,-95,6,1659,12059,66,100,1,0,0
1154,9,4,768,0,191,3,2,7,1,1,-70,0,604,7495,72,100,1,0,0
1152,15,10,1024,0,167,2,6,7,1,1,-70,4,2372,20252,64,100,2,0,0
1154,11,7,1024,0,194,3,6,7,1,1,-52,1,798,11621,69,100,1,0,0
1155,2,1,512,20,182,6,1,6,1,1,-88,7,3278,20924,77,100,1,0,0
1155,3,1,512,0,186,6,2,7,1,2,-64,1,891,9852,74,100,1,0,0
1156,7,4,768,0,169,5,6,7,1,2,-70,2,611,7380,72,100,0,0,0
1153,18,15,1280,10,156,2,4,5,1,1,-70,0,638,4858,64,100,1,0,0
1155,17,12,1280,0,170,3,5,7,1,1,-70,0,476,4425,58,100,1,0,0
1154,14,10,1024,0,178,2,4,7,1,1,-52,0,687,8127,65,100,1,0,0
1157,8,4,768,10,179,5,4,7,1,2,-52,3,1227,12795,72,100,1,0,0
1157,1,0,256,0,9,0,0,4,0,0,0,10,2276,20044,1272,100,1,0,0
1156,19,15,1280,0,177,3,4,7,1,1,-52,0,555,5765,64,100,1,0,0
1157,4,1,512,20,182,6,2,7,1,1,-66,8,3865,24148,77,100,2,0,0
1157,13,8,1024,0,171,2,8,6,1,1,-70,0,578,7434,50,100,1,0,0
1158,16,11,1280,0,131,3,15,6,1,1,-70,0,501,5426,29,100,1,0,0
1159,6,3,768,0,161,1,7,7,1,1,-70,0,397,9054,52,100,1,0,0
1159,21,20,1536,0,187,2,6,5,1,1,-52,0,620,8243,54,100,2,0,0
1161,11,7,1024,0,195,3,6,7,1,1,-52,1,686,9373,69,100,1,0,0
1161,7,4,768,0,170,5,6,7,1,2,-70,2,807,8465,72,100,1,0,0
1162,12,8,1024,0,173,4,13,7,1,1,-52,1,1646,16431,59,100,2,0,0
1161,15,10,1024,0,168,2,6,7,1,1,-70,4,1805,18401,65,100,1,0,0
1160,17,12,1280,10,173,3,5,7,1,1,-70,0,531,5247,59,100,1,0,0
1160,18,15,1280,0,159,2,4,5,1,1,-70,0,631,7029,64,100,1,0,0
1162,16,11,1280,0,133,3,15,6,1,1,-70,0,532,4573,30,100,1,0,0
1163,9,4,768,0,196,3,2,7,1,1,-70,0,1022,11367,73,100,2,0,0
1163,5,1,512,0,188,6,1,6,1,1,-94,0,1061,14507,77,100,2,0,0
1160,20,15,1280,10,182,3,5,7,1,1,-70,1,1484,14961,59,100,2,0,0
1163,10,2,768,0,182,2,4,7,1,1,-95,6,3181,22543,66,100,2,0,0
1163,4,1,512,0,182,6,2,7,1,1,-66,8,2059,14666,77,100,1,0,0
1163,19,15,1280,0,179,3,4,7,1,1,-52,0,565,6670,64,100,1,0,0
1165,3,1,512,0,189,6,2,7,1,2,-64,1,1198,15724,75,100,2,0,0
1166,8,4,768,0,180,5,4,7,1,2,-52,3,1266,16411,72,100,1,0,0
1166,13,8,1024,0,171,2,8,6,1,1,-70,0,308,7696,50,100,1,0,0
1166,2,1,512,10,184,6,1,6,1,1,-88,7,2957,21596,78,100,2,0,0
1164,14,10,1024,0,182,2,4,7,1,1,-52,0,890,8919,66,100,2,0,0
1164,21,20,1536,10,188,2,6,5,1,1,-52,0,494,5111,55,100,1,0,0
1167,1,0,256,0,9,0,0,4,0,0,0,10,2258,22574,1283,100,2,0,0
1168,17,12,1280,0,175,3,5,7,1,1,-70,0,631,7110,59,100,1,0,0
1167,15,10,1024,0,169,2,6,7,1,1,-70,4,1646,17167,65,100,1,0,0
1169,6,3,768,10,161,1,7,7,1,1,-70,0,459,8875,53,100,2,0,0
1167,19,15,1280,20,181,3,4,7,1,1,-52,0,475,4748,65,100,1,0,0
1170,5,1,512,0,188,6,1,6,1,1,-94,0,331,7827,78,100,1,0,0
1171,9,4,768,0,203,3,2,7,1,1,-70,0,1057,11090,73,100,1,0,0
1170,14,10,1024,10,182,2,4,7,1,1,-52,0,309,6333,66,100,1,0,0
1172,7,4,768,0,174,5,6,7,1,2,-70,2,1617,17895,73,100,2,0,0
1170,21,20,1536,10,190,2,6,5,1,1,-52,0,500,5888,55,100,1,0,0
1171,10,2,768,10,187,2,4,7,1,1,-95,6,2800,18961,67,100,1,0,0
1172,11,7,1024,10,199,3,6,7,1,1,-52,1,1538,18562,70,100,2,0,0
1173,4,1,512,40,184,6,2,7,1,1,-66,8,3486,26179,78,100,2,0,0
1171,20,15,1280,0,185,3,5,7,1,1,-70,1,1314,13752,60,100,2,0,0
1172,12,8,1024,0,175,4,13,7,1,1,-52,1,1475,15594,60,100,3,0,0
1174,2,1,512,10,185,6,1,6,1,1,-88,7,2549,16123,78,100,2,0,0
1172,16,11,1280,0,136,3,15,6,1,1,-70,0,752,9663,30,100,2,0,0
1173,8,4,768,0,183,5,4,7,1,2,-52,3,1857,15670,73,100,2,0,0
1172,18,15,1280,10,160,2,4,5,1,1,-70,0,593,10211,65,100,2,0,0
1174,13,8,1024,0,173,2,8,6,1,1,-70,0,675,7782,51,100,2,0,0
1174,6,3,768,0,164,1,7,7,1,1,-70,0,604,5879,53,100,1,0,0
1175,3,1,512,0,189,6,2,7,1,2,-64,1,954,15532,75,100,2,0,0
1174,15,10,1024,10,174,2,6,7,1,1,-70,4,2069,17338,66,100,2,0,0
1177,9,4,768,0,203,3,2,7,1,1,-70,0,368,6639,74,100,1,0,0
1177,12,8,1024,0,176,4,13,7,1,1,-52,1,413,5863,60,100,0,0,0
1177,1,0,256,0,9,0,0,4,0,0,0,10,2310,24226,1296,100,2,0,0
1177,14,10,1024,0,182,2,4,7,1,1,-52,0,286,5738,66,100,1,0,0
1178,5,1,512,20,190,6,1,6,1,1,-94,0,538,9844,78,100,2,0,0
1179,7,4,768,0,176,5,6,7,1,2,-70,2,1133,10911,73,100,2,0,0
1177,19,15,1280,0,181,3,4,7,1,1,-52,0,390,8953,65,100,1,0,0
1179,17,12,1280,0,178,3,5,7,1,1,-70,0,831,10536,60,100,2,0,0
1178,10,2,768,20,189,2,4,7,1,1,-95,6,1713,13630,67,100,2,0,0
1180,11,7,1024,10,199,3,6,7,1,1,-52,1,879,12075,71,100,2,0,0
1179,20,15,1280,0,187,3,5,7,1,1,-70,1,842,10487,60,100,1,0,0
1182,1,0,256,0,9,0,0,4,0,0,0,10,1185,12031,1304,100,1,0,0
1183,4,1,512,20,186,6,2,7,1,1,-66,8,2955,22247,78,100,1,0,0
1183,2,1,512,10,188,6,1,6,1,1,-88,7,2121,16477,79,100,2,0,0
1181,9,4,768,0,206,3,2,7,1,1,-70,0,603,6662,74,100,1,0,0
1182,18,15,1280,0,162,2,4,5,1,1,-70,0,670,9567,65,100,2,0,0
1183,6,3,768,0,166,1,7,7,1,1,-70,0,697,8812,54,100,2,0,0
1181,21,20,1536,0,195,2,6,5,1,1,-52,0,1040,11406,56,100,3,0,0
1183,13,8,1024,0,180,2,8,6,1,1,-70,0,1234,10034,52,100,2,0,0
1184,8,4,768,10,183,5,4,7,1,2,-52,3,1929,21099,74,100,2,0,0
1184,15,10,1024,10,175,2,6,7,1,1,-70,4,1747,18801,66,100,1,0,0
1184,17,12,1280,10,181,3,5,7,1,1,-70,0,476,4854,60,100,1,0,0
1185,3,1,512,10,192,6,2,7,1,2,-64,1,1052,14550,76,100,1,0,0
1184,12,8,1024,10,179,4,13,7,1,1,-52,1,1162,10321,61,100,2,0,0
1184,16,11,1280,0,138,3,15,6,1,1,-70,0,725,11436,31,100,2,0,0
1186,11,7,1024,0,200,3,6,7,1,1,-52,1,660,8814,71,100,1,0,0
1186,14,10,1024,10,184,2,4,7,1,1,-52,0,676,9042,67,100,2,0,0
1187,7,4,768,0,180,5,6,7,1,2,-70,2,1670,14617,74,100,1,0,0
1188,13,8,1024,0,180,2,8,6,1,1,-70,0,262,4410,52,100,1,0,0
1189,5,1,512,0,191,6,1,6,1,1,-94,0,741,12782,79,100,2,0,0
1189,1,0,256,0,9,0,0,4,0,0,0,10,1844,16824,1314,100,1,0,0
1187,21,20,1536,0,195,2,6,5,1,1,-52,0,287,5166,56,100,1,0,0
1188,16,11,1280,0,139,3,15,6,1,1,-70,0,370,4385,31,100,1,0,0
1188,19,15,1280,0,181,3,4,7,1,1,-52,0,607,10107,66,100,2,0,0
1188,9,4,768,0,207,3,2,7,1,1,-70,0,570,8177,75,100,2,0,0
1190,8,4,768,0,183,5,4,7,1,2,-52,3,1009,10299,74,100,1,0,0
1190,3,1,512,0,194,6,2,7,1,2,-64,1,666,7515,76,100,1,0,0
1190,10,2,768,0,190,2,4,7,1,1,-95,6,2881,23284,68,100,2,0,0
1188,18,15,1280,0,163,2,4,5,1,1,-70,0,448,6553,66,100,1,0,0
1190,11,7,1024,0,201,3,6,7,1,1,-52,1,653,8108,71,100,0,0,0
1190,20,15,1280,0,189,3,5,7,1,1,-70,1,1323,14405,61,100,2,0,0
1191,15,10,1024,0,176,2,6,7,1,1,-70,4,1930,18181,67,100,1,0,0
1194,4,1,512,10,191,6,2,7,1,1,-66,8,4075,28360,79,100,2,0,0
1194,1,0,256,0,9,0,0,4,0,0,0,10,865,10473,1316,100,1,0,0
1194,12,8,1024,10,182,4,13,7,1,1,-52,1,965,12076,61,100,1,0,0
1194,5,1,512,10,192,6,1,6,1,1,-94,0,366,6583,79,100,1,0,0
1195,2,1,512,20,193,6,1,6,1,1,-88,7,3343,21918,79,100,2,0,0
1194,9,4,768,0,209,3,2,7,1,1,-70,0,496,7059,75,100,1,0,0
1193,18,15,1280,0,164,2,4,5,1,1,-70,0,368,4330,66,100,1,0,0
1194,7,4,768,10,182,5,6,7,1,2,-70,2,1173,12534,74,100,1,0,0
1194,17,12,1280,0,183,3,5,7,1,1,-70,0,808,9986,61,100,2,0,0
1195,6,3,768,0,169,1,7,7,1,1,-70,0,894,11696,55,100,2,0,0
1195,19,15,1280,0,186,3,4,7,1,1,-52,0,821,7215,66,100,1,0,0
1198,14,10,1024,0,189,2,4,7,1,1,-52,0,1046,10795,68,100,2,0,0
1199,4,1,512,0,194,6,2,7,1,1,-66,8,2175,13320,80,100,1,0,0
1199,13,8,1024,0,183,2,8,6,1,1,-70,0,824,10257,53,100,3,0,0
1199,10,2,768,10,193,2,4,7,1,1,-95,6,2354,20057,69,100,1,0,0
1199,5,1,512,10,195,6,1,6,1,1,-94,0,497,6322,79,100,1,0,0
1199,6,3,768,0,170,1,7,7,1,1,-70,0,269,3893,55,100,0,0,0
1199,15,10,1024,20,180,2,6,7,1,1,-70,4,1771,17186,67,100,2,0,0
1197,21,20,1536,0,200,2,6,5,1,1,-52,0,1021,10291,57,100,2,0,0
1199,16,11,1280,0,143,3,15,6,1,1,-70,0,939,11224,32,100,2,0,0
1198,18,15,1280,0,166,2,4,5,1,1,-70,0,499,5350,66,100,1,0,0
1200,8,4,768,0,184,5,4,7,1,2,-52,3,1861,21857,75,100,2,0,0
1200,11,7,1024,0,207,3,6,7,1,1,-52,1,1562,16934,72,100,2,0,0
1201,3,1,512,0,194,6,2,7,1,2,-64,1,1192,18008,77,100,2,0,0
1202,2,1,512,10,193,6,1,6,1,1,-88,7,2109,14304,80,100,1,0,0
1202,9,4,768,0,210,3,2,7,1,1,-70,0,469,9114,76,100,1,0,0
1202,1,0,256,0,9,0,0,4,0,0,0,10,2612,22212,1333,100,2,0,0
1201,20,15,1280,0,196,3,5,7,1,1,-70,1,1566,14890,62,100,2,0,0
1201,19,15,1280,0,187,3,4,7,1,1,-52,0,472,6595,67,100,1,0,0
1204,17,12,1280,0,186,3,5,7,1,1,-70,0,710,9154,62,100,1,0,0
1205,14,10,1024,0,192,2,4,7,1,1,-52,0,608,6442,68,100,1,0,0
1205,12,8,1024,0,183,4,13,7,1,1,-52,1,1354,14435,62,100,2,0,0
1205,8,4,768,0,184,5,4,7,1,2,-52,3,640,8451,75,100,0,0,0
1205,7,4,768,10,185,5,6,7,1,2,-70,2,1507,17361,75,100,2,0,0
1206,6,3,768,0,172,1,7,7,1,1,-70,0,593,6368,55,100,2,0,0
1204,16,11,1280,0,144,3,15,6,1,1,-70,0,450,5778,33,100,1,0,0
1208,2,1,512,0,193,6,1,6,1,1,-88,7,1153,10145,80,100,1,0,0
1208,10,2,768,0,193,2,4,7,1,1,-95,6,2311,18350,69,100,2,0,0
1208,4,1,512,0,197,6,2,7,1,1,-66,8,3408,24935,80,100,2,0,0
1209,3,1,512,0,195,6,2,7,1,2,-64,1,750,9742,77,100,2,0,0
1207,21,20,1536,0,203,2,6,5,1,1,-52,0,712,9294,58,100,1,0,0
1210,13,8,1024,0,187,2,8,6,1,1,-70,0,761,10186,53,100,1,0,0
1209,15,10,1024,10,185,2,6,7,1,1,-70,4,2667,23202,68,100,2,0,0
1210,9,4,768,0,212,3,2,7,1,1,-70,0,548,9103,76,100,1,0,0
1208,14,10,1024,20,194,2,4,7,1,1,-52,0,490,4659,69,100,1,0,0
1211,5,1,512,0,198,6,1,6,1,1,-94,0,955,14099,80,100,2,0,0
1209,8,4,768,10,184,5,4,7,1,2,-52,3,715,9173,75,100,1,0,0
1210,20,15,1280,0,199,3,5,7,1,1,-70,1,1143,10654,62,100,2,0,0
1210,18,15,1280,0,169,2,4,5,1,1,-70,0,999,11550,67,100,3,0,0
1212,1,0,256,0,9,0,0,4,0,0,0,10,2197,23715,1344,100,1,0,0
1210,11,7,1024,0,209,3,6,7,1,1,-52,1,1173,15935,73,100,2,0,0
1213,19,15,1280,0,191,3,4,7,1,1,-52,0,858,10343,67,100,2,0,0
1213,7,4,768,0,188,5,6,7,1,2,-70,2,1488,13963,75,100,2,0,0
1214,17,12,1280,0,190,3,5,7,1,1,-70,0,858,9466,62,100,2,0,0
1214,15,10,1024,10,187,2,6,7,1,1,-70,4,1502,11980,68,100,1,0,0
1216,10,2,768,0,196,2,4,7,1,1,-95,6,2472,16691,70,100,1,0,0
1215,13,8,1024,0,189,2,8,6,1,1,-70,0,555,5810,54,100,1,0,0
1215,12,8,1024,0,186,4,13,7,1,1,-52,1,1308,14052,63,100,2,0,0
1215,5,1,512,10,199,6,1,6,1,1,-94,0,366,5545,81,100,1,0,0
1216,2,1,512,10,195,6,1,6,1,1,-88,7,2763,16731,81,100,2,0,0
1216,18,15,1280,0,170,2,4,5,1,1,-70,0,328,4632,68,100,0,0,0
1217,6,3,768,0,173,1,7,7,1,1,-70,0,590,9418,56,100,2,0,0
1216,16,11,1280,0,146,3,15,6,1,1,-70,0,669,11011,33,100,2,0,0
1217,8,4,768,0,189,5,4,7,1,2,-52,3,1990,15387,76,100,2,0,0
1218,4,1,512,0,198,6,2,7,1,1,-66,8,3832,26264,81,100,2,0,0
1217,19,15,1280,0,193,3,4,7,1,1,-52,0,532,4577,68,100,1,0,0
1219,9,4,768,10,216,3,2,7,1,1,-70,0,808,10938,77,100,2,0,0
1218,7,4,768,0,188,5,6,7,1,2,-70,2,608,8355,76,100,1,0,0
1219,1,0,256,0,9,0,0,4,0,0,0,10,1823,16790,1354,100,2,0,0
1218,14,10,1024,0,196,2,4,7,1,1,-52,0,752,8982,69,100,2,0,0
1219,21,20,1536,0,208,2,6,5,1,1,-52,0,989,10874,58,100,2,0,0
1220,3,1,512,0,197,6,2,7,1,2,-64,1,1199,18049,78,100,2,0,0
1220,18,15,1280,10,173,2,4,5,1,1,-70,0,582,4607,68,100,1,0,0
1222,6,3,768,0,175,1,7,7,1,1,-70,0,399,5090,56,100,0,0,0
1221,10,2,768,10,198,2,4,7,1,1,-95,6,1731,13357,70,100,1,0,0
1221,11,7,1024,10,210,4,6,7,1,1,-52,1,1090,16426,73,100,2,0,0
1222,5,1,512,0,200,6,1,6,1,1,-94,0,489,8454,81,100,1,0,0
1221,15,10,1024,10,189,2,6,7,1,1,-70,4,2014,17400,69,100,1,0,0
1221,20,15,1280,0,201,3,5,7,1,1,-70,1,1311,14908,63,100,2,0,0
1222,17,12,1280,0,190,3,5,7,1,1,-70,0,462,8656,63,100,2,0,0
1223,9,4,768,0,217,3,2,7,1,1,-70,0,474,5789,77,100,1,0,0
1224,1,0,256,0,9,0,0,4,0,0,0,10,741,10076,1356,100,0,0,0
1224,4,1,512,0,198,6,2,7,1,1,-66,8,1630,14738,81,100,1,0,0
1223,8,4,768,10,190,5,4,7,1,2,-52,3,881,12091,76,100,1,0,0
1223,16,11,1280,10,150,3,15,6,1,1,-70,0,869,7495,34,100,2,0,0
1226,13,8,1024,0,191,2,8,6,1,1,-70,0,643,9812,54,100,2,0,0
1227,2,1,512,0,198,6,1,6,1,1,-88,7,2744,20510,82,100,2,0,0
1226,12,8,1024,0,189,4,13,7,1,1,-52,1,1126,14109,64,100,2,0,0
1226,15,10,1024,0,190,2,6,7,1,1,-70,4,802,11098,69,100,1,0,0
1228,9,4,768,10,219,3,2,7,1,1,-70,0,389,5848,77,100,1,0,0
1229,6,3,768,0,178,1,7,7,1,1,-70,0,756,6320,57,100,2,0,0
1227,14,10,1024,0,198,2,4,7,1,1,-52,0,603,9075,70,100,1,0,0
1228,19,15,1280,0,194,3,4,7,1,1,-52,0,593,9846,69,100,2,0,0
1228,17,12,1280,0,192,3,5,7,1,1,-70,0,499,6136,63,100,1,0,0
1229,3,1,512,0,200,6,2,7,1,2,-64,1,1258,15154,79,100,1,0,0
1228,21,20,1536,0,211,2,6,5,1,1,-52,0,784,8815,59,100,2,0,0
1230,10,2,768,0,201,2,4,7,1,1,-95,6,2536,18716,71,100,2,0,0
1231,7,4,768,0,189,5,6,7,1,2,-70,2,1555,19040,77,100,2,0,0
1230,5,1,512,10,202,6,1,6,1,1,-94,0,520,9805,82,100,1,0,0
1229,20,15,1280,0,201,3,5,7,1,1,-70,1,632,10035,63,100,1,0,0
1230,16,11,1280,0,151,3,15,6,1,1,-70,0,418,6518,34,100,1,0,0
1231,18,15,1280,0,178,2,4,5,1,1,-70,0,1046,10869,69,100,2,0,0
1232,15,10,1024,0,192,2,6,7,1,1,-70,4,1789,14375,70,100,1,0,0
1234,4,1,512,0,200,6,2,7,1,1,-66,8,3450,25040,82,100,2,0,0
1234,1,0,256,0,9,0,0,4,0,0,0,10,2690,25495,1374,100,2,0,0
1234,2,1,512,0,199,6,1,6,1,1,-88,7,2337,14517,82,100,1,0,0
1234,11,7,1024,10,212,4,6,7,1,1,-52,1,1416,18360,74,100,3,0,0
1234,8,4,768,10,193,5,4,7,1,2,-52,3,2019,20591,77,100,2,0,0
1234,20,15,1280,0,203,3,5,7,1,1,-70,1,644,6464,64,100,1,0,0
1233,17,12,1280,0,194,3,5,7,1,1,-70,0,555,5053,64,100,1,0,0
1235,6,3,768,0,182,1,7,7,1,1,-70,0,842,7779,57,100,1,0,0
1236,5,1,512,0,203,6,1,6,1,1,-94,0,441,6233,82,100,1,0,0
1236,21,20,1536,0,213,2,6,5,1,1,-52,0,579,7440,60,100,1,0,0
1236,7,4,768,10,190,5,6,7,1,2,-70,2,881,8533,77,100,1,0,0
1237,13,8,1024,10,195,2,8,6,1,1,-70,0,927,11338,55,100,3,0,0
1237,9,4,768,0,219,3,2,7,1,1,-70,0,568,11334,78,100,1,0,0
1236,16,11,1280,0,156,3,15,6,1,1,-70,0,871,6475,35,100,2,0,0
1238,12,8,1024,0,191,4,13,7,1,1,-52,1,1407,15479,64,100,2,0,0
1237,14,10,1024,0,201,2,4,7,1,1,-52,0,751,8926,70,100,2,0,0
1238,3,1,512,0,201,6,2,7,1,2,-64,1,912,14024,79,100,2,0,0
1239,10,2,768,10,201,2,4,7,1,1,-95,6,2090,17072,71,100,2,0,0
1239,1,0,256,0,9,0,0,4,0,0,0,10,1044,11289,1377,100,1,0,0
1240,2,1,512,0,199,6,1,6,1,1,-88,7,1095,9071,82,100,1,0,0
1240,4,1,512,0,201,6,2,7,1,1,-66,8,2432,15880,82,100,1,0,0
1239,15,10,1024,0,192,2,6,7,1,1,-70,4,1192,13662,70,100,1,0,0
1238,19,15,1280,0,196,3,4,7,1,1,-52,0,668,11016,69,100,2,0,0
1241,6,3,768,10,182,1,7,7,1,1,-70,0,314,5191,58,100,1,0,0
1242,13,8,1024,0,195,2,8,6,1,1,-70,0,328,4615,56,100,0,0,0
1242,5,1,512,0,204,6,1,6,1,1,-94,0,389,7109,82,100,1,0,0
1242,20,15,1280,10,207,3,5,7,1,1,-70,1,1155,9402,64,100,1,0,0
1242,11,7,1024,0,215,4,6,7,1,1,-52,1,1268,14210,75,100,1,0,0
1241,8,4,768,10,195,5,4,7,1,2,-52,3,1636,15224,78,100,1,0,0
1243,3,1,512,0,202,6,2,7,1,2,-64,1,733,7286,80,100,1,0,0
1244,18,15,1280,0,182,2,4,5,1,1,-70,0,884,11103,69,100,2,0,0
1242,17,12,1280,0,198,3,5,7,1,1,-70,0,834,9177,64,100,2,0,0
1243,10,2,768,0,202,2,4,7,1,1,-95,6,1506,12469,72,100,0,0,0
1244,7,4,768,0,192,5,6,7,1,2,-70,2,1283,13385,78,100,1,0,0
1243,16,11,1280,0,158,3,15,6,1,1,-70,0,500,6642,35,100,1,0,0
1246,14,10,1024,0,202,2,4,7,1,1,-52,0,448,7127,71,100,1,0,0
1246,15,10,1024,0,194,2,6,7,1,1,-70,4,1542,15047,70,100,1,0,0
1246,9,4,768,10,223,3,2,7,1,1,-70,0,832,10019,78,100,2,0,0
1245,4,1,512,0,202,6,2,7,1,1,-66,8,2500,17490,83,100,1,0,0
1246,5,1,512,0,205,6,1,6,1,1,-94,0,464,6272,83,100,1,0,0
1247,21,20,1536,0,218,2,6,5,1,1,-52,0,965,10213,60,100,2,0,0
1247,6,3,768,0,185,1,7,7,1,1,-70,0,628,6326,58,100,1,0,0
1248,19,15,1280,0,196,3,4,7,1,1,-52,0,366,6869,70,100,1,0,0
1248,3,1,512,0,205,6,2,7,1,2,-64,1,897,8514,80,100,1,0,0
1249,20,15,1280,0,208,3,5,7,1,1,-70,1,825,9357,65,100,1,0,0
1249,12,8,1024,0,193,4,13,7,1,1,-52,1,1200,14253,65,100,2,0,0
1250,18,15,1280,0,183,2,4,5,1,1,-70,0,449,5844,70,100,1,0,0
1249,11,7,1024,0,217,4,6,7,1,1,-52,1,738,9685,75,100,1,0,0
1250,1,0,256,0,9,0,0,4,0,0,0,10,2938,27017,1395,100,2,0,0
1250,2,1,512,0,201,7,1,6,1,1,-88,7,3323,21238,83,100,2,0,0
1250,9,4,768,0,224,3,2,7,1,1,-70,0,476,6193,79,100,1,0,0
1250,5,1,512,0,206,6,1,6,1,1,-94,0,365,4827,83,100,1,0,0
1250,17,12,1280,0,200,3,5,7,1,1,-70,0,579,7419,65,100,1,0,0
1252,7,4,768,0,195,5,6,7,1,2,-70,2,1200,12325,78,100,1,0,0
1251,13,8,1024,0,198,2,8,6,1,1,-70,0,750,8807,56,100,2,0,0
1251,6,3,768,0,187,1,7,7,1,1,-70,0,472,4542,58,100,1,0,0
1252,3,1,512,0,206,6,2,7,1,2,-64,1,655,6687,80,100,1,0,0
1253,15,10,1024,0,196,2,6,7,1,1,-70,4,1870,16743,71,100,2,0,0
1251,16,11,1280,0,158,3,15,6,1,1,-70,0,366,7046,36,100,1,0,0
1252,8,4,768,0,200,5,4,7,1,2,-52,3,2203,21545,78,100,2,0,0
1253,12,8,1024,10,194,4,13,7,1,1,-52,1,636,6286,65,100,1,0,0
1255,19,15,1280,0,198,3,4,7,1,1,-52,0,523,7172,70,100,1,0,0
1255,11,7,1024,0,220,4,6,7,1,1,-52,1,1076,10827,76,100,1,0,0
1255,10,2,768,10,204,2,4,7,1,1,-95,6,2776,23422,72,100,2,0,0
1256,14,10,1024,0,204,2,4,7,1,1,-52,0,700,9542,72,100,2,0,0
1257,9,4,768,0,225,3,2,7,1,1,-70,0,389,7500,79,100,1,0,0
1256,4,1,512,20,204,6,2,7,1,1,-66,8,3790,28457,83,100,2,0,0
1257,7,4,768,0,197,6,6,7,1,2,-70,2,1232,9627,78,100,1,0,0
1258,21,20,1536,0,221,2,6,5,1,1,-52,0,832,11096,61,100,2,0,0
1259,1,0,256,0,9,0,0,4,0,0,0,10,2273,22194,1407,100,2,0,0
1258,13,8,1024,0,200,2,8,6,1,1,-70,0,554,6495,57,100,1,0,0
1257,18,15,1280,0,184,2,4,5,1,1,-70,0,569,8386,71,100,2,0,0
1258,19,15,1280,0,199,3,4,7,1,1,-52,0,424,5119,71,100,1,0,0
1259,8,4,768,10,202,5,4,7,1,2,-52,3,1163,12353,79,100,1,0,0
1260,5,1,512,10,209,6,1,6,1,1,-94,0,724,11566,83,100,2,0,0
1259,20,15,1280,0,210,3,5,7,1,1,-70,1,1237,14729,65,100,3,0,0
1259,17,12,1280,0,204,3,5,7,1,1,-70,0,914,9570,66,100,2,0,0
1261,2,1,512,10,204,7,1,6,1,1,-88,7,2874,20701,84,100,2,0,0
1261,10,2,768,0,205,2,4,7,1,1,-95,6,1723,12876,73,100,1,0,0
1261,15,10,1024,10,198,2,6,7,1,1,-70,4,2098,20758,72,100,1,0,0
1259,16,11,1280,0,161,3,15,6,1,1,-70,0,621,7934,36,100,2,0,0
1262,13,8,1024,0,201,2,8,6,1,1,-70,0,367,3898,57,100,1,0,0
1262,12,8,1024,0,196,4,13,7,1,1,-52,1,1143,12008,66,100,2,0,0
1263,6,3,768,10,190,1,7,7,1,1,-70,0,804,11017,59,100,2,0,0
1263,3,1,512,0,213,6,2,7,1,2,-64,1,1737,18208,81,100,2,0,0
1263,14,10,1024,0,206,2,4,7,1,1,-52,0,644,8508,72,100,2,0,0
1262,21,20,1536,0,222,2,6,5,1,1,-52,0,393,6283,61,100,1,0,0
1264,4,1,512,0,207,6,2,7,1,1,-66,8,3147,21696,84,100,1,0,0
1266,11,7,1024,0,223,4,6,7,1,1,-52,1,1195,14996,76,100,2,0,0
1265,10,2,768,0,207,2,4,7,1,1,-95,6,1341,9408,73,100,1,0,0
1266,5,1,512,0,210,6,1,6,1,1,-94,0,490,7865,84,100,1,0,0
1265,18,15,1280,10,186,2,4,5,1,1,-70,0,500,6676,71,100,1,0,0
1266,8,4,768,0,205,5,4,7,1,2,-52,3,1781,15286,79,100,2,0,0
1265,19,15,1280,0,201,3,4,7,1,1,-52,0,499,5600,71,100,1,0,0
1268,7,4,768,0,201,6,6,7,1,2,-70,2,1595,17327,79,100,2,0,0
1265,20,15,1280,10,211,3,5,7,1,1,-70,1,715,7615,66,100,1,0,0
1266,17,12,1280,0,205,3,5,7,1,1,-70,0,392,6351,66,100,1,0,0
1268,3,1,512,0,213,6,2,7,1,2,-64,1,372,6746,81,100,1,0,0
1267,12,8,1024,10,196,4,13,7,1,1,-52,1,528,6355,66,100,1,0,0
1269,9,4,768,0,229,3,2,7,1,1,-70,0,958,14216,80,100,3,0,0
1269,16,11,1280,10,164,3,15,6,1,1,-70,0,784,8413,37,100,2,0,0
1269,15,10,1024,0,199,2,6,7,1,1,-70,4,1823,17659,72,100,2,0,0
1271,1,0,256,0,9,0,0,4,0,0,0,10,3107,28912,1422,100,2,0,0
1270,10,2,768,0,208,2,4,7,1,1,-95,6,1338,10391,73,100,1,0,0
1271,2,1,512,0,208,7,1,6,1,1,-88,7,3103,20106,85,100,2,0,0
1270,20,15,1280,0,212,3,5,7,1,1,-70,1,546,6271,66,100,1,0,0
1272,12,8,1024,0,198,4,13,7,1,1,-52,1,640,6368,67,100,1,0,0
1272,5,1,512,0,211,6,1,6,1,1,-94,0,389,6964,84,100,1,0,0
1272,4,1,512,10,208,6,2,7,1,1,-66,8,2735,19474,84,100,2,0,0
1272,19,15,1280,0,202,3,4,7,1,1,-52,0,489,6264,71,100,2,0,0
1270,21,20,1536,0,224,2,6,5,1,1,-52,0,676,7490,62,100,2,0,0
1273,13,8,1024,0,205,2,8,6,1,1,-70,0,937,10871,58,100,2,0,0
1273,6,3,768,0,193,1,7,7,1,1,-70,0,830,10273,60,100,2,0,0
1274,15,10,1024,0,201,2,6,7,1,1,-70,4,1456,12287,72,100,1,0,0
1274,8,4,768,10,207,5,4,7,1,2,-52,3,1745,15639,80,100,1,0,0
1275,1,0,256,0,9,0,0,4,0,0,0,10,1112,10382,1429,100,1,0,0
1273,17,12,1280,10,206,3,5,7,1,1,-70,0,392,5867,66,100,1,0,0
1275,7,4,768,0,204,6,6,7,1,2,-70,2,1256,12483,80,100,2,0,0
1274,14,10,1024,10,210,2,4,7,1,1,-52,0,807,10494,73,100,2,0,0
1275,16,11,1280,0,165,3,15,6,1,1,-70,0,394,5481,37,100,1,0,0
1277,11,7,1024,0,226,4,6,7,1,1,-52,1,1423,18147,77,100,2,0,0
1277,18,15,1280,10,191,2,4,5,1,1,-70,0,1070,11842,72,100,2,0,0
1277,10,2,768,0,208,2,4,7,1,1,-95,6,2136,15850,74,100,1,0,0
1277,13,8,1024,0,205,2,8,6,1,1,-70,0,261,3906,58,100,1,0,0
1277,9,4,768,0,231,4,2,7,1,1,-70,0,698,10498,80,100,2,0,0
1279,3,1,512,0,215,6,2,7,1,2,-64,1,995,15182,82,100,1,0,0
1279,5,1,512,0,211,6,1,6,1,1,-94,0,333,6333,85,100,1,0,0
1279,20,15,1280,0,212,3,5,7,1,1,-70,1,739,10838,67,100,1,0,0
1280,15,10,1024,10,202,2,6,7,1,1,-70,4,1219,12835,73,100,1,0,0
1280,6,3,768,0,194,2,7,7,1,1,-70,0,756,7618,60,100,1,0,0
1279,17,12,1280,0,208,3,5,7,1,1,-70,0,580,6828,67,100,1,0,0
1282,4,1,512,0,210,6,2,7,1,1,-66,8,3282,23663,85,100,2,0,0
1282,2,1,512,20,212,7,1,6,1,1,-88,7,3161,20915,85,100,2,0,0
1282,7,4,768,0,206,6,6,7,1,2,-70,2,1039,11387,80,100,1,0,0
1278,21,20,1536,10,227,2,6,5,1,1,-52,0,630,7375,63,100,1,0,0
1282,8,4,768,0,207,5,4,7,1,2,-52,3,1147,14032,80,100,1,0,0
1280,14,10,1024,0,212,2,4,7,1,1,-52,0,608,6283,73,100,1,0,0
1282,16,11,1280,10,168,3,15,6,1,1,-70,0,580,7291,38,100,1,0,0
1283,19,15,1280,0,206,3,4,7,1,1,-52,0,938,11004,72,100,2,0,0
1283,12,8,1024,0,202,4,14,7,1,1,-52,1,1414,14967,67,100,2,0,0
1284,10,2,768,0,211,2,4,7,1,1,-95,6,2178,14587,74,100,2,0,0
1284,15,10,1024,0,202,2,6,7,1,1,-70,4,905,9749,73,100,0,0,0
1286,18,15,1280,0,193,2,4,5,1,1,-70,0,623,8435,72,100,2,0,0
1286,1,0,256,0,9,0,0,4,0,0,0,10,2832,28227,1444,100,2,0,0
1286,5,1,512,10,216,6,1,6,1,1,-94,0,841,10838,85,100,1,0,0
1287,7,4,768,0,207,6,6,7,1,2,-70,2,837,8044,80,100,1,0,0
1287,9,4,768,0,234,4,2,7,1,1,-70,0,736,12407,81,100,1,0,0
1287,17,12,1280,0,208,3,5,7,1,1,-70,0,382,6293,67,100,2,0,0
1289,11,7,1024,10,228,4,6,7,1,1,-52,1,1285,17815,78,100,2,0,0
1289,3,1,512,0,215,6,2,7,1,2,-64,1,1247,17350,83,100,3,0,0
1288,21,20,1536,0,231,2,6,5,1,1,-52,0,891,8421,63,100,2,0,0
1288,16,11,1280,0,170,3,15,6,1,1,-70,0,608,6104,38,100,1,0,0
1289,15,10,1024,30,203,2,6,7,1,1,-70,4,1226,12158,73,100,1,0,0
1289,13,8,1024,0,209,2,8,6,1,1,-70,0,937,11444,59,100,2,0,0
1289,19,15,1280,0,207,3,4,7,1,1,-52,0,449,5967,73,100,1,0,0
1289,20,15,1280,0,215,3,5,7,1,1,-70,1,1601,14136,67,100,2,0,0
1291,7,4,768,0,209,6,6,7,1,2,-70,2,824,7690,81,100,0,0,0
1291,2,1,512,10,215,7,1,6,1,1,-88,7,2863,19108,86,100,1,0,0
1291,6,3,768,0,199,2,7,7,1,1,-70,0,1042,11226,61,100,2,0,0
1290,10,2,768,0,211,2,4,7,1,1,-95,6,1787,15370,75,100,1,0,0
1292,1,0,256,0,9,0,0,4,0,0,0,10,1503,14701,1452,100,1,0,0
1291,14,10,1024,0,214,2,4,7,1,1,-52,0,724,10273,74,100,2,0,0
1292,4,1,512,0,213,6,2,7,1,1,-66,8,3966,28952,86,100,4,0,0
1294,8,4,768,10,208,5,4,7,1,2,-52,3,2030,22493,81,100,2,0,0
1294,12,8,1024,0,207,4,14,7,1,1,-52,1,1668,14616,68,100,2,0,0
1295,3,1,512,0,218,6,2,7,1,2,-64,1,897,9473,83,100,1,0,0
1294,15,10,1024,0,205,2,6,7,1,1,-70,4,1295,11689,74,100,1,0,0
1295,21,20,1536,10,231,2,6,5,1,1,-52,0,285,6262,63,100,1,0,0
1295,20,15,1280,0,218,3,5,7,1,1,-70,1,972,8928,68,100,1,0,0
1296,5,1,512,10,222,6,1,6,1,1,-94,0,1063,13230,86,100,2,0,0
1297,13,8,1024,10,212,2,8,6,1,1,-70,0,606,7512,59,100,1,0,0
1296,2,1,512,10,215,7,1,6,1,1,-88,7,1403,10213,86,100,1,0,0
1298,9,4,768,0,237,4,2,7,1,1,-70,0,927,13353,82,100,2,0,0
1296,18,15,1280,10,196,2,4,5,1,1,-70,0,724,10569,73,100,2,0,0
1297,17,12,1280,0,211,4,5,7,1,1,-70,0,911,10504,68,100,2,0,0
1297,14,10,1024,10,216,2,4,7,1,1,-52,0,393,5213,74,100,1,0,0
1299,8,4,768,0,208,5,5,7,1,2,-52,3,1079,10673,81,100,2,0,0
1299,1,0,256,0,9,0,0,4,0,0,0,10,1524,16329,1458,100,1,0,0
1299,3,1,512,0,219,6,2,7,1,2,-64,1,352,6215,83,100,0,0,0
1300,16,11,1280,10,173,3,15,6,1,1,-70,0,934,11119,39,100,2,0,0
1300,7,4,768,0,210,6,6,7,1,2,-70,2,1078,13687,81,100,2,0,0
1298,19,15,1280,0,209,3,4,7,1,1,-52,0,714,10153,73,100,2,0,0
1301,11,7,1024,0,229,4,6,7,1,1,-52,1,1274,18327,79,100,2,0,0
1301,6,3,768,0,199,2,7,7,1,1,-70,0,485,9352,62,100,2,0,0
1302,2,1,512,10,215,7,1,6,1,1,-88,7,1363,10456,87,100,1,0,0
1302,15,10,1024,0,206,2,6,7,1,1,-70,4,1850,17399,74,100,2,0,0
1302,10,2,768,10,213,2,4,7,1,1,-95,6,2993,23990,76,100,2,0,0
1304,1,0,256,0,9,0,0,4,0,0,0,10,1324,12044,1468,100,1,0,0
1303,14,10,1024,0,217,2,4,7,1,1,-52,0,556,6371,75,100,1,0,0
1304,12,8,1024,0,211,4,14,7,1,1,-52,1,1268,13559,69,100,2,0,0
1304,4,1,512,10,216,6,2,7,1,1,-66,8,4058,30095,87,100,2,0,0
1305,5,1,512,0,224,6,1,6,1,1,-94,0,802,11050,87,100,2,0,0
1305,9,4,768,0,240,4,2,7,1,1,-70,0,701,9092,82,100,2,0,0
1305,15,10,1024,10,208,2,6,7,1,1,-70,4,809,10082,74,100,0,0,0
1306,20,15,1280,10,222,3,5,7,1,1,-70,1,1231,13705,68,100,2,0,0
1308,13,8,1024,0,215,2,8,6,1,1,-70,0,831,10804,60,100,2,0,0
1306,21,20,1536,0,236,2,6,5,1,1,-52,0,1047,11070,64,100,2,0,0
1306,18,15,1280,0,200,2,4,5,1,1,-70,0,1023,11195,74,100,2,0,0
1309,8,4,768,10,212,5,5,7,1,2,-52,3,1979,19468,82,100,2,0,0
1308,17,12,1280,0,214,4,5,7,1,1,-70,0,808,10138,69,100,2,0,0
1309,3,1,512,20,221,6,2,7,1,2,-64,1,1143,15978,84,100,2,0,0
1307,19,15,1280,0,212,3,4,7,1,1,-52,0,711,9181,74,100,1,0,0
1309,6,3,768,0,201,2,7,7,1,1,-70,0,520,7462,62,100,1,0,0
1310,11,7,1024,0,232,4,7,7,1,1,-52,1,1097,15370,79,100,3,0,0
1311,16,11,1280,0,176,3,15,6,1,1,-70,0,984,11347,40,100,2,0,0
1308,20,15,1280,0,223,3,5,7,1,1,-70,1,703,5964,69,100,1,0,0
1310,7,4,768,0,213,6,6,7,1,2,-70,2,1667,18479,82,100,2,0,0
1312,5,1,512,0,225,6,1,6,1,1,-94,0,390,7559,87,100,1,0,0
1314,2,1,512,10,220,7,1,6,1,1,-88,7,3277,21418,87,100,2,0,0
1312,10,2,768,10,215,2,4,7,1,1,-95,6,2833,22213,76,100,2,0,0
1310,21,20,1536,0,237,2,6,5,1,1,-52,0,450,6241,65,100,1,0,0
1313,14,10,1024,0,219,3,4,7,1,1,-52,0,990,10236,76,100,2,0,0
1315,13,8,1024,0,218,2,8,6,1,1,-70,0,853,7797,61,100,2,0,0
1314,15,10,1024,0,209,2,6,7,1,1,-70,4,2271,19542,75,100,2,0,0
1316,1,0,256,0,9,0,0,4,0,0,0,10,2739,27651,1481,100,2,0,0
1314,18,15,1280,0,202,2,4,5,1,1,-70,0,525,6779,74,100,1,0,0
1316,4,1,512,0,220,6,2,7,1,1,-66,8,3443,27102,87,100,2,0,0
1314,19,15,1280,10,213,3,4,7,1,1,-52,0,368,5092,74,100,1,0,0
1315,12,8,1024,10,214,4,14,7,1,1,-52,1,1280,15114,69,100,2,0,0
1316,8,4,768,10,213,5,5,7,1,2,-52,3,1461,16297,82,100,2,0,0
1316,9,4,768,10,244,4,2,7,1,1,-70,0,749,14050,83,100,2,0,0
1316,7,4,768,10,214,6,6,7,1,2,-70,2,765,9871,83,100,1,0,0
1320,3,1,512,0,222,6,2,7,1,2,-64,1,1094,14784,85,100,2,0,0
1315,17,12,1280,0,216,4,5,7,1,1,-70,0,524,7242,69,100,1,0,0
1319,6,3,768,10,204,2,7,7,1,1,-70,0,780,9546,63,100,2,0,0
1319,5,1,512,10,226,6,1,6,1,1,-94,0,306,8337,87,100,1,0,0
1318,16,11,1280,10,179,3,15,6,1,1,-70,0,729,8248,40,100,2,0,0
1322,4,1,512,10,223,6,2,7,1,1,-66,8,2477,16754,88,100,1,0,0
1320,11,7,1024,0,238,4,7,7,1,1,-52,1,1802,19041,80,100,2,0,0
1321,8,4,768,10,213,5,5,7,1,2,-52,3,881,9945,83,100,1,0,0
1321,15,10,1024,0,210,2,6,7,1,1,-70,4,1502,16306,76,100,1,0,0
1322,10,2,768,10,219,2,4,7,1,1,-95,6,2576,20060,77,100,2,0,0
1323,1,0,256,0,9,0,0,4,0,0,0,10,1836,18094,1493,100,1,0,0
1322,20,15,1280,0,226,3,5,7,1,1,-70,1,1180,14282,69,100,2,0,0
1324,2,1,512,10,221,7,1,6,1,1,-88,7,2743,19290,88,100,2,0,0
1322,16,11,1280,10,182,3,15,6,1,1,-70,0,608,5269,41,100,1,0,0
1324,14,10,1024,10,222,3,4,7,1,1,-52,0,645,9423,76,100,2,0,0
1324,7,4,768,0,216,6,6,7,1,2,-70,2,1512,12968,83,100,2,0,0
1322,21,20,1536,0,240,2,6,5,1,1,-52,0,775,10704,65,100,2,0,0
1324,19,15,1280,10,217,3,4,7,1,1,-52,0,915,9942,75,100,2,0,0
1324,17,12,1280,0,217,4,5,7,1,1,-70,0,569,8250,70,100,2,0,0
1325,6,3,768,0,205,2,7,7,1,1,-70,0,511,6373,63,100,2,0,0
1325,9,4,768,0,248,4,2,7,1,1,-70,0,1118,12127,84,100,2,0,0
1326,5,1,512,10,227,6,1,6,1,1,-94,0,572,8567,88,100,1,0,0
1326,18,15,1280,0,206,2,4,5,1,1,-70,0,914,10621,75,100,2,0,0
1327,10,2,768,10,221,2,4,7,1,1,-95,6,1398,9480,77,100,0,0,0
1327,12,8,1024,0,215,4,14,7,1,1,-52,1,1341,15022,70,100,3,0,0
1327,13,8,1024,0,222,2,8,6,1,1,-70,0,881,11325,61,100,2,0,0
1328,1,0,256,0,9,0,0,4,0,0,0,10,1187,11935,1498,100,1,0,0
1330,3,1,512,0,224,6,2,7,1,2,-64,1,1169,15734,85,100,2,0,0
1329,2,1,512,0,222,7,1,6,1,1,-88,7,1557,10989,88,100,1,0,0
1329,7,4,768,0,217,6,6,7,1,2,-70,2,601,7519,83,100,1,0,0
1330,19,15,1280,0,219,3,4,7,1,1,-52,0,500,5589,75,100,1,0,0
1330,11,7,1024,0,241,4,7,7,1,1,-52,1,1449,15511,81,100,2,0,0
1331,4,1,512,0,225,6,2,7,1,1,-66,8,3428,24895,88,100,2,0,0
1330,15,10,1024,0,211,2,7,7,1,1,-70,4,2117,20473,76,100,3,0,0
1332,20,15,1280,0,229,3,5,7,1,1,-70,1,1308,13472,70,100,2,0,0
1333,10,2,768,10,221,2,4,7,1,1,-95,6,1461,12844,78,100,2,0,0
1333,8,4,768,0,216,5,5,7,1,2,-52,3,2081,22667,84,100,2,0,0
1333,9,4,768,0,250,4,2,7,1,1,-70,0,523,8940,84,100,1,0,0
1333,17,12,1280,0,222,4,5,7,1,1,-70,0,868,9373,70,100,1,0,0
1335,1,0,256,0,9,0,0,4,0,0,0,10,1599,15803,1509,100,1,0,0
1335,14,10,1024,0,228,3,4,7,1,1,-52,0,1236,11661,77,100,2,0,0
1335,12,8,1024,0,217,4,14,7,1,1,-52,1,1024,10354,71,100,1,0,0
1334,16,11,1280,0,184,3,15,6,1,1,-70,0,726,11013,41,100,2,0,0
1333,21,20,1536,10,243,2,6,5,1,1,-52,0,808,10417,66,100,2,0,0
1335,7,4,768,0,219,6,6,7,1,2,-70,2,973,10023,84,100,1,0,0
1337,15,10,1024,0,211,2,7,7,1,1,-70,4,1176,12759,77,100,1,0,0
1337,2,1,512,0,223,7,1,6,1,1,-88,7,2388,15802,89,100,2,0,0
1336,6,3,768,0,206,2,7,7,1,1,-70,0,493,10151,64,100,1,0,0
1337,10,2,768,10,224,2,4,7,1,1,-95,6,1484,10121,78,100,0,0,0
1338,5,1,512,0,231,6,1,6,1,1,-94,0,1052,14404,89,100,3,0,0
1337,18,15,1280,0,210,2,4,5,1,1,-70,0,939,10716,76,100,2,0,0
1339,13,8,1024,0,225,2,8,6,1,1,-70,0,831,10865,62,100,2,0,0
1338,11,7,1024,10,241,4,7,7,1,1,-52,1,800,13166,81,100,2,0,0
1340,1,0,256,0,9,0,0,4,0,0,0,10,1271,12616,1513,100,2,0,0
1341,3,1,512,0,227,6,2,7,1,2,-64,1,1174,17826,86,100,2,0,0
1341,19,15,1280,0,222,3,4,7,1,1,-52,0,807,9711,76,100,2,0,0
1340,7,4,768,0,222,6,6,7,1,2,-70,2,935,9008,84,100,1,0,0
1341,6,3,768,0,207,2,7,7,1,1,-70,0,504,4745,64,100,1,0,0
1342,4,1,512,0,227,6,2,7,1,1,-66,8,3432,26110,89,100,1,0,0
1342,20,15,1280,0,229,3,5,7,1,1,-70,1,932,11687,71,100,2,0,0
1342,17,12,1280,0,224,4,5,7,1,1,-70,0,676,7798,71,100,2,0,0
1343,12,8,1024,0,221,4,14,7,1,1,-52,1,1061,10483,71,100,1,0,0
1342,8,4,768,0,220,5,5,7,1,2,-52,3,2073,18878,84,100,1,0,0
1344,14,10,1024,0,229,3,4,7,1,1,-52,0,595,8216,78,100,2,0,0
1344,10,2,768,0,225,2,4,7,1,1,-95,6,1665,13741,78,100,2,0,0
1343,9,4,768,10,252,4,2,7,1,1,-70,0,701,11431,85,100,2,0,0
1343,16,11,1280,0,186,3,15,6,1,1,-70,0,581,8215,42,100,1,0,0
1344,11,7,1024,0,242,4,7,7,1,1,-52,1,865,9506,82,100,1,0,0
1345,21,20,1536,0,248,2,6,5,1,1,-52,0,1023,9821,67,100,2,0,0
1347,2,1,512,20,227,7,1,6,1,1,-88,7,2589,18038,90,100,1,0,0
1346,17,12,1280,0,226,4,5,7,1,1,-70,0,475,4386,71,100,1,0,0
1347,5,1,512,0,232,6,1,6,1,1,-94,0,439,10754,89,100,1,0,0
1346,18,15,1280,0,210,2,4,5,1,1,-70,0,407,7742,76,100,2,0,0
1347,9,4,768,0,252,4,2,7,1,1,-70,0,285,5083,85,100,1,0,0
1348,15,10,1024,0,212,2,7,7,1,1,-70,4,2373,24599,77,100,2,0,0
1349,3,1,512,0,230,6,2,7,1,2,-64,1,1180,11928,87,100,2,0,0
1349,20,15,1280,0,231,3,5,7,1,1,-70,1,959,9169,71,100,1,0,0
1349,13,8,1024,10,228,2,8,6,1,1,-70,0,783,9447,63,100,2,0,0
1350,19,15,1280,10,226,3,4,7,1,1,-52,0,858,8891,77,100,2,0,0
1351,1,0,256,0,9,0,0,4,0,0,0,10,2721,26022,1531,100,1,0,0
1350,7,4,768,0,225,6,6,7,1,2,-70,2,1473,16106,85,100,1,0,0
1350,8,4,768,0,222,5,5,7,1,2,-52,3,1599,15783,85,100,2,0,0
1350,17,12,1280,0,228,4,5,7,1,1,-70,0,434,4631,72,100,0,0,0
1352,4,1,512,0,230,6,2,7,1,1,-66,8,4175,27520,90,100,3,0,0
1351,14,10,1024,0,231,3,4,7,1,1,-52,0,589,8144,78,100,1,0,0
1350,16,11,1280,0,190,3,15,6,1,1,-70,0,835,7937,42,100,2,0,0
1351,6,3,768,10,210,2,7,7,1,1,-70,0,898,10383,65,100,2,1,3
1353,12,8,1024,0,222,4,14,7,1,1,-52,1,1276,14009,72,100,2,1,3
1353,10,2,768,10,225,2,4,7,1,1,-95,6,2241,19076,79,100,1,0,0
1354,18,15,1280,0,214,2,4,5,1,1,-70,0,793,8011,77,100,1,0,0
1355,2,1,512,10,229,7,1,6,1,1,-88,7,2294,16465,90,100,2,0,0
1356,15,10,1024,10,214,2,7,7,1,1,-70,4,2023,19156,78,100,1,0,0
1355,17,12,1280,0,231,4,5,7,1,1,-70,0,606,5117,72,100,1,0,0
1356,11,7,1024,0,247,4,7,7,1,1,-52,1,1437,16567,82,100,2,0,0
1355,21,20,1536,0,249,3,6,5,1,1,-52,0,618,9172,67,100,2,0,0
1357,8,4,768,0,223,5,5,7,1,2,-52,3,1049,11294,85,100,1,0,0
1356,16,11,1280,0,191,3,15,6,1,1,-70,0,425,4663,43,100,1,0,0
1358,9,4,768,10,255,4,2,7,1,1,-70,0,711,11324,86,100,1,1,3
1358,6,3,768,0,211,2,8,7,1,1,-70,0,443,6071,65,100,2,1,3
1358,5,1,512,10,234,6,1,6,1,1,-94,0,787,13231,90,100,2,0,0
1359,19,15,1280,0,230,3,4,7,1,1,-52,0,891,9194,77,100,2,0,0
1359,13,8,1024,20,231,2,8,6,1,1,-70,0,700,9587,64,100,2,1,3
1360,3,1,512,0,233,6,2,7,1,2,-64,1,1412,18316,88,100,2,0,0
1359,20,15,1280,0,233,3,5,7,1,1,-70,1,1086,13459,72,100,2,0,0
1358,14,10,1024,0,232,3,4,7,1,1,-52,0,448,6619,79,100,1,0,0
1360,21,20,1536,0,250,3,6,5,1,1,-52,0,448,5181,68,100,1,0,0
1360,12,8,1024,0,223,4,14,7,1,1,-52,1,838,9137,72,100,1,1,3
1360,1,0,256,0,9,0,0,4,0,0,0,10,2204,23325,1540,100,2,0,0
1359,10,2,768,10,226,2,4,7,1,1,-95,6,2251,16164,79,100,2,0,0
1360,7,4,768,0,230,6,6,7,1,2,-70,2,1921,16738,85,100,2,0,0
1362,4,1,512,0,232,6,2,7,1,1,-66,8,3362,24954,90,100,1,0,0
1361,18,15,1280,0,218,2,4,5,1,1,-70,0,810,7101,77,100,2,0,0
1363,11,7,1024,0,249,4,7,7,1,1,-52,1,868,11103,83,100,2,0,0
1363,2,1,512,10,232,7,1,6,1,1,-88,7,2522,15877,91,100,2,0,0
1362,19,15,1280,0,230,3,4,7,1,1,-52,0,188,4471,77,100,0,0,0
1363,20,15,1280,0,233,3,5,7,1,1,-70,1,483,6135,72,100,0,0,0
1364,12,8,1024,10,225,4,15,7,1,1,-52,1,643,6596,73,100,2,1,3
1363,14,10,1024,0,235,3,4,7,1,1,-52,0,600,5292,79,100,2,0,0
1364,17,12,1280,0,232,4,5,7,1,1,-70,0,583,8045,72,100,2,0,0
1365,21,20,1536,0,252,3,6,5,1,1,-52,0,475,4720,68,100,1,0,0
1366,15,10,1024,0,216,2,7,7,1,1,-70,4,3025,25795,79,100,4,0,0
1365,8,4,768,10,225,5,5,7,1,2,-52,3,1766,16922,86,100,2,0,0
1366,13,8,1024,0,232,2,8,6,1,1,-70,0,517,7117,64,100,2,1,3
1366,16,11,1280,0,195,3,15,6,1,1,-70,0,756,10072,43,100,2,0,0
1367,20,15,1280,10,236,3,5,7,1,1,-70,1,789,5417,72,100,2,0,0
1367,19,15,1280,0,233,3,4,7,1,1,-52,0,531,5220,78,100,1,0,0
1369,7,4,768,10,236,6,6,7,1,2,-70,2,1653,14496,86,100,4,0,0
1369,3,1,512,0,236,6,2,7,1,2,-64,1,1223,15232,88,100,3,0,0
1368,11,7,1024,10,254,4,7,7,1,1,-52,1,1085,9231,83,100,2,0,0
1370,5,1,512,0,236,6,1,6,1,1,-94,0,812,14531,91,100,2,0,0
1368,10,2,768,0,229,2,4,7,1,1,-95,6,2656,20082,80,100,3,1,3
1369,9,4,768,0,258,4,3,7,1,1,-70,0,790,13943,86,100,5,1,3
1370,6,3,768,0,216,2,10,7,1,1,-70,0,1098,12427,66,100,4,1,3
1370,18,15,1280,0,222,2,4,5,1,1,-70,0,817,10050,78,100,1,0,0
1372,1,0,256,0,9,0,0,4,0,0,0,10,2835,27990,1557,100,2,0,0
1371,14,10,1024,0,237,3,4,7,1,1,-52,0,670,7489,80,100,3,0,0
1372,16,11,1280,0,196,3,15,6,1,1,-70,0,444,5265,44,100,2,0,0
1372,8,4,768,20,227,5,5,7,1,2,-52,3,1059,12867,86,100,3,0,0
1372,12,8,1024,10,226,4,17,7,1,1,-52,1,926,9663,73,100,5,1,3
1373,4,1,512,30,241,6,2,7,1,1,-66,8,4885,31860,91,100,5,0,0
1373,7,4,768,0,237,6,6,7,1,2,-70,2,934,7959,86,100,0,0,0
1374,3,1,512,0,238,6,2,7,1,2,-64,1,767,7716,88,100,1,0,0
1373,19,15,1280,0,235,3,4,7,1,1,-52,0,499,5755,78,100,1,0,0
1373,21,20,1536,0,252,3,6,5,1,1,-52,0,389,8467,69,100,1,0,0
1374,13,8,1024,10,235,2,8,7,1,1,-70,0,623,7822,65,100,2,1,3
1375,2,1,512,10,235,7,1,6,1,1,-88,7,3277,22216,91,100,3,0,0
1375,5,1,512,0,238,6,1,6,1,1,-94,0,491,7013,91,100,2,0,0
1376,6,3,768,0,218,2,11,7,1,1,-70,0,503,5126,66,100,2,1,3
1376,1,0,256,0,9,0,0,4,0,0,0,10,1229,11223,1563,100,1,0,0
1376,11,7,1024,10,256,4,7,7,1,1,-52,1,1042,12406,84,100,2,0,0
1375,18,15,1280,0,224,2,4,5,1,1,-70,0,500,5475,78,100,1,0,0
1375,17,12,1280,0,239,4,5,7,1,1,-70,0,1241,11841,73,100,5,0,0
1376,15,10,1024,0,221,2,7,7,1,1,-70,4,2745,24435,79,100,3,0,0
1378,9,4,768,0,260,4,5,7,1,1,-70,0,776,10786,87,100,5,1,3
1377,20,15,1280,0,240,3,5,7,1,1,-70,1,1313,13224,73,100,4,0,0
1377,10,2,768,0,231,2,6,7,1,1,-95,6,2676,19290,81,100,5,1,3
1379,4,1,512,20,241,7,2,7,1,1,-66,8,1923,14382,91,100,1,0,0
1380,12,8,1024,0,227,4,19,7,1,1,-52,1,927,11190,74,100,4,1,3
1380,3,1,512,0,241,6,2,7,1,2,-64,1,1043,10253,89,100,3,0,0
1379,14,10,1024,0,241,3,4,7,1,1,-52,0,725,8052,80,100,3,0,0
1382,2,1,512,10,239,7,1,6,1,1,-88,7,2226,12912,92,100,4,0,0
1380,17,12,1280,0,242,4,5,7,1,1,-70,0,634,5166,74,100,2,0,0
1381,7,4,768,0,242,6,6,7,1,2,-70,2,1305,13550,87,100,4,0,0
1382,8,4,768,0,232,5,5,7,1,2,-52,3,2384,19727,87,100,3,0,0
1382,18,15,1280,0,227,3,4,5,1,1,-70,0,833,6657,79,100,3,0,0
1382,13,8,1024,0,242,2,10,7,1,1,-70,0,1255,9089,65,100,6,1,3
1383,16,11,1280,0,204,3,15,6,1,1,-70,0,1275,11060,44,100,4,0,0
1383,20,15,1280,0,245,3,5,7,1,1,-70,1,957,8143,73,100,2,0,0
1384,1,0,256,0,9,0,0,4,0,0,0,10,1832,19048,1573,100,1,0,0
1383,19,15,1280,0,235,3,4,7,1,1,-52,0,486,9083,79,100,2,0,0
1384,4,1,512,0,242,7,2,7,1,1,-66,8,2101,14742,92,100,3,0,0
1385,6,3,768,0,221,2,13,7,1,1,-70,0,856,9558,67,100,5,1,3
1384,21,20,1536,0,256,3,6,5,1,1,-52,0,852,10063,69,100,3,0,0
1384,10,2,768,10,232,2,8,7,1,1,-95,6,1812,14897,81,100,4,1,3
1387,3,1,512,0,242,6,2,7,1,2,-64,1,779,10104,89,100,2,0,0
1387,5,1,512,0,244,6,1,6,1,1,-94,0,1253,14363,92,100,5,0,0
1386,14,10,1024,10,244,3,4,7,1,1,-52,0,652,6605,81,100,2,0,0
1386,17,12,1280,0,244,4,5,7,1,1,-70,0,493,5555,74,100,2,0,0
1386,8,4,768,0,234,5,5,7,1,2,-52,3,1053,11229,87,100,2,0,0
1387,15,10,1024,0,226,2,7,7,1,1,-70,4,2968,25865,80,100,4,0,0
1387,7,4,768,0,244,6,6,7,1,2,-70,2,1060,10603,87,100,2,0,0
1387,11,7,1024,0,261,4,7,7,1,1,-52,1,1709,19230,85,100,4,0,0
1387,9,4,768,0,263,4,7,7,1,1,-70,0,878,12557,88,100,6,1,3
1390,2,1,512,10,241,7,1,6,1,1,-88,7,2253,15712,92,100,2,0,0
1388,12,8,1024,0,231,4,22,7,1,1,-52,1,1530,13267,74,100,7,1,3
1388,20,15,1280,0,248,3,5,7,1,1,-70,1,1020,8157,74,100,2,0,0
1390,6,3,768,0,224,2,15,7,1,1,-70,0,654,5166,67,100,4,1,3
1389,19,15,1280,0,238,3,4,7,1,1,-52,0,606,6639,79,100,1,0,0
1390,18,15,1280,0,230,3,4,5,1,1,-70,0,624,7621,79,100,2,0,0
1390,3,1,512,10,245,6,2,7,1,2,-64,1,816,7969,90,100,1,0,0
1391,17,12,1280,0,247,4,5,7,1,1,-70,0,600,5374,74,100,2,0,0
1392,11,7,1024,0,262,4,7,7,1,1,-52,1,499,7838,85,100,2,0,0
1393,4,1,512,10,245,7,2,7,1,1,-66,8,3064,22983,92,100,3,0,0
1392,13,8,1024,10,247,2,12,7,1,1,-70,0,1072,10721,66,100,5,1,3
1394,16,11,1280,0,213,3,15,7,1,1,-70,0,1464,11559,45,100,4,0,0
1394,1,0,256,0,9,0,0,4,0,0,0,10,2570,25726,1587,100,2,0,0
1395,7,4,768,0,247,6,6,7,1,2,-70,2,1310,12505,88,100,2,0,0
1395,15,10,1024,20,230,2,7,7,1,1,-70,4,2140,18988,81,100,3,0,0
1394,19,15,1280,0,241,4,4,7,1,1,-52,0,686,5665,79,100,1,0,0
1394,14,10,1024,0,250,3,4,7,1,1,-52,0,1072,9347,81,100,3,0,0
1394,21,20,1536,0,260,3,6,5,1,1,-52,0,903,10255,70,100,4,0,0
1397,12,8,1024,0,237,4,23,7,1,1,-52,1,1283,10279,75,100,3,1,3
1397,2,1,512,10,244,7,1,6,1,1,-88,7,2561,15321,93,100,3,0,0
1395,9,4,768,0,267,4,9,7,1,1,-70,0,779,10918,88,100,5,1,3
1397,5,1,512,0,249,6,1,6,1,1,-94,0,930,13372,93,100,3,0,0
1396,10,2,768,10,239,2,11,7,1,1,-95,6,4325,28086,82,100,8,1,3
1398,4,1,512,10,245,7,2,7,1,1,-66,8,1592,11547,93,100,1,0,0
1396,8,4,768,0,237,5,5,7,1,2,-52,3,2225,21014,88,100,4,0,0
1397,20,15,1280,0,252,3,5,7,1,1,-70,1,1056,10558,74,100,2,0,0
1399,6,3,768,0,228,2,18,7,1,1,-70,0,1204,10212,68,100,6,1,3
1398,19,15,1280,0,242,4,4,7,1,1,-52,0,424,4348,80,100,1,0,0
1399,17,12,1280,10,251,4,5,7,1,1,-70,0,829,7636,75,100,2,0,0
1398,7,4,768,0,250,6,6,7,1,2,-70,2,850,9141,88,100,3,0,0
1401,18,15,1280,0,233,3,4,5,1,1,-70,0,825,10609,80,100,3,0,0
1402,12,8,1024,0,238,4,25,7,1,1,-52,1,715,6366,75,100,4,1,3
1403,3,1,512,0,248,6,2,7,1,2,-64,1,1150,17668,90,100,3,0,0
1402,16,11,1280,0,214,3,15,7,1,1,-70,0,566,7773,46,100,3,0,0
1402,15,10,1024,0,235,2,7,7,1,1,-70,4,2255,17143,81,100,2,0,0
1402,13,8,1024,0,252,2,15,7,1,1,-70,0,937,9363,66,100,7,1,3
1402,9,4,768,0,269,4,10,7,1,1,-70,0,603,7433,89,100,3,1,3
1402,14,10,1024,0,253,3,4,7,1,1,-52,0,657,7155,82,100,2,0,0
1401,11,7,1024,0,268,4,7,7,1,1,-52,1,1743,17266,86,100,4,0,0
1404,4,1,512,0,247,7,2,7,1,1,-66,8,2695,17430,93,100,2,0,0
1403,10,2,768,0,240,2,13,7,1,1,-95,6,1902,14820,82,100,4,1,3
1405,6,3,768,10,231,2,20,7,1,1,-70,0,521,5969,68,100,3,1,3
1404,8,4,768,10,241,5,5,7,1,2,-52,3,1719,15526,88,100,3,0,0
1405,1,0,256,0,9,0,0,4,0,0,0,10,2595,26797,1600,100,2,0,0
1406,12,8,1024,10,242,4,25,7,1,1,-52,1,632,5622,75,100,2,1,3
1405,20,15,1280,0,254,3,5,7,1,1,-70,1,1028,11304,75,100,3,0,0
1407,3,1,512,0,248,6,2,7,1,2,-64,1,672,7156,91,100,2,0,0
1406,5,1,512,0,253,6,1,6,1,1,-94,0,850,11356,93,100,3,0,0
1406,21,20,1536,0,265,3,6,5,1,1,-52,0,1104,11088,71,100,4,0,0
1407,2,1,512,20,248,7,1,6,1,1,-88,7,2908,20065,94,100,2,0,0
1406,15,10,1024,0,235,2,7,7,1,1,-70,4,854,10574,81,100,1,0,0
1408,7,4,768,10,253,6,6,7,1,2,-70,2,1395,13044,89,100,3,0,0
1406,16,11,1280,0,218,3,15,7,1,1,-70,0,708,7113,46,100,2,0,0
1410,4,1,512,0,248,7,2,7,1,1,-66,8,1706,13888,93,100,2,0,0
1408,10,2,768,0,243,2,15,7,1,1,-95,6,1498,11660,83,100,4,1,3
1411,6,3,768,0,232,2,21,7,1,1,-70,0,604,5981,69,100,4,1,3
1410,18,15,1280,0,237,3,4,5,1,1,-70,0,949,8602,81,100,4,0,0
1409,14,10,1024,0,255,3,4,7,1,1,-52,0,614,6995,82,100,3,0,0
1409,11,7,1024,0,274,4,7,7,1,1,-52,1,1234,11930,86,100,3,0,0
1411,12,8,1024,10,243,4,26,7,1,1,-52,1,690,6135,76,100,3,1,3
1412,1,0,256,0,9,0,0,4,0,0,0,10,1820,16656,1611,100,1,0,0
1410,19,15,1280,10,244,4,4,7,1,1,-52,0,561,10801,80,100,2,0,0
1410,17,12,1280,10,255,4,5,7,1,1,-70,0,896,11317,76,100,4,0,0
1413,3,1,512,0,249,6,2,7,1,2,-64,1,709,9723,91,100,1,0,0
1412,13,8,1024,0,256,2,17,7,1,1,-70,0,964,9369,67,100,5,1,3
1413,8,4,768,0,243,5,5,7,1,2,-52,3,1741,15792,89,100,2,0,0
1413,5,1,512,0,255,6,1,6,1,1,-94,0,566,8375,94,100,2,0,0
1413,20,15,1280,10,258,3,5,7,1,1,-70,1,1026,9507,75,100,3,0,0
1414,9,4,768,0,272,4,13,7,1,1,-70,0,845,13991,89,100,7,1,3
1414,7,4,768,10,254,6,6,7,1,2,-70,2,946,10114,89,100,2,0,0
1413,11,7,1024,0,276,4,7,7,1,1,-52,1,554,6342,86,100,2,0,0
1415,18,15,1280,0,239,3,4,5,1,1,-70,0,493,4943,81,100,2,0,0
1413,16,11,1280,0,221,3,15,7,1,1,-70,0,595,5651,46,100,3,0,0
1415,10,2,768,0,246,2,16,7,1,1,-95,6,2169,15436,83,100,3,1,3
1416,13,8,1024,0,258,2,18,7,1,1,-70,0,497,4248,67,100,3,1,3
1418,2,1,512,0,256,7,1,6,1,1,-88,7,3410,21193,94,100,4,0,0
1418,4,1,512,20,252,7,2,7,1,1,-66,8,3545,22655,94,100,3,0,0
1416,14,10,1024,0,258,3,4,7,1,1,-52,0,656,6874,83,100,2,0,0
1418,17,12,1280,10,258,4,5,7,1,1,-70,0,709,6087,76,100,2,0,0
1418,1,0,256,0,9,0,0,4,0,0,0,10,1623,15709,1619,100,2,0,0
1419,6,3,768,0,235,2,22,7,1,1,-70,0,650,8107,69,100,3,1,3
1416,15,10,1024,0,241,2,7,7,1,1,-70,4,2807,24662,82,100,4,0,0
1417,20,15,1280,0,258,3,5,7,1,1,-70,1,492,5676,76,100,1,0,0
1417,21,20,1536,0,268,3,6,5,1,1,-52,0,827,10812,72,100,3,0,0
1420,12,8,1024,0,247,4,29,7,1,1,-52,1,1443,13388,76,100,5,1,3
1420,13,8,1024,0,259,2,19,7,1,1,-70,0,446,4216,68,100,3,1,3
1422,8,4,768,0,249,5,5,7,1,2,-52,3,2054,18236,89,100,4,0,0
1420,19,15,1280,10,249,4,4,7,1,1,-52,0,1106,10422,81,100,2,0,0
1422,7,4,768,0,258,6,6,7,1,2,-70,2,1628,14050,89,100,3,0,0
1423,2,1,512,0,257,7,1,6,1,1,-88,7,1573,10889,95,100,2,0,0
1424,6,3,768,0,236,2,23,7,1,1,-70,0,474,5192,70,100,2,1,3
1423,5,1,512,0,262,6,1,6,1,1,-94,0,1234,12902,94,100,4,0,0
1424,4,1,512,10,255,7,2,7,1,1,-66,8,2245,15349,94,100,2,0,0
1423,16,11,1280,0,223,3,15,7,1,1,-70,0,695,8419,47,100,3,0,0
1424,1,0,256,0,9,0,0,4,0,0,0,10,1527,14373,1627,100,1,0,0
1425,3,1,512,0,253,6,2,7,1,2,-64,1,1678,19168,92,100,5,0,0
1423,11,7,1024,0,281,4,7,7,1,1,-52,1,1587,14792,87,100,3,0,0
1424,9,4,768,0,276,4,17,7,1,1,-70,0,1117,13270,90,100,7,1,3
1425,17,12,1280,0,260,4,5,7,1,1,-70,0,574,7128,77,100,2,0,0
1426,8,4,768,0,251,5,5,7,1,2,-52,3,934,8555,90,100,1,0,0
1425,10,2,768,0,251,2,18,7,1,1,-95,6,2695,20977,84,100,5,1,3
1426,12,8,1024,10,249,4,30,7,1,1,-52,1,903,8023,77,100,4,1,3
1424,18,15,1280,0,243,3,4,5,1,1,-70,0,908,11315,82,100,3,0,0
1428,13,8,1024,0,261,2,20,7,1,1,-70,0,545,7401,68,100,3,1,3
1429,4,1,512,0,257,7,2,7,1,1,-66,8,2070,13137,95,100,2,0,0
1427,15,10,1024,0,246,2,7,7,1,1,-70,4,2627,25335,83,100,4,0,0
1429,7,4,768,0,262,6,6,7,1,2,-70,2,1263,11968,90,100,2,0,0
1427,14,10,1024,0,262,3,4,7,1,1,-52,0,871,11071,83,100,4,0,0
1428,21,20,1536,0,273,3,6,5,1,1,-52,0,954,10398,72,100,4,0,0
1427,20,15,1280,10,264,3,5,7,1,1,-70,1,1594,15115,76,100,4,0,0
1430,11,7,1024,10,284,4,7,7,1,1,-52,1,815,10971,87,100,3,0,0
1431,1,0,256,0,9,0,0,4,0,0,0,10,1597,16833,1633,100,1,0,0
1431,5,1,512,0,266,6,1,6,1,1,-94,0,897,9881,95,100,4,0,0
1431,3,1,512,0,256,6,2,7,1,2,-64,1,837,11677,92,100,2,0,0
1431,17,12,1280,0,264,4,5,7,1,1,-70,0,714,6010,77,100,3,0,0
1432,16,11,1280,0,228,3,15,7,1,1,-70,0,889,8850,48,100,3,0,0
1430,19,15,1280,0,251,4,4,7,1,1,-52,0,751,11569,82,100,2,0,0
1432,15,10,1024,0,248,2,7,7,1,1,-70,4,1460,11425,83,100,2,0,0
1433,8,4,768,0,255,5,5,7,1,2,-52,3,1659,14560,90,100,3,0,0
1434,2,1,512,10,261,7,1,6,1,1,-88,7,2942,20369,95,100,4,0,0
1433,13,8,1024,0,262,2,22,7,1,1,-70,0,498,5453,69,100,4,1,3
1431,18,15,1280,0,247,3,4,5,1,1,-70,0,732,6987,82,100,2,0,0
1434,9,4,768,0,283,4,20,7,1,1,-70,0,1335,12536,91,100,7,1,3
1434,21,20,1536,0,275,3,6,5,1,1,-52,0,550,5320,73,100,2,0,0
1434,12,8,1024,0,253,4,32,7,1,1,-52,1,1258,12069,77,100,5,1,3
1433,14,10,1024,0,266,3,4,7,1,1,-52,0,764,6485,84,100,2,0,0
1435,6,3,768,0,241,2,25,7,1,1,-70,0,900,10827,70,100,6,1,3
1435,10,2,768,0,257,2,20,7,1,1,-95,6,3441,21362,84,100,7,1,3
1436,11,7,1024,0,285,4,7,7,1,1,-52,1,757,9002,88,100,1,0,0
1436,17,12,1280,10,265,4,5,7,1,1,-70,0,368,4419,77,100,1,0,0
1437,5,1,512,0,270,6,1,6,1,1,-94,0,597,7636,95,100,2,0,0
1438,4,1,512,0,261,7,2,7,1,1,-66,8,3872,26326,95,100,3,0,0
1438,2,1,512,10,262,7,1,6,1,1,-88,7,1415,10426,96,100,2,0,0
1437,18,15,1280,0,250,3,4,5,1,1,-70,0,656,5665,83,100,2,0,0
1439,7,4,768,0,264,6,6,7,1,2,-70,2,1700,18613,91,100,4,0,0
1437,19,15,1280,0,254,4,4,7,1,1,-52,0,607,6440,82,100,1,0,0
1439,9,4,768,10,286,4,21,7,1,1,-70,0,604,6977,91,100,3,1,3
1441,12,8,1024,0,255,4,33,7,1,1,-52,1,994,9201,78,100,3,1,3
1441,6,3,768,0,243,2,27,7,1,1,-70,0,604,6574,71,100,4,1,3
1441,5,1,512,0,271,6,1,6,1,1,-94,0,262,5251,95,100,1,0,0
1438,20,15,1280,0,267,3,5,7,1,1,-70,1,1348,14377,77,100,4,0,0
1440,21,20,1536,10,279,3,6,5,1,1,-52,0,600,5949,73,100,2,0,0
1442,1,0,256,0,9,0,0,4,0,0,0,10,2864,28349,1652,100,2,0,0
1442,16,11,1280,0,232,3,15,7,1,1,-70,0,847,10126,48,100,4,0,0
1443,3,1,512,0,260,6,2,7,1,2,-64,1,1555,19518,93,100,4,0,0
1443,8,4,768,0,258,5,5,7,1,2,-52,3,2102,21989,91,100,4,0,0
1443,14,10,1024,10,270,3,4,7,1,1,-52,0,822,8251,84,100,4,0,0
1443,15,10,1024,0,256,2,7,7,1,1,-70,4,3139,26718,84,100,4,0,0
1444,2,1,512,10,265,7,1,6,1,1,-88,7,1848,11066,96,100,2,0,0
1445,13,8,1024,0,268,2,25,7,1,1,-70,0,1168,11592,69,100,7,1,3
1445,4,1,512,0,262,7,2,7,1,1,-66,8,2150,17684,96,100,3,0,0
1445,10,2,768,0,259,2,22,7,1,1,-95,6,2874,22850,85,100,5,1,3
1446,17,12,1280,0,271,4,5,7,1,1,-70,0,1141,10625,78,100,4,0,0
1446,6,3,768,0,245,2,28,7,1,1,-70,0,657,6108,71,100,3,1,3
1445,18,15,1280,0,255,3,4,5,1,1,-70,0,838,7948,83,100,2,0,0
1445,20,15,1280,0,269,3,5,7,1,1,-70,1,985,9674,78,100,3,0,0
1447,16,11,1280,10,235,3,15,7,1,1,-70,0,634,4838,49,100,2,0,0
1447,7,4,768,20,269,6,6,7,1,2,-70,2,1610,14057,91,100,3,0,0
1449,1,0,256,0,9,0,0,4,0,0,0,10,1409,15594,1659,100,1,0,0
1447,11,7,1024,0,293,4,7,7,1,1,-52,1,2059,19628,89,100,5,0,0
1449,5,1,512,0,273,6,1,6,1,1,-94,0,686,9209,96,100,3,0,0
1448,9,4,768,0,294,4,24,7,1,1,-70,0,1441,12249,92,100,7,1,3
1446,19,15,1280,0,255,4,4,7,1,1,-52,0,472,8761,83,100,1,0,0
1448,8,4,768,10,262,6,5,7,1,2,-52,3,1222,10842,91,100,2,0,0
1450,13,8,1024,0,269,2,26,7,1,1,-70,0,448,4804,70,100,3,1,3
1450,14,10,1024,0,271,3,4,7,1,1,-52,0,473,7065,85,100,1,0,0
1450,10,2,768,20,262,2,23,7,1,1,-95,6,1592,11253,86,100,3,1,3
1451,12,8,1024,10,260,4,36,7,1,1,-52,1,1522,14478,79,100,8,1,3
1452,3,1,512,0,260,6,2,7,1,2,-64,1,912,14456,94,100,2,0,0
1450,15,10,1024,0,260,2,7,7,1,1,-70,4,1915,16933,84,100,3,0,0
1453,17,12,1280,0,276,4,5,7,1,1,-70,0,810,6839,78,100,3,0,0
1452,21,20,1536,0,284,3,6,5,1,1,-52,0,1141,11561,74,100,4,0,0
1453,16,11,1280,0,236,3,15,7,1,1,-70,0,412,6156,49,100,2,0,0
1452,20,15,1280,0,270,3,5,7,1,1,-70,1,750,7336,78,100,3,0,0
1453,11,7,1024,0,294,4,7,7,1,1,-52,1,746,10038,89,100,3,0,0
1453,19,15,1280,0,257,4,4,7,1,1,-52,0,596,6305,83,100,2,0,0
1455,1,0,256,0,9,0,0,4,0,0,0,10,1588,15470,1668,100,1,0,0
1454,2,1,512,10,267,7,1,6,1,1,-88,7,3214,20643,97,100,4,0,0
1452,18,15,1280,0,257,3,4,5,1,1,-70,0,646,7344,84,100,3,0,0
1455,4,1,512,0,268,7,2,7,1,1,-66,8,4559,28269,96,100,5,0,0
1456,6,3,768,0,250,2,30,7,1,1,-70,0,1063,10408,72,100,6,1,3
1455,7,4,768,0,274,6,6,7,1,2,-70,2,1611,14308,92,100,4,0,0
1458,16,11,1280,0,237,3,15,7,1,1,-70,0,363,4194,49,100,2,0,0
1458,12,8,1024,0,264,4,37,7,1,1,-52,1,1149,9478,79,100,3,1,3
1458,15,10,1024,0,263,2,7,7,1,1,-70,4,2024,17479,85,100,3,0,0
1458,11,7,1024,0,296,4,7,7,1,1,-52,1,610,7387,89,100,1,0,0
1460,5,1,512,0,276,6,1,6,1,1,-94,0,811,13169,97,100,4,0,0
1458,8,4,768,0,267,6,5,7,1,2,-52,3,2453,21579,92,100,4,0,0
1458,9,4,768,10,298,4,26,7,1,1,-70,0,819,14011,92,100,6,1,3
1459,19,15,1280,0,260,4,4,7,1,1,-52,0,686,6876,84,100,1,0,0
1459,7,4,768,0,275,6,6,7,1,2,-70,2,850,7390,92,100,1,0,0
1461,17,12,1280,0,279,4,5,7,1,1,-70,0,777,7550,79,100,3,0,0
1461,14,10,1024,0,278,3,4,7,1,1,-52,0,1247,11458,86,100,4,0,0
1462,1,0,256,0,9,0,0,4,0,0,0,10,1574,16634,1675,100,2,0,0
1461,13,8,1024,0,274,2,29,7,1,1,-70,0,1061,10708,70,100,7,1,3
1460,20,15,1280,0,275,3,5,7,1,1,-70,1,1133,10670,79,100,2,0,0
1462,10,2,768,0,268,2,26,7,1,1,-95,6,3642,25603,86,100,7,1,3
1464,2,1,512,0,270,7,1,6,1,1,-88,7,2150,15633,97,100,4,0,0
1463,21,20,1536,0,287,3,6,5,1,1,-52,0,827,10887,75,100,3,0,0
1464,3,1,512,0,265,6,2,7,1,2,-64,1,1414,19036,94,100,3,0,0
1465,5,1,512,0,280,6,1,6,1,1,-94,0,705,6983,97,100,2,0,0
1466,13,8,1024,0,277,2,30,7,1,1,-70,0,662,5856,71,100,3,1,3
1465,4,1,512,0,276,7,2,7,1,1,-66,8,3897,27606,97,100,2,0,0
1464,19,15,1280,0,262,4,4,7,1,1,-52,0,475,4529,84,100,1,0,0
1465,16,11,1280,0,239,3,15,7,1,1,-70,0,677,8160,50,100,2,0,0
1467,6,3,768,0,254,2,33,7,1,1,-70,0,992,10712,73,100,6,1,3
1467,8,4,768,10,271,6,5,7,1,2,-52,3,1679,16636,93,100,2,0,0
1464,18,15,1280,10,259,3,4,5,1,1,-70,0,662,10782,85,100,3,0,0
1466,20,15,1280,0,276,3,5,7,1,1,-70,1,754,8155,79,100,1,0,0
1469,11,7,1024,0,299,4,7,7,1,1,-52,1,1265,16746,90,100,4,0,0
1469,17,12,1280,0,282,4,5,7,1,1,-70,0,753,9023,79,100,2,0,0
1470,1,0,256,0,9,0,0,4,0,0,0,10,2239,20395,1688,100,1,0,0
1470,12,8,1024,10,266,4,40,7,1,1,-52,1,1406,15394,80,100,7,1,3
1470,9,4,768,0,302,4,28,7,1,1,-70,0,1105,13602,93,100,4,1,3
1468,14,10,1024,0,284,3,4,7,1,1,-52,0,941,8582,86,100,3,0,0
1470,16,11,1280,0,240,3,15,7,1,1,-70,0,393,5165,50,100,1,0,0
1469,15,10,1024,10,266,2,7,7,1,1,-70,4,2617,26159,86,100,2,0,0
1470,18,15,1280,0,262,3,4,5,1,1,-70,0,658,5684,85,100,2,0,0
1471,7,4,768,0,281,6,6,7,1,2,-70,2,1996,19829,93,100,5,0,0
1473,5,1,512,0,282,6,1,6,1,1,-94,0,631,9520,98,100,2,0,0
1472,19,15,1280,0,264,4,4,7,1,1,-52,0,579,7984,85,100,1,0,0
1473,21,20,1536,0,290,3,6,5,1,1,-52,0,746,9201,75,100,3,0,0
1474,2,1,512,20,278,7,1,6,1,1,-88,7,3441,21614,98,100,3,0,0
1474,4,1,512,0,280,7,2,7,1,1,-66,8,3334,22396,98,100,3,0,0
1474,3,1,512,0,272,6,2,7,1,2,-64,1,1698,17088,95,100,4,0,0
1474,10,2,768,0,271,2,29,7,1,1,-95,6,3374,25594,87,100,7,1,3
1474,11,7,1024,0,301,4,7,7,1,1,-52,1,760,8193,90,100,2,0,0
1475,1,0,256,0,9,0,0,4,0,0,0,10,1310,13304,1693,100,1,0,0
1475,8,4,768,0,273,6,5,7,1,2,-52,3,1264,14457,93,100,2,0,0
1473,15,10,1024,0,268,2,7,7,1,1,-70,4,1296,10674,86,100,2,0,0
1476,6,3,768,0,257,2,35,7,1,1,-70,0,800,9504,73,100,5,1,3
1478,13,8,1024,0,280,2,33,7,1,1,-70,0,903,10695,72,100,7,1,3
1478,3,1,512,0,273,6,2,7,1,2,-64,1,602,6951,95,100,1,0,0
1478,14,10,1024,0,289,3,4,7,1,1,-52,0,985,8581,87,100,4,0,0
1478,4,1,512,10,281,7,2,7,1,1,-66,8,1565,10834,98,100,2,0,0
1478,20,15,1280,0,279,3,5,7,1,1,-70,1,1346,15140,80,100,4,0,0
1479,17,12,1280,0,289,4,5,7,1,1,-70,0,1223,10569,80,100,4,0,0
1478,21,20,1536,0,294,3,6,5,1,1,-52,0,776,6221,76,100,2,0,0
1481,1,0,256,0,9,0,0,4,0,0,0,10,1224,12598,1701,100,1,0,0
1480,16,11,1280,0,242,3,15,7,1,1,-70,0,690,9323,51,100,4,0,0
1481,2,1,512,10,281,7,1,6,1,1,-88,7,1888,12796,98,100,3,0,0
1481,7,4,768,0,282,6,6,7,1,2,-70,2,1210,15910,93,100,2,0,0
1480,8,4,768,10,277,6,5,7,1,2,-52,3,1486,12365,93,100,3,0,0
1481,12,8,1024,0,270,4,43,7,1,1,-52,1,1390,14825,80,100,6,1,3
1481,9,4,768,20,307,4,31,7,1,1,-70,0,1014,13270,94,100,7,1,3
1482,6,3,768,0,259,2,37,7,1,1,-70,0,603,5514,74,100,4,1,3
1481,15,10,1024,0,271,2,7,7,1,1,-70,4,1788,16477,86,100,3,0,0
1482,18,15,1280,0,268,3,4,5,1,1,-70,0,1140,11307,86,100,4,0,0
1482,14,10,1024,0,290,3,4,7,1,1,-52,0,386,4781,87,100,2,0,0
1483,13,8,1024,0,281,2,35,7,1,1,-70,0,449,5583,72,100,3,1,3
1482,11,7,1024,0,305,4,7,7,1,1,-52,1,1270,13531,91,100,3,0,0
1484,5,1,512,10,287,6,1,6,1,1,-94,0,978,14065,98,100,4,0,0
1485,3,1,512,10,276,6,2,7,1,2,-64,1,970,11230,96,100,2,0,0
1484,10,2,768,10,274,2,31,7,1,1,-95,6,2862,23743,88,100,6,1,3
1484,19,15,1280,0,267,4,4,7,1,1,-52,0,775,11079,85,100,2,0,0
1487,1,0,256,0,9,0,0,4,0,0,0,10,1700,16071,1711,100,1,0,0
1486,8,4,768,0,283,6,5,7,1,2,-52,3,1780,13037,94,100,2,0,0
1486,18,15,1280,0,269,3,4,5,1,1,-70,0,364,3999,86,100,2,0,0
1487,4,1,512,20,284,7,2,7,1,1,-66,8,3267,24276,99,100,2,0,0
1487,12,8,1024,0,277,4,45,7,1,1,-52,1,1370,9078,81,100,5,1,3
1488,2,1,512,10,286,7,1,6,1,1,-88,7,2329,14222,99,100,3,0,0
1487,9,4,768,10,308,4,32,7,1,1,-70,0,522,7555,94,100,3,1,3
1487,16,11,1280,0,246,3,15,7,1,1,-70,0,708,6935,51,100,2,0,0
1488,20,15,1280,0,282,3,5,7,1,1,-70,1,1180,13240,80,100,3,0,0
1488,21,20,1536,10,301,3,6,5,1,1,-52,0,1060,9418,76,100,4,0,0
1490,7,4,768,0,286,6,6,7,1,2,-70,2,1405,14603,94,100,4,0,0
1491,3,1,512,10,278,6,2,7,1,2,-64,1,608,7559,96,100,2,0,0
1490,15,10,1024,10,274,2,7,7,1,1,-70,4,2000,20132,87,100,2,0,0
1489,19,15,1280,0,268,4,4,7,1,1,-52,0,449,5932,86,100,1,0,0
1491,17,12,1280,0,293,4,5,7,1,1,-70,0,928,11118,81,100,4,0,0
1492,13,8,1024,0,283,2,36,7,1,1,-70,0,661,8060,73,100,4,1,3
1492,11,7,1024,20,308,4,7,7,1,1,-52,1,1081,14213,92,100,3,0,0
1493,6,3,768,10,268,2,39,7,1,1,-70,0,1435,11453,74,100,6,1,3
1493,10,2,768,0,277,2,33,7,1,1,-95,6,2226,17708,88,100,4,1,3
1494,5,1,512,0,292,6,1,6,1,1,-94,0,1051,13119,99,100,4,0,0
1495,9,4,768,0,309,4,34,7,1,1,-70,0,647,9188,95,100,5,1,3
1493,14,10,1024,0,291,3,4,7,1,1,-52,0,587,10025,88,100,3,0,0
1496,17,12,1280,0,295,4,5,7,1,1,-70,0,470,4154,81,100,2,0,0
1497,3,1,512,0,280,6,2,7,1,2,-64,1,1160,12047,97,100,2,0,0
1495,15,10,1024,10,277,2,7,7,1,1,-70,4,1417,12592,87,100,3,0,0
1496,12,8,1024,0,283,4,48,7,1,1,-52,1,1690,13263,81,100,7,1,3
1494,18,15,1280,0,272,3,4,5,1,1,-70,0,670,7904,87,100,3,0,0
1498,2,1,512,10,288,7,1,6,1,1,-88,7,2534,18417,100,100,3,0,0
1498,8,4,768,0,291,6,5,7,1,2,-52,3,2729,22078,94,100,4,0,0
1497,21,20,1536,0,309,3,6,5,1,1,-52,0,1415,9428,77,100,4,0,0
1499,1,0,256,0,9,0,0,4,0,0,0,10,2847,28676,1727,100,2,0,0
1500,10,2,768,0,279,2,34,7,1,1,-95,6,1611,10787,89,100,3,1,3
1497,20,15,1280,0,286,3,5,7,1,1,-70,1,1563,12608,81,100,4,0,0
1500,13,8,1024,0,284,2,38,7,1,1,-70,0,564,7241,73,100,5,1,3
1500,4,1,512,10,291,7,2,7,1,1,-66,8,4889,32473,99,100,5,0,0
1500,7,4,768,10,290,6,6,7,1,2,-70,2,1713,16566,95,100,4,0,0
1500,11,7,1024,0,314,4,7,7,1,1,-52,1,1305,12693,92,100,3,0,0
1501,5,1,512,0,295,6,1,6,1,1,-94,0,599,7577,99,100,2,0,0
1500,19,15,1280,0,269,4,4,7,1,1,-52,0,593,10123,87,100,2,0,0
1499,16,11,1280,0,251,3,15,7,1,1,-70,0,1146,12021,52,100,4,0,0
1502,6,3,768,10,273,2,41,7,1,1,-70,0,975,9755,75,100,4,1,3
1503,9,4,768,0,314,4,35,7,1,1,-70,0,858,10253,95,100,4,1,3
1503,3,1,512,0,282,6,2,7,1,2,-64,1,812,9446,97,100,2,0,0
1504,8,4,768,0,295,6,5,7,1,2,-52,3,1516,12597,95,100,2,0,0
1502,21,20,1536,0,311,3,6,5,1,1,-52,0,373,4602,77,100,1,0,0
1502,18,15,1280,0,276,3,4,5,1,1,-70,0,832,8218,87,100,3,0,0
1505,4,1,512,0,293,7,2,7,1,1,-66,8,1717,12994,100,100,1,0,0
1503,15,10,1024,0,284,2,7,7,1,1,-70,4,2758,20328,88,100,3,0,0
1506,17,12,1280,0,298,4,5,7,1,1,-70,0,801,9567,82,100,3,0,0
1504,14,10,1024,0,295,3,4,7,1,1,-52,0,927,10697,89,100,4,0,0
1507,12,8,1024,0,286,4,51,7,1,1,-52,1,1357,13383,82,100,6,1,3
1507,2,1,512,10,291,7,1,6,1,1,-88,7,2587,16687,100,100,3,0,0
1505,19,15,1280,0,269,4,4,7,1,1,-52,0,262,4815,87,100,1,0,0
1506,20,15,1280,20,291,3,5,7,1,1,-70,1,1271,12356,82,100,2,0,0
1508,11,7,1024,0,322,4,7,7,1,1,-52,1,1681,15177,93,100,3,0,0
1506,21,20,1536,10,313,3,6,5,1,1,-52,0,475,4237,77,100,1,0,0
1509,3,1,512,0,282,6,2,7,1,2,-64,1,366,8633,97,100,1,0,0
1507,18,15,1280,0,278,3,4,5,1,1,-70,0,469,4284,87,100,2,0,0
1510,13,8,1024,0,290,2,41,7,1,1,-70,0,1206,10871,74,100,6,1,3
1510,1,0,256,0,9,0,0,4,0,0,0,10,2567,27486,1739,100,2,0,0
1511,10,2,768,10,284,2,37,7,1,1,-95,6,3612,25506,89,100,7,1,3
1511,7,4,768,0,295,6,6,7,1,2,-70,2,2060,18416,95,100,3,0,0
1511,6,3,768,10,275,2,43,7,1,1,-70,0,693,8592,76,100,5,1,3
1509,16,11,1280,0,257,3,15,7,1,1,-70,0,1119,10937,53,100,4,0,0
1510,15,10,1024,0,286,2,7,7,1,1,-70,4,1834,15978,88,100,3,0,0
1513,17,12,1280,10,300,4,5,7,1,1,-70,0,493,5614,82,100,2,0,0
1513,5,1,512,10,302,6,1,6,1,1,-94,0,1352,15445,100,100,4,0,0
1513,9,4,768,0,318,4,37,7,1,1,-70,0,991,12447,96,100,5,1,3
1513,2,1,512,0,293,7,1,6,1,1,-88,7,2162,13530,101,100,3,0,0
1514,8,4,768,0,297,6,5,7,1,2,-52,3,1794,19379,95,100,2,0,0
1512,20,15,1280,0,294,3,5,7,1,1,-70,1,991,8673,82,100,2,0,0
1513,21,20,1536,0,315,3,6,5,1,1,-52,0,574,6608,78,100,2,0,0
1514,3,1,512,0,284,6,2,7,1,2,-64,1,858,9206,98,100,2,0,0
1512,14,10,1024,0,298,3,4,7,1,1,-52,0,667,7972,89,100,2,0,0
1515,11,7,1024,0,326,4,8,7,1,1,-52,1,1229,10558,93,100,4,0,0
1513,19,15,1280,20,273,4,4,7,1,1,-52,0,1041,9021,87,100,2,0,0
1516,4,1,512,10,298,7,2,7,1,1,-66,8,4297,31108,101,100,4,0,0
1516,17,12,1280,0,301,4,5,7,1,1,-70,0,425,4456,83,100,1,0,0
1517,13,8,1024,0,295,2,42,7,1,1,-70,0,932,7226,74,100,4,1,3
1518,5,1,512,0,304,6,1,6,1,1,-94,0,722,6857,101,100,2,0,0
1518,10,2,768,10,285,2,39,7,1,1,-95,6,2207,15852,90,100,5,1,3
1518,12,8,1024,0,291,4,54,7,1,1,-52,1,1686,14538,83,100,8,1,3
1517,6,3,768,0,276,2,45,7,1,1,-70,0,625,7597,76,100,4,1,3
1518,7,4,768,0,297,6,6,7,1,2,-70,2,1073,12698,96,100,3,0,0
1519,9,4,768,0,320,4,39,7,1,1,-70,0,548,6912,96,100,4,1,3
1519,1,0,256,0,9,0,0,4,0,0,0,10,2581,23110,1752,100,2,0,0
1517,18,15,1280,10,280,3,4,5,1,1,-70,0,694,9704,88,100,3,0,0
1519,15,10,1024,0,291,2,7,7,1,1,-70,4,2189,21313,89,100,2,0,0
1522,3,1,512,0,288,6,2,7,1,2,-64,1,967,10562,98,100,2,0,0
1520,16,11,1280,0,259,3,15,7,1,1,-70,0,666,10300,53,100,3,0,0
1523,10,2,768,0,286,2,40,7,1,1,-95,6,953,9246,90,100,1,1,3
1522,13,8,1024,10,296,2,43,7,1,1,-70,0,396,4337,75,100,2,1,3
1520,21,20,1536,10,318,3,6,5,1,1,-52,0,697,6801,78,100,3,0,0
1524,2,1,512,10,296,7,1,6,1,1,-88,7,2817,20061,101,100,3,0,0
1524,8,4,768,0,302,6,5,7,1,2,-52,3,2408,21553,96,100,5,0,0
1522,20,15,1280,0,299,3,5,7,1,1,-70,1,1513,13084,83,100,4,0,0
1522,14,10,1024,0,303,3,4,7,1,1,-52,0,1009,9976,90,100,4,0,0
1525,6,3,768,0,277,2,46,7,1,1,-70,0,418,6485,76,100,2,1,3
1523,18,15,1280,0,280,3,4,5,1,1,-70,0,286,5243,88,100,1,0,0
1525,11,7,1024,0,331,4,8,7,1,1,-52,1,1357,16219,94,100,3,0,0
1525,17,12,1280,0,304,4,5,7,1,1,-70,0,618,8425,83,100,3,0,0
1526,9,4,768,20,325,4,40,7,1,1,-70,0,817,8906,97,100,3,1,3
1527,13,8,1024,0,300,2,44,7,1,1,-70,0,685,5520,75,100,3,1,3
1524,19,15,1280,0,277,4,4,7,1,1,-52,0,1123,11669,88,100,2,0,0
1527,4,1,512,10,302,7,2,7,1,1,-66,8,3860,26864,101,100,3,0,0
1527,1,0,256,0,9,0,0,4,0,0,0,10,1960,20046,1764,100,1,0,0
1527,10,2,768,0,289,2,41,7,1,1,-95,6,1934,11939,91,100,3,1,3
1528,2,1,512,10,296,7,1,6,1,1,-88,7,1408,8856,102,100,0,0,0
1527,21,20,1536,0,320,3,6,5,1,1,-52,0,568,6667,79,100,3,0,0
1530,7,4,768,0,302,6,6,7,1,2,-70,2,1842,18751,97,100,4,0,0
1529,5,1,512,0,312,6,1,6,1,1,-94,0,1393,14808,101,100,5,0,0
1529,12,8,1024,0,296,4,57,7,1,1,-52,1,1496,15745,84,100,7,1,3
1530,6,3,768,0,279,2,48,7,1,1,-70,0,603,5634,77,100,4,1,3
1531,9,4,768,10,328,4,41,7,1,1,-70,0,627,6443,97,100,3,1,3
1532,8,4,768,10,303,6,5,7,1,2,-52,3,1438,14564,97,100,2,0,0
1532,1,0,256,0,9,0,0,4,0,0,0,10,1086,10627,1769,100,1,0,0
1533,3,1,512,0,293,6,2,7,1,2,-64,1,1679,17402,99,100,4,0,0
1530,20,15,1280,0,301,3,5,7,1,1,-70,1,1031,10646,83,100,3,0,0
1532,11,7,1024,0,334,4,8,7,1,1,-52,1,884,10709,94,100,3,0,0
1532,15,10,1024,10,295,2,7,7,1,1,-70,4,3138,27790,90,100,5,0,0
1532,16,11,1280,0,262,3,15,7,1,1,-70,0,797,9974,54,100,4,0,0
1534,17,12,1280,0,308,4,5,7,1,1,-70,0,902,8439,84,100,4,0,0
1533,14,10,1024,0,307,3,4,7,1,1,-52,0,909,10169,91,100,3,0,0
1535,9,4,768,0,331,4,43,7,1,1,-70,0,738,6351,97,100,4,1,3
1535,10,2,768,10,293,2,43,7,1,1,-95,6,2265,18258,91,100,6,1,3
1536,7,4,768,0,305,6,6,7,1,2,-70,2,1046,10386,97,100,2,0,0
1533,19,15,1280,10,280,4,4,7,1,1,-52,0,726,9178,89,100,1,0,0
1536,8,4,768,0,305,6,5,7,1,2,-52,3,829,8717,97,100,2,0,0
1535,18,15,1280,0,284,3,4,5,1,1,-70,0,932,11639,89,100,3,0,0
1536,16,11,1280,0,265,3,15,7,1,1,-70,0,577,5061,54,100,2,0,0
1536,5,1,512,0,316,6,1,6,1,1,-94,0,806,9215,102,100,2,0,0
1534,21,20,1536,0,326,3,6,5,1,1,-52,0,945,7663,79,100,2,0,0
1536,13,8,1024,0,304,2,46,7,1,1,-70,0,878,9494,75,100,6,1,3
1536,2,1,512,10,300,7,1,6,1,1,-88,7,2664,16903,102,100,3,0,0
1537,4,1,512,0,305,7,2,7,1,1,-66,8,4350,30318,102,100,4,0,0
1538,15,10,1024,0,297,2,7,7,1,1,-70,4,1352,14322,90,100,3,0,0
1538,12,8,1024,0,298,4,59,7,1,1,-52,1,1082,12485,84,100,5,1,3
1539,1,0,256,0,9,0,0,4,0,0,0,10,1769,17734,1778,100,1,0,0
1540,6,3,768,10,285,2,50,7,1,1,-70,0,989,9650,77,100,5,1,3
1542,11,7,1024,0,337,4,8,7,1,1,-52,1,1379,16581,95,100,3,0,0
1541,10,2,768,10,296,2,44,7,1,1,-95,6,1833,13469,92,100,3,1,3
1542,3,1,512,0,294,7,2,7,1,2,-64,1,1227,17296,100,100,3,0,0
1539,18,15,1280,10,285,3,4,5,1,1,-70,0,419,4483,90,100,2,0,0
1543,14,10,1024,10,309,3,4,7,1,1,-52,0,615,8931,91,100,3,0,0
1544,9,4,768,0,334,4,45,7,1,1,-70,0,758,11035,98,100,3,1,3
1542,20,15,1280,0,306,3,5,7,1,1,-70,1,1639,16212,84,100,5,0,0
1544,13,8,1024,0,307,2,48,7,1,1,-70,0,736,7482,76,100,4,1,3
1544,5,1,512,0,320,6,1,6,1,1,-94,0,729,10011,102,100,2,0,0
1544,15,10,1024,0,301,2,7,7,1,1,-70,4,1513,13611,90,100,2,0,0
1545,17,12,1280,0,310,4,5,7,1,1,-70,0,632,9815,84,100,4,0,0
1545,7,4,768,0,309,6,6,7,1,2,-70,2,1705,16501,98,100,4,0,0
1543,21,20,1536,0,330,3,6,5,1,1,-52,0,890,9154,80,100,2,0,0
1543,19,15,1280,10,281,4,4,7,1,1,-52,0,562,9848,90,100,2,0,0
1545,4,1,512,10,309,7,2,7,1,1,-66,8,2845,20714,102,100,4,0,0
1546,2,1,512,0,306,7,1,6,1,1,-88,7,3160,20355,103,100,4,0,0
1547,8,4,768,0,311,6,5,7,1,2,-52,3,2372,21816,98,100,3,0,0
1546,11,7,1024,0,340,4,8,7,1,1,-52,1,658,7644,95,100,2,0,0
1548,13,8,1024,0,310,2,49,7,1,1,-70,0,604,4608,76,100,3,1,3
1548,16,11,1280,0,271,3,15,7,1,1,-70,0,1141,11876,55,100,4,0,0
1550,6,3,768,0,287,2,52,7,1,1,-70,0,1011,10926,78,100,5,1,3
1549,12,8,1024,0,303,4,62,7,1,1,-52,1,1510,14393,85,100,7,1,3
1549,15,10,1024,0,303,2,7,7,1,1,-70,4,1321,12474,91,100,2,0,0
1550,1,0,256,0,9,0,0,4,0,0,0,10,2737,27333,1793,100,3,0,0
1548,20,15,1280,0,309,3,5,7,1,1,-70,1,839,7852,84,100,2,0,0
1551,3,1,512,0,295,7,2,7,1,2,-64,1,737,13193,100,100,1,0,0
1550,9,4,768,0,338,4,47,7,1,1,-70,0,906,10454,98,100,7,1,3
1551,18,15,1280,0,288,3,4,5,1,1,-70,0,770,11065,90,100,3,0,0
1551,4,1,512,0,313,7,2,7,1,1,-66,8,2125,14915,103,100,3,0,0
1552,10,2,768,10,300,3,47,7,1,1,-95,6,3481,25752,92,100,7,1,3
1552,19,15,1280,0,284,4,4,7,1,1,-52,0,784,8898,90,100,2,0,0
1554,5,1,512,0,324,6,1,6,1,1,-94,0,920,12257,103,100,4,0,0
1552,20,15,1280,0,310,3,5,7,1,1,-70,1,496,5731,85,100,0,0,0
1554,12,8,1024,20,307,4,64,7,1,1,-52,1,718,6311,85,100,4,1,3
1553,7,4,768,0,313,6,6,7,1,2,-70,2,1650,16535,98,100,4,0,0
1553,14,10,1024,0,315,3,4,7,1,1,-52,0,1034,11117,92,100,4,0,0
1554,8,4,768,0,314,6,5,7,1,2,-52,3,1698,17862,98,100,4,0,0
1556,17,12,1280,0,313,4,5,7,1,1,-70,0,931,10804,85,100,4,0,0
1556,3,1,512,0,297,7,2,7,1,2,-64,1,586,7740,100,100,1,0,0
1556,11,7,1024,10,346,4,8,7,1,1,-52,1,1514,15424,96,100,4,0,0
1555,21,20,1536,0,333,3,6,5,1,1,-52,0,813,10772,81,100,5,0,0
1558,1,0,256,0,9,0,0,4,0,0,0,10,1876,18563,1805,100,1,0,0
1557,15,10,1024,0,307,2,7,7,1,1,-70,4,2340,21662,91,100,2,0,0
1559,2,1,512,10,307,7,1,6,1,1,-88,7,2905,22063,104,100,3,0,0
1558,16,11,1280,0,276,3,15,7,1,1,-70,0,1012,10582,56,100,4,0,0
1558,19,15,1280,0,284,4,4,7,1,1,-52,0,285,5159,90,100,1,0,0
1559,13,8,1024,0,314,2,53,7,1,1,-70,0,1032,11165,77,100,9,1,3
1561,6,3,768,0,292,2,54,7,1,1,-70,0,1065,10976,79,100,6,1,3
1559,18,15,1280,0,292,3,4,5,1,1,-70,0,782,7703,91,100,3,0,0
1562,4,1,512,10,319,7,2,7,1,1,-66,8,3736,25519,104,100,3,0,0
1560,9,4,768,10,342,4,50,7,1,1,-70,0,906,12328,99,100,7,1,3
1562,10,2,768,0,304,3,50,7,1,1,-95,6,2917,22575,93,100,6,1,3
1561,14,10,1024,10,319,3,4,7,1,1,-52,0,723,8529,92,100,3,0,0
1564,5,1,512,0,328,6,1,6,1,1,-94,0,903,12428,104,100,3,0,0
1563,20,15,1280,0,313,3,5,7,1,1,-70,1,1161,13700,85,100,3,0,0
1564,12,8,1024,0,309,4,66,7,1,1,-52,1,1382,14691,86,100,5,1,3
1564,7,4,768,0,318,6,6,7,1,2,-70,2,1448,17328,99,100,3,0,0
1563,21,20,1536,0,335,3,6,5,1,1,-52,0,518,7513,81,100,2,0,0
1565,3,1,512,0,305,7,2,7,1,2,-64,1,1805,16407,101,100,4,0,0
1564,15,10,1024,10,309,2,7,7,1,1,-70,4,1899,16870,92,100,3,0,0
1564,9,4,768,0,342,4,50,7,1,1,-70,0,271,5287,99,100,0,1,3
1566,1,0,256,0,9,0,0,4,0,0,0,10,2043,20401,1814,100,1,0,0
1565,11,7,1024,0,350,4,8,7,1,1,-52,1,1415,18172,97,100,4,0,0
1566,19,15,1280,0,286,4,4,7,1,1,-52,0,579,8273,91,100,1,0,0
1566,8,4,768,10,320,6,5,7,1,2,-52,3,2444,24295,99,100,4,0,0
1567,18,15,1280,0,295,3,4,5,1,1,-70,0,721,7776,91,100,3,0,0
1567,17,12,1280,0,319,4,5,7,1,1,-70,0,1117,11277,86,100,4,0,0
1567,16,11,1280,0,279,3,15,7,1,1,-70,0,701,8844,57,100,3,0,0
1568,2,1,512,0,310,7,1,6,1,1,-88,7,2938,19950,104,100,4,0,0
1568,13,8,1024,0,318,2,55,7,1,1,-70,0,845,9195,78,100,4,1,3
1569,4,1,512,0,326,7,2,7,1,1,-66,8,3508,23446,104,100,3,0,0
1569,15,10,1024,30,310,2,7,7,1,1,-70,4,868,9584,92,100,0,0,0
1569,7,4,768,0,319,6,6,7,1,2,-70,2,1366,9615,99,100,2,0,0
1571,12,8,1024,0,312,4,67,7,1,1,-52,1,863,8489,86,100,4,1,3
1570,11,7,1024,0,352,4,8,7,1,1,-52,1,934,9439,97,100,1,0,0
1573,10,2,768,0,307,3,53,7,1,1,-95,6,3134,21660,94,100,6,1,3
1571,8,4,768,0,323,6,5,7,1,2,-52,3,1413,11037,100,100,2,0,0
1574,2,1,512,0,312,7,1,6,1,1,-88,8,1442,9332,105,100,2,0,0
1573,14,10,1024,0,325,3,4,7,1,1,-52,0,1320,11306,93,100,3,0,0
1575,3,1,512,0,307,7,2,7,1,2,-64,1,719,15460,102,100,2,0,0
1574,15,10,1024,20,312,2,7,7,1,1,-70,4,1271,12482,92,100,1,0,0
1573,19,15,1280,10,291,4,4,7,1,1,-52,0,769,7149,91,100,2,0,0
1575,5,1,512,0,332,6,1,6,1,1,-94,0,1100,13776,104,100,5,0,0
1574,9,4,768,0,346,4,53,7,1,1,-70,0,1083,12559,100,100,7,1,3
1573,21,20,1536,0,337,3,6,5,1,1,-52,0,736,9608,82,100,3,0,0
1575,20,15,1280,0,320,3,5,7,1,1,-70,1,1838,15788,86,100,5,0,0
1577,1,0,256,0,9,0,0,4,0,0,0,10,2587,26461,1828,100,2,0,0
1577,13,8,1024,0,323,2,57,7,1,1,-70,0,1009,9060,78,100,6,1,3
1576,17,12,1280,10,324,4,5,7,1,1,-70,0,848,9626,87,100,4,0,0
1575,16,11,1280,0,282,3,15,7,1,1,-70,0,746,9788,57,100,3,0,0
1577,11,7,1024,0,355,4,8,7,1,1,-52,1,921,10526,97,100,2,0,0
1579,10,2,768,0,309,3,54,7,1,1,-95,6,2296,15283,94,100,3,1,3
1578,7,4,768,0,324,6,6,7,1,2,-70,2,1696,17229,100,100,3,0,0
1580,18,15,1280,10,300,3,4,5,1,1,-70,0,932,11453,92,100,3,0,0
1578,21,20,1536,0,338,3,6,5,1,1,-52,0,554,5250,82,100,2,0,0
1579,8,4,768,0,327,6,6,7,1,2,-52,3,1751,17331,100,100,4,0,0
1582,1,0,256,0,9,0,0,4,0,0,0,10,965,10407,1834,100,1,0,0
1581,20,15,1280,0,322,3,5,7,1,1,-70,1,885,7220,87,100,3,0,0
1581,4,1,512,10,329,7,2,7,1,1,-66,8,3908,30206,105,100,4,0,0
1582,5,1,512,0,334,6,1,6,1,1,-94,0,568,7996,105,100,2,0,0
1582,3,1,512,0,309,7,2,7,1,2,-64,1,492,10305,102,100,2,0,0
1580,12,8,1024,0,319,4,70,7,1,1,-52,1,1860,16625,87,100,7,1,3
1582,14,10,1024,0,329,3,4,7,1,1,-52,0,789,9136,94,100,2,0,0
1583,19,15,1280,0,297,4,4,7,1,1,-52,0,1139,10383,92,100,1,0,0
1581,13,8,1024,0,326,2,60,7,1,1,-70,0,741,6219,79,100,5,1,3
1582,9,4,768,10,348,4,55,7,1,1,-70,0,703,8905,101,100,5,1,3
1583,10,2,768,0,312,3,55,7,1,1,-95,6,1721,11944,94,100,3,1,3
1585,2,1,512,10,316,7,1,6,1,1,-88,8,3748,23988,106,100,3,0,0
1585,18,15,1280,0,303,3,4,5,1,1,-70,0,709,5369,92,100,2,0,0
1585,15,10,1024,10,316,2,7,7,1,1,-70,4,3142,25749,93,100,4,0,0
1584,11,7,1024,0,359,4,8,7,1,1,-52,1,1042,11979,98,100,3,0,0
1585,16,11,1280,0,287,3,15,7,1,1,-70,0,1010,9843,58,100,4,0,0
1584,21,20,1536,0,341,3,6,5,1,1,-52,0,600,5537,82,100,2,0,0
1586,8,4,768,0,329,6,6,7,1,2,-52,3,1275,12986,100,100,3,0,0
1588,5,1,512,0,335,6,1,6,1,1,-94,0,384,6899,105,100,2,0,0
1586,7,4,768,10,328,6,6,7,1,2,-70,2,1575,13984,101,100,4,0,0
1587,20,15,1280,0,325,3,5,7,1,1,-70,1,843,8182,87,100,0,0,0
1587,17,12,1280,0,329,4,5,7,1,1,-70,0,1034,11170,87,100,4,0,0
1590,1,0,256,0,9,0,0,4,0,0,0,10,2163,21081,1845,100,2,0,0
1590,3,1,512,0,313,7,2,7,1,2,-64,1,902,12275,103,100,3,0,0
1589,21,20,1536,0,342,3,6,5,1,1,-52,0,418,5107,83,100,2,0,0
1589,16,11,1280,0,287,3,15,7,1,1,-70,0,166,3833,58,100,0,0,0
1590,19,15,1280,10,300,4,4,7,1,1,-52,0,705,6913,92,100,2,0,0
1590,15,10,1024,10,319,2,7,7,1,1,-70,4,1825,14269,94,100,2,0,0
1591,4,1,512,0,333,7,2,7,1,1,-66,8,3848,27192,106,100,4,0,0
1590,9,4,768,0,353,4,57,7,1,1,-70,0,940,11313,101,100,5,1,3
1591,7,4,768,0,329,6,6,7,1,2,-70,2,557,7234,101,100,1,0,0
1591,10,2,768,0,316,3,58,7,1,1,-95,6,2800,18619,95,100,6,1,3
1593,18,15,1280,10,307,3,4,5,1,1,-70,0,686,8261,93,100,1,0,0
1590,13,8,1024,0,330,2,62,7,1,1,-70,0,902,10108,79,100,6,1,3
1591,12,8,1024,0,324,4,72,7,1,1,-52,1,1545,14759,88,100,5,1,3
1594,5,1,512,0,337,7,1,6,1,1,-94,0,646,8037,106,100,2,0,0
1593,11,7,1024,0,360,4,8,7,1,1,-52,1,957,13566,98,100,3,0,0
1592,14,10,1024,20,336,3,4,7,1,1,-52,0,1084,11544,95,100,4,0,0
1594,19,15,1280,10,301,4,4,7,1,1,-52,0,328,4421,93,100,0,0,0
1594,8,4,768,10,333,6,6,7,1,2,-52,3,1760,17090,101,100,2,0,0
1596,2,1,512,0,319,7,1,6,1,1,-88,8,3352,21506,106,100,4,0,0
1596,17,12,1280,0,332,4,5,7,1,1,-70,0,682,8725,88,100,2,0,0
1596,7,4,768,0,331,6,6,7,1,2,-70,2,1018,10055,101,100,2,0,0
1597,12,8,1024,0,325,4,74,7,1,1,-52,1,681,7524,88,100,4,1,3
1599,1,0,256,0,9,0,0,4,0,0,0,10,2071,22462,1857,100,1,0,0
1599,5,1,512,0,338,7,1,6,1,1,-94,0,283,6607,106,100,1,0,0
1598,19,15,1280,10,303,4,4,7,1,1,-52,0,393,4219,93,100,1,0,0
1597,13,8,1024,0,332,2,63,7,1,1,-70,0,585,6448,80,100,2,1,3
1599,20,15,1280,0,329,3,5,7,1,1,-70,1,1344,14944,88,100,5,0,0
1598,11,7,1024,0,365,4,8,7,1,1,-52,1,1079,8691,99,100,2,0,0
1598,21,20,1536,0,342,3,6,5,1,1,-52,0,430,7859,83,100,2,0,0
1599,16,11,1280,0,293,3,15,7,1,1,-70,0,1117,10230,59,100,4,0,0
1601,3,1,512,0,317,7,2,7,1,2,-64,1,944,17747,104,100,4,0,0
1602,2,1,512,20,323,7,1,6,1,1,-88,8,1670,10717,107,100,2,0,0
1601,9,4,768,0,358,4,60,7,1,1,-70,0,1090,13257,102,100,6,1,3
1600,18,15,1280,0,311,3,4,5,1,1,-70,0,809,6566,93,100,3,0,0
1603,4,1,512,20,336,7,2,7,1,1,-66,8,4190,29066,106,100,3,0,0
1601,14,10,1024,0,339,3,4,7,1,1,-52,0,887,8657,95,100,3,0,0
1602,15,10,1024,0,323,2,7,7,1,1,-70,4,3013,27651,94,100,4,0,0
1604,1,0,256,0,9,0,0,4,0,0,0,10,1392,12812,1864,100,1,0,0
1603,10,2,768,0,319,3,61,7,1,1,-95,6,3304,24851,96,100,7,1,3
1603,19,15,1280,0,303,4,4,7,1,1,-52,0,369,4567,93,100,1,0,0
1603,21,20,1536,0,347,3,6,5,1,1,-52,0,846,5579,84,100,2,0,0
1603,11,7,1024,0,369,4,8,7,1,1,-52,1,1031,9179,99,100,2,0,0
1604,18,15,1280,0,312,3,4,5,1,1,-70,0,448,5008,94,100,1,0,0
1605,3,1,512,0,318,7,2,7,1,2,-64,1,361,5914,104,100,2,0,0
1605,17,12,1280,10,336,4,5,7,1,1,-70,0,846,8688,89,100,4,0,0
1607,8,4,768,0,337,6,7,7,1,2,-52,3,2525,23304,102,100,5,0,0
1605,14,10,1024,10,339,3,4,7,1,1,-52,0,261,4317,95,100,1,0,0
1605,13,8,1024,0,337,2,66,7,1,1,-70,0,1013,8486,80,100,7,1,3
1606,20,15,1280,10,333,3,5,7,1,1,-70,1,1379,11252,88,100,3,0,0
1606,16,11,1280,0,295,3,15,7,1,1,-70,0,593,6542,59,100,3,0,0
1609,4,1,512,0,339,7,2,7,1,1,-66,8,2265,14763,107,100,2,0,0
1607,21,20,1536,0,349,3,6,5,1,1,-52,0,372,4109,84,100,1,0,0
1609,12,8,1024,0,328,5,76,7,1,1,-52,1,1430,13177,89,100,6,1,3
1609,5,1,512,0,345,7,1,6,1,1,-94,0,1341,13071,107,100,5,0,0
1610,7,4,768,0,338,6,6,7,1,2,-70,2,2342,20964,102,100,4,0,0
1611,2,1,512,10,326,7,1,6,1,1,-88,8,2867,17676,107,100,3,0,0
1611,1,0,256,0,9,0,0,4,0,0,0,10,1562,16413,1872,100,1,0,0
1612,3,1,512,0,319,7,2,7,1,2,-64,1,390,9277,104,100,1,0,0
1610,20,15,1280,20,335,3,5,7,1,1,-70,1,744,5951,89,100,1,0,0
1578,6,2,896,80,300,4,56,7,0,2,-52,0,1531,10064,80,100,5,1,3
1613,10,2,768,10,322,3,64,7,1,1,-95,6,2526,19248,97,100,5,1,3
1588,6,2,896,80,303,4,59,7,0,2,-52,0,1159,10756,81,100,5,1,3
1615,9,4,768,0,362,4,62,7,1,1,-70,0,1011,14638,103,100,6,1,3
1615,5,1,512,0,346,7,1,6,1,1,-94,0,392,6328,107,100,1,0,0
1596,6,2,896,80,305,4,60,7,0,2,-52,0,952,7248,81,100,5,1,3
1616,4,1,512,0,342,7,2,7,1,1,-66,8,2198,17981,107,100,1,0,0
1603,6,2,896,100,307,4,61,7,0,2,-52,0,454,5551,82,100,3,1,3
1613,17,12,1280,10,343,4,5,7,1,1,-70,0,1206,9781,89,100,3,0,0
1616,1,0,256,0,9,0,0,4,0,0,0,10,1361,12589,1881,100,1,0,0
1610,6,2,896,90,311,4,63,7,0,2,-52,0,682,6187,82,100,4,1,3
1617,7,4,768,0,342,6,6,7,1,2,-70,2,1124,11189,102,100,1,0,0
1613,14,10,1024,0,343,3,4,7,1,1,-52,0,782,8117,96,100,3,0,0
1614,15,10,1024,0,327,2,7,7,1,1,-70,4,3067,27936,95,100,5,0,0
1617,11,7,1024,0,373,4,8,7,1,1,-52,1,1453,18904,100,100,4,0,0
1617,3,1,512,0,321,7,2,7,1,2,-64,1,566,8592,105,100,2,0,0
1614,18,15,1280,20,319,3,4,5,1,1,-70,0,1036,9523,94,100,4,0,0
1614,19,15,1280,0,304,4,4,7,1,1,-52,0,617,11032,94,100,2,0,0
1616,6,2,768,0,313,4,65,7,1,2,-52,0,1312,6702,82,100,4,1,3
1618,8,4,768,0,340,6,7,7,1,2,-52,3,1887,20787,103,100,3,0,0
1615,16,11,1280,0,300,3,15,7,1,1,-70,0,913,9225,60,100,3,0,0
1617,20,15,1280,0,338,3,5,7,1,1,-70,1,938,9499,89,100,3,0,0
1618,12,8,1024,30,331,5,78,7,1,1,-52,1,1010,11843,90,100,4,1,3
1621,2,1,512,30,330,7,1,6,1,1,-88,8,3973,23674,108,100,3,0,0
1619,9,4,768,0,363,4,63,7,1,1,-70,0,391,5072,103,100,3,1,3
1619,13,8,1024,0,342,3,70,7,1,1,-70,0,1226,11331,81,100,8,1,3
1616,21,20,1536,0,353,3,6,5,1,1,-52,0,914,10237,85,100,2,0,0
1619,16,11,1280,0,303,3,15,7,1,1,-70,0,577,4587,60,100,2,0,0
1619,17,12,1280,10,345,4,5,7,1,1,-70,0,495,5693,89,100,2,0,0
1623,1,0,256,0,9,0,0,4,0,0,0,10,1827,16989,1888,100,1,0,0
1623,10,2,768,0,325,3,66,7,1,1,-95,6,2590,21418,97,100,6,1,3
1621,19,15,1280,10,306,4,4,7,1,1,-52,0,597,7571,94,100,2,0,0
1624,9,4,768,10,364,4,65,7,1,1,-70,0,417,5362,103,100,4,1,3
1625,2,1,512,10,331,7,1,6,1,1,-88,8,1337,9133,108,100,2,0,0
1625,5,1,512,0,353,7,1,6,1,1,-94,0,1240,13426,108,100,4,0,0
1623,15,10,1024,0,330,2,7,7,1,1,-70,4,2163,21375,96,100,3,0,0
1625,11,7,1024,0,375,4,8,7,1,1,-52,1,996,13014,100,100,2,0,0
1625,6,2,768,0,318,4,67,7,1,2,-52,0,1046,9253,83,100,5,1,3
1626,4,1,512,10,350,7,2,7,1,1,-66,8,4473,28624,108,100,4,0,0
1626,7,4,768,0,348,6,6,7,1,2,-70,2,1878,15689,103,100,4,0,0
1624,18,15,1280,0,323,3,4,5,1,1,-70,0,1041,11056,95,100,3,0,0
1627,12,8,1024,0,333,5,82,7,1,1,-52,1,1242,11892,90,100,7,1,3
1627,3,1,512,0,324,7,2,7,1,2,-64,0,726,15072,105,100,2,0,0
1625,14,10,1024,0,347,3,4,7,1,1,-52,0,926,11269,97,100,4,0,0
1627,8,4,768,0,345,6,7,7,1,2,-52,3,2274,19734,103,100,4,0,0
1625,19,15,1280,0,306,4,4,7,1,1,-52,0,245,4117,95,100,0,0,0
1628,10,2,768,10,325,3,68,7,1,1,-95,6,1708,11595,98,100,3,1,3
1626,17,12,1280,0,347,4,5,7,1,1,-70,0,568,6712,90,100,3,0,0
1624,21,20,1536,0,357,3,6,5,1,1,-52,0,823,7312,85,100,4,0,0
1627,20,15,1280,0,340,3,5,7,1,1,-70,1,1226,13185,90,100,3,0,0
1629,13,8,1024,10,347,3,73,7,1,1,-70,0,869,10226,82,100,4,1,3
1630,5,1,512,0,355,7,1,6,1,1,-94,0,469,5766,108,100,2,0,0
1631,2,1,512,0,333,7,1,6,1,1,-88,8,2510,16071,109,100,1,0,0
1631,11,7,1024,0,378,4,8,7,1,1,-52,1,862,9851,101,100,2,0,0
1629,21,20,1536,0,359,3,6,5,1,1,-52,0,549,4821,86,100,2,0,0
1632,12,8,1024,0,335,5,83,7,1,1,-52,1,816,7467,90,100,4,1,3
1632,15,10,1024,0,332,2,7,7,1,1,-70,4,2151,18995,96,100,2,0,0
1633,1,0,256,0,9,0,0,4,0,0,0,10,2700,26719,1906,100,2,0,0
1633,3,1,512,0,325,7,2,7,1,2,-64,0,460,9370,106,100,2,0,0
1633,13,8,1024,0,350,3,73,7,1,1,-70,0,713,4656,82,100,3,1,3
1633,6,2,768,0,322,4,69,7,1,2,-52,0,872,9846,84,100,3,1,3
1633,16,11,1280,0,306,3,15,7,1,1,-70,0,826,11058,61,100,3,0,0
1633,14,10,1024,0,349,3,4,7,1,1,-52,0,524,7183,97,100,1,0,0
1634,9,4,768,0,369,4,67,7,1,1,-70,0,1117,12856,104,100,6,1,3
1633,20,15,1280,0,344,3,5,7,1,1,-70,1,1089,8498,90,100,3,0,0
1636,7,4,768,0,350,6,6,7,1,2,-70,2,1395,16820,104,100,3,0,0
1635,19,15,1280,0,307,4,4,7,1,1,-52,0,513,8585,95,100,2,0,0
1637,4,1,512,20,355,7,2,7,1,1,-66,8,4294,29148,109,100,4,0,0
1636,15,10,1024,0,334,2,7,7,1,1,-70,4,1031,9178,97,100,2,0,0
1634,17,12,1280,0,350,4,5,7,1,1,-70,0,680,7974,91,100,2,0,0
1636,18,15,1280,10,325,3,4,5,1,1,-70,0,696,10209,96,100,3,0,0
1638,11,7,1024,0,380,4,8,7,1,1,-52,1,886,10345,101,100,2,0,0
1638,2,1,512,0,335,7,1,6,1,1,-88,8,2593,16733,109,100,3,0,0
1639,8,4,768,20,351,6,7,7,1,2,-52,3,2527,23188,104,100,4,0,0
1638,12,8,1024,0,339,5,84,7,1,1,-52,1,1149,9495,91,100,3,1,3
1639,3,1,512,0,328,7,2,7,1,2,-64,0,598,8882,106,100,2,0,0
1639,10,2,768,10,331,3,70,7,1,1,-95,6,3144,22972,98,100,6,1,3
1639,16,11,1280,0,309,3,15,7,1,1,-70,0,597,6493,61,100,3,0,0
1639,20,15,1280,0,345,3,5,7,1,1,-70,1,534,6669,90,100,1,0,0
1641,13,8,1024,0,353,3,76,7,1,1,-70,0,827,7949,83,100,6,1,3
1641,5,1,512,0,359,7,1,6,1,1,-94,0,943,14882,109,100,4,0,0
1642,4,1,512,20,356,7,2,7,1,1,-66,8,2038,13940,109,100,2,0,0
1641,21,20,1536,0,365,3,6,5,1,1,-52,0,1060,10772,86,100,4,0,0
1643,9,4,768,0,375,4,69,7,1,1,-70,0,1086,12209,105,100,4,1,3
1643,10,2,768,30,334,3,71,7,1,1,-95,6,1546,9933,99,100,2,1,3
1643,1,0,256,0,9,0,0,4,0,0,0,10,2508,25063,1918,100,2,0,0
1642,14,10,1024,0,355,3,4,7,1,1,-52,0,1092,8974,98,100,4,0,0
1642,17,12,1280,0,355,4,5,7,1,1,-70,0,828,8773,91,100,3,0,0
1645,7,4,768,0,352,6,6,7,1,2,-70,2,1380,16537,104,100,4,0,0
1646,5,1,512,10,362,7,1,6,1,1,-94,0,468,5120,109,100,2,0,0
1646,6,2,768,0,329,4,72,7,1,2,-52,0,1370,12345,84,100,8,1,3
1646,19,15,1280,0,309,4,4,7,1,1,-52,0,700,9950,96,100,2,0,0
1647,2,1,512,10,339,7,1,6,1,1,-88,8,2728,19809,110,100,3,0,0
1647,15,10,1024,0,340,2,7,7,1,1,-70,4,2947,26497,97,100,4,0,0
1648,18,15,1280,0,328,3,4,5,1,1,-70,0,897,11292,97,100,3,0,0
1648,8,4,768,30,359,6,7,7,1,2,-52,3,2405,20660,105,100,5,0,0
1649,1,0,256,0,9,0,0,4,0,0,0,10,1333,13435,1926,100,1,0,0
1650,10,2,768,0,337,3,73,7,1,1,-95,6,1602,13009,99,100,5,1,3
1649,4,1,512,40,360,7,2,7,1,1,-66,8,2518,18993,109,100,2,0,0
1648,16,11,1280,0,311,3,15,7,1,1,-70,0,671,8238,62,100,3,0,0
1648,13,8,1024,0,356,3,77,7,1,1,-70,0,656,7351,83,100,4,1,3
1650,3,1,512,0,334,7,2,7,1,2,-64,0,1127,16518,107,100,5,0,0
1649,21,20,1536,0,367,3,6,5,1,1,-52,0,575,7283,87,100,2,0,0
1648,11,7,1024,0,383,4,8,7,1,1,-52,1,1440,17375,102,100,5,0,0
1651,2,1,512,10,341,7,1,6,1,1,-88,8,1510,9167,110,100,2,0,0
1649,17,12,1280,0,356,4,5,7,1,1,-70,0,463,3644,91,100,3,0,0
1650,20,15,1280,0,349,3,5,7,1,1,-70,1,1472,14182,91,100,4,0,0
1650,12,8,1024,10,342,5,87,7,1,1,-52,1,1594,16398,92,100,7,1,3
1651,9,4,768,0,379,4,71,7,1,1,-70,0,879,9983,105,100,6,1,3
1652,14,10,1024,0,359,3,4,7,1,1,-52,0,847,9847,98,100,4,0,0
1653,7,4,768,0,355,6,6,7,1,2,-70,2,1254,13163,105,100,3,0,0
1654,19,15,1280,0,310,4,4,7,1,1,-52,0,472,7940,97,100,1,0,0
1655,9,4,768,0,382,4,72,7,1,1,-70,0,506,5297,105,100,2,1,3
1654,15,10,1024,0,341,2,7,7,1,1,-70,4,1576,16274,98,100,2,0,0
1655,12,8,1024,0,343,5,88,7,1,1,-52,1,445,6273,92,100,2,1,3
1655,5,1,512,0,367,7,1,6,1,1,-94,0,1043,12770,110,100,2,0,0
1656,11,7,1024,10,385,4,8,7,1,1,-52,1,635,11412,102,100,2,0,0
1657,6,2,768,0,333,4,74,7,1,2,-52,0,867,11133,85,100,4,1,3
1657,8,4,768,0,361,6,7,7,1,2,-52,3,1717,17433,105,100,2,0,0
1656,20,15,1280,0,352,3,5,7,1,1,-70,1,820,8036,92,100,3,0,0
1657,3,1,512,0,336,7,2,7,1,2,-64,0,615,11327,107,100,3,0,0
1657,10,2,768,0,339,3,75,7,1,1,-95,6,2394,18171,99,100,4,1,3
1658,1,0,256,0,9,0,0,4,0,0,0,10,2460,23188,1938,100,2,0,0
1657,18,15,1280,0,332,3,4,5,1,1,-70,0,847,9444,97,100,4,0,0
1658,16,11,1280,0,314,3,15,7,1,1,-70,0,796,10532,63,100,4,0,0
1659,4,1,512,10,367,7,2,7,1,1,-66,8,4202,26426,110,100,4,0,0
1659,13,8,1024,0,360,3,80,7,1,1,-70,0,1010,11071,84,100,7,1,3
1658,17,12,1280,0,358,4,5,7,1,1,-70,0,694,9856,92,100,3,0,0
1661,8,4,768,0,364,6,7,7,1,2,-52,3,1081,9121,105,100,2,0,0
1661,15,10,1024,0,343,2,7,7,1,1,-70,4,1453,14808,98,100,1,0,0
1662,12,8,1024,0,346,5,90,7,1,1,-52,1,1126,9897,92,100,5,1,3
1661,21,20,1536,0,373,3,6,5,1,1,-52,0,1140,11539,88,100,4,0,0
1663,2,1,512,20,347,7,1,6,1,1,-88,8,3922,27451,111,100,4,0,0
1663,7,4,768,0,361,6,6,7,1,2,-70,2,1825,17058,106,100,3,0,0
1661,20,15,1280,0,353,3,5,7,1,1,-70,1,746,6783,92,100,2,0,0
1664,6,2,768,10,337,4,76,7,1,2,-52,0,915,7468,86,100,5,1,3
1664,14,10,1024,0,363,3,4,7,1,1,-52,0,926,11293,99,100,4,0,0
1665,9,4,768,0,384,4,74,7,1,1,-70,0,777,12237,106,100,5,1,3
1666,4,1,512,10,371,7,2,7,1,1,-66,8,2670,18737,110,100,2,0,0
1666,5,1,512,0,373,7,1,6,1,1,-94,0,1060,12734,110,100,4,0,0
1664,18,15,1280,0,334,3,4,5,1,1,-70,0,549,6660,98,100,2,0,0
1666,19,15,1280,0,316,4,4,7,1,1,-52,0,1096,12193,97,100,2,0,0
1666,13,8,1024,0,363,3,82,7,1,1,-70,0,658,6301,84,100,4,1,3
1666,16,11,1280,10,317,3,15,7,1,1,-70,0,519,6900,63,100,2,0,0
1666,3,1,512,10,341,7,2,7,1,2,-64,0,906,13774,108,100,3,0,0
1667,15,10,1024,0,346,2,7,7,1,1,-70,4,1783,14131,99,100,2,0,0
1666,11,7,1024,10,390,4,8,7,1,1,-52,1,1535,16823,103,100,4,0,0
1668,1,0,256,0,9,0,0,4,0,0,0,10,2557,25465,1949,100,2,0,0
1669,2,1,512,0,349,7,1,6,1,1,-88,8,1908,12817,111,100,2,0,0
1666,17,12,1280,0,364,4,5,7,1,1,-70,0,1001,8449,93,100,2,0,0
1668,7,4,768,0,364,6,6,7,1,2,-70,2,1077,8707,106,100,2,0,0
1669,10,2,768,0,343,3,78,7,1,1,-95,6,3159,24350,100,100,7,1,3
1670,11,7,1024,0,393,4,8,7,1,1,-52,1,693,7012,103,100,1,0,0
1671,13,8,1024,20,365,3,83,7,1,1,-70,0,497,5000,85,100,3,1,3
1672,4,1,512,30,376,7,2,7,1,1,-66,8,2618,16851,111,100,2,0,0
1673,18,15,1280,10,339,3,4,5,1,1,-70,0,828,7215,98,100,3,0,0
1673,20,15,1280,0,358,3,5,7,1,1,-70,1,1211,13074,93,100,3,0,0
1671,9,4,768,0,385,4,75,7,1,1,-70,0,498,7952,107,100,3,1,3
1672,12,8,1024,0,349,5,93,7,1,1,-52,1,1174,12099,93,100,6,1,3
1673,6,2,768,0,343,4,78,7,1,2,-52,0,1024,9087,86,100,4,1,3
1672,8,4,768,10,369,6,7,7,1,2,-52,3,2661,23433,106,100,4,0,0
1673,21,20,1536,10,376,3,6,5,1,1,-52,0,747,10486,88,100,3,0,0
1674,14,10,1024,0,366,3,4,7,1,1,-52,0,928,9851,100,100,4,0,0
1674,19,15,1280,10,318,4,4,7,1,1,-52,0,641,7601,98,100,2,0,0
1675,5,1,512,0,377,7,1,6,1,1,-94,0,814,11888,111,100,4,0,0
1676,12,8,1024,0,350,5,93,7,1,1,-52,1,476,5578,93,100,2,1,3
1675,3,1,512,0,346,7,2,7,1,2,-64,0,1028,14532,109,100,4,0,0
1676,2,1,512,0,352,7,1,6,1,1,-88,8,2748,17270,112,100,4,0,0
1676,13,8,1024,0,367,3,85,7,1,1,-70,0,606,5507,85,100,4,1,3
1675,17,12,1280,0,367,4,5,7,1,1,-70,0,740,8566,93,100,4,0,0
1677,1,0,256,0,9,0,0,4,0,0,0,10,2290,21748,1963,100,1,0,0
1676,15,10,1024,0,348,2,7,7,1,1,-70,4,2243,22836,99,100,4,0,0
1678,21,20,1536,0,380,3,6,5,1,1,-52,0,765,5378,89,100,2,0,0
1677,9,4,768,0,387,4,77,7,1,1,-70,0,669,9059,107,100,5,1,3
1678,7,4,768,10,366,6,6,7,1,2,-70,2,1422,18068,107,100,3,0,0
1677,16,11,1280,0,322,3,15,7,1,1,-70,0,1338,12590,64,100,4,0,0
1678,10,2,768,0,348,3,81,7,1,1,-95,6,2885,20425,101,100,7,1,3
1680,11,7,1024,10,395,4,8,7,1,1,-52,1,1143,15112,104,100,3,0,0
1682,19,15,1280,0,319,4,4,7,1,1,-52,0,524,7425,98,100,1,0,0
1681,8,4,768,0,373,6,7,7,1,2,-52,3,2026,19452,107,100,4,0,0
1682,20,15,1280,10,362,3,5,7,1,1,-70,1,1395,12806,93,100,4,0,0
1682,7,4,768,0,367,6,6,7,1,2,-70,2,760,7139,107,100,2,0,0
1682,5,1,512,0,380,7,1,6,1,1,-94,0,623,9107,111,100,2,0,0
1682,6,2,768,0,344,4,80,7,1,2,-52,0,642,9355,87,100,5,1,3
1682,10,2,768,0,350,3,82,7,1,1,-95,6,1128,8553,101,100,3,1,3
1684,4,1,512,20,381,7,2,7,1,1,-66,8,4385,30966,112,100,5,0,0
1683,18,15,1280,0,343,3,4,5,1,1,-70,0,919,10550,99,100,2,0,0
1682,16,11,1280,0,324,3,15,7,1,1,-70,0,472,4877,64,100,2,0,0
1683,21,20,1536,0,382,3,6,5,1,1,-52,0,469,4884,89,100,2,0,0
1682,9,4,768,0,388,4,79,7,1,1,-70,0,417,5725,107,100,4,1,3
1683,14,10,1024,0,371,3,4,7,1,1,-52,0,834,9206,100,100,3,0,0
1685,12,8,1024,20,356,5,96,7,1,1,-52,1,1625,12573,94,100,6,1,3
1684,13,8,1024,0,369,3,87,7,1,1,-70,0,670,8323,85,100,5,1,3
1684,17,12,1280,0,370,4,5,7,1,1,-70,0,680,8006,94,100,2,0,0
1686,3,1,512,0,352,7,2,7,1,2,-64,0,1066,15725,109,100,3,0,0
1686,20,15,1280,0,364,3,5,7,1,1,-70,1,698,6626,93,100,0,0,0
1687,2,1,512,30,357,7,1,6,1,1,-88,8,3620,25483,112,100,3,0,0
1688,1,0,256,0,9,0,0,4,0,0,0,10,2513,26104,1976,100,2,0,0
1686,19,15,1280,0,321,4,4,7,1,1,-52,0,531,5609,99,100,1,0,0
1687,10,2,768,0,351,3,83,7,1,1,-95,6,1552,10565,101,100,2,1,3
1688,17,12,1280,10,373,4,5,7,1,1,-70,0,469,4181,94,100,2,0,0
1688,5,1,512,10,382,7,1,6,1,1,-94,0,459,7412,112,100,2,0,0
1688,15,10,1024,10,350,2,7,7,1,1,-70,4,2745,25181,100,100,3,0,0
1687,18,15,1280,0,345,3,4,5,1,1,-70,0,494,5049,99,100,2,0,0
1690,4,1,512,0,382,7,2,7,1,1,-66,8,2115,15958,112,100,2,0,0
1689,8,4,768,0,377,6,7,7,1,2,-52,3,1778,16978,107,100,2,0,0
1689,14,10,1024,10,374,3,4,7,1,1,-52,0,657,6221,101,100,2,0,0
1690,16,11,1280,10,327,3,15,7,1,1,-70,0,671,7963,65,100,3,0,0
1691,11,7,1024,0,401,4,8,7,1,1,-52,1,1825,18938,105,100,4,0,0
1691,6,2,768,0,347,4,82,7,1,2,-52,0,887,8802,87,100,5,1,3
1691,7,4,768,0,370,6,6,7,1,2,-70,2,1706,16236,108,100,3,0,0
1692,10,2,768,10,353,3,84,7,1,1,-95,6,1428,11639,102,100,2,1,3
1694,3,1,512,0,354,7,2,7,1,2,-64,0,658,9877,110,100,2,0,0
1694,12,8,1024,0,361,5,98,7,1,1,-52,1,1475,13041,95,100,5,1,3
1693,9,4,768,0,391,4,82,7,1,1,-70,0,936,14162,108,100,6,1,3
1694,21,20,1536,0,387,3,6,5,1,1,-52,0,1033,11085,90,100,4,0,0
1694,8,4,768,20,381,6,7,7,1,2,-52,3,1291,11015,108,100,2,0,0
1695,13,8,1024,0,373,3,90,7,1,1,-70,0,1010,10923,86,100,7,1,3
1696,5,1,512,0,387,7,1,6,1,1,-94,0,1011,9724,112,100,4,0,0
1696,11,7,1024,0,403,4,8,7,1,1,-52,1,527,7251,105,100,2,0,0
1696,7,4,768,0,374,6,6,7,1,2,-70,2,865,7984,108,100,2,0,0
1697,15,10,1024,0,351,2,7,7,1,1,-70,4,1758,21225,101,100,3,0,0
1698,2,1,512,0,359,7,1,6,1,1,-88,8,3237,23691,113,100,3,0,0
1698,17,12,1280,10,376,4,5,7,1,1,-70,0,788,9408,95,100,2,0,0
1697,6,2,768,0,350,4,84,7,1,2,-52,0,734,7332,88,100,4,1,3
1698,4,1,512,0,384,7,2,7,1,1,-66,8,3444,22593,113,100,3,0,0
1698,1,0,256,0,9,0,0,4,0,0,0,10,2438,25397,1989,100,2,0,0
1697,19,15,1280,0,326,4,4,7,1,1,-52,0,989,11154,99,100,2,0,0
1698,18,15,1280,0,348,3,4,5,1,1,-70,0,801,10292,100,100,3,0,0
1698,20,15,1280,0,371,3,5,7,1,1,-70,1,1901,16312,94,100,5,0,0
1700,14,10,1024,0,377,3,4,7,1,1,-52,0,765,10481,101,100,4,0,0
1701,3,1,512,0,356,7,2,7,1,2,-64,0,588,8700,110,100,3,0,0
1700,16,11,1280,0,332,3,15,7,1,1,-70,0,971,10634,65,100,2,0,0
1700,12,8,1024,0,363,5,99,7,1,1,-52,1,1054,10392,95,100,5,1,3
1702,10,2,768,0,358,3,87,7,1,1,-95,6,2987,21868,103,100,7,1,3
1703,2,1,512,20,361,7,1,6,1,1,-88,8,2072,12765,113,100,2,0,0
1702,8,4,768,0,383,6,7,7,1,2,-52,3,1420,15449,108,100,2,0,0
1704,4,1,512,20,385,7,2,7,1,1,-66,8,1534,13493,113,100,2,0,0
1703,21,20,1536,10,390,3,6,5,1,1,-52,0,785,8750,91,100,2,0,0
1703,13,8,1024,0,377,3,91,7,1,1,-70,0,817,9352,87,100,3,1,3
1703,9,4,768,0,394,4,84,7,1,1,-70,0,782,11651,109,100,5,1,3
1704,17,12,1280,0,379,4,5,7,1,1,-70,0,722,6600,95,100,2,0,0
1704,20,15,1280,0,375,3,5,7,1,1,-70,1,1124,9357,95,100,2,0,0
1707,3,1,512,0,358,7,2,7,1,2,-64,0,469,7523,111,100,1,0,0
1705,19,15,1280,0,330,4,4,7,1,1,-52,0,794,8941,100,100,1,0,0
1707,15,10,1024,0,355,2,7,7,1,1,-70,4,2792,22899,101,100,4,0,0
1707,5,1,512,0,390,7,1,6,1,1,-94,0,837,13744,113,100,4,0,0
1706,6,2,768,0,355,4,86,7,1,2,-52,0,886,9110,88,100,5,1,3
1707,11,7,1024,0,409,4,8,7,1,1,-52,1,1859,18997,106,100,5,0,0
1706,18,15,1280,10,351,3,4,5,1,1,-70,0,877,8429,101,100,4,0,0
1707,12,8,1024,0,364,5,101,7,1,1,-52,1,737,8249,95,100,3,1,3
1708,7,4,768,0,381,6,6,7,1,2,-70,2,2135,20757,109,100,4,0,0
1709,4,1,512,20,387,7,3,7,1,1,-66,8,2474,15994,113,100,3,0,0
1709,1,0,256,0,9,0,0,4,0,0,0,10,2780,27895,2007,100,2,0,0
1709,17,12,1280,0,382,4,5,7,1,1,-70,0,576,4262,95,100,2,0,0
1711,14,10,1024,0,380,3,4,7,1,1,-52,0,951,10075,102,100,4,0,0
1711,16,11,1280,0,335,3,15,7,1,1,-70,0,887,10607,66,100,4,0,0
1712,9,4,768,10,399,4,86,7,1,1,-70,0,967,10042,109,100,5,1,3
1712,10,2,768,0,359,3,90,7,1,1,-95,6,2547,20548,103,100,6,1,3
1712,20,15,1280,0,376,4,5,7,1,1,-70,1,687,9135,95,100,2,0,0
1712,21,20,1536,0,395,3,6,5,1,1,-52,0,857,8805,91,100,3,0,0
1712,13,8,1024,0,382,3,94,7,1,1,-70,0,1043,9671,87,100,6,1,3
1714,2,1,512,0,367,7,1,6,1,1,-88,8,3747,25136,114,100,4,0,0
1715,19,15,1280,0,331,4,4,7,1,1,-52,0,514,7967,100,100,2,0,0
1714,8,4,768,0,387,6,7,7,1,2,-52,3,2482,23751,109,100,5,0,0
1714,3,1,512,0,362,7,2,7,1,2,-64,0,844,10850,111,100,4,0,0
1714,6,2,768,0,360,4,88,7,1,2,-52,0,1045,8142,89,100,5,1,3
1715,1,0,256,0,10,0,0,4,0,0,0,10,1436,14253,2012,100,2,0,0
1717,18,15,1280,0,354,3,4,5,1,1,-70,0,650,8774,101,100,2,0,0
1716,4,1,512,10,391,7,3,7,1,1,-66,8,2323,17425,114,100,3,0,0
1716,14,10,1024,0,383,3,4,7,1,1,-52,0,557,6474,103,100,1,0,0
1717,12,8,1024,0,366,5,103,7,1,1,-52,1,1459,14003,96,100,6,1,3
1717,13,8,1024,0,384,3,95,7,1,1,-70,0,554,4467,88,100,3,1,3
1717,15,10,1024,0,362,3,7,7,1,1,-70,4,2799,25249,102,100,3,0,0
1718,7,4,768,0,387,6,6,7,1,2,-70,2,1333,15220,109,100,4,0,0
1718,5,1,512,0,395,7,1,6,1,1,-94,0,1051,14375,114,100,4,0,0
1719,20,15,1280,0,378,4,5,7,1,1,-70,1,873,8952,96,100,3,0,0
1718,8,4,768,10,390,6,7,7,1,2,-52,3,1053,8619,109,100,1,0,0
1721,18,15,1280,0,356,3,4,5,1,1,-70,0,470,3951,101,100,2,0,0
1718,16,11,1280,0,339,3,15,7,1,1,-70,0,765,7597,67,100,2,0,0
1719,11,7,1024,0,414,4,8,7,1,1,-52,1,1913,19744,107,100,5,0,0
1720,9,4,768,0,403,4,88,7,1,1,-70,0,890,10732,110,100,5,1,3
1721,19,15,1280,0,332,4,4,7,1,1,-52,0,449,6430,101,100,1,0,0
1719,17,12,1280,0,388,4,5,7,1,1,-70,0,1140,11822,96,100,4,0,0
1721,6,2,768,0,362,4,89,7,1,2,-52,0,520,6369,89,100,3,1,3
1722,4,1,512,30,395,7,3,7,1,1,-66,8,2584,15753,114,100,2,0,0
1723,10,2,768,0,362,3,93,7,1,1,-95,6,3177,23451,104,100,8,1,3
1724,2,1,512,10,371,7,1,6,1,1,-88,8,3564,23642,115,100,4,0,0
1724,12,8,1024,0,369,5,105,7,1,1,-52,1,1028,9389,97,100,5,1,3
1725,1,0,256,0,10,0,0,4,0,0,0,10,2591,24043,2028,100,2,0,0
1724,21,20,1536,0,401,3,6,5,1,1,-52,0,1039,11546,92,100,3,0,0
1725,18,15,1280,0,357,3,4,5,1,1,-70,0,419,4426,102,100,2,0,0
1724,13,8,1024,0,391,3,97,7,1,1,-70,0,1102,8368,88,100,5,1,3
1725,9,4,768,0,404,4,89,7,1,1,-70,0,396,6682,110,100,2,1,3
1725,19,15,1280,0,332,4,4,7,1,1,-52,0,286,4290,101,100,1,0,0
1726,3,1,512,0,368,7,2,7,1,2,-64,0,1330,15046,112,100,4,0,0
1725,15,10,1024,0,365,3,7,7,1,1,-70,4,2402,19564,103,100,4,0,0
1725,17,12,1280,10,390,4,5,7,1,1,-70,0,527,5465,97,100,2,0,0
1726,7,4,768,0,392,6,6,7,1,2,-70,2,1794,15145,110,100,3,0,0
1728,5,1,512,0,398,7,1,6,1,1,-94,0,768,11742,115,100,3,0,0
1728,20,15,1280,0,382,4,5,7,1,1,-70,1,1260,12243,96,100,3,0,0
1727,6,2,768,10,366,4,91,7,1,2,-52,0,734,7173,90,100,4,1,3
1729,11,7,1024,0,417,4,8,7,1,1,-52,1,739,14138,107,100,2,0,0
1728,14,10,1024,0,388,3,4,7,1,1,-52,0,1085,11165,103,100,4,0,0
1729,4,1,512,20,397,7,3,7,1,1,-66,8,2502,19138,115,100,2,0,0
1729,21,20,1536,0,402,3,6,5,1,1,-52,0,364,4516,92,100,2,0,0
1728,8,4,768,0,392,6,7,7,1,2,-52,3,1965,20134,110,100,4,0,0
1730,18,15,1280,0,359,3,4,5,1,1,-70,0,494,4702,102,100,2,0,0
1730,19,15,1280,0,334,4,4,7,1,1,-52,0,476,5145,101,100,1,0,0
1729,16,11,1280,0,345,3,15,7,1,1,-70,0,1079,10745,67,100,5,0,0
1728,12,8,1024,0,370,5,106,7,1,1,-52,1,723,7240,97,100,3,1,3
1730,9,4,768,0,405,4,90,7,1,1,-70,0,469,6613,111,100,3,1,3
1731,7,4,768,0,393,6,6,7,1,2,-70,2,729,7315,110,100,2,0,0
1732,15,10,1024,10,366,3,7,7,1,1,-70,4,1628,16936,103,100,2,0,0
1733,20,15,1280,0,384,4,5,7,1,1,-70,1,778,6357,96,100,2,0,0
1734,4,1,512,30,402,7,3,7,1,1,-66,8,2044,12240,115,100,2,0,0
1734,2,1,512,0,374,7,1,6,1,1,-88,8,3565,22937,115,100,4,0,0
1734,1,0,256,0,10,0,0,4,0,0,0,10,2147,22229,2036,100,2,0,0
1731,17,12,1280,0,392,4,5,7,1,1,-70,0,518,7105,97,100,2,0,0
1734,5,1,512,0,401,7,1,6,1,1,-94,0,651,8131,115,100,2,0,0
1734,10,2,768,20,369,3,96,7,1,1,-95,6,4031,26305,105,100,7,1,3
1734,8,4,768,0,394,6,7,7,1,2,-52,3,1119,11418,110,100,2,0,0
1734,14,10,1024,0,390,3,4,7,1,1,-52,0,546,5897,104,100,3,0,0
1734,12,8,1024,0,372,5,107,7,1,1,-52,1,759,7372,97,100,3,1,3
1734,18,15,1280,0,361,3,4,5,1,1,-70,0,536,4442,102,100,2,0,0
1735,3,1,512,0,371,7,2,7,1,2,-64,0,820,12521,113,100,3,0,0
1736,13,8,1024,10,395,3,99,7,1,1,-70,0,960,11479,89,100,6,1,3
1737,6,2,768,10,370,4,93,7,1,2,-52,0,1041,9813,91,100,6,1,3
1738,11,7,1024,0,421,4,8,7,1,1,-52,1,1354,14660,108,100,4,0,0
1735,17,12,1280,0,394,4,5,7,1,1,-70,0,469,4473,97,100,2,0,0
1738,1,0,256,0,10,0,0,4,0,0,0,10,1207,11316,2045,100,0,0,0
1739,16,11,1280,0,348,3,15,7,1,1,-70,0,780,9018,68,100,3,0,0
1739,2,1,512,0,375,7,1,6,1,1,-88,8,1588,11862,116,100,2,0,0
1740,4,1,512,10,403,7,3,7,1,1,-66,8,2545,16869,115,100,1,0,0
1740,19,15,1280,0,337,4,4,7,1,1,-52,0,808,9578,102,100,2,0,0
1740,7,4,768,0,397,6,6,7,1,2,-70,2,1593,15899,111,100,3,0,0
1740,14,10,1024,0,393,3,4,7,1,1,-52,0,601,5765,104,100,2,0,0
1740,9,4,768,0,408,4,93,7,1,1,-70,0,856,12147,111,100,6,1,3
1740,21,20,1536,0,407,3,6,5,1,1,-52,0,1039,11252,93,100,3,0,0
1740,18,15,1280,0,365,3,4,5,1,1,-70,0,723,7004,103,100,2,0,0
1741,10,2,768,10,370,3,97,7,1,1,-95,6,1932,14996,105,100,3,1,3
1742,15,10,1024,10,371,3,7,7,1,1,-70,4,2808,23559,104,100,4,0,0
1742,20,15,1280,0,389,4,5,7,1,1,-70,1,1516,14011,97,100,3,0,0
1741,12,8,1024,0,377,5,109,7,1,1,-52,1,1338,11252,98,100,4,1,3
1744,6,2,768,0,373,4,95,7,1,2,-52,0,889,6488,91,100,4,1,3
1744,4,1,512,30,405,7,3,7,1,1,-66,8,1406,10904,116,100,2,0,0
1744,11,7,1024,0,423,4,8,7,1,1,-52,1,762,9003,108,100,2,0,0
1741,17,12,1280,0,395,4,5,7,1,1,-70,0,442,5439,98,100,2,0,0
1744,5,1,512,0,403,7,1,6,1,1,-94,0,711,12502,116,100,3,0,0
1745,2,1,512,10,376,7,1,6,1,1,-88,8,2178,13686,116,100,1,0,0
1745,16,11,1280,0,351,3,15,7,1,1,-70,0,601,5847,68,100,2,0,0
1746,8,4,768,10,397,6,8,7,1,2,-52,3,2385,24080,111,100,4,0,0
1748,10,2,768,0,372,3,99,7,1,1,-95,6,1402,11551,105,100,4,1,3
1747,3,1,512,10,376,7,2,7,1,2,-64,0,1113,15354,113,100,3,0,0
1748,18,15,1280,0,367,3,4,5,1,1,-70,0,518,7236,103,100,2,0,0
1749,9,4,768,0,412,4,95,7,1,1,-70,0,872,11026,112,100,4,1,3
1749,4,1,512,30,407,7,3,7,1,1,-66,8,2001,13836,116,100,2,0,0
1748,14,10,1024,0,396,3,4,7,1,1,-52,0,778,8406,105,100,3,0,0
1748,13,8,1024,10,398,3,102,7,1,1,-70,0,1008,11570,90,100,7,1,3
1749,1,0,256,0,10,0,0,4,0,0,0,10,2426,26811,2057,100,2,0,0
1749,20,15,1280,0,393,4,5,7,1,1,-70,1,1079,10141,98,100,2,0,0
1749,21,20,1536,0,412,3,6,5,1,1,-52,0,1017,10018,94,100,3,0,0
1750,7,4,768,10,399,6,6,7,1,2,-70,2,1360,16640,111,100,3,0,0
1750,19,15,1280,0,338,4,4,7,1,1,-52,0,594,10853,103,100,2,0,0
1749,17,12,1280,0,400,4,5,7,1,1,-70,0,838,7685,98,100,2,0,0
1752,3,1,512,0,377,7,2,7,1,2,-64,0,545,6119,114,100,2,0,0
1753,2,1,512,30,378,7,1,6,1,1,-88,8,2400,17500,117,100,2,0,0
1751,15,10,1024,10,375,3,7,7,1,1,-70,4,2676,22703,104,100,3,0,0
1753,5,1,512,0,405,7,1,6,1,1,-94,0,516,10433,116,100,2,0,0
1752,18,15,1280,0,368,3,4,5,1,1,-70,0,425,4352,104,100,1,0,0
1752,12,8,1024,0,382,5,111,7,1,1,-52,1,1626,13602,99,100,6,1,3
1753,6,2,768,0,375,4,96,7,1,2,-52,0,696,9264,92,100,4,1,3
1754,14,10,1024,0,398,3,4,7,1,1,-52,0,494,6006,105,100,2,0,0
1756,11,7,1024,10,428,4,8,7,1,1,-52,1,1532,19021,109,100,4,0,0
1755,16,11,1280,0,354,3,16,7,1,1,-70,0,824,10209,69,100,5,0,0
1754,9,4,768,10,417,4,96,7,1,1,-70,0,735,8451,112,100,3,1,3
1754,13,8,1024,0,400,3,103,7,1,1,-70,0,543,6538,90,100,4,1,3
1756,1,0,256,0,10,0,0,4,0,0,0,10,1791,16608,2068,100,2,0,0
1754,17,12,1280,0,402,4,5,7,1,1,-70,0,549,5695,99,100,2,0,0
1757,3,1,512,0,378,7,2,7,1,2,-64,0,384,6772,114,100,2,0,0
1757,8,4,768,0,401,6,8,7,1,2,-52,3,2471,23083,112,100,5,0,0
1757,18,15,1280,0,369,3,4,5,1,1,-70,0,387,5609,104,100,2,0,0
1759,10,2,768,0,378,3,101,7,1,1,-95,6,3624,25322,106,100,7,1,3
1759,5,1,512,0,408,7,1,6,1,1,-94,0,668,8034,117,100,3,0,0
1760,4,1,512,0,412,7,3,7,1,1,-66,8,4074,28172,117,100,4,0,0
1759,19,15,1280,0,340,4,4,7,1,1,-52,0,605,8887,104,100,1,0,0
1759,20,15,1280,0,397,4,5,7,1,1,-70,1,1227,13003,98,100,4,0,0
1760,7,4,768,0,405,6,6,7,1,2,-70,2,1845,18069,112,100,4,0,0
1762,11,7,1024,0,432,4,8,7,1,1,-52,1,1027,9991,109,100,3,0,0
1762,2,1,512,10,379,7,1,6,1,1,-88,8,2567,19475,117,100,3,0,0
1762,12,8,1024,0,389,5,114,7,1,1,-52,1,1668,13499,99,100,7,1,3
1761,21,20,1536,0,418,3,6,5,1,1,-52,0,1272,11283,94,100,4,0,0
1761,9,4,768,10,419,4,98,7,1,1,-70,0,754,9045,113,100,5,1,3
1761,14,10,1024,0,400,3,4,7,1,1,-52,0,551,6673,106,100,2,0,0
1763,3,1,512,0,379,7,2,7,1,2,-64,0,390,6932,114,100,1,0,0
1761,17,12,1280,0,404,4,5,7,1,1,-70,0,584,6292,99,100,4,0,0
1761,15,10,1024,0,378,3,7,7,1,1,-70,4,2257,22508,105,100,4,0,0
1764,6,2,768,0,379,4,99,7,1,2,-52,0,928,9814,92,100,7,1,3
1764,13,8,1024,0,405,3,106,7,1,1,-70,0,1100,10293,91,100,6,1,3
1765,5,1,512,0,413,7,1,6,1,1,-94,0,812,7846,117,100,2,0,0
1767,10,2,768,0,380,3,103,7,1,1,-95,6,2127,15979,107,100,4,1,3
1767,11,7,1024,10,433,4,8,7,1,1,-52,1,658,7614,110,100,1,0,0
1766,9,4,768,0,421,4,99,7,1,1,-70,0,604,6056,113,100,3,1,3
1768,4,1,512,30,416,7,3,7,1,1,-66,8,3137,21246,117,100,2,0,0
1768,1,0,256,0,10,0,0,4,0,0,0,10,2911,28862,2084,100,2,0,0
1766,16,11,1280,0,360,3,16,7,1,1,-70,0,1148,11650,70,100,3,0,0
1768,21,20,1536,0,421,3,6,5,1,1,-52,0,682,7271,95,100,2,0,0
1767,12,8,1024,0,390,5,115,7,1,1,-52,1,595,6901,100,100,1,1,3
1767,8,4,768,0,407,6,8,7,1,2,-52,3,2374,21067,113,100,4,0,0
1769,14,10,1024,0,403,3,4,7,1,1,-52,0,716,7305,106,100,4,0,0
1770,5,1,512,0,414,7,1,6,1,1,-94,0,366,5868,117,100,1,0,0
1769,20,15,1280,0,398,4,5,7,1,1,-70,1,1065,12151,99,100,2,0,0
1768,17,12,1280,0,406,4,5,7,1,1,-70,0,573,6799,100,100,2,0,0
1769,19,15,1280,0,342,4,4,7,1,1,-52,0,645,10004,104,100,2,0,0
1770,18,15,1280,0,375,3,4,5,1,1,-70,0,1141,11993,105,100,4,0,0
1771,16,11,1280,0,362,3,16,7,1,1,-70,0,472,4946,70,100,2,0,0
1772,10,2,768,0,382,3,104,7,1,1,-95,6,1621,11008,107,100,3,1,3
1771,3,1,512,0,382,7,2,7,1,2,-64,0,691,10591,115,100,3,0,0
1771,7,4,768,0,410,6,6,7,1,2,-70,2,2326,20789,113,100,6,0,0
1773,2,1,512,0,388,7,1,6,1,1,-88,8,4188,25724,118,100,4,0,0
1772,15,10,1024,0,381,3,8,7,1,1,-70,4,2427,24357,106,100,5,0,0
1774,6,2,768,10,381,4,101,7,1,2,-52,0,568,10058,93,100,4,1,3
1772,21,20,1536,0,424,3,6,5,1,1,-52,0,576,4774,95,100,2,0,0
1774,13,8,1024,0,408,3,109,7,1,1,-70,0,785,10001,92,100,6,1,3
1775,1,0,256,0,10,0,0,4,0,0,0,10,1790,18938,2092,100,1,0,0
1775,11,7,1024,0,439,4,8,7,1,1,-52,1,1568,16426,110,100,4,0,0
1775,19,15,1280,0,343,4,4,7,1,1,-52,0,450,6163,105,100,1,0,0
1776,20,15,1280,0,403,4,5,7,1,1,-70,1,1287,10232,99,100,3,0,0
1776,5,1,512,0,417,7,1,6,1,1,-94,0,697,8997,118,100,2,0,0
1777,4,1,512,10,419,7,3,7,1,1,-66,8,3155,24006,118,100,4,0,0
1777,2,1,512,0,390,7,1,6,1,1,-88,8,1606,10296,118,100,2,0,0
1777,15,10,1024,0,385,3,8,7,1,1,-70,4,1580,12117,106,100,2,0,0
1777,12,8,1024,0,399,5,118,7,1,1,-52,1,1932,15362,100,100,8,1,3
1777,9,4,768,0,424,4,102,7,1,1,-70,0,930,14078,114,100,7,1,3
1779,8,4,768,10,412,6,8,7,1,2,-52,3,2190,23559,113,100,4,0,0
1778,18,15,1280,0,377,3,4,5,1,1,-70,0,641,8515,105,100,3,0,0
1778,17,12,1280,0,411,4,5,7,1,1,-70,0,1164,10434,100,100,4,0,0
1781,10,2,768,20,387,3,107,7,1,1,-95,6,2687,20759,108,100,6,1,3
1780,16,11,1280,0,364,3,16,7,1,1,-70,0,598,8932,71,100,2,0,0
1779,14,10,1024,0,405,3,4,7,1,1,-52,0,719,10334,107,100,3,0,0
1779,7,4,768,0,417,6,6,7,1,2,-70,2,1800,15266,113,100,2,0,0
1780,13,8,1024,0,410,3,110,7,1,1,-70,0,523,5659,92,100,3,1,3
1782,3,1,512,0,387,7,2,7,1,2,-64,0,1033,13487,116,100,3,0,0
1779,20,15,1280,0,407,4,5,7,1,1,-70,1,896,6973,100,100,1,0,0
1782,6,2,768,10,386,4,104,7,1,2,-52,0,1014,8464,93,100,7,1,3
1783,2,1,512,30,392,7,1,6,1,1,-88,8,2294,14328,119,100,2,0,0
1780,19,15,1280,0,345,4,4,7,1,1,-52,0,500,6549,105,100,1,0,0
1784,1,0,256,0,10,0,0,4,0,0,0,10,2307,21353,2107,100,2,0,0
1783,11,7,1024,0,444,4,8,7,1,1,-52,1,1329,13992,111,100,3,0,0
1783,15,10,1024,0,386,3,8,7,1,1,-70,4,1551,13791,107,100,2,0,0
1784,12,8,1024,0,400,5,119,7,1,1,-52,1,957,9695,101,100,4,1,3
1783,21,20,1536,0,428,3,6,5,1,1,-52,0,926,11204,96,100,4,0,0
1786,18,15,1280,0,380,3,4,5,1,1,-70,0,657,7065,106,100,2,0,0
1785,4,1,512,0,422,7,3,7,1,1,-66,8,3472,24381,118,100,4,0,0
1786,5,1,512,10,420,7,1,6,1,1,-94,0,713,11279,118,100,4,0,0
1787,10,2,768,0,390,3,108,7,1,1,-95,6,2189,13288,108,100,4,1,3
1787,6,2,768,0,387,4,105,7,1,2,-52,0,532,4471,94,100,1,1,3
1787,13,8,1024,0,412,3,112,7,1,1,-70,0,647,6581,92,100,5,1,3
1788,15,10,1024,0,388,3,8,7,1,1,-70,4,1021,9616,107,100,1,0,0
1786,17,12,1280,20,414,4,5,7,1,1,-70,0,552,7579,101,100,2,0,0
1787,9,4,768,0,426,4,105,7,1,1,-70,0,723,13566,114,100,6,1,3
1787,7,4,768,0,422,6,6,7,1,2,-70,2,1336,13744,114,100,4,0,0
1790,14,10,1024,0,408,3,4,7,1,1,-52,0,626,9278,107,100,2,0,0
1788,16,11,1280,0,368,3,16,7,1,1,-70,0,853,9963,71,100,3,0,0
1790,1,0,256,0,10,0,0,4,0,0,0,10,1220,14158,2112,100,1,0,0
1789,20,15,1280,10,410,4,5,7,1,1,-70,1,976,11068,100,100,2,0,0
1788,8,4,768,0,416,6,8,7,1,2,-52,3,2293,19952,114,100,4,0,0
1789,21,20,1536,0,429,3,6,5,1,1,-52,0,393,5166,96,100,1,0,0
1790,3,1,512,10,389,7,2,7,1,2,-64,0,614,10591,116,100,3,0,0
1790,19,15,1280,0,347,4,4,7,1,1,-52,0,677,8736,106,100,2,0,0
1790,11,7,1024,0,446,4,8,7,1,1,-52,1,817,10669,111,100,2,0,0
1791,6,2,768,0,388,4,107,7,1,2,-52,0,469,5420,94,100,5,1,3
1791,4,1,512,10,423,7,3,7,1,1,-66,8,2274,16003,119,100,2,0,0
1792,12,8,1024,0,402,5,121,7,1,1,-52,1,954,10602,101,100,4,1,3
1794,1,0,256,0,10,0,0,4,0,0,0,10,882,9704,2118,100,0,0,0
1795,14,10,1024,0,409,3,4,7,1,1,-52,0,443,4867,108,100,2,0,0
1794,5,1,512,10,423,7,1,6,1,1,-94,0,770,10453,119,100,2,0,0
1792,7,4,768,10,422,6,6,7,1,2,-70,2,840,8243,114,100,1,0,0
1794,2,1,512,10,395,7,1,6,1,1,-88,8,3975,27319,119,100,3,0,0
1793,9,4,768,0,427,4,107,7,1,1,-70,0,527,6326,115,100,4,1,3
1795,3,1,512,0,389,7,2,7,1,2,-64,0,285,5286,116,100,1,0,0
1793,21,20,1536,0,431,3,6,5,1,1,-52,0,469,4984,96,100,2,0,0
1794,13,8,1024,0,414,3,114,7,1,1,-70,0,630,7675,93,100,4,1,3
1796,19,15,1280,0,349,4,4,7,1,1,-52,0,500,5621,106,100,1,0,0
1794,8,4,768,0,420,6,8,7,1,2,-52,3,1574,13316,115,100,2,0,0
1796,18,15,1280,0,385,3,4,5,1,1,-70,0,1016,10165,107,100,3,0,0
1796,11,7,1024,0,447,4,8,7,1,1,-52,1,682,8890,112,100,1,0,0
1796,20,15,1280,0,411,4,5,7,1,1,-70,1,1105,10081,101,100,3,0,0
1797,16,11,1280,0,373,3,16,7,1,1,-70,0,986,9014,72,100,4,0,0
1798,6,2,768,0,391,4,108,7,1,2,-52,0,683,6449,95,100,3,1,3
1796,12,8,1024,10,405,5,123,7,1,1,-52,1,883,8166,102,100,4,1,3
1797,10,2,768,0,396,3,111,7,1,1,-95,6,3746,26558,109,100,7,1,3
1797,7,4,768,0,425,6,7,7,1,2,-70,2,1118,8542,115,100,2,0,0
1799,1,0,256,0,10,0,0,4,0,0,0,10,1444,12691,2126,100,1,0,0
1800,15,10,1024,0,394,3,8,7,1,1,-70,4,3471,28840,108,100,4,0,0
1799,4,1,512,20,426,7,3,7,1,1,-66,8,3181,20877,119,100,2,0,0
1800,3,1,512,0,393,7,2,7,1,2,-64,0,552,6676,117,100,1,0,0
1797,17,12,1280,0,420,4,5,7,1,1,-70,0,1249,11995,102,100,4,0,0
1802,14,10,1024,0,411,3,4,7,1,1,-52,0,592,6027,108,100,3,0,0
1798,13,8,1024,0,417,3,116,7,1,1,-70,0,633,4962,93,100,4,1,3
1799,9,4,768,0,428,4,109,7,1,1,-70,0,582,8053,115,100,3,1,3
1802,20,15,1280,0,413,4,5,7,1,1,-70,1,664,6969,101,100,2,0,0
1803,10,2,768,0,397,3,112,7,1,1,-95,6,1286,11361,109,100,3,1,3
1803,11,7,1024,10,450,4,8,7,1,1,-52,1,1014,11194,112,100,3,0,0
1804,2,1,512,30,401,7,1,6,1,1,-88,8,3459,22352,120,100,4,0,0
1803,15,10,1024,10,394,3,8,7,1,1,-70,4,871,11262,108,100,1,0,0
1803,8,4,768,20,425,6,8,7,1,2,-52,3,1954,18649,115,100,3,0,0
1805,5,1,512,0,427,7,1,6,1,1,-94,0,945,13982,120,100,4,0,0
1805,4,1,512,20,428,7,3,7,1,1,-66,8,1843,14579,120,100,2,0,0
1804,19,15,1280,0,355,4,4,7,1,1,-52,0,1008,8852,107,100,1,0,0
1803,12,8,1024,0,408,5,124,7,1,1,-52,1,1089,9341,102,100,4,1,3
1804,21,20,1536,0,436,3,6,5,1,1,-52,0,1015,9753,97,100,3,0,0
1805,18,15,1280,0,390,3,4,5,1,1,-70,0,956,8862,107,100,4,0,0
1805,7,4,768,0,429,6,7,7,1,2,-70,2,1117,13178,115,100,4,0,0
1807,3,1,512,0,395,7,2,7,1,2,-64,0,612,9287,117,100,3,0,0
1806,6,2,768,0,393,4,110,7,1,2,-52,0,572,7880,95,100,4,1,3
1807,13,8,1024,0,420,3,118,7,1,1,-70,0,727,8858,94,100,4,1,3
1809,1,0,256,0,10,0,0,4,0,0,0,10,2352,24466,2137,100,2,0,0
1807,16,11,1280,10,377,3,16,7,1,1,-70,0,904,10752,73,100,4,0,0
1809,2,1,512,10,404,7,1,6,1,1,-88,8,2026,12753,120,100,2,0,0
1808,15,10,1024,0,398,3,8,7,1,1,-70,4,1691,13607,108,100,3,0,0
1807,17,12,1280,0,424,4,5,7,1,1,-70,0,873,10292,102,100,4,0,0
1811,9,4,768,0,432,4,111,7,1,1,-70,0,1056,13926,116,100,7,1,3
1810,14,10,1024,0,419,3,4,7,1,1,-52,0,1356,11943,109,100,4,0,0
1811,10,2,768,0,398,3,114,7,1,1,-95,6,2403,18965,110,100,4,1,3
1813,3,1,512,0,397,7,2,7,1,2,-64,0,567,8272,118,100,2,0,0
1812,18,15,1280,10,394,3,4,5,1,1,-70,0,764,7475,108,100,2,0,0
1813,19,15,1280,0,359,4,4,7,1,1,-52,0,860,9750,107,100,2,0,0
1814,6,2,768,0,395,4,112,7,1,2,-52,0,725,8146,96,100,5,1,3
1814,8,4,768,0,428,6,8,7,1,2,-52,3,1976,19875,116,100,4,0,0
1815,1,0,256,0,10,0,0,4,0,0,0,10,1628,15128,2148,100,1,0,0
1813,20,15,1280,10,415,4,5,7,1,1,-70,1,1170,14353,102,100,3,0,0
1814,21,20,1536,0,440,3,6,5,1,1,-52,0,806,9232,98,100,3,0,0
1814,11,7,1024,0,453,4,8,7,1,1,-52,1,1295,17889,113,100,4,0,0
1815,7,4,768,0,432,6,7,7,1,2,-70,2,1432,15326,116,100,2,0,0
1815,4,1,512,30,434,7,3,7,1,1,-66,8,4002,28155,120,100,4,0,0
1814,16,11,1280,0,378,3,16,7,1,1,-70,0,413,6425,73,100,2,0,0
1815,12,8,1024,0,413,5,127,7,1,1,-52,1,1541,14677,103,100,7,1,3
1817,5,1,512,0,430,7,1,6,1,1,-94,0,832,14348,120,100,4,0,0
1813,17,12,1280,0,427,4,5,7,1,1,-70,0,658,6163,103,100,2,0,0
1818,18,15,1280,0,395,3,4,5,1,1,-70,0,388,5176,108,100,2,0,0
1818,9,4,768,0,434,4,113,7,1,1,-70,0,569,8892,116,100,5,1,3
1819,2,1,512,10,406,7,1,6,1,1,-88,8,2686,19561,121,100,3,0,0
1817,15,10,1024,20,402,3,8,7,1,1,-70,4,2297,21359,109,100,2,0,0
1817,14,10,1024,0,423,3,4,7,1,1,-52,0,710,7246,109,100,2,0,0
1818,19,15,1280,0,360,4,4,7,1,1,-52,0,369,4786,107,100,1,0,0
1819,4,1,512,20,435,7,3,7,1,1,-66,8,1543,10959,121,100,1,0,0
1820,12,8,1024,0,414,5,128,7,1,1,-52,1,560,5908,103,100,2,1,3
1819,13,8,1024,0,427,3,121,7,1,1,-70,0,1336,11912,95,100,8,1,3
1819,20,15,1280,0,419,4,5,7,1,1,-70,1,1000,8722,102,100,2,0,0
1822,1,0,256,0,10,0,0,4,0,0,0,10,1627,16758,2154,100,2,0,0
1822,3,1,512,0,401,7,2,7,1,2,-64,0,723,11056,118,100,3,0,0
1819,21,20,1536,0,442,3,6,5,1,1,-52,0,493,5641,98,100,2,0,0
1821,6,2,768,0,399,4,115,7,1,2,-52,0,786,7980,96,100,4,1,3
1820,16,11,1280,10,380,3,16,7,1,1,-70,0,470,5285,73,100,2,0,0
1821,7,4,768,0,433,6,7,7,1,2,-70,2,779,9680,116,100,2,0,0
1822,10,2,768,0,403,3,117,7,1,1,-95,6,3462,23776,110,100,7,1,3
1823,8,4,768,0,433,6,8,7,1,2,-52,3,1913,17810,116,100,3,0,0
1821,17,12,1280,10,432,4,5,7,1,1,-70,0,823,7820,103,100,4,0,0
1825,4,1,512,30,440,7,3,7,1,1,-66,8,2377,13656,121,100,2,0,0
1825,5,1,512,0,432,7,1,6,1,1,-94,0,682,9912,121,100,4,0,0
1824,11,7,1024,0,454,4,8,7,1,1,-52,1,1159,15859,114,100,3,0,0
1824,12,8,1024,0,415,5,129,7,1,1,-52,1,715,6968,103,100,3,1,3
1822,21,20,1536,0,443,3,6,5,1,1,-52,0,362,4675,98,100,2,0,0
1825,14,10,1024,0,427,3,4,7,1,1,-52,0,788,7391,110,100,2,0,0
1824,16,11,1280,0,383,3,16,7,1,1,-70,0,658,5059,74,100,2,0,0
1826,2,1,512,40,411,7,1,6,1,1,-88,8,3081,18952,122,100,2,0,0
1825,19,15,1280,0,363,4,4,7,1,1,-52,0,711,9303,108,100,1,0,0
1828,7,4,768,0,434,6,7,7,1,2,-70,2,1282,12159,117,100,3,0,0
1829,3,1,512,0,402,7,2,7,1,2,-64,0,581,8962,119,100,3,0,0
1828,15,10,1024,0,406,3,8,7,1,1,-70,4,2626,23463,110,100,2,0,0
1827,18,15,1280,0,399,3,4,5,1,1,-70,0,927,10868,109,100,4,0,0
1829,9,4,768,0,441,4,116,7,1,1,-70,0,1359,15310,117,100,7,1,3
1829,6,2,768,0,401,4,117,7,1,2,-52,0,753,7498,97,100,6,1,3
1830,8,4,768,0,435,6,8,7,1,2,-52,3,1378,14753,117,100,2,0,0
1829,16,11,1280,10,386,3,16,7,1,1,-70,0,470,4893,74,100,2,0,0
1831,1,0,256,0,10,0,0,4,0,0,0,10,2378,23241,2168,100,1,0,0
1831,5,1,512,0,436,7,1,6,1,1,-94,0,699,7580,121,100,3,0,0
1828,20,15,1280,0,422,4,5,7,1,1,-70,1,1343,14526,103,100,3,0,0
1830,12,8,1024,0,416,5,131,7,1,1,-52,1,705,8418,104,100,4,1,3
1831,13,8,1024,0,432,3,123,7,1,1,-70,0,1042,11809,95,100,5,1,3
1833,10,2,768,0,406,3,120,7,1,1,-95,6,2890,23497,111,100,6,1,3
1831,19,15,1280,0,365,4,4,7,1,1,-52,0,500,5900,108,100,1,0,0
1834,6,2,768,0,404,4,118,7,1,2,-52,0,506,4737,97,100,2,1,3
1835,3,1,512,0,403,7,2,7,1,2,-64,0,384,7289,119,100,2,0,0
1835,2,1,512,10,414,7,1,6,1,1,-88,8,2959,19995,122,100,4,0,0
1834,17,12,1280,0,436,4,5,7,1,1,-70,0,1011,11121,104,100,4,0,0
1835,11,7,1024,0,456,4,8,7,1,1,-52,1,1251,16606,114,100,4,0,0
1834,21,20,1536,0,446,3,6,5,1,1,-52,0,819,10453,99,100,4,0,0
1835,7,4,768,0,437,6,7,7,1,2,-70,2,1048,11822,117,100,2,0,0
1836,4,1,512,10,443,7,3,7,1,1,-66,8,3994,29513,122,100,4,0,0
1837,1,0,256,0,10,0,0,4,0,0,0,10,1314,13653,2174,100,2,0,0
1835,18,15,1280,0,403,3,4,5,1,1,-70,0,884,7452,109,100,1,0,0
1837,9,4,768,0,444,4,117,7,1,1,-70,0,811,8863,118,100,4,1,3
1836,8,4,768,0,436,6,8,7,1,2,-52,3,1508,13128,117,100,3,0,0
1837,14,10,1024,10,430,3,4,7,1,1,-52,0,796,10537,111,100,4,0,0
1838,13,8,1024,0,436,3,125,7,1,1,-70,0,1013,7900,96,100,5,1,3
1838,17,12,1280,10,437,4,5,7,1,1,-70,0,371,4086,104,100,1,0,0
1839,15,10,1024,0,413,3,8,7,1,1,-70,4,3012,25594,110,100,4,0,0
1838,20,15,1280,0,425,4,5,7,1,1,-70,1,1052,11128,104,100,3,0,0
1839,6,2,768,0,406,4,120,7,1,2,-52,0,645,5770,97,100,5,1,3
1842,5,1,512,0,439,7,1,6,1,1,-94,0,818,12939,122,100,3,0,0
1840,18,15,1280,10,406,3,4,5,1,1,-70,0,695,5380,110,100,2,0,0
1842,7,4,768,0,439,6,7,7,1,2,-70,2,936,9535,118,100,2,0,0
1843,4,1,512,20,443,7,3,7,1,1,-66,8,2193,16025,122,100,1,0,0
1841,16,11,1280,0,391,3,16,7,1,1,-70,0,1148,11908,75,100,3,0,0
1842,12,8,1024,0,419,5,133,7,1,1,-52,1,1477,14788,105,100,6,1,3
1844,2,1,512,10,417,7,1,6,1,1,-88,8,2661,18273,123,100,2,0,0
1844,3,1,512,0,407,7,2,7,1,2,-64,0,1042,11670,120,100,2,0,0
1841,19,15,1280,0,367,4,4,7,1,1,-52,0,813,9456,109,100,2,0,0
1842,21,20,1536,0,451,3,6,5,1,1,-52,0,992,8117,100,100,3,0,0
1844,10,2,768,0,410,3,123,7,1,1,-95,6,3328,23406,112,100,8,1,3
1844,14,10,1024,0,433,3,4,7,1,1,-52,0,742,8043,111,100,4,0,0
1845,18,15,1280,0,409,3,4,5,1,1,-70,0,685,4861,110,100,2,0,0
1847,7,4,768,0,440,6,7,7,1,2,-70,2,681,8164,118,100,2,0,0
1847,4,1,512,30,444,7,3,7,1,1,-66,8,1082,10531,122,100,2,0,0
1845,17,12,1280,0,439,4,5,7,1,1,-70,0,575,7029,105,100,2,0,0
1848,1,0,256,0,10,0,0,4,0,0,0,10,2552,26173,2189,100,1,0,0
1847,13,8,1024,0,438,3,126,7,1,1,-70,0,547,7512,96,100,3,1,3
1848,11,7,1024,0,463,4,8,7,1,1,-52,1,1779,19510,115,100,4,0,0
1848,8,4,768,10,442,6,8,7,1,2,-52,3,2472,22168,118,100,4,0,0
1848,16,11,1280,0,393,3,16,7,1,1,-70,0,520,6872,75,100,2,0,0
1849,5,1,512,0,445,7,1,6,1,1,-94,0,1013,10159,123,100,3,0,0
1849,6,2,768,0,410,4,122,7,1,2,-52,0,860,9869,98,100,5,1,3
1849,9,4,768,0,449,4,121,7,1,1,-70,0,982,14660,118,100,8,1,3
1851,2,1,512,30,420,7,1,6,1,1,-88,8,2043,15221,123,100,2,0,0
1848,20,15,1280,0,429,4,5,7,1,1,-70,1,1354,13630,104,100,3,0,0
1849,15,10,1024,10,418,3,8,7,1,1,-70,4,2878,25990,111,100,4,0,0
1852,12,8,1024,10,423,5,135,7,1,1,-52,1,1284,12822,105,100,6,1,3
1850,19,15,1280,0,369,4,4,7,1,1,-52,0,677,8339,110,100,2,0,0
1851,14,10,1024,0,434,3,4,7,1,1,-52,0,449,6373,112,100,1,0,0
1853,8,4,768,20,443,6,8,7,1,2,-52,3,792,8499,118,100,1,0,0
1851,21,20,1536,0,455,3,6,5,1,1,-52,0,732,8431,100,100,2,0,0
1850,17,12,1280,10,441,4,5,7,1,1,-70,0,387,4963,105,100,2,0,0
1853,13,8,1024,0,439,3,127,7,1,1,-70,0,471,5932,97,100,3,1,3
1854,3,1,512,0,412,7,2,7,1,2,-64,0,953,13294,120,100,4,0,0
1855,5,1,512,0,448,7,1,6,1,1,-94,0,600,7251,123,100,2,0,0
1855,6,2,768,0,411,4,123,7,1,2,-52,0,455,5134,98,100,3,1,3
1855,4,1,512,10,447,7,3,7,1,1,-66,8,3285,21242,123,100,3,0,0
1855,1,0,256,0,10,0,0,4,0,0,0,10,1942,18743,2200,100,2,0,0
1855,10,2,768,0,412,3,126,7,1,1,-95,6,2797,22703,113,100,6,1,3
1856,2,1,512,20,421,7,1,6,1,1,-88,8,2225,13226,124,100,2,0,0
1855,18,15,1280,0,416,3,4,5,1,1,-70,0,1224,10566,111,100,4,0,0
1856,7,4,768,0,443,6,7,7,1,2,-70,2,1462,14842,119,100,4,0,0
1855,17,12,1280,0,443,4,5,7,1,1,-70,0,634,5021,106,100,2,0,0
1857,9,4,768,10,455,4,123,7,1,1,-70,0,1188,10235,119,100,5,1,3
1857,15,10,1024,10,420,3,8,7,1,1,-70,4,1988,18406,112,100,3,0,0
1859,11,7,1024,10,467,4,8,7,1,1,-52,1,1324,16386,116,100,4,0,0
1857,19,15,1280,0,370,4,4,7,1,1,-52,0,393,6612,110,100,1,0,0
1857,14,10,1024,0,437,3,4,7,1,1,-52,0,601,6183,112,100,2,0,0
1859,4,1,512,0,448,7,3,7,1,1,-66,8,1778,11373,123,100,2,0,0
1859,12,8,1024,0,427,5,138,7,1,1,-52,1,1339,9927,106,100,5,1,3
1857,21,20,1536,0,458,3,6,5,1,1,-52,0,657,6466,101,100,2,0,0
1860,3,1,512,0,413,7,2,7,1,2,-64,0,467,6964,121,100,1,0,0
1858,20,15,1280,0,432,4,5,7,1,1,-70,1,1452,13572,105,100,4,0,0
1861,16,11,1280,0,398,3,16,7,1,1,-70,0,1136,12115,76,100,4,0,0
1861,5,1,512,0,451,7,1,6,1,1,-94,0,695,7703,123,100,3,0,0
1860,17,12,1280,0,445,4,5,7,1,1,-70,0,470,4379,106,100,2,0,0
1862,8,4,768,0,448,6,8,7,1,2,-52,3,2501,20073,119,100,4,0,0
1862,2,1,512,0,423,7,1,6,1,1,-88,8,2000,13902,124,100,2,0,0
1861,14,10,1024,0,440,3,4,7,1,1,-52,0,571,4432,112,100,3,0,0
1862,7,4,768,10,447,6,7,7,1,2,-70,2,1217,10710,119,100,2,0,0
1862,21,20,1536,0,459,3,6,5,1,1,-52,0,387,4622,101,100,2,0,0
1864,13,8,1024,0,446,3,130,7,1,1,-70,0,1246,11268,97,100,8,1,3
1864,9,4,768,10,459,4,124,7,1,1,-70,0,762,9630,120,100,3,1,3
1865,1,0,256,0,10,0,0,4,0,0,0,10,2475,24148,2211,100,2,0,0
1864,19,15,1280,0,372,4,4,7,1,1,-52,0,524,7027,110,100,1,0,0
1866,4,1,512,0,451,7,3,7,1,1,-66,8,2469,16605,123,100,2,0,0
1866,10,2,768,0,416,3,130,7,1,1,-95,6,3201,22589,113,100,8,1,3
1864,17,12,1280,0,446,4,5,7,1,1,-70,0,393,4195,106,100,1,0,0
1865,15,10,1024,0,425,3,9,7,1,1,-70,4,2179,18777,112,100,4,0,0
1867,6,2,768,0,415,4,125,7,1,2,-52,0,981,11038,99,100,6,1,3
1867,2,1,512,10,425,7,1,6,1,1,-88,8,1840,11558,124,100,3,0,0
1867,16,11,1280,10,402,4,16,7,1,1,-70,0,823,6189,77,100,2,0,0
1865,18,15,1280,0,420,3,4,5,1,1,-70,0,849,9528,111,100,4,0,0
1866,14,10,1024,0,443,3,4,7,1,1,-52,0,657,5220,113,100,2,0,0
1868,11,7,1024,0,470,4,8,7,1,1,-52,1,1483,15436,116,100,4,0,0
1869,12,8,1024,0,433,5,141,7,1,1,-52,1,1645,13083,106,100,8,1,3
1869,9,4,768,0,461,4,126,7,1,1,-70,0,610,5746,120,100,4,1,3
1870,3,1,512,0,416,7,2,7,1,2,-64,0,743,12534,121,100,3,0,0
1868,20,15,1280,0,436,4,5,7,1,1,-70,1,1194,12751,106,100,5,0,0
1870,8,4,768,0,451,6,8,7,1,2,-52,3,1534,14726,119,100,3,0,0
1870,5,1,512,10,454,7,1,6,1,1,-94,0,697,11338,124,100,2,0,0
1871,4,1,512,20,455,7,3,7,1,1,-66,8,2533,15278,124,100,2,0,0
1871,6,2,768,0,415,4,126,7,1,2,-52,0,289,4301,99,100,2,1,3
1869,21,20,1536,0,460,3,6,5,1,1,-52,0,484,6479,101,100,3,0,0
1869,17,12,1280,0,447,4,5,7,1,1,-70,0,363,4573,106,100,2,0,0
1871,7,4,768,0,454,6,7,7,1,2,-70,2,2024,16540,120,100,4,0,0
1871,19,15,1280,0,373,4,4,7,1,1,-52,0,546,6985,111,100,2,0,0
1871,13,8,1024,0,449,3,132,7,1,1,-70,0,836,6699,98,100,5,1,3
1872,16,11,1280,10,404,4,16,7,1,1,-70,0,578,4683,77,100,2,0,0
1872,15,10,1024,0,426,3,9,7,1,1,-70,4,1862,17116,113,100,3,0,0
1872,11,7,1024,0,472,4,8,7,1,1,-52,1,819,8937,117,100,2,0,0
1874,1,0,256,0,10,0,0,4,0,0,0,10,2398,23473,2228,100,1,0,0
1872,18,15,1280,0,423,3,4,5,1,1,-70,0,681,7724,112,100,2,0,0
1874,8,4,768,0,454,6,8,7,1,2,-52,3,1197,9076,120,100,1,0,0
1873,14,10,1024,10,446,3,4,7,1,1,-52,0,494,6447,113,100,2,0,0
1876,2,1,512,10,428,7,1,6,1,1,-88,8,3157,20467,125,100,3,0,0
1877,10,2,768,0,418,3,132,7,1,1,-95,6,3202,23203,114,100,5,1,3
1877,17,12,1280,0,449,4,5,7,1,1,-70,0,550,6294,107,100,2,0,0
1877,9,4,768,0,464,4,127,7,1,1,-70,0,749,9686,120,100,4,1,3
1877,7,4,768,10,460,6,7,7,1,2,-70,2,1350,9996,120,100,2,0,0
1876,19,15,1280,0,373,4,4,7,1,1,-52,0,286,5277,111,100,1,0,0
1878,4,1,512,10,460,7,3,7,1,1,-66,8,3216,19822,124,100,3,0,0
1879,6,2,768,0,418,4,129,7,1,2,-52,0,656,7521,100,100,5,1,3
1877,11,7,1024,0,475,4,8,7,1,1,-52,1,688,7771,117,100,2,0,0
1878,12,8,1024,0,436,5,143,7,1,1,-52,1,1430,13878,107,100,5,1,3
1879,3,1,512,0,418,7,2,7,1,2,-64,0,706,11315,122,100,4,0,0
1878,20,15,1280,0,438,4,5,7,1,1,-70,1,1112,12697,106,100,3,0,0
1882,13,8,1024,0,453,3,134,7,1,1,-70,0,959,10968,99,100,6,1,3
1881,5,1,512,10,460,7,1,6,1,1,-94,0,1052,13985,125,100,4,0,0
1879,18,15,1280,0,427,3,4,5,1,1,-70,0,708,6567,112,100,2,0,0
1879,21,20,1536,0,464,3,6,5,1,1,-52,0,909,9704,102,100,3,0,0
1881,16,11,1280,0,407,4,16,7,1,1,-70,0,765,10391,77,100,4,0,0
1879,14,10,1024,0,450,3,4,7,1,1,-52,0,872,6998,114,100,2,0,0
1883,8,4,768,0,459,6,8,7,1,2,-52,3,1933,18612,120,100,4,0,0
1883,2,1,512,0,430,7,1,6,1,1,-88,8,2110,15421,125,100,2,0,0
1884,11,7,1024,0,479,4,8,7,1,1,-52,1,1067,11444,117,100,2,0,0
1885,10,2,768,0,423,3,134,7,1,1,-95,6,2309,17083,115,100,5,1,3
1885,4,1,512,0,461,7,3,7,1,1,-66,8,2422,17521,125,100,3,0,0
1885,9,4,768,0,467,4,129,7,1,1,-70,0,758,10066,121,100,5,1,3
1885,1,0,256,0,10,0,0,4,0,0,0,10,2600,26343,2240,100,2,0,0
1883,15,10,1024,0,430,3,9,7,1,1,-70,4,2685,25611,113,100,4,0,0
1883,21,20,1536,0,466,3,6,5,1,1,-52,0,373,4074,102,100,1,0,0
1885,12,8,1024,0,440,5,145,7,1,1,-52,1,957,9612,108,100,5,1,3
1886,5,1,512,10,464,7,1,6,1,1,-94,0,708,7282,125,100,2,0,0
1886,17,12,1280,0,452,4,5,7,1,1,-70,0,699,9635,108,100,3,0,0
1888,13,8,1024,0,455,3,137,7,1,1,-70,0,579,6320,99,100,5,1,3
1889,10,2,768,30,424,3,135,7,1,1,-95,6,1300,9548,115,100,2,1,3
1885,14,10,1024,0,451,3,4,7,1,1,-52,0,457,5911,114,100,2,0,0
1889,7,4,768,0,465,6,7,7,1,2,-70,2,2185,20832,121,100,4,0,0
1885,20,15,1280,0,443,4,5,7,1,1,-70,1,1414,10925,107,100,2,0,0
1886,18,15,1280,0,430,3,4,5,1,1,-70,0,779,6838,113,100,3,0,0
1889,16,11,1280,0,411,4,16,7,1,1,-70,0,880,8170,78,100,4,0,0
1889,3,1,512,0,420,7,2,7,1,2,-64,0,712,13209,123,100,3,0,0
1890,6,2,768,0,423,4,131,7,1,2,-52,0,1193,11755,101,100,6,1,3
1886,19,15,1280,0,377,4,4,7,1,1,-52,0,915,10218,112,100,2,0,0
1890,12,8,1024,0,443,5,146,7,1,1,-52,1,961,6705,108,100,3,1,3
1890,11,7,1024,0,481,4,8,7,1,1,-52,1,994,10624,118,100,3,0,0
1891,2,1,512,10,434,7,1,6,1,1,-88,8,3244,18858,126,100,4,0,0
1893,8,4,768,10,461,6,8,7,1,2,-52,3,1922,20204,121,100,3,0,0
1893,9,4,768,0,470,4,131,7,1,1,-70,0,772,10220,121,100,6,1,3
1894,10,2,768,0,427,3,137,7,1,1,-95,6,1338,10090,115,100,4,1,3
1892,17,12,1280,10,456,4,5,7,1,1,-70,0,692,6898,108,100,4,0,0
1892,14,10,1024,0,453,3,4,7,1,1,-52,0,615,6242,114,100,3,0,0
1894,7,4,768,0,467,6,7,7,1,2,-70,2,915,9587,121,100,2,0,0
1893,15,10,1024,10,433,3,9,7,1,1,-70,4,2147,21988,114,100,3,0,0
1894,16,11,1280,0,413,4,16,7,1,1,-70,0,470,5212,78,100,2,0,0
1892,21,20,1536,0,471,3,6,5,1,1,-52,0,1016,9168,103,100,3,0,0
1894,4,1,512,20,465,7,3,7,1,1,-66,8,3968,27814,125,100,3,0,0
1896,1,0,256,0,10,0,0,4,0,0,0,10,2446,26147,2250,100,2,0,0
1894,19,15,1280,0,379,4,4,7,1,1,-52,0,581,7954,113,100,1,0,0
1894,20,15,1280,0,447,4,5,7,1,1,-70,1,1114,10949,107,100,2,0,0
1897,8,4,768,10,463,6,8,7,1,2,-52,3,804,8054,121,100,2,0,0
1898,5,1,512,0,465,7,1,6,1,1,-94,0,712,13644,126,100,3,0,0
1896,18,15,1280,0,435,3,4,5,1,1,-70,0,857,10411,113,100,3,0,0
1898,13,8,1024,0,458,3,139,7,1,1,-70,0,852,10197,100,100,6,1,3
1898,11,7,1024,0,485,4,8,7,1,1,-52,1,1025,12185,118,100,3,0,0
1898,4,1,512,10,469,7,3,7,1,1,-66,8,1777,11730,126,100,1,0,0
1901,3,1,512,0,426,7,2,7,1,2,-64,0,976,14927,123,100,4,0,0
1902,6,2,768,0,428,4,134,7,1,2,-52,0,1136,11352,101,100,8,1,3
1901,16,11,1280,0,418,4,16,7,1,1,-70,0,895,7183,79,100,2,0,0
1902,2,1,512,30,440,7,1,6,1,1,-88,8,3375,24506,127,100,3,0,0
1902,12,8,1024,0,449,5,148,7,1,1,-52,1,1709,15858,109,100,5,1,3
1900,21,20,1536,0,473,3,6,5,1,1,-52,0,501,6798,103,100,1,0,0
1902,9,4,768,0,474,4,133,7,1,1,-70,0,890,11389,122,100,5,1,3
1900,14,10,1024,0,457,3,4,7,1,1,-52,0,782,8355,115,100,3,0,0
1904,8,4,768,0,466,6,8,7,1,2,-52,3,1564,13969,122,100,3,0,0
1903,10,2,768,10,432,3,139,7,1,1,-95,6,3259,22438,116,100,5,1,3
1904,5,1,512,10,468,7,1,6,1,1,-94,0,486,7369,126,100,3,0,0
1905,7,4,768,0,470,6,7,7,1,2,-70,2,1627,17452,122,100,3,0,0
1901,18,15,1280,0,436,3,4,5,1,1,-70,0,450,4966,114,100,1,0,0
1902,15,10,1024,0,437,3,9,7,1,1,-70,4,2806,22401,115,100,3,0,0
1904,17,12,1280,0,462,4,5,7,1,1,-70,0,1249,11997,109,100,4,0,0
1905,1,0,256,0,10,0,0,4,0,0,0,10,2695,24229,2268,100,2,0,0
1906,11,7,1024,0,486,4,8,7,1,1,-52,1,911,11909,119,100,2,0,0
1906,13,8,1024,0,461,3,141,7,1,1,-70,0,683,7771,100,100,4,1,3
1905,20,15,1280,0,452,4,5,7,1,1,-70,1,1473,14275,108,100,5,0,0
1906,19,15,1280,0,383,4,4,7,1,1,-52,0,883,11652,113,100,2,0,0
1907,4,1,512,10,471,7,3,7,1,1,-66,8,2766,20571,126,100,3,0,0
1908,5,1,512,0,468,7,1,6,1,1,-94,0,466,6052,127,100,1,0,0
1908,10,2,768,10,436,3,141,7,1,1,-95,6,1630,12501,116,100,4,1,3
1910,2,1,512,10,443,7,1,6,1,1,-88,8,2664,17748,127,100,2,0,0
1907,18,15,1280,0,438,3,4,5,1,1,-70,0,494,5709,114,100,2,0,0
1910,9,4,768,0,477,4,135,7,1,1,-70,0,778,9839,122,100,5,1,3
1910,12,8,1024,0,454,5,150,7,1,1,-52,1,1338,11615,109,100,6,1,3
1908,15,10,1024,10,439,3,9,7,1,1,-70,4,1503,15010,115,100,2,0,0
1910,6,2,768,0,433,4,136,7,1,2,-52,0,970,9538,102,100,5,1,3
1911,16,11,1280,0,423,4,16,7,1,1,-70,0,930,9213,79,100,4,0,0
1911,1,0,256,0,10,0,0,4,0,0,0,10,1146,14085,2272,100,1,0,0
1909,14,10,1024,0,458,3,4,7,1,1,-52,0,508,7831,115,100,3,0,0
1911,8,4,768,0,469,6,8,7,1,2,-52,3,1577,17783,122,100,2,0,0
1911,21,20,1536,0,475,3,6,5,1,1,-52,0,713,10573,104,100,4,0,0
1912,3,1,512,10,432,7,2,7,1,2,-64,0,1140,14742,124,100,3,0,0
1913,5,1,512,0,470,7,1,6,1,1,-94,0,461,6117,127,100,3,0,0
1914,13,8,1024,0,464,3,143,7,1,1,-70,0,835,8491,101,100,5,1,3
1915,11,7,1024,10,490,4,8,7,1,1,-52,1,1294,14092,119,100,4,0,0
1915,17,12,1280,0,467,4,5,7,1,1,-70,0,956,10082,109,100,4,0,0
1915,2,1,512,20,445,7,1,6,1,1,-88,8,2274,15781,128,100,2,0,0
1916,7,4,768,0,474,6,7,7,1,2,-70,2,2045,19675,123,100,4,0,0
1914,20,15,1280,0,457,4,5,7,1,1,-70,1,1510,13593,109,100,3,0,0
1916,4,1,512,10,474,7,3,7,1,1,-66,8,3810,26932,127,100,5,0,0
1918,1,0,256,0,10,0,0,4,0,0,0,10,1722,15822,2286,100,1,0,0
1917,14,10,1024,0,461,3,4,7,1,1,-52,0,657,6384,116,100,2,0,0
1918,9,4,768,0,482,4,137,7,1,1,-70,0,978,10945,123,100,4,1,3
1917,15,10,1024,0,441,3,9,7,1,1,-70,4,1537,16511,115,100,3,0,0
1918,12,8,1024,0,456,5,153,7,1,1,-52,1,1106,11439,110,100,5,1,3
1916,19,15,1280,0,384,4,4,7,1,1,-52,0,699,10116,114,100,2,0,0
1919,3,1,512,0,435,7,2,7,1,2,-64,0,770,9029,125,100,2,0,0
1919,10,2,768,30,440,3,144,7,1,1,-95,6,3182,22411,117,100,6,1,3
1920,16,11,1280,0,426,4,16,7,1,1,-70,0,705,9158,80,100,2,0,0
1917,21,20,1536,10,478,3,6,5,1,1,-52,0,648,5793,105,100,3,0,0
1920,18,15,1280,10,445,3,4,5,1,1,-70,0,1238,11965,115,100,5,0,0
1921,6,2,768,0,437,4,139,7,1,2,-52,0,1082,11654,103,100,6,1,3
1922,17,12,1280,0,470,4,5,7,1,1,-70,0,682,7259,110,100,2,0,0
1923,2,1,512,10,449,7,1,6,1,1,-88,8,2503,14990,128,100,2,0,0
1923,7,4,768,0,476,6,7,7,1,2,-70,2,1021,11847,123,100,3,0,0
1923,8,4,768,0,472,6,8,7,1,2,-52,3,2161,22435,123,100,4,0,0
1924,1,0,256,0,10,0,0,4,0,0,0,10,1345,15232,2290,100,1,0,0
1925,11,7,1024,0,494,4,8,7,1,1,-52,1,1313,16402,120,100,3,0,0
1925,5,1,512,0,471,7,1,6,1,1,-94,0,628,13221,128,100,3,0,0
1925,13,8,1024,0,469,3,145,7,1,1,-70,0,1017,10714,101,100,5,1,3
1926,4,1,512,40,479,7,3,7,1,1,-66,8,2678,20371,127,100,1,0,0
1924,20,15,1280,0,460,4,5,7,1,1,-70,1,1168,11753,109,100,3,0,0
1924,18,15,1280,0,448,3,4,5,1,1,-70,0,687,5089,115,100,2,0,0
1926,16,11,1280,0,429,4,16,7,1,1,-70,0,595,5958,80,100,3,0,0
1926,10,2,768,10,442,3,145,7,1,1,-95,6,1954,16626,117,100,3,1,3
1924,19,15,1280,0,389,4,4,7,1,1,-52,0,999,9472,115,100,2,0,0
1928,1,0,256,0,10,0,0,4,0,0,0,10,1027,9739,2296,100,1,0,0
1928,14,10,1024,0,467,3,4,7,1,1,-52,0,1141,11288,117,100,4,0,0
1928,17,12,1280,0,473,4,5,7,1,1,-70,0,601,5428,110,100,2,0,0
1928,2,1,512,10,452,7,1,6,1,1,-88,8,1859,12838,128,100,2,0,0
1929,9,4,768,0,487,4,140,7,1,1,-70,0,1122,12988,124,100,7,1,3
1929,12,8,1024,0,460,5,155,7,1,1,-52,1,1439,14402,110,100,6,1,3
1927,15,10,1024,10,443,3,9,7,1,1,-70,4,2601,25125,116,100,2,0,0
1929,21,20,1536,0,483,3,6,5,1,1,-52,0,1080,11594,105,100,5,0,0
1930,3,1,512,0,438,7,2,7,1,2,-64,0,743,13340,125,100,3,0,0
1930,7,4,768,10,479,6,7,7,1,2,-70,2,1185,11884,124,100,2,0,0
1930,6,2,768,0,441,4,141,7,1,2,-52,0,835,9088,104,100,6,1,3
1931,4,1,512,10,482,7,3,7,1,1,-66,8,2594,17222,128,100,2,0,0
1931,10,2,768,0,443,3,147,7,1,1,-95,6,1539,10999,118,100,4,1,3
1932,15,10,1024,0,447,3,9,7,1,1,-70,4,1242,10367,116,100,2,0,0
1933,5,1,512,0,478,7,1,6,1,1,-94,0,1142,11704,128,100,4,0,0
1934,2,1,512,10,453,7,1,6,1,1,-88,8,2103,14236,129,100,1,0,0
1935,11,7,1024,10,500,4,8,7,1,1,-52,1,1560,16626,121,100,5,0,0
1934,20,15,1280,20,462,4,5,7,1,1,-70,1,914,11165,110,100,2,0,0
1935,9,4,768,0,492,4,142,7,1,1,-70,0,866,8427,124,100,5,1,3
1934,8,4,768,0,477,6,8,7,1,2,-52,3,2372,23901,124,100,4,0,0
1936,18,15,1280,10,451,3,4,5,1,1,-70,0,598,9084,116,100,2,0,0
1935,1,0,256,0,10,0,0,4,0,0,0,10,2057,19316,2309,100,1,0,0
1936,14,10,1024,10,470,3,4,7,1,1,-52,0,669,7596,117,100,2,0,0
1935,7,4,768,0,481,6,8,7,1,2,-70,2,983,9116,124,100,2,0,0
1936,16,11,1280,0,436,4,16,7,1,1,-70,0,1225,10652,81,100,4,0,0
1935,13,8,1024,10,476,3,147,7,1,1,-70,0,1200,11951,102,100,6,1,3
1937,19,15,1280,0,393,4,4,7,1,1,-52,0,883,11192,115,100,2,0,0
1936,17,12,1280,10,478,4,5,7,1,1,-70,0,879,9099,111,100,4,0,0
1937,6,2,768,0,443,4,142,7,1,2,-52,0,646,6712,104,100,3,1,3
1939,3,1,512,0,441,7,2,7,1,2,-64,0,698,10296,126,100,2,0,0
1938,10,2,768,10,447,3,148,7,1,1,-95,6,2150,14935,118,100,4,1,3
1939,5,1,512,0,479,7,1,6,1,1,-94,0,461,7187,129,100,2,0,0
1939,20,15,1280,0,464,4,5,7,1,1,-70,1,710,6413,110,100,3,0,0
1939,12,8,1024,0,467,5,158,7,1,1,-52,1,1993,15628,111,100,6,1,3
1940,15,10,1024,0,450,3,9,7,1,1,-70,4,1906,17192,117,100,3,0,0
1940,9,4,768,0,492,4,144,7,1,1,-70,0,425,6877,125,100,3,1,3
1940,11,7,1024,0,501,4,8,7,1,1,-52,1,868,10348,121,100,1,0,0
1941,1,0,256,0,10,0,0,4,0,0,0,10,1095,12471,2312,100,1,0,0
1940,17,12,1280,0,478,4,5,7,1,1,-70,0,370,4077,111,100,1,0,0
1940,21,20,1536,0,489,3,6,5,1,1,-52,0,1143,11548,106,100,4,0,0
1943,2,1,512,0,456,7,1,6,1,1,-88,8,2658,18149,129,100,3,0,0
1943,4,1,512,0,485,7,3,7,1,1,-66,8,3585,28660,129,100,4,0,0
1943,19,15,1280,0,395,4,4,7,1,1,-52,0,557,6384,116,100,1,0,0
1944,16,11,1280,0,439,4,16,7,1,1,-70,0,683,8465,82,100,2,0,0
1943,18,15,1280,20,455,3,4,5,1,1,-70,0,806,7280,116,100,3,0,0
1943,8,4,768,0,481,6,8,7,1,2,-52,3,1989,18218,124,100,4,0,0
1945,7,4,768,10,485,6,8,7,1,2,-70,2,1882,17193,125,100,5,0,0
1944,13,8,1024,10,482,3,149,7,1,1,-70,0,1177,9896,103,100,6,1,3
1945,11,7,1024,0,502,4,8,7,1,1,-52,1,750,7358,122,100,2,0,0
1946,15,10,1024,10,452,3,9,7,1,1,-70,4,1739,15145,117,100,3,0,0
1947,3,1,512,0,445,7,2,7,1,2,-64,0,921,11142,126,100,3,0,0
1947,20,15,1280,0,465,4,5,7,1,1,-70,1,888,10017,111,100,3,0,0
1946,14,10,1024,0,476,3,4,7,1,1,-52,0,1142,10996,118,100,4,0,0
1947,10,2,768,10,452,3,151,7,1,1,-95,6,3105,20540,119,100,6,1,3
1948,9,4,768,10,498,4,145,7,1,1,-70,0,1111,10577,125,100,5,1,3
1948,18,15,1280,0,458,3,4,5,1,1,-70,0,765,5608,117,100,2,0,0
1948,12,8,1024,10,472,5,159,7,1,1,-52,1,1448,13040,112,100,6,1,3
1948,6,2,768,0,448,4,145,7,1,2,-52,0,1099,11237,105,100,6,1,3
1949,5,1,512,0,482,7,1,6,1,1,-94,0,784,12330,130,100,4,0,0
1950,1,0,256,0,10,0,0,4,0,0,0,10,2490,23917,2329,100,2,0,0
1950,21,20,1536,0,492,3,6,5,1,1,-52,0,683,7644,107,100,2,0,0
1952,2,1,512,0,461,7,1,6,1,1,-88,8,3499,22459,130,100,3,0,0
1951,17,12,1280,0,483,4,5,7,1,1,-70,0,1049,11154,112,100,3,0,0
1953,7,4,768,0,493,6,8,7,1,2,-70,2,1369,12553,125,100,3,0,0
1951,8,4,768,10,484,6,8,7,1,2,-52,3,1855,17364,125,100,3,0,0
1953,19,15,1280,0,396,4,4,7,1,1,-52,0,538,9743,116,100,2,0,0
1952,10,2,768,10,457,3,153,7,1,1,-95,6,1850,12957,119,100,5,1,3
1954,11,7,1024,0,504,4,8,7,1,1,-52,1,707,13093,122,100,3,0,0
1953,4,1,512,0,488,7,3,7,1,1,-66,8,4158,30068,129,100,4,0,0
1954,12,8,1024,0,475,5,161,7,1,1,-52,1,1038,8185,112,100,4,1,3
1955,1,0,256,0,10,0,0,4,0,0,0,10,894,10175,2331,100,1,0,0
1954,3,1,512,0,448,7,2,7,1,2,-64,0,795,10418,127,100,3,0,0
1955,5,1,512,0,483,7,1,6,1,1,-94,0,419,7323,130,100,1,0,0
1955,16,11,1280,0,444,4,16,7,1,1,-70,0,978,11380,82,100,4,0,0
1955,13,8,1024,0,486,3,151,7,1,1,-70,0,1069,11127,104,100,6,1,3
1956,15,10,1024,0,455,3,9,7,1,1,-70,4,2332,23691,118,100,4,0,0
1956,20,15,1280,0,470,4,5,7,1,1,-70,1,1386,13045,111,100,3,0,0
1956,2,1,512,10,464,7,1,6,1,1,-88,8,1593,11804,130,100,2,0,0
1957,18,15,1280,0,462,3,4,5,1,1,-70,0,732,8551,117,100,2,0,0
1956,6,2,768,0,450,4,147,7,1,2,-52,0,696,8976,105,100,5,1,3
1957,17,12,1280,0,485,4,5,7,1,1,-70,0,496,5939,112,100,2,0,0
1958,21,20,1536,10,499,3,6,5,1,1,-52,0,1043,8178,107,100,3,0,0
1959,9,4,768,10,500,4,147,7,1,1,-70,0,781,13072,126,100,5,1,3
1960,5,1,512,0,486,7,1,6,1,1,-94,0,574,5643,130,100,2,0,0
1960,3,1,512,0,452,7,2,7,1,2,-64,0,585,6796,127,100,1,0,0
1958,14,10,1024,0,478,3,4,7,1,1,-52,0,721,11200,119,100,3,0,0
1959,8,4,768,0,486,6,8,7,1,2,-52,3,1442,14358,125,100,2,0,0
1961,18,15,1280,0,462,3,4,5,1,1,-70,0,318,4391,118,100,1,0,0
1960,4,1,512,10,490,7,3,7,1,1,-66,8,2771,18451,130,100,2,0,0
1962,1,0,256,0,10,0,0,4,0,0,0,10,1868,17680,2344,100,1,0,0
1962,16,11,1280,0,445,4,16,7,1,1,-70,0,541,6179,83,100,3,0,0
1962,21,20,1536,0,499,3,6,5,1,1,-52,0,274,4118,107,100,0,0,0
1962,7,4,768,0,497,6,8,7,1,2,-70,2,1867,17692,126,100,3,0,0
1961,9,4,768,0,503,4,149,7,1,1,-70,0,741,5459,126,100,4,1,3
1962,8,4,768,0,488,6,8,7,1,2,-52,3,936,8845,126,100,2,0,0
1963,13,8,1024,0,491,3,153,7,1,1,-70,0,898,8246,104,100,4,1,3
1964,19,15,1280,0,397,4,4,7,1,1,-52,0,497,10525,117,100,1,0,0
1963,6,2,768,0,452,4,148,7,1,2,-52,0,577,6467,106,100,3,1,3
1964,10,2,768,0,459,3,156,7,1,1,-95,6,3031,24034,120,100,6,1,3
1964,11,7,1024,0,509,4,8,7,1,1,-52,1,1660,17409,123,100,4,0,0
1964,12,8,1024,10,481,5,164,7,1,1,-52,1,1594,13515,113,100,7,1,3
1965,20,15,1280,0,473,4,5,7,1,1,-70,1,1351,11657,112,100,3,0,0
1966,3,1,512,0,455,7,2,7,1,2,-64,0,764,8017,128,100,4,0,0
1965,14,10,1024,0,479,3,4,7,1,1,-52,0,485,6590,119,100,3,0,0
1966,21,20,1536,0,499,3,6,5,1,1,-52,0,318,4126,108,100,1,0,0
1967,16,11,1280,0,447,4,16,7,1,1,-70,0,373,5000,83,100,1,0,0
1966,2,1,512,10,466,7,1,6,1,1,-88,8,3679,21723,131,100,4,0,0
1967,15,10,1024,10,462,3,9,7,1,1,-70,4,3260,25313,119,100,4,0,0
1967,5,1,512,0,488,7,1,6,1,1,-94,0,590,9837,131,100,2,0,0
1968,18,15,1280,0,465,3,4,5,1,1,-70,0,619,6768,118,100,3,0,0
1966,8,4,768,0,490,6,8,7,1,2,-52,3,851,8430,126,100,1,0,0
1967,17,12,1280,0,487,4,5,7,1,1,-70,0,689,9844,113,100,4,0,0
1970,10,2,768,0,460,3,157,7,1,1,-95,6,1707,12009,120,100,3,1,3
1970,1,0,256,0,10,0,0,4,0,0,0,10,1856,20082,2351,100,2,0,0
1971,15,10,1024,0,465,3,9,7,1,1,-70,4,1132,11275,119,100,2,0,0
1972,17,12,1280,0,489,4,5,7,1,1,-70,0,470,4422,113,100,2,0,0
1972,4,1,512,0,497,7,3,7,1,1,-66,8,4193,30808,130,100,4,0,0
1971,13,8,1024,10,494,3,155,7,1,1,-70,0,728,8621,105,100,5,1,3
1971,20,15,1280,10,475,4,5,7,1,1,-70,1,892,10332,113,100,3,0,0
1971,9,4,768,0,511,4,152,7,1,1,-70,0,1345,13500,127,100,6,1,3
1974,5,1,512,0,490,7,1,6,1,1,-94,0,491,7744,131,100,2,0,0
1972,18,15,1280,0,467,3,4,5,1,1,-70,0,495,5807,118,100,2,0,0
1972,19,15,1280,0,399,4,4,7,1,1,-52,0,702,10257,118,100,2,0,0
1973,11,7,1024,0,513,4,8,7,1,1,-52,1,1146,13826,123,100,4,0,0
1973,16,11,1280,10,449,4,16,7,1,1,-70,0,592,6712,83,100,3,0,0
1975,21,20,1536,0,506,3,6,5,1,1,-52,0,1144,9027,108,100,4,0,0
1973,7,4,768,10,501,6,8,7,1,2,-70,2,1791,19347,127,100,5,0,0
1977,3,1,512,0,455,7,2,7,1,2,-64,0,331,12162,128,100,1,0,0
1976,2,1,512,20,469,7,1,6,1,1,-88,8,3080,21809,132,100,4,0,0
1974,6,2,768,10,459,4,150,7,1,2,-52,0,1293,11347,107,100,6,1,3
1975,15,10,1024,0,467,3,9,7,1,1,-70,4,1470,10665,119,100,0,0,0
1973,8,4,768,10,493,6,8,7,1,2,-52,3,1557,13357,126,100,4,0,0
1975,20,15,1280,0,476,4,5,7,1,1,-70,1,666,5746,113,100,1,0,0
1978,5,1,512,0,493,7,1,6,1,1,-94,0,574,5365,131,100,2,0,0
1976,14,10,1024,0,485,3,4,7,1,1,-52,0,1141,11516,120,100,4,0,0
1978,4,1,512,80,503,7,3,7,1,1,-66,8,2737,15517,131,100,2,0,0
1975,12,8,1024,0,486,5,166,7,1,1,-52,1,1548,15748,113,100,5,1,3
1976,18,15,1280,0,468,3,4,5,1,1,-70,0,425,4293,119,100,1,0,0
1979,6,2,768,0,461,4,151,7,1,2,-52,0,580,5087,107,100,3,1,3
1980,1,0,256,0,10,0,0,4,0,0,0,10,2627,24903,2369,100,1,0,0
1980,10,2,768,0,463,3,158,7,1,1,-95,6,3132,22828,121,100,4,1,3
1976,17,12,1280,0,491,4,5,7,1,1,-70,0,526,4755,114,100,2,0,0
1980,19,15,1280,0,401,4,4,7,1,1,-52,0,501,6901,118,100,1,0,0
1977,16,11,1280,0,450,4,16,7,1,1,-70,0,246,4770,84,100,0,0,0
1979,7,4,768,0,501,6,8,7,1,2,-70,2,828,8796,127,100,1,0,0
1979,13,8,1024,0,498,3,157,7,1,1,-70,0,897,7979,105,100,4,1,3
1983,3,1,512,0,457,7,2,7,1,2,-64,0,567,7589,129,100,2,0,0
1982,2,1,512,0,470,7,1,6,1,1,-88,8,2036,13093,132,100,1,0,0
1981,12,8,1024,0,489,5,168,7,1,1,-52,1,1047,8899,114,100,4,1,3
1983,9,4,768,0,515,4,154,7,1,1,-70,0,904,12094,127,100,6,1,3
1982,21,20,1536,0,509,3,6,5,1,1,-52,0,676,8111,109,100,3,0,0
1982,11,7,1024,20,518,4,8,7,1,1,-52,1,1503,15755,124,100,4,0,0
1981,16,11,1280,10,452,4,16,7,1,1,-70,0,464,4382,84,100,3,0,0
1985,14,10,1024,0,488,3,4,7,1,1,-52,0,621,8021,120,100,3,0,0
1985,8,4,768,0,496,6,8,7,1,2,-52,3,2070,21940,127,100,2,0,0
1985,7,4,768,0,503,6,8,7,1,2,-70,2,914,10123,127,100,2,0,0
1985,10,2,768,20,465,3,161,7,1,1,-95,6,1198,11135,121,100,5,1,3
1986,15,10,1024,0,470,3,9,7,1,1,-70,4,2163,22464,120,100,4,0,0
1985,20,15,1280,0,479,4,5,7,1,1,-70,1,1132,11598,113,100,4,0,0
1985,17,12,1280,0,493,4,5,7,1,1,-70,0,639,8868,114,100,3,0,0
1986,13,8,1024,0,502,3,159,7,1,1,-70,0,821,6949,106,100,4,1,3
1986,12,8,1024,0,491,5,169,7,1,1,-52,1,791,7292,114,100,3,1,3
1989,5,1,512,0,497,7,1,6,1,1,-94,0,949,13626,132,100,3,0,0
1988,6,2,768,0,464,4,153,7,1,2,-52,0,674,8390,107,100,5,1,3
1988,18,15,1280,0,470,3,4,5,1,1,-70,0,633,10036,119,100,4,0,0
1989,4,1,512,40,510,7,3,7,1,1,-66,8,4508,29705,132,100,4,0,0
1988,11,7,1024,0,519,4,8,7,1,1,-52,1,689,8472,124,100,1,0,0
1990,2,1,512,20,474,7,1,6,1,1,-88,8,2458,17040,133,100,3,0,0
1988,16,11,1280,0,452,4,16,7,1,1,-70,0,394,6406,84,100,1,0,0
1989,8,4,768,0,497,6,8,7,1,2,-52,3,1116,8861,127,100,2,0,0
1991,1,0,256,0,10,0,0,4,0,0,0,10,2731,26906,2379,100,2,0,0
1992,3,1,512,0,461,7,2,7,1,2,-64,0,850,12681,129,100,3,0,0
1991,21,20,1536,0,511,3,6,5,1,1,-52,0,615,7931,109,100,3,0,0
1990,19,15,1280,0,405,4,4,7,1,1,-52,0,939,10892,119,100,2,0,0
1992,12,8,1024,0,492,5,171,7,1,1,-52,1,677,7810,115,100,3,1,3
1994,13,8,1024,0,507,3,160,7,1,1,-70,0,862,8032,106,100,4,1,3
1994,9,4,768,0,520,4,157,7,1,1,-70,0,1045,14956,128,100,6,1,3
1993,15,10,1024,0,471,3,9,7,1,1,-70,4,1859,18877,120,100,3,0,0
1994,16,11,1280,0,455,4,16,7,1,1,-70,0,748,6320,85,100,4,0,0
1994,14,10,1024,0,491,3,4,7,1,1,-52,0,802,9831,121,100,3,0,0
1994,20,15,1280,0,481,4,5,7,1,1,-70,1,1015,13174,114,100,2,0,0
1995,11,7,1024,0,522,4,8,7,1,1,-52,1,1245,12979,125,100,3,0,0
1996,17,12,1280,0,497,4,5,7,1,1,-70,0,782,9220,115,100,3,0,0
1996,10,2,768,0,471,3,163,7,1,1,-95,6,3500,24160,122,100,6,1,3
1997,8,4,768,10,500,6,8,7,1,2,-52,3,1618,15883,128,100,2,0,0
1997,7,4,768,0,507,6,8,7,1,2,-70,2,2065,20184,128,100,4,0,0
1998,3,1,512,10,463,7,2,7,1,2,-64,0,460,7036,130,100,2,0,0
1998,4,1,512,10,511,7,3,7,1,1,-66,8,3547,24917,132,100,2,0,0
1998,1,0,256,0,10,0,0,4,0,0,0,10,1769,17416,2389,100,2,0,0
1997,6,2,768,0,466,4,155,7,1,2,-52,0,750,9477,108,100,5,1,3
1997,12,8,1024,0,495,5,172,7,1,1,-52,1,900,6927,115,100,4,1,3
1997,18,15,1280,0,475,3,4,5,1,1,-70,0,1011,9620,120,100,4,0,0
1999,13,8,1024,0,509,3,162,7,1,1,-70,0,557,5347,106,100,3,1,3
1999,2,1,512,20,480,7,1,6,1,1,-88,8,3356,22318,133,100,3,0,0
1999,5,1,512,0,502,7,1,6,1,1,-94,0,1021,13087,133,100,5,0,0
1999,16,11,1280,0,456,4,16,7,1,1,-70,0,393,4624,85,100,1,0,0
1999,14,10,1024,0,494,3,4,7,1,1,-52,0,577,4554,121,100,2,0,0
1999,9,4,768,0,521,4,158,7,1,1,-70,0,499,5912,128,100,3,1,3
2001,17,12,1280,0,499,4,5,7,1,1,-70,0,494,5012,115,100,2,0,0
1999,19,15,1280,0,410,4,4,7,1,1,-52,0,999,9879,120,100,2,0,0
2003,1,0,256,0,10,0,0,4,0,0,0,10,1156,12640,2395,100,0,0,0
2002,6,2,768,0,467,4,156,7,1,2,-52,0,390,4200,108,100,3,1,3
2002,10,2,768,0,474,3,165,7,1,1,-95,6,1758,13767,122,100,4,1,3
2001,21,20,1536,10,516,3,6,5,1,1,-52,0,997,11336,110,100,4,0,0
2004,2,1,512,10,482,7,1,6,1,1,-88,8,1809,11577,133,100,2,0,0
2004,8,4,768,0,503,6,8,7,1,2,-52,3,1643,14632,128,100,3,0,0
2004,14,10,1024,0,496,3,4,7,1,1,-52,0,550,4831,122,100,2,0,0
2005,11,7,1024,0,527,4,8,7,1,1,-52,1,1510,15699,126,100,4,0,0
2005,16,11,1280,0,459,4,16,7,1,1,-70,0,657,6902,86,100,2,0,0
2007,3,1,512,0,467,7,2,7,1,2,-64,0,934,12021,130,100,3,0,0
2005,15,10,1024,0,477,3,9,7,1,1,-70,4,2966,27856,121,100,5,0,0
2006,7,4,768,10,513,6,8,7,1,2,-70,2,2053,16781,129,100,4,0,0
2004,20,15,1280,0,484,4,5,7,1,1,-70,1,1327,14146,115,100,2,0,0
2007,13,8,1024,0,511,3,164,7,1,1,-70,0,704,7305,107,100,5,1,3
2007,10,2,768,0,478,3,166,7,1,1,-95,6,1638,11044,123,100,2,1,3
2008,12,8,1024,20,498,5,174,7,1,1,-52,1,1352,14463,116,100,6,1,3
2007,17,12,1280,10,501,4,5,7,1,1,-70,0,570,7363,116,100,2,0,0
2007,18,15,1280,0,479,3,4,5,1,1,-70,0,904,9588,121,100,4,0,0
2009,4,1,512,10,515,7,3,7,1,1,-66,8,4516,30695,133,100,4,0,0
2010,5,1,512,0,507,7,1,6,1,1,-94,0,1040,14123,134,100,2,0,0
2007,21,20,1536,0,517,3,6,5,1,1,-52,0,552,5861,111,100,2,0,0
2008,19,15,1280,0,411,4,4,7,1,1,-52,0,538,8265,120,100,2,0,0
2011,9,4,768,0,526,4,161,7,1,1,-70,0,1145,15343,129,100,7,1,3
2012,13,8,1024,0,512,3,165,7,1,1,-70,0,416,5656,107,100,3,1,3
2012,14,10,1024,0,500,3,4,7,1,1,-52,0,625,8078,122,100,2,0,0
2012,1,0,256,0,10,0,0,4,0,0,0,10,2493,23529,2409,100,2,0,0
2013,11,7,1024,0,529,4,8,7,1,1,-52,1,814,11639,126,100,2,0,0
2013,8,4,768,0,509,6,8,7,1,2,-52,3,2167,19116,129,100,3,0,0
2014,20,15,1280,0,486,4,5,7,1,1,-70,1,958,9779,115,100,2,0,0
2013,6,2,768,0,472,4,160,7,1,2,-52,0,1145,11757,109,100,8,1,3
2015,3,1,512,10,470,7,2,7,1,2,-64,0,704,10779,131,100,1,0,0
2016,2,1,512,10,486,7,1,6,1,1,-88,8,3749,25668,134,100,4,0,0
2014,15,10,1024,10,482,3,9,7,1,1,-70,4,2222,21569,122,100,2,0,0
2016,7,4,768,0,518,6,8,7,1,2,-70,2,1185,15483,129,100,2,0,0
2016,10,2,768,0,481,3,167,7,1,1,-95,6,2556,18640,123,100,5,1,3
2017,4,1,512,0,517,7,3,7,1,1,-66,8,2092,17477,133,100,3,0,0
2016,16,11,1280,0,467,4,16,7,1,1,-70,0,1269,11281,86,100,5,0,0
2016,21,20,1536,0,521,3,6,5,1,1,-52,0,829,8219,111,100,3,0,0
2018,9,4,768,0,530,4,163,7,1,1,-70,0,1016,8498,130,100,5,1,3
2018,8,4,768,0,510,6,8,7,1,2,-52,3,679,8150,129,100,2,0,0
2017,18,15,1280,10,482,3,4,5,1,1,-70,0,619,7865,121,100,3,0,0
2017,12,8,1024,10,502,5,177,7,1,1,-52,1,1238,13185,116,100,5,1,3
2018,11,7,1024,0,530,4,8,7,1,1,-52,1,743,8582,127,100,2,0,0
2017,17,12,1280,0,504,4,5,7,1,1,-70,0,751,9774,116,100,3,0,0
2021,1,0,256,0,10,0,0,4,0,0,0,10,2144,20793,2421,100,2,0,0
2019,19,15,1280,0,411,4,4,7,1,1,-52,0,390,9701,121,100,1,0,0
2020,6,2,768,0,474,4,161,7,1,2,-52,0,579,6436,110,100,3,1,3
2021,5,1,512,0,515,7,1,6,1,1,-94,0,1494,15258,134,100,4,0,0
2022,20,15,1280,10,487,4,5,7,1,1,-70,1,846,10972,116,100,2,0,0
2022,15,10,1024,10,485,3,9,7,1,1,-70,4,2062,17195,122,100,3,0,0
2022,4,1,512,0,520,7,3,7,1,1,-66,8,2799,17333,134,100,2,0,0
2022,14,10,1024,10,506,3,4,7,1,1,-52,0,1117,10855,123,100,4,0,0
2022,7,4,768,10,520,6,8,7,1,2,-70,2,1419,12556,130,100,3,0,0
2024,3,1,512,0,477,7,2,7,1,2,-64,0,1142,11577,132,100,3,0,0
2022,13,8,1024,0,517,3,168,7,1,1,-70,0,1167,10541,108,100,6,1,3
2022,16,11,1280,0,468,4,16,7,1,1,-70,0,451,6159,87,100,1,0,0
2024,18,15,1280,10,485,3,4,5,1,1,-70,0,581,6575,122,100,1,0,0
2024,8,4,768,0,513,6,8,7,1,2,-52,3,1647,14491,130,100,2,0,0
2025,11,7,1024,0,532,4,8,7,1,1,-52,1,932,11660,127,100,2,0,0
2025,2,1,512,0,490,7,1,6,1,1,-88,8,3533,23057,135,100,4,0,0
2024,17,12,1280,0,506,4,5,7,1,1,-70,0,647,7411,117,100,3,0,0
2025,19,15,1280,10,414,4,4,7,1,1,-52,0,500,6214,121,100,1,0,0
2026,5,1,512,0,517,7,1,6,1,1,-94,0,544,5497,135,100,2,0,0
2026,1,0,256,0,10,0,0,4,0,0,0,10,1720,15486,2429,100,1,0,0
2026,9,4,768,0,534,4,164,7,1,1,-70,0,778,10947,130,100,4,1,3
2027,10,2,768,10,486,3,170,7,1,1,-95,6,3258,25523,124,100,6,1,3
2028,20,15,1280,0,491,4,5,7,1,1,-70,1,967,8671,116,100,2,0,0
2029,12,8,1024,0,507,5,180,7,1,1,-52,1,1760,15587,117,100,8,1,3
2029,6,2,768,0,476,4,164,7,1,2,-52,0,607,8154,110,100,4,1,3
2027,15,10,1024,10,486,3,9,7,1,1,-70,4,1545,14109,123,100,2,0,0
2027,14,10,1024,0,507,3,4,7,1,1,-52,0,497,5744,123,100,2,0,0
2030,11,7,1024,0,533,4,8,7,1,1,-52,1,419,6798,127,100,2,0,0
2028,21,20,1536,10,526,3,6,5,1,1,-52,0,913,10093,112,100,3,0,0
2030,8,4,768,0,515,6,8,7,1,2,-52,3,1121,11367,130,100,2,0,0
2030,2,1,512,10,493,7,1,6,1,1,-88,8,2060,12742,135,100,2,0,0
2030,16,11,1280,0,470,4,16,7,1,1,-70,0,512,7879,87,100,3,0,0
2031,13,8,1024,0,523,3,170,7,1,1,-70,0,1080,9633,109,100,5,1,3
2031,3,1,512,0,481,7,2,7,1,2,-64,0,832,11354,132,100,3,0,0
2031,9,4,768,0,536,4,165,7,1,1,-70,0,554,5982,131,100,3,1,3
2032,19,15,1280,0,416,4,4,7,1,1,-52,0,827,7584,122,100,2,0,0
2032,17,12,1280,0,509,4,5,7,1,1,-70,0,625,7245,117,100,2,0,0
2033,5,1,512,0,520,7,1,6,1,1,-94,0,622,9197,135,100,2,0,0
2032,4,1,512,10,523,7,3,7,1,1,-66,8,4185,29570,134,100,3,0,0
2034,1,0,256,0,10,0,0,4,0,0,0,10,1664,18139,2437,100,1,0,0
2034,7,4,768,10,528,6,8,7,1,2,-70,2,2295,20499,130,100,5,0,0
2032,10,2,768,20,488,3,171,7,1,1,-95,6,1994,13867,125,100,3,1,3
2034,16,11,1280,0,471,4,16,7,1,1,-70,0,495,4532,88,100,1,0,0
2034,18,15,1280,10,491,3,4,5,1,1,-70,0,1175,10358,122,100,4,0,0
2035,15,10,1024,0,490,3,9,7,1,1,-70,4,1803,17176,123,100,2,0,0
2036,11,7,1024,10,536,4,8,7,1,1,-52,1,1217,11726,128,100,2,0,0
2037,20,15,1280,0,493,4,5,7,1,1,-70,1,995,11239,117,100,3,0,0
2035,6,2,768,0,480,4,166,7,1,2,-52,0,940,8983,111,100,5,1,3
2038,4,1,512,0,525,7,3,7,1,1,-66,8,1857,12534,135,100,2,0,0
2038,21,20,1536,0,529,3,6,5,1,1,-52,0,773,9781,112,100,3,0,0
2039,2,1,512,20,498,7,1,6,1,1,-88,8,2716,19292,136,100,2,0,0
2040,7,4,768,0,531,6,8,7,1,2,-70,2,1163,10039,131,100,2,0,0
2040,8,4,768,0,517,6,8,7,1,2,-52,3,1747,19264,131,100,4,0,0
2040,9,4,768,0,543,4,167,7,1,1,-70,0,1251,12255,131,100,6,1,3
2039,14,10,1024,0,515,3,4,7,1,1,-52,0,1355,12381,124,100,4,0,0
2040,12,8,1024,0,514,5,183,7,1,1,-52,1,1919,16920,118,100,7,1,3
2040,10,2,768,0,492,3,173,7,1,1,-95,6,2331,16296,125,100,4,1,3
2041,13,8,1024,0,528,3,172,7,1,1,-70,0,1018,10361,109,100,5,1,3
2041,5,1,512,0,521,7,1,6,1,1,-94,0,483,9738,136,100,2,0,0
2040,17,12,1280,0,514,4,5,7,1,1,-70,0,992,8789,118,100,3,0,0
2042,1,0,256,0,10,0,0,4,0,0,0,10,1970,19502,2449,100,1,0,0
2042,3,1,512,0,484,7,2,7,1,2,-64,0,819,13488,133,100,3,0,0
2042,19,15,1280,0,424,4,4,7,1,1,-52,0,1083,10220,122,100,1,0,0
2042,11,7,1024,0,538,4,8,7,1,1,-52,1,771,9414,128,100,2,0,0
2041,15,10,1024,20,492,3,9,7,1,1,-70,4,1901,17856,124,100,2,0,0
2043,4,1,512,0,525,7,3,7,1,1,-66,8,1531,11747,135,100,0,0,0
2042,21,20,1536,0,531,3,6,5,1,1,-52,0,526,4220,113,100,2,0,0
2042,6,2,768,0,483,4,169,7,1,2,-52,0,708,7260,111,100,5,1,3
2044,18,15,1280,0,495,3,4,5,1,1,-70,0,1013,10185,123,100,4,0,0
2045,7,4,768,0,533,6,8,7,1,2,-70,2,760,8310,131,100,2,0,0
2046,16,11,1280,0,478,4,16,7,1,1,-70,0,1085,11775,88,100,4,0,0
2045,10,2,768,10,495,3,174,7,1,1,-95,6,1724,12754,125,100,3,1,3
2046,20,15,1280,10,497,4,5,7,1,1,-70,1,1355,12208,117,100,3,0,0
2048,1,0,256,0,10,0,0,4,0,0,0,10,1306,14080,2455,100,2,0,0
2048,19,15,1280,0,427,4,4,7,1,1,-52,0,665,6721,123,100,1,0,0
2048,13,8,1024,0,529,3,174,7,1,1,-70,0,502,6727,110,100,4,1,3
2048,3,1,512,0,488,7,2,7,1,2,-64,0,706,8691,133,100,2,0,0
2049,4,1,512,0,526,7,3,7,1,1,-66,8,1993,15882,136,100,3,0,0
2050,12,8,1024,0,518,5,185,7,1,1,-52,1,1135,11538,118,100,5,1,3
2047,14,10,1024,0,519,3,4,7,1,1,-52,0,881,9284,125,100,4,0,0
2050,5,1,512,0,526,7,1,6,1,1,-94,0,927,10838,136,100,4,0,0
2048,15,10,1024,0,496,3,9,7,1,1,-70,4,1982,16306,124,100,3,0,0
2050,8,4,768,0,521,6,8,7,1,2,-52,3,2121,20622,131,100,3,0,0
2050,21,20,1536,0,535,3,6,5,1,1,-52,0,732,7804,113,100,2,0,0
2050,9,4,768,10,548,4,170,7,1,1,-70,0,1106,12404,132,100,6,1,3
2050,2,1,512,10,501,7,1,6,1,1,-88,8,4068,26382,136,100,4,0,0
2050,7,4,768,20,536,6,8,7,1,2,-70,2,978,9932,131,100,2,0,0
2052,6,2,768,10,486,4,171,7,1,2,-52,0,809,8011,112,100,5,1,3
2050,17,12,1280,10,519,4,5,7,1,1,-70,0,895,9547,119,100,2,0,0
2053,11,7,1024,0,541,4,8,7,1,1,-52,1,1269,16758,129,100,4,0,0
2053,16,11,1280,0,482,4,16,7,1,1,-70,0,881,7402,89,100,4,0,0
2054,12,8,1024,0,519,5,186,7,1,1,-52,1,872,6962,119,100,2,1,3
2054,13,8,1024,0,531,3,175,7,1,1,-70,0,523,5972,110,100,3,1,3
2054,10,2,768,0,497,3,176,7,1,1,-95,6,2246,17064,126,100,5,1,3
2055,2,1,512,20,504,7,1,6,1,1,-88,8,1479,10446,137,100,2,0,0
2054,14,10,1024,0,522,3,4,7,1,1,-52,0,601,5706,125,100,2,0,0
2056,8,4,768,0,525,6,8,7,1,2,-52,3,1640,12994,132,100,2,0,0
2054,21,20,1536,0,536,3,6,5,1,1,-52,0,419,4332,114,100,2,0,0
2056,1,0,256,0,10,0,0,4,0,0,0,10,2283,21391,2469,100,1,0,0
2055,18,15,1280,0,496,3,4,5,1,1,-70,0,590,10687,124,100,3,0,0
2057,5,1,512,0,528,7,1,6,1,1,-94,0,591,9001,137,100,2,0,0
2055,20,15,1280,0,500,4,5,7,1,1,-70,1,1341,12318,118,100,4,0,0
2057,3,1,512,0,492,7,2,7,1,2,-64,0,925,11451,134,100,3,0,0
2056,15,10,1024,0,500,3,9,7,1,1,-70,4,2017,17226,125,100,2,0,0
2058,7,4,768,0,539,6,8,7,1,2,-70,2,1235,12126,132,100,2,0,0
2057,19,15,1280,0,430,4,4,7,1,1,-52,0,752,9610,123,100,2,0,0
2057,16,11,1280,0,483,4,16,7,1,1,-70,0,369,4468,89,100,1,0,0
2058,11,7,1024,0,543,4,8,7,1,1,-52,1,792,8505,129,100,1,0,0
2059,12,8,1024,10,521,5,188,7,1,1,-52,1,663,6853,119,100,4,1,3
2059,9,4,768,0,553,4,172,7,1,1,-70,0,915,11110,132,100,5,1,3
2058,17,12,1280,0,524,4,5,7,1,1,-70,0,955,8395,119,100,4,0,0
2059,10,2,768,0,501,3,177,7,1,1,-95,6,2193,12545,126,100,3,1,3
2059,4,1,512,0,530,7,3,7,1,1,-66,8,4758,31112,136,100,4,0,0
2060,6,2,768,0,491,4,173,7,1,2,-52,0,913,9070,112,100,5,1,3
2062,5,1,512,0,530,7,1,6,1,1,-94,0,467,6247,137,100,2,0,0
2061,14,10,1024,0,527,3,4,7,1,1,-52,0,895,7644,126,100,2,0,0
2063,2,1,512,10,506,7,1,6,1,1,-88,8,2881,19457,137,100,3,0,0
2063,3,1,512,0,495,7,2,7,1,2,-64,0,599,8068,134,100,2,0,0
2062,15,10,1024,0,502,3,9,7,1,1,-70,4,1271,14294,125,100,3,0,0
2063,8,4,768,0,530,6,8,7,1,2,-52,3,2039,19031,132,100,4,0,0
2064,9,4,768,10,557,4,175,7,1,1,-70,0,769,8100,133,100,5,1,3
2065,21,20,1536,0,542,3,6,5,1,1,-52,0,1061,10236,114,100,4,0,0
2065,4,1,512,30,532,7,3,7,1,1,-66,8,1793,13610,137,100,2,0,0
2066,20,15,1280,0,504,4,5,7,1,1,-70,1,1343,13513,119,100,4,0,0
2065,13,8,1024,0,536,3,178,7,1,1,-70,0,1329,11553,111,100,7,1,3
2066,1,0,256,0,10,0,0,4,0,0,0,10,2296,24394,2481,100,2,0,0
2067,19,15,1280,0,435,4,4,7,1,1,-52,0,998,9369,124,100,2,0,0
2066,18,15,1280,10,506,3,4,5,1,1,-70,0,1407,11476,125,100,4,0,0
2066,16,11,1280,0,487,4,16,7,1,1,-70,0,886,9224,90,100,3,0,0
2067,10,2,768,10,506,3,179,7,1,1,-95,6,2392,17007,127,100,4,1,3
2067,6,2,768,0,492,4,175,7,1,2,-52,0,619,7361,113,100,5,1,3
2067,11,7,1024,0,547,4,9,7,1,1,-52,1,1401,15350,130,100,5,0,0
2067,15,10,1024,0,503,3,9,7,1,1,-70,4,1517,11295,125,100,1,0,0
2069,17,12,1280,0,528,4,5,7,1,1,-70,0,909,9667,120,100,3,0,0
2068,7,4,768,0,543,6,8,7,1,2,-70,2,2065,19427,133,100,4,0,0
2068,9,4,768,0,558,4,176,7,1,1,-70,0,498,5199,133,100,3,1,3
2068,12,8,1024,0,526,5,191,7,1,1,-52,1,1792,14784,120,100,7,1,3
2069,14,10,1024,0,530,3,4,7,1,1,-52,0,863,8477,126,100,2,0,0
2068,8,4,768,0,533,6,8,7,1,2,-52,3,1390,10863,133,100,2,0,0
2070,1,0,256,0,10,0,0,4,0,0,0,10,1188,10743,2489,100,1,0,0
2069,13,8,1024,0,538,3,180,7,1,1,-70,0,553,5610,111,100,4,1,3
2071,19,15,1280,10,436,4,4,7,1,1,-52,0,369,4595,124,100,1,0,0
2073,5,1,512,0,532,7,1,6,1,1,-94,0,735,13322,138,100,3,0,0
2072,10,2,768,0,509,3,180,7,1,1,-95,6,1659,12212,127,100,3,1,3
2074,2,1,512,0,510,7,1,6,1,1,-88,8,3561,24254,138,100,4,0,0
2073,4,1,512,0,533,7,3,7,1,1,-66,8,2759,21998,137,100,2,0,0
2073,20,15,1280,0,508,4,5,7,1,1,-70,1,1088,11551,119,100,3,0,0
2074,3,1,512,0,497,7,2,7,1,2,-64,0,711,13585,135,100,3,0,0
2074,9,4,768,10,562,4,177,7,1,1,-70,0,628,7297,133,100,3,1,3
2073,14,10,1024,0,531,3,4,7,1,1,-52,0,425,4528,127,100,1,0,0
2074,18,15,1280,0,515,3,4,5,1,1,-70,0,1344,10608,125,100,3,0,0
2074,7,4,768,0,546,6,8,7,1,2,-70,2,804,10825,133,100,3,0,0
2075,15,10,1024,10,507,3,9,7,1,1,-70,4,2112,19896,126,100,3,0,0
2075,11,7,1024,0,551,4,9,7,1,1,-52,1,969,12910,130,100,3,0,0
2073,12,8,1024,0,527,5,192,7,1,1,-52,1,530,8210,120,100,3,1,3
2077,21,20,1536,0,546,3,6,5,1,1,-52,0,929,11432,115,100,4,0,0
2074,13,8,1024,0,539,3,181,7,1,1,-70,0,448,5170,112,100,3,1,3
2077,10,2,768,10,510,3,181,7,1,1,-95,6,1464,9656,127,100,3,1,3
2078,1,0,256,0,10,0,0,4,0,0,0,10,1337,16491,2494,100,1,0,0
2078,5,1,512,0,533,7,1,6,1,1,-94,0,361,6031,138,100,2,0,0
2077,6,2,768,0,496,4,176,7,1,2,-52,0,753,9227,113,100,4,1,3
2078,16,11,1280,0,492,4,16,7,1,1,-70,0,1131,11773,91,100,5,0,0
2079,3,1,512,0,500,7,2,7,1,2,-64,0,599,6356,135,100,2,0,0
2080,11,7,1024,0,552,4,9,7,1,1,-52,1,780,7313,131,100,2,0,0
2079,9,4,768,10,562,4,178,7,1,1,-70,0,481,6054,134,100,2,1,3
2080,4,1,512,20,535,7,3,7,1,1,-66,8,3012,19254,138,100,3,0,0
2080,2,1,512,0,512,7,1,6,1,1,-88,8,2464,16669,138,100,3,0,0
2079,8,4,768,30,536,6,8,7,1,2,-52,3,1895,20573,134,100,4,0,0
2079,19,15,1280,10,438,4,4,7,1,1,-52,0,647,10149,125,100,1,0,0
2081,15,10,1024,10,508,3,9,7,1,1,-70,4,1308,13820,126,100,2,0,0
2080,17,12,1280,0,533,4,5,7,1,1,-70,0,1034,11106,121,100,4,0,0
2082,14,10,1024,0,536,3,4,7,1,1,-52,0,930,8459,127,100,4,0,0
2079,12,8,1024,0,532,5,193,7,1,1,-52,1,1289,8646,121,100,3,1,3
2081,20,15,1280,0,513,4,5,7,1,1,-70,1,1481,11984,120,100,3,0,0
2083,1,0,256,0,10,0,0,4,0,0,0,10,1691,14689,2506,100,1,0,0
2081,21,20,1536,0,550,3,6,5,1,1,-52,0,602,5918,115,100,2,0,0
2083,10,2,768,10,511,3,183,7,1,1,-95,6,1750,13550,128,100,4,1,3
2083,7,4,768,10,549,6,8,7,1,2,-70,2,1678,15132,134,100,3,0,0
2083,16,11,1280,0,494,4,16,7,1,1,-70,0,399,5252,91,100,1,0,0
2086,11,7,1024,0,553,4,9,7,1,1,-52,1,680,9430,131,100,2,0,0
2084,19,15,1280,0,438,4,4,7,1,1,-52,0,288,4860,125,100,1,0,0
2085,18,15,1280,0,519,3,4,5,1,1,-70,0,1002,10545,126,100,5,0,0
2085,9,4,768,0,564,4,180,7,1,1,-70,0,574,8906,134,100,4,1,3
2085,13,8,1024,0,543,3,183,7,1,1,-70,0,934,10768,112,100,5,1,3
2085,17,12,1280,0,536,4,5,7,1,1,-70,0,627,8012,121,100,2,0,0
2087,4,1,512,0,536,7,3,7,1,1,-66,8,2481,18073,138,100,2,0,0
2089,5,1,512,0,536,7,1,6,1,1,-94,0,836,14049,139,100,4,0,0
2088,6,2,768,0,501,4,180,7,1,2,-52,0,1145,11483,114,100,8,1,3
2088,8,4,768,0,540,6,8,7,1,2,-52,3,1864,18251,134,100,2,0,0
2089,3,1,512,0,504,7,2,7,1,2,-64,0,919,13023,136,100,4,0,0
2086,20,15,1280,0,516,4,5,7,1,1,-70,1,1046,8408,120,100,2,0,0
2090,1,0,256,0,10,0,0,4,0,0,0,10,1504,16248,2511,100,2,0,0
2089,15,10,1024,0,510,3,9,7,1,1,-70,4,2251,20435,127,100,3,0,0
2090,2,1,512,0,514,7,1,6,1,1,-88,8,3184,21916,139,100,3,0,0
2089,9,4,768,0,568,4,181,7,1,1,-70,0,604,5913,134,100,3,1,3
2091,10,2,768,0,512,3,185,7,1,1,-95,6,2037,16799,128,100,5,1,3
2090,21,20,1536,0,556,3,6,5,1,1,-52,0,1123,9550,116,100,3,0,0
2091,14,10,1024,10,541,3,4,7,1,1,-52,0,895,9524,128,100,2,0,0
2089,12,8,1024,0,536,5,196,7,1,1,-52,1,1283,13522,121,100,7,1,3
2089,19,15,1280,0,442,4,4,7,1,1,-52,0,770,6859,126,100,1,0,0
2091,7,4,768,0,552,6,8,7,1,2,-70,2,1159,13004,134,100,3,0,0
2091,16,11,1280,0,498,4,16,7,1,1,-70,0,829,7896,91,100,3,0,0
2094,6,2,768,0,503,4,182,7,1,2,-52,0,607,6328,115,100,4,1,3
2094,4,1,512,20,539,7,3,7,1,1,-66,8,2753,19320,139,100,3,0,0
2095,5,1,512,0,538,7,1,6,1,1,-94,0,492,7471,139,100,2,0,0
2094,20,15,1280,0,519,4,5,7,1,1,-70,1,1104,10028,121,100,3,0,0
2093,13,8,1024,0,548,3,185,7,1,1,-70,0,1044,8636,113,100,6,1,3
2095,2,1,512,0,516,7,1,6,1,1,-88,8,1987,11937,139,100,3,0,0
2095,18,15,1280,0,523,3,4,5,1,1,-70,0,758,9752,126,100,2,0,0
2094,9,4,768,10,571,4,182,7,1,1,-70,0,605,6464,135,100,3,1,3
2096,11,7,1024,0,558,4,9,7,1,1,-52,1,1532,18771,132,100,4,0,0
2096,15,10,1024,10,512,3,9,7,1,1,-70,4,1633,15085,127,100,2,0,0
2095,17,12,1280,0,539,4,5,7,1,1,-70,0,772,8911,122,100,4,0,0
2096,8,4,768,0,545,6,8,7,1,2,-52,3,2103,17285,135,100,3,0,0
2098,3,1,512,0,507,7,2,7,1,2,-64,0,698,10710,137,100,2,0,0
2096,21,20,1536,0,559,3,6,5,1,1,-52,0,602,5724,116,100,2,0,0
2098,16,11,1280,0,499,4,16,7,1,1,-70,0,443,6557,92,100,2,0,0
2100,1,0,256,0,10,0,0,4,0,0,0,10,2427,23589,2528,100,1,0,0
2098,12,8,1024,0,539,5,198,7,1,1,-52,1,1304,12481,122,100,5,1,3
2100,10,2,768,0,515,3,187,7,1,1,-95,6,2612,18752,129,100,5,1,3
2099,19,15,1280,10,444,4,4,7,1,1,-52,0,621,8217,126,100,2,0,0
2101,7,4,768,0,556,6,8,7,1,2,-70,2,1767,16973,135,100,4,0,0
2101,14,10,1024,0,544,3,4,7,1,1,-52,0,765,9794,128,100,4,0,0
2102,6,2,768,0,505,4,184,7,1,2,-52,0,642,6949,115,100,5,1,3
2101,11,7,1024,0,560,4,9,7,1,1,-52,1,705,7765,132,100,2,0,0
2103,5,1,512,0,540,7,1,6,1,1,-94,0,687,9750,140,100,3,0,0
2102,17,12,1280,0,543,4,5,7,1,1,-70,0,844,7540,122,100,2,0,0
2104,2,1,512,0,517,7,1,6,1,1,-88,8,2369,18885,140,100,1,0,0
2103,13,8,1024,10,551,3,188,7,1,1,-70,0,711,8575,113,100,5,1,3
2105,15,10,1024,20,515,3,9,7,1,1,-70,4,1904,19861,128,100,3,0,0
2106,4,1,512,0,541,7,3,7,1,1,-66,8,3732,94130,139,100,3,0,0
2106,9,4,768,0,573,4,186,7,1,1,-70,0,942,13331,136,100,7,1,3
2104,20,15,1280,10,520,4,5,7,1,1,-70,1,1053,12227,121,100,3,0,0
2104,21,20,1536,0,561,3,6,5,1,1,-52,0,788,8496,117,100,1,0,0
2108,3,1,512,0,510,7,2,7,1,2,-64,0,738,11635,137,100,4,0,0
2106,6,2,768,0,506,4,185,7,1,2,-52,0,418,4295,115,100,3,1,3
2105,18,15,1280,0,526,3,4,5,1,1,-70,0,802,9371,127,100,3,0,0
2109,1,0,256,0,10,0,0,4,0,0,0,10,2079,22985,2538,100,2,0,0
2108,8,4,768,0,550,6,8,7,1,2,-52,3,2164,22308,135,100,4,0,0
2108,10,2,768,0,518,3,189,7,1,1,-95,6,2348,17227,130,100,5,1,3
2108,13,8,1024,0,554,3,190,7,1,1,-70,0,715,5541,114,100,4,1,3
2108,14,10,1024,0,548,3,4,7,1,1,-52,0,861,6760,129,100,3,0,0
2108,16,11,1280,0,503,4,16,7,1,1,-70,0,927,11145,93,100,4,0,0
2110,15,10,1024,10,518,3,9,7,1,1,-70,4,1494,12353,128,100,3,0,0
2110,12,8,1024,10,545,5,202,7,1,1,-52,1,1574,14487,123,100,7,1,3
2110,19,15,1280,0,447,4,4,7,1,1,-52,0,833,10664,127,100,2,0,0
2110,18,15,1280,0,529,3,4,5,1,1,-70,0,601,5073,127,100,2,0,0
2112,6,2,768,0,507,4,186,7,1,2,-52,0,379,5678,116,100,1,1,3
2111,17,12,1280,0,547,4,5,7,1,1,-70,0,879,7803,123,100,4,0,0
2113,5,1,512,0,546,7,1,6,1,1,-94,0,1058,12654,140,100,4,0,0
2110,21,20,1536,0,565,3,6,5,1,1,-52,0,805,6093,117,100,3,0,0
2111,11,7,1024,0,564,4,9,7,1,1,-52,1,1430,16387,133,100,4,0,0
2113,9,4,768,0,578,4,187,7,1,1,-70,0,837,8486,136,100,4,1,3
2114,4,1,512,20,543,7,3,7,1,1,-66,8,3049,20368,140,100,4,0,0
2113,7,4,768,0,564,6,8,7,1,2,-70,2,2369,20458,136,100,4,0,0
2114,10,2,768,0,519,3,190,7,1,1,-95,6,1846,13741,130,100,3,1,3
2114,19,15,1280,0,447,4,4,7,1,1,-52,0,263,4416,127,100,1,0,0
2117,2,1,512,10,524,7,1,6,1,1,-88,8,4553,28035,141,100,4,0,0
2117,8,4,768,10,553,6,8,7,1,2,-52,3,1582,15058,136,100,2,0,0
2114,20,15,1280,0,522,4,5,7,1,1,-70,1,1343,13547,122,100,4,0,0
2115,12,8,1024,10,548,5,203,7,1,1,-52,1,1062,8531,123,100,3,1,3
2116,15,10,1024,0,521,3,9,7,1,1,-70,4,1856,14505,129,100,1,0,0
2115,17,12,1280,0,548,4,5,7,1,1,-70,0,369,3985,123,100,1,0,0
2119,3,1,512,0,513,7,2,7,1,2,-64,0,819,13755,138,100,3,0,0
2118,14,10,1024,0,554,3,4,7,1,1,-52,0,964,9330,129,100,3,0,0
2118,16,11,1280,10,508,4,16,7,1,1,-70,0,931,9476,93,100,4,0,0
2117,18,15,1280,0,534,3,4,5,1,1,-70,0,871,7428,128,100,2,0,0
2119,10,2,768,10,521,3,191,7,1,1,-95,6,1759,11508,130,100,3,1,3
2120,9,4,768,0,579,4,188,7,1,1,-70,0,414,7306,136,100,3,1,3
2118,21,20,1536,10,568,3,6,5,1,1,-52,0,574,7429,118,100,2,0,0
2120,1,0,256,0,10,0,0,4,0,0,0,10,2843,27830,2552,100,2,0,0
2120,11,7,1024,0,568,4,9,7,1,1,-52,1,1209,13598,134,100,3,0,0
2120,15,10,1024,0,521,3,9,7,1,1,-70,4,1048,9595,129,100,2,0,0
2120,20,15,1280,0,524,4,5,7,1,1,-70,1,739,7256,122,100,2,0,0
2121,13,8,1024,10,560,3,194,7,1,1,-70,0,1147,12298,115,100,8,1,3
2122,5,1,512,0,552,7,1,6,1,1,-94,0,1014,11838,141,100,3,0,0
2122,6,2,768,0,512,4,188,7,1,2,-52,0,1015,10112,116,100,5,1,3
2122,7,4,768,0,568,6,8,7,1,2,-70,2,1387,13979,136,100,2,0,0
2123,12,8,1024,0,553,5,204,7,1,1,-52,1,1084,8806,123,100,3,1,3
2125,4,1,512,50,551,7,3,7,1,1,-66,8,4225,28776,141,100,4,0,0
2125,2,1,512,10,529,7,1,6,1,1,-88,8,3147,20214,141,100,3,0,0
2125,8,4,768,20,558,6,8,7,1,2,-52,3,2331,18136,137,100,4,0,0
2124,20,15,1280,0,526,4,5,7,1,1,-70,1,485,5306,123,100,1,0,0
2124,17,12,1280,0,550,4,5,7,1,1,-70,0,574,7274,124,100,2,0,0
2126,5,1,512,10,554,7,1,6,1,1,-94,0,475,5295,141,100,1,0,0
2125,13,8,1024,0,562,3,196,7,1,1,-70,0,637,4250,115,100,4,1,3
2125,11,7,1024,0,570,4,9,7,1,1,-52,1,704,8043,134,100,2,0,0
2126,15,10,1024,0,524,3,9,7,1,1,-70,4,1435,13339,129,100,2,0,0
2126,18,15,1280,0,536,3,4,5,1,1,-70,0,695,8318,129,100,3,0,0
2129,3,1,512,0,520,7,2,7,1,2,-64,0,1178,12811,138,100,2,0,0
2126,19,15,1280,0,451,4,4,7,1,1,-52,0,939,11808,128,100,2,0,0
2127,7,4,768,0,569,6,8,7,1,2,-70,2,744,8909,136,100,2,0,0
2128,6,2,768,0,513,4,190,7,1,2,-52,0,500,5955,117,100,4,1,3
2129,4,1,512,30,553,7,3,7,1,1,-66,8,1795,11196,141,100,1,0,0
2127,21,20,1536,10,571,3,6,5,1,1,-52,0,717,8110,118,100,4,0,0
2128,14,10,1024,0,557,3,4,7,1,1,-52,0,802,10071,130,100,3,0,0
2128,17,12,1280,0,552,4,5,7,1,1,-70,0,470,4514,124,100,2,0,0
2127,16,11,1280,0,513,4,16,7,1,1,-70,0,1017,10019,94,100,3,0,0
2129,9,4,768,0,583,4,191,7,1,1,-70,0,1020,12518,137,100,6,1,3
2130,10,2,768,10,529,3,194,7,1,1,-95,6,3613,24266,131,100,6,1,3
2131,8,4,768,0,561,6,8,7,1,2,-52,3,1548,14175,137,100,2,0,0
2130,20,15,1280,0,528,4,5,7,1,1,-70,1,935,8448,123,100,2,0,0
2130,7,4,768,0,571,6,8,7,1,2,-70,2,819,7729,137,100,2,0,0
2132,1,0,256,0,10,0,0,4,0,0,0,10,3263,29651,2569,100,2,0,0
2131,12,8,1024,10,559,5,206,7,1,1,-52,1,1572,12350,124,100,5,1,3
2133,2,1,512,10,530,7,1,6,1,1,-88,8,2683,17775,142,100,2,0,0
2132,16,11,1280,0,514,4,16,7,1,1,-70,0,389,5053,94,100,2,0,0
2134,13,8,1024,0,569,3,199,7,1,1,-70,0,1235,9309,115,100,6,1,3
2135,11,7,1024,0,576,4,9,7,1,1,-52,1,1418,15304,135,100,3,0,0
2134,14,10,1024,0,559,3,4,7,1,1,-52,0,552,5749,131,100,2,0,0
2134,15,10,1024,10,526,3,9,7,1,1,-70,4,1929,18978,130,100,3,0,0
2136,5,1,512,0,557,7,1,6,1,1,-94,0,819,12076,142,100,3,0,0
2136,18,15,1280,0,541,3,4,5,1,1,-70,0,961,9893,129,100,3,0,0
2137,6,2,768,0,516,4,193,7,1,2,-52,0,805,8763,117,100,6,1,3
2138,3,1,512,0,526,7,2,7,1,2,-64,0,1038,12848,139,100,3,0,0
2138,10,2,768,10,532,3,196,7,1,1,-95,6,1942,15887,132,100,5,1,3
2136,21,20,1536,0,573,3,6,5,1,1,-52,0,706,9086,119,100,2,0,0
2137,19,15,1280,10,454,4,4,7,1,1,-52,0,809,10773,129,100,2,0,0
2138,4,1,512,10,554,7,3,7,1,1,-66,8,3278,26137,142,100,3,0,0
2138,16,11,1280,0,516,4,16,7,1,1,-70,0,494,5612,94,100,2,0,0
2140,14,10,1024,0,561,3,4,7,1,1,-52,0,494,5814,131,100,2,0,0
2140,17,12,1280,0,561,4,5,7,1,1,-70,0,1462,12550,125,100,4,0,0
2140,9,4,768,0,589,4,193,7,1,1,-70,0,1226,15046,138,100,6,1,3
2142,1,0,256,0,10,0,0,4,0,0,0,10,2231,23187,2581,100,2,0,0
2142,13,8,1024,0,573,3,201,7,1,1,-70,0,846,7968,116,100,4,1,3
2141,8,4,768,0,565,6,8,7,1,2,-52,3,2313,21572,138,100,4,0,0
2142,12,8,1024,10,563,5,209,7,1,1,-52,1,1627,15057,125,100,7,1,3
2143,2,1,512,10,535,7,1,6,1,1,-88,8,3488,24747,143,100,3,0,0
2142,7,4,768,0,579,6,8,7,1,2,-70,2,2333,20519,138,100,5,0,0
2143,20,15,1280,0,534,4,5,7,1,1,-70,1,1504,15391,124,100,4,0,0
2145,17,12,1280,0,563,4,5,7,1,1,-70,0,472,4196,125,100,2,0,0
2143,21,20,1536,0,575,3,6,5,1,1,-52,0,544,5901,120,100,3,0,0
2144,6,2,768,0,520,4,194,7,1,2,-52,0,815,7837,118,100,3,1,3
2144,15,10,1024,0,530,3,9,7,1,1,-70,4,2708,24317,131,100,3,0,0
2146,5,1,512,0,563,7,1,6,1,1,-94,0,1134,13136,143,100,4,0,0
2147,11,7,1024,0,579,4,9,7,1,1,-52,1,1242,18566,135,100,3,0,0
2147,1,0,256,0,10,0,0,4,0,0,0,10,1437,14052,2589,100,1,0,0
2146,8,4,768,10,569,6,8,7,1,2,-52,3,1198,10973,138,100,1,0,0
2146,18,15,1280,0,546,3,4,5,1,1,-70,0,1010,10149,130,100,4,0,0
2147,16,11,1280,0,518,4,16,7,1,1,-70,0,574,8420,95,100,2,0,0
2146,13,8,1024,0,576,3,202,7,1,1,-70,0,630,6046,116,100,3,1,3
2148,6,2,768,0,522,4,195,7,1,2,-52,0,497,4021,118,100,3,1,3
2148,9,4,768,0,595,4,194,7,1,1,-70,0,1067,10803,138,100,5,1,3
2148,10,2,768,20,537,3,198,7,1,1,-95,6,3122,24537,132,100,6,1,3
2149,3,1,512,0,530,7,2,7,1,2,-64,0,1084,14644,140,100,5,0,0
2149,14,10,1024,0,567,3,4,7,1,1,-52,0,930,8887,131,100,4,0,0
2149,12,8,1024,0,567,5,211,7,1,1,-52,1,1235,10828,125,100,6,1,3
2149,19,15,1280,0,457,4,4,7,1,1,-52,0,778,11087,129,100,2,0,0
2150,2,1,512,20,538,7,1,6,1,1,-88,8,2535,16251,143,100,3,0,0
2150,4,1,512,0,558,7,3,7,1,1,-66,8,4845,32735,142,100,3,0,0
2151,20,15,1280,0,536,4,5,7,1,1,-70,1,996,10424,124,100,3,0,0
2151,7,4,768,0,584,6,8,7,1,2,-70,2,1618,15051,138,100,3,0,0
2151,18,15,1280,0,548,3,4,5,1,1,-70,0,478,4766,130,100,1,0,0
2152,1,0,256,0,10,0,0,4,0,0,0,10,1159,12176,2593,100,1,0,0
2151,15,10,1024,0,534,3,9,7,1,1,-70,4,1954,18664,131,100,2,0,0
2154,5,1,512,0,566,7,1,6,1,1,-94,0,624,9544,143,100,2,0,0
2152,17,12,1280,0,568,4,5,7,1,1,-70,0,895,8985,126,100,2,0,0
2154,21,20,1536,0,579,3,6,5,1,1,-52,0,950,10322,120,100,4,0,0
2154,11,7,1024,0,583,4,9,7,1,1,-52,1,1234,11652,136,100,4,0,0
2153,13,8,1024,0,579,3,204,7,1,1,-70,0,708,6691,117,100,5,1,3
2154,14,10,1024,0,573,3,4,7,1,1,-52,0,1003,7741,132,100,2,0,0
2156,3,1,512,0,531,7,2,7,1,2,-64,0,414,8491,140,100,2,0,0
2156,19,15,1280,0,459,4,4,7,1,1,-52,0,557,6883,130,100,1,0,0
2157,1,0,256,0,10,0,0,4,0,0,0,10,1386,12585,2604,100,1,0,0
2156,15,10,1024,0,536,3,9,7,1,1,-70,4,1126,10193,131,100,2,0,0
2156,9,4,768,10,600,4,196,7,1,1,-70,0,1050,11262,139,100,4,1,3
2157,10,2,768,10,539,3,201,7,1,1,-95,6,3105,20240,133,100,6,1,3
2156,7,4,768,0,586,6,8,7,1,2,-70,2,1138,10424,139,100,2,0,0
2157,8,4,768,10,574,6,8,7,1,2,-52,3,2490,22982,139,100,5,0,0
2157,11,7,1024,10,586,4,9,7,1,1,-52,1,807,7824,136,100,2,0,0
2157,17,12,1280,0,569,4,5,7,1,1,-70,0,387,4618,126,100,2,0,0
2159,5,1,512,0,568,7,1,6,1,1,-94,0,491,6696,143,100,2,0,0
2158,6,2,768,0,524,4,198,7,1,2,-52,0,778,9831,119,100,6,1,3
2156,16,11,1280,0,524,4,16,7,1,1,-70,0,1117,10787,96,100,4,0,0
2157,12,8,1024,0,569,5,213,7,1,1,-52,1,1226,12166,126,100,4,1,3
2157,18,15,1280,0,551,3,4,5,1,1,-70,0,675,7449,131,100,3,0,0
2160,4,1,512,0,564,7,3,7,1,1,-66,8,4270,26460,143,100,4,0,0
2161,2,1,512,10,541,7,1,6,1,1,-88,8,3531,23736,144,100,4,0,0
2160,13,8,1024,0,583,3,205,7,1,1,-70,0,858,7566,117,100,4,1,3
2162,3,1,512,0,533,7,2,7,1,2,-64,0,566,6670,141,100,2,0,0
2159,20,15,1280,0,541,4,5,7,1,1,-70,1,1309,12520,125,100,2,0,0
2159,14,10,1024,0,577,3,4,7,1,1,-52,0,685,4721,132,100,2,0,0
2162,12,8,1024,0,570,5,214,7,1,1,-52,1,478,5413,126,100,3,1,3
2161,7,4,768,10,588,6,8,7,1,2,-70,2,922,8398,139,100,2,0,0
2163,17,12,1280,0,571,4,5,7,1,1,-70,0,470,5289,126,100,2,0,0
2162,16,11,1280,0,528,4,16,7,1,1,-70,0,710,7015,96,100,2,0,0
2164,13,8,1024,0,584,3,206,7,1,1,-70,0,295,4111,117,100,2,1,3
2166,3,1,512,0,535,7,2,7,1,2,-64,0,467,5164,141,100,2,0,0
2164,21,20,1536,0,582,3,6,5,1,1,-52,0,803,10051,121,100,3,0,0
2163,8,4,768,0,576,6,8,7,1,2,-52,3,1645,14498,139,100,2,0,0
2165,6,2,768,0,526,4,200,7,1,2,-52,0,573,7462,119,100,4,1,3
2167,4,1,512,0,567,7,3,7,1,1,-66,8,2340,15748,143,100,2,0,0
2165,11,7,1024,0,591,4,9,7,1,1,-52,1,1457,14712,137,100,2,0,0
2166,7,4,768,0,590,6,8,7,1,2,-70,2,1147,9547,139,100,2,0,0
2168,1,0,256,0,10,0,0,4,0,0,0,10,2553,26484,2616,100,2,0,0
2168,5,1,512,10,569,7,1,6,1,1,-94,0,580,10898,144,100,3,0,0
2166,19,15,1280,0,463,4,4,7,1,1,-52,0,939,11444,131,100,2,0,0
2166,9,4,768,0,605,4,198,7,1,1,-70,0,1092,13496,140,100,6,1,3
2167,15,10,1024,10,540,3,9,7,1,1,-70,4,2795,27116,132,100,4,0,0
2168,17,12,1280,0,572,4,5,7,1,1,-70,0,443,4960,127,100,2,0,0
2169,2,1,512,40,545,7,1,6,1,1,-88,8,2608,19485,144,100,3,0,0
2168,10,2,768,0,543,3,204,7,1,1,-95,6,3041,23877,134,100,7,1,3
2167,16,11,1280,0,531,4,16,7,1,1,-70,0,601,4729,96,100,2,0,0
2170,3,1,512,0,537,7,3,7,1,2,-64,0,404,6302,141,100,1,0,0
2166,20,15,1280,10,545,4,5,7,1,1,-70,1,1127,10024,126,100,3,0,0
2168,12,8,1024,0,573,5,216,7,1,1,-52,1,1165,9889,126,100,5,1,3
2167,14,10,1024,0,580,3,4,7,1,1,-52,0,778,8575,133,100,3,0,0
2170,8,4,768,0,578,6,8,7,1,2,-52,3,1363,12630,140,100,2,0,0
2169,21,20,1536,0,584,3,6,5,1,1,-52,0,398,4939,121,100,1,0,0
2169,11,7,1024,0,593,4,9,7,1,1,-52,1,971,7378,137,100,2,0,0
2169,18,15,1280,0,554,3,4,5,1,1,-70,0,740,9572,131,100,4,0,0
2173,1,0,256,0,11,0,0,4,0,0,0,10,1492,12327,2624,100,2,0,0
2173,5,1,512,0,569,7,1,6,1,1,-94,0,285,5743,144,100,1,0,0
2170,19,15,1280,0,464,4,4,7,1,1,-52,0,370,4079,131,100,1,0,0
2171,16,11,1280,0,531,4,16,7,1,1,-70,0,318,4390,97,100,1,0,0
2174,17,12,1280,0,574,4,5,7,1,1,-70,0,522,5934,127,100,2,0,0
2174,13,8,1024,0,587,3,208,7,1,1,-70,0,853,9758,118,100,6,1,3
2175,9,4,768,0,608,4,200,7,1,1,-70,0,825,9041,140,100,5,1,3
2175,15,10,1024,10,548,3,9,7,1,1,-70,4,2543,18811,133,100,4,0,0
2177,6,2,768,10,530,4,202,7,1,2,-52,0,958,11073,120,100,6,1,3
2175,19,15,1280,0,466,4,4,7,1,1,-52,0,500,5395,131,100,1,0,0
2176,20,15,1280,0,552,4,5,7,1,1,-70,1,1726,13265,126,100,4,0,0
2178,4,1,512,0,571,8,3,7,1,1,-66,8,4394,31231,144,100,5,0,0
2176,21,20,1536,0,587,3,6,5,1,1,-52,0,784,8146,122,100,2,0,0
2178,7,4,768,10,594,6,8,7,1,2,-70,2,1739,17385,140,100,5,0,0
2179,8,4,768,0,582,6,8,7,1,2,-52,3,1290,13842,140,100,3,0,0
2177,10,2,768,10,547,3,206,7,1,1,-95,6,3017,21590,134,100,6,1,3
2180,2,1,512,10,548,8,1,6,1,1,-88,8,3507,23337,145,100,3,0,0
2181,3,1,512,0,540,8,3,7,1,2,-64,0,898,13296,142,100,3,0,0
2179,14,10,1024,0,583,3,4,7,1,1,-52,0,820,11485,134,100,4,0,0
2180,18,15,1280,0,561,3,4,5,1,1,-70,0,1261,11472,132,100,4,0,0
2180,15,10,1024,10,552,3,9,7,1,1,-70,4,1836,13292,133,100,2,0,0
2182,1,0,256,0,12,0,0,4,0,0,0,10,2232,23067,2633,100,2,0,0
2183,5,1,512,0,575,8,1,6,1,1,-94,0,1116,13108,145,100,3,0,0
2183,4,1,512,60,571,8,3,7,1,1,-66,8,1599,11342,145,100,1,0,0
2183,6,2,768,0,531,4,204,7,1,2,-52,0,524,6579,121,100,4,1,3
2182,9,4,768,10,608,5,201,7,1,1,-70,0,445,8755,141,100,2,1,3
2182,16,11,1280,0,534,4,16,7,1,1,-70,0,722,8092,97,100,3,0,0
2181,17,12,1280,0,576,4,5,7,1,1,-70,0,829,8098,128,100,2,0,0
2186,3,1,512,10,542,8,3,7,1,2,-64,0,468,6049,142,100,2,0,0
2183,13,8,1024,0,589,4,209,7,1,1,-70,0,780,8557,119,100,4,1,3
2184,8,4,768,0,584,7,8,7,1,2,-52,3,1665,12340,140,100,2,0,0
2185,7,4,768,0,596,7,8,7,1,2,-70,2,1270,12582,140,100,2,0,0
2184,21,20,1536,0,590,3,6,5,1,1,-52,0,625,7501,122,100,2,0,0
2185,12,8,1024,10,579,6,220,7,1,1,-52,1,994,7550,128,100,2,1,3
2184,19,15,1280,0,467,4,4,7,1,1,-52,0,473,8615,132,100,1,0,0
2186,17,12,1280,10,580,5,5,7,1,1,-70,0,758,5447,128,100,3,0,0
2186,20,15,1280,0,553,4,5,7,1,1,-70,1,945,12411,127,100,2,0,0
2188,9,4,768,0,610,5,203,7,1,1,-70,0,634,7956,141,100,4,1,3
2188,10,2,768,10,550,4,208,7,1,1,-95,6,2958,22202,135,100,4,1,3
2190,3,1,512,0,542,8,3,7,1,2,-64,0,331,6392,143,100,1,0,0
2190,2,1,512,20,551,8,1,6,1,1,-88,8,3470,23380,146,100,3,0,0
2186,14,10,1024,0,585,4,4,7,1,1,-52,0,599,7080,134,100,2,0,0
2190,11,7,1024,0,602,5,9,7,1,1,-52,1,1395,14360,138,100,4,0,0
2190,5,1,512,0,579,8,1,6,1,1,-94,0,903,10101,146,100,3,0,0
2187,18,15,1280,0,563,3,4,5,1,1,-70,0,552,6990,133,100,2,0,0
2192,6,2,768,0,533,5,205,7,1,2,-52,0,698,7388,121,100,4,1,3
2193,16,11,1280,0,536,4,16,7,1,1,-70,0,695,10183,98,100,3,0,0
2190,15,10,1024,0,556,4,9,7,1,1,-70,4,2670,24835,134,100,4,0,0
2191,12,8,1024,10,585,6,222,7,1,1,-52,1,1283,8859,128,100,6,1,3
2193,9,4,768,0,612,5,204,7,1,1,-70,0,497,6164,141,100,3,1,3
2194,7,4,768,0,599,7,8,7,1,2,-70,2,1573,14122,141,100,4,0,0
2194,4,1,512,0,578,8,3,7,2,1,-66,8,5369,32767,145,100,4,0,0
2193,13,8,1024,0,595,4,213,7,1,1,-70,0,1077,10619,119,100,7,1,3
2195,8,4,768,10,588,7,8,7,1,2,-52,3,2319,21664,141,100,4,0,0
2194,1,0,256,0,12,0,0,4,0,0,0,10,3572,33415,2650,100,3,0,0
2194,17,12,1280,0,583,5,5,7,1,1,-70,0,626,7529,128,100,2,0,0
2194,19,15,1280,0,468,5,4,7,1,1,-52,0,618,9264,132,100,2,0,0
2197,16,11,1280,0,537,5,16,7,1,1,-70,0,347,4358,98,100,1,0,0
2197,10,2,768,0,554,4,210,7,1,1,-95,6,2512,18090,135,100,6,1,3
2198,7,4,768,0,601,7,8,7,1,2,-70,2,723,7299,141,100,1,0,0
2194,21,20,1536,10,593,3,6,5,1,1,-52,0,778,8982,123,100,3,0,0
2199,2,1,512,0,553,8,1,6,1,1,-88,8,2785,19563,146,100,4,0,0
2199,11,7,1024,0,607,5,9,7,1,1,-52,1,1504,14510,139,100,3,0,0
2199,1,0,256,0,12,0,0,4,0,0,0,10,1073,13539,2657,100,0,0,0
2199,9,4,768,0,613,5,206,7,1,1,-70,0,526,7755,142,100,4,1,3
2201,3,1,512,0,546,8,3,7,1,2,-64,0,872,12693,143,100,4,0,0
2197,15,10,1024,0,558,4,9,7,1,1,-70,4,1657,14979,134,100,2,0,0
2200,6,2,768,0,538,5,208,7,1,2,-52,0,996,9145,122,100,6,1,3
2201,8,4,768,20,588,7,8,7,1,2,-52,3,1018,12772,142,100,1,0,0
2197,14,10,1024,0,589,4,4,7,1,1,-52,0,903,10061,135,100,4,0,0
2201,5,1,512,0,583,8,1,6,1,1,-94,0,845,12438,146,100,4,0,0
2197,18,15,1280,0,568,4,4,5,1,1,-70,0,1034,10039,133,100,4,0,0
2197,20,15,1280,0,558,5,5,7,1,1,-70,1,1678,15610,128,100,3,0,0
2197,21,20,1536,10,597,4,6,5,1,1,-52,0,765,4739,123,100,2,0,0
2201,12,8,1024,10,590,6,224,7,1,1,-52,1,1476,13401,129,100,4,1,3
2201,15,10,1024,0,561,4,9,7,1,1,-70,4,1625,11075,134,100,1,0,0
2203,4,1,512,0,581,8,3,7,2,1,-66,8,3465,24133,146,100,3,0,0
2201,17,12,1280,0,584,5,5,7,1,1,-70,0,564,7250,129,100,3,0,0
2202,19,15,1280,0,472,5,4,7,1,1,-52,0,794,7795,133,100,1,0,0
2204,16,11,1280,0,540,5,16,7,1,1,-70,0,778,7413,99,100,3,0,0
2202,13,8,1024,0,598,4,215,7,1,1,-70,0,855,9201,120,100,6,1,3
2205,1,0,256,0,12,0,0,4,0,0,0,10,1424,14578,2666,100,1,0,0
2201,21,20,1536,10,599,4,6,5,1,1,-52,0,436,4404,124,100,0,0,0
2205,9,4,768,0,615,5,208,7,1,1,-70,0,549,7233,142,100,4,1,3
2205,3,1,512,10,548,8,3,7,1,2,-64,0,474,6026,143,100,1,0,0
2202,14,10,1024,10,590,4,4,7,1,1,-52,0,287,4972,135,100,1,0,0
2204,20,15,1280,0,559,5,5,7,1,1,-70,1,1264,9487,128,100,3,0,0
2205,18,15,1280,0,570,4,4,5,1,1,-70,0,582,7540,134,100,1,0,0
2208,7,4,768,0,604,7,8,7,1,2,-70,2,1483,16130,142,100,3,0,0
2208,2,1,512,10,556,8,1,6,1,1,-88,8,3792,22064,147,100,3,0,0
2207,10,2,768,0,559,4,212,7,1,1,-95,6,4095,25061,136,100,6,1,3
2208,5,1,512,0,585,8,1,6,1,1,-94,0,567,8844,147,100,2,0,0
2209,11,7,1024,0,611,5,9,7,1,1,-52,1,1297,15562,140,100,3,0,0
2208,13,8,1024,10,600,4,218,7,1,1,-70,0,472,5290,120,100,5,1,3
2207,15,10,1024,0,564,4,9,7,1,1,-70,4,1991,15830,135,100,3,0,0
2208,17,12,1280,10,586,5,5,7,1,1,-70,0,512,6866,129,100,3,0,0
2210,1,0,256,0,12,0,0,4,0,0,0,10,1386,15204,2672,100,1,0,0
2210,3,1,512,0,551,8,3,7,1,2,-64,0,674,7130,144,100,2,0,0
2208,19,15,1280,0,475,5,4,7,1,1,-52,0,704,6783,133,100,2,0,0
2211,16,11,1280,0,543,5,16,7,1,1,-70,0,595,6587,99,100,3,0,0
2211,8,4,768,10,593,7,8,7,1,2,-52,3,2278,20179,142,100,5,0,0
2209,18,15,1280,0,573,4,4,5,1,1,-70,0,577,4789,134,100,2,0,0
2210,12,8,1024,0,595,6,226,7,1,1,-52,1,1463,13297,129,100,6,1,3
2212,7,4,768,0,605,7,8,7,1,2,-70,2,905,7504,142,100,2,0,0
2212,6,2,768,10,543,5,210,7,1,2,-52,0,1009,10907,122,100,6,1,3
2214,13,8,1024,0,602,4,219,7,1,1,-70,0,663,5073,121,100,3,1,3
2213,19,15,1280,0,477,5,4,7,1,1,-52,0,435,5119,134,100,0,0,0
2215,4,1,512,0,587,8,3,7,2,1,-66,8,4531,31511,147,100,5,0,0
2212,17,12,1280,0,588,5,5,7,1,1,-70,0,527,4483,130,100,2,0,0
2215,9,4,768,0,620,5,210,7,1,1,-70,0,1094,12829,143,100,6,1,3
2213,20,15,1280,10,563,5,5,7,1,1,-70,1,925,11640,129,100,3,0,0
2213,14,10,1024,0,593,4,4,7,1,1,-52,0,904,10492,136,100,4,0,0
2216,16,11,1280,0,546,5,16,7,1,1,-70,0,601,5842,99,100,2,0,0
2216,1,0,256,0,12,0,0,4,0,0,0,10,1605,16016,2682,100,2,0,0
2214,18,15,1280,10,573,4,4,5,1,1,-70,0,430,4450,134,100,1,0,0
2216,5,1,512,0,589,8,1,6,1,1,-94,0,747,10939,147,100,3,0,0
2217,2,1,512,30,559,8,1,6,1,1,-88,8,3037,22011,148,100,2,0,0
2218,7,4,768,0,608,7,8,7,1,2,-70,2,1036,10103,143,100,3,0,0
2217,10,2,768,10,564,4,214,7,1,1,-95,6,2713,20690,137,100,4,1,3
2217,6,2,768,0,547,5,212,7,1,2,-52,0,1045,6873,123,100,5,1,3
2214,21,20,1536,0,606,4,6,5,1,1,-52,0,1314,11974,124,100,4,0,0
2217,15,10,1024,0,568,4,9,7,1,1,-70,4,2475,23089,135,100,2,0,0
2219,11,7,1024,0,614,5,9,7,1,1,-52,1,1422,16643,140,100,4,0,0
2219,12,8,1024,0,598,6,228,7,1,1,-52,1,1105,10971,130,100,3,1,3
2217,17,12,1280,10,589,5,5,7,1,1,-70,0,262,4347,130,100,1,0,0
2219,19,15,1280,0,479,5,4,7,1,1,-52,0,500,6075,134,100,1,0,0
2221,13,8,1024,10,604,4,221,7,1,1,-70,0,468,7068,121,100,4,1,3
2221,8,4,768,10,596,7,8,7,1,2,-52,3,2426,22348,143,100,3,0,0
2222,4,1,512,0,589,8,3,7,2,1,-66,8,2762,18229,147,100,2,0,0
2222,7,4,768,0,611,7,8,7,1,2,-70,2,788,7448,143,100,2,0,0
2221,3,1,512,0,556,8,3,7,1,2,-64,0,1288,15889,145,100,4,0,0
2221,18,15,1280,0,576,4,4,5,1,1,-70,0,718,7315,135,100,3,0,0
2223,1,0,256,0,12,0,0,4,0,0,0,10,1629,18161,2690,100,1,0,0
2223,10,2,768,0,569,4,216,7,1,1,-95,6,2230,14087,137,100,6,1,3
2224,5,1,512,0,590,8,1,6,1,1,-94,0,557,8547,148,100,3,0,0
2221,21,20,1536,0,612,4,6,5,1,1,-52,0,998,8436,125,100,3,0,0
2224,6,2,768,0,550,5,214,7,1,2,-52,0,710,7096,123,100,4,1,3
2223,15,10,1024,10,570,4,9,7,1,1,-70,4,1451,14056,136,100,2,0,0
2223,14,10,1024,0,599,4,4,7,1,1,-52,0,1118,10488,137,100,4,0,0
2226,16,11,1280,0,548,5,16,7,1,1,-70,0,695,9999,100,100,3,0,0
2225,17,12,1280,0,592,5,5,7,1,1,-70,0,733,6905,130,100,2,0,0
2224,20,15,1280,0,565,5,5,7,1,1,-70,1,1457,15566,129,100,3,0,0
2226,12,8,1024,10,601,6,230,7,1,1,-52,1,1262,10217,130,100,5,1,3
2227,9,4,768,10,626,5,213,7,1,1,-70,0,1069,14521,143,100,6,1,3
2225,19,15,1280,0,481,5,4,7,1,1,-52,0,621,6511,134,100,2,0,0
2227,8,4,768,10,598,7,8,7,1,2,-52,3,1159,11337,143,100,2,0,0
2228,2,1,512,10,564,8,1,6,1,1,-88,8,3985,25487,148,100,4,0,0
2230,11,7,1024,0,618,5,9,7,1,1,-52,1,1228,15407,141,100,4,0,0
2229,13,8,1024,0,609,4,223,7,1,1,-70,0,1157,8912,122,100,5,1,3
2230,3,1,512,0,557,8,3,7,1,2,-64,0,410,9770,145,100,2,0,0
2228,15,10,1024,0,573,4,9,7,1,1,-70,4,1436,11037,136,100,2,0,0
2231,9,4,768,0,628,5,214,7,1,1,-70,0,594,6205,144,100,2,1,3
2231,5,1,512,0,594,8,1,6,1,1,-94,0,723,9124,148,100,3,0,0
2229,18,15,1280,0,578,4,4,5,1,1,-70,0,616,7859,135,100,3,0,0
2231,8,4,768,20,603,7,8,7,1,2,-52,3,1443,9571,144,100,2,0,0
2231,7,4,768,10,612,7,8,7,1,2,-70,2,1215,14736,144,100,3,0,0
2232,4,1,512,0,593,8,3,7,2,1,-66,8,4365,29462,148,100,3,0,0
2232,1,0,256,0,12,0,0,4,0,0,0,10,2270,26156,2704,100,1,0,0
2230,20,15,1280,0,568,5,5,7,1,1,-70,1,772,7533,130,100,2,0,0
2230,19,15,1280,0,483,5,4,7,1,1,-52,0,435,5159,135,100,0,0,0
2234,11,7,1024,0,618,5,9,7,1,1,-52,1,343,6678,141,100,0,0,0
2234,2,1,512,20,566,8,1,6,1,1,-88,8,1867,13143,149,100,2,0,0
2234,13,8,1024,0,611,4,224,7,1,1,-70,0,500,4408,122,100,3,1,3
2233,10,2,768,0,571,4,219,7,1,1,-95,6,2864,21452,138,100,5,1,3
2234,6,2,768,0,554,5,216,7,1,2,-52,0,843,9124,124,100,4,1,3
2234,12,8,1024,0,604,6,232,7,1,1,-52,1,1054,11767,131,100,4,1,3
2233,21,20,1536,0,616,4,6,5,1,1,-52,0,931,10676,125,100,4,0,0
2234,17,12,1280,0,597,5,5,7,1,1,-70,0,986,9368,131,100,4,0,0
2234,18,15,1280,0,579,4,4,5,1,1,-70,0,443,4556,136,100,2,0,0
2236,8,4,768,0,605,7,8,7,1,2,-52,3,1184,11283,144,100,2,0,0
2237,3,1,512,0,561,8,3,7,1,2,-64,0,901,10187,146,100,3,0,0
2235,14,10,1024,0,606,4,4,7,1,1,-52,0,1194,11823,137,100,4,0,0
2239,4,1,512,0,601,8,3,7,2,1,-66,8,2558,16704,148,100,3,0,0
2237,16,11,1280,10,552,5,16,7,1,1,-70,0,822,11042,101,100,4,0,0
2240,9,4,768,0,633,5,216,7,1,1,-70,0,1009,11694,144,100,6,1,3
2240,5,1,512,0,600,8,1,6,1,1,-94,0,1008,11863,149,100,3,0,0
2239,15,10,1024,0,578,4,9,7,1,1,-70,4,2566,23869,137,100,3,0,0
2241,7,4,768,0,617,7,8,7,1,2,-70,2,1747,16963,144,100,3,0,0
2241,6,2,768,0,557,5,218,7,1,2,-52,0,771,7068,124,100,6,1,3
2242,11,7,1024,0,623,5,9,7,1,1,-52,1,1340,13031,142,100,4,0,0
2240,17,12,1280,0,599,5,5,7,1,1,-70,0,494,5344,131,100,2,0,0
2241,10,2,768,0,575,4,221,7,1,1,-95,6,2356,17639,138,100,6,1,3
2240,20,15,1280,0,572,5,5,7,1,1,-70,1,1239,12377,130,100,4,0,0
2241,18,15,1280,0,581,4,4,5,1,1,-70,0,494,6759,136,100,2,0,0
2243,4,1,512,0,602,8,3,7,2,1,-66,8,1661,11093,149,100,1,0,0
2243,14,10,1024,0,608,4,4,7,1,1,-52,0,622,5942,138,100,2,0,0
2241,19,15,1280,0,485,5,4,7,1,1,-52,0,787,10328,135,100,2,0,0
2244,2,1,512,10,570,8,1,6,1,1,-88,8,3564,23307,149,100,4,0,0
2244,1,0,256,0,12,0,0,4,0,0,0,10,3048,32009,2714,100,3,0,0
2244,8,4,768,0,607,7,8,7,1,2,-52,3,1165,15046,144,100,2,0,0
2245,15,10,1024,20,580,4,9,7,1,1,-70,4,1338,10793,137,100,2,0,0
2245,16,11,1280,10,558,5,16,7,1,1,-70,0,1026,7931,101,100,3,0,0
2245,13,8,1024,0,618,4,228,7,1,1,-70,0,1361,12001,123,100,8,1,3
2246,12,8,1024,0,606,6,234,7,1,1,-52,1,1373,14214,132,100,6,1,3
2245,17,12,1280,0,601,5,5,7,1,1,-70,0,550,5548,132,100,2,0,0
2243,21,20,1536,0,619,4,6,5,1,1,-52,0,831,8958,126,100,3,0,0
2248,7,4,768,0,620,7,8,7,1,2,-70,2,1357,12598,145,100,3,0,0
2247,3,1,512,0,564,8,3,7,1,2,-64,0,647,12499,146,100,2,0,0
2248,10,2,768,0,578,4,223,7,1,1,-95,6,2307,15628,139,100,4,1,3
2249,5,1,512,0,605,8,1,6,1,1,-94,0,856,11190,149,100,3,0,0
2249,14,10,1024,0,610,4,4,7,1,1,-52,0,494,5868,138,100,2,0,0
2250,11,7,1024,0,628,5,9,7,1,1,-52,1,1315,14376,142,100,2,0,0
2250,9,4,768,10,638,5,218,7,1,1,-70,0,1077,12271,145,100,5,1,3
2250,1,0,256,0,12,0,0,4,0,0,0,10,1581,16569,2726,100,1,0,0
2250,18,15,1280,20,585,4,4,5,1,1,-70,0,658,6952,137,100,2,0,0
2250,4,1,512,10,606,8,3,7,2,1,-66,8,3275,21723,149,100,3,0,0
2251,12,8,1024,0,609,6,236,7,1,1,-52,1,899,6838,132,100,4,1,3
2251,15,10,1024,10,582,4,9,7,1,1,-70,4,1550,14615,138,100,2,0,0
2250,16,11,1280,0,559,5,16,7,1,1,-70,0,446,5541,102,100,2,0,0
2251,17,12,1280,0,603,5,5,7,1,1,-70,0,379,5121,132,100,0,0,0
2251,6,2,768,0,562,5,220,7,1,2,-52,0,1071,10600,125,100,5,1,3
2251,20,15,1280,0,575,5,5,7,1,1,-70,1,1275,13078,131,100,3,0,0
2252,19,15,1280,0,489,5,4,7,1,1,-52,0,916,9809,136,100,2,0,0
2254,2,1,512,0,575,8,1,6,1,1,-88,8,3654,23742,150,100,4,0,0
2254,13,8,1024,0,623,4,230,7,1,1,-70,0,898,9153,123,100,4,1,3
2254,7,4,768,20,625,7,8,7,1,2,-70,2,1309,11358,145,100,2,0,0
2253,21,20,1536,0,625,4,6,5,1,1,-52,0,1183,10394,127,100,4,0,0
2255,4,1,512,0,608,8,3,7,2,1,-66,8,1710,11755,149,100,1,0,0
2255,16,11,1280,0,559,5,16,7,1,1,-70,0,287,4536,102,100,1,0,0
2255,3,1,512,0,568,8,3,7,1,2,-64,0,902,10156,147,100,3,0,0
2256,8,4,768,0,610,7,8,7,1,2,-52,3,2475,23478,145,100,5,0,0
2256,5,1,512,0,609,8,1,6,1,1,-94,0,781,9439,150,100,2,0,0
2258,15,10,1024,20,585,4,9,7,1,1,-70,4,1795,17317,138,100,3,0,0
2259,11,7,1024,0,633,5,9,7,1,1,-52,1,1517,15800,143,100,4,0,0
2259,14,10,1024,0,614,4,4,7,1,1,-52,0,909,10117,139,100,3,0,0
2259,6,2,768,0,565,5,222,7,1,2,-52,0,682,8269,125,100,4,1,3
2259,10,2,768,0,581,4,226,7,1,1,-95,6,3075,23928,139,100,7,1,3
2261,17,12,1280,0,607,5,5,7,1,1,-70,0,903,8626,133,100,4,0,0
2260,2,1,512,30,578,8,1,6,1,1,-88,8,1803,13522,150,100,2,0,0
2260,13,8,1024,0,625,4,231,7,1,1,-70,0,579,6426,124,100,3,1,3
2261,1,0,256,0,12,0,0,4,0,0,0,10,2720,29884,2740,100,2,0,0
2260,20,15,1280,0,579,5,5,7,1,1,-70,1,1009,10945,131,100,2,0,0
2261,12,8,1024,10,615,6,239,7,1,1,-52,1,1720,14640,133,100,7,1,3
2262,9,4,768,0,642,5,220,7,1,1,-70,0,1013,14634,146,100,6,1,3
2260,18,15,1280,0,590,4,4,5,1,1,-70,0,1092,10500,137,100,3,0,0
2263,8,4,768,0,611,7,8,7,1,2,-52,3,1718,14982,146,100,2,0,0
2263,7,4,768,20,629,7,8,7,1,2,-70,2,1503,14465,146,100,3,0,0
2262,16,11,1280,0,562,5,16,7,1,1,-70,0,602,6589,102,100,2,0,0
2264,6,2,768,20,569,5,223,7,1,2,-52,0,553,4905,126,100,3,1,3
2263,19,15,1280,0,491,5,4,7,1,1,-52,0,795,11535,137,100,2,0,0
2264,14,10,1024,0,618,4,4,7,1,1,-52,0,602,5531,139,100,2,0,0
2265,2,1,512,0,580,8,1,6,1,1,-88,8,2030,11531,151,100,2,0,0
2265,4,1,512,0,612,8,3,7,2,1,-66,8,4013,27807,150,100,4,0,0
2264,20,15,1280,0,582,5,5,7,1,1,-70,1,965,7446,132,100,3,0,0
2264,21,20,1536,0,629,4,6,5,1,1,-52,0,911,9775,128,100,3,0,0
2267,12,8,1024,0,617,6,242,7,1,1,-52,1,777,6853,133,100,5,1,3
2266,3,1,512,0,571,8,3,7,1,2,-64,0,738,13612,147,100,4,0,0
2266,5,1,512,0,612,8,1,6,1,1,-94,0,842,13031,151,100,3,0,0
2267,11,7,1024,0,635,5,9,7,1,1,-52,1,1061,12461,143,100,3,0,0
2268,1,0,256,0,12,0,0,4,0,0,0,10,1666,18105,2750,100,1,0,0
2267,18,15,1280,0,593,4,4,5,1,1,-70,0,677,7865,138,100,3,0,0
2268,10,2,768,0,586,4,228,7,1,1,-95,6,3032,20260,140,100,6,1,3
2269,15,10,1024,0,589,4,9,7,1,1,-70,4,2927,26519,139,100,5,0,0
2270,2,1,512,10,580,8,1,6,1,1,-88,8,1660,12517,151,100,1,0,0
2270,13,8,1024,0,630,4,233,7,1,1,-70,0,1287,10426,124,100,6,1,3
2269,19,15,1280,0,492,5,4,7,1,1,-52,0,394,5985,137,100,1,0,0
2271,5,1,512,0,613,8,1,6,1,1,-94,0,361,5176,151,100,2,0,0
2270,20,15,1280,0,586,5,5,7,1,1,-70,1,869,8238,132,100,2,0,0
2271,8,4,768,0,615,7,8,7,1,2,-52,3,1401,16200,146,100,3,0,0
2272,12,8,1024,0,620,6,243,7,1,1,-52,1,742,7127,133,100,3,1,3
2272,17,12,1280,10,611,5,5,7,1,1,-70,0,913,11074,133,100,4,0,0
2272,9,4,768,0,649,5,223,7,1,1,-70,0,1277,13955,146,100,7,1,3
2272,1,0,256,0,12,0,0,4,0,0,0,10,1012,12113,2752,100,1,0,0
2272,6,2,768,10,573,5,225,7,1,2,-52,0,919,8918,126,100,4,1,3
2273,11,7,1024,0,636,5,9,7,1,1,-52,1,584,8918,144,100,2,0,0
2273,7,4,768,0,633,7,8,7,1,2,-70,2,1721,17310,146,100,4,0,0
2272,21,20,1536,0,632,4,6,5,1,1,-52,0,625,7881,128,100,2,0,0
2273,16,11,1280,10,569,5,16,7,1,1,-70,0,1393,11902,103,100,5,0,0
2275,4,1,512,0,616,8,3,7,2,1,-66,8,4121,28997,151,100,4,0,0
2275,15,10,1024,10,591,4,9,7,1,1,-70,4,1680,15648,139,100,2,0,0
2275,19,15,1280,0,495,5,4,7,1,1,-52,0,663,6656,138,100,1,0,0
2278,17,12,1280,0,616,5,5,7,1,1,-70,0,873,6393,134,100,2,0,0
2278,3,1,512,0,576,8,3,7,1,2,-64,0,1057,14879,148,100,3,0,0
2276,14,10,1024,0,624,4,4,7,1,1,-52,0,1141,11615,140,100,4,0,0
2278,10,2,768,0,590,4,230,7,1,1,-95,6,3041,21520,141,100,5,1,3
2280,12,8,1024,0,624,6,245,7,1,1,-52,1,1444,12087,134,100,4,1,3
2278,20,15,1280,0,590,5,5,7,1,1,-70,1,1259,10722,133,100,4,0,0
2280,2,1,512,40,588,8,1,6,1,1,-88,8,3878,24472,152,100,4,0,0
2281,11,7,1024,10,642,5,9,7,1,1,-52,1,1418,12901,144,100,3,0,0
2280,5,1,512,10,617,8,1,6,1,1,-94,0,965,12015,152,100,4,0,0
2279,6,2,768,0,576,5,227,7,1,2,-52,0,917,7424,127,100,5,1,3
2281,8,4,768,10,620,7,8,7,1,2,-52,3,2280,19366,147,100,4,0,0
2281,13,8,1024,10,633,4,236,7,1,1,-70,0,907,10276,125,100,7,1,3
2281,1,0,256,0,12,0,0,4,0,0,0,10,2389,24618,2767,100,2,0,0
2279,18,15,1280,0,597,4,4,5,1,1,-70,0,1030,11464,139,100,4,0,0
2282,14,10,1024,0,626,4,4,7,1,1,-52,0,496,5755,140,100,2,0,0
2281,21,20,1536,0,636,4,6,5,1,1,-52,0,909,8770,129,100,3,0,0
2283,9,4,768,0,655,5,226,7,1,1,-70,0,1224,13929,147,100,8,1,3
2283,15,10,1024,0,594,4,9,7,1,1,-70,4,1856,17591,140,100,2,0,0
2283,19,15,1280,0,496,5,4,7,1,1,-52,0,514,7508,138,100,2,0,0
2283,16,11,1280,0,577,5,16,7,1,1,-70,0,1244,11062,104,100,2,0,0
2285,7,4,768,0,641,7,8,7,1,2,-70,2,2505,20778,147,100,4,0,0
2285,17,12,1280,0,619,5,5,7,1,1,-70,0,722,6988,134,100,3,0,0
2284,3,1,512,10,579,8,3,7,1,2,-64,0,675,8758,149,100,2,0,0
2284,20,15,1280,0,592,5,5,7,1,1,-70,1,862,7969,133,100,1,0,0
2286,4,1,512,0,619,8,3,7,1,1,-66,8,3107,24689,151,100,3,0,0
2287,18,15,1280,0,599,4,4,5,1,1,-70,0,514,7227,139,100,3,0,0
2287,5,1,512,0,618,8,1,6,1,1,-94,0,410,8706,152,100,2,0,0
2287,10,2,768,10,594,4,232,7,1,1,-95,6,2813,21124,141,100,5,1,3
2288,2,1,512,10,591,8,1,6,1,1,-88,8,2410,16570,152,100,2,0,0
2287,13,8,1024,0,635,4,238,7,1,1,-70,0,609,6212,126,100,4,1,3
2288,12,8,1024,10,628,6,247,7,1,1,-52,1,1196,10704,134,100,5,1,3
2289,11,7,1024,10,645,5,9,7,1,1,-52,1,1133,12759,145,100,3,0,0
2289,14,10,1024,0,629,4,4,7,1,1,-52,0,754,7277,141,100,3,0,0
2289,8,4,768,20,624,7,8,7,1,2,-52,3,2078,18720,148,100,4,0,0
2291,6,2,768,0,581,5,229,7,1,2,-52,0,1033,10965,127,100,6,1,3
2290,15,10,1024,0,598,4,9,7,1,1,-70,4,1901,16211,140,100,3,0,0
2290,9,4,768,0,656,5,227,7,1,1,-70,0,440,8510,147,100,3,1,3
2290,1,0,256,0,12,0,0,4,0,0,0,10,2134,23611,2778,100,1,0,0
2291,19,15,1280,0,497,5,4,7,1,1,-52,0,473,7811,139,100,1,0,0
2291,18,15,1280,0,600,4,4,5,1,1,-70,0,369,4903,139,100,1,0,0
2292,12,8,1024,0,633,6,249,7,1,1,-52,1,1116,7865,135,100,5,1,3
2292,20,15,1280,0,597,5,5,7,1,1,-70,1,1085,10580,134,100,3,0,0
2294,11,7,1024,0,647,5,9,7,1,1,-52,1,632,8130,145,100,1,0,0
2294,4,1,512,20,621,8,3,7,1,1,-66,8,3086,20329,152,100,3,0,0
2293,10,2,768,0,595,4,233,7,1,1,-95,6,1689,11784,142,100,3,1,3
2291,17,12,1280,0,622,5,5,7,1,1,-70,0,669,8636,135,100,4,0,0
2293,13,8,1024,0,638,4,239,7,1,1,-70,0,630,6528,126,100,3,1,3
2294,5,1,512,0,623,8,1,6,1,1,-94,0,905,9282,153,100,3,0,0
2293,16,11,1280,0,581,5,16,7,1,1,-70,0,1007,10195,105,100,5,0,0
2293,21,20,1536,20,643,4,6,5,1,1,-52,0,1168,11641,130,100,4,0,0
2295,7,4,768,0,645,7,8,7,1,2,-70,2,1692,18036,148,100,3,0,0
2295,3,1,512,0,582,8,3,7,1,2,-64,0,768,13451,149,100,3,0,0
2297,2,1,512,20,596,8,1,6,1,1,-88,8,3518,22000,153,100,4,0,0
2295,19,15,1280,0,499,5,4,7,1,1,-52,0,476,5329,139,100,1,0,0
2296,12,8,1024,0,633,6,250,7,1,1,-52,1,530,5650,135,100,2,1,3
2297,10,2,768,10,595,4,234,7,1,1,-95,6,1192,9527,142,100,2,1,3
2297,14,10,1024,0,631,4,4,7,1,1,-52,0,512,7461,141,100,3,0,0
2295,18,15,1280,10,603,4,4,5,1,1,-70,0,627,4617,140,100,3,0,0
2298,20,15,1280,0,599,5,5,7,1,1,-70,1,886,9134,134,100,2,0,0
2299,1,0,256,0,12,0,0,4,0,0,0,10,2357,22166,2790,100,2,0,0
2300,6,2,768,0,586,5,232,7,1,2,-52,0,974,9095,128,100,6,1,3
2300,4,1,512,20,622,8,3,7,1,1,-66,8,1740,15120,152,100,1,0,0
2299,15,10,1024,0,606,4,9,7,1,1,-70,4,3130,22876,141,100,3,0,0
2299,21,20,1536,0,646,4,6,5,1,1,-52,0,583,6497,130,100,1,0,0
2300,9,4,768,0,659,5,230,7,1,1,-70,0,889,11387,148,100,6,1,3
2300,3,1,512,0,584,8,3,7,1,2,-64,0,543,6246,150,100,2,0,0
2299,11,7,1024,0,650,5,9,7,1,1,-52,1,1017,10253,146,100,4,0,0
2300,13,8,1024,0,638,4,240,7,1,1,-70,0,315,6081,126,100,2,1,3
2301,5,1,512,0,627,8,1,6,1,1,-94,0,802,9016,153,100,3,0,0
2302,10,2,768,0,598,4,235,7,1,1,-95,6,1723,10499,142,100,3,1,3
2301,8,4,768,20,630,7,8,7,1,2,-52,3,2491,22478,148,100,4,0,0
2299,17,12,1280,0,625,5,5,7,1,1,-70,0,728,7459,135,100,2,0,0
2302,2,1,512,0,597,8,1,6,1,1,-88,8,2063,11755,153,100,2,0,0
2301,19,15,1280,0,501,5,4,7,1,1,-52,0,500,6079,139,100,1,0,0
2302,12,8,1024,10,635,6,250,7,1,1,-52,1,696,6105,135,100,1,1,3
2303,15,10,1024,10,608,4,9,7,1,1,-70,4,1154,10728,141,100,2,0,0
2304,9,4,768,0,661,5,231,7,1,1,-70,0,522,6170,148,100,3,1,3
2304,16,11,1280,0,585,5,16,7,1,1,-70,0,850,10520,105,100,4,0,0
2305,7,4,768,0,649,7,8,7,1,2,-70,2,1504,16103,148,100,4,0,0
2303,20,15,1280,0,599,5,5,7,1,1,-70,1,636,7479,135,100,1,0,0
2306,14,10,1024,0,634,4,4,7,1,1,-52,0,802,8754,142,100,3,0,0
2306,11,7,1024,0,651,5,9,7,1,1,-52,1,685,9801,146,100,2,0,0
2307,1,0,256,0,12,0,0,4,0,0,0,10,2213,20856,2804,100,1,0,0
2308,3,1,512,0,588,8,3,7,1,2,-64,0,729,9242,150,100,2,0,0
2304,18,15,1280,0,609,4,4,5,1,1,-70,0,971,9234,140,100,2,0,0
2308,17,12,1280,0,628,5,5,7,1,1,-70,0,793,7708,136,100,2,0,0
2308,2,1,512,10,600,8,1,6,1,1,-88,8,2129,13742,154,100,2,0,0
2309,5,1,512,0,632,8,1,6,1,1,-94,0,830,8964,153,100,3,0,0
2308,15,10,1024,10,609,4,9,7,1,1,-70,4,1037,9754,141,100,1,0,0
2310,4,1,512,20,627,8,3,7,1,1,-66,8,4213,28289,153,100,3,0,0
2310,7,4,768,0,651,7,8,7,1,2,-70,2,918,7614,149,100,1,0,0
2310,12,8,1024,0,638,6,252,7,1,1,-52,1,1245,11216,136,100,6,1,3
2308,21,20,1536,10,649,4,6,5,1,1,-52,0,873,8927,131,100,5,0,0
2310,13,8,1024,0,643,4,243,7,1,1,-70,0,1133,10334,127,100,6,1,3
2310,16,11,1280,0,590,5,16,7,1,1,-70,0,766,5869,106,100,2,0,0
2309,18,15,1280,0,610,4,4,5,1,1,-70,0,419,4141,141,100,2,0,0
2311,6,2,768,0,589,5,235,7,1,2,-52,0,1000,11282,129,100,8,1,3
2312,8,4,768,0,636,7,8,7,1,2,-52,3,2590,22495,149,100,4,0,0
2311,14,10,1024,0,636,4,4,7,1,1,-52,0,470,4733,142,100,2,0,0
2312,9,4,768,0,664,5,232,7,1,1,-70,0,730,9515,149,100,4,1,3
2310,20,15,1280,0,603,5,5,7,1,1,-70,1,1062,8873,135,100,3,0,0
2312,10,2,768,0,602,4,237,7,1,1,-95,6,3511,24129,143,100,6,1,3
2313,3,1,512,10,589,8,3,7,1,2,-64,0,441,6340,151,100,1,0,0
2312,15,10,1024,0,611,4,9,7,1,1,-70,4,1472,10885,142,100,2,0,0
2311,19,15,1280,0,503,5,4,7,1,1,-52,0,701,9876,140,100,2,0,0
2314,2,1,512,0,602,8,1,6,1,1,-88,8,2440,15070,154,100,2,0,0
2315,4,1,512,20,630,8,3,7,1,1,-66,8,2169,14915,154,100,2,0,0
2314,21,20,1536,10,651,4,6,5,1,1,-52,0,495,5547,131,100,2,0,0
2315,11,7,1024,0,657,5,9,7,1,1,-52,1,1700,16069,147,100,4,0,0
2315,16,11,1280,0,592,5,16,7,1,1,-70,0,501,5347,106,100,1,0,0
2317,1,0,256,0,12,0,0,4,0,0,0,10,2270,23242,2813,100,2,0,0
2316,19,15,1280,10,505,5,4,7,1,1,-52,0,476,4394,140,100,1,0,0
2316,7,4,768,10,653,7,8,7,1,2,-70,2,1269,11417,149,100,3,0,0
2317,8,4,768,0,638,7,8,7,1,2,-52,3,987,10682,149,100,2,0,0
2317,6,2,768,0,592,5,237,7,1,2,-52,0,682,6675,129,100,4,1,3
2317,14,10,1024,0,639,4,4,7,1,1,-52,0,681,7493,143,100,2,0,0
2319,5,1,512,0,635,8,1,6,1,1,-94,0,818,12831,154,100,3,0,0
2319,13,8,1024,10,646,4,244,7,1,1,-70,0,837,8549,128,100,5,1,3
2319,18,15,1280,10,613,4,4,5,1,1,-70,0,722,8424,141,100,3,0,0
2319,2,1,512,0,603,8,1,6,1,1,-88,8,1527,11244,154,100,2,0,0
2320,12,8,1024,0,644,6,255,7,1,1,-52,1,1239,12853,136,100,5,1,3
2320,17,12,1280,0,634,5,5,7,1,1,-70,0,1117,11402,137,100,4,0,0
2320,10,2,768,0,604,4,239,7,1,1,-95,6,2027,15793,143,100,5,1,3
2321,9,4,768,0,666,5,235,7,1,1,-70,0,699,10171,149,100,6,1,3
2321,20,15,1280,10,606,5,5,7,1,1,-70,1,1176,13235,136,100,4,0,0
2322,7,4,768,0,655,7,8,7,1,2,-70,2,755,8815,149,100,2,0,0
2322,3,1,512,0,594,8,3,7,1,2,-64,0,952,12200,151,100,4,0,0
2321,6,2,768,0,593,5,238,7,1,2,-52,0,349,4450,130,100,2,1,3
2323,4,1,512,10,631,8,3,7,1,1,-66,8,2942,19236,154,100,1,0,0
2323,1,0,256,0,12,0,0,4,0,0,0,10,1681,15784,2825,100,1,0,0
2323,15,10,1024,10,615,4,9,7,1,1,-70,4,2637,25727,142,100,4,0,0
2324,8,4,768,0,641,7,8,7,1,2,-52,3,1471,14190,150,100,2,0,0
2323,14,10,1024,10,643,4,4,7,1,1,-52,0,601,6255,143,100,2,0,0
2325,17,12,1280,0,637,5,5,7,1,1,-70,0,603,5599,137,100,2,0,0
2326,13,8,1024,0,647,4,246,7,1,1,-70,0,469,6693,128,100,4,1,3
2325,18,15,1280,10,615,4,4,5,1,1,-70,0,551,5871,142,100,2,0,0
2325,16,11,1280,0,596,5,16,7,1,1,-70,0,904,10137,107,100,4,0,0
2325,19,15,1280,0,507,5,4,7,1,1,-52,0,605,9455,141,100,1,0,0
2326,6,2,768,0,594,5,240,7,1,2,-52,0,418,4481,130,100,4,1,3
2327,11,7,1024,0,664,5,9,7,1,1,-52,1,1765,18563,147,100,4,0,0
2327,20,15,1280,0,609,5,5,7,1,1,-70,1,781,7323,136,100,2,0,0
2327,2,1,512,0,604,8,1,6,1,1,-88,8,2891,18864,155,100,3,0,0
2327,21,20,1536,0,655,4,6,5,1,1,-52,0,958,12016,132,100,3,0,0
2328,3,1,512,0,595,8,3,7,1,2,-64,0,460,7474,152,100,2,0,0
2327,9,4,768,0,670,5,238,7,1,1,-70,0,900,10176,150,100,5,1,3
2327,10,2,768,0,605,4,241,7,1,1,-95,6,2564,18549,144,100,5,1,3
2328,5,1,512,0,638,8,1,6,1,1,-94,0,716,12006,155,100,3,0,0
2328,7,4,768,0,657,7,8,7,1,2,-70,2,1106,12535,150,100,2,0,0
2328,15,10,1024,0,617,4,9,7,1,1,-70,4,1656,12576,143,100,2,0,0
2328,4,1,512,0,635,8,3,7,1,1,-66,8,2266,16588,154,100,3,0,0
2329,8,4,768,0,642,7,8,7,1,2,-52,3,892,10672,150,100,2,0,0
2331,12,8,1024,20,647,6,257,7,1,1,-52,1,1417,14446,137,100,6,1,3
2332,1,0,256,0,12,0,0,4,0,0,0,10,1983,20248,2833,100,2,0,0
2331,2,1,512,0,607,8,1,6,1,1,-88,8,1230,9897,155,100,1,0,0
2331,21,20,1536,0,657,4,6,5,1,1,-52,0,471,4291,132,100,2,0,0
2331,20,15,1280,0,611,5,5,7,1,1,-70,1,1131,8337,136,100,1,0,0
2332,11,7,1024,10,665,5,9,7,1,1,-52,1,622,8731,148,100,1,0,0
2332,15,10,1024,0,618,4,9,7,1,1,-70,4,953,10412,143,100,1,0,0
2334,5,1,512,0,639,8,1,6,1,1,-94,0,260,6668,155,100,1,0,0
2333,13,8,1024,0,652,4,248,7,1,1,-70,0,1043,8832,129,100,6,1,3
2334,16,11,1280,0,600,5,17,7,1,1,-70,0,762,9065,107,100,3,0,0
2335,17,12,1280,0,640,5,5,7,1,1,-70,0,796,9656,138,100,4,0,0
2333,14,10,1024,0,646,4,4,7,1,1,-52,0,904,10417,144,100,4,0,0
2336,1,0,256,0,12,0,0,4,0,0,0,10,912,10273,2840,100,0,0,0
2334,12,8,1024,0,650,6,258,7,1,1,-52,1,1020,8511,138,100,3,1,3
2334,19,15,1280,0,513,5,4,7,1,1,-52,0,1123,10242,142,100,3,0,0
2335,7,4,768,0,658,7,8,7,1,2,-70,2,1108,12021,150,100,2,0,0
2336,21,20,1536,10,658,4,6,5,1,1,-52,0,262,4143,132,100,1,0,0
2335,9,4,768,10,672,5,239,7,1,1,-70,0,536,9644,150,100,4,1,3
2335,18,15,1280,0,619,4,4,5,1,1,-70,0,885,10717,142,100,4,0,0
2338,3,1,512,0,603,8,3,7,1,2,-64,0,1278,12757,152,100,3,0,0
2336,11,7,1024,0,668,5,9,7,1,1,-52,1,906,8107,148,100,2,0,0
2336,6,2,768,0,597,5,243,7,1,2,-52,0,909,11381,131,100,6,1,3
2340,10,2,768,0,610,4,244,7,1,1,-95,6,3344,24719,145,100,7,1,3
2340,4,1,512,0,640,8,3,7,1,1,-66,8,4282,30001,155,100,4,0,0
2338,15,10,1024,0,621,4,9,7,1,1,-70,4,1894,15646,144,100,3,0,0
2340,8,4,768,10,649,7,8,7,1,2,-52,3,2688,23299,151,100,4,0,0
2340,11,7,1024,0,669,5,9,7,1,1,-52,1,405,6997,148,100,1,0,0
2340,21,20,1536,0,661,4,6,5,1,1,-52,0,644,4935,133,100,1,0,0
2340,12,8,1024,0,652,6,259,7,1,1,-52,1,636,7114,138,100,3,1,3
2339,20,15,1280,0,615,5,5,7,1,1,-70,1,1478,11983,137,100,4,0,0
2343,2,1,512,0,611,8,1,6,1,1,-88,8,3981,24685,156,100,4,0,0
2343,1,0,256,0,12,0,0,4,0,0,0,10,1855,17151,2848,100,2,0,0
2341,18,15,1280,0,623,4,4,5,1,1,-70,0,765,6709,143,100,2,0,0
2341,17,12,1280,0,644,5,5,7,1,1,-70,0,625,7944,138,100,2,0,0
2344,14,10,1024,0,652,4,4,7,1,1,-52,0,1011,9827,145,100,4,0,0
2345,9,4,768,0,675,5,242,7,1,1,-70,0,894,10984,151,100,6,1,3
2345,5,1,512,0,643,8,1,6,1,1,-94,0,1044,13532,156,100,5,0,0
2344,19,15,1280,0,514,5,4,7,1,1,-52,0,534,9018,142,100,3,0,0
2345,10,2,768,0,612,4,245,7,1,1,-95,6,2000,14032,145,100,3,1,3
2346,8,4,768,0,650,7,8,7,1,2,-52,3,930,9743,151,100,2,0,0
2346,7,4,768,0,663,7,8,7,1,2,-70,2,1605,16402,151,100,4,0,0
2344,13,8,1024,10,657,4,251,7,1,1,-70,0,1064,11467,130,100,7,1,3
2347,4,1,512,30,643,8,3,7,1,1,-66,8,2778,19729,156,100,3,0,0
2347,15,10,1024,0,628,4,9,7,1,1,-70,4,2207,18590,144,100,2,0,0
2344,16,11,1280,0,606,5,17,7,1,1,-70,0,1239,11900,108,100,5,0,0
2347,12,8,1024,0,655,6,262,7,1,1,-52,1,1160,9613,138,100,7,1,3
2349,3,1,512,0,610,8,3,7,1,2,-64,0,1267,15774,153,100,4,0,0
2347,6,2,768,10,600,5,246,7,1,2,-52,0,830,11252,132,100,6,1,3
2349,2,1,512,20,615,8,1,6,1,1,-88,8,2383,17335,156,100,3,0,0
2350,5,1,512,10,647,8,1,6,1,1,-94,0,683,7052,156,100,2,0,0
2348,18,15,1280,10,629,4,4,5,1,1,-70,0,732,6648,143,100,2,0,0
2348,20,15,1280,0,617,5,5,7,1,1,-70,1,824,11210,138,100,2,0,0
2351,1,0,256,0,12,0,0,4,0,0,0,10,2047,21105,2860,100,1,0,0
2349,10,2,768,0,613,4,246,7,1,1,-95,6,1244,9723,145,100,3,1,3
2350,11,7,1024,0,672,5,9,7,1,1,-52,1,1269,15855,149,100,4,0,0
2350,13,8,1024,0,661,4,253,7,1,1,-70,0,800,5482,130,100,4,1,3
2350,21,20,1536,0,666,4,6,5,1,1,-52,0,954,9455,133,100,4,0,0
2351,14,10,1024,0,654,4,4,7,1,1,-52,0,519,7081,145,100,2,0,0
2350,17,12,1280,0,645,5,5,7,1,1,-70,0,689,8491,139,100,4,0,0
2351,16,11,1280,0,608,5,17,7,1,1,-70,0,553,6737,109,100,2,0,0
2352,8,4,768,0,654,7,8,7,1,2,-52,3,2010,16230,152,100,3,0,0
2353,15,10,1024,0,629,4,9,7,1,1,-70,4,1554,14292,144,100,2,0,0
2353,18,15,1280,0,629,4,4,5,1,1,-70,0,426,4984,144,100,1,0,0
2355,1,0,256,0,12,0,0,4,0,0,0,10,1301,11056,2867,100,1,0,0
2355,11,7,1024,0,673,5,9,7,1,1,-52,1,687,7237,149,100,2,0,0
2356,7,4,768,0,667,7,8,7,1,2,-70,2,1921,18807,152,100,4,0,0
2356,9,4,768,10,684,5,245,7,1,1,-70,0,1564,15017,152,100,8,1,3
2356,19,15,1280,0,521,5,4,7,1,1,-52,0,1254,12145,143,100,3,0,0
2357,2,1,512,0,618,8,1,6,1,1,-88,8,2685,17302,157,100,2,0,0
2357,20,15,1280,0,623,5,5,7,1,1,-70,1,1459,11250,138,100,3,0,0
2357,8,4,768,0,655,7,8,7,1,2,-52,3,620,9301,152,100,1,0,0
2359,5,1,512,0,653,8,1,6,1,1,-94,0,1135,11114,157,100,4,0,0
2358,4,1,512,0,650,8,3,7,1,1,-66,8,4447,30399,156,100,4,0,0
2359,3,1,512,0,614,8,3,7,1,2,-64,0,927,12672,154,100,3,0,0
2358,21,20,1536,0,669,4,6,5,1,1,-52,0,778,7906,134,100,3,0,0
2359,10,2,768,0,617,4,249,7,1,1,-95,6,3059,20874,146,100,6,1,3
2358,12,8,1024,0,659,6,265,7,1,1,-52,1,1387,14736,139,100,6,1,3
2360,1,0,256,0,12,0,0,4,0,0,0,10,1166,11922,2871,100,1,0,0
2358,6,2,768,10,602,5,250,7,1,2,-52,0,726,10131,132,100,7,1,3
2361,14,10,1024,0,658,4,4,7,1,1,-52,0,909,9750,146,100,3,0,0
2361,13,8,1024,0,666,4,256,7,1,1,-70,0,1125,11911,131,100,6,1,3
2362,7,4,768,0,669,7,8,7,1,2,-70,2,756,9971,152,100,2,0,0
2361,17,12,1280,0,649,5,5,7,1,1,-70,0,903,10810,140,100,4,0,0
2364,20,15,1280,0,628,5,5,7,1,1,-70,1,1167,8898,139,100,2,0,0
2363,16,11,1280,0,614,5,17,7,1,1,-70,0,1087,11964,109,100,4,0,0
2365,10,2,768,30,620,4,250,7,1,1,-95,6,1527,12842,147,100,3,1,3
2366,2,1,512,20,620,8,1,6,1,1,-88,8,2658,19600,157,100,4,0,0
2365,15,10,1024,0,635,4,9,7,1,1,-70,4,3069,27754,145,100,4,0,0
2367,1,0,256,0,12,0,0,4,0,0,0,10,1505,16703,2883,100,1,0,0
2366,9,4,768,0,690,5,247,7,1,1,-70,0,1191,14123,153,100,4,1,3
2365,18,15,1280,0,632,4,4,5,1,1,-70,0,764,10901,144,100,4,0,0
2367,7,4,768,0,672,7,8,7,1,2,-70,2,992,7934,153,100,2,0,0
2366,21,20,1536,0,673,4,6,5,1,1,-52,0,732,7543,134,100,2,0,0
2366,17,12,1280,10,652,5,5,7,1,1,-70,0,578,4379,140,100,2,0,0
2368,5,1,512,0,656,8,1,6,1,1,-94,0,814,12004,158,100,4,0,0
2367,11,7,1024,0,676,5,9,7,1,1,-52,1,1321,18196,150,100,4,0,0
2368,8,4,768,10,661,7,8,7,1,2,-52,3,2494,21670,153,100,4,0,0
2368,12,8,1024,0,663,6,267,7,1,1,-52,1,1495,13281,140,100,5,1,3
2368,19,15,1280,0,525,5,4,7,1,1,-52,0,941,12125,144,100,2,0,0
2368,13,8,1024,0,669,4,258,7,1,1,-70,0,684,7447,131,100,4,1,3
2370,6,2,768,0,608,5,252,7,1,2,-52,0,1287,11567,133,100,5,1,3
2370,3,1,512,0,619,8,3,7,1,2,-64,0,953,14005,154,100,4,0,0
2370,4,1,512,0,653,8,3,7,1,1,-66,8,4582,32459,157,100,3,0,0
2369,14,10,1024,0,664,4,4,7,1,1,-52,0,940,8487,146,100,3,0,0
2372,15,10,1024,0,637,4,9,7,1,1,-70,4,1834,17226,146,100,2,0,0
2372,11,7,1024,0,679,5,9,7,1,1,-52,1,742,8473,150,100,2,0,0
2372,20,15,1280,0,631,5,5,7,1,1,-70,1,1110,10809,139,100,3,0,0
2372,10,2,768,0,624,4,252,7,1,1,-95,6,2462,16127,147,100,5,1,3
2373,8,4,768,0,664,7,8,7,1,2,-52,3,1109,9787,153,100,2,0,0
2373,19,15,1280,0,525,5,4,7,1,1,-52,0,263,4057,144,100,1,0,0
2373,16,11,1280,0,620,5,17,7,1,1,-70,0,1120,10421,110,100,4,0,0
2375,21,20,1536,0,675,4,6,5,1,1,-52,0,671,8456,135,100,3,0,0
2375,2,1,512,0,622,8,1,6,1,1,-88,8,3153,21119,158,100,2,0,0
2375,18,15,1280,0,637,4,4,5,1,1,-70,0,1017,10245,145,100,3,0,0
2375,14,10,1024,0,665,4,4,7,1,1,-52,0,443,5596,147,100,2,0,0
2376,9,4,768,0,694,5,249,7,1,1,-70,0,932,11719,153,100,6,1,3
2377,1,0,256,0,12,0,0,4,0,0,0,10,2320,23504,2894,100,2,0,0
2376,7,4,768,0,676,7,8,7,1,2,-70,2,1745,17135,153,100,3,0,0
2377,4,1,512,0,655,8,3,7,1,1,-66,8,2219,17735,158,100,2,0,0
2378,3,1,512,0,622,8,3,7,1,2,-64,0,768,9892,155,100,2,0,0
2378,6,2,768,0,611,5,254,7,1,2,-52,0,779,7725,133,100,5,1,3
2378,11,7,1024,0,681,5,9,7,1,1,-52,1,853,9572,151,100,1,0,0
2378,10,2,768,0,625,4,253,7,1,1,-95,6,1447,11534,147,100,3,1,3
2378,8,4,768,10,668,7,8,7,1,2,-52,3,1173,11835,153,100,2,0,0
2380,5,1,512,0,659,8,1,6,1,1,-94,0,744,13890,158,100,3,0,0
2377,17,12,1280,0,661,5,5,7,1,1,-70,0,1457,12144,141,100,5,0,0
2379,13,8,1024,0,675,4,261,7,1,1,-70,0,1196,10386,132,100,8,1,3
2381,1,0,256,0,12,0,0,4,0,0,0,10,1035,11082,2900,100,1,0,0
2379,12,8,1024,0,668,6,271,7,1,1,-52,1,1739,15591,141,100,8,1,3
2380,15,10,1024,0,641,4,9,7,1,1,-70,4,2154,20367,146,100,3,0,0
2381,20,15,1280,10,637,5,5,7,1,1,-70,1,1321,11756,140,100,3,0,0
2382,19,15,1280,0,527,5,4,7,1,1,-52,0,677,8816,145,100,2,0,0
2382,7,4,768,0,679,7,8,7,1,2,-70,2,1008,9233,154,100,3,0,0
2382,16,11,1280,10,626,5,17,7,1,1,-70,0,1102,8920,111,100,3,0,0
2383,21,20,1536,0,679,4,6,5,1,1,-52,0,806,8390,136,100,3,0,0
2383,8,4,768,0,672,7,8,7,1,2,-52,3,1501,9704,154,100,2,0,0
2382,17,12,1280,0,664,5,5,7,1,1,-70,0,585,4386,141,100,1,0,0
2383,14,10,1024,0,671,4,4,7,1,1,-52,0,1044,8548,147,100,3,0,0
2384,4,1,512,20,659,8,3,7,1,1,-66,8,3344,20058,158,100,3,0,0
2383,9,4,768,10,698,5,251,7,1,1,-70,0,862,9081,154,100,5,1,3
2383,11,7,1024,0,684,5,9,7,1,1,-52,1,1040,9477,151,100,3,0,0
2385,6,2,768,0,614,5,256,7,1,2,-52,0,712,7359,134,100,4,1,3
2384,13,8,1024,0,677,4,262,7,1,1,-70,0,525,5296,132,100,3,1,3
2387,1,0,256,0,12,0,0,4,0,0,0,10,1385,13337,2908,100,1,0,0
2386,2,1,512,10,624,8,1,6,1,1,-88,8,3559,25487,159,100,4,0,0
2386,10,2,768,0,627,4,254,7,1,1,-95,6,2386,18379,148,100,4,1,3
2385,18,15,1280,0,642,4,4,5,1,1,-70,0,1036,11522,146,100,4,0,0
2386,7,4,768,0,681,7,8,7,1,2,-70,2,897,8687,154,100,1,0,0
2388,3,1,512,0,625,8,3,7,1,2,-64,0,743,13093,155,100,3,0,0
2387,8,4,768,10,673,7,9,7,1,2,-52,3,895,9967,154,100,3,0,0
2387,15,10,1024,0,645,4,9,7,1,1,-70,4,2173,17777,147,100,3,0,0
2388,12,8,1024,0,673,6,273,7,1,1,-52,1,1392,12890,141,100,6,1,3
2390,5,1,512,0,661,8,1,6,1,1,-94,0,706,12253,159,100,4,0,0
2390,20,15,1280,0,638,5,5,7,1,1,-70,1,1006,11483,140,100,3,0,0
2390,13,8,1024,20,679,4,263,7,1,1,-70,0,558,5868,133,100,2,1,3
2390,11,7,1024,0,687,5,9,7,1,1,-52,1,1090,11205,152,100,3,0,0
2390,16,11,1280,0,629,5,17,7,1,1,-70,0,646,8000,111,100,3,0,0
2392,10,2,768,0,629,4,256,7,1,1,-95,6,1419,11711,148,100,4,1,3
2392,21,20,1536,0,683,4,6,5,1,1,-52,0,829,8966,136,100,3,0,0
2393,14,10,1024,0,675,4,4,7,1,1,-52,0,910,9577,148,100,3,0,0
2394,5,1,512,0,662,8,1,6,1,1,-94,0,288,5628,159,100,1,0,0
2393,15,10,1024,10,648,4,9,7,1,1,-70,4,1345,12668,147,100,2,0,0
2394,19,15,1280,0,530,5,4,7,1,1,-52,0,776,11303,145,100,2,0,0
2395,2,1,512,20,626,8,1,6,1,1,-88,8,2391,18151,159,100,3,0,0
2395,4,1,512,30,664,8,3,7,1,1,-66,8,3845,29096,159,100,3,0,0
2394,6,2,768,0,616,5,258,7,1,2,-52,0,694,9651,134,100,5,1,3
2396,1,0,256,0,12,0,0,4,0,0,0,10,1955,23108,2918,100,1,0,0
2393,17,12,1280,10,668,5,5,7,1,1,-70,0,955,10649,142,100,4,0,0
2394,9,4,768,20,705,5,254,7,1,1,-70,0,1322,15079,154,100,7,1,3
2395,7,4,768,0,685,7,8,7,1,2,-70,2,1581,15771,154,100,3,0,0
2395,20,15,1280,0,641,5,5,7,1,1,-70,1,954,7980,141,100,2,0,0
2397,11,7,1024,0,692,5,9,7,1,1,-52,1,1297,10683,152,100,3,0,0
2398,3,1,512,0,631,8,3,7,1,2,-64,0,1134,13552,156,100,4,0,0
2397,12,8,1024,0,675,6,275,7,1,1,-52,1,1204,11464,142,100,4,1,3
2394,18,15,1280,0,646,4,4,5,1,1,-70,0,831,8204,146,100,3,0,0
2398,13,8,1024,0,682,4,266,7,1,1,-70,0,874,8329,133,100,6,1,3
2398,8,4,768,0,679,7,9,7,1,2,-52,3,2622,22344,155,100,4,0,0
2397,10,2,768,0,631,4,257,7,1,1,-95,6,1915,11802,149,100,3,1,3
2398,16,11,1280,0,634,5,17,7,1,1,-70,0,993,8739,112,100,3,0,0
2398,14,10,1024,0,677,4,4,7,1,1,-52,0,470,4386,148,100,2,0,0
2401,4,1,512,0,665,8,3,7,1,1,-66,8,2307,13318,159,100,2,0,0
2400,9,4,768,0,709,5,256,7,1,1,-70,0,951,7906,155,100,5,1,3
2400,19,15,1280,10,532,5,4,7,1,1,-52,0,557,6726,146,100,1,0,0
2402,2,1,512,0,631,8,1,6,1,1,-88,8,2776,16072,160,100,3,0,0
2401,15,10,1024,0,654,4,9,7,1,1,-70,4,2487,20227,148,100,3,0,0
2403,5,1,512,0,665,8,1,6,1,1,-94,0,794,10937,160,100,3,0,0
2404,1,0,256,0,12,0,0,4,0,0,0,10,2137,18386,2929,100,2,0,0
2402,6,2,768,0,617,5,260,7,1,2,-52,0,546,8242,135,100,4,1,3
2403,8,4,768,0,680,7,9,7,1,2,-52,3,558,8906,155,100,2,0,0
2403,21,20,1536,0,687,4,6,5,1,1,-52,0,830,9991,137,100,3,0,0
2401,18,15,1280,0,648,4,4,5,1,1,-70,0,580,7235,147,100,1,0,0
2403,16,11,1280,0,636,5,17,7,1,1,-70,0,374,4681,112,100,1,0,0
2404,17,12,1280,0,672,5,5,7,1,1,-70,0,943,10489,143,100,4,0,0
2405,11,7,1024,0,694,5,9,7,1,1,-52,1,1077,14139,153,100,2,0,0
2406,20,15,1280,0,645,5,5,7,1,1,-70,1,1291,13506,141,100,4,0,0
2406,13,8,1024,0,685,4,268,7,1,1,-70,0,829,8300,134,100,6,1,3
2405,7,4,768,0,690,7,8,7,1,2,-70,2,1998,18002,155,100,5,0,0
2408,2,1,512,0,634,8,1,6,1,1,-88,8,1657,11475,160,100,2,0,0
2407,12,8,1024,0,681,6,278,7,1,1,-52,1,1617,14674,142,100,7,1,3
2408,21,20,1536,0,689,4,6,5,1,1,-52,0,470,4784,137,100,2,0,0
2408,10,2,768,40,635,4,260,7,1,1,-95,6,3192,25101,149,100,8,1,3
2408,14,10,1024,0,679,4,4,7,1,1,-52,0,599,9740,149,100,2,0,0
2410,3,1,512,0,639,8,3,7,1,2,-64,0,1373,15706,157,100,4,0,0
2410,5,1,512,0,667,8,1,6,1,1,-94,0,516,8450,160,100,2,0,0
2411,4,1,512,0,669,8,3,7,1,1,-66,8,3373,26256,160,100,5,0,0
2408,19,15,1280,0,536,5,4,7,1,1,-52,0,836,7737,146,100,2,0,0
2409,6,2,768,0,620,5,261,7,1,2,-52,0,907,7771,136,100,4,1,3
2410,9,4,768,0,714,5,259,7,1,1,-70,0,1117,13835,156,100,7,1,3
2411,7,4,768,0,694,7,8,7,1,2,-70,2,940,9032,156,100,2,0,0
2413,1,0,256,0,12,0,0,4,0,0,0,10,2432,24526,2944,100,1,0,0
2409,15,10,1024,10,659,4,9,7,1,1,-70,4,2507,19101,148,100,4,0,0
2407,18,15,1280,0,651,4,4,5,1,1,-70,0,601,6008,147,100,2,0,0
2411,8,4,768,0,684,7,9,7,1,2,-52,3,1864,17551,156,100,3,0,0
2412,18,15,1280,0,655,4,4,5,1,1,-70,0,684,4871,147,100,2,0,0
2412,17,12,1280,0,678,5,5,7,1,1,-70,0,1062,8878,143,100,4,0,0
2414,11,7,1024,0,698,5,9,7,1,1,-52,1,1079,14730,153,100,5,0,0
2414,21,20,1536,0,691,4,6,5,1,1,-52,0,556,6222,138,100,1,0,0
2415,16,11,1280,0,639,5,17,7,1,1,-70,0,821,11380,113,100,4,0,0
2415,13,8,1024,0,689,4,270,7,1,1,-70,0,886,8810,134,100,5,1,3
2415,9,4,768,0,716,5,261,7,1,1,-70,0,555,6148,156,100,4,1,3
2416,2,1,512,0,641,8,1,6,1,1,-88,8,3889,23940,161,100,4,0,0
2416,12,8,1024,0,685,6,280,7,1,1,-52,1,1317,12508,143,100,6,1,3
2417,6,2,768,0,625,5,263,7,1,2,-52,0,916,7889,136,100,5,1,3
2418,4,1,512,0,673,8,3,7,1,1,-66,8,3088,20710,160,100,2,0,0
2418,20,15,1280,0,652,5,5,7,1,1,-70,1,1897,16082,142,100,5,0,0
2416,7,4,768,10,696,7,8,7,1,2,-70,2,919,9545,156,100,2,0,0
2418,19,15,1280,0,536,5,4,7,1,1,-52,0,511,9966,147,100,2,0,0
2417,14,10,1024,20,685,4,4,7,1,1,-52,0,1204,10441,150,100,4,0,0
2419,3,1,512,0,642,8,3,7,1,2,-64,0,820,11809,158,100,3,0,0
2420,5,1,512,10,672,8,1,6,1,1,-94,0,1002,12605,161,100,4,0,0
2418,11,7,1024,0,699,5,9,7,1,1,-52,1,639,6844,154,100,1,0,0
2419,10,2,768,0,639,4,263,7,1,1,-95,6,3410,24163,150,100,7,1,3
2419,8,4,768,20,689,7,9,7,1,2,-52,3,1788,16287,156,100,3,0,0
2419,18,15,1280,10,657,4,4,5,1,1,-70,0,550,6518,148,100,2,0,0
2420,15,10,1024,10,664,4,9,7,1,1,-70,4,2749,25866,149,100,4,0,0
2421,16,11,1280,0,640,5,17,7,1,1,-70,0,389,5753,113,100,2,0,0
2422,2,1,512,0,642,8,1,6,1,1,-88,8,1755,13108,161,100,2,0,0
2421,17,12,1280,0,682,5,5,7,1,1,-70,0,783,8411,144,100,3,0,0
2423,1,0,256,0,12,0,0,4,0,0,0,10,2444,25157,2954,100,2,0,0
2423,20,15,1280,0,653,5,5,7,1,1,-70,1,421,5370,142,100,2,0,0
2422,7,4,768,0,699,7,8,7,1,2,-70,2,1197,10435,156,100,2,0,0
2422,6,2,768,0,626,5,265,7,1,2,-52,0,442,5555,136,100,4,1,3
2423,12,8,1024,0,687,6,282,7,1,1,-52,1,965,9573,143,100,4,1,3
2424,13,8,1024,0,694,4,272,7,1,1,-70,0,970,9032,135,100,5,1,3
2425,3,1,512,0,645,8,3,7,1,2,-64,0,599,7500,158,100,2,0,0
2424,8,4,768,10,690,7,9,7,1,2,-52,3,1203,10934,157,100,1,0,0
2423,21,20,1536,0,695,4,6,5,1,1,-52,0,847,9868,138,100,4,0,0
2425,18,15,1280,10,660,4,4,5,1,1,-70,0,602,5966,148,100,2,0,0
2426,17,12,1280,0,685,5,5,7,1,1,-70,0,601,5401,144,100,2,0,0
2427,9,4,768,0,720,5,264,7,1,1,-70,0,1044,14849,157,100,6,1,3
2428,10,2,768,20,644,4,265,7,1,1,-95,6,2339,17691,151,100,4,1,3
2428,7,4,768,0,702,7,8,7,1,2,-70,2,889,9346,157,100,2,0,0
2427,14,10,1024,0,688,4,4,7,1,1,-52,0,906,9778,150,100,4,0,0
2429,4,1,512,0,677,8,3,7,1,1,-66,8,4610,31802,161,100,4,0,0
2430,3,1,512,0,645,8,3,7,1,2,-64,0,259,5687,158,100,1,0,0
2428,6,2,768,20,629,5,266,7,1,2,-52,0,559,5742,137,100,2,1,3
2430,5,1,512,0,676,8,1,6,1,1,-94,0,946,13133,162,100,4,0,0
2430,2,1,512,20,646,8,1,6,1,1,-88,8,2803,17865,162,100,1,0,0
2429,16,11,1280,0,645,5,17,7,1,1,-70,0,987,8594,114,100,4,0,0
2430,13,8,1024,0,695,4,273,7,1,1,-70,0,392,5143,135,100,3,1,3
2429,11,7,1024,0,704,5,9,7,1,1,-52,1,1660,18539,154,100,4,0,0
2429,19,15,1280,0,538,5,4,7,1,1,-52,0,701,10142,148,100,2,0,0
2429,18,15,1280,0,662,4,4,5,1,1,-70,0,444,4979,149,100,2,0,0
2432,12,8,1024,0,691,6,284,7,1,1,-52,1,1264,11999,144,100,5,1,3
2431,15,10,1024,10,670,4,9,7,1,1,-70,4,3021,26122,150,100,3,0,0
2435,1,0,256,0,12,0,0,4,0,0,0,10,2919,28389,2972,100,2,0,0
2434,6,2,768,0,632,5,267,7,1,2,-52,0,736,5893,137,100,3,1,3
2436,2,1,512,10,649,8,1,6,1,1,-88,8,1795,12441,162,100,2,0,0
2435,7,4,768,0,705,7,8,7,1,2,-70,2,1295,11355,157,100,3,0,0
2434,20,15,1280,10,657,5,5,7,1,1,-70,1,1355,15480,143,100,3,0,0
2435,8,4,768,0,696,7,9,7,1,2,-52,3,2105,20568,157,100,4,0,0
2434,14,10,1024,0,692,4,4,7,1,1,-52,0,788,7195,151,100,2,0,0
2436,19,15,1280,0,539,5,4,7,1,1,-52,0,394,6352,148,100,1,0,0
2436,4,1,512,0,679,8,3,7,1,1,-66,8,2392,17789,162,100,3,0,0
2436,21,20,1536,0,700,4,6,5,1,1,-52,0,1131,11602,139,100,5,0,0
2435,16,11,1280,0,646,5,17,7,1,1,-70,0,412,6456,114,100,2,0,0
2436,15,10,1024,0,670,4,9,7,1,1,-70,4,1127,11432,150,100,1,0,0
2438,13,8,1024,0,698,4,275,7,1,1,-70,0,835,8252,136,100,5,1,3
2438,9,4,768,0,725,5,266,7,1,1,-70,0,1011,12574,157,100,6,1,3
2437,17,12,1280,0,689,5,5,7,1,1,-70,0,796,9809,145,100,4,0,0
2439,20,15,1280,0,660,5,5,7,1,1,-70,1,984,6264,144,100,2,0,0
2439,6,2,768,0,634,5,268,7,1,2,-52,0,521,4775,137,100,3,1,3
2440,3,1,512,0,650,8,3,7,1,2,-64,0,1026,13609,159,100,4,0,0
2440,7,4,768,0,708,7,9,7,1,2,-70,2,925,8203,157,100,3,0,0
2438,18,15,1280,0,666,4,4,5,1,1,-70,0,930,8385,149,100,4,0,0
2440,8,4,768,0,698,7,9,7,1,2,-52,3,1231,10221,158,100,2,0,0
2441,5,1,512,0,681,8,1,6,1,1,-94,0,952,13635,162,100,4,0,0
2440,10,2,768,0,649,4,268,7,1,1,-95,6,3918,26172,151,100,8,1,3
2441,15,10,1024,0,671,4,9,7,1,1,-70,4,1311,11061,150,100,1,0,0
2439,16,11,1280,0,648,5,17,7,1,1,-70,0,527,4543,115,100,2,0,0
2441,21,20,1536,0,702,4,6,5,1,1,-52,0,399,4795,139,100,1,0,0
2441,11,7,1024,0,708,5,9,7,1,1,-52,1,1527,17552,155,100,4,0,0
2441,12,8,1024,10,696,6,287,7,1,1,-52,1,1488,12750,145,100,7,1,3
2443,2,1,512,0,650,8,1,6,1,1,-88,8,3025,18619,163,100,3,0,0
2444,4,1,512,50,684,8,3,7,1,1,-66,8,3480,22790,162,100,2,0,0
2445,1,0,256,0,12,0,0,4,0,0,0,10,2806,26750,2987,100,2,0,0
2445,10,2,768,10,650,4,270,7,1,1,-95,6,1263,10036,152,100,4,1,3
2442,17,12,1280,10,690,5,5,7,1,1,-70,0,286,5125,145,100,1,0,0
2445,14,10,1024,0,696,4,4,7,1,1,-52,0,829,9098,151,100,3,0,0
2444,7,4,768,0,711,7,9,7,1,2,-70,2,1048,7700,158,100,1,0,0
2444,13,8,1024,0,700,4,277,7,1,1,-70,0,581,6436,136,100,3,1,3
2445,8,4,768,0,699,7,9,7,1,2,-52,3,1063,9087,158,100,2,0,0
2447,3,1,512,0,653,8,3,7,1,2,-64,0,694,9333,159,100,2,0,0
2447,19,15,1280,0,544,5,4,7,1,1,-52,0,1046,11785,149,100,2,0,0
2447,2,1,512,0,653,8,1,6,1,1,-88,8,1519,10417,163,100,1,0,0
2447,17,12,1280,0,691,5,5,7,1,1,-70,0,471,4054,145,100,2,0,0
2448,20,15,1280,0,666,5,5,7,1,1,-70,1,1441,12304,144,100,2,0,0
2448,21,20,1536,0,707,4,6,5,1,1,-52,0,968,7322,140,100,3,0,0
2448,13,8,1024,0,704,4,277,7,1,1,-70,0,685,4652,136,100,2,1,3
2448,18,15,1280,0,670,4,4,5,1,1,-70,0,788,8462,150,100,2,0,0
2449,11,7,1024,0,712,5,9,7,1,1,-52,1,899,11275,156,100,3,0,0
2449,9,4,768,10,731,5,269,7,1,1,-70,0,1224,13945,158,100,8,1,3
2450,15,10,1024,0,674,4,9,7,1,1,-70,4,2412,19930,151,100,3,0,0
2449,16,11,1280,0,650,5,17,7,1,1,-70,0,519,8132,115,100,2,0,0
2449,6,2,768,0,640,5,271,7,1,2,-52,0,1200,10784,138,100,7,1,3
2451,5,1,512,0,686,8,1,6,1,1,-94,0,1027,12723,163,100,4,0,0
2452,3,1,512,0,655,8,3,7,1,2,-64,0,548,6281,160,100,1,0,0
2452,4,1,512,0,687,8,3,7,1,1,-66,8,3069,20241,163,100,3,0,0
2452,10,2,768,0,654,4,272,7,1,1,-95,6,2237,15784,152,100,4,1,3
2452,8,4,768,10,702,7,9,7,1,2,-52,3,1637,16538,159,100,3,0,0
2452,19,15,1280,10,546,5,4,7,1,1,-52,0,478,5540,149,100,1,0,0
2452,12,8,1024,0,698,6,290,7,1,1,-52,1,1457,15356,145,100,7,1,3
2453,21,20,1536,0,709,4,6,5,1,1,-52,0,397,4617,140,100,1,0,0
2456,1,0,256,0,12,0,0,4,0,0,0,10,2515,25474,2997,100,2,0,0
2454,20,15,1280,0,669,5,5,7,1,1,-70,1,1233,9734,145,100,3,0,0
2454,13,8,1024,0,706,4,279,7,1,1,-70,0,607,6726,137,100,4,1,3
2455,9,4,768,0,732,5,272,7,1,1,-70,0,503,8351,158,100,4,1,3
2455,18,15,1280,0,673,4,4,5,1,1,-70,0,625,7166,150,100,2,0,0
2455,7,4,768,10,715,7,9,7,1,2,-70,2,1676,18644,158,100,4,0,0
2455,16,11,1280,0,652,5,17,7,1,1,-70,0,551,6335,116,100,2,0,0
2457,10,2,768,10,656,4,273,7,1,1,-95,6,1622,10756,153,100,2,1,3
2456,14,10,1024,0,704,4,4,7,1,1,-52,0,1349,12080,152,100,5,0,0
2458,6,2,768,0,645,5,274,7,1,2,-52,0,980,8437,139,100,5,1,3
2458,17,12,1280,0,699,5,5,7,1,1,-70,0,1325,11120,146,100,5,0,0
2459,15,10,1024,0,679,4,9,7,1,1,-70,4,2229,20742,151,100,3,0,0
2459,2,1,512,0,661,8,1,6,1,1,-88,8,4621,27979,164,100,4,0,0
2458,13,8,1024,0,707,4,280,7,1,1,-70,0,392,4009,137,100,3,1,3
2459,11,7,1024,0,716,5,9,7,1,1,-52,1,1477,17218,156,100,3,0,0
2459,9,4,768,0,735,5,273,7,1,1,-70,0,688,6334,159,100,3,1,3
2461,18,15,1280,0,676,4,4,5,1,1,-70,0,754,6118,151,100,3,0,0
2460,8,4,768,10,705,7,9,7,1,2,-52,3,1757,16553,159,100,2,0,0
2462,5,1,512,0,690,8,1,6,1,1,-94,0,927,12946,164,100,3,0,0
2460,12,8,1024,0,702,6,293,7,1,1,-52,1,1171,10949,146,100,5,1,3
2462,21,20,1536,0,714,4,6,5,1,1,-52,0,992,9432,141,100,3,0,0
2462,4,1,512,10,690,8,3,7,1,1,-66,8,3863,27398,164,100,3,0,0
2464,1,0,256,0,12,0,0,4,0,0,0,10,2211,20321,3010,100,2,0,0
2463,3,1,512,0,662,8,3,7,1,2,-64,0,1196,15088,160,100,3,0,0
2464,7,4,768,10,716,7,9,7,1,2,-70,2,1164,13527,159,100,3,0,0
2464,2,1,512,0,663,8,1,6,1,1,-88,8,1407,10452,164,100,2,0,0
2462,13,8,1024,0,710,4,281,7,1,1,-70,0,509,4285,137,100,2,1,3
2464,19,15,1280,0,548,5,4,7,1,1,-52,0,726,11610,150,100,2,0,0
2465,14,10,1024,0,706,4,4,7,1,1,-52,0,697,8550,153,100,3,0,0
2466,10,2,768,0,661,4,275,7,1,1,-95,6,2742,19757,153,100,5,1,3
2465,16,11,1280,0,655,5,17,7,1,1,-70,0,741,9739,116,100,4,0,0
2466,6,2,768,0,646,5,275,7,1,2,-52,0,601,7908,139,100,4,1,3
2466,20,15,1280,0,672,5,5,7,1,1,-70,1,1265,15274,145,100,4,0,0
2466,17,12,1280,0,703,5,5,7,1,1,-70,0,856,8499,147,100,2,0,0
2467,11,7,1024,0,720,5,9,7,1,1,-52,1,981,11751,157,100,2,0,0
2469,5,1,512,0,692,8,1,6,1,1,-94,0,516,8468,164,100,2,0,0
2468,15,10,1024,0,681,4,9,7,1,1,-70,4,2178,22716,152,100,4,0,0
2467,12,8,1024,0,706,6,294,7,1,1,-52,1,1305,11381,146,100,4,1,3
2468,9,4,768,0,741,5,275,7,1,1,-70,0,1019,11373,159,100,5,1,3
2469,10,2,768,0,662,4,276,7,1,1,-95,6,1115,9135,154,100,3,1,3
2471,1,0,256,0,12,0,0,4,0,0,0,10,1620,17586,3019,100,1,0,0
2469,19,15,1280,10,550,5,4,7,1,1,-52,0,501,5584,151,100,1,0,0
2470,14,10,1024,0,709,4,4,7,1,1,-52,0,583,5413,153,100,1,0,0
2471,4,1,512,20,692,8,3,7,1,1,-66,8,2949,22172,164,100,3,0,0
2471,2,1,512,30,666,8,1,6,1,1,-88,8,2991,17621,164,100,3,0,0
2470,13,8,1024,0,713,4,283,7,1,1,-70,0,905,8074,138,100,5,1,3
2471,18,15,1280,0,680,4,4,5,1,1,-70,0,847,10069,151,100,4,0,0
2471,20,15,1280,0,674,5,5,7,1,1,-70,1,664,6966,146,100,2,0,0
2472,8,4,768,0,711,7,9,7,1,2,-52,3,2760,24303,160,100,4,0,0
2473,21,20,1536,0,717,4,6,5,1,1,-52,0,764,10115,141,100,4,0,0
2474,5,1,512,10,693,8,1,6,1,1,-94,0,360,6188,165,100,2,0,0
2473,6,2,768,0,650,5,277,7,1,2,-52,0,843,8378,140,100,4,1,3
2474,3,1,512,0,667,8,3,7,1,2,-64,0,1188,14228,161,100,3,0,0
2474,15,10,1024,10,681,4,9,7,1,1,-70,4,1517,13367,153,100,2,0,0
2475,7,4,768,0,719,7,9,7,1,2,-70,2,1600,18223,160,100,4,0,0
2475,17,12,1280,0,709,5,5,7,1,1,-70,0,1037,8264,147,100,4,0,0
2474,16,11,1280,0,660,5,17,7,1,1,-70,0,1011,9514,117,100,4,0,0
2477,4,1,512,10,695,8,3,7,1,1,-66,8,2178,14723,165,100,2,0,0
2478,9,4,768,0,744,5,277,7,1,1,-70,0,864,10573,160,100,5,1,3
2479,1,0,256,0,12,0,0,4,0,0,0,10,1976,19681,3030,100,1,0,0
2477,11,7,1024,0,721,5,9,7,1,1,-52,1,1136,16637,157,100,3,0,0
2477,12,8,1024,0,709,6,297,7,1,1,-52,1,1314,12740,147,100,6,1,3
2478,19,15,1280,0,554,5,4,7,1,1,-52,0,1060,9412,151,100,2,0,0
2479,15,10,1024,0,683,4,9,7,1,1,-70,4,1113,10934,153,100,1,0,0
2480,2,1,512,30,670,8,1,6,1,1,-88,8,2721,19708,165,100,2,0,0
2479,10,2,768,0,668,4,279,7,1,1,-95,6,3297,22296,154,100,7,1,3
2480,20,15,1280,0,676,5,5,7,1,1,-70,1,907,11253,146,100,2,0,0
2481,7,4,768,0,720,7,9,7,1,2,-70,2,961,10466,160,100,2,0,0
2480,14,10,1024,0,714,4,4,7,1,1,-52,0,1010,10163,154,100,4,0,0
2482,5,1,512,10,699,8,1,6,1,1,-94,0,1013,10669,165,100,3,0,0
2481,17,12,1280,0,712,5,5,7,1,1,-70,0,682,7128,148,100,2,0,0
2481,16,11,1280,0,662,5,18,7,1,1,-70,0,524,6312,117,100,3,0,0
2482,13,8,1024,0,717,4,286,7,1,1,-70,0,988,10736,139,100,7,1,3
2482,8,4,768,10,713,7,9,7,1,2,-52,3,1878,18419,161,100,4,0,0
2483,18,15,1280,0,685,4,4,5,1,1,-70,0,1041,11160,152,100,3,0,0
2484,1,0,256,0,12,0,0,4,0,0,0,10,1468,13313,3036,100,2,0,0
2483,21,20,1536,0,720,4,6,5,1,1,-52,0,857,9125,142,100,4,0,0
2483,6,2,768,0,653,5,280,7,1,2,-52,0,835,9734,140,100,5,1,3
2485,2,1,512,10,671,8,1,6,1,1,-88,8,1573,9710,165,100,2,0,0
2484,10,2,768,0,670,4,280,7,1,1,-95,6,1287,9304,154,100,2,1,3
2485,3,1,512,0,671,8,3,7,1,2,-64,0,945,14087,162,100,4,0,0
2486,11,7,1024,0,726,5,9,7,1,1,-52,1,1431,13697,158,100,4,0,0
2487,14,10,1024,0,718,4,4,7,1,1,-52,0,734,6760,154,100,2,0,0
2487,4,1,512,30,701,8,3,7,1,1,-66,8,3755,26567,165,100,4,0,0
2486,12,8,1024,0,712,6,301,7,1,1,-52,1,1238,12013,148,100,8,1,3
2488,21,20,1536,0,724,4,6,5,1,1,-52,0,778,5721,142,100,2,0,0
2488,13,8,1024,0,721,4,288,7,1,1,-70,0,790,6919,139,100,4,1,3
2489,15,10,1024,20,685,4,9,7,1,1,-70,4,2268,24387,153,100,3,0,0
2489,9,4,768,10,747,5,279,7,1,1,-70,0,880,13536,161,100,6,1,3
2490,8,4,768,0,719,7,9,7,1,2,-52,3,1736,15930,161,100,3,0,0
2490,19,15,1280,0,559,5,4,7,1,1,-52,0,1089,12267,152,100,2,0,0
2492,7,4,768,0,723,7,9,7,1,2,-70,2,1529,17492,161,100,4,0,0
2492,16,11,1280,10,668,5,18,7,1,1,-70,0,1248,11657,118,100,3,0,0
2493,5,1,512,0,707,8,1,6,1,1,-94,0,1374,14355,166,100,4,0,0
2491,14,10,1024,0,718,4,4,7,1,1,-52,0,262,4262,154,100,1,0,0
2492,17,12,1280,0,717,5,5,7,1,1,-70,0,1118,10761,149,100,4,0,0
2492,6,2,768,0,658,5,282,7,1,2,-52,0,1047,9364,141,100,5,1,3
2493,3,1,512,0,673,8,3,7,1,2,-64,0,516,9572,162,100,2,0,0
2490,20,15,1280,0,679,5,5,7,1,1,-70,1,1534,14079,147,100,4,0,0
2494,1,0,256,0,12,0,0,4,0,0,0,10,2403,24374,3050,100,1,0,0
2494,18,15,1280,0,691,4,4,5,1,1,-70,0,1195,11307,153,100,3,0,0
2494,2,1,512,0,675,8,1,6,1,1,-88,8,3412,22297,166,100,3,0,0
2494,11,7,1024,0,729,5,9,7,1,1,-52,1,994,12823,158,100,2,0,0
2494,15,10,1024,0,689,4,9,7,1,1,-70,4,1590,11674,154,100,1,0,0
2495,10,2,768,0,674,4,282,7,1,1,-95,6,3344,24022,155,100,6,1,3
2496,8,4,768,10,720,7,9,7,1,2,-52,3,1043,12077,162,100,1,0,0
2497,12,8,1024,0,713,6,302,7,1,1,-52,1,1008,12024,148,100,4,1,3
2497,13,8,1024,0,724,4,290,7,1,1,-70,0,738,8486,140,100,4,1,3
2497,21,20,1536,10,728,4,6,5,1,1,-52,0,788,8626,143,100,2,0,0
2498,15,10,1024,10,691,4,9,7,1,1,-70,4,1063,9999,154,100,1,0,0
2499,4,1,512,0,703,8,3,7,1,1,-66,8,3897,29742,166,100,3,0,0
2499,14,10,1024,10,720,4,4,7,1,1,-52,0,550,7075,155,100,2,0,0
2499,10,2,768,0,674,4,283,7,1,1,-95,6,1077,8947,155,100,2,1,3
2499,11,7,1024,0,733,5,9,7,1,1,-52,1,826,8836,159,100,2,0,0
2501,5,1,512,0,708,8,1,6,1,1,-94,0,507,9260,166,100,3,0,0
2498,19,15,1280,0,560,5,4,7,1,1,-52,0,516,7653,152,100,2,0,0
2501,9,4,768,0,749,5,282,7,1,1,-70,0,742,14140,161,100,7,1,3
2499,6,2,768,0,660,5,284,7,1,2,-52,0,574,7061,141,100,4,1,3
2498,20,15,1280,0,681,5,5,7,1,1,-70,1,1030,10739,148,100,2,0,0
2503,1,0,256,0,12,0,0,4,0,0,0,10,2022,20506,3062,100,2,0,0
2502,17,12,1280,0,722,5,5,7,1,1,-70,0,984,9849,149,100,4,0,0
2502,7,4,768,10,729,7,9,7,1,2,-70,2,1977,18072,162,100,3,0,0
2499,18,15,1280,0,693,4,4,5,1,1,-70,0,399,5131,153,100,1,0,0
2502,13,8,1024,0,725,4,293,7,1,1,-70,0,472,5353,140,100,5,1,3
2503,12,8,1024,0,716,6,304,7,1,1,-52,1,1039,9179,149,100,4,1,3
2503,14,10,1024,10,722,4,4,7,1,1,-52,0,471,4003,155,100,2,0,0
2504,3,1,512,0,676,8,3,7,1,2,-64,0,818,13425,163,100,3,0,0
2503,8,4,768,0,722,7,9,7,1,2,-52,3,1686,14054,162,100,3,0,0
2504,11,7,1024,0,734,5,9,7,1,1,-52,1,646,7354,159,100,2,0,0
2504,21,20,1536,10,733,4,6,5,1,1,-52,0,937,7586,144,100,3,0,0
2504,16,11,1280,0,671,5,18,7,1,1,-70,0,1077,12190,119,100,4,0,0
2506,5,1,512,0,708,8,1,6,1,1,-94,0,334,5922,167,100,1,0,0
2504,18,15,1280,10,696,4,4,5,1,1,-70,0,633,5571,154,100,2,0,0
2505,9,4,768,10,753,5,283,7,1,1,-70,0,713,5936,162,100,3,1,3
2506,2,1,512,10,681,8,1,6,1,1,-88,8,4424,27676,167,100,5,0,0
2505,10,2,768,20,677,4,284,7,1,1,-95,6,2264,14323,156,100,4,1,3
2506,4,1,512,0,706,8,3,7,1,1,-66,8,3269,20611,166,100,3,0,0
2504,20,15,1280,0,682,5,5,7,1,1,-70,1,834,8445,148,100,2,0,0
2508,1,0,256,0,12,0,0,4,0,0,0,10,1471,13980,3070,100,1,0,0
2507,17,12,1280,0,724,5,5,7,1,1,-70,0,550,5454,150,100,2,0,0
2508,7,4,768,10,732,7,9,7,1,2,-70,2,1080,10155,162,100,2,0,0
2508,19,15,1280,0,562,5,4,7,1,1,-52,0,725,10516,153,100,2,0,0
2509,15,10,1024,0,697,4,9,7,1,1,-70,4,3073,24923,155,100,4,0,0
2509,21,20,1536,0,734,4,6,5,1,1,-52,0,323,4291,144,100,1,0,0
2509,11,7,1024,10,737,5,9,7,1,1,-52,1,891,9093,159,100,3,0,0
2510,13,8,1024,10,728,4,294,7,1,1,-70,0,727,7330,140,100,4,1,3
2510,14,10,1024,10,726,4,4,7,1,1,-52,0,789,7937,156,100,2,0,0
2509,16,11,1280,10,675,5,18,7,1,1,-70,0,574,5293,119,100,3,0,0
2512,6,2,768,0,663,5,287,7,1,2,-52,0,1006,11180,142,100,7,1,3
2513,4,1,512,0,709,8,3,7,1,1,-66,8,2321,16404,167,100,3,0,0
2513,1,0,256,0,12,0,0,4,0,0,0,10,1169,12937,3076,100,1,0,0
2514,12,8,1024,0,723,6,307,7,1,1,-52,1,1743,15636,149,100,8,1,3
2515,3,1,512,0,680,8,3,7,1,2,-64,0,944,13619,164,100,4,0,0
2514,10,2,768,0,681,4,286,7,1,1,-95,6,2336,18573,156,100,5,1,3
2514,8,4,768,0,726,7,9,7,1,2,-52,3,2135,23053,163,100,5,0,0
2516,5,1,512,0,714,8,1,6,1,1,-94,0,1052,12596,167,100,5,0,0
2514,20,15,1280,0,685,5,5,7,1,1,-70,1,1083,13317,149,100,2,0,0
2514,13,8,1024,0,731,4,296,7,1,1,-70,0,709,5935,141,100,5,1,3
2515,19,15,1280,10,564,5,4,7,1,1,-52,0,450,6578,154,100,1,0,0
2515,9,4,768,0,756,5,285,7,1,1,-70,0,903,13978,162,100,6,1,3
2516,18,15,1280,0,700,4,4,5,1,1,-70,0,969,11066,154,100,5,0,0
2518,2,1,512,0,684,8,1,6,1,1,-88,8,3554,25724,168,100,3,0,0
2516,7,4,768,10,735,7,9,7,1,2,-70,2,1636,15821,162,100,3,0,0
2518,6,2,768,0,666,5,288,7,1,2,-52,0,680,6529,143,100,4,1,3
2519,10,2,768,0,683,4,288,7,1,1,-95,6,1286,10042,157,100,4,1,3
2518,17,12,1280,0,729,5,5,7,1,1,-70,0,978,11741,150,100,4,0,0
2519,21,20,1536,0,741,4,6,5,1,1,-52,0,1192,10852,144,100,4,0,0
2519,4,1,512,0,712,8,3,7,1,1,-66,8,2540,18370,167,100,2,0,0
2519,15,10,1024,10,700,4,9,7,1,1,-70,4,2418,24366,155,100,4,0,0
2519,16,11,1280,0,681,5,18,7,1,1,-70,0,1226,10554,120,100,4,0,0
2520,5,1,512,0,714,8,1,6,1,1,-94,0,263,5967,168,100,0,0,0
2520,20,15,1280,0,687,5,5,7,1,1,-70,1,977,7423,149,100,4,0,0
2520,19,15,1280,0,565,5,4,7,1,1,-52,0,477,4957,154,100,1,0,0
2521,14,10,1024,0,729,4,4,7,1,1,-52,0,765,9969,156,100,4,0,0
2522,3,1,512,0,681,8,3,7,1,2,-64,0,488,8826,164,100,2,0,0
2520,11,7,1024,0,744,5,9,7,1,1,-52,1,1934,19652,160,100,4,0,0
2521,7,4,768,0,737,7,9,7,1,2,-70,2,906,7870,163,100,1,0,0
2523,1,0,256,0,12,0,0,4,0,0,0,10,2440,24031,3090,100,2,0,0
2523,18,15,1280,0,702,4,4,5,1,1,-70,0,575,6915,155,100,2,0,0
2522,8,4,768,0,731,7,9,7,1,2,-52,3,1643,16001,163,100,2,0,0
2523,17,12,1280,0,731,5,5,7,1,1,-70,0,521,4755,151,100,3,0,0
2524,21,20,1536,0,742,4,6,5,1,1,-52,0,427,5128,145,100,1,0,0
2524,13,8,1024,0,735,4,298,7,1,1,-70,0,807,9312,141,100,5,1,3
2526,2,1,512,0,686,8,1,6,1,1,-88,8,2627,17877,168,100,2,0,0
2526,6,2,768,10,667,5,290,7,1,2,-52,0,403,6915,143,100,2,1,3
2526,3,1,512,20,683,8,3,7,1,2,-64,0,338,5214,165,100,1,0,0
2525,12,8,1024,10,726,6,310,7,1,1,-52,1,1453,14951,150,100,7,1,3
2525,9,4,768,0,761,5,288,7,1,1,-70,0,1122,12381,163,100,7,1,3
2528,10,2,768,10,686,4,291,7,1,1,-95,6,2652,18904,157,100,6,1,3
2527,8,4,768,10,735,7,9,7,1,2,-52,3,1407,11537,164,100,3,0,0
2531,5,1,512,0,717,8,1,6,1,1,-94,0,737,12082,168,100,4,0,0
2529,15,10,1024,30,704,4,9,7,1,1,-70,4,2268,23395,156,100,2,0,0
2529,20,15,1280,10,691,5,5,7,1,1,-70,1,1167,12008,150,100,2,0,0
2531,1,0,256,0,12,0,0,4,0,0,0,10,1757,18946,3098,100,1,0,0
2530,14,10,1024,0,733,4,4,7,1,1,-52,0,879,8526,157,100,4,0,0
2531,4,1,512,0,718,8,3,7,1,1,-66,8,3955,30115,168,100,3,0,0
2530,16,11,1280,0,685,5,18,7,1,1,-70,0,874,11464,120,100,4,0,0
2531,21,20,1536,10,746,4,6,5,1,1,-52,0,702,6258,145,100,3,0,0
2532,12,8,1024,0,727,6,312,7,1,1,-52,1,639,8756,151,100,4,1,3
2532,2,1,512,30,690,8,1,6,1,1,-88,8,2546,17117,169,100,3,0,0
2532,19,15,1280,0,569,5,4,7,1,1,-52,0,939,11835,155,100,2,0,0
2532,11,7,1024,10,750,5,9,7,1,1,-52,1,1554,17388,161,100,4,0,0
2533,18,15,1280,0,706,4,4,5,1,1,-70,0,853,9268,155,100,3,0,0
2532,7,4,768,0,743,7,9,7,1,2,-70,2,1950,19643,164,100,4,0,0
2533,9,4,768,0,763,5,289,7,1,1,-70,0,631,9566,164,100,3,1,3
2533,13,8,1024,0,736,4,300,7,1,1,-70,0,645,8720,142,100,5,1,3
2533,8,4,768,10,737,7,9,7,1,2,-52,3,1045,11388,164,100,2,0,0
2535,10,2,768,0,687,4,292,7,1,1,-95,6,2225,16220,158,100,4,1,3
2536,1,0,256,0,12,0,0,4,0,0,0,10,1396,13152,3108,100,1,0,0
2536,21,20,1536,0,747,4,6,5,1,1,-52,0,450,5174,146,100,1,0,0
2534,16,11,1280,0,686,5,18,7,1,1,-70,0,421,4304,121,100,2,0,0
2536,3,1,512,10,689,8,3,7,1,2,-64,0,1166,13809,165,100,4,0,0
2536,6,2,768,0,670,5,292,7,1,2,-52,0,987,10726,144,100,7,1,3
2536,11,7,1024,0,752,5,9,7,1,1,-52,1,748,6954,161,100,2,0,0
2537,15,10,1024,10,706,4,9,7,1,1,-70,4,2365,18495,157,100,4,0,0
2535,17,12,1280,0,735,5,5,7,1,1,-70,0,871,11225,151,100,4,0,0
2537,14,10,1024,0,735,4,4,7,1,1,-52,0,518,7348,157,100,2,0,0
2537,19,15,1280,0,570,5,4,7,1,1,-52,0,394,5401,155,100,1,0,0
2539,2,1,512,20,693,8,1,6,1,1,-88,8,2404,14256,169,100,3,0,0
2537,18,15,1280,0,710,4,4,5,1,1,-70,0,643,5187,156,100,1,0,0
2538,7,4,768,0,745,7,9,7,1,2,-70,2,970,10382,164,100,2,0,0
2540,10,2,768,0,689,4,293,7,1,1,-95,6,1741,10695,158,100,3,1,3
2540,20,15,1280,0,696,5,5,7,1,1,-70,1,1551,14335,150,100,4,0,0
2541,4,1,512,10,720,8,3,7,1,1,-66,8,4074,25033,169,100,3,0,0
2542,3,1,512,0,689,8,3,7,1,2,-64,0,361,5993,166,100,1,0,0
2539,16,11,1280,20,688,5,18,7,1,1,-70,0,370,4571,121,100,1,0,0
2542,5,1,512,0,719,8,1,6,1,1,-94,0,796,13785,169,100,3,0,0
2541,19,15,1280,0,571,5,4,7,1,1,-52,0,369,4031,155,100,1,0,0
2540,12,8,1024,0,729,6,314,7,1,1,-52,1,1088,11633,151,100,5,1,3
2542,11,7,1024,0,754,5,9,7,1,1,-52,1,873,9896,162,100,2,0,0
2544,6,2,768,0,670,5,294,7,1,2,-52,0,366,6959,144,100,3,1,3
2543,15,10,1024,10,707,4,9,7,1,1,-70,4,1550,15094,157,100,2,0,0
2543,8,4,768,10,740,7,9,7,1,2,-52,3,1848,20277,165,100,3,0,0
2543,10,2,768,10,690,4,295,7,1,1,-95,6,869,8384,158,100,3,1,3
2543,13,8,1024,0,739,4,302,7,1,1,-70,0,835,9613,143,100,5,1,3
2543,17,12,1280,0,738,5,5,7,1,1,-70,0,779,8692,152,100,3,0,0
2544,14,10,1024,0,738,4,4,7,1,1,-52,0,657,6842,158,100,2,0,0
2544,9,4,768,0,769,5,292,7,1,1,-70,0,1144,14293,164,100,7,1,3
2543,16,11,1280,10,690,5,18,7,1,1,-70,0,399,4950,121,100,1,0,0
2546,2,1,512,10,695,8,1,6,1,1,-88,8,2383,16798,170,100,1,0,0
2547,1,0,256,0,12,0,0,4,0,0,0,10,2679,26919,3122,100,2,0,0
2547,20,15,1280,0,699,5,5,7,1,1,-70,1,743,8907,151,100,2,0,0
2547,21,20,1536,0,749,4,6,5,1,1,-52,0,633,9524,146,100,4,0,0
2547,18,15,1280,0,716,4,4,5,1,1,-70,0,966,10114,156,100,2,0,0
2548,3,1,512,0,689,8,3,7,1,2,-64,0,283,8795,166,100,1,0,0
2547,10,2,768,0,691,4,295,7,1,1,-95,6,1428,9213,159,100,2,1,3
2548,4,1,512,0,722,8,3,7,1,1,-66,8,2960,21372,169,100,3,0,0
2548,15,10,1024,10,709,4,9,7,1,1,-70,4,1338,11050,157,100,2,0,0
2549,19,15,1280,0,574,5,4,7,1,1,-52,0,687,8749,156,100,1,0,0
2550,14,10,1024,0,741,4,4,7,1,1,-52,0,601,6077,158,100,2,0,0
2549,6,2,768,0,673,5,296,7,1,2,-52,0,809,7036,145,100,5,1,3
2551,7,4,768,0,749,7,9,7,1,2,-70,2,1984,19433,165,100,5,0,0
2551,20,15,1280,10,701,5,5,7,1,1,-70,1,781,6868,151,100,1,0,0
2552,13,8,1024,0,744,4,304,7,1,1,-70,0,896,8264,143,100,4,1,3
2553,1,0,256,0,12,0,0,4,0,0,0,10,1254,13077,3128,100,1,0,0
2551,16,11,1280,10,693,5,18,7,1,1,-70,0,863,7548,122,100,3,0,0
2553,5,1,512,0,725,8,1,6,1,1,-94,0,1158,14893,170,100,4,0,0
2552,12,8,1024,0,734,6,317,7,1,1,-52,1,1649,16851,152,100,7,1,3
2553,10,2,768,0,692,4,297,7,1,1,-95,6,1781,12207,159,100,3,1,3
2553,8,4,768,0,744,7,9,7,1,2,-52,3,2022,17837,165,100,4,0,0
2553,9,4,768,0,772,5,295,7,1,1,-70,0,915,11337,165,100,6,1,3
2555,4,1,512,20,724,8,3,7,1,1,-66,8,1908,15723,170,100,2,0,0
2553,11,7,1024,0,758,5,9,7,1,1,-52,1,1499,18749,162,100,4,0,0
2555,15,10,1024,0,711,4,9,7,1,1,-70,4,1694,16927,158,100,2,0,0
2556,17,12,1280,0,743,5,5,7,1,1,-70,0,1034,11600,153,100,4,0,0
2557,2,1,512,30,700,8,1,6,1,1,-88,8,3716,24145,170,100,4,0,0
2556,13,8,1024,0,746,4,305,7,1,1,-70,0,579,4879,144,100,3,1,3
2555,14,10,1024,0,743,4,4,7,1,1,-52,0,550,5237,159,100,2,0,0
2558,3,1,512,0,694,8,3,7,1,2,-64,0,1026,12079,167,100,4,0,0
2556,21,20,1536,0,755,4,6,5,1,1,-52,0,1117,9641,147,100,4,0,0
2557,18,15,1280,0,721,4,4,5,1,1,-70,0,1118,9369,157,100,3,0,0
2558,7,4,768,0,751,7,9,7,1,2,-70,2,1147,12061,165,100,2,0,0
2557,16,11,1280,10,694,5,18,7,1,1,-70,0,389,5982,122,100,2,0,0
2559,8,4,768,0,745,7,9,7,1,2,-52,3,1182,12179,166,100,2,0,0
2558,6,2,768,0,676,5,298,7,1,2,-52,0,704,8605,145,100,4,1,3
2559,12,8,1024,0,740,6,319,7,1,1,-52,1,1272,10122,153,100,5,1,3
2561,1,0,256,0,12,0,0,4,0,0,0,10,1994,19674,3138,100,2,0,0
2560,10,2,768,0,695,4,298,7,1,1,-95,6,1684,14461,159,100,4,1,3
2561,21,20,1536,0,759,4,6,5,1,1,-52,0,685,4765,147,100,2,0,0
2562,9,4,768,0,777,5,297,7,1,1,-70,0,895,10678,165,100,4,1,3
2561,15,10,1024,0,714,4,9,7,1,1,-70,4,1733,14037,158,100,2,0,0
2561,19,15,1280,0,580,5,4,7,1,1,-52,0,1153,12274,157,100,2,0,0
2561,11,7,1024,0,760,5,9,7,1,1,-52,1,841,11107,163,100,3,0,0
2561,14,10,1024,0,745,4,4,7,1,1,-52,0,591,5885,159,100,3,0,0
2564,5,1,512,0,731,8,1,6,1,1,-94,0,1107,13287,171,100,4,0,0
2561,20,15,1280,10,706,5,5,7,1,1,-70,1,1661,13472,152,100,3,0,0
2562,13,8,1024,0,750,4,307,7,1,1,-70,0,765,6365,144,100,4,1,3
2564,3,1,512,0,696,8,3,7,1,2,-64,0,493,8487,167,100,2,0,0
2563,6,2,768,0,679,5,299,7,1,2,-52,0,660,5353,146,100,3,1,3
2565,17,12,1280,0,748,5,5,7,1,1,-70,0,841,8545,153,100,2,0,0
2566,4,1,512,0,728,8,3,7,1,1,-66,8,4190,27782,170,100,3,0,0
2563,16,11,1280,0,696,5,18,7,1,1,-70,0,576,6790,123,100,2,0,0
2565,12,8,1024,10,743,6,321,7,1,1,-52,1,982,9165,153,100,4,1,3
2567,2,1,512,10,706,8,1,6,1,1,-88,8,3950,23434,171,100,4,0,0
2567,9,4,768,0,780,5,298,7,1,1,-70,0,690,6720,166,100,3,1,3
2567,21,20,1536,10,762,4,6,5,1,1,-52,0,657,6295,148,100,2,0,0
2567,10,2,768,10,698,4,300,7,1,1,-95,6,2433,16714,160,100,4,1,3
2567,11,7,1024,0,762,5,9,7,1,1,-52,1,975,10318,163,100,3,0,0
2569,3,1,512,10,700,8,3,7,1,2,-64,0,681,5510,167,100,2,0,0
2568,15,10,1024,10,718,4,9,7,1,1,-70,4,1867,16622,159,100,2,0,0
2570,1,0,256,0,12,0,0,4,0,0,0,10,2489,22649,3153,100,1,0,0
2568,18,15,1280,0,726,4,4,5,1,1,-70,0,1011,10929,158,100,4,0,0
2569,7,4,768,0,758,7,9,7,1,2,-70,2,2161,19326,166,100,4,0,0
2570,20,15,1280,0,709,5,5,7,1,1,-70,1,1124,12337,152,100,2,0,0
2570,8,4,768,10,749,7,9,7,1,2,-52,3,2270,22218,167,100,4,0,0
2569,6,2,768,0,682,5,301,7,1,2,-52,0,656,6194,146,100,4,1,3
2569,16,11,1280,0,697,5,18,7,1,1,-70,0,388,5881,123,100,2,0,0
2571,17,12,1280,0,751,5,5,7,1,1,-70,0,651,6088,154,100,3,0,0
2572,15,10,1024,0,721,4,9,7,1,1,-70,4,1172,9532,159,100,2,0,0
2573,5,1,512,0,735,8,1,6,1,1,-94,0,874,11348,171,100,4,0,0
2572,13,8,1024,0,755,4,309,7,1,1,-70,0,1067,10205,145,100,6,1,3
2573,12,8,1024,0,746,6,322,7,1,1,-52,1,1116,9724,153,100,4,1,3
2572,14,10,1024,10,749,4,4,7,1,1,-52,0,903,10907,160,100,4,0,0
2573,19,15,1280,10,582,5,4,7,1,1,-52,0,671,11024,158,100,2,0,0
2575,4,1,512,0,733,8,3,7,1,1,-66,8,3748,24954,171,100,4,0,0
2574,9,4,768,0,783,5,300,7,1,1,-70,0,749,9372,166,100,4,1,3
2576,3,1,512,0,702,8,3,7,1,2,-64,0,591,8460,168,100,2,0,0
2575,20,15,1280,0,712,5,5,7,1,1,-70,1,896,7590,153,100,3,0,0
2576,8,4,768,10,752,7,9,7,1,2,-52,3,1566,13268,167,100,1,0,0
2578,2,1,512,30,712,8,1,6,1,1,-88,8,3721,25268,172,100,3,0,0
2576,17,12,1280,0,753,5,5,7,1,1,-70,0,501,5360,154,100,1,0,0
2578,1,0,256,0,12,0,0,4,0,0,0,10,2192,21629,3164,100,2,0,0
2575,6,2,768,0,685,5,303,7,1,2,-52,0,712,6112,147,100,4,1,3
2576,10,2,768,10,702,4,302,7,1,1,-95,6,2757,20025,161,100,6,1,3
2576,21,20,1536,0,766,4,6,5,1,1,-52,0,854,9425,148,100,3,0,0
2577,13,8,1024,0,756,4,310,7,1,1,-70,0,394,4438,145,100,3,1,3
2576,14,10,1024,0,750,4,4,7,1,1,-52,0,298,4423,160,100,0,0,0
2580,4,1,512,10,737,8,3,7,1,1,-66,8,2093,12674,171,100,2,0,0
2577,15,10,1024,0,722,4,9,7,1,1,-70,4,1404,14054,159,100,2,0,0
2577,11,7,1024,0,768,5,9,7,1,1,-52,1,1524,16221,164,100,3,0,0
2578,18,15,1280,10,732,4,4,5,1,1,-70,0,1087,11556,159,100,4,0,0
2577,16,11,1280,0,702,5,18,7,1,1,-70,0,896,8671,124,100,2,0,0
2580,7,4,768,0,762,7,9,7,1,2,-70,2,1945,19337,167,100,4,0,0
2579,19,15,1280,0,584,5,4,7,1,1,-52,0,679,7809,158,100,2,0,0
2582,5,1,512,10,738,8,1,6,1,1,-94,0,789,11405,172,100,4,0,0
2580,21,20,1536,0,768,4,6,5,1,1,-52,0,526,4199,149,100,2,0,0
2583,1,0,256,0,12,0,0,4,0,0,0,10,1338,11798,3170,100,1,0,0
2581,14,10,1024,0,752,4,4,7,1,1,-52,0,470,4584,160,100,2,0,0
2583,13,8,1024,0,756,4,311,7,1,1,-70,0,315,5569,145,100,2,1,3
2582,6,2,768,0,688,5,305,7,1,2,-52,0,783,7077,147,100,4,1,3
2585,3,1,512,0,708,8,3,7,1,2,-64,0,1115,12207,169,100,3,0,0
2583,15,10,1024,0,726,4,9,7,1,1,-70,4,1784,14460,160,100,2,0,0
2582,20,15,1280,0,716,5,5,7,1,1,-70,1,1296,11302,153,100,3,0,0
2584,12,8,1024,0,750,6,325,7,1,1,-52,1,1546,15199,154,100,6,1,3
2585,9,4,768,0,788,5,302,7,1,1,-70,0,1121,13241,167,100,7,1,3
2582,21,20,1536,0,770,4,6,5,1,1,-52,0,397,4463,149,100,1,0,0
2587,2,1,512,10,714,8,1,6,1,1,-88,8,3415,21156,172,100,2,0,0
2586,8,4,768,0,754,7,9,7,1,2,-52,3,1866,18910,168,100,4,0,0
2584,18,15,1280,0,733,4,4,5,1,1,-70,0,452,6516,159,100,1,0,0
2587,4,1,512,0,739,8,3,7,1,1,-66,8,2589,19725,172,100,2,0,0
2587,7,4,768,0,763,7,9,7,1,2,-70,2,705,9903,167,100,2,0,0
2587,10,2,768,10,706,4,304,7,1,1,-95,6,3460,23194,161,100,6,1,3
2586,17,12,1280,10,759,5,5,7,1,1,-70,0,1117,11102,155,100,4,0,0
2588,11,7,1024,0,772,5,9,7,1,1,-52,1,1363,17447,165,100,4,0,0
2588,12,8,1024,0,751,6,326,7,1,1,-52,1,608,5685,154,100,3,1,3
2589,13,8,1024,0,760,4,313,7,1,1,-70,0,821,6486,146,100,4,1,3
2588,19,15,1280,0,586,5,4,7,1,1,-52,0,580,8883,159,100,1,0,0
2591,1,0,256,0,12,0,0,4,0,0,0,10,1685,19687,3179,100,1,0,0
2589,16,11,1280,0,708,5,18,7,1,1,-70,0,1233,12032,125,100,6,0,0
2590,14,10,1024,0,754,4,4,7,1,1,-52,0,695,9472,161,100,3,0,0
2591,7,4,768,0,764,7,9,7,1,2,-70,2,828,7868,167,100,1,0,0
2593,5,1,512,0,744,8,1,6,1,1,-94,0,1084,13919,172,100,4,0,0
2592,10,2,768,0,708,4,305,7,1,1,-95,6,1278,10555,162,100,3,1,3
2594,4,1,512,0,741,8,3,7,1,1,-66,8,2492,16925,172,100,2,0,0
2591,21,20,1536,0,772,4,6,5,1,1,-52,0,615,7631,149,100,3,0,0
2594,9,4,768,0,792,5,303,7,1,1,-70,0,863,11553,168,100,4,1,3
2594,11,7,1024,0,774,5,9,7,1,1,-52,1,824,9568,165,100,3,0,0
2594,18,15,1280,10,735,4,4,5,1,1,-70,0,665,8458,160,100,4,0,0
2593,17,12,1280,0,764,5,5,7,1,1,-70,0,933,7860,155,100,4,0,0
2593,6,2,768,0,693,5,308,7,1,2,-52,0,1094,11266,148,100,7,1,3
2596,2,1,512,0,716,8,1,6,1,1,-88,8,2830,20405,173,100,3,0,0
2594,15,10,1024,0,731,4,9,7,1,1,-70,4,2952,26033,160,100,4,0,0
2596,3,1,512,0,714,8,3,7,1,2,-64,0,1148,14747,169,100,5,0,0
2595,20,15,1280,0,721,5,5,7,1,1,-70,1,1633,15938,154,100,4,0,0
2598,8,4,768,0,759,7,9,7,1,2,-52,3,2079,23387,168,100,3,0,0
2597,19,15,1280,0,592,5,4,7,1,1,-52,0,1049,9233,159,100,2,0,0
2599,5,1,512,0,747,8,1,6,1,1,-94,0,681,7994,173,100,1,0,0
2598,13,8,1024,10,763,4,315,7,1,1,-70,0,779,8830,146,100,5,1,3
2599,7,4,768,0,767,7,9,7,1,2,-70,2,1063,12166,168,100,4,0,0
2600,4,1,512,30,744,8,3,7,1,1,-66,8,2459,17166,173,100,3,0,0
2600,10,2,768,0,710,4,308,7,1,1,-95,6,2182,15961,162,100,4,1,3
2601,1,0,256,0,12,0,0,4,0,0,0,10,2664,24387,3194,100,2,0,0
2599,15,10,1024,10,733,4,9,7,1,1,-70,4,1191,11121,161,100,1,0,0
2599,12,8,1024,0,752,6,329,7,1,1,-52,1,1200,14366,155,100,6,1,3
2599,14,10,1024,0,757,4,4,7,1,1,-52,0,778,8414,162,100,3,0,0
2599,17,12,1280,0,766,5,5,7,1,1,-70,0,556,6180,156,100,1,0,0
2600,9,4,768,0,793,5,305,7,1,1,-70,0,449,8053,168,100,3,1,3
2601,18,15,1280,0,737,4,4,5,1,1,-70,0,418,6784,160,100,1,0,0
2600,16,11,1280,0,712,5,18,7,1,1,-70,0,753,10695,125,100,3,0,0
2602,13,8,1024,0,764,4,316,7,1,1,-70,0,473,4684,147,100,3,1,3
2602,11,7,1024,0,775,5,9,7,1,1,-52,1,915,13638,166,100,3,0,0
2601,21,20,1536,0,777,4,6,5,1,1,-52,0,889,8678,150,100,3,0,0
2603,6,2,768,10,694,5,311,7,1,2,-52,0,496,8049,148,100,5,1,3
2604,3,1,512,0,716,8,3,7,1,2,-64,0,592,9552,170,100,2,0,0
2605,1,0,256,0,12,0,0,4,0,0,0,10,984,10093,3198,100,1,0,0
2603,19,15,1280,0,595,5,4,7,1,1,-52,0,664,6674,160,100,1,0,0
2605,5,1,512,0,749,8,1,6,1,1,-94,0,491,7668,173,100,2,0,0
2605,12,8,1024,0,755,6,330,7,1,1,-52,1,1010,9041,156,100,3,1,3
2607,2,1,512,0,724,8,1,6,1,1,-88,8,3788,24532,173,100,5,0,0
2606,8,4,768,0,762,7,9,7,1,2,-52,3,2232,18285,169,100,4,0,0
2606,20,15,1280,0,725,5,5,7,1,1,-70,1,1346,13906,155,100,3,0,0
2607,6,2,768,0,698,5,313,7,1,2,-52,0,820,5254,149,100,4,1,3
2606,21,20,1536,0,780,4,6,5,1,1,-52,0,601,5506,150,100,2,0,0
2608,10,2,768,0,714,4,310,7,1,1,-95,6,2580,18960,163,100,5,1,3
2610,4,1,512,20,749,8,3,7,1,1,-66,8,3359,25108,173,100,3,0,0
2608,19,15,1280,0,596,5,4,7,1,1,-52,0,393,5220,160,100,1,0,0
2609,7,4,768,0,771,7,9,7,1,2,-70,2,1554,17658,169,100,3,0,0
2609,15,10,1024,0,738,4,9,7,1,1,-70,4,2833,23702,161,100,4,0,0
2610,8,4,768,0,764,7,9,7,1,2,-52,3,637,7953,169,100,2,0,0
2611,3,1,512,0,721,8,3,7,1,2,-64,0,933,9781,170,100,3,0,0
2612,2,1,512,10,726,8,1,6,1,1,-88,8,2305,13738,174,100,1,0,0
2611,9,4,768,10,800,5,308,7,1,1,-70,0,1335,13752,169,100,7,1,3
2610,14,10,1024,10,762,4,4,7,1,1,-52,0,1082,11905,162,100,4,0,0
2611,17,12,1280,0,771,5,5,7,1,1,-70,0,978,11592,156,100,4,0,0
2612,16,11,1280,0,716,5,18,7,1,1,-70,0,935,10860,126,100,3,0,0
2613,1,0,256,0,12,0,0,4,0,0,0,10,2007,20294,3208,100,1,0,0
2614,10,2,768,0,718,4,311,7,1,1,-95,6,1961,11967,163,100,3,1,3
2613,11,7,1024,0,779,5,10,7,1,1,-52,1,1354,16610,166,100,4,0,0
2612,21,20,1536,10,784,4,6,5,1,1,-52,0,657,6206,151,100,2,0,0
2614,13,8,1024,10,769,4,318,7,1,1,-70,0,904,10694,148,100,6,1,3
2615,5,1,512,0,753,8,1,6,1,1,-94,0,919,12097,174,100,4,0,0
2613,18,15,1280,0,741,4,4,5,1,1,-70,0,927,11634,161,100,4,0,0
2616,4,1,512,10,751,8,3,7,1,1,-66,8,2621,16259,174,100,3,0,0
2612,20,15,1280,0,727,5,5,7,1,1,-70,1,1119,10624,155,100,2,0,0
2615,12,8,1024,10,760,6,333,7,1,1,-52,1,1431,14184,156,100,6,1,3
2613,19,15,1280,0,598,5,4,7,1,1,-52,0,500,6283,160,100,1,0,0
2617,3,1,512,0,722,8,3,7,1,2,-64,0,459,7620,171,100,2,0,0
2617,9,4,768,0,802,5,309,7,1,1,-70,0,645,8095,169,100,4,1,3
2617,6,2,768,0,702,5,314,7,1,2,-52,0,880,9808,149,100,4,1,3
2616,14,10,1024,0,767,4,4,7,1,1,-52,0,875,6659,163,100,2,0,0
2617,16,11,1280,0,717,5,18,7,1,1,-70,0,365,5165,126,100,2,0,0
2616,18,15,1280,0,742,4,4,5,1,1,-70,0,471,4232,161,100,2,0,0
2618,15,10,1024,0,743,4,9,7,1,1,-70,4,2618,22886,162,100,3,0,0
2617,20,15,1280,0,731,5,5,7,1,1,-70,1,934,7517,156,100,2,0,0
2620,7,4,768,0,778,7,9,7,1,2,-70,2,2172,18761,169,100,4,0,0
2621,2,1,512,10,732,8,1,6,1,1,-88,8,3449,21342,174,100,4,0,0
2620,18,15,1280,0,745,4,4,5,1,1,-70,0,577,4212,161,100,2,0,0
2622,8,4,768,10,768,7,9,7,1,2,-52,3,2266,23013,170,100,4,0,0
2622,11,7,1024,0,786,5,10,7,1,1,-52,1,1707,16324,167,100,4,0,0
2622,17,12,1280,0,775,5,5,7,1,1,-70,0,898,10088,157,100,5,0,0
2624,5,1,512,10,756,8,1,6,1,1,-94,0,670,10659,175,100,2,0,0
2625,1,0,256,0,12,0,0,4,0,0,0,10,2832,28587,3225,100,2,0,0
2624,15,10,1024,20,746,4,9,7,1,1,-70,4,1226,12340,163,100,2,0,0
2625,10,2,768,0,723,4,314,7,1,1,-95,6,3638,25189,164,100,7,1,3
2625,13,8,1024,0,776,4,321,7,1,1,-70,0,1335,11540,148,100,7,1,3
2625,12,8,1024,0,766,6,335,7,1,1,-52,1,1500,13451,157,100,6,1,3
2623,21,20,1536,0,788,4,6,5,1,1,-52,0,961,10639,151,100,3,0,0
2627,4,1,512,10,755,8,3,7,1,1,-66,8,3756,28522,174,100,3,0,0
2622,20,15,1280,10,733,5,5,7,1,1,-70,1,574,6113,156,100,2,0,0
2626,9,4,768,0,806,5,311,7,1,1,-70,0,871,10651,170,100,4,1,3
2627,3,1,512,0,726,8,3,7,1,2,-64,0,850,12452,171,100,3,0,0
2625,19,15,1280,0,598,5,4,7,1,1,-52,0,487,9629,161,100,2,0,0
2628,2,1,512,10,733,8,1,6,1,1,-88,8,2335,16335,175,100,1,0,0
2627,11,7,1024,0,787,5,10,7,1,1,-52,1,455,6950,167,100,1,0,0
2626,6,2,768,10,704,5,317,7,1,2,-52,0,647,8691,150,100,6,1,3
2628,16,11,1280,10,721,5,18,7,1,1,-70,0,910,10194,127,100,3,0,0
2629,15,10,1024,10,747,4,9,7,1,1,-70,4,1435,10731,163,100,2,0,0
2629,20,15,1280,0,735,5,5,7,1,1,-70,1,860,6391,156,100,1,0,0
2629,14,10,1024,0,770,4,4,7,1,1,-52,0,927,11471,164,100,4,0,0
2630,7,4,768,0,784,7,9,7,1,2,-70,2,1929,17428,170,100,4,0,0
2630,8,4,768,10,773,7,9,7,1,2,-52,3,1966,17655,171,100,3,0,0
2631,5,1,512,0,758,8,1,6,1,1,-94,0,642,8663,175,100,3,0,0
2631,10,2,768,0,724,4,316,7,1,1,-95,6,1994,13639,164,100,4,1,3
2630,13,8,1024,0,779,4,323,7,1,1,-70,0,716,5846,149,100,4,1,3
2631,11,7,1024,10,789,5,10,7,1,1,-52,1,740,7469,168,100,2,0,0
2631,17,12,1280,0,778,5,5,7,1,1,-70,0,803,9043,158,100,3,0,0
2631,6,2,768,0,706,5,318,7,1,2,-52,0,629,5518,150,100,3,1,3
2632,16,11,1280,0,722,5,18,7,1,1,-70,0,390,4576,127,100,2,0,0
2632,18,15,1280,0,749,4,4,5,1,1,-70,0,903,10223,162,100,4,0,0
2634,1,0,256,0,12,0,0,4,0,0,0,10,2483,23564,3237,100,2,0,0
2633,15,10,1024,0,750,4,9,7,1,1,-70,4,1336,10612,163,100,1,0,0
2633,20,15,1280,10,738,5,5,7,1,1,-70,1,718,5967,157,100,2,0,0
2635,4,1,512,0,760,8,3,7,1,1,-66,8,3362,21794,175,100,2,0,0
2632,21,20,1536,0,791,4,6,5,1,1,-52,0,803,8936,152,100,3,0,0
2634,19,15,1280,0,600,5,4,7,1,1,-52,0,580,8435,162,100,1,0,0
2634,13,8,1024,0,783,4,324,7,1,1,-70,0,713,5566,149,100,3,1,3
2636,12,8,1024,0,770,6,337,7,1,1,-52,1,1430,15378,158,100,6,1,3
2636,20,15,1280,0,740,5,5,7,1,1,-70,1,761,6303,157,100,2,0,0
2639,9,4,768,0,810,5,314,7,1,1,-70,0,1039,15131,171,100,7,1,3
2638,3,1,512,0,731,8,3,7,1,2,-64,0,1027,14154,172,100,4,0,0
2639,7,4,768,0,787,7,9,7,1,2,-70,2,1434,13544,171,100,3,0,0
2638,8,4,768,0,774,7,9,7,1,2,-52,3,1558,15505,171,100,3,0,0
2638,11,7,1024,10,791,5,10,7,1,1,-52,1,763,9362,168,100,2,0,0
2640,2,1,512,10,739,8,1,6,1,1,-88,8,4008,26015,176,100,4,0,0
2638,21,20,1536,10,794,4,6,5,1,1,-52,0,577,5357,152,100,2,0,0
2640,6,2,768,0,710,5,320,7,1,2,-52,0,837,8572,151,100,5,1,3
2642,5,1,512,0,763,8,1,6,1,1,-94,0,1026,13048,176,100,4,0,0
2641,10,2,768,0,729,4,318,7,1,1,-95,6,2975,21606,165,100,6,1,3
2640,18,15,1280,0,750,4,4,5,1,1,-70,0,492,8823,163,100,2,0,0
2641,14,10,1024,0,771,4,4,7,1,1,-52,0,557,11148,164,100,3,0,0
2643,11,7,1024,0,792,5,10,7,1,1,-52,1,537,6889,168,100,2,0,0
2641,15,10,1024,10,753,4,9,7,1,1,-70,4,2394,20455,164,100,4,0,0
2644,4,1,512,30,762,8,3,7,1,1,-66,8,2732,22022,176,100,3,0,0
2642,19,15,1280,0,601,5,4,7,1,1,-52,0,538,9279,162,100,2,0,0
2642,17,12,1280,0,780,5,5,7,1,1,-70,0,639,10256,158,100,3,0,0
2644,16,11,1280,0,724,5,18,7,1,1,-70,0,690,10398,128,100,4,0,0
2645,1,0,256,0,12,0,0,4,0,0,0,10,2667,27070,3251,100,2,0,0
2644,20,15,1280,0,744,5,5,7,1,1,-70,1,1120,10273,157,100,2,0,0
2644,12,8,1024,0,772,6,340,7,1,1,-52,1,1118,11113,158,100,6,1,3
2646,10,2,768,0,732,4,320,7,1,1,-95,6,1819,11459,165,100,4,1,3
2647,2,1,512,20,744,8,1,6,1,1,-88,8,3162,17545,176,100,3,0,0
2645,13,8,1024,10,786,4,327,7,1,1,-70,0,881,10208,150,100,7,1,3
2646,15,10,1024,0,754,4,9,7,1,1,-70,4,920,10323,164,100,1,0,0
2647,3,1,512,0,734,8,3,7,1,2,-64,0,717,11186,173,100,3,0,0
2646,14,10,1024,0,775,4,4,7,1,1,-52,0,741,5451,165,100,2,0,0
2648,6,2,768,0,712,5,321,7,1,2,-52,0,545,7446,151,100,3,1,3
2648,9,4,768,0,811,5,317,7,1,1,-70,0,617,11308,171,100,6,1,3
2648,8,4,768,0,778,7,9,7,1,2,-52,3,1852,18861,172,100,4,0,0
2647,21,20,1536,10,798,4,6,5,1,1,-52,0,803,9279,153,100,3,0,0
2650,16,11,1280,0,727,5,18,7,1,1,-70,0,603,5982,128,100,2,0,0
2649,19,15,1280,0,603,5,4,7,1,1,-52,0,556,6735,163,100,1,0,0
2651,7,4,768,0,794,7,9,7,1,2,-70,2,2245,20384,171,100,5,0,0
2651,5,1,512,0,766,8,1,6,1,1,-94,0,642,10856,176,100,3,0,0
2651,2,1,512,10,746,8,1,6,1,1,-88,8,1582,9831,176,100,2,0,0
2651,11,7,1024,0,794,5,10,7,1,1,-52,1,1200,13085,169,100,4,0,0
2650,15,10,1024,0,758,4,9,7,1,1,-70,4,1369,9942,164,100,2,0,0
2652,4,1,512,10,765,8,3,7,1,1,-66,8,3096,21925,176,100,3,0,0
2650,17,12,1280,0,784,5,5,7,1,1,-70,0,807,8675,159,100,3,0,0
2650,18,15,1280,0,754,4,4,5,1,1,-70,0,847,9177,163,100,4,0,0
2653,3,1,512,0,736,8,3,7,1,2,-64,0,492,7414,173,100,2,0,0
2654,8,4,768,0,780,7,9,7,1,2,-52,3,1135,12688,172,100,1,0,0
2655,10,2,768,0,737,4,322,7,1,1,-95,6,2612,19827,166,100,4,1,3
2654,13,8,1024,0,792,4,329,7,1,1,-70,0,1126,9350,150,100,5,1,3
2654,20,15,1280,0,746,5,5,7,1,1,-70,1,1018,11817,158,100,4,0,0
2655,12,8,1024,10,780,6,343,7,1,1,-52,1,1849,14767,159,100,7,1,3
2657,9,4,768,0,814,5,319,7,1,1,-70,0,765,10939,172,100,4,1,3
2657,1,0,256,0,12,0,0,4,0,0,0,10,2867,28727,3268,100,2,0,0
2655,18,15,1280,0,756,4,4,5,1,1,-70,0,532,5299,164,100,1,0,0
2659,4,1,512,0,767,8,3,7,1,1,-66,8,2221,16806,177,100,2,0,0
2658,3,1,512,0,739,8,3,7,1,2,-64,0,671,6914,173,100,3,0,0
2657,21,20,1536,0,802,4,6,5,1,1,-52,0,920,9200,154,100,2,0,0
2658,6,2,768,0,717,5,324,7,1,2,-52,0,1135,10565,152,100,6,1,3
2659,7,4,768,0,798,7,9,7,1,2,-70,2,1332,14019,172,100,2,0,0
2659,11,7,1024,0,796,5,10,7,1,1,-52,1,781,12547,169,100,2,0,0
2659,5,1,512,0,772,8,1,6,1,1,-94,0,1110,11355,177,100,4,0,0
2657,14,10,1024,0,780,4,4,7,1,1,-52,0,1034,11082,166,100,4,0,0
2657,17,12,1280,0,787,5,5,7,1,1,-70,0,601,6194,159,100,2,0,0
2657,19,15,1280,10,607,5,4,7,1,1,-52,0,835,8527,163,100,2,0,0
2661,2,1,512,10,750,8,1,6,1,1,-88,8,3479,23906,177,100,4,0,0
2661,9,4,768,0,815,5,320,7,1,1,-70,0,391,5257,172,100,3,1,3
2660,15,10,1024,0,762,4,9,7,1,1,-70,4,2688,24481,165,100,3,0,0
2661,16,11,1280,10,731,5,18,7,1,1,-70,0,904,10729,129,100,4,0,0
2661,10,2,768,10,741,4,324,7,1,1,-95,6,2502,15453,166,100,5,1,3
2660,13,8,1024,0,797,4,330,7,1,1,-70,0,895,6920,151,100,4,1,3
2663,4,1,512,10,768,8,3,7,1,1,-66,8,1941,12740,177,100,2,0,0
2662,12,8,1024,0,782,6,344,7,1,1,-52,1,858,9283,159,100,3,1,3
2663,20,15,1280,0,751,5,5,7,1,1,-70,1,1393,12427,159,100,2,0,0
2664,7,4,768,0,800,7,9,7,1,2,-70,2,837,8233,172,100,2,0,0
2664,5,1,512,10,774,8,1,6,1,1,-94,0,475,5948,177,100,1,0,0
2663,21,20,1536,10,805,4,6,5,1,1,-52,0,591,6061,154,100,3,0,0
2665,11,7,1024,0,798,5,10,7,1,1,-52,1,685,9599,170,100,2,0,0
2665,3,1,512,0,741,8,3,7,1,2,-64,0,590,8537,174,100,2,0,0
2666,10,2,768,10,741,4,325,7,1,1,-95,6,944,8785,166,100,1,1,3
2666,9,4,768,10,817,5,320,7,1,1,-70,0,368,5395,172,100,1,1,3
2665,8,4,768,0,785,7,9,7,1,2,-52,3,2571,23583,173,100,4,0,0
2665,17,12,1280,0,790,5,5,7,1,1,-70,0,671,7766,160,100,3,0,0
2667,1,0,256,0,12,0,0,4,0,0,0,10,2313,23655,3279,100,2,0,0
2664,18,15,1280,0,763,4,4,5,1,1,-70,0,1168,9044,164,100,4,0,0
2664,19,15,1280,0,609,5,4,7,1,1,-52,0,581,7148,164,100,1,0,0
2667,6,2,768,0,721,5,326,7,1,2,-52,0,908,8049,152,100,7,1,3
2668,14,10,1024,0,786,4,4,7,1,1,-52,0,1063,9452,166,100,4,0,0
2668,18,15,1280,0,765,4,4,5,1,1,-70,0,374,4303,164,100,1,0,0
2670,2,1,512,10,753,8,1,6,1,1,-88,8,3072,21020,178,100,2,0,0
2670,12,8,1024,10,784,6,347,7,1,1,-52,1,1060,10467,160,100,6,1,3
2669,17,12,1280,0,793,5,5,7,1,1,-70,0,684,4673,160,100,2,0,0
2671,15,10,1024,0,765,4,9,7,1,1,-70,4,2589,23618,166,100,3,0,0
2671,6,2,768,0,721,5,326,7,1,2,-52,0,317,3795,153,100,1,1,3
2673,11,7,1024,10,801,5,10,7,1,1,-52,1,963,10876,170,100,2,0,0
2670,19,15,1280,0,612,5,4,7,1,1,-52,0,607,5934,164,100,1,0,0
2671,13,8,1024,10,802,4,333,7,1,1,-70,0,1039,10635,151,100,7,1,3
2672,16,11,1280,0,734,5,18,7,1,1,-70,0,829,11274,130,100,3,0,0
2672,20,15,1280,0,754,5,5,7,1,1,-70,1,1243,12359,159,100,4,0,0
2674,10,2,768,0,744,4,328,7,1,1,-95,6,2793,18099,167,100,7,1,3
2675,1,0,256,0,12,0,0,4,0,0,0,10,2037,19668,3292,100,1,0,0
2674,5,1,512,0,779,8,1,6,1,1,-94,0,955,13019,178,100,3,0,0
2674,4,1,512,0,771,8,3,7,1,1,-66,8,4405,31008,178,100,4,0,0
2674,8,4,768,0,792,7,9,7,1,2,-52,3,2229,19000,174,100,4,0,0
2675,2,1,512,0,755,8,1,6,1,1,-88,8,1844,11624,178,100,2,0,0
2674,9,4,768,0,822,5,322,7,1,1,-70,0,1271,12563,173,100,6,1,3
2675,7,4,768,0,806,7,9,7,1,2,-70,2,2127,19721,173,100,4,0,0
2674,21,20,1536,0,811,4,6,5,1,1,-52,0,1249,11301,155,100,4,0,0
2676,3,1,512,0,747,8,3,7,1,2,-64,0,1058,13507,174,100,4,0,0
2676,14,10,1024,0,790,4,4,7,1,1,-52,0,886,8578,167,100,3,0,0
2679,5,1,512,0,780,8,1,6,1,1,-94,0,367,5782,178,100,1,0,0
2678,17,12,1280,0,798,5,5,7,1,1,-70,0,895,8588,161,100,2,0,0
2677,18,15,1280,10,769,4,4,5,1,1,-70,0,885,8868,165,100,3,0,0
2679,7,4,768,0,807,7,9,7,1,2,-70,2,624,7470,173,100,2,0,0
2681,1,0,256,0,12,0,0,4,0,0,0,10,1284,14701,3298,100,1,0,0
2679,19,15,1280,10,615,5,4,7,1,1,-52,0,784,8850,165,100,2,0,0
2680,6,2,768,0,725,5,329,7,1,2,-52,0,954,10245,153,100,7,1,3
2682,16,11,1280,0,740,5,18,7,1,1,-70,0,1063,9718,130,100,4,0,0
2681,12,8,1024,0,788,6,351,7,1,1,-52,1,1730,15927,161,100,7,1,3
2682,20,15,1280,10,759,5,5,7,1,1,-70,1,1322,10944,160,100,3,0,0
2682,4,1,512,0,774,8,3,7,1,1,-66,8,2823,20408,178,100,4,0,0
2681,13,8,1024,0,804,4,335,7,1,1,-70,0,779,9656,152,100,5,1,3
2684,2,1,512,40,760,8,1,6,1,1,-88,8,2542,17777,179,100,3,0,0
2682,11,7,1024,0,804,5,10,7,1,1,-52,1,1341,17745,171,100,3,0,0
2683,3,1,512,0,749,8,3,7,1,2,-64,0,598,9752,175,100,1,0,0
2682,14,10,1024,0,793,4,4,7,1,1,-52,0,601,5921,167,100,2,0,0
2681,15,10,1024,0,769,4,9,7,1,1,-70,4,2874,27042,166,100,4,0,0
2685,8,4,768,0,796,7,9,7,1,2,-52,3,1863,20367,174,100,4,0,0
2684,10,2,768,10,748,4,331,7,1,1,-95,6,2899,24060,168,100,7,1,3
2686,16,11,1280,0,742,5,18,7,1,1,-70,0,528,4345,131,100,2,0,0
2686,5,1,512,10,782,8,1,6,1,1,-94,0,663,8508,179,100,3,0,0
2686,7,4,768,0,809,7,9,7,1,2,-70,2,1273,11653,174,100,2,0,0
2687,19,15,1280,0,615,5,4,7,1,1,-52,0,287,5200,165,100,1,0,0
2688,1,0,256,0,12,0,0,4,0,0,0,10,1957,17020,3309,100,2,0,0
2686,9,4,768,0,828,5,326,7,1,1,-70,0,1282,15084,174,100,8,1,3
2684,21,20,1536,0,816,4,6,5,1,1,-52,0,905,10264,156,100,4,0,0
2686,6,2,768,0,725,5,331,7,1,2,-52,0,374,5381,154,100,3,1,3
2688,18,15,1280,0,771,4,4,5,1,1,-70,0,696,8345,166,100,3,0,0
2686,13,8,1024,10,807,4,336,7,1,1,-70,0,493,5095,152,100,4,1,3
2688,20,15,1280,10,763,5,5,7,1,1,-70,1,1062,8729,160,100,3,0,0
2688,11,7,1024,0,805,5,10,7,1,1,-52,1,908,9403,171,100,3,0,0
2688,14,10,1024,0,795,4,4,7,1,1,-52,0,550,6237,168,100,2,0,0
2689,17,12,1280,0,804,5,5,7,1,1,-70,0,1135,11477,162,100,5,0,0
2689,15,10,1024,10,775,4,9,7,1,1,-70,4,2615,19787,167,100,3,0,0
2690,7,4,768,10,813,7,9,7,1,2,-70,2,815,6876,174,100,2,0,0
2692,2,1,512,10,764,8,1,6,1,1,-88,8,3213,19248,179,100,3,0,0
2691,8,4,768,0,798,7,9,7,1,2,-52,3,1483,12331,175,100,2,0,0
2691,4,1,512,10,776,8,3,7,1,1,-66,8,3687,25433,179,100,3,0,0
2693,1,0,256,0,12,0,0,4,0,0,0,10,1171,12643,3315,100,1,0,0
2692,3,1,512,10,751,8,3,7,1,2,-64,0,687,10958,176,100,3,0,0
2694,18,15,1280,0,772,4,4,5,1,1,-70,0,387,5371,166,100,2,0,0
2694,19,15,1280,0,618,5,4,7,1,1,-52,0,701,7454,165,100,1,0,0
2693,9,4,768,10,834,5,327,7,1,1,-70,0,1057,8888,174,100,4,1,3
2693,12,8,1024,10,791,6,353,7,1,1,-52,1,1256,14768,162,100,5,1,3
2695,10,2,768,0,750,4,334,7,1,1,-95,6,3075,22927,168,100,7,1,3
2696,5,1,512,0,787,8,1,6,1,1,-94,0,976,12957,179,100,4,0,0
2696,21,20,1536,0,821,4,6,5,1,1,-52,0,961,9706,156,100,3,0,0
2696,16,11,1280,0,747,5,18,7,1,1,-70,0,955,10365,131,100,4,0,0
2695,6,2,768,0,732,5,334,7,1,2,-52,0,1160,10179,154,100,5,1,3
2698,20,15,1280,0,765,5,5,7,1,1,-70,1,1104,12833,161,100,3,0,0
2697,7,4,768,0,817,7,9,7,1,2,-70,2,1310,11717,175,100,3,0,0
2697,14,10,1024,0,798,4,4,7,1,1,-52,0,740,9192,168,100,4,0,0
2698,17,12,1280,0,808,5,5,7,1,1,-70,0,831,8402,162,100,3,0,0
2699,1,0,256,0,12,0,0,4,0,0,0,10,1723,16411,3325,100,1,0,0
2698,15,10,1024,0,781,4,9,7,1,1,-70,4,2300,19693,168,100,3,0,0
2699,13,8,1024,0,812,4,340,7,1,1,-70,0,1261,11883,153,100,7,1,3
2699,9,4,768,0,835,5,328,7,1,1,-70,0,524,7742,175,100,3,1,3
2701,18,15,1280,0,775,4,4,5,1,1,-70,0,595,7117,166,100,3,0,0
2699,11,7,1024,10,808,5,10,7,1,1,-52,1,1271,17219,172,100,4,0,0
2702,2,1,512,0,766,8,1,6,1,1,-88,8,3247,22758,180,100,3,0,0
2702,19,15,1280,0,620,5,4,7,1,1,-52,0,580,8325,166,100,1,0,0
2703,8,4,768,0,807,7,9,7,1,2,-52,3,2531,23235,175,100,5,0,0
2704,3,1,512,0,754,8,3,7,1,2,-64,0,763,13293,176,100,4,0,0
2704,4,1,512,10,780,8,3,7,1,1,-66,8,4043,30067,180,100,3,0,0
2704,21,20,1536,0,824,4,6,5,1,1,-52,0,681,7529,157,100,2,0,0
2705,1,0,256,0,12,0,0,4,0,0,0,10,1083,12171,3332,100,1,0,0
2702,12,8,1024,0,794,6,356,7,1,1,-52,1,1434,13268,162,100,7,1,3
2705,5,1,512,0,793,8,1,6,1,1,-94,0,1013,11536,180,100,3,0,0
2704,6,2,768,10,738,5,337,7,1,2,-52,0,1095,9846,155,100,7,1,3
2705,15,10,1024,10,784,4,9,7,1,1,-70,4,1728,16518,168,100,2,0,0
2705,19,15,1280,0,621,5,4,7,1,1,-52,0,369,4765,166,100,1,0,0
2706,13,8,1024,0,814,4,341,7,1,1,-70,0,605,7532,154,100,3,1,3
2706,11,7,1024,0,811,5,10,7,1,1,-52,1,865,11228,172,100,3,0,0
2706,10,2,768,10,754,4,336,7,1,1,-95,6,3415,24987,169,100,6,1,3
2709,2,1,512,20,770,8,1,6,1,1,-88,8,2260,15861,180,100,2,0,0
2707,7,4,768,0,823,7,9,7,1,2,-70,2,1737,17184,175,100,3,0,0
2706,20,15,1280,10,769,5,5,7,1,1,-70,1,1154,12295,162,100,2,0,0
2708,17,12,1280,10,815,5,5,7,1,1,-70,0,1020,9671,163,100,3,0,0
2709,1,0,256,0,12,0,0,4,0,0,0,10,1104,11210,3336,100,0,0,0
2708,9,4,768,0,838,5,330,7,1,1,-70,0,777,11745,175,100,5,1,3
2708,16,11,1280,0,751,5,18,7,1,1,-70,0,929,11525,132,100,4,0,0
2709,14,10,1024,10,804,4,4,7,1,1,-52,0,1141,11305,169,100,4,0,0
2709,12,8,1024,0,797,6,358,7,1,1,-52,1,1114,10024,163,100,5,1,3
2710,8,4,768,20,809,7,9,7,1,2,-52,3,1669,15138,176,100,2,0,0
2712,3,1,512,0,757,8,3,7,1,2,-64,0,698,10269,177,100,2,0,0
2711,21,20,1536,0,827,4,6,5,1,1,-52,0,601,6852,157,100,2,0,0
2712,5,1,512,10,798,8,1,6,1,1,-94,0,814,8673,180,100,2,0,0
2711,10,2,768,0,755,4,337,7,1,1,-95,6,1289,10676,169,100,3,1,3
2712,16,11,1280,0,751,5,18,7,1,1,-70,0,167,4078,132,100,0,0,0
2714,4,1,512,10,785,8,3,7,1,1,-66,8,3957,26253,180,100,4,0,0
2711,18,15,1280,0,778,4,4,5,1,1,-70,0,820,10711,167,100,4,0,0
2712,17,12,1280,0,819,5,5,7,1,1,-70,0,794,4821,163,100,2,0,0
2712,11,7,1024,0,815,5,10,7,1,1,-52,1,1188,10184,173,100,2,0,0
2713,6,2,768,0,743,5,339,7,1,2,-52,0,1157,8763,156,100,5,1,3
2713,9,4,768,0,839,5,332,7,1,1,-70,0,645,6157,176,100,3,1,3
2713,19,15,1280,0,624,5,4,7,1,1,-52,0,784,8453,167,100,2,0,0
2715,13,8,1024,0,816,4,343,7,1,1,-70,0,910,8720,154,100,5,1,3
2714,20,15,1280,0,773,5,5,7,1,1,-70,1,1351,11203,162,100,3,0,0
2715,8,4,768,0,811,7,9,7,1,2,-52,3,972,10570,176,100,1,0,0
2717,3,1,512,0,758,8,3,7,1,2,-64,0,367,6267,177,100,1,0,0
2715,21,20,1536,0,827,4,6,5,1,1,-52,0,342,5400,158,100,1,0,0
2717,7,4,768,0,827,7,9,7,1,2,-70,2,1923,17280,176,100,4,0,0
2715,18,15,1280,0,780,4,4,5,1,1,-70,0,597,5075,168,100,2,0,0
2716,15,10,1024,0,791,4,9,7,1,1,-70,4,3816,27837,169,100,4,0,0
2717,11,7,1024,0,818,5,10,7,1,1,-52,1,715,8299,173,100,1,0,0
2719,1,0,256,0,12,0,0,4,0,0,0,10,2727,24873,3351,100,2,0,0
2719,2,1,512,10,777,8,1,6,1,1,-88,8,4173,25471,181,100,4,0,0
2718,14,10,1024,0,808,4,4,7,1,1,-52,0,791,9503,170,100,2,0,0
2719,12,8,1024,0,798,6,360,7,1,1,-52,1,1038,12159,163,100,5,1,3
2719,5,1,512,0,802,8,1,6,1,1,-94,0,902,9962,181,100,3,0,0
2720,4,1,512,10,788,8,3,7,1,1,-66,8,2617,17253,181,100,2,0,0
2720,8,4,768,0,812,7,10,7,1,2,-52,3,990,9109,177,100,2,0,0
2719,17,12,1280,0,822,5,5,7,1,1,-70,0,778,7645,164,100,3,0,0
2720,13,8,1024,10,818,4,344,7,1,1,-70,0,458,4863,155,100,2,1,3
2721,9,4,768,0,842,5,335,7,1,1,-70,0,714,10738,176,100,4,1,3
2722,7,4,768,0,829,7,9,7,1,2,-70,2,787,8512,176,100,2,0,0
2722,6,2,768,0,745,5,340,7,1,2,-52,0,546,7674,156,100,3,1,3
2722,11,7,1024,0,819,5,10,7,1,1,-52,1,505,7411,173,100,1,0,0
2722,10,2,768,0,758,4,340,7,1,1,-95,6,2934,22679,170,100,5,1,3
2724,1,0,256,0,12,0,0,4,0,0,0,10,1112,11804,3357,100,1,0,0
2725,3,1,512,0,763,8,3,7,1,2,-64,0,1002,10631,178,100,4,0,0
2721,20,15,1280,0,777,5,5,7,1,1,-70,1,1060,9991,163,100,2,0,0
2723,16,11,1280,0,758,5,18,7,1,1,-70,0,1556,12914,133,100,5,0,0
2723,21,20,1536,10,829,4,6,5,1,1,-52,0,621,8518,158,100,2,0,0
2725,13,8,1024,0,820,4,346,7,1,1,-70,0,524,5323,155,100,3,1,3
2726,5,1,512,0,805,8,1,6,1,1,-94,0,616,8568,181,100,3,0,0
2724,19,15,1280,0,626,5,4,7,1,1,-52,0,628,11087,168,100,1,0,0
2725,18,15,1280,10,784,4,4,5,1,1,-70,0,853,9632,168,100,3,0,0
2727,8,4,768,0,814,7,10,7,1,2,-52,3,1531,15429,177,100,4,0,0
2727,14,10,1024,0,811,4,4,7,1,1,-52,0,746,8999,170,100,3,0,0
2728,6,2,768,0,746,5,342,7,1,2,-52,0,498,6311,157,100,4,1,3
2727,15,10,1024,0,794,4,9,7,1,1,-70,4,2337,24887,169,100,3,0,0
2728,16,11,1280,0,762,5,18,7,1,1,-70,0,717,5938,133,100,1,0,0
2730,3,1,512,0,765,8,3,7,1,2,-64,0,499,6860,178,100,1,0,0
2727,20,15,1280,0,780,5,5,7,1,1,-70,1,903,8075,163,100,1,0,0
2730,2,1,512,10,783,8,1,6,1,1,-88,8,3691,25163,182,100,3,0,0
2730,1,0,256,0,12,0,0,4,0,0,0,10,1700,16627,3364,100,1,0,0
2729,9,4,768,10,844,5,337,7,1,1,-70,0,731,9301,177,100,5,1,3
2729,12,8,1024,0,805,6,363,7,1,1,-52,1,1727,15173,164,100,7,1,3
2731,10,2,768,0,761,4,342,7,1,1,-95,6,2604,18462,171,100,5,1,3
2732,4,1,512,30,795,8,3,7,1,1,-66,8,4424,31245,182,100,5,0,0
2730,17,12,1280,0,826,5,5,7,1,1,-70,0,911,10211,164,100,5,0,0
2731,20,15,1280,0,782,5,5,7,1,1,-70,1,647,5945,163,100,2,0,0
2731,11,7,1024,0,824,5,10,7,1,1,-52,1,1753,16978,174,100,4,0,0
2733,5,1,512,0,807,8,1,6,1,1,-94,0,566,8601,182,100,2,0,0
2733,14,10,1024,0,814,4,4,7,1,1,-52,0,657,5824,171,100,2,0,0
2733,7,4,768,0,831,7,9,7,1,2,-70,2,1832,18909,177,100,4,0,0
2733,13,8,1024,0,826,4,347,7,1,1,-70,0,1094,8204,155,100,6,1,3
2736,4,1,512,30,798,8,3,7,1,1,-66,8,1855,11964,182,100,1,0,0
2733,18,15,1280,0,786,4,4,5,1,1,-70,0,599,8468,169,100,2,0,0
2734,12,8,1024,10,809,6,365,7,1,1,-52,1,968,6670,164,100,4,1,3
2737,2,1,512,40,786,8,1,6,1,1,-88,8,1915,14543,182,100,2,0,0
2734,16,11,1280,0,767,5,18,7,1,1,-70,0,872,6728,134,100,2,0,0
2734,19,15,1280,0,631,5,4,7,1,1,-52,0,1064,10693,168,100,3,0,0
2737,1,0,256,0,12,0,0,4,0,0,0,10,1794,17752,3374,100,2,0,0
2736,6,2,768,0,751,5,344,7,1,2,-52,0,991,8197,157,100,5,1,3
2734,21,20,1536,0,835,4,6,5,1,1,-52,0,1142,10748,159,100,4,0,0
2737,17,12,1280,10,828,5,5,7,1,1,-70,0,450,6495,165,100,1,0,0
2737,9,4,768,0,848,5,339,7,1,1,-70,0,806,10725,177,100,5,1,3
2737,10,2,768,0,764,4,343,7,1,1,-95,6,1863,12993,171,100,4,1,3
2739,3,1,512,0,768,8,3,7,1,2,-64,0,721,12750,179,100,2,0,0
2736,20,15,1280,0,782,5,5,7,1,1,-70,1,587,5777,164,100,1,0,0
2738,8,4,768,0,816,7,10,7,1,2,-52,3,2210,22165,178,100,3,0,0
2740,5,1,512,10,808,8,1,6,1,1,-94,0,384,7978,182,100,2,0,0
2739,15,10,1024,0,799,4,9,7,1,1,-70,4,3010,27437,170,100,4,0,0
2739,18,15,1280,10,789,4,4,5,1,1,-70,0,577,5074,169,100,2,0,0
2740,21,20,1536,0,839,4,6,5,1,1,-52,0,878,6332,159,100,2,0,0
2742,13,8,1024,0,828,4,350,7,1,1,-70,0,654,8369,156,100,6,1,3
2743,2,1,512,10,790,8,1,6,1,1,-88,8,2608,14705,183,100,2,0,0
2742,9,4,768,10,848,5,340,7,1,1,-70,0,262,5101,178,100,1,1,3
2742,10,2,768,10,765,4,345,7,1,1,-95,6,1328,10662,171,100,3,1,3
2742,7,4,768,0,833,7,9,7,1,2,-70,2,1150,15329,178,100,3,0,0
2743,3,1,512,0,770,8,3,7,1,2,-64,0,468,5300,179,100,2,0,0
2742,6,2,768,0,755,5,345,7,1,2,-52,0,791,6591,158,100,3,1,3
2743,11,7,1024,0,827,5,10,7,1,1,-52,1,1319,18542,175,100,3,0,0
2744,12,8,1024,0,815,6,367,7,1,1,-52,1,1661,14442,165,100,6,1,3
2744,14,10,1024,10,819,4,4,7,1,1,-52,0,954,11180,171,100,4,0,0
2746,5,1,512,0,810,8,1,6,1,1,-94,0,688,8164,183,100,3,0,0
2746,15,10,1024,10,800,4,9,7,1,1,-70,4,1305,13653,171,100,2,0,0
2744,21,20,1536,0,841,4,6,5,1,1,-52,0,574,4644,160,100,1,0,0
2747,4,1,512,0,803,8,3,7,1,1,-66,8,3723,28020,183,100,4,0,0
2745,19,15,1280,0,632,5,4,7,1,1,-52,0,620,10864,169,100,2,0,0
2746,16,11,1280,0,773,5,18,7,1,1,-70,0,1136,11619,135,100,5,0,0
2746,20,15,1280,0,784,5,5,7,1,1,-70,1,1339,13849,164,100,4,0,0
2748,1,0,256,0,12,0,0,4,0,0,0,10,2756,26650,3389,100,2,0,0
2748,3,1,512,0,770,8,3,7,1,2,-64,0,259,5582,179,100,1,0,0
2748,2,1,512,10,790,8,1,6,1,1,-88,8,2177,13502,183,100,1,0,0
2748,10,2,768,10,769,4,346,7,1,1,-95,6,2346,14700,172,100,3,1,3
2748,9,4,768,0,849,5,342,7,1,1,-70,0,652,7847,178,100,5,1,3
2748,17,12,1280,0,834,5,5,7,1,1,-70,0,1243,11405,166,100,5,0,0
2749,13,8,1024,0,831,4,352,7,1,1,-70,0,835,7476,157,100,5,1,3
2750,8,4,768,0,823,7,10,7,1,2,-52,3,2765,24566,179,100,6,0,0
2750,18,15,1280,0,791,4,4,5,1,1,-70,0,702,8991,170,100,2,0,0
2749,21,20,1536,0,843,4,6,5,1,1,-52,0,470,4486,160,100,2,0,0
2751,7,4,768,0,836,7,9,7,1,2,-70,2,1291,14031,178,100,4,0,0
2752,5,1,512,0,812,8,1,6,1,1,-94,0,491,7700,183,100,2,0,0
2752,11,7,1024,0,831,5,10,7,1,1,-52,1,1243,13997,175,100,4,0,0
2754,12,8,1024,0,819,6,370,7,1,1,-52,1,1435,13203,166,100,7,1,3
2755,6,2,768,0,761,5,347,7,1,2,-52,0,1039,11749,158,100,5,1,3
2755,17,12,1280,0,836,5,5,7,1,1,-70,0,496,6470,166,100,2,0,0
2756,1,0,256,0,12,0,0,4,0,0,0,10,1619,17878,3399,100,1,0,0
2755,16,11,1280,0,777,5,18,7,1,1,-70,0,735,9431,135,100,2,0,0
2756,14,10,1024,0,823,4,4,7,1,1,-52,0,935,11006,172,100,3,0,0
2757,15,10,1024,20,807,4,9,7,1,1,-70,4,2647,25114,171,100,3,0,0
2757,9,4,768,10,854,5,344,7,1,1,-70,0,912,11540,179,100,5,1,3
2756,19,15,1280,10,634,5,4,7,1,1,-52,0,581,9076,170,100,1,0,0
2758,13,8,1024,0,838,4,354,7,1,1,-70,0,1104,9401,157,100,5,1,3
2757,20,15,1280,0,788,5,5,7,1,1,-70,1,1163,12632,165,100,3,0,0
2757,11,7,1024,10,833,5,10,7,1,1,-52,1,851,8426,176,100,2,0,0
2759,4,1,512,10,808,8,3,7,1,1,-66,8,4828,32376,183,100,5,0,0
2759,3,1,512,0,776,8,3,7,1,2,-64,0,1163,14358,180,100,3,0,0
2759,5,1,512,0,814,8,1,6,1,1,-94,0,566,8744,184,100,2,0,0
2758,8,4,768,0,826,7,10,7,1,2,-52,3,1552,16148,179,100,2,0,0
2760,2,1,512,10,794,8,1,6,1,1,-88,8,3207,24630,184,100,4,0,0
2759,18,15,1280,10,792,4,4,5,1,1,-70,0,508,8045,170,100,3,0,0
2760,10,2,768,10,776,4,349,7,1,1,-95,6,3290,24957,173,100,7,1,3
2761,6,2,768,0,763,5,348,7,1,2,-52,0,579,5640,159,100,3,1,3
2760,21,20,1536,0,846,4,6,5,1,1,-52,0,802,9470,161,100,3,0,0
2761,19,15,1280,0,636,5,4,7,1,1,-52,0,501,5228,170,100,1,0,0
2762,14,10,1024,0,825,4,4,7,1,1,-52,0,592,5674,172,100,3,0,0
2762,20,15,1280,0,788,5,5,7,1,1,-70,1,619,6750,165,100,1,0,0
2764,1,0,256,0,12,0,0,4,0,0,0,10,2050,19802,3412,100,2,0,0
2763,7,4,768,0,840,7,9,7,1,2,-70,2,1996,20409,179,100,4,0,0
2764,15,10,1024,0,808,4,9,7,1,1,-70,4,2142,18122,172,100,2,0,0
2764,17,12,1280,0,840,5,5,7,1,1,-70,0,903,9532,167,100,4,0,0
2765,9,4,768,0,856,5,345,7,1,1,-70,0,710,9564,179,100,3,1,3
2764,11,7,1024,0,835,5,10,7,1,1,-52,1,808,11370,176,100,2,0,0
2765,10,2,768,0,781,4,350,7,1,1,-95,6,2164,13317,173,100,3,1,3
2765,12,8,1024,0,823,6,372,7,1,1,-52,1,1510,14622,166,100,5,1,3
2765,21,20,1536,0,848,4,6,5,1,1,-52,0,494,5498,161,100,2,0,0
2764,16,11,1280,0,783,5,18,7,1,1,-70,0,1118,9775,136,100,4,0,0
2766,5,1,512,0,817,8,1,6,1,1,-94,0,622,9091,184,100,2,0,0
2767,6,2,768,0,766,5,349,7,1,2,-52,0,527,6274,159,100,2,1,3
2767,4,1,512,0,809,8,3,7,1,1,-66,8,2490,20257,184,100,2,0,0
2767,18,15,1280,0,796,4,4,5,1,1,-70,0,807,8663,171,100,3,0,0
2768,2,1,512,0,795,8,1,6,1,1,-88,8,3334,20533,184,100,3,0,0
2768,14,10,1024,0,827,4,4,7,1,1,-52,0,550,6063,173,100,2,0,0
2768,8,4,768,0,828,7,10,7,1,2,-52,3,1706,19839,180,100,3,0,0
2769,3,1,512,10,779,8,3,7,1,2,-64,0,796,12000,181,100,3,0,0
2768,13,8,1024,0,841,4,357,7,1,1,-70,0,912,10728,158,100,6,1,3
2768,20,15,1280,0,791,5,5,7,1,1,-70,1,1021,8915,166,100,3,0,0
2770,1,0,256,0,12,0,0,4,0,0,0,10,1486,16447,3418,100,1,0,0
2772,4,1,512,0,811,8,3,7,1,1,-66,8,1494,11347,184,100,2,0,0
2772,10,2,768,10,784,4,352,7,1,1,-95,6,1501,11734,173,100,4,1,3
2771,9,4,768,0,862,5,347,7,1,1,-70,0,995,9052,179,100,5,1,3
2772,5,1,512,0,818,8,1,6,1,1,-94,0,366,6906,184,100,1,0,0
2771,11,7,1024,10,837,5,10,7,1,1,-52,1,847,10990,177,100,2,0,0
2772,19,15,1280,0,639,5,4,7,1,1,-52,0,808,10791,171,100,2,0,0
2774,3,1,512,0,780,8,3,7,1,2,-64,0,386,6620,181,100,2,0,0
2774,16,11,1280,0,785,5,18,7,1,1,-70,0,617,8552,136,100,3,0,0
2775,1,0,256,0,12,0,0,4,0,0,0,10,1129,10548,3425,100,1,0,0
2774,2,1,512,20,798,8,1,6,1,1,-88,8,2036,15155,185,100,3,0,0
2774,8,4,768,10,831,7,10,7,1,2,-52,3,1032,11436,180,100,3,0,0
2774,12,8,1024,10,827,6,374,7,1,1,-52,1,899,11566,167,100,5,1,3
2776,15,10,1024,10,811,4,9,7,1,1,-70,4,2308,22999,173,100,4,0,0
2775,7,4,768,0,845,7,9,7,1,2,-70,2,2060,20380,180,100,4,0,0
2774,21,20,1536,10,849,4,6,5,1,1,-52,0,417,7987,162,100,1,0,0
2774,17,12,1280,0,841,5,5,7,1,1,-70,0,435,9524,167,100,2,0,0
2777,10,2,768,10,786,4,353,7,1,1,-95,6,1680,11756,174,100,3,1,3
2777,6,2,768,0,769,5,352,7,1,2,-52,0,986,9722,160,100,7,1,3
2776,18,15,1280,0,800,4,4,5,1,1,-70,0,885,9200,172,100,3,0,0
2776,9,4,768,0,865,5,348,7,1,1,-70,0,688,6818,180,100,3,1,3
2778,5,1,512,10,819,8,1,6,1,1,-94,0,459,7575,185,100,2,0,0
2778,11,7,1024,0,838,5,10,7,1,1,-52,1,749,9304,177,100,2,0,0
2778,13,8,1024,0,845,4,359,7,1,1,-70,0,881,9234,158,100,6,1,3
2781,14,10,1024,0,830,4,4,7,1,1,-52,0,820,11007,174,100,4,0,0
2780,12,8,1024,10,830,6,375,7,1,1,-52,1,1130,8711,167,100,3,1,3
2780,17,12,1280,0,844,5,5,7,1,1,-70,0,754,5558,168,100,3,0,0
2781,3,1,512,10,784,8,3,7,1,2,-64,0,746,8796,182,100,3,0,0
2781,2,1,512,10,800,8,1,6,1,1,-88,8,2184,15616,185,100,2,0,0
2780,20,15,1280,0,796,5,5,7,1,1,-70,1,1389,15303,166,100,5,0,0
2781,16,11,1280,0,788,5,18,7,1,1,-70,0,676,7311,137,100,3,0,0
2780,19,15,1280,10,640,5,4,7,1,1,-52,0,571,8094,172,100,2,0,0
2781,18,15,1280,0,802,4,4,5,1,1,-70,0,494,4883,172,100,2,0,0
2782,4,1,512,10,818,8,3,7,1,1,-66,8,4924,31946,185,100,4,0,0
2781,9,4,768,10,870,5,349,7,1,1,-70,0,818,6759,180,100,3,1,3
2782,10,2,768,10,791,4,354,7,1,1,-95,6,2319,15393,174,100,4,1,3
2783,15,10,1024,10,814,4,9,7,1,1,-70,4,2233,18123,173,100,4,0,0
2781,8,4,768,10,833,7,10,7,1,2,-52,3,1945,17274,181,100,2,0,0
2784,5,1,512,0,820,8,1,6,1,1,-94,0,558,7494,185,100,2,0,0
2783,7,4,768,0,852,7,9,7,1,2,-70,2,1807,14676,180,100,4,0,0
2783,13,8,1024,0,847,4,361,7,1,1,-70,0,607,6032,159,100,4,1,3
2785,1,0,256,0,12,0,0,4,0,0,0,10,2624,25936,3439,100,2,0,0
2785,21,20,1536,0,854,4,6,5,1,1,-52,0,1035,11077,162,100,4,0,0
2786,2,1,512,10,802,8,1,6,1,1,-88,8,1690,11141,186,100,1,0,0
2787,11,7,1024,0,844,5,10,7,1,1,-52,1,1497,14923,178,100,4,0,0
2785,14,10,1024,0,833,4,4,7,1,1,-52,0,602,6351,174,100,2,0,0
2786,19,15,1280,0,641,5,4,7,1,1,-52,0,394,5589,172,100,1,0,0
2787,20,15,1280,0,797,5,5,7,1,1,-70,1,775,7711,167,100,1,0,0
2787,8,4,768,0,834,7,10,7,1,2,-52,3,768,10919,181,100,2,0,0
2787,6,2,768,10,773,5,355,7,1,2,-52,0,936,10573,161,100,6,1,3
2789,12,8,1024,0,833,6,378,7,1,1,-52,1,1184,12163,168,100,6,1,3
2789,9,4,768,0,878,5,351,7,1,1,-70,0,1218,11519,181,100,4,1,3
2789,21,20,1536,0,855,4,6,5,1,1,-52,0,427,4096,163,100,1,0,0
2790,7,4,768,0,855,7,9,7,1,2,-70,2,1117,11952,181,100,2,0,0
2790,15,10,1024,0,817,4,9,7,1,1,-70,4,1954,20035,174,100,2,0,0
2790,4,1,512,10,823,8,3,7,1,1,-66,8,3512,22840,186,100,4,0,0
2792,17,12,1280,0,849,5,5,7,1,1,-70,0,954,11061,168,100,4,0,0
2792,1,0,256,0,12,0,0,4,0,0,0,10,1821,17562,3448,100,1,0,0
2792,3,1,512,0,790,8,3,7,1,2,-64,0,1336,14497,182,100,4,0,0
2791,13,8,1024,0,849,4,364,7,1,1,-70,0,603,7290,159,100,5,1,3
2791,18,15,1280,0,807,4,4,5,1,1,-70,0,1016,10690,173,100,3,0,0
2791,6,2,768,0,774,5,356,7,1,2,-52,0,472,5238,161,100,3,1,3
2792,16,11,1280,0,792,5,18,7,1,1,-70,0,910,10656,138,100,3,0,0
2792,19,15,1280,0,641,5,4,7,1,1,-52,0,390,5836,172,100,1,0,0
2793,20,15,1280,0,798,5,5,7,1,1,-70,1,831,8815,167,100,2,0,0
2793,11,7,1024,0,847,5,10,7,1,1,-52,1,1115,12222,178,100,2,0,0
2795,5,1,512,0,825,8,1,6,1,1,-94,0,1232,14321,186,100,4,0,0
2794,10,2,768,0,796,4,357,7,1,1,-95,6,3609,25079,175,100,7,1,3
2794,14,10,1024,0,835,4,4,7,1,1,-52,0,777,8569,175,100,4,0,0
2796,7,4,768,0,857,7,9,7,1,2,-70,2,1066,10058,181,100,2,0,0
2796,2,1,512,10,807,8,1,6,1,1,-88,8,4054,24008,186,100,5,0,0
2796,21,20,1536,0,858,4,6,5,1,1,-52,0,601,6159,163,100,2,0,0
2798,3,1,512,0,793,8,3,7,1,2,-64,0,675,7944,183,100,2,0,0
2797,15,10,1024,0,820,4,10,7,1,1,-70,4,2059,16799,174,100,3,0,0
2796,8,4,768,10,839,7,10,7,1,2,-52,3,1986,18128,182,100,4,0,0
2796,12,8,1024,10,836,6,380,7,1,1,-52,1,1253,12584,169,100,5,1,3
2798,9,4,768,0,879,5,353,7,1,1,-70,0,672,10659,181,100,5,1,3
2800,21,20,1536,0,860,4,6,5,1,1,-52,0,470,4084,163,100,2,0,0
2800,4,1,512,0,827,8,3,7,1,1,-66,8,3342,25141,186,100,2,0,0
2798,18,15,1280,0,815,4,4,5,1,1,-70,0,1156,8515,173,100,3,0,0
2801,16,11,1280,0,797,5,18,7,1,1,-70,0,956,9465,138,100,4,0,0
2800,19,15,1280,0,644,5,4,7,1,1,-52,0,846,9918,173,100,2,0,0
2803,1,0,256,0,12,0,0,4,0,0,0,10,2529,26135,3462,100,2,0,0
2800,20,15,1280,0,802,5,5,7,1,1,-70,1,1379,12424,168,100,4,0,0
2801,13,8,1024,0,855,4,367,7,1,1,-70,0,1226,11664,160,100,7,1,3
2803,3,1,512,0,796,8,3,7,1,2,-64,0,604,7044,183,100,1,0,0
2804,17,12,1280,0,854,5,5,7,1,1,-70,0,1035,11719,169,100,4,0,0
2803,6,2,768,10,782,5,358,7,1,2,-52,0,1386,11595,162,100,6,1,3
2804,5,1,512,0,826,8,1,6,1,1,-94,0,509,11856,187,100,2,0,0
2803,11,7,1024,0,851,5,10,7,1,1,-52,1,1379,15674,179,100,3,0,0
2804,2,1,512,20,809,8,1,6,1,1,-88,8,2426,18389,187,100,3,0,0
2804,7,4,768,0,860,7,9,7,1,2,-70,2,1458,14570,182,100,4,0,0
2804,9,4,768,10,883,5,354,7,1,1,-70,0,838,9056,182,100,4,1,3
2805,10,2,768,0,798,4,361,7,1,1,-95,6,2967,24531,176,100,8,1,3
2806,14,10,1024,0,840,4,4,7,1,1,-52,0,978,11387,175,100,4,0,0
2805,18,15,1280,0,816,4,4,5,1,1,-70,0,468,6818,174,100,2,0,0
2807,16,11,1280,0,800,5,18,7,1,1,-70,0,658,5972,139,100,2,0,0
2808,21,20,1536,0,865,4,6,5,1,1,-52,0,901,8944,164,100,1,0,0
2808,17,12,1280,0,856,5,5,7,1,1,-70,0,496,4817,169,100,2,0,0
2809,1,0,256,0,12,0,0,4,0,0,0,10,1621,16308,3470,100,1,0,0
2808,6,2,768,0,785,5,360,7,1,2,-52,0,659,5365,162,100,4,1,3
2807,8,4,768,30,845,7,10,7,1,2,-52,3,2354,22666,182,100,4,0,0
2808,15,10,1024,0,826,4,10,7,1,1,-70,4,3011,26634,175,100,4,0,0
2806,12,8,1024,10,840,6,382,7,1,1,-52,1,1521,14397,169,100,6,1,3
2809,19,15,1280,0,644,5,4,7,1,1,-52,0,390,8825,174,100,1,0,0
2810,11,7,1024,0,853,5,10,7,1,1,-52,1,930,11338,179,100,3,0,0
2812,4,1,512,10,832,8,3,7,1,1,-66,8,4232,30234,187,100,4,0,0
2810,13,8,1024,0,857,4,369,7,1,1,-70,0,724,8603,161,100,6,1,3
2813,6,2,768,0,787,5,361,7,1,2,-52,0,503,4369,162,100,2,1,3
2813,1,0,256,0,12,0,0,4,0,0,0,10,1028,9924,3478,100,1,0,0
2813,3,1,512,0,799,8,3,7,1,2,-64,0,812,12555,184,100,4,0,0
2811,20,15,1280,0,807,5,5,7,1,1,-70,1,1576,15520,169,100,2,0,0
2812,16,11,1280,0,802,5,18,7,1,1,-70,0,495,5554,139,100,2,0,0
2812,8,4,768,0,846,7,10,7,1,2,-52,3,1183,10792,183,100,1,0,0
2815,5,1,512,0,834,8,1,6,1,1,-94,0,1267,13280,187,100,5,0,0
2813,14,10,1024,0,845,4,4,7,1,1,-52,0,896,8229,176,100,2,0,0
2814,7,4,768,0,863,7,9,7,1,2,-70,2,1581,16733,182,100,2,0,0
2814,15,10,1024,0,827,4,10,7,1,1,-70,4,1461,14191,175,100,3,0,0
2813,17,12,1280,10,859,5,5,7,1,1,-70,0,681,7625,170,100,2,0,0
2816,2,1,512,30,813,8,1,6,1,1,-88,8,3945,27393,188,100,4,0,0
2816,10,2,768,0,800,4,364,7,1,1,-95,6,2864,21838,176,100,6,1,3
2815,13,8,1024,0,858,4,371,7,1,1,-70,0,450,5041,161,100,3,1,3
2816,9,4,768,10,887,5,357,7,1,1,-70,0,1015,14196,183,100,7,1,3
2817,21,20,1536,0,868,4,6,5,1,1,-52,0,740,8237,164,100,4,0,0
2817,12,8,1024,0,844,6,385,7,1,1,-52,1,1310,13663,170,100,6,1,3
2816,20,15,1280,0,810,5,5,7,1,1,-70,1,720,6060,169,100,1,0,0
2819,3,1,512,0,801,8,3,7,1,2,-64,0,492,6978,184,100,2,0,0
2817,14,10,1024,0,847,4,4,7,1,1,-52,0,369,4228,176,100,1,0,0
2820,1,0,256,0,12,0,0,4,0,0,0,10,1685,16667,3486,100,1,0,0
2817,18,15,1280,0,820,4,4,5,1,1,-70,0,877,11046,174,100,3,0,0
2820,11,7,1024,0,859,5,10,7,1,1,-52,1,1534,15852,180,100,4,0,0
2820,16,11,1280,0,803,5,18,7,1,1,-70,0,468,7440,140,100,2,0,0
2821,4,1,512,0,836,8,3,7,1,1,-66,8,3703,26113,188,100,3,0,0
2822,5,1,512,0,835,8,1,6,1,1,-94,0,582,9232,188,100,3,0,0
2820,19,15,1280,0,645,5,4,7,1,1,-52,0,538,9705,174,100,2,0,0
2823,3,1,512,0,802,8,3,7,1,2,-64,0,269,5230,184,100,0,0,0
2821,20,15,1280,0,812,5,5,7,1,1,-70,1,677,7193,169,100,1,0,0
2822,8,4,768,10,851,7,10,7,1,2,-52,3,1819,18745,183,100,2,0,0
2821,18,15,1280,10,822,4,4,5,1,1,-70,0,420,4202,175,100,2,0,0
2821,13,8,1024,0,860,4,372,7,1,1,-70,0,523,5839,161,100,3,1,3
2824,6,2,768,0,790,5,363,7,1,2,-52,0,881,11491,163,100,5,1,3
2823,15,10,1024,0,832,4,10,7,1,1,-70,4,2484,22135,176,100,3,0,0
2824,9,4,768,0,890,5,358,7,1,1,-70,0,655,9063,183,100,3,1,3
2826,2,1,512,20,818,8,1,6,1,1,-88,8,3650,22791,188,100,3,0,0
2826,4,1,512,40,840,8,3,7,1,1,-66,8,1832,11717,188,100,2,0,0
2822,12,8,1024,0,846,6,386,7,1,1,-52,1,706,6389,170,100,3,1,3
2825,10,2,768,0,803,4,367,7,1,1,-95,6,3244,21916,177,100,7,1,3
2825,7,4,768,0,865,7,9,7,1,2,-70,2,1348,17187,183,100,4,0,0
2828,1,0,256,0,12,0,0,4,0,0,0,10,1799,18507,3496,100,1,0,0
2825,14,10,1024,10,850,4,4,7,1,1,-52,0,782,7663,177,100,3,0,0
2823,17,12,1280,0,863,5,5,7,1,1,-70,0,880,9136,171,100,4,0,0
2828,3,1,512,0,803,8,3,7,1,2,-64,0,435,6704,185,100,2,0,0
2826,19,15,1280,0,645,5,4,7,1,1,-52,0,342,5220,175,100,1,0,0
2828,11,7,1024,0,862,5,10,7,1,1,-52,1,1247,12774,181,100,2,0,0
2827,16,11,1280,0,808,5,18,7,1,1,-70,0,806,7357,140,100,3,0,0
2830,5,1,512,0,840,8,1,6,1,1,-94,0,806,9374,188,100,3,0,0
2827,21,20,1536,10,872,4,6,5,1,1,-52,0,796,10558,165,100,4,0,0
2829,14,10,1024,0,853,4,4,7,1,1,-52,0,578,4715,177,100,2,0,0
2828,12,8,1024,10,849,6,387,7,1,1,-52,1,1036,9398,171,100,3,1,3
2830,10,2,768,0,806,4,368,7,1,1,-95,6,1355,9959,177,100,2,1,3
2830,9,4,768,0,892,5,360,7,1,1,-70,0,702,7691,184,100,5,1,3
2830,15,10,1024,0,836,4,10,7,1,1,-70,4,1670,15161,176,100,3,0,0
2829,18,15,1280,0,823,4,4,5,1,1,-70,0,616,7687,175,100,3,0,0
2832,8,4,768,0,854,7,10,7,1,2,-52,3,2030,18358,184,100,4,0,0
2832,7,4,768,0,869,7,9,7,1,2,-70,2,1535,13157,184,100,4,0,0
2833,20,15,1280,10,820,5,5,7,1,1,-70,1,1736,14174,170,100,5,0,0
2833,16,11,1280,0,809,5,18,7,1,1,-70,0,489,5797,140,100,3,0,0
2833,13,8,1024,10,865,4,376,7,1,1,-70,0,1117,11633,162,100,9,1,3
2833,17,12,1280,0,868,5,5,7,1,1,-70,0,857,9792,171,100,3,0,0
2835,2,1,512,0,820,8,1,6,1,1,-88,8,3125,22563,189,100,2,0,0
2835,11,7,1024,0,864,5,10,7,1,1,-52,1,1177,11366,181,100,4,0,0
2835,6,2,768,0,794,5,366,7,1,2,-52,0,1087,12127,164,100,6,1,3
2837,3,1,512,10,805,8,3,7,1,2,-64,0,618,10393,185,100,2,0,0
2837,1,0,256,0,12,0,0,4,0,0,0,10,2524,24032,3509,100,2,0,0
2836,9,4,768,0,894,5,362,7,1,1,-70,0,647,7912,184,100,4,1,3
2837,4,1,512,0,847,8,3,7,1,1,-66,8,4709,30563,189,100,5,0,0
2838,10,2,768,0,812,4,369,7,1,1,-95,6,2383,17390,178,100,5,1,3
2839,5,1,512,0,846,8,1,6,1,1,-94,0,1133,11723,189,100,4,0,0
2838,14,10,1024,0,857,4,4,7,1,1,-52,0,788,8799,178,100,2,0,0
2837,19,15,1280,10,647,5,4,7,1,1,-52,0,562,11346,175,100,2,0,0
2837,17,12,1280,0,869,5,5,7,1,1,-70,0,443,4472,172,100,2,0,0
2839,15,10,1024,10,838,4,10,7,1,1,-70,4,1816,19648,177,100,3,0,0
2839,11,7,1024,10,866,5,10,7,1,1,-52,1,543,7295,181,100,1,0,0
2838,20,15,1280,0,821,5,5,7,1,1,-70,1,601,7522,170,100,1,0,0
2839,12,8,1024,0,854,6,390,7,1,1,-52,1,1676,14975,171,100,7,1,3
2841,8,4,768,0,861,7,10,7,1,2,-52,3,2493,20289,185,100,4,0,0
2841,9,4,768,0,895,5,363,7,1,1,-70,0,415,6082,184,100,3,1,3
2842,1,0,256,0,12,0,0,4,0,0,0,10,1200,12685,3516,100,1,0,0
2841,16,11,1280,0,815,5,18,7,1,1,-70,0,1003,8774,141,100,2,0,0
2841,6,2,768,10,798,5,367,7,1,2,-52,0,630,5936,164,100,3,1,3
2843,5,1,512,0,848,8,1,6,1,1,-94,0,469,5287,189,100,2,0,0
2843,7,4,768,0,874,7,9,7,1,2,-70,2,1932,17459,184,100,4,0,0
2839,21,20,1536,0,877,4,6,5,1,1,-52,0,1143,11273,166,100,4,0,0
2844,2,1,512,20,826,8,1,6,1,1,-88,8,2944,18320,189,100,3,0,0
2841,18,15,1280,0,826,4,4,5,1,1,-70,0,802,10434,176,100,3,0,0
2843,14,10,1024,0,857,4,4,7,1,1,-52,0,286,4337,178,100,1,0,0
2844,10,2,768,0,815,4,371,7,1,1,-95,6,2165,13586,178,100,3,1,3
2845,3,1,512,0,807,8,3,7,1,2,-64,0,610,11015,186,100,3,0,0
2844,21,20,1536,0,880,4,6,5,1,1,-52,0,603,5375,166,100,2,0,0
2845,4,1,512,20,848,8,3,7,1,1,-66,8,2909,20631,189,100,3,0,0
2845,11,7,1024,0,868,5,10,7,1,1,-52,1,848,9222,182,100,2,0,0
2846,13,8,1024,0,871,4,378,7,1,1,-70,0,1201,11837,163,100,6,1,3
2846,15,10,1024,0,841,4,10,7,1,1,-70,4,2068,18444,178,100,3,0,0
2844,17,12,1280,0,871,5,5,7,1,1,-70,0,591,6658,172,100,3,0,0
2846,20,15,1280,10,824,5,5,7,1,1,-70,1,1232,10289,171,100,3,0,0
2846,12,8,1024,0,855,6,392,7,1,1,-52,1,893,8794,172,100,5,1,3
2848,1,0,256,0,12,0,0,4,0,0,0,10,1480,14944,3523,100,1,0,0
2848,6,2,768,0,800,5,369,7,1,2,-52,0,713,5985,165,100,4,1,3
2848,14,10,1024,0,858,4,4,7,1,1,-52,0,369,5097,178,100,1,0,0
2847,19,15,1280,10,650,5,4,7,1,1,-52,0,893,10021,176,100,2,0,0
2849,8,4,768,0,864,7,10,7,1,2,-52,3,1395,15048,185,100,3,0,0
2849,21,20,1536,0,882,4,6,5,1,1,-52,0,526,4949,167,100,2,0,0
2849,16,11,1280,0,818,5,18,7,1,1,-70,0,780,7758,142,100,3,0,0
2852,2,1,512,0,827,8,1,6,1,1,-88,8,2983,18578,190,100,2,0,0
2851,11,7,1024,0,869,5,10,7,1,1,-52,1,804,10015,182,100,2,0,0
2852,7,4,768,0,877,7,9,7,1,2,-70,2,1542,17104,185,100,2,0,0
2853,9,4,768,0,903,5,366,7,1,1,-70,0,1448,14823,185,100,6,1,3
2855,4,1,512,40,854,8,3,7,1,1,-66,8,3313,22500,190,100,3,0,0
2853,10,2,768,30,821,4,374,7,1,1,-95,6,2781,20936,179,100,6,1,3
2852,18,15,1280,0,831,4,4,5,1,1,-70,0,1035,10766,177,100,4,0,0
2855,5,1,512,0,854,8,1,6,1,1,-94,0,1157,15175,190,100,4,0,0
2853,15,10,1024,0,843,4,10,7,1,1,-70,4,1673,14500,178,100,2,0,0
2852,17,12,1280,0,877,5,5,7,1,1,-70,0,996,8095,173,100,3,0,0
2856,1,0,256,0,12,0,0,4,0,0,0,10,1963,18994,3535,100,2,0,0
2856,3,1,512,0,813,8,3,7,1,2,-64,0,1134,14364,187,100,4,0,0
2855,6,2,768,0,804,5,370,7,1,2,-52,0,753,8796,165,100,4,1,3
2855,16,11,1280,0,822,5,18,7,1,1,-70,0,709,6036,142,100,2,0,0
2855,12,8,1024,0,858,6,394,7,1,1,-52,1,1256,12118,173,100,5,1,3
2856,19,15,1280,0,652,5,4,7,1,1,-52,0,703,8530,177,100,2,0,0
2856,11,7,1024,0,871,5,10,7,1,1,-52,1,790,8918,182,100,2,0,0
2856,20,15,1280,0,828,5,5,7,1,1,-70,1,1332,13831,172,100,3,0,0
2857,13,8,1024,0,879,4,382,7,1,1,-70,0,1470,12417,164,100,8,1,3
2857,18,15,1280,0,832,4,4,5,1,1,-70,0,268,4219,177,100,1,0,0
2858,9,4,768,10,904,5,367,7,1,1,-70,0,295,5206,185,100,2,1,3
2860,2,1,512,10,829,8,1,6,1,1,-88,8,2213,17097,190,100,3,0,0
2858,14,10,1024,10,863,4,4,7,1,1,-52,0,903,9817,179,100,4,0,0
2861,1,0,256,0,12,0,0,4,0,0,0,10,1029,11594,3539,100,0,0,0
2861,8,4,768,0,869,7,10,7,1,2,-52,3,2342,23145,186,100,4,0,0
2860,10,2,768,0,822,4,375,7,1,1,-95,6,1967,13748,179,100,4,1,3
2860,21,20,1536,0,889,4,6,5,1,1,-52,0,1192,10956,167,100,4,0,0
2861,12,8,1024,0,859,6,395,7,1,1,-52,1,558,7586,173,100,3,1,3
2862,11,7,1024,0,875,5,10,7,1,1,-52,1,898,9086,183,100,3,0,0
2863,4,1,512,0,857,8,3,7,1,1,-66,8,3592,23631,190,100,4,0,0
2863,5,1,512,0,857,8,1,6,1,1,-94,0,624,10243,190,100,2,0,0
2863,19,15,1280,0,652,5,4,7,1,1,-52,0,286,5608,177,100,1,0,0
2862,6,2,768,0,807,5,372,7,1,2,-52,0,803,6744,166,100,6,1,3
2864,2,1,512,10,831,8,1,6,1,1,-88,8,1627,10697,191,100,1,0,0
2864,7,4,768,0,883,7,9,7,1,2,-70,2,2005,18939,186,100,5,0,0
2863,15,10,1024,0,848,4,10,7,1,1,-70,4,2759,25799,179,100,4,0,0
2866,1,0,256,0,12,0,0,4,0,0,0,10,1533,13683,3549,100,2,0,0
2865,18,15,1280,0,836,4,4,5,1,1,-70,0,879,7444,178,100,4,0,0
2863,14,10,1024,0,866,4,4,7,1,1,-52,0,703,6418,179,100,3,0,0
2863,17,12,1280,10,883,5,5,7,1,1,-70,0,954,10095,173,100,4,0,0
2866,20,15,1280,0,832,5,5,7,1,1,-70,1,1242,11121,172,100,4,0,0
2866,3,1,512,10,817,8,3,7,1,2,-64,0,852,13095,187,100,3,0,0
2868,8,4,768,0,873,7,10,7,1,2,-52,3,1271,12831,186,100,2,0,0
2867,19,15,1280,0,652,5,4,7,1,1,-52,0,262,4437,177,100,1,0,0
2867,16,11,1280,0,826,5,18,7,1,1,-70,0,928,11451,143,100,4,0,0
2867,10,2,768,0,824,4,378,7,1,1,-95,6,2547,17418,180,100,5,1,3
2868,9,4,768,10,910,5,369,7,1,1,-70,0,1118,13159,186,100,6,1,3
2868,15,10,1024,0,850,4,10,7,1,1,-70,4,1307,11153,179,100,0,0,0
2870,2,1,512,0,835,8,1,6,1,1,-88,8,2569,14474,191,100,4,0,0
2869,11,7,1024,10,878,5,10,7,1,1,-52,1,952,10871,183,100,3,0,0
2871,1,0,256,0,12,0,0,4,0,0,0,10,991,11339,3555,100,0,0,0
2868,21,20,1536,0,891,4,6,5,1,1,-52,0,576,7827,168,100,2,0,0
2869,13,8,1024,0,888,4,384,7,1,1,-70,0,1618,12553,165,100,7,1,3
2872,9,4,768,10,913,5,370,7,1,1,-70,0,607,5752,186,100,3,1,3
2872,5,1,512,0,860,8,1,6,1,1,-94,0,813,11129,191,100,4,0,0
2871,20,15,1280,0,835,5,5,7,1,1,-70,1,927,8756,173,100,2,0,0
2871,19,15,1280,0,655,5,4,7,1,1,-52,0,566,5934,178,100,0,0,0
2872,12,8,1024,0,861,6,398,7,1,1,-52,1,1191,14426,174,100,7,1,3
2873,14,10,1024,10,869,4,4,7,1,1,-52,0,778,8443,180,100,3,0,0
2873,6,2,768,0,811,5,375,7,1,2,-52,0,960,11147,166,100,6,1,3
2874,3,1,512,10,819,8,3,7,1,2,-64,0,690,10231,188,100,3,0,0
2874,2,1,512,20,836,8,1,6,1,1,-88,8,1410,10824,191,100,0,0,0
2874,4,1,512,0,859,8,3,7,1,1,-66,8,3843,31016,191,100,3,0,0
2872,17,12,1280,0,885,5,5,7,1,1,-70,0,798,9347,174,100,4,0,0
2873,18,15,1280,10,840,4,4,5,1,1,-70,0,732,8865,178,100,2,0,0
2876,11,7,1024,0,879,5,10,7,1,1,-52,1,720,9365,184,100,2,0,0
2874,10,2,768,0,827,4,379,7,1,1,-95,6,2056,15128,180,100,3,1,3
2876,7,4,768,0,890,7,9,7,1,2,-70,2,2236,20862,187,100,4,0,0
2876,8,4,768,0,878,7,10,7,1,2,-52,3,2206,19642,187,100,4,0,0
2878,5,1,512,0,863,8,1,6,1,1,-94,0,575,7116,191,100,2,0,0
2876,16,11,1280,0,830,5,18,7,1,1,-70,0,752,9537,143,100,3,0,0
2878,20,15,1280,10,839,5,5,7,1,1,-70,1,904,8694,173,100,2,0,0
2880,12,8,1024,0,864,6,399,7,1,1,-52,1,954,8471,174,100,3,1,3
2880,13,8,1024,0,892,4,387,7,1,1,-70,0,837,9237,165,100,6,1,3
2880,11,7,1024,0,881,5,10,7,1,1,-52,1,584,7228,184,100,1,0,0
2881,10,2,768,10,829,4,380,7,1,1,-95,6,1581,13917,181,100,5,1,3
2882,1,0,256,0,12,0,0,4,0,0,0,10,2755,27615,3569,100,2,0,0
2880,15,10,1024,10,856,4,10,7,1,1,-70,4,3040,28127,180,100,5,0,0
2881,6,2,768,0,815,5,376,7,1,2,-52,0,816,8265,167,100,3,1,3
2880,17,12,1280,0,888,5,5,7,1,1,-70,0,625,7522,174,100,2,0,0
2880,21,20,1536,0,898,4,6,5,1,1,-52,0,1248,12198,169,100,4,0,0
2882,9,4,768,0,919,5,372,7,1,1,-70,0,1308,14019,187,100,6,1,3
2882,2,1,512,20,839,8,1,6,1,1,-88,8,2858,19101,192,100,3,0,0
2882,8,4,768,0,882,7,10,7,1,2,-52,3,1290,11698,187,100,2,0,0
2883,4,1,512,0,865,8,3,7,1,1,-66,8,3687,22891,192,100,4,0,0
2882,16,11,1280,0,831,5,18,7,1,1,-70,0,541,5893,144,100,3,0,0
2880,14,10,1024,20,873,4,4,7,1,1,-52,0,751,8389,181,100,3,0,0
2883,19,15,1280,0,656,5,4,7,1,1,-52,0,539,10206,178,100,2,0,0
2883,7,4,768,0,891,7,9,7,1,2,-70,2,1204,12980,187,100,3,0,0
2883,18,15,1280,0,846,4,4,5,1,1,-70,0,1118,9469,179,100,4,0,0
2885,3,1,512,10,824,8,3,7,1,2,-64,0,1000,13111,189,100,4,0,0
2883,20,15,1280,0,840,5,5,7,1,1,-70,1,833,7475,173,100,2,0,0
2886,11,7,1024,0,882,5,10,7,1,1,-52,1,719,8826,184,100,2,0,0
2886,5,1,512,0,867,8,1,6,1,1,-94,0,901,10236,192,100,3,0,0
2887,9,4,768,0,921,5,373,7,1,1,-70,0,499,5214,187,100,3,1,3
2887,2,1,512,0,839,8,1,6,1,1,-88,8,1413,10032,192,100,1,0,0
2889,12,8,1024,0,867,6,401,7,1,1,-52,1,1212,11913,175,100,6,1,3
2890,1,0,256,0,12,0,0,4,0,0,0,10,1753,18021,3578,100,2,0,0
2888,10,2,768,0,833,4,383,7,1,1,-95,6,2373,16921,181,100,5,1,3
2889,16,11,1280,0,832,5,18,7,1,1,-70,0,388,6146,144,100,2,0,0
2890,8,4,768,10,885,7,10,7,1,2,-52,3,1535,15525,188,100,2,0,0
2890,21,20,1536,0,903,4,6,5,1,1,-52,0,938,9174,169,100,3,0,0
2890,7,4,768,0,893,7,9,7,1,2,-70,2,1300,12422,188,100,2,0,0
2892,13,8,1024,0,899,4,389,7,1,1,-70,0,1299,11884,166,100,7,1,3
2891,2,1,512,20,841,8,1,6,1,1,-88,8,1036,8374,193,100,2,0,0
2889,17,12,1280,0,890,5,5,7,1,1,-70,0,765,9162,175,100,3,0,0
2892,5,1,512,10,869,8,1,6,1,1,-94,0,498,7878,192,100,1,0,0
2890,6,2,768,10,822,5,378,7,1,2,-52,0,1206,8988,168,100,5,1,3
2894,12,8,1024,0,870,6,401,7,1,1,-52,1,847,6924,175,100,2,1,3
2890,14,10,1024,0,877,4,4,7,1,1,-52,0,910,10216,181,100,3,0,0
2891,15,10,1024,0,862,4,10,7,1,1,-70,4,2795,25492,181,100,5,0,0
2894,9,4,768,0,925,5,375,7,1,1,-70,0,871,9482,188,100,4,1,3
2895,3,1,512,10,828,8,3,7,1,2,-64,0,768,11494,189,100,4,0,0
2895,4,1,512,10,868,8,3,7,1,1,-66,8,4424,30162,193,100,4,0,0
2894,19,15,1280,0,657,5,4,7,1,1,-52,0,596,10401,179,100,2,0,0
2896,1,0,256,0,12,0,0,4,0,0,0,10,1859,16810,3589,100,1,0,0
2894,20,15,1280,0,847,5,5,7,1,1,-70,1,1709,14744,174,100,4,0,0
2897,5,1,512,10,871,8,1,6,1,1,-94,0,446,5258,193,100,1,0,0
2897,2,1,512,30,844,8,1,6,1,1,-88,8,2127,13200,193,100,1,0,0
2895,11,7,1024,0,886,5,10,7,1,1,-52,1,1409,17017,185,100,3,0,0
2894,18,15,1280,0,852,4,4,5,1,1,-70,0,1142,11654,180,100,4,0,0
2897,10,2,768,0,836,4,386,7,1,1,-95,6,2706,19322,182,100,6,1,3
2897,7,4,768,10,898,7,9,7,1,2,-70,2,1197,11629,188,100,3,0,0
2898,13,8,1024,0,899,4,390,7,1,1,-70,0,414,6169,166,100,3,1,3
2899,3,1,512,0,830,8,3,7,1,2,-64,0,503,6997,189,100,1,0,0
2898,20,15,1280,0,849,5,5,7,1,1,-70,1,608,6765,174,100,2,0,0
2899,8,4,768,0,893,7,10,7,1,2,-52,3,2420,19834,188,100,4,0,0
2901,1,0,256,0,12,0,0,4,0,0,0,10,913,10036,3593,100,1,0,0
2899,16,11,1280,0,838,5,18,7,1,1,-70,0,1118,10342,145,100,4,0,0
2900,14,10,1024,0,881,4,4,7,1,1,-52,0,880,8495,182,100,4,0,0
2900,6,2,768,0,828,5,380,7,1,2,-52,0,1198,11255,168,100,6,1,3
2899,17,12,1280,10,894,5,5,7,1,1,-70,0,879,9240,176,100,4,0,0
2900,15,10,1024,0,868,4,10,7,1,1,-70,4,2606,21792,181,100,2,0,0
2901,21,20,1536,0,908,4,6,5,1,1,-52,0,1040,11242,170,100,3,0,0
2904,12,8,1024,0,875,6,404,7,1,1,-52,1,1567,13741,176,100,7,1,3
2903,5,1,512,0,874,8,1,6,1,1,-94,0,720,9096,193,100,3,0,0
2902,18,15,1280,0,856,4,4,5,1,1,-70,0,735,7458,180,100,2,0,0
2902,19,15,1280,0,658,5,4,7,1,1,-52,0,763,9219,180,100,2,0,0
2903,4,1,512,10,871,8,3,7,1,1,-66,8,3135,24124,193,100,4,0,0
2904,3,1,512,0,831,8,3,7,1,2,-64,0,441,6439,190,100,1,0,0
2904,8,4,768,0,895,7,10,7,1,2,-52,3,1185,8881,189,100,2,0,0
2904,10,2,768,10,840,4,387,7,1,1,-95,6,2157,14427,182,100,4,1,3
2905,7,4,768,0,901,7,9,7,1,2,-70,2,1282,12013,188,100,3,0,0
2904,14,10,1024,0,881,4,4,7,1,1,-52,0,262,3838,182,100,1,0,0
2905,9,4,768,0,931,5,377,7,1,1,-70,0,1140,14722,188,100,6,1,3
2905,16,11,1280,0,839,5,18,7,1,1,-70,0,457,6079,145,100,2,0,0
2907,2,1,512,0,848,8,1,6,1,1,-88,8,3648,24290,194,100,4,0,0
2908,1,0,256,0,12,0,0,4,0,0,0,10,1913,19254,3604,100,1,0,0
2908,4,1,512,30,873,8,3,7,1,1,-66,8,1688,11692,194,100,0,0,0
2907,20,15,1280,0,854,5,5,7,1,1,-70,1,1493,12775,175,100,3,0,0
2907,11,7,1024,0,895,5,11,7,1,1,-52,1,2246,20331,186,100,6,0,0
2908,10,2,768,0,841,4,388,7,1,1,-95,6,1257,9568,182,100,2,1,3
2908,8,4,768,10,897,7,10,7,1,2,-52,3,575,8894,189,100,0,0,0
2909,6,2,768,0,832,5,382,7,1,2,-52,0,845,8302,169,100,4,1,3
2909,13,8,1024,0,906,4,394,7,1,1,-70,0,1473,12269,167,100,8,1,3
2907,21,20,1536,0,911,4,6,5,1,1,-52,0,780,7713,171,100,3,0,0
2910,14,10,1024,0,883,4,4,7,1,1,-52,0,495,5739,182,100,2,0,0
2909,17,12,1280,10,899,5,5,7,1,1,-70,0,859,9948,176,100,4,0,0
2909,19,15,1280,0,658,5,4,7,1,1,-52,0,352,7793,180,100,1,0,0
2911,16,11,1280,0,840,5,18,7,1,1,-70,0,450,6042,146,100,1,0,0
2912,5,1,512,10,879,8,1,6,1,1,-94,0,905,11104,194,100,3,0,0
2911,15,10,1024,0,872,4,10,7,1,1,-70,4,2786,26250,182,100,4,0,0
2911,20,15,1280,0,856,5,5,7,1,1,-70,1,613,5799,175,100,1,0,0
2913,3,1,512,0,835,8,3,7,1,2,-64,0,844,10878,190,100,4,0,0
2913,2,1,512,10,850,8,1,6,1,1,-88,8,2466,15294,194,100,2,0,0
2911,18,15,1280,0,859,4,4,5,1,1,-70,0,815,10207,181,100,3,0,0
2914,1,0,256,0,12,0,0,4,0,0,0,10,1444,14398,3610,100,1,0,0
2913,12,8,1024,10,879,6,407,7,1,1,-52,1,1399,15121,176,100,6,1,3
2914,9,4,768,0,934,5,379,7,1,1,-70,0,863,10989,189,100,5,1,3
2913,19,15,1280,0,658,5,4,7,1,1,-52,0,262,4241,180,100,1,0,0
2917,4,1,512,20,878,8,3,7,1,1,-66,8,2963,21232,194,100,4,0,0
2915,21,20,1536,0,915,4,6,5,1,1,-52,0,708,7553,171,100,2,0,0
2915,7,4,768,0,904,7,9,7,1,2,-70,2,1772,18451,189,100,4,0,0
2917,5,1,512,0,880,8,1,6,1,1,-94,0,386,6673,194,100,2,0,0
2917,8,4,768,0,900,7,10,7,1,2,-52,3,1908,17581,190,100,4,0,0
2918,13,8,1024,0,908,4,396,7,1,1,-70,0,737,8507,168,100,6,1,3
2919,2,1,512,0,852,8,1,6,1,1,-88,8,1173,9989,194,100,1,0,0
2917,11,7,1024,0,901,5,11,7,1,1,-52,1,1466,16220,186,100,3,0,0
2918,10,2,768,0,844,4,390,7,1,1,-95,6,2849,21405,183,100,6,1,3
2917,17,12,1280,0,903,5,5,7,1,1,-70,0,886,8209,177,100,2,0,0
2919,6,2,768,0,837,5,384,7,1,2,-52,0,1015,10148,169,100,5,1,3
2917,16,11,1280,0,845,5,18,7,1,1,-70,0,810,6933,146,100,3,0,0
2920,14,10,1024,0,889,4,4,7,1,1,-52,0,1020,9888,183,100,3,0,0
2918,9,4,768,0,937,5,380,7,1,1,-70,0,629,6409,189,100,3,1,3
2918,18,15,1280,0,862,4,4,5,1,1,-70,0,608,6781,181,100,1,0,0
2922,3,1,512,0,838,8,3,7,1,2,-64,0,795,11115,191,100,3,0,0
2921,15,10,1024,0,875,4,10,7,1,1,-70,4,2381,23280,183,100,3,0,0
2922,4,1,512,0,879,8,3,7,1,1,-66,8,2444,15920,194,100,1,0,0
2922,7,4,768,0,906,7,9,7,1,2,-70,2,1157,11298,190,100,1,0,0
2923,2,1,512,10,852,8,1,6,1,1,-88,8,1704,10779,195,100,1,0,0
2921,17,12,1280,0,905,5,5,7,1,1,-70,0,494,4573,177,100,2,0,0
2922,21,20,1536,0,919,4,6,5,1,1,-52,0,782,7106,172,100,3,0,0
2925,1,0,256,0,12,0,0,4,0,0,0,10,2803,26983,3628,100,2,0,0
2924,8,4,768,10,901,7,10,7,1,2,-52,3,1329,14420,190,100,2,0,0
2922,20,15,1280,0,859,5,5,7,1,1,-70,1,1711,16487,176,100,4,0,0
2924,12,8,1024,0,887,6,411,7,1,1,-52,1,2018,15912,177,100,7,1,3
2925,13,8,1024,0,913,4,398,7,1,1,-70,0,896,7935,168,100,4,1,3
2924,18,15,1280,0,865,4,4,5,1,1,-70,0,651,5123,182,100,3,0,0
2926,5,1,512,10,886,8,1,6,1,1,-94,0,1115,11301,195,100,3,0,0
2925,10,2,768,30,846,4,392,7,1,1,-95,6,2165,16166,184,100,4,1,3
2924,19,15,1280,0,661,5,4,7,1,1,-52,0,808,10634,181,100,2,0,0
2927,6,2,768,0,840,5,388,7,1,2,-52,0,794,8254,170,100,6,1,3
2929,16,11,1280,0,847,5,19,7,1,1,-70,0,651,10364,147,100,3,0,0
2928,14,10,1024,0,892,4,4,7,1,1,-52,0,779,8554,184,100,3,0,0
2928,11,7,1024,0,902,5,11,7,1,1,-52,1,1339,17211,187,100,4,0,0
2929,4,1,512,30,882,8,3,7,1,1,-66,8,2349,18184,195,100,3,0,0
2929,15,10,1024,0,877,4,10,7,1,1,-70,4,1954,18267,183,100,2,0,0
2931,1,0,256,0,12,0,0,4,0,0,0,10,1284,13803,3635,100,1,0,0
2929,12,8,1024,0,889,6,412,7,1,1,-52,1,847,7068,178,100,4,1,3
2930,9,4,768,0,939,5,383,7,1,1,-70,0,806,12821,190,100,6,1,3
2932,3,1,512,0,843,8,3,7,1,2,-64,0,1033,13524,192,100,3,0,0
2929,17,12,1280,0,911,5,5,7,1,1,-70,0,1002,8640,178,100,2,0,0
2931,18,15,1280,0,867,4,4,5,1,1,-70,0,591,6562,182,100,3,0,0
2932,6,2,768,0,841,5,388,7,1,2,-52,0,362,4250,170,100,2,1,3
2931,13,8,1024,0,914,4,400,7,1,1,-70,0,566,6136,169,100,4,1,3
2933,2,1,512,10,858,8,1,6,1,1,-88,8,3431,22459,195,100,4,0,0
2932,7,4,768,0,910,7,9,7,1,2,-70,2,1391,15574,190,100,4,0,0
2933,8,4,768,0,903,7,10,7,1,2,-52,3,2063,17737,191,100,3,0,0
2934,5,1,512,10,890,8,1,6,1,1,-94,0,732,10071,195,100,2,0,0
2932,20,15,1280,10,864,5,5,7,1,1,-70,1,1162,11390,177,100,3,0,0
2934,4,1,512,10,884,8,3,7,1,1,-66,8,2062,13565,195,100,1,0,0
2933,10,2,768,0,847,4,395,7,1,1,-95,6,2009,16412,184,100,5,1,3
2935,9,4,768,0,941,5,384,7,1,1,-70,0,492,5877,190,100,4,1,3
2933,21,20,1536,0,922,4,6,5,1,1,-52,0,873,11412,172,100,3,0,0
2936,16,11,1280,0,852,5,19,7,1,1,-70,0,877,7684,147,100,3,0,0
2935,19,15,1280,10,667,5,4,7,1,1,-52,0,1118,10684,182,100,4,0,0
2937,2,1,512,0,860,8,1,6,1,1,-88,8,1853,11493,196,100,2,0,0
2938,8,4,768,0,905,7,10,7,1,2,-52,3,666,8872,191,100,2,0,0
2938,11,7,1024,0,906,5,11,7,1,1,-52,1,1244,14969,188,100,3,0,0
2939,3,1,512,0,847,8,3,7,1,2,-64,0,731,8801,192,100,2,0,0
2939,13,8,1024,0,917,4,401,7,1,1,-70,0,751,7862,169,100,4,1,3
2941,1,0,256,0,12,0,0,4,0,0,0,10,2784,25875,3649,100,2,0,0
2940,7,4,768,0,915,7,9,7,1,2,-70,2,1723,15608,191,100,3,0,0
2940,14,10,1024,0,900,4,4,7,1,1,-52,0,1294,11771,184,100,5,0,0
2940,12,8,1024,0,892,6,415,7,1,1,-52,1,1229,15066,178,100,7,1,3
2940,15,10,1024,0,881,4,10,7,1,1,-70,4,2505,24602,184,100,5,0,0
2939,17,12,1280,10,913,5,5,7,1,1,-70,0,616,8863,178,100,3,0,0
2940,6,2,768,0,845,5,390,7,1,2,-52,0,958,9390,171,100,6,1,3
2943,5,1,512,0,895,8,1,6,1,1,-94,0,1104,11415,196,100,3,0,0
2942,18,15,1280,0,870,4,4,5,1,1,-70,0,699,9217,183,100,3,0,0
2941,20,15,1280,0,867,5,5,7,1,1,-70,1,1166,11903,177,100,3,0,0
2943,8,4,768,0,906,7,10,7,1,2,-52,3,1021,9680,191,100,2,0,0
2943,4,1,512,0,886,8,3,7,1,1,-66,8,3087,21938,196,100,4,0,0
2942,10,2,768,0,851,4,397,7,1,1,-95,6,2688,18792,185,100,5,1,3
2943,9,4,768,0,944,5,386,7,1,1,-70,0,942,11210,191,100,4,1,3
2941,21,20,1536,0,925,4,6,5,1,1,-52,0,856,7066,173,100,4,0,0
2945,11,7,1024,0,909,5,11,7,1,1,-52,1,808,9575,188,100,2,0,0
2946,3,1,512,0,850,8,3,7,1,2,-64,0,673,8667,193,100,2,0,0
2944,19,15,1280,0,670,5,4,7,1,1,-52,0,658,8659,182,100,1,0,0
2947,16,11,1280,0,856,5,19,7,1,1,-70,0,1011,9732,148,100,4,0,0
2945,13,8,1024,0,918,4,403,7,1,1,-70,0,500,6257,170,100,4,1,3
2945,14,10,1024,0,901,4,4,7,1,1,-52,0,451,5608,185,100,1,0,0
2946,12,8,1024,0,895,6,417,7,1,1,-52,1,1076,8615,179,100,4,1,3
2950,4,1,512,0,888,8,3,7,1,1,-66,8,2297,16400,196,100,2,0,0
2950,1,0,256,0,12,0,0,4,0,0,0,10,2028,21804,3660,100,2,0,0
2950,2,1,512,0,864,8,1,6,1,1,-88,8,3384,25662,197,100,4,0,0
2950,8,4,768,0,909,7,10,7,1,2,-52,3,1627,14093,192,100,2,0,0
2947,17,12,1280,10,916,5,5,7,1,1,-70,0,676,7476,179,100,3,0,0
2950,18,15,1280,0,874,4,4,5,1,1,-70,0,829,7885,183,100,3,0,0
2950,10,2,768,0,854,4,399,7,1,1,-95,6,1944,16884,185,100,4,1,3
2951,9,4,768,10,946,5,387,7,1,1,-70,0,528,8074,192,100,2,1,3
2952,5,1,512,0,897,8,1,6,1,1,-94,0,623,10609,196,100,3,0,0
2950,15,10,1024,10,883,4,10,7,1,1,-70,4,2416,23587,185,100,3,0,0
2949,19,15,1280,0,673,5,4,7,1,1,-52,0,639,5427,183,100,1,0,0
2951,16,11,1280,0,861,5,19,7,1,1,-70,0,702,5128,148,100,0,0,0
2951,20,15,1280,0,871,5,5,7,1,1,-70,1,1192,12936,178,100,2,0,0
2951,7,4,768,10,922,7,9,7,1,2,-70,2,1987,17504,192,100,4,0,0
2953,11,7,1024,0,914,5,11,7,1,1,-52,1,1635,15046,189,100,4,0,0
2953,6,2,768,0,852,5,394,7,1,2,-52,0,1341,12126,172,100,7,1,3
2953,14,10,1024,0,909,4,4,7,1,1,-52,0,1154,8208,185,100,3,0,0
2953,21,20,1536,0,931,4,6,5,1,1,-52,0,1141,11664,174,100,4,0,0
2955,8,4,768,10,911,7,10,7,1,2,-52,3,878,9340,192,100,2,0,0
2956,13,8,1024,0,923,4,405,7,1,1,-70,0,908,9176,170,100,6,1,3
2954,19,15,1280,0,676,5,4,7,1,1,-52,0,601,5885,183,100,2,0,0
2956,12,8,1024,0,900,6,418,7,1,1,-52,1,1308,12124,179,100,5,1,3
2957,16,11,1280,0,863,5,19,7,1,1,-70,0,551,6202,149,100,2,0,0
2957,2,1,512,0,866,8,1,6,1,1,-88,8,2724,16948,197,100,2,0,0
2958,7,4,768,0,924,7,9,7,1,2,-70,2,1201,11461,192,100,2,0,0
2958,4,1,512,10,892,8,3,7,1,1,-66,8,3530,23390,197,100,2,0,0
2958,3,1,512,0,855,8,3,7,1,2,-64,0,975,15692,193,100,4,0,0
2959,1,0,256,0,12,0,0,4,0,0,0,10,2433,22911,3673,100,2,0,0
2956,18,15,1280,0,876,4,4,5,1,1,-70,0,658,7952,184,100,2,0,0
2959,17,12,1280,0,922,5,5,7,1,1,-70,0,1017,10080,180,100,3,0,0
2960,5,1,512,0,900,8,1,6,1,1,-94,0,789,10350,197,100,4,0,0
2959,6,2,768,0,854,5,396,7,1,2,-52,0,551,6082,172,100,4,1,3
2958,10,2,768,0,855,4,402,7,1,1,-95,6,2758,19916,186,100,6,1,3
2959,9,4,768,0,950,5,389,7,1,1,-70,0,987,12640,192,100,6,1,3
2959,15,10,1024,0,891,4,10,7,1,1,-70,4,3000,23800,185,100,5,0,0
2961,11,7,1024,0,920,5,11,7,1,1,-52,1,1358,13781,189,100,3,0,0
2959,19,15,1280,0,679,5,4,7,1,1,-52,0,607,5411,183,100,1,0,0
2961,12,8,1024,0,901,6,420,7,1,1,-52,1,868,7255,180,100,4,1,3
2964,16,11,1280,0,866,5,19,7,1,1,-70,0,723,6889,149,100,3,0,0
2963,2,1,512,0,871,8,1,6,1,1,-88,8,2041,14257,197,100,2,0,0
2963,13,8,1024,0,927,4,407,7,1,1,-70,0,942,7992,171,100,5,1,3
2961,20,15,1280,0,874,5,5,7,1,1,-70,1,1267,15160,179,100,4,0,0
2964,8,4,768,0,915,7,10,7,1,2,-52,3,2285,20430,193,100,3,0,0
2964,10,2,768,0,859,4,403,7,1,1,-95,6,1495,11012,186,100,4,1,3
2966,3,1,512,0,857,8,3,7,1,2,-64,0,688,9268,194,100,3,0,0
2963,14,10,1024,0,914,4,4,7,1,1,-52,0,1011,10798,186,100,4,0,0
2966,12,8,1024,0,902,6,421,7,1,1,-52,1,381,5913,180,100,1,1,3
2966,5,1,512,0,903,8,1,6,1,1,-94,0,707,8148,197,100,2,0,0
2962,21,20,1536,0,932,4,6,5,1,1,-52,0,534,9230,174,100,3,0,0
2967,4,1,512,0,895,8,3,7,1,1,-66,8,3443,23102,197,100,3,0,0
2966,11,7,1024,0,924,5,11,7,1,1,-52,1,1034,8610,190,100,2,0,0
2963,18,15,1280,10,879,4,4,5,1,1,-70,0,727,6785,184,100,2,0,0
2966,17,12,1280,0,922,5,5,7,1,1,-70,0,413,7041,180,100,1,0,0
2967,9,4,768,0,951,5,391,7,1,1,-70,0,645,8891,193,100,3,1,3
2969,7,4,768,10,931,7,9,7,1,2,-70,2,2200,19006,193,100,4,0,0
2970,2,1,512,0,873,8,1,6,1,1,-88,8,2240,14631,198,100,3,0,0
2970,1,0,256,0,12,0,0,4,0,0,0,10,2802,27065,3687,100,2,0,0
2968,14,10,1024,0,914,4,4,7,1,1,-52,0,264,3812,186,100,1,0,0
2970,12,8,1024,10,904,6,422,7,1,1,-52,1,713,5636,180,100,3,1,3
2970,6,2,768,0,862,5,399,7,1,2,-52,0,1438,11361,173,100,7,1,3
2970,15,10,1024,0,895,4,10,7,1,1,-70,4,2345,21804,186,100,3,0,0
2972,4,1,512,10,896,8,3,7,1,1,-66,8,1715,13455,198,100,2,0,0
2971,18,15,1280,10,880,4,4,5,1,1,-70,0,541,5913,185,100,3,0,0
2972,16,11,1280,0,868,5,19,7,1,1,-70,0,575,7946,150,100,2,0,0
2971,17,12,1280,10,924,5,5,7,1,1,-70,0,470,4622,180,100,2,0,0
2972,5,1,512,0,906,8,1,6,1,1,-94,0,701,8171,198,100,2,0,0
2973,8,4,768,20,918,7,10,7,1,2,-52,3,1760,17424,193,100,3,0,0
2971,20,15,1280,0,877,5,5,7,1,1,-70,1,1111,10292,179,100,3,0,0
2973,13,8,1024,10,933,4,409,7,1,1,-70,0,1094,9927,171,100,6,1,3
2972,19,15,1280,10,681,5,4,7,1,1,-52,0,701,11185,184,100,2,0,0
2974,11,7,1024,10,926,5,11,7,1,1,-52,1,981,12019,190,100,3,0,0
2975,10,2,768,0,864,4,407,7,1,1,-95,6,3345,23861,187,100,7,1,3
2976,1,0,256,0,12,0,0,4,0,0,0,10,1364,14276,3696,100,1,0,0
2977,3,1,512,0,864,8,3,7,1,2,-64,0,1234,13946,195,100,5,0,0
2976,21,20,1536,0,934,4,6,5,1,1,-52,0,719,10708,175,100,3,0,0
2976,14,10,1024,0,917,4,4,7,1,1,-52,0,675,7866,187,100,3,0,0
2978,9,4,768,0,955,5,394,7,1,1,-70,0,978,13242,193,100,6,1,3
2978,12,8,1024,10,908,6,424,7,1,1,-52,1,1303,11439,181,100,5,1,3
2978,6,2,768,0,865,5,401,7,1,2,-52,0,779,8626,173,100,5,1,3
2980,13,8,1024,0,935,4,411,7,1,1,-70,0,639,7011,172,100,3,1,3
2981,4,1,512,10,899,8,3,7,1,1,-66,8,3008,22238,198,100,2,0,0
2981,2,1,512,10,877,8,1,6,1,1,-88,8,3492,24913,199,100,4,0,0
2980,7,4,768,0,935,7,9,7,1,2,-70,2,1805,19833,193,100,5,0,0
2980,20,15,1280,0,879,5,5,7,1,1,-70,1,849,11155,180,100,1,0,0
2980,17,12,1280,0,927,5,5,7,1,1,-70,0,797,8772,181,100,4,0,0
2981,1,0,256,0,12,0,0,4,0,0,0,10,1283,13402,3701,100,1,0,0
2981,5,1,512,0,908,8,1,6,1,1,-94,0,618,10694,198,100,2,0,0
2980,21,20,1536,0,936,4,6,5,1,1,-52,0,471,4250,175,100,2,0,0
2981,11,7,1024,0,930,5,11,7,1,1,-52,1,851,10537,191,100,2,0,0
2982,8,4,768,0,922,7,10,7,1,2,-52,3,2186,18036,194,100,3,0,0
2981,18,15,1280,0,883,4,4,5,1,1,-70,0,674,10454,185,100,2,0,0
2981,16,11,1280,10,871,5,19,7,1,1,-70,0,729,9721,150,100,2,0,0
2981,15,10,1024,10,896,4,10,7,1,1,-70,4,2629,27361,187,100,3,0,0
2981,19,15,1280,10,682,5,4,7,1,1,-52,0,596,9702,185,100,2,0,0
2984,12,8,1024,10,910,6,425,7,1,1,-52,1,848,8086,181,100,3,1,3
2983,14,10,1024,0,919,4,4,7,1,1,-52,0,615,7732,187,100,3,0,0
2984,21,20,1536,0,937,4,6,5,1,1,-52,0,322,4256,176,100,1,0,0
2984,10,2,768,0,867,4,409,7,1,1,-95,6,2894,21103,187,100,7,1,3
2986,9,4,768,0,960,5,397,7,1,1,-70,0,1122,11448,194,100,7,1,3
2987,3,1,512,0,869,8,3,7,1,2,-64,0,1053,14367,195,100,3,0,0
2988,2,1,512,20,879,8,1,6,1,1,-88,8,2562,16475,199,100,2,0,0
2988,8,4,768,10,924,7,10,7,1,2,-52,3,874,11255,194,100,2,0,0
2988,4,1,512,10,904,8,3,7,1,1,-66,8,3212,21442,199,100,4,0,0
2989,7,4,768,0,938,7,9,7,1,2,-70,2,1304,13952,194,100,3,0,0
2987,19,15,1280,0,684,5,4,7,1,1,-52,0,525,6383,185,100,1,0,0
2989,11,7,1024,0,935,5,11,7,1,1,-52,1,1415,14415,191,100,3,0,0
2989,6,2,768,0,869,5,403,7,1,2,-52,0,964,10276,174,100,5,1,3
2989,13,8,1024,10,939,4,414,7,1,1,-70,0,880,9218,172,100,6,1,3
2988,18,15,1280,0,886,4,4,5,1,1,-70,0,779,7811,186,100,3,0,0
2990,5,1,512,10,911,8,1,6,1,1,-94,0,692,10781,199,100,3,0,0
2990,15,10,1024,0,900,4,10,7,1,1,-70,4,2096,20259,187,100,2,0,0
2990,17,12,1280,0,933,5,5,7,1,1,-70,0,1117,10556,182,100,4,0,0
2991,10,2,768,0,869,4,410,7,1,1,-95,6,1631,13605,188,100,3,1,3
2992,1,0,256,0,12,0,0,4,0,0,0,10,2673,26113,3716,100,2,0,0
2991,2,1,512,0,881,8,1,6,1,1,-88,8,1613,10631,199,100,2,0,0
2992,20,15,1280,0,882,5,5,7,1,1,-70,1,1503,16133,181,100,4,0,0
2991,21,20,1536,0,941,4,6,5,1,1,-52,0,829,7613,176,100,3,0,0
2993,16,11,1280,10,879,5,19,7,1,1,-70,0,1353,12355,151,100,5,0,0
2992,14,10,1024,0,922,4,4,7,1,1,-52,0,683,8391,188,100,2,0,0
2993,6,2,768,0,870,5,404,7,1,2,-52,0,415,4548,174,100,3,1,3
2994,8,4,768,10,926,7,10,7,1,2,-52,3,1599,15804,195,100,3,0,0
2994,19,15,1280,0,684,5,4,7,1,1,-52,0,318,5008,186,100,1,0,0
2994,7,4,768,0,940,7,9,7,1,2,-70,2,1210,11878,194,100,2,0,0
2995,12,8,1024,0,914,6,428,7,1,1,-52,1,1452,14451,182,100,8,1,3
2997,3,1,512,10,873,8,3,7,1,2,-64,0,800,12022,196,100,3,0,0
2997,9,4,768,0,965,5,400,7,1,1,-70,0,1147,14491,195,100,7,1,3
2997,10,2,768,10,871,4,412,7,1,1,-95,6,1709,11987,188,100,4,1,3
2995,15,10,1024,10,903,4,10,7,1,1,-70,4,1755,14524,188,100,3,0,0
2997,4,1,512,20,908,8,3,7,1,1,-66,8,3747,26524,200,100,4,0,0
2998,1,0,256,0,12,0,0,4,0,0,0,10,1586,15750,3725,100,1,0,0
2996,20,15,1280,0,884,5,5,7,1,1,-70,1,810,6382,181,100,1,0,0
2998,19,15,1280,0,684,5,4,7,1,1,-52,0,286,4718,186,100,1,0,0
2999,13,8,1024,0,943,4,416,7,1,1,-70,0,1013,11026,173,100,7,1,3
3000,5,1,512,0,915,8,1,6,1,1,-94,0,945,13099,200,100,4,0,0
2999,18,15,1280,0,890,4,4,5,1,1,-70,0,853,10152,186,100,3,0,0
3000,11,7,1024,0,944,5,11,7,1,1,-52,1,1808,17945,192,100,4,0,0
2999,8,4,768,10,928,7,10,7,1,2,-52,3,926,9674,195,100,2,0,0
2999,7,4,768,0,944,7,9,7,1,2,-70,2,1128,9327,195,100,2,0,0
3001,2,1,512,10,886,8,1,6,1,1,-88,8,3301,20708,200,100,4,0,0
3000,12,8,1024,0,915,6,430,7,1,1,-52,1,443,6583,182,100,2,1,3
3002,15,10,1024,0,905,4,10,7,1,1,-70,4,1189,10297,188,100,2,0,0
3000,17,12,1280,0,936,5,5,7,1,1,-70,0,742,10008,182,100,4,0,0
3000,21,20,1536,0,946,4,6,5,1,1,-52,0,919,8996,177,100,2,0,0
3003,3,1,512,0,875,8,3,7,1,2,-64,0,592,8938,197,100,2,0,0
3003,10,2,768,10,873,4,413,7,1,1,-95,6,2074,14511,189,100,3,1,3
3004,14,10,1024,0,926,4,4,7,1,1,-52,0,927,10713,189,100,4,0,0
3004,16,11,1280,0,881,5,19,7,1,1,-70,0,820,11586,152,100,4,0,0
3005,6,2,768,0,875,5,407,7,1,2,-52,0,1002,10990,175,100,5,1,3
3005,13,8,1024,0,950,4,418,7,1,1,-70,0,1144,6965,174,100,4,1,3
3007,18,15,1280,0,893,4,4,5,1,1,-70,0,652,5311,187,100,3,0,0
3007,4,1,512,10,911,8,3,7,1,1,-66,8,3080,24048,200,100,2,0,0
3008,2,1,512,0,889,8,1,6,1,1,-88,8,2347,15495,200,100,2,0,0
3006,17,12,1280,0,939,5,5,7,1,1,-70,0,658,6310,183,100,2,0,0
3008,5,1,512,0,918,8,1,6,1,1,-94,0,702,9459,200,100,2,0,0
3008,20,15,1280,0,891,5,5,7,1,1,-70,1,1665,14794,182,100,3,0,0
3007,11,7,1024,0,947,5,11,7,1,1,-52,1,1071,12671,193,100,4,0,0
3007,8,4,768,0,934,7,10,7,1,2,-52,3,2294,18766,196,100,3,0,0
3008,9,4,768,0,970,5,402,7,1,1,-70,0,1011,13530,195,100,6,1,3
3009,10,2,768,10,876,4,414,7,1,1,-95,6,1449,12042,189,100,2,1,3
3010,1,0,256,0,12,0,0,4,0,0,0,10,2664,27596,3739,100,2,0,0
3009,14,10,1024,0,927,4,4,7,1,1,-52,0,364,4680,189,100,2,0,0
3010,21,20,1536,0,950,4,6,5,1,1,-52,0,799,6982,177,100,4,0,0
3010,12,8,1024,0,920,6,433,7,1,1,-52,1,1745,14918,183,100,7,1,3
3011,15,10,1024,10,909,4,10,7,1,1,-70,4,2346,21834,189,100,3,0,0
3010,16,11,1280,0,883,5,19,7,1,1,-70,0,520,6662,152,100,2,0,0
3011,19,15,1280,20,688,5,4,7,1,1,-52,0,808,11361,187,100,2,0,0
3013,2,1,512,30,891,8,1,6,1,1,-88,8,2055,12388,201,100,2,0,0
3011,11,7,1024,0,949,5,11,7,1,1,-52,1,642,7181,193,100,1,0,0
3012,3,1,512,0,879,8,3,7,1,2,-64,0,826,11493,197,100,3,0,0
3011,6,2,768,0,879,5,408,7,1,2,-52,0,828,6960,175,100,5,1,3
3011,7,4,768,10,947,7,9,7,1,2,-70,2,1745,20560,196,100,4,0,0
3011,17,12,1280,0,941,5,5,7,1,1,-70,0,494,4782,183,100,2,0,0
3014,10,2,768,0,878,4,416,7,1,1,-95,6,1615,10867,189,100,4,1,3
3014,12,8,1024,0,924,6,434,7,1,1,-52,1,982,7085,183,100,3,1,3
3014,13,8,1024,0,954,4,420,7,1,1,-70,0,899,9806,174,100,7,1,3
3016,6,2,768,0,881,5,409,7,1,2,-52,0,480,5002,176,100,2,1,3
3015,18,15,1280,0,895,4,4,5,1,1,-70,0,645,9980,187,100,2,0,0
3017,5,1,512,0,922,8,1,6,1,1,-94,0,822,12035,201,100,3,0,0
3016,16,11,1280,0,885,5,19,7,1,1,-70,0,551,6331,153,100,2,0,0
3018,1,0,256,0,12,0,0,4,0,0,0,10,1986,20273,3750,100,1,0,0
3016,19,15,1280,0,690,5,4,7,1,1,-52,0,633,6749,187,100,1,0,0
3018,4,1,512,0,916,8,3,7,1,1,-66,8,4193,29154,201,100,4,0,0
3018,7,4,768,0,949,7,9,7,1,2,-70,2,1089,11613,196,100,2,0,0
3017,20,15,1280,0,895,5,5,7,1,1,-70,1,1429,14886,183,100,4,0,0
3018,14,10,1024,0,931,4,4,7,1,1,-52,0,909,10343,190,100,3,0,0
3018,8,4,768,10,939,7,10,7,1,2,-52,3,2537,23687,197,100,5,0,0
3018,21,20,1536,0,954,4,6,5,1,1,-52,0,933,10227,178,100,3,0,0
3019,9,4,768,0,973,5,405,7,1,1,-70,0,939,14152,196,100,6,1,3
3020,15,10,1024,10,912,4,10,7,1,1,-70,4,2563,23148,189,100,4,0,0
3018,17,12,1280,0,944,5,5,7,1,1,-70,0,657,7464,184,100,2,0,0
3021,6,2,768,10,881,5,411,7,1,2,-52,0,414,5351,176,100,4,1,3
3022,3,1,512,0,883,8,3,7,1,2,-64,0,921,12694,198,100,4,0,0
3022,7,4,768,0,952,7,9,7,1,2,-70,2,726,7501,196,100,2,0,0
3024,2,1,512,0,897,8,1,6,1,1,-88,8,3711,25430,201,100,4,0,0
3024,1,0,256,0,12,0,0,4,0,0,0,10,1397,14448,3758,100,1,0,0
3025,4,1,512,30,919,8,3,7,1,1,-66,8,2393,17152,201,100,2,0,0
3023,11,7,1024,0,955,5,11,7,1,1,-52,1,1632,19181,194,100,5,0,0
3022,13,8,1024,0,959,4,423,7,1,1,-70,0,952,9009,175,100,4,1,3
3023,16,11,1280,0,887,5,19,7,1,1,-70,0,495,6248,153,100,2,0,0
3024,18,15,1280,10,901,4,4,5,1,1,-70,0,996,8628,188,100,3,0,0
3022,17,12,1280,0,947,5,5,7,1,1,-70,0,601,5500,184,100,2,0,0
3026,5,1,512,0,924,8,1,6,1,1,-94,0,613,10712,201,100,3,0,0
3026,10,2,768,10,885,4,419,7,1,1,-95,6,3399,25553,190,100,7,1,3
3023,12,8,1024,0,926,6,437,7,1,1,-52,1,1371,13382,184,100,7,1,3
3026,3,1,512,0,885,8,3,7,1,2,-64,0,468,5520,198,100,2,0,0
3024,20,15,1280,10,900,5,5,7,1,1,-70,1,1164,9931,183,100,2,0,0
3026,9,4,768,0,976,5,407,7,1,1,-70,0,713,9065,197,100,4,1,3
3025,21,20,1536,0,956,4,6,5,1,1,-52,0,551,6738,179,100,2,0,0
3026,14,10,1024,0,933,4,4,7,1,1,-52,0,555,6957,190,100,3,0,0
3026,19,15,1280,0,692,5,4,7,1,1,-52,0,701,10436,188,100,2,0,0
3029,4,1,512,0,920,8,3,7,1,1,-66,8,1805,11095,201,100,2,0,0
3029,2,1,512,0,898,8,1,6,1,1,-88,8,2052,13694,202,100,2,0,0
3030,10,2,768,0,888,4,419,7,1,1,-95,6,1600,9835,190,100,2,1,3
3026,17,12,1280,0,948,5,5,7,1,1,-70,0,363,3808,184,100,2,0,0
3030,1,0,256,0,12,0,0,4,0,0,0,10,1755,16417,3767,100,2,0,0
3031,6,2,768,0,887,5,413,7,1,2,-52,0,1076,9126,177,100,5,1,3
3028,12,8,1024,0,927,6,438,7,1,1,-52,1,632,6069,184,100,3,1,3
3030,8,4,768,0,942,7,10,7,1,2,-52,3,2122,23209,197,100,3,0,0
3031,15,10,1024,0,921,4,10,7,1,1,-70,4,3089,26545,190,100,3,0,0
3031,18,15,1280,0,903,4,4,5,1,1,-70,0,776,7315,189,100,3,0,0
3032,16,11,1280,0,891,5,19,7,1,1,-70,0,910,9545,154,100,3,0,0
3034,3,1,512,0,888,8,3,7,1,2,-64,0,698,9503,199,100,2,0,0
3031,14,10,1024,0,933,4,4,7,1,1,-52,0,356,5058,190,100,1,0,0
3034,10,2,768,20,890,4,420,7,1,1,-95,6,1455,10074,191,100,2,1,3
3032,13,8,1024,0,962,4,425,7,1,1,-70,0,825,9057,175,100,7,1,3
3032,19,15,1280,0,692,5,4,7,1,1,-52,0,287,5427,188,100,1,0,0
3036,4,1,512,30,924,8,3,7,1,1,-66,8,2521,17872,202,100,2,0,0
3033,7,4,768,0,960,7,9,7,1,2,-70,2,2253,19335,197,100,4,0,0
3034,21,20,1536,0,961,4,6,5,1,1,-52,0,857,9032,179,100,3,0,0
3034,11,7,1024,0,961,5,11,7,1,1,-52,1,1771,18426,194,100,4,0,0
3035,8,4,768,0,944,7,10,7,1,2,-52,3,1189,10079,198,100,2,0,0
3038,5,1,512,0,930,8,1,6,1,1,-94,0,1152,14932,202,100,5,0,0
3036,20,15,1280,0,904,5,5,7,1,1,-70,1,1685,16278,184,100,4,0,0
3035,12,8,1024,0,931,6,439,7,1,1,-52,1,1134,10474,185,100,3,1,3
3035,17,12,1280,0,955,5,5,7,1,1,-70,0,1020,8875,185,100,3,0,0
3037,9,4,768,0,981,5,409,7,1,1,-70,0,1055,13583,197,100,7,1,3
3038,3,1,512,10,890,8,3,7,1,2,-64,0,467,6344,199,100,2,0,0
3037,13,8,1024,0,967,4,426,7,1,1,-70,0,900,6346,176,100,3,1,3
3039,2,1,512,10,902,8,1,6,1,1,-88,8,3279,23151,203,100,4,0,0
3039,4,1,512,10,926,8,3,7,1,1,-66,8,2076,12231,202,100,2,0,0
3040,1,0,256,0,12,0,0,4,0,0,0,10,2382,24434,3780,100,1,0,0
3038,18,15,1280,10,906,4,4,5,1,1,-70,0,494,6385,189,100,2,0,0
3039,15,10,1024,10,924,4,10,7,1,1,-70,4,2023,19045,191,100,3,0,0
3039,12,8,1024,0,932,6,440,7,1,1,-52,1,577,5244,185,100,3,1,3
3041,6,2,768,10,889,5,415,7,1,2,-52,0,689,10403,177,100,6,1,3
3040,17,12,1280,0,956,5,5,7,1,1,-70,0,370,4738,185,100,1,0,0
3043,5,1,512,0,934,8,1,6,1,1,-94,0,707,6755,202,100,2,0,0
3042,14,10,1024,0,941,4,4,7,1,1,-52,0,1331,11582,191,100,4,0,0
3042,8,4,768,0,947,7,10,7,1,2,-52,3,1728,14977,198,100,3,0,0
3042,19,15,1280,0,694,5,4,7,1,1,-52,0,701,9834,189,100,2,0,0
3043,21,20,1536,0,967,4,6,5,1,1,-52,0,1093,8632,180,100,4,0,0
3045,4,1,512,0,928,8,3,7,1,1,-66,8,1691,13151,202,100,2,0,0
3044,10,2,768,0,896,4,422,7,1,1,-95,6,3273,23750,191,100,6,1,3
3045,7,4,768,10,965,7,9,7,1,2,-70,2,1796,19679,198,100,4,0,0
3044,16,11,1280,0,898,5,19,7,1,1,-70,0,1243,11823,155,100,5,0,0
3045,15,10,1024,0,926,4,10,7,1,1,-70,4,1457,13908,191,100,1,0,0
3045,11,7,1024,10,968,5,11,7,1,1,-52,1,1650,17039,195,100,4,0,0
3046,9,4,768,0,984,5,411,7,1,1,-70,0,863,10622,198,100,5,1,3
3046,13,8,1024,0,969,4,429,7,1,1,-70,0,603,8122,176,100,5,1,3
3046,18,15,1280,0,911,4,4,5,1,1,-70,0,1118,8834,190,100,4,0,0
3047,6,2,768,0,891,5,417,7,1,2,-52,0,579,6100,178,100,3,1,3
3046,8,4,768,0,950,7,10,7,1,2,-52,3,1143,9016,198,100,2,0,0
3048,20,15,1280,10,908,5,5,7,1,1,-70,1,1203,13923,185,100,3,0,0
3047,21,20,1536,0,968,4,6,5,1,1,-52,0,370,4081,180,100,1,0,0
3047,17,12,1280,0,960,5,5,7,1,1,-70,0,758,6998,186,100,3,0,0
3050,1,0,256,0,12,0,0,4,0,0,0,10,2550,24679,3796,100,2,0,0
3050,2,1,512,10,906,8,1,6,1,1,-88,8,3840,24351,203,100,3,0,0
3049,10,2,768,0,896,4,423,7,1,1,-95,6,1380,10507,192,100,2,1,3
3048,12,8,1024,0,935,6,442,7,1,1,-52,1,1461,12437,186,100,5,1,3
3048,14,10,1024,0,944,4,4,7,1,1,-52,0,774,7287,192,100,4,0,0
3050,3,1,512,0,893,8,3,7,1,2,-64,0,843,14867,200,100,3,0,0
3052,4,1,512,10,929,8,3,7,1,1,-66,8,2583,18257,203,100,2,0,0
3051,11,7,1024,0,973,5,11,7,1,1,-52,1,980,10469,196,100,3,0,0
3051,16,11,1280,0,902,5,19,7,1,1,-70,0,705,7070,155,100,3,0,0
3053,5,1,512,0,938,8,1,6,1,1,-94,0,926,12931,203,100,3,0,0
3052,21,20,1536,0,970,4,6,5,1,1,-52,0,470,4089,180,100,2,0,0
3053,19,15,1280,0,694,5,4,7,1,1,-52,0,431,9109,189,100,2,0,0
3054,9,4,768,0,987,5,413,7,1,1,-70,0,760,10101,199,100,5,1,3
3053,15,10,1024,20,930,4,10,7,1,1,-70,4,2247,20575,192,100,4,0,0
3054,7,4,768,0,966,7,9,7,1,2,-70,2,1560,15137,198,100,3,0,0
3055,1,0,256,0,12,0,0,4,0,0,0,10,1340,12870,3800,100,1,0,0
3053,8,4,768,0,953,7,10,7,1,2,-52,3,1421,14248,199,100,2,0,0
3054,13,8,1024,0,972,4,430,7,1,1,-70,0,807,8165,177,100,4,1,3
3056,2,1,512,0,909,8,1,6,1,1,-88,8,1957,12706,204,100,3,0,0
3055,6,2,768,0,896,5,419,7,1,2,-52,0,1147,9030,178,100,6,1,3
3056,11,7,1024,0,974,5,11,7,1,1,-52,1,745,7691,196,100,1,0,0
3056,18,15,1280,10,915,4,4,5,1,1,-70,0,733,9326,190,100,2,0,0
3056,16,11,1280,10,902,5,19,7,1,1,-70,0,263,4287,155,100,1,0,0
3055,12,8,1024,0,939,6,443,7,1,1,-52,1,898,9168,186,100,4,1,3
3058,3,1,512,0,898,8,3,7,1,2,-64,0,934,9567,200,100,3,0,0
3057,10,2,768,20,900,4,425,7,1,1,-95,6,2292,16873,192,100,5,1,3
3057,20,15,1280,0,912,5,5,7,1,1,-70,1,1550,12760,185,100,5,0,0
3055,17,12,1280,10,963,5,5,7,1,1,-70,0,722,7959,186,100,3,0,0
3057,14,10,1024,0,948,4,4,7,1,1,-52,0,732,8504,192,100,2,0,0
3060,19,15,1280,0,699,5,4,7,1,1,-52,0,877,7542,190,100,1,0,0
3060,18,15,1280,0,916,4,4,5,1,1,-70,0,444,4404,191,100,2,0,0
3062,5,1,512,10,942,8,1,6,1,1,-94,0,799,11082,204,100,3,0,0
3063,2,1,512,20,911,8,1,6,1,1,-88,8,2444,15853,204,100,2,0,0
3062,10,2,768,0,901,4,426,7,1,1,-95,6,1605,10085,192,100,2,1,3
3061,21,20,1536,0,973,4,6,5,1,1,-52,0,699,8943,181,100,3,0,0
3063,4,1,512,0,934,8,3,7,1,1,-66,8,4193,29592,204,100,5,0,0
3062,6,2,768,0,898,5,420,7,1,2,-52,0,714,6929,179,100,3,1,3
3062,11,7,1024,0,976,5,11,7,1,1,-52,1,878,9948,196,100,3,0,0
3062,20,15,1280,0,912,5,5,7,1,1,-70,1,530,5843,186,100,1,0,0
3064,9,4,768,0,993,5,415,7,1,1,-70,0,1117,12263,199,100,6,1,3
3065,15,10,1024,0,933,4,10,7,1,1,-70,4,2726,23644,192,100,3,0,0
3065,1,0,256,0,12,0,0,4,0,0,0,10,2425,24228,3816,100,2,0,0
3062,12,8,1024,0,942,6,445,7,1,1,-52,1,1177,10544,187,100,5,1,3
3065,14,10,1024,10,952,4,4,7,1,1,-52,0,663,6174,193,100,1,0,0
3065,3,1,512,0,900,8,3,7,1,2,-64,0,590,9573,201,100,2,0,0
3065,8,4,768,10,957,7,10,7,1,2,-52,3,2366,22660,200,100,4,0,0
3066,7,4,768,0,970,7,9,7,1,2,-70,2,1707,19333,199,100,4,0,0
3065,13,8,1024,0,980,4,434,7,1,1,-70,0,1444,11392,178,100,8,1,3
3067,16,11,1280,0,906,5,19,7,1,1,-70,0,930,11570,156,100,4,0,0
3069,20,15,1280,0,916,5,5,7,1,1,-70,1,820,7607,186,100,2,0,0
3066,17,12,1280,0,969,5,5,7,1,1,-70,0,1142,10835,187,100,4,0,0
3067,12,8,1024,0,944,6,447,7,1,1,-52,1,825,6838,187,100,4,1,3
3070,4,1,512,0,936,8,3,7,1,1,-66,8,2861,18925,204,100,2,0,0
3070,19,15,1280,0,704,5,4,7,1,1,-52,0,1022,9968,191,100,2,0,0
3069,13,8,1024,0,983,4,435,7,1,1,-70,0,608,4424,178,100,3,1,3
3070,3,1,512,0,902,8,3,7,1,2,-64,0,467,5961,201,100,2,0,0
3071,5,1,512,0,945,8,1,6,1,1,-94,0,739,10534,204,100,4,0,0
3071,2,1,512,0,914,8,1,6,1,1,-88,8,2681,18325,205,100,2,0,0
3071,6,2,768,0,901,5,423,7,1,2,-52,0,708,8458,179,100,5,1,3
3072,9,4,768,0,995,5,417,7,1,1,-70,0,756,9872,200,100,5,1,3
3071,15,10,1024,10,935,4,10,7,1,1,-70,4,1604,15608,193,100,2,0,0
3073,8,4,768,0,960,7,10,7,1,2,-52,3,1450,12156,200,100,2,0,0
3071,10,2,768,10,906,4,429,7,1,1,-95,6,2920,20893,193,100,7,1,3
3073,1,0,256,0,12,0,0,4,0,0,0,10,2121,20769,3824,100,2,0,0
3073,18,15,1280,0,922,4,4,5,1,1,-70,0,1067,11152,191,100,3,0,0
3071,16,11,1280,10,908,5,19,7,1,1,-70,0,472,4306,157,100,2,0,0
3073,20,15,1280,0,916,5,5,7,1,1,-70,1,468,6233,186,100,1,0,0
3072,12,8,1024,0,945,6,447,7,1,1,-52,1,448,5835,187,100,2,1,3
3074,21,20,1536,0,979,4,6,5,1,1,-52,0,1141,11428,182,100,4,0,0
3074,11,7,1024,10,982,5,11,7,1,1,-52,1,1752,18970,197,100,3,0,0
3076,7,4,768,0,975,7,9,7,1,2,-70,2,1967,16438,200,100,3,0,0
3075,14,10,1024,0,955,4,4,7,1,1,-52,0,986,10382,193,100,3,0,0
3076,19,15,1280,0,707,5,4,7,1,1,-52,0,678,6494,191,100,1,0,0
3075,17,12,1280,0,976,5,5,7,1,1,-70,0,1049,8759,187,100,3,0,0
3077,3,1,512,0,904,8,3,7,1,2,-64,0,585,8504,201,100,2,0,0
3078,2,1,512,20,918,9,1,6,1,1,-88,8,2888,17649,205,100,3,0,0
3077,10,2,768,0,906,4,430,7,1,1,-95,6,1751,13155,193,100,2,1,3
3079,4,1,512,0,937,8,3,7,1,1,-66,8,2768,21943,205,100,2,0,0
3079,20,15,1280,0,919,5,5,7,1,1,-70,1,1009,8454,187,100,2,0,0
3079,18,15,1280,10,925,4,4,5,1,1,-70,0,756,6315,192,100,3,0,0
3079,6,2,768,10,905,5,424,7,1,2,-52,0,912,8772,180,100,4,1,3
3080,5,1,512,0,949,8,1,6,1,1,-94,0,926,11770,205,100,3,0,0
3080,7,4,768,0,975,7,9,7,1,2,-70,2,457,6795,200,100,1,0,0
3081,12,8,1024,0,950,6,449,7,1,1,-52,1,1426,10679,188,100,4,1,3
3082,1,0,256,0,12,0,0,4,0,0,0,10,2009,20320,3837,100,1,0,0
3080,11,7,1024,0,986,5,11,7,1,1,-52,1,925,10621,198,100,3,0,0
3082,13,8,1024,0,987,4,438,7,1,1,-70,0,1012,11078,179,100,7,1,3
3083,15,10,1024,10,938,4,10,7,1,1,-70,4,2790,25829,193,100,3,0,0
3083,21,20,1536,0,984,4,6,5,1,1,-52,0,938,8759,182,100,3,0,0
3082,8,4,768,10,965,7,10,7,1,2,-52,3,2417,20531,201,100,4,0,0
3082,3,1,512,10,906,8,3,7,1,2,-64,0,542,6991,202,100,2,0,0
3080,17,12,1280,0,979,5,5,7,1,1,-70,0,658,5579,188,100,2,0,0
3081,16,11,1280,0,911,5,19,7,1,1,-70,0,804,9853,157,100,3,0,0
3083,9,4,768,0,999,5,420,7,1,1,-70,0,936,13362,200,100,6,1,3
3084,14,10,1024,0,959,4,4,7,1,1,-52,0,904,9275,194,100,4,0,0
3085,7,4,768,0,978,7,9,7,1,2,-70,2,1199,9454,200,100,2,0,0
3086,19,15,1280,0,708,5,4,7,1,1,-52,0,595,8978,192,100,2,0,0
3086,10,2,768,10,915,4,432,7,1,1,-95,6,2766,18644,194,100,6,1,3
3086,6,2,768,0,908,5,425,7,1,2,-52,0,647,6399,180,100,4,1,3
3086,20,15,1280,0,923,5,5,7,1,1,-70,1,1028,9527,187,100,2,0,0
3088,1,0,256,0,12,0,0,4,0,0,0,10,1474,14848,3843,100,1,0,0
3088,8,4,768,0,967,7,10,7,1,2,-52,3,930,10535,201,100,2,0,0
3088,3,1,512,0,910,8,3,7,1,2,-64,0,706,6989,202,100,2,0,0
3088,9,4,768,0,1000,5,421,7,1,1,-70,0,402,6121,201,100,2,1,3
3087,21,20,1536,0,985,4,6,5,1,1,-52,0,419,4108,183,100,2,0,0
3088,18,15,1280,0,929,4,4,5,1,1,-70,0,751,8234,192,100,3,0,0
3087,16,11,1280,0,913,5,19,7,1,1,-70,0,551,6162,158,100,2,0,0
3090,4,1,512,0,943,8,3,7,1,1,-66,8,4469,29638,206,100,4,0,0
3090,2,1,512,0,925,9,1,6,1,1,-88,8,4419,27575,206,100,4,0,0
3090,5,1,512,0,956,8,1,6,1,1,-94,0,1063,12690,205,100,4,0,0
3090,6,2,768,0,908,5,426,7,1,2,-52,0,345,4522,181,100,2,1,3
3091,11,7,1024,0,990,5,11,7,1,1,-52,1,1504,16709,198,100,4,0,0
3092,21,20,1536,0,986,4,6,5,1,1,-52,0,369,4544,183,100,1,0,0
3092,13,8,1024,0,991,4,439,7,1,1,-70,0,781,9693,179,100,4,1,3
3091,14,10,1024,0,962,4,4,7,1,1,-52,0,619,7417,194,100,3,0,0
3092,12,8,1024,20,958,6,452,7,1,1,-52,1,1903,15628,188,100,7,1,3
3093,20,15,1280,0,928,5,5,7,1,1,-70,1,1413,10026,188,100,2,0,0
3091,17,12,1280,10,982,5,5,7,1,1,-70,0,740,9094,189,100,4,0,0
3093,15,10,1024,20,940,4,10,7,1,1,-70,4,3151,28704,194,100,4,0,0
3095,1,0,256,0,12,0,0,4,0,0,0,10,1790,17651,3854,100,1,0,0
3095,7,4,768,0,982,7,9,7,1,2,-70,2,1530,16099,201,100,4,0,0
3095,10,2,768,0,918,4,434,7,1,1,-95,6,2982,21115,195,100,6,1,3
3096,2,1,512,0,927,9,1,6,1,1,-88,8,2320,14578,206,100,2,0,0
3097,18,15,1280,0,933,4,4,5,1,1,-70,0,885,9475,193,100,3,0,0
3097,6,2,768,0,911,5,427,7,1,2,-52,0,628,6093,181,100,3,1,3
3097,12,8,1024,0,959,6,453,7,1,1,-52,1,692,6926,189,100,2,1,3
3098,19,15,1280,0,711,6,4,7,1,1,-52,0,856,11780,192,100,2,0,0
3098,20,15,1280,0,930,5,5,7,1,1,-70,1,773,6636,188,100,2,0,0
3098,4,1,512,10,946,8,3,7,1,1,-66,8,2710,20791,206,100,3,0,0
3098,14,10,1024,0,967,4,4,7,1,1,-52,0,871,7126,195,100,2,0,0
3099,8,4,768,0,970,7,10,7,1,2,-52,3,2381,22648,202,100,4,0,0
3100,9,4,768,0,1004,5,425,7,1,1,-70,0,1056,14178,201,100,8,1,3
3099,3,1,512,0,912,8,3,7,1,2,-64,0,735,14976,203,100,3,0,0
3098,15,10,1024,10,945,4,10,7,1,1,-70,4,1700,12302,195,100,2,0,0
3099,16,11,1280,0,920,5,19,7,1,1,-70,0,1193,12037,158,100,4,0,0
3101,2,1,512,0,929,9,1,6,1,1,-88,8,2013,12166,207,100,2,0,0
3101,5,1,512,0,957,8,1,6,1,1,-94,0,606,13180,206,100,3,0,0
3100,11,7,1024,0,993,5,11,7,1,1,-52,1,1241,15969,199,100,3,0,0
3102,1,0,256,0,12,0,0,4,0,0,0,10,1770,18003,3861,100,2,0,0
3102,21,20,1536,0,993,5,6,5,1,1,-52,0,1266,10619,183,100,5,0,0
3102,13,8,1024,0,994,4,441,7,1,1,-70,0,859,10233,180,100,5,1,3
3103,19,15,1280,0,713,6,4,7,1,1,-52,0,533,5371,193,100,1,0,0
3103,8,4,768,10,971,7,10,7,1,2,-52,3,722,8835,202,100,1,0,0
3104,18,15,1280,10,935,5,4,5,1,1,-70,0,574,6220,193,100,2,0,0
3102,17,12,1280,0,984,5,5,7,1,1,-70,0,906,10691,189,100,3,0,0
3104,3,1,512,0,915,8,3,7,1,2,-64,0,569,5737,203,100,3,0,0
3105,9,4,768,0,1007,5,426,7,1,1,-70,0,624,6711,202,100,1,1,3
3105,7,4,768,0,985,7,9,7,1,2,-70,2,1603,16650,202,100,4,0,0
3106,20,15,1280,0,932,5,5,7,1,1,-70,1,1008,9699,189,100,3,0,0
3105,21,20,1536,0,995,5,6,5,1,1,-52,0,431,4473,184,100,1,0,0
3105,4,1,512,0,950,8,3,7,1,1,-66,8,3158,20681,207,100,3,0,0
3105,12,8,1024,0,963,6,455,7,1,1,-52,1,1203,11047,189,100,6,1,3
3107,10,2,768,0,922,4,437,7,1,1,-95,6,4054,26939,195,100,7,1,3
3108,6,2,768,0,914,5,430,7,1,2,-52,0,879,10390,182,100,7,1,3
3109,8,4,768,0,974,8,10,7,1,2,-52,3,1201,10006,202,100,2,0,0
3109,18,15,1280,0,938,5,4,5,1,1,-70,0,658,5359,194,100,2,0,0
3107,14,10,1024,0,973,4,4,7,1,1,-52,0,1123,10207,196,100,3,0,0
3109,15,10,1024,0,951,4,10,7,1,1,-70,4,3267,25665,195,100,3,0,0
3111,5,1,512,0,960,8,1,6,1,1,-94,0,789,10735,207,100,4,0,0
3111,19,15,1280,0,716,6,4,7,1,1,-52,0,631,8098,193,100,1,0,0
3110,13,8,1024,0,998,4,443,7,1,1,-70,0,937,7863,181,100,6,1,3
3111,2,1,512,0,933,9,1,6,1,1,-88,8,3651,23087,207,100,4,0,0
3111,16,11,1280,10,922,5,19,7,1,1,-70,0,698,10616,159,100,3,0,0
3111,3,1,512,20,918,8,3,7,1,2,-64,0,598,8761,204,100,2,0,0
3112,1,0,256,0,12,0,0,4,0,0,0,10,2521,23922,3878,100,2,0,0
3112,21,20,1536,0,996,5,6,5,1,1,-52,0,369,4902,184,100,1,0,0
3113,11,7,1024,0,996,5,11,7,1,1,-52,1,1296,17266,200,100,4,0,0
3112,14,10,1024,0,976,4,4,7,1,1,-52,0,579,4917,196,100,2,0,0
3114,8,4,768,0,977,8,10,7,1,2,-52,3,1529,11866,203,100,2,0,0
3114,18,15,1280,0,944,5,4,5,1,1,-70,0,922,6423,194,100,2,0,0
3114,7,4,768,0,993,7,9,7,1,2,-70,2,1888,16003,202,100,3,0,0
3115,9,4,768,0,1011,5,429,7,1,1,-70,0,1063,12617,202,100,6,1,3
3114,17,12,1280,0,990,5,5,7,1,1,-70,0,1136,11655,190,100,5,0,0
3114,15,10,1024,20,954,4,10,7,1,1,-70,4,1515,12924,196,100,2,0,0
3115,13,8,1024,0,1001,4,445,7,1,1,-70,0,658,5145,181,100,4,1,3
3114,20,15,1280,0,934,5,5,7,1,1,-70,1,1019,11359,189,100,2,0,0
3116,4,1,512,10,953,8,3,7,1,1,-66,8,3993,27321,207,100,4,0,0
3116,16,11,1280,0,925,5,19,7,1,1,-70,0,604,5338,159,100,2,0,0
3116,5,1,512,10,961,8,1,6,1,1,-94,0,385,7368,207,100,2,0,0
3116,6,2,768,10,919,5,432,7,1,2,-52,0,992,8382,182,100,5,1,3
3116,10,2,768,10,925,5,440,7,1,1,-95,6,2906,19879,196,100,6,1,3
3117,12,8,1024,0,967,6,458,7,1,1,-52,1,1459,15703,190,100,7,1,3
3116,21,20,1536,10,999,5,6,5,1,1,-52,0,494,4823,184,100,2,0,0
3118,11,7,1024,0,999,5,11,7,1,1,-52,1,846,8214,200,100,2,0,0
3118,19,15,1280,0,716,6,4,7,1,1,-52,0,463,6834,194,100,2,0,0
3119,14,10,1024,0,978,4,4,7,1,1,-52,0,518,6677,196,100,2,0,0
3121,7,4,768,20,1000,7,9,7,1,2,-70,2,1624,12543,203,100,3,0,0
3121,8,4,768,10,980,8,10,7,1,2,-52,3,1373,13532,203,100,3,0,0
3120,18,15,1280,10,945,5,4,5,1,1,-70,0,393,6671,194,100,1,0,0
3121,16,11,1280,0,925,5,19,7,1,1,-70,0,319,4238,160,100,1,0,0
3122,3,1,512,0,919,8,3,7,1,2,-64,0,630,12598,204,100,3,0,0
3122,2,1,512,20,939,9,1,6,1,1,-88,8,3766,25235,208,100,3,0,0
3122,4,1,512,20,955,8,3,7,1,1,-66,8,2351,16410,208,100,2,0,0
3121,6,2,768,0,921,5,434,7,1,2,-52,0,509,5371,183,100,3,1,3
3121,13,8,1024,10,1003,4,446,7,1,1,-70,0,500,5101,181,100,3,1,3
3122,5,1,512,10,962,8,1,6,1,1,-94,0,460,7505,208,100,2,0,0
3122,15,10,1024,10,958,4,10,7,1,1,-70,4,2084,18476,196,100,2,0,0
3123,1,0,256,0,12,0,0,4,0,0,0,10,2680,28114,3890,100,2,0,0
3121,20,15,1280,0,938,5,5,7,1,1,-70,1,1331,11964,190,100,3,0,0
3124,17,12,1280,0,991,5,5,7,1,1,-70,0,590,8986,191,100,3,0,0
3124,21,20,1536,0,1001,5,6,5,1,1,-52,0,779,7585,185,100,3,0,0
3125,10,2,768,0,926,5,442,7,1,1,-95,6,2504,18839,197,100,5,1,3
3126,7,4,768,0,1001,7,9,7,1,2,-70,2,682,7918,203,100,2,0,0
3126,9,4,768,0,1015,5,432,7,1,1,-70,0,1041,14516,203,100,7,1,3
3127,2,1,512,20,942,9,1,6,1,1,-88,8,1913,11059,209,100,2,0,0
3126,13,8,1024,0,1005,4,447,7,1,1,-70,0,581,5641,182,100,3,1,3
3124,18,15,1280,10,948,5,4,5,1,1,-70,0,551,4326,195,100,2,0,0
3127,11,7,1024,0,1002,5,11,7,1,1,-52,1,1087,14699,200,100,3,0,0
3124,14,10,1024,0,981,4,4,7,1,1,-52,0,627,5337,197,100,3,0,0
3128,16,11,1280,0,928,5,19,7,1,1,-70,0,626,7255,160,100,2,0,0
3128,15,10,1024,10,959,4,10,7,1,1,-70,4,1398,13691,197,100,2,0,0
3127,20,15,1280,0,940,5,5,7,1,1,-70,1,792,7793,190,100,2,0,0
3129,8,4,768,20,984,8,10,7,1,2,-52,3,1901,16902,204,100,2,0,0
3127,19,15,1280,10,718,6,4,7,1,1,-52,0,645,10966,194,100,2,0,0
3129,14,10,1024,0,982,4,4,7,1,1,-52,0,393,4213,197,100,1,0,0
3128,12,8,1024,0,971,6,461,7,1,1,-52,1,1486,15303,191,100,7,1,3
3131,21,20,1536,0,1005,5,6,5,1,1,-52,0,709,6585,185,100,2,0,0
3131,2,1,512,0,944,9,1,6,1,1,-88,8,1991,11070,209,100,2,0,0
3131,4,1,512,0,958,8,3,7,1,1,-66,8,3339,22725,208,100,4,0,0
3132,7,4,768,0,1003,7,9,7,1,2,-70,2,1066,9496,203,100,2,0,0
3131,3,1,512,0,925,8,3,7,1,2,-64,0,1134,12408,205,100,4,0,0
3130,18,15,1280,10,952,5,4,5,1,1,-70,0,602,6012,195,100,2,0,0
3131,17,12,1280,0,996,5,5,7,1,1,-70,0,809,6821,191,100,3,0,0
3131,9,4,768,0,1017,5,433,7,1,1,-70,0,556,6550,204,100,2,1,3
3132,6,2,768,0,928,5,437,7,1,2,-52,0,1275,11797,183,100,7,1,3
3133,11,7,1024,0,1003,5,11,7,1,1,-52,1,715,8922,201,100,2,0,0
3133,12,8,1024,0,972,6,462,7,1,1,-52,1,660,6344,191,100,3,1,3
3133,10,2,768,0,929,5,445,7,1,1,-95,6,2751,19118,197,100,7,1,3
3134,1,0,256,0,12,0,0,4,0,0,0,10,2764,26377,3904,100,2,0,0
3134,8,4,768,0,988,8,10,7,1,2,-52,3,1281,10955,204,100,3,0,0
3134,5,1,512,10,967,8,1,6,1,1,-94,0,976,14651,208,100,4,0,0
3136,13,8,1024,0,1009,4,449,7,1,1,-70,0,808,9610,182,100,5,1,3
3134,20,15,1280,0,942,5,5,7,1,1,-70,1,988,9078,191,100,3,0,0
3136,7,4,768,0,1004,7,9,7,1,2,-70,2,779,7437,204,100,2,0,0
3134,18,15,1280,0,955,5,4,5,1,1,-70,0,685,4504,195,100,2,0,0
3136,9,4,768,0,1020,5,433,7,1,1,-70,0,629,7046,204,100,3,1,3
3136,14,10,1024,0,984,4,4,7,1,1,-52,0,488,6819,197,100,3,0,0
3137,16,11,1280,0,931,5,19,7,1,1,-70,0,797,9681,161,100,4,0,0
3136,15,10,1024,0,962,4,10,7,1,1,-70,4,2488,20428,197,100,4,0,0
3138,3,1,512,0,928,8,3,7,1,2,-64,0,600,9393,205,100,2,0,0
3139,4,1,512,10,963,8,3,7,1,1,-66,8,3107,21259,209,100,3,0,0
3138,19,15,1280,10,722,6,4,7,1,1,-52,0,834,10818,195,100,2,0,0
3139,18,15,1280,0,956,5,4,5,1,1,-70,0,322,4474,196,100,1,0,0
3139,7,4,768,0,1005,7,9,7,1,2,-70,2,554,7038,204,100,1,0,0
3141,10,2,768,0,933,5,446,7,1,1,-95,6,2283,16256,198,100,3,1,3
3140,12,8,1024,10,973,6,464,7,1,1,-52,1,660,9181,192,100,3,1,3
3139,17,12,1280,0,1001,5,5,7,1,1,-70,0,903,9045,192,100,4,0,0
3139,21,20,1536,0,1013,5,6,5,1,1,-52,0,1332,11206,186,100,4,0,0
3141,11,7,1024,10,1007,5,11,7,1,1,-52,1,1106,12723,201,100,4,0,0
3141,13,8,1024,0,1011,4,450,7,1,1,-70,0,580,5815,183,100,3,1,3
3142,6,2,768,0,931,5,439,7,1,2,-52,0,859,9565,184,100,5,1,3
3141,14,10,1024,0,986,4,4,7,1,1,-52,0,556,5777,198,100,1,0,0
3143,2,1,512,10,948,9,1,6,1,1,-88,8,4093,27374,210,100,4,0,0
3143,5,1,512,0,968,8,1,6,1,1,-94,0,718,11213,209,100,3,0,0
3143,3,1,512,0,931,9,3,7,1,2,-64,0,753,6456,206,100,2,0,0
3144,8,4,768,0,990,8,10,7,1,2,-52,3,2112,20277,205,100,3,0,0
3144,1,0,256,0,12,0,0,4,0,0,0,10,2680,25934,3919,100,2,0,0
3145,4,1,512,20,964,8,3,7,1,1,-66,8,2227,14607,209,100,2,0,0
3145,10,2,768,0,936,5,447,7,1,1,-95,6,1264,9101,198,100,3,1,3
3144,9,4,768,10,1022,5,435,7,1,1,-70,0,721,9078,205,100,6,1,3
3143,19,15,1280,10,724,6,4,7,1,1,-52,0,609,6246,196,100,1,0,0
3144,20,15,1280,0,947,5,5,7,1,1,-70,1,1611,14524,191,100,4,0,0
3147,13,8,1024,0,1014,4,451,7,1,1,-70,0,631,5985,183,100,3,1,3
3147,15,10,1024,0,964,4,10,7,1,1,-70,4,2415,24114,198,100,4,0,0
3147,16,11,1280,20,935,5,19,7,1,1,-70,0,824,9565,162,100,4,0,0
3148,7,4,768,0,1008,7,9,7,1,2,-70,2,1503,13910,204,100,3,0,0
3148,5,1,512,0,969,8,1,6,1,1,-94,0,385,6535,209,100,2,0,0
3147,21,20,1536,0,1017,5,6,5,1,1,-52,0,791,7873,187,100,2,0,0
3148,17,12,1280,0,1005,5,5,7,1,1,-70,0,896,9414,192,100,3,0,0
3149,9,4,768,0,1023,5,437,7,1,1,-70,0,454,6323,205,100,3,1,3
3149,12,8,1024,0,975,6,467,7,1,1,-52,1,1332,12664,192,100,7,1,3
3150,1,0,256,0,12,0,0,4,0,0,0,10,1339,14110,3927,100,1,0,0
3150,11,7,1024,0,1011,5,11,7,1,1,-52,1,1362,15781,202,100,3,0,0
3151,2,1,512,10,951,9,1,6,1,1,-88,8,2358,17487,210,100,3,0,0
3151,14,10,1024,0,990,4,4,7,1,1,-52,0,726,8488,198,100,3,0,0
3152,3,1,512,0,934,9,3,7,1,2,-64,0,622,10213,206,100,2,0,0
3150,18,15,1280,0,961,5,4,5,1,1,-70,0,978,10606,196,100,4,0,0
3150,19,15,1280,0,727,6,4,7,1,1,-52,0,664,7043,196,100,1,0,0
3152,6,2,768,0,935,5,441,7,1,2,-52,0,958,9738,185,100,6,1,3
3153,10,2,768,0,937,5,450,7,1,1,-95,6,2303,18112,198,100,5,1,3
3155,7,4,768,0,1011,7,9,7,1,2,-70,2,1035,11300,205,100,2,0,0
3155,9,4,768,0,1025,5,438,7,1,1,-70,0,516,6822,205,100,4,1,3
3156,4,1,512,0,968,8,3,7,1,1,-66,8,3725,28484,210,100,3,0,0
3156,8,4,768,10,994,8,10,7,1,2,-52,3,2053,22879,206,100,5,0,0
3155,15,10,1024,0,967,4,10,7,1,1,-70,4,1815,18018,198,100,3,0,0
3153,21,20,1536,0,1020,5,6,5,1,1,-52,0,608,6567,187,100,1,0,0
3156,5,1,512,0,971,8,1,6,1,1,-94,0,660,10077,210,100,2,0,0
3154,20,15,1280,10,950,5,5,7,1,1,-70,1,1389,14177,192,100,2,0,0
3156,13,8,1024,0,1017,4,454,7,1,1,-70,0,970,9238,184,100,7,1,3
3157,2,1,512,20,955,9,1,6,1,1,-88,8,2537,14933,211,100,2,0,0
3155,19,15,1280,0,727,6,4,7,1,1,-52,0,262,4720,196,100,1,0,0
3158,3,1,512,0,934,9,3,7,1,2,-64,0,359,7957,207,100,1,0,0
3158,11,7,1024,0,1016,5,11,7,1,1,-52,1,1111,12684,203,100,3,0,0
3158,12,8,1024,0,979,6,469,7,1,1,-52,1,1126,12928,193,100,5,1,3
3159,10,2,768,0,939,5,451,7,1,1,-95,6,1578,12447,199,100,3,1,3
3159,9,4,768,0,1025,5,440,7,1,1,-70,0,221,4930,205,100,2,1,3
3158,17,12,1280,0,1009,5,5,7,1,1,-70,0,807,10328,193,100,3,0,0
3159,16,11,1280,10,937,5,19,7,1,1,-70,0,715,11648,162,100,4,0,0
3160,4,1,512,20,968,8,3,7,1,1,-66,8,1986,12795,210,100,1,0,0
3159,15,10,1024,10,967,4,10,7,1,1,-70,4,1180,11455,199,100,1,0,0
3161,1,0,256,0,12,0,0,4,0,0,0,10,2605,26543,3940,100,2,0,0
3160,14,10,1024,0,995,4,4,7,1,1,-52,0,910,10249,199,100,3,0,0
3161,6,2,768,0,938,5,444,7,1,2,-52,0,805,9093,185,100,6,1,3
3162,13,8,1024,0,1017,4,455,7,1,1,-70,0,316,5589,184,100,2,1,3
3160,19,15,1280,0,729,6,4,7,1,1,-52,0,556,5800,197,100,1,0,0
3163,3,1,512,10,936,9,3,7,1,2,-64,0,467,6722,207,100,2,0,0
3161,18,15,1280,0,966,5,4,5,1,1,-70,0,1011,10995,197,100,4,0,0
3163,16,11,1280,0,940,5,19,7,1,1,-70,0,569,4758,163,100,0,0,0
3163,17,12,1280,0,1011,5,5,7,1,1,-70,0,496,4298,193,100,2,0,0
3162,20,15,1280,0,954,5,5,7,1,1,-70,1,1017,9450,192,100,3,0,0
3164,10,2,768,10,939,5,452,7,1,1,-95,6,1734,12476,199,100,2,1,3
3165,9,4,768,0,1026,5,441,7,1,1,-70,0,499,7291,206,100,3,1,3
3165,5,1,512,0,973,8,1,6,1,1,-94,0,613,10447,210,100,3,0,0
3164,15,10,1024,20,970,4,10,7,1,1,-70,4,1486,10252,199,100,2,0,0
3166,7,4,768,0,1018,7,9,7,1,2,-70,2,2184,19344,206,100,5,0,0
3162,21,20,1536,0,1022,5,6,5,1,1,-52,0,696,8306,188,100,3,0,0
3167,2,1,512,10,956,9,1,6,1,1,-88,8,3272,22286,211,100,3,0,0
3167,4,1,512,10,971,8,3,7,1,1,-66,8,2382,18200,211,100,2,0,0
3167,8,4,768,0,996,8,10,7,1,2,-52,3,2131,22765,206,100,4,0,0
3166,14,10,1024,0,1000,4,4,7,1,1,-52,0,1045,6995,200,100,2,0,0
3167,16,11,1280,0,942,5,19,7,1,1,-70,0,535,3980,163,100,3,0,0
3168,6,2,768,0,941,5,445,7,1,2,-52,0,708,7510,186,100,3,1,3
3167,17,12,1280,0,1013,5,5,7,1,1,-70,0,533,4612,194,100,1,0,0
3168,3,1,512,0,938,9,3,7,1,2,-64,0,492,7021,207,100,2,0,0
3168,20,15,1280,0,955,5,5,7,1,1,-70,1,842,7180,193,100,2,0,0
3168,11,7,1024,10,1018,5,11,7,1,1,-52,1,1448,16704,203,100,4,0,0
3168,12,8,1024,10,983,6,472,7,1,1,-52,1,1694,13426,193,100,7,1,3
3169,13,8,1024,0,1023,4,457,7,1,1,-70,0,974,7278,184,100,5,1,3
3170,7,4,768,0,1019,7,9,7,1,2,-70,2,739,7312,206,100,1,0,0
3169,21,20,1536,10,1026,5,6,5,1,1,-52,0,679,5565,188,100,3,0,0
3171,1,0,256,0,12,0,0,4,0,0,0,10,2546,24603,3955,100,2,0,0
3170,15,10,1024,0,973,4,10,7,1,1,-70,4,1767,15333,199,100,1,0,0
3171,19,15,1280,0,734,6,4,7,1,1,-52,0,966,9502,197,100,2,0,0
3172,4,1,512,0,973,8,3,7,1,1,-66,8,2210,13398,211,100,2,0,0
3172,8,4,768,0,1000,8,10,7,1,2,-52,3,1677,11475,207,100,2,0,0
3173,13,8,1024,0,1024,4,459,7,1,1,-70,0,507,4922,185,100,3,1,3
3173,9,4,768,0,1032,5,444,7,1,1,-70,0,1014,10471,206,100,7,1,3
3172,17,12,1280,0,1015,5,5,7,1,1,-70,0,465,4547,194,100,3,0,0
3173,18,15,1280,0,970,5,4,5,1,1,-70,0,929,10814,198,100,4,0,0
3173,14,10,1024,0,1008,4,4,7,1,1,-52,0,1253,8197,200,100,4,0,0
3175,5,1,512,0,982,8,1,6,1,1,-94,0,1348,12826,211,100,4,0,0
3174,12,8,1024,10,988,6,474,7,1,1,-52,1,1170,8494,194,100,4,1,3
3175,10,2,768,0,943,5,455,7,1,1,-95,6,3521,25245,200,100,7,1,3
3177,2,1,512,30,962,9,1,6,1,1,-88,8,3268,23501,212,100,4,0,0
3178,7,4,768,0,1023,7,9,7,1,2,-70,2,1303,13582,207,100,3,0,0
3177,3,1,512,0,944,9,3,7,1,2,-64,0,1133,12703,208,100,4,0,0
3176,21,20,1536,0,1029,5,6,5,1,1,-52,0,627,6925,188,100,2,0,0
3177,15,10,1024,0,977,4,10,7,1,1,-70,4,1795,16195,200,100,3,0,0
3179,13,8,1024,0,1027,4,460,7,1,1,-70,0,631,5974,185,100,3,1,3
3179,16,11,1280,10,949,5,19,7,1,1,-70,0,1231,12130,164,100,3,0,0
3179,1,0,256,0,12,0,0,4,0,0,0,10,2005,21645,3964,100,1,0,0
3180,8,4,768,10,1002,8,10,7,1,2,-52,3,1592,16015,207,100,2,0,0
3179,19,15,1280,0,737,6,4,7,1,1,-52,0,687,8281,198,100,1,0,0
3180,9,4,768,0,1032,5,445,7,1,1,-70,0,424,8756,207,100,2,1,3
3180,6,2,768,10,946,5,448,7,1,2,-52,0,1093,11795,187,100,7,1,3
3179,20,15,1280,0,960,5,5,7,1,1,-70,1,1463,14689,193,100,2,0,0
3179,12,8,1024,10,993,6,474,7,1,1,-52,1,851,7195,194,100,2,1,3
3179,14,10,1024,0,1009,4,4,7,1,1,-52,0,390,5174,200,100,2,0,0
3180,11,7,1024,10,1025,5,11,7,1,1,-52,1,1868,19549,204,100,4,0,0
3181,10,2,768,10,945,5,456,7,1,1,-95,6,1790,11757,200,100,2,1,3
3182,5,1,512,10,985,8,1,6,1,1,-94,0,776,9568,212,100,3,0,0
3181,21,20,1536,10,1032,5,6,5,1,1,-52,0,551,5597,189,100,2,0,0
3184,4,1,512,0,977,8,3,7,1,1,-66,8,4121,30136,212,100,5,0,0
3183,18,15,1280,10,975,5,4,5,1,1,-70,0,993,9265,199,100,3,0,0
3184,13,8,1024,0,1031,4,461,7,1,1,-70,0,708,5144,185,100,4,1,3
3184,15,10,1024,0,981,4,10,7,1,1,-70,4,2170,17960,200,100,2,0,0
3185,8,4,768,20,1004,8,10,7,1,2,-52,3,1158,9829,208,100,2,0,0
3185,6,2,768,0,947,5,449,7,1,2,-52,0,423,5050,187,100,2,1,3
3183,17,12,1280,0,1022,5,5,7,1,1,-70,0,1249,11550,195,100,4,0,0
3185,2,1,512,20,965,9,1,6,1,1,-88,8,3286,19547,213,100,2,0,0
3185,16,11,1280,0,952,5,19,7,1,1,-70,0,726,6870,164,100,3,0,0
3186,10,2,768,0,947,5,457,7,1,1,-95,6,1489,11593,201,100,3,1,3
3185,12,8,1024,0,995,6,476,7,1,1,-52,1,1134,9142,195,100,4,1,3
3188,1,0,256,0,12,0,0,4,0,0,0,10,2233,20630,3977,100,2,0,0
3187,9,4,768,0,1033,5,447,7,1,1,-70,0,540,8300,207,100,5,1,3
3187,19,15,1280,0,742,6,4,7,1,1,-52,0,835,8663,198,100,2,0,0
3187,7,4,768,0,1024,7,9,7,1,2,-70,2,1199,15198,207,100,3,0,0
3187,14,10,1024,0,1013,4,4,7,1,1,-52,0,789,8694,201,100,2,0,0
3189,3,1,512,0,947,9,3,7,1,2,-64,0,844,14488,209,100,3,0,0
3189,5,1,512,0,987,8,1,6,1,1,-94,0,516,8453,212,100,2,0,0
3189,20,15,1280,0,965,5,5,7,1,1,-70,1,1398,13586,194,100,3,0,0
3189,11,7,1024,0,1027,5,11,7,1,1,-52,1,955,14031,205,100,2,0,0
3190,12,8,1024,0,996,6,477,7,1,1,-52,1,449,5140,195,100,3,1,3
3190,15,10,1024,10,982,4,10,7,1,1,-70,4,1330,12554,201,100,2,0,0
3190,18,15,1280,0,978,5,4,5,1,1,-70,0,723,7202,199,100,3,0,0
3192,4,1,512,30,982,8,3,7,1,1,-66,8,3825,24693,212,100,3,0,0
3192,13,8,1024,0,1034,4,463,7,1,1,-70,0,739,8279,186,100,4,1,3
3192,17,12,1280,0,1024,5,5,7,1,1,-70,0,618,8170,195,100,3,0,0
3194,7,4,768,0,1027,8,9,7,1,2,-70,2,1276,11544,208,100,2,0,0
3193,21,20,1536,20,1035,5,6,5,1,1,-52,0,849,10500,190,100,4,0,0
3194,8,4,768,0,1008,8,10,7,1,2,-52,3,2185,19664,208,100,3,0,0
3193,19,15,1280,10,744,6,4,7,1,1,-52,0,449,6161,199,100,1,0,0
3194,9,4,768,0,1038,5,448,7,1,1,-70,0,951,9824,208,100,3,1,3
3194,14,10,1024,10,1014,4,4,7,1,1,-52,0,681,6532,202,100,3,0,0
3195,3,1,512,0,948,9,3,7,1,2,-64,0,482,7763,209,100,3,0,0
3196,6,2,768,0,951,5,452,7,1,2,-52,0,1120,11450,188,100,6,1,3
3197,2,1,512,0,969,9,1,6,1,1,-88,8,3673,25478,213,100,4,0,0
3197,5,1,512,0,989,8,1,6,1,1,-94,0,687,9828,213,100,3,0,0
3197,16,11,1280,0,958,5,19,7,1,1,-70,0,1137,11629,165,100,5,0,0
3198,13,8,1024,0,1035,4,465,7,1,1,-70,0,417,5304,186,100,3,1,3
3198,10,2,768,0,950,5,460,7,1,1,-95,6,3254,25733,201,100,6,1,3
3199,1,0,256,0,12,0,0,4,0,0,0,10,2640,27236,3992,100,2,0,0
3198,11,7,1024,10,1031,5,11,7,1,1,-52,1,1272,14585,205,100,4,0,0
3200,9,4,768,0,1040,5,449,7,1,1,-70,0,498,6374,208,100,3,1,3
3199,4,1,512,0,985,8,3,7,1,1,-66,8,3085,20228,213,100,2,0,0
3199,18,15,1280,0,979,5,4,5,1,1,-70,0,497,8513,200,100,1,0,0
3199,21,20,1536,10,1037,5,6,5,1,1,-52,0,553,5696,190,100,2,0,0
3200,20,15,1280,0,969,5,5,7,1,1,-70,1,1559,14718,195,100,4,0,0
3202,12,8,1024,0,1001,6,480,7,1,1,-52,1,1648,16018,196,100,7,1,3
3202,15,10,1024,0,987,4,10,7,1,1,-70,4,2967,27764,201,100,3,0,0
3203,7,4,768,0,1032,8,9,7,1,2,-70,2,1640,15246,208,100,4,0,0
3202,6,2,768,0,953,5,453,7,1,2,-52,0,523,7105,188,100,3,1,3
3203,8,4,768,0,1014,8,10,7,1,2,-52,3,2024,17711,209,100,4,0,0
3203,13,8,1024,0,1037,4,466,7,1,1,-70,0,608,5771,187,100,4,1,3
3203,19,15,1280,0,746,6,4,7,1,1,-52,0,722,9693,199,100,1,0,0
3203,16,11,1280,10,961,5,19,7,1,1,-70,0,497,5461,165,100,2,0,0
3202,14,10,1024,0,1017,4,4,7,1,1,-52,0,683,7805,202,100,2,0,0
3203,17,12,1280,0,1029,5,5,7,1,1,-70,0,1035,10504,196,100,4,0,0
3205,2,1,512,10,973,9,1,6,1,1,-88,8,3133,21475,214,100,4,0,0
3205,10,2,768,10,955,5,462,7,1,1,-95,6,2400,17188,202,100,5,1,3
3206,21,20,1536,0,1041,5,6,5,1,1,-52,0,831,6813,190,100,3,0,0
3207,3,1,512,0,952,9,3,7,1,2,-64,0,1098,14869,210,100,4,0,0
3207,1,0,256,0,12,0,0,4,0,0,0,10,2211,21524,4003,100,1,0,0
3207,16,11,1280,0,962,5,19,7,1,1,-70,0,534,4906,166,100,1,0,0
3206,15,10,1024,10,990,4,10,7,1,1,-70,4,1268,12014,202,100,2,0,0
3208,9,4,768,0,1045,5,451,7,1,1,-70,0,1100,10817,209,100,5,1,3
3208,5,1,512,20,998,8,1,6,1,1,-94,0,1278,14354,213,100,3,0,0
3208,11,7,1024,10,1036,5,11,7,1,1,-52,1,1671,16368,206,100,4,0,0
3209,2,1,512,0,974,9,1,6,1,1,-88,8,1320,9305,214,100,1,0,0
3209,4,1,512,10,987,8,3,7,1,1,-66,8,3750,27849,213,100,3,0,0
3208,18,15,1280,0,984,5,4,5,1,1,-70,0,1151,10635,200,100,4,0,0
3210,20,15,1280,0,971,5,5,7,1,1,-70,1,1147,13986,196,100,2,0,0
3212,7,4,768,0,1040,8,9,7,1,2,-70,2,2083,16949,209,100,3,0,0
3210,10,2,768,10,956,5,463,7,1,1,-95,6,1671,12724,202,100,3,1,3
3212,16,11,1280,0,964,5,19,7,1,1,-70,0,471,4899,166,100,2,0,0
3210,14,10,1024,0,1023,4,4,7,1,1,-52,0,1118,9436,203,100,4,0,0
3213,9,4,768,0,1048,5,453,7,1,1,-70,0,538,6410,209,100,3,1,3
3213,12,8,1024,0,1003,6,483,7,1,1,-52,1,1254,15123,196,100,6,1,3
3214,8,4,768,10,1018,8,10,7,1,2,-52,3,2042,21990,209,100,3,0,0
3213,6,2,768,0,958,5,457,7,1,2,-52,0,1243,11373,189,100,9,1,3
3214,13,8,1024,0,1043,4,469,7,1,1,-70,0,1209,10658,188,100,6,1,3
3215,1,0,256,0,12,0,0,4,0,0,0,10,1811,17889,4015,100,2,0,0
3215,11,7,1024,10,1037,5,11,7,1,1,-52,1,658,9514,206,100,2,0,0
3215,3,1,512,0,955,9,3,7,1,2,-64,0,699,10201,211,100,2,0,0
3213,19,15,1280,0,747,6,4,7,1,1,-52,0,594,10356,200,100,2,0,0
3215,17,12,1280,0,1033,5,5,7,1,1,-70,0,912,11315,197,100,3,0,0
3215,15,10,1024,10,991,4,10,7,1,1,-70,4,1974,20730,202,100,1,0,0
3216,4,1,512,0,988,8,3,7,1,1,-66,8,2767,19270,214,100,2,0,0
3214,21,20,1536,0,1043,5,6,5,1,1,-52,0,696,9801,191,100,3,0,0
3217,16,11,1280,0,966,5,19,7,1,1,-70,0,398,4823,166,100,1,0,0
3215,18,15,1280,0,989,5,4,5,1,1,-70,0,891,7908,201,100,3,0,0
3218,10,2,768,10,959,5,465,7,1,1,-95,6,2154,15516,203,100,5,1,3
3219,5,1,512,0,1002,8,1,6,1,1,-94,0,1053,13667,214,100,4,0,0
3217,14,10,1024,0,1025,4,4,7,1,1,-52,0,496,6277,203,100,2,0,0
3218,9,4,768,0,1052,5,454,7,1,1,-70,0,941,9301,210,100,4,1,3
3218,19,15,1280,0,749,6,4,7,1,1,-52,0,501,5556,200,100,1,0,0
3218,20,15,1280,0,974,6,5,7,1,1,-70,1,1127,11023,196,100,3,0,0
3220,11,7,1024,0,1038,5,11,7,1,1,-52,1,769,9206,207,100,2,0,0
3221,17,12,1280,0,1035,5,5,7,1,1,-70,0,496,5045,197,100,2,0,0
3221,1,0,256,0,12,0,0,4,0,0,0,10,1488,15099,4020,100,1,0,0
3222,2,1,512,0,977,9,1,6,1,1,-88,8,3914,26084,215,100,4,0,0
3220,15,10,1024,10,995,4,10,7,1,1,-70,4,1781,13859,203,100,2,0,0
3219,21,20,1536,10,1044,5,6,5,1,1,-52,0,364,4192,191,100,2,0,0
3222,12,8,1024,0,1007,6,486,7,1,1,-52,1,1498,12328,197,100,7,1,3
3223,7,4,768,0,1044,8,9,7,1,2,-70,2,2016,20336,210,100,4,0,0
3224,13,8,1024,0,1045,4,472,7,1,1,-70,0,721,10047,188,100,7,1,3
3223,19,15,1280,0,751,6,4,7,1,1,-52,0,532,4975,201,100,1,0,0
3225,11,7,1024,0,1039,5,11,7,1,1,-52,1,537,7307,207,100,2,0,0
3225,5,1,512,0,1005,8,1,6,1,1,-94,0,601,7807,214,100,2,0,0
3225,8,4,768,0,1022,8,10,7,1,2,-52,3,2199,23127,210,100,4,0,0
3223,18,15,1280,0,992,5,4,5,1,1,-70,0,722,7877,201,100,3,0,0
3225,6,2,768,10,962,5,460,7,1,2,-52,0,994,11331,190,100,6,1,3
3225,17,12,1280,0,1038,5,5,7,1,1,-70,0,602,5789,197,100,2,0,0
3227,12,8,1024,10,1008,6,487,7,1,1,-52,1,662,6682,197,100,3,1,3
3228,3,1,512,10,961,9,3,7,1,2,-64,0,1059,14763,211,100,4,0,0
3228,1,0,256,0,12,0,0,4,0,0,0,10,1555,16291,4031,100,1,0,0
3228,2,1,512,0,979,9,1,6,1,1,-88,8,2027,15278,215,100,3,0,0
3229,4,1,512,10,992,8,3,7,1,1,-66,8,4167,30743,215,100,5,0,0
3228,16,11,1280,0,968,5,19,7,1,1,-70,0,696,10590,167,100,3,0,0
3229,19,15,1280,0,752,6,4,7,1,1,-52,0,393,5415,201,100,1,0,0
3230,10,2,768,10,962,5,468,7,1,1,-95,6,3330,25394,203,100,7,1,3
3229,13,8,1024,0,1046,4,473,7,1,1,-70,0,474,5723,189,100,3,1,3
3228,20,15,1280,10,979,6,5,7,1,1,-70,1,1402,13207,197,100,4,0,0
3232,11,7,1024,0,1043,5,11,7,1,1,-52,1,1000,11329,207,100,3,0,0
3229,14,10,1024,0,1032,4,4,7,1,1,-52,0,1249,12114,204,100,4,0,0
3232,5,1,512,0,1007,8,1,6,1,1,-94,0,567,8730,215,100,2,0,0
3229,21,20,1536,0,1046,5,6,5,1,1,-52,0,600,9277,192,100,2,0,0
3232,9,4,768,20,1057,5,458,7,1,1,-70,0,959,14546,210,100,8,1,3
3231,15,10,1024,0,1000,4,10,7,1,1,-70,4,2793,22661,203,100,4,0,0
3234,1,0,256,0,12,0,0,4,0,0,0,10,1503,15306,4038,100,1,0,0
3232,12,8,1024,0,1009,7,488,7,1,1,-52,1,741,7017,198,100,2,1,3
3235,3,1,512,0,963,9,3,7,1,2,-64,0,690,9844,212,100,3,0,0
3234,16,11,1280,0,970,5,19,7,1,1,-70,0,496,5817,167,100,2,0,0
3235,8,4,768,0,1025,8,10,7,1,2,-52,3,2025,18653,211,100,3,0,0
3234,19,15,1280,0,755,6,4,7,1,1,-52,0,607,5647,201,100,1,0,0
3235,7,4,768,0,1046,8,9,7,1,2,-70,2,1809,19122,210,100,5,0,0
3236,17,12,1280,0,1043,5,5,7,1,1,-70,0,1011,10521,198,100,4,0,0
3236,10,2,768,10,964,5,469,7,1,1,-95,6,1794,12914,204,100,3,1,3
3235,18,15,1280,10,998,5,4,5,1,1,-70,0,1010,10113,202,100,4,0,0
3237,6,2,768,0,969,5,462,7,1,2,-52,0,1243,11664,190,100,7,1,3
3237,11,7,1024,10,1044,5,11,7,1,1,-52,1,805,9274,208,100,1,0,0
3238,2,1,512,20,984,9,1,6,1,1,-88,8,3507,22986,216,100,4,0,0
3239,4,1,512,0,997,8,3,7,1,1,-66,8,3783,25860,215,100,3,0,0
3238,15,10,1024,0,1002,4,10,7,1,1,-70,4,1493,15231,204,100,2,0,0
3239,9,4,768,0,1060,5,461,7,1,1,-70,0,896,9274,211,100,6,1,3
3239,16,11,1280,0,975,5,19,7,1,1,-70,0,866,5886,168,100,3,0,0
3240,1,0,256,0,12,0,0,4,0,0,0,10,1420,15491,4046,100,1,0,0
3240,12,8,1024,0,1011,7,490,7,1,1,-52,1,869,10118,198,100,5,1,3
3239,20,15,1280,0,983,6,5,7,1,1,-70,1,1374,13870,198,100,4,0,0
3240,13,8,1024,10,1051,4,476,7,1,1,-70,0,933,10128,189,100,7,1,3
3241,7,4,768,0,1048,8,9,7,1,2,-70,2,1067,12003,211,100,2,0,0
3241,21,20,1536,10,1049,5,6,5,1,1,-52,0,797,9781,193,100,4,0,0
3242,10,2,768,20,969,5,470,7,1,1,-95,6,1973,14772,204,100,3,1,3
3243,5,1,512,0,1011,8,1,6,1,1,-94,0,944,13616,216,100,4,0,0
3242,14,10,1024,0,1038,4,4,7,1,1,-52,0,1139,11855,205,100,5,0,0
3242,11,7,1024,0,1046,5,11,7,1,1,-52,1,770,8424,208,100,3,0,0
3242,17,12,1280,0,1046,5,5,7,1,1,-70,0,660,6643,199,100,2,0,0
3244,2,1,512,0,985,9,1,6,1,1,-88,8,1909,13464,216,100,2,0,0
3244,15,10,1024,0,1003,4,10,7,1,1,-70,4,1457,15908,204,100,2,0,0
3245,3,1,512,0,969,9,3,7,1,2,-64,0,1164,14942,213,100,3,0,0
3245,7,4,768,0,1050,8,9,7,1,2,-70,2,533,6704,211,100,1,0,0
3246,6,2,768,0,972,5,464,7,1,2,-52,0,762,9289,191,100,4,1,3
3246,8,4,768,0,1029,8,10,7,1,2,-52,3,2388,23985,212,100,4,0,0
3245,20,15,1280,0,986,6,5,7,1,1,-70,1,849,7894,198,100,1,0,0
3246,19,15,1280,0,758,6,4,7,1,1,-52,0,808,11426,202,100,2,0,0
3247,11,7,1024,0,1049,5,11,7,1,1,-52,1,770,8709,209,100,2,0,0
3246,18,15,1280,10,1002,5,4,5,1,1,-70,0,1013,10916,203,100,4,0,0
3248,4,1,512,30,1001,8,3,7,1,1,-66,8,3648,25466,216,100,3,0,0
3248,16,11,1280,0,977,5,19,7,1,1,-70,0,616,9229,168,100,3,0,0
3249,9,4,768,0,1064,5,463,7,1,1,-70,0,1017,14034,212,100,5,1,3
3251,14,10,1024,0,1040,4,4,7,1,1,-52,0,684,8049,205,100,3,0,0
3249,12,8,1024,0,1016,7,493,7,1,1,-52,1,1622,14965,199,100,7,1,3
3251,1,0,256,0,12,0,0,4,0,0,0,10,2813,27007,4061,100,2,0,0
3251,13,8,1024,0,1053,5,479,7,1,1,-70,0,994,10857,190,100,6,1,3
3252,21,20,1536,0,1051,5,6,5,1,1,-52,0,665,10675,193,100,3,0,0
3253,10,2,768,0,975,5,473,7,1,1,-95,6,3353,23372,205,100,7,1,3
3254,5,1,512,0,1016,8,1,6,1,1,-94,0,953,14007,216,100,4,0,0
3253,19,15,1280,0,759,6,4,7,1,1,-52,0,474,6935,203,100,1,0,0
3254,20,15,1280,0,992,6,5,7,1,1,-70,1,1292,11432,199,100,3,0,0
3252,17,12,1280,0,1052,5,5,7,1,1,-70,0,1086,11379,199,100,4,0,0
3255,3,1,512,0,972,9,3,7,1,2,-64,0,745,11890,213,100,3,0,0
3255,2,1,512,10,988,9,1,6,1,1,-88,8,3646,26376,217,100,4,0,0
3255,4,1,512,20,1006,8,3,7,1,1,-66,8,2598,20063,217,100,3,0,0
3255,8,4,768,10,1032,8,10,7,1,2,-52,3,1799,18686,212,100,4,0,0
3256,15,10,1024,0,1007,4,10,7,1,1,-70,4,3073,27018,205,100,4,0,0
3255,7,4,768,0,1056,8,9,7,1,2,-70,2,2021,18038,212,100,5,0,0
3256,18,15,1280,0,1009,5,4,5,1,1,-70,0,1075,9722,203,100,3,0,0
3256,12,8,1024,0,1020,7,494,7,1,1,-52,1,1102,9492,199,100,3,1,3
3255,9,4,768,0,1066,5,465,7,1,1,-70,0,552,9001,212,100,4,1,3
3258,6,2,768,0,978,5,467,7,1,2,-52,0,1224,12227,192,100,7,1,3
3257,11,7,1024,0,1053,5,11,7,1,1,-52,1,1355,16372,209,100,3,0,0
3258,1,0,256,0,12,0,0,4,0,0,0,10,1605,17409,4070,100,1,0,0
3258,21,20,1536,0,1053,5,6,5,1,1,-52,0,552,5732,194,100,2,0,0
3260,5,1,512,0,1018,8,1,6,1,1,-94,0,568,7859,217,100,2,0,0
3259,10,2,768,0,978,5,474,7,1,1,-95,6,2203,14557,205,100,3,1,3
3259,16,11,1280,0,982,5,19,7,1,1,-70,0,1041,11428,169,100,3,0,0
3260,12,8,1024,0,1021,7,496,7,1,1,-52,1,618,5706,200,100,4,1,3
3261,13,8,1024,0,1059,5,481,7,1,1,-70,0,1170,10557,191,100,7,1,3
3261,14,10,1024,0,1046,5,4,7,1,1,-52,0,1222,11595,206,100,4,0,0
3261,7,4,768,0,1058,8,9,7,1,2,-70,2,1155,10559,212,100,2,0,0
3263,15,10,1024,20,1009,5,10,7,1,1,-70,4,1356,14086,205,100,2,0,0
3262,8,4,768,0,1035,8,10,7,1,2,-52,3,1658,13554,213,100,3,0,0
3262,17,12,1280,0,1058,5,5,7,1,1,-70,0,1120,10470,200,100,4,0,0
3264,6,2,768,0,980,5,468,7,1,2,-52,0,529,6261,192,100,2,1,3
3265,18,15,1280,0,1012,5,4,5,1,1,-70,0,786,7885,204,100,2,0,0
3263,9,4,768,0,1069,5,467,7,1,1,-70,0,862,9619,213,100,5,1,3
3265,19,15,1280,0,764,6,4,7,1,1,-52,0,966,11006,203,100,2,0,0
3266,20,15,1280,0,999,6,5,7,1,1,-70,1,1821,15979,199,100,5,0,0
3266,4,1,512,0,1008,8,3,7,1,1,-66,8,3982,27834,217,100,4,0,0
3266,3,1,512,0,978,9,3,7,1,2,-64,0,1140,14980,214,100,3,0,0
3267,2,1,512,10,994,9,1,6,1,1,-88,8,4122,25454,218,100,4,0,0
3266,10,2,768,0,984,5,477,7,1,1,-95,6,2534,16302,206,100,6,1,3
3267,11,7,1024,10,1060,5,11,7,1,1,-52,1,1582,15842,210,100,3,0,0
3268,1,0,256,0,12,0,0,4,0,0,0,10,2422,23800,4082,100,2,0,0
3267,21,20,1536,0,1058,5,6,5,1,1,-52,0,931,8155,194,100,4,0,0
3269,15,10,1024,10,1012,5,10,7,1,1,-70,4,1891,14946,206,100,3,0,0
3267,16,11,1280,10,985,5,19,7,1,1,-70,0,720,7644,170,100,3,0,0
3269,5,1,512,0,1024,8,1,6,1,1,-94,0,1134,12679,218,100,4,0,0
3270,6,2,768,10,981,5,470,7,1,2,-52,0,515,5107,192,100,5,1,3
3269,12,8,1024,0,1026,7,498,7,1,1,-52,1,1269,12303,200,100,5,1,3
3271,19,15,1280,0,764,6,4,7,1,1,-52,0,343,5741,204,100,1,0,0
3270,8,4,768,0,1038,8,10,7,1,2,-52,3,1300,15967,213,100,3,0,0
3270,17,12,1280,0,1062,5,5,7,1,1,-70,0,785,7859,201,100,3,0,0
3272,1,0,256,0,12,0,0,4,0,0,0,10,1191,11617,4090,100,1,0,0
3273,10,2,768,10,986,5,478,7,1,1,-95,6,1645,12426,206,100,3,1,3
3271,14,10,1024,10,1050,5,4,7,1,1,-52,0,882,9183,207,100,4,0,0
3271,13,8,1024,10,1064,5,484,7,1,1,-70,0,935,9701,191,100,7,1,3
3274,7,4,768,0,1064,8,9,7,1,2,-70,2,2036,19830,213,100,4,0,0
3274,18,15,1280,10,1017,5,4,5,1,1,-70,0,859,8868,205,100,3,0,0
3274,5,1,512,0,1026,8,1,6,1,1,-94,0,470,5535,218,100,2,0,0
3274,20,15,1280,0,1003,6,5,7,1,1,-70,1,1263,11030,200,100,2,0,0
3274,21,20,1536,0,1063,5,6,5,1,1,-52,0,896,7577,195,100,2,0,0
3273,11,7,1024,0,1062,5,11,7,1,1,-52,1,1191,11908,210,100,3,0,0
3275,9,4,768,0,1075,5,470,7,1,1,-70,0,1145,13100,213,100,7,1,3
3276,19,15,1280,0,764,6,4,7,1,1,-52,0,286,4866,204,100,1,0,0
3277,6,2,768,0,985,5,472,7,1,2,-52,0,844,7608,193,100,4,1,3
3277,2,1,512,10,997,9,1,6,1,1,-88,8,3847,24884,219,100,3,0,0
3277,4,1,512,10,1016,9,3,7,1,1,-66,8,4180,29254,218,100,3,0,0
3277,16,11,1280,0,992,6,19,7,1,1,-70,0,1274,11112,170,100,4,0,0
3278,3,1,512,0,979,9,3,7,1,2,-64,0,630,14802,215,100,3,0,0
3278,7,4,768,0,1067,8,9,7,1,2,-70,2,1126,8515,213,100,2,0,0
3278,10,2,768,20,988,5,480,7,1,1,-95,6,1827,14072,207,100,3,1,3
3278,13,8,1024,10,1066,5,486,7,1,1,-70,0,716,7508,192,100,4,1,3
3277,14,10,1024,0,1053,5,4,7,1,1,-52,0,633,6969,207,100,1,0,0
3279,21,20,1536,0,1064,5,6,5,1,1,-52,0,364,3969,195,100,2,0,0
3280,1,0,256,0,12,0,0,4,0,0,0,10,2053,19298,4101,100,2,0,0
3280,15,10,1024,10,1015,5,10,7,1,1,-70,4,2613,25026,207,100,3,0,0
3280,8,4,768,0,1042,8,10,7,1,2,-52,3,2188,21199,214,100,3,0,0
3280,12,8,1024,0,1032,7,501,7,1,1,-52,1,1701,15533,201,100,7,1,3
3282,9,4,768,0,1078,5,472,7,1,1,-70,0,767,9061,214,100,4,1,3
3282,20,15,1280,0,1009,6,5,7,1,1,-70,1,1490,11377,200,100,4,0,0
3281,14,10,1024,0,1055,5,4,7,1,1,-52,0,471,4192,207,100,2,0,0
3280,17,12,1280,10,1065,5,5,7,1,1,-70,0,747,9267,201,100,3,0,0
3283,3,1,512,10,983,9,3,7,1,2,-64,0,575,5795,215,100,2,0,0
3283,10,2,768,0,990,5,480,7,1,1,-95,6,1611,10131,207,100,2,1,3
3284,6,2,768,0,987,5,473,7,1,2,-52,0,521,6754,193,100,3,1,3
3283,11,7,1024,0,1065,5,11,7,1,1,-52,1,1305,15903,211,100,4,0,0
3285,5,1,512,0,1031,8,1,6,1,1,-94,0,1051,14283,219,100,4,0,0
3284,18,15,1280,0,1018,5,4,5,1,1,-70,0,687,10432,205,100,4,0,0
3286,7,4,768,10,1072,8,9,7,1,2,-70,2,1410,13445,214,100,3,0,0
3285,8,4,768,10,1045,8,11,7,1,2,-52,3,1145,10257,214,100,3,0,0
3286,15,10,1024,10,1017,5,10,7,1,1,-70,4,1722,16200,207,100,3,0,0
3285,17,12,1280,0,1068,5,5,7,1,1,-70,0,528,5097,202,100,2,0,0
3286,19,15,1280,0,767,6,4,7,1,1,-52,0,832,11014,205,100,2,0,0
3288,4,1,512,40,1020,9,3,7,1,1,-66,8,4193,28143,219,100,5,0,0
3288,1,0,256,0,12,0,0,4,0,0,0,10,1729,18438,4110,100,1,0,0
3287,9,4,768,0,1081,5,473,7,1,1,-70,0,725,6651,214,100,4,1,3
3288,2,1,512,10,1002,9,1,6,1,1,-88,8,3923,25853,219,100,4,0,0
3286,13,8,1024,0,1069,5,488,7,1,1,-70,0,708,8488,192,100,4,1,3
3288,21,20,1536,10,1068,5,6,5,1,1,-52,0,859,9124,196,100,2,0,0
3286,16,11,1280,0,996,6,19,7,1,1,-70,0,906,9893,171,100,4,0,0
3289,20,15,1280,10,1010,6,5,7,1,1,-70,1,1010,9872,201,100,1,0,0
3290,7,4,768,0,1072,8,10,7,1,2,-70,2,436,6769,214,100,1,0,0
3291,5,1,512,0,1033,8,1,6,1,1,-94,0,500,7427,219,100,1,0,0
3290,11,7,1024,10,1067,5,11,7,1,1,-52,1,816,10176,212,100,2,0,0
3292,6,2,768,10,990,5,475,7,1,2,-52,0,942,8274,194,100,4,1,3
3292,9,4,768,0,1083,5,474,7,1,1,-70,0,588,6107,214,100,2,1,3
3292,14,10,1024,0,1058,5,4,7,1,1,-52,0,706,9416,208,100,2,0,0
3293,18,15,1280,0,1020,5,4,5,1,1,-70,0,582,7824,206,100,1,0,0
3291,16,11,1280,0,1000,6,19,7,1,1,-70,0,685,5468,171,100,2,0,0
3292,8,4,768,0,1049,8,11,7,1,2,-52,3,1684,14584,215,100,3,0,0
3293,3,1,512,0,986,9,3,7,1,2,-64,0,837,13192,216,100,4,0,0
3292,12,8,1024,0,1036,7,503,7,1,1,-52,1,1673,16385,202,100,6,1,3
3293,1,0,256,0,12,0,0,4,0,0,0,10,1635,14997,4119,100,1,0,0
3293,17,12,1280,0,1073,5,5,7,1,1,-70,0,917,7079,202,100,3,0,0
3294,10,2,768,0,993,5,483,7,1,1,-95,6,2783,22546,208,100,6,1,3
3294,4,1,512,10,1022,9,3,7,1,1,-66,8,3045,18570,219,100,2,0,0
3295,21,20,1536,0,1071,5,6,5,1,1,-52,0,724,6767,196,100,3,0,0
3296,2,1,512,20,1006,9,1,6,1,1,-88,8,2468,17447,220,100,3,0,0
3296,5,1,512,10,1036,8,1,6,1,1,-94,0,569,6333,219,100,3,0,0
3296,19,15,1280,0,769,6,4,7,1,1,-52,0,622,8266,205,100,2,0,0
3297,11,7,1024,0,1071,5,11,7,1,1,-52,1,1077,10065,212,100,2,0,0
3296,13,8,1024,10,1074,5,491,7,1,1,-70,0,995,10220,193,100,6,1,3
3298,15,10,1024,0,1022,5,10,7,1,1,-70,4,2943,26332,208,100,4,0,0
3299,1,0,256,0,12,0,0,4,0,0,0,10,1038,11828,4124,100,1,0,0
3300,7,4,768,0,1075,8,10,7,1,2,-70,2,1789,17254,215,100,4,0,0
3301,2,1,512,20,1008,9,1,6,1,1,-88,8,1459,11479,220,100,2,0,0
3300,16,11,1280,0,1003,6,19,7,1,1,-70,0,786,8074,172,100,2,0,0
3299,12,8,1024,0,1041,7,505,7,1,1,-52,1,1281,10517,202,100,5,1,3
3302,3,1,512,0,989,9,3,7,1,2,-64,0,687,10354,216,100,3,0,0
3301,14,10,1024,0,1062,5,4,7,1,1,-52,0,881,8502,209,100,4,0,0
3301,20,15,1280,0,1014,6,5,7,1,1,-70,1,1380,15561,202,100,3,0,0
3303,18,15,1280,0,1024,5,4,5,1,1,-70,0,854,9292,206,100,3,0,0
3303,21,20,1536,0,1074,5,6,5,1,1,-52,0,682,7814,197,100,2,0,0
3303,9,4,768,0,1091,5,477,7,1,1,-70,0,1461,14807,215,100,8,1,3
3303,10,2,768,0,995,5,485,7,1,1,-95,6,2711,19886,208,100,5,1,3
3303,6,2,768,0,995,5,477,7,1,2,-52,0,1197,11988,195,100,6,1,3
3303,11,7,1024,0,1074,6,11,7,1,1,-52,1,1036,11115,212,100,2,0,0
3303,8,4,768,0,1053,8,11,7,1,2,-52,3,2392,22611,216,100,4,0,0
3303,17,12,1280,0,1076,5,5,7,1,1,-70,0,821,10994,203,100,4,0,0
3304,19,15,1280,0,772,6,4,7,1,1,-52,0,784,8852,206,100,2,0,0
3305,15,10,1024,10,1025,5,10,7,1,1,-70,4,1899,16470,208,100,2,0,0
3306,4,1,512,10,1025,9,3,7,1,1,-66,8,3981,30130,220,100,5,0,0
3306,13,8,1024,0,1078,5,494,7,1,1,-70,0,1098,10071,194,100,7,1,3
3307,1,0,256,0,12,0,0,4,0,0,0,10,2222,21202,4139,100,1,0,0
3307,3,1,512,0,992,9,3,7,1,2,-64,0,674,7873,217,100,2,0,0
3308,5,1,512,0,1040,8,1,6,1,1,-94,0,1021,15278,220,100,3,0,0
3309,9,4,768,0,1094,5,478,7,1,1,-70,0,785,7487,216,100,3,1,3
3309,11,7,1024,0,1075,6,11,7,1,1,-52,1,586,8564,213,100,2,0,0
3309,20,15,1280,0,1015,6,5,7,1,1,-70,1,975,10618,202,100,3,0,0
3309,2,1,512,30,1012,9,1,6,1,1,-88,8,3046,18523,221,100,4,0,0
3309,18,15,1280,0,1029,5,4,5,1,1,-70,0,896,7935,207,100,2,0,0
3310,4,1,512,10,1025,9,3,7,1,1,-66,8,1387,12267,220,100,0,0,0
3310,10,2,768,10,997,5,487,7,1,1,-95,6,1785,14837,209,100,4,1,3
3309,17,12,1280,0,1079,5,5,7,1,1,-70,0,566,5670,203,100,2,0,0
3311,15,10,1024,0,1026,5,10,7,1,1,-70,4,1204,14130,209,100,2,0,0
3311,7,4,768,0,1081,8,10,7,1,2,-70,2,2131,20109,215,100,4,0,0
3312,1,0,256,0,12,0,0,4,0,0,0,10,841,10506,4141,100,1,0,0
3311,3,1,512,0,993,9,3,7,1,2,-64,0,366,5646,217,100,1,0,0
3312,16,11,1280,0,1010,6,19,7,1,1,-70,0,1244,12269,173,100,5,0,0
3313,21,20,1536,0,1085,5,6,5,1,1,-52,0,1597,10786,197,100,4,0,0
3311,12,8,1024,0,1044,7,508,7,1,1,-52,1,1425,15478,203,100,6,1,3
3313,14,10,1024,0,1068,5,4,7,1,1,-52,0,1086,12001,209,100,4,0,0
3314,5,1,512,0,1042,8,1,6,1,1,-94,0,494,7036,220,100,2,0,0
3314,6,2,768,10,999,5,480,7,1,2,-52,0,939,10803,195,100,6,1,3
3314,8,4,768,0,1055,8,11,7,1,2,-52,3,1713,19950,216,100,4,0,0
3315,2,1,512,30,1018,9,1,6,1,1,-88,8,2017,13481,221,100,2,0,0
3316,1,0,256,0,12,0,0,4,0,0,0,10,1109,10664,4147,100,1,0,0
3316,3,1,512,0,995,9,3,7,1,2,-64,0,467,5737,217,100,2,0,0
3317,9,4,768,0,1096,5,480,7,1,1,-70,0,574,10010,216,100,4,1,3
3315,19,15,1280,0,775,6,4,7,1,1,-52,0,832,11273,207,100,2,0,0
3315,18,15,1280,10,1032,5,4,5,1,1,-70,0,495,5522,207,100,2,0,0
3317,11,7,1024,0,1079,6,11,7,1,1,-52,1,1272,13805,213,100,4,0,0
3318,7,4,768,0,1083,8,10,7,1,2,-70,2,1133,10800,216,100,3,0,0
3317,13,8,1024,0,1084,5,497,7,1,1,-70,0,1048,10854,194,100,6,1,3
3318,14,10,1024,0,1070,5,4,7,1,1,-52,0,553,5443,210,100,2,0,0
3318,4,1,512,0,1029,9,3,7,1,1,-66,8,3070,21100,221,100,4,0,0
3318,20,15,1280,0,1020,6,5,7,1,1,-70,1,1452,13367,203,100,2,0,0
3317,17,12,1280,0,1082,5,5,7,1,1,-70,0,880,8483,204,100,4,0,0
3320,12,8,1024,0,1046,7,509,7,1,1,-52,1,1116,11872,204,100,4,1,3
3321,16,11,1280,10,1014,6,19,7,1,1,-70,0,726,8612,173,100,3,0,0
3321,10,2,768,10,1000,5,490,7,1,1,-95,6,2861,24100,210,100,7,1,3
3323,7,4,768,0,1085,8,10,7,1,2,-70,2,824,8288,216,100,0,0,0
3323,15,10,1024,0,1029,5,10,7,1,1,-70,4,2649,27172,209,100,2,0,0
3323,6,2,768,0,1002,5,482,7,1,2,-52,0,762,9511,196,100,4,1,3
3323,5,1,512,0,1049,8,1,6,1,1,-94,0,1241,12580,221,100,4,0,0
3323,14,10,1024,10,1072,5,4,7,1,1,-52,0,364,4399,210,100,2,0,0
3324,8,4,768,0,1060,8,11,7,1,2,-52,3,2153,20270,217,100,4,0,0
3323,19,15,1280,0,777,6,4,7,1,1,-52,0,525,8058,207,100,1,0,0
3323,20,15,1280,10,1023,6,5,7,1,1,-70,1,720,6265,203,100,2,0,0
3324,13,8,1024,0,1086,5,499,7,1,1,-70,0,735,7175,195,100,5,1,3
3325,1,0,256,0,12,0,0,4,0,0,0,10,2393,22824,4160,100,2,0,0
3324,21,20,1536,10,1092,5,6,5,1,1,-52,0,1144,11183,198,100,4,0,0
3325,12,8,1024,0,1048,7,511,7,1,1,-52,1,754,6674,204,100,4,1,3
3326,3,1,512,0,997,9,3,7,1,2,-64,0,718,12369,218,100,2,0,0
3327,11,7,1024,10,1084,6,11,7,1,1,-52,1,1316,15484,214,100,2,0,0
3326,2,1,512,10,1022,9,1,6,1,1,-88,8,4028,27309,222,100,4,0,0
3327,18,15,1280,0,1039,5,4,5,1,1,-70,0,1357,12181,208,100,4,0,0
3328,7,4,768,0,1090,8,10,7,1,2,-70,2,1261,10108,217,100,3,0,0
3328,9,4,768,10,1100,5,483,7,1,1,-70,0,1113,13654,217,100,8,1,3
3327,16,11,1280,0,1015,6,19,7,1,1,-70,0,470,6518,174,100,2,0,0
3329,4,1,512,0,1035,9,4,7,1,1,-66,8,4528,29848,222,100,5,0,0
3328,17,12,1280,0,1087,5,5,7,1,1,-70,0,979,10819,204,100,4,0,0
3330,10,2,768,10,1004,5,492,7,1,1,-95,6,2788,20747,210,100,5,1,3
3330,19,15,1280,0,778,6,4,7,1,1,-52,0,449,6960,208,100,1,0,0
3332,6,2,768,10,1008,5,484,7,1,2,-52,0,1042,8241,197,100,6,1,3
3332,5,1,512,0,1050,8,1,6,1,1,-94,0,510,11449,222,100,2,0,0
3332,14,10,1024,0,1073,5,4,7,1,1,-52,0,697,8657,211,100,3,0,0
3333,15,10,1024,0,1035,5,10,7,1,1,-70,4,2799,23865,210,100,4,0,0
3333,16,11,1280,0,1015,6,19,7,1,1,-70,0,288,5893,174,100,1,0,0
3333,13,8,1024,0,1091,5,501,7,1,1,-70,0,1044,8885,196,100,6,1,3
3334,20,15,1280,0,1024,6,5,7,1,1,-70,1,1118,13416,204,100,3,0,0
3333,4,1,512,10,1037,9,4,7,1,1,-66,8,1589,11446,222,100,2,0,0
3335,1,0,256,0,13,0,0,4,0,0,0,10,2388,23255,4174,100,3,0,0
3334,3,1,512,0,1000,9,3,7,1,2,-64,0,698,11393,219,100,2,0,0
3334,18,15,1280,0,1042,5,4,5,1,1,-70,0,654,6450,209,100,3,0,0
3334,2,1,512,10,1024,9,1,6,1,1,-88,8,2691,18828,222,100,2,0,0
3335,9,4,768,0,1104,5,485,7,1,1,-70,0,791,9826,217,100,4,1,3
3333,21,20,1536,0,1096,5,6,5,1,1,-52,0,1020,10153,199,100,3,0,0
3333,17,12,1280,0,1088,5,5,7,1,1,-70,0,421,4980,205,100,2,0,0
3335,8,4,768,0,1063,8,11,7,1,2,-52,3,2415,24019,218,100,4,0,0
3336,11,7,1024,10,1089,6,11,7,1,1,-52,1,1466,15663,215,100,4,0,0
3336,12,8,1024,0,1052,7,513,7,1,1,-52,1,1739,16343,205,100,6,1,3
3338,5,1,512,0,1052,8,1,6,1,1,-94,0,590,7062,222,100,3,0,0
3338,16,11,1280,0,1019,6,19,7,1,1,-70,0,715,5080,174,100,1,0,0
3339,15,10,1024,0,1040,5,11,7,1,1,-70,4,1797,15101,210,100,4,0,0
3340,3,1,512,0,1002,9,3,7,1,2,-64,0,494,6789,219,100,2,0,0
3339,2,1,512,20,1025,9,1,6,1,1,-88,8,1038,9013,223,100,2,0,0
3339,7,4,768,0,1096,8,10,7,1,2,-70,2,2351,21114,217,100,4,0,0
3340,8,4,768,0,1065,8,11,7,1,2,-52,3,927,8722,218,100,2,0,0
3340,18,15,1280,10,1043,5,4,5,1,1,-70,0,370,4929,209,100,1,0,0
3339,17,12,1280,0,1090,5,5,7,1,1,-70,0,495,5309,205,100,2,0,0
3340,10,2,768,10,1007,5,494,7,1,1,-95,6,2921,21373,211,100,6,1,3
3340,20,15,1280,0,1027,6,5,7,1,1,-70,1,822,7482,204,100,2,0,0
3340,19,15,1280,0,780,6,4,7,1,1,-52,0,645,9150,208,100,2,0,0
3342,4,1,512,0,1041,9,4,7,1,1,-66,8,3129,21960,222,100,2,0,0
3342,11,7,1024,0,1094,6,11,7,1,1,-52,1,1292,11098,215,100,2,0,0
3342,14,10,1024,0,1079,5,4,7,1,1,-52,0,965,10722,211,100,3,0,0
3343,21,20,1536,0,1098,5,6,5,1,1,-52,0,618,8010,199,100,3,0,0
3343,6,2,768,0,1012,5,487,7,1,2,-52,0,1064,12017,197,100,7,1,3
3344,13,8,1024,0,1093,5,503,7,1,1,-70,0,740,10290,196,100,5,1,3
3343,12,8,1024,20,1054,7,515,7,1,1,-52,1,714,8982,205,100,4,1,3
3346,1,0,256,0,14,0,0,4,0,0,0,10,2972,27682,4186,100,3,0,0
3345,9,4,768,0,1108,5,488,7,1,1,-70,0,1021,13043,218,100,6,1,3
3346,2,1,512,10,1031,9,1,6,1,1,-88,8,2980,18318,223,100,2,0,0
3347,10,2,768,0,1009,5,496,7,1,1,-95,6,1885,14609,211,100,4,1,3
3346,11,7,1024,0,1096,6,11,7,1,1,-52,1,557,6466,215,100,2,0,0
3346,16,11,1280,0,1023,6,19,7,1,1,-70,0,965,8717,175,100,4,0,0
3347,15,10,1024,0,1044,5,11,7,1,1,-70,4,2296,21550,211,100,3,0,0
3348,4,1,512,10,1045,9,4,7,1,1,-66,8,2579,17279,223,100,1,0,0
3348,5,1,512,0,1058,8,1,6,1,1,-94,0,1135,12912,223,100,4,0,0
3346,17,12,1280,10,1092,5,5,7,1,1,-70,0,551,6994,206,100,2,0,0
3347,18,15,1280,0,1048,5,4,5,1,1,-70,0,977,10385,210,100,3,0,0
3349,8,4,768,0,1069,8,11,7,1,2,-52,3,2111,19129,219,100,2,0,0
3351,1,0,256,0,14,0,0,4,0,0,0,10,1388,13132,4196,100,1,0,0
3349,19,15,1280,0,782,6,4,7,1,1,-52,0,843,10676,209,100,4,0,0
3352,3,1,512,0,1009,9,3,7,1,2,-64,0,1271,15342,220,100,3,0,0
3349,20,15,1280,0,1031,6,5,7,1,1,-70,1,1428,15337,205,100,4,0,0
3351,7,4,768,0,1101,8,10,7,1,2,-70,2,1881,19864,218,100,5,0,0
3352,2,1,512,20,1034,9,1,6,1,1,-88,8,1873,12142,224,100,1,0,0
3351,13,8,1024,0,1094,5,505,7,1,1,-70,0,554,7605,197,100,4,1,3
3350,6,2,768,0,1014,5,489,7,1,2,-52,0,638,8227,198,100,3,1,3
3351,21,20,1536,0,1103,5,6,5,1,1,-52,0,920,10491,200,100,2,0,0
3352,12,8,1024,0,1058,7,518,7,1,1,-52,1,1570,12629,206,100,7,1,3
3353,10,2,768,0,1014,5,498,7,1,1,-95,6,2115,14145,212,100,4,1,3
3353,14,10,1024,0,1081,5,4,7,1,1,-52,0,818,11252,212,100,4,0,0
3354,5,1,512,0,1060,8,1,6,1,1,-94,0,369,6682,223,100,1,0,0
3353,15,10,1024,0,1049,5,11,7,1,1,-70,4,2146,15780,212,100,2,0,0
3354,18,15,1280,10,1050,5,4,5,1,1,-70,0,597,5896,210,100,3,0,0
3356,4,1,512,20,1048,9,4,7,1,1,-66,8,2503,17349,223,100,4,0,0
3355,11,7,1024,0,1100,6,11,7,1,1,-52,1,1378,14786,216,100,4,0,0
3354,6,2,768,0,1015,5,491,7,1,2,-52,0,415,4270,198,100,3,1,3
3354,9,4,768,0,1111,5,490,7,1,1,-70,0,882,12344,219,100,6,1,3
3354,20,15,1280,0,1034,6,5,7,1,1,-70,1,900,7380,205,100,2,0,0
3354,17,12,1280,0,1097,5,5,7,1,1,-70,0,962,8679,206,100,3,0,0
3355,7,4,768,0,1102,8,10,7,1,2,-70,2,779,7185,218,100,1,0,0
3357,10,2,768,0,1016,5,499,7,1,1,-95,6,1502,9308,212,100,3,1,3
3357,16,11,1280,10,1028,6,19,7,1,1,-70,0,935,11808,176,100,3,0,0
3359,3,1,512,0,1015,9,3,7,1,2,-64,0,922,9699,220,100,2,0,0
3358,8,4,768,0,1074,8,11,7,1,2,-52,3,1886,17590,219,100,4,0,0
3356,21,20,1536,0,1105,5,6,5,1,1,-52,0,496,4853,200,100,2,0,0
3357,19,15,1280,0,784,6,4,7,1,1,-52,0,671,9176,210,100,1,0,0
3361,1,0,256,0,14,0,0,4,0,0,0,10,2526,25306,4208,100,1,0,0
3360,6,2,768,0,1016,6,492,7,1,2,-52,0,561,4961,199,100,2,1,3
3359,17,12,1280,0,1101,5,5,7,1,1,-70,0,735,5381,207,100,3,0,0
3358,20,15,1280,0,1036,6,5,7,1,1,-70,1,738,5556,205,100,2,0,0
3360,13,8,1024,0,1100,5,508,7,1,1,-70,0,1147,9452,197,100,7,1,3
3361,9,4,768,10,1114,5,492,7,1,1,-70,0,658,7963,219,100,4,1,3
3360,18,15,1280,10,1051,5,4,5,1,1,-70,0,389,5674,210,100,2,0,0
3362,16,11,1280,0,1030,6,19,7,1,1,-70,0,581,4727,176,100,2,0,0
3364,2,1,512,20,1036,9,1,6,1,1,-88,8,4110,26462,224,100,4,0,0
3362,12,8,1024,0,1065,7,520,7,1,1,-52,1,1884,15172,206,100,6,1,3
3365,3,1,512,0,1018,9,3,7,1,2,-64,0,646,7210,221,100,2,0,0
3363,14,10,1024,0,1086,5,4,7,1,1,-52,0,897,9395,213,100,2,0,0
3363,15,10,1024,0,1055,5,11,7,1,1,-70,4,2805,22855,212,100,3,0,0
3363,21,20,1536,0,1108,5,6,5,1,1,-52,0,755,7144,201,100,3,0,0
3366,5,1,512,0,1063,8,1,6,1,1,-94,0,944,14234,224,100,4,0,0
3366,10,2,768,0,1017,5,500,7,1,1,-95,6,2526,19811,213,100,3,1,3
3366,1,0,256,0,14,0,0,4,0,0,0,10,1448,13540,4217,100,1,0,0
3367,6,2,768,0,1019,6,493,7,1,2,-52,0,623,6613,199,100,4,1,3
3367,4,1,512,30,1054,9,4,7,1,1,-66,8,4183,30002,224,100,2,0,0
3366,8,4,768,0,1075,8,11,7,1,2,-52,3,1639,16504,220,100,2,0,0
3366,11,7,1024,0,1105,6,11,7,1,1,-52,1,1577,18557,216,100,4,0,0
3367,7,4,768,0,1109,8,10,7,1,2,-70,2,2028,20055,219,100,4,0,0
3369,3,1,512,0,1021,9,3,7,1,2,-64,0,604,5711,221,100,2,0,0
3368,14,10,1024,0,1088,5,4,7,1,1,-52,0,495,5163,213,100,2,0,0
3367,13,8,1024,0,1101,5,509,7,1,1,-70,0,480,6542,198,100,2,1,3
3367,9,4,768,0,1115,5,494,7,1,1,-70,0,558,7956,220,100,3,1,3
3368,19,15,1280,0,786,6,4,7,1,1,-52,0,615,8777,210,100,3,0,0
3369,15,10,1024,0,1057,5,11,7,1,1,-70,4,1411,14742,213,100,3,0,0
3371,5,1,512,0,1066,8,1,6,1,1,-94,0,600,6321,224,100,2,0,0
3371,2,1,512,20,1038,9,1,6,1,1,-88,8,2567,17459,225,100,3,0,0
3370,17,12,1280,0,1105,5,5,7,1,1,-70,0,854,10171,207,100,3,0,0
3370,18,15,1280,0,1055,5,4,5,1,1,-70,0,935,10537,211,100,3,0,0
3372,4,1,512,0,1057,9,4,7,1,1,-66,8,2184,13550,224,100,3,0,0
3370,20,15,1280,0,1041,6,5,7,1,1,-70,1,1517,15288,206,100,3,0,0
3373,10,2,768,0,1020,5,503,7,1,1,-95,6,2086,14906,213,100,7,1,3
3374,14,10,1024,10,1089,5,4,7,1,1,-52,0,370,5402,213,100,1,0,0
3373,19,15,1280,0,790,6,4,7,1,1,-52,0,770,6725,211,100,1,0,0
3374,9,4,768,0,1120,5,496,7,1,1,-70,0,865,8388,220,100,5,1,3
3374,8,4,768,20,1078,8,11,7,1,2,-52,3,1366,15534,220,100,4,0,0
3374,11,7,1024,20,1110,6,11,7,1,1,-52,1,1214,12862,217,100,3,0,0
3375,3,1,512,0,1024,9,3,7,1,2,-64,0,720,9187,221,100,3,0,0
3376,6,2,768,0,1022,6,495,7,1,2,-52,0,834,8817,200,100,5,1,3
3373,16,11,1280,0,1037,6,19,7,1,1,-70,0,1250,12366,177,100,4,0,0
3376,1,0,256,0,14,0,0,4,0,0,0,10,2334,23769,4227,100,2,0,0
3374,12,8,1024,0,1070,7,523,7,1,1,-52,1,1492,15569,207,100,7,1,3
3376,18,15,1280,0,1057,5,4,5,1,1,-70,0,696,5576,211,100,1,0,0
3374,17,12,1280,10,1107,5,5,7,1,1,-70,0,431,4624,208,100,1,0,0
3374,21,20,1536,0,1115,5,6,5,1,1,-52,0,1193,11185,201,100,4,0,0
3377,13,8,1024,0,1105,5,513,7,1,1,-70,0,955,10072,198,100,9,1,3
3378,7,4,768,0,1115,8,10,7,1,2,-70,2,2038,19192,220,100,4,0,0
3378,16,11,1280,0,1040,6,19,7,1,1,-70,0,605,5208,177,100,2,0,0
3379,15,10,1024,0,1058,5,11,7,1,1,-70,4,2292,22135,213,100,2,0,0
3380,11,7,1024,0,1114,6,11,7,1,1,-52,1,1138,9101,217,100,2,0,0
3380,19,15,1280,0,792,6,4,7,1,1,-52,0,500,5905,211,100,1,0,0
3382,4,1,512,0,1058,9,4,7,1,1,-66,8,3393,25425,225,100,3,0,0
3382,6,2,768,0,1025,6,497,7,1,2,-52,0,681,6266,200,100,4,1,3
3382,2,1,512,10,1043,9,1,6,1,1,-88,8,3958,25462,226,100,4,0,0
3382,5,1,512,10,1070,8,1,6,1,1,-94,0,990,14043,225,100,4,0,0
3382,14,10,1024,10,1095,5,4,7,1,1,-52,0,1095,8300,214,100,4,0,0
3382,20,15,1280,0,1045,6,5,7,1,1,-70,1,1601,15383,207,100,4,0,0
3381,17,12,1280,0,1111,5,5,7,1,1,-70,0,825,6802,208,100,4,0,0
3384,3,1,512,0,1026,9,3,7,1,2,-64,0,591,10606,222,100,2,0,0
3382,13,8,1024,0,1108,5,515,7,1,1,-70,0,830,5738,199,100,3,1,3
3384,10,2,768,10,1026,5,505,7,1,1,-95,6,3353,24293,214,100,6,1,3
3385,11,7,1024,10,1115,6,11,7,1,1,-52,1,613,7805,218,100,2,0,0
3383,21,20,1536,0,1121,5,6,5,1,1,-52,0,1102,8860,202,100,3,0,0
3385,1,0,256,0,14,0,0,4,0,0,0,10,2357,22134,4241,100,2,0,0
3384,15,10,1024,0,1060,5,11,7,1,1,-70,4,1485,13394,214,100,3,0,0
3385,8,4,768,0,1081,8,11,7,1,2,-52,3,2305,21583,221,100,4,0,0
3385,16,11,1280,10,1042,6,19,7,1,1,-70,0,534,5970,178,100,1,0,0
3385,9,4,768,0,1124,5,499,7,1,1,-70,0,1045,14785,221,100,6,1,3
3385,12,8,1024,0,1074,7,526,7,1,1,-52,1,1676,15325,208,100,8,1,3
3387,2,1,512,0,1045,9,1,6,1,1,-88,8,1507,10743,226,100,1,0,0
3385,7,4,768,20,1121,8,10,7,1,2,-70,2,1915,13469,220,100,4,0,0
3387,14,10,1024,0,1096,5,4,7,1,1,-52,0,390,4887,214,100,2,0,0
3387,18,15,1280,0,1063,5,4,5,1,1,-70,0,1142,11438,212,100,4,0,0
3388,10,2,768,0,1028,5,507,7,1,1,-95,6,1577,10436,214,100,3,1,3
3389,5,1,512,0,1074,8,1,6,1,1,-94,0,726,8913,225,100,3,0,0
3388,19,15,1280,0,793,6,4,7,1,1,-52,0,564,8274,212,100,3,0,0
3387,17,12,1280,10,1113,5,5,7,1,1,-70,0,495,5881,209,100,2,0,0
3389,16,11,1280,10,1044,6,19,7,1,1,-70,0,473,4257,178,100,2,0,0
3389,13,8,1024,0,1111,5,516,7,1,1,-70,0,659,6412,199,100,4,1,3
3388,21,20,1536,0,1122,5,6,5,1,1,-52,0,268,4287,202,100,1,0,0
3390,12,8,1024,0,1075,7,526,7,1,1,-52,1,575,5457,208,100,1,1,3
3392,6,2,768,0,1028,6,499,7,1,2,-52,0,828,9705,201,100,6,1,3
3391,4,1,512,10,1064,9,4,7,1,1,-66,8,4189,27088,226,100,4,0,0
3392,3,1,512,0,1031,9,3,7,1,2,-64,0,902,10912,222,100,3,0,0
3392,2,1,512,0,1048,9,1,6,1,1,-88,8,2262,13953,226,100,3,0,0
3392,11,7,1024,10,1120,6,11,7,1,1,-52,1,1279,11963,218,100,3,0,0
3392,18,15,1280,0,1067,5,4,5,1,1,-70,0,743,5720,213,100,2,0,0
3393,20,15,1280,0,1047,6,5,7,1,1,-70,1,1354,14512,208,100,3,0,0
3393,13,8,1024,0,1112,5,517,7,1,1,-70,0,292,4338,199,100,2,1,3
3394,15,10,1024,0,1065,5,11,7,1,1,-70,4,2550,21329,214,100,3,0,0
3394,16,11,1280,0,1049,6,19,7,1,1,-70,0,818,6319,178,100,2,0,0
3395,1,0,256,0,14,0,0,4,0,0,0,10,2528,25774,4253,100,1,0,0
3396,9,4,768,0,1128,5,502,7,1,1,-70,0,909,11559,221,100,7,1,3
3395,19,15,1280,0,794,6,4,7,1,1,-52,0,417,6937,212,100,1,0,0
3396,8,4,768,0,1083,8,11,7,1,2,-52,3,2081,21646,222,100,4,0,0
3396,7,4,768,0,1124,8,10,7,1,2,-70,2,1711,18190,221,100,4,0,0
3397,5,1,512,0,1079,8,1,6,1,1,-94,0,912,10295,226,100,2,0,0
3397,14,10,1024,0,1107,5,4,7,1,1,-52,0,1550,11760,215,100,4,0,0
3398,21,20,1536,0,1125,5,6,5,1,1,-52,0,803,9080,203,100,3,0,0
3399,3,1,512,10,1035,9,3,7,1,2,-64,0,879,9084,223,100,3,0,0
3398,4,1,512,0,1067,9,4,7,1,1,-66,8,2895,20546,226,100,2,0,0
3397,6,2,768,0,1031,6,501,7,1,2,-52,0,681,7720,201,100,4,1,3
3399,17,12,1280,0,1118,5,5,7,1,1,-70,0,1036,11316,209,100,4,0,0
3399,10,2,768,0,1035,5,509,7,1,1,-95,6,3674,25987,215,100,6,1,3
3401,15,10,1024,0,1066,5,11,7,1,1,-70,4,1286,15434,215,100,2,0,0
3400,13,8,1024,0,1114,5,519,7,1,1,-70,0,733,7273,200,100,5,1,3
3401,12,8,1024,0,1079,7,529,7,1,1,-52,1,1496,15619,209,100,8,1,3
3402,5,1,512,0,1082,8,1,6,1,1,-94,0,600,7110,226,100,2,0,0
3402,2,1,512,10,1057,9,1,6,1,1,-88,8,3672,23055,227,100,4,0,0
3402,7,4,768,0,1127,8,10,7,1,2,-70,2,1041,9968,222,100,2,0,0
3402,20,15,1280,0,1051,6,5,7,1,1,-70,1,1146,10973,208,100,4,0,0
3401,11,7,1024,10,1125,6,11,7,1,1,-52,1,1488,17296,219,100,4,0,0
3402,18,15,1280,0,1071,5,4,5,1,1,-70,0,848,9202,213,100,4,0,0
3402,8,4,768,0,1086,8,11,7,1,2,-52,3,1412,12839,222,100,3,0,0
3403,3,1,512,10,1037,9,3,7,1,2,-64,0,386,5992,223,100,2,0,0
3404,19,15,1280,0,800,6,4,7,1,1,-52,0,1105,9255,213,100,2,0,0
3404,16,11,1280,0,1050,6,19,7,1,1,-70,0,590,9746,179,100,3,0,0
3404,10,2,768,0,1035,5,510,7,1,1,-95,6,1376,10086,215,100,3,1,3
3405,9,4,768,0,1132,5,505,7,1,1,-70,0,1046,13802,222,100,6,1,3
3406,1,0,256,0,14,0,0,4,0,0,0,10,2839,27221,4268,100,2,0,0
3404,17,12,1280,0,1119,5,5,7,1,1,-70,0,446,5630,210,100,2,0,0
3408,4,1,512,0,1071,9,4,7,1,1,-66,8,3039,21458,227,100,4,0,0
3408,5,1,512,0,1084,8,1,6,1,1,-94,0,543,6792,227,100,2,0,0
3408,20,15,1280,0,1052,6,5,7,1,1,-70,1,558,7493,209,100,2,0,0
3408,2,1,512,10,1060,9,1,6,1,1,-88,8,1918,12797,227,100,2,0,0
3407,12,8,1024,0,1082,7,531,7,1,1,-52,1,1045,9320,209,100,4,1,3
3408,13,8,1024,0,1118,5,521,7,1,1,-70,0,863,7457,200,100,5,1,3
3409,14,10,1024,0,1114,5,4,7,1,1,-52,0,1251,11620,216,100,4,0,0
3408,6,2,768,0,1035,6,503,7,1,2,-52,0,959,10406,202,100,6,1,3
3409,21,20,1536,0,1129,5,6,5,1,1,-52,0,928,10910,204,100,4,0,0
3411,3,1,512,0,1040,9,3,7,1,2,-64,0,782,8291,224,100,2,0,0
3410,7,4,768,20,1129,8,10,7,1,2,-70,2,1210,13655,222,100,3,0,0
3409,11,7,1024,0,1128,6,11,7,1,1,-52,1,1033,12338,219,100,2,0,0
3410,17,12,1280,0,1122,5,5,7,1,1,-70,0,578,5186,210,100,2,0,0
3411,9,4,768,0,1136,5,506,7,1,1,-70,0,708,6910,222,100,4,1,3
3413,19,15,1280,0,805,6,4,7,1,1,-52,0,846,8887,213,100,1,0,0
3413,15,10,1024,30,1069,5,11,7,1,1,-70,4,2710,26924,215,100,4,0,0
3413,16,11,1280,10,1053,6,19,7,1,1,-70,0,621,8188,179,100,3,0,0
3414,4,1,512,10,1073,9,4,7,1,1,-66,8,2731,17475,227,100,2,0,0
3412,18,15,1280,0,1073,5,4,5,1,1,-70,0,691,9571,214,100,4,0,0
3413,8,4,768,0,1090,8,11,7,1,2,-52,3,2281,22301,223,100,4,0,0
3414,2,1,512,0,1062,9,1,6,1,1,-88,8,2262,14110,228,100,3,0,0
3415,1,0,256,0,14,0,0,4,0,0,0,10,2307,21977,4281,100,2,0,0
3415,5,1,512,0,1087,8,1,6,1,1,-94,0,623,8727,227,100,2,0,0
3415,21,20,1536,0,1132,5,6,5,1,1,-52,0,579,4910,204,100,2,0,0
3415,13,8,1024,0,1121,5,523,7,1,1,-70,0,739,7547,201,100,4,1,3
3415,11,7,1024,0,1132,6,11,7,1,1,-52,1,1153,10022,220,100,3,0,0
3416,10,2,768,0,1038,5,513,7,1,1,-95,6,2879,23434,216,100,7,1,3
3415,9,4,768,0,1136,5,507,7,1,1,-70,0,398,5603,223,100,2,1,3
3415,12,8,1024,0,1084,7,532,7,1,1,-52,1,905,10157,210,100,3,1,3
3417,3,1,512,0,1041,9,3,7,1,2,-64,0,386,8231,224,100,2,0,0
3417,20,15,1280,0,1058,6,5,7,1,1,-70,1,1548,13010,209,100,2,0,0
3418,19,15,1280,0,807,6,4,7,1,1,-52,0,556,6118,214,100,1,0,0
3418,4,1,512,0,1074,9,4,7,1,1,-66,8,1762,12607,227,100,2,0,0
3418,2,1,512,30,1063,9,1,6,1,1,-88,8,1172,10214,228,100,1,0,0
3419,15,10,1024,10,1071,5,11,7,1,1,-70,4,1918,15839,216,100,2,0,0
3419,16,11,1280,0,1056,6,19,7,1,1,-70,0,684,7129,180,100,2,0,0
3419,6,2,768,0,1039,6,506,7,1,2,-52,0,932,9656,202,100,7,1,3
3419,14,10,1024,0,1117,5,4,7,1,1,-52,0,743,9730,216,100,4,0,0
3420,7,4,768,0,1134,8,10,7,1,2,-70,2,1985,17673,223,100,3,0,0
3420,17,12,1280,0,1124,5,5,7,1,1,-70,0,696,9545,211,100,3,0,0
3421,18,15,1280,0,1075,5,4,5,1,1,-70,0,519,8174,214,100,2,0,0
3421,10,2,768,0,1041,5,514,7,1,1,-95,6,1975,14129,216,100,3,1,3
3422,13,8,1024,0,1124,5,524,7,1,1,-70,0,752,7351,201,100,4,1,3
3423,15,10,1024,10,1074,5,11,7,1,1,-70,4,1159,9910,216,100,1,0,0
3422,21,20,1536,0,1136,5,6,5,1,1,-52,0,727,7751,204,100,3,0,0
3423,12,8,1024,0,1086,7,534,7,1,1,-52,1,987,10474,210,100,5,1,3
3423,14,10,1024,0,1118,5,4,7,1,1,-52,0,420,4157,217,100,2,0,0
3424,20,15,1280,0,1061,6,5,7,1,1,-70,1,927,8455,210,100,2,0,0
3424,3,1,512,10,1045,9,3,7,1,2,-64,0,730,10130,225,100,2,0,0
3426,18,15,1280,0,1079,5,4,5,1,1,-70,0,765,4966,215,100,2,0,0
3424,8,4,768,20,1094,8,11,7,1,2,-52,3,2175,21869,224,100,4,0,0
3425,6,2,768,10,1041,6,507,7,1,2,-52,0,584,6635,203,100,2,1,3
3426,1,0,256,0,14,0,0,4,0,0,0,10,2561,27237,4294,100,2,0,0
3426,4,1,512,30,1079,9,4,7,1,1,-66,8,2617,19520,228,100,3,0,0
3426,5,1,512,0,1092,8,1,6,1,1,-94,0,1045,14720,228,100,5,0,0
3426,11,7,1024,10,1136,6,11,7,1,1,-52,1,1286,17701,221,100,4,0,0
3426,9,4,768,0,1140,5,509,7,1,1,-70,0,981,14356,224,100,7,1,3
3428,2,1,512,0,1066,9,1,6,1,1,-88,8,3408,21211,229,100,4,0,0
3427,16,11,1280,0,1059,6,19,7,1,1,-70,0,724,8398,180,100,3,0,0
3428,3,1,512,0,1047,9,3,7,1,2,-64,0,657,5964,225,100,2,0,0
3426,17,12,1280,10,1128,5,5,7,1,1,-70,0,703,6353,211,100,3,0,0
3430,19,15,1280,0,810,6,4,7,1,1,-52,0,776,11175,214,100,2,0,0
3429,8,4,768,0,1096,8,11,7,1,2,-52,3,1091,10234,224,100,2,0,0
3429,6,2,768,0,1044,6,508,7,1,2,-52,0,772,5010,203,100,3,1,3
3430,20,15,1280,0,1064,6,5,7,1,1,-70,1,957,8671,210,100,3,0,0
3432,18,15,1280,0,1080,5,4,5,1,1,-70,0,388,5687,215,100,2,0,0
3431,7,4,768,0,1135,8,10,7,1,2,-70,2,1422,17143,223,100,3,0,0
3431,12,8,1024,0,1087,7,535,7,1,1,-52,1,835,9454,211,100,4,1,3
3430,10,2,768,10,1042,5,516,7,1,1,-95,6,2843,19732,217,100,5,1,3
3431,21,20,1536,0,1140,5,6,5,1,1,-52,0,917,8965,205,100,4,0,0
3432,9,4,768,0,1141,5,510,7,1,1,-70,0,320,6411,224,100,2,1,3
3431,14,10,1024,0,1125,5,4,7,1,1,-52,0,1379,10440,217,100,4,0,0
3432,4,1,512,0,1080,9,4,7,1,1,-66,8,2659,18181,228,100,2,0,0
3432,15,10,1024,10,1080,5,11,7,1,1,-70,4,2944,24767,217,100,4,0,0
3434,13,8,1024,0,1129,5,527,7,1,1,-70,0,1096,11259,202,100,7,1,3
3435,5,1,512,0,1096,8,1,6,1,1,-94,0,823,10831,228,100,4,0,0
3434,19,15,1280,0,810,6,4,7,1,1,-52,0,343,6040,215,100,1,0,0
3435,11,7,1024,0,1138,6,11,7,1,1,-52,1,1162,14482,221,100,3,0,0
3436,16,11,1280,0,1062,6,19,7,1,1,-70,0,677,8834,181,100,3,0,0
3437,3,1,512,0,1049,9,3,7,1,2,-64,0,637,10399,225,100,3,0,0
3436,9,4,768,0,1142,5,511,7,1,1,-70,0,391,5656,224,100,3,1,3
3437,12,8,1024,10,1091,7,537,7,1,1,-52,1,914,8475,211,100,5,1,3
3438,1,0,256,0,14,0,0,4,0,0,0,10,2833,28523,4310,100,2,0,0
3437,2,1,512,10,1070,9,1,6,1,1,-88,8,3371,22346,229,100,3,0,0
3436,18,15,1280,0,1082,5,4,5,1,1,-70,0,551,6798,216,100,2,0,0
3437,17,12,1280,0,1133,5,5,7,1,1,-70,0,1036,10685,212,100,4,0,0
3437,14,10,1024,10,1125,5,4,7,1,1,-52,0,321,4886,218,100,1,0,0
3437,20,15,1280,0,1066,6,5,7,1,1,-70,1,1013,11854,211,100,3,0,0
3439,13,8,1024,0,1131,5,529,7,1,1,-70,0,610,5662,203,100,4,1,3
3439,7,4,768,0,1138,8,10,7,1,2,-70,2,1356,14475,224,100,4,0,0
3439,10,2,768,0,1045,5,519,7,1,1,-95,6,2629,19977,217,100,6,1,3
3440,6,2,768,0,1049,6,511,7,1,2,-52,0,1094,11289,204,100,7,1,3
3441,8,4,768,0,1103,8,11,7,1,2,-52,3,2840,24571,225,100,5,0,0
3441,14,10,1024,0,1127,5,4,7,1,1,-52,0,400,4527,218,100,1,0,0
3441,9,4,768,0,1143,5,512,7,1,1,-70,0,453,5545,225,100,2,1,3
3442,17,12,1280,0,1135,5,5,7,1,1,-70,0,473,4584,212,100,2,0,0
3443,3,1,512,0,1053,9,3,7,1,2,-64,0,782,8217,226,100,2,0,0
3441,21,20,1536,0,1144,5,6,5,1,1,-52,0,910,11132,206,100,3,0,0
3443,4,1,512,0,1085,9,4,7,1,1,-66,8,4087,27846,229,100,3,0,0
3444,12,8,1024,0,1093,7,539,7,1,1,-52,1,1170,9312,212,100,4,1,3
3441,19,15,1280,10,811,6,4,7,1,1,-52,0,490,7004,215,100,2,0,0
3443,15,10,1024,10,1083,5,11,7,1,1,-70,4,2485,25267,218,100,4,0,0
3444,11,7,1024,10,1147,6,11,7,1,1,-52,1,1681,15405,222,100,5,0,0
3445,5,1,512,0,1100,8,1,6,1,1,-94,0,927,12586,229,100,3,0,0
3444,6,2,768,0,1050,6,512,7,1,2,-52,0,399,4310,204,100,2,1,3
3443,20,15,1280,0,1068,6,5,7,1,1,-70,1,943,9628,211,100,3,0,0
3446,14,10,1024,0,1128,5,4,7,1,1,-52,0,364,4343,218,100,2,0,0
3447,16,11,1280,10,1066,6,19,7,1,1,-70,0,905,9939,182,100,4,0,0
3448,2,1,512,10,1075,9,1,6,1,1,-88,8,3663,22976,230,100,3,0,0
3447,4,1,512,40,1088,9,4,7,1,1,-66,8,1501,11355,229,100,2,0,0
3446,18,15,1280,0,1086,5,4,5,1,1,-70,0,848,10024,216,100,4,0,0
3449,1,0,256,0,14,0,0,4,0,0,0,10,2823,27401,4324,100,2,0,0
3447,9,4,768,0,1146,5,514,7,1,1,-70,0,703,8402,225,100,5,1,3
3447,12,8,1024,10,1096,7,540,7,1,1,-52,1,757,6578,212,100,3,1,3
3448,7,4,768,0,1145,8,10,7,1,2,-70,2,2069,16154,225,100,3,0,0
3448,21,20,1536,0,1148,5,6,5,1,1,-52,0,798,7604,206,100,3,0,0
3449,8,4,768,0,1106,8,11,7,1,2,-52,3,1593,14953,225,100,3,0,0
3449,13,8,1024,0,1135,5,531,7,1,1,-70,0,911,10216,203,100,5,1,3
3450,15,10,1024,0,1085,5,11,7,1,1,-70,4,1686,15686,218,100,3,0,0
3450,11,7,1024,0,1148,6,11,7,1,1,-52,1,862,9764,222,100,2,0,0
3450,14,10,1024,0,1130,5,4,7,1,1,-52,0,477,4375,218,100,1,0,0
3451,16,11,1280,0,1066,6,19,7,1,1,-70,0,289,4220,182,100,1,0,0
3452,3,1,512,0,1055,9,3,7,1,2,-64,0,619,11262,226,100,2,0,0
3448,19,15,1280,0,813,6,4,7,1,1,-52,0,709,8464,216,100,1,0,0
3451,9,4,768,0,1147,5,515,7,1,1,-70,0,391,5437,225,100,3,1,3
3451,17,12,1280,0,1137,5,5,7,1,1,-70,0,690,9230,213,100,4,0,0
3450,6,2,768,10,1056,6,513,7,1,2,-52,0,950,6969,204,100,3,1,3
3451,10,2,768,40,1051,5,522,7,1,1,-95,6,3612,24983,218,100,8,1,3
3453,12,8,1024,0,1101,7,541,7,1,1,-52,1,1109,9195,212,100,3,1,3
3454,4,1,512,10,1089,9,4,7,1,1,-66,8,3055,19012,230,100,2,0,0
3455,5,1,512,0,1104,8,1,6,1,1,-94,0,921,12464,230,100,4,0,0
3452,20,15,1280,0,1073,6,5,7,1,1,-70,1,1280,11660,212,100,3,0,0
3453,19,15,1280,0,814,6,4,7,1,1,-52,0,369,4730,216,100,1,0,0
3455,11,7,1024,0,1149,6,11,7,1,1,-52,1,591,7706,223,100,1,0,0
3456,7,4,768,10,1147,8,10,7,1,2,-70,2,1376,13130,225,100,3,0,0
3455,10,2,768,0,1053,5,523,7,1,1,-95,6,1350,9661,218,100,3,1,3
3456,9,4,768,0,1149,5,516,7,1,1,-70,0,588,6385,226,100,2,1,3
3455,18,15,1280,0,1091,5,4,5,1,1,-70,0,1085,9704,217,100,2,0,0
3457,13,8,1024,0,1140,5,532,7,1,1,-70,0,920,8266,204,100,4,1,3
3458,2,1,512,0,1078,9,1,6,2,1,-88,8,3993,25276,230,100,3,0,0
3458,1,0,256,0,14,0,0,4,0,0,0,10,2698,25003,4339,100,2,0,0
3456,14,10,1024,0,1132,5,4,7,1,1,-52,0,641,7339,219,100,2,0,0
3456,21,20,1536,0,1152,5,6,5,1,1,-52,0,880,7781,207,100,3,0,0
3458,15,10,1024,10,1087,5,11,7,1,1,-70,4,2250,21386,219,100,2,0,0
3459,17,12,1280,0,1141,5,5,7,1,1,-70,0,733,7475,213,100,2,0,0
3460,8,4,768,10,1110,8,11,7,1,2,-52,3,2278,22370,226,100,4,0,0
3462,5,1,512,0,1105,8,1,6,1,1,-94,0,386,7929,230,100,2,0,0
3460,16,11,1280,0,1070,6,19,7,1,1,-70,0,825,8602,182,100,4,0,0
3461,4,1,512,20,1093,9,4,7,1,1,-66,8,3022,19376,230,100,4,0,0
3461,9,4,768,0,1151,6,518,7,1,1,-70,0,630,6304,226,100,4,1,3
3463,10,2,768,0,1054,5,525,7,1,1,-95,6,1530,12929,219,100,4,1,3
3463,1,0,256,0,14,0,0,4,0,0,0,10,864,11958,4341,100,1,0,0
3462,11,7,1024,0,1151,6,11,7,1,1,-52,1,977,11097,223,100,3,0,0
3464,6,2,768,0,1061,6,516,7,1,2,-52,0,1185,12156,205,100,7,1,3
3462,7,4,768,0,1148,8,10,7,1,2,-70,2,1008,11467,225,100,2,0,0
3464,3,1,512,0,1059,9,3,7,1,2,-64,0,1064,15214,227,100,3,0,0
3463,13,8,1024,0,1143,5,534,7,1,1,-70,0,659,6072,204,100,4,1,3
3462,20,15,1280,0,1079,6,5,7,1,1,-70,1,1372,13921,212,100,3,0,0
3464,16,11,1280,10,1072,6,19,7,1,1,-70,0,431,4781,183,100,1,0,0
3464,18,15,1280,0,1098,5,4,5,1,1,-70,0,1323,9615,217,100,4,0,0
3465,12,8,1024,0,1104,7,545,7,1,1,-52,1,1469,15795,213,100,8,1,3
3466,8,4,768,0,1111,8,11,7,1,2,-52,3,1204,12515,226,100,2,0,0
3464,19,15,1280,0,817,6,4,7,1,1,-52,0,808,10548,217,100,2,0,0
3467,5,1,512,0,1108,8,1,6,1,1,-94,0,674,7293,231,100,2,0,0
3467,9,4,768,0,1152,6,519,7,1,1,-70,0,415,7426,226,100,3,1,3
3468,4,1,512,10,1094,9,4,7,1,1,-66,8,2305,16118,231,100,2,0,0
3466,21,20,1536,0,1155,5,6,5,1,1,-52,0,803,9401,208,100,3,0,0
3469,10,2,768,10,1057,5,526,7,1,1,-95,6,2078,13952,219,100,3,1,3
3468,13,8,1024,0,1145,5,535,7,1,1,-70,0,500,4787,204,100,3,1,3
3470,2,1,512,20,1081,9,1,6,2,1,-88,8,3606,26298,231,100,3,0,0
3469,6,2,768,0,1062,6,517,7,1,2,-52,0,479,5808,206,100,2,1,3
3468,14,10,1024,0,1134,5,4,7,1,1,-52,0,696,9906,220,100,3,0,0
3469,3,1,512,10,1062,9,3,7,1,2,-64,0,569,6758,228,100,2,0,0
3468,16,11,1280,0,1074,6,19,7,1,1,-70,0,503,4817,183,100,1,0,0
3471,15,10,1024,10,1090,5,11,7,1,1,-70,4,2529,24208,219,100,4,0,0
3468,17,12,1280,10,1148,5,5,7,1,1,-70,0,1207,9895,214,100,3,0,0
3470,20,15,1280,0,1081,6,5,7,1,1,-70,1,885,7760,213,100,2,0,0
3471,8,4,768,0,1112,8,11,7,1,2,-52,3,1196,11834,227,100,2,0,0
3473,1,0,256,0,14,0,0,4,0,0,0,10,2695,27561,4358,100,2,0,0
3472,11,7,1024,20,1155,6,11,7,1,1,-52,1,1272,15625,224,100,2,0,0
3472,12,8,1024,0,1105,7,546,7,1,1,-52,1,853,9482,214,100,3,1,3
3473,4,1,512,0,1096,9,4,7,1,1,-66,8,2465,15401,231,100,2,0,0
3474,10,2,768,10,1059,5,527,7,1,1,-95,6,1271,10602,220,100,2,1,3
3471,21,20,1536,0,1156,5,6,5,1,1,-52,0,388,4726,208,100,2,0,0
3474,5,1,512,0,1113,8,1,6,1,1,-94,0,831,9417,231,100,3,0,0
3473,7,4,768,10,1156,8,10,7,1,2,-70,2,2234,19533,226,100,4,0,0
3474,14,10,1024,0,1136,5,4,7,1,1,-52,0,489,5876,220,100,3,0,0
3475,6,2,768,0,1064,6,518,7,1,2,-52,0,522,5804,206,100,3,1,3
3472,17,12,1280,10,1149,5,5,7,1,1,-70,0,269,3991,214,100,1,0,0
3474,16,11,1280,0,1076,6,19,7,1,1,-70,0,496,5988,183,100,2,0,0
3475,8,4,768,0,1114,8,11,7,1,2,-52,3,1115,8809,227,100,2,0,0
3475,15,10,1024,10,1092,5,11,7,1,1,-70,4,1234,12898,220,100,2,0,0
3477,1,0,256,0,14,0,0,4,0,0,0,10,957,11337,4361,100,0,0,0
3477,20,15,1280,0,1081,6,5,7,1,1,-70,1,704,8886,213,100,2,0,0
3477,12,8,1024,0,1107,7,548,7,1,1,-52,1,1026,7146,214,100,4,1,3
3478,18,15,1280,10,1102,5,4,5,1,1,-70,0,828,11285,218,100,3,0,0
3478,19,15,1280,10,821,6,4,7,1,1,-52,0,981,11670,218,100,3,0,0
3479,13,8,1024,0,1151,5,538,7,1,1,-70,0,1233,11697,205,100,6,1,3
3478,17,12,1280,0,1152,6,5,7,1,1,-70,0,834,6693,215,100,2,0,0
3480,15,10,1024,10,1094,5,11,7,1,1,-70,4,1344,10992,220,100,2,0,0
3478,9,4,768,0,1155,6,522,7,1,1,-70,0,938,14893,227,100,6,1,3
3481,2,1,512,10,1087,9,1,6,2,1,-88,8,4023,25910,232,100,5,0,0
3480,3,1,512,0,1067,9,3,7,1,2,-64,0,1054,14079,228,100,5,0,0
3481,14,10,1024,0,1139,5,4,7,1,1,-52,0,658,6451,221,100,2,0,0
3483,1,0,256,0,14,0,0,4,0,0,0,10,1246,14978,4370,100,1,0,0
3481,16,11,1280,0,1077,6,19,7,1,1,-70,0,445,6298,184,100,2,0,0
3483,4,1,512,20,1099,9,4,7,1,1,-66,8,3193,23780,232,100,3,0,0
3482,7,4,768,0,1158,8,10,7,1,2,-70,2,1300,14795,227,100,3,0,0
3484,5,1,512,0,1116,8,1,6,1,1,-94,0,795,11055,232,100,3,0,0
3481,8,4,768,0,1117,8,11,7,1,2,-52,3,1497,13644,227,100,2,0,0
3483,10,2,768,10,1062,5,529,7,1,1,-95,6,2886,20771,220,100,6,1,3
3482,11,7,1024,10,1159,6,11,7,1,1,-52,1,1508,17294,224,100,4,0,0
3483,20,15,1280,0,1082,6,5,7,1,1,-70,1,677,8245,214,100,2,0,0
3481,21,20,1536,0,1160,5,6,5,1,1,-52,0,976,10311,209,100,3,0,0
3485,3,1,512,10,1068,9,3,7,1,2,-64,0,347,5607,229,100,0,0,0
3487,6,2,768,0,1069,6,522,7,1,2,-52,0,1146,11565,207,100,8,1,3
3486,18,15,1280,0,1107,5,4,5,1,1,-70,0,999,8248,219,100,3,0,0
3485,9,4,768,0,1158,6,524,7,1,1,-70,0,708,7731,228,100,5,1,3
3486,19,15,1280,0,823,6,4,7,1,1,-52,0,582,8062,218,100,1,0,0
3486,12,8,1024,0,1110,7,550,7,1,1,-52,1,1094,11722,214,100,6,1,3
3489,2,1,512,0,1090,9,1,6,2,1,-88,8,2663,17506,232,100,3,0,0
3486,16,11,1280,10,1083,6,19,7,1,1,-70,0,914,6162,184,100,3,0,0
3489,5,1,512,0,1120,8,1,6,1,1,-94,0,707,7066,232,100,2,0,0
3488,17,12,1280,0,1155,6,5,7,1,1,-70,0,717,7886,215,100,4,0,0
3489,15,10,1024,10,1101,5,11,7,1,1,-70,4,2642,20851,221,100,3,0,0
3488,13,8,1024,0,1158,5,541,7,1,1,-70,0,1312,9832,206,100,7,1,3
3489,11,7,1024,0,1163,6,11,7,1,1,-52,1,1212,10488,225,100,4,0,0
3486,21,20,1536,0,1163,5,6,5,1,1,-52,0,482,4735,209,100,1,0,0
3490,3,1,512,0,1069,9,3,7,1,2,-64,0,386,6198,229,100,2,0,0
3490,14,10,1024,0,1141,5,4,7,1,1,-52,0,634,8496,221,100,4,0,0
3491,10,2,768,0,1064,5,532,7,1,1,-95,6,2449,17339,221,100,6,1,3
3491,20,15,1280,0,1086,6,5,7,1,1,-70,1,1241,11049,214,100,2,0,0
3493,4,1,512,20,1102,9,4,7,1,1,-66,8,3748,25595,232,100,4,0,0
3493,6,2,768,0,1071,6,523,7,1,2,-52,0,524,6478,207,100,3,1,3
3491,8,4,768,0,1121,8,11,7,1,2,-52,3,2106,19350,228,100,4,0,0
3493,5,1,512,0,1123,9,1,6,1,1,-94,0,655,6174,232,100,2,0,0
3494,2,1,512,0,1094,9,1,6,2,1,-88,8,2117,12697,233,100,3,0,0
3494,1,0,256,0,14,0,0,4,0,0,0,10,2871,31446,4383,100,2,0,0
3494,18,15,1280,0,1108,5,4,5,1,1,-70,0,509,7094,219,100,3,0,0
3494,15,10,1024,20,1105,5,11,7,1,1,-70,4,1578,11767,221,100,2,0,0
3492,9,4,768,0,1161,6,526,7,1,1,-70,0,806,9791,228,100,5,1,3
3494,7,4,768,0,1164,8,10,7,1,2,-70,2,2169,20654,228,100,4,0,0
3494,19,15,1280,10,826,6,4,7,1,1,-52,0,784,8767,219,100,2,0,0
3496,14,10,1024,0,1145,5,4,7,1,1,-52,0,685,5597,221,100,2,0,0
3496,17,12,1280,0,1158,6,5,7,1,1,-70,0,773,8486,216,100,4,0,0
3497,10,2,768,20,1068,5,533,7,1,1,-95,6,2009,12315,221,100,3,1,3
3495,13,8,1024,0,1162,5,543,7,1,1,-70,0,791,9088,206,100,4,1,3
3498,2,1,512,10,1098,9,1,6,2,1,-88,8,2013,10843,233,100,1,0,0
3497,16,11,1280,0,1086,6,19,7,1,1,-70,0,809,10449,185,100,3,0,0
3497,21,20,1536,10,1169,5,6,5,1,1,-52,0,1100,9167,210,100,3,0,0
3499,5,1,512,0,1124,9,1,6,1,1,-94,0,460,6673,233,100,2,0,0
3499,7,4,768,0,1165,8,10,7,1,2,-70,2,661,7812,228,100,2,0,0
3498,20,15,1280,0,1090,6,5,7,1,1,-70,1,1307,9373,215,100,4,0,0
3498,9,4,768,0,1164,6,528,7,1,1,-70,0,633,6582,228,100,4,1,3
3500,3,1,512,0,1073,9,3,7,1,2,-64,0,920,12968,230,100,4,0,0
3496,12,8,1024,10,1115,7,554,7,1,1,-52,1,1726,15311,215,100,8,1,3
3502,6,2,768,0,1074,6,525,7,1,2,-52,0,834,8343,208,100,5,1,3
3500,11,7,1024,0,1169,6,11,7,1,1,-52,1,1647,18673,226,100,4,0,0
3503,18,15,1280,0,1112,5,4,5,1,1,-70,0,789,8056,220,100,2,0,0
3502,4,1,512,10,1107,9,4,7,1,1,-66,8,3749,25009,233,100,3,0,0
3502,14,10,1024,0,1149,5,4,7,1,1,-52,0,783,6905,222,100,3,0,0
3502,21,20,1536,0,1170,5,6,5,1,1,-52,0,390,4237,210,100,2,0,0
3501,16,11,1280,0,1087,6,19,7,1,1,-70,0,372,3960,185,100,1,0,0
3503,15,10,1024,10,1112,5,11,7,1,1,-70,4,2819,22243,221,100,3,0,0
3501,8,4,768,0,1127,8,11,7,1,2,-52,3,2238,21391,229,100,3,0,0
3503,19,15,1280,0,830,6,4,7,1,1,-52,0,739,7767,219,100,1,0,0
3503,5,1,512,10,1125,9,1,6,1,1,-94,0,163,5220,233,100,0,0,0
3505,20,15,1280,0,1091,6,5,7,1,1,-70,1,662,7357,215,100,1,0,0
3505,1,0,256,0,14,0,0,4,0,0,0,10,3008,30534,4400,100,2,0,0
3503,12,8,1024,0,1121,7,555,7,1,1,-52,1,1119,9250,216,100,3,1,3
3506,10,2,768,0,1073,5,535,7,1,1,-95,6,3202,21240,222,100,4,1,3
3506,2,1,512,0,1104,9,1,6,2,1,-88,8,3576,20320,234,100,3,0,0
3505,9,4,768,0,1166,6,530,7,1,1,-70,0,658,8442,229,100,4,1,3
3508,18,15,1280,0,1116,5,4,5,1,1,-70,0,709,5383,220,100,2,0,0
3505,8,4,768,0,1130,8,11,7,1,2,-52,3,996,8330,229,100,2,0,0
3508,5,1,512,0,1128,9,1,6,1,1,-94,0,683,5743,233,100,2,0,0
3506,17,12,1280,0,1160,6,5,7,1,1,-70,0,714,9898,217,100,4,0,0
3507,21,20,1536,0,1174,5,6,5,1,1,-52,0,715,5956,210,100,1,0,0
3507,7,4,768,0,1168,8,10,7,1,2,-70,2,1433,14621,229,100,2,0,0
3506,13,8,1024,0,1166,5,547,7,1,1,-70,0,1017,10383,207,100,8,1,3
3510,6,2,768,0,1077,6,527,7,1,2,-52,0,681,7700,208,100,4,1,3
3507,16,11,1280,0,1089,6,19,7,1,1,-70,0,552,5623,186,100,2,0,0
3511,2,1,512,0,1104,9,1,6,2,1,-88,8,952,8643,234,100,1,0,0
3510,4,1,512,30,1108,9,4,7,1,1,-66,8,2927,21416,234,100,3,0,0
3510,3,1,512,0,1075,9,3,7,1,2,-64,0,639,12402,230,100,3,0,0
3509,9,4,768,0,1167,6,530,7,1,1,-70,0,363,4853,229,100,2,1,3
3511,15,10,1024,0,1113,5,11,7,1,1,-70,4,2054,19282,222,100,3,0,0
3509,12,8,1024,0,1121,7,556,7,1,1,-52,1,649,8414,216,100,2,1,3
3510,8,4,768,0,1131,8,11,7,1,2,-52,3,945,8382,229,100,2,0,0
3512,11,7,1024,0,1172,6,11,7,1,1,-52,1,1368,17793,226,100,4,0,0
3513,10,2,768,0,1077,5,537,7,1,1,-95,6,2010,14246,222,100,6,1,3
3513,5,1,512,0,1130,9,1,6,1,1,-94,0,567,6782,234,100,2,0,0
3513,1,0,256,0,14,0,0,4,0,0,0,10,2021,21937,4410,100,2,0,0
3513,19,15,1280,0,836,6,4,7,1,1,-52,0,1129,10312,220,100,2,0,0
3513,14,10,1024,0,1154,5,4,7,1,1,-52,0,1017,10764,223,100,3,0,0
3515,18,15,1280,0,1118,5,4,5,1,1,-70,0,617,7356,221,100,2,0,0
3515,3,1,512,0,1080,9,3,7,1,2,-64,0,889,6600,231,100,2,0,0
3515,7,4,768,0,1170,8,10,7,1,2,-70,2,1249,12652,229,100,3,0,0
3517,20,15,1280,0,1098,6,5,7,1,1,-70,1,1807,16192,216,100,4,0,0
3517,21,20,1536,0,1178,5,6,5,1,1,-52,0,880,8144,211,100,4,0,0
3517,15,10,1024,0,1114,5,11,7,1,1,-70,4,1692,14447,222,100,1,0,0
3515,16,11,1280,0,1092,6,19,7,1,1,-70,0,724,8040,186,100,3,0,0
3514,12,8,1024,20,1124,7,558,7,1,1,-52,1,771,6887,217,100,4,1,3
3514,13,8,1024,10,1168,5,549,7,1,1,-70,0,731,8128,208,100,5,1,3
3518,19,15,1280,0,837,6,4,7,1,1,-52,0,395,5115,220,100,1,0,0
3517,14,10,1024,0,1156,5,4,7,1,1,-52,0,497,5244,223,100,2,0,0
3517,9,4,768,0,1171,6,532,7,1,1,-70,0,866,10887,230,100,5,1,3
3519,2,1,512,0,1108,9,1,6,2,1,-88,8,3629,20937,234,100,3,0,0
3516,17,12,1280,0,1164,6,5,7,1,1,-70,0,751,10271,217,100,3,0,0
3520,6,2,768,0,1082,6,528,7,1,2,-52,0,1086,10369,209,100,4,1,3
3519,7,4,768,0,1171,8,10,7,1,2,-70,2,632,6543,229,100,2,0,0
3520,10,2,768,10,1079,5,538,7,1,1,-95,6,2270,15500,223,100,3,1,3
3522,4,1,512,20,1110,9,4,7,1,1,-66,8,3925,29976,234,100,4,0,0
3521,11,7,1024,0,1176,6,11,7,1,1,-52,1,1325,14745,227,100,3,0,0
3523,18,15,1280,0,1120,5,4,5,1,1,-70,0,616,7678,221,100,3,0,0
3522,1,0,256,0,14,0,0,4,0,0,0,10,2164,24799,4420,100,2,0,0
3522,5,1,512,0,1134,9,1,6,1,1,-94,0,851,11889,234,100,3,0,0
3521,8,4,768,10,1138,8,11,7,1,2,-52,3,2479,22760,230,100,4,0,0
3521,13,8,1024,10,1171,5,550,7,1,1,-70,0,633,5965,208,100,3,1,3
3524,15,10,1024,0,1115,5,11,7,1,1,-70,4,1146,16243,223,100,2,0,0
3524,10,2,768,0,1079,5,539,7,1,1,-95,6,914,9961,223,100,2,1,3
3525,21,20,1536,0,1182,5,6,5,1,1,-52,0,733,8442,211,100,2,0,0
3525,2,1,512,10,1110,9,1,6,2,1,-88,8,2259,16208,235,100,3,0,0
3525,14,10,1024,10,1159,5,4,7,1,1,-52,0,658,7526,224,100,2,0,0
3527,19,15,1280,0,837,6,4,7,1,1,-52,0,366,8493,221,100,1,0,0
3526,3,1,512,0,1085,9,3,7,1,2,-64,0,952,14380,231,100,4,0,0
3527,20,15,1280,0,1101,6,5,7,1,1,-70,1,1284,14057,216,100,3,0,0
3525,12,8,1024,0,1127,7,561,7,1,1,-52,1,1538,14870,217,100,7,1,3
3527,16,11,1280,0,1098,6,19,7,1,1,-70,0,1143,12007,187,100,4,0,0
3526,17,12,1280,0,1167,6,5,7,1,1,-70,0,798,8844,218,100,4,0,0
3527,9,4,768,10,1176,6,536,7,1,1,-70,0,1044,12131,230,100,8,1,3
3530,21,20,1536,0,1182,5,6,5,1,1,-52,0,319,4103,212,100,1,0,0
3530,4,1,512,30,1112,9,4,7,1,1,-66,8,2709,20913,235,100,2,0,0
3530,1,0,256,0,14,0,0,4,0,0,0,10,2034,21773,4435,100,1,0,0
3530,5,1,512,0,1137,9,1,6,1,1,-94,0,699,9769,235,100,2,0,0
3528,13,8,1024,0,1174,5,551,7,1,1,-70,0,650,7111,208,100,4,1,3
3531,6,2,768,0,1088,6,531,7,1,2,-52,0,1227,12325,210,100,7,1,3
3531,7,4,768,0,1177,8,11,7,1,2,-70,2,2034,19855,230,100,5,0,0
3532,8,4,768,0,1142,8,11,7,1,2,-52,3,2233,21724,231,100,4,0,0
3534,18,15,1280,0,1124,5,4,5,1,1,-70,0,928,10693,222,100,4,0,0
3533,11,7,1024,0,1182,6,11,7,1,1,-52,1,1676,19346,228,100,4,0,0
3532,14,10,1024,0,1163,5,4,7,1,1,-52,0,825,7297,224,100,4,0,0
3534,15,10,1024,10,1119,5,11,7,1,1,-70,4,2538,22179,223,100,4,0,0
3533,16,11,1280,0,1100,6,19,7,1,1,-70,0,504,6326,187,100,1,0,0
3535,2,1,512,10,1118,9,1,6,2,1,-88,8,3354,20405,236,100,3,0,0
3533,13,8,1024,10,1175,5,553,7,1,1,-70,0,483,5152,209,100,3,1,3
3535,5,1,512,0,1140,9,1,6,1,1,-94,0,569,5737,235,100,3,0,0
3535,19,15,1280,10,839,6,4,7,1,1,-52,0,621,7916,221,100,2,0,0
3534,12,8,1024,0,1130,7,563,7,1,1,-52,1,1329,11731,218,100,5,1,3
3534,9,4,768,0,1179,6,538,7,1,1,-70,0,903,10006,231,100,4,1,3
3536,3,1,512,0,1087,9,3,7,1,2,-64,0,610,11970,232,100,3,0,0
3536,20,15,1280,10,1105,6,5,7,1,1,-70,1,1147,11952,217,100,3,0,0
3537,4,1,512,10,1114,9,4,7,1,1,-66,8,2677,17442,235,100,3,0,0
3536,10,2,768,0,1083,5,543,7,1,1,-95,6,3749,26424,224,100,9,1,3
3534,17,12,1280,0,1172,6,5,7,1,1,-70,0,987,8616,219,100,4,0,0
3538,18,15,1280,0,1124,5,4,5,1,1,-70,0,167,3821,222,100,0,0,0
3538,6,2,768,0,1091,6,532,7,1,2,-52,0,752,6933,210,100,4,1,3
3540,7,4,768,0,1178,8,11,7,1,2,-70,2,1131,13674,231,100,2,0,0
3539,11,7,1024,0,1187,6,11,7,1,1,-52,1,1146,9999,228,100,3,0,0
3539,14,10,1024,0,1165,5,4,7,1,1,-52,0,525,6638,224,100,1,0,0
3540,15,10,1024,0,1120,5,11,7,1,1,-70,4,1433,14627,224,100,1,0,0
3541,1,0,256,0,14,0,0,4,0,0,0,10,2566,28812,4446,100,2,0,0
3538,17,12,1280,0,1175,6,5,7,1,1,-70,0,481,4186,219,100,1,0,0
3540,19,15,1280,0,840,6,4,7,1,1,-52,0,450,5796,222,100,1,0,0
3541,21,20,1536,0,1187,5,6,5,1,1,-52,0,973,10762,212,100,5,0,0
3543,8,4,768,10,1148,8,11,7,1,2,-52,3,1988,17834,231,100,4,0,0
3542,6,2,768,0,1095,6,533,7,1,2,-52,0,615,5212,210,100,2,1,3
3542,20,15,1280,0,1108,6,5,7,1,1,-70,1,1170,9150,217,100,3,0,0
3541,13,8,1024,10,1177,5,555,7,1,1,-70,0,577,7401,209,100,4,1,3
3543,10,2,768,20,1087,5,545,7,1,1,-95,6,2264,15059,224,100,4,1,3
3544,2,1,512,10,1119,9,1,6,1,1,-88,8,3401,21639,236,100,3,0,0
3544,9,4,768,10,1183,6,539,7,1,1,-70,0,834,9585,231,100,4,1,3
3545,3,1,512,0,1091,9,3,7,1,2,-64,0,904,11247,233,100,3,0,0
3543,16,11,1280,0,1106,6,19,7,1,1,-70,0,1113,9938,188,100,5,0,0
3546,4,1,512,40,1119,9,4,7,1,1,-66,8,3535,24504,236,100,4,0,0
3546,1,0,256,0,14,0,0,4,0,0,0,10,1338,12897,4455,100,1,0,0
3542,12,8,1024,10,1134,7,566,7,1,1,-52,1,1464,11990,218,100,7,1,3
3545,18,15,1280,0,1128,5,4,5,1,1,-70,0,886,8745,223,100,3,0,0
3544,11,7,1024,0,1188,6,11,7,1,1,-52,1,770,8460,229,100,2,0,0
3546,5,1,512,10,1147,9,1,6,1,1,-94,0,1241,13988,236,100,4,0,0
3548,14,10,1024,0,1169,5,4,7,1,1,-52,0,759,7363,225,100,3,0,0
3549,15,10,1024,0,1123,5,11,7,1,1,-70,4,2014,20119,224,100,2,0,0
3549,10,2,768,0,1091,5,547,7,1,1,-95,6,1705,12450,225,100,4,1,3
3548,7,4,768,0,1182,8,11,7,1,2,-70,2,1606,14043,231,100,5,0,0
3550,2,1,512,10,1121,9,1,6,1,1,-88,8,1732,12306,236,100,2,0,0
3550,4,1,512,20,1125,9,4,7,1,1,-66,8,1939,11473,236,100,2,0,0
3545,17,12,1280,10,1178,6,5,7,1,1,-70,0,699,6633,219,100,3,0,0
3549,19,15,1280,0,842,6,4,7,1,1,-52,0,645,9138,222,100,2,0,0
3549,11,7,1024,10,1191,6,11,7,1,1,-52,1,775,8564,229,100,2,0,0
3549,16,11,1280,0,1110,6,19,7,1,1,-70,0,711,6428,188,100,2,0,0
3551,6,2,768,0,1100,6,535,7,1,2,-52,0,1048,8985,211,100,5,1,3
3552,9,4,768,0,1187,6,541,7,1,1,-70,0,867,9814,232,100,5,1,3
3553,21,20,1536,0,1191,5,6,5,1,1,-52,0,935,11385,213,100,3,0,0
3549,17,12,1280,0,1180,6,5,7,1,1,-70,0,455,4570,220,100,1,0,0
3553,3,1,512,0,1093,9,3,7,1,2,-64,0,608,9502,233,100,4,0,0
3553,8,4,768,0,1152,8,11,7,1,2,-52,3,2394,21607,232,100,4,0,0
3552,18,15,1280,0,1129,5,4,5,1,1,-70,0,412,6473,223,100,2,0,0
3553,7,4,768,0,1184,8,11,7,1,2,-70,2,856,9172,231,100,0,0,0
3553,5,1,512,0,1148,9,1,6,1,1,-94,0,509,8841,236,100,3,0,0
3551,13,8,1024,10,1182,5,558,7,1,1,-70,0,1097,10534,210,100,7,1,3
3554,10,2,768,0,1093,5,548,7,1,1,-95,6,1395,11105,225,100,3,1,3
3553,20,15,1280,0,1115,6,5,7,1,1,-70,1,1539,15683,218,100,2,0,0
3555,1,0,256,0,14,0,0,4,0,0,0,10,2309,22936,4464,100,2,0,0
3554,19,15,1280,10,842,6,4,7,1,1,-52,0,165,4365,222,100,0,0,0
3554,12,8,1024,0,1136,7,569,7,1,1,-52,1,1492,16083,219,100,6,1,3
3556,2,1,512,10,1125,9,1,6,1,1,-88,8,2504,16943,237,100,2,0,0
3555,6,2,768,0,1101,6,536,7,1,2,-52,0,422,4510,211,100,2,1,3
3557,4,1,512,0,1126,9,4,7,1,1,-66,8,2652,19362,237,100,2,0,0
3557,11,7,1024,20,1195,6,11,7,1,1,-52,1,1208,13494,230,100,2,0,0
3559,9,4,768,0,1189,6,544,7,1,1,-70,0,699,9048,232,100,6,1,3
3559,14,10,1024,0,1173,5,4,7,1,1,-52,0,1025,10935,226,100,5,0,0
3557,16,11,1280,0,1113,6,19,7,1,1,-70,0,683,7787,189,100,2,0,0
3558,15,10,1024,10,1128,5,11,7,1,1,-70,4,2852,24135,225,100,4,0,0
3560,6,2,768,0,1104,6,538,7,1,2,-52,0,689,4818,212,100,4,1,3
3561,8,4,768,10,1155,8,11,7,1,2,-52,3,1519,15793,233,100,3,0,0
3559,19,15,1280,0,844,6,4,7,1,1,-52,0,557,5524,223,100,1,0,0
3562,7,4,768,0,1186,8,11,7,1,2,-70,2,1451,14754,232,100,3,0,0
3562,5,1,512,0,1150,9,1,6,1,1,-94,0,591,10727,237,100,2,0,0
3562,10,2,768,0,1097,5,550,7,1,1,-95,6,2609,17671,226,100,6,1,3
3561,18,15,1280,0,1130,5,4,5,1,1,-70,0,565,8270,224,100,3,0,0
3562,2,1,512,0,1128,9,1,6,1,1,-88,8,2551,15093,237,100,4,0,0
3562,11,7,1024,0,1196,6,11,7,1,1,-52,1,631,6850,230,100,2,0,0
3560,17,12,1280,0,1187,6,5,7,1,1,-70,0,1169,11003,220,100,4,0,0
3562,13,8,1024,0,1187,5,561,7,1,1,-70,0,1123,10787,211,100,7,1,3
3564,21,20,1536,0,1195,5,6,5,1,1,-52,0,929,10848,214,100,4,0,0
3564,3,1,512,10,1103,9,3,7,1,2,-64,0,1378,15439,234,100,3,0,0
3565,1,0,256,0,14,0,0,4,0,0,0,10,2383,24257,4478,100,1,0,0
3565,14,10,1024,0,1175,5,4,7,1,1,-52,0,497,6497,226,100,2,0,0
3565,20,15,1280,0,1120,6,5,7,1,1,-70,1,1584,15129,219,100,5,0,0
3565,6,2,768,0,1106,6,540,7,1,2,-52,0,550,6298,212,100,4,1,3
3568,8,4,768,10,1158,8,11,7,1,2,-52,3,1238,12798,233,100,2,0,0
3567,4,1,512,20,1128,9,4,7,1,1,-66,8,3612,27619,237,100,3,0,0
3565,12,8,1024,0,1142,7,571,7,1,1,-52,1,1648,15424,220,100,6,1,3
3568,9,4,768,0,1192,6,546,7,1,1,-70,0,765,11023,233,100,4,1,3
3568,16,11,1280,0,1115,6,19,7,1,1,-70,0,715,11153,190,100,4,0,0
3568,15,10,1024,10,1134,5,11,7,1,1,-70,4,2542,24647,226,100,4,0,0
3570,21,20,1536,10,1197,5,6,5,1,1,-52,0,478,5354,214,100,1,0,0
3571,5,1,512,0,1153,9,1,6,1,1,-94,0,792,11009,238,100,3,0,0
3571,7,4,768,0,1194,8,11,7,1,2,-70,2,1900,16440,233,100,5,0,0
3571,3,1,512,10,1107,9,3,7,1,2,-64,0,917,9044,234,100,3,0,0
3570,20,15,1280,0,1120,6,5,7,1,1,-70,1,558,6993,219,100,1,0,0
3570,17,12,1280,0,1191,6,5,7,1,1,-70,0,882,8301,221,100,4,0,0
3571,2,1,512,20,1132,9,1,6,1,1,-88,8,2432,18666,238,100,2,0,0
3571,11,7,1024,0,1198,6,11,7,1,1,-52,1,1046,13992,230,100,4,0,0
3571,19,15,1280,0,848,6,4,7,1,1,-52,0,939,11610,224,100,2,0,0
3572,18,15,1280,0,1134,5,4,5,1,1,-70,0,848,9144,224,100,4,0,0
3573,8,4,768,0,1160,8,11,7,1,2,-52,3,1089,10323,233,100,2,0,0
3573,9,4,768,0,1194,6,547,7,1,1,-70,0,523,6520,233,100,3,1,3
3574,1,0,256,0,14,0,0,4,0,0,0,10,2127,22090,4490,100,2,0,0
3572,13,8,1024,0,1190,5,563,7,1,1,-70,0,806,9481,211,100,5,1,3
3572,10,2,768,10,1102,5,553,7,1,1,-95,6,3482,25052,226,100,6,1,3
3574,4,1,512,40,1133,9,4,7,1,1,-66,8,3033,18408,238,100,2,0,0
3571,12,8,1024,0,1145,7,572,7,1,1,-52,1,985,8684,220,100,3,1,3
3575,16,11,1280,0,1115,6,19,7,1,1,-70,0,359,5077,190,100,1,0,0
3575,14,10,1024,0,1180,5,4,7,1,1,-52,0,1017,10560,227,100,3,0,0
3576,20,15,1280,0,1122,6,5,7,1,1,-70,1,728,7589,220,100,2,0,0
3574,17,12,1280,10,1194,6,5,7,1,1,-70,0,471,4019,221,100,2,0,0
3577,6,2,768,0,1109,6,543,7,1,2,-52,0,886,10338,213,100,6,1,3
3577,11,7,1024,0,1202,6,11,7,1,1,-52,1,1063,10695,231,100,2,0,0
3579,4,1,512,0,1134,9,4,7,1,1,-66,8,1787,12660,238,100,2,0,0
3579,15,10,1024,10,1138,5,11,7,1,1,-70,4,2477,22759,226,100,4,0,0
3580,3,1,512,0,1111,9,3,7,1,2,-64,0,927,12018,235,100,3,0,0
3579,10,2,768,0,1104,5,555,7,1,1,-95,6,1511,14102,227,100,4,1,3
3579,8,4,768,0,1163,8,11,7,1,2,-52,3,1792,15971,234,100,4,0,0
3579,19,15,1280,0,849,6,4,7,1,1,-52,0,515,7938,224,100,2,0,0
3580,16,11,1280,0,1118,6,19,7,1,1,-70,0,573,4930,190,100,3,0,0
3580,9,4,768,0,1196,6,550,7,1,1,-70,0,777,9859,234,100,7,1,3
3579,21,20,1536,0,1200,5,6,5,1,1,-52,0,822,9807,215,100,4,0,0
3579,12,8,1024,10,1150,7,574,7,1,1,-52,1,1340,10280,221,100,6,1,3
3580,18,15,1280,0,1136,5,4,5,1,1,-70,0,575,8200,225,100,2,0,0
3580,7,4,768,0,1198,8,11,7,1,2,-70,2,1912,17879,233,100,3,0,0
3580,20,15,1280,0,1123,6,5,7,1,1,-70,1,506,5807,220,100,1,0,0
3583,5,1,512,0,1158,9,1,6,1,1,-94,0,1005,14790,238,100,4,0,0
3582,2,1,512,0,1134,9,1,6,1,1,-88,8,3933,26665,239,100,3,0,0
3584,1,0,256,0,14,0,0,4,0,0,0,10,2581,24603,4503,100,2,0,0
3582,6,2,768,10,1110,6,544,7,1,2,-52,0,416,6113,213,100,3,1,3
3581,13,8,1024,10,1194,5,565,7,1,1,-70,0,840,9340,212,100,5,1,3
3583,19,15,1280,0,850,6,4,7,1,1,-52,0,369,4292,224,100,1,0,0
3584,4,1,512,10,1137,9,4,7,1,1,-66,8,2300,15380,239,100,1,0,0
3583,14,10,1024,0,1186,5,4,7,1,1,-52,0,860,9332,227,100,3,0,0
3584,17,12,1280,0,1197,6,5,7,1,1,-70,0,832,10312,222,100,3,0,0
3585,21,20,1536,10,1202,5,6,5,1,1,-52,0,471,5454,215,100,2,0,0
3586,7,4,768,0,1199,8,11,7,1,2,-70,2,677,9126,234,100,2,0,0
3587,3,1,512,0,1114,9,3,7,1,2,-64,0,624,9214,235,100,2,0,0
3586,15,10,1024,0,1141,5,11,7,1,1,-70,4,2341,18640,227,100,3,0,0
3588,2,1,512,10,1135,9,1,6,1,1,-88,8,1647,11780,239,100,2,0,0
3588,8,4,768,0,1166,8,11,7,1,2,-52,3,1474,15864,234,100,2,0,0
3589,1,0,256,0,14,0,0,4,0,0,0,10,1081,11807,4509,100,1,0,0
3590,5,1,512,0,1159,9,1,6,1,1,-94,0,462,8581,239,100,2,0,0
3588,6,2,768,0,1110,6,546,7,1,2,-52,0,399,4975,214,100,3,1,3
3587,12,8,1024,0,1151,7,576,7,1,1,-52,1,861,11469,221,100,4,1,3
3589,11,7,1024,0,1207,6,11,7,1,1,-52,1,1538,18410,232,100,4,0,0
3588,14,10,1024,0,1188,5,4,7,1,1,-52,0,658,5202,228,100,2,0,0
3591,18,15,1280,0,1138,5,4,5,1,1,-70,0,726,10263,226,100,2,0,0
3591,16,11,1280,0,1123,6,19,7,1,1,-70,0,1037,11682,191,100,4,0,0
3590,13,8,1024,0,1198,5,568,7,1,1,-70,0,990,9100,213,100,7,1,3
3591,10,2,768,10,1108,5,557,7,1,1,-95,6,3569,25393,228,100,6,1,3
3591,9,4,768,10,1202,6,553,7,1,1,-70,0,1145,13589,234,100,7,1,3
3592,20,15,1280,10,1129,6,5,7,1,1,-70,1,1538,14947,221,100,4,0,0
3591,12,8,1024,10,1153,7,577,7,1,1,-52,1,641,5737,222,100,3,1,3
3592,17,12,1280,10,1199,6,5,7,1,1,-70,0,486,6653,222,100,3,0,0
3594,21,20,1536,0,1205,5,6,5,1,1,-52,0,804,8612,216,100,3,0,0
3594,6,2,768,10,1114,6,547,7,1,2,-52,0,635,6296,214,100,2,1,3
3594,4,1,512,0,1141,9,4,7,1,1,-66,8,3607,24901,239,100,4,0,0
3594,19,15,1280,0,853,6,4,7,1,1,-52,0,808,10555,225,100,2,0,0
3595,5,1,512,0,1162,9,1,6,1,1,-94,0,697,7563,239,100,3,0,0
3594,16,11,1280,0,1123,6,19,7,1,1,-70,0,266,4099,191,100,1,0,0
3596,1,0,256,0,14,0,0,4,0,0,0,10,1870,18719,4520,100,1,0,0
3595,15,10,1024,0,1144,5,11,7,1,1,-70,4,2110,20574,227,100,3,0,0
3596,8,4,768,0,1167,8,11,7,1,2,-52,3,1865,17152,235,100,3,0,0
3597,2,1,512,10,1139,9,1,6,1,1,-88,8,3180,20341,240,100,4,0,0
3597,10,2,768,0,1111,5,559,7,1,1,-95,6,1708,12347,228,100,4,1,3
3597,7,4,768,0,1201,8,11,7,1,2,-70,2,1600,18052,234,100,4,0,0
