# run_metadata: attack=flooding nodes=21 placement=mid atkcount=1 seed=42 worker=3 csc=v3 attackers=11
# started: 2026-06-03T18:21:44
Logging to: /home/ev/6tisch-ng-sra/2026-06-03_18-21-38_flooding-n21-mid-a1-w3.log
Listening on UDP port 5678 (IPv6)...
Received from ('fd00::200:0:0:1', 5678, 0, 0): b' 8,1,0,256,0,1,0,0,1,0,0,0,0,615,3922,0,0,0 '
Received from ('fd00::200:0:0:1', 5678, 0, 0): b' 13,1,0,256,0,2,0,0,2,0,0,0,2,630,4130,0,0,0 '
Received from ('fd00::200:0:0:4', 8765, 0, 0): b' 6,4,1,512,10,0,0,1,1,0,1,-66,0,270,23259,0,0,0 '
Received from ('fd00::200:0:0:4', 8765, 0, 0): b' 12,4,1,640,70,2,1,1,3,0,1,-66,0,533,5970,1,0,0 '
Received from ('fd00::200:0:0:1', 5678, 0, 0): b' 17,1,0,256,0,2,0,0,3,0,0,0,3,674,4658,1,0,0 '
Received from ('fd00::200:0:0:2', 8765, 0, 0): b' 5,2,1,512,10,0,0,1,1,0,1,-88,0,318,27129,0,0,0 '
Received from ('fd00::200:0:0:2', 8765, 0, 0): b' 14,2,1,640,80,2,2,1,1,0,1,-88,0,1329,7874,1,0,0 '
Received from ('fd00::200:0:0:4', 8765, 0, 0): b' 21,4,1,512,0,3,2,1,3,1,1,-66,0,1912,10835,1,0,0 '
Received from ('fd00::200:0:0:5', 8765, 0, 0): b' 8,5,1,896,20,1,1,1,1,0,1,-94,0,790,6980,0,0,0 '
Received from ('fd00::200:0:0:2', 8765, 0, 0): b' 23,2,1,512,0,3,2,1,1,1,1,-88,0,1258,10212,1,0,0 '
Received from ('fd00::200:0:0:5', 8765, 0, 0): b' 13,5,1,896,50,2,2,1,1,0,1,-94,0,784,4725,1,0,0 '
Received from ('fd00::200:0:0:5', 8765, 0, 0): b' 24,5,1,766,40,2,2,1,1,1,1,-94,0,1319,11373,1,0,0 '
Received from ('fd00::200:0:0:1', 5678, 0, 0): b' 26,1,0,256,0,3,0,0,4,0,0,0,4,2174,16117,4,0,0 '
Received from ('fd00::200:0:0:4', 8765, 0, 0): b' 27,4,1,512,0,4,2,1,3,1,1,-66,0,614,6267,2,0,0 '
Received from ('fd00::200:0:0:3', 8765, 0, 0): b' 9,3,1,640,30,1,1,1,2,0,1,-64,0,1215,7717,0,0,0 '
Received from ('fd00::200:0:0:3', 8765, 0, 0): b' 15,3,1,640,80,2,1,1,3,0,1,-64,0,852,5917,1,0,0 '
Received from ('fd00::200:0:0:3', 8765, 0, 0): b' 20,3,1,640,80,2,2,1,3,0,1,-64,0,395,4127,1,0,0 '
Received from ('fd00::200:0:0:3', 8765, 0, 0): b' 29,3,1,640,80,3,2,1,4,0,1,-64,0,1056,9101,2,0,0 '
Received from ('fd00::200:0:0:5', 8765, 0, 0): b' 32,5,1,512,0,3,2,1,3,1,1,-94,0,926,8811,2,0,0 '
Received from ('fd00::200:0:0:2', 8765, 0, 0): b' 34,2,1,512,0,4,2,1,3,1,1,-88,0,884,10247,2,0,0 '
Received from ('fd00::200:0:0:1', 5678, 0, 0): b' 34,1,0,256,0,3,0,0,4,0,0,0,4,1670,16875,8,0,0 '
Received from ('fd00::200:0:0:4', 8765, 0, 0): b' 38,4,1,512,10,4,2,1,4,1,1,-66,0,734,10558,2,0,0 '
Received from ('fd00::200:0:0:5', 8765, 0, 0): b' 38,5,1,512,0,4,2,1,3,1,1,-94,0,565,5657,2,0,0 '
Received from ('fd00::200:0:0:1', 5678, 0, 0): b' 40,1,0,256,0,3,0,0,4,0,0,0,4,665,10288,8,0,0 '
Received from ('fd00::200:0:0:2', 8765, 0, 0): b' 40,2,1,512,0,4,2,1,3,1,1,-88,0,531,5924,2,0,0 '
Received from ('fd00::200:0:0:3', 8765, 0, 0): b' 42,3,1,512,0,5,2,1,4,1,1,-64,0,2003,13081,2,0,0 '
Received from ('fd00::200:0:0:1', 5678, 0, 0): b' 44,1,0,256,0,3,0,0,4,0,0,0,4,827,9474,12,0,0 '
Received from ('fd00::200:0:0:5', 8765, 0, 0): b' 45,5,1,512,0,4,2,1,3,1,1,-94,0,539,5456,3,0,0 '
Received from ('fd00::200:0:0:4', 8765, 0, 0): b' 44,4,1,512,0,4,2,1,4,1,1,-66,0,565,6668,3,0,0 '
Received from ('fd00::200:0:0:3', 8765, 0, 0): b' 47,3,1,512,0,6,2,1,4,1,1,-64,0,521,5383,3,0,0 '
Received from ('fd00::200:0:0:5', 8765, 0, 0): b' 49,5,1,512,0,4,2,1,3,1,1,-94,0,343,4433,3,0,0 '
Received from ('fd00::200:0:0:2', 8765, 0, 0): b' 51,2,1,512,0,5,2,1,3,1,1,-88,0,907,11333,3,0,0 '
Received from ('fd00::200:0:0:3', 8765, 0, 0): b' 51,3,1,512,0,6,2,1,5,1,1,-64,0,399,4098,3,0,0 '
Received from ('fd00::200:0:0:5', 8765, 0, 0): b' 53,5,1,512,0,6,2,1,3,1,1,-94,0,627,4555,3,0,0 '
Received from ('fd00::200:0:0:4', 8765, 0, 0): b' 53,4,1,512,0,6,2,1,4,1,1,-66,0,910,8390,3,0,0 '
Received from ('fd00::200:0:0:1', 5678, 0, 0): b' 53,1,0,256,0,4,0,0,4,0,0,0,5,1461,19112,12,0,0 '
Received from ('fd00::200:0:0:2', 8765, 0, 0): b' 56,2,1,512,0,7,3,1,3,1,1,-88,0,963,6389,3,0,0 '
Received from ('fd00::200:0:0:4', 8765, 0, 0): b' 58,4,1,512,0,6,3,1,4,1,1,-66,0,498,4940,4,0,0 '
Received from ('fd00::200:0:0:3', 8765, 0, 0): b' 59,3,1,512,0,7,3,1,5,1,1,-64,1,1134,8606,4,0,0 '
Received from ('fd00::200:0:0:b', 8765, 0, 0): b' 51,11,3,1152,0,1,0,1,1,0,1,-95,0,900,6152,0,0,0 '
Received from ('fd00::200:0:0:5', 8765, 0, 0): b' 60,5,1,512,10,6,3,1,3,1,1,-94,0,1038,7088,4,0,0 '
Received from ('fd00::200:0:0:4', 8765, 0, 0): b' 63,4,1,512,0,6,3,1,5,1,1,-66,0,270,4548,4,0,0 '
Received from ('fd00::200:0:0:b', 8765, 0, 0): b' 64,11,3,858,0,3,1,1,2,1,1,-95,1,2098,11547,1,0,0 '
Received from ('fd00::200:0:0:2', 8765, 0, 0): b' 63,2,1,512,0,8,3,1,3,1,1,-88,0,664,8963,4,0,0 '
Received from ('fd00::200:0:0:1', 5678, 0, 0): b' 65,1,0,256,0,4,0,0,4,0,0,0,6,2047,23928,17,0,0 '
Received from ('fd00::200:0:0:8', 8765, 0, 0): b' 56,8,11,1408,30,1,1,1,1,0,1,-70,0,758,78830,0,0,0 '
Received from ('fd00::200:0:0:5', 8765, 0, 0): b' 68,5,1,512,0,7,3,1,4,1,1,-94,0,591,9240,4,0,0 '
Received from ('fd00::200:0:0:2', 8765, 0, 0): b' 68,2,1,512,0,8,3,1,3,1,1,-88,0,246,5199,4,0,0 '
Received from ('fd00::200:0:0:3', 8765, 0, 0): b' 68,3,1,512,0,8,3,1,6,1,1,-64,2,2117,14365,4,0,0 '
Received from ('fd00::200:0:0:8', 8765, 0, 0): b' 69,8,3,768,10,3,3,1,2,1,2,-70,0,2015,13006,1,0,0 '
Received from ('fd00::200:0:0:2', 8765, 0, 0): b' 72,2,1,512,0,8,3,1,3,1,1,-88,0,418,5152,5,0,0 '
Received from ('fd00::200:0:0:b', 8765, 0, 0): b' 72,11,3,768,0,4,2,1,2,1,1,-95,1,1550,12042,2,0,0 '
Received from ('fd00::200:0:0:1', 5678, 0, 0): b' 72,1,0,256,0,4,0,0,4,0,0,0,6,1609,16575,24,0,0 '
Received from ('fd00::200:0:0:4', 8765, 0, 0): b' 74,4,1,512,0,6,3,1,5,1,1,-66,0,782,12224,5,0,0 '
Received from ('fd00::200:0:0:3', 8765, 0, 0): b' 75,3,1,512,0,8,3,1,6,1,1,-64,2,1657,15047,5,0,0 '
Received from ('fd00::200:0:0:5', 8765, 0, 0): b' 75,5,1,512,0,8,3,1,4,1,1,-94,0,688,10605,5,0,0 '
Received from ('fd00::200:0:0:8', 8765, 0, 0): b' 75,8,3,768,0,3,3,1,4,1,2,-70,0,696,8119,2,0,0 '
Received from ('fd00::200:0:0:1', 5678, 0, 0): b' 77,1,0,256,0,4,0,0,4,0,0,0,6,650,10151,24,0,0 '
Received from ('fd00::200:0:0:4', 8765, 0, 0): b' 78,4,1,512,10,7,3,1,5,1,1,-66,0,348,5169,5,0,0 '
Received from ('fd00::200:0:0:8', 8765, 0, 0): b' 80,8,3,768,0,4,3,1,4,1,2,-70,0,541,4790,2,0,0 '
Received from ('fd00::200:0:0:5', 8765, 0, 0): b' 82,5,1,512,0,9,3,1,4,1,1,-94,0,469,7418,5,0,0 '
Received from ('fd00::200:0:0:2', 8765, 0, 0): b' 83,2,1,512,0,9,3,1,3,1,1,-88,0,637,12603,5,0,0 '
Received from ('fd00::200:0:0:b', 8765, 0, 0): b' 82,11,3,768,0,4,2,1,2,1,1,-95,1,927,13559,2,0,0 '
Received from ('fd00::200:0:0:1', 5678, 0, 0): b' 84,1,0,256,0,4,0,0,4,0,0,0,6,850,13587,25,0,0 '
Received from ('fd00::200:0:0:3', 8765, 0, 0): b' 86,3,1,512,10,9,3,1,6,1,1,-64,2,1466,15052,5,0,0 '
Received from ('fd00::200:0:0:4', 8765, 0, 0): b' 87,4,1,512,0,8,3,1,5,1,1,-66,0,689,10482,6,0,0 '
Received from ('fd00::200:0:0:b', 8765, 0, 0): b' 87,11,3,768,0,5,2,1,3,1,1,-95,1,530,5699,3,0,0 '
Received from ('fd00::200:0:0:2', 8765, 0, 0): b' 88,2,1,512,10,9,3,1,3,1,1,-88,0,573,7301,6,0,0 '
Received from ('fd00::200:0:0:1', 5678, 0, 0): b' 89,1,0,256,0,4,0,0,4,0,0,0,6,1031,10546,30,0,0 '
Received from ('fd00::200:0:0:3', 8765, 0, 0): b' 91,3,1,512,10,9,3,1,6,1,1,-64,2,1036,8827,6,0,0 '
Received from ('fd00::200:0:0:5', 8765, 0, 0): b' 90,5,1,512,0,11,3,1,5,1,1,-94,0,1177,10857,6,0,0 '
Received from ('fd00::200:0:0:8', 8765, 0, 0): b' 89,8,3,768,0,6,3,1,6,1,2,-70,0,923,9095,3,0,0 '
Received from ('fd00::200:0:0:1', 5678, 0, 0): b' 94,1,0,256,0,4,0,0,4,0,0,0,6,709,9647,30,0,0 '
Received from ('fd00::200:0:0:4', 8765, 0, 0): b' 96,4,1,512,0,8,3,1,6,1,1,-66,0,881,11773,6,0,0 '
Received from ('fd00::200:0:0:b', 8765, 0, 0): b' 95,11,3,768,0,7,2,1,5,1,1,-95,1,907,11589,3,0,0 '
Received from ('fd00::200:0:0:2', 8765, 0, 0): b' 97,2,1,512,0,10,3,1,3,1,1,-88,0,517,10050,6,0,0 '
Received from ('fd00::200:0:0:8', 8765, 0, 0): b' 97,8,3,768,0,6,3,1,7,1,2,-70,0,922,9068,3,0,0 '
Received from ('fd00::200:0:0:3', 8765, 0, 0): b' 102,3,1,512,10,10,3,1,6,1,1,-64,3,1870,20972,6,0,0 '
Received from ('fd00::200:0:0:1', 5678, 0, 0): b' 102,1,0,256,0,4,0,0,4,0,0,0,7,1104,16162,34,0,0 '
Received from ('fd00::200:0:0:b', 8765, 0, 0): b' 102,11,3,768,0,8,2,1,5,1,1,-95,1,554,8121,4,0,0 '
Received from ('fd00::200:0:0:5', 8765, 0, 0): b' 101,5,1,512,0,12,3,1,5,1,1,-94,0,968,14519,7,0,0 '
Received from ('fd00::200:0:0:d', 8765, 0, 0): b' 84,13,5,1152,10,0,0,2,1,0,1,-95,0,391,15647,0,0,0 '
Received from ('fd00::200:0:0:d', 8765, 0, 0): b' 88,13,5,1152,40,1,1,2,1,0,1,-95,0,682,3682,0,0,0 '
Received from ('fd00::200:0:0:d', 8765, 0, 0): b' 92,13,8,1152,60,2,2,2,5,0,2,-70,0,441,3866,1,0,0 '
Received from ('fd00::200:0:0:d', 8765, 0, 0): b' 103,13,8,1152,50,3,3,2,5,1,2,-70,0,1552,9471,1,0,0 '
Received from ('fd00::200:0:0:c', 8765, 0, 0): b' 85,12,4,1152,30,1,1,2,1,0,1,-95,0,581,4644,0,0,0 '
Received from ('fd00::200:0:0:c', 8765, 0, 0): b' 95,12,8,1152,60,2,3,2,5,0,2,-52,0,1445,10088,1,0,0 '
Received from ('fd00::200:0:0:5', 8765, 0, 0): b' 106,5,1,512,0,13,3,1,5,1,1,-94,0,447,5997,7,0,0 '
Received from ('fd00::200:0:0:c', 8765, 0, 0): b' 105,12,8,1024,30,3,3,2,5,1,2,-52,0,1557,10259,2,0,0 '
Received from ('fd00::200:0:0:10', 8765, 0, 0): b' 89,16,13,1536,20,1,0,2,2,0,1,-70,0,872,4076,0,0,0 '
Received from ('fd00::200:0:0:4', 8765, 0, 0): b' 107,4,1,512,0,10,3,1,6,1,1,-66,0,974,15239,7,0,0 '
Received from ('fd00::200:0:0:10', 8765, 0, 0): b' 100,16,11,1152,60,3,3,2,4,0,2,-70,0,1598,10949,0,0,0 '
Received from ('fd00::200:0:0:1', 5678, 0, 0): b' 108,1,0,256,0,5,0,0,4,0,0,0,9,1646,15556,40,0,0 '
Received from ('fd00::200:0:0:2', 8765, 0, 0): b' 108,2,1,512,0,11,3,1,3,1,1,-88,0,934,13872,7,0,0 '
Received from ('fd00::200:0:0:8', 8765, 0, 0): b' 108,8,3,768,0,7,3,1,7,1,2,-70,2,3355,17855,4,0,0 '
Received from ('fd00::200:0:0:c', 8765, 0, 0): b' 110,12,8,1024,0,4,3,2,5,1,2,-52,0,578,4746,2,0,0 '
Received from ('fd00::200:0:0:10', 8765, 0, 0): b' 110,16,11,1024,0,4,3,2,4,1,2,-70,0,1692,10596,1,0,0 '
Received from ('fd00::200:0:0:5', 8765, 0, 0): b' 110,5,1,512,0,13,3,1,5,1,1,-94,0,248,5580,7,0,0 '
Received from ('fd00::200:0:0:3', 8765, 0, 0): b' 112,3,1,512,10,11,3,1,6,1,1,-64,5,4442,26260,7,0,0 '
Received from ('fd00::200:0:0:b', 8765, 0, 0): b' 111,11,3,768,0,9,2,1,5,1,1,-95,2,1824,18819,4,0,0 '
Received from ('fd00::200:0:0:2', 8765, 0, 0): b' 112,2,1,512,0,11,3,1,3,1,1,-88,0,249,4916,7,0,0 '
Received from ('fd00::200:0:0:d', 8765, 0, 0): b' 113,13,8,1024,0,5,3,2,5,1,2,-70,0,1531,11764,2,0,0 '
Received from ('fd00::200:0:0:c', 8765, 0, 0): b' 114,12,8,1024,0,5,3,2,5,1,2,-52,0,544,4117,2,0,0 '
Received from ('fd00::200:0:0:10', 8765, 0, 0): b' 116,16,11,1024,0,5,3,2,4,1,2,-70,0,668,6064,1,0,0 '
Received from ('fd00::200:0:0:1', 5678, 0, 0): b' 117,1,0,256,0,5,0,0,4,0,0,0,9,1430,19180,46,0,0 '
Received from ('fd00::200:0:0:c', 8765, 0, 0): b' 118,12,8,1024,0,5,3,2,5,1,2,-52,0,347,4181,2,0,0 '
Received from ('fd00::200:0:0:5', 8765, 0, 0): b' 118,5,1,512,0,14,3,1,5,1,1,-94,0,575,9364,8,0,0 '
Received from ('fd00::200:0:0:3', 8765, 0, 0): b' 119,3,1,512,10,12,3,1,6,1,1,-64,5,2103,15430,8,0,0 '
Received from ('fd00::200:0:0:4', 8765, 0, 0): b' 119,4,1,512,0,10,3,1,6,1,1,-66,0,828,14879,8,0,0 '
Received from ('fd00::200:0:0:8', 8765, 0, 0): b' 120,8,3,768,0,9,3,1,7,1,2,-70,2,2305,21883,5,0,0 '
Received from ('fd00::200:0:0:10', 8765, 0, 0): b' 120,16,11,1024,0,5,3,2,4,1,2,-70,0,431,4442,2,0,0 '
Received from ('fd00::200:0:0:2', 8765, 0, 0): b' 122,2,1,512,0,11,3,1,3,1,1,-88,0,468,11185,8,0,0 '
Received from ('fd00::200:0:0:b', 8765, 0, 0): b' 122,11,3,768,0,9,2,1,5,1,1,-95,2,1415,20320,5,0,0 '
Received from ('fd00::200:0:0:d', 8765, 0, 0): b' 123,13,8,1024,0,5,3,2,5,1,2,-70,0,795,9556,3,0,0 '
Received from ('fd00::200:0:0:1', 5678, 0, 0): b' 125,1,0,256,0,5,0,0,4,0,0,0,9,1246,16250,50,0,0 '
Received from ('fd00::200:0:0:3', 8765, 0, 0): b' 126,3,1,512,0,12,3,1,6,1,1,-64,5,1498,13984,8,0,0 '
Received from ('fd00::200:0:0:5', 8765, 0, 0): b' 125,5,1,512,0,14,3,1,5,1,1,-94,0,393,8701,8,0,0 '
Received from ('fd00::200:0:0:2', 8765, 0, 0): b' 126,2,1,512,0,11,3,1,3,1,1,-88,0,249,4998,8,0,0 '
Received from ('fd00::200:0:0:10', 8765, 0, 0): b' 126,16,11,1024,0,6,3,2,4,1,2,-70,0,472,4779,2,0,0 '
Received from ('fd00::200:0:0:c', 8765, 0, 0): b' 127,12,8,1024,0,6,3,2,5,1,2,-52,0,773,8096,3,0,0 '
Received from ('fd00::200:0:0:8', 8765, 0, 0): b' 129,8,3,768,0,10,3,1,7,1,2,-70,2,1279,16379,5,0,0 '
Received from ('fd00::200:0:0:d', 8765, 0, 0): b' 129,13,8,1024,0,6,3,2,7,1,2,-70,0,568,5466,3,0,0 '
Received from ('fd00::200:0:0:4', 8765, 0, 0): b' 129,4,1,512,0,11,3,1,6,1,1,-66,0,691,12279,9,0,0 '
Received from ('fd00::200:0:0:b', 8765, 0, 0): b' 130,11,3,768,0,10,2,1,5,1,1,-95,3,1228,14183,6,0,0 '
Received from ('fd00::200:0:0:5', 8765, 0, 0): b' 130,5,1,512,0,14,3,1,5,1,1,-94,0,248,5677,8,0,0 '
Received from ('fd00::200:0:0:c', 8765, 0, 0): b' 130,12,8,1024,0,6,3,2,6,1,2,-52,0,249,4089,3,0,0 '
Received from ('fd00::200:0:0:1', 5678, 0, 0): b' 131,1,0,256,0,5,0,0,4,0,0,0,10,1168,13763,53,0,0 '
Received from ('fd00::200:0:0:3', 8765, 0, 0): b' 132,3,1,512,10,12,3,1,6,1,1,-64,7,1957,14622,9,0,0 '
Received from ('fd00::200:0:0:2', 8765, 0, 0): b' 133,2,1,512,0,11,3,1,3,1,1,-88,0,468,7941,9,0,0 '
Received from ('fd00::200:0:0:4', 8765, 0, 0): b' 135,4,1,512,0,11,3,1,6,1,1,-66,0,273,6097,9,0,0 '
Received from ('fd00::200:0:0:10', 8765, 0, 0): b' 134,16,11,1024,0,7,3,2,6,1,2,-70,2,1103,9250,3,0,0 '
Received from ('fd00::200:0:0:1', 5678, 0, 0): b' 137,1,0,256,0,5,0,0,4,0,0,0,10,1113,12168,59,0,0 '
Received from ('fd00::200:0:0:3', 8765, 0, 0): b' 137,3,1,512,0,12,3,1,6,1,1,-64,7,1168,10060,9,0,0 '
Received from ('fd00::200:0:0:b', 8765, 0, 0): b' 138,11,3,768,10,11,2,1,5,1,1,-95,3,1027,12225,6,0,0 '
Received from ('fd00::200:0:0:2', 8765, 0, 0): b' 138,2,1,512,10,11,3,1,3,1,1,-88,0,248,6130,9,0,0 '
Received from ('fd00::200:0:0:d', 8765, 0, 0): b' 137,13,8,1024,0,8,3,2,7,1,2,-70,0,1216,12011,4,0,0 '
Received from ('fd00::200:0:0:5', 8765, 0, 0): b' 138,5,1,512,0,15,3,1,5,1,1,-94,0,751,10762,9,0,0 '
Received from ('fd00::200:0:0:c', 8765, 0, 0): b' 139,12,8,1024,10,7,3,2,6,1,2,-52,0,773,8506,4,0,0 '
Received from ('fd00::200:0:0:8', 8765, 0, 0): b' 141,8,3,768,0,11,3,1,7,1,2,-70,2,2416,23562,6,0,0 '
Received from ('fd00::200:0:0:10', 8765, 0, 0): b' 140,16,11,1024,0,7,3,2,6,1,2,-70,2,588,6080,3,0,0 '
Received from ('fd00::200:0:0:1', 5678, 0, 0): b' 142,1,0,256,0,5,0,0,4,0,0,0,10,667,11393,59,0,0 '
Received from ('fd00::200:0:0:3', 8765, 0, 0): b' 143,3,1,512,10,12,3,1,6,1,1,-64,7,1161,11436,9,0,0 '
Received from ('fd00::200:0:0:d', 8765, 0, 0): b' 144,13,8,1024,0,9,3,2,7,1,2,-70,0,473,7711,4,0,0 '
Received from ('fd00::200:0:0:8', 8765, 0, 0): b' 146,8,3,768,20,12,3,1,7,1,2,-70,2,798,10680,7,0,0 '
Received from ('fd00::200:0:0:4', 8765, 0, 0): b' 146,4,1,512,0,11,3,1,6,1,1,-66,0,492,13378,10,0,0 '
Received from ('fd00::200:0:0:10', 8765, 0, 0): b' 147,16,11,1024,0,8,3,2,6,1,2,-70,2,556,5457,3,0,0 '
Received from ('fd00::200:0:0:1', 5678, 0, 0): b' 146,1,0,256,0,5,0,0,4,0,0,0,10,868,9548,64,0,0 '
Received from ('fd00::200:0:0:2', 8765, 0, 0): b' 147,2,1,512,10,11,3,1,3,1,1,-88,0,418,10095,10,0,0 '
Received from ('fd00::200:0:0:b', 8765, 0, 0): b' 148,11,3,768,0,12,2,1,5,1,1,-95,3,1410,19168,7,0,0 '
Received from ('fd00::200:0:0:5', 8765, 0, 0): b' 147,5,1,512,0,15,3,1,5,1,1,-94,0,497,9757,10,0,0 '
Received from ('fd00::200:0:0:15', 8765, 0, 0): b' 124,21,16,1280,10,0,0,3,1,0,1,-70,0,177,58049,0,0,0 '
Received from ('fd00::200:0:0:15', 8765, 0, 0): b' 131,21,16,1408,40,1,1,3,2,0,1,-70,0,1064,7069,0,0,0 '
Received from ('fd00::200:0:0:15', 8765, 0, 0): b' 138,21,16,1408,70,2,1,3,3,0,1,-70,0,812,6959,1,0,0 '
Received from ('fd00::200:0:0:11', 8765, 0, 0): b' 124,17,16,1280,10,0,0,3,1,0,1,-52,0,56,60971,0,0,0 '
Received from ('fd00::200:0:0:15', 8765, 0, 0): b' 143,21,16,1408,90,2,1,3,3,0,1,-70,0,387,3847,1,0,0 '
Received from ('fd00::200:0:0:d', 8765, 0, 0): b' 150,13,8,1024,0,9,3,2,7,1,2,-70,0,454,6718,5,0,0 '
Received from ('fd00::200:0:0:11', 8765, 0, 0): b' 127,17,16,1408,20,1,0,3,2,0,1,-52,0,609,4014,0,0,0 '
Received from ('fd00::200:0:0:3', 8765, 0, 0): b' 153,3,1,512,40,15,3,1,7,1,1,-64,7,4226,26111,10,0,0 '
Received from ('fd00::200:0:0:11', 8765, 0, 0): b' 133,17,16,1408,70,1,1,3,3,0,1,-52,0,715,5187,1,0,0 '
Received from ('fd00::200:0:0:11', 8765, 0, 0): b' 142,17,16,1408,70,2,1,3,3,0,1,-52,0,895,7057,1,0,0 '
Received from ('fd00::200:0:0:8', 8765, 0, 0): b' 152,8,3,768,10,13,3,1,7,1,2,-70,2,1263,13720,7,0,0 '
Received from ('fd00::200:0:0:4', 8765, 0, 0): b' 155,4,1,512,0,11,3,1,6,1,1,-66,0,516,11301,10,0,0 '
Received from ('fd00::200:0:0:15', 8765, 0, 0): b' 155,21,16,1280,0,3,1,3,3,1,1,-70,0,1456,11985,2,0,0 '
Received from ('fd00::200:0:0:5', 8765, 0, 0): b' 157,5,1,512,0,16,3,1,5,1,1,-94,0,1050,11178,10,0,0 '
Received from ('fd00::200:0:0:2', 8765, 0, 0): b' 156,2,1,512,0,11,3,1,5,1,1,-88,0,495,12979,10,0,0 '
Received from ('fd00::200:0:0:1', 5678, 0, 0): b' 158,1,0,256,0,5,0,0,4,0,0,0,10,2121,24875,73,0,0 '
Received from ('fd00::200:0:0:10', 8765, 0, 0): b' 158,16,11,1024,10,10,3,2,6,1,2,-70,2,3275,20251,4,0,0 '
Received from ('fd00::200:0:0:b', 8765, 0, 0): b' 159,11,3,768,0,12,2,2,6,1,1,-95,4,3318,25688,8,0,0 '
Received from ('fd00::200:0:0:8', 8765, 0, 0): b' 158,8,3,768,0,14,3,1,7,1,2,-70,2,581,13633,7,0,0 '
Received from ('fd00::200:0:0:4', 8765, 0, 0): b' 160,4,1,512,0,11,3,1,6,1,1,-66,0,349,7033,11,0,0 '
Received from ('fd00::200:0:0:10', 8765, 0, 0): b' 162,16,11,1024,0,11,3,2,6,1,2,-70,2,849,7164,4,0,0 '
Received from ('fd00::200:0:0:11', 8765, 0, 0): b' 162,17,16,1280,0,4,1,3,4,1,1,-52,0,1293,10912,2,0,0 '
Received from ('fd00::200:0:0:d', 8765, 0, 0): b' 162,13,8,1024,0,11,3,2,7,1,2,-70,0,838,14148,5,0,0 '
Received from ('fd00::200:0:0:3', 8765, 0, 0): b' 162,3,1,512,10,16,3,1,7,1,1,-64,9,3281,22328,11,0,0 '
Received from ('fd00::200:0:0:b', 8765, 0, 0): b' 163,11,3,768,0,12,2,3,6,1,1,-95,5,1274,12057,8,0,0 '
Received from ('fd00::200:0:0:15', 8765, 0, 0): b' 164,21,16,1280,0,4,1,3,3,1,1,-70,0,692,7761,2,0,0 '
Received from ('fd00::200:0:0:4', 8765, 0, 0): b' 165,4,1,512,0,12,3,1,6,1,1,-66,0,249,6148,11,0,0 '
Received from ('fd00::200:0:0:8', 8765, 0, 0): b' 166,8,3,768,0,14,3,2,7,1,2,-70,2,968,18618,8,0,0 '
Received from ('fd00::200:0:0:5', 8765, 0, 0): b' 168,5,1,512,0,17,3,1,5,1,1,-94,0,596,12831,11,0,0 '
Received from ('fd00::200:0:0:2', 8765, 0, 0): b' 168,2,1,512,0,12,3,1,5,1,1,-88,0,805,13926,11,0,0 '
Received from ('fd00::200:0:0:1', 5678, 0, 0): b' 169,1,0,256,0,5,0,0,4,0,0,0,10,1946,25200,82,0,0 '
Received from ('fd00::200:0:0:d', 8765, 0, 0): b' 169,13,8,1024,0,12,3,2,7,1,2,-70,0,739,8736,6,0,0 '
Received from ('fd00::200:0:0:10', 8765, 0, 0): b' 171,16,11,1024,0,12,3,2,6,1,2,-70,2,1525,13265,5,0,0 '
Received from ('fd00::200:0:0:a', 8765, 0, 0): b' 145,10,11,1024,20,1,0,3,1,0,1,-52,0,484,4277,0,0,0 '
Received from ('fd00::200:0:0:a', 8765, 0, 0): b' 151,10,11,1152,70,1,1,3,2,0,1,-52,0,791,5589,0,0,0 '
Received from ('fd00::200:0:0:a', 8765, 0, 0): b' 160,10,11,1152,80,2,1,3,3,0,1,-52,0,1121,7979,0,0,0 '
Received from ('fd00::200:0:0:b', 8765, 0, 0): b' 171,11,3,768,20,13,2,3,6,1,1,-95,5,2081,19548,8,0,0 '
Received from ('fd00::200:0:0:4', 8765, 0, 0): b' 172,4,1,512,10,12,3,1,6,1,1,-66,0,374,8529,11,0,0 '
Received from ('fd00::200:0:0:a', 8765, 0, 0): b' 165,10,11,1152,70,3,1,3,3,0,1,-52,0,623,5063,1,0,0 '
Received from ('fd00::200:0:0:3', 8765, 0, 0): b' 173,3,1,512,0,17,3,2,7,1,1,-64,9,3253,24318,11,0,0 '
Received from ('fd00::200:0:0:11', 8765, 0, 0): b' 174,17,16,1280,0,5,1,3,4,1,1,-52,0,1113,11670,3,0,0 '
Received from ('fd00::200:0:0:1', 5678, 0, 0): b' 176,1,0,256,0,6,0,0,4,0,0,0,10,1374,13947,88,0,0 '
Received from ('fd00::200:0:0:15', 8765, 0, 0): b' 175,21,16,1280,0,4,1,3,3,1,1,-70,0,1000,11086,3,0,0 '
Received from ('fd00::200:0:0:a', 8765, 0, 0): b' 176,10,11,1024,0,5,1,3,3,1,1,-52,0,1601,12192,1,0,0 '
Received from ('fd00::200:0:0:2', 8765, 0, 0): b' 177,2,1,512,0,14,3,1,6,1,1,-88,0,599,10765,12,0,0 '
Received from ('fd00::200:0:0:d', 8765, 0, 0): b' 176,13,8,1024,0,13,3,2,7,1,2,-70,0,761,9715,6,0,0 '
Received from ('fd00::200:0:0:5', 8765, 0, 0): b' 177,5,1,512,0,18,3,1,5,1,1,-94,0,623,11749,12,0,0 '
Received from ('fd00::200:0:0:3', 8765, 0, 0): b' 177,3,1,512,10,18,3,2,7,1,1,-64,9,1484,9993,12,0,0 '
Received from ('fd00::200:0:0:8', 8765, 0, 0): b' 177,8,3,768,0,16,3,2,7,1,2,-70,2,1287,22708,9,0,0 '
Received from ('fd00::200:0:0:b', 8765, 0, 0): b' 178,11,3,768,0,14,2,3,6,1,1,-95,5,2308,18659,9,0,0 '
Received from ('fd00::200:0:0:10', 8765, 0, 0): b' 181,16,11,1024,10,13,3,2,7,1,2,-70,2,1833,19057,6,0,0 '
Received from ('fd00::200:0:0:2', 8765, 0, 0): b' 181,2,1,512,0,14,3,1,6,1,1,-88,0,250,5324,12,0,0 '
Received from ('fd00::200:0:0:4', 8765, 0, 0): b' 181,4,1,512,0,14,3,1,6,1,1,-66,0,696,10681,12,0,0 '
Received from ('fd00::200:0:0:15', 8765, 0, 0): b' 181,21,16,1280,0,5,1,3,4,1,1,-70,0,530,5377,4,0,0 '
Received from ('fd00::200:0:0:3', 8765, 0, 0): b' 182,3,1,512,0,18,3,3,7,1,1,-64,10,1697,12095,12,0,0 '
Received from ('fd00::200:0:0:11', 8765, 0, 0): b' 183,17,16,1280,0,5,1,3,4,1,1,-52,0,775,9348,4,0,0 '
Received from ('fd00::200:0:0:d', 8765, 0, 0): b' 183,13,8,1024,0,14,3,2,7,1,2,-70,0,777,9418,7,0,0 '
Received from ('fd00::200:0:0:b', 8765, 0, 0): b' 185,11,3,768,0,15,2,3,6,1,1,-95,6,1424,15632,9,0,0 '
Received from ('fd00::200:0:0:5', 8765, 0, 0): b' 185,5,1,512,10,19,3,1,5,1,1,-94,0,496,9864,12,0,0 '
Received from ('fd00::200:0:0:1', 5678, 0, 0): b' 187,1,0,256,0,7,0,0,4,0,0,0,10,1938,24547,95,0,0 '
Received from ('fd00::200:0:0:a', 8765, 0, 0): b' 186,10,11,1024,10,6,1,3,4,1,1,-52,0,869,10935,2,0,0 '
Received from ('fd00::200:0:0:8', 8765, 0, 0): b' 188,8,3,768,0,17,3,2,7,1,2,-70,2,1078,21589,9,0,0 '
Received from ('fd00::200:0:0:4', 8765, 0, 0): b' 189,4,1,512,0,14,3,1,6,1,1,-66,0,442,9022,13,0,0 '
Received from ('fd00::200:0:0:11', 8765, 0, 0): b' 188,17,16,1280,0,5,1,3,4,1,1,-52,0,371,5072,4,0,0 '
Received from ('fd00::200:0:0:10', 8765, 0, 0): b' 188,16,11,1024,0,14,3,2,7,1,2,-70,3,1845,19201,6,0,0 '
Received from ('fd00::200:0:0:3', 8765, 0, 0): b' 189,3,1,512,0,19,3,4,7,1,1,-64,10,2181,15331,12,0,0 '
Received from ('fd00::200:0:0:15', 8765, 0, 0): b' 190,21,16,1280,0,7,1,3,4,1,1,-70,0,1054,11255,4,0,0 '
Received from ('fd00::200:0:0:2', 8765, 0, 0): b' 192,2,1,512,0,15,3,1,6,1,1,-88,0,594,12399,13,0,0 '
Received from ('fd00::200:0:0:a', 8765, 0, 0): b' 193,10,11,1024,0,7,1,3,4,1,1,-52,0,572,6060,3,0,0 '
Received from ('fd00::200:0:0:d', 8765, 0, 0): b' 192,13,8,1024,0,15,3,2,7,1,2,-70,0,1022,12104,7,0,0 '
Received from ('fd00::200:0:0:15', 8765, 0, 0): b' 195,21,16,1280,0,8,1,3,4,1,1,-70,0,443,6162,5,0,0 '
Received from ('fd00::200:0:0:5', 8765, 0, 0): b' 195,5,1,512,10,20,4,1,5,1,1,-94,0,772,12208,13,0,0 '
Received from ('fd00::200:0:0:b', 8765, 0, 0): b' 195,11,3,768,0,17,2,3,6,1,1,-95,6,2678,24627,10,0,0 '
Received from ('fd00::200:0:0:10', 8765, 0, 0): b' 196,16,11,1024,0,15,3,2,7,1,2,-70,3,1530,12457,7,0,0 '
Received from ('fd00::200:0:0:1', 5678, 0, 0): b' 197,1,0,256,0,8,0,0,4,0,0,0,10,2018,21342,105,0,0 '
Received from ('fd00::200:0:0:11', 8765, 0, 0): b' 196,17,16,1280,0,6,1,3,4,1,1,-52,0,986,7960,5,0,0 '
Received from ('fd00::200:0:0:4', 8765, 0, 0): b' 197,4,1,512,0,16,4,1,6,1,1,-66,0,710,10420,13,0,0 '
Received from ('fd00::200:0:0:2', 8765, 0, 0): b' 197,2,1,512,10,16,4,1,6,1,1,-88,0,375,6924,13,0,0 '
Received from ('fd00::200:0:0:8', 8765, 0, 0): b' 197,8,3,768,0,18,3,2,7,1,2,-70,2,1095,20215,10,0,0 '
Received from ('fd00::200:0:0:3', 8765, 0, 0): b' 199,3,1,512,0,19,4,5,7,1,1,-64,10,2912,22221,13,0,0 '
Received from ('fd00::200:0:0:5', 8765, 0, 0): b' 199,5,1,512,0,21,4,1,5,1,1,-94,0,178,4971,13,0,0 '
Received from ('fd00::200:0:0:a', 8765, 0, 0): b' 199,10,11,1024,0,7,1,3,5,1,1,-52,0,520,6591,3,0,0 '
Received from ('fd00::200:0:0:10', 8765, 0, 0): b' 200,16,11,1024,0,15,3,3,7,1,2,-70,3,649,7774,7,0,0 '
Received from ('fd00::200:0:0:15', 8765, 0, 0): b' 199,21,16,1280,0,8,1,3,4,1,1,-70,0,714,5882,5,0,0 '
Received from ('fd00::200:0:0:4', 8765, 0, 0): b' 202,4,1,512,0,17,4,1,6,1,1,-66,0,351,5826,13,0,0 '
Received from ('fd00::200:0:0:d', 8765, 0, 0): b' 201,13,8,1024,0,16,3,2,7,1,2,-70,0,582,10886,8,0,0 '
Received from ('fd00::200:0:0:8', 8765, 0, 0): b' 203,8,3,768,0,19,3,2,7,1,2,-70,2,604,11632,10,0,0 '
Received from ('fd00::200:0:0:1', 5678, 0, 0): b' 204,1,0,256,0,9,0,0,4,0,0,0,10,1149,15150,106,0,0 '
Received from ('fd00::200:0:0:11', 8765, 0, 0): b' 203,17,16,1280,0,7,1,3,5,1,1,-52,0,472,6398,5,0,0 '
Received from ('fd00::200:0:0:c', 8765, 0, 0): b' 163,12,11,1152,60,10,5,2,6,0,3,-52,0,2210,17266,5,0,0 '
Received from ('fd00::200:0:0:c', 8765, 0, 0): b' 171,12,11,1152,80,12,5,2,6,0,3,-52,0,665,9161,6,0,0 '
Received from ('fd00::200:0:0:c', 8765, 0, 0): b' 180,12,11,1152,100,13,5,2,7,0,3,-52,0,696,11659,7,0,0 '
Received from ('fd00::200:0:0:c', 8765, 0, 0): b' 183,12,11,1152,90,14,5,2,7,0,3,-52,0,211,5200,7,0,0 '
Received from ('fd00::200:0:0:b', 8765, 0, 0): b' 206,11,3,768,30,18,2,3,6,1,1,-95,6,3294,31505,11,0,0 '
Received from ('fd00::200:0:0:2', 8765, 0, 0): b' 207,2,1,512,0,18,5,1,6,1,1,-88,0,890,13378,14,0,0 '
Received from ('fd00::200:0:0:c', 8765, 0, 0): b' 193,12,11,1152,100,14,5,2,7,0,3,-52,0,554,10682,8,0,0 '
Received from ('fd00::200:0:0:c', 8765, 0, 0): b' 204,12,11,1024,80,15,5,2,7,1,3,-52,0,615,13225,8,0,0 '
Received from ('fd00::200:0:0:10', 8765, 0, 0): b' 207,16,11,1024,0,16,3,3,7,1,2,-70,3,1039,12647,7,0,0 '
Received from ('fd00::200:0:0:a', 8765, 0, 0): b' 207,10,11,1024,0,7,1,3,5,1,1,-52,0,492,7874,3,0,0 '
Received from ('fd00::200:0:0:8', 8765, 0, 0): b' 209,8,3,768,10,20,3,2,7,1,2,-70,2,519,12149,11,0,0 '
Received from ('fd00::200:0:0:5', 8765, 0, 0): b' 211,5,1,512,0,23,5,1,6,1,1,-94,0,1086,14533,14,0,0 '
Received from ('fd00::200:0:0:3', 8765, 0, 0): b' 211,3,1,512,50,20,5,6,7,1,1,-64,10,5183,30220,14,0,0 '
Received from ('fd00::200:0:0:d', 8765, 0, 0): b' 209,13,8,1024,0,17,3,2,7,1,2,-70,0,553,9395,9,0,0 '
Received from ('fd00::200:0:0:15', 8765, 0, 0): b' 211,21,16,1280,0,8,1,3,4,1,1,-70,0,572,13183,6,0,0 '
Received from ('fd00::200:0:0:4', 8765, 0, 0): b' 213,4,1,512,0,18,5,1,6,1,1,-66,0,698,15443,14,0,0 '
Received from ('fd00::200:0:0:c', 8765, 0, 0): b' 211,12,11,1024,0,16,5,2,7,1,3,-52,0,1264,11278,9,0,0 '
Received from ('fd00::200:0:0:10', 8765, 0, 0): b' 212,16,11,1024,0,16,3,3,7,1,2,-70,3,859,10763,8,0,0 '
Received from ('fd00::200:0:0:b', 8765, 0, 0): b' 212,11,3,768,0,19,2,3,6,1,1,-95,6,2631,19041,11,0,0 '
Received from ('fd00::200:0:0:1', 5678, 0, 0): b' 215,1,0,256,0,10,0,0,4,0,0,0,10,2639,25631,120,0,0 '
Received from ('fd00::200:0:0:11', 8765, 0, 0): b' 214,17,16,1280,0,8,1,3,5,1,1,-52,0,794,10350,6,0,0 '
Received from ('fd00::200:0:0:6', 8765, 0, 0): b' 178,6,3,896,90,5,3,3,5,0,2,-70,0,657,8823,2,0,0 '
Received from ('fd00::200:0:0:2', 8765, 0, 0): b' 214,2,1,512,0,19,5,1,6,1,1,-88,0,399,8836,14,0,0 '
Received from ('fd00::200:0:0:6', 8765, 0, 0): b' 186,6,3,896,80,6,3,3,5,0,2,-70,0,488,7243,2,0,0 '
Received from ('fd00::200:0:0:6', 8765, 0, 0): b' 198,6,3,896,80,7,3,3,6,0,2,-70,1,1250,11694,3,0,0 '
Received from ('fd00::200:0:0:6', 8765, 0, 0): b' 204,6,3,896,80,8,3,3,6,0,2,-70,1,218,5912,3,0,0 '
Received from ('fd00::200:0:0:6', 8765, 0, 0): b' 212,6,3,896,90,9,3,3,6,0,2,-70,1,550,7141,4,0,0 '
Received from ('fd00::200:0:0:13', 8765, 0, 0): b' 184,19,16,1408,10,1,1,3,2,0,1,-70,0,1649,8674,0,0,0 '
Received from ('fd00::200:0:0:4', 8765, 0, 0): b' 218,4,1,512,0,18,5,1,6,1,1,-66,0,250,5739,14,0,0 '
Received from ('fd00::200:0:0:13', 8765, 0, 0): b' 196,19,16,1408,60,2,1,3,4,0,1,-70,0,1021,10219,1,0,0 '
Received from ('fd00::200:0:0:a', 8765, 0, 0): b' 217,10,11,1024,10,7,1,3,5,1,1,-52,0,642,9455,4,0,0 '
Received from ('fd00::200:0:0:13', 8765, 0, 0): b' 207,19,16,1408,90,3,1,3,4,0,1,-70,0,1022,9762,1,0,0 '
Received from ('fd00::200:0:0:3', 8765, 0, 0): b' 219,3,1,512,60,20,5,6,7,1,1,-64,10,3961,24668,14,0,0 '
Received from ('fd00::200:0:0:6', 8765, 0, 0): b' 218,6,3,768,0,11,3,3,6,1,2,-70,1,1269,7453,4,0,0 '
Received from ('fd00::200:0:0:b', 8765, 0, 0): b' 218,11,3,768,20,19,2,4,6,1,1,-95,6,1849,16330,12,0,0 '
Received from ('fd00::200:0:0:5', 8765, 0, 0): b' 220,5,1,512,0,24,5,1,6,1,1,-94,0,521,11893,14,0,0 '
Received from ('fd00::200:0:0:1', 5678, 0, 0): b' 222,1,0,256,0,10,0,0,4,0,0,0,10,1344,15929,128,0,0 '
Received from ('fd00::200:0:0:d', 8765, 0, 0): b' 217,13,8,1024,0,19,3,2,7,1,2,-70,0,952,10738,9,0,0 '
Received from ('fd00::200:0:0:13', 8765, 0, 0): b' 214,19,16,1408,80,4,1,3,4,0,1,-70,0,429,5921,2,0,0 '
Received from ('fd00::200:0:0:8', 8765, 0, 0): b' 220,8,3,768,0,21,3,2,7,1,2,-70,2,1331,25630,12,0,0 '
Received from ('fd00::200:0:0:2', 8765, 0, 0): b' 223,2,1,512,0,20,5,1,6,1,1,-88,0,570,9918,15,0,0 '
Received from ('fd00::200:0:0:c', 8765, 0, 0): b' 221,12,11,1024,10,18,5,2,7,1,3,-52,0,753,11799,9,0,0 '
Received from ('fd00::200:0:0:13', 8765, 0, 0): b' 222,19,16,1280,0,5,1,3,4,1,1,-70,0,1215,8248,2,0,0 '
Received from ('fd00::200:0:0:10', 8765, 0, 0): b' 221,16,11,1024,0,17,3,3,7,1,2,-70,3,2217,22207,8,0,0 '
Received from ('fd00::200:0:0:4', 8765, 0, 0): b' 224,4,1,512,10,19,5,1,6,1,1,-66,0,519,8503,15,0,0 '
Received from ('fd00::200:0:0:15', 8765, 0, 0): b' 221,21,16,1280,0,9,1,3,4,1,1,-70,0,767,13772,6,0,0 '
Received from ('fd00::200:0:0:3', 8765, 0, 0): b' 227,3,1,512,70,22,6,6,7,2,1,-64,10,4045,23399,15,0,0 '
Received from ('fd00::200:0:0:11', 8765, 0, 0): b' 224,17,16,1280,0,9,1,3,5,1,1,-52,0,674,10638,7,0,0 '
Received from ('fd00::200:0:0:d', 8765, 0, 0): b' 225,13,8,1024,10,20,3,2,7,1,2,-70,0,604,8498,10,0,0 '
Received from ('fd00::200:0:0:8', 8765, 0, 0): b' 226,8,3,768,0,22,4,2,7,1,2,-70,2,987,11682,12,0,0 '
Received from ('fd00::200:0:0:a', 8765, 0, 0): b' 226,10,11,1024,0,8,1,3,5,1,1,-52,0,674,9089,5,0,0 '
Received from ('fd00::200:0:0:b', 8765, 0, 0): b' 226,11,3,768,0,20,3,4,6,1,1,-95,7,2688,22885,12,0,0 '
Received from ('fd00::200:0:0:13', 8765, 0, 0): b' 227,19,16,1280,10,6,1,3,4,1,1,-70,0,1048,7754,3,0,0 '
Received from ('fd00::200:0:0:2', 8765, 0, 0): b' 229,2,1,512,0,20,6,1,6,1,1,-88,0,353,7470,15,0,0 '
Received from ('fd00::200:0:0:5', 8765, 0, 0): b' 229,5,1,512,10,24,6,1,6,1,1,-94,1,1066,12454,15,0,0 '
Received from ('fd00::200:0:0:4', 8765, 0, 0): b' 230,4,1,512,10,19,6,1,6,1,1,-66,0,354,7502,15,0,0 '
Received from ('fd00::200:0:0:10', 8765, 0, 0): b' 230,16,11,1024,0,18,3,3,7,1,2,-70,3,1716,20228,9,0,0 '
Received from ('fd00::200:0:0:c', 8765, 0, 0): b' 230,12,11,1024,0,20,5,2,7,1,3,-52,0,901,13125,10,0,0 '
Received from ('fd00::200:0:0:9', 8765, 0, 0): b' 202,9,12,1408,20,1,0,4,1,0,1,-70,0,624,5615,0,0,0 '
Received from ('fd00::200:0:0:9', 8765, 0, 0): b' 213,9,5,896,80,2,3,4,3,0,2,-52,0,1553,9635,0,0,0 '
Received from ('fd00::200:0:0:1', 5678, 0, 0): b' 233,1,0,256,0,11,0,0,4,0,0,0,10,2595,28103,138,0,0 '
Received from ('fd00::200:0:0:3', 8765, 0, 0): b' 232,3,1,512,0,23,6,6,7,2,1,-64,10,2394,14629,15,0,0 '
Received from ('fd00::200:0:0:9', 8765, 0, 0): b' 221,9,5,896,80,3,3,4,3,0,2,-52,0,628,6266,0,0,0 '
Received from ('fd00::200:0:0:15', 8765, 0, 0): b' 231,21,16,1280,0,9,1,3,4,1,1,-70,0,601,12164,7,0,0 '
Received from ('fd00::200:0:0:11', 8765, 0, 0): b' 231,17,16,1280,0,9,1,3,5,1,1,-52,0,396,7045,7,0,0 '
Received from ('fd00::200:0:0:9', 8765, 0, 0): b' 227,9,5,896,80,4,3,4,3,0,2,-52,0,677,5320,1,0,0 '
Received from ('fd00::200:0:0:9', 8765, 0, 0): b' 233,9,5,768,50,4,3,4,4,1,2,-52,0,936,7007,1,0,0 '
Received from ('fd00::200:0:0:6', 8765, 0, 0): b' 233,6,3,768,0,12,5,3,6,1,2,-70,1,660,10003,5,0,0 '
Received from ('fd00::200:0:0:a', 8765, 0, 0): b' 234,10,11,1024,10,9,1,3,5,1,1,-52,0,593,8303,5,0,0 '
Received from ('fd00::200:0:0:d', 8765, 0, 0): b' 235,13,8,1024,0,21,3,2,7,1,2,-70,0,634,12946,10,0,0 '
Received from ('fd00::200:0:0:13', 8765, 0, 0): b' 234,19,16,1280,0,6,1,3,4,1,1,-70,0,397,7010,3,0,0 '
Received from ('fd00::200:0:0:15', 8765, 0, 0): b' 235,21,16,1280,0,9,1,3,4,1,1,-70,0,251,4979,7,0,0 '
Received from ('fd00::200:0:0:5', 8765, 0, 0): b' 238,5,1,512,0,24,6,1,6,1,1,-94,1,1411,13428,15,0,0 '
Received from ('fd00::200:0:0:8', 8765, 0, 0): b' 238,8,3,768,0,23,5,2,7,1,2,-70,2,1203,24297,13,0,0 '
Received from ('fd00::200:0:0:b', 8765, 0, 0): b' 238,11,3,768,0,21,4,4,6,1,1,-95,7,3650,28229,13,0,0 '
Received from ('fd00::200:0:0:2', 8765, 0, 0): b' 239,2,1,512,0,20,6,1,6,1,1,-88,0,493,11723,16,0,0 '
Received from ('fd00::200:0:0:4', 8765, 0, 0): b' 240,4,1,512,0,19,6,1,6,1,1,-66,0,518,12632,16,0,0 '
Received from ('fd00::200:0:0:9', 8765, 0, 0): b' 241,9,5,768,0,7,3,4,4,1,2,-52,0,1259,8111,2,0,0 '
Received from ('fd00::200:0:0:c', 8765, 0, 0): b' 239,12,11,1024,0,20,6,2,7,1,3,-52,0,562,11161,11,0,0 '
Received from ('fd00::200:0:0:10', 8765, 0, 0): b' 243,16,11,1024,10,19,3,3,7,1,2,-70,3,2200,25887,10,0,0 '
Received from ('fd00::200:0:0:1', 5678, 0, 0): b' 243,1,0,256,0,11,0,0,4,0,0,0,10,2261,26430,153,0,0 '
Received from ('fd00::200:0:0:3', 8765, 0, 0): b' 244,3,1,512,20,24,6,6,7,2,1,-64,10,4019,28268,16,0,0 '
Received from ('fd00::200:0:0:d', 8765, 0, 0): b' 242,13,8,1024,0,22,3,2,7,1,2,-70,0,558,8395,11,0,0 '
Received from ('fd00::200:0:0:11', 8765, 0, 0): b' 241,17,16,1280,0,10,1,3,5,1,1,-52,0,576,9155,8,0,0 '
Received from ('fd00::200:0:0:a', 8765, 0, 0): b' 243,10,11,1024,0,11,1,3,5,1,1,-52,0,757,7870,6,0,0 '
Received from ('fd00::200:0:0:13', 8765, 0, 0): b' 243,19,16,1280,0,7,1,3,4,1,1,-70,0,649,7844,4,0,0 '
Received from ('fd00::200:0:0:2', 8765, 0, 0): b' 245,2,1,512,0,21,6,1,6,1,1,-88,0,381,6870,16,0,0 '
Received from ('fd00::200:0:0:8', 8765, 0, 0): b' 245,8,3,768,10,24,5,2,7,1,2,-70,2,839,14410,13,0,0 '
Received from ('fd00::200:0:0:6', 8765, 0, 0): b' 245,6,3,768,0,13,5,3,6,1,2,-70,1,696,10891,6,0,0 '
Received from ('fd00::200:0:0:5', 8765, 0, 0): b' 248,5,1,512,0,24,6,1,6,1,1,-94,1,837,14343,16,0,0 '
Received from ('fd00::200:0:0:b', 8765, 0, 0): b' 247,11,3,768,0,21,4,4,6,1,1,-95,7,2816,22919,14,0,0 '
Received from ('fd00::200:0:0:4', 8765, 0, 0): b' 248,4,1,512,10,20,6,1,6,1,1,-66,0,469,9777,16,0,0 '
Received from ('fd00::200:0:0:11', 8765, 0, 0): b' 247,17,16,1280,0,10,1,3,5,1,1,-52,0,372,5455,8,0,0 '
Received from ('fd00::200:0:0:10', 8765, 0, 0): b' 249,16,11,1024,10,19,3,3,7,1,2,-70,3,987,14187,10,0,0 '
Received from ('fd00::200:0:0:d', 8765, 0, 0): b' 249,13,8,1024,10,22,3,2,7,1,2,-70,0,275,7474,11,0,0 '
Received from ('fd00::200:0:0:15', 8765, 0, 0): b' 247,21,16,1280,0,10,1,3,4,1,1,-70,0,725,13757,8,0,0 '
Received from ('fd00::200:0:0:a', 8765, 0, 0): b' 250,10,11,1024,0,12,1,3,5,1,1,-52,0,497,6664,6,0,0 '
Received from ('fd00::200:0:0:c', 8765, 0, 0): b' 250,12,11,1024,0,22,6,2,7,1,3,-52,0,1013,13466,11,0,0 '
Received from ('fd00::200:0:0:1', 5678, 0, 0): b' 252,1,0,256,0,11,0,0,4,0,0,0,10,1559,20824,158,0,0 '
Received from ('fd00::200:0:0:9', 8765, 0, 0): b' 253,9,5,768,0,7,3,4,4,1,2,-52,0,681,10148,2,0,0 '
Received from ('fd00::200:0:0:6', 8765, 0, 0): b' 252,6,3,768,0,13,5,3,6,1,2,-70,1,426,6946,7,0,0 '
Received from ('fd00::200:0:0:3', 8765, 0, 0): b' 254,3,1,512,10,25,6,6,7,2,1,-64,10,3937,27515,17,0,0 '
Received from ('fd00::200:0:0:13', 8765, 0, 0): b' 253,19,16,1280,0,8,1,3,5,1,1,-70,0,673,8854,5,0,0 '
Received from ('fd00::200:0:0:10', 8765, 0, 0): b' 253,16,11,1024,0,19,3,3,7,1,2,-70,3,980,10884,11,0,0 '
Received from ('fd00::200:0:0:8', 8765, 0, 0): b' 255,8,3,768,0,25,5,2,7,1,2,-70,2,1098,22240,14,0,0 '
Received from ('fd00::200:0:0:2', 8765, 0, 0): b' 257,2,1,512,0,22,6,1,6,1,1,-88,0,772,14475,17,0,0 '
Received from ('fd00::200:0:0:b', 8765, 0, 0): b' 256,11,3,768,10,22,4,4,6,1,1,-95,8,2771,21577,14,0,0 '
Received from ('fd00::200:0:0:11', 8765, 0, 0): b' 256,17,16,1280,0,10,1,3,5,1,1,-52,0,355,7069,9,0,0 '
Received from ('fd00::200:0:0:d', 8765, 0, 0): b' 256,13,8,1024,0,23,3,2,7,1,2,-70,0,481,9168,12,0,0 '
Received from ('fd00::200:0:0:1', 5678, 0, 0): b' 257,1,0,256,0,11,0,0,4,0,0,0,10,1255,14851,168,0,0 '
Received from ('fd00::200:0:0:15', 8765, 0, 0): b' 257,21,16,1280,0,10,1,3,4,1,1,-70,0,481,9841,9,0,0 '
Received from ('fd00::200:0:0:6', 8765, 0, 0): b' 259,6,3,768,0,13,5,3,6,1,2,-70,0,353,4870,7,0,0 '
Received from ('fd00::200:0:0:5', 8765, 0, 0): b' 258,5,1,512,0,26,6,1,6,1,1,-94,1,1194,16743,17,0,0 '
Received from ('fd00::200:0:0:4', 8765, 0, 0): b' 258,4,1,512,0,20,6,1,6,1,1,-66,0,470,11598,17,0,0 '
Received from ('fd00::200:0:0:c', 8765, 0, 0): b' 260,12,11,1024,0,23,6,2,7,1,3,-52,0,609,13966,12,0,0 '
Received from ('fd00::200:0:0:10', 8765, 0, 0): b' 259,16,11,1024,0,19,3,3,7,1,2,-70,3,1120,12780,11,0,0 '
Received from ('fd00::200:0:0:a', 8765, 0, 0): b' 260,10,11,1024,0,14,1,3,6,1,1,-52,0,917,10371,7,0,0 '
Received from ('fd00::200:0:0:11', 8765, 0, 0): b' 260,17,16,1280,0,10,1,3,5,1,1,-52,0,251,3864,9,0,0 '
Received from ('fd00::200:0:0:2', 8765, 0, 0): b' 262,2,1,512,10,23,6,1,6,1,1,-88,0,351,6959,17,0,0 '
Received from ('fd00::200:0:0:3', 8765, 0, 0): b' 263,3,1,512,0,26,6,6,7,2,1,-64,10,3507,24029,17,0,0 '
Received from ('fd00::200:0:0:13', 8765, 0, 0): b' 262,19,16,1280,0,9,1,3,5,1,1,-70,0,803,8652,5,0,0 '
Received from ('fd00::200:0:0:6', 8765, 0, 0): b' 264,6,3,768,0,14,5,3,7,1,2,-70,0,470,5692,7,0,0 '
Received from ('fd00::200:0:0:b', 8765, 0, 0): b' 263,11,3,768,0,24,4,5,7,1,1,-95,8,2064,17542,15,0,0 '
Received from ('fd00::200:0:0:5', 8765, 0, 0): b' 265,5,1,512,10,26,6,1,6,1,1,-94,1,388,9143,17,0,0 '
Received from ('fd00::200:0:0:9', 8765, 0, 0): b' 264,9,5,768,0,8,3,4,6,1,2,-52,0,792,10970,3,0,0 '
Received from ('fd00::200:0:0:8', 8765, 0, 0): b' 264,8,3,768,0,26,5,2,7,1,2,-70,2,838,17629,15,0,0 '
Received from ('fd00::200:0:0:10', 8765, 0, 0): b' 264,16,11,1024,0,19,3,4,7,1,2,-70,3,789,10711,11,0,0 '
Received from ('fd00::200:0:0:1', 5678, 0, 0): b' 267,1,0,256,0,12,0,0,4,0,0,0,10,1722,23682,174,0,0 '
Received from ('fd00::200:0:0:4', 8765, 0, 0): b' 267,4,1,512,0,22,6,1,7,1,1,-66,0,696,11899,18,0,0 '
Received from ('fd00::200:0:0:3', 8765, 0, 0): b' 268,3,1,512,10,28,6,6,7,2,1,-64,10,2361,15359,18,0,0 '
Received from ('fd00::200:0:0:15', 8765, 0, 0): b' 267,21,16,1280,0,11,1,3,4,1,1,-70,0,618,11990,9,0,0 '
Received from ('fd00::200:0:0:d', 8765, 0, 0): b' 268,13,8,1024,0,24,3,2,7,1,2,-70,0,1177,14261,12,0,0 '
Received from ('fd00::200:0:0:a', 8765, 0, 0): b' 269,10,11,1024,0,15,2,3,7,1,1,-52,0,686,9206,8,0,0 '
Received from ('fd00::200:0:0:c', 8765, 0, 0): b' 270,12,11,1024,10,24,6,2,7,1,3,-52,0,523,14515,13,0,0 '
Received from ('fd00::200:0:0:11', 8765, 0, 0): b' 270,17,16,1280,0,12,1,3,5,1,1,-52,0,1209,10988,10,0,0 '
Received from ('fd00::200:0:0:5', 8765, 0, 0): b' 272,5,1,512,0,26,6,1,6,1,1,-94,1,850,12971,18,0,0 '
Received from ('fd00::200:0:0:13', 8765, 0, 0): b' 271,19,16,1280,0,10,1,3,5,1,1,-70,0,763,10599,6,0,0 '
Received from ('fd00::200:0:0:8', 8765, 0, 0): b' 272,8,3,768,0,27,5,2,7,1,2,-70,2,837,17605,15,0,0 '
Received from ('fd00::200:0:0:2', 8765, 0, 0): b' 273,2,1,512,0,24,6,1,6,1,1,-88,0,718,13927,18,0,0 '
Received from ('fd00::200:0:0:6', 8765, 0, 0): b' 275,6,3,768,0,15,5,3,7,1,2,-70,0,574,9697,8,0,0 '
Received from ('fd00::200:0:0:10', 8765, 0, 0): b' 273,16,11,1024,0,21,3,4,7,1,2,-70,3,2160,19041,12,0,0 '
Received from ('fd00::200:0:0:b', 8765, 0, 0): b' 273,11,3,768,0,26,4,5,7,1,1,-95,8,2993,25522,15,0,0 '
Received from ('fd00::200:0:0:d', 8765, 0, 0): b' 274,13,8,1024,0,24,3,2,7,1,2,-70,0,361,7093,13,0,0 '
Received from ('fd00::200:0:0:9', 8765, 0, 0): b' 274,9,5,768,0,9,3,4,6,1,2,-52,0,792,10696,4,0,0 '
Received from ('fd00::200:0:0:4', 8765, 0, 0): b' 275,4,1,512,0,22,6,1,7,1,1,-66,0,298,9483,18,0,0 '
Received from ('fd00::200:0:0:15', 8765, 0, 0): b' 274,21,16,1280,0,13,1,3,4,1,1,-70,0,1117,9763,10,0,0 '
Received from ('fd00::200:0:0:a', 8765, 0, 0): b' 276,10,11,1024,0,15,2,3,7,1,1,-52,0,372,6667,8,0,0 '
Received from ('fd00::200:0:0:1', 5678, 0, 0): b' 278,1,0,256,0,12,0,0,4,0,0,0,10,2002,26368,184,0,0 '
Received from ('fd00::200:0:0:3', 8765, 0, 0): b' 278,3,1,512,0,28,6,7,7,2,1,-64,10,3841,26623,18,0,0 '
Received from ('fd00::200:0:0:c', 8765, 0, 0): b' 279,12,11,1024,0,25,6,2,7,1,3,-52,0,584,12395,13,0,0 '
Received from ('fd00::200:0:0:10', 8765, 0, 0): b' 278,16,11,1024,0,21,3,5,7,1,2,-70,3,802,11848,12,0,0 '
Received from ('fd00::200:0:0:6', 8765, 0, 0): b' 280,6,3,768,0,16,5,3,7,1,2,-70,0,904,6742,8,0,0 '
Received from ('fd00::200:0:0:2', 8765, 0, 0): b' 280,2,1,512,0,25,6,1,6,1,1,-88,0,474,9068,19,0,0 '
Received from ('fd00::200:0:0:11', 8765, 0, 0): b' 279,17,16,1280,0,13,1,3,5,1,1,-52,0,524,8303,10,0,0 '
Received from ('fd00::200:0:0:d', 8765, 0, 0): b' 281,13,8,1024,0,25,3,2,7,1,2,-70,0,376,7909,13,0,0 '
Received from ('fd00::200:0:0:5', 8765, 0, 0): b' 281,5,1,512,10,27,6,1,6,1,1,-94,1,680,13765,18,0,0 '
Received from ('fd00::200:0:0:8', 8765, 0, 0): b' 282,8,3,768,0,29,5,2,7,1,2,-70,2,1033,19540,16,0,0 '
Received from ('fd00::200:0:0:1', 5678, 0, 0): b' 282,1,0,256,0,13,0,0,4,0,0,0,10,1061,12323,190,0,0 '
Received from ('fd00::200:0:0:13', 8765, 0, 0): b' 281,19,16,1280,0,11,1,3,5,1,1,-70,0,675,9524,7,0,0 '
Received from ('fd00::200:0:0:10', 8765, 0, 0): b' 282,16,11,1024,10,21,3,5,7,1,2,-70,3,885,9431,13,0,0 '
Received from ('fd00::200:0:0:b', 8765, 0, 0): b' 284,11,3,768,0,27,4,5,7,1,1,-95,8,2529,24092,16,0,0 '
Received from ('fd00::200:0:0:15', 8765, 0, 0): b' 282,21,16,1280,0,14,1,3,4,1,1,-70,0,499,9155,10,0,0 '
Received from ('fd00::200:0:0:a', 8765, 0, 0): b' 284,10,11,1024,0,16,2,3,7,1,1,-52,0,553,8076,9,0,0 '
Received from ('fd00::200:0:0:4', 8765, 0, 0): b' 286,4,1,512,0,24,6,1,7,1,1,-66,0,701,13564,19,0,0 '
Received from ('fd00::200:0:0:3', 8765, 0, 0): b' 286,3,1,512,10,29,6,7,7,2,1,-64,10,3790,25168,19,0,0 '
Received from ('fd00::200:0:0:11', 8765, 0, 0): b' 283,17,16,1280,0,14,1,3,5,1,1,-52,0,409,3841,11,0,0 '
Received from ('fd00::200:0:0:d', 8765, 0, 0): b' 287,13,8,1024,0,26,3,2,7,1,2,-70,0,460,6967,14,0,0 '
Received from ('fd00::200:0:0:9', 8765, 0, 0): b' 286,9,5,768,10,10,4,4,7,1,2,-52,0,752,11660,5,0,0 '
Received from ('fd00::200:0:0:2', 8765, 0, 0): b' 287,2,1,512,0,25,6,1,6,1,1,-88,0,370,8819,19,0,0 '
Received from ('fd00::200:0:0:13', 8765, 0, 0): b' 286,19,16,1280,0,13,1,3,5,1,1,-70,0,566,4546,7,0,0 '
Received from ('fd00::200:0:0:c', 8765, 0, 0): b' 288,12,11,1024,0,27,6,2,7,1,3,-52,0,708,14793,14,0,0 '
Received from ('fd00::200:0:0:6', 8765, 0, 0): b' 289,6,3,768,0,17,5,3,7,1,2,-70,0,550,8828,9,0,0 '
Received from ('fd00::200:0:0:5', 8765, 0, 0): b' 289,5,1,512,0,28,7,1,6,1,1,-94,1,1124,13057,19,0,0 '
Received from ('fd00::200:0:0:1', 5678, 0, 0): b' 291,1,0,256,0,14,0,0,4,0,0,0,10,1843,21232,199,0,0 '
Received from ('fd00::200:0:0:11', 8765, 0, 0): b' 289,17,16,1280,0,15,1,3,5,1,1,-52,0,377,5135,11,0,0 '
Received from ('fd00::200:0:0:8', 8765, 0, 0): b' 291,8,3,768,0,30,5,2,7,1,2,-70,2,1060,18996,16,0,0 '
Received from ('fd00::200:0:0:10', 8765, 0, 0): b' 291,16,11,1024,10,21,4,5,7,1,2,-70,3,1599,17171,13,0,0 '
Received from ('fd00::200:0:0:15', 8765, 0, 0): b' 289,21,16,1280,0,15,1,3,4,1,1,-70,0,485,9202,11,0,0 '
Received from ('fd00::200:0:0:b', 8765, 0, 0): b' 292,11,3,768,0,28,4,5,7,1,1,-95,8,2844,20446,17,0,0 '
Received from ('fd00::200:0:0:9', 8765, 0, 0): b' 292,9,5,768,0,10,4,4,7,1,2,-52,0,371,5228,5,0,0 '
Received from ('fd00::200:0:0:d', 8765, 0, 0): b' 293,13,8,1024,0,27,3,2,7,1,2,-70,0,473,7551,14,0,0 '
Received from ('fd00::200:0:0:7', 8765, 0, 0): b' 267,7,3,896,80,2,2,1,3,0,2,-52,0,1445,9392,1,0,0 '
Received from ('fd00::200:0:0:7', 8765, 0, 0): b' 278,7,3,896,80,2,2,1,3,0,2,-52,0,978,8360,1,0,0 '
Received from ('fd00::200:0:0:7', 8765, 0, 0): b' 288,7,3,896,70,3,2,1,5,0,2,-52,0,1053,9915,2,0,0 '
Received from ('fd00::200:0:0:4', 8765, 0, 0): b' 295,4,1,512,10,25,6,1,7,1,1,-66,0,590,11054,20,0,0 '
Received from ('fd00::200:0:0:7', 8765, 0, 0): b' 295,7,3,768,10,3,2,1,5,1,2,-52,0,1182,7515,2,0,0 '
Received from ('fd00::200:0:0:11', 8765, 0, 0): b' 293,17,16,1280,0,15,1,3,5,1,1,-52,0,252,3999,11,0,0 '
Received from ('fd00::200:0:0:13', 8765, 0, 0): b' 294,19,16,1280,0,14,1,3,5,1,1,-70,0,818,7107,7,0,0 '
Received from ('fd00::200:0:0:a', 8765, 0, 0): b' 296,10,11,1024,0,16,2,3,7,1,1,-52,0,607,11501,9,0,0 '
Received from ('fd00::200:0:0:b', 8765, 0, 0): b' 298,11,3,768,0,28,4,5,7,1,1,-95,8,1453,13805,17,0,0 '
Received from ('fd00::200:0:0:5', 8765, 0, 0): b' 298,5,1,512,0,28,7,1,6,1,1,-94,1,637,12634,19,0,0 '
Received from ('fd00::200:0:0:3', 8765, 0, 0): b' 298,3,1,512,10,29,6,7,7,2,1,-64,10,5069,33905,20,0,0 '
Received from ('fd00::200:0:0:c', 8765, 0, 0): b' 298,12,11,1024,0,27,6,2,7,1,3,-52,0,403,13461,14,0,0 '
Received from ('fd00::200:0:0:6', 8765, 0, 0): b' 299,6,3,768,0,17,5,3,7,1,2,-70,0,473,9841,10,0,0 '
Received from ('fd00::200:0:0:2', 8765, 0, 0): b' 299,2,1,512,0,27,6,1,6,1,1,-88,0,725,14570,20,0,0 '
Received from ('fd00::200:0:0:1', 5678, 0, 0): b' 300,1,0,256,0,14,0,0,4,0,0,0,10,1967,23773,213,0,0 '
Received from ('fd00::200:0:0:4', 8765, 0, 0): b' 300,4,1,512,10,25,6,1,7,1,1,-66,0,326,6998,20,0,0 '
Received from ('fd00::200:0:0:d', 8765, 0, 0): b' 301,13,8,1024,0,27,3,2,7,1,2,-70,0,299,8613,14,0,0 '
Received from ('fd00::200:0:0:10', 8765, 0, 0): b' 301,16,11,1024,10,22,4,5,7,1,2,-70,3,1911,20724,14,0,0 '
Received from ('fd00::200:0:0:8', 8765, 0, 0): b' 302,8,3,768,10,30,5,2,7,1,2,-70,2,928,21396,17,0,0 '
Received from ('fd00::200:0:0:b', 8765, 0, 0): b' 302,11,3,768,10,28,4,5,7,1,1,-95,8,1180,10475,17,0,0 '
Received from ('fd00::200:0:0:a', 8765, 0, 0): b' 301,10,11,1024,0,16,2,3,7,1,1,-52,0,429,4906,10,0,0 '
Received from ('fd00::200:0:0:9', 8765, 0, 0): b' 302,9,5,768,0,10,4,4,7,1,2,-52,0,570,9847,6,0,0 '
Received from ('fd00::200:0:0:3', 8765, 0, 0): b' 302,3,1,512,10,29,6,7,7,2,1,-64,10,2165,13702,20,0,0 '
Received from ('fd00::200:0:0:13', 8765, 0, 0): b' 300,19,16,1280,0,15,1,3,5,1,1,-70,0,529,6572,8,0,0 '
Received from ('fd00::200:0:0:15', 8765, 0, 0): b' 301,21,16,1280,0,15,1,3,4,1,1,-70,0,626,13573,12,0,0 '
Received from ('fd00::200:0:0:2', 8765, 0, 0): b' 304,2,1,512,0,28,6,1,6,1,1,-88,0,351,5545,20,0,0 '
Received from ('fd00::200:0:0:11', 8765, 0, 0): b' 303,17,16,1280,0,16,1,3,5,1,1,-52,0,554,8157,12,0,0 '
Received from ('fd00::200:0:0:1', 5678, 0, 0): b' 304,1,0,256,0,14,0,0,4,0,0,0,10,1049,11427,216,0,0 '
Received from ('fd00::200:0:0:e', 8765, 0, 0): b' 262,14,11,1152,50,11,4,3,6,0,2,-70,1,278,4095,5,0,0 '
Received from ('fd00::200:0:0:7', 8765, 0, 0): b' 306,7,4,768,0,5,3,1,5,1,3,-70,0,1537,8168,3,0,0 '
Received from ('fd00::200:0:0:d', 8765, 0, 0): b' 306,13,8,1024,0,28,3,2,7,1,2,-70,0,460,6597,15,0,0 '
Received from ('fd00::200:0:0:c', 8765, 0, 0): b' 306,12,11,1024,10,28,6,2,7,1,3,-52,0,687,11031,15,0,0 '
Received from ('fd00::200:0:0:b', 8765, 0, 0): b' 306,11,3,768,20,29,4,5,7,1,1,-95,8,1790,11552,18,0,0 '
Received from ('fd00::200:0:0:9', 8765, 0, 0): b' 306,9,5,768,10,10,4,4,7,1,2,-52,0,248,3942,6,0,0 '
Received from ('fd00::200:0:0:e', 8765, 0, 0): b' 270,14,11,1152,70,12,4,3,6,0,2,-70,1,533,6874,6,0,0 '
Received from ('fd00::200:0:0:6', 8765, 0, 0): b' 307,6,3,768,0,17,5,3,7,1,2,-70,0,394,7740,10,0,0 '
Received from ('fd00::200:0:0:5', 8765, 0, 0): b' 308,5,1,512,0,30,7,1,6,1,1,-94,1,1233,15300,20,0,0 '
Received from ('fd00::200:0:0:e', 8765, 0, 0): b' 279,14,11,1152,70,14,4,3,6,0,2,-70,1,794,8019,6,0,0 '
Received from ('fd00::200:0:0:a', 8765, 0, 0): b' 307,10,11,1024,0,17,2,3,7,1,1,-52,0,381,4752,10,0,0 '
Received from ('fd00::200:0:0:e', 8765, 0, 0): b' 287,14,11,1152,60,15,5,3,6,0,2,-70,1,762,6647,7,0,0 '
Received from ('fd00::200:0:0:e', 8765, 0, 0): b' 292,14,11,1152,60,16,5,3,6,0,2,-70,1,603,5336,7,0,0 '
Received from ('fd00::200:0:0:4', 8765, 0, 0): b' 310,4,1,512,0,26,6,1,7,1,1,-66,1,1050,14738,21,0,0 '
Received from ('fd00::200:0:0:e', 8765, 0, 0): b' 303,14,11,1152,90,17,5,3,6,0,2,-70,1,608,9625,8,0,0 '
Received from ('fd00::200:0:0:7', 8765, 0, 0): b' 310,7,4,768,10,5,4,1,5,1,3,-70,0,425,4714,3,0,0 '
Received from ('fd00::200:0:0:2', 8765, 0, 0): b' 312,2,1,512,0,28,6,1,6,1,1,-88,0,372,9854,21,0,0 '
Received from ('fd00::200:0:0:15', 8765, 0, 0): b' 311,21,16,1280,0,17,1,3,4,1,1,-70,0,713,10088,12,0,0 '
Received from ('fd00::200:0:0:e', 8765, 0, 0): b' 312,14,11,1024,0,18,5,3,6,1,2,-70,1,1470,9914,8,0,0 '
Received from ('fd00::200:0:0:8', 8765, 0, 0): b' 313,8,3,768,0,31,5,2,7,1,2,-70,2,998,23199,18,0,0 '
Received from ('fd00::200:0:0:10', 8765, 0, 0): b' 312,16,11,1024,0,22,4,5,7,1,2,-70,3,1898,23663,14,0,0 '
Received from ('fd00::200:0:0:3', 8765, 0, 0): b' 314,3,1,512,50,31,6,7,7,1,1,-64,10,4943,31672,21,0,0 '
Received from ('fd00::200:0:0:4', 8765, 0, 0): b' 314,4,1,512,0,26,6,1,7,1,1,-66,1,489,6891,21,0,0 '
Received from ('fd00::200:0:0:1', 5678, 0, 0): b' 315,1,0,256,0,15,0,0,4,0,0,0,10,2288,24437,231,0,0 '
Received from ('fd00::200:0:0:b', 8765, 0, 0): b' 314,11,3,768,0,29,4,5,7,1,1,-95,8,2836,21605,18,0,0 '
Received from ('fd00::200:0:0:d', 8765, 0, 0): b' 314,13,8,1024,0,28,3,2,7,1,2,-70,0,299,9736,15,0,0 '
Received from ('fd00::200:0:0:13', 8765, 0, 0): b' 313,19,16,1280,0,15,1,3,5,1,1,-70,0,597,11099,9,0,0 '
Received from ('fd00::200:0:0:5', 8765, 0, 0): b' 315,5,1,512,10,30,7,1,6,1,1,-94,1,547,11536,21,0,0 '
Received from ('fd00::200:0:0:11', 8765, 0, 0): b' 314,17,16,1280,0,16,1,3,5,1,1,-52,0,501,10554,13,0,0 '
Received from ('fd00::200:0:0:c', 8765, 0, 0): b' 316,12,11,1024,0,29,6,2,7,1,3,-52,0,503,15691,16,0,0 '
Received from ('fd00::200:0:0:9', 8765, 0, 0): b' 318,9,5,768,0,11,4,4,7,1,2,-52,0,696,10590,7,0,0 '
Received from ('fd00::200:0:0:3', 8765, 0, 0): b' 318,3,1,512,50,31,6,7,7,1,1,-64,10,1755,11337,21,0,0 '
Received from ('fd00::200:0:0:a', 8765, 0, 0): b' 317,10,11,1024,0,17,2,3,7,1,1,-52,0,477,9526,11,0,0 '
Received from ('fd00::200:0:0:10', 8765, 0, 0): b' 317,16,11,1024,10,22,4,5,7,1,2,-70,3,1037,11563,15,0,0 '
Received from ('fd00::200:0:0:15', 8765, 0, 0): b' 316,21,16,1280,0,17,1,3,4,1,1,-70,0,547,6573,13,0,0 '
Received from ('fd00::200:0:0:5', 8765, 0, 0): b' 320,5,1,512,0,30,7,1,6,1,1,-94,1,473,6669,21,0,0 '
Received from ('fd00::200:0:0:4', 8765, 0, 0): b' 319,4,1,512,0,26,6,1,7,1,1,-66,1,305,8089,21,0,0 '
Received from ('fd00::200:0:0:6', 8765, 0, 0): b' 319,6,3,768,0,18,5,3,7,1,2,-70,0,766,11835,11,0,0 '
Received from ('fd00::200:0:0:d', 8765, 0, 0): b' 319,13,8,1024,0,28,3,2,7,1,2,-70,0,363,6269,16,0,0 '
Received from ('fd00::200:0:0:13', 8765, 0, 0): b' 318,19,16,1280,0,15,1,3,5,1,1,-70,0,276,4942,9,0,0 '
Received from ('fd00::200:0:0:7', 8765, 0, 0): b' 322,7,4,768,0,6,4,1,6,1,3,-70,0,792,11222,4,0,0 '
Received from ('fd00::200:0:0:e', 8765, 0, 0): b' 320,14,11,1024,0,19,5,3,6,1,2,-70,1,694,8297,9,0,0 '
Received from ('fd00::200:0:0:8', 8765, 0, 0): b' 322,8,3,768,0,31,5,2,7,1,2,-70,2,1026,18530,18,0,0 '
Received from ('fd00::200:0:0:10', 8765, 0, 0): b' 322,16,11,1024,0,22,4,5,7,1,2,-70,3,854,10457,15,0,0 '
Received from ('fd00::200:0:0:b', 8765, 0, 0): b' 323,11,3,768,10,29,4,5,7,1,1,-95,8,2831,24944,19,0,0 '
Received from ('fd00::200:0:0:2', 8765, 0, 0): b' 323,2,1,512,0,28,6,1,6,1,1,-88,0,517,14073,22,0,0 '
Received from ('fd00::200:0:0:3', 8765, 0, 0): b' 323,3,1,512,20,31,6,7,7,1,1,-64,10,2486,14911,21,0,0 '
Received from ('fd00::200:0:0:13', 8765, 0, 0): b' 323,19,16,1280,0,15,1,3,5,1,1,-70,0,251,3762,9,0,0 '
Received from ('fd00::200:0:0:c', 8765, 0, 0): b' 325,12,11,1024,0,29,6,2,7,1,3,-52,0,436,12575,16,0,0 '
Received from ('fd00::200:0:0:1', 5678, 0, 0): b' 325,1,0,256,0,15,0,0,4,0,0,0,10,2091,22610,239,0,0 '
Received from ('fd00::200:0:0:11', 8765, 0, 0): b' 324,17,16,1280,0,16,1,3,5,1,1,-52,0,325,8558,13,0,0 '
Received from ('fd00::200:0:0:a', 8765, 0, 0): b' 325,10,11,1024,0,18,2,3,7,1,1,-52,0,932,8154,11,0,0 '
Received from ('fd00::200:0:0:9', 8765, 0, 0): b' 327,9,5,768,0,12,4,4,7,1,2,-52,0,632,8638,7,0,0 '
Received from ('fd00::200:0:0:6', 8765, 0, 0): b' 328,6,3,768,10,19,5,3,7,1,2,-70,0,986,8925,12,0,0 '
Received from ('fd00::200:0:0:e', 8765, 0, 0): b' 328,14,11,1024,0,20,5,3,6,1,2,-70,1,609,7639,9,0,0 '
Received from ('fd00::200:0:0:5', 8765, 0, 0): b' 328,5,1,512,0,31,7,1,6,1,1,-94,1,907,13244,21,0,0 '
Received from ('fd00::200:0:0:4', 8765, 0, 0): b' 329,4,1,512,0,27,6,1,7,1,1,-66,1,1132,16364,22,0,0 '
Received from ('fd00::200:0:0:3', 8765, 0, 0): b' 330,3,1,512,50,33,7,7,7,1,1,-64,10,2617,19063,22,0,0 '
Received from ('fd00::200:0:0:d', 8765, 0, 0): b' 330,13,8,1024,0,29,3,2,7,1,2,-70,0,545,12612,16,0,0 '
Received from ('fd00::200:0:0:10', 8765, 0, 0): b' 328,16,11,1024,10,22,4,5,7,1,2,-70,3,1116,14382,16,0,0 '
Received from ('fd00::200:0:0:15', 8765, 0, 0): b' 328,21,16,1280,0,18,1,3,4,1,1,-70,0,778,13529,13,0,0 '
Received from ('fd00::200:0:0:7', 8765, 0, 0): b' 331,7,4,768,0,7,4,1,6,1,3,-70,0,741,10608,5,0,0 '
Received from ('fd00::200:0:0:8', 8765, 0, 0): b' 331,8,3,768,0,31,5,2,7,1,2,-70,2,808,18309,19,0,0 '
Received from ('fd00::200:0:0:13', 8765, 0, 0): b' 328,19,16,1280,0,15,1,3,5,1,1,-70,0,331,5438,10,0,0 '
Received from ('fd00::200:0:0:1', 5678, 0, 0): b' 334,1,0,256,0,16,0,0,4,0,0,0,10,1911,20024,252,0,0 '
Received from ('fd00::200:0:0:9', 8765, 0, 0): b' 333,9,5,768,0,12,4,4,7,1,2,-52,0,639,6694,8,0,0 '
Received from ('fd00::200:0:0:2', 8765, 0, 0): b' 333,2,1,512,0,28,7,1,6,1,1,-88,0,527,12763,22,0,0 '
Received from ('fd00::200:0:0:a', 8765, 0, 0): b' 331,10,11,1024,10,18,2,3,7,1,1,-52,0,457,6421,12,0,0 '
Received from ('fd00::200:0:0:b', 8765, 0, 0): b' 335,11,3,768,20,29,4,5,7,1,1,-95,8,3339,33063,20,0,0 '
Received from ('fd00::200:0:0:4', 8765, 0, 0): b' 334,4,1,512,0,27,7,1,7,1,1,-66,1,529,8276,22,0,0 '
Received from ('fd00::200:0:0:11', 8765, 0, 0): b' 334,17,16,1280,0,18,1,3,5,1,1,-52,0,1113,9450,14,0,0 '
Received from ('fd00::200:0:0:5', 8765, 0, 0): b' 335,5,1,512,10,31,8,1,6,1,1,-94,1,682,10720,22,0,0 '
Received from ('fd00::200:0:0:13', 8765, 0, 0): b' 334,19,16,1280,10,16,1,3,5,1,1,-70,0,670,5299,10,0,0 '
Received from ('fd00::200:0:0:12', 8765, 0, 0): b' 297,18,14,1536,90,4,2,4,3,0,1,-52,0,733,9168,4,0,0 '
Received from ('fd00::200:0:0:c', 8765, 0, 0): b' 336,12,11,1024,10,29,6,2,7,1,3,-52,0,506,16125,17,0,0 '
Received from ('fd00::200:0:0:12', 8765, 0, 0): b' 306,18,14,1536,90,5,2,4,3,0,1,-52,0,553,7611,5,0,0 '
Received from ('fd00::200:0:0:12', 8765, 0, 0): b' 316,18,14,1536,90,5,3,4,3,0,1,-52,0,660,8871,6,0,0 '
Received from ('fd00::200:0:0:2', 8765, 0, 0): b' 338,2,1,512,0,30,7,1,6,1,1,-88,0,557,6730,23,0,0 '
Received from ('fd00::200:0:0:3', 8765, 0, 0): b' 339,3,1,512,60,33,7,7,7,1,1,-64,10,3821,24080,22,0,0 '
Received from ('fd00::200:0:0:9', 8765, 0, 0): b' 339,9,5,768,0,12,4,4,7,1,2,-52,0,379,5334,8,0,0 '
Received from ('fd00::200:0:0:7', 8765, 0, 0): b' 338,7,4,768,0,7,4,1,6,1,3,-70,0,490,7126,5,0,0 '
Received from ('fd00::200:0:0:8', 8765, 0, 0): b' 338,8,3,768,20,32,5,2,7,1,2,-70,2,778,15298,20,0,0 '
Received from ('fd00::200:0:0:12', 8765, 0, 0): b' 326,18,14,1408,80,5,3,4,3,0,1,-52,0,411,8106,6,0,0 '
Received from ('fd00::200:0:0:d', 8765, 0, 0): b' 337,13,8,1024,0,29,3,2,7,1,2,-70,0,457,8844,17,0,0 '
Received from ('fd00::200:0:0:12', 8765, 0, 0): b' 330,18,14,1408,90,5,3,4,3,0,1,-52,0,145,4288,7,0,0 '
Received from ('fd00::200:0:0:1', 5678, 0, 0): b' 342,1,0,256,0,16,0,0,4,0,0,0,10,1774,18844,261,0,0 '
Received from ('fd00::200:0:0:e', 8765, 0, 0): b' 339,14,11,1024,0,21,5,3,6,1,2,-70,1,1938,14817,10,0,0 '
Received from ('fd00::200:0:0:6', 8765, 0, 0): b' 340,6,3,768,0,19,5,3,7,1,2,-70,0,535,11717,12,0,0 '
Received from ('fd00::200:0:0:b', 8765, 0, 0): b' 340,11,3,768,0,29,4,5,7,1,1,-95,8,2382,15929,20,0,0 '
Received from ('fd00::200:0:0:10', 8765, 0, 0): b' 340,16,11,1024,10,22,4,5,7,1,2,-70,3,1917,24229,16,0,0 '
Received from ('fd00::200:0:0:12', 8765, 0, 0): b' 340,18,14,1280,0,6,3,4,3,1,1,-52,0,1372,10187,7,0,0 '
Received from ('fd00::200:0:0:4', 8765, 0, 0): b' 342,4,1,512,0,27,7,1,7,1,1,-66,1,720,11755,23,0,0 '
Received from ('fd00::200:0:0:15', 8765, 0, 0): b' 340,21,16,1280,0,18,1,3,4,1,1,-70,0,506,13093,14,0,0 '
Received from ('fd00::200:0:0:7', 8765, 0, 0): b' 342,7,4,768,0,7,4,1,6,1,3,-70,0,247,4023,5,0,0 '
Received from ('fd00::200:0:0:9', 8765, 0, 0): b' 343,9,5,768,0,12,4,4,7,1,2,-52,0,304,4511,9,0,0 '
Received from ('fd00::200:0:0:13', 8765, 0, 0): b' 342,19,16,1280,0,17,1,3,5,1,1,-70,0,682,6892,10,0,0 '
Received from ('fd00::200:0:0:3', 8765, 0, 0): b' 344,3,1,512,90,33,7,7,7,2,1,-64,10,2477,15049,23,0,0 '
Received from ('fd00::200:0:0:a', 8765, 0, 0): b' 343,10,11,1024,10,18,2,3,7,1,1,-52,0,446,10256,13,0,0 '
Received from ('fd00::200:0:0:8', 8765, 0, 0): b' 344,8,3,768,0,33,5,2,7,1,2,-70,2,742,13263,20,0,0 '
Received from ('fd00::200:0:0:6', 8765, 0, 0): b' 345,6,3,768,0,19,5,3,7,1,2,-70,0,306,5154,13,0,0 '
Received from ('fd00::200:0:0:2', 8765, 0, 0): b' 346,2,1,512,0,30,7,1,6,1,1,-88,0,297,8861,23,0,0 '
Received from ('fd00::200:0:0:12', 8765, 0, 0): b' 345,18,14,1280,0,7,3,4,3,1,1,-52,0,530,5419,8,0,0 '
Received from ('fd00::200:0:0:5', 8765, 0, 0): b' 346,5,1,512,0,32,8,1,6,1,1,-94,1,1269,17346,23,0,0 '
Received from ('fd00::200:0:0:11', 8765, 0, 0): b' 346,17,16,1280,10,18,1,3,5,1,1,-52,0,458,6762,15,0,0 '
Received from ('fd00::200:0:0:c', 8765, 0, 0): b' 347,12,11,1024,0,30,6,3,7,1,3,-52,0,733,17019,18,0,0 '
Received from ('fd00::200:0:0:d', 8765, 0, 0): b' 346,13,8,1024,0,30,4,2,7,1,2,-70,0,957,12918,18,0,0 '
Received from ('fd00::200:0:0:1', 5678, 0, 0): b' 349,1,0,256,0,16,0,0,4,0,0,0,10,2045,20721,275,0,0 '
Received from ('fd00::200:0:0:e', 8765, 0, 0): b' 350,14,11,1024,0,21,5,3,6,1,2,-70,1,972,12803,11,0,0 '
Received from ('fd00::200:0:0:a', 8765, 0, 0): b' 350,10,11,1024,0,18,2,3,7,1,1,-52,0,459,6756,13,0,0 '
Received from ('fd00::200:0:0:10', 8765, 0, 0): b' 350,16,11,1024,0,22,4,5,7,1,2,-70,3,1673,21395,17,0,0 '
Received from ('fd00::200:0:0:4', 8765, 0, 0): b' 350,4,1,512,0,27,7,1,7,1,1,-66,1,582,10862,23,0,0 '
Received from ('fd00::200:0:0:12', 8765, 0, 0): b' 351,18,14,1280,0,7,3,4,3,1,1,-52,0,278,3933,8,0,0 '
Received from ('fd00::200:0:0:2', 8765, 0, 0): b' 351,2,1,512,0,30,7,1,6,1,1,-88,0,249,5347,23,0,0 '
Received from ('fd00::200:0:0:b', 8765, 0, 0): b' 351,11,3,768,0,31,5,5,7,1,1,-95,8,4394,32525,21,0,0 '
Received from ('fd00::200:0:0:15', 8765, 0, 0): b' 353,21,16,1280,0,18,1,3,4,1,1,-70,0,530,13874,15,0,0 '
Received from ('fd00::200:0:0:7', 8765, 0, 0): b' 351,7,4,768,0,8,4,1,6,1,3,-70,0,555,8405,6,0,0 '
Received from ('fd00::200:0:0:8', 8765, 0, 0): b' 353,8,3,768,0,33,6,2,7,1,2,-70,2,1208,18117,21,0,0 '
Received from ('fd00::200:0:0:13', 8765, 0, 0): b' 354,19,16,1280,0,17,1,3,5,1,1,-70,0,712,10785,11,0,0 '
Received from ('fd00::200:0:0:c', 8765, 0, 0): b' 352,12,11,1024,0,30,6,3,7,1,3,-52,0,305,8981,18,0,0 '
Received from ('fd00::200:0:0:9', 8765, 0, 0): b' 353,9,5,768,0,12,4,4,7,1,2,-52,0,514,9561,9,0,0 '
Received from ('fd00::200:0:0:12', 8765, 0, 0): b' 355,18,14,1280,0,7,3,4,3,1,1,-52,0,250,3573,8,0,0 '
Received from ('fd00::200:0:0:3', 8765, 0, 0): b' 356,3,1,512,10,35,7,7,7,2,1,-64,10,5220,31493,23,0,0 '
Received from ('fd00::200:0:0:4', 8765, 0, 0): b' 355,4,1,512,0,28,7,1,7,1,1,-66,1,679,8566,24,0,0 '
Received from ('fd00::200:0:0:d', 8765, 0, 0): b' 356,13,8,1024,0,30,4,2,7,1,2,-70,0,557,10477,18,0,0 '
Received from ('fd00::200:0:0:5', 8765, 0, 0): b' 355,5,1,512,10,32,8,1,6,1,1,-94,1,677,13075,23,0,0 '
Received from ('fd00::200:0:0:e', 8765, 0, 0): b' 355,14,11,1024,0,22,5,3,6,1,2,-70,1,873,8450,11,0,0 '
Received from ('fd00::200:0:0:6', 8765, 0, 0): b' 356,6,3,768,0,19,6,3,7,1,2,-70,0,522,11045,13,0,0 '
Received from ('fd00::200:0:0:11', 8765, 0, 0): b' 358,17,16,1280,0,18,1,3,5,1,1,-52,0,530,9558,15,0,0 '
Received from ('fd00::200:0:0:b', 8765, 0, 0): b' 357,11,3,768,10,31,5,5,7,1,1,-95,8,1430,14154,21,0,0 '
Received from ('fd00::200:0:0:1', 5678, 0, 0): b' 357,1,0,256,0,16,0,0,4,0,0,0,10,1578,19786,279,0,0 '
Received from ('fd00::200:0:0:7', 8765, 0, 0): b' 357,7,4,768,0,9,4,1,6,1,3,-70,0,469,5423,6,0,0 '
Received from ('fd00::200:0:0:a', 8765, 0, 0): b' 357,10,11,1024,10,18,2,3,7,1,1,-52,0,397,7632,13,0,0 '
Received from ('fd00::200:0:0:10', 8765, 0, 0): b' 357,16,11,1024,0,22,4,5,7,1,2,-70,3,1170,17146,17,0,0 '
Received from ('fd00::200:0:0:8', 8765, 0, 0): b' 359,8,3,768,0,33,6,2,7,1,2,-70,2,506,12885,21,0,0 '
Received from ('fd00::200:0:0:9', 8765, 0, 0): b' 358,9,5,768,10,12,4,4,7,1,2,-52,0,304,4836,10,0,0 '
Received from ('fd00::200:0:0:2', 8765, 0, 0): b' 359,2,1,512,0,30,7,1,6,1,1,-88,0,469,9705,24,0,0 '
Received from ('fd00::200:0:0:3', 8765, 0, 0): b' 360,3,1,512,10,35,7,7,7,2,1,-64,10,2218,13517,24,0,0 '
Received from ('fd00::200:0:0:15', 8765, 0, 0): b' 360,21,16,1280,0,18,1,3,4,1,1,-70,0,398,8080,15,0,0 '
Received from ('fd00::200:0:0:5', 8765, 0, 0): b' 360,5,1,512,0,32,8,1,6,1,1,-94,1,634,7943,24,0,0 '
Received from ('fd00::200:0:0:13', 8765, 0, 0): b' 361,19,16,1280,0,17,1,3,5,1,1,-70,0,333,6436,12,0,0 '
Received from ('fd00::200:0:0:4', 8765, 0, 0): b' 361,4,1,512,0,28,7,1,7,1,1,-66,1,581,8527,24,0,0 '
Received from ('fd00::200:0:0:b', 8765, 0, 0): b' 361,11,3,768,20,31,5,5,7,1,1,-95,8,1637,12570,21,0,0 '
Received from ('fd00::200:0:0:d', 8765, 0, 0): b' 361,13,8,1024,0,30,4,2,7,1,2,-70,0,308,6336,19,0,0 '
Received from ('fd00::200:0:0:6', 8765, 0, 0): b' 362,6,3,768,0,19,6,3,7,1,2,-70,0,330,5448,14,0,0 '
Received from ('fd00::200:0:0:c', 8765, 0, 0): b' 361,12,11,1024,0,30,6,3,7,1,3,-52,0,380,12164,19,0,0 '
Received from ('fd00::200:0:0:1', 5678, 0, 0): b' 362,1,0,256,0,16,0,0,4,0,0,0,10,1399,13850,291,0,0 '
Received from ('fd00::200:0:0:a', 8765, 0, 0): b' 363,10,11,1024,0,18,2,3,7,1,1,-52,0,334,5397,14,0,0 '
Received from ('fd00::200:0:0:11', 8765, 0, 0): b' 365,17,16,1280,0,18,1,3,5,1,1,-52,0,453,7119,16,0,0 '
Received from ('fd00::200:0:0:7', 8765, 0, 0): b' 365,7,4,768,0,9,4,1,6,1,3,-70,0,448,6813,7,0,0 '
Received from ('fd00::200:0:0:e', 8765, 0, 0): b' 364,14,11,1024,10,22,5,3,6,1,2,-70,1,658,10367,12,0,0 '
Received from ('fd00::200:0:0:5', 8765, 0, 0): b' 365,5,1,512,0,32,8,1,6,1,1,-94,1,333,7054,24,0,0 '
Received from ('fd00::200:0:0:3', 8765, 0, 0): b' 366,3,1,512,10,35,7,7,7,2,1,-64,10,2802,16902,24,0,0 '
Received from ('fd00::200:0:0:13', 8765, 0, 0): b' 367,19,16,1280,0,17,1,3,5,1,1,-70,0,276,4978,12,0,0 '
Received from ('fd00::200:0:0:12', 8765, 0, 0): b' 365,18,14,1280,10,8,3,4,3,1,1,-52,0,673,10104,9,0,0 '
Received from ('fd00::200:0:0:d', 8765, 0, 0): b' 366,13,8,1024,0,30,4,2,7,1,2,-70,0,303,5650,19,0,0 '
Received from ('fd00::200:0:0:c', 8765, 0, 0): b' 367,12,11,1024,10,30,6,3,7,1,3,-52,0,281,8174,19,0,0 '
Received from ('fd00::200:0:0:11', 8765, 0, 0): b' 369,17,16,1280,0,18,1,3,5,1,1,-52,0,252,3721,16,0,0 '
Received from ('fd00::200:0:0:9', 8765, 0, 0): b' 368,9,5,768,10,13,4,4,7,1,2,-52,0,526,9107,10,0,0 '
Received from ('fd00::200:0:0:a', 8765, 0, 0): b' 368,10,11,1024,0,18,2,3,7,1,1,-52,0,276,5429,14,0,0 '
Received from ('fd00::200:0:0:10', 8765, 0, 0): b' 369,16,11,1024,10,22,4,5,7,1,2,-70,3,2033,24621,18,0,0 '
Received from ('fd00::200:0:0:8', 8765, 0, 0): b' 370,8,3,768,10,33,6,2,7,1,2,-70,2,1167,21823,22,0,0 '
Received from ('fd00::200:0:0:b', 8765, 0, 0): b' 370,11,3,768,0,31,5,5,7,1,1,-95,8,2833,24538,22,0,0 '
Received from ('fd00::200:0:0:6', 8765, 0, 0): b' 370,6,3,768,0,20,6,3,7,1,2,-70,0,495,7746,14,0,0 '
Received from ('fd00::200:0:0:15', 8765, 0, 0): b' 371,21,16,1280,0,18,1,3,4,1,1,-70,0,505,12984,16,0,0 '
Received from ('fd00::200:0:0:2', 8765, 0, 0): b' 371,2,1,512,0,31,7,1,6,1,1,-88,0,624,13914,25,0,0 '
Received from ('fd00::200:0:0:7', 8765, 0, 0): b' 370,7,4,768,0,9,4,1,6,1,3,-70,0,368,5647,7,0,0 '
Received from ('fd00::200:0:0:3', 8765, 0, 0): b' 372,3,1,512,0,36,7,7,7,2,1,-64,10,2368,15408,24,0,0 '
Received from ('fd00::200:0:0:c', 8765, 0, 0): b' 371,12,11,1024,0,30,6,3,7,1,3,-52,0,277,6593,19,0,0 '
Received from ('fd00::200:0:0:4', 8765, 0, 0): b' 372,4,1,512,0,28,7,1,7,1,1,-66,1,940,16831,25,0,0 '
Received from ('fd00::200:0:0:e', 8765, 0, 0): b' 371,14,11,1024,0,22,5,3,6,1,2,-70,1,559,9102,12,0,0 '
Received from ('fd00::200:0:0:13', 8765, 0, 0): b' 373,19,16,1280,10,17,1,3,5,1,1,-70,0,439,6159,13,0,0 '
Received from ('fd00::200:0:0:1', 5678, 0, 0): b' 374,1,0,256,0,16,0,0,4,0,0,0,10,2215,29360,302,0,0 '
Received from ('fd00::200:0:0:7', 8765, 0, 0): b' 375,7,4,768,0,9,4,1,6,1,3,-70,0,247,4416,7,0,0 '
Received from ('fd00::200:0:0:11', 8765, 0, 0): b' 375,17,16,1280,10,19,1,3,5,1,1,-52,0,629,5462,17,0,0 '
Received from ('fd00::200:0:0:12', 8765, 0, 0): b' 374,18,14,1280,0,8,3,4,3,1,1,-52,0,574,8744,10,0,0 '
Received from ('fd00::200:0:0:6', 8765, 0, 0): b' 375,6,3,768,0,20,6,3,7,1,2,-70,0,371,5437,15,0,0 '
Received from ('fd00::200:0:0:10', 8765, 0, 0): b' 376,16,11,1024,0,22,4,5,7,1,2,-70,3,1257,13310,19,0,0 '
Received from ('fd00::200:0:0:3', 8765, 0, 0): b' 375,3,1,512,10,36,7,7,7,2,1,-64,10,2171,13457,25,0,0 '
Received from ('fd00::200:0:0:b', 8765, 0, 0): b' 376,11,3,768,20,31,5,5,7,1,1,-95,8,2239,17152,22,0,0 '
Received from ('fd00::200:0:0:9', 8765, 0, 0): b' 376,9,5,768,0,14,4,4,7,1,2,-52,0,552,7280,11,0,0 '
Received from ('fd00::200:0:0:8', 8765, 0, 0): b' 377,8,3,768,10,33,6,2,7,1,2,-70,2,505,14689,22,0,0 '
Received from ('fd00::200:0:0:d', 8765, 0, 0): b' 377,13,8,1024,0,30,4,2,7,1,2,-70,0,476,12917,20,0,0 '
Received from ('fd00::200:0:0:5', 8765, 0, 0): b' 377,5,1,512,0,33,8,1,6,1,1,-94,1,1156,17532,25,0,0 '
Received from ('fd00::200:0:0:c', 8765, 0, 0): b' 377,12,11,1024,0,30,6,3,7,1,3,-52,0,308,7398,20,0,0 '
Received from ('fd00::200:0:0:a', 8765, 0, 0): b' 378,10,11,1024,10,19,2,3,7,1,1,-52,0,1058,8780,15,0,0 '
Received from ('fd00::200:0:0:4', 8765, 0, 0): b' 378,4,1,512,10,28,7,1,7,1,1,-66,1,554,9724,25,0,0 '
Received from ('fd00::200:0:0:7', 8765, 0, 0): b' 380,7,4,768,0,9,4,1,7,1,3,-70,0,471,5263,8,0,0 '
Received from ('fd00::200:0:0:10', 8765, 0, 0): b' 379,16,11,1024,10,22,4,5,7,1,2,-70,3,680,10824,19,0,0 '
Received from ('fd00::200:0:0:15', 8765, 0, 0): b' 381,21,16,1280,0,20,1,3,4,1,1,-70,0,1068,12245,17,0,0 '
Received from ('fd00::200:0:0:13', 8765, 0, 0): b' 382,19,16,1280,10,17,1,3,5,1,1,-70,0,454,8283,13,0,0 '
Received from ('fd00::200:0:0:2', 8765, 0, 0): b' 382,2,1,512,0,32,8,1,6,1,1,-88,0,600,13457,25,0,0 '
Received from ('fd00::200:0:0:3', 8765, 0, 0): b' 382,3,1,512,0,36,7,8,7,2,1,-64,10,2656,17741,25,0,0 '
Received from ('fd00::200:0:0:1', 5678, 0, 0): b' 383,1,0,256,0,18,0,0,4,0,0,0,10,2051,22535,312,0,0 '
Received from ('fd00::200:0:0:e', 8765, 0, 0): b' 383,14,11,1024,0,22,5,3,6,1,2,-70,1,1003,14677,13,0,0 '
Received from ('fd00::200:0:0:a', 8765, 0, 0): b' 383,10,11,1024,0,19,2,3,7,1,1,-52,0,302,6401,15,0,0 '
Received from ('fd00::200:0:0:c', 8765, 0, 0): b' 383,12,11,1024,0,31,6,3,7,1,3,-52,0,435,11139,20,0,0 '
Received from ('fd00::200:0:0:9', 8765, 0, 0): b' 385,9,5,768,0,14,5,4,7,1,2,-52,0,377,8271,11,0,0 '
Received from ('fd00::200:0:0:15', 8765, 0, 0): b' 385,21,16,1280,0,20,1,3,4,1,1,-70,0,371,4858,17,0,0 '
Received from ('fd00::200:0:0:12', 8765, 0, 0): b' 384,18,14,1280,0,8,3,4,3,1,1,-52,0,420,8614,10,0,0 '
Received from ('fd00::200:0:0:6', 8765, 0, 0): b' 386,6,3,768,0,21,6,3,7,1,2,-70,0,543,10390,15,0,0 '
Received from ('fd00::200:0:0:10', 8765, 0, 0): b' 384,16,11,1024,10,22,4,5,7,1,2,-70,3,916,10094,19,0,0 '
Received from ('fd00::200:0:0:d', 8765, 0, 0): b' 387,13,8,1024,0,31,4,2,7,1,2,-70,0,691,12938,20,0,0 '
Received from ('fd00::200:0:0:11', 8765, 0, 0): b' 385,17,16,1280,10,20,1,3,5,1,1,-52,0,640,9514,17,0,0 '
Received from ('fd00::200:0:0:5', 8765, 0, 0): b' 387,5,1,512,0,34,9,1,6,1,1,-94,1,1026,16464,25,0,0 '
Received from ('fd00::200:0:0:3', 8765, 0, 0): b' 387,3,1,512,0,37,8,8,7,2,1,-64,10,2537,16271,26,0,0 '
Received from ('fd00::200:0:0:b', 8765, 0, 0): b' 388,11,3,768,40,32,5,5,7,1,1,-95,8,4044,33580,23,0,0 '
Received from ('fd00::200:0:0:8', 8765, 0, 0): b' 389,8,3,768,0,34,6,2,7,1,2,-70,2,1241,25009,23,0,0 '
Received from ('fd00::200:0:0:13', 8765, 0, 0): b' 389,19,16,1280,0,17,1,3,5,1,1,-70,0,357,7299,14,0,0 '
Received from ('fd00::200:0:0:9', 8765, 0, 0): b' 389,9,5,768,0,14,6,4,7,1,2,-52,0,353,4683,11,0,0 '
Received from ('fd00::200:0:0:c', 8765, 0, 0): b' 388,12,11,1024,0,31,7,3,7,1,3,-52,0,333,7149,20,0,0 '
Received from ('fd00::200:0:0:4', 8765, 0, 0): b' 390,4,1,512,0,30,8,1,7,1,1,-66,1,1217,18166,26,0,0 '
Received from ('fd00::200:0:0:2', 8765, 0, 0): b' 390,2,1,512,0,33,9,1,6,1,1,-88,0,606,10525,26,0,0 '
Received from ('fd00::200:0:0:7', 8765, 0, 0): b' 391,7,4,768,0,11,5,1,7,1,3,-70,0,917,11312,9,0,0 '
Received from ('fd00::200:0:0:e', 8765, 0, 0): b' 389,14,11,1024,0,23,6,3,6,1,2,-70,1,786,8628,13,0,0 '
Received from ('fd00::200:0:0:a', 8765, 0, 0): b' 389,10,11,1024,0,19,3,3,7,1,1,-52,0,468,6061,16,0,0 '
Received from ('fd00::200:0:0:5', 8765, 0, 0): b' 392,5,1,512,0,35,9,1,6,1,1,-94,1,710,7105,26,0,0 '
Received from ('fd00::200:0:0:11', 8765, 0, 0): b' 392,17,16,1280,0,20,1,3,5,1,1,-52,0,454,6674,18,0,0 '
Received from ('fd00::200:0:0:1', 5678, 0, 0): b' 393,1,0,256,0,19,0,0,4,0,0,0,10,2676,26881,328,0,0 '
Received from ('fd00::200:0:0:3', 8765, 0, 0): b' 394,3,1,512,20,37,8,8,7,2,1,-64,10,2658,16587,26,0,0 '
Received from ('fd00::200:0:0:8', 8765, 0, 0): b' 394,8,3,768,0,36,6,2,7,1,2,-70,2,842,11079,23,0,0 '
Received from ('fd00::200:0:0:10', 8765, 0, 0): b' 394,16,11,1024,0,23,5,5,7,1,2,-70,3,2287,22232,20,0,0 '
Received from ('fd00::200:0:0:15', 8765, 0, 0): b' 395,21,16,1280,0,20,1,3,4,1,1,-70,0,529,13418,18,0,0 '
Received from ('fd00::200:0:0:9', 8765, 0, 0): b' 394,9,5,768,0,14,6,4,7,1,2,-52,0,305,5534,12,0,0 '
Received from ('fd00::200:0:0:4', 8765, 0, 0): b' 395,4,1,512,0,30,8,1,7,1,1,-66,1,586,8133,26,0,0 '
Received from ('fd00::200:0:0:12', 8765, 0, 0): b' 395,18,14,1280,0,9,3,4,3,1,1,-52,0,680,9929,11,0,0 '
Received from ('fd00::200:0:0:13', 8765, 0, 0): b' 397,19,16,1280,0,19,1,3,5,1,1,-70,0,621,7410,14,0,0 '
Received from ('fd00::200:0:0:7', 8765, 0, 0): b' 396,7,4,768,0,11,5,1,7,1,3,-70,0,249,4303,9,0,0 '
Received from ('fd00::200:0:0:d', 8765, 0, 0): b' 396,13,8,1024,10,32,5,2,7,1,2,-70,0,886,11339,21,0,0 '
Received from ('fd00::200:0:0:6', 8765, 0, 0): b' 398,6,3,768,0,22,6,3,7,1,2,-70,0,600,11105,16,0,0 '
Received from ('fd00::200:0:0:c', 8765, 0, 0): b' 398,12,11,1024,0,31,7,3,7,1,3,-52,0,575,14545,21,0,0 '
Received from ('fd00::200:0:0:10', 8765, 0, 0): b' 399,16,11,1024,0,23,5,5,7,1,2,-70,3,742,8854,20,0,0 '
Received from ('fd00::200:0:0:5', 8765, 0, 0): b' 399,5,1,512,0,35,9,1,6,1,1,-94,1,528,9637,26,0,0 '
Received from ('fd00::200:0:0:2', 8765, 0, 0): b' 399,2,1,512,0,33,9,1,6,1,1,-88,0,395,10192,26,0,0 '
Received from ('fd00::200:0:0:11', 8765, 0, 0): b' 399,17,16,1280,0,20,1,3,5,1,1,-52,0,300,6833,18,0,0 '
Received from ('fd00::200:0:0:e', 8765, 0, 0): b' 400,14,11,1024,0,23,6,3,6,1,2,-70,1,733,11797,14,0,0 '
Received from ('fd00::200:0:0:1', 5678, 0, 0): b' 400,1,0,256,0,19,0,0,4,0,0,0,10,1353,16929,331,0,0 '
Received from ('fd00::200:0:0:b', 8765, 0, 0): b' 400,11,3,768,0,33,5,5,7,1,1,-95,8,4051,33769,24,0,0 '
Received from ('fd00::200:0:0:d', 8765, 0, 0): b' 400,13,8,1024,0,32,5,2,7,1,2,-70,0,277,5247,21,0,0 '
Received from ('fd00::200:0:0:9', 8765, 0, 0): b' 400,9,5,768,0,15,6,4,7,1,2,-52,0,380,5683,12,0,0 '
Received from ('fd00::200:0:0:7', 8765, 0, 0): b' 400,7,4,768,0,11,5,1,7,1,3,-70,0,272,4850,9,0,0 '
Received from ('fd00::200:0:0:a', 8765, 0, 0): b' 401,10,11,1024,0,19,3,3,7,1,1,-52,0,421,10306,16,0,0 '
Received from ('fd00::200:0:0:15', 8765, 0, 0): b' 403,21,16,1280,0,20,1,3,4,1,1,-70,0,374,8362,18,0,0 '
Received from ('fd00::200:0:0:8', 8765, 0, 0): b' 402,8,3,768,0,36,6,2,7,1,2,-70,2,921,17823,24,0,0 '
Received from ('fd00::200:0:0:2', 8765, 0, 0): b' 403,2,1,512,0,34,9,1,6,1,1,-88,0,426,5235,27,0,0 '
Received from ('fd00::200:0:0:10', 8765, 0, 0): b' 402,16,11,1024,0,23,5,5,7,1,2,-70,3,980,10482,21,0,0 '
Received from ('fd00::200:0:0:b', 8765, 0, 0): b' 404,11,3,768,20,34,5,5,7,1,1,-95,8,1620,12728,24,0,0 '
Received from ('fd00::200:0:0:3', 8765, 0, 0): b' 404,3,1,512,0,37,8,8,7,2,1,-64,10,4577,31157,27,0,0 '
Received from ('fd00::200:0:0:12', 8765, 0, 0): b' 403,18,14,1280,0,10,3,4,3,1,1,-52,0,577,8154,12,0,0 '
Received from ('fd00::200:0:0:6', 8765, 0, 0): b' 405,6,3,768,0,23,6,3,7,1,2,-70,0,809,7431,16,0,0 '
Received from ('fd00::200:0:0:13', 8765, 0, 0): b' 406,19,16,1280,10,19,1,3,5,1,1,-70,0,768,8535,15,0,0 '
Received from ('fd00::200:0:0:a', 8765, 0, 0): b' 405,10,11,1024,0,19,3,3,7,1,1,-52,0,309,4191,17,0,0 '
Received from ('fd00::200:0:0:4', 8765, 0, 0): b' 407,4,1,512,0,32,8,1,7,1,1,-66,1,1260,18513,27,0,0 '
Received from ('fd00::200:0:0:9', 8765, 0, 0): b' 407,9,5,768,0,15,6,4,7,1,2,-52,0,450,7212,13,0,0 '
Received from ('fd00::200:0:0:e', 8765, 0, 0): b' 407,14,11,1024,0,23,6,3,6,1,2,-70,1,832,10748,15,0,0 '
Received from ('fd00::200:0:0:c', 8765, 0, 0): b' 407,12,11,1024,0,31,7,3,7,1,3,-52,0,409,14212,22,0,0 '
Received from ('fd00::200:0:0:b', 8765, 0, 0): b' 408,11,3,768,0,34,5,5,7,1,1,-95,8,1691,12523,25,0,0 '
Received from ('fd00::200:0:0:1', 5678, 0, 0): b' 409,1,0,256,0,20,0,0,4,0,0,0,10,2276,24917,347,0,0 '
Received from ('fd00::200:0:0:d', 8765, 0, 0): b' 409,13,8,1024,0,32,5,2,7,1,2,-70,0,480,10997,22,0,0 '
Received from ('fd00::200:0:0:2', 8765, 0, 0): b' 409,2,1,512,0,34,10,1,6,1,1,-88,0,353,7705,27,0,0 '
Received from ('fd00::200:0:0:15', 8765, 0, 0): b' 409,21,16,1280,10,20,1,3,4,1,1,-70,0,360,7554,19,0,0 '
Received from ('fd00::200:0:0:5', 8765, 0, 0): b' 409,5,1,512,0,37,10,1,6,1,1,-94,1,1318,17348,27,0,0 '
Received from ('fd00::200:0:0:12', 8765, 0, 0): b' 408,18,14,1280,0,10,3,4,3,1,1,-52,0,252,4488,12,0,0 '
Received from ('fd00::200:0:0:11', 8765, 0, 0): b' 411,17,16,1280,0,20,1,3,5,1,1,-52,0,477,10001,19,0,0 '
Received from ('fd00::200:0:0:7', 8765, 0, 0): b' 412,7,4,768,0,12,5,1,7,1,3,-70,0,839,11749,10,0,0 '
Received from ('fd00::200:0:0:10', 8765, 0, 0): b' 412,16,11,1024,0,23,5,5,7,1,2,-70,3,1362,20627,21,0,0 '
Received from ('fd00::200:0:0:8', 8765, 0, 0): b' 413,8,3,768,0,37,6,2,7,1,2,-70,2,1067,21487,25,0,0 '
Received from ('fd00::200:0:0:a', 8765, 0, 0): b' 413,10,11,1024,0,19,3,3,7,1,1,-52,0,300,7575,17,0,0 '
Received from ('fd00::200:0:0:6', 8765, 0, 0): b' 414,6,3,768,0,24,6,3,7,1,2,-70,0,575,8279,17,0,0 '
Received from ('fd00::200:0:0:3', 8765, 0, 0): b' 414,3,1,512,0,37,9,9,7,2,1,-64,10,4168,26741,27,0,0 '
Received from ('fd00::200:0:0:5', 8765, 0, 0): b' 414,5,1,512,0,37,10,1,6,1,1,-94,1,332,7356,27,0,0 '
Received from ('fd00::200:0:0:e', 8765, 0, 0): b' 415,14,11,1024,0,24,6,3,6,1,2,-70,1,785,9869,15,0,0 '
Received from ('fd00::200:0:0:13', 8765, 0, 0): b' 415,19,16,1280,0,19,1,3,5,1,1,-70,0,446,10447,15,0,0 '
Received from ('fd00::200:0:0:4', 8765, 0, 0): b' 416,4,1,512,0,32,9,1,7,1,1,-66,1,859,14414,28,0,0 '
Received from ('fd00::200:0:0:11', 8765, 0, 0): b' 416,17,16,1280,0,21,1,3,5,1,1,-52,0,729,6604,19,0,0 '
Received from ('fd00::200:0:0:d', 8765, 0, 0): b' 417,13,8,1024,0,32,5,2,7,1,2,-70,0,324,10060,22,0,0 '
Received from ('fd00::200:0:0:8', 8765, 0, 0): b' 418,8,3,768,0,37,6,2,7,1,2,-70,2,737,11029,25,0,0 '
Received from ('fd00::200:0:0:9', 8765, 0, 0): b' 417,9,5,768,0,15,6,4,7,1,2,-52,0,391,9333,13,0,0 '
Received from ('fd00::200:0:0:7', 8765, 0, 0): b' 418,7,4,768,0,12,5,1,7,1,3,-70,0,437,6196,10,0,0 '
Received from ('fd00::200:0:0:c', 8765, 0, 0): b' 418,12,11,1024,0,31,7,3,7,1,3,-52,0,422,14989,22,0,0 '
Received from ('fd00::200:0:0:b', 8765, 0, 0): b' 419,11,3,768,20,34,5,5,7,1,1,-95,8,2915,27311,25,0,0 '
Received from ('fd00::200:0:0:6', 8765, 0, 0): b' 418,6,3,768,0,24,6,3,7,1,2,-70,0,249,4720,17,0,0 '
Received from ('fd00::200:0:0:1', 5678, 0, 0): b' 420,1,0,256,0,20,0,0,4,0,0,0,10,2047,26414,357,0,0 '
Received from ('fd00::200:0:0:15', 8765, 0, 0): b' 418,21,16,1280,0,20,1,3,4,1,1,-70,0,446,12750,19,0,0 '
Received from ('fd00::200:0:0:2', 8765, 0, 0): b' 421,2,1,512,0,34,10,1,6,1,1,-88,0,518,13843,28,0,0 '
Received from ('fd00::200:0:0:12', 8765, 0, 0): b' 419,18,14,1280,0,10,4,4,3,1,1,-52,0,581,9979,13,0,0 '
Received from ('fd00::200:0:0:e', 8765, 0, 0): b' 422,14,11,1024,0,24,6,3,6,1,2,-70,1,846,9139,16,0,0 '
Received from ('fd00::200:0:0:5', 8765, 0, 0): b' 423,5,1,512,0,37,10,1,6,1,1,-94,1,810,12279,28,0,0 '
Received from ('fd00::200:0:0:13', 8765, 0, 0): b' 422,19,16,1280,0,19,1,3,5,1,1,-70,0,357,6377,16,0,0 '
Received from ('fd00::200:0:0:10', 8765, 0, 0): b' 423,16,11,1024,0,23,5,6,7,1,2,-70,3,1845,22747,22,0,0 '
Received from ('fd00::200:0:0:a', 8765, 0, 0): b' 423,10,11,1024,0,20,3,3,7,1,1,-52,0,905,9519,18,0,0 '
Received from ('fd00::200:0:0:8', 8765, 0, 0): b' 424,8,3,768,0,37,6,2,7,1,2,-70,2,536,12428,25,0,0 '
Received from ('fd00::200:0:0:4', 8765, 0, 0): b' 424,4,1,512,0,32,9,1,7,1,1,-66,1,585,11377,28,0,0 '
Received from ('fd00::200:0:0:15', 8765, 0, 0): b' 422,21,16,1280,0,20,1,3,4,1,1,-70,0,337,5426,20,0,0 '
Received from ('fd00::200:0:0:6', 8765, 0, 0): b' 424,6,3,768,0,25,6,3,7,1,2,-70,0,430,5848,18,0,0 '
Received from ('fd00::200:0:0:3', 8765, 0, 0): b' 426,3,1,512,0,37,9,9,7,2,1,-64,10,5021,32375,28,0,0 '
Received from ('fd00::200:0:0:d', 8765, 0, 0): b' 426,13,8,1024,10,33,5,2,7,1,2,-70,0,778,9563,23,0,0 '
Received from ('fd00::200:0:0:11', 8765, 0, 0): b' 425,17,16,1280,0,21,1,3,5,1,1,-52,0,584,9144,20,0,0 '
Received from ('fd00::200:0:0:9', 8765, 0, 0): b' 427,9,5,768,0,15,6,4,7,1,2,-52,0,450,8177,14,0,0 '
Received from ('fd00::200:0:0:e', 8765, 0, 0): b' 426,14,11,1024,0,24,6,3,6,1,2,-70,1,332,5840,16,0,0 '
Received from ('fd00::200:0:0:c', 8765, 0, 0): b' 426,12,11,1024,0,31,7,3,7,1,3,-52,0,482,13107,23,0,0 '
Received from ('fd00::200:0:0:7', 8765, 0, 0): b' 427,7,4,768,0,13,5,1,7,1,3,-70,0,557,8810,11,0,0 '
Received from ('fd00::200:0:0:12', 8765, 0, 0): b' 427,18,14,1280,10,10,4,4,3,1,1,-52,0,373,7354,13,0,0 '
Received from ('fd00::200:0:0:13', 8765, 0, 0): b' 427,19,16,1280,0,19,1,3,5,1,1,-70,0,322,4902,16,0,0 '
Received from ('fd00::200:0:0:d', 8765, 0, 0): b' 430,13,8,1024,10,33,5,2,7,1,2,-70,0,359,5013,23,0,0 '
Received from ('fd00::200:0:0:b', 8765, 0, 0): b' 430,11,3,768,0,36,5,5,7,1,1,-95,8,3870,31703,26,0,0 '
Received from ('fd00::200:0:0:2', 8765, 0, 0): b' 431,2,1,512,0,35,11,1,6,1,1,-88,0,1031,12797,29,0,0 '
Received from ('fd00::200:0:0:1', 5678, 0, 0): b' 431,1,0,256,0,21,0,0,4,0,0,0,10,2458,28276,368,0,0 '
Received from ('fd00::200:0:0:5', 8765, 0, 0): b' 431,5,1,512,0,38,11,1,6,1,1,-94,1,842,12950,28,0,0 '
Received from ('fd00::200:0:0:10', 8765, 0, 0): b' 431,16,11,1024,0,24,5,6,7,1,2,-70,3,1610,18346,22,0,0 '
Received from ('fd00::200:0:0:4', 8765, 0, 0): b' 432,4,1,512,0,33,10,1,7,1,1,-66,1,1013,12602,29,0,0 '
Received from ('fd00::200:0:0:a', 8765, 0, 0): b' 430,10,11,1024,0,20,3,3,7,1,1,-52,0,491,7811,18,0,0 '
Received from ('fd00::200:0:0:13', 8765, 0, 0): b' 431,19,16,1280,0,19,1,3,5,1,1,-70,0,252,4359,16,0,0 '
Received from ('fd00::200:0:0:15', 8765, 0, 0): b' 431,21,16,1280,10,20,1,3,4,1,1,-70,0,412,10259,20,0,0 '
Received from ('fd00::200:0:0:d', 8765, 0, 0): b' 434,13,8,1024,0,33,5,2,7,1,2,-70,0,383,5986,23,0,0 '
Received from ('fd00::200:0:0:7', 8765, 0, 0): b' 435,7,4,768,0,13,6,1,7,1,3,-70,0,433,7443,12,0,0 '
Received from ('fd00::200:0:0:8', 8765, 0, 0): b' 435,8,3,768,0,38,6,2,7,1,2,-70,2,1077,23201,26,0,0 '
Received from ('fd00::200:0:0:c', 8765, 0, 0): b' 434,12,11,1024,0,31,7,3,7,1,3,-52,0,357,11941,24,0,0 '
Received from ('fd00::200:0:0:6', 8765, 0, 0): b' 435,6,3,768,0,25,6,3,7,1,2,-70,0,442,10511,18,0,0 '
Received from ('fd00::200:0:0:11', 8765, 0, 0): b' 435,17,16,1280,0,21,1,3,5,1,1,-52,0,453,8669,21,0,0 '
Received from ('fd00::200:0:0:3', 8765, 0, 0): b' 435,3,1,512,0,38,10,9,7,2,1,-64,10,4650,29727,29,0,0 '
Received from ('fd00::200:0:0:e', 8765, 0, 0): b' 436,14,11,1024,0,25,6,3,6,1,2,-70,1,939,12218,17,0,0 '
Received from ('fd00::200:0:0:9', 8765, 0, 0): b' 437,9,5,768,0,15,7,4,7,1,2,-52,0,554,9811,15,0,0 '
Received from ('fd00::200:0:0:b', 8765, 0, 0): b' 437,11,3,768,10,36,5,5,7,1,1,-95,8,2689,19865,26,0,0 '
Received from ('fd00::200:0:0:2', 8765, 0, 0): b' 437,2,1,512,0,36,11,1,6,1,1,-88,0,447,8363,29,0,0 '
Received from ('fd00::200:0:0:13', 8765, 0, 0): b' 437,19,16,1280,0,19,1,3,5,1,1,-70,0,332,5982,17,0,0 '
Received from ('fd00::200:0:0:12', 8765, 0, 0): b' 438,18,14,1280,0,11,4,4,3,1,1,-52,0,824,10073,14,0,0 '
Received from ('fd00::200:0:0:8', 8765, 0, 0): b' 439,8,3,768,10,38,6,2,7,1,2,-70,2,586,8458,27,0,0 '
Received from ('fd00::200:0:0:10', 8765, 0, 0): b' 439,16,11,1024,0,24,5,6,7,1,2,-70,3,1872,18914,23,0,0 '
Received from ('fd00::200:0:0:e', 8765, 0, 0): b' 440,14,11,1024,0,25,6,3,6,1,2,-70,1,455,5120,17,0,0 '
Received from ('fd00::200:0:0:9', 8765, 0, 0): b' 440,9,5,768,0,15,7,4,7,1,2,-52,0,249,3992,15,0,0 '
Received from ('fd00::200:0:0:1', 5678, 0, 0): b' 441,1,0,256,0,21,0,0,4,0,0,0,10,2347,26144,384,0,0 '
Received from ('fd00::200:0:0:7', 8765, 0, 0): b' 441,7,4,768,0,14,6,1,7,1,3,-70,0,639,6328,12,0,0 '
Received from ('fd00::200:0:0:c', 8765, 0, 0): b' 441,12,11,1024,0,31,7,3,7,1,3,-52,0,426,9571,24,0,0 '
Received from ('fd00::200:0:0:5', 8765, 0, 0): b' 442,5,1,512,0,38,11,1,6,1,1,-94,1,1057,17533,29,0,0 '
Received from ('fd00::200:0:0:2', 8765, 0, 0): b' 441,2,1,512,0,36,11,1,6,1,1,-88,0,274,5672,29,0,0 '
Received from ('fd00::200:0:0:b', 8765, 0, 0): b' 442,11,3,768,0,36,5,5,7,1,1,-95,8,1584,15271,27,0,0 '
Received from ('fd00::200:0:0:6', 8765, 0, 0): b' 443,6,3,768,0,25,6,3,7,1,2,-70,0,330,6788,19,0,0 '
Received from ('fd00::200:0:0:a', 8765, 0, 0): b' 442,10,11,1024,0,22,3,3,7,1,1,-52,0,898,13823,19,0,0 '
Received from ('fd00::200:0:0:4', 8765, 0, 0): b' 444,4,1,512,0,33,10,1,7,1,1,-66,1,1052,18218,29,0,0 '
Received from ('fd00::200:0:0:15', 8765, 0, 0): b' 443,21,16,1280,0,21,1,3,4,1,1,-70,0,1066,14309,21,0,0 '
Received from ('fd00::200:0:0:13', 8765, 0, 0): b' 443,19,16,1280,0,19,1,3,5,1,1,-70,0,276,5494,17,0,0 '
Received from ('fd00::200:0:0:d', 8765, 0, 0): b' 444,13,8,1024,0,33,5,2,7,1,2,-70,0,408,12118,24,0,0 '
Received from ('fd00::200:0:0:e', 8765, 0, 0): b' 444,14,11,1024,0,25,6,3,6,1,2,-70,1,308,5223,17,0,0 '
Received from ('fd00::200:0:0:11', 8765, 0, 0): b' 444,17,16,1280,0,21,1,3,5,1,1,-52,0,421,8790,21,0,0 '
Received from ('fd00::200:0:0:10', 8765, 0, 0): b' 446,16,11,1024,0,24,5,6,7,1,2,-70,3,996,13174,23,0,0 '
Received from ('fd00::200:0:0:12', 8765, 0, 0): b' 446,18,14,1280,0,11,4,4,3,1,1,-52,0,454,7403,15,0,0 '
Received from ('fd00::200:0:0:9', 8765, 0, 0): b' 446,9,5,768,0,15,7,4,7,1,2,-52,0,273,5483,15,0,0 '
Received from ('fd00::200:0:0:6', 8765, 0, 0): b' 447,6,3,768,0,26,7,3,7,1,2,-70,0,757,4695,19,0,0 '
Received from ('fd00::200:0:0:3', 8765, 0, 0): b' 447,3,1,512,0,39,10,10,7,2,1,-64,10,5063,32386,30,0,0 '
Received from ('fd00::200:0:0:8', 8765, 0, 0): b' 448,8,3,768,10,39,7,2,7,1,2,-70,2,896,18057,27,0,0 '
Received from ('fd00::200:0:0:2', 8765, 0, 0): b' 450,2,1,512,0,36,11,1,6,1,1,-88,0,349,8747,30,0,0 '
Received from ('fd00::200:0:0:b', 8765, 0, 0): b' 449,11,3,768,20,36,6,5,7,1,1,-95,8,2470,20045,27,0,0 '
Received from ('fd00::200:0:0:d', 8765, 0, 0): b' 450,13,8,1024,0,33,5,2,7,1,2,-70,0,276,6589,24,0,0 '
Received from ('fd00::200:0:0:5', 8765, 0, 0): b' 450,5,1,512,0,38,11,1,6,1,1,-94,1,679,11271,29,0,0 '
Received from ('fd00::200:0:0:10', 8765, 0, 0): b' 450,16,11,1024,0,24,5,6,7,1,2,-70,3,747,10248,24,0,0 '
Received from ('fd00::200:0:0:7', 8765, 0, 0): b' 451,7,4,768,0,14,6,1,7,1,3,-70,0,516,10001,13,0,0 '
Received from ('fd00::200:0:0:e', 8765, 0, 0): b' 451,14,11,1024,0,25,6,3,6,1,2,-70,1,706,9321,18,0,0 '
Received from ('fd00::200:0:0:c', 8765, 0, 0): b' 452,12,11,1024,0,31,7,3,7,1,3,-52,0,505,15932,25,0,0 '
Received from ('fd00::200:0:0:1', 5678, 0, 0): b' 453,1,0,256,0,21,0,0,4,0,0,0,10,2605,30450,400,0,0 '
Received from ('fd00::200:0:0:4', 8765, 0, 0): b' 453,4,1,512,0,33,10,1,7,1,1,-66,1,864,14169,30,0,0 '
Received from ('fd00::200:0:0:11', 8765, 0, 0): b' 451,17,16,1280,0,21,1,3,5,1,1,-52,0,356,6865,22,0,0 '
Received from ('fd00::200:0:0:a', 8765, 0, 0): b' 452,10,11,1024,0,22,3,3,7,1,1,-52,0,381,11716,20,0,0 '
Received from ('fd00::200:0:0:8', 8765, 0, 0): b' 454,8,3,768,10,39,7,2,7,1,2,-70,2,761,12697,28,0,0 '
Received from ('fd00::200:0:0:13', 8765, 0, 0): b' 454,19,16,1280,0,19,1,3,5,1,1,-70,0,477,9307,18,0,0 '
Received from ('fd00::200:0:0:6', 8765, 0, 0): b' 455,6,3,768,0,26,7,3,7,1,2,-70,0,460,7820,20,0,0 '
Received from ('fd00::200:0:0:5', 8765, 0, 0): b' 456,5,1,512,0,39,11,1,6,1,1,-94,1,602,8175,30,0,0 '
Received from ('fd00::200:0:0:12', 8765, 0, 0): b' 454,18,14,1280,0,11,4,4,3,1,1,-52,0,397,7880,15,0,0 '
Received from ('fd00::200:0:0:15', 8765, 0, 0): b' 454,21,16,1280,0,21,1,3,4,1,1,-70,0,531,13311,22,0,0 '
Received from ('fd00::200:0:0:d', 8765, 0, 0): b' 456,13,8,1024,0,33,5,2,7,1,2,-70,0,359,7270,25,0,0 '
Received from ('fd00::200:0:0:10', 8765, 0, 0): b' 456,16,11,1024,0,24,5,6,7,1,2,-70,3,1115,12453,24,0,0 '
Received from ('fd00::200:0:0:1', 5678, 0, 0): b' 457,1,0,256,0,21,0,0,4,0,0,0,10,807,10746,402,0,0 '
Received from ('fd00::200:0:0:9', 8765, 0, 0): b' 457,9,5,768,0,15,7,4,7,1,2,-52,0,498,10992,16,0,0 '
Received from ('fd00::200:0:0:11', 8765, 0, 0): b' 458,17,16,1280,0,21,1,3,5,1,1,-52,0,276,5583,22,0,0 '
Received from ('fd00::200:0:0:3', 8765, 0, 0): b' 459,3,1,512,10,39,10,10,7,2,1,-64,10,4763,31774,30,0,0 '
Received from ('fd00::200:0:0:b', 8765, 0, 0): b' 459,11,3,768,10,36,6,5,7,1,1,-95,8,2805,25506,28,0,0 '
Received from ('fd00::200:0:0:5', 8765, 0, 0): b' 460,5,1,512,0,39,11,1,6,1,1,-94,1,449,6090,30,0,0 '
Received from ('fd00::200:0:0:2', 8765, 0, 0): b' 460,2,1,512,0,36,11,1,6,1,1,-88,0,564,12506,31,0,0 '
Received from ('fd00::200:0:0:12', 8765, 0, 0): b' 459,18,14,1280,0,12,4,4,3,1,1,-52,0,377,5243,15,0,0 '
Received from ('fd00::200:0:0:7', 8765, 0, 0): b' 461,7,4,768,0,14,6,1,7,1,3,-70,0,392,9354,13,0,0 '
Received from ('fd00::200:0:0:13', 8765, 0, 0): b' 460,19,16,1280,0,19,1,3,5,1,1,-70,0,300,6395,18,0,0 '
Received from ('fd00::200:0:0:4', 8765, 0, 0): b' 462,4,1,512,0,33,10,1,7,1,1,-66,1,628,13540,31,0,0 '
Received from ('fd00::200:0:0:c', 8765, 0, 0): b' 461,12,11,1024,0,31,7,3,7,1,3,-52,0,301,12377,25,0,0 '
Received from ('fd00::200:0:0:10', 8765, 0, 0): b' 461,16,11,1024,10,24,5,6,7,1,2,-70,3,740,9960,24,0,0 '
Received from ('fd00::200:0:0:e', 8765, 0, 0): b' 461,14,11,1024,0,26,6,3,6,1,2,-70,1,1024,12657,18,0,0 '
Received from ('fd00::200:0:0:a', 8765, 0, 0): b' 461,10,11,1024,0,24,3,3,7,1,1,-52,0,955,10666,20,0,0 '
Received from ('fd00::200:0:0:15', 8765, 0, 0): b' 461,21,16,1280,0,21,1,3,4,1,1,-70,0,277,7136,22,0,0 '
Received from ('fd00::200:0:0:8', 8765, 0, 0): b' 464,8,3,768,10,39,7,2,7,1,2,-70,2,668,19213,28,0,0 '
Received from ('fd00::200:0:0:11', 8765, 0, 0): b' 463,17,16,1280,0,22,1,3,5,1,1,-52,0,308,4976,23,0,0 '
Received from ('fd00::200:0:0:d', 8765, 0, 0): b' 466,13,8,1024,0,33,5,2,7,1,2,-70,0,420,11726,25,0,0 '
Received from ('fd00::200:0:0:10', 8765, 0, 0): b' 465,16,11,1024,0,25,5,6,7,1,2,-70,3,1193,10878,25,0,0 '
Received from ('fd00::200:0:0:6', 8765, 0, 0): b' 466,6,3,768,0,26,7,3,7,1,2,-70,0,442,10300,20,0,0 '
Received from ('fd00::200:0:0:12', 8765, 0, 0): b' 467,18,14,1280,0,13,4,4,4,1,1,-52,0,457,7423,16,0,0 '
Received from ('fd00::200:0:0:1', 5678, 0, 0): b' 468,1,0,256,0,21,0,0,4,0,0,0,10,2427,28649,419,0,0 '
Received from ('fd00::200:0:0:b', 8765, 0, 0): b' 469,11,3,768,20,37,6,5,7,1,1,-95,8,3970,28926,29,0,0 '
Received from ('fd00::200:0:0:4', 8765, 0, 0): b' 468,4,1,512,0,33,10,1,7,1,1,-66,1,594,10650,31,0,0 '
Received from ('fd00::200:0:0:a', 8765, 0, 0): b' 468,10,11,1024,0,25,3,3,7,1,1,-52,0,565,8786,21,0,0 '
Received from ('fd00::200:0:0:7', 8765, 0, 0): b' 469,7,4,768,0,14,6,1,7,1,3,-70,0,478,8029,14,0,0 '
Received from ('fd00::200:0:0:e', 8765, 0, 0): b' 469,14,11,1024,0,26,6,3,6,1,2,-70,1,615,9937,19,0,0 '
Received from ('fd00::200:0:0:9', 8765, 0, 0): b' 470,9,5,768,0,16,7,4,7,1,2,-52,0,606,10649,17,0,0 '
Received from ('fd00::200:0:0:2', 8765, 0, 0): b' 469,2,1,512,0,36,11,1,6,1,1,-88,0,420,11762,31,0,0 '
Received from ('fd00::200:0:0:15', 8765, 0, 0): b' 469,21,16,1280,0,22,1,3,5,1,1,-70,0,554,9973,23,0,0 '
Received from ('fd00::200:0:0:5', 8765, 0, 0): b' 470,5,1,512,0,39,11,1,6,1,1,-94,1,886,16819,31,0,0 '
Received from ('fd00::200:0:0:d', 8765, 0, 0): b' 471,13,8,1024,0,35,5,2,7,1,2,-70,0,787,6549,26,0,0 '
Received from ('fd00::200:0:0:3', 8765, 0, 0): b' 470,3,1,512,0,39,10,10,7,2,1,-64,10,5352,33770,31,0,0 '
Received from ('fd00::200:0:0:13', 8765, 0, 0): b' 470,19,16,1280,0,22,1,3,6,1,1,-70,0,893,10194,19,0,0 '
Received from ('fd00::200:0:0:c', 8765, 0, 0): b' 471,12,11,1024,0,33,7,4,7,1,3,-52,0,766,16761,26,0,0 '
Received from ('fd00::200:0:0:11', 8765, 0, 0): b' 473,17,16,1280,0,23,1,3,6,1,1,-52,0,623,9326,23,0,0 '
Received from ('fd00::200:0:0:1', 5678, 0, 0): b' 473,1,0,256,0,21,0,0,4,0,0,0,10,882,12624,421,0,0 '
Received from ('fd00::200:0:0:8', 8765, 0, 0): b' 473,8,3,768,0,40,7,2,7,1,2,-70,2,1241,20976,29,0,0 '
Received from ('fd00::200:0:0:a', 8765, 0, 0): b' 473,10,11,1024,0,25,3,3,7,1,1,-52,0,252,5486,21,0,0 '
Received from ('fd00::200:0:0:10', 8765, 0, 0): b' 473,16,11,1024,0,26,5,6,7,1,2,-70,3,1354,17289,25,0,0 '
Received from ('fd00::200:0:0:15', 8765, 0, 0): b' 476,21,16,1280,0,23,1,3,5,1,1,-70,0,405,7637,23,0,0 '
Received from ('fd00::200:0:0:2', 8765, 0, 0): b' 475,2,1,512,0,36,11,1,6,1,1,-88,0,378,7822,32,0,0 '
Received from ('fd00::200:0:0:e', 8765, 0, 0): b' 475,14,11,1024,0,26,7,3,6,1,2,-70,1,468,8094,19,0,0 '
Received from ('fd00::200:0:0:b', 8765, 0, 0): b' 476,11,3,768,0,39,6,5,7,1,1,-95,8,2875,21798,29,0,0 '
Received from ('fd00::200:0:0:6', 8765, 0, 0): b' 477,6,3,768,0,26,7,3,7,1,2,-70,0,499,11204,21,0,0 '
Received from ('fd00::200:0:0:d', 8765, 0, 0): b' 478,13,8,1024,0,35,5,2,7,1,2,-70,0,610,9480,26,0,0 '
Received from ('fd00::200:0:0:13', 8765, 0, 0): b' 477,19,16,1280,0,22,1,3,6,1,1,-70,1,810,6912,19,0,0 '
Received from ('fd00::200:0:0:5', 8765, 0, 0): b' 479,5,1,512,0,39,11,1,6,1,1,-94,1,439,12904,31,0,0 '
Received from ('fd00::200:0:0:9', 8765, 0, 0): b' 479,9,5,768,0,18,7,4,7,1,2,-52,0,623,9294,17,0,0 '
Received from ('fd00::200:0:0:4', 8765, 0, 0): b' 478,4,1,512,0,36,10,1,7,1,1,-66,1,1086,16246,32,0,0 '
Received from ('fd00::200:0:0:c', 8765, 0, 0): b' 478,12,11,1024,0,34,8,5,7,1,3,-52,0,486,9820,26,0,0 '
Received from ('fd00::200:0:0:7', 8765, 0, 0): b' 480,7,4,768,0,16,6,1,7,1,3,-70,0,620,10491,14,0,0 '
Received from ('fd00::200:0:0:1', 5678, 0, 0): b' 480,1,0,256,0,21,0,0,4,0,0,0,10,1414,17895,429,0,0 '
Received from ('fd00::200:0:0:a', 8765, 0, 0): b' 478,10,11,1024,0,26,4,3,7,1,1,-52,0,513,6663,22,0,0 '
Received from ('fd00::200:0:0:b', 8765, 0, 0): b' 480,11,3,768,40,39,6,5,7,1,1,-95,9,2158,15163,29,0,0 '
Received from ('fd00::200:0:0:3', 8765, 0, 0): b' 481,3,1,512,0,40,10,10,7,2,1,-64,10,4674,30592,32,0,0 '
Received from ('fd00::200:0:0:10', 8765, 0, 0): b' 479,16,11,1024,0,27,6,6,7,1,2,-70,4,1489,14357,26,0,0 '
Received from ('fd00::200:0:0:12', 8765, 0, 0): b' 479,18,14,1280,10,14,4,4,4,1,1,-52,0,644,11152,17,0,0 '
Received from ('fd00::200:0:0:8', 8765, 0, 0): b' 482,8,3,768,0,42,7,2,7,1,2,-70,2,1288,20294,29,0,0 '
Received from ('fd00::200:0:0:11', 8765, 0, 0): b' 480,17,16,1280,10,25,2,3,6,1,1,-52,0,558,7534,24,0,0 '
Received from ('fd00::200:0:0:15', 8765, 0, 0): b' 481,21,16,1280,0,23,2,3,5,1,1,-70,0,356,7585,23,0,0 '
Received from ('fd00::200:0:0:2', 8765, 0, 0): b' 485,2,1,512,0,37,11,1,6,1,1,-88,0,423,9857,32,0,0 '
Received from ('fd00::200:0:0:13', 8765, 0, 0): b' 483,19,16,1280,0,22,2,3,6,1,1,-70,1,520,6215,20,0,0 '
Received from ('fd00::200:0:0:e', 8765, 0, 0): b' 483,14,11,1024,0,26,7,3,6,1,2,-70,1,805,10144,20,0,0 '
Received from ('fd00::200:0:0:c', 8765, 0, 0): b' 485,12,11,1024,0,35,8,5,7,1,3,-52,0,582,10919,27,0,0 '
Received from ('fd00::200:0:0:10', 8765, 0, 0): b' 486,16,11,1024,0,28,6,7,7,1,2,-70,4,1655,15812,26,0,0 '
Received from ('fd00::200:0:0:a', 8765, 0, 0): b' 486,10,11,1024,0,27,4,3,7,1,1,-52,0,498,9101,22,0,0 '
Received from ('fd00::200:0:0:4', 8765, 0, 0): b' 486,4,1,512,0,37,11,1,7,1,1,-66,1,895,11795,32,0,0 '
Received from ('fd00::200:0:0:15', 8765, 0, 0): b' 486,21,16,1280,0,24,2,3,5,1,1,-70,0,461,6738,24,0,0 '
Received from ('fd00::200:0:0:5', 8765, 0, 0): b' 487,5,1,512,10,39,12,1,6,1,1,-94,1,1002,13183,32,0,0 '
Received from ('fd00::200:0:0:13', 8765, 0, 0): b' 487,19,16,1280,0,22,2,3,6,1,1,-70,1,252,4488,20,0,0 '
Received from ('fd00::200:0:0:12', 8765, 0, 0): b' 488,18,14,1280,0,15,4,4,4,1,1,-52,0,524,8168,17,0,0 '
Received from ('fd00::200:0:0:3', 8765, 0, 0): b' 488,3,1,512,0,40,11,10,7,2,1,-64,10,3435,20051,32,0,0 '
Received from ('fd00::200:0:0:d', 8765, 0, 0): b' 488,13,8,1024,0,36,5,2,7,1,2,-70,0,508,12241,27,0,0 '
Received from ('fd00::200:0:0:b', 8765, 0, 0): b' 488,11,3,768,0,41,6,5,7,1,1,-95,9,3297,23243,30,0,0 '
Received from ('fd00::200:0:0:1', 5678, 0, 0): b' 490,1,0,256,0,22,0,0,4,0,0,0,10,2396,24985,439,0,0 '
Received from ('fd00::200:0:0:6', 8765, 0, 0): b' 489,6,3,768,0,27,7,3,7,1,2,-70,0,820,11148,22,0,0 '
Received from ('fd00::200:0:0:11', 8765, 0, 0): b' 489,17,16,1280,0,27,2,3,6,1,1,-52,0,1097,9789,24,0,0 '
Received from ('fd00::200:0:0:2', 8765, 0, 0): b' 490,2,1,512,10,38,12,1,6,1,1,-88,0,726,7410,33,0,0 '
Received from ('fd00::200:0:0:9', 8765, 0, 0): b' 490,9,5,768,0,20,7,4,7,1,2,-52,0,676,10391,18,0,0 '
Received from ('fd00::200:0:0:e', 8765, 0, 0): b' 490,14,11,1024,0,28,7,3,6,1,2,-70,1,952,9089,20,0,0 '
Received from ('fd00::200:0:0:7', 8765, 0, 0): b' 491,7,4,768,0,18,6,1,7,1,3,-70,0,701,10969,15,0,0 '
Received from ('fd00::200:0:0:5', 8765, 0, 0): b' 492,5,1,512,0,39,12,1,6,1,1,-94,1,381,6759,32,0,0 '
Received from ('fd00::200:0:0:10', 8765, 0, 0): b' 491,16,11,1024,0,29,6,7,7,1,2,-70,4,1067,12433,27,0,0 '
Received from ('fd00::200:0:0:13', 8765, 0, 0): b' 491,19,16,1280,0,23,2,3,6,1,1,-70,1,353,4143,20,0,0 '
Received from ('fd00::200:0:0:c', 8765, 0, 0): b' 492,12,11,1024,0,36,8,5,7,1,3,-52,0,379,10311,27,0,0 '
Received from ('fd00::200:0:0:8', 8765, 0, 0): b' 494,8,3,768,0,43,7,3,7,1,2,-70,2,1080,23881,30,0,0 '
Received from ('fd00::200:0:0:15', 8765, 0, 0): b' 493,21,16,1280,0,25,2,3,5,1,1,-70,0,377,7938,24,0,0 '
Received from ('fd00::200:0:0:2', 8765, 0, 0): b' 496,2,1,512,0,38,12,1,6,1,1,-88,0,382,6496,33,0,0 '
Received from ('fd00::200:0:0:6', 8765, 0, 0): b' 495,6,3,768,0,27,7,3,7,1,2,-70,0,572,6040,22,0,0 '
Received from ('fd00::200:0:0:a', 8765, 0, 0): b' 495,10,11,1024,0,28,4,3,7,1,1,-52,0,513,10687,23,0,0 '
Received from ('fd00::200:0:0:9', 8765, 0, 0): b' 495,9,5,768,0,21,7,4,7,1,2,-52,0,375,4901,18,0,0 '
Received from ('fd00::200:0:0:7', 8765, 0, 0): b' 496,7,4,768,0,18,6,1,7,1,3,-70,0,274,4727,15,0,0 '
Received from ('fd00::200:0:0:13', 8765, 0, 0): b' 496,19,16,1280,0,24,2,3,6,1,1,-70,1,433,5005,21,0,0 '
Received from ('fd00::200:0:0:5', 8765, 0, 0): b' 497,5,1,512,10,40,12,1,6,1,1,-94,1,737,8469,33,0,0 '
Received from ('fd00::200:0:0:10', 8765, 0, 0): b' 497,16,11,1024,0,31,6,7,7,1,2,-70,4,1479,11998,27,0,0 '
Received from ('fd00::200:0:0:4', 8765, 0, 0): b' 497,4,1,512,0,39,11,1,7,1,1,-66,1,1207,16978,33,0,0 '
Received from ('fd00::200:0:0:e', 8765, 0, 0): b' 497,14,11,1024,0,28,7,3,6,1,2,-70,1,646,8504,21,0,0 '
Received from ('fd00::200:0:0:1', 5678, 0, 0): b' 498,1,0,256,0,22,0,0,4,0,0,0,10,2058,22933,454,0,0 '
Received from ('fd00::200:0:0:12', 8765, 0, 0): b' 497,18,14,1280,10,16,5,4,4,1,1,-52,0,640,9087,18,0,0 '
Received from ('fd00::200:0:0:3', 8765, 0, 0): b' 498,3,1,512,20,41,11,10,7,2,1,-64,10,4833,29414,33,0,0 '
Received from ('fd00::200:0:0:d', 8765, 0, 0): b' 497,13,8,1024,0,38,6,2,7,1,2,-70,0,759,12345,28,0,0 '
Received from ('fd00::200:0:0:8', 8765, 0, 0): b' 499,8,3,768,0,44,7,3,7,1,2,-70,2,816,9508,31,0,0 '
Received from ('fd00::200:0:0:11', 8765, 0, 0): b' 498,17,16,1280,0,28,2,3,6,1,1,-52,0,565,7999,25,0,0 '
Received from ('fd00::200:0:0:b', 8765, 0, 0): b' 499,11,3,768,10,42,6,5,7,1,1,-95,9,4008,30141,31,0,0 '
Received from ('fd00::200:0:0:a', 8765, 0, 0): b' 499,10,11,1024,0,28,4,3,7,1,1,-52,0,253,4920,23,0,0 '
Received from ('fd00::200:0:0:15', 8765, 0, 0): b' 498,21,16,1280,0,26,2,3,5,1,1,-70,0,433,7272,25,0,0 '
Received from ('fd00::200:0:0:6', 8765, 0, 0): b' 502,6,3,768,0,28,7,3,7,1,2,-70,0,611,6967,23,0,0 '
Received from ('fd00::200:0:0:13', 8765, 0, 0): b' 502,19,16,1280,0,24,2,3,6,1,1,-70,1,276,5669,21,0,0 '
Received from ('fd00::200:0:0:e', 8765, 0, 0): b' 503,14,11,1024,0,29,7,3,6,1,2,-70,1,607,7971,21,0,0 '
Received from ('fd00::200:0:0:c', 8765, 0, 0): b' 503,12,11,1024,0,38,8,5,7,1,3,-52,0,845,16301,28,0,0 '
Received from ('fd00::200:0:0:3', 8765, 0, 0): b' 504,3,1,512,10,42,11,10,7,2,1,-64,10,2196,14678,33,0,0 '
Received from ('fd00::200:0:0:2', 8765, 0, 0): b' 505,2,1,512,0,38,12,1,6,1,1,-88,0,494,11434,34,0,0 '
Received from ('fd00::200:0:0:a', 8765, 0, 0): b' 504,10,11,1024,0,28,4,3,7,1,1,-52,0,276,6859,23,0,0 '
Received from ('fd00::200:0:0:7', 8765, 0, 0): b' 506,7,4,768,0,20,6,1,7,1,3,-70,0,555,9150,16,0,0 '
Received from ('fd00::200:0:0:8', 8765, 0, 0): b' 506,8,3,768,0,44,7,3,7,1,2,-70,2,480,15612,31,0,0 '
Received from ('fd00::200:0:0:5', 8765, 0, 0): b' 507,5,1,512,0,41,12,1,6,1,1,-94,1,661,13845,33,0,0 '
Received from ('fd00::200:0:0:11', 8765, 0, 0): b' 505,17,16,1280,0,28,2,3,6,1,1,-52,0,373,6844,25,0,0 '
Received from ('fd00::200:0:0:1', 5678, 0, 0): b' 507,1,0,256,0,22,0,0,4,0,0,0,10,1653,21517,461,0,0 '
Received from ('fd00::200:0:0:12', 8765, 0, 0): b' 506,18,14,1280,0,16,5,4,4,1,1,-52,0,381,8220,19,0,0 '
Received from ('fd00::200:0:0:9', 8765, 0, 0): b' 507,9,5,768,0,22,7,4,7,1,2,-52,0,599,11114,19,0,0 '
Received from ('fd00::200:0:0:4', 8765, 0, 0): b' 508,4,1,512,20,40,11,1,7,1,1,-66,1,908,15558,34,0,0 '
Received from ('fd00::200:0:0:14', 8765, 0, 0): b' 463,20,19,1664,20,0,1,8,3,0,1,-52,0,462,149514,0,0,0 '
Received from ('fd00::200:0:0:b', 8765, 0, 0): b' 508,11,3,768,30,43,7,5,7,1,1,-95,9,3034,26378,31,0,0 '
Received from ('fd00::200:0:0:10', 8765, 0, 0): b' 508,16,11,1024,10,32,6,7,7,1,2,-70,4,2560,27623,28,0,0 '
Received from ('fd00::200:0:0:d', 8765, 0, 0): b' 509,13,8,1024,10,40,6,2,7,1,2,-70,0,1253,13981,28,0,0 '
Received from ('fd00::200:0:0:c', 8765, 0, 0): b' 508,12,11,1024,0,39,8,5,7,1,3,-52,0,410,7839,29,0,0 '
Received from ('fd00::200:0:0:2', 8765, 0, 0): b' 510,2,1,512,0,38,12,1,6,1,1,-88,0,275,6297,34,0,0 '
Received from ('fd00::200:0:0:14', 8765, 0, 0): b' 467,20,19,1664,60,1,2,8,3,0,1,-52,0,872,4211,0,0,0 '
Received from ('fd00::200:0:0:15', 8765, 0, 0): b' 508,21,16,1280,0,27,2,3,5,1,1,-70,0,550,11431,25,0,0 '
Received from ('fd00::200:0:0:14', 8765, 0, 0): b' 475,20,19,1664,70,2,2,8,3,0,1,-52,0,1001,7192,0,0,0 '
Received from ('fd00::200:0:0:8', 8765, 0, 0): b' 511,8,3,768,10,46,8,3,7,1,2,-70,2,769,9587,31,0,0 '
Received from ('fd00::200:0:0:6', 8765, 0, 0): b' 511,6,3,768,0,29,8,3,7,1,2,-70,0,544,9264,23,0,0 '
Received from ('fd00::200:0:0:4', 8765, 0, 0): b' 513,4,1,512,0,40,11,1,7,1,1,-66,1,525,7201,34,0,0 '
Received from ('fd00::200:0:0:14', 8765, 0, 0): b' 483,20,16,1408,60,3,4,8,6,0,2,-52,0,799,6161,0,0,0 '
Received from ('fd00::200:0:0:14', 8765, 0, 0): b' 487,20,16,1408,90,3,4,8,6,0,2,-52,0,672,5306,0,0,0 '
Received from ('fd00::200:0:0:14', 8765, 0, 0): b' 494,20,16,1408,90,4,4,8,6,0,2,-52,0,434,6149,0,0,0 '
Received from ('fd00::200:0:0:1', 5678, 0, 0): b' 514,1,0,256,0,22,0,0,4,0,0,0,10,1766,18023,474,0,0 '
Received from ('fd00::200:0:0:14', 8765, 0, 0): b' 503,20,16,1408,70,5,4,8,6,0,2,-52,0,867,7368,1,0,0 '
Received from ('fd00::200:0:0:d', 8765, 0, 0): b' 513,13,8,1024,0,40,6,2,7,1,2,-70,0,362,5857,29,0,0 '
Received from ('fd00::200:0:0:7', 8765, 0, 0): b' 514,7,4,768,0,21,7,1,7,1,3,-70,0,689,8956,17,0,0 '
Received from ('fd00::200:0:0:10', 8765, 0, 0): b' 512,16,11,1024,10,32,6,7,7,1,2,-70,4,2015,14434,28,0,0 '
Received from ('fd00::200:0:0:5', 8765, 0, 0): b' 515,5,1,512,0,41,12,1,6,1,1,-94,1,839,12633,34,0,0 '
Received from ('fd00::200:0:0:12', 8765, 0, 0): b' 512,18,14,1280,10,16,5,4,4,1,1,-52,0,276,6498,19,0,0 '
Received from ('fd00::200:0:0:3', 8765, 0, 0): b' 516,3,1,512,0,42,11,10,7,2,1,-64,10,6326,35545,34,0,0 '
Received from ('fd00::200:0:0:a', 8765, 0, 0): b' 513,10,11,1024,0,29,4,3,7,1,1,-52,0,578,10982,24,0,0 '
Received from ('fd00::200:0:0:13', 8765, 0, 0): b' 513,19,16,1280,0,25,2,3,6,1,1,-70,1,578,10507,22,0,0 '
Received from ('fd00::200:0:0:9', 8765, 0, 0): b' 516,9,5,768,0,23,7,4,7,1,2,-52,0,552,8130,20,0,0 '
Received from ('fd00::200:0:0:14', 8765, 0, 0): b' 514,20,16,1280,0,6,4,8,6,1,2,-52,0,1665,11763,2,0,0 '
Received from ('fd00::200:0:0:b', 8765, 0, 0): b' 516,11,3,768,60,45,7,5,7,1,1,-95,9,3852,23697,32,0,0 '
Received from ('fd00::200:0:0:15', 8765, 0, 0): b' 514,21,16,1280,0,27,2,3,5,1,1,-70,0,333,6929,26,0,0 '
Received from ('fd00::200:0:0:e', 8765, 0, 0): b' 513,14,11,1024,0,30,7,3,6,1,2,-70,1,1126,14206,22,0,0 '
Received from ('fd00::200:0:0:1', 5678, 0, 0): b' 518,1,0,256,0,22,0,0,4,0,0,0,10,1055,11649,477,0,0 '
Received from ('fd00::200:0:0:11', 8765, 0, 0): b' 515,17,16,1280,10,29,2,3,6,1,1,-52,0,644,9833,26,0,0 '
Received from ('fd00::200:0:0:13', 8765, 0, 0): b' 518,19,16,1280,0,25,2,3,6,1,1,-70,1,277,4741,22,0,0 '
Received from ('fd00::200:0:0:a', 8765, 0, 0): b' 519,10,11,1024,0,30,4,3,7,1,1,-52,0,644,6670,24,0,0 '
Received from ('fd00::200:0:0:6', 8765, 0, 0): b' 518,6,3,768,10,29,8,3,7,1,2,-70,0,593,7329,24,0,0 '
Received from ('fd00::200:0:0:c', 8765, 0, 0): b' 519,12,11,1024,0,39,8,5,7,1,3,-52,0,473,16253,29,0,0 '
Received from ('fd00::200:0:0:d', 8765, 0, 0): b' 520,13,8,1024,0,40,7,2,7,1,2,-70,0,355,8112,29,0,0 '
Received from ('fd00::200:0:0:2', 8765, 0, 0): b' 521,2,1,512,0,38,12,1,6,1,1,-88,0,494,13024,35,0,0 '
Received from ('fd00::200:0:0:4', 8765, 0, 0): b' 521,4,1,512,0,41,11,1,7,1,1,-66,1,728,12736,35,0,0 '
Received from ('fd00::200:0:0:e', 8765, 0, 0): b' 521,14,11,1024,20,30,8,3,6,1,2,-70,1,390,7344,22,0,0 '
Received from ('fd00::200:0:0:9', 8765, 0, 0): b' 521,9,5,768,0,23,7,4,7,1,2,-52,0,176,4988,20,0,0 '
Received from ('fd00::200:0:0:1', 5678, 0, 0): b' 523,1,0,256,0,22,0,0,4,0,0,0,10,964,11279,481,0,0 '
Received from ('fd00::200:0:0:b', 8765, 0, 0): b' 522,11,3,768,20,45,7,5,7,1,1,-95,9,2699,17765,32,0,0 '
Received from ('fd00::200:0:0:7', 8765, 0, 0): b' 523,7,4,768,0,22,7,1,7,1,3,-70,0,565,8199,17,0,0 '
Received from ('fd00::200:0:0:8', 8765, 0, 0): b' 523,8,3,768,0,46,8,3,7,1,2,-70,2,1270,24835,32,0,0 '
Received from ('fd00::200:0:0:12', 8765, 0, 0): b' 522,18,14,1280,0,17,5,4,4,1,1,-52,0,579,8933,20,0,0 '
Received from ('fd00::200:0:0:14', 8765, 0, 0): b' 523,20,16,1280,0,7,4,8,6,1,2,-52,0,595,8011,2,0,0 '
Received from ('fd00::200:0:0:11', 8765, 0, 0): b' 524,17,16,1280,0,29,2,3,6,1,1,-52,0,301,7224,26,0,0 '
Received from ('fd00::200:0:0:10', 8765, 0, 0): b' 524,16,11,1024,10,33,7,7,7,1,2,-70,4,2676,28076,29,0,0 '
Received from ('fd00::200:0:0:6', 8765, 0, 0): b' 524,6,3,768,0,30,8,3,7,1,2,-70,0,351,5376,24,0,0 '
Received from ('fd00::200:0:0:a', 8765, 0, 0): b' 524,10,11,1024,0,30,5,3,7,1,1,-52,0,519,7016,25,0,0 '
Received from ('fd00::200:0:0:13', 8765, 0, 0): b' 525,19,16,1280,0,25,2,3,6,1,1,-70,1,332,6164,23,0,0 '
Received from ('fd00::200:0:0:5', 8765, 0, 0): b' 527,5,1,512,0,42,12,1,6,1,1,-94,1,1152,17044,35,0,0 '
Received from ('fd00::200:0:0:15', 8765, 0, 0): b' 526,21,16,1280,0,28,2,3,5,1,1,-70,0,1008,14041,26,0,0 '
Received from ('fd00::200:0:0:b', 8765, 0, 0): b' 526,11,3,768,0,46,7,5,7,2,1,-95,9,2357,13849,32,0,0 '
Received from ('fd00::200:0:0:4', 8765, 0, 0): b' 527,4,1,512,0,41,11,1,7,1,1,-66,1,586,8656,35,0,0 '
Received from ('fd00::200:0:0:3', 8765, 0, 0): b' 527,3,1,512,10,43,11,10,7,2,1,-64,10,5944,34565,35,0,0 '
Received from ('fd00::200:0:0:9', 8765, 0, 0): b' 528,9,5,768,0,23,8,4,7,1,2,-52,0,409,5707,21,0,0 '
Received from ('fd00::200:0:0:e', 8765, 0, 0): b' 527,14,11,1024,0,30,8,3,6,1,2,-70,1,805,8914,23,0,0 '
Received from ('fd00::200:0:0:d', 8765, 0, 0): b' 525,13,8,1024,10,41,7,2,7,1,2,-70,0,376,7793,29,0,0 '
Received from ('fd00::200:0:0:c', 8765, 0, 0): b' 528,12,11,1024,0,40,9,5,7,1,3,-52,0,566,13143,30,0,0 '
Received from ('fd00::200:0:0:1', 5678, 0, 0): b' 529,1,0,256,0,22,0,0,4,0,0,0,10,1686,17481,495,0,0 '
Received from ('fd00::200:0:0:7', 8765, 0, 0): b' 530,7,4,768,0,22,7,1,7,1,3,-70,0,329,6598,18,0,0 '
Received from ('fd00::200:0:0:12', 8765, 0, 0): b' 529,18,14,1280,0,18,5,4,4,1,1,-52,0,407,6260,20,0,0 '
Received from ('fd00::200:0:0:14', 8765, 0, 0): b' 529,20,16,1280,0,7,4,8,6,1,2,-52,0,548,6525,3,0,0 '
Received from ('fd00::200:0:0:a', 8765, 0, 0): b' 529,10,11,1024,0,30,5,3,7,1,1,-52,0,411,6270,25,0,0 '
Received from ('fd00::200:0:0:4', 8765, 0, 0): b' 531,4,1,512,0,41,11,1,7,1,1,-66,1,448,6464,35,0,0 '
Received from ('fd00::200:0:0:13', 8765, 0, 0): b' 532,19,16,1280,0,25,2,3,6,1,1,-70,1,276,6026,23,0,0 '
Received from ('fd00::200:0:0:10', 8765, 0, 0): b' 531,16,11,1024,0,33,7,7,7,1,2,-70,4,1583,18368,29,0,0 '
Received from ('fd00::200:0:0:b', 8765, 0, 0): b' 531,11,3,768,10,47,7,5,7,2,1,-95,9,2000,16157,33,0,0 '
Received from ('fd00::200:0:0:9', 8765, 0, 0): b' 533,9,5,768,0,24,8,4,7,1,2,-52,0,464,4511,21,0,0 '
Received from ('fd00::200:0:0:2', 8765, 0, 0): b' 532,2,1,512,0,38,12,1,6,1,1,-88,0,444,12983,35,0,0 '
Received from ('fd00::200:0:0:e', 8765, 0, 0): b' 532,14,11,1024,0,31,8,3,6,1,2,-70,1,555,5931,23,0,0 '
Received from ('fd00::200:0:0:11', 8765, 0, 0): b' 532,17,16,1280,10,30,2,3,6,1,1,-52,0,554,7813,27,0,0 '
Received from ('fd00::200:0:0:15', 8765, 0, 0): b' 532,21,16,1280,0,28,2,3,5,1,1,-70,0,362,7404,27,0,0 '
Received from ('fd00::200:0:0:d', 8765, 0, 0): b' 532,13,8,1024,0,41,7,2,7,1,2,-70,0,360,7166,30,0,0 '
Received from ('fd00::200:0:0:6', 8765, 0, 0): b' 533,6,3,768,0,31,8,3,7,1,2,-70,0,698,8970,25,0,0 '
Received from ('fd00::200:0:0:8', 8765, 0, 0): b' 533,8,3,768,0,46,8,3,7,1,2,-70,2,1163,22141,33,0,0 '
Received from ('fd00::200:0:0:5', 8765, 0, 0): b' 535,5,1,512,0,42,12,1,6,1,1,-94,1,782,11808,35,0,0 '
Received from ('fd00::200:0:0:a', 8765, 0, 0): b' 535,10,11,1024,10,31,5,3,7,1,1,-52,0,381,6819,25,0,0 '
Received from ('fd00::200:0:0:1', 5678, 0, 0): b' 537,1,0,256,0,22,0,0,4,0,0,0,10,1315,18307,498,0,0 '
Received from ('fd00::200:0:0:4', 8765, 0, 0): b' 536,4,1,512,10,41,11,1,7,1,1,-66,1,358,8050,36,0,0 '
Received from ('fd00::200:0:0:12', 8765, 0, 0): b' 536,18,14,1280,0,19,5,4,4,1,1,-52,0,447,6750,20,0,0 '
Received from ('fd00::200:0:0:2', 8765, 0, 0): b' 537,2,1,512,0,38,12,1,6,1,1,-88,0,354,5466,36,0,0 '
Received from ('fd00::200:0:0:3', 8765, 0, 0): b' 538,3,1,512,0,44,11,10,7,2,1,-64,10,4375,30534,35,0,0 '
Received from ('fd00::200:0:0:7', 8765, 0, 0): b' 538,7,4,768,0,23,7,1,7,1,3,-70,0,398,8151,18,0,0 '
Received from ('fd00::200:0:0:15', 8765, 0, 0): b' 537,21,16,1280,0,28,2,3,5,1,1,-70,0,252,6100,27,0,0 '
Received from ('fd00::200:0:0:c', 8765, 0, 0): b' 538,12,11,1024,0,42,9,5,7,1,3,-52,0,680,13864,31,0,0 '
Received from ('fd00::200:0:0:14', 8765, 0, 0): b' 538,20,16,1280,0,9,4,8,6,1,2,-52,0,798,8642,3,0,0 '
Received from ('fd00::200:0:0:13', 8765, 0, 0): b' 540,19,16,1280,0,28,2,3,6,1,1,-70,0,1072,8963,24,0,0 '
Received from ('fd00::200:0:0:3', 8765, 0, 0): b' 542,3,1,512,10,44,11,10,7,2,1,-64,10,1849,13286,36,0,0 '
Received from ('fd00::200:0:0:11', 8765, 0, 0): b' 542,17,16,1280,0,31,2,4,6,1,1,-52,0,510,9613,28,0,0 '
Received from ('fd00::200:0:0:b', 8765, 0, 0): b' 542,11,3,768,0,48,7,5,7,2,1,-95,9,3724,29941,34,0,0 '
Received from ('fd00::200:0:0:5', 8765, 0, 0): b' 543,5,1,512,0,44,12,1,6,1,1,-94,1,983,12624,36,0,0 '
Received from ('fd00::200:0:0:9', 8765, 0, 0): b' 543,9,5,768,0,25,8,4,7,1,2,-52,0,682,9588,22,0,0 '
Received from ('fd00::200:0:0:15', 8765, 0, 0): b' 542,21,16,1280,0,29,3,3,5,1,1,-70,0,513,6584,28,0,0 '
Received from ('fd00::200:0:0:14', 8765, 0, 0): b' 542,20,16,1280,0,10,5,8,7,1,2,-52,0,600,5100,4,0,0 '
Received from ('fd00::200:0:0:10', 8765, 0, 0): b' 543,16,11,1024,10,35,7,7,7,1,2,-70,4,3267,32341,30,0,0 '
Received from ('fd00::200:0:0:e', 8765, 0, 0): b' 543,14,11,1024,0,33,8,3,7,1,2,-70,1,1115,14943,24,0,0 '
Received from ('fd00::200:0:0:8', 8765, 0, 0): b' 544,8,3,768,20,46,8,3,7,1,2,-70,2,588,19237,34,0,0 '
Received from ('fd00::200:0:0:2', 8765, 0, 0): b' 545,2,1,512,0,39,12,1,6,1,1,-88,0,405,9122,36,0,0 '
Received from ('fd00::200:0:0:1', 5678, 0, 0): b' 545,1,0,256,0,22,0,0,4,0,0,0,10,2189,22426,514,0,0 '
Received from ('fd00::200:0:0:6', 8765, 0, 0): b' 545,6,3,768,0,31,8,3,7,1,2,-70,0,689,10170,26,0,0 '
Received from ('fd00::200:0:0:d', 8765, 0, 0): b' 543,13,8,1024,0,42,7,2,7,1,2,-70,0,601,13364,31,0,0 '
Received from ('fd00::200:0:0:12', 8765, 0, 0): b' 545,18,14,1280,0,20,6,4,5,1,1,-52,0,634,8782,21,0,0 '
Received from ('fd00::200:0:0:a', 8765, 0, 0): b' 545,10,11,1024,0,32,5,4,7,1,1,-52,0,607,11987,26,0,0 '
Received from ('fd00::200:0:0:c', 8765, 0, 0): b' 545,12,11,1024,0,42,9,5,7,1,3,-52,0,329,11446,31,0,0 '
Received from ('fd00::200:0:0:13', 8765, 0, 0): b' 546,19,16,1280,0,28,3,3,7,1,1,-70,0,555,6331,24,0,0 '
Received from ('fd00::200:0:0:7', 8765, 0, 0): b' 546,7,4,768,10,24,7,1,7,1,3,-70,0,551,8520,19,0,0 '
Received from ('fd00::200:0:0:5', 8765, 0, 0): b' 548,5,1,512,0,44,12,1,6,1,1,-94,1,502,8010,36,0,0 '
Received from ('fd00::200:0:0:4', 8765, 0, 0): b' 548,4,1,512,0,43,11,1,7,1,1,-66,1,1214,18074,36,0,0 '
Received from ('fd00::200:0:0:3', 8765, 0, 0): b' 549,3,1,512,0,45,11,10,7,2,1,-64,10,3791,23714,36,0,0 '
Received from ('fd00::200:0:0:15', 8765, 0, 0): b' 548,21,16,1280,0,30,3,3,5,1,1,-70,0,405,7568,28,0,0 '
Received from ('fd00::200:0:0:d', 8765, 0, 0): b' 548,13,8,1024,0,43,7,2,7,1,2,-70,0,381,5608,31,0,0 '
Received from ('fd00::200:0:0:12', 8765, 0, 0): b' 549,18,14,1280,10,21,6,4,5,1,1,-52,0,353,4132,21,0,0 '
Received from ('fd00::200:0:0:1', 5678, 0, 0): b' 550,1,0,256,0,22,0,0,4,0,0,0,10,858,12551,515,0,0 '
Received from ('fd00::200:0:0:9', 8765, 0, 0): b' 551,9,5,768,0,26,8,4,7,1,2,-52,0,495,7569,22,0,0 '
Received from ('fd00::200:0:0:2', 8765, 0, 0): b' 550,2,1,512,0,40,12,1,6,1,1,-88,0,450,7179,37,0,0 '
Received from ('fd00::200:0:0:11', 8765, 0, 0): b' 551,17,16,1280,0,31,3,4,6,1,1,-52,0,571,9263,28,0,0 '
Received from ('fd00::200:0:0:7', 8765, 0, 0): b' 551,7,4,768,0,25,7,1,7,1,3,-70,0,375,5079,19,0,0 '
Received from ('fd00::200:0:0:10', 8765, 0, 0): b' 552,16,11,1024,10,36,7,7,7,1,2,-70,4,1741,20975,31,0,0 '
Received from ('fd00::200:0:0:14', 8765, 0, 0): b' 551,20,16,1280,0,11,5,8,7,1,2,-52,0,818,7965,4,0,0 '
Received from ('fd00::200:0:0:b', 8765, 0, 0): b' 553,11,3,768,0,50,7,5,7,2,1,-95,9,3986,29124,34,0,0 '
Received from ('fd00::200:0:0:e', 8765, 0, 0): b' 553,14,11,1024,0,34,8,3,7,1,2,-70,1,1185,12963,25,0,0 '
Received from ('fd00::200:0:0:4', 8765, 0, 0): b' 554,4,1,512,0,43,11,1,7,1,1,-66,1,578,8838,37,0,0 '
Received from ('fd00::200:0:0:d', 8765, 0, 0): b' 554,13,8,1024,0,43,7,2,7,1,2,-70,0,276,5996,31,0,0 '
Received from ('fd00::200:0:0:a', 8765, 0, 0): b' 554,10,11,1024,0,33,5,4,7,1,1,-52,0,482,11332,27,0,0 '
Received from ('fd00::200:0:0:6', 8765, 0, 0): b' 555,6,3,768,0,33,8,3,7,1,2,-70,0,621,9605,26,0,0 '
Received from ('fd00::200:0:0:c', 8765, 0, 0): b' 556,12,11,1024,0,44,9,5,7,1,3,-52,0,684,14140,32,0,0 '
Received from ('fd00::200:0:0:12', 8765, 0, 0): b' 555,18,14,1280,0,22,6,4,5,1,1,-52,0,458,6324,22,0,0 '
Received from ('fd00::200:0:0:3', 8765, 0, 0): b' 556,3,1,512,0,45,11,10,7,2,1,-64,10,3523,23009,37,0,0 '
Received from ('fd00::200:0:0:8', 8765, 0, 0): b' 556,8,3,768,0,47,8,3,7,1,2,-70,2,1381,24858,34,0,0 '
Received from ('fd00::200:0:0:13', 8765, 0, 0): b' 556,19,16,1280,0,29,3,3,7,1,1,-70,0,644,10180,25,0,0 '
Received from ('fd00::200:0:0:10', 8765, 0, 0): b' 556,16,11,1024,0,36,7,7,7,1,2,-70,4,957,11363,31,0,0 '
Received from ('fd00::200:0:0:7', 8765, 0, 0): b' 557,7,4,768,0,26,7,1,7,1,3,-70,0,430,5773,20,0,0 '
Received from ('fd00::200:0:0:9', 8765, 0, 0): b' 557,9,5,768,10,26,8,4,7,1,2,-52,0,339,5851,23,0,0 '
Received from ('fd00::200:0:0:14', 8765, 0, 0): b' 557,20,16,1280,0,11,5,8,7,1,2,-52,0,428,6082,5,0,0 '
Received from ('fd00::200:0:0:1', 5678, 0, 0): b' 558,1,0,256,0,22,0,0,4,0,0,0,10,1832,20142,529,0,0 '
Received from ('fd00::200:0:0:5', 8765, 0, 0): b' 558,5,1,512,10,44,12,1,6,1,1,-94,1,980,14871,37,0,0 '
Received from ('fd00::200:0:0:15', 8765, 0, 0): b' 557,21,16,1280,10,30,3,3,5,1,1,-70,0,453,10509,29,0,0 '
Received from ('fd00::200:0:0:a', 8765, 0, 0): b' 560,10,11,1024,0,33,5,4,7,1,1,-52,0,407,5961,27,0,0 '
Received from ('fd00::200:0:0:2', 8765, 0, 0): b' 559,2,1,512,0,41,12,1,6,1,1,-88,0,496,9853,37,0,0 '
Received from ('fd00::200:0:0:d', 8765, 0, 0): b' 559,13,8,1024,0,44,7,2,7,1,2,-70,0,432,6819,32,0,0 '
Received from ('fd00::200:0:0:10', 8765, 0, 0): b' 560,16,11,1024,0,37,7,7,7,1,2,-70,4,1169,11626,31,0,0 '
Received from ('fd00::200:0:0:4', 8765, 0, 0): b' 561,4,1,512,0,43,11,1,7,1,1,-66,1,734,11434,37,0,0 '
Received from ('fd00::200:0:0:14', 8765, 0, 0): b' 561,20,16,1280,0,12,5,8,7,1,2,-52,0,352,4065,5,0,0 '
Received from ('fd00::200:0:0:12', 8765, 0, 0): b' 561,18,14,1280,0,22,6,4,5,1,1,-52,0,276,5688,22,0,0 '
Received from ('fd00::200:0:0:c', 8765, 0, 0): b' 561,12,11,1024,0,44,9,5,7,1,3,-52,0,329,10502,32,0,0 '
Received from ('fd00::200:0:0:b', 8765, 0, 0): b' 562,11,3,768,0,51,7,6,7,2,1,-95,9,3940,29176,35,0,0 '
Received from ('fd00::200:0:0:5', 8765, 0, 0): b' 563,5,1,512,0,44,12,1,6,1,1,-94,1,235,6922,37,0,0 '
Received from ('fd00::200:0:0:3', 8765, 0, 0): b' 563,3,1,512,0,45,11,10,7,2,1,-64,10,3097,20605,37,0,0 '
Received from ('fd00::200:0:0:11', 8765, 0, 0): b' 563,17,16,1280,0,33,3,4,7,1,1,-52,0,1030,12177,29,0,0 '
Received from ('fd00::200:0:0:8', 8765, 0, 0): b' 564,8,3,768,0,47,8,3,7,1,2,-70,2,794,15391,35,0,0 '
Received from ('fd00::200:0:0:2', 8765, 0, 0): b' 564,2,1,512,0,41,12,1,6,1,1,-88,0,325,5359,38,0,0 '
Received from ('fd00::200:0:0:13', 8765, 0, 0): b' 564,19,16,1280,0,29,3,3,7,1,1,-70,0,301,7546,25,0,0 '
Received from ('fd00::200:0:0:e', 8765, 0, 0): b' 563,14,11,1024,0,35,8,3,7,1,2,-70,1,1052,13389,25,0,0 '
Received from ('fd00::200:0:0:7', 8765, 0, 0): b' 564,7,4,768,0,26,7,1,7,1,3,-70,0,301,6797,20,0,0 '
Received from ('fd00::200:0:0:d', 8765, 0, 0): b' 563,13,8,1024,0,44,7,2,7,1,2,-70,0,279,5449,32,0,0 '
Received from ('fd00::200:0:0:6', 8765, 0, 0): b' 566,6,3,768,0,33,8,3,7,1,2,-70,0,498,10255,27,0,0 '
Received from ('fd00::200:0:0:10', 8765, 0, 0): b' 566,16,11,1024,0,38,7,8,7,1,2,-70,4,1186,15381,31,0,0 '
Received from ('fd00::200:0:0:1', 5678, 0, 0): b' 568,1,0,256,0,22,0,0,4,0,0,0,10,1943,24452,538,0,0 '
Received from ('fd00::200:0:0:2', 8765, 0, 0): b' 568,2,1,512,0,42,12,1,6,1,1,-88,0,254,4999,38,0,0 '
Received from ('fd00::200:0:0:15', 8765, 0, 0): b' 567,21,16,1280,0,33,3,3,5,1,1,-70,0,883,11333,29,0,0 '
Received from ('fd00::200:0:0:9', 8765, 0, 0): b' 568,9,5,768,0,27,8,4,7,1,2,-52,0,600,10975,23,0,0 '
Received from ('fd00::200:0:0:3', 8765, 0, 0): b' 568,3,1,512,10,45,11,10,7,2,1,-64,10,2466,17978,38,0,0 '
Received from ('fd00::200:0:0:14', 8765, 0, 0): b' 568,20,16,1280,0,13,5,8,7,1,2,-52,0,497,7261,5,0,0 '
Received from ('fd00::200:0:0:b', 8765, 0, 0): b' 569,11,3,768,10,52,7,6,7,2,1,-95,9,2465,19021,35,0,0 '
Received from ('fd00::200:0:0:12', 8765, 0, 0): b' 568,18,14,1280,10,23,6,4,5,1,1,-52,0,377,5913,23,0,0 '
Received from ('fd00::200:0:0:13', 8765, 0, 0): b' 570,19,16,1280,0,30,3,3,7,1,1,-70,0,433,6080,26,0,0 '
Received from ('fd00::200:0:0:e', 8765, 0, 0): b' 569,14,11,1024,0,36,8,3,7,1,2,-70,1,758,7588,26,0,0 '
Received from ('fd00::200:0:0:11', 8765, 0, 0): b' 570,17,16,1280,0,34,3,4,7,1,1,-52,0,542,6763,30,0,0 '
Received from ('fd00::200:0:0:8', 8765, 0, 0): b' 570,8,3,768,10,48,8,3,7,1,2,-70,2,701,12326,35,0,0 '
Received from ('fd00::200:0:0:a', 8765, 0, 0): b' 570,10,11,1024,0,33,5,4,7,1,1,-52,0,585,13568,28,0,0 '
Received from ('fd00::200:0:0:6', 8765, 0, 0): b' 571,6,3,768,0,34,8,3,7,1,2,-70,0,351,4453,27,0,0 '
Received from ('fd00::200:0:0:d', 8765, 0, 0): b' 570,13,8,1024,0,45,7,2,7,1,2,-70,0,376,9377,32,0,0 '
Received from ('fd00::200:0:0:5', 8765, 0, 0): b' 571,5,1,512,0,44,12,1,6,1,1,-94,1,754,13521,38,0,0 '
Received from ('fd00::200:0:0:15', 8765, 0, 0): b' 571,21,16,1280,0,33,3,3,5,1,1,-70,0,531,5291,29,0,0 '
Received from ('fd00::200:0:0:4', 8765, 0, 0): b' 572,4,1,512,0,43,11,2,7,1,1,-66,1,890,16364,38,0,0 '
Received from ('fd00::200:0:0:2', 8765, 0, 0): b' 572,2,1,512,0,42,12,1,6,1,1,-88,0,274,5725,38,0,0 '
Received from ('fd00::200:0:0:c', 8765, 0, 0): b' 572,12,11,1024,0,45,9,5,7,1,3,-52,0,775,16575,33,0,0 '
Received from ('fd00::200:0:0:9', 8765, 0, 0): b' 572,9,5,768,0,27,8,4,7,1,2,-52,0,330,5178,24,0,0 '
Received from ('fd00::200:0:0:1', 5678, 0, 0): b' 574,1,0,256,0,22,0,0,4,0,0,0,10,1765,16818,550,0,0 '
Received from ('fd00::200:0:0:8', 8765, 0, 0): b' 574,8,3,768,0,49,8,3,7,1,2,-70,2,556,10628,36,0,0 '
Received from ('fd00::200:0:0:b', 8765, 0, 0): b' 575,11,3,768,0,53,7,6,7,2,1,-95,10,2176,17603,36,0,0 '
Received from ('fd00::200:0:0:12', 8765, 0, 0): b' 575,18,14,1280,0,23,6,4,5,1,1,-52,0,333,7079,23,0,0 '
Received from ('fd00::200:0:0:7', 8765, 0, 0): b' 575,7,4,768,0,28,7,1,7,1,3,-70,0,1027,12002,21,0,0 '
Received from ('fd00::200:0:0:3', 8765, 0, 0): b' 575,3,1,512,0,46,11,10,7,2,1,-64,10,3943,23857,38,0,0 '
Received from ('fd00::200:0:0:14', 8765, 0, 0): b' 575,20,16,1280,0,14,5,8,7,1,2,-52,0,716,8233,6,0,0 '
Received from ('fd00::200:0:0:10', 8765, 0, 0): b' 576,16,11,1024,0,38,7,8,7,1,2,-70,4,2338,25121,32,0,0 '
Received from ('fd00::200:0:0:e', 8765, 0, 0): b' 576,14,11,1024,0,37,8,3,7,1,2,-70,1,606,8705,26,0,0 '
Received from ('fd00::200:0:0:c', 8765, 0, 0): b' 577,12,11,1024,0,47,9,5,7,1,3,-52,0,527,7397,33,0,0 '
Received from ('fd00::200:0:0:d', 8765, 0, 0): b' 578,13,8,1024,0,46,7,2,7,1,2,-70,0,512,9204,33,0,0 '
Received from ('fd00::200:0:0:6', 8765, 0, 0): b' 579,6,3,768,0,34,8,3,7,1,2,-70,0,450,8564,28,0,0 '
Received from ('fd00::200:0:0:11', 8765, 0, 0): b' 580,17,16,1280,0,35,3,4,7,1,1,-52,0,522,9584,30,0,0 '
Received from ('fd00::200:0:0:b', 8765, 0, 0): b' 580,11,3,768,0,53,7,6,7,2,1,-95,10,1544,14329,36,0,0 '
Received from ('fd00::200:0:0:2', 8765, 0, 0): b' 581,2,1,512,0,43,12,1,6,1,1,-88,0,713,10405,39,0,0 '
Received from ('fd00::200:0:0:13', 8765, 0, 0): b' 580,19,16,1280,0,32,3,3,7,1,1,-70,0,1081,11458,26,0,0 '
Received from ('fd00::200:0:0:9', 8765, 0, 0): b' 580,9,5,768,0,27,8,4,7,1,2,-52,0,273,7379,24,0,0 '
Received from ('fd00::200:0:0:8', 8765, 0, 0): b' 581,8,3,768,0,49,8,3,7,1,2,-70,2,785,13212,36,0,0 '
Received from ('fd00::200:0:0:12', 8765, 0, 0): b' 580,18,14,1280,0,23,6,4,5,1,1,-52,0,276,5238,23,0,0 '
Received from ('fd00::200:0:0:a', 8765, 0, 0): b' 581,10,11,1024,0,33,5,4,7,1,1,-52,0,422,13401,28,0,0 '
Received from ('fd00::200:0:0:5', 8765, 0, 0): b' 581,5,1,512,10,44,12,1,6,1,1,-94,1,929,15381,38,0,0 '
Received from ('fd00::200:0:0:3', 8765, 0, 0): b' 582,3,1,512,10,47,11,10,7,2,1,-64,10,2673,19346,39,0,0 '
Received from ('fd00::200:0:0:f', 8765, 0, 0): b' 554,15,11,1152,60,3,3,9,5,0,2,-52,0,923,7624,1,0,0 '
Received from ('fd00::200:0:0:c', 8765, 0, 0): b' 582,12,11,1024,0,47,9,5,7,1,3,-52,0,252,7456,33,0,0 '
Received from ('fd00::200:0:0:14', 8765, 0, 0): b' 582,20,16,1280,0,14,5,8,7,1,2,-52,0,275,6488,6,0,0 '
Received from ('fd00::200:0:0:1', 5678, 0, 0): b' 583,1,0,256,0,22,0,0,4,0,0,0,10,1910,24780,558,0,0 '
Received from ('fd00::200:0:0:4', 8765, 0, 0): b' 583,4,1,512,0,44,11,2,7,1,1,-66,1,933,17928,39,0,0 '
Received from ('fd00::200:0:0:f', 8765, 0, 0): b' 560,15,11,1152,80,4,4,9,6,0,2,-52,0,845,6122,1,0,0 '
Received from ('fd00::200:0:0:f', 8765, 0, 0): b' 567,15,11,1152,80,6,4,9,7,0,2,-52,0,630,7561,1,0,0 '
Received from ('fd00::200:0:0:15', 8765, 0, 0): b' 583,21,16,1280,0,34,3,3,5,1,1,-70,0,630,14077,30,0,0 '
Received from ('fd00::200:0:0:e', 8765, 0, 0): b' 584,14,11,1024,0,37,8,3,7,1,2,-70,1,708,9918,27,0,0 '
Received from ('fd00::200:0:0:f', 8765, 0, 0): b' 578,15,11,1152,70,8,4,9,7,0,2,-52,0,1310,10616,2,0,0 '
Received from ('fd00::200:0:0:6', 8765, 0, 0): b' 585,6,3,768,0,35,8,3,7,1,2,-70,0,374,5582,28,0,0 '
Received from ('fd00::200:0:0:a', 8765, 0, 0): b' 586,10,11,1024,0,34,5,4,7,1,1,-52,0,494,5384,29,0,0 '
Received from ('fd00::200:0:0:9', 8765, 0, 0): b' 585,9,5,768,0,28,8,4,7,1,2,-52,0,374,4639,24,0,0 '
Received from ('fd00::200:0:0:12', 8765, 0, 0): b' 586,18,14,1280,0,24,6,4,5,1,1,-52,0,760,5930,24,0,0 '
Received from ('fd00::200:0:0:7', 8765, 0, 0): b' 587,7,4,768,0,28,7,2,7,1,3,-70,0,579,11822,21,0,0 '
Received from ('fd00::200:0:0:f', 8765, 0, 0): b' 588,15,11,1024,0,9,4,9,7,1,2,-52,0,1401,10006,3,0,0 '
Received from ('fd00::200:0:0:15', 8765, 0, 0): b' 588,21,16,1280,0,35,3,3,5,1,1,-70,0,354,5117,30,0,0 '
Received from ('fd00::200:0:0:10', 8765, 0, 0): b' 588,16,11,1024,10,39,7,8,7,1,2,-70,4,2189,28788,33,0,0 '
Received from ('fd00::200:0:0:d', 8765, 0, 0): b' 588,13,8,1024,0,47,7,2,7,1,2,-70,0,848,11905,33,0,0 '
Received from ('fd00::200:0:0:b', 8765, 0, 0): b' 589,11,3,768,10,54,7,6,7,1,1,-95,10,4917,30675,37,0,0 '
Received from ('fd00::200:0:0:3', 8765, 0, 0): b' 591,3,1,512,0,48,11,10,7,2,1,-64,10,4873,27074,39,0,0 '
Received from ('fd00::200:0:0:13', 8765, 0, 0): b' 589,19,16,1280,0,32,3,3,7,1,1,-70,0,455,8988,27,0,0 '
Received from ('fd00::200:0:0:a', 8765, 0, 0): b' 591,10,11,1024,0,36,5,4,7,1,1,-52,0,610,6667,29,0,0 '
Received from ('fd00::200:0:0:8', 8765, 0, 0): b' 591,8,3,768,0,51,8,3,7,1,2,-70,2,1072,20971,37,0,0 '
Received from ('fd00::200:0:0:1', 5678, 0, 0): b' 591,1,0,256,0,22,0,0,4,0,0,0,10,1954,21243,574,0,0 '
Received from ('fd00::200:0:0:11', 8765, 0, 0): b' 591,17,16,1280,0,36,3,4,7,1,1,-52,0,602,10758,31,0,0 '
Received from ('fd00::200:0:0:4', 8765, 0, 0): b' 591,4,1,512,0,45,11,2,7,1,1,-66,1,740,11826,39,0,0 '
Received from ('fd00::200:0:0:e', 8765, 0, 0): b' 592,14,11,1024,0,38,8,3,7,1,2,-70,1,755,9592,27,0,0 '
Received from ('fd00::200:0:0:6', 8765, 0, 0): b' 592,6,3,768,0,36,8,3,7,1,2,-70,0,454,6649,29,0,0 '
Received from ('fd00::200:0:0:5', 8765, 0, 0): b' 592,5,1,512,10,45,12,1,6,1,1,-94,1,1022,15819,39,0,0 '
Received from ('fd00::200:0:0:2', 8765, 0, 0): b' 592,2,1,512,0,45,12,1,6,1,1,-88,0,697,13425,40,0,0 '
Received from ('fd00::200:0:0:9', 8765, 0, 0): b' 592,9,5,768,0,29,8,4,7,1,2,-52,0,472,6118,25,0,0 '
Received from ('fd00::200:0:0:c', 8765, 0, 0): b' 594,12,11,1024,0,49,9,6,7,1,3,-52,0,735,15839,34,0,0 '
Received from ('fd00::200:0:0:14', 8765, 0, 0): b' 594,20,16,1280,0,15,5,8,7,1,2,-52,0,698,11000,7,0,0 '
Received from ('fd00::200:0:0:15', 8765, 0, 0): b' 595,21,16,1280,10,36,3,3,5,1,1,-70,0,574,7998,31,0,0 '
Received from ('fd00::200:0:0:b', 8765, 0, 0): b' 595,11,3,768,20,55,7,6,7,1,1,-95,10,1912,17741,37,0,0 '
Received from ('fd00::200:0:0:f', 8765, 0, 0): b' 594,15,11,1024,0,10,4,9,7,1,2,-52,0,498,7036,3,0,0 '
Received from ('fd00::200:0:0:d', 8765, 0, 0): b' 595,13,8,1024,0,48,7,2,7,1,2,-70,0,680,8848,34,0,0 '
Received from ('fd00::200:0:0:a', 8765, 0, 0): b' 595,10,11,1024,0,36,5,4,7,1,1,-52,0,597,7302,29,0,0 '
Received from ('fd00::200:0:0:2', 8765, 0, 0): b' 596,2,1,512,10,45,12,1,6,1,1,-88,0,251,5364,40,0,0 '
Received from ('fd00::200:0:0:e', 8765, 0, 0): b' 595,14,11,1024,10,38,8,3,7,1,2,-70,1,378,5734,28,0,0 '
Received from ('fd00::200:0:0:12', 8765, 0, 0): b' 598,18,14,1280,0,24,6,4,5,1,1,-52,0,594,9797,24,0,0 '
Received from ('fd00::200:0:0:7', 8765, 0, 0): b' 597,7,4,768,0,28,7,2,7,1,3,-70,0,583,12017,22,0,0 '
Received from ('fd00::200:0:0:10', 8765, 0, 0): b' 597,16,11,1024,20,39,7,8,7,1,2,-70,4,1870,23621,34,0,0 '
Received from ('fd00::200:0:0:5', 8765, 0, 0): b' 600,5,1,512,0,45,12,1,6,1,1,-94,1,606,11706,40,0,0 '
Received from ('fd00::200:0:0:3', 8765, 0, 0): b' 600,3,1,512,0,48,11,10,7,2,1,-64,10,3900,26494,40,0,0 '
Received from ('fd00::200:0:0:15', 8765, 0, 0): b' 597,21,16,1280,10,36,3,3,5,1,1,-70,0,574,5083,31,0,0 '
Received from ('fd00::200:0:0:4', 8765, 0, 0): b' 600,4,1,512,0,46,11,2,7,1,1,-66,1,855,13614,40,0,0 '
Received from ('fd00::200:0:0:8', 8765, 0, 0): b' 600,8,3,768,0,52,8,4,7,1,2,-70,2,867,19536,37,0,0 '
Received from ('fd00::200:0:0:13', 8765, 0, 0): b' 599,19,16,1280,0,33,3,3,7,1,1,-70,0,659,9430,28,0,0 '
Received from ('fd00::200:0:0:1', 5678, 0, 0): b' 601,1,0,256,0,22,0,0,4,0,0,0,10,2080,24592,585,0,0 '
Received from ('fd00::200:0:0:a', 8765, 0, 0): b' 600,10,11,1024,0,36,5,4,7,1,1,-52,0,346,5151,30,0,0 '
Received from ('fd00::200:0:0:6', 8765, 0, 0): b' 601,6,3,768,0,38,8,3,7,1,2,-70,0,505,9377,29,0,0 '
Received from ('fd00::200:0:0:e', 8765, 0, 0): b' 600,14,11,1024,0,39,8,3,7,1,2,-70,1,710,5923,28,0,0 '
Received from ('fd00::200:0:0:9', 8765, 0, 0): b' 602,9,5,768,0,31,8,4,7,1,2,-52,0,711,9972,26,0,0 '
Received from ('fd00::200:0:0:11', 8765, 0, 0): b' 602,17,16,1280,10,36,3,4,7,1,1,-52,0,478,10537,32,0,0 '
Received from ('fd00::200:0:0:12', 8765, 0, 0): b' 604,18,14,1280,0,26,6,4,5,1,1,-52,0,565,6672,25,0,0 '
Received from ('fd00::200:0:0:c', 8765, 0, 0): b' 605,12,11,1024,0,53,9,6,7,1,3,-52,0,855,16786,35,0,0 '
Received from ('fd00::200:0:0:f', 8765, 0, 0): b' 604,15,11,1024,0,10,4,9,7,1,2,-52,0,670,9444,4,0,0 '
Received from ('fd00::200:0:0:10', 8765, 0, 0): b' 604,16,11,1024,0,41,7,8,7,1,2,-70,4,2003,19691,34,0,0 '
Received from ('fd00::200:0:0:4', 8765, 0, 0): b' 605,4,1,512,0,47,11,2,7,1,1,-66,1,523,7462,40,0,0 '
Received from ('fd00::200:0:0:b', 8765, 0, 0): b' 605,11,3,768,0,56,7,6,7,1,1,-95,10,4696,34369,38,0,0 '
Received from ('fd00::200:0:0:14', 8765, 0, 0): b' 605,20,16,1280,0,16,5,8,7,1,2,-52,0,681,10646,8,0,0 '
Received from ('fd00::200:0:0:8', 8765, 0, 0): b' 606,8,3,768,0,53,8,4,7,1,2,-70,2,749,11580,38,0,0 '
Received from ('fd00::200:0:0:3', 8765, 0, 0): b' 607,3,1,512,0,50,11,10,7,2,1,-64,10,4015,22135,40,0,0 '
Received from ('fd00::200:0:0:1', 5678, 0, 0): b' 607,1,0,256,0,22,0,0,4,0,0,0,10,1540,17298,594,0,0 '
Received from ('fd00::200:0:0:d', 8765, 0, 0): b' 607,13,8,1024,0,50,7,2,7,1,2,-70,0,839,14459,35,0,0 '
Received from ('fd00::200:0:0:a', 8765, 0, 0): b' 608,10,11,1024,0,40,5,4,7,1,1,-52,0,795,9708,30,0,0 '
Received from ('fd00::200:0:0:7', 8765, 0, 0): b' 607,7,4,768,0,29,7,2,7,1,3,-70,0,678,9264,23,0,0 '
Received from ('fd00::200:0:0:2', 8765, 0, 0): b' 608,2,1,512,0,47,12,1,6,1,1,-88,0,727,14619,41,0,0 '
Received from ('fd00::200:0:0:9', 8765, 0, 0): b' 609,9,5,768,0,31,8,4,7,1,2,-52,0,273,6018,26,0,0 '
Received from ('fd00::200:0:0:10', 8765, 0, 0): b' 608,16,11,1024,10,41,7,8,7,1,2,-70,4,793,10170,34,0,0 '
Received from ('fd00::200:0:0:15', 8765, 0, 0): b' 609,21,16,1280,0,38,3,3,5,1,1,-70,0,744,12580,32,0,0 '
Received from ('fd00::200:0:0:11', 8765, 0, 0): b' 610,17,16,1280,0,38,3,4,7,1,1,-52,0,613,7210,32,0,0 '
Received from ('fd00::200:0:0:e', 8765, 0, 0): b' 609,14,11,1024,0,43,8,3,7,1,2,-70,1,1150,12973,28,0,0 '
Received from ('fd00::200:0:0:5', 8765, 0, 0): b' 611,5,1,512,0,47,12,1,6,1,1,-94,1,1223,17604,40,0,0 '
Received from ('fd00::200:0:0:8', 8765, 0, 0): b' 611,8,3,768,10,54,8,4,7,1,2,-70,2,643,11593,38,0,0 '
Received from ('fd00::200:0:0:d', 8765, 0, 0): b' 610,13,8,1024,0,51,7,2,7,1,2,-70,0,262,5276,35,0,0 '
Received from ('fd00::200:0:0:1', 5678, 0, 0): b' 612,1,0,256,0,22,0,0,4,0,0,0,10,1174,13292,600,0,0 '
Received from ('fd00::200:0:0:13', 8765, 0, 0): b' 611,19,16,1280,0,40,3,3,7,1,1,-70,0,1291,12267,28,0,0 '
Received from ('fd00::200:0:0:6', 8765, 0, 0): b' 613,6,3,768,0,43,8,3,7,1,2,-70,0,1130,12062,30,0,0 '
Received from ('fd00::200:0:0:c', 8765, 0, 0): b' 613,12,11,1024,0,55,9,6,7,1,3,-52,0,668,12778,36,0,0 '
Received from ('fd00::200:0:0:15', 8765, 0, 0): b' 613,21,16,1280,0,40,3,3,5,1,1,-70,0,467,5226,32,0,0 '
Received from ('fd00::200:0:0:10', 8765, 0, 0): b' 613,16,11,1024,0,42,7,8,7,1,2,-70,4,1597,13332,35,0,0 '
Received from ('fd00::200:0:0:12', 8765, 0, 0): b' 613,18,14,1280,10,30,6,4,5,1,1,-52,0,881,9958,26,0,0 '
Received from ('fd00::200:0:0:a', 8765, 0, 0): b' 615,10,11,1024,0,42,5,4,7,1,1,-52,0,570,8412,31,0,0 '
Received from ('fd00::200:0:0:14', 8765, 0, 0): b' 614,20,16,1280,0,19,5,8,7,1,2,-52,0,736,8514,8,0,0 '
Received from ('fd00::200:0:0:4', 8765, 0, 0): b' 615,4,1,512,10,53,11,2,7,1,1,-66,1,1510,17496,41,0,0 '
Received from ('fd00::200:0:0:8', 8765, 0, 0): b' 616,8,3,768,0,56,8,4,7,1,2,-70,2,718,10182,38,0,0 '
Received from ('fd00::200:0:0:7', 8765, 0, 0): b' 615,7,4,768,0,29,7,2,7,1,3,-70,0,394,7570,23,0,0 '
Received from ('fd00::200:0:0:b', 8765, 0, 0): b' 617,11,3,768,40,57,7,6,7,1,1,-95,10,4630,36584,39,0,0 '
Received from ('fd00::200:0:0:e', 8765, 0, 0): b' 614,14,11,1024,0,43,8,3,7,1,2,-70,1,657,6757,29,0,0 '
Received from ('fd00::200:0:0:f', 8765, 0, 0): b' 615,15,11,1024,0,11,4,9,7,1,2,-52,0,674,10493,5,0,0 '
Received from ('fd00::200:0:0:3', 8765, 0, 0): b' 617,3,1,512,0,51,11,10,7,2,1,-64,10,5323,31917,41,0,0 '
Received from ('fd00::200:0:0:13', 8765, 0, 0): b' 615,19,16,1280,0,42,3,3,7,1,1,-70,0,427,4422,29,0,0 '
Received from ('fd00::200:0:0:2', 8765, 0, 0): b' 617,2,1,512,0,50,12,1,6,1,1,-88,0,741,12014,41,0,0 '
Received from ('fd00::200:0:0:9', 8765, 0, 0): b' 618,9,5,768,0,36,8,4,7,1,2,-52,0,1003,9501,27,0,0 '
Received from ('fd00::200:0:0:11', 8765, 0, 0): b' 617,17,16,1280,0,41,3,4,7,1,1,-52,0,677,7388,33,0,0 '
Received from ('fd00::200:0:0:10', 8765, 0, 0): b' 617,16,11,1024,10,43,7,8,7,1,2,-70,4,1252,10981,35,0,0 '
Received from ('fd00::200:0:0:c', 8765, 0, 0): b' 619,12,11,1024,0,56,9,6,7,1,3,-52,0,412,8613,36,0,0 '
Received from ('fd00::200:0:0:4', 8765, 0, 0): b' 620,4,1,512,0,54,11,2,7,1,1,-66,1,667,7849,41,0,0 '
Received from ('fd00::200:0:0:12', 8765, 0, 0): b' 619,18,14,1280,0,31,6,4,5,1,1,-52,0,408,5703,26,0,0 '
Received from ('fd00::200:0:0:1', 5678, 0, 0): b' 622,1,0,256,0,22,0,0,4,0,0,0,10,2385,24548,613,0,0 '
Received from ('fd00::200:0:0:15', 8765, 0, 0): b' 620,21,16,1280,0,44,3,3,5,1,1,-70,0,812,10815,33,0,0 '
Received from ('fd00::200:0:0:14', 8765, 0, 0): b' 621,20,16,1280,0,21,5,8,7,1,2,-52,0,642,6623,9,0,0 '
Received from ('fd00::200:0:0:d', 8765, 0, 0): b' 622,13,8,1024,0,53,7,2,7,1,2,-70,0,736,12950,36,0,0 '
Received from ('fd00::200:0:0:f', 8765, 0, 0): b' 622,15,11,1024,0,13,4,9,7,1,2,-52,0,611,7275,5,0,0 '
Received from ('fd00::200:0:0:7', 8765, 0, 0): b' 622,7,4,768,0,29,7,2,7,1,3,-70,0,353,6875,24,0,0 '
Received from ('fd00::200:0:0:5', 8765, 0, 0): b' 622,5,1,512,0,51,12,1,6,1,1,-94,1,1485,19095,41,0,0 '
Received from ('fd00::200:0:0:6', 8765, 0, 0): b' 623,6,3,768,10,45,8,3,7,1,2,-70,0,690,9981,31,0,0 '
Received from ('fd00::200:0:0:10', 8765, 0, 0): b' 623,16,11,1024,10,44,7,8,7,1,2,-70,4,1388,15383,35,0,0 '
Received from ('fd00::200:0:0:3', 8765, 0, 0): b' 623,3,1,512,0,53,11,10,7,2,1,-64,10,3210,18120,41,0,0 '
Received from ('fd00::200:0:0:e', 8765, 0, 0): b' 623,14,11,1024,0,46,8,3,7,1,2,-70,1,1059,11290,29,0,0 '
Received from ('fd00::200:0:0:8', 8765, 0, 0): b' 624,8,3,768,0,59,8,4,7,1,2,-70,2,1194,17024,39,0,0 '
Received from ('fd00::200:0:0:b', 8765, 0, 0): b' 624,11,3,768,0,60,7,6,7,1,1,-95,10,3420,24264,39,0,0 '
Received from ('fd00::200:0:0:9', 8765, 0, 0): b' 625,9,5,768,0,39,8,4,7,1,2,-52,0,619,7480,27,0,0 '
Received from ('fd00::200:0:0:13', 8765, 0, 0): b' 624,19,16,1280,0,46,3,3,7,1,1,-70,0,843,9488,29,0,0 '
Received from ('fd00::200:0:0:2', 8765, 0, 0): b' 625,2,1,512,0,53,12,1,6,1,1,-88,0,695,9783,42,0,0 '
Received from ('fd00::200:0:0:1', 5678, 0, 0): b' 626,1,0,256,0,22,0,0,4,0,0,0,10,973,11674,615,0,0 '
Received from ('fd00::200:0:0:a', 8765, 0, 0): b' 625,10,11,1024,10,43,5,4,7,1,1,-52,0,528,12731,31,0,0 '
Received from ('fd00::200:0:0:4', 8765, 0, 0): b' 625,4,1,512,10,54,11,2,7,1,1,-66,1,476,7901,41,0,0 '
Received from ('fd00::200:0:0:f', 8765, 0, 0): b' 627,15,11,1024,0,13,4,9,7,1,2,-52,0,404,4184,6,0,0 '
Received from ('fd00::200:0:0:6', 8765, 0, 0): b' 628,6,3,768,0,47,8,3,7,1,2,-70,0,488,4917,31,0,0 '
Received from ('fd00::200:0:0:10', 8765, 0, 0): b' 627,16,11,1024,0,46,7,8,7,1,2,-70,4,1087,10759,36,0,0 '
Received from ('fd00::200:0:0:5', 8765, 0, 0): b' 628,5,1,512,0,52,12,1,6,1,1,-94,1,610,8194,41,0,0 '
Received from ('fd00::200:0:0:b', 8765, 0, 0): b' 630,11,3,768,20,60,7,6,7,1,1,-95,10,2245,17701,39,0,0 '
Received from ('fd00::200:0:0:c', 8765, 0, 0): b' 629,12,11,1024,0,57,9,6,7,1,3,-52,0,584,15264,37,0,0 '
Received from ('fd00::200:0:0:11', 8765, 0, 0): b' 627,17,16,1280,10,46,3,4,7,1,1,-52,0,950,10683,33,0,0 '
Received from ('fd00::200:0:0:d', 8765, 0, 0): b' 630,13,8,1024,0,57,7,2,7,1,2,-70,0,825,10401,36,0,0 '
Received from ('fd00::200:0:0:12', 8765, 0, 0): b' 629,18,14,1280,10,34,6,4,5,1,1,-52,0,691,9405,27,0,0 '
Received from ('fd00::200:0:0:3', 8765, 0, 0): b' 631,3,1,512,0,53,11,10,7,2,1,-64,10,3785,23718,42,0,0 '
Received from ('fd00::200:0:0:a', 8765, 0, 0): b' 630,10,11,1024,0,44,5,4,7,1,1,-52,0,435,5758,32,0,0 '
Received from ('fd00::200:0:0:1', 5678, 0, 0): b' 633,1,0,256,0,22,0,0,4,0,0,0,10,1660,17613,628,0,0 '
Received from ('fd00::200:0:0:14', 8765, 0, 0): b' 630,20,16,1280,0,25,5,8,7,1,2,-52,0,848,9503,9,0,0 '
Received from ('fd00::200:0:0:6', 8765, 0, 0): b' 633,6,3,768,0,49,8,3,7,1,2,-70,0,366,4449,31,0,0 '
Received from ('fd00::200:0:0:13', 8765, 0, 0): b' 632,19,16,1280,0,48,3,3,7,1,1,-70,0,546,6628,30,0,0 '
Received from ('fd00::200:0:0:e', 8765, 0, 0): b' 632,14,11,1024,0,46,8,3,7,1,2,-70,1,765,10789,30,0,0 '
Received from ('fd00::200:0:0:15', 8765, 0, 0): b' 632,21,16,1280,10,49,3,3,5,1,1,-70,0,1007,13579,34,0,0 '
Received from ('fd00::200:0:0:7', 8765, 0, 0): b' 633,7,4,768,0,29,7,2,7,1,3,-70,0,474,10219,25,0,0 '
Received from ('fd00::200:0:0:8', 8765, 0, 0): b' 635,8,3,768,0,64,8,4,7,1,2,-70,2,1530,22545,40,0,0 '
Received from ('fd00::200:0:0:2', 8765, 0, 0): b' 635,2,1,512,0,55,12,1,6,1,1,-88,0,627,11022,42,0,0 '
Received from ('fd00::200:0:0:14', 8765, 0, 0): b' 635,20,16,1280,0,27,5,8,7,1,2,-52,0,521,4884,10,0,0 '
Received from ('fd00::200:0:0:10', 8765, 0, 0): b' 636,16,11,1024,10,48,7,8,7,1,2,-70,4,2669,23341,36,0,0 '
Received from ('fd00::200:0:0:c', 8765, 0, 0): b' 637,12,11,1024,0,61,9,6,7,1,3,-52,0,751,11550,37,0,0 '
Received from ('fd00::200:0:0:11', 8765, 0, 0): b' 635,17,16,1280,0,47,3,4,7,1,1,-52,0,465,7465,34,0,0 '
Received from ('fd00::200:0:0:9', 8765, 0, 0): b' 636,9,5,768,10,42,8,4,7,1,2,-52,0,789,11152,28,0,0 '
Received from ('fd00::200:0:0:12', 8765, 0, 0): b' 637,18,14,1280,0,35,6,4,5,1,1,-52,0,612,7433,27,0,0 '
Received from ('fd00::200:0:0:3', 8765, 0, 0): b' 637,3,1,512,0,54,11,10,7,2,1,-64,10,3308,18160,42,0,0 '
Received from ('fd00::200:0:0:a', 8765, 0, 0): b' 637,10,11,1024,0,45,5,4,7,1,1,-52,0,407,9051,32,0,0 '
Received from ('fd00::200:0:0:b', 8765, 0, 0): b' 638,11,3,768,0,62,7,6,7,1,1,-95,10,3857,27918,40,0,0 '
Received from ('fd00::200:0:0:4', 8765, 0, 0): b' 638,4,1,512,0,60,11,2,7,1,1,-66,1,1524,18439,42,0,0 '
Received from ('fd00::200:0:0:f', 8765, 0, 0): b' 638,15,11,1024,0,16,4,9,7,1,2,-52,0,862,11022,6,0,0 '
Received from ('fd00::200:0:0:6', 8765, 0, 0): b' 640,6,3,768,0,51,8,3,7,1,2,-70,0,658,6680,32,0,0 '
Received from ('fd00::200:0:0:d', 8765, 0, 0): b' 639,13,8,1024,10,60,7,2,7,1,2,-70,0,598,10908,37,0,0 '
Received from ('fd00::200:0:0:13', 8765, 0, 0): b' 640,19,16,1280,0,49,3,3,7,1,1,-70,0,504,7191,30,0,0 '
Received from ('fd00::200:0:0:5', 8765, 0, 0): b' 640,5,1,512,0,58,12,1,6,1,1,-94,1,1613,18813,42,0,0 '
Received from ('fd00::200:0:0:1', 5678, 0, 0): b' 640,1,0,256,0,22,0,0,4,0,0,0,10,1885,20186,634,0,0 '
Received from ('fd00::200:0:0:9', 8765, 0, 0): b' 641,9,5,768,0,43,8,4,7,1,2,-52,0,382,4839,28,0,0 '
Received from ('fd00::200:0:0:8', 8765, 0, 0): b' 642,8,3,768,0,65,8,4,7,1,2,-70,2,875,15692,40,0,0 '
Received from ('fd00::200:0:0:7', 8765, 0, 0): b' 642,7,4,768,0,29,7,2,7,1,3,-70,0,419,8444,25,0,0 '
Received from ('fd00::200:0:0:15', 8765, 0, 0): b' 642,21,16,1280,10,51,3,3,5,1,1,-70,0,666,11911,34,0,0 '
Received from ('fd00::200:0:0:14', 8765, 0, 0): b' 642,20,16,1280,0,29,5,8,7,1,2,-52,0,612,7327,10,0,0 '
Received from ('fd00::200:0:0:2', 8765, 0, 0): b' 644,2,1,512,0,57,12,1,6,1,1,-88,0,658,11039,43,0,0 '
Received from ('fd00::200:0:0:e', 8765, 0, 0): b' 643,14,11,1024,0,47,8,3,7,1,2,-70,1,1015,13838,31,0,0 '
Received from ('fd00::200:0:0:12', 8765, 0, 0): b' 643,18,14,1280,0,35,6,4,5,1,1,-52,0,332,5681,28,0,0 '
Received from ('fd00::200:0:0:c', 8765, 0, 0): b' 644,12,11,1024,0,65,9,6,7,1,3,-52,0,882,11511,38,0,0 '
Received from ('fd00::200:0:0:11', 8765, 0, 0): b' 642,17,16,1280,0,48,3,4,7,1,1,-52,0,504,7234,34,0,0 '
Received from ('fd00::200:0:0:3', 8765, 0, 0): b' 645,3,1,512,0,57,11,10,7,2,1,-64,10,3917,23307,43,0,0 '
Received from ('fd00::200:0:0:1', 5678, 0, 0): b' 647,1,0,256,0,22,0,0,4,0,0,0,10,1608,16955,645,0,0 '
Received from ('fd00::200:0:0:f', 8765, 0, 0): b' 644,15,11,1024,0,20,4,9,7,1,2,-52,0,918,6655,7,0,0 '
Received from ('fd00::200:0:0:4', 8765, 0, 0): b' 647,4,1,512,0,60,11,2,7,1,1,-66,1,681,13176,43,0,0 '
Received from ('fd00::200:0:0:6', 8765, 0, 0): b' 647,6,3,768,0,53,8,3,7,1,2,-70,0,553,6898,32,0,0 '
Received from ('fd00::200:0:0:b', 8765, 0, 0): b' 647,11,3,768,50,65,7,6,7,1,1,-95,10,4015,29648,41,0,0 '
Received from ('fd00::200:0:0:a', 8765, 0, 0): b' 644,10,11,1024,0,46,5,4,7,1,1,-52,0,536,8703,33,0,0 '
Received from ('fd00::200:0:0:10', 8765, 0, 0): b' 646,16,11,1024,10,50,7,8,7,1,2,-70,4,2325,25708,37,0,0 '
Received from ('fd00::200:0:0:5', 8765, 0, 0): b' 648,5,1,512,0,61,12,1,6,1,1,-94,1,1244,13327,43,0,0 '
Received from ('fd00::200:0:0:e', 8765, 0, 0): b' 648,14,11,1024,0,51,8,3,7,1,2,-70,1,1020,7977,31,0,0 '
Received from ('fd00::200:0:0:8', 8765, 0, 0): b' 650,8,3,768,0,65,8,4,7,1,2,-70,2,671,15713,41,0,0 '
Received from ('fd00::200:0:0:15', 8765, 0, 0): b' 650,21,16,1280,10,53,3,3,5,1,1,-70,0,493,9013,35,0,0 '
Received from ('fd00::200:0:0:d', 8765, 0, 0): b' 650,13,8,1024,0,64,7,2,7,1,2,-70,0,1055,14050,38,0,0 '
Received from ('fd00::200:0:0:14', 8765, 0, 0): b' 649,20,16,1280,10,32,5,8,7,1,2,-52,0,653,6981,11,0,0 '
Received from ('fd00::200:0:0:12', 8765, 0, 0): b' 650,18,14,1280,0,39,6,4,5,1,1,-52,0,704,6794,28,0,0 '
Received from ('fd00::200:0:0:9', 8765, 0, 0): b' 651,9,5,768,0,46,8,4,7,1,2,-52,0,795,9142,29,0,0 '
Received from ('fd00::200:0:0:13', 8765, 0, 0): b' 651,19,16,1280,0,51,3,3,7,1,1,-70,0,715,11389,31,0,0 '
Received from ('fd00::200:0:0:11', 8765, 0, 0): b' 652,17,16,1280,0,52,3,4,7,1,1,-52,0,808,9097,35,0,0 '
Received from ('fd00::200:0:0:f', 8765, 0, 0): b' 653,15,11,1024,0,21,4,9,7,1,2,-52,0,503,8260,7,0,0 '
Received from ('fd00::200:0:0:7', 8765, 0, 0): b' 654,7,4,768,0,29,7,2,7,1,3,-70,0,474,10316,26,0,0 '
Received from ('fd00::200:0:0:a', 8765, 0, 0): b' 653,10,11,1024,0,48,5,4,7,1,1,-52,0,538,10974,33,0,0 '
Received from ('fd00::200:0:0:c', 8765, 0, 0): b' 655,12,11,1024,0,67,9,6,7,1,3,-52,0,664,15744,38,0,0 '
Received from ('fd00::200:0:0:2', 8765, 0, 0): b' 655,2,1,512,0,62,12,1,6,1,1,-88,0,1054,14147,44,0,0 '
Received from ('fd00::200:0:0:15', 8765, 0, 0): b' 654,21,16,1280,0,54,3,3,5,1,1,-70,0,491,6018,35,0,0 '
Received from ('fd00::200:0:0:1', 5678, 0, 0): b' 655,1,0,256,0,22,0,0,4,0,0,0,10,2069,23478,654,0,0 '
Received from ('fd00::200:0:0:12', 8765, 0, 0): b' 655,18,14,1280,0,40,6,4,5,1,1,-52,0,383,4769,28,0,0 '
Received from ('fd00::200:0:0:10', 8765, 0, 0): b' 656,16,11,1024,0,51,7,8,7,1,2,-70,4,2457,25779,38,0,0 '
Received from ('fd00::200:0:0:3', 8765, 0, 0): b' 657,3,1,512,0,59,11,10,7,2,1,-64,10,4961,30722,43,0,0 '
Received from ('fd00::200:0:0:d', 8765, 0, 0): b' 656,13,8,1024,0,65,7,2,7,1,2,-70,0,384,7234,38,0,0 '
Received from ('fd00::200:0:0:6', 8765, 0, 0): b' 657,6,3,768,0,56,8,3,7,1,2,-70,0,795,10258,33,0,0 '
Received from ('fd00::200:0:0:7', 8765, 0, 0): b' 658,7,4,768,0,30,7,2,7,1,3,-70,0,367,4408,26,0,0 '
Received from ('fd00::200:0:0:4', 8765, 0, 0): b' 658,4,1,512,0,61,11,2,7,1,1,-66,1,1112,17342,44,0,0 '
Received from ('fd00::200:0:0:b', 8765, 0, 0): b' 658,11,3,768,30,66,7,6,7,1,1,-95,10,4670,36109,41,0,0 '
Received from ('fd00::200:0:0:e', 8765, 0, 0): b' 657,14,11,1024,0,54,8,3,7,1,2,-70,1,1354,12366,32,0,0 '
Received from ('fd00::200:0:0:14', 8765, 0, 0): b' 657,20,16,1280,0,34,5,8,7,1,2,-52,0,612,7323,11,0,0 '
Received from ('fd00::200:0:0:13', 8765, 0, 0): b' 657,19,16,1280,0,54,3,3,7,1,1,-70,0,598,6480,31,0,0 '
Received from ('fd00::200:0:0:5', 8765, 0, 0): b' 660,5,1,512,10,67,12,1,6,1,1,-94,1,1476,18019,44,0,0 '
Received from ('fd00::200:0:0:8', 8765, 0, 0): b' 661,8,3,768,10,67,8,4,7,1,2,-70,2,1260,23295,41,0,0 '
Received from ('fd00::200:0:0:d', 8765, 0, 0): b' 661,13,8,1024,0,67,7,2,7,1,2,-70,0,368,5302,38,0,0 '
Received from ('fd00::200:0:0:c', 8765, 0, 0): b' 661,12,11,1024,0,69,9,6,7,1,3,-52,0,575,10465,39,0,0 '
Received from ('fd00::200:0:0:2', 8765, 0, 0): b' 663,2,1,512,0,64,12,1,6,1,1,-88,0,611,10021,44,0,0 '
Received from ('fd00::200:0:0:11', 8765, 0, 0): b' 663,17,16,1280,0,55,3,4,7,1,1,-52,0,799,10065,36,0,0 '
Received from ('fd00::200:0:0:9', 8765, 0, 0): b' 663,9,5,768,10,49,8,4,7,1,2,-52,0,796,11552,30,0,0 '
Received from ('fd00::200:0:0:12', 8765, 0, 0): b' 662,18,14,1280,0,40,6,4,5,1,1,-52,0,332,6783,29,0,0 '
Received from ('fd00::200:0:0:e', 8765, 0, 0): b' 663,14,11,1024,0,56,8,3,7,1,2,-70,1,693,7270,32,0,0 '
Received from ('fd00::200:0:0:15', 8765, 0, 0): b' 663,21,16,1280,10,60,3,3,5,1,1,-70,0,1016,11367,36,0,0 '
Received from ('fd00::200:0:0:7', 8765, 0, 0): b' 664,7,4,768,0,30,7,2,7,1,3,-70,0,543,6307,27,0,0 '
Received from ('fd00::200:0:0:f', 8765, 0, 0): b' 665,15,11,1024,0,23,4,9,7,1,2,-52,0,811,11657,8,0,0 '
Received from ('fd00::200:0:0:a', 8765, 0, 0): b' 665,10,11,1024,0,51,5,4,7,1,1,-52,0,896,14083,34,0,0 '
Received from ('fd00::200:0:0:6', 8765, 0, 0): b' 665,6,3,768,10,61,8,3,7,1,2,-70,0,782,8926,34,0,0 '
Received from ('fd00::200:0:0:1', 5678, 0, 0): b' 666,1,0,256,0,22,0,0,4,0,0,0,10,2862,28783,673,0,0 '
Received from ('fd00::200:0:0:5', 8765, 0, 0): b' 666,5,1,512,10,68,12,1,6,1,1,-94,1,756,9462,44,0,0 '
Received from ('fd00::200:0:0:10', 8765, 0, 0): b' 666,16,11,1024,0,53,7,8,7,1,2,-70,4,2577,25993,38,0,0 '
Received from ('fd00::200:0:0:4', 8765, 0, 0): b' 666,4,1,512,0,64,11,2,7,1,1,-66,1,1057,13105,44,0,0 '
Received from ('fd00::200:0:0:14', 8765, 0, 0): b' 666,20,16,1280,0,35,5,8,7,1,2,-52,0,584,8674,12,0,0 '
Received from ('fd00::200:0:0:8', 8765, 0, 0): b' 667,8,3,768,0,68,8,4,7,1,2,-70,2,873,13684,42,0,0 '
Received from ('fd00::200:0:0:12', 8765, 0, 0): b' 668,18,14,1280,10,44,6,4,5,1,1,-52,0,680,4774,29,0,0 '
Received from ('fd00::200:0:0:9', 8765, 0, 0): b' 668,9,5,768,0,49,8,4,7,1,2,-52,0,304,4224,30,0,0 '
Received from ('fd00::200:0:0:3', 8765, 0, 0): b' 668,3,1,512,0,61,11,10,7,2,1,-64,10,6147,35356,44,0,0 '
Received from ('fd00::200:0:0:c', 8765, 0, 0): b' 668,12,11,1024,0,69,9,6,7,1,3,-52,0,301,9315,39,0,0 '
Received from ('fd00::200:0:0:13', 8765, 0, 0): b' 667,19,16,1280,0,55,3,3,7,1,1,-70,0,584,8887,32,0,0 '
Received from ('fd00::200:0:0:d', 8765, 0, 0): b' 668,13,8,1024,0,68,7,2,7,1,2,-70,0,657,9227,39,0,0 '
Received from ('fd00::200:0:0:b', 8765, 0, 0): b' 669,11,3,768,10,69,7,6,7,1,1,-95,10,4641,35141,42,0,0 '
Received from ('fd00::200:0:0:f', 8765, 0, 0): b' 670,15,11,1024,0,24,4,9,7,1,2,-52,0,359,4365,8,0,0 '
Received from ('fd00::200:0:0:1', 5678, 0, 0): b' 671,1,0,256,0,22,0,0,4,0,0,0,10,1071,12713,676,0,0 '
Received from ('fd00::200:0:0:14', 8765, 0, 0): b' 672,20,16,1280,0,35,5,8,7,1,2,-52,0,155,4185,12,0,0 '
Received from ('fd00::200:0:0:e', 8765, 0, 0): b' 672,14,11,1024,0,59,8,3,7,1,2,-70,1,1103,11124,33,0,0 '
Received from ('fd00::200:0:0:c', 8765, 0, 0): b' 672,12,11,1024,0,72,9,6,7,1,3,-52,0,573,6771,39,0,0 '
Received from ('fd00::200:0:0:7', 8765, 0, 0): b' 672,7,4,768,10,31,7,2,7,1,3,-70,0,602,7790,27,0,0 '
Received from ('fd00::200:0:0:a', 8765, 0, 0): b' 673,10,11,1024,0,52,5,4,7,1,1,-52,0,408,8315,34,0,0 '
Received from ('fd00::200:0:0:2', 8765, 0, 0): b' 673,2,1,512,0,67,12,1,6,1,1,-88,0,816,12495,45,0,0 '
Received from ('fd00::200:0:0:11', 8765, 0, 0): b' 673,17,16,1280,10,59,3,4,7,1,1,-52,0,737,8752,36,0,0 '
Received from ('fd00::200:0:0:4', 8765, 0, 0): b' 674,4,1,512,0,65,11,2,7,1,1,-66,1,737,12528,45,0,0 '
Received from ('fd00::200:0:0:10', 8765, 0, 0): b' 674,16,11,1024,20,54,7,8,7,1,2,-70,4,1831,19815,39,0,0 '
Received from ('fd00::200:0:0:8', 8765, 0, 0): b' 675,8,3,768,0,69,8,4,7,1,2,-70,2,787,15295,42,0,0 '
Received from ('fd00::200:0:0:3', 8765, 0, 0): b' 675,3,1,512,0,62,11,10,7,2,1,-64,10,3354,21232,45,0,0 '
Received from ('fd00::200:0:0:12', 8765, 0, 0): b' 674,18,14,1280,10,47,6,4,5,1,1,-52,0,565,6205,30,0,0 '
Received from ('fd00::200:0:0:15', 8765, 0, 0): b' 673,21,16,1280,0,63,3,3,5,1,1,-70,0,852,11960,36,0,0 '
Received from ('fd00::200:0:0:6', 8765, 0, 0): b' 676,6,3,768,0,64,8,3,7,1,2,-70,0,764,10628,34,0,0 '
Received from ('fd00::200:0:0:5', 8765, 0, 0): b' 676,5,1,512,0,70,12,1,6,1,1,-94,1,1099,16202,45,0,0 '
Received from ('fd00::200:0:0:13', 8765, 0, 0): b' 676,19,16,1280,0,59,3,3,7,1,1,-70,0,875,8688,33,0,0 '
Received from ('fd00::200:0:0:7', 8765, 0, 0): b' 677,7,4,768,0,31,7,2,7,1,3,-70,0,274,4445,27,0,0 '
Received from ('fd00::200:0:0:e', 8765, 0, 0): b' 677,14,11,1024,0,59,8,3,7,1,2,-70,1,577,6236,33,0,0 '
Received from ('fd00::200:0:0:b', 8765, 0, 0): b' 677,11,3,768,10,69,7,6,7,1,1,-95,10,3937,28330,43,0,0 '
Received from ('fd00::200:0:0:d', 8765, 0, 0): b' 677,13,8,1024,10,70,7,2,7,1,2,-70,0,513,11380,39,0,0 '
Received from ('fd00::200:0:0:11', 8765, 0, 0): b' 678,17,16,1280,0,62,3,4,7,1,1,-52,0,737,5891,37,0,0 '
Received from ('fd00::200:0:0:9', 8765, 0, 0): b' 678,9,5,768,0,53,8,4,7,1,2,-52,0,978,11076,31,0,0 '
Received from ('fd00::200:0:0:4', 8765, 0, 0): b' 678,4,1,512,0,66,11,2,7,1,1,-66,1,641,6803,45,0,0 '
Received from ('fd00::200:0:0:14', 8765, 0, 0): b' 679,20,16,1280,0,37,5,8,7,1,2,-52,0,611,7075,12,0,0 '
Received from ('fd00::200:0:0:c', 8765, 0, 0): b' 679,12,11,1024,0,72,9,6,7,1,3,-52,0,360,10192,40,0,0 '
Received from ('fd00::200:0:0:2', 8765, 0, 0): b' 679,2,1,512,0,69,12,1,6,1,1,-88,0,489,7795,45,0,0 '
Received from ('fd00::200:0:0:15', 8765, 0, 0): b' 679,21,16,1280,0,64,3,3,5,1,1,-70,0,468,7443,37,0,0 '
Received from ('fd00::200:0:0:3', 8765, 0, 0): b' 681,3,1,512,0,63,11,10,7,2,1,-64,10,3190,18411,45,0,0 '
Received from ('fd00::200:0:0:1', 5678, 0, 0): b' 681,1,0,256,0,22,0,0,4,0,0,0,10,2736,28732,694,0,0 '
Received from ('fd00::200:0:0:a', 8765, 0, 0): b' 681,10,11,1024,0,55,5,4,7,1,1,-52,0,768,10700,35,0,0 '
Received from ('fd00::200:0:0:13', 8765, 0, 0): b' 681,19,16,1280,10,59,3,3,7,1,1,-70,0,155,4239,33,0,0 '
Received from ('fd00::200:0:0:12', 8765, 0, 0): b' 682,18,14,1280,0,48,6,4,5,1,1,-52,0,612,7745,30,0,0 '
Received from ('fd00::200:0:0:f', 8765, 0, 0): b' 682,15,11,1024,0,28,4,9,7,1,2,-52,0,1025,11966,9,0,0 '
Received from ('fd00::200:0:0:e', 8765, 0, 0): b' 683,14,11,1024,0,59,8,3,7,1,2,-70,1,533,7445,33,0,0 '
Received from ('fd00::200:0:0:10', 8765, 0, 0): b' 683,16,11,1024,0,56,7,8,7,1,2,-70,4,2616,23900,39,0,0 '
Received from ('fd00::200:0:0:11', 8765, 0, 0): b' 683,17,16,1280,0,62,3,4,7,1,1,-52,0,277,4658,37,0,0 '
Received from ('fd00::200:0:0:8', 8765, 0, 0): b' 684,8,3,768,10,71,8,4,7,1,2,-70,2,1216,19367,43,0,0 '
Received from ('fd00::200:0:0:4', 8765, 0, 0): b' 685,4,1,512,0,68,11,2,7,1,1,-66,1,624,10666,45,0,0 '
Received from ('fd00::200:0:0:9', 8765, 0, 0): b' 685,9,5,768,0,53,8,4,7,1,2,-52,0,298,7093,31,0,0 '
Received from ('fd00::200:0:0:3', 8765, 0, 0): b' 687,3,1,512,0,63,11,10,7,2,1,-64,10,2100,14297,45,0,0 '
Received from ('fd00::200:0:0:6', 8765, 0, 0): b' 686,6,3,768,0,67,8,3,7,1,2,-70,0,790,10320,35,0,0 '
Received from ('fd00::200:0:0:b', 8765, 0, 0): b' 687,11,3,768,60,72,7,6,7,1,1,-95,10,4063,31868,43,0,0 '
Received from ('fd00::200:0:0:7', 8765, 0, 0): b' 687,7,4,768,0,31,7,2,7,1,3,-70,0,474,9513,28,0,0 '
Received from ('fd00::200:0:0:5', 8765, 0, 0): b' 687,5,1,512,10,72,12,1,6,1,1,-94,1,1164,17039,45,0,0 '
Received from ('fd00::200:0:0:13', 8765, 0, 0): b' 687,19,16,1280,0,62,3,3,7,1,1,-70,0,598,5757,33,0,0 '
Received from ('fd00::200:0:0:c', 8765, 0, 0): b' 687,12,11,1024,0,75,9,6,7,1,3,-52,0,700,12639,40,0,0 '
Received from ('fd00::200:0:0:d', 8765, 0, 0): b' 689,13,8,1024,0,75,7,2,7,1,2,-70,0,1226,14363,40,0,0 '
Received from ('fd00::200:0:0:2', 8765, 0, 0): b' 690,2,1,512,0,73,12,1,6,1,1,-88,0,916,13363,46,0,0 '
Received from ('fd00::200:0:0:12', 8765, 0, 0): b' 688,18,14,1280,10,49,6,4,5,1,1,-52,0,415,5539,31,0,0 '
Received from ('fd00::200:0:0:10', 8765, 0, 0): b' 690,16,11,1024,0,58,7,8,7,1,2,-70,4,1521,16489,40,0,0 '
Received from ('fd00::200:0:0:1', 5678, 0, 0): b' 691,1,0,256,0,22,0,0,4,0,0,0,10,2032,23986,704,0,0 '
Received from ('fd00::200:0:0:11', 8765, 0, 0): b' 691,17,16,1280,0,63,3,4,7,1,1,-52,0,383,6159,37,0,0 '
Received from ('fd00::200:0:0:b', 8765, 0, 0): b' 691,11,3,768,50,73,7,6,7,1,1,-95,10,1997,14686,44,0,0 '
Received from ('fd00::200:0:0:14', 8765, 0, 0): b' 690,20,16,1280,0,41,5,8,7,1,2,-52,0,899,10647,13,0,0 '
Received from ('fd00::200:0:0:8', 8765, 0, 0): b' 692,8,3,768,10,72,8,4,7,1,2,-70,2,875,16918,44,0,0 '
Received from ('fd00::200:0:0:f', 8765, 0, 0): b' 691,15,11,1024,0,31,4,9,7,1,2,-52,0,775,8469,10,0,0 '
Received from ('fd00::200:0:0:15', 8765, 0, 0): b' 692,21,16,1280,0,68,3,3,5,1,1,-70,0,867,13809,37,0,0 '
Received from ('fd00::200:0:0:3', 8765, 0, 0): b' 694,3,1,512,0,64,11,10,7,2,1,-64,10,3751,21372,46,0,0 '
Received from ('fd00::200:0:0:9', 8765, 0, 0): b' 693,9,5,768,0,53,8,4,7,1,2,-52,0,450,7527,32,0,0 '
Received from ('fd00::200:0:0:e', 8765, 0, 0): b' 693,14,11,1024,0,63,8,3,7,1,2,-70,1,1368,13207,34,0,0 '
Received from ('fd00::200:0:0:4', 8765, 0, 0): b' 694,4,1,512,0,71,11,2,7,1,1,-66,1,1125,13346,46,0,0 '
Received from ('fd00::200:0:0:13', 8765, 0, 0): b' 693,19,16,1280,0,62,3,3,7,1,1,-70,0,332,5964,34,0,0 '
Received from ('fd00::200:0:0:a', 8765, 0, 0): b' 693,10,11,1024,0,59,5,4,7,1,1,-52,0,930,14279,36,0,0 '
Received from ('fd00::200:0:0:d', 8765, 0, 0): b' 695,13,8,1024,0,76,7,2,7,1,2,-70,0,287,6663,40,0,0 '
Received from ('fd00::200:0:0:6', 8765, 0, 0): b' 695,6,3,768,0,70,8,3,7,1,2,-70,0,716,8033,35,0,0 '
Received from ('fd00::200:0:0:10', 8765, 0, 0): b' 695,16,11,1024,0,58,7,8,7,1,2,-70,4,1497,13823,40,0,0 '
Received from ('fd00::200:0:0:14', 8765, 0, 0): b' 695,20,16,1280,0,42,5,8,7,1,2,-52,0,384,4588,13,0,0 '
Received from ('fd00::200:0:0:c', 8765, 0, 0): b' 697,12,11,1024,0,78,9,6,7,1,3,-52,0,821,14695,41,0,0 '
Received from ('fd00::200:0:0:7', 8765, 0, 0): b' 696,7,4,768,0,31,7,2,7,1,3,-70,0,377,9214,29,0,0 '
Received from ('fd00::200:0:0:8', 8765, 0, 0): b' 697,8,3,768,0,73,8,4,7,1,2,-70,2,844,11636,44,0,0 '
Received from ('fd00::200:0:0:b', 8765, 0, 0): b' 697,11,3,768,10,75,7,6,7,1,1,-95,10,2761,19506,44,0,0 '
Received from ('fd00::200:0:0:5', 8765, 0, 0): b' 698,5,1,512,0,76,12,1,6,1,1,-94,1,1345,17805,46,0,0 '
Received from ('fd00::200:0:0:2', 8765, 0, 0): b' 698,2,1,512,0,76,12,1,6,1,1,-88,0,719,11116,47,0,0 '
Received from ('fd00::200:0:0:14', 8765, 0, 0): b' 699,20,16,1280,0,43,5,8,7,1,2,-52,0,318,4153,14,0,0 '
Received from ('fd00::200:0:0:6', 8765, 0, 0): b' 699,6,3,768,0,72,8,3,7,1,2,-70,0,492,4930,36,0,0 '
Received from ('fd00::200:0:0:f', 8765, 0, 0): b' 699,15,11,1024,0,31,4,9,7,1,2,-52,0,491,8252,10,0,0 '
Received from ('fd00::200:0:0:15', 8765, 0, 0): b' 699,21,16,1280,0,70,3,3,5,1,1,-70,0,599,9464,38,0,0 '
Received from ('fd00::200:0:0:12', 8765, 0, 0): b' 700,18,14,1280,10,53,6,4,5,1,1,-52,0,874,11389,31,0,0 '
Received from ('fd00::200:0:0:10', 8765, 0, 0): b' 700,16,11,1024,30,60,7,8,7,1,2,-70,4,1502,14110,41,0,0 '
Received from ('fd00::200:0:0:4', 8765, 0, 0): b' 701,4,1,512,10,74,11,2,7,1,1,-66,1,875,11328,47,0,0 '
Received from ('fd00::200:0:0:9', 8765, 0, 0): b' 701,9,5,768,0,56,8,4,7,1,2,-52,0,612,7704,32,0,0 '
Received from ('fd00::200:0:0:11', 8765, 0, 0): b' 700,17,16,1280,0,64,3,4,7,1,1,-52,0,584,8809,38,0,0 '
Received from ('fd00::200:0:0:d', 8765, 0, 0): b' 702,13,8,1024,0,77,7,2,7,1,2,-70,0,587,8842,41,0,0 '
Received from ('fd00::200:0:0:1', 5678, 0, 0): b' 702,1,0,256,0,22,0,0,4,0,0,0,10,2919,31419,717,0,0 '
Received from ('fd00::200:0:0:13', 8765, 0, 0): b' 701,19,16,1280,0,64,3,3,7,1,1,-70,0,611,7490,34,0,0 '
Received from ('fd00::200:0:0:3', 8765, 0, 0): b' 703,3,1,512,0,64,11,10,7,2,1,-64,10,4858,29157,46,0,0 '
Received from ('fd00::200:0:0:c', 8765, 0, 0): b' 701,12,11,1024,0,80,9,6,7,1,3,-52,0,491,7986,41,0,0 '
Received from ('fd00::200:0:0:a', 8765, 0, 0): b' 701,10,11,1024,0,62,5,4,7,1,1,-52,0,772,12141,37,0,0 '
Received from ('fd00::200:0:0:8', 8765, 0, 0): b' 705,8,3,768,0,77,8,4,7,1,2,-70,2,1066,16025,44,0,0 '
Received from ('fd00::200:0:0:b', 8765, 0, 0): b' 706,11,3,768,40,77,7,6,7,1,1,-95,10,3376,24553,44,0,0 '
Received from ('fd00::200:0:0:5', 8765, 0, 0): b' 704,5,1,512,0,78,12,1,6,1,1,-94,1,819,10268,47,0,0 '
Received from ('fd00::200:0:0:e', 8765, 0, 0): b' 702,14,11,1024,10,65,8,3,7,1,2,-70,1,1129,14108,35,0,0 '
Received from ('fd00::200:0:0:7', 8765, 0, 0): b' 706,7,4,768,0,32,7,2,7,1,3,-70,0,822,9339,29,0,0 '
Received from ('fd00::200:0:0:2', 8765, 0, 0): b' 706,2,1,512,0,79,12,1,6,1,1,-88,0,717,9980,47,0,0 '
Received from ('fd00::200:0:0:14', 8765, 0, 0): b' 705,20,16,1280,0,45,5,8,7,1,2,-52,0,587,7193,14,0,0 '
Received from ('fd00::200:0:0:3', 8765, 0, 0): b' 707,3,1,512,0,67,11,10,7,2,1,-64,10,2467,13618,47,0,0 '
Received from ('fd00::200:0:0:6', 8765, 0, 0): b' 707,6,3,768,0,74,8,3,7,1,2,-70,0,608,8177,36,0,0 '
Received from ('fd00::200:0:0:12', 8765, 0, 0): b' 706,18,14,1280,0,55,6,4,5,1,1,-52,0,572,6545,32,0,0 '
Received from ('fd00::200:0:0:1', 5678, 0, 0): b' 708,1,0,256,0,22,0,0,4,0,0,0,10,1619,15873,728,0,0 '
Received from ('fd00::200:0:0:10', 8765, 0, 0): b' 708,16,11,1024,0,64,7,8,7,1,2,-70,4,2118,19927,41,0,0 '
Received from ('fd00::200:0:0:11', 8765, 0, 0): b' 707,17,16,1280,0,67,3,4,7,1,1,-52,0,677,8593,39,0,0 '
Received from ('fd00::200:0:0:13', 8765, 0, 0): b' 707,19,16,1280,10,66,3,3,7,1,1,-70,0,463,7007,35,0,0 '
Received from ('fd00::200:0:0:4', 8765, 0, 0): b' 709,4,1,512,0,75,11,2,7,1,1,-66,1,822,13118,47,0,0 '
Received from ('fd00::200:0:0:d', 8765, 0, 0): b' 709,13,8,1024,10,81,7,2,7,1,2,-70,0,596,8864,41,0,0 '
Received from ('fd00::200:0:0:15', 8765, 0, 0): b' 709,21,16,1280,10,72,3,3,5,1,1,-70,0,667,11626,39,0,0 '
Received from ('fd00::200:0:0:b', 8765, 0, 0): b' 710,11,3,768,10,78,7,6,7,1,1,-95,10,2619,19094,45,0,0 '
Received from ('fd00::200:0:0:9', 8765, 0, 0): b' 709,9,5,768,0,56,8,4,7,1,2,-52,0,450,8475,33,0,0 '
Received from ('fd00::200:0:0:f', 8765, 0, 0): b' 711,15,11,1024,0,36,4,9,7,1,2,-52,0,1103,11028,11,0,0 '
Received from ('fd00::200:0:0:2', 8765, 0, 0): b' 710,2,1,512,10,81,12,1,6,1,1,-88,0,515,5411,48,0,0 '
Received from ('fd00::200:0:0:c', 8765, 0, 0): b' 713,12,11,1024,0,81,9,6,7,1,3,-52,0,588,14381,42,0,0 '
Received from ('fd00::200:0:0:14', 8765, 0, 0): b' 714,20,16,1280,0,49,5,8,7,1,2,-52,0,785,6817,15,0,0 '
Received from ('fd00::200:0:0:e', 8765, 0, 0): b' 712,14,11,1024,0,69,8,3,7,1,2,-70,1,1249,12357,35,0,0 '
Received from ('fd00::200:0:0:7', 8765, 0, 0): b' 712,7,4,768,0,32,7,2,7,1,3,-70,0,436,6274,30,0,0 '
Received from ('fd00::200:0:0:3', 8765, 0, 0): b' 713,3,1,512,0,69,11,10,7,2,1,-64,10,3249,17386,47,0,0 '
Received from ('fd00::200:0:0:a', 8765, 0, 0): b' 712,10,11,1024,0,66,5,4,7,1,1,-52,0,850,13044,37,0,0 '
Received from ('fd00::200:0:0:5', 8765, 0, 0): b' 712,5,1,512,0,78,12,1,6,1,1,-94,1,764,11954,47,0,0 '
Received from ('fd00::200:0:0:10', 8765, 0, 0): b' 712,16,11,1024,0,67,7,8,7,1,2,-70,4,1893,15827,41,0,0 '
Received from ('fd00::200:0:0:8', 8765, 0, 0): b' 715,8,3,768,0,78,8,4,7,1,2,-70,2,1107,19357,45,0,0 '
Received from ('fd00::200:0:0:f', 8765, 0, 0): b' 713,15,11,1024,0,38,4,9,7,1,2,-52,0,468,4089,11,0,0 '
Received from ('fd00::200:0:0:6', 8765, 0, 0): b' 717,6,3,768,0,76,8,3,7,1,2,-70,0,689,8883,37,0,0 '
Received from ('fd00::200:0:0:12', 8765, 0, 0): b' 716,18,14,1280,0,59,6,4,5,1,1,-52,0,849,9388,32,0,0 '
Received from ('fd00::200:0:0:d', 8765, 0, 0): b' 716,13,8,1024,0,82,7,2,7,1,2,-70,0,598,8901,42,0,0 '
Received from ('fd00::200:0:0:1', 5678, 0, 0): b' 716,1,0,256,0,22,0,0,4,0,0,0,10,2178,22608,737,0,0 '
Received from ('fd00::200:0:0:15', 8765, 0, 0): b' 717,21,16,1280,0,74,3,3,5,1,1,-70,0,641,8916,39,0,0 '
Received from ('fd00::200:0:0:2', 8765, 0, 0): b' 717,2,1,512,0,83,12,1,6,1,1,-88,0,513,8517,48,0,0 '
Received from ('fd00::200:0:0:7', 8765, 0, 0): b' 717,7,4,768,0,32,7,2,7,1,3,-70,0,273,4430,30,0,0 '
Received from ('fd00::200:0:0:3', 8765, 0, 0): b' 718,3,1,512,0,70,11,10,7,2,1,-64,10,2317,14160,47,0,0 '
Received from ('fd00::200:0:0:4', 8765, 0, 0): b' 718,4,1,512,0,79,11,2,7,1,1,-66,1,1295,13669,48,0,0 '
Received from ('fd00::200:0:0:13', 8765, 0, 0): b' 717,19,16,1280,0,68,3,3,7,1,1,-70,0,719,8618,35,0,0 '
Received from ('fd00::200:0:0:9', 8765, 0, 0): b' 717,9,5,768,0,58,8,4,7,1,2,-52,0,511,7400,33,0,0 '
Received from ('fd00::200:0:0:f', 8765, 0, 0): b' 717,15,11,1024,0,38,4,9,7,1,2,-52,0,308,4018,12,0,0 '
Received from ('fd00::200:0:0:c', 8765, 0, 0): b' 718,12,11,1024,0,85,9,7,7,1,3,-52,0,814,10875,43,0,0 '
Received from ('fd00::200:0:0:11', 8765, 0, 0): b' 720,17,16,1280,0,67,3,4,7,1,1,-52,0,445,10235,39,0,0 '
Received from ('fd00::200:0:0:5', 8765, 0, 0): b' 720,5,1,512,0,80,12,1,6,1,1,-94,1,898,11731,48,0,0 '
Received from ('fd00::200:0:0:8', 8765, 0, 0): b' 722,8,3,768,0,81,8,4,7,1,2,-70,2,877,15480,45,0,0 '
Received from ('fd00::200:0:0:b', 8765, 0, 0): b' 722,11,3,768,40,79,7,6,7,1,1,-95,10,4692,35606,46,0,0 '
Received from ('fd00::200:0:0:e', 8765, 0, 0): b' 719,14,11,1024,0,72,8,3,7,1,2,-70,1,1085,10276,36,0,0 '
Received from ('fd00::200:0:0:10', 8765, 0, 0): b' 719,16,11,1024,0,70,7,8,7,1,2,-70,4,1847,18239,42,0,0 '
Received from ('fd00::200:0:0:2', 8765, 0, 0): b' 722,2,1,512,0,85,12,1,6,1,1,-88,0,488,6432,48,0,0 '
Received from ('fd00::200:0:0:15', 8765, 0, 0): b' 720,21,16,1280,0,74,3,3,5,1,1,-70,0,276,6373,39,0,0 '
Received from ('fd00::200:0:0:9', 8765, 0, 0): b' 722,9,5,768,0,60,8,4,7,1,2,-52,0,519,5004,34,0,0 '
Received from ('fd00::200:0:0:a', 8765, 0, 0): b' 723,10,11,1024,0,66,5,4,7,1,1,-52,0,478,12373,38,0,0 '
Received from ('fd00::200:0:0:7', 8765, 0, 0): b' 724,7,4,768,10,32,7,2,7,1,3,-70,0,273,6094,31,0,0 '
Received from ('fd00::200:0:0:14', 8765, 0, 0): b' 723,20,16,1280,0,49,5,8,7,1,2,-52,0,631,10593,15,0,0 '
Received from ('fd00::200:0:0:4', 8765, 0, 0): b' 724,4,1,512,10,81,11,2,7,1,1,-66,1,796,10082,48,0,0 '
Received from ('fd00::200:0:0:6', 8765, 0, 0): b' 725,6,3,768,0,77,8,3,7,1,2,-70,0,404,7979,37,0,0 '
Received from ('fd00::200:0:0:12', 8765, 0, 0): b' 723,18,14,1280,0,60,6,4,5,1,1,-52,0,463,8384,33,0,0 '
Received from ('fd00::200:0:0:13', 8765, 0, 0): b' 724,19,16,1280,20,71,3,3,7,1,1,-70,0,570,8228,36,0,0 '
Received from ('fd00::200:0:0:10', 8765, 0, 0): b' 726,16,11,1024,0,72,7,8,7,1,2,-70,4,1699,17363,42,0,0 '
Received from ('fd00::200:0:0:5', 8765, 0, 0): b' 726,5,1,512,0,83,12,1,6,1,1,-94,1,935,10078,48,0,0 '
Received from ('fd00::200:0:0:1', 5678, 0, 0): b' 727,1,0,256,0,22,0,0,4,0,0,0,10,2817,29183,753,0,0 '
Received from ('fd00::200:0:0:d', 8765, 0, 0): b' 727,13,8,1024,0,86,7,2,7,1,2,-70,0,932,14155,43,0,0 '
Received from ('fd00::200:0:0:c', 8765, 0, 0): b' 727,12,11,1024,0,88,9,7,7,1,3,-52,0,747,13190,43,0,0 '
Received from ('fd00::200:0:0:11', 8765, 0, 0): b' 727,17,16,1280,0,68,3,4,7,1,1,-52,0,561,8540,40,0,0 '
Received from ('fd00::200:0:0:3', 8765, 0, 0): b' 728,3,1,512,0,73,11,10,7,2,1,-64,10,5416,32766,48,0,0 '
Received from ('fd00::200:0:0:e', 8765, 0, 0): b' 728,14,11,1024,10,77,8,3,7,1,2,-70,1,1303,11941,36,0,0 '
Received from ('fd00::200:0:0:14', 8765, 0, 0): b' 728,20,16,1280,0,52,5,8,7,1,2,-52,0,654,5736,16,0,0 '
Received from ('fd00::200:0:0:7', 8765, 0, 0): b' 729,7,4,768,0,32,7,2,7,1,3,-70,0,330,5738,31,0,0 '
Received from ('fd00::200:0:0:6', 8765, 0, 0): b' 729,6,3,768,10,79,8,3,7,1,2,-70,0,412,4575,38,0,0 '
Received from ('fd00::200:0:0:12', 8765, 0, 0): b' 728,18,14,1280,0,63,6,4,5,1,1,-52,0,615,4755,33,0,0 '
Received from ('fd00::200:0:0:f', 8765, 0, 0): b' 730,15,11,1024,0,42,4,9,7,1,2,-52,0,1036,11529,12,0,0 '
Received from ('fd00::200:0:0:2', 8765, 0, 0): b' 730,2,1,512,0,86,12,1,6,1,1,-88,0,456,9192,49,0,0 '
Received from ('fd00::200:0:0:4', 8765, 0, 0): b' 730,4,1,512,0,85,11,2,7,1,1,-66,1,1000,9802,49,0,0 '
Received from ('fd00::200:0:0:8', 8765, 0, 0): b' 729,8,3,768,0,83,8,4,7,1,2,-70,2,1292,20205,46,0,0 '
Received from ('fd00::200:0:0:a', 8765, 0, 0): b' 730,10,11,1024,10,69,5,4,7,1,1,-52,0,491,7656,38,0,0 '
Received from ('fd00::200:0:0:9', 8765, 0, 0): b' 730,9,5,768,0,62,8,4,7,1,2,-52,0,511,7600,34,0,0 '
Received from ('fd00::200:0:0:15', 8765, 0, 0): b' 729,21,16,1280,10,78,3,3,5,1,1,-70,0,812,11190,40,0,0 '
Received from ('fd00::200:0:0:1', 5678, 0, 0): b' 732,1,0,256,0,22,0,0,4,0,0,0,10,1227,13599,758,0,0 '
Received from ('fd00::200:0:0:b', 8765, 0, 0): b' 733,11,3,768,20,81,7,6,7,1,1,-95,10,5329,39260,46,0,0 '
Received from ('fd00::200:0:0:5', 8765, 0, 0): b' 733,5,1,512,10,84,12,1,6,1,1,-94,1,665,9331,49,0,0 '
Received from ('fd00::200:0:0:10', 8765, 0, 0): b' 732,16,11,1024,0,73,7,8,7,1,2,-70,4,1448,14064,43,0,0 '
Received from ('fd00::200:0:0:11', 8765, 0, 0): b' 733,17,16,1280,0,70,3,4,7,1,1,-52,0,546,6038,41,0,0 '
Received from ('fd00::200:0:0:7', 8765, 0, 0): b' 734,7,4,768,10,32,7,2,7,1,3,-70,0,249,4583,31,0,0 '
Received from ('fd00::200:0:0:c', 8765, 0, 0): b' 733,12,11,1024,0,91,9,7,7,1,3,-52,0,678,10672,44,0,0 '
Received from ('fd00::200:0:0:9', 8765, 0, 0): b' 735,9,5,768,20,63,8,4,7,1,2,-52,0,249,3973,34,0,0 '
Received from ('fd00::200:0:0:d', 8765, 0, 0): b' 736,13,8,1024,0,89,7,2,7,1,2,-70,0,742,10485,43,0,0 '
Received from ('fd00::200:0:0:15', 8765, 0, 0): b' 734,21,16,1280,0,78,3,3,5,1,1,-70,0,278,6019,40,0,0 '
Received from ('fd00::200:0:0:14', 8765, 0, 0): b' 735,20,16,1280,0,53,5,8,7,1,2,-52,0,383,5966,16,0,0 '
Received from ('fd00::200:0:0:13', 8765, 0, 0): b' 735,19,16,1280,0,74,3,3,7,1,1,-70,0,930,10844,37,0,0 '
Received from ('fd00::200:0:0:e', 8765, 0, 0): b' 736,14,11,1024,0,78,8,3,7,1,2,-70,1,872,10160,37,0,0 '
Received from ('fd00::200:0:0:a', 8765, 0, 0): b' 736,10,11,1024,0,71,5,4,7,1,1,-52,0,775,8953,39,0,0 '
Received from ('fd00::200:0:0:2', 8765, 0, 0): b' 738,2,1,512,10,87,12,1,6,1,1,-88,0,502,9704,49,0,0 '
Received from ('fd00::200:0:0:8', 8765, 0, 0): b' 739,8,3,768,0,85,8,4,7,1,2,-70,2,910,16407,47,0,0 '
Received from ('fd00::200:0:0:12', 8765, 0, 0): b' 736,18,14,1280,0,65,6,4,5,1,1,-52,0,719,8279,34,0,0 '
Received from ('fd00::200:0:0:10', 8765, 0, 0): b' 738,16,11,1024,0,73,7,8,7,1,2,-70,4,1671,16421,43,0,0 '
Received from ('fd00::200:0:0:f', 8765, 0, 0): b' 739,15,11,1024,10,44,4,9,7,1,2,-52,0,586,9079,13,0,0 '
Received from ('fd00::200:0:0:6', 8765, 0, 0): b' 740,6,3,768,10,81,8,3,7,1,2,-70,0,740,9956,38,0,0 '
Received from ('fd00::200:0:0:4', 8765, 0, 0): b' 740,4,1,512,0,89,11,2,7,1,1,-66,1,1217,15285,49,0,0 '
Received from ('fd00::200:0:0:3', 8765, 0, 0): b' 741,3,1,512,10,74,11,10,7,2,1,-64,10,6065,34385,49,0,0 '
Received from ('fd00::200:0:0:b', 8765, 0, 0): b' 740,11,3,768,10,82,7,6,7,1,1,-95,10,3418,23031,47,0,0 '
Received from ('fd00::200:0:0:c', 8765, 0, 0): b' 740,12,11,1024,0,91,9,7,7,1,3,-52,0,305,7907,44,0,0 '
Received from ('fd00::200:0:0:d', 8765, 0, 0): b' 740,13,8,1024,0,90,7,2,7,1,2,-70,0,359,5144,43,0,0 '
Received from ('fd00::200:0:0:14', 8765, 0, 0): b' 740,20,16,1280,0,53,5,8,7,1,2,-52,0,276,4444,16,0,0 '
Received from ('fd00::200:0:0:5', 8765, 0, 0): b' 742,5,1,512,20,87,12,1,6,1,1,-94,1,1109,13995,49,0,0 '
Received from ('fd00::200:0:0:7', 8765, 0, 0): b' 742,7,4,768,0,32,7,2,7,1,3,-70,0,354,7286,32,0,0 '
Received from ('fd00::200:0:0:a', 8765, 0, 0): b' 743,10,11,1024,0,74,5,4,7,1,1,-52,0,597,7276,39,0,0 '
Received from ('fd00::200:0:0:11', 8765, 0, 0): b' 742,17,16,1280,0,72,3,4,7,1,1,-52,0,635,8167,41,0,0 '
Received from ('fd00::200:0:0:1', 5678, 0, 0): b' 744,1,0,256,0,22,0,0,4,0,0,0,10,3061,32451,775,0,0 '
Received from ('fd00::200:0:0:10', 8765, 0, 0): b' 744,16,11,1024,0,74,7,8,7,1,2,-70,4,1513,15937,43,0,0 '
Received from ('fd00::200:0:0:e', 8765, 0, 0): b' 743,14,11,1024,0,79,8,3,7,1,2,-70,1,846,9657,37,0,0 '
Received from ('fd00::200:0:0:9', 8765, 0, 0): b' 745,9,5,768,0,66,8,4,7,1,2,-52,0,903,9596,35,0,0 '
Received from ('fd00::200:0:0:15', 8765, 0, 0): b' 743,21,16,1280,0,81,3,3,5,1,1,-70,0,826,11057,41,0,0 '
Received from ('fd00::200:0:0:2', 8765, 0, 0): b' 745,2,1,512,0,89,12,1,6,1,1,-88,0,588,8512,50,0,0 '
Received from ('fd00::200:0:0:8', 8765, 0, 0): b' 745,8,3,768,0,86,8,4,7,1,2,-70,2,845,14537,47,0,0 '
Received from ('fd00::200:0:0:3', 8765, 0, 0): b' 746,3,1,512,10,76,11,10,7,2,1,-64,10,2581,15095,49,0,0 '
Received from ('fd00::200:0:0:14', 8765, 0, 0): b' 744,20,16,1280,10,56,5,8,7,1,2,-52,0,588,4753,17,0,0 '
Received from ('fd00::200:0:0:13', 8765, 0, 0): b' 746,19,16,1280,0,78,3,3,7,1,1,-70,0,850,10115,37,0,0 '
Received from ('fd00::200:0:0:6', 8765, 0, 0): b' 749,6,3,768,0,84,8,3,7,1,2,-70,0,699,8724,39,0,0 '
Received from ('fd00::200:0:0:b', 8765, 0, 0): b' 749,11,3,768,40,84,7,6,7,1,1,-95,10,3428,26528,47,0,0 '
Received from ('fd00::200:0:0:d', 8765, 0, 0): b' 748,13,8,1024,10,93,7,2,7,1,2,-70,0,680,9464,44,0,0 '
Received from ('fd00::200:0:0:12', 8765, 0, 0): b' 746,18,14,1280,10,68,6,4,5,1,1,-52,0,621,8276,35,0,0 '
Received from ('fd00::200:0:0:4', 8765, 0, 0): b' 749,4,1,512,0,93,11,2,7,1,1,-66,1,1200,14365,50,0,0 '
Received from ('fd00::200:0:0:f', 8765, 0, 0): b' 749,15,11,1024,0,48,4,9,7,1,2,-52,0,989,9228,14,0,0 '
Received from ('fd00::200:0:0:e', 8765, 0, 0): b' 749,14,11,1024,0,80,8,3,7,1,2,-70,1,641,6144,38,0,0 '
Received from ('fd00::200:0:0:a', 8765, 0, 0): b' 750,10,11,1024,0,78,5,4,7,1,1,-52,0,760,8452,40,0,0 '
Received from ('fd00::200:0:0:9', 8765, 0, 0): b' 750,9,5,768,0,69,8,4,7,1,2,-52,0,594,5530,35,0,0 '
Received from ('fd00::200:0:0:3', 8765, 0, 0): b' 752,3,1,512,10,77,11,10,7,2,1,-64,10,3146,18581,50,0,0 '
Received from ('fd00::200:0:0:c', 8765, 0, 0): b' 750,12,11,1024,0,94,9,7,7,1,3,-52,0,774,13716,45,0,0 '
Received from ('fd00::200:0:0:7', 8765, 0, 0): b' 752,7,4,768,0,32,7,2,7,1,3,-70,0,418,9387,32,0,0 '
Received from ('fd00::200:0:0:11', 8765, 0, 0): b' 753,17,16,1280,0,75,3,4,7,1,1,-52,0,677,8157,42,0,0 '
Received from ('fd00::200:0:0:10', 8765, 0, 0): b' 753,16,11,1024,0,74,7,8,7,1,2,-70,4,1916,20533,44,0,0 '
Received from ('fd00::200:0:0:5', 8765, 0, 0): b' 753,5,1,512,0,90,12,1,6,1,1,-94,1,1599,18040,50,0,0 '
Received from ('fd00::200:0:0:2', 8765, 0, 0): b' 752,2,1,512,10,91,12,1,6,1,1,-88,0,488,8752,50,0,0 '
Received from ('fd00::200:0:0:1', 5678, 0, 0): b' 753,1,0,256,0,22,0,0,4,0,0,0,10,2183,22829,788,0,0 '
Received from ('fd00::200:0:0:c', 8765, 0, 0): b' 754,12,11,1024,0,94,9,7,7,1,3,-52,0,184,6017,45,0,0 '
Received from ('fd00::200:0:0:6', 8765, 0, 0): b' 755,6,3,768,0,87,8,3,7,1,2,-70,0,594,6063,39,0,0 '
Received from ('fd00::200:0:0:15', 8765, 0, 0): b' 754,21,16,1280,0,84,3,3,5,1,1,-70,0,775,11238,42,0,0 '
Received from ('fd00::200:0:0:b', 8765, 0, 0): b' 755,11,3,768,0,85,7,6,7,1,1,-95,10,2914,20951,48,0,0 '
Received from ('fd00::200:0:0:14', 8765, 0, 0): b' 754,20,16,1280,10,58,5,8,7,1,2,-52,0,622,8595,17,0,0 '
Received from ('fd00::200:0:0:4', 8765, 0, 0): b' 755,4,1,512,10,94,11,2,7,1,1,-66,1,670,8879,50,0,0 '
Received from ('fd00::200:0:0:d', 8765, 0, 0): b' 755,13,8,1024,0,95,7,2,7,1,2,-70,0,515,8538,44,0,0 '
Received from ('fd00::200:0:0:12', 8765, 0, 0): b' 756,18,14,1280,0,70,6,4,5,1,1,-52,0,692,9017,35,0,0 '
Received from ('fd00::200:0:0:3', 8765, 0, 0): b' 757,3,1,512,10,78,11,10,7,2,1,-64,10,2753,15502,50,0,0 '
Received from ('fd00::200:0:0:f', 8765, 0, 0): b' 757,15,11,1024,10,50,4,9,7,1,2,-52,0,528,8310,14,0,0 '
Received from ('fd00::200:0:0:8', 8765, 0, 0): b' 757,8,3,768,0,89,8,4,7,1,2,-70,2,1595,24854,48,0,0 '
Received from ('fd00::200:0:0:13', 8765, 0, 0): b' 757,19,16,1280,0,81,3,3,7,1,1,-70,0,823,10811,38,0,0 '
Received from ('fd00::200:0:0:e', 8765, 0, 0): b' 758,14,11,1024,0,83,8,3,7,1,2,-70,1,1055,11822,38,0,0 '
Received from ('fd00::200:0:0:5', 8765, 0, 0): b' 758,5,1,512,10,91,12,1,6,1,1,-94,1,471,7303,50,0,0 '
Received from ('fd00::200:0:0:a', 8765, 0, 0): b' 760,10,11,1024,0,81,5,4,7,1,1,-52,0,742,12592,40,0,0 '
Received from ('fd00::200:0:0:10', 8765, 0, 0): b' 760,16,11,1024,20,75,7,8,7,1,2,-70,4,1809,18877,44,0,0 '
Received from ('fd00::200:0:0:b', 8765, 0, 0): b' 761,11,3,768,30,85,7,6,7,1,1,-95,10,2108,18594,48,0,0 '
Received from ('fd00::200:0:0:6', 8765, 0, 0): b' 761,6,3,768,0,89,8,3,7,1,2,-70,0,543,6472,40,0,0 '
Received from ('fd00::200:0:0:9', 8765, 0, 0): b' 761,9,5,768,0,72,8,4,7,1,2,-52,0,865,10735,36,0,0 '
Received from ('fd00::200:0:0:4', 8765, 0, 0): b' 761,4,1,512,0,95,11,2,7,1,1,-66,1,639,9773,51,0,0 '
Received from ('fd00::200:0:0:2', 8765, 0, 0): b' 760,2,1,512,0,93,12,1,6,1,1,-88,0,709,11313,51,0,0 '
Received from ('fd00::200:0:0:7', 8765, 0, 0): b' 761,7,4,768,0,34,7,2,7,1,3,-70,0,896,9136,33,0,0 '
Received from ('fd00::200:0:0:1', 5678, 0, 0): b' 762,1,0,256,0,22,0,0,4,0,0,0,10,2143,23554,798,0,0 '
Received from ('fd00::200:0:0:15', 8765, 0, 0): b' 759,21,16,1280,0,85,3,3,5,1,1,-70,0,412,6970,42,0,0 '
Received from ('fd00::200:0:0:11', 8765, 0, 0): b' 761,17,16,1280,0,80,3,4,7,1,1,-52,0,956,10016,42,0,0 '
Received from ('fd00::200:0:0:14', 8765, 0, 0): b' 762,20,16,1280,0,60,5,8,7,1,2,-52,0,668,7228,18,0,0 '
Received from ('fd00::200:0:0:12', 8765, 0, 0): b' 763,18,14,1280,0,73,6,4,5,1,1,-52,0,653,6645,36,0,0 '
Received from ('fd00::200:0:0:8', 8765, 0, 0): b' 764,8,3,768,10,90,8,4,7,1,2,-70,2,591,13064,48,0,0 '
Received from ('fd00::200:0:0:d', 8765, 0, 0): b' 764,13,8,1024,0,96,7,2,7,1,2,-70,0,681,11776,45,0,0 '
Received from ('fd00::200:0:0:4', 8765, 0, 0): b' 765,4,1,512,0,97,11,2,7,1,1,-66,1,662,7838,51,0,0 '
Received from ('fd00::200:0:0:a', 8765, 0, 0): b' 765,10,11,1024,0,81,5,4,7,1,1,-52,0,212,5182,41,0,0 '
Received from ('fd00::200:0:0:c', 8765, 0, 0): b' 765,12,11,1024,10,97,9,7,7,1,3,-52,0,868,15614,46,0,0 '
Received from ('fd00::200:0:0:1', 5678, 0, 0): b' 766,1,0,256,0,22,0,0,4,0,0,0,10,1271,12545,806,0,0 '
Received from ('fd00::200:0:0:e', 8765, 0, 0): b' 764,14,11,1024,0,83,8,3,7,1,2,-70,1,768,8381,39,0,0 '
Received from ('fd00::200:0:0:5', 8765, 0, 0): b' 766,5,1,512,0,95,12,1,6,1,1,-94,1,1278,14460,51,0,0 '
Received from ('fd00::200:0:0:10', 8765, 0, 0): b' 766,16,11,1024,10,75,7,8,7,1,2,-70,4,1490,15540,45,0,0 '
Received from ('fd00::200:0:0:3', 8765, 0, 0): b' 767,3,1,512,0,82,11,10,7,2,1,-64,10,5606,34199,51,0,0 '
Received from ('fd00::200:0:0:14', 8765, 0, 0): b' 767,20,16,1280,0,60,5,8,7,1,2,-52,0,245,5050,18,0,0 '
Received from ('fd00::200:0:0:f', 8765, 0, 0): b' 768,15,11,1024,0,52,4,9,7,1,2,-52,0,799,10407,15,0,0 '
Received from ('fd00::200:0:0:b', 8765, 0, 0): b' 770,11,3,768,60,89,7,6,7,1,1,-95,10,4359,30287,49,0,0 '
Received from ('fd00::200:0:0:9', 8765, 0, 0): b' 768,9,5,768,0,74,8,4,7,1,2,-52,0,592,8627,37,0,0 '
Received from ('fd00::200:0:0:15', 8765, 0, 0): b' 767,21,16,1280,0,86,3,3,5,1,1,-70,0,463,8852,43,0,0 '
Received from ('fd00::200:0:0:6', 8765, 0, 0): b' 770,6,3,768,10,92,8,3,7,1,2,-70,0,715,8859,40,0,0 '
Received from ('fd00::200:0:0:12', 8765, 0, 0): b' 769,18,14,1280,0,74,6,4,5,1,1,-52,0,383,5315,36,0,0 '
Received from ('fd00::200:0:0:11', 8765, 0, 0): b' 767,17,16,1280,0,82,3,4,7,1,1,-52,0,547,5977,43,0,0 '
Received from ('fd00::200:0:0:d', 8765, 0, 0): b' 770,13,8,1024,0,97,7,2,7,1,2,-70,0,383,7249,45,0,0 '
Received from ('fd00::200:0:0:c', 8765, 0, 0): b' 770,12,11,1024,0,98,9,7,7,1,3,-52,0,413,8409,46,0,0 '
Received from ('fd00::200:0:0:13', 8765, 0, 0): b' 769,19,16,1280,0,85,3,3,7,1,1,-70,0,1000,11758,39,0,0 '
Received from ('fd00::200:0:0:10', 8765, 0, 0): b' 770,16,11,1024,0,76,7,8,7,1,2,-70,4,1458,12221,45,0,0 '
Received from ('fd00::200:0:0:e', 8765, 0, 0): b' 771,14,11,1024,0,84,8,3,7,1,2,-70,1,734,8895,39,0,0 '
Received from ('fd00::200:0:0:2', 8765, 0, 0): b' 771,2,1,512,0,95,12,1,6,1,1,-88,0,709,13185,52,0,0 '
Received from ('fd00::200:0:0:15', 8765, 0, 0): b' 771,21,16,1280,0,86,3,3,5,1,1,-70,0,280,4830,43,0,0 '
Received from ('fd00::200:0:0:f', 8765, 0, 0): b' 772,15,11,1024,0,55,4,9,7,1,2,-52,0,574,5043,15,0,0 '
Received from ('fd00::200:0:0:7', 8765, 0, 0): b' 773,7,4,768,0,34,7,2,7,1,3,-70,0,712,11203,34,0,0 '
Received from ('fd00::200:0:0:1', 5678, 0, 0): b' 774,1,0,256,0,22,0,0,4,0,0,0,10,1842,20298,815,0,0 '
Received from ('fd00::200:0:0:5', 8765, 0, 0): b' 773,5,1,512,10,99,12,1,6,1,1,-94,1,1083,11241,51,0,0 '
Received from ('fd00::200:0:0:8', 8765, 0, 0): b' 774,8,3,768,0,94,8,4,7,1,2,-70,2,1704,23198,49,0,0 '
Received from ('fd00::200:0:0:4', 8765, 0, 0): b' 775,4,1,512,0,98,11,2,7,1,1,-66,1,866,14354,52,0,0 '
Received from ('fd00::200:0:0:a', 8765, 0, 0): b' 776,10,11,1024,10,84,5,4,7,1,1,-52,0,836,14710,42,0,0 '
Received from ('fd00::200:0:0:12', 8765, 0, 0): b' 776,18,14,1280,0,77,6,4,5,1,1,-52,0,621,7322,36,0,0 '
Received from ('fd00::200:0:0:3', 8765, 0, 0): b' 776,3,1,512,10,86,11,10,7,2,1,-64,10,4730,26719,51,0,0 '
Received from ('fd00::200:0:0:11', 8765, 0, 0): b' 777,17,16,1280,0,84,3,4,7,1,1,-52,0,705,9248,43,0,0 '
Received from ('fd00::200:0:0:2', 8765, 0, 0): b' 777,2,1,512,0,100,12,1,6,1,1,-88,0,804,7683,52,0,0 '
Received from ('fd00::200:0:0:d', 8765, 0, 0): b' 777,13,8,1024,0,101,7,2,7,1,2,-70,0,884,9200,46,0,0 '
Received from ('fd00::200:0:0:13', 8765, 0, 0): b' 777,19,16,1280,10,88,3,3,7,1,1,-70,0,696,7746,39,0,0 '
Received from ('fd00::200:0:0:c', 8765, 0, 0): b' 779,12,11,1024,0,102,9,7,7,1,3,-52,0,849,13215,46,0,0 '
Received from ('fd00::200:0:0:b', 8765, 0, 0): b' 779,11,3,768,40,91,7,6,7,1,1,-95,10,4331,31472,49,0,0 '
Received from ('fd00::200:0:0:14', 8765, 0, 0): b' 779,20,16,1280,0,62,5,8,7,1,2,-52,0,878,11205,19,0,0 '
Received from ('fd00::200:0:0:6', 8765, 0, 0): b' 780,6,3,768,0,95,8,3,7,1,2,-70,0,814,10674,41,0,0 '
Received from ('fd00::200:0:0:9', 8765, 0, 0): b' 780,9,5,768,0,77,8,4,7,1,2,-52,0,739,10792,37,0,0 '
Received from ('fd00::200:0:0:4', 8765, 0, 0): b' 780,4,1,512,0,99,11,2,7,1,1,-66,1,414,7506,52,0,0 '
Received from ('fd00::200:0:0:10', 8765, 0, 0): b' 780,16,11,1024,10,79,7,8,7,1,2,-70,4,2464,25618,46,0,0 '
Received from ('fd00::200:0:0:1', 5678, 0, 0): b' 781,1,0,256,0,22,0,0,4,0,0,0,10,1788,20073,825,0,0 '
Received from ('fd00::200:0:0:8', 8765, 0, 0): b' 781,8,3,768,0,96,8,4,7,1,2,-70,2,776,14368,49,0,0 '
Received from ('fd00::200:0:0:7', 8765, 0, 0): b' 781,7,4,768,0,34,7,2,7,1,3,-70,0,395,7564,34,0,0 '
Received from ('fd00::200:0:0:e', 8765, 0, 0): b' 781,14,11,1024,0,88,8,3,7,1,2,-70,1,1413,13153,40,0,0 '
Received from ('fd00::200:0:0:15', 8765, 0, 0): b' 781,21,16,1280,0,88,3,3,5,1,1,-70,0,705,12004,43,0,0 '
Received from ('fd00::200:0:0:12', 8765, 0, 0): b' 781,18,14,1280,0,78,6,4,5,1,1,-52,0,481,5334,37,0,0 '
Received from ('fd00::200:0:0:f', 8765, 0, 0): b' 782,15,11,1024,0,58,4,9,7,1,2,-52,0,701,9731,16,0,0 '
Received from ('fd00::200:0:0:14', 8765, 0, 0): b' 783,20,16,1280,0,63,5,8,7,1,2,-52,0,263,4122,19,0,0 '
Received from ('fd00::200:0:0:d', 8765, 0, 0): b' 783,13,8,1024,0,104,7,2,7,1,2,-70,0,591,7370,46,0,0 '
Received from ('fd00::200:0:0:b', 8765, 0, 0): b' 784,11,3,768,30,93,7,6,7,1,1,-95,10,2488,17428,50,0,0 '
Received from ('fd00::200:0:0:2', 8765, 0, 0): b' 783,2,1,512,10,100,12,1,6,1,1,-88,0,345,7625,52,0,0 '
Received from ('fd00::200:0:0:13', 8765, 0, 0): b' 784,19,16,1280,0,89,3,3,7,1,1,-70,0,464,7055,40,0,0 '
Received from ('fd00::200:0:0:c', 8765, 0, 0): b' 786,12,11,1024,0,103,9,7,7,1,3,-52,0,469,10696,47,0,0 '
Received from ('fd00::200:0:0:5', 8765, 0, 0): b' 785,5,1,512,0,101,12,1,6,1,1,-94,1,1216,18146,52,0,0 '
Received from ('fd00::200:0:0:10', 8765, 0, 0): b' 785,16,11,1024,0,81,7,8,7,1,2,-70,4,1428,13486,46,0,0 '
Received from ('fd00::200:0:0:3', 8765, 0, 0): b' 786,3,1,512,0,88,11,10,7,2,1,-64,10,5262,28731,52,0,0 '
Received from ('fd00::200:0:0:11', 8765, 0, 0): b' 786,17,16,1280,0,85,3,4,7,1,1,-52,0,561,7899,44,0,0 '
Received from ('fd00::200:0:0:a', 8765, 0, 0): b' 787,10,11,1024,0,86,5,4,7,1,1,-52,0,814,13396,42,0,0 '
Received from ('fd00::200:0:0:e', 8765, 0, 0): b' 787,14,11,1024,0,90,8,3,7,1,2,-70,1,777,8002,40,0,0 '
Received from ('fd00::200:0:0:f', 8765, 0, 0): b' 787,15,11,1024,0,59,4,9,7,1,2,-52,0,383,4600,16,0,0 '
Received from ('fd00::200:0:0:12', 8765, 0, 0): b' 787,18,14,1280,0,80,6,4,5,1,1,-52,0,490,5558,37,0,0 '
Received from ('fd00::200:0:0:1', 5678, 0, 0): b' 788,1,0,256,0,22,0,0,4,0,0,0,10,1896,18708,834,0,0 '
Received from ('fd00::200:0:0:9', 8765, 0, 0): b' 789,9,5,768,10,80,8,4,7,1,2,-52,0,772,8169,38,0,0 '
Received from ('fd00::200:0:0:6', 8765, 0, 0): b' 791,6,3,768,0,96,8,3,7,1,2,-70,0,582,9729,42,0,0 '
Received from ('fd00::200:0:0:7', 8765, 0, 0): b' 791,7,4,768,0,34,7,2,7,1,3,-70,0,377,8896,35,0,0 '
Received from ('fd00::200:0:0:15', 8765, 0, 0): b' 791,21,16,1280,0,89,3,3,5,1,1,-70,0,510,11383,44,0,0 '
Received from ('fd00::200:0:0:4', 8765, 0, 0): b' 791,4,1,512,0,104,11,2,7,1,1,-66,1,1590,17651,53,0,0 '
Received from ('fd00::200:0:0:c', 8765, 0, 0): b' 792,12,11,1024,0,107,9,7,7,1,3,-52,0,706,9433,47,0,0 '
Received from ('fd00::200:0:0:f', 8765, 0, 0): b' 792,15,11,1024,0,59,4,9,7,1,2,-52,0,252,4179,16,0,0 '
Received from ('fd00::200:0:0:2', 8765, 0, 0): b' 791,2,1,512,0,102,12,1,6,1,1,-88,0,613,10197,53,0,0 '
Received from ('fd00::200:0:0:e', 8765, 0, 0): b' 792,14,11,1024,0,91,8,3,7,1,2,-70,1,845,7533,41,0,0 '
Received from ('fd00::200:0:0:a', 8765, 0, 0): b' 793,10,11,1024,0,89,5,4,7,1,1,-52,0,654,7558,43,0,0 '
Received from ('fd00::200:0:0:8', 8765, 0, 0): b' 793,8,3,768,0,97,8,4,7,1,2,-70,2,1183,23683,50,0,0 '
Received from ('fd00::200:0:0:b', 8765, 0, 0): b' 793,11,3,768,20,93,7,6,7,1,1,-95,10,4114,29976,50,0,0 '
Received from ('fd00::200:0:0:14', 8765, 0, 0): b' 793,20,16,1280,0,64,5,8,7,1,2,-52,0,584,9424,20,0,0 '
Received from ('fd00::200:0:0:9', 8765, 0, 0): b' 793,9,5,768,0,81,8,4,7,1,2,-52,0,381,4619,38,0,0 '
Received from ('fd00::200:0:0:d', 8765, 0, 0): b' 795,13,8,1024,0,105,7,2,7,1,2,-70,0,636,13611,47,0,0 '
Received from ('fd00::200:0:0:11', 8765, 0, 0): b' 796,17,16,1280,0,90,3,4,7,1,1,-52,0,915,9836,45,0,0 '
Received from ('fd00::200:0:0:5', 8765, 0, 0): b' 795,5,1,512,0,103,12,1,6,1,1,-94,1,1272,16707,53,0,0 '
Received from ('fd00::200:0:0:13', 8765, 0, 0): b' 795,19,16,1280,0,90,3,3,7,1,1,-70,0,608,10387,41,0,0 '
Received from ('fd00::200:0:0:12', 8765, 0, 0): b' 795,18,14,1280,0,85,6,4,5,1,1,-52,0,982,8212,38,0,0 '
Received from ('fd00::200:0:0:10', 8765, 0, 0): b' 796,16,11,1024,0,82,7,8,7,1,2,-70,4,2600,28220,47,0,0 '
Received from ('fd00::200:0:0:1', 5678, 0, 0): b' 797,1,0,256,0,22,0,0,4,0,0,0,10,1912,22659,847,0,0 '
Received from ('fd00::200:0:0:7', 8765, 0, 0): b' 797,7,4,768,0,34,7,2,7,1,3,-70,0,273,5727,35,0,0 '
Received from ('fd00::200:0:0:c', 8765, 0, 0): b' 798,12,11,1024,0,108,9,7,7,1,3,-52,0,440,8204,48,0,0 '
Received from ('fd00::200:0:0:3', 8765, 0, 0): b' 797,3,1,512,10,89,11,10,7,2,1,-64,10,5587,33021,53,0,0 '
Received from ('fd00::200:0:0:15', 8765, 0, 0): b' 798,21,16,1280,0,92,3,3,5,1,1,-70,0,695,8080,44,0,0 '
Received from ('fd00::200:0:0:2', 8765, 0, 0): b' 797,2,1,512,0,102,12,1,6,1,1,-88,0,252,6145,53,0,0 '
Received from ('fd00::200:0:0:6', 8765, 0, 0): b' 797,6,3,768,10,97,8,3,7,1,2,-70,0,380,6310,42,0,0 '
Received from ('fd00::200:0:0:4', 8765, 0, 0): b' 799,4,1,512,0,104,11,2,7,1,1,-66,1,640,11478,53,0,0 '
Received from ('fd00::200:0:0:b', 8765, 0, 0): b' 799,11,3,768,10,93,7,6,7,1,1,-95,10,2373,18016,51,0,0 '
Received from ('fd00::200:0:0:f', 8765, 0, 0): b' 800,15,11,1024,0,61,4,9,7,1,2,-52,0,667,8203,17,0,0 '
Received from ('fd00::200:0:0:9', 8765, 0, 0): b' 799,9,5,768,0,83,8,4,7,1,2,-52,0,543,5771,39,0,0 '
Received from ('fd00::200:0:0:d', 8765, 0, 0): b' 800,13,8,1024,10,107,7,2,7,1,2,-70,0,467,5680,47,0,0 '
Received from ('fd00::200:0:0:11', 8765, 0, 0): b' 802,17,16,1280,0,92,3,4,7,1,1,-52,0,490,5657,45,0,0 '
Received from ('fd00::200:0:0:7', 8765, 0, 0): b' 801,7,4,768,0,34,7,2,7,1,3,-70,0,305,4351,36,0,0 '
Received from ('fd00::200:0:0:e', 8765, 0, 0): b' 803,14,11,1024,0,93,8,3,7,1,2,-70,1,1004,12976,41,0,0 '
Received from ('fd00::200:0:0:a', 8765, 0, 0): b' 803,10,11,1024,10,93,5,4,7,1,1,-52,0,728,11725,43,0,0 '
Received from ('fd00::200:0:0:3', 8765, 0, 0): b' 802,3,1,512,10,92,11,10,7,2,1,-64,10,2539,15099,53,0,0 '
Received from ('fd00::200:0:0:14', 8765, 0, 0): b' 802,20,16,1280,0,67,5,8,7,1,2,-52,0,798,9587,21,0,0 '
Received from ('fd00::200:0:0:12', 8765, 0, 0): b' 804,18,14,1280,10,89,6,4,5,1,1,-52,0,621,8220,38,0,0 '
Received from ('fd00::200:0:0:c', 8765, 0, 0): b' 805,12,11,1024,0,109,9,7,7,1,3,-52,0,533,10771,48,0,0 '
Received from ('fd00::200:0:0:8', 8765, 0, 0): b' 805,8,3,768,0,98,8,4,7,1,2,-70,2,1357,23658,51,0,0 '
Received from ('fd00::200:0:0:d', 8765, 0, 0): b' 805,13,8,1024,0,108,7,2,7,1,2,-70,0,468,6884,48,0,0 '
Received from ('fd00::200:0:0:5', 8765, 0, 0): b' 805,5,1,512,0,106,12,1,6,1,1,-94,1,1046,14156,53,0,0 '
Received from ('fd00::200:0:0:1', 5678, 0, 0): b' 805,1,0,256,0,22,0,0,4,0,0,0,10,2134,22234,857,0,0 '
Received from ('fd00::200:0:0:b', 8765, 0, 0): b' 806,11,3,768,10,93,7,6,7,1,1,-95,10,2455,21291,51,0,0 '
Received from ('fd00::200:0:0:10', 8765, 0, 0): b' 807,16,11,1024,0,85,7,8,7,1,2,-70,4,2518,27327,48,0,0 '
Received from ('fd00::200:0:0:13', 8765, 0, 0): b' 807,19,16,1280,0,93,3,3,7,1,1,-70,0,737,10715,41,0,0 '
Received from ('fd00::200:0:0:11', 8765, 0, 0): b' 807,17,16,1280,0,95,3,4,7,1,1,-52,0,694,6222,45,0,0 '
Received from ('fd00::200:0:0:f', 8765, 0, 0): b' 808,15,11,1024,0,62,4,9,7,1,2,-52,0,407,7737,17,0,0 '
Received from ('fd00::200:0:0:6', 8765, 0, 0): b' 809,6,3,768,0,100,8,3,7,1,2,-70,0,820,11054,43,0,0 '
Received from ('fd00::200:0:0:15', 8765, 0, 0): b' 808,21,16,1280,0,94,3,3,5,1,1,-70,0,719,13250,45,0,0 '
Received from ('fd00::200:0:0:2', 8765, 0, 0): b' 809,2,1,512,0,107,12,1,6,1,1,-88,0,1054,14969,54,0,0 '
Received from ('fd00::200:0:0:7', 8765, 0, 0): b' 810,7,4,768,0,34,7,2,7,1,3,-70,0,394,7542,36,0,0 '
Received from ('fd00::200:0:0:a', 8765, 0, 0): b' 811,10,11,1024,0,96,5,4,7,1,1,-52,0,770,9092,44,0,0 '
Received from ('fd00::200:0:0:4', 8765, 0, 0): b' 810,4,1,512,0,105,11,2,7,1,1,-66,1,1176,17432,54,0,0 '
Received from ('fd00::200:0:0:8', 8765, 0, 0): b' 810,8,3,768,0,100,8,4,7,1,2,-70,2,718,12084,51,0,0 '
Received from ('fd00::200:0:0:9', 8765, 0, 0): b' 810,9,5,768,0,84,8,4,7,1,2,-52,0,549,10427,39,0,0 '
Received from ('fd00::200:0:0:e', 8765, 0, 0): b' 812,14,11,1024,0,93,8,3,7,1,2,-70,1,942,11944,42,0,0 '
Received from ('fd00::200:0:0:d', 8765, 0, 0): b' 811,13,8,1024,0,108,7,2,7,1,2,-70,0,277,7178,48,0,0 '
Received from ('fd00::200:0:0:11', 8765, 0, 0): b' 812,17,16,1280,0,96,3,4,7,1,1,-52,0,318,5002,46,0,0 '
Received from ('fd00::200:0:0:c', 8765, 0, 0): b' 812,12,11,1024,0,112,9,7,7,1,3,-52,0,679,12350,49,0,0 '
Received from ('fd00::200:0:0:3', 8765, 0, 0): b' 813,3,1,512,0,93,11,10,7,2,1,-64,10,5326,31618,54,0,0 '
Received from ('fd00::200:0:0:2', 8765, 0, 0): b' 813,2,1,512,0,109,12,1,6,1,1,-88,0,467,5096,54,0,0 '
Received from ('fd00::200:0:0:b', 8765, 0, 0): b' 814,11,3,768,0,95,7,6,7,1,1,-95,10,3610,26946,52,0,0 '
Received from ('fd00::200:0:0:15', 8765, 0, 0): b' 814,21,16,1280,0,95,3,3,5,1,1,-70,0,440,7301,46,0,0 '
Received from ('fd00::200:0:0:14', 8765, 0, 0): b' 815,20,16,1280,0,72,5,8,7,1,2,-52,0,974,11326,21,0,0 '
Received from ('fd00::200:0:0:12', 8765, 0, 0): b' 814,18,14,1280,0,94,6,4,5,1,1,-52,0,1241,11898,39,0,0 '
Received from ('fd00::200:0:0:5', 8765, 0, 0): b' 815,5,1,512,0,108,12,1,6,1,1,-94,1,1079,15345,54,0,0 '
Received from ('fd00::200:0:0:9', 8765, 0, 0): b' 815,9,5,768,0,84,8,4,7,1,2,-52,0,306,4536,40,0,0 '
Received from ('fd00::200:0:0:1', 5678, 0, 0): b' 816,1,0,256,0,22,0,0,4,0,0,0,10,2702,28803,873,0,0 '
Received from ('fd00::200:0:0:13', 8765, 0, 0): b' 816,19,16,1280,0,98,3,3,7,1,1,-70,0,1013,9512,42,0,0 '
Received from ('fd00::200:0:0:10', 8765, 0, 0): b' 817,16,11,1024,0,88,7,8,7,1,2,-70,4,3091,26705,48,0,0 '
Received from ('fd00::200:0:0:11', 8765, 0, 0): b' 816,17,16,1280,0,96,3,4,7,1,1,-52,0,276,3911,46,0,0 '
Received from ('fd00::200:0:0:8', 8765, 0, 0): b' 817,8,3,768,0,101,8,4,7,1,2,-70,2,1025,14727,52,0,0 '
Received from ('fd00::200:0:0:e', 8765, 0, 0): b' 818,14,11,1024,0,96,8,3,7,1,2,-70,1,970,8551,42,0,0 '
Received from ('fd00::200:0:0:f', 8765, 0, 0): b' 819,15,11,1024,0,64,4,9,7,1,2,-52,0,691,9891,18,0,0 '
Received from ('fd00::200:0:0:6', 8765, 0, 0): b' 818,6,3,768,0,103,8,3,7,1,2,-70,0,797,9402,44,0,0 '
Received from ('fd00::200:0:0:a', 8765, 0, 0): b' 819,10,11,1024,0,99,5,4,7,1,1,-52,0,645,11092,44,0,0 '
Received from ('fd00::200:0:0:3', 8765, 0, 0): b' 818,3,1,512,10,94,11,10,7,2,1,-64,10,2546,14970,54,0,0 '
Received from ('fd00::200:0:0:4', 8765, 0, 0): b' 819,4,1,512,0,107,11,2,7,1,1,-66,1,830,13703,55,0,0 '
Received from ('fd00::200:0:0:15', 8765, 0, 0): b' 821,21,16,1280,0,96,3,3,5,1,1,-70,0,412,7072,46,0,0 '
Received from ('fd00::200:0:0:7', 8765, 0, 0): b' 821,7,4,768,0,35,7,2,7,1,3,-70,0,508,10773,37,0,0 '
Received from ('fd00::200:0:0:5', 8765, 0, 0): b' 821,5,1,512,0,108,12,1,6,1,1,-94,1,583,10630,54,0,0 '
Received from ('fd00::200:0:0:c', 8765, 0, 0): b' 823,12,11,1024,0,116,9,7,7,1,3,-52,0,879,15531,49,0,0 '
Received from ('fd00::200:0:0:d', 8765, 0, 0): b' 821,13,8,1024,10,109,7,2,7,1,2,-70,0,515,12406,49,0,0 '
Received from ('fd00::200:0:0:13', 8765, 0, 0): b' 823,19,16,1280,0,100,3,3,7,1,1,-70,0,491,6486,42,0,0 '
Received from ('fd00::200:0:0:11', 8765, 0, 0): b' 823,17,16,1280,0,97,3,4,7,1,1,-52,0,377,5846,46,0,0 '
Received from ('fd00::200:0:0:12', 8765, 0, 0): b' 821,18,14,1280,10,97,6,4,5,1,1,-52,0,623,7106,40,0,0 '
Received from ('fd00::200:0:0:6', 8765, 0, 0): b' 823,6,3,768,0,106,8,3,7,1,2,-70,0,571,5292,44,0,0 '
Received from ('fd00::200:0:0:b', 8765, 0, 0): b' 824,11,3,768,20,96,7,6,7,1,1,-95,10,4390,32346,52,0,0 '
Received from ('fd00::200:0:0:2', 8765, 0, 0): b' 823,2,1,512,0,112,12,1,6,1,1,-88,0,886,13028,55,0,0 '
Received from ('fd00::200:0:0:f', 8765, 0, 0): b' 824,15,11,1024,0,65,4,9,7,1,2,-52,0,383,5395,18,0,0 '
Received from ('fd00::200:0:0:e', 8765, 0, 0): b' 825,14,11,1024,0,100,8,3,7,1,2,-70,1,1195,9704,43,0,0 '
Received from ('fd00::200:0:0:1', 5678, 0, 0): b' 826,1,0,256,0,22,0,0,4,0,0,0,10,2497,27415,886,0,0 '
Received from ('fd00::200:0:0:10', 8765, 0, 0): b' 826,16,11,1024,0,89,7,8,7,1,2,-70,4,2028,23493,49,0,0 '
Received from ('fd00::200:0:0:9', 8765, 0, 0): b' 827,9,5,768,10,90,8,4,7,1,2,-52,0,1110,11403,41,0,0 '
Received from ('fd00::200:0:0:14', 8765, 0, 0): b' 826,20,16,1280,10,74,5,8,7,1,2,-52,0,692,10916,22,0,0 '
Received from ('fd00::200:0:0:8', 8765, 0, 0): b' 827,8,3,768,10,104,8,4,7,1,2,-70,2,1029,19669,53,0,0 '
Received from ('fd00::200:0:0:5', 8765, 0, 0): b' 828,5,1,512,0,111,12,1,6,1,1,-94,1,1018,9228,55,0,0 '
Received from ('fd00::200:0:0:15', 8765, 0, 0): b' 829,21,16,1280,0,98,3,3,5,1,1,-70,0,570,9650,47,0,0 '
Received from ('fd00::200:0:0:c', 8765, 0, 0): b' 829,12,11,1024,0,119,9,7,7,1,3,-52,0,677,9271,50,0,0 '
Received from ('fd00::200:0:0:3', 8765, 0, 0): b' 829,3,1,512,0,97,11,10,7,2,1,-64,10,5188,30759,55,0,0 '
Received from ('fd00::200:0:0:6', 8765, 0, 0): b' 829,6,3,768,0,107,8,3,7,1,2,-70,0,381,5178,44,0,0 '
Received from ('fd00::200:0:0:a', 8765, 0, 0): b' 829,10,11,1024,0,103,5,4,7,1,1,-52,0,976,13310,45,0,0 '
Received from ('fd00::200:0:0:13', 8765, 0, 0): b' 829,19,16,1280,0,101,3,3,7,1,1,-70,0,464,6411,43,0,0 '
Received from ('fd00::200:0:0:d', 8765, 0, 0): b' 829,13,8,1024,0,110,7,2,7,1,2,-70,0,506,9207,49,0,0 '
Received from ('fd00::200:0:0:11', 8765, 0, 0): b' 831,17,16,1280,0,98,3,4,7,1,1,-52,0,560,7484,47,0,0 '
Received from ('fd00::200:0:0:4', 8765, 0, 0): b' 830,4,1,512,10,110,11,2,7,1,1,-66,1,1195,17249,55,0,0 '
Received from ('fd00::200:0:0:1', 5678, 0, 0): b' 831,1,0,256,0,22,0,0,4,0,0,0,10,1227,12929,892,0,0 '
Received from ('fd00::200:0:0:10', 8765, 0, 0): b' 832,16,11,1024,0,90,7,8,7,1,2,-70,4,1801,15802,49,0,0 '
Received from ('fd00::200:0:0:f', 8765, 0, 0): b' 832,15,11,1024,0,67,4,9,7,1,2,-52,0,570,7679,19,0,0 '
Received from ('fd00::200:0:0:b', 8765, 0, 0): b' 832,11,3,768,0,97,7,6,7,1,1,-95,10,3776,27975,53,0,0 '
Received from ('fd00::200:0:0:7', 8765, 0, 0): b' 832,7,4,768,10,37,7,2,7,1,3,-70,0,856,11371,38,0,0 '
Received from ('fd00::200:0:0:e', 8765, 0, 0): b' 833,14,11,1024,0,102,8,3,7,1,2,-70,1,725,9583,43,0,0 '
Received from ('fd00::200:0:0:9', 8765, 0, 0): b' 833,9,5,768,0,90,8,4,7,1,2,-52,0,300,6193,41,0,0 '
Received from ('fd00::200:0:0:13', 8765, 0, 0): b' 834,19,16,1280,0,101,3,3,7,1,1,-70,0,253,4238,43,0,0 '
Received from ('fd00::200:0:0:12', 8765, 0, 0): b' 833,18,14,1280,0,99,6,4,5,1,1,-52,0,692,10205,40,0,0 '
Received from ('fd00::200:0:0:14', 8765, 0, 0): b' 835,20,16,1280,0,78,5,8,7,1,2,-52,0,908,9185,23,0,0 '
Received from ('fd00::200:0:0:8', 8765, 0, 0): b' 836,8,3,768,0,108,8,4,7,1,2,-70,2,1571,17780,53,0,0 '
Received from ('fd00::200:0:0:2', 8765, 0, 0): b' 836,2,1,512,0,117,12,1,6,1,1,-88,0,1125,15052,56,0,0 '
Received from ('fd00::200:0:0:11', 8765, 0, 0): b' 836,17,16,1280,10,99,3,4,7,1,1,-52,0,252,4548,47,0,0 '
Received from ('fd00::200:0:0:3', 8765, 0, 0): b' 837,3,1,512,0,99,11,10,7,2,1,-64,10,3791,22252,55,0,0 '
Received from ('fd00::200:0:0:c', 8765, 0, 0): b' 837,12,11,1024,0,122,9,7,7,1,3,-52,0,622,11551,50,0,0 '
Received from ('fd00::200:0:0:f', 8765, 0, 0): b' 837,15,11,1024,0,69,4,9,7,1,2,-52,0,484,5751,19,0,0 '
Received from ('fd00::200:0:0:5', 8765, 0, 0): b' 838,5,1,512,0,113,12,1,6,1,1,-94,1,974,14964,55,0,0 '
Received from ('fd00::200:0:0:13', 8765, 0, 0): b' 838,19,16,1280,0,102,3,3,7,1,1,-70,0,263,4018,43,0,0 '
Received from ('fd00::200:0:0:6', 8765, 0, 0): b' 838,6,3,768,0,109,8,3,7,1,2,-70,0,592,9091,45,0,0 '
Received from ('fd00::200:0:0:d', 8765, 0, 0): b' 839,13,8,1024,0,113,7,2,7,1,2,-70,0,827,11951,50,0,0 '
Received from ('fd00::200:0:0:7', 8765, 0, 0): b' 840,7,4,768,0,40,7,2,7,1,3,-70,0,620,7403,38,0,0 '
Received from ('fd00::200:0:0:e', 8765, 0, 0): b' 838,14,11,1024,0,104,8,3,7,1,2,-70,1,899,8413,44,0,0 '
Received from ('fd00::200:0:0:4', 8765, 0, 0): b' 840,4,1,512,0,112,11,2,7,1,1,-66,1,1244,14989,56,0,0 '
Received from ('fd00::200:0:0:9', 8765, 0, 0): b' 839,9,5,768,0,91,8,4,7,1,2,-52,0,380,5910,41,0,0 '
Received from ('fd00::200:0:0:2', 8765, 0, 0): b' 840,2,1,512,0,119,12,1,6,1,1,-88,0,467,5087,56,0,0 '
Received from ('fd00::200:0:0:1', 5678, 0, 0): b' 840,1,0,256,0,22,0,0,4,0,0,0,10,2259,24557,904,0,0 '
Received from ('fd00::200:0:0:a', 8765, 0, 0): b' 838,10,11,1024,0,105,5,4,7,1,1,-52,0,693,12266,46,0,0 '
Received from ('fd00::200:0:0:15', 8765, 0, 0): b' 840,21,16,1280,0,102,3,3,5,1,1,-70,0,998,14090,47,0,0 '
Received from ('fd00::200:0:0:14', 8765, 0, 0): b' 840,20,16,1280,0,80,5,8,7,1,2,-52,0,359,4563,23,0,0 '
Received from ('fd00::200:0:0:11', 8765, 0, 0): b' 840,17,16,1280,0,99,3,4,7,1,1,-52,0,319,4068,48,0,0 '
Received from ('fd00::200:0:0:10', 8765, 0, 0): b' 842,16,11,1024,10,91,7,8,7,1,2,-70,4,2777,28840,50,0,0 '
Received from ('fd00::200:0:0:b', 8765, 0, 0): b' 844,11,3,768,20,101,7,6,7,1,1,-95,10,5228,37296,54,0,0 '
Received from ('fd00::200:0:0:5', 8765, 0, 0): b' 844,5,1,512,10,115,12,1,6,1,1,-94,1,878,10093,56,0,0 '
Received from ('fd00::200:0:0:12', 8765, 0, 0): b' 842,18,14,1280,0,102,6,4,5,1,1,-52,0,799,9430,41,0,0 '
Received from ('fd00::200:0:0:c', 8765, 0, 0): b' 843,12,11,1024,0,125,9,7,7,1,3,-52,0,804,11987,51,0,0 '
Received from ('fd00::200:0:0:1', 5678, 0, 0): b' 845,1,0,256,0,22,0,0,4,0,0,0,10,1037,11361,911,0,0 '
Received from ('fd00::200:0:0:f', 8765, 0, 0): b' 844,15,11,1024,0,71,4,9,7,1,2,-52,0,667,7296,20,0,0 '
Received from ('fd00::200:0:0:d', 8765, 0, 0): b' 845,13,8,1024,0,114,7,2,7,1,2,-70,0,384,7098,50,0,0 '
Received from ('fd00::200:0:0:3', 8765, 0, 0): b' 846,3,1,512,0,101,11,10,7,2,1,-64,10,4795,27415,56,0,0 '
Received from ('fd00::200:0:0:15', 8765, 0, 0): b' 846,21,16,1280,0,103,3,3,5,1,1,-70,0,469,6960,48,0,0 '
Received from ('fd00::200:0:0:13', 8765, 0, 0): b' 845,19,16,1280,10,104,3,3,7,1,1,-70,0,644,6734,44,0,0 '
Received from ('fd00::200:0:0:8', 8765, 0, 0): b' 846,8,3,768,10,113,8,4,7,1,2,-70,2,1551,19359,54,0,0 '
Received from ('fd00::200:0:0:e', 8765, 0, 0): b' 845,14,11,1024,0,107,8,3,7,1,2,-70,1,992,9479,44,0,0 '
Received from ('fd00::200:0:0:11', 8765, 0, 0): b' 846,17,16,1280,0,99,3,4,7,1,1,-52,0,276,5301,48,0,0 '
Received from ('fd00::200:0:0:6', 8765, 0, 0): b' 847,6,3,768,0,111,8,3,7,1,2,-70,0,689,9085,46,0,0 '
Received from ('fd00::200:0:0:7', 8765, 0, 0): b' 848,7,4,768,0,43,7,2,7,1,3,-70,0,674,8321,39,0,0 '
Received from ('fd00::200:0:0:12', 8765, 0, 0): b' 847,18,14,1280,10,107,6,4,5,1,1,-52,0,705,5290,41,0,0 '
Received from ('fd00::200:0:0:a', 8765, 0, 0): b' 848,10,11,1024,0,108,5,4,7,1,1,-52,0,744,11070,46,0,0 '
Received from ('fd00::200:0:0:4', 8765, 0, 0): b' 849,4,1,512,10,114,11,2,7,1,1,-66,1,883,13848,56,0,0 '
Received from ('fd00::200:0:0:10', 8765, 0, 0): b' 848,16,11,1024,0,95,7,8,7,1,2,-70,4,1864,16772,50,0,0 '
Received from ('fd00::200:0:0:2', 8765, 0, 0): b' 849,2,1,512,0,122,12,1,6,1,1,-88,0,612,11686,57,0,0 '
Received from ('fd00::200:0:0:d', 8765, 0, 0): b' 849,13,8,1024,0,116,7,2,7,1,2,-70,0,550,5671,51,0,0 '
Received from ('fd00::200:0:0:b', 8765, 0, 0): b' 850,11,3,768,10,101,7,6,7,1,1,-95,10,2832,20701,54,0,0 '
Received from ('fd00::200:0:0:e', 8765, 0, 0): b' 849,14,11,1024,0,108,8,3,7,1,2,-70,1,732,6149,45,0,0 '
Received from ('fd00::200:0:0:c', 8765, 0, 0): b' 850,12,11,1024,0,129,9,7,7,1,3,-52,0,706,9466,51,0,0 '
Received from ('fd00::200:0:0:15', 8765, 0, 0): b' 850,21,16,1280,0,103,3,3,5,1,1,-70,0,277,6770,48,0,0 '
Received from ('fd00::200:0:0:9', 8765, 0, 0): b' 851,9,5,768,10,92,8,4,7,1,2,-52,0,647,10291,42,0,0 '
Received from ('fd00::200:0:0:14', 8765, 0, 0): b' 850,20,16,1280,0,83,5,8,7,1,2,-52,0,822,11013,24,0,0 '
Received from ('fd00::200:0:0:13', 8765, 0, 0): b' 850,19,16,1280,0,105,3,3,7,1,1,-70,0,409,5992,44,0,0 '
Received from ('fd00::200:0:0:8', 8765, 0, 0): b' 853,8,3,768,0,115,8,4,7,1,2,-70,2,1261,14042,54,0,0 '
Received from ('fd00::200:0:0:2', 8765, 0, 0): b' 853,2,1,512,0,124,12,1,6,1,1,-88,0,466,5177,57,0,0 '
Received from ('fd00::200:0:0:6', 8765, 0, 0): b' 854,6,3,768,0,113,8,3,7,1,2,-70,0,488,6117,46,0,0 '
Received from ('fd00::200:0:0:11', 8765, 0, 0): b' 852,17,16,1280,0,101,3,4,7,1,1,-52,0,667,6709,49,0,0 '
Received from ('fd00::200:0:0:5', 8765, 0, 0): b' 854,5,1,512,0,118,12,1,6,1,1,-94,1,1224,16831,57,0,0 '
Received from ('fd00::200:0:0:f', 8765, 0, 0): b' 855,15,11,1024,0,72,4,9,7,1,2,-52,0,584,9697,21,0,0 '
Received from ('fd00::200:0:0:9', 8765, 0, 0): b' 855,9,5,768,10,92,8,4,7,1,2,-52,0,251,3822,42,0,0 '
Received from ('fd00::200:0:0:3', 8765, 0, 0): b' 855,3,1,512,0,106,11,10,7,2,1,-64,10,5760,31187,57,0,0 '
Received from ('fd00::200:0:0:4', 8765, 0, 0): b' 856,4,1,512,0,115,11,2,7,1,1,-66,1,803,10715,57,0,0 '
Received from ('fd00::200:0:0:1', 5678, 0, 0): b' 856,1,0,256,0,22,0,0,4,0,0,0,10,3005,31046,926,0,0 '
Received from ('fd00::200:0:0:a', 8765, 0, 0): b' 855,10,11,1024,0,111,5,4,7,1,1,-52,0,679,9862,47,0,0 '
Received from ('fd00::200:0:0:7', 8765, 0, 0): b' 857,7,4,768,0,45,7,2,7,1,3,-70,0,632,8951,39,0,0 '
Received from ('fd00::200:0:0:12', 8765, 0, 0): b' 856,18,14,1280,0,110,6,4,5,1,1,-52,0,786,8863,42,0,0 '
Received from ('fd00::200:0:0:e', 8765, 0, 0): b' 857,14,11,1024,0,110,8,3,7,1,2,-70,1,922,10619,45,0,0 '
Received from ('fd00::200:0:0:2', 8765, 0, 0): b' 858,2,1,512,10,125,12,1,6,1,1,-88,0,358,5809,57,0,0 '
Received from ('fd00::200:0:0:10', 8765, 0, 0): b' 859,16,11,1024,0,97,7,8,7,1,2,-70,4,2456,26391,51,0,0 '
Received from ('fd00::200:0:0:c', 8765, 0, 0): b' 859,12,11,1024,0,133,9,7,7,1,3,-52,0,934,14782,52,0,0 '
Received from ('fd00::200:0:0:15', 8765, 0, 0): b' 859,21,16,1280,0,106,3,3,5,1,1,-70,0,678,10741,49,0,0 '
Received from ('fd00::200:0:0:8', 8765, 0, 0): b' 860,8,3,768,10,118,8,4,7,1,2,-70,2,988,14411,55,0,0 '
Received from ('fd00::200:0:0:b', 8765, 0, 0): b' 861,11,3,768,10,101,7,6,7,1,1,-95,10,4682,35495,55,0,0 '
Received from ('fd00::200:0:0:3', 8765, 0, 0): b' 860,3,1,512,10,107,11,10,7,2,1,-64,10,2416,15163,57,0,0 '
Received from ('fd00::200:0:0:d', 8765, 0, 0): b' 860,13,8,1024,0,121,7,2,7,1,2,-70,0,884,13510,51,0,0 '
Received from ('fd00::200:0:0:13', 8765, 0, 0): b' 860,19,16,1280,0,108,3,3,7,1,1,-70,0,678,8850,45,0,0 '
Received from ('fd00::200:0:0:11', 8765, 0, 0): b' 862,17,16,1280,0,103,3,4,7,1,1,-52,0,515,8576,49,0,0 '
Received from ('fd00::200:0:0:14', 8765, 0, 0): b' 861,20,16,1280,0,87,5,8,7,1,2,-52,0,930,10868,25,0,0 '
Received from ('fd00::200:0:0:5', 8765, 0, 0): b' 862,5,1,512,0,119,12,1,6,1,1,-94,1,929,12199,57,0,0 '
Received from ('fd00::200:0:0:2', 8765, 0, 0): b' 863,2,1,512,0,128,12,1,6,1,1,-88,0,672,6964,58,0,0 '
Received from ('fd00::200:0:0:7', 8765, 0, 0): b' 864,7,4,768,0,46,7,2,7,1,3,-70,0,436,6697,40,0,0 '
Received from ('fd00::200:0:0:6', 8765, 0, 0): b' 863,6,3,768,0,117,8,3,7,1,2,-70,0,903,10221,47,0,0 '
Received from ('fd00::200:0:0:f', 8765, 0, 0): b' 864,15,11,1024,10,77,4,9,7,1,2,-52,0,835,9314,21,0,0 '
Received from ('fd00::200:0:0:d', 8765, 0, 0): b' 864,13,8,1024,0,124,7,2,7,1,2,-70,0,658,6991,52,0,0 '
Received from ('fd00::200:0:0:a', 8765, 0, 0): b' 865,10,11,1024,20,113,5,4,7,1,1,-52,0,505,10994,48,0,0 '
Received from ('fd00::200:0:0:8', 8765, 0, 0): b' 865,8,3,768,0,118,8,4,7,1,2,-70,2,887,11525,55,0,0 '
Received from ('fd00::200:0:0:9', 8765, 0, 0): b' 867,9,5,768,0,97,8,4,7,1,2,-52,0,1034,11559,43,0,0 '
Received from ('fd00::200:0:0:4', 8765, 0, 0): b' 867,4,1,512,0,117,11,2,7,1,1,-66,1,1356,17760,58,0,0 '
Received from ('fd00::200:0:0:13', 8765, 0, 0): b' 867,19,16,1280,10,111,3,3,7,1,1,-70,0,588,6295,45,0,0 '
Received from ('fd00::200:0:0:1', 5678, 0, 0): b' 868,1,0,256,0,22,0,0,4,0,0,0,10,2698,30360,940,0,0 '
Received from ('fd00::200:0:0:3', 8765, 0, 0): b' 867,3,1,512,0,109,11,10,7,2,1,-64,10,3278,19871,57,0,0 '
Received from ('fd00::200:0:0:e', 8765, 0, 0): b' 868,14,11,1024,0,114,8,3,7,1,2,-70,1,1196,13472,46,0,0 '
Received from ('fd00::200:0:0:b', 8765, 0, 0): b' 868,11,3,768,50,102,7,6,7,1,1,-95,10,3215,26836,56,0,0 '
Received from ('fd00::200:0:0:5', 8765, 0, 0): b' 869,5,1,512,0,121,12,1,6,1,1,-94,1,904,11079,57,0,0 '
Received from ('fd00::200:0:0:11', 8765, 0, 0): b' 869,17,16,1280,0,103,3,4,7,1,1,-52,0,454,6780,50,0,0 '
Received from ('fd00::200:0:0:12', 8765, 0, 0): b' 868,18,14,1280,0,112,6,4,5,1,1,-52,0,716,10890,43,0,0 '
Received from ('fd00::200:0:0:d', 8765, 0, 0): b' 869,13,8,1024,0,127,7,2,7,1,2,-70,0,597,6180,52,0,0 '
Received from ('fd00::200:0:0:10', 8765, 0, 0): b' 868,16,11,1024,0,99,7,8,7,1,2,-70,4,2613,25593,52,0,0 '
Received from ('fd00::200:0:0:15', 8765, 0, 0): b' 869,21,16,1280,0,107,3,3,5,1,1,-70,0,558,11011,49,0,0 '
Received from ('fd00::200:0:0:c', 8765, 0, 0): b' 869,12,11,1024,0,137,9,7,7,1,3,-52,0,935,15879,53,0,0 '
Received from ('fd00::200:0:0:7', 8765, 0, 0): b' 872,7,4,768,0,48,7,2,7,1,3,-70,0,608,8444,40,0,0 '
Received from ('fd00::200:0:0:6', 8765, 0, 0): b' 871,6,3,768,0,118,8,3,7,1,2,-70,0,503,7289,47,0,0 '
Received from ('fd00::200:0:0:3', 8765, 0, 0): b' 872,3,1,512,0,111,11,10,7,2,1,-64,10,2706,15628,58,0,0 '
Received from ('fd00::200:0:0:14', 8765, 0, 0): b' 873,20,16,1280,0,91,5,8,7,1,2,-52,0,850,10439,25,0,0 '
Received from ('fd00::200:0:0:2', 8765, 0, 0): b' 875,2,1,512,0,131,12,1,6,1,1,-88,0,765,13685,58,0,0 '
Received from ('fd00::200:0:0:12', 8765, 0, 0): b' 874,18,14,1280,0,113,6,4,5,1,1,-52,0,482,5395,43,0,0 '
Received from ('fd00::200:0:0:d', 8765, 0, 0): b' 874,13,8,1024,0,128,7,2,7,1,2,-70,0,359,5416,52,0,0 '
Received from ('fd00::200:0:0:11', 8765, 0, 0): b' 874,17,16,1280,0,105,3,4,7,1,1,-52,0,370,5055,50,0,0 '
Received from ('fd00::200:0:0:a', 8765, 0, 0): b' 874,10,11,1024,0,117,5,4,7,1,1,-52,0,1015,12669,48,0,0 '
Received from ('fd00::200:0:0:8', 8765, 0, 0): b' 875,8,3,768,0,120,8,4,7,1,2,-70,2,1511,18279,56,0,0 '
Received from ('fd00::200:0:0:f', 8765, 0, 0): b' 874,15,11,1024,0,80,4,9,7,1,2,-52,0,823,10695,22,0,0 '
Received from ('fd00::200:0:0:10', 8765, 0, 0): b' 874,16,11,1024,10,101,7,8,7,1,2,-70,4,1651,16639,52,0,0 '
Received from ('fd00::200:0:0:5', 8765, 0, 0): b' 877,5,1,512,0,124,12,1,6,1,1,-94,1,949,12107,58,0,0 '
Received from ('fd00::200:0:0:13', 8765, 0, 0): b' 876,19,16,1280,0,113,3,3,7,1,1,-70,0,703,9200,46,0,0 '
Received from ('fd00::200:0:0:3', 8765, 0, 0): b' 878,3,1,512,0,113,11,10,7,2,1,-64,10,2537,13764,58,0,0 '
Received from ('fd00::200:0:0:c', 8765, 0, 0): b' 875,12,11,1024,0,139,9,7,7,1,3,-52,0,492,9200,53,0,0 '
Received from ('fd00::200:0:0:4', 8765, 0, 0): b' 877,4,1,512,0,121,11,2,7,1,1,-66,1,1245,16454,58,0,0 '
Received from ('fd00::200:0:0:1', 5678, 0, 0): b' 878,1,0,256,0,23,0,0,4,0,0,0,10,2996,29608,954,0,0 '
Received from ('fd00::200:0:0:6', 8765, 0, 0): b' 877,6,3,768,0,120,8,3,7,1,2,-70,0,544,6154,48,0,0 '
Received from ('fd00::200:0:0:9', 8765, 0, 0): b' 878,9,5,768,0,101,8,4,7,1,2,-52,0,928,11558,44,0,0 '
Received from ('fd00::200:0:0:b', 8765, 0, 0): b' 878,11,3,768,0,105,7,6,7,1,1,-95,10,4280,30772,56,0,0 '
Received from ('fd00::200:0:0:e', 8765, 0, 0): b' 878,14,11,1024,0,116,8,3,7,1,2,-70,1,1305,14689,47,0,0 '
Received from ('fd00::200:0:0:14', 8765, 0, 0): b' 879,20,16,1280,10,92,5,8,7,1,2,-52,0,440,6377,26,0,0 '
Received from ('fd00::200:0:0:d', 8765, 0, 0): b' 878,13,8,1024,0,131,7,2,7,1,2,-70,0,681,7768,53,0,0 '
Received from ('fd00::200:0:0:a', 8765, 0, 0): b' 878,10,11,1024,10,119,5,4,7,1,1,-52,0,442,6059,49,0,0 '
Received from ('fd00::200:0:0:15', 8765, 0, 0): b' 880,21,16,1280,10,111,3,3,5,1,1,-70,0,935,13513,50,0,0 '
Received from ('fd00::200:0:0:7', 8765, 0, 0): b' 881,7,4,768,0,49,7,2,7,1,3,-70,0,581,8720,41,0,0 '
Received from ('fd00::200:0:0:f', 8765, 0, 0): b' 880,15,11,1024,0,84,4,9,7,1,2,-52,0,705,6216,22,0,0 '
Received from ('fd00::200:0:0:10', 8765, 0, 0): b' 880,16,11,1024,10,101,7,8,7,1,2,-70,4,1524,15817,52,0,0 '
Received from ('fd00::200:0:0:8', 8765, 0, 0): b' 881,8,3,768,0,122,8,4,7,1,2,-70,2,914,12444,56,0,0 '
Received from ('fd00::200:0:0:12', 8765, 0, 0): b' 881,18,14,1280,0,116,6,4,5,1,1,-52,0,678,8090,44,0,0 '
Received from ('fd00::200:0:0:5', 8765, 0, 0): b' 884,5,1,512,0,127,13,1,6,1,1,-94,1,1087,10388,58,0,0 '
Received from ('fd00::200:0:0:11', 8765, 0, 0): b' 881,17,16,1280,0,109,3,4,7,1,1,-52,0,906,8934,51,0,0 '
Received from ('fd00::200:0:0:13', 8765, 0, 0): b' 881,19,16,1280,0,114,3,3,7,1,1,-70,0,505,6947,46,0,0 '
Received from ('fd00::200:0:0:3', 8765, 0, 0): b' 885,3,1,512,0,115,12,10,7,2,1,-64,10,3897,21868,58,0,0 '
Received from ('fd00::200:0:0:a', 8765, 0, 0): b' 883,10,11,1024,0,119,5,4,7,1,1,-52,0,361,5323,49,0,0 '
Received from ('fd00::200:0:0:c', 8765, 0, 0): b' 884,12,11,1024,0,141,9,7,7,1,3,-52,0,595,12832,54,0,0 '
Received from ('fd00::200:0:0:2', 8765, 0, 0): b' 886,2,1,512,10,133,13,1,6,1,1,-88,0,790,14205,59,0,0 '
Received from ('fd00::200:0:0:4', 8765, 0, 0): b' 887,4,1,512,0,121,12,2,7,1,1,-66,1,790,13864,59,0,0 '
Received from ('fd00::200:0:0:1', 5678, 0, 0): b' 887,1,0,256,0,23,0,0,4,0,0,0,10,2382,23182,968,0,0 '
Received from ('fd00::200:0:0:7', 8765, 0, 0): b' 887,7,4,768,0,50,7,2,7,1,3,-70,0,380,5848,41,0,0 '
Received from ('fd00::200:0:0:9', 8765, 0, 0): b' 887,9,5,768,0,104,8,4,7,1,2,-52,0,797,8700,45,0,0 '
Received from ('fd00::200:0:0:d', 8765, 0, 0): b' 885,13,8,1024,0,131,7,2,7,1,2,-70,0,276,7626,53,0,0 '
Received from ('fd00::200:0:0:10', 8765, 0, 0): b' 886,16,11,1024,0,103,7,8,7,1,2,-70,4,1616,16477,53,0,0 '
Received from ('fd00::200:0:0:6', 8765, 0, 0): b' 887,6,3,768,0,126,8,3,7,1,2,-70,0,1131,10611,48,0,0 '
Received from ('fd00::200:0:0:b', 8765, 0, 0): b' 887,11,3,768,10,105,7,6,7,1,1,-95,10,4330,32467,57,0,0 '
Received from ('fd00::200:0:0:3', 8765, 0, 0): b' 889,3,1,512,0,116,12,10,7,2,1,-64,10,2117,12315,59,0,0 '
Received from ('fd00::200:0:0:e', 8765, 0, 0): b' 887,14,11,1024,0,119,8,3,7,1,2,-70,1,1184,11551,47,0,0 '
Received from ('fd00::200:0:0:14', 8765, 0, 0): b' 888,20,16,1280,0,96,5,8,7,1,2,-52,0,920,9236,26,0,0 '
Received from ('fd00::200:0:0:a', 8765, 0, 0): b' 888,10,11,1024,0,123,5,4,7,1,1,-52,0,681,6744,49,0,0 '
Received from ('fd00::200:0:0:8', 8765, 0, 0): b' 889,8,3,768,0,124,8,4,7,1,2,-70,2,1132,13864,57,0,0 '
Received from ('fd00::200:0:0:12', 8765, 0, 0): b' 888,18,14,1280,0,118,6,4,5,1,1,-52,0,581,7407,44,0,0 '
Received from ('fd00::200:0:0:15', 8765, 0, 0): b' 888,21,16,1280,10,113,3,3,5,1,1,-70,0,638,10831,51,0,0 '
Received from ('fd00::200:0:0:5', 8765, 0, 0): b' 892,5,1,512,0,131,13,1,6,1,1,-94,1,1200,13139,59,0,0 '
Received from ('fd00::200:0:0:f', 8765, 0, 0): b' 890,15,11,1024,0,88,4,9,7,1,2,-52,0,905,10010,23,0,0 '
Received from ('fd00::200:0:0:c', 8765, 0, 0): b' 890,12,11,1024,0,142,9,7,7,1,3,-52,0,414,8649,54,0,0 '
Received from ('fd00::200:0:0:11', 8765, 0, 0): b' 889,17,16,1280,0,113,3,4,7,1,1,-52,0,719,8066,51,0,0 '
Received from ('fd00::200:0:0:13', 8765, 0, 0): b' 891,19,16,1280,0,119,3,3,7,1,1,-70,0,892,9333,47,0,0 '
Received from ('fd00::200:0:0:8', 8765, 0, 0): b' 894,8,3,768,10,124,8,4,7,1,2,-70,2,336,7376,57,0,0 '
Received from ('fd00::200:0:0:10', 8765, 0, 0): b' 893,16,11,1024,0,104,7,8,7,1,2,-70,4,1890,17018,53,0,0 '
Received from ('fd00::200:0:0:e', 8765, 0, 0): b' 894,14,11,1024,0,120,8,3,7,1,2,-70,1,845,9520,48,0,0 '
Received from ('fd00::200:0:0:1', 5678, 0, 0): b' 896,1,0,256,0,23,0,0,4,0,0,0,10,2075,24271,978,0,0 '
Received from ('fd00::200:0:0:11', 8765, 0, 0): b' 894,17,16,1280,0,115,3,4,7,1,1,-52,0,370,4470,51,0,0 '
Received from ('fd00::200:0:0:b', 8765, 0, 0): b' 898,11,3,768,30,107,7,6,7,1,1,-95,10,3690,26748,57,0,0 '
Received from ('fd00::200:0:0:9', 8765, 0, 0): b' 896,9,5,768,0,105,8,4,7,1,2,-52,0,405,8457,45,0,0 '
Received from ('fd00::200:0:0:4', 8765, 0, 0): b' 896,4,1,512,0,125,12,2,7,1,1,-66,1,1348,15887,60,0,0 '
Received from ('fd00::200:0:0:12', 8765, 0, 0): b' 894,18,14,1280,0,119,6,4,5,1,1,-52,0,440,5666,45,0,0 '
Received from ('fd00::200:0:0:c', 8765, 0, 0): b' 894,12,11,1024,0,142,9,7,7,1,3,-52,0,253,6234,54,0,0 '
Received from ('fd00::200:0:0:2', 8765, 0, 0): b' 898,2,1,512,0,137,13,1,6,1,1,-88,0,949,14205,60,0,0 '
Received from ('fd00::200:0:0:7', 8765, 0, 0): b' 898,7,4,768,0,52,7,2,7,1,3,-70,0,688,10773,42,0,0 '
Received from ('fd00::200:0:0:5', 8765, 0, 0): b' 899,5,1,512,10,133,13,1,6,1,1,-94,1,635,10968,59,0,0 '
Received from ('fd00::200:0:0:3', 8765, 0, 0): b' 899,3,1,512,0,121,12,10,7,2,1,-64,10,5242,30654,59,0,0 '
Received from ('fd00::200:0:0:a', 8765, 0, 0): b' 898,10,11,1024,0,125,5,4,7,1,1,-52,0,665,10806,50,0,0 '
Received from ('fd00::200:0:0:d', 8765, 0, 0): b' 900,13,8,1024,0,134,7,2,7,1,2,-70,0,920,14563,54,0,0 '
Received from ('fd00::200:0:0:6', 8765, 0, 0): b' 900,6,3,768,0,129,8,3,7,1,2,-70,0,798,10600,49,0,0 '
Received from ('fd00::200:0:0:14', 8765, 0, 0): b' 897,20,16,1280,0,98,5,8,7,1,2,-52,0,594,9024,27,0,0 '
Received from ('fd00::200:0:0:10', 8765, 0, 0): b' 899,16,11,1024,0,104,7,8,7,1,2,-70,4,1202,12558,54,0,0 '
Received from ('fd00::200:0:0:13', 8765, 0, 0): b' 899,19,16,1280,0,123,3,3,7,1,1,-70,0,826,8025,47,0,0 '
Received from ('fd00::200:0:0:15', 8765, 0, 0): b' 900,21,16,1280,0,118,3,3,5,1,1,-70,0,1068,14387,51,0,0 '
Received from ('fd00::200:0:0:f', 8765, 0, 0): b' 902,15,11,1024,0,89,4,9,7,1,2,-52,0,655,9458,24,0,0 '
Received from ('fd00::200:0:0:6', 8765, 0, 0): b' 904,6,3,768,0,130,8,3,7,1,2,-70,0,262,4008,49,0,0 '
Received from ('fd00::200:0:0:8', 8765, 0, 0): b' 905,8,3,768,10,128,8,4,7,1,2,-70,2,1368,19387,58,0,0 '
Received from ('fd00::200:0:0:1', 5678, 0, 0): b' 905,1,0,256,0,23,0,0,4,0,0,0,10,2444,23681,990,0,0 '
Received from ('fd00::200:0:0:4', 8765, 0, 0): b' 905,4,1,512,0,127,12,2,7,1,1,-66,1,939,13314,60,0,0 '
Received from ('fd00::200:0:0:b', 8765, 0, 0): b' 907,11,3,768,20,112,7,6,7,1,1,-95,10,3568,28588,58,0,0 '
Received from ('fd00::200:0:0:14', 8765, 0, 0): b' 903,20,16,1280,0,101,5,8,7,1,2,-52,0,597,6115,27,0,0 '
Received from ('fd00::200:0:0:2', 8765, 0, 0): b' 907,2,1,512,10,141,13,1,6,1,1,-88,0,818,11617,61,0,0 '
Received from ('fd00::200:0:0:7', 8765, 0, 0): b' 907,7,4,768,0,56,7,2,7,1,3,-70,0,903,9214,43,0,0 '
Received from ('fd00::200:0:0:11', 8765, 0, 0): b' 904,17,16,1280,0,117,3,4,7,1,1,-52,0,692,9532,52,0,0 '
Received from ('fd00::200:0:0:c', 8765, 0, 0): b' 906,12,11,1024,0,142,9,7,7,1,3,-52,0,506,14797,55,0,0 '
Received from ('fd00::200:0:0:3', 8765, 0, 0): b' 908,3,1,512,0,127,12,10,7,2,1,-64,10,4892,26779,60,0,0 '
Received from ('fd00::200:0:0:9', 8765, 0, 0): b' 907,9,5,768,0,108,8,4,7,1,2,-52,0,820,11146,46,0,0 '
Received from ('fd00::200:0:0:12', 8765, 0, 0): b' 907,18,14,1280,0,124,6,4,5,1,1,-52,0,957,10315,45,0,0 '
Received from ('fd00::200:0:0:d', 8765, 0, 0): b' 909,13,8,1024,0,135,7,2,7,1,2,-70,0,614,10658,55,0,0 '
Received from ('fd00::200:0:0:15', 8765, 0, 0): b' 905,21,16,1280,10,119,3,3,5,1,1,-70,0,418,6556,52,0,0 '
Received from ('fd00::200:0:0:5', 8765, 0, 0): b' 909,5,1,512,0,136,13,1,6,1,1,-94,1,1406,16702,60,0,0 '
Received from ('fd00::200:0:0:e', 8765, 0, 0): b' 908,14,11,1024,0,124,8,3,7,1,2,-70,1,1572,15657,48,0,0 '
Received from ('fd00::200:0:0:a', 8765, 0, 0): b' 908,10,11,1024,20,128,5,4,7,1,1,-52,0,613,11642,50,0,0 '
Received from ('fd00::200:0:0:10', 8765, 0, 0): b' 909,16,11,1024,0,104,7,8,7,1,2,-70,4,2294,24571,54,0,0 '
Received from ('fd00::200:0:0:f', 8765, 0, 0): b' 909,15,11,1024,0,91,4,9,7,1,2,-52,0,611,7268,24,0,0 '
Received from ('fd00::200:0:0:4', 8765, 0, 0): b' 911,4,1,512,10,130,12,2,7,1,1,-66,1,800,9215,60,0,0 '
Received from ('fd00::200:0:0:2', 8765, 0, 0): b' 911,2,1,512,0,142,13,1,6,1,1,-88,0,467,5973,61,0,0 '
Received from ('fd00::200:0:0:6', 8765, 0, 0): b' 911,6,3,768,0,133,8,3,7,1,2,-70,0,772,7913,50,0,0 '
Received from ('fd00::200:0:0:3', 8765, 0, 0): b' 912,3,1,512,10,128,12,10,7,2,1,-64,10,2100,12150,60,0,0 '
Received from ('fd00::200:0:0:13', 8765, 0, 0): b' 912,19,16,1280,0,126,3,3,7,1,1,-70,0,823,10347,48,0,0 '
Received from ('fd00::200:0:0:8', 8765, 0, 0): b' 912,8,3,768,0,130,8,4,7,1,2,-70,2,938,14903,58,0,0 '
Received from ('fd00::200:0:0:9', 8765, 0, 0): b' 912,9,5,768,0,109,8,4,7,1,2,-52,0,358,4474,46,0,0 '
Received from ('fd00::200:0:0:7', 8765, 0, 0): b' 913,7,4,768,0,58,7,2,7,1,3,-70,0,487,5778,43,0,0 '
Received from ('fd00::200:0:0:c', 8765, 0, 0): b' 912,12,11,1024,10,142,9,7,7,1,3,-52,0,254,7116,55,0,0 '
Received from ('fd00::200:0:0:b', 8765, 0, 0): b' 913,11,3,768,60,115,7,6,7,1,1,-95,10,3949,26527,59,0,0 '
Received from ('fd00::200:0:0:10', 8765, 0, 0): b' 913,16,11,1024,0,105,7,8,7,1,2,-70,4,938,10081,54,0,0 '
Received from ('fd00::200:0:0:e', 8765, 0, 0): b' 913,14,11,1024,10,126,8,3,7,1,2,-70,1,595,6787,49,0,0 '
Received from ('fd00::200:0:0:f', 8765, 0, 0): b' 913,15,11,1024,0,91,4,9,7,1,2,-52,0,211,4312,25,0,0 '
Received from ('fd00::200:0:0:1', 5678, 0, 0): b' 915,1,0,256,0,23,0,0,4,0,0,0,10,2526,28507,1003,0,0 '
Received from ('fd00::200:0:0:d', 8765, 0, 0): b' 917,13,8,1024,0,138,7,2,7,1,2,-70,0,719,9749,55,0,0 '
Received from ('fd00::200:0:0:15', 8765, 0, 0): b' 916,21,16,1280,0,121,3,3,5,1,1,-70,0,666,10251,52,0,0 '
Received from ('fd00::200:0:0:12', 8765, 0, 0): b' 916,18,14,1280,10,125,6,4,5,1,1,-52,0,562,8533,46,0,0 '
Received from ('fd00::200:0:0:3', 8765, 0, 0): b' 917,3,1,512,0,128,12,10,7,2,1,-64,10,2973,16002,61,0,0 '
Received from ('fd00::200:0:0:14', 8765, 0, 0): b' 917,20,16,1280,0,105,5,8,7,1,2,-52,0,930,11144,28,0,0 '
Received from ('fd00::200:0:0:c', 8765, 0, 0): b' 916,12,11,1024,0,145,9,7,7,1,3,-52,0,656,8407,56,0,0 '
Received from ('fd00::200:0:0:13', 8765, 0, 0): b' 918,19,16,1280,0,126,3,3,7,1,1,-70,0,254,4759,48,0,0 '
Received from ('fd00::200:0:0:5', 8765, 0, 0): b' 917,5,1,512,0,137,13,1,6,1,1,-94,1,1004,13376,61,0,0 '
Received from ('fd00::200:0:0:6', 8765, 0, 0): b' 918,6,3,768,0,136,8,3,7,1,2,-70,0,619,7027,50,0,0 '
Received from ('fd00::200:0:0:b', 8765, 0, 0): b' 918,11,3,768,30,115,7,6,7,1,1,-95,10,2144,15538,59,0,0 '
Received from ('fd00::200:0:0:11', 8765, 0, 0): b' 918,17,16,1280,0,117,3,4,7,1,1,-52,0,502,10422,53,0,0 '
Received from ('fd00::200:0:0:2', 8765, 0, 0): b' 918,2,1,512,10,143,13,1,6,1,1,-88,0,299,8011,61,0,0 '
Received from ('fd00::200:0:0:10', 8765, 0, 0): b' 917,16,11,1024,20,107,7,8,7,1,2,-70,4,1673,14333,55,0,0 '
Received from ('fd00::200:0:0:9', 8765, 0, 0): b' 919,9,5,768,0,112,8,4,7,1,2,-52,0,675,6988,47,0,0 '
Received from ('fd00::200:0:0:7', 8765, 0, 0): b' 920,7,4,768,0,60,7,2,7,1,3,-70,0,487,6710,43,0,0 '
Received from ('fd00::200:0:0:a', 8765, 0, 0): b' 919,10,11,1024,0,128,5,4,7,1,1,-52,0,611,13149,51,0,0 '
Received from ('fd00::200:0:0:1', 5678, 0, 0): b' 921,1,0,256,0,23,0,0,4,0,0,0,10,1679,15625,1013,0,0 '
Received from ('fd00::200:0:0:3', 8765, 0, 0): b' 921,3,1,512,0,130,12,10,7,2,1,-64,10,2410,13108,61,0,0 '
Received from ('fd00::200:0:0:c', 8765, 0, 0): b' 922,12,11,1024,10,147,9,7,7,1,3,-52,0,388,6891,56,0,0 '
Received from ('fd00::200:0:0:14', 8765, 0, 0): b' 922,20,16,1280,0,106,5,8,7,1,2,-52,0,417,4769,29,0,0 '
Received from ('fd00::200:0:0:f', 8765, 0, 0): b' 923,15,11,1024,0,92,4,9,7,1,2,-52,0,504,8028,25,0,0 '
Received from ('fd00::200:0:0:5', 8765, 0, 0): b' 922,5,1,512,0,140,13,1,6,1,1,-94,1,825,8183,61,0,0 '
Received from ('fd00::200:0:0:8', 8765, 0, 0): b' 922,8,3,768,10,133,8,5,7,1,2,-70,2,1294,18177,59,0,0 '
Received from ('fd00::200:0:0:4', 8765, 0, 0): b' 923,4,1,512,0,132,12,2,7,1,1,-66,1,1559,18931,61,0,0 '
Received from ('fd00::200:0:0:15', 8765, 0, 0): b' 923,21,16,1280,0,121,3,3,5,1,1,-70,0,386,9172,53,0,0 '
Received from ('fd00::200:0:0:b', 8765, 0, 0): b' 923,11,3,768,10,117,7,6,7,1,1,-95,10,2371,16695,59,0,0 '
Received from ('fd00::200:0:0:e', 8765, 0, 0): b' 924,14,11,1024,0,130,8,3,7,1,2,-70,1,1256,13897,49,0,0 '
Received from ('fd00::200:0:0:d', 8765, 0, 0): b' 924,13,8,1024,0,141,7,2,7,1,2,-70,0,705,11011,56,0,0 '
Received from ('fd00::200:0:0:6', 8765, 0, 0): b' 925,6,3,768,0,136,8,3,7,1,2,-70,0,330,6419,51,0,0 '
Received from ('fd00::200:0:0:13', 8765, 0, 0): b' 926,19,16,1280,0,128,3,3,7,1,1,-70,0,595,9126,49,0,0 '
Received from ('fd00::200:0:0:7', 8765, 0, 0): b' 927,7,4,768,0,63,7,2,7,1,3,-70,0,674,7561,44,0,0 '
Received from ('fd00::200:0:0:11', 8765, 0, 0): b' 926,17,16,1280,0,118,3,4,7,1,1,-52,0,506,8146,53,0,0 '
Received from ('fd00::200:0:0:1', 5678, 0, 0): b' 927,1,0,256,0,23,0,0,4,0,0,0,10,1388,16296,1019,0,0 '
Received from ('fd00::200:0:0:12', 8765, 0, 0): b' 924,18,14,1280,10,130,6,4,5,1,1,-52,0,931,10292,47,0,0 '
Received from ('fd00::200:0:0:3', 8765, 0, 0): b' 928,3,1,512,10,133,12,10,7,2,1,-64,10,3235,19610,61,0,0 '
Received from ('fd00::200:0:0:15', 8765, 0, 0): b' 927,21,16,1280,0,122,3,3,5,1,1,-70,0,360,5032,53,0,0 '
Received from ('fd00::200:0:0:2', 8765, 0, 0): b' 928,2,1,512,0,146,13,1,6,1,1,-88,0,803,12121,62,0,0 '
Received from ('fd00::200:0:0:10', 8765, 0, 0): b' 928,16,11,1024,10,110,7,8,7,1,2,-70,4,2666,25955,55,0,0 '
Received from ('fd00::200:0:0:4', 8765, 0, 0): b' 929,4,1,512,0,133,12,2,7,1,1,-66,1,769,10066,62,0,0 '
Received from ('fd00::200:0:0:8', 8765, 0, 0): b' 929,8,3,768,0,134,8,5,7,1,2,-70,2,846,12116,59,0,0 '
Received from ('fd00::200:0:0:a', 8765, 0, 0): b' 930,10,11,1024,10,130,5,4,7,1,1,-52,0,706,12719,52,0,0 '
Received from ('fd00::200:0:0:9', 8765, 0, 0): b' 929,9,5,768,0,115,8,4,7,1,2,-52,0,796,10612,48,0,0 '
Received from ('fd00::200:0:0:14', 8765, 0, 0): b' 930,20,16,1280,0,109,5,8,7,1,2,-52,0,743,8577,29,0,0 '
Received from ('fd00::200:0:0:d', 8765, 0, 0): b' 930,13,8,1024,0,141,7,2,7,1,2,-70,0,277,7135,56,0,0 '
Received from ('fd00::200:0:0:11', 8765, 0, 0): b' 930,17,16,1280,0,119,3,4,7,1,1,-52,0,440,4356,54,0,0 '
Received from ('fd00::200:0:0:b', 8765, 0, 0): b' 932,11,3,768,40,121,7,6,7,1,1,-95,10,4289,29700,60,0,0 '
Received from ('fd00::200:0:0:f', 8765, 0, 0): b' 930,15,11,1024,10,97,4,9,7,1,2,-52,0,808,9097,26,0,0 '
Received from ('fd00::200:0:0:e', 8765, 0, 0): b' 931,14,11,1024,0,134,8,3,7,1,2,-70,1,1322,11401,50,0,0 '
Received from ('fd00::200:0:0:c', 8765, 0, 0): b' 931,12,11,1024,10,149,9,7,7,1,3,-52,0,732,15558,57,0,0 '
Received from ('fd00::200:0:0:13', 8765, 0, 0): b' 933,19,16,1280,0,131,3,3,7,1,1,-70,0,775,7876,50,0,0 '
Received from ('fd00::200:0:0:5', 8765, 0, 0): b' 933,5,1,512,10,142,13,1,6,1,1,-94,1,1246,17386,62,0,0 '
Received from ('fd00::200:0:0:10', 8765, 0, 0): b' 934,16,11,1024,10,113,7,8,7,1,2,-70,4,1871,17117,56,0,0 '
Received from ('fd00::200:0:0:a', 8765, 0, 0): b' 934,10,11,1024,0,133,5,4,7,1,1,-52,0,600,6768,52,0,0 '
Received from ('fd00::200:0:0:1', 5678, 0, 0): b' 936,1,0,256,0,23,0,0,4,0,0,0,10,2143,22652,1033,0,0 '
Received from ('fd00::200:0:0:14', 8765, 0, 0): b' 935,20,16,1280,0,110,5,8,7,1,2,-52,0,416,4866,30,0,0 '
Received from ('fd00::200:0:0:6', 8765, 0, 0): b' 936,6,3,768,10,141,8,3,7,1,2,-70,0,1011,10807,52,0,0 '
Received from ('fd00::200:0:0:11', 8765, 0, 0): b' 936,17,16,1280,0,120,3,4,7,1,1,-52,0,384,6227,54,0,0 '
Received from ('fd00::200:0:0:4', 8765, 0, 0): b' 937,4,1,512,0,136,12,2,7,1,1,-66,1,959,12964,62,0,0 '
Received from ('fd00::200:0:0:3', 8765, 0, 0): b' 937,3,1,512,20,133,12,10,7,2,1,-64,10,5180,29990,62,0,0 '
Received from ('fd00::200:0:0:f', 8765, 0, 0): b' 938,15,11,1024,0,98,4,9,7,1,2,-52,0,588,6158,26,0,0 '
Received from ('fd00::200:0:0:15', 8765, 0, 0): b' 936,21,16,1280,0,124,3,3,5,1,1,-70,0,720,12715,54,0,0 '
Received from ('fd00::200:0:0:12', 8765, 0, 0): b' 936,18,14,1280,0,132,6,4,5,1,1,-52,0,745,10172,47,0,0 '
Received from ('fd00::200:0:0:13', 8765, 0, 0): b' 938,19,16,1280,0,131,3,3,7,1,1,-70,0,253,4561,50,0,0 '
Received from ('fd00::200:0:0:8', 8765, 0, 0): b' 938,8,3,768,0,141,8,5,7,1,2,-70,2,1647,19025,60,0,0 '
Received from ('fd00::200:0:0:7', 8765, 0, 0): b' 939,7,4,768,0,70,7,2,7,1,3,-70,0,1313,12479,45,0,0 '
Received from ('fd00::200:0:0:d', 8765, 0, 0): b' 938,13,8,1024,0,142,7,2,7,1,2,-70,0,588,10085,57,0,0 '
Received from ('fd00::200:0:0:e', 8765, 0, 0): b' 940,14,11,1024,0,138,8,3,7,1,2,-70,1,1236,10826,50,0,0 '
Received from ('fd00::200:0:0:5', 8765, 0, 0): b' 939,5,1,512,10,143,13,1,6,1,1,-94,1,634,9724,62,0,0 '
Received from ('fd00::200:0:0:2', 8765, 0, 0): b' 940,2,1,512,10,147,13,1,6,1,1,-88,0,617,13739,63,0,0 '
Received from ('fd00::200:0:0:9', 8765, 0, 0): b' 939,9,5,768,0,121,8,4,7,1,2,-52,0,1132,9867,48,0,0 '
Received from ('fd00::200:0:0:c', 8765, 0, 0): b' 940,12,11,1024,0,152,9,7,7,1,3,-52,0,745,12404,57,0,0 '
Received from ('fd00::200:0:0:10', 8765, 0, 0): b' 940,16,11,1024,10,113,7,8,7,1,2,-70,4,1476,13640,56,0,0 '
Received from ('fd00::200:0:0:b', 8765, 0, 0): b' 941,11,3,768,10,122,7,6,7,1,1,-95,10,4309,31639,60,0,0 '
Received from ('fd00::200:0:0:a', 8765, 0, 0): b' 943,10,11,1024,0,134,5,4,7,1,1,-52,0,464,9051,53,0,0 '
Received from ('fd00::200:0:0:13', 8765, 0, 0): b' 942,19,16,1280,0,132,3,3,7,1,1,-70,0,360,3979,50,0,0 '
Received from ('fd00::200:0:0:11', 8765, 0, 0): b' 942,17,16,1280,0,123,3,4,7,1,1,-52,0,808,6244,54,0,0 '
Received from ('fd00::200:0:0:4', 8765, 0, 0): b' 944,4,1,512,0,138,12,2,7,1,1,-66,1,974,11154,63,0,0 '
Received from ('fd00::200:0:0:6', 8765, 0, 0): b' 944,6,3,768,0,142,8,3,7,1,2,-70,0,529,7692,52,0,0 '
Received from ('fd00::200:0:0:10', 8765, 0, 0): b' 944,16,11,1024,30,115,7,8,7,1,2,-70,4,1354,11293,57,0,0 '
Received from ('fd00::200:0:0:14', 8765, 0, 0): b' 942,20,16,1280,0,113,5,8,7,1,2,-52,0,622,7688,30,0,0 '
Received from ('fd00::200:0:0:1', 5678, 0, 0): b' 945,1,0,256,0,23,0,0,4,0,0,0,10,2033,23214,1042,0,0 '
Received from ('fd00::200:0:0:15', 8765, 0, 0): b' 943,21,16,1280,0,127,3,3,5,1,1,-70,0,623,9164,54,0,0 '
Received from ('fd00::200:0:0:3', 8765, 0, 0): b' 946,3,1,512,10,133,12,10,7,2,1,-64,10,4480,26043,63,0,0 '
Received from ('fd00::200:0:0:8', 8765, 0, 0): b' 946,8,3,768,0,144,8,5,7,1,2,-70,2,1090,15820,61,0,0 '
Received from ('fd00::200:0:0:a', 8765, 0, 0): b' 948,10,11,1024,0,135,5,4,7,1,1,-52,0,360,5480,53,0,0 '
Received from ('fd00::200:0:0:5', 8765, 0, 0): b' 947,5,1,512,10,144,13,1,6,1,1,-94,1,780,10931,63,0,0 '
Received from ('fd00::200:0:0:f', 8765, 0, 0): b' 948,15,11,1024,0,101,4,10,7,1,2,-52,0,729,10479,27,0,0 '
Received from ('fd00::200:0:0:d', 8765, 0, 0): b' 947,13,8,1024,10,143,7,2,7,1,2,-70,0,408,9745,57,0,0 '
Received from ('fd00::200:0:0:2', 8765, 0, 0): b' 949,2,1,512,0,149,13,1,6,1,1,-88,0,646,11411,63,0,0 '
Received from ('fd00::200:0:0:b', 8765, 0, 0): b' 949,11,3,768,10,122,7,6,7,1,1,-95,10,3230,24488,61,0,0 '
Received from ('fd00::200:0:0:7', 8765, 0, 0): b' 949,7,4,768,0,71,7,2,7,1,3,-70,0,527,9622,45,0,0 '
Received from ('fd00::200:0:0:12', 8765, 0, 0): b' 949,18,14,1280,0,137,6,4,5,1,1,-52,0,1038,11681,48,0,0 '
Received from ('fd00::200:0:0:9', 8765, 0, 0): b' 949,9,5,768,0,124,8,4,7,1,2,-52,0,797,9642,49,0,0 '
Received from ('fd00::200:0:0:e', 8765, 0, 0): b' 950,14,11,1024,0,142,8,3,7,1,2,-70,1,1239,13629,51,0,0 '
Received from ('fd00::200:0:0:c', 8765, 0, 0): b' 951,12,11,1024,0,157,9,7,7,1,3,-52,0,1042,16974,58,0,0 '
Received from ('fd00::200:0:0:1', 5678, 0, 0): b' 951,1,0,256,0,23,0,0,4,0,0,0,10,1741,18248,1054,0,0 '
Received from ('fd00::200:0:0:6', 8765, 0, 0): b' 952,6,3,768,0,143,8,3,7,1,2,-70,0,461,7222,53,0,0 '
Received from ('fd00::200:0:0:14', 8765, 0, 0): b' 953,20,16,1280,10,117,5,8,7,1,2,-52,0,882,9112,31,0,0 '
Received from ('fd00::200:0:0:f', 8765, 0, 0): b' 953,15,11,1024,0,101,4,11,7,1,2,-52,0,255,3763,27,0,0 '
Received from ('fd00::200:0:0:10', 8765, 0, 0): b' 952,16,11,1024,0,119,7,8,7,1,2,-70,4,2503,25011,57,0,0 '
Received from ('fd00::200:0:0:a', 8765, 0, 0): b' 953,10,11,1024,0,137,5,4,7,1,1,-52,0,491,7434,53,0,0 '
Received from ('fd00::200:0:0:13', 8765, 0, 0): b' 953,19,16,1280,0,136,3,3,7,1,1,-70,0,1014,10946,51,0,0 '
Received from ('fd00::200:0:0:11', 8765, 0, 0): b' 954,17,16,1280,0,127,3,4,7,1,1,-52,0,972,11138,55,0,0 '
Received from ('fd00::200:0:0:e', 8765, 0, 0): b' 953,14,11,1024,0,144,8,3,7,1,2,-70,1,581,5747,51,0,0 '
Received from ('fd00::200:0:0:15', 8765, 0, 0): b' 954,21,16,1280,0,131,3,3,5,1,1,-70,0,1046,12633,55,0,0 '
Received from ('fd00::200:0:0:3', 8765, 0, 0): b' 955,3,1,512,0,136,12,10,7,2,1,-64,10,4413,25326,63,0,0 '
Received from ('fd00::200:0:0:b', 8765, 0, 0): b' 955,11,3,768,30,124,7,6,7,1,1,-95,10,2976,20519,61,0,0 '
Received from ('fd00::200:0:0:5', 8765, 0, 0): b' 956,5,1,512,0,146,13,1,6,1,1,-94,1,970,12785,63,0,0 '
Received from ('fd00::200:0:0:4', 8765, 0, 0): b' 955,4,1,512,0,139,12,2,7,1,1,-66,1,1022,17115,64,0,0 '
Received from ('fd00::200:0:0:6', 8765, 0, 0): b' 956,6,3,768,0,144,8,3,7,1,2,-70,0,357,4417,53,0,0 '
Received from ('fd00::200:0:0:12', 8765, 0, 0): b' 955,18,14,1280,10,140,6,4,5,1,1,-52,0,600,6186,49,0,0 '
Received from ('fd00::200:0:0:7', 8765, 0, 0): b' 958,7,4,768,10,75,7,2,7,1,3,-70,0,771,9260,46,0,0 '
Received from ('fd00::200:0:0:8', 8765, 0, 0): b' 958,8,3,768,0,148,8,5,7,1,2,-70,2,1477,21423,61,0,0 '
Received from ('fd00::200:0:0:c', 8765, 0, 0): b' 957,12,11,1024,0,158,9,7,7,1,3,-52,0,578,10618,58,0,0 '
Received from ('fd00::200:0:0:11', 8765, 0, 0): b' 958,17,16,1280,10,129,3,4,7,1,1,-52,0,468,4502,55,0,0 '
Received from ('fd00::200:0:0:d', 8765, 0, 0): b' 958,13,8,1024,0,147,7,2,7,1,2,-70,0,1055,14647,58,0,0 '
Received from ('fd00::200:0:0:1', 5678, 0, 0): b' 960,1,0,256,0,23,0,0,4,0,0,0,10,1811,20937,1060,0,0 '
Received from ('fd00::200:0:0:9', 8765, 0, 0): b' 959,9,5,768,0,126,8,4,7,1,2,-52,0,633,10083,49,0,0 '
Received from ('fd00::200:0:0:2', 8765, 0, 0): b' 959,2,1,512,0,154,13,1,6,1,1,-88,0,1101,13501,64,0,0 '
Received from ('fd00::200:0:0:13', 8765, 0, 0): b' 959,19,16,1280,0,139,3,3,7,1,1,-70,0,726,7310,51,0,0 '
Received from ('fd00::200:0:0:5', 8765, 0, 0): b' 960,5,1,512,0,147,13,1,6,1,1,-94,1,725,8855,63,0,0 '
Received from ('fd00::200:0:0:15', 8765, 0, 0): b' 960,21,16,1280,0,132,3,3,5,1,1,-70,0,386,7341,55,0,0 '
Received from ('fd00::200:0:0:14', 8765, 0, 0): b' 961,20,16,1280,0,118,5,8,7,1,2,-52,0,530,8790,31,0,0 '
Received from ('fd00::200:0:0:a', 8765, 0, 0): b' 962,10,11,1024,0,139,5,4,7,1,1,-52,0,762,11646,54,0,0 '
Received from ('fd00::200:0:0:e', 8765, 0, 0): b' 962,14,11,1024,0,144,8,3,7,1,2,-70,1,984,11423,52,0,0 '
Received from ('fd00::200:0:0:11', 8765, 0, 0): b' 963,17,16,1280,0,130,3,4,7,1,1,-52,0,441,5583,56,0,0 '
Received from ('fd00::200:0:0:d', 8765, 0, 0): b' 962,13,8,1024,10,148,7,2,7,1,2,-70,0,237,5970,59,0,0 '
Received from ('fd00::200:0:0:b', 8765, 0, 0): b' 964,11,3,768,0,126,7,6,7,1,1,-95,10,4085,31044,62,0,0 '
Received from ('fd00::200:0:0:2', 8765, 0, 0): b' 963,2,1,512,10,154,13,1,6,1,1,-88,0,253,5304,64,0,0 '
Received from ('fd00::200:0:0:7', 8765, 0, 0): b' 964,7,4,768,10,77,7,2,7,1,3,-70,0,488,6129,46,0,0 '
Received from ('fd00::200:0:0:f', 8765, 0, 0): b' 963,15,11,1024,0,103,4,11,7,1,2,-52,0,745,11142,28,0,0 '
Received from ('fd00::200:0:0:10', 8765, 0, 0): b' 964,16,11,1024,0,121,7,8,7,1,2,-70,4,3429,31654,58,0,0 '
Received from ('fd00::200:0:0:4', 8765, 0, 0): b' 965,4,1,512,0,140,12,2,7,1,1,-66,1,1067,15207,64,0,0 '
Received from ('fd00::200:0:0:12', 8765, 0, 0): b' 966,18,14,1280,0,143,6,4,5,1,1,-52,0,894,10990,49,0,0 '
Received from ('fd00::200:0:0:3', 8765, 0, 0): b' 966,3,1,512,0,139,12,10,7,2,1,-64,10,5963,34993,64,0,0 '
Received from ('fd00::200:0:0:8', 8765, 0, 0): b' 965,8,3,768,0,149,8,5,7,1,2,-70,2,1228,14954,62,0,0 '
Received from ('fd00::200:0:0:6', 8765, 0, 0): b' 967,6,3,768,0,145,8,3,7,1,2,-70,0,582,9992,54,0,0 '
Received from ('fd00::200:0:0:a', 8765, 0, 0): b' 966,10,11,1024,0,140,5,4,7,1,1,-52,0,361,5520,54,0,0 '
Received from ('fd00::200:0:0:9', 8765, 0, 0): b' 967,9,5,768,0,128,8,4,7,1,2,-52,0,569,7601,50,0,0 '
Received from ('fd00::200:0:0:15', 8765, 0, 0): b' 966,21,16,1280,0,134,3,3,5,1,1,-70,0,575,8259,56,0,0 '
Received from ('fd00::200:0:0:c', 8765, 0, 0): b' 967,12,11,1024,0,160,9,7,7,1,3,-52,0,624,14269,59,0,0 '
Received from ('fd00::200:0:0:14', 8765, 0, 0): b' 968,20,16,1280,0,122,5,8,7,1,2,-52,0,786,7057,32,0,0 '
Received from ('fd00::200:0:0:1', 5678, 0, 0): b' 969,1,0,256,0,23,0,0,4,0,0,0,10,2375,26043,1075,0,0 '
Received from ('fd00::200:0:0:f', 8765, 0, 0): b' 969,15,11,1024,10,107,4,11,7,1,2,-52,0,600,5543,28,0,0 '
Received from ('fd00::200:0:0:12', 8765, 0, 0): b' 971,18,14,1280,0,143,6,4,5,1,1,-52,0,310,4137,50,0,0 '
Received from ('fd00::200:0:0:d', 8765, 0, 0): b' 969,13,8,1024,0,150,7,2,7,1,2,-70,0,626,8165,59,0,0 '
Received from ('fd00::200:0:0:5', 8765, 0, 0): b' 971,5,1,512,0,150,13,1,6,1,1,-94,1,1086,15843,64,0,0 '
Received from ('fd00::200:0:0:7', 8765, 0, 0): b' 971,7,4,768,0,79,7,2,7,1,3,-70,0,568,7267,47,0,0 '
Received from ('fd00::200:0:0:13', 8765, 0, 0): b' 970,19,16,1280,0,141,3,3,7,1,1,-70,0,716,10251,52,0,0 '
Received from ('fd00::200:0:0:4', 8765, 0, 0): b' 972,4,1,512,0,143,12,2,7,1,1,-66,1,1069,11133,65,0,0 '
Received from ('fd00::200:0:0:10', 8765, 0, 0): b' 971,16,11,1024,0,123,7,8,7,1,2,-70,4,1666,18044,58,0,0 '
Received from ('fd00::200:0:0:2', 8765, 0, 0): b' 971,2,1,512,10,154,13,1,6,1,1,-88,0,472,9724,65,0,0 '
Received from ('fd00::200:0:0:e', 8765, 0, 0): b' 972,14,11,1024,0,147,8,3,7,1,2,-70,1,1233,12671,53,0,0 '
Received from ('fd00::200:0:0:1', 5678, 0, 0): b' 973,1,0,256,0,23,0,0,4,0,0,0,10,1019,10909,1080,0,0 '
Received from ('fd00::200:0:0:b', 8765, 0, 0): b' 974,11,3,768,30,130,7,6,7,1,1,-95,10,4306,31708,63,0,0 '
Received from ('fd00::200:0:0:f', 8765, 0, 0): b' 973,15,11,1024,0,108,4,11,7,1,2,-52,0,469,4352,28,0,0 '
Received from ('fd00::200:0:0:6', 8765, 0, 0): b' 975,6,3,768,0,146,8,3,7,1,2,-70,0,405,7199,54,0,0 '
Received from ('fd00::200:0:0:c', 8765, 0, 0): b' 973,12,11,1024,0,163,9,7,7,1,3,-52,0,600,9973,59,0,0 '
Received from ('fd00::200:0:0:11', 8765, 0, 0): b' 974,17,16,1280,0,135,3,4,7,1,1,-52,0,1031,10746,57,0,0 '
Received from ('fd00::200:0:0:9', 8765, 0, 0): b' 975,9,5,768,0,130,8,4,7,1,2,-52,0,665,8179,51,0,0 '
Received from ('fd00::200:0:0:d', 8765, 0, 0): b' 975,13,8,1024,0,152,7,2,7,1,2,-70,0,490,7215,59,0,0 '
Received from ('fd00::200:0:0:5', 8765, 0, 0): b' 976,5,1,512,0,151,13,1,6,1,1,-94,1,821,8493,64,0,0 '
Received from ('fd00::200:0:0:12', 8765, 0, 0): b' 976,18,14,1280,0,144,6,4,5,1,1,-52,0,384,5381,50,0,0 '
Received from ('fd00::200:0:0:a', 8765, 0, 0): b' 975,10,11,1024,0,142,5,4,7,1,1,-52,0,595,10701,55,0,0 '
Received from ('fd00::200:0:0:14', 8765, 0, 0): b' 976,20,16,1280,0,124,5,8,7,1,2,-52,0,515,7659,32,0,0 '
Received from ('fd00::200:0:0:3', 8765, 0, 0): b' 977,3,1,512,10,142,12,10,7,2,1,-64,10,5773,33915,65,0,0 '
Received from ('fd00::200:0:0:2', 8765, 0, 0): b' 977,2,1,512,0,155,13,1,6,1,1,-88,0,383,6634,65,0,0 '
Received from ('fd00::200:0:0:8', 8765, 0, 0): b' 977,8,3,768,0,150,8,5,7,1,2,-70,2,1178,21540,63,0,0 '
Received from ('fd00::200:0:0:e', 8765, 0, 0): b' 977,14,11,1024,0,148,8,3,7,1,2,-70,1,686,6719,53,0,0 '
Received from ('fd00::200:0:0:13', 8765, 0, 0): b' 977,19,16,1280,0,142,3,3,7,1,1,-70,0,441,6312,53,0,0 '
Received from ('fd00::200:0:0:15', 8765, 0, 0): b' 977,21,16,1280,0,134,3,3,5,1,1,-70,0,478,12066,57,0,0 '
Received from ('fd00::200:0:0:c', 8765, 0, 0): b' 979,12,11,1024,10,164,9,7,7,1,3,-52,0,444,7813,60,0,0 '
Received from ('fd00::200:0:0:6', 8765, 0, 0): b' 980,6,3,768,0,147,8,3,7,1,2,-70,0,437,5611,55,0,0 '
Received from ('fd00::200:0:0:f', 8765, 0, 0): b' 980,15,11,1024,0,111,4,11,7,1,2,-52,0,745,7924,29,0,0 '
Received from ('fd00::200:0:0:a', 8765, 0, 0): b' 981,10,11,1024,0,143,5,4,7,1,1,-52,0,361,6426,55,0,0 '
Received from ('fd00::200:0:0:11', 8765, 0, 0): b' 982,17,16,1280,0,136,3,4,7,1,1,-52,0,386,6729,57,0,0 '
Received from ('fd00::200:0:0:8', 8765, 0, 0): b' 982,8,3,768,10,152,8,5,7,1,2,-70,2,631,8541,63,0,0 '
Received from ('fd00::200:0:0:d', 8765, 0, 0): b' 981,13,8,1024,0,152,7,2,7,1,2,-70,0,457,7404,60,0,0 '
Received from ('fd00::200:0:0:3', 8765, 0, 0): b' 983,3,1,512,0,146,12,10,7,2,1,-64,10,3207,16576,65,0,0 '
Received from ('fd00::200:0:0:4', 8765, 0, 0): b' 983,4,1,512,0,146,12,2,7,1,1,-66,1,1132,17561,65,0,0 '
Received from ('fd00::200:0:0:1', 5678, 0, 0): b' 983,1,0,256,0,23,0,0,4,0,0,0,10,2640,27253,1094,0,0 '
Received from ('fd00::200:0:0:5', 8765, 0, 0): b' 982,5,1,512,0,152,13,1,6,1,1,-94,1,597,10015,65,0,0 '
Received from ('fd00::200:0:0:7', 8765, 0, 0): b' 983,7,4,768,0,84,7,2,7,1,3,-70,0,1027,11464,48,0,0 '
Received from ('fd00::200:0:0:b', 8765, 0, 0): b' 984,11,3,768,10,131,7,6,7,1,1,-95,10,4245,31442,63,0,0 '
Received from ('fd00::200:0:0:e', 8765, 0, 0): b' 983,14,11,1024,0,149,8,3,7,1,2,-70,1,705,8063,53,0,0 '
Received from ('fd00::200:0:0:10', 8765, 0, 0): b' 983,16,11,1024,10,126,7,8,7,1,2,-70,4,3084,30378,59,0,0 '
Received from ('fd00::200:0:0:12', 8765, 0, 0): b' 984,18,14,1280,20,149,6,4,5,1,1,-52,0,705,7316,50,0,0 '
Received from ('fd00::200:0:0:14', 8765, 0, 0): b' 983,20,16,1280,0,129,5,8,7,1,2,-52,0,965,7393,33,0,0 '
Received from ('fd00::200:0:0:15', 8765, 0, 0): b' 984,21,16,1280,10,138,3,3,5,1,1,-70,0,734,8287,57,0,0 '
Received from ('fd00::200:0:0:9', 8765, 0, 0): b' 985,9,5,768,0,134,8,4,7,1,2,-52,0,841,9659,51,0,0 '
Received from ('fd00::200:0:0:2', 8765, 0, 0): b' 985,2,1,512,0,157,13,1,6,1,1,-88,0,588,9584,66,0,0 '
Received from ('fd00::200:0:0:6', 8765, 0, 0): b' 986,6,3,768,0,150,8,3,7,1,2,-70,0,589,5380,55,0,0 '
Received from ('fd00::200:0:0:3', 8765, 0, 0): b' 987,3,1,512,0,146,12,10,7,2,1,-64,10,2067,12727,65,0,0 '
Received from ('fd00::200:0:0:10', 8765, 0, 0): b' 987,16,11,1024,20,128,7,8,7,1,2,-70,4,1153,11725,59,0,0 '
Received from ('fd00::200:0:0:d', 8765, 0, 0): b' 987,13,8,1024,0,153,7,2,7,1,2,-70,0,286,6735,60,0,0 '
Received from ('fd00::200:0:0:c', 8765, 0, 0): b' 987,12,11,1024,0,166,9,7,7,1,3,-52,0,637,12528,60,0,0 '
Received from ('fd00::200:0:0:13', 8765, 0, 0): b' 987,19,16,1280,0,143,3,3,7,1,1,-70,0,529,8872,53,0,0 '
Received from ('fd00::200:0:0:14', 8765, 0, 0): b' 987,20,16,1280,0,130,5,8,7,1,2,-52,0,263,4291,33,0,0 '
Received from ('fd00::200:0:0:6', 8765, 0, 0): b' 990,6,3,768,0,152,8,3,7,1,2,-70,0,464,4210,55,0,0 '
Received from ('fd00::200:0:0:a', 8765, 0, 0): b' 989,10,11,1024,0,145,5,4,7,1,1,-52,0,668,9649,56,0,0 '
Received from ('fd00::200:0:0:8', 8765, 0, 0): b' 989,8,3,768,0,155,8,5,7,1,2,-70,2,1205,14549,64,0,0 '
Received from ('fd00::200:0:0:1', 5678, 0, 0): b' 991,1,0,256,0,23,0,0,4,0,0,0,10,1908,20580,1106,0,0 '
Received from ('fd00::200:0:0:2', 8765, 0, 0): b' 990,2,1,512,0,160,13,1,6,1,1,-88,0,596,7552,66,0,0 '
Received from ('fd00::200:0:0:4', 8765, 0, 0): b' 991,4,1,512,0,149,12,2,7,1,1,-66,1,930,12942,66,0,0 '
Received from ('fd00::200:0:0:11', 8765, 0, 0): b' 991,17,16,1280,0,138,3,4,7,1,1,-52,0,692,9257,58,0,0 '
Received from ('fd00::200:0:0:f', 8765, 0, 0): b' 992,15,11,1024,0,115,4,11,7,1,2,-52,0,1004,10931,30,0,0 '
Received from ('fd00::200:0:0:5', 8765, 0, 0): b' 992,5,1,512,0,155,13,1,6,1,1,-94,1,1097,15387,65,0,0 '
Received from ('fd00::200:0:0:10', 8765, 0, 0): b' 992,16,11,1024,20,130,7,8,7,1,2,-70,4,1692,13639,60,0,0 '
Received from ('fd00::200:0:0:b', 8765, 0, 0): b' 992,11,3,768,20,132,7,6,7,1,1,-95,10,4415,31430,64,0,0 '
Received from ('fd00::200:0:0:13', 8765, 0, 0): b' 992,19,16,1280,0,146,3,3,7,1,1,-70,0,630,5267,54,0,0 '
Received from ('fd00::200:0:0:15', 8765, 0, 0): b' 991,21,16,1280,20,138,3,3,5,1,1,-70,0,400,9026,58,0,0 '
Received from ('fd00::200:0:0:7', 8765, 0, 0): b' 994,7,4,768,0,89,7,2,7,1,3,-70,0,1052,11204,48,0,0 '
Received from ('fd00::200:0:0:e', 8765, 0, 0): b' 994,14,11,1024,0,151,8,3,7,1,2,-70,1,1144,13965,54,0,0 '
Received from ('fd00::200:0:0:6', 8765, 0, 0): b' 995,6,3,768,0,153,8,3,7,1,2,-70,0,357,4369,55,0,0 '
Received from ('fd00::200:0:0:12', 8765, 0, 0): b' 995,18,14,1280,0,154,6,4,5,1,1,-52,0,1145,10981,51,0,0 '
Received from ('fd00::200:0:0:8', 8765, 0, 0): b' 994,8,3,768,10,157,8,5,7,1,2,-70,2,678,8746,64,0,0 '
Received from ('fd00::200:0:0:9', 8765, 0, 0): b' 995,9,5,768,0,138,8,4,7,1,2,-52,0,806,9425,52,0,0 '
Received from ('fd00::200:0:0:a', 8765, 0, 0): b' 994,10,11,1024,0,146,5,4,7,1,1,-52,0,384,7014,56,0,0 '
Received from ('fd00::200:0:0:d', 8765, 0, 0): b' 995,13,8,1024,0,157,7,2,7,1,2,-70,0,903,9764,61,0,0 '
Received from ('fd00::200:0:0:3', 8765, 0, 0): b' 996,3,1,512,0,147,12,10,7,2,1,-64,10,5300,28032,66,0,0 '
Received from ('fd00::200:0:0:4', 8765, 0, 0): b' 997,4,1,512,0,150,12,2,7,1,1,-66,1,724,8945,66,0,0 '
Received from ('fd00::200:0:0:14', 8765, 0, 0): b' 997,20,16,1280,0,133,5,8,7,1,2,-52,0,799,9552,34,0,0 '
Received from ('fd00::200:0:0:1', 5678, 0, 0): b' 998,1,0,256,0,23,0,0,4,0,0,0,10,1750,18277,1114,0,0 '
Received from ('fd00::200:0:0:15', 8765, 0, 0): b' 996,21,16,1280,0,139,3,3,5,1,1,-70,0,469,6600,58,0,0 '
Received from ('fd00::200:0:0:12', 8765, 0, 0): b' 1000,18,14,1280,0,155,6,4,5,1,1,-52,0,362,4368,51,0,0 '
Received from ('fd00::200:0:0:6', 8765, 0, 0): b' 999,6,3,768,0,154,8,3,7,1,2,-70,0,437,4899,56,0,0 '
Received from ('fd00::200:0:0:c', 8765, 0, 0): b' 999,12,11,1024,10,168,9,7,7,1,3,-52,0,721,16522,61,0,0 '
Received from ('fd00::200:0:0:d', 8765, 0, 0): b' 1000,13,8,1024,0,159,7,2,7,1,2,-70,0,466,6018,61,0,0 '
Received from ('fd00::200:0:0:13', 8765, 0, 0): b' 1000,19,16,1280,0,148,3,3,7,1,1,-70,0,515,7750,54,0,0 '
Received from ('fd00::200:0:0:5', 8765, 0, 0): b' 1001,5,1,512,0,158,13,1,6,1,1,-94,1,1189,13461,66,0,0 '
Received from ('fd00::200:0:0:e', 8765, 0, 0): b' 1001,14,11,1024,0,153,8,3,7,1,2,-70,1,1226,10338,55,0,0 '
Received from ('fd00::200:0:0:a', 8765, 0, 0): b' 1001,10,11,1024,0,148,5,4,7,1,1,-52,0,571,8564,57,0,0 '
Received from ('fd00::200:0:0:7', 8765, 0, 0): b' 1003,7,4,768,0,91,7,2,7,1,3,-70,0,593,8542,49,0,0 '
Received from ('fd00::200:0:0:10', 8765, 0, 0): b' 1002,16,11,1024,10,132,7,8,7,1,2,-70,4,2322,24933,61,0,0 '
Received from ('fd00::200:0:0:2', 8765, 0, 0): b' 1002,2,1,512,0,162,13,1,6,1,1,-88,0,733,14087,67,0,0 '
Received from ('fd00::200:0:0:f', 8765, 0, 0): b' 1002,15,11,1024,10,120,4,11,7,1,2,-52,0,863,10168,30,0,0 '
Received from ('fd00::200:0:0:11', 8765, 0, 0): b' 1002,17,16,1280,0,140,3,4,7,1,1,-52,0,660,10268,58,0,0 '
Received from ('fd00::200:0:0:b', 8765, 0, 0): b' 1003,11,3,768,40,136,7,6,7,1,1,-95,10,5227,37461,65,0,0 '
Received from ('fd00::200:0:0:3', 8765, 0, 0): b' 1004,3,1,512,0,150,12,10,7,2,1,-64,10,3935,23621,66,0,0 '
Received from ('fd00::200:0:0:9', 8765, 0, 0): b' 1004,9,5,768,0,141,8,4,7,1,2,-52,0,716,8927,52,0,0 '
Received from ('fd00::200:0:0:15', 8765, 0, 0): b' 1002,21,16,1280,0,140,3,3,5,1,1,-70,0,384,6769,58,0,0 '
Received from ('fd00::200:0:0:8', 8765, 0, 0): b' 1005,8,3,768,0,161,8,5,7,1,2,-70,2,1606,20033,65,0,0 '
Received from ('fd00::200:0:0:4', 8765, 0, 0): b' 1006,4,1,512,0,155,12,2,7,1,1,-66,1,1317,14257,67,0,0 '
Received from ('fd00::200:0:0:14', 8765, 0, 0): b' 1005,20,16,1280,0,136,5,8,7,1,2,-52,0,719,7616,34,0,0 '
Received from ('fd00::200:0:0:7', 8765, 0, 0): b' 1007,7,4,768,0,91,7,2,7,1,3,-70,0,250,4295,49,0,0 '
Received from ('fd00::200:0:0:13', 8765, 0, 0): b' 1005,19,16,1280,0,148,3,3,7,1,1,-70,0,334,5025,55,0,0 '
Received from ('fd00::200:0:0:6', 8765, 0, 0): b' 1009,6,3,768,0,158,8,3,7,1,2,-70,0,823,8747,56,0,0 '
Received from ('fd00::200:0:0:e', 8765, 0, 0): b' 1007,14,11,1024,0,153,8,3,7,1,2,-70,1,420,6752,55,0,0 '
Received from ('fd00::200:0:0:2', 8765, 0, 0): b' 1008,2,1,512,0,165,13,1,6,1,1,-88,0,598,7225,67,0,0 '
Received from ('fd00::200:0:0:1', 5678, 0, 0): b' 1009,1,0,256,0,23,0,0,4,0,0,0,10,2894,30132,1130,0,0 '
Received from ('fd00::200:0:0:11', 8765, 0, 0): b' 1007,17,16,1280,0,142,3,4,7,1,1,-52,0,525,5255,59,0,0 '
Received from ('fd00::200:0:0:12', 8765, 0, 0): b' 1007,18,14,1280,0,158,6,4,5,1,1,-52,0,800,8467,52,0,0 '
Received from ('fd00::200:0:0:a', 8765, 0, 0): b' 1008,10,11,1024,0,151,5,4,7,1,1,-52,0,599,7958,57,0,0 '
Received from ('fd00::200:0:0:d', 8765, 0, 0): b' 1009,13,8,1024,10,162,7,2,7,1,2,-70,0,706,10848,62,0,0 '
Received from ('fd00::200:0:0:9', 8765, 0, 0): b' 1009,9,5,768,0,143,8,4,7,1,2,-52,0,545,5077,53,0,0 '
Received from ('fd00::200:0:0:14', 8765, 0, 0): b' 1009,20,16,1280,10,137,5,8,7,1,2,-52,0,321,4549,35,0,0 '
Received from ('fd00::200:0:0:c', 8765, 0, 0): b' 1010,12,11,1024,0,174,9,7,7,1,3,-52,0,1174,17503,62,0,0 '
Received from ('fd00::200:0:0:5', 8765, 0, 0): b' 1011,5,1,512,0,159,13,1,6,1,1,-94,1,1174,15761,67,0,0 '
Received from ('fd00::200:0:0:10', 8765, 0, 0): b' 1011,16,11,1024,10,137,7,8,7,1,2,-70,4,3063,25498,61,0,0 '
Received from ('fd00::200:0:0:8', 8765, 0, 0): b' 1011,8,3,768,0,164,8,5,7,1,2,-70,2,1094,11850,65,0,0 '
Received from ('fd00::200:0:0:15', 8765, 0, 0): b' 1010,21,16,1280,0,142,3,3,5,1,1,-70,0,600,10196,59,0,0 '
Received from ('fd00::200:0:0:3', 8765, 0, 0): b' 1013,3,1,512,0,151,12,10,7,2,1,-64,10,4373,24869,67,0,0 '
Received from ('fd00::200:0:0:f', 8765, 0, 0): b' 1013,15,11,1024,0,124,4,11,7,1,2,-52,0,935,11109,31,0,0 '
Received from ('fd00::200:0:0:a', 8765, 0, 0): b' 1013,10,11,1024,0,153,5,4,7,1,1,-52,0,524,6289,58,0,0 '
Received from ('fd00::200:0:0:12', 8765, 0, 0): b' 1013,18,14,1280,0,160,6,4,5,1,1,-52,0,492,6300,52,0,0 '
Received from ('fd00::200:0:0:4', 8765, 0, 0): b' 1014,4,1,512,0,155,12,2,7,1,1,-66,1,1001,13552,67,0,0 '
Received from ('fd00::200:0:0:14', 8765, 0, 0): b' 1015,20,16,1280,0,139,5,8,7,1,2,-52,0,487,5450,35,0,0 '
Received from ('fd00::200:0:0:2', 8765, 0, 0): b' 1016,2,1,512,0,165,13,1,6,1,1,-88,0,448,8602,68,0,0 '
Received from ('fd00::200:0:0:8', 8765, 0, 0): b' 1015,8,3,768,0,165,8,5,7,1,2,-70,2,472,7314,65,0,0 '
Received from ('fd00::200:0:0:b', 8765, 0, 0): b' 1015,11,3,768,30,138,7,6,7,1,1,-95,10,5346,39067,66,0,0 '
Received from ('fd00::200:0:0:11', 8765, 0, 0): b' 1015,17,16,1280,0,143,3,4,7,1,1,-52,0,409,7630,59,0,0 '
Received from ('fd00::200:0:0:7', 8765, 0, 0): b' 1017,7,4,768,0,97,7,2,7,1,3,-70,0,1117,10210,50,0,0 '
Received from ('fd00::200:0:0:6', 8765, 0, 0): b' 1017,6,3,768,0,161,8,3,7,1,2,-70,0,676,8552,57,0,0 '
Received from ('fd00::200:0:0:e', 8765, 0, 0): b' 1015,14,11,1024,10,156,8,3,7,1,2,-70,1,1303,11412,56,0,0 '
Received from ('fd00::200:0:0:10', 8765, 0, 0): b' 1017,16,11,1024,0,137,7,8,7,1,2,-70,4,1147,13813,61,0,0 '
Received from ('fd00::200:0:0:13', 8765, 0, 0): b' 1017,19,16,1280,0,152,3,3,7,1,1,-70,0,875,11408,55,0,0 '
Received from ('fd00::200:0:0:d', 8765, 0, 0): b' 1017,13,8,1024,0,165,7,2,7,1,2,-70,0,745,10750,62,0,0 '
Received from ('fd00::200:0:0:5', 8765, 0, 0): b' 1019,5,1,512,10,160,13,1,6,1,1,-94,1,577,11183,67,0,0 '
Received from ('fd00::200:0:0:9', 8765, 0, 0): b' 1018,9,5,768,0,145,8,4,7,1,2,-52,0,676,8616,53,0,0 '
Received from ('fd00::200:0:0:3', 8765, 0, 0): b' 1020,3,1,512,0,153,12,10,7,2,1,-64,10,3712,20609,67,0,0 '
Received from ('fd00::200:0:0:4', 8765, 0, 0): b' 1020,4,1,512,0,156,12,2,7,1,1,-66,1,666,8300,68,0,0 '
Received from ('fd00::200:0:0:c', 8765, 0, 0): b' 1018,12,11,1024,0,178,9,7,7,1,3,-52,0,782,12193,63,0,0 '
Received from ('fd00::200:0:0:12', 8765, 0, 0): b' 1019,18,14,1280,0,162,6,4,5,1,1,-52,0,524,5074,53,0,0 '
Received from ('fd00::200:0:0:1', 5678, 0, 0): b' 1021,1,0,256,0,23,0,0,4,0,0,0,10,2739,30989,1145,0,0 '
Received from ('fd00::200:0:0:7', 8765, 0, 0): b' 1021,7,4,768,0,97,7,2,7,1,3,-70,0,155,4105,50,0,0 '
Received from ('fd00::200:0:0:13', 8765, 0, 0): b' 1021,19,16,1280,0,152,3,3,7,1,1,-70,0,311,4329,56,0,0 '
Received from ('fd00::200:0:0:a', 8765, 0, 0): b' 1022,10,11,1024,0,157,5,4,7,1,1,-52,0,851,10965,58,0,0 '
Received from ('fd00::200:0:0:15', 8765, 0, 0): b' 1022,21,16,1280,0,143,3,3,5,1,1,-70,0,588,12394,60,0,0 '
Received from ('fd00::200:0:0:d', 8765, 0, 0): b' 1022,13,8,1024,0,165,7,2,7,1,2,-70,0,310,5347,63,0,0 '
Received from ('fd00::200:0:0:6', 8765, 0, 0): b' 1023,6,3,768,0,162,8,3,7,1,2,-70,0,382,5249,57,0,0 '
Received from ('fd00::200:0:0:14', 8765, 0, 0): b' 1023,20,16,1280,0,140,5,8,7,1,2,-52,0,506,7173,35,0,0 '
Received from ('fd00::200:0:0:e', 8765, 0, 0): b' 1022,14,11,1024,10,157,8,3,7,1,2,-70,1,704,8948,56,0,0 '
Received from ('fd00::200:0:0:10', 8765, 0, 0): b' 1023,16,11,1024,0,139,7,8,7,1,2,-70,4,1983,16687,62,0,0 '
Received from ('fd00::200:0:0:3', 8765, 0, 0): b' 1024,3,1,512,0,153,12,10,7,2,1,-64,10,2707,14285,68,0,0 '
Received from ('fd00::200:0:0:f', 8765, 0, 0): b' 1023,15,11,1024,0,128,4,11,7,1,2,-52,0,909,10203,32,0,0 '
Received from ('fd00::200:0:0:b', 8765, 0, 0): b' 1024,11,3,768,10,141,7,6,7,1,1,-95,10,4302,28989,66,0,0 '
Received from ('fd00::200:0:0:5', 8765, 0, 0): b' 1024,5,1,512,0,162,13,1,6,1,1,-94,1,908,9573,68,0,0 '
Received from ('fd00::200:0:0:9', 8765, 0, 0): b' 1024,9,5,768,0,147,8,4,7,1,2,-52,0,569,6513,54,0,0 '
Received from ('fd00::200:0:0:1', 5678, 0, 0): b' 1025,1,0,256,0,23,0,0,4,0,0,0,10,1373,12848,1152,0,0 '
Received from ('fd00::200:0:0:8', 8765, 0, 0): b' 1025,8,3,768,0,169,8,5,7,1,2,-70,2,1602,20001,66,0,0 '
Received from ('fd00::200:0:0:11', 8765, 0, 0): b' 1025,17,16,1280,0,146,3,4,7,1,1,-52,0,824,10141,60,0,0 '
Received from ('fd00::200:0:0:4', 8765, 0, 0): b' 1026,4,1,512,20,160,12,2,7,1,1,-66,1,852,10429,68,0,0 '
Received from ('fd00::200:0:0:12', 8765, 0, 0): b' 1026,18,14,1280,0,164,6,4,5,1,1,-52,0,516,6997,53,0,0 '
Received from ('fd00::200:0:0:e', 8765, 0, 0): b' 1027,14,11,1024,0,157,8,3,7,1,2,-70,1,538,5775,56,0,0 '
Received from ('fd00::200:0:0:2', 8765, 0, 0): b' 1028,2,1,512,0,169,13,1,6,1,1,-88,0,948,14691,69,0,0 '
Received from ('fd00::200:0:0:d', 8765, 0, 0): b' 1027,13,8,1024,0,167,7,2,7,1,2,-70,0,519,6623,63,0,0 '
Received from ('fd00::200:0:0:13', 8765, 0, 0): b' 1027,19,16,1280,0,153,3,3,7,1,1,-70,0,379,5156,56,0,0 '
Received from ('fd00::200:0:0:c', 8765, 0, 0): b' 1028,12,11,1024,0,182,9,7,7,1,3,-52,0,880,14878,63,0,0 '
Received from ('fd00::200:0:0:6', 8765, 0, 0): b' 1028,6,3,768,0,164,8,3,7,1,2,-70,0,545,6310,58,0,0 '
Received from ('fd00::200:0:0:7', 8765, 0, 0): b' 1031,7,4,768,0,100,7,2,7,1,3,-70,0,796,9739,51,0,0 '
Received from ('fd00::200:0:0:9', 8765, 0, 0): b' 1031,9,5,768,0,149,8,4,7,1,2,-52,0,489,6157,54,0,0 '
Received from ('fd00::200:0:0:11', 8765, 0, 0): b' 1031,17,16,1280,0,147,3,4,7,1,1,-52,0,362,4876,60,0,0 '
Received from ('fd00::200:0:0:15', 8765, 0, 0): b' 1030,21,16,1280,0,146,3,3,5,1,1,-70,0,773,11483,60,0,0 '
Received from ('fd00::200:0:0:14', 8765, 0, 0): b' 1031,20,16,1280,10,144,5,8,7,1,2,-52,0,786,9029,36,0,0 '
Received from ('fd00::200:0:0:1', 5678, 0, 0): b' 1032,1,0,256,0,23,0,0,4,0,0,0,10,1637,18530,1159,0,0 '
Received from ('fd00::200:0:0:3', 8765, 0, 0): b' 1032,3,1,512,0,157,12,10,7,2,1,-64,10,3692,23354,68,0,0 '
Received from ('fd00::200:0:0:e', 8765, 0, 0): b' 1032,14,11,1024,0,160,8,3,7,1,2,-70,1,917,8540,57,0,0 '
Received from ('fd00::200:0:0:10', 8765, 0, 0): b' 1032,16,11,1024,0,141,7,8,7,1,2,-70,4,2518,26543,63,0,0 '
Received from ('fd00::200:0:0:2', 8765, 0, 0): b' 1035,2,1,512,0,170,13,1,6,1,1,-88,0,478,8404,69,0,0 '
Received from ('fd00::200:0:0:a', 8765, 0, 0): b' 1032,10,11,1024,10,160,5,4,7,1,1,-52,0,801,13827,59,0,0 '
Received from ('fd00::200:0:0:6', 8765, 0, 0): b' 1034,6,3,768,0,168,8,3,7,1,2,-70,0,703,6226,58,0,0 '
Received from ('fd00::200:0:0:4', 8765, 0, 0): b' 1036,4,1,512,0,161,12,2,7,1,1,-66,1,1097,14997,69,0,0 '
Received from ('fd00::200:0:0:f', 8765, 0, 0): b' 1034,15,11,1024,0,135,4,11,7,1,2,-52,0,1248,11919,33,0,0 '
Received from ('fd00::200:0:0:5', 8765, 0, 0): b' 1036,5,1,512,0,168,13,1,6,1,1,-94,1,1685,18534,68,0,0 '
Received from ('fd00::200:0:0:b', 8765, 0, 0): b' 1035,11,3,768,10,142,7,6,7,1,1,-95,10,4872,37749,67,0,0 '
Received from ('fd00::200:0:0:8', 8765, 0, 0): b' 1036,8,3,768,10,170,8,5,7,1,2,-70,2,902,18455,67,0,0 '
Received from ('fd00::200:0:0:15', 8765, 0, 0): b' 1036,21,16,1280,0,148,3,3,5,1,1,-70,0,549,6975,61,0,0 '
Received from ('fd00::200:0:0:13', 8765, 0, 0): b' 1036,19,16,1280,0,153,3,3,7,1,1,-70,0,479,9234,57,0,0 '
Received from ('fd00::200:0:0:12', 8765, 0, 0): b' 1038,18,14,1280,0,168,6,4,5,1,1,-52,0,931,11505,54,0,0 '
Received from ('fd00::200:0:0:10', 8765, 0, 0): b' 1037,16,11,1024,0,142,7,8,7,1,2,-70,4,1442,12519,63,0,0 '
Received from ('fd00::200:0:0:1', 5678, 0, 0): b' 1039,1,0,256,0,23,0,0,4,0,0,0,10,1992,18730,1172,0,0 '
Received from ('fd00::200:0:0:d', 8765, 0, 0): b' 1038,13,8,1024,0,167,7,2,7,1,2,-70,0,506,12534,64,0,0 '
Received from ('fd00::200:0:0:c', 8765, 0, 0): b' 1039,12,11,1024,0,184,9,7,7,1,3,-52,0,746,17154,64,0,0 '
Received from ('fd00::200:0:0:7', 8765, 0, 0): b' 1040,7,4,768,0,103,7,2,7,1,3,-70,0,741,9457,51,0,0 '
Received from ('fd00::200:0:0:3', 8765, 0, 0): b' 1041,3,1,512,0,159,12,10,7,2,1,-64,10,4609,26311,69,0,0 '
Received from ('fd00::200:0:0:e', 8765, 0, 0): b' 1040,14,11,1024,10,162,8,3,7,1,2,-70,1,725,9981,57,0,0 '
Received from ('fd00::200:0:0:9', 8765, 0, 0): b' 1042,9,5,768,0,151,8,4,7,1,2,-52,0,756,10484,55,0,0 '
Received from ('fd00::200:0:0:b', 8765, 0, 0): b' 1042,11,3,768,30,145,7,6,7,1,1,-95,10,2591,19931,67,0,0 '
Received from ('fd00::200:0:0:13', 8765, 0, 0): b' 1041,19,16,1280,0,155,3,3,7,1,1,-70,0,468,4725,57,0,0 '
Received from ('fd00::200:0:0:14', 8765, 0, 0): b' 1041,20,16,1280,0,145,5,8,7,1,2,-52,0,611,10249,37,0,0 '
Received from ('fd00::200:0:0:6', 8765, 0, 0): b' 1043,6,3,768,10,171,8,3,7,1,2,-70,0,773,8391,59,0,0 '
Received from ('fd00::200:0:0:a', 8765, 0, 0): b' 1041,10,11,1024,0,165,5,4,7,1,1,-52,0,1016,11583,60,0,0 '
Received from ('fd00::200:0:0:11', 8765, 0, 0): b' 1041,17,16,1280,0,151,3,4,7,1,1,-52,0,931,11515,61,0,0 '
Received from ('fd00::200:0:0:8', 8765, 0, 0): b' 1044,8,3,768,0,173,8,5,7,1,2,-70,2,1184,15600,67,0,0 '
Received from ('fd00::200:0:0:15', 8765, 0, 0): b' 1043,21,16,1280,10,150,3,3,5,1,1,-70,0,520,8817,61,0,0 '
Received from ('fd00::200:0:0:4', 8765, 0, 0): b' 1045,4,1,512,0,163,12,2,7,1,1,-66,1,1267,15492,70,0,0 '
Received from ('fd00::200:0:0:2', 8765, 0, 0): b' 1046,2,1,512,0,177,13,1,6,1,1,-88,0,1245,14450,70,0,0 '
Received from ('fd00::200:0:0:f', 8765, 0, 0): b' 1045,15,11,1024,0,136,4,11,7,1,2,-52,0,558,10104,33,0,0 '
Received from ('fd00::200:0:0:d', 8765, 0, 0): b' 1046,13,8,1024,0,169,7,2,7,1,2,-70,0,516,9798,64,0,0 '
Received from ('fd00::200:0:0:5', 8765, 0, 0): b' 1047,5,1,512,0,170,13,1,6,1,1,-94,1,1165,17425,69,0,0 '
Received from ('fd00::200:0:0:6', 8765, 0, 0): b' 1047,6,3,768,0,172,8,3,7,1,2,-70,0,383,4181,59,0,0 '
Received from ('fd00::200:0:0:1', 5678, 0, 0): b' 1049,1,0,256,0,23,0,0,4,0,0,0,10,2260,25720,1183,0,0 '
Received from ('fd00::200:0:0:b', 8765, 0, 0): b' 1048,11,3,768,0,147,7,6,7,1,1,-95,10,2438,19011,68,0,0 '
Received from ('fd00::200:0:0:10', 8765, 0, 0): b' 1047,16,11,1024,10,143,7,8,7,1,2,-70,4,2226,25746,64,0,0 '
Received from ('fd00::200:0:0:11', 8765, 0, 0): b' 1047,17,16,1280,0,154,3,4,7,1,1,-52,0,656,5726,62,0,0 '
Received from ('fd00::200:0:0:12', 8765, 0, 0): b' 1049,18,14,1280,0,171,6,4,5,1,1,-52,0,922,11138,55,0,0 '
Received from ('fd00::200:0:0:9', 8765, 0, 0): b' 1049,9,5,768,0,157,8,4,7,1,2,-52,0,942,7749,55,0,0 '
Received from ('fd00::200:0:0:13', 8765, 0, 0): b' 1049,19,16,1280,0,158,3,3,7,1,1,-70,0,623,8054,57,0,0 '
Received from ('fd00::200:0:0:7', 8765, 0, 0): b' 1051,7,4,768,0,106,7,2,7,1,3,-70,0,797,10262,52,0,0 '
Received from ('fd00::200:0:0:8', 8765, 0, 0): b' 1050,8,3,768,10,178,8,5,7,1,2,-70,2,1154,12150,68,0,0 '
Received from ('fd00::200:0:0:e', 8765, 0, 0): b' 1051,14,11,1024,0,167,8,3,7,1,2,-70,1,1587,14674,58,0,0 '
Received from ('fd00::200:0:0:c', 8765, 0, 0): b' 1051,12,11,1024,0,185,9,7,7,1,3,-52,0,639,16943,65,0,0 '
Received from ('fd00::200:0:0:3', 8765, 0, 0): b' 1052,3,1,512,0,161,12,10,7,2,1,-64,10,5984,34748,70,0,0 '
Received from ('fd00::200:0:0:1', 5678, 0, 0): b' 1053,1,0,256,0,23,0,0,4,0,0,0,10,1047,11824,1190,0,0 '
Received from ('fd00::200:0:0:d', 8765, 0, 0): b' 1052,13,8,1024,0,169,7,2,7,1,2,-70,0,361,8066,65,0,0 '
Received from ('fd00::200:0:0:14', 8765, 0, 0): b' 1051,20,16,1280,10,147,5,8,7,1,2,-52,0,638,9034,38,0,0 '
Received from ('fd00::200:0:0:11', 8765, 0, 0): b' 1051,17,16,1280,0,154,3,4,7,1,1,-52,0,254,3857,62,0,0 '
Received from ('fd00::200:0:0:f', 8765, 0, 0): b' 1052,15,11,1024,0,136,4,11,7,1,2,-52,0,336,7179,34,0,0 '
Received from ('fd00::200:0:0:6', 8765, 0, 0): b' 1054,6,3,768,0,174,8,3,7,1,2,-70,0,489,6703,59,0,0 '
Received from ('fd00::200:0:0:a', 8765, 0, 0): b' 1053,10,11,1024,0,167,5,4,7,1,1,-52,0,663,13618,60,0,0 '
Received from ('fd00::200:0:0:2', 8765, 0, 0): b' 1055,2,1,512,0,180,13,1,6,1,1,-88,0,819,11518,71,0,0 '
Received from ('fd00::200:0:0:8', 8765, 0, 0): b' 1055,8,3,768,10,180,8,5,7,1,2,-70,2,849,8978,68,0,0 '
Received from ('fd00::200:0:0:15', 8765, 0, 0): b' 1055,21,16,1280,0,156,3,3,5,1,1,-70,0,1174,14491,62,0,0 '
Received from ('fd00::200:0:0:4', 8765, 0, 0): b' 1056,4,1,512,10,165,12,2,7,1,1,-66,1,1065,16688,70,0,0 '
Received from ('fd00::200:0:0:e', 8765, 0, 0): b' 1055,14,11,1024,0,169,8,3,7,1,2,-70,1,554,5727,58,0,0 '
Received from ('fd00::200:0:0:13', 8765, 0, 0): b' 1055,19,16,1280,0,162,3,3,7,1,1,-70,0,883,7115,58,0,0 '
Received from ('fd00::200:0:0:10', 8765, 0, 0): b' 1056,16,11,1024,10,148,7,8,7,1,2,-70,4,2794,24246,64,0,0 '
Received from ('fd00::200:0:0:3', 8765, 0, 0): b' 1058,3,1,512,0,162,12,10,7,2,1,-64,10,2836,16441,70,0,0 '
Received from ('fd00::200:0:0:14', 8765, 0, 0): b' 1056,20,16,1280,0,149,5,8,7,1,2,-52,0,525,5594,38,0,0 '
Received from ('fd00::200:0:0:12', 8765, 0, 0): b' 1057,18,14,1280,0,174,6,4,5,1,1,-52,0,618,7794,55,0,0 '
Received from ('fd00::200:0:0:5', 8765, 0, 0): b' 1058,5,1,512,0,175,13,1,6,1,1,-94,1,1623,18535,70,0,0 '
Received from ('fd00::200:0:0:a', 8765, 0, 0): b' 1057,10,11,1024,0,168,5,4,7,1,1,-52,0,418,6062,61,0,0 '
Received from ('fd00::200:0:0:9', 8765, 0, 0): b' 1060,9,5,768,0,160,8,4,7,1,2,-52,0,863,10378,56,0,0 '
Received from ('fd00::200:0:0:b', 8765, 0, 0): b' 1060,11,3,768,0,148,7,6,7,1,1,-95,10,5269,39253,69,0,0 '
Received from ('fd00::200:0:0:f', 8765, 0, 0): b' 1059,15,11,1024,0,136,4,11,7,1,2,-52,0,400,6796,34,0,0 '
Received from ('fd00::200:0:0:2', 8765, 0, 0): b' 1061,2,1,512,0,182,13,1,6,1,1,-88,0,491,7442,71,0,0 '
Received from ('fd00::200:0:0:c', 8765, 0, 0): b' 1060,12,11,1024,0,188,9,7,7,1,3,-52,0,721,13091,65,0,0 '
Received from ('fd00::200:0:0:15', 8765, 0, 0): b' 1059,21,16,1280,0,156,3,3,5,1,1,-70,0,280,5473,62,0,0 '
Received from ('fd00::200:0:0:7', 8765, 0, 0): b' 1063,7,4,768,0,110,7,2,7,1,3,-70,0,999,12345,53,0,0 '
Received from ('fd00::200:0:0:1', 5678, 0, 0): b' 1063,1,0,256,0,23,0,0,4,0,0,0,10,2330,25505,1199,0,0 '
Received from ('fd00::200:0:0:11', 8765, 0, 0): b' 1060,17,16,1280,0,157,3,4,7,1,1,-52,0,720,8726,62,0,0 '
Received from ('fd00::200:0:0:13', 8765, 0, 0): b' 1061,19,16,1280,0,162,3,3,7,1,1,-70,0,254,5173,58,0,0 '
Received from ('fd00::200:0:0:6', 8765, 0, 0): b' 1064,6,3,768,0,176,8,3,7,1,2,-70,0,691,9272,60,0,0 '
Received from ('fd00::200:0:0:d', 8765, 0, 0): b' 1063,13,8,1024,0,174,7,2,7,1,2,-70,0,981,13737,65,0,0 '
Received from ('fd00::200:0:0:e', 8765, 0, 0): b' 1062,14,11,1024,0,170,8,3,7,1,2,-70,1,930,9622,59,0,0 '
Received from ('fd00::200:0:0:8', 8765, 0, 0): b' 1066,8,3,768,0,184,8,5,7,1,2,-70,2,1263,18732,69,0,0 '
Received from ('fd00::200:0:0:5', 8765, 0, 0): b' 1066,5,1,512,10,178,13,1,6,1,1,-94,1,1146,12883,70,0,0 '
Received from ('fd00::200:0:0:14', 8765, 0, 0): b' 1065,20,16,1280,0,151,5,8,7,1,2,-52,0,637,8448,38,0,0 '
Received from ('fd00::200:0:0:9', 8765, 0, 0): b' 1066,9,5,768,0,163,8,4,7,1,2,-52,0,653,6298,57,0,0 '
Received from ('fd00::200:0:0:2', 8765, 0, 0): b' 1067,2,1,512,0,184,13,1,6,1,1,-88,0,490,7496,71,0,0 '
Received from ('fd00::200:0:0:12', 8765, 0, 0): b' 1065,18,14,1280,0,178,6,4,5,1,1,-52,0,883,8549,56,0,0 '
Received from ('fd00::200:0:0:6', 8765, 0, 0): b' 1068,6,3,768,0,176,8,3,7,1,2,-70,0,154,3632,60,0,0 '
Received from ('fd00::200:0:0:a', 8765, 0, 0): b' 1065,10,11,1024,0,171,5,4,7,1,1,-52,0,617,9514,61,0,0 '
Received from ('fd00::200:0:0:4', 8765, 0, 0): b' 1068,4,1,512,10,167,12,2,7,1,1,-66,1,1219,18507,71,0,0 '
Received from ('fd00::200:0:0:10', 8765, 0, 0): b' 1066,16,11,1024,0,150,7,8,7,1,2,-70,4,2837,26695,65,0,0 '
Received from ('fd00::200:0:0:c', 8765, 0, 0): b' 1069,12,11,1024,0,190,9,7,7,1,3,-52,0,601,12058,66,0,0 '
Received from ('fd00::200:0:0:11', 8765, 0, 0): b' 1068,17,16,1280,0,158,3,4,7,1,1,-52,0,466,7329,63,0,0 '
Received from ('fd00::200:0:0:3', 8765, 0, 0): b' 1070,3,1,512,0,163,12,10,7,2,1,-64,10,5895,35522,71,0,0 '
Received from ('fd00::200:0:0:b', 8765, 0, 0): b' 1071,11,3,768,20,152,7,6,7,1,1,-95,10,4744,35329,69,0,0 '
Received from ('fd00::200:0:0:1', 5678, 0, 0): b' 1071,1,0,256,0,23,0,0,4,0,0,0,10,2262,23434,1213,0,0 '
Received from ('fd00::200:0:0:f', 8765, 0, 0): b' 1069,15,11,1024,0,139,4,11,7,1,2,-52,0,774,9958,35,0,0 '
Received from ('fd00::200:0:0:7', 8765, 0, 0): b' 1072,7,4,768,0,114,7,2,7,1,3,-70,0,881,9719,54,0,0 '
Received from ('fd00::200:0:0:15', 8765, 0, 0): b' 1069,21,16,1280,0,161,3,3,5,1,1,-70,0,1036,13358,63,0,0 '
Received from ('fd00::200:0:0:13', 8765, 0, 0): b' 1070,19,16,1280,0,164,3,3,7,1,1,-70,0,596,9032,59,0,0 '
Received from ('fd00::200:0:0:14', 8765, 0, 0): b' 1070,20,16,1280,10,152,5,8,7,1,2,-52,0,321,5242,39,0,0 '
Received from ('fd00::200:0:0:12', 8765, 0, 0): b' 1072,18,14,1280,0,180,6,4,5,1,1,-52,0,492,6048,56,0,0 '
Received from ('fd00::200:0:0:8', 8765, 0, 0): b' 1073,8,3,768,0,185,8,5,7,1,2,-70,2,880,14514,69,0,0 '
Received from ('fd00::200:0:0:d', 8765, 0, 0): b' 1074,13,8,1024,0,177,7,2,7,1,2,-70,0,898,11919,66,0,0 '
Received from ('fd00::200:0:0:10', 8765, 0, 0): b' 1073,16,11,1024,0,152,7,8,7,1,2,-70,4,1704,16950,65,0,0 '
Received from ('fd00::200:0:0:e', 8765, 0, 0): b' 1073,14,11,1024,10,172,8,3,7,1,2,-70,1,1281,14841,60,0,0 '
Received from ('fd00::200:0:0:9', 8765, 0, 0): b' 1076,9,5,768,0,166,8,4,7,1,2,-52,0,741,9711,57,0,0 '
Received from ('fd00::200:0:0:c', 8765, 0, 0): b' 1075,12,11,1024,0,190,9,7,7,1,3,-52,0,279,8758,66,0,0 '
Received from ('fd00::200:0:0:5', 8765, 0, 0): b' 1077,5,1,512,0,180,13,1,6,1,1,-94,1,1398,17312,71,0,0 '
Received from ('fd00::200:0:0:11', 8765, 0, 0): b' 1076,17,16,1280,0,160,3,4,7,1,1,-52,0,613,7469,63,0,0 '
Received from ('fd00::200:0:0:6', 8765, 0, 0): b' 1077,6,3,768,0,179,8,3,7,1,2,-70,0,797,10439,61,0,0 '
Received from ('fd00::200:0:0:2', 8765, 0, 0): b' 1079,2,1,512,0,187,13,1,6,1,1,-88,0,841,14355,72,0,0 '
Received from ('fd00::200:0:0:4', 8765, 0, 0): b' 1078,4,1,512,10,169,12,2,7,1,1,-66,1,1167,15926,72,0,0 '
Received from ('fd00::200:0:0:13', 8765, 0, 0): b' 1076,19,16,1280,0,167,3,3,7,1,1,-70,0,599,5771,59,0,0 '
Received from ('fd00::200:0:0:7', 8765, 0, 0): b' 1079,7,4,768,0,117,7,2,7,1,3,-70,0,620,6846,54,0,0 '
Received from ('fd00::200:0:0:a', 8765, 0, 0): b' 1077,10,11,1024,0,175,5,4,7,1,1,-52,0,931,14052,62,0,0 '
Received from ('fd00::200:0:0:3', 8765, 0, 0): b' 1079,3,1,512,0,165,12,10,7,2,1,-64,10,4473,27375,71,0,0 '
Received from ('fd00::200:0:0:b', 8765, 0, 0): b' 1079,11,3,768,10,155,7,6,7,1,1,-95,10,3729,27480,70,0,0 '
Received from ('fd00::200:0:0:15', 8765, 0, 0): b' 1078,21,16,1280,10,162,3,3,5,1,1,-70,0,508,10125,63,0,0 '
Received from ('fd00::200:0:0:f', 8765, 0, 0): b' 1080,15,11,1024,0,141,4,11,7,1,2,-52,0,638,9723,35,0,0 '
Received from ('fd00::200:0:0:14', 8765, 0, 0): b' 1080,20,16,1280,0,155,5,8,7,1,2,-52,0,815,8898,39,0,0 '
Received from ('fd00::200:0:0:c', 8765, 0, 0): b' 1081,12,11,1024,0,191,9,7,7,1,3,-52,0,590,10358,67,0,0 '
Received from ('fd00::200:0:0:1', 5678, 0, 0): b' 1083,1,0,256,0,23,0,0,4,0,0,0,10,2677,30446,1229,0,0 '
Received from ('fd00::200:0:0:7', 8765, 0, 0): b' 1083,7,4,768,0,118,7,2,7,1,3,-70,0,358,4642,54,0,0 '
Received from ('fd00::200:0:0:12', 8765, 0, 0): b' 1080,18,14,1280,10,184,6,4,5,1,1,-52,0,800,8704,57,0,0 '
Received from ('fd00::200:0:0:d', 8765, 0, 0): b' 1084,13,8,1024,0,178,7,2,7,1,2,-70,0,614,12309,67,0,0 '
Received from ('fd00::200:0:0:10', 8765, 0, 0): b' 1082,16,11,1024,0,153,7,8,7,1,2,-70,4,2452,23714,66,0,0 '
Received from ('fd00::200:0:0:9', 8765, 0, 0): b' 1084,9,5,768,0,167,8,4,7,1,2,-52,0,462,7317,58,0,0 '
Received from ('fd00::200:0:0:8', 8765, 0, 0): b' 1084,8,3,768,0,191,8,5,7,1,2,-70,2,1811,21293,70,0,0 '
Received from ('fd00::200:0:0:e', 8765, 0, 0): b' 1083,14,11,1024,0,174,8,3,7,1,2,-70,1,1186,13131,60,0,0 '
Received from ('fd00::200:0:0:4', 8765, 0, 0): b' 1086,4,1,512,20,169,12,2,7,1,1,-66,1,912,12637,72,0,0 '
Received from ('fd00::200:0:0:14', 8765, 0, 0): b' 1085,20,16,1280,0,157,5,8,7,1,2,-52,0,548,5712,40,0,0 '
Received from ('fd00::200:0:0:15', 8765, 0, 0): b' 1085,21,16,1280,0,165,3,3,5,1,1,-70,0,709,8488,64,0,0 '
Received from ('fd00::200:0:0:b', 8765, 0, 0): b' 1087,11,3,768,20,156,7,6,7,1,1,-95,10,3506,26760,70,0,0 '
Received from ('fd00::200:0:0:5', 8765, 0, 0): b' 1088,5,1,512,10,183,13,1,6,1,1,-94,1,1147,16526,72,0,0 '
Received from ('fd00::200:0:0:13', 8765, 0, 0): b' 1085,19,16,1280,10,171,3,3,7,1,1,-70,0,801,9322,60,0,0 '
Received from ('fd00::200:0:0:a', 8765, 0, 0): b' 1086,10,11,1024,20,178,5,4,7,1,1,-52,0,614,10396,63,0,0 '
Received from ('fd00::200:0:0:11', 8765, 0, 0): b' 1087,17,16,1280,0,165,3,4,7,1,1,-52,0,1104,11736,64,0,0 '
Received from ('fd00::200:0:0:6', 8765, 0, 0): b' 1089,6,3,768,10,182,8,3,7,1,2,-70,0,868,10829,62,0,0 '
Received from ('fd00::200:0:0:3', 8765, 0, 0): b' 1089,3,1,512,0,168,12,10,7,2,1,-64,10,4876,30019,72,0,0 '
Received from ('fd00::200:0:0:2', 8765, 0, 0): b' 1091,2,1,512,0,191,13,1,6,1,1,-88,0,1013,14653,73,0,0 '
Received from ('fd00::200:0:0:7', 8765, 0, 0): b' 1090,7,4,768,0,121,7,2,7,1,3,-70,0,653,6899,55,0,0 '
Received from ('fd00::200:0:0:f', 8765, 0, 0): b' 1089,15,11,1024,0,145,4,11,7,1,2,-52,0,908,9540,36,0,0 '
Received from ('fd00::200:0:0:1', 5678, 0, 0): b' 1091,1,0,256,0,23,0,0,4,0,0,0,10,1860,20987,1238,0,0 '
Received from ('fd00::200:0:0:15', 8765, 0, 0): b' 1090,21,16,1280,0,166,3,3,5,1,1,-70,0,361,6033,64,0,0 '
Received from ('fd00::200:0:0:9', 8765, 0, 0): b' 1091,9,5,768,0,169,8,4,7,1,2,-52,0,610,7527,58,0,0 '
Received from ('fd00::200:0:0:12', 8765, 0, 0): b' 1091,18,14,1280,0,188,6,4,5,1,1,-52,0,918,9975,58,0,0 '
Received from ('fd00::200:0:0:8', 8765, 0, 0): b' 1092,8,3,768,0,194,8,5,7,1,2,-70,2,888,14574,70,0,0 '
Received from ('fd00::200:0:0:b', 8765, 0, 0): b' 1092,11,3,768,40,157,7,6,7,1,1,-95,10,2205,17036,71,0,0 '
Received from ('fd00::200:0:0:14', 8765, 0, 0): b' 1090,20,16,1280,10,159,5,8,7,1,2,-52,0,468,5088,40,0,0 '
Received from ('fd00::200:0:0:d', 8765, 0, 0): b' 1094,13,8,1024,10,180,7,2,7,1,2,-70,0,613,11293,67,0,0 '
Received from ('fd00::200:0:0:3', 8765, 0, 0): b' 1094,3,1,512,10,169,12,10,7,2,1,-64,10,2226,13210,72,0,0 '
Received from ('fd00::200:0:0:c', 8765, 0, 0): b' 1091,12,11,1024,0,193,9,7,7,1,3,-52,0,597,15329,68,0,0 '
Received from ('fd00::200:0:0:6', 8765, 0, 0): b' 1093,6,3,768,0,183,8,3,7,1,2,-70,0,384,4839,62,0,0 '
Received from ('fd00::200:0:0:10', 8765, 0, 0): b' 1092,16,11,1024,0,155,7,8,7,1,2,-70,4,2599,26695,66,0,0 '
Received from ('fd00::200:0:0:a', 8765, 0, 0): b' 1093,10,11,1024,0,180,5,4,7,1,1,-52,0,681,9199,63,0,0 '
Received from ('fd00::200:0:0:1', 5678, 0, 0): b' 1095,1,0,256,0,23,0,0,4,0,0,0,10,1063,11704,1243,0,0 '
Received from ('fd00::200:0:0:e', 8765, 0, 0): b' 1093,14,11,1024,0,177,8,3,7,1,2,-70,1,1266,13200,61,0,0 '
Received from ('fd00::200:0:0:11', 8765, 0, 0): b' 1093,17,16,1280,0,166,3,4,7,1,1,-52,0,443,5864,65,0,0 '
Received from ('fd00::200:0:0:2', 8765, 0, 0): b' 1097,2,1,512,0,193,13,1,6,1,1,-88,0,492,8202,73,0,0 '
Received from ('fd00::200:0:0:4', 8765, 0, 0): b' 1098,4,1,512,0,171,12,2,7,1,1,-66,1,1133,17502,73,0,0 '
Received from ('fd00::200:0:0:13', 8765, 0, 0): b' 1096,19,16,1280,0,172,3,3,7,1,1,-70,0,694,10355,61,0,0 '
Received from ('fd00::200:0:0:5', 8765, 0, 0): b' 1098,5,1,512,10,186,13,1,6,1,1,-94,1,1166,16145,73,0,0 '
Received from ('fd00::200:0:0:b', 8765, 0, 0): b' 1098,11,3,768,10,157,7,6,7,1,1,-95,10,2701,18993,71,0,0 '
Received from ('fd00::200:0:0:9', 8765, 0, 0): b' 1098,9,5,768,0,170,8,4,7,1,2,-52,0,438,6463,59,0,0 '
Received from ('fd00::200:0:0:1', 5678, 0, 0): b' 1100,1,0,256,0,23,0,0,4,0,0,0,10,1204,11426,1252,0,0 '
Received from ('fd00::200:0:0:3', 8765, 0, 0): b' 1099,3,1,512,10,170,12,10,7,2,1,-64,10,3004,16891,73,0,0 '
Received from ('fd00::200:0:0:f', 8765, 0, 0): b' 1098,15,11,1024,10,149,4,11,7,1,2,-52,0,777,8427,37,0,0 '
Received from ('fd00::200:0:0:10', 8765, 0, 0): b' 1098,16,11,1024,10,156,7,8,7,1,2,-70,4,1527,15157,67,0,0 '
Received from ('fd00::200:0:0:d', 8765, 0, 0): b' 1100,13,8,1024,0,183,7,2,7,1,2,-70,0,708,8360,68,0,0 '
Received from ('fd00::200:0:0:11', 8765, 0, 0): b' 1099,17,16,1280,0,166,3,4,7,1,1,-52,0,278,4960,65,0,0 '
Received from ('fd00::200:0:0:15', 8765, 0, 0): b' 1099,21,16,1280,0,168,3,3,5,1,1,-70,0,721,10622,65,0,0 '
Received from ('fd00::200:0:0:7', 8765, 0, 0): b' 1101,7,4,768,10,121,7,2,7,1,3,-70,0,444,10102,56,0,0 '
Received from ('fd00::200:0:0:14', 8765, 0, 0): b' 1100,20,16,1280,0,160,5,8,7,1,2,-52,0,587,8909,41,0,0 '
Received from ('fd00::200:0:0:12', 8765, 0, 0): b' 1100,18,14,1280,0,188,6,4,5,1,1,-52,0,423,8964,58,0,0 '
Received from ('fd00::200:0:0:8', 8765, 0, 0): b' 1102,8,3,768,0,195,8,5,7,1,2,-70,2,1211,18459,71,0,0 '
Received from ('fd00::200:0:0:6', 8765, 0, 0): b' 1102,6,3,768,0,188,8,3,7,1,2,-70,0,987,8830,63,0,0 '
Received from ('fd00::200:0:0:2', 8765, 0, 0): b' 1103,2,1,512,0,195,13,1,6,1,1,-88,0,565,7849,74,0,0 '
Received from ('fd00::200:0:0:f', 8765, 0, 0): b' 1103,15,11,1024,0,149,4,11,7,1,2,-52,0,266,4541,37,0,0 '
Received from ('fd00::200:0:0:5', 8765, 0, 0): b' 1103,5,1,512,10,187,13,1,6,1,1,-94,1,611,7937,73,0,0 '
Received from ('fd00::200:0:0:13', 8765, 0, 0): b' 1103,19,16,1280,10,175,3,3,7,1,1,-70,0,493,5898,61,0,0 '
Received from ('fd00::200:0:0:c', 8765, 0, 0): b' 1103,12,11,1024,0,200,9,7,7,1,3,-52,0,1322,17911,68,0,0 '
Received from ('fd00::200:0:0:b', 8765, 0, 0): b' 1104,11,3,768,30,158,7,6,7,1,1,-95,10,2490,19099,71,0,0 '
Received from ('fd00::200:0:0:10', 8765, 0, 0): b' 1103,16,11,1024,0,156,7,8,7,1,2,-70,4,1321,13224,67,0,0 '
Received from ('fd00::200:0:0:e', 8765, 0, 0): b' 1103,14,11,1024,10,180,8,3,7,1,2,-70,1,1009,12065,61,0,0 '
Received from ('fd00::200:0:0:a', 8765, 0, 0): b' 1104,10,11,1024,0,182,5,4,7,1,1,-52,0,693,12863,64,0,0 '
Received from ('fd00::200:0:0:7', 8765, 0, 0): b' 1107,7,4,768,0,122,7,2,7,1,3,-70,0,440,5585,56,0,0 '
Received from ('fd00::200:0:0:1', 5678, 0, 0): b' 1107,1,0,256,0,23,0,0,4,0,0,0,10,1651,20438,1258,0,0 '
Received from ('fd00::200:0:0:4', 8765, 0, 0): b' 1108,4,1,512,0,173,12,2,7,1,1,-66,1,1255,16234,74,0,0 '
Received from ('fd00::200:0:0:9', 8765, 0, 0): b' 1107,9,5,768,0,171,8,4,7,1,2,-52,0,527,8501,59,0,0 '
Received from ('fd00::200:0:0:8', 8765, 0, 0): b' 1107,8,3,768,0,197,8,5,7,1,2,-70,2,660,10252,71,0,0 '
Received from ('fd00::200:0:0:11', 8765, 0, 0): b' 1106,17,16,1280,0,168,3,4,7,1,1,-52,0,548,6481,66,0,0 '
Received from ('fd00::200:0:0:2', 8765, 0, 0): b' 1109,2,1,512,0,196,13,1,6,1,1,-88,0,383,6370,74,0,0 '
Received from ('fd00::200:0:0:14', 8765, 0, 0): b' 1107,20,16,1280,0,164,5,8,7,1,2,-52,0,730,7033,41,0,0 '
Received from ('fd00::200:0:0:6', 8765, 0, 0): b' 1109,6,3,768,0,189,8,3,7,1,2,-70,0,406,6587,63,0,0 '
Received from ('fd00::200:0:0:5', 8765, 0, 0): b' 1109,5,1,512,10,189,13,1,6,1,1,-94,1,915,9697,73,0,0 '
Received from ('fd00::200:0:0:c', 8765, 0, 0): b' 1108,12,11,1024,0,202,9,7,7,1,3,-52,0,578,8621,69,0,0 '
Received from ('fd00::200:0:0:13', 8765, 0, 0): b' 1109,19,16,1280,0,177,3,3,7,1,1,-70,0,600,6452,61,0,0 '
Received from ('fd00::200:0:0:3', 8765, 0, 0): b' 1111,3,1,512,10,172,12,10,7,2,1,-64,10,5962,34050,74,0,0 '
Received from ('fd00::200:0:0:d', 8765, 0, 0): b' 1111,13,8,1024,0,186,7,2,7,1,2,-70,0,743,13226,68,0,0 '
Received from ('fd00::200:0:0:15', 8765, 0, 0): b' 1109,21,16,1280,0,170,3,3,5,1,1,-70,0,597,11946,66,0,0 '
Received from ('fd00::200:0:0:f', 8765, 0, 0): b' 1110,15,11,1024,0,151,4,11,7,1,2,-52,0,670,7588,38,0,0 '
Received from ('fd00::200:0:0:11', 8765, 0, 0): b' 1110,17,16,1280,0,170,3,4,7,1,1,-52,0,468,4591,66,0,0 '
Received from ('fd00::200:0:0:12', 8765, 0, 0): b' 1110,18,14,1280,0,188,6,4,5,1,1,-52,0,479,8763,59,0,0 '
Received from ('fd00::200:0:0:1', 5678, 0, 0): b' 1113,1,0,256,0,23,0,0,4,0,0,0,10,1808,16830,1270,0,0 '
Received from ('fd00::200:0:0:b', 8765, 0, 0): b' 1113,11,3,768,10,160,7,6,7,1,1,-95,10,4230,28852,72,0,0 '
Received from ('fd00::200:0:0:9', 8765, 0, 0): b' 1113,9,5,768,0,173,8,4,7,1,2,-52,0,545,5927,60,0,0 '
Received from ('fd00::200:0:0:7', 8765, 0, 0): b' 1114,7,4,768,0,124,7,2,7,1,3,-70,0,489,7042,56,0,0 '
Received from ('fd00::200:0:0:a', 8765, 0, 0): b' 1113,10,11,1024,10,184,5,4,7,1,1,-52,0,614,10172,64,0,0 '
Received from ('fd00::200:0:0:e', 8765, 0, 0): b' 1115,14,11,1024,0,183,8,3,7,1,2,-70,1,1167,14069,62,0,0 '
Received from ('fd00::200:0:0:d', 8765, 0, 0): b' 1115,13,8,1024,0,187,7,2,7,1,2,-70,0,445,5145,69,0,0 '
Received from ('fd00::200:0:0:10', 8765, 0, 0): b' 1115,16,11,1024,0,159,7,8,7,1,2,-70,4,3007,28553,68,0,0 '
Received from ('fd00::200:0:0:c', 8765, 0, 0): b' 1116,12,11,1024,0,205,9,7,7,1,3,-52,0,599,9430,69,0,0 '
Received from ('fd00::200:0:0:4', 8765, 0, 0): b' 1116,4,1,512,10,174,12,2,7,1,1,-66,1,750,12650,74,0,0 '
Received from ('fd00::200:0:0:15', 8765, 0, 0): b' 1116,21,16,1280,0,170,3,3,5,1,1,-70,0,283,6162,66,0,0 '
Received from ('fd00::200:0:0:3', 8765, 0, 0): b' 1116,3,1,512,0,173,12,10,7,2,1,-64,10,3017,16424,74,0,0 '
Received from ('fd00::200:0:0:13', 8765, 0, 0): b' 1117,19,16,1280,0,179,3,3,7,1,1,-70,0,548,6115,62,0,0 '
Received from ('fd00::200:0:0:8', 8765, 0, 0): b' 1117,8,3,768,0,199,8,5,7,1,2,-70,2,1335,17275,72,0,0 '
Received from ('fd00::200:0:0:f', 8765, 0, 0): b' 1117,15,11,1024,0,152,4,11,7,1,2,-52,0,386,5110,38,0,0 '
Received from ('fd00::200:0:0:11', 8765, 0, 0): b' 1119,17,16,1280,10,173,3,4,7,1,1,-52,0,613,6942,66,0,0 '
Received from ('fd00::200:0:0:1', 5678, 0, 0): b' 1119,1,0,256,0,23,0,0,4,0,0,0,10,1220,14601,1276,0,0 '
Received from ('fd00::200:0:0:9', 8765, 0, 0): b' 1118,9,5,768,10,173,8,4,7,1,2,-52,0,251,4501,60,0,0 '
Received from ('fd00::200:0:0:14', 8765, 0, 0): b' 1119,20,16,1280,0,168,5,8,7,1,2,-52,0,907,10764,42,0,0 '
Received from ('fd00::200:0:0:5', 8765, 0, 0): b' 1119,5,1,512,0,192,13,1,6,1,1,-94,1,1299,15854,74,0,0 '
Received from ('fd00::200:0:0:2', 8765, 0, 0): b' 1120,2,1,512,0,199,13,1,6,1,1,-88,0,887,13694,75,0,0 '
Received from ('fd00::200:0:0:b', 8765, 0, 0): b' 1119,11,3,768,0,162,7,6,7,1,1,-95,10,2739,20408,72,0,0 '
Received from ('fd00::200:0:0:4', 8765, 0, 0): b' 1121,4,1,512,10,175,12,2,7,1,1,-66,1,550,7478,75,0,0 '
Received from ('fd00::200:0:0:6', 8765, 0, 0): b' 1120,6,3,768,0,191,8,3,7,1,2,-70,0,690,10469,64,0,0 '
Received from ('fd00::200:0:0:7', 8765, 0, 0): b' 1121,7,4,768,0,126,7,2,7,1,3,-70,0,666,7495,57,0,0 '
Received from ('fd00::200:0:0:a', 8765, 0, 0): b' 1121,10,11,1024,0,184,5,4,7,1,1,-52,0,360,8657,65,0,0 '
Received from ('fd00::200:0:0:12', 8765, 0, 0): b' 1120,18,14,1280,10,191,6,4,5,1,1,-52,0,720,9151,59,0,0 '
Received from ('fd00::200:0:0:8', 8765, 0, 0): b' 1122,8,3,768,0,200,8,5,7,1,2,-70,2,524,9044,72,0,0 '
Received from ('fd00::200:0:0:c', 8765, 0, 0): b' 1122,12,11,1024,0,206,9,7,7,1,3,-52,0,469,9284,70,0,0 '
Received from ('fd00::200:0:0:9', 8765, 0, 0): b' 1123,9,5,768,0,173,8,4,7,1,2,-52,0,332,4784,61,0,0 '
Received from ('fd00::200:0:0:14', 8765, 0, 0): b' 1123,20,16,1280,0,171,5,8,7,1,2,-52,0,576,4357,42,0,0 '
Received from ('fd00::200:0:0:d', 8765, 0, 0): b' 1124,13,8,1024,0,190,7,2,7,1,2,-70,0,646,11651,69,0,0 '
Received from ('fd00::200:0:0:3', 8765, 0, 0): b' 1124,3,1,512,0,176,12,10,7,2,1,-64,10,4025,24398,74,0,0 '
Received from ('fd00::200:0:0:10', 8765, 0, 0): b' 1124,16,11,1024,10,164,7,8,7,1,2,-70,4,2684,25633,68,0,0 '
Received from ('fd00::200:0:0:6', 8765, 0, 0): b' 1126,6,3,768,0,191,8,3,7,1,2,-70,0,276,4526,64,0,0 '
Received from ('fd00::200:0:0:5', 8765, 0, 0): b' 1125,5,1,512,0,192,13,1,6,1,1,-94,1,619,9195,74,0,0 '
Received from ('fd00::200:0:0:11', 8765, 0, 0): b' 1125,17,16,1280,0,176,3,4,7,1,1,-52,0,763,6520,67,0,0 '
Received from ('fd00::200:0:0:7', 8765, 0, 0): b' 1126,7,4,768,0,126,7,2,7,1,3,-70,0,275,4676,57,0,0 '
Received from ('fd00::200:0:0:e', 8765, 0, 0): b' 1126,14,11,1024,0,187,8,3,7,1,2,-70,1,1403,14303,63,0,0 '
Received from ('fd00::200:0:0:b', 8765, 0, 0): b' 1127,11,3,768,40,166,7,6,7,1,1,-95,10,3722,25708,73,0,0 '
Received from ('fd00::200:0:0:15', 8765, 0, 0): b' 1126,21,16,1280,0,171,3,3,5,1,1,-70,0,586,11495,67,0,0 '
Received from ('fd00::200:0:0:13', 8765, 0, 0): b' 1126,19,16,1280,0,179,3,3,7,1,1,-70,0,423,8378,62,0,0 '
Received from ('fd00::200:0:0:2', 8765, 0, 0): b' 1129,2,1,512,0,201,13,1,6,1,1,-88,0,711,11207,76,0,0 '
Received from ('fd00::200:0:0:4', 8765, 0, 0): b' 1129,4,1,512,0,178,12,2,7,1,1,-66,1,1157,12776,75,0,0 '
Received from ('fd00::200:0:0:1', 5678, 0, 0): b' 1129,1,0,256,0,23,0,0,4,0,0,0,10,2769,27359,1290,0,0 '
Received from ('fd00::200:0:0:3', 8765, 0, 0): b' 1129,3,1,512,0,177,12,10,7,2,1,-64,10,2346,12978,75,0,0 '
Received from ('fd00::200:0:0:f', 8765, 0, 0): b' 1128,15,11,1024,10,159,4,11,7,1,2,-52,0,1146,11735,39,0,0 '
Received from ('fd00::200:0:0:8', 8765, 0, 0): b' 1129,8,3,768,0,201,8,5,7,1,2,-70,2,955,13662,73,0,0 '
Received from ('fd00::200:0:0:10', 8765, 0, 0): b' 1130,16,11,1024,0,167,7,8,7,1,2,-70,4,1794,14619,69,0,0 '
Received from ('fd00::200:0:0:12', 8765, 0, 0): b' 1130,18,14,1280,0,194,6,4,5,1,1,-52,0,704,8620,60,0,0 '
Received from ('fd00::200:0:0:a', 8765, 0, 0): b' 1130,10,11,1024,0,188,5,4,7,1,1,-52,0,1111,12159,66,0,0 '
Received from ('fd00::200:0:0:c', 8765, 0, 0): b' 1131,12,11,1024,0,209,9,7,7,1,3,-52,0,641,13734,70,0,0 '
Received from ('fd00::200:0:0:14', 8765, 0, 0): b' 1132,20,16,1280,0,173,5,8,7,1,2,-52,0,693,9470,43,0,0 '
Received from ('fd00::200:0:0:d', 8765, 0, 0): b' 1132,13,8,1024,0,191,7,3,7,1,2,-70,0,618,10760,70,0,0 '
Received from ('fd00::200:0:0:5', 8765, 0, 0): b' 1134,5,1,512,10,195,13,1,6,1,1,-94,1,903,12224,75,0,0 '
Received from ('fd00::200:0:0:6', 8765, 0, 0): b' 1134,6,3,768,0,194,9,3,7,1,2,-70,0,750,8789,65,0,0 '
Received from ('fd00::200:0:0:4', 8765, 0, 0): b' 1134,4,1,512,0,180,12,2,7,1,1,-66,1,706,9204,76,0,0 '
Received from ('fd00::200:0:0:9', 8765, 0, 0): b' 1135,9,5,768,0,177,8,4,7,1,2,-52,0,936,11620,61,0,0 '
Received from ('fd00::200:0:0:7', 8765, 0, 0): b' 1137,7,4,768,0,128,7,3,7,1,3,-70,0,718,10884,58,0,0 '
Received from ('fd00::200:0:0:8', 8765, 0, 0): b' 1137,8,3,768,0,205,9,5,7,1,2,-70,2,1111,13819,73,0,0 '
Received from ('fd00::200:0:0:d', 8765, 0, 0): b' 1137,13,8,1024,0,191,8,3,7,1,2,-70,0,359,5705,70,0,0 '
Received from ('fd00::200:0:0:1', 5678, 0, 0): b' 1138,1,0,256,0,23,0,0,4,0,0,0,10,1947,23284,1298,0,0 '
Received from ('fd00::200:0:0:b', 8765, 0, 0): b' 1138,11,3,768,90,169,8,6,7,1,1,-95,10,4240,31573,74,0,0 '
Received from ('fd00::200:0:0:e', 8765, 0, 0): b' 1134,14,11,1024,10,189,9,3,7,1,2,-70,1,1007,11198,64,0,0 '
Received from ('fd00::200:0:0:3', 8765, 0, 0): b' 1139,3,1,512,10,181,12,10,7,2,1,-64,10,4912,29008,75,0,0 '
Received from ('fd00::200:0:0:10', 8765, 0, 0): b' 1137,16,11,1024,20,168,8,8,7,1,2,-70,4,1708,17062,69,0,0 '
Received from ('fd00::200:0:0:13', 8765, 0, 0): b' 1136,19,16,1280,0,180,3,3,7,1,1,-70,0,489,9102,63,0,0 '
Received from ('fd00::200:0:0:f', 8765, 0, 0): b' 1138,15,11,1024,0,162,5,11,7,1,2,-52,0,900,8646,39,0,0 '
Received from ('fd00::200:0:0:9', 8765, 0, 0): b' 1139,9,5,768,0,180,8,4,7,1,2,-52,0,623,4677,62,0,0 '
Received from ('fd00::200:0:0:15', 8765, 0, 0): b' 1136,21,16,1280,0,174,4,3,5,1,1,-70,0,1057,12981,67,0,0 '
Received from ('fd00::200:0:0:2', 8765, 0, 0): b' 1140,2,1,512,10,205,13,1,6,1,1,-88,0,838,14404,76,0,0 '
Received from ('fd00::200:0:0:12', 8765, 0, 0): b' 1137,18,14,1280,10,194,6,4,5,1,1,-52,0,431,6749,61,0,0 '
Received from ('fd00::200:0:0:a', 8765, 0, 0): b' 1139,10,11,1024,0,190,6,4,7,1,1,-52,0,491,10338,66,0,0 '
Received from ('fd00::200:0:0:c', 8765, 0, 0): b' 1139,12,11,1024,0,212,10,7,7,1,3,-52,0,833,11996,71,0,0 '
Received from ('fd00::200:0:0:11', 8765, 0, 0): b' 1139,17,16,1280,0,180,4,4,7,1,1,-52,0,293,4908,68,0,0 '
Received from ('fd00::200:0:0:4', 8765, 0, 0): b' 1142,4,1,512,0,183,12,2,7,1,1,-66,1,1129,13223,76,0,0 '
Received from ('fd00::200:0:0:3', 8765, 0, 0): b' 1143,3,1,512,10,182,12,10,7,2,1,-64,10,2394,13092,76,0,0 '
Received from ('fd00::200:0:0:8', 8765, 0, 0): b' 1143,8,3,768,0,209,9,5,7,1,2,-70,2,1294,12198,74,0,0 '
Received from ('fd00::200:0:0:6', 8765, 0, 0): b' 1144,6,3,768,10,198,9,3,7,1,2,-70,0,735,9855,65,0,0 '
Received from ('fd00::200:0:0:c', 8765, 0, 0): b' 1144,12,11,1024,10,216,10,7,7,1,3,-52,0,571,6374,71,0,0 '
Received from ('fd00::200:0:0:b', 8765, 0, 0): b' 1146,11,3,768,30,172,8,6,7,1,1,-95,10,3949,27299,74,0,0 '
Received from ('fd00::200:0:0:5', 8765, 0, 0): b' 1146,5,1,512,0,202,13,1,6,1,1,-94,1,1949,19485,76,0,0 '
Received from ('fd00::200:0:0:1', 5678, 0, 0): b' 1145,1,0,256,0,23,0,0,4,0,0,0,10,2061,20446,1309,0,0 '
Received from ('fd00::200:0:0:14', 8765, 0, 0): b' 1143,20,16,1280,0,176,6,8,7,1,2,-52,0,824,10566,43,0,0 '
Received from ('fd00::200:0:0:13', 8765, 0, 0): b' 1145,19,16,1280,0,182,4,3,7,1,1,-70,0,749,8932,64,0,0 '
Received from ('fd00::200:0:0:2', 8765, 0, 0): b' 1146,2,1,512,0,208,13,1,6,1,1,-88,0,668,7078,77,0,0 '
Received from ('fd00::200:0:0:e', 8765, 0, 0): b' 1147,14,11,1024,0,192,9,3,7,1,2,-70,1,1269,14698,64,0,0 '
Received from ('fd00::200:0:0:7', 8765, 0, 0): b' 1147,7,4,768,0,129,8,3,7,1,3,-70,0,567,10799,59,0,0 '
Received from ('fd00::200:0:0:8', 8765, 0, 0): b' 1147,8,3,768,0,209,9,5,7,1,2,-70,2,353,7545,74,0,0 '
Received from ('fd00::200:0:0:10', 8765, 0, 0): b' 1147,16,11,1024,0,172,8,8,7,1,2,-70,4,2812,25933,70,0,0 '
Received from ('fd00::200:0:0:d', 8765, 0, 0): b' 1147,13,8,1024,0,197,8,3,7,1,2,-70,0,1148,13679,71,0,0 '
Received from ('fd00::200:0:0:4', 8765, 0, 0): b' 1148,4,1,512,10,184,12,2,7,1,1,-66,1,568,8116,76,0,0 '
Received from ('fd00::200:0:0:f', 8765, 0, 0): b' 1147,15,11,1024,0,165,5,11,7,1,2,-52,0,704,9397,40,0,0 '
Received from ('fd00::200:0:0:9', 8765, 0, 0): b' 1148,9,5,768,0,184,8,4,7,1,2,-52,0,727,8613,62,0,0 '
Received from ('fd00::200:0:0:12', 8765, 0, 0): b' 1147,18,14,1280,0,196,6,4,5,1,1,-52,0,751,9489,61,0,0 '
Received from ('fd00::200:0:0:15', 8765, 0, 0): b' 1148,21,16,1280,0,177,4,3,5,1,1,-70,0,848,14027,68,0,0 '
Received from ('fd00::200:0:0:11', 8765, 0, 0): b' 1148,17,16,1280,0,182,4,4,7,1,1,-52,0,607,7823,68,0,0 '
Received from ('fd00::200:0:0:3', 8765, 0, 0): b' 1151,3,1,512,10,183,12,10,7,2,1,-64,10,3834,21836,76,0,0 '
Received from ('fd00::200:0:0:a', 8765, 0, 0): b' 1149,10,11,1024,0,190,6,5,7,1,1,-52,0,609,10826,67,0,0 '
Received from ('fd00::200:0:0:6', 8765, 0, 0): b' 1150,6,3,768,10,199,9,3,7,1,2,-70,0,439,6103,66,0,0 '
Received from ('fd00::200:0:0:1', 5678, 0, 0): b' 1151,1,0,256,0,23,0,0,4,0,0,0,10,1364,14787,1315,0,0 '
Received from ('fd00::200:0:0:13', 8765, 0, 0): b' 1149,19,16,1280,10,183,4,3,7,1,1,-70,0,254,3678,64,0,0 '
Received from ('fd00::200:0:0:14', 8765, 0, 0): b' 1151,20,16,1280,0,178,6,8,7,1,2,-52,0,573,6758,44,0,0 '
Received from ('fd00::200:0:0:b', 8765, 0, 0): b' 1153,11,3,768,20,176,8,6,7,1,1,-95,10,3720,25618,75,0,0 '
Received from ('fd00::200:0:0:5', 8765, 0, 0): b' 1153,5,1,512,0,204,13,1,6,1,1,-94,1,919,11571,76,0,0 '
Received from ('fd00::200:0:0:f', 8765, 0, 0): b' 1152,15,11,1024,0,167,5,11,7,1,2,-52,0,469,4848,40,0,0 '
Received from ('fd00::200:0:0:2', 8765, 0, 0): b' 1154,2,1,512,0,210,13,1,6,1,1,-88,0,508,9721,77,0,0 '
Received from ('fd00::200:0:0:7', 8765, 0, 0): b' 1154,7,4,768,0,130,8,3,7,1,3,-70,0,480,6711,59,0,0 '
Received from ('fd00::200:0:0:12', 8765, 0, 0): b' 1154,18,14,1280,0,198,6,4,5,1,1,-52,0,669,7140,62,0,0 '
Received from ('fd00::200:0:0:10', 8765, 0, 0): b' 1155,16,11,1024,20,175,8,8,7,1,2,-70,4,2087,20238,71,0,0 '
Received from ('fd00::200:0:0:c', 8765, 0, 0): b' 1155,12,11,1024,0,219,10,7,7,1,3,-52,0,955,17070,72,0,0 '
Received from ('fd00::200:0:0:9', 8765, 0, 0): b' 1156,9,5,768,0,186,9,4,7,1,2,-52,0,740,8101,63,0,0 '
Received from ('fd00::200:0:0:d', 8765, 0, 0): b' 1156,13,8,1024,0,198,8,3,7,1,2,-70,0,410,10507,71,0,0 '
Received from ('fd00::200:0:0:15', 8765, 0, 0): b' 1157,21,16,1280,0,181,4,3,5,1,1,-70,0,930,12094,69,0,0 '
Received from ('fd00::200:0:0:6', 8765, 0, 0): b' 1158,6,3,768,0,200,9,3,7,1,2,-70,0,605,7274,66,0,0 '
Received from ('fd00::200:0:0:f', 8765, 0, 0): b' 1158,15,11,1024,0,171,5,11,7,1,2,-52,0,650,6634,41,0,0 '
Received from ('fd00::200:0:0:3', 8765, 0, 0): b' 1159,3,1,512,0,184,12,10,7,2,1,-64,10,4280,24985,77,0,0 '
Received from ('fd00::200:0:0:8', 8765, 0, 0): b' 1159,8,3,768,10,214,9,5,7,1,2,-70,2,1702,21519,75,0,0 '
Received from ('fd00::200:0:0:13', 8765, 0, 0): b' 1158,19,16,1280,10,184,4,3,7,1,1,-70,0,638,8876,65,0,0 '
Received from ('fd00::200:0:0:e', 8765, 0, 0): b' 1159,14,11,1024,0,197,9,3,7,1,2,-70,1,1763,16760,65,0,0 '
Received from ('fd00::200:0:0:4', 8765, 0, 0): b' 1159,4,1,512,0,190,12,2,7,1,1,-66,1,1633,18956,77,0,0 '
Received from ('fd00::200:0:0:c', 8765, 0, 0): b' 1159,12,11,1024,0,221,10,7,7,1,3,-52,0,373,6756,72,0,0 '
Received from ('fd00::200:0:0:5', 8765, 0, 0): b' 1160,5,1,512,10,204,13,1,6,1,1,-94,1,857,11493,77,0,0 '
Received from ('fd00::200:0:0:2', 8765, 0, 0): b' 1160,2,1,512,0,212,13,1,6,1,1,-88,0,565,7795,78,0,0 '
Received from ('fd00::200:0:0:b', 8765, 0, 0): b' 1160,11,3,768,20,178,8,6,7,1,1,-95,10,3496,24909,75,0,0 '
Received from ('fd00::200:0:0:11', 8765, 0, 0): b' 1160,17,16,1280,0,186,4,4,7,1,1,-52,0,925,11561,69,0,0 '
Received from ('fd00::200:0:0:9', 8765, 0, 0): b' 1160,9,5,768,0,188,9,4,7,1,2,-52,0,368,4174,63,0,0 '
Received from ('fd00::200:0:0:12', 8765, 0, 0): b' 1161,18,14,1280,0,202,6,4,5,1,1,-52,0,706,6602,62,0,0 '
Received from ('fd00::200:0:0:a', 8765, 0, 0): b' 1160,10,11,1024,0,194,6,5,7,1,1,-52,0,870,14648,67,0,0 '
Received from ('fd00::200:0:0:1', 5678, 0, 0): b' 1162,1,0,256,0,23,0,0,4,0,0,0,10,2810,30252,1332,0,0 '
Received from ('fd00::200:0:0:14', 8765, 0, 0): b' 1162,20,16,1280,0,180,6,8,7,1,2,-52,0,693,10936,45,0,0 '
Received from ('fd00::200:0:0:8', 8765, 0, 0): b' 1163,8,3,768,0,216,9,5,7,1,2,-70,2,605,7934,75,0,0 '
Received from ('fd00::200:0:0:10', 8765, 0, 0): b' 1164,16,11,1024,0,177,8,8,7,1,2,-70,4,2230,23133,71,0,0 '
Received from ('fd00::200:0:0:3', 8765, 0, 0): b' 1164,3,1,512,0,185,12,10,7,2,1,-64,10,3248,19385,77,0,0 '
Received from ('fd00::200:0:0:7', 8765, 0, 0): b' 1165,7,4,768,0,132,8,3,7,1,3,-70,0,714,11187,60,0,0 '
Received from ('fd00::200:0:0:a', 8765, 0, 0): b' 1166,10,11,1024,0,196,6,5,7,1,1,-52,0,525,6711,68,0,0 '
Received from ('fd00::200:0:0:4', 8765, 0, 0): b' 1166,4,1,512,0,190,12,2,7,1,1,-66,1,695,10039,78,0,0 '
Received from ('fd00::200:0:0:d', 8765, 0, 0): b' 1165,13,8,1024,10,201,8,3,7,1,2,-70,0,804,10786,72,0,0 '
Received from ('fd00::200:0:0:5', 8765, 0, 0): b' 1166,5,1,512,0,208,13,1,6,1,1,-94,1,1015,10727,77,0,0 '
Received from ('fd00::200:0:0:13', 8765, 0, 0): b' 1166,19,16,1280,0,186,4,3,7,1,1,-70,0,573,8460,65,0,0 '
Received from ('fd00::200:0:0:f', 8765, 0, 0): b' 1167,15,11,1024,10,173,5,11,7,1,2,-52,0,531,8249,41,0,0 '
Received from ('fd00::200:0:0:10', 8765, 0, 0): b' 1169,16,11,1024,10,179,8,8,7,1,2,-70,4,977,12071,71,0,0 '
Received from ('fd00::200:0:0:c', 8765, 0, 0): b' 1168,12,11,1024,0,225,10,7,7,1,3,-52,0,1014,14333,73,0,0 '
Received from ('fd00::200:0:0:2', 8765, 0, 0): b' 1168,2,1,512,0,214,13,1,6,1,1,-88,0,629,10003,78,0,0 '
Received from ('fd00::200:0:0:11', 8765, 0, 0): b' 1168,17,16,1280,0,189,4,4,7,1,1,-52,0,721,7799,69,0,0 '
Received from ('fd00::200:0:0:e', 8765, 0, 0): b' 1169,14,11,1024,0,199,9,3,7,1,2,-70,1,1131,13018,66,0,0 '
Received from ('fd00::200:0:0:b', 8765, 0, 0): b' 1169,11,3,768,30,180,8,6,7,1,1,-95,10,4339,31860,76,0,0 '
Received from ('fd00::200:0:0:6', 8765, 0, 0): b' 1170,6,3,768,10,206,9,3,7,1,2,-70,0,1118,11799,67,0,0 '
Received from ('fd00::200:0:0:4', 8765, 0, 0): b' 1170,4,1,512,0,191,12,2,7,1,1,-66,1,444,6221,78,0,0 '
Received from ('fd00::200:0:0:3', 8765, 0, 0): b' 1169,3,1,512,10,186,12,10,7,2,1,-64,10,2662,14864,77,0,0 '
Received from ('fd00::200:0:0:d', 8765, 0, 0): b' 1169,13,8,1024,0,203,8,3,7,1,2,-70,0,493,5833,72,0,0 '
Received from ('fd00::200:0:0:15', 8765, 0, 0): b' 1169,21,16,1280,0,181,4,3,5,1,1,-70,0,448,13600,69,0,0 '
Received from ('fd00::200:0:0:9', 8765, 0, 0): b' 1170,9,5,768,10,190,9,4,7,1,2,-52,0,756,10030,64,0,0 '
Received from ('fd00::200:0:0:12', 8765, 0, 0): b' 1172,18,14,1280,0,206,6,4,5,1,1,-52,0,931,11031,63,0,0 '
Received from ('fd00::200:0:0:8', 8765, 0, 0): b' 1172,8,3,768,0,216,9,5,7,1,2,-70,2,1051,17842,76,0,0 '
Received from ('fd00::200:0:0:1', 5678, 0, 0): b' 1173,1,0,256,0,23,0,0,4,0,0,0,10,2665,29020,1346,0,0 '
Received from ('fd00::200:0:0:11', 8765, 0, 0): b' 1173,17,16,1280,0,190,4,4,7,1,1,-52,0,441,5152,70,0,0 '
Received from ('fd00::200:0:0:c', 8765, 0, 0): b' 1174,12,11,1024,0,225,10,7,7,1,3,-52,0,352,8514,73,0,0 '
Received from ('fd00::200:0:0:5', 8765, 0, 0): b' 1173,5,1,512,10,211,13,1,6,1,1,-94,1,1018,12092,78,0,0 '
Received from ('fd00::200:0:0:14', 8765, 0, 0): b' 1173,20,16,1280,10,182,6,8,7,1,2,-52,0,555,10076,45,0,0 '
Received from ('fd00::200:0:0:7', 8765, 0, 0): b' 1174,7,4,768,0,133,8,3,7,1,3,-70,0,407,8471,60,0,0 '
Received from ('fd00::200:0:0:a', 8765, 0, 0): b' 1175,10,11,1024,0,198,6,5,7,1,1,-52,0,637,10396,68,0,0 '
Received from ('fd00::200:0:0:2', 8765, 0, 0): b' 1175,2,1,512,0,216,13,1,6,1,1,-88,0,566,8105,79,0,0 '
Received from ('fd00::200:0:0:13', 8765, 0, 0): b' 1174,19,16,1280,0,186,4,3,7,1,1,-70,0,525,6856,66,0,0 '
Received from ('fd00::200:0:0:f', 8765, 0, 0): b' 1176,15,11,1024,0,174,5,11,7,1,2,-52,0,574,8181,42,0,0 '
Received from ('fd00::200:0:0:6', 8765, 0, 0): b' 1176,6,3,768,0,208,9,3,7,1,2,-70,0,572,7036,68,0,0 '
Received from ('fd00::200:0:0:e', 8765, 0, 0): b' 1176,14,11,1024,0,200,9,3,7,1,2,-70,1,699,8797,66,0,0 '
Received from ('fd00::200:0:0:4', 8765, 0, 0): b' 1178,4,1,512,0,194,12,2,7,1,1,-66,1,1012,12833,78,0,0 '
Received from ('fd00::200:0:0:14', 8765, 0, 0): b' 1178,20,16,1280,0,182,6,8,7,1,2,-52,0,419,4851,46,0,0 '
Received from ('fd00::200:0:0:b', 8765, 0, 0): b' 1178,11,3,768,30,182,8,6,7,1,1,-95,10,3752,30208,76,0,0 '
Received from ('fd00::200:0:0:15', 8765, 0, 0): b' 1178,21,16,1280,0,186,4,3,5,1,1,-70,0,946,11644,70,0,0 '
Received from ('fd00::200:0:0:3', 8765, 0, 0): b' 1180,3,1,512,0,189,12,10,7,2,1,-64,10,5022,31371,78,0,0 '
Received from ('fd00::200:0:0:10', 8765, 0, 0): b' 1180,16,11,1024,0,183,8,8,7,1,2,-70,4,3590,31123,72,0,0 '
Received from ('fd00::200:0:0:12', 8765, 0, 0): b' 1180,18,14,1280,10,207,6,4,5,1,1,-52,0,386,6924,63,0,0 '
Received from ('fd00::200:0:0:13', 8765, 0, 0): b' 1181,19,16,1280,0,187,4,3,7,1,1,-70,0,385,6286,66,0,0 '
Received from ('fd00::200:0:0:e', 8765, 0, 0): b' 1179,14,11,1024,0,201,9,3,7,1,2,-70,1,677,7087,67,0,0 '
Received from ('fd00::200:0:0:9', 8765, 0, 0): b' 1181,9,5,768,0,191,9,4,7,1,2,-52,0,547,10435,64,0,0 '
Received from ('fd00::200:0:0:8', 8765, 0, 0): b' 1181,8,3,768,10,221,9,5,7,1,2,-70,2,1325,17577,76,0,0 '
Received from ('fd00::200:0:0:d', 8765, 0, 0): b' 1181,13,8,1024,0,204,8,3,7,1,2,-70,0,637,14005,73,0,0 '
Received from ('fd00::200:0:0:a', 8765, 0, 0): b' 1180,10,11,1024,0,200,6,5,7,1,1,-52,0,573,9622,69,0,0 '
Received from ('fd00::200:0:0:5', 8765, 0, 0): b' 1182,5,1,512,0,214,13,1,6,1,1,-94,1,1024,13716,78,0,0 '
Received from ('fd00::200:0:0:2', 8765, 0, 0): b' 1183,2,1,512,0,221,13,1,6,1,1,-88,0,932,10380,79,0,0 '
Received from ('fd00::200:0:0:c', 8765, 0, 0): b' 1181,12,11,1024,0,227,10,7,7,1,3,-52,0,595,12844,74,0,0 '
Received from ('fd00::200:0:0:1', 5678, 0, 0): b' 1184,1,0,256,0,23,0,0,4,0,0,0,10,2630,29038,1358,0,0 '
Received from ('fd00::200:0:0:11', 8765, 0, 0): b' 1184,17,16,1280,10,196,4,4,7,1,1,-52,0,962,10358,71,0,0 '
Received from ('fd00::200:0:0:10', 8765, 0, 0): b' 1183,16,11,1024,0,184,8,8,7,1,2,-70,4,1060,11435,72,0,0 '
Received from ('fd00::200:0:0:7', 8765, 0, 0): b' 1184,7,4,768,0,137,8,3,7,1,3,-70,0,994,11299,61,0,0 '
Received from ('fd00::200:0:0:12', 8765, 0, 0): b' 1183,18,14,1280,0,208,6,4,5,1,1,-52,0,442,4947,64,0,0 '
Received from ('fd00::200:0:0:4', 8765, 0, 0): b' 1186,4,1,512,0,195,12,2,7,1,1,-66,1,1006,12447,79,0,0 '
Received from ('fd00::200:0:0:15', 8765, 0, 0): b' 1185,21,16,1280,10,190,4,3,5,1,1,-70,0,854,9926,71,0,0 '
Received from ('fd00::200:0:0:d', 8765, 0, 0): b' 1185,13,8,1024,0,204,8,3,7,1,2,-70,0,254,5031,73,0,0 '
Received from ('fd00::200:0:0:a', 8765, 0, 0): b' 1185,10,11,1024,0,203,6,5,7,1,1,-52,0,569,6399,69,0,0 '
Received from ('fd00::200:0:0:8', 8765, 0, 0): b' 1186,8,3,768,0,224,9,5,7,1,2,-70,2,980,9951,77,0,0 '
Received from ('fd00::200:0:0:f', 8765, 0, 0): b' 1185,15,11,1024,0,179,5,11,7,1,2,-52,0,1130,11901,43,0,0 '
Received from ('fd00::200:0:0:6', 8765, 0, 0): b' 1187,6,3,768,10,211,9,3,7,1,2,-70,0,735,10494,68,0,0 '
Received from ('fd00::200:0:0:b', 8765, 0, 0): b' 1187,11,3,768,10,184,8,6,7,1,1,-95,10,4512,31637,77,0,0 '
Received from ('fd00::200:0:0:14', 8765, 0, 0): b' 1188,20,16,1280,0,182,6,8,7,1,2,-52,0,447,10873,46,0,0 '
Received from ('fd00::200:0:0:3', 8765, 0, 0): b' 1189,3,1,512,0,192,12,10,7,2,1,-64,10,5311,28508,79,0,0 '
Received from ('fd00::200:0:0:4', 8765, 0, 0): b' 1190,4,1,512,10,197,12,2,7,1,1,-66,1,665,7580,79,0,0 '
Received from ('fd00::200:0:0:7', 8765, 0, 0): b' 1190,7,4,768,0,138,8,3,7,1,3,-70,0,439,6151,62,0,0 '
Received from ('fd00::200:0:0:10', 8765, 0, 0): b' 1190,16,11,1024,20,186,8,8,7,1,2,-70,4,1968,19871,73,0,0 '
Received from ('fd00::200:0:0:13', 8765, 0, 0): b' 1189,19,16,1280,0,190,4,3,7,1,1,-70,0,824,10703,67,0,0 '
Received from ('fd00::200:0:0:e', 8765, 0, 0): b' 1190,14,11,1024,0,205,9,3,7,1,2,-70,1,1368,14871,67,0,0 '
Received from ('fd00::200:0:0:5', 8765, 0, 0): b' 1192,5,1,512,0,216,13,1,6,1,1,-94,1,1021,14605,79,0,0 '
Received from ('fd00::200:0:0:11', 8765, 0, 0): b' 1190,17,16,1280,0,197,4,4,7,1,1,-52,0,564,7883,71,0,0 '
Received from ('fd00::200:0:0:f', 8765, 0, 0): b' 1191,15,11,1024,10,179,5,11,7,1,2,-52,0,258,5025,43,0,0 '
Received from ('fd00::200:0:0:2', 8765, 0, 0): b' 1193,2,1,512,0,226,13,1,6,1,1,-88,0,1026,13207,80,0,0 '
Received from ('fd00::200:0:0:1', 5678, 0, 0): b' 1194,1,0,256,0,23,0,0,4,0,0,0,10,2494,26414,1373,0,0 '
Received from ('fd00::200:0:0:c', 8765, 0, 0): b' 1191,12,11,1024,0,228,10,7,7,1,3,-52,0,532,14869,74,0,0 '
Received from ('fd00::200:0:0:9', 8765, 0, 0): b' 1193,9,5,768,0,196,9,4,7,1,2,-52,0,1036,11739,65,0,0 '
Received from ('fd00::200:0:0:15', 8765, 0, 0): b' 1192,21,16,1280,0,192,4,3,5,1,1,-70,0,545,8257,71,0,0 '
Received from ('fd00::200:0:0:12', 8765, 0, 0): b' 1192,18,14,1280,0,210,6,4,5,1,1,-52,0,637,9124,64,0,0 '
Received from ('fd00::200:0:0:14', 8765, 0, 0): b' 1192,20,16,1280,0,183,6,8,7,1,2,-52,0,443,4638,47,0,0 '
Received from ('fd00::200:0:0:b', 8765, 0, 0): b' 1195,11,3,768,20,184,8,6,7,1,1,-95,10,3376,24531,78,0,0 '
Received from ('fd00::200:0:0:d', 8765, 0, 0): b' 1195,13,8,1024,0,204,8,3,7,1,2,-70,0,422,11680,74,0,0 '
Received from ('fd00::200:0:0:3', 8765, 0, 0): b' 1196,3,1,512,0,195,12,10,7,2,1,-64,10,3411,19612,79,0,0 '
Received from ('fd00::200:0:0:a', 8765, 0, 0): b' 1194,10,11,1024,0,204,6,5,7,1,1,-52,0,562,10116,70,0,0 '
Received from ('fd00::200:0:0:8', 8765, 0, 0): b' 1197,8,3,768,0,227,9,5,7,1,2,-70,2,1234,18445,77,0,0 '
Received from ('fd00::200:0:0:4', 8765, 0, 0): b' 1198,4,1,512,0,197,12,2,7,1,1,-66,1,660,11430,80,0,0 '
Received from ('fd00::200:0:0:c', 8765, 0, 0): b' 1196,12,11,1024,10,230,10,7,7,1,3,-52,0,554,6860,75,0,0 '
Received from ('fd00::200:0:0:15', 8765, 0, 0): b' 1197,21,16,1280,0,193,4,3,5,1,1,-70,0,361,5778,71,0,0 '
Received from ('fd00::200:0:0:6', 8765, 0, 0): b' 1197,6,3,768,0,216,9,3,7,1,2,-70,0,1038,11270,69,0,0 '
Received from ('fd00::200:0:0:11', 8765, 0, 0): b' 1198,17,16,1280,0,200,4,4,7,1,1,-52,0,679,8320,72,0,0 '
Received from ('fd00::200:0:0:13', 8765, 0, 0): b' 1198,19,16,1280,10,195,4,3,7,1,1,-70,0,731,8710,67,0,0 '
Received from ('fd00::200:0:0:14', 8765, 0, 0): b' 1199,20,16,1280,10,186,6,8,7,1,2,-52,0,493,6255,47,0,0 '
Received from ('fd00::200:0:0:e', 8765, 0, 0): b' 1199,14,11,1024,10,207,9,3,7,1,2,-70,1,1150,11806,68,0,0 '
Received from ('fd00::200:0:0:7', 8765, 0, 0): b' 1200,7,4,768,0,142,8,3,7,1,3,-70,0,848,10300,62,0,0 '
Received from ('fd00::200:0:0:d', 8765, 0, 0): b' 1201,13,8,1024,0,204,8,3,7,1,2,-70,0,278,6127,74,0,0 '
Received from ('fd00::200:0:0:a', 8765, 0, 0): b' 1200,10,11,1024,0,206,6,5,7,1,1,-52,0,493,7276,70,0,0 '
Received from ('fd00::200:0:0:1', 5678, 0, 0): b' 1203,1,0,256,0,23,0,0,4,0,0,0,10,2338,24114,1385,0,0 '
Received from ('fd00::200:0:0:c', 8765, 0, 0): b' 1200,12,11,1024,10,232,10,7,7,1,3,-52,0,470,6672,75,0,0 '
Received from ('fd00::200:0:0:5', 8765, 0, 0): b' 1202,5,1,512,0,219,13,1,6,1,1,-94,1,1302,16244,80,0,0 '
Received from ('fd00::200:0:0:9', 8765, 0, 0): b' 1202,9,5,768,0,198,9,4,7,1,2,-52,0,668,8033,66,0,0 '
Received from ('fd00::200:0:0:10', 8765, 0, 0): b' 1200,16,11,1024,0,187,8,8,7,1,2,-70,4,3037,27459,74,0,0 '
Received from ('fd00::200:0:0:2', 8765, 0, 0): b' 1203,2,1,512,10,229,13,1,6,1,1,-88,0,647,12038,81,0,0 '
Received from ('fd00::200:0:0:f', 8765, 0, 0): b' 1202,15,11,1024,0,179,5,11,7,1,2,-52,0,408,10419,44,0,0 '
Received from ('fd00::200:0:0:12', 8765, 0, 0): b' 1203,18,14,1280,10,214,6,4,5,1,1,-52,0,800,9911,65,0,0 '
Received from ('fd00::200:0:0:3', 8765, 0, 0): b' 1204,3,1,512,10,197,12,10,7,2,1,-64,10,4158,24472,80,0,0 '
Received from ('fd00::200:0:0:8', 8765, 0, 0): b' 1204,8,3,768,0,227,9,5,7,1,2,-70,2,891,14295,78,0,0 '
Received from ('fd00::200:0:0:7', 8765, 0, 0): b' 1206,7,4,768,0,144,8,3,7,1,3,-70,0,612,5892,63,0,0 '
Received from ('fd00::200:0:0:11', 8765, 0, 0): b' 1205,17,16,1280,0,200,4,4,7,1,1,-52,0,399,6612,72,0,0 '
Received from ('fd00::200:0:0:4', 8765, 0, 0): b' 1207,4,1,512,0,198,12,2,7,1,1,-66,1,1155,14942,80,0,0 '
Received from ('fd00::200:0:0:b', 8765, 0, 0): b' 1207,11,3,768,10,186,8,6,7,1,1,-95,10,4631,36523,78,0,0 '
Received from ('fd00::200:0:0:e', 8765, 0, 0): b' 1206,14,11,1024,0,209,9,3,7,1,2,-70,1,892,9312,68,0,0 '
Received from ('fd00::200:0:0:15', 8765, 0, 0): b' 1206,21,16,1280,0,195,4,3,5,1,1,-70,0,721,11961,72,0,0 '
Received from ('fd00::200:0:0:f', 8765, 0, 0): b' 1207,15,11,1024,0,179,5,11,7,1,2,-52,0,377,4773,44,0,0 '
Received from ('fd00::200:0:0:d', 8765, 0, 0): b' 1208,13,8,1024,0,205,8,3,7,1,2,-70,0,565,9343,75,0,0 '
Received from ('fd00::200:0:0:6', 8765, 0, 0): b' 1209,6,3,768,0,218,9,3,7,1,2,-70,0,716,10626,70,0,0 '
Received from ('fd00::200:0:0:10', 8765, 0, 0): b' 1208,16,11,1024,0,188,8,8,7,1,2,-70,4,1610,18599,74,0,0 '
Received from ('fd00::200:0:0:12', 8765, 0, 0): b' 1207,18,14,1280,0,216,6,4,5,1,1,-52,0,576,4974,65,0,0 '
Received from ('fd00::200:0:0:13', 8765, 0, 0): b' 1208,19,16,1280,0,199,4,3,7,1,1,-70,0,1015,9928,68,0,0 '
Received from ('fd00::200:0:0:2', 8765, 0, 0): b' 1211,2,1,512,0,232,13,1,6,1,1,-88,0,795,10281,81,0,0 '
Received from ('fd00::200:0:0:14', 8765, 0, 0): b' 1210,20,16,1280,0,188,6,8,7,1,2,-52,0,801,10572,48,0,0 '
Received from ('fd00::200:0:0:9', 8765, 0, 0): b' 1212,9,5,768,0,200,9,4,7,1,2,-52,0,634,9165,66,0,0 '
Received from ('fd00::200:0:0:a', 8765, 0, 0): b' 1210,10,11,1024,10,207,6,5,7,1,1,-52,0,586,12367,71,0,0 '
Received from ('fd00::200:0:0:c', 8765, 0, 0): b' 1210,12,11,1024,0,234,10,7,7,1,3,-52,0,747,15555,76,0,0 '
Received from ('fd00::200:0:0:3', 8765, 0, 0): b' 1213,3,1,512,10,199,12,10,7,2,1,-64,10,4317,25745,80,0,0 '
Received from ('fd00::200:0:0:5', 8765, 0, 0): b' 1213,5,1,512,0,220,13,1,6,1,1,-94,1,1123,17185,80,0,0 '
Received from ('fd00::200:0:0:1', 5678, 0, 0): b' 1214,1,0,256,0,23,0,0,4,0,0,0,10,2789,30624,1402,0,0 '
Received from ('fd00::200:0:0:6', 8765, 0, 0): b' 1213,6,3,768,0,218,9,3,7,1,2,-70,0,252,4009,70,0,0 '
Received from ('fd00::200:0:0:11', 8765, 0, 0): b' 1212,17,16,1280,10,203,4,4,7,1,1,-52,0,655,7061,73,0,0 '
Received from ('fd00::200:0:0:d', 8765, 0, 0): b' 1214,13,8,1024,0,206,8,3,7,1,2,-70,0,384,6734,75,0,0 '
Received from ('fd00::200:0:0:13', 8765, 0, 0): b' 1213,19,16,1280,0,200,4,3,7,1,1,-70,0,386,5197,68,0,0 '
Received from ('fd00::200:0:0:a', 8765, 0, 0): b' 1215,10,11,1024,0,208,6,5,7,1,1,-52,0,387,6588,71,0,0 '
Received from ('fd00::200:0:0:4', 8765, 0, 0): b' 1217,4,1,512,0,199,12,2,7,1,1,-66,1,676,14291,81,0,0 '
Received from ('fd00::200:0:0:7', 8765, 0, 0): b' 1215,7,4,768,10,144,8,3,7,1,3,-70,0,396,8760,63,0,0 '
Received from ('fd00::200:0:0:8', 8765, 0, 0): b' 1216,8,3,768,0,231,9,5,7,1,2,-70,2,1473,21697,79,0,0 '
Received from ('fd00::200:0:0:e', 8765, 0, 0): b' 1216,14,11,1024,0,213,9,3,7,1,2,-70,1,1315,12867,69,0,0 '
Received from ('fd00::200:0:0:f', 8765, 0, 0): b' 1217,15,11,1024,20,181,5,11,7,1,2,-52,0,466,8766,45,0,0 '
Received from ('fd00::200:0:0:1', 5678, 0, 0): b' 1219,1,0,256,0,23,0,0,4,0,0,0,10,1152,13069,1409,0,0 '
Received from ('fd00::200:0:0:b', 8765, 0, 0): b' 1218,11,3,768,10,190,8,6,7,1,1,-95,10,5195,38443,79,0,0 '
Received from ('fd00::200:0:0:15', 8765, 0, 0): b' 1217,21,16,1280,0,195,4,3,5,1,1,-70,0,532,13070,73,0,0 '
Received from ('fd00::200:0:0:10', 8765, 0, 0): b' 1219,16,11,1024,0,191,8,8,7,1,2,-70,4,2995,29576,75,0,0 '
Received from ('fd00::200:0:0:3', 8765, 0, 0): b' 1220,3,1,512,0,201,12,10,7,2,1,-64,10,3451,21292,81,0,0 '
Received from ('fd00::200:0:0:12', 8765, 0, 0): b' 1219,18,14,1280,0,221,6,4,5,1,1,-52,0,931,11410,66,0,0 '
Received from ('fd00::200:0:0:6', 8765, 0, 0): b' 1220,6,3,768,10,219,9,3,7,1,2,-70,0,382,6693,71,0,0 '
Received from ('fd00::200:0:0:8', 8765, 0, 0): b' 1221,8,3,768,0,232,9,5,7,1,2,-70,2,647,8871,79,0,0 '
Received from ('fd00::200:0:0:9', 8765, 0, 0): b' 1220,9,5,768,10,201,9,4,7,1,2,-52,0,462,8316,67,0,0 '
Received from ('fd00::200:0:0:14', 8765, 0, 0): b' 1219,20,16,1280,0,192,6,8,7,1,2,-52,0,811,9402,49,0,0 '
Received from ('fd00::200:0:0:2', 8765, 0, 0): b' 1223,2,1,512,10,235,13,1,6,1,1,-88,0,735,13841,82,0,0 '
Received from ('fd00::200:0:0:7', 8765, 0, 0): b' 1222,7,4,768,0,148,8,3,7,1,3,-70,0,784,7037,64,0,0 '
Received from ('fd00::200:0:0:c', 8765, 0, 0): b' 1221,12,11,1024,0,235,10,7,7,1,3,-52,0,526,14770,76,0,0 '
Received from ('fd00::200:0:0:d', 8765, 0, 0): b' 1222,13,8,1024,0,208,8,3,7,1,2,-70,0,599,9777,76,0,0 '
Received from ('fd00::200:0:0:4', 8765, 0, 0): b' 1223,4,1,512,0,200,12,2,7,1,1,-66,1,1070,10909,82,0,0 '
Received from ('fd00::200:0:0:f', 8765, 0, 0): b' 1222,15,11,1024,0,181,5,11,7,1,2,-52,0,387,4968,45,0,0 '
Received from ('fd00::200:0:0:5', 8765, 0, 0): b' 1224,5,1,512,0,223,13,1,6,1,1,-94,1,1064,15929,81,0,0 '
Received from ('fd00::200:0:0:11', 8765, 0, 0): b' 1223,17,16,1280,0,209,4,4,7,1,1,-52,0,1090,10486,73,0,0 '
Received from ('fd00::200:0:0:12', 8765, 0, 0): b' 1224,18,14,1280,0,223,6,4,5,1,1,-52,0,372,4313,66,0,0 '
Received from ('fd00::200:0:0:1', 5678, 0, 0): b' 1226,1,0,256,0,23,0,0,4,0,0,0,10,1652,18122,1417,0,0 '
Received from ('fd00::200:0:0:14', 8765, 0, 0): b' 1224,20,16,1280,0,192,6,8,7,1,2,-52,0,254,4305,49,0,0 '
Received from ('fd00::200:0:0:9', 8765, 0, 0): b' 1226,9,5,768,0,202,9,4,7,1,2,-52,0,383,4968,67,0,0 '
Received from ('fd00::200:0:0:10', 8765, 0, 0): b' 1225,16,11,1024,0,192,8,8,7,1,2,-70,4,1316,14059,75,0,0 '
Received from ('fd00::200:0:0:13', 8765, 0, 0): b' 1225,19,16,1280,0,203,4,3,7,1,1,-70,0,800,10531,69,0,0 '
Received from ('fd00::200:0:0:15', 8765, 0, 0): b' 1226,21,16,1280,0,196,4,3,5,1,1,-70,0,410,8750,73,0,0 '
Received from ('fd00::200:0:0:d', 8765, 0, 0): b' 1227,13,8,1024,0,208,8,3,7,1,2,-70,0,277,5593,76,0,0 '
Received from ('fd00::200:0:0:6', 8765, 0, 0): b' 1227,6,3,768,0,221,9,3,7,1,2,-70,0,667,7335,71,0,0 '
Received from ('fd00::200:0:0:e', 8765, 0, 0): b' 1226,14,11,1024,0,214,9,3,7,1,2,-70,1,1215,13640,70,0,0 '
Received from ('fd00::200:0:0:3', 8765, 0, 0): b' 1228,3,1,512,0,204,12,10,7,2,1,-64,10,4344,23974,81,0,0 '
Received from ('fd00::200:0:0:7', 8765, 0, 0): b' 1228,7,4,768,0,150,8,3,7,1,3,-70,0,489,6027,64,0,0 '
Received from ('fd00::200:0:0:a', 8765, 0, 0): b' 1227,10,11,1024,0,213,6,5,7,1,1,-52,0,1102,12745,72,0,0 '
Received from ('fd00::200:0:0:8', 8765, 0, 0): b' 1229,8,3,768,0,235,9,5,7,1,2,-70,2,1148,13917,79,0,0 '
Received from ('fd00::200:0:0:b', 8765, 0, 0): b' 1230,11,3,768,10,192,8,6,7,1,1,-95,10,5034,37722,80,0,0 '
Received from ('fd00::200:0:0:15', 8765, 0, 0): b' 1230,21,16,1280,0,197,4,3,5,1,1,-70,0,445,5512,74,0,0 '
Received from ('fd00::200:0:0:c', 8765, 0, 0): b' 1231,12,11,1024,0,237,10,7,7,1,3,-52,0,602,12867,77,0,0 '
Received from ('fd00::200:0:0:12', 8765, 0, 0): b' 1230,18,14,1280,0,227,6,4,5,1,1,-52,0,859,6581,67,0,0 '
Received from ('fd00::200:0:0:9', 8765, 0, 0): b' 1232,9,5,768,0,203,9,4,7,1,2,-52,0,438,6437,68,0,0 '
Received from ('fd00::200:0:0:d', 8765, 0, 0): b' 1232,13,8,1024,0,210,8,3,7,1,2,-70,0,467,6297,76,0,0 '
Received from ('fd00::200:0:0:5', 8765, 0, 0): b' 1233,5,1,512,0,224,13,1,6,1,1,-94,1,1122,14025,82,0,0 '
Received from ('fd00::200:0:0:13', 8765, 0, 0): b' 1233,19,16,1280,0,203,4,3,7,1,1,-70,0,456,7077,70,0,0 '
Received from ('fd00::200:0:0:14', 8765, 0, 0): b' 1233,20,16,1280,0,193,6,8,7,1,2,-52,0,530,8415,49,0,0 '
Received from ('fd00::200:0:0:2', 8765, 0, 0): b' 1233,2,1,512,10,237,13,1,6,1,1,-88,0,736,14425,83,0,0 '
Received from ('fd00::200:0:0:7', 8765, 0, 0): b' 1234,7,4,768,10,153,8,3,7,1,3,-70,0,489,6047,64,0,0 '
Received from ('fd00::200:0:0:b', 8765, 0, 0): b' 1234,11,3,768,10,193,8,6,7,1,1,-95,10,1836,14047,80,0,0 '
Received from ('fd00::200:0:0:4', 8765, 0, 0): b' 1234,4,1,512,0,204,12,2,7,1,1,-66,1,1500,18890,82,0,0 '
Received from ('fd00::200:0:0:f', 8765, 0, 0): b' 1234,15,11,1024,0,184,5,11,7,1,2,-52,0,825,11631,46,0,0 '
Received from ('fd00::200:0:0:e', 8765, 0, 0): b' 1233,14,11,1024,10,218,9,3,7,1,2,-70,1,1038,10160,70,0,0 '
Received from ('fd00::200:0:0:1', 5678, 0, 0): b' 1236,1,0,256,0,23,0,0,4,0,0,0,10,2642,28069,1431,0,0 '
Received from ('fd00::200:0:0:10', 8765, 0, 0): b' 1235,16,11,1024,10,192,8,8,7,1,2,-70,4,2479,26354,76,0,0 '
Received from ('fd00::200:0:0:11', 8765, 0, 0): b' 1234,17,16,1280,0,213,4,4,7,1,1,-52,0,903,10679,74,0,0 '
Received from ('fd00::200:0:0:3', 8765, 0, 0): b' 1237,3,1,512,0,208,12,10,7,2,1,-64,10,4552,26861,82,0,0 '
Received from ('fd00::200:0:0:6', 8765, 0, 0): b' 1237,6,3,768,0,223,9,3,7,1,2,-70,0,690,9504,72,0,0 '
Received from ('fd00::200:0:0:a', 8765, 0, 0): b' 1237,10,11,1024,0,218,6,5,7,1,1,-52,0,1010,10209,73,0,0 '
Received from ('fd00::200:0:0:15', 8765, 0, 0): b' 1237,21,16,1280,10,202,4,3,5,1,1,-70,0,807,9022,74,0,0 '
Received from ('fd00::200:0:0:8', 8765, 0, 0): b' 1239,8,3,768,0,237,9,5,7,1,2,-70,2,1294,20105,80,0,0 '
Received from ('fd00::200:0:0:b', 8765, 0, 0): b' 1239,11,3,768,30,195,8,6,7,1,1,-95,10,2247,15826,81,0,0 '
Received from ('fd00::200:0:0:11', 8765, 0, 0): b' 1239,17,16,1280,0,214,4,4,7,1,1,-52,0,456,4827,74,0,0 '
Received from ('fd00::200:0:0:13', 8765, 0, 0): b' 1240,19,16,1280,0,204,4,3,7,1,1,-70,0,409,6565,70,0,0 '
Received from ('fd00::200:0:0:12', 8765, 0, 0): b' 1239,18,14,1280,0,228,6,4,5,1,1,-52,0,489,8886,68,0,0 '
Received from ('fd00::200:0:0:7', 8765, 0, 0): b' 1241,7,4,768,0,154,8,3,7,1,3,-70,0,643,7081,65,0,0 '
Received from ('fd00::200:0:0:f', 8765, 0, 0): b' 1240,15,11,1024,0,185,5,11,7,1,2,-52,0,387,5971,46,0,0 '
Received from ('fd00::200:0:0:9', 8765, 0, 0): b' 1242,9,5,768,0,205,9,4,7,1,2,-52,0,634,9434,68,0,0 '
Received from ('fd00::200:0:0:d', 8765, 0, 0): b' 1241,13,8,1024,0,213,8,3,7,1,2,-70,0,827,11815,77,0,0 '
Received from ('fd00::200:0:0:2', 8765, 0, 0): b' 1242,2,1,512,0,240,13,1,6,1,1,-88,0,827,11045,83,0,0 '
Received from ('fd00::200:0:0:c', 8765, 0, 0): b' 1242,12,11,1024,0,239,10,7,7,1,3,-52,0,747,16518,78,0,0 '
Received from ('fd00::200:0:0:14', 8765, 0, 0): b' 1241,20,16,1280,0,195,6,8,7,1,2,-52,0,572,7474,50,0,0 '
Received from ('fd00::200:0:0:5', 8765, 0, 0): b' 1244,5,1,512,0,224,13,1,6,1,1,-94,1,901,16576,82,0,0 '
Received from ('fd00::200:0:0:4', 8765, 0, 0): b' 1244,4,1,512,10,205,12,2,7,1,1,-66,1,978,14000,83,0,0 '
Received from ('fd00::200:0:0:e', 8765, 0, 0): b' 1242,14,11,1024,0,219,9,3,7,1,2,-70,1,956,11088,71,0,0 '
Received from ('fd00::200:0:0:8', 8765, 0, 0): b' 1245,8,3,768,0,238,9,5,7,1,2,-70,2,727,10288,81,0,0 '
Received from ('fd00::200:0:0:10', 8765, 0, 0): b' 1244,16,11,1024,0,194,8,8,7,1,2,-70,4,2526,23635,76,0,0 '
Received from ('fd00::200:0:0:13', 8765, 0, 0): b' 1244,19,16,1280,0,207,4,3,7,1,1,-70,0,575,4782,70,0,0 '
Received from ('fd00::200:0:0:1', 5678, 0, 0): b' 1248,1,0,256,0,23,0,0,4,0,0,0,10,2538,29182,1446,0,0 '
Received from ('fd00::200:0:0:a', 8765, 0, 0): b' 1246,10,11,1024,0,221,6,5,7,1,1,-52,0,619,8257,73,0,0 '
Received from ('fd00::200:0:0:3', 8765, 0, 0): b' 1248,3,1,512,10,210,12,10,7,2,1,-64,10,5382,32339,83,0,0 '
Received from ('fd00::200:0:0:14', 8765, 0, 0): b' 1246,20,16,1280,0,200,6,8,7,1,2,-52,0,789,5748,50,0,0 '
Received from ('fd00::200:0:0:15', 8765, 0, 0): b' 1247,21,16,1280,0,205,4,3,5,1,1,-70,0,829,12151,75,0,0 '
Received from ('fd00::200:0:0:6', 8765, 0, 0): b' 1248,6,3,768,0,224,9,3,7,1,2,-70,0,527,9870,72,0,0 '
Received from ('fd00::200:0:0:12', 8765, 0, 0): b' 1247,18,14,1280,0,228,6,4,5,1,1,-52,0,399,7041,68,0,0 '
Received from ('fd00::200:0:0:f', 8765, 0, 0): b' 1247,15,11,1024,0,186,5,11,7,1,2,-52,0,563,7473,47,0,0 '
Received from ('fd00::200:0:0:13', 8765, 0, 0): b' 1249,19,16,1280,0,209,4,3,7,1,1,-70,0,427,4837,71,0,0 '
Received from ('fd00::200:0:0:e', 8765, 0, 0): b' 1248,14,11,1024,0,220,9,3,7,1,2,-70,1,617,7608,71,0,0 '
Received from ('fd00::200:0:0:9', 8765, 0, 0): b' 1250,9,5,768,0,206,9,4,7,1,2,-52,0,560,7414,69,0,0 '
Received from ('fd00::200:0:0:2', 8765, 0, 0): b' 1251,2,1,512,0,242,13,1,6,1,1,-88,0,590,9991,84,0,0 '
Received from ('fd00::200:0:0:7', 8765, 0, 0): b' 1251,7,4,768,0,155,8,3,7,1,3,-70,0,486,8985,66,0,0 '
Received from ('fd00::200:0:0:b', 8765, 0, 0): b' 1253,11,3,768,10,197,8,6,7,1,1,-95,10,5216,38546,81,0,0 '
Received from ('fd00::200:0:0:10', 8765, 0, 0): b' 1250,16,11,1024,10,195,8,8,7,1,2,-70,4,2042,18180,77,0,0 '
Received from ('fd00::200:0:0:4', 8765, 0, 0): b' 1252,4,1,512,0,209,12,2,7,1,1,-66,1,1071,12556,83,0,0 '
Received from ('fd00::200:0:0:11', 8765, 0, 0): b' 1250,17,16,1280,10,218,4,4,7,1,1,-52,0,703,10093,75,0,0 '
Received from ('fd00::200:0:0:d', 8765, 0, 0): b' 1251,13,8,1024,0,214,8,3,7,1,2,-70,0,614,12330,78,0,0 '
Received from ('fd00::200:0:0:c', 8765, 0, 0): b' 1253,12,11,1024,10,242,10,7,7,1,3,-52,0,663,16621,79,0,0 '
Received from ('fd00::200:0:0:12', 8765, 0, 0): b' 1252,18,14,1280,0,228,6,4,5,1,1,-52,0,278,5245,68,0,0 '
Received from ('fd00::200:0:0:5', 8765, 0, 0): b' 1255,5,1,512,0,226,13,1,6,1,1,-94,1,1079,16493,83,0,0 '
Received from ('fd00::200:0:0:9', 8765, 0, 0): b' 1254,9,5,768,10,209,9,4,7,1,2,-52,0,566,4774,69,0,0 '
Received from ('fd00::200:0:0:8', 8765, 0, 0): b' 1257,8,3,768,0,242,9,5,7,1,2,-70,2,1371,19809,81,0,0 '
Received from ('fd00::200:0:0:b', 8765, 0, 0): b' 1257,11,3,768,30,199,8,6,7,1,1,-95,10,1948,13661,82,0,0 '
Received from ('fd00::200:0:0:a', 8765, 0, 0): b' 1253,10,11,1024,0,222,6,5,7,1,1,-52,0,562,7659,74,0,0 '
Received from ('fd00::200:0:0:1', 5678, 0, 0): b' 1259,1,0,256,0,23,0,0,4,0,0,0,10,2614,29057,1461,0,0 '
Received from ('fd00::200:0:0:15', 8765, 0, 0): b' 1257,21,16,1280,0,207,4,3,5,1,1,-70,0,694,12004,76,0,0 '
Received from ('fd00::200:0:0:3', 8765, 0, 0): b' 1259,3,1,512,10,211,12,10,7,2,1,-64,10,5049,30997,83,0,0 '
Received from ('fd00::200:0:0:d', 8765, 0, 0): b' 1257,13,8,1024,0,215,8,3,7,1,2,-70,0,385,7007,78,0,0 '
Received from ('fd00::200:0:0:c', 8765, 0, 0): b' 1258,12,11,1024,0,243,10,7,7,1,3,-52,0,449,7136,79,0,0 '
Received from ('fd00::200:0:0:11', 8765, 0, 0): b' 1257,17,16,1280,10,221,4,4,7,1,1,-52,0,861,7572,76,0,0 '
Received from ('fd00::200:0:0:6', 8765, 0, 0): b' 1259,6,3,768,0,229,9,3,7,1,2,-70,0,1029,10749,73,0,0 '
Received from ('fd00::200:0:0:14', 8765, 0, 0): b' 1257,20,16,1280,0,205,6,8,7,1,2,-52,0,931,11156,51,0,0 '
Received from ('fd00::200:0:0:f', 8765, 0, 0): b' 1258,15,11,1024,0,190,5,11,7,1,2,-52,0,846,9912,47,0,0 '
Received from ('fd00::200:0:0:5', 8765, 0, 0): b' 1260,5,1,512,0,227,13,1,6,1,1,-94,1,729,8593,83,0,0 '
Received from ('fd00::200:0:0:13', 8765, 0, 0): b' 1259,19,16,1280,0,212,4,3,7,1,1,-70,0,744,9640,71,0,0 '
Received from ('fd00::200:0:0:e', 8765, 0, 0): b' 1259,14,11,1024,0,224,9,3,7,1,2,-70,1,1287,14248,72,0,0 '
Received from ('fd00::200:0:0:2', 8765, 0, 0): b' 1262,2,1,512,0,246,13,1,6,1,1,-88,0,918,13141,85,0,0 '
Received from ('fd00::200:0:0:4', 8765, 0, 0): b' 1262,4,1,512,0,213,12,2,7,1,1,-66,1,1179,15905,84,0,0 '
Received from ('fd00::200:0:0:7', 8765, 0, 0): b' 1262,7,4,768,0,159,8,3,7,1,3,-70,0,945,11280,66,0,0 '
Received from ('fd00::200:0:0:10', 8765, 0, 0): b' 1259,16,11,1024,0,198,8,8,7,1,2,-70,4,2536,24223,78,0,0 '
Received from ('fd00::200:0:0:d', 8765, 0, 0): b' 1261,13,8,1024,0,217,8,3,7,1,2,-70,0,467,5402,78,0,0 '
Received from ('fd00::200:0:0:12', 8765, 0, 0): b' 1260,18,14,1280,0,228,6,4,5,1,1,-52,0,334,6423,69,0,0 '
Received from ('fd00::200:0:0:b', 8765, 0, 0): b' 1265,11,3,768,40,204,8,6,7,1,1,-95,10,3940,26572,82,0,0 '
Received from ('fd00::200:0:0:3', 8765, 0, 0): b' 1264,3,1,512,0,212,12,10,7,2,1,-64,10,3065,15675,84,0,0 '
Received from ('fd00::200:0:0:9', 8765, 0, 0): b' 1264,9,5,768,0,211,9,4,7,1,2,-52,0,594,8988,70,0,0 '
Received from ('fd00::200:0:0:14', 8765, 0, 0): b' 1262,20,16,1280,0,207,6,8,7,1,2,-52,0,469,4143,51,0,0 '
Received from ('fd00::200:0:0:11', 8765, 0, 0): b' 1262,17,16,1280,0,221,4,4,7,1,1,-52,0,279,4746,76,0,0 '
Received from ('fd00::200:0:0:1', 5678, 0, 0): b' 1265,1,0,256,0,23,0,0,4,0,0,0,10,1774,18598,1468,0,0 '
Received from ('fd00::200:0:0:a', 8765, 0, 0): b' 1264,10,11,1024,0,226,6,5,7,1,1,-52,0,851,10119,74,0,0 '
Received from ('fd00::200:0:0:8', 8765, 0, 0): b' 1267,8,3,768,10,247,9,5,7,1,2,-70,2,1438,17788,82,0,0 '
Received from ('fd00::200:0:0:e', 8765, 0, 0): b' 1266,14,11,1024,0,228,9,3,7,1,2,-70,1,1229,9866,72,0,0 '
Received from ('fd00::200:0:0:4', 8765, 0, 0): b' 1267,4,1,512,10,214,12,2,7,1,1,-66,1,694,8535,84,0,0 '
Received from ('fd00::200:0:0:d', 8765, 0, 0): b' 1268,13,8,1024,0,219,8,3,7,1,2,-70,0,426,5737,79,0,0 '
Received from ('fd00::200:0:0:f', 8765, 0, 0): b' 1266,15,11,1024,0,194,5,11,7,1,2,-52,0,787,8305,48,0,0 '
Received from ('fd00::200:0:0:11', 8765, 0, 0): b' 1267,17,16,1280,0,223,4,4,7,1,1,-52,0,468,4510,76,0,0 '
Received from ('fd00::200:0:0:14', 8765, 0, 0): b' 1266,20,16,1280,0,209,6,8,7,1,2,-52,0,548,4968,52,0,0 '
Received from ('fd00::200:0:0:7', 8765, 0, 0): b' 1268,7,4,768,0,160,8,3,7,1,3,-70,0,533,6589,67,0,0 '
Received from ('fd00::200:0:0:9', 8765, 0, 0): b' 1268,9,5,768,10,213,9,4,7,1,2,-52,0,465,4669,70,0,0 '
Received from ('fd00::200:0:0:12', 8765, 0, 0): b' 1267,18,14,1280,0,233,6,4,5,1,1,-52,0,837,7573,69,0,0 '
Received from ('fd00::200:0:0:2', 8765, 0, 0): b' 1270,2,1,512,0,251,13,1,6,1,1,-88,0,933,10321,85,0,0 '
Received from ('fd00::200:0:0:3', 8765, 0, 0): b' 1270,3,1,512,10,213,12,10,7,2,1,-64,10,2920,17586,84,0,0 '
Received from ('fd00::200:0:0:6', 8765, 0, 0): b' 1271,6,3,768,0,233,9,3,7,1,2,-70,0,809,10265,74,0,0 '
Received from ('fd00::200:0:0:b', 8765, 0, 0): b' 1271,11,3,768,30,204,8,6,7,1,1,-95,10,2616,20581,83,0,0 '
Received from ('fd00::200:0:0:1', 5678, 0, 0): b' 1271,1,0,256,0,23,0,0,4,0,0,0,10,1591,15972,1477,0,0 '
Received from ('fd00::200:0:0:13', 8765, 0, 0): b' 1268,19,16,1280,0,212,4,3,7,1,1,-70,0,479,8661,72,0,0 '
Received from ('fd00::200:0:0:15', 8765, 0, 0): b' 1269,21,16,1280,10,209,4,3,5,1,1,-70,0,690,13889,76,0,0 '
Received from ('fd00::200:0:0:8', 8765, 0, 0): b' 1272,8,3,768,0,250,9,5,7,1,2,-70,2,1161,10960,82,0,0 '
Received from ('fd00::200:0:0:4', 8765, 0, 0): b' 1272,4,1,512,0,215,12,2,7,1,1,-66,1,742,7144,85,0,0 '
Received from ('fd00::200:0:0:c', 8765, 0, 0): b' 1270,12,11,1024,10,246,10,7,7,1,3,-52,0,746,17056,80,0,0 '
Received from ('fd00::200:0:0:d', 8765, 0, 0): b' 1273,13,8,1024,10,222,8,3,7,1,2,-70,0,519,5879,79,0,0 '
Received from ('fd00::200:0:0:5', 8765, 0, 0): b' 1271,5,1,512,0,229,13,1,6,1,1,-94,1,1247,17514,84,0,0 '
Received from ('fd00::200:0:0:10', 8765, 0, 0): b' 1274,16,11,1024,0,201,8,9,7,1,2,-70,4,2943,29618,78,0,0 '
Received from ('fd00::200:0:0:7', 8765, 0, 0): b' 1273,7,4,768,0,160,8,3,7,1,3,-70,0,251,4598,67,0,0 '
Received from ('fd00::200:0:0:f', 8765, 0, 0): b' 1274,15,11,1024,0,197,5,11,7,1,2,-52,0,768,6446,48,0,0 '
Received from ('fd00::200:0:0:a', 8765, 0, 0): b' 1276,10,11,1024,0,229,6,5,7,1,1,-52,0,801,9127,75,0,0 '
Received from ('fd00::200:0:0:6', 8765, 0, 0): b' 1275,6,3,768,20,235,9,3,7,1,2,-70,0,466,5311,74,0,0 '
Received from ('fd00::200:0:0:13', 8765, 0, 0): b' 1274,19,16,1280,0,214,4,3,7,1,1,-70,0,492,5938,72,0,0 '
Received from ('fd00::200:0:0:e', 8765, 0, 0): b' 1278,14,11,1024,0,231,9,3,7,1,2,-70,1,1112,12768,73,0,0 '
Received from ('fd00::200:0:0:11', 8765, 0, 0): b' 1277,17,16,1280,0,224,4,4,7,1,1,-52,0,489,8952,77,0,0 '
Received from ('fd00::200:0:0:1', 5678, 0, 0): b' 1278,1,0,256,0,23,0,0,4,0,0,0,10,2098,19873,1488,0,0 '
Received from ('fd00::200:0:0:c', 8765, 0, 0): b' 1280,12,11,1024,0,249,10,7,7,1,3,-52,0,831,12673,80,0,0 '
Received from ('fd00::200:0:0:b', 8765, 0, 0): b' 1279,11,3,768,0,204,8,6,7,1,1,-95,10,3782,28111,83,0,0 '
Received from ('fd00::200:0:0:8', 8765, 0, 0): b' 1279,8,3,768,0,251,9,5,7,1,2,-70,2,780,13163,83,0,0 '
Received from ('fd00::200:0:0:14', 8765, 0, 0): b' 1277,20,16,1280,0,212,6,8,7,1,2,-52,0,744,9829,52,0,0 '
Received from ('fd00::200:0:0:9', 8765, 0, 0): b' 1278,9,5,768,0,214,9,4,7,1,2,-52,0,584,9154,71,0,0 '
Received from ('fd00::200:0:0:2', 8765, 0, 0): b' 1279,2,1,512,0,255,13,1,6,1,1,-88,0,829,11926,86,0,0 '
Received from ('fd00::200:0:0:3', 8765, 0, 0): b' 1279,3,1,512,0,217,12,10,7,2,1,-64,10,5245,28859,85,0,0 '
Received from ('fd00::200:0:0:7', 8765, 0, 0): b' 1280,7,4,768,0,163,8,3,7,1,3,-70,0,596,6359,67,0,0 '
Received from ('fd00::200:0:0:12', 8765, 0, 0): b' 1278,18,14,1280,0,236,6,4,5,1,1,-52,0,824,10983,70,0,0 '
Received from ('fd00::200:0:0:15', 8765, 0, 0): b' 1279,21,16,1280,0,212,4,3,5,1,1,-70,0,854,12727,77,0,0 '
Received from ('fd00::200:0:0:5', 8765, 0, 0): b' 1282,5,1,512,0,235,13,1,6,1,1,-94,1,1607,17167,85,0,0 '
Received from ('fd00::200:0:0:4', 8765, 0, 0): b' 1283,4,1,512,0,221,12,2,7,1,1,-66,1,1889,19137,85,0,0 '
Received from ('fd00::200:0:0:f', 8765, 0, 0): b' 1283,15,11,1024,0,199,5,11,7,1,2,-52,0,736,9729,49,0,0 '
Received from ('fd00::200:0:0:10', 8765, 0, 0): b' 1283,16,11,1024,0,203,8,9,7,1,2,-70,4,2629,29564,79,0,0 '
Received from ('fd00::200:0:0:d', 8765, 0, 0): b' 1285,13,8,1024,10,223,8,3,7,1,2,-70,0,708,14215,80,0,0 '
Received from ('fd00::200:0:0:b', 8765, 0, 0): b' 1283,11,3,768,20,205,8,6,7,1,1,-95,10,2191,18519,83,0,0 '
Received from ('fd00::200:0:0:9', 8765, 0, 0): b' 1284,9,5,768,0,215,9,4,7,1,2,-52,0,382,5975,71,0,0 '
Received from ('fd00::200:0:0:6', 8765, 0, 0): b' 1285,6,3,768,0,239,9,3,7,1,2,-70,0,905,10393,75,0,0 '
Received from ('fd00::200:0:0:14', 8765, 0, 0): b' 1283,20,16,1280,0,215,6,8,7,1,2,-52,0,655,6207,53,0,0 '
Received from ('fd00::200:0:0:1', 5678, 0, 0): b' 1286,1,0,256,0,23,0,0,4,0,0,0,10,1815,20340,1497,0,0 '
Received from ('fd00::200:0:0:7', 8765, 0, 0): b' 1286,7,4,768,0,164,8,3,7,1,3,-70,0,438,6176,68,0,0 '
Received from ('fd00::200:0:0:15', 8765, 0, 0): b' 1284,21,16,1280,0,212,4,3,5,1,1,-70,0,255,5396,77,0,0 '
Received from ('fd00::200:0:0:8', 8765, 0, 0): b' 1286,8,3,768,0,251,9,5,7,1,2,-70,2,833,14485,83,0,0 '
Received from ('fd00::200:0:0:13', 8765, 0, 0): b' 1284,19,16,1280,0,215,4,3,7,1,1,-70,0,586,9798,73,0,0 '
Received from ('fd00::200:0:0:a', 8765, 0, 0): b' 1288,10,11,1024,0,233,6,5,7,1,1,-52,0,925,11799,76,0,0 '
Received from ('fd00::200:0:0:2', 8765, 0, 0): b' 1287,2,1,512,0,258,13,1,6,1,1,-88,0,789,10238,86,0,0 '
Received from ('fd00::200:0:0:e', 8765, 0, 0): b' 1286,14,11,1024,10,234,9,3,7,1,2,-70,1,1244,12879,74,0,0 '
Received from ('fd00::200:0:0:5', 8765, 0, 0): b' 1288,5,1,512,20,237,13,1,6,1,1,-94,1,730,8133,85,0,0 '
Received from ('fd00::200:0:0:4', 8765, 0, 0): b' 1289,4,1,512,0,223,12,2,7,1,1,-66,1,795,9529,86,0,0 '
Received from ('fd00::200:0:0:f', 8765, 0, 0): b' 1288,15,11,1024,10,203,5,11,7,1,2,-52,0,683,5710,49,0,0 '
Received from ('fd00::200:0:0:3', 8765, 0, 0): b' 1290,3,1,512,0,221,12,10,7,2,1,-64,10,4938,30605,85,0,0 '
Received from ('fd00::200:0:0:10', 8765, 0, 0): b' 1289,16,11,1024,10,203,8,9,7,1,2,-70,4,1416,14098,79,0,0 '
Received from ('fd00::200:0:0:11', 8765, 0, 0): b' 1288,17,16,1280,0,230,4,4,7,1,1,-52,0,1145,11374,78,0,0 '
Received from ('fd00::200:0:0:1', 5678, 0, 0): b' 1291,1,0,256,0,23,0,0,4,0,0,0,10,1179,13187,1503,0,0 '
Received from ('fd00::200:0:0:b', 8765, 0, 0): b' 1291,11,3,768,20,207,8,6,7,1,1,-95,10,3113,21778,84,0,0 '
Received from ('fd00::200:0:0:c', 8765, 0, 0): b' 1291,12,11,1024,10,257,10,7,7,1,3,-52,0,1513,15713,81,0,0 '
Received from ('fd00::200:0:0:e', 8765, 0, 0): b' 1290,14,11,1024,10,235,9,3,7,1,2,-70,1,421,5179,74,0,0 '
Received from ('fd00::200:0:0:12', 8765, 0, 0): b' 1290,18,14,1280,0,238,6,4,5,1,1,-52,0,694,10395,71,0,0 '
Received from ('fd00::200:0:0:8', 8765, 0, 0): b' 1293,8,3,768,0,251,9,5,7,1,2,-70,2,681,12068,84,0,0 '
Received from ('fd00::200:0:0:15', 8765, 0, 0): b' 1292,21,16,1280,0,215,4,3,5,1,1,-70,0,707,9840,78,0,0 '
Received from ('fd00::200:0:0:13', 8765, 0, 0): b' 1292,19,16,1280,0,217,4,3,7,1,1,-70,0,572,7912,74,0,0 '
Received from ('fd00::200:0:0:d', 8765, 0, 0): b' 1295,13,8,1024,0,229,8,3,7,1,2,-70,0,1173,13459,80,0,0 '
Received from ('fd00::200:0:0:4', 8765, 0, 0): b' 1294,4,1,512,10,223,12,2,7,1,1,-66,1,364,8114,86,0,0 '
Received from ('fd00::200:0:0:10', 8765, 0, 0): b' 1295,16,11,1024,0,205,8,9,7,1,2,-70,4,1799,16703,80,0,0 '
Received from ('fd00::200:0:0:c', 8765, 0, 0): b' 1297,12,11,1024,0,260,10,7,7,1,3,-52,0,628,8746,81,0,0 '
Received from ('fd00::200:0:0:5', 8765, 0, 0): b' 1295,5,1,512,20,238,13,1,6,1,1,-94,1,827,12361,86,0,0 '
Received from ('fd00::200:0:0:9', 8765, 0, 0): b' 1296,9,5,768,0,216,9,4,7,1,2,-52,0,607,10173,72,0,0 '
Received from ('fd00::200:0:0:f', 8765, 0, 0): b' 1295,15,11,1024,0,205,5,11,7,1,2,-52,0,671,7315,50,0,0 '
Received from ('fd00::200:0:0:7', 8765, 0, 0): b' 1296,7,4,768,0,166,8,3,7,1,3,-70,0,690,10049,69,0,0 '
Received from ('fd00::200:0:0:14', 8765, 0, 0): b' 1296,20,16,1280,0,218,6,8,7,1,2,-52,0,894,11452,54,0,0 '
Received from ('fd00::200:0:0:6', 8765, 0, 0): b' 1297,6,3,768,10,244,9,3,7,1,2,-70,0,929,11438,76,0,0 '
Received from ('fd00::200:0:0:a', 8765, 0, 0): b' 1298,10,11,1024,0,239,6,5,7,1,1,-52,0,1066,10394,76,0,0 '
Received from ('fd00::200:0:0:b', 8765, 0, 0): b' 1298,11,3,768,30,207,8,6,7,1,1,-95,10,2971,22137,84,0,0 '
Received from ('fd00::200:0:0:12', 8765, 0, 0): b' 1296,18,14,1280,0,239,6,4,5,1,1,-52,0,386,5641,71,0,0 '
Received from ('fd00::200:0:0:11', 8765, 0, 0): b' 1297,17,16,1280,0,231,4,4,7,1,1,-52,0,508,7925,78,0,0 '
Received from ('fd00::200:0:0:2', 8765, 0, 0): b' 1299,2,1,512,0,262,13,1,6,1,1,-88,0,949,14593,87,0,0 '
Received from ('fd00::200:0:0:13', 8765, 0, 0): b' 1297,19,16,1280,0,218,4,3,7,1,1,-70,0,361,3877,74,0,0 '
Received from ('fd00::200:0:0:e', 8765, 0, 0): b' 1297,14,11,1024,0,236,9,3,7,1,2,-70,1,845,9266,74,0,0 '
Received from ('fd00::200:0:0:5', 8765, 0, 0): b' 1300,5,1,512,10,240,13,1,6,1,1,-94,1,544,6893,86,0,0 '
Received from ('fd00::200:0:0:1', 5678, 0, 0): b' 1301,1,0,256,0,23,0,0,4,0,0,0,10,2609,26894,1515,0,0 '
Received from ('fd00::200:0:0:3', 8765, 0, 0): b' 1301,3,1,512,10,225,12,10,7,2,1,-64,10,5995,34110,86,0,0 '
Received from ('fd00::200:0:0:8', 8765, 0, 0): b' 1301,8,3,768,0,253,9,5,7,1,2,-70,2,1037,14931,84,0,0 '
Received from ('fd00::200:0:0:4', 8765, 0, 0): b' 1302,4,1,512,0,226,12,2,7,1,1,-66,1,1096,12194,87,0,0 '
Received from ('fd00::200:0:0:7', 8765, 0, 0): b' 1303,7,4,768,0,169,8,3,7,1,3,-70,0,687,7185,69,0,0 '
Received from ('fd00::200:0:0:d', 8765, 0, 0): b' 1303,13,8,1024,0,231,8,3,7,1,2,-70,0,698,10327,81,0,0 '
Received from ('fd00::200:0:0:9', 8765, 0, 0): b' 1304,9,5,768,0,218,9,4,7,1,2,-52,0,570,7725,73,0,0 '
Received from ('fd00::200:0:0:a', 8765, 0, 0): b' 1305,10,11,1024,0,243,6,5,7,1,1,-52,0,764,7264,77,0,0 '
Received from ('fd00::200:0:0:c', 8765, 0, 0): b' 1305,12,11,1024,10,263,10,7,7,1,3,-52,0,601,9329,82,0,0 '
Received from ('fd00::200:0:0:15', 8765, 0, 0): b' 1303,21,16,1280,0,217,4,3,5,1,1,-70,0,763,12765,79,0,0 '
Received from ('fd00::200:0:0:14', 8765, 0, 0): b' 1304,20,16,1280,0,220,6,8,7,1,2,-52,0,518,7471,54,0,0 '
Received from ('fd00::200:0:0:10', 8765, 0, 0): b' 1304,16,11,1024,0,206,8,9,7,1,2,-70,4,2274,22821,80,0,0 '
Received from ('fd00::200:0:0:b', 8765, 0, 0): b' 1306,11,3,768,10,211,8,6,7,1,1,-95,10,4088,27558,85,0,0 '
Received from ('fd00::200:0:0:6', 8765, 0, 0): b' 1306,6,3,768,0,245,9,3,7,1,2,-70,0,706,8753,76,0,0 '
Received from ('fd00::200:0:0:8', 8765, 0, 0): b' 1305,8,3,768,0,255,9,5,7,1,2,-70,2,892,9902,85,0,0 '
Received from ('fd00::200:0:0:f', 8765, 0, 0): b' 1307,15,11,1024,0,211,5,11,7,1,2,-52,0,1212,11608,51,0,0 '
Received from ('fd00::200:0:0:4', 8765, 0, 0): b' 1308,4,1,512,0,228,12,2,7,1,1,-66,1,776,9185,87,0,0 '
Received from ('fd00::200:0:0:e', 8765, 0, 0): b' 1307,14,11,1024,10,239,9,3,7,1,2,-70,1,955,11473,75,0,0 '
Received from ('fd00::200:0:0:9', 8765, 0, 0): b' 1307,9,5,768,0,219,9,4,7,1,2,-52,0,358,3820,73,0,0 '
Received from ('fd00::200:0:0:13', 8765, 0, 0): b' 1306,19,16,1280,0,220,4,3,7,1,1,-70,0,637,8692,74,0,0 '
Received from ('fd00::200:0:0:12', 8765, 0, 0): b' 1307,18,14,1280,0,241,6,4,5,1,1,-52,0,814,10253,72,0,0 '
Received from ('fd00::200:0:0:10', 8765, 0, 0): b' 1308,16,11,1024,20,208,8,9,7,1,2,-70,4,1206,10805,81,0,0 '
Received from ('fd00::200:0:0:7', 8765, 0, 0): b' 1308,7,4,768,0,171,8,3,7,1,3,-70,0,489,5570,69,0,0 '
Received from ('fd00::200:0:0:3', 8765, 0, 0): b' 1309,3,1,512,10,228,12,10,7,2,1,-64,10,4292,23849,87,0,0 '
Received from ('fd00::200:0:0:11', 8765, 0, 0): b' 1307,17,16,1280,0,238,4,4,7,1,1,-52,0,1252,11109,79,0,0 '
Received from ('fd00::200:0:0:5', 8765, 0, 0): b' 1309,5,1,512,0,242,13,1,6,1,1,-94,1,1332,15477,87,0,0 '
Received from ('fd00::200:0:0:15', 8765, 0, 0): b' 1309,21,16,1280,0,218,4,3,5,1,1,-70,0,414,7302,79,0,0 '
Received from ('fd00::200:0:0:2', 8765, 0, 0): b' 1310,2,1,512,0,264,13,1,6,1,1,-88,0,735,13548,88,0,0 '
Received from ('fd00::200:0:0:6', 8765, 0, 0): b' 1311,6,3,768,0,245,9,3,7,1,2,-70,0,307,4405,77,0,0 '
Received from ('fd00::200:0:0:a', 8765, 0, 0): b' 1313,10,11,1024,0,246,6,5,7,1,1,-52,0,693,7602,77,0,0 '
Received from ('fd00::200:0:0:1', 5678, 0, 0): b' 1312,1,0,256,0,23,0,0,4,0,0,0,10,2808,30162,1531,0,0 '
Received from ('fd00::200:0:0:d', 8765, 0, 0): b' 1311,13,8,1024,10,235,8,3,7,1,2,-70,0,815,10530,82,0,0 '
Received from ('fd00::200:0:0:f', 8765, 0, 0): b' 1313,15,11,1024,0,213,5,11,7,1,2,-52,0,496,5992,51,0,0 '
Received from ('fd00::200:0:0:8', 8765, 0, 0): b' 1313,8,3,768,0,255,9,5,7,1,2,-70,2,741,12546,85,0,0 '
Received from ('fd00::200:0:0:13', 8765, 0, 0): b' 1313,19,16,1280,0,222,4,3,7,1,1,-70,0,548,6193,75,0,0 '
Received from ('fd00::200:0:0:b', 8765, 0, 0): b' 1314,11,3,768,10,212,8,6,7,1,1,-95,10,3474,26745,85,0,0 '
Received from ('fd00::200:0:0:7', 8765, 0, 0): b' 1315,7,4,768,0,174,8,3,7,1,3,-70,0,652,6363,70,0,0 '
Received from ('fd00::200:0:0:c', 8765, 0, 0): b' 1316,12,11,1024,0,267,10,7,7,1,3,-52,0,1044,13317,83,0,0 '
Received from ('fd00::200:0:0:14', 8765, 0, 0): b' 1314,20,16,1280,0,223,6,8,7,1,2,-52,0,800,9806,55,0,0 '
Received from ('fd00::200:0:0:2', 8765, 0, 0): b' 1316,2,1,512,0,265,13,1,6,1,1,-88,0,384,7214,88,0,0 '
Received from ('fd00::200:0:0:9', 8765, 0, 0): b' 1316,9,5,768,0,223,9,4,7,1,2,-52,0,824,8825,73,0,0 '
Received from ('fd00::200:0:0:4', 8765, 0, 0): b' 1317,4,1,512,0,228,12,2,7,1,1,-66,1,1150,14775,88,0,0 '
Received from ('fd00::200:0:0:e', 8765, 0, 0): b' 1315,14,11,1024,0,242,9,3,7,1,2,-70,1,1225,11857,76,0,0 '
Received from ('fd00::200:0:0:11', 8765, 0, 0): b' 1315,17,16,1280,10,242,4,4,7,1,1,-52,0,658,7260,80,0,0 '
Received from ('fd00::200:0:0:a', 8765, 0, 0): b' 1319,10,11,1024,0,247,6,5,7,1,1,-52,0,538,6028,78,0,0 '
Received from ('fd00::200:0:0:5', 8765, 0, 0): b' 1317,5,1,512,10,242,13,1,6,1,1,-94,1,743,11952,87,0,0 '
Received from ('fd00::200:0:0:d', 8765, 0, 0): b' 1317,13,8,1024,10,238,8,3,7,1,2,-70,0,493,7325,82,0,0 '
Received from ('fd00::200:0:0:12', 8765, 0, 0): b' 1317,18,14,1280,0,244,6,4,5,1,1,-52,0,801,9741,73,0,0 '
Received from ('fd00::200:0:0:6', 8765, 0, 0): b' 1319,6,3,768,0,248,9,3,7,1,2,-70,0,620,7868,77,0,0 '
Received from ('fd00::200:0:0:10', 8765, 0, 0): b' 1319,16,11,1024,0,214,8,9,7,1,2,-70,4,3050,27655,81,0,0 '
Received from ('fd00::200:0:0:3', 8765, 0, 0): b' 1319,3,1,512,10,230,12,10,7,2,1,-64,10,5270,30839,87,0,0 '
Received from ('fd00::200:0:0:13', 8765, 0, 0): b' 1318,19,16,1280,0,224,4,3,7,1,1,-70,0,558,5820,75,0,0 '
Received from ('fd00::200:0:0:14', 8765, 0, 0): b' 1320,20,16,1280,0,223,6,8,7,1,2,-52,0,278,5427,55,0,0 '
Received from ('fd00::200:0:0:8', 8765, 0, 0): b' 1320,8,3,768,0,259,9,5,7,1,2,-70,2,1196,13889,86,0,0 '
Received from ('fd00::200:0:0:b', 8765, 0, 0): b' 1321,11,3,768,0,213,8,6,7,1,1,-95,10,3153,22520,86,0,0 '
Received from ('fd00::200:0:0:11', 8765, 0, 0): b' 1321,17,16,1280,0,243,4,4,7,1,1,-52,0,493,5722,80,0,0 '
Received from ('fd00::200:0:0:1', 5678, 0, 0): b' 1322,1,0,256,0,23,0,0,4,0,0,0,10,2368,27237,1543,0,0 '
Received from ('fd00::200:0:0:15', 8765, 0, 0): b' 1321,21,16,1280,0,221,4,3,5,1,1,-70,0,922,14513,80,0,0 '
Received from ('fd00::200:0:0:9', 8765, 0, 0): b' 1322,9,5,768,0,224,9,4,7,1,2,-52,0,438,5476,74,0,0 '
Received from ('fd00::200:0:0:7', 8765, 0, 0): b' 1322,7,4,768,0,176,8,3,7,1,3,-70,0,610,7852,70,0,0 '
Received from ('fd00::200:0:0:f', 8765, 0, 0): b' 1323,15,11,1024,0,217,5,11,7,1,2,-52,0,902,9978,52,0,0 '
Received from ('fd00::200:0:0:2', 8765, 0, 0): b' 1323,2,1,512,10,270,13,1,6,1,1,-88,0,779,9356,89,0,0 '
Received from ('fd00::200:0:0:12', 8765, 0, 0): b' 1322,18,14,1280,0,245,6,4,5,1,1,-52,0,288,5398,73,0,0 '
Received from ('fd00::200:0:0:d', 8765, 0, 0): b' 1322,13,8,1024,10,238,8,3,7,1,2,-70,0,385,7343,82,0,0 '
Received from ('fd00::200:0:0:a', 8765, 0, 0): b' 1325,10,11,1024,0,250,6,5,7,1,1,-52,0,617,6549,78,0,0 '
Received from ('fd00::200:0:0:13', 8765, 0, 0): b' 1324,19,16,1280,0,225,4,3,7,1,1,-70,0,441,5563,76,0,0 '
Received from ('fd00::200:0:0:c', 8765, 0, 0): b' 1327,12,11,1024,0,269,10,7,7,1,3,-52,0,665,13429,83,0,0 '
Received from ('fd00::200:0:0:e', 8765, 0, 0): b' 1326,14,11,1024,0,244,9,3,7,1,2,-70,1,1129,13154,76,0,0 '
Received from ('fd00::200:0:0:1', 5678, 0, 0): b' 1327,1,0,256,0,23,0,0,4,0,0,0,10,1191,12866,1552,0,0 '
Received from ('fd00::200:0:0:4', 8765, 0, 0): b' 1327,4,1,512,10,232,12,2,7,1,1,-66,1,1170,15913,88,0,0 '
Received from ('fd00::200:0:0:b', 8765, 0, 0): b' 1328,11,3,768,0,215,8,6,7,1,1,-95,10,2976,22368,86,0,0 '
Received from ('fd00::200:0:0:5', 8765, 0, 0): b' 1328,5,1,512,0,246,13,1,6,1,1,-94,1,1348,16937,88,0,0 '
Received from ('fd00::200:0:0:a', 8765, 0, 0): b' 1330,10,11,1024,0,252,6,5,7,1,1,-52,0,468,4670,78,0,0 '
Received from ('fd00::200:0:0:7', 8765, 0, 0): b' 1329,7,4,768,0,177,8,3,7,1,3,-70,0,438,6011,71,0,0 '
Received from ('fd00::200:0:0:3', 8765, 0, 0): b' 1329,3,1,512,10,233,12,10,7,2,1,-64,10,4547,27324,88,0,0 '
Received from ('fd00::200:0:0:8', 8765, 0, 0): b' 1328,8,3,768,0,261,9,5,7,1,2,-70,2,1036,15078,86,0,0 '
Received from ('fd00::200:0:0:14', 8765, 0, 0): b' 1328,20,16,1280,0,225,6,8,7,1,2,-52,0,669,8204,56,0,0 '
Received from ('fd00::200:0:0:11', 8765, 0, 0): b' 1328,17,16,1280,0,243,4,4,7,1,1,-52,0,399,6922,80,0,0 '
Received from ('fd00::200:0:0:6', 8765, 0, 0): b' 1330,6,3,768,0,252,9,3,7,1,2,-70,0,928,11005,78,0,0 '
Received from ('fd00::200:0:0:9', 8765, 0, 0): b' 1330,9,5,768,0,225,9,4,7,1,2,-52,0,406,7431,74,0,0 '
Received from ('fd00::200:0:0:f', 8765, 0, 0): b' 1329,15,11,1024,0,218,5,11,7,1,2,-52,0,386,5436,52,0,0 '
Received from ('fd00::200:0:0:4', 8765, 0, 0): b' 1332,4,1,512,10,233,12,2,7,1,1,-66,1,772,8046,89,0,0 '
Received from ('fd00::200:0:0:10', 8765, 0, 0): b' 1330,16,11,1024,10,218,8,9,7,1,2,-70,4,3392,31297,82,0,0 '
Received from ('fd00::200:0:0:15', 8765, 0, 0): b' 1330,21,16,1280,10,224,4,3,5,1,1,-70,0,721,10221,80,0,0 '
Received from ('fd00::200:0:0:12', 8765, 0, 0): b' 1332,18,14,1280,0,247,6,4,5,1,1,-52,0,669,8220,74,0,0 '
Received from ('fd00::200:0:0:7', 8765, 0, 0): b' 1334,7,4,768,0,177,8,4,7,1,3,-70,0,279,4621,71,0,0 '
Received from ('fd00::200:0:0:8', 8765, 0, 0): b' 1334,8,3,768,10,261,9,5,7,1,2,-70,2,366,8601,86,0,0 '
Received from ('fd00::200:0:0:2', 8765, 0, 0): b' 1334,2,1,512,0,272,13,1,6,1,1,-88,0,768,13458,89,0,0 '
Received from ('fd00::200:0:0:6', 8765, 0, 0): b' 1334,6,3,768,0,253,9,3,7,1,2,-70,0,359,4273,78,0,0 '
Received from ('fd00::200:0:0:3', 8765, 0, 0): b' 1336,3,1,512,20,236,12,10,7,2,1,-64,10,3299,19185,88,0,0 '
Received from ('fd00::200:0:0:14', 8765, 0, 0): b' 1334,20,16,1280,0,226,6,8,7,1,2,-52,0,385,5752,56,0,0 '
Received from ('fd00::200:0:0:d', 8765, 0, 0): b' 1334,13,8,1024,0,241,8,3,7,1,2,-70,0,949,14102,83,0,0 '
Received from ('fd00::200:0:0:c', 8765, 0, 0): b' 1337,12,11,1024,20,274,10,7,7,1,3,-52,0,1081,12588,84,0,0 '
Received from ('fd00::200:0:0:13', 8765, 0, 0): b' 1335,19,16,1280,0,228,4,3,7,1,1,-70,0,744,10144,76,0,0 '
Received from ('fd00::200:0:0:1', 5678, 0, 0): b' 1336,1,0,256,0,23,0,0,4,0,0,0,10,2508,25903,1563,0,0 '
Received from ('fd00::200:0:0:5', 8765, 0, 0): b' 1336,5,1,512,10,250,13,1,6,1,1,-94,1,992,12565,88,0,0 '
Received from ('fd00::200:0:0:b', 8765, 0, 0): b' 1337,11,3,768,0,219,8,6,7,1,1,-95,10,4206,30558,87,0,0 '
Received from ('fd00::200:0:0:e', 8765, 0, 0): b' 1337,14,11,1024,0,247,9,3,7,1,2,-70,1,1416,15261,77,0,0 '
Received from ('fd00::200:0:0:7', 8765, 0, 0): b' 1338,7,4,768,0,178,8,4,7,1,3,-70,0,358,4314,71,0,0 '
Received from ('fd00::200:0:0:a', 8765, 0, 0): b' 1340,10,11,1024,0,253,6,5,7,1,1,-52,0,489,9452,79,0,0 '
Received from ('fd00::200:0:0:9', 8765, 0, 0): b' 1338,9,5,768,0,227,9,4,7,1,2,-52,0,666,8094,75,0,0 '
Received from ('fd00::200:0:0:f', 8765, 0, 0): b' 1339,15,11,1024,0,220,5,11,7,1,2,-52,0,694,10012,53,0,0 '
Received from ('fd00::200:0:0:15', 8765, 0, 0): b' 1338,21,16,1280,0,228,4,3,5,1,1,-70,0,931,11185,81,0,0 '
Received from ('fd00::200:0:0:11', 8765, 0, 0): b' 1339,17,16,1280,10,248,4,4,7,1,1,-52,0,1008,10873,81,0,0 '
Received from ('fd00::200:0:0:3', 8765, 0, 0): b' 1341,3,1,512,0,238,12,10,7,2,1,-64,10,3128,16870,89,0,0 '
Received from ('fd00::200:0:0:12', 8765, 0, 0): b' 1341,18,14,1280,0,249,6,4,5,1,1,-52,0,613,7912,74,0,0 '
Received from ('fd00::200:0:0:4', 8765, 0, 0): b' 1342,4,1,512,0,236,12,2,7,1,1,-66,1,1319,16735,89,0,0 '
Received from ('fd00::200:0:0:c', 8765, 0, 0): b' 1342,12,11,1024,0,276,10,7,7,1,3,-52,0,664,9038,84,0,0 '
Received from ('fd00::200:0:0:7', 8765, 0, 0): b' 1343,7,4,768,0,181,8,4,7,1,3,-70,0,555,5238,72,0,0 '
Received from ('fd00::200:0:0:10', 8765, 0, 0): b' 1342,16,11,1024,0,223,8,9,7,1,2,-70,4,3077,30455,83,0,0 '
Received from ('fd00::200:0:0:6', 8765, 0, 0): b' 1344,6,3,768,0,256,9,3,7,1,2,-70,0,797,9215,79,0,0 '
Received from ('fd00::200:0:0:8', 8765, 0, 0): b' 1344,8,3,768,0,263,9,5,7,1,2,-70,2,1293,19392,87,0,0 '
Received from ('fd00::200:0:0:a', 8765, 0, 0): b' 1343,10,11,1024,0,254,6,5,7,1,1,-52,0,441,5313,80,0,0 '
Received from ('fd00::200:0:0:13', 8765, 0, 0): b' 1343,19,16,1280,0,231,4,3,7,1,1,-70,0,680,8473,77,0,0 '
Received from ('fd00::200:0:0:2', 8765, 0, 0): b' 1345,2,1,512,0,273,13,1,6,1,1,-88,0,604,12783,90,0,0 '
Received from ('fd00::200:0:0:3', 8765, 0, 0): b' 1346,3,1,512,0,238,12,10,7,2,1,-64,10,2250,14778,89,0,0 '
Received from ('fd00::200:0:0:b', 8765, 0, 0): b' 1346,11,3,768,30,221,8,6,7,1,1,-95,10,3835,29396,88,0,0 '
Received from ('fd00::200:0:0:d', 8765, 0, 0): b' 1345,13,8,1024,0,245,8,3,7,1,2,-70,0,960,13996,84,0,0 '
Received from ('fd00::200:0:0:14', 8765, 0, 0): b' 1345,20,16,1280,0,228,6,8,7,1,2,-52,0,693,10363,57,0,0 '
Received from ('fd00::200:0:0:1', 5678, 0, 0): b' 1347,1,0,256,0,23,0,0,4,0,0,0,10,2689,28727,1579,0,0 '
Received from ('fd00::200:0:0:e', 8765, 0, 0): b' 1346,14,11,1024,20,248,9,3,7,1,2,-70,1,960,11830,78,0,0 '
Received from ('fd00::200:0:0:9', 8765, 0, 0): b' 1346,9,5,768,10,229,9,4,7,1,2,-52,0,406,7352,75,0,0 '
Received from ('fd00::200:0:0:4', 8765, 0, 0): b' 1348,4,1,512,10,237,12,2,7,1,1,-66,1,842,9529,90,0,0 '
Received from ('fd00::200:0:0:12', 8765, 0, 0): b' 1346,18,14,1280,0,252,6,4,5,1,1,-52,0,655,5772,75,0,0 '
Received from ('fd00::200:0:0:5', 8765, 0, 0): b' 1348,5,1,512,0,255,13,1,6,1,1,-94,1,1733,18769,89,0,0 '
Received from ('fd00::200:0:0:7', 8765, 0, 0): b' 1348,7,4,768,0,182,8,4,7,1,3,-70,0,358,4699,72,0,0 '
Received from ('fd00::200:0:0:10', 8765, 0, 0): b' 1347,16,11,1024,10,226,8,9,7,1,2,-70,4,1418,13527,83,0,0 '
Received from ('fd00::200:0:0:15', 8765, 0, 0): b' 1347,21,16,1280,0,230,4,3,5,1,1,-70,0,517,10024,81,0,0 '
Received from ('fd00::200:0:0:8', 8765, 0, 0): b' 1349,8,3,768,0,265,9,5,7,1,2,-70,2,755,8944,87,0,0 '
Received from ('fd00::200:0:0:c', 8765, 0, 0): b' 1348,12,11,1024,0,277,10,7,7,1,3,-52,0,567,7510,85,0,0 '
Received from ('fd00::200:0:0:f', 8765, 0, 0): b' 1349,15,11,1024,0,222,5,11,7,1,2,-52,0,695,9822,54,0,0 '
Received from ('fd00::200:0:0:13', 8765, 0, 0): b' 1349,19,16,1280,0,234,4,3,7,1,1,-70,0,599,6415,77,0,0 '
Received from ('fd00::200:0:0:14', 8765, 0, 0): b' 1350,20,16,1280,0,230,6,8,7,1,2,-52,0,493,5007,57,0,0 '
Received from ('fd00::200:0:0:d', 8765, 0, 0): b' 1350,13,8,1024,0,247,8,3,7,1,2,-70,0,468,6153,84,0,0 '
Received from ('fd00::200:0:0:11', 8765, 0, 0): b' 1351,17,16,1280,0,248,4,4,7,1,1,-52,0,507,10486,82,0,0 '
Received from ('fd00::200:0:0:4', 8765, 0, 0): b' 1353,4,1,512,0,238,12,2,7,1,1,-66,1,487,7960,90,0,0 '
Received from ('fd00::200:0:0:e', 8765, 0, 0): b' 1351,14,11,1024,0,250,9,3,7,1,2,-70,1,753,6888,78,0,0 '
Received from ('fd00::200:0:0:6', 8765, 0, 0): b' 1353,6,3,768,10,258,9,3,7,1,2,-70,0,666,9272,80,0,0 '
Received from ('fd00::200:0:0:a', 8765, 0, 0): b' 1353,10,11,1024,0,256,6,5,7,1,1,-52,0,637,9423,80,0,0 '
Received from ('fd00::200:0:0:9', 8765, 0, 0): b' 1354,9,5,768,0,230,9,4,7,1,2,-52,0,667,7489,76,0,0 '
Received from ('fd00::200:0:0:b', 8765, 0, 0): b' 1355,11,3,768,0,225,8,6,7,1,1,-95,10,4036,28886,88,0,0 '
Received from ('fd00::200:0:0:14', 8765, 0, 0): b' 1354,20,16,1280,0,231,6,8,7,1,2,-52,0,361,4328,57,0,0 '
Received from ('fd00::200:0:0:8', 8765, 0, 0): b' 1355,8,3,768,0,266,9,5,7,1,2,-70,2,902,12145,88,0,0 '
Received from ('fd00::200:0:0:5', 8765, 0, 0): b' 1355,5,1,512,0,257,13,1,6,1,1,-94,1,1035,11824,90,0,0 '
Received from ('fd00::200:0:0:2', 8765, 0, 0): b' 1355,2,1,512,0,276,13,1,6,1,1,-88,0,818,13178,91,0,0 '
Received from ('fd00::200:0:0:12', 8765, 0, 0): b' 1354,18,14,1280,0,255,6,4,5,1,1,-52,0,623,7708,75,0,0 '
Received from ('fd00::200:0:0:c', 8765, 0, 0): b' 1356,12,11,1024,0,278,10,7,7,1,3,-52,0,410,8872,85,0,0 '
Received from ('fd00::200:0:0:10', 8765, 0, 0): b' 1356,16,11,1024,0,226,8,9,7,1,2,-70,4,2538,24246,84,0,0 '
Received from ('fd00::200:0:0:3', 8765, 0, 0): b' 1357,3,1,512,0,243,12,10,7,2,1,-64,10,6373,35167,90,0,0 '
Received from ('fd00::200:0:0:15', 8765, 0, 0): b' 1356,21,16,1280,0,235,4,3,5,1,1,-70,0,1043,11430,82,0,0 '
Received from ('fd00::200:0:0:13', 8765, 0, 0): b' 1357,19,16,1280,0,236,4,3,7,1,1,-70,0,739,7400,78,0,0 '
Received from ('fd00::200:0:0:1', 5678, 0, 0): b' 1358,1,0,256,0,23,0,0,4,0,0,0,10,2795,29607,1592,0,0 '
Received from ('fd00::200:0:0:7', 8765, 0, 0): b' 1359,7,4,768,0,184,8,4,7,1,3,-70,0,714,11341,73,0,0 '
Received from ('fd00::200:0:0:8', 8765, 0, 0): b' 1359,8,3,768,0,267,9,5,7,1,2,-70,2,443,7757,88,0,0 '
Received from ('fd00::200:0:0:d', 8765, 0, 0): b' 1359,13,8,1024,0,248,8,3,7,1,2,-70,0,516,10162,85,0,0 '
Received from ('fd00::200:0:0:f', 8765, 0, 0): b' 1360,15,11,1024,10,226,5,11,7,1,2,-52,0,755,10142,54,0,0 '
Received from ('fd00::200:0:0:11', 8765, 0, 0): b' 1360,17,16,1280,0,252,4,4,7,1,1,-52,0,908,8975,83,0,0 '
Received from ('fd00::200:0:0:b', 8765, 0, 0): b' 1361,11,3,768,10,226,8,6,7,1,1,-95,10,3162,22486,88,0,0 '
Received from ('fd00::200:0:0:14', 8765, 0, 0): b' 1361,20,16,1280,10,234,6,8,7,1,2,-52,0,548,6229,58,0,0 '
Received from ('fd00::200:0:0:9', 8765, 0, 0): b' 1362,9,5,768,0,230,9,4,7,1,2,-52,0,299,7437,76,0,0 '
Received from ('fd00::200:0:0:e', 8765, 0, 0): b' 1360,14,11,1024,0,255,9,3,7,1,2,-70,1,1548,13713,79,0,0 '
Received from ('fd00::200:0:0:1', 5678, 0, 0): b' 1363,1,0,256,0,23,0,0,4,0,0,0,10,1027,12273,1599,0,0 '
Received from ('fd00::200:0:0:5', 8765, 0, 0): b' 1363,5,1,512,0,257,13,1,6,1,1,-94,1,558,11026,90,0,0 '
Received from ('fd00::200:0:0:4', 8765, 0, 0): b' 1364,4,1,512,0,241,12,2,7,1,1,-66,1,1272,17504,91,0,0 '
Received from ('fd00::200:0:0:12', 8765, 0, 0): b' 1364,18,14,1280,0,257,6,4,5,1,1,-52,0,693,9087,76,0,0 '
Received from ('fd00::200:0:0:d', 8765, 0, 0): b' 1364,13,8,1024,0,248,8,3,7,1,2,-70,0,254,5712,85,0,0 '
Received from ('fd00::200:0:0:6', 8765, 0, 0): b' 1364,6,3,768,0,259,9,3,7,1,2,-70,0,552,10858,80,0,0 '
Received from ('fd00::200:0:0:a', 8765, 0, 0): b' 1364,10,11,1024,0,261,6,5,7,1,1,-52,0,1014,11524,81,0,0 '
Received from ('fd00::200:0:0:7', 8765, 0, 0): b' 1366,7,4,768,0,186,8,4,7,1,3,-70,0,490,6064,73,0,0 '
Received from ('fd00::200:0:0:3', 8765, 0, 0): b' 1365,3,1,512,10,245,12,10,7,2,1,-64,10,3846,23062,90,0,0 '
Received from ('fd00::200:0:0:15', 8765, 0, 0): b' 1364,21,16,1280,0,238,4,3,5,1,1,-70,0,709,11033,83,0,0 '
Received from ('fd00::200:0:0:2', 8765, 0, 0): b' 1365,2,1,512,10,277,13,1,6,1,1,-88,0,529,11636,92,0,0 '
Received from ('fd00::200:0:0:11', 8765, 0, 0): b' 1363,17,16,1280,0,252,4,4,7,1,1,-52,0,254,4388,83,0,0 '
Received from ('fd00::200:0:0:f', 8765, 0, 0): b' 1365,15,11,1024,10,226,5,11,7,1,2,-52,0,435,5682,55,0,0 '
Received from ('fd00::200:0:0:10', 8765, 0, 0): b' 1366,16,11,1024,20,231,8,9,7,1,2,-70,4,3016,27427,85,0,0 '
Received from ('fd00::200:0:0:c', 8765, 0, 0): b' 1367,12,11,1024,0,280,10,7,7,1,3,-52,0,746,13808,86,0,0 '
Received from ('fd00::200:0:0:14', 8765, 0, 0): b' 1365,20,16,1280,0,235,6,8,7,1,2,-52,0,493,5481,58,0,0 '
Received from ('fd00::200:0:0:13', 8765, 0, 0): b' 1365,19,16,1280,10,237,4,3,7,1,1,-70,0,409,8254,78,0,0 '
Received from ('fd00::200:0:0:b', 8765, 0, 0): b' 1368,11,3,768,10,226,8,6,7,1,1,-95,10,3406,25029,90,1,4 '
Received from ('fd00::200:0:0:e', 8765, 0, 0): b' 1370,14,11,1024,0,260,9,3,7,1,2,-70,1,1252,11323,79,0,0 '
Received from ('fd00::200:0:0:8', 8765, 0, 0): b' 1370,8,3,768,0,270,9,5,7,1,2,-70,2,1518,20693,89,0,0 '
Received from ('fd00::200:0:0:11', 8765, 0, 0): b' 1369,17,16,1280,0,254,4,4,7,1,1,-52,0,395,5331,83,0,0 '
Received from ('fd00::200:0:0:c', 8765, 0, 0): b' 1371,12,11,1024,0,280,10,7,7,1,3,-52,0,256,4855,86,0,0 '
Received from ('fd00::200:0:0:7', 8765, 0, 0): b' 1372,7,4,768,0,188,8,4,7,1,3,-70,0,545,6391,74,0,0 '
Received from ('fd00::200:0:0:d', 8765, 0, 0): b' 1371,13,8,1024,0,250,8,3,7,1,2,-70,0,599,8796,86,0,0 '
Received from ('fd00::200:0:0:4', 8765, 0, 0): b' 1372,4,1,512,0,244,12,2,7,1,1,-66,1,1290,13005,91,0,0 '
Received from ('fd00::200:0:0:12', 8765, 0, 0): b' 1371,18,14,1280,0,260,6,4,5,1,1,-52,0,623,7764,76,0,0 '
Received from ('fd00::200:0:0:5', 8765, 0, 0): b' 1372,5,1,512,10,257,13,1,6,1,1,-94,1,835,14983,91,0,0 '
Received from ('fd00::200:0:0:9', 8765, 0, 0): b' 1372,9,5,768,10,235,9,4,7,1,2,-52,0,898,9868,77,0,0 '
Received from ('fd00::200:0:0:1', 5678, 0, 0): b' 1373,1,0,256,0,23,0,0,4,0,0,0,10,2787,28145,1615,0,0 '
Received from ('fd00::200:0:0:15', 8765, 0, 0): b' 1370,21,16,1280,0,239,4,3,5,1,1,-70,0,507,8255,83,0,0 '
Received from ('fd00::200:0:0:8', 8765, 0, 0): b' 1374,8,3,768,0,271,9,5,7,1,2,-70,2,494,7603,89,0,0 '
Received from ('fd00::200:0:0:13', 8765, 0, 0): b' 1373,19,16,1280,0,239,4,3,7,1,1,-70,0,736,7787,79,0,0 '
Received from ('fd00::200:0:0:b', 8765, 0, 0): b' 1375,11,3,768,10,227,8,6,7,1,1,-95,10,2870,22201,92,1,4 '
Received from ('fd00::200:0:0:2', 8765, 0, 0): b' 1375,2,1,512,0,280,13,1,6,1,1,-88,0,819,12412,92,0,0 '
Received from ('fd00::200:0:0:3', 8765, 0, 0): b' 1376,3,1,512,0,247,12,10,7,2,1,-64,10,5798,32546,91,0,0 '
Received from ('fd00::200:0:0:6', 8765, 0, 0): b' 1376,6,3,768,0,265,9,3,7,1,2,-70,0,1137,11283,81,0,0 '
Received from ('fd00::200:0:0:a', 8765, 0, 0): b' 1376,10,11,1024,10,264,6,5,7,1,1,-52,0,719,10249,82,0,0 '
Received from ('fd00::200:0:0:c', 8765, 0, 0): b' 1376,12,11,1024,0,281,10,7,7,1,3,-52,0,446,6163,87,0,0 '
Received from ('fd00::200:0:0:14', 8765, 0, 0): b' 1376,20,16,1280,10,238,6,8,7,1,2,-52,0,693,10104,59,0,0 '
Received from ('fd00::200:0:0:e', 8765, 0, 0): b' 1378,14,11,1024,0,263,9,3,7,1,2,-70,1,1117,10658,80,0,0 '
Received from ('fd00::200:0:0:f', 8765, 0, 0): b' 1378,15,11,1024,0,228,5,11,7,1,2,-52,0,663,10832,55,0,0 '
Received from ('fd00::200:0:0:10', 8765, 0, 0): b' 1378,16,11,1024,0,232,8,9,7,1,2,-70,4,2675,28913,85,0,0 '
Received from ('fd00::200:0:0:9', 8765, 0, 0): b' 1378,9,5,768,0,235,9,4,7,1,2,-52,0,439,5864,78,0,0 '
Received from ('fd00::200:0:0:7', 8765, 0, 0): b' 1379,7,4,768,0,188,8,4,7,1,3,-70,0,396,6537,74,0,0 '
Received from ('fd00::200:0:0:12', 8765, 0, 0): b' 1379,18,14,1280,0,262,6,4,5,1,1,-52,0,781,7709,77,0,0 '
Received from ('fd00::200:0:0:8', 8765, 0, 0): b' 1380,8,3,768,10,273,9,5,7,1,2,-70,2,658,11262,90,0,0 '
Received from ('fd00::200:0:0:4', 8765, 0, 0): b' 1381,4,1,512,0,245,12,2,7,1,1,-66,1,889,13864,92,0,0 '
Received from ('fd00::200:0:0:6', 8765, 0, 0): b' 1381,6,3,768,0,266,9,3,7,1,2,-70,0,384,4974,81,0,0 '
Received from ('fd00::200:0:0:5', 8765, 0, 0): b' 1382,5,1,512,0,259,13,1,6,1,1,-94,1,1026,14238,91,0,0 '
Received from ('fd00::200:0:0:d', 8765, 0, 0): b' 1380,13,8,1024,0,254,8,3,7,1,2,-70,0,826,11769,86,0,0 '
Received from ('fd00::200:0:0:b', 8765, 0, 0): b' 1381,11,3,768,20,227,8,6,7,1,1,-95,10,2601,20439,94,1,4 '
Received from ('fd00::200:0:0:a', 8765, 0, 0): b' 1381,10,11,1024,10,264,6,5,7,1,1,-52,0,363,5139,82,0,0 '
Received from ('fd00::200:0:0:11', 8765, 0, 0): b' 1380,17,16,1280,0,256,4,4,7,1,1,-52,0,693,10151,84,0,0 '
Received from ('fd00::200:0:0:9', 8765, 0, 0): b' 1382,9,5,768,10,235,9,4,7,1,2,-52,0,251,3942,78,0,0 '
Received from ('fd00::200:0:0:15', 8765, 0, 0): b' 1380,21,16,1280,20,243,4,3,5,1,1,-70,0,707,11827,84,0,0 '
Received from ('fd00::200:0:0:c', 8765, 0, 0): b' 1383,12,11,1024,0,284,10,7,7,1,3,-52,0,624,9048,87,0,0 '
Received from ('fd00::200:0:0:13', 8765, 0, 0): b' 1382,19,16,1280,0,241,4,3,7,1,1,-70,0,540,9128,79,0,0 '
Received from ('fd00::200:0:0:f', 8765, 0, 0): b' 1384,15,11,1024,0,229,5,11,7,1,2,-52,0,467,6377,56,0,0 '
Received from ('fd00::200:0:0:10', 8765, 0, 0): b' 1384,16,11,1024,10,233,8,9,7,1,2,-70,4,1648,16709,86,0,0 '
Received from ('fd00::200:0:0:1', 5678, 0, 0): b' 1385,1,0,256,0,23,0,0,4,0,0,0,10,3229,32862,1634,0,0 '
Received from ('fd00::200:0:0:e', 8765, 0, 0): b' 1384,14,11,1024,0,267,9,3,7,1,2,-70,1,1019,9210,80,0,0 '
Received from ('fd00::200:0:0:2', 8765, 0, 0): b' 1385,2,1,512,0,282,13,1,6,1,1,-88,0,711,11839,93,0,0 '
Received from ('fd00::200:0:0:14', 8765, 0, 0): b' 1384,20,16,1280,10,243,6,8,7,1,2,-52,0,946,8355,60,0,0 '
Received from ('fd00::200:0:0:6', 8765, 0, 0): b' 1387,6,3,768,0,266,9,3,7,1,2,-70,0,307,4932,82,0,0 '
Received from ('fd00::200:0:0:7', 8765, 0, 0): b' 1387,7,4,768,10,189,8,4,7,1,3,-70,0,462,8042,75,0,0 '
Received from ('fd00::200:0:0:3', 8765, 0, 0): b' 1387,3,1,512,0,250,12,10,7,2,1,-64,10,6385,35418,92,0,0 '
Received from ('fd00::200:0:0:5', 8765, 0, 0): b' 1388,5,1,512,0,260,13,1,6,1,1,-94,1,889,10448,92,0,0 '
Received from ('fd00::200:0:0:12', 8765, 0, 0): b' 1388,18,14,1280,0,265,6,4,5,1,1,-52,0,623,8388,77,0,0 '
Received from ('fd00::200:0:0:d', 8765, 0, 0): b' 1389,13,8,1024,0,256,8,3,7,1,2,-70,0,600,9287,87,0,0 '
Received from ('fd00::200:0:0:a', 8765, 0, 0): b' 1387,10,11,1024,10,264,6,5,7,1,1,-52,0,369,5893,83,0,0 '
Received from ('fd00::200:0:0:f', 8765, 0, 0): b' 1388,15,11,1024,0,229,5,11,7,1,2,-52,0,255,4029,56,0,0 '
Received from ('fd00::200:0:0:c', 8765, 0, 0): b' 1388,12,11,1024,0,286,10,7,7,1,3,-52,0,525,6749,88,0,0 '
Received from ('fd00::200:0:0:8', 8765, 0, 0): b' 1391,8,3,768,0,274,9,5,7,1,2,-70,2,1280,18729,90,0,0 '
Received from ('fd00::200:0:0:3', 8765, 0, 0): b' 1391,3,1,512,0,251,13,10,7,2,1,-64,10,2246,13243,92,0,0 '
Received from ('fd00::200:0:0:9', 8765, 0, 0): b' 1391,9,5,768,0,237,9,4,7,1,2,-52,0,608,8704,78,0,0 '
Received from ('fd00::200:0:0:4', 8765, 0, 0): b' 1390,4,1,512,0,248,13,2,7,1,1,-66,1,1199,16557,93,0,0 '
Received from ('fd00::200:0:0:b', 8765, 0, 0): b' 1392,11,3,768,60,233,8,6,7,1,1,-95,10,4793,32730,97,1,4 '
Received from ('fd00::200:0:0:7', 8765, 0, 0): b' 1392,7,4,768,0,190,8,4,7,1,3,-70,0,359,4677,75,0,0 '
Received from ('fd00::200:0:0:1', 5678, 0, 0): b' 1392,1,0,256,0,24,0,0,4,0,0,0,10,2028,19594,1643,0,0 '
Received from ('fd00::200:0:0:11', 8765, 0, 0): b' 1388,17,16,1280,0,259,4,4,7,1,1,-52,0,777,8340,85,0,0 '
Received from ('fd00::200:0:0:d', 8765, 0, 0): b' 1393,13,8,1024,0,256,8,3,7,1,2,-70,0,253,5034,87,0,0 '
Received from ('fd00::200:0:0:6', 8765, 0, 0): b' 1393,6,3,768,0,269,9,3,7,1,2,-70,0,621,7159,82,0,0 '
Received from ('fd00::200:0:0:15', 8765, 0, 0): b' 1391,21,16,1280,0,247,4,3,5,1,1,-70,0,960,11723,84,0,0 '
Received from ('fd00::200:0:0:13', 8765, 0, 0): b' 1391,19,16,1280,0,243,4,3,7,1,1,-70,0,669,7883,80,0,0 '
Received from ('fd00::200:0:0:10', 8765, 0, 0): b' 1392,16,11,1024,0,237,8,9,7,1,2,-70,4,2471,21566,86,0,0 '
Received from ('fd00::200:0:0:e', 8765, 0, 0): b' 1392,14,11,1024,0,269,9,3,7,1,2,-70,1,1152,10365,81,0,0 '
Received from ('fd00::200:0:0:14', 8765, 0, 0): b' 1393,20,16,1280,0,247,6,8,7,1,2,-52,0,884,8466,60,0,0 '
Received from ('fd00::200:0:0:9', 8765, 0, 0): b' 1395,9,5,768,0,238,9,4,7,1,2,-52,0,414,4249,79,0,0 '
Received from ('fd00::200:0:0:8', 8765, 0, 0): b' 1397,8,3,768,0,275,9,5,7,1,2,-70,2,797,10666,91,0,0 '
Received from ('fd00::200:0:0:b', 8765, 0, 0): b' 1397,11,3,768,50,234,8,6,7,1,1,-95,10,2332,16118,98,1,4 '
Received from ('fd00::200:0:0:5', 8765, 0, 0): b' 1397,5,1,512,0,264,14,1,6,1,1,-94,1,1378,13575,92,0,0 '
Received from ('fd00::200:0:0:3', 8765, 0, 0): b' 1397,3,1,512,10,251,13,10,7,2,1,-64,10,2896,16168,92,0,0 '
Received from ('fd00::200:0:0:c', 8765, 0, 0): b' 1394,12,11,1024,0,288,10,7,7,1,3,-52,0,521,7316,88,0,0 '
Received from ('fd00::200:0:0:1', 5678, 0, 0): b' 1398,1,0,256,0,24,0,0,4,0,0,0,10,1371,14331,1651,0,0 '
Received from ('fd00::200:0:0:2', 8765, 0, 0): b' 1397,2,1,512,0,285,14,1,6,1,1,-88,0,916,14577,94,0,0 '
Received from ('fd00::200:0:0:7', 8765, 0, 0): b' 1398,7,4,768,0,191,8,4,7,1,3,-70,0,382,5480,75,0,0 '
Received from ('fd00::200:0:0:f', 8765, 0, 0): b' 1394,15,11,1024,10,232,5,11,7,1,2,-52,0,549,6352,57,0,0 '
Received from ('fd00::200:0:0:6', 8765, 0, 0): b' 1398,6,3,768,0,269,9,3,7,1,2,-70,0,251,4239,82,0,0 '
Received from ('fd00::200:0:0:a', 8765, 0, 0): b' 1397,10,11,1024,0,268,6,5,7,1,1,-52,0,884,9367,83,0,0 '
Received from ('fd00::200:0:0:12', 8765, 0, 0): b' 1397,18,14,1280,0,268,6,4,5,1,1,-52,0,800,9194,78,0,0 '
Received from ('fd00::200:0:0:15', 8765, 0, 0): b' 1397,21,16,1280,0,248,4,3,5,1,1,-70,0,470,7975,85,0,0 '
Received from ('fd00::200:0:0:10', 8765, 0, 0): b' 1399,16,11,1024,0,238,8,9,7,1,2,-70,4,1530,18580,87,0,0 '
Received from ('fd00::200:0:0:11', 8765, 0, 0): b' 1399,17,16,1280,0,262,4,4,7,1,1,-52,0,744,9642,85,0,0 '
Received from ('fd00::200:0:0:1', 5678, 0, 0): b' 1402,1,0,256,0,24,0,0,4,0,0,0,10,1215,12398,1658,0,0 '
Received from ('fd00::200:0:0:e', 8765, 0, 0): b' 1401,14,11,1024,0,271,9,3,7,1,2,-70,1,829,11133,81,0,0 '
Received from ('fd00::200:0:0:d', 8765, 0, 0): b' 1403,13,8,1024,0,259,8,3,7,1,2,-70,0,827,11645,88,0,0 '
Received from ('fd00::200:0:0:4', 8765, 0, 0): b' 1403,4,1,512,0,250,13,2,7,1,1,-66,1,1384,18306,93,0,0 '
Received from ('fd00::200:0:0:f', 8765, 0, 0): b' 1402,15,11,1024,0,234,5,11,7,1,2,-52,0,625,7569,57,0,0 '
Received from ('fd00::200:0:0:7', 8765, 0, 0): b' 1403,7,4,768,0,193,8,4,7,1,3,-70,0,545,5702,76,0,0 '
Received from ('fd00::200:0:0:9', 8765, 0, 0): b' 1403,9,5,768,0,238,9,4,7,1,2,-52,0,396,7200,79,0,0 '
Received from ('fd00::200:0:0:3', 8765, 0, 0): b' 1405,3,1,512,0,252,13,10,7,2,1,-64,10,3870,21806,93,0,0 '
Received from ('fd00::200:0:0:13', 8765, 0, 0): b' 1403,19,16,1280,0,244,4,3,7,1,1,-70,0,611,10912,81,0,0 '
Received from ('fd00::200:0:0:c', 8765, 0, 0): b' 1404,12,11,1024,0,290,10,7,7,1,3,-52,0,834,12043,89,0,0 '
Received from ('fd00::200:0:0:10', 8765, 0, 0): b' 1404,16,11,1024,0,238,8,9,7,1,2,-70,4,1258,11809,87,0,0 '
Received from ('fd00::200:0:0:12', 8765, 0, 0): b' 1404,18,14,1280,0,270,6,4,5,1,1,-52,0,548,6455,79,0,0 '
Received from ('fd00::200:0:0:8', 8765, 0, 0): b' 1406,8,3,768,0,277,9,5,7,1,2,-70,2,1227,15487,91,0,0 '
Received from ('fd00::200:0:0:b', 8765, 0, 0): b' 1406,11,3,768,60,236,8,6,7,1,1,-95,10,4529,31482,100,1,4 '
Received from ('fd00::200:0:0:15', 8765, 0, 0): b' 1404,21,16,1280,0,249,4,3,5,1,1,-70,0,409,8161,85,0,0 '
Received from ('fd00::200:0:0:11', 8765, 0, 0): b' 1404,17,16,1280,0,264,4,4,7,1,1,-52,0,548,5452,86,0,0 '
Received from ('fd00::200:0:0:14', 8765, 0, 0): b' 1405,20,16,1280,0,250,6,8,7,1,2,-52,0,824,11182,61,0,0 '
Received from ('fd00::200:0:0:6', 8765, 0, 0): b' 1408,6,3,768,0,273,9,3,7,1,2,-70,0,807,9552,83,0,0 '
Received from ('fd00::200:0:0:7', 8765, 0, 0): b' 1408,7,4,768,0,193,8,4,7,1,3,-70,0,251,4570,76,0,0 '
Received from ('fd00::200:0:0:4', 8765, 0, 0): b' 1408,4,1,512,10,250,13,2,7,1,1,-66,1,557,7920,94,0,0 '
Received from ('fd00::200:0:0:a', 8765, 0, 0): b' 1407,10,11,1024,0,271,6,5,7,1,1,-52,0,800,9796,84,0,0 '
Received from ('fd00::200:0:0:5', 8765, 0, 0): b' 1409,5,1,512,0,268,14,1,6,1,1,-94,1,1347,18415,93,0,0 '
Received from ('fd00::200:0:0:2', 8765, 0, 0): b' 1409,2,1,512,0,289,14,1,6,1,1,-88,0,874,13827,94,0,0 '
Received from ('fd00::200:0:0:f', 8765, 0, 0): b' 1408,15,11,1024,0,238,5,11,7,1,2,-52,0,683,5742,57,0,0 '
Received from ('fd00::200:0:0:c', 8765, 0, 0): b' 1408,12,11,1024,0,291,10,7,7,1,3,-52,0,294,5605,89,0,0 '
Received from ('fd00::200:0:0:8', 8765, 0, 0): b' 1411,8,3,768,10,279,9,5,7,1,2,-70,2,604,7852,92,0,0 '
Received from ('fd00::200:0:0:13', 8765, 0, 0): b' 1409,19,16,1280,0,248,4,3,7,1,1,-70,0,707,6514,81,0,0 '
Received from ('fd00::200:0:0:10', 8765, 0, 0): b' 1411,16,11,1024,0,240,8,9,7,1,2,-70,4,1973,18031,88,0,0 '
Received from ('fd00::200:0:0:3', 8765, 0, 0): b' 1413,3,1,512,0,255,13,10,7,2,1,-64,10,4703,25270,93,0,0 '
Received from ('fd00::200:0:0:a', 8765, 0, 0): b' 1412,10,11,1024,0,272,6,5,7,1,1,-52,0,288,4902,84,0,0 '
Received from ('fd00::200:0:0:9', 8765, 0, 0): b' 1412,9,5,768,0,239,9,4,7,1,2,-52,0,462,8142,80,0,0 '
Received from ('fd00::200:0:0:d', 8765, 0, 0): b' 1412,13,8,1024,10,263,8,3,7,1,2,-70,0,647,11411,88,0,0 '
Received from ('fd00::200:0:0:e', 8765, 0, 0): b' 1413,14,11,1024,10,274,9,3,7,1,2,-70,1,1293,14788,82,0,0 '
Received from ('fd00::200:0:0:1', 5678, 0, 0): b' 1413,1,0,256,0,24,0,0,4,0,0,0,10,2990,31090,1676,0,0 '
Received from ('fd00::200:0:0:7', 8765, 0, 0): b' 1414,7,4,768,0,193,8,4,7,1,3,-70,0,275,5531,76,0,0 '
Received from ('fd00::200:0:0:15', 8765, 0, 0): b' 1413,21,16,1280,0,252,4,3,5,1,1,-70,0,804,11063,86,0,0 '
Received from ('fd00::200:0:0:12', 8765, 0, 0): b' 1414,18,14,1280,0,272,6,4,5,1,1,-52,0,637,9199,79,0,0 '
Received from ('fd00::200:0:0:2', 8765, 0, 0): b' 1415,2,1,512,0,290,14,1,6,1,1,-88,0,556,8035,95,0,0 '
Received from ('fd00::200:0:0:11', 8765, 0, 0): b' 1413,17,16,1280,0,265,4,4,7,1,1,-52,0,409,8078,86,0,0 '
Received from ('fd00::200:0:0:4', 8765, 0, 0): b' 1415,4,1,512,0,254,13,2,7,1,1,-66,1,1091,11382,94,0,0 '
Received from ('fd00::200:0:0:6', 8765, 0, 0): b' 1417,6,3,768,0,273,9,3,7,1,2,-70,0,452,7384,84,0,0 '
Received from ('fd00::200:0:0:13', 8765, 0, 0): b' 1415,19,16,1280,0,249,4,3,7,1,1,-70,0,385,5236,81,0,0 '
Received from ('fd00::200:0:0:14', 8765, 0, 0): b' 1416,20,16,1280,0,252,6,8,7,1,2,-52,0,718,10377,62,0,0 '
Received from ('fd00::200:0:0:b', 8765, 0, 0): b' 1418,11,3,768,10,238,8,6,7,1,1,-95,10,5088,37170,102,1,4 '
Received from ('fd00::200:0:0:e', 8765, 0, 0): b' 1418,14,11,1024,0,275,9,3,7,1,2,-70,1,648,6605,82,0,0 '
Received from ('fd00::200:0:0:9', 8765, 0, 0): b' 1418,9,5,768,0,240,9,4,7,1,2,-52,0,382,5680,80,0,0 '
Received from ('fd00::200:0:0:a', 8765, 0, 0): b' 1417,10,11,1024,10,275,6,5,7,1,1,-52,0,575,5127,85,0,0 '
Received from ('fd00::200:0:0:2', 8765, 0, 0): b' 1419,2,1,512,0,290,14,1,6,1,1,-88,0,155,4912,95,0,0 '
Received from ('fd00::200:0:0:8', 8765, 0, 0): b' 1420,8,3,768,0,279,9,5,7,1,2,-70,2,934,14211,92,0,0 '
Received from ('fd00::200:0:0:f', 8765, 0, 0): b' 1419,15,11,1024,0,241,5,11,7,1,2,-52,0,825,11415,58,0,0 '
Received from ('fd00::200:0:0:1', 5678, 0, 0): b' 1421,1,0,256,0,24,0,0,4,0,0,0,10,1757,18570,1687,0,0 '
Received from ('fd00::200:0:0:c', 8765, 0, 0): b' 1419,12,11,1024,0,293,10,7,7,1,3,-52,0,844,13801,90,0,0 '
Received from ('fd00::200:0:0:5', 8765, 0, 0): b' 1421,5,1,512,0,269,14,1,6,1,1,-94,1,1113,18311,94,0,0 '
Received from ('fd00::200:0:0:3', 8765, 0, 0): b' 1422,3,1,512,20,257,13,10,7,2,1,-64,10,4722,28573,94,0,0 '
Received from ('fd00::200:0:0:12', 8765, 0, 0): b' 1421,18,14,1280,0,274,6,4,5,1,1,-52,0,572,7007,80,0,0 '
Received from ('fd00::200:0:0:4', 8765, 0, 0): b' 1422,4,1,512,0,257,13,2,7,1,1,-66,1,899,10433,95,0,0 '
Received from ('fd00::200:0:0:d', 8765, 0, 0): b' 1421,13,8,1024,0,265,8,3,7,1,2,-70,0,805,11267,89,0,0 '
Received from ('fd00::200:0:0:6', 8765, 0, 0): b' 1423,6,3,768,0,276,9,3,7,1,2,-70,0,596,6367,84,0,0 '
Received from ('fd00::200:0:0:10', 8765, 0, 0): b' 1422,16,11,1024,0,243,8,9,7,1,2,-70,4,2769,29312,88,0,0 '
Received from ('fd00::200:0:0:7', 8765, 0, 0): b' 1423,7,4,768,0,195,8,4,7,1,3,-70,0,690,9043,77,0,0 '
Received from ('fd00::200:0:0:11', 8765, 0, 0): b' 1423,17,16,1280,0,267,4,4,7,1,1,-52,0,693,9001,87,0,0 '
Received from ('fd00::200:0:0:14', 8765, 0, 0): b' 1423,20,16,1280,0,255,6,8,7,1,2,-52,0,600,6841,62,0,0 '
Received from ('fd00::200:0:0:c', 8765, 0, 0): b' 1424,12,11,1024,0,294,10,7,7,1,3,-52,0,266,5536,90,0,0 '
Received from ('fd00::200:0:0:13', 8765, 0, 0): b' 1423,19,16,1280,0,252,4,3,7,1,1,-70,0,776,7954,82,0,0 '
Received from ('fd00::200:0:0:e', 8765, 0, 0): b' 1425,14,11,1024,0,277,9,3,7,1,2,-70,1,928,9373,83,0,0 '
Received from ('fd00::200:0:0:9', 8765, 0, 0): b' 1425,9,5,768,0,241,9,4,7,1,2,-52,0,559,7150,81,0,0 '
Received from ('fd00::200:0:0:3', 8765, 0, 0): b' 1427,3,1,512,10,257,13,10,7,2,1,-64,10,2611,14513,94,0,0 '
Received from ('fd00::200:0:0:8', 8765, 0, 0): b' 1427,8,3,768,0,280,9,5,7,1,2,-70,2,819,10665,93,0,0 '
Received from ('fd00::200:0:0:2', 8765, 0, 0): b' 1427,2,1,512,0,291,14,1,6,1,1,-88,0,579,9163,96,0,0 '
Received from ('fd00::200:0:0:6', 8765, 0, 0): b' 1428,6,3,768,0,278,9,3,7,1,2,-70,0,465,4979,84,0,0 '
Received from ('fd00::200:0:0:b', 8765, 0, 0): b' 1428,11,3,768,30,240,8,6,7,1,1,-95,10,4410,33083,105,1,4 '
Received from ('fd00::200:0:0:5', 8765, 0, 0): b' 1428,5,1,512,0,272,14,1,6,1,1,-94,1,968,10883,94,0,0 '
Received from ('fd00::200:0:0:15', 8765, 0, 0): b' 1426,21,16,1280,0,255,4,3,5,1,1,-70,0,853,14035,87,0,0 '
Received from ('fd00::200:0:0:f', 8765, 0, 0): b' 1426,15,11,1024,0,241,5,11,7,1,2,-52,0,457,6623,59,0,0 '
Received from ('fd00::200:0:0:10', 8765, 0, 0): b' 1429,16,11,1024,0,243,8,9,7,1,2,-70,4,1389,12938,89,0,0 '
Received from ('fd00::200:0:0:a', 8765, 0, 0): b' 1430,10,11,1024,0,276,6,5,7,1,1,-52,0,611,10306,85,0,0 '
Received from ('fd00::200:0:0:c', 8765, 0, 0): b' 1430,12,11,1024,0,295,10,7,7,1,3,-52,0,362,5053,90,0,0 '
Received from ('fd00::200:0:0:e', 8765, 0, 0): b' 1431,14,11,1024,0,278,9,3,7,1,2,-70,1,525,6740,83,0,0 '
Received from ('fd00::200:0:0:15', 8765, 0, 0): b' 1430,21,16,1280,0,256,4,3,5,1,1,-70,0,362,5134,87,0,0 '
Received from ('fd00::200:0:0:12', 8765, 0, 0): b' 1431,18,14,1280,0,276,6,4,5,1,1,-52,0,613,8117,80,0,0 '
Received from ('fd00::200:0:0:7', 8765, 0, 0): b' 1430,7,4,768,0,196,8,4,7,1,3,-70,0,406,7353,77,0,0 '
Received from ('fd00::200:0:0:9', 8765, 0, 0): b' 1431,9,5,768,0,241,9,4,7,1,2,-52,0,275,5302,81,0,0 '
Received from ('fd00::200:0:0:4', 8765, 0, 0): b' 1431,4,1,512,0,258,13,2,7,1,1,-66,1,888,14607,95,0,0 '
Received from ('fd00::200:0:0:1', 5678, 0, 0): b' 1432,1,0,256,0,24,0,0,4,0,0,0,10,3234,31732,1704,0,0 '
Received from ('fd00::200:0:0:11', 8765, 0, 0): b' 1430,17,16,1280,0,267,4,4,7,1,1,-52,0,302,6476,87,0,0 '
Received from ('fd00::200:0:0:2', 8765, 0, 0): b' 1432,2,1,512,0,295,14,1,6,1,1,-88,0,680,7067,96,0,0 '
Received from ('fd00::200:0:0:8', 8765, 0, 0): b' 1432,8,3,768,10,281,9,5,7,1,2,-70,2,706,9062,93,0,0 '
Received from ('fd00::200:0:0:d', 8765, 0, 0): b' 1432,13,8,1024,10,269,8,3,7,1,2,-70,0,852,13532,90,0,0 '
Received from ('fd00::200:0:0:b', 8765, 0, 0): b' 1433,11,3,768,30,243,8,6,7,1,1,-95,10,2742,18698,106,1,4 '
Received from ('fd00::200:0:0:13', 8765, 0, 0): b' 1430,19,16,1280,0,253,4,3,7,1,1,-70,0,465,7147,83,0,0 '
Received from ('fd00::200:0:0:14', 8765, 0, 0): b' 1431,20,16,1280,0,255,6,8,7,1,2,-52,0,358,7135,63,0,0 '
Received from ('fd00::200:0:0:6', 8765, 0, 0): b' 1433,6,3,768,20,281,9,3,7,1,2,-70,0,545,6446,85,0,0 '
Received from ('fd00::200:0:0:5', 8765, 0, 0): b' 1435,5,1,512,0,273,14,1,6,1,1,-94,1,836,11347,95,0,0 '
Received from ('fd00::200:0:0:10', 8765, 0, 0): b' 1436,16,11,1024,0,245,8,9,7,1,2,-70,4,2031,19363,89,0,0 '
Received from ('fd00::200:0:0:a', 8765, 0, 0): b' 1436,10,11,1024,0,278,6,5,7,1,1,-52,0,646,6489,86,0,0 '
Received from ('fd00::200:0:0:d', 8765, 0, 0): b' 1436,13,8,1024,0,271,8,3,7,1,2,-70,0,479,5406,90,0,0 '
Received from ('fd00::200:0:0:3', 8765, 0, 0): b' 1438,3,1,512,0,259,13,10,7,2,1,-64,10,5987,33003,95,0,0 '
Received from ('fd00::200:0:0:b', 8765, 0, 0): b' 1437,11,3,768,10,244,8,6,7,1,1,-95,10,2000,15040,107,1,4 '
Received from ('fd00::200:0:0:6', 8765, 0, 0): b' 1438,6,3,768,0,282,9,3,7,1,2,-70,0,490,4725,85,0,0 '
Received from ('fd00::200:0:0:f', 8765, 0, 0): b' 1439,15,11,1024,0,245,5,11,7,1,2,-52,0,852,9920,59,0,0 '
Received from ('fd00::200:0:0:8', 8765, 0, 0): b' 1438,8,3,768,0,281,9,5,7,1,2,-70,2,763,10577,93,0,0 '
Received from ('fd00::200:0:0:11', 8765, 0, 0): b' 1440,17,16,1280,0,268,4,4,7,1,1,-52,0,632,7648,88,0,0 '
Received from ('fd00::200:0:0:1', 5678, 0, 0): b' 1439,1,0,256,0,24,0,0,4,0,0,0,10,1565,17771,1712,0,0 '
Received from ('fd00::200:0:0:9', 8765, 0, 0): b' 1439,9,5,768,0,243,9,4,7,1,2,-52,0,569,8274,82,0,0 '
Received from ('fd00::200:0:0:7', 8765, 0, 0): b' 1440,7,4,768,10,198,8,4,7,1,3,-70,0,666,9154,78,0,0 '
Received from ('fd00::200:0:0:15', 8765, 0, 0): b' 1442,21,16,1280,0,261,4,3,5,1,1,-70,0,987,12518,88,0,0 '
Received from ('fd00::200:0:0:2', 8765, 0, 0): b' 1440,2,1,512,20,296,14,1,6,1,1,-88,0,407,9486,97,0,0 '
Received from ('fd00::200:0:0:e', 8765, 0, 0): b' 1442,14,11,1024,0,281,9,3,7,1,2,-70,1,1236,13449,84,0,0 '
Received from ('fd00::200:0:0:4', 8765, 0, 0): b' 1441,4,1,512,0,259,13,2,7,1,1,-66,1,1030,15271,96,0,0 '
Received from ('fd00::200:0:0:c', 8765, 0, 0): b' 1442,12,11,1024,0,299,10,7,7,1,3,-52,0,960,14684,91,0,0 '
Received from ('fd00::200:0:0:d', 8765, 0, 0): b' 1441,13,8,1024,0,273,8,3,7,1,2,-70,0,467,6117,90,0,0 '
Received from ('fd00::200:0:0:12', 8765, 0, 0): b' 1442,18,14,1280,0,278,6,4,5,1,1,-52,0,693,9975,81,0,0 '
Received from ('fd00::200:0:0:3', 8765, 0, 0): b' 1443,3,1,512,20,261,13,10,7,2,1,-64,10,3052,16561,95,0,0 '
Received from ('fd00::200:0:0:b', 8765, 0, 0): b' 1442,11,3,768,40,246,8,6,7,1,1,-95,10,2355,16288,108,1,4 '
Received from ('fd00::200:0:0:a', 8765, 0, 0): b' 1443,10,11,1024,0,280,6,5,7,1,1,-52,0,492,5911,86,0,0 '
Received from ('fd00::200:0:0:14', 8765, 0, 0): b' 1442,20,16,1280,0,256,6,8,7,1,2,-52,0,530,8827,63,0,0 '
Received from ('fd00::200:0:0:13', 8765, 0, 0): b' 1444,19,16,1280,0,255,4,3,7,1,1,-70,0,637,10476,83,0,0 '
Received from ('fd00::200:0:0:5', 8765, 0, 0): b' 1446,5,1,512,0,279,14,1,6,1,1,-94,1,1378,16497,96,0,0 '
Received from ('fd00::200:0:0:10', 8765, 0, 0): b' 1447,16,11,1024,0,247,8,9,7,1,2,-70,4,2397,26258,90,0,0 '
Received from ('fd00::200:0:0:f', 8765, 0, 0): b' 1447,15,11,1024,0,247,5,11,7,1,2,-52,0,573,8559,60,0,0 '
Received from ('fd00::200:0:0:a', 8765, 0, 0): b' 1447,10,11,1024,10,283,6,5,7,1,1,-52,0,575,4704,86,0,0 '
Received from ('fd00::200:0:0:9', 8765, 0, 0): b' 1446,9,5,768,0,245,9,4,7,1,2,-52,0,586,6389,82,0,0 '
Received from ('fd00::200:0:0:12', 8765, 0, 0): b' 1447,18,14,1280,0,281,6,4,5,1,1,-52,0,599,5576,81,0,0 '
Received from ('fd00::200:0:0:8', 8765, 0, 0): b' 1448,8,3,768,0,283,9,5,7,1,2,-70,2,1215,14810,94,0,0 '
Received from ('fd00::200:0:0:2', 8765, 0, 0): b' 1448,2,1,512,0,297,14,1,6,1,1,-88,0,483,8926,97,0,0 '
Received from ('fd00::200:0:0:3', 8765, 0, 0): b' 1448,3,1,512,40,263,13,10,7,2,1,-64,10,2943,16362,96,0,0 '
Received from ('fd00::200:0:0:4', 8765, 0, 0): b' 1447,4,1,512,10,261,13,2,7,1,1,-66,1,638,10187,96,0,0 '
Received from ('fd00::200:0:0:6', 8765, 0, 0): b' 1447,6,3,768,10,284,9,3,7,1,2,-70,0,569,8916,86,0,0 '
Received from ('fd00::200:0:0:d', 8765, 0, 0): b' 1448,13,8,1024,0,273,8,3,7,1,2,-70,0,482,8775,91,0,0 '
Received from ('fd00::200:0:0:14', 8765, 0, 0): b' 1450,20,16,1280,0,259,6,8,7,1,2,-52,0,679,8264,64,0,0 '
Received from ('fd00::200:0:0:1', 5678, 0, 0): b' 1449,1,0,256,0,24,0,0,4,0,0,0,10,2979,29659,1731,0,0 '
Received from ('fd00::200:0:0:11', 8765, 0, 0): b' 1450,17,16,1280,0,271,4,4,7,1,1,-52,0,800,10539,89,0,0 '
Received from ('fd00::200:0:0:7', 8765, 0, 0): b' 1450,7,4,768,0,202,8,4,7,1,3,-70,0,808,9817,79,0,0 '
Received from ('fd00::200:0:0:15', 8765, 0, 0): b' 1450,21,16,1280,0,263,4,3,5,1,1,-70,0,666,11454,88,0,0 '
Received from ('fd00::200:0:0:c', 8765, 0, 0): b' 1452,12,11,1024,0,303,10,7,7,1,3,-52,0,938,12563,92,0,0 '
Received from ('fd00::200:0:0:e', 8765, 0, 0): b' 1453,14,11,1024,0,283,9,3,7,1,2,-70,1,1386,14781,85,0,0 '
Received from ('fd00::200:0:0:a', 8765, 0, 0): b' 1454,10,11,1024,0,286,6,5,7,1,1,-52,0,680,6847,87,0,0 '
Received from ('fd00::200:0:0:13', 8765, 0, 0): b' 1454,19,16,1280,0,259,4,3,7,1,1,-70,0,908,10259,84,0,0 '
Received from ('fd00::200:0:0:3', 8765, 0, 0): b' 1454,3,1,512,0,265,13,10,7,2,1,-64,10,2931,16469,96,0,0 '
Received from ('fd00::200:0:0:b', 8765, 0, 0): b' 1454,11,3,768,10,246,8,6,7,1,1,-95,10,4860,36855,111,1,4 '
Received from ('fd00::200:0:0:5', 8765, 0, 0): b' 1455,5,1,512,0,280,14,1,6,1,1,-94,1,803,14875,96,0,0 '
Received from ('fd00::200:0:0:6', 8765, 0, 0): b' 1455,6,3,768,0,289,9,3,7,1,2,-70,0,932,8255,86,0,0 '
Received from ('fd00::200:0:0:f', 8765, 0, 0): b' 1457,15,11,1024,0,251,5,11,7,1,2,-52,0,908,9701,61,0,0 '
Received from ('fd00::200:0:0:10', 8765, 0, 0): b' 1457,16,11,1024,10,250,8,9,7,1,2,-70,4,2460,26881,90,0,0 '
Received from ('fd00::200:0:0:2', 8765, 0, 0): b' 1456,2,1,512,0,297,14,1,6,1,1,-88,0,397,9794,97,0,0 '
Received from ('fd00::200:0:0:9', 8765, 0, 0): b' 1457,9,5,768,0,246,9,4,7,1,2,-52,0,486,9942,83,0,0 '
Received from ('fd00::200:0:0:e', 8765, 0, 0): b' 1459,14,11,1024,0,284,9,3,7,1,2,-70,1,443,6789,85,0,0 '
Received from ('fd00::200:0:0:1', 5678, 0, 0): b' 1458,1,0,256,0,24,0,0,4,0,0,0,10,2107,21915,1743,0,0 '
Received from ('fd00::200:0:0:12', 8765, 0, 0): b' 1459,18,14,1280,0,282,6,4,5,1,1,-52,0,610,10415,82,0,0 '
Received from ('fd00::200:0:0:8', 8765, 0, 0): b' 1458,8,3,768,10,284,9,5,7,1,2,-70,2,1065,16966,95,0,0 '
Received from ('fd00::200:0:0:c', 8765, 0, 0): b' 1460,12,11,1024,0,304,10,7,7,1,3,-52,0,411,10158,92,0,0 '
Received from ('fd00::200:0:0:d', 8765, 0, 0): b' 1458,13,8,1024,0,277,8,3,7,1,2,-70,0,809,12659,92,0,0 '
Received from ('fd00::200:0:0:15', 8765, 0, 0): b' 1461,21,16,1280,0,264,4,3,5,1,1,-70,0,616,11150,89,0,0 '
Received from ('fd00::200:0:0:4', 8765, 0, 0): b' 1459,4,1,512,0,264,13,2,7,1,1,-66,1,1374,19239,97,0,0 '
Received from ('fd00::200:0:0:14', 8765, 0, 0): b' 1461,20,16,1280,10,260,6,8,7,1,2,-52,0,530,9887,64,0,0 '
Received from ('fd00::200:0:0:10', 8765, 0, 0): b' 1462,16,11,1024,10,252,8,9,7,1,2,-70,4,1411,13374,91,0,0 '
Received from ('fd00::200:0:0:13', 8765, 0, 0): b' 1461,19,16,1280,0,261,4,3,7,1,1,-70,0,517,7441,84,0,0 '
Received from ('fd00::200:0:0:3', 8765, 0, 0): b' 1461,3,1,512,0,268,13,11,7,2,1,-64,10,4358,24054,97,0,0 '
Received from ('fd00::200:0:0:7', 8765, 0, 0): b' 1461,7,4,768,0,205,8,5,7,1,3,-70,0,1072,12017,79,0,0 '
Received from ('fd00::200:0:0:2', 8765, 0, 0): b' 1461,2,1,512,0,298,14,1,6,1,1,-88,0,458,7385,98,0,0 '
Received from ('fd00::200:0:0:1', 5678, 0, 0): b' 1462,1,0,256,0,24,0,0,4,0,0,0,10,1008,11197,1748,0,0 '
Received from ('fd00::200:0:0:11', 8765, 0, 0): b' 1461,17,16,1280,10,274,4,4,7,1,1,-52,0,662,10698,89,0,0 '
Received from ('fd00::200:0:0:5', 8765, 0, 0): b' 1462,5,1,512,0,283,14,1,6,1,1,-94,1,1135,12609,97,0,0 '
Received from ('fd00::200:0:0:8', 8765, 0, 0): b' 1462,8,3,768,0,285,9,5,7,1,2,-70,2,800,8216,95,0,0 '
Received from ('fd00::200:0:0:6', 8765, 0, 0): b' 1462,6,3,768,0,291,9,3,7,1,2,-70,0,569,8082,87,0,0 '
Received from ('fd00::200:0:0:a', 8765, 0, 0): b' 1464,10,11,1024,0,292,6,5,7,1,1,-52,0,1115,10646,88,0,0 '
Received from ('fd00::200:0:0:12', 8765, 0, 0): b' 1465,18,14,1280,10,283,6,4,5,1,1,-52,0,362,5264,82,0,0 '
Received from ('fd00::200:0:0:b', 8765, 0, 0): b' 1464,11,3,768,30,247,8,6,7,1,1,-95,10,5008,39803,114,1,4 '
Received from ('fd00::200:0:0:c', 8765, 0, 0): b' 1466,12,11,1024,0,304,10,7,7,1,3,-52,0,364,7305,93,0,0 '
Received from ('fd00::200:0:0:11', 8765, 0, 0): b' 1466,17,16,1280,0,275,4,4,7,1,1,-52,0,526,4788,90,0,0 '
Received from ('fd00::200:0:0:f', 8765, 0, 0): b' 1467,15,11,1024,0,255,5,11,7,1,2,-52,0,1056,10225,61,0,0 '
Received from ('fd00::200:0:0:6', 8765, 0, 0): b' 1466,6,3,768,10,297,9,3,7,1,2,-70,0,673,4546,87,0,0 '
Received from ('fd00::200:0:0:1', 5678, 0, 0): b' 1468,1,0,256,0,24,0,0,4,0,0,0,10,1342,15257,1758,0,0 '
Received from ('fd00::200:0:0:14', 8765, 0, 0): b' 1468,20,16,1280,10,262,6,8,7,1,2,-52,0,563,6755,65,0,0 '
Received from ('fd00::200:0:0:4', 8765, 0, 0): b' 1467,4,1,512,0,268,13,2,7,1,1,-66,1,1268,13723,98,0,0 '
Received from ('fd00::200:0:0:d', 8765, 0, 0): b' 1467,13,8,1024,0,280,8,3,7,1,2,-70,0,773,11526,92,0,0 '
Received from ('fd00::200:0:0:9', 8765, 0, 0): b' 1469,9,5,768,0,251,9,4,7,1,2,-52,0,1070,11493,83,0,0 '
Received from ('fd00::200:0:0:15', 8765, 0, 0): b' 1470,21,16,1280,0,267,4,3,5,1,1,-70,0,721,11254,89,0,0 '
Received from ('fd00::200:0:0:5', 8765, 0, 0): b' 1469,5,1,512,0,284,14,1,6,1,1,-94,1,727,10579,97,0,0 '
Received from ('fd00::200:0:0:3', 8765, 0, 0): b' 1469,3,1,512,20,271,13,11,7,2,1,-64,10,4104,24926,97,0,0 '
Received from ('fd00::200:0:0:e', 8765, 0, 0): b' 1470,14,11,1024,0,285,9,3,7,1,2,-70,1,1227,14218,86,0,0 '
Received from ('fd00::200:0:0:13', 8765, 0, 0): b' 1469,19,16,1280,0,262,4,3,7,1,1,-70,0,562,7516,85,0,0 '
Received from ('fd00::200:0:0:10', 8765, 0, 0): b' 1470,16,11,1024,0,256,8,9,7,1,2,-70,4,2599,22369,91,0,0 '
Received from ('fd00::200:0:0:7', 8765, 0, 0): b' 1470,7,4,768,10,207,8,5,7,1,3,-70,0,599,9172,80,0,0 '
Received from ('fd00::200:0:0:8', 8765, 0, 0): b' 1470,8,3,768,0,287,9,5,7,1,2,-70,2,766,11868,95,0,0 '
Received from ('fd00::200:0:0:1', 5678, 0, 0): b' 1472,1,0,256,0,24,0,0,4,0,0,0,10,1173,11961,1764,0,0 '
Received from ('fd00::200:0:0:6', 8765, 0, 0): b' 1471,6,3,768,10,298,9,3,7,1,2,-70,0,484,4416,88,0,0 '
Received from ('fd00::200:0:0:a', 8765, 0, 0): b' 1472,10,11,1024,0,296,6,5,7,1,1,-52,0,726,8217,88,0,0 '
Received from ('fd00::200:0:0:2', 8765, 0, 0): b' 1473,2,1,512,0,301,14,1,6,1,1,-88,0,829,13587,99,0,0 '
Received from ('fd00::200:0:0:12', 8765, 0, 0): b' 1473,18,14,1280,0,286,6,4,5,1,1,-52,0,777,7682,83,0,0 '
Received from ('fd00::200:0:0:9', 8765, 0, 0): b' 1474,9,5,768,0,255,9,4,7,1,2,-52,0,755,5285,84,0,0 '
Received from ('fd00::200:0:0:c', 8765, 0, 0): b' 1473,12,11,1024,0,306,10,7,7,1,3,-52,0,609,8961,93,0,0 '
Received from ('fd00::200:0:0:15', 8765, 0, 0): b' 1474,21,16,1280,0,270,4,3,5,1,1,-70,0,535,5355,90,0,0 '
Received from ('fd00::200:0:0:7', 8765, 0, 0): b' 1476,7,4,768,0,208,9,5,7,1,3,-70,0,463,5683,80,0,0 '
Received from ('fd00::200:0:0:d', 8765, 0, 0): b' 1475,13,8,1024,0,281,8,3,7,1,2,-70,0,590,9667,93,0,0 '
Received from ('fd00::200:0:0:b', 8765, 0, 0): b' 1474,11,3,768,80,253,8,6,7,1,1,-95,10,5177,35050,117,1,4 '
Received from ('fd00::200:0:0:e', 8765, 0, 0): b' 1476,14,11,1024,0,289,9,3,7,1,2,-70,1,995,8335,86,0,0 '
Received from ('fd00::200:0:0:11', 8765, 0, 0): b' 1475,17,16,1280,0,277,4,4,7,1,1,-52,0,516,8277,90,0,0 '
Received from ('fd00::200:0:0:14', 8765, 0, 0): b' 1476,20,16,1280,0,263,6,8,7,1,2,-52,0,517,7390,65,0,0 '
Received from ('fd00::200:0:0:12', 8765, 0, 0): b' 1477,18,14,1280,0,287,6,4,5,1,1,-52,0,288,4633,83,0,0 '
Received from ('fd00::200:0:0:9', 8765, 0, 0): b' 1478,9,5,768,0,257,9,4,7,1,2,-52,0,368,4531,84,0,0 '
Received from ('fd00::200:0:0:6', 8765, 0, 0): b' 1477,6,3,768,0,301,10,3,7,1,2,-70,0,734,7228,88,0,0 '
Received from ('fd00::200:0:0:4', 8765, 0, 0): b' 1477,4,1,512,10,269,13,2,7,1,1,-66,1,1231,16518,98,0,0 '
Received from ('fd00::200:0:0:3', 8765, 0, 0): b' 1478,3,1,512,0,275,13,11,7,2,1,-64,10,6353,32130,98,0,0 '
Received from ('fd00::200:0:0:f', 8765, 0, 0): b' 1479,15,11,1024,0,256,6,12,7,1,2,-52,0,716,11040,62,0,0 '
Received from ('fd00::200:0:0:e', 8765, 0, 0): b' 1480,14,11,1024,0,291,10,3,7,1,2,-70,1,779,5759,86,0,0 '
Received from ('fd00::200:0:0:c', 8765, 0, 0): b' 1480,12,11,1024,0,308,11,7,7,1,3,-52,0,623,8538,94,0,0 '
Received from ('fd00::200:0:0:8', 8765, 0, 0): b' 1478,8,3,768,0,289,10,5,7,1,2,-70,2,1311,13928,96,0,0 '
Received from ('fd00::200:0:0:15', 8765, 0, 0): b' 1481,21,16,1280,0,272,4,3,5,1,1,-70,0,544,8379,90,0,0 '
Received from ('fd00::200:0:0:10', 8765, 0, 0): b' 1481,16,11,1024,10,258,9,9,7,1,2,-70,4,2922,28978,92,0,0 '
Received from ('fd00::200:0:0:14', 8765, 0, 0): b' 1481,20,16,1280,0,263,6,8,7,1,2,-52,0,544,5835,66,0,0 '
Received from ('fd00::200:0:0:5', 8765, 0, 0): b' 1481,5,1,512,0,286,14,1,6,1,1,-94,1,1416,18556,98,0,0 '
Received from ('fd00::200:0:0:d', 8765, 0, 0): b' 1480,13,8,1024,0,281,8,3,7,1,2,-70,0,253,5592,93,0,0 '
Received from ('fd00::200:0:0:a', 8765, 0, 0): b' 1484,10,11,1024,0,299,7,5,7,1,1,-52,0,899,11019,89,0,0 '
Received from ('fd00::200:0:0:2', 8765, 0, 0): b' 1481,2,1,512,0,303,14,1,6,1,1,-88,0,612,10608,99,0,0 '
Received from ('fd00::200:0:0:1', 5678, 0, 0): b' 1482,1,0,256,0,24,0,0,4,0,0,0,10,2894,28433,1780,0,0 '
Received from ('fd00::200:0:0:13', 8765, 0, 0): b' 1483,19,16,1280,0,266,4,3,7,1,1,-70,0,572,8301,86,0,0 '
Received from ('fd00::200:0:0:4', 8765, 0, 0): b' 1482,4,1,512,0,270,13,2,7,1,1,-66,1,546,7273,99,0,0 '
Received from ('fd00::200:0:0:15', 8765, 0, 0): b' 1485,21,16,1280,0,272,4,3,5,1,1,-70,0,254,4729,90,0,0 '
Received from ('fd00::200:0:0:7', 8765, 0, 0): b' 1483,7,4,768,0,209,9,5,7,1,3,-70,0,559,7735,81,0,0 '
Received from ('fd00::200:0:0:6', 8765, 0, 0): b' 1483,6,3,768,0,304,10,3,7,1,2,-70,0,597,6082,88,0,0 '
Received from ('fd00::200:0:0:3', 8765, 0, 0): b' 1486,3,1,512,0,275,13,11,7,2,1,-64,10,3447,21325,98,0,0 '
Received from ('fd00::200:0:0:11', 8765, 0, 0): b' 1486,17,16,1280,0,282,4,4,7,1,1,-52,0,1038,11160,91,0,0 '
Received from ('fd00::200:0:0:c', 8765, 0, 0): b' 1488,12,11,1024,0,311,11,7,7,1,3,-52,0,646,9697,94,0,0 '
Received from ('fd00::200:0:0:b', 8765, 0, 0): b' 1486,11,3,768,10,261,9,7,7,2,1,-95,10,6161,39369,120,1,4 '
Received from ('fd00::200:0:0:e', 8765, 0, 0): b' 1488,14,11,1024,10,295,10,3,7,1,2,-70,1,1090,11180,87,0,0 '
Received from ('fd00::200:0:0:13', 8765, 0, 0): b' 1489,19,16,1280,0,267,4,3,7,1,1,-70,0,385,5206,86,0,0 '
Received from ('fd00::200:0:0:12', 8765, 0, 0): b' 1489,18,14,1280,0,288,6,4,5,1,1,-52,0,707,10961,84,0,0 '
Received from ('fd00::200:0:0:5', 8765, 0, 0): b' 1487,5,1,512,10,286,14,1,6,1,1,-94,1,475,9646,98,0,0 '
Received from ('fd00::200:0:0:4', 8765, 0, 0): b' 1488,4,1,512,0,270,13,2,7,1,1,-66,1,537,7537,99,0,0 '
Received from ('fd00::200:0:0:1', 5678, 0, 0): b' 1488,1,0,256,0,24,0,0,4,0,0,0,10,1725,16927,1791,0,0 '
Received from ('fd00::200:0:0:10', 8765, 0, 0): b' 1490,16,11,1024,0,260,9,9,7,1,2,-70,4,2429,23352,93,0,0 '
Received from ('fd00::200:0:0:f', 8765, 0, 0): b' 1490,15,11,1024,0,259,6,12,7,1,2,-52,0,820,10954,63,0,0 '
Received from ('fd00::200:0:0:9', 8765, 0, 0): b' 1489,9,5,768,0,260,9,4,7,1,2,-52,0,912,11269,85,0,0 '
Received from ('fd00::200:0:0:8', 8765, 0, 0): b' 1489,8,3,768,10,296,10,5,7,1,2,-70,2,1959,18637,97,0,0 '
Received from ('fd00::200:0:0:14', 8765, 0, 0): b' 1492,20,16,1280,0,266,6,8,7,1,2,-52,0,800,10013,67,0,0 '
Received from ('fd00::200:0:0:d', 8765, 0, 0): b' 1489,13,8,1024,0,283,9,3,7,1,2,-70,0,871,12371,94,0,0 '
Received from ('fd00::200:0:0:2', 8765, 0, 0): b' 1491,2,1,512,0,308,14,1,6,1,1,-88,0,930,11651,100,0,0 '
Received from ('fd00::200:0:0:11', 8765, 0, 0): b' 1492,17,16,1280,0,285,4,4,7,1,1,-52,0,601,5813,91,0,0 '
Received from ('fd00::200:0:0:a', 8765, 0, 0): b' 1493,10,11,1024,0,303,7,5,7,1,1,-52,0,878,9073,90,0,0 '
Received from ('fd00::200:0:0:7', 8765, 0, 0): b' 1492,7,4,768,0,214,9,5,7,1,3,-70,0,890,9209,82,0,0 '
Received from ('fd00::200:0:0:12', 8765, 0, 0): b' 1495,18,14,1280,0,291,6,4,5,1,1,-52,0,576,5391,84,0,0 '
Received from ('fd00::200:0:0:15', 8765, 0, 0): b' 1495,21,16,1280,0,276,4,3,5,1,1,-70,0,935,12426,91,0,0 '
Received from ('fd00::200:0:0:5', 8765, 0, 0): b' 1493,5,1,512,0,287,14,1,6,1,1,-94,1,688,9271,99,0,0 '
Received from ('fd00::200:0:0:9', 8765, 0, 0): b' 1494,9,5,768,0,260,9,4,7,1,2,-52,0,155,4236,85,0,0 '
Received from ('fd00::200:0:0:6', 8765, 0, 0): b' 1495,6,3,768,0,308,10,3,7,1,2,-70,0,899,10406,89,0,0 '
Received from ('fd00::200:0:0:3', 8765, 0, 0): b' 1496,3,1,512,0,277,13,11,7,2,1,-64,10,5826,35849,99,0,0 '
Received from ('fd00::200:0:0:14', 8765, 0, 0): b' 1498,20,16,1280,0,267,6,8,7,1,2,-52,0,386,5483,67,0,0 '
Received from ('fd00::200:0:0:11', 8765, 0, 0): b' 1497,17,16,1280,0,289,4,4,7,1,1,-52,0,762,6638,92,0,0 '
Received from ('fd00::200:0:0:e', 8765, 0, 0): b' 1496,14,11,1024,0,298,10,3,7,1,2,-70,1,1320,13356,88,0,0 '
Received from ('fd00::200:0:0:4', 8765, 0, 0): b' 1497,4,1,512,0,273,13,2,7,1,1,-66,1,1168,14288,100,0,0 '
Received from ('fd00::200:0:0:b', 8765, 0, 0): b' 1497,11,3,768,0,263,9,8,7,2,1,-95,10,4923,35711,122,1,4 '
Received from ('fd00::200:0:0:c', 8765, 0, 0): b' 1497,12,11,1024,10,314,11,7,7,1,3,-52,0,926,13868,95,0,0 '
Received from ('fd00::200:0:0:13', 8765, 0, 0): b' 1497,19,16,1280,0,273,4,3,7,1,1,-70,0,1115,10969,87,0,0 '
Received from ('fd00::200:0:0:1', 5678, 0, 0): b' 1498,1,0,256,0,24,0,0,4,0,0,0,10,2453,26278,1804,0,0 '
Received from ('fd00::200:0:0:10', 8765, 0, 0): b' 1498,16,11,1024,0,263,9,9,7,1,2,-70,4,2885,26055,93,0,0 '
Received from ('fd00::200:0:0:a', 8765, 0, 0): b' 1499,10,11,1024,0,307,7,5,7,1,1,-52,0,748,8438,90,0,0 '
Received from ('fd00::200:0:0:2', 8765, 0, 0): b' 1499,2,1,512,10,312,14,1,6,1,1,-88,0,720,10384,100,0,0 '
Received from ('fd00::200:0:0:6', 8765, 0, 0): b' 1500,6,3,768,0,310,10,3,7,1,2,-70,0,485,4805,89,0,0 '
Received from ('fd00::200:0:0:f', 8765, 0, 0): b' 1500,15,11,1024,0,263,6,12,7,1,2,-52,0,927,11523,64,0,0 '
Received from ('fd00::200:0:0:d', 8765, 0, 0): b' 1500,13,8,1024,0,287,9,3,7,1,2,-70,0,887,12662,94,0,0 '
Received from ('fd00::200:0:0:8', 8765, 0, 0): b' 1501,8,3,768,0,299,10,5,7,1,2,-70,2,1313,16742,98,0,0 '
Received from ('fd00::200:0:0:5', 8765, 0, 0): b' 1500,5,1,512,10,289,14,1,6,1,1,-94,1,930,11721,99,0,0 '
Received from ('fd00::200:0:0:b', 8765, 0, 0): b' 1503,11,3,768,20,265,9,8,7,2,1,-95,10,2288,17304,124,1,4 '
Received from ('fd00::200:0:0:15', 8765, 0, 0): b' 1502,21,16,1280,0,278,4,3,5,1,1,-70,0,670,11064,92,0,0 '
Received from ('fd00::200:0:0:12', 8765, 0, 0): b' 1504,18,14,1280,0,296,6,4,5,1,1,-52,0,917,9849,85,0,0 '
Received from ('fd00::200:0:0:11', 8765, 0, 0): b' 1502,17,16,1280,0,289,4,4,7,1,1,-52,0,278,5363,92,0,0 '
Received from ('fd00::200:0:0:9', 8765, 0, 0): b' 1503,9,5,768,10,265,9,4,7,1,2,-52,0,904,9274,86,0,0 '
Received from ('fd00::200:0:0:7', 8765, 0, 0): b' 1504,7,4,768,0,219,9,5,7,1,3,-70,0,967,11473,82,0,0 '
Received from ('fd00::200:0:0:13', 8765, 0, 0): b' 1504,19,16,1280,0,276,4,3,7,1,1,-70,0,595,6424,87,0,0 '
Received from ('fd00::200:0:0:e', 8765, 0, 0): b' 1504,14,11,1024,0,300,10,3,7,1,2,-70,1,1039,11129,88,0,0 '
Received from ('fd00::200:0:0:c', 8765, 0, 0): b' 1504,12,11,1024,0,316,11,7,7,1,3,-52,0,514,8914,95,0,0 '
Received from ('fd00::200:0:0:3', 8765, 0, 0): b' 1506,3,1,512,10,282,13,11,7,2,1,-64,10,5798,32913,100,0,0 '
Received from ('fd00::200:0:0:14', 8765, 0, 0): b' 1506,20,16,1280,0,269,6,8,7,1,2,-52,0,693,10427,68,0,0 '
Received from ('fd00::200:0:0:4', 8765, 0, 0): b' 1506,4,1,512,10,276,13,2,7,1,1,-66,1,1091,15060,100,0,0 '
Received from ('fd00::200:0:0:5', 8765, 0, 0): b' 1508,5,1,512,0,290,14,1,6,1,1,-94,1,881,10189,100,0,0 '
Received from ('fd00::200:0:0:2', 8765, 0, 0): b' 1507,2,1,512,0,314,14,1,6,1,1,-88,0,769,10314,101,0,0 '
Received from ('fd00::200:0:0:f', 8765, 0, 0): b' 1507,15,11,1024,0,264,6,12,7,1,2,-52,0,381,6564,64,0,0 '
Received from ('fd00::200:0:0:1', 5678, 0, 0): b' 1508,1,0,256,0,24,0,0,4,0,0,0,10,2693,26425,1821,0,0 '
Received from ('fd00::200:0:0:d', 8765, 0, 0): b' 1508,13,8,1024,10,290,9,3,7,1,2,-70,0,677,8778,95,0,0 '
Received from ('fd00::200:0:0:15', 8765, 0, 0): b' 1507,21,16,1280,0,278,5,3,5,1,1,-70,0,387,7131,92,0,0 '
Received from ('fd00::200:0:0:b', 8765, 0, 0): b' 1509,11,3,768,0,268,9,8,7,2,1,-95,10,3411,21870,125,1,4 '
Received from ('fd00::200:0:0:10', 8765, 0, 0): b' 1508,16,11,1024,10,264,9,9,7,1,2,-70,4,2794,27459,94,0,0 '
Received from ('fd00::200:0:0:8', 8765, 0, 0): b' 1509,8,3,768,0,301,10,5,7,1,2,-70,2,1003,13062,98,0,0 '
Received from ('fd00::200:0:0:6', 8765, 0, 0): b' 1509,6,3,768,10,315,10,3,7,1,2,-70,0,982,9257,90,0,0 '
Received from ('fd00::200:0:0:e', 8765, 0, 0): b' 1510,14,11,1024,10,302,10,3,7,1,2,-70,1,766,7529,88,0,0 '
Received from ('fd00::200:0:0:a', 8765, 0, 0): b' 1509,10,11,1024,10,309,7,5,7,1,1,-52,0,663,9563,91,0,0 '
Received from ('fd00::200:0:0:12', 8765, 0, 0): b' 1512,18,14,1280,10,299,7,4,5,1,1,-52,0,800,7886,86,0,0 '
Received from ('fd00::200:0:0:13', 8765, 0, 0): b' 1510,19,16,1280,0,277,5,3,7,1,1,-70,0,545,6888,88,0,0 '
Received from ('fd00::200:0:0:3', 8765, 0, 0): b' 1512,3,1,512,0,284,13,11,7,2,1,-64,10,4267,22659,100,0,0 '
Received from ('fd00::200:0:0:9', 8765, 0, 0): b' 1511,9,5,768,0,268,9,4,7,1,2,-52,0,819,8138,86,0,0 '
Received from ('fd00::200:0:0:f', 8765, 0, 0): b' 1512,15,11,1024,0,264,6,12,7,1,2,-52,0,279,5101,64,0,0 '
Received from ('fd00::200:0:0:7', 8765, 0, 0): b' 1512,7,4,768,10,223,9,5,7,1,3,-70,0,774,8874,83,0,0 '
Received from ('fd00::200:0:0:11', 8765, 0, 0): b' 1511,17,16,1280,0,289,5,4,7,1,1,-52,0,559,9900,93,0,0 '
Received from ('fd00::200:0:0:1', 5678, 0, 0): b' 1513,1,0,256,0,24,0,0,4,0,0,0,10,1314,14588,1827,0,0 '
Received from ('fd00::200:0:0:b', 8765, 0, 0): b' 1514,11,3,768,10,270,9,8,7,2,1,-95,10,2772,17806,127,1,4 '
Received from ('fd00::200:0:0:12', 8765, 0, 0): b' 1514,18,14,1280,0,301,7,4,5,1,1,-52,0,321,4196,86,0,0 '
Received from ('fd00::200:0:0:4', 8765, 0, 0): b' 1514,4,1,512,10,278,13,2,7,1,1,-66,1,991,12659,101,0,0 '
Received from ('fd00::200:0:0:d', 8765, 0, 0): b' 1515,13,8,1024,0,291,9,3,7,1,2,-70,0,409,8883,95,0,0 '
Received from ('fd00::200:0:0:e', 8765, 0, 0): b' 1515,14,11,1024,0,304,10,3,7,1,2,-70,1,1022,7747,89,0,0 '
Received from ('fd00::200:0:0:14', 8765, 0, 0): b' 1515,20,16,1280,0,270,7,8,7,1,2,-52,0,490,8648,68,0,0 '
Received from ('fd00::200:0:0:c', 8765, 0, 0): b' 1515,12,11,1024,0,320,11,7,7,1,3,-52,0,954,14102,96,0,0 '
Received from ('fd00::200:0:0:5', 8765, 0, 0): b' 1517,5,1,512,0,291,14,1,6,1,1,-94,1,1054,14303,100,0,0 '
Received from ('fd00::200:0:0:15', 8765, 0, 0): b' 1515,21,16,1280,0,278,5,3,5,1,1,-70,0,326,9810,92,0,0 '
Received from ('fd00::200:0:0:a', 8765, 0, 0): b' 1516,10,11,1024,0,311,7,5,7,1,1,-52,0,614,6724,91,0,0 '
Received from ('fd00::200:0:0:2', 8765, 0, 0): b' 1517,2,1,512,10,316,14,1,6,1,1,-88,0,637,11388,102,0,0 '
Received from ('fd00::200:0:0:10', 8765, 0, 0): b' 1517,16,11,1024,0,266,9,9,7,1,2,-70,4,1938,21498,94,0,0 '
Received from ('fd00::200:0:0:1', 5678, 0, 0): b' 1518,1,0,256,0,24,0,0,4,0,0,0,10,1355,12135,1836,0,0 '
Received from ('fd00::200:0:0:9', 8765, 0, 0): b' 1518,9,5,768,0,271,9,4,7,1,2,-52,0,652,6770,87,0,0 '
Received from ('fd00::200:0:0:f', 8765, 0, 0): b' 1519,15,11,1024,0,266,6,12,7,1,2,-52,0,543,6470,65,0,0 '
Received from ('fd00::200:0:0:3', 8765, 0, 0): b' 1520,3,1,512,0,285,13,11,7,2,1,-64,10,4014,24618,101,0,0 '
Received from ('fd00::200:0:0:b', 8765, 0, 0): b' 1519,11,3,768,0,271,9,8,7,2,1,-95,10,2708,19320,128,1,4 '
Received from ('fd00::200:0:0:12', 8765, 0, 0): b' 1519,18,14,1280,0,303,7,4,5,1,1,-52,0,589,5535,86,0,0 '
Received from ('fd00::200:0:0:7', 8765, 0, 0): b' 1520,7,4,768,0,224,9,5,7,1,3,-70,0,504,7212,83,0,0 '
Received from ('fd00::200:0:0:6', 8765, 0, 0): b' 1520,6,3,768,0,317,10,3,7,1,2,-70,0,716,10015,91,0,0 '
Received from ('fd00::200:0:0:13', 8765, 0, 0): b' 1519,19,16,1280,0,280,5,3,7,1,1,-70,0,714,8299,88,0,0 '
Received from ('fd00::200:0:0:c', 8765, 0, 0): b' 1520,12,11,1024,0,321,11,7,7,1,3,-52,0,363,4967,96,0,0 '
Received from ('fd00::200:0:0:8', 8765, 0, 0): b' 1520,8,3,768,10,303,10,5,7,1,2,-70,2,1321,18251,99,0,0 '
Received from ('fd00::200:0:0:d', 8765, 0, 0): b' 1521,13,8,1024,0,292,9,3,7,1,2,-70,0,468,6960,96,0,0 '
Received from ('fd00::200:0:0:11', 8765, 0, 0): b' 1521,17,16,1280,0,289,5,4,7,1,1,-52,0,399,8447,93,0,0 '
Received from ('fd00::200:0:0:4', 8765, 0, 0): b' 1522,4,1,512,0,280,13,2,7,1,1,-66,1,983,12039,101,0,0 '
Received from ('fd00::200:0:0:14', 8765, 0, 0): b' 1522,20,16,1280,0,272,7,8,7,1,2,-52,0,669,6962,69,0,0 '
Received from ('fd00::200:0:0:a', 8765, 0, 0): b' 1523,10,11,1024,0,313,7,5,7,1,1,-52,0,543,6706,92,0,0 '
Received from ('fd00::200:0:0:f', 8765, 0, 0): b' 1523,15,11,1024,0,266,6,12,7,1,2,-52,0,255,4629,65,0,0 '
Received from ('fd00::200:0:0:e', 8765, 0, 0): b' 1524,14,11,1024,0,307,10,3,7,1,2,-70,1,1061,11718,89,0,0 '
Received from ('fd00::200:0:0:2', 8765, 0, 0): b' 1524,2,1,512,0,319,14,1,6,1,1,-88,0,693,9342,102,0,0 '
Received from ('fd00::200:0:0:8', 8765, 0, 0): b' 1525,8,3,768,10,306,10,5,7,1,2,-70,2,666,7549,99,0,0 '
Received from ('fd00::200:0:0:1', 5678, 0, 0): b' 1526,1,0,256,0,24,0,0,4,0,0,0,10,1936,21327,1847,0,0 '
Received from ('fd00::200:0:0:15', 8765, 0, 0): b' 1525,21,16,1280,0,280,5,3,5,1,1,-70,0,691,11253,93,0,0 '
Received from ('fd00::200:0:0:13', 8765, 0, 0): b' 1525,19,16,1280,0,283,5,3,7,1,1,-70,0,655,6395,89,0,0 '
Received from ('fd00::200:0:0:5', 8765, 0, 0): b' 1526,5,1,512,0,293,14,1,6,1,1,-94,1,997,15529,101,0,0 '
Received from ('fd00::200:0:0:3', 8765, 0, 0): b' 1528,3,1,512,0,287,13,11,7,2,1,-64,10,4198,25803,101,0,0 '
Received from ('fd00::200:0:0:14', 8765, 0, 0): b' 1527,20,16,1280,0,276,7,8,7,1,2,-52,0,682,5378,69,0,0 '
Received from ('fd00::200:0:0:6', 8765, 0, 0): b' 1528,6,3,768,0,318,10,3,7,1,2,-70,0,402,7909,91,0,0 '
Received from ('fd00::200:0:0:10', 8765, 0, 0): b' 1528,16,11,1024,0,268,9,9,7,1,2,-70,4,3029,30267,95,0,0 '
Received from ('fd00::200:0:0:e', 8765, 0, 0): b' 1528,14,11,1024,0,307,10,3,7,1,2,-70,1,446,5948,90,0,0 '
Received from ('fd00::200:0:0:2', 8765, 0, 0): b' 1530,2,1,512,0,320,14,1,6,1,1,-88,0,360,6331,102,0,0 '
Received from ('fd00::200:0:0:d', 8765, 0, 0): b' 1529,13,8,1024,0,295,9,3,7,1,2,-70,0,713,10771,96,0,0 '
Received from ('fd00::200:0:0:9', 8765, 0, 0): b' 1529,9,5,768,10,274,9,4,7,1,2,-52,0,658,10666,87,0,0 '
Received from ('fd00::200:0:0:f', 8765, 0, 0): b' 1530,15,11,1024,0,267,6,12,7,1,2,-52,0,442,6295,66,0,0 '
Received from ('fd00::200:0:0:b', 8765, 0, 0): b' 1530,11,3,768,0,274,9,8,7,2,1,-95,10,4863,35950,131,1,4 '
Received from ('fd00::200:0:0:c', 8765, 0, 0): b' 1530,12,11,1024,0,324,11,7,7,1,3,-52,0,823,13254,97,0,0 '
Received from ('fd00::200:0:0:12', 8765, 0, 0): b' 1531,18,14,1280,0,306,7,4,5,1,1,-52,0,800,10524,87,0,0 '
Received from ('fd00::200:0:0:7', 8765, 0, 0): b' 1531,7,4,768,0,229,9,5,7,1,3,-70,0,932,11419,84,0,0 '
Received from ('fd00::200:0:0:a', 8765, 0, 0): b' 1530,10,11,1024,0,314,7,5,7,1,1,-52,0,479,7128,92,0,0 '
Received from ('fd00::200:0:0:1', 5678, 0, 0): b' 1532,1,0,256,0,24,0,0,4,0,0,0,10,1451,16143,1854,0,0 '
Received from ('fd00::200:0:0:11', 8765, 0, 0): b' 1531,17,16,1280,0,291,5,4,7,1,1,-52,0,693,9279,94,0,0 '
Received from ('fd00::200:0:0:8', 8765, 0, 0): b' 1532,8,3,768,0,307,10,5,7,1,2,-70,2,979,11518,100,0,0 '
Received from ('fd00::200:0:0:4', 8765, 0, 0): b' 1532,4,1,512,0,282,13,2,7,1,1,-66,1,1135,16121,102,0,0 '
Received from ('fd00::200:0:0:15', 8765, 0, 0): b' 1533,21,16,1280,0,284,5,3,5,1,1,-70,0,857,9919,94,0,0 '
Received from ('fd00::200:0:0:d', 8765, 0, 0): b' 1534,13,8,1024,0,295,9,3,7,1,2,-70,0,362,6105,97,0,0 '
Received from ('fd00::200:0:0:3', 8765, 0, 0): b' 1535,3,1,512,10,290,13,11,7,2,1,-64,10,4546,26009,102,0,0 '
Received from ('fd00::200:0:0:c', 8765, 0, 0): b' 1534,12,11,1024,0,326,11,7,7,1,3,-52,0,470,5665,97,0,0 '
Received from ('fd00::200:0:0:14', 8765, 0, 0): b' 1535,20,16,1280,0,278,7,8,7,1,2,-52,0,638,8042,70,0,0 '
Received from ('fd00::200:0:0:1', 5678, 0, 0): b' 1536,1,0,256,0,24,0,0,4,0,0,0,10,1343,12179,1863,0,0 '
Received from ('fd00::200:0:0:6', 8765, 0, 0): b' 1536,6,3,768,0,320,10,3,7,1,2,-70,0,667,7593,92,0,0 '
Received from ('fd00::200:0:0:9', 8765, 0, 0): b' 1536,9,5,768,0,275,9,4,7,1,2,-52,0,547,6455,88,0,0 '
Received from ('fd00::200:0:0:10', 8765, 0, 0): b' 1536,16,11,1024,0,273,9,9,7,1,2,-70,4,2519,22304,96,0,0 '
Received from ('fd00::200:0:0:8', 8765, 0, 0): b' 1537,8,3,768,0,308,10,5,7,1,2,-70,2,678,7790,100,0,0 '
Received from ('fd00::200:0:0:13', 8765, 0, 0): b' 1537,19,16,1280,0,288,5,3,7,1,1,-70,0,982,11455,89,0,0 '
Received from ('fd00::200:0:0:5', 8765, 0, 0): b' 1537,5,1,512,0,293,14,1,6,1,1,-94,1,1109,17164,102,0,0 '
Received from ('fd00::200:0:0:e', 8765, 0, 0): b' 1537,14,11,1024,0,309,10,3,7,1,2,-70,1,930,11031,90,0,0 '
Received from ('fd00::200:0:0:3', 8765, 0, 0): b' 1539,3,1,512,0,291,13,11,7,2,1,-64,10,2078,13330,102,0,0 '
Received from ('fd00::200:0:0:c', 8765, 0, 0): b' 1539,12,11,1024,0,327,11,7,7,1,3,-52,0,373,5915,98,0,0 '
Received from ('fd00::200:0:0:14', 8765, 0, 0): b' 1539,20,16,1280,0,281,7,8,7,1,2,-52,0,468,4197,70,0,0 '
Received from ('fd00::200:0:0:b', 8765, 0, 0): b' 1540,11,3,768,20,276,9,8,7,2,1,-95,10,4296,30818,133,1,4 '
Received from ('fd00::200:0:0:7', 8765, 0, 0): b' 1539,7,4,768,0,230,9,5,7,1,3,-70,0,560,8682,85,0,0 '
Received from ('fd00::200:0:0:a', 8765, 0, 0): b' 1539,10,11,1024,10,318,7,5,7,1,1,-52,0,800,9072,93,0,0 '
Received from ('fd00::200:0:0:2', 8765, 0, 0): b' 1541,2,1,512,0,323,14,1,6,1,1,-88,0,842,13760,103,0,0 '
Received from ('fd00::200:0:0:12', 8765, 0, 0): b' 1540,18,14,1280,0,308,7,4,5,1,1,-52,0,597,9260,88,0,0 '
Received from ('fd00::200:0:0:1', 5678, 0, 0): b' 1541,1,0,256,0,24,0,0,4,0,0,0,10,1343,14054,1870,0,0 '
Received from ('fd00::200:0:0:f', 8765, 0, 0): b' 1541,15,11,1024,0,268,6,12,7,1,2,-52,0,555,10624,66,0,0 '
Received from ('fd00::200:0:0:11', 8765, 0, 0): b' 1541,17,16,1280,0,294,5,4,7,1,1,-52,0,647,9575,94,0,0 '
Received from ('fd00::200:0:0:8', 8765, 0, 0): b' 1542,8,3,768,10,309,10,5,7,1,2,-70,2,417,7198,100,0,0 '
Received from ('fd00::200:0:0:4', 8765, 0, 0): b' 1543,4,1,512,0,285,13,2,7,1,1,-66,1,1218,15916,103,0,0 '
Received from ('fd00::200:0:0:13', 8765, 0, 0): b' 1541,19,16,1280,0,288,5,3,7,1,1,-70,0,311,4471,90,0,0 '
Received from ('fd00::200:0:0:15', 8765, 0, 0): b' 1542,21,16,1280,10,286,5,3,5,1,1,-70,0,641,10451,94,0,0 '
Received from ('fd00::200:0:0:5', 8765, 0, 0): b' 1543,5,1,512,0,295,14,1,6,1,1,-94,1,678,8715,102,0,0 '
Received from ('fd00::200:0:0:d', 8765, 0, 0): b' 1543,13,8,1024,0,298,9,3,7,1,2,-70,0,719,10760,97,0,0 '
Received from ('fd00::200:0:0:10', 8765, 0, 0): b' 1543,16,11,1024,10,275,9,9,7,1,2,-70,4,1946,18903,96,0,0 '
Received from ('fd00::200:0:0:14', 8765, 0, 0): b' 1543,20,16,1280,0,281,7,8,7,1,2,-52,0,254,3764,70,0,0 '
Received from ('fd00::200:0:0:c', 8765, 0, 0): b' 1544,12,11,1024,0,327,11,7,7,1,3,-52,0,255,5592,98,0,0 '
Received from ('fd00::200:0:0:a', 8765, 0, 0): b' 1544,10,11,1024,0,321,7,5,7,1,1,-52,0,473,4863,93,0,0 '
Received from ('fd00::200:0:0:7', 8765, 0, 0): b' 1544,7,4,768,0,231,9,5,7,1,3,-70,0,382,5314,85,0,0 '
Received from ('fd00::200:0:0:6', 8765, 0, 0): b' 1546,6,3,768,0,321,10,3,7,1,2,-70,0,522,9444,92,0,0 '
Received from ('fd00::200:0:0:9', 8765, 0, 0): b' 1546,9,5,768,10,279,9,4,7,1,2,-52,0,848,10243,89,0,0 '
Received from ('fd00::200:0:0:f', 8765, 0, 0): b' 1547,15,11,1024,10,271,6,12,7,1,2,-52,0,641,5824,67,0,0 '
Received from ('fd00::200:0:0:5', 8765, 0, 0): b' 1548,5,1,512,0,295,14,1,6,1,1,-94,1,551,8445,102,0,0 '
Received from ('fd00::200:0:0:13', 8765, 0, 0): b' 1547,19,16,1280,0,290,5,3,7,1,1,-70,0,486,5816,90,0,0 '
Received from ('fd00::200:0:0:e', 8765, 0, 0): b' 1549,14,11,1024,0,312,10,3,7,1,2,-70,1,1313,14976,91,0,0 '
Received from ('fd00::200:0:0:4', 8765, 0, 0): b' 1549,4,1,512,0,288,13,2,7,1,1,-66,1,912,10749,103,0,0 '
Received from ('fd00::200:0:0:a', 8765, 0, 0): b' 1549,10,11,1024,0,323,7,5,7,1,1,-52,0,468,4758,93,0,0 '
Received from ('fd00::200:0:0:3', 8765, 0, 0): b' 1550,3,1,512,10,295,13,11,7,2,1,-64,10,6460,37739,103,0,0 '
Received from ('fd00::200:0:0:c', 8765, 0, 0): b' 1549,12,11,1024,0,328,11,7,7,1,3,-52,0,456,7357,98,0,0 '
Received from ('fd00::200:0:0:11', 8765, 0, 0): b' 1548,17,16,1280,0,295,5,4,7,1,1,-52,0,562,7676,95,0,0 '
Received from ('fd00::200:0:0:8', 8765, 0, 0): b' 1550,8,3,768,10,311,10,5,7,1,2,-70,2,1240,13074,101,0,0 '
Received from ('fd00::200:0:0:12', 8765, 0, 0): b' 1550,18,14,1280,0,312,7,4,5,1,1,-52,0,851,9877,88,0,0 '
Received from ('fd00::200:0:0:b', 8765, 0, 0): b' 1551,11,3,768,0,278,9,8,7,2,1,-95,10,5737,38045,136,1,4 '
Received from ('fd00::200:0:0:2', 8765, 0, 0): b' 1552,2,1,512,0,329,14,1,6,1,1,-88,0,1140,14286,104,0,0 '
Received from ('fd00::200:0:0:1', 5678, 0, 0): b' 1552,1,0,256,0,24,0,0,4,0,0,0,10,3007,29608,1886,0,0 '
Received from ('fd00::200:0:0:6', 8765, 0, 0): b' 1552,6,3,768,0,323,10,3,7,1,2,-70,0,449,5889,93,0,0 '
Received from ('fd00::200:0:0:15', 8765, 0, 0): b' 1551,21,16,1280,0,287,5,3,5,1,1,-70,0,640,12266,95,0,0 '
Received from ('fd00::200:0:0:10', 8765, 0, 0): b' 1553,16,11,1024,0,278,9,9,7,1,2,-70,4,2519,24170,97,0,0 '
Received from ('fd00::200:0:0:7', 8765, 0, 0): b' 1552,7,4,768,0,234,9,5,7,1,3,-70,0,676,8351,86,0,0 '
Received from ('fd00::200:0:0:f', 8765, 0, 0): b' 1555,15,11,1024,0,274,6,12,7,1,2,-52,0,732,7693,67,0,0 '
Received from ('fd00::200:0:0:d', 8765, 0, 0): b' 1555,13,8,1024,0,301,9,3,7,1,2,-70,0,846,13867,98,0,0 '
Received from ('fd00::200:0:0:13', 8765, 0, 0): b' 1554,19,16,1280,10,292,5,3,7,1,1,-70,0,645,6648,91,0,0 '
Received from ('fd00::200:0:0:14', 8765, 0, 0): b' 1555,20,16,1280,0,285,7,8,7,1,2,-52,0,931,11328,71,0,0 '
Received from ('fd00::200:0:0:5', 8765, 0, 0): b' 1555,5,1,512,0,297,14,1,6,1,1,-94,1,831,10419,103,0,0 '
Received from ('fd00::200:0:0:b', 8765, 0, 0): b' 1556,11,3,768,0,278,9,8,7,2,1,-95,10,2091,17521,138,1,4 '
Received from ('fd00::200:0:0:c', 8765, 0, 0): b' 1557,12,11,1024,0,330,11,7,7,1,3,-52,0,668,8109,99,0,0 '
Received from ('fd00::200:0:0:11', 8765, 0, 0): b' 1556,17,16,1280,0,298,5,4,7,1,1,-52,0,623,7217,95,0,0 '
Received from ('fd00::200:0:0:8', 8765, 0, 0): b' 1558,8,3,768,0,313,10,5,7,1,2,-70,2,806,11791,101,0,0 '
Received from ('fd00::200:0:0:10', 8765, 0, 0): b' 1558,16,11,1024,10,279,9,9,7,1,2,-70,4,1222,12594,97,0,0 '
Received from ('fd00::200:0:0:9', 8765, 0, 0): b' 1557,9,5,768,0,282,9,4,7,1,2,-52,0,823,10919,89,0,0 '
Received from ('fd00::200:0:0:4', 8765, 0, 0): b' 1558,4,1,512,0,290,13,2,7,1,1,-66,1,988,13994,104,0,0 '
Received from ('fd00::200:0:0:e', 8765, 0, 0): b' 1559,14,11,1024,0,315,10,3,7,1,2,-70,1,1119,11997,91,0,0 '
Received from ('fd00::200:0:0:1', 5678, 0, 0): b' 1559,1,0,256,0,24,0,0,4,0,0,0,10,1629,18242,1895,0,0 '
Received from ('fd00::200:0:0:7', 8765, 0, 0): b' 1559,7,4,768,0,236,9,5,7,1,3,-70,0,580,5700,86,0,0 '
Received from ('fd00::200:0:0:2', 8765, 0, 0): b' 1560,2,1,512,0,331,14,1,6,1,1,-88,0,517,9811,104,0,0 '
Received from ('fd00::200:0:0:d', 8765, 0, 0): b' 1560,13,8,1024,0,302,9,3,7,1,2,-70,0,385,6464,98,0,0 '
Received from ('fd00::200:0:0:14', 8765, 0, 0): b' 1560,20,16,1280,0,285,7,8,7,1,2,-52,0,280,4601,71,0,0 '
Received from ('fd00::200:0:0:12', 8765, 0, 0): b' 1560,18,14,1280,0,315,7,4,5,1,1,-52,0,800,9257,89,0,0 '
Received from ('fd00::200:0:0:3', 8765, 0, 0): b' 1561,3,1,512,0,299,13,11,7,2,1,-64,10,5694,35143,103,0,0 '
Received from ('fd00::200:0:0:a', 8765, 0, 0): b' 1562,10,11,1024,0,326,7,5,7,1,1,-52,0,824,11381,94,0,0 '
Received from ('fd00::200:0:0:6', 8765, 0, 0): b' 1563,6,3,768,0,325,10,3,7,1,2,-70,0,635,9185,93,0,0 '
Received from ('fd00::200:0:0:15', 8765, 0, 0): b' 1561,21,16,1280,0,288,5,3,5,1,1,-70,0,410,9976,95,0,0 '
Received from ('fd00::200:0:0:10', 8765, 0, 0): b' 1564,16,11,1024,10,281,9,9,7,1,2,-70,4,1270,13341,98,0,0 '
Received from ('fd00::200:0:0:5', 8765, 0, 0): b' 1563,5,1,512,0,299,14,1,6,1,1,-94,1,886,12050,103,0,0 '
Received from ('fd00::200:0:0:e', 8765, 0, 0): b' 1564,14,11,1024,0,317,10,3,7,1,2,-70,1,783,6890,92,0,0 '
Received from ('fd00::200:0:0:f', 8765, 0, 0): b' 1565,15,11,1024,0,277,6,12,7,1,2,-52,0,801,10002,68,0,0 '
Received from ('fd00::200:0:0:4', 8765, 0, 0): b' 1564,4,1,512,0,290,13,2,7,1,1,-66,1,616,9891,104,0,0 '
Received from ('fd00::200:0:0:c', 8765, 0, 0): b' 1565,12,11,1024,0,335,11,7,7,1,3,-52,0,908,10917,99,0,0 '
Received from ('fd00::200:0:0:b', 8765, 0, 0): b' 1566,11,3,768,20,282,9,8,7,2,1,-95,10,4629,31271,140,1,4 '
Received from ('fd00::200:0:0:13', 8765, 0, 0): b' 1565,19,16,1280,0,293,5,3,7,1,1,-70,0,555,9583,91,0,0 '
Received from ('fd00::200:0:0:8', 8765, 0, 0): b' 1569,8,3,768,0,315,10,5,7,1,2,-70,2,1213,15764,102,0,0 '
Received from ('fd00::200:0:0:11', 8765, 0, 0): b' 1567,17,16,1280,0,301,5,4,7,1,1,-52,0,866,10782,96,0,0 '
Received from ('fd00::200:0:0:3', 8765, 0, 0): b' 1569,3,1,512,10,299,13,11,7,2,1,-64,10,3820,24259,104,0,0 '
Received from ('fd00::200:0:0:9', 8765, 0, 0): b' 1567,9,5,768,0,284,9,4,7,1,2,-52,0,761,9794,90,0,0 '
Received from ('fd00::200:0:0:15', 8765, 0, 0): b' 1568,21,16,1280,0,292,5,3,5,1,1,-70,0,887,8577,96,0,0 '
Received from ('fd00::200:0:0:10', 8765, 0, 0): b' 1569,16,11,1024,0,282,9,9,7,1,2,-70,4,1743,14264,98,0,0 '
Received from ('fd00::200:0:0:14', 8765, 0, 0): b' 1568,20,16,1280,0,287,7,8,7,1,2,-52,0,572,8117,72,0,0 '
Received from ('fd00::200:0:0:2', 8765, 0, 0): b' 1568,2,1,512,10,332,14,1,6,1,1,-88,0,580,10129,105,0,0 '
Received from ('fd00::200:0:0:7', 8765, 0, 0): b' 1568,7,4,768,0,240,9,5,7,1,3,-70,0,807,9430,87,0,0 '
Received from ('fd00::200:0:0:12', 8765, 0, 0): b' 1568,18,14,1280,0,316,7,4,5,1,1,-52,0,409,7556,89,0,0 '
Received from ('fd00::200:0:0:a', 8765, 0, 0): b' 1570,10,11,1024,0,330,7,5,7,1,1,-52,0,884,8278,95,0,0 '
Received from ('fd00::200:0:0:b', 8765, 0, 0): b' 1571,11,3,768,20,283,9,8,7,2,1,-95,10,2197,14819,141,1,4 '
Received from ('fd00::200:0:0:1', 5678, 0, 0): b' 1570,1,0,256,0,24,0,0,4,0,0,0,10,3106,31127,1914,0,0 '
Received from ('fd00::200:0:0:d', 8765, 0, 0): b' 1570,13,8,1024,20,303,9,3,7,1,2,-70,0,482,11053,99,0,0 '
Received from ('fd00::200:0:0:11', 8765, 0, 0): b' 1574,17,16,1280,0,302,5,4,7,1,1,-52,0,386,5156,96,0,0 '
Received from ('fd00::200:0:0:6', 8765, 0, 0): b' 1574,6,3,768,10,329,10,3,7,1,2,-70,0,865,10925,94,0,0 '
Received from ('fd00::200:0:0:10', 8765, 0, 0): b' 1574,16,11,1024,0,284,9,9,7,1,2,-70,4,1074,12214,98,0,0 '
Received from ('fd00::200:0:0:4', 8765, 0, 0): b' 1574,4,1,512,0,293,13,2,7,1,1,-66,1,1219,14613,105,0,0 '
Received from ('fd00::200:0:0:a', 8765, 0, 0): b' 1574,10,11,1024,0,333,7,5,7,1,1,-52,0,599,5116,95,0,0 '
Received from ('fd00::200:0:0:5', 8765, 0, 0): b' 1575,5,1,512,10,305,14,1,6,1,1,-94,1,1560,17339,104,0,0 '
Received from ('fd00::200:0:0:7', 8765, 0, 0): b' 1573,7,4,768,10,241,9,5,7,1,3,-70,0,251,4515,87,0,0 '
Received from ('fd00::200:0:0:8', 8765, 0, 0): b' 1576,8,3,768,0,315,10,5,7,1,2,-70,2,620,10942,102,0,0 '
Received from ('fd00::200:0:0:9', 8765, 0, 0): b' 1573,9,5,768,0,286,9,4,7,1,2,-52,0,489,5723,90,0,0 '
Received from ('fd00::200:0:0:13', 8765, 0, 0): b' 1576,19,16,1280,0,294,5,3,7,1,1,-70,0,615,9361,92,0,0 '
Received from ('fd00::200:0:0:b', 8765, 0, 0): b' 1576,11,3,768,30,286,9,9,7,2,1,-95,10,2384,18248,143,1,4 '
Received from ('fd00::200:0:0:e', 8765, 0, 0): b' 1576,14,11,1024,0,318,10,3,7,1,2,-70,1,1117,15117,93,0,0 '
Received from ('fd00::200:0:0:c', 8765, 0, 0): b' 1576,12,11,1024,0,338,11,7,7,1,3,-52,0,854,13358,100,0,0 '
Received from ('fd00::200:0:0:f', 8765, 0, 0): b' 1577,15,11,1024,0,281,6,12,7,1,2,-52,0,933,11593,69,0,0 '
Received from ('fd00::200:0:0:14', 8765, 0, 0): b' 1577,20,16,1280,10,289,7,8,7,1,2,-52,0,409,7292,72,0,0 '
Received from ('fd00::200:0:0:2', 8765, 0, 0): b' 1577,2,1,512,0,336,14,1,6,1,1,-88,0,927,11613,106,0,0 '
Received from ('fd00::200:0:0:12', 8765, 0, 0): b' 1577,18,14,1280,0,317,7,4,5,1,1,-52,0,586,8586,90,0,0 '
Received from ('fd00::200:0:0:6', 8765, 0, 0): b' 1579,6,3,768,0,330,10,3,7,1,2,-70,0,548,5601,95,0,0 '
Received from ('fd00::200:0:0:15', 8765, 0, 0): b' 1579,21,16,1280,10,294,5,3,5,1,1,-70,0,596,12410,97,0,0 '
Received from ('fd00::200:0:0:d', 8765, 0, 0): b' 1579,13,8,1024,0,308,9,3,7,1,2,-70,0,1025,12027,100,0,0 '
Received from ('fd00::200:0:0:3', 8765, 0, 0): b' 1580,3,1,512,0,302,13,11,7,2,1,-64,10,6681,38473,105,0,0 '
Received from ('fd00::200:0:0:10', 8765, 0, 0): b' 1580,16,11,1024,0,284,9,9,7,1,2,-70,4,1786,17312,99,0,0 '
Received from ('fd00::200:0:0:1', 5678, 0, 0): b' 1580,1,0,256,0,24,0,0,4,0,0,0,10,2925,28203,1932,0,0 '
Received from ('fd00::200:0:0:4', 8765, 0, 0): b' 1581,4,1,512,0,294,13,2,7,1,1,-66,1,792,11328,105,0,0 '
Received from ('fd00::200:0:0:7', 8765, 0, 0): b' 1581,7,4,768,0,242,9,5,7,1,3,-70,0,611,7932,87,0,0 '
Received from ('fd00::200:0:0:12', 8765, 0, 0): b' 1581,18,14,1280,0,321,7,4,5,1,1,-52,0,682,4561,90,0,0 '
Received from ('fd00::200:0:0:11', 8765, 0, 0): b' 1583,17,16,1280,0,307,5,4,7,1,1,-52,0,990,8807,97,0,0 '
Received from ('fd00::200:0:0:2', 8765, 0, 0): b' 1582,2,1,512,0,337,14,1,6,1,1,-88,0,258,5169,106,0,0 '
Received from ('fd00::200:0:0:14', 8765, 0, 0): b' 1582,20,16,1280,0,291,7,8,7,1,2,-52,0,632,5435,73,0,0 '
Received from ('fd00::200:0:0:9', 8765, 0, 0): b' 1581,9,5,768,0,289,9,4,7,1,2,-52,0,670,8115,91,0,0 '
Received from ('fd00::200:0:0:8', 8765, 0, 0): b' 1582,8,3,768,0,317,10,5,7,1,2,-70,2,1125,12657,103,0,0 '
Received from ('fd00::200:0:0:5', 8765, 0, 0): b' 1583,5,1,512,0,309,14,1,6,1,1,-94,1,1445,14564,105,0,0 '
Received from ('fd00::200:0:0:15', 8765, 0, 0): b' 1584,21,16,1280,0,295,5,3,5,1,1,-70,0,513,6552,97,0,0 '
Received from ('fd00::200:0:0:e', 8765, 0, 0): b' 1583,14,11,1024,0,319,10,3,7,1,2,-70,1,1084,10913,93,0,0 '
Received from ('fd00::200:0:0:c', 8765, 0, 0): b' 1583,12,11,1024,0,342,11,7,7,1,3,-52,0,734,10364,100,0,0 '
Received from ('fd00::200:0:0:a', 8765, 0, 0): b' 1584,10,11,1024,0,334,7,5,7,1,1,-52,0,586,10025,96,0,0 '
Received from ('fd00::200:0:0:f', 8765, 0, 0): b' 1584,15,11,1024,0,283,6,12,7,1,2,-52,0,518,7962,69,0,0 '
Received from ('fd00::200:0:0:b', 8765, 0, 0): b' 1585,11,3,768,10,288,9,10,7,2,1,-95,10,4880,33307,145,1,4 '
Received from ('fd00::200:0:0:13', 8765, 0, 0): b' 1587,19,16,1280,0,300,5,3,7,1,1,-70,0,1205,11540,93,0,0 '
Received from ('fd00::200:0:0:8', 8765, 0, 0): b' 1586,8,3,768,10,318,10,5,7,1,2,-70,2,339,6007,103,0,0 '
Received from ('fd00::200:0:0:6', 8765, 0, 0): b' 1587,6,3,768,0,335,10,3,7,1,2,-70,0,1002,8946,95,0,0 '
Received from ('fd00::200:0:0:12', 8765, 0, 0): b' 1587,18,14,1280,10,324,7,4,5,1,1,-52,0,725,6417,91,0,0 '
Received from ('fd00::200:0:0:14', 8765, 0, 0): b' 1588,20,16,1280,0,295,7,8,7,1,2,-52,0,772,6307,73,0,0 '
Received from ('fd00::200:0:0:1', 5678, 0, 0): b' 1588,1,0,256,0,24,0,0,4,0,0,0,10,1650,20984,1939,0,0 '
Received from ('fd00::200:0:0:11', 8765, 0, 0): b' 1589,17,16,1280,10,311,5,4,7,1,1,-52,0,599,6607,97,0,0 '
Received from ('fd00::200:0:0:c', 8765, 0, 0): b' 1588,12,11,1024,0,344,11,7,7,1,3,-52,0,550,6539,101,0,0 '
Received from ('fd00::200:0:0:9', 8765, 0, 0): b' 1589,9,5,768,0,290,9,4,7,1,2,-52,0,479,6725,91,0,0 '
Received from ('fd00::200:0:0:10', 8765, 0, 0): b' 1589,16,11,1024,0,287,9,9,7,1,2,-70,4,2854,25845,99,0,0 '
Received from ('fd00::200:0:0:4', 8765, 0, 0): b' 1589,4,1,512,0,296,13,2,7,1,1,-66,1,1017,13694,106,0,0 '
Received from ('fd00::200:0:0:15', 8765, 0, 0): b' 1590,21,16,1280,0,296,5,3,5,1,1,-70,0,385,6903,97,0,0 '
Received from ('fd00::200:0:0:d', 8765, 0, 0): b' 1590,13,8,1024,10,313,9,3,7,1,2,-70,0,982,13440,100,0,0 '
Received from ('fd00::200:0:0:7', 8765, 0, 0): b' 1591,7,4,768,0,246,9,5,7,1,3,-70,0,801,10257,88,0,0 '
Received from ('fd00::200:0:0:3', 8765, 0, 0): b' 1592,3,1,512,0,304,13,11,7,2,1,-64,10,6128,37925,105,0,0 '
Received from ('fd00::200:0:0:e', 8765, 0, 0): b' 1591,14,11,1024,0,326,10,3,7,1,2,-70,1,1435,11575,94,0,0 '
Received from ('fd00::200:0:0:11', 8765, 0, 0): b' 1593,17,16,1280,0,311,5,4,7,1,1,-52,0,418,4277,98,0,0 '
Received from ('fd00::200:0:0:6', 8765, 0, 0): b' 1591,6,3,768,0,337,10,3,7,1,2,-70,0,485,4923,95,0,0 '
Received from ('fd00::200:0:0:5', 8765, 0, 0): b' 1593,5,1,512,0,310,14,1,6,1,1,-94,1,804,15156,105,0,0 '
Received from ('fd00::200:0:0:2', 8765, 0, 0): b' 1593,2,1,512,0,338,14,1,6,1,1,-88,0,628,13486,107,0,0 '
Received from ('fd00::200:0:0:a', 8765, 0, 0): b' 1593,10,11,1024,0,337,7,5,7,1,1,-52,0,618,8300,96,0,0 '
Received from ('fd00::200:0:0:8', 8765, 0, 0): b' 1595,8,3,768,0,324,10,5,7,1,2,-70,2,1800,15578,104,0,0 '
Received from ('fd00::200:0:0:13', 8765, 0, 0): b' 1595,19,16,1280,0,304,5,3,7,1,1,-70,0,817,8571,93,0,0 '
Received from ('fd00::200:0:0:d', 8765, 0, 0): b' 1595,13,8,1024,0,316,9,3,7,1,2,-70,0,679,7639,101,0,0 '
Received from ('fd00::200:0:0:b', 8765, 0, 0): b' 1596,11,3,768,0,291,9,10,7,2,1,-95,10,4875,36858,148,1,4 '
Received from ('fd00::200:0:0:f', 8765, 0, 0): b' 1596,15,11,1024,0,287,6,12,7,1,2,-52,0,993,11331,70,0,0 '
Received from ('fd00::200:0:0:e', 8765, 0, 0): b' 1596,14,11,1024,0,327,10,3,7,1,2,-70,1,415,5545,94,0,0 '
Received from ('fd00::200:0:0:14', 8765, 0, 0): b' 1596,20,16,1280,0,295,7,8,7,1,2,-52,0,479,8869,74,0,0 '
Received from ('fd00::200:0:0:4', 8765, 0, 0): b' 1596,4,1,512,10,300,13,2,7,1,1,-66,1,992,11193,106,0,0 '
Received from ('fd00::200:0:0:a', 8765, 0, 0): b' 1597,10,11,1024,0,341,7,5,7,1,1,-52,0,732,5250,97,0,0 '
Received from ('fd00::200:0:0:c', 8765, 0, 0): b' 1597,12,11,1024,0,347,11,7,7,1,3,-52,0,740,11291,101,0,0 '
Received from ('fd00::200:0:0:10', 8765, 0, 0): b' 1597,16,11,1024,10,291,9,9,7,1,2,-70,4,2271,23037,100,0,0 '
Received from ('fd00::200:0:0:9', 8765, 0, 0): b' 1599,9,5,768,0,293,9,4,7,1,2,-52,0,797,9503,92,0,0 '
Received from ('fd00::200:0:0:1', 5678, 0, 0): b' 1599,1,0,256,0,24,0,0,4,0,0,0,10,3065,30452,1959,0,0 '
Received from ('fd00::200:0:0:15', 8765, 0, 0): b' 1599,21,16,1280,0,298,5,3,5,1,1,-70,0,624,12208,98,0,0 '
Received from ('fd00::200:0:0:12', 8765, 0, 0): b' 1598,18,14,1280,0,326,7,4,5,1,1,-52,0,662,11365,91,0,0 '
Received from ('fd00::200:0:0:5', 8765, 0, 0): b' 1599,5,1,512,0,312,14,1,6,1,1,-94,1,1033,11051,106,0,0 '
Received from ('fd00::200:0:0:b', 8765, 0, 0): b' 1599,11,3,768,0,291,9,10,7,2,1,-95,10,2187,14625,149,1,4 '
Received from ('fd00::200:0:0:7', 8765, 0, 0): b' 1601,7,4,768,0,249,9,5,7,1,3,-70,0,792,10202,89,0,0 '
Received from ('fd00::200:0:0:14', 8765, 0, 0): b' 1601,20,16,1280,0,296,7,8,7,1,2,-52,0,361,4532,74,0,0 '
Received from ('fd00::200:0:0:f', 8765, 0, 0): b' 1600,15,11,1024,0,288,6,12,7,1,2,-52,0,387,5329,70,0,0 '
Received from ('fd00::200:0:0:11', 8765, 0, 0): b' 1602,17,16,1280,10,314,5,4,7,1,1,-52,0,647,9934,98,0,0 '
Received from ('fd00::200:0:0:3', 8765, 0, 0): b' 1602,3,1,512,0,311,13,11,7,2,1,-64,10,6938,40019,106,0,0 '
Received from ('fd00::200:0:0:6', 8765, 0, 0): b' 1603,6,3,768,0,343,10,3,7,1,2,-70,0,1006,11501,96,0,0 '
Received from ('fd00::200:0:0:c', 8765, 0, 0): b' 1601,12,11,1024,0,347,11,7,7,1,3,-52,0,342,6341,102,0,0 '
Received from ('fd00::200:0:0:13', 8765, 0, 0): b' 1603,19,16,1280,0,305,5,3,7,1,1,-70,0,489,8370,94,0,0 '
Received from ('fd00::200:0:0:4', 8765, 0, 0): b' 1603,4,1,512,0,303,13,2,7,1,1,-66,1,1138,12178,107,0,0 '
Received from ('fd00::200:0:0:10', 8765, 0, 0): b' 1602,16,11,1024,20,293,9,9,7,1,2,-70,4,1786,15431,100,0,0 '
Received from ('fd00::200:0:0:8', 8765, 0, 0): b' 1603,8,3,768,0,328,10,5,7,1,2,-70,2,1154,14895,104,0,0 '
Received from ('fd00::200:0:0:9', 8765, 0, 0): b' 1604,9,5,768,0,295,9,4,7,1,2,-52,0,489,5793,92,0,0 '
Received from ('fd00::200:0:0:2', 8765, 0, 0): b' 1604,2,1,512,10,342,14,1,6,1,1,-88,0,851,13974,107,0,0 '
Received from ('fd00::200:0:0:15', 8765, 0, 0): b' 1605,21,16,1280,0,299,5,3,5,1,1,-70,0,386,6498,98,0,0 '
Received from ('fd00::200:0:0:e', 8765, 0, 0): b' 1603,14,11,1024,10,329,10,3,7,1,2,-70,1,995,11186,94,0,0 '
Received from ('fd00::200:0:0:1', 5678, 0, 0): b' 1605,1,0,256,0,24,0,0,4,0,0,0,10,1513,15641,1963,0,0 '
Received from ('fd00::200:0:0:d', 8765, 0, 0): b' 1604,13,8,1024,0,320,9,3,7,1,2,-70,0,851,12054,101,0,0 '
Received from ('fd00::200:0:0:b', 8765, 0, 0): b' 1604,11,3,768,10,292,9,10,7,2,1,-95,10,2394,17337,150,1,4 '
Received from ('fd00::200:0:0:11', 8765, 0, 0): b' 1607,17,16,1280,0,315,5,4,7,1,1,-52,0,443,4454,99,0,0 '
Received from ('fd00::200:0:0:3', 8765, 0, 0): b' 1607,3,1,512,10,314,13,11,7,2,1,-64,10,2759,15447,106,0,0 '
Received from ('fd00::200:0:0:7', 8765, 0, 0): b' 1607,7,4,768,0,250,9,5,7,1,3,-70,0,377,6277,89,0,0 '
Received from ('fd00::200:0:0:6', 8765, 0, 0): b' 1608,6,3,768,0,343,10,3,7,1,2,-70,0,334,4710,97,0,0 '
Received from ('fd00::200:0:0:a', 8765, 0, 0): b' 1606,10,11,1024,10,344,7,5,7,1,1,-52,0,738,9813,97,0,0 '
Received from ('fd00::200:0:0:e', 8765, 0, 0): b' 1608,14,11,1024,0,330,10,3,7,1,2,-70,1,432,6054,95,0,0 '
Received from ('fd00::200:0:0:4', 8765, 0, 0): b' 1609,4,1,512,0,304,13,2,7,1,1,-66,1,656,8715,107,0,0 '
Received from ('fd00::200:0:0:b', 8765, 0, 0): b' 1609,11,3,768,0,294,9,10,7,2,1,-95,10,2200,16631,152,1,4 '
Received from ('fd00::200:0:0:f', 8765, 0, 0): b' 1609,15,11,1024,0,290,6,12,7,1,2,-52,0,597,8974,71,0,0 '
Received from ('fd00::200:0:0:5', 8765, 0, 0): b' 1610,5,1,512,0,317,14,1,6,1,1,-94,1,1603,18268,107,0,0 '
Received from ('fd00::200:0:0:12', 8765, 0, 0): b' 1610,18,14,1280,0,327,7,4,5,1,1,-52,0,587,10627,92,0,0 '
Received from ('fd00::200:0:0:c', 8765, 0, 0): b' 1610,12,11,1024,0,349,11,7,7,1,3,-52,0,609,9825,102,0,0 '
Received from ('fd00::200:0:0:14', 8765, 0, 0): b' 1610,20,16,1280,0,299,7,8,7,1,2,-52,0,800,10100,75,0,0 '
Received from ('fd00::200:0:0:10', 8765, 0, 0): b' 1611,16,11,1024,0,295,9,9,7,1,2,-70,4,2236,22437,101,0,0 '
Received from ('fd00::200:0:0:8', 8765, 0, 0): b' 1612,8,3,768,0,332,10,5,7,1,2,-70,2,1442,14644,105,0,0 '
Received from ('fd00::200:0:0:9', 8765, 0, 0): b' 1612,9,5,768,0,296,9,4,7,1,2,-52,0,462,8050,93,0,0 '
Received from ('fd00::200:0:0:1', 5678, 0, 0): b' 1613,1,0,256,0,24,0,0,4,0,0,0,10,2327,22054,1979,0,0 '
Received from ('fd00::200:0:0:13', 8765, 0, 0): b' 1614,19,16,1280,0,313,5,3,7,1,1,-70,0,1329,11712,95,0,0 '
Received from ('fd00::200:0:0:6', 8765, 0, 0): b' 1614,6,3,768,0,346,10,3,7,1,2,-70,0,591,6882,97,0,0 '
Received from ('fd00::200:0:0:7', 8765, 0, 0): b' 1615,7,4,768,0,253,9,5,7,1,3,-70,0,773,7681,90,0,0 '
Received from ('fd00::200:0:0:15', 8765, 0, 0): b' 1614,21,16,1280,0,304,5,3,5,1,1,-70,0,1042,12486,99,0,0 '
Received from ('fd00::200:0:0:2', 8765, 0, 0): b' 1616,2,1,512,0,344,14,1,6,1,1,-88,0,737,14219,108,0,0 '
Received from ('fd00::200:0:0:5', 8765, 0, 0): b' 1615,5,1,512,0,319,14,1,6,1,1,-94,1,872,8401,107,0,0 '
Received from ('fd00::200:0:0:b', 8765, 0, 0): b' 1616,11,3,768,0,297,9,10,7,2,1,-95,10,2701,20278,154,1,4 '
Received from ('fd00::200:0:0:f', 8765, 0, 0): b' 1615,15,11,1024,0,291,6,12,7,1,2,-52,0,380,5634,71,0,0 '
Received from ('fd00::200:0:0:4', 8765, 0, 0): b' 1616,4,1,512,30,307,13,2,7,1,1,-66,1,944,11720,108,0,0 '
Received from ('fd00::200:0:0:12', 8765, 0, 0): b' 1616,18,14,1280,0,328,7,4,5,1,1,-52,0,442,5807,93,0,0 '
Received from ('fd00::200:0:0:d', 8765, 0, 0): b' 1616,13,8,1024,0,323,9,3,7,1,2,-70,0,847,13963,102,0,0 '
Received from ('fd00::200:0:0:a', 8765, 0, 0): b' 1616,10,11,1024,0,346,7,5,7,1,1,-52,0,694,9343,98,0,0 '
Received from ('fd00::200:0:0:1', 5678, 0, 0): b' 1618,1,0,256,0,24,0,0,4,0,0,0,10,1157,12956,1986,0,0 '
Received from ('fd00::200:0:0:e', 8765, 0, 0): b' 1616,14,11,1024,0,331,10,3,7,1,2,-70,1,1057,11298,95,0,0 '
Received from ('fd00::200:0:0:11', 8765, 0, 0): b' 1617,17,16,1280,0,317,5,4,7,1,1,-52,0,693,10584,100,0,0 '
Received from ('fd00::200:0:0:c', 8765, 0, 0): b' 1617,12,11,1024,0,350,11,7,7,1,3,-52,0,495,9084,103,0,0 '
Received from ('fd00::200:0:0:3', 8765, 0, 0): b' 1618,3,1,512,0,315,13,11,7,2,1,-64,10,6396,38830,107,0,0 '
Received from ('fd00::200:0:0:7', 8765, 0, 0): b' 1619,7,4,768,0,255,9,5,7,1,3,-70,0,358,4326,90,0,0 '
Received from ('fd00::200:0:0:8', 8765, 0, 0): b' 1619,8,3,768,10,334,10,5,7,1,2,-70,2,703,10138,105,0,0 '
Received from ('fd00::200:0:0:5', 8765, 0, 0): b' 1621,5,1,512,0,320,14,1,6,1,1,-94,1,501,7708,107,0,0 '
Received from ('fd00::200:0:0:b', 8765, 0, 0): b' 1620,11,3,768,10,299,9,10,7,2,1,-95,10,2155,14912,155,1,4 '
Received from ('fd00::200:0:0:9', 8765, 0, 0): b' 1620,9,5,768,10,299,9,4,7,1,2,-52,0,635,7910,93,0,0 '
Received from ('fd00::200:0:0:1', 5678, 0, 0): b' 1622,1,0,256,0,24,0,0,4,0,0,0,10,888,10255,1990,0,0 '
Received from ('fd00::200:0:0:10', 8765, 0, 0): b' 1620,16,11,1024,0,297,9,9,7,1,2,-70,4,2122,24882,101,0,0 '
Received from ('fd00::200:0:0:14', 8765, 0, 0): b' 1621,20,16,1280,0,301,7,8,7,1,2,-52,0,662,9801,75,0,0 '
Received from ('fd00::200:0:0:6', 8765, 0, 0): b' 1621,6,3,768,0,346,10,3,7,1,2,-70,0,356,7277,98,0,0 '
Received from ('fd00::200:0:0:f', 8765, 0, 0): b' 1621,15,11,1024,0,292,6,12,7,1,2,-52,0,442,5696,72,0,0 '
Received from ('fd00::200:0:0:13', 8765, 0, 0): b' 1621,19,16,1280,0,314,5,3,7,1,1,-70,0,532,8091,95,0,0 '
Received from ('fd00::200:0:0:c', 8765, 0, 0): b' 1621,12,11,1024,0,350,11,7,7,1,3,-52,0,256,4977,103,0,0 '
Received from ('fd00::200:0:0:15', 8765, 0, 0): b' 1622,21,16,1280,0,306,5,3,5,1,1,-70,0,671,10873,100,0,0 '
Received from ('fd00::200:0:0:8', 8765, 0, 0): b' 1623,8,3,768,0,336,10,5,7,1,2,-70,2,948,8511,106,0,0 '
Received from ('fd00::200:0:0:2', 8765, 0, 0): b' 1626,2,1,512,0,344,14,1,6,1,1,-88,0,498,11673,109,0,0 '
Received from ('fd00::200:0:0:11', 8765, 0, 0): b' 1624,17,16,1280,0,319,5,4,7,1,1,-52,0,615,7488,100,0,0 '
Received from ('fd00::200:0:0:4', 8765, 0, 0): b' 1627,4,1,512,0,308,13,2,7,1,1,-66,1,1106,16023,108,0,0 '
Received from ('fd00::200:0:0:a', 8765, 0, 0): b' 1625,10,11,1024,0,347,7,5,7,1,1,-52,0,489,8827,99,0,0 '
Received from ('fd00::200:0:0:1', 5678, 0, 0): b' 1628,1,0,256,0,24,0,0,4,0,0,0,10,1697,17067,2003,0,0 '
Received from ('fd00::200:0:0:10', 8765, 0, 0): b' 1627,16,11,1024,0,297,9,9,7,1,2,-70,4,1941,16911,102,0,0 '
Received from ('fd00::200:0:0:d', 8765, 0, 0): b' 1627,13,8,1024,0,326,9,3,7,1,2,-70,0,853,13598,103,0,0 '
Received from ('fd00::200:0:0:e', 8765, 0, 0): b' 1627,14,11,1024,0,338,10,3,7,1,2,-70,1,1484,13964,96,0,0 '
Received from ('fd00::200:0:0:12', 8765, 0, 0): b' 1627,18,14,1280,0,332,7,4,5,1,1,-52,0,875,10872,93,0,0 '
Received from ('fd00::200:0:0:9', 8765, 0, 0): b' 1628,9,5,768,10,303,9,4,7,1,2,-52,0,867,8190,94,0,0 '
Received from ('fd00::200:0:0:3', 8765, 0, 0): b' 1629,3,1,512,0,316,13,11,7,2,1,-64,10,5466,34765,108,0,0 '
Received from ('fd00::200:0:0:7', 8765, 0, 0): b' 1630,7,4,768,0,258,9,5,7,1,3,-70,0,797,10595,91,0,0 '
Received from ('fd00::200:0:0:c', 8765, 0, 0): b' 1629,12,11,1024,0,353,11,8,7,1,3,-52,0,709,10404,104,0,0 '
Received from ('fd00::200:0:0:5', 8765, 0, 0): b' 1632,5,1,512,0,323,14,1,6,1,1,-94,1,1348,16271,108,0,0 '
Received from ('fd00::200:0:0:15', 8765, 0, 0): b' 1630,21,16,1280,0,309,5,3,5,1,1,-70,0,546,9668,100,0,0 '
Received from ('fd00::200:0:0:6', 8765, 0, 0): b' 1631,6,3,768,0,348,10,3,7,1,2,-70,0,701,9264,98,0,0 '
Received from ('fd00::200:0:0:4', 8765, 0, 0): b' 1632,4,1,512,0,308,13,2,7,1,1,-66,1,644,8573,109,0,0 '
Received from ('fd00::200:0:0:13', 8765, 0, 0): b' 1631,19,16,1280,0,318,5,3,7,1,1,-70,0,786,9219,96,0,0 '
Received from ('fd00::200:0:0:14', 8765, 0, 0): b' 1631,20,16,1280,0,304,7,8,7,1,2,-52,0,703,10205,76,0,0 '
Received from ('fd00::200:0:0:b', 8765, 0, 0): b' 1632,11,3,768,0,301,9,10,7,2,1,-95,10,5395,39065,157,1,4 '
Received from ('fd00::200:0:0:f', 8765, 0, 0): b' 1632,15,11,1024,0,295,6,12,7,1,2,-52,0,865,10207,72,0,0 '
Received from ('fd00::200:0:0:e', 8765, 0, 0): b' 1633,14,11,1024,0,340,10,3,7,1,2,-70,1,899,8365,96,0,0 '
Received from ('fd00::200:0:0:8', 8765, 0, 0): b' 1634,8,3,768,0,337,10,5,7,1,2,-70,2,923,15721,106,0,0 '
Received from ('fd00::200:0:0:2', 8765, 0, 0): b' 1635,2,1,512,0,346,14,1,6,1,1,-88,0,637,10942,109,0,0 '
Received from ('fd00::200:0:0:11', 8765, 0, 0): b' 1633,17,16,1280,0,323,5,4,7,1,1,-52,0,875,9336,101,0,0 '
Received from ('fd00::200:0:0:a', 8765, 0, 0): b' 1635,10,11,1024,0,351,7,5,7,1,1,-52,0,846,9363,99,0,0 '
Received from ('fd00::200:0:0:4', 8765, 0, 0): b' 1637,4,1,512,0,310,13,2,7,1,1,-66,1,682,7282,109,0,0 '
Received from ('fd00::200:0:0:1', 5678, 0, 0): b' 1637,1,0,256,0,24,0,0,4,0,0,0,10,2058,23759,2014,0,0 '
Received from ('fd00::200:0:0:3', 8765, 0, 0): b' 1637,3,1,512,10,318,13,11,7,2,1,-64,10,3485,24787,108,0,0 '
Received from ('fd00::200:0:0:f', 8765, 0, 0): b' 1636,15,11,1024,0,297,6,12,7,1,2,-52,0,604,5031,73,0,0 '
Received from ('fd00::200:0:0:c', 8765, 0, 0): b' 1637,12,11,1024,0,356,11,8,7,1,3,-52,0,747,9425,104,0,0 '
Received from ('fd00::200:0:0:10', 8765, 0, 0): b' 1637,16,11,1024,0,300,9,9,7,1,2,-70,4,2422,25841,102,0,0 '
Received from ('fd00::200:0:0:15', 8765, 0, 0): b' 1638,21,16,1280,0,312,5,3,5,1,1,-70,0,721,8630,100,0,0 '
Received from ('fd00::200:0:0:12', 8765, 0, 0): b' 1638,18,14,1280,0,335,7,4,5,1,1,-52,0,801,10256,94,0,0 '
Received from ('fd00::200:0:0:9', 8765, 0, 0): b' 1639,9,5,768,0,308,9,4,7,1,2,-52,0,1030,10802,95,0,0 '
Received from ('fd00::200:0:0:d', 8765, 0, 0): b' 1639,13,8,1024,10,331,9,3,7,1,2,-70,0,1107,14330,104,0,0 '
Received from ('fd00::200:0:0:14', 8765, 0, 0): b' 1638,20,16,1280,0,306,7,8,7,1,2,-52,0,640,6136,77,0,0 '
Received from ('fd00::200:0:0:7', 8765, 0, 0): b' 1641,7,4,768,10,266,9,5,7,1,3,-70,0,1398,11648,91,0,0 '
Received from ('fd00::200:0:0:11', 8765, 0, 0): b' 1641,17,16,1280,10,325,5,4,7,1,1,-52,0,584,6712,101,0,0 '
Received from ('fd00::200:0:0:13', 8765, 0, 0): b' 1642,19,16,1280,0,322,5,3,7,1,1,-70,0,925,10854,97,0,0 '
Received from ('fd00::200:0:0:5', 8765, 0, 0): b' 1643,5,1,512,0,327,14,1,6,1,1,-94,1,1590,19224,109,0,0 '
Received from ('fd00::200:0:0:e', 8765, 0, 0): b' 1642,14,11,1024,0,341,10,3,7,1,2,-70,1,903,10905,97,0,0 '
Received from ('fd00::200:0:0:f', 8765, 0, 0): b' 1641,15,11,1024,10,301,6,12,7,1,2,-52,0,594,5063,73,0,0 '
Received from ('fd00::200:0:0:6', 8765, 0, 0): b' 1643,6,3,768,0,353,10,3,7,1,2,-70,0,1030,11321,99,0,0 '
Received from ('fd00::200:0:0:b', 8765, 0, 0): b' 1643,11,3,768,0,302,9,11,7,2,1,-95,10,5052,36945,160,1,4 '
Received from ('fd00::200:0:0:8', 8765, 0, 0): b' 1643,8,3,768,0,341,10,5,7,1,2,-70,2,1384,15610,107,0,0 '
Received from ('fd00::200:0:0:4', 8765, 0, 0): b' 1645,4,1,512,0,312,13,2,7,1,1,-66,1,966,12889,109,0,0 '
Received from ('fd00::200:0:0:2', 8765, 0, 0): b' 1645,2,1,512,0,350,14,1,6,1,1,-88,0,926,13332,110,0,0 '
Received from ('fd00::200:0:0:12', 8765, 0, 0): b' 1644,18,14,1280,10,339,7,4,5,1,1,-52,0,860,6870,95,0,0 '
Received from ('fd00::200:0:0:15', 8765, 0, 0): b' 1644,21,16,1280,0,313,5,3,5,1,1,-70,0,470,8869,101,0,0 '
Received from ('fd00::200:0:0:a', 8765, 0, 0): b' 1645,10,11,1024,0,355,7,5,7,1,1,-52,0,901,9735,100,0,0 '
Received from ('fd00::200:0:0:9', 8765, 0, 0): b' 1647,9,5,768,0,312,9,4,7,1,2,-52,0,723,7675,95,0,0 '
Received from ('fd00::200:0:0:10', 8765, 0, 0): b' 1646,16,11,1024,10,303,9,9,7,1,2,-70,4,2543,23792,103,0,0 '
Received from ('fd00::200:0:0:f', 8765, 0, 0): b' 1646,15,11,1024,0,303,6,12,7,1,2,-52,0,577,4947,73,0,0 '
Received from ('fd00::200:0:0:3', 8765, 0, 0): b' 1648,3,1,512,0,318,13,11,7,2,1,-64,10,5477,34635,109,0,0 '
Received from ('fd00::200:0:0:11', 8765, 0, 0): b' 1648,17,16,1280,0,328,5,4,7,1,1,-52,0,681,7091,102,0,0 '
Received from ('fd00::200:0:0:1', 5678, 0, 0): b' 1649,1,0,256,0,24,0,0,4,0,0,0,10,3089,32340,2032,0,0 '
Received from ('fd00::200:0:0:14', 8765, 0, 0): b' 1647,20,16,1280,0,310,7,8,7,1,2,-52,0,748,9523,77,0,0 '
Received from ('fd00::200:0:0:2', 8765, 0, 0): b' 1650,2,1,512,0,350,14,1,6,1,1,-88,0,254,4782,110,0,0 '
Received from ('fd00::200:0:0:c', 8765, 0, 0): b' 1648,12,11,1024,10,356,11,8,7,1,3,-52,0,509,13083,105,0,0 '
Received from ('fd00::200:0:0:6', 8765, 0, 0): b' 1649,6,3,768,0,353,10,3,7,1,2,-70,0,278,5448,99,0,0 '
Received from ('fd00::200:0:0:13', 8765, 0, 0): b' 1650,19,16,1280,0,324,5,3,7,1,1,-70,0,590,6607,97,0,0 '
Received from ('fd00::200:0:0:d', 8765, 0, 0): b' 1650,13,8,1024,0,336,9,3,7,1,2,-70,0,980,13479,104,0,0 '
Received from ('fd00::200:0:0:5', 8765, 0, 0): b' 1651,5,1,512,0,329,14,1,6,1,1,-94,1,885,12256,109,0,0 '
Received from ('fd00::200:0:0:4', 8765, 0, 0): b' 1652,4,1,512,0,314,13,2,7,1,1,-66,1,651,10358,110,0,0 '
Received from ('fd00::200:0:0:7', 8765, 0, 0): b' 1651,7,4,768,0,268,9,5,7,1,3,-70,0,794,10816,92,0,0 '
Received from ('fd00::200:0:0:e', 8765, 0, 0): b' 1652,14,11,1024,0,345,10,3,7,1,2,-70,1,1362,14149,98,0,0 '
Received from ('fd00::200:0:0:b', 8765, 0, 0): b' 1653,11,3,768,20,305,9,11,7,2,1,-95,10,4287,32142,163,1,4 '
Received from ('fd00::200:0:0:f', 8765, 0, 0): b' 1652,15,11,1024,0,303,6,12,7,1,2,-52,0,335,5682,74,0,0 '
Received from ('fd00::200:0:0:8', 8765, 0, 0): b' 1653,8,3,768,10,342,10,5,7,1,2,-70,2,1141,14989,108,0,0 '
Received from ('fd00::200:0:0:2', 8765, 0, 0): b' 1655,2,1,512,0,353,14,1,6,1,1,-88,0,566,7464,111,0,0 '
Received from ('fd00::200:0:0:15', 8765, 0, 0): b' 1651,21,16,1280,10,314,5,3,5,1,1,-70,0,410,8507,102,0,0 '
Received from ('fd00::200:0:0:14', 8765, 0, 0): b' 1653,20,16,1280,0,311,7,8,7,1,2,-52,0,538,5944,78,0,0 '
Received from ('fd00::200:0:0:1', 5678, 0, 0): b' 1656,1,0,256,0,24,0,0,4,0,0,0,10,2033,19109,2046,0,0 '
Received from ('fd00::200:0:0:12', 8765, 0, 0): b' 1654,18,14,1280,0,342,7,4,5,1,1,-52,0,672,9654,95,0,0 '
Received from ('fd00::200:0:0:6', 8765, 0, 0): b' 1655,6,3,768,0,353,10,3,7,1,2,-70,0,332,5762,100,0,0 '
Received from ('fd00::200:0:0:3', 8765, 0, 0): b' 1656,3,1,512,10,321,13,11,7,2,1,-64,10,4869,28250,110,0,0 '
Received from ('fd00::200:0:0:a', 8765, 0, 0): b' 1654,10,11,1024,0,360,7,5,7,1,1,-52,0,1009,9420,101,0,0 '
Received from ('fd00::200:0:0:c', 8765, 0, 0): b' 1654,12,11,1024,0,359,11,8,7,1,3,-52,0,628,8456,105,0,0 '
Received from ('fd00::200:0:0:9', 8765, 0, 0): b' 1656,9,5,768,10,316,9,4,7,1,2,-52,0,880,9448,96,0,0 '
Received from ('fd00::200:0:0:5', 8765, 0, 0): b' 1657,5,1,512,0,330,14,1,6,1,1,-94,1,831,10194,110,0,0 '
Received from ('fd00::200:0:0:d', 8765, 0, 0): b' 1657,13,8,1024,0,338,9,3,7,1,2,-70,0,698,9116,105,0,0 '
Received from ('fd00::200:0:0:7', 8765, 0, 0): b' 1658,7,4,768,10,271,9,5,7,1,3,-70,0,484,5890,92,0,0 '
Received from ('fd00::200:0:0:10', 8765, 0, 0): b' 1657,16,11,1024,0,309,9,9,7,1,2,-70,4,3125,28030,104,0,0 '
Received from ('fd00::200:0:0:11', 8765, 0, 0): b' 1658,17,16,1280,0,331,5,4,7,1,1,-52,0,739,10283,102,0,0 '
Received from ('fd00::200:0:0:1', 5678, 0, 0): b' 1660,1,0,256,0,24,0,0,4,0,0,0,10,1039,11795,2050,0,0 '
Received from ('fd00::200:0:0:f', 8765, 0, 0): b' 1659,15,11,1024,10,307,6,12,7,1,2,-52,0,701,6904,74,0,0 '
Received from ('fd00::200:0:0:15', 8765, 0, 0): b' 1659,21,16,1280,0,315,5,3,5,1,1,-70,0,592,9391,102,0,0 '
Received from ('fd00::200:0:0:2', 8765, 0, 0): b' 1661,2,1,512,0,355,14,1,6,1,1,-88,0,491,7636,111,0,0 '
Received from ('fd00::200:0:0:5', 8765, 0, 0): b' 1661,5,1,512,0,332,14,1,6,1,1,-94,1,524,6327,110,0,0 '
Received from ('fd00::200:0:0:4', 8765, 0, 0): b' 1662,4,1,512,10,318,13,2,7,1,1,-66,1,1416,15534,111,0,0 '
Received from ('fd00::200:0:0:13', 8765, 0, 0): b' 1660,19,16,1280,0,324,5,3,7,1,1,-70,0,503,10746,98,0,0 '
Received from ('fd00::200:0:0:6', 8765, 0, 0): b' 1661,6,3,768,10,354,10,3,7,1,2,-70,0,277,5217,100,0,0 '
Received from ('fd00::200:0:0:e', 8765, 0, 0): b' 1661,14,11,1024,0,346,10,3,7,1,2,-70,1,890,11018,98,0,0 '
Received from ('fd00::200:0:0:10', 8765, 0, 0): b' 1661,16,11,1024,0,312,9,9,7,1,2,-70,4,1405,12772,104,0,0 '
Received from ('fd00::200:0:0:7', 8765, 0, 0): b' 1663,7,4,768,0,272,9,5,7,1,3,-70,0,546,5161,93,0,0 '
Received from ('fd00::200:0:0:8', 8765, 0, 0): b' 1663,8,3,768,0,347,10,5,7,1,2,-70,2,1193,15119,108,0,0 '
Received from ('fd00::200:0:0:3', 8765, 0, 0): b' 1663,3,1,512,20,322,13,11,7,2,1,-64,10,3408,22661,110,0,0 '
Received from ('fd00::200:0:0:9', 8765, 0, 0): b' 1663,9,5,768,0,318,9,4,7,1,2,-52,0,508,6725,96,0,0 '
Received from ('fd00::200:0:0:b', 8765, 0, 0): b' 1664,11,3,768,0,309,9,11,7,2,1,-95,10,4990,35288,165,1,4 '
Received from ('fd00::200:0:0:d', 8765, 0, 0): b' 1663,13,8,1024,0,340,9,3,7,1,2,-70,0,486,7877,105,0,0 '
Received from ('fd00::200:0:0:14', 8765, 0, 0): b' 1663,20,16,1280,0,315,7,8,7,1,2,-52,0,748,8990,78,0,0 '
Received from ('fd00::200:0:0:12', 8765, 0, 0): b' 1664,18,14,1280,10,344,7,4,5,1,1,-52,0,586,9393,96,0,0 '
Received from ('fd00::200:0:0:6', 8765, 0, 0): b' 1665,6,3,768,0,355,10,3,7,1,2,-70,0,524,4834,101,0,0 '
Received from ('fd00::200:0:0:c', 8765, 0, 0): b' 1665,12,11,1024,0,363,11,8,7,1,3,-52,0,937,13480,106,0,0 '
Received from ('fd00::200:0:0:e', 8765, 0, 0): b' 1666,14,11,1024,0,348,10,3,7,1,2,-70,1,810,6959,99,0,0 '
Received from ('fd00::200:0:0:a', 8765, 0, 0): b' 1666,10,11,1024,0,363,7,5,7,1,1,-52,0,746,10159,101,0,0 '
Received from ('fd00::200:0:0:4', 8765, 0, 0): b' 1668,4,1,512,0,319,13,2,7,1,1,-66,1,719,9701,111,0,0 '
Received from ('fd00::200:0:0:8', 8765, 0, 0): b' 1667,8,3,768,0,348,10,5,7,1,2,-70,2,796,7910,108,0,0 '
Received from ('fd00::200:0:0:7', 8765, 0, 0): b' 1668,7,4,768,0,272,9,5,7,1,3,-70,0,154,4725,93,0,0 '
Received from ('fd00::200:0:0:11', 8765, 0, 0): b' 1667,17,16,1280,10,334,5,4,7,1,1,-52,0,778,8138,103,0,0 '
Received from ('fd00::200:0:0:f', 8765, 0, 0): b' 1668,15,11,1024,0,309,6,12,7,1,2,-52,0,695,8299,75,0,0 '
Received from ('fd00::200:0:0:b', 8765, 0, 0): b' 1668,11,3,768,10,309,9,11,7,2,1,-95,10,2520,17247,166,1,4 '
Received from ('fd00::200:0:0:10', 8765, 0, 0): b' 1669,16,11,1024,10,315,9,9,7,1,2,-70,4,1859,18362,105,0,0 '
Received from ('fd00::200:0:0:5', 8765, 0, 0): b' 1669,5,1,512,10,333,14,1,6,1,1,-94,1,833,12596,111,0,0 '
Received from ('fd00::200:0:0:14', 8765, 0, 0): b' 1669,20,16,1280,0,317,7,8,7,1,2,-52,0,524,5609,79,0,0 '
Received from ('fd00::200:0:0:3', 8765, 0, 0): b' 1670,3,1,512,0,323,13,11,7,2,1,-64,10,4372,24251,111,0,0 '
Received from ('fd00::200:0:0:d', 8765, 0, 0): b' 1670,13,8,1024,0,341,9,3,7,1,2,-70,0,469,7768,106,0,0 '
Received from ('fd00::200:0:0:13', 8765, 0, 0): b' 1670,19,16,1280,0,326,5,3,7,1,1,-70,0,517,8262,98,0,0 '
Received from ('fd00::200:0:0:1', 5678, 0, 0): b' 1671,1,0,256,0,24,0,0,4,0,0,0,10,3147,30599,2069,0,0 '
Received from ('fd00::200:0:0:c', 8765, 0, 0): b' 1671,12,11,1024,20,366,11,8,7,1,3,-52,0,472,6290,106,0,0 '
Received from ('fd00::200:0:0:2', 8765, 0, 0): b' 1672,2,1,512,0,359,14,1,6,1,1,-88,0,949,13634,112,0,0 '
Received from ('fd00::200:0:0:15', 8765, 0, 0): b' 1671,21,16,1280,10,315,5,3,5,1,1,-70,0,509,13143,103,0,0 '
Received from ('fd00::200:0:0:7', 8765, 0, 0): b' 1673,7,4,768,0,273,9,5,7,1,3,-70,0,382,4661,93,0,0 '
Received from ('fd00::200:0:0:8', 8765, 0, 0): b' 1674,8,3,768,0,350,10,5,7,1,2,-70,2,834,10382,109,0,0 '
Received from ('fd00::200:0:0:13', 8765, 0, 0): b' 1674,19,16,1280,0,328,5,3,7,1,1,-70,0,548,4618,99,0,0 '
Received from ('fd00::200:0:0:6', 8765, 0, 0): b' 1675,6,3,768,0,356,10,3,7,1,2,-70,0,571,8208,101,0,0 '
Received from ('fd00::200:0:0:9', 8765, 0, 0): b' 1675,9,5,768,10,323,9,4,7,1,2,-52,0,928,11373,97,0,0 '
Received from ('fd00::200:0:0:f', 8765, 0, 0): b' 1676,15,11,1024,0,311,6,12,7,1,2,-52,0,493,6922,75,0,0 '
Received from ('fd00::200:0:0:d', 8765, 0, 0): b' 1675,13,8,1024,10,343,9,3,7,1,2,-70,0,385,6319,106,0,0 '
Received from ('fd00::200:0:0:b', 8765, 0, 0): b' 1677,11,3,768,0,311,9,11,7,2,1,-95,10,3101,23570,168,1,4 '
Received from ('fd00::200:0:0:1', 5678, 0, 0): b' 1677,1,0,256,0,24,0,0,4,0,0,0,10,1210,14585,2074,0,0 '
Received from ('fd00::200:0:0:12', 8765, 0, 0): b' 1677,18,14,1280,10,345,7,4,5,1,1,-52,0,694,10912,97,0,0 '
Received from ('fd00::200:0:0:a', 8765, 0, 0): b' 1677,10,11,1024,0,366,7,5,7,1,1,-52,0,802,10237,102,0,0 '
Received from ('fd00::200:0:0:14', 8765, 0, 0): b' 1678,20,16,1280,0,317,7,8,7,1,2,-52,0,423,7892,79,0,0 '
Received from ('fd00::200:0:0:11', 8765, 0, 0): b' 1678,17,16,1280,0,338,5,4,7,1,1,-52,0,780,9997,103,0,0 '
Received from ('fd00::200:0:0:15', 8765, 0, 0): b' 1678,21,16,1280,0,317,5,3,5,1,1,-70,0,520,7843,103,0,0 '
Received from ('fd00::200:0:0:3', 8765, 0, 0): b' 1679,3,1,512,0,326,13,11,7,2,1,-64,10,4239,26959,111,0,0 '
Received from ('fd00::200:0:0:e', 8765, 0, 0): b' 1678,14,11,1024,0,349,10,3,7,1,2,-70,1,965,14038,99,0,0 '
Received from ('fd00::200:0:0:2', 8765, 0, 0): b' 1679,2,1,512,0,362,14,1,6,1,1,-88,0,599,8418,112,0,0 '
Received from ('fd00::200:0:0:c', 8765, 0, 0): b' 1680,12,11,1024,0,367,11,8,7,1,3,-52,0,604,9507,107,0,0 '
Received from ('fd00::200:0:0:4', 8765, 0, 0): b' 1679,4,1,512,0,324,13,2,7,1,1,-66,1,1779,19553,112,0,0 '
Received from ('fd00::200:0:0:5', 8765, 0, 0): b' 1680,5,1,512,0,333,14,1,6,1,1,-94,1,949,15978,111,0,0 '
Received from ('fd00::200:0:0:8', 8765, 0, 0): b' 1679,8,3,768,0,354,10,5,7,1,2,-70,2,1023,9910,109,0,0 '
Received from ('fd00::200:0:0:b', 8765, 0, 0): b' 1681,11,3,768,0,311,9,11,7,2,1,-95,10,2018,14081,169,1,4 '
Received from ('fd00::200:0:0:d', 8765, 0, 0): b' 1680,13,8,1024,0,346,9,3,7,1,2,-70,0,677,6255,106,0,0 '
Received from ('fd00::200:0:0:10', 8765, 0, 0): b' 1682,16,11,1024,0,319,9,9,7,1,2,-70,4,3202,29844,105,0,0 '
Received from ('fd00::200:0:0:6', 8765, 0, 0): b' 1681,6,3,768,0,357,10,3,7,1,2,-70,0,440,6016,102,0,0 '
Received from ('fd00::200:0:0:13', 8765, 0, 0): b' 1680,19,16,1280,10,330,5,3,7,1,1,-70,0,468,5594,99,0,0 '
Received from ('fd00::200:0:0:7', 8765, 0, 0): b' 1683,7,4,768,0,276,9,5,7,1,3,-70,0,791,10228,94,0,0 '
Received from ('fd00::200:0:0:e', 8765, 0, 0): b' 1684,14,11,1024,0,349,10,3,7,1,2,-70,1,369,5531,100,0,0 '
Received from ('fd00::200:0:0:9', 8765, 0, 0): b' 1683,9,5,768,0,327,9,4,7,1,2,-52,0,989,8793,98,0,0 '
Received from ('fd00::200:0:0:f', 8765, 0, 0): b' 1684,15,11,1024,0,314,6,12,7,1,2,-52,0,777,8125,76,0,0 '
Received from ('fd00::200:0:0:a', 8765, 0, 0): b' 1684,10,11,1024,20,369,7,5,7,1,1,-52,0,518,6283,102,0,0 '
Received from ('fd00::200:0:0:c', 8765, 0, 0): b' 1686,12,11,1024,0,368,11,8,7,1,3,-52,0,387,7678,107,0,0 '
Received from ('fd00::200:0:0:1', 5678, 0, 0): b' 1686,1,0,256,0,24,0,0,4,0,0,0,10,2629,25107,2091,0,0 '
Received from ('fd00::200:0:0:13', 8765, 0, 0): b' 1685,19,16,1280,0,333,5,3,7,1,1,-70,0,594,5048,99,0,0 '
Received from ('fd00::200:0:0:5', 8765, 0, 0): b' 1686,5,1,512,0,334,14,1,6,1,1,-94,1,900,10177,112,0,0 '
Received from ('fd00::200:0:0:10', 8765, 0, 0): b' 1687,16,11,1024,20,320,9,9,7,1,2,-70,4,1518,14572,106,0,0 '
Received from ('fd00::200:0:0:2', 8765, 0, 0): b' 1686,2,1,512,10,366,14,1,6,1,1,-88,0,877,9256,113,0,0 '
Received from ('fd00::200:0:0:15', 8765, 0, 0): b' 1685,21,16,1280,0,318,5,3,5,1,1,-70,0,470,8812,104,0,0 '
Received from ('fd00::200:0:0:6', 8765, 0, 0): b' 1686,6,3,768,0,359,10,3,7,1,2,-70,0,384,5434,102,0,0 '
Received from ('fd00::200:0:0:3', 8765, 0, 0): b' 1687,3,1,512,10,326,13,11,7,2,1,-64,10,4992,29543,112,0,0 '
Received from ('fd00::200:0:0:14', 8765, 0, 0): b' 1686,20,16,1280,0,319,7,8,7,1,2,-52,0,567,8071,80,0,0 '
Received from ('fd00::200:0:0:11', 8765, 0, 0): b' 1687,17,16,1280,0,341,5,4,7,1,1,-52,0,777,9464,104,0,0 '
Received from ('fd00::200:0:0:12', 8765, 0, 0): b' 1688,18,14,1280,0,345,7,4,5,1,1,-52,0,450,10249,97,0,0 '
Received from ('fd00::200:0:0:8', 8765, 0, 0): b' 1688,8,3,768,10,358,10,5,7,1,2,-70,2,1505,15160,110,0,0 '
Received from ('fd00::200:0:0:f', 8765, 0, 0): b' 1690,15,11,1024,0,316,6,12,7,1,2,-52,0,487,5276,76,0,0 '
Received from ('fd00::200:0:0:d', 8765, 0, 0): b' 1688,13,8,1024,0,348,9,3,7,1,2,-70,0,823,11053,107,0,0 '
Received from ('fd00::200:0:0:e', 8765, 0, 0): b' 1690,14,11,1024,0,349,10,3,7,1,2,-70,1,540,7613,100,0,0 '
Received from ('fd00::200:0:0:b', 8765, 0, 0): b' 1690,11,3,768,10,314,9,11,7,2,1,-95,10,4895,32754,171,1,4 '
Received from ('fd00::200:0:0:c', 8765, 0, 0): b' 1691,12,11,1024,0,368,11,8,7,1,3,-52,0,364,6430,108,0,0 '
Received from ('fd00::200:0:0:a', 8765, 0, 0): b' 1691,10,11,1024,0,371,7,5,7,1,1,-52,0,657,6786,103,0,0 '
Received from ('fd00::200:0:0:5', 8765, 0, 0): b' 1691,5,1,512,0,335,14,1,6,1,1,-94,1,501,7580,112,0,0 '
Received from ('fd00::200:0:0:4', 8765, 0, 0): b' 1691,4,1,512,0,325,13,2,7,1,1,-66,1,1009,17433,112,0,0 '
Received from ('fd00::200:0:0:6', 8765, 0, 0): b' 1691,6,3,768,10,362,10,3,7,1,2,-70,0,675,5156,102,0,0 '
Received from ('fd00::200:0:0:7', 8765, 0, 0): b' 1692,7,4,768,0,278,9,5,7,1,3,-70,0,691,10068,95,0,0 '
Received from ('fd00::200:0:0:14', 8765, 0, 0): b' 1693,20,16,1280,10,320,7,8,7,1,2,-52,0,278,5092,80,0,0 '
Received from ('fd00::200:0:0:9', 8765, 0, 0): b' 1692,9,5,768,0,330,9,4,7,1,2,-52,0,711,8917,98,0,0 '
Received from ('fd00::200:0:0:12', 8765, 0, 0): b' 1692,18,14,1280,0,347,7,4,5,1,1,-52,0,525,4432,98,0,0 '
Received from ('fd00::200:0:0:1', 5678, 0, 0): b' 1693,1,0,256,0,24,0,0,4,0,0,0,10,1660,19805,2098,0,0 '
Received from ('fd00::200:0:0:10', 8765, 0, 0): b' 1694,16,11,1024,20,322,9,10,7,1,2,-70,4,1851,19031,106,0,0 '
Received from ('fd00::200:0:0:c', 8765, 0, 0): b' 1695,12,11,1024,0,369,11,8,7,1,3,-52,0,363,5551,108,0,0 '
Received from ('fd00::200:0:0:15', 8765, 0, 0): b' 1695,21,16,1280,0,321,5,3,5,1,1,-70,0,745,10700,104,0,0 '
Received from ('fd00::200:0:0:d', 8765, 0, 0): b' 1695,13,8,1024,0,349,9,3,7,1,2,-70,0,494,8383,107,0,0 '
Received from ('fd00::200:0:0:13', 8765, 0, 0): b' 1697,19,16,1280,0,337,5,3,7,1,1,-70,0,907,10506,100,0,0 '
Received from ('fd00::200:0:0:14', 8765, 0, 0): b' 1697,20,16,1280,0,322,7,8,7,1,2,-52,0,576,4379,80,0,0 '
Received from ('fd00::200:0:0:5', 8765, 0, 0): b' 1697,5,1,512,0,336,14,1,6,1,1,-94,1,753,9984,112,0,0 '
Received from ('fd00::200:0:0:f', 8765, 0, 0): b' 1698,15,11,1024,0,318,6,12,7,1,2,-52,0,573,7963,77,0,0 '
Received from ('fd00::200:0:0:9', 8765, 0, 0): b' 1697,9,5,768,10,333,9,4,7,1,2,-52,0,531,4944,99,0,0 '
Received from ('fd00::200:0:0:b', 8765, 0, 0): b' 1698,11,3,768,20,317,9,11,7,2,1,-95,10,3583,25945,173,1,4 '
Received from ('fd00::200:0:0:11', 8765, 0, 0): b' 1698,17,16,1280,0,344,5,4,7,1,1,-52,0,795,9008,105,0,0 '
Received from ('fd00::200:0:0:8', 8765, 0, 0): b' 1697,8,3,768,10,360,10,5,7,1,2,-70,2,954,12760,110,0,0 '
Received from ('fd00::200:0:0:2', 8765, 0, 0): b' 1698,2,1,512,0,369,14,1,6,1,1,-88,0,768,14029,113,0,0 '
Received from ('fd00::200:0:0:e', 8765, 0, 0): b' 1699,14,11,1024,0,353,10,3,7,1,2,-70,1,1253,12078,101,0,0 '
Received from ('fd00::200:0:0:3', 8765, 0, 0): b' 1698,3,1,512,0,327,13,11,7,2,1,-64,10,6189,37587,113,0,0 '
Received from ('fd00::200:0:0:12', 8765, 0, 0): b' 1699,18,14,1280,0,349,7,4,5,1,1,-52,0,492,5709,98,0,0 '
Received from ('fd00::200:0:0:15', 8765, 0, 0): b' 1699,21,16,1280,0,322,5,3,5,1,1,-70,0,419,5897,105,0,0 '
Received from ('fd00::200:0:0:a', 8765, 0, 0): b' 1700,10,11,1024,0,376,7,5,7,1,1,-52,0,953,9315,103,0,0 '
Received from ('fd00::200:0:0:6', 8765, 0, 0): b' 1700,6,3,768,10,364,10,3,7,1,2,-70,0,489,8494,103,0,0 '
Received from ('fd00::200:0:0:4', 8765, 0, 0): b' 1701,4,1,512,0,327,13,2,7,1,1,-66,1,1160,16025,113,0,0 '
Received from ('fd00::200:0:0:5', 8765, 0, 0): b' 1701,5,1,512,10,336,14,1,6,1,1,-94,1,585,6830,113,0,0 '
Received from ('fd00::200:0:0:13', 8765, 0, 0): b' 1702,19,16,1280,0,340,5,3,7,1,1,-70,0,657,6006,101,0,0 '
Received from ('fd00::200:0:0:e', 8765, 0, 0): b' 1702,14,11,1024,0,355,10,3,7,1,2,-70,1,732,5836,101,0,0 '
Received from ('fd00::200:0:0:7', 8765, 0, 0): b' 1701,7,4,768,10,284,9,5,7,1,3,-70,0,1039,9906,95,0,0 '
Received from ('fd00::200:0:0:14', 8765, 0, 0): b' 1703,20,16,1280,0,322,7,8,7,1,2,-52,0,334,5537,81,0,0 '
Received from ('fd00::200:0:0:9', 8765, 0, 0): b' 1703,9,5,768,0,335,9,4,7,1,2,-52,0,514,6246,99,0,0 '
Received from ('fd00::200:0:0:10', 8765, 0, 0): b' 1704,16,11,1024,0,324,9,10,7,1,2,-70,4,3182,28302,107,0,0 '
Received from ('fd00::200:0:0:a', 8765, 0, 0): b' 1704,10,11,1024,10,378,7,5,7,1,1,-52,0,321,4246,104,0,0 '
Received from ('fd00::200:0:0:2', 8765, 0, 0): b' 1705,2,1,512,0,371,14,1,6,1,1,-88,0,591,8239,114,0,0 '
Received from ('fd00::200:0:0:3', 8765, 0, 0): b' 1704,3,1,512,0,329,13,11,7,2,1,-64,10,3275,19755,113,0,0 '
Received from ('fd00::200:0:0:1', 5678, 0, 0): b' 1705,1,0,256,0,24,0,0,4,0,0,0,10,3139,31622,2116,0,0 '
Received from ('fd00::200:0:0:c', 8765, 0, 0): b' 1706,12,11,1024,0,371,11,8,7,1,3,-52,0,748,13513,109,0,0 '
Received from ('fd00::200:0:0:8', 8765, 0, 0): b' 1705,8,3,768,0,363,10,5,7,1,2,-70,2,1203,14084,111,0,0 '
Received from ('fd00::200:0:0:14', 8765, 0, 0): b' 1707,20,16,1280,0,323,7,8,7,1,2,-52,0,431,4443,81,0,0 '
Received from ('fd00::200:0:0:5', 8765, 0, 0): b' 1706,5,1,512,10,339,14,1,6,1,1,-94,1,804,8438,113,0,0 '
Received from ('fd00::200:0:0:f', 8765, 0, 0): b' 1707,15,11,1024,0,321,6,12,7,1,2,-52,0,745,9678,77,0,0 '
Received from ('fd00::200:0:0:d', 8765, 0, 0): b' 1707,13,8,1024,0,352,9,3,7,1,2,-70,0,852,14558,108,0,0 '
Received from ('fd00::200:0:0:15', 8765, 0, 0): b' 1708,21,16,1280,0,324,5,3,5,1,1,-70,0,545,10234,105,0,0 '
Received from ('fd00::200:0:0:12', 8765, 0, 0): b' 1708,18,14,1280,0,352,7,4,5,1,1,-52,0,800,9307,99,0,0 '
Received from ('fd00::200:0:0:11', 8765, 0, 0): b' 1708,17,16,1280,20,350,5,4,7,1,1,-52,0,959,10433,106,0,0 '
Received from ('fd00::200:0:0:1', 5678, 0, 0): b' 1709,1,0,256,0,24,0,0,4,0,0,0,10,1056,11263,2121,0,0 '
Received from ('fd00::200:0:0:b', 8765, 0, 0): b' 1709,11,3,768,0,318,9,11,7,2,1,-95,10,5298,37620,175,1,4 '
Received from ('fd00::200:0:0:6', 8765, 0, 0): b' 1709,6,3,768,0,364,10,3,7,1,2,-70,0,506,8351,103,0,0 '
Received from ('fd00::200:0:0:4', 8765, 0, 0): b' 1709,4,1,512,0,330,13,2,7,1,1,-66,1,1100,12756,114,0,0 '
Received from ('fd00::200:0:0:10', 8765, 0, 0): b' 1710,16,11,1024,0,324,9,10,7,1,2,-70,4,1414,15399,107,0,0 '
Received from ('fd00::200:0:0:9', 8765, 0, 0): b' 1710,9,5,768,10,337,9,4,7,1,2,-52,0,642,7074,100,0,0 '
Received from ('fd00::200:0:0:3', 8765, 0, 0): b' 1711,3,1,512,10,332,13,11,7,2,1,-64,10,3340,20909,114,0,0 '
Received from ('fd00::200:0:0:7', 8765, 0, 0): b' 1712,7,4,768,0,286,9,5,7,1,3,-70,0,595,9268,96,0,0 '
Received from ('fd00::200:0:0:13', 8765, 0, 0): b' 1711,19,16,1280,0,343,5,3,7,1,1,-70,0,745,9769,101,0,0 '
Received from ('fd00::200:0:0:e', 8765, 0, 0): b' 1713,14,11,1024,10,362,10,3,7,1,2,-70,1,1503,13163,101,0,0 '
Received from ('fd00::200:0:0:14', 8765, 0, 0): b' 1712,20,16,1280,0,324,7,8,7,1,2,-52,0,385,5094,81,0,0 '
Received from ('fd00::200:0:0:a', 8765, 0, 0): b' 1714,10,11,1024,0,382,7,5,7,1,1,-52,0,936,9325,104,0,0 '
Received from ('fd00::200:0:0:8', 8765, 0, 0): b' 1713,8,3,768,0,365,10,5,7,1,2,-70,2,1012,12793,111,0,0 '
Received from ('fd00::200:0:0:2', 8765, 0, 0): b' 1714,2,1,512,10,375,14,1,6,1,1,-88,0,826,11461,115,0,0 '
Received from ('fd00::200:0:0:c', 8765, 0, 0): b' 1715,12,11,1024,0,374,11,8,7,1,3,-52,0,627,11054,109,0,0 '
Received from ('fd00::200:0:0:b', 8765, 0, 0): b' 1714,11,3,768,10,318,9,11,7,2,1,-95,10,2493,18339,177,1,4 '
Received from ('fd00::200:0:0:5', 8765, 0, 0): b' 1715,5,1,512,0,340,14,1,6,1,1,-94,1,1059,13368,114,0,0 '
Received from ('fd00::200:0:0:11', 8765, 0, 0): b' 1716,17,16,1280,0,353,5,4,7,1,1,-52,0,790,8133,106,0,0 '
Received from ('fd00::200:0:0:15', 8765, 0, 0): b' 1717,21,16,1280,0,328,5,3,5,1,1,-70,0,937,11303,106,0,0 '
Received from ('fd00::200:0:0:6', 8765, 0, 0): b' 1716,6,3,768,0,366,10,3,7,1,2,-70,0,571,7638,104,0,0 '
Received from ('fd00::200:0:0:12', 8765, 0, 0): b' 1716,18,14,1280,0,354,7,4,5,1,1,-52,0,613,8031,99,0,0 '
Received from ('fd00::200:0:0:13', 8765, 0, 0): b' 1717,19,16,1280,0,344,5,3,7,1,1,-70,0,442,5272,102,0,0 '
Received from ('fd00::200:0:0:9', 8765, 0, 0): b' 1717,9,5,768,0,339,9,4,7,1,2,-52,0,515,6889,100,0,0 '
Received from ('fd00::200:0:0:14', 8765, 0, 0): b' 1718,20,16,1280,0,326,7,8,7,1,2,-52,0,524,5491,82,0,0 '
Received from ('fd00::200:0:0:1', 5678, 0, 0): b' 1718,1,0,256,0,24,0,0,4,0,0,0,10,2579,25590,2138,0,0 '
Received from ('fd00::200:0:0:d', 8765, 0, 0): b' 1718,13,8,1024,0,355,9,3,7,1,2,-70,0,829,13041,109,0,0 '
Received from ('fd00::200:0:0:c', 8765, 0, 0): b' 1718,12,11,1024,0,376,11,8,7,1,3,-52,0,472,5571,109,0,0 '
Received from ('fd00::200:0:0:10', 8765, 0, 0): b' 1719,16,11,1024,0,326,9,10,7,1,2,-70,4,2769,24520,108,0,0 '
Received from ('fd00::200:0:0:f', 8765, 0, 0): b' 1719,15,11,1024,0,327,6,12,7,1,2,-52,0,1146,12089,78,0,0 '
Received from ('fd00::200:0:0:8', 8765, 0, 0): b' 1719,8,3,768,0,365,10,5,7,1,2,-70,2,629,8561,112,0,0 '
Received from ('fd00::200:0:0:4', 8765, 0, 0): b' 1720,4,1,512,0,332,13,2,7,1,1,-66,1,1006,15957,114,0,0 '
Received from ('fd00::200:0:0:e', 8765, 0, 0): b' 1719,14,11,1024,0,362,10,3,7,1,2,-70,1,814,10195,102,0,0 '
Received from ('fd00::200:0:0:7', 8765, 0, 0): b' 1720,7,4,768,10,289,9,5,7,1,3,-70,0,717,8363,97,0,0 '
Received from ('fd00::200:0:0:3', 8765, 0, 0): b' 1720,3,1,512,0,333,13,11,7,2,1,-64,10,5553,32654,114,0,0 '
Received from ('fd00::200:0:0:2', 8765, 0, 0): b' 1722,2,1,512,10,377,14,1,6,1,1,-88,0,485,9632,115,0,0 '
Received from ('fd00::200:0:0:12', 8765, 0, 0): b' 1722,18,14,1280,0,357,7,4,5,1,1,-52,0,655,5912,100,0,0 '
Received from ('fd00::200:0:0:a', 8765, 0, 0): b' 1721,10,11,1024,10,385,7,5,7,1,1,-52,0,694,8400,105,0,0 '
Received from ('fd00::200:0:0:5', 8765, 0, 0): b' 1722,5,1,512,0,341,14,1,6,1,1,-94,1,696,10805,114,0,0 '
Received from ('fd00::200:0:0:8', 8765, 0, 0): b' 1723,8,3,768,0,366,10,5,7,1,2,-70,2,546,7067,112,0,0 '
Received from ('fd00::200:0:0:9', 8765, 0, 0): b' 1723,9,5,768,0,340,9,4,7,1,2,-52,0,383,5616,100,0,0 '
Received from ('fd00::200:0:0:b', 8765, 0, 0): b' 1724,11,3,768,0,321,9,11,7,2,1,-95,10,4326,32188,179,1,4 '
Received from ('fd00::200:0:0:c', 8765, 0, 0): b' 1724,12,11,1024,0,378,11,8,7,1,3,-52,0,648,8179,110,0,0 '
Received from ('fd00::200:0:0:3', 8765, 0, 0): b' 1725,3,1,512,10,334,13,11,7,2,1,-64,10,1823,13574,114,0,0 '
Received from ('fd00::200:0:0:4', 8765, 0, 0): b' 1726,4,1,512,0,333,13,2,7,1,1,-66,1,803,10232,115,0,0 '
Received from ('fd00::200:0:0:a', 8765, 0, 0): b' 1725,10,11,1024,10,387,7,5,7,1,1,-52,0,373,4388,105,0,0 '
Received from ('fd00::200:0:0:12', 8765, 0, 0): b' 1726,18,14,1280,0,357,7,4,5,1,1,-52,0,255,3943,100,0,0 '
Received from ('fd00::200:0:0:15', 8765, 0, 0): b' 1726,21,16,1280,10,330,5,3,5,1,1,-70,0,615,10861,106,0,0 '
Received from ('fd00::200:0:0:6', 8765, 0, 0): b' 1727,6,3,768,0,370,10,3,7,1,2,-70,0,930,11220,105,0,0 '
Received from ('fd00::200:0:0:1', 5678, 0, 0): b' 1728,1,0,256,0,24,0,0,4,0,0,0,10,2314,26408,2153,0,0 '
Received from ('fd00::200:0:0:8', 8765, 0, 0): b' 1727,8,3,768,0,369,10,5,7,1,2,-70,2,859,7414,112,0,0 '
Received from ('fd00::200:0:0:11', 8765, 0, 0): b' 1727,17,16,1280,0,358,5,4,7,1,1,-52,0,1039,11789,107,0,0 '
Received from ('fd00::200:0:0:b', 8765, 0, 0): b' 1728,11,3,768,10,322,9,11,7,2,1,-95,10,1953,14377,180,1,4 '
Received from ('fd00::200:0:0:13', 8765, 0, 0): b' 1728,19,16,1280,0,349,5,3,7,1,1,-70,0,959,10891,102,0,0 '
Received from ('fd00::200:0:0:e', 8765, 0, 0): b' 1728,14,11,1024,0,364,10,3,7,1,2,-70,1,1226,12155,103,0,0 '
Received from ('fd00::200:0:0:7', 8765, 0, 0): b' 1728,7,4,768,0,291,9,5,7,1,3,-70,0,691,9135,97,0,0 '
Received from ('fd00::200:0:0:5', 8765, 0, 0): b' 1729,5,1,512,10,342,14,1,6,1,1,-94,1,802,11483,115,0,0 '
Received from ('fd00::200:0:0:f', 8765, 0, 0): b' 1728,15,11,1024,0,328,6,12,7,1,2,-52,0,590,9612,79,0,0 '
Received from ('fd00::200:0:0:d', 8765, 0, 0): b' 1729,13,8,1024,0,360,9,3,7,1,2,-70,0,1067,14341,110,0,0 '
Received from ('fd00::200:0:0:10', 8765, 0, 0): b' 1729,16,11,1024,10,328,9,10,7,1,2,-70,4,2661,28929,108,0,0 '
Received from ('fd00::200:0:0:14', 8765, 0, 0): b' 1729,20,16,1280,0,331,7,8,7,1,2,-52,0,1038,11217,83,0,0 '
Received from ('fd00::200:0:0:2', 8765, 0, 0): b' 1731,2,1,512,0,380,14,1,6,1,1,-88,0,926,11941,116,0,0 '
Received from ('fd00::200:0:0:c', 8765, 0, 0): b' 1731,12,11,1024,10,380,11,8,7,1,3,-52,0,508,8921,110,0,0 '
Received from ('fd00::200:0:0:1', 5678, 0, 0): b' 1733,1,0,256,0,24,0,0,4,0,0,0,10,1365,13016,2160,0,0 '
Received from ('fd00::200:0:0:b', 8765, 0, 0): b' 1732,11,3,768,0,323,9,11,7,2,1,-95,10,2278,15386,181,1,4 '
Received from ('fd00::200:0:0:11', 8765, 0, 0): b' 1733,17,16,1280,0,361,5,4,7,1,1,-52,0,603,6026,107,0,0 '
Received from ('fd00::200:0:0:9', 8765, 0, 0): b' 1734,9,5,768,0,341,9,4,7,1,2,-52,0,584,9235,101,0,0 '
Received from ('fd00::200:0:0:13', 8765, 0, 0): b' 1733,19,16,1280,0,350,5,3,7,1,1,-70,0,443,5471,103,0,0 '
Received from ('fd00::200:0:0:3', 8765, 0, 0): b' 1735,3,1,512,20,337,13,11,7,2,1,-64,10,5401,31129,115,0,0 '
Received from ('fd00::200:0:0:8', 8765, 0, 0): b' 1735,8,3,768,0,370,10,5,7,1,2,-70,2,729,9687,113,0,0 '
Received from ('fd00::200:0:0:10', 8765, 0, 0): b' 1734,16,11,1024,10,330,9,10,7,1,2,-70,4,1359,11560,109,0,0 '
Received from ('fd00::200:0:0:15', 8765, 0, 0): b' 1735,21,16,1280,10,336,5,3,5,1,1,-70,0,949,11012,107,0,0 '
Received from ('fd00::200:0:0:a', 8765, 0, 0): b' 1736,10,11,1024,0,388,7,5,7,1,1,-52,0,695,9441,106,0,0 '
Received from ('fd00::200:0:0:14', 8765, 0, 0): b' 1736,20,16,1280,0,335,7,8,7,1,2,-52,0,726,7136,83,0,0 '
Received from ('fd00::200:0:0:12', 8765, 0, 0): b' 1736,18,14,1280,0,360,7,4,5,1,1,-52,0,704,9121,101,0,0 '
Received from ('fd00::200:0:0:f', 8765, 0, 0): b' 1736,15,11,1024,10,330,6,12,7,1,2,-52,0,493,6065,79,0,0 '
Received from ('fd00::200:0:0:2', 8765, 0, 0): b' 1737,2,1,512,10,381,14,1,6,1,1,-88,0,278,6012,116,0,0 '
Received from ('fd00::200:0:0:7', 8765, 0, 0): b' 1737,7,4,768,0,293,9,5,7,1,3,-70,0,569,8104,98,0,0 '
Received from ('fd00::200:0:0:6', 8765, 0, 0): b' 1738,6,3,768,10,371,10,3,7,1,2,-70,0,506,8448,105,0,0 '
Received from ('fd00::200:0:0:4', 8765, 0, 0): b' 1738,4,1,512,0,336,13,2,7,1,1,-66,1,1393,18242,115,0,0 '
Received from ('fd00::200:0:0:11', 8765, 0, 0): b' 1737,17,16,1280,0,362,5,4,7,1,1,-52,0,362,4043,107,0,0 '
Received from ('fd00::200:0:0:d', 8765, 0, 0): b' 1740,13,8,1024,0,363,9,3,7,1,2,-70,0,746,11964,110,0,0 '
Received from ('fd00::200:0:0:5', 8765, 0, 0): b' 1740,5,1,512,10,344,14,1,6,1,1,-94,1,979,15144,115,0,0 '
Received from ('fd00::200:0:0:e', 8765, 0, 0): b' 1740,14,11,1024,0,367,10,3,7,1,2,-70,1,1270,14439,103,0,0 '
Received from ('fd00::200:0:0:1', 5678, 0, 0): b' 1741,1,0,256,0,24,0,0,4,0,0,0,10,1810,20432,2167,0,0 '
Received from ('fd00::200:0:0:2', 8765, 0, 0): b' 1741,2,1,512,10,383,14,1,6,1,1,-88,0,468,5784,116,0,0 '
Received from ('fd00::200:0:0:6', 8765, 0, 0): b' 1742,6,3,768,10,373,10,3,7,1,2,-70,0,524,4709,106,0,0 '
Received from ('fd00::200:0:0:9', 8765, 0, 0): b' 1743,9,5,768,0,342,9,4,7,1,2,-52,0,630,8341,102,0,0 '
Received from ('fd00::200:0:0:b', 8765, 0, 0): b' 1743,11,3,768,10,327,9,11,7,2,1,-95,10,3893,29090,183,1,4 '
Received from ('fd00::200:0:0:f', 8765, 0, 0): b' 1743,15,11,1024,0,332,6,12,7,1,2,-52,0,671,7068,80,0,0 '
Received from ('fd00::200:0:0:c', 8765, 0, 0): b' 1743,12,11,1024,10,383,11,8,7,1,3,-52,0,856,13783,111,0,0 '
Received from ('fd00::200:0:0:3', 8765, 0, 0): b' 1745,3,1,512,10,339,13,11,7,2,1,-64,10,5156,33256,116,0,0 '
Received from ('fd00::200:0:0:d', 8765, 0, 0): b' 1745,13,8,1024,0,364,9,3,7,1,2,-70,0,446,6229,111,0,0 '
Received from ('fd00::200:0:0:15', 8765, 0, 0): b' 1744,21,16,1280,10,338,5,3,5,1,1,-70,0,818,12091,108,0,0 '
Received from ('fd00::200:0:0:a', 8765, 0, 0): b' 1745,10,11,1024,0,390,7,5,7,1,1,-52,0,614,8186,106,0,0 '
Received from ('fd00::200:0:0:14', 8765, 0, 0): b' 1745,20,16,1280,10,338,7,8,7,1,2,-52,0,669,8383,84,0,0 '
Received from ('fd00::200:0:0:12', 8765, 0, 0): b' 1745,18,14,1280,0,362,7,4,5,1,1,-52,0,638,8840,101,0,0 '
Received from ('fd00::200:0:0:8', 8765, 0, 0): b' 1746,8,3,768,0,374,10,5,7,1,2,-70,2,1820,19639,114,0,0 '
Received from ('fd00::200:0:0:5', 8765, 0, 0): b' 1747,5,1,512,0,344,14,1,6,1,1,-94,1,776,11055,116,0,0 '
Received from ('fd00::200:0:0:1', 5678, 0, 0): b' 1747,1,0,256,0,24,0,0,4,0,0,0,10,1719,16413,2181,0,0 '
Received from ('fd00::200:0:0:10', 8765, 0, 0): b' 1745,16,11,1024,30,333,9,10,7,1,2,-70,4,2840,28877,110,0,0 '
Received from ('fd00::200:0:0:7', 8765, 0, 0): b' 1747,7,4,768,0,295,9,5,7,1,3,-70,0,628,8927,98,0,0 '
Received from ('fd00::200:0:0:11', 8765, 0, 0): b' 1745,17,16,1280,0,365,5,4,7,1,1,-52,0,674,7671,108,0,0 '
Received from ('fd00::200:0:0:13', 8765, 0, 0): b' 1745,19,16,1280,0,355,5,3,7,1,1,-70,0,983,11416,103,0,0 '
Received from ('fd00::200:0:0:6', 8765, 0, 0): b' 1748,6,3,768,0,374,10,3,7,1,2,-70,0,475,6173,106,0,0 '
Received from ('fd00::200:0:0:2', 8765, 0, 0): b' 1748,2,1,512,0,386,14,1,6,1,1,-88,0,805,9276,117,0,0 '
Received from ('fd00::200:0:0:f', 8765, 0, 0): b' 1748,15,11,1024,0,334,6,12,7,1,2,-52,0,390,5014,80,0,0 '
Received from ('fd00::200:0:0:9', 8765, 0, 0): b' 1749,9,5,768,0,345,9,4,7,1,2,-52,0,591,6023,102,0,0 '
Received from ('fd00::200:0:0:4', 8765, 0, 0): b' 1748,4,1,512,0,336,13,2,7,1,1,-66,1,863,16305,116,0,0 '
Received from ('fd00::200:0:0:15', 8765, 0, 0): b' 1748,21,16,1280,0,340,5,3,5,1,1,-70,0,556,5449,108,0,0 '
Received from ('fd00::200:0:0:d', 8765, 0, 0): b' 1751,13,8,1024,0,367,9,3,7,1,2,-70,0,593,7081,111,0,0 '
Received from ('fd00::200:0:0:e', 8765, 0, 0): b' 1750,14,11,1024,10,369,10,3,7,1,2,-70,1,1219,13249,104,0,0 '
Received from ('fd00::200:0:0:a', 8765, 0, 0): b' 1750,10,11,1024,0,390,7,5,7,1,1,-52,0,405,5751,107,0,0 '
Received from ('fd00::200:0:0:7', 8765, 0, 0): b' 1752,7,4,768,10,297,9,5,7,1,3,-70,0,521,5229,99,0,0 '
Received from ('fd00::200:0:0:c', 8765, 0, 0): b' 1753,12,11,1024,0,385,11,8,7,1,3,-52,0,776,11857,112,0,0 '
Received from ('fd00::200:0:0:b', 8765, 0, 0): b' 1753,11,3,768,0,330,9,11,7,2,1,-95,10,5309,37081,186,1,4 '
Received from ('fd00::200:0:0:1', 5678, 0, 0): b' 1754,1,0,256,0,24,0,0,4,0,0,0,10,1692,19144,2187,0,0 '
Received from ('fd00::200:0:0:10', 8765, 0, 0): b' 1753,16,11,1024,20,335,9,11,7,1,2,-70,4,2766,23157,110,0,0 '
Received from ('fd00::200:0:0:14', 8765, 0, 0): b' 1753,20,16,1280,0,341,7,8,7,1,2,-52,0,888,8649,84,0,0 '
Received from ('fd00::200:0:0:12', 8765, 0, 0): b' 1754,18,14,1280,0,364,7,4,5,1,1,-52,0,670,8437,102,0,0 '
Received from ('fd00::200:0:0:8', 8765, 0, 0): b' 1755,8,3,768,0,377,10,6,7,1,2,-70,2,962,12830,114,0,0 '
Received from ('fd00::200:0:0:15', 8765, 0, 0): b' 1754,21,16,1280,0,342,5,3,5,1,1,-70,0,469,6541,108,0,0 '
Received from ('fd00::200:0:0:11', 8765, 0, 0): b' 1754,17,16,1280,0,368,5,4,7,1,1,-52,0,801,9251,109,0,0 '
Received from ('fd00::200:0:0:a', 8765, 0, 0): b' 1755,10,11,1024,0,394,7,5,7,1,1,-52,0,677,4918,107,0,0 '
Received from ('fd00::200:0:0:13', 8765, 0, 0): b' 1754,19,16,1280,0,359,5,3,7,1,1,-70,0,969,9679,104,0,0 '
Received from ('fd00::200:0:0:4', 8765, 0, 0): b' 1756,4,1,512,0,340,13,2,7,1,1,-66,1,1334,12723,117,0,0 '
Received from ('fd00::200:0:0:3', 8765, 0, 0): b' 1757,3,1,512,0,344,13,11,7,2,1,-64,10,6909,39589,116,0,0 '
Received from ('fd00::200:0:0:f', 8765, 0, 0): b' 1756,15,11,1024,10,338,6,12,7,1,2,-52,0,691,7227,80,0,0 '
Received from ('fd00::200:0:0:e', 8765, 0, 0): b' 1757,14,11,1024,0,371,10,3,7,1,2,-70,1,958,9163,104,0,0 '
Received from ('fd00::200:0:0:6', 8765, 0, 0): b' 1757,6,3,768,0,376,10,3,7,1,2,-70,0,595,9037,107,0,0 '
Received from ('fd00::200:0:0:d', 8765, 0, 0): b' 1758,13,8,1024,0,370,9,3,7,1,2,-70,0,701,9735,112,0,0 '
Received from ('fd00::200:0:0:5', 8765, 0, 0): b' 1759,5,1,512,0,348,14,1,6,1,1,-94,1,1557,18802,117,0,0 '
Received from ('fd00::200:0:0:7', 8765, 0, 0): b' 1758,7,4,768,10,300,9,5,7,1,3,-70,0,663,6358,99,0,0 '
Received from ('fd00::200:0:0:15', 8765, 0, 0): b' 1759,21,16,1280,0,343,5,3,5,1,1,-70,0,450,5574,108,0,0 '
Received from ('fd00::200:0:0:2', 8765, 0, 0): b' 1759,2,1,512,0,388,14,1,6,1,1,-88,0,748,12737,117,0,0 '
Received from ('fd00::200:0:0:9', 8765, 0, 0): b' 1760,9,5,768,0,350,9,4,7,1,2,-52,0,1036,11180,103,0,0 '
Received from ('fd00::200:0:0:10', 8765, 0, 0): b' 1760,16,11,1024,0,336,9,11,7,1,2,-70,4,1966,18171,110,0,0 '
Received from ('fd00::200:0:0:13', 8765, 0, 0): b' 1760,19,16,1280,0,361,5,3,7,1,1,-70,0,563,6033,104,0,0 '
Received from ('fd00::200:0:0:8', 8765, 0, 0): b' 1762,8,3,768,0,378,10,6,7,1,2,-70,2,1025,11121,115,0,0 '
Received from ('fd00::200:0:0:12', 8765, 0, 0): b' 1761,18,14,1280,20,367,7,4,5,1,1,-52,0,600,6739,102,0,0 '
Received from ('fd00::200:0:0:1', 5678, 0, 0): b' 1762,1,0,256,0,24,0,0,4,0,0,0,10,2422,22642,2204,0,0 '
Received from ('fd00::200:0:0:e', 8765, 0, 0): b' 1762,14,11,1024,0,374,10,3,7,1,2,-70,1,860,6390,105,0,0 '
Received from ('fd00::200:0:0:15', 8765, 0, 0): b' 1763,21,16,1280,0,346,5,3,5,1,1,-70,0,557,5499,109,0,0 '
Received from ('fd00::200:0:0:4', 8765, 0, 0): b' 1763,4,1,512,0,340,13,2,7,1,1,-66,1,588,10505,117,0,0 '
Received from ('fd00::200:0:0:b', 8765, 0, 0): b' 1764,11,3,768,0,334,9,11,7,2,1,-95,10,5531,35209,189,1,4 '
Received from ('fd00::200:0:0:c', 8765, 0, 0): b' 1763,12,11,1024,10,387,11,8,7,1,3,-52,0,635,11873,112,0,0 '
Received from ('fd00::200:0:0:d', 8765, 0, 0): b' 1764,13,8,1024,10,373,9,3,7,1,2,-70,0,569,6537,112,0,0 '
Received from ('fd00::200:0:0:6', 8765, 0, 0): b' 1766,6,3,768,0,379,10,3,7,1,2,-70,0,807,7645,107,0,0 '
Received from ('fd00::200:0:0:a', 8765, 0, 0): b' 1765,10,11,1024,0,398,7,5,7,1,1,-52,0,801,9746,108,0,0 '
Received from ('fd00::200:0:0:f', 8765, 0, 0): b' 1765,15,11,1024,0,341,6,12,7,1,2,-52,0,903,9399,81,0,0 '
Received from ('fd00::200:0:0:2', 8765, 0, 0): b' 1766,2,1,512,0,389,14,1,6,1,1,-88,0,460,8026,118,0,0 '
Received from ('fd00::200:0:0:10', 8765, 0, 0): b' 1765,16,11,1024,20,337,9,11,7,1,2,-70,4,1431,13497,111,0,0 '
Received from ('fd00::200:0:0:14', 8765, 0, 0): b' 1765,20,16,1280,0,345,7,8,7,1,2,-52,0,925,11459,85,0,0 '
Received from ('fd00::200:0:0:11', 8765, 0, 0): b' 1765,17,16,1280,10,374,5,4,7,1,1,-52,0,1054,10859,109,0,0 '
Received from ('fd00::200:0:0:12', 8765, 0, 0): b' 1766,18,14,1280,0,369,7,4,5,1,1,-52,0,550,5610,103,0,0 '
Received from ('fd00::200:0:0:3', 8765, 0, 0): b' 1768,3,1,512,0,347,13,11,7,2,1,-64,10,6441,37278,117,0,0 '
Received from ('fd00::200:0:0:7', 8765, 0, 0): b' 1767,7,4,768,0,303,9,5,7,1,3,-70,0,594,8997,100,0,0 '
Received from ('fd00::200:0:0:13', 8765, 0, 0): b' 1767,19,16,1280,0,364,5,3,7,1,1,-70,0,650,6281,105,0,0 '
Received from ('fd00::200:0:0:c', 8765, 0, 0): b' 1768,12,11,1024,0,387,11,8,7,1,3,-52,0,367,6294,113,0,0 '
Received from ('fd00::200:0:0:9', 8765, 0, 0): b' 1768,9,5,768,0,353,9,4,7,1,2,-52,0,623,8405,103,0,0 '
Received from ('fd00::200:0:0:e', 8765, 0, 0): b' 1768,14,11,1024,0,374,10,3,7,1,2,-70,1,741,9075,105,0,0 '
Received from ('fd00::200:0:0:1', 5678, 0, 0): b' 1769,1,0,256,0,24,0,0,4,0,0,0,10,1622,18283,2210,0,0 '
Received from ('fd00::200:0:0:10', 8765, 0, 0): b' 1770,16,11,1024,20,339,9,11,7,1,2,-70,4,1423,12270,111,0,0 '
Received from ('fd00::200:0:0:5', 8765, 0, 0): b' 1770,5,1,512,0,348,14,1,6,1,1,-94,1,992,16647,117,0,0 '
Received from ('fd00::200:0:0:14', 8765, 0, 0): b' 1769,20,16,1280,0,346,7,8,7,1,2,-52,0,265,3788,85,0,0 '
Received from ('fd00::200:0:0:2', 8765, 0, 0): b' 1772,2,1,512,0,391,14,1,6,1,1,-88,0,491,7263,118,0,0 '
Received from ('fd00::200:0:0:6', 8765, 0, 0): b' 1773,6,3,768,0,380,10,3,7,1,2,-70,0,408,6341,107,0,0 '
Received from ('fd00::200:0:0:8', 8765, 0, 0): b' 1772,8,3,768,10,381,10,6,7,1,2,-70,2,1197,16216,115,0,0 '
Received from ('fd00::200:0:0:15', 8765, 0, 0): b' 1773,21,16,1280,0,349,5,3,5,1,1,-70,0,745,11844,109,0,0 '
Received from ('fd00::200:0:0:9', 8765, 0, 0): b' 1773,9,5,768,0,354,9,4,7,1,2,-52,0,415,4839,104,0,0 '
Received from ('fd00::200:0:0:d', 8765, 0, 0): b' 1772,13,8,1024,0,375,9,3,7,1,2,-70,0,694,10756,113,0,0 '
Received from ('fd00::200:0:0:13', 8765, 0, 0): b' 1773,19,16,1280,0,366,5,3,7,1,1,-70,0,493,6482,105,0,0 '
Received from ('fd00::200:0:0:12', 8765, 0, 0): b' 1774,18,14,1280,0,373,7,4,5,1,1,-52,0,731,7505,103,0,0 '
Received from ('fd00::200:0:0:4', 8765, 0, 0): b' 1774,4,1,512,10,342,13,2,7,1,1,-66,1,1222,17680,118,0,0 '
Received from ('fd00::200:0:0:b', 8765, 0, 0): b' 1775,11,3,768,10,336,9,11,7,2,1,-95,10,4902,36215,192,1,4 '
Received from ('fd00::200:0:0:e', 8765, 0, 0): b' 1774,14,11,1024,10,377,10,3,7,1,2,-70,1,943,7548,106,0,0 '
Received from ('fd00::200:0:0:7', 8765, 0, 0): b' 1776,7,4,768,0,307,9,5,7,1,3,-70,0,825,8464,100,0,0 '
Received from ('fd00::200:0:0:14', 8765, 0, 0): b' 1775,20,16,1280,10,351,7,8,7,1,2,-52,0,853,6170,86,0,0 '
Received from ('fd00::200:0:0:11', 8765, 0, 0): b' 1775,17,16,1280,0,378,5,4,7,1,1,-52,0,912,9879,110,0,0 '
Received from ('fd00::200:0:0:f', 8765, 0, 0): b' 1776,15,11,1024,0,346,6,12,7,1,2,-52,0,1039,11306,82,0,0 '
Received from ('fd00::200:0:0:a', 8765, 0, 0): b' 1776,10,11,1024,0,403,7,5,7,1,1,-52,0,1052,11443,109,0,0 '
Received from ('fd00::200:0:0:10', 8765, 0, 0): b' 1776,16,11,1024,0,339,9,11,7,1,2,-70,4,2152,19390,112,0,0 '
Received from ('fd00::200:0:0:3', 8765, 0, 0): b' 1778,3,1,512,0,349,13,11,7,2,1,-64,10,5710,34997,118,0,0 '
Received from ('fd00::200:0:0:4', 8765, 0, 0): b' 1779,4,1,512,0,343,13,2,7,1,1,-66,1,647,6894,118,0,0 '
Received from ('fd00::200:0:0:c', 8765, 0, 0): b' 1778,12,11,1024,0,389,11,8,7,1,3,-52,0,633,12617,113,0,0 '
Received from ('fd00::200:0:0:8', 8765, 0, 0): b' 1779,8,3,768,0,383,10,6,7,1,2,-70,2,983,11531,116,0,0 '
Received from ('fd00::200:0:0:5', 8765, 0, 0): b' 1780,5,1,512,0,350,14,1,6,1,1,-94,1,1073,14662,118,0,0 '
Received from ('fd00::200:0:0:b', 8765, 0, 0): b' 1779,11,3,768,10,336,9,11,7,2,1,-95,10,2360,15537,192,1,4 '
Received from ('fd00::200:0:0:9', 8765, 0, 0): b' 1780,9,5,768,0,357,9,4,7,1,2,-52,0,621,7161,104,0,0 '
Received from ('fd00::200:0:0:6', 8765, 0, 0): b' 1781,6,3,768,0,383,10,3,7,1,2,-70,0,775,8308,108,0,0 '
Received from ('fd00::200:0:0:1', 5678, 0, 0): b' 1780,1,0,256,0,24,0,0,4,0,0,0,10,3147,31199,2231,0,0 '
Received from ('fd00::200:0:0:11', 8765, 0, 0): b' 1780,17,16,1280,0,381,5,4,7,1,1,-52,0,594,5080,110,0,0 '
Received from ('fd00::200:0:0:d', 8765, 0, 0): b' 1781,13,8,1024,0,378,9,3,7,1,2,-70,0,647,10774,113,0,0 '
Received from ('fd00::200:0:0:f', 8765, 0, 0): b' 1781,15,11,1024,0,349,6,12,7,1,2,-52,0,573,4994,82,0,0 '
Received from ('fd00::200:0:0:7', 8765, 0, 0): b' 1782,7,4,768,0,310,9,5,7,1,3,-70,0,653,6303,101,0,0 '
Received from ('fd00::200:0:0:2', 8765, 0, 0): b' 1782,2,1,512,0,394,14,1,6,1,1,-88,0,818,12772,119,0,0 '
Received from ('fd00::200:0:0:13', 8765, 0, 0): b' 1781,19,16,1280,10,369,5,3,7,1,1,-70,0,664,7384,106,0,0 '
Received from ('fd00::200:0:0:15', 8765, 0, 0): b' 1783,21,16,1280,0,351,5,3,5,1,1,-70,0,787,12615,110,0,0 '
Received from ('fd00::200:0:0:e', 8765, 0, 0): b' 1784,14,11,1024,0,378,10,3,7,1,2,-70,1,907,11320,106,0,0 '
Received from ('fd00::200:0:0:c', 8765, 0, 0): b' 1786,12,11,1024,0,390,11,8,7,1,3,-52,0,473,7359,114,0,0 '
Received from ('fd00::200:0:0:b', 8765, 0, 0): b' 1785,11,3,768,10,337,9,11,7,2,1,-95,10,2406,18762,194,1,4 '
Received from ('fd00::200:0:0:1', 5678, 0, 0): b' 1785,1,0,256,0,24,0,0,4,0,0,0,10,1025,12180,2235,0,0 '
Received from ('fd00::200:0:0:12', 8765, 0, 0): b' 1784,18,14,1280,0,380,7,4,5,1,1,-52,0,1229,10817,104,0,0 '
Received from ('fd00::200:0:0:d', 8765, 0, 0): b' 1786,13,8,1024,0,378,9,3,7,1,2,-70,0,279,5598,113,0,0 '
Received from ('fd00::200:0:0:10', 8765, 0, 0): b' 1788,16,11,1024,0,344,9,11,7,1,2,-70,4,2220,23503,112,0,0 '
Received from ('fd00::200:0:0:3', 8765, 0, 0): b' 1787,3,1,512,20,350,13,11,7,2,1,-64,10,4326,27369,119,0,0 '
Received from ('fd00::200:0:0:5', 8765, 0, 0): b' 1787,5,1,512,0,352,14,1,6,1,1,-94,1,956,11433,118,0,0 '
Received from ('fd00::200:0:0:14', 8765, 0, 0): b' 1786,20,16,1280,0,353,7,8,7,1,2,-52,0,672,10582,86,0,0 '
Received from ('fd00::200:0:0:a', 8765, 0, 0): b' 1788,10,11,1024,0,404,7,5,7,1,1,-52,0,534,8945,109,0,0 '
Received from ('fd00::200:0:0:11', 8765, 0, 0): b' 1786,17,16,1280,0,381,5,4,7,1,1,-52,0,335,5140,111,0,0 '
Received from ('fd00::200:0:0:9', 8765, 0, 0): b' 1788,9,5,768,0,358,9,4,7,1,2,-52,0,560,7428,105,0,0 '
Received from ('fd00::200:0:0:f', 8765, 0, 0): b' 1788,15,11,1024,0,350,6,12,7,1,2,-52,0,442,6382,83,0,0 '
Received from ('fd00::200:0:0:13', 8765, 0, 0): b' 1788,19,16,1280,0,369,5,3,7,1,1,-70,0,387,5919,106,0,0 '
Received from ('fd00::200:0:0:4', 8765, 0, 0): b' 1789,4,1,512,0,346,13,2,7,1,1,-66,1,1329,16800,119,0,0 '
Received from ('fd00::200:0:0:e', 8765, 0, 0): b' 1789,14,11,1024,0,379,10,3,7,1,2,-70,1,819,8508,107,0,0 '
Received from ('fd00::200:0:0:6', 8765, 0, 0): b' 1790,6,3,768,0,386,10,3,7,1,2,-70,0,702,9644,109,0,0 '
Received from ('fd00::200:0:0:2', 8765, 0, 0): b' 1790,2,1,512,0,396,14,1,6,1,1,-88,0,591,9676,120,0,0 '
Received from ('fd00::200:0:0:8', 8765, 0, 0): b' 1790,8,3,768,0,388,10,6,7,1,2,-70,2,1764,18364,117,0,0 '
Received from ('fd00::200:0:0:a', 8765, 0, 0): b' 1790,10,11,1024,0,405,7,5,7,1,1,-52,0,321,4247,110,0,0 '
Received from ('fd00::200:0:0:3', 8765, 0, 0): b' 1792,3,1,512,10,350,13,11,7,2,1,-64,10,3114,17063,119,0,0 '
Received from ('fd00::200:0:0:d', 8765, 0, 0): b' 1791,13,8,1024,0,379,9,3,7,1,2,-70,0,445,6215,114,0,0 '
Received from ('fd00::200:0:0:1', 5678, 0, 0): b' 1793,1,0,256,0,24,0,0,4,0,0,0,10,2308,21862,2251,0,0 '
Received from ('fd00::200:0:0:7', 8765, 0, 0): b' 1793,7,4,768,0,313,9,5,7,1,3,-70,0,766,10911,101,0,0 '
Received from ('fd00::200:0:0:5', 8765, 0, 0): b' 1794,5,1,512,0,357,14,1,6,1,1,-94,1,1146,11270,119,0,0 '
Received from ('fd00::200:0:0:12', 8765, 0, 0): b' 1793,18,14,1280,0,383,7,4,5,1,1,-52,0,748,8736,104,0,0 '
Received from ('fd00::200:0:0:c', 8765, 0, 0): b' 1794,12,11,1024,0,391,11,8,7,1,3,-52,0,532,11577,114,0,0 '
Received from ('fd00::200:0:0:13', 8765, 0, 0): b' 1793,19,16,1280,0,370,5,3,7,1,1,-70,0,442,5624,107,0,0 '
Received from ('fd00::200:0:0:6', 8765, 0, 0): b' 1794,6,3,768,0,387,10,3,7,1,2,-70,0,360,4429,109,0,0 '
Received from ('fd00::200:0:0:f', 8765, 0, 0): b' 1794,15,11,1024,0,351,6,12,7,1,2,-52,0,410,6343,83,0,0 '
Received from ('fd00::200:0:0:4', 8765, 0, 0): b' 1795,4,1,512,0,348,13,2,7,1,1,-66,1,751,8575,119,0,0 '
Received from ('fd00::200:0:0:b', 8765, 0, 0): b' 1795,11,3,768,30,339,9,11,7,2,1,-95,10,4755,33774,197,1,4 '
Received from ('fd00::200:0:0:8', 8765, 0, 0): b' 1795,8,3,768,0,391,10,6,7,1,2,-70,2,835,8181,117,0,0 '
Received from ('fd00::200:0:0:15', 8765, 0, 0): b' 1797,21,16,1280,0,354,5,3,5,1,1,-70,0,854,14409,111,0,0 '
Received from ('fd00::200:0:0:e', 8765, 0, 0): b' 1796,14,11,1024,0,384,10,3,7,1,2,-70,1,1168,9244,107,0,0 '
Received from ('fd00::200:0:0:a', 8765, 0, 0): b' 1796,10,11,1024,0,406,7,5,7,1,1,-52,0,386,5693,110,0,0 '
Received from ('fd00::200:0:0:3', 8765, 0, 0): b' 1798,3,1,512,0,351,13,11,7,2,1,-64,10,2936,18701,119,0,0 '
Received from ('fd00::200:0:0:11', 8765, 0, 0): b' 1796,17,16,1280,0,384,5,4,7,1,1,-52,0,745,9952,111,0,0 '
Received from ('fd00::200:0:0:10', 8765, 0, 0): b' 1799,16,11,1024,10,350,9,11,7,1,2,-70,4,3279,31336,113,0,0 '
Received from ('fd00::200:0:0:14', 8765, 0, 0): b' 1798,20,16,1280,0,359,7,8,7,1,2,-52,0,1237,11930,87,0,0 '
Received from ('fd00::200:0:0:9', 8765, 0, 0): b' 1799,9,5,768,0,358,9,4,7,1,2,-52,0,421,9782,105,0,0 '
Received from ('fd00::200:0:0:13', 8765, 0, 0): b' 1798,19,16,1280,0,373,5,3,7,1,1,-70,0,594,4816,107,0,0 '
Received from ('fd00::200:0:0:12', 8765, 0, 0): b' 1799,18,14,1280,0,386,7,4,5,1,1,-52,0,656,6126,105,0,0 '
Received from ('fd00::200:0:0:c', 8765, 0, 0): b' 1801,12,11,1024,10,393,11,8,7,1,3,-52,0,550,6543,115,0,0 '
Received from ('fd00::200:0:0:2', 8765, 0, 0): b' 1800,2,1,512,0,399,14,1,6,1,1,-88,0,743,12066,120,0,0 '
Received from ('fd00::200:0:0:6', 8765, 0, 0): b' 1801,6,3,768,0,388,10,3,7,1,2,-70,0,385,5268,109,0,0 '
Received from ('fd00::200:0:0:8', 8765, 0, 0): b' 1801,8,3,768,0,393,10,6,7,1,2,-70,2,631,8143,117,0,0 '
Received from ('fd00::200:0:0:f', 8765, 0, 0): b' 1802,15,11,1024,10,353,6,12,7,1,2,-52,0,519,5575,84,0,0 '
Received from ('fd00::200:0:0:b', 8765, 0, 0): b' 1803,11,3,768,0,339,9,11,7,2,1,-95,10,3128,22388,198,1,4 '
Received from ('fd00::200:0:0:d', 8765, 0, 0): b' 1803,13,8,1024,0,385,9,3,7,1,2,-70,0,1139,14355,115,0,0 '
Received from ('fd00::200:0:0:10', 8765, 0, 0): b' 1804,16,11,1024,0,351,9,11,7,1,2,-70,4,1463,13139,113,0,0 '
Received from ('fd00::200:0:0:14', 8765, 0, 0): b' 1803,20,16,1280,0,361,7,8,7,1,2,-52,0,429,4878,88,0,0 '
Received from ('fd00::200:0:0:3', 8765, 0, 0): b' 1804,3,1,512,0,353,13,11,7,2,1,-64,10,3790,21508,120,0,0 '
Received from ('fd00::200:0:0:5', 8765, 0, 0): b' 1804,5,1,512,0,359,14,1,6,1,1,-94,1,1111,15643,120,0,0 '
Received from ('fd00::200:0:0:1', 5678, 0, 0): b' 1804,1,0,256,0,24,0,0,4,0,0,0,10,2969,30451,2269,0,0 '
Received from ('fd00::200:0:0:c', 8765, 0, 0): b' 1806,12,11,1024,0,394,11,8,7,1,3,-52,0,389,5973,115,0,0 '
Received from ('fd00::200:0:0:8', 8765, 0, 0): b' 1806,8,3,768,0,394,10,6,7,1,2,-70,2,753,7270,118,0,0 '
Received from ('fd00::200:0:0:4', 8765, 0, 0): b' 1804,4,1,512,0,350,13,2,7,1,1,-66,1,964,15082,120,0,0 '
Received from ('fd00::200:0:0:e', 8765, 0, 0): b' 1806,14,11,1024,0,386,10,3,7,1,2,-70,1,1013,11156,108,0,0 '
Received from ('fd00::200:0:0:7', 8765, 0, 0): b' 1804,7,4,768,0,315,9,5,7,1,3,-70,0,716,11186,102,0,0 '
Received from ('fd00::200:0:0:11', 8765, 0, 0): b' 1804,17,16,1280,0,386,5,4,7,1,1,-52,0,573,7862,112,0,0 '
Received from ('fd00::200:0:0:15', 8765, 0, 0): b' 1808,21,16,1280,0,358,5,3,5,1,1,-70,0,903,12963,112,0,0 '
Received from ('fd00::200:0:0:a', 8765, 0, 0): b' 1808,10,11,1024,0,409,7,5,7,1,1,-52,0,801,9413,111,0,0 '
Received from ('fd00::200:0:0:f', 8765, 0, 0): b' 1808,15,11,1024,0,357,6,12,7,1,2,-52,0,732,6741,84,0,0 '
Received from ('fd00::200:0:0:9', 8765, 0, 0): b' 1808,9,5,768,0,361,9,4,7,1,2,-52,0,701,9052,106,0,0 '
Received from ('fd00::200:0:0:b', 8765, 0, 0): b' 1808,11,3,768,30,339,9,11,7,2,1,-95,10,2903,19908,200,1,4 '
Received from ('fd00::200:0:0:12', 8765, 0, 0): b' 1809,18,14,1280,10,386,7,4,5,1,1,-52,0,279,6711,105,0,0 '
Received from ('fd00::200:0:0:2', 8765, 0, 0): b' 1810,2,1,512,0,400,14,1,6,1,1,-88,0,606,11475,121,0,0 '
Received from ('fd00::200:0:0:13', 8765, 0, 0): b' 1809,19,16,1280,0,374,5,3,7,1,1,-70,0,587,10167,108,0,0 '
Received from ('fd00::200:0:0:d', 8765, 0, 0): b' 1811,13,8,1024,10,387,9,3,7,1,2,-70,0,536,8989,115,0,0 '
Received from ('fd00::200:0:0:6', 8765, 0, 0): b' 1811,6,3,768,0,390,10,3,7,1,2,-70,0,692,10062,110,0,0 '
Received from ('fd00::200:0:0:a', 8765, 0, 0): b' 1812,10,11,1024,0,411,7,5,7,1,1,-52,0,469,4537,111,0,0 '
Received from ('fd00::200:0:0:4', 8765, 0, 0): b' 1811,4,1,512,0,351,13,2,7,1,1,-66,1,756,10776,120,0,0 '
Received from ('fd00::200:0:0:1', 5678, 0, 0): b' 1812,1,0,256,0,24,0,0,4,0,0,0,10,1835,20699,2278,0,0 '
Received from ('fd00::200:0:0:10', 8765, 0, 0): b' 1813,16,11,1024,0,353,9,11,7,1,2,-70,4,2280,23980,114,0,0 '
Received from ('fd00::200:0:0:14', 8765, 0, 0): b' 1811,20,16,1280,0,363,7,8,7,1,2,-52,0,637,8654,88,0,0 '
Received from ('fd00::200:0:0:11', 8765, 0, 0): b' 1811,17,16,1280,0,390,5,4,7,1,1,-52,0,822,7216,112,0,0 '
Received from ('fd00::200:0:0:3', 8765, 0, 0): b' 1813,3,1,512,0,358,13,11,7,2,1,-64,10,5261,31350,120,0,0 '
Received from ('fd00::200:0:0:c', 8765, 0, 0): b' 1815,12,11,1024,0,396,11,8,7,1,3,-52,0,723,11759,116,0,0 '
Received from ('fd00::200:0:0:f', 8765, 0, 0): b' 1816,15,11,1024,0,359,6,12,7,1,2,-52,0,670,7872,85,0,0 '
Received from ('fd00::200:0:0:12', 8765, 0, 0): b' 1816,18,14,1280,0,387,7,4,5,1,1,-52,0,564,7184,106,0,0 '
Received from ('fd00::200:0:0:2', 8765, 0, 0): b' 1815,2,1,512,0,400,14,1,6,1,1,-88,0,278,6421,121,0,0 '
Received from ('fd00::200:0:0:5', 8765, 0, 0): b' 1816,5,1,512,0,361,14,1,6,1,1,-94,1,1059,17551,120,0,0 '
Received from ('fd00::200:0:0:7', 8765, 0, 0): b' 1816,7,4,768,0,319,9,5,7,1,3,-70,0,906,11141,103,0,0 '
Received from ('fd00::200:0:0:8', 8765, 0, 0): b' 1817,8,3,768,10,396,10,6,7,1,2,-70,2,1088,17800,118,0,0 '
Received from ('fd00::200:0:0:e', 8765, 0, 0): b' 1818,14,11,1024,0,391,10,3,7,1,2,-70,1,1577,15238,108,0,0 '
Received from ('fd00::200:0:0:9', 8765, 0, 0): b' 1817,9,5,768,0,363,9,4,7,1,2,-52,0,611,8788,106,0,0 '
Received from ('fd00::200:0:0:d', 8765, 0, 0): b' 1816,13,8,1024,0,388,9,3,7,1,2,-70,0,493,7572,115,0,0 '
Received from ('fd00::200:0:0:10', 8765, 0, 0): b' 1818,16,11,1024,0,353,9,11,7,1,2,-70,4,1095,12024,114,0,0 '
Received from ('fd00::200:0:0:15', 8765, 0, 0): b' 1819,21,16,1280,0,364,5,3,5,1,1,-70,0,1119,14157,112,0,0 '
Received from ('fd00::200:0:0:6', 8765, 0, 0): b' 1818,6,3,768,0,390,10,3,7,1,2,-70,0,334,6212,111,0,0 '
Received from ('fd00::200:0:0:b', 8765, 0, 0): b' 1819,11,3,768,0,343,9,11,7,2,1,-95,10,4462,32572,202,1,4 '
Received from ('fd00::200:0:0:a', 8765, 0, 0): b' 1819,10,11,1024,10,413,7,5,7,1,1,-52,0,493,6502,111,0,0 '
Received from ('fd00::200:0:0:3', 8765, 0, 0): b' 1820,3,1,512,10,359,13,11,7,2,1,-64,10,3758,23478,121,0,0 '
Received from ('fd00::200:0:0:12', 8765, 0, 0): b' 1822,18,14,1280,0,391,7,4,5,1,1,-52,0,707,5463,106,0,0 '
Received from ('fd00::200:0:0:f', 8765, 0, 0): b' 1822,15,11,1024,10,360,6,12,7,1,2,-52,0,362,5239,85,0,0 '
Received from ('fd00::200:0:0:4', 8765, 0, 0): b' 1821,4,1,512,0,355,13,2,7,1,1,-66,1,1324,14911,121,0,0 '
Received from ('fd00::200:0:0:11', 8765, 0, 0): b' 1820,17,16,1280,0,390,5,4,7,1,1,-52,0,359,7850,113,0,0 '
Received from ('fd00::200:0:0:13', 8765, 0, 0): b' 1820,19,16,1280,10,378,5,3,7,1,1,-70,0,853,10258,108,0,0 '
Received from ('fd00::200:0:0:14', 8765, 0, 0): b' 1821,20,16,1280,0,366,7,8,7,1,2,-52,0,777,9208,89,0,0 '
Received from ('fd00::200:0:0:10', 8765, 0, 0): b' 1824,16,11,1024,0,353,9,11,7,1,2,-70,4,1654,15037,115,0,0 '
Received from ('fd00::200:0:0:1', 5678, 0, 0): b' 1822,1,0,256,0,24,0,0,4,0,0,0,10,2799,28465,2295,0,0 '
Received from ('fd00::200:0:0:e', 8765, 0, 0): b' 1824,14,11,1024,0,392,10,3,7,1,2,-70,1,763,7868,109,0,0 '
Received from ('fd00::200:0:0:6', 8765, 0, 0): b' 1823,6,3,768,0,392,10,3,7,1,2,-70,0,491,5133,111,0,0 '
Received from ('fd00::200:0:0:8', 8765, 0, 0): b' 1824,8,3,768,0,396,10,6,7,1,2,-70,2,980,12055,119,0,0 '
Received from ('fd00::200:0:0:c', 8765, 0, 0): b' 1826,12,11,1024,0,399,11,8,7,1,3,-52,0,651,12656,116,0,0 '
Received from ('fd00::200:0:0:2', 8765, 0, 0): b' 1824,2,1,512,10,401,14,1,6,1,1,-88,0,580,10883,122,0,0 '
Received from ('fd00::200:0:0:15', 8765, 0, 0): b' 1826,21,16,1280,0,365,5,3,5,1,1,-70,0,497,9332,113,0,0 '
Received from ('fd00::200:0:0:b', 8765, 0, 0): b' 1826,11,3,768,10,344,9,11,7,2,1,-95,10,3663,26264,204,1,4 '
Received from ('fd00::200:0:0:a', 8765, 0, 0): b' 1828,10,11,1024,0,413,7,5,7,1,1,-52,0,481,7936,112,0,0 '
Received from ('fd00::200:0:0:5', 8765, 0, 0): b' 1827,5,1,512,10,364,14,1,6,1,1,-94,1,1344,17895,121,0,0 '
Received from ('fd00::200:0:0:9', 8765, 0, 0): b' 1826,9,5,768,0,363,9,4,7,1,2,-52,0,380,8321,107,0,0 '
Received from ('fd00::200:0:0:7', 8765, 0, 0): b' 1827,7,4,768,0,323,9,5,7,1,3,-70,0,1027,11444,104,0,0 '
Received from ('fd00::200:0:0:d', 8765, 0, 0): b' 1828,13,8,1024,0,392,9,3,7,1,2,-70,0,935,13816,116,0,0 '
Received from ('fd00::200:0:0:f', 8765, 0, 0): b' 1830,15,11,1024,0,362,6,12,7,1,2,-52,0,542,7679,85,0,0 '
Received from ('fd00::200:0:0:c', 8765, 0, 0): b' 1831,12,11,1024,0,399,11,8,7,1,3,-52,0,342,6173,117,0,0 '
Received from ('fd00::200:0:0:1', 5678, 0, 0): b' 1829,1,0,256,0,24,0,0,4,0,0,0,10,1778,19280,2302,0,0 '
Received from ('fd00::200:0:0:13', 8765, 0, 0): b' 1829,19,16,1280,0,381,5,3,7,1,1,-70,0,707,9044,109,0,0 '
Received from ('fd00::200:0:0:6', 8765, 0, 0): b' 1830,6,3,768,0,395,10,3,7,1,2,-70,0,719,7672,111,0,0 '
Received from ('fd00::200:0:0:e', 8765, 0, 0): b' 1832,14,11,1024,0,393,10,3,7,1,2,-70,1,797,10009,109,0,0 '
Received from ('fd00::200:0:0:3', 8765, 0, 0): b' 1831,3,1,512,0,361,13,11,7,2,1,-64,10,5261,33780,121,0,0 '
Received from ('fd00::200:0:0:12', 8765, 0, 0): b' 1832,18,14,1280,0,394,7,4,5,1,1,-52,0,801,9785,107,0,0 '
Received from ('fd00::200:0:0:14', 8765, 0, 0): b' 1830,20,16,1280,0,366,7,8,7,1,2,-52,0,423,8242,89,0,0 '
Received from ('fd00::200:0:0:4', 8765, 0, 0): b' 1832,4,1,512,0,359,13,2,7,1,1,-66,1,1457,17805,122,0,0 '
Received from ('fd00::200:0:0:11', 8765, 0, 0): b' 1831,17,16,1280,0,392,5,4,7,1,1,-52,0,694,9825,114,0,0 '
Received from ('fd00::200:0:0:2', 8765, 0, 0): b' 1832,2,1,512,0,405,14,1,6,1,1,-88,0,755,10313,122,0,0 '
Received from ('fd00::200:0:0:10', 8765, 0, 0): b' 1834,16,11,1024,0,354,9,11,7,1,2,-70,4,2277,25998,115,0,0 '
Received from ('fd00::200:0:0:5', 8765, 0, 0): b' 1833,5,1,512,0,366,14,1,6,1,1,-94,1,864,10104,121,0,0 '
Received from ('fd00::200:0:0:15', 8765, 0, 0): b' 1835,21,16,1280,0,367,5,3,5,1,1,-70,0,614,10245,113,0,0 '
Received from ('fd00::200:0:0:8', 8765, 0, 0): b' 1834,8,3,768,0,397,10,6,7,1,2,-70,2,1207,16739,120,0,0 '
Received from ('fd00::200:0:0:b', 8765, 0, 0): b' 1835,11,3,768,10,348,9,11,7,2,1,-95,10,3963,29747,206,1,4 '
Received from ('fd00::200:0:0:7', 8765, 0, 0): b' 1834,7,4,768,10,325,9,5,7,1,3,-70,0,385,6471,104,0,0 '
Received from ('fd00::200:0:0:12', 8765, 0, 0): b' 1837,18,14,1280,0,395,7,4,5,1,1,-52,0,265,4485,107,0,0 '
Received from ('fd00::200:0:0:c', 8765, 0, 0): b' 1837,12,11,1024,0,400,11,9,7,1,3,-52,0,536,8136,117,0,0 '
Received from ('fd00::200:0:0:a', 8765, 0, 0): b' 1838,10,11,1024,0,417,7,5,7,1,1,-52,0,908,10239,113,0,0 '
Received from ('fd00::200:0:0:9', 8765, 0, 0): b' 1837,9,5,768,0,366,9,4,7,1,2,-52,0,798,10617,108,0,0 '
Received from ('fd00::200:0:0:6', 8765, 0, 0): b' 1836,6,3,768,0,397,10,3,7,1,2,-70,0,541,6226,112,0,0 '
Received from ('fd00::200:0:0:3', 8765, 0, 0): b' 1838,3,1,512,10,364,13,11,7,2,1,-64,10,4037,24509,122,0,0 '
Received from ('fd00::200:0:0:e', 8765, 0, 0): b' 1840,14,11,1024,0,395,10,3,7,1,2,-70,1,1013,10367,110,0,0 '
Received from ('fd00::200:0:0:d', 8765, 0, 0): b' 1840,13,8,1024,0,395,9,3,7,1,2,-70,0,853,13929,117,0,0 '
Received from ('fd00::200:0:0:14', 8765, 0, 0): b' 1838,20,16,1280,0,369,7,8,7,1,2,-52,0,679,7676,90,0,0 '
Received from ('fd00::200:0:0:f', 8765, 0, 0): b' 1840,15,11,1024,10,366,6,12,7,1,2,-52,0,884,9817,86,0,0 '
Received from ('fd00::200:0:0:b', 8765, 0, 0): b' 1839,11,3,768,0,348,9,11,7,2,1,-95,10,2318,15558,207,1,4 '
Received from ('fd00::200:0:0:5', 8765, 0, 0): b' 1840,5,1,512,0,367,14,1,6,1,1,-94,1,774,10311,122,0,0 '
Received from ('fd00::200:0:0:2', 8765, 0, 0): b' 1840,2,1,512,0,407,14,1,6,1,1,-88,0,689,9779,123,0,0 '
Received from ('fd00::200:0:0:1', 5678, 0, 0): b' 1840,1,0,256,0,24,0,0,4,0,0,0,10,3089,30450,2320,0,0 '
Received from ('fd00::200:0:0:10', 8765, 0, 0): b' 1842,16,11,1024,0,356,9,11,7,1,2,-70,4,1943,20505,116,0,0 '
Received from ('fd00::200:0:0:11', 8765, 0, 0): b' 1840,17,16,1280,0,394,5,4,7,1,1,-52,0,709,9105,114,0,0 '
Received from ('fd00::200:0:0:c', 8765, 0, 0): b' 1842,12,11,1024,0,402,11,9,7,1,3,-52,0,470,6753,117,0,0 '
Received from ('fd00::200:0:0:13', 8765, 0, 0): b' 1840,19,16,1280,0,384,5,3,7,1,1,-70,0,825,10666,110,0,0 '
Received from ('fd00::200:0:0:4', 8765, 0, 0): b' 1842,4,1,512,10,362,13,2,7,1,1,-66,1,1143,15969,122,0,0 '
Received from ('fd00::200:0:0:15', 8765, 0, 0): b' 1844,21,16,1280,10,369,5,3,5,1,1,-70,0,699,10552,114,0,0 '
Received from ('fd00::200:0:0:e', 8765, 0, 0): b' 1845,14,11,1024,0,397,10,3,7,1,2,-70,1,674,6655,110,0,0 '
Received from ('fd00::200:0:0:8', 8765, 0, 0): b' 1843,8,3,768,0,397,10,6,7,1,2,-70,2,619,13151,120,0,0 '
Received from ('fd00::200:0:0:7', 8765, 0, 0): b' 1843,7,4,768,0,327,9,5,7,1,3,-70,0,799,9197,105,0,0 '
Received from ('fd00::200:0:0:3', 8765, 0, 0): b' 1844,3,1,512,10,367,13,11,7,2,1,-64,10,3330,19094,122,0,0 '
Received from ('fd00::200:0:0:12', 8765, 0, 0): b' 1845,18,14,1280,10,396,7,4,5,1,1,-52,0,699,8098,108,0,0 '
Received from ('fd00::200:0:0:d', 8765, 0, 0): b' 1844,13,8,1024,10,395,9,3,7,1,2,-70,0,255,5779,117,0,0 '
Received from ('fd00::200:0:0:14', 8765, 0, 0): b' 1845,20,16,1280,0,369,7,8,7,1,2,-52,0,278,5620,90,0,0 '
Received from ('fd00::200:0:0:11', 8765, 0, 0): b' 1845,17,16,1280,0,395,5,4,7,1,1,-52,0,557,5185,115,0,0 '
Received from ('fd00::200:0:0:4', 8765, 0, 0): b' 1846,4,1,512,10,366,13,2,7,1,1,-66,1,948,7525,123,0,0 '
Received from ('fd00::200:0:0:f', 8765, 0, 0): b' 1848,15,11,1024,0,367,6,12,7,1,2,-52,0,603,7797,87,0,0 '
Received from ('fd00::200:0:0:b', 8765, 0, 0): b' 1846,11,3,768,0,349,9,11,7,2,1,-95,10,3297,23782,209,1,4 '
Received from ('fd00::200:0:0:6', 8765, 0, 0): b' 1847,6,3,768,0,400,10,3,7,1,2,-70,0,799,10205,113,0,0 '
Received from ('fd00::200:0:0:15', 8765, 0, 0): b' 1849,21,16,1280,0,369,5,3,5,1,1,-70,0,185,5649,114,0,0 '
Received from ('fd00::200:0:0:10', 8765, 0, 0): b' 1849,16,11,1024,0,356,9,11,7,1,2,-70,4,1864,17941,116,0,0 '
Received from ('fd00::200:0:0:1', 5678, 0, 0): b' 1847,1,0,256,0,24,0,0,4,0,0,0,10,1854,19156,2331,0,0 '
Received from ('fd00::200:0:0:2', 8765, 0, 0): b' 1848,2,1,512,0,409,14,1,6,1,1,-88,0,491,9116,123,0,0 '
Received from ('fd00::200:0:0:e', 8765, 0, 0): b' 1849,14,11,1024,10,398,10,3,7,1,2,-70,1,517,5642,110,0,0 '
Received from ('fd00::200:0:0:7', 8765, 0, 0): b' 1848,7,4,768,0,330,9,5,7,1,3,-70,0,567,4840,105,0,0 '
Received from ('fd00::200:0:0:a', 8765, 0, 0): b' 1850,10,11,1024,0,420,7,5,7,1,1,-52,0,770,11190,113,0,0 '
Received from ('fd00::200:0:0:5', 8765, 0, 0): b' 1849,5,1,512,10,368,14,1,6,1,1,-94,1,676,12896,122,0,0 '
Received from ('fd00::200:0:0:9', 8765, 0, 0): b' 1849,9,5,768,0,370,9,4,7,1,2,-52,0,930,11621,109,0,0 '
Received from ('fd00::200:0:0:13', 8765, 0, 0): b' 1848,19,16,1280,0,387,5,3,7,1,1,-70,0,722,7969,110,0,0 '
Received from ('fd00::200:0:0:8', 8765, 0, 0): b' 1849,8,3,768,10,398,10,6,7,1,2,-70,2,851,9914,121,0,0 '
Received from ('fd00::200:0:0:3', 8765, 0, 0): b' 1851,3,1,512,10,369,13,11,7,2,1,-64,10,4120,22774,123,0,0 '
Received from ('fd00::200:0:0:12', 8765, 0, 0): b' 1850,18,14,1280,0,397,7,4,5,1,1,-52,0,411,5913,108,0,0 '
Received from ('fd00::200:0:0:11', 8765, 0, 0): b' 1849,17,16,1280,0,396,5,4,7,1,1,-52,0,289,4461,115,0,0 '
Received from ('fd00::200:0:0:14', 8765, 0, 0): b' 1850,20,16,1280,0,371,7,8,7,1,2,-52,0,548,5707,91,0,0 '
Received from ('fd00::200:0:0:1', 5678, 0, 0): b' 1852,1,0,256,0,24,0,0,4,0,0,0,10,1488,12887,2340,0,0 '
Received from ('fd00::200:0:0:10', 8765, 0, 0): b' 1853,16,11,1024,0,357,9,11,7,1,2,-70,4,1433,12441,117,0,0 '
Received from ('fd00::200:0:0:f', 8765, 0, 0): b' 1854,15,11,1024,0,368,6,12,7,1,2,-52,0,386,5727,87,0,0 '
Received from ('fd00::200:0:0:d', 8765, 0, 0): b' 1852,13,8,1024,0,399,9,3,7,1,2,-70,0,833,10751,118,0,0 '
Received from ('fd00::200:0:0:c', 8765, 0, 0): b' 1853,12,11,1024,10,408,11,9,7,1,3,-52,0,1068,14013,118,0,0 '
Received from ('fd00::200:0:0:5', 8765, 0, 0): b' 1853,5,1,512,0,368,14,1,6,1,1,-94,1,669,7300,123,0,0 '
Received from ('fd00::200:0:0:15', 8765, 0, 0): b' 1854,21,16,1280,0,370,5,3,5,1,1,-70,0,470,6839,115,0,0 '
Received from ('fd00::200:0:0:13', 8765, 0, 0): b' 1853,19,16,1280,0,387,5,3,7,1,1,-70,0,311,4189,111,0,0 '
Received from ('fd00::200:0:0:8', 8765, 0, 0): b' 1854,8,3,768,10,400,10,6,7,1,2,-70,2,813,7720,121,0,0 '
Received from ('fd00::200:0:0:b', 8765, 0, 0): b' 1855,11,3,768,10,350,9,11,7,2,1,-95,10,4341,28561,211,1,4 '
Received from ('fd00::200:0:0:e', 8765, 0, 0): b' 1856,14,11,1024,10,401,10,3,7,1,2,-70,1,891,8717,111,0,0 '
Received from ('fd00::200:0:0:2', 8765, 0, 0): b' 1855,2,1,512,0,415,14,1,6,1,1,-88,0,1012,9101,124,0,0 '
Received from ('fd00::200:0:0:4', 8765, 0, 0): b' 1855,4,1,512,0,367,13,2,7,1,1,-66,1,844,13301,123,0,0 '
Received from ('fd00::200:0:0:3', 8765, 0, 0): b' 1856,3,1,512,0,370,13,11,7,2,1,-64,10,3127,19014,123,0,0 '
Received from ('fd00::200:0:0:9', 8765, 0, 0): b' 1856,9,5,768,0,371,9,4,7,1,2,-52,0,505,6914,109,0,0 '
Received from ('fd00::200:0:0:7', 8765, 0, 0): b' 1856,7,4,768,0,330,9,5,7,1,3,-70,0,300,7266,105,0,0 '
Received from ('fd00::200:0:0:5', 8765, 0, 0): b' 1858,5,1,512,0,369,14,1,6,1,1,-94,1,589,7374,123,0,0 '
Received from ('fd00::200:0:0:6', 8765, 0, 0): b' 1858,6,3,768,0,400,10,3,7,1,2,-70,0,447,9827,113,0,0 '
Received from ('fd00::200:0:0:10', 8765, 0, 0): b' 1860,16,11,1024,0,358,9,11,7,1,2,-70,4,1508,16440,117,0,0 '
Received from ('fd00::200:0:0:a', 8765, 0, 0): b' 1860,10,11,1024,0,424,7,5,7,1,1,-52,0,975,10419,114,0,0 '
Received from ('fd00::200:0:0:b', 8765, 0, 0): b' 1859,11,3,768,20,351,9,11,7,2,1,-95,10,1650,13959,212,1,4 '
Received from ('fd00::200:0:0:f', 8765, 0, 0): b' 1861,15,11,1024,0,370,6,12,7,1,2,-52,0,614,7000,87,0,0 '
Received from ('fd00::200:0:0:c', 8765, 0, 0): b' 1861,12,11,1024,0,411,11,9,7,1,3,-52,0,790,9273,119,0,0 '
Received from ('fd00::200:0:0:7', 8765, 0, 0): b' 1860,7,4,768,0,330,9,5,7,1,3,-70,0,308,4222,106,0,0 '
Received from ('fd00::200:0:0:3', 8765, 0, 0): b' 1861,3,1,512,20,373,13,11,7,2,1,-64,10,2172,13863,123,0,0 '
Received from ('fd00::200:0:0:11', 8765, 0, 0): b' 1861,17,16,1280,0,400,5,4,7,1,1,-52,0,822,9126,115,0,0 '
Received from ('fd00::200:0:0:12', 8765, 0, 0): b' 1862,18,14,1280,0,400,7,4,5,1,1,-52,0,801,9971,109,0,0 '
Received from ('fd00::200:0:0:13', 8765, 0, 0): b' 1862,19,16,1280,0,391,5,3,7,1,1,-70,0,731,7672,111,0,0 '
Received from ('fd00::200:0:0:1', 5678, 0, 0): b' 1862,1,0,256,0,24,0,0,4,0,0,0,10,2329,25811,2351,0,0 '
Received from ('fd00::200:0:0:d', 8765, 0, 0): b' 1861,13,8,1024,0,402,9,3,7,1,2,-70,0,777,11155,119,0,0 '
Received from ('fd00::200:0:0:15', 8765, 0, 0): b' 1862,21,16,1280,0,376,5,3,5,1,1,-70,0,1036,11257,115,0,0 '
Received from ('fd00::200:0:0:e', 8765, 0, 0): b' 1864,14,11,1024,0,404,10,3,7,1,2,-70,1,1162,10474,111,0,0 '
Received from ('fd00::200:0:0:14', 8765, 0, 0): b' 1864,20,16,1280,10,379,7,8,7,1,2,-52,0,1246,12330,92,0,0 '
Received from ('fd00::200:0:0:a', 8765, 0, 0): b' 1865,10,11,1024,0,426,7,5,7,1,1,-52,0,373,4948,114,0,0 '
Received from ('fd00::200:0:0:5', 8765, 0, 0): b' 1864,5,1,512,0,369,14,1,6,1,1,-94,1,623,9740,124,0,0 '
Received from ('fd00::200:0:0:2', 8765, 0, 0): b' 1864,2,1,512,0,417,14,1,6,1,1,-88,0,683,11008,124,0,0 '
Received from ('fd00::200:0:0:b', 8765, 0, 0): b' 1864,11,3,768,0,352,9,11,7,2,1,-95,10,2688,16938,213,1,4 '
Received from ('fd00::200:0:0:6', 8765, 0, 0): b' 1864,6,3,768,0,401,10,3,7,1,2,-70,0,440,6041,114,0,0 '
Received from ('fd00::200:0:0:8', 8765, 0, 0): b' 1864,8,3,768,0,402,10,6,7,1,2,-70,2,1352,17716,122,0,0 '
Received from ('fd00::200:0:0:4', 8765, 0, 0): b' 1864,4,1,512,10,372,13,2,7,1,1,-66,1,1488,15756,124,0,0 '
Received from ('fd00::200:0:0:c', 8765, 0, 0): b' 1866,12,11,1024,0,413,11,9,7,1,3,-52,0,494,7255,119,0,0 '
Received from ('fd00::200:0:0:9', 8765, 0, 0): b' 1866,9,5,768,0,373,9,4,7,1,2,-52,0,691,9523,110,0,0 '
Received from ('fd00::200:0:0:12', 8765, 0, 0): b' 1867,18,14,1280,0,400,7,4,5,1,1,-52,0,279,5035,109,0,0 '
Received from ('fd00::200:0:0:1', 5678, 0, 0): b' 1866,1,0,256,0,24,0,0,4,0,0,0,10,1613,13997,2363,0,0 '
Received from ('fd00::200:0:0:13', 8765, 0, 0): b' 1867,19,16,1280,0,393,5,3,7,1,1,-70,0,463,4728,111,0,0 '
Received from ('fd00::200:0:0:3', 8765, 0, 0): b' 1867,3,1,512,10,374,13,11,7,2,1,-64,10,4496,24037,124,0,0 '
Received from ('fd00::200:0:0:11', 8765, 0, 0): b' 1868,17,16,1280,0,404,5,4,7,1,1,-52,0,788,7676,116,0,0 '
Received from ('fd00::200:0:0:7', 8765, 0, 0): b' 1868,7,4,768,0,332,9,5,7,1,3,-70,0,584,7942,106,0,0 '
Received from ('fd00::200:0:0:2', 8765, 0, 0): b' 1869,2,1,512,0,417,14,1,6,1,1,-88,0,353,6127,125,0,0 '
Received from ('fd00::200:0:0:15', 8765, 0, 0): b' 1869,21,16,1280,10,377,5,3,5,1,1,-70,0,473,8300,116,0,0 '
Received from ('fd00::200:0:0:10', 8765, 0, 0): b' 1871,16,11,1024,0,362,9,11,7,1,2,-70,4,3394,29971,118,0,0 '
Received from ('fd00::200:0:0:e', 8765, 0, 0): b' 1871,14,11,1024,0,405,10,3,7,1,2,-70,1,758,8956,112,0,0 '
Received from ('fd00::200:0:0:d', 8765, 0, 0): b' 1870,13,8,1024,20,406,9,3,7,1,2,-70,0,652,10217,119,0,0 '
Received from ('fd00::200:0:0:f', 8765, 0, 0): b' 1872,15,11,1024,0,374,6,12,7,1,2,-52,0,932,11420,88,0,0 '
Received from ('fd00::200:0:0:c', 8765, 0, 0): b' 1874,12,11,1024,0,416,11,9,7,1,3,-52,0,710,9342,120,0,0 '
Received from ('fd00::200:0:0:9', 8765, 0, 0): b' 1872,9,5,768,0,374,9,4,7,1,2,-52,0,383,5923,110,0,0 '
Received from ('fd00::200:0:0:3', 8765, 0, 0): b' 1873,3,1,512,10,376,13,11,7,2,1,-64,10,2453,17331,124,0,0 '
Received from ('fd00::200:0:0:b', 8765, 0, 0): b' 1873,11,3,768,0,355,9,11,7,2,1,-95,10,3951,29183,215,1,4 '
Received from ('fd00::200:0:0:11', 8765, 0, 0): b' 1874,17,16,1280,0,404,5,4,7,1,1,-52,0,279,5054,116,0,0 '
Received from ('fd00::200:0:0:4', 8765, 0, 0): b' 1873,4,1,512,0,374,13,2,7,1,1,-66,1,998,13970,124,0,0 '
Received from ('fd00::200:0:0:10', 8765, 0, 0): b' 1875,16,11,1024,0,362,9,11,7,1,2,-70,4,716,9796,118,0,0 '
Received from ('fd00::200:0:0:e', 8765, 0, 0): b' 1875,14,11,1024,0,405,10,3,7,1,2,-70,1,461,5491,112,0,0 '
Received from ('fd00::200:0:0:14', 8765, 0, 0): b' 1875,20,16,1280,0,381,7,8,7,1,2,-52,0,748,9916,92,0,0 '
Received from ('fd00::200:0:0:2', 8765, 0, 0): b' 1875,2,1,512,0,418,14,1,6,1,1,-88,0,384,7184,125,0,0 '
Received from ('fd00::200:0:0:a', 8765, 0, 0): b' 1876,10,11,1024,0,431,7,5,7,1,1,-52,0,1136,11497,115,0,0 '
Received from ('fd00::200:0:0:6', 8765, 0, 0): b' 1875,6,3,768,0,406,10,3,7,1,2,-70,0,1023,10971,114,0,0 '
Received from ('fd00::200:0:0:7', 8765, 0, 0): b' 1875,7,4,768,0,334,9,5,7,1,3,-70,0,667,7465,107,0,0 '
Received from ('fd00::200:0:0:5', 8765, 0, 0): b' 1876,5,1,512,0,372,14,1,6,1,1,-94,1,1281,18154,124,0,0 '
Received from ('fd00::200:0:0:8', 8765, 0, 0): b' 1876,8,3,768,0,405,10,6,7,1,2,-70,2,1406,18765,122,0,0 '
Received from ('fd00::200:0:0:1', 5678, 0, 0): b' 1877,1,0,256,0,24,0,0,4,0,0,0,10,2354,26958,2375,0,0 '
Received from ('fd00::200:0:0:15', 8765, 0, 0): b' 1877,21,16,1280,10,378,5,3,5,1,1,-70,0,508,9295,116,0,0 '
Received from ('fd00::200:0:0:13', 8765, 0, 0): b' 1878,19,16,1280,0,394,5,3,7,1,1,-70,0,611,10518,112,0,0 '
Received from ('fd00::200:0:0:12', 8765, 0, 0): b' 1879,18,14,1280,10,405,7,4,5,1,1,-52,0,1015,11494,110,0,0 '
Received from ('fd00::200:0:0:d', 8765, 0, 0): b' 1879,13,8,1024,0,410,9,3,7,1,2,-70,0,1114,12014,120,0,0 '
Received from ('fd00::200:0:0:9', 8765, 0, 0): b' 1880,9,5,768,0,375,9,4,7,1,2,-52,0,463,7051,111,0,0 '
Received from ('fd00::200:0:0:10', 8765, 0, 0): b' 1881,16,11,1024,10,365,9,11,7,1,2,-70,4,1762,17124,118,0,0 '
Received from ('fd00::200:0:0:6', 8765, 0, 0): b' 1881,6,3,768,0,407,10,3,7,1,2,-70,0,442,6300,115,0,0 '
Received from ('fd00::200:0:0:14', 8765, 0, 0): b' 1882,20,16,1280,0,382,7,8,7,1,2,-52,0,562,6699,93,0,0 '
Received from ('fd00::200:0:0:c', 8765, 0, 0): b' 1883,12,11,1024,0,419,11,9,7,1,3,-52,0,746,10992,120,0,0 '
Received from ('fd00::200:0:0:3', 8765, 0, 0): b' 1882,3,1,512,0,379,13,11,7,2,1,-64,10,5380,30353,125,0,0 '
Received from ('fd00::200:0:0:b', 8765, 0, 0): b' 1882,11,3,768,0,357,9,11,7,2,1,-95,10,4338,31373,218,1,4 '
Received from ('fd00::200:0:0:f', 8765, 0, 0): b' 1884,15,11,1024,0,378,6,12,7,1,2,-52,0,903,11059,89,0,0 '
Received from ('fd00::200:0:0:e', 8765, 0, 0): b' 1884,14,11,1024,0,406,10,3,7,1,2,-70,1,940,11172,113,0,0 '
Received from ('fd00::200:0:0:5', 8765, 0, 0): b' 1883,5,1,512,0,375,14,1,6,1,1,-94,1,1140,11313,125,0,0 '
Received from ('fd00::200:0:0:1', 5678, 0, 0): b' 1883,1,0,256,0,24,0,0,4,0,0,0,10,1926,17459,2387,0,0 '
Received from ('fd00::200:0:0:11', 8765, 0, 0): b' 1884,17,16,1280,0,405,5,4,7,1,1,-52,0,587,9480,117,0,0 '
Received from ('fd00::200:0:0:13', 8765, 0, 0): b' 1886,19,16,1280,0,397,5,3,7,1,1,-70,0,657,6723,113,0,0 '
Received from ('fd00::200:0:0:4', 8765, 0, 0): b' 1885,4,1,512,0,375,13,2,7,1,1,-66,1,1000,17348,125,0,0 '
Received from ('fd00::200:0:0:7', 8765, 0, 0): b' 1885,7,4,768,0,336,9,5,7,1,3,-70,0,538,9120,107,0,0 '
Received from ('fd00::200:0:0:2', 8765, 0, 0): b' 1885,2,1,512,0,418,14,1,6,1,1,-88,0,497,13074,126,0,0 '
Received from ('fd00::200:0:0:15', 8765, 0, 0): b' 1888,21,16,1280,0,381,5,3,5,1,1,-70,0,831,11470,117,0,0 '
Received from ('fd00::200:0:0:c', 8765, 0, 0): b' 1887,12,11,1024,0,420,11,9,7,1,3,-52,0,324,5519,121,0,0 '
Received from ('fd00::200:0:0:14', 8765, 0, 0): b' 1887,20,16,1280,0,382,7,8,7,1,2,-52,0,278,5039,93,0,0 '
Received from ('fd00::200:0:0:a', 8765, 0, 0): b' 1888,10,11,1024,0,433,7,5,7,1,1,-52,0,721,11140,116,0,0 '
Received from ('fd00::200:0:0:d', 8765, 0, 0): b' 1887,13,8,1024,0,412,9,3,7,1,2,-70,0,615,8943,120,0,0 '
Received from ('fd00::200:0:0:8', 8765, 0, 0): b' 1887,8,3,768,0,407,10,6,7,1,2,-70,2,1294,18239,123,0,0 '
Received from ('fd00::200:0:0:5', 8765, 0, 0): b' 1888,5,1,512,0,375,14,1,6,1,1,-94,1,391,8646,125,0,0 '
Received from ('fd00::200:0:0:10', 8765, 0, 0): b' 1890,16,11,1024,0,366,9,11,7,1,2,-70,4,2280,22126,119,0,0 '
Received from ('fd00::200:0:0:9', 8765, 0, 0): b' 1889,9,5,768,10,378,9,4,7,1,2,-52,0,611,8551,111,0,0 '
Received from ('fd00::200:0:0:e', 8765, 0, 0): b' 1891,14,11,1024,0,408,10,3,7,1,2,-70,1,753,8933,113,0,0 '
Received from ('fd00::200:0:0:12', 8765, 0, 0): b' 1890,18,14,1280,0,409,7,4,5,1,1,-52,0,936,11558,111,0,0 '
Received from ('fd00::200:0:0:1', 5678, 0, 0): b' 1890,1,0,256,0,24,0,0,4,0,0,0,10,1433,17843,2392,0,0 '
Received from ('fd00::200:0:0:6', 8765, 0, 0): b' 1890,6,3,768,0,409,10,3,7,1,2,-70,0,636,8570,115,0,0 '
Received from ('fd00::200:0:0:14', 8765, 0, 0): b' 1892,20,16,1280,10,383,7,8,7,1,2,-52,0,157,3905,93,0,0 '
Received from ('fd00::200:0:0:7', 8765, 0, 0): b' 1891,7,4,768,0,337,9,5,7,1,3,-70,0,439,6534,108,0,0 '
Received from ('fd00::200:0:0:f', 8765, 0, 0): b' 1892,15,11,1024,0,380,6,12,7,1,2,-52,0,598,8822,90,0,0 '
Received from ('fd00::200:0:0:c', 8765, 0, 0): b' 1893,12,11,1024,10,422,11,9,7,1,3,-52,0,595,6633,121,0,0 '
Received from ('fd00::200:0:0:15', 8765, 0, 0): b' 1892,21,16,1280,0,382,5,3,5,1,1,-70,0,387,6640,117,0,0 '
Received from ('fd00::200:0:0:11', 8765, 0, 0): b' 1892,17,16,1280,0,406,5,4,7,1,1,-52,0,466,7726,118,0,0 '
Received from ('fd00::200:0:0:b', 8765, 0, 0): b' 1893,11,3,768,0,362,9,11,7,2,1,-95,10,5289,35859,220,1,4 '
Received from ('fd00::200:0:0:2', 8765, 0, 0): b' 1892,2,1,512,0,419,14,1,6,1,1,-88,0,409,8965,126,0,0 '
Received from ('fd00::200:0:0:4', 8765, 0, 0): b' 1893,4,1,512,0,377,13,2,7,1,1,-66,1,1204,13573,126,0,0 '
Received from ('fd00::200:0:0:3', 8765, 0, 0): b' 1893,3,1,512,0,385,13,11,7,2,1,-64,10,6422,39381,125,0,0 '
Received from ('fd00::200:0:0:9', 8765, 0, 0): b' 1894,9,5,768,0,378,9,4,7,1,2,-52,0,440,5425,112,0,0 '
Received from ('fd00::200:0:0:14', 8765, 0, 0): b' 1897,20,16,1280,0,384,7,8,7,1,2,-52,0,525,4963,94,0,0 '
Received from ('fd00::200:0:0:13', 8765, 0, 0): b' 1897,19,16,1280,0,403,5,3,7,1,1,-70,0,1187,11927,113,0,0 '
Received from ('fd00::200:0:0:d', 8765, 0, 0): b' 1896,13,8,1024,0,414,9,3,7,1,2,-70,0,624,11669,121,0,0 '
Received from ('fd00::200:0:0:a', 8765, 0, 0): b' 1896,10,11,1024,0,436,7,5,7,1,1,-52,0,705,10021,117,0,0 '
Received from ('fd00::200:0:0:1', 5678, 0, 0): b' 1897,1,0,256,0,24,0,0,4,0,0,0,10,1989,19645,2408,0,0 '
Received from ('fd00::200:0:0:12', 8765, 0, 0): b' 1899,18,14,1280,0,413,7,4,5,1,1,-52,0,853,8460,111,0,0 '
Received from ('fd00::200:0:0:8', 8765, 0, 0): b' 1897,8,3,768,0,409,10,6,7,1,2,-70,2,1273,16258,124,0,0 '
Received from ('fd00::200:0:0:e', 8765, 0, 0): b' 1898,14,11,1024,0,409,10,3,7,1,2,-70,1,1044,12128,114,0,0 '
Received from ('fd00::200:0:0:6', 8765, 0, 0): b' 1899,6,3,768,0,411,10,3,7,1,2,-70,0,668,8579,116,0,0 '
Received from ('fd00::200:0:0:10', 8765, 0, 0): b' 1898,16,11,1024,0,369,9,11,7,1,2,-70,4,2804,27200,120,0,0 '
Received from ('fd00::200:0:0:7', 8765, 0, 0): b' 1899,7,4,768,0,340,9,5,7,1,3,-70,0,621,7411,108,0,0 '
Received from ('fd00::200:0:0:15', 8765, 0, 0): b' 1900,21,16,1280,0,382,5,3,5,1,1,-70,0,387,9299,118,0,0 '
Received from ('fd00::200:0:0:3', 8765, 0, 0): b' 1900,3,1,512,0,386,13,11,7,2,1,-64,10,3463,22032,126,0,0 '
Received from ('fd00::200:0:0:5', 8765, 0, 0): b' 1900,5,1,512,10,379,14,1,6,1,1,-94,1,1703,18941,126,0,0 '
Received from ('fd00::200:0:0:11', 8765, 0, 0): b' 1899,17,16,1280,10,409,5,4,7,1,1,-52,0,787,8519,118,0,0 '
Received from ('fd00::200:0:0:f', 8765, 0, 0): b' 1900,15,11,1024,0,384,6,12,7,1,2,-52,0,852,9607,90,0,0 '
Received from ('fd00::200:0:0:c', 8765, 0, 0): b' 1900,12,11,1024,10,425,11,9,7,1,3,-52,0,651,11436,122,0,0 '
Received from ('fd00::200:0:0:9', 8765, 0, 0): b' 1901,9,5,768,0,381,9,4,7,1,2,-52,0,691,7773,112,0,0 '
Received from ('fd00::200:0:0:1', 5678, 0, 0): b' 1903,1,0,256,0,24,0,0,4,0,0,0,10,1320,15063,2414,0,0 '
Received from ('fd00::200:0:0:14', 8765, 0, 0): b' 1903,20,16,1280,0,386,7,8,7,1,2,-52,0,683,7707,94,0,0 '
Received from ('fd00::200:0:0:e', 8765, 0, 0): b' 1903,14,11,1024,0,410,10,3,7,1,2,-70,1,679,7063,114,0,0 '
Received from ('fd00::200:0:0:4', 8765, 0, 0): b' 1903,4,1,512,0,378,13,2,7,1,1,-66,1,1041,15659,126,0,0 '
Received from ('fd00::200:0:0:b', 8765, 0, 0): b' 1904,11,3,768,0,363,9,11,7,2,1,-95,10,4663,35873,223,1,4 '
Received from ('fd00::200:0:0:7', 8765, 0, 0): b' 1904,7,4,768,0,342,9,5,7,1,3,-70,0,522,5022,109,0,0 '
Received from ('fd00::200:0:0:13', 8765, 0, 0): b' 1903,19,16,1280,0,405,5,3,7,1,1,-70,0,642,7967,114,0,0 '
Received from ('fd00::200:0:0:2', 8765, 0, 0): b' 1903,2,1,512,10,421,14,1,6,1,1,-88,0,711,13265,127,0,0 '
Received from ('fd00::200:0:0:6', 8765, 0, 0): b' 1905,6,3,768,0,413,10,3,7,1,2,-70,0,491,5899,116,0,0 '
Received from ('fd00::200:0:0:c', 8765, 0, 0): b' 1904,12,11,1024,0,428,11,9,7,1,3,-52,0,664,5884,122,0,0 '
Received from ('fd00::200:0:0:12', 8765, 0, 0): b' 1906,18,14,1280,0,420,7,4,5,1,1,-52,0,1108,9149,112,0,0 '
Received from ('fd00::200:0:0:8', 8765, 0, 0): b' 1906,8,3,768,0,413,10,6,7,1,2,-70,2,1230,14312,124,0,0 '
Received from ('fd00::200:0:0:15', 8765, 0, 0): b' 1906,21,16,1280,10,384,5,3,5,1,1,-70,0,410,9282,118,0,0 '
Received from ('fd00::200:0:0:1', 5678, 0, 0): b' 1908,1,0,256,0,24,0,0,4,0,0,0,10,1149,13652,2421,0,0 '
Received from ('fd00::200:0:0:11', 8765, 0, 0): b' 1907,17,16,1280,0,412,5,4,7,1,1,-52,0,681,7342,119,0,0 '
Received from ('fd00::200:0:0:d', 8765, 0, 0): b' 1906,13,8,1024,10,419,9,3,7,1,2,-70,0,1184,14206,122,0,0 '
Received from ('fd00::200:0:0:e', 8765, 0, 0): b' 1908,14,11,1024,0,411,10,3,7,1,2,-70,1,652,6182,114,0,0 '
Received from ('fd00::200:0:0:9', 8765, 0, 0): b' 1907,9,5,768,0,385,9,4,7,1,2,-52,0,760,6316,113,0,0 '
Received from ('fd00::200:0:0:a', 8765, 0, 0): b' 1908,10,11,1024,0,438,7,5,7,1,1,-52,0,663,10904,117,0,0 '
Received from ('fd00::200:0:0:10', 8765, 0, 0): b' 1908,16,11,1024,10,371,9,11,7,1,2,-70,4,2593,24851,120,0,0 '
Received from ('fd00::200:0:0:5', 8765, 0, 0): b' 1910,5,1,512,0,381,14,1,6,1,1,-94,1,1397,16048,127,0,0 '
Received from ('fd00::200:0:0:3', 8765, 0, 0): b' 1910,3,1,512,10,387,13,11,7,2,1,-64,10,5215,31330,126,0,0 '
Received from ('fd00::200:0:0:14', 8765, 0, 0): b' 1909,20,16,1280,0,388,7,8,7,1,2,-52,0,548,6175,95,0,0 '
Received from ('fd00::200:0:0:c', 8765, 0, 0): b' 1910,12,11,1024,0,430,11,9,7,1,3,-52,0,494,7453,122,0,0 '
Received from ('fd00::200:0:0:f', 8765, 0, 0): b' 1911,15,11,1024,0,384,6,12,7,1,2,-52,0,480,9637,91,0,0 '
Received from ('fd00::200:0:0:1', 5678, 0, 0): b' 1913,1,0,256,0,24,0,0,4,0,0,0,10,1569,13962,2432,0,0 '
Received from ('fd00::200:0:0:4', 8765, 0, 0): b' 1913,4,1,512,0,379,13,2,7,1,1,-66,1,947,14439,127,0,0 '
Received from ('fd00::200:0:0:15', 8765, 0, 0): b' 1912,21,16,1280,0,385,5,3,5,1,1,-70,0,578,7295,119,0,0 '
Received from ('fd00::200:0:0:2', 8765, 0, 0): b' 1913,2,1,512,0,424,14,1,6,1,1,-88,0,820,11696,128,0,0 '
Received from ('fd00::200:0:0:b', 8765, 0, 0): b' 1914,11,3,768,40,366,9,11,7,1,1,-95,10,4670,33288,226,1,4 '
Received from ('fd00::200:0:0:11', 8765, 0, 0): b' 1911,17,16,1280,10,412,5,4,7,1,1,-52,0,255,4230,119,0,0 '
Received from ('fd00::200:0:0:6', 8765, 0, 0): b' 1914,6,3,768,0,415,10,3,7,1,2,-70,0,595,9695,117,0,0 '
Received from ('fd00::200:0:0:a', 8765, 0, 0): b' 1913,10,11,1024,0,439,7,5,7,1,1,-52,0,419,4779,118,0,0 '
Received from ('fd00::200:0:0:10', 8765, 0, 0): b' 1913,16,11,1024,0,371,9,11,7,1,2,-70,4,1528,15109,121,0,0 '
Received from ('fd00::200:0:0:7', 8765, 0, 0): b' 1915,7,4,768,0,346,9,5,7,1,3,-70,0,1026,12243,110,0,0 '
Received from ('fd00::200:0:0:12', 8765, 0, 0): b' 1914,18,14,1280,0,424,7,4,5,1,1,-52,0,829,7604,112,0,0 '
Received from ('fd00::200:0:0:13', 8765, 0, 0): b' 1913,19,16,1280,0,408,5,3,7,1,1,-70,0,801,9947,115,0,0 '
Received from ('fd00::200:0:0:d', 8765, 0, 0): b' 1914,13,8,1024,0,423,9,3,7,1,2,-70,0,748,10181,122,0,0 '
Received from ('fd00::200:0:0:e', 8765, 0, 0): b' 1914,14,11,1024,0,414,10,3,7,1,2,-70,1,1026,9481,115,0,0 '
Received from ('fd00::200:0:0:14', 8765, 0, 0): b' 1915,20,16,1280,0,390,7,8,7,1,2,-52,0,493,5608,95,0,0 '
Received from ('fd00::200:0:0:4', 8765, 0, 0): b' 1917,4,1,512,0,380,13,2,7,1,1,-66,1,637,7793,127,0,0 '
Received from ('fd00::200:0:0:3', 8765, 0, 0): b' 1917,3,1,512,10,388,13,11,7,2,1,-64,10,4338,24368,127,0,0 '
Received from ('fd00::200:0:0:2', 8765, 0, 0): b' 1918,2,1,512,0,427,14,1,6,1,1,-88,0,599,6387,128,0,0 '
Received from ('fd00::200:0:0:f', 8765, 0, 0): b' 1918,15,11,1024,0,385,6,12,7,1,2,-52,0,507,7126,91,0,0 '
Received from ('fd00::200:0:0:1', 5678, 0, 0): b' 1919,1,0,256,0,24,0,0,4,0,0,0,10,1467,16155,2437,0,0 '
Received from ('fd00::200:0:0:8', 8765, 0, 0): b' 1918,8,3,768,0,420,10,6,7,1,2,-70,2,1862,19212,125,0,0 '
Received from ('fd00::200:0:0:11', 8765, 0, 0): b' 1918,17,16,1280,0,415,5,4,7,1,1,-52,0,625,6851,119,0,0 '
Received from ('fd00::200:0:0:9', 8765, 0, 0): b' 1919,9,5,768,0,389,9,4,7,1,2,-52,0,970,11227,113,0,0 '
Received from ('fd00::200:0:0:14', 8765, 0, 0): b' 1920,20,16,1280,0,391,7,8,7,1,2,-52,0,441,5241,96,0,0 '
Received from ('fd00::200:0:0:5', 8765, 0, 0): b' 1920,5,1,512,0,384,14,1,6,1,1,-94,1,1087,16346,127,0,0 '
Received from ('fd00::200:0:0:c', 8765, 0, 0): b' 1920,12,11,1024,0,430,11,9,7,1,3,-52,0,509,11895,123,0,0 '
Received from ('fd00::200:0:0:a', 8765, 0, 0): b' 1920,10,11,1024,0,441,7,5,7,1,1,-52,0,614,7758,118,0,0 '
Received from ('fd00::200:0:0:d', 8765, 0, 0): b' 1921,13,8,1024,0,425,9,3,7,1,2,-70,0,577,8512,123,0,0 '
Received from ('fd00::200:0:0:10', 8765, 0, 0): b' 1920,16,11,1024,10,374,9,11,7,1,2,-70,4,1920,18209,121,0,0 '
Received from ('fd00::200:0:0:3', 8765, 0, 0): b' 1922,3,1,512,20,389,13,11,7,2,1,-64,10,2359,15003,127,0,0 '
Received from ('fd00::200:0:0:8', 8765, 0, 0): b' 1922,8,3,768,0,421,10,6,7,1,2,-70,2,674,7125,125,0,0 '
Received from ('fd00::200:0:0:b', 8765, 0, 0): b' 1923,11,3,768,30,369,9,11,7,1,1,-95,10,4502,31737,228,1,4 '
Received from ('fd00::200:0:0:1', 5678, 0, 0): b' 1923,1,0,256,0,24,0,0,4,0,0,0,10,1186,12479,2446,0,0 '
Received from ('fd00::200:0:0:4', 8765, 0, 0): b' 1924,4,1,512,0,381,13,2,7,1,1,-66,1,753,10229,128,0,0 '
Received from ('fd00::200:0:0:15', 8765, 0, 0): b' 1920,21,16,1280,0,388,5,3,5,1,1,-70,0,721,9835,119,0,0 '
Received from ('fd00::200:0:0:12', 8765, 0, 0): b' 1920,18,14,1280,10,428,7,4,5,1,1,-52,0,763,7675,113,0,0 '
Received from ('fd00::200:0:0:5', 8765, 0, 0): b' 1925,5,1,512,0,384,14,1,6,1,1,-94,1,527,6794,128,0,0 '
Received from ('fd00::200:0:0:e', 8765, 0, 0): b' 1924,14,11,1024,10,417,10,3,7,1,2,-70,1,1055,11019,115,0,0 '
Received from ('fd00::200:0:0:7', 8765, 0, 0): b' 1925,7,4,768,0,351,9,5,7,1,3,-70,0,958,9931,110,0,0 '
Received from ('fd00::200:0:0:a', 8765, 0, 0): b' 1925,10,11,1024,0,442,7,5,7,1,1,-52,0,362,4041,118,0,0 '
Received from ('fd00::200:0:0:6', 8765, 0, 0): b' 1926,6,3,768,0,417,10,3,7,1,2,-70,0,814,11182,118,0,0 '
Received from ('fd00::200:0:0:2', 8765, 0, 0): b' 1927,2,1,512,0,429,14,1,6,1,1,-88,0,687,10306,129,0,0 '
Received from ('fd00::200:0:0:8', 8765, 0, 0): b' 1926,8,3,768,0,422,10,6,7,1,2,-70,2,500,6628,126,0,0 '
Received from ('fd00::200:0:0:d', 8765, 0, 0): b' 1926,13,8,1024,0,425,9,3,7,1,2,-70,0,279,6360,123,0,0 '
Received from ('fd00::200:0:0:10', 8765, 0, 0): b' 1926,16,11,1024,10,377,9,11,7,1,2,-70,4,1159,12346,122,0,0 '
Received from ('fd00::200:0:0:9', 8765, 0, 0): b' 1928,9,5,768,0,391,9,4,7,1,2,-52,0,571,8674,114,0,0 '
Received from ('fd00::200:0:0:12', 8765, 0, 0): b' 1925,18,14,1280,0,429,7,4,5,1,1,-52,0,387,4754,113,0,0 '
Received from ('fd00::200:0:0:13', 8765, 0, 0): b' 1925,19,16,1280,0,410,5,3,7,1,1,-70,0,662,11071,115,0,0 '
Received from ('fd00::200:0:0:c', 8765, 0, 0): b' 1927,12,11,1024,0,431,11,9,7,1,3,-52,0,389,7310,123,0,0 '
Received from ('fd00::200:0:0:4', 8765, 0, 0): b' 1929,4,1,512,0,383,13,2,7,1,1,-66,1,806,8347,128,0,0 '
Received from ('fd00::200:0:0:7', 8765, 0, 0): b' 1929,7,4,768,0,351,9,5,7,1,3,-70,0,211,3970,111,0,0 '
Received from ('fd00::200:0:0:f', 8765, 0, 0): b' 1928,15,11,1024,0,386,6,12,7,1,2,-52,0,466,8580,92,0,0 '
Received from ('fd00::200:0:0:15', 8765, 0, 0): b' 1927,21,16,1280,0,388,5,3,5,1,1,-70,0,387,8923,120,0,0 '
Received from ('fd00::200:0:0:11', 8765, 0, 0): b' 1928,17,16,1280,0,417,5,4,7,1,1,-52,0,694,9313,120,0,0 '
Received from ('fd00::200:0:0:e', 8765, 0, 0): b' 1931,14,11,1024,0,417,10,3,7,1,2,-70,1,806,8879,116,0,0 '
Received from ('fd00::200:0:0:a', 8765, 0, 0): b' 1931,10,11,1024,0,444,7,5,7,1,1,-52,0,452,5498,119,0,0 '
Received from ('fd00::200:0:0:b', 8765, 0, 0): b' 1932,11,3,768,40,373,9,11,7,2,1,-95,10,4925,31078,231,1,4 '
Received from ('fd00::200:0:0:14', 8765, 0, 0): b' 1931,20,16,1280,0,394,7,8,7,1,2,-52,0,744,10391,96,0,0 '
Received from ('fd00::200:0:0:1', 5678, 0, 0): b' 1933,1,0,256,0,24,0,0,4,0,0,0,10,2620,26094,2460,0,0 '
Received from ('fd00::200:0:0:3', 8765, 0, 0): b' 1933,3,1,512,0,391,13,11,7,2,1,-64,10,6173,32846,128,0,0 '
Received from ('fd00::200:0:0:12', 8765, 0, 0): b' 1934,18,14,1280,0,429,7,4,5,1,1,-52,0,425,7148,114,0,0 '
Received from ('fd00::200:0:0:10', 8765, 0, 0): b' 1935,16,11,1024,10,381,9,11,7,1,2,-70,4,2604,22618,122,0,0 '
Received from ('fd00::200:0:0:5', 8765, 0, 0): b' 1935,5,1,512,0,386,14,1,6,1,1,-94,1,880,14815,128,0,0 '
Received from ('fd00::200:0:0:8', 8765, 0, 0): b' 1937,8,3,768,0,423,10,7,7,1,2,-70,2,792,12391,126,0,0 '
Received from ('fd00::200:0:0:7', 8765, 0, 0): b' 1934,7,4,768,0,352,9,5,7,1,3,-70,0,383,6026,111,0,0 '
Received from ('fd00::200:0:0:9', 8765, 0, 0): b' 1935,9,5,768,0,392,9,4,7,1,2,-52,0,560,7301,115,0,0 '
Received from ('fd00::200:0:0:11', 8765, 0, 0): b' 1936,17,16,1280,10,419,5,4,7,1,1,-52,0,646,7229,121,0,0 '
Received from ('fd00::200:0:0:f', 8765, 0, 0): b' 1937,15,11,1024,10,386,6,12,7,1,2,-52,0,522,8258,93,0,0 '
Received from ('fd00::200:0:0:4', 8765, 0, 0): b' 1937,4,1,512,0,387,13,3,7,1,1,-66,1,1187,12336,128,0,0 '
Received from ('fd00::200:0:0:d', 8765, 0, 0): b' 1935,13,8,1024,0,425,9,3,7,1,2,-70,0,455,10245,124,0,0 '
Received from ('fd00::200:0:0:c', 8765, 0, 0): b' 1937,12,11,1024,0,434,11,10,7,1,3,-52,0,1096,13142,124,0,0 '
Received from ('fd00::200:0:0:13', 8765, 0, 0): b' 1937,19,16,1280,0,411,5,3,7,1,1,-70,0,682,11206,116,0,0 '
Received from ('fd00::200:0:0:6', 8765, 0, 0): b' 1939,6,3,768,0,422,10,3,7,1,2,-70,0,1206,12372,119,0,0 '
Received from ('fd00::200:0:0:2', 8765, 0, 0): b' 1938,2,1,512,0,432,14,1,6,1,1,-88,0,738,13106,129,0,0 '
Received from ('fd00::200:0:0:e', 8765, 0, 0): b' 1939,14,11,1024,0,419,10,3,7,1,2,-70,1,968,10599,116,0,0 '
Received from ('fd00::200:0:0:14', 8765, 0, 0): b' 1938,20,16,1280,0,397,7,8,7,1,2,-52,0,680,7495,97,0,0 '
Received from ('fd00::200:0:0:15', 8765, 0, 0): b' 1938,21,16,1280,0,390,5,3,5,1,1,-70,0,694,13088,121,0,0 '
Received from ('fd00::200:0:0:7', 8765, 0, 0): b' 1939,7,4,768,0,353,9,5,7,1,3,-70,0,353,4587,111,0,0 '
Received from ('fd00::200:0:0:a', 8765, 0, 0): b' 1941,10,11,1024,0,450,7,5,7,1,1,-52,0,1225,11216,120,0,0 '
Received from ('fd00::200:0:0:1', 5678, 0, 0): b' 1941,1,0,256,0,25,0,0,4,0,0,0,10,2490,23294,2477,0,0 '
Received from ('fd00::200:0:0:4', 8765, 0, 0): b' 1941,4,1,512,0,387,14,3,7,1,1,-66,1,611,7957,129,0,0 '
Received from ('fd00::200:0:0:b', 8765, 0, 0): b' 1943,11,3,768,10,376,10,11,7,2,1,-95,10,4714,33046,233,1,4 '
Received from ('fd00::200:0:0:12', 8765, 0, 0): b' 1942,18,14,1280,0,429,7,4,5,1,1,-52,0,400,6979,114,0,0 '
Received from ('fd00::200:0:0:11', 8765, 0, 0): b' 1941,17,16,1280,0,419,5,4,7,1,1,-52,0,280,5063,121,0,0 '
Received from ('fd00::200:0:0:d', 8765, 0, 0): b' 1940,13,8,1024,10,427,9,3,7,1,2,-70,0,497,6524,124,0,0 '
Received from ('fd00::200:0:0:c', 8765, 0, 0): b' 1943,12,11,1024,10,437,11,10,7,1,3,-52,0,534,6856,124,0,0 '
Received from ('fd00::200:0:0:8', 8765, 0, 0): b' 1944,8,3,768,0,427,11,8,7,1,2,-70,2,1559,13375,127,0,0 '
Received from ('fd00::200:0:0:2', 8765, 0, 0): b' 1943,2,1,512,0,435,15,1,6,1,1,-88,0,754,7200,130,0,0 '
Received from ('fd00::200:0:0:3', 8765, 0, 0): b' 1943,3,1,512,0,393,14,11,7,2,1,-64,10,6308,36402,129,0,0 '
Received from ('fd00::200:0:0:6', 8765, 0, 0): b' 1945,6,3,768,0,423,11,3,7,1,2,-70,0,508,6787,119,0,0 '
Received from ('fd00::200:0:0:10', 8765, 0, 0): b' 1945,16,11,1024,0,383,9,11,7,1,2,-70,4,2880,28755,123,0,0 '
Received from ('fd00::200:0:0:f', 8765, 0, 0): b' 1945,15,11,1024,0,387,6,12,7,1,2,-52,0,435,8648,93,0,0 '
Received from ('fd00::200:0:0:13', 8765, 0, 0): b' 1945,19,16,1280,0,412,5,3,7,1,1,-70,0,564,7501,117,0,0 '
Received from ('fd00::200:0:0:c', 8765, 0, 0): b' 1946,12,11,1024,0,439,11,10,7,1,3,-52,0,574,5273,124,0,0 '
Received from ('fd00::200:0:0:1', 5678, 0, 0): b' 1947,1,0,256,0,25,0,0,4,0,0,0,10,1412,15362,2481,0,0 '
Received from ('fd00::200:0:0:5', 8765, 0, 0): b' 1947,5,1,512,0,391,15,1,6,1,1,-94,1,1689,19360,129,0,0 '
Received from ('fd00::200:0:0:4', 8765, 0, 0): b' 1947,4,1,512,0,388,14,3,7,1,1,-66,1,582,8909,129,0,0 '
Received from ('fd00::200:0:0:15', 8765, 0, 0): b' 1946,21,16,1280,0,391,5,3,5,1,1,-70,0,536,9058,121,0,0 '
Received from ('fd00::200:0:0:9', 8765, 0, 0): b' 1947,9,5,768,0,396,10,4,7,1,2,-52,0,941,11484,115,0,0 '
Received from ('fd00::200:0:0:11', 8765, 0, 0): b' 1946,17,16,1280,0,422,5,4,7,1,1,-52,0,600,5700,121,0,0 '
Received from ('fd00::200:0:0:12', 8765, 0, 0): b' 1949,18,14,1280,0,430,7,4,5,1,1,-52,0,442,6169,115,0,0 '
Received from ('fd00::200:0:0:d', 8765, 0, 0): b' 1948,13,8,1024,10,430,9,3,7,1,2,-70,0,518,7907,124,0,0 '
Received from ('fd00::200:0:0:a', 8765, 0, 0): b' 1948,10,11,1024,0,453,7,5,7,1,1,-52,0,724,7498,120,0,0 '
Received from ('fd00::200:0:0:b', 8765, 0, 0): b' 1949,11,3,768,0,378,10,11,7,2,1,-95,10,3453,23836,235,1,4 '
Received from ('fd00::200:0:0:e', 8765, 0, 0): b' 1948,14,11,1024,0,420,10,3,7,1,2,-70,1,1171,13539,117,0,0 '
Received from ('fd00::200:0:0:14', 8765, 0, 0): b' 1947,20,16,1280,10,398,7,8,7,1,2,-52,0,506,7974,98,0,0 '
Received from ('fd00::200:0:0:8', 8765, 0, 0): b' 1950,8,3,768,0,428,11,8,7,1,2,-70,2,821,10637,127,0,0 '
Received from ('fd00::200:0:0:2', 8765, 0, 0): b' 1949,2,1,512,0,438,15,1,6,1,1,-88,0,592,7416,130,0,0 '
Received from ('fd00::200:0:0:7', 8765, 0, 0): b' 1951,7,4,768,0,356,9,5,7,1,3,-70,0,816,10809,112,0,0 '
Received from ('fd00::200:0:0:10', 8765, 0, 0): b' 1951,16,11,1024,0,384,9,11,7,1,2,-70,4,1702,15804,123,0,0 '
Received from ('fd00::200:0:0:f', 8765, 0, 0): b' 1951,15,11,1024,0,390,6,12,7,1,2,-52,0,753,6607,94,0,0 '
Received from ('fd00::200:0:0:1', 5678, 0, 0): b' 1953,1,0,256,0,25,0,0,4,0,0,0,10,1712,16592,2491,0,0 '
Received from ('fd00::200:0:0:11', 8765, 0, 0): b' 1952,17,16,1280,0,425,5,4,7,1,1,-52,0,722,6163,122,0,0 '
Received from ('fd00::200:0:0:d', 8765, 0, 0): b' 1954,13,8,1024,10,430,10,3,7,1,2,-70,0,526,7138,125,0,0 '
Received from ('fd00::200:0:0:15', 8765, 0, 0): b' 1953,21,16,1280,0,392,5,3,5,1,1,-70,0,456,7639,121,0,0 '
Received from ('fd00::200:0:0:3', 8765, 0, 0): b' 1954,3,1,512,0,397,14,11,7,2,1,-64,10,6172,37727,129,0,0 '
Received from ('fd00::200:0:0:13', 8765, 0, 0): b' 1953,19,16,1280,0,415,5,3,7,1,1,-70,0,624,7895,117,0,0 '
Received from ('fd00::200:0:0:c', 8765, 0, 0): b' 1955,12,11,1024,0,441,11,10,7,1,3,-52,0,628,11660,125,0,0 '
Received from ('fd00::200:0:0:6', 8765, 0, 0): b' 1955,6,3,768,10,424,11,3,7,1,2,-70,0,585,10058,120,0,0 '
Received from ('fd00::200:0:0:4', 8765, 0, 0): b' 1956,4,1,512,10,391,14,3,7,1,1,-66,1,1218,15560,130,0,0 '
Received from ('fd00::200:0:0:14', 8765, 0, 0): b' 1956,20,16,1280,0,402,7,8,7,1,2,-52,0,811,9453,98,0,0 '
Received from ('fd00::200:0:0:7', 8765, 0, 0): b' 1956,7,4,768,10,359,9,5,7,1,3,-70,0,467,5184,112,0,0 '
Received from ('fd00::200:0:0:a', 8765, 0, 0): b' 1958,10,11,1024,10,455,7,5,7,1,1,-52,0,466,8613,121,0,0 '
Received from ('fd00::200:0:0:b', 8765, 0, 0): b' 1958,11,3,768,10,382,10,11,7,2,1,-95,10,4448,31344,237,1,4 '
Received from ('fd00::200:0:0:10', 8765, 0, 0): b' 1959,16,11,1024,0,387,9,11,7,1,2,-70,4,2192,19227,124,0,0 '
Received from ('fd00::200:0:0:5', 8765, 0, 0): b' 1958,5,1,512,0,394,15,1,6,1,1,-94,1,1464,17972,130,0,0 '
Received from ('fd00::200:0:0:d', 8765, 0, 0): b' 1959,13,8,1024,0,433,10,3,7,1,2,-70,0,601,6596,125,0,0 '
Received from ('fd00::200:0:0:2', 8765, 0, 0): b' 1958,2,1,512,0,442,15,1,6,1,1,-88,0,822,12033,131,0,0 '
Received from ('fd00::200:0:0:e', 8765, 0, 0): b' 1959,14,11,1024,10,424,10,3,7,1,2,-70,1,1058,12775,118,0,0 '
Received from ('fd00::200:0:0:3', 8765, 0, 0): b' 1958,3,1,512,0,400,14,11,7,2,1,-64,10,2906,15286,130,0,0 '
Received from ('fd00::200:0:0:9', 8765, 0, 0): b' 1959,9,5,768,0,401,11,4,7,1,2,-52,0,1118,11738,116,0,0 '
Received from ('fd00::200:0:0:12', 8765, 0, 0): b' 1959,18,14,1280,10,432,7,4,5,1,1,-52,0,638,10154,115,0,0 '
Received from ('fd00::200:0:0:15', 8765, 0, 0): b' 1959,21,16,1280,0,394,5,3,5,1,1,-70,0,577,7395,122,0,0 '
Received from ('fd00::200:0:0:8', 8765, 0, 0): b' 1960,8,3,768,0,431,11,8,7,1,2,-70,2,1566,18106,128,0,0 '
Received from ('fd00::200:0:0:7', 8765, 0, 0): b' 1958,7,4,768,10,360,9,5,7,1,3,-70,0,523,4665,113,0,0 '
Received from ('fd00::200:0:0:1', 5678, 0, 0): b' 1961,1,0,256,0,25,0,0,4,0,0,0,10,2269,22134,2503,0,0 '
Received from ('fd00::200:0:0:6', 8765, 0, 0): b' 1961,6,3,768,10,425,11,3,7,1,2,-70,0,386,6165,120,0,0 '
Received from ('fd00::200:0:0:a', 8765, 0, 0): b' 1962,10,11,1024,10,455,7,5,7,1,1,-52,0,363,4190,121,0,0 '
Received from ('fd00::200:0:0:f', 8765, 0, 0): b' 1963,15,11,1024,0,393,6,12,7,1,2,-52,0,656,10586,94,0,0 '
Received from ('fd00::200:0:0:10', 8765, 0, 0): b' 1963,16,11,1024,20,388,9,11,7,1,2,-70,4,990,12364,124,0,0 '
Received from ('fd00::200:0:0:11', 8765, 0, 0): b' 1963,17,16,1280,0,428,5,4,7,1,1,-52,0,745,9284,122,0,0 '
Received from ('fd00::200:0:0:e', 8765, 0, 0): b' 1964,14,11,1024,0,424,10,3,7,1,2,-70,1,640,6483,118,0,0 '
Received from ('fd00::200:0:0:14', 8765, 0, 0): b' 1963,20,16,1280,0,406,7,8,7,1,2,-52,0,700,5828,98,0,0 '
Received from ('fd00::200:0:0:12', 8765, 0, 0): b' 1964,18,14,1280,0,434,7,4,5,1,1,-52,0,552,5252,116,0,0 '
Received from ('fd00::200:0:0:c', 8765, 0, 0): b' 1965,12,11,1024,0,445,11,10,7,1,3,-52,0,911,11645,126,0,0 '
Received from ('fd00::200:0:0:13', 8765, 0, 0): b' 1965,19,16,1280,0,416,5,3,7,1,1,-70,0,653,10306,118,0,0 '
Received from ('fd00::200:0:0:5', 8765, 0, 0): b' 1965,5,1,512,0,395,15,1,6,1,1,-94,1,737,10145,130,0,0 '
Received from ('fd00::200:0:0:2', 8765, 0, 0): b' 1964,2,1,512,0,445,15,1,6,1,1,-88,0,696,8330,131,0,0 '
Received from ('fd00::200:0:0:15', 8765, 0, 0): b' 1965,21,16,1280,0,394,5,3,5,1,1,-70,0,279,5959,122,0,0 '
Received from ('fd00::200:0:0:1', 5678, 0, 0): b' 1967,1,0,256,0,25,0,0,4,0,0,0,10,1286,15367,2511,0,0 '
Received from ('fd00::200:0:0:4', 8765, 0, 0): b' 1967,4,1,512,0,393,14,3,7,1,1,-66,1,1218,16700,131,0,0 '
Received from ('fd00::200:0:0:14', 8765, 0, 0): b' 1968,20,16,1280,10,407,7,8,7,1,2,-52,0,417,5076,99,0,0 '
Received from ('fd00::200:0:0:a', 8765, 0, 0): b' 1968,10,11,1024,0,458,7,5,7,1,1,-52,0,625,6384,121,0,0 '
Received from ('fd00::200:0:0:b', 8765, 0, 0): b' 1968,11,3,768,20,385,10,11,7,2,1,-95,10,5095,36585,240,1,4 '
Received from ('fd00::200:0:0:8', 8765, 0, 0): b' 1968,8,3,768,0,435,11,8,7,1,2,-70,2,1168,13854,128,0,0 '
Received from ('fd00::200:0:0:e', 8765, 0, 0): b' 1970,14,11,1024,0,425,10,3,7,1,2,-70,1,648,7119,118,0,0 '
Received from ('fd00::200:0:0:7', 8765, 0, 0): b' 1969,7,4,768,0,364,9,5,7,1,3,-70,0,747,8995,113,0,0 '
Received from ('fd00::200:0:0:2', 8765, 0, 0): b' 1970,2,1,512,0,447,15,1,6,1,1,-88,0,467,5329,131,0,0 '
Received from ('fd00::200:0:0:3', 8765, 0, 0): b' 1969,3,1,512,0,402,14,11,7,2,1,-64,10,5674,34949,130,0,0 '
Received from ('fd00::200:0:0:10', 8765, 0, 0): b' 1971,16,11,1024,10,391,9,11,7,1,2,-70,4,2326,19957,125,0,0 '
Received from ('fd00::200:0:0:d', 8765, 0, 0): b' 1970,13,8,1024,10,435,10,3,7,1,2,-70,0,722,13148,126,0,0 '
Received from ('fd00::200:0:0:5', 8765, 0, 0): b' 1970,5,1,512,0,397,15,1,6,1,1,-94,1,764,8941,131,0,0 '
Received from ('fd00::200:0:0:12', 8765, 0, 0): b' 1971,18,14,1280,0,435,7,4,5,1,1,-52,0,386,5870,116,0,0 '
Received from ('fd00::200:0:0:9', 8765, 0, 0): b' 1970,9,5,768,0,404,11,4,7,1,2,-52,0,795,10769,117,0,0 '
Received from ('fd00::200:0:0:f', 8765, 0, 0): b' 1971,15,11,1024,0,393,6,12,7,1,2,-52,0,360,7113,95,0,0 '
Received from ('fd00::200:0:0:6', 8765, 0, 0): b' 1970,6,3,768,0,428,11,3,7,1,2,-70,0,800,8727,121,0,0 '
Received from ('fd00::200:0:0:c', 8765, 0, 0): b' 1971,12,11,1024,10,447,11,10,7,1,3,-52,0,390,7292,126,0,0 '
Received from ('fd00::200:0:0:13', 8765, 0, 0): b' 1971,19,16,1280,10,419,5,3,7,1,1,-70,0,494,5703,118,0,0 '
Received from ('fd00::200:0:0:15', 8765, 0, 0): b' 1972,21,16,1280,0,396,5,3,5,1,1,-70,0,543,7743,123,0,0 '
Received from ('fd00::200:0:0:11', 8765, 0, 0): b' 1974,17,16,1280,10,429,5,4,7,1,1,-52,0,480,9399,123,0,0 '
Received from ('fd00::200:0:0:a', 8765, 0, 0): b' 1974,10,11,1024,0,460,7,5,7,1,1,-52,0,525,5410,122,0,0 '
Received from ('fd00::200:0:0:e', 8765, 0, 0): b' 1975,14,11,1024,0,426,10,3,7,1,2,-70,1,680,6718,119,0,0 '
Received from ('fd00::200:0:0:2', 8765, 0, 0): b' 1974,2,1,512,10,450,15,1,6,1,1,-88,0,552,6177,132,0,0 '
Received from ('fd00::200:0:0:14', 8765, 0, 0): b' 1975,20,16,1280,0,411,7,8,7,1,2,-52,0,828,7170,99,0,0 '
Received from ('fd00::200:0:0:13', 8765, 0, 0): b' 1975,19,16,1280,10,419,5,3,7,1,1,-70,0,419,4508,119,0,0 '
Received from ('fd00::200:0:0:b', 8765, 0, 0): b' 1975,11,3,768,0,387,10,11,7,2,1,-95,10,3800,23248,241,1,4 '
Received from ('fd00::200:0:0:5', 8765, 0, 0): b' 1975,5,1,512,0,398,15,1,6,1,1,-94,1,619,7550,131,0,0 '
Received from ('fd00::200:0:0:9', 8765, 0, 0): b' 1976,9,5,768,0,405,11,4,7,1,2,-52,0,385,5409,117,0,0 '
Received from ('fd00::200:0:0:1', 5678, 0, 0): b' 1976,1,0,256,0,25,0,0,4,0,0,0,10,2928,27958,2527,0,0 '
Received from ('fd00::200:0:0:7', 8765, 0, 0): b' 1976,7,4,768,0,367,9,5,7,1,3,-70,0,750,7118,114,0,0 '
Received from ('fd00::200:0:0:12', 8765, 0, 0): b' 1978,18,14,1280,0,437,7,4,5,1,1,-52,0,517,6714,116,0,0 '
Received from ('fd00::200:0:0:10', 8765, 0, 0): b' 1978,16,11,1024,0,393,9,11,7,1,2,-70,4,2216,20617,125,0,0 '
Received from ('fd00::200:0:0:2', 8765, 0, 0): b' 1978,2,1,512,10,451,15,1,6,1,1,-88,0,361,5116,132,0,0 '
Received from ('fd00::200:0:0:15', 8765, 0, 0): b' 1979,21,16,1280,10,397,5,3,5,1,1,-70,0,414,8546,123,0,0 '
Received from ('fd00::200:0:0:4', 8765, 0, 0): b' 1979,4,1,512,0,397,14,3,7,1,1,-66,1,1656,19156,131,0,0 '
Received from ('fd00::200:0:0:a', 8765, 0, 0): b' 1979,10,11,1024,0,462,7,5,7,1,1,-52,0,493,5593,122,0,0 '
Received from ('fd00::200:0:0:8', 8765, 0, 0): b' 1980,8,3,768,0,438,11,8,7,1,2,-70,2,1232,16592,129,0,0 '
Received from ('fd00::200:0:0:e', 8765, 0, 0): b' 1980,14,11,1024,0,427,10,3,7,1,2,-70,1,768,8040,119,0,0 '
Received from ('fd00::200:0:0:6', 8765, 0, 0): b' 1981,6,3,768,0,432,11,3,7,1,2,-70,0,753,9747,121,0,0 '
Received from ('fd00::200:0:0:d', 8765, 0, 0): b' 1981,13,8,1024,0,439,10,3,7,1,2,-70,0,879,14531,126,0,0 '
Received from ('fd00::200:0:0:3', 8765, 0, 0): b' 1982,3,1,512,0,406,14,11,7,2,1,-64,10,6597,39547,131,0,0 '
Received from ('fd00::200:0:0:11', 8765, 0, 0): b' 1981,17,16,1280,0,432,5,4,7,1,1,-52,0,788,8986,124,0,0 '
Received from ('fd00::200:0:0:13', 8765, 0, 0): b' 1981,19,16,1280,0,421,5,3,7,1,1,-70,0,615,6861,119,0,0 '
Received from ('fd00::200:0:0:f', 8765, 0, 0): b' 1982,15,11,1024,0,397,6,12,7,1,2,-52,0,932,11894,96,0,0 '
Received from ('fd00::200:0:0:c', 8765, 0, 0): b' 1982,12,11,1024,0,453,11,10,7,1,3,-52,0,1285,15455,127,0,0 '
Received from ('fd00::200:0:0:b', 8765, 0, 0): b' 1983,11,3,768,10,390,10,11,7,2,1,-95,10,3727,25971,243,1,4 '
Received from ('fd00::200:0:0:15', 8765, 0, 0): b' 1983,21,16,1280,10,399,5,3,5,1,1,-70,0,387,5644,123,0,0 '
Received from ('fd00::200:0:0:12', 8765, 0, 0): b' 1984,18,14,1280,0,440,7,4,5,1,1,-52,0,753,6689,117,0,0 '
Received from ('fd00::200:0:0:a', 8765, 0, 0): b' 1983,10,11,1024,10,466,7,5,7,1,1,-52,0,683,4875,122,0,0 '
Received from ('fd00::200:0:0:e', 8765, 0, 0): b' 1984,14,11,1024,10,429,10,3,7,1,2,-70,1,610,5692,119,0,0 '
Received from ('fd00::200:0:0:1', 5678, 0, 0): b' 1985,1,0,256,0,25,0,0,4,0,0,0,10,2252,23623,2542,0,0 '
Received from ('fd00::200:0:0:14', 8765, 0, 0): b' 1985,20,16,1280,0,411,7,8,7,1,2,-52,0,382,9589,100,0,0 '
Received from ('fd00::200:0:0:5', 8765, 0, 0): b' 1986,5,1,512,10,399,15,1,6,1,1,-94,1,984,15607,132,0,0 '
Received from ('fd00::200:0:0:9', 8765, 0, 0): b' 1986,9,5,768,0,409,11,4,7,1,2,-52,0,906,10236,118,0,0 '
Received from ('fd00::200:0:0:d', 8765, 0, 0): b' 1986,13,8,1024,0,441,10,3,7,1,2,-70,0,578,6444,127,0,0 '
Received from ('fd00::200:0:0:2', 8765, 0, 0): b' 1987,2,1,512,0,454,15,1,6,1,1,-88,0,819,10710,133,0,0 '
Received from ('fd00::200:0:0:7', 8765, 0, 0): b' 1986,7,4,768,0,371,9,5,7,1,3,-70,0,867,10338,114,0,0 '
Received from ('fd00::200:0:0:11', 8765, 0, 0): b' 1985,17,16,1280,10,434,5,4,7,1,1,-52,0,463,4361,124,0,0 '
Received from ('fd00::200:0:0:15', 8765, 0, 0): b' 1987,21,16,1280,0,400,5,3,5,1,1,-70,0,554,5565,124,0,0 '
Received from ('fd00::200:0:0:6', 8765, 0, 0): b' 1987,6,3,768,0,435,11,3,7,1,2,-70,0,654,6938,122,0,0 '
Received from ('fd00::200:0:0:10', 8765, 0, 0): b' 1987,16,11,1024,10,397,9,11,7,1,2,-70,4,3021,24954,126,0,0 '
Received from ('fd00::200:0:0:8', 8765, 0, 0): b' 1990,8,3,768,0,443,11,8,7,1,2,-70,2,1846,17828,130,0,0 '
Received from ('fd00::200:0:0:a', 8765, 0, 0): b' 1990,10,11,1024,10,469,7,5,7,1,1,-52,0,657,6536,123,0,0 '
Received from ('fd00::200:0:0:4', 8765, 0, 0): b' 1990,4,1,512,0,399,14,3,7,1,1,-66,1,1192,17584,132,0,0 '
Received from ('fd00::200:0:0:9', 8765, 0, 0): b' 1990,9,5,768,0,409,11,4,7,1,2,-52,0,157,3999,118,0,0 '
Received from ('fd00::200:0:0:f', 8765, 0, 0): b' 1991,15,11,1024,0,400,6,12,7,1,2,-52,0,722,8465,96,0,0 '
Received from ('fd00::200:0:0:3', 8765, 0, 0): b' 1992,3,1,512,10,408,14,11,7,2,1,-64,10,5750,34938,132,0,0 '
Received from ('fd00::200:0:0:5', 8765, 0, 0): b' 1993,5,1,512,0,401,15,1,6,1,1,-94,1,991,10384,132,0,0 '
Received from ('fd00::200:0:0:b', 8765, 0, 0): b' 1992,11,3,768,0,392,10,11,7,2,1,-95,10,4067,30004,245,1,4 '
Received from ('fd00::200:0:0:e', 8765, 0, 0): b' 1992,14,11,1024,0,430,10,3,7,1,2,-70,1,826,9871,120,0,0 '
Received from ('fd00::200:0:0:13', 8765, 0, 0): b' 1993,19,16,1280,20,423,5,3,7,1,1,-70,0,587,10002,120,0,0 '
Received from ('fd00::200:0:0:7', 8765, 0, 0): b' 1994,7,4,768,0,371,9,5,7,1,3,-70,0,333,7168,115,0,0 '
Received from ('fd00::200:0:0:1', 5678, 0, 0): b' 1994,1,0,256,0,25,0,0,4,0,0,0,10,2247,23743,2552,0,0 '
Received from ('fd00::200:0:0:c', 8765, 0, 0): b' 1994,12,11,1024,0,457,11,10,7,1,3,-52,0,1056,14936,128,0,0 '
Received from ('fd00::200:0:0:14', 8765, 0, 0): b' 1994,20,16,1280,0,412,7,8,7,1,2,-52,0,587,8825,101,0,0 '
Received from ('fd00::200:0:0:12', 8765, 0, 0): b' 1994,18,14,1280,10,442,7,4,5,1,1,-52,0,490,9253,118,0,0 '
Received from ('fd00::200:0:0:2', 8765, 0, 0): b' 1995,2,1,512,0,459,15,1,6,1,1,-88,0,831,10558,133,0,0 '
Received from ('fd00::200:0:0:15', 8765, 0, 0): b' 1995,21,16,1280,0,402,5,3,5,1,1,-70,0,517,9605,124,0,0 '
Received from ('fd00::200:0:0:9', 8765, 0, 0): b' 1994,9,5,768,20,411,11,4,7,1,2,-52,0,461,4080,119,0,0 '
Received from ('fd00::200:0:0:a', 8765, 0, 0): b' 1995,10,11,1024,0,470,7,5,7,1,1,-52,0,484,5545,123,0,0 '
Received from ('fd00::200:0:0:d', 8765, 0, 0): b' 1996,13,8,1024,0,446,10,3,7,1,2,-70,0,1015,13179,128,0,0 '
Received from ('fd00::200:0:0:8', 8765, 0, 0): b' 1997,8,3,768,0,445,11,8,7,1,2,-70,2,961,11460,130,0,0 '
Received from ('fd00::200:0:0:6', 8765, 0, 0): b' 1997,6,3,768,0,435,11,3,7,1,2,-70,0,422,8760,122,0,0 '
Received from ('fd00::200:0:0:11', 8765, 0, 0): b' 1997,17,16,1280,0,440,5,4,7,1,1,-52,0,1147,11190,125,0,0 '
Received from ('fd00::200:0:0:5', 8765, 0, 0): b' 1998,5,1,512,0,401,15,1,6,1,1,-94,1,501,7870,132,0,0 '
Received from ('fd00::200:0:0:10', 8765, 0, 0): b' 1997,16,11,1024,0,401,9,11,7,1,2,-70,4,2616,27056,126,0,0 '
Received from ('fd00::200:0:0:3', 8765, 0, 0): b' 1999,3,1,512,0,408,14,11,7,2,1,-64,10,3527,21183,132,0,0 '
Received from ('fd00::200:0:0:9', 8765, 0, 0): b' 1998,9,5,768,0,412,11,4,7,1,2,-52,0,441,4343,119,0,0 '
Received from ('fd00::200:0:0:1', 5678, 0, 0): b' 1999,1,0,256,0,25,0,0,4,0,0,0,10,1445,13966,2562,0,0 '
Received from ('fd00::200:0:0:4', 8765, 0, 0): b' 1999,4,1,512,0,401,14,3,7,1,1,-66,1,877,14024,133,0,0 '
Received from ('fd00::200:0:0:15', 8765, 0, 0): b' 1999,21,16,1280,0,403,5,3,5,1,1,-70,0,362,4998,124,0,0 '
Received from ('fd00::200:0:0:7', 8765, 0, 0): b' 1999,7,4,768,0,372,9,5,7,1,3,-70,0,383,5618,115,0,0 '
Received from ('fd00::200:0:0:12', 8765, 0, 0): b' 1999,18,14,1280,0,442,7,4,5,1,1,-52,0,387,5032,118,0,0 '
Received from ('fd00::200:0:0:14', 8765, 0, 0): b' 2000,20,16,1280,0,414,7,8,7,1,2,-52,0,493,5717,101,0,0 '
Received from ('fd00::200:0:0:e', 8765, 0, 0): b' 2001,14,11,1024,0,432,10,3,7,1,2,-70,1,1156,12164,121,0,0 '
Received from ('fd00::200:0:0:8', 8765, 0, 0): b' 2002,8,3,768,0,446,11,8,7,1,2,-70,2,610,8447,131,0,0 '
Received from ('fd00::200:0:0:13', 8765, 0, 0): b' 2003,19,16,1280,0,425,5,3,7,1,1,-70,0,707,9461,121,0,0 '
Received from ('fd00::200:0:0:b', 8765, 0, 0): b' 2003,11,3,768,0,395,10,11,7,2,1,-95,10,5174,35880,248,1,4 '
Received from ('fd00::200:0:0:5', 8765, 0, 0): b' 2002,5,1,512,0,402,15,1,6,1,1,-94,1,689,8580,133,0,0 '
Received from ('fd00::200:0:0:2', 8765, 0, 0): b' 2003,2,1,512,0,460,15,1,6,1,1,-88,0,484,9244,134,0,0 '
Received from ('fd00::200:0:0:f', 8765, 0, 0): b' 2003,15,11,1024,0,403,6,12,7,1,2,-52,0,825,11529,97,0,0 '
Received from ('fd00::200:0:0:a', 8765, 0, 0): b' 2003,10,11,1024,0,472,7,5,7,1,1,-52,0,573,7867,124,0,0 '
Received from ('fd00::200:0:0:6', 8765, 0, 0): b' 2004,6,3,768,0,436,11,3,7,1,2,-70,0,627,7135,123,0,0 '
Received from ('fd00::200:0:0:c', 8765, 0, 0): b' 2004,12,11,1024,0,460,11,10,7,1,3,-52,0,750,11808,128,0,0 '
Received from ('fd00::200:0:0:15', 8765, 0, 0): b' 2004,21,16,1280,0,404,5,3,5,1,1,-70,0,470,6453,125,0,0 '
Received from ('fd00::200:0:0:11', 8765, 0, 0): b' 2005,17,16,1280,0,443,5,4,7,1,1,-52,0,697,8069,125,0,0 '
Received from ('fd00::200:0:0:14', 8765, 0, 0): b' 2005,20,16,1280,0,414,7,8,7,1,2,-52,0,255,4593,101,0,0 '
Received from ('fd00::200:0:0:9', 8765, 0, 0): b' 2006,9,5,768,0,415,11,4,7,1,2,-52,0,664,7575,119,0,0 '
Received from ('fd00::200:0:0:1', 5678, 0, 0): b' 2008,1,0,256,0,25,0,0,4,0,0,0,10,1955,22490,2573,0,0 '
Received from ('fd00::200:0:0:d', 8765, 0, 0): b' 2008,13,8,1024,0,450,10,3,7,1,2,-70,0,907,14074,128,0,0 '
Received from ('fd00::200:0:0:5', 8765, 0, 0): b' 2008,5,1,512,0,403,15,1,6,1,1,-94,1,698,9016,133,0,0 '
Received from ('fd00::200:0:0:13', 8765, 0, 0): b' 2009,19,16,1280,0,428,5,3,7,1,1,-70,0,715,6717,121,0,0 '
Received from ('fd00::200:0:0:3', 8765, 0, 0): b' 2010,3,1,512,0,411,14,11,7,2,1,-64,10,5574,36362,133,0,0 '
Received from ('fd00::200:0:0:c', 8765, 0, 0): b' 2010,12,11,1024,10,460,11,10,7,1,3,-52,0,246,6126,129,0,0 '
Received from ('fd00::200:0:0:10', 8765, 0, 0): b' 2009,16,11,1024,10,402,9,11,7,1,2,-70,4,2917,30319,127,0,0 '
Received from ('fd00::200:0:0:8', 8765, 0, 0): b' 2010,8,3,768,10,450,11,8,7,1,2,-70,2,1051,12228,131,0,0 '
Received from ('fd00::200:0:0:7', 8765, 0, 0): b' 2010,7,4,768,0,375,9,5,7,1,3,-70,0,798,10411,116,0,0 '
Received from ('fd00::200:0:0:4', 8765, 0, 0): b' 2011,4,1,512,0,403,14,3,7,1,1,-66,1,1290,18112,133,0,0 '
Received from ('fd00::200:0:0:12', 8765, 0, 0): b' 2011,18,14,1280,10,447,7,4,5,1,1,-52,0,908,11198,119,0,0 '
Received from ('fd00::200:0:0:f', 8765, 0, 0): b' 2011,15,11,1024,0,406,6,12,7,1,2,-52,0,778,8251,98,0,0 '
Received from ('fd00::200:0:0:14', 8765, 0, 0): b' 2012,20,16,1280,0,415,7,8,7,1,2,-52,0,466,6589,102,0,0 '
Received from ('fd00::200:0:0:d', 8765, 0, 0): b' 2012,13,8,1024,0,451,10,3,7,1,2,-70,0,419,5459,129,0,0 '
Received from ('fd00::200:0:0:e', 8765, 0, 0): b' 2013,14,11,1024,0,433,10,3,7,1,2,-70,1,1082,14715,121,0,0 '
Received from ('fd00::200:0:0:11', 8765, 0, 0): b' 2013,17,16,1280,0,444,5,4,7,1,1,-52,0,563,7604,126,0,0 '
Received from ('fd00::200:0:0:5', 8765, 0, 0): b' 2013,5,1,512,0,406,15,1,6,1,1,-94,1,827,8251,133,0,0 '
Received from ('fd00::200:0:0:b', 8765, 0, 0): b' 2014,11,3,768,0,397,10,11,7,2,1,-95,10,4569,35328,251,1,4 '
Received from ('fd00::200:0:0:10', 8765, 0, 0): b' 2014,16,11,1024,10,402,9,11,7,1,2,-70,4,942,11384,127,0,0 '
Received from ('fd00::200:0:0:9', 8765, 0, 0): b' 2014,9,5,768,0,418,11,4,7,1,2,-52,0,775,7952,120,0,0 '
Received from ('fd00::200:0:0:2', 8765, 0, 0): b' 2014,2,1,512,0,461,15,1,6,1,1,-88,0,720,13680,134,0,0 '
Received from ('fd00::200:0:0:13', 8765, 0, 0): b' 2014,19,16,1280,0,429,5,3,7,1,1,-70,0,265,4337,121,0,0 '
Received from ('fd00::200:0:0:6', 8765, 0, 0): b' 2015,6,3,768,0,442,11,3,7,1,2,-70,0,1013,11086,124,0,0 '
Received from ('fd00::200:0:0:a', 8765, 0, 0): b' 2015,10,11,1024,0,474,7,5,7,1,1,-52,0,663,10788,124,0,0 '
Received from ('fd00::200:0:0:15', 8765, 0, 0): b' 2014,21,16,1280,0,405,5,3,5,1,1,-70,0,587,12660,126,0,0 '
Received from ('fd00::200:0:0:3', 8765, 0, 0): b' 2018,3,1,512,0,413,14,11,7,2,1,-64,10,5027,28128,134,0,0 '
Received from ('fd00::200:0:0:1', 5678, 0, 0): b' 2018,1,0,256,0,25,0,0,4,0,0,0,10,2828,27709,2591,0,0 '
Received from ('fd00::200:0:0:12', 8765, 0, 0): b' 2017,18,14,1280,0,450,7,4,5,1,1,-52,0,831,6766,119,0,0 '
Received from ('fd00::200:0:0:4', 8765, 0, 0): b' 2018,4,1,512,0,404,14,3,7,1,1,-66,1,698,10794,134,0,0 '
Received from ('fd00::200:0:0:14', 8765, 0, 0): b' 2018,20,16,1280,0,416,7,8,7,1,2,-52,0,386,6056,102,0,0 '
Received from ('fd00::200:0:0:7', 8765, 0, 0): b' 2019,7,4,768,0,376,9,5,7,1,3,-70,0,432,8201,116,0,0 '
Received from ('fd00::200:0:0:b', 8765, 0, 0): b' 2020,11,3,768,0,399,10,11,7,2,1,-95,10,2657,18253,252,1,4 '
Received from ('fd00::200:0:0:d', 8765, 0, 0): b' 2020,13,8,1024,0,451,10,3,7,1,2,-70,0,307,8275,129,0,0 '
Received from ('fd00::200:0:0:2', 8765, 0, 0): b' 2019,2,1,512,0,462,15,1,6,1,1,-88,0,436,6359,135,0,0 '
Received from ('fd00::200:0:0:c', 8765, 0, 0): b' 2021,12,11,1024,0,460,11,10,7,1,3,-52,0,452,12997,129,0,0 '
Received from ('fd00::200:0:0:5', 8765, 0, 0): b' 2020,5,1,512,0,409,15,1,6,1,1,-94,1,1052,11792,134,0,0 '
Received from ('fd00::200:0:0:8', 8765, 0, 0): b' 2021,8,3,768,0,451,11,8,7,1,2,-70,2,1254,17852,132,0,0 '
Received from ('fd00::200:0:0:11', 8765, 0, 0): b' 2021,17,16,1280,0,445,5,4,7,1,1,-52,0,410,7919,126,0,0 '
Received from ('fd00::200:0:0:13', 8765, 0, 0): b' 2021,19,16,1280,0,430,5,3,7,1,1,-70,0,563,7569,122,0,0 '
Received from ('fd00::200:0:0:3', 8765, 0, 0): b' 2023,3,1,512,0,414,14,11,7,2,1,-64,10,2229,15021,134,0,0 '
Received from ('fd00::200:0:0:a', 8765, 0, 0): b' 2022,10,11,1024,0,476,7,5,7,1,1,-52,0,671,7508,125,0,0 '
Received from ('fd00::200:0:0:1', 5678, 0, 0): b' 2023,1,0,256,0,25,0,0,4,0,0,0,10,1208,13661,2596,0,0 '
Received from ('fd00::200:0:0:f', 8765, 0, 0): b' 2022,15,11,1024,10,408,6,12,7,1,2,-52,0,638,9726,98,0,0 '
Received from ('fd00::200:0:0:10', 8765, 0, 0): b' 2023,16,11,1024,0,404,9,11,7,1,2,-70,4,2540,23702,128,0,0 '
Received from ('fd00::200:0:0:e', 8765, 0, 0): b' 2023,14,11,1024,0,439,10,3,7,1,2,-70,1,1512,13751,122,0,0 '
Received from ('fd00::200:0:0:4', 8765, 0, 0): b' 2024,4,1,512,0,404,14,3,7,1,1,-66,1,620,8653,134,0,0 '
Received from ('fd00::200:0:0:12', 8765, 0, 0): b' 2023,18,14,1280,0,451,7,4,5,1,1,-52,0,442,5599,120,0,0 '
Received from ('fd00::200:0:0:9', 8765, 0, 0): b' 2023,9,5,768,0,418,11,4,7,1,2,-52,0,325,8554,120,0,0 '
Received from ('fd00::200:0:0:15', 8765, 0, 0): b' 2023,21,16,1280,0,407,5,3,5,1,1,-70,0,667,11009,126,0,0 '
Received from ('fd00::200:0:0:2', 8765, 0, 0): b' 2025,2,1,512,0,464,15,1,6,1,1,-88,0,491,6540,135,0,0 '
Received from ('fd00::200:0:0:c', 8765, 0, 0): b' 2028,12,11,1024,0,463,11,10,7,1,3,-52,0,785,8596,130,0,0 '
Received from ('fd00::200:0:0:6', 8765, 0, 0): b' 2028,6,3,768,0,448,11,3,7,1,2,-70,0,1090,11607,124,0,0 '
Received from ('fd00::200:0:0:11', 8765, 0, 0): b' 2026,17,16,1280,0,446,5,4,7,1,1,-52,0,442,5527,127,0,0 '
Received from ('fd00::200:0:0:b', 8765, 0, 0): b' 2029,11,3,768,0,400,10,11,7,1,1,-95,10,4065,30239,255,1,4 '
Received from ('fd00::200:0:0:d', 8765, 0, 0): b' 2028,13,8,1024,10,454,10,3,7,1,2,-70,0,722,11085,130,0,0 '
Received from ('fd00::200:0:0:2', 8765, 0, 0): b' 2029,2,1,512,0,465,15,1,6,1,1,-88,0,263,4821,135,0,0 '
Received from ('fd00::200:0:0:1', 5678, 0, 0): b' 2029,1,0,256,0,25,0,0,4,0,0,0,10,1629,16726,2607,0,0 '
Received from ('fd00::200:0:0:14', 8765, 0, 0): b' 2028,20,16,1280,0,418,7,8,7,1,2,-52,0,694,9512,103,0,0 '
Received from ('fd00::200:0:0:8', 8765, 0, 0): b' 2029,8,3,768,0,452,11,8,7,1,2,-70,2,1144,12916,133,0,0 '
Received from ('fd00::200:0:0:5', 8765, 0, 0): b' 2030,5,1,512,0,411,15,1,6,1,1,-94,1,888,12674,134,0,0 '
Received from ('fd00::200:0:0:7', 8765, 0, 0): b' 2029,7,4,768,10,382,9,5,7,1,3,-70,0,1012,10724,117,0,0 '
Received from ('fd00::200:0:0:e', 8765, 0, 0): b' 2029,14,11,1024,0,440,10,3,7,1,2,-70,1,678,7942,122,0,0 '
Received from ('fd00::200:0:0:12', 8765, 0, 0): b' 2029,18,14,1280,0,452,7,4,5,1,1,-52,0,386,5563,120,0,0 '
Received from ('fd00::200:0:0:15', 8765, 0, 0): b' 2029,21,16,1280,0,408,5,3,5,1,1,-70,0,419,6662,127,0,0 '
Received from ('fd00::200:0:0:f', 8765, 0, 0): b' 2030,15,11,1024,0,412,6,12,7,1,2,-52,0,812,8915,99,0,0 '
Received from ('fd00::200:0:0:4', 8765, 0, 0): b' 2032,4,1,512,0,405,14,3,7,1,1,-66,1,883,12561,135,0,0 '
Received from ('fd00::200:0:0:13', 8765, 0, 0): b' 2031,19,16,1280,0,435,5,3,7,1,1,-70,0,1015,9647,123,0,0 '
Received from ('fd00::200:0:0:9', 8765, 0, 0): b' 2032,9,5,768,0,421,11,4,7,1,2,-52,0,799,8934,121,0,0 '
Received from ('fd00::200:0:0:10', 8765, 0, 0): b' 2031,16,11,1024,0,406,9,11,7,1,2,-70,4,2539,22898,129,0,0 '
Received from ('fd00::200:0:0:6', 8765, 0, 0): b' 2033,6,3,768,0,449,11,3,7,1,2,-70,0,442,6051,125,0,0 '
Received from ('fd00::200:0:0:3', 8765, 0, 0): b' 2034,3,1,512,0,416,14,11,7,2,1,-64,10,6256,35653,135,0,0 '
Received from ('fd00::200:0:0:a', 8765, 0, 0): b' 2032,10,11,1024,0,479,7,5,7,1,1,-52,0,648,9642,125,0,0 '
Received from ('fd00::200:0:0:5', 8765, 0, 0): b' 2035,5,1,512,0,413,15,1,6,1,1,-94,1,853,8710,135,0,0 '
Received from ('fd00::200:0:0:1', 5678, 0, 0): b' 2035,1,0,256,0,25,0,0,4,0,0,0,10,1633,16864,2614,0,0 '
Received from ('fd00::200:0:0:12', 8765, 0, 0): b' 2034,18,14,1280,0,452,7,4,5,1,1,-52,0,255,4051,120,0,0 '
Received from ('fd00::200:0:0:c', 8765, 0, 0): b' 2035,12,11,1024,0,464,11,10,7,1,3,-52,0,413,8782,130,0,0 '
Received from ('fd00::200:0:0:d', 8765, 0, 0): b' 2036,13,8,1024,0,457,10,3,7,1,2,-70,0,804,9586,130,0,0 '
Received from ('fd00::200:0:0:8', 8765, 0, 0): b' 2037,8,3,768,0,454,11,8,7,1,2,-70,2,934,11892,133,0,0 '
Received from ('fd00::200:0:0:14', 8765, 0, 0): b' 2033,20,16,1280,0,421,7,8,7,1,2,-52,0,600,5608,103,0,0 '
Received from ('fd00::200:0:0:6', 8765, 0, 0): b' 2038,6,3,768,0,451,11,3,7,1,2,-70,0,491,4731,125,0,0 '
Received from ('fd00::200:0:0:7', 8765, 0, 0): b' 2038,7,4,768,0,384,9,5,7,1,3,-70,0,772,8740,118,0,0 '
Received from ('fd00::200:0:0:2', 8765, 0, 0): b' 2038,2,1,512,0,469,15,1,6,1,1,-88,0,901,11722,136,0,0 '
Received from ('fd00::200:0:0:4', 8765, 0, 0): b' 2039,4,1,512,0,407,14,3,7,1,1,-66,1,858,11582,135,0,0 '
Received from ('fd00::200:0:0:11', 8765, 0, 0): b' 2038,17,16,1280,0,450,5,4,7,1,1,-52,0,876,11008,127,0,0 '
Received from ('fd00::200:0:0:e', 8765, 0, 0): b' 2038,14,11,1024,0,444,11,3,7,1,2,-70,1,1466,12266,123,0,0 '
Received from ('fd00::200:0:0:b', 8765, 0, 0): b' 2040,11,3,768,30,402,10,11,7,1,1,-95,10,5914,41169,258,1,4 '
Received from ('fd00::200:0:0:15', 8765, 0, 0): b' 2038,21,16,1280,0,411,5,3,5,1,1,-70,0,676,10980,127,0,0 '
Received from ('fd00::200:0:0:c', 8765, 0, 0): b' 2040,12,11,1024,10,466,12,10,7,1,3,-52,0,636,6958,131,0,0 '
Received from ('fd00::200:0:0:13', 8765, 0, 0): b' 2040,19,16,1280,0,437,5,3,7,1,1,-70,0,518,8670,123,0,0 '
Received from ('fd00::200:0:0:9', 8765, 0, 0): b' 2042,9,5,768,10,426,11,4,7,1,2,-52,0,820,8296,121,0,0 '
Received from ('fd00::200:0:0:1', 5678, 0, 0): b' 2042,1,0,256,0,25,0,0,4,0,0,0,10,1552,17355,2625,0,0 '
Received from ('fd00::200:0:0:3', 8765, 0, 0): b' 2043,3,1,512,0,416,14,11,7,2,1,-64,10,4444,27457,135,0,0 '
Received from ('fd00::200:0:0:a', 8765, 0, 0): b' 2041,10,11,1024,0,483,8,5,7,1,1,-52,0,964,9119,126,0,0 '
Received from ('fd00::200:0:0:f', 8765, 0, 0): b' 2041,15,11,1024,0,414,7,12,7,1,2,-52,0,774,10689,100,0,0 '
Received from ('fd00::200:0:0:10', 8765, 0, 0): b' 2042,16,11,1024,0,407,10,11,7,1,2,-70,4,2305,28307,129,0,0 '
Received from ('fd00::200:0:0:5', 8765, 0, 0): b' 2044,5,1,512,0,414,15,1,6,1,1,-94,1,1013,15440,135,0,0 '
Received from ('fd00::200:0:0:7', 8765, 0, 0): b' 2044,7,4,768,0,385,9,5,7,1,3,-70,0,383,6646,118,0,0 '
Received from ('fd00::200:0:0:6', 8765, 0, 0): b' 2044,6,3,768,10,451,11,3,7,1,2,-70,0,278,5860,126,0,0 '
Received from ('fd00::200:0:0:8', 8765, 0, 0): b' 2044,8,3,768,0,459,11,8,7,1,2,-70,2,1229,13356,134,0,0 '
Received from ('fd00::200:0:0:12', 8765, 0, 0): b' 2043,18,14,1280,10,455,7,4,5,1,1,-52,0,573,8703,121,0,0 '
Received from ('fd00::200:0:0:d', 8765, 0, 0): b' 2045,13,8,1024,0,459,10,3,7,1,2,-70,0,601,11316,131,0,0 '
Received from ('fd00::200:0:0:15', 8765, 0, 0): b' 2043,21,16,1280,0,413,5,3,5,1,1,-70,0,526,6094,128,0,0 '
Received from ('fd00::200:0:0:9', 8765, 0, 0): b' 2047,9,5,768,0,428,11,4,7,1,2,-52,0,631,5315,122,0,0 '
Received from ('fd00::200:0:0:13', 8765, 0, 0): b' 2044,19,16,1280,20,439,5,3,7,1,1,-70,0,362,4047,123,0,0 '
Received from ('fd00::200:0:0:14', 8765, 0, 0): b' 2045,20,16,1280,0,423,7,8,7,1,2,-52,0,694,10528,104,0,0 '
Received from ('fd00::200:0:0:4', 8765, 0, 0): b' 2048,4,1,512,0,410,14,3,7,1,1,-66,1,1082,13977,136,0,0 '
Received from ('fd00::200:0:0:2', 8765, 0, 0): b' 2048,2,1,512,0,471,15,1,6,1,1,-88,0,736,12983,137,0,0 '
Received from ('fd00::200:0:0:b', 8765, 0, 0): b' 2048,11,3,768,40,407,10,11,7,1,1,-95,10,3947,26218,260,1,4 '
Received from ('fd00::200:0:0:e', 8765, 0, 0): b' 2046,14,11,1024,0,446,11,3,7,1,2,-70,1,1075,11045,124,0,0 '
Received from ('fd00::200:0:0:a', 8765, 0, 0): b' 2047,10,11,1024,0,484,8,5,7,1,1,-52,0,386,5852,126,0,0 '
Received from ('fd00::200:0:0:1', 5678, 0, 0): b' 2050,1,0,256,0,25,0,0,4,0,0,0,10,2347,22271,2639,0,0 '
Received from ('fd00::200:0:0:c', 8765, 0, 0): b' 2049,12,11,1024,0,469,12,10,7,1,3,-52,0,743,11351,131,0,0 '
Received from ('fd00::200:0:0:11', 8765, 0, 0): b' 2050,17,16,1280,0,454,5,4,7,1,1,-52,0,1006,11099,128,0,0 '
Received from ('fd00::200:0:0:8', 8765, 0, 0): b' 2051,8,3,768,0,462,11,8,7,1,2,-70,2,939,11075,134,0,0 '
Received from ('fd00::200:0:0:14', 8765, 0, 0): b' 2050,20,16,1280,0,425,7,8,7,1,2,-52,0,494,5373,104,0,0 '
Received from ('fd00::200:0:0:4', 8765, 0, 0): b' 2052,4,1,512,0,412,14,3,7,1,1,-66,1,541,6933,136,0,0 '
Received from ('fd00::200:0:0:5', 8765, 0, 0): b' 2052,5,1,512,0,415,15,1,6,1,1,-94,1,994,12923,136,0,0 '
Received from ('fd00::200:0:0:d', 8765, 0, 0): b' 2053,13,8,1024,0,460,10,3,7,1,2,-70,0,508,9516,131,0,0 '
Received from ('fd00::200:0:0:9', 8765, 0, 0): b' 2052,9,5,768,10,430,11,4,7,1,2,-52,0,557,6848,122,0,0 '
Received from ('fd00::200:0:0:f', 8765, 0, 0): b' 2052,15,11,1024,10,415,7,12,7,1,2,-52,0,628,10930,101,0,0 '
Received from ('fd00::200:0:0:2', 8765, 0, 0): b' 2054,2,1,512,0,472,15,1,6,1,1,-88,0,361,6501,137,0,0 '
Received from ('fd00::200:0:0:a', 8765, 0, 0): b' 2053,10,11,1024,0,486,8,5,7,1,1,-52,0,549,6269,127,0,0 '
Received from ('fd00::200:0:0:3', 8765, 0, 0): b' 2055,3,1,512,0,419,14,11,7,2,1,-64,10,6428,36808,136,0,0 '
Received from ('fd00::200:0:0:7', 8765, 0, 0): b' 2055,7,4,768,0,388,9,5,7,1,3,-70,0,893,10844,119,0,0 '
Received from ('fd00::200:0:0:c', 8765, 0, 0): b' 2054,12,11,1024,0,469,12,10,7,1,3,-52,0,242,6109,132,0,0 '
Received from ('fd00::200:0:0:10', 8765, 0, 0): b' 2053,16,11,1024,10,410,10,11,7,1,2,-70,4,2952,29678,130,0,0 '
Received from ('fd00::200:0:0:12', 8765, 0, 0): b' 2054,18,14,1280,10,460,7,4,5,1,1,-52,0,1040,11167,122,0,0 '
Received from ('fd00::200:0:0:6', 8765, 0, 0): b' 2056,6,3,768,0,452,11,3,7,1,2,-70,0,610,11529,126,0,0 '
Received from ('fd00::200:0:0:15', 8765, 0, 0): b' 2054,21,16,1280,10,416,5,3,5,1,1,-70,0,773,12439,128,0,0 '
Received from ('fd00::200:0:0:b', 8765, 0, 0): b' 2057,11,3,768,40,410,10,11,7,1,1,-95,10,4007,28865,262,1,4 '
Received from ('fd00::200:0:0:13', 8765, 0, 0): b' 2055,19,16,1280,10,442,5,3,7,1,1,-70,0,909,10404,124,0,0 '
Received from ('fd00::200:0:0:e', 8765, 0, 0): b' 2056,14,11,1024,0,449,11,3,7,1,2,-70,1,1120,12933,124,0,0 '
Received from ('fd00::200:0:0:9', 8765, 0, 0): b' 2058,9,5,768,0,433,11,4,7,1,2,-52,0,655,6166,123,0,0 '
Received from ('fd00::200:0:0:4', 8765, 0, 0): b' 2059,4,1,512,0,414,14,3,7,1,1,-66,1,1001,11359,137,0,0 '
Received from ('fd00::200:0:0:13', 8765, 0, 0): b' 2060,19,16,1280,0,444,5,3,7,1,1,-70,0,552,4825,125,0,0 '
Received from ('fd00::200:0:0:12', 8765, 0, 0): b' 2060,18,14,1280,0,462,7,4,5,1,1,-52,0,604,6004,122,0,0 '
Received from ('fd00::200:0:0:7', 8765, 0, 0): b' 2061,7,4,768,0,390,9,5,7,1,3,-70,0,491,6150,119,0,0 '
Received from ('fd00::200:0:0:11', 8765, 0, 0): b' 2061,17,16,1280,0,459,5,4,7,1,1,-52,0,945,10895,129,0,0 '
Received from ('fd00::200:0:0:f', 8765, 0, 0): b' 2060,15,11,1024,0,417,7,12,7,1,2,-52,0,674,7949,101,0,0 '
Received from ('fd00::200:0:0:b', 8765, 0, 0): b' 2061,11,3,768,40,411,10,11,7,1,1,-95,10,2456,16682,263,1,4 '
Received from ('fd00::200:0:0:1', 5678, 0, 0): b' 2062,1,0,256,0,25,0,0,4,0,0,0,10,3169,33071,2658,0,0 '
Received from ('fd00::200:0:0:3', 8765, 0, 0): b' 2062,3,1,512,0,421,14,11,7,2,1,-64,10,4285,23080,137,0,0 '
Received from ('fd00::200:0:0:c', 8765, 0, 0): b' 2060,12,11,1024,0,471,12,10,7,1,3,-52,0,621,8935,132,0,0 '
Received from ('fd00::200:0:0:14', 8765, 0, 0): b' 2060,20,16,1280,10,430,7,8,7,1,2,-52,0,908,10183,105,0,0 '
Received from ('fd00::200:0:0:6', 8765, 0, 0): b' 2063,6,3,768,0,454,11,3,7,1,2,-70,0,548,7126,127,0,0 '
Received from ('fd00::200:0:0:d', 8765, 0, 0): b' 2063,13,8,1024,0,463,10,3,7,1,2,-70,0,829,12593,132,0,0 '
Received from ('fd00::200:0:0:8', 8765, 0, 0): b' 2063,8,3,768,0,464,11,8,7,1,2,-70,2,1473,19377,135,0,0 '
Received from ('fd00::200:0:0:15', 8765, 0, 0): b' 2063,21,16,1280,0,418,5,3,5,1,1,-70,0,725,10397,129,0,0 '
Received from ('fd00::200:0:0:2', 8765, 0, 0): b' 2064,2,1,512,0,474,15,1,6,1,1,-88,0,608,11891,138,0,0 '
Received from ('fd00::200:0:0:5', 8765, 0, 0): b' 2063,5,1,512,10,418,15,1,6,1,1,-94,1,1479,18336,137,0,0 '
Received from ('fd00::200:0:0:10', 8765, 0, 0): b' 2064,16,11,1024,0,416,10,11,7,1,2,-70,4,3507,28926,131,0,0 '
Received from ('fd00::200:0:0:a', 8765, 0, 0): b' 2064,10,11,1024,0,489,8,5,7,1,1,-52,0,769,11059,127,0,0 '
Received from ('fd00::200:0:0:4', 8765, 0, 0): b' 2065,4,1,512,0,417,14,3,7,1,1,-66,1,992,10404,137,0,0 '
Received from ('fd00::200:0:0:1', 5678, 0, 0): b' 2067,1,0,256,0,25,0,0,4,0,0,0,10,1123,12891,2664,0,0 '
Received from ('fd00::200:0:0:7', 8765, 0, 0): b' 2067,7,4,768,0,391,9,5,7,1,3,-70,0,439,5883,120,0,0 '
Received from ('fd00::200:0:0:c', 8765, 0, 0): b' 2066,12,11,1024,10,472,12,11,7,1,3,-52,0,417,6839,133,0,0 '
Received from ('fd00::200:0:0:8', 8765, 0, 0): b' 2067,8,3,768,10,466,11,8,7,1,2,-70,2,446,6158,135,0,0 '
Received from ('fd00::200:0:0:e', 8765, 0, 0): b' 2067,14,11,1024,0,453,11,3,7,1,2,-70,1,1337,14434,125,0,0 '
Received from ('fd00::200:0:0:3', 8765, 0, 0): b' 2068,3,1,512,0,421,14,11,7,2,1,-64,10,3371,20373,137,0,0 '
Received from ('fd00::200:0:0:14', 8765, 0, 0): b' 2068,20,16,1280,0,430,7,8,7,1,2,-52,0,776,7822,106,0,0 '
Received from ('fd00::200:0:0:13', 8765, 0, 0): b' 2069,19,16,1280,0,447,5,3,7,1,1,-70,0,745,9435,125,0,0 '
Received from ('fd00::200:0:0:4', 8765, 0, 0): b' 2070,4,1,512,0,417,14,3,7,1,1,-66,1,591,7380,137,0,0 '
Received from ('fd00::200:0:0:15', 8765, 0, 0): b' 2069,21,16,1280,0,421,5,3,5,1,1,-70,0,601,8478,129,0,0 '
Received from ('fd00::200:0:0:9', 8765, 0, 0): b' 2070,9,5,768,10,436,11,4,7,1,2,-52,0,767,10959,124,0,0 '
Received from ('fd00::200:0:0:11', 8765, 0, 0): b' 2070,17,16,1280,0,463,5,4,7,1,1,-52,0,885,9380,130,0,0 '
Received from ('fd00::200:0:0:b', 8765, 0, 0): b' 2071,11,3,768,0,411,10,11,7,1,1,-95,10,4274,32478,266,1,4 '
Received from ('fd00::200:0:0:12', 8765, 0, 0): b' 2071,18,14,1280,0,466,7,4,5,1,1,-52,0,1029,11350,123,0,0 '
Received from ('fd00::200:0:0:2', 8765, 0, 0): b' 2072,2,1,512,0,474,15,1,6,1,1,-88,0,493,10848,138,0,0 '
Received from ('fd00::200:0:0:f', 8765, 0, 0): b' 2072,15,11,1024,10,423,7,12,7,1,2,-52,0,1123,11569,102,0,0 '
Received from ('fd00::200:0:0:d', 8765, 0, 0): b' 2073,13,8,1024,0,465,10,3,7,1,2,-70,0,723,12459,133,0,0 '
Received from ('fd00::200:0:0:1', 5678, 0, 0): b' 2073,1,0,256,0,25,0,0,4,0,0,0,10,1694,18316,2674,0,0 '
Received from ('fd00::200:0:0:6', 8765, 0, 0): b' 2073,6,3,768,10,460,11,3,7,1,2,-70,0,957,10361,127,0,0 '
Received from ('fd00::200:0:0:7', 8765, 0, 0): b' 2074,7,4,768,0,395,10,5,7,1,3,-70,0,784,7296,120,0,0 '
Received from ('fd00::200:0:0:5', 8765, 0, 0): b' 2073,5,1,512,0,419,15,1,6,1,1,-94,1,889,15481,137,0,0 '
Received from ('fd00::200:0:0:8', 8765, 0, 0): b' 2074,8,3,768,0,468,11,8,7,1,2,-70,2,1203,11484,136,0,0 '
Received from ('fd00::200:0:0:a', 8765, 0, 0): b' 2073,10,11,1024,0,493,8,5,7,1,1,-52,0,909,9209,128,0,0 '
Received from ('fd00::200:0:0:e', 8765, 0, 0): b' 2075,14,11,1024,0,457,11,3,7,1,2,-70,1,1327,11193,126,0,0 '
Received from ('fd00::200:0:0:4', 8765, 0, 0): b' 2076,4,1,512,0,419,14,3,7,1,1,-66,1,874,10025,138,0,0 '
Received from ('fd00::200:0:0:10', 8765, 0, 0): b' 2076,16,11,1024,0,417,10,11,7,1,2,-70,4,2645,30514,132,0,0 '
Received from ('fd00::200:0:0:15', 8765, 0, 0): b' 2076,21,16,1280,10,421,5,3,5,1,1,-70,0,363,7945,130,0,0 '
Received from ('fd00::200:0:0:c', 8765, 0, 0): b' 2076,12,11,1024,0,475,12,11,7,1,3,-52,0,833,13079,133,0,0 '
Received from ('fd00::200:0:0:d', 8765, 0, 0): b' 2078,13,8,1024,0,466,10,3,7,1,2,-70,0,290,5422,133,0,0 '
Received from ('fd00::200:0:0:14', 8765, 0, 0): b' 2077,20,16,1280,0,433,7,8,7,1,2,-52,0,624,8919,106,0,0 '
Received from ('fd00::200:0:0:5', 8765, 0, 0): b' 2078,5,1,512,0,422,15,1,6,1,1,-94,1,734,7627,138,0,0 '
Received from ('fd00::200:0:0:2', 8765, 0, 0): b' 2078,2,1,512,0,476,15,1,6,1,1,-88,0,567,7800,139,0,0 '
Received from ('fd00::200:0:0:11', 8765, 0, 0): b' 2078,17,16,1280,10,465,5,4,7,1,1,-52,0,614,7725,130,0,0 '
Received from ('fd00::200:0:0:3', 8765, 0, 0): b' 2079,3,1,512,0,424,14,11,7,2,1,-64,10,5831,33645,138,0,0 '
Received from ('fd00::200:0:0:7', 8765, 0, 0): b' 2081,7,4,768,0,397,10,5,7,1,3,-70,0,668,7012,121,0,0 '
Received from ('fd00::200:0:0:f', 8765, 0, 0): b' 2079,15,11,1024,0,426,7,12,7,1,2,-52,0,629,7320,102,0,0 '
Received from ('fd00::200:0:0:8', 8765, 0, 0): b' 2081,8,3,768,0,469,11,8,7,1,2,-70,2,674,10642,136,0,0 '
Received from ('fd00::200:0:0:a', 8765, 0, 0): b' 2079,10,11,1024,10,495,8,5,7,1,1,-52,0,469,5709,128,0,0 '
Received from ('fd00::200:0:0:9', 8765, 0, 0): b' 2080,9,5,768,10,437,11,4,7,1,2,-52,0,587,10134,124,0,0 '
Received from ('fd00::200:0:0:13', 8765, 0, 0): b' 2081,19,16,1280,10,449,5,3,7,1,1,-70,0,694,10810,126,0,0 '
Received from ('fd00::200:0:0:b', 8765, 0, 0): b' 2082,11,3,768,70,415,10,11,7,1,1,-95,10,4843,35646,269,1,4 '
Received from ('fd00::200:0:0:14', 8765, 0, 0): b' 2081,20,16,1280,0,436,7,8,7,1,2,-52,0,576,4202,106,0,0 '
Received from ('fd00::200:0:0:1', 5678, 0, 0): b' 2083,1,0,256,0,25,0,0,4,0,0,0,10,2690,26427,2687,0,0 '
Received from ('fd00::200:0:0:12', 8765, 0, 0): b' 2081,18,14,1280,0,467,7,4,5,1,1,-52,0,507,9314,123,0,0 '
Received from ('fd00::200:0:0:4', 8765, 0, 0): b' 2083,4,1,512,0,419,14,3,7,1,1,-66,1,732,11334,138,0,0 '
Received from ('fd00::200:0:0:6', 8765, 0, 0): b' 2084,6,3,768,0,463,11,3,7,1,2,-70,0,932,10472,128,0,0 '
Received from ('fd00::200:0:0:d', 8765, 0, 0): b' 2084,13,8,1024,10,469,10,3,7,1,2,-70,0,576,7384,133,0,0 '
Received from ('fd00::200:0:0:11', 8765, 0, 0): b' 2082,17,16,1280,10,467,5,4,7,1,1,-52,0,373,4063,130,0,0 '
Received from ('fd00::200:0:0:e', 8765, 0, 0): b' 2083,14,11,1024,0,457,11,3,7,1,2,-70,1,786,10902,126,0,0 '
Received from ('fd00::200:0:0:c', 8765, 0, 0): b' 2084,12,11,1024,0,477,12,11,7,1,3,-52,0,605,10219,134,0,0 '
Received from ('fd00::200:0:0:9', 8765, 0, 0): b' 2086,9,5,768,0,438,11,4,7,1,2,-52,0,442,5371,125,0,0 '
Received from ('fd00::200:0:0:13', 8765, 0, 0): b' 2086,19,16,1280,0,450,5,3,7,1,1,-70,0,389,5129,126,0,0 '
Received from ('fd00::200:0:0:a', 8765, 0, 0): b' 2085,10,11,1024,0,496,8,5,7,1,1,-52,0,467,6365,129,0,0 '
Received from ('fd00::200:0:0:3', 8765, 0, 0): b' 2087,3,1,512,0,426,14,11,7,2,1,-64,10,4288,23500,138,0,0 '
Received from ('fd00::200:0:0:10', 8765, 0, 0): b' 2087,16,11,1024,10,418,10,11,7,1,2,-70,4,2858,29809,132,0,0 '
Received from ('fd00::200:0:0:7', 8765, 0, 0): b' 2088,7,4,768,0,398,10,5,7,1,3,-70,0,384,7100,121,0,0 '
Received from ('fd00::200:0:0:15', 8765, 0, 0): b' 2087,21,16,1280,0,423,5,3,5,1,1,-70,0,663,13143,130,0,0 '
Received from ('fd00::200:0:0:11', 8765, 0, 0): b' 2089,17,16,1280,0,469,5,4,7,1,1,-52,0,574,6628,131,0,0 '
Received from ('fd00::200:0:0:2', 8765, 0, 0): b' 2088,2,1,512,0,480,15,1,6,1,1,-88,0,850,12778,139,0,0 '
Received from ('fd00::200:0:0:12', 8765, 0, 0): b' 2088,18,14,1280,0,468,7,4,5,1,1,-52,0,539,6737,124,0,0 '
Received from ('fd00::200:0:0:5', 8765, 0, 0): b' 2090,5,1,512,0,425,15,1,6,1,1,-94,1,1370,18332,138,0,0 '
Received from ('fd00::200:0:0:d', 8765, 0, 0): b' 2090,13,8,1024,10,470,10,3,7,1,2,-70,0,568,7205,134,0,0 '
Received from ('fd00::200:0:0:f', 8765, 0, 0): b' 2089,15,11,1024,0,428,7,12,7,1,2,-52,0,695,9242,103,0,0 '
Received from ('fd00::200:0:0:c', 8765, 0, 0): b' 2088,12,11,1024,0,478,12,11,7,1,3,-52,0,366,5006,134,0,0 '
Received from ('fd00::200:0:0:9', 8765, 0, 0): b' 2091,9,5,768,0,439,11,4,7,1,2,-52,0,384,5094,125,0,0 '
Received from ('fd00::200:0:0:8', 8765, 0, 0): b' 2091,8,3,768,10,471,11,8,7,1,2,-70,2,1315,16507,137,0,0 '
Received from ('fd00::200:0:0:13', 8765, 0, 0): b' 2091,19,16,1280,0,452,5,3,7,1,1,-70,0,525,4767,127,0,0 '
Received from ('fd00::200:0:0:1', 5678, 0, 0): b' 2092,1,0,256,0,25,0,0,4,0,0,0,10,2566,25856,2704,0,0 '
Received from ('fd00::200:0:0:14', 8765, 0, 0): b' 2091,20,16,1280,0,439,7,8,7,1,2,-52,0,801,9707,107,0,0 '
Received from ('fd00::200:0:0:b', 8765, 0, 0): b' 2093,11,3,768,20,416,10,11,7,1,1,-95,10,5025,35860,271,1,4 '
Received from ('fd00::200:0:0:e', 8765, 0, 0): b' 2091,14,11,1024,0,462,11,3,7,1,2,-70,1,1175,10580,127,0,0 '
Received from ('fd00::200:0:0:6', 8765, 0, 0): b' 2094,6,3,768,0,467,11,3,7,1,2,-70,0,907,10083,129,0,0 '
Received from ('fd00::200:0:0:a', 8765, 0, 0): b' 2092,10,11,1024,0,497,8,5,7,1,1,-52,0,386,6213,129,0,0 '
Received from ('fd00::200:0:0:10', 8765, 0, 0): b' 2094,16,11,1024,10,420,10,11,7,1,2,-70,4,2108,18083,133,0,0 '
Received from ('fd00::200:0:0:4', 8765, 0, 0): b' 2095,4,1,512,10,422,14,3,7,1,1,-66,1,1235,17508,139,0,0 '
Received from ('fd00::200:0:0:11', 8765, 0, 0): b' 2095,17,16,1280,0,470,5,4,7,1,1,-52,0,483,5696,131,0,0 '
Received from ('fd00::200:0:0:7', 8765, 0, 0): b' 2093,7,4,768,10,400,10,5,7,1,3,-70,0,491,6180,121,0,0 '
Received from ('fd00::200:0:0:5', 8765, 0, 0): b' 2095,5,1,512,0,426,15,1,6,1,1,-94,1,667,8084,139,0,0 '
Received from ('fd00::200:0:0:12', 8765, 0, 0): b' 2095,18,14,1280,0,469,7,4,5,1,1,-52,0,410,6667,124,0,0 '
Received from ('fd00::200:0:0:3', 8765, 0, 0): b' 2097,3,1,512,0,429,14,11,7,2,1,-64,10,5376,30989,139,0,0 '
Received from ('fd00::200:0:0:1', 5678, 0, 0): b' 2098,1,0,256,0,25,0,0,4,0,0,0,10,1115,13878,2710,0,0 '
Received from ('fd00::200:0:0:13', 8765, 0, 0): b' 2096,19,16,1280,0,455,5,3,7,1,1,-70,0,600,5607,127,0,0 '
Received from ('fd00::200:0:0:c', 8765, 0, 0): b' 2096,12,11,1024,10,479,12,11,7,1,3,-52,0,413,8813,135,0,0 '
Received from ('fd00::200:0:0:f', 8765, 0, 0): b' 2096,15,11,1024,10,430,7,12,7,1,2,-52,0,494,6934,103,0,0 '
Received from ('fd00::200:0:0:15', 8765, 0, 0): b' 2098,21,16,1280,0,427,5,3,5,1,1,-70,0,937,13259,131,0,0 '
Received from ('fd00::200:0:0:7', 8765, 0, 0): b' 2098,7,4,768,0,400,10,5,7,1,3,-70,0,335,5024,122,0,0 '
Received from ('fd00::200:0:0:a', 8765, 0, 0): b' 2098,10,11,1024,0,499,8,5,7,1,1,-52,0,549,6187,130,0,0 '
Received from ('fd00::200:0:0:8', 8765, 0, 0): b' 2100,8,3,768,20,475,11,8,7,1,2,-70,2,1162,14267,137,0,0 '
Received from ('fd00::200:0:0:b', 8765, 0, 0): b' 2101,11,3,768,20,418,10,11,7,1,1,-95,10,3534,24962,273,1,4 '
Received from ('fd00::200:0:0:2', 8765, 0, 0): b' 2100,2,1,512,0,482,15,1,6,1,1,-88,0,736,13930,140,0,0 '
Received from ('fd00::200:0:0:d', 8765, 0, 0): b' 2100,13,8,1024,10,476,10,3,7,1,2,-70,0,1064,13552,135,0,0 '
Received from ('fd00::200:0:0:e', 8765, 0, 0): b' 2099,14,11,1024,0,462,11,3,7,1,2,-70,1,660,9644,127,0,0 '
Received from ('fd00::200:0:0:4', 8765, 0, 0): b' 2102,4,1,512,0,423,14,3,7,1,1,-66,1,946,10738,139,0,0 '
Received from ('fd00::200:0:0:11', 8765, 0, 0): b' 2101,17,16,1280,0,472,5,4,7,1,1,-52,0,452,5611,132,0,0 '
Received from ('fd00::200:0:0:6', 8765, 0, 0): b' 2102,6,3,768,0,470,11,3,7,1,2,-70,0,693,7829,129,0,0 '
Received from ('fd00::200:0:0:9', 8765, 0, 0): b' 2101,9,5,768,0,440,11,4,7,1,2,-52,0,651,9768,126,0,0 '
Received from ('fd00::200:0:0:14', 8765, 0, 0): b' 2101,20,16,1280,0,443,7,8,7,1,2,-52,0,811,10193,108,0,0 '
Received from ('fd00::200:0:0:3', 8765, 0, 0): b' 2102,3,1,512,0,430,14,11,7,2,1,-64,10,3554,18071,139,0,0 '
Received from ('fd00::200:0:0:10', 8765, 0, 0): b' 2102,16,11,1024,0,423,10,11,7,1,2,-70,4,2346,22135,133,0,0 '
Received from ('fd00::200:0:0:12', 8765, 0, 0): b' 2102,18,14,1280,0,469,7,4,5,1,1,-52,0,335,6476,125,0,0 '
Received from ('fd00::200:0:0:f', 8765, 0, 0): b' 2102,15,11,1024,10,432,7,12,7,1,2,-52,0,469,6304,104,0,0 '
Received from ('fd00::200:0:0:5', 8765, 0, 0): b' 2103,5,1,512,0,427,15,1,6,1,1,-94,1,900,12702,139,0,0 '
Received from ('fd00::200:0:0:c', 8765, 0, 0): b' 2103,12,11,1024,10,481,12,11,7,1,3,-52,0,581,8600,135,0,0 '
Received from ('fd00::200:0:0:13', 8765, 0, 0): b' 2105,19,16,1280,10,459,5,3,7,1,1,-70,0,787,8946,128,0,0 '
Received from ('fd00::200:0:0:e', 8765, 0, 0): b' 2104,14,11,1024,10,462,11,3,7,1,2,-70,1,488,6239,127,0,0 '
Received from ('fd00::200:0:0:d', 8765, 0, 0): b' 2106,13,8,1024,10,477,10,3,7,1,2,-70,0,450,6443,135,0,0 '
Received from ('fd00::200:0:0:7', 8765, 0, 0): b' 2105,7,4,768,0,402,10,5,7,1,3,-70,0,491,6409,122,0,0 '
Received from ('fd00::200:0:0:6', 8765, 0, 0): b' 2107,6,3,768,0,471,11,3,7,1,2,-70,0,417,4763,130,0,0 '
Received from ('fd00::200:0:0:a', 8765, 0, 0): b' 2106,10,11,1024,0,502,8,5,7,1,1,-52,0,787,8014,130,0,0 '
Received from ('fd00::200:0:0:10', 8765, 0, 0): b' 2108,16,11,1024,0,424,10,11,7,1,2,-70,4,1316,14712,134,0,0 '
Received from ('fd00::200:0:0:c', 8765, 0, 0): b' 2108,12,11,1024,0,483,12,11,7,1,3,-52,0,497,6878,135,0,0 '
Received from ('fd00::200:0:0:1', 5678, 0, 0): b' 2109,1,0,256,0,25,0,0,4,0,0,0,10,3203,32772,2729,0,0 '
Received from ('fd00::200:0:0:9', 8765, 0, 0): b' 2108,9,5,768,20,442,11,4,7,1,2,-52,0,454,6917,126,0,0 '
Received from ('fd00::200:0:0:15', 8765, 0, 0): b' 2109,21,16,1280,0,430,5,3,5,1,1,-70,0,854,13987,132,0,0 '
Received from ('fd00::200:0:0:b', 8765, 0, 0): b' 2111,11,3,768,30,419,10,11,7,1,1,-95,10,4495,33004,276,1,4 '
Received from ('fd00::200:0:0:11', 8765, 0, 0): b' 2110,17,16,1280,0,475,5,4,7,1,1,-52,0,745,9333,132,0,0 '
Received from ('fd00::200:0:0:3', 8765, 0, 0): b' 2112,3,1,512,0,432,14,11,7,2,1,-64,10,4329,25146,140,0,0 '
Received from ('fd00::200:0:0:12', 8765, 0, 0): b' 2110,18,14,1280,0,474,7,4,5,1,1,-52,0,935,7818,125,0,0 '
Received from ('fd00::200:0:0:4', 8765, 0, 0): b' 2111,4,1,512,0,423,14,3,7,1,1,-66,1,930,15201,140,0,0 '
Received from ('fd00::200:0:0:14', 8765, 0, 0): b' 2110,20,16,1280,0,444,7,8,7,1,2,-52,0,532,8273,108,0,0 '
Received from ('fd00::200:0:0:8', 8765, 0, 0): b' 2112,8,3,768,0,478,11,8,7,1,2,-70,2,1583,18626,138,0,0 '
Received from ('fd00::200:0:0:13', 8765, 0, 0): b' 2111,19,16,1280,0,461,5,3,7,1,1,-70,0,494,5532,128,0,0 '
Received from ('fd00::200:0:0:2', 8765, 0, 0): b' 2113,2,1,512,0,488,15,1,6,1,1,-88,0,1164,15042,141,0,0 '
Received from ('fd00::200:0:0:f', 8765, 0, 0): b' 2111,15,11,1024,0,435,7,12,7,1,2,-52,0,831,8825,104,0,0 '
Received from ('fd00::200:0:0:6', 8765, 0, 0): b' 2113,6,3,768,0,472,11,3,7,1,2,-70,0,384,6155,130,0,0 '
Received from ('fd00::200:0:0:5', 8765, 0, 0): b' 2113,5,1,512,0,429,15,1,6,1,1,-94,1,935,13986,140,0,0 '
Received from ('fd00::200:0:0:1', 5678, 0, 0): b' 2114,1,0,256,0,25,0,0,4,0,0,0,10,1006,11108,2733,0,0 '
Received from ('fd00::200:0:0:b', 8765, 0, 0): b' 2115,11,3,768,40,420,10,11,7,1,1,-95,10,1897,13554,277,1,4 '
Received from ('fd00::200:0:0:7', 8765, 0, 0): b' 2113,7,4,768,0,405,10,5,7,1,3,-70,0,799,8887,123,0,0 '
Received from ('fd00::200:0:0:e', 8765, 0, 0): b' 2114,14,11,1024,0,466,11,3,7,1,2,-70,1,1461,13061,128,0,0 '
Received from ('fd00::200:0:0:c', 8765, 0, 0): b' 2115,12,11,1024,0,485,12,11,7,1,3,-52,0,552,8059,136,0,0 '
Received from ('fd00::200:0:0:d', 8765, 0, 0): b' 2116,13,8,1024,10,479,10,3,7,1,2,-70,0,695,12466,136,0,0 '
Received from ('fd00::200:0:0:10', 8765, 0, 0): b' 2116,16,11,1024,0,424,10,11,7,1,2,-70,4,1763,18831,134,0,0 '
Received from ('fd00::200:0:0:2', 8765, 0, 0): b' 2117,2,1,512,0,490,15,1,6,1,1,-88,0,470,5939,141,0,0 '
Received from ('fd00::200:0:0:f', 8765, 0, 0): b' 2118,15,11,1024,10,436,7,12,7,1,2,-52,0,336,5492,105,0,0 '
Received from ('fd00::200:0:0:11', 8765, 0, 0): b' 2117,17,16,1280,0,477,5,4,7,1,1,-52,0,550,6641,133,0,0 '
Received from ('fd00::200:0:0:8', 8765, 0, 0): b' 2118,8,3,768,10,481,11,8,7,1,2,-70,2,1153,10558,139,0,0 '
Received from ('fd00::200:0:0:a', 8765, 0, 0): b' 2117,10,11,1024,0,506,8,5,7,1,1,-52,0,908,10675,131,0,0 '
Received from ('fd00::200:0:0:3', 8765, 0, 0): b' 2119,3,1,512,0,433,14,11,7,2,1,-64,10,4670,24688,140,0,0 '
Received from ('fd00::200:0:0:9', 8765, 0, 0): b' 2119,9,5,768,0,442,11,4,7,1,2,-52,0,586,9234,127,0,0 '
Received from ('fd00::200:0:0:5', 8765, 0, 0): b' 2120,5,1,512,0,432,15,1,6,1,1,-94,1,1012,10112,140,0,0 '
Received from ('fd00::200:0:0:4', 8765, 0, 0): b' 2120,4,1,512,0,428,14,3,7,1,1,-66,1,1387,13374,141,0,0 '
Received from ('fd00::200:0:0:b', 8765, 0, 0): b' 2120,11,3,768,0,421,10,11,7,1,1,-95,10,2605,19248,279,1,4 '
Received from ('fd00::200:0:0:15', 8765, 0, 0): b' 2120,21,16,1280,0,433,5,3,5,1,1,-70,0,830,12971,133,0,0 '
Received from ('fd00::200:0:0:10', 8765, 0, 0): b' 2121,16,11,1024,0,426,10,11,7,1,2,-70,4,1570,14406,135,0,0 '
Received from ('fd00::200:0:0:12', 8765, 0, 0): b' 2121,18,14,1280,0,477,7,4,5,1,1,-52,0,704,9937,126,0,0 '
Received from ('fd00::200:0:0:13', 8765, 0, 0): b' 2122,19,16,1280,0,462,5,3,7,1,1,-70,0,611,10689,129,0,0 '
Received from ('fd00::200:0:0:14', 8765, 0, 0): b' 2121,20,16,1280,10,447,7,8,7,1,2,-52,0,801,10988,109,0,0 '
Received from ('fd00::200:0:0:e', 8765, 0, 0): b' 2124,14,11,1024,0,467,11,3,7,1,2,-70,1,852,11608,129,0,0 '
Received from ('fd00::200:0:0:2', 8765, 0, 0): b' 2124,2,1,512,0,491,15,1,6,1,1,-88,0,556,7850,142,0,0 '
Received from ('fd00::200:0:0:c', 8765, 0, 0): b' 2123,12,11,1024,0,488,12,11,7,1,3,-52,0,846,10994,136,0,0 '
Received from ('fd00::200:0:0:7', 8765, 0, 0): b' 2123,7,4,768,0,406,10,5,7,1,3,-70,0,505,8662,123,0,0 '
Received from ('fd00::200:0:0:d', 8765, 0, 0): b' 2124,13,8,1024,0,483,10,3,7,1,2,-70,0,953,10478,136,0,0 '
Received from ('fd00::200:0:0:1', 5678, 0, 0): b' 2125,1,0,256,0,25,0,0,4,0,0,0,10,3290,31035,2752,0,0 '
Received from ('fd00::200:0:0:11', 8765, 0, 0): b' 2125,17,16,1280,0,478,5,4,7,1,1,-52,0,507,7216,133,0,0 '
Received from ('fd00::200:0:0:6', 8765, 0, 0): b' 2125,6,3,768,0,477,11,3,7,1,2,-70,0,1134,11653,131,0,0 '
Received from ('fd00::200:0:0:9', 8765, 0, 0): b' 2125,9,5,768,0,445,11,4,7,1,2,-52,0,622,6249,127,0,0 '
Received from ('fd00::200:0:0:4', 8765, 0, 0): b' 2125,4,1,512,0,429,14,3,7,1,1,-66,1,644,8148,141,0,0 '
Received from ('fd00::200:0:0:f', 8765, 0, 0): b' 2126,15,11,1024,0,439,7,12,7,1,2,-52,0,831,8337,105,0,0 '
Received from ('fd00::200:0:0:8', 8765, 0, 0): b' 2126,8,3,768,0,483,11,8,7,1,2,-70,2,1013,13283,139,0,0 '
Received from ('fd00::200:0:0:a', 8765, 0, 0): b' 2125,10,11,1024,0,509,8,5,7,1,1,-52,0,705,8299,132,0,0 '
Received from ('fd00::200:0:0:10', 8765, 0, 0): b' 2127,16,11,1024,10,431,10,11,7,1,2,-70,4,1602,14217,135,0,0 '
Received from ('fd00::200:0:0:13', 8765, 0, 0): b' 2126,19,16,1280,0,463,5,3,7,1,1,-70,0,433,4123,129,0,0 '
Received from ('fd00::200:0:0:9', 8765, 0, 0): b' 2129,9,5,768,0,446,11,4,7,1,2,-52,0,360,4061,127,0,0 '
Received from ('fd00::200:0:0:1', 5678, 0, 0): b' 2129,1,0,256,0,25,0,0,4,0,0,0,10,921,11741,2759,0,0 '
Received from ('fd00::200:0:0:15', 8765, 0, 0): b' 2129,21,16,1280,0,433,5,3,5,1,1,-70,0,425,9715,133,0,0 '
Received from ('fd00::200:0:0:2', 8765, 0, 0): b' 2130,2,1,512,0,492,15,1,6,1,1,-88,0,384,6868,142,0,0 '
Received from ('fd00::200:0:0:3', 8765, 0, 0): b' 2131,3,1,512,0,436,14,11,7,2,1,-64,10,5696,33694,141,0,0 '
Received from ('fd00::200:0:0:14', 8765, 0, 0): b' 2130,20,16,1280,0,449,7,8,7,1,2,-52,0,739,7811,110,0,0 '
Received from ('fd00::200:0:0:b', 8765, 0, 0): b' 2130,11,3,768,10,422,10,11,7,1,1,-95,10,4998,34353,281,1,4 '
Received from ('fd00::200:0:0:5', 8765, 0, 0): b' 2132,5,1,512,0,438,15,1,6,1,1,-94,1,1738,19103,141,0,0 '
Received from ('fd00::200:0:0:7', 8765, 0, 0): b' 2130,7,4,768,10,408,10,5,7,1,3,-70,0,547,6618,124,0,0 '
Received from ('fd00::200:0:0:c', 8765, 0, 0): b' 2129,12,11,1024,0,490,12,11,7,1,3,-52,0,581,8184,137,0,0 '
Received from ('fd00::200:0:0:13', 8765, 0, 0): b' 2132,19,16,1280,0,463,5,3,7,1,1,-70,0,255,4432,129,0,0 '
Received from ('fd00::200:0:0:6', 8765, 0, 0): b' 2132,6,3,768,0,478,11,3,7,1,2,-70,0,410,6746,131,0,0 '
Received from ('fd00::200:0:0:12', 8765, 0, 0): b' 2132,18,14,1280,0,479,7,4,5,1,1,-52,0,760,10022,127,0,0 '
Received from ('fd00::200:0:0:4', 8765, 0, 0): b' 2133,4,1,512,0,431,14,3,7,1,1,-66,1,991,13160,142,0,0 '
Received from ('fd00::200:0:0:11', 8765, 0, 0): b' 2133,17,16,1280,0,479,5,4,7,1,1,-52,0,563,8000,134,0,0 '
Received from ('fd00::200:0:0:d', 8765, 0, 0): b' 2135,13,8,1024,0,485,10,3,7,1,2,-70,0,723,12878,137,0,0 '
Received from ('fd00::200:0:0:a', 8765, 0, 0): b' 2133,10,11,1024,10,512,8,5,7,1,1,-52,0,697,7722,132,0,0 '
Received from ('fd00::200:0:0:f', 8765, 0, 0): b' 2135,15,11,1024,0,442,7,12,7,1,2,-52,0,705,9299,106,0,0 '
Received from ('fd00::200:0:0:e', 8765, 0, 0): b' 2136,14,11,1024,0,472,11,3,7,1,2,-70,1,1522,15748,129,0,0 '
Received from ('fd00::200:0:0:8', 8765, 0, 0): b' 2136,8,3,768,0,484,11,8,7,1,2,-70,2,1098,16035,140,0,0 '
Received from ('fd00::200:0:0:10', 8765, 0, 0): b' 2136,16,11,1024,0,434,10,11,7,1,2,-70,4,2649,25289,136,0,0 '
Received from ('fd00::200:0:0:5', 8765, 0, 0): b' 2138,5,1,512,0,442,15,1,6,1,1,-94,1,932,9702,141,0,0 '
Received from ('fd00::200:0:0:14', 8765, 0, 0): b' 2138,20,16,1280,0,449,7,8,7,1,2,-52,0,303,6633,110,0,0 '
Received from ('fd00::200:0:0:1', 5678, 0, 0): b' 2138,1,0,256,0,25,0,0,4,0,0,0,10,2443,24436,2772,0,0 '
Received from ('fd00::200:0:0:3', 8765, 0, 0): b' 2139,3,1,512,0,439,14,11,7,2,1,-64,10,4638,25919,142,0,0 '
Received from ('fd00::200:0:0:11', 8765, 0, 0): b' 2138,17,16,1280,0,480,5,4,7,1,1,-52,0,265,4189,134,0,0 '
Received from ('fd00::200:0:0:b', 8765, 0, 0): b' 2139,11,3,768,40,428,10,11,7,1,1,-95,10,4328,30235,283,1,4 '
Received from ('fd00::200:0:0:12', 8765, 0, 0): b' 2140,18,14,1280,0,479,7,4,5,1,1,-52,0,401,7279,127,0,0 '
Received from ('fd00::200:0:0:9', 8765, 0, 0): b' 2140,9,5,768,0,450,11,4,7,1,2,-52,0,906,10377,128,0,0 '
Received from ('fd00::200:0:0:2', 8765, 0, 0): b' 2140,2,1,512,0,496,15,1,6,1,1,-88,0,822,12471,143,0,0 '
Received from ('fd00::200:0:0:15', 8765, 0, 0): b' 2139,21,16,1280,0,436,5,3,5,1,1,-70,0,1040,13599,134,0,0 '
Received from ('fd00::200:0:0:e', 8765, 0, 0): b' 2141,14,11,1024,0,473,11,3,7,1,2,-70,1,654,6330,130,0,0 '
Received from ('fd00::200:0:0:7', 8765, 0, 0): b' 2141,7,4,768,0,412,10,5,7,1,3,-70,0,931,11053,125,0,0 '
Received from ('fd00::200:0:0:13', 8765, 0, 0): b' 2140,19,16,1280,0,466,5,3,7,1,1,-70,0,801,9154,130,0,0 '
Received from ('fd00::200:0:0:8', 8765, 0, 0): b' 2141,8,3,768,0,485,11,8,7,1,2,-70,2,502,7724,140,0,0 '
Received from ('fd00::200:0:0:a', 8765, 0, 0): b' 2141,10,11,1024,0,512,8,5,7,1,1,-52,0,430,7530,133,0,0 '
Received from ('fd00::200:0:0:6', 8765, 0, 0): b' 2142,6,3,768,0,481,11,3,7,1,2,-70,0,799,9966,132,0,0 '
Received from ('fd00::200:0:0:4', 8765, 0, 0): b' 2142,4,1,512,10,432,14,3,7,1,1,-66,1,827,13378,142,0,0 '
Received from ('fd00::200:0:0:c', 8765, 0, 0): b' 2141,12,11,1024,0,494,12,11,7,1,3,-52,0,879,14417,137,0,0 '
Received from ('fd00::200:0:0:5', 8765, 0, 0): b' 2145,5,1,512,0,445,15,1,6,1,1,-94,1,979,11161,142,0,0 '
Received from ('fd00::200:0:0:d', 8765, 0, 0): b' 2144,13,8,1024,0,490,10,4,7,1,2,-70,0,891,11814,137,0,0 '
Received from ('fd00::200:0:0:3', 8765, 0, 0): b' 2145,3,1,512,0,439,14,11,7,2,1,-64,10,3079,18079,142,0,0 '
Received from ('fd00::200:0:0:f', 8765, 0, 0): b' 2143,15,11,1024,0,446,7,12,7,1,2,-52,0,885,9453,107,0,0 '
Received from ('fd00::200:0:0:14', 8765, 0, 0): b' 2145,20,16,1280,0,454,7,8,7,1,2,-52,0,895,8052,111,0,0 '
Received from ('fd00::200:0:0:13', 8765, 0, 0): b' 2145,19,16,1280,0,468,5,3,7,1,1,-70,0,493,5534,130,0,0 '
Received from ('fd00::200:0:0:1', 5678, 0, 0): b' 2146,1,0,256,0,25,0,0,4,0,0,0,10,2127,22090,2784,0,0 '
Received from ('fd00::200:0:0:b', 8765, 0, 0): b' 2147,11,3,768,0,429,10,11,7,1,1,-95,10,3247,23739,284,1,4 '
Received from ('fd00::200:0:0:10', 8765, 0, 0): b' 2146,16,11,1024,10,437,10,11,7,1,2,-70,4,2975,28685,136,0,0 '
Received from ('fd00::200:0:0:8', 8765, 0, 0): b' 2147,8,3,768,0,488,11,8,7,1,2,-70,2,1218,10362,141,0,0 '
Received from ('fd00::200:0:0:11', 8765, 0, 0): b' 2148,17,16,1280,0,483,5,4,7,1,1,-52,0,801,9638,135,0,0 '
Received from ('fd00::200:0:0:6', 8765, 0, 0): b' 2149,6,3,768,0,483,11,3,7,1,2,-70,0,491,7022,132,0,0 '
Received from ('fd00::200:0:0:15', 8765, 0, 0): b' 2149,21,16,1280,0,436,5,3,5,1,1,-70,0,511,11749,135,0,0 '
Received from ('fd00::200:0:0:9', 8765, 0, 0): b' 2150,9,5,768,0,454,11,4,7,1,2,-52,0,901,9709,129,0,0 '
Received from ('fd00::200:0:0:a', 8765, 0, 0): b' 2150,10,11,1024,0,513,8,5,7,1,1,-52,0,507,7541,133,0,0 '
Received from ('fd00::200:0:0:14', 8765, 0, 0): b' 2150,20,16,1280,0,456,7,8,7,1,2,-52,0,469,4829,111,0,0 '
Received from ('fd00::200:0:0:3', 8765, 0, 0): b' 2150,3,1,512,0,441,14,11,7,2,1,-64,10,3448,18771,143,0,0 '
Received from ('fd00::200:0:0:2', 8765, 0, 0): b' 2151,2,1,512,0,500,15,1,6,1,1,-88,0,1047,13687,144,0,0 '
Received from ('fd00::200:0:0:12', 8765, 0, 0): b' 2150,18,14,1280,0,482,7,4,5,1,1,-52,0,825,10611,128,0,0 '
Received from ('fd00::200:0:0:7', 8765, 0, 0): b' 2151,7,4,768,0,415,10,5,7,1,3,-70,0,744,9634,125,0,0 '
Received from ('fd00::200:0:0:f', 8765, 0, 0): b' 2150,15,11,1024,0,451,7,12,7,1,2,-52,0,839,7350,107,0,0 '
Received from ('fd00::200:0:0:e', 8765, 0, 0): b' 2151,14,11,1024,0,475,11,3,7,1,2,-70,1,1130,14419,130,0,0 '
Received from ('fd00::200:0:0:d', 8765, 0, 0): b' 2152,13,8,1024,0,492,10,4,7,1,2,-70,0,693,9800,138,0,0 '
Received from ('fd00::200:0:0:c', 8765, 0, 0): b' 2152,12,11,1024,0,498,12,11,7,1,3,-52,0,940,12520,138,0,0 '
Received from ('fd00::200:0:0:10', 8765, 0, 0): b' 2151,16,11,1024,10,438,10,11,7,1,2,-70,4,1392,12787,137,0,0 '
Received from ('fd00::200:0:0:8', 8765, 0, 0): b' 2153,8,3,768,0,488,11,8,7,1,2,-70,2,414,8567,141,0,0 '
Received from ('fd00::200:0:0:4', 8765, 0, 0): b' 2153,4,1,512,0,436,14,3,7,1,1,-66,1,1456,18190,143,0,0 '
Received from ('fd00::200:0:0:5', 8765, 0, 0): b' 2155,5,1,512,10,447,15,1,6,1,1,-94,1,1274,17624,143,0,0 '
Received from ('fd00::200:0:0:7', 8765, 0, 0): b' 2155,7,4,768,0,417,10,5,7,1,3,-70,0,420,4683,126,0,0 '
Received from ('fd00::200:0:0:9', 8765, 0, 0): b' 2155,9,5,768,10,456,11,4,7,1,2,-52,0,467,5304,129,0,0 '
Received from ('fd00::200:0:0:1', 5678, 0, 0): b' 2156,1,0,256,0,25,0,0,4,0,0,0,10,2415,26050,2798,0,0 '
Received from ('fd00::200:0:0:13', 8765, 0, 0): b' 2155,19,16,1280,0,470,5,3,7,1,1,-70,0,694,10020,131,0,0 '
Received from ('fd00::200:0:0:6', 8765, 0, 0): b' 2156,6,3,768,0,486,11,3,7,1,2,-70,0,744,7385,133,0,0 '
Received from ('fd00::200:0:0:3', 8765, 0, 0): b' 2156,3,1,512,0,443,14,11,7,2,1,-64,10,2894,17590,143,0,0 '
Received from ('fd00::200:0:0:a', 8765, 0, 0): b' 2156,10,11,1024,10,514,8,5,7,1,1,-52,0,442,6175,134,0,0 '
Received from ('fd00::200:0:0:2', 8765, 0, 0): b' 2157,2,1,512,0,501,15,1,6,1,1,-88,0,386,7787,144,0,0 '
Received from ('fd00::200:0:0:4', 8765, 0, 0): b' 2157,4,1,512,0,436,14,3,7,1,1,-66,1,571,6566,143,0,0 '
Received from ('fd00::200:0:0:b', 8765, 0, 0): b' 2157,11,3,768,20,431,10,11,7,1,1,-95,10,4499,33941,287,1,4 '
Received from ('fd00::200:0:0:14', 8765, 0, 0): b' 2156,20,16,1280,0,457,7,8,7,1,2,-52,0,507,7086,111,0,0 '
Received from ('fd00::200:0:0:f', 8765, 0, 0): b' 2157,15,11,1024,0,452,7,12,7,1,2,-52,0,484,5865,107,0,0 '
Received from ('fd00::200:0:0:8', 8765, 0, 0): b' 2159,8,3,768,0,488,11,8,7,1,2,-70,2,486,8650,141,0,0 '
Received from ('fd00::200:0:0:11', 8765, 0, 0): b' 2158,17,16,1280,0,486,5,4,7,1,1,-52,0,638,9201,135,0,0 '
Received from ('fd00::200:0:0:5', 8765, 0, 0): b' 2159,5,1,512,0,447,15,1,6,1,1,-94,1,459,6253,143,0,0 '
Received from ('fd00::200:0:0:d', 8765, 0, 0): b' 2160,13,8,1024,10,493,10,4,7,1,2,-70,0,442,9089,139,0,0 '
Received from ('fd00::200:0:0:12', 8765, 0, 0): b' 2157,18,14,1280,10,484,7,4,5,1,1,-52,0,518,7436,129,0,0 '
Received from ('fd00::200:0:0:c', 8765, 0, 0): b' 2159,12,11,1024,0,499,12,11,7,1,3,-52,0,446,8571,139,0,0 '
Received from ('fd00::200:0:0:3', 8765, 0, 0): b' 2161,3,1,512,10,446,14,11,7,2,1,-64,10,2986,14812,143,0,0 '
Received from ('fd00::200:0:0:2', 8765, 0, 0): b' 2161,2,1,512,0,501,15,1,6,1,1,-88,0,253,5075,144,0,0 '
Received from ('fd00::200:0:0:1', 5678, 0, 0): b' 2162,1,0,256,0,25,0,0,4,0,0,0,10,1622,16296,2808,0,0 '
Received from ('fd00::200:0:0:15', 8765, 0, 0): b' 2159,21,16,1280,10,439,5,3,5,1,1,-70,0,746,13044,135,0,0 '
Received from ('fd00::200:0:0:13', 8765, 0, 0): b' 2160,19,16,1280,0,470,5,3,7,1,1,-70,0,183,4963,131,0,0 '
Received from ('fd00::200:0:0:7', 8765, 0, 0): b' 2163,7,4,768,0,418,10,5,7,1,3,-70,0,505,7257,126,0,0 '
Received from ('fd00::200:0:0:b', 8765, 0, 0): b' 2163,11,3,768,40,432,10,11,7,1,1,-95,10,2950,20592,288,1,4 '
Received from ('fd00::200:0:0:8', 8765, 0, 0): b' 2163,8,3,768,10,489,11,8,7,1,2,-70,2,681,7486,142,0,0 '
Received from ('fd00::200:0:0:f', 8765, 0, 0): b' 2161,15,11,1024,10,454,7,12,7,1,2,-52,0,322,4205,108,0,0 '
Received from ('fd00::200:0:0:e', 8765, 0, 0): b' 2162,14,11,1024,0,480,11,3,7,1,2,-70,1,1485,14075,131,0,0 '
Received from ('fd00::200:0:0:4', 8765, 0, 0): b' 2164,4,1,512,0,440,14,3,7,1,1,-66,1,1038,11420,144,0,0 '
Received from ('fd00::200:0:0:10', 8765, 0, 0): b' 2162,16,11,1024,0,439,10,11,7,1,2,-70,4,2537,27248,137,0,0 '
Received from ('fd00::200:0:0:12', 8765, 0, 0): b' 2162,18,14,1280,0,484,7,4,5,1,1,-52,0,312,4114,129,0,0 '
Received from ('fd00::200:0:0:a', 8765, 0, 0): b' 2165,10,11,1024,0,517,8,5,7,1,1,-52,0,746,8828,134,0,0 '
Received from ('fd00::200:0:0:9', 8765, 0, 0): b' 2166,9,5,768,0,459,11,4,7,1,2,-52,0,824,10817,130,0,0 '
Received from ('fd00::200:0:0:3', 8765, 0, 0): b' 2166,3,1,512,0,447,14,11,7,2,1,-64,10,2924,16353,144,0,0 '
Received from ('fd00::200:0:0:6', 8765, 0, 0): b' 2167,6,3,768,0,488,11,3,7,1,2,-70,0,636,10337,133,0,0 '
Received from ('fd00::200:0:0:b', 8765, 0, 0): b' 2167,11,3,768,0,432,10,11,7,1,1,-95,10,1917,13546,290,1,4 '
Received from ('fd00::200:0:0:14', 8765, 0, 0): b' 2167,20,16,1280,0,462,7,8,7,1,2,-52,0,1015,10618,112,0,0 '
Received from ('fd00::200:0:0:d', 8765, 0, 0): b' 2168,13,8,1024,0,494,10,4,7,1,2,-70,0,560,9695,139,0,0 '
Received from ('fd00::200:0:0:13', 8765, 0, 0): b' 2167,19,16,1280,0,471,5,3,7,1,1,-70,0,539,6456,132,0,0 '
Received from ('fd00::200:0:0:4', 8765, 0, 0): b' 2169,4,1,512,0,441,14,3,7,1,1,-66,1,527,7150,144,0,0 '
Received from ('fd00::200:0:0:11', 8765, 0, 0): b' 2169,17,16,1280,0,488,5,4,7,1,1,-52,0,718,11047,136,0,0 '
Received from ('fd00::200:0:0:c', 8765, 0, 0): b' 2170,12,11,1024,20,502,12,11,7,1,3,-52,0,669,12617,139,0,0 '
Received from ('fd00::200:0:0:8', 8765, 0, 0): b' 2170,8,3,768,10,490,11,8,7,1,2,-70,2,821,9914,142,0,0 '
Received from ('fd00::200:0:0:10', 8765, 0, 0): b' 2170,16,11,1024,0,441,10,11,7,1,2,-70,4,1936,20293,138,0,0 '
Received from ('fd00::200:0:0:5', 8765, 0, 0): b' 2171,5,1,512,0,451,15,1,6,1,1,-94,1,1399,16981,144,0,0 '
Received from ('fd00::200:0:0:15', 8765, 0, 0): b' 2170,21,16,1280,0,442,5,3,5,1,1,-70,0,759,12722,136,0,0 '
Received from ('fd00::200:0:0:1', 5678, 0, 0): b' 2171,1,0,256,0,25,0,0,4,0,0,0,10,2758,27078,2822,0,0 '
Received from ('fd00::200:0:0:f', 8765, 0, 0): b' 2171,15,11,1024,0,456,7,12,7,1,2,-52,0,748,9718,108,0,0 '
Received from ('fd00::200:0:0:2', 8765, 0, 0): b' 2173,2,1,512,0,504,15,1,6,1,1,-88,0,842,13907,145,0,0 '
Received from ('fd00::200:0:0:e', 8765, 0, 0): b' 2173,14,11,1024,10,483,11,3,7,1,2,-70,1,1229,14274,132,0,0 '
Received from ('fd00::200:0:0:7', 8765, 0, 0): b' 2173,7,4,768,0,423,10,5,7,1,3,-70,0,1013,10797,127,0,0 '
Received from ('fd00::200:0:0:12', 8765, 0, 0): b' 2172,18,14,1280,10,487,7,4,5,1,1,-52,0,638,9620,129,0,0 '
Received from ('fd00::200:0:0:9', 8765, 0, 0): b' 2173,9,5,768,0,461,11,4,7,1,2,-52,0,516,7581,130,0,0 '
Received from ('fd00::200:0:0:6', 8765, 0, 0): b' 2175,6,3,768,0,489,11,3,7,1,2,-70,0,562,7710,134,0,0 '
Received from ('fd00::200:0:0:b', 8765, 0, 0): b' 2175,11,3,768,20,432,10,11,7,1,1,-95,10,3435,25965,292,1,4 '
Received from ('fd00::200:0:0:13', 8765, 0, 0): b' 2174,19,16,1280,0,473,5,3,7,1,1,-70,0,517,7011,132,0,0 '
Received from ('fd00::200:0:0:d', 8765, 0, 0): b' 2176,13,8,1024,0,495,10,4,7,1,2,-70,0,466,9847,140,0,0 '
Received from ('fd00::200:0:0:3', 8765, 0, 0): b' 2177,3,1,512,0,449,14,11,7,2,1,-64,10,5342,30231,145,0,0 '
Received from ('fd00::200:0:0:a', 8765, 0, 0): b' 2177,10,11,1024,0,521,8,5,7,1,1,-52,0,932,11360,135,0,0 '
Received from ('fd00::200:0:0:8', 8765, 0, 0): b' 2177,8,3,768,0,492,11,8,7,1,2,-70,2,954,11261,142,0,0 '
Received from ('fd00::200:0:0:f', 8765, 0, 0): b' 2176,15,11,1024,0,458,7,12,7,1,2,-52,0,550,5399,109,0,0 '
Received from ('fd00::200:0:0:15', 8765, 0, 0): b' 2175,21,16,1280,0,443,5,3,5,1,1,-70,0,387,6603,136,0,0 '
Received from ('fd00::200:0:0:14', 8765, 0, 0): b' 2176,20,16,1280,0,464,7,8,7,1,2,-52,0,600,8620,113,0,0 '
Received from ('fd00::200:0:0:4', 8765, 0, 0): b' 2178,4,1,512,0,444,14,3,7,1,1,-66,1,1251,14966,145,0,0 '
Received from ('fd00::200:0:0:11', 8765, 0, 0): b' 2177,17,16,1280,10,493,5,4,7,1,1,-52,0,885,8096,137,0,0 '
Received from ('fd00::200:0:0:12', 8765, 0, 0): b' 2177,18,14,1280,0,488,7,4,5,1,1,-52,0,550,5326,130,0,0 '
Received from ('fd00::200:0:0:8', 8765, 0, 0): b' 2180,8,3,768,0,493,11,8,7,1,2,-70,2,404,6462,143,0,0 '
Received from ('fd00::200:0:0:10', 8765, 0, 0): b' 2179,16,11,1024,20,444,10,11,7,1,2,-70,4,2786,25643,139,0,0 '
Received from ('fd00::200:0:0:c', 8765, 0, 0): b' 2180,12,11,1024,0,506,12,11,7,1,3,-52,0,1072,13695,140,0,0 '
Received from ('fd00::200:0:0:5', 8765, 0, 0): b' 2181,5,1,512,0,454,15,1,6,1,1,-94,1,1228,17213,144,0,0 '
Received from ('fd00::200:0:0:7', 8765, 0, 0): b' 2181,7,4,768,0,425,10,5,7,1,3,-70,0,517,7278,127,0,0 '
Received from ('fd00::200:0:0:e', 8765, 0, 0): b' 2180,14,11,1024,0,485,11,3,7,1,2,-70,1,1028,9517,132,0,0 '
Received from ('fd00::200:0:0:1', 5678, 0, 0): b' 2182,1,0,256,0,25,0,0,4,0,0,0,10,2864,29989,2839,0,0 '
Received from ('fd00::200:0:0:b', 8765, 0, 0): b' 2182,11,3,768,40,434,10,11,7,1,1,-95,10,3578,24841,294,1,4 '
Received from ('fd00::200:0:0:2', 8765, 0, 0): b' 2182,2,1,512,0,505,15,1,6,1,1,-88,0,605,11661,146,0,0 '
Received from ('fd00::200:0:0:13', 8765, 0, 0): b' 2180,19,16,1280,0,477,5,3,7,1,1,-70,0,733,5633,133,0,0 '
Received from ('fd00::200:0:0:11', 8765, 0, 0): b' 2182,17,16,1280,0,494,5,4,7,1,1,-52,0,373,4512,137,0,0 '
Received from ('fd00::200:0:0:9', 8765, 0, 0): b' 2182,9,5,768,10,463,11,4,7,1,2,-52,0,668,8489,131,0,0 '
Received from ('fd00::200:0:0:4', 8765, 0, 0): b' 2184,4,1,512,0,446,14,3,7,1,1,-66,1,831,10241,145,0,0 '
Received from ('fd00::200:0:0:f', 8765, 0, 0): b' 2183,15,11,1024,0,459,7,12,7,1,2,-52,0,387,6239,109,0,0 '
Received from ('fd00::200:0:0:14', 8765, 0, 0): b' 2184,20,16,1280,10,466,7,8,7,1,2,-52,0,590,7130,113,0,0 '
Received from ('fd00::200:0:0:13', 8765, 0, 0): b' 2184,19,16,1280,0,479,5,3,7,1,1,-70,0,493,4902,133,0,0 '
Received from ('fd00::200:0:0:a', 8765, 0, 0): b' 2185,10,11,1024,0,523,8,5,7,1,1,-52,0,574,8481,136,0,0 '
Received from ('fd00::200:0:0:8', 8765, 0, 0): b' 2185,8,3,768,20,495,11,8,7,1,2,-70,2,636,7930,143,0,0 '
Received from ('fd00::200:0:0:6', 8765, 0, 0): b' 2185,6,3,768,0,491,11,3,7,1,2,-70,0,716,10506,135,0,0 '
Received from ('fd00::200:0:0:5', 8765, 0, 0): b' 2185,5,1,512,10,455,15,1,6,1,1,-94,1,571,7027,145,0,0 '
Received from ('fd00::200:0:0:d', 8765, 0, 0): b' 2186,13,8,1024,0,497,10,4,7,1,2,-70,0,666,11237,140,0,0 '
Received from ('fd00::200:0:0:10', 8765, 0, 0): b' 2185,16,11,1024,0,445,10,11,7,1,2,-70,4,1668,15606,139,0,0 '
Received from ('fd00::200:0:0:3', 8765, 0, 0): b' 2186,3,1,512,0,452,14,11,7,2,1,-64,10,5882,32441,145,0,0 '
Received from ('fd00::200:0:0:2', 8765, 0, 0): b' 2187,2,1,512,0,505,15,1,6,1,1,-88,0,254,5898,146,0,0 '
Received from ('fd00::200:0:0:12', 8765, 0, 0): b' 2187,18,14,1280,0,490,7,4,5,1,1,-52,0,614,8713,130,0,0 '
Received from ('fd00::200:0:0:7', 8765, 0, 0): b' 2188,7,4,768,0,426,10,5,7,1,3,-70,0,440,6842,128,0,0 '
Received from ('fd00::200:0:0:15', 8765, 0, 0): b' 2187,21,16,1280,0,449,5,3,5,1,1,-70,0,1150,14507,137,0,0 '
Received from ('fd00::200:0:0:c', 8765, 0, 0): b' 2188,12,11,1024,0,512,12,11,7,1,3,-52,0,1000,11095,141,0,0 '
Received from ('fd00::200:0:0:9', 8765, 0, 0): b' 2189,9,5,768,0,465,11,4,7,1,2,-52,0,572,6809,132,0,0 '
Received from ('fd00::200:0:0:4', 8765, 0, 0): b' 2190,4,1,512,0,446,14,3,7,1,1,-66,1,541,8607,145,0,0 '
Received from ('fd00::200:0:0:e', 8765, 0, 0): b' 2189,14,11,1024,0,488,11,3,7,1,2,-70,1,1185,11740,133,0,0 '
Received from ('fd00::200:0:0:1', 5678, 0, 0): b' 2192,1,0,256,0,25,0,0,4,0,0,0,10,2416,25153,2855,0,0 '
Received from ('fd00::200:0:0:10', 8765, 0, 0): b' 2190,16,11,1024,10,449,10,11,7,1,2,-70,4,1567,13546,139,0,0 '
Received from ('fd00::200:0:0:11', 8765, 0, 0): b' 2190,17,16,1280,0,495,5,4,7,1,1,-52,0,587,8420,138,0,0 '
Received from ('fd00::200:0:0:a', 8765, 0, 0): b' 2190,10,11,1024,0,525,8,5,7,1,1,-52,0,493,5841,136,0,0 '
Received from ('fd00::200:0:0:b', 8765, 0, 0): b' 2192,11,3,768,30,437,10,11,7,1,1,-95,10,5112,36072,296,1,4 '
Received from ('fd00::200:0:0:8', 8765, 0, 0): b' 2192,8,3,768,0,499,11,8,7,1,2,-70,2,1406,12946,144,0,0 '
Received from ('fd00::200:0:0:2', 8765, 0, 0): b' 2194,2,1,512,0,506,15,1,6,1,1,-88,0,384,7243,146,0,0 '
Received from ('fd00::200:0:0:f', 8765, 0, 0): b' 2191,15,11,1024,0,460,7,12,7,1,2,-52,0,564,8195,110,0,0 '
Received from ('fd00::200:0:0:d', 8765, 0, 0): b' 2193,13,8,1024,10,501,10,4,7,1,2,-70,0,792,10124,141,0,0 '
Received from ('fd00::200:0:0:5', 8765, 0, 0): b' 2195,5,1,512,0,456,15,1,6,1,1,-94,1,957,13132,145,0,0 '
Received from ('fd00::200:0:0:14', 8765, 0, 0): b' 2192,20,16,1280,0,469,7,8,7,1,2,-52,0,699,8091,114,0,0 '
Received from ('fd00::200:0:0:12', 8765, 0, 0): b' 2193,18,14,1280,0,492,7,4,5,1,1,-52,0,573,6736,131,0,0 '
Received from ('fd00::200:0:0:c', 8765, 0, 0): b' 2193,12,11,1024,0,513,12,11,7,1,3,-52,0,419,6593,141,0,0 '
Received from ('fd00::200:0:0:13', 8765, 0, 0): b' 2194,19,16,1280,0,482,5,3,7,1,1,-70,0,721,8882,133,0,0 '
Received from ('fd00::200:0:0:15', 8765, 0, 0): b' 2194,21,16,1280,0,451,5,3,5,1,1,-70,0,673,8845,138,0,0 '
Received from ('fd00::200:0:0:9', 8765, 0, 0): b' 2196,9,5,768,0,468,11,4,7,1,2,-52,0,598,6764,132,0,0 '
Received from ('fd00::200:0:0:7', 8765, 0, 0): b' 2196,7,4,768,0,429,10,5,7,1,3,-70,0,719,7896,128,0,0 '
Received from ('fd00::200:0:0:1', 5678, 0, 0): b' 2197,1,0,256,0,25,0,0,4,0,0,0,10,1509,15571,2860,0,0 '
Received from ('fd00::200:0:0:6', 8765, 0, 0): b' 2197,6,3,768,0,494,11,3,7,1,2,-70,0,768,11079,135,0,0 '
Received from ('fd00::200:0:0:4', 8765, 0, 0): b' 2198,4,1,512,0,451,14,3,7,1,1,-66,1,1282,12762,146,0,0 '
Received from ('fd00::200:0:0:d', 8765, 0, 0): b' 2197,13,8,1024,0,501,10,4,7,1,2,-70,0,282,5621,141,0,0 '
Received from ('fd00::200:0:0:3', 8765, 0, 0): b' 2199,3,1,512,10,456,14,11,7,2,1,-64,10,6565,36595,146,0,0 '
Received from ('fd00::200:0:0:b', 8765, 0, 0): b' 2198,11,3,768,50,440,10,11,7,1,1,-95,10,2810,18705,298,1,4 '
Received from ('fd00::200:0:0:11', 8765, 0, 0): b' 2198,17,16,1280,0,498,5,4,7,1,1,-52,0,600,7026,138,0,0 '
Received from ('fd00::200:0:0:e', 8765, 0, 0): b' 2198,14,11,1024,0,490,11,3,7,1,2,-70,1,1046,11611,134,0,0 '
Received from ('fd00::200:0:0:14', 8765, 0, 0): b' 2197,20,16,1280,10,470,7,8,7,1,2,-52,0,362,5261,114,0,0 '
Received from ('fd00::200:0:0:a', 8765, 0, 0): b' 2200,10,11,1024,0,526,8,5,7,1,1,-52,0,587,8882,137,0,0 '
Received from ('fd00::200:0:0:13', 8765, 0, 0): b' 2200,19,16,1280,10,485,5,3,7,1,1,-70,0,656,6049,134,0,0 '
Received from ('fd00::200:0:0:10', 8765, 0, 0): b' 2201,16,11,1024,0,453,10,11,7,1,2,-70,4,3149,28489,140,0,0 '
Received from ('fd00::200:0:0:8', 8765, 0, 0): b' 2203,8,3,768,0,502,11,8,7,1,2,-70,2,1114,14629,144,0,0 '
Received from ('fd00::200:0:0:2', 8765, 0, 0): b' 2203,2,1,512,10,508,15,1,6,1,1,-88,0,614,10968,147,0,0 '
Received from ('fd00::200:0:0:6', 8765, 0, 0): b' 2204,6,3,768,0,494,11,3,7,1,2,-70,0,334,5563,136,0,0 '
Received from ('fd00::200:0:0:1', 5678, 0, 0): b' 2205,1,0,256,0,25,0,0,4,0,0,0,10,1678,19090,2872,0,0 '
Received from ('fd00::200:0:0:5', 8765, 0, 0): b' 2205,5,1,512,0,459,15,1,6,1,1,-94,1,1297,16382,146,0,0 '
Received from ('fd00::200:0:0:f', 8765, 0, 0): b' 2203,15,11,1024,10,464,7,12,7,1,2,-52,0,770,11217,110,0,0 '
Received from ('fd00::200:0:0:d', 8765, 0, 0): b' 2203,13,8,1024,0,503,10,4,7,1,2,-70,0,493,7253,141,0,0 '
Received from ('fd00::200:0:0:9', 8765, 0, 0): b' 2205,9,5,768,0,470,11,4,7,1,2,-52,0,692,8228,133,0,0 '
Received from ('fd00::200:0:0:c', 8765, 0, 0): b' 2204,12,11,1024,0,515,12,11,7,1,3,-52,0,697,12909,142,0,0 '
Received from ('fd00::200:0:0:3', 8765, 0, 0): b' 2206,3,1,512,0,457,14,11,7,2,1,-64,10,3352,19492,146,0,0 '
Received from ('fd00::200:0:0:14', 8765, 0, 0): b' 2204,20,16,1280,0,472,7,8,7,1,2,-52,0,574,6901,115,0,0 '
Received from ('fd00::200:0:0:11', 8765, 0, 0): b' 2205,17,16,1280,0,499,5,4,7,1,1,-52,0,563,6931,139,0,0 '
Received from ('fd00::200:0:0:8', 8765, 0, 0): b' 2207,8,3,768,0,505,11,8,7,1,2,-70,2,902,7113,144,0,0 '
Received from ('fd00::200:0:0:2', 8765, 0, 0): b' 2207,2,1,512,0,510,15,1,6,1,1,-88,0,469,5280,147,0,0 '
Received from ('fd00::200:0:0:12', 8765, 0, 0): b' 2205,18,14,1280,0,495,7,4,5,1,1,-52,0,825,11315,132,0,0 '
Received from ('fd00::200:0:0:15', 8765, 0, 0): b' 2205,21,16,1280,0,454,5,3,5,1,1,-70,0,690,13617,138,0,0 '
Received from ('fd00::200:0:0:7', 8765, 0, 0): b' 2207,7,4,768,0,432,10,5,7,1,3,-70,0,823,10909,129,0,0 '
Received from ('fd00::200:0:0:b', 8765, 0, 0): b' 2208,11,3,768,40,443,10,11,7,1,1,-95,10,4112,29572,299,1,4 '
Received from ('fd00::200:0:0:4', 8765, 0, 0): b' 2209,4,1,512,0,454,14,3,7,1,1,-66,1,1300,17651,147,0,0 '
Received from ('fd00::200:0:0:a', 8765, 0, 0): b' 2207,10,11,1024,0,530,8,5,7,1,1,-52,0,707,7137,137,0,0 '
Received from ('fd00::200:0:0:e', 8765, 0, 0): b' 2207,14,11,1024,0,492,11,3,7,1,2,-70,1,1039,12477,134,0,0 '
Received from ('fd00::200:0:0:10', 8765, 0, 0): b' 2208,16,11,1024,0,456,10,11,7,1,2,-70,4,1944,18760,140,0,0 '
Received from ('fd00::200:0:0:3', 8765, 0, 0): b' 2210,3,1,512,0,458,14,11,7,2,1,-64,10,2954,15309,147,0,0 '
Received from ('fd00::200:0:0:13', 8765, 0, 0): b' 2208,19,16,1280,0,485,5,3,7,1,1,-70,0,304,7429,134,0,0 '
Received from ('fd00::200:0:0:6', 8765, 0, 0): b' 2210,6,3,768,0,495,11,3,7,1,2,-70,0,384,6035,136,0,0 '
Received from ('fd00::200:0:0:f', 8765, 0, 0): b' 2211,15,11,1024,0,468,7,12,7,1,2,-52,0,898,7956,111,0,0 '
Received from ('fd00::200:0:0:8', 8765, 0, 0): b' 2212,8,3,768,10,505,11,8,7,1,2,-70,2,616,8133,145,0,0 '
Received from ('fd00::200:0:0:14', 8765, 0, 0): b' 2211,20,16,1280,0,474,7,8,7,1,2,-52,0,590,6312,115,0,0 '
Received from ('fd00::200:0:0:15', 8765, 0, 0): b' 2211,21,16,1280,10,456,5,3,5,1,1,-70,0,554,7087,139,0,0 '
Received from ('fd00::200:0:0:c', 8765, 0, 0): b' 2213,12,11,1024,10,518,12,11,7,1,3,-52,0,753,10251,142,0,0 '
Received from ('fd00::200:0:0:2', 8765, 0, 0): b' 2214,2,1,512,10,512,15,1,6,1,1,-88,0,663,9017,148,0,0 '
Received from ('fd00::200:0:0:3', 8765, 0, 0): b' 2215,3,1,512,0,460,14,11,7,2,1,-64,10,2427,13633,147,0,0 '
Received from ('fd00::200:0:0:d', 8765, 0, 0): b' 2213,13,8,1024,0,506,10,4,7,1,2,-70,0,829,13093,142,0,0 '
Received from ('fd00::200:0:0:b', 8765, 0, 0): b' 2216,11,3,768,0,443,10,11,7,1,1,-95,10,3389,25489,301,1,4 '
Received from ('fd00::200:0:0:7', 8765, 0, 0): b' 2216,7,4,768,10,434,10,5,7,1,3,-70,0,465,7831,130,0,0 '
Received from ('fd00::200:0:0:11', 8765, 0, 0): b' 2216,17,16,1280,0,502,5,4,7,1,1,-52,0,745,10030,139,0,0 '
Received from ('fd00::200:0:0:9', 8765, 0, 0): b' 2217,9,5,768,0,474,11,4,7,1,2,-52,0,850,10637,133,0,0 '
Received from ('fd00::200:0:0:1', 5678, 0, 0): b' 2217,1,0,256,0,25,0,0,4,0,0,0,10,3285,33038,2890,0,0 '
Received from ('fd00::200:0:0:5', 8765, 0, 0): b' 2217,5,1,512,0,462,15,1,6,1,1,-94,1,1389,18566,147,0,0 '
Received from ('fd00::200:0:0:12', 8765, 0, 0): b' 2217,18,14,1280,0,500,7,4,5,1,1,-52,0,1081,11281,132,0,0 '
Received from ('fd00::200:0:0:4', 8765, 0, 0): b' 2218,4,1,512,0,455,14,3,7,1,1,-66,1,959,14458,147,0,0 '
Received from ('fd00::200:0:0:e', 8765, 0, 0): b' 2218,14,11,1024,0,494,11,3,7,1,2,-70,1,1072,13206,135,0,0 '
Received from ('fd00::200:0:0:a', 8765, 0, 0): b' 2219,10,11,1024,0,533,8,5,7,1,1,-52,0,825,11177,138,0,0 '
Received from ('fd00::200:0:0:8', 8765, 0, 0): b' 2221,8,3,768,0,508,11,8,7,1,2,-70,2,1229,14144,145,0,0 '
Received from ('fd00::200:0:0:c', 8765, 0, 0): b' 2219,12,11,1024,10,519,12,11,7,1,3,-52,0,517,7838,143,0,0 '
Received from ('fd00::200:0:0:10', 8765, 0, 0): b' 2219,16,11,1024,10,460,10,11,7,1,2,-70,4,2941,29638,141,0,0 '
Received from ('fd00::200:0:0:6', 8765, 0, 0): b' 2222,6,3,768,0,498,11,3,7,1,2,-70,0,823,10933,137,0,0 '
Received from ('fd00::200:0:0:f', 8765, 0, 0): b' 2220,15,11,1024,0,470,7,12,7,1,2,-52,0,671,8441,112,0,0 '
Received from ('fd00::200:0:0:d', 8765, 0, 0): b' 2220,13,8,1024,10,509,10,4,7,1,2,-70,0,685,8371,143,0,0 '
Received from ('fd00::200:0:0:13', 8765, 0, 0): b' 2219,19,16,1280,0,488,5,3,7,1,1,-70,0,825,11088,135,0,0 '
Received from ('fd00::200:0:0:14', 8765, 0, 0): b' 2220,20,16,1280,0,476,7,8,7,1,2,-52,0,664,9226,116,0,0 '
Received from ('fd00::200:0:0:9', 8765, 0, 0): b' 2224,9,5,768,0,475,11,4,7,1,2,-52,0,465,6664,134,0,0 '
Received from ('fd00::200:0:0:b', 8765, 0, 0): b' 2223,11,3,768,60,444,10,11,7,1,1,-95,10,3246,24951,304,1,4 '
Received from ('fd00::200:0:0:11', 8765, 0, 0): b' 2222,17,16,1280,0,502,5,4,7,1,1,-52,0,406,5876,140,0,0 '
Received from ('fd00::200:0:0:15', 8765, 0, 0): b' 2221,21,16,1280,0,461,5,3,5,1,1,-70,0,984,12332,139,0,0 '
Received from ('fd00::200:0:0:2', 8765, 0, 0): b' 2225,2,1,512,0,514,15,1,6,1,1,-88,0,639,12708,149,0,0 '
Received from ('fd00::200:0:0:12', 8765, 0, 0): b' 2222,18,14,1280,0,502,7,4,5,1,1,-52,0,431,5250,133,0,0 '
Received from ('fd00::200:0:0:7', 8765, 0, 0): b' 2225,7,4,768,0,434,10,5,7,1,3,-70,0,530,8948,130,0,0 '
Received from ('fd00::200:0:0:3', 8765, 0, 0): b' 2225,3,1,512,0,463,14,11,7,2,1,-64,10,5626,31138,148,0,0 '
Received from ('fd00::200:0:0:a', 8765, 0, 0): b' 2223,10,11,1024,0,534,8,5,7,1,1,-52,0,429,4176,138,0,0 '
Received from ('fd00::200:0:0:8', 8765, 0, 0): b' 2225,8,3,768,10,510,11,8,7,1,2,-70,2,639,7453,146,0,0 '
Received from ('fd00::200:0:0:e', 8765, 0, 0): b' 2224,14,11,1024,0,494,11,3,7,1,2,-70,1,664,7728,135,0,0 '
Received from ('fd00::200:0:0:f', 8765, 0, 0): b' 2225,15,11,1024,0,470,7,12,7,1,2,-52,0,350,5138,112,0,0 '
Received from ('fd00::200:0:0:5', 8765, 0, 0): b' 2226,5,1,512,0,465,15,1,6,1,1,-94,1,1144,14863,147,0,0 '
Received from ('fd00::200:0:0:1', 5678, 0, 0): b' 2228,1,0,256,0,25,0,0,4,0,0,0,10,3047,30875,2909,0,0 '
Received from ('fd00::200:0:0:14', 8765, 0, 0): b' 2225,20,16,1280,0,477,7,8,7,1,2,-52,0,362,4855,116,0,0 '
Received from ('fd00::200:0:0:c', 8765, 0, 0): b' 2226,12,11,1024,0,521,12,11,7,1,3,-52,0,549,8661,143,0,0 '
Received from ('fd00::200:0:0:4', 8765, 0, 0): b' 2229,4,1,512,0,458,14,3,7,1,1,-66,1,1105,15475,148,0,0 '
Received from ('fd00::200:0:0:13', 8765, 0, 0): b' 2227,19,16,1280,0,489,5,3,7,1,1,-70,0,467,7918,136,0,0 '
Received from ('fd00::200:0:0:12', 8765, 0, 0): b' 2228,18,14,1280,0,502,7,4,5,1,1,-52,0,280,5348,133,0,0 '
Received from ('fd00::200:0:0:6', 8765, 0, 0): b' 2231,6,3,768,0,501,11,3,7,1,2,-70,0,776,8484,138,0,0 '
Received from ('fd00::200:0:0:2', 8765, 0, 0): b' 2231,2,1,512,0,517,15,1,6,1,1,-88,0,696,7605,149,0,0 '
Received from ('fd00::200:0:0:11', 8765, 0, 0): b' 2231,17,16,1280,0,509,5,4,7,1,1,-52,0,963,9515,140,0,0 '
Received from ('fd00::200:0:0:7', 8765, 0, 0): b' 2231,7,4,768,0,434,10,5,7,1,3,-70,0,333,6038,131,0,0 '
Received from ('fd00::200:0:0:10', 8765, 0, 0): b' 2231,16,11,1024,0,462,10,11,7,1,2,-70,4,3077,30647,142,0,0 '
Received from ('fd00::200:0:0:a', 8765, 0, 0): b' 2231,10,11,1024,0,537,8,5,7,1,1,-52,0,801,8522,139,0,0 '
Received from ('fd00::200:0:0:c', 8765, 0, 0): b' 2232,12,11,1024,0,522,12,11,7,1,3,-52,0,389,7034,143,0,0 '
Received from ('fd00::200:0:0:b', 8765, 0, 0): b' 2233,11,3,768,10,445,10,11,7,1,1,-95,10,4510,32353,306,1,4 '
Received from ('fd00::200:0:0:d', 8765, 0, 0): b' 2231,13,8,1024,0,510,10,4,7,1,2,-70,0,653,13532,143,0,0 '
Received from ('fd00::200:0:0:15', 8765, 0, 0): b' 2232,21,16,1280,0,464,5,3,5,1,1,-70,0,830,13570,140,0,0 '
Received from ('fd00::200:0:0:f', 8765, 0, 0): b' 2233,15,11,1024,0,472,7,12,7,1,2,-52,0,512,7802,112,0,0 '
Received from ('fd00::200:0:0:14', 8765, 0, 0): b' 2233,20,16,1280,10,479,7,8,7,1,2,-52,0,670,8033,117,0,0 '
Received from ('fd00::200:0:0:8', 8765, 0, 0): b' 2235,8,3,768,0,512,11,8,7,1,2,-70,2,1154,14859,146,0,0 '
Received from ('fd00::200:0:0:5', 8765, 0, 0): b' 2234,5,1,512,10,467,15,1,6,1,1,-94,1,760,12330,148,0,0 '
Received from ('fd00::200:0:0:3', 8765, 0, 0): b' 2236,3,1,512,0,465,14,11,7,2,1,-64,10,5446,30878,148,0,0 '
Received from ('fd00::200:0:0:e', 8765, 0, 0): b' 2234,14,11,1024,0,496,11,3,7,1,2,-70,1,1128,13630,136,0,0 '
Received from ('fd00::200:0:0:9', 8765, 0, 0): b' 2234,9,5,768,0,476,11,4,7,1,2,-52,0,585,10501,135,0,0 '
Received from ('fd00::200:0:0:4', 8765, 0, 0): b' 2236,4,1,512,0,459,14,3,7,1,1,-66,1,804,11331,149,0,0 '
Received from ('fd00::200:0:0:10', 8765, 0, 0): b' 2236,16,11,1024,0,466,10,11,7,1,2,-70,4,1645,14271,142,0,0 '
Received from ('fd00::200:0:0:13', 8765, 0, 0): b' 2236,19,16,1280,10,492,5,3,7,1,1,-70,0,721,8454,136,0,0 '
Received from ('fd00::200:0:0:d', 8765, 0, 0): b' 2236,13,8,1024,0,510,10,4,7,1,2,-70,0,364,6347,144,0,0 '
Received from ('fd00::200:0:0:1', 5678, 0, 0): b' 2239,1,0,256,0,25,0,0,4,0,0,0,10,2807,28974,2925,0,0 '
Received from ('fd00::200:0:0:b', 8765, 0, 0): b' 2238,11,3,768,0,445,10,11,7,1,1,-95,10,2408,17422,307,1,4 '
Received from ('fd00::200:0:0:6', 8765, 0, 0): b' 2239,6,3,768,0,501,11,3,7,1,2,-70,0,398,7616,138,0,0 '
Received from ('fd00::200:0:0:12', 8765, 0, 0): b' 2240,18,14,1280,0,503,7,4,5,1,1,-52,0,792,10856,134,0,0 '
Received from ('fd00::200:0:0:2', 8765, 0, 0): b' 2240,2,1,512,0,519,15,1,6,1,1,-88,0,660,10966,150,0,0 '
Received from ('fd00::200:0:0:8', 8765, 0, 0): b' 2241,8,3,768,0,514,11,8,7,1,2,-70,2,894,9578,147,0,0 '
Received from ('fd00::200:0:0:e', 8765, 0, 0): b' 2240,14,11,1024,0,496,11,3,7,1,2,-70,1,492,6553,136,0,0 '
Received from ('fd00::200:0:0:5', 8765, 0, 0): b' 2240,5,1,512,10,472,15,1,6,1,1,-94,1,1170,9904,148,0,0 '
Received from ('fd00::200:0:0:15', 8765, 0, 0): b' 2239,21,16,1280,10,466,5,3,5,1,1,-70,0,578,8335,141,0,0 '
Received from ('fd00::200:0:0:c', 8765, 0, 0): b' 2242,12,11,1024,0,526,12,11,7,1,3,-52,0,939,12728,144,0,0 '
Received from ('fd00::200:0:0:7', 8765, 0, 0): b' 2243,7,4,768,0,437,10,5,7,1,3,-70,0,767,11036,131,0,0 '
Received from ('fd00::200:0:0:1', 5678, 0, 0): b' 2243,1,0,256,0,25,0,0,4,0,0,0,10,1174,11902,2931,0,0 '
Received from ('fd00::200:0:0:11', 8765, 0, 0): b' 2242,17,16,1280,0,511,5,4,7,1,1,-52,0,718,11076,141,0,0 '
Received from ('fd00::200:0:0:f', 8765, 0, 0): b' 2242,15,11,1024,10,474,7,12,7,1,2,-52,0,588,8406,113,0,0 '
Received from ('fd00::200:0:0:b', 8765, 0, 0): b' 2244,11,3,768,30,445,10,11,7,1,1,-95,10,2497,17823,308,1,4 '
Received from ('fd00::200:0:0:3', 8765, 0, 0): b' 2245,3,1,512,10,468,14,11,7,2,1,-64,10,4687,26904,149,0,0 '
Received from ('fd00::200:0:0:14', 8765, 0, 0): b' 2242,20,16,1280,0,481,7,8,7,1,2,-52,0,542,8374,117,0,0 '
Received from ('fd00::200:0:0:a', 8765, 0, 0): b' 2242,10,11,1024,10,542,8,6,7,1,1,-52,0,1053,10812,140,0,0 '
Received from ('fd00::200:0:0:4', 8765, 0, 0): b' 2245,4,1,512,10,462,14,3,7,1,1,-66,1,1115,13857,149,0,0 '
Received from ('fd00::200:0:0:6', 8765, 0, 0): b' 2245,6,3,768,10,503,11,3,7,1,2,-70,0,547,5698,139,0,0 '
Received from ('fd00::200:0:0:13', 8765, 0, 0): b' 2243,19,16,1280,0,494,5,3,7,1,1,-70,0,574,7340,137,0,0 '
Received from ('fd00::200:0:0:10', 8765, 0, 0): b' 2246,16,11,1024,0,468,10,11,7,1,2,-70,4,2583,25288,143,0,0 '
Received from ('fd00::200:0:0:9', 8765, 0, 0): b' 2246,9,5,768,0,480,11,4,7,1,2,-52,0,972,11056,135,0,0 '
Received from ('fd00::200:0:0:e', 8765, 0, 0): b' 2246,14,11,1024,20,497,11,3,7,1,2,-70,1,555,7994,137,0,0 '
Received from ('fd00::200:0:0:2', 8765, 0, 0): b' 2247,2,1,512,0,521,15,1,6,1,1,-88,0,608,8523,150,0,0 '
Received from ('fd00::200:0:0:12', 8765, 0, 0): b' 2246,18,14,1280,0,503,7,4,5,1,1,-52,0,364,6196,134,0,0 '
Received from ('fd00::200:0:0:a', 8765, 0, 0): b' 2248,10,11,1024,0,544,8,6,7,1,1,-52,0,529,4929,140,0,0 '
Received from ('fd00::200:0:0:8', 8765, 0, 0): b' 2248,8,3,768,0,514,11,8,7,1,2,-70,2,473,10481,147,0,0 '
Received from ('fd00::200:0:0:3', 8765, 0, 0): b' 2249,3,1,512,0,468,14,11,7,2,1,-64,10,2187,12506,149,0,0 '
Received from ('fd00::200:0:0:1', 5678, 0, 0): b' 2249,1,0,256,0,25,0,0,4,0,0,0,10,1294,14729,2936,0,0 '
Received from ('fd00::200:0:0:d', 8765, 0, 0): b' 2247,13,8,1024,0,514,10,4,7,1,2,-70,0,852,12633,144,0,0 '
Received from ('fd00::200:0:0:5', 8765, 0, 0): b' 2248,5,1,512,0,476,15,1,6,1,1,-94,1,1200,12600,149,0,0 '
Received from ('fd00::200:0:0:f', 8765, 0, 0): b' 2250,15,11,1024,0,477,7,12,7,1,2,-52,0,710,6446,113,0,0 '
Received from ('fd00::200:0:0:15', 8765, 0, 0): b' 2248,21,16,1280,0,471,5,3,5,1,1,-70,0,954,10798,141,0,0 '
Received from ('fd00::200:0:0:4', 8765, 0, 0): b' 2250,4,1,512,0,464,14,3,7,1,1,-66,1,611,7049,149,0,0 '
Received from ('fd00::200:0:0:c', 8765, 0, 0): b' 2251,12,11,1024,0,526,12,11,7,1,3,-52,0,363,9164,145,0,0 '
Received from ('fd00::200:0:0:11', 8765, 0, 0): b' 2249,17,16,1280,10,513,5,4,7,1,1,-52,0,647,7418,142,0,0 '
Received from ('fd00::200:0:0:a', 8765, 0, 0): b' 2252,10,11,1024,0,545,8,6,7,1,1,-52,0,387,4747,140,0,0 '
Received from ('fd00::200:0:0:10', 8765, 0, 0): b' 2253,16,11,1024,0,472,10,11,7,1,2,-70,4,1728,16154,143,0,0 '
Received from ('fd00::200:0:0:b', 8765, 0, 0): b' 2253,11,3,768,10,446,10,11,7,1,1,-95,10,4187,30392,310,1,4 '
Received from ('fd00::200:0:0:8', 8765, 0, 0): b' 2253,8,3,768,0,515,11,8,7,1,2,-70,2,826,9165,147,0,0 '
Received from ('fd00::200:0:0:7', 8765, 0, 0): b' 2252,7,4,768,0,438,10,5,7,1,3,-70,0,586,9868,132,0,0 '
Received from ('fd00::200:0:0:6', 8765, 0, 0): b' 2254,6,3,768,0,504,11,3,7,1,2,-70,0,433,8168,139,0,0 '
Received from ('fd00::200:0:0:14', 8765, 0, 0): b' 2252,20,16,1280,0,484,7,8,7,1,2,-52,0,801,9846,118,0,0 '
Received from ('fd00::200:0:0:13', 8765, 0, 0): b' 2254,19,16,1280,0,495,5,3,7,1,1,-70,0,555,10011,137,0,0 '
Received from ('fd00::200:0:0:3', 8765, 0, 0): b' 2256,3,1,512,0,468,14,11,7,2,1,-64,10,3811,21330,150,0,0 '
Received from ('fd00::200:0:0:2', 8765, 0, 0): b' 2256,2,1,512,0,525,15,1,6,1,1,-88,0,715,11113,151,0,0 '
Received from ('fd00::200:0:0:15', 8765, 0, 0): b' 2254,21,16,1280,0,472,5,3,5,1,1,-70,0,471,7673,142,0,0 '
Received from ('fd00::200:0:0:9', 8765, 0, 0): b' 2255,9,5,768,0,481,11,4,7,1,2,-52,0,489,8903,136,0,0 '
Received from ('fd00::200:0:0:a', 8765, 0, 0): b' 2257,10,11,1024,0,545,8,6,7,1,1,-52,0,158,3742,140,0,0 '
Received from ('fd00::200:0:0:e', 8765, 0, 0): b' 2257,14,11,1024,0,499,11,3,7,1,2,-70,1,1022,11814,137,0,0 '
Received from ('fd00::200:0:0:f', 8765, 0, 0): b' 2257,15,11,1024,0,480,7,12,7,1,2,-52,0,778,7916,114,0,0 '
Received from ('fd00::200:0:0:5', 8765, 0, 0): b' 2257,5,1,512,0,479,15,1,6,1,1,-94,1,1196,14016,150,0,0 '
Received from ('fd00::200:0:0:1', 5678, 0, 0): b' 2258,1,0,256,0,25,0,0,4,0,0,0,10,2626,25777,2951,0,0 '
Received from ('fd00::200:0:0:4', 8765, 0, 0): b' 2258,4,1,512,0,465,14,3,7,1,1,-66,1,769,12856,150,0,0 '
Received from ('fd00::200:0:0:d', 8765, 0, 0): b' 2256,13,8,1024,0,515,10,4,7,1,2,-70,0,520,11290,145,0,0 '
Received from ('fd00::200:0:0:7', 8765, 0, 0): b' 2259,7,4,768,10,440,10,5,7,1,3,-70,0,384,5287,132,0,0 '
Received from ('fd00::200:0:0:12', 8765, 0, 0): b' 2258,18,14,1280,0,504,7,4,5,1,1,-52,0,653,10218,135,0,0 '
Received from ('fd00::200:0:0:14', 8765, 0, 0): b' 2258,20,16,1280,0,485,7,8,7,1,2,-52,0,386,5612,118,0,0 '
Received from ('fd00::200:0:0:6', 8765, 0, 0): b' 2260,6,3,768,10,505,11,3,7,1,2,-70,0,384,5643,140,0,0 '
Received from ('fd00::200:0:0:10', 8765, 0, 0): b' 2259,16,11,1024,0,475,10,11,7,1,2,-70,4,2085,18257,144,0,0 '
Received from ('fd00::200:0:0:e', 8765, 0, 0): b' 2261,14,11,1024,0,501,11,3,7,1,2,-70,1,665,5800,138,0,0 '
Received from ('fd00::200:0:0:c', 8765, 0, 0): b' 2261,12,11,1024,10,529,12,11,7,1,3,-52,0,669,12473,145,0,0 '
Received from ('fd00::200:0:0:8', 8765, 0, 0): b' 2262,8,3,768,0,518,11,8,7,1,2,-70,2,1092,13087,148,0,0 '
Received from ('fd00::200:0:0:11', 8765, 0, 0): b' 2261,17,16,1280,0,518,5,4,7,1,1,-52,0,984,11116,142,0,0 '
Received from ('fd00::200:0:0:a', 8765, 0, 0): b' 2263,10,11,1024,0,546,8,6,7,1,1,-52,0,442,5810,141,0,0 '
Received from ('fd00::200:0:0:d', 8765, 0, 0): b' 2261,13,8,1024,0,517,10,4,7,1,2,-70,0,470,5672,145,0,0 '
Received from ('fd00::200:0:0:15', 8765, 0, 0): b' 2262,21,16,1280,0,474,5,3,5,1,1,-70,0,493,7945,142,0,0 '
Received from ('fd00::200:0:0:3', 8765, 0, 0): b' 2264,3,1,512,10,471,14,11,7,2,1,-64,10,4326,24722,150,0,0 '
Received from ('fd00::200:0:0:f', 8765, 0, 0): b' 2264,15,11,1024,0,482,7,12,7,1,2,-52,0,494,6161,114,0,0 '
Received from ('fd00::200:0:0:b', 8765, 0, 0): b' 2264,11,3,768,60,450,10,11,7,1,1,-95,10,5482,38109,313,1,4 '
Received from ('fd00::200:0:0:13', 8765, 0, 0): b' 2262,19,16,1280,0,495,5,3,7,1,1,-70,0,433,6704,138,0,0 '
Received from ('fd00::200:0:0:12', 8765, 0, 0): b' 2264,18,14,1280,0,507,7,4,5,1,1,-52,0,658,6089,136,0,0 '
Received from ('fd00::200:0:0:2', 8765, 0, 0): b' 2266,2,1,512,0,531,15,1,6,1,1,-88,0,1035,11747,151,0,0 '
Received from ('fd00::200:0:0:9', 8765, 0, 0): b' 2266,9,5,768,0,483,11,4,7,1,2,-52,0,692,10449,137,0,0 '
Received from ('fd00::200:0:0:4', 8765, 0, 0): b' 2266,4,1,512,20,469,14,3,7,1,1,-66,1,1311,13784,151,0,0 '
Received from ('fd00::200:0:0:14', 8765, 0, 0): b' 2266,20,16,1280,10,488,7,8,7,1,2,-52,0,753,7244,119,0,0 '
Received from ('fd00::200:0:0:5', 8765, 0, 0): b' 2268,5,1,512,0,481,15,1,6,1,1,-94,1,969,14936,150,0,0 '
Received from ('fd00::200:0:0:1', 5678, 0, 0): b' 2268,1,0,256,0,25,0,0,4,0,0,0,10,2932,28556,2970,0,0 '
Received from ('fd00::200:0:0:a', 8765, 0, 0): b' 2267,10,11,1024,0,547,8,6,7,1,1,-52,0,362,4323,141,0,0 '
Received from ('fd00::200:0:0:3', 8765, 0, 0): b' 2269,3,1,512,0,474,14,11,7,2,1,-64,10,3019,16515,151,0,0 '
Received from ('fd00::200:0:0:b', 8765, 0, 0): b' 2269,11,3,768,20,450,10,11,7,1,1,-95,10,2001,15314,314,1,4 '
Received from ('fd00::200:0:0:e', 8765, 0, 0): b' 2268,14,11,1024,0,505,11,3,7,1,2,-70,1,1215,10473,138,0,0 '
Received from ('fd00::200:0:0:6', 8765, 0, 0): b' 2269,6,3,768,0,505,11,3,7,1,2,-70,0,455,8608,140,0,0 '
Received from ('fd00::200:0:0:f', 8765, 0, 0): b' 2268,15,11,1024,0,483,7,12,7,1,2,-52,0,322,4721,115,0,0 '
Received from ('fd00::200:0:0:12', 8765, 0, 0): b' 2270,18,14,1280,0,511,7,4,5,1,1,-52,0,707,6039,136,0,0 '
Received from ('fd00::200:0:0:2', 8765, 0, 0): b' 2270,2,1,512,0,532,15,1,6,1,1,-88,0,437,5359,152,0,0 '
Received from ('fd00::200:0:0:c', 8765, 0, 0): b' 2270,12,11,1024,10,531,12,11,7,1,3,-52,0,810,11236,146,0,0 '
Received from ('fd00::200:0:0:7', 8765, 0, 0): b' 2270,7,4,768,10,443,10,5,7,1,3,-70,0,1004,11704,133,0,0 '
Received from ('fd00::200:0:0:10', 8765, 0, 0): b' 2271,16,11,1024,10,480,10,11,7,1,2,-70,4,3138,30222,145,0,0 '
Received from ('fd00::200:0:0:9', 8765, 0, 0): b' 2271,9,5,768,0,483,11,4,7,1,2,-52,0,278,4632,137,0,0 '
Received from ('fd00::200:0:0:15', 8765, 0, 0): b' 2271,21,16,1280,0,475,5,3,5,1,1,-70,0,615,10672,143,0,0 '
Received from ('fd00::200:0:0:4', 8765, 0, 0): b' 2272,4,1,512,0,471,14,3,7,1,1,-66,1,774,8752,151,0,0 '
Received from ('fd00::200:0:0:13', 8765, 0, 0): b' 2271,19,16,1280,0,498,5,3,7,1,1,-70,0,648,8737,138,0,0 '
Received from ('fd00::200:0:0:8', 8765, 0, 0): b' 2272,8,3,768,10,518,11,8,7,1,2,-70,2,1074,16443,149,0,0 '
Received from ('fd00::200:0:0:1', 5678, 0, 0): b' 2272,1,0,256,0,25,0,0,4,0,0,0,10,1285,12202,2974,0,0 '
Received from ('fd00::200:0:0:d', 8765, 0, 0): b' 2270,13,8,1024,10,523,10,4,7,1,2,-70,0,1043,12386,146,0,0 '
Received from ('fd00::200:0:0:a', 8765, 0, 0): b' 2273,10,11,1024,0,550,8,6,7,1,1,-52,0,600,6358,141,0,0 '
Received from ('fd00::200:0:0:f', 8765, 0, 0): b' 2273,15,11,1024,0,484,7,12,7,1,2,-52,0,387,5109,115,0,0 '
Received from ('fd00::200:0:0:11', 8765, 0, 0): b' 2273,17,16,1280,0,524,5,4,7,1,1,-52,0,1147,12252,143,0,0 '
Received from ('fd00::200:0:0:2', 8765, 0, 0): b' 2274,2,1,512,10,533,15,1,6,1,1,-88,0,360,5212,152,0,0 '
Received from ('fd00::200:0:0:6', 8765, 0, 0): b' 2274,6,3,768,0,507,11,3,7,1,2,-70,0,491,5164,140,0,0 '
Received from ('fd00::200:0:0:c', 8765, 0, 0): b' 2274,12,11,1024,0,533,12,11,7,1,3,-52,0,498,6059,146,0,0 '
Received from ('fd00::200:0:0:3', 8765, 0, 0): b' 2275,3,1,512,20,476,14,11,7,2,1,-64,10,4117,21380,151,0,0 '
Received from ('fd00::200:0:0:14', 8765, 0, 0): b' 2274,20,16,1280,10,489,7,8,7,1,2,-52,0,481,7484,119,0,0 '
Received from ('fd00::200:0:0:e', 8765, 0, 0): b' 2275,14,11,1024,0,507,11,3,7,1,2,-70,1,865,9251,139,0,0 '
Received from ('fd00::200:0:0:5', 8765, 0, 0): b' 2275,5,1,512,0,483,15,1,6,1,1,-94,1,998,13233,151,0,0 '
Received from ('fd00::200:0:0:13', 8765, 0, 0): b' 2276,19,16,1280,0,500,5,3,7,1,1,-70,0,525,5067,139,0,0 '
Received from ('fd00::200:0:0:b', 8765, 0, 0): b' 2277,11,3,768,20,452,10,11,7,1,1,-95,10,4167,28573,316,1,4 '
Received from ('fd00::200:0:0:12', 8765, 0, 0): b' 2277,18,14,1280,0,512,7,4,5,1,1,-52,0,452,6532,136,0,0 '
Received from ('fd00::200:0:0:8', 8765, 0, 0): b' 2278,8,3,768,0,521,11,8,7,1,2,-70,2,949,9605,149,0,0 '
Received from ('fd00::200:0:0:a', 8765, 0, 0): b' 2278,10,11,1024,0,550,8,6,7,1,1,-52,0,311,3949,142,0,0 '
Received from ('fd00::200:0:0:4', 8765, 0, 0): b' 2278,4,1,512,0,473,14,3,7,1,1,-66,1,716,9958,151,0,0 '
Received from ('fd00::200:0:0:f', 8765, 0, 0): b' 2279,15,11,1024,0,485,7,12,7,1,2,-52,0,387,5295,115,0,0 '
Received from ('fd00::200:0:0:9', 8765, 0, 0): b' 2279,9,5,768,0,485,11,4,7,1,2,-52,0,571,7689,138,0,0 '
Received from ('fd00::200:0:0:15', 8765, 0, 0): b' 2280,21,16,1280,0,477,5,3,5,1,1,-70,0,518,9520,143,0,0 '
Received from ('fd00::200:0:0:7', 8765, 0, 0): b' 2281,7,4,768,0,444,10,5,7,1,3,-70,0,515,9954,134,0,0 '
Received from ('fd00::200:0:0:10', 8765, 0, 0): b' 2282,16,11,1024,0,482,10,11,7,1,2,-70,4,2741,27751,145,0,0 '
Received from ('fd00::200:0:0:e', 8765, 0, 0): b' 2281,14,11,1024,10,508,11,3,7,1,2,-70,1,744,8073,139,0,0 '
Received from ('fd00::200:0:0:8', 8765, 0, 0): b' 2283,8,3,768,0,522,11,8,7,1,2,-70,2,731,8544,149,0,0 '
Received from ('fd00::200:0:0:5', 8765, 0, 0): b' 2282,5,1,512,0,483,15,1,6,1,1,-94,1,650,10004,151,0,0 '
Received from ('fd00::200:0:0:d', 8765, 0, 0): b' 2281,13,8,1024,0,530,10,4,7,1,2,-70,0,1368,13801,147,0,0 '
Received from ('fd00::200:0:0:1', 5678, 0, 0): b' 2283,1,0,256,0,25,0,0,4,0,0,0,10,2626,28487,2992,0,0 '
Received from ('fd00::200:0:0:6', 8765, 0, 0): b' 2283,6,3,768,0,511,11,3,7,1,2,-70,0,785,8677,141,0,0 '
Received from ('fd00::200:0:0:3', 8765, 0, 0): b' 2284,3,1,512,0,476,14,11,7,2,1,-64,10,4649,26718,152,0,0 '
Received from ('fd00::200:0:0:2', 8765, 0, 0): b' 2285,2,1,512,0,535,15,1,6,1,1,-88,0,736,12954,153,0,0 '
Received from ('fd00::200:0:0:11', 8765, 0, 0): b' 2284,17,16,1280,10,528,5,4,7,1,1,-52,0,804,10500,144,0,0 '
Received from ('fd00::200:0:0:b', 8765, 0, 0): b' 2286,11,3,768,70,455,10,11,7,1,1,-95,10,3690,27427,318,1,4 '
Received from ('fd00::200:0:0:a', 8765, 0, 0): b' 2285,10,11,1024,10,554,8,6,7,1,1,-52,0,828,7716,142,0,0 '
Received from ('fd00::200:0:0:c', 8765, 0, 0): b' 2285,12,11,1024,0,537,12,11,7,1,3,-52,0,939,13480,147,0,0 '
Received from ('fd00::200:0:0:e', 8765, 0, 0): b' 2286,14,11,1024,0,508,11,3,7,1,2,-70,1,338,5300,139,0,0 '
Received from ('fd00::200:0:0:4', 8765, 0, 0): b' 2287,4,1,512,0,475,14,3,7,1,1,-66,1,929,13753,152,0,0 '
Received from ('fd00::200:0:0:d', 8765, 0, 0): b' 2286,13,8,1024,10,531,10,4,7,1,2,-70,0,268,5697,147,0,0 '
Received from ('fd00::200:0:0:12', 8765, 0, 0): b' 2286,18,14,1280,0,514,7,4,5,1,1,-52,0,694,8729,137,0,0 '
Received from ('fd00::200:0:0:8', 8765, 0, 0): b' 2288,8,3,768,10,524,11,8,7,1,2,-70,2,962,8998,150,0,0 '
Received from ('fd00::200:0:0:7', 8765, 0, 0): b' 2288,7,4,768,10,447,10,5,7,1,3,-70,0,695,7277,134,0,0 '
Received from ('fd00::200:0:0:f', 8765, 0, 0): b' 2287,15,11,1024,0,487,7,12,7,1,2,-52,0,671,8080,116,0,0 '
Received from ('fd00::200:0:0:9', 8765, 0, 0): b' 2288,9,5,768,10,488,11,4,7,1,2,-52,0,719,8855,138,0,0 '
Received from ('fd00::200:0:0:15', 8765, 0, 0): b' 2286,21,16,1280,10,478,5,3,5,1,1,-70,0,567,8857,144,0,0 '
Received from ('fd00::200:0:0:13', 8765, 0, 0): b' 2287,19,16,1280,0,503,5,3,7,1,1,-70,0,825,10801,140,0,0 '
Received from ('fd00::200:0:0:5', 8765, 0, 0): b' 2289,5,1,512,10,485,15,1,6,1,1,-94,1,883,11576,152,0,0 '
Received from ('fd00::200:0:0:c', 8765, 0, 0): b' 2291,12,11,1024,0,538,12,11,7,1,3,-52,0,460,7772,147,0,0 '
Received from ('fd00::200:0:0:a', 8765, 0, 0): b' 2291,10,11,1024,0,556,8,6,7,1,1,-52,0,616,6538,143,0,0 '
Received from ('fd00::200:0:0:13', 8765, 0, 0): b' 2292,19,16,1280,0,504,5,3,7,1,1,-70,0,363,4659,140,0,0 '
Received from ('fd00::200:0:0:12', 8765, 0, 0): b' 2292,18,14,1280,0,514,7,4,5,1,1,-52,0,279,5597,137,0,0 '
Received from ('fd00::200:0:0:6', 8765, 0, 0): b' 2292,6,3,768,0,513,11,3,7,1,2,-70,0,692,9049,142,0,0 '
Received from ('fd00::200:0:0:10', 8765, 0, 0): b' 2292,16,11,1024,0,485,10,11,7,1,2,-70,4,3004,29372,146,0,0 '
Received from ('fd00::200:0:0:1', 5678, 0, 0): b' 2293,1,0,256,0,25,0,0,4,0,0,0,10,2206,24994,3002,0,0 '
Received from ('fd00::200:0:0:8', 8765, 0, 0): b' 2292,8,3,768,0,525,11,8,7,1,2,-70,2,497,6966,150,0,0 '
Received from ('fd00::200:0:0:15', 8765, 0, 0): b' 2293,21,16,1280,0,479,5,3,5,1,1,-70,0,411,7935,144,0,0 '
Received from ('fd00::200:0:0:4', 8765, 0, 0): b' 2293,4,1,512,0,476,14,3,7,1,1,-66,1,785,9539,152,0,0 '
Received from ('fd00::200:0:0:14', 8765, 0, 0): b' 2293,20,16,1280,10,497,7,8,7,1,2,-52,0,788,8758,121,0,0 '
Received from ('fd00::200:0:0:d', 8765, 0, 0): b' 2292,13,8,1024,0,533,10,4,7,1,2,-70,0,671,8697,148,0,0 '
Received from ('fd00::200:0:0:2', 8765, 0, 0): b' 2295,2,1,512,0,538,15,1,6,1,1,-88,0,540,11850,153,0,0 '
Received from ('fd00::200:0:0:11', 8765, 0, 0): b' 2294,17,16,1280,10,530,5,4,7,1,1,-52,0,697,9532,145,0,0 '
Received from ('fd00::200:0:0:e', 8765, 0, 0): b' 2294,14,11,1024,10,508,11,3,7,1,2,-70,1,1085,11980,140,0,0 '
Received from ('fd00::200:0:0:9', 8765, 0, 0): b' 2295,9,5,768,0,490,11,4,7,1,2,-52,0,572,6321,139,0,0 '
Received from ('fd00::200:0:0:3', 8765, 0, 0): b' 2295,3,1,512,0,478,14,11,7,2,1,-64,10,6547,35906,152,0,0 '
Received from ('fd00::200:0:0:b', 8765, 0, 0): b' 2295,11,3,768,10,458,10,11,7,2,1,-95,10,5746,35431,320,1,4 '
Received from ('fd00::200:0:0:f', 8765, 0, 0): b' 2295,15,11,1024,0,492,7,12,7,1,2,-52,0,1058,9699,117,0,0 '
Received from ('fd00::200:0:0:5', 8765, 0, 0): b' 2296,5,1,512,0,487,15,1,6,1,1,-94,1,987,10441,152,0,0 '
Received from ('fd00::200:0:0:7', 8765, 0, 0): b' 2296,7,4,768,10,451,10,5,7,1,3,-70,0,786,8614,135,0,0 '
Received from ('fd00::200:0:0:13', 8765, 0, 0): b' 2296,19,16,1280,0,507,5,3,7,1,1,-70,0,600,5294,140,0,0 '
Received from ('fd00::200:0:0:8', 8765, 0, 0): b' 2297,8,3,768,0,526,11,8,7,1,2,-70,2,851,9617,150,0,0 '
Received from ('fd00::200:0:0:a', 8765, 0, 0): b' 2298,10,11,1024,10,558,8,6,7,1,1,-52,0,410,6967,143,0,0 '
Received from ('fd00::200:0:0:12', 8765, 0, 0): b' 2300,18,14,1280,0,516,7,4,5,1,1,-52,0,549,7068,138,0,0 '
Received from ('fd00::200:0:0:c', 8765, 0, 0): b' 2299,12,11,1024,0,541,12,11,7,1,3,-52,0,832,10702,148,0,0 '
Received from ('fd00::200:0:0:15', 8765, 0, 0): b' 2299,21,16,1280,0,482,5,3,5,1,1,-70,0,754,8955,145,0,0 '
Received from ('fd00::200:0:0:10', 8765, 0, 0): b' 2301,16,11,1024,0,488,10,11,7,1,2,-70,4,2644,24068,147,0,0 '
Received from ('fd00::200:0:0:d', 8765, 0, 0): b' 2299,13,8,1024,0,535,10,4,7,1,2,-70,0,521,8201,148,0,0 '
Received from ('fd00::200:0:0:1', 5678, 0, 0): b' 2302,1,0,256,0,25,0,0,4,0,0,0,10,2573,25397,3019,0,0 '
Received from ('fd00::200:0:0:2', 8765, 0, 0): b' 2302,2,1,512,0,540,15,1,6,1,1,-88,0,836,8864,154,0,0 '
Received from ('fd00::200:0:0:11', 8765, 0, 0): b' 2301,17,16,1280,0,531,5,4,7,1,1,-52,0,411,7165,145,0,0 '
Received from ('fd00::200:0:0:14', 8765, 0, 0): b' 2302,20,16,1280,0,498,7,8,7,1,2,-52,0,532,8281,121,0,0 '
Received from ('fd00::200:0:0:6', 8765, 0, 0): b' 2302,6,3,768,0,514,11,3,7,1,2,-70,0,529,9466,142,0,0 '
Received from ('fd00::200:0:0:f', 8765, 0, 0): b' 2302,15,11,1024,10,493,7,12,7,1,2,-52,0,389,5961,117,0,0 '
Received from ('fd00::200:0:0:9', 8765, 0, 0): b' 2302,9,5,768,10,492,11,4,7,1,2,-52,0,588,7112,139,0,0 '
Received from ('fd00::200:0:0:c', 8765, 0, 0): b' 2303,12,11,1024,0,543,12,11,7,1,3,-52,0,376,5460,148,0,0 '
Received from ('fd00::200:0:0:8', 8765, 0, 0): b' 2303,8,3,768,0,527,11,8,7,1,2,-70,2,806,9107,151,0,0 '
Received from ('fd00::200:0:0:4', 8765, 0, 0): b' 2304,4,1,512,0,479,14,3,7,1,1,-66,1,1316,17346,153,0,0 '
Received from ('fd00::200:0:0:3', 8765, 0, 0): b' 2306,3,1,512,0,479,14,11,7,2,1,-64,10,4960,32078,153,0,0 '
Received from ('fd00::200:0:0:7', 8765, 0, 0): b' 2305,7,4,768,0,451,10,5,7,1,3,-70,0,480,8330,136,0,0 '
Received from ('fd00::200:0:0:e', 8765, 0, 0): b' 2305,14,11,1024,0,510,11,3,7,1,2,-70,1,1221,14913,141,0,0 '
Received from ('fd00::200:0:0:13', 8765, 0, 0): b' 2306,19,16,1280,0,509,5,3,7,1,1,-70,0,639,9173,141,0,0 '
Received from ('fd00::200:0:0:b', 8765, 0, 0): b' 2306,11,3,768,10,463,10,11,7,2,1,-95,10,4986,35911,322,1,4 '
Received from ('fd00::200:0:0:1', 5678, 0, 0): b' 2308,1,0,256,0,25,0,0,4,0,0,0,10,1423,15369,3027,0,0 '
Received from ('fd00::200:0:0:15', 8765, 0, 0): b' 2306,21,16,1280,0,485,5,3,5,1,1,-70,0,624,9471,145,0,0 '
Received from ('fd00::200:0:0:a', 8765, 0, 0): b' 2306,10,11,1024,0,561,8,6,7,1,1,-52,0,885,8883,144,0,0 '
Received from ('fd00::200:0:0:5', 8765, 0, 0): b' 2309,5,1,512,0,489,15,1,6,1,1,-94,1,1318,18346,153,0,0 '
Received from ('fd00::200:0:0:2', 8765, 0, 0): b' 2308,2,1,512,0,541,15,1,6,1,1,-88,0,384,6814,154,0,0 '
Received from ('fd00::200:0:0:9', 8765, 0, 0): b' 2308,9,5,768,0,494,11,4,7,1,2,-52,0,521,5739,140,0,0 '
Received from ('fd00::200:0:0:f', 8765, 0, 0): b' 2308,15,11,1024,0,496,7,12,7,1,2,-52,0,693,7033,117,0,0 '
Received from ('fd00::200:0:0:3', 8765, 0, 0): b' 2311,3,1,512,0,481,14,11,7,2,1,-64,10,2541,16433,153,0,0 '
Received from ('fd00::200:0:0:e', 8765, 0, 0): b' 2309,14,11,1024,0,510,11,3,7,1,2,-70,1,436,5866,141,0,0 '
Received from ('fd00::200:0:0:b', 8765, 0, 0): b' 2311,11,3,768,0,463,10,11,7,2,1,-95,10,1881,14543,323,1,4 '
Received from ('fd00::200:0:0:10', 8765, 0, 0): b' 2310,16,11,1024,0,489,10,11,7,1,2,-70,4,2101,24782,147,0,0 '
Received from ('fd00::200:0:0:12', 8765, 0, 0): b' 2312,18,14,1280,0,520,7,4,5,1,1,-52,0,1029,11733,139,0,0 '
Received from ('fd00::200:0:0:a', 8765, 0, 0): b' 2311,10,11,1024,0,561,8,6,7,1,1,-52,0,349,4445,144,0,0 '
Received from ('fd00::200:0:0:8', 8765, 0, 0): b' 2312,8,3,768,10,529,11,8,7,1,2,-70,2,906,12078,151,0,0 '
Received from ('fd00::200:0:0:11', 8765, 0, 0): b' 2311,17,16,1280,0,533,5,4,7,1,1,-52,0,718,10272,146,0,0 '
Received from ('fd00::200:0:0:d', 8765, 0, 0): b' 2312,13,8,1024,0,539,10,4,7,1,2,-70,0,960,14759,149,0,0 '
Received from ('fd00::200:0:0:5', 8765, 0, 0): b' 2312,5,1,512,0,491,15,1,6,1,1,-94,1,727,7814,153,0,0 '
Received from ('fd00::200:0:0:15', 8765, 0, 0): b' 2312,21,16,1280,10,488,5,3,5,1,1,-70,0,549,7146,146,0,0 '
Received from ('fd00::200:0:0:6', 8765, 0, 0): b' 2313,6,3,768,0,520,11,3,7,1,2,-70,0,1144,11390,143,0,0 '
Received from ('fd00::200:0:0:c', 8765, 0, 0): b' 2312,12,11,1024,0,545,12,11,7,1,3,-52,0,725,12260,149,0,0 '
Received from ('fd00::200:0:0:14', 8765, 0, 0): b' 2312,20,16,1280,0,501,7,8,7,1,2,-52,0,801,10367,122,0,0 '
Received from ('fd00::200:0:0:13', 8765, 0, 0): b' 2312,19,16,1280,0,509,5,3,7,1,1,-70,0,400,6875,141,0,0 '
Received from ('fd00::200:0:0:7', 8765, 0, 0): b' 2315,7,4,768,0,452,10,5,7,1,3,-70,0,498,8914,136,0,0 '
Received from ('fd00::200:0:0:2', 8765, 0, 0): b' 2315,2,1,512,0,544,15,1,6,1,1,-88,0,767,9709,155,0,0 '
Received from ('fd00::200:0:0:4', 8765, 0, 0): b' 2315,4,1,512,0,481,14,3,7,1,1,-66,1,1299,17701,154,0,0 '
Received from ('fd00::200:0:0:1', 5678, 0, 0): b' 2316,1,0,256,0,25,0,0,4,0,0,0,10,2708,25129,3042,0,0 '
Received from ('fd00::200:0:0:8', 8765, 0, 0): b' 2315,8,3,768,0,530,11,8,7,1,2,-70,2,732,7838,152,0,0 '
Received from ('fd00::200:0:0:3', 8765, 0, 0): b' 2317,3,1,512,0,482,14,11,7,2,1,-64,10,4220,24517,154,0,0 '
Received from ('fd00::200:0:0:12', 8765, 0, 0): b' 2318,18,14,1280,0,523,7,4,5,1,1,-52,0,603,5849,139,0,0 '
Received from ('fd00::200:0:0:f', 8765, 0, 0): b' 2316,15,11,1024,10,498,7,12,7,1,2,-52,0,564,7992,118,0,0 '
Received from ('fd00::200:0:0:11', 8765, 0, 0): b' 2318,17,16,1280,0,533,5,4,7,1,1,-52,0,280,6453,146,0,0 '
Received from ('fd00::200:0:0:9', 8765, 0, 0): b' 2319,9,5,768,0,498,11,4,7,1,2,-52,0,971,11302,140,0,0 '
Received from ('fd00::200:0:0:d', 8765, 0, 0): b' 2319,13,8,1024,0,539,10,4,7,1,2,-70,0,401,8420,149,0,0 '
Received from ('fd00::200:0:0:5', 8765, 0, 0): b' 2320,5,1,512,0,491,15,1,6,1,1,-94,1,691,11177,154,0,0 '
Received from ('fd00::200:0:0:14', 8765, 0, 0): b' 2319,20,16,1280,0,504,7,8,7,1,2,-52,0,625,6969,122,0,0 '
Received from ('fd00::200:0:0:a', 8765, 0, 0): b' 2320,10,11,1024,0,562,8,6,7,1,1,-52,0,466,8346,145,0,0 '
Received from ('fd00::200:0:0:e', 8765, 0, 0): b' 2320,14,11,1024,0,512,11,3,7,1,2,-70,1,1228,14322,142,0,0 '
Received from ('fd00::200:0:0:8', 8765, 0, 0): b' 2321,8,3,768,0,533,11,8,7,1,2,-70,2,858,9329,152,0,0 '
Received from ('fd00::200:0:0:b', 8765, 0, 0): b' 2322,11,3,768,0,465,10,11,7,2,1,-95,10,5025,37050,326,1,4 '
Received from ('fd00::200:0:0:4', 8765, 0, 0): b' 2323,4,1,512,0,482,14,3,7,1,1,-66,1,760,11153,154,0,0 '
Received from ('fd00::200:0:0:10', 8765, 0, 0): b' 2322,16,11,1024,20,492,10,11,7,1,2,-70,4,3327,31536,148,0,0 '
Received from ('fd00::200:0:0:15', 8765, 0, 0): b' 2322,21,16,1280,0,488,5,3,5,1,1,-70,0,560,10929,146,0,0 '
Received from ('fd00::200:0:0:13', 8765, 0, 0): b' 2321,19,16,1280,0,512,5,3,7,1,1,-70,0,704,9095,142,0,0 '
Received from ('fd00::200:0:0:7', 8765, 0, 0): b' 2324,7,4,768,0,455,10,5,7,1,3,-70,0,775,9134,137,0,0 '
Received from ('fd00::200:0:0:6', 8765, 0, 0): b' 2323,6,3,768,0,524,11,3,7,1,2,-70,0,908,10596,144,0,0 '
Received from ('fd00::200:0:0:12', 8765, 0, 0): b' 2325,18,14,1280,0,527,7,4,5,1,1,-52,0,787,7946,140,0,0 '
Received from ('fd00::200:0:0:c', 8765, 0, 0): b' 2323,12,11,1024,0,550,12,11,7,1,3,-52,0,1089,14256,150,0,0 '
Received from ('fd00::200:0:0:9', 8765, 0, 0): b' 2324,9,5,768,10,499,11,4,7,1,2,-52,0,320,4745,141,0,0 '
Received from ('fd00::200:0:0:1', 5678, 0, 0): b' 2326,1,0,256,0,25,0,0,4,0,0,0,10,2233,25676,3054,0,0 '
Received from ('fd00::200:0:0:2', 8765, 0, 0): b' 2326,2,1,512,0,548,15,1,6,1,1,-88,0,874,13475,155,0,0 '
Received from ('fd00::200:0:0:e', 8765, 0, 0): b' 2325,14,11,1024,0,513,11,3,7,1,2,-70,1,747,6311,142,0,0 '
Received from ('fd00::200:0:0:a', 8765, 0, 0): b' 2325,10,11,1024,0,564,8,6,7,1,1,-52,0,493,5044,145,0,0 '
Received from ('fd00::200:0:0:b', 8765, 0, 0): b' 2326,11,3,768,0,465,10,11,7,2,1,-95,10,2353,15843,327,1,4 '
Received from ('fd00::200:0:0:11', 8765, 0, 0): b' 2326,17,16,1280,0,536,5,4,7,1,1,-52,0,777,8194,147,0,0 '
Received from ('fd00::200:0:0:d', 8765, 0, 0): b' 2327,13,8,1024,0,541,10,4,7,1,2,-70,0,601,9705,150,0,0 '
Received from ('fd00::200:0:0:f', 8765, 0, 0): b' 2327,15,11,1024,0,500,7,12,7,1,2,-52,0,828,10598,119,0,0 '
Received from ('fd00::200:0:0:3', 8765, 0, 0): b' 2330,3,1,512,10,486,14,11,7,2,1,-64,10,6459,38975,155,0,0 '
Received from ('fd00::200:0:0:8', 8765, 0, 0): b' 2328,8,3,768,0,535,11,8,7,1,2,-70,2,986,11256,153,0,0 '
Received from ('fd00::200:0:0:4', 8765, 0, 0): b' 2330,4,1,512,0,484,14,3,7,1,1,-66,1,909,11107,155,0,0 '
Received from ('fd00::200:0:0:12', 8765, 0, 0): b' 2329,18,14,1280,0,529,7,4,5,1,1,-52,0,493,5542,140,0,0 '
Received from ('fd00::200:0:0:6', 8765, 0, 0): b' 2330,6,3,768,0,525,11,3,7,1,2,-70,0,455,5966,144,0,0 '
Received from ('fd00::200:0:0:13', 8765, 0, 0): b' 2329,19,16,1280,10,515,5,3,7,1,1,-70,0,753,8023,143,0,0 '
Received from ('fd00::200:0:0:14', 8765, 0, 0): b' 2330,20,16,1280,0,507,7,8,7,1,2,-52,0,898,10559,123,0,0 '
Received from ('fd00::200:0:0:7', 8765, 0, 0): b' 2332,7,4,768,0,459,10,5,7,1,3,-70,0,799,8514,137,0,0 '
Received from ('fd00::200:0:0:5', 8765, 0, 0): b' 2331,5,1,512,10,494,15,1,6,1,1,-94,1,1276,17689,155,0,0 '
Received from ('fd00::200:0:0:15', 8765, 0, 0): b' 2331,21,16,1280,0,493,5,3,5,1,1,-70,0,1020,12078,147,0,0 '
Received from ('fd00::200:0:0:e', 8765, 0, 0): b' 2332,14,11,1024,0,516,11,3,7,1,2,-70,1,1108,9611,143,0,0 '
Received from ('fd00::200:0:0:10', 8765, 0, 0): b' 2333,16,11,1024,0,495,10,11,7,1,2,-70,4,3102,29621,149,0,0 '
Received from ('fd00::200:0:0:b', 8765, 0, 0): b' 2334,11,3,768,0,467,10,11,7,2,1,-95,10,3194,24851,329,1,4 '
Received from ('fd00::200:0:0:2', 8765, 0, 0): b' 2335,2,1,512,0,551,15,1,6,1,1,-88,0,865,11416,156,0,0 '
Received from ('fd00::200:0:0:3', 8765, 0, 0): b' 2336,3,1,512,0,486,14,11,7,2,1,-64,10,2964,19843,155,0,0 '
Received from ('fd00::200:0:0:a', 8765, 0, 0): b' 2334,10,11,1024,10,565,8,6,7,1,1,-52,0,587,8944,146,0,0 '
Received from ('fd00::200:0:0:8', 8765, 0, 0): b' 2335,8,3,768,10,538,11,8,7,1,2,-70,2,825,10543,153,0,0 '
Received from ('fd00::200:0:0:c', 8765, 0, 0): b' 2335,12,11,1024,0,551,12,11,7,1,3,-52,0,588,13445,150,0,0 '
Received from ('fd00::200:0:0:14', 8765, 0, 0): b' 2335,20,16,1280,0,509,7,8,7,1,2,-52,0,494,5246,123,0,0 '
Received from ('fd00::200:0:0:9', 8765, 0, 0): b' 2336,9,5,768,0,500,11,4,7,1,2,-52,0,652,10938,141,0,0 '
Received from ('fd00::200:0:0:1', 5678, 0, 0): b' 2337,1,0,256,0,25,0,0,4,0,0,0,10,2947,30837,3071,0,0 '
Received from ('fd00::200:0:0:11', 8765, 0, 0): b' 2336,17,16,1280,10,539,5,4,7,1,1,-52,0,746,9569,147,0,0 '
Received from ('fd00::200:0:0:d', 8765, 0, 0): b' 2337,13,8,1024,0,545,10,4,7,1,2,-70,0,852,12596,150,0,0 '
Received from ('fd00::200:0:0:f', 8765, 0, 0): b' 2337,15,11,1024,0,502,7,12,7,1,2,-52,0,641,9703,119,0,0 '
Received from ('fd00::200:0:0:6', 8765, 0, 0): b' 2338,6,3,768,0,528,11,3,7,1,2,-70,0,775,8191,145,0,0 '
Received from ('fd00::200:0:0:5', 8765, 0, 0): b' 2339,5,1,512,0,497,15,1,6,1,1,-94,1,997,12157,155,0,0 '
Received from ('fd00::200:0:0:4', 8765, 0, 0): b' 2339,4,1,512,0,487,14,3,7,1,1,-66,1,1227,15605,155,0,0 '
Received from ('fd00::200:0:0:12', 8765, 0, 0): b' 2337,18,14,1280,10,531,7,4,5,1,1,-52,0,670,8598,141,0,0 '
Received from ('fd00::200:0:0:10', 8765, 0, 0): b' 2338,16,11,1024,10,496,10,11,7,1,2,-70,4,1302,13958,149,0,0 '
Received from ('fd00::200:0:0:a', 8765, 0, 0): b' 2338,10,11,1024,10,566,8,6,7,1,1,-52,0,340,3759,146,0,0 '
Received from ('fd00::200:0:0:b', 8765, 0, 0): b' 2339,11,3,768,0,469,10,11,7,2,1,-95,10,2771,18075,331,1,4 '
Received from ('fd00::200:0:0:13', 8765, 0, 0): b' 2338,19,16,1280,10,519,5,3,7,1,1,-70,0,649,8392,143,0,0 '
Received from ('fd00::200:0:0:7', 8765, 0, 0): b' 2342,7,4,768,0,463,10,5,7,1,3,-70,0,906,9966,138,0,0 '
Received from ('fd00::200:0:0:9', 8765, 0, 0): b' 2341,9,5,768,0,503,11,4,7,1,2,-52,0,548,5534,142,0,0 '
Received from ('fd00::200:0:0:3', 8765, 0, 0): b' 2343,3,1,512,0,488,14,11,7,2,1,-64,10,4146,24140,156,0,0 '
Received from ('fd00::200:0:0:2', 8765, 0, 0): b' 2342,2,1,512,10,552,15,1,6,1,1,-88,0,379,7918,156,0,0 '
Received from ('fd00::200:0:0:d', 8765, 0, 0): b' 2342,13,8,1024,0,546,10,4,7,1,2,-70,0,447,5900,151,0,0 '
Received from ('fd00::200:0:0:15', 8765, 0, 0): b' 2342,21,16,1280,0,495,5,3,5,1,1,-70,0,750,13585,148,0,0 '
Received from ('fd00::200:0:0:e', 8765, 0, 0): b' 2342,14,11,1024,0,516,11,3,7,1,2,-70,1,824,13064,143,0,0 '
Received from ('fd00::200:0:0:12', 8765, 0, 0): b' 2342,18,14,1280,0,532,7,4,5,1,1,-52,0,387,4758,141,0,0 '
Received from ('fd00::200:0:0:a', 8765, 0, 0): b' 2343,10,11,1024,0,566,8,6,7,1,1,-52,0,280,4426,146,0,0 '
Received from ('fd00::200:0:0:f', 8765, 0, 0): b' 2344,15,11,1024,0,503,7,12,7,1,2,-52,0,443,5930,120,0,0 '
Received from ('fd00::200:0:0:14', 8765, 0, 0): b' 2344,20,16,1280,0,511,7,8,7,1,2,-52,0,573,8346,124,0,0 '
Received from ('fd00::200:0:0:c', 8765, 0, 0): b' 2344,12,11,1024,0,553,12,11,7,1,3,-52,0,726,11569,151,0,0 '
Received from ('fd00::200:0:0:1', 5678, 0, 0): b' 2347,1,0,256,0,25,0,0,4,0,0,0,10,2690,25869,3088,0,0 '
Received from ('fd00::200:0:0:8', 8765, 0, 0): b' 2346,8,3,768,0,541,11,8,7,1,2,-70,2,1524,18616,154,0,0 '
Received from ('fd00::200:0:0:11', 8765, 0, 0): b' 2346,17,16,1280,0,542,5,4,7,1,1,-52,0,706,9495,148,0,0 '
Received from ('fd00::200:0:0:3', 8765, 0, 0): b' 2348,3,1,512,10,488,14,11,7,2,1,-64,10,2857,18318,156,0,0 '
Received from ('fd00::200:0:0:b', 8765, 0, 0): b' 2348,11,3,768,0,471,10,11,7,2,1,-95,10,3565,26732,332,1,4 '
Received from ('fd00::200:0:0:5', 8765, 0, 0): b' 2348,5,1,512,0,497,15,1,6,1,1,-94,1,869,14420,156,0,0 '
Received from ('fd00::200:0:0:13', 8765, 0, 0): b' 2348,19,16,1280,0,522,5,3,7,1,1,-70,0,909,9789,144,0,0 '
Received from ('fd00::200:0:0:15', 8765, 0, 0): b' 2348,21,16,1280,0,498,5,3,5,1,1,-70,0,601,7556,148,0,0 '
Received from ('fd00::200:0:0:4', 8765, 0, 0): b' 2350,4,1,512,10,490,14,3,7,1,1,-66,1,1333,17320,156,0,0 '
Received from ('fd00::200:0:0:10', 8765, 0, 0): b' 2349,16,11,1024,0,497,10,11,7,1,2,-70,4,2844,27971,150,0,0 '
Received from ('fd00::200:0:0:7', 8765, 0, 0): b' 2350,7,4,768,0,466,10,5,7,1,3,-70,0,775,8492,139,0,0 '
Received from ('fd00::200:0:0:6', 8765, 0, 0): b' 2350,6,3,768,0,531,11,3,7,1,2,-70,0,823,11316,146,0,0 '
Received from ('fd00::200:0:0:e', 8765, 0, 0): b' 2350,14,11,1024,10,518,11,3,7,1,2,-70,1,1017,10150,144,0,0 '
Received from ('fd00::200:0:0:12', 8765, 0, 0): b' 2348,18,14,1280,0,534,7,4,5,1,1,-52,0,493,6281,141,0,0 '
Received from ('fd00::200:0:0:14', 8765, 0, 0): b' 2351,20,16,1280,0,513,7,8,7,1,2,-52,0,517,6861,124,0,0 '
Received from ('fd00::200:0:0:9', 8765, 0, 0): b' 2351,9,5,768,10,508,11,4,7,1,2,-52,0,753,9366,142,0,0 '
Received from ('fd00::200:0:0:a', 8765, 0, 0): b' 2351,10,11,1024,0,569,8,6,7,1,1,-52,0,680,7686,147,0,0 '
Received from ('fd00::200:0:0:d', 8765, 0, 0): b' 2352,13,8,1024,0,547,10,4,7,1,2,-70,0,434,11261,151,0,0 '
Received from ('fd00::200:0:0:5', 8765, 0, 0): b' 2354,5,1,512,0,499,15,1,6,1,1,-94,1,812,7119,156,0,0 '
Received from ('fd00::200:0:0:3', 8765, 0, 0): b' 2354,3,1,512,10,489,14,11,7,2,1,-64,10,2797,16988,156,0,0 '
Received from ('fd00::200:0:0:2', 8765, 0, 0): b' 2353,2,1,512,0,556,15,1,6,1,1,-88,0,950,13775,157,0,0 '
Received from ('fd00::200:0:0:15', 8765, 0, 0): b' 2353,21,16,1280,0,499,5,3,5,1,1,-70,0,362,5173,148,0,0 '
Received from ('fd00::200:0:0:7', 8765, 0, 0): b' 2354,7,4,768,10,467,10,5,7,1,3,-70,0,360,4240,139,0,0 '
Received from ('fd00::200:0:0:c', 8765, 0, 0): b' 2354,12,11,1024,0,555,12,11,7,1,3,-52,0,726,12580,152,0,0 '
Received from ('fd00::200:0:0:f', 8765, 0, 0): b' 2355,15,11,1024,0,504,7,12,7,1,2,-52,0,532,9954,120,0,0 '
Received from ('fd00::200:0:0:4', 8765, 0, 0): b' 2356,4,1,512,0,492,14,3,7,1,1,-66,1,923,10102,156,0,0 '
Received from ('fd00::200:0:0:14', 8765, 0, 0): b' 2355,20,16,1280,0,514,7,8,7,1,2,-52,0,418,4148,125,0,0 '
Received from ('fd00::200:0:0:e', 8765, 0, 0): b' 2356,14,11,1024,0,518,11,3,7,1,2,-70,1,637,7349,144,0,0 '
Received from ('fd00::200:0:0:11', 8765, 0, 0): b' 2356,17,16,1280,0,545,5,4,7,1,1,-52,0,801,9900,149,0,0 '
Received from ('fd00::200:0:0:5', 8765, 0, 0): b' 2359,5,1,512,0,501,15,1,6,1,1,-94,1,603,7778,156,0,0 '
Received from ('fd00::200:0:0:1', 5678, 0, 0): b' 2358,1,0,256,0,25,0,0,4,0,0,0,10,2859,30784,3103,0,0 '
Received from ('fd00::200:0:0:b', 8765, 0, 0): b' 2357,11,3,768,10,474,10,11,7,2,1,-95,10,4301,31244,334,1,4 '
Received from ('fd00::200:0:0:13', 8765, 0, 0): b' 2356,19,16,1280,0,523,5,3,7,1,1,-70,0,507,7804,144,0,0 '
Received from ('fd00::200:0:0:6', 8765, 0, 0): b' 2357,6,3,768,0,532,11,3,7,1,2,-70,0,409,6852,146,0,0 '
Received from ('fd00::200:0:0:8', 8765, 0, 0): b' 2358,8,3,768,0,544,11,8,7,1,2,-70,2,1404,18435,155,0,0 '
Received from ('fd00::200:0:0:12', 8765, 0, 0): b' 2356,18,14,1280,0,538,7,4,5,1,1,-52,0,787,7871,142,0,0 '
Received from ('fd00::200:0:0:10', 8765, 0, 0): b' 2358,16,11,1024,0,498,10,11,7,1,2,-70,4,2261,22615,150,0,0 '
Received from ('fd00::200:0:0:3', 8765, 0, 0): b' 2360,3,1,512,10,491,14,11,7,2,1,-64,10,3742,21990,157,0,0 '
Received from ('fd00::200:0:0:7', 8765, 0, 0): b' 2360,7,4,768,0,468,10,5,7,1,3,-70,0,379,5539,139,0,0 '
Received from ('fd00::200:0:0:15', 8765, 0, 0): b' 2359,21,16,1280,10,501,5,3,5,1,1,-70,0,577,7866,149,0,0 '
Received from ('fd00::200:0:0:f', 8765, 0, 0): b' 2359,15,11,1024,10,506,7,12,7,1,2,-52,0,443,5231,121,0,0 '
Received from ('fd00::200:0:0:9', 8765, 0, 0): b' 2362,9,5,768,0,509,11,4,7,1,2,-52,0,693,9610,143,0,0 '
Received from ('fd00::200:0:0:d', 8765, 0, 0): b' 2361,13,8,1024,0,550,10,4,7,1,2,-70,0,830,11935,152,0,0 '
Received from ('fd00::200:0:0:a', 8765, 0, 0): b' 2362,10,11,1024,0,571,8,6,7,1,1,-52,0,694,10291,148,0,0 '
Received from ('fd00::200:0:0:10', 8765, 0, 0): b' 2362,16,11,1024,10,498,10,11,7,1,2,-70,4,825,11067,151,0,0 '
Received from ('fd00::200:0:0:13', 8765, 0, 0): b' 2362,19,16,1280,0,524,5,3,7,1,1,-70,0,442,5798,145,0,0 '
Received from ('fd00::200:0:0:2', 8765, 0, 0): b' 2365,2,1,512,0,559,15,1,6,1,1,-88,0,843,13980,158,0,0 '
Received from ('fd00::200:0:0:4', 8765, 0, 0): b' 2364,4,1,512,10,494,14,3,7,1,1,-66,1,911,12472,157,0,0 '
Received from ('fd00::200:0:0:8', 8765, 0, 0): b' 2364,8,3,768,0,546,11,8,7,1,2,-70,2,784,9494,155,0,0 '
Received from ('fd00::200:0:0:12', 8765, 0, 0): b' 2362,18,14,1280,0,542,7,4,5,1,1,-52,0,804,6451,142,0,0 '
Received from ('fd00::200:0:0:5', 8765, 0, 0): b' 2366,5,1,512,0,504,15,1,6,1,1,-94,1,959,11304,157,0,0 '
Received from ('fd00::200:0:0:6', 8765, 0, 0): b' 2365,6,3,768,0,536,11,3,7,1,2,-70,0,882,8333,147,0,0 '
Received from ('fd00::200:0:0:1', 5678, 0, 0): b' 2366,1,0,256,0,25,0,0,4,0,0,0,10,1983,21186,3114,0,0 '
Received from ('fd00::200:0:0:3', 8765, 0, 0): b' 2367,3,1,512,10,494,14,11,7,2,1,-64,10,3363,21189,157,0,0 '
Received from ('fd00::200:0:0:f', 8765, 0, 0): b' 2365,15,11,1024,0,507,7,13,7,1,2,-52,0,500,5016,121,0,0 '
Received from ('fd00::200:0:0:c', 8765, 0, 0): b' 2365,12,11,1024,0,559,12,11,7,1,3,-52,0,856,13279,152,0,0 '
Received from ('fd00::200:0:0:11', 8765, 0, 0): b' 2364,17,16,1280,10,548,5,4,7,1,1,-52,0,638,8016,149,0,0 '
Received from ('fd00::200:0:0:14', 8765, 0, 0): b' 2365,20,16,1280,10,517,7,8,7,1,2,-52,0,638,9125,125,0,0 '
Received from ('fd00::200:0:0:e', 8765, 0, 0): b' 2365,14,11,1024,10,520,11,3,7,1,2,-70,1,1247,12662,145,0,0 '
Received from ('fd00::200:0:0:15', 8765, 0, 0): b' 2367,21,16,1280,10,504,5,3,5,1,1,-70,0,615,9860,149,0,0 '
Received from ('fd00::200:0:0:8', 8765, 0, 0): b' 2368,8,3,768,0,549,11,8,7,1,2,-70,2,886,7305,155,0,0 '
Received from ('fd00::200:0:0:b', 8765, 0, 0): b' 2368,11,3,768,0,476,10,11,7,2,1,-95,10,5147,36414,337,1,4 '
Received from ('fd00::200:0:0:9', 8765, 0, 0): b' 2370,9,5,768,0,510,11,4,7,1,2,-52,0,561,7390,144,0,0 '
Received from ('fd00::200:0:0:13', 8765, 0, 0): b' 2368,19,16,1280,0,525,5,3,7,1,1,-70,0,554,5569,145,0,0 '
Received from ('fd00::200:0:0:4', 8765, 0, 0): b' 2370,4,1,512,0,494,14,3,7,1,1,-66,1,363,8202,157,0,0 '
Received from ('fd00::200:0:0:7', 8765, 0, 0): b' 2370,7,4,768,0,469,10,5,7,1,3,-70,0,585,9652,140,0,0 '
Received from ('fd00::200:0:0:3', 8765, 0, 0): b' 2371,3,1,512,10,496,14,11,7,2,1,-64,10,2726,15686,158,0,0 '
Received from ('fd00::200:0:0:a', 8765, 0, 0): b' 2370,10,11,1024,0,573,8,6,7,1,1,-52,0,639,8152,148,0,0 '
Received from ('fd00::200:0:0:1', 5678, 0, 0): b' 2372,1,0,256,0,25,0,0,4,0,0,0,10,1848,18070,3126,0,0 '
Received from ('fd00::200:0:0:12', 8765, 0, 0): b' 2372,18,14,1280,0,544,7,4,5,1,1,-52,0,597,8427,143,0,0 '
Received from ('fd00::200:0:0:b', 8765, 0, 0): b' 2375,11,3,768,10,478,10,11,7,2,1,-95,10,1852,14427,338,1,4 '
Received from ('fd00::200:0:0:2', 8765, 0, 0): b' 2374,2,1,512,0,561,15,1,6,1,1,-88,0,688,10920,159,0,0 '
Received from ('fd00::200:0:0:d', 8765, 0, 0): b' 2372,13,8,1024,0,551,10,4,7,1,2,-70,0,686,13733,153,0,0 '
Received from ('fd00::200:0:0:c', 8765, 0, 0): b' 2373,12,11,1024,0,563,12,11,7,1,3,-52,0,819,10306,153,0,0 '
Received from ('fd00::200:0:0:15', 8765, 0, 0): b' 2373,21,16,1280,10,506,5,3,5,1,1,-70,0,578,7380,150,0,0 '
Received from ('fd00::200:0:0:9', 8765, 0, 0): b' 2375,9,5,768,0,511,11,4,7,1,2,-52,0,360,5236,144,0,0 '
Received from ('fd00::200:0:0:13', 8765, 0, 0): b' 2373,19,16,1280,0,525,5,3,7,1,1,-70,0,279,5123,145,0,0 '
Received from ('fd00::200:0:0:10', 8765, 0, 0): b' 2374,16,11,1024,0,499,10,11,7,1,2,-70,4,3128,30615,151,0,0 '
Received from ('fd00::200:0:0:5', 8765, 0, 0): b' 2376,5,1,512,0,507,15,1,6,1,1,-94,1,1388,17314,158,0,0 '
Received from ('fd00::200:0:0:6', 8765, 0, 0): b' 2377,6,3,768,0,538,11,3,7,1,2,-70,0,636,9818,147,0,0 '
Received from ('fd00::200:0:0:11', 8765, 0, 0): b' 2374,17,16,1280,20,550,5,4,7,1,1,-52,0,671,9411,150,0,0 '
Received from ('fd00::200:0:0:7', 8765, 0, 0): b' 2376,7,4,768,0,471,10,5,7,1,3,-70,0,491,6218,140,0,0 '
Received from ('fd00::200:0:0:e', 8765, 0, 0): b' 2375,14,11,1024,0,525,11,3,7,1,2,-70,1,1481,13875,146,0,0 '
Received from ('fd00::200:0:0:14', 8765, 0, 0): b' 2376,20,16,1280,0,521,7,8,7,1,2,-52,0,1016,11042,126,0,0 '
Received from ('fd00::200:0:0:f', 8765, 0, 0): b' 2376,15,11,1024,0,509,7,13,7,1,2,-52,0,622,10827,122,0,0 '
Received from ('fd00::200:0:0:2', 8765, 0, 0): b' 2379,2,1,512,0,561,15,1,6,1,1,-88,0,181,6040,159,0,0 '
Received from ('fd00::200:0:0:4', 8765, 0, 0): b' 2379,4,1,512,0,497,14,3,7,1,1,-66,1,1393,15139,158,0,0 '
Received from ('fd00::200:0:0:a', 8765, 0, 0): b' 2378,10,11,1024,10,573,8,6,7,1,1,-52,0,335,7442,149,0,0 '
Received from ('fd00::200:0:0:9', 8765, 0, 0): b' 2380,9,5,768,0,511,11,4,7,1,2,-52,0,277,4908,144,0,0 '
Received from ('fd00::200:0:0:c', 8765, 0, 0): b' 2378,12,11,1024,0,565,12,11,7,1,3,-52,0,497,7066,153,0,0 '
Received from ('fd00::200:0:0:8', 8765, 0, 0): b' 2380,8,3,768,10,551,11,8,7,1,2,-70,2,1151,17243,156,0,0 '
Received from ('fd00::200:0:0:1', 5678, 0, 0): b' 2381,1,0,256,0,25,0,0,4,0,0,0,10,2227,23064,3137,0,0 '
Received from ('fd00::200:0:0:b', 8765, 0, 0): b' 2383,11,3,768,0,480,10,11,7,2,1,-95,10,3697,27529,340,1,4 '
Received from ('fd00::200:0:0:3', 8765, 0, 0): b' 2383,3,1,512,20,501,14,11,7,2,1,-64,10,5964,37487,158,0,0 '
Received from ('fd00::200:0:0:13', 8765, 0, 0): b' 2381,19,16,1280,0,526,5,3,7,1,1,-70,0,484,7193,146,0,0 '
Received from ('fd00::200:0:0:d', 8765, 0, 0): b' 2382,13,8,1024,0,554,10,4,7,1,2,-70,0,746,11104,153,0,0 '
Received from ('fd00::200:0:0:2', 8765, 0, 0): b' 2384,2,1,512,10,564,15,1,6,1,1,-88,0,574,6629,159,0,0 '
Received from ('fd00::200:0:0:4', 8765, 0, 0): b' 2384,4,1,512,0,498,14,3,7,1,1,-66,1,502,7448,158,0,0 '
Received from ('fd00::200:0:0:11', 8765, 0, 0): b' 2382,17,16,1280,0,553,5,4,7,1,1,-52,0,756,8316,150,0,0 '
Received from ('fd00::200:0:0:12', 8765, 0, 0): b' 2383,18,14,1280,0,546,7,4,5,1,1,-52,0,694,10459,144,0,0 '
Received from ('fd00::200:0:0:1', 5678, 0, 0): b' 2385,1,0,256,0,25,0,0,4,0,0,0,10,997,11724,3144,0,0 '
Received from ('fd00::200:0:0:8', 8765, 0, 0): b' 2386,8,3,768,0,551,11,8,7,1,2,-70,2,743,10415,156,0,0 '
Received from ('fd00::200:0:0:6', 8765, 0, 0): b' 2387,6,3,768,0,540,11,3,7,1,2,-70,0,692,9543,148,0,0 '
Received from ('fd00::200:0:0:10', 8765, 0, 0): b' 2385,16,11,1024,10,500,10,11,7,1,2,-70,4,2656,29237,152,0,0 '
Received from ('fd00::200:0:0:9', 8765, 0, 0): b' 2388,9,5,768,0,515,11,4,7,1,2,-52,0,785,7736,145,0,0 '
Received from ('fd00::200:0:0:7', 8765, 0, 0): b' 2387,7,4,768,0,477,10,5,7,1,3,-70,0,1144,11644,141,0,0 '
Received from ('fd00::200:0:0:b', 8765, 0, 0): b' 2389,11,3,768,60,481,10,11,7,1,1,-95,10,2512,19077,342,1,4 '
Received from ('fd00::200:0:0:3', 8765, 0, 0): b' 2388,3,1,512,0,502,14,11,7,2,1,-64,10,3011,17326,159,0,0 '
Received from ('fd00::200:0:0:5', 8765, 0, 0): b' 2388,5,1,512,0,508,15,1,6,1,1,-94,1,1188,17663,158,0,0 '
Received from ('fd00::200:0:0:15', 8765, 0, 0): b' 2384,21,16,1280,10,509,5,3,5,1,1,-70,0,770,14334,150,0,0 '
Received from ('fd00::200:0:0:e', 8765, 0, 0): b' 2386,14,11,1024,0,529,11,3,7,1,2,-70,1,1294,13633,146,0,0 '
Received from ('fd00::200:0:0:13', 8765, 0, 0): b' 2385,19,16,1280,10,527,5,3,7,1,1,-70,0,362,4315,146,0,0 '
Received from ('fd00::200:0:0:f', 8765, 0, 0): b' 2386,15,11,1024,0,512,7,13,7,1,2,-52,0,804,10046,123,0,0 '
Received from ('fd00::200:0:0:14', 8765, 0, 0): b' 2386,20,16,1280,0,525,7,8,7,1,2,-52,0,911,10383,127,0,0 '
Received from ('fd00::200:0:0:12', 8765, 0, 0): b' 2387,18,14,1280,0,547,7,4,5,1,1,-52,0,363,4167,144,0,0 '
Received from ('fd00::200:0:0:c', 8765, 0, 0): b' 2387,12,11,1024,0,567,12,11,7,1,3,-52,0,771,11012,154,0,0 '
Received from ('fd00::200:0:0:a', 8765, 0, 0): b' 2389,10,11,1024,0,577,8,6,7,1,1,-52,0,878,10121,149,0,0 '
Received from ('fd00::200:0:0:3', 8765, 0, 0): b' 2393,3,1,512,0,504,14,11,7,2,1,-64,10,2605,14971,159,0,0 '
Received from ('fd00::200:0:0:4', 8765, 0, 0): b' 2393,4,1,512,0,501,14,3,7,1,1,-66,1,1246,13883,159,0,0 '
Received from ('fd00::200:0:0:7', 8765, 0, 0): b' 2392,7,4,768,0,478,10,5,7,1,3,-70,0,386,5123,141,0,0 '
Received from ('fd00::200:0:0:10', 8765, 0, 0): b' 2392,16,11,1024,0,504,10,11,7,1,2,-70,4,1845,16509,153,0,0 '
Received from ('fd00::200:0:0:d', 8765, 0, 0): b' 2393,13,8,1024,0,557,10,4,7,1,2,-70,0,830,13209,154,0,0 '
Received from ('fd00::200:0:0:b', 8765, 0, 0): b' 2395,11,3,768,20,483,10,11,7,1,1,-95,10,3244,21696,343,1,4 '
Received from ('fd00::200:0:0:15', 8765, 0, 0): b' 2392,21,16,1280,0,509,5,3,5,1,1,-70,0,390,8951,151,0,0 '
Received from ('fd00::200:0:0:12', 8765, 0, 0): b' 2393,18,14,1280,0,547,7,4,5,1,1,-52,0,279,4683,144,0,0 '
Received from ('fd00::200:0:0:5', 8765, 0, 0): b' 2396,5,1,512,0,508,15,1,6,1,1,-94,1,644,11628,159,0,0 '
Received from ('fd00::200:0:0:1', 5678, 0, 0): b' 2395,1,0,256,0,25,0,0,4,0,0,0,10,2548,27182,3160,0,0 '
Received from ('fd00::200:0:0:2', 8765, 0, 0): b' 2395,2,1,512,0,565,15,1,6,1,1,-88,0,726,13459,160,0,0 '
Received from ('fd00::200:0:0:e', 8765, 0, 0): b' 2393,14,11,1024,0,531,11,3,7,1,2,-70,1,989,9217,147,0,0 '
Received from ('fd00::200:0:0:c', 8765, 0, 0): b' 2393,12,11,1024,0,567,12,11,7,1,3,-52,0,283,6581,154,0,0 '
Received from ('fd00::200:0:0:14', 8765, 0, 0): b' 2393,20,16,1280,0,527,7,8,7,1,2,-52,0,518,7036,127,0,0 '
Received from ('fd00::200:0:0:11', 8765, 0, 0): b' 2394,17,16,1280,0,557,5,4,7,1,1,-52,0,908,11401,151,0,0 '
Received from ('fd00::200:0:0:7', 8765, 0, 0): b' 2397,7,4,768,0,480,10,5,7,1,3,-70,0,523,5285,142,0,0 '
Received from ('fd00::200:0:0:8', 8765, 0, 0): b' 2398,8,3,768,0,553,11,8,7,1,2,-70,2,1175,18290,157,0,0 '
Received from ('fd00::200:0:0:13', 8765, 0, 0): b' 2396,19,16,1280,0,530,5,3,7,1,1,-70,0,826,11207,147,0,0 '
Received from ('fd00::200:0:0:6', 8765, 0, 0): b' 2399,6,3,768,0,544,11,3,7,1,2,-70,0,930,11836,149,0,0 '
Received from ('fd00::200:0:0:9', 8765, 0, 0): b' 2399,9,5,768,0,518,11,4,7,1,2,-52,0,799,10752,146,0,0 '
Received from ('fd00::200:0:0:4', 8765, 0, 0): b' 2399,4,1,512,0,502,14,3,7,1,1,-66,1,875,9911,159,0,0 '
Received from ('fd00::200:0:0:a', 8765, 0, 0): b' 2398,10,11,1024,0,578,8,6,7,1,1,-52,0,564,8214,150,0,0 '
Received from ('fd00::200:0:0:3', 8765, 0, 0): b' 2401,3,1,512,10,507,14,11,7,2,1,-64,10,4457,25340,159,0,0 '
Received from ('fd00::200:0:0:f', 8765, 0, 0): b' 2398,15,11,1024,0,516,7,13,7,1,2,-52,0,976,11236,123,0,0 '
Received from ('fd00::200:0:0:12', 8765, 0, 0): b' 2398,18,14,1280,0,547,7,4,5,1,1,-52,0,335,5539,145,0,0 '
Received from ('fd00::200:0:0:15', 8765, 0, 0): b' 2400,21,16,1280,0,513,5,3,5,1,1,-70,0,828,10285,151,0,0 '
Received from ('fd00::200:0:0:e', 8765, 0, 0): b' 2401,14,11,1024,0,535,11,3,7,1,2,-70,1,1141,10647,147,0,0 '
Received from ('fd00::200:0:0:2', 8765, 0, 0): b' 2402,2,1,512,10,569,15,1,6,1,1,-88,0,781,8691,161,0,0 '
Received from ('fd00::200:0:0:c', 8765, 0, 0): b' 2401,12,11,1024,0,567,12,11,7,1,3,-52,0,487,9505,155,0,0 '
Received from ('fd00::200:0:0:5', 8765, 0, 0): b' 2403,5,1,512,0,509,15,1,6,1,1,-94,1,781,11586,159,0,0 '
Received from ('fd00::200:0:0:10', 8765, 0, 0): b' 2402,16,11,1024,0,507,10,11,7,1,2,-70,4,2794,27402,153,0,0 '
Received from ('fd00::200:0:0:d', 8765, 0, 0): b' 2404,13,8,1024,0,561,10,4,7,1,2,-70,0,961,13324,155,0,0 '
Received from ('fd00::200:0:0:14', 8765, 0, 0): b' 2402,20,16,1280,0,527,7,8,7,1,2,-52,0,456,7963,128,0,0 '
Received from ('fd00::200:0:0:1', 5678, 0, 0): b' 2405,1,0,256,0,25,0,0,4,0,0,0,10,2748,26669,3175,0,0 '
Received from ('fd00::200:0:0:12', 8765, 0, 0): b' 2403,18,14,1280,0,550,7,4,5,1,1,-52,0,576,4837,145,0,0 '
Received from ('fd00::200:0:0:6', 8765, 0, 0): b' 2405,6,3,768,0,545,11,3,7,1,2,-70,0,385,6318,149,0,0 '
Received from ('fd00::200:0:0:b', 8765, 0, 0): b' 2406,11,3,768,10,487,10,11,7,1,1,-95,10,5512,37849,346,1,4 '
Received from ('fd00::200:0:0:11', 8765, 0, 0): b' 2404,17,16,1280,0,562,5,4,7,1,1,-52,0,1016,10245,152,0,0 '
Received from ('fd00::200:0:0:4', 8765, 0, 0): b' 2407,4,1,512,0,503,14,3,7,1,1,-66,1,652,12379,160,0,0 '
Received from ('fd00::200:0:0:13', 8765, 0, 0): b' 2405,19,16,1280,0,532,5,3,7,1,1,-70,0,542,8596,147,0,0 '
Received from ('fd00::200:0:0:7', 8765, 0, 0): b' 2408,7,4,768,0,483,10,5,7,1,3,-70,0,743,10096,142,0,0 '
Received from ('fd00::200:0:0:a', 8765, 0, 0): b' 2407,10,11,1024,0,582,8,6,7,1,1,-52,0,908,9166,151,0,0 '
Received from ('fd00::200:0:0:8', 8765, 0, 0): b' 2409,8,3,768,0,555,11,8,7,1,2,-70,2,1303,16666,158,0,0 '
Received from ('fd00::200:0:0:9', 8765, 0, 0): b' 2410,9,5,768,0,522,11,4,7,1,2,-52,0,875,10213,146,0,0 '
Received from ('fd00::200:0:0:f', 8765, 0, 0): b' 2407,15,11,1024,0,519,7,13,7,1,2,-52,0,707,9405,124,0,0 '
Received from ('fd00::200:0:0:1', 5678, 0, 0): b' 2409,1,0,256,0,25,0,0,4,0,0,0,10,1116,11904,3182,0,0 '
Received from ('fd00::200:0:0:14', 8765, 0, 0): b' 2408,20,16,1280,0,527,7,8,7,1,2,-52,0,279,5322,128,0,0 '
Received from ('fd00::200:0:0:e', 8765, 0, 0): b' 2408,14,11,1024,0,537,11,3,7,1,2,-70,1,1018,10034,148,0,0 '
Received from ('fd00::200:0:0:6', 8765, 0, 0): b' 2411,6,3,768,0,546,11,3,7,1,2,-70,0,440,5452,150,0,0 '
Received from ('fd00::200:0:0:2', 8765, 0, 0): b' 2411,2,1,512,0,571,15,1,6,1,1,-88,0,637,10846,161,0,0 '
Received from ('fd00::200:0:0:c', 8765, 0, 0): b' 2410,12,11,1024,10,572,12,11,7,1,3,-52,0,841,11564,155,0,0 '
Received from ('fd00::200:0:0:11', 8765, 0, 0): b' 2410,17,16,1280,0,563,5,4,7,1,1,-52,0,389,5439,152,0,0 '
Received from ('fd00::200:0:0:3', 8765, 0, 0): b' 2413,3,1,512,0,509,14,11,7,2,1,-64,10,5952,34189,160,0,0 '
Received from ('fd00::200:0:0:10', 8765, 0, 0): b' 2411,16,11,1024,10,509,10,11,7,1,2,-70,4,2366,24354,154,0,0 '
Received from ('fd00::200:0:0:5', 8765, 0, 0): b' 2413,5,1,512,10,514,15,1,6,1,1,-94,1,1433,15916,160,0,0 '
Received from ('fd00::200:0:0:15', 8765, 0, 0): b' 2410,21,16,1280,0,515,5,3,5,1,1,-70,0,723,12198,152,0,0 '
Received from ('fd00::200:0:0:d', 8765, 0, 0): b' 2413,13,8,1024,0,564,10,4,7,1,2,-70,0,625,11073,155,0,0 '
Received from ('fd00::200:0:0:13', 8765, 0, 0): b' 2412,19,16,1280,0,534,5,3,7,1,1,-70,0,646,6490,148,0,0 '
Received from ('fd00::200:0:0:b', 8765, 0, 0): b' 2415,11,3,768,0,487,10,11,7,1,1,-95,10,4161,31249,348,1,4 '
Received from ('fd00::200:0:0:a', 8765, 0, 0): b' 2413,10,11,1024,0,585,8,6,7,1,1,-52,0,600,6672,151,0,0 '
Received from ('fd00::200:0:0:9', 8765, 0, 0): b' 2416,9,5,768,0,522,11,4,7,1,2,-52,0,334,6069,147,0,0 '
Received from ('fd00::200:0:0:12', 8765, 0, 0): b' 2414,18,14,1280,0,553,7,4,5,1,1,-52,0,825,10942,146,0,0 '
Received from ('fd00::200:0:0:11', 8765, 0, 0): b' 2415,17,16,1280,0,564,5,4,7,1,1,-52,0,442,5114,153,0,0 '
Received from ('fd00::200:0:0:14', 8765, 0, 0): b' 2415,20,16,1280,0,528,7,8,7,1,2,-52,0,466,7099,129,0,0 '
Received from ('fd00::200:0:0:1', 5678, 0, 0): b' 2417,1,0,256,0,25,0,0,4,0,0,0,10,1931,21497,3194,0,0 '
Received from ('fd00::200:0:0:7', 8765, 0, 0): b' 2417,7,4,768,0,486,10,5,7,1,3,-70,0,703,9895,143,0,0 '
Received from ('fd00::200:0:0:4', 8765, 0, 0): b' 2418,4,1,512,0,505,14,3,7,1,1,-66,1,1268,17426,160,0,0 '
Received from ('fd00::200:0:0:e', 8765, 0, 0): b' 2417,14,11,1024,0,540,11,3,7,1,2,-70,1,1080,11170,148,0,0 '
Received from ('fd00::200:0:0:10', 8765, 0, 0): b' 2417,16,11,1024,0,509,10,11,7,1,2,-70,4,1579,15335,154,0,0 '
Received from ('fd00::200:0:0:8', 8765, 0, 0): b' 2419,8,3,768,0,556,11,8,7,1,2,-70,2,1180,16051,159,0,0 '
Received from ('fd00::200:0:0:a', 8765, 0, 0): b' 2418,10,11,1024,10,587,8,6,7,1,1,-52,0,362,4062,151,0,0 '
Received from ('fd00::200:0:0:6', 8765, 0, 0): b' 2420,6,3,768,0,550,11,3,7,1,2,-70,0,850,9082,150,0,0 '
Received from ('fd00::200:0:0:f', 8765, 0, 0): b' 2418,15,11,1024,0,521,7,13,7,1,2,-52,0,765,10543,125,0,0 '
Received from ('fd00::200:0:0:2', 8765, 0, 0): b' 2420,2,1,512,10,572,15,1,6,1,1,-88,0,484,11006,162,0,0 '
Received from ('fd00::200:0:0:b', 8765, 0, 0): b' 2421,11,3,768,20,487,10,11,7,1,1,-95,10,2776,20160,350,1,4 '
Received from ('fd00::200:0:0:12', 8765, 0, 0): b' 2419,18,14,1280,0,553,7,4,5,1,1,-52,0,256,3977,146,0,0 '
Received from ('fd00::200:0:0:14', 8765, 0, 0): b' 2419,20,16,1280,0,529,7,8,7,1,2,-52,0,362,4113,129,0,0 '
Received from ('fd00::200:0:0:d', 8765, 0, 0): b' 2422,13,8,1024,0,567,10,4,7,1,2,-70,0,830,11118,156,0,0 '
Received from ('fd00::200:0:0:15', 8765, 0, 0): b' 2419,21,16,1280,0,518,5,3,5,1,1,-70,0,733,11838,153,0,0 '
Received from ('fd00::200:0:0:c', 8765, 0, 0): b' 2421,12,11,1024,0,576,12,11,7,1,3,-52,0,959,13347,156,0,0 '
Received from ('fd00::200:0:0:13', 8765, 0, 0): b' 2420,19,16,1280,0,535,5,3,7,1,1,-70,0,410,7529,148,0,0 '
Received from ('fd00::200:0:0:5', 8765, 0, 0): b' 2424,5,1,512,10,517,15,1,6,1,1,-94,1,1170,16596,161,0,0 '
Received from ('fd00::200:0:0:3', 8765, 0, 0): b' 2425,3,1,512,0,510,14,11,7,2,1,-64,10,6390,36234,161,0,0 '
Received from ('fd00::200:0:0:2', 8765, 0, 0): b' 2426,2,1,512,0,573,15,1,6,1,1,-88,0,386,6812,162,0,0 '
Received from ('fd00::200:0:0:7', 8765, 0, 0): b' 2424,7,4,768,10,488,10,5,7,1,3,-70,0,561,7670,144,0,0 '
Received from ('fd00::200:0:0:11', 8765, 0, 0): b' 2423,17,16,1280,0,566,5,4,7,1,1,-52,0,517,7754,153,0,0 '
Received from ('fd00::200:0:0:9', 8765, 0, 0): b' 2426,9,5,768,0,526,11,4,7,1,2,-52,0,910,10027,147,0,0 '
Received from ('fd00::200:0:0:14', 8765, 0, 0): b' 2424,20,16,1280,0,530,7,8,7,1,2,-52,0,362,4790,129,0,0 '
Received from ('fd00::200:0:0:13', 8765, 0, 0): b' 2424,19,16,1280,0,536,5,3,7,1,1,-70,0,418,4213,149,0,0 '
Received from ('fd00::200:0:0:b', 8765, 0, 0): b' 2427,11,3,768,20,491,10,11,7,1,1,-95,10,3054,21425,352,1,4 '
Received from ('fd00::200:0:0:12', 8765, 0, 0): b' 2424,18,14,1280,10,554,7,4,5,1,1,-52,0,265,4715,146,0,0 '
Received from ('fd00::200:0:0:8', 8765, 0, 0): b' 2428,8,3,768,0,558,11,8,7,1,2,-70,2,1095,14552,159,0,0 '
Received from ('fd00::200:0:0:4', 8765, 0, 0): b' 2429,4,1,512,0,508,14,3,7,1,1,-66,1,1329,16965,161,0,0 '
Received from ('fd00::200:0:0:15', 8765, 0, 0): b' 2426,21,16,1280,0,521,5,3,5,1,1,-70,0,698,8021,153,0,0 '
Received from ('fd00::200:0:0:1', 5678, 0, 0): b' 2429,1,0,256,0,25,0,0,4,0,0,0,10,2910,31384,3208,0,0 '
Received from ('fd00::200:0:0:3', 8765, 0, 0): b' 2430,3,1,512,0,511,14,11,7,2,1,-64,10,2420,14896,161,0,0 '
Received from ('fd00::200:0:0:10', 8765, 0, 0): b' 2429,16,11,1024,10,511,10,11,7,1,2,-70,4,2841,26868,155,0,0 '
Received from ('fd00::200:0:0:f', 8765, 0, 0): b' 2429,15,11,1024,0,524,7,13,7,1,2,-52,0,748,8853,125,0,0 '
Received from ('fd00::200:0:0:a', 8765, 0, 0): b' 2430,10,11,1024,0,590,8,6,7,1,1,-52,0,812,9754,152,0,0 '
Received from ('fd00::200:0:0:e', 8765, 0, 0): b' 2429,14,11,1024,0,544,11,3,7,1,2,-70,1,1485,15097,149,0,0 '
Received from ('fd00::200:0:0:7', 8765, 0, 0): b' 2430,7,4,768,0,490,10,5,7,1,3,-70,0,599,5817,144,0,0 '
Received from ('fd00::200:0:0:d', 8765, 0, 0): b' 2430,13,8,1024,0,570,10,4,7,1,2,-70,0,778,11600,157,0,0 '
Received from ('fd00::200:0:0:9', 8765, 0, 0): b' 2432,9,5,768,0,526,11,4,7,1,2,-52,0,334,5034,148,0,0 '
Received from ('fd00::200:0:0:6', 8765, 0, 0): b' 2431,6,3,768,10,554,11,3,7,1,2,-70,0,906,11214,151,0,0 '
Received from ('fd00::200:0:0:c', 8765, 0, 0): b' 2430,12,11,1024,0,578,12,11,7,1,3,-52,0,702,10038,157,0,0 '
Received from ('fd00::200:0:0:11', 8765, 0, 0): b' 2429,17,16,1280,0,567,5,4,7,1,1,-52,0,442,5603,154,0,0 '
Received from ('fd00::200:0:0:5', 8765, 0, 0): b' 2435,5,1,512,10,520,15,1,6,1,1,-94,1,1424,16916,162,0,0 '
Received from ('fd00::200:0:0:10', 8765, 0, 0): b' 2433,16,11,1024,0,511,10,11,7,1,2,-70,4,1110,12903,155,0,0 '
Received from ('fd00::200:0:0:12', 8765, 0, 0): b' 2433,18,14,1280,10,558,7,4,5,1,1,-52,0,802,8388,147,0,0 '
Received from ('fd00::200:0:0:8', 8765, 0, 0): b' 2435,8,3,768,0,559,11,8,7,1,2,-70,2,881,10858,160,0,0 '
Received from ('fd00::200:0:0:e', 8765, 0, 0): b' 2434,14,11,1024,0,544,11,3,7,1,2,-70,1,613,6582,149,0,0 '
Received from ('fd00::200:0:0:13', 8765, 0, 0): b' 2433,19,16,1280,0,539,5,3,7,1,1,-70,0,745,9070,149,0,0 '
Received from ('fd00::200:0:0:b', 8765, 0, 0): b' 2436,11,3,768,20,492,10,11,7,1,1,-95,10,4284,28829,354,1,4 '
Received from ('fd00::200:0:0:2', 8765, 0, 0): b' 2436,2,1,512,10,576,15,1,6,1,1,-88,0,818,12367,163,0,0 '
Received from ('fd00::200:0:0:a', 8765, 0, 0): b' 2435,10,11,1024,0,592,8,6,7,1,1,-52,0,614,6777,152,0,0 '
Received from ('fd00::200:0:0:d', 8765, 0, 0): b' 2436,13,8,1024,0,571,10,4,7,1,2,-70,0,415,7051,157,0,0 '
Received from ('fd00::200:0:0:7', 8765, 0, 0): b' 2436,7,4,768,0,491,10,5,7,1,3,-70,0,384,5872,144,0,0 '
Received from ('fd00::200:0:0:14', 8765, 0, 0): b' 2435,20,16,1280,0,533,7,8,7,1,2,-52,0,825,10389,130,0,0 '
Received from ('fd00::200:0:0:11', 8765, 0, 0): b' 2435,17,16,1280,0,569,5,4,7,1,1,-52,0,493,5893,154,0,0 '
Received from ('fd00::200:0:0:12', 8765, 0, 0): b' 2438,18,14,1280,0,559,7,4,5,1,1,-52,0,470,4440,147,0,0 '
Received from ('fd00::200:0:0:9', 8765, 0, 0): b' 2440,9,5,768,0,528,11,4,7,1,2,-52,0,612,7755,148,0,0 '
Received from ('fd00::200:0:0:13', 8765, 0, 0): b' 2437,19,16,1280,0,540,5,3,7,1,1,-70,0,418,4135,150,0,0 '
Received from ('fd00::200:0:0:4', 8765, 0, 0): b' 2440,4,1,512,0,512,14,3,7,1,1,-66,1,1528,17990,162,0,0 '
Received from ('fd00::200:0:0:5', 8765, 0, 0): b' 2441,5,1,512,0,521,15,1,6,1,1,-94,1,720,9732,162,0,0 '
Received from ('fd00::200:0:0:1', 5678, 0, 0): b' 2440,1,0,256,0,25,0,0,4,0,0,0,10,3173,30933,3228,0,0 '
Received from ('fd00::200:0:0:f', 8765, 0, 0): b' 2439,15,11,1024,10,527,7,13,7,1,2,-52,0,695,10486,126,0,0 '
Received from ('fd00::200:0:0:c', 8765, 0, 0): b' 2439,12,11,1024,0,582,12,11,7,1,3,-52,0,856,12230,157,0,0 '
Received from ('fd00::200:0:0:e', 8765, 0, 0): b' 2439,14,11,1024,10,549,11,3,7,1,2,-70,1,1052,7904,150,0,0 '
Received from ('fd00::200:0:0:3', 8765, 0, 0): b' 2442,3,1,512,0,516,14,11,7,2,1,-64,10,7236,37950,162,0,0 '
Received from ('fd00::200:0:0:15', 8765, 0, 0): b' 2438,21,16,1280,0,521,5,3,5,1,1,-70,0,532,13684,154,0,0 '
Received from ('fd00::200:0:0:6', 8765, 0, 0): b' 2443,6,3,768,0,557,11,3,7,1,2,-70,0,826,10973,152,0,0 '
Received from ('fd00::200:0:0:10', 8765, 0, 0): b' 2443,16,11,1024,0,514,10,11,7,1,2,-70,4,2600,26607,156,0,0 '
Received from ('fd00::200:0:0:f', 8765, 0, 0): b' 2444,15,11,1024,0,528,7,13,7,1,2,-52,0,497,4545,126,0,0 '
Received from ('fd00::200:0:0:9', 8765, 0, 0): b' 2445,9,5,768,0,530,11,4,7,1,2,-52,0,426,4798,149,0,0 '
Received from ('fd00::200:0:0:d', 8765, 0, 0): b' 2445,13,8,1024,0,574,10,4,7,1,2,-70,0,624,9006,157,0,0 '
Received from ('fd00::200:0:0:b', 8765, 0, 0): b' 2446,11,3,768,20,493,10,11,7,1,1,-95,10,4197,31704,356,1,4 '
Received from ('fd00::200:0:0:8', 8765, 0, 0): b' 2446,8,3,768,20,564,11,8,7,1,2,-70,2,1562,17115,160,0,0 '
Received from ('fd00::200:0:0:5', 8765, 0, 0): b' 2447,5,1,512,0,522,15,1,6,1,1,-94,1,784,10054,162,0,0 '
Received from ('fd00::200:0:0:7', 8765, 0, 0): b' 2447,7,4,768,0,493,10,5,7,1,3,-70,0,595,9444,145,0,0 '
Received from ('fd00::200:0:0:13', 8765, 0, 0): b' 2445,19,16,1280,0,542,5,3,7,1,1,-70,0,493,6654,150,0,0 '
Received from ('fd00::200:0:0:a', 8765, 0, 0): b' 2446,10,11,1024,0,593,8,6,7,1,1,-52,0,587,10135,153,0,0 '
Received from ('fd00::200:0:0:2', 8765, 0, 0): b' 2448,2,1,512,0,576,15,1,6,1,1,-88,0,523,13783,164,0,0 '
Received from ('fd00::200:0:0:11', 8765, 0, 0): b' 2444,17,16,1280,10,569,6,4,7,1,1,-52,0,480,8805,155,0,0 '
Received from ('fd00::200:0:0:3', 8765, 0, 0): b' 2449,3,1,512,10,516,14,11,7,2,1,-64,10,3904,22893,163,0,0 '
Received from ('fd00::200:0:0:e', 8765, 0, 0): b' 2447,14,11,1024,0,550,11,3,7,1,2,-70,1,782,9468,150,0,0 '
Received from ('fd00::200:0:0:c', 8765, 0, 0): b' 2447,12,11,1024,0,582,12,11,7,1,3,-52,0,367,8169,158,0,0 '
Received from ('fd00::200:0:0:14', 8765, 0, 0): b' 2446,20,16,1280,0,536,7,8,7,1,2,-52,0,802,10499,131,0,0 '
Received from ('fd00::200:0:0:4', 8765, 0, 0): b' 2449,4,1,512,0,515,14,3,7,1,1,-66,1,1087,14472,162,0,0 '
Received from ('fd00::200:0:0:12', 8765, 0, 0): b' 2447,18,14,1280,10,562,7,4,5,1,1,-52,0,680,8628,148,0,0 '
Received from ('fd00::200:0:0:1', 5678, 0, 0): b' 2450,1,0,256,0,25,0,0,4,0,0,0,10,2446,25993,3242,0,0 '
Received from ('fd00::200:0:0:8', 8765, 0, 0): b' 2450,8,3,768,0,566,11,8,7,1,2,-70,2,842,7390,161,0,0 '
Received from ('fd00::200:0:0:9', 8765, 0, 0): b' 2450,9,5,768,0,532,11,4,7,1,2,-52,0,491,5439,149,0,0 '
Received from ('fd00::200:0:0:15', 8765, 0, 0): b' 2447,21,16,1280,0,522,5,3,5,1,1,-70,0,520,11213,155,0,0 '
Received from ('fd00::200:0:0:b', 8765, 0, 0): b' 2452,11,3,768,20,493,10,11,7,1,1,-95,10,2748,19538,357,1,4 '
Received from ('fd00::200:0:0:12', 8765, 0, 0): b' 2451,18,14,1280,10,563,7,4,5,1,1,-52,0,363,3900,148,0,0 '
Received from ('fd00::200:0:0:2', 8765, 0, 0): b' 2452,2,1,512,0,576,15,1,6,1,1,-88,0,278,5174,164,0,0 '
Received from ('fd00::200:0:0:5', 8765, 0, 0): b' 2453,5,1,512,0,524,15,1,6,1,1,-94,1,825,8988,163,0,0 '
Received from ('fd00::200:0:0:6', 8765, 0, 0): b' 2453,6,3,768,0,562,11,3,7,1,2,-70,0,958,10307,152,0,0 '
Received from ('fd00::200:0:0:c', 8765, 0, 0): b' 2451,12,11,1024,0,583,12,11,7,1,3,-52,0,389,5887,158,0,0 '
Received from ('fd00::200:0:0:a', 8765, 0, 0): b' 2452,10,11,1024,0,593,8,6,7,1,1,-52,0,336,5120,154,0,0 '
Received from ('fd00::200:0:0:10', 8765, 0, 0): b' 2453,16,11,1024,0,515,10,11,7,1,2,-70,4,2465,23667,157,0,0 '
Received from ('fd00::200:0:0:13', 8765, 0, 0): b' 2452,19,16,1280,0,545,5,3,7,1,1,-70,0,624,6853,150,0,0 '
Received from ('fd00::200:0:0:e', 8765, 0, 0): b' 2454,14,11,1024,10,552,11,3,7,1,2,-70,1,1057,9749,151,0,0 '
Received from ('fd00::200:0:0:d', 8765, 0, 0): b' 2456,13,8,1024,0,577,10,4,7,1,2,-70,0,853,13454,158,0,0 '
Received from ('fd00::200:0:0:8', 8765, 0, 0): b' 2456,8,3,768,10,566,11,8,7,1,2,-70,2,514,8542,161,0,0 '
Received from ('fd00::200:0:0:1', 5678, 0, 0): b' 2456,1,0,256,0,25,0,0,4,0,0,0,10,1540,16650,3251,0,0 '
Received from ('fd00::200:0:0:f', 8765, 0, 0): b' 2455,15,11,1024,0,529,7,13,7,1,2,-52,0,588,10203,127,0,0 '
Received from ('fd00::200:0:0:7', 8765, 0, 0): b' 2456,7,4,768,10,496,10,5,7,1,3,-70,0,775,9398,146,0,0 '
Received from ('fd00::200:0:0:b', 8765, 0, 0): b' 2457,11,3,768,10,495,10,11,7,1,1,-95,10,2462,17571,359,1,4 '
Received from ('fd00::200:0:0:4', 8765, 0, 0): b' 2457,4,1,512,0,518,14,3,7,1,1,-66,1,1099,12555,163,0,0 '
Received from ('fd00::200:0:0:11', 8765, 0, 0): b' 2455,17,16,1280,0,573,6,4,7,1,1,-52,0,933,10262,155,0,0 '
Received from ('fd00::200:0:0:5', 8765, 0, 0): b' 2458,5,1,512,10,526,15,1,6,1,1,-94,1,608,8156,163,0,0 '
Received from ('fd00::200:0:0:2', 8765, 0, 0): b' 2459,2,1,512,0,576,15,1,6,1,1,-88,0,277,7204,164,0,0 '
Received from ('fd00::200:0:0:14', 8765, 0, 0): b' 2457,20,16,1280,0,538,8,8,7,1,2,-52,0,743,10129,131,0,0 '
Received from ('fd00::200:0:0:3', 8765, 0, 0): b' 2460,3,1,512,0,516,14,11,7,2,1,-64,10,5271,31523,163,0,0 '
Received from ('fd00::200:0:0:e', 8765, 0, 0): b' 2459,14,11,1024,0,553,11,3,7,1,2,-70,1,406,6152,151,0,0 '
Received from ('fd00::200:0:0:12', 8765, 0, 0): b' 2460,18,14,1280,0,564,7,4,5,1,1,-52,0,532,8190,148,0,0 '
Received from ('fd00::200:0:0:8', 8765, 0, 0): b' 2461,8,3,768,0,567,11,8,7,1,2,-70,2,441,7014,161,0,0 '
Received from ('fd00::200:0:0:1', 5678, 0, 0): b' 2461,1,0,256,0,25,0,0,4,0,0,0,10,1107,12811,3258,0,0 '
Received from ('fd00::200:0:0:a', 8765, 0, 0): b' 2460,10,11,1024,0,596,8,6,7,1,1,-52,0,624,8045,154,0,0 '
Received from ('fd00::200:0:0:9', 8765, 0, 0): b' 2462,9,5,768,0,535,11,4,7,1,2,-52,0,920,11333,150,0,0 '
Received from ('fd00::200:0:0:b', 8765, 0, 0): b' 2461,11,3,768,20,496,10,11,7,1,1,-95,10,2076,15035,360,1,4 '
Received from ('fd00::200:0:0:15', 8765, 0, 0): b' 2459,21,16,1280,10,525,5,3,5,1,1,-70,0,843,12666,155,0,0 '
Received from ('fd00::200:0:0:2', 8765, 0, 0): b' 2463,2,1,512,0,577,15,1,6,1,1,-88,0,435,5380,165,0,0 '
Received from ('fd00::200:0:0:10', 8765, 0, 0): b' 2463,16,11,1024,0,515,10,11,7,1,2,-70,4,2144,24117,157,0,0 '
Received from ('fd00::200:0:0:14', 8765, 0, 0): b' 2463,20,16,1280,0,539,8,8,7,1,2,-52,0,420,5242,132,0,0 '
Received from ('fd00::200:0:0:c', 8765, 0, 0): b' 2464,12,11,1024,0,585,12,11,7,1,3,-52,0,749,14279,159,0,0 '
Received from ('fd00::200:0:0:6', 8765, 0, 0): b' 2464,6,3,768,0,568,11,3,7,1,2,-70,0,1211,11563,153,0,0 '
Received from ('fd00::200:0:0:13', 8765, 0, 0): b' 2464,19,16,1280,0,547,5,3,7,1,1,-70,0,718,10694,151,0,0 '
Received from ('fd00::200:0:0:4', 8765, 0, 0): b' 2465,4,1,512,0,520,14,3,7,1,1,-66,1,754,11768,163,0,0 '
Received from ('fd00::200:0:0:3', 8765, 0, 0): b' 2466,3,1,512,0,518,14,11,7,2,1,-64,10,3899,20497,164,0,0 '
Received from ('fd00::200:0:0:d', 8765, 0, 0): b' 2466,13,8,1024,10,579,10,4,7,1,2,-70,0,699,11493,159,0,0 '
Received from ('fd00::200:0:0:7', 8765, 0, 0): b' 2466,7,4,768,0,499,10,5,7,1,3,-70,0,744,9390,146,0,0 '
Received from ('fd00::200:0:0:1', 5678, 0, 0): b' 2466,1,0,256,0,25,0,0,4,0,0,0,10,1741,15059,3268,0,0 '
Received from ('fd00::200:0:0:11', 8765, 0, 0): b' 2465,17,16,1280,0,579,6,4,7,1,1,-52,0,1099,9172,156,0,0 '
Received from ('fd00::200:0:0:f', 8765, 0, 0): b' 2467,15,11,1024,0,533,7,13,7,1,2,-52,0,935,10880,128,0,0 '
Received from ('fd00::200:0:0:15', 8765, 0, 0): b' 2465,21,16,1280,0,526,5,3,5,1,1,-70,0,497,7759,156,0,0 '
Received from ('fd00::200:0:0:10', 8765, 0, 0): b' 2468,16,11,1024,0,516,10,11,7,1,2,-70,4,1607,13702,158,0,0 '
Received from ('fd00::200:0:0:12', 8765, 0, 0): b' 2468,18,14,1280,0,565,7,4,5,1,1,-52,0,442,6533,149,0,0 '
Received from ('fd00::200:0:0:8', 8765, 0, 0): b' 2468,8,3,768,0,568,11,8,7,1,2,-70,2,1045,12456,162,0,0 '
Received from ('fd00::200:0:0:5', 8765, 0, 0): b' 2469,5,1,512,0,529,15,1,6,1,1,-94,1,1300,16936,164,0,0 '
Received from ('fd00::200:0:0:9', 8765, 0, 0): b' 2470,9,5,768,0,538,11,4,7,1,2,-52,0,623,7727,150,0,0 '
Received from ('fd00::200:0:0:3', 8765, 0, 0): b' 2471,3,1,512,0,520,14,11,7,2,1,-64,10,2318,12642,164,0,0 '
Received from ('fd00::200:0:0:a', 8765, 0, 0): b' 2471,10,11,1024,0,598,8,6,7,1,1,-52,0,694,9930,155,0,0 '
Received from ('fd00::200:0:0:7', 8765, 0, 0): b' 2470,7,4,768,10,502,10,5,7,1,3,-70,0,630,4680,147,0,0 '
Received from ('fd00::200:0:0:e', 8765, 0, 0): b' 2472,14,11,1024,0,557,11,3,7,1,2,-70,1,1518,15543,152,0,0 '
Received from ('fd00::200:0:0:d', 8765, 0, 0): b' 2472,13,8,1024,10,583,10,4,7,1,2,-70,0,710,7484,159,0,0 '
Received from ('fd00::200:0:0:13', 8765, 0, 0): b' 2471,19,16,1280,0,551,5,3,7,1,1,-70,0,861,7412,152,0,0 '
Received from ('fd00::200:0:0:f', 8765, 0, 0): b' 2473,15,11,1024,0,535,7,14,7,1,2,-52,0,524,5916,128,0,0 '
Received from ('fd00::200:0:0:2', 8765, 0, 0): b' 2473,2,1,512,0,581,15,1,6,1,1,-88,0,850,12257,165,0,0 '
Received from ('fd00::200:0:0:c', 8765, 0, 0): b' 2473,12,11,1024,0,588,12,11,7,1,3,-52,0,725,10414,159,0,0 '
Received from ('fd00::200:0:0:b', 8765, 0, 0): b' 2473,11,3,768,30,499,10,11,7,1,1,-95,10,5426,38857,363,1,4 '
Received from ('fd00::200:0:0:14', 8765, 0, 0): b' 2472,20,16,1280,10,542,8,8,7,1,2,-52,0,638,8462,132,0,0 '
Received from ('fd00::200:0:0:4', 8765, 0, 0): b' 2474,4,1,512,0,521,14,3,7,1,1,-66,1,1217,14753,164,0,0 '
Received from ('fd00::200:0:0:15', 8765, 0, 0): b' 2472,21,16,1280,0,526,5,3,5,1,1,-70,0,280,7408,156,0,0 '
Received from ('fd00::200:0:0:6', 8765, 0, 0): b' 2474,6,3,768,0,570,11,3,7,1,2,-70,0,695,9825,154,0,0 '
Received from ('fd00::200:0:0:11', 8765, 0, 0): b' 2472,17,16,1280,0,582,6,4,7,1,1,-52,0,751,7449,156,0,0 '
Received from ('fd00::200:0:0:10', 8765, 0, 0): b' 2476,16,11,1024,10,519,10,11,7,1,2,-70,4,2206,21062,158,0,0 '
Received from ('fd00::200:0:0:3', 8765, 0, 0): b' 2477,3,1,512,10,521,14,11,7,2,1,-64,10,3266,18710,164,0,0 '
Received from ('fd00::200:0:0:8', 8765, 0, 0): b' 2477,8,3,768,0,570,11,8,7,1,2,-70,2,987,12860,162,0,0 '
Received from ('fd00::200:0:0:2', 8765, 0, 0): b' 2477,2,1,512,0,582,15,1,6,1,1,-88,0,436,5616,166,0,0 '
Received from ('fd00::200:0:0:12', 8765, 0, 0): b' 2478,18,14,1280,0,566,7,4,5,1,1,-52,0,587,9412,150,0,0 '
Received from ('fd00::200:0:0:1', 5678, 0, 0): b' 2478,1,0,256,0,25,0,0,4,0,0,0,10,2934,31606,3286,0,0 '
Received from ('fd00::200:0:0:9', 8765, 0, 0): b' 2479,9,5,768,0,544,11,4,7,1,2,-52,0,1096,9376,151,0,0 '
Received from ('fd00::200:0:0:4', 8765, 0, 0): b' 2479,4,1,512,0,523,14,3,7,1,1,-66,1,605,7130,164,0,0 '
Received from ('fd00::200:0:0:b', 8765, 0, 0): b' 2479,11,3,768,0,500,10,11,7,1,1,-95,10,2603,19991,364,1,4 '
Received from ('fd00::200:0:0:e', 8765, 0, 0): b' 2480,14,11,1024,0,559,11,3,7,1,2,-70,1,999,10809,152,0,0 '
Received from ('fd00::200:0:0:5', 8765, 0, 0): b' 2480,5,1,512,0,532,15,1,6,1,1,-94,1,1684,19349,165,0,0 '
Received from ('fd00::200:0:0:10', 8765, 0, 0): b' 2481,16,11,1024,0,521,10,11,7,1,2,-70,4,1246,12486,158,0,0 '
Received from ('fd00::200:0:0:3', 8765, 0, 0): b' 2480,3,1,512,0,522,14,11,7,2,1,-64,10,2388,14312,165,0,0 '
Received from ('fd00::200:0:0:d', 8765, 0, 0): b' 2481,13,8,1024,0,587,10,4,7,1,2,-70,0,937,11847,160,0,0 '
Received from ('fd00::200:0:0:11', 8765, 0, 0): b' 2480,17,16,1280,10,584,6,4,7,1,1,-52,0,633,6989,157,0,0 '
Received from ('fd00::200:0:0:f', 8765, 0, 0): b' 2482,15,11,1024,0,536,7,14,7,1,2,-52,0,564,8230,129,0,0 '
Received from ('fd00::200:0:0:7', 8765, 0, 0): b' 2482,7,4,768,0,504,10,5,7,1,3,-70,0,717,11486,148,0,0 '
Received from ('fd00::200:0:0:13', 8765, 0, 0): b' 2481,19,16,1280,0,553,5,3,7,1,1,-70,0,541,8514,152,0,0 '
Received from ('fd00::200:0:0:6', 8765, 0, 0): b' 2482,6,3,768,0,572,11,3,7,1,2,-70,0,515,7211,154,0,0 '
Received from ('fd00::200:0:0:a', 8765, 0, 0): b' 2482,10,11,1024,0,601,8,6,7,1,1,-52,0,745,10267,155,0,0 '
Received from ('fd00::200:0:0:9', 8765, 0, 0): b' 2483,9,5,768,0,545,11,4,7,1,2,-52,0,264,3947,151,0,0 '
Received from ('fd00::200:0:0:1', 5678, 0, 0): b' 2484,1,0,256,0,25,0,0,4,0,0,0,10,1569,15904,3293,0,0 '
Received from ('fd00::200:0:0:15', 8765, 0, 0): b' 2482,21,16,1280,0,530,5,3,5,1,1,-70,0,815,10151,157,0,0 '
Received from ('fd00::200:0:0:14', 8765, 0, 0): b' 2482,20,16,1280,0,544,8,8,7,1,2,-52,0,778,9148,133,0,0 '
Received from ('fd00::200:0:0:12', 8765, 0, 0): b' 2483,18,14,1280,0,568,7,4,5,1,1,-52,0,493,5386,150,0,0 '
Received from ('fd00::200:0:0:c', 8765, 0, 0): b' 2484,12,11,1024,0,592,12,11,7,1,3,-52,0,964,13796,160,0,0 '
Received from ('fd00::200:0:0:d', 8765, 0, 0): b' 2485,13,8,1024,0,587,10,4,7,1,2,-70,0,280,6276,160,0,0 '
Received from ('fd00::200:0:0:4', 8765, 0, 0): b' 2487,4,1,512,0,524,14,3,7,1,1,-66,1,1056,13123,165,0,0 '
Received from ('fd00::200:0:0:10', 8765, 0, 0): b' 2486,16,11,1024,0,523,10,11,7,1,2,-70,4,1722,13497,159,0,0 '
Received from ('fd00::200:0:0:8', 8765, 0, 0): b' 2487,8,3,768,0,572,11,8,7,1,2,-70,2,1296,16758,163,0,0 '
Received from ('fd00::200:0:0:e', 8765, 0, 0): b' 2486,14,11,1024,0,561,11,3,7,1,2,-70,1,868,7519,153,0,0 '
Received from ('fd00::200:0:0:5', 8765, 0, 0): b' 2487,5,1,512,0,534,15,1,6,1,1,-94,1,807,10896,165,0,0 '
Received from ('fd00::200:0:0:a', 8765, 0, 0): b' 2487,10,11,1024,0,601,8,6,7,1,1,-52,0,336,4727,156,0,0 '
Received from ('fd00::200:0:0:2', 8765, 0, 0): b' 2489,2,1,512,0,587,15,1,6,1,1,-88,0,1045,13848,166,0,0 '
Received from ('fd00::200:0:0:7', 8765, 0, 0): b' 2489,7,4,768,0,506,10,5,7,1,3,-70,0,516,6794,148,0,0 '
Received from ('fd00::200:0:0:15', 8765, 0, 0): b' 2490,21,16,1280,0,533,5,3,5,1,1,-70,0,722,9606,157,0,0 '
Received from ('fd00::200:0:0:6', 8765, 0, 0): b' 2490,6,3,768,0,573,11,3,7,1,2,-70,0,562,7713,155,0,0 '
Received from ('fd00::200:0:0:12', 8765, 0, 0): b' 2489,18,14,1280,0,571,7,4,5,1,1,-52,0,600,6003,150,0,0 '
Received from ('fd00::200:0:0:b', 8765, 0, 0): b' 2490,11,3,768,20,503,10,11,7,1,1,-95,10,5299,36985,367,1,4 '
Received from ('fd00::200:0:0:11', 8765, 0, 0): b' 2490,17,16,1280,0,588,6,4,7,1,1,-52,0,975,10005,158,0,0 '
Received from ('fd00::200:0:0:9', 8765, 0, 0): b' 2491,9,5,768,0,548,11,4,7,1,2,-52,0,869,8816,152,0,0 '
Received from ('fd00::200:0:0:c', 8765, 0, 0): b' 2491,12,11,1024,0,592,12,11,7,1,3,-52,0,367,8283,161,0,0 '
Received from ('fd00::200:0:0:3', 8765, 0, 0): b' 2493,3,1,512,10,527,14,11,7,2,1,-64,10,6434,34677,166,0,0 '
Received from ('fd00::200:0:0:13', 8765, 0, 0): b' 2490,19,16,1280,0,555,5,3,7,1,1,-70,0,670,8621,153,0,0 '
Received from ('fd00::200:0:0:14', 8765, 0, 0): b' 2491,20,16,1280,0,547,8,8,7,1,2,-52,0,649,8655,133,0,0 '
Received from ('fd00::200:0:0:7', 8765, 0, 0): b' 2493,7,4,768,0,507,10,5,7,1,3,-70,0,360,4076,148,0,0 '
Received from ('fd00::200:0:0:1', 5678, 0, 0): b' 2494,1,0,256,0,25,0,0,4,0,0,0,10,2921,28643,3310,0,0 '
Received from ('fd00::200:0:0:f', 8765, 0, 0): b' 2493,15,11,1024,10,538,7,14,7,1,2,-52,0,696,10319,130,0,0 '
Received from ('fd00::200:0:0:e', 8765, 0, 0): b' 2495,14,11,1024,0,564,11,3,7,1,2,-70,1,1187,11873,153,0,0 '
Received from ('fd00::200:0:0:a', 8765, 0, 0): b' 2496,10,11,1024,0,605,8,6,7,1,1,-52,0,731,8866,156,0,0 '
Received from ('fd00::200:0:0:2', 8765, 0, 0): b' 2496,2,1,512,0,589,15,1,6,1,1,-88,0,568,8851,167,0,0 '
Received from ('fd00::200:0:0:4', 8765, 0, 0): b' 2496,4,1,512,0,530,14,3,7,1,1,-66,1,1565,15574,166,0,0 '
Received from ('fd00::200:0:0:b', 8765, 0, 0): b' 2496,11,3,768,30,506,10,11,7,1,1,-95,10,2510,17309,369,1,4 '
Received from ('fd00::200:0:0:3', 8765, 0, 0): b' 2497,3,1,512,10,529,14,11,7,2,1,-64,10,2337,14063,166,0,0 '
Received from ('fd00::200:0:0:8', 8765, 0, 0): b' 2498,8,3,768,0,573,11,8,7,1,2,-70,2,1074,16414,164,0,0 '
Received from ('fd00::200:0:0:9', 8765, 0, 0): b' 2497,9,5,768,0,550,11,4,7,1,2,-52,0,520,5973,152,0,0 '
Received from ('fd00::200:0:0:10', 8765, 0, 0): b' 2497,16,11,1024,0,526,10,11,7,1,2,-70,4,2740,29127,160,0,0 '
Received from ('fd00::200:0:0:11', 8765, 0, 0): b' 2497,17,16,1280,0,590,6,4,7,1,1,-52,0,518,6269,158,0,0 '
Received from ('fd00::200:0:0:15', 8765, 0, 0): b' 2498,21,16,1280,10,535,5,3,5,1,1,-70,0,494,9294,158,0,0 '
Received from ('fd00::200:0:0:5', 8765, 0, 0): b' 2499,5,1,512,0,538,15,1,6,1,1,-94,1,1580,17624,166,0,0 '
Received from ('fd00::200:0:0:7', 8765, 0, 0): b' 2498,7,4,768,10,508,10,5,7,1,3,-70,0,486,5595,149,0,0 '
Received from ('fd00::200:0:0:d', 8765, 0, 0): b' 2497,13,8,1024,10,591,10,4,7,1,2,-70,0,936,13814,161,0,0 '
Received from ('fd00::200:0:0:12', 8765, 0, 0): b' 2498,18,14,1280,10,574,7,4,5,1,1,-52,0,750,8627,151,0,0 '
Received from ('fd00::200:0:0:6', 8765, 0, 0): b' 2500,6,3,768,0,574,11,3,7,1,2,-70,0,585,8980,156,0,0 '
Received from ('fd00::200:0:0:14', 8765, 0, 0): b' 2499,20,16,1280,0,550,8,8,7,1,2,-52,0,843,8259,134,0,0 '
Received from ('fd00::200:0:0:13', 8765, 0, 0): b' 2499,19,16,1280,10,558,5,3,7,1,1,-70,0,583,7985,153,0,0 '
Received from ('fd00::200:0:0:4', 8765, 0, 0): b' 2500,4,1,512,10,531,14,3,7,1,1,-66,1,593,6920,166,0,0 '
Received from ('fd00::200:0:0:f', 8765, 0, 0): b' 2500,15,11,1024,0,540,7,14,7,1,2,-52,0,521,6882,130,0,0 '
Received from ('fd00::200:0:0:a', 8765, 0, 0): b' 2501,10,11,1024,10,606,8,6,7,1,1,-52,0,335,5271,157,0,0 '
Received from ('fd00::200:0:0:b', 8765, 0, 0): b' 2503,11,3,768,50,509,10,11,7,1,1,-95,10,3489,23983,371,1,4 '
Received from ('fd00::200:0:0:c', 8765, 0, 0): b' 2502,12,11,1024,0,596,12,11,7,1,3,-52,0,855,13154,161,0,0 '
Received from ('fd00::200:0:0:9', 8765, 0, 0): b' 2503,9,5,768,0,553,11,4,7,1,2,-52,0,636,6353,152,0,0 '
Received from ('fd00::200:0:0:11', 8765, 0, 0): b' 2503,17,16,1280,0,591,6,4,7,1,1,-52,0,362,4936,158,0,0 '
Received from ('fd00::200:0:0:10', 8765, 0, 0): b' 2503,16,11,1024,0,527,10,11,7,1,2,-70,4,1814,16372,160,0,0 '
Received from ('fd00::200:0:0:3', 8765, 0, 0): b' 2506,3,1,512,10,529,14,11,7,2,1,-64,10,4270,24688,166,0,0 '
Received from ('fd00::200:0:0:1', 5678, 0, 0): b' 2506,1,0,256,0,25,0,0,4,0,0,0,10,2867,31133,3325,0,0 '
Received from ('fd00::200:0:0:6', 8765, 0, 0): b' 2506,6,3,768,0,574,11,3,7,1,2,-70,0,277,5755,156,0,0 '
Received from ('fd00::200:0:0:13', 8765, 0, 0): b' 2506,19,16,1280,0,560,5,3,7,1,1,-70,0,778,6755,154,0,0 '
Received from ('fd00::200:0:0:5', 8765, 0, 0): b' 2507,5,1,512,0,540,15,1,6,1,1,-94,1,1042,13809,166,0,0 '
Received from ('fd00::200:0:0:e', 8765, 0, 0): b' 2506,14,11,1024,0,567,11,3,7,1,2,-70,1,1286,14563,154,0,0 '
Received from ('fd00::200:0:0:8', 8765, 0, 0): b' 2507,8,3,768,0,575,11,8,7,1,2,-70,2,1248,15534,165,0,0 '
Received from ('fd00::200:0:0:2', 8765, 0, 0): b' 2506,2,1,512,0,591,15,1,6,1,1,-88,0,735,14017,168,0,0 '
Received from ('fd00::200:0:0:f', 8765, 0, 0): b' 2507,15,11,1024,0,541,7,14,7,1,2,-52,0,443,6251,131,0,0 '
Received from ('fd00::200:0:0:12', 8765, 0, 0): b' 2507,18,14,1280,0,578,7,4,5,1,1,-52,0,853,8718,151,0,0 '
Received from ('fd00::200:0:0:4', 8765, 0, 0): b' 2508,4,1,512,0,534,14,3,7,1,1,-66,1,860,11717,166,0,0 '
Received from ('fd00::200:0:0:a', 8765, 0, 0): b' 2507,10,11,1024,0,606,8,6,7,1,1,-52,0,387,5425,157,0,0 '
Received from ('fd00::200:0:0:9', 8765, 0, 0): b' 2509,9,5,768,0,553,11,4,7,1,2,-52,0,309,4817,153,0,0 '
Received from ('fd00::200:0:0:7', 8765, 0, 0): b' 2508,7,4,768,10,510,10,5,7,1,3,-70,0,637,9245,149,0,0 '
Received from ('fd00::200:0:0:11', 8765, 0, 0): b' 2508,17,16,1280,0,593,6,4,7,1,1,-52,0,549,5808,159,0,0 '
Received from ('fd00::200:0:0:d', 8765, 0, 0): b' 2508,13,8,1024,0,595,10,4,7,1,2,-70,0,963,14457,162,0,0 '
Received from ('fd00::200:0:0:1', 5678, 0, 0): b' 2510,1,0,256,0,25,0,0,4,0,0,0,10,1488,13037,3334,0,0 '
Received from ('fd00::200:0:0:15', 8765, 0, 0): b' 2509,21,16,1280,0,537,5,3,5,1,1,-70,0,872,14028,159,0,0 '
Received from ('fd00::200:0:0:e', 8765, 0, 0): b' 2511,14,11,1024,0,568,11,3,7,1,2,-70,1,566,6076,154,0,0 '
Received from ('fd00::200:0:0:6', 8765, 0, 0): b' 2512,6,3,768,0,575,11,3,7,1,2,-70,0,384,5091,156,0,0 '
Received from ('fd00::200:0:0:14', 8765, 0, 0): b' 2511,20,16,1280,0,551,8,8,7,1,2,-52,0,611,11085,135,0,0 '
Received from ('fd00::200:0:0:13', 8765, 0, 0): b' 2512,19,16,1280,0,561,5,3,7,1,1,-70,0,386,5726,154,0,0 '
Received from ('fd00::200:0:0:b', 8765, 0, 0): b' 2513,11,3,768,50,511,10,11,7,1,1,-95,10,4940,36177,374,1,4 '
Received from ('fd00::200:0:0:10', 8765, 0, 0): b' 2513,16,11,1024,0,529,10,11,7,1,2,-70,4,2480,24664,161,0,0 '
Received from ('fd00::200:0:0:c', 8765, 0, 0): b' 2513,12,11,1024,0,598,12,11,7,1,3,-52,0,820,14317,162,0,0 '
Received from ('fd00::200:0:0:3', 8765, 0, 0): b' 2514,3,1,512,0,529,14,11,7,2,1,-64,10,5378,29855,167,0,0 '
Received from ('fd00::200:0:0:11', 8765, 0, 0): b' 2515,17,16,1280,0,593,6,4,7,1,1,-52,0,345,5746,159,0,0 '
Received from ('fd00::200:0:0:a', 8765, 0, 0): b' 2514,10,11,1024,0,608,8,6,7,1,1,-52,0,814,7065,158,0,0 '
Received from ('fd00::200:0:0:9', 8765, 0, 0): b' 2516,9,5,768,0,554,11,4,7,1,2,-52,0,474,6545,153,0,0 '
Received from ('fd00::200:0:0:4', 8765, 0, 0): b' 2515,4,1,512,0,538,14,3,7,1,1,-66,1,1149,12067,167,0,0 '
Received from ('fd00::200:0:0:e', 8765, 0, 0): b' 2515,14,11,1024,0,568,11,3,7,1,2,-70,1,452,5656,155,0,0 '
Received from ('fd00::200:0:0:7', 8765, 0, 0): b' 2516,7,4,768,0,510,10,6,7,1,3,-70,0,483,7600,150,0,0 '
Received from ('fd00::200:0:0:5', 8765, 0, 0): b' 2516,5,1,512,0,543,15,1,6,1,1,-94,1,1252,15224,167,0,0 '
Received from ('fd00::200:0:0:f', 8765, 0, 0): b' 2516,15,11,1024,0,543,7,14,7,1,2,-52,0,639,8673,131,0,0 '
Received from ('fd00::200:0:0:12', 8765, 0, 0): b' 2518,18,14,1280,0,581,7,4,5,1,1,-52,0,825,10934,152,0,0 '
Received from ('fd00::200:0:0:6', 8765, 0, 0): b' 2518,6,3,768,0,578,11,3,7,1,2,-70,0,547,6236,157,0,0 '
Received from ('fd00::200:0:0:2', 8765, 0, 0): b' 2519,2,1,512,0,595,15,1,6,1,1,-88,0,875,13972,168,0,0 '
Received from ('fd00::200:0:0:1', 5678, 0, 0): b' 2519,1,0,256,0,25,0,0,4,0,0,0,10,2211,23431,3345,0,0 '
Received from ('fd00::200:0:0:8', 8765, 0, 0): b' 2518,8,3,768,0,578,11,8,7,1,2,-70,2,1170,16803,165,0,0 '
Received from ('fd00::200:0:0:15', 8765, 0, 0): b' 2519,21,16,1280,0,540,5,3,5,1,1,-70,0,774,11839,159,0,0 '
Received from ('fd00::200:0:0:14', 8765, 0, 0): b' 2520,20,16,1280,0,553,8,8,7,1,2,-52,0,685,7861,135,0,0 '
Received from ('fd00::200:0:0:d', 8765, 0, 0): b' 2520,13,8,1024,10,597,10,4,7,1,2,-70,0,695,12051,163,0,0 '
Received from ('fd00::200:0:0:10', 8765, 0, 0): b' 2520,16,11,1024,10,530,10,11,7,1,2,-70,4,1713,19584,161,0,0 '
Received from ('fd00::200:0:0:3', 8765, 0, 0): b' 2522,3,1,512,10,533,14,11,7,2,1,-64,10,3718,20187,167,0,0 '
Received from ('fd00::200:0:0:5', 8765, 0, 0): b' 2522,5,1,512,0,544,15,1,6,1,1,-94,1,490,7183,167,0,0 '
Received from ('fd00::200:0:0:13', 8765, 0, 0): b' 2522,19,16,1280,10,564,6,3,7,1,1,-70,0,857,9472,155,0,0 '
Received from ('fd00::200:0:0:e', 8765, 0, 0): b' 2523,14,11,1024,0,572,11,3,7,1,2,-70,1,1090,10002,155,0,0 '
Received from ('fd00::200:0:0:a', 8765, 0, 0): b' 2523,10,11,1024,0,609,8,6,7,1,1,-52,0,476,8158,158,0,0 '
Received from ('fd00::200:0:0:4', 8765, 0, 0): b' 2523,4,1,512,10,540,14,3,7,1,1,-66,1,807,10945,167,0,0 '
Received from ('fd00::200:0:0:b', 8765, 0, 0): b' 2523,11,3,768,10,512,10,11,7,1,1,-95,10,4421,30754,376,1,4 '
Received from ('fd00::200:0:0:c', 8765, 0, 0): b' 2524,12,11,1024,0,599,12,11,7,1,3,-52,0,619,12224,163,0,0 '
Received from ('fd00::200:0:0:11', 8765, 0, 0): b' 2524,17,16,1280,0,596,6,4,7,1,1,-52,0,801,9619,160,0,0 '
Received from ('fd00::200:0:0:8', 8765, 0, 0): b' 2524,8,3,768,0,580,11,8,7,1,2,-70,2,1018,9778,166,0,0 '
Received from ('fd00::200:0:0:2', 8765, 0, 0): b' 2525,2,1,512,0,596,15,1,6,1,1,-88,0,557,7349,169,0,0 '
Received from ('fd00::200:0:0:14', 8765, 0, 0): b' 2524,20,16,1280,0,556,8,8,7,1,2,-52,0,536,4542,136,0,0 '
Received from ('fd00::200:0:0:12', 8765, 0, 0): b' 2526,18,14,1280,0,581,7,4,5,1,1,-52,0,336,7091,153,0,0 '
Received from ('fd00::200:0:0:f', 8765, 0, 0): b' 2526,15,11,1024,0,546,7,14,7,1,2,-52,0,802,9801,132,0,0 '
Received from ('fd00::200:0:0:9', 8765, 0, 0): b' 2526,9,5,768,0,557,11,4,7,1,2,-52,0,799,10007,154,0,0 '
Received from ('fd00::200:0:0:7', 8765, 0, 0): b' 2527,7,4,768,0,512,10,6,7,1,3,-70,0,619,10332,151,0,0 '
Received from ('fd00::200:0:0:15', 8765, 0, 0): b' 2526,21,16,1280,0,540,5,3,5,1,1,-70,0,388,9057,160,0,0 '
Received from ('fd00::200:0:0:5', 8765, 0, 0): b' 2528,5,1,512,0,544,15,1,6,1,1,-94,1,708,9527,168,0,0 '
Received from ('fd00::200:0:0:3', 8765, 0, 0): b' 2529,3,1,512,0,533,14,11,7,2,1,-64,10,3488,20237,168,0,0 '
Received from ('fd00::200:0:0:6', 8765, 0, 0): b' 2528,6,3,768,0,581,11,3,7,1,2,-70,0,743,9747,157,0,0 '
Received from ('fd00::200:0:0:d', 8765, 0, 0): b' 2528,13,8,1024,0,601,10,4,7,1,2,-70,0,786,10472,163,0,0 '
Received from ('fd00::200:0:0:e', 8765, 0, 0): b' 2528,14,11,1024,0,574,11,3,7,1,2,-70,1,879,7211,156,0,0 '
Received from ('fd00::200:0:0:11', 8765, 0, 0): b' 2530,17,16,1280,0,597,6,4,7,1,1,-52,0,386,5070,160,0,0 '
Received from ('fd00::200:0:0:1', 5678, 0, 0): b' 2529,1,0,256,0,25,0,0,4,0,0,0,10,2884,28908,3363,0,0 '
Received from ('fd00::200:0:0:10', 8765, 0, 0): b' 2530,16,11,1024,0,531,10,11,7,1,2,-70,4,2540,24156,162,0,0 '
Received from ('fd00::200:0:0:2', 8765, 0, 0): b' 2529,2,1,512,10,599,15,1,6,1,1,-88,0,574,7291,169,0,0 '
Received from ('fd00::200:0:0:13', 8765, 0, 0): b' 2531,19,16,1280,0,568,6,3,7,1,1,-70,0,756,9170,155,0,0 '
Received from ('fd00::200:0:0:4', 8765, 0, 0): b' 2531,4,1,512,0,542,14,3,7,1,1,-66,1,979,13090,168,0,0 '
Received from ('fd00::200:0:0:5', 8765, 0, 0): b' 2531,5,1,512,10,544,15,1,6,1,1,-94,1,264,6364,168,0,0 '
Received from ('fd00::200:0:0:b', 8765, 0, 0): b' 2532,11,3,768,10,515,10,11,7,1,1,-95,10,3651,27827,378,1,4 '
Received from ('fd00::200:0:0:f', 8765, 0, 0): b' 2533,15,11,1024,0,547,7,14,7,1,2,-52,0,387,6297,132,0,0 '
Received from ('fd00::200:0:0:14', 8765, 0, 0): b' 2532,20,16,1280,0,556,8,8,7,1,2,-52,0,424,8063,136,0,0 '
Received from ('fd00::200:0:0:3', 8765, 0, 0): b' 2532,3,1,512,0,533,14,11,7,2,1,-64,10,2327,14403,168,0,0 '
Received from ('fd00::200:0:0:a', 8765, 0, 0): b' 2534,10,11,1024,0,611,8,6,7,1,1,-52,0,694,10421,159,0,0 '
Received from ('fd00::200:0:0:6', 8765, 0, 0): b' 2533,6,3,768,0,582,11,3,7,1,2,-70,0,416,5018,158,0,0 '
Received from ('fd00::200:0:0:15', 8765, 0, 0): b' 2534,21,16,1280,0,542,5,3,5,1,1,-70,0,614,9436,160,0,0 '
Received from ('fd00::200:0:0:c', 8765, 0, 0): b' 2533,12,11,1024,10,603,12,11,7,1,3,-52,0,880,12759,164,0,0 '
Received from ('fd00::200:0:0:8', 8765, 0, 0): b' 2536,8,3,768,10,581,11,8,7,1,2,-70,2,1194,17658,166,0,0 '
Received from ('fd00::200:0:0:12', 8765, 0, 0): b' 2536,18,14,1280,10,583,7,4,5,1,1,-52,0,662,9646,153,0,0 '
Received from ('fd00::200:0:0:d', 8765, 0, 0): b' 2536,13,8,1024,0,603,10,4,7,1,2,-70,0,700,9353,164,0,0 '
Received from ('fd00::200:0:0:e', 8765, 0, 0): b' 2536,14,11,1024,0,575,11,3,7,1,2,-70,1,728,11022,156,0,0 '
Received from ('fd00::200:0:0:13', 8765, 0, 0): b' 2537,19,16,1280,0,571,6,3,7,1,1,-70,0,657,6206,156,0,0 '
Received from ('fd00::200:0:0:9', 8765, 0, 0): b' 2538,9,5,768,0,560,11,4,7,1,2,-52,0,825,10944,155,0,0 '
Received from ('fd00::200:0:0:b', 8765, 0, 0): b' 2537,11,3,768,10,516,10,11,7,1,1,-95,10,2985,19857,379,1,4 '
Received from ('fd00::200:0:0:7', 8765, 0, 0): b' 2538,7,4,768,0,515,10,6,7,1,3,-70,0,744,10676,151,0,0 '
Received from ('fd00::200:0:0:5', 8765, 0, 0): b' 2537,5,1,512,0,545,15,1,6,1,1,-94,1,757,9673,168,0,0 '
Received from ('fd00::200:0:0:f', 8765, 0, 0): b' 2537,15,11,1024,0,548,7,14,7,1,2,-52,0,443,5579,133,0,0 '
Received from ('fd00::200:0:0:6', 8765, 0, 0): b' 2538,6,3,768,0,583,11,3,7,1,2,-70,0,384,5387,158,0,0 '
Received from ('fd00::200:0:0:1', 5678, 0, 0): b' 2539,1,0,256,0,25,0,0,4,0,0,0,10,2540,26812,3379,0,0 '
Received from ('fd00::200:0:0:2', 8765, 0, 0): b' 2540,2,1,512,0,601,15,1,6,1,1,-88,0,615,11099,170,0,0 '
Received from ('fd00::200:0:0:11', 8765, 0, 0): b' 2541,17,16,1280,0,603,6,4,7,1,1,-52,0,1015,11099,161,0,0 '
Received from ('fd00::200:0:0:15', 8765, 0, 0): b' 2541,21,16,1280,10,542,5,3,5,1,1,-70,0,363,7889,161,0,0 '
Received from ('fd00::200:0:0:10', 8765, 0, 0): b' 2540,16,11,1024,0,536,10,11,7,1,2,-70,4,3514,31748,162,0,0 '
Received from ('fd00::200:0:0:b', 8765, 0, 0): b' 2541,11,3,768,30,517,10,11,7,1,1,-95,10,1728,14118,380,1,4 '
Received from ('fd00::200:0:0:4', 8765, 0, 0): b' 2541,4,1,512,0,546,14,3,7,1,1,-66,1,1382,17653,169,0,0 '
Received from ('fd00::200:0:0:9', 8765, 0, 0): b' 2543,9,5,768,0,561,11,4,7,1,2,-52,0,361,4884,155,0,0 '
Received from ('fd00::200:0:0:d', 8765, 0, 0): b' 2543,13,8,1024,0,605,10,4,7,1,2,-70,0,493,8483,164,0,0 '
Received from ('fd00::200:0:0:3', 8765, 0, 0): b' 2543,3,1,512,10,535,14,11,7,2,1,-64,10,5600,32320,169,0,0 '
Received from ('fd00::200:0:0:1', 5678, 0, 0): b' 2544,1,0,256,0,25,0,0,4,0,0,0,10,999,11692,3384,0,0 '
Received from ('fd00::200:0:0:e', 8765, 0, 0): b' 2541,14,11,1024,0,576,11,3,7,1,2,-70,1,678,7229,157,0,0 '
Received from ('fd00::200:0:0:c', 8765, 0, 0): b' 2541,12,11,1024,10,605,12,11,7,1,3,-52,0,582,9450,164,0,0 '
Received from ('fd00::200:0:0:6', 8765, 0, 0): b' 2543,6,3,768,0,583,11,3,7,1,2,-70,0,347,4886,158,0,0 '
Received from ('fd00::200:0:0:13', 8765, 0, 0): b' 2544,19,16,1280,0,573,6,3,7,1,1,-70,0,493,6344,156,0,0 '
Received from ('fd00::200:0:0:a', 8765, 0, 0): b' 2543,10,11,1024,0,613,8,6,7,1,1,-52,0,695,9635,160,0,0 '
Received from ('fd00::200:0:0:8', 8765, 0, 0): b' 2544,8,3,768,0,583,11,8,7,1,2,-70,2,1160,14630,167,0,0 '
Received from ('fd00::200:0:0:14', 8765, 0, 0): b' 2544,20,16,1280,0,560,8,8,7,1,2,-52,0,908,11246,137,0,0 '
Received from ('fd00::200:0:0:11', 8765, 0, 0): b' 2546,17,16,1280,0,605,6,4,7,1,1,-52,0,496,4873,161,0,0 '
Received from ('fd00::200:0:0:5', 8765, 0, 0): b' 2546,5,1,512,0,547,15,1,6,1,1,-94,1,974,13177,169,0,0 '
Received from ('fd00::200:0:0:12', 8765, 0, 0): b' 2546,18,14,1280,0,588,7,4,5,1,1,-52,0,992,9569,154,0,0 '
Received from ('fd00::200:0:0:7', 8765, 0, 0): b' 2547,7,4,768,0,518,10,6,7,1,3,-70,0,800,9136,152,0,0 '
Received from ('fd00::200:0:0:f', 8765, 0, 0): b' 2545,15,11,1024,0,548,7,14,7,1,2,-52,0,304,7200,133,0,0 '
Received from ('fd00::200:0:0:10', 8765, 0, 0): b' 2546,16,11,1024,0,540,10,11,7,1,2,-70,4,1811,15649,163,0,0 '
Received from ('fd00::200:0:0:9', 8765, 0, 0): b' 2549,9,5,768,0,561,11,4,7,1,2,-52,0,333,5386,156,0,0 '
Received from ('fd00::200:0:0:3', 8765, 0, 0): b' 2548,3,1,512,0,535,14,11,7,2,1,-64,10,2663,14400,169,0,0 '
Received from ('fd00::200:0:0:13', 8765, 0, 0): b' 2549,19,16,1280,0,575,6,3,7,1,1,-70,0,549,5427,157,0,0 '
Received from ('fd00::200:0:0:d', 8765, 0, 0): b' 2548,13,8,1024,0,605,10,4,7,1,2,-70,0,279,7041,164,0,0 '
Received from ('fd00::200:0:0:6', 8765, 0, 0): b' 2548,6,3,768,0,583,11,3,7,1,2,-70,0,309,4782,159,0,0 '
Received from ('fd00::200:0:0:a', 8765, 0, 0): b' 2549,10,11,1024,0,614,8,6,7,1,1,-52,0,386,5736,160,0,0 '
Received from ('fd00::200:0:0:5', 8765, 0, 0): b' 2550,5,1,512,0,547,15,1,6,1,1,-94,1,569,6889,169,0,0 '
Received from ('fd00::200:0:0:c', 8765, 0, 0): b' 2549,12,11,1024,10,606,12,11,7,1,3,-52,0,470,9676,165,0,0 '
Received from ('fd00::200:0:0:4', 8765, 0, 0): b' 2550,4,1,512,0,548,14,3,7,1,1,-66,1,883,13674,169,0,0 '
Received from ('fd00::200:0:0:2', 8765, 0, 0): b' 2550,2,1,512,0,605,15,1,6,1,1,-88,0,945,14543,170,0,0 '
Received from ('fd00::200:0:0:11', 8765, 0, 0): b' 2551,17,16,1280,10,606,6,4,7,1,1,-52,0,362,4978,161,0,0 '
Received from ('fd00::200:0:0:b', 8765, 0, 0): b' 2552,11,3,768,50,521,10,11,7,1,1,-95,10,4924,33468,383,1,4 '
Received from ('fd00::200:0:0:1', 5678, 0, 0): b' 2552,1,0,256,0,25,0,0,4,0,0,0,10,2433,23685,3396,0,0 '
Received from ('fd00::200:0:0:8', 8765, 0, 0): b' 2552,8,3,768,0,586,11,8,7,1,2,-70,2,1174,12844,168,0,0 '
Received from ('fd00::200:0:0:15', 8765, 0, 0): b' 2550,21,16,1280,0,546,5,3,5,1,1,-70,0,934,13821,162,0,0 '
Received from ('fd00::200:0:0:7', 8765, 0, 0): b' 2554,7,4,768,0,518,10,6,7,1,3,-70,0,333,6387,153,0,0 '
Received from ('fd00::200:0:0:e', 8765, 0, 0): b' 2551,14,11,1024,0,581,11,3,7,1,2,-70,1,1418,12951,157,0,0 '
Received from ('fd00::200:0:0:d', 8765, 0, 0): b' 2553,13,8,1024,0,607,10,4,7,1,2,-70,0,577,6790,165,0,0 '
Received from ('fd00::200:0:0:12', 8765, 0, 0): b' 2552,18,14,1280,10,592,7,4,5,1,1,-52,0,707,6370,154,0,0 '
Received from ('fd00::200:0:0:10', 8765, 0, 0): b' 2553,16,11,1024,0,542,10,11,7,1,2,-70,4,1870,16988,163,0,0 '
Received from ('fd00::200:0:0:9', 8765, 0, 0): b' 2556,9,5,768,0,562,11,4,7,1,2,-52,0,571,6690,156,0,0 '
Received from ('fd00::200:0:0:14', 8765, 0, 0): b' 2553,20,16,1280,0,563,8,8,7,1,2,-52,0,802,9800,138,0,0 '
Received from ('fd00::200:0:0:3', 8765, 0, 0): b' 2555,3,1,512,0,539,14,11,7,2,1,-64,10,4834,24413,170,0,0 '
Received from ('fd00::200:0:0:5', 8765, 0, 0): b' 2556,5,1,512,0,550,15,1,6,1,1,-94,1,903,8682,170,0,0 '
Received from ('fd00::200:0:0:1', 5678, 0, 0): b' 2556,1,0,256,0,25,0,0,4,0,0,0,10,1322,11906,3405,0,0 '
Received from ('fd00::200:0:0:c', 8765, 0, 0): b' 2555,12,11,1024,0,608,12,11,7,1,3,-52,0,525,7482,165,0,0 '
Received from ('fd00::200:0:0:2', 8765, 0, 0): b' 2555,2,1,512,10,607,15,1,6,1,1,-88,0,544,6064,171,0,0 '
Received from ('fd00::200:0:0:b', 8765, 0, 0): b' 2558,11,3,768,30,522,10,11,7,1,1,-95,10,2637,18932,385,1,4 '
Received from ('fd00::200:0:0:4', 8765, 0, 0): b' 2557,4,1,512,0,550,14,3,7,1,1,-66,1,982,10570,170,0,0 '
Received from ('fd00::200:0:0:f', 8765, 0, 0): b' 2556,15,11,1024,0,548,7,14,7,1,2,-52,0,505,9700,134,0,0 '
Received from ('fd00::200:0:0:e', 8765, 0, 0): b' 2557,14,11,1024,0,584,11,3,7,1,2,-70,1,1070,8860,158,0,0 '
Received from ('fd00::200:0:0:11', 8765, 0, 0): b' 2557,17,16,1280,0,609,6,4,7,1,1,-52,0,778,8026,162,0,0 '
Received from ('fd00::200:0:0:13', 8765, 0, 0): b' 2558,19,16,1280,0,576,6,3,7,1,1,-70,0,531,10054,157,0,0 '
Received from ('fd00::200:0:0:12', 8765, 0, 0): b' 2558,18,14,1280,0,594,7,4,5,1,1,-52,0,574,7175,155,0,0 '
Received from ('fd00::200:0:0:9', 8765, 0, 0): b' 2561,9,5,768,0,563,11,4,7,1,2,-52,0,263,4429,156,0,0 '
Received from ('fd00::200:0:0:d', 8765, 0, 0): b' 2559,13,8,1024,10,607,10,4,7,1,2,-70,0,255,6078,165,0,0 '
Received from ('fd00::200:0:0:10', 8765, 0, 0): b' 2560,16,11,1024,0,544,10,11,7,1,2,-70,4,1699,19293,164,0,0 '
Received from ('fd00::200:0:0:6', 8765, 0, 0): b' 2561,6,3,768,0,585,11,3,7,1,2,-70,0,716,10970,160,0,0 '
Received from ('fd00::200:0:0:15', 8765, 0, 0): b' 2560,21,16,1280,0,547,5,3,5,1,1,-70,0,560,11291,162,0,0 '
Received from ('fd00::200:0:0:8', 8765, 0, 0): b' 2560,8,3,768,0,587,11,8,7,1,2,-70,2,972,12675,168,0,0 '
Received from ('fd00::200:0:0:a', 8765, 0, 0): b' 2561,10,11,1024,0,619,8,6,7,1,1,-52,0,1039,11628,161,0,0 '
Received from ('fd00::200:0:0:2', 8765, 0, 0): b' 2562,2,1,512,0,608,15,1,6,1,1,-88,0,409,7518,171,0,0 '
Received from ('fd00::200:0:0:f', 8765, 0, 0): b' 2562,15,11,1024,0,550,7,14,7,1,2,-52,0,591,6110,134,0,0 '
Received from ('fd00::200:0:0:3', 8765, 0, 0): b' 2563,3,1,512,0,539,14,11,7,2,1,-64,10,3649,21458,170,0,0 '
Received from ('fd00::200:0:0:11', 8765, 0, 0): b' 2562,17,16,1280,0,610,6,4,7,1,1,-52,0,386,5227,162,0,0 '
Received from ('fd00::200:0:0:7', 8765, 0, 0): b' 2564,7,4,768,0,520,10,6,7,1,3,-70,0,636,9852,153,0,0 '
Received from ('fd00::200:0:0:b', 8765, 0, 0): b' 2564,11,3,768,0,522,10,11,7,1,1,-95,10,2870,21335,386,1,4 '
Received from ('fd00::200:0:0:10', 8765, 0, 0): b' 2565,16,11,1024,20,544,10,11,7,1,2,-70,4,1221,12613,164,0,0 '
Received from ('fd00::200:0:0:5', 8765, 0, 0): b' 2565,5,1,512,0,554,15,1,6,1,1,-94,1,1156,14578,170,0,0 '
Received from ('fd00::200:0:0:6', 8765, 0, 0): b' 2566,6,3,768,0,585,11,3,7,1,2,-70,0,278,4810,160,0,0 '
Received from ('fd00::200:0:0:14', 8765, 0, 0): b' 2565,20,16,1280,0,568,8,8,7,1,2,-52,0,983,11490,138,0,0 '
Received from ('fd00::200:0:0:8', 8765, 0, 0): b' 2565,8,3,768,10,590,11,8,7,1,2,-70,2,1002,8925,169,0,0 '
Received from ('fd00::200:0:0:1', 5678, 0, 0): b' 2567,1,0,256,0,25,0,0,4,0,0,0,10,2474,27375,3419,0,0 '
Received from ('fd00::200:0:0:d', 8765, 0, 0): b' 2565,13,8,1024,0,609,10,4,7,1,2,-70,0,602,8498,166,0,0 '
Received from ('fd00::200:0:0:c', 8765, 0, 0): b' 2566,12,11,1024,0,612,12,11,7,1,3,-52,0,1060,13880,166,0,0 '
Received from ('fd00::200:0:0:4', 8765, 0, 0): b' 2566,4,1,512,0,550,14,3,7,1,1,-66,1,793,14360,170,0,0 '
Received from ('fd00::200:0:0:a', 8765, 0, 0): b' 2567,10,11,1024,0,621,8,6,7,1,1,-52,0,496,5948,161,0,0 '
Received from ('fd00::200:0:0:e', 8765, 0, 0): b' 2567,14,11,1024,0,586,11,3,7,1,2,-70,1,1106,13123,158,0,0 '
Received from ('fd00::200:0:0:12', 8765, 0, 0): b' 2568,18,14,1280,0,597,7,4,5,1,1,-52,0,801,9380,156,0,0 '
Received from ('fd00::200:0:0:9', 8765, 0, 0): b' 2568,9,5,768,0,564,11,4,7,1,2,-52,0,561,7848,157,0,0 '
Received from ('fd00::200:0:0:11', 8765, 0, 0): b' 2568,17,16,1280,0,613,6,4,7,1,1,-52,0,452,5448,163,0,0 '
Received from ('fd00::200:0:0:13', 8765, 0, 0): b' 2568,19,16,1280,0,580,6,3,7,1,1,-70,0,933,10652,158,0,0 '
Received from ('fd00::200:0:0:d', 8765, 0, 0): b' 2569,13,8,1024,0,609,10,4,7,1,2,-70,0,255,4721,166,0,0 '
Received from ('fd00::200:0:0:1', 5678, 0, 0): b' 2571,1,0,256,0,25,0,0,4,0,0,0,10,1157,12401,3427,0,0 '
Received from ('fd00::200:0:0:3', 8765, 0, 0): b' 2571,3,1,512,0,540,14,11,7,2,1,-64,10,4482,25126,171,0,0 '
Received from ('fd00::200:0:0:7', 8765, 0, 0): b' 2573,7,4,768,0,523,10,6,7,1,3,-70,0,799,8833,154,0,0 '
Received from ('fd00::200:0:0:c', 8765, 0, 0): b' 2571,12,11,1024,0,613,12,11,7,1,3,-52,0,391,6939,166,0,0 '
Received from ('fd00::200:0:0:9', 8765, 0, 0): b' 2572,9,5,768,0,565,11,4,7,1,2,-52,0,360,3919,157,0,0 '
Received from ('fd00::200:0:0:10', 8765, 0, 0): b' 2572,16,11,1024,20,546,10,11,7,1,2,-70,4,1749,17658,165,0,0 '
Received from ('fd00::200:0:0:2', 8765, 0, 0): b' 2573,2,1,512,0,610,15,1,6,1,1,-88,0,711,12833,172,0,0 '
Received from ('fd00::200:0:0:b', 8765, 0, 0): b' 2573,11,3,768,20,522,10,11,7,1,1,-95,10,4039,29876,388,1,4 '
Received from ('fd00::200:0:0:14', 8765, 0, 0): b' 2571,20,16,1280,10,569,8,8,7,1,2,-52,0,443,6290,139,0,0 '
Received from ('fd00::200:0:0:15', 8765, 0, 0): b' 2571,21,16,1280,0,548,5,3,5,1,1,-70,0,616,13038,163,0,0 '
Received from ('fd00::200:0:0:5', 8765, 0, 0): b' 2575,5,1,512,0,556,15,1,6,1,1,-94,1,1201,13520,171,0,0 '
Received from ('fd00::200:0:0:f', 8765, 0, 0): b' 2574,15,11,1024,0,551,7,14,7,1,2,-52,0,612,10949,135,0,0 '
Received from ('fd00::200:0:0:3', 8765, 0, 0): b' 2576,3,1,512,0,541,14,11,7,2,1,-64,10,2085,12218,171,0,0 '
Received from ('fd00::200:0:0:4', 8765, 0, 0): b' 2575,4,1,512,0,552,14,3,7,1,1,-66,1,991,12913,171,0,0 '
Received from ('fd00::200:0:0:13', 8765, 0, 0): b' 2574,19,16,1280,0,580,6,3,7,1,1,-70,0,256,4761,158,0,0 '
Received from ('fd00::200:0:0:e', 8765, 0, 0): b' 2575,14,11,1024,0,588,11,3,7,1,2,-70,1,991,10053,159,0,0 '
Received from ('fd00::200:0:0:a', 8765, 0, 0): b' 2575,10,11,1024,0,621,8,6,7,1,1,-52,0,480,7992,162,0,0 '
Received from ('fd00::200:0:0:12', 8765, 0, 0): b' 2576,18,14,1280,0,599,7,4,5,1,1,-52,0,517,8018,156,0,0 '
Received from ('fd00::200:0:0:6', 8765, 0, 0): b' 2577,6,3,768,10,590,11,3,7,1,2,-70,0,906,10993,161,0,0 '
Received from ('fd00::200:0:0:8', 8765, 0, 0): b' 2577,8,3,768,0,593,11,8,7,1,2,-70,2,1266,17140,169,0,0 '
Received from ('fd00::200:0:0:2', 8765, 0, 0): b' 2578,2,1,512,0,611,15,1,6,1,1,-88,0,385,5933,172,0,0 '
Received from ('fd00::200:0:0:1', 5678, 0, 0): b' 2580,1,0,256,0,25,0,0,4,0,0,0,10,2132,23261,3437,0,0 '
Received from ('fd00::200:0:0:10', 8765, 0, 0): b' 2580,16,11,1024,10,548,10,11,7,1,2,-70,4,1885,19617,165,0,0 '
Received from ('fd00::200:0:0:e', 8765, 0, 0): b' 2579,14,11,1024,0,588,11,3,7,1,2,-70,1,393,5435,159,0,0 '
Received from ('fd00::200:0:0:5', 8765, 0, 0): b' 2581,5,1,512,0,558,15,1,6,1,1,-94,1,690,9684,171,0,0 '
Received from ('fd00::200:0:0:15', 8765, 0, 0): b' 2579,21,16,1280,0,550,5,3,5,1,1,-70,0,518,9214,163,0,0 '
Received from ('fd00::200:0:0:f', 8765, 0, 0): b' 2580,15,11,1024,10,555,7,14,7,1,2,-52,0,742,6237,136,0,0 '
Received from ('fd00::200:0:0:4', 8765, 0, 0): b' 2581,4,1,512,0,555,14,3,7,1,1,-66,1,739,8879,171,0,0 '
Received from ('fd00::200:0:0:9', 8765, 0, 0): b' 2582,9,5,768,0,568,11,4,7,1,2,-52,0,799,9548,158,0,0 '
Received from ('fd00::200:0:0:d', 8765, 0, 0): b' 2581,13,8,1024,0,613,10,4,7,1,2,-70,0,960,14295,167,0,0 '
Received from ('fd00::200:0:0:11', 8765, 0, 0): b' 2579,17,16,1280,10,616,6,4,7,1,1,-52,0,842,10691,163,0,0 '
Received from ('fd00::200:0:0:14', 8765, 0, 0): b' 2581,20,16,1280,0,571,8,8,7,1,2,-52,0,639,8636,139,0,0 '
Received from ('fd00::200:0:0:7', 8765, 0, 0): b' 2584,7,4,768,0,526,10,6,7,1,3,-70,0,799,10787,155,0,0 '
Received from ('fd00::200:0:0:6', 8765, 0, 0): b' 2584,6,3,768,0,590,11,3,7,1,2,-70,0,410,6502,161,0,0 '
Received from ('fd00::200:0:0:12', 8765, 0, 0): b' 2582,18,14,1280,0,601,7,4,5,1,1,-52,0,549,5695,157,0,0 '
Received from ('fd00::200:0:0:3', 8765, 0, 0): b' 2585,3,1,512,0,544,14,11,7,2,1,-64,10,5062,29048,172,0,0 '
Received from ('fd00::200:0:0:b', 8765, 0, 0): b' 2585,11,3,768,50,528,10,11,7,1,1,-95,10,5490,38152,391,1,4 '
Received from ('fd00::200:0:0:5', 8765, 0, 0): b' 2586,5,1,512,0,559,15,1,6,1,1,-94,1,694,7586,172,0,0 '
Received from ('fd00::200:0:0:8', 8765, 0, 0): b' 2584,8,3,768,0,593,11,8,7,1,2,-70,2,827,11983,170,0,0 '
Received from ('fd00::200:0:0:c', 8765, 0, 0): b' 2582,12,11,1024,0,617,12,11,7,1,3,-52,0,911,13617,167,0,0 '
Received from ('fd00::200:0:0:a', 8765, 0, 0): b' 2583,10,11,1024,0,625,8,6,7,1,1,-52,0,707,7337,162,0,0 '
Received from ('fd00::200:0:0:2', 8765, 0, 0): b' 2587,2,1,512,0,613,15,1,6,1,1,-88,0,687,10667,173,0,0 '
Received from ('fd00::200:0:0:1', 5678, 0, 0): b' 2588,1,0,256,0,25,0,0,4,0,0,0,10,2429,22769,3452,0,0 '
Received from ('fd00::200:0:0:14', 8765, 0, 0): b' 2585,20,16,1280,0,573,8,8,7,1,2,-52,0,525,4481,140,0,0 '
Received from ('fd00::200:0:0:13', 8765, 0, 0): b' 2586,19,16,1280,0,583,6,3,7,1,1,-70,0,825,11513,159,0,0 '
Received from ('fd00::200:0:0:4', 8765, 0, 0): b' 2588,4,1,512,10,556,14,3,7,1,1,-66,1,929,11628,172,0,0 '
Received from ('fd00::200:0:0:e', 8765, 0, 0): b' 2589,14,11,1024,0,592,11,3,7,1,2,-70,1,1445,12722,160,0,0 '
Received from ('fd00::200:0:0:10', 8765, 0, 0): b' 2589,16,11,1024,0,550,10,11,7,1,2,-70,4,2541,24998,166,0,0 '
Received from ('fd00::200:0:0:5', 8765, 0, 0): b' 2590,5,1,512,0,560,15,1,6,1,1,-94,1,469,7129,172,0,0 '
Received from ('fd00::200:0:0:15', 8765, 0, 0): b' 2589,21,16,1280,0,551,5,3,5,1,1,-70,0,615,11430,164,0,0 '
Received from ('fd00::200:0:0:d', 8765, 0, 0): b' 2589,13,8,1024,0,615,10,4,7,1,2,-70,0,518,9715,167,0,0 '
Received from ('fd00::200:0:0:a', 8765, 0, 0): b' 2591,10,11,1024,0,627,8,6,7,1,1,-52,0,670,7693,163,0,0 '
Received from ('fd00::200:0:0:f', 8765, 0, 0): b' 2591,15,11,1024,0,556,7,14,7,1,2,-52,0,558,10259,136,0,0 '
Received from ('fd00::200:0:0:11', 8765, 0, 0): b' 2592,17,16,1280,0,619,6,4,7,1,1,-52,0,828,11123,164,0,0 '
Received from ('fd00::200:0:0:9', 8765, 0, 0): b' 2592,9,5,768,0,571,11,4,7,1,2,-52,0,703,9548,159,0,0 '
Received from ('fd00::200:0:0:2', 8765, 0, 0): b' 2593,2,1,512,0,613,15,1,6,1,1,-88,0,278,7033,173,0,0 '
Received from ('fd00::200:0:0:b', 8765, 0, 0): b' 2593,11,3,768,10,535,10,11,7,2,1,-95,10,4313,28717,393,1,4 '
Received from ('fd00::200:0:0:13', 8765, 0, 0): b' 2592,19,16,1280,10,585,6,3,7,1,1,-70,0,550,6490,160,0,0 '
Received from ('fd00::200:0:0:4', 8765, 0, 0): b' 2593,4,1,512,0,557,14,3,7,1,1,-66,1,470,6883,172,0,0 '
Received from ('fd00::200:0:0:12', 8765, 0, 0): b' 2593,18,14,1280,0,605,7,4,5,1,1,-52,0,973,10721,157,0,0 '
Received from ('fd00::200:0:0:7', 8765, 0, 0): b' 2593,7,4,768,0,528,10,6,7,1,3,-70,0,637,9419,155,0,0 '
Received from ('fd00::200:0:0:8', 8765, 0, 0): b' 2593,8,3,768,0,598,11,8,7,1,2,-70,2,1330,14325,170,0,0 '
Received from ('fd00::200:0:0:c', 8765, 0, 0): b' 2594,12,11,1024,0,621,12,11,7,1,3,-52,0,908,14112,167,0,0 '
Received from ('fd00::200:0:0:10', 8765, 0, 0): b' 2594,16,11,1024,10,551,10,11,7,1,2,-70,4,1122,11922,166,0,0 '
Received from ('fd00::200:0:0:3', 8765, 0, 0): b' 2595,3,1,512,10,547,14,11,7,2,1,-64,10,5351,31967,172,0,0 '
Received from ('fd00::200:0:0:14', 8765, 0, 0): b' 2594,20,16,1280,0,575,8,8,7,1,2,-52,0,541,8767,140,0,0 '
Received from ('fd00::200:0:0:6', 8765, 0, 0): b' 2595,6,3,768,0,591,11,3,7,1,2,-70,0,585,10120,162,0,0 '
Received from ('fd00::200:0:0:1', 5678, 0, 0): b' 2597,1,0,256,0,25,0,0,4,0,0,0,10,2118,23127,3464,0,0 '
Received from ('fd00::200:0:0:13', 8765, 0, 0): b' 2596,19,16,1280,0,586,6,3,7,1,1,-70,0,387,4543,160,0,0 '
Received from ('fd00::200:0:0:15', 8765, 0, 0): b' 2597,21,16,1280,0,553,5,3,5,1,1,-70,0,602,10246,165,0,0 '
Received from ('fd00::200:0:0:2', 8765, 0, 0): b' 2599,2,1,512,0,615,15,1,6,1,1,-88,0,566,7456,174,0,0 '
Received from ('fd00::200:0:0:a', 8765, 0, 0): b' 2598,10,11,1024,0,631,8,6,7,1,1,-52,0,731,7775,163,0,0 '
Received from ('fd00::200:0:0:8', 8765, 0, 0): b' 2598,8,3,768,0,598,11,8,7,1,2,-70,2,629,8154,171,0,0 '
Received from ('fd00::200:0:0:9', 8765, 0, 0): b' 2598,9,5,768,0,572,11,4,7,1,2,-52,0,505,6756,159,0,0 '
Received from ('fd00::200:0:0:7', 8765, 0, 0): b' 2599,7,4,768,0,530,10,6,7,1,3,-70,0,548,5609,156,0,0 '
Received from ('fd00::200:0:0:11', 8765, 0, 0): b' 2598,17,16,1280,0,623,6,4,7,1,1,-52,0,782,7711,165,0,0 '
Received from ('fd00::200:0:0:e', 8765, 0, 0): b' 2599,14,11,1024,0,595,11,3,7,1,2,-70,1,1217,13393,160,0,0 '
Received from ('fd00::200:0:0:f', 8765, 0, 0): b' 2599,15,11,1024,0,556,7,14,7,1,2,-52,0,362,7707,137,0,0 '
Received from ('fd00::200:0:0:10', 8765, 0, 0): b' 2599,16,11,1024,0,551,10,11,7,1,2,-70,4,1745,14781,166,0,0 '
Received from ('fd00::200:0:0:d', 8765, 0, 0): b' 2599,13,8,1024,10,619,10,4,7,1,2,-70,0,906,11928,168,0,0 '
Received from ('fd00::200:0:0:c', 8765, 0, 0): b' 2599,12,11,1024,0,621,12,11,7,1,3,-52,0,367,7312,168,0,0 '
Received from ('fd00::200:0:0:5', 8765, 0, 0): b' 2601,5,1,512,0,562,15,1,6,1,1,-94,1,1358,16950,173,0,0 '
Received from ('fd00::200:0:0:b', 8765, 0, 0): b' 2602,11,3,768,0,538,10,11,7,2,1,-95,10,4544,28624,395,1,4 '
Received from ('fd00::200:0:0:3', 8765, 0, 0): b' 2603,3,1,512,10,549,14,11,7,2,1,-64,10,4726,27696,173,0,0 '
Received from ('fd00::200:0:0:13', 8765, 0, 0): b' 2602,19,16,1280,0,587,6,3,7,1,1,-70,0,386,5724,160,0,0 '
Received from ('fd00::200:0:0:12', 8765, 0, 0): b' 2604,18,14,1280,0,609,7,4,5,1,1,-52,0,812,10322,158,0,0 '
Received from ('fd00::200:0:0:8', 8765, 0, 0): b' 2605,8,3,768,0,599,11,8,7,1,2,-70,2,703,9167,171,0,0 '
Received from ('fd00::200:0:0:4', 8765, 0, 0): b' 2605,4,1,512,0,560,14,3,7,1,1,-66,1,1472,19139,173,0,0 '
Received from ('fd00::200:0:0:14', 8765, 0, 0): b' 2605,20,16,1280,0,576,8,8,7,1,2,-52,0,587,10277,141,0,0 '
Received from ('fd00::200:0:0:7', 8765, 0, 0): b' 2606,7,4,768,0,531,10,6,7,1,3,-70,0,384,6574,156,0,0 '
Received from ('fd00::200:0:0:c', 8765, 0, 0): b' 2605,12,11,1024,10,622,12,11,7,1,3,-52,0,365,6394,168,0,0 '
Received from ('fd00::200:0:0:5', 8765, 0, 0): b' 2606,5,1,512,0,564,15,1,6,1,1,-94,1,661,8354,173,0,0 '
Received from ('fd00::200:0:0:a', 8765, 0, 0): b' 2606,10,11,1024,0,634,8,6,7,1,1,-52,0,680,8087,164,0,0 '
Received from ('fd00::200:0:0:6', 8765, 0, 0): b' 2607,6,3,768,0,594,11,3,7,1,2,-70,0,824,11613,163,0,0 '
Received from ('fd00::200:0:0:1', 5678, 0, 0): b' 2607,1,0,256,0,25,0,0,4,0,0,0,10,2688,28318,3480,0,0 '
Received from ('fd00::200:0:0:f', 8765, 0, 0): b' 2607,15,11,1024,0,559,7,14,7,1,2,-52,0,722,8026,137,0,0 '
Received from ('fd00::200:0:0:b', 8765, 0, 0): b' 2608,11,3,768,0,538,10,11,7,2,1,-95,10,2540,21803,397,1,4 '
Received from ('fd00::200:0:0:9', 8765, 0, 0): b' 2610,9,5,768,0,578,11,4,7,1,2,-52,0,1023,10530,160,0,0 '
Received from ('fd00::200:0:0:2', 8765, 0, 0): b' 2609,2,1,512,0,616,15,1,6,1,1,-88,0,529,11780,174,0,0 '
Received from ('fd00::200:0:0:15', 8765, 0, 0): b' 2609,21,16,1280,0,556,5,3,5,1,1,-70,0,923,14307,166,0,0 '
Received from ('fd00::200:0:0:d', 8765, 0, 0): b' 2609,13,8,1024,0,622,10,4,7,1,2,-70,0,842,12336,168,0,0 '
Received from ('fd00::200:0:0:13', 8765, 0, 0): b' 2609,19,16,1280,0,587,6,3,7,1,1,-70,0,432,6130,161,0,0 '
Received from ('fd00::200:0:0:e', 8765, 0, 0): b' 2610,14,11,1024,0,600,11,3,7,1,2,-70,1,1420,14252,161,0,0 '
Received from ('fd00::200:0:0:14', 8765, 0, 0): b' 2610,20,16,1280,0,577,8,8,7,1,2,-52,0,387,4700,141,0,0 '
Received from ('fd00::200:0:0:5', 8765, 0, 0): b' 2611,5,1,512,0,566,15,1,6,1,1,-94,1,896,8393,173,0,0 '
Received from ('fd00::200:0:0:11', 8765, 0, 0): b' 2610,17,16,1280,0,629,6,4,7,1,1,-52,0,1156,11441,165,0,0 '
Received from ('fd00::200:0:0:10', 8765, 0, 0): b' 2611,16,11,1024,0,554,10,11,7,1,2,-70,4,3294,31330,167,0,0 '
Received from ('fd00::200:0:0:12', 8765, 0, 0): b' 2611,18,14,1280,0,611,7,4,5,1,1,-52,0,615,7326,158,0,0 '
Received from ('fd00::200:0:0:3', 8765, 0, 0): b' 2613,3,1,512,0,550,14,11,7,2,1,-64,10,5188,31772,173,0,0 '
Received from ('fd00::200:0:0:c', 8765, 0, 0): b' 2612,12,11,1024,0,624,12,11,7,1,3,-52,0,605,9117,169,0,0 '
Received from ('fd00::200:0:0:8', 8765, 0, 0): b' 2613,8,3,768,10,601,11,8,7,1,2,-70,2,954,12627,172,0,0 '
Received from ('fd00::200:0:0:7', 8765, 0, 0): b' 2614,7,4,768,10,535,10,6,7,1,3,-70,0,678,8240,157,0,0 '
Received from ('fd00::200:0:0:11', 8765, 0, 0): b' 2615,17,16,1280,0,630,6,4,7,1,1,-52,0,421,4733,166,0,0 '
Received from ('fd00::200:0:0:10', 8765, 0, 0): b' 2615,16,11,1024,10,554,10,11,7,1,2,-70,4,853,10488,167,0,0 '
Received from ('fd00::200:0:0:4', 8765, 0, 0): b' 2616,4,1,512,0,563,14,3,7,1,1,-66,1,1479,17763,174,0,0 '
Received from ('fd00::200:0:0:13', 8765, 0, 0): b' 2616,19,16,1280,0,590,6,3,7,1,1,-70,0,601,5584,161,0,0 '
Received from ('fd00::200:0:0:2', 8765, 0, 0): b' 2616,2,1,512,0,620,15,1,6,1,1,-88,0,805,9581,175,0,0 '
Received from ('fd00::200:0:0:f', 8765, 0, 0): b' 2616,15,11,1024,0,562,7,14,7,1,2,-52,0,802,9081,138,0,0 '
Received from ('fd00::200:0:0:a', 8765, 0, 0): b' 2616,10,11,1024,0,635,8,6,7,1,1,-52,0,587,9529,165,0,0 '
Received from ('fd00::200:0:0:15', 8765, 0, 0): b' 2616,21,16,1280,0,557,5,3,5,1,1,-70,0,417,7544,166,0,0 '
Received from ('fd00::200:0:0:9', 8765, 0, 0): b' 2617,9,5,768,0,583,11,4,7,1,2,-52,0,935,8274,160,0,0 '
Received from ('fd00::200:0:0:12', 8765, 0, 0): b' 2617,18,14,1280,0,611,7,4,5,1,1,-52,0,335,5616,159,0,0 '
Received from ('fd00::200:0:0:1', 5678, 0, 0): b' 2618,1,0,256,0,25,0,0,4,0,0,0,10,2999,30317,3499,0,0 '
Received from ('fd00::200:0:0:c', 8765, 0, 0): b' 2617,12,11,1024,0,625,12,11,7,1,3,-52,0,389,6756,169,0,0 '
Received from ('fd00::200:0:0:6', 8765, 0, 0): b' 2618,6,3,768,10,600,11,3,7,1,2,-70,0,1038,11539,164,0,0 '
Received from ('fd00::200:0:0:13', 8765, 0, 0): b' 2620,19,16,1280,0,591,6,3,7,1,1,-70,0,265,4000,161,0,0 '
Received from ('fd00::200:0:0:b', 8765, 0, 0): b' 2620,11,3,768,0,542,10,11,7,2,1,-95,10,5951,40531,400,1,4 '
Received from ('fd00::200:0:0:4', 8765, 0, 0): b' 2620,4,1,512,0,564,14,3,7,1,1,-66,1,377,6681,174,0,0 '
Received from ('fd00::200:0:0:8', 8765, 0, 0): b' 2621,8,3,768,0,603,11,8,7,1,2,-70,2,993,12794,172,0,0 '
Received from ('fd00::200:0:0:14', 8765, 0, 0): b' 2620,20,16,1280,0,581,8,8,7,1,2,-52,0,908,10463,142,0,0 '
Received from ('fd00::200:0:0:3', 8765, 0, 0): b' 2621,3,1,512,0,550,14,11,7,2,1,-64,10,4362,28213,174,0,0 '
Received from ('fd00::200:0:0:e', 8765, 0, 0): b' 2621,14,11,1024,0,600,11,3,7,1,2,-70,1,1065,13910,162,0,0 '
Received from ('fd00::200:0:0:d', 8765, 0, 0): b' 2621,13,8,1024,0,627,10,4,7,1,2,-70,0,1069,14950,169,0,0 '
Received from ('fd00::200:0:0:12', 8765, 0, 0): b' 2622,18,14,1280,0,611,7,4,5,1,1,-52,0,255,4001,159,0,0 '
Received from ('fd00::200:0:0:f', 8765, 0, 0): b' 2622,15,11,1024,0,567,7,14,7,1,2,-52,0,983,7409,138,0,0 '
Received from ('fd00::200:0:0:5', 8765, 0, 0): b' 2622,5,1,512,10,568,15,1,6,1,1,-94,1,1139,17844,174,0,0 '
Received from ('fd00::200:0:0:c', 8765, 0, 0): b' 2623,12,11,1024,0,626,12,11,7,1,3,-52,0,365,6125,169,0,0 '
Received from ('fd00::200:0:0:9', 8765, 0, 0): b' 2623,9,5,768,0,584,11,4,7,1,2,-52,0,440,5817,161,0,0 '
Received from ('fd00::200:0:0:2', 8765, 0, 0): b' 2623,2,1,512,0,621,15,1,6,1,1,-88,0,481,8269,175,0,0 '
Received from ('fd00::200:0:0:15', 8765, 0, 0): b' 2624,21,16,1280,0,559,5,3,5,1,1,-70,0,517,9151,166,0,0 '
Received from ('fd00::200:0:0:4', 8765, 0, 0): b' 2625,4,1,512,20,565,14,3,7,1,1,-66,1,444,6467,174,0,0 '
Received from ('fd00::200:0:0:3', 8765, 0, 0): b' 2625,3,1,512,0,551,14,11,7,2,1,-64,10,2005,12754,174,0,0 '
Received from ('fd00::200:0:0:10', 8765, 0, 0): b' 2625,16,11,1024,0,557,10,12,7,1,2,-70,4,2575,25437,168,0,0 '
Received from ('fd00::200:0:0:7', 8765, 0, 0): b' 2625,7,4,768,0,537,10,6,7,1,3,-70,0,834,10681,157,0,0 '
Received from ('fd00::200:0:0:11', 8765, 0, 0): b' 2625,17,16,1280,0,633,6,4,7,1,1,-52,0,746,9674,166,0,0 '
Received from ('fd00::200:0:0:13', 8765, 0, 0): b' 2626,19,16,1280,0,593,6,3,7,1,1,-70,0,646,6339,162,0,0 '
Received from ('fd00::200:0:0:8', 8765, 0, 0): b' 2627,8,3,768,0,605,11,8,7,1,2,-70,2,784,8905,172,0,0 '
Received from ('fd00::200:0:0:6', 8765, 0, 0): b' 2627,6,3,768,0,603,11,3,7,1,2,-70,0,829,8369,164,0,0 '
Received from ('fd00::200:0:0:a', 8765, 0, 0): b' 2628,10,11,1024,0,638,8,6,7,1,1,-52,0,769,10972,165,0,0 '
Received from ('fd00::200:0:0:1', 5678, 0, 0): b' 2628,1,0,256,0,25,0,0,4,0,0,0,10,2776,28423,3512,0,0 '
Received from ('fd00::200:0:0:b', 8765, 0, 0): b' 2629,11,3,768,0,545,10,11,7,2,1,-95,10,4114,28212,402,1,4 '
Received from ('fd00::200:0:0:12', 8765, 0, 0): b' 2629,18,14,1280,0,615,7,4,5,1,1,-52,0,787,7758,160,0,0 '
Received from ('fd00::200:0:0:c', 8765, 0, 0): b' 2630,12,11,1024,0,627,12,11,7,1,3,-52,0,497,9038,170,0,0 '
Received from ('fd00::200:0:0:f', 8765, 0, 0): b' 2630,15,11,1024,10,569,7,14,7,1,2,-52,0,592,7490,139,0,0 '
Received from ('fd00::200:0:0:5', 8765, 0, 0): b' 2630,5,1,512,0,570,15,1,6,1,1,-94,1,1036,11896,174,0,0 '
Received from ('fd00::200:0:0:2', 8765, 0, 0): b' 2630,2,1,512,10,624,15,1,6,1,1,-88,0,673,8512,176,0,0 '
Received from ('fd00::200:0:0:e', 8765, 0, 0): b' 2631,14,11,1024,0,601,11,3,7,1,2,-70,1,1079,13185,162,0,0 '
Received from ('fd00::200:0:0:7', 8765, 0, 0): b' 2631,7,4,768,0,537,10,6,7,1,3,-70,0,431,6459,158,0,0 '
Received from ('fd00::200:0:0:15', 8765, 0, 0): b' 2631,21,16,1280,0,560,5,3,5,1,1,-70,0,591,9564,167,0,0 '
Received from ('fd00::200:0:0:4', 8765, 0, 0): b' 2632,4,1,512,0,569,14,3,7,1,1,-66,1,1239,11913,175,0,0 '
Received from ('fd00::200:0:0:d', 8765, 0, 0): b' 2631,13,8,1024,10,629,10,4,7,1,2,-70,0,725,11806,170,0,0 '
Received from ('fd00::200:0:0:3', 8765, 0, 0): b' 2632,3,1,512,10,554,14,11,7,2,1,-64,10,4565,25613,175,0,0 '
Received from ('fd00::200:0:0:14', 8765, 0, 0): b' 2632,20,16,1280,10,583,8,8,7,1,2,-52,0,612,10498,143,0,0 '
Received from ('fd00::200:0:0:10', 8765, 0, 0): b' 2633,16,11,1024,0,560,10,12,7,1,2,-70,4,2321,21406,169,0,0 '
Received from ('fd00::200:0:0:13', 8765, 0, 0): b' 2634,19,16,1280,10,595,6,3,7,1,1,-70,0,410,7226,162,0,0 '
Received from ('fd00::200:0:0:9', 8765, 0, 0): b' 2634,9,5,768,0,587,11,4,7,1,2,-52,0,743,10127,161,0,0 '
Received from ('fd00::200:0:0:11', 8765, 0, 0): b' 2635,17,16,1280,0,634,6,4,7,1,1,-52,0,490,8919,167,0,0 '
Received from ('fd00::200:0:0:12', 8765, 0, 0): b' 2635,18,14,1280,0,616,7,4,5,1,1,-52,0,362,4953,160,0,0 '
Received from ('fd00::200:0:0:c', 8765, 0, 0): b' 2634,12,11,1024,0,628,12,11,7,1,3,-52,0,365,5385,170,0,0 '
Received from ('fd00::200:0:0:7', 8765, 0, 0): b' 2636,7,4,768,0,538,10,6,7,1,3,-70,0,263,4318,158,0,0 '
Received from ('fd00::200:0:0:8', 8765, 0, 0): b' 2636,8,3,768,0,609,11,8,7,1,2,-70,2,1459,15771,173,0,0 '
Received from ('fd00::200:0:0:2', 8765, 0, 0): b' 2636,2,1,512,0,627,15,1,6,1,1,-88,0,623,8418,176,0,0 '
Received from ('fd00::200:0:0:f', 8765, 0, 0): b' 2636,15,11,1024,10,570,7,14,7,1,2,-52,0,389,5540,139,0,0 '
Received from ('fd00::200:0:0:6', 8765, 0, 0): b' 2637,6,3,768,0,605,11,3,7,1,2,-70,0,692,9727,165,0,0 '
Received from ('fd00::200:0:0:15', 8765, 0, 0): b' 2638,21,16,1280,0,562,5,3,5,1,1,-70,0,493,7328,167,0,0 '
Received from ('fd00::200:0:0:13', 8765, 0, 0): b' 2638,19,16,1280,0,597,6,3,7,1,1,-70,0,633,4858,163,0,0 '
Received from ('fd00::200:0:0:a', 8765, 0, 0): b' 2638,10,11,1024,0,642,8,6,7,1,1,-52,0,909,10443,166,0,0 '
Received from ('fd00::200:0:0:e', 8765, 0, 0): b' 2639,14,11,1024,0,605,11,3,7,1,2,-70,1,1204,10628,163,0,0 '
Received from ('fd00::200:0:0:1', 5678, 0, 0): b' 2640,1,0,256,0,25,0,0,4,0,0,0,10,2774,30506,3527,0,0 '
Received from ('fd00::200:0:0:b', 8765, 0, 0): b' 2640,11,3,768,0,549,10,11,7,2,1,-95,10,5199,36996,404,1,4 '
Received from ('fd00::200:0:0:10', 8765, 0, 0): b' 2640,16,11,1024,20,562,10,12,7,1,2,-70,4,1636,17275,169,0,0 '
Received from ('fd00::200:0:0:6', 8765, 0, 0): b' 2641,6,3,768,0,605,11,3,7,1,2,-70,0,156,3712,165,0,0 '
Received from ('fd00::200:0:0:3', 8765, 0, 0): b' 2642,3,1,512,0,557,14,11,7,2,1,-64,10,4425,28283,175,0,0 '
Received from ('fd00::200:0:0:5', 8765, 0, 0): b' 2642,5,1,512,0,572,15,1,6,1,1,-94,1,1197,17285,175,0,0 '
Received from ('fd00::200:0:0:c', 8765, 0, 0): b' 2640,12,11,1024,10,630,12,11,7,1,3,-52,0,496,7423,171,0,0 '
Received from ('fd00::200:0:0:14', 8765, 0, 0): b' 2640,20,16,1280,0,584,8,8,7,1,2,-52,0,617,8034,143,0,0 '
Received from ('fd00::200:0:0:7', 8765, 0, 0): b' 2642,7,4,768,10,541,10,6,7,1,3,-70,0,491,5730,158,0,0 '
Received from ('fd00::200:0:0:12', 8765, 0, 0): b' 2641,18,14,1280,10,617,7,4,5,1,1,-52,0,386,5795,160,0,0 '
Received from ('fd00::200:0:0:d', 8765, 0, 0): b' 2641,13,8,1024,0,630,10,4,7,1,2,-70,0,521,12662,171,0,0 '
Received from ('fd00::200:0:0:15', 8765, 0, 0): b' 2641,21,16,1280,10,562,5,3,5,1,1,-70,0,311,5461,168,0,0 '
Received from ('fd00::200:0:0:f', 8765, 0, 0): b' 2643,15,11,1024,0,571,7,14,7,1,2,-52,0,566,7054,140,0,0 '
Received from ('fd00::200:0:0:4', 8765, 0, 0): b' 2643,4,1,512,0,571,14,3,7,1,1,-66,1,1237,17974,175,0,0 '
Received from ('fd00::200:0:0:11', 8765, 0, 0): b' 2642,17,16,1280,0,635,6,4,7,1,1,-52,0,563,7957,168,0,0 '
Received from ('fd00::200:0:0:8', 8765, 0, 0): b' 2644,8,3,768,0,610,11,8,7,1,2,-70,2,963,12724,174,0,0 '
Received from ('fd00::200:0:0:14', 8765, 0, 0): b' 2645,20,16,1280,0,585,8,8,7,1,2,-52,0,321,4138,144,0,0 '
Received from ('fd00::200:0:0:9', 8765, 0, 0): b' 2645,9,5,768,0,590,11,4,7,1,2,-52,0,824,10956,162,0,0 '
Received from ('fd00::200:0:0:7', 8765, 0, 0): b' 2646,7,4,768,0,542,10,6,7,1,3,-70,0,524,4325,159,0,0 '
Received from ('fd00::200:0:0:1', 5678, 0, 0): b' 2646,1,0,256,0,25,0,0,4,0,0,0,10,2013,18429,3540,0,0 '
Received from ('fd00::200:0:0:c', 8765, 0, 0): b' 2647,12,11,1024,0,631,12,11,7,1,3,-52,0,474,7145,171,0,0 '
Received from ('fd00::200:0:0:10', 8765, 0, 0): b' 2647,16,11,1024,0,564,10,12,7,1,2,-70,4,2236,18147,170,0,0 '
Received from ('fd00::200:0:0:13', 8765, 0, 0): b' 2648,19,16,1280,0,600,6,3,7,1,1,-70,0,648,8821,163,0,0 '
Received from ('fd00::200:0:0:d', 8765, 0, 0): b' 2647,13,8,1024,0,631,10,4,7,1,2,-70,0,387,6838,171,0,0 '
Received from ('fd00::200:0:0:8', 8765, 0, 0): b' 2647,8,3,768,10,612,11,8,7,1,2,-70,2,648,6557,174,0,0 '
Received from ('fd00::200:0:0:5', 8765, 0, 0): b' 2648,5,1,512,0,574,15,1,6,1,1,-94,1,879,10952,176,0,0 '
Received from ('fd00::200:0:0:b', 8765, 0, 0): b' 2649,11,3,768,0,553,10,11,7,2,1,-95,10,4403,30050,406,1,4 '
Received from ('fd00::200:0:0:2', 8765, 0, 0): b' 2649,2,1,512,0,633,15,1,6,1,1,-88,0,1163,15098,177,0,0 '
Received from ('fd00::200:0:0:11', 8765, 0, 0): b' 2650,17,16,1280,0,637,6,4,7,1,1,-52,0,386,5716,168,0,0 '
Received from ('fd00::200:0:0:12', 8765, 0, 0): b' 2649,18,14,1280,0,619,7,4,5,1,1,-52,0,671,7686,161,0,0 '
Received from ('fd00::200:0:0:a', 8765, 0, 0): b' 2650,10,11,1024,0,643,8,6,7,1,1,-52,0,588,9676,167,0,0 '
Received from ('fd00::200:0:0:3', 8765, 0, 0): b' 2649,3,1,512,0,560,14,11,7,2,1,-64,10,5547,30001,176,0,0 '
Received from ('fd00::200:0:0:e', 8765, 0, 0): b' 2649,14,11,1024,0,608,11,3,7,1,2,-70,1,1419,14096,164,0,0 '
Received from ('fd00::200:0:0:6', 8765, 0, 0): b' 2650,6,3,768,0,605,11,3,7,1,2,-70,0,478,8518,166,0,0 '
Received from ('fd00::200:0:0:4', 8765, 0, 0): b' 2651,4,1,512,0,571,14,3,7,1,1,-66,1,874,11272,176,0,0 '
Received from ('fd00::200:0:0:15', 8765, 0, 0): b' 2653,21,16,1280,0,565,5,3,5,1,1,-70,0,677,11524,168,0,0 '
Received from ('fd00::200:0:0:f', 8765, 0, 0): b' 2652,15,11,1024,10,573,7,14,7,1,2,-52,0,518,8280,140,0,0 '
Received from ('fd00::200:0:0:9', 8765, 0, 0): b' 2652,9,5,768,0,591,11,4,7,1,2,-52,0,441,6707,163,0,0 '
Received from ('fd00::200:0:0:8', 8765, 0, 0): b' 2652,8,3,768,0,615,11,8,7,1,2,-70,2,576,7349,174,0,0 '
Received from ('fd00::200:0:0:7', 8765, 0, 0): b' 2652,7,4,768,0,544,10,6,7,1,3,-70,0,612,7133,159,0,0 '
Received from ('fd00::200:0:0:12', 8765, 0, 0): b' 2653,18,14,1280,0,620,7,4,5,1,1,-52,0,289,4763,161,0,0 '
Received from ('fd00::200:0:0:14', 8765, 0, 0): b' 2655,20,16,1280,0,588,8,8,7,1,2,-52,0,745,9776,144,0,0 '
Received from ('fd00::200:0:0:13', 8765, 0, 0): b' 2656,19,16,1280,10,602,6,3,7,1,1,-70,0,646,7409,164,0,0 '
Received from ('fd00::200:0:0:1', 5678, 0, 0): b' 2657,1,0,256,0,25,0,0,4,0,0,0,10,2595,28223,3553,0,0 '
Received from ('fd00::200:0:0:4', 8765, 0, 0): b' 2656,4,1,512,10,573,14,3,7,1,1,-66,1,726,9069,176,0,0 '
Received from ('fd00::200:0:0:b', 8765, 0, 0): b' 2658,11,3,768,20,555,10,11,7,2,1,-95,10,3809,28536,408,1,4 '
Received from ('fd00::200:0:0:7', 8765, 0, 0): b' 2658,7,4,768,0,544,10,6,7,1,3,-70,0,253,4493,159,0,0 '
Received from ('fd00::200:0:0:c', 8765, 0, 0): b' 2658,12,11,1024,0,632,12,11,7,1,3,-52,0,642,13757,172,0,0 '
Received from ('fd00::200:0:0:5', 8765, 0, 0): b' 2657,5,1,512,0,577,15,1,6,1,1,-94,1,1144,14843,176,0,0 '
Received from ('fd00::200:0:0:3', 8765, 0, 0): b' 2658,3,1,512,0,560,14,11,7,2,1,-64,10,3573,25691,176,0,0 '
Received from ('fd00::200:0:0:d', 8765, 0, 0): b' 2657,13,8,1024,0,633,10,4,7,1,2,-70,0,722,12416,172,0,0 '
Received from ('fd00::200:0:0:10', 8765, 0, 0): b' 2659,16,11,1024,0,568,10,12,7,1,2,-70,4,2941,30821,170,0,0 '
Received from ('fd00::200:0:0:f', 8765, 0, 0): b' 2659,15,11,1024,0,574,7,14,7,1,2,-52,0,469,6524,141,0,0 '
Received from ('fd00::200:0:0:2', 8765, 0, 0): b' 2659,2,1,512,0,636,15,1,6,1,1,-88,0,820,12911,178,0,0 '
Received from ('fd00::200:0:0:e', 8765, 0, 0): b' 2660,14,11,1024,0,611,11,3,7,1,2,-70,1,1089,12091,164,0,0 '
Received from ('fd00::200:0:0:6', 8765, 0, 0): b' 2660,6,3,768,0,608,11,3,7,1,2,-70,0,743,9246,166,0,0 '
Received from ('fd00::200:0:0:12', 8765, 0, 0): b' 2659,18,14,1280,0,623,7,4,5,1,1,-52,0,753,6340,162,0,0 '
Received from ('fd00::200:0:0:15', 8765, 0, 0): b' 2662,21,16,1280,0,567,5,3,5,1,1,-70,0,723,10934,169,0,0 '
Received from ('fd00::200:0:0:11', 8765, 0, 0): b' 2662,17,16,1280,0,639,6,4,7,1,1,-52,0,718,10900,169,0,0 '
Received from ('fd00::200:0:0:a', 8765, 0, 0): b' 2661,10,11,1024,0,648,8,6,7,1,1,-52,0,983,11626,167,0,0 '
Received from ('fd00::200:0:0:b', 8765, 0, 0): b' 2662,11,3,768,20,556,10,11,7,2,1,-95,10,2487,15318,410,1,4 '
Received from ('fd00::200:0:0:14', 8765, 0, 0): b' 2662,20,16,1280,0,589,8,8,7,1,2,-52,0,563,7122,145,0,0 '
Received from ('fd00::200:0:0:8', 8765, 0, 0): b' 2662,8,3,768,0,617,11,8,7,1,2,-70,2,1147,15570,175,0,0 '
Received from ('fd00::200:0:0:3', 8765, 0, 0): b' 2663,3,1,512,0,560,14,11,7,2,1,-64,10,3317,18491,177,0,0 '
Received from ('fd00::200:0:0:13', 8765, 0, 0): b' 2663,19,16,1280,0,602,6,3,7,1,1,-70,0,328,8457,164,0,0 '
Received from ('fd00::200:0:0:d', 8765, 0, 0): b' 2663,13,8,1024,0,635,10,4,7,1,2,-70,0,494,7495,172,0,0 '
Received from ('fd00::200:0:0:9', 8765, 0, 0): b' 2664,9,5,768,0,594,11,4,7,1,2,-52,0,864,11227,163,0,0 '
Received from ('fd00::200:0:0:5', 8765, 0, 0): b' 2664,5,1,512,0,579,15,1,6,1,1,-94,1,883,11142,177,0,0 '
Received from ('fd00::200:0:0:1', 5678, 0, 0): b' 2665,1,0,256,0,25,0,0,4,0,0,0,10,2275,22750,3567,0,0 '
Received from ('fd00::200:0:0:6', 8765, 0, 0): b' 2665,6,3,768,10,610,11,3,7,1,2,-70,0,467,5207,167,0,0 '
Received from ('fd00::200:0:0:c', 8765, 0, 0): b' 2665,12,11,1024,0,634,12,11,7,1,3,-52,0,521,9711,172,0,0 '
Received from ('fd00::200:0:0:b', 8765, 0, 0): b' 2666,11,3,768,10,556,10,11,7,2,1,-95,10,1536,13117,411,1,4 '
Received from ('fd00::200:0:0:10', 8765, 0, 0): b' 2665,16,11,1024,10,568,10,12,7,1,2,-70,4,1624,17837,171,0,0 '
Received from ('fd00::200:0:0:7', 8765, 0, 0): b' 2666,7,4,768,0,546,10,6,7,1,3,-70,0,595,8720,160,0,0 '
Received from ('fd00::200:0:0:8', 8765, 0, 0): b' 2666,8,3,768,0,619,11,8,7,1,2,-70,2,701,7258,175,0,0 '
Received from ('fd00::200:0:0:e', 8765, 0, 0): b' 2667,14,11,1024,0,612,11,3,7,1,2,-70,1,883,10863,165,0,0 '
Received from ('fd00::200:0:0:f', 8765, 0, 0): b' 2667,15,11,1024,10,581,7,14,7,1,2,-52,0,1044,9539,141,0,0 '
Received from ('fd00::200:0:0:a', 8765, 0, 0): b' 2668,10,11,1024,0,650,8,6,7,1,1,-52,0,574,7243,168,0,0 '
Received from ('fd00::200:0:0:2', 8765, 0, 0): b' 2668,2,1,512,10,641,15,1,6,1,1,-88,0,851,11225,178,0,0 '
Received from ('fd00::200:0:0:4', 8765, 0, 0): b' 2668,4,1,512,10,576,14,3,7,1,1,-66,1,1445,18850,177,0,0 '
Received from ('fd00::200:0:0:11', 8765, 0, 0): b' 2669,17,16,1280,0,641,6,4,7,1,1,-52,0,615,8206,169,0,0 '
Received from ('fd00::200:0:0:12', 8765, 0, 0): b' 2669,18,14,1280,0,625,7,4,5,1,1,-52,0,541,9098,162,0,0 '
Received from ('fd00::200:0:0:15', 8765, 0, 0): b' 2670,21,16,1280,10,570,6,3,5,1,1,-70,0,858,12051,170,0,0 '
Received from ('fd00::200:0:0:b', 8765, 0, 0): b' 2671,11,3,768,0,556,10,11,7,2,1,-95,10,2499,17264,412,1,4 '
Received from ('fd00::200:0:0:13', 8765, 0, 0): b' 2671,19,16,1280,0,602,6,3,7,1,1,-70,0,526,7122,165,0,0 '
Received from ('fd00::200:0:0:3', 8765, 0, 0): b' 2672,3,1,512,20,563,14,11,7,2,1,-64,10,4907,28732,177,0,0 '
Received from ('fd00::200:0:0:f', 8765, 0, 0): b' 2672,15,11,1024,0,581,7,14,7,1,2,-52,0,422,4259,142,0,0 '
Received from ('fd00::200:0:0:5', 8765, 0, 0): b' 2672,5,1,512,0,579,15,1,6,1,1,-94,1,680,11903,177,0,0 '
Received from ('fd00::200:0:0:14', 8765, 0, 0): b' 2673,20,16,1280,0,592,8,8,7,1,2,-52,0,811,10757,145,0,0 '
Received from ('fd00::200:0:0:c', 8765, 0, 0): b' 2673,12,11,1024,0,638,12,11,7,1,3,-52,0,915,10628,173,0,0 '
Received from ('fd00::200:0:0:9', 8765, 0, 0): b' 2672,9,5,768,10,597,11,4,7,1,2,-52,0,679,8445,164,0,0 '
Received from ('fd00::200:0:0:d', 8765, 0, 0): b' 2673,13,8,1024,10,637,10,4,7,1,2,-70,0,698,11548,173,0,0 '
Received from ('fd00::200:0:0:a', 8765, 0, 0): b' 2674,10,11,1024,0,651,8,6,7,1,1,-52,0,386,5250,168,0,0 '
Received from ('fd00::200:0:0:8', 8765, 0, 0): b' 2673,8,3,768,10,622,11,8,7,1,2,-70,2,1081,12049,176,0,0 '
Received from ('fd00::200:0:0:1', 5678, 0, 0): b' 2675,1,0,256,0,25,0,0,4,0,0,0,10,2740,27685,3584,0,0 '
Received from ('fd00::200:0:0:10', 8765, 0, 0): b' 2675,16,11,1024,0,570,10,12,7,1,2,-70,4,2644,25603,172,0,0 '
Received from ('fd00::200:0:0:4', 8765, 0, 0): b' 2676,4,1,512,0,576,14,3,7,1,1,-66,1,604,11134,178,0,0 '
Received from ('fd00::200:0:0:b', 8765, 0, 0): b' 2676,11,3,768,10,557,10,11,7,2,1,-95,10,2237,15668,413,1,4 '
Received from ('fd00::200:0:0:6', 8765, 0, 0): b' 2675,6,3,768,0,613,11,3,7,1,2,-70,0,703,10043,167,0,0 '
Received from ('fd00::200:0:0:e', 8765, 0, 0): b' 2675,14,11,1024,0,614,11,3,7,1,2,-70,1,958,10550,165,0,0 '
Received from ('fd00::200:0:0:3', 8765, 0, 0): b' 2676,3,1,512,0,565,14,11,7,2,1,-64,10,3230,16733,178,0,0 '
Received from ('fd00::200:0:0:13', 8765, 0, 0): b' 2677,19,16,1280,0,604,6,3,7,1,1,-70,0,493,5869,165,0,0 '
Received from ('fd00::200:0:0:7', 8765, 0, 0): b' 2678,7,4,768,0,548,10,6,7,1,3,-70,0,692,10526,161,0,0 '
Received from ('fd00::200:0:0:14', 8765, 0, 0): b' 2678,20,16,1280,10,595,8,8,7,1,2,-52,0,544,4990,146,0,0 '
Received from ('fd00::200:0:0:1', 5678, 0, 0): b' 2679,1,0,256,0,25,0,0,4,0,0,0,10,996,10806,3589,0,0 '
Received from ('fd00::200:0:0:15', 8765, 0, 0): b' 2679,21,16,1280,0,571,6,3,5,1,1,-70,0,556,10163,170,0,0 '
Received from ('fd00::200:0:0:12', 8765, 0, 0): b' 2679,18,14,1280,0,626,7,4,5,1,1,-52,0,633,8585,163,0,0 '
Received from ('fd00::200:0:0:2', 8765, 0, 0): b' 2680,2,1,512,0,644,15,1,6,1,1,-88,0,921,14056,179,0,0 '
Received from ('fd00::200:0:0:6', 8765, 0, 0): b' 2680,6,3,768,0,616,11,3,7,1,2,-70,0,599,5108,167,0,0 '
Received from ('fd00::200:0:0:d', 8765, 0, 0): b' 2679,13,8,1024,0,640,10,4,7,1,2,-70,0,627,8192,173,0,0 '
Received from ('fd00::200:0:0:4', 8765, 0, 0): b' 2680,4,1,512,0,578,14,3,7,1,1,-66,1,699,7395,178,0,0 '
Received from ('fd00::200:0:0:10', 8765, 0, 0): b' 2680,16,11,1024,0,571,10,12,7,1,2,-70,4,1317,13340,172,0,0 '
Received from ('fd00::200:0:0:c', 8765, 0, 0): b' 2680,12,11,1024,0,641,12,11,7,1,3,-52,0,604,8741,173,0,0 '
Received from ('fd00::200:0:0:11', 8765, 0, 0): b' 2681,17,16,1280,0,644,6,4,7,1,1,-52,0,825,11397,170,0,0 '
Received from ('fd00::200:0:0:8', 8765, 0, 0): b' 2681,8,3,768,0,625,11,8,7,1,2,-70,2,1190,12578,176,0,0 '
Received from ('fd00::200:0:0:a', 8765, 0, 0): b' 2683,10,11,1024,0,655,8,6,7,1,1,-52,0,884,9143,169,0,0 '
Received from ('fd00::200:0:0:f', 8765, 0, 0): b' 2683,15,11,1024,0,583,7,14,7,1,2,-52,0,663,11018,142,0,0 '
Received from ('fd00::200:0:0:3', 8765, 0, 0): b' 2683,3,1,512,0,565,14,11,7,2,1,-64,10,3139,21854,178,0,0 '
Received from ('fd00::200:0:0:5', 8765, 0, 0): b' 2683,5,1,512,10,582,15,1,6,1,1,-94,1,1373,16888,178,0,0 '
Received from ('fd00::200:0:0:9', 8765, 0, 0): b' 2684,9,5,768,0,601,11,4,7,1,2,-52,0,932,11147,165,0,0 '
Received from ('fd00::200:0:0:d', 8765, 0, 0): b' 2684,13,8,1024,0,640,10,4,7,1,2,-70,0,255,5320,173,0,0 '
Received from ('fd00::200:0:0:12', 8765, 0, 0): b' 2684,18,14,1280,0,627,7,4,5,1,1,-52,0,386,5270,163,0,0 '
Received from ('fd00::200:0:0:7', 8765, 0, 0): b' 2686,7,4,768,0,551,10,6,7,1,3,-70,0,720,8182,161,0,0 '
Received from ('fd00::200:0:0:e', 8765, 0, 0): b' 2685,14,11,1024,0,617,11,3,7,1,2,-70,1,1268,13155,166,0,0 '
Received from ('fd00::200:0:0:11', 8765, 0, 0): b' 2686,17,16,1280,0,646,6,4,7,1,1,-52,0,470,4645,170,0,0 '
Received from ('fd00::200:0:0:6', 8765, 0, 0): b' 2686,6,3,768,0,617,11,3,7,1,2,-70,0,537,6656,168,0,0 '
Received from ('fd00::200:0:0:1', 5678, 0, 0): b' 2687,1,0,256,0,25,0,0,4,0,0,0,10,1877,20545,3599,0,0 '
Received from ('fd00::200:0:0:b', 8765, 0, 0): b' 2686,11,3,768,10,562,10,11,7,1,1,-95,10,5292,38181,416,1,4 '
Received from ('fd00::200:0:0:4', 8765, 0, 0): b' 2688,4,1,512,0,580,14,3,7,1,1,-66,1,954,12174,178,0,0 '
Received from ('fd00::200:0:0:13', 8765, 0, 0): b' 2688,19,16,1280,0,607,6,3,7,1,1,-70,0,801,10681,166,0,0 '
Received from ('fd00::200:0:0:f', 8765, 0, 0): b' 2688,15,11,1024,0,585,7,14,7,1,2,-52,0,552,5465,143,0,0 '
Received from ('fd00::200:0:0:9', 8765, 0, 0): b' 2688,9,5,768,0,601,11,4,7,1,2,-52,0,254,4152,165,0,0 '
Received from ('fd00::200:0:0:d', 8765, 0, 0): b' 2688,13,8,1024,0,641,10,4,7,1,2,-70,0,446,5825,174,0,0 '
Received from ('fd00::200:0:0:8', 8765, 0, 0): b' 2689,8,3,768,0,626,11,8,7,1,2,-70,2,1085,12438,177,0,0 '
Received from ('fd00::200:0:0:a', 8765, 0, 0): b' 2690,10,11,1024,0,657,8,6,7,1,1,-52,0,517,6764,169,0,0 '
Received from ('fd00::200:0:0:10', 8765, 0, 0): b' 2690,16,11,1024,0,574,10,12,7,1,2,-70,4,2599,25588,173,0,0 '
Received from ('fd00::200:0:0:3', 8765, 0, 0): b' 2690,3,1,512,0,565,14,11,7,2,1,-64,10,4315,23998,179,0,0 '
Received from ('fd00::200:0:0:14', 8765, 0, 0): b' 2690,20,16,1280,10,602,8,8,7,1,2,-52,0,1198,11949,147,0,0 '
Received from ('fd00::200:0:0:1', 5678, 0, 0): b' 2692,1,0,256,0,25,0,0,4,0,0,0,10,1347,12963,3609,0,0 '
Received from ('fd00::200:0:0:15', 8765, 0, 0): b' 2690,21,16,1280,0,575,6,3,5,1,1,-70,0,961,14524,171,0,0 '
Received from ('fd00::200:0:0:2', 8765, 0, 0): b' 2692,2,1,512,0,648,15,1,6,1,1,-88,0,950,14681,180,0,0 '
Received from ('fd00::200:0:0:e', 8765, 0, 0): b' 2691,14,11,1024,0,618,11,3,7,1,2,-70,1,624,7261,166,0,0 '
Received from ('fd00::200:0:0:7', 8765, 0, 0): b' 2692,7,4,768,0,552,10,6,7,1,3,-70,0,440,6137,162,0,0 '
Received from ('fd00::200:0:0:6', 8765, 0, 0): b' 2693,6,3,768,0,619,11,3,7,1,2,-70,0,491,6018,168,0,0 '
Received from ('fd00::200:0:0:c', 8765, 0, 0): b' 2692,12,11,1024,0,645,12,11,7,1,3,-52,0,963,14853,174,0,0 '
Received from ('fd00::200:0:0:12', 8765, 0, 0): b' 2692,18,14,1280,0,630,7,4,5,1,1,-52,0,680,7647,164,0,0 '
Received from ('fd00::200:0:0:13', 8765, 0, 0): b' 2693,19,16,1280,0,608,6,3,7,1,1,-70,0,387,6154,166,0,0 '
Received from ('fd00::200:0:0:14', 8765, 0, 0): b' 2694,20,16,1280,0,604,8,8,7,1,2,-52,0,599,4634,147,0,0 '
Received from ('fd00::200:0:0:11', 8765, 0, 0): b' 2694,17,16,1280,0,649,6,4,7,1,1,-52,0,704,9159,171,0,0 '
Received from ('fd00::200:0:0:3', 8765, 0, 0): b' 2695,3,1,512,0,567,14,11,7,2,1,-64,10,2421,13523,179,0,0 '
Received from ('fd00::200:0:0:5', 8765, 0, 0): b' 2695,5,1,512,0,584,15,1,6,1,1,-94,1,1284,18007,179,0,0 '
Received from ('fd00::200:0:0:4', 8765, 0, 0): b' 2696,4,1,512,0,583,14,3,7,1,1,-66,1,1041,12556,179,0,0 '
Received from ('fd00::200:0:0:b', 8765, 0, 0): b' 2695,11,3,768,0,563,10,11,7,1,1,-95,10,4089,28359,418,1,4 '
Received from ('fd00::200:0:0:9', 8765, 0, 0): b' 2695,9,5,768,0,604,11,4,7,1,2,-52,0,622,6840,165,0,0 '
Received from ('fd00::200:0:0:a', 8765, 0, 0): b' 2696,10,11,1024,0,658,8,6,7,1,1,-52,0,539,6206,170,0,0 '
Received from ('fd00::200:0:0:15', 8765, 0, 0): b' 2696,21,16,1280,0,576,6,3,5,1,1,-70,0,457,7149,171,0,0 '
Received from ('fd00::200:0:0:1', 5678, 0, 0): b' 2697,1,0,256,0,25,0,0,4,0,0,0,10,1383,14912,3613,0,0 '
Received from ('fd00::200:0:0:7', 8765, 0, 0): b' 2698,7,4,768,10,553,10,6,7,1,3,-70,0,384,6364,162,0,0 '
Received from ('fd00::200:0:0:14', 8765, 0, 0): b' 2698,20,16,1280,0,604,8,8,7,1,2,-52,0,158,3934,147,0,0 '
Received from ('fd00::200:0:0:f', 8765, 0, 0): b' 2698,15,11,1024,10,589,7,14,7,1,2,-52,0,829,9352,143,0,0 '
Received from ('fd00::200:0:0:2', 8765, 0, 0): b' 2700,2,1,512,0,652,15,1,6,1,1,-88,0,730,9992,180,0,0 '
Received from ('fd00::200:0:0:c', 8765, 0, 0): b' 2699,12,11,1024,10,646,12,11,7,1,3,-52,0,487,8098,174,0,0 '
Received from ('fd00::200:0:0:4', 8765, 0, 0): b' 2700,4,1,512,0,583,14,3,7,1,1,-66,1,514,6954,179,0,0 '
Received from ('fd00::200:0:0:e', 8765, 0, 0): b' 2699,14,11,1024,0,621,11,3,7,1,2,-70,1,1094,10834,167,0,0 '
Received from ('fd00::200:0:0:10', 8765, 0, 0): b' 2700,16,11,1024,0,575,10,12,7,1,2,-70,4,2460,25701,173,0,0 '
Received from ('fd00::200:0:0:d', 8765, 0, 0): b' 2700,13,8,1024,10,644,10,4,7,1,2,-70,0,662,13870,174,0,0 '
Received from ('fd00::200:0:0:6', 8765, 0, 0): b' 2702,6,3,768,0,623,11,3,7,1,2,-70,0,809,9109,169,0,0 '
Received from ('fd00::200:0:0:8', 8765, 0, 0): b' 2701,8,3,768,10,630,11,8,7,1,2,-70,2,1278,18295,177,0,0 '
Received from ('fd00::200:0:0:12', 8765, 0, 0): b' 2700,18,14,1280,0,631,7,4,5,1,1,-52,0,507,7495,164,0,0 '
Received from ('fd00::200:0:0:9', 8765, 0, 0): b' 2701,9,5,768,0,606,11,4,7,1,2,-52,0,547,6233,166,0,0 '
Received from ('fd00::200:0:0:15', 8765, 0, 0): b' 2701,21,16,1280,0,578,6,3,5,1,1,-70,0,578,7049,172,0,0 '
Received from ('fd00::200:0:0:3', 8765, 0, 0): b' 2703,3,1,512,10,568,14,11,7,2,1,-64,10,4542,26124,180,0,0 '
Received from ('fd00::200:0:0:11', 8765, 0, 0): b' 2702,17,16,1280,0,652,6,4,7,1,1,-52,0,777,8369,172,0,0 '
Received from ('fd00::200:0:0:5', 8765, 0, 0): b' 2704,5,1,512,0,588,15,1,6,1,1,-94,1,1300,14338,179,0,0 '
Received from ('fd00::200:0:0:b', 8765, 0, 0): b' 2704,11,3,768,10,564,10,11,7,1,1,-95,10,4102,29855,420,1,4 '
Received from ('fd00::200:0:0:7', 8765, 0, 0): b' 2704,7,4,768,20,555,10,6,7,1,3,-70,0,492,6022,163,0,0 '
Received from ('fd00::200:0:0:13', 8765, 0, 0): b' 2705,19,16,1280,0,608,6,3,7,1,1,-70,0,504,10461,167,0,0 '
Received from ('fd00::200:0:0:1', 5678, 0, 0): b' 2707,1,0,256,0,25,0,0,4,0,0,0,10,2853,27817,3633,0,0 '
Received from ('fd00::200:0:0:2', 8765, 0, 0): b' 2707,2,1,512,0,654,15,1,6,1,1,-88,0,687,9253,181,0,0 '
Received from ('fd00::200:0:0:4', 8765, 0, 0): b' 2708,4,1,512,0,586,14,3,7,1,1,-66,1,1098,12136,180,0,0 '
Received from ('fd00::200:0:0:a', 8765, 0, 0): b' 2708,10,11,1024,0,663,8,6,7,1,1,-52,0,1109,11803,171,0,0 '
Received from ('fd00::200:0:0:c', 8765, 0, 0): b' 2708,12,11,1024,0,650,12,11,7,1,3,-52,0,843,11824,175,0,0 '
Received from ('fd00::200:0:0:7', 8765, 0, 0): b' 2709,7,4,768,0,556,10,6,7,1,3,-70,0,441,4491,163,0,0 '
Received from ('fd00::200:0:0:e', 8765, 0, 0): b' 2708,14,11,1024,0,623,11,3,7,1,2,-70,1,1015,11527,168,0,0 '
Received from ('fd00::200:0:0:d', 8765, 0, 0): b' 2708,13,8,1024,0,647,10,4,7,1,2,-70,0,820,10070,175,0,0 '
Received from ('fd00::200:0:0:f', 8765, 0, 0): b' 2709,15,11,1024,0,591,7,14,7,1,2,-52,0,690,10873,144,0,0 '
Received from ('fd00::200:0:0:11', 8765, 0, 0): b' 2709,17,16,1280,0,655,6,4,7,1,1,-52,0,493,6617,172,0,0 '
Received from ('fd00::200:0:0:14', 8765, 0, 0): b' 2710,20,16,1280,0,607,8,8,7,1,2,-52,0,825,11302,148,0,0 '
Received from ('fd00::200:0:0:12', 8765, 0, 0): b' 2710,18,14,1280,0,634,7,4,5,1,1,-52,0,801,9477,165,0,0 '
Received from ('fd00::200:0:0:13', 8765, 0, 0): b' 2710,19,16,1280,0,611,6,3,7,1,1,-70,0,601,5820,167,0,0 '
Received from ('fd00::200:0:0:10', 8765, 0, 0): b' 2711,16,11,1024,0,577,10,12,7,1,2,-70,4,2981,29211,174,0,0 '
Received from ('fd00::200:0:0:6', 8765, 0, 0): b' 2711,6,3,768,0,627,11,3,7,1,2,-70,0,882,9523,170,0,0 '
Received from ('fd00::200:0:0:9', 8765, 0, 0): b' 2711,9,5,768,0,607,11,4,7,1,2,-52,0,529,8815,166,0,0 '
Received from ('fd00::200:0:0:1', 5678, 0, 0): b' 2712,1,0,256,0,25,0,0,4,0,0,0,10,1066,12315,3636,0,0 '
Received from ('fd00::200:0:0:8', 8765, 0, 0): b' 2711,8,3,768,0,632,11,8,7,1,2,-70,2,1305,15797,178,0,0 '
Received from ('fd00::200:0:0:15', 8765, 0, 0): b' 2711,21,16,1280,0,582,6,3,5,1,1,-70,0,828,11902,172,0,0 '
Received from ('fd00::200:0:0:a', 8765, 0, 0): b' 2713,10,11,1024,0,665,8,6,7,1,1,-52,0,472,4935,171,0,0 '
Received from ('fd00::200:0:0:5', 8765, 0, 0): b' 2713,5,1,512,0,591,15,1,6,1,1,-94,1,1269,14457,180,0,0 '
Received from ('fd00::200:0:0:f', 8765, 0, 0): b' 2713,15,11,1024,0,593,7,14,7,1,2,-52,0,472,4074,144,0,0 '
Received from ('fd00::200:0:0:7', 8765, 0, 0): b' 2713,7,4,768,0,556,10,6,7,1,3,-70,0,253,4517,163,0,0 '
Received from ('fd00::200:0:0:3', 8765, 0, 0): b' 2714,3,1,512,0,572,14,11,7,2,1,-64,10,5417,31233,180,0,0 '
Received from ('fd00::200:0:0:2', 8765, 0, 0): b' 2715,2,1,512,0,655,15,1,6,1,1,-88,0,553,10160,182,0,0 '
Received from ('fd00::200:0:0:11', 8765, 0, 0): b' 2714,17,16,1280,0,656,6,4,7,1,1,-52,0,386,4664,172,0,0 '
Received from ('fd00::200:0:0:b', 8765, 0, 0): b' 2716,11,3,768,20,566,10,11,7,1,1,-95,10,5366,39485,424,1,4 '
Received from ('fd00::200:0:0:9', 8765, 0, 0): b' 2716,9,5,768,10,608,11,4,7,1,2,-52,0,486,5466,167,0,0 '
Received from ('fd00::200:0:0:e', 8765, 0, 0): b' 2715,14,11,1024,0,628,11,3,7,1,2,-70,1,1130,9892,168,0,0 '
Received from ('fd00::200:0:0:c', 8765, 0, 0): b' 2715,12,11,1024,0,652,12,11,7,1,3,-52,0,675,10234,176,0,0 '
Received from ('fd00::200:0:0:8', 8765, 0, 0): b' 2717,8,3,768,0,635,11,8,7,1,2,-70,2,1027,11879,179,0,0 '
Received from ('fd00::200:0:0:4', 8765, 0, 0): b' 2719,4,1,512,0,590,14,3,7,1,1,-66,1,1626,18550,181,0,0 '
Received from ('fd00::200:0:0:14', 8765, 0, 0): b' 2716,20,16,1280,10,608,8,8,7,1,2,-52,0,484,7111,148,0,0 '
Received from ('fd00::200:0:0:13', 8765, 0, 0): b' 2718,19,16,1280,10,614,6,3,7,1,1,-70,0,656,7555,168,0,0 '
Received from ('fd00::200:0:0:d', 8765, 0, 0): b' 2719,13,8,1024,10,652,10,4,7,1,2,-70,0,1044,13487,176,0,0 '
Received from ('fd00::200:0:0:7', 8765, 0, 0): b' 2720,7,4,768,10,559,10,6,7,1,3,-70,0,571,7433,164,0,0 '
Received from ('fd00::200:0:0:e', 8765, 0, 0): b' 2720,14,11,1024,0,630,11,3,7,1,2,-70,1,702,7542,168,0,0 '
Received from ('fd00::200:0:0:15', 8765, 0, 0): b' 2720,21,16,1280,0,584,6,3,5,1,1,-70,0,626,10984,173,0,0 '
Received from ('fd00::200:0:0:6', 8765, 0, 0): b' 2721,6,3,768,10,630,11,3,7,1,2,-70,0,743,10014,170,0,0 '
Received from ('fd00::200:0:0:1', 5678, 0, 0): b' 2722,1,0,256,0,25,0,0,4,0,0,0,10,3004,29211,3656,0,0 '
Received from ('fd00::200:0:0:12', 8765, 0, 0): b' 2721,18,14,1280,0,637,7,4,5,1,1,-52,0,825,10849,166,0,0 '
Received from ('fd00::200:0:0:f', 8765, 0, 0): b' 2721,15,11,1024,0,598,7,14,7,1,2,-52,0,1016,10149,145,0,0 '
Received from ('fd00::200:0:0:c', 8765, 0, 0): b' 2722,12,11,1024,0,655,12,11,7,1,3,-52,0,632,8174,176,0,0 '
Received from ('fd00::200:0:0:10', 8765, 0, 0): b' 2722,16,11,1024,0,581,10,12,7,1,2,-70,4,3248,31236,175,0,0 '
Received from ('fd00::200:0:0:b', 8765, 0, 0): b' 2723,11,3,768,20,568,10,11,7,1,1,-95,10,3712,25855,425,1,4 '
Received from ('fd00::200:0:0:5', 8765, 0, 0): b' 2724,5,1,512,0,594,15,1,6,1,1,-94,1,1215,17437,181,0,0 '
Received from ('fd00::200:0:0:8', 8765, 0, 0): b' 2724,8,3,768,0,637,11,8,7,1,2,-70,2,869,10096,179,0,0 '
Received from ('fd00::200:0:0:3', 8765, 0, 0): b' 2725,3,1,512,10,578,14,11,7,2,1,-64,10,6464,35318,181,0,0 '
Received from ('fd00::200:0:0:a', 8765, 0, 0): b' 2722,10,11,1024,0,665,8,6,7,1,1,-52,0,407,9917,172,0,0 '
Received from ('fd00::200:0:0:2', 8765, 0, 0): b' 2726,2,1,512,0,658,15,1,6,1,1,-88,0,744,12168,182,0,0 '
Received from ('fd00::200:0:0:6', 8765, 0, 0): b' 2725,6,3,768,0,631,11,3,7,1,2,-70,0,442,4874,171,0,0 '
Received from ('fd00::200:0:0:9', 8765, 0, 0): b' 2725,9,5,768,0,611,11,4,7,1,2,-52,0,744,8726,167,0,0 '
Received from ('fd00::200:0:0:11', 8765, 0, 0): b' 2726,17,16,1280,0,659,6,4,7,1,1,-52,0,825,11357,173,0,0 '
Received from ('fd00::200:0:0:4', 8765, 0, 0): b' 2727,4,1,512,0,593,14,3,7,1,1,-66,1,1064,12746,181,0,0 '
Received from ('fd00::200:0:0:d', 8765, 0, 0): b' 2727,13,8,1024,0,655,10,4,7,1,2,-70,0,749,10344,176,0,0 '
Received from ('fd00::200:0:0:14', 8765, 0, 0): b' 2727,20,16,1280,0,610,8,8,7,1,2,-52,0,719,10215,149,0,0 '
Received from ('fd00::200:0:0:e', 8765, 0, 0): b' 2727,14,11,1024,0,632,11,3,7,1,2,-70,1,964,9577,169,0,0 '
Received from ('fd00::200:0:0:c', 8765, 0, 0): b' 2727,12,11,1024,0,657,12,11,7,1,3,-52,0,496,7169,176,0,0 '
Received from ('fd00::200:0:0:12', 8765, 0, 0): b' 2730,18,14,1280,0,640,7,4,5,1,1,-52,0,626,7842,166,0,0 '
Received from ('fd00::200:0:0:13', 8765, 0, 0): b' 2729,19,16,1280,0,617,6,3,7,1,1,-70,0,826,11355,169,0,0 '
Received from ('fd00::200:0:0:15', 8765, 0, 0): b' 2729,21,16,1280,0,585,6,3,5,1,1,-70,0,659,11656,174,0,0 '
Received from ('fd00::200:0:0:7', 8765, 0, 0): b' 2732,7,4,768,0,562,10,7,7,1,3,-70,0,879,11199,164,0,0 '
Received from ('fd00::200:0:0:d', 8765, 0, 0): b' 2731,13,8,1024,0,659,10,4,7,1,2,-70,0,480,5599,176,0,0 '
Received from ('fd00::200:0:0:1', 5678, 0, 0): b' 2733,1,0,256,0,25,0,0,4,0,0,0,10,2516,27642,3668,0,0 '
Received from ('fd00::200:0:0:b', 8765, 0, 0): b' 2731,11,3,768,40,570,10,11,7,1,1,-95,10,3177,25373,428,1,4 '
Received from ('fd00::200:0:0:8', 8765, 0, 0): b' 2732,8,3,768,0,639,11,8,7,1,2,-70,2,1200,13055,179,0,0 '
Received from ('fd00::200:0:0:2', 8765, 0, 0): b' 2733,2,1,512,0,658,15,1,6,1,1,-88,0,377,8861,183,0,0 '
Received from ('fd00::200:0:0:a', 8765, 0, 0): b' 2730,10,11,1024,0,667,8,6,7,1,1,-52,0,614,7490,172,0,0 '
Received from ('fd00::200:0:0:10', 8765, 0, 0): b' 2731,16,11,1024,0,582,10,12,7,1,2,-70,4,1984,22538,175,0,0 '
Received from ('fd00::200:0:0:f', 8765, 0, 0): b' 2731,15,11,1024,0,598,7,14,7,1,2,-52,0,484,8743,146,0,0 '
Received from ('fd00::200:0:0:3', 8765, 0, 0): b' 2734,3,1,512,0,579,14,11,7,2,1,-64,10,4960,27929,182,0,0 '
Received from ('fd00::200:0:0:14', 8765, 0, 0): b' 2732,20,16,1280,0,610,8,8,7,1,2,-52,0,256,4231,149,0,0 '
Received from ('fd00::200:0:0:9', 8765, 0, 0): b' 2734,9,5,768,0,614,11,4,7,1,2,-52,0,678,8497,168,0,0 '
Received from ('fd00::200:0:0:12', 8765, 0, 0): b' 2735,18,14,1280,0,642,7,4,5,1,1,-52,0,525,4917,167,0,0 '
Received from ('fd00::200:0:0:e', 8765, 0, 0): b' 2734,14,11,1024,0,633,11,3,7,1,2,-70,1,996,9632,169,0,0 '
Received from ('fd00::200:0:0:5', 8765, 0, 0): b' 2735,5,1,512,20,598,15,1,6,1,1,-94,1,1537,18001,182,0,0 '
Received from ('fd00::200:0:0:15', 8765, 0, 0): b' 2734,21,16,1280,10,586,6,3,5,1,1,-70,0,391,6458,174,0,0 '
Received from ('fd00::200:0:0:10', 8765, 0, 0): b' 2736,16,11,1024,0,583,10,12,7,1,2,-70,4,1356,13489,176,0,0 '
Received from ('fd00::200:0:0:6', 8765, 0, 0): b' 2738,6,3,768,0,637,11,3,7,1,2,-70,0,1088,11352,171,0,0 '
Received from ('fd00::200:0:0:11', 8765, 0, 0): b' 2736,17,16,1280,10,660,6,4,7,1,1,-52,0,588,10483,174,0,0 '
Received from ('fd00::200:0:0:8', 8765, 0, 0): b' 2739,8,3,768,0,641,11,8,7,1,2,-70,2,802,9183,180,0,0 '
Received from ('fd00::200:0:0:4', 8765, 0, 0): b' 2739,4,1,512,0,598,14,3,7,1,1,-66,1,1584,18621,182,0,0 '
Received from ('fd00::200:0:0:a', 8765, 0, 0): b' 2737,10,11,1024,0,669,8,6,7,1,1,-52,0,549,6587,173,0,0 '
Received from ('fd00::200:0:0:b', 8765, 0, 0): b' 2739,11,3,768,30,570,10,11,7,1,1,-95,10,3446,23640,430,1,4 '
Received from ('fd00::200:0:0:d', 8765, 0, 0): b' 2738,13,8,1024,0,661,10,4,7,1,2,-70,0,674,8793,177,0,0 '
Received from ('fd00::200:0:0:14', 8765, 0, 0): b' 2737,20,16,1280,0,610,8,8,7,1,2,-52,0,335,5403,150,0,0 '
Received from ('fd00::200:0:0:f', 8765, 0, 0): b' 2738,15,11,1024,0,601,7,14,7,1,2,-52,0,601,6573,146,0,0 '
Received from ('fd00::200:0:0:c', 8765, 0, 0): b' 2738,12,11,1024,0,659,12,11,7,1,3,-52,0,960,13965,177,0,0 '
Received from ('fd00::200:0:0:12', 8765, 0, 0): b' 2740,18,14,1280,0,644,7,4,5,1,1,-52,0,493,5309,167,0,0 '
Received from ('fd00::200:0:0:13', 8765, 0, 0): b' 2739,19,16,1280,10,620,6,3,7,1,1,-70,0,770,10243,170,0,0 '
Received from ('fd00::200:0:0:9', 8765, 0, 0): b' 2742,9,5,768,0,616,11,4,7,1,2,-52,0,612,7748,168,0,0 '
Received from ('fd00::200:0:0:7', 8765, 0, 0): b' 2742,7,4,768,10,564,10,7,7,1,3,-70,0,653,9525,165,0,0 '
Received from ('fd00::200:0:0:6', 8765, 0, 0): b' 2743,6,3,768,0,639,11,3,7,1,2,-70,0,525,5188,172,0,0 '
Received from ('fd00::200:0:0:1', 5678, 0, 0): b' 2743,1,0,256,0,25,0,0,4,0,0,0,10,2784,28429,3683,0,0 '
Received from ('fd00::200:0:0:2', 8765, 0, 0): b' 2743,2,1,512,0,660,15,1,6,1,1,-88,0,636,11722,183,0,0 '
Received from ('fd00::200:0:0:15', 8765, 0, 0): b' 2741,21,16,1280,0,588,6,3,5,1,1,-70,0,518,7775,174,0,0 '
Received from ('fd00::200:0:0:10', 8765, 0, 0): b' 2742,16,11,1024,0,586,10,12,7,1,2,-70,4,1912,16552,176,0,0 '
Received from ('fd00::200:0:0:d', 8765, 0, 0): b' 2744,13,8,1024,0,662,10,4,7,1,2,-70,0,386,6056,177,0,0 '
Received from ('fd00::200:0:0:8', 8765, 0, 0): b' 2745,8,3,768,10,643,11,8,7,1,2,-70,2,793,10103,180,0,0 '
Received from ('fd00::200:0:0:3', 8765, 0, 0): b' 2746,3,1,512,10,582,14,11,7,2,1,-64,10,6136,34797,182,0,0 '
Received from ('fd00::200:0:0:c', 8765, 0, 0): b' 2744,12,11,1024,0,660,12,11,7,1,3,-52,0,446,7635,178,0,0 '
Received from ('fd00::200:0:0:f', 8765, 0, 0): b' 2745,15,11,1024,20,606,7,14,7,1,2,-52,0,764,7174,147,0,0 '
Received from ('fd00::200:0:0:11', 8765, 0, 0): b' 2745,17,16,1280,0,663,6,4,7,1,1,-52,0,748,8561,174,0,0 '
Received from ('fd00::200:0:0:5', 8765, 0, 0): b' 2747,5,1,512,0,600,15,1,6,1,1,-94,1,1165,17288,182,0,0 '
Received from ('fd00::200:0:0:14', 8765, 0, 0): b' 2745,20,16,1280,0,613,8,8,7,1,2,-52,0,624,7815,150,0,0 '
Received from ('fd00::200:0:0:e', 8765, 0, 0): b' 2745,14,11,1024,10,634,11,3,7,1,2,-70,1,960,13640,170,0,0 '
Received from ('fd00::200:0:0:9', 8765, 0, 0): b' 2748,9,5,768,0,616,11,4,7,1,2,-52,0,333,5520,169,0,0 '
Received from ('fd00::200:0:0:4', 8765, 0, 0): b' 2749,4,1,512,0,601,14,3,7,1,1,-66,1,1276,15782,183,0,0 '
Received from ('fd00::200:0:0:12', 8765, 0, 0): b' 2745,18,14,1280,0,645,7,4,5,1,1,-52,0,386,6003,167,0,0 '
Received from ('fd00::200:0:0:b', 8765, 0, 0): b' 2749,11,3,768,30,573,10,11,7,1,1,-95,10,4643,32738,432,1,4 '
Received from ('fd00::200:0:0:2', 8765, 0, 0): b' 2750,2,1,512,10,661,15,1,6,1,1,-88,0,353,8077,184,0,0 '
Received from ('fd00::200:0:0:7', 8765, 0, 0): b' 2749,7,4,768,0,566,10,7,7,1,3,-70,0,745,8221,166,0,0 '
Received from ('fd00::200:0:0:a', 8765, 0, 0): b' 2747,10,11,1024,0,672,8,6,7,1,1,-52,0,811,9456,173,0,0 '
Received from ('fd00::200:0:0:13', 8765, 0, 0): b' 2748,19,16,1280,0,622,6,3,7,1,1,-70,0,673,8350,170,0,0 '
Received from ('fd00::200:0:0:6', 8765, 0, 0): b' 2751,6,3,768,10,641,11,3,7,1,2,-70,0,585,8207,172,0,0 '
Received from ('fd00::200:0:0:15', 8765, 0, 0): b' 2748,21,16,1280,10,591,6,3,5,1,1,-70,0,601,9475,175,0,0 '
Received from ('fd00::200:0:0:1', 5678, 0, 0): b' 2753,1,0,256,0,25,0,0,4,0,0,0,10,2651,26699,3701,0,0 '
Received from ('fd00::200:0:0:c', 8765, 0, 0): b' 2752,12,11,1024,0,661,12,11,7,1,3,-52,0,417,8380,178,0,0 '
Received from ('fd00::200:0:0:f', 8765, 0, 0): b' 2752,15,11,1024,0,607,7,14,7,1,2,-52,0,520,6511,147,0,0 '
Received from ('fd00::200:0:0:10', 8765, 0, 0): b' 2754,16,11,1024,0,589,10,12,7,1,2,-70,4,2657,27815,177,0,0 '
Received from ('fd00::200:0:0:12', 8765, 0, 0): b' 2752,18,14,1280,10,647,7,4,5,1,1,-52,0,646,6324,168,0,0 '
Received from ('fd00::200:0:0:14', 8765, 0, 0): b' 2753,20,16,1280,0,613,8,8,7,1,2,-52,0,359,7160,151,0,0 '
Received from ('fd00::200:0:0:8', 8765, 0, 0): b' 2754,8,3,768,0,643,11,8,7,1,2,-70,2,962,16162,181,0,0 '
Received from ('fd00::200:0:0:9', 8765, 0, 0): b' 2755,9,5,768,0,618,11,4,7,1,2,-52,0,515,7272,169,0,0 '
Received from ('fd00::200:0:0:e', 8765, 0, 0): b' 2755,14,11,1024,0,638,11,3,7,1,2,-70,1,1498,12869,171,0,0 '
Received from ('fd00::200:0:0:d', 8765, 0, 0): b' 2756,13,8,1024,0,663,10,4,7,1,2,-70,0,639,14098,178,0,0 '
Received from ('fd00::200:0:0:5', 8765, 0, 0): b' 2756,5,1,512,0,601,15,1,6,1,1,-94,1,1067,14554,183,0,0 '
Received from ('fd00::200:0:0:3', 8765, 0, 0): b' 2756,3,1,512,0,584,14,11,7,2,1,-64,10,5855,33391,183,0,0 '
Received from ('fd00::200:0:0:a', 8765, 0, 0): b' 2757,10,11,1024,0,676,8,6,7,1,1,-52,0,884,9446,174,0,0 '
Received from ('fd00::200:0:0:f', 8765, 0, 0): b' 2757,15,11,1024,0,608,7,14,7,1,2,-52,0,363,5016,147,0,0 '
Received from ('fd00::200:0:0:4', 8765, 0, 0): b' 2759,4,1,512,0,602,14,3,7,1,1,-66,1,860,15162,183,0,0 '
Received from ('fd00::200:0:0:11', 8765, 0, 0): b' 2757,17,16,1280,0,666,6,4,7,1,1,-52,0,801,10836,175,0,0 '
Received from ('fd00::200:0:0:b', 8765, 0, 0): b' 2759,11,3,768,30,575,10,11,7,1,1,-95,10,4563,34048,435,1,4 '
Received from ('fd00::200:0:0:12', 8765, 0, 0): b' 2757,18,14,1280,0,648,7,4,5,1,1,-52,0,290,4928,168,0,0 '
Received from ('fd00::200:0:0:7', 8765, 0, 0): b' 2759,7,4,768,10,572,10,7,7,1,3,-70,0,957,10307,166,0,0 '
Received from ('fd00::200:0:0:10', 8765, 0, 0): b' 2759,16,11,1024,0,590,10,12,7,1,2,-70,4,1326,13767,177,0,0 '
Received from ('fd00::200:0:0:2', 8765, 0, 0): b' 2761,2,1,512,0,665,15,1,6,1,1,-88,0,1057,14445,185,0,0 '
Received from ('fd00::200:0:0:6', 8765, 0, 0): b' 2760,6,3,768,10,646,11,3,7,1,2,-70,0,1014,10306,173,0,0 '
Received from ('fd00::200:0:0:1', 5678, 0, 0): b' 2763,1,0,256,0,25,0,0,4,0,0,0,10,2365,26479,3715,0,0 '
Received from ('fd00::200:0:0:15', 8765, 0, 0): b' 2759,21,16,1280,0,594,6,3,5,1,1,-70,0,885,11230,176,0,0 '
Received from ('fd00::200:0:0:13', 8765, 0, 0): b' 2760,19,16,1280,0,625,6,3,7,1,1,-70,0,819,10952,171,0,0 '
Received from ('fd00::200:0:0:8', 8765, 0, 0): b' 2763,8,3,768,0,647,11,8,7,1,2,-70,2,1201,12857,182,0,0 '
Received from ('fd00::200:0:0:9', 8765, 0, 0): b' 2763,9,5,768,0,621,11,4,7,1,2,-52,0,668,7171,170,0,0 '
Received from ('fd00::200:0:0:c', 8765, 0, 0): b' 2760,12,11,1024,0,662,12,11,7,1,3,-52,0,469,9997,179,0,0 '
Received from ('fd00::200:0:0:4', 8765, 0, 0): b' 2764,4,1,512,0,602,14,3,7,1,1,-66,1,703,8764,184,0,0 '
Received from ('fd00::200:0:0:e', 8765, 0, 0): b' 2763,14,11,1024,0,639,11,3,7,1,2,-70,1,730,9588,171,0,0 '
Received from ('fd00::200:0:0:5', 8765, 0, 0): b' 2766,5,1,512,0,605,15,1,6,1,1,-94,1,1279,14886,183,0,0 '
Received from ('fd00::200:0:0:11', 8765, 0, 0): b' 2764,17,16,1280,0,668,6,4,7,1,1,-52,0,574,7230,176,0,0 '
Received from ('fd00::200:0:0:d', 8765, 0, 0): b' 2765,13,8,1024,0,665,10,4,7,1,2,-70,0,723,13230,179,0,0 '
Received from ('fd00::200:0:0:13', 8765, 0, 0): b' 2765,19,16,1280,0,626,6,3,7,1,1,-70,0,363,4412,171,0,0 '
Received from ('fd00::200:0:0:1', 5678, 0, 0): b' 2768,1,0,256,0,25,0,0,4,0,0,0,10,1416,15081,3724,0,0 '
Received from ('fd00::200:0:0:3', 8765, 0, 0): b' 2768,3,1,512,20,585,14,11,7,2,1,-64,10,5479,33795,184,0,0 '
Received from ('fd00::200:0:0:14', 8765, 0, 0): b' 2765,20,16,1280,10,617,8,8,7,1,2,-52,0,852,10747,151,0,0 '
Received from ('fd00::200:0:0:10', 8765, 0, 0): b' 2766,16,11,1024,0,590,10,12,7,1,2,-70,4,2073,19417,178,0,0 '
Received from ('fd00::200:0:0:a', 8765, 0, 0): b' 2766,10,11,1024,0,678,8,6,7,1,1,-52,0,597,9317,175,0,0 '
Received from ('fd00::200:0:0:6', 8765, 0, 0): b' 2769,6,3,768,0,648,11,3,7,1,2,-70,0,542,7904,173,0,0 '
Received from ('fd00::200:0:0:2', 8765, 0, 0): b' 2769,2,1,512,10,668,15,1,6,1,1,-88,0,615,9934,185,0,0 '
Received from ('fd00::200:0:0:9', 8765, 0, 0): b' 2769,9,5,768,10,624,11,4,7,1,2,-52,0,491,6140,170,0,0 '
Received from ('fd00::200:0:0:8', 8765, 0, 0): b' 2769,8,3,768,10,648,11,8,7,1,2,-70,2,882,10247,182,0,0 '
Received from ('fd00::200:0:0:b', 8765, 0, 0): b' 2770,11,3,768,50,581,10,11,7,1,1,-95,10,5277,37359,438,1,4 '
Received from ('fd00::200:0:0:7', 8765, 0, 0): b' 2770,7,4,768,0,576,10,7,7,1,3,-70,0,1039,11396,167,0,0 '
Received from ('fd00::200:0:0:f', 8765, 0, 0): b' 2767,15,11,1024,0,613,7,14,7,1,2,-52,0,1010,10002,148,0,0 '
Received from ('fd00::200:0:0:4', 8765, 0, 0): b' 2771,4,1,512,0,604,14,3,7,1,1,-66,1,956,11472,184,0,0 '
Received from ('fd00::200:0:0:12', 8765, 0, 0): b' 2767,18,14,1280,0,651,7,4,5,1,1,-52,0,801,9227,169,0,0 '
Received from ('fd00::200:0:0:c', 8765, 0, 0): b' 2768,12,11,1024,0,665,12,11,7,1,3,-52,0,752,9127,179,0,0 '
Received from ('fd00::200:0:0:e', 8765, 0, 0): b' 2769,14,11,1024,0,642,11,3,7,1,2,-70,1,1038,8773,172,0,0 '
Received from ('fd00::200:0:0:5', 8765, 0, 0): b' 2772,5,1,512,10,605,15,1,6,1,1,-94,1,673,8698,184,0,0 '
Received from ('fd00::200:0:0:15', 8765, 0, 0): b' 2770,21,16,1280,0,598,6,3,5,1,1,-70,0,905,14006,176,0,0 '
Received from ('fd00::200:0:0:1', 5678, 0, 0): b' 2774,1,0,256,0,25,0,0,4,0,0,0,10,1238,14084,3730,0,0 '
Received from ('fd00::200:0:0:c', 8765, 0, 0): b' 2772,12,11,1024,0,667,12,11,7,1,3,-52,0,472,5651,179,0,0 '
Received from ('fd00::200:0:0:a', 8765, 0, 0): b' 2774,10,11,1024,0,681,8,6,7,1,1,-52,0,721,7350,175,0,0 '
Received from ('fd00::200:0:0:d', 8765, 0, 0): b' 2773,13,8,1024,0,668,10,4,7,1,2,-70,0,625,9197,179,0,0 '
Received from ('fd00::200:0:0:7', 8765, 0, 0): b' 2775,7,4,768,0,580,10,7,7,1,3,-70,0,683,5865,167,0,0 '
Received from ('fd00::200:0:0:b', 8765, 0, 0): b' 2775,11,3,768,0,581,10,11,7,1,1,-95,10,2657,19138,439,1,4 '
Received from ('fd00::200:0:0:f', 8765, 0, 0): b' 2775,15,11,1024,0,616,7,14,7,1,2,-52,0,708,8708,149,0,0 '
Received from ('fd00::200:0:0:11', 8765, 0, 0): b' 2775,17,16,1280,10,669,6,4,7,1,1,-52,0,531,10070,176,0,0 '
Received from ('fd00::200:0:0:13', 8765, 0, 0): b' 2776,19,16,1280,0,631,6,3,7,1,1,-70,0,1039,11737,172,0,0 '
Received from ('fd00::200:0:0:8', 8765, 0, 0): b' 2777,8,3,768,0,651,11,8,7,1,2,-70,2,913,12128,182,0,0 '
Received from ('fd00::200:0:0:e', 8765, 0, 0): b' 2775,14,11,1024,10,643,11,3,7,1,2,-70,1,735,9630,172,0,0 '
Received from ('fd00::200:0:0:14', 8765, 0, 0): b' 2777,20,16,1280,0,620,8,8,7,1,2,-52,0,828,11195,152,0,0 '
Received from ('fd00::200:0:0:3', 8765, 0, 0): b' 2778,3,1,512,0,587,14,11,7,2,1,-64,10,5737,30699,185,0,0 '
Received from ('fd00::200:0:0:9', 8765, 0, 0): b' 2778,9,5,768,0,628,11,4,7,1,2,-52,0,990,8516,171,0,0 '
Received from ('fd00::200:0:0:12', 8765, 0, 0): b' 2777,18,14,1280,0,656,8,4,5,1,1,-52,0,1039,10341,169,0,0 '
Received from ('fd00::200:0:0:6', 8765, 0, 0): b' 2778,6,3,768,10,651,11,3,7,1,2,-70,0,668,8684,174,0,0 '
Received from ('fd00::200:0:0:5', 8765, 0, 0): b' 2780,5,1,512,0,607,15,1,6,1,1,-94,1,1017,11922,184,0,0 '
Received from ('fd00::200:0:0:2', 8765, 0, 0): b' 2780,2,1,512,0,669,15,1,6,1,1,-88,0,712,12404,186,0,0 '
Received from ('fd00::200:0:0:10', 8765, 0, 0): b' 2777,16,11,1024,0,595,10,12,7,1,2,-70,4,3138,30396,178,0,0 '
Received from ('fd00::200:0:0:c', 8765, 0, 0): b' 2778,12,11,1024,0,669,12,11,7,1,3,-52,0,580,7698,180,0,0 '
Received from ('fd00::200:0:0:4', 8765, 0, 0): b' 2780,4,1,512,0,605,14,3,7,1,1,-66,1,911,13609,185,0,0 '
Received from ('fd00::200:0:0:a', 8765, 0, 0): b' 2779,10,11,1024,0,684,8,6,7,1,1,-52,0,600,5670,175,0,0 '
Received from ('fd00::200:0:0:b', 8765, 0, 0): b' 2781,11,3,768,10,581,10,11,7,1,1,-95,10,2711,18806,440,1,4 '
Received from ('fd00::200:0:0:1', 5678, 0, 0): b' 2782,1,0,256,0,25,0,0,4,0,0,0,10,2582,24224,3746,0,0 '
Received from ('fd00::200:0:0:9', 8765, 0, 0): b' 2783,9,5,768,0,629,11,4,7,1,2,-52,0,263,4151,171,0,0 '
Received from ('fd00::200:0:0:f', 8765, 0, 0): b' 2781,15,11,1024,0,616,7,14,7,1,2,-52,0,256,5129,149,0,0 '
Received from ('fd00::200:0:0:15', 8765, 0, 0): b' 2782,21,16,1280,0,602,6,3,5,1,1,-70,0,1031,14309,177,0,0 '
Received from ('fd00::200:0:0:12', 8765, 0, 0): b' 2782,18,14,1280,0,657,8,4,5,1,1,-52,0,445,5624,170,0,0 '
Received from ('fd00::200:0:0:7', 8765, 0, 0): b' 2783,7,4,768,0,582,10,7,7,1,3,-70,0,595,8552,168,0,0 '
Received from ('fd00::200:0:0:5', 8765, 0, 0): b' 2784,5,1,512,0,607,15,1,6,1,1,-94,1,584,8629,185,0,0 '
Received from ('fd00::200:0:0:13', 8765, 0, 0): b' 2783,19,16,1280,0,635,6,3,7,1,1,-70,0,710,7468,172,0,0 '
Received from ('fd00::200:0:0:10', 8765, 0, 0): b' 2783,16,11,1024,0,597,10,12,7,1,2,-70,4,1704,17433,179,0,0 '
Received from ('fd00::200:0:0:d', 8765, 0, 0): b' 2784,13,8,1024,0,669,10,4,7,1,2,-70,0,639,13180,180,0,0 '
Received from ('fd00::200:0:0:3', 8765, 0, 0): b' 2786,3,1,512,0,589,14,11,7,2,1,-64,10,4184,24327,185,0,0 '
Received from ('fd00::200:0:0:b', 8765, 0, 0): b' 2786,11,3,768,0,582,10,11,7,1,1,-95,10,2009,15518,441,1,4 '
Received from ('fd00::200:0:0:11', 8765, 0, 0): b' 2785,17,16,1280,0,673,6,4,7,1,1,-52,0,935,10432,177,0,0 '
Received from ('fd00::200:0:0:14', 8765, 0, 0): b' 2785,20,16,1280,0,623,8,8,7,1,2,-52,0,802,9334,153,0,0 '
Received from ('fd00::200:0:0:6', 8765, 0, 0): b' 2787,6,3,768,0,654,11,3,7,1,2,-70,0,908,9834,175,0,0 '
Received from ('fd00::200:0:0:8', 8765, 0, 0): b' 2787,8,3,768,0,652,11,8,7,1,2,-70,2,1218,17149,183,0,0 '
Received from ('fd00::200:0:0:c', 8765, 0, 0): b' 2788,12,11,1024,0,670,12,11,7,1,3,-52,0,534,11929,180,0,0 '
Received from ('fd00::200:0:0:2', 8765, 0, 0): b' 2789,2,1,512,0,672,15,1,6,1,1,-88,0,647,11060,186,0,0 '
Received from ('fd00::200:0:0:e', 8765, 0, 0): b' 2787,14,11,1024,0,644,11,3,7,1,2,-70,1,1434,15703,173,0,0 '
Received from ('fd00::200:0:0:4', 8765, 0, 0): b' 2789,4,1,512,0,607,14,3,7,1,1,-66,1,1007,13704,185,0,0 '
Received from ('fd00::200:0:0:f', 8765, 0, 0): b' 2788,15,11,1024,0,618,7,14,7,1,2,-52,0,615,7185,149,0,0 '
Received from ('fd00::200:0:0:9', 8765, 0, 0): b' 2789,9,5,768,0,631,11,4,7,1,2,-52,0,662,6906,172,0,0 '
Received from ('fd00::200:0:0:7', 8765, 0, 0): b' 2789,7,4,768,0,583,10,7,7,1,3,-70,0,360,5128,168,0,0 '
Received from ('fd00::200:0:0:1', 5678, 0, 0): b' 2791,1,0,256,0,25,0,0,4,0,0,0,10,1960,22020,3756,0,0 '
Received from ('fd00::200:0:0:13', 8765, 0, 0): b' 2789,19,16,1280,0,639,6,3,7,1,1,-70,0,860,6392,173,0,0 '
Received from ('fd00::200:0:0:a', 8765, 0, 0): b' 2790,10,11,1024,0,686,8,6,7,1,1,-52,0,760,10657,176,0,0 '
Received from ('fd00::200:0:0:15', 8765, 0, 0): b' 2789,21,16,1280,0,606,6,3,5,1,1,-70,0,887,10328,178,0,0 '
Received from ('fd00::200:0:0:8', 8765, 0, 0): b' 2792,8,3,768,0,652,11,8,7,1,2,-70,2,311,6243,183,0,0 '
Received from ('fd00::200:0:0:14', 8765, 0, 0): b' 2790,20,16,1280,0,625,8,8,7,1,2,-52,0,469,4612,153,0,0 '
Received from ('fd00::200:0:0:12', 8765, 0, 0): b' 2791,18,14,1280,0,662,8,4,5,1,1,-52,0,838,8339,170,0,0 '
Received from ('fd00::200:0:0:10', 8765, 0, 0): b' 2792,16,11,1024,0,599,10,12,7,1,2,-70,4,2443,22296,179,0,0 '
Received from ('fd00::200:0:0:9', 8765, 0, 0): b' 2794,9,5,768,0,631,11,4,7,1,2,-52,0,253,4367,172,0,0 '
Received from ('fd00::200:0:0:d', 8765, 0, 0): b' 2793,13,8,1024,0,672,10,4,7,1,2,-70,0,778,11045,181,0,0 '
Received from ('fd00::200:0:0:b', 8765, 0, 0): b' 2794,11,3,768,30,585,10,11,7,1,1,-95,10,4086,27470,443,1,4 '
Received from ('fd00::200:0:0:3', 8765, 0, 0): b' 2795,3,1,512,0,590,14,11,7,2,1,-64,10,4854,27160,186,0,0 '
Received from ('fd00::200:0:0:5', 8765, 0, 0): b' 2795,5,1,512,10,611,15,1,6,1,1,-94,1,1345,16901,185,0,0 '
Received from ('fd00::200:0:0:c', 8765, 0, 0): b' 2794,12,11,1024,0,671,12,11,7,1,3,-52,0,474,7625,181,0,0 '
Received from ('fd00::200:0:0:4', 8765, 0, 0): b' 2796,4,1,512,0,609,14,3,7,1,1,-66,1,883,11304,186,0,0 '
Received from ('fd00::200:0:0:a', 8765, 0, 0): b' 2794,10,11,1024,0,687,8,6,7,1,1,-52,0,266,3883,176,0,0 '
Received from ('fd00::200:0:0:2', 8765, 0, 0): b' 2797,2,1,512,0,675,15,1,6,1,1,-88,0,795,10508,187,0,0 '
Received from ('fd00::200:0:0:f', 8765, 0, 0): b' 2795,15,11,1024,10,619,7,14,7,1,2,-52,0,443,6835,150,0,0 '
Received from ('fd00::200:0:0:11', 8765, 0, 0): b' 2795,17,16,1280,0,677,6,4,7,1,1,-52,0,909,10244,178,0,0 '
Received from ('fd00::200:0:0:6', 8765, 0, 0): b' 2799,6,3,768,0,657,11,3,7,1,2,-70,0,743,10355,175,0,0 '
Received from ('fd00::200:0:0:b', 8765, 0, 0): b' 2800,11,3,768,30,588,10,11,7,1,1,-95,10,2044,15386,444,1,4 '
Received from ('fd00::200:0:0:13', 8765, 0, 0): b' 2796,19,16,1280,0,643,6,3,7,1,1,-70,0,731,7651,173,0,0 '
Received from ('fd00::200:0:0:10', 8765, 0, 0): b' 2798,16,11,1024,0,601,10,12,7,1,2,-70,4,1533,16333,180,0,0 '
Received from ('fd00::200:0:0:7', 8765, 0, 0): b' 2801,7,4,768,0,585,10,8,7,1,3,-70,0,744,10820,169,0,0 '
Received from ('fd00::200:0:0:d', 8765, 0, 0): b' 2800,13,8,1024,0,674,10,4,7,1,2,-70,0,522,7936,181,0,0 '
Received from ('fd00::200:0:0:e', 8765, 0, 0): b' 2801,14,11,1024,0,647,11,3,7,1,2,-70,1,1354,14912,174,0,0 '
Received from ('fd00::200:0:0:1', 5678, 0, 0): b' 2802,1,0,256,0,25,0,0,4,0,0,0,10,2898,30779,3773,0,0 '
Received from ('fd00::200:0:0:c', 8765, 0, 0): b' 2802,12,11,1024,0,673,12,11,7,1,3,-52,0,496,8136,181,0,0 '
Received from ('fd00::200:0:0:3', 8765, 0, 0): b' 2802,3,1,512,10,591,14,11,7,2,1,-64,10,3664,22077,186,0,0 '
Received from ('fd00::200:0:0:8', 8765, 0, 0): b' 2803,8,3,768,0,654,11,8,7,1,2,-70,2,1448,16221,184,0,0 '
Received from ('fd00::200:0:0:12', 8765, 0, 0): b' 2801,18,14,1280,0,665,8,4,5,1,1,-52,0,801,9854,171,0,0 '
Received from ('fd00::200:0:0:5', 8765, 0, 0): b' 2803,5,1,512,0,613,15,1,6,1,1,-94,1,1022,11889,186,0,0 '
Received from ('fd00::200:0:0:14', 8765, 0, 0): b' 2800,20,16,1280,0,627,8,8,7,1,2,-52,0,694,9319,154,0,0 '
Received from ('fd00::200:0:0:6', 8765, 0, 0): b' 2803,6,3,768,0,658,11,3,7,1,2,-70,0,417,4429,176,0,0 '
Received from ('fd00::200:0:0:9', 8765, 0, 0): b' 2803,9,5,768,0,633,11,4,7,1,2,-52,0,596,8702,173,0,0 '
Received from ('fd00::200:0:0:15', 8765, 0, 0): b' 2800,21,16,1280,10,609,6,3,5,1,1,-70,0,774,13079,178,0,0 '
Received from ('fd00::200:0:0:f', 8765, 0, 0): b' 2803,15,11,1024,0,619,7,14,7,1,2,-52,0,516,6644,150,0,0 '
Received from ('fd00::200:0:0:4', 8765, 0, 0): b' 2805,4,1,512,0,610,14,3,7,1,1,-66,1,874,14010,186,0,0 '
Received from ('fd00::200:0:0:a', 8765, 0, 0): b' 2804,10,11,1024,0,690,8,6,7,1,1,-52,0,801,8940,177,0,0 '
Received from ('fd00::200:0:0:11', 8765, 0, 0): b' 2803,17,16,1280,0,678,6,4,7,1,1,-52,0,411,7082,178,0,0 '
Received from ('fd00::200:0:0:3', 8765, 0, 0): b' 2806,3,1,512,20,594,14,11,7,2,1,-64,10,2580,13972,187,0,0 '
Received from ('fd00::200:0:0:1', 5678, 0, 0): b' 2807,1,0,256,0,25,0,0,4,0,0,0,10,1455,13733,3781,0,0 '
Received from ('fd00::200:0:0:e', 8765, 0, 0): b' 2805,14,11,1024,0,650,11,3,7,1,2,-70,1,920,7791,174,0,0 '
Received from ('fd00::200:0:0:2', 8765, 0, 0): b' 2806,2,1,512,0,680,15,1,6,1,1,-88,0,1033,12783,188,0,0 '
Received from ('fd00::200:0:0:13', 8765, 0, 0): b' 2806,19,16,1280,0,646,6,3,7,1,1,-70,0,801,9045,174,0,0 '
Received from ('fd00::200:0:0:f', 8765, 0, 0): b' 2807,15,11,1024,0,620,7,14,7,1,2,-52,0,419,4444,151,0,0 '
Received from ('fd00::200:0:0:7', 8765, 0, 0): b' 2809,7,4,768,0,586,10,8,7,1,3,-70,0,562,7411,170,0,0 '
Received from ('fd00::200:0:0:c', 8765, 0, 0): b' 2808,12,11,1024,0,673,12,11,7,1,3,-52,0,390,8832,182,0,0 '
Received from ('fd00::200:0:0:15', 8765, 0, 0): b' 2807,21,16,1280,0,612,6,3,5,1,1,-70,0,711,8831,179,0,0 '
Received from ('fd00::200:0:0:b', 8765, 0, 0): b' 2810,11,3,768,20,591,10,11,7,1,1,-95,10,5269,36014,447,1,4 '
Received from ('fd00::200:0:0:d', 8765, 0, 0): b' 2810,13,8,1024,0,678,10,4,7,1,2,-70,0,839,11137,182,0,0 '
Received from ('fd00::200:0:0:6', 8765, 0, 0): b' 2811,6,3,768,0,660,11,3,7,1,2,-70,0,515,7011,176,0,0 '
Received from ('fd00::200:0:0:5', 8765, 0, 0): b' 2810,5,1,512,0,616,15,1,6,1,1,-94,1,938,11791,186,0,0 '
Received from ('fd00::200:0:0:e', 8765, 0, 0): b' 2811,14,11,1024,0,654,11,3,7,1,2,-70,1,885,7445,174,0,0 '
Received from ('fd00::200:0:0:8', 8765, 0, 0): b' 2813,8,3,768,0,657,11,8,7,1,2,-70,2,1311,15859,185,0,0 '
Received from ('fd00::200:0:0:10', 8765, 0, 0): b' 2811,16,11,1024,0,605,10,12,7,1,2,-70,4,3138,31331,181,0,0 '
Received from ('fd00::200:0:0:14', 8765, 0, 0): b' 2810,20,16,1280,0,630,8,8,7,1,2,-52,0,648,9676,154,0,0 '
Received from ('fd00::200:0:0:2', 8765, 0, 0): b' 2812,2,1,512,0,681,15,1,6,1,1,-88,0,386,7107,188,0,0 '
Received from ('fd00::200:0:0:a', 8765, 0, 0): b' 2812,10,11,1024,0,692,8,6,7,1,1,-52,0,670,8116,178,0,0 '
Received from ('fd00::200:0:0:f', 8765, 0, 0): b' 2812,15,11,1024,0,623,7,14,7,1,2,-52,0,601,5562,151,0,0 '
Received from ('fd00::200:0:0:12', 8765, 0, 0): b' 2812,18,14,1280,0,669,8,4,5,1,1,-52,0,932,11157,172,0,0 '
Received from ('fd00::200:0:0:5', 8765, 0, 0): b' 2814,5,1,512,0,617,15,1,6,1,1,-94,1,548,6698,187,0,0 '
Received from ('fd00::200:0:0:1', 5678, 0, 0): b' 2815,1,0,256,0,25,0,0,4,0,0,0,10,2207,21860,3794,0,0 '
Received from ('fd00::200:0:0:9', 8765, 0, 0): b' 2814,9,5,768,0,638,11,4,7,1,2,-52,0,957,11048,173,0,0 '
Received from ('fd00::200:0:0:b', 8765, 0, 0): b' 2816,11,3,768,10,592,10,11,7,1,1,-95,10,2333,18081,448,1,4 '
Received from ('fd00::200:0:0:6', 8765, 0, 0): b' 2816,6,3,768,0,662,11,3,7,1,2,-70,0,491,5181,176,0,0 '
Received from ('fd00::200:0:0:15', 8765, 0, 0): b' 2813,21,16,1280,0,614,6,3,5,1,1,-70,0,493,7519,179,0,0 '
Received from ('fd00::200:0:0:e', 8765, 0, 0): b' 2816,14,11,1024,10,657,11,3,7,1,2,-70,1,787,6749,175,0,0 '
Received from ('fd00::200:0:0:7', 8765, 0, 0): b' 2816,7,4,768,0,587,10,8,7,1,3,-70,0,408,7227,170,0,0 '
Received from ('fd00::200:0:0:10', 8765, 0, 0): b' 2816,16,11,1024,0,606,10,12,7,1,2,-70,4,1373,13822,181,0,0 '
Received from ('fd00::200:0:0:11', 8765, 0, 0): b' 2814,17,16,1280,10,681,6,4,7,1,1,-52,0,898,10937,179,0,0 '
Received from ('fd00::200:0:0:4', 8765, 0, 0): b' 2817,4,1,512,0,614,14,3,7,1,1,-66,1,1472,18827,187,0,0 '
Received from ('fd00::200:0:0:d', 8765, 0, 0): b' 2818,13,8,1024,10,682,10,4,7,1,2,-70,0,805,9601,182,0,0 '
Received from ('fd00::200:0:0:c', 8765, 0, 0): b' 2817,12,11,1024,20,674,12,11,7,1,3,-52,0,403,10147,182,0,0 '
Received from ('fd00::200:0:0:3', 8765, 0, 0): b' 2818,3,1,512,20,597,14,11,7,2,1,-64,10,6696,36142,187,0,0 '
Received from ('fd00::200:0:0:8', 8765, 0, 0): b' 2819,8,3,768,0,657,11,8,7,1,2,-70,2,723,9554,185,0,0 '
Received from ('fd00::200:0:0:13', 8765, 0, 0): b' 2817,19,16,1280,0,651,6,3,7,1,1,-70,0,1015,11253,175,0,0 '
Received from ('fd00::200:0:0:e', 8765, 0, 0): b' 2820,14,11,1024,0,657,11,3,7,1,2,-70,1,324,5090,175,0,0 '
Received from ('fd00::200:0:0:5', 8765, 0, 0): b' 2820,5,1,512,0,621,15,1,6,1,1,-94,1,1049,9626,187,0,0 '
Received from ('fd00::200:0:0:a', 8765, 0, 0): b' 2820,10,11,1024,0,695,8,6,7,1,1,-52,0,624,7763,178,0,0 '
Received from ('fd00::200:0:0:15', 8765, 0, 0): b' 2819,21,16,1280,0,616,6,3,5,1,1,-70,0,577,7191,180,0,0 '
Received from ('fd00::200:0:0:6', 8765, 0, 0): b' 2821,6,3,768,0,663,11,3,7,1,2,-70,0,416,5386,177,0,0 '
Received from ('fd00::200:0:0:4', 8765, 0, 0): b' 2822,4,1,512,0,616,14,3,7,1,1,-66,1,554,7351,187,0,0 '
Received from ('fd00::200:0:0:12', 8765, 0, 0): b' 2822,18,14,1280,0,670,8,4,5,1,1,-52,0,508,7660,172,0,0 '
Received from ('fd00::200:0:0:7', 8765, 0, 0): b' 2822,7,4,768,0,589,10,8,7,1,3,-70,0,468,5442,170,0,0 '
Received from ('fd00::200:0:0:10', 8765, 0, 0): b' 2823,16,11,1024,20,606,10,12,7,1,2,-70,4,1954,17134,181,0,0 '
Received from ('fd00::200:0:0:2', 8765, 0, 0): b' 2822,2,1,512,0,683,15,1,6,1,1,-88,0,711,11939,189,0,0 '
Received from ('fd00::200:0:0:f', 8765, 0, 0): b' 2823,15,11,1024,0,624,7,14,7,1,2,-52,0,588,9678,152,0,0 '
Received from ('fd00::200:0:0:9', 8765, 0, 0): b' 2824,9,5,768,0,640,11,4,7,1,2,-52,0,693,9097,174,0,0 '
Received from ('fd00::200:0:0:14', 8765, 0, 0): b' 2821,20,16,1280,0,636,8,8,7,1,2,-52,0,1243,11511,155,0,0 '
Received from ('fd00::200:0:0:3', 8765, 0, 0): b' 2824,3,1,512,0,599,14,11,7,2,1,-64,10,3499,19034,188,0,0 '
Received from ('fd00::200:0:0:1', 5678, 0, 0): b' 2825,1,0,256,0,25,0,0,4,0,0,0,10,2839,27408,3810,0,0 '
Received from ('fd00::200:0:0:11', 8765, 0, 0): b' 2822,17,16,1280,0,683,6,4,7,1,1,-52,0,646,8024,180,0,0 '
Received from ('fd00::200:0:0:8', 8765, 0, 0): b' 2824,8,3,768,0,658,11,8,7,1,2,-70,2,786,10678,186,0,0 '
Received from ('fd00::200:0:0:c', 8765, 0, 0): b' 2826,12,11,1024,10,676,12,11,7,1,3,-52,0,783,10431,183,0,0 '
Received from ('fd00::200:0:0:b', 8765, 0, 0): b' 2825,11,3,768,10,593,10,11,7,1,1,-95,10,4792,33584,450,1,4 '
Received from ('fd00::200:0:0:d', 8765, 0, 0): b' 2826,13,8,1024,0,685,10,4,7,1,2,-70,0,900,11185,183,0,0 '
Received from ('fd00::200:0:0:7', 8765, 0, 0): b' 2827,7,4,768,0,591,10,8,7,1,3,-70,0,547,5862,171,0,0 '
Received from ('fd00::200:0:0:13', 8765, 0, 0): b' 2829,19,16,1280,0,656,6,3,7,1,1,-70,0,865,9545,175,0,0 '
Received from ('fd00::200:0:0:e', 8765, 0, 0): b' 2828,14,11,1024,0,659,11,3,7,1,2,-70,1,1110,10389,176,0,0 '
Received from ('fd00::200:0:0:5', 8765, 0, 0): b' 2829,5,1,512,10,622,15,1,6,1,1,-94,1,719,12805,188,0,0 '
Received from ('fd00::200:0:0:6', 8765, 0, 0): b' 2828,6,3,768,10,666,11,3,7,1,2,-70,0,515,7815,177,0,0 '
Received from ('fd00::200:0:0:3', 8765, 0, 0): b' 2829,3,1,512,0,601,14,11,7,2,1,-64,10,2664,14895,188,0,0 '
Received from ('fd00::200:0:0:b', 8765, 0, 0): b' 2829,11,3,768,10,594,10,11,7,1,1,-95,10,1771,13524,452,1,4 '
Received from ('fd00::200:0:0:11', 8765, 0, 0): b' 2830,17,16,1280,0,684,6,4,7,1,1,-52,0,386,5140,180,0,0 '
Received from ('fd00::200:0:0:2', 8765, 0, 0): b' 2830,2,1,512,0,683,15,1,6,1,1,-88,0,302,8771,189,0,0 '
Received from ('fd00::200:0:0:4', 8765, 0, 0): b' 2831,4,1,512,0,616,14,3,7,1,1,-66,1,1098,14218,188,0,0 '
Received from ('fd00::200:0:0:14', 8765, 0, 0): b' 2830,20,16,1280,10,638,8,8,7,1,2,-52,0,552,7001,156,0,0 '
Received from ('fd00::200:0:0:f', 8765, 0, 0): b' 2831,15,11,1024,0,627,7,14,7,1,2,-52,0,601,7331,152,0,0 '
Received from ('fd00::200:0:0:a', 8765, 0, 0): b' 2832,10,11,1024,10,699,8,6,7,1,1,-52,0,801,10792,179,0,0 '
Received from ('fd00::200:0:0:8', 8765, 0, 0): b' 2831,8,3,768,0,658,11,8,7,1,2,-70,2,567,9580,186,0,0 '
Received from ('fd00::200:0:0:9', 8765, 0, 0): b' 2831,9,5,768,0,642,11,4,7,1,2,-52,0,515,7550,174,0,0 '
Received from ('fd00::200:0:0:15', 8765, 0, 0): b' 2834,21,16,1280,0,618,6,3,5,1,1,-70,0,663,13726,180,0,0 '
Received from ('fd00::200:0:0:10', 8765, 0, 0): b' 2832,16,11,1024,0,611,10,12,7,1,2,-70,4,2976,28625,182,0,0 '
Received from ('fd00::200:0:0:d', 8765, 0, 0): b' 2834,13,8,1024,0,687,10,4,7,1,2,-70,0,518,9225,183,0,0 '
Received from ('fd00::200:0:0:3', 8765, 0, 0): b' 2833,3,1,512,10,602,14,11,7,2,1,-64,10,2093,12282,188,0,0 '
Received from ('fd00::200:0:0:1', 5678, 0, 0): b' 2834,1,0,256,0,25,0,0,4,0,0,0,10,2050,24176,3821,0,0 '
Received from ('fd00::200:0:0:12', 8765, 0, 0): b' 2833,18,14,1280,10,674,8,4,5,1,1,-52,0,932,11123,173,0,0 '
Received from ('fd00::200:0:0:2', 8765, 0, 0): b' 2834,2,1,512,0,683,15,1,6,1,1,-88,0,253,5021,189,0,0 '
Received from ('fd00::200:0:0:14', 8765, 0, 0): b' 2835,20,16,1280,0,639,8,8,7,1,2,-52,0,387,4603,156,0,0 '
Received from ('fd00::200:0:0:c', 8765, 0, 0): b' 2834,12,11,1024,0,680,12,11,7,1,3,-52,0,937,13688,184,0,0 '
Received from ('fd00::200:0:0:8', 8765, 0, 0): b' 2836,8,3,768,0,658,11,8,7,1,2,-70,2,537,7878,186,0,0 '
Received from ('fd00::200:0:0:e', 8765, 0, 0): b' 2835,14,11,1024,0,662,11,3,7,1,2,-70,1,974,11159,176,0,0 '
Received from ('fd00::200:0:0:15', 8765, 0, 0): b' 2838,21,16,1280,0,619,6,3,5,1,1,-70,0,447,5386,181,0,0 '
Received from ('fd00::200:0:0:5', 8765, 0, 0): b' 2837,5,1,512,0,623,15,1,6,1,1,-94,1,1013,13496,188,0,0 '
Received from ('fd00::200:0:0:7', 8765, 0, 0): b' 2838,7,4,768,0,595,10,8,7,1,3,-70,0,906,10339,172,0,0 '
Received from ('fd00::200:0:0:13', 8765, 0, 0): b' 2838,19,16,1280,0,658,6,3,7,1,1,-70,0,694,9175,176,0,0 '
Received from ('fd00::200:0:0:6', 8765, 0, 0): b' 2836,6,3,768,20,668,11,3,7,1,2,-70,0,669,8259,178,0,0 '
Received from ('fd00::200:0:0:4', 8765, 0, 0): b' 2838,4,1,512,0,619,14,3,7,1,1,-66,1,1001,12098,188,0,0 '
Received from ('fd00::200:0:0:a', 8765, 0, 0): b' 2837,10,11,1024,0,701,8,6,7,1,1,-52,0,627,6866,179,0,0 '
Received from ('fd00::200:0:0:b', 8765, 0, 0): b' 2839,11,3,768,10,595,10,11,7,1,1,-95,10,4480,32883,454,1,4 '
Received from ('fd00::200:0:0:f', 8765, 0, 0): b' 2838,15,11,1024,0,629,7,14,7,1,2,-52,0,695,8724,153,0,0 '
Received from ('fd00::200:0:0:11', 8765, 0, 0): b' 2841,17,16,1280,10,688,6,4,7,1,1,-52,0,908,11000,181,0,0 '
Received from ('fd00::200:0:0:d', 8765, 0, 0): b' 2840,13,8,1024,0,688,10,4,7,1,2,-70,0,470,8643,184,0,0 '
Received from ('fd00::200:0:0:12', 8765, 0, 0): b' 2840,18,14,1280,0,676,8,4,5,1,1,-52,0,445,6865,174,0,0 '
Received from ('fd00::200:0:0:3', 8765, 0, 0): b' 2840,3,1,512,0,604,14,11,7,2,1,-64,10,4539,23443,189,0,0 '
Received from ('fd00::200:0:0:14', 8765, 0, 0): b' 2842,20,16,1280,10,641,8,8,7,1,2,-52,0,386,6238,156,0,0 '
Received from ('fd00::200:0:0:1', 5678, 0, 0): b' 2843,1,0,256,0,25,0,0,4,0,0,0,10,2603,23965,3837,0,0 '
Received from ('fd00::200:0:0:9', 8765, 0, 0): b' 2842,9,5,768,10,645,11,4,7,1,2,-52,0,693,10356,175,0,0 '
Received from ('fd00::200:0:0:13', 8765, 0, 0): b' 2843,19,16,1280,0,659,6,3,7,1,1,-70,0,362,4422,176,0,0 '
Received from ('fd00::200:0:0:f', 8765, 0, 0): b' 2843,15,11,1024,0,632,7,14,7,1,2,-52,0,577,5179,153,0,0 '
Received from ('fd00::200:0:0:2', 8765, 0, 0): b' 2843,2,1,512,0,687,15,1,6,1,1,-88,0,804,11627,190,0,0 '
Received from ('fd00::200:0:0:7', 8765, 0, 0): b' 2844,7,4,768,0,596,10,8,7,1,3,-70,0,409,6990,172,0,0 '
Received from ('fd00::200:0:0:10', 8765, 0, 0): b' 2844,16,11,1024,0,613,10,12,7,1,2,-70,4,3046,29701,183,0,0 '
Received from ('fd00::200:0:0:5', 8765, 0, 0): b' 2845,5,1,512,0,627,15,1,6,1,1,-94,1,1123,12271,189,0,0 '
Received from ('fd00::200:0:0:b', 8765, 0, 0): b' 2844,11,3,768,0,595,10,11,7,1,1,-95,10,2434,18494,455,1,4 '
Received from ('fd00::200:0:0:8', 8765, 0, 0): b' 2844,8,3,768,0,660,11,8,7,1,2,-70,2,1232,14438,187,0,0 '
Received from ('fd00::200:0:0:c', 8765, 0, 0): b' 2845,12,11,1024,0,681,12,11,7,1,3,-52,0,539,11247,184,0,0 '
Received from ('fd00::200:0:0:3', 8765, 0, 0): b' 2845,3,1,512,0,604,14,11,7,2,1,-64,10,2066,13474,189,0,0 '
Received from ('fd00::200:0:0:d', 8765, 0, 0): b' 2845,13,8,1024,10,689,10,4,7,1,2,-70,0,362,6118,184,0,0 '
Received from ('fd00::200:0:0:12', 8765, 0, 0): b' 2846,18,14,1280,0,678,8,4,5,1,1,-52,0,493,5542,174,0,0 '
Received from ('fd00::200:0:0:15', 8765, 0, 0): b' 2847,21,16,1280,0,622,6,3,5,1,1,-70,0,745,11941,181,0,0 '
Received from ('fd00::200:0:0:e', 8765, 0, 0): b' 2847,14,11,1024,0,664,11,3,7,1,2,-70,1,1309,14467,177,0,0 '
Received from ('fd00::200:0:0:6', 8765, 0, 0): b' 2847,6,3,768,0,668,11,3,7,1,2,-70,0,610,10024,179,0,0 '
Received from ('fd00::200:0:0:14', 8765, 0, 0): b' 2847,20,16,1280,0,642,8,8,7,1,2,-52,0,550,6251,157,0,0 '
Received from ('fd00::200:0:0:a', 8765, 0, 0): b' 2848,10,11,1024,0,705,8,6,7,1,1,-52,0,908,10365,180,0,0 '
Received from ('fd00::200:0:0:4', 8765, 0, 0): b' 2849,4,1,512,0,621,14,3,7,1,1,-66,1,1107,16945,189,0,0 '
Received from ('fd00::200:0:0:c', 8765, 0, 0): b' 2849,12,11,1024,0,682,12,11,7,1,3,-52,0,349,5670,185,0,0 '
Received from ('fd00::200:0:0:8', 8765, 0, 0): b' 2850,8,3,768,0,660,11,8,7,1,2,-70,2,499,7963,187,0,0 '
Received from ('fd00::200:0:0:7', 8765, 0, 0): b' 2851,7,4,768,0,597,10,8,7,1,3,-70,0,384,5588,172,0,0 '
Received from ('fd00::200:0:0:f', 8765, 0, 0): b' 2850,15,11,1024,0,633,7,14,7,1,2,-52,0,411,6304,153,0,0 '
Received from ('fd00::200:0:0:11', 8765, 0, 0): b' 2851,17,16,1280,0,691,6,4,7,1,1,-52,0,772,10201,181,0,0 '
Received from ('fd00::200:0:0:3', 8765, 0, 0): b' 2852,3,1,512,0,605,14,11,7,2,1,-64,10,3203,17507,189,0,0 '
Received from ('fd00::200:0:0:1', 5678, 0, 0): b' 2852,1,0,256,0,25,0,0,4,0,0,0,10,2159,24535,3849,0,0 '
Received from ('fd00::200:0:0:b', 8765, 0, 0): b' 2851,11,3,768,10,597,10,11,7,1,1,-95,10,3293,22330,457,1,4 '
Received from ('fd00::200:0:0:2', 8765, 0, 0): b' 2852,2,1,512,0,689,15,1,6,1,1,-88,0,712,10066,191,0,0 '
Received from ('fd00::200:0:0:13', 8765, 0, 0): b' 2852,19,16,1280,0,663,6,3,7,1,1,-70,0,908,10030,177,0,0 '
Received from ('fd00::200:0:0:6', 8765, 0, 0): b' 2852,6,3,768,0,670,11,3,7,1,2,-70,0,468,4855,179,0,0 '
Received from ('fd00::200:0:0:14', 8765, 0, 0): b' 2853,20,16,1280,0,644,8,8,7,1,2,-52,0,493,5611,157,0,0 '
Received from ('fd00::200:0:0:4', 8765, 0, 0): b' 2853,4,1,512,0,622,14,3,7,1,1,-66,1,677,7218,189,0,0 '
Received from ('fd00::200:0:0:9', 8765, 0, 0): b' 2854,9,5,768,0,649,11,4,7,1,2,-52,0,1039,11943,176,0,0 '
Received from ('fd00::200:0:0:15', 8765, 0, 0): b' 2855,21,16,1280,0,624,6,3,5,1,1,-70,0,602,9997,182,0,0 '
Received from ('fd00::200:0:0:1', 5678, 0, 0): b' 2856,1,0,256,0,25,0,0,4,0,0,0,10,1159,11334,3857,0,0 '
Received from ('fd00::200:0:0:3', 8765, 0, 0): b' 2857,3,1,512,0,606,14,11,7,2,1,-64,10,2408,14219,190,0,0 '
Received from ('fd00::200:0:0:10', 8765, 0, 0): b' 2855,16,11,1024,0,616,10,12,7,1,2,-70,4,2935,28267,183,0,0 '
Received from ('fd00::200:0:0:5', 8765, 0, 0): b' 2855,5,1,512,20,630,15,1,6,1,1,-94,1,1230,16619,190,0,0 '
Received from ('fd00::200:0:0:8', 8765, 0, 0): b' 2856,8,3,768,10,662,11,8,7,1,2,-70,2,990,10624,188,0,0 '
Received from ('fd00::200:0:0:12', 8765, 0, 0): b' 2854,18,14,1280,0,680,8,4,5,1,1,-52,0,694,9058,175,0,0 '
Received from ('fd00::200:0:0:d', 8765, 0, 0): b' 2856,13,8,1024,0,693,10,4,7,1,2,-70,0,961,13613,185,0,0 '
Received from ('fd00::200:0:0:e', 8765, 0, 0): b' 2856,14,11,1024,0,664,11,3,7,1,2,-70,1,925,11811,178,0,0 '
Received from ('fd00::200:0:0:4', 8765, 0, 0): b' 2858,4,1,512,0,622,14,3,7,1,1,-66,1,412,6678,190,0,0 '
Received from ('fd00::200:0:0:9', 8765, 0, 0): b' 2858,9,5,768,0,650,11,4,7,1,2,-52,0,362,4034,176,0,0 '
Received from ('fd00::200:0:0:b', 8765, 0, 0): b' 2857,11,3,768,20,599,10,11,7,1,1,-95,10,2551,18784,459,1,4 '
Received from ('fd00::200:0:0:6', 8765, 0, 0): b' 2858,6,3,768,0,671,11,3,7,1,2,-70,0,384,5740,179,0,0 '
Received from ('fd00::200:0:0:2', 8765, 0, 0): b' 2859,2,1,512,0,692,15,1,6,1,1,-88,0,599,8470,191,0,0 '
Received from ('fd00::200:0:0:a', 8765, 0, 0): b' 2858,10,11,1024,0,709,8,6,7,1,1,-52,0,909,9961,181,0,0 '
Received from ('fd00::200:0:0:13', 8765, 0, 0): b' 2859,19,16,1280,10,665,6,3,7,1,1,-70,0,494,6320,177,0,0 '
Received from ('fd00::200:0:0:f', 8765, 0, 0): b' 2859,15,11,1024,0,635,7,14,7,1,2,-52,0,671,8664,154,0,0 '
Received from ('fd00::200:0:0:c', 8765, 0, 0): b' 2860,12,11,1024,0,688,12,11,7,1,3,-52,0,1194,13853,185,0,0 '
Received from ('fd00::200:0:0:7', 8765, 0, 0): b' 2861,7,4,768,0,599,10,8,7,1,3,-70,0,762,10313,173,0,0 '
Received from ('fd00::200:0:0:11', 8765, 0, 0): b' 2861,17,16,1280,0,694,6,4,7,1,1,-52,0,802,10301,182,0,0 '
Received from ('fd00::200:0:0:d', 8765, 0, 0): b' 2861,13,8,1024,0,694,10,4,7,1,2,-70,0,387,6259,185,0,0 '
Received from ('fd00::200:0:0:12', 8765, 0, 0): b' 2859,18,14,1280,0,682,8,4,5,1,1,-52,0,469,4510,175,0,0 '
Received from ('fd00::200:0:0:14', 8765, 0, 0): b' 2861,20,16,1280,0,644,8,8,7,1,2,-52,0,456,7581,158,0,0 '
Received from ('fd00::200:0:0:2', 8765, 0, 0): b' 2863,2,1,512,0,694,15,1,6,1,1,-88,0,467,5063,191,0,0 '
Received from ('fd00::200:0:0:3', 8765, 0, 0): b' 2864,3,1,512,0,608,14,11,7,2,1,-64,10,4051,21887,190,0,0 '
Received from ('fd00::200:0:0:13', 8765, 0, 0): b' 2864,19,16,1280,0,665,6,3,7,1,1,-70,0,336,5385,178,0,0 '
Received from ('fd00::200:0:0:f', 8765, 0, 0): b' 2863,15,11,1024,0,637,7,14,7,1,2,-52,0,373,4660,154,0,0 '
Received from ('fd00::200:0:0:4', 8765, 0, 0): b' 2865,4,1,512,0,626,14,3,7,1,1,-66,1,1090,11153,190,0,0 '
Received from ('fd00::200:0:0:1', 5678, 0, 0): b' 2865,1,0,256,0,25,0,0,4,0,0,0,10,2495,25027,3867,0,0 '
Received from ('fd00::200:0:0:5', 8765, 0, 0): b' 2865,5,1,512,0,634,15,1,6,1,1,-94,1,1440,15098,190,0,0 '
Received from ('fd00::200:0:0:12', 8765, 0, 0): b' 2863,18,14,1280,0,682,8,4,5,1,1,-52,0,255,3898,175,0,0 '
Received from ('fd00::200:0:0:15', 8765, 0, 0): b' 2865,21,16,1280,0,627,6,3,5,1,1,-70,0,801,12363,183,0,0 '
Received from ('fd00::200:0:0:d', 8765, 0, 0): b' 2865,13,8,1024,0,696,10,4,7,1,2,-70,0,469,5213,185,0,0 '
Received from ('fd00::200:0:0:b', 8765, 0, 0): b' 2865,11,3,768,30,602,10,11,7,1,1,-95,10,4152,28468,461,1,4 '
Received from ('fd00::200:0:0:8', 8765, 0, 0): b' 2865,8,3,768,10,664,11,8,7,1,2,-70,2,1183,14847,188,0,0 '
Received from ('fd00::200:0:0:e', 8765, 0, 0): b' 2864,14,11,1024,0,668,11,3,7,1,2,-70,1,1347,12206,178,0,0 '
Received from ('fd00::200:0:0:6', 8765, 0, 0): b' 2866,6,3,768,0,672,11,3,7,1,2,-70,0,465,7322,180,0,0 '
Received from ('fd00::200:0:0:7', 8765, 0, 0): b' 2867,7,4,768,0,601,10,8,7,1,3,-70,0,548,5699,174,0,0 '
Received from ('fd00::200:0:0:c', 8765, 0, 0): b' 2865,12,11,1024,0,689,12,11,7,1,3,-52,0,378,6913,186,0,0 '
Received from ('fd00::200:0:0:10', 8765, 0, 0): b' 2866,16,11,1024,0,619,10,12,7,1,2,-70,4,2808,29960,184,0,0 '
Received from ('fd00::200:0:0:9', 8765, 0, 0): b' 2868,9,5,768,0,654,11,4,7,1,2,-52,0,906,9697,177,0,0 '
Received from ('fd00::200:0:0:2', 8765, 0, 0): b' 2868,2,1,512,10,696,15,1,6,1,1,-88,0,542,6257,192,0,0 '
Received from ('fd00::200:0:0:14', 8765, 0, 0): b' 2868,20,16,1280,0,644,8,8,7,1,2,-52,0,303,6316,158,0,0 '
Received from ('fd00::200:0:0:3', 8765, 0, 0): b' 2870,3,1,512,0,612,14,11,7,2,1,-64,10,3844,19487,191,0,0 '
Received from ('fd00::200:0:0:11', 8765, 0, 0): b' 2868,17,16,1280,10,694,6,4,7,1,1,-52,0,280,5912,182,0,0 '
Received from ('fd00::200:0:0:a', 8765, 0, 0): b' 2869,10,11,1024,0,713,8,6,7,1,1,-52,0,852,10492,181,0,0 '
Received from ('fd00::200:0:0:5', 8765, 0, 0): b' 2870,5,1,512,0,634,15,1,6,1,1,-94,1,537,8196,190,0,0 '
Received from ('fd00::200:0:0:7', 8765, 0, 0): b' 2871,7,4,768,0,602,10,8,7,1,3,-70,0,360,4015,174,0,0 '
Received from ('fd00::200:0:0:1', 5678, 0, 0): b' 2872,1,0,256,0,25,0,0,4,0,0,0,10,2161,19989,3882,0,0 '
Received from ('fd00::200:0:0:12', 8765, 0, 0): b' 2871,18,14,1280,0,684,8,4,5,1,1,-52,0,573,7437,176,0,0 '
Received from ('fd00::200:0:0:15', 8765, 0, 0): b' 2872,21,16,1280,0,630,6,3,5,1,1,-70,0,750,8874,183,0,0 '
Received from ('fd00::200:0:0:13', 8765, 0, 0): b' 2873,19,16,1280,10,666,6,3,7,1,1,-70,0,410,7793,178,0,0 '
Received from ('fd00::200:0:0:d', 8765, 0, 0): b' 2873,13,8,1024,0,700,10,4,7,1,2,-70,0,815,10681,186,0,0 '
Received from ('fd00::200:0:0:e', 8765, 0, 0): b' 2873,14,11,1024,0,669,11,3,7,1,2,-70,1,851,11219,179,0,0 '
Received from ('fd00::200:0:0:6', 8765, 0, 0): b' 2874,6,3,768,10,675,11,3,7,1,2,-70,0,612,7684,180,0,0 '
Received from ('fd00::200:0:0:10', 8765, 0, 0): b' 2874,16,11,1024,0,622,10,12,7,1,2,-70,4,2104,21129,185,0,0 '
Received from ('fd00::200:0:0:f', 8765, 0, 0): b' 2874,15,11,1024,0,640,7,14,7,1,2,-52,0,826,11191,155,0,0 '
Received from ('fd00::200:0:0:8', 8765, 0, 0): b' 2875,8,3,768,0,666,11,8,7,1,2,-70,2,1302,15361,189,0,0 '
Received from ('fd00::200:0:0:4', 8765, 0, 0): b' 2876,4,1,512,0,628,15,3,7,1,1,-66,1,1394,17768,191,0,0 '
Received from ('fd00::200:0:0:2', 8765, 0, 0): b' 2876,2,1,512,0,698,15,1,6,1,1,-88,0,540,9729,192,0,0 '
Received from ('fd00::200:0:0:b', 8765, 0, 0): b' 2876,11,3,768,10,604,10,11,7,1,1,-95,10,4616,34409,463,1,4 '
Received from ('fd00::200:0:0:c', 8765, 0, 0): b' 2876,12,11,1024,0,692,12,11,7,1,3,-52,0,748,12721,186,0,0 '
Received from ('fd00::200:0:0:7', 8765, 0, 0): b' 2877,7,4,768,0,603,10,8,7,1,3,-70,0,384,6171,174,0,0 '
Received from ('fd00::200:0:0:a', 8765, 0, 0): b' 2876,10,11,1024,0,714,8,6,7,1,1,-52,0,467,7455,182,0,0 '
Received from ('fd00::200:0:0:9', 8765, 0, 0): b' 2877,9,5,768,0,659,11,4,7,1,2,-52,0,916,9918,178,0,0 '
Received from ('fd00::200:0:0:12', 8765, 0, 0): b' 2875,18,14,1280,0,684,8,4,5,1,1,-52,0,255,3940,176,0,0 '
Received from ('fd00::200:0:0:3', 8765, 0, 0): b' 2879,3,1,512,10,616,14,11,7,2,1,-64,10,5042,29000,191,0,0 '
Received from ('fd00::200:0:0:d', 8765, 0, 0): b' 2878,13,8,1024,0,701,10,4,7,1,2,-70,0,363,5065,186,0,0 '
Received from ('fd00::200:0:0:15', 8765, 0, 0): b' 2878,21,16,1280,0,632,6,3,5,1,1,-70,0,372,6580,183,0,0 '
Received from ('fd00::200:0:0:6', 8765, 0, 0): b' 2879,6,3,768,0,677,11,3,7,1,2,-70,0,655,5674,181,0,0 '
Received from ('fd00::200:0:0:11', 8765, 0, 0): b' 2879,17,16,1280,0,696,6,4,7,1,1,-52,0,719,10578,183,0,0 '
Received from ('fd00::200:0:0:14', 8765, 0, 0): b' 2879,20,16,1280,0,650,8,8,7,1,2,-52,0,1122,11107,159,0,0 '
Received from ('fd00::200:0:0:10', 8765, 0, 0): b' 2879,16,11,1024,0,625,10,12,7,1,2,-70,4,1893,15032,185,0,0 '
Received from ('fd00::200:0:0:13', 8765, 0, 0): b' 2881,19,16,1280,0,671,6,3,7,1,1,-70,0,1016,8998,179,0,0 '
Received from ('fd00::200:0:0:4', 8765, 0, 0): b' 2882,4,1,512,0,628,15,3,7,1,1,-66,1,594,8907,191,0,0 '
Received from ('fd00::200:0:0:5', 8765, 0, 0): b' 2882,5,1,512,0,638,15,1,6,1,1,-94,1,1433,18607,191,0,0 '
Received from ('fd00::200:0:0:1', 5678, 0, 0): b' 2882,1,0,256,0,25,0,0,4,0,0,0,10,2742,28371,3896,0,0 '
Received from ('fd00::200:0:0:b', 8765, 0, 0): b' 2881,11,3,768,30,605,10,11,7,1,1,-95,10,2873,18978,465,1,4 '
Received from ('fd00::200:0:0:e', 8765, 0, 0): b' 2880,14,11,1024,0,672,11,3,7,1,2,-70,1,915,9211,179,0,0 '
Received from ('fd00::200:0:0:2', 8765, 0, 0): b' 2884,2,1,512,0,701,15,1,6,1,1,-88,0,770,9418,193,0,0 '
Received from ('fd00::200:0:0:15', 8765, 0, 0): b' 2883,21,16,1280,0,632,6,3,5,1,1,-70,0,460,7218,184,0,0 '
Received from ('fd00::200:0:0:a', 8765, 0, 0): b' 2884,10,11,1024,0,717,8,6,7,1,1,-52,0,722,7346,182,0,0 '
Received from ('fd00::200:0:0:7', 8765, 0, 0): b' 2885,7,4,768,0,604,10,8,7,1,3,-70,0,561,7257,175,0,0 '
Received from ('fd00::200:0:0:10', 8765, 0, 0): b' 2883,16,11,1024,0,626,10,12,7,1,2,-70,4,1113,10556,185,0,0 '
Received from ('fd00::200:0:0:8', 8765, 0, 0): b' 2884,8,3,768,0,670,11,8,7,1,2,-70,2,1295,13856,189,0,0 '
Received from ('fd00::200:0:0:3', 8765, 0, 0): b' 2886,3,1,512,0,616,14,11,7,2,1,-64,10,3751,19681,192,0,0 '
Received from ('fd00::200:0:0:9', 8765, 0, 0): b' 2885,9,5,768,0,659,11,4,7,1,2,-52,0,398,6479,178,0,0 '
Received from ('fd00::200:0:0:d', 8765, 0, 0): b' 2885,13,8,1024,0,701,10,4,7,1,2,-70,0,387,9059,187,0,0 '
Received from ('fd00::200:0:0:4', 8765, 0, 0): b' 2887,4,1,512,10,628,15,3,7,1,1,-66,1,560,7266,192,0,0 '
Received from ('fd00::200:0:0:c', 8765, 0, 0): b' 2886,12,11,1024,0,697,12,11,7,1,3,-52,0,1047,12318,187,0,0 '
Received from ('fd00::200:0:0:13', 8765, 0, 0): b' 2884,19,16,1280,0,672,6,3,7,1,1,-70,0,364,4280,179,0,0 '
Received from ('fd00::200:0:0:12', 8765, 0, 0): b' 2885,18,14,1280,0,687,8,4,5,1,1,-52,0,871,9228,177,0,0 '
Received from ('fd00::200:0:0:11', 8765, 0, 0): b' 2885,17,16,1280,0,698,6,4,7,1,1,-52,0,671,7027,184,0,0 '
Received from ('fd00::200:0:0:f', 8765, 0, 0): b' 2886,15,11,1024,0,643,7,14,7,1,2,-52,0,894,10991,156,0,0 '
Received from ('fd00::200:0:0:6', 8765, 0, 0): b' 2888,6,3,768,0,681,11,3,7,1,2,-70,0,729,8564,181,0,0 '
Received from ('fd00::200:0:0:14', 8765, 0, 0): b' 2886,20,16,1280,0,653,8,8,7,1,2,-52,0,627,7900,159,0,0 '
Received from ('fd00::200:0:0:15', 8765, 0, 0): b' 2887,21,16,1280,20,633,6,3,5,1,1,-70,0,159,4651,184,0,0 '
Received from ('fd00::200:0:0:3', 8765, 0, 0): b' 2890,3,1,512,0,616,15,11,7,2,1,-64,10,2661,14957,192,0,0 '
Received from ('fd00::200:0:0:e', 8765, 0, 0): b' 2888,14,11,1024,0,675,11,3,7,1,2,-70,1,1215,10810,180,0,0 '
Received from ('fd00::200:0:0:2', 8765, 0, 0): b' 2890,2,1,512,10,702,15,1,6,1,1,-88,0,384,7634,193,0,0 '
Received from ('fd00::200:0:0:13', 8765, 0, 0): b' 2888,19,16,1280,0,672,6,3,7,1,1,-70,0,255,4063,179,0,0 '
Received from ('fd00::200:0:0:b', 8765, 0, 0): b' 2890,11,3,768,10,607,10,11,7,1,1,-95,10,4458,30334,467,1,4 '
Received from ('fd00::200:0:0:11', 8765, 0, 0): b' 2889,17,16,1280,0,699,6,4,7,1,1,-52,0,265,4285,184,0,0 '
Received from ('fd00::200:0:0:1', 5678, 0, 0): b' 2893,1,0,256,0,25,0,0,4,0,0,0,10,2624,28378,3910,0,0 '
Received from ('fd00::200:0:0:6', 8765, 0, 0): b' 2892,6,3,768,10,682,11,3,7,1,2,-70,0,416,4895,182,0,0 '
Received from ('fd00::200:0:0:5', 8765, 0, 0): b' 2893,5,1,512,10,641,15,1,6,1,1,-94,1,1261,17233,192,0,0 '
Received from ('fd00::200:0:0:12', 8765, 0, 0): b' 2892,18,14,1280,0,690,8,4,5,1,1,-52,0,624,7259,177,0,0 '
Received from ('fd00::200:0:0:8', 8765, 0, 0): b' 2894,8,3,768,0,674,11,8,7,1,2,-70,2,1330,15613,190,0,0 '
Received from ('fd00::200:0:0:d', 8765, 0, 0): b' 2894,13,8,1024,0,702,10,4,7,1,2,-70,0,507,10207,187,0,0 '
Received from ('fd00::200:0:0:a', 8765, 0, 0): b' 2893,10,11,1024,0,720,8,6,7,1,1,-52,0,704,10026,183,0,0 '
Received from ('fd00::200:0:0:9', 8765, 0, 0): b' 2895,9,5,768,0,662,11,4,7,1,2,-52,0,799,9936,179,0,0 '
Received from ('fd00::200:0:0:4', 8765, 0, 0): b' 2895,4,1,512,0,633,15,3,7,1,1,-66,1,1001,13857,192,0,0 '
Received from ('fd00::200:0:0:10', 8765, 0, 0): b' 2893,16,11,1024,0,627,10,12,7,1,2,-70,4,2725,25921,186,0,0 '
Received from ('fd00::200:0:0:3', 8765, 0, 0): b' 2896,3,1,512,10,619,15,11,7,2,1,-64,10,3644,19631,193,0,0 '
Received from ('fd00::200:0:0:c', 8765, 0, 0): b' 2894,12,11,1024,0,697,12,11,7,1,3,-52,0,513,11229,188,0,0 '
Received from ('fd00::200:0:0:7', 8765, 0, 0): b' 2897,7,4,768,0,604,10,8,7,1,3,-70,0,502,10981,176,0,0 '
Received from ('fd00::200:0:0:2', 8765, 0, 0): b' 2896,2,1,512,0,703,15,1,6,1,1,-88,0,484,8253,194,0,0 '
Received from ('fd00::200:0:0:f', 8765, 0, 0): b' 2894,15,11,1024,0,647,7,15,7,1,2,-52,0,915,8734,157,0,0 '
Received from ('fd00::200:0:0:11', 8765, 0, 0): b' 2894,17,16,1280,10,701,6,4,7,1,1,-52,0,469,5016,184,0,0 '
Received from ('fd00::200:0:0:14', 8765, 0, 0): b' 2896,20,16,1280,0,656,8,8,7,1,2,-52,0,1011,10288,160,0,0 '
Received from ('fd00::200:0:0:e', 8765, 0, 0): b' 2898,14,11,1024,0,677,11,3,7,1,2,-70,1,865,11263,180,0,0 '
Received from ('fd00::200:0:0:8', 8765, 0, 0): b' 2898,8,3,768,0,675,11,8,7,1,2,-70,2,498,6439,190,0,0 '
Received from ('fd00::200:0:0:b', 8765, 0, 0): b' 2899,11,3,768,30,611,10,11,7,1,1,-95,10,3718,27533,469,1,4 '
Received from ('fd00::200:0:0:13', 8765, 0, 0): b' 2898,19,16,1280,0,676,6,3,7,1,1,-70,0,811,9429,180,0,0 '
Received from ('fd00::200:0:0:4', 8765, 0, 0): b' 2900,4,1,512,0,633,15,3,7,1,1,-66,1,543,7327,192,0,0 '
Received from ('fd00::200:0:0:15', 8765, 0, 0): b' 2900,21,16,1280,10,639,6,3,5,1,1,-70,0,1175,14685,185,0,0 '
Received from ('fd00::200:0:0:1', 5678, 0, 0): b' 2902,1,0,256,0,25,0,0,4,0,0,0,10,2597,24394,3927,0,0 '
Received from ('fd00::200:0:0:7', 8765, 0, 0): b' 2902,7,4,768,0,604,10,8,7,1,3,-70,0,254,4653,176,0,0 '
Received from ('fd00::200:0:0:c', 8765, 0, 0): b' 2901,12,11,1024,0,699,12,11,7,1,3,-52,0,562,7277,188,0,0 '
Received from ('fd00::200:0:0:12', 8765, 0, 0): b' 2901,18,14,1280,0,691,8,4,5,1,1,-52,0,466,8025,178,0,0 '
Received from ('fd00::200:0:0:a', 8765, 0, 0): b' 2902,10,11,1024,0,723,8,6,7,1,1,-52,0,778,8953,184,0,0 '
Received from ('fd00::200:0:0:6', 8765, 0, 0): b' 2903,6,3,768,0,687,11,3,7,1,2,-70,0,982,10843,182,0,0 '
Received from ('fd00::200:0:0:8', 8765, 0, 0): b' 2904,8,3,768,0,677,11,8,7,1,2,-70,2,837,9747,191,0,0 '
Received from ('fd00::200:0:0:14', 8765, 0, 0): b' 2903,20,16,1280,0,659,8,8,7,1,2,-52,0,603,6380,160,0,0 '
Received from ('fd00::200:0:0:2', 8765, 0, 0): b' 2904,2,1,512,0,705,15,1,6,1,1,-88,0,612,9000,194,0,0 '
Received from ('fd00::200:0:0:4', 8765, 0, 0): b' 2905,4,1,512,0,634,15,3,7,1,1,-66,1,689,7606,193,0,0 '
Received from ('fd00::200:0:0:f', 8765, 0, 0): b' 2904,15,11,1024,0,652,7,15,7,1,2,-52,0,960,10136,157,0,0 '
Received from ('fd00::200:0:0:d', 8765, 0, 0): b' 2905,13,8,1024,0,703,10,4,7,1,2,-70,0,640,12939,188,0,0 '
Received from ('fd00::200:0:0:5', 8765, 0, 0): b' 2905,5,1,512,0,643,16,1,6,1,1,-94,1,1354,18776,193,0,0 '
Received from ('fd00::200:0:0:3', 8765, 0, 0): b' 2906,3,1,512,0,621,15,11,7,2,1,-64,10,5216,30404,193,0,0 '
Received from ('fd00::200:0:0:b', 8765, 0, 0): b' 2905,11,3,768,10,613,10,11,7,1,1,-95,10,2876,22225,470,1,4 '
Received from ('fd00::200:0:0:9', 8765, 0, 0): b' 2906,9,5,768,0,666,11,4,7,1,2,-52,0,920,10906,179,0,0 '
Received from ('fd00::200:0:0:10', 8765, 0, 0): b' 2905,16,11,1024,0,631,10,12,7,1,2,-70,4,2984,30542,187,0,0 '
Received from ('fd00::200:0:0:11', 8765, 0, 0): b' 2906,17,16,1280,0,703,6,4,7,1,1,-52,0,785,10418,185,0,0 '
Received from ('fd00::200:0:0:13', 8765, 0, 0): b' 2906,19,16,1280,0,678,6,3,7,1,1,-70,0,660,7275,180,0,0 '
Received from ('fd00::200:0:0:15', 8765, 0, 0): b' 2908,21,16,1280,0,641,6,3,5,1,1,-70,0,795,9670,185,0,0 '
Received from ('fd00::200:0:0:e', 8765, 0, 0): b' 2908,14,11,1024,0,677,11,3,7,1,2,-70,1,962,12475,181,0,0 '
Received from ('fd00::200:0:0:4', 8765, 0, 0): b' 2910,4,1,512,0,636,15,3,7,1,1,-66,1,551,7760,193,0,0 '
Received from ('fd00::200:0:0:14', 8765, 0, 0): b' 2908,20,16,1280,0,662,8,8,7,1,2,-52,0,656,5288,161,0,0 '
Received from ('fd00::200:0:0:12', 8765, 0, 0): b' 2908,18,14,1280,0,692,8,4,5,1,1,-52,0,507,6710,178,0,0 '
Received from ('fd00::200:0:0:7', 8765, 0, 0): b' 2911,7,4,768,0,607,10,8,7,1,3,-70,0,696,9251,177,0,0 '
Received from ('fd00::200:0:0:6', 8765, 0, 0): b' 2910,6,3,768,0,690,11,3,7,1,2,-70,0,655,7091,183,0,0 '
Received from ('fd00::200:0:0:a', 8765, 0, 0): b' 2910,10,11,1024,0,725,8,6,7,1,1,-52,0,517,6865,184,0,0 '
Received from ('fd00::200:0:0:8', 8765, 0, 0): b' 2911,8,3,768,0,678,11,8,7,1,2,-70,2,822,11945,191,0,0 '
Received from ('fd00::200:0:0:9', 8765, 0, 0): b' 2911,9,5,768,10,669,11,4,7,1,2,-52,0,548,5571,180,0,0 '
Received from ('fd00::200:0:0:2', 8765, 0, 0): b' 2912,2,1,512,10,706,15,1,6,1,1,-88,0,459,9084,195,0,0 '
Received from ('fd00::200:0:0:1', 5678, 0, 0): b' 2913,1,0,256,0,25,0,0,4,0,0,0,10,2625,29580,3941,0,0 '
Received from ('fd00::200:0:0:5', 8765, 0, 0): b' 2913,5,1,512,0,644,16,1,6,1,1,-94,1,1086,11893,193,0,0 '
Received from ('fd00::200:0:0:3', 8765, 0, 0): b' 2914,3,1,512,0,622,15,11,7,2,1,-64,10,3483,20651,194,0,0 '
Received from ('fd00::200:0:0:15', 8765, 0, 0): b' 2911,21,16,1280,10,641,6,3,5,1,1,-70,0,339,5429,186,0,0 '
Received from ('fd00::200:0:0:f', 8765, 0, 0): b' 2912,15,11,1024,0,656,7,15,7,1,2,-52,0,790,8117,158,0,0 '
Received from ('fd00::200:0:0:11', 8765, 0, 0): b' 2912,17,16,1280,0,703,6,4,7,1,1,-52,0,280,5365,185,0,0 '
Received from ('fd00::200:0:0:c', 8765, 0, 0): b' 2913,12,11,1024,0,701,12,11,7,1,3,-52,0,749,14595,189,0,0 '
Received from ('fd00::200:0:0:13', 8765, 0, 0): b' 2913,19,16,1280,0,679,6,3,7,1,1,-70,0,466,6851,181,0,0 '
Received from ('fd00::200:0:0:4', 8765, 0, 0): b' 2916,4,1,512,0,637,15,3,7,1,1,-66,1,755,9544,193,0,0 '
Received from ('fd00::200:0:0:d', 8765, 0, 0): b' 2915,13,8,1024,0,707,10,4,7,1,2,-70,0,938,12592,189,0,0 '
Received from ('fd00::200:0:0:14', 8765, 0, 0): b' 2914,20,16,1280,0,663,8,8,7,1,2,-52,0,386,6028,161,0,0 '
Received from ('fd00::200:0:0:e', 8765, 0, 0): b' 2915,14,11,1024,0,677,11,3,7,1,2,-70,1,756,8857,181,0,0 '
Received from ('fd00::200:0:0:9', 8765, 0, 0): b' 2916,9,5,768,0,670,11,4,7,1,2,-52,0,468,4737,180,0,0 '
Received from ('fd00::200:0:0:b', 8765, 0, 0): b' 2917,11,3,768,40,615,10,11,7,1,1,-95,10,5209,36688,473,1,4 '
Received from ('fd00::200:0:0:10', 8765, 0, 0): b' 2916,16,11,1024,10,633,10,12,7,1,2,-70,4,3091,27130,188,0,0 '
Received from ('fd00::200:0:0:2', 8765, 0, 0): b' 2919,2,1,512,0,706,15,1,6,1,1,-88,0,302,8020,195,0,0 '
Received from ('fd00::200:0:0:7', 8765, 0, 0): b' 2918,7,4,768,10,608,10,8,7,1,3,-70,0,481,6585,177,0,0 '
Received from ('fd00::200:0:0:1', 5678, 0, 0): b' 2919,1,0,256,0,25,0,0,4,0,0,0,10,1672,16966,3951,0,0 '
Received from ('fd00::200:0:0:13', 8765, 0, 0): b' 2917,19,16,1280,0,681,6,3,7,1,1,-70,0,469,4230,181,0,0 '
Received from ('fd00::200:0:0:12', 8765, 0, 0): b' 2919,18,14,1280,0,695,8,4,5,1,1,-52,0,680,9120,179,0,0 '
Received from ('fd00::200:0:0:8', 8765, 0, 0): b' 2920,8,3,768,10,679,11,8,7,1,2,-70,2,993,12359,192,0,0 '
Received from ('fd00::200:0:0:4', 8765, 0, 0): b' 2920,4,1,512,0,638,15,3,7,1,1,-66,1,723,7005,194,0,0 '
Received from ('fd00::200:0:0:a', 8765, 0, 0): b' 2920,10,11,1024,0,728,8,6,7,1,1,-52,0,801,10076,185,0,0 '
Received from ('fd00::200:0:0:5', 8765, 0, 0): b' 2921,5,1,512,10,645,16,1,6,1,1,-94,1,693,11858,194,0,0 '
Received from ('fd00::200:0:0:10', 8765, 0, 0): b' 2921,16,11,1024,0,635,10,12,7,1,2,-70,4,1109,11695,188,0,0 '
Received from ('fd00::200:0:0:e', 8765, 0, 0): b' 2921,14,11,1024,0,677,11,3,7,1,2,-70,1,681,8322,182,0,0 '
Received from ('fd00::200:0:0:c', 8765, 0, 0): b' 2921,12,11,1024,0,704,12,11,7,1,3,-52,0,725,10308,189,0,0 '
Received from ('fd00::200:0:0:3', 8765, 0, 0): b' 2923,3,1,512,0,625,15,11,7,2,1,-64,10,5247,29323,194,0,0 '
Received from ('fd00::200:0:0:6', 8765, 0, 0): b' 2923,6,3,768,0,694,11,3,7,1,2,-70,0,930,11394,184,0,0 '
Received from ('fd00::200:0:0:f', 8765, 0, 0): b' 2922,15,11,1024,0,659,7,15,7,1,2,-52,0,746,9178,158,0,0 '
Received from ('fd00::200:0:0:13', 8765, 0, 0): b' 2922,19,16,1280,20,683,6,3,7,1,1,-70,0,321,4553,182,0,0 '
Received from ('fd00::200:0:0:15', 8765, 0, 0): b' 2922,21,16,1280,0,641,6,3,5,1,1,-70,0,449,12933,186,0,0 '
Received from ('fd00::200:0:0:1', 5678, 0, 0): b' 2924,1,0,256,0,25,0,0,4,0,0,0,10,1063,12927,3956,0,0 '
Received from ('fd00::200:0:0:12', 8765, 0, 0): b' 2923,18,14,1280,10,698,8,4,5,1,1,-52,0,493,4899,179,0,0 '
Received from ('fd00::200:0:0:8', 8765, 0, 0): b' 2925,8,3,768,0,680,11,8,7,1,2,-70,2,498,8134,192,0,0 '
Received from ('fd00::200:0:0:d', 8765, 0, 0): b' 2926,13,8,1024,0,709,10,4,7,1,2,-70,0,639,11959,189,0,0 '
Received from ('fd00::200:0:0:11', 8765, 0, 0): b' 2923,17,16,1280,0,708,6,4,7,1,1,-52,0,1015,11049,186,0,0 '
Received from ('fd00::200:0:0:4', 8765, 0, 0): b' 2926,4,1,512,0,638,15,3,7,1,1,-66,1,531,9619,194,0,0 '
Received from ('fd00::200:0:0:14', 8765, 0, 0): b' 2923,20,16,1280,10,666,8,8,7,1,2,-52,0,777,8504,162,0,0 '
Received from ('fd00::200:0:0:9', 8765, 0, 0): b' 2926,9,5,768,0,674,11,4,7,1,2,-52,0,809,10082,181,0,0 '
Received from ('fd00::200:0:0:2', 8765, 0, 0): b' 2928,2,1,512,0,707,15,1,6,1,1,-88,0,604,11111,196,0,0 '
Received from ('fd00::200:0:0:b', 8765, 0, 0): b' 2929,11,3,768,10,617,10,11,7,1,1,-95,10,4994,37685,476,1,4 '
Received from ('fd00::200:0:0:7', 8765, 0, 0): b' 2929,7,4,768,0,615,10,8,7,1,3,-70,0,1252,11768,178,0,0 '
Received from ('fd00::200:0:0:1', 5678, 0, 0): b' 2929,1,0,256,0,25,0,0,4,0,0,0,10,1353,13810,3965,0,0 '
Received from ('fd00::200:0:0:15', 8765, 0, 0): b' 2928,21,16,1280,0,643,6,3,5,1,1,-70,0,578,6722,187,0,0 '
Received from ('fd00::200:0:0:c', 8765, 0, 0): b' 2929,12,11,1024,0,705,12,11,7,1,3,-52,0,498,9636,190,0,0 '
Received from ('fd00::200:0:0:5', 8765, 0, 0): b' 2930,5,1,512,0,646,16,1,6,1,1,-94,1,1070,13551,194,0,0 '
Received from ('fd00::200:0:0:f', 8765, 0, 0): b' 2930,15,11,1024,0,661,7,15,7,1,2,-52,0,574,7865,159,0,0 '
Received from ('fd00::200:0:0:10', 8765, 0, 0): b' 2930,16,11,1024,0,636,10,12,7,1,2,-70,4,2626,25641,189,0,0 '
Received from ('fd00::200:0:0:a', 8765, 0, 0): b' 2931,10,11,1024,0,731,8,6,7,1,1,-52,0,802,10259,186,0,0 '
Received from ('fd00::200:0:0:4', 8765, 0, 0): b' 2933,4,1,512,0,641,15,3,7,1,1,-66,1,1014,11100,195,0,0 '
Received from ('fd00::200:0:0:14', 8765, 0, 0): b' 2930,20,16,1280,0,669,8,8,7,1,2,-52,0,625,7263,162,0,0 '
Received from ('fd00::200:0:0:13', 8765, 0, 0): b' 2931,19,16,1280,0,686,6,3,7,1,1,-70,0,853,8896,182,0,0 '
Received from ('fd00::200:0:0:b', 8765, 0, 0): b' 2934,11,3,768,40,618,10,11,7,1,1,-95,10,2643,17453,477,1,4 '
Received from ('fd00::200:0:0:15', 8765, 0, 0): b' 2932,21,16,1280,0,643,6,3,5,1,1,-70,0,158,4683,187,0,0 '
Received from ('fd00::200:0:0:9', 8765, 0, 0): b' 2934,9,5,768,0,676,11,4,7,1,2,-52,0,613,7664,181,0,0 '
Received from ('fd00::200:0:0:3', 8765, 0, 0): b' 2934,3,1,512,0,629,15,11,7,2,1,-64,10,6588,36617,195,0,0 '
Received from ('fd00::200:0:0:12', 8765, 0, 0): b' 2933,18,14,1280,0,699,8,4,5,1,1,-52,0,671,8663,180,0,0 '
Received from ('fd00::200:0:0:6', 8765, 0, 0): b' 2935,6,3,768,0,696,11,3,7,1,2,-70,0,661,11116,184,0,0 '
Received from ('fd00::200:0:0:e', 8765, 0, 0): b' 2933,14,11,1024,0,679,11,3,7,1,2,-70,1,1333,15134,183,0,0 '
Received from ('fd00::200:0:0:1', 5678, 0, 0): b' 2935,1,0,256,0,25,0,0,4,0,0,0,10,1676,16357,3974,0,0 '
Received from ('fd00::200:0:0:8', 8765, 0, 0): b' 2936,8,3,768,0,682,11,8,7,1,2,-70,2,1215,16191,193,0,0 '
Received from ('fd00::200:0:0:11', 8765, 0, 0): b' 2933,17,16,1280,0,710,6,4,7,1,1,-52,0,721,9930,187,0,0 '
Received from ('fd00::200:0:0:d', 8765, 0, 0): b' 2936,13,8,1024,0,710,10,4,7,1,2,-70,0,519,12063,190,0,0 '
Received from ('fd00::200:0:0:2', 8765, 0, 0): b' 2937,2,1,512,0,708,15,1,6,1,1,-88,0,479,10512,196,0,0 '
Received from ('fd00::200:0:0:7', 8765, 0, 0): b' 2937,7,4,768,10,618,10,8,7,1,3,-70,0,517,7242,178,0,0 '
Received from ('fd00::200:0:0:14', 8765, 0, 0): b' 2936,20,16,1280,0,669,8,8,7,1,2,-52,0,335,5536,163,0,0 '
Received from ('fd00::200:0:0:f', 8765, 0, 0): b' 2937,15,11,1024,0,662,7,15,7,1,2,-52,0,484,6487,159,0,0 '
Received from ('fd00::200:0:0:13', 8765, 0, 0): b' 2937,19,16,1280,0,687,6,3,7,1,1,-70,0,442,5625,183,0,0 '
Received from ('fd00::200:0:0:5', 8765, 0, 0): b' 2939,5,1,512,0,651,16,1,6,1,1,-94,1,1336,15248,195,0,0 '
Received from ('fd00::200:0:0:10', 8765, 0, 0): b' 2937,16,11,1024,20,637,10,12,7,1,2,-70,4,2124,18932,189,0,0 '
Received from ('fd00::200:0:0:a', 8765, 0, 0): b' 2937,10,11,1024,0,732,8,6,7,1,1,-52,0,484,5829,186,0,0 '
Received from ('fd00::200:0:0:6', 8765, 0, 0): b' 2939,6,3,768,10,698,11,3,7,1,2,-70,0,524,4762,185,0,0 '
Received from ('fd00::200:0:0:4', 8765, 0, 0): b' 2940,4,1,512,0,643,15,3,7,1,1,-66,1,905,11489,195,0,0 '
Received from ('fd00::200:0:0:c', 8765, 0, 0): b' 2938,12,11,1024,0,705,12,11,7,1,3,-52,0,473,10534,190,0,0 '
Received from ('fd00::200:0:0:8', 8765, 0, 0): b' 2941,8,3,768,0,684,11,8,7,1,2,-70,2,783,9022,193,0,0 '
Received from ('fd00::200:0:0:1', 5678, 0, 0): b' 2941,1,0,256,0,25,0,0,4,0,0,0,10,1640,16782,3984,0,0 '
Received from ('fd00::200:0:0:3', 8765, 0, 0): b' 2941,3,1,512,10,630,15,11,7,2,1,-64,10,4030,21937,196,0,0 '
Received from ('fd00::200:0:0:b', 8765, 0, 0): b' 2941,11,3,768,40,621,11,11,7,1,1,-95,10,3264,23165,479,1,4 '
Received from ('fd00::200:0:0:7', 8765, 0, 0): b' 2943,7,4,768,0,619,10,8,7,1,3,-70,0,548,5986,179,0,0 '
Received from ('fd00::200:0:0:10', 8765, 0, 0): b' 2941,16,11,1024,0,640,10,12,7,1,2,-70,4,911,10561,189,0,0 '
Received from ('fd00::200:0:0:e', 8765, 0, 0): b' 2942,14,11,1024,0,680,11,3,7,1,2,-70,1,735,10328,183,0,0 '
Received from ('fd00::200:0:0:15', 8765, 0, 0): b' 2942,21,16,1280,10,647,6,3,5,1,1,-70,0,829,12340,188,0,0 '
Received from ('fd00::200:0:0:11', 8765, 0, 0): b' 2942,17,16,1280,0,712,6,4,7,1,1,-52,0,614,7818,187,0,0 '
Received from ('fd00::200:0:0:d', 8765, 0, 0): b' 2945,13,8,1024,0,713,10,4,7,1,2,-70,0,722,10646,190,0,0 '
Received from ('fd00::200:0:0:12', 8765, 0, 0): b' 2943,18,14,1280,10,702,8,4,5,1,1,-52,0,801,9853,181,0,0 '
Received from ('fd00::200:0:0:9', 8765, 0, 0): b' 2945,9,5,768,0,677,11,4,7,1,2,-52,0,609,10249,182,0,0 '
Received from ('fd00::200:0:0:1', 5678, 0, 0): b' 2946,1,0,256,0,25,0,0,4,0,0,0,10,1148,11973,3990,0,0 '
Received from ('fd00::200:0:0:a', 8765, 0, 0): b' 2943,10,11,1024,0,736,8,6,7,1,1,-52,0,731,6850,186,0,0 '
Received from ('fd00::200:0:0:3', 8765, 0, 0): b' 2945,3,1,512,0,631,15,11,7,2,1,-64,10,2707,13826,196,0,0 '
Received from ('fd00::200:0:0:8', 8765, 0, 0): b' 2947,8,3,768,0,684,11,8,7,1,2,-70,2,772,8968,194,0,0 '
Received from ('fd00::200:0:0:2', 8765, 0, 0): b' 2947,2,1,512,0,710,15,1,6,1,1,-88,0,712,12479,197,0,0 '
Received from ('fd00::200:0:0:14', 8765, 0, 0): b' 2945,20,16,1280,0,670,8,8,7,1,2,-52,0,531,8609,163,0,0 '
Received from ('fd00::200:0:0:5', 8765, 0, 0): b' 2948,5,1,512,0,654,16,1,6,1,1,-94,1,1107,14684,196,0,0 '
Received from ('fd00::200:0:0:4', 8765, 0, 0): b' 2948,4,1,512,0,645,15,3,7,1,1,-66,1,990,12585,196,0,0 '
Received from ('fd00::200:0:0:10', 8765, 0, 0): b' 2948,16,11,1024,0,641,10,12,7,1,2,-70,4,1785,17402,190,0,0 '
Received from ('fd00::200:0:0:a', 8765, 0, 0): b' 2949,10,11,1024,0,737,8,6,7,1,1,-52,0,418,4971,187,0,0 '
Received from ('fd00::200:0:0:6', 8765, 0, 0): b' 2949,6,3,768,0,703,11,3,7,1,2,-70,0,958,9810,185,0,0 '
Received from ('fd00::200:0:0:1', 5678, 0, 0): b' 2950,1,0,256,0,25,0,0,4,0,0,0,10,1030,11314,3997,0,0 '
Received from ('fd00::200:0:0:f', 8765, 0, 0): b' 2948,15,11,1024,10,670,7,15,7,1,2,-52,0,1254,11892,160,0,0 '
Received from ('fd00::200:0:0:11', 8765, 0, 0): b' 2949,17,16,1280,0,714,6,4,7,1,1,-52,0,549,6138,188,0,0 '
Received from ('fd00::200:0:0:9', 8765, 0, 0): b' 2950,9,5,768,0,677,11,4,7,1,2,-52,0,254,4714,182,0,0 '
Received from ('fd00::200:0:0:b', 8765, 0, 0): b' 2951,11,3,768,40,625,11,11,7,1,1,-95,10,4802,32794,481,1,4 '
Received from ('fd00::200:0:0:13', 8765, 0, 0): b' 2949,19,16,1280,0,689,6,3,7,1,1,-70,0,662,10834,183,0,0 '
Received from ('fd00::200:0:0:c', 8765, 0, 0): b' 2949,12,11,1024,0,707,12,11,7,1,3,-52,0,750,13827,191,0,0 '
Received from ('fd00::200:0:0:15', 8765, 0, 0): b' 2950,21,16,1280,0,650,6,3,5,1,1,-70,0,710,9172,188,0,0 '
Received from ('fd00::200:0:0:7', 8765, 0, 0): b' 2953,7,4,768,0,621,10,8,7,1,3,-70,0,636,9992,179,0,0 '
Received from ('fd00::200:0:0:2', 8765, 0, 0): b' 2954,2,1,512,0,710,15,1,6,1,1,-88,0,278,7057,197,0,0 '
Received from ('fd00::200:0:0:d', 8765, 0, 0): b' 2954,13,8,1024,0,714,10,4,7,1,2,-70,0,616,10584,191,0,0 '
Received from ('fd00::200:0:0:12', 8765, 0, 0): b' 2952,18,14,1280,0,705,8,4,5,1,1,-52,0,746,8894,181,0,0 '
Received from ('fd00::200:0:0:14', 8765, 0, 0): b' 2953,20,16,1280,0,671,8,8,7,1,2,-52,0,442,6550,164,0,0 '
Received from ('fd00::200:0:0:e', 8765, 0, 0): b' 2953,14,11,1024,0,682,11,3,7,1,2,-70,1,1363,15158,184,0,0 '
Received from ('fd00::200:0:0:5', 8765, 0, 0): b' 2955,5,1,512,0,654,16,1,6,1,1,-94,1,594,8972,196,0,0 '
Received from ('fd00::200:0:0:9', 8765, 0, 0): b' 2955,9,5,768,0,677,11,4,7,1,2,-52,0,236,4602,183,0,0 '
Received from ('fd00::200:0:0:1', 5678, 0, 0): b' 2956,1,0,256,0,25,0,0,4,0,0,0,10,1418,14897,4005,0,0 '
Received from ('fd00::200:0:0:a', 8765, 0, 0): b' 2954,10,11,1024,0,738,8,6,7,1,1,-52,0,386,5173,187,0,0 '
Received from ('fd00::200:0:0:3', 8765, 0, 0): b' 2957,3,1,512,0,633,15,11,7,2,1,-64,10,4887,29469,197,0,0 '
Received from ('fd00::200:0:0:11', 8765, 0, 0): b' 2955,17,16,1280,0,716,6,4,7,1,1,-52,0,493,6129,188,0,0 '
Received from ('fd00::200:0:0:8', 8765, 0, 0): b' 2956,8,3,768,10,685,11,8,7,1,2,-70,2,822,13755,194,0,0 '
Received from ('fd00::200:0:0:c', 8765, 0, 0): b' 2956,12,11,1024,0,709,12,11,7,1,3,-52,0,553,7878,192,0,0 '
Received from ('fd00::200:0:0:15', 8765, 0, 0): b' 2956,21,16,1280,0,653,6,3,5,1,1,-70,0,753,7732,189,0,0 '
Received from ('fd00::200:0:0:4', 8765, 0, 0): b' 2957,4,1,512,10,650,15,3,7,1,1,-66,1,1250,14611,196,0,0 '
Received from ('fd00::200:0:0:10', 8765, 0, 0): b' 2957,16,11,1024,0,646,10,12,7,1,2,-70,4,2828,23600,190,0,0 '
Received from ('fd00::200:0:0:6', 8765, 0, 0): b' 2958,6,3,768,0,704,11,3,7,1,2,-70,0,585,8279,186,0,0 '
Received from ('fd00::200:0:0:b', 8765, 0, 0): b' 2959,11,3,768,30,626,11,11,7,1,1,-95,10,4043,27456,483,1,4 '
Received from ('fd00::200:0:0:f', 8765, 0, 0): b' 2957,15,11,1024,0,673,7,15,7,1,2,-52,0,792,8819,161,0,0 '
Received from ('fd00::200:0:0:7', 8765, 0, 0): b' 2960,7,4,768,0,622,10,8,7,1,3,-70,0,440,6814,180,0,0 '
Received from ('fd00::200:0:0:14', 8765, 0, 0): b' 2958,20,16,1280,0,673,8,8,7,1,2,-52,0,493,5397,164,0,0 '
Received from ('fd00::200:0:0:12', 8765, 0, 0): b' 2958,18,14,1280,0,705,8,4,5,1,1,-52,0,335,5619,182,0,0 '
Received from ('fd00::200:0:0:8', 8765, 0, 0): b' 2961,8,3,768,0,686,12,8,7,1,2,-70,2,863,8340,195,0,0 '
Received from ('fd00::200:0:0:13', 8765, 0, 0): b' 2960,19,16,1280,0,692,6,3,7,1,1,-70,0,802,10158,184,0,0 '
Received from ('fd00::200:0:0:3', 8765, 0, 0): b' 2962,3,1,512,10,634,15,11,7,2,1,-64,10,3503,17643,197,0,0 '
Received from ('fd00::200:0:0:2', 8765, 0, 0): b' 2961,2,1,512,0,711,15,1,6,1,1,-88,0,580,9638,198,0,0 '
Received from ('fd00::200:0:0:5', 8765, 0, 0): b' 2962,5,1,512,0,657,16,1,6,1,1,-94,1,856,10616,196,0,0 '
Received from ('fd00::200:0:0:d', 8765, 0, 0): b' 2961,13,8,1024,0,714,10,4,7,1,2,-70,0,364,8962,192,0,0 '
Received from ('fd00::200:0:0:c', 8765, 0, 0): b' 2960,12,11,1024,0,710,12,11,7,1,3,-52,0,296,5043,192,0,0 '
Received from ('fd00::200:0:0:15', 8765, 0, 0): b' 2960,21,16,1280,0,653,6,3,5,1,1,-70,0,210,5040,189,0,0 '
Received from ('fd00::200:0:0:e', 8765, 0, 0): b' 2961,14,11,1024,0,687,11,3,7,1,2,-70,1,1223,11175,184,0,0 '
Received from ('fd00::200:0:0:a', 8765, 0, 0): b' 2962,10,11,1024,0,740,8,6,7,1,1,-52,0,573,7693,188,0,0 '
Received from ('fd00::200:0:0:9', 8765, 0, 0): b' 2965,9,5,768,0,678,11,4,7,1,2,-52,0,505,8126,183,0,0 '
Received from ('fd00::200:0:0:10', 8765, 0, 0): b' 2963,16,11,1024,0,646,10,12,7,1,2,-70,4,1384,14708,191,0,0 '
Received from ('fd00::200:0:0:1', 5678, 0, 0): b' 2965,1,0,256,0,25,0,0,4,0,0,0,10,2705,25949,4019,0,0 '
Received from ('fd00::200:0:0:14', 8765, 0, 0): b' 2963,20,16,1280,0,674,8,8,7,1,2,-52,0,362,4621,164,0,0 '
Received from ('fd00::200:0:0:4', 8765, 0, 0): b' 2965,4,1,512,0,654,15,3,7,1,1,-66,1,1256,12878,197,0,0 '
Received from ('fd00::200:0:0:12', 8765, 0, 0): b' 2965,18,14,1280,0,707,8,4,5,1,1,-52,0,517,6865,182,0,0 '
Received from ('fd00::200:0:0:2', 8765, 0, 0): b' 2966,2,1,512,0,713,15,1,6,1,1,-88,0,467,5421,198,0,0 '
Received from ('fd00::200:0:0:b', 8765, 0, 0): b' 2966,11,3,768,20,627,11,11,7,1,1,-95,10,3445,24845,485,1,4 '
Received from ('fd00::200:0:0:f', 8765, 0, 0): b' 2966,15,11,1024,10,676,7,15,7,1,2,-52,0,722,8357,161,0,0 '
Received from ('fd00::200:0:0:11', 8765, 0, 0): b' 2967,17,16,1280,0,717,6,4,7,1,1,-52,0,611,10875,189,0,0 '
Received from ('fd00::200:0:0:3', 8765, 0, 0): b' 2969,3,1,512,10,636,15,11,7,2,1,-64,10,3632,20991,197,0,0 '
Received from ('fd00::200:0:0:a', 8765, 0, 0): b' 2968,10,11,1024,0,743,8,6,7,1,1,-52,0,493,5816,188,0,0 '
Received from ('fd00::200:0:0:15', 8765, 0, 0): b' 2968,21,16,1280,10,656,6,3,5,1,1,-70,0,753,9705,190,0,0 '
Received from ('fd00::200:0:0:7', 8765, 0, 0): b' 2969,7,4,768,0,626,10,8,7,1,3,-70,0,850,9063,180,0,0 '
Received from ('fd00::200:0:0:e', 8765, 0, 0): b' 2968,14,11,1024,0,687,11,3,7,1,2,-70,1,720,8876,185,0,0 '
Received from ('fd00::200:0:0:1', 5678, 0, 0): b' 2970,1,0,256,0,25,0,0,4,0,0,0,10,1306,14102,4026,0,0 '
Received from ('fd00::200:0:0:6', 8765, 0, 0): b' 2970,6,3,768,0,707,11,3,7,1,2,-70,0,823,11416,187,0,0 '
Received from ('fd00::200:0:0:10', 8765, 0, 0): b' 2970,16,11,1024,0,647,10,12,7,1,2,-70,4,1998,19711,191,0,0 '
Received from ('fd00::200:0:0:c', 8765, 0, 0): b' 2970,12,11,1024,0,711,12,11,7,1,3,-52,0,590,12272,193,0,0 '
Received from ('fd00::200:0:0:d', 8765, 0, 0): b' 2971,13,8,1024,0,717,10,4,7,1,2,-70,0,745,11716,192,0,0 '
Received from ('fd00::200:0:0:13', 8765, 0, 0): b' 2971,19,16,1280,0,697,6,3,7,1,1,-70,0,1040,11284,185,0,0 '
Received from ('fd00::200:0:0:8', 8765, 0, 0): b' 2972,8,3,768,0,687,12,8,7,1,2,-70,2,1050,16248,195,0,0 '
Received from ('fd00::200:0:0:2', 8765, 0, 0): b' 2972,2,1,512,0,715,15,1,6,1,1,-88,0,608,7632,199,0,0 '
Received from ('fd00::200:0:0:4', 8765, 0, 0): b' 2973,4,1,512,0,656,15,3,7,1,1,-66,1,916,12045,197,0,0 '
Received from ('fd00::200:0:0:5', 8765, 0, 0): b' 2974,5,1,512,0,659,16,1,6,1,1,-94,1,1289,17735,197,0,0 '
Received from ('fd00::200:0:0:f', 8765, 0, 0): b' 2972,15,11,1024,0,677,7,15,7,1,2,-52,0,469,6566,162,0,0 '
Received from ('fd00::200:0:0:9', 8765, 0, 0): b' 2973,9,5,768,10,679,11,4,7,1,2,-52,0,561,8301,184,0,0 '
Received from ('fd00::200:0:0:14', 8765, 0, 0): b' 2973,20,16,1280,0,676,8,8,7,1,2,-52,0,694,9422,165,0,0 '
Received from ('fd00::200:0:0:3', 8765, 0, 0): b' 2975,3,1,512,0,637,15,11,7,2,1,-64,10,3392,19816,198,0,0 '
Received from ('fd00::200:0:0:15', 8765, 0, 0): b' 2975,21,16,1280,0,656,6,3,5,1,1,-70,0,332,7823,190,0,0 '
Received from ('fd00::200:0:0:e', 8765, 0, 0): b' 2975,14,11,1024,0,688,11,3,7,1,2,-70,1,620,8067,185,0,0 '
Received from ('fd00::200:0:0:12', 8765, 0, 0): b' 2975,18,14,1280,0,709,8,4,5,1,1,-52,0,694,9821,183,0,0 '
Received from ('fd00::200:0:0:2', 8765, 0, 0): b' 2977,2,1,512,0,716,15,1,6,1,1,-88,0,412,6236,199,0,0 '
Received from ('fd00::200:0:0:b', 8765, 0, 0): b' 2977,11,3,768,10,629,11,11,7,1,1,-95,10,4750,35165,487,1,4 '
Received from ('fd00::200:0:0:c', 8765, 0, 0): b' 2976,12,11,1024,0,713,12,11,7,1,3,-52,0,525,7095,193,0,0 '
Received from ('fd00::200:0:0:4', 8765, 0, 0): b' 2977,4,1,512,0,656,15,3,7,1,1,-66,1,338,6940,197,0,0 '
Received from ('fd00::200:0:0:11', 8765, 0, 0): b' 2978,17,16,1280,0,718,6,4,7,1,1,-52,0,588,9774,190,0,0 '
Received from ('fd00::200:0:0:a', 8765, 0, 0): b' 2977,10,11,1024,0,745,8,6,7,1,1,-52,0,740,9094,189,0,0 '
Received from ('fd00::200:0:0:6', 8765, 0, 0): b' 2979,6,3,768,0,709,11,3,7,1,2,-70,0,582,8617,187,0,0 '
Received from ('fd00::200:0:0:f', 8765, 0, 0): b' 2977,15,11,1024,0,678,7,15,7,1,2,-52,0,363,4694,162,0,0 '
Received from ('fd00::200:0:0:10', 8765, 0, 0): b' 2978,16,11,1024,0,648,10,12,7,1,2,-70,4,1721,19439,192,0,0 '
Received from ('fd00::200:0:0:14', 8765, 0, 0): b' 2978,20,16,1280,0,678,8,8,7,1,2,-52,0,386,5087,165,0,0 '
Received from ('fd00::200:0:0:7', 8765, 0, 0): b' 2980,7,4,768,0,628,10,8,7,1,3,-70,0,692,10716,181,0,0 '
Received from ('fd00::200:0:0:8', 8765, 0, 0): b' 2980,8,3,768,10,689,12,8,7,1,2,-70,2,892,13773,196,0,0 '
Received from ('fd00::200:0:0:13', 8765, 0, 0): b' 2980,19,16,1280,0,701,6,3,7,1,1,-70,0,831,8872,185,0,0 '
Received from ('fd00::200:0:0:15', 8765, 0, 0): b' 2980,21,16,1280,0,656,6,3,5,1,1,-70,0,279,6595,190,0,0 '
Received from ('fd00::200:0:0:d', 8765, 0, 0): b' 2981,13,8,1024,0,719,10,4,7,1,2,-70,0,723,12884,193,0,0 '
Received from ('fd00::200:0:0:c', 8765, 0, 0): b' 2981,12,11,1024,0,715,12,11,7,1,3,-52,0,496,7159,193,0,0 '
Received from ('fd00::200:0:0:1', 5678, 0, 0): b' 2982,1,0,256,0,25,0,0,4,0,0,0,10,3159,32663,4044,0,0 '
Received from ('fd00::200:0:0:10', 8765, 0, 0): b' 2982,16,11,1024,10,649,10,12,7,1,2,-70,4,1389,11919,192,0,0 '
Received from ('fd00::200:0:0:5', 8765, 0, 0): b' 2983,5,1,512,0,660,16,1,6,1,1,-94,1,993,15145,198,0,0 '
Received from ('fd00::200:0:0:9', 8765, 0, 0): b' 2983,9,5,768,10,683,11,4,7,1,2,-52,0,810,10066,185,0,0 '
Received from ('fd00::200:0:0:14', 8765, 0, 0): b' 2982,20,16,1280,10,679,8,8,7,1,2,-52,0,214,4418,166,0,0 '
Received from ('fd00::200:0:0:3', 8765, 0, 0): b' 2985,3,1,512,0,639,15,11,7,2,1,-64,10,5363,29252,198,0,0 '
Received from ('fd00::200:0:0:4', 8765, 0, 0): b' 2985,4,1,512,10,658,15,3,7,1,1,-66,1,1020,11441,198,0,0 '
Received from ('fd00::200:0:0:11', 8765, 0, 0): b' 2984,17,16,1280,0,723,6,4,7,1,1,-52,0,731,7296,190,0,0 '
Received from ('fd00::200:0:0:e', 8765, 0, 0): b' 2984,14,11,1024,0,690,11,3,7,1,2,-70,1,1017,11950,186,0,0 '
Received from ('fd00::200:0:0:f', 8765, 0, 0): b' 2985,15,11,1024,0,678,7,15,7,1,2,-52,0,304,7326,162,0,0 '
Received from ('fd00::200:0:0:6', 8765, 0, 0): b' 2986,6,3,768,0,711,11,3,7,1,2,-70,0,668,7167,188,0,0 '
Received from ('fd00::200:0:0:b', 8765, 0, 0): b' 2986,11,3,768,0,629,11,11,7,1,1,-95,10,4205,29389,489,1,4 '
Received from ('fd00::200:0:0:8', 8765, 0, 0): b' 2987,8,3,768,0,690,12,8,7,1,2,-70,2,782,9917,196,0,0 '
Received from ('fd00::200:0:0:d', 8765, 0, 0): b' 2987,13,8,1024,0,721,10,4,7,1,2,-70,0,494,6889,193,0,0 '
Received from ('fd00::200:0:0:7', 8765, 0, 0): b' 2988,7,4,768,0,630,10,8,7,1,3,-70,0,572,7618,182,0,0 '
Received from ('fd00::200:0:0:1', 5678, 0, 0): b' 2988,1,0,256,0,25,0,0,4,0,0,0,10,1615,16376,4054,0,0 '
Received from ('fd00::200:0:0:2', 8765, 0, 0): b' 2988,2,1,512,0,718,15,1,6,1,1,-88,0,711,13121,200,0,0 '
Received from ('fd00::200:0:0:a', 8765, 0, 0): b' 2987,10,11,1024,0,749,8,6,7,1,1,-52,0,852,9839,189,0,0 '
Received from ('fd00::200:0:0:10', 8765, 0, 0): b' 2988,16,11,1024,10,650,10,12,7,1,2,-70,4,1373,14310,192,0,0 '
Received from ('fd00::200:0:0:12', 8765, 0, 0): b' 2987,18,14,1280,0,713,8,4,5,1,1,-52,0,932,11573,184,0,0 '
Received from ('fd00::200:0:0:5', 8765, 0, 0): b' 2990,5,1,512,0,661,16,1,6,1,1,-94,1,770,9444,198,0,0 '
Received from ('fd00::200:0:0:15', 8765, 0, 0): b' 2987,21,16,1280,0,657,6,3,5,1,1,-70,0,567,8980,191,0,0 '
Received from ('fd00::200:0:0:13', 8765, 0, 0): b' 2988,19,16,1280,10,703,6,3,7,1,1,-70,0,573,8747,186,0,0 '
Received from ('fd00::200:0:0:14', 8765, 0, 0): b' 2989,20,16,1280,0,681,8,8,7,1,2,-52,0,698,6421,166,0,0 '
Received from ('fd00::200:0:0:9', 8765, 0, 0): b' 2992,9,5,768,0,686,11,4,7,1,2,-52,0,745,8778,185,0,0 '
Received from ('fd00::200:0:0:b', 8765, 0, 0): b' 2992,11,3,768,0,631,11,11,7,1,1,-95,10,2697,20074,491,1,4 '
Received from ('fd00::200:0:0:4', 8765, 0, 0): b' 2992,4,1,512,0,658,15,3,7,1,1,-66,1,647,11631,198,0,0 '
Received from ('fd00::200:0:0:8', 8765, 0, 0): b' 2993,8,3,768,0,693,12,8,7,1,2,-70,2,1217,10302,197,0,0 '
Received from ('fd00::200:0:0:11', 8765, 0, 0): b' 2991,17,16,1280,10,726,6,4,7,1,1,-52,0,646,7156,191,0,0 '
Received from ('fd00::200:0:0:c', 8765, 0, 0): b' 2993,12,11,1024,0,718,12,11,7,1,3,-52,0,856,14347,194,0,0 '
Received from ('fd00::200:0:0:2', 8765, 0, 0): b' 2995,2,1,512,0,723,15,1,6,1,1,-88,0,837,8860,200,0,0 '
Received from ('fd00::200:0:0:3', 8765, 0, 0): b' 2995,3,1,512,10,644,15,11,7,2,1,-64,10,5814,33025,199,0,0 '
Received from ('fd00::200:0:0:e', 8765, 0, 0): b' 2994,14,11,1024,0,692,11,3,7,1,2,-70,1,1192,12913,187,0,0 '
Received from ('fd00::200:0:0:1', 5678, 0, 0): b' 2996,1,0,256,0,25,0,0,4,0,0,0,10,2256,22650,4067,0,0 '
Received from ('fd00::200:0:0:7', 8765, 0, 0): b' 2997,7,4,768,0,630,10,8,7,1,3,-70,0,422,8379,182,0,0 '
Received from ('fd00::200:0:0:4', 8765, 0, 0): b' 2998,4,1,512,0,659,15,3,7,1,1,-66,1,690,8884,199,0,0 '
Received from ('fd00::200:0:0:a', 8765, 0, 0): b' 2997,10,11,1024,0,752,8,6,7,1,1,-52,0,801,10111,190,0,0 '
Received from ('fd00::200:0:0:6', 8765, 0, 0): b' 2998,6,3,768,0,713,11,3,7,1,2,-70,0,716,11568,189,0,0 '
Received from ('fd00::200:0:0:f', 8765, 0, 0): b' 2997,15,11,1024,0,682,7,15,7,1,2,-52,0,1072,12108,163,0,0 '
Received from ('fd00::200:0:0:15', 8765, 0, 0): b' 2996,21,16,1280,0,659,6,3,5,1,1,-70,0,597,11002,192,0,0 '
Received from ('fd00::200:0:0:d', 8765, 0, 0): b' 2999,13,8,1024,0,722,10,4,7,1,2,-70,0,639,14102,194,0,0 '
Received from ('fd00::200:0:0:10', 8765, 0, 0): b' 2998,16,11,1024,20,656,10,12,7,1,2,-70,4,3039,27374,193,0,0 '
Received from ('fd00::200:0:0:14', 8765, 0, 0): b' 2997,20,16,1280,0,683,8,8,7,1,2,-52,0,573,7918,167,0,0 '
Received from ('fd00::200:0:0:9', 8765, 0, 0): b' 3000,9,5,768,0,687,11,4,7,1,2,-52,0,464,7204,186,0,0 '
Received from ('fd00::200:0:0:11', 8765, 0, 0): b' 2998,17,16,1280,0,726,6,4,7,1,1,-52,0,412,6449,191,0,0 '
Received from ('fd00::200:0:0:8', 8765, 0, 0): b' 3000,8,3,768,0,694,12,8,7,1,2,-70,2,699,11713,197,0,0 '
Received from ('fd00::200:0:0:12', 8765, 0, 0): b' 2999,18,14,1280,0,717,8,4,5,1,1,-52,0,853,10649,184,0,0 '
Received from ('fd00::200:0:0:b', 8765, 0, 0): b' 3000,11,3,768,30,634,11,11,7,1,1,-95,10,4217,28710,494,1,4 '
Received from ('fd00::200:0:0:5', 8765, 0, 0): b' 3001,5,1,512,0,663,16,1,6,1,1,-94,1,1309,18200,199,0,0 '
Received from ('fd00::200:0:0:13', 8765, 0, 0): b' 2998,19,16,1280,0,706,6,3,7,1,1,-70,0,826,10428,187,0,0 '
Received from ('fd00::200:0:0:15', 8765, 0, 0): b' 3002,21,16,1280,0,660,6,3,5,1,1,-70,0,391,5947,192,0,0 '
Received from ('fd00::200:0:0:3', 8765, 0, 0): b' 3003,3,1,512,0,646,15,11,7,2,1,-64,10,4439,24695,200,0,0 '
Received from ('fd00::200:0:0:2', 8765, 0, 0): b' 3004,2,1,512,0,726,15,1,6,1,1,-88,0,794,11120,201,0,0 '
Received from ('fd00::200:0:0:e', 8765, 0, 0): b' 3002,14,11,1024,10,695,11,3,7,1,2,-70,1,1107,11375,187,0,0 '
Received from ('fd00::200:0:0:10', 8765, 0, 0): b' 3003,16,11,1024,0,656,10,12,7,1,2,-70,4,1340,13226,193,0,0 '
Received from ('fd00::200:0:0:14', 8765, 0, 0): b' 3003,20,16,1280,0,683,8,8,7,1,2,-52,0,279,5580,167,0,0 '
Received from ('fd00::200:0:0:1', 5678, 0, 0): b' 3005,1,0,256,0,25,0,0,4,0,0,0,10,2238,23485,4081,0,0 '
Received from ('fd00::200:0:0:13', 8765, 0, 0): b' 3006,19,16,1280,0,707,6,3,7,1,1,-70,0,387,6061,187,0,0 '
Received from ('fd00::200:0:0:c', 8765, 0, 0): b' 3005,12,11,1024,10,723,12,12,7,1,3,-52,0,1172,14543,195,0,0 '
Received from ('fd00::200:0:0:b', 8765, 0, 0): b' 3007,11,3,768,30,635,11,11,7,1,1,-95,10,2723,20299,495,1,4 '
Received from ('fd00::200:0:0:6', 8765, 0, 0): b' 3006,6,3,768,0,716,11,3,7,1,2,-70,0,623,8096,189,0,0 '
Received from ('fd00::200:0:0:8', 8765, 0, 0): b' 3006,8,3,768,0,697,12,8,7,1,2,-70,2,1002,10418,197,0,0 '
Received from ('fd00::200:0:0:4', 8765, 0, 0): b' 3007,4,1,512,0,660,15,3,7,1,1,-66,1,868,14002,199,0,0 '
Received from ('fd00::200:0:0:9', 8765, 0, 0): b' 3007,9,5,768,0,687,11,4,7,1,2,-52,0,374,6489,186,0,0 '
Received from ('fd00::200:0:0:3', 8765, 0, 0): b' 3008,3,1,512,10,647,15,11,7,2,1,-64,10,2620,14281,200,0,0 '
Received from ('fd00::200:0:0:a', 8765, 0, 0): b' 3006,10,11,1024,0,754,8,6,7,1,1,-52,0,598,8675,191,0,0 '
Received from ('fd00::200:0:0:11', 8765, 0, 0): b' 3006,17,16,1280,0,728,6,4,7,1,1,-52,0,573,8124,192,0,0 '
Received from ('fd00::200:0:0:7', 8765, 0, 0): b' 3007,7,4,768,10,634,10,8,7,1,3,-70,0,799,10002,183,0,0 '
Received from ('fd00::200:0:0:f', 8765, 0, 0): b' 3008,15,11,1024,0,686,7,15,7,1,2,-52,0,1104,11428,164,0,0 '
Received from ('fd00::200:0:0:5', 8765, 0, 0): b' 3010,5,1,512,0,664,16,1,6,1,1,-94,1,924,12906,200,0,0 '
Received from ('fd00::200:0:0:d', 8765, 0, 0): b' 3010,13,8,1024,10,729,10,4,7,1,2,-70,0,1259,13861,195,0,0 '
Received from ('fd00::200:0:0:12', 8765, 0, 0): b' 3008,18,14,1280,10,720,8,4,5,1,1,-52,0,719,10054,185,0,0 '
Received from ('fd00::200:0:0:8', 8765, 0, 0): b' 3012,8,3,768,0,699,12,8,7,1,2,-70,2,845,8766,198,0,0 '
Received from ('fd00::200:0:0:15', 8765, 0, 0): b' 3011,21,16,1280,10,662,6,3,5,1,1,-70,0,531,10373,192,0,0 '
Received from ('fd00::200:0:0:3', 8765, 0, 0): b' 3012,3,1,512,10,647,15,11,7,2,1,-64,10,2007,12905,200,0,0 '
Received from ('fd00::200:0:0:6', 8765, 0, 0): b' 3012,6,3,768,0,716,11,3,7,1,2,-70,0,333,5154,190,0,0 '
Received from ('fd00::200:0:0:2', 8765, 0, 0): b' 3012,2,1,512,0,728,15,1,6,1,1,-88,0,540,10483,201,0,0 '
Received from ('fd00::200:0:0:1', 5678, 0, 0): b' 3013,1,0,256,0,25,0,0,4,0,0,0,10,2000,20814,4092,0,0 '
Received from ('fd00::200:0:0:b', 8765, 0, 0): b' 3013,11,3,768,20,637,11,11,7,1,1,-95,10,2574,20068,497,1,4 '
Received from ('fd00::200:0:0:7', 8765, 0, 0): b' 3013,7,4,768,0,636,10,8,7,1,3,-70,0,600,6298,183,0,0 '
Received from ('fd00::200:0:0:e', 8765, 0, 0): b' 3012,14,11,1024,0,697,11,3,7,1,2,-70,1,1000,12812,188,0,0 '
Received from ('fd00::200:0:0:14', 8765, 0, 0): b' 3012,20,16,1280,0,683,8,8,7,1,2,-52,0,480,8439,168,0,0 '
Received from ('fd00::200:0:0:d', 8765, 0, 0): b' 3014,13,8,1024,0,731,10,4,7,1,2,-70,0,497,5830,195,0,0 '
Received from ('fd00::200:0:0:4', 8765, 0, 0): b' 3014,4,1,512,0,662,15,3,7,1,1,-66,1,1002,11537,200,0,0 '
Received from ('fd00::200:0:0:f', 8765, 0, 0): b' 3013,15,11,1024,0,687,7,15,7,1,2,-52,0,269,4250,164,0,0 '
Received from ('fd00::200:0:0:13', 8765, 0, 0): b' 3014,19,16,1280,0,709,6,3,7,1,1,-70,0,670,7755,188,0,0 '
Received from ('fd00::200:0:0:c', 8765, 0, 0): b' 3013,12,11,1024,0,728,12,12,7,1,3,-52,0,868,11184,195,0,0 '
Received from ('fd00::200:0:0:5', 8765, 0, 0): b' 3015,5,1,512,0,665,16,1,6,1,1,-94,1,610,9514,200,0,0 '
Received from ('fd00::200:0:0:10', 8765, 0, 0): b' 3014,16,11,1024,0,659,10,12,7,1,2,-70,4,3039,29310,194,0,0 '
Received from ('fd00::200:0:0:9', 8765, 0, 0): b' 3016,9,5,768,0,692,11,4,7,1,2,-52,0,916,9797,187,0,0 '
Received from ('fd00::200:0:0:1', 5678, 0, 0): b' 3017,1,0,256,0,25,0,0,4,0,0,0,10,1308,12634,4098,0,0 '
Received from ('fd00::200:0:0:12', 8765, 0, 0): b' 3014,18,14,1280,0,720,8,4,5,1,1,-52,0,389,5446,185,0,0 '
Received from ('fd00::200:0:0:8', 8765, 0, 0): b' 3017,8,3,768,10,701,12,8,7,1,2,-70,2,673,8775,198,0,0 '
Received from ('fd00::200:0:0:b', 8765, 0, 0): b' 3017,11,3,768,30,639,11,11,7,1,1,-95,10,2418,15439,498,1,4 '
Received from ('fd00::200:0:0:7', 8765, 0, 0): b' 3019,7,4,768,0,637,10,8,7,1,3,-70,0,440,5690,184,0,0 '
Received from ('fd00::200:0:0:a', 8765, 0, 0): b' 3018,10,11,1024,0,757,8,6,7,1,1,-52,0,769,11043,191,0,0 '
Received from ('fd00::200:0:0:11', 8765, 0, 0): b' 3017,17,16,1280,0,731,6,4,7,1,1,-52,0,801,10226,193,0,0 '
Received from ('fd00::200:0:0:c', 8765, 0, 0): b' 3018,12,11,1024,0,730,12,12,7,1,3,-52,0,557,6039,196,0,0 '
Received from ('fd00::200:0:0:10', 8765, 0, 0): b' 3019,16,11,1024,0,662,10,12,7,1,2,-70,4,1160,11535,194,0,0 '
Received from ('fd00::200:0:0:5', 8765, 0, 0): b' 3021,5,1,512,0,668,16,1,6,1,1,-94,1,931,9172,201,0,0 '
Received from ('fd00::200:0:0:13', 8765, 0, 0): b' 3020,19,16,1280,0,710,6,3,7,1,1,-70,0,386,5483,188,0,0 '
Received from ('fd00::200:0:0:e', 8765, 0, 0): b' 3019,14,11,1024,0,698,11,3,7,1,2,-70,1,771,8442,188,0,0 '
Received from ('fd00::200:0:0:d', 8765, 0, 0): b' 3022,13,8,1024,0,733,10,4,7,1,2,-70,0,601,9565,196,0,0 '
Received from ('fd00::200:0:0:2', 8765, 0, 0): b' 3022,2,1,512,0,731,15,1,6,1,1,-88,0,795,11446,202,0,0 '
Received from ('fd00::200:0:0:6', 8765, 0, 0): b' 3022,6,3,768,0,719,11,3,7,1,2,-70,0,743,9957,190,0,0 '
Received from ('fd00::200:0:0:14', 8765, 0, 0): b' 3022,20,16,1280,10,686,8,8,7,1,2,-52,0,624,8887,168,0,0 '
Received from ('fd00::200:0:0:3', 8765, 0, 0): b' 3024,3,1,512,0,652,15,11,7,2,1,-64,10,6849,36032,201,0,0 '
Received from ('fd00::200:0:0:15', 8765, 0, 0): b' 3023,21,16,1280,0,663,6,3,5,1,1,-70,0,750,14020,193,0,0 '
Received from ('fd00::200:0:0:9', 8765, 0, 0): b' 3024,9,5,768,0,696,11,4,7,1,2,-52,0,826,8180,187,0,0 '
Received from ('fd00::200:0:0:f', 8765, 0, 0): b' 3024,15,11,1024,0,691,7,15,7,1,2,-52,0,1030,11220,165,0,0 '
Received from ('fd00::200:0:0:7', 8765, 0, 0): b' 3024,7,4,768,0,638,10,8,7,1,3,-70,0,384,5716,184,0,0 '
Received from ('fd00::200:0:0:13', 8765, 0, 0): b' 3025,19,16,1280,0,711,6,3,7,1,1,-70,0,452,5333,188,0,0 '
Received from ('fd00::200:0:0:c', 8765, 0, 0): b' 3024,12,11,1024,0,734,12,12,7,1,3,-52,0,710,8009,196,0,0 '
Received from ('fd00::200:0:0:12', 8765, 0, 0): b' 3023,18,14,1280,10,723,8,4,5,1,1,-52,0,670,8600,186,0,0 '
Received from ('fd00::200:0:0:4', 8765, 0, 0): b' 3026,4,1,512,0,664,15,3,7,1,1,-66,1,1367,18530,201,0,0 '
Received from ('fd00::200:0:0:10', 8765, 0, 0): b' 3026,16,11,1024,0,664,10,12,7,1,2,-70,4,1746,17917,195,0,0 '
Received from ('fd00::200:0:0:1', 5678, 0, 0): b' 3027,1,0,256,0,25,0,0,4,0,0,0,10,2428,26124,4111,0,0 '
Received from ('fd00::200:0:0:5', 8765, 0, 0): b' 3026,5,1,512,0,669,16,1,6,1,1,-94,1,726,8990,201,0,0 '
Received from ('fd00::200:0:0:14', 8765, 0, 0): b' 3026,20,16,1280,10,687,8,8,7,1,2,-52,0,387,4325,169,0,0 '
Received from ('fd00::200:0:0:b', 8765, 0, 0): b' 3028,11,3,768,20,641,11,11,7,1,1,-95,10,4990,34645,500,1,4 '
Received from ('fd00::200:0:0:2', 8765, 0, 0): b' 3028,2,1,512,0,734,15,1,6,1,1,-88,0,492,7510,202,0,0 '
Received from ('fd00::200:0:0:a', 8765, 0, 0): b' 3027,10,11,1024,0,760,8,6,7,1,1,-52,0,778,8921,192,0,0 '
Received from ('fd00::200:0:0:8', 8765, 0, 0): b' 3029,8,3,768,0,701,12,8,7,1,2,-70,2,1189,17669,199,0,0 '
Received from ('fd00::200:0:0:15', 8765, 0, 0): b' 3028,21,16,1280,0,666,6,3,5,1,1,-70,0,685,8243,194,0,0 '
Received from ('fd00::200:0:0:e', 8765, 0, 0): b' 3029,14,11,1024,0,701,11,3,7,1,2,-70,1,1119,12375,189,0,0 '
Received from ('fd00::200:0:0:11', 8765, 0, 0): b' 3029,17,16,1280,0,732,6,4,7,1,1,-52,0,653,10653,193,0,0 '
Received from ('fd00::200:0:0:1', 5678, 0, 0): b' 3031,1,0,256,0,25,0,0,4,0,0,0,10,1169,12365,4120,0,0 '
Received from ('fd00::200:0:0:5', 8765, 0, 0): b' 3031,5,1,512,0,670,16,1,6,1,1,-94,1,557,7206,201,0,0 '
Received from ('fd00::200:0:0:6', 8765, 0, 0): b' 3032,6,3,768,10,725,11,3,7,1,2,-70,0,1096,9772,191,0,0 '
Received from ('fd00::200:0:0:d', 8765, 0, 0): b' 3032,13,8,1024,0,736,10,4,7,1,2,-70,0,745,12202,196,0,0 '
Received from ('fd00::200:0:0:4', 8765, 0, 0): b' 3032,4,1,512,0,664,15,3,7,1,1,-66,1,476,9421,201,0,0 '
Received from ('fd00::200:0:0:12', 8765, 0, 0): b' 3030,18,14,1280,10,724,8,4,5,1,1,-52,0,518,6581,187,0,0 '
Received from ('fd00::200:0:0:2', 8765, 0, 0): b' 3032,2,1,512,0,734,15,1,6,1,1,-88,0,277,5314,202,0,0 '
Received from ('fd00::200:0:0:10', 8765, 0, 0): b' 3032,16,11,1024,10,666,10,12,7,1,2,-70,4,1706,16123,195,0,0 '
Received from ('fd00::200:0:0:14', 8765, 0, 0): b' 3031,20,16,1280,10,688,8,8,7,1,2,-52,0,419,5108,169,0,0 '
Received from ('fd00::200:0:0:a', 8765, 0, 0): b' 3033,10,11,1024,0,761,8,6,7,1,1,-52,0,386,5620,192,0,0 '
Received from ('fd00::200:0:0:e', 8765, 0, 0): b' 3033,14,11,1024,0,702,11,3,7,1,2,-70,1,748,6670,189,0,0 '
Received from ('fd00::200:0:0:7', 8765, 0, 0): b' 3034,7,4,768,0,641,10,8,7,1,3,-70,0,799,9974,185,0,0 '
Received from ('fd00::200:0:0:f', 8765, 0, 0): b' 3033,15,11,1024,10,697,7,15,7,1,2,-52,0,898,9210,166,0,0 '
Received from ('fd00::200:0:0:9', 8765, 0, 0): b' 3034,9,5,768,10,700,11,4,7,1,2,-52,0,930,10603,188,0,0 '
Received from ('fd00::200:0:0:3', 8765, 0, 0): b' 3036,3,1,512,0,657,15,11,7,2,1,-64,10,6745,37362,202,0,0 '
Received from ('fd00::200:0:0:c', 8765, 0, 0): b' 3034,12,11,1024,0,738,12,12,7,1,3,-52,0,939,12739,197,0,0 '
Received from ('fd00::200:0:0:13', 8765, 0, 0): b' 3035,19,16,1280,10,715,6,3,7,1,1,-70,0,801,9745,189,0,0 '
Received from ('fd00::200:0:0:b', 8765, 0, 0): b' 3037,11,3,768,20,643,11,11,7,1,1,-95,10,4429,31371,503,1,4 '
Received from ('fd00::200:0:0:4', 8765, 0, 0): b' 3037,4,1,512,0,665,15,3,7,1,1,-66,1,642,8361,201,0,0 '
Received from ('fd00::200:0:0:12', 8765, 0, 0): b' 3036,18,14,1280,10,726,8,4,5,1,1,-52,0,526,5752,187,0,0 '
Received from ('fd00::200:0:0:a', 8765, 0, 0): b' 3037,10,11,1024,10,761,8,6,7,1,1,-52,0,311,4273,193,0,0 '
Received from ('fd00::200:0:0:11', 8765, 0, 0): b' 3038,17,16,1280,10,733,6,4,7,1,1,-52,0,467,8013,194,0,0 '
Received from ('fd00::200:0:0:6', 8765, 0, 0): b' 3039,6,3,768,0,729,11,3,7,1,2,-70,0,731,7612,191,0,0 '
Received from ('fd00::200:0:0:10', 8765, 0, 0): b' 3039,16,11,1024,20,666,10,12,7,1,2,-70,4,1928,20109,196,0,0 '
Received from ('fd00::200:0:0:8', 8765, 0, 0): b' 3040,8,3,768,0,704,12,8,7,1,2,-70,2,1434,18026,200,0,0 '
Received from ('fd00::200:0:0:15', 8765, 0, 0): b' 3039,21,16,1280,0,667,6,3,5,1,1,-70,0,531,11482,194,0,0 '
Received from ('fd00::200:0:0:d', 8765, 0, 0): b' 3041,13,8,1024,0,738,10,4,7,1,2,-70,0,699,10741,197,0,0 '
Received from ('fd00::200:0:0:7', 8765, 0, 0): b' 3041,7,4,768,0,642,10,8,7,1,3,-70,0,384,6095,185,0,0 '
Received from ('fd00::200:0:0:14', 8765, 0, 0): b' 3039,20,16,1280,10,692,8,8,7,1,2,-52,0,829,7907,169,0,0 '
Received from ('fd00::200:0:0:5', 8765, 0, 0): b' 3041,5,1,512,0,671,16,1,6,1,1,-94,1,991,15191,202,0,0 '
Received from ('fd00::200:0:0:1', 5678, 0, 0): b' 3042,1,0,256,0,25,0,0,4,0,0,0,10,2721,28764,4135,0,0 '
Received from ('fd00::200:0:0:9', 8765, 0, 0): b' 3041,9,5,768,0,705,11,4,7,1,2,-52,0,814,7329,188,0,0 '
Received from ('fd00::200:0:0:2', 8765, 0, 0): b' 3042,2,1,512,0,734,15,1,6,1,1,-88,0,497,11352,203,0,0 '
Received from ('fd00::200:0:0:13', 8765, 0, 0): b' 3042,19,16,1280,0,720,6,3,7,1,1,-70,0,922,7589,189,0,0 '
Received from ('fd00::200:0:0:3', 8765, 0, 0): b' 3043,3,1,512,0,659,15,11,7,2,1,-64,10,3908,22410,202,0,0 '
Received from ('fd00::200:0:0:e', 8765, 0, 0): b' 3043,14,11,1024,10,703,11,3,7,1,2,-70,1,961,11936,190,0,0 '
Received from ('fd00::200:0:0:12', 8765, 0, 0): b' 3042,18,14,1280,0,728,8,4,5,1,1,-52,0,494,5443,187,0,0 '
Received from ('fd00::200:0:0:5', 8765, 0, 0): b' 3045,5,1,512,0,674,16,1,6,1,1,-94,1,918,7263,202,0,0 '
Received from ('fd00::200:0:0:10', 8765, 0, 0): b' 3044,16,11,1024,0,666,10,12,7,1,2,-70,4,1432,11890,196,0,0 '
Received from ('fd00::200:0:0:8', 8765, 0, 0): b' 3046,8,3,768,10,706,12,8,7,1,2,-70,2,758,9138,200,0,0 '
Received from ('fd00::200:0:0:b', 8765, 0, 0): b' 3045,11,3,768,50,648,11,11,7,1,1,-95,10,4348,31444,505,1,4 '
Received from ('fd00::200:0:0:11', 8765, 0, 0): b' 3045,17,16,1280,0,735,6,4,7,1,1,-52,0,518,6511,194,0,0 '
Received from ('fd00::200:0:0:3', 8765, 0, 0): b' 3047,3,1,512,0,660,15,11,7,2,1,-64,10,2203,12886,203,0,0 '
Received from ('fd00::200:0:0:c', 8765, 0, 0): b' 3044,12,11,1024,0,741,12,12,7,1,3,-52,0,805,12264,198,0,0 '
Received from ('fd00::200:0:0:f', 8765, 0, 0): b' 3045,15,11,1024,0,702,7,15,7,1,2,-52,0,1093,11605,166,0,0 '
Received from ('fd00::200:0:0:6', 8765, 0, 0): b' 3046,6,3,768,10,730,11,3,7,1,2,-70,0,561,7932,192,0,0 '
Received from ('fd00::200:0:0:4', 8765, 0, 0): b' 3047,4,1,512,0,666,15,3,7,1,1,-66,1,1059,16165,202,0,0 '
Received from ('fd00::200:0:0:e', 8765, 0, 0): b' 3048,14,11,1024,0,703,11,3,7,1,2,-70,1,584,5655,190,0,0 '
Received from ('fd00::200:0:0:a', 8765, 0, 0): b' 3049,10,11,1024,10,764,8,6,7,1,1,-52,0,663,10337,193,0,0 '
Received from ('fd00::200:0:0:15', 8765, 0, 0): b' 3049,21,16,1280,0,670,6,3,5,1,1,-70,0,830,11725,195,0,0 '
Received from ('fd00::200:0:0:14', 8765, 0, 0): b' 3049,20,16,1280,0,694,8,8,7,1,2,-52,0,598,9456,170,0,0 '
Received from ('fd00::200:0:0:9', 8765, 0, 0): b' 3050,9,5,768,0,707,11,4,7,1,2,-52,0,692,8662,189,0,0 '
Received from ('fd00::200:0:0:2', 8765, 0, 0): b' 3051,2,1,512,0,734,15,1,6,1,1,-88,0,474,11477,204,0,0 '
Received from ('fd00::200:0:0:8', 8765, 0, 0): b' 3052,8,3,768,0,707,12,8,7,1,2,-70,2,783,9988,201,0,0 '
Received from ('fd00::200:0:0:10', 8765, 0, 0): b' 3051,16,11,1024,0,667,10,12,7,1,2,-70,4,1548,16009,196,0,0 '
Received from ('fd00::200:0:0:d', 8765, 0, 0): b' 3052,13,8,1024,0,741,10,4,7,1,2,-70,0,854,13982,198,0,0 '
Received from ('fd00::200:0:0:5', 8765, 0, 0): b' 3051,5,1,512,10,675,16,1,6,1,1,-94,1,717,10081,203,0,0 '
Received from ('fd00::200:0:0:1', 5678, 0, 0): b' 3053,1,0,256,0,25,0,0,4,0,0,0,10,2884,28734,4153,0,0 '
Received from ('fd00::200:0:0:13', 8765, 0, 0): b' 3051,19,16,1280,0,723,6,3,7,1,1,-70,0,801,8947,190,0,0 '
Received from ('fd00::200:0:0:4', 8765, 0, 0): b' 3053,4,1,512,10,668,15,3,7,1,1,-66,1,689,8195,202,0,0 '
Received from ('fd00::200:0:0:7', 8765, 0, 0): b' 3052,7,4,768,10,647,10,8,7,1,3,-70,0,1013,11581,186,0,0 '
Received from ('fd00::200:0:0:f', 8765, 0, 0): b' 3052,15,11,1024,0,706,7,15,7,1,2,-52,0,767,6389,167,0,0 '
Received from ('fd00::200:0:0:6', 8765, 0, 0): b' 3053,6,3,768,0,734,11,3,7,1,2,-70,0,776,6319,192,0,0 '
Received from ('fd00::200:0:0:12', 8765, 0, 0): b' 3050,18,14,1280,0,730,8,4,5,1,1,-52,0,694,8587,188,0,0 '
Received from ('fd00::200:0:0:b', 8765, 0, 0): b' 3055,11,3,768,0,649,11,11,7,1,1,-95,10,3921,27783,507,1,4 '
Received from ('fd00::200:0:0:14', 8765, 0, 0): b' 3055,20,16,1280,0,694,8,8,7,1,2,-52,0,279,5050,170,0,0 '
Received from ('fd00::200:0:0:c', 8765, 0, 0): b' 3056,12,11,1024,0,742,12,12,7,1,3,-52,0,587,12192,198,0,0 '
Received from ('fd00::200:0:0:e', 8765, 0, 0): b' 3057,14,11,1024,0,705,11,3,7,1,2,-70,1,961,11227,191,0,0 '
Received from ('fd00::200:0:0:a', 8765, 0, 0): b' 3057,10,11,1024,0,766,8,6,7,1,1,-52,0,683,7736,194,0,0 '
Received from ('fd00::200:0:0:1', 5678, 0, 0): b' 3057,1,0,256,0,25,0,0,4,0,0,0,10,1113,11887,4157,0,0 '
Received from ('fd00::200:0:0:10', 8765, 0, 0): b' 3057,16,11,1024,20,669,10,12,7,1,2,-70,4,1496,15602,197,0,0 '
Received from ('fd00::200:0:0:7', 8765, 0, 0): b' 3057,7,4,768,0,649,10,8,7,1,3,-70,0,494,4821,186,0,0 '
Received from ('fd00::200:0:0:15', 8765, 0, 0): b' 3056,21,16,1280,0,673,6,3,5,1,1,-70,0,625,8909,195,0,0 '
Received from ('fd00::200:0:0:11', 8765, 0, 0): b' 3056,17,16,1280,10,738,6,4,7,1,1,-52,0,898,10581,195,0,0 '
Received from ('fd00::200:0:0:9', 8765, 0, 0): b' 3057,9,5,768,0,711,11,4,7,1,2,-52,0,761,6884,190,0,0 '
Received from ('fd00::200:0:0:3', 8765, 0, 0): b' 3058,3,1,512,0,665,15,11,7,2,1,-64,10,6875,36600,203,0,0 '
Received from ('fd00::200:0:0:b', 8765, 0, 0): b' 3058,11,3,768,10,650,11,11,7,1,1,-95,10,2221,14903,508,1,4 '
Received from ('fd00::200:0:0:6', 8765, 0, 0): b' 3058,6,3,768,0,734,11,3,7,1,2,-70,0,333,5628,193,0,0 '
Received from ('fd00::200:0:0:8', 8765, 0, 0): b' 3058,8,3,768,0,709,12,8,7,1,2,-70,2,921,11063,201,0,0 '
Received from ('fd00::200:0:0:13', 8765, 0, 0): b' 3058,19,16,1280,0,727,6,3,7,1,1,-70,0,707,6403,190,0,0 '
Received from ('fd00::200:0:0:2', 8765, 0, 0): b' 3059,2,1,512,10,737,15,1,6,1,1,-88,0,540,10212,204,0,0 '
Received from ('fd00::200:0:0:12', 8765, 0, 0): b' 3061,18,14,1280,0,731,8,4,5,1,1,-52,0,410,7573,188,0,0 '
Received from ('fd00::200:0:0:f', 8765, 0, 0): b' 3062,15,11,1024,0,709,7,15,7,1,2,-52,0,746,9491,167,0,0 '
Received from ('fd00::200:0:0:e', 8765, 0, 0): b' 3062,14,11,1024,0,707,11,3,7,1,2,-70,1,821,7575,191,0,0 '
Received from ('fd00::200:0:0:5', 8765, 0, 0): b' 3062,5,1,512,10,680,16,1,6,1,1,-94,1,1596,17534,203,0,0 '
Received from ('fd00::200:0:0:9', 8765, 0, 0): b' 3062,9,5,768,0,713,11,4,7,1,2,-52,0,467,4660,190,0,0 '
Received from ('fd00::200:0:0:4', 8765, 0, 0): b' 3063,4,1,512,0,671,15,3,7,1,1,-66,1,1395,16361,203,0,0 '
Received from ('fd00::200:0:0:10', 8765, 0, 0): b' 3063,16,11,1024,10,671,10,12,7,1,2,-70,4,1852,16745,197,0,0 '
Received from ('fd00::200:0:0:d', 8765, 0, 0): b' 3063,13,8,1024,0,744,10,4,7,1,2,-70,0,746,13280,198,0,0 '
Received from ('fd00::200:0:0:a', 8765, 0, 0): b' 3063,10,11,1024,0,769,8,6,7,1,1,-52,0,600,6398,194,0,0 '
Received from ('fd00::200:0:0:6', 8765, 0, 0): b' 3063,6,3,768,0,735,11,3,7,1,2,-70,0,385,4471,193,0,0 '
Received from ('fd00::200:0:0:15', 8765, 0, 0): b' 3064,21,16,1280,0,674,6,3,5,1,1,-70,0,471,7664,196,0,0 '
Received from ('fd00::200:0:0:8', 8765, 0, 0): b' 3063,8,3,768,20,710,12,8,7,1,2,-70,2,651,7431,202,0,0 '
Received from ('fd00::200:0:0:11', 8765, 0, 0): b' 3064,17,16,1280,0,739,6,4,7,1,1,-52,0,469,6599,196,0,0 '
Received from ('fd00::200:0:0:13', 8765, 0, 0): b' 3064,19,16,1280,0,729,6,3,7,1,1,-70,0,549,6672,191,0,0 '
Received from ('fd00::200:0:0:1', 5678, 0, 0): b' 3065,1,0,256,0,25,0,0,4,0,0,0,10,2513,24009,4173,0,0 '
Received from ('fd00::200:0:0:14', 8765, 0, 0): b' 3067,20,16,1280,0,697,8,8,7,1,2,-52,0,825,10965,171,0,0 '
Received from ('fd00::200:0:0:c', 8765, 0, 0): b' 3067,12,11,1024,0,745,12,12,7,1,3,-52,0,833,13820,199,0,0 '
Received from ('fd00::200:0:0:12', 8765, 0, 0): b' 3067,18,14,1280,0,733,8,4,5,1,1,-52,0,549,6295,189,0,0 '
Received from ('fd00::200:0:0:9', 8765, 0, 0): b' 3067,9,5,768,0,714,11,4,7,1,2,-52,0,384,4932,190,0,0 '
Received from ('fd00::200:0:0:d', 8765, 0, 0): b' 3067,13,8,1024,0,745,10,4,7,1,2,-70,0,639,6238,199,0,0 '
Received from ('fd00::200:0:0:2', 8765, 0, 0): b' 3069,2,1,512,0,738,15,1,6,1,1,-88,0,592,9790,205,0,0 '
Received from ('fd00::200:0:0:11', 8765, 0, 0): b' 3069,17,16,1280,10,739,6,4,7,1,1,-52,0,255,4784,196,0,0 '
Received from ('fd00::200:0:0:6', 8765, 0, 0): b' 3068,6,3,768,0,735,11,3,7,1,2,-70,0,253,4845,193,0,0 '
Received from ('fd00::200:0:0:7', 8765, 0, 0): b' 3069,7,4,768,0,650,10,8,7,1,3,-70,0,609,11474,187,0,0 '
Received from ('fd00::200:0:0:f', 8765, 0, 0): b' 3069,15,11,1024,0,710,7,15,7,1,2,-52,0,564,7456,168,0,0 '
Received from ('fd00::200:0:0:b', 8765, 0, 0): b' 3069,11,3,768,20,651,11,12,7,1,1,-95,10,5037,35509,511,1,4 '
Received from ('fd00::200:0:0:13', 8765, 0, 0): b' 3070,19,16,1280,0,730,6,3,7,1,1,-70,0,386,5122,191,0,0 '
Received from ('fd00::200:0:0:e', 8765, 0, 0): b' 3069,14,11,1024,0,711,11,3,7,1,2,-70,1,1132,10431,192,0,0 '
Received from ('fd00::200:0:0:3', 8765, 0, 0): b' 3070,3,1,512,0,667,15,11,7,2,1,-64,10,6875,36644,204,0,0 '
Received from ('fd00::200:0:0:4', 8765, 0, 0): b' 3070,4,1,512,20,673,15,3,7,1,1,-66,1,780,11640,204,0,0 '
Received from ('fd00::200:0:0:10', 8765, 0, 0): b' 3070,16,11,1024,10,673,10,12,7,1,2,-70,4,1980,20574,198,0,0 '
Received from ('fd00::200:0:0:d', 8765, 0, 0): b' 3071,13,8,1024,0,745,10,4,7,1,2,-70,0,200,4839,199,0,0 '
Received from ('fd00::200:0:0:11', 8765, 0, 0): b' 3072,17,16,1280,0,740,6,4,7,1,1,-52,0,387,4325,196,0,0 '
Received from ('fd00::200:0:0:12', 8765, 0, 0): b' 3072,18,14,1280,0,735,8,4,5,1,1,-52,0,493,5802,189,0,0 '
Received from ('fd00::200:0:0:9', 8765, 0, 0): b' 3073,9,5,768,20,715,11,4,7,1,2,-52,0,309,5340,191,0,0 '
Received from ('fd00::200:0:0:e', 8765, 0, 0): b' 3073,14,11,1024,0,713,11,3,7,1,2,-70,1,705,5827,192,0,0 '
Received from ('fd00::200:0:0:5', 8765, 0, 0): b' 3073,5,1,512,10,682,16,1,6,1,1,-94,1,1434,17563,204,0,0 '
Received from ('fd00::200:0:0:15', 8765, 0, 0): b' 3073,21,16,1280,0,676,6,3,5,1,1,-70,0,694,13431,197,0,0 '
Received from ('fd00::200:0:0:14', 8765, 0, 0): b' 3074,20,16,1280,0,700,8,8,7,1,2,-52,0,778,8136,172,0,0 '
Received from ('fd00::200:0:0:8', 8765, 0, 0): b' 3074,8,3,768,0,712,12,8,7,1,2,-70,2,1388,17503,202,0,0 '
Received from ('fd00::200:0:0:6', 8765, 0, 0): b' 3074,6,3,768,0,737,11,3,7,1,2,-70,0,547,6308,194,0,0 '
Received from ('fd00::200:0:0:a', 8765, 0, 0): b' 3074,10,11,1024,0,771,8,6,7,1,1,-52,0,718,11279,195,0,0 '
Received from ('fd00::200:0:0:c', 8765, 0, 0): b' 3074,12,11,1024,0,748,12,12,7,1,3,-52,0,628,9904,199,0,0 '
Received from ('fd00::200:0:0:1', 5678, 0, 0): b' 3076,1,0,256,0,25,0,0,4,0,0,0,10,2430,28062,4186,0,0 '
Received from ('fd00::200:0:0:3', 8765, 0, 0): b' 3076,3,1,512,10,668,15,11,7,2,1,-64,10,3096,17514,205,0,0 '
Received from ('fd00::200:0:0:f', 8765, 0, 0): b' 3074,15,11,1024,0,711,7,15,7,1,2,-52,0,387,5517,168,0,0 '
Received from ('fd00::200:0:0:13', 8765, 0, 0): b' 3076,19,16,1280,0,733,6,3,7,1,1,-70,0,680,7708,192,0,0 '
Received from ('fd00::200:0:0:9', 8765, 0, 0): b' 3077,9,5,768,0,715,11,4,7,1,2,-52,0,385,4629,191,0,0 '
Received from ('fd00::200:0:0:11', 8765, 0, 0): b' 3076,17,16,1280,0,740,6,4,7,1,1,-52,0,311,4446,197,0,0 '
Received from ('fd00::200:0:0:7', 8765, 0, 0): b' 3079,7,4,768,0,653,10,8,7,1,3,-70,0,926,10427,188,0,0 '
Received from ('fd00::200:0:0:2', 8765, 0, 0): b' 3079,2,1,512,0,739,15,1,6,1,1,-88,0,701,12627,206,0,0 '
Received from ('fd00::200:0:0:1', 5678, 0, 0): b' 3080,1,0,256,0,25,0,0,4,0,0,0,10,1252,11762,4196,0,0 '
Received from ('fd00::200:0:0:c', 8765, 0, 0): b' 3079,12,11,1024,0,748,12,12,7,1,3,-52,0,366,6392,200,0,0 '
Received from ('fd00::200:0:0:b', 8765, 0, 0): b' 3080,11,3,768,40,656,11,12,7,1,1,-95,10,5357,37317,513,1,4 '
Received from ('fd00::200:0:0:5', 8765, 0, 0): b' 3081,5,1,512,0,683,16,1,6,1,1,-94,1,816,11268,204,0,0 '
Received from ('fd00::200:0:0:4', 8765, 0, 0): b' 3081,4,1,512,0,678,15,3,7,1,1,-66,1,1486,17699,204,0,0 '
Received from ('fd00::200:0:0:14', 8765, 0, 0): b' 3079,20,16,1280,0,700,8,8,7,1,2,-52,0,255,4669,172,0,0 '
Received from ('fd00::200:0:0:10', 8765, 0, 0): b' 3079,16,11,1024,10,676,10,12,7,1,2,-70,4,2853,24759,198,0,0 '
Received from ('fd00::200:0:0:a', 8765, 0, 0): b' 3080,10,11,1024,0,772,8,6,7,1,1,-52,0,443,5650,196,0,0 '
Received from ('fd00::200:0:0:d', 8765, 0, 0): b' 3082,13,8,1024,0,745,10,5,7,1,2,-70,0,633,13085,200,0,0 '
Received from ('fd00::200:0:0:15', 8765, 0, 0): b' 3080,21,16,1280,0,677,6,3,5,1,1,-70,0,705,8855,197,0,0 '
Received from ('fd00::200:0:0:8', 8765, 0, 0): b' 3083,8,3,768,0,715,12,8,7,1,2,-70,2,1175,13648,203,0,0 '
Received from ('fd00::200:0:0:7', 8765, 0, 0): b' 3083,7,4,768,0,654,10,8,7,1,3,-70,0,348,4364,188,0,0 '
Received from ('fd00::200:0:0:3', 8765, 0, 0): b' 3083,3,1,512,0,671,15,12,7,2,1,-64,10,4344,23675,205,0,0 '
Received from ('fd00::200:0:0:f', 8765, 0, 0): b' 3082,15,11,1024,10,713,7,15,7,1,2,-52,0,550,7148,169,0,0 '
Received from ('fd00::200:0:0:12', 8765, 0, 0): b' 3083,18,14,1280,0,738,8,4,5,1,1,-52,0,825,10457,190,0,0 '
Received from ('fd00::200:0:0:b', 8765, 0, 0): b' 3084,11,3,768,20,656,11,12,7,1,1,-95,10,1986,14994,514,1,4 '
Received from ('fd00::200:0:0:13', 8765, 0, 0): b' 3084,19,16,1280,0,734,6,3,7,1,1,-70,0,507,7830,192,0,0 '
Received from ('fd00::200:0:0:6', 8765, 0, 0): b' 3085,6,3,768,0,742,11,3,7,1,2,-70,0,981,10693,194,0,0 '
Received from ('fd00::200:0:0:e', 8765, 0, 0): b' 3085,14,11,1024,0,715,11,3,7,1,2,-70,1,1188,15017,193,0,0 '
Received from ('fd00::200:0:0:2', 8765, 0, 0): b' 3086,2,1,512,0,741,15,1,6,1,1,-88,0,492,7873,206,0,0 '
Received from ('fd00::200:0:0:c', 8765, 0, 0): b' 3085,12,11,1024,0,750,12,12,7,1,3,-52,0,496,7540,200,0,0 '
Received from ('fd00::200:0:0:1', 5678, 0, 0): b' 3088,1,0,256,0,25,0,0,4,0,0,0,10,1902,20497,4205,0,0 '
Received from ('fd00::200:0:0:7', 8765, 0, 0): b' 3088,7,4,768,0,655,10,8,7,1,3,-70,0,360,4095,188,0,0 '
Received from ('fd00::200:0:0:11', 8765, 0, 0): b' 3087,17,16,1280,0,741,6,4,7,1,1,-52,0,434,9125,197,0,0 '
Received from ('fd00::200:0:0:5', 8765, 0, 0): b' 3088,5,1,512,0,685,16,1,6,1,1,-94,1,726,10265,205,0,0 '
Received from ('fd00::200:0:0:15', 8765, 0, 0): b' 3087,21,16,1280,10,678,6,3,5,1,1,-70,0,484,8427,198,0,0 '
Received from ('fd00::200:0:0:9', 8765, 0, 0): b' 3089,9,5,768,0,719,11,4,7,1,2,-52,0,930,11408,192,0,0 '
Received from ('fd00::200:0:0:10', 8765, 0, 0): b' 3089,16,11,1024,0,679,10,12,7,1,2,-70,4,2484,24685,199,0,0 '
Received from ('fd00::200:0:0:a', 8765, 0, 0): b' 3089,10,11,1024,0,773,8,6,7,1,1,-52,0,507,8151,196,0,0 '
Received from ('fd00::200:0:0:d', 8765, 0, 0): b' 3089,13,8,1024,0,746,10,5,7,1,2,-70,0,411,9202,200,0,0 '
Received from ('fd00::200:0:0:14', 8765, 0, 0): b' 3089,20,16,1280,10,705,8,8,7,1,2,-52,0,1015,10329,173,0,0 '
Received from ('fd00::200:0:0:b', 8765, 0, 0): b' 3091,11,3,768,0,656,11,12,7,1,1,-95,10,2678,20038,516,1,4 '
Received from ('fd00::200:0:0:e', 8765, 0, 0): b' 3092,14,11,1024,0,716,11,3,7,1,2,-70,1,804,9142,193,0,0 '
Received from ('fd00::200:0:0:5', 8765, 0, 0): b' 3092,5,1,512,0,685,16,1,6,1,1,-94,1,570,7025,205,0,0 '
Received from ('fd00::200:0:0:4', 8765, 0, 0): b' 3093,4,1,512,10,682,15,3,7,1,1,-66,1,1503,18763,205,0,0 '
Received from ('fd00::200:0:0:15', 8765, 0, 0): b' 3092,21,16,1280,0,680,6,3,5,1,1,-70,0,522,6095,198,0,0 '
Received from ('fd00::200:0:0:f', 8765, 0, 0): b' 3093,15,11,1024,0,715,7,15,7,1,2,-52,0,665,10608,169,0,0 '
Received from ('fd00::200:0:0:6', 8765, 0, 0): b' 3093,6,3,768,0,746,11,3,7,1,2,-70,0,786,8659,195,0,0 '
Received from ('fd00::200:0:0:8', 8765, 0, 0): b' 3094,8,3,768,20,717,12,8,7,1,2,-70,2,983,17313,204,0,0 '
Received from ('fd00::200:0:0:7', 8765, 0, 0): b' 3095,7,4,768,0,657,10,8,7,1,3,-70,0,668,8005,189,0,0 '
Received from ('fd00::200:0:0:1', 5678, 0, 0): b' 3095,1,0,256,0,25,0,0,4,0,0,0,10,1994,20539,4218,0,0 '
Received from ('fd00::200:0:0:3', 8765, 0, 0): b' 3095,3,1,512,0,674,15,12,7,2,1,-64,10,6105,35325,206,0,0 '
Received from ('fd00::200:0:0:a', 8765, 0, 0): b' 3093,10,11,1024,20,774,8,6,7,1,1,-52,0,362,4166,197,0,0 '
Received from ('fd00::200:0:0:12', 8765, 0, 0): b' 3095,18,14,1280,0,742,8,4,5,1,1,-52,0,909,11026,191,0,0 '
Received from ('fd00::200:0:0:2', 8765, 0, 0): b' 3096,2,1,512,0,743,15,1,6,1,1,-88,0,711,11998,207,0,0 '
Received from ('fd00::200:0:0:11', 8765, 0, 0): b' 3095,17,16,1280,0,742,6,4,7,1,1,-52,0,563,7615,198,0,0 '
Received from ('fd00::200:0:0:5', 8765, 0, 0): b' 3096,5,1,512,0,686,16,1,6,1,1,-94,1,320,6231,205,0,0 '
Received from ('fd00::200:0:0:13', 8765, 0, 0): b' 3095,19,16,1280,0,736,6,3,7,1,1,-70,0,694,10248,193,0,0 '
Received from ('fd00::200:0:0:c', 8765, 0, 0): b' 3096,12,11,1024,0,752,12,12,7,1,3,-52,0,725,13118,201,0,0 '
Received from ('fd00::200:0:0:e', 8765, 0, 0): b' 3097,14,11,1024,0,716,11,3,7,1,2,-70,1,444,6059,193,0,0 '
Received from ('fd00::200:0:0:d', 8765, 0, 0): b' 3097,13,8,1024,0,749,10,5,7,1,2,-70,0,708,9442,201,0,0 '
Received from ('fd00::200:0:0:f', 8765, 0, 0): b' 3098,15,11,1024,0,715,7,15,7,1,2,-52,0,314,4272,170,0,0 '
Received from ('fd00::200:0:0:a', 8765, 0, 0): b' 3098,10,11,1024,0,775,8,6,7,1,1,-52,0,346,4732,197,0,0 '
Received from ('fd00::200:0:0:1', 5678, 0, 0): b' 3100,1,0,256,0,25,0,0,4,0,0,0,10,1214,11900,4224,0,0 '
Received from ('fd00::200:0:0:7', 8765, 0, 0): b' 3100,7,4,768,0,657,10,8,7,1,3,-70,0,156,4127,189,0,0 '
Received from ('fd00::200:0:0:14', 8765, 0, 0): b' 3098,20,16,1280,0,706,8,8,7,1,2,-52,0,438,7986,173,0,0 '
Received from ('fd00::200:0:0:15', 8765, 0, 0): b' 3098,21,16,1280,0,684,6,3,5,1,1,-70,0,707,8019,198,0,0 '
Received from ('fd00::200:0:0:8', 8765, 0, 0): b' 3100,8,3,768,0,719,12,8,7,1,2,-70,2,1122,10470,204,0,0 '
Received from ('fd00::200:0:0:10', 8765, 0, 0): b' 3100,16,11,1024,0,681,10,12,7,1,2,-70,4,2810,28531,200,0,0 '
Received from ('fd00::200:0:0:b', 8765, 0, 0): b' 3100,11,3,768,10,658,11,12,7,1,1,-95,10,4670,32726,519,1,4 '
Received from ('fd00::200:0:0:9', 8765, 0, 0): b' 3100,9,5,768,10,723,11,4,7,1,2,-52,0,851,11190,192,0,0 '
Received from ('fd00::200:0:0:13', 8765, 0, 0): b' 3100,19,16,1280,0,737,6,3,7,1,1,-70,0,387,4914,193,0,0 '
Received from ('fd00::200:0:0:4', 8765, 0, 0): b' 3103,4,1,512,0,686,15,3,7,1,1,-66,1,1496,16208,206,0,0 '
Received from ('fd00::200:0:0:f', 8765, 0, 0): b' 3103,15,11,1024,10,716,7,15,7,1,2,-52,0,280,5236,170,0,0 '
Received from ('fd00::200:0:0:6', 8765, 0, 0): b' 3102,6,3,768,0,748,11,3,7,1,2,-70,0,692,9143,196,0,0 '
Received from ('fd00::200:0:0:2', 8765, 0, 0): b' 3104,2,1,512,0,744,15,1,6,1,1,-88,0,409,9618,207,0,0 '
Received from ('fd00::200:0:0:c', 8765, 0, 0): b' 3103,12,11,1024,0,756,12,12,7,1,3,-52,0,832,9029,201,0,0 '
Received from ('fd00::200:0:0:1', 5678, 0, 0): b' 3104,1,0,256,0,25,0,0,4,0,0,0,10,1179,12994,4229,0,0 '
Received from ('fd00::200:0:0:3', 8765, 0, 0): b' 3105,3,1,512,0,675,15,12,7,2,1,-64,10,5266,30096,207,0,0 '
Received from ('fd00::200:0:0:8', 8765, 0, 0): b' 3105,8,3,768,0,722,12,8,7,1,2,-70,2,660,7019,204,0,0 '
Received from ('fd00::200:0:0:12', 8765, 0, 0): b' 3105,18,14,1280,0,745,8,4,5,1,1,-52,0,746,9228,191,0,0 '
Received from ('fd00::200:0:0:5', 8765, 0, 0): b' 3105,5,1,512,0,689,16,1,6,1,1,-94,1,1297,14860,206,0,0 '
Received from ('fd00::200:0:0:d', 8765, 0, 0): b' 3105,13,8,1024,0,752,10,5,7,1,2,-70,0,721,9966,201,0,0 '
Received from ('fd00::200:0:0:11', 8765, 0, 0): b' 3105,17,16,1280,0,746,6,4,7,1,1,-52,0,922,10091,198,0,0 '
Received from ('fd00::200:0:0:15', 8765, 0, 0): b' 3105,21,16,1280,10,689,6,3,5,1,1,-70,0,968,8888,199,0,0 '
Received from ('fd00::200:0:0:e', 8765, 0, 0): b' 3107,14,11,1024,0,720,11,3,7,1,2,-70,1,1402,13800,194,0,0 '
Received from ('fd00::200:0:0:6', 8765, 0, 0): b' 3108,6,3,768,0,750,11,3,7,1,2,-70,0,467,4923,196,0,0 '
Received from ('fd00::200:0:0:b', 8765, 0, 0): b' 3110,11,3,768,30,661,11,12,7,1,1,-95,10,3513,27221,521,1,4 '
Received from ('fd00::200:0:0:14', 8765, 0, 0): b' 3108,20,16,1280,0,709,8,8,7,1,2,-52,0,801,9671,174,0,0 '
Received from ('fd00::200:0:0:9', 8765, 0, 0): b' 3109,9,5,768,0,726,11,4,7,1,2,-52,0,704,8742,193,0,0 '
Received from ('fd00::200:0:0:c', 8765, 0, 0): b' 3108,12,11,1024,0,756,12,12,7,1,3,-52,0,342,6386,202,0,0 '
Received from ('fd00::200:0:0:4', 8765, 0, 0): b' 3111,4,1,512,0,686,15,3,7,1,1,-66,1,528,11353,206,0,0 '
Received from ('fd00::200:0:0:a', 8765, 0, 0): b' 3110,10,11,1024,0,775,8,6,7,1,1,-52,0,601,11058,198,0,0 '
Received from ('fd00::200:0:0:13', 8765, 0, 0): b' 3111,19,16,1280,10,738,6,3,7,1,1,-70,0,563,8943,194,0,0 '
Received from ('fd00::200:0:0:7', 8765, 0, 0): b' 3112,7,4,768,0,659,10,8,7,1,3,-70,0,813,11541,190,0,0 '
Received from ('fd00::200:0:0:f', 8765, 0, 0): b' 3111,15,11,1024,0,717,7,15,7,1,2,-52,0,673,7989,171,0,0 '
Received from ('fd00::200:0:0:10', 8765, 0, 0): b' 3112,16,11,1024,0,681,10,12,7,1,2,-70,4,2695,30212,200,0,0 '
Received from ('fd00::200:0:0:e', 8765, 0, 0): b' 3113,14,11,1024,0,722,11,3,7,1,2,-70,1,581,6956,194,0,0 '
Received from ('fd00::200:0:0:11', 8765, 0, 0): b' 3112,17,16,1280,10,748,6,4,7,1,1,-52,0,467,6452,199,0,0 '
Received from ('fd00::200:0:0:14', 8765, 0, 0): b' 3113,20,16,1280,10,711,8,8,7,1,2,-52,0,539,5664,174,0,0 '
Received from ('fd00::200:0:0:3', 8765, 0, 0): b' 3115,3,1,512,10,680,15,12,7,2,1,-64,10,5694,31026,207,0,0 '
Received from ('fd00::200:0:0:2', 8765, 0, 0): b' 3115,2,1,512,0,745,16,1,6,1,1,-88,0,708,13943,208,0,0 '
Received from ('fd00::200:0:0:a', 8765, 0, 0): b' 3114,10,11,1024,0,775,8,6,7,1,1,-52,0,159,4212,198,0,0 '
Received from ('fd00::200:0:0:12', 8765, 0, 0): b' 3114,18,14,1280,0,749,8,4,5,1,1,-52,0,908,9829,192,0,0 '
Received from ('fd00::200:0:0:5', 8765, 0, 0): b' 3115,5,1,512,0,691,16,1,6,1,1,-94,1,1059,14832,207,0,0 '
Received from ('fd00::200:0:0:13', 8765, 0, 0): b' 3116,19,16,1280,0,738,6,3,7,1,1,-70,0,280,4591,194,0,0 '
Received from ('fd00::200:0:0:1', 5678, 0, 0): b' 3116,1,0,256,0,25,0,0,4,0,0,0,10,3083,32132,4248,0,0 '
Received from ('fd00::200:0:0:c', 8765, 0, 0): b' 3115,12,11,1024,0,759,12,12,7,1,3,-52,0,697,8954,202,0,0 '
Received from ('fd00::200:0:0:8', 8765, 0, 0): b' 3117,8,3,768,0,726,12,8,7,1,2,-70,2,1616,19042,205,0,0 '
Received from ('fd00::200:0:0:4', 8765, 0, 0): b' 3117,4,1,512,0,687,15,3,7,1,1,-66,1,873,10435,207,0,0 '
Received from ('fd00::200:0:0:15', 8765, 0, 0): b' 3117,21,16,1280,0,691,6,3,5,1,1,-70,0,719,13087,200,0,0 '
Received from ('fd00::200:0:0:f', 8765, 0, 0): b' 3117,15,11,1024,0,719,7,15,7,1,2,-52,0,494,5577,171,0,0 '
Received from ('fd00::200:0:0:6', 8765, 0, 0): b' 3118,6,3,768,0,750,11,3,7,1,2,-70,0,381,8873,197,0,0 '
Received from ('fd00::200:0:0:d', 8765, 0, 0): b' 3118,13,8,1024,0,756,10,5,7,1,2,-70,0,853,14482,202,0,0 '
Received from ('fd00::200:0:0:10', 8765, 0, 0): b' 3117,16,11,1024,10,682,10,12,7,1,2,-70,4,1911,16030,201,0,0 '
Received from ('fd00::200:0:0:9', 8765, 0, 0): b' 3118,9,5,768,10,728,11,4,7,1,2,-52,0,612,8302,194,0,0 '
Received from ('fd00::200:0:0:e', 8765, 0, 0): b' 3118,14,11,1024,0,724,11,3,7,1,2,-70,1,786,6803,195,0,0 '
Received from ('fd00::200:0:0:a', 8765, 0, 0): b' 3118,10,11,1024,0,776,8,6,7,1,1,-52,0,362,4013,198,0,0 '
Received from ('fd00::200:0:0:7', 8765, 0, 0): b' 3120,7,4,768,0,662,10,8,7,1,3,-70,0,623,8437,190,0,0 '
Received from ('fd00::200:0:0:b', 8765, 0, 0): b' 3122,11,3,768,0,662,11,12,7,1,1,-95,10,5486,39466,524,1,4 '
Received from ('fd00::200:0:0:3', 8765, 0, 0): b' 3122,3,1,512,10,680,15,12,7,2,1,-64,10,3664,21417,208,0,0 '
Received from ('fd00::200:0:0:10', 8765, 0, 0): b' 3122,16,11,1024,20,683,10,12,7,1,2,-70,4,979,10999,201,0,0 '
Received from ('fd00::200:0:0:2', 8765, 0, 0): b' 3123,2,1,512,0,748,16,1,6,1,1,-88,0,720,10230,208,0,0 '
Received from ('fd00::200:0:0:6', 8765, 0, 0): b' 3123,6,3,768,0,750,11,3,7,1,2,-70,0,253,4841,197,0,0 '
Received from ('fd00::200:0:0:5', 8765, 0, 0): b' 3123,5,1,512,10,692,16,1,6,1,1,-94,1,810,11969,207,0,0 '
Received from ('fd00::200:0:0:1', 5678, 0, 0): b' 3124,1,0,256,0,25,0,0,4,0,0,0,10,1793,19637,4261,0,0 '
Received from ('fd00::200:0:0:11', 8765, 0, 0): b' 3121,17,16,1280,0,750,6,4,7,1,1,-52,0,778,8848,200,0,0 '
Received from ('fd00::200:0:0:9', 8765, 0, 0): b' 3123,9,5,768,0,730,12,4,7,1,2,-52,0,628,6171,194,0,0 '
Received from ('fd00::200:0:0:13', 8765, 0, 0): b' 3123,19,16,1280,0,741,6,3,7,1,1,-70,0,656,7088,195,0,0 '
Received from ('fd00::200:0:0:14', 8765, 0, 0): b' 3122,20,16,1280,10,715,8,8,7,1,2,-52,0,695,8361,175,0,0 '
Received from ('fd00::200:0:0:15', 8765, 0, 0): b' 3124,21,16,1280,0,692,6,3,5,1,1,-70,0,415,7962,200,0,0 '
Received from ('fd00::200:0:0:12', 8765, 0, 0): b' 3126,18,14,1280,0,751,8,4,5,1,1,-52,0,718,10921,193,0,0 '
Received from ('fd00::200:0:0:8', 8765, 0, 0): b' 3127,8,3,768,10,729,12,8,7,1,2,-70,2,1380,15765,206,0,0 '
Received from ('fd00::200:0:0:c', 8765, 0, 0): b' 3126,12,11,1024,0,763,12,12,7,1,3,-52,0,939,13615,203,0,0 '
Received from ('fd00::200:0:0:4', 8765, 0, 0): b' 3127,4,1,512,0,689,15,3,7,1,1,-66,1,1065,15193,207,0,0 '
Received from ('fd00::200:0:0:d', 8765, 0, 0): b' 3127,13,8,1024,0,758,10,5,7,1,2,-70,0,770,10687,203,0,0 '
Received from ('fd00::200:0:0:14', 8765, 0, 0): b' 3127,20,16,1280,0,716,8,8,7,1,2,-52,0,470,4714,175,0,0 '
Received from ('fd00::200:0:0:13', 8765, 0, 0): b' 3127,19,16,1280,0,744,6,3,7,1,1,-70,0,600,5077,195,0,0 '
Received from ('fd00::200:0:0:f', 8765, 0, 0): b' 3128,15,11,1024,0,723,7,15,7,1,2,-52,0,909,10515,172,0,0 '
Received from ('fd00::200:0:0:b', 8765, 0, 0): b' 3129,11,3,768,40,664,11,12,7,1,1,-95,10,3839,26356,526,1,4 '
Received from ('fd00::200:0:0:5', 8765, 0, 0): b' 3129,5,1,512,0,693,16,1,6,1,1,-94,1,919,9627,208,0,0 '
Received from ('fd00::200:0:0:10', 8765, 0, 0): b' 3128,16,11,1024,0,685,10,12,7,1,2,-70,4,2057,17059,202,0,0 '
Received from ('fd00::200:0:0:6', 8765, 0, 0): b' 3129,6,3,768,10,753,11,3,7,1,2,-70,0,695,6254,197,0,0 '
Received from ('fd00::200:0:0:3', 8765, 0, 0): b' 3129,3,1,512,0,683,15,12,7,2,1,-64,10,4770,24963,208,0,0 '
Received from ('fd00::200:0:0:e', 8765, 0, 0): b' 3128,14,11,1024,0,725,11,3,7,1,2,-70,1,998,13293,195,0,0 '
Received from ('fd00::200:0:0:11', 8765, 0, 0): b' 3128,17,16,1280,0,752,6,4,7,1,1,-52,0,517,6949,200,0,0 '
Received from ('fd00::200:0:0:7', 8765, 0, 0): b' 3130,7,4,768,10,666,10,8,7,1,3,-70,0,906,10346,191,0,0 '
Received from ('fd00::200:0:0:a', 8765, 0, 0): b' 3129,10,11,1024,10,779,8,6,7,1,1,-52,0,801,10704,199,0,0 '
Received from ('fd00::200:0:0:1', 5678, 0, 0): b' 3131,1,0,256,0,25,0,0,4,0,0,0,10,2087,20960,4270,0,0 '
Received from ('fd00::200:0:0:15', 8765, 0, 0): b' 3132,21,16,1280,0,695,6,3,5,1,1,-70,0,721,9896,200,0,0 '
Received from ('fd00::200:0:0:8', 8765, 0, 0): b' 3133,8,3,768,0,732,12,8,7,1,2,-70,2,834,10113,206,0,0 '
Received from ('fd00::200:0:0:4', 8765, 0, 0): b' 3133,4,1,512,0,690,15,3,7,1,1,-66,1,778,9845,208,0,0 '
Received from ('fd00::200:0:0:d', 8765, 0, 0): b' 3134,13,8,1024,0,759,10,5,7,1,2,-70,0,411,8598,203,0,0 '
Received from ('fd00::200:0:0:13', 8765, 0, 0): b' 3134,19,16,1280,10,747,6,3,7,1,1,-70,0,493,6095,195,0,0 '
Received from ('fd00::200:0:0:9', 8765, 0, 0): b' 3134,9,5,768,0,734,12,4,7,1,2,-52,0,906,10271,195,0,0 '
Received from ('fd00::200:0:0:2', 8765, 0, 0): b' 3135,2,1,512,0,750,16,1,6,1,1,-88,0,736,13670,209,0,0 '
Received from ('fd00::200:0:0:12', 8765, 0, 0): b' 3134,18,14,1280,0,754,8,4,5,1,1,-52,0,722,7699,193,0,0 '
Received from ('fd00::200:0:0:5', 8765, 0, 0): b' 3135,5,1,512,0,695,16,1,6,1,1,-94,1,892,9294,208,0,0 '
Received from ('fd00::200:0:0:14', 8765, 0, 0): b' 3135,20,16,1280,0,719,8,8,7,1,2,-52,0,680,8318,176,0,0 '
Received from ('fd00::200:0:0:3', 8765, 0, 0): b' 3136,3,1,512,10,684,15,12,7,2,1,-64,10,3350,20407,209,0,0 '
Received from ('fd00::200:0:0:e', 8765, 0, 0): b' 3135,14,11,1024,0,726,11,3,7,1,2,-70,1,785,9231,196,0,0 '
Received from ('fd00::200:0:0:c', 8765, 0, 0): b' 3135,12,11,1024,0,766,12,12,7,1,3,-52,0,708,11232,204,0,0 '
Received from ('fd00::200:0:0:6', 8765, 0, 0): b' 3137,6,3,768,10,754,11,3,7,1,2,-70,0,465,7628,198,0,0 '
Received from ('fd00::200:0:0:d', 8765, 0, 0): b' 3137,13,8,1024,0,761,10,5,7,1,2,-70,0,469,5183,203,0,0 '
Received from ('fd00::200:0:0:a', 8765, 0, 0): b' 3137,10,11,1024,0,782,8,6,7,1,1,-52,0,627,7651,199,0,0 '
Received from ('fd00::200:0:0:1', 5678, 0, 0): b' 3138,1,0,256,0,25,0,0,4,0,0,0,10,1806,19380,4282,0,0 '
Received from ('fd00::200:0:0:f', 8765, 0, 0): b' 3137,15,11,1024,10,726,8,15,7,1,2,-52,0,731,9440,173,0,0 '
Received from ('fd00::200:0:0:b', 8765, 0, 0): b' 3139,11,3,768,20,665,11,12,7,1,1,-95,10,4545,32057,528,1,4 '
Received from ('fd00::200:0:0:5', 8765, 0, 0): b' 3139,5,1,512,0,697,16,1,6,1,1,-94,1,444,6488,208,0,0 '
Received from ('fd00::200:0:0:11', 8765, 0, 0): b' 3137,17,16,1280,0,754,6,4,7,1,1,-52,0,670,8428,201,0,0 '
Received from ('fd00::200:0:0:4', 8765, 0, 0): b' 3140,4,1,512,0,692,15,3,7,1,1,-66,1,716,10275,208,0,0 '
Received from ('fd00::200:0:0:8', 8765, 0, 0): b' 3140,8,3,768,10,732,12,8,7,1,2,-70,2,879,11303,207,0,0 '
Received from ('fd00::200:0:0:10', 8765, 0, 0): b' 3139,16,11,1024,10,688,10,12,7,1,2,-70,4,2985,30312,202,0,0 '
Received from ('fd00::200:0:0:15', 8765, 0, 0): b' 3140,21,16,1280,0,697,6,3,5,1,1,-70,0,601,9665,201,0,0 '
Received from ('fd00::200:0:0:7', 8765, 0, 0): b' 3141,7,4,768,0,669,10,8,7,1,3,-70,0,825,10892,192,0,0 '
Received from ('fd00::200:0:0:e', 8765, 0, 0): b' 3141,14,11,1024,0,727,11,3,7,1,2,-70,1,620,7665,196,0,0 '
Received from ('fd00::200:0:0:14', 8765, 0, 0): b' 3141,20,16,1280,10,720,8,8,7,1,2,-52,0,279,5384,176,0,0 '
Received from ('fd00::200:0:0:a', 8765, 0, 0): b' 3141,10,11,1024,10,783,8,6,7,1,1,-52,0,418,4507,200,0,0 '
Received from ('fd00::200:0:0:2', 8765, 0, 0): b' 3143,2,1,512,0,752,16,1,6,1,1,-88,0,591,9523,210,0,0 '
Received from ('fd00::200:0:0:13', 8765, 0, 0): b' 3143,19,16,1280,0,750,6,3,7,1,1,-70,0,788,9043,196,0,0 '
Received from ('fd00::200:0:0:11', 8765, 0, 0): b' 3141,17,16,1280,10,756,6,4,7,1,1,-52,0,469,4196,201,0,0 '
Received from ('fd00::200:0:0:6', 8765, 0, 0): b' 3145,6,3,768,0,757,11,3,7,1,2,-70,0,623,7794,198,0,0 '
Received from ('fd00::200:0:0:5', 8765, 0, 0): b' 3145,5,1,512,0,698,16,1,6,1,1,-94,1,543,8172,209,0,0 '
Received from ('fd00::200:0:0:10', 8765, 0, 0): b' 3145,16,11,1024,0,688,10,12,7,1,2,-70,4,1415,79183,203,0,0 '
Received from ('fd00::200:0:0:8', 8765, 0, 0): b' 3145,8,3,768,0,734,12,8,7,1,2,-70,2,731,7997,207,0,0 '
Received from ('fd00::200:0:0:12', 8765, 0, 0): b' 3145,18,14,1280,0,758,8,4,5,1,1,-52,0,932,10835,194,0,0 '
Received from ('fd00::200:0:0:b', 8765, 0, 0): b' 3146,11,3,768,0,666,11,13,7,1,1,-95,10,3202,22231,530,1,4 '
Received from ('fd00::200:0:0:9', 8765, 0, 0): b' 3145,9,5,768,0,736,12,4,7,1,2,-52,0,661,10395,195,0,0 '
Received from ('fd00::200:0:0:d', 8765, 0, 0): b' 3145,13,8,1024,10,763,10,5,7,1,2,-70,0,577,9129,204,0,0 '
Received from ('fd00::200:0:0:3', 8765, 0, 0): b' 3146,3,1,512,10,684,15,12,7,2,1,-64,10,5699,30965,209,0,0 '
Received from ('fd00::200:0:0:f', 8765, 0, 0): b' 3146,15,11,1024,0,729,8,15,7,1,2,-52,0,804,8813,173,0,0 '
Received from ('fd00::200:0:0:4', 8765, 0, 0): b' 3147,4,1,512,10,693,15,3,7,1,1,-66,1,719,10184,209,0,0 '
Received from ('fd00::200:0:0:7', 8765, 0, 0): b' 3147,7,4,768,0,670,10,8,7,1,3,-70,0,385,5470,192,0,0 '
Received from ('fd00::200:0:0:15', 8765, 0, 0): b' 3147,21,16,1280,0,699,6,3,5,1,1,-70,0,614,8654,201,0,0 '
Received from ('fd00::200:0:0:2', 8765, 0, 0): b' 3148,2,1,512,0,753,16,1,6,1,1,-88,0,360,6187,210,0,0 '
Received from ('fd00::200:0:0:c', 8765, 0, 0): b' 3147,12,11,1024,0,770,12,12,7,1,3,-52,0,1005,14491,204,0,0 '
Received from ('fd00::200:0:0:e', 8765, 0, 0): b' 3148,14,11,1024,0,731,11,3,7,1,2,-70,1,1151,9133,197,0,0 '
Received from ('fd00::200:0:0:a', 8765, 0, 0): b' 3148,10,11,1024,0,786,8,6,7,1,1,-52,0,625,6665,200,0,0 '
Received from ('fd00::200:0:0:1', 5678, 0, 0): b' 3150,1,0,256,0,25,0,0,4,0,0,0,10,2894,30628,4297,0,0 '
Received from ('fd00::200:0:0:11', 8765, 0, 0): b' 3148,17,16,1280,0,757,6,4,7,1,1,-52,0,411,5994,201,0,0 '
Received from ('fd00::200:0:0:5', 8765, 0, 0): b' 3151,5,1,512,0,699,16,1,6,1,1,-94,1,756,10075,209,0,0 '
Received from ('fd00::200:0:0:b', 8765, 0, 0): b' 3153,11,3,768,0,667,11,14,7,1,1,-95,10,3001,23379,531,1,4 '
Received from ('fd00::200:0:0:12', 8765, 0, 0): b' 3152,18,14,1280,0,758,8,4,5,1,1,-52,0,336,6265,195,0,0 '
Received from ('fd00::200:0:0:8', 8765, 0, 0): b' 3154,8,3,768,0,735,12,8,7,1,2,-70,2,906,13094,207,0,0 '
Received from ('fd00::200:0:0:6', 8765, 0, 0): b' 3153,6,3,768,10,759,11,3,7,1,2,-70,0,668,8443,199,0,0 '
Received from ('fd00::200:0:0:14', 8765, 0, 0): b' 3153,20,16,1280,0,721,8,8,7,1,2,-52,0,719,10946,177,0,0 '
Received from ('fd00::200:0:0:9', 8765, 0, 0): b' 3154,9,5,768,0,738,12,4,7,1,2,-52,0,669,8333,196,0,0 '
Received from ('fd00::200:0:0:3', 8765, 0, 0): b' 3154,3,1,512,10,688,15,12,7,2,1,-64,10,4049,24063,210,0,0 '
Received from ('fd00::200:0:0:e', 8765, 0, 0): b' 3153,14,11,1024,10,734,11,3,7,1,2,-70,1,821,7299,197,0,0 '
Received from ('fd00::200:0:0:d', 8765, 0, 0): b' 3154,13,8,1024,0,768,10,5,7,1,2,-70,0,954,11651,204,0,0 '
Received from ('fd00::200:0:0:11', 8765, 0, 0): b' 3153,17,16,1280,0,758,6,4,7,1,1,-52,0,418,5123,202,0,0 '
Received from ('fd00::200:0:0:13', 8765, 0, 0): b' 3153,19,16,1280,0,754,6,3,7,1,1,-70,0,1142,12113,197,0,0 '
Received from ('fd00::200:0:0:c', 8765, 0, 0): b' 3155,12,11,1024,0,773,12,12,7,1,3,-52,0,713,10772,205,0,0 '
Received from ('fd00::200:0:0:7', 8765, 0, 0): b' 3156,7,4,768,10,674,10,8,7,1,3,-70,0,876,9905,193,0,0 '
Received from ('fd00::200:0:0:1', 5678, 0, 0): b' 3157,1,0,256,0,25,0,0,4,0,0,0,10,2007,20374,4311,0,0 '
Received from ('fd00::200:0:0:10', 8765, 0, 0): b' 3157,16,11,1024,0,692,10,12,7,1,2,-70,4,3149,31121,203,0,0 '
Received from ('fd00::200:0:0:f', 8765, 0, 0): b' 3157,15,11,1024,0,733,8,15,7,1,2,-52,0,903,10867,174,0,0 '
Received from ('fd00::200:0:0:6', 8765, 0, 0): b' 3158,6,3,768,10,760,11,3,7,1,2,-70,0,355,3911,199,0,0 '
Received from ('fd00::200:0:0:4', 8765, 0, 0): b' 3158,4,1,512,0,697,15,3,7,1,1,-66,1,1534,19268,209,0,0 '
Received from ('fd00::200:0:0:2', 8765, 0, 0): b' 3159,2,1,512,0,755,16,1,6,1,1,-88,0,735,13318,211,0,0 '
Received from ('fd00::200:0:0:15', 8765, 0, 0): b' 3157,21,16,1280,20,704,6,3,5,1,1,-70,0,936,13492,202,0,0 '
Received from ('fd00::200:0:0:9', 8765, 0, 0): b' 3159,9,5,768,0,739,12,4,7,1,2,-52,0,384,4807,196,0,0 '
Received from ('fd00::200:0:0:a', 8765, 0, 0): b' 3159,10,11,1024,0,790,8,6,7,1,1,-52,0,902,11033,201,0,0 '
Received from ('fd00::200:0:0:e', 8765, 0, 0): b' 3159,14,11,1024,0,736,11,3,7,1,2,-70,1,765,7913,198,0,0 '
Received from ('fd00::200:0:0:8', 8765, 0, 0): b' 3161,8,3,768,0,737,12,8,7,1,2,-70,2,1092,11792,208,0,0 '
Received from ('fd00::200:0:0:c', 8765, 0, 0): b' 3159,12,11,1024,0,776,12,12,7,1,3,-52,0,574,5414,205,0,0 '
Received from ('fd00::200:0:0:7', 8765, 0, 0): b' 3162,7,4,768,0,676,10,8,7,1,3,-70,0,492,5723,193,0,0 '
Received from ('fd00::200:0:0:13', 8765, 0, 0): b' 3161,19,16,1280,0,757,6,3,7,1,1,-70,0,718,7299,197,0,0 '
Received from ('fd00::200:0:0:11', 8765, 0, 0): b' 3161,17,16,1280,0,761,6,4,7,1,1,-52,0,648,8239,202,0,0 '
Received from ('fd00::200:0:0:d', 8765, 0, 0): b' 3163,13,8,1024,0,771,10,5,7,1,2,-70,0,709,10782,205,0,0 '
Received from ('fd00::200:0:0:5', 8765, 0, 0): b' 3163,5,1,512,0,702,16,1,6,1,1,-94,1,1445,18889,210,0,0 '
Received from ('fd00::200:0:0:b', 8765, 0, 0): b' 3163,11,3,768,10,671,11,14,7,1,1,-95,10,5047,36685,534,1,4 '
Received from ('fd00::200:0:0:12', 8765, 0, 0): b' 3162,18,14,1280,10,760,8,4,5,1,1,-52,0,638,10086,195,0,0 '
Received from ('fd00::200:0:0:f', 8765, 0, 0): b' 3163,15,11,1024,0,735,8,15,7,1,2,-52,0,490,5443,174,0,0 '
Received from ('fd00::200:0:0:10', 8765, 0, 0): b' 3163,16,11,1024,0,696,10,12,7,1,2,-70,4,1922,18526,204,0,0 '
Received from ('fd00::200:0:0:15', 8765, 0, 0): b' 3163,21,16,1280,0,704,6,3,5,1,1,-70,0,445,7210,203,0,0 '
Received from ('fd00::200:0:0:4', 8765, 0, 0): b' 3165,4,1,512,10,700,15,3,7,1,1,-66,1,1110,11598,210,0,0 '
Received from ('fd00::200:0:0:2', 8765, 0, 0): b' 3166,2,1,512,0,758,16,1,6,1,1,-88,0,696,8785,211,0,0 '
Received from ('fd00::200:0:0:3', 8765, 0, 0): b' 3166,3,1,512,0,691,15,12,7,2,1,-64,10,6267,34747,211,0,0 '
Received from ('fd00::200:0:0:c', 8765, 0, 0): b' 3164,12,11,1024,0,778,12,12,7,1,3,-52,0,466,5777,205,0,0 '
Received from ('fd00::200:0:0:6', 8765, 0, 0): b' 3167,6,3,768,0,764,11,3,7,1,2,-70,0,804,9143,200,0,0 '
Received from ('fd00::200:0:0:9', 8765, 0, 0): b' 3166,9,5,768,0,740,12,4,7,1,2,-52,0,440,7164,197,0,0 '
Received from ('fd00::200:0:0:14', 8765, 0, 0): b' 3165,20,16,1280,0,722,8,8,7,1,2,-52,0,710,11325,178,0,0 '
Received from ('fd00::200:0:0:1', 5678, 0, 0): b' 3169,1,0,256,0,25,0,0,4,0,0,0,10,2817,30424,4326,0,0 '
Received from ('fd00::200:0:0:e', 8765, 0, 0): b' 3167,14,11,1024,0,739,11,3,7,1,2,-70,1,1030,10755,198,0,0 '
Received from ('fd00::200:0:0:4', 8765, 0, 0): b' 3170,4,1,512,0,701,15,3,7,1,1,-66,1,435,6948,210,0,0 '
Received from ('fd00::200:0:0:d', 8765, 0, 0): b' 3169,13,8,1024,0,772,10,5,7,1,2,-70,0,478,7239,205,0,0 '
Received from ('fd00::200:0:0:a', 8765, 0, 0): b' 3169,10,11,1024,10,793,8,6,7,1,1,-52,0,740,10108,201,0,0 '
Received from ('fd00::200:0:0:2', 8765, 0, 0): b' 3170,2,1,512,20,759,16,1,6,1,1,-88,0,231,5245,212,0,0 '
Received from ('fd00::200:0:0:7', 8765, 0, 0): b' 3171,7,4,768,0,680,10,8,7,1,3,-70,0,803,9348,194,0,0 '
Received from ('fd00::200:0:0:15', 8765, 0, 0): b' 3169,21,16,1280,10,707,6,3,5,1,1,-70,0,545,7975,203,0,0 '
Received from ('fd00::200:0:0:11', 8765, 0, 0): b' 3170,17,16,1280,0,764,6,4,7,1,1,-52,0,777,8941,203,0,0 '
Received from ('fd00::200:0:0:f', 8765, 0, 0): b' 3171,15,11,1024,0,740,8,15,7,1,2,-52,0,965,8576,175,0,0 '
Received from ('fd00::200:0:0:8', 8765, 0, 0): b' 3171,8,3,768,0,741,12,8,7,1,2,-70,2,1517,18039,209,0,0 '
Received from ('fd00::200:0:0:13', 8765, 0, 0): b' 3170,19,16,1280,0,760,6,3,7,1,1,-70,0,795,9157,198,0,0 '
Received from ('fd00::200:0:0:c', 8765, 0, 0): b' 3171,12,11,1024,0,782,12,12,7,1,3,-52,0,818,9292,206,0,0 '
Received from ('fd00::200:0:0:3', 8765, 0, 0): b' 3173,3,1,512,0,692,15,12,7,2,1,-64,10,3855,22844,211,0,0 '
Received from ('fd00::200:0:0:d', 8765, 0, 0): b' 3174,13,8,1024,20,774,10,5,7,1,2,-70,0,349,5196,206,0,0 '
Received from ('fd00::200:0:0:5', 8765, 0, 0): b' 3174,5,1,512,0,707,16,1,6,1,1,-94,1,1485,17714,211,0,0 '
Received from ('fd00::200:0:0:6', 8765, 0, 0): b' 3174,6,3,768,0,766,11,3,7,1,2,-70,0,612,8055,200,0,0 '
Received from ('fd00::200:0:0:b', 8765, 0, 0): b' 3174,11,3,768,20,676,11,14,7,1,1,-95,10,5576,39881,537,1,4 '
Received from ('fd00::200:0:0:a', 8765, 0, 0): b' 3173,10,11,1024,0,794,8,6,7,1,1,-52,0,445,5091,202,0,0 '
Received from ('fd00::200:0:0:7', 8765, 0, 0): b' 3176,7,4,768,0,681,10,8,7,1,3,-70,0,354,4814,194,0,0 '
Received from ('fd00::200:0:0:12', 8765, 0, 0): b' 3174,18,14,1280,0,764,8,4,5,1,1,-52,0,1001,11595,196,0,0 '
Received from ('fd00::200:0:0:10', 8765, 0, 0): b' 3174,16,11,1024,0,700,10,13,7,1,2,-70,4,3229,31304,205,0,0 '
Received from ('fd00::200:0:0:9', 8765, 0, 0): b' 3176,9,5,768,0,744,12,4,7,1,2,-52,0,850,10203,197,0,0 '
Received from ('fd00::200:0:0:e', 8765, 0, 0): b' 3174,14,11,1024,0,741,11,3,7,1,2,-70,1,1230,10812,199,0,0 '
Received from ('fd00::200:0:0:2', 8765, 0, 0): b' 3177,2,1,512,0,761,16,1,6,1,1,-88,0,720,8986,212,0,0 '
Received from ('fd00::200:0:0:14', 8765, 0, 0): b' 3177,20,16,1280,10,728,8,8,7,1,2,-52,0,1040,11585,179,0,0 '
Received from ('fd00::200:0:0:3', 8765, 0, 0): b' 3178,3,1,512,0,693,15,12,7,2,1,-64,10,2533,14376,211,0,0 '
Received from ('fd00::200:0:0:5', 8765, 0, 0): b' 3178,5,1,512,0,710,16,1,6,1,1,-94,1,864,7432,211,0,0 '
Received from ('fd00::200:0:0:8', 8765, 0, 0): b' 3179,8,3,768,0,744,12,8,7,1,2,-70,2,992,11265,209,0,0 '
Received from ('fd00::200:0:0:15', 8765, 0, 0): b' 3178,21,16,1280,10,710,6,3,5,1,1,-70,0,732,10274,204,0,0 '
Received from ('fd00::200:0:0:1', 5678, 0, 0): b' 3179,1,0,256,0,25,0,0,4,0,0,0,10,2975,30119,4343,0,0 '
Received from ('fd00::200:0:0:6', 8765, 0, 0): b' 3179,6,3,768,0,769,11,3,7,1,2,-70,0,630,4890,201,0,0 '
Received from ('fd00::200:0:0:a', 8765, 0, 0): b' 3179,10,11,1024,0,795,8,6,7,1,1,-52,0,356,4447,202,0,0 '
Received from ('fd00::200:0:0:b', 8765, 0, 0): b' 3180,11,3,768,30,678,11,14,7,1,1,-95,10,2478,16874,538,1,4 '
Received from ('fd00::200:0:0:d', 8765, 0, 0): b' 3181,13,8,1024,0,777,10,5,7,1,2,-70,0,823,9512,206,0,0 '
Received from ('fd00::200:0:0:4', 8765, 0, 0): b' 3181,4,1,512,10,704,15,3,7,1,1,-66,1,1389,18335,211,0,0 '
Received from ('fd00::200:0:0:9', 8765, 0, 0): b' 3181,9,5,768,0,745,12,4,7,1,2,-52,0,441,4948,198,0,0 '
Received from ('fd00::200:0:0:7', 8765, 0, 0): b' 3181,7,4,768,0,683,11,8,7,1,3,-70,0,571,5828,194,0,0 '
Received from ('fd00::200:0:0:13', 8765, 0, 0): b' 3181,19,16,1280,0,766,6,3,7,1,1,-70,0,1116,11330,199,0,0 '
Received from ('fd00::200:0:0:e', 8765, 0, 0): b' 3182,14,11,1024,0,744,11,3,7,1,2,-70,1,939,9301,199,0,0 '
Received from ('fd00::200:0:0:11', 8765, 0, 0): b' 3182,17,16,1280,0,766,6,4,7,1,1,-52,0,662,10223,203,0,0 '
Received from ('fd00::200:0:0:f', 8765, 0, 0): b' 3183,15,11,1024,0,743,8,15,7,1,2,-52,0,820,11511,176,0,0 '
Received from ('fd00::200:0:0:c', 8765, 0, 0): b' 3183,12,11,1024,10,787,12,12,7,1,3,-52,0,1040,14523,207,0,0 '
Received from ('fd00::200:0:0:10', 8765, 0, 0): b' 3184,16,11,1024,0,701,10,13,7,1,2,-70,4,2178,21525,205,0,0 '
Received from ('fd00::200:0:0:15', 8765, 0, 0): b' 3183,21,16,1280,10,713,6,3,5,1,1,-70,0,664,6909,204,0,0 '
Received from ('fd00::200:0:0:12', 8765, 0, 0): b' 3185,18,14,1280,10,766,9,4,5,1,1,-52,0,777,10248,197,0,0 '
Received from ('fd00::200:0:0:5', 8765, 0, 0): b' 3186,5,1,512,0,712,16,1,6,1,1,-94,1,830,11690,211,0,0 '
Received from ('fd00::200:0:0:3', 8765, 0, 0): b' 3186,3,1,512,0,696,15,12,7,2,1,-64,10,5000,26718,212,0,0 '
Received from ('fd00::200:0:0:13', 8765, 0, 0): b' 3186,19,16,1280,10,767,6,3,7,1,1,-70,0,365,4462,199,0,0 '
Received from ('fd00::200:0:0:2', 8765, 0, 0): b' 3187,2,1,512,0,763,16,1,6,1,1,-88,0,684,12558,213,0,0 '
Received from ('fd00::200:0:0:8', 8765, 0, 0): b' 3188,8,3,768,0,745,12,8,7,1,2,-70,2,1197,14768,210,0,0 '
Received from ('fd00::200:0:0:7', 8765, 0, 0): b' 3188,7,4,768,0,685,11,8,7,1,3,-70,0,637,7664,195,0,0 '
Received from ('fd00::200:0:0:1', 5678, 0, 0): b' 3189,1,0,256,0,25,0,0,4,0,0,0,10,2639,26426,4359,0,0 '
Received from ('fd00::200:0:0:6', 8765, 0, 0): b' 3189,6,3,768,0,776,11,3,7,1,2,-70,0,1135,10577,201,0,0 '
Received from ('fd00::200:0:0:14', 8765, 0, 0): b' 3187,20,16,1280,10,729,8,8,7,1,2,-52,0,642,10163,179,0,0 '
Received from ('fd00::200:0:0:11', 8765, 0, 0): b' 3189,17,16,1280,0,766,6,4,7,1,1,-52,0,336,6547,204,0,0 '
Received from ('fd00::200:0:0:a', 8765, 0, 0): b' 3189,10,11,1024,0,795,8,6,7,1,1,-52,0,480,9764,203,0,0 '
Received from ('fd00::200:0:0:5', 8765, 0, 0): b' 3190,5,1,512,0,712,16,1,6,1,1,-94,1,459,6711,212,0,0 '
Received from ('fd00::200:0:0:9', 8765, 0, 0): b' 3190,9,5,768,0,746,12,4,7,1,2,-52,0,408,8317,198,0,0 '
Received from ('fd00::200:0:0:b', 8765, 0, 0): b' 3191,11,3,768,30,680,11,14,7,1,1,-95,10,4726,35239,541,1,4 '
Received from ('fd00::200:0:0:3', 8765, 0, 0): b' 3191,3,1,512,10,697,15,12,7,2,1,-64,10,2515,15416,212,0,0 '
Received from ('fd00::200:0:0:13', 8765, 0, 0): b' 3190,19,16,1280,0,768,6,3,7,1,1,-70,0,290,4140,199,0,0 '
Received from ('fd00::200:0:0:c', 8765, 0, 0): b' 3190,12,11,1024,0,789,12,12,7,1,3,-52,0,523,9395,207,0,0 '
Received from ('fd00::200:0:0:15', 8765, 0, 0): b' 3190,21,16,1280,0,715,6,3,5,1,1,-70,0,615,8045,204,0,0 '
Received from ('fd00::200:0:0:e', 8765, 0, 0): b' 3192,14,11,1024,0,747,11,3,7,1,2,-70,1,1148,12430,200,0,0 '
Received from ('fd00::200:0:0:4', 8765, 0, 0): b' 3192,4,1,512,10,708,15,3,7,1,1,-66,1,1859,18714,212,0,0 '
Received from ('fd00::200:0:0:6', 8765, 0, 0): b' 3193,6,3,768,0,776,11,3,7,1,2,-70,0,311,3980,202,0,0 '
Received from ('fd00::200:0:0:d', 8765, 0, 0): b' 3193,13,8,1024,0,782,10,5,7,1,2,-70,0,1067,14883,207,0,0 '
Received from ('fd00::200:0:0:10', 8765, 0, 0): b' 3192,16,11,1024,0,702,10,13,7,1,2,-70,4,2336,23228,206,0,0 '
Received from ('fd00::200:0:0:f', 8765, 0, 0): b' 3193,15,11,1024,0,749,8,15,7,1,2,-52,0,1069,10497,176,0,0 '
Received from ('fd00::200:0:0:14', 8765, 0, 0): b' 3193,20,16,1280,0,730,8,8,7,1,2,-52,0,445,5592,180,0,0 '
Received from ('fd00::200:0:0:1', 5678, 0, 0): b' 3196,1,0,256,0,25,0,0,4,0,0,0,10,1703,18673,4368,0,0 '
Received from ('fd00::200:0:0:9', 8765, 0, 0): b' 3195,9,5,768,0,749,12,4,7,1,2,-52,0,654,5091,199,0,0 '
Received from ('fd00::200:0:0:13', 8765, 0, 0): b' 3194,19,16,1280,0,770,6,3,7,1,1,-70,0,525,4409,200,0,0 '
Received from ('fd00::200:0:0:7', 8765, 0, 0): b' 3197,7,4,768,0,688,11,8,7,1,3,-70,0,719,8176,195,0,0 '
Received from ('fd00::200:0:0:12', 8765, 0, 0): b' 3195,18,14,1280,0,770,9,4,5,1,1,-52,0,935,10284,198,0,0 '
Received from ('fd00::200:0:0:5', 8765, 0, 0): b' 3197,5,1,512,0,713,16,1,6,1,1,-94,1,986,11270,212,0,0 '
Received from ('fd00::200:0:0:c', 8765, 0, 0): b' 3196,12,11,1024,0,790,12,12,7,1,3,-52,0,445,6438,208,0,0 '
Received from ('fd00::200:0:0:e', 8765, 0, 0): b' 3196,14,11,1024,0,748,11,3,7,1,2,-70,1,721,6297,200,0,0 '
Received from ('fd00::200:0:0:4', 8765, 0, 0): b' 3198,4,1,512,0,709,15,3,7,1,1,-66,1,730,9480,212,0,0 '
Received from ('fd00::200:0:0:11', 8765, 0, 0): b' 3196,17,16,1280,0,768,6,4,7,1,1,-52,0,517,6800,204,0,0 '
Received from ('fd00::200:0:0:3', 8765, 0, 0): b' 3199,3,1,512,0,699,15,12,7,2,1,-64,10,3879,20769,213,0,0 '
Received from ('fd00::200:0:0:8', 8765, 0, 0): b' 3199,8,3,768,10,749,12,8,7,1,2,-70,2,1350,18440,210,0,0 '
Received from ('fd00::200:0:0:2', 8765, 0, 0): b' 3199,2,1,512,0,764,16,1,6,1,1,-88,0,651,14206,213,0,0 '
Received from ('fd00::200:0:0:d', 8765, 0, 0): b' 3200,13,8,1024,0,784,10,5,7,1,2,-70,0,496,7905,207,0,0 '
Received from ('fd00::200:0:0:a', 8765, 0, 0): b' 3200,10,11,1024,0,797,8,6,7,1,1,-52,0,718,11030,204,0,0 '
Received from ('fd00::200:0:0:11', 8765, 0, 0): b' 3200,17,16,1280,0,770,6,4,7,1,1,-52,0,525,4456,205,0,0 '
Received from ('fd00::200:0:0:9', 8765, 0, 0): b' 3201,9,5,768,0,752,12,4,7,1,2,-52,0,668,6468,199,0,0 '
Received from ('fd00::200:0:0:5', 8765, 0, 0): b' 3201,5,1,512,20,715,16,1,6,1,1,-94,1,608,7408,212,0,0 '
Received from ('fd00::200:0:0:1', 5678, 0, 0): b' 3202,1,0,256,0,25,0,0,4,0,0,0,10,1883,17777,4379,0,0 '
Received from ('fd00::200:0:0:14', 8765, 0, 0): b' 3201,20,16,1280,0,734,8,8,7,1,2,-52,0,732,7981,180,0,0 '
Received from ('fd00::200:0:0:e', 8765, 0, 0): b' 3201,14,11,1024,0,750,11,3,7,1,2,-70,1,628,6499,200,0,0 '
Received from ('fd00::200:0:0:b', 8765, 0, 0): b' 3203,11,3,768,30,682,11,14,7,1,1,-95,10,5529,39680,544,1,4 '
Received from ('fd00::200:0:0:15', 8765, 0, 0): b' 3202,21,16,1280,0,717,6,3,5,1,1,-70,0,746,13694,205,0,0 '
Received from ('fd00::200:0:0:6', 8765, 0, 0): b' 3204,6,3,768,0,780,11,3,7,1,2,-70,0,868,10977,202,0,0 '
Received from ('fd00::200:0:0:f', 8765, 0, 0): b' 3202,15,11,1024,20,750,8,15,7,1,2,-52,0,460,8329,177,0,0 '
Received from ('fd00::200:0:0:12', 8765, 0, 0): b' 3202,18,14,1280,0,773,9,4,5,1,1,-52,0,601,7003,198,0,0 '
Received from ('fd00::200:0:0:c', 8765, 0, 0): b' 3203,12,11,1024,0,795,12,12,7,1,3,-52,0,960,9504,208,0,0 '
Received from ('fd00::200:0:0:7', 8765, 0, 0): b' 3205,7,4,768,0,689,11,8,7,1,3,-70,0,464,8909,196,0,0 '
Received from ('fd00::200:0:0:10', 8765, 0, 0): b' 3204,16,11,1024,10,705,10,13,7,1,2,-70,4,3227,30230,207,0,0 '
Received from ('fd00::200:0:0:11', 8765, 0, 0): b' 3205,17,16,1280,0,772,6,4,7,1,1,-52,0,469,4689,205,0,0 '
Received from ('fd00::200:0:0:13', 8765, 0, 0): b' 3205,19,16,1280,0,772,6,3,7,1,1,-70,0,638,10099,200,0,0 '
Received from ('fd00::200:0:0:12', 8765, 0, 0): b' 3207,18,14,1280,10,773,9,4,5,1,1,-52,0,255,4117,198,0,0 '
Received from ('fd00::200:0:0:4', 8765, 0, 0): b' 3207,4,1,512,0,712,15,3,7,1,1,-66,1,1110,15402,213,0,0 '
Received from ('fd00::200:0:0:b', 8765, 0, 0): b' 3210,11,3,768,10,682,11,14,7,1,1,-95,10,2517,19097,545,1,4 '
Received from ('fd00::200:0:0:8', 8765, 0, 0): b' 3210,8,3,768,10,750,12,8,7,1,2,-70,2,1196,14915,211,0,0 '
Received from ('fd00::200:0:0:15', 8765, 0, 0): b' 3207,21,16,1280,0,718,6,3,5,1,1,-70,0,363,6386,205,0,0 '
Received from ('fd00::200:0:0:d', 8765, 0, 0): b' 3210,13,8,1024,0,788,10,5,7,1,2,-70,0,936,11715,208,0,0 '
Received from ('fd00::200:0:0:14', 8765, 0, 0): b' 3208,20,16,1280,0,739,8,8,7,1,2,-52,0,960,8235,181,0,0 '
Received from ('fd00::200:0:0:3', 8765, 0, 0): b' 3211,3,1,512,0,704,15,12,7,2,1,-64,10,6589,36554,214,0,0 '
Received from ('fd00::200:0:0:5', 8765, 0, 0): b' 3211,5,1,512,0,718,16,1,6,1,1,-94,1,1134,13620,213,0,0 '
Received from ('fd00::200:0:0:a', 8765, 0, 0): b' 3210,10,11,1024,10,799,8,6,7,1,1,-52,0,513,8244,204,0,0 '
Received from ('fd00::200:0:0:6', 8765, 0, 0): b' 3211,6,3,768,0,780,11,3,7,1,2,-70,0,334,7043,203,0,0 '
Received from ('fd00::200:0:0:9', 8765, 0, 0): b' 3210,9,5,768,0,752,12,4,7,1,2,-52,0,478,8665,200,0,0 '
Received from ('fd00::200:0:0:2', 8765, 0, 0): b' 3211,2,1,512,0,769,16,1,6,1,1,-88,0,1051,14781,214,0,0 '
Received from ('fd00::200:0:0:1', 5678, 0, 0): b' 3211,1,0,256,0,25,0,0,4,0,0,0,10,2474,25678,4392,0,0 '
Received from ('fd00::200:0:0:12', 8765, 0, 0): b' 3211,18,14,1280,0,774,9,4,5,1,1,-52,0,443,4509,199,0,0 '
Received from ('fd00::200:0:0:f', 8765, 0, 0): b' 3212,15,11,1024,0,753,8,15,7,1,2,-52,0,752,9197,177,0,0 '
Received from ('fd00::200:0:0:e', 8765, 0, 0): b' 3213,14,11,1024,0,753,11,3,7,1,2,-70,1,1560,15530,201,0,0 '
Received from ('fd00::200:0:0:10', 8765, 0, 0): b' 3214,16,11,1024,0,706,10,13,7,1,2,-70,4,2400,24424,207,0,0 '
Received from ('fd00::200:0:0:c', 8765, 0, 0): b' 3214,12,11,1024,0,796,12,12,7,1,3,-52,0,618,13064,209,0,0 '
Received from ('fd00::200:0:0:8', 8765, 0, 0): b' 3216,8,3,768,10,751,12,8,7,1,2,-70,2,760,11220,212,0,0 '
Received from ('fd00::200:0:0:7', 8765, 0, 0): b' 3216,7,4,768,0,694,11,8,7,1,3,-70,0,1007,10941,197,0,0 '
Received from ('fd00::200:0:0:11', 8765, 0, 0): b' 3215,17,16,1280,0,774,6,4,7,1,1,-52,0,694,9635,206,0,0 '
Received from ('fd00::200:0:0:13', 8765, 0, 0): b' 3215,19,16,1280,0,773,6,3,7,1,1,-70,0,582,9139,201,0,0 '
Received from ('fd00::200:0:0:3', 8765, 0, 0): b' 3217,3,1,512,0,704,15,12,7,2,1,-64,10,3378,20166,214,0,0 '
Received from ('fd00::200:0:0:4', 8765, 0, 0): b' 3217,4,1,512,0,712,15,3,7,1,1,-66,1,909,14961,213,0,0 '
Received from ('fd00::200:0:0:12', 8765, 0, 0): b' 3216,18,14,1280,0,777,9,4,5,1,1,-52,0,479,4753,199,0,0 '
Received from ('fd00::200:0:0:6', 8765, 0, 0): b' 3218,6,3,768,0,782,11,3,7,1,2,-70,0,612,6592,203,0,0 '
Received from ('fd00::200:0:0:1', 5678, 0, 0): b' 3218,1,0,256,0,25,0,0,4,0,0,0,10,1718,18002,4403,0,0 '
Received from ('fd00::200:0:0:a', 8765, 0, 0): b' 3218,10,11,1024,0,801,8,6,7,1,1,-52,0,671,7595,205,0,0 '
Received from ('fd00::200:0:0:15', 8765, 0, 0): b' 3216,21,16,1280,0,721,6,3,5,1,1,-70,0,829,11756,206,0,0 '
Received from ('fd00::200:0:0:d', 8765, 0, 0): b' 3219,13,8,1024,0,791,10,5,7,1,2,-70,0,727,12105,209,0,0 '
Received from ('fd00::200:0:0:5', 8765, 0, 0): b' 3220,5,1,512,0,719,16,1,6,1,1,-94,1,752,13379,213,0,0 '
Received from ('fd00::200:0:0:2', 8765, 0, 0): b' 3219,2,1,512,0,772,16,1,6,1,1,-88,0,699,10578,215,0,0 '
Received from ('fd00::200:0:0:10', 8765, 0, 0): b' 3219,16,11,1024,0,706,10,13,7,1,2,-70,4,1053,12275,207,0,0 '
Received from ('fd00::200:0:0:9', 8765, 0, 0): b' 3219,9,5,768,0,754,12,4,7,1,2,-52,0,612,8225,200,0,0 '
Received from ('fd00::200:0:0:b', 8765, 0, 0): b' 3220,11,3,768,40,686,11,14,7,1,1,-95,10,5356,37866,548,1,4 '
Received from ('fd00::200:0:0:f', 8765, 0, 0): b' 3219,15,11,1024,10,753,8,15,7,1,2,-52,0,433,6296,178,0,0 '
Received from ('fd00::200:0:0:14', 8765, 0, 0): b' 3218,20,16,1280,0,744,8,8,7,1,2,-52,0,852,9507,181,0,0 '
Received from ('fd00::200:0:0:e', 8765, 0, 0): b' 3220,14,11,1024,0,754,12,3,7,1,2,-70,1,899,9304,202,0,0 '
Received from ('fd00::200:0:0:8', 8765, 0, 0): b' 3222,8,3,768,0,754,12,8,7,1,2,-70,2,1035,11292,212,0,0 '
Received from ('fd00::200:0:0:12', 8765, 0, 0): b' 3221,18,14,1280,0,778,9,4,5,1,1,-52,0,362,4718,199,0,0 '
Received from ('fd00::200:0:0:c', 8765, 0, 0): b' 3222,12,11,1024,0,798,12,12,7,1,3,-52,0,521,9819,209,0,0 '
Received from ('fd00::200:0:0:15', 8765, 0, 0): b' 3220,21,16,1280,0,721,6,3,5,1,1,-70,0,159,4748,206,0,0 '
Received from ('fd00::200:0:0:11', 8765, 0, 0): b' 3222,17,16,1280,0,775,6,4,7,1,1,-52,0,410,6552,206,0,0 '
Received from ('fd00::200:0:0:14', 8765, 0, 0): b' 3222,20,16,1280,0,745,8,8,7,1,2,-52,0,418,4360,182,0,0 '
Received from ('fd00::200:0:0:13', 8765, 0, 0): b' 3222,19,16,1280,10,774,6,3,7,1,1,-70,0,386,6455,201,0,0 '
Received from ('fd00::200:0:0:1', 5678, 0, 0): b' 3226,1,0,256,0,25,0,0,4,0,0,0,10,1743,20974,4413,0,0 '
Received from ('fd00::200:0:0:5', 8765, 0, 0): b' 3227,5,1,512,0,720,16,1,6,1,1,-94,1,925,11602,214,0,0 '
Received from ('fd00::200:0:0:a', 8765, 0, 0): b' 3225,10,11,1024,0,802,8,6,7,1,1,-52,0,480,7926,205,0,0 '
Received from ('fd00::200:0:0:4', 8765, 0, 0): b' 3227,4,1,512,0,713,15,3,7,1,1,-66,1,886,15229,214,0,0 '
Received from ('fd00::200:0:0:7', 8765, 0, 0): b' 3227,7,4,768,0,700,11,8,7,1,3,-70,0,1090,11639,197,0,0 '
Received from ('fd00::200:0:0:3', 8765, 0, 0): b' 3228,3,1,512,20,705,15,12,7,2,1,-64,10,5631,33187,215,0,0 '
Received from ('fd00::200:0:0:e', 8765, 0, 0): b' 3226,14,11,1024,10,755,12,3,7,1,2,-70,1,736,9189,202,0,0 '
Received from ('fd00::200:0:0:6', 8765, 0, 0): b' 3227,6,3,768,10,785,11,3,7,1,2,-70,0,744,10047,204,0,0 '
Received from ('fd00::200:0:0:f', 8765, 0, 0): b' 3227,15,11,1024,0,757,8,15,7,1,2,-52,0,758,9334,178,0,0 '
Received from ('fd00::200:0:0:14', 8765, 0, 0): b' 3227,20,16,1280,0,746,8,8,7,1,2,-52,0,362,4519,182,0,0 '
Received from ('fd00::200:0:0:2', 8765, 0, 0): b' 3230,2,1,512,0,774,16,1,6,1,1,-88,0,712,12212,216,0,0 '
Received from ('fd00::200:0:0:b', 8765, 0, 0): b' 3229,11,3,768,10,688,11,14,7,1,1,-95,10,4763,32720,550,1,4 '
Received from ('fd00::200:0:0:9', 8765, 0, 0): b' 3230,9,5,768,0,755,12,4,7,1,2,-52,0,585,9426,201,0,0 '
Received from ('fd00::200:0:0:10', 8765, 0, 0): b' 3229,16,11,1024,0,712,10,13,7,1,2,-70,4,3343,30630,208,0,0 '
Received from ('fd00::200:0:0:d', 8765, 0, 0): b' 3230,13,8,1024,0,794,10,5,7,1,2,-70,0,770,14118,209,0,0 '
Received from ('fd00::200:0:0:13', 8765, 0, 0): b' 3231,19,16,1280,10,776,6,3,7,1,1,-70,0,564,7483,202,0,0 '
Received from ('fd00::200:0:0:8', 8765, 0, 0): b' 3231,8,3,768,0,757,12,8,7,1,2,-70,2,1243,14188,213,0,0 '
Received from ('fd00::200:0:0:5', 8765, 0, 0): b' 3232,5,1,512,0,721,16,1,6,1,1,-94,1,619,7717,214,0,0 '
Received from ('fd00::200:0:0:15', 8765, 0, 0): b' 3231,21,16,1280,0,726,6,3,5,1,1,-70,0,936,12286,207,0,0 '
Received from ('fd00::200:0:0:7', 8765, 0, 0): b' 3232,7,4,768,0,701,11,8,7,1,3,-70,0,418,4412,198,0,0 '
Received from ('fd00::200:0:0:6', 8765, 0, 0): b' 3232,6,3,768,0,786,11,3,7,1,2,-70,0,386,4430,204,0,0 '
Received from ('fd00::200:0:0:f', 8765, 0, 0): b' 3232,15,11,1024,0,760,8,15,7,1,2,-52,0,633,4871,179,0,0 '
Received from ('fd00::200:0:0:4', 8765, 0, 0): b' 3232,4,1,512,0,715,15,3,7,1,1,-66,1,988,9031,214,0,0 '
Received from ('fd00::200:0:0:3', 8765, 0, 0): b' 3234,3,1,512,20,707,15,12,7,2,1,-64,10,3264,16887,215,0,0 '
Received from ('fd00::200:0:0:c', 8765, 0, 0): b' 3234,12,11,1024,0,800,12,12,7,1,3,-52,0,725,13338,210,0,0 '
Received from ('fd00::200:0:0:1', 5678, 0, 0): b' 3234,1,0,256,0,25,0,0,4,0,0,0,10,2109,20922,4426,0,0 '
Received from ('fd00::200:0:0:12', 8765, 0, 0): b' 3232,18,14,1280,10,781,9,4,5,1,1,-52,0,788,10844,200,0,0 '
Received from ('fd00::200:0:0:a', 8765, 0, 0): b' 3233,10,11,1024,0,807,8,6,7,1,1,-52,0,991,8296,206,0,0 '
Received from ('fd00::200:0:0:11', 8765, 0, 0): b' 3234,17,16,1280,0,778,6,4,7,1,1,-52,0,801,10892,207,0,0 '
Received from ('fd00::200:0:0:15', 8765, 0, 0): b' 3235,21,16,1280,0,729,6,3,5,1,1,-70,0,577,5313,207,0,0 '
Received from ('fd00::200:0:0:14', 8765, 0, 0): b' 3235,20,16,1280,0,746,8,8,7,1,2,-52,0,303,7084,182,0,0 '
Received from ('fd00::200:0:0:b', 8765, 0, 0): b' 3237,11,3,768,0,688,11,14,7,1,1,-95,10,3315,24200,552,1,4 '
Received from ('fd00::200:0:0:6', 8765, 0, 0): b' 3237,6,3,768,0,786,11,3,7,1,2,-70,0,379,4567,205,0,0 '
Received from ('fd00::200:0:0:9', 8765, 0, 0): b' 3237,9,5,768,10,757,12,4,7,1,2,-52,0,547,6837,202,0,0 '
Received from ('fd00::200:0:0:4', 8765, 0, 0): b' 3237,4,1,512,0,717,15,3,7,1,1,-66,1,622,7771,215,0,0 '
Received from ('fd00::200:0:0:13', 8765, 0, 0): b' 3237,19,16,1280,0,777,6,3,7,1,1,-70,0,518,7254,202,0,0 '
Received from ('fd00::200:0:0:5', 8765, 0, 0): b' 3238,5,1,512,0,723,16,1,6,1,1,-94,1,962,11634,215,0,0 '
Received from ('fd00::200:0:0:11', 8765, 0, 0): b' 3238,17,16,1280,0,780,6,4,7,1,1,-52,0,494,4961,207,0,0 '
Received from ('fd00::200:0:0:2', 8765, 0, 0): b' 3239,2,1,512,0,776,16,1,6,1,1,-88,0,638,11293,216,0,0 '
Received from ('fd00::200:0:0:8', 8765, 0, 0): b' 3239,8,3,768,0,758,12,8,7,1,2,-70,2,719,11701,213,0,0 '
Received from ('fd00::200:0:0:e', 8765, 0, 0): b' 3238,14,11,1024,10,757,12,3,7,1,2,-70,1,1197,14899,203,0,0 '
Received from ('fd00::200:0:0:7', 8765, 0, 0): b' 3238,7,4,768,0,702,11,8,7,1,3,-70,0,408,6549,198,0,0 '
Received from ('fd00::200:0:0:f', 8765, 0, 0): b' 3239,15,11,1024,0,762,8,15,7,1,2,-52,0,681,7333,179,0,0 '
Received from ('fd00::200:0:0:d', 8765, 0, 0): b' 3241,13,8,1024,0,799,10,5,7,1,2,-70,0,1044,12917,210,0,0 '
Received from ('fd00::200:0:0:10', 8765, 0, 0): b' 3240,16,11,1024,0,713,10,13,7,1,2,-70,4,2881,28538,209,0,0 '
Received from ('fd00::200:0:0:5', 8765, 0, 0): b' 3242,5,1,512,0,724,16,1,6,1,1,-94,1,377,5948,215,0,0 '
Received from ('fd00::200:0:0:1', 5678, 0, 0): b' 3243,1,0,256,0,25,0,0,4,0,0,0,10,2607,25416,4440,0,0 '
Received from ('fd00::200:0:0:a', 8765, 0, 0): b' 3242,10,11,1024,0,808,8,6,7,1,1,-52,0,434,7985,206,0,0 '
Received from ('fd00::200:0:0:3', 8765, 0, 0): b' 3244,3,1,512,10,709,15,12,7,2,1,-64,10,5501,31368,216,0,0 '
Received from ('fd00::200:0:0:13', 8765, 0, 0): b' 3242,19,16,1280,0,779,6,3,7,1,1,-70,0,525,4469,203,0,0 '
Received from ('fd00::200:0:0:7', 8765, 0, 0): b' 3244,7,4,768,0,703,11,8,7,1,3,-70,0,416,5114,199,0,0 '
Received from ('fd00::200:0:0:12', 8765, 0, 0): b' 3243,18,14,1280,0,785,9,4,5,1,1,-52,0,1042,11000,201,0,0 '
Received from ('fd00::200:0:0:8', 8765, 0, 0): b' 3244,8,3,768,0,759,12,8,7,1,2,-70,2,760,8604,214,0,0 '
Received from ('fd00::200:0:0:e', 8765, 0, 0): b' 3243,14,11,1024,0,757,12,3,7,1,2,-70,1,696,6893,203,0,0 '
Received from ('fd00::200:0:0:4', 8765, 0, 0): b' 3244,4,1,512,10,721,15,3,7,1,1,-66,1,1087,11052,215,0,0 '
Received from ('fd00::200:0:0:b', 8765, 0, 0): b' 3245,11,3,768,20,690,11,14,7,1,1,-95,10,3674,25628,554,1,4 '
Received from ('fd00::200:0:0:c', 8765, 0, 0): b' 3245,12,11,1024,0,802,12,12,7,1,3,-52,0,750,14055,211,0,0 '
Received from ('fd00::200:0:0:15', 8765, 0, 0): b' 3245,21,16,1280,0,732,6,3,5,1,1,-70,0,829,12844,208,0,0 '
Received from ('fd00::200:0:0:14', 8765, 0, 0): b' 3247,20,16,1280,0,748,8,8,7,1,2,-52,0,718,11104,183,0,0 '
Received from ('fd00::200:0:0:a', 8765, 0, 0): b' 3247,10,11,1024,10,810,8,6,7,1,1,-52,0,525,5525,207,0,0 '
Received from ('fd00::200:0:0:9', 8765, 0, 0): b' 3248,9,5,768,10,762,12,4,7,1,2,-52,0,875,10776,202,0,0 '
Received from ('fd00::200:0:0:10', 8765, 0, 0): b' 3248,16,11,1024,0,715,10,13,7,1,2,-70,4,1954,19196,209,0,0 '
Received from ('fd00::200:0:0:6', 8765, 0, 0): b' 3247,6,3,768,10,789,11,3,7,1,2,-70,0,743,9900,205,0,0 '
Received from ('fd00::200:0:0:f', 8765, 0, 0): b' 3248,15,11,1024,0,764,8,15,7,1,2,-52,0,598,8588,180,0,0 '
Received from ('fd00::200:0:0:d', 8765, 0, 0): b' 3249,13,8,1024,10,803,10,5,7,1,2,-70,0,808,10463,211,0,0 '
Received from ('fd00::200:0:0:b', 8765, 0, 0): b' 3250,11,3,768,20,690,11,14,7,1,1,-95,10,1834,15131,555,1,4 '
Received from ('fd00::200:0:0:2', 8765, 0, 0): b' 3249,2,1,512,0,780,16,1,6,1,1,-88,0,926,12738,217,0,0 '
Received from ('fd00::200:0:0:11', 8765, 0, 0): b' 3248,17,16,1280,0,781,6,4,7,1,1,-52,0,587,9515,208,0,0 '
Received from ('fd00::200:0:0:c', 8765, 0, 0): b' 3251,12,11,1024,0,803,12,12,7,1,3,-52,0,390,7474,211,0,0 '
Received from ('fd00::200:0:0:12', 8765, 0, 0): b' 3251,18,14,1280,0,786,9,4,5,1,1,-52,0,486,6719,201,0,0 '
Received from ('fd00::200:0:0:15', 8765, 0, 0): b' 3250,21,16,1280,10,734,6,3,5,1,1,-70,0,387,6236,208,0,0 '
Received from ('fd00::200:0:0:14', 8765, 0, 0): b' 3251,20,16,1280,0,751,8,8,7,1,2,-52,0,577,4314,183,0,0 '
Received from ('fd00::200:0:0:1', 5678, 0, 0): b' 3252,1,0,256,0,25,0,0,4,0,0,0,10,2475,24998,4454,0,0 '
Received from ('fd00::200:0:0:3', 8765, 0, 0): b' 3253,3,1,512,0,710,15,12,7,2,1,-64,10,4903,26652,216,0,0 '
Received from ('fd00::200:0:0:e', 8765, 0, 0): b' 3252,14,11,1024,0,758,12,3,7,1,2,-70,1,852,10564,204,0,0 '
Received from ('fd00::200:0:0:6', 8765, 0, 0): b' 3254,6,3,768,0,793,12,3,7,1,2,-70,0,842,6294,206,0,0 '
Received from ('fd00::200:0:0:13', 8765, 0, 0): b' 3252,19,16,1280,10,783,6,3,7,1,1,-70,0,852,10000,203,0,0 '
Received from ('fd00::200:0:0:5', 8765, 0, 0): b' 3253,5,1,512,0,725,16,1,6,1,1,-94,1,1089,16459,216,0,0 '
Received from ('fd00::200:0:0:4', 8765, 0, 0): b' 3254,4,1,512,0,723,15,3,7,1,1,-66,1,1204,15152,216,0,0 '
Received from ('fd00::200:0:0:9', 8765, 0, 0): b' 3255,9,5,768,0,763,12,4,7,1,2,-52,0,549,5998,203,0,0 '
Received from ('fd00::200:0:0:a', 8765, 0, 0): b' 3254,10,11,1024,10,815,8,6,7,1,1,-52,0,823,6967,207,0,0 '
Received from ('fd00::200:0:0:8', 8765, 0, 0): b' 3255,8,3,768,0,764,12,8,7,1,2,-70,2,1772,18547,214,0,0 '
Received from ('fd00::200:0:0:7', 8765, 0, 0): b' 3255,7,4,768,0,709,11,8,7,1,3,-70,0,1088,11661,199,0,0 '
Received from ('fd00::200:0:0:f', 8765, 0, 0): b' 3254,15,11,1024,0,768,8,15,7,1,2,-52,0,708,6438,180,0,0 '
Received from ('fd00::200:0:0:2', 8765, 0, 0): b' 3258,2,1,512,10,783,16,1,6,1,1,-88,0,623,10116,218,0,0 '
Received from ('fd00::200:0:0:d', 8765, 0, 0): b' 3259,13,8,1024,0,807,11,5,7,1,2,-70,0,1036,12695,211,0,0 '
Received from ('fd00::200:0:0:b', 8765, 0, 0): b' 3259,11,3,768,20,693,11,14,7,1,1,-95,10,4593,33477,558,1,4 '
Received from ('fd00::200:0:0:6', 8765, 0, 0): b' 3259,6,3,768,0,794,12,3,7,1,2,-70,0,384,6059,206,0,0 '
Received from ('fd00::200:0:0:3', 8765, 0, 0): b' 3259,3,1,512,0,711,15,12,7,2,1,-64,10,3892,22564,217,0,0 '
Received from ('fd00::200:0:0:10', 8765, 0, 0): b' 3258,16,11,1024,0,716,10,13,7,1,2,-70,4,2596,27197,210,0,0 '
Received from ('fd00::200:0:0:11', 8765, 0, 0): b' 3258,17,16,1280,0,783,6,4,7,1,1,-52,0,694,9649,209,0,0 '
Received from ('fd00::200:0:0:e', 8765, 0, 0): b' 3260,14,11,1024,0,761,12,3,7,1,2,-70,1,888,10064,204,0,0 '
Received from ('fd00::200:0:0:1', 5678, 0, 0): b' 3261,1,0,256,0,25,0,0,4,0,0,0,10,2339,24787,4469,0,0 '
Received from ('fd00::200:0:0:14', 8765, 0, 0): b' 3261,20,16,1280,0,752,8,8,7,1,2,-52,0,587,9001,184,0,0 '
Received from ('fd00::200:0:0:12', 8765, 0, 0): b' 3262,18,14,1280,0,788,9,4,5,1,1,-52,0,718,10482,202,0,0 '
Received from ('fd00::200:0:0:5', 8765, 0, 0): b' 3262,5,1,512,0,727,16,1,6,1,1,-94,1,925,14004,216,0,0 '
Received from ('fd00::200:0:0:7', 8765, 0, 0): b' 3261,7,4,768,0,711,11,8,7,1,3,-70,0,670,7293,200,0,0 '
Received from ('fd00::200:0:0:13', 8765, 0, 0): b' 3261,19,16,1280,0,783,6,3,7,1,1,-70,0,386,8763,204,0,0 '
Received from ('fd00::200:0:0:a', 8765, 0, 0): b' 3262,10,11,1024,0,819,8,6,7,1,1,-52,0,895,7985,208,0,0 '
Received from ('fd00::200:0:0:15', 8765, 0, 0): b' 3262,21,16,1280,0,735,6,3,5,1,1,-70,0,723,13136,209,0,0 '
Received from ('fd00::200:0:0:3', 8765, 0, 0): b' 3263,3,1,512,10,711,15,12,7,2,1,-64,10,2072,12554,217,0,0 '
Received from ('fd00::200:0:0:8', 8765, 0, 0): b' 3263,8,3,768,0,765,12,8,7,1,2,-70,2,1084,14263,215,0,0 '
Received from ('fd00::200:0:0:c', 8765, 0, 0): b' 3263,12,11,1024,0,806,12,12,7,1,3,-52,0,953,14389,212,0,0 '
Received from ('fd00::200:0:0:10', 8765, 0, 0): b' 3263,16,11,1024,0,717,10,13,7,1,2,-70,4,1171,11604,210,0,0 '
Received from ('fd00::200:0:0:9', 8765, 0, 0): b' 3264,9,5,768,0,764,12,4,7,1,2,-52,0,530,9762,203,0,0 '
Received from ('fd00::200:0:0:4', 8765, 0, 0): b' 3265,4,1,512,0,725,15,3,7,1,1,-66,1,1340,17706,217,0,0 '
Received from ('fd00::200:0:0:f', 8765, 0, 0): b' 3265,15,11,1024,0,771,8,15,7,1,2,-52,0,802,10644,181,0,0 '
Received from ('fd00::200:0:0:11', 8765, 0, 0): b' 3266,17,16,1280,10,786,6,4,7,1,1,-52,0,493,6459,209,0,0 '
Received from ('fd00::200:0:0:14', 8765, 0, 0): b' 3265,20,16,1280,10,754,8,8,7,1,2,-52,0,469,4672,184,0,0 '
Received from ('fd00::200:0:0:d', 8765, 0, 0): b' 3268,13,8,1024,10,807,11,5,7,1,2,-70,0,390,10013,212,0,0 '
Received from ('fd00::200:0:0:2', 8765, 0, 0): b' 3267,2,1,512,0,788,16,1,6,1,1,-88,0,1034,12723,218,0,0 '
Received from ('fd00::200:0:0:13', 8765, 0, 0): b' 3267,19,16,1280,0,783,6,3,7,1,1,-70,0,279,4722,204,0,0 '
Received from ('fd00::200:0:0:e', 8765, 0, 0): b' 3267,14,11,1024,0,762,12,3,7,1,2,-70,1,827,9173,205,0,0 '
Received from ('fd00::200:0:0:6', 8765, 0, 0): b' 3267,6,3,768,0,797,12,3,7,1,2,-70,0,793,8888,207,0,0 '
Received from ('fd00::200:0:0:12', 8765, 0, 0): b' 3267,18,14,1280,0,789,9,4,5,1,1,-52,0,387,5326,202,0,0 '
Received from ('fd00::200:0:0:a', 8765, 0, 0): b' 3268,10,11,1024,0,821,8,6,7,1,1,-52,0,493,6170,208,0,0 '
Received from ('fd00::200:0:0:7', 8765, 0, 0): b' 3268,7,4,768,0,712,11,8,7,1,3,-70,0,384,6318,200,0,0 '
Received from ('fd00::200:0:0:1', 5678, 0, 0): b' 3270,1,0,256,0,25,0,0,4,0,0,0,10,2219,24079,4479,0,0 '
Received from ('fd00::200:0:0:b', 8765, 0, 0): b' 3269,11,3,768,20,697,11,14,7,1,1,-95,10,5198,35671,561,1,4 '
Received from ('fd00::200:0:0:9', 8765, 0, 0): b' 3270,9,5,768,0,764,12,4,7,1,2,-52,0,333,5401,204,0,0 '
Received from ('fd00::200:0:0:15', 8765, 0, 0): b' 3269,21,16,1280,0,737,6,3,5,1,1,-70,0,588,8866,209,0,0 '
Received from ('fd00::200:0:0:14', 8765, 0, 0): b' 3270,20,16,1280,0,756,8,8,7,1,2,-52,0,453,4803,185,0,0 '
Received from ('fd00::200:0:0:8', 8765, 0, 0): b' 3271,8,3,768,0,765,12,8,7,1,2,-70,2,541,10725,215,0,0 '
Received from ('fd00::200:0:0:c', 8765, 0, 0): b' 3271,12,11,1024,0,809,12,12,7,1,3,-52,0,628,9366,212,0,0 '
Received from ('fd00::200:0:0:10', 8765, 0, 0): b' 3270,16,11,1024,10,719,10,13,7,1,2,-70,4,2021,19005,211,0,0 '
Received from ('fd00::200:0:0:5', 8765, 0, 0): b' 3272,5,1,512,0,732,16,1,6,1,1,-94,1,1606,16799,217,0,0 '
Received from ('fd00::200:0:0:4', 8765, 0, 0): b' 3272,4,1,512,10,729,15,3,7,1,1,-66,1,1021,12160,217,0,0 '
Received from ('fd00::200:0:0:f', 8765, 0, 0): b' 3271,15,11,1024,0,772,8,15,7,1,2,-52,0,389,5660,181,0,0 '
Received from ('fd00::200:0:0:d', 8765, 0, 0): b' 3272,13,8,1024,0,807,11,5,7,1,2,-70,0,282,6933,212,0,0 '
Received from ('fd00::200:0:0:3', 8765, 0, 0): b' 3274,3,1,512,0,713,15,12,7,2,1,-64,10,6043,33926,218,0,0 '
Received from ('fd00::200:0:0:11', 8765, 0, 0): b' 3274,17,16,1280,10,786,6,4,7,1,1,-52,0,564,8074,210,0,0 '
Received from ('fd00::200:0:0:12', 8765, 0, 0): b' 3275,18,14,1280,10,792,9,4,5,1,1,-52,0,549,7234,203,0,0 '
Received from ('fd00::200:0:0:1', 5678, 0, 0): b' 3276,1,0,256,0,25,0,0,4,0,0,0,10,1865,16915,4491,0,0 '
Received from ('fd00::200:0:0:14', 8765, 0, 0): b' 3274,20,16,1280,10,758,8,8,7,1,2,-52,0,469,5508,185,0,0 '
Received from ('fd00::200:0:0:a', 8765, 0, 0): b' 3276,10,11,1024,0,821,8,6,7,1,1,-52,0,456,7574,209,0,0 '
Received from ('fd00::200:0:0:b', 8765, 0, 0): b' 3277,11,3,768,10,699,11,14,7,1,1,-95,10,3610,25829,562,1,4 '
Received from ('fd00::200:0:0:8', 8765, 0, 0): b' 3278,8,3,768,0,766,12,8,7,1,2,-70,2,1000,11640,216,0,0 '
Received from ('fd00::200:0:0:6', 8765, 0, 0): b' 3278,6,3,768,0,800,12,3,7,1,2,-70,0,743,10180,207,0,0 '
Received from ('fd00::200:0:0:2', 8765, 0, 0): b' 3279,2,1,512,0,790,16,1,6,1,1,-88,0,737,14140,219,0,0 '
Received from ('fd00::200:0:0:7', 8765, 0, 0): b' 3277,7,4,768,0,715,11,8,7,1,3,-70,0,696,8936,201,0,0 '
Received from ('fd00::200:0:0:e', 8765, 0, 0): b' 3277,14,11,1024,0,764,12,3,7,1,2,-70,1,1366,14481,206,0,0 '
Received from ('fd00::200:0:0:c', 8765, 0, 0): b' 3277,12,11,1024,0,812,12,12,7,1,3,-52,0,802,10726,213,0,0 '
Received from ('fd00::200:0:0:9', 8765, 0, 0): b' 3279,9,5,768,0,767,12,4,7,1,2,-52,0,799,9191,205,0,0 '
Received from ('fd00::200:0:0:13', 8765, 0, 0): b' 3277,19,16,1280,0,787,6,3,7,1,1,-70,0,1089,11810,205,0,0 '
Received from ('fd00::200:0:0:1', 5678, 0, 0): b' 3281,1,0,256,0,25,0,0,4,0,0,0,10,1117,11792,4498,0,0 '
Received from ('fd00::200:0:0:f', 8765, 0, 0): b' 3278,15,11,1024,0,775,8,15,7,1,2,-52,0,772,7601,182,0,0 '
Received from ('fd00::200:0:0:11', 8765, 0, 0): b' 3278,17,16,1280,0,787,6,4,7,1,1,-52,0,290,4910,210,0,0 '
Received from ('fd00::200:0:0:3', 8765, 0, 0): b' 3281,3,1,512,0,715,15,12,7,2,1,-64,10,3644,19325,218,0,0 '
Received from ('fd00::200:0:0:15', 8765, 0, 0): b' 3279,21,16,1280,0,741,6,3,5,1,1,-70,0,960,14923,210,0,0 '
Received from ('fd00::200:0:0:4', 8765, 0, 0): b' 3281,4,1,512,0,732,15,3,7,1,1,-66,1,1248,14501,218,0,0 '
Received from ('fd00::200:0:0:10', 8765, 0, 0): b' 3281,16,11,1024,0,719,10,13,7,1,2,-70,4,2707,29929,212,0,0 '
Received from ('fd00::200:0:0:d', 8765, 0, 0): b' 3282,13,8,1024,0,808,11,5,7,1,2,-70,0,615,10881,213,0,0 '
Received from ('fd00::200:0:0:5', 8765, 0, 0): b' 3282,5,1,512,0,737,16,1,6,1,1,-94,1,1462,15746,218,0,0 '
Received from ('fd00::200:0:0:b', 8765, 0, 0): b' 3283,11,3,768,10,700,11,14,7,1,1,-95,10,2620,19374,564,1,4 '
Received from ('fd00::200:0:0:f', 8765, 0, 0): b' 3283,15,11,1024,0,778,8,15,7,1,2,-52,0,480,4677,182,0,0 '
Received from ('fd00::200:0:0:13', 8765, 0, 0): b' 3282,19,16,1280,0,787,6,3,7,1,1,-70,0,161,4399,205,0,0 '
Received from ('fd00::200:0:0:e', 8765, 0, 0): b' 3284,14,11,1024,0,765,12,3,7,1,2,-70,1,530,7275,206,0,0 '
Received from ('fd00::200:0:0:7', 8765, 0, 0): b' 3284,7,4,768,0,718,11,8,7,1,3,-70,0,695,6393,201,0,0 '
Received from ('fd00::200:0:0:9', 8765, 0, 0): b' 3285,9,5,768,0,769,12,4,7,1,2,-52,0,491,5362,205,0,0 '
Received from ('fd00::200:0:0:3', 8765, 0, 0): b' 3285,3,1,512,10,717,15,12,7,2,1,-64,10,2204,13209,219,0,0 '
Received from ('fd00::200:0:0:12', 8765, 0, 0): b' 3284,18,14,1280,0,796,9,4,5,1,1,-52,0,1040,10660,204,0,0 '
Received from ('fd00::200:0:0:c', 8765, 0, 0): b' 3287,12,11,1024,0,814,12,12,7,1,3,-52,0,731,10505,214,0,0 '
Received from ('fd00::200:0:0:11', 8765, 0, 0): b' 3286,17,16,1280,0,788,6,4,7,1,1,-52,0,507,7208,210,0,0 '
Received from ('fd00::200:0:0:6', 8765, 0, 0): b' 3287,6,3,768,10,800,12,3,7,1,2,-70,0,358,7875,208,0,0 '
Received from ('fd00::200:0:0:2', 8765, 0, 0): b' 3287,2,1,512,10,794,16,1,6,1,1,-88,0,698,10192,220,0,0 '
Received from ('fd00::200:0:0:14', 8765, 0, 0): b' 3287,20,16,1280,0,760,8,8,7,1,2,-52,0,817,10775,186,0,0 '
Received from ('fd00::200:0:0:a', 8765, 0, 0): b' 3287,10,11,1024,10,827,8,6,7,1,1,-52,0,959,10140,209,0,0 '
Received from ('fd00::200:0:0:1', 5678, 0, 0): b' 3289,1,0,256,0,25,0,0,4,0,0,0,10,2286,23021,4510,0,0 '
Received from ('fd00::200:0:0:b', 8765, 0, 0): b' 3289,11,3,768,0,700,11,14,7,1,1,-95,10,3111,22601,565,1,4 '
Received from ('fd00::200:0:0:8', 8765, 0, 0): b' 3289,8,3,768,10,769,12,8,7,1,2,-70,2,1175,17893,217,0,0 '
Received from ('fd00::200:0:0:15', 8765, 0, 0): b' 3289,21,16,1280,0,744,6,3,5,1,1,-70,0,806,10920,211,0,0 '
Received from ('fd00::200:0:0:f', 8765, 0, 0): b' 3289,15,11,1024,0,779,8,15,7,1,2,-52,0,564,7250,183,0,0 '
Received from ('fd00::200:0:0:10', 8765, 0, 0): b' 3290,16,11,1024,0,721,10,13,7,1,2,-70,4,2511,24390,212,0,0 '
Received from ('fd00::200:0:0:9', 8765, 0, 0): b' 3291,9,5,768,0,770,12,4,7,1,2,-52,0,450,6307,205,0,0 '
Received from ('fd00::200:0:0:4', 8765, 0, 0): b' 3291,4,1,512,0,737,15,4,7,1,1,-66,1,1386,16126,218,0,0 '
Received from ('fd00::200:0:0:13', 8765, 0, 0): b' 3291,19,16,1280,0,789,6,3,7,1,1,-70,0,670,8119,206,0,0 '
Received from ('fd00::200:0:0:12', 8765, 0, 0): b' 3293,18,14,1280,0,799,9,4,5,1,1,-52,0,603,7133,204,0,0 '
Received from ('fd00::200:0:0:d', 8765, 0, 0): b' 3292,13,8,1024,0,811,11,5,7,1,2,-70,0,830,13064,214,0,0 '
Received from ('fd00::200:0:0:a', 8765, 0, 0): b' 3291,10,11,1024,10,830,8,6,7,1,1,-52,0,659,6080,210,0,0 '
Received from ('fd00::200:0:0:5', 8765, 0, 0): b' 3293,5,1,512,0,740,16,1,6,1,1,-94,1,1359,16775,218,0,0 '
Received from ('fd00::200:0:0:6', 8765, 0, 0): b' 3292,6,3,768,10,802,12,3,7,1,2,-70,0,492,5858,208,0,0 '
Received from ('fd00::200:0:0:3', 8765, 0, 0): b' 3294,3,1,512,0,717,15,12,7,2,1,-64,10,4917,26283,219,0,0 '
Received from ('fd00::200:0:0:e', 8765, 0, 0): b' 3293,14,11,1024,0,768,12,3,7,1,2,-70,1,1445,13835,207,0,0 '
Received from ('fd00::200:0:0:15', 8765, 0, 0): b' 3292,21,16,1280,0,746,6,3,5,1,1,-70,0,494,5725,211,0,0 '
Received from ('fd00::200:0:0:b', 8765, 0, 0): b' 3295,11,3,768,0,700,11,14,7,1,1,-95,10,2689,18169,567,1,4 '
Received from ('fd00::200:0:0:7', 8765, 0, 0): b' 3295,7,4,768,0,718,11,8,7,1,3,-70,0,478,10229,202,0,0 '
Received from ('fd00::200:0:0:2', 8765, 0, 0): b' 3295,2,1,512,10,797,16,1,6,1,1,-88,0,828,10593,220,0,0 '
Received from ('fd00::200:0:0:14', 8765, 0, 0): b' 3295,20,16,1280,0,761,8,8,7,1,2,-52,0,435,8770,186,0,0 '
Received from ('fd00::200:0:0:f', 8765, 0, 0): b' 3296,15,11,1024,0,781,8,15,7,1,2,-52,0,494,6583,183,0,0 '
Received from ('fd00::200:0:0:8', 8765, 0, 0): b' 3297,8,3,768,0,772,12,8,7,1,2,-70,2,1201,12756,217,0,0 '
Received from ('fd00::200:0:0:4', 8765, 0, 0): b' 3298,4,1,512,0,740,15,4,7,1,1,-66,1,1014,11135,219,0,0 '
Received from ('fd00::200:0:0:11', 8765, 0, 0): b' 3296,17,16,1280,0,791,6,4,7,1,1,-52,0,801,10440,211,0,0 '
Received from ('fd00::200:0:0:1', 5678, 0, 0): b' 3299,1,0,256,0,25,0,0,4,0,0,0,10,2617,27916,4524,0,0 '
Received from ('fd00::200:0:0:c', 8765, 0, 0): b' 3297,12,11,1024,0,819,12,12,7,1,3,-52,0,1071,14540,214,0,0 '
Received from ('fd00::200:0:0:9', 8765, 0, 0): b' 3299,9,5,768,10,773,12,4,7,1,2,-52,0,654,7073,206,0,0 '
Received from ('fd00::200:0:0:12', 8765, 0, 0): b' 3298,18,14,1280,0,801,9,4,5,1,1,-52,0,670,6925,205,0,0 '
Received from ('fd00::200:0:0:13', 8765, 0, 0): b' 3299,19,16,1280,0,790,6,3,7,1,1,-70,0,410,7692,206,0,0 '
Received from ('fd00::200:0:0:7', 8765, 0, 0): b' 3300,7,4,768,0,721,11,8,7,1,3,-70,0,599,5636,202,0,0 '
Received from ('fd00::200:0:0:10', 8765, 0, 0): b' 3299,16,11,1024,0,725,10,13,7,1,2,-70,4,2351,23928,213,0,0 '
Received from ('fd00::200:0:0:a', 8765, 0, 0): b' 3299,10,11,1024,0,831,8,6,7,1,1,-52,0,518,7335,210,0,0 '
Received from ('fd00::200:0:0:8', 8765, 0, 0): b' 3303,8,3,768,0,773,12,8,7,1,2,-70,2,558,7609,218,0,0 '
Received from ('fd00::200:0:0:c', 8765, 0, 0): b' 3301,12,11,1024,0,821,12,12,7,1,3,-52,0,558,5731,215,0,0 '
Received from ('fd00::200:0:0:5', 8765, 0, 0): b' 3304,5,1,512,0,742,16,1,6,1,1,-94,1,1100,15634,219,0,0 '
Received from ('fd00::200:0:0:6', 8765, 0, 0): b' 3304,6,3,768,0,806,12,3,7,1,2,-70,0,932,10308,209,0,0 '
Received from ('fd00::200:0:0:4', 8765, 0, 0): b' 3305,4,1,512,0,741,15,4,7,1,1,-66,1,729,9518,219,0,0 '
Received from ('fd00::200:0:0:b', 8765, 0, 0): b' 3305,11,3,768,10,702,11,14,7,1,1,-95,10,3843,29892,569,1,4 '
Received from ('fd00::200:0:0:e', 8765, 0, 0): b' 3303,14,11,1024,0,770,12,3,7,1,2,-70,1,1107,12809,207,0,0 '
Received from ('fd00::200:0:0:d', 8765, 0, 0): b' 3304,13,8,1024,0,815,11,5,7,1,2,-70,0,896,14438,214,0,0 '
Received from ('fd00::200:0:0:14', 8765, 0, 0): b' 3304,20,16,1280,0,762,8,8,7,1,2,-52,0,563,8587,187,0,0 '
Received from ('fd00::200:0:0:3', 8765, 0, 0): b' 3307,3,1,512,10,721,15,12,7,2,1,-64,10,6212,36030,220,0,0 '
Received from ('fd00::200:0:0:15', 8765, 0, 0): b' 3305,21,16,1280,10,752,6,3,5,1,1,-70,0,1043,13988,212,0,0 '
Received from ('fd00::200:0:0:2', 8765, 0, 0): b' 3307,2,1,512,0,798,16,1,6,1,1,-88,0,630,13151,221,0,0 '
Received from ('fd00::200:0:0:12', 8765, 0, 0): b' 3305,18,14,1280,0,803,9,4,5,1,1,-52,0,494,6102,205,0,0 '
Received from ('fd00::200:0:0:11', 8765, 0, 0): b' 3306,17,16,1280,0,793,6,4,7,1,1,-52,0,695,8714,212,0,0 '
Received from ('fd00::200:0:0:f', 8765, 0, 0): b' 3308,15,11,1024,0,785,8,15,7,1,2,-52,0,933,11134,184,0,0 '
Received from ('fd00::200:0:0:1', 5678, 0, 0): b' 3309,1,0,256,0,25,0,0,4,0,0,0,10,2677,27538,4540,0,0 '
Received from ('fd00::200:0:0:e', 8765, 0, 0): b' 3309,14,11,1024,0,771,12,3,7,1,2,-70,1,637,7533,208,0,0 '
Received from ('fd00::200:0:0:13', 8765, 0, 0): b' 3309,19,16,1280,0,794,6,3,7,1,1,-70,0,908,9952,207,0,0 '
Received from ('fd00::200:0:0:9', 8765, 0, 0): b' 3311,9,5,768,0,775,12,4,7,1,2,-52,0,661,10632,206,0,0 '
Received from ('fd00::200:0:0:15', 8765, 0, 0): b' 3310,21,16,1280,0,752,6,3,5,1,1,-70,0,390,6023,212,0,0 '
Received from ('fd00::200:0:0:10', 8765, 0, 0): b' 3311,16,11,1024,0,726,10,14,7,1,2,-70,4,2710,27998,214,0,0 '
Received from ('fd00::200:0:0:a', 8765, 0, 0): b' 3311,10,11,1024,0,832,8,6,7,1,1,-52,0,611,10403,211,0,0 '
Received from ('fd00::200:0:0:6', 8765, 0, 0): b' 3313,6,3,768,20,810,12,3,7,1,2,-70,0,655,7983,210,0,0 '
Received from ('fd00::200:0:0:8', 8765, 0, 0): b' 3314,8,3,768,0,778,12,8,7,1,2,-70,2,1480,16035,218,0,0 '
Received from ('fd00::200:0:0:c', 8765, 0, 0): b' 3312,12,11,1024,0,825,12,12,7,1,3,-52,0,855,12769,215,0,0 '
Received from ('fd00::200:0:0:3', 8765, 0, 0): b' 3314,3,1,512,0,725,15,12,7,2,1,-64,10,3900,21923,220,0,0 '
Received from ('fd00::200:0:0:7', 8765, 0, 0): b' 3312,7,4,768,10,726,11,8,7,1,3,-70,0,809,11023,203,0,0 '
Received from ('fd00::200:0:0:11', 8765, 0, 0): b' 3312,17,16,1280,0,795,6,4,7,1,1,-52,0,493,6306,212,0,0 '
Received from ('fd00::200:0:0:2', 8765, 0, 0): b' 3313,2,1,512,0,801,16,1,6,1,1,-88,0,599,8140,221,0,0 '
Received from ('fd00::200:0:0:5', 8765, 0, 0): b' 3315,5,1,512,0,743,16,1,6,1,1,-94,1,1030,16517,220,0,0 '
Received from ('fd00::200:0:0:d', 8765, 0, 0): b' 3313,13,8,1024,0,818,11,5,7,1,2,-70,0,914,11844,215,0,0 '
Received from ('fd00::200:0:0:14', 8765, 0, 0): b' 3313,20,16,1280,10,764,8,8,7,1,2,-52,0,670,8023,188,0,0 '
Received from ('fd00::200:0:0:13', 8765, 0, 0): b' 3315,19,16,1280,0,795,6,3,7,1,1,-70,0,386,5174,207,0,0 '
Received from ('fd00::200:0:0:4', 8765, 0, 0): b' 3316,4,1,512,0,744,15,4,7,1,1,-66,1,1247,17388,220,0,0 '
Received from ('fd00::200:0:0:b', 8765, 0, 0): b' 3317,11,3,768,10,702,11,14,7,1,1,-95,10,4831,36110,572,1,4 '
Received from ('fd00::200:0:0:e', 8765, 0, 0): b' 3315,14,11,1024,0,771,12,3,7,1,2,-70,1,583,7017,208,0,0 '
Received from ('fd00::200:0:0:9', 8765, 0, 0): b' 3318,9,5,768,0,776,12,4,7,1,2,-52,0,562,7051,207,0,0 '
Received from ('fd00::200:0:0:12', 8765, 0, 0): b' 3317,18,14,1280,0,805,9,4,5,1,1,-52,0,718,10856,206,0,0 '
Received from ('fd00::200:0:0:1', 5678, 0, 0): b' 3319,1,0,256,0,25,0,0,4,0,0,0,10,2717,26676,4558,0,0 '
Received from ('fd00::200:0:0:15', 8765, 0, 0): b' 3317,21,16,1280,10,753,6,3,5,1,1,-70,0,442,8828,213,0,0 '
Received from ('fd00::200:0:0:8', 8765, 0, 0): b' 3321,8,3,768,0,783,12,8,7,1,2,-70,2,1187,11501,219,0,0 '
Received from ('fd00::200:0:0:11', 8765, 0, 0): b' 3318,17,16,1280,0,796,6,4,7,1,1,-52,0,443,5452,213,0,0 '
Received from ('fd00::200:0:0:f', 8765, 0, 0): b' 3320,15,11,1024,0,791,8,15,7,1,2,-52,0,1125,11666,185,0,0 '
Received from ('fd00::200:0:0:c', 8765, 0, 0): b' 3321,12,11,1024,0,827,12,12,7,1,3,-52,0,605,9860,216,0,0 '
Received from ('fd00::200:0:0:e', 8765, 0, 0): b' 3321,14,11,1024,0,771,12,3,7,1,2,-70,1,485,6806,208,0,0 '
Received from ('fd00::200:0:0:5', 8765, 0, 0): b' 3322,5,1,512,10,743,16,1,6,1,1,-94,1,718,11204,220,0,0 '
Received from ('fd00::200:0:0:7', 8765, 0, 0): b' 3322,7,4,768,0,728,11,8,7,1,3,-70,0,801,9522,204,0,0 '
Received from ('fd00::200:0:0:14', 8765, 0, 0): b' 3321,20,16,1280,0,767,8,8,7,1,2,-52,0,625,7389,188,0,0 '
Received from ('fd00::200:0:0:d', 8765, 0, 0): b' 3322,13,8,1024,0,820,11,5,7,1,2,-70,0,700,9876,216,0,0 '
Received from ('fd00::200:0:0:2', 8765, 0, 0): b' 3322,2,1,512,10,805,16,1,6,1,1,-88,0,818,11647,222,0,0 '
Received from ('fd00::200:0:0:12', 8765, 0, 0): b' 3322,18,14,1280,0,806,9,4,5,1,1,-52,0,363,4444,206,0,0 '
Received from ('fd00::200:0:0:10', 8765, 0, 0): b' 3323,16,11,1024,0,729,10,14,7,1,2,-70,4,3160,29983,215,0,0 '
Received from ('fd00::200:0:0:6', 8765, 0, 0): b' 3324,6,3,768,0,815,12,3,7,1,2,-70,0,1186,12094,210,0,0 '
Received from ('fd00::200:0:0:3', 8765, 0, 0): b' 3324,3,1,512,0,728,15,12,7,2,1,-64,10,6171,34298,221,0,0 '
Received from ('fd00::200:0:0:a', 8765, 0, 0): b' 3324,10,11,1024,0,838,8,6,7,1,1,-52,0,1147,12353,212,0,0 '
Received from ('fd00::200:0:0:4', 8765, 0, 0): b' 3325,4,1,512,0,747,15,4,7,1,1,-66,1,1276,15836,221,0,0 '
Received from ('fd00::200:0:0:1', 5678, 0, 0): b' 3326,1,0,256,0,25,0,0,4,0,0,0,10,1698,19708,4567,0,0 '
Received from ('fd00::200:0:0:13', 8765, 0, 0): b' 3326,19,16,1280,0,799,6,3,7,1,1,-70,0,908,10464,208,0,0 '
Received from ('fd00::200:0:0:e', 8765, 0, 0): b' 3327,14,11,1024,0,773,12,3,7,1,2,-70,1,746,7213,209,0,0 '
Received from ('fd00::200:0:0:9', 8765, 0, 0): b' 3327,9,5,768,0,781,12,4,7,1,2,-52,0,892,9349,208,0,0 '
Received from ('fd00::200:0:0:b', 8765, 0, 0): b' 3328,11,3,768,0,704,11,14,7,1,1,-95,10,4898,37475,575,1,4 '
Received from ('fd00::200:0:0:2', 8765, 0, 0): b' 3328,2,1,512,0,805,16,1,6,1,1,-88,0,386,7250,222,0,0 '
Received from ('fd00::200:0:0:15', 8765, 0, 0): b' 3327,21,16,1280,0,755,6,3,5,1,1,-70,0,667,10874,213,0,0 '
Received from ('fd00::200:0:0:10', 8765, 0, 0): b' 3328,16,11,1024,20,729,10,14,7,1,2,-70,4,979,12212,215,0,0 '
Received from ('fd00::200:0:0:5', 8765, 0, 0): b' 3330,5,1,512,0,746,16,1,6,1,1,-94,1,1098,12552,221,0,0 '
Received from ('fd00::200:0:0:11', 8765, 0, 0): b' 3329,17,16,1280,0,796,6,4,7,1,1,-52,0,327,8861,213,0,0 '
Received from ('fd00::200:0:0:8', 8765, 0, 0): b' 3331,8,3,768,0,785,12,8,7,1,2,-70,2,1245,16622,219,0,0 '
Received from ('fd00::200:0:0:d', 8765, 0, 0): b' 3329,13,8,1024,0,823,11,5,7,1,2,-70,0,624,9884,216,0,0 '
Received from ('fd00::200:0:0:a', 8765, 0, 0): b' 3330,10,11,1024,10,838,8,6,7,1,1,-52,0,258,5282,212,0,0 '
Received from ('fd00::200:0:0:c', 8765, 0, 0): b' 3331,12,11,1024,0,827,12,12,7,1,3,-52,0,483,11515,217,0,0 '
Received from ('fd00::200:0:0:7', 8765, 0, 0): b' 3332,7,4,768,0,734,11,8,7,1,3,-70,0,1274,11209,204,0,0 '
Received from ('fd00::200:0:0:f', 8765, 0, 0): b' 3332,15,11,1024,0,797,8,15,7,1,2,-52,0,1094,11724,185,0,0 '
Received from ('fd00::200:0:0:12', 8765, 0, 0): b' 3332,18,14,1280,0,810,9,4,5,1,1,-52,0,811,9657,207,0,0 '
Received from ('fd00::200:0:0:14', 8765, 0, 0): b' 3332,20,16,1280,10,771,8,8,7,1,2,-52,0,908,10397,189,0,0 '
Received from ('fd00::200:0:0:3', 8765, 0, 0): b' 3334,3,1,512,10,729,15,12,7,2,1,-64,10,4783,29615,222,0,0 '
Received from ('fd00::200:0:0:6', 8765, 0, 0): b' 3335,6,3,768,10,818,12,3,7,1,2,-70,0,704,9861,211,0,0 '
Received from ('fd00::200:0:0:11', 8765, 0, 0): b' 3334,17,16,1280,0,797,6,4,7,1,1,-52,0,418,4588,214,0,0 '
Received from ('fd00::200:0:0:13', 8765, 0, 0): b' 3335,19,16,1280,0,800,6,3,7,1,1,-70,0,491,8221,209,0,0 '
Received from ('fd00::200:0:0:5', 8765, 0, 0): b' 3336,5,1,512,0,747,16,1,6,1,1,-94,1,554,9000,221,0,0 '
Received from ('fd00::200:0:0:1', 5678, 0, 0): b' 3335,1,0,256,0,25,0,0,4,0,0,0,10,2510,25354,4582,0,0 '
Received from ('fd00::200:0:0:4', 8765, 0, 0): b' 3336,4,1,512,0,751,15,4,7,1,1,-66,1,1421,17556,221,0,0 '
Received from ('fd00::200:0:0:e', 8765, 0, 0): b' 3337,14,11,1024,10,777,12,3,7,1,2,-70,1,1346,13735,209,0,0 '
Received from ('fd00::200:0:0:9', 8765, 0, 0): b' 3338,9,5,768,0,784,12,4,7,1,2,-52,0,767,10185,208,0,0 '
Received from ('fd00::200:0:0:15', 8765, 0, 0): b' 3338,21,16,1280,0,759,6,3,5,1,1,-70,0,937,12852,214,0,0 '
Received from ('fd00::200:0:0:b', 8765, 0, 0): b' 3340,11,3,768,20,706,11,15,7,1,1,-95,10,4708,36342,578,1,4 '
Received from ('fd00::200:0:0:2', 8765, 0, 0): b' 3340,2,1,512,0,807,16,1,6,1,1,-88,0,711,13544,223,0,0 '
Received from ('fd00::200:0:0:c', 8765, 0, 0): b' 3340,12,11,1024,0,828,12,12,7,1,3,-52,0,442,9430,217,0,0 '
Received from ('fd00::200:0:0:10', 8765, 0, 0): b' 3339,16,11,1024,0,729,10,14,7,1,2,-70,4,2774,28667,216,0,0 '
Received from ('fd00::200:0:0:d', 8765, 0, 0): b' 3339,13,8,1024,0,825,11,5,7,1,2,-70,0,722,11901,217,0,0 '
Received from ('fd00::200:0:0:8', 8765, 0, 0): b' 3342,8,3,768,0,787,12,8,7,1,2,-70,2,1417,17681,220,0,0 '
Received from ('fd00::200:0:0:a', 8765, 0, 0): b' 3341,10,11,1024,0,840,8,6,7,1,1,-52,0,719,9663,213,0,0 '
Received from ('fd00::200:0:0:6', 8765, 0, 0): b' 3342,6,3,768,0,820,12,3,7,1,2,-70,0,669,7046,212,0,0 '
Received from ('fd00::200:0:0:13', 8765, 0, 0): b' 3340,19,16,1280,0,803,6,3,7,1,1,-70,0,576,5186,209,0,0 '
Received from ('fd00::200:0:0:14', 8765, 0, 0): b' 3341,20,16,1280,0,776,8,8,7,1,2,-52,0,865,9061,189,0,0 '
Received from ('fd00::200:0:0:1', 5678, 0, 0): b' 3342,1,0,256,0,25,0,0,4,0,0,0,10,1446,17561,4590,0,0 '
Received from ('fd00::200:0:0:5', 8765, 0, 0): b' 3341,5,1,512,10,747,16,1,6,1,1,-94,1,736,10015,222,0,0 '
Received from ('fd00::200:0:0:11', 8765, 0, 0): b' 3343,17,16,1280,0,799,6,4,7,1,1,-52,0,615,7483,214,0,0 '
Received from ('fd00::200:0:0:12', 8765, 0, 0): b' 3342,18,14,1280,0,814,9,4,5,1,1,-52,0,852,9846,207,0,0 '
Received from ('fd00::200:0:0:f', 8765, 0, 0): b' 3343,15,11,1024,0,800,8,15,7,1,2,-52,0,829,10783,186,0,0 '
Received from ('fd00::200:0:0:7', 8765, 0, 0): b' 3343,7,4,768,0,738,11,8,7,1,3,-70,0,933,11209,205,0,0 '
Received from ('fd00::200:0:0:e', 8765, 0, 0): b' 3344,14,11,1024,0,779,12,3,7,1,2,-70,1,894,9224,210,0,0 '
Received from ('fd00::200:0:0:4', 8765, 0, 0): b' 3344,4,1,512,0,752,15,4,7,1,1,-66,1,800,12586,222,0,0 '
Received from ('fd00::200:0:0:3', 8765, 0, 0): b' 3345,3,1,512,0,732,15,12,7,2,1,-64,10,5445,30969,223,0,0 '
Received from ('fd00::200:0:0:10', 8765, 0, 0): b' 3345,16,11,1024,10,729,10,14,7,1,2,-70,4,1245,13054,216,0,0 '
Received from ('fd00::200:0:0:9', 8765, 0, 0): b' 3346,9,5,768,0,787,12,4,7,1,2,-52,0,776,8029,209,0,0 '
Received from ('fd00::200:0:0:8', 8765, 0, 0): b' 3348,8,3,768,0,789,12,8,7,1,2,-70,2,662,9375,220,0,0 '
Received from ('fd00::200:0:0:15', 8765, 0, 0): b' 3348,21,16,1280,10,760,6,3,5,1,1,-70,0,435,10949,215,0,0 '
Received from ('fd00::200:0:0:13', 8765, 0, 0): b' 3349,19,16,1280,0,806,6,3,7,1,1,-70,0,777,7920,210,0,0 '
Received from ('fd00::200:0:0:a', 8765, 0, 0): b' 3350,10,11,1024,0,842,8,6,7,1,1,-52,0,614,8118,213,0,0 '
Received from ('fd00::200:0:0:b', 8765, 0, 0): b' 3349,11,3,768,20,707,11,15,7,1,1,-95,10,5028,35671,582,1,4 '
Received from ('fd00::200:0:0:12', 8765, 0, 0): b' 3348,18,14,1280,0,815,9,4,5,1,1,-52,0,442,5487,208,0,0 '
Received from ('fd00::200:0:0:5', 8765, 0, 0): b' 3350,5,1,512,0,750,16,1,6,1,1,-94,1,1103,13518,222,0,0 '
Received from ('fd00::200:0:0:c', 8765, 0, 0): b' 3351,12,11,1024,0,831,13,12,7,1,3,-52,0,936,13770,218,0,0 '
Received from ('fd00::200:0:0:2', 8765, 0, 0): b' 3351,2,1,512,0,807,16,1,6,1,1,-88,0,522,13523,224,0,0 '
Received from ('fd00::200:0:0:6', 8765, 0, 0): b' 3350,6,3,768,0,823,12,3,7,1,2,-70,0,646,9279,212,0,0 '
Received from ('fd00::200:0:0:d', 8765, 0, 0): b' 3352,13,8,1024,10,830,11,5,7,1,2,-70,0,1044,14423,218,0,0 '
Received from ('fd00::200:0:0:11', 8765, 0, 0): b' 3352,17,16,1280,0,803,6,4,7,1,1,-52,0,811,9331,215,0,0 '
Received from ('fd00::200:0:0:14', 8765, 0, 0): b' 3352,20,16,1280,0,779,8,8,7,1,2,-52,0,801,10165,190,0,0 '
Received from ('fd00::200:0:0:10', 8765, 0, 0): b' 3352,16,11,1024,0,730,11,14,7,1,2,-70,4,2201,20568,216,0,0 '
Received from ('fd00::200:0:0:1', 5678, 0, 0): b' 3353,1,0,256,0,25,0,0,4,0,0,0,10,2876,29705,4607,0,0 '
Received from ('fd00::200:0:0:7', 8765, 0, 0): b' 3353,7,4,768,0,739,11,8,7,1,3,-70,0,587,9520,206,0,0 '
Received from ('fd00::200:0:0:f', 8765, 0, 0): b' 3353,15,11,1024,10,802,8,15,7,1,2,-52,0,673,9054,187,0,0 '
Received from ('fd00::200:0:0:15', 8765, 0, 0): b' 3354,21,16,1280,0,760,6,3,5,1,1,-70,0,463,7435,215,0,0 '
Received from ('fd00::200:0:0:9', 8765, 0, 0): b' 3355,9,5,768,0,792,12,4,7,1,2,-52,0,836,8946,209,0,0 '
Received from ('fd00::200:0:0:4', 8765, 0, 0): b' 3354,4,1,512,0,755,15,4,7,1,1,-66,1,1218,15553,223,0,0 '
Received from ('fd00::200:0:0:12', 8765, 0, 0): b' 3354,18,14,1280,10,817,9,4,5,1,1,-52,0,469,5249,208,0,0 '
Received from ('fd00::200:0:0:3', 8765, 0, 0): b' 3356,3,1,512,0,734,15,12,7,2,1,-64,10,5844,32864,223,0,0 '
Received from ('fd00::200:0:0:a', 8765, 0, 0): b' 3355,10,11,1024,0,844,9,6,7,1,1,-52,0,629,5703,214,0,0 '
Received from ('fd00::200:0:0:e', 8765, 0, 0): b' 3355,14,11,1024,0,782,12,3,7,1,2,-70,1,1513,14511,211,0,0 '
Received from ('fd00::200:0:0:8', 8765, 0, 0): b' 3356,8,3,768,0,790,12,8,7,1,2,-70,2,1166,14712,221,0,0 '
Received from ('fd00::200:0:0:b', 8765, 0, 0): b' 3356,11,3,768,0,708,11,15,7,1,1,-95,10,3516,24239,583,1,4 '
Received from ('fd00::200:0:0:5', 8765, 0, 0): b' 3356,5,1,512,0,751,16,1,6,1,1,-94,1,803,10493,223,0,0 '
Received from ('fd00::200:0:0:13', 8765, 0, 0): b' 3358,19,16,1280,0,808,6,3,7,1,1,-70,0,517,7944,210,0,0 '
Received from ('fd00::200:0:0:d', 8765, 0, 0): b' 3359,13,8,1024,0,832,11,5,7,1,2,-70,0,521,7980,218,0,0 '
Received from ('fd00::200:0:0:14', 8765, 0, 0): b' 3360,20,16,1280,0,783,8,8,7,1,2,-52,0,788,8179,191,0,0 '
Received from ('fd00::200:0:0:10', 8765, 0, 0): b' 3360,16,11,1024,0,733,11,14,7,1,2,-70,4,2011,20217,217,0,0 '
Received from ('fd00::200:0:0:c', 8765, 0, 0): b' 3361,12,11,1024,0,834,13,12,7,1,3,-52,0,743,11268,218,0,0 '
Received from ('fd00::200:0:0:7', 8765, 0, 0): b' 3360,7,4,768,0,742,11,8,7,1,3,-70,0,598,6507,206,0,0 '
Received from ('fd00::200:0:0:5', 8765, 0, 0): b' 3360,5,1,512,0,751,16,1,6,1,1,-94,1,451,6223,223,0,0 '
Received from ('fd00::200:0:0:1', 5678, 0, 0): b' 3362,1,0,256,0,25,0,0,4,0,0,0,10,2344,23495,4622,0,0 '
Received from ('fd00::200:0:0:a', 8765, 0, 0): b' 3362,10,11,1024,0,845,9,6,7,1,1,-52,0,386,6197,214,0,0 '
Received from ('fd00::200:0:0:12', 8765, 0, 0): b' 3362,18,14,1280,0,820,9,4,5,1,1,-52,0,802,8415,209,0,0 '
Received from ('fd00::200:0:0:6', 8765, 0, 0): b' 3362,6,3,768,10,828,12,3,7,1,2,-70,0,930,11213,213,0,0 '
Received from ('fd00::200:0:0:2', 8765, 0, 0): b' 3361,2,1,512,0,810,16,1,6,1,1,-88,0,843,13772,225,0,0 '
Received from ('fd00::200:0:0:4', 8765, 0, 0): b' 3364,4,1,512,0,758,15,4,7,1,1,-66,1,1144,14554,223,0,0 '
Received from ('fd00::200:0:0:b', 8765, 0, 0): b' 3364,11,3,768,40,710,11,15,7,1,1,-95,10,3182,23868,585,1,4 '
Received from ('fd00::200:0:0:f', 8765, 0, 0): b' 3363,15,11,1024,0,806,8,15,7,1,2,-52,0,911,9955,188,0,0 '
Received from ('fd00::200:0:0:7', 8765, 0, 0): b' 3364,7,4,768,0,743,11,8,7,1,3,-70,0,416,4215,207,0,0 '
Received from ('fd00::200:0:0:11', 8765, 0, 0): b' 3363,17,16,1280,0,806,6,4,7,1,1,-52,0,745,10542,215,0,0 '
Received from ('fd00::200:0:0:15', 8765, 0, 0): b' 3363,21,16,1280,0,764,6,3,5,1,1,-70,0,811,11675,216,0,0 '
Received from ('fd00::200:0:0:10', 8765, 0, 0): b' 3365,16,11,1024,0,733,11,14,7,1,2,-70,4,1478,13594,217,0,0 '
Received from ('fd00::200:0:0:3', 8765, 0, 0): b' 3365,3,1,512,0,737,15,12,7,2,1,-64,10,5741,32769,224,0,0 '
Received from ('fd00::200:0:0:9', 8765, 0, 0): b' 3366,9,5,768,0,797,12,4,7,1,2,-52,0,1037,11637,210,0,0 '
Received from ('fd00::200:0:0:13', 8765, 0, 0): b' 3365,19,16,1280,0,810,6,3,7,1,1,-70,0,670,8164,211,0,0 '
Received from ('fd00::200:0:0:e', 8765, 0, 0): b' 3366,14,11,1024,0,782,12,3,7,1,2,-70,1,974,13748,211,0,0 '
Received from ('fd00::200:0:0:c', 8765, 0, 0): b' 3367,12,11,1024,0,835,13,12,7,1,3,-52,0,474,7605,219,0,0 '
Received from ('fd00::200:0:0:a', 8765, 0, 0): b' 3368,10,11,1024,0,847,9,6,7,1,1,-52,0,549,5583,215,0,0 '
Received from ('fd00::200:0:0:8', 8765, 0, 0): b' 3367,8,3,768,10,794,12,8,7,1,2,-70,2,1459,18689,222,0,0 '
Received from ('fd00::200:0:0:2', 8765, 0, 0): b' 3368,2,1,512,0,810,16,1,6,1,1,-88,0,278,7141,225,0,0 '
Received from ('fd00::200:0:0:14', 8765, 0, 0): b' 3367,20,16,1280,10,785,9,8,7,1,2,-52,0,694,8409,191,0,0 '
Received from ('fd00::200:0:0:13', 8765, 0, 0): b' 3368,19,16,1280,10,811,6,3,7,1,1,-70,0,265,3939,211,0,0 '
Received from ('fd00::200:0:0:11', 8765, 0, 0): b' 3369,17,16,1280,0,807,6,4,7,1,1,-52,0,564,7098,216,0,0 '
Received from ('fd00::200:0:0:d', 8765, 0, 0): b' 3369,13,8,1024,0,834,11,5,7,1,2,-70,0,746,14572,219,0,0 '
Received from ('fd00::200:0:0:5', 8765, 0, 0): b' 3370,5,1,512,0,755,16,1,6,1,1,-94,1,1194,14919,223,0,0 '
Received from ('fd00::200:0:0:12', 8765, 0, 0): b' 3372,18,14,1280,0,821,9,4,5,1,1,-52,0,410,8370,209,0,0 '
Received from ('fd00::200:0:0:1', 5678, 0, 0): b' 3372,1,0,256,0,25,0,0,4,0,0,0,10,2505,26510,4636,0,0 '
Received from ('fd00::200:0:0:4', 8765, 0, 0): b' 3372,4,1,512,0,759,15,4,7,1,1,-66,1,916,13807,224,0,0 '
Received from ('fd00::200:0:0:f', 8765, 0, 0): b' 3372,15,11,1024,10,807,8,15,7,1,2,-52,0,532,9278,188,0,0 '
Received from ('fd00::200:0:0:2', 8765, 0, 0): b' 3372,2,1,512,0,810,16,1,6,1,1,-88,0,253,4756,225,0,0 '
Received from ('fd00::200:0:0:15', 8765, 0, 0): b' 3373,21,16,1280,0,766,6,3,5,1,1,-70,0,667,12639,216,0,0 '
Received from ('fd00::200:0:0:6', 8765, 0, 0): b' 3372,6,3,768,0,831,12,3,7,1,2,-70,0,908,11104,214,0,0 '
Received from ('fd00::200:0:0:9', 8765, 0, 0): b' 3373,9,5,768,0,799,12,4,7,1,2,-52,0,670,7696,211,0,0 '
Received from ('fd00::200:0:0:7', 8765, 0, 0): b' 3373,7,4,768,0,745,11,8,7,1,3,-70,0,636,9743,207,0,0 '
Received from ('fd00::200:0:0:b', 8765, 0, 0): b' 3373,11,3,768,20,711,11,15,7,1,1,-95,10,4685,35090,587,1,4 '
Received from ('fd00::200:0:0:8', 8765, 0, 0): b' 3374,8,3,768,0,795,12,8,7,1,2,-70,2,730,10498,222,0,0 '
Received from ('fd00::200:0:0:3', 8765, 0, 0): b' 3375,3,1,512,0,741,15,12,7,2,1,-64,10,5021,29210,225,0,0 '
Received from ('fd00::200:0:0:10', 8765, 0, 0): b' 3376,16,11,1024,0,737,11,14,7,1,2,-70,4,2699,29627,218,0,0 '
Received from ('fd00::200:0:0:e', 8765, 0, 0): b' 3376,14,11,1024,0,785,12,3,7,1,2,-70,1,1213,13831,212,0,0 '
Received from ('fd00::200:0:0:4', 8765, 0, 0): b' 3377,4,1,512,0,760,15,4,7,1,1,-66,1,587,7527,224,0,0 '
Received from ('fd00::200:0:0:c', 8765, 0, 0): b' 3376,12,11,1024,0,837,13,12,7,1,3,-52,0,725,13116,220,0,0 '
Received from ('fd00::200:0:0:13', 8765, 0, 0): b' 3376,19,16,1280,20,814,6,3,7,1,1,-70,0,741,7867,212,0,0 '
Received from ('fd00::200:0:0:a', 8765, 0, 0): b' 3377,10,11,1024,0,851,9,6,7,1,1,-52,0,852,10389,215,0,0 '
Received from ('fd00::200:0:0:8', 8765, 0, 0): b' 3378,8,3,768,0,796,12,8,7,1,2,-70,2,529,6967,223,0,0 '
Received from ('fd00::200:0:0:2', 8765, 0, 0): b' 3379,2,1,512,10,813,16,1,6,1,1,-88,0,566,8028,226,0,0 '
Received from ('fd00::200:0:0:1', 5678, 0, 0): b' 3380,1,0,256,0,25,0,0,4,0,0,0,10,2181,23086,4650,0,0 '
Received from ('fd00::200:0:0:3', 8765, 0, 0): b' 3380,3,1,512,0,742,15,12,7,2,1,-64,10,2194,13410,225,0,0 '
Received from ('fd00::200:0:0:14', 8765, 0, 0): b' 3379,20,16,1280,0,789,9,8,7,1,2,-52,0,933,11066,192,0,0 '
Received from ('fd00::200:0:0:12', 8765, 0, 0): b' 3380,18,14,1280,0,823,9,4,5,1,1,-52,0,694,8507,210,0,0 '
Received from ('fd00::200:0:0:7', 8765, 0, 0): b' 3380,7,4,768,0,745,11,8,7,1,3,-70,0,357,6360,208,0,0 '
Received from ('fd00::200:0:0:d', 8765, 0, 0): b' 3380,13,8,1024,10,837,11,5,7,1,2,-70,0,817,12056,220,0,0 '
Received from ('fd00::200:0:0:11', 8765, 0, 0): b' 3379,17,16,1280,0,811,6,4,7,1,1,-52,0,932,10669,217,0,0 '
Received from ('fd00::200:0:0:15', 8765, 0, 0): b' 3382,21,16,1280,0,767,6,3,5,1,1,-70,0,662,10135,217,0,0 '
Received from ('fd00::200:0:0:f', 8765, 0, 0): b' 3381,15,11,1024,0,808,8,15,7,1,2,-52,0,493,8844,189,0,0 '
Received from ('fd00::200:0:0:c', 8765, 0, 0): b' 3382,12,11,1024,0,838,13,12,7,1,3,-52,0,390,6786,220,0,0 '
Received from ('fd00::200:0:0:5', 8765, 0, 0): b' 3382,5,1,512,10,760,16,1,6,1,1,-94,1,1463,18899,224,0,0 '
Received from ('fd00::200:0:0:b', 8765, 0, 0): b' 3382,11,3,768,10,712,11,15,7,1,1,-95,10,3583,26538,589,1,4 '
Received from ('fd00::200:0:0:9', 8765, 0, 0): b' 3383,9,5,768,0,802,12,4,7,1,2,-52,0,716,9155,211,0,0 '
Received from ('fd00::200:0:0:4', 8765, 0, 0): b' 3383,4,1,512,0,762,15,4,7,1,1,-66,1,807,10250,224,0,0 '
Received from ('fd00::200:0:0:14', 8765, 0, 0): b' 3384,20,16,1280,0,792,9,8,7,1,2,-52,0,601,5474,192,0,0 '
Received from ('fd00::200:0:0:6', 8765, 0, 0): b' 3384,6,3,768,0,831,12,3,7,1,2,-70,0,544,10242,214,0,0 '
Received from ('fd00::200:0:0:e', 8765, 0, 0): b' 3384,14,11,1024,0,788,12,3,7,1,2,-70,1,972,10456,213,0,0 '
Received from ('fd00::200:0:0:12', 8765, 0, 0): b' 3385,18,14,1280,0,823,9,4,5,1,1,-52,0,255,4117,210,0,0 '
Received from ('fd00::200:0:0:10', 8765, 0, 0): b' 3386,16,11,1024,10,738,11,14,7,1,2,-70,4,2712,26704,219,0,0 '
Received from ('fd00::200:0:0:a', 8765, 0, 0): b' 3386,10,11,1024,0,853,9,6,7,1,1,-52,0,598,8782,216,0,0 '
Received from ('fd00::200:0:0:2', 8765, 0, 0): b' 3387,2,1,512,0,815,16,1,6,1,1,-88,0,720,9520,226,0,0 '
Received from ('fd00::200:0:0:3', 8765, 0, 0): b' 3387,3,1,512,0,743,15,12,7,2,1,-64,10,3891,21382,225,0,0 '
Received from ('fd00::200:0:0:15', 8765, 0, 0): b' 3386,21,16,1280,0,767,6,3,5,1,1,-70,0,159,5141,217,0,0 '
Received from ('fd00::200:0:0:13', 8765, 0, 0): b' 3386,19,16,1280,0,816,6,3,7,1,1,-70,0,768,9288,212,0,0 '
Received from ('fd00::200:0:0:7', 8765, 0, 0): b' 3388,7,4,768,0,747,11,8,7,1,3,-70,0,485,6884,208,0,0 '
Received from ('fd00::200:0:0:c', 8765, 0, 0): b' 3386,12,11,1024,0,839,13,12,7,1,3,-52,0,365,5916,220,0,0 '
Received from ('fd00::200:0:0:d', 8765, 0, 0): b' 3387,13,8,1024,0,838,11,5,7,1,2,-70,0,594,9456,220,0,0 '
Received from ('fd00::200:0:0:9', 8765, 0, 0): b' 3387,9,5,768,0,803,12,4,7,1,2,-52,0,360,4287,211,0,0 '
Received from ('fd00::200:0:0:1', 5678, 0, 0): b' 3389,1,0,256,0,25,0,0,4,0,0,0,10,2620,25010,4661,0,0 '
Received from ('fd00::200:0:0:11', 8765, 0, 0): b' 3388,17,16,1280,0,814,6,4,7,1,1,-52,0,709,8371,217,0,0 '
Received from ('fd00::200:0:0:5', 8765, 0, 0): b' 3389,5,1,512,0,762,16,1,6,1,1,-94,1,1193,11569,225,0,0 '
Received from ('fd00::200:0:0:8', 8765, 0, 0): b' 3389,8,3,768,0,799,12,8,7,1,2,-70,2,1469,17882,223,0,0 '
Received from ('fd00::200:0:0:3', 8765, 0, 0): b' 3391,3,1,512,0,746,15,12,7,2,1,-64,10,2610,14056,226,0,0 '
Received from ('fd00::200:0:0:f', 8765, 0, 0): b' 3391,15,11,1024,0,811,8,15,7,1,2,-52,0,866,10102,190,0,0 '
Received from ('fd00::200:0:0:b', 8765, 0, 0): b' 3391,11,3,768,20,713,11,15,7,1,1,-95,10,4625,32587,592,1,4 '
Received from ('fd00::200:0:0:4', 8765, 0, 0): b' 3392,4,1,512,0,766,15,4,7,1,1,-66,1,1244,13632,225,0,0 '
Received from ('fd00::200:0:0:14', 8765, 0, 0): b' 3392,20,16,1280,0,795,9,8,7,1,2,-52,0,750,8152,193,0,0 '
Received from ('fd00::200:0:0:a', 8765, 0, 0): b' 3393,10,11,1024,0,853,9,6,7,1,1,-52,0,376,6525,216,0,0 '
Received from ('fd00::200:0:0:d', 8765, 0, 0): b' 3393,13,8,1024,10,839,11,5,7,1,2,-70,0,432,6148,220,0,0 '
Received from ('fd00::200:0:0:5', 8765, 0, 0): b' 3394,5,1,512,0,762,16,1,6,1,1,-94,1,363,7334,225,0,0 '
Received from ('fd00::200:0:0:1', 5678, 0, 0): b' 3394,1,0,256,0,25,0,0,4,0,0,0,10,1415,14605,4672,0,0 '
Received from ('fd00::200:0:0:e', 8765, 0, 0): b' 3393,14,11,1024,0,791,12,3,7,1,2,-70,1,1185,12372,213,0,0 '
Received from ('fd00::200:0:0:12', 8765, 0, 0): b' 3393,18,14,1280,10,825,9,4,5,1,1,-52,0,573,8747,211,0,0 '
Received from ('fd00::200:0:0:c', 8765, 0, 0): b' 3394,12,11,1024,0,839,13,12,7,1,3,-52,0,487,9356,221,0,0 '
Received from ('fd00::200:0:0:6', 8765, 0, 0): b' 3394,6,3,768,0,832,12,3,7,1,2,-70,0,513,10258,215,0,0 '
Received from ('fd00::200:0:0:10', 8765, 0, 0): b' 3396,16,11,1024,0,739,11,14,7,1,2,-70,4,2704,26746,219,0,0 '
Received from ('fd00::200:0:0:11', 8765, 0, 0): b' 3395,17,16,1280,0,815,7,4,7,1,1,-52,0,689,7560,218,0,0 '
Received from ('fd00::200:0:0:2', 8765, 0, 0): b' 3397,2,1,512,0,818,16,1,6,1,1,-88,0,721,12570,227,0,0 '
Received from ('fd00::200:0:0:15', 8765, 0, 0): b' 3396,21,16,1280,0,771,6,3,5,1,1,-70,0,961,13521,218,0,0 '
Received from ('fd00::200:0:0:3', 8765, 0, 0): b' 3397,3,1,512,0,746,15,12,7,2,1,-64,10,3139,17384,226,0,0 '
Received from ('fd00::200:0:0:14', 8765, 0, 0): b' 3397,20,16,1280,0,796,9,8,7,1,2,-52,0,362,4589,193,0,0 '
Received from ('fd00::200:0:0:4', 8765, 0, 0): b' 3398,4,1,512,0,766,15,4,7,1,1,-66,1,532,9089,225,0,0 '
Received from ('fd00::200:0:0:b', 8765, 0, 0): b' 3397,11,3,768,10,714,11,15,7,1,1,-95,10,2596,18722,594,1,4 '
Received from ('fd00::200:0:0:9', 8765, 0, 0): b' 3398,9,5,768,0,805,12,4,7,1,2,-52,0,692,10135,212,0,0 '
Received from ('fd00::200:0:0:13', 8765, 0, 0): b' 3397,19,16,1280,0,819,6,3,7,1,1,-70,0,864,11323,213,0,0 '
Received from ('fd00::200:0:0:f', 8765, 0, 0): b' 3398,15,11,1024,10,813,8,15,7,1,2,-52,0,593,6168,190,0,0 '
Received from ('fd00::200:0:0:7', 8765, 0, 0): b' 3400,7,4,768,0,753,11,8,7,1,3,-70,0,1241,12446,209,0,0 '
Received from ('fd00::200:0:0:e', 8765, 0, 0): b' 3399,14,11,1024,0,793,12,3,7,1,2,-70,1,759,7226,214,0,0 '
Received from ('fd00::200:0:0:a', 8765, 0, 0): b' 3399,10,11,1024,10,859,9,6,7,1,1,-52,0,971,7077,217,0,0 '
Received from ('fd00::200:0:0:8', 8765, 0, 0): b' 3401,8,3,768,0,802,12,9,7,1,2,-70,2,1353,17666,224,0,0 '
Received from ('fd00::200:0:0:c', 8765, 0, 0): b' 3399,12,11,1024,0,841,13,12,7,1,3,-52,0,496,6496,221,0,0 '
Received from ('fd00::200:0:0:6', 8765, 0, 0): b' 3401,6,3,768,10,835,12,3,7,1,2,-70,0,690,6227,216,0,0 '
Received from ('fd00::200:0:0:15', 8765, 0, 0): b' 3400,21,16,1280,0,773,6,3,5,1,1,-70,0,464,5249,218,0,0 '
Received from ('fd00::200:0:0:1', 5678, 0, 0): b' 3403,1,0,256,0,25,0,0,4,0,0,0,10,2100,23738,4682,0,0 '
Received from ('fd00::200:0:0:d', 8765, 0, 0): b' 3402,13,8,1024,0,840,11,5,7,1,2,-70,0,514,11111,221,0,0 '
Received from ('fd00::200:0:0:2', 8765, 0, 0): b' 3403,2,1,512,0,818,16,1,6,1,1,-88,0,375,7524,227,0,0 '
Received from ('fd00::200:0:0:5', 8765, 0, 0): b' 3403,5,1,512,0,767,16,1,6,1,1,-94,1,1351,14963,226,0,0 '
Received from ('fd00::200:0:0:12', 8765, 0, 0): b' 3402,18,14,1280,10,826,9,4,5,1,1,-52,0,588,9198,212,0,0 '
Received from ('fd00::200:0:0:11', 8765, 0, 0): b' 3403,17,16,1280,0,815,7,4,7,1,1,-52,0,303,6921,218,0,0 '
Received from ('fd00::200:0:0:7', 8765, 0, 0): b' 3404,7,4,768,0,754,11,8,7,1,3,-70,0,289,4807,209,0,0 '
Received from ('fd00::200:0:0:3', 8765, 0, 0): b' 3405,3,1,512,10,748,15,12,7,2,1,-64,10,4258,24911,227,0,0 '
Received from ('fd00::200:0:0:13', 8765, 0, 0): b' 3404,19,16,1280,10,821,6,3,7,1,1,-70,0,518,7070,214,0,0 '
Received from ('fd00::200:0:0:1', 5678, 0, 0): b' 3407,1,0,256,0,25,0,0,4,0,0,0,10,1189,11405,4690,0,0 '
Received from ('fd00::200:0:0:c', 8765, 0, 0): b' 3404,12,11,1024,0,842,13,12,7,1,3,-52,0,352,6400,222,0,0 '
Received from ('fd00::200:0:0:10', 8765, 0, 0): b' 3405,16,11,1024,0,741,11,14,7,1,2,-70,4,2714,25365,220,0,0 '
Received from ('fd00::200:0:0:b', 8765, 0, 0): b' 3407,11,3,768,60,723,11,15,7,1,1,-95,10,5164,34953,596,1,4 '
Received from ('fd00::200:0:0:4', 8765, 0, 0): b' 3409,4,1,512,0,775,15,4,7,1,1,-66,1,2058,19091,226,0,0 '
Received from ('fd00::200:0:0:a', 8765, 0, 0): b' 3406,10,11,1024,0,861,9,6,7,1,1,-52,0,518,6738,217,0,0 '
Received from ('fd00::200:0:0:6', 8765, 0, 0): b' 3409,6,3,768,10,836,12,3,7,1,2,-70,0,465,7328,216,0,0 '
Received from ('fd00::200:0:0:5', 8765, 0, 0): b' 3409,5,1,512,20,769,16,1,6,1,1,-94,1,774,10154,226,0,0 '
Received from ('fd00::200:0:0:14', 8765, 0, 0): b' 3405,20,16,1280,0,800,9,8,7,1,2,-52,0,884,8782,194,0,0 '
Received from ('fd00::200:0:0:9', 8765, 0, 0): b' 3409,9,5,768,0,809,12,4,7,1,2,-52,0,931,10954,213,0,0 '
Received from ('fd00::200:0:0:f', 8765, 0, 0): b' 3407,15,11,1024,0,814,8,15,7,1,2,-52,0,493,8866,191,0,0 '
Received from ('fd00::200:0:0:8', 8765, 0, 0): b' 3410,8,3,768,0,806,12,9,7,1,2,-70,2,1402,16064,225,0,0 '
Received from ('fd00::200:0:0:1', 5678, 0, 0): b' 3412,1,0,256,0,25,0,0,4,0,0,0,10,1324,13586,4698,0,0 '
Received from ('fd00::200:0:0:e', 8765, 0, 0): b' 3410,14,11,1024,0,796,12,3,7,1,2,-70,1,1310,14802,214,0,0 '
Received from ('fd00::200:0:0:c', 8765, 0, 0): b' 3410,12,11,1024,0,844,13,12,7,1,3,-52,0,593,7057,222,0,0 '
Received from ('fd00::200:0:0:15', 8765, 0, 0): b' 3410,21,16,1280,0,776,6,3,5,1,1,-70,0,829,11965,219,0,0 '
Received from ('fd00::200:0:0:d', 8765, 0, 0): b' 3412,13,8,1024,0,843,11,5,7,1,2,-70,0,830,12500,222,0,0 '
Received from ('fd00::200:0:0:14', 8765, 0, 0): b' 3411,20,16,1280,0,801,9,8,7,1,2,-52,0,386,5867,194,0,0 '
Received from ('fd00::200:0:0:7', 8765, 0, 0): b' 3413,7,4,768,0,756,11,8,7,1,3,-70,0,668,8590,210,0,0 '
Received from ('fd00::200:0:0:6', 8765, 0, 0): b' 3413,6,3,768,0,836,12,3,7,1,2,-70,0,254,4012,216,0,0 '
Received from ('fd00::200:0:0:3', 8765, 0, 0): b' 3414,3,1,512,10,750,15,12,7,2,1,-64,10,4754,26700,227,0,0 '
Received from ('fd00::200:0:0:12', 8765, 0, 0): b' 3411,18,14,1280,0,828,9,4,5,1,1,-52,0,639,8010,212,0,0 '
Received from ('fd00::200:0:0:9', 8765, 0, 0): b' 3414,9,5,768,0,812,12,4,7,1,2,-52,0,575,4883,213,0,0 '
Received from ('fd00::200:0:0:10', 8765, 0, 0): b' 3412,16,11,1024,0,743,11,14,7,1,2,-70,4,1924,17881,220,0,0 '
Received from ('fd00::200:0:0:2', 8765, 0, 0): b' 3414,2,1,512,0,821,16,1,6,1,1,-88,0,842,14717,228,0,0 '
Received from ('fd00::200:0:0:f', 8765, 0, 0): b' 3412,15,11,1024,0,815,8,15,7,1,2,-52,0,387,5139,191,0,0 '
Received from ('fd00::200:0:0:11', 8765, 0, 0): b' 3413,17,16,1280,0,819,7,4,7,1,1,-52,0,909,9741,219,0,0 '
Received from ('fd00::200:0:0:a', 8765, 0, 0): b' 3413,10,11,1024,0,862,9,6,7,1,1,-52,0,466,6981,218,0,0 '
Received from ('fd00::200:0:0:13', 8765, 0, 0): b' 3413,19,16,1280,0,822,6,3,7,1,1,-70,0,630,8283,214,0,0 '
Received from ('fd00::200:0:0:4', 8765, 0, 0): b' 3417,4,1,512,0,777,15,4,7,1,1,-66,1,1089,13153,227,0,0 '
Received from ('fd00::200:0:0:10', 8765, 0, 0): b' 3417,16,11,1024,0,744,11,14,7,1,2,-70,4,1071,12123,221,0,0 '
Received from ('fd00::200:0:0:5', 8765, 0, 0): b' 3417,5,1,512,10,769,16,1,6,1,1,-94,1,840,12064,227,0,0 '
Received from ('fd00::200:0:0:14', 8765, 0, 0): b' 3417,20,16,1280,0,804,9,8,7,1,2,-52,0,600,5741,194,0,0 '
Received from ('fd00::200:0:0:b', 8765, 0, 0): b' 3417,11,3,768,30,726,11,15,7,1,1,-95,10,4929,34852,598,1,4 '
Received from ('fd00::200:0:0:e', 8765, 0, 0): b' 3417,14,11,1024,0,798,12,3,7,1,2,-70,1,893,9831,215,0,0 '
Received from ('fd00::200:0:0:7', 8765, 0, 0): b' 3419,7,4,768,0,758,11,8,7,1,3,-70,0,491,5992,210,0,0 '
Received from ('fd00::200:0:0:12', 8765, 0, 0): b' 3418,18,14,1280,0,831,9,4,5,1,1,-52,0,600,6395,212,0,0 '
Received from ('fd00::200:0:0:1', 5678, 0, 0): b' 3420,1,0,256,0,25,0,0,4,0,0,0,10,2171,22208,4708,0,0 '
Received from ('fd00::200:0:0:f', 8765, 0, 0): b' 3418,15,11,1024,10,818,8,15,7,1,2,-52,0,577,5747,191,0,0 '
Received from ('fd00::200:0:0:d', 8765, 0, 0): b' 3419,13,8,1024,0,845,11,5,7,1,2,-70,0,615,8894,222,0,0 '
Received from ('fd00::200:0:0:2', 8765, 0, 0): b' 3421,2,1,512,0,823,16,1,6,1,1,-88,0,492,7110,228,0,0 '
Received from ('fd00::200:0:0:11', 8765, 0, 0): b' 3418,17,16,1280,10,821,7,4,7,1,1,-52,0,469,4543,219,0,0 '
Received from ('fd00::200:0:0:c', 8765, 0, 0): b' 3419,12,11,1024,10,846,13,12,7,1,3,-52,0,604,10562,223,0,0 '
Received from ('fd00::200:0:0:3', 8765, 0, 0): b' 3421,3,1,512,0,753,15,12,7,2,1,-64,10,4391,22821,228,0,0 '
Received from ('fd00::200:0:0:13', 8765, 0, 0): b' 3420,19,16,1280,0,823,6,3,7,1,1,-70,0,386,5891,214,0,0 '
Received from ('fd00::200:0:0:15', 8765, 0, 0): b' 3420,21,16,1280,0,777,6,3,5,1,1,-70,0,508,10577,219,0,0 '
Received from ('fd00::200:0:0:8', 8765, 0, 0): b' 3422,8,3,768,0,810,12,9,7,1,2,-70,2,1482,18110,225,0,0 '
Received from ('fd00::200:0:0:b', 8765, 0, 0): b' 3423,11,3,768,50,726,11,15,7,1,1,-95,10,2553,17691,600,1,4 '
Received from ('fd00::200:0:0:a', 8765, 0, 0): b' 3422,10,11,1024,10,866,9,6,7,1,1,-52,0,721,8095,218,0,0 '
Received from ('fd00::200:0:0:9', 8765, 0, 0): b' 3424,9,5,768,10,814,12,4,7,1,2,-52,0,585,9692,214,0,0 '
Received from ('fd00::200:0:0:f', 8765, 0, 0): b' 3423,15,11,1024,0,820,8,15,7,1,2,-52,0,552,5270,192,0,0 '
Received from ('fd00::200:0:0:6', 8765, 0, 0): b' 3424,6,3,768,0,841,12,3,7,1,2,-70,0,1013,11478,217,0,0 '
Received from ('fd00::200:0:0:c', 8765, 0, 0): b' 3426,12,11,1024,0,850,13,12,7,1,3,-52,0,736,9775,223,0,0 '
Received from ('fd00::200:0:0:12', 8765, 0, 0): b' 3426,18,14,1280,0,832,9,4,5,1,1,-52,0,466,8073,213,0,0 '
Received from ('fd00::200:0:0:a', 8765, 0, 0): b' 3427,10,11,1024,0,867,9,6,7,1,1,-52,0,526,5323,219,0,0 '
Received from ('fd00::200:0:0:7', 8765, 0, 0): b' 3426,7,4,768,0,759,11,8,7,1,3,-70,0,561,7777,211,0,0 '
Received from ('fd00::200:0:0:15', 8765, 0, 0): b' 3428,21,16,1280,0,778,6,3,5,1,1,-70,0,495,8962,220,0,0 '
Received from ('fd00::200:0:0:b', 8765, 0, 0): b' 3427,11,3,768,20,727,11,15,7,1,1,-95,10,2189,15783,601,1,4 '
Received from ('fd00::200:0:0:4', 8765, 0, 0): b' 3429,4,1,512,0,779,15,4,7,1,1,-66,1,1313,17361,228,0,0 '
Received from ('fd00::200:0:0:1', 5678, 0, 0): b' 3429,1,0,256,0,25,0,0,4,0,0,0,10,2251,23631,4722,0,0 '
Received from ('fd00::200:0:0:3', 8765, 0, 0): b' 3428,3,1,512,0,754,15,12,7,2,1,-64,10,4005,22951,228,0,0 '
Received from ('fd00::200:0:0:e', 8765, 0, 0): b' 3428,14,11,1024,0,799,12,3,7,1,2,-70,1,1145,13171,215,0,0 '
Received from ('fd00::200:0:0:10', 8765, 0, 0): b' 3428,16,11,1024,10,749,11,14,7,1,2,-70,4,3244,29919,221,0,0 '
Received from ('fd00::200:0:0:8', 8765, 0, 0): b' 3429,8,3,768,0,814,12,9,7,1,2,-70,2,1111,11760,226,0,0 '
Received from ('fd00::200:0:0:5', 8765, 0, 0): b' 3429,5,1,512,0,771,16,1,6,1,1,-94,1,1118,17471,227,0,0 '
Received from ('fd00::200:0:0:6', 8765, 0, 0): b' 3429,6,3,768,0,842,12,3,7,1,2,-70,0,386,4452,217,0,0 '
Received from ('fd00::200:0:0:9', 8765, 0, 0): b' 3429,9,5,768,0,814,12,4,7,1,2,-52,0,386,4971,214,0,0 '
Received from ('fd00::200:0:0:14', 8765, 0, 0): b' 3428,20,16,1280,10,807,9,8,7,1,2,-52,0,718,10892,195,0,0 '
Received from ('fd00::200:0:0:2', 8765, 0, 0): b' 3430,2,1,512,10,825,16,1,6,1,1,-88,0,687,11367,229,0,0 '
Received from ('fd00::200:0:0:11', 8765, 0, 0): b' 3430,17,16,1280,0,827,7,4,7,1,1,-52,0,1147,11886,220,0,0 '
Received from ('fd00::200:0:0:13', 8765, 0, 0): b' 3429,19,16,1280,0,826,6,3,7,1,1,-70,0,801,9773,215,0,0 '
Received from ('fd00::200:0:0:d', 8765, 0, 0): b' 3431,13,8,1024,0,848,11,5,7,1,2,-70,0,853,14131,223,0,0 '
Received from ('fd00::200:0:0:a', 8765, 0, 0): b' 3431,10,11,1024,10,868,9,6,7,1,1,-52,0,362,4253,219,0,0 '
Received from ('fd00::200:0:0:f', 8765, 0, 0): b' 3432,15,11,1024,0,821,8,15,7,1,2,-52,0,532,8725,192,0,0 '
Received from ('fd00::200:0:0:15', 8765, 0, 0): b' 3433,21,16,1280,0,780,6,3,5,1,1,-70,0,493,7419,220,0,0 '
Received from ('fd00::200:0:0:5', 8765, 0, 0): b' 3433,5,1,512,10,773,16,1,6,1,1,-94,1,860,7649,228,0,0 '
Received from ('fd00::200:0:0:6', 8765, 0, 0): b' 3433,6,3,768,0,844,12,3,7,1,2,-70,0,523,4884,218,0,0 '
Received from ('fd00::200:0:0:1', 5678, 0, 0): b' 3435,1,0,256,0,25,0,0,4,0,0,0,10,1544,15762,4730,0,0 '
Received from ('fd00::200:0:0:3', 8765, 0, 0): b' 3435,3,1,512,0,756,15,12,7,2,1,-64,10,3464,18019,228,0,0 '
Received from ('fd00::200:0:0:14', 8765, 0, 0): b' 3435,20,16,1280,0,809,9,8,7,1,2,-52,0,659,6138,196,0,0 '
Received from ('fd00::200:0:0:12', 8765, 0, 0): b' 3435,18,14,1280,10,834,9,4,5,1,1,-52,0,694,8340,214,0,0 '
Received from ('fd00::200:0:0:9', 8765, 0, 0): b' 3435,9,5,768,10,816,12,4,7,1,2,-52,0,440,5870,215,0,0 '
Received from ('fd00::200:0:0:2', 8765, 0, 0): b' 3437,2,1,512,10,826,16,1,6,1,1,-88,0,410,7676,230,0,0 '
Received from ('fd00::200:0:0:8', 8765, 0, 0): b' 3437,8,3,768,10,817,12,9,7,1,2,-70,2,961,11651,226,0,0 '
Received from ('fd00::200:0:0:b', 8765, 0, 0): b' 3437,11,3,768,10,730,11,15,7,1,1,-95,10,3970,29618,603,1,4 '
Received from ('fd00::200:0:0:c', 8765, 0, 0): b' 3437,12,11,1024,0,852,13,12,7,1,3,-52,0,749,13147,224,0,0 '
Received from ('fd00::200:0:0:4', 8765, 0, 0): b' 3438,4,1,512,10,782,15,4,7,1,1,-66,1,792,14498,228,0,0 '
Received from ('fd00::200:0:0:7', 8765, 0, 0): b' 3439,7,4,768,0,760,11,8,7,1,3,-70,0,553,11163,211,0,0 '
Received from ('fd00::200:0:0:11', 8765, 0, 0): b' 3438,17,16,1280,0,829,7,4,7,1,1,-52,0,576,7576,221,0,0 '
Received from ('fd00::200:0:0:e', 8765, 0, 0): b' 3438,14,11,1024,10,799,12,3,7,1,2,-70,1,924,13235,216,0,0 '
Received from ('fd00::200:0:0:5', 8765, 0, 0): b' 3440,5,1,512,0,775,16,1,6,1,1,-94,1,775,10033,228,0,0 '
Received from ('fd00::200:0:0:f', 8765, 0, 0): b' 3439,15,11,1024,0,822,8,15,7,1,2,-52,0,443,6043,193,0,0 '
Received from ('fd00::200:0:0:1', 5678, 0, 0): b' 3440,1,0,256,0,25,0,0,4,0,0,0,10,1652,16064,4742,0,0 '
Received from ('fd00::200:0:0:10', 8765, 0, 0): b' 3439,16,11,1024,10,754,11,14,7,1,2,-70,4,3218,28289,222,0,0 '
Received from ('fd00::200:0:0:a', 8765, 0, 0): b' 3439,10,11,1024,10,870,9,6,7,1,1,-52,0,518,7629,219,0,0 '
Received from ('fd00::200:0:0:13', 8765, 0, 0): b' 3440,19,16,1280,0,829,6,3,7,1,1,-70,0,825,10592,216,0,0 '
Received from ('fd00::200:0:0:9', 8765, 0, 0): b' 3441,9,5,768,0,817,12,4,7,1,2,-52,0,492,5725,215,0,0 '
Received from ('fd00::200:0:0:c', 8765, 0, 0): b' 3442,12,11,1024,0,853,13,12,7,1,3,-52,0,366,5867,224,0,0 '
Received from ('fd00::200:0:0:d', 8765, 0, 0): b' 3442,13,8,1024,0,853,11,5,7,1,2,-70,0,1044,13343,224,0,0 '
Received from ('fd00::200:0:0:2', 8765, 0, 0): b' 3443,2,1,512,10,827,16,1,6,1,1,-88,0,353,8032,230,0,0 '
Received from ('fd00::200:0:0:e', 8765, 0, 0): b' 3443,14,11,1024,0,800,12,3,7,1,2,-70,1,502,6249,216,0,0 '
Received from ('fd00::200:0:0:6', 8765, 0, 0): b' 3444,6,3,768,0,847,12,3,7,1,2,-70,0,646,9785,218,0,0 '
Received from ('fd00::200:0:0:8', 8765, 0, 0): b' 3445,8,3,768,0,817,12,9,7,1,2,-70,2,1145,13764,227,0,0 '
Received from ('fd00::200:0:0:15', 8765, 0, 0): b' 3444,21,16,1280,0,782,6,3,5,1,1,-70,0,843,13529,221,0,0 '
Received from ('fd00::200:0:0:b', 8765, 0, 0): b' 3446,11,3,768,10,732,11,15,7,1,1,-95,10,3663,26970,605,1,4 '
Received from ('fd00::200:0:0:3', 8765, 0, 0): b' 3447,3,1,512,0,758,15,12,7,2,1,-64,10,5890,35209,229,0,0 '
Received from ('fd00::200:0:0:9', 8765, 0, 0): b' 3446,9,5,768,0,818,12,4,7,1,2,-52,0,360,4365,215,0,0 '
Received from ('fd00::200:0:0:13', 8765, 0, 0): b' 3445,19,16,1280,0,830,6,3,7,1,1,-70,0,363,5051,216,0,0 '
Received from ('fd00::200:0:0:d', 8765, 0, 0): b' 3446,13,8,1024,0,856,11,5,7,1,2,-70,0,579,5627,224,0,0 '
Received from ('fd00::200:0:0:14', 8765, 0, 0): b' 3446,20,16,1280,0,811,9,8,7,1,2,-52,0,662,10634,196,0,0 '
Received from ('fd00::200:0:0:2', 8765, 0, 0): b' 3448,2,1,512,0,828,16,1,6,1,1,-88,0,538,5749,230,0,0 '
Received from ('fd00::200:0:0:10', 8765, 0, 0): b' 3447,16,11,1024,0,755,11,14,7,1,2,-70,4,1877,20858,223,0,0 '
Received from ('fd00::200:0:0:f', 8765, 0, 0): b' 3447,15,11,1024,0,827,8,15,7,1,2,-52,0,839,8513,193,0,0 '
Received from ('fd00::200:0:0:12', 8765, 0, 0): b' 3447,18,14,1280,10,836,9,4,5,1,1,-52,0,639,10586,215,0,0 '
Received from ('fd00::200:0:0:6', 8765, 0, 0): b' 3449,6,3,768,0,849,12,3,7,1,2,-70,0,523,5215,219,0,0 '
Received from ('fd00::200:0:0:1', 5678, 0, 0): b' 3450,1,0,256,0,25,0,0,4,0,0,0,10,2168,24566,4753,0,0 '
Received from ('fd00::200:0:0:8', 8765, 0, 0): b' 3450,8,3,768,10,817,12,9,7,1,2,-70,2,517,7405,227,0,0 '
Received from ('fd00::200:0:0:5', 8765, 0, 0): b' 3450,5,1,512,0,776,16,1,6,1,1,-94,1,1208,15912,229,0,0 '
Received from ('fd00::200:0:0:4', 8765, 0, 0): b' 3450,4,1,512,0,782,15,4,7,1,1,-66,1,1049,17795,229,0,0 '
Received from ('fd00::200:0:0:11', 8765, 0, 0): b' 3449,17,16,1280,0,833,7,4,7,1,1,-52,0,876,11210,221,0,0 '
Received from ('fd00::200:0:0:7', 8765, 0, 0): b' 3450,7,4,768,10,763,11,8,7,1,3,-70,0,800,10660,212,0,0 '
Received from ('fd00::200:0:0:a', 8765, 0, 0): b' 3450,10,11,1024,0,872,9,6,7,1,1,-52,0,719,10538,220,0,0 '
Received from ('fd00::200:0:0:c', 8765, 0, 0): b' 3451,12,11,1024,0,856,13,12,7,1,3,-52,0,832,11620,225,0,0 '
Received from ('fd00::200:0:0:b', 8765, 0, 0): b' 3454,11,3,768,40,736,11,15,7,1,1,-95,10,3933,27677,607,1,4 '
Received from ('fd00::200:0:0:1', 5678, 0, 0): b' 3454,1,0,256,0,25,0,0,4,0,0,0,10,1272,11768,4762,0,0 '
Received from ('fd00::200:0:0:9', 8765, 0, 0): b' 3454,9,5,768,0,819,12,4,7,1,2,-52,0,464,7484,216,0,0 '
Received from ('fd00::200:0:0:d', 8765, 0, 0): b' 3453,13,8,1024,20,856,11,5,7,1,2,-70,0,349,7662,225,0,0 '
Received from ('fd00::200:0:0:7', 8765, 0, 0): b' 3454,7,4,768,0,765,11,8,7,1,3,-70,0,493,4880,212,0,0 '
Received from ('fd00::200:0:0:12', 8765, 0, 0): b' 3453,18,14,1280,0,839,9,4,5,1,1,-52,0,659,6415,215,0,0 '
Received from ('fd00::200:0:0:3', 8765, 0, 0): b' 3455,3,1,512,0,762,15,12,7,2,1,-64,10,5309,28587,230,0,0 '
Received from ('fd00::200:0:0:14', 8765, 0, 0): b' 3453,20,16,1280,0,813,9,8,7,1,2,-52,0,648,6913,197,0,0 '
Received from ('fd00::200:0:0:2', 8765, 0, 0): b' 3456,2,1,512,0,830,16,1,6,1,1,-88,0,757,9987,231,0,0 '
Received from ('fd00::200:0:0:10', 8765, 0, 0): b' 3455,16,11,1024,0,755,11,14,7,1,2,-70,4,1917,20444,223,0,0 '
Received from ('fd00::200:0:0:e', 8765, 0, 0): b' 3455,14,11,1024,0,802,12,3,7,1,2,-70,1,1390,15377,217,0,0 '
Received from ('fd00::200:0:0:5', 8765, 0, 0): b' 3456,5,1,512,0,776,16,1,6,1,1,-94,1,537,9750,229,0,0 '
Received from ('fd00::200:0:0:13', 8765, 0, 0): b' 3455,19,16,1280,0,833,6,3,7,1,1,-70,0,704,9626,217,0,0 '
Received from ('fd00::200:0:0:8', 8765, 0, 0): b' 3457,8,3,768,0,817,12,9,7,1,2,-70,2,923,11325,228,0,0 '
Received from ('fd00::200:0:0:c', 8765, 0, 0): b' 3455,12,11,1024,0,859,13,12,7,1,3,-52,0,580,5774,225,0,0 '
Received from ('fd00::200:0:0:15', 8765, 0, 0): b' 3455,21,16,1280,0,784,6,3,5,1,1,-70,0,723,12986,222,0,0 '
Received from ('fd00::200:0:0:f', 8765, 0, 0): b' 3457,15,11,1024,0,831,8,15,7,1,2,-52,0,909,10461,194,0,0 '
Received from ('fd00::200:0:0:14', 8765, 0, 0): b' 3457,20,16,1280,0,815,9,8,7,1,2,-52,0,372,4170,197,0,0 '
Received from ('fd00::200:0:0:a', 8765, 0, 0): b' 3457,10,11,1024,10,874,9,6,7,1,1,-52,0,647,7100,221,0,0 '
Received from ('fd00::200:0:0:9', 8765, 0, 0): b' 3460,9,5,768,0,820,12,4,7,1,2,-52,0,481,5519,216,0,0 '
Received from ('fd00::200:0:0:11', 8765, 0, 0): b' 3458,17,16,1280,0,836,7,4,7,1,1,-52,0,778,8214,222,0,0 '
Received from ('fd00::200:0:0:6', 8765, 0, 0): b' 3460,6,3,768,0,854,12,3,7,1,2,-70,0,1047,11248,219,0,0 '
Received from ('fd00::200:0:0:2', 8765, 0, 0): b' 3461,2,1,512,0,832,16,1,6,1,1,-88,0,384,6414,231,0,0 '
Received from ('fd00::200:0:0:4', 8765, 0, 0): b' 3462,4,1,512,0,787,15,4,7,1,1,-66,1,1787,18577,230,0,0 '
Received from ('fd00::200:0:0:13', 8765, 0, 0): b' 3460,19,16,1280,0,834,6,3,7,1,1,-70,0,362,4389,217,0,0 '
Received from ('fd00::200:0:0:7', 8765, 0, 0): b' 3462,7,4,768,10,767,11,8,7,1,3,-70,0,440,6684,213,0,0 '
Received from ('fd00::200:0:0:b', 8765, 0, 0): b' 3462,11,3,768,50,739,11,15,7,1,1,-95,10,4126,28653,610,1,4 '
Received from ('fd00::200:0:0:1', 5678, 0, 0): b' 3463,1,0,256,0,25,0,0,4,0,0,0,10,2232,24611,4774,0,0 '
Received from ('fd00::200:0:0:c', 8765, 0, 0): b' 3461,12,11,1024,10,863,13,13,7,1,3,-52,0,631,7360,225,0,0 '
Received from ('fd00::200:0:0:5', 8765, 0, 0): b' 3463,5,1,512,0,778,16,1,6,1,1,-94,1,982,10542,230,0,0 '
Received from ('fd00::200:0:0:d', 8765, 0, 0): b' 3464,13,8,1024,0,860,11,5,7,1,2,-70,0,962,12363,225,0,0 '
Received from ('fd00::200:0:0:11', 8765, 0, 0): b' 3461,17,16,1280,0,837,7,4,7,1,1,-52,0,362,4172,222,0,0 '
Received from ('fd00::200:0:0:15', 8765, 0, 0): b' 3461,21,16,1280,0,787,6,3,5,1,1,-70,0,601,7870,222,0,0 '
Received from ('fd00::200:0:0:e', 8765, 0, 0): b' 3463,14,11,1024,0,803,12,3,7,1,2,-70,1,759,10166,218,0,0 '
Received from ('fd00::200:0:0:12', 8765, 0, 0): b' 3463,18,14,1280,0,844,9,4,5,1,1,-52,0,1039,10935,216,0,0 '
Received from ('fd00::200:0:0:2', 8765, 0, 0): b' 3465,2,1,512,0,832,16,1,6,1,1,-88,0,156,5491,231,0,0 '
Received from ('fd00::200:0:0:f', 8765, 0, 0): b' 3463,15,11,1024,0,832,8,15,7,1,2,-52,0,389,5846,194,0,0 '
Received from ('fd00::200:0:0:8', 8765, 0, 0): b' 3466,8,3,768,0,819,12,9,7,1,2,-70,2,890,13721,228,0,0 '
Received from ('fd00::200:0:0:3', 8765, 0, 0): b' 3466,3,1,512,10,764,15,12,7,2,1,-64,10,6404,35819,231,0,0 '
Received from ('fd00::200:0:0:14', 8765, 0, 0): b' 3464,20,16,1280,0,817,9,8,7,1,2,-52,0,670,7279,198,0,0 '
Received from ('fd00::200:0:0:13', 8765, 0, 0): b' 3465,19,16,1280,0,835,6,3,7,1,1,-70,0,386,5035,217,0,0 '
Received from ('fd00::200:0:0:9', 8765, 0, 0): b' 3467,9,5,768,0,825,12,4,7,1,2,-52,0,892,7643,217,0,0 '
Received from ('fd00::200:0:0:b', 8765, 0, 0): b' 3468,11,3,768,50,740,11,15,7,1,1,-95,10,2918,20573,611,1,4 '
Received from ('fd00::200:0:0:10', 8765, 0, 0): b' 3466,16,11,1024,0,758,11,14,7,1,2,-70,4,3329,30126,224,0,0 '
Received from ('fd00::200:0:0:1', 5678, 0, 0): b' 3469,1,0,256,0,25,0,0,4,0,0,0,10,1606,15353,4783,0,0 '
Received from ('fd00::200:0:0:a', 8765, 0, 0): b' 3467,10,11,1024,10,879,9,6,7,1,1,-52,0,966,10089,221,0,0 '
Received from ('fd00::200:0:0:12', 8765, 0, 0): b' 3467,18,14,1280,0,845,9,4,5,1,1,-52,0,365,3956,216,0,0 '
Received from ('fd00::200:0:0:c', 8765, 0, 0): b' 3468,12,11,1024,0,864,13,13,7,1,3,-52,0,651,8786,226,0,0 '
Received from ('fd00::200:0:0:7', 8765, 0, 0): b' 3470,7,4,768,10,767,11,8,7,1,3,-70,0,506,8543,213,0,0 '
Received from ('fd00::200:0:0:15', 8765, 0, 0): b' 3467,21,16,1280,10,787,6,3,5,1,1,-70,0,335,7240,223,0,0 '
Received from ('fd00::200:0:0:6', 8765, 0, 0): b' 3471,6,3,768,0,859,12,3,7,1,2,-70,0,1015,10962,220,0,0 '
Received from ('fd00::200:0:0:11', 8765, 0, 0): b' 3469,17,16,1280,0,839,7,4,7,1,1,-52,0,573,7531,223,0,0 '
Received from ('fd00::200:0:0:d', 8765, 0, 0): b' 3472,13,8,1024,0,861,11,5,7,1,2,-70,0,541,9569,226,0,0 '
Received from ('fd00::200:0:0:f', 8765, 0, 0): b' 3470,15,11,1024,10,833,8,15,7,1,2,-52,0,540,6508,195,0,0 '
Received from ('fd00::200:0:0:e', 8765, 0, 0): b' 3471,14,11,1024,0,803,12,3,7,1,2,-70,1,925,10849,218,0,0 '
Received from ('fd00::200:0:0:1', 5678, 0, 0): b' 3473,1,0,256,0,25,0,0,4,0,0,0,10,1025,11054,4789,0,0 '
Received from ('fd00::200:0:0:4', 8765, 0, 0): b' 3473,4,1,512,0,788,15,4,7,1,1,-66,1,1234,18075,231,0,0 '
Received from ('fd00::200:0:0:10', 8765, 0, 0): b' 3472,16,11,1024,0,760,11,14,7,1,2,-70,4,1516,16486,224,0,0 '
Received from ('fd00::200:0:0:8', 8765, 0, 0): b' 3475,8,3,768,0,822,12,9,7,1,2,-70,2,1294,15147,229,0,0 '
Received from ('fd00::200:0:0:5', 8765, 0, 0): b' 3474,5,1,512,0,782,16,1,6,1,1,-94,1,1360,18196,230,0,0 '
Received from ('fd00::200:0:0:15', 8765, 0, 0): b' 3473,21,16,1280,0,787,6,3,5,1,1,-70,0,332,7336,223,0,0 '
Received from ('fd00::200:0:0:f', 8765, 0, 0): b' 3475,15,11,1024,0,834,8,15,7,1,2,-52,0,292,5048,195,0,0 '
Received from ('fd00::200:0:0:12', 8765, 0, 0): b' 3475,18,14,1280,0,848,9,4,5,1,1,-52,0,624,7763,216,0,0 '
Received from ('fd00::200:0:0:d', 8765, 0, 0): b' 3476,13,8,1024,10,861,11,5,7,1,2,-70,0,255,4793,226,0,0 '
Received from ('fd00::200:0:0:2', 8765, 0, 0): b' 3476,2,1,512,0,836,16,1,6,1,1,-88,0,949,13752,232,0,0 '
Received from ('fd00::200:0:0:14', 8765, 0, 0): b' 3475,20,16,1280,10,819,9,8,7,1,2,-52,0,638,10131,198,0,0 '
Received from ('fd00::200:0:0:3', 8765, 0, 0): b' 3476,3,1,512,0,766,15,12,7,2,1,-64,10,5524,29822,231,0,0 '
Received from ('fd00::200:0:0:7', 8765, 0, 0): b' 3477,7,4,768,0,769,11,8,7,1,3,-70,0,572,6638,214,0,0 '
Received from ('fd00::200:0:0:b', 8765, 0, 0): b' 3477,11,3,768,40,740,11,15,7,1,1,-95,10,4045,28932,613,1,4 '
Received from ('fd00::200:0:0:6', 8765, 0, 0): b' 3477,6,3,768,0,861,12,3,7,1,2,-70,0,549,6244,221,0,0 '
Received from ('fd00::200:0:0:a', 8765, 0, 0): b' 3476,10,11,1024,0,881,9,6,7,1,1,-52,0,804,8723,222,0,0 '
Received from ('fd00::200:0:0:1', 5678, 0, 0): b' 3478,1,0,256,0,25,0,0,4,0,0,0,10,1311,13962,4796,0,0 '
Received from ('fd00::200:0:0:13', 8765, 0, 0): b' 3477,19,16,1280,10,837,6,3,7,1,1,-70,0,694,10391,218,0,0 '
Received from ('fd00::200:0:0:9', 8765, 0, 0): b' 3478,9,5,768,10,827,12,4,7,1,2,-52,0,636,10673,217,0,0 '
Received from ('fd00::200:0:0:4', 8765, 0, 0): b' 3480,4,1,512,0,788,15,4,7,1,1,-66,1,565,9996,231,0,0 '
Received from ('fd00::200:0:0:c', 8765, 0, 0): b' 3480,12,11,1024,0,867,13,13,7,1,3,-52,0,856,14510,227,0,0 '
Received from ('fd00::200:0:0:12', 8765, 0, 0): b' 3480,18,14,1280,0,849,9,4,5,1,1,-52,0,418,4756,217,0,0 '
Received from ('fd00::200:0:0:b', 8765, 0, 0): b' 3481,11,3,768,20,743,11,15,7,1,1,-95,10,1839,14484,614,1,4 '
Received from ('fd00::200:0:0:7', 8765, 0, 0): b' 3481,7,4,768,0,771,11,8,7,1,3,-70,0,370,4700,214,0,0 '
Received from ('fd00::200:0:0:6', 8765, 0, 0): b' 3481,6,3,768,0,861,12,3,7,1,2,-70,0,253,3923,221,0,0 '
Received from ('fd00::200:0:0:a', 8765, 0, 0): b' 3481,10,11,1024,0,883,9,6,7,1,1,-52,0,469,4849,222,0,0 '
Received from ('fd00::200:0:0:11', 8765, 0, 0): b' 3481,17,16,1280,0,840,7,4,7,1,1,-52,0,621,10781,223,0,0 '
Received from ('fd00::200:0:0:10', 8765, 0, 0): b' 3482,16,11,1024,20,761,11,14,7,1,2,-70,4,2013,22526,225,0,0 '
Received from ('fd00::200:0:0:d', 8765, 0, 0): b' 3482,13,8,1024,0,863,11,5,7,1,2,-70,0,588,8482,226,0,0 '
Received from ('fd00::200:0:0:13', 8765, 0, 0): b' 3481,19,16,1280,10,838,6,3,7,1,1,-70,0,389,4291,219,0,0 '
Received from ('fd00::200:0:0:e', 8765, 0, 0): b' 3483,14,11,1024,0,805,12,3,7,1,2,-70,1,1282,13619,219,0,0 '
Received from ('fd00::200:0:0:4', 8765, 0, 0): b' 3485,4,1,512,10,789,15,4,7,1,1,-66,1,698,7967,231,0,0 '
Received from ('fd00::200:0:0:f', 8765, 0, 0): b' 3484,15,11,1024,10,835,8,15,7,1,2,-52,0,508,7231,196,0,0 '
Received from ('fd00::200:0:0:5', 8765, 0, 0): b' 3485,5,1,512,0,785,16,1,6,1,1,-94,1,1249,16055,231,0,0 '
Received from ('fd00::200:0:0:1', 5678, 0, 0): b' 3486,1,0,256,0,25,0,0,4,0,0,0,10,2046,20814,4809,0,0 '
Received from ('fd00::200:0:0:15', 8765, 0, 0): b' 3484,21,16,1280,10,790,6,3,5,1,1,-70,0,694,12145,224,0,0 '
Received from ('fd00::200:0:0:9', 8765, 0, 0): b' 3486,9,5,768,0,829,12,4,7,1,2,-52,0,574,7326,218,0,0 '
Received from ('fd00::200:0:0:8', 8765, 0, 0): b' 3487,8,3,768,0,823,12,10,7,1,2,-70,2,1367,18324,230,0,0 '
Received from ('fd00::200:0:0:11', 8765, 0, 0): b' 3487,17,16,1280,0,841,7,4,7,1,1,-52,0,443,4996,224,0,0 '
Received from ('fd00::200:0:0:2', 8765, 0, 0): b' 3487,2,1,512,10,839,16,1,6,1,1,-88,0,712,13320,233,0,0 '
Received from ('fd00::200:0:0:a', 8765, 0, 0): b' 3488,10,11,1024,0,884,9,6,7,1,1,-52,0,442,6202,223,0,0 '
Received from ('fd00::200:0:0:14', 8765, 0, 0): b' 3488,20,16,1280,0,824,9,8,7,1,2,-52,0,1042,11934,199,0,0 '
Received from ('fd00::200:0:0:c', 8765, 0, 0): b' 3488,12,11,1024,10,868,13,13,7,1,3,-52,0,487,8410,227,0,0 '
Received from ('fd00::200:0:0:3', 8765, 0, 0): b' 3488,3,1,512,10,770,15,12,7,2,1,-64,10,6414,36515,232,0,0 '
Received from ('fd00::200:0:0:e', 8765, 0, 0): b' 3489,14,11,1024,0,805,12,3,7,1,2,-70,1,423,7453,219,0,0 '
Received from ('fd00::200:0:0:b', 8765, 0, 0): b' 3489,11,3,768,40,745,11,15,7,1,1,-95,10,3851,25406,616,1,4 '
Received from ('fd00::200:0:0:6', 8765, 0, 0): b' 3489,6,3,768,0,862,12,3,7,1,2,-70,0,576,7981,221,0,0 '
Received from ('fd00::200:0:0:f', 8765, 0, 0): b' 3489,15,11,1024,0,835,8,15,7,1,2,-52,0,314,4838,196,0,0 '
Received from ('fd00::200:0:0:10', 8765, 0, 0): b' 3489,16,11,1024,0,761,11,14,7,1,2,-70,4,1951,17930,225,0,0 '
Received from ('fd00::200:0:0:d', 8765, 0, 0): b' 3490,13,8,1024,0,863,11,5,7,1,2,-70,0,387,8897,227,0,0 '
Received from ('fd00::200:0:0:5', 8765, 0, 0): b' 3490,5,1,512,0,785,16,1,6,1,1,-94,1,607,8492,231,0,0 '
Received from ('fd00::200:0:0:8', 8765, 0, 0): b' 3491,8,3,768,0,824,12,10,7,1,2,-70,2,567,7197,230,0,0 '
Received from ('fd00::200:0:0:a', 8765, 0, 0): b' 3492,10,11,1024,0,887,9,6,7,1,1,-52,0,576,4648,223,0,0 '
Received from ('fd00::200:0:0:9', 8765, 0, 0): b' 3491,9,5,768,0,832,12,4,7,1,2,-52,0,491,5453,218,0,0 '
Received from ('fd00::200:0:0:2', 8765, 0, 0): b' 3493,2,1,512,0,839,16,1,6,1,1,-88,0,386,6679,233,0,0 '
Received from ('fd00::200:0:0:12', 8765, 0, 0): b' 3493,18,14,1280,0,851,9,4,5,1,1,-52,0,718,11092,218,0,0 '
Received from ('fd00::200:0:0:7', 8765, 0, 0): b' 3493,7,4,768,0,773,11,8,7,1,3,-70,0,716,11612,215,0,0 '
Received from ('fd00::200:0:0:b', 8765, 0, 0): b' 3493,11,3,768,20,745,11,15,7,1,1,-95,10,1957,14903,617,1,4 '
Received from ('fd00::200:0:0:13', 8765, 0, 0): b' 3492,19,16,1280,0,843,6,3,7,1,1,-70,0,1016,11297,219,0,0 '
Received from ('fd00::200:0:0:e', 8765, 0, 0): b' 3493,14,11,1024,0,808,12,3,7,1,2,-70,1,931,6692,220,0,0 '
Received from ('fd00::200:0:0:11', 8765, 0, 0): b' 3494,17,16,1280,0,844,7,4,7,1,1,-52,0,600,7213,224,0,0 '
Received from ('fd00::200:0:0:1', 5678, 0, 0): b' 3494,1,0,256,0,25,0,0,4,0,0,0,10,2345,24435,4821,0,0 '
Received from ('fd00::200:0:0:15', 8765, 0, 0): b' 3495,21,16,1280,10,793,6,3,5,1,1,-70,0,655,11399,224,0,0 '
Received from ('fd00::200:0:0:c', 8765, 0, 0): b' 3496,12,11,1024,0,869,13,13,7,1,3,-52,0,522,10589,228,0,0 '
Received from ('fd00::200:0:0:8', 8765, 0, 0): b' 3496,8,3,768,0,825,12,10,7,1,2,-70,2,501,7195,230,0,0 '
Received from ('fd00::200:0:0:4', 8765, 0, 0): b' 3496,4,1,512,0,790,15,4,7,1,1,-66,1,977,16750,232,0,0 '
Received from ('fd00::200:0:0:5', 8765, 0, 0): b' 3495,5,1,512,10,786,16,1,6,1,1,-94,1,806,8352,232,0,0 '
Received from ('fd00::200:0:0:a', 8765, 0, 0): b' 3498,10,11,1024,0,887,9,6,7,1,1,-52,0,303,5989,223,0,0 '
Received from ('fd00::200:0:0:b', 8765, 0, 0): b' 3499,11,3,768,10,745,11,15,7,1,1,-95,10,2198,17146,618,1,4 '
Received from ('fd00::200:0:0:f', 8765, 0, 0): b' 3499,15,11,1024,0,837,8,15,7,1,2,-52,0,663,9864,196,0,0 '
Received from ('fd00::200:0:0:10', 8765, 0, 0): b' 3499,16,11,1024,0,764,11,14,7,1,2,-70,4,2544,27236,226,0,0 '
Received from ('fd00::200:0:0:5', 8765, 0, 0): b' 3499,5,1,512,0,786,16,1,6,1,1,-94,1,362,6289,232,0,0 '
Received from ('fd00::200:0:0:4', 8765, 0, 0): b' 3500,4,1,512,0,791,15,4,7,1,1,-66,1,376,6303,232,0,0 '
Received from ('fd00::200:0:0:3', 8765, 0, 0): b' 3499,3,1,512,0,771,15,12,7,2,1,-64,10,6312,35506,233,0,0 '
Received from ('fd00::200:0:0:12', 8765, 0, 0): b' 3499,18,14,1280,0,851,9,4,5,1,1,-52,0,280,5829,218,0,0 '
Received from ('fd00::200:0:0:6', 8765, 0, 0): b' 3500,6,3,768,0,866,12,3,7,1,2,-70,0,972,11375,222,0,0 '
Received from ('fd00::200:0:0:8', 8765, 0, 0): b' 3500,8,3,768,10,827,12,10,7,1,2,-70,2,717,7485,231,0,0 '
Received from ('fd00::200:0:0:d', 8765, 0, 0): b' 3500,13,8,1024,0,866,11,5,7,1,2,-70,0,829,12983,228,0,0 '
Received from ('fd00::200:0:0:9', 8765, 0, 0): b' 3501,9,5,768,0,835,12,4,7,1,2,-52,0,799,9394,219,0,0 '
Received from ('fd00::200:0:0:14', 8765, 0, 0): b' 3500,20,16,1280,0,827,9,8,7,1,2,-52,0,828,11510,200,0,0 '
Received from ('fd00::200:0:0:13', 8765, 0, 0): b' 3500,19,16,1280,0,847,6,3,7,1,1,-70,0,887,7924,220,0,0 '
Received from ('fd00::200:0:0:e', 8765, 0, 0): b' 3502,14,11,1024,0,810,12,3,7,1,2,-70,1,830,10898,220,0,0 '
Received from ('fd00::200:0:0:c', 8765, 0, 0): b' 3504,12,11,1024,0,873,13,13,7,1,3,-52,0,735,9836,228,0,0 '
Received from ('fd00::200:0:0:10', 8765, 0, 0): b' 3503,16,11,1024,0,764,11,14,7,1,2,-70,4,1155,12084,226,0,0 '
Received from ('fd00::200:0:0:7', 8765, 0, 0): b' 3504,7,4,768,10,776,11,8,7,1,3,-70,0,693,10395,216,0,0 '
Received from ('fd00::200:0:0:15', 8765, 0, 0): b' 3504,21,16,1280,0,795,6,3,5,1,1,-70,0,832,11862,225,0,0 '
Received from ('fd00::200:0:0:2', 8765, 0, 0): b' 3505,2,1,512,0,841,16,1,6,1,1,-88,0,735,14311,234,0,0 '
Received from ('fd00::200:0:0:11', 8765, 0, 0): b' 3504,17,16,1280,0,846,7,4,7,1,1,-52,0,694,9674,225,0,0 '
Received from ('fd00::200:0:0:1', 5678, 0, 0): b' 3506,1,0,256,0,25,0,0,4,0,0,0,10,2802,30356,4837,0,0 '
Received from ('fd00::200:0:0:3', 8765, 0, 0): b' 3506,3,1,512,0,771,15,12,7,2,1,-64,10,3044,17614,233,0,0 '
Received from ('fd00::200:0:0:14', 8765, 0, 0): b' 3506,20,16,1280,0,831,9,8,7,1,2,-52,0,708,6445,200,0,0 '
Received from ('fd00::200:0:0:4', 8765, 0, 0): b' 3506,4,1,512,10,793,15,4,7,1,1,-66,1,1036,10722,233,0,0 '
Received from ('fd00::200:0:0:b', 8765, 0, 0): b' 3506,11,3,768,30,746,11,15,7,1,1,-95,10,3815,28653,621,1,4 '
Received from ('fd00::200:0:0:6', 8765, 0, 0): b' 3507,6,3,768,0,867,12,3,7,1,2,-70,0,562,7659,223,0,0 '
Received from ('fd00::200:0:0:13', 8765, 0, 0): b' 3506,19,16,1280,0,850,6,3,7,1,1,-70,0,600,6237,220,0,0 '
Received from ('fd00::200:0:0:5', 8765, 0, 0): b' 3508,5,1,512,0,788,16,1,6,1,1,-94,1,932,12680,233,0,0 '
Received from ('fd00::200:0:0:a', 8765, 0, 0): b' 3509,10,11,1024,0,889,9,6,7,1,1,-52,0,694,10052,224,0,0 '
Received from ('fd00::200:0:0:8', 8765, 0, 0): b' 3508,8,3,768,0,829,12,10,7,1,2,-70,2,956,13488,231,0,0 '
Received from ('fd00::200:0:0:f', 8765, 0, 0): b' 3507,15,11,1024,10,844,8,15,7,1,2,-52,0,1002,9963,197,0,0 '
Received from ('fd00::200:0:0:d', 8765, 0, 0): b' 3509,13,8,1024,0,868,11,5,7,1,2,-70,0,616,10553,228,0,0 '
Received from ('fd00::200:0:0:12', 8765, 0, 0): b' 3509,18,14,1280,0,857,9,4,5,1,1,-52,0,1122,10496,219,0,0 '
Received from ('fd00::200:0:0:13', 8765, 0, 0): b' 3509,19,16,1280,0,850,6,3,7,1,1,-70,0,255,3946,220,0,0 '
Received from ('fd00::200:0:0:7', 8765, 0, 0): b' 3510,7,4,768,10,777,11,8,7,1,3,-70,0,590,6753,216,0,0 '
Received from ('fd00::200:0:0:14', 8765, 0, 0): b' 3509,20,16,1280,0,832,9,8,7,1,2,-52,0,442,4852,201,0,0 '
Received from ('fd00::200:0:0:e', 8765, 0, 0): b' 3510,14,11,1024,0,812,12,3,7,1,2,-70,1,1248,13834,221,0,0 '
Received from ('fd00::200:0:0:2', 8765, 0, 0): b' 3512,2,1,512,0,841,16,1,6,1,1,-88,0,399,8789,234,0,0 '
Received from ('fd00::200:0:0:f', 8765, 0, 0): b' 3511,15,11,1024,0,845,8,15,7,1,2,-52,0,497,4897,197,0,0 '
Received from ('fd00::200:0:0:b', 8765, 0, 0): b' 3512,11,3,768,10,747,11,15,7,1,1,-95,10,2745,19354,622,1,4 '
Received from ('fd00::200:0:0:9', 8765, 0, 0): b' 3513,9,5,768,0,838,12,4,7,1,2,-52,0,823,11509,220,0,0 '
Received from ('fd00::200:0:0:1', 5678, 0, 0): b' 3514,1,0,256,0,25,0,0,4,0,0,0,10,1999,21167,4852,0,0 '
Received from ('fd00::200:0:0:10', 8765, 0, 0): b' 3512,16,11,1024,10,766,11,14,7,1,2,-70,4,2556,26368,227,0,0 '
Received from ('fd00::200:0:0:c', 8765, 0, 0): b' 3514,12,11,1024,0,875,13,13,7,1,3,-52,0,725,12748,229,0,0 '
Received from ('fd00::200:0:0:8', 8765, 0, 0): b' 3513,8,3,768,10,831,12,10,7,1,2,-70,2,964,8909,232,0,0 '
Received from ('fd00::200:0:0:15', 8765, 0, 0): b' 3512,21,16,1280,10,797,6,3,5,1,1,-70,0,588,11401,226,0,0 '
Received from ('fd00::200:0:0:3', 8765, 0, 0): b' 3515,3,1,512,0,771,15,12,7,2,1,-64,10,5145,27917,234,0,0 '
Received from ('fd00::200:0:0:11', 8765, 0, 0): b' 3514,17,16,1280,10,847,7,4,7,1,1,-52,0,531,9109,225,0,0 '
Received from ('fd00::200:0:0:4', 8765, 0, 0): b' 3516,4,1,512,0,793,15,4,7,1,1,-66,1,756,14053,233,0,0 '
Received from ('fd00::200:0:0:a', 8765, 0, 0): b' 3514,10,11,1024,10,892,9,6,7,1,1,-52,0,494,6911,224,0,0 '
Received from ('fd00::200:0:0:e', 8765, 0, 0): b' 3515,14,11,1024,0,813,12,3,7,1,2,-70,1,478,5286,221,0,0 '
Received from ('fd00::200:0:0:12', 8765, 0, 0): b' 3516,18,14,1280,0,860,9,4,5,1,1,-52,0,737,7820,219,0,0 '
Received from ('fd00::200:0:0:f', 8765, 0, 0): b' 3517,15,11,1024,0,847,8,15,7,1,2,-52,0,526,5097,198,0,0 '
Received from ('fd00::200:0:0:6', 8765, 0, 0): b' 3517,6,3,768,10,869,12,3,7,1,2,-70,0,612,9043,223,0,0 '
Received from ('fd00::200:0:0:1', 5678, 0, 0): b' 3518,1,0,256,0,25,0,0,4,0,0,0,10,1200,12037,4858,0,0 '
Received from ('fd00::200:0:0:13', 8765, 0, 0): b' 3517,19,16,1280,0,851,6,3,7,1,1,-70,0,466,7535,221,0,0 '
Received from ('fd00::200:0:0:5', 8765, 0, 0): b' 3519,5,1,512,0,790,16,1,6,1,1,-94,1,1093,16239,233,0,0 '
Received from ('fd00::200:0:0:d', 8765, 0, 0): b' 3519,13,8,1024,0,871,11,5,7,1,2,-70,0,830,12363,229,0,0 '
Received from ('fd00::200:0:0:3', 8765, 0, 0): b' 3520,3,1,512,0,772,15,12,7,2,1,-64,10,2486,14495,234,0,0 '
Received from ('fd00::200:0:0:14', 8765, 0, 0): b' 3520,20,16,1280,0,834,9,8,7,1,2,-52,0,541,9376,201,0,0 '
Received from ('fd00::200:0:0:c', 8765, 0, 0): b' 3520,12,11,1024,0,877,13,13,7,1,3,-52,0,497,8037,229,0,0 '
Received from ('fd00::200:0:0:7', 8765, 0, 0): b' 3521,7,4,768,0,781,11,8,7,1,3,-70,0,931,11096,217,0,0 '
Received from ('fd00::200:0:0:11', 8765, 0, 0): b' 3520,17,16,1280,0,850,7,4,7,1,1,-52,0,682,6925,226,0,0 '
Received from ('fd00::200:0:0:b', 8765, 0, 0): b' 3521,11,3,768,20,748,11,15,7,1,1,-95,10,4192,29883,624,1,4 '
Received from ('fd00::200:0:0:4', 8765, 0, 0): b' 3522,4,1,512,0,795,15,4,7,1,1,-66,1,854,10010,234,0,0 '
Received from ('fd00::200:0:0:8', 8765, 0, 0): b' 3522,8,3,768,0,833,12,10,7,1,2,-70,2,888,13546,232,0,0 '
Received from ('fd00::200:0:0:9', 8765, 0, 0): b' 3522,9,5,768,0,840,12,4,7,1,2,-52,0,613,8647,220,0,0 '
Received from ('fd00::200:0:0:2', 8765, 0, 0): b' 3523,2,1,512,0,844,16,1,6,1,1,-88,0,818,13675,235,0,0 '
Received from ('fd00::200:0:0:a', 8765, 0, 0): b' 3522,10,11,1024,0,894,9,6,7,1,1,-52,0,778,7805,225,0,0 '
Received from ('fd00::200:0:0:e', 8765, 0, 0): b' 3523,14,11,1024,0,815,12,3,7,1,2,-70,1,927,10276,222,0,0 '
Received from ('fd00::200:0:0:15', 8765, 0, 0): b' 3523,21,16,1280,0,802,6,3,5,1,1,-70,0,1097,13618,226,0,0 '
Received from ('fd00::200:0:0:5', 8765, 0, 0): b' 3526,5,1,512,0,792,16,1,6,1,1,-94,1,911,10068,234,0,0 '
Received from ('fd00::200:0:0:10', 8765, 0, 0): b' 3525,16,11,1024,20,768,11,14,7,1,2,-70,4,3011,30537,228,0,0 '
Received from ('fd00::200:0:0:14', 8765, 0, 0): b' 3524,20,16,1280,0,835,9,8,7,1,2,-52,0,362,4165,201,0,0 '
Received from ('fd00::200:0:0:6', 8765, 0, 0): b' 3525,6,3,768,0,871,12,3,7,1,2,-70,0,596,8230,224,0,0 '
Received from ('fd00::200:0:0:13', 8765, 0, 0): b' 3525,19,16,1280,0,852,6,3,7,1,1,-70,0,466,7351,222,0,0 '
Received from ('fd00::200:0:0:4', 8765, 0, 0): b' 3526,4,1,512,0,797,15,4,7,1,1,-66,1,552,6514,234,0,0 '
Received from ('fd00::200:0:0:7', 8765, 0, 0): b' 3526,7,4,768,0,781,11,8,7,1,3,-70,0,296,4740,217,0,0 '
Received from ('fd00::200:0:0:c', 8765, 0, 0): b' 3526,12,11,1024,0,878,13,13,7,1,3,-52,0,473,7474,230,0,0 '
Received from ('fd00::200:0:0:1', 5678, 0, 0): b' 3528,1,0,256,0,25,0,0,4,0,0,0,10,2453,25844,4872,0,0 '
Received from ('fd00::200:0:0:d', 8765, 0, 0): b' 3527,13,8,1024,10,872,11,5,7,1,2,-70,0,435,10189,230,0,0 '
Received from ('fd00::200:0:0:11', 8765, 0, 0): b' 3528,17,16,1280,0,852,7,4,7,1,1,-52,0,614,73214,226,0,0 '
Received from ('fd00::200:0:0:3', 8765, 0, 0): b' 3530,3,1,512,0,772,15,12,7,2,1,-64,10,4781,27773,235,0,0 '
Received from ('fd00::200:0:0:a', 8765, 0, 0): b' 3528,10,11,1024,0,895,9,6,7,1,1,-52,0,386,6026,225,0,0 '
Received from ('fd00::200:0:0:5', 8765, 0, 0): b' 3530,5,1,512,0,793,16,1,6,1,1,-94,1,445,6227,234,0,0 '
Received from ('fd00::200:0:0:b', 8765, 0, 0): b' 3528,11,3,768,20,749,11,15,7,1,1,-95,10,3386,25284,626,1,4 '
Received from ('fd00::200:0:0:f', 8765, 0, 0): b' 3529,15,11,1024,0,850,8,15,7,1,2,-52,0,770,11441,198,0,0 '
Received from ('fd00::200:0:0:12', 8765, 0, 0): b' 3527,18,14,1280,0,862,9,4,5,1,1,-52,0,718,11010,220,0,0 '
Received from ('fd00::200:0:0:6', 8765, 0, 0): b' 3529,6,3,768,0,873,12,3,7,1,2,-70,0,533,4837,224,0,0 '
Received from ('fd00::200:0:0:15', 8765, 0, 0): b' 3528,21,16,1280,0,804,6,3,5,1,1,-70,0,622,6760,227,0,0 '
Received from ('fd00::200:0:0:8', 8765, 0, 0): b' 3530,8,3,768,0,833,12,10,7,1,2,-70,2,981,13446,233,0,0 '
Received from ('fd00::200:0:0:2', 8765, 0, 0): b' 3532,2,1,512,10,846,16,1,6,1,1,-88,0,591,10608,236,0,0 '
Received from ('fd00::200:0:0:13', 8765, 0, 0): b' 3531,19,16,1280,0,853,6,3,7,1,1,-70,0,483,6608,222,0,0 '
Received from ('fd00::200:0:0:e', 8765, 0, 0): b' 3531,14,11,1024,0,821,12,3,7,1,2,-70,1,1442,13070,222,0,0 '
Received from ('fd00::200:0:0:1', 5678, 0, 0): b' 3534,1,0,256,0,25,0,0,4,0,0,0,10,1646,16269,4882,0,0 '
Received from ('fd00::200:0:0:9', 8765, 0, 0): b' 3534,9,5,768,0,842,12,4,7,1,2,-52,0,716,10786,221,0,0 '
Received from ('fd00::200:0:0:4', 8765, 0, 0): b' 3534,4,1,512,0,801,15,4,7,1,1,-66,1,1203,13518,235,0,0 '
Received from ('fd00::200:0:0:14', 8765, 0, 0): b' 3533,20,16,1280,0,841,9,8,7,1,2,-52,0,1188,10559,202,0,0 '
Received from ('fd00::200:0:0:5', 8765, 0, 0): b' 3535,5,1,512,0,794,16,1,6,1,1,-94,1,672,9199,234,0,0 '
Received from ('fd00::200:0:0:c', 8765, 0, 0): b' 3533,12,11,1024,0,879,13,13,7,1,3,-52,0,510,10258,230,0,0 '
Received from ('fd00::200:0:0:a', 8765, 0, 0): b' 3534,10,11,1024,0,897,9,6,7,1,1,-52,0,549,6236,226,0,0 '
Received from ('fd00::200:0:0:12', 8765, 0, 0): b' 3534,18,14,1280,0,864,9,4,5,1,1,-52,0,494,6022,220,0,0 '
Received from ('fd00::200:0:0:8', 8765, 0, 0): b' 3536,8,3,768,0,834,12,10,7,1,2,-70,2,526,8241,233,0,0 '
Received from ('fd00::200:0:0:7', 8765, 0, 0): b' 3536,7,4,768,10,784,11,8,7,1,3,-70,0,829,10589,218,0,0 '
Received from ('fd00::200:0:0:15', 8765, 0, 0): b' 3534,21,16,1280,0,806,6,3,5,1,1,-70,0,521,7846,227,0,0 '
Received from ('fd00::200:0:0:10', 8765, 0, 0): b' 3535,16,11,1024,10,772,11,14,7,1,2,-70,4,3480,30536,229,0,0 '
Received from ('fd00::200:0:0:b', 8765, 0, 0): b' 3537,11,3,768,0,749,11,15,7,1,1,-95,10,4054,28779,628,1,4 '
Received from ('fd00::200:0:0:13', 8765, 0, 0): b' 3536,19,16,1280,0,853,6,3,7,1,1,-70,0,279,5052,222,0,0 '
Received from ('fd00::200:0:0:d', 8765, 0, 0): b' 3538,13,8,1024,0,875,11,5,7,1,2,-70,0,929,13163,230,0,0 '
Received from ('fd00::200:0:0:3', 8765, 0, 0): b' 3540,3,1,512,10,775,15,12,7,2,1,-64,10,5483,31509,235,0,0 '
Received from ('fd00::200:0:0:f', 8765, 0, 0): b' 3538,15,11,1024,0,853,8,15,7,1,2,-52,0,804,9789,199,0,0 '
Received from ('fd00::200:0:0:c', 8765, 0, 0): b' 3538,12,11,1024,0,880,13,13,7,1,3,-52,0,474,5987,231,0,0 '
Received from ('fd00::200:0:0:11', 8765, 0, 0): b' 3538,17,16,1280,0,855,7,4,7,1,1,-52,0,802,10629,227,0,0 '
Received from ('fd00::200:0:0:6', 8765, 0, 0): b' 3539,6,3,768,10,876,12,3,7,1,2,-70,0,775,8894,225,0,0 '
Received from ('fd00::200:0:0:12', 8765, 0, 0): b' 3538,18,14,1280,10,866,9,4,5,1,1,-52,0,759,5060,221,0,0 '
Received from ('fd00::200:0:0:10', 8765, 0, 0): b' 3540,16,11,1024,0,772,11,14,7,1,2,-70,4,1132,12057,229,0,0 '
Received from ('fd00::200:0:0:4', 8765, 0, 0): b' 3542,4,1,512,0,804,15,4,7,1,1,-66,1,981,12240,235,0,0 '
Received from ('fd00::200:0:0:b', 8765, 0, 0): b' 3541,11,3,768,0,749,11,15,7,1,1,-95,10,1969,13704,629,1,4 '
Received from ('fd00::200:0:0:1', 5678, 0, 0): b' 3543,1,0,256,0,25,0,0,4,0,0,0,10,2455,25277,4896,0,0 '
Received from ('fd00::200:0:0:a', 8765, 0, 0): b' 3542,10,11,1024,0,901,9,7,7,1,1,-52,0,759,8312,226,0,0 '
Received from ('fd00::200:0:0:9', 8765, 0, 0): b' 3543,9,5,768,0,844,12,4,7,1,2,-52,0,693,9737,222,0,0 '
Received from ('fd00::200:0:0:2', 8765, 0, 0): b' 3544,2,1,512,0,850,16,1,6,1,1,-88,0,1042,14643,237,0,0 '
Received from ('fd00::200:0:0:14', 8765, 0, 0): b' 3542,20,16,1280,0,843,9,8,7,1,2,-52,0,673,8437,203,0,0 '
Received from ('fd00::200:0:0:5', 8765, 0, 0): b' 3544,5,1,512,0,795,16,1,6,1,1,-94,1,975,14135,235,0,0 '
Received from ('fd00::200:0:0:8', 8765, 0, 0): b' 3544,8,3,768,0,835,12,10,7,1,2,-70,2,1016,14050,234,0,0 '
Received from ('fd00::200:0:0:e', 8765, 0, 0): b' 3543,14,11,1024,0,824,12,3,7,1,2,-70,1,1503,15179,223,0,0 '
Received from ('fd00::200:0:0:12', 8765, 0, 0): b' 3544,18,14,1280,10,868,9,4,5,1,1,-52,0,470,5554,221,0,0 '
Received from ('fd00::200:0:0:7', 8765, 0, 0): b' 3545,7,4,768,0,786,11,8,7,1,3,-70,0,541,8604,218,0,0 '
Received from ('fd00::200:0:0:4', 8765, 0, 0): b' 3547,4,1,512,0,807,15,4,7,1,1,-66,1,1102,9555,236,0,0 '
Received from ('fd00::200:0:0:15', 8765, 0, 0): b' 3545,21,16,1280,0,811,6,3,5,1,1,-70,0,1068,13994,228,0,0 '
Received from ('fd00::200:0:0:c', 8765, 0, 0): b' 3546,12,11,1024,10,882,13,13,7,1,3,-52,0,496,8966,231,0,0 '
Received from ('fd00::200:0:0:d', 8765, 0, 0): b' 3547,13,8,1024,0,878,11,5,7,1,2,-70,0,733,11574,231,0,0 '
Received from ('fd00::200:0:0:10', 8765, 0, 0): b' 3546,16,11,1024,10,773,11,14,7,1,2,-70,4,1548,16810,230,0,0 '
Received from ('fd00::200:0:0:f', 8765, 0, 0): b' 3547,15,11,1024,0,856,8,15,7,1,2,-52,0,778,8711,200,0,0 '
Received from ('fd00::200:0:0:13', 8765, 0, 0): b' 3548,19,16,1280,0,855,6,3,7,1,1,-70,0,718,10995,223,0,0 '
Received from ('fd00::200:0:0:3', 8765, 0, 0): b' 3550,3,1,512,0,776,15,12,7,2,1,-64,10,5424,31510,236,0,0 '
Received from ('fd00::200:0:0:12', 8765, 0, 0): b' 3549,18,14,1280,0,869,9,4,5,1,1,-52,0,387,4600,221,0,0 '
Received from ('fd00::200:0:0:5', 8765, 0, 0): b' 3550,5,1,512,0,797,16,1,6,1,1,-94,1,632,9681,235,0,0 '
Received from ('fd00::200:0:0:a', 8765, 0, 0): b' 3550,10,11,1024,0,902,9,7,7,1,1,-52,0,563,7876,227,0,0 '
Received from ('fd00::200:0:0:6', 8765, 0, 0): b' 3550,6,3,768,0,880,12,3,7,1,2,-70,0,875,11130,225,0,0 '
Received from ('fd00::200:0:0:b', 8765, 0, 0): b' 3552,11,3,768,30,752,11,15,7,1,1,-95,10,4356,32684,632,1,4 '
Received from ('fd00::200:0:0:11', 8765, 0, 0): b' 3550,17,16,1280,0,860,7,4,7,1,1,-52,0,1040,11811,228,0,0 '
Received from ('fd00::200:0:0:e', 8765, 0, 0): b' 3550,14,11,1024,0,825,12,3,7,1,2,-70,1,944,9653,223,0,0 '
Received from ('fd00::200:0:0:2', 8765, 0, 0): b' 3553,2,1,512,0,852,16,1,6,1,1,-88,0,535,10672,237,0,0 '
Received from ('fd00::200:0:0:1', 5678, 0, 0): b' 3554,1,0,256,0,25,0,0,4,0,0,0,10,2816,29904,4911,0,0 '
Received from ('fd00::200:0:0:10', 8765, 0, 0): b' 3552,16,11,1024,0,773,11,14,7,1,2,-70,4,1228,14270,230,0,0 '
Received from ('fd00::200:0:0:8', 8765, 0, 0): b' 3554,8,3,768,10,838,12,10,7,1,2,-70,2,1040,13449,234,0,0 '
Received from ('fd00::200:0:0:9', 8765, 0, 0): b' 3554,9,5,768,0,848,12,4,7,1,2,-52,0,906,10217,223,0,0 '
Received from ('fd00::200:0:0:14', 8765, 0, 0): b' 3552,20,16,1280,0,846,9,8,7,1,2,-52,0,745,9504,203,0,0 '
Received from ('fd00::200:0:0:3', 8765, 0, 0): b' 3557,3,1,512,0,777,15,12,7,2,1,-64,10,3373,19935,237,0,0 '
Received from ('fd00::200:0:0:b', 8765, 0, 0): b' 3557,11,3,768,0,752,11,15,7,1,1,-95,10,1734,13935,633,1,4 '
Received from ('fd00::200:0:0:7', 8765, 0, 0): b' 3557,7,4,768,0,789,11,8,7,1,3,-70,0,823,11382,219,0,0 '
Received from ('fd00::200:0:0:e', 8765, 0, 0): b' 3555,14,11,1024,0,825,12,3,7,1,2,-70,1,448,6636,224,0,0 '
Received from ('fd00::200:0:0:4', 8765, 0, 0): b' 3557,4,1,512,0,810,15,4,7,1,1,-66,1,962,14502,236,0,0 '
Received from ('fd00::200:0:0:d', 8765, 0, 0): b' 3556,13,8,1024,10,879,11,5,7,1,2,-70,0,508,10542,232,0,0 '
Received from ('fd00::200:0:0:c', 8765, 0, 0): b' 3556,12,11,1024,0,884,13,13,7,1,3,-52,0,750,12492,232,0,0 '
Received from ('fd00::200:0:0:14', 8765, 0, 0): b' 3556,20,16,1280,0,848,9,8,7,1,2,-52,0,428,4582,204,0,0 '
Received from ('fd00::200:0:0:f', 8765, 0, 0): b' 3556,15,11,1024,0,860,8,15,7,1,2,-52,0,853,9727,200,0,0 '
Received from ('fd00::200:0:0:2', 8765, 0, 0): b' 3559,2,1,512,0,854,16,1,6,1,1,-88,0,567,7687,238,0,0 '
Received from ('fd00::200:0:0:6', 8765, 0, 0): b' 3559,6,3,768,0,882,12,3,7,1,2,-70,0,572,7692,226,0,0 '
Received from ('fd00::200:0:0:15', 8765, 0, 0): b' 3556,21,16,1280,10,814,6,3,5,1,1,-70,0,804,13376,229,0,0 '
Received from ('fd00::200:0:0:5', 8765, 0, 0): b' 3560,5,1,512,0,801,16,1,6,1,1,-94,1,1410,15792,236,0,0 '
Received from ('fd00::200:0:0:10', 8765, 0, 0): b' 3558,16,11,1024,0,774,11,14,7,1,2,-70,4,1720,15134,230,0,0 '
Received from ('fd00::200:0:0:1', 5678, 0, 0): b' 3561,1,0,256,0,25,0,0,4,0,0,0,10,2091,20925,4926,0,0 '
Received from ('fd00::200:0:0:13', 8765, 0, 0): b' 3558,19,16,1280,0,859,6,3,7,1,1,-70,0,909,9564,224,0,0 '
Received from ('fd00::200:0:0:12', 8765, 0, 0): b' 3559,18,14,1280,0,873,9,4,5,1,1,-52,0,908,9969,222,0,0 '
Received from ('fd00::200:0:0:a', 8765, 0, 0): b' 3559,10,11,1024,0,905,9,7,7,1,1,-52,0,591,8813,228,0,0 '
Received from ('fd00::200:0:0:d', 8765, 0, 0): b' 3563,13,8,1024,0,880,11,5,7,1,2,-70,0,473,7289,232,0,0 '
Received from ('fd00::200:0:0:4', 8765, 0, 0): b' 3563,4,1,512,0,811,15,4,7,1,1,-66,1,755,10521,237,0,0 '
Received from ('fd00::200:0:0:c', 8765, 0, 0): b' 3561,12,11,1024,0,884,13,13,7,1,3,-52,0,259,5392,232,0,0 '
Received from ('fd00::200:0:0:8', 8765, 0, 0): b' 3564,8,3,768,0,843,12,10,7,1,2,-70,2,1691,16671,235,0,0 '
Received from ('fd00::200:0:0:14', 8765, 0, 0): b' 3561,20,16,1280,10,850,9,8,7,1,2,-52,0,386,4970,204,0,0 '
Received from ('fd00::200:0:0:11', 8765, 0, 0): b' 3562,17,16,1280,0,863,7,4,7,1,1,-52,0,828,11240,229,0,0 '
Received from ('fd00::200:0:0:9', 8765, 0, 0): b' 3564,9,5,768,0,852,12,4,7,1,2,-52,0,851,10078,223,0,0 '
Received from ('fd00::200:0:0:e', 8765, 0, 0): b' 3563,14,11,1024,0,827,12,3,7,1,2,-70,1,907,9535,224,0,0 '
Received from ('fd00::200:0:0:5', 8765, 0, 0): b' 3565,5,1,512,0,802,16,1,6,1,1,-94,1,650,7480,236,0,0 '
Received from ('fd00::200:0:0:7', 8765, 0, 0): b' 3565,7,4,768,0,790,11,8,7,1,3,-70,0,562,8744,220,0,0 '
Received from ('fd00::200:0:0:3', 8765, 0, 0): b' 3566,3,1,512,0,778,15,12,7,2,1,-64,10,5348,30365,237,0,0 '
Received from ('fd00::200:0:0:f', 8765, 0, 0): b' 3565,15,11,1024,0,862,8,15,7,1,2,-52,0,598,8766,201,0,0 '
Received from ('fd00::200:0:0:13', 8765, 0, 0): b' 3565,19,16,1280,10,861,6,3,7,1,1,-70,0,493,7148,224,0,0 '
Received from ('fd00::200:0:0:c', 8765, 0, 0): b' 3565,12,11,1024,10,885,13,14,7,1,3,-52,0,342,5526,233,0,0 '
Received from ('fd00::200:0:0:15', 8765, 0, 0): b' 3567,21,16,1280,0,814,6,3,5,1,1,-70,0,455,11290,229,0,0 '
Received from ('fd00::200:0:0:b', 8765, 0, 0): b' 3567,11,3,768,10,755,11,15,7,1,1,-95,10,5736,39447,636,1,4 '
Received from ('fd00::200:0:0:6', 8765, 0, 0): b' 3568,6,3,768,0,885,12,3,7,1,2,-70,0,799,10104,227,0,0 '
Received from ('fd00::200:0:0:12', 8765, 0, 0): b' 3567,18,14,1280,0,874,9,4,5,1,1,-52,0,466,7817,223,0,0 '
Received from ('fd00::200:0:0:d', 8765, 0, 0): b' 3569,13,8,1024,10,883,11,5,7,1,2,-70,0,493,7734,232,0,0 '
Received from ('fd00::200:0:0:14', 8765, 0, 0): b' 3568,20,16,1280,0,852,9,8,7,1,2,-52,0,698,6794,204,0,0 '
Received from ('fd00::200:0:0:10', 8765, 0, 0): b' 3568,16,11,1024,0,778,11,14,7,1,2,-70,4,2705,27115,231,0,0 '
Received from ('fd00::200:0:0:2', 8765, 0, 0): b' 3571,2,1,512,0,858,16,1,6,1,1,-88,0,868,14496,238,0,0 '
Received from ('fd00::200:0:0:4', 8765, 0, 0): b' 3571,4,1,512,0,813,15,4,7,1,1,-66,1,774,11389,237,0,0 '
Received from ('fd00::200:0:0:a', 8765, 0, 0): b' 3568,10,11,1024,0,911,9,7,7,1,1,-52,0,1066,9991,228,0,0 '
Received from ('fd00::200:0:0:e', 8765, 0, 0): b' 3570,14,11,1024,0,829,12,3,7,1,2,-70,1,927,9596,225,0,0 '
Received from ('fd00::200:0:0:1', 5678, 0, 0): b' 3572,1,0,256,0,25,0,0,4,0,0,0,10,2633,28783,4940,0,0 '
Received from ('fd00::200:0:0:9', 8765, 0, 0): b' 3571,9,5,768,0,853,12,4,7,1,2,-52,0,465,7115,224,0,0 '
Received from ('fd00::200:0:0:11', 8765, 0, 0): b' 3569,17,16,1280,0,864,7,4,7,1,1,-52,0,537,6931,229,0,0 '
Received from ('fd00::200:0:0:5', 8765, 0, 0): b' 3573,5,1,512,0,803,16,1,6,1,1,-94,1,826,10809,237,0,0 '
Received from ('fd00::200:0:0:f', 8765, 0, 0): b' 3573,15,11,1024,0,864,8,15,7,1,2,-52,0,494,6817,201,0,0 '
Received from ('fd00::200:0:0:3', 8765, 0, 0): b' 3575,3,1,512,10,779,15,12,7,2,1,-64,10,4501,25033,238,0,0 '
Received from ('fd00::200:0:0:15', 8765, 0, 0): b' 3572,21,16,1280,0,814,6,3,5,1,1,-70,0,336,6646,230,0,0 '
Received from ('fd00::200:0:0:b', 8765, 0, 0): b' 3574,11,3,768,20,757,11,15,7,1,1,-95,10,3203,22103,638,1,4 '
Received from ('fd00::200:0:0:7', 8765, 0, 0): b' 3575,7,4,768,0,791,11,8,7,1,3,-70,0,529,9262,220,0,0 '
Received from ('fd00::200:0:0:8', 8765, 0, 0): b' 3575,8,3,768,0,844,12,10,7,1,2,-70,2,1192,18297,236,0,0 '
Received from ('fd00::200:0:0:10', 8765, 0, 0): b' 3574,16,11,1024,0,782,11,14,7,1,2,-70,4,1819,15131,231,0,0 '
Received from ('fd00::200:0:0:12', 8765, 0, 0): b' 3576,18,14,1280,0,876,9,4,5,1,1,-52,0,583,7429,223,0,0 '
Received from ('fd00::200:0:0:2', 8765, 0, 0): b' 3577,2,1,512,0,859,16,1,6,1,1,-88,0,460,6820,239,0,0 '
Received from ('fd00::200:0:0:11', 8765, 0, 0): b' 3576,17,16,1280,0,867,7,4,7,1,1,-52,0,740,7054,230,0,0 '
Received from ('fd00::200:0:0:a', 8765, 0, 0): b' 3577,10,11,1024,0,911,9,7,7,1,1,-52,0,336,6432,229,0,0 '
Received from ('fd00::200:0:0:6', 8765, 0, 0): b' 3576,6,3,768,10,887,12,3,7,1,2,-70,0,637,8102,227,0,0 '
Received from ('fd00::200:0:0:13', 8765, 0, 0): b' 3576,19,16,1280,0,865,6,3,7,1,1,-70,0,933,10514,225,0,0 '
Received from ('fd00::200:0:0:c', 8765, 0, 0): b' 3577,12,11,1024,0,887,13,14,7,1,3,-52,0,801,13049,233,0,0 '
Received from ('fd00::200:0:0:e', 8765, 0, 0): b' 3578,14,11,1024,0,830,12,3,7,1,2,-70,1,801,8866,225,0,0 '
Received from ('fd00::200:0:0:14', 8765, 0, 0): b' 3579,20,16,1280,0,854,9,8,7,1,2,-52,0,597,9673,205,0,0 '
Received from ('fd00::200:0:0:1', 5678, 0, 0): b' 3580,1,0,256,0,25,0,0,4,0,0,0,10,1963,20198,4951,0,0 '
Received from ('fd00::200:0:0:4', 8765, 0, 0): b' 3580,4,1,512,0,815,15,4,7,1,1,-66,1,1059,14420,238,0,0 '
Received from ('fd00::200:0:0:d', 8765, 0, 0): b' 3581,13,8,1024,0,883,11,5,7,1,2,-70,0,640,13591,233,0,0 '
Received from ('fd00::200:0:0:b', 8765, 0, 0): b' 3580,11,3,768,10,758,11,15,7,1,1,-95,10,2738,20749,640,1,4 '
Received from ('fd00::200:0:0:3', 8765, 0, 0): b' 3582,3,1,512,0,780,15,12,7,2,1,-64,10,3794,21720,238,0,0 '
Received from ('fd00::200:0:0:9', 8765, 0, 0): b' 3581,9,5,768,0,855,12,4,7,1,2,-52,0,636,9158,224,0,0 '
Received from ('fd00::200:0:0:f', 8765, 0, 0): b' 3580,15,11,1024,10,867,8,15,7,1,2,-52,0,671,7333,202,0,0 '
Received from ('fd00::200:0:0:8', 8765, 0, 0): b' 3582,8,3,768,0,846,12,10,7,1,2,-70,2,780,11249,236,0,0 '
Received from ('fd00::200:0:0:5', 8765, 0, 0): b' 3582,5,1,512,20,805,16,1,6,1,1,-94,1,1007,15405,238,0,0 '
Received from ('fd00::200:0:0:15', 8765, 0, 0): b' 3583,21,16,1280,0,817,6,3,5,1,1,-70,0,774,12251,230,0,0 '
Received from ('fd00::200:0:0:7', 8765, 0, 0): b' 3584,7,4,768,0,792,11,8,7,1,3,-70,0,464,8551,221,0,0 '
Received from ('fd00::200:0:0:e', 8765, 0, 0): b' 3582,14,11,1024,0,830,12,3,7,1,2,-70,1,541,7392,226,0,0 '
Received from ('fd00::200:0:0:14', 8765, 0, 0): b' 3584,20,16,1280,0,856,9,8,7,1,2,-52,0,493,5535,205,0,0 '
Received from ('fd00::200:0:0:2', 8765, 0, 0): b' 3585,2,1,512,0,861,16,1,6,1,1,-88,0,612,10516,239,0,0 '
Received from ('fd00::200:0:0:f', 8765, 0, 0): b' 3583,15,11,1024,0,869,8,15,7,1,2,-52,0,482,4385,202,0,0 '
Received from ('fd00::200:0:0:10', 8765, 0, 0): b' 3584,16,11,1024,10,782,11,14,7,1,2,-70,4,2275,26065,232,0,0 '
Received from ('fd00::200:0:0:d', 8765, 0, 0): b' 3586,13,8,1024,0,885,11,5,7,1,2,-70,0,494,7196,233,0,0 '
Received from ('fd00::200:0:0:a', 8765, 0, 0): b' 3584,10,11,1024,0,912,9,7,7,1,1,-52,0,507,7830,229,0,0 '
Received from ('fd00::200:0:0:4', 8765, 0, 0): b' 3587,4,1,512,10,817,15,4,7,1,1,-66,1,696,10700,238,0,0 '
Received from ('fd00::200:0:0:c', 8765, 0, 0): b' 3585,12,11,1024,0,892,13,14,7,1,3,-52,0,926,12213,234,0,0 '
Received from ('fd00::200:0:0:8', 8765, 0, 0): b' 3588,8,3,768,0,847,12,10,7,1,2,-70,2,759,9315,237,0,0 '
Received from ('fd00::200:0:0:12', 8765, 0, 0): b' 3585,18,14,1280,0,879,9,4,5,1,1,-52,0,801,10182,224,0,0 '
Received from ('fd00::200:0:0:6', 8765, 0, 0): b' 3589,6,3,768,0,892,12,3,7,1,2,-70,0,1008,11157,228,0,0 '
Received from ('fd00::200:0:0:e', 8765, 0, 0): b' 3586,14,11,1024,0,830,12,3,7,1,2,-70,1,489,5090,226,0,0 '
Received from ('fd00::200:0:0:15', 8765, 0, 0): b' 3587,21,16,1280,0,818,6,3,5,1,1,-70,0,444,6297,231,0,0 '
Received from ('fd00::200:0:0:9', 8765, 0, 0): b' 3590,9,5,768,0,856,12,4,7,1,2,-52,0,534,8772,225,0,0 '
Received from ('fd00::200:0:0:11', 8765, 0, 0): b' 3589,17,16,1280,0,870,7,4,7,1,1,-52,0,826,11545,231,0,0 '
Received from ('fd00::200:0:0:1', 5678, 0, 0): b' 3591,1,0,256,0,25,0,0,4,0,0,0,10,3014,31557,4967,0,0 '
Received from ('fd00::200:0:0:d', 8765, 0, 0): b' 3591,13,8,1024,0,887,11,5,7,1,2,-70,0,553,6466,234,0,0 '
Received from ('fd00::200:0:0:13', 8765, 0, 0): b' 3587,19,16,1280,0,866,6,3,7,1,1,-70,0,612,11129,226,0,0 '
Received from ('fd00::200:0:0:f', 8765, 0, 0): b' 3589,15,11,1024,10,871,8,15,7,1,2,-52,0,470,4414,203,0,0 '
Received from ('fd00::200:0:0:5', 8765, 0, 0): b' 3591,5,1,512,0,807,16,1,6,1,1,-94,1,1044,14908,238,0,0 '
Received from ('fd00::200:0:0:3', 8765, 0, 0): b' 3593,3,1,512,0,787,15,12,7,2,1,-64,10,6458,34471,239,0,0 '
Received from ('fd00::200:0:0:2', 8765, 0, 0): b' 3592,2,1,512,0,863,16,1,6,1,1,-88,0,585,8835,240,0,0 '
Received from ('fd00::200:0:0:a', 8765, 0, 0): b' 3591,10,11,1024,0,913,9,7,7,1,1,-52,0,466,6808,230,0,0 '
Received from ('fd00::200:0:0:b', 8765, 0, 0): b' 3593,11,3,768,10,762,11,15,7,1,1,-95,10,5513,39491,642,1,4 '
Received from ('fd00::200:0:0:12', 8765, 0, 0): b' 3592,18,14,1280,10,879,9,4,5,1,1,-52,0,378,5783,224,0,0 '
Received from ('fd00::200:0:0:f', 8765, 0, 0): b' 3594,15,11,1024,0,873,8,15,7,1,2,-52,0,552,5478,203,0,0 '
Received from ('fd00::200:0:0:9', 8765, 0, 0): b' 3594,9,5,768,0,858,12,4,7,1,2,-52,0,491,4739,225,0,0 '
Received from ('fd00::200:0:0:7', 8765, 0, 0): b' 3595,7,4,768,0,792,11,8,7,1,3,-70,0,502,10741,222,0,0 '
Received from ('fd00::200:0:0:14', 8765, 0, 0): b' 3593,20,16,1280,20,859,9,8,7,1,2,-52,0,670,8820,206,0,0 '
Received from ('fd00::200:0:0:1', 5678, 0, 0): b' 3596,1,0,256,0,25,0,0,4,0,0,0,10,1129,12521,4974,0,0 '
Received from ('fd00::200:0:0:10', 8765, 0, 0): b' 3595,16,11,1024,0,783,11,14,7,1,2,-70,4,2421,26527,233,0,0 '
Received from ('fd00::200:0:0:e', 8765, 0, 0): b' 3596,14,11,1024,10,831,12,3,7,1,2,-70,1,729,10422,226,0,0 '
Received from ('fd00::200:0:0:8', 8765, 0, 0): b' 3596,8,3,768,0,849,12,10,7,1,2,-70,2,1137,13345,237,0,0 '
Received from ('fd00::200:0:0:5', 8765, 0, 0): b' 3596,5,1,512,0,807,16,1,6,1,1,-94,1,457,6599,238,0,0 '
Received from ('fd00::200:0:0:6', 8765, 0, 0): b' 3597,6,3,768,0,896,12,3,7,1,2,-70,0,732,8022,228,0,0 '
Received from ('fd00::200:0:0:c', 8765, 0, 0): b' 3596,12,11,1024,0,894,13,14,7,1,3,-52,0,636,12189,234,0,0 '
Received from ('fd00::200:0:0:4', 8765, 0, 0): b' 3597,4,1,512,0,821,15,4,7,1,1,-66,1,1526,17055,239,0,0 '
Received from ('fd00::200:0:0:b', 8765, 0, 0): b' 3598,11,3,768,10,764,11,15,7,1,1,-95,10,2442,17406,643,1,4 '
Received from ('fd00::200:0:0:15', 8765, 0, 0): b' 3597,21,16,1280,0,820,6,3,5,1,1,-70,0,545,10705,231,0,0 '
Received from ('fd00::200:0:0:2', 8765, 0, 0): b' 3599,2,1,512,0,867,16,1,6,1,1,-88,0,802,8269,240,0,0 '
